# t CFL KE TKE sensor
1.000000000000000021e-02 5.044164899569895111e-01 9.250138984124658403e-01 nan 5.108772278515982634e+01
2.000000000000000042e-02 5.088044694620251773e-01 9.251254438941318714e-01 nan 3.918430464127448687e+01
2.999999999999999889e-02 4.936365370707472833e-01 9.252705728434076349e-01 nan 3.202504824452739740e+01
4.000000000000000083e-02 4.861105290868137918e-01 9.254220115100808552e-01 nan 2.734816802561730853e+01
5.000000000000000278e-02 4.856079818133128834e-01 9.255676644284331900e-01 nan 2.413335651689867944e+01
5.999999999999999778e-02 4.826243077665087755e-01 9.257104366335415779e-01 nan 2.181831020145454048e+01
7.000000000000000666e-02 4.814533293861228413e-01 9.258518448103190135e-01 nan 2.008011214204860551e+01
8.000000000000000167e-02 4.791672486773277950e-01 9.259901755459014616e-01 nan 1.873186072865665253e+01
8.999999999999999667e-02 4.803242015902535744e-01 9.261208723060555537e-01 nan 1.765443588701282707e+01
1.000000000000000056e-01 4.820168396907637542e-01 9.262417309220447592e-01 nan 1.676200331835247326e+01
1.100000000000000006e-01 4.819038300478675763e-01 9.263532332555290960e-01 nan 1.598876584042511517e+01
1.199999999999999956e-01 4.852778982394678753e-01 9.264563704762842633e-01 nan 1.529460512238856751e+01
1.300000000000000044e-01 4.879266156929895626e-01 9.265530394320519170e-01 nan 1.466099690773945419e+01
1.400000000000000133e-01 4.904368312719142864e-01 9.266464629552402243e-01 nan 1.407590452929435543e+01
1.499999999999999944e-01 4.948884593581505675e-01 9.267401323686865755e-01 nan 1.352318584810284463e+01
1.600000000000000033e-01 4.997252809775543092e-01 9.268368052056394912e-01 nan 1.297958047014778948e+01
1.700000000000000122e-01 5.035547158572476478e-01 9.269380707257963703e-01 nan 1.242407773035905372e+01
1.799999999999999933e-01 5.091475576007293835e-01 9.270444412114332566e-01 nan 1.184909666647938842e+01
1.900000000000000022e-01 5.157833586959621464e-01 9.271565283759286569e-01 nan 1.126129114022584332e+01
2.000000000000000111e-01 5.210763009672191304e-01 9.272751070121243444e-01 nan 1.067600243005836980e+01
2.099999999999999922e-01 5.372395591970978712e-01 9.274013854907817711e-01 nan 1.011243856984166456e+01
2.200000000000000011e-01 5.646774881373123334e-01 9.275369515550213606e-01 nan 9.588514339496521544e+00
2.300000000000000100e-01 5.891852635769563307e-01 9.276825305449500902e-01 nan 9.116298619374072487e+00
2.399999999999999911e-01 6.071348323757155274e-01 9.278370729819269691e-01 nan 8.703636678734930854e+00
2.500000000000000000e-01 6.167130107048417464e-01 9.279976485307876999e-01 nan 8.360285584863852648e+00
2.600000000000000089e-01 6.204692337736130714e-01 9.281602199389926700e-01 nan 8.099833772190645931e+00
2.700000000000000178e-01 6.245194299916612124e-01 9.283206623872641838e-01 nan 7.935520936746554455e+00
2.800000000000000266e-01 6.235362761676984666e-01 9.284754599162854394e-01 nan 7.875330480161914615e+00
2.899999999999999800e-01 6.173031982652089633e-01 9.286219487954917584e-01 nan 7.920451224755362674e+00
2.999999999999999889e-01 6.077289808136849825e-01 9.287582818731210388e-01 nan 8.066846104696706377e+00
3.099999999999999978e-01 5.970557495874205811e-01 9.288833503513371781e-01 nan 8.306104987661161232e+00
3.200000000000000067e-01 5.854358617399321174e-01 9.289967000791246043e-01 nan 8.624271118912595568e+00
3.300000000000000155e-01 5.879747768679000064e-01 9.290985868360057687e-01 nan 9.001310507490611457e+00
3.400000000000000244e-01 5.989540130475945467e-01 9.291899551568745252e-01 nan 9.412873029945457048e+00
3.500000000000000333e-01 6.074561833888544315e-01 9.292720370708020816e-01 nan 9.833489046490152319e+00
3.599999999999999867e-01 6.171932764347077827e-01 9.293458914881831401e-01 nan 1.023945392465921245e+01
3.699999999999999956e-01 6.320472915033674699e-01 9.294123495412043301e-01 nan 1.061084841216819186e+01
3.800000000000000044e-01 6.438745324598288411e-01 9.294722795024592532e-01 nan 1.093274042791207279e+01
3.900000000000000133e-01 6.561622017835622156e-01 9.295267238524307363e-01 nan 1.119552662021543554e+01
4.000000000000000222e-01 6.610586633218131780e-01 9.295768089138229939e-01 nan 1.139430560356615629e+01
4.100000000000000311e-01 6.692779189342134005e-01 9.296236599813796353e-01 nan 1.152786053511950115e+01
4.199999999999999845e-01 6.707989024639984255e-01 9.296684796002521178e-01 nan 1.159769416908934936e+01
4.299999999999999933e-01 6.702298588986546068e-01 9.297127281984836067e-01 nan 1.160717679068920916e+01
4.400000000000000022e-01 6.693179008106805439e-01 9.297581625569628638e-01 nan 1.156088448659994938e+01
4.500000000000000111e-01 6.705135934545652932e-01 9.298066087283731740e-01 nan 1.146412000409850052e+01
4.600000000000000200e-01 6.724070702717070969e-01 9.298597119024393232e-01 nan 1.132266906947655194e+01
4.700000000000000289e-01 6.736008247718899833e-01 9.299188503731449229e-01 nan 1.114281157946947154e+01
4.799999999999999822e-01 6.757556975925012033e-01 9.299850881381603873e-01 nan 1.093133866410188126e+01
4.899999999999999911e-01 6.782299841805541352e-01 9.300591049062388871e-01 nan 1.069536395703315534e+01
5.000000000000000000e-01 6.830729186483160964e-01 9.301411597262467801e-01 nan 1.044207888498790382e+01
5.100000000000000089e-01 6.867580922561733470e-01 9.302310404555953482e-01 nan 1.017858848906868552e+01
5.200000000000000178e-01 6.897964173659314469e-01 9.303280617825215870e-01 nan 9.911780151231248226e+00
5.300000000000000266e-01 6.919340991405900088e-01 9.304312434522282738e-01 nan 9.648150681855803157e+00
5.400000000000000355e-01 6.931043264102418888e-01 9.305394444077750293e-01 nan 9.393729341204691607e+00
5.500000000000000444e-01 6.924665927523238063e-01 9.306514168029696998e-01 nan 9.154168673948607449e+00
5.600000000000000533e-01 6.909539317973433237e-01 9.307657761591274781e-01 nan 8.935029128167814250e+00
5.700000000000000622e-01 6.918836667084619085e-01 9.308808653353550788e-01 nan 8.742120452420248711e+00
5.799999999999999600e-01 6.925657497437930354e-01 9.309947057562258932e-01 nan 8.581651268115953357e+00
5.899999999999999689e-01 6.940756470000661871e-01 9.311050407522952765e-01 nan 8.459818838224409276e+00
5.999999999999999778e-01 6.951861681395485881e-01 9.312094468304117356e-01 nan 8.381463816670368772e+00
6.099999999999999867e-01 6.962808078571727233e-01 9.313054702849510313e-01 nan 8.347843367653229762e+00
6.199999999999999956e-01 6.971672797922636722e-01 9.313906777832312578e-01 nan 8.353813817057378799e+00
6.300000000000000044e-01 6.980278890957214433e-01 9.314627491032282380e-01 nan 8.384774461758736308e+00
6.400000000000000133e-01 6.980264162020501928e-01 9.315199134213615340e-01 nan 8.414758198106159881e+00
6.500000000000000222e-01 6.979264850679947063e-01 9.315613678846860202e-01 nan 8.407864234868069886e+00
6.600000000000000311e-01 6.978492167275881508e-01 9.315875479352937472e-01 nan 8.324365178840103852e+00
6.700000000000000400e-01 6.970494904107606970e-01 9.316002713798150481e-01 nan 8.130370149224427578e+00
6.800000000000000488e-01 6.964517476890509373e-01 9.316026546931699404e-01 nan 7.806318701878349309e+00
6.900000000000000577e-01 6.956300695921141530e-01 9.315989096599093244e-01 nan 7.349681817203902234e+00
7.000000000000000666e-01 6.953117074666378405e-01 9.315940286047851293e-01 nan 6.772159529460390459e+00
7.099999999999999645e-01 6.940142640634024973e-01 9.315934676029162809e-01 nan 6.095218215308269905e+00
7.199999999999999734e-01 6.934478973583242389e-01 9.316028672786531573e-01 nan 5.346134235133945367e+00
7.299999999999999822e-01 6.927162349584988776e-01 9.316277115497187955e-01 nan 4.555808110332749017e+00
7.399999999999999911e-01 6.922094588225020662e-01 9.316727985049031435e-01 nan 3.758486630245703619e+00
7.500000000000000000e-01 6.916214694516832351e-01 9.317416487961236449e-01 nan 2.990898629590678759e+00
7.600000000000000089e-01 6.911806046183983643e-01 9.318361996475373887e-01 nan 2.289139022504243837e+00
7.700000000000000178e-01 6.912405253755088408e-01 9.319569522677039197e-01 nan 1.682299769610011486e+00
7.800000000000000266e-01 6.909860054284659991e-01 9.321034351804664553e-01 nan 1.183916676375405430e+00
7.900000000000000355e-01 6.913467906850649936e-01 9.322746488758058003e-01 nan 7.856201540210315803e-01
8.000000000000000444e-01 6.912916098538183229e-01 9.324691113348484439e-01 nan 4.613066315994441835e-01
8.100000000000000533e-01 6.915416837464074540e-01 9.326846848758351127e-01 nan 1.854314219104524208e-01
8.200000000000000622e-01 7.030003704951588439e-01 9.329186817571036849e-01 nan -4.647724397992977763e-02
8.300000000000000711e-01 7.204493793909406696e-01 9.331682977449483607e-01 nan -2.182118507139891583e-01
8.399999999999999689e-01 7.346317434163075477e-01 9.334308850023878001e-01 nan -3.125530804635734961e-01
8.499999999999999778e-01 7.462465234053293761e-01 9.337039268026361416e-01 nan -3.195039228386662433e-01
8.599999999999999867e-01 7.548255939434653783e-01 9.339850199560109090e-01 nan -2.334056336317187341e-01
8.699999999999999956e-01 7.599373361829248053e-01 9.342718550118864762e-01 nan -5.836362397972710836e-02
8.800000000000000044e-01 7.637112123271627695e-01 9.345622908350865732e-01 nan 1.876932941367084606e-01
8.900000000000000133e-01 7.655817814183215608e-01 9.348544406774241811e-01 nan 4.796268074971474782e-01
9.000000000000000222e-01 7.665315104181065209e-01 9.351465898050212999e-01 nan 7.919050753389272890e-01
9.100000000000000311e-01 7.670169657090166737e-01 9.354370899981651055e-01 nan 1.100810886006461153e+00
9.200000000000000400e-01 7.674915324284402596e-01 9.357243473156725555e-01 nan 1.384928144005681760e+00
9.300000000000000488e-01 7.669492029069679973e-01 9.360069020826715658e-01 nan 1.626262127527261070e+00
9.400000000000000577e-01 7.650858919119750690e-01 9.362834556950501153e-01 nan 1.812215091128538180e+00
9.500000000000000666e-01 7.620537563430568317e-01 9.365528896770393130e-01 nan 1.937819828906732544e+00
9.599999999999999645e-01 7.584167533408762152e-01 9.368143091089967678e-01 nan 2.006705586299338151e+00
9.699999999999999734e-01 7.532955243517280852e-01 9.370669864522286341e-01 nan 2.030767716786817445e+00
9.799999999999999822e-01 7.467530764490073469e-01 9.373102420577055227e-01 nan 2.027425176822112984e+00
9.899999999999999911e-01 7.390854673716275025e-01 9.375433656180239828e-01 nan 2.016966957489645829e+00
1.000000000000000000e+00 7.301979313809856542e-01 9.377655715378379053e-01 nan 2.019896317627588367e+00
1.010000000000000009e+00 7.199596241479859771e-01 9.379760157605976367e-01 nan 2.054854288324570177e+00
1.020000000000000018e+00 7.068567777963877807e-01 9.381738634688334688e-01 nan 2.137049822659399467e+00
1.030000000000000027e+00 6.946924765908977228e-01 9.383583576777829727e-01 nan 2.277226650925402218e+00
1.040000000000000036e+00 6.962210718550628785e-01 9.385288687748523095e-01 nan 2.481069588617605959e+00
1.050000000000000044e+00 6.981494255199647281e-01 9.386849528892340366e-01 nan 2.748917533612465380e+00
1.060000000000000053e+00 6.998308788140029657e-01 9.388263974860343586e-01 nan 3.075949333844020916e+00
1.070000000000000062e+00 7.011008830770119049e-01 9.389532225366186147e-01 nan 3.452630349911759655e+00
1.080000000000000071e+00 7.039339193641844794e-01 9.390656754132971074e-01 nan 3.865723190362394757e+00
1.090000000000000080e+00 7.070304707987253856e-01 9.391642585313252356e-01 nan 4.299138610290163420e+00
1.100000000000000089e+00 7.102931774355158989e-01 9.392497481437436235e-01 nan 4.735178438673517398e+00
1.110000000000000098e+00 7.130164485472431091e-01 9.393231910984309874e-01 nan 5.155700272043310051e+00
1.120000000000000107e+00 7.156080571397994694e-01 9.393858865450164242e-01 nan 5.543178139077139299e+00
1.130000000000000115e+00 7.176441377220992290e-01 9.394393451888726210e-01 nan 5.881583884068025903e+00
1.140000000000000124e+00 7.193636361617531394e-01 9.394852252443269824e-01 nan 6.157248003270277437e+00
1.150000000000000133e+00 7.210725168671462404e-01 9.395252635466235791e-01 nan 6.359944348357061017e+00
1.159999999999999920e+00 7.219461434328084959e-01 9.395612193275434398e-01 nan 6.483903919212564482e+00
1.169999999999999929e+00 7.232407920918875188e-01 9.395948245090259832e-01 nan 6.528669149957468498e+00
1.179999999999999938e+00 7.236219954184759384e-01 9.396277710969889174e-01 nan 6.499361014332030173e+00
1.189999999999999947e+00 7.241154177237233425e-01 9.396616915961335526e-01 nan 6.405859609729463777e+00
1.199999999999999956e+00 7.263125291261227634e-01 9.396981372881518801e-01 nan 6.261174284784372546e+00
1.209999999999999964e+00 7.281873527107288746e-01 9.397385531191446706e-01 nan 6.079487852398023584e+00
1.219999999999999973e+00 7.302218678770033833e-01 9.397842510194786003e-01 nan 5.874371891535912660e+00
1.229999999999999982e+00 7.323590426705854917e-01 9.398363841955711395e-01 nan 5.657537414441589974e+00
1.239999999999999991e+00 7.339632161151500300e-01 9.398959230505150586e-01 nan 5.438230426602866707e+00
1.250000000000000000e+00 7.354380432384148847e-01 9.399636298983639060e-01 nan 5.223166035194474865e+00
1.260000000000000009e+00 7.367313385692610961e-01 9.400400380201755501e-01 nan 5.016783639755645119e+00
1.270000000000000018e+00 7.378958841157169379e-01 9.401254459891397186e-01 nan 4.821581475678336837e+00
1.280000000000000027e+00 7.387347200264515745e-01 9.402199327434709319e-01 nan 4.638363012748663472e+00
1.290000000000000036e+00 7.398481214854004673e-01 9.403233897783277451e-01 nan 4.466329528660560655e+00
1.300000000000000044e+00 7.412282988496182723e-01 9.404355722685533436e-01 nan 4.303076809395545155e+00
1.310000000000000053e+00 7.416102877889734213e-01 9.405561614567635731e-01 nan 4.144598815323168317e+00
1.320000000000000062e+00 7.428661234689610815e-01 9.406848381224650613e-01 nan 3.985396227869322683e+00
1.330000000000000071e+00 7.435119798192628693e-01 9.408213654895933864e-01 nan 3.818754762774596578e+00
1.340000000000000080e+00 7.445370645101935247e-01 9.409656765140090862e-01 nan 3.637149962403582570e+00
1.350000000000000089e+00 7.447317048924986249e-01 9.411179557849218558e-01 nan 3.432904507941433092e+00
1.360000000000000098e+00 7.454607168583458066e-01 9.412787056573701516e-01 nan 3.198928867614677429e+00
1.370000000000000107e+00 7.477616731743866874e-01 9.414487935326346646e-01 nan 2.929557446732717896e+00
1.380000000000000115e+00 7.485051972017642274e-01 9.416294774839485404e-01 nan 2.621406433805140601e+00
1.390000000000000124e+00 7.491061059525222499e-01 9.418224055936134098e-01 nan 2.274142232846786182e+00
1.400000000000000133e+00 7.503466461578632840e-01 9.420295718775898441e-01 nan 1.890957583433727551e+00
1.409999999999999920e+00 7.512393657232354638e-01 9.422532252682329634e-01 nan 1.478569054707932873e+00
1.419999999999999929e+00 7.530349634988990903e-01 9.424957357030483429e-01 nan 1.046554011449177368e+00
1.429999999999999938e+00 7.528797667252427050e-01 9.427594352582334691e-01 nan 6.059144647958629726e-01
1.439999999999999947e+00 7.526643975414432086e-01 9.430464876818127617e-01 nan 1.667592457490094382e-01
1.449999999999999956e+00 7.536031900396545913e-01 9.433588281955386234e-01 nan -2.644704020925411347e-01
1.459999999999999964e+00 7.539886315848316478e-01 9.436981170728619972e-01 nan -6.877401745367367480e-01
1.469999999999999973e+00 7.546053979270178624e-01 9.440656768077193561e-01 nan -1.111275166206895593e+00
1.479999999999999982e+00 7.558539764778844372e-01 9.444624250459086046e-01 nan -1.550470173356935266e+00
1.489999999999999991e+00 7.788798798973463056e-01 9.448888135355354434e-01 nan -2.021644168731732361e+00
1.500000000000000000e+00 8.184145412825765131e-01 9.453448133722190949e-01 nan -2.529814031600774893e+00
1.510000000000000009e+00 8.557046080000357824e-01 9.458299554236516693e-01 nan -3.059178899876006774e+00
1.520000000000000018e+00 8.888478233375627369e-01 9.463432542881129450e-01 nan -3.577542694396728784e+00
1.530000000000000027e+00 9.134687871275725124e-01 9.468829470150422756e-01 nan -4.051045187703396167e+00
1.540000000000000036e+00 9.337139731640988760e-01 9.474465613228642002e-01 nan -4.455721166534921451e+00
1.550000000000000044e+00 9.477084771146453424e-01 9.480313148693266800e-01 nan -4.781330937587640939e+00
1.560000000000000053e+00 9.588126501286396985e-01 9.486343411390052438e-01 nan -5.029716901549245556e+00
1.570000000000000062e+00 9.640695203250647660e-01 9.492528319985507057e-01 nan -5.210991195884707494e+00
1.580000000000000071e+00 9.697719949985672550e-01 9.498841351800356714e-01 nan -5.339999192796755167e+00
1.590000000000000080e+00 9.722174376701904208e-01 9.505257765846624185e-01 nan -5.433931111685915027e+00
1.600000000000000089e+00 9.740010709495799945e-01 9.511754416454499816e-01 nan -5.509882258331220584e+00
1.610000000000000098e+00 9.721927228416500366e-01 9.518309680054524158e-01 nan -5.582465994064492065e+00
1.620000000000000107e+00 9.702893485918342442e-01 9.524905056644071832e-01 nan -5.661942601000049535e+00
1.630000000000000115e+00 9.690165012547169443e-01 9.531526488703232491e-01 nan -5.753678389854657738e+00
1.640000000000000124e+00 9.680958049794047282e-01 9.538162804380726500e-01 nan -5.859036138577235597e+00
1.650000000000000133e+00 9.660945757355982044e-01 9.544803693892220942e-01 nan -5.976363984375669958e+00
1.660000000000000142e+00 9.616946827506341888e-01 9.551438981984244903e-01 nan -6.100511003099841290e+00
1.669999999999999929e+00 9.580727820857833921e-01 9.558060849095568745e-01 nan -6.221334458158422898e+00
1.679999999999999938e+00 9.543467067159819850e-01 9.564664126267500288e-01 nan -6.323278558323278453e+00
1.689999999999999947e+00 9.513358358531660564e-01 9.571243314033344163e-01 nan -6.386827624038346585e+00
1.699999999999999956e+00 9.474762412395120181e-01 9.577789919367361016e-01 nan -6.391742570034004700e+00
1.709999999999999964e+00 9.449523824708907505e-01 9.584295024336308977e-01 nan -6.320717344241818303e+00
1.719999999999999973e+00 9.485079996474905517e-01 9.590751771681841342e-01 nan -6.161867863659193922e+00
1.729999999999999982e+00 9.499213115378394301e-01 9.597154574762229995e-01 nan -5.910041621990896665e+00
1.739999999999999991e+00 9.519716266157575157e-01 9.603497576225363819e-01 nan -5.567537926006555615e+00
1.750000000000000000e+00 9.503022021159061028e-01 9.609774783324794845e-01 nan -5.144135193422844310e+00
1.760000000000000009e+00 9.499813489674308054e-01 9.615980627359812516e-01 nan -4.655938200336814603e+00
1.770000000000000018e+00 9.512902906293481120e-01 9.622109722811258425e-01 nan -4.123166223353995186e+00
1.780000000000000027e+00 9.500259121504891491e-01 9.628156890009629265e-01 nan -3.567442610767545208e+00
1.790000000000000036e+00 9.489026695469303663e-01 9.634116370160201726e-01 nan -3.009761196201530709e+00
1.800000000000000044e+00 9.473275029458266827e-01 9.639983295401156616e-01 nan -2.469359811940674554e+00
1.810000000000000053e+00 9.455749025631826621e-01 9.645754217696836941e-01 nan -1.962741223861653506e+00
1.820000000000000062e+00 9.448099921684864899e-01 9.651425217323041927e-01 nan -1.502706035713710087e+00
1.830000000000000071e+00 9.415713057210178816e-01 9.656991349832626526e-01 nan -1.098107460050898876e+00
1.840000000000000080e+00 9.398737134085232148e-01 9.662448114549417877e-01 nan -7.539158584620181403e-01
1.850000000000000089e+00 9.381043896198325571e-01 9.667791864489428955e-01 nan -4.715531758574717514e-01
1.860000000000000098e+00 9.358377789033452965e-01 9.673018801706859682e-01 nan -2.492824276801221539e-01
1.870000000000000107e+00 9.325998504243948606e-01 9.678124684088077467e-01 nan -8.265853114240775956e-02
1.880000000000000115e+00 9.301784706883983178e-01 9.683106007573154539e-01 nan 3.467250538447477770e-02
1.890000000000000124e+00 9.275955665639579184e-01 9.687960132736110896e-01 nan 1.102398615469529497e-01
1.900000000000000133e+00 9.245847234685841132e-01 9.692683799158615665e-01 nan 1.519236208770911034e-01
1.910000000000000142e+00 9.215238433010066732e-01 9.697272885251307928e-01 nan 1.673363503092436533e-01
1.919999999999999929e+00 9.185010042164047928e-01 9.701723539077369285e-01 nan 1.633695447757165520e-01
1.929999999999999938e+00 9.146263105104743829e-01 9.706033008388363914e-01 nan 1.459597343583565465e-01
1.939999999999999947e+00 9.109824210745298689e-01 9.710199815485289765e-01 nan 1.199440002777590608e-01
1.949999999999999956e+00 9.079108027551234805e-01 9.714221964216742666e-01 nan 8.937131249158616897e-02
1.959999999999999964e+00 9.042484670502514144e-01 9.718096664860181866e-01 nan 5.757750517706641813e-02
1.969999999999999973e+00 8.990977766105056057e-01 9.721821551900079461e-01 nan 2.746385408495427560e-02
1.979999999999999982e+00 8.953319520256518560e-01 9.725394242658295108e-01 nan 1.720454929777986974e-03
1.989999999999999991e+00 8.911108238918753477e-01 9.728813295841778341e-01 nan -1.706381514993754456e-02
2.000000000000000000e+00 8.866295308613423298e-01 9.732077590405027179e-01 nan -2.628257919408386045e-02
2.010000000000000231e+00 8.815164894338995971e-01 9.735185418695212478e-01 nan -2.328684364188046696e-02
2.020000000000000018e+00 8.769547763632975501e-01 9.738134588205291653e-01 nan -5.390892291253807089e-03
2.030000000000000249e+00 8.707658338378400087e-01 9.740923055443055922e-01 nan 3.005967922068931986e-02
2.040000000000000036e+00 8.655626726687911665e-01 9.743549908789664871e-01 nan 8.556344734512592864e-02
2.049999999999999822e+00 8.599827354254859779e-01 9.746014075312364744e-01 nan 1.633284997958181495e-01
2.060000000000000053e+00 8.564617157226402933e-01 9.748313901435317064e-01 nan 2.651134759431648114e-01
2.069999999999999840e+00 8.527635547971945673e-01 9.750447686867294017e-01 nan 3.921115621203276058e-01
2.080000000000000071e+00 8.497706051469204880e-01 9.752413985772977467e-01 nan 5.448800929129710147e-01
2.089999999999999858e+00 8.449603005402658296e-01 9.754212121853471640e-01 nan 7.233551651534914084e-01
2.100000000000000089e+00 8.410652919321440768e-01 9.755841442686892240e-01 nan 9.269198077153103510e-01
2.109999999999999876e+00 8.362067911734866188e-01 9.757300718010812890e-01 nan 1.154525750954527696e+00
2.120000000000000107e+00 8.311654328915607515e-01 9.758588579804907681e-01 nan 1.404830715920360351e+00
2.129999999999999893e+00 8.255448096179017758e-01 9.759704190868637719e-01 nan 1.676430182325418183e+00
2.140000000000000124e+00 8.196221293040928391e-01 9.760647159083566393e-01 nan 1.968106926319202810e+00
2.149999999999999911e+00 8.122628289038312799e-01 9.761416638027630155e-01 nan 2.278669347164607561e+00
2.160000000000000142e+00 8.052191550417722166e-01 9.762011830481798214e-01 nan 2.607424482724998160e+00
2.169999999999999929e+00 7.963534689155510327e-01 9.762432680781928385e-01 nan 2.954119973595897619e+00
2.180000000000000160e+00 7.976220900085108090e-01 9.762679347229952231e-01 nan 3.318914321004371892e+00
2.189999999999999947e+00 7.994180120660002720e-01 9.762751766864753433e-01 nan 3.702111237488381779e+00
2.200000000000000178e+00 8.002164410376816361e-01 9.762649792490984968e-01 nan 4.103725520247707870e+00
2.209999999999999964e+00 8.029656497614530153e-01 9.762373896420886155e-01 nan 4.523089309918588263e+00
2.220000000000000195e+00 8.047591223637530211e-01 9.761925361771297549e-01 nan 4.958274222665226105e+00
2.229999999999999982e+00 8.075339457184776970e-01 9.761306348551364032e-01 nan 5.405817754492431959e+00
2.240000000000000213e+00 8.093551054043595094e-01 9.760520748952334902e-01 nan 5.860612832154012075e+00
2.250000000000000000e+00 8.126077518065948357e-01 9.759574609781137555e-01 nan 6.315974208388670519e+00
2.260000000000000231e+00 8.158056899546082263e-01 9.758475719282666550e-01 nan 6.764025877051166979e+00
2.270000000000000018e+00 8.177539078652648064e-01 9.757233594706280488e-01 nan 7.196721554212385463e+00
2.280000000000000249e+00 8.214083916686777398e-01 9.755859661080631406e-01 nan 7.606964819146054602e+00
2.290000000000000036e+00 8.240921300781131054e-01 9.754366841343459216e-01 nan 7.989370699964589484e+00
2.300000000000000266e+00 8.283498997292139121e-01 9.752768952993439155e-01 nan 8.340663139559106654e+00
2.310000000000000053e+00 8.322623575644974014e-01 9.751080095156161587e-01 nan 8.659602657233044454e+00
2.319999999999999840e+00 8.371443257706366881e-01 9.749314026146799206e-01 nan 8.946528385663324201e+00
2.330000000000000071e+00 8.412911174086621369e-01 9.747483304081019373e-01 nan 9.202797974455672048e+00
2.339999999999999858e+00 8.462224950639181120e-01 9.745598562933074360e-01 nan 9.430310010634688211e+00
2.350000000000000089e+00 8.515271288303380981e-01 9.743668059627628164e-01 nan 9.631191624052874545e+00
2.359999999999999876e+00 8.576241560917940987e-01 9.741697692707808054e-01 nan 9.807658322491503711e+00
2.370000000000000107e+00 8.627412376688265994e-01 9.739691132587636746e-01 nan 9.962017313809383268e+00
2.379999999999999893e+00 8.690335151352028831e-01 9.737650396805508368e-01 nan 1.009672439906337615e+01
2.390000000000000124e+00 8.754889895081774398e-01 9.735576197194616421e-01 nan 1.021440961806329994e+01
2.399999999999999911e+00 8.796867440032497543e-01 9.733468043340476328e-01 nan 1.031783397107144751e+01
2.410000000000000142e+00 8.838676989908040849e-01 9.731324572471216072e-01 nan 1.040977042223330784e+01
2.419999999999999929e+00 8.848041885143818064e-01 9.729143775727497889e-01 nan 1.049285670460054654e+01
2.430000000000000160e+00 8.877240051550987499e-01 9.726923463198029474e-01 nan 1.056946558108536927e+01
2.439999999999999947e+00 8.939711762803234096e-01 9.724661423697966711e-01 nan 1.064161712067111942e+01
2.450000000000000178e+00 8.988557533868444249e-01 9.722355230633843437e-01 nan 1.071093797798377523e+01
2.459999999999999964e+00 9.022144355692867101e-01 9.720002083632384160e-01 nan 1.077866906553330750e+01
2.470000000000000195e+00 9.043659725970234486e-01 9.717598761692424203e-01 nan 1.084570750690728502e+01
2.479999999999999982e+00 9.057600726446630723e-01 9.715141793789059399e-01 nan 1.091266026150218948e+01
2.490000000000000213e+00 9.058877781154295317e-01 9.712627763198319331e-01 nan 1.097989922858515222e+01
2.500000000000000000e+00 9.067019529519531051e-01 9.710053487471275169e-01 nan 1.104760644958827065e+01
2.510000000000000231e+00 9.062441150868274509e-01 9.707415993895276429e-01 nan 1.111580176385785279e+01
2.520000000000000018e+00 9.059090265774619732e-01 9.704712408639458721e-01 nan 1.118434934586603369e+01
2.530000000000000249e+00 9.050090005115917213e-01 9.701939867107846061e-01 nan 1.125294681334846025e+01
2.540000000000000036e+00 9.035283478742283103e-01 9.699095637041648121e-01 nan 1.132110130897753564e+01
2.550000000000000266e+00 9.035787595043746068e-01 9.696177228239368784e-01 nan 1.138810195804575010e+01
2.560000000000000053e+00 9.034672130756286057e-01 9.693182430286541029e-01 nan 1.145299138749592771e+01
2.569999999999999840e+00 9.044517591399836576e-01 9.690109275390602628e-01 nan 1.151453670424930387e+01
2.580000000000000071e+00 9.039174495326688374e-01 9.686956028381645822e-01 nan 1.157119874321293196e+01
2.589999999999999858e+00 9.042866559834983331e-01 9.683721384720347380e-01 nan 1.162109932645599386e+01
2.600000000000000089e+00 9.049849405638774602e-01 9.680404583761221815e-01 nan 1.166198062351065623e+01
2.609999999999999876e+00 9.056321071907973419e-01 9.677005601797563639e-01 nan 1.169117955859662317e+01
2.620000000000000107e+00 9.060537789345404214e-01 9.673525319398239564e-01 nan 1.170560360545270306e+01
2.629999999999999893e+00 9.063795031356194354e-01 9.669965862270442081e-01 nan 1.170172537370165955e+01
2.640000000000000124e+00 9.059363235400540448e-01 9.666330866369808872e-01 nan 1.167560669728288403e+01
2.649999999999999911e+00 9.065258522829564569e-01 9.662625721892309505e-01 nan 1.162297749276586245e+01
2.660000000000000142e+00 9.057894066540658207e-01 9.658857725415702644e-01 nan 1.153941588328611267e+01
2.669999999999999929e+00 9.067006384979886535e-01 9.655036401851778693e-01 nan 1.142049681931317551e+01
2.680000000000000160e+00 9.064183718349849705e-01 9.651173865523465789e-01 nan 1.126224681282990758e+01
2.689999999999999947e+00 9.059495863139775951e-01 9.647285149443363128e-01 nan 1.106162171315508935e+01
2.700000000000000178e+00 9.063060560611140293e-01 9.643388362586731155e-01 nan 1.081705749395201899e+01
2.709999999999999964e+00 9.071471247781599523e-01 9.639504787964112698e-01 nan 1.052910628223174605e+01
2.720000000000000195e+00 9.063604416553578957e-01 9.635658572381347042e-01 nan 1.020094157225576126e+01
2.729999999999999982e+00 9.047140375668107914e-01 9.631875911180065586e-01 nan 9.838721536378649546e+00
2.740000000000000213e+00 9.040413529724146136e-01 9.628183741689673170e-01 nan 9.451678572115232768e+00
2.750000000000000000e+00 9.050083163812332465e-01 9.624608253772448663e-01 nan 9.051782126640340209e+00
2.760000000000000231e+00 9.045758336252651688e-01 9.621173444406797559e-01 nan 8.652839289179080851e+00
2.770000000000000018e+00 9.025614987752570428e-01 9.617899788556781848e-01 nan 8.268546913400218301e+00
2.780000000000000249e+00 9.024323555170616906e-01 9.614803432861690480e-01 nan 7.909982924942415394e+00
2.790000000000000036e+00 9.018701566966028649e-01 9.611895696583676596e-01 nan 7.583083767703314493e+00
2.800000000000000266e+00 9.014447755927684769e-01 9.609182677598187006e-01 nan 7.287686647300743559e+00
2.810000000000000053e+00 9.017179934307969491e-01 9.606664462836942420e-01 nan 7.020139454377256172e+00
2.819999999999999840e+00 9.008312029179561531e-01 9.604334578899187402e-01 nan 6.778815010369418914e+00
2.830000000000000071e+00 9.003799126267677533e-01 9.602180811544122063e-01 nan 6.567916893889731433e+00
2.839999999999999858e+00 9.009267677577685873e-01 9.600188000866665128e-01 nan 6.394670006402852991e+00
2.850000000000000089e+00 9.000518525159975081e-01 9.598341556778209327e-01 nan 6.262751339836925446e+00
2.859999999999999876e+00 8.990158326261726840e-01 9.596629750416696414e-01 nan 6.170209392719287145e+00
2.870000000000000107e+00 8.985822680289659026e-01 9.595043902542216285e-01 nan 6.112701109517223230e+00
2.879999999999999893e+00 8.979086301464284103e-01 9.593577740193617309e-01 nan 6.085215388676633808e+00
2.890000000000000124e+00 8.979193412779202799e-01 9.592226894674401594e-01 nan 6.080227230377541758e+00
2.899999999999999911e+00 8.972472571501466376e-01 9.590988489427714203e-01 nan 6.086209074891497650e+00
2.910000000000000142e+00 8.973688698216228943e-01 9.589860457832806162e-01 nan 6.088878127840223975e+00
2.919999999999999929e+00 8.978660769172355227e-01 9.588841046603198137e-01 nan 6.073930890099786595e+00
2.930000000000000160e+00 8.980149558488877970e-01 9.587928564308914048e-01 nan 6.029314851491395899e+00
2.939999999999999947e+00 8.988831601246438652e-01 9.587121358008392491e-01 nan 5.946516360839368076e+00
2.950000000000000178e+00 8.985947689543307693e-01 9.586417756263554413e-01 nan 5.821039815647522708e+00
2.959999999999999964e+00 8.993822360712954156e-01 9.585816023124170693e-01 nan 5.652241392965910549e+00
2.970000000000000195e+00 8.997223583971896144e-01 9.585314434341860590e-01 nan 5.442635101648296114e+00
2.979999999999999982e+00 9.005888182334437220e-01 9.584911324993194981e-01 nan 5.196969162222404570e+00
2.990000000000000213e+00 9.005125241900989730e-01 9.584604874557814957e-01 nan 4.921292542046876939e+00
3.000000000000000000e+00 9.014788318190298799e-01 9.584392931979158758e-01 nan 4.622198774251836006e+00
3.010000000000000231e+00 9.012331135208132560e-01 9.584273217349614793e-01 nan 4.306069968060863395e+00
3.020000000000000018e+00 9.021375223477766658e-01 9.584243644273158225e-01 nan 3.978605777201941418e+00
3.030000000000000249e+00 9.018788892001528001e-01 9.584302434835539897e-01 nan 3.644572888649671771e+00
3.040000000000000036e+00 9.020041310446990090e-01 9.584447899716252994e-01 nan 3.307724645918301842e+00
3.050000000000000266e+00 9.021425725997762601e-01 9.584678334814309419e-01 nan 2.970848745179322403e+00
3.060000000000000053e+00 9.001054658797759123e-01 9.584992120565042351e-01 nan 2.635910678624219461e+00
3.070000000000000284e+00 9.001205894516259853e-01 9.585387712787918346e-01 nan 2.304197161842463704e+00
3.080000000000000071e+00 9.009092480870800612e-01 9.585863576847095668e-01 nan 1.976589783529562050e+00
3.089999999999999858e+00 9.010208701126868336e-01 9.586418118962455326e-01 nan 1.653752167653127936e+00
3.100000000000000089e+00 9.014025401483696243e-01 9.587049562654129664e-01 nan 1.336114963495637076e+00
3.109999999999999876e+00 9.007876308823073996e-01 9.587755895977470022e-01 nan 1.024086779119057100e+00
3.120000000000000107e+00 9.006110545212474561e-01 9.588535050987806452e-01 nan 7.182171235508688634e-01
3.129999999999999893e+00 8.998583513303469728e-01 9.589384916710953499e-01 nan 4.189778663146457305e-01
3.140000000000000124e+00 8.981008828781492648e-01 9.590303271877823610e-01 nan 1.268244502971976884e-01
3.149999999999999911e+00 8.972968227024988863e-01 9.591287830793187030e-01 nan -1.575359339394360736e-01
3.160000000000000142e+00 8.954481519436530146e-01 9.592336243225310088e-01 nan -4.333861556890963307e-01
3.169999999999999929e+00 8.949643057571849969e-01 9.593445912100979633e-01 nan -7.000380216682667855e-01
3.180000000000000160e+00 8.941705405740597579e-01 9.594613753486295193e-01 nan -9.567763940017969260e-01
3.189999999999999947e+00 8.931040802871895723e-01 9.595836352411073467e-01 nan -1.202932679737479971e+00
3.200000000000000178e+00 8.921894176179155922e-01 9.597110189940294411e-01 nan -1.437840543705109386e+00
3.209999999999999964e+00 8.901761039157650712e-01 9.598431537521728840e-01 nan -1.660979311337003717e+00
3.220000000000000195e+00 8.873604170826143722e-01 9.599796251533986302e-01 nan -1.871726503187043589e+00
3.229999999999999982e+00 8.850946648663444716e-01 9.601199858156386213e-01 nan -2.069497415907303850e+00
3.240000000000000213e+00 8.831382927844013686e-01 9.602637815199617233e-01 nan -2.253755558244677548e+00
3.250000000000000000e+00 8.806524302717344543e-01 9.604105609116162512e-01 nan -2.424013169468844264e+00
3.260000000000000231e+00 8.768375539485037118e-01 9.605598699621127334e-01 nan -2.579842946990521746e+00
3.270000000000000018e+00 8.730338061288897000e-01 9.607112434519762267e-01 nan -2.720779359030855549e+00
3.280000000000000249e+00 8.694988969772177168e-01 9.608641950505907303e-01 nan -2.846376301060648650e+00
3.290000000000000036e+00 8.671460416397654969e-01 9.610182278116641275e-01 nan -2.956190734962700351e+00
3.300000000000000266e+00 8.686036404036225900e-01 9.611728752243134943e-01 nan -3.049747015103117853e+00
3.310000000000000053e+00 8.677710305779012812e-01 9.613277232804178229e-01 nan -3.126602727878816879e+00
3.320000000000000284e+00 8.667690865842549997e-01 9.614823901212130597e-01 nan -3.186271558783797087e+00
3.330000000000000071e+00 8.660644233427675642e-01 9.616365080170257151e-01 nan -3.228258864042070631e+00
3.339999999999999858e+00 8.657102164826131485e-01 9.617897414288302249e-01 nan -3.252086600965045093e+00
3.350000000000000089e+00 8.653636116902506670e-01 9.619418271652300234e-01 nan -3.257295023064482375e+00
3.359999999999999876e+00 8.621208507323262493e-01 9.620926003731321563e-01 nan -3.243454428859332772e+00
3.370000000000000107e+00 8.603149688874072165e-01 9.622419797941020869e-01 nan -3.210168845641493185e+00
3.379999999999999893e+00 8.587974363940098499e-01 9.623899439071024187e-01 nan -3.157068609518833835e+00
3.390000000000000124e+00 8.569740425290464092e-01 9.625365245426897864e-01 nan -3.083831524668786184e+00
3.399999999999999911e+00 8.546724051879857065e-01 9.626818117900429739e-01 nan -2.990222225465219541e+00
3.410000000000000142e+00 8.495588360046055776e-01 9.628259453429495185e-01 nan -2.876109364727139628e+00
3.419999999999999929e+00 8.461357656450435583e-01 9.629690605889391630e-01 nan -2.741488484056017860e+00
3.430000000000000160e+00 8.437479768541916725e-01 9.631112368470492457e-01 nan -2.586514874721187685e+00
3.439999999999999947e+00 8.387844091528210422e-01 9.632524888538058772e-01 nan -2.411549919074263748e+00
3.450000000000000178e+00 8.367745237605681563e-01 9.633927606899304052e-01 nan -2.217183690963798082e+00
3.459999999999999964e+00 8.335944876421167438e-01 9.635319092940787256e-01 nan -2.004278719205506487e+00
3.470000000000000195e+00 8.311491783291691249e-01 9.636697121945928535e-01 nan -1.774012180830465413e+00
3.479999999999999982e+00 8.279663808500523636e-01 9.638058952473829155e-01 nan -1.527909181750275902e+00
3.490000000000000213e+00 8.253759222715867372e-01 9.639401311789976834e-01 nan -1.267873568545251795e+00
3.500000000000000000e+00 8.215021071507465633e-01 9.640720396611875964e-01 nan -9.961563581371026821e-01
3.510000000000000231e+00 8.177041175984698373e-01 9.642012281997096590e-01 nan -7.153491455274229027e-01
3.520000000000000018e+00 8.145577475965991576e-01 9.643273373441674234e-01 nan -4.284975871945931325e-01
3.530000000000000249e+00 8.106792972627535621e-01 9.644500689697319551e-01 nan -1.388387614094899192e-01
3.540000000000000036e+00 8.091888477233822874e-01 9.645691857192713048e-01 nan 1.503192091502338346e-01
3.550000000000000266e+00 8.065332492254990715e-01 9.646844945624022394e-01 nan 4.357031823243392443e-01
3.560000000000000053e+00 8.058708273605343919e-01 9.647958285930959832e-01 nan 7.143374043717314326e-01
3.570000000000000284e+00 8.058257039848498726e-01 9.649030339501427633e-01 nan 9.837574258754646639e-01
3.580000000000000071e+00 8.053109938565979897e-01 9.650059538540769477e-01 nan 1.242182904792893172e+00
3.589999999999999858e+00 8.058187884706849990e-01 9.651044024066306459e-01 nan 1.488710486759874607e+00
3.600000000000000089e+00 8.059340010784764585e-01 9.651981233786740555e-01 nan 1.723380937932166956e+00
3.609999999999999876e+00 8.053183786729792848e-01 9.652867575848363968e-01 nan 1.947204730111506965e+00
3.620000000000000107e+00 8.057981753447950313e-01 9.653698371028801573e-01 nan 2.162136222362532667e+00
3.629999999999999893e+00 8.042503655592176948e-01 9.654468078205339365e-01 nan 2.371112352306652404e+00
3.640000000000000124e+00 8.027778500371702819e-01 9.655170429899564422e-01 nan 2.577875123139136804e+00
3.649999999999999911e+00 8.004453337763529630e-01 9.655798560841243328e-01 nan 2.786854935972256531e+00
3.660000000000000142e+00 7.990512090813864932e-01 9.656345130075605354e-01 nan 3.002923335469056543e+00
3.669999999999999929e+00 7.951332559597754646e-01 9.656802504356799544e-01 nan 3.231093538536145449e+00
3.680000000000000160e+00 7.883735324851441906e-01 9.657163076281928271e-01 nan 3.476148533774622962e+00
3.689999999999999947e+00 7.815817296496373467e-01 9.657419589087200551e-01 nan 3.742327733516009225e+00
3.700000000000000178e+00 7.732368200251620305e-01 9.657565185662794205e-01 nan 4.033124715377178759e+00
3.709999999999999964e+00 7.665121671521013536e-01 9.657593368565267067e-01 nan 4.351115419073781077e+00
3.720000000000000195e+00 7.633105571301546100e-01 9.657498152751219367e-01 nan 4.697913521237585321e+00
3.729999999999999982e+00 7.595014469754127751e-01 9.657274256910124421e-01 nan 5.074099424799842772e+00
3.740000000000000213e+00 7.609581916438145077e-01 9.656917219610108294e-01 nan 5.479344085345833726e+00
3.750000000000000000e+00 7.659254736634638627e-01 9.656423429343637954e-01 nan 5.912443024671349079e+00
3.760000000000000231e+00 7.692895104316954669e-01 9.655790213112056541e-01 nan 6.371244641923085261e+00
3.770000000000000018e+00 7.723723874504346831e-01 9.655015824460623231e-01 nan 6.852633634827009601e+00
3.780000000000000249e+00 7.757877279185088071e-01 9.654099504555710975e-01 nan 7.352509586790731966e+00
3.790000000000000036e+00 7.779572197124197119e-01 9.653041714682568664e-01 nan 7.865592285591853638e+00
3.800000000000000266e+00 7.810834862200801698e-01 9.651844283981219075e-01 nan 8.385587887300600229e+00
3.810000000000000053e+00 7.841782324723673980e-01 9.650510650241941324e-01 nan 8.905245026121777485e+00
3.820000000000000284e+00 7.886341441878076397e-01 9.649046000700307602e-01 nan 9.416481831515156387e+00
3.830000000000000071e+00 7.923302263903131415e-01 9.647457324387296307e-01 nan 9.910763696204638151e+00
3.839999999999999858e+00 7.983074103206327932e-01 9.645753497585267677e-01 nan 1.037949515869680539e+01
3.850000000000000089e+00 8.036550745386397132e-01 9.643945319677128536e-01 nan 1.081444758428278341e+01
3.859999999999999876e+00 8.097142910939746363e-01 9.642045503989847832e-01 nan 1.120819118382955182e+01
3.870000000000000107e+00 8.152200415633445996e-01 9.640068542180388889e-01 nan 1.155445963626971562e+01
3.879999999999999893e+00 8.196175554895495097e-01 9.638030520796520006e-01 nan 1.184840613674540677e+01
3.890000000000000124e+00 8.243667331153111677e-01 9.635948813561282522e-01 nan 1.208674692318833621e+01
3.899999999999999911e+00 8.291256217455528210e-01 9.633841675071839195e-01 nan 1.226774833397542430e+01
3.910000000000000142e+00 8.322010512990276609e-01 9.631727717031390856e-01 nan 1.239110488087672479e+01
3.919999999999999929e+00 8.357154834679508815e-01 9.629625290644369118e-01 nan 1.245778437328553778e+01
3.930000000000000160e+00 8.380765117696488131e-01 9.627551827384390748e-01 nan 1.246983594680929741e+01
3.939999999999999947e+00 8.393447476593637324e-01 9.625523278663492555e-01 nan 1.243018176855954238e+01
3.950000000000000178e+00 8.408525390007428602e-01 9.623553712056471809e-01 nan 1.234240766877404205e+01
3.959999999999999964e+00 8.415785411673802896e-01 9.621655075276958069e-01 nan 1.221056190910407580e+01
3.970000000000000195e+00 8.426015116106023717e-01 9.619837087499972794e-01 nan 1.203897740955947171e+01
3.979999999999999982e+00 8.433452707000620441e-01 9.618107218583969997e-01 nan 1.183213844908906154e+01
3.990000000000000213e+00 8.445148379992355459e-01 9.616470742931423343e-01 nan 1.159458052590311894e+01
4.000000000000000000e+00 8.459154914904581934e-01 9.614930905927286942e-01 nan 1.133082122319470031e+01
4.009999999999999787e+00 8.459970104715702766e-01 9.613489192053863430e-01 nan 1.104530319398804750e+01
4.020000000000000462e+00 8.463620924252820421e-01 9.612145637174975832e-01 nan 1.074232848792975403e+01
4.030000000000000249e+00 8.456919419524902004e-01 9.610899138585509149e-01 nan 1.042598097761820597e+01
4.040000000000000036e+00 8.437027185123536777e-01 9.609747759242460718e-01 nan 1.010004354154547634e+01
4.049999999999999822e+00 8.406113933804151284e-01 9.608688994045494480e-01 nan 9.767918702387101249e+00
4.060000000000000497e+00 8.401648570366878621e-01 9.607720003510922258e-01 nan 9.432574463753054417e+00
4.070000000000000284e+00 8.392569581073605622e-01 9.606837784979649353e-01 nan 9.096535492175325643e+00
4.080000000000000071e+00 8.416974508711582148e-01 9.606039303094896509e-01 nan 8.761901779518765920e+00
4.089999999999999858e+00 8.441590896047649339e-01 9.605321550021881372e-01 nan 8.430394062124557664e+00
4.099999999999999645e+00 8.456961459955530946e-01 9.604681547023150578e-01 nan 8.103413657727104535e+00
4.110000000000000320e+00 8.459981203874530342e-01 9.604116353503885373e-01 nan 7.782107596505346336e+00
4.120000000000000107e+00 8.446476305542731655e-01 9.603623065538551273e-01 nan 7.467441388637397814e+00
4.129999999999999893e+00 8.424680517313498651e-01 9.603198709338732764e-01 nan 7.160243096178355415e+00
4.139999999999999680e+00 8.395123010598123381e-01 9.602840094779988567e-01 nan 6.861274102202616909e+00
4.150000000000000355e+00 8.355989602982399900e-01 9.602543747878111713e-01 nan 6.571298084366103964e+00
4.160000000000000142e+00 8.315512939718935348e-01 9.602305919567700743e-01 nan 6.291118535599260930e+00
4.169999999999999929e+00 8.279929866215377521e-01 9.602122577552186788e-01 nan 6.021638387267141290e+00
4.179999999999999716e+00 8.230412049722859447e-01 9.601989317923224077e-01 nan 5.763886346248563441e+00
4.190000000000000391e+00 8.197949407014554213e-01 9.601901274301620770e-01 nan 5.519025791322129670e+00
4.200000000000000178e+00 8.203010475584183725e-01 9.601853101032139515e-01 nan 5.288335622792573965e+00
4.209999999999999964e+00 8.204642159336807961e-01 9.601839073321574158e-01 nan 5.073199739093728233e+00
4.219999999999999751e+00 8.183112459187661392e-01 9.601853239876652069e-01 nan 4.875073339147366625e+00
4.230000000000000426e+00 8.157990939624674143e-01 9.601889570857299327e-01 nan 4.695424208456393522e+00
4.240000000000000213e+00 8.122297180590222210e-01 9.601942142322223983e-01 nan 4.535666254568267775e+00
4.250000000000000000e+00 8.086157016029700273e-01 9.602005363329766396e-01 nan 4.397096114868584316e+00
4.259999999999999787e+00 8.035971961768971772e-01 9.602074260398436589e-01 nan 4.280831361867679874e+00
4.270000000000000462e+00 7.973443718547630343e-01 9.602144735080268001e-01 nan 4.187736147396258879e+00
4.280000000000000249e+00 7.904888081862491145e-01 9.602213794710499073e-01 nan 4.118382021902121437e+00
4.290000000000000036e+00 7.828331853678449637e-01 9.602279686576093987e-01 nan 4.073022917008638721e+00
4.299999999999999822e+00 7.788306443047249283e-01 9.602341896929355025e-01 nan 4.051585115971638729e+00
4.310000000000000497e+00 7.762504230805320482e-01 9.602401014595252082e-01 nan 4.053680438334974490e+00
4.320000000000000284e+00 7.722716771206034059e-01 9.602458459722774675e-01 nan 4.078645200244099378e+00
4.330000000000000071e+00 7.673467376842503240e-01 9.602516099968857466e-01 nan 4.125591379629661937e+00
4.339999999999999858e+00 7.619746667706549514e-01 9.602575698406772275e-01 nan 4.193444564798304519e+00
4.350000000000000533e+00 7.616699600683057847e-01 9.602638169504521537e-01 nan 4.281005183274144699e+00
4.360000000000000320e+00 7.609686933030174183e-01 9.602702763308172962e-01 nan 4.386994559697083851e+00
4.370000000000000107e+00 7.609827250927314601e-01 9.602766368201437475e-01 nan 4.510086275599666905e+00
4.379999999999999893e+00 7.606938639629974297e-01 9.602823149005875747e-01 nan 4.648920829391711251e+00
4.389999999999999680e+00 7.600076518677147952e-01 9.602864468960103927e-01 nan 4.802097300186605189e+00
4.400000000000000355e+00 7.591355046180648936e-01 9.602879297201014630e-01 nan 4.968075109772866149e+00
4.410000000000000142e+00 7.582804860299804384e-01 9.602854872265822461e-01 nan 5.145123670467950383e+00
4.419999999999999929e+00 7.566013435986291835e-01 9.602777584860789917e-01 nan 5.331282292709750514e+00
4.429999999999999716e+00 7.539850613941674329e-01 9.602633927289002669e-01 nan 5.524265761672886299e+00
4.440000000000000391e+00 7.507409505257187643e-01 9.602411423608643304e-01 nan 5.721358604046664631e+00
4.450000000000000178e+00 7.470963078808866564e-01 9.602099401147158320e-01 nan 5.919294854334263611e+00
4.459999999999999964e+00 7.436315125142637372e-01 9.601689579707146649e-01 nan 6.114177572064990684e+00
4.469999999999999751e+00 7.395547270747567792e-01 9.601176462973813885e-01 nan 6.301401104325361935e+00
4.480000000000000426e+00 7.346422899998069633e-01 9.600557565365097634e-01 nan 6.475623018264133002e+00
4.490000000000000213e+00 7.294354556562100411e-01 9.599833580282837175e-01 nan 6.630873971202429829e+00
4.500000000000000000e+00 7.240945884382982145e-01 9.599008350549945723e-01 nan 6.760871055803300500e+00
4.509999999999999787e+00 7.179075386453599439e-01 9.598088791289639543e-01 nan 6.859529851036055170e+00
4.520000000000000462e+00 7.164286624234538214e-01 9.597084761259809804e-01 nan 6.921598104241394545e+00
4.530000000000000249e+00 7.157022245659320214e-01 9.596008839631856580e-01 nan 6.943286933255748750e+00
4.540000000000000036e+00 7.143264258557028290e-01 9.594876002525363212e-01 nan 6.922751555102795606e+00
4.549999999999999822e+00 7.135385332830551652e-01 9.593703194097913389e-01 nan 6.860339345436027969e+00
4.560000000000000497e+00 7.120877823684642616e-01 9.592508769534111579e-01 nan 6.758614603763812845e+00
4.570000000000000284e+00 7.102316158345034491e-01 9.591311847649603983e-01 nan 6.622170349332999528e+00
4.580000000000000071e+00 7.078342759031271969e-01 9.590131602262722543e-01 nan 6.457282850638399019e+00
4.589999999999999858e+00 7.057855942572035524e-01 9.588986561740999726e-01 nan 6.271456637154422253e+00
4.600000000000000533e+00 7.055764586810684413e-01 9.587893982693468375e-01 nan 6.072905791156375521e+00
4.610000000000000320e+00 7.056578016454062574e-01 9.586869351650614268e-01 nan 5.870021575067770669e+00
4.620000000000000107e+00 7.062898447453382911e-01 9.585926044909488519e-01 nan 5.670872014288610430e+00
4.629999999999999893e+00 7.069069097339800711e-01 9.585075137086007668e-01 nan 5.482769573408958763e+00
4.639999999999999680e+00 7.075245181237580505e-01 9.584325337517198840e-01 nan 5.311930338018803432e+00
4.650000000000000355e+00 7.082410912307229856e-01 9.583683014601711569e-01 nan 5.163235790482672449e+00
4.660000000000000142e+00 7.091669795213899619e-01 9.583152289063234797e-01 nan 5.040107674438467633e+00
4.669999999999999929e+00 7.101036912225567876e-01 9.582735187700692769e-01 nan 4.944492875228067241e+00
4.679999999999999716e+00 7.111350154672618773e-01 9.582431832808722127e-01 nan 4.876943314345200342e+00
4.690000000000000391e+00 7.122289241737007615e-01 9.582240619154772654e-01 nan 4.836774307322842859e+00
4.700000000000000178e+00 7.132958937954013701e-01 9.582158353795791061e-01 nan 4.822260222246308459e+00
4.709999999999999964e+00 7.143529358314316680e-01 9.582180414895455911e-01 nan 4.830785713241672497e+00
4.719999999999999751e+00 7.153895410067153682e-01 9.582300918750448204e-01 nan 4.858941380111217789e+00
4.730000000000000426e+00 7.163319573165805032e-01 9.582512947626080635e-01 nan 4.902548527995684857e+00
4.740000000000000213e+00 7.171390185481569812e-01 9.582808805545205422e-01 nan 4.956794689941444787e+00
4.750000000000000000e+00 7.178276252180363359e-01 9.583180220978897434e-01 nan 5.016609553724348913e+00
4.759999999999999787e+00 7.183737269729493224e-01 9.583618438790992844e-01 nan 5.077296311012625019e+00
4.770000000000000462e+00 7.187495948753828134e-01 9.584114198002788854e-01 nan 5.135220340358902291e+00
4.780000000000000249e+00 7.189515862228277321e-01 9.584657682651445132e-01 nan 5.188253361987077206e+00
4.790000000000000036e+00 7.191279652965408831e-01 9.585238525718373648e-01 nan 5.235833831099574454e+00
4.799999999999999822e+00 7.199949354360593023e-01 9.585845917197164390e-01 nan 5.278727956194565252e+00
4.810000000000000497e+00 7.210281603884709511e-01 9.586468760346884554e-01 nan 5.318654128079040255e+00
4.820000000000000284e+00 7.220677455259087996e-01 9.587095841102165616e-01 nan 5.357944501780666613e+00
4.830000000000000071e+00 7.229408897098570375e-01 9.587715973782517942e-01 nan 5.399283986467792396e+00
4.839999999999999858e+00 7.236225087120859989e-01 9.588318147709835593e-01 nan 5.445496168848152685e+00
4.850000000000000533e+00 7.240553016915721729e-01 9.588891670082716479e-01 nan 5.499407262724403722e+00
4.860000000000000320e+00 7.242359770796468199e-01 9.589426278118307057e-01 nan 5.563767524606899606e+00
4.870000000000000107e+00 7.243723293368876659e-01 9.589912214742597474e-01 nan 5.641202502403130481e+00
4.879999999999999893e+00 7.243367621225211828e-01 9.590340262146902495e-01 nan 5.734162826975733651e+00
4.889999999999999680e+00 7.241989484369391050e-01 9.590701750067813780e-01 nan 5.844863967827092388e+00
4.900000000000000355e+00 7.242787810060621334e-01 9.590988556183855929e-01 nan 5.975278250611220088e+00
4.910000000000000142e+00 7.244993345079723257e-01 9.591193076074734369e-01 nan 6.127099544791213326e+00
4.919999999999999929e+00 7.248796542008404398e-01 9.591308144069976560e-01 nan 6.301678546842818029e+00
4.929999999999999716e+00 7.250373907764654513e-01 9.591326898900812692e-01 nan 6.499919319936764417e+00
4.940000000000000391e+00 7.250347675830244309e-01 9.591242678462182925e-01 nan 6.722082275657672135e+00
4.950000000000000178e+00 7.252493707506245668e-01 9.591048900544676403e-01 nan 6.967455253641070989e+00
4.959999999999999964e+00 7.261793383415183767e-01 9.590739069329682343e-01 nan 7.234034367333395110e+00
4.969999999999999751e+00 7.271163393356888660e-01 9.590306857989494560e-01 nan 7.518258175757700279e+00
4.980000000000000426e+00 7.275953985490158926e-01 9.589746262120347753e-01 nan 7.815192868383323166e+00
4.990000000000000213e+00 7.279779146089311315e-01 9.589051959917602730e-01 nan 8.118903379741210458e+00
5.000000000000000000e+00 7.279806603247970243e-01 9.588219820035854823e-01 nan 8.422841401145699791e+00
5.009999999999999787e+00 7.276610898583699694e-01 9.587247451334270920e-01 nan 8.720084693470457893e+00
5.020000000000000462e+00 7.271592237419625127e-01 9.586134707475597594e-01 nan 9.003387169357175424e+00
5.030000000000000249e+00 7.267369519172028891e-01 9.584884104889073164e-01 nan 9.265246035409361980e+00
5.040000000000000036e+00 7.270495883385151847e-01 9.583501137058980657e-01 nan 9.498174997230837135e+00
5.049999999999999822e+00 7.270627644963991720e-01 9.581994412633246805e-01 nan 9.695240498019998654e+00
5.060000000000000497e+00 7.269130050484883254e-01 9.580375682503261547e-01 nan 9.850697183948135205e+00
5.070000000000000284e+00 7.266439568446476649e-01 9.578659666961160113e-01 nan 9.960576037473146016e+00
5.080000000000000071e+00 7.263842793151500388e-01 9.576863675773850115e-01 nan 1.002312212981768980e+01
5.089999999999999858e+00 7.259214410542743634e-01 9.575007024900347163e-01 nan 1.003899284197197161e+01
5.100000000000000533e+00 7.252518630769115848e-01 9.573110251399791215e-01 nan 1.001124825999947632e+01
5.110000000000000320e+00 7.243214434198662621e-01 9.571194205999727922e-01 nan 9.945004357486421753e+00
5.120000000000000107e+00 7.232476554298012950e-01 9.569279102988209607e-01 nan 9.847029204681820858e+00
5.129999999999999893e+00 7.221758530818620514e-01 9.567383661393621397e-01 nan 9.725090845966668951e+00
5.139999999999999680e+00 7.209736738600751593e-01 9.565524409734876832e-01 nan 9.587252169807850777e+00
5.150000000000000355e+00 7.196253613378628122e-01 9.563715252045431603e-01 nan 9.441056698053648333e+00
5.160000000000000142e+00 7.185996986652707363e-01 9.561967300249076818e-01 nan 9.292954806083729480e+00
5.169999999999999929e+00 7.177358373447519924e-01 9.560288961844141120e-01 nan 9.147908272235211413e+00
5.179999999999999716e+00 7.176596133116760479e-01 9.558686185069941166e-01 nan 9.009278257909979715e+00
5.190000000000000391e+00 7.174878757231629711e-01 9.557162765992004427e-01 nan 8.879025399036214239e+00
5.200000000000000178e+00 7.171192059583803013e-01 9.555720641487646105e-01 nan 8.758142384045889628e+00
5.209999999999999964e+00 7.174394714049044941e-01 9.554360141435185305e-01 nan 8.647155283154765115e+00
5.219999999999999751e+00 7.179240743865091812e-01 9.553080205956937521e-01 nan 8.546487471941658143e+00
5.230000000000000426e+00 7.182717813147339037e-01 9.551878582664579120e-01 nan 8.456548221563711110e+00
5.240000000000000213e+00 7.185868532895175465e-01 9.550752007732404847e-01 nan 8.377542262271090223e+00
5.250000000000000000e+00 7.188225794934872681e-01 9.549696378249957762e-01 nan 8.309125486598469834e+00
5.259999999999999787e+00 7.193281847086925307e-01 9.548706907870685434e-01 nan 8.250125999847776725e+00
5.270000000000000462e+00 7.197702653967539277e-01 9.547778223932611441e-01 nan 8.198537662237232126e+00
5.280000000000000249e+00 7.200520871962764469e-01 9.546904387985187812e-01 nan 8.151846790286777278e+00
5.290000000000000036e+00 7.201970164588231693e-01 9.546078873863300673e-01 nan 8.107555866779897258e+00
5.299999999999999822e+00 7.202939401751288218e-01 9.545294542036655283e-01 nan 8.063707284221482752e+00
5.310000000000000497e+00 7.202568186509695769e-01 9.544543655271637839e-01 nan 8.019241690285912938e+00
5.320000000000000284e+00 7.201740275845833761e-01 9.543817958143980817e-01 nan 7.974137508088129600e+00
5.330000000000000071e+00 7.199122638286974407e-01 9.543108821700819755e-01 nan 7.929334028759940978e+00
5.339999999999999858e+00 7.194933796610586407e-01 9.542407412445773618e-01 nan 7.886564160328416229e+00
5.350000000000000533e+00 7.189155657638167662e-01 9.541704866535291041e-01 nan 7.848136181173783754e+00
5.360000000000000320e+00 7.183196118750688752e-01 9.540992459593824471e-01 nan 7.816683806093743137e+00
5.370000000000000107e+00 7.181522816452261537e-01 9.540261759025374655e-01 nan 7.794926632017403989e+00
5.379999999999999893e+00 7.179537008936300868e-01 9.539504746871151353e-01 nan 7.785452517306248765e+00
5.389999999999999680e+00 7.176007663549969218e-01 9.538713924520778598e-01 nan 7.790520915747531028e+00
5.400000000000000355e+00 7.170429747497196749e-01 9.537882388705203329e-01 nan 7.811911251480355034e+00
5.410000000000000142e+00 7.171024167663270221e-01 9.537003896082532073e-01 nan 7.850782400572430042e+00
5.419999999999999929e+00 7.173972219818816054e-01 9.536072890542605096e-01 nan 7.907586573871192570e+00
5.429999999999999716e+00 7.168734419983171513e-01 9.535084503238352438e-01 nan 7.982014577612935646e+00
5.440000000000000391e+00 7.160097241192504569e-01 9.534034542778857535e-01 nan 8.072903679874775307e+00
5.450000000000000178e+00 7.155008262530875296e-01 9.532919469463104756e-01 nan 8.178118959014298639e+00
5.459999999999999964e+00 7.148548598800671394e-01 9.531736373630035342e-01 nan 8.294402479898318248e+00
5.469999999999999751e+00 7.140569524764504017e-01 9.530482954519071681e-01 nan 8.417225300576497204e+00
5.480000000000000426e+00 7.141273945463063599e-01 9.529157534779033600e-01 nan 8.540716923492391643e+00
5.490000000000000213e+00 7.142191410759973769e-01 9.527759139706987179e-01 nan 8.657763236948534669e+00
5.500000000000000000e+00 7.142216906498769502e-01 9.526287676185847264e-01 nan 8.760307230278897350e+00
5.509999999999999787e+00 7.138049586513902645e-01 9.524744258486522730e-01 nan 8.839801642275775251e+00
5.520000000000000462e+00 7.134265048425711964e-01 9.523131673948046494e-01 nan 8.887704229346592655e+00
5.530000000000000249e+00 7.130991889534817885e-01 9.521454934531154990e-01 nan 8.895938107439102183e+00
5.540000000000000036e+00 7.121597267877433080e-01 9.519721843500524860e-01 nan 8.857290841238155465e+00
5.549999999999999822e+00 7.110897094934778284e-01 9.517943457469207891e-01 nan 8.765820343883829580e+00
5.560000000000000497e+00 7.100884271564140704e-01 9.516134335922135090e-01 nan 8.617350327525787890e+00
5.570000000000000284e+00 7.090304073462547763e-01 9.514312502227144641e-01 nan 8.410068329596599668e+00
5.580000000000000071e+00 7.080841077193690269e-01 9.512499087816792542e-01 nan 8.145042773484913567e+00
5.589999999999999858e+00 7.062912233584623944e-01 9.510717653514789705e-01 nan 7.826477886269063156e+00
5.600000000000000533e+00 7.054063231313386639e-01 9.508993209186189510e-01 nan 7.461734955100364886e+00
5.610000000000000320e+00 7.040392298686903860e-01 9.507351130078629531e-01 nan 7.060875484365989330e+00
5.620000000000000107e+00 7.027473388533054255e-01 9.505815925623746221e-01 nan 6.635879271817264780e+00
5.629999999999999893e+00 7.016318791394142718e-01 9.504410071072799671e-01 nan 6.199707549469051671e+00
5.639999999999999680e+00 7.008165109270211302e-01 9.503153059533211433e-01 nan 5.765367535045116121e+00
5.650000000000000355e+00 6.997185822516388543e-01 9.502060831750991365e-01 nan 5.345091889512849193e+00
5.660000000000000142e+00 6.987763613284695419e-01 9.501145644857985628e-01 nan 4.949479892682297155e+00
5.669999999999999929e+00 6.978894849427260683e-01 9.500416330040072355e-01 nan 4.586886977652492092e+00
5.679999999999999716e+00 6.973200164776353072e-01 9.499878790550525531e-01 nan 4.262941563569473402e+00
5.690000000000000391e+00 6.966769246678439220e-01 9.499536525806149267e-01 nan 3.980207624884401607e+00
5.700000000000000178e+00 6.956314973370191224e-01 9.499391007802973075e-01 nan 3.738188586685725845e+00
5.709999999999999964e+00 6.947712417547619035e-01 9.499441850943406429e-01 nan 3.533707189189029929e+00
5.719999999999999751e+00 6.943411705521248534e-01 9.499686835608464053e-01 nan 3.361507383629604551e+00
5.730000000000000426e+00 6.933703718254266013e-01 9.500121976026937309e-01 nan 3.214729093806237170e+00
5.740000000000000213e+00 6.916547035593882953e-01 9.500741776975736297e-01 nan 3.084898059618413235e+00
5.750000000000000000e+00 6.919986345595745547e-01 9.501539737831866672e-01 nan 2.961595124114017263e+00
5.759999999999999787e+00 6.923174583624187584e-01 9.502508779794961447e-01 nan 2.832997924797754141e+00
5.770000000000000462e+00 6.914669878741050990e-01 9.503641219789585870e-01 nan 2.688083425416820216e+00
5.780000000000000249e+00 6.901387824752004407e-01 9.504928300096635585e-01 nan 2.519450479321715619e+00
5.790000000000000036e+00 6.949080645244624099e-01 9.506359843314223790e-01 nan 2.324522474186716980e+00
5.799999999999999822e+00 7.090861874308667101e-01 9.507924411328037007e-01 nan 2.104275746497041855e+00
5.810000000000000497e+00 7.221124915779405518e-01 9.509609782998472705e-01 nan 1.861229139282756906e+00
5.820000000000000284e+00 7.333356592970473598e-01 9.511403326670506697e-01 nan 1.598459474622153875e+00
5.830000000000000071e+00 7.428570976896212708e-01 9.513292120554642795e-01 nan 1.319469473711857743e+00
5.839999999999999858e+00 7.510551956422931719e-01 9.515263027657883121e-01 nan 1.028069632895628027e+00
5.850000000000000533e+00 7.578367682102605807e-01 9.517302975568394663e-01 nan 7.284712544760643116e-01
5.860000000000000320e+00 7.629522641043103848e-01 9.519399246920897673e-01 nan 4.249751143217676552e-01
5.870000000000000107e+00 7.672835069028290933e-01 9.521539818474112904e-01 nan 1.216347908853262078e-01
5.879999999999999893e+00 7.701204591286049395e-01 9.523713670145210752e-01 nan -1.782366057228379486e-01
5.889999999999999680e+00 7.720843541431821055e-01 9.525910982496377244e-01 nan -4.716975832829689574e-01
5.900000000000000355e+00 7.730859111714089016e-01 9.528123212262964437e-01 nan -7.565188298090953500e-01
5.910000000000000142e+00 7.737945418227899497e-01 9.530343070810380901e-01 nan -1.030760492113147686e+00
5.919999999999999929e+00 7.733687912642004392e-01 9.532564426439397165e-01 nan -1.292688904073006517e+00
5.929999999999999716e+00 7.724667228363916172e-01 9.534782172520771537e-01 nan -1.540638999811251297e+00
5.940000000000000391e+00 7.717153549818450697e-01 9.536992099425096736e-01 nan -1.773010584137941992e+00
5.950000000000000178e+00 7.702062611695510430e-01 9.539190757350133332e-01 nan -1.988328024361100343e+00
5.959999999999999964e+00 7.683510793235581726e-01 9.541375327575070120e-01 nan -2.184886259011873388e+00
5.969999999999999751e+00 7.667848730744221131e-01 9.543543505029306040e-01 nan -2.360852094188617301e+00
5.980000000000000426e+00 7.652458405965716359e-01 9.545693396410780407e-01 nan -2.514239098124403604e+00
5.990000000000000213e+00 7.635625850268568104e-01 9.547823426916258738e-01 nan -2.642921021110022473e+00
6.000000000000000000e+00 7.614665694672284602e-01 9.549932263591903725e-01 nan -2.744661069404580100e+00
6.009999999999999787e+00 7.599016023529944208e-01 9.552018761776954747e-01 nan -2.817230946761621446e+00
6.020000000000000462e+00 7.581531323476577988e-01 9.554081918968282405e-01 nan -2.858567332077094125e+00
6.030000000000000249e+00 7.563653950159902051e-01 9.556120835870542951e-01 nan -2.866906443632577517e+00
6.040000000000000036e+00 7.546637102216309234e-01 9.558134687107116001e-01 nan -2.840833148410730757e+00
6.049999999999999822e+00 7.529664079104237961e-01 9.560122696926274255e-01 nan -2.779436335881780629e+00
6.060000000000000497e+00 7.513725160699574745e-01 9.562084124239502714e-01 nan -2.682352962928634010e+00
6.070000000000000284e+00 7.497550197744808909e-01 9.564018253554535942e-01 nan -2.549792877939322633e+00
6.080000000000000071e+00 7.479851599340686663e-01 9.565924394903895234e-01 nan -2.382572553612077204e+00
6.089999999999999858e+00 7.464787642222906472e-01 9.567801891960210359e-01 nan -2.182162663831205940e+00
6.100000000000000533e+00 7.450323557295134291e-01 9.569650123378172779e-01 nan -1.950746242508364814e+00
6.110000000000000320e+00 7.435456906547043276e-01 9.571468501204575263e-01 nan -1.691251530416719939e+00
6.120000000000000107e+00 7.418014565797254045e-01 9.573256461920468530e-01 nan -1.407346742314095733e+00
6.129999999999999893e+00 7.402293550529105426e-01 9.575013469149484813e-01 nan -1.103394785719782778e+00
6.140000000000000568e+00 7.387144431101878572e-01 9.576739009832964111e-01 nan -7.843543140556921145e-01
6.150000000000000355e+00 7.372170419118911910e-01 9.578432560956386954e-01 nan -4.556747508449926487e-01
6.160000000000000142e+00 7.357865029538617208e-01 9.580093592467328056e-01 nan -1.231066570887986711e-01
6.169999999999999929e+00 7.342874165671676723e-01 9.581721552408924980e-01 nan 2.076604509173274327e-01
6.179999999999999716e+00 7.328289153761465835e-01 9.583315840615866943e-01 nan 5.311800139822615563e-01
6.190000000000000391e+00 7.315936618086205101e-01 9.584875799342567060e-01 nan 8.426667550540585250e-01
6.200000000000000178e+00 7.304680021334142292e-01 9.586400693401188056e-01 nan 1.138184168516654049e+00
6.209999999999999964e+00 7.294552234283832037e-01 9.587889679801713250e-01 nan 1.414926590100207271e+00
6.219999999999999751e+00 7.287222456361654999e-01 9.589341782937603753e-01 nan 1.671441654807682253e+00
6.230000000000000426e+00 7.280094760751131266e-01 9.590755851182257707e-01 nan 1.907648494761399416e+00
6.240000000000000213e+00 7.289436677161807987e-01 9.592130491537109727e-01 nan 2.124792255528874296e+00
6.250000000000000000e+00 7.299010664353894340e-01 9.593464062730048258e-01 nan 2.325253703771522851e+00
6.259999999999999787e+00 7.309344513137016053e-01 9.594754603992261544e-01 nan 2.512163832340743141e+00
6.270000000000000462e+00 7.319626211098194668e-01 9.595999788350724202e-01 nan 2.689062303553531930e+00
6.280000000000000249e+00 7.327937582352055390e-01 9.597196906066399746e-01 nan 2.859650433161837757e+00
6.290000000000000036e+00 7.332274334167964147e-01 9.598342869503668773e-01 nan 3.027593579610649677e+00
6.299999999999999822e+00 7.333832021523946088e-01 9.599434242755121582e-01 nan 3.196372098273767559e+00
6.310000000000000497e+00 7.327274925393784111e-01 9.600467306857108918e-01 nan 3.369180996998116573e+00
6.320000000000000284e+00 7.315342796522706914e-01 9.601438165365995259e-01 nan 3.548870046777433451e+00
6.330000000000000071e+00 7.295592111997063478e-01 9.602342879466816417e-01 nan 3.737896760999753543e+00
6.339999999999999858e+00 7.267089025133210978e-01 9.603177583314059795e-01 nan 3.938281018394177213e+00
6.350000000000000533e+00 7.231521246241796597e-01 9.603938667015982089e-01 nan 4.151491336951930400e+00
6.360000000000000320e+00 7.189997803973723345e-01 9.604622891319988254e-01 nan 4.378484861355128821e+00
6.370000000000000107e+00 7.138606016479346339e-01 9.605227548819278427e-01 nan 4.619692165787924409e+00
6.379999999999999893e+00 7.081858791022207500e-01 9.605750573848441665e-01 nan 4.874939437147745913e+00
6.390000000000000568e+00 7.019315843430772306e-01 9.606190646776608943e-01 nan 5.143559308597305701e+00
6.400000000000000355e+00 6.950934162908465330e-01 9.606547304725802094e-01 nan 5.424345046240677704e+00
6.410000000000000142e+00 6.972157799754391538e-01 9.606821054505494395e-01 nan 5.715528641981710400e+00
6.419999999999999929e+00 7.019001328936089745e-01 9.607013477850568917e-01 nan 6.014791577668580302e+00
6.429999999999999716e+00 7.053887465503928533e-01 9.607127320573030094e-01 nan 6.319224804834258968e+00
6.440000000000000391e+00 7.084155332623333079e-01 9.607166595130725018e-01 nan 6.625321143837785698e+00
6.450000000000000178e+00 7.110158729539667322e-01 9.607136644184892660e-01 nan 6.928961689345760178e+00
6.459999999999999964e+00 7.128030795002550102e-01 9.607044228247947348e-01 nan 7.225477470131914437e+00
6.469999999999999751e+00 7.143070915966406309e-01 9.606897577100818042e-01 nan 7.509740863232750918e+00
6.480000000000000426e+00 7.161841486016747860e-01 9.606706410981098454e-01 nan 7.776212737824914178e+00
6.490000000000000213e+00 7.180309870787139337e-01 9.606481878006523090e-01 nan 8.019169086184623652e+00
6.500000000000000000e+00 7.202181828083022985e-01 9.606236446875082713e-01 nan 8.232901507219638759e+00
6.509999999999999787e+00 7.224950745240235062e-01 9.605983710172791845e-01 nan 8.411946622512708416e+00
6.520000000000000462e+00 7.244457452274861708e-01 9.605738040802583866e-01 nan 8.551388566163463878e+00
6.530000000000000249e+00 7.259924193372393475e-01 9.605514108488598657e-01 nan 8.647106574750884178e+00
6.540000000000000036e+00 7.273246566051171369e-01 9.605326260173823183e-01 nan 8.695992481572293542e+00
6.549999999999999822e+00 7.285947115025755982e-01 9.605187775918169191e-01 nan 8.696112306819467008e+00
6.560000000000000497e+00 7.299580541312935544e-01 9.605110067355263626e-01 nan 8.646819178078107626e+00
6.570000000000000284e+00 7.311752510770012092e-01 9.605101922923865443e-01 nan 8.548781722912837111e+00
6.580000000000000071e+00 7.351749424271681876e-01 9.605168890392232761e-01 nan 8.403980916790498412e+00
6.589999999999999858e+00 7.389986791890453821e-01 9.605312841238722310e-01 nan 8.215882047762253393e+00
6.600000000000000533e+00 7.424108595585715564e-01 9.605531820182853231e-01 nan 7.989481047766896715e+00
6.610000000000000320e+00 7.455153118819043412e-01 9.605820196394704302e-01 nan 7.731420680877999274e+00
6.620000000000000107e+00 7.485483749880840199e-01 9.606169020381117862e-01 nan 7.449929950552044211e+00
6.629999999999999893e+00 7.513321061198841022e-01 9.606566575423530763e-01 nan 7.154491979818087266e+00
6.640000000000000568e+00 7.537374534565365325e-01 9.606999063290544427e-01 nan 6.855252483447642931e+00
6.650000000000000355e+00 7.561618174228099676e-01 9.607451224988023952e-01 nan 6.562176880406688895e+00
6.660000000000000142e+00 7.586701714193523349e-01 9.607906950768294596e-01 nan 6.284360615282841067e+00
6.669999999999999929e+00 7.610365489113583015e-01 9.608349747657671802e-01 nan 6.029577006408675111e+00
6.679999999999999716e+00 7.630939619491438064e-01 9.608763072353740942e-01 nan 5.804133773922163897e+00
6.690000000000000391e+00 7.649742462856631287e-01 9.609130524034948939e-01 nan 5.613011581004641926e+00
6.700000000000000178e+00 7.662690726133410957e-01 9.609435916994035765e-01 nan 5.460178459504372306e+00
6.709999999999999964e+00 7.671552643177284025e-01 9.609663270702892834e-01 nan 5.348969969330691576e+00
6.719999999999999751e+00 7.677917975216682622e-01 9.609796768956710977e-01 nan 5.282412395730066379e+00
6.730000000000000426e+00 7.678520710061060850e-01 9.609820762754659462e-01 nan 5.263367694349484260e+00
6.740000000000000213e+00 7.671564360645457548e-01 9.609719854789635640e-01 nan 5.294509772274090587e+00
6.750000000000000000e+00 7.660734755854914368e-01 9.609479097191572228e-01 nan 5.378211102291137635e+00
6.759999999999999787e+00 7.643598376936159289e-01 9.609084229866056148e-01 nan 5.516462842898552488e+00
6.770000000000000462e+00 7.669139839488874344e-01 9.608522031100781291e-01 nan 5.710644944275064638e+00
6.780000000000000249e+00 7.687289457932264813e-01 9.607780641661789467e-01 nan 5.961208018988870982e+00
6.790000000000000036e+00 7.702419032853682346e-01 9.606849823896117524e-01 nan 6.267197538537889301e+00
6.799999999999999822e+00 7.710545759231600682e-01 9.605721227348582580e-01 nan 6.625759298878623582e+00
6.810000000000000497e+00 7.717277580814319027e-01 9.604388609538487831e-01 nan 7.031428252619331687e+00
6.820000000000000284e+00 7.720550587255361474e-01 9.602848034240822894e-01 nan 7.475631384215897235e+00
6.830000000000000071e+00 7.717514771939301133e-01 9.601098174036752919e-01 nan 7.946309182967454809e+00
6.839999999999999858e+00 7.707477695394521211e-01 9.599140431372907845e-01 nan 8.428268046471652397e+00
6.850000000000000533e+00 7.693140989667529572e-01 9.596979154660266742e-01 nan 8.903820944206151111e+00
6.860000000000000320e+00 7.670121667732965332e-01 9.594621897463845306e-01 nan 9.353859307956671643e+00
6.870000000000000107e+00 7.635544843417323424e-01 9.592079550705947533e-01 nan 9.759460848901220231e+00
6.879999999999999893e+00 7.597357155194243150e-01 9.589366438273034809e-01 nan 1.010346679429331118e+01
6.890000000000000568e+00 7.553160340785176619e-01 9.586500193776531509e-01 nan 1.037174360032279097e+01
6.900000000000000355e+00 7.508327901921082459e-01 9.583501578438190505e-01 nan 1.055392798176727531e+01
6.910000000000000142e+00 7.454186729118273957e-01 9.580394182841118766e-01 nan 1.064351289653518684e+01
6.919999999999999929e+00 7.408581063581378690e-01 9.577204013742325328e-01 nan 1.063751127597349289e+01
6.929999999999999716e+00 7.382286526606800514e-01 9.573958951877455936e-01 nan 1.053632208076116683e+01
6.940000000000000391e+00 7.349500989030516296e-01 9.570688770311092108e-01 nan 1.034356115003793697e+01
6.950000000000000178e+00 7.323850660582358341e-01 9.567425280977112090e-01 nan 1.006583796726090085e+01
6.959999999999999964e+00 7.301513561881191050e-01 9.564202708999109959e-01 nan 9.712506816281633704e+00
6.969999999999999751e+00 7.270300792837494086e-01 9.561057947181454963e-01 nan 9.295425091237103032e+00
6.980000000000000426e+00 7.243802941299424258e-01 9.558030242827479928e-01 nan 8.828791110066072534e+00
6.990000000000000213e+00 7.214152888389152585e-01 9.555159954785227283e-01 nan 8.328982562812743851e+00
7.000000000000000000e+00 7.192248981311184508e-01 9.552486355251684769e-01 nan 7.814393361505741709e+00
7.009999999999999787e+00 7.165594247313263887e-01 9.550044930835850376e-01 nan 7.305117320796111535e+00
7.020000000000000462e+00 7.140514347908232251e-01 9.547864978346355391e-01 nan 6.821955157902123368e+00
7.030000000000000249e+00 7.115775914436739402e-01 9.545968156989301789e-01 nan 6.384797806504904472e+00
7.040000000000000036e+00 7.096310104184321288e-01 9.544368418903298457e-01 nan 6.010783113243577169e+00
7.049999999999999822e+00 7.079237231109082318e-01 9.543073299558304523e-01 nan 5.711665910993843909e+00
7.060000000000000497e+00 7.057220841692801727e-01 9.542085939446661724e-01 nan 5.490013502121049882e+00
7.070000000000000284e+00 7.049768214857671245e-01 9.541406793338549353e-01 nan 5.336178962766329192e+00
7.080000000000000071e+00 7.050571708307169505e-01 9.541033788691276607e-01 nan 5.228093489601162602e+00
7.089999999999999858e+00 7.055660288380072309e-01 9.540960593362836084e-01 nan 5.137131474589036628e+00
7.100000000000000533e+00 7.062317172880532290e-01 9.541174719356280143e-01 nan 5.037809561569633665e+00
7.110000000000000320e+00 7.071680487277856031e-01 9.541658193894260176e-01 nan 4.911814649932386700e+00
7.120000000000000107e+00 7.081419238822050932e-01 9.542391060817400072e-01 nan 4.742038392355619969e+00
7.129999999999999893e+00 7.093967312274916948e-01 9.543353379886907462e-01 nan 4.510761680300262810e+00
7.140000000000000568e+00 7.203202969277100465e-01 9.544522650880793435e-01 nan 4.212080010848357148e+00
7.150000000000000355e+00 7.394413183712347237e-01 9.545871530241684111e-01 nan 3.857684254956480707e+00
7.160000000000000142e+00 7.600768449438721763e-01 9.547369893439393573e-01 nan 3.465124891026957865e+00
7.169999999999999929e+00 7.764181395164924115e-01 9.548987740654371059e-01 nan 3.048631258680458256e+00
7.179999999999999716e+00 7.888718398269337628e-01 9.550695757548426368e-01 nan 2.618926299211032038e+00
7.190000000000000391e+00 7.978068130527028456e-01 9.552465513787777862e-01 nan 2.183979355251503218e+00
7.200000000000000178e+00 8.039107880188404165e-01 9.554270213140253487e-01 nan 1.750423031057542378e+00
7.209999999999999964e+00 8.063556410206881297e-01 9.556085253515850253e-01 nan 1.325155050233510989e+00
7.219999999999999751e+00 8.067604538836474770e-01 9.557888762567297025e-01 nan 9.159915811666297092e-01
7.230000000000000426e+00 8.049751447173062457e-01 9.559661729303028377e-01 nan 5.310988941266948649e-01
7.240000000000000213e+00 8.010046706109490433e-01 9.561387943931406452e-01 nan 1.786776749920119811e-01
7.250000000000000000e+00 7.964680752157561328e-01 9.563053819799141042e-01 nan -1.338557444600528279e-01
7.259999999999999787e+00 7.901013050931636750e-01 9.564648099745433063e-01 nan -4.001537930556383627e-01
7.270000000000000462e+00 7.828491243042277059e-01 9.566161388181071423e-01 nan -6.148840061243332489e-01
7.280000000000000249e+00 7.753799284627705957e-01 9.567585744129871728e-01 nan -7.735774830913593192e-01
7.290000000000000036e+00 7.667019981325536859e-01 9.568914380655512142e-01 nan -8.727239700908653308e-01
7.299999999999999822e+00 7.567335525021454679e-01 9.570141479735837509e-01 nan -9.095596424582306216e-01
7.310000000000000497e+00 7.466885233878719497e-01 9.571262066788224221e-01 nan -8.819090500225690299e-01
7.320000000000000284e+00 7.352516640238476731e-01 9.572271982136417723e-01 nan -7.886806345740854374e-01
7.330000000000000071e+00 7.233006534864114823e-01 9.573167843248349129e-01 nan -6.299395741156925688e-01
7.339999999999999858e+00 7.101514686407039978e-01 9.573947183569100350e-01 nan -4.069861511583015012e-01
7.350000000000000533e+00 7.088944441010642805e-01 9.574608521456859922e-01 nan -1.225799200737290318e-01
7.360000000000000320e+00 7.094742599836445507e-01 9.575151529365293346e-01 nan 2.188904985789709712e-01
7.370000000000000107e+00 7.092663169593376171e-01 9.575577345938627305e-01 nan 6.116337787954778671e-01
7.379999999999999893e+00 7.086089080812002505e-01 9.575888771298146640e-01 nan 1.048072984827421728e+00
7.390000000000000568e+00 7.071937253892116582e-01 9.576090210627771215e-01 nan 1.518720153270455953e+00
7.400000000000000355e+00 7.050098484119983189e-01 9.576187753610196918e-01 nan 2.012345865082043606e+00
7.410000000000000142e+00 7.025308787993775894e-01 9.576189448948302374e-01 nan 2.515839778794164872e+00
7.419999999999999929e+00 7.002654474395541007e-01 9.576105496028441966e-01 nan 3.014766630985273199e+00
7.429999999999999716e+00 6.996706677172290778e-01 9.575948020005923267e-01 nan 3.493796801937543162e+00
7.440000000000000391e+00 6.985328904123602189e-01 9.575730626132016310e-01 nan 3.937679065636314757e+00
7.450000000000000178e+00 6.978653757314434714e-01 9.575467897641980475e-01 nan 4.332649238726906660e+00
7.459999999999999964e+00 6.975773885087644954e-01 9.575174867481921481e-01 nan 4.667898573223737912e+00
7.469999999999999751e+00 6.971724005305566241e-01 9.574866496731631038e-01 nan 4.936739366625482184e+00
7.480000000000000426e+00 6.973457979675337093e-01 9.574557138191984729e-01 nan 5.137203962708149163e+00
7.490000000000000213e+00 6.972639914564249253e-01 9.574260113658034088e-01 nan 5.272011546582188402e+00
7.500000000000000000e+00 6.966959387426955308e-01 9.573987520069069390e-01 nan 5.347787922990863585e+00
7.509999999999999787e+00 6.956375180477922804e-01 9.573750231550502976e-01 nan 5.373700983316115121e+00
7.520000000000000462e+00 6.944237916804948396e-01 9.573558026911848096e-01 nan 5.359864100075185434e+00
7.530000000000000249e+00 6.927038871010596788e-01 9.573419814717603060e-01 nan 5.315900607462250349e+00
7.540000000000000036e+00 6.906321060917857135e-01 9.573343873626086742e-01 nan 5.249988598161162479e+00
7.549999999999999822e+00 6.881896416772087521e-01 9.573338047703437992e-01 nan 5.168478283065755186e+00
7.560000000000000497e+00 6.854462394110828471e-01 9.573409877688703329e-01 nan 5.075985353685608104e+00
7.570000000000000284e+00 6.824259882264811505e-01 9.573566674292451895e-01 nan 4.975754235008682080e+00
7.580000000000000071e+00 6.791300004269802404e-01 9.573815458451556681e-01 nan 4.870073212940900120e+00
7.589999999999999858e+00 6.780088740988711171e-01 9.574162725134530705e-01 nan 4.760584422230386359e+00
7.600000000000000533e+00 6.781841202600574769e-01 9.574614149658591256e-01 nan 4.648418049989706091e+00
7.610000000000000320e+00 6.781271647351222454e-01 9.575174333744177479e-01 nan 4.534188045642672193e+00
7.620000000000000107e+00 6.778956995811775688e-01 9.575846601453191775e-01 nan 4.417919778309988388e+00
7.629999999999999893e+00 6.773987179364854283e-01 9.576632842621705111e-01 nan 4.299003087833439096e+00
7.640000000000000568e+00 6.770783859110895975e-01 9.577533390546958403e-01 nan 4.176259944664888479e+00
7.650000000000000355e+00 6.766992521143324613e-01 9.578546935730312128e-01 nan 4.048142428948017901e+00
7.660000000000000142e+00 6.758590716993462255e-01 9.579670549962358006e-01 nan 3.913049591949547157e+00
7.669999999999999929e+00 6.746912774957333214e-01 9.580899805375102662e-01 nan 3.769708367902429469e+00
7.679999999999999716e+00 6.733499365219777211e-01 9.582228890383802655e-01 nan 3.617618011896841068e+00
7.690000000000000391e+00 6.715700212629597265e-01 9.583650671745329586e-01 nan 3.457361237050720959e+00
7.700000000000000178e+00 6.698284497777633462e-01 9.585156778423514767e-01 nan 3.290596447026486349e+00
7.709999999999999964e+00 6.676450575824072198e-01 9.586737647136005513e-01 nan 3.119634408629743838e+00
7.719999999999999751e+00 6.718064281979312380e-01 9.588382654296667695e-01 nan 2.946988250563255640e+00
7.730000000000000426e+00 6.817801054884135015e-01 9.590080294542541184e-01 nan 2.775072204146984411e+00
7.740000000000000213e+00 6.907875180640883350e-01 9.591818342460447511e-01 nan 2.606141317285211034e+00
7.750000000000000000e+00 7.012433283490741021e-01 9.593583936497790399e-01 nan 2.442436638711913854e+00
7.759999999999999787e+00 7.105736672886867611e-01 9.595363604026591053e-01 nan 2.286390248618904941e+00
7.770000000000000462e+00 7.186447042979995370e-01 9.597143317434067011e-01 nan 2.140789868021314213e+00
7.780000000000000249e+00 7.252125096944226357e-01 9.598908663042751144e-01 nan 2.008892418784713918e+00
7.790000000000000036e+00 7.303851792481552696e-01 9.600645071566404898e-01 nan 1.894407912052384457e+00
7.799999999999999822e+00 7.339782656597911847e-01 9.602338055378671910e-01 nan 1.801396892446732068e+00
7.810000000000000497e+00 7.360945607248313705e-01 9.603973458828349852e-01 nan 1.734140474803515408e+00
7.820000000000000284e+00 7.368021456373664568e-01 9.605537660304409586e-01 nan 1.696926893852160001e+00
7.830000000000000071e+00 7.358888927784043021e-01 9.607017718308924481e-01 nan 1.693831701177528126e+00
7.839999999999999858e+00 7.336659116536673464e-01 9.608401481125403709e-01 nan 1.728697766504626365e+00
7.850000000000000533e+00 7.297727819572565888e-01 9.609677699285125163e-01 nan 1.804896973308761199e+00
7.860000000000000320e+00 7.246604949756546565e-01 9.610836054053761845e-01 nan 1.925396025451697302e+00
7.870000000000000107e+00 7.178822775245369270e-01 9.611867069152797427e-01 nan 2.092794191859721487e+00
7.879999999999999893e+00 7.099150835886159916e-01 9.612762006776573998e-01 nan 2.309454762415419804e+00
7.890000000000000568e+00 7.004569047468469645e-01 9.613512882967116813e-01 nan 2.577541924718591115e+00
7.900000000000000355e+00 6.898844012131213344e-01 9.614112469561996166e-01 nan 2.898548206163297003e+00
7.910000000000000142e+00 6.778108159866796933e-01 9.614554412292911634e-01 nan 3.272920030447977968e+00
7.919999999999999929e+00 6.644217236639947677e-01 9.614833521884890155e-01 nan 3.699610141781661810e+00
7.930000000000000604e+00 6.497362190194108100e-01 9.614945934779768333e-01 nan 4.175438262427794811e+00
7.940000000000000391e+00 6.346068545293792607e-01 9.614889293800982228e-01 nan 4.694922665518062921e+00
7.950000000000000178e+00 6.343125049106378421e-01 9.614663039146400525e-01 nan 5.250236053428340099e+00
7.959999999999999964e+00 6.339257929248234280e-01 9.614268587452494685e-01 nan 5.831104492600543310e+00
7.969999999999999751e+00 6.334649232233825478e-01 9.613709652424216046e-01 nan 6.424897837055025818e+00
7.980000000000000426e+00 6.336184954504529010e-01 9.612992372750338577e-01 nan 7.017326190795666108e+00
7.990000000000000213e+00 6.414680420949124828e-01 9.612125346547953919e-01 nan 7.593354361802298946e+00
8.000000000000000000e+00 6.490638852110270918e-01 9.611119599819888393e-01 nan 8.138235484400269115e+00
8.009999999999999787e+00 6.566199889311410409e-01 9.609988352165991232e-01 nan 8.638812543565270730e+00
8.019999999999999574e+00 6.640853898927033816e-01 9.608746624637894973e-01 nan 9.084677952486085672e+00
8.029999999999999361e+00 6.717331940526255485e-01 9.607410746733566764e-01 nan 9.468917125857146289e+00
8.040000000000000924e+00 6.792140217263427093e-01 9.605997679886009166e-01 nan 9.788348895601917121e+00
8.050000000000000711e+00 6.864268044232778587e-01 9.604524303282124809e-01 nan 1.004318778553734504e+01
8.060000000000000497e+00 6.931874002946630808e-01 9.603006669354596792e-01 nan 1.023629502593755092e+01
8.070000000000000284e+00 6.996148170382263665e-01 9.601459361555039207e-01 nan 1.037224430842266543e+01
8.080000000000000071e+00 7.052491548225784390e-01 9.599895047015137850e-01 nan 1.045645879889425878e+01
8.089999999999999858e+00 7.097204029588466412e-01 9.598324265630453489e-01 nan 1.049457761120680566e+01
8.099999999999999645e+00 7.141195773174614514e-01 9.596755444860974871e-01 nan 1.049207182615085010e+01
8.109999999999999432e+00 7.175868973857739697e-01 9.595195088496294433e-01 nan 1.045407718624092475e+01
8.120000000000000995e+00 7.197370108309208980e-01 9.593648091075599460e-01 nan 1.038536212562164351e+01
8.130000000000000782e+00 7.222787262346349602e-01 9.592118139205931815e-01 nan 1.029035318525205867e+01
8.140000000000000568e+00 7.243918419026437183e-01 9.590608147198509403e-01 nan 1.017317071468177403e+01
8.150000000000000355e+00 7.255587752941496937e-01 9.589120664222170465e-01 nan 1.003765523110756419e+01
8.160000000000000142e+00 7.270074837654272315e-01 9.587658209439604562e-01 nan 9.887391679561535085e+00
8.169999999999999929e+00 7.276345389531421182e-01 9.586223523858186102e-01 nan 9.725735382091791337e+00
8.179999999999999716e+00 7.275661929861321209e-01 9.584819745620085651e-01 nan 9.555837182121226903e+00
8.189999999999999503e+00 7.274338438394080120e-01 9.583450500719141729e-01 nan 9.380662994450565506e+00
8.199999999999999289e+00 7.274294728462029624e-01 9.582119917435968359e-01 nan 9.203005918127043827e+00
8.210000000000000853e+00 7.274949539108912511e-01 9.580832574109066080e-01 nan 9.025492078070451285e+00
8.220000000000000639e+00 7.271965237132086424e-01 9.579593392048395550e-01 nan 8.850582183978888295e+00
8.230000000000000426e+00 7.268958924356195839e-01 9.578407493085924207e-01 nan 8.680567396390539869e+00
8.240000000000000213e+00 7.267051295340507533e-01 9.577280036321655921e-01 nan 8.517557833607739326e+00
8.250000000000000000e+00 7.265234232624619981e-01 9.576216039067293462e-01 nan 8.363467464232538617e+00
8.259999999999999787e+00 7.265705434873898083e-01 9.575220201576284396e-01 nan 8.219981274716179342e+00
8.269999999999999574e+00 7.266309263448144096e-01 9.574296747074793057e-01 nan 8.088510548944530143e+00
8.279999999999999361e+00 7.269971407441021549e-01 9.573449311462645106e-01 nan 7.970132404371820911e+00
8.290000000000000924e+00 7.275161360967317137e-01 9.572680894609160163e-01 nan 7.865515843907399329e+00
8.300000000000000711e+00 7.280297525773311573e-01 9.571993878395446131e-01 nan 7.774839977342145048e+00
8.310000000000000497e+00 7.285612059131679752e-01 9.571390089560782855e-01 nan 7.697721465177504108e+00
8.320000000000000284e+00 7.296559594041721608e-01 9.570870892419646170e-01 nan 7.633167601258923796e+00
8.330000000000000071e+00 7.306918573271734552e-01 9.570437283185223576e-01 nan 7.579574423118232929e+00
8.339999999999999858e+00 7.317990521551177574e-01 9.570089958920984241e-01 nan 7.534772456418909137e+00
8.349999999999999645e+00 7.329157881316610279e-01 9.569829333398955917e-01 nan 7.496117599293603107e+00
8.359999999999999432e+00 7.339084416385328602e-01 9.569655510493761952e-01 nan 7.460601291180773309e+00
8.370000000000000995e+00 7.351455409607831060e-01 9.569568221170055011e-01 nan 7.424964725581008729e+00
8.380000000000000782e+00 7.362132664031665330e-01 9.569566721544485732e-01 nan 7.385877904882760525e+00
8.390000000000000568e+00 7.369788922951450161e-01 9.569649651581293437e-01 nan 7.340111236088054270e+00
8.400000000000000355e+00 7.380086441599832403e-01 9.569814899897972627e-01 nan 7.284745877080954557e+00
8.410000000000000142e+00 7.398917027732164753e-01 9.570059457766123545e-01 nan 7.217413852316933109e+00
8.419999999999999929e+00 7.417915248284964180e-01 9.570379300215082763e-01 nan 7.136532384592273459e+00
8.429999999999999716e+00 7.434548822081082919e-01 9.570769300544685887e-01 nan 7.041501646777772905e+00
8.439999999999999503e+00 7.447206073863322784e-01 9.571223207271052358e-01 nan 6.932839230192962887e+00
8.449999999999999289e+00 7.457295618354485844e-01 9.571733655424649045e-01 nan 6.812232657167707650e+00
8.460000000000000853e+00 7.476211233911100873e-01 9.572292208475736697e-01 nan 6.682501668014213081e+00
8.470000000000000639e+00 7.491624021179492665e-01 9.572889419397135891e-01 nan 6.547471194493559743e+00
8.480000000000000426e+00 7.503925260590179613e-01 9.573514892809944499e-01 nan 6.411748200785092777e+00
8.490000000000000213e+00 7.510077687612772834e-01 9.574157365592589342e-01 nan 6.280524824176346499e+00
8.500000000000000000e+00 7.510647526262819174e-01 9.574804826727624230e-01 nan 6.159288088186059440e+00
8.509999999999999787e+00 7.508557632508213731e-01 9.575444637195242858e-01 nan 6.053543042330741919e+00
8.519999999999999574e+00 7.502146937676826832e-01 9.576063673546975075e-01 nan 5.968578323025115928e+00
8.529999999999999361e+00 7.494031848877200641e-01 9.576648518996190296e-01 nan 5.909214034709704855e+00
8.540000000000000924e+00 7.501546252092619049e-01 9.577185699756448622e-01 nan 5.879575171385060806e+00
8.550000000000000711e+00 7.502636057233650346e-01 9.577661936864103609e-01 nan 5.882891385493202563e+00
8.560000000000000497e+00 7.497393535505915141e-01 9.578064464520275045e-01 nan 5.921294375217434514e+00
8.570000000000000284e+00 7.484397774294730965e-01 9.578381273605519608e-01 nan 5.995618294130508730e+00
8.580000000000000071e+00 7.466421341323703498e-01 9.578601336419890755e-01 nan 6.105295314683583108e+00
8.589999999999999858e+00 7.439285757908665753e-01 9.578714800270640151e-01 nan 6.248207754471478914e+00
8.599999999999999645e+00 7.436955124864478295e-01 9.578713215345112664e-01 nan 6.420453021498823354e+00
8.609999999999999432e+00 7.445888082345342163e-01 9.578589789824646372e-01 nan 6.616023287429944943e+00
8.620000000000000995e+00 7.443000930034161522e-01 9.578339813807232872e-01 nan 6.826442337739158539e+00
8.630000000000000782e+00 7.433723247171382109e-01 9.577961203555703795e-01 nan 7.040424111833197607e+00
8.640000000000000568e+00 7.418434181673304595e-01 9.577455086142574459e-01 nan 7.244127146110432847e+00
8.650000000000000355e+00 7.396518901842422666e-01 9.576826441154936420e-01 nan 7.422068690783646616e+00
8.660000000000000142e+00 7.364554674854872918e-01 9.576084715086208288e-01 nan 7.558727528622073422e+00
8.669999999999999929e+00 7.321565581837828907e-01 9.575244191035705565e-01 nan 7.640575137513947901e+00
8.679999999999999716e+00 7.279599822689929445e-01 9.574323908460461441e-01 nan 7.657917395300892771e+00
8.689999999999999503e+00 7.234675769566543124e-01 9.573346996973515211e-01 nan 7.606047174193778737e+00
8.700000000000001066e+00 7.196736400885790363e-01 9.572339477463218671e-01 nan 7.485458744077956084e+00
8.710000000000000853e+00 7.153230740690762479e-01 9.571328748437569756e-01 nan 7.301168141968100045e+00
8.720000000000000639e+00 7.107392142832451576e-01 9.570342072062830718e-01 nan 7.061444129244136114e+00
8.730000000000000426e+00 7.056499023294005024e-01 9.569405337285152857e-01 nan 6.776269375444139875e+00
8.740000000000000213e+00 7.001038257104920115e-01 9.568542205346705076e-01 nan 6.456249979950231754e+00
8.750000000000000000e+00 6.953632314308004769e-01 9.567773728360398078e-01 nan 6.111951735947433129e+00
8.759999999999999787e+00 6.908775181694771783e-01 9.567118258020257393e-01 nan 5.753719183500575873e+00
8.769999999999999574e+00 6.919242512051212435e-01 9.566591539034855485e-01 nan 5.391730919254384524e+00
8.779999999999999361e+00 6.936561370164748830e-01 9.566206866451554269e-01 nan 5.036046993049978937e+00
8.790000000000000924e+00 6.953074951718575258e-01 9.565975230884817826e-01 nan 4.696439754954170098e+00
8.800000000000000711e+00 6.962400286838523744e-01 9.565905438785498038e-01 nan 4.381875490334854462e+00
8.810000000000000497e+00 6.964443109593904113e-01 9.566004241299228550e-01 nan 4.099661992248649689e+00
8.820000000000000284e+00 6.964963258417127268e-01 9.566276493330501118e-01 nan 3.854601454319834808e+00
8.830000000000000071e+00 6.959557247056884499e-01 9.566725318146378498e-01 nan 3.648186658055953213e+00
8.839999999999999858e+00 6.948460975669706885e-01 9.567352254234299247e-01 nan 3.478211651013408012e+00
8.849999999999999645e+00 6.933175507577907792e-01 9.568157340403856681e-01 nan 3.338999372982258684e+00
8.859999999999999432e+00 6.915902673277842805e-01 9.569139113383651196e-01 nan 3.222244262399614367e+00
8.870000000000000995e+00 6.894589018335747221e-01 9.570294513246885293e-01 nan 3.118277177825793611e+00
8.880000000000000782e+00 6.867299408959245399e-01 9.571618807027251208e-01 nan 3.017345664209598155e+00
8.890000000000000568e+00 6.839681353826692067e-01 9.573105687050860180e-01 nan 2.910363466490768047e+00
8.900000000000000355e+00 6.835630744313608842e-01 9.574747618630332635e-01 nan 2.789116991343887353e+00
8.910000000000000142e+00 6.848474581095996827e-01 9.576536155213802859e-01 nan 2.646565104095447207e+00
8.919999999999999929e+00 6.855341664375478317e-01 9.578461935588156173e-01 nan 2.477987135746458680e+00
8.929999999999999716e+00 6.859556335054041165e-01 9.580514365048563574e-01 nan 2.282517052740711705e+00
8.939999999999999503e+00 6.963413988986740799e-01 9.582681342081705855e-01 nan 2.063184224692914182e+00
8.950000000000001066e+00 7.114219291063943462e-01 9.584949345461654113e-01 nan 1.824842068892905012e+00
8.960000000000000853e+00 7.253096881491695180e-01 9.587303733757828184e-01 nan 1.571972137397217306e+00
8.970000000000000639e+00 7.377748097872075528e-01 9.589728962325575479e-01 nan 1.308332869830332257e+00
8.980000000000000426e+00 7.484191854231264651e-01 9.592208527859960032e-01 nan 1.037691663936217257e+00
8.990000000000000213e+00 7.574975152020669844e-01 9.594724972903508897e-01 nan 7.646309953455445729e-01
9.000000000000000000e+00 7.647859323145521637e-01 9.597259859839557539e-01 nan 4.945383941121192506e-01
9.009999999999999787e+00 7.700690624889237057e-01 9.599793901768149951e-01 nan 2.332140222437146526e-01
9.019999999999999574e+00 7.733689356645705448e-01 9.602307391681498272e-01 nan -1.356693250834224707e-02
9.029999999999999361e+00 7.762518097548907203e-01 9.604780854411819613e-01 nan -2.405695709980916752e-01
9.040000000000000924e+00 7.782469597944892126e-01 9.607195622124818923e-01 nan -4.428960629839875929e-01
9.050000000000000711e+00 7.784624932954996579e-01 9.609534193938477076e-01 nan -6.162921892828014947e-01
9.060000000000000497e+00 7.775224286831027287e-01 9.611780473010255177e-01 nan -7.567196569988244859e-01
9.070000000000000284e+00 7.752664594483539284e-01 9.613919846669325420e-01 nan -8.603361759912032669e-01
9.080000000000000071e+00 7.718142115849022655e-01 9.615939117542738890e-01 nan -9.234241181782641972e-01
9.089999999999999858e+00 7.677540752554168346e-01 9.617826333704557751e-01 nan -9.423350472305275227e-01
9.099999999999999645e+00 7.624281462041881952e-01 9.619570599692947033e-01 nan -9.134240214141603476e-01
9.109999999999999432e+00 7.560993632092172234e-01 9.621161872914159030e-01 nan -8.325144480055449714e-01
9.120000000000000995e+00 7.485020124562825616e-01 9.622590772560960515e-01 nan -6.949238766734520123e-01
9.130000000000000782e+00 7.394377860273175784e-01 9.623848491497051238e-01 nan -4.953184839020370323e-01
9.140000000000000568e+00 7.288431746328953853e-01 9.624926751484540466e-01 nan -2.281513602194679136e-01
9.150000000000000355e+00 7.168785215312447612e-01 9.625817865535615248e-01 nan 1.117044285393438280e-01
9.160000000000000142e+00 7.029770312649552544e-01 9.626514857747183740e-01 nan 5.283320216836974170e-01
9.169999999999999929e+00 6.876976699330020759e-01 9.627011729312582311e-01 nan 1.023833570862804576e+00
9.179999999999999716e+00 6.704392087709548642e-01 9.627303916156738639e-01 nan 1.596686023856836556e+00
9.189999999999999503e+00 6.558651486813783515e-01 9.627388893591065644e-01 nan 2.240142402751102768e+00
9.200000000000001066e+00 6.559295433194121117e-01 9.627267007228459406e-01 nan 2.940999673319144581e+00
9.210000000000000853e+00 6.581486651851214953e-01 9.626942298655204455e-01 nan 3.679214412564971948e+00
9.220000000000000639e+00 6.598172144452872923e-01 9.626423295118813339e-01 nan 4.428673246105845784e+00
9.230000000000000426e+00 6.604095989309000103e-01 9.625723630649993812e-01 nan 5.158910686766492226e+00
9.240000000000000213e+00 6.608286910403431413e-01 9.624862283260681162e-01 nan 5.839119648891761827e+00
9.250000000000000000e+00 6.604892712115530973e-01 9.623863056703102492e-01 nan 6.442936110227077684e+00
9.259999999999999787e+00 6.596200087991517247e-01 9.622753390842057053e-01 nan 6.952625123100470539e+00
9.269999999999999574e+00 6.582984889255882877e-01 9.621562509172927324e-01 nan 7.361782252457401476e+00
9.279999999999999361e+00 6.560933695599689974e-01 9.620319314772780572e-01 nan 7.675710677358186018e+00
9.290000000000000924e+00 6.546382066159468494e-01 9.619050455883062511e-01 nan 7.909386894319938577e+00
9.300000000000000711e+00 6.532370246147950477e-01 9.617778990169246756e-01 nan 8.083531482869641849e+00
9.310000000000000497e+00 6.626352364888317137e-01 9.616523785997649343e-01 nan 8.219937518259330389e+00
9.320000000000000284e+00 6.718990419088802790e-01 9.615299710489735308e-01 nan 8.337460417818356007e+00
9.330000000000000071e+00 6.806681517080114263e-01 9.614118453377795692e-01 nan 8.449769931311182702e+00
9.339999999999999858e+00 6.890228027343385797e-01 9.612989715909022737e-01 nan 8.565039951887511549e+00
9.349999999999999645e+00 6.965461515791312452e-01 9.611922378910857656e-01 nan 8.686928383216926619e+00
9.359999999999999432e+00 7.042296365543148084e-01 9.610925305092623550e-01 nan 8.815947523766883620e+00
9.370000000000000995e+00 7.108620450645427580e-01 9.610007593861604747e-01 nan 8.950588164572405248e+00
9.380000000000000782e+00 7.167178268256736429e-01 9.609178364337160883e-01 nan 9.087953253792980135e+00
9.390000000000000568e+00 7.231956970049799871e-01 9.608446283343570204e-01 nan 9.223979039477885777e+00
9.400000000000000355e+00 7.287904100293511878e-01 9.607819081670612160e-01 nan 9.353489904582220404e+00
9.410000000000000142e+00 7.336184701657566531e-01 9.607303192128747726e-01 nan 9.470361357196479091e+00
9.419999999999999929e+00 7.393352591488084880e-01 9.606903550601972874e-01 nan 9.567892824447726596e+00
9.429999999999999716e+00 7.445513911497814163e-01 9.606623522116730651e-01 nan 9.639321105660204836e+00
9.439999999999999503e+00 7.492324167812026703e-01 9.606464885264849318e-01 nan 9.678347771040568759e+00
9.450000000000001066e+00 7.545866577465463187e-01 9.606427788521546551e-01 nan 9.679645139857246505e+00
9.460000000000000853e+00 7.590961301263247085e-01 9.606510664165665014e-01 nan 9.639366342396652243e+00
9.470000000000000639e+00 7.632476674169957898e-01 9.606710092764904063e-01 nan 9.555713572704950920e+00
9.480000000000000426e+00 7.681420376799015237e-01 9.607020735626917718e-01 nan 9.429250500959986070e+00
9.490000000000000213e+00 7.720904785816052884e-01 9.607435307443467076e-01 nan 9.262995211319477562e+00
9.500000000000000000e+00 7.763805185406181808e-01 9.607944635542084999e-01 nan 9.062124132688438749e+00
9.509999999999999787e+00 7.800816386228601740e-01 9.608537843639779474e-01 nan 8.833440149380169970e+00
9.519999999999999574e+00 7.831442817458923455e-01 9.609202576903238535e-01 nan 8.584825044146134232e+00
9.529999999999999361e+00 7.869148212099718043e-01 9.609925194660584591e-01 nan 8.324725842397104003e+00
9.540000000000000924e+00 7.894249827446285783e-01 9.610690997435523686e-01 nan 8.061738112702325765e+00
9.550000000000000711e+00 7.917963770314300209e-01 9.611484415010496107e-01 nan 7.804315743684647089e+00
9.560000000000000497e+00 7.935396488269124138e-01 9.612289229108041955e-01 nan 7.560537697120017775e+00
9.570000000000000284e+00 7.940465382927217597e-01 9.613088763006909510e-01 nan 7.337838545805734469e+00
9.580000000000000071e+00 7.979978498774239482e-01 9.613866052525759098e-01 nan 7.142867945486912618e+00
9.589999999999999858e+00 8.015308978348268942e-01 9.614603990336598738e-01 nan 6.981367288016110173e+00
9.599999999999999645e+00 8.031910343438801725e-01 9.615285435414773207e-01 nan 6.858092412616086264e+00
9.609999999999999432e+00 8.049963433418200198e-01 9.615893256246214049e-01 nan 6.776895280518630216e+00
9.620000000000000995e+00 8.062370379311595281e-01 9.616410320766001218e-01 nan 6.740871396395675674e+00
9.630000000000000782e+00 8.059088415628010704e-01 9.616819467453308068e-01 nan 6.752492206446429002e+00
9.640000000000000568e+00 8.038813814331901009e-01 9.617103494956151799e-01 nan 6.813647107473321363e+00
9.650000000000000355e+00 8.003749986009435213e-01 9.617245291742653190e-01 nan 6.925568012687545405e+00
9.660000000000000142e+00 7.989245172479775281e-01 9.617228146152198009e-01 nan 7.088480271577479286e+00
9.669999999999999929e+00 7.971810213499932463e-01 9.617036184081723116e-01 nan 7.301222299563967510e+00
9.679999999999999716e+00 7.938786108877349257e-01 9.616654914901596740e-01 nan 7.560904922151994612e+00
9.689999999999999503e+00 7.887515114921006543e-01 9.616071779487225246e-01 nan 7.862508670215370365e+00
9.700000000000001066e+00 7.826176126260386834e-01 9.615276884555952197e-01 nan 8.198289049406486839e+00
9.710000000000000853e+00 7.781370295906575585e-01 9.614263606401525220e-01 nan 8.557196357611895010e+00
9.720000000000000639e+00 7.764728355945591520e-01 9.613029175740822607e-01 nan 8.924645153189930014e+00
9.730000000000000426e+00 7.746303795765669964e-01 9.611575412734114643e-01 nan 9.282639605499317881e+00
9.740000000000000213e+00 7.710570188342326103e-01 9.609909492834154410e-01 nan 9.610991773429372387e+00
9.750000000000000000e+00 7.665253728502995356e-01 9.608044653271151647e-01 nan 9.889545835215209024e+00
9.759999999999999787e+00 7.608090083751551935e-01 9.606000541846273499e-01 nan 1.010094170164060934e+01
9.769999999999999574e+00 7.540539344881388439e-01 9.603802935252628847e-01 nan 1.023322566369427733e+01
9.779999999999999361e+00 7.463963257395890283e-01 9.601482714072412383e-01 nan 1.028138228306801238e+01
9.790000000000000924e+00 7.385137322594883535e-01 9.599074020384520400e-01 nan 1.024728672224710380e+01
9.800000000000000711e+00 7.307965131895806099e-01 9.596611872752180972e-01 nan 1.013852355641753888e+01
9.810000000000000497e+00 7.232847785771830962e-01 9.594130213526828044e-01 nan 9.966167923845729248e+00
9.820000000000000284e+00 7.165830398177880367e-01 9.591660365397294274e-01 nan 9.742354207956637424e+00
9.830000000000000071e+00 7.102527546996396657e-01 9.589230290089256759e-01 nan 9.478493966465192599e+00
9.839999999999999858e+00 7.055671812692823064e-01 9.586864562516739241e-01 nan 9.184517687821138310e+00
9.849999999999999645e+00 7.014890780556526373e-01 9.584584932250419520e-01 nan 8.869030766407753674e+00
9.859999999999999432e+00 6.973005770326116126e-01 9.582411214900141694e-01 nan 8.540017119785348498e+00
9.870000000000000995e+00 6.947202846142707111e-01 9.580362150599688320e-01 nan 8.205680746667715297e+00
9.880000000000000782e+00 6.918016259739078189e-01 9.578455894653623570e-01 nan 7.875048699468134572e+00
9.890000000000000568e+00 6.883895436069658036e-01 9.576709995779326690e-01 nan 7.558046878186616802e+00
9.900000000000000355e+00 6.850711697844753534e-01 9.575140941546292916e-01 nan 7.264931053191066468e+00
9.910000000000000142e+00 6.827582827886371497e-01 9.573763518380107307e-01 nan 7.005144670047557476e+00
9.919999999999999929e+00 6.807326654167151769e-01 9.572590247055317025e-01 nan 6.785836215776281932e+00
9.929999999999999716e+00 6.785554895846166445e-01 9.571631129258535431e-01 nan 6.610310016926298715e+00
9.939999999999999503e+00 6.767191123909190864e-01 9.570893697950841883e-01 nan 6.476315358899670471e+00
9.950000000000001066e+00 6.754988476985928081e-01 9.570383296836237896e-01 nan 6.375531331507846566e+00
9.960000000000000853e+00 6.756000880006951537e-01 9.570103129604586867e-01 nan 6.294061406922400792e+00
9.970000000000000639e+00 6.762763264368050198e-01 9.570053799676353501e-01 nan 6.214829256501019472e+00
9.980000000000000426e+00 6.769536012474617337e-01 9.570232306167096858e-01 nan 6.121613245305050910e+00
9.990000000000000213e+00 6.778310463984112966e-01 9.570631374480443876e-01 nan 6.002346902235291104e+00
1.000000000000000000e+01 6.786482025494080528e-01 9.571240010157603395e-01 nan 5.848942196817382033e+00
1.000999999999999979e+01 6.804442957800137526e-01 9.572045263810634586e-01 nan 5.654149012728500345e+00
1.001999999999999957e+01 6.821266724537851101e-01 9.573033198346817541e-01 nan 5.411221832080436833e+00
1.002999999999999936e+01 6.835653578287913534e-01 9.574187875460615782e-01 nan 5.119300616863623254e+00
1.004000000000000092e+01 6.898994336199645305e-01 9.575489768218929942e-01 nan 4.787879681581358682e+00
1.005000000000000071e+01 7.060997721873735200e-01 9.576916130175372466e-01 nan 4.433630432108738084e+00
1.006000000000000050e+01 7.233966846791006766e-01 9.578442816898479206e-01 nan 4.073478745758323250e+00
1.007000000000000028e+01 7.376083578401821939e-01 9.580045689429432798e-01 nan 3.720926198491822046e+00
1.008000000000000007e+01 7.488182862243543125e-01 9.581701420170632977e-01 nan 3.385264233433364023e+00
1.008999999999999986e+01 7.570755918801943540e-01 9.583388201488735048e-01 nan 3.071840124912972314e+00
1.009999999999999964e+01 7.626690464594086949e-01 9.585086253834822489e-01 nan 2.783277837997437221e+00
1.010999999999999943e+01 7.661703982598635498e-01 9.586778115584406734e-01 nan 2.520967234593949335e+00
1.012000000000000099e+01 7.678802773006067062e-01 9.588448739901388462e-01 nan 2.285930959697764386e+00
1.013000000000000078e+01 7.680079773446103486e-01 9.590085371258237901e-01 nan 2.079337889087951918e+00
1.014000000000000057e+01 7.669127130194197672e-01 9.591677249253462989e-01 nan 1.902539537719893259e+00
1.015000000000000036e+01 7.646572697111059247e-01 9.593215265573196149e-01 nan 1.757173862616322468e+00
1.016000000000000014e+01 7.616948691401246307e-01 9.594691635481711334e-01 nan 1.645288857343440325e+00
1.016999999999999993e+01 7.580452700319956216e-01 9.596099595016422956e-01 nan 1.569049867495909911e+00
1.017999999999999972e+01 7.536012130683670263e-01 9.597433097917621447e-01 nan 1.530806372042132324e+00
1.018999999999999950e+01 7.485835301067871317e-01 9.598686512278240546e-01 nan 1.532958146967504431e+00
1.020000000000000107e+01 7.428573671878722084e-01 9.599854336021069745e-01 nan 1.577791336397125432e+00
1.021000000000000085e+01 7.365806088480495450e-01 9.600930988489516649e-01 nan 1.667263450591627061e+00
1.022000000000000064e+01 7.297136959415355673e-01 9.601910638036610379e-01 nan 1.802861745135339699e+00
1.023000000000000043e+01 7.220560437808822840e-01 9.602787100086913608e-01 nan 1.985638084397081338e+00
1.024000000000000021e+01 7.138624457553007785e-01 9.603553771794568483e-01 nan 2.216474594989669367e+00
1.025000000000000000e+01 7.048280103840667277e-01 9.604203435006526401e-01 nan 2.495756174770753510e+00
1.025999999999999979e+01 6.999384822991336907e-01 9.604728178772884428e-01 nan 2.823458438694061989e+00
1.026999999999999957e+01 7.002539825993926437e-01 9.605119437161403484e-01 nan 3.198996062972083276e+00
1.027999999999999936e+01 7.000485676487385733e-01 9.605368208330944402e-01 nan 3.620496126683679261e+00
1.029000000000000092e+01 6.991367846932435848e-01 9.605465236079454572e-01 nan 4.084038706099708982e+00
1.030000000000000071e+01 6.983038691661626052e-01 9.605401376021409643e-01 nan 4.583108332785105432e+00
1.031000000000000050e+01 6.972211224937403529e-01 9.605168165939228508e-01 nan 5.108240260713359682e+00
1.032000000000000028e+01 6.954806167654120630e-01 9.604758430473315789e-01 nan 5.646824837493726434e+00
1.033000000000000007e+01 6.933560896038809540e-01 9.604167219860433313e-01 nan 6.183122482148093013e+00
1.033999999999999986e+01 6.904682787174140080e-01 9.603392659573195544e-01 nan 6.698781408857969133e+00
1.034999999999999964e+01 6.871751445226965682e-01 9.602436909330617221e-01 nan 7.173709665882491038e+00
1.035999999999999943e+01 6.833196305851266805e-01 9.601307130734668682e-01 nan 7.587518697932696732e+00
1.037000000000000099e+01 6.805205075953361105e-01 9.600016253298606639e-01 nan 7.921740620667747201e+00
1.038000000000000078e+01 6.783327177383615680e-01 9.598583367401811728e-01 nan 8.162382155165937903e+00
1.039000000000000057e+01 6.757365790905650593e-01 9.597033505622754035e-01 nan 8.302202968248897363e+00
1.040000000000000036e+01 6.729309193579240400e-01 9.595396735183262527e-01 nan 8.342079873665191769e+00
1.041000000000000014e+01 6.696259320356952038e-01 9.593706542700454198e-01 nan 8.290569894310769072e+00
1.041999999999999993e+01 6.656985075354990844e-01 9.591997599459672896e-01 nan 8.162324657139272688e+00
1.042999999999999972e+01 6.618353991930376878e-01 9.590303762358273199e-01 nan 7.975286828355248936e+00
1.043999999999999950e+01 6.583022630293372535e-01 9.588656265290630420e-01 nan 7.747726888406682555e+00
1.045000000000000107e+01 6.547352619470956370e-01 9.587082448453575489e-01 nan 7.496055524553079330e+00
1.046000000000000085e+01 6.513252308846374516e-01 9.585605115387159092e-01 nan 7.233878902195014504e+00
1.047000000000000064e+01 6.489516896230587140e-01 9.584242557691029507e-01 nan 6.972123148140431326e+00
1.048000000000000043e+01 6.480465601810098120e-01 9.583009151497701161e-01 nan 6.719755870461660230e+00
1.049000000000000021e+01 6.482725843017328460e-01 9.581916235791779757e-01 nan 6.484616750872708835e+00
1.050000000000000000e+01 6.475567015275142113e-01 9.580972959791264065e-01 nan 6.273984052356035512e+00
1.050999999999999979e+01 6.465777210513693474e-01 9.580186904778105195e-01 nan 6.094625243271683424e+00
1.051999999999999957e+01 6.466701378778287879e-01 9.579564442305801286e-01 nan 5.952184862041947078e+00
1.052999999999999936e+01 6.473729827019997218e-01 9.579110877980815397e-01 nan 5.849912023281393481e+00
1.054000000000000092e+01 6.486267186669861795e-01 9.578830520281658156e-01 nan 5.787563498411795848e+00
1.055000000000000071e+01 6.494147807133380246e-01 9.578726642627345411e-01 nan 5.760551245342108828e+00
1.056000000000000050e+01 6.497722970783194052e-01 9.578801339022893213e-01 nan 5.760123921675335268e+00
1.057000000000000028e+01 6.499759406846719045e-01 9.579055260408876338e-01 nan 5.774700458298387851e+00
1.058000000000000007e+01 6.500226964112838512e-01 9.579487217450385339e-01 nan 5.791976890700950342e+00
1.058999999999999986e+01 6.503137249287228583e-01 9.580093966183634846e-01 nan 5.800761890893290307e+00
1.059999999999999964e+01 6.502573286932924468e-01 9.580870367974185786e-01 nan 5.791559936335104908e+00
1.060999999999999943e+01 6.499622893778697064e-01 9.581810047651577733e-01 nan 5.755839600096561703e+00
1.062000000000000099e+01 6.493329711026850637e-01 9.582906075506475441e-01 nan 5.685399822963500327e+00
1.063000000000000078e+01 6.490847443854910193e-01 9.584151079944565055e-01 nan 5.573302167823975140e+00
1.064000000000000057e+01 6.580326323873296746e-01 9.585536699283799811e-01 nan 5.416033496085954191e+00
1.065000000000000036e+01 6.740761046693781733e-01 9.587052974381230497e-01 nan 5.214615623382890419e+00
1.066000000000000014e+01 6.888565351059526831e-01 9.588688349316014659e-01 nan 4.973688426922556083e+00
1.066999999999999993e+01 7.035886501685226779e-01 9.590430071809719070e-01 nan 4.699746407193902797e+00
1.067999999999999972e+01 7.192347928952245173e-01 9.592264567110106999e-01 nan 4.399771108136294906e+00
1.068999999999999950e+01 7.331942724630461372e-01 9.594177768088959501e-01 nan 4.080551614868443089e+00
1.070000000000000107e+01 7.458076783262929110e-01 9.596155311778865604e-01 nan 3.748142732306351199e+00
1.071000000000000085e+01 7.566725430111006512e-01 9.598182657231053572e-01 nan 3.407799592738809835e+00
1.072000000000000064e+01 7.657275912828422904e-01 9.600245215042396696e-01 nan 3.064344561015574619e+00
1.073000000000000043e+01 7.730315401651564056e-01 9.602328484469624392e-01 nan 2.722547717520985788e+00
1.074000000000000021e+01 7.791678739493957950e-01 9.604418216777893536e-01 nan 2.387387469362182824e+00
1.075000000000000000e+01 7.836681809634686857e-01 9.606500566723399359e-01 nan 2.064189020079502779e+00
1.075999999999999979e+01 7.868859699179067135e-01 9.608562169254711849e-01 nan 1.758561606631908081e+00
1.076999999999999957e+01 7.885868507926999671e-01 9.610590144370593224e-01 nan 1.476183227651579610e+00
1.077999999999999936e+01 7.890650720559844178e-01 9.612572076487423400e-01 nan 1.222880423512542114e+00
1.079000000000000092e+01 7.886094085467837411e-01 9.614495989862319458e-01 nan 1.004135850855917944e+00
1.080000000000000071e+01 7.868976700307189764e-01 9.616350270298497094e-01 nan 8.251435474299413375e-01
1.081000000000000050e+01 7.842359267516954002e-01 9.618123537859730732e-01 nan 6.905982664133464288e-01
1.082000000000000028e+01 7.802998184723008990e-01 9.619804513184034844e-01 nan 6.045961055759301317e-01
1.083000000000000007e+01 7.754829603919480840e-01 9.621381905807099288e-01 nan 5.706732912988432549e-01
1.083999999999999986e+01 7.695996271932059596e-01 9.622844327016536470e-01 nan 5.917821717541718041e-01
1.084999999999999964e+01 7.625869078365423714e-01 9.624180227858794012e-01 nan 6.704282272615860183e-01
1.085999999999999943e+01 7.544539944961048406e-01 9.625377847664828845e-01 nan 8.088310504015435720e-01
1.087000000000000099e+01 7.449649383162701977e-01 9.626425184787272826e-01 nan 1.009165452925551154e+00
1.088000000000000078e+01 7.345141685813842969e-01 9.627310009193570384e-01 nan 1.273355620364827745e+00
1.089000000000000057e+01 7.224552787613154337e-01 9.628020113419886172e-01 nan 1.602891308482593091e+00
1.090000000000000036e+01 7.089480225397873925e-01 9.628543571911275523e-01 nan 1.998503852572213857e+00
1.091000000000000014e+01 6.933560445951834073e-01 9.628869109915133562e-01 nan 2.458984384292726144e+00
1.091999999999999993e+01 6.757906060067716547e-01 9.628986639539566239e-01 nan 2.980638277416920001e+00
1.092999999999999972e+01 6.724172209457908167e-01 9.628887916294061045e-01 nan 3.556443090235970050e+00
1.093999999999999950e+01 6.730851357179972183e-01 9.628567198307532715e-01 nan 4.175216119968390593e+00
1.095000000000000107e+01 6.726286102758980423e-01 9.628022161460538797e-01 nan 4.821476979245830741e+00
1.096000000000000085e+01 6.710894454350687655e-01 9.627254924314254669e-01 nan 5.475029451024862936e+00
1.097000000000000064e+01 6.686412249258134599e-01 9.626273294148719462e-01 nan 6.111886985109779680e+00
1.098000000000000043e+01 6.650847926202116955e-01 9.625091615239639298e-01 nan 6.706789262441223087e+00
1.099000000000000021e+01 6.641176800018229187e-01 9.623731316218597787e-01 nan 7.236713388722954221e+00
1.100000000000000000e+01 6.634069070934260903e-01 9.622220602461977190e-01 nan 7.684978131165791204e+00
1.100999999999999979e+01 6.621410431447158906e-01 9.620593076137893274e-01 nan 8.044424080186285408e+00
1.101999999999999957e+01 6.602220165857060064e-01 9.618885282311406826e-01 nan 8.318257289618577133e+00
1.102999999999999936e+01 6.607451275279532243e-01 9.617133729323948943e-01 nan 8.518180458105096164e+00
1.104000000000000092e+01 6.687282731408686898e-01 9.615372037805969274e-01 nan 8.660615618954651040e+00
1.105000000000000071e+01 6.770528277056306887e-01 9.613628876229917131e-01 nan 8.762511703520289075e+00
1.106000000000000050e+01 6.851845301951603462e-01 9.611927094531900195e-01 nan 8.838182190447094300e+00
1.107000000000000028e+01 6.930376105280278143e-01 9.610284074805015564e-01 nan 8.897931069675751203e+00
1.108000000000000007e+01 6.999891467999699302e-01 9.608712989980050523e-01 nan 8.948375868120061583e+00
1.108999999999999986e+01 7.063937676823200951e-01 9.607224446145347097e-01 nan 8.993753508161232091e+00
1.109999999999999964e+01 7.125777186408356334e-01 9.605827938420677947e-01 nan 9.037304000119060987e+00
1.110999999999999943e+01 7.174212182818761052e-01 9.604532716285058003e-01 nan 9.082031752715677086e+00
1.112000000000000099e+01 7.218958554895634760e-01 9.603347977151945880e-01 nan 9.130582588309016145e+00
1.113000000000000078e+01 7.259841096557493323e-01 9.602282565506620182e-01 nan 9.184432725312776213e+00
1.114000000000000057e+01 7.290700498865503310e-01 9.601344468029813228e-01 nan 9.242931259563132329e+00
1.115000000000000036e+01 7.327938538946964231e-01 9.600540351827751007e-01 nan 9.302753380737108557e+00
1.116000000000000014e+01 7.359934386513429239e-01 9.599875253777243600e-01 nan 9.358117772942101453e+00
1.116999999999999993e+01 7.384922708446367556e-01 9.599352433658334682e-01 nan 9.401672363656624398e+00
1.117999999999999972e+01 7.413313294951309196e-01 9.598973366414310648e-01 nan 9.425575186064943267e+00
1.118999999999999950e+01 7.442668261808964569e-01 9.598737864286089883e-01 nan 9.422311412417078813e+00
1.120000000000000107e+01 7.466436641769087501e-01 9.598644210238943542e-01 nan 9.385235368085544039e+00
1.121000000000000085e+01 7.496262058479519208e-01 9.598689176251722355e-01 nan 9.309124683721044846e+00
1.122000000000000064e+01 7.523338441790076159e-01 9.598867894479166107e-01 nan 9.190925098378544433e+00
1.123000000000000043e+01 7.544222550788070025e-01 9.599173718313653847e-01 nan 9.030322655193808501e+00
1.124000000000000021e+01 7.571303179468824585e-01 9.599598129863085028e-01 nan 8.829933568602116978e+00
1.125000000000000000e+01 7.592645206852827178e-01 9.600130901174372955e-01 nan 8.594839061692495008e+00
1.125999999999999979e+01 7.616408840464526930e-01 9.600760396614801406e-01 nan 8.331789169748256896e+00
1.126999999999999957e+01 7.639013820723793424e-01 9.601473810798915043e-01 nan 8.048458801984072153e+00
1.127999999999999936e+01 7.650454460150332148e-01 9.602257320394224083e-01 nan 7.752862433690202337e+00
1.129000000000000092e+01 7.669038920441585416e-01 9.603096267264812358e-01 nan 7.453010134200988901e+00
1.130000000000000071e+01 7.678618026843422317e-01 9.603975300675572369e-01 nan 7.156654042763092249e+00
1.131000000000000050e+01 7.710377832515963314e-01 9.604878499445187456e-01 nan 6.871294632287252568e+00
1.132000000000000028e+01 7.739554197864195739e-01 9.605789528838913904e-01 nan 6.604081961656501853e+00
1.133000000000000007e+01 7.759848455806834799e-01 9.606691784265395384e-01 nan 6.361728112050106354e+00
1.133999999999999986e+01 7.785402735516676609e-01 9.607568533961352575e-01 nan 6.150496295247708467e+00
1.134999999999999964e+01 7.799423928563151698e-01 9.608403067563898725e-01 nan 5.976065391280388717e+00
1.135999999999999943e+01 7.799122643933611432e-01 9.609178800512332419e-01 nan 5.843417750260115007e+00
1.137000000000000099e+01 7.784915570001352814e-01 9.609879348545469213e-01 nan 5.756741417878120437e+00
1.138000000000000078e+01 7.782428394340666911e-01 9.610488587018770623e-01 nan 5.719374020018939575e+00
1.139000000000000057e+01 7.794850303100704370e-01 9.610990692886578479e-01 nan 5.733815582483384077e+00
1.140000000000000036e+01 7.791102471152407949e-01 9.611370154039615699e-01 nan 5.801719594514626266e+00
1.141000000000000014e+01 7.770262083219907634e-01 9.611611903396786172e-01 nan 5.923779967619980269e+00
1.141999999999999993e+01 7.736272691759082942e-01 9.611701440884942160e-01 nan 6.099386962167405279e+00
1.142999999999999972e+01 7.726359523449615185e-01 9.611625198590996177e-01 nan 6.326109754589298362e+00
1.143999999999999950e+01 7.744647589624918949e-01 9.611371094847722674e-01 nan 6.598963312146761240e+00
1.145000000000000107e+01 7.747136862932894052e-01 9.610929239645255029e-01 nan 6.909672149518710782e+00
1.146000000000000085e+01 7.729100979044494224e-01 9.610292817821362021e-01 nan 7.246261649157965223e+00
1.147000000000000064e+01 7.697827251760531730e-01 9.609459235718099679e-01 nan 7.592917168771561975e+00
1.148000000000000043e+01 7.654451980460704741e-01 9.608431197732372198e-01 nan 7.930684618205976477e+00
1.149000000000000021e+01 7.596622937516727125e-01 9.607217771633944636e-01 nan 8.238772888245978976e+00
1.150000000000000000e+01 7.542949080394982797e-01 9.605835086174282500e-01 nan 8.496877733045998582e+00
1.150999999999999979e+01 7.482943498160254947e-01 9.604306307932664044e-01 nan 8.688322872773202477e+00
1.151999999999999957e+01 7.421470278806744370e-01 9.602660674115600647e-01 nan 8.802910004144434808e+00
1.152999999999999936e+01 7.351541330011661657e-01 9.600931602067485082e-01 nan 8.838338254909396952e+00
1.154000000000000092e+01 7.275113101049878184e-01 9.599154265874509928e-01 nan 8.799543718145482529e+00
1.155000000000000071e+01 7.270307967855040854e-01 9.597363154119196160e-01 nan 8.696097088312411572e+00
1.156000000000000050e+01 7.263295735605613812e-01 9.595590094163233275e-01 nan 8.539330601524145692e+00
1.157000000000000028e+01 7.270927493617073134e-01 9.593863275370503318e-01 nan 8.340045495733409808e+00
1.158000000000000007e+01 7.271205598672635384e-01 9.592207050419764292e-01 nan 8.107656581806578444e+00
1.158999999999999986e+01 7.263835255552293368e-01 9.590642387698211646e-01 nan 7.850592177170215180e+00
1.159999999999999964e+01 7.252319002840899032e-01 9.589187650898658433e-01 nan 7.577309290728380553e+00
1.160999999999999943e+01 7.234972611915269081e-01 9.587859339764216449e-01 nan 7.297152087476939109e+00
1.162000000000000099e+01 7.211211570740885257e-01 9.586672509530962394e-01 nan 7.020560075120300780e+00
1.163000000000000078e+01 7.182224764597213706e-01 9.585640791263898564e-01 nan 6.758472348891176651e+00
1.164000000000000057e+01 7.153417035817750680e-01 9.584776160221477603e-01 nan 6.521064636573966844e+00
1.165000000000000036e+01 7.120919851728985117e-01 9.584088677969071490e-01 nan 6.316225719872925026e+00
1.166000000000000014e+01 7.099296780264989781e-01 9.583586346166591552e-01 nan 6.147898855614959857e+00
1.166999999999999993e+01 7.124753109803744211e-01 9.583275173373294598e-01 nan 6.015314866045116560e+00
1.167999999999999972e+01 7.140491329576157398e-01 9.583159323327227197e-01 nan 5.912960976599372920e+00
1.168999999999999950e+01 7.150604608944789442e-01 9.583241187719646614e-01 nan 5.831533311650848539e+00
1.170000000000000107e+01 7.151186908236507600e-01 9.583521246444024477e-01 nan 5.759743494511923245e+00
1.171000000000000085e+01 7.142827672067675326e-01 9.583997646591191355e-01 nan 5.686534499826737310e+00
1.172000000000000064e+01 7.127422279280023476e-01 9.584665910339728034e-01 nan 5.602679921247974093e+00
1.173000000000000043e+01 7.107074059380210640e-01 9.585519120783235758e-01 nan 5.500791883323784326e+00
1.174000000000000021e+01 7.082193342571040384e-01 9.586548747614530575e-01 nan 5.373870935119708925e+00
1.175000000000000000e+01 7.085675508107861509e-01 9.587745508607483647e-01 nan 5.214372260284100058e+00
1.175999999999999979e+01 7.103702763008793442e-01 9.589099286848670189e-01 nan 5.015943567213819065e+00
1.176999999999999957e+01 7.115545972394482499e-01 9.590598248040680396e-01 nan 4.776654638705979394e+00
1.177999999999999936e+01 7.127034953957048780e-01 9.592228126832139656e-01 nan 4.500280548010933579e+00
1.179000000000000092e+01 7.133301782620654619e-01 9.593972527777064885e-01 nan 4.194480822962879607e+00
1.180000000000000071e+01 7.279847836239470293e-01 9.595813845071070602e-01 nan 3.868049037138969748e+00
1.181000000000000050e+01 7.433002556251755433e-01 9.597733784838272664e-01 nan 3.529253639305644619e+00
1.182000000000000028e+01 7.562902237786665038e-01 9.599713553295435853e-01 nan 3.185286378164155607e+00
1.183000000000000007e+01 7.675015026707741050e-01 9.601733989792273771e-01 nan 2.842271078689249109e+00
1.183999999999999986e+01 7.763542843344478639e-01 9.603775766333288999e-01 nan 2.505702582148185531e+00
1.184999999999999964e+01 7.830921451231380725e-01 9.605819729197224710e-01 nan 2.181000397449808670e+00
1.185999999999999943e+01 7.876918528935724639e-01 9.607847252630200563e-01 nan 1.873722250192203953e+00
1.187000000000000099e+01 7.901395629976715185e-01 9.609840492751781094e-01 nan 1.589664602561638773e+00
1.188000000000000078e+01 7.911419689776623132e-01 9.611782559800468029e-01 nan 1.334496154734786888e+00
1.189000000000000057e+01 7.903902855667196414e-01 9.613657639901854735e-01 nan 1.113964835258519859e+00
1.190000000000000036e+01 7.882456285021174347e-01 9.615451031541186744e-01 nan 9.334966211975705974e-01
1.191000000000000014e+01 7.845234208404208154e-01 9.617149078774064330e-01 nan 7.981569977761210355e-01
1.191999999999999993e+01 7.793102360538630702e-01 9.618739003378395935e-01 nan 7.125569618607696665e-01
1.192999999999999972e+01 7.730549117024489991e-01 9.620208669432669391e-01 nan 6.808323776243749847e-01
1.193999999999999950e+01 7.655972436581475193e-01 9.621546363014594760e-01 nan 7.066656333503513743e-01
1.195000000000000107e+01 7.566983819812764800e-01 9.622740635278732579e-01 nan 7.933037075302695751e-01
1.196000000000000085e+01 7.463110893364662823e-01 9.623780222213149660e-01 nan 9.435260591038576727e-01
1.197000000000000064e+01 7.344113454527055884e-01 9.624653985151923052e-01 nan 1.159763930967737888e+00
1.198000000000000043e+01 7.209591897644826997e-01 9.625350910205427990e-01 nan 1.443978597386604168e+00
1.199000000000000021e+01 7.061223468593108565e-01 9.625860333367195487e-01 nan 1.797068914453335164e+00
1.200000000000000000e+01 6.893011995700965011e-01 9.626172208606467162e-01 nan 2.218542445671344510e+00
1.200999999999999979e+01 6.831698693248607901e-01 9.626277654694802566e-01 nan 2.705043055021348675e+00
1.201999999999999957e+01 6.811366562973217853e-01 9.626169716727509540e-01 nan 3.249292572416347280e+00
1.203000000000000114e+01 6.784241538662625359e-01 9.625844129373563041e-01 nan 3.839297790302698576e+00
1.204000000000000092e+01 6.760084111774632420e-01 9.625300305565307468e-01 nan 4.457794522478318200e+00
1.205000000000000071e+01 6.734868312691714154e-01 9.624542505615909516e-01 nan 5.082274026196346384e+00
1.206000000000000050e+01 6.706685526608077152e-01 9.623581080329791648e-01 nan 5.686379475615431112e+00
1.207000000000000028e+01 6.671217803798848989e-01 9.622433205851508298e-01 nan 6.243138962235734724e+00
1.208000000000000007e+01 6.631950924747646026e-01 9.621123028961723334e-01 nan 6.729133503258379889e+00
1.208999999999999986e+01 6.586294808974558768e-01 9.619680770034212403e-01 nan 7.128764193306237118e+00
1.209999999999999964e+01 6.537975253723403712e-01 9.618140721407225646e-01 nan 7.436957923159182471e+00
1.210999999999999943e+01 6.487858940798589824e-01 9.616538463057262565e-01 nan 7.659162578534769672e+00
1.212000000000000099e+01 6.480547368572187050e-01 9.614907989025841539e-01 nan 7.808727764971878038e+00
1.213000000000000078e+01 6.499532938287307937e-01 9.613279374740748562e-01 nan 7.902825232213066542e+00
1.214000000000000057e+01 6.513696748286574856e-01 9.611677451971550878e-01 nan 7.958494307385774569e+00
1.215000000000000036e+01 6.545363219899477114e-01 9.610121620854537028e-01 nan 7.990025117058015880e+00
1.216000000000000014e+01 6.614855797446331787e-01 9.608626654287988345e-01 nan 8.008106554835402235e+00
1.216999999999999993e+01 6.676080918139385423e-01 9.607204148297880941e-01 nan 8.020393142437090006e+00
1.217999999999999972e+01 6.726950426558921947e-01 9.605864096179898004e-01 nan 8.032702448615392399e+00
1.218999999999999950e+01 6.778838242484637178e-01 9.604616066557705167e-01 nan 8.050017182217905187e+00
1.220000000000000107e+01 6.820380316200813642e-01 9.603469720166057932e-01 nan 8.076758324603094508e+00
1.221000000000000085e+01 6.851048230299182640e-01 9.602434740024003990e-01 nan 8.116251431447331299e+00
1.222000000000000064e+01 6.886174141544235683e-01 9.601520440379238686e-01 nan 8.169726168353282247e+00
1.223000000000000043e+01 6.911312587113419559e-01 9.600735318020143794e-01 nan 8.235414037764311246e+00
1.224000000000000021e+01 6.930460225061603197e-01 9.600086700224857994e-01 nan 8.308295060840784174e+00
1.225000000000000000e+01 6.954219874325522355e-01 9.599580510124203769e-01 nan 8.380789945252899997e+00
1.225999999999999979e+01 6.974644149825007799e-01 9.599221105375665974e-01 nan 8.444202900316547300e+00
1.226999999999999957e+01 6.989816451336932079e-01 9.599011178203411543e-01 nan 8.490297770727854854e+00
1.228000000000000114e+01 7.005442135603944243e-01 9.598951720297903556e-01 nan 8.512312623997505767e+00
1.229000000000000092e+01 7.027464386183268630e-01 9.599042214988863231e-01 nan 8.504968083931913725e+00
1.230000000000000071e+01 7.044626951145323002e-01 9.599280934913235752e-01 nan 8.463853203407220249e+00
1.231000000000000050e+01 7.059369960566939106e-01 9.599665167187925174e-01 nan 8.385017358439496249e+00
1.232000000000000028e+01 7.081853056267587432e-01 9.600191215749276363e-01 nan 8.265272849365588925e+00
1.233000000000000007e+01 7.098983770013793659e-01 9.600854127129230253e-01 nan 8.103070085421624213e+00
1.233999999999999986e+01 7.117914330295112002e-01 9.601647446460133128e-01 nan 7.899226876152596333e+00
1.234999999999999964e+01 7.142430168035095450e-01 9.602563233314014290e-01 nan 7.656869463155749678e+00
1.235999999999999943e+01 7.159537721701786372e-01 9.603592268312650670e-01 nan 7.380864261148167849e+00
1.237000000000000099e+01 7.183158351263901897e-01 9.604724360964194130e-01 nan 7.077152362583165157e+00
1.238000000000000078e+01 7.205641390398170865e-01 9.605948616917168170e-01 nan 6.752151632884251242e+00
1.239000000000000057e+01 7.291542054494299929e-01 9.607253586631573361e-01 nan 6.412313794945617929e+00
1.240000000000000036e+01 7.404320172800457067e-01 9.608627407499965578e-01 nan 6.063923989044390339e+00
1.241000000000000014e+01 7.501853052355771379e-01 9.610057906046987064e-01 nan 5.712981434574238016e+00
1.241999999999999993e+01 7.583771293788530432e-01 9.611532702048301013e-01 nan 5.365216680259648818e+00
1.242999999999999972e+01 7.652495820088430767e-01 9.613039303247620238e-01 nan 5.026151675884156234e+00
1.243999999999999950e+01 7.708721535736950958e-01 9.614565165148077908e-01 nan 4.701107002455237271e+00
1.245000000000000107e+01 7.752079635576379912e-01 9.616097720826037865e-01 nan 4.395200121024241291e+00
1.246000000000000085e+01 7.781009136050974773e-01 9.617624413807194239e-01 nan 4.113380482141868022e+00
1.247000000000000064e+01 7.795460684378812122e-01 9.619132736912813231e-01 nan 3.860353262495223703e+00
1.248000000000000043e+01 7.797329551236701350e-01 9.620610190669892647e-01 nan 3.640443379256842693e+00
1.249000000000000021e+01 7.787505676630207541e-01 9.622044247534313754e-01 nan 3.457532666933907262e+00
1.250000000000000000e+01 7.768111149020521244e-01 9.623422295006235361e-01 nan 3.314993692525466162e+00
1.250999999999999979e+01 7.736062648158297250e-01 9.624731571514699713e-01 nan 3.215652398917101973e+00
1.251999999999999957e+01 7.690806422045319835e-01 9.625959105760808487e-01 nan 3.161928402407545580e+00
1.253000000000000114e+01 7.636054363948013846e-01 9.627091684028140639e-01 nan 3.155951755019736016e+00
1.254000000000000092e+01 7.569064256361937026e-01 9.628115750435215503e-01 nan 3.199734331667793974e+00
1.255000000000000071e+01 7.521636272066517526e-01 9.629017348771091722e-01 nan 3.295345340708732529e+00
1.256000000000000050e+01 7.497074962440005708e-01 9.629782164819826740e-01 nan 3.444877812966065100e+00
1.257000000000000028e+01 7.502735289473202451e-01 9.630395676711716035e-01 nan 3.650197854208221848e+00
1.258000000000000007e+01 7.530484729955329026e-01 9.630843424992570068e-01 nan 3.912577977765732573e+00
1.258999999999999986e+01 7.537901858183202464e-01 9.631111339415719952e-01 nan 4.232193716274474937e+00
1.259999999999999964e+01 7.528713777071192048e-01 9.631186248680072559e-01 nan 4.607583149339516737e+00
1.260999999999999943e+01 7.503243934356881306e-01 9.631056317591083493e-01 nan 5.035075528674832768e+00
1.262000000000000099e+01 7.465900935548754891e-01 9.630711699899698885e-01 nan 5.508332503283695836e+00
1.263000000000000078e+01 7.429534670787258932e-01 9.630145277025001782e-01 nan 6.017505210475212252e+00
1.264000000000000057e+01 7.386708416947388445e-01 9.629353591690724690e-01 nan 6.548300899733562552e+00
1.265000000000000036e+01 7.331201861916046836e-01 9.628337900366974456e-01 nan 7.081752035132862666e+00
1.266000000000000014e+01 7.269421768686763485e-01 9.627105191301779108e-01 nan 7.595136776561176362e+00
1.266999999999999993e+01 7.200442630521750598e-01 9.625669311496507508e-01 nan 8.063997186153525121e+00
1.267999999999999972e+01 7.158184694893640065e-01 9.624051716100260334e-01 nan 8.465715658459149751e+00
1.268999999999999950e+01 7.151365783439123103e-01 9.622281462785324813e-01 nan 8.783698953162074829e+00
1.270000000000000107e+01 7.132797781860910069e-01 9.620393992317401999e-01 nan 9.010653703007674764e+00
1.271000000000000085e+01 7.105695743925769525e-01 9.618428770856746191e-01 nan 9.149666435524951069e+00
1.272000000000000064e+01 7.076430945997997934e-01 9.616426064038281485e-01 nan 9.212298642143530003e+00
1.273000000000000043e+01 7.059149357361413912e-01 9.614423590291578670e-01 nan 9.215028291849147735e+00
1.274000000000000021e+01 7.037128323772821048e-01 9.612453882628053670e-01 nan 9.175135191319563788e+00
1.275000000000000000e+01 7.009429520042355088e-01 9.610542995920728915e-01 nan 9.107634036443680969e+00
1.275999999999999979e+01 6.977045293978624274e-01 9.608710499901716995e-01 nan 9.023910190485194605e+00
1.276999999999999957e+01 6.951575994088778909e-01 9.606970642594478971e-01 nan 8.931945952098391928e+00
1.278000000000000114e+01 6.992358336494343130e-01 9.605334110569923034e-01 nan 8.837524750503774840e+00
1.279000000000000092e+01 7.028006022774633266e-01 9.603809752042230530e-01 nan 8.745663688100876243e+00
1.280000000000000071e+01 7.058468135515510999e-01 9.602405806374797459e-01 nan 8.661493098514574385e+00
1.281000000000000050e+01 7.075247123638578328e-01 9.601130426065389578e-01 nan 8.590318113437655612e+00
1.282000000000000028e+01 7.090458073066199240e-01 9.599991684254215452e-01 nan 8.536665261397740068e+00
1.283000000000000007e+01 7.100064498872021845e-01 9.598997281383727653e-01 nan 8.502789603045084021e+00
1.283999999999999986e+01 7.101411987271314397e-01 9.598154157877175630e-01 nan 8.487363905229685201e+00
1.284999999999999964e+01 7.107363971251779988e-01 9.597468116302076968e-01 nan 8.485078978969717411e+00
1.285999999999999943e+01 7.107512366849392249e-01 9.596943481820097155e-01 nan 8.487505881720650791e+00
1.287000000000000099e+01 7.103032240423752253e-01 9.596582819991998914e-01 nan 8.484881854491876041e+00
1.288000000000000078e+01 7.104809011809601893e-01 9.596386748176963799e-01 nan 8.467982743597065820e+00
1.289000000000000057e+01 7.106960815483719385e-01 9.596353974319590252e-01 nan 8.429162279290743243e+00
1.290000000000000036e+01 7.104684234584975888e-01 9.596481611627476482e-01 nan 8.362271647897767224e+00
1.291000000000000014e+01 7.107823128050706485e-01 9.596765558272365437e-01 nan 8.262131067461163880e+00
1.291999999999999993e+01 7.108623190911753653e-01 9.597200703622078555e-01 nan 8.124465692173437503e+00
1.292999999999999972e+01 7.109731014712784569e-01 9.597780742674122401e-01 nan 7.946685217054279882e+00
1.293999999999999950e+01 7.118876120553220277e-01 9.598497809143132775e-01 nan 7.728934694279725903e+00
1.295000000000000107e+01 7.125092426992130079e-01 9.599342316290259136e-01 nan 7.474345137482418799e+00
1.296000000000000085e+01 7.139349836074165845e-01 9.600303078963202674e-01 nan 7.188401069934220899e+00
1.297000000000000064e+01 7.149895647868806936e-01 9.601367705887996484e-01 nan 6.877999036445862302e+00
1.298000000000000043e+01 7.156787283143601908e-01 9.602522908820637637e-01 nan 6.550551967875717807e+00
1.299000000000000021e+01 7.199990123249131457e-01 9.603754726565416622e-01 nan 6.213404675677932865e+00
1.300000000000000000e+01 7.305056804728750075e-01 9.605048656536689933e-01 nan 5.873544296892359462e+00
1.300999999999999979e+01 7.393962780913072574e-01 9.606389743429682992e-01 nan 5.537484697287089475e+00
1.301999999999999957e+01 7.466989888160355804e-01 9.607762720149828350e-01 nan 5.211348266274971941e+00
1.303000000000000114e+01 7.522191061807425028e-01 9.609152135925829175e-01 nan 4.901001249810081895e+00
1.304000000000000092e+01 7.564924539625200728e-01 9.610542442672133090e-01 nan 4.612129288885300049e+00
1.305000000000000071e+01 7.590141532278112946e-01 9.611918066759990165e-01 nan 4.350287986769854065e+00
1.306000000000000050e+01 7.597969937262833984e-01 9.613263503508104879e-01 nan 4.120913194954273884e+00
1.307000000000000028e+01 7.591281149395870953e-01 9.614563432317173586e-01 nan 3.929242485137920404e+00
1.308000000000000007e+01 7.567380184366615525e-01 9.615802753748587950e-01 nan 3.780159833694705540e+00
1.308999999999999986e+01 7.528874477594018622e-01 9.616966621056599607e-01 nan 3.678090400320430220e+00
1.309999999999999964e+01 7.474869296662082219e-01 9.618040440333891494e-01 nan 3.626824048818782842e+00
1.310999999999999943e+01 7.403062898512460244e-01 9.619009858564774307e-01 nan 3.629397070972582018e+00
1.312000000000000099e+01 7.316984034946515392e-01 9.619860773146410304e-01 nan 3.688050887680247580e+00
1.313000000000000078e+01 7.337123308755826301e-01 9.620579338078910636e-01 nan 3.804275154318276453e+00
1.314000000000000057e+01 7.348595830416710939e-01 9.621151965411685048e-01 nan 3.978840822252926568e+00
1.315000000000000036e+01 7.349724093618233978e-01 9.621565421579874045e-01 nan 4.211679359861546068e+00
1.316000000000000014e+01 7.336222034496671096e-01 9.621807182502771782e-01 nan 4.501382064076167921e+00
1.316999999999999993e+01 7.312056854765154323e-01 9.621865956371162820e-01 nan 4.844229398137470000e+00
1.317999999999999972e+01 7.289909186280663089e-01 9.621732318531042161e-01 nan 5.233340633449180324e+00
1.318999999999999950e+01 7.260942275465133156e-01 9.621399580211931202e-01 nan 5.658065654651494469e+00
1.320000000000000107e+01 7.221002066833115407e-01 9.620864778626747604e-01 nan 6.103516170681829500e+00
1.321000000000000085e+01 7.172120518238556119e-01 9.620130010649635688e-01 nan 6.550849087801002391e+00
1.322000000000000064e+01 7.114319593696182276e-01 9.619203505679957411e-01 nan 6.978727190899975952e+00
1.323000000000000043e+01 7.070356927415434312e-01 9.618100462048186916e-01 nan 7.365654341898856927e+00
1.324000000000000021e+01 7.058420497028958795e-01 9.616843240095030998e-01 nan 7.693126412946699411e+00
1.325000000000000000e+01 7.057634369840080080e-01 9.615460542145196632e-01 nan 7.948934211385393134e+00
1.325999999999999979e+01 7.052951435624383869e-01 9.613985512898413077e-01 nan 8.129204155181962932e+00
1.326999999999999957e+01 7.040198691213814808e-01 9.612453087702759191e-01 nan 8.238253850789964972e+00
1.328000000000000114e+01 7.020672436562060970e-01 9.610897201342812890e-01 nan 8.286344097169374479e+00
1.329000000000000092e+01 6.993258954319513387e-01 9.609348462301521288e-01 nan 8.286345321417066145e+00
1.330000000000000071e+01 6.960332642556974481e-01 9.607832760144254802e-01 nan 8.250738328557192247e+00
1.331000000000000050e+01 6.921804922482285294e-01 9.606370914808098904e-01 nan 8.190077526831473165e+00
1.332000000000000028e+01 6.878570823399707823e-01 9.604979202588437293e-01 nan 8.112828652047550548e+00
1.333000000000000007e+01 6.894757973672392959e-01 9.603670408545422754e-01 nan 8.026144839573714052e+00
1.333999999999999986e+01 6.906284596627081385e-01 9.602455018746052229e-01 nan 7.936798319953585867e+00
1.334999999999999964e+01 6.919327637208688708e-01 9.601342186331971451e-01 nan 7.851669386594648081e+00
1.335999999999999943e+01 6.926155400440849874e-01 9.600340297884446539e-01 nan 7.777577864386532980e+00
1.337000000000000099e+01 6.928733811701424106e-01 9.599457148080203783e-01 nan 7.720392136668146499e+00
1.338000000000000078e+01 6.927141950289776862e-01 9.598699844273712589e-01 nan 7.683783301537286725e+00
1.339000000000000057e+01 6.936312212832146384e-01 9.598074602242027131e-01 nan 7.668136453380888895e+00
1.340000000000000036e+01 6.951283311232994144e-01 9.597586545589636975e-01 nan 7.670137676990503195e+00
1.341000000000000014e+01 6.959381410817528923e-01 9.597239523280297613e-01 nan 7.683351724359289037e+00
1.341999999999999993e+01 6.960551259951751613e-01 9.597035934834642346e-01 nan 7.699613595699211999e+00
1.342999999999999972e+01 6.957255937489066344e-01 9.596976569198226725e-01 nan 7.710673961325112735e+00
1.343999999999999950e+01 6.948356282405920847e-01 9.597060489051466581e-01 nan 7.709424401514950453e+00
1.345000000000000107e+01 6.940270373161634421e-01 9.597285149384546799e-01 nan 7.690165651223938248e+00
1.346000000000000085e+01 6.933690325369175067e-01 9.597646659815153303e-01 nan 7.648146027930382118e+00
1.347000000000000064e+01 6.920029292764185991e-01 9.598140085937632016e-01 nan 7.579041248275394160e+00
1.348000000000000043e+01 6.900278449822534466e-01 9.598759538356318455e-01 nan 7.479063076078861450e+00
1.349000000000000021e+01 6.877662418078250850e-01 9.599497941893160302e-01 nan 7.345881452312671200e+00
1.350000000000000000e+01 6.850518358931000362e-01 9.600346771241714539e-01 nan 7.179498560056095435e+00
1.350999999999999979e+01 6.817872804846039081e-01 9.601295998554063571e-01 nan 6.982416192674385513e+00
1.351999999999999957e+01 6.822885349989047388e-01 9.602334269776018338e-01 nan 6.759130657656538865e+00
1.353000000000000114e+01 6.958300794446242721e-01 9.603449174003876321e-01 nan 6.515393957513364143e+00
1.354000000000000092e+01 7.081977961572739622e-01 9.604627384738789742e-01 nan 6.257516325743128327e+00
1.355000000000000071e+01 7.193657317767890857e-01 9.605854807303342291e-01 nan 5.991956411507980640e+00
1.356000000000000050e+01 7.288757548445975454e-01 9.607116767929226864e-01 nan 5.725049397667336670e+00
1.357000000000000028e+01 7.368014675101586253e-01 9.608398146652521454e-01 nan 5.462928122076625037e+00
1.358000000000000007e+01 7.430141116625638142e-01 9.609683436904442599e-01 nan 5.211593593616718145e+00
1.358999999999999986e+01 7.473379644164326319e-01 9.610956806516653961e-01 nan 4.977009808041610306e+00
1.359999999999999964e+01 7.499156184619134580e-01 9.612202201758466291e-01 nan 4.765143185301694118e+00
1.360999999999999943e+01 7.508362787534342830e-01 9.613403437807918062e-01 nan 4.581951859717925402e+00
1.362000000000000099e+01 7.501812628208155420e-01 9.614544243954844527e-01 nan 4.433301240950752842e+00
1.363000000000000078e+01 7.477049434835301156e-01 9.615608290577594142e-01 nan 4.324801313100889999e+00
1.364000000000000057e+01 7.430960660255713224e-01 9.616579217518401723e-01 nan 4.261616135889840784e+00
1.365000000000000036e+01 7.367047219662987700e-01 9.617440681595118557e-01 nan 4.248303097055199373e+00
1.366000000000000014e+01 7.283451014301598470e-01 9.618176428822329260e-01 nan 4.288716257402853671e+00
1.366999999999999993e+01 7.180316181155822486e-01 9.618770350591631102e-01 nan 4.385948090165823210e+00
1.367999999999999972e+01 7.059334998068185207e-01 9.619206598930813978e-01 nan 4.542191157722427874e+00
1.368999999999999950e+01 7.055061941732737596e-01 9.619469857666513857e-01 nan 4.758352895469466048e+00
1.370000000000000107e+01 7.041987059317968978e-01 9.619545940162630426e-01 nan 5.033223806502348907e+00
1.371000000000000085e+01 7.020749552958808204e-01 9.619422411470111012e-01 nan 5.362510118487524124e+00
1.372000000000000064e+01 7.016163833697155461e-01 9.619089445976215513e-01 nan 5.738153900630463156e+00
1.373000000000000043e+01 6.999841678200156014e-01 9.618540787281646409e-01 nan 6.147725074246075394e+00
1.374000000000000021e+01 6.971236873940546142e-01 9.617775021597847473e-01 nan 6.574182001268328968e+00
1.375000000000000000e+01 6.934845043805458742e-01 9.616796876038645747e-01 nan 6.996648000453285832e+00
1.375999999999999979e+01 6.898760222083839544e-01 9.615618296225251216e-01 nan 7.392395411866049315e+00
1.376999999999999957e+01 6.895670236610724757e-01 9.614259146315269344e-01 nan 7.739859132758008187e+00
1.378000000000000114e+01 6.880947714195698728e-01 9.612746973760465385e-01 nan 8.022543031093304577e+00
1.379000000000000092e+01 6.856500843956095936e-01 9.611115576824366125e-01 nan 8.232330704772579111e+00
1.380000000000000071e+01 6.823559992570232824e-01 9.609402384018497223e-01 nan 8.370659219476831225e+00
1.381000000000000050e+01 6.777414478711222268e-01 9.607645261582464791e-01 nan 8.446951485593794828e+00
1.382000000000000028e+01 6.733879460483293000e-01 9.605879430789980855e-01 nan 8.475010424192978675e+00
1.383000000000000007e+01 6.710277806689285418e-01 9.604135232481020301e-01 nan 8.469001170904052245e+00
1.383999999999999986e+01 6.691224124410118934e-01 9.602437084280379676e-01 nan 8.440812064126482994e+00
1.384999999999999964e+01 6.667649736991919651e-01 9.600803622264779680e-01 nan 8.399207667760936857e+00
1.385999999999999943e+01 6.641204553160160451e-01 9.599248737401193665e-01 nan 8.350521903356550979e+00
1.387000000000000099e+01 6.612023290306188184e-01 9.597783069975370784e-01 nan 8.299962165133175418e+00
1.388000000000000078e+01 6.644693950580834452e-01 9.596415437109440116e-01 nan 8.252775846413841876e+00
1.389000000000000057e+01 6.684505878489409580e-01 9.595153820931621169e-01 nan 8.214553036421207821e+00
1.390000000000000036e+01 6.715435736630757102e-01 9.594005799966965897e-01 nan 8.190569031989026527e+00
1.391000000000000014e+01 6.739502322816516289e-01 9.592978547134060063e-01 nan 8.184453640158523058e+00
1.391999999999999993e+01 6.765107851873695122e-01 9.592078595609245806e-01 nan 8.196795314019436063e+00
1.392999999999999972e+01 6.781055148625912965e-01 9.591311542167602067e-01 nan 8.224381736374002827e+00
1.393999999999999950e+01 6.793226916242822711e-01 9.590681781307556220e-01 nan 8.260553479061801596e+00
1.395000000000000107e+01 6.808957643722751696e-01 9.590192295820898494e-01 nan 8.296588471692372124e+00
1.396000000000000085e+01 6.819260886572531266e-01 9.589844519691455016e-01 nan 8.323489262956123014e+00
1.397000000000000064e+01 6.827514118347943750e-01 9.589638280527229552e-01 nan 8.333379757588829762e+00
1.398000000000000043e+01 6.840684183976103450e-01 9.589571965504266604e-01 nan 8.319938076986867159e+00
1.399000000000000021e+01 6.850794152842418772e-01 9.589642793200023885e-01 nan 8.278107955621310410e+00
1.400000000000000000e+01 6.858912499269672614e-01 9.589847043280552708e-01 nan 8.203784367211584438e+00
1.400999999999999979e+01 6.875614609798117449e-01 9.590180098528123809e-01 nan 8.093974398506496470e+00
1.401999999999999957e+01 6.889784306790891488e-01 9.590636240529967216e-01 nan 7.947412930037738299e+00
1.403000000000000114e+01 6.903349302798728049e-01 9.591208441262120132e-01 nan 7.765093447110384517e+00
1.404000000000000092e+01 6.922878946169638281e-01 9.591888375764554553e-01 nan 7.550158540478796532e+00
1.405000000000000071e+01 6.937448356676481076e-01 9.592666620266161459e-01 nan 7.307347234994191254e+00
1.406000000000000050e+01 6.957031284672624549e-01 9.593532930333312780e-01 nan 7.042337629023473156e+00
1.407000000000000028e+01 6.978906860378027988e-01 9.594476527147580702e-01 nan 6.761216662542805622e+00
1.408000000000000007e+01 7.088343554997883489e-01 9.595486247455324857e-01 nan 6.470034489438068803e+00
1.408999999999999986e+01 7.191291629526462836e-01 9.596550657652496152e-01 nan 6.174625104630647954e+00
1.409999999999999964e+01 7.280087831505587248e-01 9.597658171124494597e-01 nan 5.880499352726840989e+00
1.410999999999999943e+01 7.354711551355489485e-01 9.598797142137404093e-01 nan 5.592850974159374822e+00
1.412000000000000099e+01 7.415137571561674079e-01 9.599955942550757459e-01 nan 5.316624201051844523e+00
1.413000000000000078e+01 7.463715263692658475e-01 9.601123002252811567e-01 nan 5.056558255121834655e+00
1.414000000000000057e+01 7.499994969286162272e-01 9.602286842664716771e-01 nan 4.817182467161425841e+00
1.415000000000000036e+01 7.524536031963567906e-01 9.603436105180199744e-01 nan 4.602801698393314211e+00
1.416000000000000014e+01 7.535603970377690031e-01 9.604559557822760496e-01 nan 4.417455729571426737e+00
1.416999999999999993e+01 7.533261424557003982e-01 9.605646069048474622e-01 nan 4.264840223659072116e+00
1.417999999999999972e+01 7.518202390074393282e-01 9.606684556721982737e-01 nan 4.148215660341280753e+00
1.418999999999999950e+01 7.491727770301415124e-01 9.607663929014563786e-01 nan 4.070331632726367665e+00
1.420000000000000107e+01 7.452566875442153682e-01 9.608573019576451824e-01 nan 4.033406169000500974e+00
1.421000000000000085e+01 7.403065250056403146e-01 9.609400504754255223e-01 nan 4.039203111613517194e+00
1.422000000000000064e+01 7.343333690373219369e-01 9.610134795181398681e-01 nan 4.089199299102242335e+00
1.423000000000000043e+01 7.308985682965624120e-01 9.610763909502963998e-01 nan 4.184772099683292446e+00
1.424000000000000021e+01 7.299362878690457412e-01 9.611275383074863177e-01 nan 4.327273597971786678e+00
1.425000000000000000e+01 7.316349663984004215e-01 9.611656280632072669e-01 nan 4.517884233403322902e+00
1.425999999999999979e+01 7.338653127083628602e-01 9.611893403416900128e-01 nan 4.757155907723831234e+00
1.426999999999999957e+01 7.347570264613487723e-01 9.611973605864723158e-01 nan 5.044434721335933069e+00
1.428000000000000114e+01 7.342383193546375697e-01 9.611884202818780087e-01 nan 5.377330338810766719e+00
1.429000000000000092e+01 7.325385986747382505e-01 9.611613568553433185e-01 nan 5.751348311899287857e+00
1.430000000000000071e+01 7.300280942455918964e-01 9.611151944854338103e-01 nan 6.159318646524034158e+00
1.431000000000000050e+01 7.278759450422662702e-01 9.610492307081426322e-01 nan 6.590648167022640003e+00
1.432000000000000028e+01 7.244100136399025391e-01 9.609631562552192197e-01 nan 7.030592015950650975e+00
1.433000000000000007e+01 7.200452369142117393e-01 9.608571658221274348e-01 nan 7.460289533020665331e+00
1.433999999999999986e+01 7.147492007558990945e-01 9.607320831815069351e-01 nan 7.857667617777021718e+00
1.434999999999999964e+01 7.084383814694240611e-01 9.605894760863482595e-01 nan 8.199682222927753728e+00
1.435999999999999943e+01 7.080008356087236221e-01 9.604317204234110728e-01 nan 8.465968209675974521e+00
1.437000000000000099e+01 7.072168406238702465e-01 9.602619746470248963e-01 nan 8.642854740147274839e+00
1.438000000000000078e+01 7.051707718605519926e-01 9.600840315396329538e-01 nan 8.726356126568305172e+00
1.439000000000000057e+01 7.021081962879421878e-01 9.599020570445201406e-01 nan 8.722853804980022829e+00
1.440000000000000036e+01 6.982118456140105067e-01 9.597202582526510595e-01 nan 8.646895832971670970e+00
1.441000000000000014e+01 6.935873374288807902e-01 9.595425569916166131e-01 nan 8.517450142989412498e+00
1.441999999999999993e+01 6.883184424834595250e-01 9.593723551020313378e-01 nan 8.353772669346898994e+00
1.442999999999999972e+01 6.850501162315970616e-01 9.592124114895821396e-01 nan 8.172569929023961066e+00
1.443999999999999950e+01 6.817293095437179096e-01 9.590648343667338427e-01 nan 7.986932410398927651e+00
1.445000000000000107e+01 6.793505264699701840e-01 9.589311665763147197e-01 nan 7.806716489210118404e+00
1.446000000000000085e+01 6.810272213785651951e-01 9.588125137449635682e-01 nan 7.639388679739121280e+00
1.447000000000000064e+01 6.819945444018249425e-01 9.587096760053175348e-01 nan 7.490713850343927227e+00
1.448000000000000043e+01 6.835031023430897523e-01 9.586232456239772715e-01 nan 7.365054989695684284e+00
1.449000000000000021e+01 6.846419224293642802e-01 9.585536669505987373e-01 nan 7.264934485349928472e+00
1.450000000000000000e+01 6.853621116939661029e-01 9.585012589955386186e-01 nan 7.190296987430048858e+00
1.450999999999999979e+01 6.860278195338542773e-01 9.584662093690755613e-01 nan 7.137928156368924526e+00
1.451999999999999957e+01 6.885194732596897627e-01 9.584485534195131828e-01 nan 7.101479698318472700e+00
1.453000000000000114e+01 6.904805331188361706e-01 9.584481489339621296e-01 nan 7.072228542349320080e+00
1.454000000000000092e+01 6.917128542797519319e-01 9.584646806221159832e-01 nan 7.040009962812004751e+00
1.455000000000000071e+01 6.921759023722234838e-01 9.584976928836836940e-01 nan 6.993940497926844913e+00
1.456000000000000050e+01 6.919454470536031687e-01 9.585466428116476978e-01 nan 6.922961402547878507e+00
1.457000000000000028e+01 6.922407821234481951e-01 9.586109277159844400e-01 nan 6.817040433283844791e+00
1.458000000000000007e+01 6.925715114125640115e-01 9.586898655410333037e-01 nan 6.669099957783875432e+00
1.458999999999999986e+01 6.923529556133182217e-01 9.587826513785072668e-01 nan 6.476526261737895140e+00
1.459999999999999964e+01 6.914740366673394201e-01 9.588883416888572819e-01 nan 6.241212439693545555e+00
1.460999999999999943e+01 6.900003244469387065e-01 9.590058739917780573e-01 nan 5.968248743443444582e+00
1.462000000000000099e+01 7.009158601222157392e-01 9.591341017657367685e-01 nan 5.664314087534815911e+00
1.463000000000000078e+01 7.155849464449043351e-01 9.592718237620616595e-01 nan 5.336546353363902817e+00
1.464000000000000057e+01 7.290394229140777504e-01 9.594178044406387329e-01 nan 4.991816657175824012e+00
1.465000000000000036e+01 7.410054977915192520e-01 9.595707916908228219e-01 nan 4.636333397980320292e+00
1.466000000000000014e+01 7.516237763477685574e-01 9.597295324209070833e-01 nan 4.275704602229354556e+00
1.466999999999999993e+01 7.606871210701626751e-01 9.598927894596118726e-01 nan 3.915052012626055067e+00
1.467999999999999972e+01 7.682686590127484338e-01 9.600593444555267642e-01 nan 3.559113452882891604e+00
1.468999999999999950e+01 7.744270183487472758e-01 9.602280082561123198e-01 nan 3.212487338427587158e+00
1.470000000000000107e+01 7.794604696438254265e-01 9.603976298926298893e-01 nan 2.879751902779948303e+00
1.471000000000000085e+01 7.833229189977344298e-01 9.605671019264316879e-01 nan 2.565491169390076820e+00
1.472000000000000064e+01 7.861625528737270496e-01 9.607353625395704810e-01 nan 2.274303313327846965e+00
1.473000000000000043e+01 7.878275618820304027e-01 9.609013932214375275e-01 nan 2.010658088580357550e+00
1.474000000000000021e+01 7.883461462109738749e-01 9.610642139848208920e-01 nan 1.778566557405811155e+00
1.475000000000000000e+01 7.879031329825830765e-01 9.612228760491720037e-01 nan 1.581773446595543753e+00
1.475999999999999979e+01 7.865821435981406040e-01 9.613764546750729334e-01 nan 1.423472954709448679e+00
1.476999999999999957e+01 7.842630814268082284e-01 9.615240368422369732e-01 nan 1.306277132540882180e+00
1.478000000000000114e+01 7.810461000024196965e-01 9.616647057209192218e-01 nan 1.232240117887570596e+00
1.479000000000000092e+01 7.771978095125817720e-01 9.617975252776040929e-01 nan 1.202962689136716667e+00
1.480000000000000071e+01 7.724693181459378888e-01 9.619215271269699885e-01 nan 1.219614249950061957e+00
1.481000000000000050e+01 7.669842744383601474e-01 9.620356995683974066e-01 nan 1.283195069102120556e+00
1.482000000000000028e+01 7.604669712599662068e-01 9.621389753807066958e-01 nan 1.394740901078225015e+00
1.483000000000000007e+01 7.529822879243023293e-01 9.622302180373154545e-01 nan 1.555532426537902246e+00
1.483999999999999986e+01 7.446244719343904084e-01 9.623082181403161961e-01 nan 1.767237606594215915e+00
1.484999999999999964e+01 7.348956864009201784e-01 9.623717045600411746e-01 nan 2.031824550428573684e+00
1.485999999999999943e+01 7.236956532808620501e-01 9.624193621784127295e-01 nan 2.350869750330655705e+00
1.487000000000000099e+01 7.107806450638700646e-01 9.624498655423683324e-01 nan 2.724888354313054872e+00
1.488000000000000078e+01 7.055876067569786247e-01 9.624619221924491930e-01 nan 3.152981967032153054e+00
1.489000000000000057e+01 7.032349045957488887e-01 9.624543395996802975e-01 nan 3.631939922177649382e+00
1.490000000000000036e+01 6.998930548178501354e-01 9.624260885310802482e-01 nan 4.155373776179939860e+00
1.491000000000000014e+01 6.958612333522961046e-01 9.623763876791167071e-01 nan 4.713131805492123405e+00
1.491999999999999993e+01 6.911144920036748074e-01 9.623048027547932426e-01 nan 5.290632212335782292e+00
1.492999999999999972e+01 6.891662178616690948e-01 9.622113761173697322e-01 nan 5.868180430081077148e+00
1.493999999999999950e+01 6.865696786089399151e-01 9.620967718389789036e-01 nan 6.421597183532264275e+00
1.495000000000000107e+01 6.827194503669248293e-01 9.619624035161054021e-01 nan 6.924443886316574925e+00
1.496000000000000085e+01 6.785948226836127084e-01 9.618105356134531991e-01 nan 7.351733894783338386e+00
1.497000000000000064e+01 6.749480976307759006e-01 9.616442956776788398e-01 nan 7.684874211200230398e+00
1.498000000000000043e+01 6.731693098038031842e-01 9.614675491581028410e-01 nan 7.915965073032796617e+00
1.499000000000000021e+01 6.719455678400569898e-01 9.612846309926262878e-01 nan 8.049441505021396992e+00
1.500000000000000000e+01 6.726286289709366706e-01 9.610999940389283180e-01 nan 8.100056542407308768e+00
1.500999999999999979e+01 6.732378781655071753e-01 9.609178605079586877e-01 3.339727779939886021e-06 8.088031346015171152e+00
1.501999999999999957e+01 6.734680090048033030e-01 9.607419642650849578e-01 1.480874502033865100e-05 8.033957692031785669e+00
1.503000000000000114e+01 6.731618185373053898e-01 9.605754246558940723e-01 3.424689752173763237e-05 7.955257587131048247e+00
1.504000000000000092e+01 6.724534981602577899e-01 9.604207424923555392e-01 6.134332175121583837e-05 7.865268099520473122e+00
1.505000000000000071e+01 6.721852967591586125e-01 9.602798813853828941e-01 9.568670284487963229e-05 7.774181213171711846e+00
1.506000000000000050e+01 6.725808791411663767e-01 9.601543849757485649e-01 1.367826030209342994e-04 7.690267524957210554e+00
1.507000000000000028e+01 6.728411720802365270e-01 9.600454824769273365e-01 1.840730698473722277e-04 7.620370390088856638e+00
1.508000000000000007e+01 6.756068190935841100e-01 9.599541587135624887e-01 2.369542772003977490e-04 7.569392080306823090e+00
1.508999999999999986e+01 6.777103849875002473e-01 9.598811925042215476e-01 2.947905532819850754e-04 7.539018661169438751e+00
1.509999999999999964e+01 6.801675626648059358e-01 9.598271614092328541e-01 3.569252567741345228e-04 7.526660629492441856e+00
1.510999999999999943e+01 6.816584574909481109e-01 9.597924172119980391e-01 4.226902209979968464e-04 7.525444796927528657e+00
1.512000000000000099e+01 6.834900603258250440e-01 9.597770428766381201e-01 4.914158171788619422e-04 7.525528406979687723e+00
1.513000000000000078e+01 6.852239880009574069e-01 9.597808242024001846e-01 5.624422986703467211e-04 7.515881630029916494e+00
1.514000000000000057e+01 6.868164142882718926e-01 9.598032829892485518e-01 6.351310531371818710e-04 7.485160953330396438e+00
1.515000000000000036e+01 6.885997667457982585e-01 9.598437684224130351e-01 7.088731938500917413e-04 7.421439155418190659e+00
1.516000000000000014e+01 6.899338172348034037e-01 9.599015381789746115e-01 7.830950800083560969e-04 7.312658413110019850e+00
1.516999999999999993e+01 6.921705100501702734e-01 9.599757448838720508e-01 8.572637449564564751e-04 7.149449641873433237e+00
1.517999999999999972e+01 6.935268869901703992e-01 9.600653541073068675e-01 9.308937718510482649e-04 6.928459043299147524e+00
1.518999999999999950e+01 6.960498214844322851e-01 9.601691046909887062e-01 1.003552724029264497e-03 6.653144331454407201e+00
1.520000000000000107e+01 7.140163845487287331e-01 9.602855509158643166e-01 1.074861209987492327e-03 6.331633147095147685e+00
1.521000000000000085e+01 7.311909355458121595e-01 9.604131336802192997e-01 1.144487454765478768e-03 5.974032276273182340e+00
1.522000000000000064e+01 7.463984351248557081e-01 9.605502325068778768e-01 1.212139167551533944e-03 5.590693463417188092e+00
1.523000000000000043e+01 7.598036225526872967e-01 9.606951988323717551e-01 1.277553948768563995e-03 5.191161198243757546e+00
1.524000000000000021e+01 7.710751397959025866e-01 9.608463815982035694e-01 1.340488483091526340e-03 4.783690758089147010e+00
1.525000000000000000e+01 7.802705320658698263e-01 9.610021506038779471e-01 1.400707808117867929e-03 4.375538231964323899e+00
1.525999999999999979e+01 7.878590135374228254e-01 9.611609138991548118e-01 1.457975188495506339e-03 3.973185302616718317e+00
1.526999999999999957e+01 7.936486877544429719e-01 9.613211282477445163e-01 1.512045591789403995e-03 3.582672645002091372e+00
1.528000000000000114e+01 7.979388454034768152e-01 9.614813128217744032e-01 1.562662095900918102e-03 3.209905681278163225e+00
1.529000000000000092e+01 8.005336274673633401e-01 9.616400507558677813e-01 1.609554967944112685e-03 2.860762903605571505e+00
1.530000000000000071e+01 8.015166132402644639e-01 9.617959850909005848e-01 1.652443426711945476e-03 2.541120873764400656e+00
1.531000000000000050e+01 8.012414721844017818e-01 9.619478149064004668e-01 1.691040341771246278e-03 2.256687793837875322e+00
1.532000000000000028e+01 7.996602117310354085e-01 9.620942905412396273e-01 1.725060201870819154e-03 2.012584642712966332e+00
1.533000000000000007e+01 7.967046846027843188e-01 9.622342011451721078e-01 1.754229678087465679e-03 1.813426573045377355e+00
1.533999999999999986e+01 7.927246061856854098e-01 9.623663598780384243e-01 1.778299786875974647e-03 1.663067395545360094e+00
1.534999999999999964e+01 7.877287179063613420e-01 9.624895898654691750e-01 1.797058751315420283e-03 1.564495777802531684e+00
1.535999999999999943e+01 7.818874053730164864e-01 9.626027123311039491e-01 1.810344597868438973e-03 1.519918025550344165e+00
1.537000000000000099e+01 7.749337407285870061e-01 9.627045349877847435e-01 1.818056395114426606e-03 1.530986855599855145e+00
1.538000000000000078e+01 7.666439685680130900e-01 9.627938409438273615e-01 1.820163417226975918e-03 1.598975529210457713e+00
1.539000000000000057e+01 7.575450272768845528e-01 9.628693780261555757e-01 1.816711507455852663e-03 1.725035988064416825e+00
1.540000000000000036e+01 7.470835707818632709e-01 9.629298555545392491e-01 1.807825525938489475e-03 1.910447223321344978e+00
1.541000000000000014e+01 7.466259293876280623e-01 9.629739597791211470e-01 1.793706131264661413e-03 2.156598777569566749e+00
1.541999999999999993e+01 7.452171885830909392e-01 9.630003757375351636e-01 1.774620946594682386e-03 2.464594003249955811e+00
1.542999999999999972e+01 7.440266478606946121e-01 9.630078285675016669e-01 1.750889885746082430e-03 2.834347069457976431e+00
1.543999999999999950e+01 7.413125960759969768e-01 9.629951362691949734e-01 1.722865166695775529e-03 3.263980659760664871e+00
1.545000000000000107e+01 7.371939871640776909e-01 9.629612791403169281e-01 1.690907007816375542e-03 3.748949673479670341e+00
1.546000000000000085e+01 7.316328203871217406e-01 9.629054635768000692e-01 1.655358063090029298e-03 4.280871095678259408e+00
1.547000000000000064e+01 7.265962820593904192e-01 9.628272140074058960e-01 1.616521629661010718e-03 4.846996723303106158e+00
1.548000000000000043e+01 7.257423898287176378e-01 9.627264832194606381e-01 1.574649438384486278e-03 5.429465761487072051e+00
1.549000000000000021e+01 7.247255447271758744e-01 9.626038044176931097e-01 1.529946202065553870e-03 6.005210591255251806e+00
1.550000000000000000e+01 7.225029184076329214e-01 9.624604183959005743e-01 1.482600138419571311e-03 6.547719476704788377e+00
1.550999999999999979e+01 7.193067229840183208e-01 9.622983717327052711e-01 1.432843531900832024e-03 7.030438463668182258e+00
1.551999999999999957e+01 7.146594469488838364e-01 9.621205344761606382e-01 1.381033836868206504e-03 7.431564811691210082e+00
1.553000000000000114e+01 7.104959945452077319e-01 9.619304893383684441e-01 1.327727947729435195e-03 7.738752604171315497e+00
1.554000000000000092e+01 7.071327900934138988e-01 9.617322779104071628e-01 1.273713185289027713e-03 7.951460514413642322e+00
1.555000000000000071e+01 7.031381006966223035e-01 9.615300680476445150e-01 1.219971755039642603e-03 8.079738014695472259e+00
1.556000000000000050e+01 7.035303192596400468e-01 9.613278264242239857e-01 1.167587383542423394e-03 8.139893808274528908e+00
1.557000000000000028e+01 7.053468384617561648e-01 9.611290785930038938e-01 1.117630735264465514e-03 8.149499352992316759e+00
1.558000000000000007e+01 7.060910176008794448e-01 9.609367961816476233e-01 1.071064778351926792e-03 8.123885129707735686e+00
1.558999999999999986e+01 7.055919512056969545e-01 9.607534083224369414e-01 1.028692849183887158e-03 8.075102434108393012e+00
1.559999999999999964e+01 7.053818802702168655e-01 9.605808961701308712e-01 9.911469660649914991e-04 8.012905703268247137e+00
1.561000000000000121e+01 7.058351543081691215e-01 9.604209150216886925e-01 9.588995624779787265e-04 7.946287399171451327e+00
1.562000000000000099e+01 7.071437049732394176e-01 9.602748889917438468e-01 9.322809293438255943e-04 7.884274438630482607e+00
1.563000000000000078e+01 7.092566479984904193e-01 9.601440589964331807e-01 9.114921862048361301e-04 7.835340204938624709e+00
1.564000000000000057e+01 7.105364161125011790e-01 9.600294908964691620e-01 8.966120602401465032e-04 7.805898333562047320e+00
1.565000000000000036e+01 7.108873137301937595e-01 9.599320699811235702e-01 8.876008901938975447e-04 7.798327237960629432e+00
1.566000000000000014e+01 7.103707481506172927e-01 9.598524906552826641e-01 8.843056694830917375e-04 7.809600901470978407e+00
1.566999999999999993e+01 7.105223275596466159e-01 9.597912384703169986e-01 8.864682966620245465e-04 7.831490780349051661e+00
1.567999999999999972e+01 7.103492075129718142e-01 9.597485630647238919e-01 8.937376396289718836e-04 7.852541877088243361e+00
1.568999999999999950e+01 7.093393039444721992e-01 9.597244445669903534e-01 9.056850634764459281e-04 7.860941898828813557e+00
1.570000000000000107e+01 7.078012287123357504e-01 9.597185883325534128e-01 9.218227809034932208e-04 7.846487880612998289e+00
1.571000000000000085e+01 7.055616772148322058e-01 9.597304760805944746e-01 9.416234085701126856e-04 7.800568395969020408e+00
1.572000000000000064e+01 7.027503388287549280e-01 9.597594539046313544e-01 9.645391859443770179e-04 7.714997293400576162e+00
1.573000000000000043e+01 7.029181769253775025e-01 9.598047791437376297e-01 9.900197101735072093e-04 7.582083566955082787e+00
1.574000000000000021e+01 7.060003892649947543e-01 9.598655790979202518e-01 1.017528388472304854e-03 7.396918922919306638e+00
1.575000000000000000e+01 7.084115230694023602e-01 9.599407786982074864e-01 1.046557501859994577e-03 7.159604341808540440e+00
1.575999999999999979e+01 7.100250599517334837e-01 9.600290832161761934e-01 1.076640691539834096e-03 6.875299527213451611e+00
1.576999999999999957e+01 7.129822067754854054e-01 9.601290325764849642e-01 1.107361105393282925e-03 6.552376693837970834e+00
1.578000000000000114e+01 7.291152457862029035e-01 9.602390634983373197e-01 1.138353752402011506e-03 6.200441495059537012e+00
1.579000000000000092e+01 7.434775611520736405e-01 9.603575573190445969e-01 1.169302493763031648e-03 5.829111467570474048e+00
1.580000000000000071e+01 7.558813935973360820e-01 9.604828693928194605e-01 1.199933500824037005e-03 5.447253170317460480e+00
1.581000000000000050e+01 7.661756466194357129e-01 9.606133501901009675e-01 1.230006843307209722e-03 5.062692092700748603e+00
1.582000000000000028e+01 7.746137025562881417e-01 9.607473598019101724e-01 1.259307870901145779e-03 4.682387546919460242e+00
1.583000000000000007e+01 7.811684355163814875e-01 9.608832870567778350e-01 1.287639664158623208e-03 4.312838790521807297e+00
1.583999999999999986e+01 7.858525357586479965e-01 9.610195651213915280e-01 1.314816125373802387e-03 3.960212358315057468e+00
1.584999999999999964e+01 7.887512950458803740e-01 9.611546731876831062e-01 1.340656995924649139e-03 3.630457195365327294e+00
1.586000000000000121e+01 7.902524232885146382e-01 9.612871418454164152e-01 1.364985181692026425e-03 3.329390225376236856e+00
1.587000000000000099e+01 7.902931499672209981e-01 9.614155545355419497e-01 1.387627441804816907e-03 3.062633189327936378e+00
1.588000000000000078e+01 7.889493995352976352e-01 9.615385448629786280e-01 1.408418212125389559e-03 2.835488649709043685e+00
1.589000000000000057e+01 7.860656717298936114e-01 9.616547884289017301e-01 1.427205343731073085e-03 2.652840024310816336e+00
1.590000000000000036e+01 7.818350882603154473e-01 9.617629917448344834e-01 1.443856767279408501e-03 2.518812587039306106e+00
1.591000000000000014e+01 7.764124314884057743e-01 9.618618813288544178e-01 1.458266911493089936e-03 2.436728661973234900e+00
1.591999999999999993e+01 7.695095277612516993e-01 9.619501912710307634e-01 1.470361963135666597e-03 2.409129569068559906e+00
1.592999999999999972e+01 7.615827041783369555e-01 9.620266493508933259e-01 1.480103845246963108e-03 2.437856210629937070e+00
1.593999999999999950e+01 7.521570856957804363e-01 9.620899678188331583e-01 1.487493063656659910e-03 2.524361641813674506e+00
1.595000000000000107e+01 7.414812546458994236e-01 9.621388427313911640e-01 1.492568902709225619e-03 2.669858151919399347e+00
1.596000000000000085e+01 7.398436459509116769e-01 9.621719513915785171e-01 1.495405985050921689e-03 2.875300084629967223e+00
1.597000000000000064e+01 7.417832460374952364e-01 9.621879724362014663e-01 1.496105772253855659e-03 3.141094804336178825e+00
1.598000000000000043e+01 7.418561483710810478e-01 9.621856244484308096e-01 1.494782689129756353e-03 3.466510595190237964e+00
1.599000000000000021e+01 7.400690182657253535e-01 9.621637260116422397e-01 1.491545122671221642e-03 3.848954623287676124e+00
1.600000000000000000e+01 7.374561779620827373e-01 9.621212603529711860e-01 1.486472195884769743e-03 4.282766392799038258e+00
1.601000000000000156e+01 7.354661889113353057e-01 9.620574525405999333e-01 1.479589749144252829e-03 4.758482040720433126e+00
1.601999999999999957e+01 7.318830235216562397e-01 9.619718705488415900e-01 1.470851262894206420e-03 5.262245936068786989e+00
1.603000000000000114e+01 7.267194291638223724e-01 9.618645591302601439e-01 1.460130863199711818e-03 5.775138875479451706e+00
1.603999999999999915e+01 7.201791940070960685e-01 9.617361943763448329e-01 1.447237041977656900e-03 6.273618941198290777e+00
1.605000000000000071e+01 7.162344357489782709e-01 9.615882082605466952e-01 1.431956328250176026e-03 6.731664029968393415e+00
1.605999999999999872e+01 7.149780885797073493e-01 9.614228751147917418e-01 1.414128611798946963e-03 7.124397858015392160e+00
1.607000000000000028e+01 7.143612377832923022e-01 9.612432946915961951e-01 1.393739960536064058e-03 7.432889395201089044e+00
1.608000000000000185e+01 7.128178690297193310e-01 9.610532318769561266e-01 1.371001486624226322e-03 7.648250267623181387e+00
1.608999999999999986e+01 7.089490618608070838e-01 9.608568228782921050e-01 1.346378510144447373e-03 7.773045446959968352e+00
1.610000000000000142e+01 7.038440139456555444e-01 9.606582295207996003e-01 1.320552668233817683e-03 7.819202410647935864e+00
1.610999999999999943e+01 6.996513102990812305e-01 9.604613313092782434e-01 1.294331193666059879e-03 7.803414242172361348e+00
1.612000000000000099e+01 6.962858396689003415e-01 9.602695214956142866e-01 1.268540677912818188e-03 7.742678324099327547e+00
1.612999999999999901e+01 6.923210559015097187e-01 9.600856364619038130e-01 1.243942878742796028e-03 7.651565324644299615e+00
1.614000000000000057e+01 6.913693635439486229e-01 9.599119794350678969e-01 1.221189504418872685e-03 7.541894805963806014e+00
1.614999999999999858e+01 6.937399749107378000e-01 9.597504083452449430e-01 1.200812248642648024e-03 7.423879720809778426e+00
1.616000000000000014e+01 6.949637930411466380e-01 9.596024415519454065e-01 1.183232348709674624e-03 7.307370355161024733e+00
1.617000000000000171e+01 6.951234340339060847e-01 9.594693406584553497e-01 1.168774556071250272e-03 7.202250239153731748e+00
1.617999999999999972e+01 6.950764994634275329e-01 9.593521548315890879e-01 1.157677252547306170e-03 7.117515205302314740e+00
1.619000000000000128e+01 6.960421610334203146e-01 9.592517437927714496e-01 1.150097302862859673e-03 7.059609647983521086e+00
1.619999999999999929e+01 6.965873535301102537e-01 9.591687887885811392e-01 1.146111933590206015e-03 7.030557772633184044e+00
1.621000000000000085e+01 6.993739474158728875e-01 9.591038012685042524e-01 1.145720520634906743e-03 7.026731555914242477e+00
1.621999999999999886e+01 7.012652750424719361e-01 9.590571210770615362e-01 1.148847803633940142e-03 7.039214157377938541e+00
1.623000000000000043e+01 7.023257440411612151e-01 9.590288987219467431e-01 1.155349173311013937e-03 7.055880422702986543e+00
1.624000000000000199e+01 7.026273811009535741e-01 9.590190616318471362e-01 1.165018469370763480e-03 7.064345028314355623e+00
1.625000000000000000e+01 7.021922986198421146e-01 9.590272965257307103e-01 1.177598851621283879e-03 7.054131129433651282e+00
1.626000000000000156e+01 7.025044890499066996e-01 9.590530835649234698e-01 1.192795902059482199e-03 7.016888071983681918e+00
1.626999999999999957e+01 7.024846598433258649e-01 9.590957781203870436e-01 1.210291263031237907e-03 6.945048195874076846e+00
1.628000000000000114e+01 7.016077955935445809e-01 9.591546778938127016e-01 1.229755341647175305e-03 6.831198882314263976e+00
1.628999999999999915e+01 7.001086565363194847e-01 9.592290094398565614e-01 1.250858912651281896e-03 6.669577596518311502e+00
1.630000000000000071e+01 6.980376474115039809e-01 9.593178585429197325e-01 1.273284272125119925e-03 6.458377968272076330e+00
1.630999999999999872e+01 6.969095587750298026e-01 9.594201340056339733e-01 1.296735420908488867e-03 6.200487298949888704e+00
1.632000000000000028e+01 7.038614560316995838e-01 9.595345930775911469e-01 1.320945302935185202e-03 5.902131208460345668e+00
1.633000000000000185e+01 7.210410911295395131e-01 9.596598990848789201e-01 1.345678975306270750e-03 5.571038181176136028e+00
1.633999999999999986e+01 7.365280319813074517e-01 9.597946647484718596e-01 1.370733342467572811e-03 5.215215293289548804e+00
1.635000000000000142e+01 7.504057956618460645e-01 9.599374825476598705e-01 1.395934316892173460e-03 4.842156452915785003e+00
1.635999999999999943e+01 7.625582938418545842e-01 9.600869445603366081e-01 1.421132221619043293e-03 4.458478093986517621e+00
1.637000000000000099e+01 7.728935884063881101e-01 9.602416648323067738e-01 1.446196137770345766e-03 4.070066355002150082e+00
1.637999999999999901e+01 7.815798622032417153e-01 9.604002844348755730e-01 1.471007674523919879e-03 3.682162694653058121e+00
1.639000000000000057e+01 7.887960483772442632e-01 9.605614780385869356e-01 1.495454915641330346e-03 3.299702956028121470e+00
1.639999999999999858e+01 7.945073822614673320e-01 9.607239645994249955e-01 1.519426356285143252e-03 2.927567281515255804e+00
1.641000000000000014e+01 7.986568664097617454e-01 9.608865137412758717e-01 1.542806173191141415e-03 2.570718787653213599e+00
1.642000000000000171e+01 8.017016081323790067e-01 9.610479486856419173e-01 1.565471791249666835e-03 2.234293932980741637e+00
1.642999999999999972e+01 8.034063764714367561e-01 9.612071434751293664e-01 1.587293919635024203e-03 1.923403119893740687e+00
1.644000000000000128e+01 8.038865796393275254e-01 9.613630158576581541e-01 1.608138511376546852e-03 1.642801732470924314e+00
1.644999999999999929e+01 8.035039952747121683e-01 9.615145182113051803e-01 1.627869485529389801e-03 1.397067919966982430e+00
1.646000000000000085e+01 8.020428973314144283e-01 9.616606308942570180e-01 1.646351919434263207e-03 1.190118631447113051e+00
1.646999999999999886e+01 7.998375469531787685e-01 9.618003505385411822e-01 1.663456363622112895e-03 1.025271230023958813e+00
1.648000000000000043e+01 7.965989292114118436e-01 9.619326730535115999e-01 1.679064109679967009e-03 9.052706298928591133e-01
1.649000000000000199e+01 7.922959220472081121e-01 9.620565754318419760e-01 1.693072328767716937e-03 8.322524891137179637e-01
1.650000000000000000e+01 7.873456444698965218e-01 9.621710034518643484e-01 1.705398751278549251e-03 8.078793235589546429e-01
1.651000000000000156e+01 7.814152501907579706e-01 9.622748637915888859e-01 1.715985829397288645e-03 8.335026954456956627e-01
1.651999999999999957e+01 7.744857051370868106e-01 9.623670161444091153e-01 1.724804190167935356e-03 9.104174661152513170e-01
1.653000000000000114e+01 7.666568017595114526e-01 9.624462627577172746e-01 1.731855435073225303e-03 1.040068326126210474e+00
1.653999999999999915e+01 7.575721690047498846e-01 9.625113440320129943e-01 1.737174096946146823e-03 1.224138583985851625e+00
1.655000000000000071e+01 7.475327141434666700e-01 9.625609465671270959e-01 1.740827660132748507e-03 1.464426823649023657e+00
1.655999999999999872e+01 7.355543083766916679e-01 9.625937303727618577e-01 1.742912408993854516e-03 1.762625167053806896e+00
1.657000000000000028e+01 7.222643648480354672e-01 9.626083594191219284e-01 1.743544818383313674e-03 2.119675669711346799e+00
1.658000000000000185e+01 7.174596563695886386e-01 9.626035468692381025e-01 1.742848163358765284e-03 2.534802653972633379e+00
1.658999999999999986e+01 7.162576943923719686e-01 9.625781128518493546e-01 1.740934837201494299e-03 3.005071617042195165e+00
1.660000000000000142e+01 7.145291373582240979e-01 9.625310609207254897e-01 1.737884493472684677e-03 3.524480708705743925e+00
1.660999999999999943e+01 7.108199518247904081e-01 9.624616510032201200e-01 1.733720327746280428e-03 4.082973659127721255e+00
1.662000000000000099e+01 7.063616843126423461e-01 9.623695011299925328e-01 1.728388903605401414e-03 4.665819421731089101e+00
1.662999999999999901e+01 7.008001956242644326e-01 9.622547113093319338e-01 1.721750127399400464e-03 5.252960705147229348e+00
1.664000000000000057e+01 6.982332448161746585e-01 9.621180276321157354e-01 1.713585769733913435e-03 5.819271020275029294e+00
1.664999999999999858e+01 6.958466526486268844e-01 9.619609729939059273e-01 1.703638050373411979e-03 6.336820843705413431e+00
1.666000000000000014e+01 6.933057293949471678e-01 9.617859455935169333e-01 1.691684183573144906e-03 6.778904832743049447e+00
1.667000000000000171e+01 6.918011039719880184e-01 9.615962229522427851e-01 1.677635421655799489e-03 7.125422837324679293e+00
1.667999999999999972e+01 6.881174442209894160e-01 9.613958110329010598e-01 1.661629080625295907e-03 7.367688205870746465e+00
1.669000000000000128e+01 6.866784230875758732e-01 9.611891406102628377e-01 1.644073011699055589e-03 7.510243901124308508e+00
1.669999999999999929e+01 6.851148985030326433e-01 9.609806989288554036e-01 1.625616934633859322e-03 7.568490364043442220e+00
1.671000000000000085e+01 6.828510308564188502e-01 9.607746964879134710e-01 1.607060347207336232e-03 7.563200196155675847e+00
1.671999999999999886e+01 6.800656579353284714e-01 9.605748393484876413e-01 1.589236988970922681e-03 7.515030249342630420e+00
1.673000000000000043e+01 6.805245394922294633e-01 9.603842415711145719e-01 1.572919383272396339e-03 7.441146495342328748e+00
1.674000000000000199e+01 6.823692967201062665e-01 9.602054379701295828e-01 1.558764502936586718e-03 7.354816856650876922e+00
1.675000000000000000e+01 6.833738013497238084e-01 9.600404677038243406e-01 1.547297855134150118e-03 7.266800136360149764e+00
1.676000000000000156e+01 6.836864197253439412e-01 9.598909783605618085e-01 1.538919640351652050e-03 7.186800167918631743e+00
1.676999999999999957e+01 6.844211570406971701e-01 9.597583078226277209e-01 1.533916993866696159e-03 7.123751186785498568e+00
1.678000000000000114e+01 6.854033000120894892e-01 9.596435411070307619e-01 1.532473948341460824e-03 7.084634379128755377e+00
1.678999999999999915e+01 6.860744623920937979e-01 9.595475444176500002e-01 1.534677487751442016e-03 7.072684868872032737e+00
1.680000000000000071e+01 6.869930305664234682e-01 9.594709870062932966e-01 1.540521901239749487e-03 7.085551324962112929e+00
1.680999999999999872e+01 6.890444012850756028e-01 9.594143445829279582e-01 1.549913348881917698e-03 7.114840266231812649e+00
1.682000000000000028e+01 6.904959434994937251e-01 9.593778778483859071e-01 1.562676042801312230e-03 7.147748477435886372e+00
1.683000000000000185e+01 6.911936307947393887e-01 9.593615896188177894e-01 1.578561233977925820e-03 7.170247940440097167e+00
1.683999999999999986e+01 6.912395449573122130e-01 9.593651991916223309e-01 1.597260180596102395e-03 7.169877376829256299e+00
1.685000000000000142e+01 6.908521577261542701e-01 9.593881839627664831e-01 1.618420301970420212e-03 7.136289321102100125e+00
1.685999999999999943e+01 6.898273120396080094e-01 9.594298851104670067e-01 1.641662230656717580e-03 7.059755638261908217e+00
1.687000000000000099e+01 6.894538104204207540e-01 9.594895913774954543e-01 1.666595577078380840e-03 6.930673031550601770e+00
1.687999999999999901e+01 6.889793130751935557e-01 9.595665112892128867e-01 1.692832939466761564e-03 6.741897572407685502e+00
1.689000000000000057e+01 6.915630131685007731e-01 9.596596798591532362e-01 1.720003284996730756e-03 6.491822955793768557e+00
1.689999999999999858e+01 7.086518437717382879e-01 9.597679240433667491e-01 1.747764173845965142e-03 6.184829911183840068e+00
1.691000000000000014e+01 7.282797717087935441e-01 9.598899117677098802e-01 1.775810351274497833e-03 5.829029784380875157e+00
1.692000000000000171e+01 7.461074652008826691e-01 9.600242240419711859e-01 1.803877456475203728e-03 5.433924182894285693e+00
1.692999999999999972e+01 7.623238918878448844e-01 9.601693968730861117e-01 1.831741434250034380e-03 5.008969534444118743e+00
1.694000000000000128e+01 7.765918110990757128e-01 9.603239440851200071e-01 1.859214970381767437e-03 4.562690731281850098e+00
1.694999999999999929e+01 7.888579999025889800e-01 9.604863876827171021e-01 1.886141801064960275e-03 4.102474959025587786e+00
1.696000000000000085e+01 7.994547966677275630e-01 9.606552686728070389e-01 1.912389539340858882e-03 3.634556484031464585e+00
1.696999999999999886e+01 8.082977150927981302e-01 9.608291591128729214e-01 1.937842896170924745e-03 3.164465082113087302e+00
1.698000000000000043e+01 8.152276342791686670e-01 9.610066707088369409e-01 1.962397486618923815e-03 2.697478584793633782e+00
1.699000000000000199e+01 8.208440827675828055e-01 9.611864594120527183e-01 1.985954246869836050e-03 2.239024649688956092e+00
1.700000000000000000e+01 8.250382410958089219e-01 9.613672305517121375e-01 2.008414345458477829e-03 1.794852886281624205e+00
1.701000000000000156e+01 8.276897527229679641e-01 9.615477449493633477e-01 2.029676309158186254e-03 1.370732352081961869e+00
1.701999999999999957e+01 8.291199040317508429e-01 9.617268199460503597e-01 2.049635894675420726e-03 9.726146201112582101e-01
1.703000000000000114e+01 8.294640687515834054e-01 9.619033267896147654e-01 2.068187680145674133e-03 6.059456669027873943e-01
1.703999999999999915e+01 8.289490495636819833e-01 9.620761791664247387e-01 2.085228297394983808e-03 2.757231965609034940e-01
1.705000000000000071e+01 8.273416506213141508e-01 9.622443165396846743e-01 2.100660118184194056e-03 -1.378760465280770564e-02
1.705999999999999872e+01 8.249830900032312231e-01 9.624066917714364511e-01 2.114395335029217293e-03 -2.591254474335681901e-01
1.707000000000000028e+01 8.217863196722552388e-01 9.625622690283239802e-01 2.126360467427856286e-03 -4.574170074602086355e-01
1.708000000000000185e+01 8.178079250711238757e-01 9.627100096929313011e-01 2.136501622674980005e-03 -6.063745071235500106e-01
1.708999999999999986e+01 8.131195848218538691e-01 9.628488546395960190e-01 2.144789032461936595e-03 -7.042167258146286857e-01
1.710000000000000142e+01 8.077552947959553142e-01 9.629777114468111021e-01 2.151220449457274045e-03 -7.494329066078764257e-01
1.710999999999999943e+01 8.014916608322109060e-01 9.630954559445106256e-01 2.155823661667559572e-03 -7.407215800292288321e-01
1.712000000000000099e+01 7.940156943532368228e-01 9.632009331144704145e-01 2.158657856529630666e-03 -6.767886198777910423e-01
1.712999999999999901e+01 7.861646844310438143e-01 9.632929536904937251e-01 2.159813929310429835e-03 -5.561972888145235716e-01
1.714000000000000057e+01 7.770655579536250857e-01 9.633702946898297093e-01 2.159414476449743932e-03 -3.771985802222041495e-01
1.715000000000000213e+01 7.668060676910252171e-01 9.634317094467046427e-01 2.157612516652820944e-03 -1.378419422561675545e-01
1.716000000000000014e+01 7.548450865107780849e-01 9.634759427111528884e-01 2.154587476915507428e-03 1.638679271864793840e-01
1.717000000000000171e+01 7.422381585238112534e-01 9.635017540084659382e-01 2.150537343973250165e-03 5.294430498028832588e-01
1.717999999999999972e+01 7.296444449693096912e-01 9.635079586267135676e-01 2.145666716045152057e-03 9.592686158137744279e-01
1.719000000000000128e+01 7.244423475627352893e-01 9.634934759523525738e-01 2.140170863463938637e-03 1.452016304445884920e+00
1.719999999999999929e+01 7.235532874289860583e-01 9.634573728063501319e-01 2.134216020884786499e-03 2.003417894503873864e+00
1.721000000000000085e+01 7.214483852590123369e-01 9.633989221880859821e-01 2.127916012414329643e-03 2.605471117546737769e+00
1.721999999999999886e+01 7.194519836174715355e-01 9.633176799757127151e-01 2.121309077610508340e-03 3.245847231165603475e+00
1.723000000000000043e+01 7.171106439323773341e-01 9.632135813298625671e-01 2.114339974738286849e-03 3.906880780511021722e+00
1.724000000000000199e+01 7.139084735080906130e-01 9.630870670365423436e-01 2.106852902027791206e-03 4.565720301146856563e+00
1.725000000000000000e+01 7.090874267830910016e-01 9.629392302907475720e-01 2.098604578170235220e-03 5.194974525199332227e+00
1.726000000000000156e+01 7.045968495828196509e-01 9.627719435579900065e-01 2.089310042322946835e-03 5.765738971837377491e+00
1.726999999999999957e+01 7.012856779707192789e-01 9.625879056411280610e-01 2.078722796900142090e-03 6.252464157226863328e+00
1.728000000000000114e+01 7.024499485677637711e-01 9.623905584217176123e-01 2.066730974798703692e-03 6.638359554311398902e+00
1.728999999999999915e+01 7.040527624355470415e-01 9.621838601641794497e-01 2.053436543454442535e-03 6.919145893713020357e+00
1.730000000000000071e+01 7.051280671283818302e-01 9.619719697085540311e-01 2.039180387382369918e-03 7.103035577325527150e+00
1.730999999999999872e+01 7.050082775293380344e-01 9.617589401343993316e-01 2.024499879041164428e-03 7.206847113108490355e+00
1.732000000000000028e+01 7.046813477586865160e-01 9.615484926188991865e-01 2.010042933682691137e-03 7.250228892058915520e+00
1.733000000000000185e+01 7.057194666681275708e-01 9.613439003518362558e-01 1.996478503061564075e-03 7.251330578426249396e+00
1.733999999999999986e+01 7.058991238424838777e-01 9.611479809920646655e-01 1.984432894239384747e-03 7.225198227257311423e+00
1.735000000000000142e+01 7.079040804245502194e-01 9.609631526258857193e-01 1.974458352579629671e-03 7.184451179102627094e+00
1.735999999999999943e+01 7.094200044913709924e-01 9.607914997196139728e-01 1.967024049946166937e-03 7.140549606495694590e+00
1.737000000000000099e+01 7.099679650797016128e-01 9.606348235742706576e-01 1.962515477748039659e-03 7.104298406852597836e+00
1.737999999999999901e+01 7.100682265731724785e-01 9.604946614824767526e-01 1.961232615650151338e-03 7.085154914079391908e+00
1.739000000000000057e+01 7.093763904995397107e-01 9.603722896089583738e-01 1.963384983491377189e-03 7.089462452362976563e+00
1.740000000000000213e+01 7.089263453866261333e-01 9.602687354611282311e-01 1.969086597500812816e-03 7.118678396504327210e+00
1.741000000000000014e+01 7.085993684079257005e-01 9.601847991850372965e-01 1.978354332594885537e-03 7.168345178498002568e+00
1.742000000000000171e+01 7.073701288083761307e-01 9.601210791197161143e-01 1.991110483439117659e-03 7.228492977531982611e+00
1.742999999999999972e+01 7.054009151101454655e-01 9.600779763617754980e-01 2.007188086053344166e-03 7.285830129511202458e+00
1.744000000000000128e+01 7.048843918299247946e-01 9.600556654098184595e-01 2.026338106437186679e-03 7.326940955786012566e+00
1.744999999999999929e+01 7.079194904585945913e-01 9.600540436473159467e-01 2.048239150915637068e-03 7.340976478720492970e+00
1.746000000000000085e+01 7.103378988814812445e-01 9.600727306706902109e-01 2.072511019282071570e-03 7.320081118269282427e+00
1.746999999999999886e+01 7.118681499055554696e-01 9.601111460665859854e-01 2.098731197808345605e-03 7.257371032331466409e+00
1.748000000000000043e+01 7.136281237942568856e-01 9.601686233520440039e-01 2.126452085583144767e-03 7.144670516919497949e+00
1.749000000000000199e+01 7.147814302418703525e-01 9.602444390722169043e-01 2.155217664467862747e-03 6.973392035844528714e+00
1.750000000000000000e+01 7.150480761699583576e-01 9.603377296447587197e-01 2.184580184068079124e-03 6.738207108978377491e+00
1.751000000000000156e+01 7.145434229989836572e-01 9.604474075164284308e-01 2.214117196553475574e-03 6.439786559701407676e+00
1.751999999999999957e+01 7.267825441602232539e-01 9.605721707548711130e-01 2.243446408417717683e-03 6.084171678984962028e+00
1.753000000000000114e+01 7.460842060766850192e-01 9.607105767297750010e-01 2.272235236565041481e-03 5.680368968921937878e+00
1.753999999999999915e+01 7.635952842320262723e-01 9.608611023398395679e-01 2.300204604876298058e-03 5.238443242483887374e+00
1.755000000000000071e+01 7.792085750231856345e-01 9.610221764342856687e-01 2.327128083688371259e-03 4.768174930158955327e+00
1.755999999999999872e+01 7.927822010253029461e-01 9.611922037018980625e-01 2.352828420486492364e-03 4.278337331122625820e+00
1.757000000000000028e+01 8.046415372953418244e-01 9.613695931492568514e-01 2.377171766134558977e-03 3.776534679178046527e+00
1.758000000000000185e+01 8.143412876833927561e-01 9.615527633967467791e-01 2.400060652940446803e-03 3.269327661804775520e+00
1.758999999999999986e+01 8.223202671428817556e-01 9.617401566636861743e-01 2.421425736738889133e-03 2.762728372005543331e+00
1.760000000000000142e+01 8.287119737797540298e-01 9.619302462331748016e-01 2.441218137355884686e-03 2.262742454047310225e+00
1.760999999999999943e+01 8.330007476612049100e-01 9.621215407850767232e-01 2.459403762743221211e-03 1.775804311887966502e+00
1.762000000000000099e+01 8.360374671533495894e-01 9.623125870308365526e-01 2.475959062404082568e-03 1.308542891927874319e+00
1.762999999999999901e+01 8.375492754686351127e-01 9.625019694208282184e-01 2.490868651889689613e-03 8.679825559236546972e-01
1.764000000000000057e+01 8.376616195319428471e-01 9.626883071063044861e-01 2.504124494307630351e-03 4.608247155915156101e-01
1.765000000000000213e+01 8.367353124939549414e-01 9.628702501933359414e-01 2.515726549633144800e-03 9.339088804935916088e-02
1.766000000000000014e+01 8.344654231714017101e-01 9.630464772943116980e-01 2.525685036348568856e-03 -2.288075957410982686e-01
1.767000000000000171e+01 8.314145083919206591e-01 9.632156914681835325e-01 2.534023480417665550e-03 -5.010705282322202025e-01
1.767999999999999972e+01 8.271276452888106645e-01 9.633766069783610275e-01 2.540781698005174262e-03 -7.193411471634522103e-01
1.769000000000000128e+01 8.221273323127804566e-01 9.635279406671581892e-01 2.546018413977474415e-03 -8.803554233329814460e-01
1.769999999999999929e+01 8.160587825721864474e-01 9.636684153461811952e-01 2.549814095815193093e-03 -9.814233343520046837e-01
1.771000000000000085e+01 8.085011230448296837e-01 9.637967648017735645e-01 2.552273095423979350e-03 -1.020165559184920356e+00
1.771999999999999886e+01 8.005836061280622307e-01 9.639117297214001567e-01 2.553524202451499300e-03 -9.947252783947748700e-01
1.773000000000000043e+01 7.913988769490818420e-01 9.640120609043484334e-01 2.553719762690621897e-03 -9.033964586040106326e-01
1.774000000000000199e+01 7.807796959937897130e-01 9.640965230550593290e-01 2.553034027492243757e-03 -7.444131317283595450e-01
1.775000000000000000e+01 7.688070704734215610e-01 9.641639027295553221e-01 2.551659515630023446e-03 -5.160933992880709642e-01
1.776000000000000156e+01 7.560818595435043754e-01 9.642130208260277779e-01 2.549800892646869252e-03 -2.170001009953329563e-01
1.776999999999999957e+01 7.419286291993304472e-01 9.642427540020059862e-01 2.547665673150279614e-03 1.537187489489901804e-01
1.778000000000000114e+01 7.264755358374638261e-01 9.642520645345702412e-01 2.545451817875656313e-03 5.956342094785708197e-01
1.778999999999999915e+01 7.249118115976721510e-01 9.642400524814298546e-01 2.543330331334573823e-03 1.106340792250237071e+00
1.780000000000000071e+01 7.202312917497976086e-01 9.642059947366997674e-01 2.541422859602793238e-03 1.680468214958102502e+00
1.780999999999999872e+01 7.149638371743040066e-01 9.641494040962559353e-01 2.539777786909574835e-03 2.308552376645663262e+00
1.782000000000000028e+01 7.085729826829653133e-01 9.640701213225536526e-01 2.538349039828834749e-03 2.975862527554907544e+00
1.783000000000000185e+01 7.096452817354934606e-01 9.639684290731472815e-01 2.536983860312474505e-03 3.662326486904945888e+00
1.783999999999999986e+01 7.107169169309338619e-01 9.638451784988472104e-01 2.535427702774507679e-03 4.342550979239260478e+00
1.785000000000000142e+01 7.121844048254818427e-01 9.637019268128919069e-01 2.533356752991011620e-03 4.987472484837587317e+00
1.785999999999999943e+01 7.126152245419286047e-01 9.635410048124504190e-01 2.530443254817988166e-03 5.568409908535895347e+00
1.787000000000000099e+01 7.116946816296885192e-01 9.633654569193090822e-01 2.526442778383034514e-03 6.062381454015961957e+00
1.787999999999999901e+01 7.096772857759237052e-01 9.631788509020045019e-01 2.521277592936257972e-03 6.456640762973075098e+00
1.789000000000000057e+01 7.068837708489139615e-01 9.629850055910582629e-01 2.515082026299707285e-03 6.750456915119401380e+00
1.790000000000000213e+01 7.034555730653803129e-01 9.627877098321971916e-01 2.508188578928156019e-03 6.953159876227553937e+00
1.791000000000000014e+01 7.024952540674369583e-01 9.625905051120389189e-01 2.501066029598532532e-03 7.079793367232423584e+00
1.792000000000000171e+01 7.045668594358511783e-01 9.623965690869098477e-01 2.494243094419816738e-03 7.146787904582569517e+00
1.792999999999999972e+01 7.058021816597662701e-01 9.622087001019623553e-01 2.488247350933791430e-03 7.169608317351480409e+00
1.794000000000000128e+01 7.060846922954012728e-01 9.620293585463598474e-01 2.483570654915809132e-03 7.162424414262089201e+00
1.794999999999999929e+01 7.056723046777428898e-01 9.618607280278425042e-01 2.480656318142030435e-03 7.138575618160452052e+00
1.796000000000000085e+01 7.064577718312383681e-01 9.617047568366172694e-01 2.479895399834728884e-03 7.110669270529666797e+00
1.796999999999999886e+01 7.064498071909143251e-01 9.615631716058337108e-01 2.481622205606946133e-03 7.089813441797786275e+00
1.798000000000000043e+01 7.072733318526165380e-01 9.614374703043968573e-01 2.486105424730777631e-03 7.084342018664843366e+00
1.799000000000000199e+01 7.091099150902497872e-01 9.613289121016498351e-01 2.493537574549484909e-03 7.098491127980248727e+00
1.800000000000000000e+01 7.101500612400514223e-01 9.612385235772251679e-01 2.504027301030453852e-03 7.131702048925361304e+00
1.801000000000000156e+01 7.102133530291819818e-01 9.611671196590665378e-01 2.517596871693764463e-03 7.178837699110429682e+00
1.801999999999999957e+01 7.096024138893958222e-01 9.611153327810384450e-01 2.534183974641637544e-03 7.231178025279505484e+00
1.803000000000000114e+01 7.089068416966263220e-01 9.610836237092476031e-01 2.553645451040444797e-03 7.278178751347629927e+00
1.803999999999999915e+01 7.083231351223255867e-01 9.610722593178162576e-01 2.575761922282390412e-03 7.309527023687734548e+00
1.805000000000000071e+01 7.073841213393957661e-01 9.610812662222991687e-01 2.600243943398872389e-03 7.316764516178615452e+00
1.805999999999999872e+01 7.056550578963064480e-01 9.611104019792212627e-01 2.626741566632974194e-03 7.293580204758062457e+00
1.807000000000000028e+01 7.036054307082804105e-01 9.611591972290608465e-01 2.654857338536959800e-03 7.234370488813640421e+00
1.808000000000000185e+01 7.063759535733906691e-01 9.612270523796931920e-01 2.684161375704119737e-03 7.132111720011150346e+00
1.808999999999999986e+01 7.084276039277566106e-01 9.613133062273689911e-01 2.714207030136039228e-03 6.978180034883783911e+00
1.810000000000000142e+01 7.099769129024113834e-01 9.614171989321612655e-01 2.744546960183330032e-03 6.765144098829528829e+00
1.810999999999999943e+01 7.109577512342108996e-01 9.615377833343113911e-01 2.774750114286072232e-03 6.490154988952549608e+00
1.812000000000000099e+01 7.185193118300859938e-01 9.616738913960066748e-01 2.804418345051302996e-03 6.155982552057606583e+00
1.812999999999999901e+01 7.387784564059545200e-01 9.618241708824192271e-01 2.833199651379012148e-03 5.769475629289066987e+00
1.814000000000000057e+01 7.573047572546610651e-01 9.619871443038425785e-01 2.860796517381888719e-03 5.339589579762593630e+00
1.815000000000000213e+01 7.743181273365905559e-01 9.621612458320212280e-01 2.886969984109056045e-03 4.875911914552875537e+00
1.816000000000000014e+01 7.893194950927754361e-01 9.623448461971673140e-01 2.911540040441514942e-03 4.387547299990085747e+00
1.817000000000000171e+01 8.023461502494184661e-01 9.625362874655720713e-01 2.934382099813238973e-03 3.882757455166572225e+00
1.817999999999999972e+01 8.134942413716214071e-01 9.627339001769685822e-01 2.955419886653670985e-03 3.368782307111473973e+00
1.819000000000000128e+01 8.226774178988884856e-01 9.629360160412578917e-01 2.974618212933117373e-03 2.852156433578151962e+00
1.819999999999999929e+01 8.297812783166851336e-01 9.631409735420166651e-01 2.991974617076071340e-03 2.339187816546409504e+00
1.821000000000000085e+01 8.352886760178470649e-01 9.633471237373548712e-01 3.007510698348660715e-03 1.836625306331125307e+00
1.821999999999999886e+01 8.389150871351724881e-01 9.635528371296625538e-01 3.021264532808592453e-03 1.351548323194972756e+00
1.823000000000000043e+01 8.410414262794241314e-01 9.637565080027633568e-01 3.033285333817763944e-03 8.916347526017373015e-01
1.824000000000000199e+01 8.414861211987541001e-01 9.639565597304566857e-01 3.043630691421996774e-03 4.645391763314560274e-01
1.825000000000000000e+01 8.407297713925969695e-01 9.641514522993337444e-01 3.052365904192629216e-03 7.772482198473504300e-02
1.826000000000000156e+01 8.384971013407999108e-01 9.643396806868272941e-01 3.059564576671825603e-03 -2.620218824781923583e-01
1.826999999999999957e+01 8.347730728880244921e-01 9.645197677947165982e-01 3.065309765736269100e-03 -5.488174097532266815e-01
1.828000000000000114e+01 8.305206584321447316e-01 9.646902649598625423e-01 3.069694955308321579e-03 -7.775156366420294951e-01
1.828999999999999915e+01 8.246463873195005734e-01 9.648497562401702199e-01 3.072825894592939172e-03 -9.439639521516768328e-01
1.830000000000000071e+01 8.171849334125175224e-01 9.649968637517308823e-01 3.074822187504914432e-03 -1.044726063590181608e+00
1.830999999999999872e+01 8.095340944751279189e-01 9.651302459458319660e-01 3.075817255803275918e-03 -1.076890239405258187e+00
1.832000000000000028e+01 8.002001813221502058e-01 9.652485921039387629e-01 3.075957268276890109e-03 -1.038296695090589861e+00
1.833000000000000185e+01 7.894637966930749817e-01 9.653506296385513386e-01 3.075398974960095750e-03 -9.271205407679286026e-01
1.833999999999999986e+01 7.776200521697272938e-01 9.654351280482493802e-01 3.074307203690325972e-03 -7.416929160715893810e-01
1.835000000000000142e+01 7.647598573591125604e-01 9.655009076236618082e-01 3.072850986410237580e-03 -4.807266622021911240e-01
1.835999999999999943e+01 7.502352133748716456e-01 9.655468552495887202e-01 3.071197573526628435e-03 -1.435295446624286486e-01
1.837000000000000099e+01 7.339368681440463504e-01 9.655719443712793559e-01 3.069503747829072007e-03 2.695968200870794695e-01
1.837999999999999901e+01 7.163647914005956130e-01 9.655752741895774482e-01 3.067902884543765880e-03 7.566175964835214485e-01
1.839000000000000057e+01 7.123559665165272170e-01 9.655561100000155106e-01 3.066485943200106864e-03 1.313169462841398349e+00
1.840000000000000213e+01 7.092002428439391215e-01 9.655139245042159146e-01 3.065279990907048002e-03 1.931295753278483796e+00
1.841000000000000014e+01 7.085594321002609552e-01 9.654484759750183720e-01 3.064227508132659310e-03 2.598463722403698384e+00
1.842000000000000171e+01 7.086559467883400965e-01 9.653599069808330713e-01 3.063171014693305549e-03 3.296586806529159475e+00
1.842999999999999972e+01 7.074079806462640896e-01 9.652488624837219922e-01 3.061850903717897900e-03 4.002475578249555355e+00
1.844000000000000128e+01 7.049448331260389500e-01 9.651166147335239476e-01 3.059926650956684095e-03 4.688388527338593015e+00
1.844999999999999929e+01 7.016070566782409701e-01 9.649651559114930111e-01 3.057029476712967014e-03 5.325156061174194377e+00
1.846000000000000085e+01 6.999447056438907744e-01 9.647971733898785818e-01 3.052842157430159242e-03 5.887094562744370485e+00
1.846999999999999886e+01 7.012479660382979763e-01 9.646159082472826052e-01 3.047185365444916947e-03 6.356863001664889268e+00
1.848000000000000043e+01 7.029636149705023040e-01 9.644249193755184413e-01 3.040078182776436658e-03 6.728209894048908346e+00
1.849000000000000199e+01 7.038304234899159795e-01 9.642278193830073896e-01 3.031745546162750628e-03 7.005358613590903616e+00
1.850000000000000000e+01 7.035530686909109432e-01 9.640280519689695682e-01 3.022572597317211597e-03 7.199581007528877308e+00
1.851000000000000156e+01 7.021263702014596264e-01 9.638287552303443917e-01 3.013033638516344863e-03 7.325095346101064386e+00
1.851999999999999957e+01 7.002185615532566798e-01 9.636327261442759751e-01 3.003628190762498620e-03 7.396268904704234259e+00
1.853000000000000114e+01 6.973887494977210055e-01 9.634424573894717625e-01 2.994841817387462225e-03 7.426914720562104222e+00
1.853999999999999915e+01 6.937747108098446525e-01 9.632602088767144854e-01 2.987131589303391316e-03 7.430541715002766168e+00
1.855000000000000071e+01 6.905040232363227615e-01 9.630880596749510358e-01 2.980923731241496948e-03 7.420418742971750525e+00
1.855999999999999872e+01 6.925417235256489112e-01 9.629279263782045684e-01 2.976610824674242716e-03 7.408794960094861715e+00
1.857000000000000028e+01 6.940361232579514983e-01 9.627815506479138197e-01 2.974542085261097819e-03 7.405590724199182517e+00
1.858000000000000185e+01 6.944359872679453094e-01 9.626504731838334550e-01 2.975008691176860877e-03 7.417256898963247025e+00
1.858999999999999986e+01 6.937036258244284603e-01 9.625360102555406971e-01 2.978229887147649385e-03 7.446335946231345204e+00
1.860000000000000142e+01 6.938841541248875755e-01 9.624392526643770207e-01 2.984344332224423205e-03 7.491372062259032738e+00
1.860999999999999943e+01 6.940158173950754517e-01 9.623610886973714695e-01 2.993406900789870751e-03 7.547531507011391305e+00
1.862000000000000099e+01 6.949015413572307009e-01 9.623022325542749389e-01 3.005389330687668892e-03 7.607293480793128282e+00
1.862999999999999901e+01 6.958014295432116691e-01 9.622632381438013249e-01 3.020182636112881715e-03 7.661440966434570399e+00
1.864000000000000057e+01 6.970267815600933448e-01 9.622444790042379292e-01 3.037600624282349449e-03 7.700489437296434758e+00
1.865000000000000213e+01 6.976681841569745135e-01 9.622460990827436111e-01 3.057385131580023924e-03 7.716200240911687658e+00
1.866000000000000014e+01 6.974359217827956758e-01 9.622679620607385020e-01 3.079214615348727958e-03 7.702388474041456767e+00
1.867000000000000171e+01 6.965348132674215043e-01 9.623096697016558787e-01 3.102716980831590581e-03 7.654023005016395764e+00
1.867999999999999972e+01 6.963991218326437416e-01 9.623706552208542986e-01 3.127485032787436121e-03 7.565079097985162093e+00
1.869000000000000128e+01 6.962441275083210979e-01 9.624502838760706780e-01 3.153092567046022685e-03 7.427303267116287522e+00
1.869999999999999929e+01 6.953684142791985989e-01 9.625478532157198952e-01 3.179110713849134066e-03 7.232278299525429333e+00
1.871000000000000085e+01 6.937150151667402787e-01 9.626625013021696819e-01 3.205124750417248473e-03 6.975192713911104292e+00
1.871999999999999886e+01 7.105399986060602080e-01 9.627931361835351254e-01 3.230750544359912296e-03 6.656916322180302714e+00
1.873000000000000043e+01 7.306291552562660385e-01 9.629384534351874692e-01 3.255648519986628284e-03 6.283167321676727646e+00
1.874000000000000199e+01 7.496022443926465550e-01 9.630969861258618092e-01 3.279533405383006084e-03 5.862456659064086750e+00
1.875000000000000000e+01 7.669405399786549671e-01 9.632671503708031269e-01 3.302179413273931274e-03 5.404478613086497241e+00
1.876000000000000156e+01 7.824244022073476579e-01 9.634472797314710402e-01 3.323420950172971660e-03 4.918910915019266028e+00
1.876999999999999957e+01 7.963070627414472469e-01 9.636356537226943297e-01 3.343149858560596436e-03 4.414652727026915358e+00
1.878000000000000114e+01 8.081480587813911765e-01 9.638305244774610925e-01 3.361309993829656850e-03 3.899897724164002266e+00
1.878999999999999915e+01 8.176075778666049843e-01 9.640301205286310182e-01 3.377888458803735786e-03 3.382133228026536376e+00
1.880000000000000071e+01 8.254948525699770112e-01 9.642326536638643475e-01 3.392906270500142471e-03 2.868424512447950381e+00
1.880999999999999872e+01 8.311908762312205656e-01 9.644363327748514125e-01 3.406408944937932681e-03 2.365875999391197304e+00
1.882000000000000028e+01 8.351479618623167678e-01 9.646393795604906174e-01 3.418458551185628910e-03 1.882116866352891993e+00
1.883000000000000185e+01 8.373000510209034353e-01 9.648400406842549959e-01 3.429127820862975379e-03 1.425014719789614137e+00
1.883999999999999986e+01 8.377071137472696938e-01 9.650365935878855161e-01 3.438496110283492495e-03 1.002884381498405419e+00
1.885000000000000142e+01 8.366533541402652041e-01 9.652273512083371365e-01 3.446647089463800682e-03 6.236927298102235007e-01
1.885999999999999943e+01 8.338879779945058690e-01 9.654106647995970292e-01 3.453667732883359577e-03 2.949699628128343853e-01
1.887000000000000099e+01 8.299759846087875204e-01 9.655849306412342958e-01 3.459648184748614474e-03 2.333101916907406870e-02
1.887999999999999901e+01 8.247972421192990566e-01 9.657486002466525443e-01 3.464682840548384112e-03 -1.856622071997401091e-01
1.889000000000000057e+01 8.183080420697963486e-01 9.659001825492697924e-01 3.468871310608610120e-03 -3.274967545826329984e-01
1.890000000000000213e+01 8.100283612699128444e-01 9.660382374405067640e-01 3.472318199904375017e-03 -3.986950983015592476e-01
1.891000000000000014e+01 8.009218004455580520e-01 9.661613716191377321e-01 3.475132702083266224e-03 -3.966079397848153443e-01
1.892000000000000171e+01 7.903909456190022498e-01 9.662682418046146804e-01 3.477428614135072080e-03 -3.191306785295348059e-01
1.892999999999999972e+01 7.781519888327510515e-01 9.663575616722619444e-01 3.479323646217161690e-03 -1.647827872902725144e-01
1.894000000000000128e+01 7.642642716812804160e-01 9.664281086354985506e-01 3.480937032815975551e-03 6.736980908160891679e-02
1.894999999999999929e+01 7.493836068642377723e-01 9.664787363662070696e-01 3.482384642740346883e-03 3.775707116254353735e-01
1.896000000000000085e+01 7.324333499698145733e-01 9.665083933587114151e-01 3.483770574535937671e-03 7.651008248935476930e-01
1.896999999999999886e+01 7.222773665851468516e-01 9.665161673379148999e-01 3.485172912778791710e-03 1.227441446722479457e+00
1.898000000000000043e+01 7.233266456005904566e-01 9.665013155399047040e-01 3.486624617539877541e-03 1.759909957026129623e+00
1.899000000000000199e+01 7.216901075249109176e-01 9.664633172606070799e-01 3.488092797717871289e-03 2.354375937896386439e+00
1.900000000000000000e+01 7.176467869702893854e-01 9.664019554514206023e-01 3.489459130258994006e-03 2.998100632330585658e+00
1.901000000000000156e+01 7.174339298202686566e-01 9.663174139968662146e-01 3.490507483196346548e-03 3.673480626906414859e+00
1.901999999999999957e+01 7.167228372396564628e-01 9.662103925753610101e-01 3.490926679368782249e-03 4.357919444053251823e+00
1.903000000000000114e+01 7.144053979583977476e-01 9.660822246424475290e-01 3.490337794508270412e-03 5.024929342780786179e+00
1.903999999999999915e+01 7.107377044856865167e-01 9.659349317939381896e-01 3.488352210329786259e-03 5.647426116386058403e+00
1.905000000000000071e+01 7.062979569702531046e-01 9.657711755418000310e-01 3.484652901334943723e-03 6.202375232086076551e+00
1.905999999999999872e+01 7.069866207460109298e-01 9.655940975717529628e-01 3.479074922736589796e-03 6.674904631386097797e+00
1.907000000000000028e+01 7.098210554608526124e-01 9.654070743518217146e-01 3.471652479372231998e-03 7.060097531687119066e+00
1.908000000000000185e+01 7.113774283786968855e-01 9.652134524562300255e-01 3.462610715060968850e-03 7.361552125715031814e+00
1.908999999999999986e+01 7.113863574458206829e-01 9.650163464901796440e-01 3.452309847569667856e-03 7.587835401439718019e+00
1.910000000000000142e+01 7.105823502626374966e-01 9.648185361324584930e-01 3.441173669754872717e-03 7.749019304644244599e+00
1.910999999999999943e+01 7.084965206461025788e-01 9.646224709394030095e-01 3.429634766922133420e-03 7.854833968172649783e+00
1.912000000000000099e+01 7.054177143679704054e-01 9.644303532898554909e-01 3.418110566890648818e-03 7.914994200688186154e+00
1.912999999999999901e+01 7.016159908678222257e-01 9.642442421448369494e-01 3.407004378847353163e-03 7.940187721740348259e+00
1.914000000000000057e+01 6.973085165960506426e-01 9.640661261829654993e-01 3.396714227701721524e-03 7.942398961347314490e+00
1.915000000000000213e+01 6.934117118561025084e-01 9.638979346244596069e-01 3.387633841037360552e-03 7.933870730212630562e+00
1.916000000000000014e+01 6.957184097976143455e-01 9.637415039822690987e-01 3.380140724822648310e-03 7.925338069031769628e+00
1.917000000000000171e+01 6.976537937177005322e-01 9.635985259961126204e-01 3.374576666510421298e-03 7.924529502161343331e+00
1.917999999999999972e+01 6.997258041901773806e-01 9.634705045227038855e-01 3.371228911816407086e-03 7.935555938666418285e+00
1.919000000000000128e+01 7.018363494091112154e-01 9.633587332649159451e-01 3.370316597380400292e-03 7.959096468146664272e+00
1.919999999999999929e+01 7.035168942663726499e-01 9.632643052648319770e-01 3.371983107005403074e-03 7.992769374807036975e+00
1.921000000000000085e+01 7.041569336392707879e-01 9.631881316331809550e-01 3.376292482692579838e-03 8.031796585247571230e+00
1.921999999999999886e+01 7.044133100146812154e-01 9.631309587705687569e-01 3.383228814605628888e-03 8.069449077544060600e+00
1.923000000000000043e+01 7.048765714517192249e-01 9.630933648149133663e-01 3.392697417313524522e-03 8.097800821118958936e+00
1.924000000000000199e+01 7.045276508654504388e-01 9.630757261173383821e-01 3.404527830538546431e-03 8.108955375013692901e+00
1.925000000000000000e+01 7.041520692640825807e-01 9.630781649654758247e-01 3.418479497125492556e-03 8.096337233145998624e+00
1.926000000000000156e+01 7.042429302845142347e-01 9.631005109651531448e-01 3.434251382655970422e-03 8.055145184771456357e+00
1.926999999999999957e+01 7.036786566301599377e-01 9.631423421141995789e-01 3.451495587434850066e-03 7.981076713898612951e+00
1.928000000000000114e+01 7.031094237640966860e-01 9.632030860675153683e-01 3.469833176739980582e-03 7.868239088818635985e+00
1.928999999999999915e+01 7.029465612285499265e-01 9.632821015208388182e-01 3.488870346825406320e-03 7.708546510393166962e+00
1.930000000000000071e+01 7.023488532709615262e-01 9.633786502207303259e-01 3.508214911446982075e-03 7.494372832209262647e+00
1.930999999999999872e+01 7.025441341311104981e-01 9.634918012013171662e-01 3.527493358429120620e-03 7.222163047155646609e+00
1.932000000000000028e+01 7.066117515426814100e-01 9.636203757530642511e-01 3.546367099159700772e-03 6.893896345143533111e+00
1.933000000000000185e+01 7.264825291638755678e-01 9.637629800293172622e-01 3.564545545336551650e-03 6.515940334330664108e+00
1.933999999999999986e+01 7.446524729019594613e-01 9.639180598472867345e-01 3.581794412246396865e-03 6.097088104178937762e+00
1.935000000000000142e+01 7.613295819799035247e-01 9.640839495073427745e-01 3.597939101216876979e-03 5.647112214172374856e+00
1.935999999999999943e+01 7.758010400647535887e-01 9.642589017099963966e-01 3.612863922306169817e-03 5.175689659970323042e+00
1.937000000000000099e+01 7.886088030822914208e-01 9.644411054887068735e-01 3.626508140967693757e-03 4.691758077744137445e+00
1.937999999999999901e+01 7.993580374844475589e-01 9.646286965775989763e-01 3.638859963774470317e-03 4.203630792244084091e+00
1.939000000000000057e+01 8.078434322286890401e-01 9.648197810160441534e-01 3.649947835380569581e-03 3.719177147707912745e+00
1.940000000000000213e+01 8.144294415324434544e-01 9.650124515819471505e-01 3.659831449950107229e-03 3.245955551770064673e+00
1.941000000000000014e+01 8.189180159903685086e-01 9.652048071400143314e-01 3.668592641147894358e-03 2.791485724221839604e+00
1.942000000000000171e+01 8.213415260601789614e-01 9.653949617006066797e-01 3.676326998437073196e-03 2.363671145958255337e+00
1.942999999999999972e+01 8.220904896511469495e-01 9.655810528080804866e-01 3.683137366763733489e-03 1.970708793551885218e+00
1.944000000000000128e+01 8.210921542922730021e-01 9.657612549149300341e-01 3.689129632914017395e-03 1.620763749497345252e+00
1.944999999999999929e+01 8.185175737142651453e-01 9.659337928920523897e-01 3.694410799645563709e-03 1.321856731387292871e+00
1.946000000000000085e+01 8.143244034348460225e-01 9.660969513410742060e-01 3.699088300230915331e-03 1.081102998935255854e+00
1.946999999999999886e+01 8.086509476604778479e-01 9.662490754795269865e-01 3.703269639786795943e-03 9.047271800780773976e-01
1.948000000000000043e+01 8.010441298730053283e-01 9.663885697600861358e-01 3.707061963355403472e-03 7.977776596549590593e-01
1.949000000000000199e+01 7.918920478001828522e-01 9.665139016808872441e-01 3.710571661933579745e-03 7.640745293883783873e-01
1.950000000000000000e+01 7.813443602199802163e-01 9.666236077714437380e-01 3.713903711629907949e-03 8.063998236282082788e-01
1.951000000000000156e+01 7.691863668297913570e-01 9.667162978293718512e-01 3.717160207274938268e-03 9.265326177081008030e-01
1.951999999999999957e+01 7.554913302240703343e-01 9.667906616085470972e-01 3.720437348094729306e-03 1.125429676677443203e+00
1.953000000000000114e+01 7.395747292495387093e-01 9.668454799028793900e-01 3.723819650395297255e-03 1.402994029738063197e+00
1.953999999999999915e+01 7.225784264923762468e-01 9.668796630673456294e-01 3.727369670195195255e-03 1.757688661158391952e+00
1.955000000000000071e+01 7.243535201520859834e-01 9.668922831962230013e-01 3.731112934798443918e-03 2.186120014839808778e+00
1.955999999999999872e+01 7.254181925187613844e-01 9.668826238261136741e-01 3.735018737133242138e-03 2.682191060070259425e+00
1.957000000000000028e+01 7.245874627916536470e-01 9.668502574139210548e-01 3.738979701153114215e-03 3.235906691690331183e+00
1.958000000000000185e+01 7.223199799192484560e-01 9.667951324753719655e-01 3.742796647538523293e-03 3.832808561628293198e+00
1.958999999999999986e+01 7.190839233615216042e-01 9.667176784525547406e-01 3.746176212780262960e-03 4.453879981153661127e+00
1.960000000000000142e+01 7.189827944672833038e-01 9.666189206172797199e-01 3.748748944678495683e-03 5.076101724592146702e+00
1.960999999999999943e+01 7.173869462770062766e-01 9.665005631029561783e-01 3.750114969093371227e-03 5.674630607259658177e+00
1.962000000000000099e+01 7.143258679847911408e-01 9.663649730915701008e-01 3.749916491726881709e-03 6.226765170518338444e+00
1.962999999999999901e+01 7.105054979318011776e-01 9.662150643154925334e-01 3.747918931883023261e-03 6.715883627499213304e+00
1.964000000000000057e+01 7.058278857673213613e-01 9.660540694355512770e-01 3.744070395489253276e-03 7.133888678995460531e+00
1.965000000000000213e+01 7.078813095347371576e-01 9.658852570919920222e-01 3.738511943569335430e-03 7.480877456983821894e+00
1.966000000000000014e+01 7.101652499891843995e-01 9.657116719022973417e-01 3.731533952876162942e-03 7.762338499455484708e+00
1.967000000000000171e+01 7.114017799280892840e-01 9.655359724465482074e-01 3.723503053998717359e-03 7.985591834429416558e+00
1.967999999999999972e+01 7.113594584062167270e-01 9.653603898254436988e-01 3.714794479145847126e-03 8.157308882913937964e+00
1.969000000000000128e+01 7.101680282760054475e-01 9.651867967159919459e-01 3.705754028973133260e-03 8.283070193329644226e+00
1.969999999999999929e+01 7.078483857542460234e-01 9.650168483359128357e-01 3.696693912517048930e-03 8.368614883224232415e+00
1.971000000000000085e+01 7.048217510171576050e-01 9.648521290508575987e-01 3.687909716536279161e-03 8.421321176232174466e+00
1.971999999999999886e+01 7.012308656369984350e-01 9.646942408010537040e-01 3.679698900500003034e-03 8.450709998959601066e+00
1.973000000000000043e+01 6.969147776503630265e-01 9.645448110318053381e-01 3.672366520947796878e-03 8.467338996222002478e+00
1.974000000000000199e+01 6.945127333397324021e-01 9.644054416360287041e-01 3.666215496386587662e-03 8.480812768755887632e+00
1.975000000000000000e+01 6.979381312018000383e-01 9.642776413489394516e-01 3.661528442602914220e-03 8.498041323193106678e+00
1.976000000000000156e+01 7.007426106785523690e-01 9.641627775539449718e-01 3.658550022041716972e-03 8.522256113226035268e+00
1.976999999999999957e+01 7.027306392393735113e-01 9.640620567049287271e-01 3.657474453542483486e-03 8.553120939166841907e+00
1.978000000000000114e+01 7.038688162363823109e-01 9.639765267678475080e-01 3.658438394867523629e-03 8.587419136146667853e+00
1.978999999999999915e+01 7.053378547903532692e-01 9.639070844516169911e-01 3.661517346015914255e-03 8.619971263737081557e+00
1.980000000000000071e+01 7.061523809137331131e-01 9.638544771616888163e-01 3.666724153988569403e-03 8.644593467361055161e+00
1.980999999999999872e+01 7.066271407329859366e-01 9.638192904272538941e-01 3.674009114072005529e-03 8.655100515283415064e+00
1.982000000000000028e+01 7.071323771714095319e-01 9.638019205486760832e-01 3.683261691312632747e-03 8.646214414767239731e+00
1.983000000000000185e+01 7.075529810366926187e-01 9.638025439305393238e-01 3.694314097497305559e-03 8.614055055221275126e+00
1.983999999999999986e+01 7.071865321418632222e-01 9.638211043988291760e-01 3.706947510451035974e-03 8.555794612398505805e+00
1.985000000000000142e+01 7.070966479461908705e-01 9.638573484025114713e-01 3.720901097213741380e-03 8.468356331409545135e+00
1.985999999999999943e+01 7.075198844353842720e-01 9.639108792083894706e-01 3.735883435593864970e-03 8.347172178326516701e+00
1.987000000000000099e+01 7.074171696297285594e-01 9.639811916854084117e-01 3.751585525022627793e-03 8.186254438357392971e+00
1.987999999999999901e+01 7.077187824523712978e-01 9.640676419124333263e-01 3.767694860134938786e-03 7.980100865267040433e+00
1.989000000000000057e+01 7.079923169470024868e-01 9.641693896238413553e-01 3.783909822788147741e-03 7.726134465288411413e+00
1.990000000000000213e+01 7.078189099468067402e-01 9.642853718707251609e-01 3.799953106248548599e-03 7.425747004424069431e+00
1.991000000000000014e+01 7.094803953809217800e-01 9.644143248092575949e-01 3.815582838657044073e-03 7.083850269644224262e+00
1.992000000000000171e+01 7.268479734552277804e-01 9.645548322280995679e-01 3.830600053801586427e-03 6.707698118351006933e+00
1.992999999999999972e+01 7.424073817225775862e-01 9.647053552460620462e-01 3.844852452327442160e-03 6.305749014180483059e+00
1.994000000000000128e+01 7.560787742148634694e-01 9.648642522744599326e-01 3.858235116922174857e-03 5.886846053514067201e+00
1.994999999999999929e+01 7.680121167138105331e-01 9.650297935348434164e-01 3.870688185949979106e-03 5.459608032171667347e+00
1.996000000000000085e+01 7.780584942800948811e-01 9.652001813286336107e-01 3.882191845089581761e-03 5.032222266391289445e+00
1.996999999999999886e+01 7.863319389614199517e-01 9.653735715040799858e-01 3.892759795181469258e-03 4.612502994178576010e+00
1.998000000000000043e+01 7.924155928941241100e-01 9.655480895597856605e-01 3.902432275628449701e-03 4.208082056241933877e+00
1.999000000000000199e+01 7.963800043178111965e-01 9.657218480394709204e-01 3.911269005486566266e-03 3.826512817909088593e+00
2.000000000000000000e+01 7.985841726323439360e-01 9.658929557807143240e-01 3.919343614134770427e-03 3.475256449323504526e+00
2.001000000000000156e+01 7.987925993991736862e-01 9.660595355481628177e-01 3.926739511966616074e-03 3.161705166912572196e+00
2.001999999999999957e+01 7.974130819452727170e-01 9.662197361301909648e-01 3.933546906554247907e-03 2.893159764562146297e+00
2.003000000000000114e+01 7.940120001134812755e-01 9.663717401440682364e-01 3.939860616953443084e-03 2.676706216523891069e+00
2.003999999999999915e+01 7.888268426983756632e-01 9.665137698217231010e-01 3.945777985546098862e-03 2.518694084609013562e+00
2.005000000000000071e+01 7.818381862918891700e-01 9.666440940301060936e-01 3.951396671456330889e-03 2.424586436440593129e+00
2.005999999999999872e+01 7.728996244454858777e-01 9.667610396797072791e-01 3.956812245251618149e-03 2.398803210422801424e+00
2.007000000000000028e+01 7.624184630761882131e-01 9.668630004990339533e-01 3.962115094148788152e-03 2.444653425833401617e+00
2.008000000000000185e+01 7.498443826673866219e-01 9.669484518269976236e-01 3.967386137428040999e-03 2.564406126474006786e+00
2.008999999999999986e+01 7.356182770904833301e-01 9.670159665289973505e-01 3.972690633778964281e-03 2.759069348463166538e+00
2.010000000000000142e+01 7.308584223818481718e-01 9.670642385228520599e-01 3.978069745425416581e-03 3.028138518157602377e+00
2.010999999999999943e+01 7.280003406684452116e-01 9.670921254136950473e-01 3.983527833704572987e-03 3.369034395551893102e+00
2.012000000000000099e+01 7.240375261511140526e-01 9.670987053136315126e-01 3.989015605632053457e-03 3.776431207235805054e+00
2.012999999999999901e+01 7.259813331163413874e-01 9.670833489494204960e-01 3.994411555739544456e-03 4.241387002908854953e+00
2.014000000000000057e+01 7.261384249693059179e-01 9.670457983911775468e-01 3.999507432218848621e-03 4.750643166795002870e+00
2.015000000000000213e+01 7.247500309646434102e-01 9.669862625765099917e-01 4.004004621464532857e-03 5.286710467029883453e+00
2.016000000000000014e+01 7.218903073244933299e-01 9.669055365668833835e-01 4.007529455893787257e-03 5.828199559555171660e+00
2.017000000000000171e+01 7.176143852192368167e-01 9.668050862150571190e-01 4.009674865026214251e-03 6.351832526980645710e+00
2.017999999999999972e+01 7.133456238634394708e-01 9.666870612377886918e-01 4.010068850897680753e-03 6.835833617976990517e+00
2.019000000000000128e+01 7.114972002966730713e-01 9.665542209205115753e-01 4.008455106753260055e-03 7.263534524316454188e+00
2.019999999999999929e+01 7.086163052810384722e-01 9.664097450263753331e-01 4.004758598326659674e-03 7.626099837012326077e+00
2.021000000000000085e+01 7.047463266030480344e-01 9.662569642384238877e-01 3.999107769680517246e-03 7.922938193776848159e+00
2.021999999999999886e+01 7.001890514977198166e-01 9.660990721662779945e-01 3.991801929828678146e-03 8.159615572856656840e+00
2.023000000000000043e+01 6.997077252676533465e-01 9.659388989050063934e-01 3.983239879882234311e-03 8.344441866468844893e+00
2.024000000000000199e+01 7.021520896087003472e-01 9.657787914212161429e-01 3.973841887791935978e-03 8.485380765990218066e+00
2.025000000000000000e+01 7.034514231589316102e-01 9.656206133699084537e-01 3.963993798728681142e-03 8.588532970323916160e+00
2.026000000000000156e+01 7.036203901496099755e-01 9.654658495003545227e-01 3.954025720988602055e-03 8.658454513595751578e+00
2.026999999999999957e+01 7.027274470930582329e-01 9.653157712604726326e-01 3.944220302370310231e-03 8.699630077454939325e+00
2.028000000000000114e+01 7.013204241227578573e-01 9.651715984706858986e-01 3.934835267292156533e-03 8.717940393627589657e+00
2.028999999999999915e+01 6.990350409955501387e-01 9.650345961353460345e-01 3.926123845172943029e-03 8.721122632524918927e+00
2.030000000000000071e+01 6.960529644090753809e-01 9.649060849329543776e-01 3.918342513429346786e-03 8.717921701127817613e+00
2.030999999999999872e+01 6.926045677911101262e-01 9.647873912925282180e-01 3.911744533457059761e-03 8.716411939756099514e+00
2.032000000000000028e+01 6.930403632011941095e-01 9.646797809893736808e-01 3.906565252299307178e-03 8.722312206799710310e+00
2.033000000000000185e+01 6.951402849514818350e-01 9.645844095663058670e-01 3.903006949928724753e-03 8.737936265179431672e+00
2.033999999999999986e+01 6.970499883195672153e-01 9.645022981694267861e-01 3.901227947504077968e-03 8.762015697122048863e+00
2.035000000000000142e+01 6.982789053056878137e-01 9.644343277424274330e-01 3.901336744454411351e-03 8.790303250659309953e+00
2.035999999999999943e+01 6.991772975760534026e-01 9.643812407494553041e-01 3.903389840932175187e-03 8.816673817003508162e+00
2.037000000000000099e+01 6.998548621086517763e-01 9.643436386481138989e-01 3.907391745403833785e-03 8.834437616823290540e+00
2.037999999999999901e+01 7.008143371494935936e-01 9.643219704413694693e-01 3.913296219226177278e-03 8.837547593483606079e+00
2.039000000000000057e+01 7.014071707582332227e-01 9.643165154598107858e-01 3.921008430688817208e-03 8.821380560248343272e+00
2.040000000000000213e+01 7.013426923432831694e-01 9.643273701461159142e-01 3.930388329376506042e-03 8.782824437617282598e+00
2.041000000000000014e+01 7.020448855781060704e-01 9.643544546902785841e-01 3.941255904346546712e-03 8.719556200324090511e+00
2.042000000000000171e+01 7.026429984720637956e-01 9.643975407499487673e-01 3.953397968989828468e-03 8.628898342661432963e+00
2.042999999999999972e+01 7.025957819753447797e-01 9.644562765251429859e-01 3.966576437614091968e-03 8.507163652468742399e+00
2.044000000000000128e+01 7.030155553720407458e-01 9.645301903383380893e-01 3.980537888773283406e-03 8.350110899100405604e+00
2.044999999999999929e+01 7.037917130133181098e-01 9.646186585361568033e-01 3.995024259212514098e-03 8.154393187915490060e+00
2.046000000000000085e+01 7.039680331342536013e-01 9.647208694479112445e-01 4.009784321138874785e-03 7.919074406109211317e+00
2.046999999999999886e+01 7.054433984470894758e-01 9.648358186068956011e-01 4.024584576819468379e-03 7.646145792452599288e+00
2.048000000000000043e+01 7.062468383290650964e-01 9.649623293633161625e-01 4.039218114594136932e-03 7.340176061782039518e+00
2.049000000000000199e+01 7.108036172352543147e-01 9.650990888562268610e-01 4.053510882240086294e-03 7.007596060954841555e+00
2.050000000000000000e+01 7.250975504538057503e-01 9.652446681478844548e-01 4.067325169469278127e-03 6.655864883197097015e+00
2.051000000000000156e+01 7.375959630632966668e-01 9.653975372511927056e-01 4.080560161794550417e-03 6.292862997325446628e+00
2.051999999999999957e+01 7.483916494340466796e-01 9.655560877447181278e-01 4.093149917620801312e-03 5.926434142926544801e+00
2.053000000000000114e+01 7.573095499866104863e-01 9.657186542080251623e-01 4.105059314653027036e-03 5.564133276878102663e+00
2.053999999999999915e+01 7.645267849242702862e-01 9.658835287731510899e-01 4.116278777511638530e-03 5.213208773561227360e+00
2.055000000000000071e+01 7.699734892022243038e-01 9.660489714236091263e-01 4.126818957233128679e-03 4.880649380634625167e+00
2.055999999999999872e+01 7.734125155196562851e-01 9.662132225629893600e-01 4.136706112338454054e-03 4.573236737243109751e+00
2.057000000000000028e+01 7.750607619888303379e-01 9.663745157999501512e-01 4.145978543963924068e-03 4.297606312999058709e+00
2.058000000000000185e+01 7.748258260308718004e-01 9.665310856620239477e-01 4.154684165303809337e-03 4.060234699551773296e+00
2.058999999999999986e+01 7.731210619490004321e-01 9.666811730890877419e-01 4.162878892314854883e-03 3.867317659828796828e+00
2.060000000000000142e+01 7.695112682692439865e-01 9.668230316136576796e-01 4.170625064086132955e-03 3.724600779856727328e+00
2.060999999999999943e+01 7.638854226929013835e-01 9.669549352319127822e-01 4.177989387781733815e-03 3.637201015278633598e+00
2.062000000000000099e+01 7.564555551217210239e-01 9.670751891917546139e-01 4.185040233124701949e-03 3.609471523534569570e+00
2.062999999999999901e+01 7.472828715907606778e-01 9.671821427329732046e-01 4.191843888779877604e-03 3.644937700619383047e+00
2.064000000000000057e+01 7.364516338593660727e-01 9.672742015860129605e-01 4.198459174948718578e-03 3.746261968826033684e+00
2.065000000000000213e+01 7.304609965945407790e-01 9.673498439226428935e-01 4.204930041859508867e-03 3.915092866337754440e+00
2.066000000000000014e+01 7.298103756038288870e-01 9.674076505557384076e-01 4.211275714455682551e-03 4.151737409400316992e+00
2.067000000000000171e+01 7.280554793949285397e-01 9.674463488495392838e-01 4.217478055137035761e-03 4.454589762058668967e+00
2.067999999999999972e+01 7.248301980773741438e-01 9.674648756849431042e-01 4.223466232681188058e-03 4.819212560800906431e+00
2.069000000000000128e+01 7.245218201634077149e-01 9.674624332611817534e-01 4.229100926653704684e-03 5.237626983869082764e+00
2.069999999999999929e+01 7.253393655130041529e-01 9.674385671805300069e-01 4.234161835854184652e-03 5.698064842653236539e+00
2.071000000000000085e+01 7.247456052531758841e-01 9.673932537140833565e-01 4.238344121361211671e-03 6.184612316469891624e+00
2.071999999999999886e+01 7.225536579641743673e-01 9.673270134506103402e-01 4.241271079478354036e-03 6.677515958248445571e+00
2.073000000000000043e+01 7.190565691548733707e-01 9.672409875241358979e-01 4.242530182908307856e-03 7.154850330553102822e+00
2.074000000000000199e+01 7.143607980332631335e-01 9.671369840577618282e-01 4.241733729414900143e-03 7.595107084401422348e+00
2.075000000000000000e+01 7.105638732175587613e-01 9.670174585375339582e-01 4.238594826519479636e-03 7.980441625382020732e+00
2.076000000000000156e+01 7.058623264910102169e-01 9.668853951739111441e-01 4.232997245487995011e-03 8.299709547154050071e+00
2.076999999999999957e+01 6.999227974927449969e-01 9.667440934643268813e-01 4.225032576520501570e-03 8.549881472354496026e+00
2.078000000000000114e+01 6.955492339322267847e-01 9.665968987959462355e-01 4.214987606710365875e-03 8.735237950887693614e+00
2.078999999999999915e+01 6.909790264673105753e-01 9.664469372476653941e-01 4.203286736603267619e-03 8.864832231223291004e+00
2.080000000000000071e+01 6.919779568004478243e-01 9.662969104570535706e-01 4.190412736622587710e-03 8.949349794907968558e+00
2.080999999999999872e+01 6.935854191216823672e-01 9.661489913348829672e-01 4.176834679009462301e-03 8.998626288984853616e+00
2.082000000000000028e+01 6.942288360907703515e-01 9.660048321825296380e-01 4.162962981636004339e-03 9.020494864887119491e+00
2.083000000000000185e+01 6.939572427726750092e-01 9.658656693080814870e-01 4.149136263074206833e-03 9.020934226480104456e+00
2.083999999999999986e+01 6.929240131791931656e-01 9.657324843234976752e-01 4.135632352656266365e-03 9.005012214532046144e+00
2.085000000000000142e+01 6.912703212922467477e-01 9.656061671891754683e-01 4.122690432828361728e-03 8.977954655525799410e+00
2.085999999999999943e+01 6.890885701297498889e-01 9.654876304213454441e-01 4.110532006665864116e-03 8.945738671768989292e+00
2.087000000000000099e+01 6.882342615903763727e-01 9.653778517259364866e-01 4.099372709864337883e-03 8.914879484103694907e+00
2.087999999999999901e+01 6.907910271505284250e-01 9.652778560276940034e-01 4.089422719637916641e-03 8.891481886329424711e+00
2.089000000000000057e+01 6.926234266562940611e-01 9.651886656678999588e-01 4.080878530264224480e-03 8.879956717932529386e+00
2.090000000000000213e+01 6.938238205301884287e-01 9.651112462272594117e-01 4.073911242345816530e-03 8.881914376754295404e+00
2.091000000000000014e+01 6.951247004109715188e-01 9.650464641721590020e-01 4.068655903731771724e-03 8.895658029487822915e+00
2.092000000000000171e+01 6.960532609231994128e-01 9.649950610508672977e-01 4.065204309809707615e-03 8.916463289226054911e+00
2.092999999999999972e+01 6.969601198818575760e-01 9.649576381825942795e-01 4.063601587071771423e-03 8.937603580084390487e+00
2.094000000000000128e+01 6.975640364980246755e-01 9.649346463746032443e-01 4.063845801631957820e-03 8.951764075769418127e+00
2.094999999999999929e+01 6.982116772539341820e-01 9.649263769182404582e-01 4.065889668507047076e-03 8.952357364293124675e+00
2.096000000000000085e+01 6.990304746978848183e-01 9.649329564742211707e-01 4.069643835736572353e-03 8.934265934064971049e+00
2.096999999999999886e+01 6.997996608286530806e-01 9.649543514809266753e-01 4.074981649155826405e-03 8.893778560808058842e+00
2.098000000000000043e+01 7.001646966229244651e-01 9.649903873761769280e-01 4.081744715518760558e-03 8.827898284969030840e+00
2.099000000000000199e+01 7.013718287168059229e-01 9.650407663225382127e-01 4.089749207907519488e-03 8.733681905533945411e+00
2.100000000000000000e+01 7.020729984188815997e-01 9.651050711761341994e-01 4.098793064064820170e-03 8.608238615390899184e+00
2.101000000000000156e+01 7.026919940463806080e-01 9.651827522178120233e-01 4.108663959683699074e-03 8.449402882207154519e+00
2.101999999999999957e+01 7.042537659579249931e-01 9.652730983312657331e-01 4.119148153940470174e-03 8.256696980788834850e+00
2.103000000000000114e+01 7.052645671609577560e-01 9.653752269615925030e-01 4.130039465214403738e-03 8.031892679892330023e+00
2.103999999999999915e+01 7.062980598165107260e-01 9.654880971326624817e-01 4.141147116862540015e-03 7.778864662163988974e+00
2.105000000000000071e+01 7.081542282188129089e-01 9.656105298770412126e-01 4.152301697730611738e-03 7.503084819725943433e+00
2.105999999999999872e+01 7.093459342366204012e-01 9.657412305939067076e-01 4.163358916056817023e-03 7.211044130195491064e+00
2.107000000000000028e+01 7.111523009717863886e-01 9.658788099993643739e-01 4.174201166552101751e-03 6.909719053350679374e+00
2.108000000000000185e+01 7.198431989389445507e-01 9.660218030326082062e-01 4.184737121492191313e-03 6.606156625683714978e+00
2.108999999999999986e+01 7.285302862003169011e-01 9.661686895739597380e-01 4.194899688150798694e-03 6.307271206943999786e+00
2.110000000000000142e+01 7.356195497286244223e-01 9.663179084391991802e-01 4.204643009580215189e-03 6.019697620987770392e+00
2.110999999999999943e+01 7.408581744591922202e-01 9.664678688581175292e-01 4.213939061677636835e-03 5.749785303257417546e+00
2.112000000000000099e+01 7.442597255459924011e-01 9.666169634710906067e-01 4.222774486813309601e-03 5.503630105624121249e+00
2.112999999999999901e+01 7.463042615538486579e-01 9.667635780525053457e-01 4.231148100193472990e-03 5.287067673212400010e+00
2.114000000000000057e+01 7.464434095676230063e-01 9.669060973766530065e-01 4.239069109174650046e-03 5.105624086869179123e+00
2.115000000000000213e+01 7.448163616719105651e-01 9.670429102430362356e-01 4.246555722264112182e-03 4.964437852939510343e+00
2.116000000000000014e+01 7.414399497968390262e-01 9.671724156098698844e-01 4.253633499208396562e-03 4.868141947295630878e+00
2.117000000000000171e+01 7.365860372315187199e-01 9.672930292132495556e-01 4.260332990673760395e-03 4.820753386131388929e+00
2.117999999999999972e+01 7.299408274511179906e-01 9.674031903259703302e-01 4.266686659383709529e-03 4.825626565564074433e+00
2.119000000000000128e+01 7.298124431030815762e-01 9.675013653949184889e-01 4.272724916920343785e-03 4.885465211758184267e+00
2.119999999999999929e+01 7.311934761658090975e-01 9.675860544838393862e-01 4.278470830015371033e-03 5.002324273031572233e+00
2.121000000000000085e+01 7.313010819007820240e-01 9.676558028960766666e-01 4.283932849120352868e-03 5.177451109499178195e+00
2.121999999999999886e+01 7.301811905612261011e-01 9.677092403342815174e-01 4.289095072763094742e-03 5.410759930830691289e+00
2.123000000000000043e+01 7.276928007517996511e-01 9.677451173239508542e-01 4.293905049878235861e-03 5.700143335275845047e+00
2.124000000000000199e+01 7.280439305335058009e-01 9.677623579339100779e-01 4.298259947156442273e-03 6.040943608283145139e+00
2.125000000000000000e+01 7.292517444443873398e-01 9.677601259519494903e-01 4.301993313539344277e-03 6.425483847006330684e+00
2.126000000000000156e+01 7.289100413536999667e-01 9.677378954294623137e-01 4.304866244468779496e-03 6.842701476051580300e+00
2.126999999999999957e+01 7.273087932850880177e-01 9.676955484461420287e-01 4.306567800470964547e-03 7.278030335002085849e+00
2.128000000000000114e+01 7.243710316909698355e-01 9.676334529941644780e-01 4.306729828653615803e-03 7.713936522091048076e+00
2.128999999999999915e+01 7.203373314646805969e-01 9.675525363005237356e-01 4.304960447454350518e-03 8.131079488616441253e+00
2.130000000000000071e+01 7.165811601961293853e-01 9.674543373518159628e-01 4.300896425326545050e-03 8.510221624939779517e+00
2.130999999999999872e+01 7.124415986496601683e-01 9.673410041570527085e-01 4.294267746990835556e-03 8.834935375246152134e+00
2.132000000000000028e+01 7.070946578281185335e-01 9.672152228167131272e-01 4.284958657045588246e-03 9.094167966542388015e+00
2.133000000000000185e+01 7.009236570128929422e-01 9.670800630642233386e-01 4.273044621088588693e-03 9.283787489479692567e+00
2.133999999999999986e+01 6.941800375807464230e-01 9.669387648316909445e-01 4.258790754596880786e-03 9.406525168180349894e+00
2.135000000000000142e+01 6.924507753909840968e-01 9.667944968299519992e-01 4.242610648365988460e-03 9.470425906470509858e+00
2.135999999999999943e+01 6.935858085704810216e-01 9.666501348647678071e-01 4.224999346971496789e-03 9.486463361454319454e+00
2.137000000000000099e+01 6.940076756678981162e-01 9.665081048519438278e-01 4.206462375400722882e-03 9.466215097546156088e+00
2.137999999999999901e+01 6.935858393012780398e-01 9.663703155418856827e-01 4.187460705318388383e-03 9.420208603288589444e+00
2.139000000000000057e+01 6.923889241746599144e-01 9.662381817624978719e-01 4.168381831764086942e-03 9.357144904691093501e+00
2.140000000000000213e+01 6.905031232757767867e-01 9.661127183581015299e-01 4.149535875914238045e-03 9.283890786112323212e+00
2.141000000000000014e+01 6.881797283437164348e-01 9.659946724212771230e-01 4.131168347327364085e-03 9.205977561634323791e+00
2.142000000000000171e+01 6.853381509405950256e-01 9.658846576521609162e-01 4.113479517118622843e-03 9.128269164114637846e+00
2.142999999999999972e+01 6.865591854299819552e-01 9.657832598041831140e-01 4.096642434601600533e-03 9.055441410676326797e+00
2.144000000000000128e+01 6.881828692582145912e-01 9.656910952962023398e-01 4.080814891879567911e-03 8.992002309888150080e+00
2.144999999999999929e+01 6.897260539224133735e-01 9.656088226103272110e-01 4.066143790977987463e-03 8.941797809714582712e+00
2.146000000000000085e+01 6.908621697609126366e-01 9.655371197596005484e-01 4.052762990381392032e-03 8.907202742958192587e+00
2.146999999999999886e+01 6.913316219393861317e-01 9.654766459649219978e-01 4.040787293995940117e-03 8.888350228223744764e+00
2.148000000000000043e+01 6.915225790770930248e-01 9.654280010802461787e-01 4.030305443578060219e-03 8.882778453559335929e+00
2.149000000000000199e+01 6.920182541889393635e-01 9.653916911721092120e-01 4.021374237643931746e-03 8.885692024372968234e+00
2.150000000000000000e+01 6.923948309061560558e-01 9.653681019643733929e-01 4.014014885429609616e-03 8.890783283032325457e+00
2.151000000000000156e+01 6.925251020810468949e-01 9.653574804570258516e-01 4.008211911791686663e-03 8.891306834419500760e+00
2.151999999999999957e+01 6.926310789633710607e-01 9.653599237691747881e-01 4.003914418884087917e-03 8.881010172783469159e+00
2.153000000000000114e+01 6.933490544790670285e-01 9.653753781755147756e-01 4.001039279598661569e-03 8.854598140704856846e+00
2.153999999999999915e+01 6.940203794687525019e-01 9.654036490594870568e-01 3.999475504497813916e-03 8.807733550435223435e+00
2.155000000000000071e+01 6.944054807658830430e-01 9.654444116806011333e-01 3.999089644897957894e-03 8.736890167721789169e+00
2.155999999999999872e+01 6.951717705800589675e-01 9.654972167067910060e-01 3.999731954781682829e-03 8.639422549258847894e+00
2.157000000000000028e+01 6.963696231718834451e-01 9.655614862203542037e-01 4.001243090439907980e-03 8.513926490287916593e+00
2.158000000000000185e+01 6.972139039407576622e-01 9.656365062173711822e-01 4.003461103829337314e-03 8.360684879154909765e+00
2.158999999999999986e+01 6.984736414796550719e-01 9.657214186704964343e-01 4.006228310726965558e-03 8.181909933169265514e+00
2.160000000000000142e+01 6.998378120054948859e-01 9.658152301345159785e-01 4.009397141396875593e-03 7.981567557852788042e+00
2.160999999999999943e+01 7.009642490939147486e-01 9.659168250078391527e-01 4.012834547559369219e-03 7.764917066159336301e+00
2.162000000000000099e+01 7.027373449600172739e-01 9.660249812366235034e-01 4.016424833594138370e-03 7.538010891810878356e+00
2.162999999999999901e+01 7.040278507005933717e-01 9.661383897090083384e-01 4.020071005409542667e-03 7.307255059099308170e+00
2.164000000000000057e+01 7.052886222844796382e-01 9.662556762900903484e-01 4.023694847075874256e-03 7.079114588463813362e+00
2.165000000000000213e+01 7.070499435819538325e-01 9.663754167688948238e-01 4.027235887030660398e-03 6.859873980563129692e+00
2.166000000000000014e+01 7.084451819056302169e-01 9.664961510033868164e-01 4.030649666818267134e-03 6.655560707305880008e+00
2.167000000000000171e+01 7.108125446830685368e-01 9.666163985781577317e-01 4.033905705100090250e-03 6.471904974713503123e+00
2.167999999999999972e+01 7.130812487655824317e-01 9.667346752013079580e-01 4.036985497786293835e-03 6.314217476115827843e+00
2.169000000000000128e+01 7.159119257553774318e-01 9.668495023118879317e-01 4.039880736681475404e-03 6.187374208298002110e+00
2.169999999999999929e+01 7.178403366507509764e-01 9.669594159690886315e-01 4.042591422141398987e-03 6.095746561411133690e+00
2.171000000000000085e+01 7.189879913369104925e-01 9.670629767687433098e-01 4.045123519779936401e-03 6.043102418607634085e+00
2.171999999999999886e+01 7.194251382737624212e-01 9.671587763003764993e-01 4.047485969519525398e-03 6.032551941531267836e+00
2.173000000000000043e+01 7.188265657586294655e-01 9.672454417012089634e-01 4.049686902545144782e-03 6.066472761684653214e+00
2.174000000000000199e+01 7.194629740197473478e-01 9.673216391059957786e-01 4.051729065548336298e-03 6.146531318541133437e+00
2.175000000000000000e+01 7.207861958849768325e-01 9.673860700839486126e-01 4.053603898302930546e-03 6.273620288057304428e+00
2.176000000000000156e+01 7.209746145310704790e-01 9.674374771793688987e-01 4.055284079250385046e-03 6.447738544971102215e+00
2.176999999999999957e+01 7.199965039990604554e-01 9.674746622903090953e-01 4.056714529842912927e-03 6.667617766910418631e+00
2.178000000000000114e+01 7.178866050401707666e-01 9.674965182903958461e-01 4.057802272854573247e-03 6.930170011802936791e+00
2.178999999999999915e+01 7.193468591166627402e-01 9.675020719042288775e-01 4.058406416448353746e-03 7.230018901986692725e+00
2.180000000000000071e+01 7.201686935576676607e-01 9.674905393154296096e-01 4.058330229843728001e-03 7.559314547398300554e+00
2.180999999999999872e+01 7.198273706762846613e-01 9.674614069960486562e-01 4.057318309711245227e-03 7.907627344152906801e+00
2.182000000000000028e+01 7.184472621819842919e-01 9.674145042283230911e-01 4.055062170784962464e-03 8.262315147976671881e+00
2.183000000000000185e+01 7.159529460836151493e-01 9.673500817099828231e-01 4.051217207225151287e-03 8.608927978152026483e+00
2.183999999999999986e+01 7.122797639051349217e-01 9.672688806413590745e-01 4.045432704227464385e-03 8.931971066900306511e+00
2.185000000000000142e+01 7.091651863372112619e-01 9.671721726963259380e-01 4.037394093207270600e-03 9.216338189929590641e+00
2.185999999999999943e+01 7.054803057726540816e-01 9.670617644212127217e-01 4.026871879902573122e-03 9.449136256858919225e+00
2.187000000000000099e+01 7.007756893727657976e-01 9.669399463090326829e-01 4.013767051955555859e-03 9.621504002427911928e+00
2.187999999999999901e+01 6.955049094411923649e-01 9.668093880741055468e-01 3.998140080437331129e-03 9.729817197950128005e+00
2.189000000000000057e+01 6.894196176583516911e-01 9.666729809611254165e-01 3.980213933044964014e-03 9.775947509200289431e+00
2.190000000000000213e+01 6.854456045913798201e-01 9.665336493257012940e-01 3.960348156278922782e-03 9.766458652145033170e+00
2.191000000000000014e+01 6.855501843542158857e-01 9.663941605498020948e-01 3.938990431457991583e-03 9.711108979061608082e+00
2.192000000000000171e+01 6.856692812416134153e-01 9.662569670691326662e-01 3.916618803677899587e-03 9.621085132284369124e+00
2.192999999999999972e+01 6.850886535750284612e-01 9.661241043428164810e-01 3.893689422640769261e-03 9.507520027808888941e+00
2.194000000000000128e+01 6.839420600741245027e-01 9.659971569353429377e-01 3.870600675755083483e-03 9.380338354064004847e+00
2.194999999999999929e+01 6.821903115902975268e-01 9.658772862291098438e-01 3.847677370951358474e-03 9.247704958764227712e+00
2.196000000000000085e+01 6.798882969963968570e-01 9.657653048470703494e-01 3.825172106433669984e-03 9.115975928284665741e+00
2.196999999999999886e+01 6.771047216381779199e-01 9.656617745856870272e-01 3.803277236348041705e-03 8.990046333012921664e+00
2.198000000000000043e+01 6.740176437962678291e-01 9.655671048634776321e-01 3.782140574226705923e-03 8.873866313195859945e+00
2.199000000000000199e+01 6.740500606910354575e-01 9.654816329211769466e-01 3.761879755744470567e-03 8.770835049467338607e+00
2.200000000000000000e+01 6.749318413870837308e-01 9.654056746651827892e-01 3.742592456584405147e-03 8.683852563071894792e+00
2.201000000000000156e+01 6.757014849801568079e-01 9.653395449931307937e-01 3.724361683246983547e-03 8.614985061274353484e+00
2.201999999999999957e+01 6.758590816043866800e-01 9.652835534076449342e-01 3.707256810473288228e-03 8.564937774740171150e+00
2.203000000000000114e+01 6.756580228040319769e-01 9.652379861759640134e-01 3.691331883731237013e-03 8.532605250334130531e+00
2.203999999999999915e+01 6.758688884699605159e-01 9.652030833837952351e-01 3.676622857145248058e-03 8.514953332905955463e+00
2.205000000000000071e+01 6.756376998912068110e-01 9.651790164593073706e-01 3.663145123076532936e-03 8.507317245438228426e+00
2.205999999999999872e+01 6.751609728222467410e-01 9.651658697923818364e-01 3.650892094764712770e-03 8.504009411698755017e+00
2.207000000000000028e+01 6.751426147848778037e-01 9.651636255251963004e-01 3.639835210536420448e-03 8.499035986394757103e+00
2.208000000000000185e+01 6.752418652338467719e-01 9.651721563722994723e-01 3.629925197634302145e-03 8.486685315669136642e+00
2.208999999999999986e+01 6.751445733230165835e-01 9.651912235339600299e-01 3.621094493590167485e-03 8.461927750530698233e+00
2.210000000000000142e+01 6.750593997267045898e-01 9.652204760710253462e-01 3.613260608198731044e-03 8.420677573981471653e+00
2.210999999999999943e+01 6.757911572875642259e-01 9.652594509418721547e-01 3.606330219375010818e-03 8.360019623330591898e+00
2.212000000000000099e+01 6.763680329913226430e-01 9.653075708789782272e-01 3.600203796661042427e-03 8.278456055775309963e+00
2.212999999999999901e+01 6.768089818853725292e-01 9.653641439300518767e-01 3.594780344094842574e-03 8.176060453872572964e+00
2.214000000000000057e+01 6.778510944672017091e-01 9.654283600986174330e-01 3.589961984364277610e-03 8.054551414937797915e+00
2.215000000000000213e+01 6.790242491132468805e-01 9.654992949293492721e-01 3.585657819488219811e-03 7.917126499272741924e+00
2.216000000000000014e+01 6.799564779194532393e-01 9.655759196267710287e-01 3.581786807264251971e-03 7.768152996047990477e+00
2.217000000000000171e+01 6.812523716916503158e-01 9.656571161075717669e-01 3.578279607897314266e-03 7.612805592491325157e+00
2.217999999999999972e+01 6.826954814240324687e-01 9.657416937331888551e-01 3.575079361258791215e-03 7.456711809021843607e+00
2.219000000000000128e+01 6.838088891707984063e-01 9.658284068992606386e-01 3.572141439109173533e-03 7.305651158708344362e+00
2.219999999999999929e+01 6.853384743517367816e-01 9.659159724088582921e-01 3.569432298380600596e-03 7.165322953458463928e+00
2.221000000000000085e+01 6.867296467339427668e-01 9.660030872013654069e-01 3.566927685558786941e-03 7.041164118562274865e+00
2.221999999999999886e+01 6.882271028906881138e-01 9.660884452429264746e-01 3.564610558842464666e-03 6.938201837147922824e+00
2.223000000000000043e+01 6.900035525252187218e-01 9.661707520499520641e-01 3.562468972563580510e-03 6.860928302636872367e+00
2.224000000000000199e+01 6.923230323254963015e-01 9.662487374807000595e-01 3.560493906265793825e-03 6.813196255373784815e+00
2.225000000000000000e+01 6.942322711642705535e-01 9.663211673918336020e-01 3.558676881729515989e-03 6.798138721013557983e+00
2.226000000000000156e+01 6.956298479904529097e-01 9.663868532049829652e-01 3.557007244029381822e-03 6.818114975850617654e+00
2.226999999999999957e+01 6.962436328518117890e-01 9.664446572739160413e-01 3.555469023604640282e-03 6.874683277239364898e+00
2.228000000000000114e+01 6.961292287841208681e-01 9.664934933516976523e-01 3.554037163221666993e-03 6.968589475754908058e+00
2.228999999999999915e+01 6.955206046291705357e-01 9.665323236505862781e-01 3.552672745825042125e-03 7.099730283157779098e+00
2.230000000000000071e+01 6.953974726904211812e-01 9.665601574783362349e-01 3.551317032391273273e-03 7.267032409534741610e+00
2.230999999999999872e+01 6.959526827091918610e-01 9.665760577095080519e-01 3.549884587822558970e-03 7.468172023098002654e+00
2.232000000000000028e+01 6.956555661938025326e-01 9.665791516058148680e-01 3.548256167366130569e-03 7.699234392802524418e+00
2.233000000000000185e+01 6.946198937604011192e-01 9.665686591041247056e-01 3.546272595395735805e-03 7.954454534591834935e+00
2.233999999999999986e+01 6.928714810009796166e-01 9.665439339758914450e-01 3.543731078680761610e-03 8.226179006280670336e+00
2.235000000000000142e+01 6.938624427211117496e-01 9.665045148132345165e-01 3.540386029113100352e-03 8.505282116189443187e+00
2.235999999999999943e+01 6.941952294487842012e-01 9.664501944221256524e-01 3.535956023759175872e-03 8.781498736983968101e+00
2.237000000000000099e+01 6.934779989503244702e-01 9.663810894390240103e-01 3.530138400405472172e-03 9.043792209586072772e+00
2.237999999999999901e+01 6.919208745796026072e-01 9.662976995500620614e-01 3.522632049875038061e-03 9.280831010628268984e+00
2.239000000000000057e+01 6.895843365028136995e-01 9.662009468013710300e-01 3.513167161012633113e-03 9.481692990336485494e+00
2.240000000000000213e+01 6.864663021861653336e-01 9.660921916545659460e-01 3.501539026760039624e-03 9.636846996911794250e+00
2.241000000000000014e+01 6.835183507785548285e-01 9.659732087893762031e-01 3.487640040561495319e-03 9.739313816370211541e+00
2.242000000000000171e+01 6.805003912607312522e-01 9.658461297943554680e-01 3.471483130772133174e-03 9.785598248819862732e+00
2.242999999999999972e+01 6.766966975097655768e-01 9.657133439630750660e-01 3.453210330431575291e-03 9.776197722361771980e+00
2.244000000000000128e+01 6.722524834109233627e-01 9.655773697469515193e-01 3.433082847878205640e-03 9.715478058653317817e+00
2.244999999999999929e+01 6.674438577251504690e-01 9.654407105515051546e-01 3.411453661618158752e-03 9.611005034582674966e+00
2.246000000000000085e+01 6.632475774641239941e-01 9.653057153511839239e-01 3.388728215646374595e-03 9.472453107820181017e+00
2.246999999999999886e+01 6.628105871133154192e-01 9.651744634508896414e-01 3.365321784606246404e-03 9.310424231474467405e+00
2.248000000000000043e+01 6.631111662198740930e-01 9.650486902475081674e-01 3.341622377122098995e-03 9.135294213782772843e+00
2.249000000000000199e+01 6.629039363291620024e-01 9.649297592489858300e-01 3.317965329229552018e-03 8.956256612596313005e+00
2.250000000000000000e+01 6.621707902366551490e-01 9.648186782026415553e-01 3.294621728352668290e-03 8.780792097408600227e+00
2.251000000000000156e+01 6.609374264787476472e-01 9.647161479806529716e-01 3.271798791150273573e-03 8.614522346263505881e+00
2.251999999999999957e+01 6.592439143536908963e-01 9.646226284085208658e-01 3.249647993623478240e-03 8.461438587175281967e+00
2.253000000000000114e+01 6.572126113219102228e-01 9.645384058780750447e-01 3.228276500634441430e-03 8.324340165164066718e+00
2.253999999999999915e+01 6.548295198663222072e-01 9.644636518859804886e-01 3.207758473309004627e-03 8.205243112346648715e+00
2.255000000000000071e+01 6.525959030356934809e-01 9.643984650486614463e-01 3.188144244470230478e-03 8.105576987234275776e+00
2.255999999999999872e+01 6.526647214807596020e-01 9.643428959918528554e-01 3.169466637695745725e-03 8.026086147992808506e+00
2.257000000000000028e+01 6.522976789823097254e-01 9.642969571106991822e-01 3.151744598625994421e-03 7.966536182577707237e+00
2.258000000000000185e+01 6.516642036973362417e-01 9.642606218282090413e-01 3.134984867744749701e-03 7.925410859721428558e+00
2.258999999999999986e+01 6.515682492470585840e-01 9.642338192470490954e-01 3.119182594264443067e-03 7.899771043554233430e+00
2.260000000000000142e+01 6.511561125023784813e-01 9.642164255201685075e-01 3.104321728223565814e-03 7.885384258944650782e+00
2.260999999999999943e+01 6.504645255633730860e-01 9.642082577008139754e-01 3.090375602664559122e-03 7.877084090366200719e+00
2.262000000000000099e+01 6.501552144979302339e-01 9.642090678419185101e-01 3.077307973830440378e-03 7.869300372979248337e+00
2.262999999999999901e+01 6.500842490116716110e-01 9.642185362084282341e-01 3.065074612165786475e-03 7.856651508767968473e+00
2.264000000000000057e+01 6.498389095796985870e-01 9.642362649702427291e-01 3.053625379918890100e-03 7.834489844653850454e+00
2.265000000000000213e+01 6.496779483247453468e-01 9.642617716956218832e-01 3.042906692423798590e-03 7.799351483751796543e+00
2.266000000000000014e+01 6.500394362672921034e-01 9.642944850130917844e-01 3.032864203462516065e-03 7.749221530528513924e+00
2.267000000000000171e+01 6.503971782372328647e-01 9.643337428176684822e-01 3.023445545127150490e-03 7.683640514650877940e+00
2.267999999999999972e+01 6.506508661608658706e-01 9.643787906824328182e-01 3.014602934388090245e-03 7.603665787668808740e+00
2.269000000000000128e+01 6.515679978272761463e-01 9.644287874385326642e-01 3.006295276931059655e-03 7.511681485816542825e+00
2.269999999999999929e+01 6.523655136941194366e-01 9.644828140325342192e-01 2.998489616335389425e-03 7.411138870704352399e+00
2.271000000000000085e+01 6.531015642476096783e-01 9.645398862008957019e-01 2.991161827496887846e-03 7.306265220741170019e+00
2.271999999999999886e+01 6.543744586664540508e-01 9.645989690297752661e-01 2.984296497167548880e-03 7.201764080518542777e+00
2.273000000000000043e+01 6.555474298633555685e-01 9.646589935463373289e-01 2.977886013015697796e-03 7.102539415570829462e+00
2.274000000000000199e+01 6.566161574504076892e-01 9.647188734579504876e-01 2.971928955601159383e-03 7.013456013550661616e+00
2.275000000000000000e+01 6.581709644637357970e-01 9.647775218112631945e-01 2.966427983164039543e-03 6.939132894938255802e+00
2.276000000000000156e+01 6.594511863737897439e-01 9.648338660617568063e-01 2.961387492167999718e-03 6.883770470271960207e+00
2.276999999999999957e+01 6.603503111008904858e-01 9.648868609652656581e-01 2.956811297875843944e-03 6.851008944305635673e+00
2.278000000000000114e+01 6.612267024322989739e-01 9.649354994655880979e-01 2.952700415996191430e-03 6.843819982426143866e+00
2.278999999999999915e+01 6.632844903296851724e-01 9.649788220307503606e-01 2.949050899601791433e-03 6.864436212833078699e+00
2.280000000000000071e+01 6.648753431704746975e-01 9.650159239576365788e-01 2.945851650622308398e-03 6.914317931459986966e+00
2.280999999999999872e+01 6.659390536808957872e-01 9.650459593667157776e-01 2.943082112915533771e-03 6.994146565350839673e+00
2.282000000000000028e+01 6.665863003594296732e-01 9.650681414524932000e-01 2.940709640325266452e-03 7.103824752661737740e+00
2.283000000000000185e+01 6.667801751289654799e-01 9.650817400227991172e-01 2.938686227041503035e-03 7.242457913161370442e+00
2.283999999999999986e+01 6.664362188827626099e-01 9.650860780294613361e-01 2.936944405612323603e-03 7.408224263421569589e+00
2.285000000000000142e+01 6.655215226424568975e-01 9.650805312196364394e-01 2.935392517377260167e-03 7.598242156716262130e+00
2.285999999999999943e+01 6.648749210019228029e-01 9.650645332058437331e-01 2.933910085199420079e-03 7.808265171976118246e+00
2.287000000000000099e+01 6.650050940835161573e-01 9.650375852447407032e-01 2.932344263731370866e-03 8.032552099905860388e+00
2.287999999999999901e+01 6.643528459449931090e-01 9.649992737212277349e-01 2.930508717149688663e-03 8.264013099316043665e+00
2.289000000000000057e+01 6.629575534566826134e-01 9.649493064147969257e-01 2.928185922125005509e-03 8.494532958094545450e+00
2.290000000000000213e+01 6.625758649668647138e-01 9.648875607490395856e-01 2.925133902313111715e-03 8.715488532136706823e+00
2.291000000000000014e+01 6.629048684203892039e-01 9.648141387904297650e-01 2.921097838765757473e-03 8.918227876158731249e+00
2.292000000000000171e+01 6.625931706520652442e-01 9.647294190195676578e-01 2.915826378917896027e-03 9.094418649563927204e+00
2.292999999999999972e+01 6.617123889518023994e-01 9.646340968935693816e-01 2.909091773749623334e-03 9.236366974312421263e+00
2.294000000000000128e+01 6.602470120138013154e-01 9.645292061761913116e-01 2.900712267040655382e-03 9.337439118747774103e+00
2.294999999999999929e+01 6.581212543975085705e-01 9.644161130904599366e-01 2.890573570277680561e-03 9.392641737600717633e+00
2.296000000000000085e+01 6.555196677314261144e-01 9.642964859758054175e-01 2.878646036526007375e-03 9.399219821060176727e+00
2.296999999999999886e+01 6.536000284243983494e-01 9.641722357334716609e-01 2.864993893510140582e-03 9.357109354129290679e+00
2.298000000000000043e+01 6.510051146493001095e-01 9.640454315674087393e-01 2.849773737871033694e-03 9.269121368216326928e+00
2.299000000000000199e+01 6.479573488395927727e-01 9.639182004018445049e-01 2.833221591883902483e-03 9.140751032791463615e+00
2.300000000000000000e+01 6.446912208522003196e-01 9.637926199340255407e-01 2.815630198892160076e-03 8.979653670270289822e+00
2.301000000000000156e+01 6.422051408527722494e-01 9.636706186029299070e-01 2.797320459950325498e-03 8.794862481831540180e+00
2.301999999999999957e+01 6.394683320800251813e-01 9.635538950203622610e-01 2.778612204719214419e-03 8.595875726158615393e+00
2.303000000000000114e+01 6.375075878351876835e-01 9.634438663751292431e-01 2.759799305844751714e-03 8.391759229248904717e+00
2.303999999999999915e+01 6.377128260121920356e-01 9.633416495449373951e-01 2.741132572525856008e-03 8.190407969183217674e+00
2.305000000000000071e+01 6.377388647333760430e-01 9.632480716586353520e-01 2.722811511283191460e-03 7.998087213160995468e+00
2.305999999999999872e+01 6.373727316598449821e-01 9.631637017499816711e-01 2.704983834415468358e-03 7.819317816521827780e+00
2.307000000000000028e+01 6.366371002510231580e-01 9.630888923097417065e-01 2.687750297557909770e-03 7.657077011734461536e+00
2.308000000000000185e+01 6.355621656182384172e-01 9.630238214273362241e-01 2.671172289733443703e-03 7.513194927494295072e+00
2.308999999999999986e+01 6.341312634819376015e-01 9.629685302184101126e-01 2.655280101284936481e-03 7.388739896616220548e+00
2.310000000000000142e+01 6.323758235252258109e-01 9.629229532024573546e-01 2.640080538257049553e-03 7.284220221035853982e+00
2.310999999999999943e+01 6.303262267849409906e-01 9.628869423866504018e-01 2.625563232637502173e-03 7.199522327567136948e+00
2.312000000000000099e+01 6.280901351734224924e-01 9.628602839288996629e-01 2.611705593115673952e-03 7.133667312579933473e+00
2.312999999999999901e+01 6.256603158620737126e-01 9.628427132981142167e-01 2.598476543527972367e-03 7.084514506265156442e+00
2.314000000000000057e+01 6.254467473905191977e-01 9.628339245999864016e-01 2.585839361331220086e-03 7.048631111307989805e+00
2.315000000000000213e+01 6.257104378196300942e-01 9.628335732775238354e-01 2.573753982141568399e-03 7.021456490469560663e+00
2.316000000000000014e+01 6.256118004879902550e-01 9.628412734501164971e-01 2.562179035567333733e-03 6.997769524535337737e+00
2.317000000000000171e+01 6.252749414556176832e-01 9.628565897626757408e-01 2.551073775597082274e-03 6.972359610208346048e+00
2.317999999999999972e+01 6.248136806722782710e-01 9.628790290303916866e-01 2.540399938299029228e-03 6.940684613406607362e+00
2.319000000000000128e+01 6.243264132528097976e-01 9.629080312146157672e-01 2.530123658203612715e-03 6.899410070513216198e+00
2.319999999999999929e+01 6.244001678610947570e-01 9.629429659036483624e-01 2.520217291391786078e-03 6.846702549936014570e+00
2.321000000000000085e+01 6.242489347517173881e-01 9.629831340522878591e-01 2.510661011400061853e-03 6.782275931433235705e+00
2.321999999999999886e+01 6.238806788172320816e-01 9.630277735272975148e-01 2.501444005370743150e-03 6.707259776026167408e+00
2.323000000000000043e+01 6.240685999736493850e-01 9.630760666554547544e-01 2.492565109783860360e-03 6.623963079021226719e+00
2.324000000000000199e+01 6.245217549290733583e-01 9.631271506931704529e-01 2.484032792783542540e-03 6.535583330728677254e+00
2.325000000000000000e+01 6.246698508926561422e-01 9.631801300845871383e-01 2.475864481454038025e-03 6.445910565291221417e+00
2.326000000000000156e+01 6.265708407934863500e-01 9.632340899455882344e-01 2.468085299173908807e-03 6.359050315264583197e+00
2.326999999999999957e+01 6.301885182660790230e-01 9.632881099269701153e-01 2.460726324304140719e-03 6.279183477187133988e+00
2.328000000000000114e+01 6.326995861797740650e-01 9.633412775654662807e-01 2.453822508667578579e-03 6.210368075788466058e+00
2.328999999999999915e+01 6.339815925062717294e-01 9.633927003566347125e-01 2.447410419881381957e-03 6.156380842048928770e+00
2.330000000000000071e+01 6.340283674607546383e-01 9.634415156261648683e-01 2.441525987388868529e-03 6.120594958490088722e+00
2.330999999999999872e+01 6.328404767832961353e-01 9.634868980839161878e-01 2.436202410652998744e-03 6.105885661385085150e+00
2.332000000000000028e+01 6.305625719995577860e-01 9.635280647983658353e-01 2.431468295542799866e-03 6.114561378980436501e+00
2.333000000000000185e+01 6.311388546353640105e-01 9.635642785631228779e-01 2.427345966885584641e-03 6.148319222309844179e+00
2.333999999999999986e+01 6.325855591800793043e-01 9.635948499843079995e-01 2.423849849189042924e-03 6.208225695732655147e+00
2.335000000000000142e+01 6.341686834423759800e-01 9.636191385760732864e-01 2.420984817232534406e-03 6.294718754026872531e+00
2.335999999999999943e+01 6.353919031019752417e-01 9.636365521278624779e-01 2.418744428420366473e-03 6.407627056854686920e+00
2.337000000000000099e+01 6.362839664226669356e-01 9.636465444137418679e-01 2.417108887658162529e-03 6.546186234780907220e+00
2.337999999999999901e+01 6.367869974386581866e-01 9.636486123891727651e-01 2.416042529344439999e-03 6.709035339763848249e+00
2.339000000000000057e+01 6.368251603132321081e-01 9.636422932361019544e-01 2.415490679838627839e-03 6.894104331766024885e+00
2.340000000000000213e+01 6.363451170931520018e-01 9.636271641855062020e-01 2.415376025535809906e-03 7.098490278564804967e+00
2.341000000000000014e+01 6.355017613070423899e-01 9.636028463916581632e-01 2.415595023690844841e-03 7.318186042945236558e+00
2.342000000000000171e+01 6.355556570178815257e-01 9.635690119914820384e-01 2.416015139981744168e-03 7.547931102920069968e+00
2.342999999999999972e+01 6.352872450940574289e-01 9.635253969202223212e-01 2.416474009670840136e-03 7.781287006091222480e+00
2.344000000000000128e+01 6.343790779927992451e-01 9.634718280628407072e-01 2.416781356445418111e-03 8.010875004316295289e+00
2.344999999999999929e+01 6.336226738829940919e-01 9.634082619084600729e-01 2.416724483859605029e-03 8.228824195540751063e+00
2.346000000000000085e+01 6.341520963757760754e-01 9.633348311369281936e-01 2.416077693862565910e-03 8.427254911247867852e+00
2.346999999999999886e+01 6.342067328812318605e-01 9.632518927712482304e-01 2.414615470070207749e-03 8.598665057553285251e+00
2.348000000000000043e+01 6.337229239148434168e-01 9.631600692940047725e-01 2.412128739876484226e-03 8.736233997515153504e+00
2.349000000000000199e+01 6.328129765767879222e-01 9.630602763959664747e-01 2.408442996642448913e-03 8.834140497437697803e+00
2.350000000000000000e+01 6.314497045853864066e-01 9.629537277915183324e-01 2.403436209070332775e-03 8.887968750295259568e+00
2.351000000000000156e+01 6.299507943647666419e-01 9.628419171419531075e-01 2.397053770200565335e-03 8.895170789847206549e+00
2.351999999999999957e+01 6.285733557875206046e-01 9.627265746851481065e-01 2.389317824881971065e-03 8.855477579769669205e+00
2.353000000000000114e+01 6.268846269007252170e-01 9.626096002766708626e-01 2.380328548347954414e-03 8.771116694069860387e+00
2.353999999999999915e+01 6.247477424923004730e-01 9.624929778204384112e-01 2.370256255722288236e-03 8.646766323342113481e+00
2.355000000000000071e+01 6.224370830106491503e-01 9.623786806696852381e-01 2.359325011038706631e-03 8.489193832901406722e+00
2.355999999999999872e+01 6.207332150556063022e-01 9.622685782813983346e-01 2.347790232518498152e-03 8.306623845594568678e+00
2.357000000000000028e+01 6.187377638804266722e-01 9.621643555044800955e-01 2.335914077843858662e-03 8.107927237661190389e+00
2.358000000000000185e+01 6.165629499652338641e-01 9.620674540721907420e-01 2.323942740902885766e-03 7.901760568149943431e+00
2.358999999999999986e+01 6.167050267639827554e-01 9.619790415886593227e-01 2.312088983827604791e-03 7.695802864719682113e+00
2.360000000000000142e+01 6.165270870101976497e-01 9.619000066340803734e-01 2.300521572731526083e-03 7.496240842152058548e+00
2.360999999999999943e+01 6.164881967955353481e-01 9.618309739469729225e-01 2.289361538169326117e-03 7.307599123287108256e+00
2.362000000000000099e+01 6.163887650104005189e-01 9.617723306881950096e-01 2.278683885934266583e-03 7.132913004962711412e+00
2.362999999999999901e+01 6.159858739141800266e-01 9.617242571522222061e-01 2.268522888952533793e-03 6.974112693313877287e+00
2.364000000000000057e+01 6.153511046894949432e-01 9.616867564000179947e-01 2.258879221863312105e-03 6.832406769375841016e+00
2.365000000000000213e+01 6.144189502299863825e-01 9.616596840634714649e-01 2.249727718886858439e-03 6.708439655023966885e+00
2.366000000000000014e+01 6.132111969941380636e-01 9.616427802961204918e-01 2.241024776060464470e-03 6.602129586085759172e+00
2.367000000000000171e+01 6.117537159961764504e-01 9.616356991366344920e-01 2.232714998009719797e-03 6.512325300411668572e+00
2.367999999999999972e+01 6.112772668098002127e-01 9.616380338337622291e-01 2.224736917866205511e-03 6.436537705969907819e+00
2.369000000000000128e+01 6.120828633959547460e-01 9.616493328846633659e-01 2.217027706980810586e-03 6.370974438729561484e+00
2.369999999999999929e+01 6.127837573012725469e-01 9.616691025037653606e-01 2.209527058929258801e-03 6.310976728930791424e+00
2.371000000000000085e+01 6.133561831525173869e-01 9.616968003487154082e-01 2.202180426601829145e-03 6.251733944313983216e+00
2.371999999999999886e+01 6.136677871926189409e-01 9.617318282243123573e-01 2.194941704150275147e-03 6.188981033863932169e+00
2.373000000000000043e+01 6.134846058084925113e-01 9.617735289056361658e-01 2.187775412694120507e-03 6.119506011811957968e+00
2.374000000000000199e+01 6.130539593661256115e-01 9.618211888469745396e-01 2.180658353525910618e-03 6.041418403567017315e+00
2.375000000000000000e+01 6.193142467616788993e-01 9.618740450596576785e-01 2.173580640386458315e-03 5.954210251957116284e+00
2.376000000000000156e+01 6.261362722231638145e-01 9.619312962476260775e-01 2.166546059204658200e-03 5.858676042869817913e+00
2.376999999999999957e+01 6.320245026314699199e-01 9.619921113295211157e-01 2.159571703273425927e-03 5.756700518285416734e+00
2.378000000000000114e+01 6.380612081916379186e-01 9.620556396650628006e-01 2.152686942680426350e-03 5.650987363552088638e+00
2.378999999999999915e+01 6.436807448852961411e-01 9.621210227446859165e-01 2.145931832599912419e-03 5.544798645215735178e+00
2.380000000000000071e+01 6.482120835305608120e-01 9.621874044832141593e-01 2.139355122326230645e-03 5.441712661788820959e+00
2.380999999999999872e+01 6.515986813900713770e-01 9.622539417493247704e-01 2.133012013396511000e-03 5.345412166933473763e+00
2.382000000000000028e+01 6.538362242498773069e-01 9.623198139040898269e-01 2.126961848384313451e-03 5.259530456893926065e+00
2.383000000000000185e+01 6.552933700690107832e-01 9.623842303859233560e-01 2.121265894177820979e-03 5.187536004243441745e+00
2.383999999999999986e+01 6.557300011912869930e-01 9.624464365457243709e-01 2.115985330213788953e-03 5.132636240976225395e+00
2.385000000000000142e+01 6.552581013948575173e-01 9.625057172997658617e-01 2.111179518304228883e-03 5.097706059851371485e+00
2.385999999999999943e+01 6.538089176108663469e-01 9.625613981617959780e-01 2.106904583446669171e-03 5.085228928432024453e+00
2.387000000000000099e+01 6.513990279611173717e-01 9.626128447852954073e-01 2.103212261101830832e-03 5.097243583802891997e+00
2.387999999999999901e+01 6.480592982970452276e-01 9.626594606037169877e-01 2.100148893967767900e-03 5.135309710775175951e+00
2.389000000000000057e+01 6.438251843452054146e-01 9.627006828669282257e-01 2.097754423116790154e-03 5.200497060666419813e+00
2.390000000000000213e+01 6.389041209365686758e-01 9.627359806203764636e-01 2.096061287958984106e-03 5.293384144652268475e+00
2.391000000000000014e+01 6.332740589079906002e-01 9.627648508908654978e-01 2.095093111007938214e-03 5.414015697777753822e+00
2.392000000000000171e+01 6.270607681881947837e-01 9.627868121575332561e-01 2.094863206386690484e-03 5.561955567602796080e+00
2.392999999999999972e+01 6.275407527524896611e-01 9.628013970596285276e-01 2.095372724844698879e-03 5.736368006447252199e+00
2.394000000000000128e+01 6.276310894675614094e-01 9.628081476250256454e-01 2.096608143331802829e-03 5.935966037162030418e+00
2.394999999999999929e+01 6.279707188819121377e-01 9.628066107161821208e-01 2.098537986222758119e-03 6.158905792918451638e+00
2.396000000000000085e+01 6.288270582884685211e-01 9.627963377734805039e-01 2.101108877166477443e-03 6.402609433753402080e+00
2.396999999999999886e+01 6.291513275229473345e-01 9.627768834454629721e-01 2.104241286175307594e-03 6.663481536845703879e+00
2.398000000000000043e+01 6.288981994853285462e-01 9.627478172774955878e-01 2.107825635864582145e-03 6.936729285518937083e+00
2.399000000000000199e+01 6.292396629099010763e-01 9.627087471014394993e-01 2.111719611107133396e-03 7.216245244640767886e+00
2.400000000000000000e+01 6.300982193421923450e-01 9.626593503044076350e-01 2.115747711787583155e-03 7.494852467519333317e+00
2.401000000000000156e+01 6.305134711980098228e-01 9.625994231584227290e-01 2.119703999965868481e-03 7.764604661347933146e+00
2.401999999999999957e+01 6.304190158595401883e-01 9.625289421047137361e-01 2.123358889027616384e-03 8.017079724797630647e+00
2.403000000000000114e+01 6.298366017256493699e-01 9.624481277569277848e-01 2.126470644053269580e-03 8.243674293488604476e+00
2.403999999999999915e+01 6.290342307496161744e-01 9.623575040134861869e-01 2.128801674857988980e-03 8.435905999123919585e+00
2.405000000000000071e+01 6.283463243830316181e-01 9.622579425471827763e-01 2.130138863333653435e-03 8.585848350132680551e+00
2.406000000000000227e+01 6.272618438592330037e-01 9.621506871052079024e-01 2.130316148395655293e-03 8.686769733283504991e+00
2.407000000000000028e+01 6.256082552893743598e-01 9.620373465710667649e-01 2.129236249494563960e-03 8.733921581458828243e+00
2.408000000000000185e+01 6.236276593736922447e-01 9.619198558868631288e-01 2.126887254846129491e-03 8.725291947875042808e+00
2.408999999999999986e+01 6.212137997030023895e-01 9.618004034455999163e-01 2.123350150149078477e-03 8.662108766573478391e+00
2.410000000000000142e+01 6.184572318420328285e-01 9.616813284806606799e-01 2.118794305749383509e-03 8.548923160092426698e+00
2.410999999999999943e+01 6.156225518626381454e-01 9.615649989499374106e-01 2.113460460657223036e-03 8.393223578530978557e+00
2.412000000000000099e+01 6.147472345279065831e-01 9.614536863679608025e-01 2.107633774477776431e-03 8.204609810048895113e+00
2.412999999999999901e+01 6.143396114208230507e-01 9.613494542291937117e-01 2.101612020576955168e-03 7.993672552188454183e+00
2.414000000000000057e+01 6.147948253077812897e-01 9.612540756125271812e-01 2.095675030543246720e-03 7.770780185309861032e+00
2.415000000000000213e+01 6.149448205956463687e-01 9.611689886706966668e-01 2.090060613350182631e-03 7.545004438707289651e+00
2.416000000000000014e+01 6.147877415298840242e-01 9.610952888380406289e-01 2.084949788293346835e-03 7.323418586762020510e+00
2.417000000000000171e+01 6.143816134025020803e-01 9.610337477589038224e-01 2.080461384010003946e-03 7.110916022184041729e+00
2.417999999999999972e+01 6.137826694175986253e-01 9.609848460959857785e-01 2.076654072358294096e-03 6.910539551049978968e+00
2.419000000000000128e+01 6.129514854588510309e-01 9.609488070779852453e-01 2.073533221090184588e-03 6.724122728331678012e+00
2.419999999999999929e+01 6.126744307878543294e-01 9.609256311300108377e-01 2.071060373140677646e-03 6.552825568232006681e+00
2.421000000000000085e+01 6.137733587926560430e-01 9.609151324826624707e-01 2.069163594268261935e-03 6.397228167878228788e+00
2.421999999999999886e+01 6.146043767003204206e-01 9.609169789802496364e-01 2.067747775441536925e-03 6.256928687644126796e+00
2.423000000000000043e+01 6.152781255395788351e-01 9.609307345613803397e-01 2.066704108420829109e-03 6.129923358085533458e+00
2.424000000000000199e+01 6.157183989207918318e-01 9.609558894899695725e-01 2.065918480514493134e-03 6.012386782236855964e+00
2.425000000000000000e+01 6.158867275008943487e-01 9.609918712395743023e-01 2.065278663726035323e-03 5.899180898043251631e+00
2.426000000000000156e+01 6.157961903898621081e-01 9.610380362207998628e-01 2.064680419425896953e-03 5.784872079591600880e+00
2.426999999999999957e+01 6.204755836974972238e-01 9.610936578529595264e-01 2.064032661960676310e-03 5.664748452200308648e+00
2.428000000000000114e+01 6.315518831143364098e-01 9.611579291983569640e-01 2.063261634625394164e-03 5.535465488321428928e+00
2.428999999999999915e+01 6.417346214800181414e-01 9.612299727647611869e-01 2.062313847313806438e-03 5.395224965747925872e+00
2.430000000000000071e+01 6.509434707922343577e-01 9.613088603894632822e-01 2.061157562757786645e-03 5.243728754549642268e+00
2.431000000000000227e+01 6.603458977061295032e-01 9.613936302201081530e-01 2.059782831388552206e-03 5.082051148225128046e+00
2.432000000000000028e+01 6.698753200014053721e-01 9.614833024832860620e-01 2.058200180129611361e-03 4.912367653955956648e+00
2.433000000000000185e+01 6.782290623167417376e-01 9.615768946643317161e-01 2.056438138112659172e-03 4.737630144722951187e+00
2.433999999999999986e+01 6.853934561754316812e-01 9.616734354332128198e-01 2.054539893124497293e-03 4.561276258666777217e+00
2.435000000000000142e+01 6.915354056142962724e-01 9.617719768193492280e-01 2.052559436403725464e-03 4.386983817801518803e+00
2.435999999999999943e+01 6.964953967250500089e-01 9.618716061952670149e-01 2.050557641193054108e-03 4.218519059837039009e+00
2.437000000000000099e+01 7.003386499365121809e-01 9.619714564546056890e-01 2.048598515515326172e-03 4.059589637208667057e+00
2.437999999999999901e+01 7.031110854938216193e-01 9.620707106465784531e-01 2.046746121496062238e-03 3.913748465754294248e+00
2.439000000000000057e+01 7.048725466625608282e-01 9.621686059140798220e-01 2.045062200073218678e-03 3.784363659261725576e+00
2.440000000000000213e+01 7.057344558103171295e-01 9.622644343165276393e-01 2.043604517855283475e-03 3.674582863303117897e+00
2.441000000000000014e+01 7.058612810078663813e-01 9.623575410298208510e-01 2.042425955685027699e-03 3.587289779747750096e+00
2.442000000000000171e+01 7.051862267355255565e-01 9.624473199630334541e-01 2.041574255121991234e-03 3.525044360897541917e+00
2.442999999999999972e+01 7.037287992471835674e-01 9.625332068865668500e-01 2.041092238253661151e-03 3.490015165473675296e+00
2.444000000000000128e+01 7.016164572730902993e-01 9.626146716776265988e-01 2.041018338583782451e-03 3.483967852510774676e+00
2.444999999999999929e+01 6.988637077612697146e-01 9.626912105187791502e-01 2.041387023487654506e-03 3.508213578363637009e+00
2.446000000000000085e+01 6.954666887948297571e-01 9.627623332585628635e-01 2.042229122568063344e-03 3.563575299290435705e+00
2.446999999999999886e+01 6.915236498385542996e-01 9.628275527271273893e-01 2.043571893896210193e-03 3.650426817222351517e+00
2.448000000000000043e+01 6.872436542958457739e-01 9.628863729627659129e-01 2.045438890308367078e-03 3.768758970356843818e+00
2.449000000000000199e+01 6.824664036184675542e-01 9.629382751956520048e-01 2.047849777691006234e-03 3.918300711699961969e+00
2.450000000000000000e+01 6.772261063540955250e-01 9.629827038487370761e-01 2.050820049161249797e-03 4.098659696318570411e+00
2.451000000000000156e+01 6.716617409833347541e-01 9.630190488160736972e-01 2.054360290087897580e-03 4.309421702696458745e+00
2.451999999999999957e+01 6.656505965422545579e-01 9.630466376238147053e-01 2.058474623610665084e-03 4.550107211418629838e+00
2.453000000000000114e+01 6.589739562004388596e-01 9.630647219931633973e-01 2.063158011315925459e-03 4.819994322516374829e+00
2.453999999999999915e+01 6.532657831981671936e-01 9.630724773663433824e-01 2.068392217143570980e-03 5.117872559013287415e+00
2.455000000000000071e+01 6.537919757796851750e-01 9.630690151413814348e-01 2.074140327884344600e-03 5.441682374650874010e+00
2.456000000000000227e+01 6.541810327529136160e-01 9.630534106615397105e-01 2.080339936599289504e-03 5.788191542783836852e+00
2.457000000000000028e+01 6.544516701526289504e-01 9.630247534794591502e-01 2.086895592462517483e-03 6.152832191859477717e+00
2.458000000000000185e+01 6.540801895979320157e-01 9.629822069469599066e-01 2.093671565688885131e-03 6.529522654667115233e+00
2.458999999999999986e+01 6.529990066083989353e-01 9.629251024952368843e-01 2.100486631419634827e-03 6.910379316564076113e+00
2.460000000000000142e+01 6.513706488429127361e-01 9.628530365104391864e-01 2.107113040942651914e-03 7.285386696340990120e+00
2.460999999999999943e+01 6.491946317388418430e-01 9.627659706968406672e-01 2.113282609476561415e-03 7.642337370785731387e+00
2.462000000000000099e+01 6.465101893972734493e-01 9.626643364572615713e-01 2.118702695978193565e-03 7.967056084084570777e+00
2.462999999999999901e+01 6.434557537213053680e-01 9.625491268021648672e-01 2.123084550331234485e-03 8.244410426370556877e+00
2.464000000000000057e+01 6.413649368253007133e-01 9.624219574234833541e-01 2.126183757573778255e-03 8.460110199142654608e+00
2.465000000000000213e+01 6.405665617810832879e-01 9.622850841553819423e-01 2.127847770338345615e-03 8.602946451281614060e+00
2.466000000000000014e+01 6.402619894249929056e-01 9.621413472971495073e-01 2.128059890868293919e-03 8.666967132651244299e+00
2.467000000000000171e+01 6.389339561608058382e-01 9.619940402845934546e-01 2.126965659585000959e-03 8.652860876893413433e+00
2.467999999999999972e+01 6.369006259913789769e-01 9.618467059736539593e-01 2.124870448470120472e-03 8.568057253439302912e+00
2.469000000000000128e+01 6.352868010548453626e-01 9.617028913520845324e-01 2.122204980965340573e-03 8.425417017810859832e+00
2.469999999999999929e+01 6.344840205956236989e-01 9.615659072944278130e-01 2.119466709247036073e-03 8.240901668741248187e+00
2.471000000000000085e+01 6.334340264701132650e-01 9.614386394860248153e-01 2.117153033269549532e-03 8.030928174764113692e+00
2.471999999999999886e+01 6.330463691699625972e-01 9.613234421056113810e-01 2.115703536287850961e-03 7.810080730920770264e+00
2.473000000000000043e+01 6.339025973479209819e-01 9.612221193651928619e-01 2.115462476443736705e-03 7.589612288663405870e+00
2.474000000000000199e+01 6.344376881327236095e-01 9.611359748671534087e-01 2.116663632662911174e-03 7.376876677681256211e+00
2.475000000000000000e+01 6.346683037379569070e-01 9.610658908105172982e-01 2.119432280150114565e-03 7.175689509081350614e+00
2.476000000000000156e+01 6.346786312756821369e-01 9.610124040856844463e-01 2.123796737583421267e-03 6.987386328651055578e+00
2.476999999999999957e+01 6.346348263232787223e-01 9.609757576675026502e-01 2.129703501544786756e-03 6.812146041064975677e+00
2.478000000000000114e+01 6.352438133613746984e-01 9.609559284238766708e-01 2.137033194805996409e-03 6.649879944246733565e+00
2.478999999999999915e+01 6.359250731057087824e-01 9.609526566245470969e-01 2.145616326491399817e-03 6.500035659278865730e+00
2.480000000000000071e+01 6.371350882495165902e-01 9.609654929375419652e-01 2.155248679042396764e-03 6.360294580377981788e+00
2.481000000000000227e+01 6.380888684078240836e-01 9.609938635123709272e-01 2.165705772337131289e-03 6.225114366234965502e+00
2.482000000000000028e+01 6.391090760096037604e-01 9.610371156027714967e-01 2.176755891557383311e-03 6.085757767012833774e+00
2.483000000000000185e+01 6.403819526541503215e-01 9.610945111247060080e-01 2.188171520015438735e-03 5.932358405268011836e+00
2.483999999999999986e+01 6.509754573746626694e-01 9.611651888614208827e-01 2.199739716745747857e-03 5.756860032573248631e+00
2.485000000000000142e+01 6.656095659005636378e-01 9.612481391133399500e-01 2.211271365389695827e-03 5.554866434603293435e+00
2.485999999999999943e+01 6.791811202064299557e-01 9.613422227176595669e-01 2.222608369508966009e-03 5.325716123402226998e+00
2.487000000000000099e+01 6.936903548808891484e-01 9.614462113803202703e-01 2.233627883544904522e-03 5.071705090556726248e+00
2.487999999999999901e+01 7.078675758980148558e-01 9.615588227327904747e-01 2.244243210815363796e-03 4.797112816734476759e+00
2.489000000000000057e+01 7.204883674849239528e-01 9.616787451049062518e-01 2.254401665659032730e-03 4.507266372463666571e+00
2.490000000000000213e+01 7.315977202139469782e-01 9.618046689637377300e-01 2.264079831941915970e-03 4.207819892743436263e+00
2.491000000000000014e+01 7.410755052538452459e-01 9.619353064832902866e-01 2.273276768482185729e-03 3.904136615237419949e+00
2.492000000000000171e+01 7.489612685199376063e-01 9.620694107273730644e-01 2.282006324796699570e-03 3.601168537041198547e+00
2.492999999999999972e+01 7.553598397028108424e-01 9.622057939913174485e-01 2.290289268940454148e-03 3.303533931679661695e+00
2.494000000000000128e+01 7.605499795473190661e-01 9.623433408333436079e-01 2.298146412529547024e-03 3.015622271487272688e+00
2.494999999999999929e+01 7.644283817592744112e-01 9.624810161902790373e-01 2.305593433583327106e-03 2.741665352839055547e+00
2.496000000000000085e+01 7.671459601634884606e-01 9.626178695052876044e-01 2.312637563267892597e-03 2.485695210832755464e+00
2.496999999999999886e+01 7.689325111477322006e-01 9.627530336256893140e-01 2.319275996166740225e-03 2.251575843779349384e+00
2.498000000000000043e+01 7.697331687111101939e-01 9.628857177552216928e-01 2.325495927454987281e-03 2.042911273759918434e+00
2.499000000000000199e+01 7.696389190207716391e-01 9.630151962919207831e-01 2.331276337020121193e-03 1.862869530779832195e+00
2.500000000000000000e+01 7.687949277967491835e-01 9.631407948879411318e-01 2.336591250488074568e-03 1.714186071747102469e+00
2.501000000000000156e+01 7.674064447017860946e-01 9.632618755221670215e-01 2.341413726596126236e-03 1.599166377451884280e+00
2.501999999999999957e+01 7.653154811928520873e-01 9.633778200628138055e-01 2.345719608353964876e-03 1.519552689469126250e+00
2.503000000000000114e+01 7.625818171161078407e-01 9.634880127092229074e-01 2.349490843697816123e-03 1.476579706229185440e+00
2.503999999999999915e+01 7.594519342575551946e-01 9.635918216988550444e-01 2.352718390265996339e-03 1.471042337988092807e+00
2.505000000000000071e+01 7.557642758554053986e-01 9.636885820912848288e-01 2.355404730730300232e-03 1.503390865198780402e+00
2.506000000000000227e+01 7.516759117784820310e-01 9.637775808622905949e-01 2.357566105435405374e-03 1.573835403199770555e+00
2.507000000000000028e+01 7.470281300714735062e-01 9.638580428613031659e-01 2.359234617706061632e-03 1.682536057258340101e+00
2.508000000000000185e+01 7.416607034850480895e-01 9.639291135318529546e-01 2.360460051698159631e-03 1.829927420472364563e+00
2.508999999999999986e+01 7.356963000443044187e-01 9.639898505683368590e-01 2.361310774336797084e-03 2.016964163636455254e+00
2.510000000000000142e+01 7.290347586743400887e-01 9.640392091919702811e-01 2.361873545606433308e-03 2.244988806546713622e+00
2.510999999999999943e+01 7.212156006726123669e-01 9.640760421475917941e-01 2.362252013115509995e-03 2.515479234578060108e+00
2.512000000000000099e+01 7.120988531124160525e-01 9.640991174036934730e-01 2.362562264978598867e-03 2.829772524428702418e+00
2.512999999999999901e+01 7.013284820170482270e-01 9.641071481086480599e-01 2.362924470388735529e-03 3.188458435025673943e+00
2.514000000000000057e+01 6.917071847271369922e-01 9.640988416440104958e-01 2.363450430640880173e-03 3.590654256654960630e+00
2.515000000000000213e+01 6.886373207501991223e-01 9.640729668827141552e-01 2.364227740842634196e-03 4.033362528140474801e+00
2.516000000000000014e+01 6.873761315347247658e-01 9.640284280351963941e-01 2.365301418817180798e-03 4.510812311283229015e+00
2.517000000000000171e+01 6.853789724167377306e-01 9.639643615440407487e-01 2.366654453949769421e-03 5.013907360071129915e+00
2.517999999999999972e+01 6.834862532748957609e-01 9.638802472548445577e-01 2.368190386850061585e-03 5.529478348198419546e+00
2.519000000000000128e+01 6.808237601407945983e-01 9.637760453186925425e-01 2.369723733041641939e-03 6.039663678982138961e+00
2.519999999999999929e+01 6.774593633422211214e-01 9.636523507520440290e-01 2.370986052815357396e-03 6.522356801370762902e+00
2.521000000000000085e+01 6.760048313004269893e-01 9.635105304787878744e-01 2.371657477358444979e-03 6.953138415045119203e+00
2.521999999999999886e+01 6.744774659682126750e-01 9.633528328905843763e-01 2.371429490007660734e-03 7.308631880559417482e+00
2.523000000000000043e+01 6.731838175298898719e-01 9.631824079589079712e-01 2.370092334083705003e-03 7.571176114373771249e+00
2.524000000000000199e+01 6.714920615345043586e-01 9.630031880381036968e-01 2.367621803855842443e-03 7.733162698046981198e+00
2.525000000000000000e+01 6.703962490239188110e-01 9.628196107626320055e-01 2.364230128027520160e-03 7.798985839033555578e+00
2.526000000000000156e+01 6.701309344626877884e-01 9.626362494573230677e-01 2.360355689887222615e-03 7.783489403731762124e+00
2.526999999999999957e+01 6.694762770385116468e-01 9.624574445989844129e-01 2.356593121565863421e-03 7.707428482299381933e+00
2.528000000000000114e+01 6.683505114914589651e-01 9.622870288968097263e-01 2.353592589234851720e-03 7.592196856999045451e+00
2.528999999999999915e+01 6.684217183582210620e-01 9.621281868724314013e-01 2.351965924346990575e-03 7.456177345909703824e+00
2.530000000000000071e+01 6.689731171990854763e-01 9.619834381162775117e-01 2.352224023443704425e-03 7.313556693029445555e+00
2.531000000000000227e+01 6.697793942570766657e-01 9.618547093441465190e-01 2.354748913093018120e-03 7.174844584080367405e+00
2.532000000000000028e+01 6.701579295415636128e-01 9.617434431578777421e-01 2.359790244095230638e-03 7.047856457632351024e+00
2.533000000000000185e+01 6.702572732169647107e-01 9.616507032201877525e-01 2.367473808858744019e-03 6.937921052828700752e+00
2.533999999999999986e+01 6.706591987044151493e-01 9.615772522450279913e-01 2.377813416591084000e-03 6.847394912146056001e+00
2.535000000000000142e+01 6.716332863833799349e-01 9.615235917409105104e-01 2.390722492930961313e-03 6.775161864656817912e+00
2.535999999999999943e+01 6.741652210346672502e-01 9.614899609779312684e-01 2.406025139828603561e-03 6.716701013975109547e+00
2.537000000000000099e+01 6.770551607536854366e-01 9.614763050493122520e-01 2.423468373619517939e-03 6.664806892781037106e+00
2.537999999999999901e+01 6.795623707901737864e-01 9.614822683550749982e-01 2.442737345731592173e-03 6.610232164818105716e+00
2.539000000000000057e+01 6.818821253487418188e-01 9.615072458471366490e-01 2.463473823222599342e-03 6.541593769461238495e+00
2.540000000000000213e+01 6.838093062813387357e-01 9.615504874109727096e-01 2.485296139424721454e-03 6.445262262866425118e+00
2.541000000000000014e+01 6.852538360320578059e-01 9.616111622415668414e-01 2.507817838634666778e-03 6.307245212756432018e+00
2.542000000000000171e+01 6.862209686863163238e-01 9.616883209690423318e-01 2.530664467482712440e-03 6.117418118583336728e+00
2.542999999999999972e+01 6.877457173376302357e-01 9.617808154924114561e-01 2.553489421680889791e-03 5.873026386352683481e+00
2.544000000000000128e+01 7.040754805427122953e-01 9.618872879487117000e-01 2.575987572567672163e-03 5.578318544215162156e+00
2.544999999999999929e+01 7.231919433587977730e-01 9.620062414363206305e-01 2.597904082267708976e-03 5.241628517891492756e+00
2.546000000000000085e+01 7.403645775932767847e-01 9.621361102278321864e-01 2.619037042369034771e-03 4.872662776846287791e+00
2.546999999999999886e+01 7.555056248400129348e-01 9.622752974880309784e-01 2.639234888536874137e-03 4.480894920347431309e+00
2.548000000000000043e+01 7.685468868715413793e-01 9.624222127866034482e-01 2.658389762514626678e-03 4.074674582318103866e+00
2.549000000000000199e+01 7.798116345402925642e-01 9.625752920666118539e-01 2.676428352167336752e-03 3.660802415911525554e+00
2.550000000000000000e+01 7.891200809792930926e-01 9.627330224418970683e-01 2.693301522184604960e-03 3.244947850477517548e+00
2.551000000000000156e+01 7.965288324135714193e-01 9.628939619777430181e-01 2.708973995893391995e-03 2.832216684546698726e+00
2.551999999999999957e+01 8.023738486264389014e-01 9.630567507615546141e-01 2.723415939480750437e-03 2.427581612612908391e+00
2.553000000000000114e+01 8.067117386984157257e-01 9.632201174420519374e-01 2.736596709999792893e-03 2.036177705436467811e+00
2.553999999999999915e+01 8.096565830022354193e-01 9.633828830630771778e-01 2.748480381051063726e-03 1.663205034572914354e+00
2.555000000000000071e+01 8.112835621721429247e-01 9.635439608798003208e-01 2.759023931501698897e-03 1.313794267582299558e+00
2.556000000000000227e+01 8.119646741134181056e-01 9.637023491769278749e-01 2.768178436801466569e-03 9.929591990200224982e-01
2.557000000000000028e+01 8.115327096785884819e-01 9.638571186730767737e-01 2.775892948918548195e-03 7.051290662524876129e-01
2.558000000000000185e+01 8.101573395159176183e-01 9.640073933277801821e-01 2.782120471959575927e-03 4.541917831973297792e-01
2.558999999999999986e+01 8.082170774247480205e-01 9.641523290330896723e-01 2.786823866497076686e-03 2.433208618588016403e-01
2.560000000000000142e+01 8.055183849601221802e-01 9.642910984515147277e-01 2.789980964658932659e-03 7.500203340859593060e-02
2.560999999999999943e+01 8.021258212391219056e-01 9.644228795424244494e-01 2.791589647689488550e-03 -4.884473376443426718e-02
2.562000000000000099e+01 7.981849659971963495e-01 9.645468388074580623e-01 2.791672985172176727e-03 -1.268376870808436141e-01
2.562999999999999901e+01 7.935561822607574145e-01 9.646621128221919417e-01 2.790283074814704084e-03 -1.580056231356110619e-01
2.564000000000000057e+01 7.885402984002871651e-01 9.647677931596245759e-01 2.787503431413738703e-03 -1.414450167975278561e-01
2.565000000000000213e+01 7.824988300348894033e-01 9.648629209472020518e-01 2.783450324148534650e-03 -7.636015724406973459e-02
2.566000000000000014e+01 7.757704423107907310e-01 9.649464777804396265e-01 2.778272968073592676e-03 3.825182556115948318e-02
2.567000000000000171e+01 7.682850336682938153e-01 9.650173758768081367e-01 2.772152869551378334e-03 2.037429925828596888e-01
2.567999999999999972e+01 7.597627401768799471e-01 9.650744582898919122e-01 2.765302526913110230e-03 4.219987866668299947e-01
2.569000000000000128e+01 7.502656503057629767e-01 9.651165112692029480e-01 2.757962350969826205e-03 6.951079688999158845e-01
2.569999999999999929e+01 7.389352245615550263e-01 9.651422840789954938e-01 2.750394415384558103e-03 1.024900359216831314e+00
2.571000000000000085e+01 7.264121065035737956e-01 9.651505297025264607e-01 2.742871657587240761e-03 1.412610124022104507e+00
2.571999999999999886e+01 7.118810898596387160e-01 9.651400460575730866e-01 2.735663013405216764e-03 1.857754578014438884e+00
2.573000000000000043e+01 7.079651586363424620e-01 9.651097291792481991e-01 2.729014619871394758e-03 2.357262054654635008e+00
2.574000000000000199e+01 7.063147016680928481e-01 9.650586407047229143e-01 2.723126241096720038e-03 2.905095817845978257e+00
2.575000000000000000e+01 7.032423831759146982e-01 9.649860897582931418e-01 2.718124282974334650e-03 3.491027902777698255e+00
2.576000000000000156e+01 7.007951517368982142e-01 9.648917257472975351e-01 2.714037240388629015e-03 4.099952264491444787e+00
2.576999999999999957e+01 7.005708300026599611e-01 9.647756702672484197e-01 2.710779475017527449e-03 4.711650744341583597e+00
2.578000000000000114e+01 6.988087156692112112e-01 9.646386793009004146e-01 2.708150584688533580e-03 5.300924566756964218e+00
2.578999999999999915e+01 6.965032957916827971e-01 9.644822978541176539e-01 2.705861942344433765e-03 5.839611185972199969e+00
2.580000000000000071e+01 6.958395202199688656e-01 9.643089583824167033e-01 2.703600549020575977e-03 6.300787508020316174e+00
2.581000000000000227e+01 6.964476331879506654e-01 9.641219855192777466e-01 2.701122459986673129e-03 6.664184290937555488e+00
2.582000000000000028e+01 6.965809273414410585e-01 9.639254284097225067e-01 2.698348520013667262e-03 6.921140713840052250e+00
2.583000000000000185e+01 6.959142447147771415e-01 9.637237413251842355e-01 2.695424199057504938e-03 7.076486838199735452e+00
2.583999999999999986e+01 6.948844198839103647e-01 9.635214098719037112e-01 2.692713295466094524e-03 7.146130237574934263e+00
2.585000000000000142e+01 6.936381333503695013e-01 9.633226320047361124e-01 2.690729987102618605e-03 7.151492726240387121e+00
2.585999999999999943e+01 6.937870754465168543e-01 9.631311129146170602e-01 2.690044670689813958e-03 7.113717697071088253e+00
2.587000000000000099e+01 6.943718027956228278e-01 9.629499851869893767e-01 2.691201836558515439e-03 7.050514077944336044e+00
2.587999999999999901e+01 6.951333188869752711e-01 9.627818296557602018e-01 2.694668750600269329e-03 6.975853351563131355e+00
2.589000000000000057e+01 6.952694097563041353e-01 9.626287450308100846e-01 2.700812434310005845e-03 6.901292473930382698e+00
2.590000000000000213e+01 6.951215048116022865e-01 9.624924239790219049e-01 2.709893380075167630e-03 6.836936017788837638e+00
2.591000000000000014e+01 6.953310798364961132e-01 9.623742129584180738e-01 2.722065778203984834e-03 6.791134352361638982e+00
2.592000000000000171e+01 6.970946032120174385e-01 9.622751590869443872e-01 2.737379660871030063e-03 6.768989274674361845e+00
2.592999999999999972e+01 6.998060269777026665e-01 9.621960484312312989e-01 2.755784086325587575e-03 6.770438314485744513e+00
2.594000000000000128e+01 7.028505022402156133e-01 9.621374283278555373e-01 2.777131653374221871e-03 6.789303511210305508e+00
2.594999999999999929e+01 7.054891930788013132e-01 9.620996017464290562e-01 2.801184780088086974e-03 6.814295973700358999e+00
2.596000000000000085e+01 7.077879325729303783e-01 9.620825907944113853e-01 2.827624768404831887e-03 6.831822579264874129e+00
2.596999999999999886e+01 7.094732526030825825e-01 9.620861135052499735e-01 2.856065326791375723e-03 6.828811277820880932e+00
2.598000000000000043e+01 7.104722899925042245e-01 9.621096201577428175e-01 2.886070618601286643e-03 6.793592922251345811e+00
2.599000000000000199e+01 7.111062312422904430e-01 9.621524027213287367e-01 2.917175782000250295e-03 6.714841776690417596e+00
2.600000000000000000e+01 7.111092641352700916e-01 9.622136819916297101e-01 2.948906781167435261e-03 6.581489112978117895e+00
2.601000000000000156e+01 7.106612401448064720e-01 9.622925778527693375e-01 2.980798277794150311e-03 6.385484204734698466e+00
2.601999999999999957e+01 7.097653812934314743e-01 9.623880112655820440e-01 3.012410810894628442e-03 6.125191329052178446e+00
2.603000000000000114e+01 7.176320824325007619e-01 9.624986674742291859e-01 3.043346520262317327e-03 5.805600136437767844e+00
2.603999999999999915e+01 7.378313666650205827e-01 9.626230638951315255e-01 3.073260440964813676e-03 5.435682259698039864e+00
2.605000000000000071e+01 7.561542928656040941e-01 9.627596291217594970e-01 3.101865507752956524e-03 5.025812888085932961e+00
2.606000000000000227e+01 7.723422249301531428e-01 9.629067469540427693e-01 3.128931863759519365e-03 4.586136264276285068e+00
2.607000000000000028e+01 7.865017014616810798e-01 9.630627967368723397e-01 3.154282252582622792e-03 4.125736520550372433e+00
2.608000000000000185e+01 7.987076093749172490e-01 9.632261774132854226e-01 3.177784175048068392e-03 3.652132854389436023e+00
2.608999999999999986e+01 8.087556135827279613e-01 9.633953232952431334e-01 3.199341115438229799e-03 3.171596226518325512e+00
2.610000000000000142e+01 8.168656072148576808e-01 9.635687195951418982e-01 3.218883346398969045e-03 2.689774139178900292e+00
2.610999999999999943e+01 8.234107826189236423e-01 9.637449088367833205e-01 3.236360216075059946e-03 2.212241011081394149e+00
2.612000000000000099e+01 8.281601774198650290e-01 9.639224940639925521e-01 3.251733761884641888e-03 1.744927562979879720e+00
2.612999999999999901e+01 8.316201019342207568e-01 9.641001465731465769e-01 3.264972787126185945e-03 1.293889212396844401e+00
2.614000000000000057e+01 8.333440514350087813e-01 9.642766134187217286e-01 3.276050673636550156e-03 8.654922361645066564e-01
2.615000000000000213e+01 8.340547798736062113e-01 9.644507191586023653e-01 3.284946579659636656e-03 4.657974135066549337e-01
2.616000000000000014e+01 8.336757793225476609e-01 9.646213556105394105e-01 3.291648130189792423e-03 1.003806663612877847e-01
2.617000000000000171e+01 8.323037599377663964e-01 9.647874644559952806e-01 3.296155168438832592e-03 -2.260008059099442024e-01
2.617999999999999972e+01 8.299214175825782025e-01 9.649480181158957004e-01 3.298483942510124257e-03 -5.092838491230604614e-01
2.619000000000000128e+01 8.270709714205993768e-01 9.651020095038687074e-01 3.298672058241183466e-03 -7.461514433744617092e-01
2.619999999999999929e+01 8.232132245232828271e-01 9.652484483247889546e-01 3.296783581332442432e-03 -9.340702247661790691e-01
2.621000000000000085e+01 8.185049308717352590e-01 9.653863444772032842e-01 3.292913799799079139e-03 -1.071043607519743368e+00
2.621999999999999886e+01 8.136269449715275437e-01 9.655146870948191351e-01 3.287192450990903889e-03 -1.155326692370377772e+00
2.623000000000000043e+01 8.075263645058323725e-01 9.656324390528149282e-01 3.279785604946980869e-03 -1.185526280814384270e+00
2.624000000000000199e+01 8.004613257534911597e-01 9.657385375034681640e-01 3.270896224305593764e-03 -1.160428672226031299e+00
2.625000000000000000e+01 7.931872439410719844e-01 9.658318879419504066e-01 3.260762409855458115e-03 -1.078801367518053222e+00
2.626000000000000156e+01 7.845660743780342727e-01 9.659113613526076891e-01 3.249654647341062089e-03 -9.390925985650312446e-01
2.626999999999999957e+01 7.747917487219206922e-01 9.659757976438944072e-01 3.237873232150540598e-03 -7.394379463936247010e-01
2.628000000000000114e+01 7.645774443979829194e-01 9.660240144184590871e-01 3.225743938896484097e-03 -4.778423492381555504e-01
2.628999999999999915e+01 7.528817489847060562e-01 9.660548219824346416e-01 3.213611181417630382e-03 -1.524494460462380574e-01
2.630000000000000071e+01 7.397227921025011366e-01 9.660670542684057782e-01 3.201827465238026027e-03 2.378842458193789478e-01
2.631000000000000227e+01 7.251910188488434050e-01 9.660596092232730525e-01 3.190739358833275321e-03 6.927543909589686244e-01
2.632000000000000028e+01 7.137127182943220349e-01 9.660315071517051599e-01 3.180669584172366414e-03 1.209790816871745056e+00
2.633000000000000185e+01 7.096111156608767567e-01 9.659819383845736906e-01 3.171894018840572954e-03 1.783318721057416401e+00
2.633999999999999986e+01 7.086690204583351305e-01 9.659103249534833902e-01 3.164615254697676974e-03 2.403593937728906393e+00
2.635000000000000142e+01 7.058279136459795211e-01 9.658164106220756828e-01 3.158937665004163398e-03 3.056153849072947182e+00
2.635999999999999943e+01 7.025669513137224875e-01 9.657003787199398559e-01 3.154848981166304481e-03 3.721197803069721033e+00
2.637000000000000099e+01 7.022327125793189628e-01 9.655629838016073219e-01 3.152214507867470705e-03 4.374007986739670173e+00
2.637999999999999901e+01 7.027000526572848571e-01 9.654056930383780877e-01 3.150794326253033434e-03 4.986297837634408481e+00
2.639000000000000057e+01 7.038379617934618082e-01 9.652307957649732817e-01 3.150293712358010010e-03 5.529933747482649764e+00
2.640000000000000213e+01 7.054277270334348149e-01 9.650413846801391138e-01 3.150442284174936880e-03 5.982158625774475880e+00
2.641000000000000014e+01 7.069566950106193071e-01 9.648411873507922731e-01 3.151081053843173430e-03 6.330465116654314883e+00
2.642000000000000171e+01 7.076196340232118187e-01 9.646342874451223626e-01 3.152225947883991169e-03 6.575099388908982156e+00
2.642999999999999972e+01 7.073135727965620401e-01 9.644248191215247790e-01 3.154078890335127502e-03 6.727612188292224182e+00
2.644000000000000128e+01 7.066580236750062971e-01 9.642167060460375971e-01 3.156985504541610053e-03 6.806294313763655346e+00
2.644999999999999929e+01 7.060455201663287106e-01 9.640134907266239006e-01 3.161366061474072450e-03 6.831029558136849644e+00
2.646000000000000085e+01 7.066736212745071688e-01 9.638182749624664147e-01 3.167649846090719867e-03 6.819945573497571800e+00
2.646999999999999886e+01 7.067830376085285637e-01 9.636337343387080256e-01 3.176229017747347894e-03 6.788590612381057987e+00
2.648000000000000043e+01 7.080980855930795181e-01 9.634621589870489000e-01 3.187432910167012530e-03 6.750387757556564061e+00
2.649000000000000199e+01 7.088097316625175948e-01 9.633054974370152124e-01 3.201515807745601138e-03 6.717184327962870682e+00
2.650000000000000000e+01 7.090900794162522391e-01 9.631653825490550380e-01 3.218650748938209176e-03 6.698972447809969921e+00
2.651000000000000156e+01 7.088121301181780076e-01 9.630431489855162397e-01 3.238924791272084110e-03 6.702597615960919519e+00
2.651999999999999957e+01 7.080887556316447506e-01 9.629398534477497940e-01 3.262334776871449963e-03 6.730243016965482106e+00
2.653000000000000114e+01 7.094212815575804409e-01 9.628563051248077986e-01 3.288785563108900453e-03 6.778311519634129922e+00
2.653999999999999915e+01 7.120224135207181559e-01 9.627930965649508233e-01 3.318092216890965607e-03 6.837679824236607473e+00
2.655000000000000071e+01 7.154844806077891306e-01 9.627506153667062527e-01 3.349985532152434733e-03 6.895687396555402415e+00
2.656000000000000227e+01 7.182643265128971777e-01 9.627290230903655655e-01 3.384119594667295977e-03 6.939153246706004197e+00
2.657000000000000028e+01 7.203409765720976132e-01 9.627282137690132968e-01 3.420081633834873638e-03 6.956944282914963473e+00
2.658000000000000185e+01 7.219468381513515221e-01 9.627478173385677351e-01 3.457405574193387482e-03 6.940463027621568415e+00
2.658999999999999986e+01 7.226947652933041200e-01 9.627872703952510269e-01 3.495589122286936554e-03 6.881879155053768571e+00
2.660000000000000142e+01 7.227001205828060826e-01 9.628459199317848105e-01 3.534112179045758098e-03 6.772271249978254026e+00
2.660999999999999943e+01 7.222271540945084389e-01 9.629230485650713822e-01 3.572454345271952603e-03 6.602600431243484280e+00
2.662000000000000099e+01 7.210179234458412578e-01 9.630177965493070813e-01 3.610111594278429467e-03 6.367234336368899683e+00
2.662999999999999901e+01 7.193473416356963579e-01 9.631290816932895904e-01 3.646613237464868453e-03 6.066568277107891483e+00
2.664000000000000057e+01 7.354474931455527997e-01 9.632556067185091830e-01 3.681536906468974111e-03 5.706351309079246370e+00
2.665000000000000213e+01 7.549973272439981509e-01 9.633959341728390857e-01 3.714518790797928429e-03 5.295391937768100910e+00
2.666000000000000014e+01 7.728277515138670672e-01 9.635485456669152793e-01 3.745258798002300531e-03 4.843637325903168644e+00
2.667000000000000171e+01 7.887113250282209442e-01 9.637118736667799057e-01 3.773521110753109108e-03 4.360796076251681974e+00
2.667999999999999972e+01 8.024403749985761225e-01 9.638843389057005773e-01 3.799130572951456633e-03 3.855613070452977187e+00
2.669000000000000128e+01 8.142649808463446881e-01 9.640643643947142127e-01 3.821966193438206417e-03 3.335440464964310348e+00
2.669999999999999929e+01 8.239792473478261270e-01 9.642503935108365232e-01 3.841954020222154535e-03 2.806602187256818759e+00
2.671000000000000085e+01 8.318820346403760224e-01 9.644409037521560757e-01 3.859058790810837667e-03 2.274926005502569293e+00
2.671999999999999886e+01 8.384472763254237071e-01 9.646344105425379567e-01 3.873276456982844076e-03 1.746477020815830672e+00
2.673000000000000043e+01 8.427190746000684518e-01 9.648294647544249925e-01 3.884626878314626289e-03 1.227588976885428007e+00
2.674000000000000199e+01 8.454264297278420992e-01 9.650246629164100920e-01 3.893147820462013013e-03 7.251328541092161295e-01
2.675000000000000000e+01 8.475208824284888864e-01 9.652186643319587978e-01 3.898892698601387399e-03 2.461292886149922532e-01
2.676000000000000156e+01 8.475745769710056887e-01 9.654101905439821385e-01 3.901930279852988508e-03 -2.027912375117022492e-01
2.676999999999999957e+01 8.465961413831253335e-01 9.655980211031029992e-01 3.902343618748604828e-03 -6.153992720578188580e-01
2.678000000000000114e+01 8.446668028216035573e-01 9.657809685632274821e-01 3.900231098644387027e-03 -9.862353453582819451e-01
2.678999999999999915e+01 8.420091071921067538e-01 9.659578652785839603e-01 3.895709138478878342e-03 -1.310783485039366703e+00
2.680000000000000071e+01 8.379682946260382792e-01 9.661275605292340973e-01 3.888915703973599199e-03 -1.585411474165009160e+00
2.681000000000000227e+01 8.339282946057853252e-01 9.662889195194054315e-01 3.880013186586397673e-03 -1.806961273396299861e+00
2.682000000000000028e+01 8.287035745076108961e-01 9.664408158429043105e-01 3.869190467511088218e-03 -1.972805386799606042e+00
2.683000000000000185e+01 8.228916923221194502e-01 9.665821205916522718e-01 3.856664228362802725e-03 -2.080909715806461779e+00
2.683999999999999986e+01 8.161203057994261822e-01 9.667116986662532829e-01 3.842680568971269198e-03 -2.129463854708301795e+00
2.685000000000000142e+01 8.087266334438748538e-01 9.668284100827044814e-01 3.827514859311875305e-03 -2.116718040182431260e+00
2.685999999999999943e+01 8.012807944883688638e-01 9.669311087769011381e-01 3.811469377981523306e-03 -2.040930466510982644e+00
2.687000000000000099e+01 7.913469207827927843e-01 9.670186515958364426e-01 3.794871109768482506e-03 -1.900278941148313860e+00
2.687999999999999901e+01 7.807957424059949192e-01 9.670899097772174269e-01 3.778068552713001113e-03 -1.692819289651787296e+00
2.689000000000000057e+01 7.698505623743643334e-01 9.671437702062224417e-01 3.761426354540534957e-03 -1.416810474279688536e+00
2.690000000000000213e+01 7.576950930932072614e-01 9.671791577221061642e-01 3.745318068692336626e-03 -1.070656199139437659e+00
2.691000000000000014e+01 7.430358368257969914e-01 9.671950618626747875e-01 3.730116154524086569e-03 -6.536256357159303532e-01
2.692000000000000171e+01 7.274826935787455096e-01 9.671905678039890430e-01 3.716178785248947999e-03 -1.664182121504274858e-01
2.692999999999999972e+01 7.099969558516613377e-01 9.671648968855350859e-01 3.703832901915104451e-03 3.879585843639399290e-01
2.694000000000000128e+01 7.070262122135646532e-01 9.671174596295214476e-01 3.693351326418126135e-03 1.003475434363546803e+00
2.694999999999999929e+01 7.051107599727692854e-01 9.670478907140809266e-01 3.684928419378601799e-03 1.669957936467764359e+00
2.696000000000000085e+01 7.053490173460693624e-01 9.669561355266980129e-01 3.678658467832207884e-03 2.372361353100412629e+00
2.696999999999999886e+01 7.070137663987633436e-01 9.668425591548298614e-01 3.674520318692853053e-03 3.090544900979570464e+00
2.698000000000000043e+01 7.073822693230636949e-01 9.667080493070032698e-01 3.672374263758457300e-03 3.799678950026232904e+00
2.699000000000000199e+01 7.080437420137812854e-01 9.665541350134218002e-01 3.671980274949215341e-03 4.472004669354959994e+00
2.700000000000000000e+01 7.079480231141042079e-01 9.663830615442958738e-01 3.673043491692601532e-03 5.080209198235132284e+00
2.701000000000000156e+01 7.067269761234107328e-01 9.661977059795014977e-01 3.675280485165377010e-03 5.602104390664274902e+00
2.701999999999999957e+01 7.051509989612828599e-01 9.660013885307341397e-01 3.678489501763579968e-03 6.024827766737943513e+00
2.703000000000000114e+01 7.062178956884433978e-01 9.657976451116196959e-01 3.682598568128643557e-03 6.346754912177170027e+00
2.703999999999999915e+01 7.080442056406627271e-01 9.655900127741183780e-01 3.687673339841766092e-03 6.576284395816479389e+00
2.705000000000000071e+01 7.088334839759363737e-01 9.653818486041182423e-01 3.693889166980511996e-03 6.728277660072103927e+00
2.706000000000000227e+01 7.085699036862089795e-01 9.651762302865504184e-01 3.701487526235784815e-03 6.820199705849605998e+00
2.707000000000000028e+01 7.083901857509266042e-01 9.649759424312193135e-01 3.710735041644990136e-03 6.869350167752801717e+00
2.708000000000000185e+01 7.087906832466165374e-01 9.647834942622725007e-01 3.721892930327974462e-03 6.891471964498941283e+00
2.708999999999999986e+01 7.095231374936934454e-01 9.646011444681303892e-01 3.735197977185172619e-03 6.900403148740244852e+00
2.710000000000000142e+01 7.096718211201963333e-01 9.644309226803631230e-01 3.750851511244140696e-03 6.907835040427695361e+00
2.710999999999999943e+01 7.107877161652115250e-01 9.642746346451837036e-01 3.769010871318795482e-03 6.922841708776132919e+00
2.712000000000000099e+01 7.119598877286087424e-01 9.641338517545222642e-01 3.789779649311236787e-03 6.951206498387879407e+00
2.712999999999999901e+01 7.122899721772937287e-01 9.640099047008597877e-01 3.813197267014226208e-03 6.994857483231544215e+00
2.714000000000000057e+01 7.119661262209594499e-01 9.639038890520836844e-01 3.839230852964235600e-03 7.051853858314572676e+00
2.715000000000000213e+01 7.111087203679528068e-01 9.638166870573718903e-01 3.867772205024609493e-03 7.116929629153728065e+00
2.716000000000000014e+01 7.097408132085927246e-01 9.637489968253023509e-01 3.898639369995502302e-03 7.182368410796316383e+00
2.717000000000000171e+01 7.099537313120040105e-01 9.637013511457594994e-01 3.931580528392607937e-03 7.239195494843278844e+00
2.717999999999999972e+01 7.129388414097931337e-01 9.636741078493356039e-01 3.966278604084148320e-03 7.278540487739594056e+00
2.719000000000000128e+01 7.153692273849293626e-01 9.636674118282929635e-01 4.002356350715866387e-03 7.292782801247923885e+00
2.719999999999999929e+01 7.174310417037117471e-01 9.636811540050091995e-01 4.039384071358646452e-03 7.275904905189591432e+00
2.721000000000000085e+01 7.187109408742872185e-01 9.637149907414734873e-01 4.076891516195530786e-03 7.222496863820860646e+00
2.721999999999999886e+01 7.194783618027668082e-01 9.637684209615913211e-01 4.114382722837275908e-03 7.125978308992512389e+00
2.723000000000000043e+01 7.194573401329639184e-01 9.638408655315474638e-01 4.151351642722429271e-03 6.977928339125231361e+00
2.724000000000000199e+01 7.188028857389608950e-01 9.639316605285732642e-01 4.187297682127680276e-03 6.770149745504696170e+00
2.725000000000000000e+01 7.176221851725731460e-01 9.640399805523649501e-01 4.221741767206559776e-03 6.498027430808246407e+00
2.726000000000000156e+01 7.204251912053248885e-01 9.641647869002285542e-01 4.254242525513105347e-03 6.162409896926884123e+00
2.726999999999999957e+01 7.396982708347991098e-01 9.643048435203820379e-01 4.284410740233307591e-03 5.768842935205002576e+00
2.728000000000000114e+01 7.587944595642924783e-01 9.644587738196522819e-01 4.311919739991628732e-03 5.325665749640987379e+00
2.728999999999999915e+01 7.761361698792164088e-01 9.646251052127859937e-01 4.336511296234467003e-03 4.842396088067170368e+00
2.730000000000000071e+01 7.917209598066990983e-01 9.648022964747235974e-01 4.357997139142352760e-03 4.328406403315684159e+00
2.731000000000000227e+01 8.053267167887450118e-01 9.649887714959842766e-01 4.376257187794906946e-03 3.792297665736104495e+00
2.732000000000000028e+01 8.169079893915162094e-01 9.651829374602243217e-01 4.391233704340689534e-03 3.241486752953098183e+00
2.733000000000000185e+01 8.270336737170002062e-01 9.653831926346329029e-01 4.402924512550320663e-03 2.682383732988865788e+00
2.733999999999999986e+01 8.351052868995977319e-01 9.655879345120379487e-01 4.411374518567554373e-03 2.120888329606898548e+00
2.735000000000000142e+01 8.412552489051016158e-01 9.657955710879193578e-01 4.416666451114169972e-03 1.563193633001001226e+00
2.735999999999999943e+01 8.462668982327113953e-01 9.660045350113387608e-01 4.418913693300720660e-03 1.015837912543319232e+00
2.737000000000000099e+01 8.487486615537627177e-01 9.662132976979053156e-01 4.418254374687125008e-03 4.861320999308977320e-01
2.737999999999999901e+01 8.500762210707645261e-01 9.664203750207044363e-01 4.414846344459204264e-03 -1.840885760596702725e-02
2.739000000000000057e+01 8.502138989231908806e-01 9.666243151108524501e-01 4.408864350906201851e-03 -4.905325359065149660e-01
2.740000000000000213e+01 8.490445952573897337e-01 9.668237021826636690e-01 4.400498437448966023e-03 -9.232623141366675945e-01
2.741000000000000014e+01 8.463658148311414831e-01 9.670171650526728779e-01 4.389954809971089930e-03 -1.310411001844234535e+00
2.742000000000000171e+01 8.433928487749644543e-01 9.672033820909834434e-01 4.377456116202580599e-03 -1.646805774859684268e+00
2.742999999999999972e+01 8.391437375579885449e-01 9.673810790856691710e-01 4.363241382130796098e-03 -1.928015937012501402e+00
2.744000000000000128e+01 8.337858344434219138e-01 9.675490231149964648e-01 4.347565127879742669e-03 -2.150208906987324475e+00
2.744999999999999929e+01 8.276318391339964053e-01 9.677060116172602200e-01 4.330696704760548729e-03 -2.310380812103267179e+00
2.746000000000000085e+01 8.210696582809272615e-01 9.678508685885137686e-01 4.312919691657894281e-03 -2.406085067857846038e+00
2.746999999999999886e+01 8.131139628793619956e-01 9.679824385165306522e-01 4.294529774066977237e-03 -2.435066471289816015e+00
2.748000000000000043e+01 8.047317021046856977e-01 9.680995808104246869e-01 4.275832311277491873e-03 -2.395242228941093288e+00
2.749000000000000199e+01 7.949267492420242220e-01 9.682011798025346172e-01 4.257141150576879834e-03 -2.284658585935378294e+00
2.750000000000000000e+01 7.842872510902841876e-01 9.682861517721873534e-01 4.238776546545870716e-03 -2.101329920418319119e+00
2.751000000000000156e+01 7.727170698431687912e-01 9.683534511306891579e-01 4.221061744648788722e-03 -1.843338782676627874e+00
2.751999999999999957e+01 7.600125173274614454e-01 9.684020807204759551e-01 4.204318287313241198e-03 -1.509415962257909527e+00
2.753000000000000114e+01 7.475074486928493522e-01 9.684311202159984200e-01 4.188857963790834291e-03 -1.098887675156909438e+00
2.753999999999999915e+01 7.350349760603924754e-01 9.684397468617689242e-01 4.174972862020202499e-03 -6.124328410694661606e-01
2.755000000000000071e+01 7.206283024362424294e-01 9.684272659637465086e-01 4.162920654859460570e-03 -5.279295896499219820e-02
2.756000000000000227e+01 7.099455281116927585e-01 9.683931597555530679e-01 4.152904759345137781e-03 5.744358989560076623e-01
2.757000000000000028e+01 7.109259173498835294e-01 9.683371344615873122e-01 4.145052852057015853e-03 1.259699284104618844e+00
2.758000000000000185e+01 7.106190706479068586e-01 9.682591990339093346e-01 4.139397816123481684e-03 1.988599127718097659e+00
2.758999999999999986e+01 7.088613129803538193e-01 9.681597631502003587e-01 4.135864478398540781e-03 2.741481371805567058e+00
2.760000000000000142e+01 7.059297238174542244e-01 9.680397409031936684e-01 4.134268361545455003e-03 3.494213132358029217e+00
2.760999999999999943e+01 7.062991310412738422e-01 9.679006457192587121e-01 4.134336278289138869e-03 4.219872216783651098e+00
2.762000000000000099e+01 7.078631346872782393e-01 9.677446001543636989e-01 4.135750090955652401e-03 4.891897849282393906e+00
2.762999999999999901e+01 7.087411012179094527e-01 9.675742201513668483e-01 4.138205816105788686e-03 5.488337593628186184e+00
2.764000000000000057e+01 7.095108100888609659e-01 9.673924211196828216e-01 4.141471871586780047e-03 5.995427981767361914e+00
2.765000000000000213e+01 7.088978153805731708e-01 9.672022205799108985e-01 4.145423314490290223e-03 6.409040680452922523e+00
2.766000000000000014e+01 7.077454273022139031e-01 9.670065733662832619e-01 4.150042450460742112e-03 6.733650159137449798e+00
2.767000000000000171e+01 7.054922216952089764e-01 9.668082554189955102e-01 4.155394922919483647e-03 6.979747550143829748e+00
2.767999999999999972e+01 7.026704849871882042e-01 9.666098267105849295e-01 4.161598179767733545e-03 7.161013760246566662e+00
2.769000000000000128e+01 7.015047804156933076e-01 9.664136495088690992e-01 4.168795026414276461e-03 7.292114915911745321e+00
2.769999999999999929e+01 7.032147098050908207e-01 9.662219322169161018e-01 4.177138094748355374e-03 7.387352072116669000e+00
2.771000000000000085e+01 7.042130218056337210e-01 9.660367702714451887e-01 4.186784414012302558e-03 7.459781318267906691e+00
2.771999999999999886e+01 7.043804573121732471e-01 9.658601565831118618e-01 4.197893232908771546e-03 7.520506199527497770e+00
2.773000000000000043e+01 7.037753213728044077e-01 9.656939696266997331e-01 4.210619569889660282e-03 7.577753715653922306e+00
2.774000000000000199e+01 7.037041943982719205e-01 9.655399488307556677e-01 4.225101445230763919e-03 7.636254476052424245e+00
2.775000000000000000e+01 7.037641656831405967e-01 9.653996650142682157e-01 4.241444608850658722e-03 7.697433056381621341e+00
2.776000000000000156e+01 7.033354069971076150e-01 9.652745008807319671e-01 4.259709726975019657e-03 7.760246895275224155e+00
2.776999999999999957e+01 7.043429005335133386e-01 9.651656499530552047e-01 4.279904196206413269e-03 7.822183944784310228e+00
2.778000000000000114e+01 7.048578703294561265e-01 9.650741309320922667e-01 4.301978491058820048e-03 7.879909569316798645e+00
2.778999999999999915e+01 7.046220841556365411e-01 9.650008077206043700e-01 4.325825474932698360e-03 7.929329117663043824e+00
2.780000000000000071e+01 7.036459417572227260e-01 9.649463995868696742e-01 4.351281003656090433e-03 7.965547589749598423e+00
2.781000000000000227e+01 7.023100986778391119e-01 9.649114663831925842e-01 4.378124668383187937e-03 7.983186646119912133e+00
2.782000000000000028e+01 7.013963841814381261e-01 9.648963694198672281e-01 4.406081177417659617e-03 7.977050064598202539e+00
2.783000000000000185e+01 7.002027558580825595e-01 9.649012275288054719e-01 4.434824154276469609e-03 7.942658915723343149e+00
2.783999999999999986e+01 6.983416710263944394e-01 9.649259067860735950e-01 4.463984265773476845e-03 7.875974628985674464e+00
2.785000000000000142e+01 6.992615550486711573e-01 9.649700748014631291e-01 4.493160609932984710e-03 7.772179452585539217e+00
2.785999999999999943e+01 7.010602437784171359e-01 9.650332807106056787e-01 4.521933727551699991e-03 7.624601953876384286e+00
2.787000000000000099e+01 7.020960107513578574e-01 9.651149892785588769e-01 4.549879098336422935e-03 7.425363904486564692e+00
2.787999999999999901e+01 7.025905492151811593e-01 9.652145329852533928e-01 4.576581487744790441e-03 7.168093981311483454e+00
2.789000000000000057e+01 7.031661530821119444e-01 9.653310415131330924e-01 4.601650126761284293e-03 6.850483535415752279e+00
2.790000000000000213e+01 7.204650654757339678e-01 9.654634223750577782e-01 4.624733825958566094e-03 6.475020841265934024e+00
2.791000000000000014e+01 7.399584992620041879e-01 9.656103943288191216e-01 4.645533870608117150e-03 6.047929773280221966e+00
2.792000000000000171e+01 7.578857694998476502e-01 9.657705293178442396e-01 4.663812858766071094e-03 5.577601675235980494e+00
2.792999999999999972e+01 7.742921230588883930e-01 9.659422824071517422e-01 4.679399928765034383e-03 5.073299244705331112e+00
2.794000000000000128e+01 7.894070958518355496e-01 9.661240162434678869e-01 4.692192151390515986e-03 4.544063989642279644e+00
2.794999999999999929e+01 8.019721511574372519e-01 9.663140313064524367e-01 4.702152779891506651e-03 3.998250046931198121e+00
2.796000000000000085e+01 8.128489417514010995e-01 9.665106110709104081e-01 4.709307513297759581e-03 3.443473180165151248e+00
2.796999999999999886e+01 8.223698383413429180e-01 9.667120400207602771e-01 4.713739348537537149e-03 2.886554715028470497e+00
2.798000000000000043e+01 8.293907640540816306e-01 9.669166107092409534e-01 4.715580504816511975e-03 2.333898507822052881e+00
2.799000000000000199e+01 8.347748350127723871e-01 9.671226203119143161e-01 4.715001740564162859e-03 1.792260334977760605e+00
2.800000000000000000e+01 8.383648801048813048e-01 9.673283748928509507e-01 4.712201401817513353e-03 1.268739794454589731e+00
2.801000000000000156e+01 8.403278313042255032e-01 9.675322083543540508e-01 4.707397100323750493e-03 7.711694162358394555e-01
2.801999999999999957e+01 8.406951239670131804e-01 9.677325050234324433e-01 4.700820267276961499e-03 3.074667553859762315e-01
2.803000000000000114e+01 8.394459934950854185e-01 9.679277056618118547e-01 4.692711607475711678e-03 -1.144983912880615795e-01
2.803999999999999915e+01 8.370257559240202871e-01 9.681162920589005960e-01 4.683316985346189058e-03 -4.875681943230504301e-01
2.805000000000000071e+01 8.332396069955334550e-01 9.682967809944380555e-01 4.672884912245507845e-03 -8.053496769465273708e-01
2.806000000000000227e+01 8.282361148021005759e-01 9.684677256370844978e-01 4.661666413573712676e-03 -1.062279556230337985e+00
2.807000000000000028e+01 8.216025551152977835e-01 9.686277219184570297e-01 4.649914804979433589e-03 -1.253908488655279374e+00
2.808000000000000185e+01 8.148242104707509315e-01 9.687754056085763343e-01 4.637885408121996712e-03 -1.376414460171395460e+00
2.808999999999999986e+01 8.070681847879523918e-01 9.689094515268419361e-01 4.625835341182004540e-03 -1.426708611548063166e+00
2.810000000000000142e+01 7.972407135631361941e-01 9.690285758842456243e-01 4.614022143376587254e-03 -1.402433709893887714e+00
2.810999999999999943e+01 7.859911629227074314e-01 9.691315369293861393e-01 4.602701851973576598e-03 -1.301754293333713619e+00
2.812000000000000099e+01 7.760973351219723204e-01 9.692171497385622114e-01 4.592126537659220291e-03 -1.123274888076145617e+00
2.812999999999999901e+01 7.654134772422774846e-01 9.692843045529719870e-01 4.582540159722004250e-03 -8.658473441965903739e-01
2.814000000000000057e+01 7.535677141395279444e-01 9.693319828622791734e-01 4.574172388490045302e-03 -5.290274096422656891e-01
2.815000000000000213e+01 7.400199479019462512e-01 9.693592805911999122e-01 4.567229404321053107e-03 -1.135672420556640971e-01
2.816000000000000014e+01 7.245647112519509880e-01 9.693654373117264189e-01 4.561879775096634032e-03 3.781046308352083440e-01
2.817000000000000171e+01 7.171492754023001126e-01 9.693498932894956122e-01 4.558235843584831221e-03 9.408634611678712290e-01
2.817999999999999972e+01 7.189005112280989485e-01 9.693123417322455637e-01 4.556334467921495379e-03 1.566221176978563667e+00
2.819000000000000128e+01 7.191006551972916050e-01 9.692528242686414552e-01 4.556120334178280842e-03 2.241180366798648738e+00
2.819999999999999929e+01 7.201627411680225910e-01 9.691718402286013667e-01 4.557435845107844254e-03 2.947597605401560905e+00
2.821000000000000085e+01 7.195943161991288362e-01 9.690704473130546948e-01 4.560027674195211295e-03 3.663478056411334283e+00
2.821999999999999886e+01 7.177694675063004404e-01 9.689503079556140985e-01 4.563576754190949020e-03 4.364674808767089687e+00
2.823000000000000043e+01 7.147370218792328256e-01 9.688136456187267376e-01 4.567748268405404620e-03 5.027890566960191876e+00
2.824000000000000199e+01 7.108675424998861514e-01 9.686630796666306775e-01 4.572251054932732241e-03 5.634354165312939422e+00
2.825000000000000000e+01 7.111769009269495179e-01 9.685014077782352349e-01 4.576884920685880646e-03 6.172188189395726887e+00
2.826000000000000156e+01 7.129884070813371499e-01 9.683314031900196461e-01 4.581557377276996093e-03 6.636511683764732439e+00
2.826999999999999957e+01 7.149129342399076492e-01 9.681556709191816434e-01 4.586269206427269832e-03 7.027837912053396252e+00
2.828000000000000114e+01 7.155635008928686869e-01 9.679765820284972344e-01 4.591083343436689820e-03 7.350136368706294832e+00
2.828999999999999915e+01 7.149741440181853758e-01 9.677962916629134771e-01 4.596095173469034838e-03 7.609586195114090401e+00
2.830000000000000071e+01 7.129794623542261567e-01 9.676168142410614958e-01 4.601416865393554226e-03 7.814300803563776654e+00
2.831000000000000227e+01 7.098571804103024352e-01 9.674401075052803112e-01 4.607176874850159483e-03 7.974372479917446022e+00
2.832000000000000028e+01 7.060094527995475211e-01 9.672681145518934320e-01 4.613525581845597141e-03 8.101283335432318822e+00
2.833000000000000185e+01 7.014697260086319996e-01 9.671027554746720600e-01 4.620635686063604905e-03 8.206258086185370004e+00
2.833999999999999986e+01 6.985362857319125096e-01 9.669458907429148153e-01 4.628692118098584087e-03 8.298257196953407799e+00
2.835000000000000142e+01 7.005926235938438884e-01 9.667992767194872883e-01 4.637875262858536657e-03 8.382786510709953731e+00
2.835999999999999943e+01 7.051303203040211187e-01 9.666645296255604869e-01 4.648344670490542861e-03 8.461891173393318866e+00
2.837000000000000099e+01 7.084687901614850070e-01 9.665431076485551110e-01 4.660227068312174786e-03 8.535198567884235032e+00
2.837999999999999901e+01 7.104836126300420052e-01 9.664363083703361168e-01 4.673608382828930985e-03 8.601076144842906501e+00
2.839000000000000057e+01 7.126924235589980894e-01 9.663452719235539057e-01 4.688527952691447925e-03 8.657250480012764982e+00
2.840000000000000213e+01 7.140210004097484742e-01 9.662709848403515656e-01 4.704974227975650299e-03 8.700851971435062282e+00
2.841000000000000014e+01 7.145620066597065945e-01 9.662142772414861192e-01 4.722881862043408832e-03 8.728320246549639450e+00
2.842000000000000171e+01 7.149279259013506804e-01 9.661758040320371776e-01 4.742130380511306274e-03 8.735651144256072698e+00
2.842999999999999972e+01 7.151116755878457187e-01 9.661560114712300917e-01 4.762545072650153227e-03 8.718955757407130136e+00
2.844000000000000128e+01 7.145326354058212370e-01 9.661551063678331941e-01 4.783900733399759977e-03 8.674851153711019336e+00
2.844999999999999929e+01 7.137317633579516318e-01 9.661730531801203670e-01 4.805928632542724038e-03 8.600107458810381189e+00
2.846000000000000085e+01 7.130892092597654885e-01 9.662096225500018676e-01 4.828326163058513712e-03 8.490515873960266191e+00
2.846999999999999886e+01 7.118268678395708315e-01 9.662644510180674606e-01 4.850768420315947071e-03 8.340122269552390222e+00
2.848000000000000043e+01 7.106786235691224807e-01 9.663370632178132080e-01 4.872920792494502516e-03 8.141942114509916451e+00
2.849000000000000199e+01 7.098093657666081358e-01 9.664268212222160148e-01 4.894452379545335789e-03 7.890334089266353601e+00
2.850000000000000000e+01 7.084546460952252378e-01 9.665328616008258544e-01 4.915050057028654169e-03 7.583266676954080410e+00
2.851000000000000156e+01 7.097693252267107678e-01 9.666540760985332659e-01 4.934431891341401269e-03 7.222957349285535678e+00
2.851999999999999957e+01 7.288880714786066806e-01 9.667891477551801005e-01 4.952359808758197493e-03 6.815182891604713689e+00
2.853000000000000114e+01 7.463615489965604866e-01 9.669365974294205079e-01 4.968650471605209548e-03 6.367989771496848306e+00
2.853999999999999915e+01 7.619955774761177913e-01 9.670948205101855821e-01 4.983181459646208837e-03 5.890573888563582550e+00
2.855000000000000071e+01 7.765330528917762098e-01 9.672621152758178464e-01 4.995892339372184909e-03 5.392328623859649284e+00
2.856000000000000227e+01 7.887558632963616034e-01 9.674367031981874199e-01 5.006781664443191518e-03 4.882231684279756401e+00
2.857000000000000028e+01 7.992227672741093469e-01 9.676167442174985478e-01 5.015901778014562190e-03 4.368717907682785118e+00
2.858000000000000185e+01 8.074857629250158375e-01 9.678003707271993772e-01 5.023352364794069977e-03 3.859939364250238647e+00
2.858999999999999986e+01 8.140533001839692639e-01 9.679857121766229922e-01 5.029271172419623806e-03 3.363669786798752170e+00
2.860000000000000142e+01 8.187037025835567361e-01 9.681709029816584211e-01 5.033823847116365539e-03 2.887473831935850832e+00
2.860999999999999943e+01 8.211421618639964670e-01 9.683540788847684322e-01 5.037193872796834511e-03 2.439106111871942151e+00
2.862000000000000099e+01 8.218249486586116648e-01 9.685333817943253543e-01 5.039574289106952577e-03 2.026645676748659586e+00
2.862999999999999901e+01 8.208909349247138776e-01 9.687069778736412395e-01 5.041162378731048332e-03 1.658092059647602756e+00
2.864000000000000057e+01 8.177942124003363400e-01 9.688730751966864174e-01 5.042157175028555254e-03 1.341465311213034139e+00
2.865000000000000213e+01 8.131587714122389121e-01 9.690299278205833922e-01 5.042757643048201635e-03 1.083951783797871826e+00
2.866000000000000014e+01 8.068509065198957719e-01 9.691758330739994598e-01 5.043161305545930569e-03 8.919213268604655465e-01
2.867000000000000171e+01 7.993691804667367728e-01 9.693091369784865297e-01 5.043563620238507295e-03 7.706673582502896469e-01
2.867999999999999972e+01 7.898791143355267108e-01 9.694282457033593925e-01 5.044157366999382774e-03 7.242572374762923371e-01
2.869000000000000128e+01 7.786055897431661821e-01 9.695316388123296214e-01 5.045130931530335608e-03 7.556660706243697456e-01
2.869999999999999929e+01 7.657952835862973373e-01 9.696178833616634352e-01 5.046665111366222325e-03 8.667230655797646399e-01
2.871000000000000085e+01 7.527234998323900639e-01 9.696856512964997510e-01 5.048928609808449666e-03 1.058230819146846580e+00
2.871999999999999886e+01 7.390778663870789522e-01 9.697337374161087986e-01 5.052070672955063721e-03 1.329646282135005908e+00
2.873000000000000043e+01 7.244765809730588924e-01 9.697611047456810018e-01 5.056208634930420276e-03 1.678724927037435588e+00
2.874000000000000199e+01 7.230720023258651041e-01 9.697669267998928477e-01 5.061411154579037106e-03 2.100871589215965951e+00
2.875000000000000000e+01 7.269539444350615609e-01 9.697506506063275911e-01 5.067679016650374069e-03 2.588642620476198530e+00
2.876000000000000156e+01 7.306388566576145216e-01 9.697120930389515614e-01 5.074925660630083719e-03 3.130455527363998236e+00
2.876999999999999957e+01 7.322992126625693654e-01 9.696515477284750606e-01 5.082965111686004248e-03 3.710509219750877552e+00
2.878000000000000114e+01 7.319073726048042072e-01 9.695698836355841621e-01 5.091517778963930083e-03 4.309475339119351212e+00
2.878999999999999915e+01 7.301083998058713886e-01 9.694686066187278017e-01 5.100240809542472796e-03 4.906184673115847161e+00
2.880000000000000071e+01 7.299099246290556842e-01 9.693498320377512689e-01 5.108780857266268655e-03 5.480402137535310025e+00
2.881000000000000227e+01 7.279074485358897340e-01 9.692161298690552540e-01 5.116837501691451351e-03 6.016188376906375979e+00
2.882000000000000028e+01 7.245641658052288658e-01 9.690702960188809501e-01 5.124214378075701154e-03 6.503715679818504292e+00
2.883000000000000185e+01 7.200764314786756159e-01 9.689151071484936040e-01 5.130836720402666071e-03 6.938776775847886213e+00
2.883999999999999986e+01 7.150657504877353521e-01 9.687531326661235065e-01 5.136731341062175313e-03 7.320500615852625792e+00
2.885000000000000142e+01 7.177005388189053869e-01 9.685866415850100664e-01 5.141985153294842056e-03 7.648842573161979352e+00
2.885999999999999943e+01 7.202543819802232905e-01 9.684176180573283998e-01 5.146706828374137538e-03 7.923430381475482953e+00
2.887000000000000099e+01 7.213235096761042575e-01 9.682478622466420548e-01 5.151009401484581487e-03 8.144364347319992703e+00
2.887999999999999901e+01 7.210398025056143911e-01 9.680791239391455250e-01 5.155015704294719538e-03 8.314127398845503336e+00
2.889000000000000057e+01 7.196696527970877222e-01 9.679132000977180850e-01 5.158875006680633743e-03 8.438939746432545519e+00
2.890000000000000213e+01 7.173766465570099449e-01 9.677519589766407915e-01 5.162774639652412817e-03 8.528197200751074902e+00
2.891000000000000014e+01 7.140179236173697097e-01 9.675973019606248782e-01 5.166936403868355870e-03 8.592288260418797563e+00
2.892000000000000171e+01 7.099216107446501001e-01 9.674510971489771460e-01 5.171599670349491876e-03 8.640207660143232715e+00
2.892999999999999972e+01 7.052736353458721741e-01 9.673151157320667437e-01 5.177000296428677789e-03 8.678130147629326885e+00
2.894000000000000128e+01 7.032642261035428888e-01 9.671909901810893384e-01 5.183352724926849897e-03 8.709371848448064668e+00
2.894999999999999929e+01 7.057924652532530096e-01 9.670801974029097359e-01 5.190837294114958311e-03 8.735059999533829611e+00
2.896000000000000085e+01 7.077927014932977601e-01 9.669840538006403419e-01 5.199591214706340316e-03 8.755018228368125932e+00
2.896999999999999886e+01 7.089402774891053749e-01 9.669037135433424801e-01 5.209701618281235846e-03 8.768128159415914169e+00
2.898000000000000043e+01 7.092408579124112045e-01 9.668401642176202015e-01 5.221200073529174562e-03 8.772271199732497138e+00
2.899000000000000199e+01 7.095587311783191353e-01 9.667942176265583720e-01 5.234058790532141250e-03 8.764265456513054886e+00
2.900000000000000000e+01 7.094443678562063482e-01 9.667664879904107611e-01 5.248189061822245566e-03 8.740223255536328395e+00
2.901000000000000156e+01 7.086828862093564885e-01 9.667573564040807810e-01 5.263442481562341339e-03 8.696252326739887906e+00
2.901999999999999957e+01 7.084333842500124545e-01 9.667669385096151480e-01 5.279615489712278197e-03 8.628979197463218398e+00
2.903000000000000114e+01 7.079846181270256222e-01 9.667950882163289794e-01 5.296457786007168281e-03 8.535200289304539112e+00
2.903999999999999915e+01 7.066107080793568862e-01 9.668414551061533802e-01 5.313683614703112665e-03 8.410660190227408961e+00
2.905000000000000071e+01 7.060516767924556181e-01 9.669055531587790187e-01 5.330984814377344623e-03 8.249209924060625809e+00
2.906000000000000227e+01 7.053754836835635089e-01 9.669867787840884521e-01 5.348044306929601241e-03 8.043722985194532882e+00
2.907000000000000028e+01 7.042816574769502624e-01 9.670843530355311968e-01 5.364550628830655997e-03 7.788880097794183222e+00
2.908000000000000185e+01 7.046707466246652229e-01 9.671972595805727879e-01 5.380214016475899121e-03 7.483524637759026987e+00
2.908999999999999986e+01 7.072670593811843931e-01 9.673242314335489533e-01 5.394781813364474266e-03 7.131095769069559331e+00
2.910000000000000142e+01 7.254532510654536637e-01 9.674637948427821099e-01 5.408049878416765384e-03 6.738524411365347078e+00
2.910999999999999943e+01 7.422860156875238369e-01 9.676143105173133918e-01 5.419869311444111722e-03 6.314713454591236896e+00
2.912000000000000099e+01 7.570771820571933208e-01 9.677740061936721538e-01 5.430149550003197066e-03 5.869378168790657213e+00
2.912999999999999901e+01 7.701096141137724338e-01 9.679410003114058414e-01 5.438858403253006048e-03 5.412131143957052082e+00
2.914000000000000057e+01 7.811261620510858705e-01 9.681133306080599299e-01 5.446019018855410149e-03 4.952011206477342498e+00
2.915000000000000213e+01 7.902083673994183544e-01 9.682889818265878468e-01 5.451703856916984003e-03 4.497483542718572203e+00
2.916000000000000014e+01 7.969262148178061222e-01 9.684659144918494889e-01 5.456026191383193252e-03 4.056747724601275529e+00
2.917000000000000171e+01 8.014576478948886029e-01 9.686420803503359434e-01 5.459129805782745280e-03 3.637739958716556643e+00
2.917999999999999972e+01 8.039327058178658003e-01 9.688154389896370677e-01 5.461180031917131639e-03 3.248313140156268819e+00
2.919000000000000128e+01 8.044238197052953065e-01 9.689839804893998210e-01 5.462356051981106728e-03 2.896345484640470591e+00
2.919999999999999929e+01 8.032158642778409741e-01 9.691457425905283252e-01 5.462844593972884452e-03 2.589897786575265926e+00
2.921000000000000085e+01 7.998375687148751023e-01 9.692988151111685546e-01 5.462835039576403873e-03 2.336800990169463521e+00
2.921999999999999886e+01 7.942224188800817153e-01 9.694413433151302106e-01 5.462516486095656508e-03 2.144196693245776775e+00
2.923000000000000043e+01 7.871485554590771372e-01 9.695715357207278506e-01 5.462076089122042816e-03 2.018530211845543487e+00
2.924000000000000199e+01 7.780552801293822984e-01 9.696876765577956414e-01 5.461697027622818695e-03 1.964968808275821432e+00
2.925000000000000000e+01 7.671784414143963948e-01 9.697881387904296879e-01 5.461555454158033979e-03 1.987357828762400525e+00
2.926000000000000156e+01 7.543189515694243008e-01 9.698713957771673000e-01 5.461815811356285182e-03 2.088109694723207621e+00
2.926999999999999957e+01 7.392490500021059452e-01 9.699360423068159598e-01 5.462623816001763340e-03 2.268216100228069632e+00
2.928000000000000114e+01 7.228839936575155445e-01 9.699808270167186164e-01 5.464095860598172129e-03 2.526777059995275021e+00
2.928999999999999915e+01 7.208652397642246745e-01 9.700046908019346326e-01 5.466305422896052674e-03 2.860850985575390748e+00
2.930000000000000071e+01 7.171122450534196391e-01 9.700068274064195251e-01 5.469265802791271891e-03 3.264472258344693678e+00
2.931000000000000227e+01 7.157393350200124127e-01 9.699867716689625219e-01 5.472911560020810549e-03 3.728006765280431178e+00
2.932000000000000028e+01 7.187311803826333945e-01 9.699444942930769420e-01 5.477084361507484657e-03 4.237554792369410350e+00
2.933000000000000185e+01 7.207499455443140413e-01 9.698805049005148060e-01 5.481531491417474845e-03 4.775191369321063917e+00
2.933999999999999986e+01 7.209170082592234463e-01 9.697959467420411706e-01 5.485925735861853225e-03 5.320153865651634284e+00
2.935000000000000142e+01 7.195099065957440976e-01 9.696926429103303047e-01 5.489911419275512842e-03 5.851267098697875646e+00
2.935999999999999943e+01 7.182614999269441025e-01 9.695730197339402778e-01 5.493171048454242172e-03 6.350568528199197260e+00
2.937000000000000099e+01 7.169486057719274275e-01 9.694399237198286778e-01 5.495491901888605382e-03 6.806228230360618525e+00
2.937999999999999901e+01 7.142809939004984843e-01 9.692963564951629918e-01 5.496805418897661791e-03 7.213458717411377563e+00
2.939000000000000057e+01 7.104930150932623478e-01 9.691451949068936589e-01 5.497181673967511430e-03 7.572985826983916091e+00
2.940000000000000213e+01 7.060359124543383880e-01 9.689889788615765331e-01 5.496784634232172208e-03 7.887934670904809487e+00
2.941000000000000014e+01 7.043986751174833305e-01 9.688298144533771250e-01 5.495813096684032742e-03 8.160922898850007101e+00
2.942000000000000171e+01 7.073546029488702036e-01 9.686694001842293122e-01 5.494455055348106826e-03 8.392816991738138555e+00
2.942999999999999972e+01 7.088882009951256169e-01 9.685091544728336999e-01 5.492870635793511980e-03 8.583557904404838013e+00
2.944000000000000128e+01 7.094074542656235716e-01 9.683503949179068648e-01 5.491202501525656657e-03 8.734267042700222916e+00
2.944999999999999929e+01 7.087781523166657438e-01 9.681944939429818486e-01 5.489599907605137268e-03 8.849079363550183430e+00
2.946000000000000085e+01 7.070033491685459026e-01 9.680429498267746347e-01 5.488238548152754408e-03 8.935336793027856217e+00
2.946999999999999886e+01 7.044090297796107292e-01 9.678973650691731212e-01 5.487324500602014724e-03 9.001991522272170698e+00
2.948000000000000043e+01 7.009247729004098870e-01 9.677593692150199267e-01 5.487082225147665165e-03 9.057274078563958497e+00
2.949000000000000199e+01 6.989484006579912423e-01 9.676305366977017153e-01 5.487735103248254226e-03 9.106898898860087854e+00
2.950000000000000000e+01 7.023180394568135920e-01 9.675123332862651804e-01 5.489487460198626961e-03 9.153431071790157247e+00
2.951000000000000156e+01 7.048149916376686974e-01 9.674060953899543680e-01 5.492512030247064143e-03 9.196661429943123522e+00
2.951999999999999957e+01 7.069429220424769955e-01 9.673130264275964230e-01 5.496942218615686639e-03 9.234444396113605791e+00
2.953000000000000114e+01 7.091191231815230367e-01 9.672341944851393647e-01 5.502867016338570949e-03 9.263512823586509626e+00
2.953999999999999915e+01 7.108654322672082193e-01 9.671705257835901959e-01 5.510327102879587421e-03 9.280066914149651680e+00
2.955000000000000071e+01 7.118416630734473172e-01 9.671227896329240847e-01 5.519311884965070678e-03 9.280256027570983335e+00
2.956000000000000227e+01 7.129297305200381629e-01 9.670915747577519817e-01 5.529757867940863006e-03 9.260633516044768143e+00
2.957000000000000028e+01 7.135108553315647750e-01 9.670772629099395612e-01 5.541548952444229695e-03 9.218468553341811145e+00
2.958000000000000185e+01 7.138440431454710078e-01 9.670800119342357615e-01 5.554519451158812515e-03 9.151629847453360611e+00
2.958999999999999986e+01 7.145074126393343716e-01 9.670997680790170969e-01 5.568460322766549501e-03 9.057812153835538282e+00
2.960000000000000142e+01 7.150634744193258285e-01 9.671363014336861186e-01 5.583127829307558618e-03 8.933550430708407930e+00
2.960999999999999943e+01 7.148246374979567719e-01 9.671892344714485557e-01 5.598254052972075068e-03 8.774018955222802063e+00
2.962000000000000099e+01 7.155956040507935878e-01 9.672580398056629392e-01 5.613558472448000256e-03 8.574134997043797668e+00
2.962999999999999901e+01 7.162701390644649058e-01 9.673419951908563963e-01 5.628760705824091895e-03 8.330580242933409707e+00
2.964000000000000057e+01 7.168589047736784181e-01 9.674401520732629489e-01 5.643594099812920990e-03 8.043363007059081582e+00
2.965000000000000213e+01 7.179922002412009174e-01 9.675513421015651261e-01 5.657818302829855164e-03 7.715984203922602980e+00
2.966000000000000014e+01 7.184026845064954703e-01 9.676742104422215718e-01 5.671229267907685473e-03 7.354732353645184517e+00
2.967000000000000171e+01 7.285596976914955336e-01 9.678072517677006603e-01 5.683666060925782193e-03 6.967661514912596665e+00
2.967999999999999972e+01 7.428289786363490022e-01 9.679488252784014257e-01 5.695013704969852097e-03 6.563638599274594476e+00
2.969000000000000128e+01 7.550850156982436001e-01 9.680971767602717382e-01 5.705202320606782805e-03 6.151698750355278911e+00
2.969999999999999929e+01 7.653543923140331273e-01 9.682504668216797006e-01 5.714203675748713226e-03 5.740582636146653428e+00
2.971000000000000085e+01 7.736279999547781561e-01 9.684067960193064595e-01 5.722025658686995947e-03 5.338612811350951226e+00
2.971999999999999886e+01 7.798455133968011932e-01 9.685642211547963454e-01 5.728705868793614042e-03 4.953746764662278146e+00
2.973000000000000043e+01 7.842382770986996432e-01 9.687207713773297035e-01 5.734305429269241118e-03 4.593649045770840544e+00
2.974000000000000199e+01 7.863805375311172519e-01 9.688744685327463912e-01 5.738903874581475009e-03 4.265785891877999170e+00
2.975000000000000000e+01 7.864790718428636973e-01 9.690233476412175584e-01 5.742595486146936587e-03 3.977498973736908194e+00
2.976000000000000156e+01 7.846393017039752227e-01 9.691654685254369461e-01 5.745486487074074819e-03 3.735837935879524174e+00
2.976999999999999957e+01 7.809720243386473193e-01 9.692989244231190460e-01 5.747692872576176670e-03 3.547404471165823914e+00
2.978000000000000114e+01 7.754796794591358733e-01 9.694218522012988393e-01 5.749337998425598471e-03 3.418110671553244995e+00
2.978999999999999915e+01 7.677477693491575605e-01 9.695324465195914732e-01 5.750549802223427209e-03 3.353117489606655344e+00
2.980000000000000071e+01 7.581142145606246663e-01 9.696289761554880426e-01 5.751456780007057484e-03 3.356564855502091049e+00
2.981000000000000227e+01 7.465242099735088788e-01 9.697097968289554171e-01 5.752182830939605099e-03 3.431422910951508864e+00
2.982000000000000028e+01 7.399568360341191031e-01 9.697733680482560903e-01 5.752840467728767559e-03 3.579391978092217652e+00
2.983000000000000185e+01 7.387884243973881215e-01 9.698182780163983052e-01 5.753521470414722089e-03 3.800625550333312841e+00
2.983999999999999986e+01 7.358984661906528002e-01 9.698432827271203927e-01 5.754283929463597028e-03 4.093264638194468397e+00
2.985000000000000142e+01 7.334119304661022021e-01 9.698473675075232059e-01 5.755135347771798970e-03 4.452783524586646280e+00
2.985999999999999943e+01 7.354885785023087541e-01 9.698298095653783424e-01 5.756013805913231043e-03 4.870959452325352323e+00
2.987000000000000099e+01 7.359410905762724386e-01 9.697902545618547476e-01 5.756772126694190139e-03 5.335561765925665334e+00
2.987999999999999901e+01 7.343249149080693927e-01 9.697288036909883502e-01 5.757171185272061745e-03 5.830263091857702307e+00
2.989000000000000057e+01 7.311846705358376886e-01 9.696461283292074906e-01 5.756890115892756080e-03 6.334880194336352410e+00
2.990000000000000213e+01 7.266320996750733618e-01 9.695435493864488219e-01 5.755560516343893700e-03 6.827173597381677617e+00
2.991000000000000014e+01 7.227227640774368522e-01 9.694230594747998975e-01 5.752826326930588451e-03 7.285871983977798116e+00
2.992000000000000171e+01 7.179896629931974417e-01 9.692872695622758439e-01 5.748418286812904086e-03 7.694013137113341116e+00
2.992999999999999972e+01 7.120073328520601930e-01 9.691392463100860777e-01 5.742219728903472098e-03 8.041739545270058187e+00
2.994000000000000128e+01 7.050053248353600477e-01 9.689822637586575915e-01 5.734297023379407096e-03 8.327113063908745616e+00
2.994999999999999929e+01 6.998413576717567031e-01 9.688195173162983398e-01 5.724880546987685948e-03 8.554585971040953751e+00
2.996000000000000085e+01 7.023063933372534207e-01 9.686538778713715825e-01 5.714305952849029098e-03 8.731950007153058024e+00
2.996999999999999886e+01 7.039298607695603227e-01 9.684877363767862013e-01 5.702942532940456430e-03 8.867247345770953970e+00
2.998000000000000043e+01 7.043665876904404710e-01 9.683229663574544066e-01 5.691136195875691819e-03 8.966863374726488090e+00
2.999000000000000199e+01 7.037161897201470451e-01 9.681610010097003727e-01 5.679181956013838566e-03 9.035287314005532977e+00
3.000000000000000000e+01 7.022535873745913149e-01 9.680029935080757264e-01 5.667325228563143205e-03 9.076175988252620286e+00
3.001000000000000156e+01 6.999455099950860903e-01 9.678500014745829994e-01 5.655780888662528989e-03 9.093846908348110603e+00
3.001999999999999957e+01 6.969659297006556287e-01 9.677031268790370344e-01 5.644755879662052833e-03 9.094254830800387879e+00
3.003000000000000114e+01 6.933376627957573701e-01 9.675635694860050817e-01 5.634463621596636287e-03 9.084869796073489212e+00
3.003999999999999915e+01 6.892765598002653649e-01 9.674326002434295857e-01 5.625124933249527580e-03 9.073510904725871740e+00
3.005000000000000071e+01 6.878967260319955868e-01 9.673114944133672788e-01 5.616957649844545042e-03 9.066714919051834798e+00
3.006000000000000227e+01 6.900463841407817878e-01 9.672014635973579244e-01 5.610161435414714494e-03 9.068331184910940479e+00
3.007000000000000028e+01 6.915147651507684845e-01 9.671036074641404801e-01 5.604903838883994009e-03 9.078804283486846316e+00
3.008000000000000185e+01 6.926823682701717111e-01 9.670188880186666447e-01 5.601310548394980438e-03 9.095288907393273448e+00
3.008999999999999986e+01 6.941929033218930956e-01 9.669481200188503323e-01 5.599460084322375152e-03 9.112465152281959746e+00
3.010000000000000142e+01 6.954024256652960867e-01 9.668919653906714595e-01 5.599381873425037653e-03 9.123806206964488297e+00
3.010999999999999943e+01 6.961488212409979726e-01 9.668509250578261049e-01 5.601056477154081094e-03 9.122918280947491354e+00
3.012000000000000099e+01 6.967880173831848545e-01 9.668253270041444747e-01 5.604417181514661367e-03 9.104564403914030990e+00
3.012999999999999901e+01 6.979707094382507915e-01 9.668153160193977413e-01 5.609352855231890256e-03 9.065034904331065846e+00
3.014000000000000057e+01 6.987304576246995413e-01 9.668208553061824473e-01 5.615712495940225653e-03 9.001723400232767958e+00
3.015000000000000213e+01 6.990627680293176605e-01 9.668417458660267805e-01 5.623311176529526868e-03 8.912183269932441476e+00
3.016000000000000014e+01 7.002147012930284298e-01 9.668776456130558916e-01 5.631937581832970746e-03 8.793446457264952443e+00
3.017000000000000171e+01 7.011559920088913378e-01 9.669280729586252621e-01 5.641363144067006521e-03 8.642260371024041987e+00
3.017999999999999972e+01 7.017300308740619386e-01 9.669923885599889246e-01 5.651352344551400543e-03 8.456159779084350347e+00
3.019000000000000128e+01 7.030653638842515596e-01 9.670697630610645135e-01 5.661673892344933068e-03 8.234768933208796327e+00
3.019999999999999929e+01 7.042025871217800770e-01 9.671591748902411689e-01 5.672111396472114334e-03 7.980390632992057753e+00
3.021000000000000085e+01 7.056786182831056298e-01 9.672594303366827129e-01 5.682472156795495034e-03 7.697733033728185958e+00
3.021999999999999886e+01 7.071879723073090096e-01 9.673691905122465684e-01 5.692593302233752046e-03 7.393242560934197627e+00
3.023000000000000043e+01 7.081881485249420516e-01 9.674870005151614549e-01 5.702345009699107126e-03 7.074395123757476256e+00
3.024000000000000199e+01 7.173871968990405135e-01 9.676113114843211127e-01 5.711630842483412553e-03 6.749009127229287586e+00
3.025000000000000000e+01 7.272911277292094523e-01 9.677405071429351358e-01 5.720385780080513780e-03 6.424856285226701047e+00
3.026000000000000156e+01 7.354464363218089495e-01 9.678729280096670662e-01 5.728572795919219772e-03 6.109384124334024335e+00
3.026999999999999957e+01 7.415941742494768230e-01 9.680068866278945805e-01 5.736178779598017849e-03 5.809625737451463046e+00
3.028000000000000114e+01 7.462184269758299626e-01 9.681406837566139956e-01 5.743210479815421231e-03 5.532235859049834836e+00
3.028999999999999915e+01 7.489088849593775743e-01 9.682726238715809730e-01 5.749690981810679641e-03 5.283520540727449699e+00
3.030000000000000071e+01 7.495889200803644847e-01 9.684010257438473435e-01 5.755656801141748047e-03 5.069423488920000942e+00
3.031000000000000227e+01 7.485597456211254830e-01 9.685242278054866372e-01 5.761155502644696273e-03 4.895487412108801450e+00
3.032000000000000028e+01 7.458537800200283341e-01 9.686405929398086423e-01 5.766243527686435236e-03 4.766752339895635515e+00
3.033000000000000185e+01 7.414345213118048727e-01 9.687485146853381801e-01 5.770983700504500255e-03 4.687611720058754372e+00
3.033999999999999986e+01 7.351262845403142565e-01 9.688464247993946454e-01 5.775442120381751865e-03 4.661694608222371805e+00
3.035000000000000142e+01 7.269870952421307875e-01 9.689328011607301061e-01 5.779684292469440370e-03 4.691818534208947788e+00
3.035999999999999943e+01 7.287798250570461933e-01 9.690061729791550338e-01 5.783770060325260989e-03 4.779986370859502287e+00
3.037000000000000099e+01 7.294323206080971511e-01 9.690651282609460404e-01 5.787746858457135102e-03 4.927373033044879058e+00
3.037999999999999901e+01 7.288958467010312470e-01 9.691083346512726626e-01 5.791640704682940281e-03 5.134066306047545325e+00
3.039000000000000057e+01 7.269073608074232418e-01 9.691345781096861733e-01 5.795444805237625133e-03 5.398450323220417069e+00
3.040000000000000213e+01 7.254156304001524447e-01 9.691428019276888683e-01 5.799106196900185445e-03 5.716568453213765721e+00
3.041000000000000014e+01 7.271962261383634329e-01 9.691321626792153143e-01 5.802511959919593246e-03 6.081664180008531595e+00
3.042000000000000171e+01 7.274463471961534200e-01 9.691020956516303020e-01 5.805477983370039771e-03 6.483707051664474363e+00
3.042999999999999972e+01 7.265834043429300060e-01 9.690523962357994181e-01 5.807744770929741153e-03 6.909217331184983379e+00
3.044000000000000128e+01 7.242821281894109564e-01 9.689833088654411508e-01 5.808985158492237580e-03 7.341503956759027893e+00
3.044999999999999929e+01 7.207648957687582403e-01 9.688955957183046364e-01 5.808828705877632642e-03 7.761736168671859559e+00
3.046000000000000085e+01 7.168776317710980894e-01 9.687905955465219154e-01 5.806904421213578658e-03 8.150517970535021917e+00
3.046999999999999886e+01 7.133149727550472941e-01 9.686702397054258729e-01 5.802898244387213501e-03 8.490256193675822516e+00
3.048000000000000043e+01 7.084228554767929564e-01 9.685370027102568891e-01 5.796613394389210465e-03 8.767776070193010085e+00
3.049000000000000199e+01 7.026261685067185514e-01 9.683937765024607236e-01 5.788015736915386004e-03 8.976235242491968691e+00
3.050000000000000000e+01 6.961157193548155320e-01 9.682436795672262342e-01 5.777247514864230354e-03 9.115634345429210583e+00
3.051000000000000156e+01 6.924807838553997952e-01 9.680898309968196669e-01 5.764603919709071142e-03 9.191818646857486286e+00
3.051999999999999957e+01 6.916625595883626465e-01 9.679351322447099504e-01 5.750480414943810736e-03 9.214375474044585346e+00
3.053000000000000114e+01 6.899087901960354596e-01 9.677820998089305959e-01 5.735308895618208662e-03 9.194289040744990871e+00
3.053999999999999915e+01 6.875698158298921836e-01 9.676327783982444641e-01 5.719502082707501010e-03 9.142077766524273841e+00
3.055000000000000071e+01 6.863982805575188362e-01 9.674887410214485506e-01 5.703418854238233131e-03 9.066766663096103684e+00
3.056000000000000227e+01 6.844838428223068982e-01 9.673511618792153266e-01 5.687353142261993878e-03 8.975678875837964199e+00
3.057000000000000028e+01 6.819149113788882666e-01 9.672209340630679719e-01 5.671540904104934236e-03 8.874819521378615406e+00
3.058000000000000185e+01 6.789242319433730355e-01 9.670987981017933333e-01 5.656176269410643706e-03 8.769530099080027341e+00
3.058999999999999986e+01 6.754643633309138639e-01 9.669854496396286248e-01 5.641428591424408126e-03 8.665054868918380393e+00
3.060000000000000142e+01 6.716157401116806813e-01 9.668816043201948762e-01 5.627454741403358461e-03 8.566706748782516812e+00
3.060999999999999943e+01 6.675005485887326451e-01 9.667880142860472148e-01 5.614404024313627423e-03 8.479490781401525012e+00
3.062000000000000099e+01 6.668652217170546459e-01 9.667054468498975650e-01 5.602415967120849896e-03 8.407293938876303940e+00
3.062999999999999901e+01 6.680588046837496741e-01 9.666346437850394935e-01 5.591613405730192984e-03 8.351963101321016936e+00
3.064000000000000057e+01 6.683960700953834877e-01 9.665762784088035575e-01 5.582094081153111259e-03 8.312662314016753484e+00
3.065000000000000213e+01 6.679362162845351447e-01 9.665309193600246651e-01 5.573923372767158012e-03 8.285837354739800986e+00
3.066000000000000014e+01 6.670476896918487997e-01 9.664990043313625989e-01 5.567129550989538371e-03 8.265843762397313554e+00
3.067000000000000171e+01 6.670603197212177093e-01 9.664808220008638262e-01 5.561701921579239628e-03 8.246029256234475469e+00
3.067999999999999972e+01 6.684872380685082938e-01 9.664765003581696767e-01 5.557591701818555274e-03 8.219851400744559555e+00
3.069000000000000128e+01 6.703577214989111521e-01 9.664860032300441883e-01 5.554715324437080499e-03 8.181602255276137825e+00
3.069999999999999929e+01 6.717484336062812256e-01 9.665091408268989825e-01 5.552959291504482552e-03 8.126532786492283833e+00
3.071000000000000085e+01 6.724814346370513451e-01 9.665455860769518459e-01 5.552186225171111544e-03 8.050628666486097984e+00
3.071999999999999886e+01 6.725302905278439658e-01 9.665948894841601691e-01 5.552241825565738462e-03 7.950494590182543675e+00
3.073000000000000043e+01 6.722986240482321518e-01 9.666564823301917464e-01 5.552962305297381822e-03 7.823626367836006068e+00
3.074000000000000199e+01 6.717568551071408933e-01 9.667296605369655182e-01 5.554182386789571248e-03 7.669060035238375761e+00
3.075000000000000000e+01 6.716883960330386483e-01 9.668135754532115600e-01 5.555743338440615083e-03 7.487906834950980084e+00
3.076000000000000156e+01 6.711394042954645922e-01 9.669072370757040291e-01 5.557500232137862692e-03 7.283342701053832080e+00
3.076999999999999957e+01 6.702032022644417442e-01 9.670095259668771703e-01 5.559327736397706894e-03 7.060179842680104123e+00
3.078000000000000114e+01 6.686842206514336251e-01 9.671192127805873229e-01 5.561123980782206599e-03 6.824278760016212253e+00
3.078999999999999915e+01 6.783465690178279717e-01 9.672349794675603185e-01 5.562812424436756886e-03 6.581997021203837228e+00
3.080000000000000071e+01 6.882247851387610638e-01 9.673554401705626304e-01 5.564341921749923342e-03 6.339752399833873397e+00
3.081000000000000227e+01 6.966069596277015830e-01 9.674791625930074801e-01 5.565685268825115717e-03 6.103802129378533614e+00
3.082000000000000028e+01 7.033224472059349530e-01 9.676046846467033502e-01 5.566836635936634435e-03 5.880106366055240841e+00
3.083000000000000185e+01 7.082249389056101130e-01 9.677305306788542838e-01 5.567808231738483916e-03 5.674305970958744894e+00
3.083999999999999986e+01 7.117143701909198761e-01 9.678552295857456578e-01 5.568626632916792024e-03 5.491744388261848187e+00
3.085000000000000142e+01 7.134466495378419815e-01 9.679773294779345783e-01 5.569329207273367340e-03 5.337456546573364768e+00
3.085999999999999943e+01 7.133393550457702847e-01 9.680954073690996031e-01 5.569960820539418198e-03 5.216107957395315076e+00
3.087000000000000099e+01 7.116857056134014980e-01 9.682080755556226048e-01 5.570570779443746040e-03 5.131907064994370771e+00
3.087999999999999901e+01 7.084153951417724304e-01 9.683139873306065848e-01 5.571209713261103535e-03 5.088487006758569464e+00
3.089000000000000057e+01 7.033558777361982317e-01 9.684118417857221495e-01 5.571926096716010683e-03 5.088785234816217695e+00
3.090000000000000213e+01 6.967691867414063100e-01 9.685003885574070548e-01 5.572762404539919993e-03 5.134958954717507851e+00
3.091000000000000014e+01 6.887752873245091001e-01 9.685784264676166044e-01 5.573750920304035815e-03 5.228423875966062617e+00
3.092000000000000171e+01 6.882701850690220446e-01 9.686448026441260017e-01 5.574908790970282274e-03 5.369835988612706501e+00
3.092999999999999972e+01 6.891215268281615236e-01 9.686984181860346377e-01 5.576232020787602953e-03 5.558969164728462253e+00
3.094000000000000128e+01 6.898301475622733436e-01 9.687382372401642794e-01 5.577688133621542567e-03 5.794470548447377745e+00
3.094999999999999929e+01 6.896910449961081158e-01 9.687633137080657875e-01 5.579207657640955671e-03 6.073448490916238285e+00
3.096000000000000085e+01 6.883595482135406174e-01 9.687728293317301453e-01 5.580675214633135268e-03 6.390911409679251420e+00
3.097000000000000242e+01 6.861066217330848982e-01 9.687661382538051980e-01 5.581922068016762807e-03 6.739395072739730708e+00
3.098000000000000043e+01 6.863992684678966727e-01 9.687428296561708674e-01 5.582722721607008554e-03 7.108933293168822054e+00
3.099000000000000199e+01 6.868982593248353918e-01 9.687028022274202232e-01 5.582798558621125846e-03 7.487233465145337163e+00
3.100000000000000000e+01 6.862349467146735549e-01 9.686463291872029480e-01 5.581831512498386383e-03 7.860314992403786505e+00
3.101000000000000156e+01 6.846671435432750696e-01 9.685741238395947361e-01 5.579489195606981977e-03 8.213202830808821631e+00
3.101999999999999957e+01 6.821500317874423791e-01 9.684873847912627287e-01 5.575461086882978548e-03 8.531080584720443838e+00
3.103000000000000114e+01 6.786233308954188193e-01 9.683878024016109309e-01 5.569501567831577037e-03 8.800892285377770463e+00
3.103999999999999915e+01 6.759224055436836576e-01 9.682775238456182709e-01 5.561471710324549303e-03 9.012981762080103820e+00
3.105000000000000071e+01 6.726450615846862879e-01 9.681590600796763368e-01 5.551368907517372983e-03 9.162403275998343588e+00
3.106000000000000227e+01 6.685414752304578156e-01 9.680351509605463756e-01 5.539335182249210780e-03 9.249407669687627731e+00
3.107000000000000028e+01 6.637058523538323929e-01 9.679085953785278029e-01 5.525640496973020961e-03 9.279034640765496889e+00
3.108000000000000185e+01 6.584915604296490699e-01 9.677820759155749686e-01 5.510644736184191171e-03 9.259896476700648194e+00
3.108999999999999986e+01 6.542880405534251542e-01 9.676580059303756531e-01 5.494748543952718625e-03 9.202568316040290242e+00
3.110000000000000142e+01 6.548750776111341709e-01 9.675384229101446909e-01 5.478345587932736266e-03 9.117991252187918505e+00
3.110999999999999943e+01 6.554644380652073776e-01 9.674249407773032328e-01 5.461786631810134317e-03 9.016195455077413712e+00
3.112000000000000099e+01 6.554782474752142152e-01 9.673187602246987593e-01 5.445360379023060984e-03 8.905526014327342921e+00
3.112999999999999901e+01 6.549123649470598441e-01 9.672207246310839945e-01 5.429290181240590055e-03 8.792433663772939667e+00
3.114000000000000057e+01 6.538046169060054424e-01 9.671314030417852425e-01 5.413741813085357416e-03 8.681759044032387962e+00
3.115000000000000213e+01 6.538006278578563091e-01 9.670511805714258058e-01 5.398836426433322420e-03 8.577284051127609388e+00
3.116000000000000014e+01 6.552560294683653641e-01 9.669803388897630914e-01 5.384663763976917789e-03 8.482231042678499477e+00
3.117000000000000171e+01 6.560239206599856043e-01 9.669191144014953609e-01 5.371292551005549948e-03 8.399446434160926955e+00
3.117999999999999972e+01 6.564312841764393669e-01 9.668677299445999074e-01 5.358776817114562635e-03 8.331171750858308300e+00
3.119000000000000128e+01 6.570091320933114654e-01 9.668264026649657783e-01 5.347158358625608669e-03 8.278546738208111933e+00
3.119999999999999929e+01 6.571166824174797805e-01 9.667953361271601764e-01 5.336466469446229932e-03 8.241111918191752039e+00
3.121000000000000085e+01 6.567248607452045306e-01 9.667747048207370186e-01 5.326716349723298501e-03 8.216564490281490052e+00
3.122000000000000242e+01 6.567321120843285787e-01 9.667646360880057799e-01 5.317907380972168932e-03 8.200900511263569115e+00
3.123000000000000043e+01 6.566188855822573389e-01 9.667651934876899666e-01 5.310022078642286439e-03 8.188885363178627586e+00
3.124000000000000199e+01 6.563361792383912707e-01 9.667763630414913933e-01 5.303025893430165193e-03 8.174699402536527160e+00
3.125000000000000000e+01 6.559936095830534164e-01 9.667980427359762485e-01 5.296868106975320678e-03 8.152585342154033299e+00
3.126000000000000156e+01 6.562638982849343661e-01 9.668300339226063578e-01 5.291483747085250038e-03 8.117387718896409865e+00
3.126999999999999957e+01 6.563912967783415153e-01 9.668720356463166299e-01 5.286796394069942333e-03 8.064963278998650509e+00
3.128000000000000114e+01 6.565730250197741036e-01 9.669236404116307027e-01 5.282721672580381785e-03 7.992479408292156862e+00
3.128999999999999915e+01 6.570315774321331403e-01 9.669843337780463788e-01 5.279171189844774487e-03 7.898586529380480670e+00
3.130000000000000071e+01 6.578802114750778030e-01 9.670534909078428720e-01 5.276056744630024629e-03 7.783520151323408243e+00
3.131000000000000227e+01 6.586601008860294426e-01 9.671303806476250209e-01 5.273294276820218209e-03 7.649035872579672990e+00
3.132000000000000028e+01 6.594888731243538915e-01 9.672141705829642166e-01 5.270807233520167362e-03 7.498205756189256554e+00
3.133000000000000185e+01 6.610017316227323469e-01 9.673039346117514592e-01 5.268529183722074107e-03 7.335142668575173275e+00
3.133999999999999986e+01 6.623789018650804161e-01 9.673986635352108676e-01 5.266405603714358931e-03 7.164682389125568207e+00
3.135000000000000142e+01 6.635625497042467735e-01 9.674972782266541005e-01 5.264394812716752768e-03 6.992088236600445761e+00
3.135999999999999943e+01 6.654139403549574894e-01 9.675986433891670124e-01 5.262468035906417776e-03 6.822810751545426378e+00
3.137000000000000099e+01 6.705044381298239653e-01 9.677015823189347721e-01 5.260608614243261240e-03 6.662292565998925831e+00
3.137999999999999901e+01 6.749069000087605241e-01 9.678048905224102549e-01 5.258810437355270102e-03 6.515785062798330252e+00
3.139000000000000057e+01 6.779760766395306337e-01 9.679073495558326856e-01 5.257075939321503334e-03 6.388272452769059306e+00
3.140000000000000213e+01 6.796097588084237806e-01 9.680077398963151669e-01 5.255413896232057763e-03 6.284364176826284343e+00
3.141000000000000014e+01 6.795948309570217782e-01 9.681048519881083614e-01 5.253837163665384113e-03 6.208186198269411094e+00
3.142000000000000171e+01 6.779893168684086868e-01 9.681974955666063920e-01 5.252360349015177191e-03 6.163307463879468706e+00
3.142999999999999972e+01 6.763653167792061938e-01 9.682845076737700563e-01 5.250997330802356297e-03 6.152665976363022260e+00
3.144000000000000128e+01 6.786564888245344429e-01 9.683647615601085334e-01 5.249758618460296199e-03 6.178517670053641275e+00
3.144999999999999929e+01 6.802051412734522184e-01 9.684371690282267409e-01 5.248648442892566227e-03 6.242363361296039415e+00
3.146000000000000085e+01 6.813566956485024306e-01 9.685006794196726609e-01 5.247661401959874058e-03 6.344981394944944064e+00
3.147000000000000242e+01 6.817374979139889657e-01 9.685542783503240383e-01 5.246778234234025090e-03 6.486398236453172927e+00
3.148000000000000043e+01 6.813967899122659322e-01 9.685969906644900096e-01 5.245960471334723020e-03 6.665710548062611984e+00
3.149000000000000199e+01 6.803334581218501986e-01 9.686278899852150959e-01 5.245144134219688510e-03 6.880803285374831546e+00
3.150000000000000000e+01 6.797904634138313140e-01 9.686461201758594930e-01 5.244233026021180924e-03 7.127976450450008272e+00
3.151000000000000156e+01 6.798929939660733890e-01 9.686509200942476916e-01 5.243092528555614619e-03 7.401684110226386615e+00
3.151999999999999957e+01 6.789718851522110743e-01 9.686416764223529929e-01 5.241545539416476995e-03 7.694476309129791858e+00
3.153000000000000114e+01 6.773758496058428502e-01 9.686179815420771222e-01 5.239372367085640483e-03 7.997214103743313984e+00
3.153999999999999915e+01 6.750074096460849660e-01 9.685796986312855683e-01 5.236316818267207872e-03 8.299489834453463999e+00
3.155000000000000071e+01 6.747100555158467294e-01 9.685270330063293631e-01 5.232099851011473568e-03 8.589902808748215435e+00
3.156000000000000227e+01 6.746282862135847269e-01 9.684605917722937107e-01 5.226441675688119244e-03 8.856563419282487359e+00
3.157000000000000028e+01 6.737969367815416222e-01 9.683814213346972899e-01 5.219091330441233759e-03 9.087926425605658665e+00
3.158000000000000185e+01 6.721636940512567548e-01 9.682910167437641658e-01 5.209860276231302774e-03 9.273915024483567748e+00
3.158999999999999986e+01 6.695900551805396006e-01 9.681912925479514431e-01 5.198654372332180314e-03 9.407157518792315543e+00
3.160000000000000142e+01 6.665569884280445612e-01 9.680845099558350597e-01 5.185496384542829379e-03 9.484028588961425754e+00
3.160999999999999943e+01 6.630015563875419904e-01 9.679731670161768609e-01 5.170532820951327137e-03 9.505114575932971377e+00
3.162000000000000099e+01 6.604182307981550926e-01 9.678598564503370083e-01 5.154021711816179734e-03 9.475032884083386620e+00
3.162999999999999901e+01 6.585699906041904139e-01 9.677471135107379441e-01 5.136303132112840682e-03 9.401601204465700690e+00
3.164000000000000057e+01 6.563104048898762422e-01 9.676372751097497282e-01 5.117759095908126429e-03 9.294606832397407814e+00
3.165000000000000213e+01 6.536884357807466461e-01 9.675323714084640425e-01 5.098772037518920809e-03 9.164445134747838395e+00
3.166000000000000014e+01 6.507603693574965931e-01 9.674340641398666563e-01 5.079690587758627779e-03 9.020890195876122064e+00
3.167000000000000171e+01 6.495770432482353973e-01 9.673436347842756522e-01 5.060808008676446687e-03 8.872215542923456155e+00
3.167999999999999972e+01 6.505257258079057969e-01 9.672620144903403272e-01 5.042354157400640892e-03 8.724806126391865035e+00
3.169000000000000128e+01 6.510062888667836889e-01 9.671898411441739452e-01 5.024498177766852092e-03 8.583276103749819086e+00
3.169999999999999929e+01 6.510903197515433005e-01 9.671275268780881174e-01 5.007357458971921707e-03 8.450945384301606467e+00
3.171000000000000085e+01 6.507098408263113365e-01 9.670753222954490136e-01 4.991008679751693204e-03 8.330396834265989980e+00
3.172000000000000242e+01 6.498870868645126864e-01 9.670333686954679653e-01 4.975497963496264275e-03 8.223807729887916196e+00
3.173000000000000043e+01 6.486556786716819456e-01 9.670017339938477008e-01 4.960848610857769223e-03 8.132902978794380289e+00
3.174000000000000199e+01 6.471725154951556425e-01 9.669804334105723820e-01 4.947066113167323566e-03 8.058578689117142702e+00
3.175000000000000000e+01 6.454004436729904315e-01 9.669694382196410976e-01 4.934140982297947897e-03 8.000418716481760839e+00
3.176000000000000156e+01 6.449369182461578420e-01 9.669686770384285923e-01 4.922050364569217559e-03 7.956354241979975761e+00
3.176999999999999957e+01 6.449680769879947428e-01 9.669780333342908873e-01 4.910759055746575542e-03 7.922642819635810518e+00
3.178000000000000114e+01 6.447700541492722426e-01 9.669973399639741896e-01 4.900220573464149701e-03 7.894217711693563899e+00
3.178999999999999915e+01 6.444064983264375934e-01 9.670263702263226513e-01 4.890378535525563911e-03 7.865325717136553152e+00
3.180000000000000071e+01 6.447200027639791164e-01 9.670648285234281216e-01 4.881168478592832864e-03 7.830280095134702911e+00
3.181000000000000227e+01 6.448368335126285489e-01 9.671123403792205586e-01 4.872520108475531485e-03 7.784178587765125279e+00
3.182000000000000028e+01 6.448590665274345213e-01 9.671684464748909749e-01 4.864359886780523536e-03 7.723392282249339047e+00
3.183000000000000185e+01 6.453995746801659550e-01 9.672325977155387111e-01 4.856613964536063074e-03 7.645868852640029800e+00
3.183999999999999986e+01 6.461373113024978521e-01 9.673041528636635578e-01 4.849211189500983454e-03 7.551196312230787022e+00
3.185000000000000142e+01 6.467182017624935053e-01 9.673823815841074980e-01 4.842085855459527313e-03 7.440496015822381182e+00
3.185999999999999943e+01 6.476037352398532621e-01 9.674664688731775541e-01 4.835179980617200501e-03 7.316208852232284343e+00
3.187000000000000099e+01 6.489540851535062771e-01 9.675555205441567219e-01 4.828444974107402692e-03 7.181835216353832152e+00
3.187999999999999901e+01 6.501582632660143357e-01 9.676485729674526581e-01 4.821842622470128188e-03 7.041646999209662638e+00
3.189000000000000057e+01 6.512397330520055538e-01 9.677446044940745118e-01 4.815345380197406933e-03 6.900420400266831678e+00
3.190000000000000213e+01 6.565527317157227039e-01 9.678425474886305224e-01 4.808935959227527562e-03 6.763195322351824856e+00
3.191000000000000014e+01 6.615206093577746804e-01 9.679413026962848665e-01 4.802606283714598752e-03 6.635071183328340005e+00
3.192000000000000171e+01 6.650717916359559778e-01 9.680397523776685942e-01 4.796355933604590747e-03 6.521009195377047263e+00
3.192999999999999972e+01 6.672392924020100757e-01 9.681367733126304831e-01 4.790190332684516814e-03 6.425685985543093892e+00
3.194000000000000128e+01 6.681753169445098228e-01 9.682312477476201495e-01 4.784118857509490029e-03 6.353383599273182192e+00
3.194999999999999929e+01 6.675812304402997110e-01 9.683220727657503302e-01 4.778152856306084120e-03 6.307864061547645562e+00
3.196000000000000085e+01 6.654491053072693063e-01 9.684081700707130036e-01 4.772303548454471384e-03 6.292291872241050577e+00
3.197000000000000242e+01 6.640912628899360293e-01 9.684884919387531932e-01 4.766579719228147480e-03 6.309151222642769952e+00
3.198000000000000043e+01 6.660418784938721970e-01 9.685620249641964108e-01 4.760985243096851373e-03 6.360214599286106107e+00
3.199000000000000199e+01 6.673892330620315727e-01 9.686277902978229770e-01 4.755516323231513166e-03 6.446556898178917194e+00
3.200000000000000000e+01 6.682918153274327588e-01 9.686848415585987970e-01 4.750158137628818916e-03 6.568536955808082389e+00
3.200999999999999801e+01 6.687558579796430980e-01 9.687322626751591059e-01 4.744880622499531020e-03 6.725735793902833493e+00
3.202000000000000313e+01 6.685298385032463209e-01 9.687691694724168689e-01 4.739633355014025162e-03 6.916786912799775422e+00
3.203000000000000114e+01 6.678289267732883117e-01 9.687947214935270779e-01 4.734339837324123834e-03 7.139090134693722334e+00
3.203999999999999915e+01 6.676096934057550447e-01 9.688081365739890094e-01 4.728891819670084234e-03 7.388490587520189834e+00
3.204999999999999716e+01 6.676803321269119129e-01 9.688087251415856693e-01 4.723144651711360525e-03 7.659204689795780396e+00
3.206000000000000227e+01 6.669835131874339851e-01 9.687959403142414327e-01 4.716915074837142036e-03 7.943827671803020962e+00
3.207000000000000028e+01 6.655422481521499067e-01 9.687694319859337932e-01 4.709983126413400632e-03 8.233723419494770823e+00
3.207999999999999829e+01 6.636315914381660797e-01 9.687291145932392933e-01 4.702099690226839608e-03 8.519259507312717972e+00
3.209000000000000341e+01 6.636577065646368512e-01 9.686752324312893903e-01 4.693000802320155748e-03 8.790033715213803944e+00
3.210000000000000142e+01 6.631631494153220618e-01 9.686084123766082188e-01 4.682429126191209497e-03 9.035312807117646727e+00
3.210999999999999943e+01 6.621272298111063881e-01 9.685296946428459952e-01 4.670161244108617798e-03 9.244757564216840251e+00
3.211999999999999744e+01 6.603510322359985585e-01 9.684405396908384311e-01 4.656037654587861369e-03 9.409427258358913804e+00
3.213000000000000256e+01 6.579628489606262898e-01 9.683427970271170082e-01 4.639990337664360101e-03 9.522896993302660817e+00
3.214000000000000057e+01 6.550265961924988112e-01 9.682386386631041120e-01 4.622061351312093357e-03 9.582172908351612506e+00
3.214999999999999858e+01 6.528298644874735990e-01 9.681304577633195185e-01 4.602407399412020150e-03 9.588110058405819203e+00
3.216000000000000369e+01 6.514910235026211138e-01 9.680207384103483026e-01 4.581287608133231132e-03 9.545266408272015113e+00
3.217000000000000171e+01 6.497307402575404067e-01 9.679119154240624079e-01 4.559036164073826392e-03 9.461181044953931973e+00
3.217999999999999972e+01 6.475945632978961086e-01 9.678062427876884533e-01 4.536025506630466698e-03 9.345271607588943041e+00
3.218999999999999773e+01 6.451773426410205570e-01 9.677056901913482223e-01 4.512628083815931057e-03 9.207569498300674837e+00
3.220000000000000284e+01 6.425445525194914964e-01 9.676118815249173943e-01 4.489184395515271805e-03 9.057532772234571539e+00
3.221000000000000085e+01 6.405121472625358026e-01 9.675260789626399793e-01 4.465982278644937270e-03 8.903160618131371606e+00
3.221999999999999886e+01 6.415006197386523557e-01 9.674492058679167172e-01 4.443248460960069063e-03 8.750574886770808192e+00
3.223000000000000398e+01 6.422637925496172961e-01 9.673818956921470535e-01 4.421150084632794255e-03 8.604103211669002604e+00
3.224000000000000199e+01 6.427391415894516680e-01 9.673245507496732731e-01 4.399802320291646904e-03 8.466754744332671834e+00
3.225000000000000000e+01 6.433149050187714213e-01 9.672773999213313267e-01 4.379278310537557811e-03 8.340791442448143300e+00
3.225999999999999801e+01 6.438173271120760655e-01 9.672405466421704068e-01 4.359618689993435652e-03 8.228099552844399867e+00
3.227000000000000313e+01 6.439986353948757847e-01 9.672140039481665896e-01 4.340839208156985554e-03 8.130179562810464944e+00
3.228000000000000114e+01 6.438257351391966088e-01 9.671977170159522519e-01 4.322936096094567512e-03 8.047790790439281139e+00
3.228999999999999915e+01 6.439702307150931837e-01 9.671915752651154552e-01 4.305889678528606809e-03 7.980458921498610358e+00
3.229999999999999716e+01 6.441542764275020039e-01 9.671954183439367414e-01 4.289666756640703356e-03 7.926104398996226763e+00
3.231000000000000227e+01 6.440477578774622680e-01 9.672090359875473720e-01 4.274222524826599978e-03 7.881011100482421483e+00
3.232000000000000028e+01 6.439806356358284134e-01 9.672321615526525695e-01 4.259502455112505921e-03 7.840203929864030030e+00
3.232999999999999829e+01 6.443025542256038962e-01 9.672644626075140861e-01 4.245444417412965431e-03 7.798140706134933708e+00
3.234000000000000341e+01 6.445094050600332913e-01 9.673055294058545694e-01 4.231981127201928788e-03 7.749547442458847968e+00
3.235000000000000142e+01 6.446572288358196623e-01 9.673548670113473191e-01 4.219042863630512695e-03 7.690121076194292193e+00
3.235999999999999943e+01 6.454384010070498556e-01 9.674118889633459561e-01 4.206560474944815928e-03 7.617049758220094446e+00
3.236999999999999744e+01 6.460254439009981420e-01 9.674759149465192998e-01 4.194468387769906270e-03 7.529231726248201362e+00
3.238000000000000256e+01 6.465516035409561990e-01 9.675461748506647419e-01 4.182707290283558393e-03 7.427252226284490000e+00
3.239000000000000057e+01 6.478773130250403689e-01 9.676218156435602014e-01 4.171226256953098656e-03 7.313190335206736670e+00
3.239999999999999858e+01 6.489882851763723037e-01 9.677019098156791621e-01 4.159984153246837346e-03 7.190339723684203932e+00
3.241000000000000369e+01 6.498881805489189478e-01 9.677854682810903553e-01 4.148950243091135970e-03 7.062880546070651633e+00
3.242000000000000171e+01 6.514777741115911347e-01 9.678714549535718525e-01 4.138103999462801330e-03 6.935561364676025242e+00
3.242999999999999972e+01 6.529679662873993928e-01 9.679588024144633041e-01 4.127434168260593964e-03 6.813406158005764546e+00
3.243999999999999773e+01 6.543567711878025550e-01 9.680464279306355557e-01 4.116937225839912076e-03 6.701458723329854372e+00
3.245000000000000284e+01 6.560844864311905500e-01 9.681332491940307650e-01 4.106615465496657805e-03 6.604567186483132346e+00
3.246000000000000085e+01 6.577144042143139302e-01 9.682181980094296536e-01 4.096474982783352217e-03 6.527202927149461154e+00
3.246999999999999886e+01 6.589552928314863500e-01 9.683002316842591606e-01 4.086523751999337692e-03 6.473323500866495550e+00
3.248000000000000398e+01 6.600330009576713675e-01 9.683783419836216044e-01 4.076769798491149989e-03 6.446264192898286893e+00
3.249000000000000199e+01 6.623846520657757919e-01 9.684515620469442698e-01 4.067219389203968923e-03 6.448663857936001165e+00
3.250000000000000000e+01 6.643752957554696081e-01 9.685189703761794000e-01 4.057875174602140755e-03 6.482433884924501122e+00
3.250999999999999801e+01 6.658009463689033014e-01 9.685796918895740459e-01 4.048734208619454190e-03 6.548754086458322021e+00
3.252000000000000313e+01 6.666602412766858832e-01 9.686328952526414016e-01 4.039785672695497994e-03 6.648092198211180914e+00
3.253000000000000114e+01 6.672117812021625127e-01 9.686777877309095119e-01 4.031008010677366096e-03 6.780216614388513641e+00
3.253999999999999915e+01 6.671179664164983425e-01 9.687136096658036655e-01 4.022365245973285978e-03 6.944147824529225410e+00
3.254999999999999716e+01 6.663658007827699681e-01 9.687396339396358025e-01 4.013802547647104223e-03 7.138015030954762530e+00
3.256000000000000227e+01 6.668217615258110742e-01 9.687551684371362715e-01 4.005241469342914890e-03 7.358797115302503578e+00
3.257000000000000028e+01 6.670690321870859085e-01 9.687595675278853902e-01 3.996575471909798172e-03 7.602179424482720549e+00
3.257999999999999829e+01 6.665691810531542139e-01 9.687522600742894952e-01 3.987666736702781198e-03 7.862472609928197187e+00
3.259000000000000341e+01 6.654807407264308194e-01 9.687327861082967173e-01 3.978345191078746894e-03 8.132837586239409333e+00
3.260000000000000142e+01 6.647003155800480512e-01 9.687008452837114758e-01 3.968411059573287089e-03 8.405644548018356588e+00
3.260999999999999943e+01 6.652527330862348931e-01 9.686563567702753952e-01 3.957641735948565567e-03 8.672641200631643343e+00
3.261999999999999744e+01 6.649924588179639828e-01 9.685995154867430568e-01 3.945803765150169250e-03 8.925114301071806366e+00
3.263000000000000256e+01 6.643169314481530696e-01 9.685308386043858242e-01 3.932669996379579286e-03 9.154116629180030884e+00
3.264000000000000057e+01 6.628102553006499642e-01 9.684511949836240863e-01 3.918040908906098192e-03 9.350904838402612995e+00
3.264999999999999858e+01 6.605870067907723131e-01 9.683618157484740196e-01 3.901768018819837952e-03 9.507643076539601168e+00
3.266000000000000369e+01 6.584225050140595226e-01 9.682642763197748526e-01 3.883776013930244353e-03 9.618264985235862596e+00
3.267000000000000171e+01 6.573718654309479437e-01 9.681604506161402002e-01 3.864079042768815697e-03 9.679272107268207748e+00
3.267999999999999972e+01 6.558550165775880458e-01 9.680524381216679686e-01 3.842787459118269296e-03 9.690243079720035624e+00
3.268999999999999773e+01 6.538889378080630088e-01 9.679424650082290027e-01 3.820102361391595168e-03 9.653928332529490675e+00
3.270000000000000284e+01 6.515393498988252263e-01 9.678327701649184212e-01 3.796297860096545761e-03 9.575917326692570342e+00
3.271000000000000085e+01 6.488372735636073196e-01 9.677254900893598188e-01 3.771694016341065568e-03 9.463914587427719738e+00
3.271999999999999886e+01 6.458488449341854842e-01 9.676225572136840647e-01 3.746625616040831150e-03 9.326767586275265032e+00
3.273000000000000398e+01 6.441200414499388405e-01 9.675256255931174998e-01 3.721412763773173944e-03 9.173413483488813469e+00
3.274000000000000199e+01 6.443332159376428114e-01 9.674360315233270224e-01 3.696338271313191065e-03 9.011944825846882168e+00
3.275000000000000000e+01 6.441412741945973242e-01 9.673547891561740109e-01 3.671634401904722185e-03 8.848980384559387957e+00
3.275999999999999801e+01 6.435252942943099352e-01 9.672826135459559049e-01 3.647478776728281958e-03 8.689468885671953302e+00
3.277000000000000313e+01 6.425067429150949083e-01 9.672199606060706278e-01 3.623997313201100801e-03 8.536913875742433433e+00
3.278000000000000114e+01 6.411132977452886905e-01 9.671670740703549596e-01 3.601271308518781342e-03 8.393842275507479300e+00
3.278999999999999915e+01 6.396560396069980170e-01 9.671240316270723891e-01 3.579346027296721917e-03 8.262251656283670087e+00
3.279999999999999716e+01 6.393542700832952619e-01 9.670907865109991119e-01 3.558238916889858768e-03 8.143792695107491042e+00
3.281000000000000227e+01 6.393429855967717179e-01 9.670672000144798774e-01 3.537946475813743153e-03 8.039627872965626310e+00
3.282000000000000028e+01 6.392806730690961947e-01 9.670530675694245515e-01 3.518449541648827669e-03 7.950043142292514631e+00
3.282999999999999829e+01 6.389874773191919211e-01 9.670481351382874680e-01 3.499717116018547479e-03 7.874064257475025030e+00
3.284000000000000341e+01 6.385841330165785701e-01 9.670521059253079921e-01 3.481709262115122508e-03 7.809304055676783207e+00
3.285000000000000142e+01 6.386655682217871055e-01 9.670646379005918281e-01 3.464379475630965238e-03 7.752148711104986489e+00
3.285999999999999943e+01 6.386097372424069940e-01 9.670853355615104396e-01 3.447676864412791125e-03 7.698256585057040802e+00
3.286999999999999744e+01 6.383950387148793482e-01 9.671137388672249591e-01 3.431548348046714689e-03 7.643232907523227482e+00
3.288000000000000256e+01 6.387589160841155023e-01 9.671493156576909112e-01 3.415940910582303258e-03 7.583246592816569098e+00
3.289000000000000057e+01 6.390786129600012355e-01 9.671914559512844178e-01 3.400803977554700801e-03 7.515550158409834758e+00
3.289999999999999858e+01 6.392273114266519007e-01 9.672394702449589321e-01 3.386091679762308869e-03 7.438754292013123326e+00
3.291000000000000369e+01 6.398956354475687780e-01 9.672925940004978296e-01 3.371764776008471208e-03 7.352912256069759955e+00
3.292000000000000171e+01 6.406577563835075262e-01 9.673499951838494537e-01 3.357792069538114051e-03 7.259432086041146981e+00
3.292999999999999972e+01 6.412455457121220004e-01 9.674107832728791045e-01 3.344151197082427703e-03 7.160881493434221312e+00
3.293999999999999773e+01 6.421770230040961813e-01 9.674740221428455023e-01 3.330828737566272468e-03 7.060713988187975687e+00
3.295000000000000284e+01 6.433074125891522499e-01 9.675387445066072623e-01 3.317819659516356087e-03 6.962973602058481148e+00
3.296000000000000085e+01 6.445902747860527970e-01 9.676039673130856222e-01 3.305126170395772823e-03 6.872001587474918516e+00
3.296999999999999886e+01 6.459888138579109595e-01 9.676687072090743857e-01 3.292756100178467499e-03 6.792167520607309328e+00
3.298000000000000398e+01 6.470988888735887956e-01 9.677319949078990735e-01 3.280721016209367080e-03 6.727636899791758829e+00
3.299000000000000199e+01 6.480129422882812129e-01 9.677928876137572578e-01 3.269034274252639351e-03 6.682179960236452665e+00
3.300000000000000000e+01 6.489791745161681558e-01 9.678504791777639005e-01 3.257709130505047432e-03 6.659025247691189087e+00
3.300999999999999801e+01 6.508657865417164512e-01 9.679039082468164912e-01 3.246756924302468279e-03 6.660758985326180159e+00
3.302000000000000313e+01 6.523848320161416137e-01 9.679523643825951318e-01 3.236185282053951739e-03 6.689268075127621671e+00
3.303000000000000114e+01 6.535976661517185482e-01 9.679950918414903516e-01 3.225996284630916131e-03 6.745720544987999112e+00
3.303999999999999915e+01 6.543386661516912284e-01 9.680313905700168586e-01 3.216184517881484628e-03 6.830574108093633079e+00
3.304999999999999716e+01 6.546121833970875992e-01 9.680606144920711476e-01 3.206734843436212512e-03 6.943591025405749129e+00
3.306000000000000227e+01 6.544330967093077156e-01 9.680821682323828004e-01 3.197619684787602994e-03 7.083837069372320272e+00
3.307000000000000028e+01 6.538472756118953733e-01 9.680955038819760716e-01 3.188795757525153193e-03 7.249601085550322566e+00
3.307999999999999829e+01 6.539666027913758617e-01 9.681001186405097103e-01 3.180200419918161655e-03 7.438259239796080280e+00
3.309000000000000341e+01 6.542152738896811481e-01 9.680955566746649588e-01 3.171748194640168841e-03 7.646133854639532323e+00
3.310000000000000142e+01 6.539238962262506893e-01 9.680814177841038370e-01 3.163328121648570530e-03 7.868335967978464573e+00
3.310999999999999943e+01 6.531191715639284023e-01 9.680573707141240103e-01 3.154802821483267215e-03 8.098937698259737417e+00
3.311999999999999744e+01 6.538753979520027793e-01 9.680231790808591086e-01 3.146010005643726237e-03 8.331271284951560219e+00
3.313000000000000256e+01 6.549002607276468435e-01 9.679787402253079431e-01 3.136766992995010037e-03 8.558282639782273549e+00
3.314000000000000057e+01 6.553844342460195538e-01 9.679241280602857156e-01 3.126878609361028686e-03 8.772873849438386884e+00
3.314999999999999858e+01 6.553690963159597427e-01 9.678596355087227820e-01 3.116148403620380182e-03 8.968109638524117244e+00
3.316000000000000369e+01 6.548140598899545584e-01 9.677858087374604512e-01 3.104392695904423585e-03 9.137376570826612365e+00
3.317000000000000171e+01 6.537190100257168623e-01 9.677034677447626798e-01 3.091456426285000159e-03 9.274623052814066071e+00
3.317999999999999972e+01 6.530840111305429296e-01 9.676137106837381374e-01 3.077229233053965785e-03 9.374739365869119823e+00
3.318999999999999773e+01 6.521650515185105634e-01 9.675178954358397698e-01 3.061659423916836958e-03 9.434043543929590214e+00
3.320000000000000284e+01 6.507942671575972504e-01 9.674176027512012555e-01 3.044763358216042142e-03 9.450739245623577034e+00
3.321000000000000085e+01 6.489686247380277440e-01 9.673145795079626241e-01 3.026628275199308611e-03 9.425224205375839048e+00
3.321999999999999886e+01 6.467317241013958995e-01 9.672106655355139360e-01 3.007407289584186627e-03 9.360155125210212645e+00
3.323000000000000398e+01 6.441761494816752309e-01 9.671077108697981872e-01 2.987306770695698135e-03 9.260232132636753377e+00
3.324000000000000199e+01 6.413066531485864807e-01 9.670074913311952347e-01 2.966567842298102609e-03 9.131737500346861935e+00
3.325000000000000000e+01 6.401464965650891514e-01 9.669116326019506769e-01 2.945444998849196683e-03 8.981878051096067850e+00
3.325999999999999801e+01 6.394696518059076462e-01 9.668215509249571404e-01 2.924185330541960708e-03 8.818041607946831562e+00
3.327000000000000313e+01 6.390257628176835292e-01 9.667384156095572001e-01 2.903011439598893791e-03 8.647106815304368865e+00
3.328000000000000114e+01 6.381801196798326803e-01 9.666631347102354610e-01 2.882109977642385336e-03 8.474940925702865613e+00
3.328999999999999915e+01 6.369425515861149023e-01 9.665963603846154939e-01 2.861626258866615136e-03 8.306181087508443639e+00
3.329999999999999716e+01 6.353307119421884863e-01 9.665385083524200560e-01 2.841664157251730556e-03 8.144308553078943191e+00
3.331000000000000227e+01 6.333863044814048715e-01 9.664897858239822614e-01 2.822289807341196027e-03 7.991912725829167563e+00
3.332000000000000028e+01 6.311730991223859499e-01 9.664502242274555233e-01 2.803537473692669334e-03 7.850965319075685400e+00
3.332999999999999829e+01 6.287013093868976110e-01 9.664197121833105752e-01 2.785416270472903816e-03 7.722952300827391703e+00
3.334000000000000341e+01 6.289812583058204121e-01 9.663980300301300286e-01 2.767916630889470479e-03 7.608776415658834225e+00
3.335000000000000142e+01 6.291403936540217456e-01 9.663848798396182938e-01 2.751015974706775245e-03 7.508530012639384132e+00
3.335999999999999943e+01 6.289428176598466091e-01 9.663799070934945279e-01 2.734683368615709043e-03 7.421302683184070048e+00
3.336999999999999744e+01 6.283885925960149832e-01 9.663827132464466452e-01 2.718883227480147630e-03 7.345162823923819140e+00
3.338000000000000256e+01 6.275161643159832270e-01 9.663928581572073240e-01 2.703578225373316248e-03 7.277383242026795429e+00
3.339000000000000057e+01 6.263288360187804216e-01 9.664098566770044085e-01 2.688731620307757610e-03 7.214818502397505107e+00
3.339999999999999858e+01 6.250834749384287514e-01 9.664331739322109538e-01 2.674309195310377828e-03 7.154346963939469894e+00
3.341000000000000369e+01 6.246836681114847911e-01 9.664622202444952404e-01 2.660280980850838594e-03 7.093290359418007007e+00
3.342000000000000171e+01 6.240383210299350614e-01 9.664963511094297743e-01 2.646622694510424381e-03 7.029719077134714666e+00
3.342999999999999972e+01 6.236649643967483447e-01 9.665348704041410999e-01 2.633316864854735699e-03 6.962646300139222255e+00
3.343999999999999773e+01 6.236605296111378260e-01 9.665770355857812302e-01 2.620353555515317519e-03 6.892108097806779021e+00
3.345000000000000284e+01 6.234106850286111889e-01 9.666220643364623610e-01 2.607730622675797586e-03 6.819133353320286695e+00
3.346000000000000085e+01 6.236598840501796914e-01 9.666691435047101155e-01 2.595453484821466129e-03 6.745623012144733366e+00
3.346999999999999886e+01 6.238760145936044221e-01 9.667174393428740187e-01 2.583534425154521141e-03 6.674166481800013706e+00
3.348000000000000398e+01 6.246085146716817693e-01 9.667661087060398506e-01 2.571991476794917384e-03 6.607821629991065926e+00
3.349000000000000199e+01 6.256964457046231276e-01 9.668143104903070828e-01 2.560846974887859111e-03 6.549887524928283966e+00
3.350000000000000000e+01 6.270806367492397504e-01 9.668612165113017465e-01 2.550125890272475840e-03 6.503689230267099219e+00
3.350999999999999801e+01 6.283463130837627642e-01 9.669060211318403208e-01 2.539854080372081196e-03 6.472387180769059611e+00
3.352000000000000313e+01 6.293703597209142631e-01 9.669479493655839253e-01 2.530056572878441011e-03 6.458819101436581889e+00
3.353000000000000114e+01 6.301178344739292170e-01 9.669862633931451956e-01 2.520755938148526703e-03 6.465377869574921554e+00
3.353999999999999915e+01 6.308977239428087413e-01 9.670202677424074578e-01 2.511970738516223958e-03 6.493926254738810577e+00
3.354999999999999716e+01 6.324845773647163050e-01 9.670493131891119143e-01 2.503714004959293592e-03 6.545747125559493895e+00
3.356000000000000227e+01 6.338331998985817783e-01 9.670727991472424234e-01 2.495991683110734567e-03 6.621524547252819026e+00
3.357000000000000028e+01 6.347926630446620866e-01 9.670901743749149571e-01 2.488800969479376332e-03 6.721344861659165559e+00
3.357999999999999829e+01 6.353282685554059173e-01 9.671009363735389996e-01 2.482128409814006627e-03 6.844701177766999045e+00
3.359000000000000341e+01 6.354369298158417667e-01 9.671046295484868605e-01 2.475947624296749756e-03 6.990471754950474015e+00
3.360000000000000142e+01 6.352384850183973031e-01 9.671008437685293391e-01 2.470216616986695146e-03 7.156828587543376585e+00
3.360999999999999943e+01 6.345629178238741952e-01 9.670892138025088958e-01 2.464874862817098295e-03 7.341151423827009914e+00
3.361999999999999744e+01 6.344790189751364773e-01 9.670694219994541152e-01 2.459840608617841484e-03 7.539830055645341922e+00
3.363000000000000256e+01 6.350035069305577373e-01 9.670412028294378404e-01 2.455008996252876479e-03 7.748213618872267894e+00
3.364000000000000057e+01 6.349950457578554808e-01 9.670043527248027848e-01 2.450251785127277940e-03 7.960731672681554905e+00
3.364999999999999858e+01 6.350212412556652808e-01 9.669587509839049355e-01 2.445419210855875186e-03 8.171127636230558267e+00
3.366000000000000369e+01 6.363562043054288297e-01 9.669043891560387127e-01 2.440344486910796511e-03 8.372836880266500970e+00
3.367000000000000171e+01 6.373153652806280434e-01 9.668414057062870715e-01 2.434851087417278306e-03 8.559363928937845145e+00
3.367999999999999972e+01 6.377975381670650812e-01 9.667701228927212398e-01 2.428762620350771728e-03 8.724551560668983186e+00
3.368999999999999773e+01 6.378114298873946986e-01 9.666910776391055560e-01 2.421914760415025489e-03 8.862775749646839785e+00
3.370000000000000284e+01 6.373882696560919658e-01 9.666050419685493500e-01 2.414168337655809519e-03 8.969132208384916538e+00
3.371000000000000085e+01 6.372220530250359838e-01 9.665130286289062012e-01 2.405422268147748305e-03 9.039684694823723277e+00
3.371999999999999886e+01 6.369145525654835716e-01 9.664162777538291005e-01 2.395624608777200369e-03 9.071778389914245011e+00
3.373000000000000398e+01 6.362041190689115000e-01 9.663162259480349014e-01 2.384779806456364427e-03 9.064354663668984458e+00
3.374000000000000199e+01 6.350577517100914893e-01 9.662144581476357352e-01 2.372950727264946155e-03 9.018172886943400357e+00
3.375000000000000000e+01 6.335156776086190433e-01 9.661126451137845850e-01 2.360254518055621836e-03 8.935859800413206600e+00
3.375999999999999801e+01 6.316687655648053346e-01 9.660124722009914011e-01 2.346852455617976473e-03 8.821744469880218986e+00
3.377000000000000313e+01 6.295020569429770063e-01 9.659155663633487432e-01 2.332935078034488116e-03 8.681484309170187430e+00
3.378000000000000114e+01 6.275792510585929129e-01 9.658234288782933108e-01 2.318704815053683390e-03 8.521527614967590480e+00
3.378999999999999915e+01 6.273896610557723186e-01 9.657373807549586298e-01 2.304358771557432368e-03 8.348497048635765694e+00
3.379999999999999716e+01 6.268542142581174925e-01 9.656585254157383780e-01 2.290074099180194021e-03 8.168607032004354451e+00
3.381000000000000227e+01 6.265077017756091049e-01 9.655877297788940661e-01 2.275997613559517952e-03 7.987232101189391642e+00
3.382000000000000028e+01 6.259304669363718876e-01 9.655256217811892805e-01 2.262240268340463996e-03 7.808706987642001884e+00
3.382999999999999829e+01 6.250013519441017795e-01 9.654726011955762077e-01 2.248876141220244179e-03 7.636358700632440488e+00
3.384000000000000341e+01 6.237609645294627247e-01 9.654288574720504279e-01 2.235944997920298605e-03 7.472703731361979962e+00
3.385000000000000142e+01 6.225197954464395389e-01 9.653943964025452074e-01 2.223457266868569208e-03 7.319623470297178969e+00
3.385999999999999943e+01 6.218453177100722318e-01 9.653690709039057793e-01 2.211400197636612889e-03 7.178417146337253918e+00
3.386999999999999744e+01 6.216527623931464852e-01 9.653526124165295874e-01 2.199744338995326606e-03 7.049706124294091047e+00
3.388000000000000256e+01 6.220942049144434494e-01 9.653446604934184938e-01 2.188449670355756011e-03 6.933289006704971058e+00
3.389000000000000057e+01 6.222687285212766817e-01 9.653447847089765554e-01 2.177470988756287276e-03 6.828101287591785251e+00
3.389999999999999858e+01 6.221287338512256904e-01 9.653524983937533666e-01 2.166762366130817533e-03 6.732340737287389132e+00
3.391000000000000369e+01 6.216630840039735206e-01 9.653672615618802411e-01 2.156280809982047582e-03 6.643769793777549282e+00
3.392000000000000171e+01 6.208865236420479938e-01 9.653884825274714476e-01 2.145989130710530997e-03 6.560066973970491766e+00
3.392999999999999972e+01 6.198183899350007131e-01 9.654155201862197888e-01 2.135858116141175697e-03 6.479119569202662632e+00
3.393999999999999773e+01 6.188681393531424435e-01 9.654476889738061729e-01 2.125868063378073998e-03 6.399247792628312226e+00
3.395000000000000284e+01 6.179023599736839234e-01 9.654842659552884676e-01 2.116009696765359677e-03 6.319368635151828784e+00
3.396000000000000085e+01 6.170356939962610143e-01 9.655244989153759505e-01 2.106284484363629434e-03 6.239105093427171234e+00
3.396999999999999886e+01 6.179396052552500462e-01 9.655676142856099986e-01 2.096704387462622766e-03 6.158831807711423245e+00
3.398000000000000398e+01 6.219863185326102162e-01 9.656128263770905606e-01 2.087291114457958535e-03 6.079654157344704046e+00
3.399000000000000199e+01 6.263196649144207040e-01 9.656593460082404379e-01 2.078074959445992340e-03 6.003311240455757591e+00
3.400000000000000000e+01 6.296959611827659398e-01 9.657063887314429884e-01 2.069093322053953965e-03 5.932030040890629685e+00
3.400999999999999801e+01 6.320690817563006103e-01 9.657531832125180182e-01 2.060389043062938776e-03 5.868376952759104093e+00
3.402000000000000313e+01 6.334531394062380416e-01 9.657989795810455469e-01 2.052008643851754160e-03 5.815075048348099074e+00
3.403000000000000114e+01 6.338625530410151310e-01 9.658430558166246627e-01 2.044000575271442272e-03 5.774849492389736660e+00
3.403999999999999915e+01 6.332826347841079562e-01 9.658847228887730285e-01 2.036413563266307666e-03 5.750297033603326113e+00
3.404999999999999716e+01 6.317844554026432746e-01 9.659233281531957038e-01 2.029295100053985466e-03 5.743772716098956899e+00
3.406000000000000227e+01 6.293596185908141294e-01 9.659582572061993222e-01 2.022690091686089875e-03 5.757293662538923940e+00
3.407000000000000028e+01 6.260466360186844881e-01 9.659889366139309264e-01 2.016639610634293756e-03 5.792456536667899059e+00
3.407999999999999829e+01 6.257031323109373266e-01 9.660148331548105149e-01 2.011179666072852347e-03 5.850367909796086785e+00
3.409000000000000341e+01 6.259569716925220684e-01 9.660354532613458778e-01 2.006339949881611948e-03 5.931643791907773355e+00
3.410000000000000142e+01 6.259798603939621398e-01 9.660503416366431617e-01 2.002142479423005359e-03 6.036413474071101071e+00
3.410999999999999943e+01 6.256483075661770643e-01 9.660590794815350213e-01 1.998600042769033656e-03 6.164315835206918059e+00
3.411999999999999744e+01 6.250090845286130348e-01 9.660612824247210018e-01 1.995714349479825282e-03 6.314500667445384074e+00
3.413000000000000256e+01 6.241075374880507010e-01 9.660565983214824959e-01 1.993473763668123910e-03 6.485605648631237230e+00
3.414000000000000057e+01 6.237960393177538476e-01 9.660447057742345134e-01 1.991850597061986528e-03 6.675662968989136026e+00
3.414999999999999858e+01 6.241256574575004823e-01 9.660253134846085166e-01 1.990798121330781580e-03 6.881954725247350524e+00
3.416000000000000369e+01 6.239401354641058717e-01 9.659981637402673682e-01 1.990247731979026980e-03 7.100876248936524249e+00
3.417000000000000171e+01 6.251270604389279617e-01 9.659630404611471155e-01 1.990106794231593420e-03 7.327785369868465182e+00
3.417999999999999972e+01 6.262531995023723486e-01 9.659197805795881608e-01 1.990257937315457505e-03 7.557108616148692448e+00
3.418999999999999773e+01 6.267147446239270669e-01 9.658682960566831177e-01 1.990560385017884487e-03 7.782551704210135313e+00
3.420000000000000284e+01 6.269617944940042431e-01 9.658086057863543017e-01 1.990853833855799841e-03 7.997409171899879432e+00
3.421000000000000085e+01 6.267555731913365680e-01 9.657408731534488089e-01 1.990965187143464710e-03 8.194930131236503712e+00
3.421999999999999886e+01 6.271750020721356123e-01 9.656654455064997977e-01 1.990718083465404555e-03 8.368622292230257997e+00
3.423000000000000398e+01 6.274414026727375138e-01 9.655828898734069021e-01 1.989944801853616059e-03 8.512497972324377216e+00
3.424000000000000199e+01 6.272782895209254583e-01 9.654940179772800724e-01 1.988499671777963461e-03 8.621327830944553128e+00
3.425000000000000000e+01 6.267205724018622970e-01 9.653998957479802412e-01 1.986272615805691460e-03 8.690947251883732960e+00
3.425999999999999801e+01 6.258146449159291969e-01 9.653018336752720030e-01 1.983201061277351223e-03 8.718612310208236238e+00
3.427000000000000313e+01 6.245331344451037214e-01 9.652013550835452094e-01 1.979278026748129866e-03 8.703349126759103882e+00
3.428000000000000114e+01 6.243518289063917370e-01 9.651001453127846519e-01 1.974554635001712563e-03 8.646186853969616948e+00
3.428999999999999915e+01 6.245981938336201411e-01 9.649999834593434578e-01 1.969135970217189471e-03 8.550195330336594068e+00
3.430000000000000426e+01 6.246993548879433700e-01 9.649026634049513440e-01 1.963170308783743559e-03 8.420272829853756136e+00
3.431000000000000227e+01 6.246576171977649139e-01 9.648099123319207049e-01 1.956833128448106154e-03 8.262690192425935720e+00
3.432000000000000028e+01 6.245290311741461542e-01 9.647233159056749496e-01 1.950308404525789375e-03 8.084451978902800207e+00
3.432999999999999829e+01 6.243085009612047154e-01 9.646442581001477556e-01 1.943770208094486784e-03 7.892584931228909362e+00
3.434000000000000341e+01 6.240546464216036870e-01 9.645738808659537478e-01 1.937367350148363815e-03 7.693495854301694692e+00
3.435000000000000142e+01 6.237431911888997593e-01 9.645130646550956754e-01 1.931212881362365111e-03 7.492537949431321564e+00
3.435999999999999943e+01 6.233617920463173645e-01 9.644624255527298740e-01 1.925379047200400122e-03 7.293881258417460600e+00
3.436999999999999744e+01 6.229412298266499004e-01 9.644223269403554566e-01 1.919897301006266623e-03 7.100637468843773448e+00
3.438000000000000256e+01 6.225440185576980312e-01 9.643929022734933909e-01 1.914762177669769279e-03 6.915090397178057735e+00
3.439000000000000057e+01 6.221615192086898949e-01 9.643740843878474411e-01 1.909937794067274831e-03 6.738850523201426412e+00
3.439999999999999858e+01 6.217630791421109304e-01 9.643656406753270405e-01 1.905365727772110815e-03 6.572834423590030006e+00
3.441000000000000369e+01 6.215787958145743142e-01 9.643672096168161012e-01 1.900973117322797990e-03 6.417120564657118997e+00
3.442000000000000171e+01 6.216012519520803803e-01 9.643783278435137385e-01 1.896680343067340142e-03 6.270908742325735474e+00
3.442999999999999972e+01 6.214733176736678688e-01 9.643984477784810494e-01 1.892407818794162493e-03 6.132737006807721158e+00
3.443999999999999773e+01 6.211388115796804277e-01 9.644269445351371095e-01 1.888081699783045533e-03 6.000832253082749368e+00
3.445000000000000284e+01 6.206245340700587976e-01 9.644631194687024456e-01 1.883638479871982407e-03 5.873440906539488360e+00
3.446000000000000085e+01 6.209974274629899149e-01 9.645062087746825163e-01 1.879028448809295752e-03 5.749035195296574585e+00
3.446999999999999886e+01 6.240254681323268438e-01 9.645553973278013782e-01 1.874217988067095227e-03 5.626441865464729020e+00
3.448000000000000398e+01 6.313211418846803591e-01 9.646098319478372263e-01 1.869190683915003797e-03 5.504889045598629238e+00
3.449000000000000199e+01 6.376935195470758710e-01 9.646686373043362739e-01 1.863947332165791747e-03 5.384108940000706944e+00
3.450000000000000000e+01 6.447687080113541080e-01 9.647309279137501470e-01 1.858505019291075127e-03 5.264453150537184101e+00
3.450999999999999801e+01 6.511373357764058678e-01 9.647958195286768790e-01 1.852895449616584651e-03 5.146910992784331285e+00
3.452000000000000313e+01 6.564003040903503283e-01 9.648624406519782370e-01 1.847162716975324012e-03 5.033065577117280753e+00
3.453000000000000114e+01 6.605105835087062838e-01 9.649299424802456615e-01 1.841360778887772423e-03 4.925008887555704540e+00
3.453999999999999915e+01 6.636696943759287093e-01 9.649975076962931109e-01 1.835550864837996602e-03 4.825206143343451437e+00
3.455000000000000426e+01 6.657925329490343991e-01 9.650643580775131181e-01 1.829799013276495146e-03 4.736341488216526230e+00
3.456000000000000227e+01 6.667445856174732954e-01 9.651297600585966308e-01 1.824173885899418174e-03 4.661176304928622116e+00
3.457000000000000028e+01 6.667497240685341664e-01 9.651930282042102682e-01 1.818744945406324150e-03 4.602425320705776812e+00
3.457999999999999829e+01 6.658719830744862511e-01 9.652535265102376583e-01 1.813581023519482026e-03 4.562650971429243363e+00
3.459000000000000341e+01 6.642166662087267692e-01 9.653106675980269724e-01 1.808749252517138830e-03 4.544174926886046073e+00
3.460000000000000142e+01 6.617105733084011066e-01 9.653639101130123690e-01 1.804314280966958471e-03 4.549002781486412239e+00
3.460999999999999943e+01 6.585561523208982582e-01 9.654127546307790242e-01 1.800337650855193036e-03 4.578762705279917355e+00
3.461999999999999744e+01 6.546713639303091137e-01 9.654567385405461444e-01 1.796877184221186809e-03 4.634655945498940888e+00
3.463000000000000256e+01 6.501034516411349218e-01 9.654954308170158317e-01 1.793986253025960228e-03 4.717435733177279822e+00
3.464000000000000057e+01 6.449069785834351531e-01 9.655284251857534361e-01 1.791712860230940726e-03 4.827430194337622993e+00
3.464999999999999858e+01 6.391463705206342771e-01 9.655553336647495488e-01 1.790098542177456092e-03 4.964579819060619847e+00
3.466000000000000369e+01 6.330903643302758788e-01 9.655757813365601905e-01 1.789176944871383786e-03 5.128397652075288526e+00
3.467000000000000171e+01 6.282416302370423811e-01 9.655893972908158318e-01 1.788972056384756240e-03 5.318009801618027943e+00
3.467999999999999972e+01 6.289852871848352622e-01 9.655958055431698162e-01 1.789495907811159466e-03 5.532227046979448559e+00
3.468999999999999773e+01 6.296779311380380495e-01 9.655946200973994920e-01 1.790745524627926008e-03 5.769415556870352013e+00
3.470000000000000284e+01 6.303326416603615145e-01 9.655854413743011344e-01 1.792699234624099908e-03 6.027308722100911176e+00
3.471000000000000085e+01 6.308796754729926182e-01 9.655678586292716359e-01 1.795312626288432002e-03 6.302803901036730494e+00
3.471999999999999886e+01 6.313715898618227351e-01 9.655414538906552657e-01 1.798514595966243124e-03 6.591746246914864216e+00
3.473000000000000398e+01 6.317946522228796713e-01 9.655058217767238382e-01 1.802204109988547309e-03 6.888890851074482846e+00
3.474000000000000199e+01 6.320287964963519078e-01 9.654606050866841871e-01 1.806248461093812752e-03 7.187925117612564030e+00
3.475000000000000000e+01 6.320389342908230290e-01 9.654055373440161292e-01 1.810483886165078701e-03 7.481739357572093851e+00
3.475999999999999801e+01 6.318347613553356723e-01 9.653405001266893715e-01 1.814719451640991110e-03 7.762643207954892155e+00
3.477000000000000313e+01 6.316678291303682302e-01 9.652655888684285035e-01 1.818744940533923490e-03 8.022502209687978336e+00
3.478000000000000114e+01 6.312682163624295795e-01 9.651811757283619286e-01 1.822343340041000055e-03 8.252949225497749453e+00
3.478999999999999915e+01 6.306754720057141661e-01 9.650879635398564860e-01 1.825307847733927732e-03 8.445719640819874030e+00
3.480000000000000426e+01 6.302612302394005050e-01 9.649870214652039868e-01 1.827462334870985508e-03 8.593208437857541071e+00
3.481000000000000227e+01 6.296972391392463564e-01 9.648797963710952219e-01 1.828682998546448529e-03 8.689236144540831930e+00
3.482000000000000028e+01 6.297598741081155138e-01 9.647680929212035794e-01 1.828917779149415775e-03 8.729885012161400226e+00
3.482999999999999829e+01 6.297450049729569344e-01 9.646540170068158560e-01 1.828199069819478944e-03 8.714211208595887825e+00
3.484000000000000341e+01 6.296651795879879554e-01 9.645398871368608962e-01 1.826645991344568506e-03 8.644601030012745824e+00
3.485000000000000142e+01 6.295738658621419237e-01 9.644281180093451367e-01 1.824454169782165416e-03 8.526653104785832937e+00
3.485999999999999943e+01 6.294887309848715695e-01 9.643210906314283459e-01 1.821873762370782718e-03 8.368554326389070042e+00
3.486999999999999744e+01 6.294266096566235591e-01 9.642210264853617874e-01 1.819179558938751381e-03 8.180041977768159001e+00
3.488000000000000256e+01 6.293771438496211790e-01 9.641298838331728849e-01 1.816639030074397500e-03 7.971143876382076776e+00
3.489000000000000057e+01 6.293135255293044183e-01 9.640492889628708983e-01 1.814484363806341278e-03 7.750961027452533791e+00
3.489999999999999858e+01 6.292451730714189173e-01 9.639805057188447490e-01 1.812892807903244497e-03 7.526784873057845715e+00
3.491000000000000369e+01 6.292195510347851073e-01 9.639244371661406241e-01 1.811976849740569873e-03 7.303774766894933990e+00
3.492000000000000171e+01 6.292564026573498337e-01 9.638816446270892513e-01 1.811783350473980970e-03 7.085259166298197187e+00
3.492999999999999972e+01 6.292900907344128880e-01 9.638523808978444185e-01 1.812299351165564797e-03 6.873360643895034094e+00
3.493999999999999773e+01 6.293149406603443241e-01 9.638366281387091838e-01 1.813462057110096660e-03 6.669532100591865742e+00
3.495000000000000284e+01 6.293517176208651698e-01 9.638341438950610573e-01 1.815171031495137199e-03 6.474613083106452116e+00
3.496000000000000085e+01 6.295143006753594062e-01 9.638445124639156703e-01 1.817300876045694962e-03 6.288413746939632176e+00
3.496999999999999886e+01 6.297166214229270587e-01 9.638671881536350350e-01 1.819713410420567036e-03 6.109417235900821197e+00
3.498000000000000398e+01 6.300621352352157034e-01 9.639015183993873137e-01 1.822268576307178780e-03 5.935045871186724220e+00
3.499000000000000199e+01 6.316544495522610214e-01 9.639467420890016625e-01 1.824833871035617863e-03 5.762436868902129916e+00
3.500000000000000000e+01 6.332651509450564209e-01 9.640019878364854966e-01 1.827292252733545789e-03 5.589221139445317732e+00
3.500999999999999801e+01 6.416259779434354549e-01 9.640662785861993100e-01 1.829548291185181287e-03 5.413825463937059546e+00
3.502000000000000313e+01 6.518141896502301913e-01 9.641385566903397653e-01 1.831532225015458822e-03 5.235435002497868417e+00
3.503000000000000114e+01 6.614934043661712115e-01 9.642177119293868781e-01 1.833201766103955462e-03 5.053986855602559558e+00
3.503999999999999915e+01 6.719814324926997040e-01 9.643026070800987393e-01 1.834541704249701820e-03 4.870180845907605693e+00
3.505000000000000426e+01 6.811042330334441397e-01 9.643921001011730443e-01 1.835561559068240797e-03 4.685455570965061156e+00
3.506000000000000227e+01 6.888361022612937701e-01 9.644850632178296745e-01 1.836291743819830043e-03 4.501897753757445386e+00
3.507000000000000028e+01 6.951933332070520111e-01 9.645804029973827909e-01 1.836778828935762328e-03 4.322149166393694841e+00
3.507999999999999829e+01 7.003713358838066227e-01 9.646770764714441837e-01 1.837080297009854694e-03 4.149193443237947143e+00
3.509000000000000341e+01 7.042778207131205059e-01 9.647741016008062331e-01 1.837259679551365640e-03 3.986191784269975447e+00
3.510000000000000142e+01 7.069822456551068113e-01 9.648705662215659729e-01 1.837382359700584890e-03 3.836368256324079518e+00
3.510999999999999943e+01 7.085699163552763302e-01 9.649656327688235224e-01 1.837512333575967976e-03 3.702907222594769454e+00
3.511999999999999744e+01 7.091099353349287204e-01 9.650585383844437759e-01 1.837710089580856182e-03 3.588875849435143373e+00
3.513000000000000256e+01 7.088740576392260628e-01 9.651485913807091865e-01 1.838031547220220262e-03 3.497143789185078067e+00
3.514000000000000057e+01 7.078527175287554485e-01 9.652351652344882682e-01 1.838527867165494533e-03 3.430311098042253981e+00
3.514999999999999858e+01 7.060297318319267434e-01 9.653176899544985146e-01 1.839245888288248282e-03 3.390651896909986807e+00
3.516000000000000369e+01 7.034699589348198945e-01 9.653956410368862429e-01 1.840228865501762016e-03 3.380051628449677104e+00
3.517000000000000171e+01 7.003206648883729679e-01 9.654685277931301934e-01 1.841517264040303924e-03 3.399997878090778691e+00
3.517999999999999972e+01 6.965316461049455565e-01 9.655358838793517418e-01 1.843149162025470387e-03 3.451542321937692837e+00
3.518999999999999773e+01 6.921947369726683119e-01 9.655972520390703195e-01 1.845160345156386314e-03 3.535257756560212350e+00
3.520000000000000284e+01 6.875451574453267378e-01 9.656521715746466672e-01 1.847584074175883523e-03 3.651303410923569803e+00
3.521000000000000085e+01 6.823976707274256315e-01 9.657001645622070862e-01 1.850450566498128366e-03 3.799510333505339954e+00
3.521999999999999886e+01 6.767889190806241073e-01 9.657407220333439346e-01 1.853786277958846974e-03 3.979515538737550706e+00
3.523000000000000398e+01 6.707406404867779504e-01 9.657732858305726475e-01 1.857612801605939851e-03 4.190903777867448277e+00
3.524000000000000199e+01 6.643590123809506309e-01 9.657972397816172450e-01 1.861944986850326209e-03 4.433181412058970317e+00
3.525000000000000000e+01 6.583110458206148374e-01 9.658118978640726215e-01 1.866788001934552863e-03 4.705614713158995599e+00
3.525999999999999801e+01 6.589702728822405264e-01 9.658165003820546879e-01 1.872133135566482953e-03 5.006994211400995098e+00
3.527000000000000313e+01 6.590942285546136370e-01 9.658102245356390281e-01 1.877952267247018359e-03 5.335277643961456207e+00
3.528000000000000114e+01 6.585563236464339054e-01 9.657922090794087699e-01 1.884191116897576592e-03 5.687198835860186819e+00
3.528999999999999915e+01 6.573197749466114237e-01 9.657616013724411586e-01 1.890761858986340091e-03 6.058054716173037590e+00
3.530000000000000426e+01 6.556120923031663050e-01 9.657176136663490063e-01 1.897536142758352896e-03 6.441575755755347465e+00
3.531000000000000227e+01 6.532881436490864946e-01 9.656596098857020971e-01 1.904340150235220991e-03 6.829760269786481430e+00
3.532000000000000028e+01 6.505858042607374214e-01 9.655872022773137608e-01 1.910953815693162061e-03 7.212640361507721032e+00
3.532999999999999829e+01 6.497083145717199582e-01 9.655003460788001979e-01 1.917116873231205403e-03 7.578324106534538807e+00
3.534000000000000341e+01 6.481741951251914768e-01 9.653994385911008891e-01 1.922544206461432358e-03 7.913217411372857946e+00
3.535000000000000142e+01 6.466300929599995140e-01 9.652854046904145724e-01 1.926952469825481476e-03 8.202906104287391642e+00
3.535999999999999943e+01 6.446210423151729207e-01 9.651597525993100835e-01 1.930097616086414499e-03 8.433757270091055247e+00
3.536999999999999744e+01 6.420536327635455454e-01 9.650245875217651204e-01 1.931818712515654627e-03 8.594928287339662631e+00
3.538000000000000256e+01 6.401544863977229882e-01 9.648825623556809283e-01 1.932078902113079383e-03 8.680319646978162496e+00
3.539000000000000057e+01 6.396189256929013522e-01 9.647367587952817569e-01 1.930991071083096831e-03 8.689877532512548797e+00
3.539999999999999858e+01 6.388716119456748777e-01 9.645905068782230085e-01 1.928818360900643467e-03 8.629745910781293716e+00
3.541000000000000369e+01 6.390330378672769429e-01 9.644471649650772083e-01 1.925946084137534608e-03 8.511207060303688010e+00
3.542000000000000171e+01 6.391536024001253091e-01 9.643099012409763748e-01 1.922831151958711736e-03 8.348675567975513800e+00
3.542999999999999972e+01 6.389258481674419121e-01 9.641815162893827562e-01 1.919942348488372494e-03 8.157358123424064189e+00
3.543999999999999773e+01 6.383606335821151445e-01 9.640643353019417994e-01 1.917706435806747819e-03 7.951158626989773381e+00
3.545000000000000284e+01 6.376221893497031612e-01 9.639601772877258723e-01 1.916470703995796099e-03 7.741228484302714818e+00
3.546000000000000085e+01 6.366922755396164924e-01 9.638703871800393674e-01 1.916485035431094146e-03 7.535322880085044694e+00
3.546999999999999886e+01 6.367682837001501506e-01 9.637958999120701531e-01 1.917899973281078597e-03 7.337985672734670395e+00
3.548000000000000398e+01 6.379275352999477233e-01 9.637373071361537979e-01 1.920774557878620562e-03 7.151373885395927665e+00
3.549000000000000199e+01 6.388386070870856193e-01 9.636949065553684912e-01 1.925088439947076095e-03 6.976354400770738984e+00
3.550000000000000000e+01 6.395004220473979872e-01 9.636687283206252230e-01 1.930755374263594219e-03 6.813325361114988432e+00
3.550999999999999801e+01 6.413887656540119275e-01 9.636585611290191533e-01 1.937636990684067943e-03 6.662174177367687911e+00
3.552000000000000313e+01 6.434571980462447938e-01 9.636639888373319529e-01 1.945556762375300671e-03 6.521332476550651513e+00
3.553000000000000114e+01 6.453977553189432781e-01 9.636844462798277444e-01 1.954313871454674539e-03 6.386501928612386081e+00
3.553999999999999915e+01 6.471739081755252254e-01 9.637192655378089556e-01 1.963696567293656513e-03 6.250438872416280489e+00
3.555000000000000426e+01 6.487390049764820699e-01 9.637676835252172447e-01 1.973494438662036932e-03 6.104481079651144171e+00
3.556000000000000227e+01 6.501558168393302140e-01 9.638288115879876106e-01 1.983509518737465796e-03 5.941126486748721014e+00
3.557000000000000028e+01 6.516964334700060535e-01 9.639016135080868963e-01 1.993566050262276981e-03 5.756025659489479196e+00
3.557999999999999829e+01 6.646104199052446093e-01 9.639849131248549030e-01 2.003518134067874563e-03 5.548384531123155661e+00
3.559000000000000341e+01 6.774110279870763085e-01 9.640774344465120604e-01 2.013254427949300041e-03 5.320328592566771597e+00
3.560000000000000142e+01 6.908768996921600403e-01 9.641778414686517085e-01 2.022699574379989949e-03 5.076003213891816301e+00
3.560999999999999943e+01 7.027222708323014322e-01 9.642847711438943259e-01 2.031812461586591026e-03 4.820648946202231500e+00
3.561999999999999744e+01 7.128417820689655349e-01 9.643968597269199083e-01 2.040581892264967286e-03 4.559820608229966155e+00
3.563000000000000256e+01 7.215184484450510860e-01 9.645127728915955378e-01 2.049020345622231710e-03 4.298946603127656196e+00
3.564000000000000057e+01 7.286131884102311496e-01 9.646312256350361158e-01 2.057156503630189724e-03 4.043000547415956270e+00
3.564999999999999858e+01 7.341424397829541260e-01 9.647509981669926127e-01 2.065027949022225050e-03 3.796509554165622635e+00
3.566000000000000369e+01 7.381914522474630758e-01 9.648709493964695572e-01 2.072674641607518894e-03 3.563665892912545985e+00
3.567000000000000171e+01 7.408888895045729894e-01 9.649900254774282926e-01 2.080133991770167362e-03 3.348431262756562887e+00
3.567999999999999972e+01 7.424565884466360899e-01 9.651072599101621075e-01 2.087437955979479752e-03 3.154571101695595736e+00
3.568999999999999773e+01 7.429596604725277054e-01 9.652217689231415987e-01 2.094612162861230181e-03 2.985638436069528279e+00
3.570000000000000284e+01 7.425959645180876256e-01 9.653327426364946007e-01 2.101676723995316194e-03 2.844921161188820768e+00
3.571000000000000085e+01 7.413350294448628475e-01 9.654394331959151865e-01 2.108648127947508350e-03 2.735350212060216446e+00
3.571999999999999886e+01 7.391892678311025033e-01 9.655411402452400704e-01 2.115541625599781910e-03 2.659483115051063606e+00
3.573000000000000398e+01 7.361997108289729530e-01 9.656371945749090413e-01 2.122373634189579205e-03 2.619424869406561385e+00
3.574000000000000199e+01 7.324737081454844034e-01 9.657269398668483218e-01 2.129163819069286243e-03 2.616755436244252664e+00
3.575000000000000000e+01 7.280984142482086474e-01 9.658097143436513710e-01 2.135936603772064634e-03 2.652550146347466331e+00
3.575999999999999801e+01 7.231485829390684739e-01 9.658848359194355249e-01 2.142722172670212880e-03 2.727529292930462201e+00
3.577000000000000313e+01 7.176653721643257988e-01 9.659515911735667704e-01 2.149556666139663345e-03 2.842090318228280843e+00
3.578000000000000114e+01 7.114424552181156658e-01 9.660092152112302877e-01 2.156482018868878178e-03 2.996436368344053136e+00
3.578999999999999915e+01 7.044383639441147427e-01 9.660568769288766511e-01 2.163545087981402770e-03 3.190813889763997047e+00
3.580000000000000426e+01 6.968258489010504819e-01 9.660936677297353725e-01 2.170795537423495999e-03 3.425630717956959170e+00
3.581000000000000227e+01 6.882375934823362629e-01 9.661185967082295267e-01 2.178282053416023475e-03 3.701318791021197541e+00
3.582000000000000028e+01 6.817597550196926592e-01 9.661306074417306267e-01 2.186046122695801085e-03 4.017844648040910016e+00
3.582999999999999829e+01 6.814741975307750943e-01 9.661286073275084929e-01 2.194113056581091514e-03 4.374032501404643725e+00
3.584000000000000341e+01 6.803549540175949373e-01 9.661115109477450558e-01 2.202480216280108555e-03 4.766899890733103717e+00
3.585000000000000142e+01 6.786743603694985749e-01 9.660783052133632420e-01 2.211103407546741000e-03 5.191189529038234163e+00
3.585999999999999943e+01 6.761776260533790550e-01 9.660281400691929088e-01 2.219883212806060720e-03 5.638904600714046644e+00
3.586999999999999744e+01 6.729047281490310173e-01 9.659604231314888878e-01 2.228654286735410640e-03 6.098845779789481725e+00
3.588000000000000256e+01 6.696600616505764547e-01 9.658749510097460744e-01 2.237181849975749919e-03 6.556289011224672336e+00
3.589000000000000057e+01 6.680955625136881793e-01 9.657720248410518460e-01 2.245170622047772558e-03 6.993345469706385487e+00
3.589999999999999858e+01 6.661712414247473735e-01 9.656525648787745997e-01 2.252291657766705268e-03 7.390128945040845387e+00
3.591000000000000369e+01 6.638367703590974944e-01 9.655182005707897419e-01 2.258229553948927579e-03 7.726942264189230691e+00
3.592000000000000171e+01 6.610199926334832110e-01 9.653712977055638467e-01 2.262745760367045403e-03 7.987463499038697456e+00
3.592999999999999972e+01 6.577068212267196401e-01 9.652148984077112415e-01 2.265743635094995441e-03 8.161955758371139069e+00
3.593999999999999773e+01 6.539954624733540500e-01 9.650525525132971350e-01 2.267313570259719187e-03 8.249353482056022813e+00
3.595000000000000284e+01 6.525884209158988591e-01 9.648880661517728052e-01 2.267739693922819766e-03 8.257284122391915560e+00
3.596000000000000085e+01 6.535360229550499778e-01 9.647252121277194448e-01 2.267463002937107966e-03 8.199955233125333365e+00
3.596999999999999886e+01 6.540153160458036519e-01 9.645674675233236739e-01 2.267013010720889468e-03 8.094724903912860370e+00
3.598000000000000398e+01 6.541225720175971592e-01 9.644178324353693821e-01 2.266931046379387117e-03 7.958722017808151250e+00
3.599000000000000199e+01 6.539140215080182506e-01 9.642787515279678257e-01 2.267707389493319858e-03 7.806578640997223317e+00
3.600000000000000000e+01 6.532866432452550942e-01 9.641521278449621812e-01 2.269743822261041655e-03 7.649586080543925526e+00
3.600999999999999801e+01 6.532370823928240755e-01 9.640393973845559072e-01 2.273340769409567304e-03 7.495901694424071948e+00
3.602000000000000313e+01 6.531307263709168476e-01 9.639416256965691598e-01 2.278700677597596778e-03 7.351188379772171544e+00
3.603000000000000114e+01 6.527746546510997394e-01 9.638595954069906213e-01 2.285938277176099726e-03 7.219195625517314419e+00
3.603999999999999915e+01 6.532237408770052989e-01 9.637938637013577781e-01 2.295091457600309613e-03 7.102098405109490642e+00
3.605000000000000426e+01 6.534093465615413709e-01 9.637447874701902117e-01 2.306130388538984392e-03 7.000535889510137721e+00
3.606000000000000227e+01 6.533668300755306468e-01 9.637125224962669323e-01 2.318965060437193099e-03 6.913437012235916335e+00
3.607000000000000028e+01 6.540819441689136315e-01 9.636970130579244342e-01 2.333452794745430672e-03 6.837710385991089268e+00
3.607999999999999829e+01 6.550643309528153546e-01 9.636980012482324609e-01 2.349406869600455076e-03 6.767832800531961901e+00
3.609000000000000341e+01 6.574680184592700538e-01 9.637150604323734271e-01 2.366606853550406401e-03 6.695584637837893816e+00
3.610000000000000142e+01 6.598572510456901519e-01 9.637476445224720800e-01 2.384810060555047316e-03 6.610372519942125713e+00
3.610999999999999943e+01 6.620970532388390506e-01 9.637951151897271584e-01 2.403763416620516898e-03 6.500930192934934126e+00
3.611999999999999744e+01 6.640374221175806557e-01 9.638567259322541325e-01 2.423215062186327533e-03 6.358041523227492497e+00
3.613000000000000256e+01 6.657650408061807079e-01 9.639315826284690081e-01 2.442925410480165788e-03 6.176908723991838990e+00
3.614000000000000057e+01 6.705802887098043508e-01 9.640186327719008075e-01 2.462676964672811698e-03 5.957774298285950287e+00
3.614999999999999858e+01 6.843214371791369599e-01 9.641166878482053670e-01 2.482281658829190232e-03 5.704767960785821046e+00
3.616000000000000369e+01 6.997687534894700967e-01 9.642244678874185571e-01 2.501584956529706409e-03 5.424242141215366964e+00
3.617000000000000171e+01 7.137412173018032879e-01 9.643406367618939656e-01 2.520466792593884908e-03 5.123410615809506297e+00
3.617999999999999972e+01 7.263275548391548986e-01 9.644638298988202907e-01 2.538839757359613591e-03 4.809367952342445740e+00
3.618999999999999773e+01 7.371806505875895255e-01 9.645926753240132712e-01 2.556645188417798042e-03 4.488588824320119741e+00
3.620000000000000284e+01 7.464386858142916248e-01 9.647258201477736383e-01 2.573847555152067312e-03 4.166887226001064093e+00
3.621000000000000085e+01 7.541997272201163005e-01 9.648619448726001302e-01 2.590427678445654438e-03 3.849400176573004373e+00
3.621999999999999886e+01 7.603520879739995575e-01 9.649997773362020137e-01 2.606376117115020031e-03 3.540833805916137056e+00
3.623000000000000398e+01 7.649818254332527712e-01 9.651381075938418874e-01 2.621687384293211551e-03 3.245687224317581610e+00
3.624000000000000199e+01 7.682780090077713231e-01 9.652757943723553336e-01 2.636356003393611636e-03 2.968369679394089466e+00
3.625000000000000000e+01 7.703782694537911757e-01 9.654117645447825025e-01 2.650374970628030687e-03 2.713204154275158153e+00
3.625999999999999801e+01 7.712299651812930534e-01 9.655450076259313175e-01 2.663736210525659721e-03 2.484369209813820589e+00
3.627000000000000313e+01 7.712901408267659464e-01 9.656745677259203076e-01 2.676432299448995404e-03 2.285850824304667128e+00
3.628000000000000114e+01 7.702476123252471885e-01 9.657995330514311805e-01 2.688459065325144413e-03 2.121236543263995689e+00
3.628999999999999915e+01 7.681903711938957713e-01 9.659190220112374714e-01 2.699818887662088027e-03 1.993613052796019414e+00
3.630000000000000426e+01 7.654114564179208546e-01 9.660321660701598478e-01 2.710524348854452016e-03 1.905611627353973603e+00
3.631000000000000227e+01 7.616930592547758172e-01 9.661380922052992259e-01 2.720601644852648285e-03 1.859351085580634333e+00
3.632000000000000028e+01 7.570468163577137588e-01 9.662359080485064533e-01 2.730093242977525529e-03 1.856428366815024322e+00
3.632999999999999829e+01 7.516749371041744343e-01 9.663246895127055591e-01 2.739059459504855024e-03 1.898026488807925904e+00
3.634000000000000341e+01 7.453486962062534360e-01 9.664034658695899171e-01 2.747578887271776536e-03 1.985057123367601761e+00
3.635000000000000142e+01 7.380964715277972266e-01 9.664712061048263969e-01 2.755748136764720781e-03 2.118572486578638614e+00
3.635999999999999943e+01 7.299516728721697767e-01 9.665268133070077372e-01 2.763680459006237228e-03 2.299819737987585100e+00
3.636999999999999744e+01 7.207361094613743413e-01 9.665691167508652093e-01 2.771502914700407338e-03 2.530187516070036224e+00
3.638000000000000256e+01 7.104042285539632351e-01 9.665968859272935365e-01 2.779350590580141091e-03 2.810883949905206070e+00
3.639000000000000057e+01 6.983180980678924676e-01 9.666088606167846375e-01 2.787356836743397608e-03 3.142510554114946952e+00
3.639999999999999858e+01 6.964061399060601509e-01 9.666038003894752428e-01 2.795639397893059583e-03 3.524217701933578528e+00
3.641000000000000369e+01 6.957406009859699036e-01 9.665805563956273438e-01 2.804282552730961650e-03 3.952724951487559313e+00
3.642000000000000171e+01 6.938489087712268466e-01 9.665381456467170285e-01 2.813316358590041075e-03 4.421476063459765626e+00
3.642999999999999972e+01 6.910785147724196609e-01 9.664758533619530745e-01 2.822695938528785135e-03 4.920062666045589950e+00
3.643999999999999773e+01 6.879051652127671224e-01 9.663933518535895439e-01 2.832285906397213719e-03 5.433563224091021659e+00
3.645000000000000284e+01 6.836567000793328797e-01 9.662908525841837903e-01 2.841857054445428351e-03 5.942198298424072433e+00
3.646000000000000085e+01 6.789182652942629126e-01 9.661692529562552201e-01 2.851103882576064546e-03 6.422401441953926593e+00
3.646999999999999886e+01 6.772354674247572648e-01 9.660302501971385070e-01 2.859691076094301142e-03 6.849456863204176571e+00
3.648000000000000398e+01 6.750555302739021934e-01 9.658763960813888660e-01 2.867328309480988296e-03 7.201486316313147285e+00
3.649000000000000199e+01 6.752852590405450384e-01 9.657110323527013929e-01 2.873857134379555721e-03 7.464083812228604842e+00
3.650000000000000000e+01 6.748465261474162480e-01 9.655380837775227043e-01 2.879319663608986314e-03 7.633597799295391617e+00
3.650999999999999801e+01 6.739994480505473451e-01 9.653617349402358050e-01 2.883978820350562369e-03 7.717401047940318115e+00
3.652000000000000313e+01 6.726711060821150001e-01 9.651860800188671874e-01 2.888279518844240681e-03 7.730925919311278705e+00
3.653000000000000114e+01 6.708359413938785876e-01 9.650148336745899558e-01 2.892767849951387131e-03 7.692877139083049265e+00
3.653999999999999915e+01 6.688965779302457060e-01 9.648511624690048194e-01 2.898002034215348653e-03 7.620876966920532070e+00
3.655000000000000426e+01 6.701827793937631395e-01 9.646976398842715961e-01 2.904484418146826771e-03 7.529225071559891624e+00
3.656000000000000227e+01 6.708591100168849186e-01 9.645562973372596716e-01 2.912625778288771387e-03 7.428801316979081193e+00
3.657000000000000028e+01 6.712908472401916127e-01 9.644287257517556444e-01 2.922736291217216571e-03 7.328150414707874205e+00
3.657999999999999829e+01 6.720952886677439286e-01 9.643161811464794342e-01 2.935030739218909106e-03 7.234411269878370021e+00
3.659000000000000341e+01 6.732638854371548742e-01 9.642196644312146514e-01 2.949637452523730906e-03 7.153416701392028898e+00
3.660000000000000142e+01 6.740006863160177275e-01 9.641399698138312102e-01 2.966605677868498075e-03 7.088989912654790615e+00
3.660999999999999943e+01 6.744815710205046555e-01 9.640777030353937516e-01 2.985910311062877319e-03 7.041957365183190376e+00
3.661999999999999744e+01 6.745514192647934504e-01 9.640332761463854538e-01 3.007455245268159105e-03 7.009497667029480183e+00
3.663000000000000256e+01 6.754734796555174059e-01 9.640068863504377417e-01 3.031077158812517901e-03 6.985334620813143935e+00
3.664000000000000057e+01 6.761154160651244860e-01 9.639984950592332957e-01 3.056551762885350177e-03 6.960708470221934618e+00
3.664999999999999858e+01 6.765831391201657663e-01 9.640078370782605433e-01 3.083603371319891366e-03 6.925456086026853697e+00
3.666000000000000369e+01 6.765803691724437963e-01 9.640344649052392523e-01 3.111917472738335091e-03 6.868654567156558421e+00
3.667000000000000171e+01 6.763230230649582841e-01 9.640778106994321028e-01 3.141154705210548112e-03 6.779149254351397147e+00
3.667999999999999972e+01 6.755974777778509521e-01 9.641372120463913564e-01 3.170964953869778811e-03 6.647104480672276772e+00
3.668999999999999773e+01 6.748747060807289699e-01 9.642118801940698924e-01 3.201001116288192377e-03 6.466367107430183836e+00
3.670000000000000284e+01 6.811065305654278035e-01 9.643008544978708407e-01 3.230932479846425343e-03 6.236090247033476253e+00
3.671000000000000085e+01 6.963733919641219572e-01 9.644030001658813189e-01 3.260456461096628011e-03 5.960274533934779129e+00
3.671999999999999886e+01 7.135150120466200452e-01 9.645170496957555795e-01 3.289306770314371839e-03 5.645846195232849141e+00
3.673000000000000398e+01 7.296427949534111113e-01 9.646416521253845522e-01 3.317257390717868321e-03 5.300872040055762291e+00
3.674000000000000199e+01 7.441214294455859024e-01 9.647754064594014078e-01 3.344123074647496578e-03 4.933361850169749374e+00
3.675000000000000000e+01 7.570520315734425854e-01 9.649168844316255989e-01 3.369757390702534262e-03 4.550557945909905477e+00
3.675999999999999801e+01 7.680780162218113771e-01 9.650646579402737402e-01 3.394049440565202486e-03 4.158852803382400154e+00
3.677000000000000313e+01 7.774807173917557268e-01 9.652173137536966818e-01 3.416918705761283741e-03 3.763784278994870558e+00
3.678000000000000114e+01 7.853818510017186449e-01 9.653734631552138845e-01 3.438308574809614132e-03 3.370366478617863315e+00
3.678999999999999915e+01 7.918103230492468114e-01 9.655317561492413603e-01 3.458179656420832214e-03 2.983431870713240119e+00
3.680000000000000426e+01 7.967086155584394147e-01 9.656908903176396608e-01 3.476504596334288426e-03 2.607875769053285886e+00
3.681000000000000227e+01 8.002234005780366477e-01 9.658496172583812545e-01 3.493264973800409498e-03 2.248796040022952525e+00
3.682000000000000028e+01 8.022927180076111497e-01 9.660067427966809728e-01 3.508450440686763320e-03 1.911424468795080323e+00
3.682999999999999829e+01 8.032742354393229700e-01 9.661611184499419025e-01 3.522059218537355006e-03 1.600786390938191861e+00
3.684000000000000341e+01 8.031183209027875636e-01 9.663116308924730724e-01 3.534099482575008781e-03 1.321884302653128396e+00
3.685000000000000142e+01 8.018289861936405138e-01 9.664571996459043746e-01 3.544592085308126504e-03 1.079196490874229086e+00
3.685999999999999943e+01 7.995908500205766156e-01 9.665967697762399835e-01 3.553574555708042832e-03 8.766841977520503093e-01
3.686999999999999744e+01 7.964252714664946664e-01 9.667292962976142823e-01 3.561105362808938447e-03 7.178355523276038763e-01
3.688000000000000256e+01 7.926136175434007614e-01 9.668537278594582229e-01 3.567267370056665266e-03 6.055438871679545976e-01
3.689000000000000057e+01 7.878207100021917819e-01 9.669689969778860750e-01 3.572170482901489141e-03 5.421824393016396737e-01
3.689999999999999858e+01 7.817358757660017865e-01 9.670740124342909194e-01 3.575952792908690392e-03 5.297016715173330503e-01
3.691000000000000369e+01 7.750231791550602489e-01 9.671676483647195788e-01 3.578780177530708172e-03 5.697789111470848988e-01
3.692000000000000171e+01 7.670981102907654670e-01 9.672487363252308956e-01 3.580845297362221253e-03 6.639876642931302753e-01
3.692999999999999972e+01 7.581285407368900664e-01 9.673160644941800612e-01 3.582365846780448393e-03 8.140454792646776294e-01
3.693999999999999773e+01 7.475116160712081959e-01 9.673683818332868833e-01 3.583580869632580195e-03 1.021814143834629540e+00
3.695000000000000284e+01 7.361632726065948651e-01 9.674044099975961375e-01 3.584744236159188944e-03 1.289026770482185613e+00
3.696000000000000085e+01 7.229798327042225026e-01 9.674228816493662952e-01 3.586114073879297266e-03 1.616940538926572968e+00
3.696999999999999886e+01 7.094041350226819587e-01 9.674225824190404444e-01 3.587938289403807060e-03 2.005653634096750793e+00
3.698000000000000398e+01 7.082676795285615112e-01 9.674024066310045189e-01 3.590434928714227470e-03 2.452830804210339721e+00
3.699000000000000199e+01 7.056471043183071279e-01 9.673614296900615583e-01 3.593767134159904855e-03 2.953120541522922693e+00
3.700000000000000000e+01 7.019729534868379695e-01 9.672989991408611488e-01 3.598016229888302726e-03 3.496864786675356385e+00
3.700999999999999801e+01 6.977392879187427344e-01 9.672148445108625925e-01 3.603159144398814830e-03 4.069316266032906526e+00
3.702000000000000313e+01 6.938348870692424564e-01 9.671092187255740935e-01 3.609056651050100359e-03 4.650454096821639460e+00
3.703000000000000114e+01 6.944497915422348511e-01 9.669830570957609339e-01 3.615461203585725470e-03 5.215375011460018584e+00
3.703999999999999915e+01 6.948894701333296897e-01 9.668381083758620376e-01 3.622055130952950633e-03 5.736852622278085789e+00
3.705000000000000426e+01 6.952267688722743033e-01 9.666769775274661747e-01 3.628522576033858978e-03 6.189863951365786932e+00
3.706000000000000227e+01 6.955065056259362999e-01 9.665030408677870444e-01 3.634639727314217805e-03 6.556701167947958098e+00
3.707000000000000028e+01 6.950474187189553676e-01 9.663202059196904781e-01 3.640353078263342240e-03 6.830781347903611689e+00
3.707999999999999829e+01 6.937895257617343603e-01 9.661325760674238650e-01 3.645811809405692747e-03 7.017056055954474125e+00
3.709000000000000341e+01 6.918392431535916876e-01 9.659441197512586008e-01 3.651339127667394425e-03 7.128762995021511450e+00
3.710000000000000142e+01 6.894235343535939364e-01 9.657584360537745383e-01 3.657361159859109055e-03 7.182402598401764315e+00
3.710999999999999943e+01 6.896927001319054229e-01 9.655786434674190621e-01 3.664329103719548165e-03 7.193619463600090747e+00
3.711999999999999744e+01 6.908873890357979386e-01 9.654073785491854576e-01 3.672662091067555555e-03 7.175519035063067541e+00
3.713000000000000256e+01 6.919867082561947935e-01 9.652468598671363198e-01 3.682718248396929517e-03 7.139251779725831248e+00
3.714000000000000057e+01 6.922775423228085812e-01 9.650989720752953804e-01 3.694786089206229460e-03 7.095226535429731918e+00
3.714999999999999858e+01 6.930732309791646228e-01 9.649653309060489681e-01 3.709084047977932903e-03 7.053576916775827321e+00
3.716000000000000369e+01 6.940133445288017011e-01 9.648473149764921208e-01 3.725759923781191661e-03 7.023389748143745948e+00
3.717000000000000171e+01 6.944524964385495602e-01 9.647460755371415342e-01 3.744887701784129202e-03 7.010939897309723001e+00
3.717999999999999972e+01 6.943367142936482939e-01 9.646625417392067359e-01 3.766463231800915110e-03 7.017822458240789985e+00
3.718999999999999773e+01 6.956436320353540648e-01 9.645974259423908403e-01 3.790401474005048853e-03 7.040010406191383296e+00
3.720000000000000284e+01 6.965601614717268353e-01 9.645512241220022265e-01 3.816537102338802417e-03 7.068588178058195837e+00
3.721000000000000085e+01 6.969530870269254885e-01 9.645242045980986223e-01 3.844628876629918070e-03 7.092047238089867811e+00
3.721999999999999886e+01 6.969001765579608820e-01 9.645163813589127111e-01 3.874367751402637249e-03 7.099059278898893766e+00
3.723000000000000398e+01 6.962058167891028715e-01 9.645275138963761430e-01 3.905388706549313502e-03 7.080030472549934117e+00
3.724000000000000199e+01 6.948950795969283112e-01 9.645571520610423111e-01 3.937285720067741114e-03 7.026731542558075638e+00
3.725000000000000000e+01 6.932796935941142324e-01 9.646047174111375133e-01 3.969628195897374930e-03 6.930961793082708766e+00
3.725999999999999801e+01 6.921326706077740587e-01 9.646695443572557149e-01 4.001977119266300273e-03 6.784726493260283320e+00
3.727000000000000313e+01 6.947954147030418470e-01 9.647508387229903892e-01 4.033900928176212958e-03 6.582490503629387035e+00
3.728000000000000114e+01 6.972112927174737296e-01 9.648476088628422653e-01 4.064991772513274274e-03 6.323512921569648171e+00
3.728999999999999915e+01 7.119690107831229131e-01 9.649586538299816940e-01 4.094880489409772652e-03 6.011975268516048132e+00
3.730000000000000426e+01 7.306324751479847945e-01 9.650826125468177086e-01 4.123247468835361182e-03 5.655212558102722831e+00
3.731000000000000227e+01 7.476820993238099122e-01 9.652180245334365249e-01 4.149828495346084833e-03 5.261928530058394671e+00
3.732000000000000028e+01 7.629031153730735371e-01 9.653633705643556162e-01 4.174416400914024439e-03 4.840923579901259544e+00
3.732999999999999829e+01 7.762265038980401544e-01 9.655170969953860149e-01 4.196859954634017502e-03 4.400299054223432371e+00
3.734000000000000341e+01 7.879119791183478716e-01 9.656776443760487494e-01 4.217059687526960275e-03 3.947258071704798699e+00
3.735000000000000142e+01 7.975869525058391085e-01 9.658434568997711356e-01 4.234960146689085644e-03 3.488058470717092074e+00
3.735999999999999943e+01 8.051249158790272364e-01 9.660130028184886752e-01 4.250542370457174868e-03 3.028419371590586717e+00
3.736999999999999744e+01 8.114668023221134341e-01 9.661847860866983329e-01 4.263817377259579086e-03 2.573926261687865757e+00
3.738000000000000256e+01 8.160058277421149420e-01 9.663573503777325158e-01 4.274820028695023276e-03 2.130444502539983631e+00
3.739000000000000057e+01 8.189812176336410676e-01 9.665292806242250512e-01 4.283604122439473375e-03 1.704162662438085007e+00
3.739999999999999858e+01 8.206440317447052379e-01 9.666992017329013587e-01 4.290239036715676017e-03 1.301371325859870254e+00
3.741000000000000369e+01 8.210383487894942212e-01 9.668657770062625278e-01 4.294808533735876462e-03 9.285109995866192012e-01
3.742000000000000171e+01 8.203023115924227282e-01 9.670277153555425498e-01 4.297411640631634659e-03 5.915700682123847809e-01
3.742999999999999972e+01 8.182691915944311223e-01 9.671837689178216513e-01 4.298164786883051924e-03 2.961128561444591467e-01
3.743999999999999773e+01 8.151454440873245888e-01 9.673327165882003031e-01 4.297204112312462063e-03 4.703883674069064824e-02
3.745000000000000284e+01 8.114030695958462935e-01 9.674733504981263277e-01 4.294687499958252906e-03 -1.514388415643774244e-01
3.746000000000000085e+01 8.062283271847902055e-01 9.676044677034802977e-01 4.290796718087121382e-03 -2.957454052847796611e-01
3.746999999999999886e+01 7.997102743935950997e-01 9.677248653209569174e-01 4.285738560866901407e-03 -3.829429522742788805e-01
3.748000000000000398e+01 7.931255708212497924e-01 9.678333338476738934e-01 4.279744088198610998e-03 -4.105915488765049526e-01
3.749000000000000199e+01 7.847465488855682736e-01 9.679286534549065291e-01 4.273067003811379348e-03 -3.764979301562272895e-01
3.750000000000000000e+01 7.752911223129057561e-01 9.680095984698754430e-01 4.265981045261426838e-03 -2.787741096521818007e-01
3.750999999999999801e+01 7.647765906810273240e-01 9.680749410280378164e-01 4.258775970840438657e-03 -1.156805314535600815e-01
3.752000000000000313e+01 7.531654035954148396e-01 9.681234607092030764e-01 4.251751840160895510e-03 1.143547640200439086e-01
3.753000000000000114e+01 7.401461719106339210e-01 9.681539647367000123e-01 4.245210703790733286e-03 4.125681991207761912e-01
3.753999999999999915e+01 7.250830038929521049e-01 9.681653172517621364e-01 4.239445416357781257e-03 7.793034735273085545e-01
3.755000000000000426e+01 7.102519281194904499e-01 9.681564960956622334e-01 4.234723282502477273e-03 1.213241415817325475e+00
3.756000000000000227e+01 7.092929051328400458e-01 9.681266427736257008e-01 4.231263877784109152e-03 1.710705089696751502e+00
3.757000000000000028e+01 7.099411118449586722e-01 9.680751284858293282e-01 4.229214185894084217e-03 2.264217424615488916e+00
3.757999999999999829e+01 7.092127811221278222e-01 9.680016594788548590e-01 4.228624569492401425e-03 2.861533382935116165e+00
3.759000000000000341e+01 7.072938579373606593e-01 9.679063983351721134e-01 4.229431046733801366e-03 3.485292880073693311e+00
3.760000000000000142e+01 7.047294122438206854e-01 9.677900942035243537e-01 4.231452140378604704e-03 4.113076776500188991e+00
3.760999999999999943e+01 7.045498311533386904e-01 9.676542092610433965e-01 4.234410815895430294e-03 4.718944335487592845e+00
3.761999999999999744e+01 7.056545953502720847e-01 9.675009848130649015e-01 4.237986523874643328e-03 5.276787107230917151e+00
3.763000000000000256e+01 7.057603340884793797e-01 9.673333574691437287e-01 4.241889442766774189e-03 5.765069513211735774e+00
3.764000000000000057e+01 7.064055309553537443e-01 9.671547533751978509e-01 4.245935591135352634e-03 6.170823807231652580e+00
3.764999999999999858e+01 7.059270777921086149e-01 9.669688071744321212e-01 4.250093033556226300e-03 6.491233630656700448e+00
3.766000000000000369e+01 7.047662356622121926e-01 9.667790909932183485e-01 4.254480138793041884e-03 6.732008243362544775e+00
3.767000000000000171e+01 7.028783464181400653e-01 9.665889140264382062e-01 4.259323576592633637e-03 6.903768930362991441e+00
3.767999999999999972e+01 7.002666197603447662e-01 9.664012297616076941e-01 4.264902414656090816e-03 7.018635732158100105e+00
3.768999999999999773e+01 6.995460470508506612e-01 9.662186420056630975e-01 4.271502596754096596e-03 7.088478853797385071e+00
3.770000000000000284e+01 7.009337459955207184e-01 9.660434622526743453e-01 4.279391145379276770e-03 7.124828378959810138e+00
3.771000000000000085e+01 7.018836577927595188e-01 9.658777726581901923e-01 4.288806475640991045e-03 7.139389928313729428e+00
3.771999999999999886e+01 7.021150696214124576e-01 9.657234665879805835e-01 4.299955295435736041e-03 7.144027156491188357e+00
3.773000000000000398e+01 7.016315500825556217e-01 9.655822537388367710e-01 4.313007760020477754e-03 7.149707080291613615e+00
3.774000000000000199e+01 7.022323856832231037e-01 9.654556409606855905e-01 4.328087759524527900e-03 7.164760068536295101e+00
3.775000000000000000e+01 7.025758178222443195e-01 9.653449113289012118e-01 4.345260642808233820e-03 7.193279748052505695e+00
3.775999999999999801e+01 7.022402984203417464e-01 9.652511176909110979e-01 4.364523166666224585e-03 7.234377391140727198e+00
3.777000000000000313e+01 7.036676464228827088e-01 9.651750955407306654e-01 4.385799006537492023e-03 7.282598591617712280e+00
3.778000000000000114e+01 7.044041768977266083e-01 9.651174814028301574e-01 4.408939560202867342e-03 7.329417124196075939e+00
3.778999999999999915e+01 7.043759176116773935e-01 9.650787176611528295e-01 4.433727848276917613e-03 7.365328918550082982e+00
3.780000000000000426e+01 7.037844818347335218e-01 9.650590361341071510e-01 4.459884076222000830e-03 7.381781926382228853e+00
3.781000000000000227e+01 7.026543711558661531e-01 9.650584299425720713e-01 4.487073348874348958e-03 7.372136118008941530e+00
3.782000000000000028e+01 7.008388995133066901e-01 9.650766611933870864e-01 4.514916295695554742e-03 7.331062425374268443e+00
3.782999999999999829e+01 6.994621532997857827e-01 9.651133098694554269e-01 4.543002042485855957e-03 7.252912713264714206e+00
3.784000000000000341e+01 6.979574753537486353e-01 9.651678401627459269e-01 4.570902749605624052e-03 7.130543689230449012e+00
3.785000000000000142e+01 6.992004361820053360e-01 9.652396141259291795e-01 4.598189184400343875e-03 6.956450736350661579e+00
3.785999999999999943e+01 7.012429962020226837e-01 9.653278387570904950e-01 4.624446806669572224e-03 6.725562307312526578e+00
3.786999999999999744e+01 7.026860719578336134e-01 9.654315098265311423e-01 4.649292006397277854e-03 6.437428598771074206e+00
3.788000000000000256e+01 7.182403378638152480e-01 9.655494167736116129e-01 4.672387004205297636e-03 6.096226538665018069e+00
3.789000000000000057e+01 7.366107531629028093e-01 9.656801876805886087e-01 4.693450759044410711e-03 5.709230155890193004e+00
3.789999999999999858e+01 7.533132382337537347e-01 9.658223388008967403e-01 4.712265323309225082e-03 5.285260103359992634e+00
3.791000000000000369e+01 7.686669390172155003e-01 9.659743065936959860e-01 4.728677915965541836e-03 4.833433200412183162e+00
3.792000000000000171e+01 7.816439919967721472e-01 9.661344747466958927e-01 4.742598088039737605e-03 4.362290733577288471e+00
3.792999999999999972e+01 7.928726118195743577e-01 9.663012184700516816e-01 4.753992352842776117e-03 3.879623092439356213e+00
3.793999999999999773e+01 8.023450081745269191e-01 9.664729237422754471e-01 4.762877707561551446e-03 3.392340404422956368e+00
3.795000000000000284e+01 8.100326310119327911e-01 9.666479947913496629e-01 4.769314055915055764e-03 2.906771906806790540e+00
3.796000000000000085e+01 8.159266465870659291e-01 9.668248512865843525e-01 4.773395245535651428e-03 2.429041072843917792e+00
3.796999999999999886e+01 8.201296533520310295e-01 9.670019308129897961e-01 4.775240718510240061e-03 1.965609540655023579e+00
3.798000000000000398e+01 8.225184152115175840e-01 9.671776989560979532e-01 4.774989526993355521e-03 1.523156093359305796e+00
3.799000000000000199e+01 8.235544910232079907e-01 9.673506614524729486e-01 4.772797155269316999e-03 1.108660637700473961e+00
3.800000000000000000e+01 8.230883709714365004e-01 9.675193688911891687e-01 4.768833913756854136e-03 7.290254512789398067e-01
3.800999999999999801e+01 8.214165931222093819e-01 9.676824071814200678e-01 4.763284087798837219e-03 3.908560659986295427e-01
3.802000000000000313e+01 8.187164491277293399e-01 9.678383852703765777e-01 4.756345623148073437e-03 1.001883326359979814e-01
3.803000000000000114e+01 8.146262638536609924e-01 9.679859317039238853e-01 4.748230612562742703e-03 -1.377109726128701861e-01
3.803999999999999915e+01 8.090777121086811796e-01 9.681236963085065872e-01 4.739165797691465877e-03 -3.183060286647131365e-01
3.805000000000000426e+01 8.031357375693883860e-01 9.682503444989518648e-01 4.729392146567441141e-03 -4.378334420146305916e-01
3.806000000000000227e+01 7.959771545886715760e-01 9.683645532303643000e-01 4.719163994717582786e-03 -4.932503244194561542e-01
3.807000000000000028e+01 7.870205195667676623e-01 9.684650096417415366e-01 4.708747403697337817e-03 -4.819159318601917708e-01
3.807999999999999829e+01 7.767455272471025518e-01 9.685504136215643545e-01 4.698417194081994271e-03 -4.016839339030108258e-01
3.809000000000000341e+01 7.659769395780926526e-01 9.686194884536766248e-01 4.688453008005646905e-03 -2.507820278560738414e-01
3.810000000000000142e+01 7.532150833627807573e-01 9.686709983275678670e-01 4.679133871807635014e-03 -2.787725525356946066e-02
3.810999999999999943e+01 7.394227977627326753e-01 9.687037717319892938e-01 4.670730904241451355e-03 2.677721558145209624e-01
3.811999999999999744e+01 7.265292077327172304e-01 9.687167305794455174e-01 4.663496909941955600e-03 6.358366045541967715e-01
3.813000000000000256e+01 7.115994781660259783e-01 9.687089491957036058e-01 4.657650054299721128e-03 1.074108400431208477e+00
3.814000000000000057e+01 7.113551181427234527e-01 9.686797094173598133e-01 4.653352536010119458e-03 1.577834468374035515e+00
3.814999999999999858e+01 7.122276757636106792e-01 9.686285757351409398e-01 4.650688090092174216e-03 2.138406988342193227e+00
3.816000000000000369e+01 7.133963553335758156e-01 9.685555084392878378e-01 4.649641141016793225e-03 2.742418429794294621e+00
3.817000000000000171e+01 7.140943525292985372e-01 9.684609800324417428e-01 4.650084293371952240e-03 3.371523671482915319e+00
3.817999999999999972e+01 7.133066184005713017e-01 9.683460874272227237e-01 4.651784440558128127e-03 4.003353689616884203e+00
3.818999999999999773e+01 7.111892107325109569e-01 9.682126281562667414e-01 4.654435524723636239e-03 4.613498794024670779e+00
3.820000000000000284e+01 7.082487493627401820e-01 9.680630685881909114e-01 4.657715261842897830e-03 5.179066913207786449e+00
3.821000000000000085e+01 7.065031309501199619e-01 9.679003724257908559e-01 4.661353000095017768e-03 5.682685869087842789e+00
3.821999999999999886e+01 7.077062403850105099e-01 9.677277562371905395e-01 4.665184689705954846e-03 6.114836893155633391e+00
3.823000000000000398e+01 7.086300502107970578e-01 9.675484367290925203e-01 4.669172294513604556e-03 6.473699499665988455e+00
3.824000000000000199e+01 7.095651463132135461e-01 9.673654409304645041e-01 4.673385187040494590e-03 6.762883126178925508e+00
3.825000000000000000e+01 7.094736137874648740e-01 9.671815039471883813e-01 4.677960151929375435e-03 6.988726383236103068e+00
3.825999999999999801e+01 7.083891610552751628e-01 9.669990645953603359e-01 4.683062341287074978e-03 7.158649762019130947e+00
3.827000000000000313e+01 7.062503728023422633e-01 9.668203274289470794e-01 4.688860968439359511e-03 7.280918916339686575e+00
3.828000000000000114e+01 7.033582913741991405e-01 9.666473421792955989e-01 4.695521255188591855e-03 7.365140011972121314e+00
3.828999999999999915e+01 6.999747177792814412e-01 9.664820583381685815e-01 4.703205404756593058e-03 7.422381175060213998e+00
3.830000000000000426e+01 6.991254312526669068e-01 9.663263342171167780e-01 4.712072571010328739e-03 7.464187155446762922e+00
3.831000000000000227e+01 7.006063891034751689e-01 9.661819094534820351e-01 4.722271165119318499e-03 7.500693365401335022e+00
3.832000000000000028e+01 7.011969661416266320e-01 9.660503635836058534e-01 4.733924060329199567e-03 7.538792677002656539e+00
3.832999999999999829e+01 7.009315344355236954e-01 9.659330825511625029e-01 4.747112704627995221e-03 7.581247058394251503e+00
3.834000000000000341e+01 6.998405864480747862e-01 9.658312469416638901e-01 4.761865973633361108e-03 7.626950348751257991e+00
3.835000000000000142e+01 7.000532789928969324e-01 9.657458424213312131e-01 4.778155187105181251e-03 7.671939365688524859e+00
3.835999999999999943e+01 6.997335187228459485e-01 9.656776783165528233e-01 4.795893339626457891e-03 7.710614019210142445e+00
3.836999999999999744e+01 6.994466321189550806e-01 9.656273968894093507e-01 4.814936058187823179e-03 7.736889456286065503e+00
3.838000000000000256e+01 7.002096493366539720e-01 9.655954640673525269e-01 4.835083541823975012e-03 7.745116482825990190e+00
3.839000000000000057e+01 7.004498466411510638e-01 9.655821433260527442e-01 4.856083679284034157e-03 7.730609587801286153e+00
3.839999999999999858e+01 7.000413509752441144e-01 9.655874666399242301e-01 4.877637268044790995e-03 7.689537098758596478e+00
3.841000000000000369e+01 6.988723294012163523e-01 9.656112440276847231e-01 4.899406477030209851e-03 7.617961736458182642e+00
3.842000000000000171e+01 6.972485225828753963e-01 9.656531102521895837e-01 4.921026665373200333e-03 7.510634653909320946e+00
3.842999999999999972e+01 6.954439186458580835e-01 9.657125788184025561e-01 4.942120063456108790e-03 7.360611331440529703e+00
3.843999999999999773e+01 6.938073379439608779e-01 9.657890435654626904e-01 4.962310361712145637e-03 7.160861289996899082e+00
3.845000000000000284e+01 6.917541007873968528e-01 9.658817298495079307e-01 4.981237973318735843e-03 6.906913764478129103e+00
3.846000000000000085e+01 6.990388195481502809e-01 9.659896501172980932e-01 4.998575335600479591e-03 6.598645432158036783e+00
3.846999999999999886e+01 7.163598500402826863e-01 9.661116117590947683e-01 5.014040798247645925e-03 6.240222497350694120e+00
3.848000000000000398e+01 7.343782681792703215e-01 9.662462491381942353e-01 5.027408951365414970e-03 5.838760149014640355e+00
3.849000000000000199e+01 7.510374298782656055e-01 9.663920680720373690e-01 5.038515702250249625e-03 5.402910058838408247e+00
3.850000000000000000e+01 7.657930133181605203e-01 9.665474898828065875e-01 5.047260208558645642e-03 4.941693122738264776e+00
3.850999999999999801e+01 7.784324759627099244e-01 9.667108907695055597e-01 5.053604455389094224e-03 4.463637588010429980e+00
3.852000000000000313e+01 7.900515047852927353e-01 9.668806273604417800e-01 5.057569158054192604e-03 3.976617246454784205e+00
3.853000000000000114e+01 7.991989199982664216e-01 9.670550444838260651e-01 5.059225819317129426e-03 3.487762484667073171e+00
3.853999999999999915e+01 8.064845346636201340e-01 9.672324710868643871e-01 5.058687775058171368e-03 3.003609994523670501e+00
3.855000000000000426e+01 8.119074017443524971e-01 9.674112327359851715e-01 5.056101188743038037e-03 2.530438277904694555e+00
3.856000000000000227e+01 8.157357829050169151e-01 9.675896719430370219e-01 5.051637609793094806e-03 2.074823883101335920e+00
3.857000000000000028e+01 8.176335826444126598e-01 9.677661627691007684e-01 5.045487804274708873e-03 1.643639268370902684e+00
3.857999999999999829e+01 8.181965031841474945e-01 9.679391057853240499e-01 5.037856447051279087e-03 1.243998074092328432e+00
3.859000000000000341e+01 8.173963793755257834e-01 9.681069170374294597e-01 5.028958098343768932e-03 8.830960133056042771e-01
3.860000000000000142e+01 8.153419525060424666e-01 9.682680297944415981e-01 5.019015163381367398e-03 5.677902983278247939e-01
3.860999999999999943e+01 8.116787229468344078e-01 9.684209041356975911e-01 5.008257309135941138e-03 3.044205582896597484e-01
3.861999999999999744e+01 8.063813467473538443e-01 9.685640299367843653e-01 4.996921028734125844e-03 9.853065400242261296e-02
3.863000000000000256e+01 8.005577013335942738e-01 9.686959262608306753e-01 4.985249610673234827e-03 -4.514482089489887939e-02
3.864000000000000057e+01 7.935425630644865613e-01 9.688151418421221406e-01 4.973493147123131224e-03 -1.227282959672732765e-01
3.864999999999999858e+01 7.842332917091920930e-01 9.689202584359783987e-01 4.961907327577885600e-03 -1.311253874037408007e-01
3.866000000000000369e+01 7.737354746857605381e-01 9.690098987959419041e-01 4.950750876656188904e-03 -6.786871240039490938e-02
3.867000000000000171e+01 7.631818016294060758e-01 9.690827442633467292e-01 4.940281299893741276e-03 6.894542940264232478e-02
3.867999999999999972e+01 7.526243216857894103e-01 9.691375537258147821e-01 4.930748544429471546e-03 2.804504108320807210e-01
3.868999999999999773e+01 7.404021818987368553e-01 9.691731852916313228e-01 4.922386287793508591e-03 5.669085321702492797e-01
3.870000000000000284e+01 7.265469168894697072e-01 9.691886282625137294e-01 4.915399076346630390e-03 9.272465579655457812e-01
3.871000000000000085e+01 7.108596600572767432e-01 9.691830635170584074e-01 4.909944396591361601e-03 1.358167062441334672e+00
3.871999999999999886e+01 7.105922354058590296e-01 9.691559224499058933e-01 4.906112578896552022e-03 1.853637287132306133e+00
3.873000000000000398e+01 7.134800173233587506e-01 9.691069791889563856e-01 4.903907074394694282e-03 2.403486364335414294e+00
3.874000000000000199e+01 7.146345857588159989e-01 9.690364679897109923e-01 4.903229185715409465e-03 2.992859377728480208e+00
3.875000000000000000e+01 7.146533019816434518e-01 9.689451936372943663e-01 4.903876173436078588e-03 3.602854882479097576e+00
3.875999999999999801e+01 7.155449169316245861e-01 9.688346094913919959e-01 4.905562316013669689e-03 4.211895886780637532e+00
3.877000000000000313e+01 7.152562993775124500e-01 9.687068173964471507e-01 4.907963982053694871e-03 4.798476522066678740e+00
3.878000000000000114e+01 7.135872777079105278e-01 9.685644377359201584e-01 4.910779528221369955e-03 5.344503734504530534e+00
3.878999999999999915e+01 7.106803178630864970e-01 9.684103772925932718e-01 4.913785279429565798e-03 5.837927943426153732e+00
3.880000000000000426e+01 7.069363838033766445e-01 9.682475763727634854e-01 4.916864218293828283e-03 6.273170097173097481e+00
3.881000000000000227e+01 7.062403932552394625e-01 9.680788031813899464e-01 4.919998554226956942e-03 6.649500381696822338e+00
3.882000000000000028e+01 7.074360618473369833e-01 9.679065426191734156e-01 4.923237485485605289e-03 6.968659657085874315e+00
3.882999999999999829e+01 7.093389577181355987e-01 9.677329809624780621e-01 4.926660725979754851e-03 7.233243276449560888e+00
3.884000000000000341e+01 7.099559191327002861e-01 9.675600738616298990e-01 4.930354655586792825e-03 7.446526665362021014e+00
3.885000000000000142e+01 7.094307017389022141e-01 9.673896541696569429e-01 4.934406970470757263e-03 7.613403839921254246e+00
3.885999999999999943e+01 7.080022121100123522e-01 9.672235251280942858e-01 4.938914369031675855e-03 7.741295282394415445e+00
3.886999999999999744e+01 7.055179044587496229e-01 9.670634935720685554e-01 4.943991432507503780e-03 7.839867908995687529e+00
3.888000000000000256e+01 7.022518185561381632e-01 9.669113450390480757e-01 4.949770040932341755e-03 7.919288343092054205e+00
3.889000000000000057e+01 6.985265511096692137e-01 9.667687900411181534e-01 4.956386735918137318e-03 7.987919797781668052e+00
3.889999999999999858e+01 6.943648136122108072e-01 9.666374099761592120e-01 4.963964365991606342e-03 8.050751527832185062e+00
3.891000000000000369e+01 6.961223016710406108e-01 9.665186236175857815e-01 4.972596404156943289e-03 8.109198778915134298e+00
3.892000000000000171e+01 6.968329447253993614e-01 9.664136801928350229e-01 4.982337454402708046e-03 8.161964377964203265e+00
3.892999999999999972e+01 6.966974150253690823e-01 9.663236683625417989e-01 4.993198773004098139e-03 8.206203243421455795e+00
3.893999999999999773e+01 6.957237857190435859e-01 9.662495277882741096e-01 5.005146105511329088e-03 8.238407090643461217e+00
3.895000000000000284e+01 6.945342582503359896e-01 9.661920515388603414e-01 5.018098385728812089e-03 8.254929129747209160e+00
3.896000000000000085e+01 6.943226545597296351e-01 9.661518737864769335e-01 5.031926730805355401e-03 8.252301879040778942e+00
3.896999999999999886e+01 6.935192981880402563e-01 9.661294425548073717e-01 5.046453968015933260e-03 8.227439148132731361e+00
3.898000000000000398e+01 6.938965601494798685e-01 9.661249878197641916e-01 5.061456274011457389e-03 8.177595966719819032e+00
3.899000000000000199e+01 6.944490063882343689e-01 9.661385128689808921e-01 5.076668558438604713e-03 8.099820668592139228e+00
3.900000000000000000e+01 6.943053720104551685e-01 9.661698233191083895e-01 5.091793276394646593e-03 7.990044455015133273e+00
3.900999999999999801e+01 6.933558578632487146e-01 9.662185742470592587e-01 5.106511892256719240e-03 7.842566981260143066e+00
3.902000000000000313e+01 6.919165350887158672e-01 9.662842929313449902e-01 5.120497869718240030e-03 7.650764948579507951e+00
3.903000000000000114e+01 6.896917824352870596e-01 9.663663486734759278e-01 5.133430680760508319e-03 7.409257859644347022e+00
3.903999999999999915e+01 6.885240281652366123e-01 9.664639057215409501e-01 5.145010459107222933e-03 7.115979699134049596e+00
3.905000000000000426e+01 7.033316185191256231e-01 9.665759006127653263e-01 5.154971961179246817e-03 6.772979066471334519e+00
3.906000000000000227e+01 7.217880844917018424e-01 9.667010695884964422e-01 5.163095595812274008e-03 6.385806329500741008e+00
3.907000000000000028e+01 7.387136559279523507e-01 9.668379922699743556e-01 5.169216001934244346e-03 5.962234865017261853e+00
3.907999999999999829e+01 7.537769898311672545e-01 9.669851410735108566e-01 5.173227692420183550e-03 5.511091764863402354e+00
3.909000000000000341e+01 7.679690785426546151e-01 9.671409118604197275e-01 5.175085878500354335e-03 5.041281685453519401e+00
3.910000000000000142e+01 7.797352421421579471e-01 9.673036391511302678e-01 5.174803014879292631e-03 4.561155107210941750e+00
3.910999999999999943e+01 7.896120281583558498e-01 9.674716035510869672e-01 5.172442587309297735e-03 4.078492587300224237e+00
3.911999999999999744e+01 7.975287311579634109e-01 9.676430529449522311e-01 5.168111152195512675e-03 3.600527739946040029e+00
3.913000000000000256e+01 8.037368158917508332e-01 9.678162210040406332e-01 5.161951328480067491e-03 3.134030761204039894e+00
3.914000000000000057e+01 8.079639314829959451e-01 9.679893496225123739e-01 5.154134491122699252e-03 2.685580730174311093e+00
3.914999999999999858e+01 8.105349636115626311e-01 9.681606910026925306e-01 5.144853094712862132e-03 2.262026457853993033e+00
3.916000000000000369e+01 8.115089100287872226e-01 9.683285003363979460e-01 5.134314148858749177e-03 1.870514902282093495e+00
3.917000000000000171e+01 8.111285101357513794e-01 9.684910405637231490e-01 5.122735153401676567e-03 1.518206722399238373e+00
3.917999999999999972e+01 8.088023026007052918e-01 9.686465987225439944e-01 5.110342036659165643e-03 1.212338389930326388e+00
3.918999999999999773e+01 8.046137214363692225e-01 9.687934991190562117e-01 5.097367778268682356e-03 9.595098975009481723e-01
3.920000000000000284e+01 7.996935704575700576e-01 9.689301054105987632e-01 5.084051753758754219e-03 7.657579220440717815e-01
3.921000000000000085e+01 7.931051891982715540e-01 9.690548235336065019e-01 5.070639090010502573e-03 6.362301065391136046e-01
3.921999999999999886e+01 7.847044465790214973e-01 9.691661072881738725e-01 5.057378827877590660e-03 5.750930836626212406e-01
3.923000000000000398e+01 7.745930593579306578e-01 9.692624678105007385e-01 5.044520562839862644e-03 5.856184183145975997e-01
3.924000000000000199e+01 7.635617759148941586e-01 9.693424888133959083e-01 5.032309495582486941e-03 6.701492091623214575e-01
3.925000000000000000e+01 7.531313819863849623e-01 9.694048442775868857e-01 5.020980021603979430e-03 8.301350279145736089e-01
3.925999999999999801e+01 7.409984521907821975e-01 9.694483163027899364e-01 5.010747649765331241e-03 1.065925506546268942e+00
3.927000000000000313e+01 7.271030376976075349e-01 9.694718282187955172e-01 5.001797448115625870e-03 1.376571968353533570e+00
3.928000000000000114e+01 7.111525856391641698e-01 9.694745012813396068e-01 4.994267846711614167e-03 1.758792349584314518e+00
3.928999999999999915e+01 7.123196481822560155e-01 9.694557169971006472e-01 4.988232331068653824e-03 2.206697467177891170e+00
3.930000000000000426e+01 7.166715418407569871e-01 9.694152126990133178e-01 4.983680655457500656e-03 2.710387374050237774e+00
3.931000000000000227e+01 7.192302140473925132e-01 9.693532002340083942e-01 4.980504174936339901e-03 3.255703107420896192e+00
3.932000000000000028e+01 7.199830526923693963e-01 9.692704749737237613e-01 4.978494838966901134e-03 3.824559559430801503e+00
3.932999999999999829e+01 7.192423946419174152e-01 9.691684841428519492e-01 4.977367237511192907e-03 4.396755744447871983e+00
3.934000000000000341e+01 7.194644115377472060e-01 9.690493173686195449e-01 4.976804357803723752e-03 4.952512146227072698e+00
3.935000000000000142e+01 7.186174318761080482e-01 9.689155646800696742e-01 4.976517108069400397e-03 5.475643769475651901e+00
3.935999999999999943e+01 7.166153005633184581e-01 9.687700744492494520e-01 4.976297858729379457e-03 5.955805343608631119e+00
3.936999999999999744e+01 7.134179255394921260e-01 9.686156927022471219e-01 4.976044958849758920e-03 6.388394699496516616e+00
3.938000000000000256e+01 7.093378115069319811e-01 9.684550559401867709e-01 4.975750918550417290e-03 6.772578605610444669e+00
3.939000000000000057e+01 7.090705248760176271e-01 9.682904855846750092e-01 4.975466919907240229e-03 7.108810155152657018e+00
3.939999999999999858e+01 7.111454913046746373e-01 9.681239849386215068e-01 4.975265210517128452e-03 7.397354742389262050e+00
3.941000000000000369e+01 7.127250559687705600e-01 9.679573246411071752e-01 4.975216553951179385e-03 7.638480341385119665e+00
3.942000000000000171e+01 7.133542776762105131e-01 9.677921716166300037e-01 4.975388623200947304e-03 7.833952133955489394e+00
3.942999999999999972e+01 7.126985639406100415e-01 9.676301999877977567e-01 4.975858767634349852e-03 7.988523533183495395e+00
3.943999999999999773e+01 7.111737154610304756e-01 9.674731343504920922e-01 4.976727588206397886e-03 8.110040825317490487e+00
3.945000000000000284e+01 7.085731409578860385e-01 9.673227241148638633e-01 4.978121194696738180e-03 8.207761181002263484e+00
3.946000000000000085e+01 7.050383381940135141e-01 9.671806825883090264e-01 4.980179354319934013e-03 8.289863690323265644e+00
3.946999999999999886e+01 7.011841234895562769e-01 9.670486233746560245e-01 4.983036791961186450e-03 8.361613632527685525e+00
3.948000000000000398e+01 6.967480202779695597e-01 9.669280197351768358e-01 4.986806635816451450e-03 8.424954193534240687e+00
3.949000000000000199e+01 6.964371014138099891e-01 9.668201927510782223e-01 4.991569897817896805e-03 8.479265932614975299e+00
3.950000000000000000e+01 6.975262178991394890e-01 9.667263171592427318e-01 4.997369850521871451e-03 8.522501098562809574e+00
3.950999999999999801e+01 6.977257400486509553e-01 9.666474297161002927e-01 5.004208785530993991e-03 8.552042107772772184e+00
3.952000000000000313e+01 6.971606611325971148e-01 9.665844301282952022e-01 5.012045478775828573e-03 8.565124730041109302e+00
3.953000000000000114e+01 6.965880007081654002e-01 9.665380687652055380e-01 5.020792674970555626e-03 8.559030556745030438e+00
3.953999999999999915e+01 6.968655844509150654e-01 9.665089202650535283e-01 5.030315032622687151e-03 8.531219390068475406e+00
3.955000000000000426e+01 6.965476062491886555e-01 9.664973527967328781e-01 5.040429024085223315e-03 8.479350898799767222e+00
3.956000000000000227e+01 6.954362314378074172e-01 9.665035070653276161e-01 5.050906160070488954e-03 8.400981376616432073e+00
3.957000000000000028e+01 6.963600692154531258e-01 9.665273124533185767e-01 5.061479707627864096e-03 8.292796444081247387e+00
3.957999999999999829e+01 6.967159795207468198e-01 9.665685238464626350e-01 5.071854540060555944e-03 8.149966875245292286e+00
3.959000000000000341e+01 6.961013566567395561e-01 9.666267561116199669e-01 5.081719164618345164e-03 7.966356740453707452e+00
3.960000000000000142e+01 6.947286443337031825e-01 9.667014696780574790e-01 5.090759021269104789e-03 7.736121386836422253e+00
3.960999999999999943e+01 6.930550691788427420e-01 9.667919252375734018e-01 5.098670974243141481e-03 7.455934536388152623e+00
3.961999999999999744e+01 6.954265036818799706e-01 9.668971499745084852e-01 5.105177378905353079e-03 7.126290816832750785e+00
3.963000000000000256e+01 7.133545238712573067e-01 9.670159507135007715e-01 5.110038706779227932e-03 6.751477137761906278e+00
3.964000000000000057e+01 7.308195659611665951e-01 9.671469582215950211e-01 5.113064902542281860e-03 6.338531453576577768e+00
3.964999999999999858e+01 7.465713601168738611e-01 9.672886703617032955e-01 5.114122703329169670e-03 5.896033822802974278e+00
3.966000000000000369e+01 7.612379344493021005e-01 9.674394842354770985e-01 5.113137622577474187e-03 5.433068243924306984e+00
3.967000000000000171e+01 7.736771507142348181e-01 9.675977155038497646e-01 5.110091928562950254e-03 4.958429238711310028e+00
3.967999999999999972e+01 7.844313683240273782e-01 9.677616093433005773e-01 5.105019795951126760e-03 4.480272618765893888e+00
3.968999999999999773e+01 7.930484030245914528e-01 9.679293644066927493e-01 5.098001515954430664e-03 4.006291488168265857e+00
3.970000000000000284e+01 7.997835195672279296e-01 9.680991621211811893e-01 5.089156476434123985e-03 3.543656365787482443e+00
3.971000000000000085e+01 8.045060783867595822e-01 9.682691828815737090e-01 5.078635951623056144e-03 3.099223747986465938e+00
3.971999999999999886e+01 8.074757892832036266e-01 9.684376059756805155e-01 5.066615208141840576e-03 2.679780936244841705e+00
3.973000000000000398e+01 8.088880631232209240e-01 9.686026095683535342e-01 5.053286841643430879e-03 2.292436704848399120e+00
3.974000000000000199e+01 8.086163065381407611e-01 9.687623836512860853e-01 5.038856524381195127e-03 1.944407585387515125e+00
3.975000000000000000e+01 8.062945448501571688e-01 9.689151480619855317e-01 5.023540635336547211e-03 1.642817935614009794e+00
3.975999999999999801e+01 8.022355053082684817e-01 9.690591612494322549e-01 5.007564633054994649e-03 1.394579606913717518e+00
3.977000000000000313e+01 7.971943499244499298e-01 9.691927229198067373e-01 4.991161735553847900e-03 1.205812587765575650e+00
3.978000000000000114e+01 7.900628373195909271e-01 9.693141778220388804e-01 4.974571745361198657e-03 1.081834231483737918e+00
3.978999999999999915e+01 7.813578265127090194e-01 9.694219240072173838e-01 4.958038663379796956e-03 1.027009999053025258e+00
3.980000000000000426e+01 7.711656027781489398e-01 9.695144258242726076e-01 4.941806735595687637e-03 1.044643451814645907e+00
3.981000000000000227e+01 7.591558587337459141e-01 9.695902296620829697e-01 4.926114945361379990e-03 1.137115612752978899e+00
3.982000000000000028e+01 7.457166258420809823e-01 9.696479807758233704e-01 4.911190209186873726e-03 1.305712835424774676e+00
3.982999999999999829e+01 7.309767485631357697e-01 9.696864440197053847e-01 4.897238316696935108e-03 1.550517370144987694e+00
3.984000000000000341e+01 7.160895996577913980e-01 9.697045523068692496e-01 4.884430346638399777e-03 1.869797696268104215e+00
3.985000000000000142e+01 7.100742996488782488e-01 9.697014563778131313e-01 4.872885485554194485e-03 2.259521387987308838e+00
3.985999999999999943e+01 7.148447417771605084e-01 9.696766008682604632e-01 4.862651608780609210e-03 2.712440357711874306e+00
3.986999999999999744e+01 7.182115140614449000e-01 9.696298343033737943e-01 4.853686208362701510e-03 3.216988764689658442e+00
3.988000000000000256e+01 7.197528476662864438e-01 9.695615249466134067e-01 4.845844880480522018e-03 3.757263489984685734e+00
3.989000000000000057e+01 7.195156027387626940e-01 9.694726657959158445e-01 4.838887672502934466e-03 4.313837920251872404e+00
3.989999999999999858e+01 7.189292574588793672e-01 9.693649352220079507e-01 4.832510790694070912e-03 4.865752255482560074e+00
3.991000000000000369e+01 7.184832007637076412e-01 9.692406591657889425e-01 4.826401351428430755e-03 5.393600625962765349e+00
3.992000000000000171e+01 7.169173803410262558e-01 9.691026321769133922e-01 4.820301892812336141e-03 5.882913617035663734e+00
3.992999999999999972e+01 7.141258141104404045e-01 9.689538559219035285e-01 4.814060313552090756e-03 6.325794704677126568e+00
3.993999999999999773e+01 7.102705533378638192e-01 9.687972683705826649e-01 4.807643536234714951e-03 6.720066186520603502e+00
3.995000000000000284e+01 7.071308037144315994e-01 9.686355415987086825e-01 4.801112992078700181e-03 7.066663831221914549e+00
3.996000000000000085e+01 7.092309228684429145e-01 9.684709911499022050e-01 4.794580463022109044e-03 7.366928022897661243e+00
3.996999999999999886e+01 7.114323486642553096e-01 9.683055957305261030e-01 4.788168309863708241e-03 7.621359652098367299e+00
3.998000000000000398e+01 7.126070979813189377e-01 9.681411031478406315e-01 4.781990168379881938e-03 7.830313396035052165e+00
3.999000000000000199e+01 7.124874925714276275e-01 9.679791689223233853e-01 4.776153692050651156e-03 7.995896252756178768e+00
4.000000000000000000e+01 7.110857676740958144e-01 9.678214620361579312e-01 4.770775156015701762e-03 8.123497687052928740e+00
4.000999999999999801e+01 7.086594355925858180e-01 9.676696969600292464e-01 4.765991009475485304e-03 8.221593388421222670e+00
4.002000000000000313e+01 7.054737938501137728e-01 9.675255990007998186e-01 4.761956035858596822e-03 8.299735601963702081e+00
4.003000000000000114e+01 7.014923436788834676e-01 9.673908377860446217e-01 4.758828673489246680e-03 8.365961948084207123e+00
4.003999999999999915e+01 6.974268246103720870e-01 9.672669647449675390e-01 4.756752059859903868e-03 8.425063318035707738e+00
4.005000000000000426e+01 6.956530303408681171e-01 9.671553779158568176e-01 4.755838758045837118e-03 8.478314671183063922e+00
4.006000000000000227e+01 6.972906648315240208e-01 9.670573165519734671e-01 4.756161688539688875e-03 8.524302013546487089e+00
4.007000000000000028e+01 6.981131223705046018e-01 9.669738701345078624e-01 4.757749676678025598e-03 8.560080929712217568e+00
4.007999999999999829e+01 6.977801195708133175e-01 9.669059859125926915e-01 4.760585029786537289e-03 8.582102188930312181e+00
4.009000000000000341e+01 6.963018217346633731e-01 9.668544637257230345e-01 4.764601588893177531e-03 8.586812176849488054e+00
4.010000000000000142e+01 6.958786752354159111e-01 9.668199377454237409e-01 4.769683025330302348e-03 8.571008344386541467e+00
4.010999999999999943e+01 6.953340810199594157e-01 9.668028489209102849e-01 4.775662430366233065e-03 8.531982367826893565e+00
4.011999999999999744e+01 6.961702153353765965e-01 9.668034190682160967e-01 4.782324471315915239e-03 8.467328383719555873e+00
4.013000000000000256e+01 6.977316309570189556e-01 9.668216532699558385e-01 4.789410897856049079e-03 8.374213966855050373e+00
4.014000000000000057e+01 6.983854569821028591e-01 9.668573696888622671e-01 4.796629166683824032e-03 8.248502067131431303e+00
4.014999999999999858e+01 6.984872691685167778e-01 9.669102373623514879e-01 4.803663595407922302e-03 8.084511095796397484e+00
4.016000000000000369e+01 6.976392889162014166e-01 9.669797805825329773e-01 4.810187984080519820e-03 7.876064409312481196e+00
4.017000000000000171e+01 6.961514878834792475e-01 9.670653390164489771e-01 4.815879908605639852e-03 7.618698593330686997e+00
4.017999999999999972e+01 6.956094455274820509e-01 9.671660270010585814e-01 4.820435856295191522e-03 7.311422477977011170e+00
4.018999999999999773e+01 7.047592776740416731e-01 9.672807255530264658e-01 4.823585192553183493e-03 6.957181073679147509e+00
4.020000000000000284e+01 7.229796557146612734e-01 9.674081219227761430e-01 4.825102134991619829e-03 6.562120231244713331e+00
4.021000000000000085e+01 7.399571429344049545e-01 9.675467522381344665e-01 4.824814253447043920e-03 6.134354362706782915e+00
4.021999999999999886e+01 7.549177405385421036e-01 9.676950422491388260e-01 4.822605889404842951e-03 5.682884252127097469e+00
4.023000000000000398e+01 7.684387517886879237e-01 9.678513323618462838e-01 4.818417879907190698e-03 5.216693937144231796e+00
4.024000000000000199e+01 7.799129715576526012e-01 9.680138931056799789e-01 4.812244488356496111e-03 4.744220442285207007e+00
4.025000000000000000e+01 7.893119629974290064e-01 9.681809368500116086e-01 4.804128087418655171e-03 4.273344396027950687e+00
4.025999999999999801e+01 7.969752839918669007e-01 9.683506512488434526e-01 4.794152220114821644e-03 3.811518422031929365e+00
4.027000000000000313e+01 8.025102229854191860e-01 9.685212155731353079e-01 4.782434126353402037e-03 3.365758040686505748e+00
4.028000000000000114e+01 8.063727262198069345e-01 9.686908091381029040e-01 4.769117267062921925e-03 2.942913710528199722e+00
4.028999999999999915e+01 8.083297040987575954e-01 9.688576118045209018e-01 4.754364362913325766e-03 2.549964974415196650e+00
4.030000000000000426e+01 8.086837422969977984e-01 9.690198141013165456e-01 4.738352478655776835e-03 2.194189305076397201e+00
4.031000000000000227e+01 8.073959277274782576e-01 9.691756323184061994e-01 4.721270473111138441e-03 1.882663589491919698e+00
4.032000000000000028e+01 8.042242280791133124e-01 9.693233164905804555e-01 4.703317685471265948e-03 1.622448564146605543e+00
4.032999999999999829e+01 7.991459318747107243e-01 9.694611537865923667e-01 4.684702870671344707e-03 1.419927869325946501e+00
4.034000000000000341e+01 7.929878728813859468e-01 9.695874703172415732e-01 4.665643272986904483e-03 1.280647578121467900e+00
4.035000000000000142e+01 7.850157075571962961e-01 9.697006399798336895e-01 4.646363146527136487e-03 1.209254462935550389e+00
4.035999999999999943e+01 7.754270071124309549e-01 9.697990955621120790e-01 4.627090827577735009e-03 1.209418435653316637e+00
4.036999999999999744e+01 7.640836119909553137e-01 9.698813417074553245e-01 4.608054331366629765e-03 1.283843456429243357e+00
4.038000000000000256e+01 7.506573204350559525e-01 9.699459688866802765e-01 4.589475334271611237e-03 1.434304475969300885e+00
4.039000000000000057e+01 7.359604637004777405e-01 9.699916709618048305e-01 4.571561242161335283e-03 1.661443350704066901e+00
4.039999999999999858e+01 7.189645681709959657e-01 9.700172899065981902e-01 4.554493510348333642e-03 1.964346475478871756e+00
4.041000000000000369e+01 7.085329263212070128e-01 9.700218592833139697e-01 4.538411565130119792e-03 2.340030365188777939e+00
4.042000000000000171e+01 7.108258157281859280e-01 9.700046678386842203e-01 4.523392916364820174e-03 2.782547297694855981e+00
4.042999999999999972e+01 7.132941144707115599e-01 9.699653559074549181e-01 4.509432151957855871e-03 3.281767905343765168e+00
4.043999999999999773e+01 7.146177007636721479e-01 9.699040252770648740e-01 4.496424757438310590e-03 3.823038254087156140e+00
4.045000000000000284e+01 7.143562238601962600e-01 9.698213574176273166e-01 4.484164545109820682e-03 4.387351713014534305e+00
4.046000000000000085e+01 7.135606609316006432e-01 9.697187149411128360e-01 4.472364064043817498e-03 4.952720418460049956e+00
4.046999999999999886e+01 7.132687310587991769e-01 9.695981856698131507e-01 4.460702678724249963e-03 5.496954030271092861e+00
4.048000000000000398e+01 7.115349974614912920e-01 9.694624842329584435e-01 4.448895400216243412e-03 6.001648576306748417e+00
4.049000000000000199e+01 7.085253067850454389e-01 9.693147348134631969e-01 4.436760494250605383e-03 6.455304867691192605e+00
4.050000000000000000e+01 7.044840807695711415e-01 9.691581775773272511e-01 4.424257058023100229e-03 6.854046932954314997e+00
4.050999999999999801e+01 7.014965025878232563e-01 9.689958816146627685e-01 4.411475919413021182e-03 7.199678345012313407e+00
4.052000000000000313e+01 7.036208017491886180e-01 9.688305506762587838e-01 4.398593493368572679e-03 7.496265455288590118e+00
4.053000000000000114e+01 7.057010530365336320e-01 9.686644547617752066e-01 4.385815640814879832e-03 7.747294183373653276e+00
4.053999999999999915e+01 7.065849594277329171e-01 9.684994814378772299e-01 4.373337499953636361e-03 7.954790966716636547e+00
4.055000000000000426e+01 7.062241372199469236e-01 9.683372697536386520e-01 4.361330417144910696e-03 8.120528338314496608e+00
4.056000000000000227e+01 7.046990487950771653e-01 9.681793678761970723e-01 4.349951180745544738e-03 8.248146927194014211e+00
4.057000000000000028e+01 7.025639167845273425e-01 9.680273436366541029e-01 4.339358732936248776e-03 8.344475553324054218e+00
4.057999999999999829e+01 6.995007925890296407e-01 9.678828094565052886e-01 4.329723231946554576e-03 8.418898605731717666e+00
4.059000000000000341e+01 6.956496353808510058e-01 9.677473752850341837e-01 4.321220567627210608e-03 8.481064717168909084e+00
4.060000000000000142e+01 6.914450247097174707e-01 9.676225736805141864e-01 4.314016001586505611e-03 8.538310284013444829e+00
4.060999999999999943e+01 6.907069879673218837e-01 9.675097993820890308e-01 4.308246020968037153e-03 8.594086050187032200e+00
4.061999999999999744e+01 6.923232936354595246e-01 9.674102822956127667e-01 4.304005149299718058e-03 8.647823714229257774e+00
4.063000000000000256e+01 6.931531650064113315e-01 9.673250873581318299e-01 4.301339107091316227e-03 8.695887575428059790e+00
4.064000000000000057e+01 6.928513868037008416e-01 9.672551215345043252e-01 4.300242236305168268e-03 8.732996702072945538e+00
4.064999999999999858e+01 6.917567033561300427e-01 9.672011342223492125e-01 4.300656881600194680e-03 8.753603684330578005e+00
4.066000000000000369e+01 6.927422331637215214e-01 9.671637064420977037e-01 4.302473702733801940e-03 8.752903029450529004e+00
4.067000000000000171e+01 6.929403362389597865e-01 9.671432331657277004e-01 4.305533032268588252e-03 8.727250701378865827e+00
4.067999999999999972e+01 6.939395187436044887e-01 9.671399088860384019e-01 4.309628133537276098e-03 8.673874694028201660e+00
4.068999999999999773e+01 6.945800758902167527e-01 9.671537384134792914e-01 4.314510852418821860e-03 8.589911857250532634e+00
4.070000000000000284e+01 6.952138242253731448e-01 9.671845617758911828e-01 4.319899793047243634e-03 8.471450942402036333e+00
4.071000000000000085e+01 6.953103552313727453e-01 9.672320751332490474e-01 4.325490646114116614e-03 8.313410577409150903e+00
4.071999999999999886e+01 6.956185408657963309e-01 9.672958187749619574e-01 4.330968119806937952e-03 8.110646158152100327e+00
4.073000000000000398e+01 6.956939820382007644e-01 9.673751348678791828e-01 4.336019808501572967e-03 7.859895086494250727e+00
4.074000000000000199e+01 6.965254779725383871e-01 9.674691407089290873e-01 4.340350791454877094e-03 7.561111540500268902e+00
4.075000000000000000e+01 7.017716247442037369e-01 9.675767324773527633e-01 4.343696783894786945e-03 7.217679429030011029e+00
4.075999999999999801e+01 7.194501799807276887e-01 9.676966258990304937e-01 4.345834437437452388e-03 6.835765061312740976e+00
4.077000000000000313e+01 7.359383855232625171e-01 9.678273945100281939e-01 4.346587679564418473e-03 6.423254191247354861e+00
4.078000000000000114e+01 7.506144939278314165e-01 9.679675036105717112e-01 4.345830081748418110e-03 5.988851038913448832e+00
4.078999999999999915e+01 7.634146371528222064e-01 9.681153336389868302e-01 4.343484747848394209e-03 5.541311280892560198e+00
4.080000000000000426e+01 7.745049369483917312e-01 9.682691956517569531e-01 4.339521555671072353e-03 5.088996192607119440e+00
4.081000000000000227e+01 7.837379535894787308e-01 9.684273477019459397e-01 4.333951908269215864e-03 4.639768685178506047e+00
4.082000000000000028e+01 7.912543411532486637e-01 9.685880170431471203e-01 4.326822402596958508e-03 4.201153723833844111e+00
4.082999999999999829e+01 7.967099586725417959e-01 9.687494227832973426e-01 4.318207620471896206e-03 3.780388010634669005e+00
4.084000000000000341e+01 8.001591860793173527e-01 9.689097784733040619e-01 4.308204190836849301e-03 3.384476668241392705e+00
4.085000000000000142e+01 8.019994663452960637e-01 9.690673001809463338e-01 4.296926049321191619e-03 3.020321926383890965e+00
4.085999999999999943e+01 8.019128742169061574e-01 9.692202150713973285e-01 4.284501115871086618e-03 2.694902269141149276e+00
4.086999999999999744e+01 8.002492383199169002e-01 9.693667692858544127e-01 4.271069786562442516e-03 2.415184041702795437e+00
4.088000000000000256e+01 7.969402482729833759e-01 9.695052324313560010e-01 4.256784363346939777e-03 2.187593756610374918e+00
4.089000000000000057e+01 7.920030932864569051e-01 9.696338991666288987e-01 4.241808362121843486e-03 2.018049855148985383e+00
4.089999999999999858e+01 7.854358554433823469e-01 9.697510947989057550e-01 4.226315563043683311e-03 1.911672443737734595e+00
4.091000000000000369e+01 7.770506697917548555e-01 9.698551849998124919e-01 4.210488555070683071e-03 1.872622241933900256e+00
4.092000000000000171e+01 7.669904541158578670e-01 9.699445882613191294e-01 4.194516074231763661e-03 1.904152857603805371e+00
4.092999999999999972e+01 7.552328156579709573e-01 9.700177851313968036e-01 4.178588570535693783e-03 2.008655477757698815e+00
4.093999999999999773e+01 7.417851775509085588e-01 9.700733387217577164e-01 4.162891962072271836e-03 2.187639300066456016e+00
4.095000000000000284e+01 7.262264571780063793e-01 9.701099263019590246e-01 4.147597997683807360e-03 2.441300978389755905e+00
4.096000000000000085e+01 7.200170006559486469e-01 9.701263777785131825e-01 4.132850862074922277e-03 2.768230319742413847e+00
4.096999999999999886e+01 7.218158841998770781e-01 9.701217303579982021e-01 4.118748645754640066e-03 3.164338797850161367e+00
4.098000000000000398e+01 7.226948432368748287e-01 9.700953063663225739e-01 4.105321652532887416e-03 3.622084809283383056e+00
4.099000000000000199e+01 7.219475247399549378e-01 9.700468003017298502e-01 4.092511731095658904e-03 4.129616216367953285e+00
4.100000000000000000e+01 7.196651190242867591e-01 9.699763875420275294e-01 4.080159458156909849e-03 4.670359236283567306e+00
4.100999999999999801e+01 7.157529561714421895e-01 9.698848424939618962e-01 4.068007835507826339e-03 5.223507368848925303e+00
4.102000000000000313e+01 7.128064446227220241e-01 9.697736570766443132e-01 4.055731681795998918e-03 5.765518931539869385e+00
4.103000000000000114e+01 7.107628834737685919e-01 9.696450647670109557e-01 4.042996743505658172e-03 6.273587921620935148e+00
4.103999999999999915e+01 7.077845184105644449e-01 9.695019533738820083e-01 4.029537757475606247e-03 6.729750516581452402e+00
4.105000000000000426e+01 7.037460244109902119e-01 9.693476574736880069e-01 4.015228965156590960e-03 7.123973015433693767e+00
4.106000000000000227e+01 6.989521164370073869e-01 9.691856566432460740e-01 4.000116822378213879e-03 7.454836911206349725e+00
4.107000000000000028e+01 7.006507444040370736e-01 9.690192634487604373e-01 3.984400187320394360e-03 7.727342518849096287e+00
4.107999999999999829e+01 7.028499675381640888e-01 9.688513874233358747e-01 3.968370320777408686e-03 7.949139205658614316e+00
4.109000000000000341e+01 7.038748851758903635e-01 9.686844270005157131e-01 3.952341908775399391e-03 8.127184930697463727e+00
4.110000000000000142e+01 7.036392377436309076e-01 9.685202906765710829e-01 3.936603275245380631e-03 8.266293454702376309e+00
4.110999999999999943e+01 7.022559688632219466e-01 9.683605217788606723e-01 3.921397672485940275e-03 8.369818161836922954e+00
4.111999999999999744e+01 7.001629650804905847e-01 9.682064749169766449e-01 3.906930608957797681e-03 8.441580346416243330e+00
4.113000000000000256e+01 6.972501101693351355e-01 9.680594709143461873e-01 3.893388699924983220e-03 8.487541176407207288e+00
4.114000000000000057e+01 6.935832462869904180e-01 9.679208721741831001e-01 3.880954835736054841e-03 8.516008450574652500e+00
4.114999999999999858e+01 6.893618699397896510e-01 9.677920704990083944e-01 3.869810584378180832e-03 8.536196735943571312e+00
4.116000000000000369e+01 6.858682549775819703e-01 9.676744237119263570e-01 3.860126019256410884e-03 8.555966140518247443e+00
4.117000000000000171e+01 6.880916374324671514e-01 9.675691867508655619e-01 3.852043814390480273e-03 8.579860639673754008e+00
4.117999999999999972e+01 6.893027184625678538e-01 9.674774647789695647e-01 3.845664990766003901e-03 8.608190400146813914e+00
4.118999999999999773e+01 6.895290545367438462e-01 9.674001931069835525e-01 3.841039922144174473e-03 8.637345124691911735e+00
4.120000000000000284e+01 6.886559374924564603e-01 9.673381339441196047e-01 3.838164582248840100e-03 8.661102981736513939e+00
4.121000000000000085e+01 6.880377249456633981e-01 9.672918764083614507e-01 3.836980552502727848e-03 8.672388773923231042e+00
4.121999999999999886e+01 6.882629948106917528e-01 9.672618319948654841e-01 3.837377269092964380e-03 8.664818875463240033e+00
4.123000000000000398e+01 6.896794336525289282e-01 9.672482263714903272e-01 3.839195755119712526e-03 8.633489928201882435e+00
4.124000000000000199e+01 6.916027810979070711e-01 9.672511050412070377e-01 3.842233856318587239e-03 8.574718607838445195e+00
4.125000000000000000e+01 6.928120645145205980e-01 9.672703538218948571e-01 3.846253082487314720e-03 8.485104735620524252e+00
4.125999999999999801e+01 6.931713696024892624e-01 9.673057196534670110e-01 3.850987203875551584e-03 8.360788213066498997e+00
4.127000000000000313e+01 6.929535259015572324e-01 9.673568152500022777e-01 3.856152199188399125e-03 8.197591779831777004e+00
4.128000000000000114e+01 6.921067445767609128e-01 9.674230878920764276e-01 3.861457787085394687e-03 7.992204055177066557e+00
4.128999999999999915e+01 6.920431261605091144e-01 9.675037863027340368e-01 3.866620265697717600e-03 7.743586348822518062e+00
4.130000000000000426e+01 6.911517389109445020e-01 9.675979512921371040e-01 3.871375284502696391e-03 7.453566949578222633e+00
4.131000000000000227e+01 6.965203697015264206e-01 9.677044360517104149e-01 3.875488692603176050e-03 7.126636349383716151e+00
4.132000000000000028e+01 7.129478161565099281e-01 9.678219480336711644e-01 3.878763956541116630e-03 6.769236764518337779e+00
4.132999999999999829e+01 7.280451344365649335e-01 9.679490788056503980e-01 3.881045898834607072e-03 6.388902131738753098e+00
4.134000000000000341e+01 7.415084740717049483e-01 9.680843290330766182e-01 3.882221585669877982e-03 5.993603709906770050e+00
4.135000000000000142e+01 7.530960723319117811e-01 9.682261273810677249e-01 3.882219215262512797e-03 5.591222663225901002e+00
4.135999999999999943e+01 7.627931122819978649e-01 9.683728516646209483e-01 3.881004971792429044e-03 5.189292311969824212e+00
4.136999999999999744e+01 7.708352348429093892e-01 9.685228489008637087e-01 3.878578242006160918e-03 4.794980098859216611e+00
4.138000000000000256e+01 7.772011443529470709e-01 9.686744476006178273e-01 3.874966138346769458e-03 4.415128464385643881e+00
4.139000000000000057e+01 7.818044903599588036e-01 9.688259709497039074e-01 3.870218448023096842e-03 4.056445894536986785e+00
4.139999999999999858e+01 7.845219164098027331e-01 9.689757448284919139e-01 3.864403294929620418e-03 3.725478698637065378e+00
4.141000000000000369e+01 7.854144347703201356e-01 9.691221028124830106e-01 3.857604417561845064e-03 3.428652172509440543e+00
4.142000000000000171e+01 7.847597353727584490e-01 9.692633910002430575e-01 3.849919289093154187e-03 3.172212439387454008e+00
4.142999999999999972e+01 7.825445048709971374e-01 9.693979692187079111e-01 3.841457996863082043e-03 2.962150738043335618e+00
4.143999999999999773e+01 7.788222764753832683e-01 9.695242126631204993e-01 3.832342251812586274e-03 2.804073506685279327e+00
4.145000000000000284e+01 7.732664452643179809e-01 9.696405134525447611e-01 3.822703771614666471e-03 2.702823483683423511e+00
4.146000000000000085e+01 7.659414153037223949e-01 9.697452847056909908e-01 3.812682227919553420e-03 2.662460840042203181e+00
4.146999999999999886e+01 7.570603552904968669e-01 9.698369661236337924e-01 3.802422862818310035e-03 2.686286117548903452e+00
4.148000000000000398e+01 7.464029735692419010e-01 9.699140392820034817e-01 3.792072775933967750e-03 2.776928034059783279e+00
4.149000000000000199e+01 7.341531927699501692e-01 9.699750380943630290e-01 3.781775457151455820e-03 2.936163277442414010e+00
4.150000000000000000e+01 7.213388922255712377e-01 9.700185732462774935e-01 3.771662853060025675e-03 3.164778343268369376e+00
4.150999999999999801e+01 7.189600259581935271e-01 9.700433737984395233e-01 3.761843502776007851e-03 3.461942822355509541e+00
4.152000000000000313e+01 7.172463290223087817e-01 9.700483409491644782e-01 3.752386415581954182e-03 3.824575288595100986e+00
4.153000000000000114e+01 7.189929577352544010e-01 9.700326231239537744e-01 3.743301272182308036e-03 4.246396199350892076e+00
4.153999999999999915e+01 7.193746616149202522e-01 9.699956879741992166e-01 3.734518417040109083e-03 4.716987508309401278e+00
4.155000000000000426e+01 7.180122375636336374e-01 9.699374215104242802e-01 3.725874371924587161e-03 5.221655635036849041e+00
4.156000000000000227e+01 7.152835694368490094e-01 9.698582404835147663e-01 3.717110542002324131e-03 5.741307848320670537e+00
4.157000000000000028e+01 7.114243968802561602e-01 9.697592193792144988e-01 3.707893887445979850e-03 6.253370375474907483e+00
4.157999999999999829e+01 7.084052755082580477e-01 9.696421556379203333e-01 3.697865938401594978e-03 6.734484461929543642e+00
4.159000000000000341e+01 7.041548583888481705e-01 9.695095675385619893e-01 3.686715883923798870e-03 7.164111158495090059e+00
4.160000000000000142e+01 6.985282886024801741e-01 9.693645836477787769e-01 3.674258771304527750e-03 7.528207137659467918e+00
4.160999999999999943e+01 6.931346851391314567e-01 9.692107138701562263e-01 3.660489910500211094e-03 7.821517518802098223e+00
4.161999999999999744e+01 6.885713670443621703e-01 9.690515434123520011e-01 3.645591467477717236e-03 8.047249362735426459e+00
4.163000000000000256e+01 6.904756647735720287e-01 9.688904284643172771e-01 3.629888110460760282e-03 8.214324744843315429e+00
4.164000000000000057e+01 6.920790834511937328e-01 9.687302682951512978e-01 3.613773213971055963e-03 8.333650855189024043e+00
4.164999999999999858e+01 6.925810426670807596e-01 9.685733975772461424e-01 3.597636821927034222e-03 8.415044511159138096e+00
4.166000000000000369e+01 6.922652610740093193e-01 9.684216029798354830e-01 3.581818609084524638e-03 8.465882018718895452e+00
4.167000000000000171e+01 6.910328762949198289e-01 9.682762378831494265e-01 3.566592437901019638e-03 8.491503402728728389e+00
4.167999999999999972e+01 6.889367065960746439e-01 9.681383885682406376e-01 3.552175133169117524e-03 8.496605543479192946e+00
4.168999999999999773e+01 6.860628963129191682e-01 9.680090341067397741e-01 3.538745927078448556e-03 8.486588785126285117e+00
4.170000000000000284e+01 6.827391467623925569e-01 9.678891513382444911e-01 3.526464095628683779e-03 8.468049164985860244e+00
4.171000000000000085e+01 6.790872923821711371e-01 9.677797465622985928e-01 3.515477338986079149e-03 8.448144956520167170e+00
4.171999999999999886e+01 6.750628472770824340e-01 9.676818292035406222e-01 3.505919560835242532e-03 8.433143555666340774e+00
4.173000000000000398e+01 6.764191447646697997e-01 9.675963585217551843e-01 3.497901581850855132e-03 8.426794475982296362e+00
4.174000000000000199e+01 6.776058285019277427e-01 9.675241910439816850e-01 3.491500114270165191e-03 8.429234758376610515e+00
4.175000000000000000e+01 6.779144623005288750e-01 9.674660443963115641e-01 3.486749176167086052e-03 8.436894912753343689e+00
4.175999999999999801e+01 6.775666316483806018e-01 9.674224771886528185e-01 3.483635656294982452e-03 8.443465926484670092e+00
4.177000000000000313e+01 6.772159777773574252e-01 9.673938792637203354e-01 3.482098701112066718e-03 8.441491268637657086e+00
4.178000000000000114e+01 6.774820298721251355e-01 9.673804656975713012e-01 3.482031989338381633e-03 8.423891232638760940e+00
4.178999999999999915e+01 6.777494860007959865e-01 9.673822828753004810e-01 3.483288240879125423e-03 8.384746903807506868e+00
4.180000000000000426e+01 6.799805495234716446e-01 9.673992257878907264e-01 3.485685371196469481e-03 8.319240095261502432e+00
4.181000000000000227e+01 6.815295163691877933e-01 9.674310575941734713e-01 3.489013957520578461e-03 8.223236107240024850e+00
4.182000000000000028e+01 6.823216938482825622e-01 9.674774204884473150e-01 3.493045443741278275e-03 8.093137083301915169e+00
4.182999999999999829e+01 6.823336818528082937e-01 9.675378235740736965e-01 3.497540994894345230e-03 7.926336331147687098e+00
4.184000000000000341e+01 6.818373494569360815e-01 9.676116168711762500e-01 3.502261196420089831e-03 7.722053170027431968e+00
4.185000000000000142e+01 6.807798054231393170e-01 9.676979795964582021e-01 3.506976065695821803e-03 7.481770865350268807e+00
4.185999999999999943e+01 6.801494787564368316e-01 9.677959278230835460e-01 3.511474322612988946e-03 7.209104206622404476e+00
4.186999999999999744e+01 6.893585125596111141e-01 9.679043431420282229e-01 3.515570548942105727e-03 6.909307078688981640e+00
4.188000000000000256e+01 7.036765688025528043e-01 9.680220008179186708e-01 3.519109606598369924e-03 6.588620400252890086e+00
4.189000000000000057e+01 7.167583081405292100e-01 9.681475867475535235e-01 3.521968453387006211e-03 6.253711298735193935e+00
4.189999999999999858e+01 7.284898288875432115e-01 9.682797151188531348e-01 3.524056073952402598e-03 5.911303528584253009e+00
4.191000000000000369e+01 7.385383276100250249e-01 9.684169464656081638e-01 3.525312177299992893e-03 5.567926011693394628e+00
4.192000000000000171e+01 7.468850548814052193e-01 9.685578062173313407e-01 3.525704704925038645e-03 5.229858236673278427e+00
4.192999999999999972e+01 7.536539456104481838e-01 9.687007972470553785e-01 3.525226478616814377e-03 4.903171130999921523e+00
4.193999999999999773e+01 7.588490984619336022e-01 9.688444078466489362e-01 3.523891615887338874e-03 4.593774223610520124e+00
4.195000000000000284e+01 7.626432089338780473e-01 9.689871213236972425e-01 3.521732348195636460e-03 4.307477121074831494e+00
4.196000000000000085e+01 7.646919925947186503e-01 9.691274238820404285e-01 3.518796574467814714e-03 4.050031496493422978e+00
4.196999999999999886e+01 7.649815132111922322e-01 9.692638083271378768e-01 3.515146164623993499e-03 3.827103857996808856e+00
4.198000000000000398e+01 7.637776043511433910e-01 9.693947746662692211e-01 3.510855647006154174e-03 3.644123482743466980e+00
4.199000000000000199e+01 7.610305784235938953e-01 9.695188283097945225e-01 3.506011026196288044e-03 3.506115652938251781e+00
4.200000000000000000e+01 7.568916850839979560e-01 9.696344834128522994e-01 3.500707843205058331e-03 3.417581273669711095e+00
4.200999999999999801e+01 7.509674002888868660e-01 9.697402639775848376e-01 3.495048446044335747e-03 3.382363997378676324e+00
4.202000000000000313e+01 7.432369516351354788e-01 9.698347055719346299e-01 3.489139102549329748e-03 3.403666533709637676e+00
4.203000000000000114e+01 7.340373716650337999e-01 9.699163576850600155e-01 3.483086677658070104e-03 3.484055273689084409e+00
4.203999999999999915e+01 7.231760247084181303e-01 9.699837902983550197e-01 3.476994167575550403e-03 3.625484441062424512e+00
4.205000000000000426e+01 7.114885939835525752e-01 9.700356105469726264e-01 3.470954201595901917e-03 3.829124784210322652e+00
4.206000000000000227e+01 7.107721896788073979e-01 9.700704963150337257e-01 3.465039639872473636e-03 4.094926595221100030e+00
4.207000000000000028e+01 7.086738640901961706e-01 9.700872528015974661e-01 3.459290569910797655e-03 4.420853473080417650e+00
4.207999999999999829e+01 7.060978449721383443e-01 9.700848723872986801e-01 3.453698056628998637e-03 4.801955160656977917e+00
4.209000000000000341e+01 7.077303517558600765e-01 9.700626043551826561e-01 3.448186903425764106e-03 5.229841178294474702e+00
4.210000000000000142e+01 7.080978144305531963e-01 9.700200450662455065e-01 3.442601509774633958e-03 5.692361856461836567e+00
4.210999999999999943e+01 7.069590402095013992e-01 9.699572404542127213e-01 3.436700842930934252e-03 6.173278983312439294e+00
4.211999999999999744e+01 7.043479641002599045e-01 9.698748077154663028e-01 3.430169788473611328e-03 6.652674754987080163e+00
4.213000000000000256e+01 7.007301511190121568e-01 9.697740192560988515e-01 3.422653617809647084e-03 7.108682279986840769e+00
4.214000000000000057e+01 6.976712410689310806e-01 9.696568556072928668e-01 3.413816535326707514e-03 7.520122718318418720e+00
4.214999999999999858e+01 6.940401436796957979e-01 9.695259828347260189e-01 3.403414845749831719e-03 7.869892958994600285e+00
4.216000000000000369e+01 6.891544781614015180e-01 9.693846226651449127e-01 3.391363464892674373e-03 8.148085027771532651e+00
4.217000000000000171e+01 6.837354433628660688e-01 9.692363195475123261e-01 3.377770231692849359e-03 8.353407879884919396e+00
4.217999999999999972e+01 6.797657421941418754e-01 9.690846483695919611e-01 3.362922106809899860e-03 8.492264714489364152e+00
4.218999999999999773e+01 6.772137939416620345e-01 9.689329288785983874e-01 3.347228378625881785e-03 8.575970344657310562e+00
4.220000000000000284e+01 6.790746217878168567e-01 9.687840107607330609e-01 3.331143708227375135e-03 8.617309273446020157e+00
4.221000000000000085e+01 6.801598105881853096e-01 9.686401685041169385e-01 3.315098814464762823e-03 8.627794954664381066e+00
4.221999999999999886e+01 6.803861989974098190e-01 9.685031080727866115e-01 3.299457429617438844e-03 8.616368391935813165e+00
4.223000000000000398e+01 6.797690802911537933e-01 9.683740608772146707e-01 3.284503134382880940e-03 8.589500303762799049e+00
4.224000000000000199e+01 6.784384801974271406e-01 9.682539266061788163e-01 3.270448081757974107e-03 8.552154628848343876e+00
4.225000000000000000e+01 6.764472416527916865e-01 9.681434221518847583e-01 3.257451611637951407e-03 8.508919399195722377e+00
4.225999999999999801e+01 6.740030930889693295e-01 9.680431977143686417e-01 3.245638557054455423e-03 8.464698981847822878e+00
4.227000000000000313e+01 6.711387739491514459e-01 9.679538983100570704e-01 3.235111136938555697e-03 8.424599412715711111e+00
4.228000000000000114e+01 6.678917312482468560e-01 9.678761710197875123e-01 3.225952629701080154e-03 8.393037646716861033e+00
4.228999999999999915e+01 6.666087501974797824e-01 9.678106380199433811e-01 3.218224586427231859e-03 8.372479757350852481e+00
4.230000000000000426e+01 6.672723522009795794e-01 9.677578584249184601e-01 3.211961158191135694e-03 8.362438926753055668e+00
4.231000000000000227e+01 6.684308765524594742e-01 9.677182937998207723e-01 3.207163820112809982e-03 8.359256967001021721e+00
4.232000000000000028e+01 6.689147803885646670e-01 9.676922838878923017e-01 3.203798215340902117e-03 8.356777290946304504e+00
4.232999999999999829e+01 6.688476011639787888e-01 9.676800298213519280e-01 3.201793673927526285e-03 8.347586921398850279e+00
4.234000000000000341e+01 6.694315035391538160e-01 9.676815907242104497e-01 3.201045166959093705e-03 8.324216940841548507e+00
4.235000000000000142e+01 6.699847798239784158e-01 9.676968879971488136e-01 3.201417368867013127e-03 8.279925420631160549e+00
4.235999999999999943e+01 6.702236274195686461e-01 9.677257135485514139e-01 3.202750331112992795e-03 8.209067979412967730e+00
4.236999999999999744e+01 6.708019597073321405e-01 9.677677356531173558e-01 3.204866174354972091e-03 8.107326105819806727e+00
4.238000000000000256e+01 6.715416938308734762e-01 9.678224973996408798e-01 3.207576324815527950e-03 7.971989678745765140e+00
4.239000000000000057e+01 6.723413424042694597e-01 9.678894026530778794e-01 3.210689180285690968e-03 7.802352037688327968e+00
4.239999999999999858e+01 6.733133960706277898e-01 9.679677134422970397e-01 3.214017747577379343e-03 7.599856645956528212e+00
4.241000000000000369e+01 6.747517685719490732e-01 9.680565588478101668e-01 3.217386664898554648e-03 7.367852650948741200e+00
4.242000000000000171e+01 6.760043329888394403e-01 9.681549509659295172e-01 3.220637823680392708e-03 7.111121650178639619e+00
4.242999999999999972e+01 6.860426583450431881e-01 9.682618079276468226e-01 3.223634211636494749e-03 6.835353438582526309e+00
4.243999999999999773e+01 6.983840021211528137e-01 9.683759665452240650e-01 3.226261932817002694e-03 6.546623788066485261e+00
4.245000000000000284e+01 7.094786657154440457e-01 9.684961927884596644e-01 3.228430768286967914e-03 6.251068981617654785e+00
4.246000000000000085e+01 7.191133430578084962e-01 9.686211982163144274e-01 3.230073730430237967e-03 5.954695986920422790e+00
4.246999999999999886e+01 7.271871546292565380e-01 9.687496540351236973e-01 3.231145867447932432e-03 5.663287686911099961e+00
4.248000000000000398e+01 7.339856440676501004e-01 9.688802015835080716e-01 3.231622283536662865e-03 5.382432660458584373e+00
4.249000000000000199e+01 7.393609081069665301e-01 9.690114605552111460e-01 3.231495739950568727e-03 5.117581312651903858e+00
4.250000000000000000e+01 7.430891597993011244e-01 9.691420386320841462e-01 3.230774329112630870e-03 4.874067981126092519e+00
4.250999999999999801e+01 7.454228768884697542e-01 9.692705401494006168e-01 3.229479586824927570e-03 4.657114452907873847e+00
4.252000000000000313e+01 7.460816662610513239e-01 9.693955697220458800e-01 3.227645168416954334e-03 4.471798825050424142e+00
4.253000000000000114e+01 7.453623209844929542e-01 9.695157338519163615e-01 3.225315924142010612e-03 4.322955842064005516e+00
4.253999999999999915e+01 7.431268750541860646e-01 9.696296425947918962e-01 3.222546868356995428e-03 4.215037060911683398e+00
4.255000000000000426e+01 7.391508136756280711e-01 9.697359116022323811e-01 3.219401543485590073e-03 4.151978555412076055e+00
4.256000000000000227e+01 7.335938986263113026e-01 9.698331630084328081e-01 3.215949733443309189e-03 4.137130015917241721e+00
4.257000000000000028e+01 7.264684368670314418e-01 9.699200250017947500e-01 3.212264762707557099e-03 4.173265046596132954e+00
4.257999999999999829e+01 7.179820574755241269e-01 9.699951299750919631e-01 3.208420247732979552e-03 4.262638492483620922e+00
4.259000000000000341e+01 7.079642622707138511e-01 9.700571162840241346e-01 3.204485625276701916e-03 4.406970122869006801e+00
4.260000000000000142e+01 7.064707742339152441e-01 9.701046402020496728e-01 3.200519662799571063e-03 4.607248180735973975e+00
4.260999999999999943e+01 7.060329246767078626e-01 9.701364145367653569e-01 3.196561091658166841e-03 4.863163106148966186e+00
4.261999999999999744e+01 7.044098109048440026e-01 9.701512519837419690e-01 3.192616242033710465e-03 5.172333067695190856e+00
4.263000000000000256e+01 7.019742920483875714e-01 9.701481207250195471e-01 3.188644377492956192e-03 5.529721751679446129e+00
4.264000000000000057e+01 7.030422170815171512e-01 9.701262200623481657e-01 3.184542969725544063e-03 5.927261414296406627e+00
4.264999999999999858e+01 7.034151170403347697e-01 9.700850653623270814e-01 3.180136667639877485e-03 6.353451314589492860e+00
4.266000000000000369e+01 7.025856136083051817e-01 9.700245989902657184e-01 3.175175183844877388e-03 6.793190214199041677e+00
4.267000000000000171e+01 7.005667341509236312e-01 9.699452929733072271e-01 3.169345696313072801e-03 7.228249453795140944e+00
4.267999999999999972e+01 6.976908890835461508e-01 9.698482360311884154e-01 3.162305095516191548e-03 7.638630403731117902e+00
4.268999999999999773e+01 6.941434035537714653e-01 9.697351956942330542e-01 3.153732693315509407e-03 8.004716284683942362e+00
4.270000000000000284e+01 6.908792541369058737e-01 9.696086121547378145e-01 3.143396217060127808e-03 8.310289885109813923e+00
4.271000000000000085e+01 6.868105216911609689e-01 9.694715035005303516e-01 3.131213757222455624e-03 8.545406423532229567e+00
4.271999999999999886e+01 6.819198812838502821e-01 9.693272712244871414e-01 3.117289548122363120e-03 8.708007750130860813e+00
4.273000000000000398e+01 6.775656210297299475e-01 9.691794417482233470e-01 3.101907926686473319e-03 8.803566456089516379e+00
4.274000000000000199e+01 6.738694036874800508e-01 9.690313899360372130e-01 3.085486041578247053e-03 8.842964092098116069e+00
4.275000000000000000e+01 6.737565431366475677e-01 9.688861063670796137e-01 3.068502213070934456e-03 8.839439145963186917e+00
4.275999999999999801e+01 6.750391552874306367e-01 9.687460532029322779e-01 3.051424590761469754e-03 8.805786395124227894e+00
4.277000000000000313e+01 6.755253807253399634e-01 9.686131235862589506e-01 3.034660121799289192e-03 8.752589781148458314e+00
4.278000000000000114e+01 6.753253330514989994e-01 9.684886913685577525e-01 3.018531552332165760e-03 8.687693081502327885e+00
4.278999999999999915e+01 6.745144541703326224e-01 9.683737209253978628e-01 3.003278359009538961e-03 8.616662402086191719e+00
4.280000000000000426e+01 6.730535790770767468e-01 9.682689005370660462e-01 2.989071514648127762e-03 8.543773056207031757e+00
4.281000000000000227e+01 6.710386464190591926e-01 9.681747645321714391e-01 2.976032005734372161e-03 8.472967276087796762e+00
4.282000000000000028e+01 6.685418358128110139e-01 9.680917783116012032e-01 2.964246139678258351e-03 8.408287476137108030e+00
4.282999999999999829e+01 6.658318336200266252e-01 9.680203770764350679e-01 2.953774513421397567e-03 8.353537303014991977e+00
4.284000000000000341e+01 6.628685714854188893e-01 9.679609669212889678e-01 2.944654767714178362e-03 8.311323192852462682e+00
4.285000000000000142e+01 6.629307894628370112e-01 9.679139051860443654e-01 2.936900344427917711e-03 8.281994653890253133e+00
4.285999999999999943e+01 6.637205348138289773e-01 9.678794766912052205e-01 2.930497924641010249e-03 8.263045050609905573e+00
4.286999999999999744e+01 6.639019593371370265e-01 9.678578722711512761e-01 2.925405557669093475e-03 8.249292709014031999e+00
4.288000000000000256e+01 6.643017754724525048e-01 9.678491753098175110e-01 2.921552537748556191e-03 8.233707590133423793e+00
4.289000000000000057e+01 6.648634299071652931e-01 9.678533556143726901e-01 2.918841120199923509e-03 8.208515793459332244e+00
4.289999999999999858e+01 6.649975533421658147e-01 9.678702665184008014e-01 2.917149984125918735e-03 8.166228665805029152e+00
4.291000000000000369e+01 6.652083444470131557e-01 9.678996437380678053e-01 2.916339046502527087e-03 8.100450425340275373e+00
4.292000000000000171e+01 6.659947146363383030e-01 9.679411036796262691e-01 2.916255207680511653e-03 8.006444664499859698e+00
4.292999999999999972e+01 6.666185601975094244e-01 9.679941375213313437e-01 2.916738654714832145e-03 7.881536808599284072e+00
4.293999999999999773e+01 6.672078260709272124e-01 9.680581039062203796e-01 2.917629453654198984e-03 7.725341605592759286e+00
4.295000000000000284e+01 6.685112111634146093e-01 9.681322342413413162e-01 2.918773854127738529e-03 7.539643809887255799e+00
4.296000000000000085e+01 6.695270750193436093e-01 9.682156455974567644e-01 2.920029715931497013e-03 7.328005970146092452e+00
4.296999999999999886e+01 6.707394273665199247e-01 9.683073548064293767e-01 2.921270568947679884e-03 7.095255291365439199e+00
4.298000000000000398e+01 6.788543250335474788e-01 9.684062950450084140e-01 2.922388209951570608e-03 6.846991487281318456e+00
4.299000000000000199e+01 6.899066069291925896e-01 9.685113268892717731e-01 2.923293953286300144e-03 6.589140339318465323e+00
4.300000000000000000e+01 6.996378811930832331e-01 9.686212492879731073e-01 2.923918859631444329e-03 6.327667776991285464e+00
4.300999999999999801e+01 7.081173598101874189e-01 9.687348146677861038e-01 2.924213139218337539e-03 6.068434666198093907e+00
4.302000000000000313e+01 7.153858227447648099e-01 9.688507407029325336e-01 2.924144902383498269e-03 5.817095897515034864e+00
4.303000000000000114e+01 7.211129838984010609e-01 9.689677195298947998e-01 2.923698307164558727e-03 5.579111136550282346e+00
4.303999999999999915e+01 7.252511384244545445e-01 9.690844279274735129e-01 2.922871407593304657e-03 5.359767007952914497e+00
4.305000000000000426e+01 7.279761190104999669e-01 9.691995373705807326e-01 2.921674127495158500e-03 5.164169347329243820e+00
4.306000000000000227e+01 7.293485141772206859e-01 9.693117208799690854e-01 2.920126597073142115e-03 4.997201678007074932e+00
4.307000000000000028e+01 7.291896344621657811e-01 9.694196567246040619e-01 2.918257864430006364e-03 4.863457162641068088e+00
4.307999999999999829e+01 7.274433771506642055e-01 9.695220311864849450e-01 2.916104723118624099e-03 4.767132269751804152e+00
4.309000000000000341e+01 7.239928347941703146e-01 9.696175412715110076e-01 2.913710264845079372e-03 4.711908501736845167e+00
4.310000000000000142e+01 7.190843196186376129e-01 9.697048965686558830e-01 2.911122000273043669e-03 4.700872403740151917e+00
4.310999999999999943e+01 7.128035491372285426e-01 9.697828183998787877e-01 2.908389599383898790e-03 4.736510326720015485e+00
4.311999999999999744e+01 7.049098217517900666e-01 9.698500366595714794e-01 2.905562080215071119e-03 4.820751161357662795e+00
4.313000000000000256e+01 6.977550075596520296e-01 9.699052854735643603e-01 2.902683951106217741e-03 4.955019363341961913e+00
4.314000000000000057e+01 6.988984475055401990e-01 9.699473133534679548e-01 2.899789468790597326e-03 5.140023280807136885e+00
4.314999999999999858e+01 6.991230695057272237e-01 9.699749071313749083e-01 2.896894594843400783e-03 5.375280888558651604e+00
4.316000000000000369e+01 6.983945554795175648e-01 9.699869240281416838e-01 2.893986278376746435e-03 5.658521116248817151e+00
4.317000000000000171e+01 6.965376893512416068e-01 9.699823421325085571e-01 2.891009713586112015e-03 5.985166490377691773e+00
4.317999999999999972e+01 6.959572223447716421e-01 9.699603294387312280e-01 2.887855401337100641e-03 6.347902001245921078e+00
4.318999999999999773e+01 6.966686693357556637e-01 9.699203184446516524e-01 2.884349321366701507e-03 6.736422115833539337e+00
4.320000000000000284e+01 6.965038043451767802e-01 9.698621131401297113e-01 2.880250569129698228e-03 7.137325141429137432e+00
4.321000000000000085e+01 6.952063118169473643e-01 9.697859816549232459e-01 2.875261054109214554e-03 7.534474868225406574e+00
4.321999999999999886e+01 6.927402223169569773e-01 9.696927456027774062e-01 2.869051657370500115e-03 7.909923672978712794e+00
4.323000000000000398e+01 6.894932543531954172e-01 9.695838508788041654e-01 2.861306037125605634e-03 8.245514714566246184e+00
4.324000000000000199e+01 6.866118802438403446e-01 9.694613857136509250e-01 2.851777832923825182e-03 8.525357932247420223e+00
4.325000000000000000e+01 6.834467322962984870e-01 9.693280284720794393e-01 2.840348779158488081e-03 8.738452355671860516e+00
4.325999999999999801e+01 6.793953898522682167e-01 9.691869063479766622e-01 2.827069737081414329e-03 8.880589308075133914e+00
4.327000000000000313e+01 6.745716102764480748e-01 9.690413841934499839e-01 2.812168601850469508e-03 8.954758528606955537e+00
4.328000000000000114e+01 6.704946916431683279e-01 9.688948126745493550e-01 2.796020107482410314e-03 8.969938066136258215e+00
4.328999999999999915e+01 6.669218292407657067e-01 9.687502879701394010e-01 2.779086469399007567e-03 8.938679989907129197e+00
4.330000000000000426e+01 6.676100430896656501e-01 9.686104705296747497e-01 2.761848196413389800e-03 8.874412748975966991e+00
4.331000000000000227e+01 6.683881627414534066e-01 9.684774915901449566e-01 2.744745347267169705e-03 8.789266232128357004e+00
4.332000000000000028e+01 6.684828917469394227e-01 9.683529500783324417e-01 2.728141824073649496e-03 8.692855133082851182e+00
4.332999999999999829e+01 6.679283834988485324e-01 9.682379803677865215e-01 2.712314371617542685e-03 8.592069457272994981e+00
4.334000000000000341e+01 6.667596627546095167e-01 9.681333599608553664e-01 2.697459743266289803e-03 8.491660860513094988e+00
4.335000000000000142e+01 6.651061313546611231e-01 9.680396252215950348e-01 2.683710669305853537e-03 8.395214196362058345e+00
4.335999999999999943e+01 6.630818599707316574e-01 9.679571681525626081e-01 2.671152721139223411e-03 8.306000628652968842e+00
4.336999999999999744e+01 6.606666214528414960e-01 9.678862993698571504e-01 2.659837395457803188e-03 8.227245538349027498e+00
4.338000000000000256e+01 6.579335319422533468e-01 9.678272754328625105e-01 2.649789841525505580e-03 8.161664068449930198e+00
4.339000000000000057e+01 6.550114908002402370e-01 9.677803003077979360e-01 2.641011973468151974e-03 8.110532037230575142e+00
4.339999999999999858e+01 6.540170228780217698e-01 9.677455154825176376e-01 2.633482887565934301e-03 8.072807247214042192e+00
4.341000000000000369e+01 6.549778814832875051e-01 9.677229868619097175e-01 2.627158699459314784e-03 8.044776290427424925e+00
4.342000000000000171e+01 6.554216485733216357e-01 9.677126968905168658e-01 2.621973025180801553e-03 8.020371109983681635e+00
4.342999999999999972e+01 6.553164742735581028e-01 9.677145384928379501e-01 2.617838713891515717e-03 7.992039313259889255e+00
4.343999999999999773e+01 6.550380942824908237e-01 9.677283089238775116e-01 2.614650836757201769e-03 7.951883971051026734e+00
4.345000000000000284e+01 6.555391954717091352e-01 9.677537030012227648e-01 2.612290751980805934e-03 7.892798680700330749e+00
4.346000000000000085e+01 6.557949389732925516e-01 9.677903070842277522e-01 2.610630902871556667e-03 7.809341235367179834e+00
4.346999999999999886e+01 6.561294768223847607e-01 9.678375893351547354e-01 2.609540158450595997e-03 7.698309440476402976e+00
4.348000000000000398e+01 6.572024789337223005e-01 9.678948963278001250e-01 2.608889337627530620e-03 7.558943392440122366e+00
4.349000000000000199e+01 6.581570962808859226e-01 9.679614598201949915e-01 2.608556401174790158e-03 7.392715930466412289e+00
4.350000000000000000e+01 6.587414830167450663e-01 9.680364092182103253e-01 2.608430793900357904e-03 7.202893144206150566e+00
4.350999999999999801e+01 6.600079956770292799e-01 9.681187837761900949e-01 2.608416541842592615e-03 6.994009138098624234e+00
4.352000000000000313e+01 6.699372298007428839e-01 9.682075469102164877e-01 2.608434042606023930e-03 6.771390234606147196e+00
4.353000000000000114e+01 6.801274897938499597e-01 9.683015974787816393e-01 2.608420675170475701e-03 6.540734095560186923e+00
4.353999999999999915e+01 6.890525472459426704e-01 9.683997815935325715e-01 2.608330500974723361e-03 6.307829647535439399e+00
4.355000000000000426e+01 6.968856634705251629e-01 9.685009069477710231e-01 2.608133226999087822e-03 6.078407159185649888e+00
4.356000000000000227e+01 7.033911443146922959e-01 9.686037553000076405e-01 2.607812601268639629e-03 5.858011280186593339e+00
4.357000000000000028e+01 7.084096142325103651e-01 9.687070930826905402e-01 2.607364367265499298e-03 5.651976597847982120e+00
4.357999999999999829e+01 7.118945933092577505e-01 9.688096830633767809e-01 2.606794034175533882e-03 5.465408995665725911e+00
4.359000000000000341e+01 7.140980584176970236e-01 9.689102945829273228e-01 2.606114824556126155e-03 5.303147797958315479e+00
4.360000000000000142e+01 7.148821332620740598e-01 9.690077102459251357e-01 2.605345993898491950e-03 5.169700460226209771e+00
4.360999999999999943e+01 7.141245050928607396e-01 9.691007297503074769e-01 2.604511490971062743e-03 5.069162840400751158e+00
4.361999999999999744e+01 7.119238655904014390e-01 9.691881721937551930e-01 2.603638733096963042e-03 5.005124567596999086e+00
4.363000000000000256e+01 7.081411630670635393e-01 9.692688776055965461e-01 2.602757248245498190e-03 4.980578381295377888e+00
4.364000000000000057e+01 7.030729574687027972e-01 9.693417059728801632e-01 2.601897108550919706e-03 4.997870031423418347e+00
4.364999999999999858e+01 6.967469622991963041e-01 9.694055346597599820e-01 2.601087119016323463e-03 5.058724177335050420e+00
4.366000000000000369e+01 6.890124887791339026e-01 9.694592488798068342e-01 2.600352456873487612e-03 5.164346308042363276e+00
4.367000000000000171e+01 6.864605548282277647e-01 9.695017406755327416e-01 2.599711092829350319e-03 5.315377002839395182e+00
4.367999999999999972e+01 6.877605756039938401e-01 9.695319133604286543e-01 2.599168603867709967e-03 5.511702527409411800e+00
4.368999999999999773e+01 6.882538954317701796e-01 9.695486947230765873e-01 2.598710878436816946e-03 5.752072906691159560e+00
4.370000000000000284e+01 6.879475645110800786e-01 9.695510678824388329e-01 2.598294787153264569e-03 6.033612087499300891e+00
4.371000000000000085e+01 6.866319389112465199e-01 9.695381170638355250e-01 2.597837512428574375e-03 6.351316950088619073e+00
4.371999999999999886e+01 6.855263701172013002e-01 9.695090872534954940e-01 2.597206411784940688e-03 6.697774365399117968e+00
4.373000000000000398e+01 6.863965873869219969e-01 9.694634609094867628e-01 2.596212183929950783e-03 7.063091590395307762e+00
4.374000000000000199e+01 6.863506984073096673e-01 9.694010546305457110e-01 2.594608854976242565e-03 7.434831480370058365e+00
4.375000000000000000e+01 6.854564616901654972e-01 9.693221036668805413e-01 2.592104320864570179e-03 7.798417001700936879e+00
4.375999999999999801e+01 6.835191696670874784e-01 9.692273488633920131e-01 2.588384356581326096e-03 8.137757893945298804e+00
4.377000000000000313e+01 6.806252395940864952e-01 9.691181030233900762e-01 2.583150981399157890e-03 8.436570041841749301e+00
4.378000000000000114e+01 6.782513232590470231e-01 9.689962723777961751e-01 2.576171602785154620e-03 8.680426830785647141e+00
4.378999999999999915e+01 6.754488183639213439e-01 9.688643227759485832e-01 2.567329389675182885e-03 8.858986165834462412e+00
4.380000000000000426e+01 6.720845137458977270e-01 9.687251682952022769e-01 2.556660706272312865e-03 8.967784438305050898e+00
4.381000000000000227e+01 6.679887965811593942e-01 9.685819972907141473e-01 2.544366204099637527e-03 9.008896757409841527e+00
4.382000000000000028e+01 6.633974095205130705e-01 9.684380514651244054e-01 2.530789590185315852e-03 8.990264573078350807e+00
4.382999999999999829e+01 6.598536328592496947e-01 9.682964000385980707e-01 2.516368712718712770e-03 8.923855185239101928e+00
4.384000000000000341e+01 6.583864335420361869e-01 9.681597515748996408e-01 2.501573207195325124e-03 8.823292251791999163e+00
4.385000000000000142e+01 6.590019248872273083e-01 9.680303359360070692e-01 2.486846163829871566e-03 8.701630709857612445e+00
4.385999999999999943e+01 6.592317710820828625e-01 9.679098687034546344e-01 2.472563228205589946e-03 8.569769027204772627e+00
4.386999999999999744e+01 6.588819300400360346e-01 9.677995872258160492e-01 2.459014015670456070e-03 8.435738820527408421e+00
4.388000000000000256e+01 6.579789995463619645e-01 9.677003326903781399e-01 2.446402551589090674e-03 8.304877339192227481e+00
4.389000000000000057e+01 6.565589674817795540e-01 9.676126485041295355e-01 2.434859161158067515e-03 8.180649547954109480e+00
4.389999999999999858e+01 6.547324781641237212e-01 9.675368703643103530e-01 2.424456300893239324e-03 8.065672636225226455e+00
4.391000000000000369e+01 6.525665260849626836e-01 9.674731938449350199e-01 2.415223186517339964e-03 7.962385360288079639e+00
4.392000000000000171e+01 6.501245705286932131e-01 9.674217151081669908e-01 2.407156774369813637e-03 7.873015680304957797e+00
4.392999999999999972e+01 6.474817157824697134e-01 9.673824508223644036e-01 2.400228790626307823e-03 7.798888708410423476e+00
4.393999999999999773e+01 6.469344880399361397e-01 9.673553456012786711e-01 2.394389969168561616e-03 7.739489167229423927e+00
4.395000000000000284e+01 6.477399178002878344e-01 9.673402783745337352e-01 2.389572833400691303e-03 7.691773152774946887e+00
4.396000000000000085e+01 6.480260731537053065e-01 9.673370647440258097e-01 2.385694273037202058e-03 7.650128039860899065e+00
4.396999999999999886e+01 6.479024662329487816e-01 9.673454544370422292e-01 2.382658509451852404e-03 7.607076669906223110e+00
4.398000000000000398e+01 6.473295717357810952e-01 9.673651228649988720e-01 2.380360607532747835e-03 7.554532402163862237e+00
4.399000000000000199e+01 6.475410957358170849e-01 9.673956605543014842e-01 2.378690397899988276e-03 7.485165159589636907e+00
4.400000000000000000e+01 6.477433832376652267e-01 9.674365572416263603e-01 2.377536841237070861e-03 7.393544255779173291e+00
4.400999999999999801e+01 6.476047133069566808e-01 9.674871954615352765e-01 2.376792531121347390e-03 7.276769630967131697e+00
4.402000000000000313e+01 6.480670387265111687e-01 9.675468529635437021e-01 2.376358000051916226e-03 7.134492424738300365e+00
4.403000000000000114e+01 6.489719239320433930e-01 9.676147126417397049e-01 2.376145438164085390e-03 6.968553697605484487e+00
4.403999999999999915e+01 6.496514755117579476e-01 9.676898741856322372e-01 2.376081418258155047e-03 6.782444400609352719e+00
4.405000000000000426e+01 6.607379367771616385e-01 9.677713691515954508e-01 2.376108445155932988e-03 6.580777798550428770e+00
4.406000000000000227e+01 6.707540234406123014e-01 9.678581705791728940e-01 2.376185272717064052e-03 6.368789368028322073e+00
4.407000000000000028e+01 6.798132477722330647e-01 9.679492036313779302e-01 2.376286229657573364e-03 6.152000717993216128e+00
4.407999999999999829e+01 6.876573934229766039e-01 9.680433605136959940e-01 2.376399780006904078e-03 5.935989253072788685e+00
4.409000000000000341e+01 6.942047261444423967e-01 9.681395140112076803e-01 2.376526550313450524e-03 5.726222652847940076e+00
4.410000000000000142e+01 6.993753908532095442e-01 9.682365298758435213e-01 2.376676938361532015e-03 5.527986266925250192e+00
4.410999999999999943e+01 7.032157560912072336e-01 9.683332787035017208e-01 2.376868557292724851e-03 5.346334948577417201e+00
4.411999999999999744e+01 7.058659408542952152e-01 9.684286468991328833e-01 2.377123848709405789e-03 5.186035757425132786e+00
4.413000000000000256e+01 7.070791478086405624e-01 9.685215453925702933e-01 2.377468116689125145e-03 5.051498004635873507e+00
4.414000000000000057e+01 7.068601181801243971e-01 9.686109141176362236e-01 2.377928087252930214e-03 4.946702033254919861e+00
4.414999999999999858e+01 7.053346875930345261e-01 9.686957231692966408e-01 2.378530894043100630e-03 4.875117487391932514e+00
4.416000000000000369e+01 7.024961563556983979e-01 9.687749720929916819e-01 2.379303239409257323e-03 4.839618920970796268e+00
4.417000000000000171e+01 6.984936308826172890e-01 9.688476872997212608e-01 2.380270519727654445e-03 4.842428619601357731e+00
4.417999999999999972e+01 6.933264682348869723e-01 9.689129175818765871e-01 2.381455873095910877e-03 4.885100119214046188e+00
4.418999999999999773e+01 6.869591899187229567e-01 9.689697272947126461e-01 2.382879076379212924e-03 4.968600758932087302e+00
4.420000000000000284e+01 6.794471165900222154e-01 9.690171824772162434e-01 2.384554906836840529e-03 5.093426757667507410e+00
4.421000000000000085e+01 6.740243556852235640e-01 9.690543492890782984e-01 2.386490392335833752e-03 5.259597547041686028e+00
4.421999999999999886e+01 6.754343769727931823e-01 9.690802886588832932e-01 2.388680532305933937e-03 5.466515789674407877e+00
4.423000000000000398e+01 6.759564194570336637e-01 9.690940646182620855e-01 2.391102198878080655e-03 5.712689447023082678e+00
4.424000000000000199e+01 6.757944321482748373e-01 9.690947664363525060e-01 2.393706277765972334e-03 5.995264472316214288e+00
4.425000000000000000e+01 6.747872364208579166e-01 9.690815466256652577e-01 2.396408664591816087e-03 6.309578799030849616e+00
4.425999999999999801e+01 6.744929471522487230e-01 9.690536722394987867e-01 2.399081595781844822e-03 6.648945977097561411e+00
4.427000000000000313e+01 6.753569374664620817e-01 9.690105937945987513e-01 2.401547438450851984e-03 7.004613523862488478e+00
4.428000000000000114e+01 6.752938797054817144e-01 9.689520371626176853e-01 2.403577757846854339e-03 7.365671683605964581e+00
4.428999999999999915e+01 6.744865527039900499e-01 9.688780857561991589e-01 2.404900644561567061e-03 7.719300931650755260e+00
4.430000000000000426e+01 6.728347604473474686e-01 9.687892680300453918e-01 2.405218864589744182e-03 8.051116736210481406e+00
4.431000000000000227e+01 6.705545604721359076e-01 9.686866308845462070e-01 2.404240115295610061e-03 8.346049914291448601e+00
4.432000000000000028e+01 6.689114402158438111e-01 9.685717799521742499e-01 2.401717920929391167e-03 8.589948050435879168e+00
4.432999999999999829e+01 6.664329828354705887e-01 9.684468745865533190e-01 2.397496960960137247e-03 8.771556150280749975e+00
4.434000000000000341e+01 6.634029510680884423e-01 9.683145601669107538e-01 2.391552467643567013e-03 8.884385991343311417e+00
4.435000000000000142e+01 6.598071267908839355e-01 9.681778353616077304e-01 2.384011198742648323e-03 8.927894816509461151e+00
4.435999999999999943e+01 6.557329389956170207e-01 9.680398667159608728e-01 2.375145657670268452e-03 8.907517121702129614e+00
4.436999999999999744e+01 6.522897796138823479e-01 9.679037748333398916e-01 2.365340570123343564e-03 8.833546026016353636e+00
4.438000000000000256e+01 6.510158521832616341e-01 9.677724325223067137e-01 2.355039954808061786e-03 8.719156246953360778e+00
4.439000000000000057e+01 6.507612287962126763e-01 9.676483111077497368e-01 2.344689115578440976e-03 8.578157443303595642e+00
4.439999999999999858e+01 6.508905657626742336e-01 9.675333985496210598e-01 2.334685993353919492e-03 8.423018556725324402e+00
4.441000000000000369e+01 6.506131233373372291e-01 9.674291920236604003e-01 2.325350897972987968e-03 8.263567027257119335e+00
4.442000000000000171e+01 6.498391974848114483e-01 9.673367478470817904e-01 2.316915887649066350e-03 8.106566782032579965e+00
4.442999999999999972e+01 6.486021945805325872e-01 9.672567601308683649e-01 2.309529023513609298e-03 7.956169898958259878e+00
4.443999999999999773e+01 6.469371976473392571e-01 9.671896423796886300e-01 2.303266648597255759e-03 7.814924323513757543e+00
4.445000000000000284e+01 6.449338365609542656e-01 9.671355950197053630e-01 2.298147896079366908e-03 7.684790337026964124e+00
4.446000000000000085e+01 6.427387050751010023e-01 9.670946536026322482e-01 2.294147927262321467e-03 7.567605191824775090e+00
4.446999999999999886e+01 6.428464947566553400e-01 9.670667201160010329e-01 2.291208658863700016e-03 7.464758241453505860e+00
4.448000000000000398e+01 6.434926454007794394e-01 9.670515921455447028e-01 2.289246963730553683e-03 7.376238999164345778e+00
4.449000000000000199e+01 6.436897353547619272e-01 9.670489869541689654e-01 2.288161173295795176e-03 7.299664448119887794e+00
4.450000000000000000e+01 6.434964285997633038e-01 9.670585590414152444e-01 2.287836759278893354e-03 7.229912063262744937e+00
4.450999999999999801e+01 6.429210237558053986e-01 9.670799052916339011e-01 2.288151599946842626e-03 7.159676759237066257e+00
4.452000000000000313e+01 6.420323497759143905e-01 9.671125543631612365e-01 2.288981024330522668e-03 7.080824903438076134e+00
4.453000000000000114e+01 6.417810731662114687e-01 9.671559473748732039e-01 2.290202814932913982e-03 6.986066223115752649e+00
4.453999999999999915e+01 6.419151370228430853e-01 9.672094256686012415e-01 2.291701995818865457e-03 6.870233169925967331e+00
4.455000000000000426e+01 6.417233206245332999e-01 9.672722296767796157e-01 2.293375206547483385e-03 6.730856874889498798e+00
4.456000000000000227e+01 6.427223726297620621e-01 9.673435074037171066e-01 2.295134327493595933e-03 6.568100285594082877e+00
4.457000000000000028e+01 6.536296660936137259e-01 9.674223324548234526e-01 2.296909051693769247e-03 6.384309815836012092e+00
4.457999999999999829e+01 6.650849532002235387e-01 9.675077173388934026e-01 2.298648120316621173e-03 6.183362177190095288e+00
4.459000000000000341e+01 6.754534712933160101e-01 9.675986256306514655e-01 2.300319181871407579e-03 5.970076207526765266e+00
4.460000000000000142e+01 6.846304765429803707e-01 9.676939857910510367e-01 2.301907442899546637e-03 5.749748020754698707e+00
4.460999999999999943e+01 6.925438434434251223e-01 9.677927044691795322e-01 2.303413398280744137e-03 5.527816579221226156e+00
4.461999999999999744e+01 6.993265021713197527e-01 9.678936814863980942e-01 2.304849883234929946e-03 5.309675180689098717e+00
4.463000000000000256e+01 7.048471635530358936e-01 9.679958236977054264e-01 2.306238794745714502e-03 5.100578029979473627e+00
4.464000000000000057e+01 7.090445674935066389e-01 9.680980574784001647e-01 2.307607839809410095e-03 4.905565583650120409e+00
4.464999999999999858e+01 7.118913698738553730e-01 9.681993391371342961e-01 2.308987642099551239e-03 4.729403916761942384e+00
4.466000000000000369e+01 7.133878560301279981e-01 9.682986631161731861e-01 2.310409496698082217e-03 4.576530911724913331e+00
4.467000000000000171e+01 7.138797996627979092e-01 9.683950664379308293e-01 2.311903932606380711e-03 4.450986973636582356e+00
4.467999999999999972e+01 7.131207360268468909e-01 9.684876285752868075e-01 2.313500033896770391e-03 4.356332025900937488e+00
4.468999999999999773e+01 7.111355696160982509e-01 9.685754673631439271e-01 2.315225285738480368e-03 4.295563856693966009e+00
4.470000000000000284e+01 7.079996683549090175e-01 9.686577327405010429e-01 2.317105612913625094e-03 4.271050504389492630e+00
4.471000000000000085e+01 7.038515691079758607e-01 9.687335985630375346e-01 2.319165365796277585e-03 4.284498605491265266e+00
4.471999999999999886e+01 6.987406555862527568e-01 9.688022531735130949e-01 2.321427212479935161e-03 4.336983067312097262e+00
4.473000000000000398e+01 6.928789440905606112e-01 9.688628869275535127e-01 2.323911899314681870e-03 4.429050612932122988e+00
4.474000000000000199e+01 6.861738142031077459e-01 9.689146791876486198e-01 2.326637626140788413e-03 4.560892769471499797e+00
4.475000000000000000e+01 6.785920392341534546e-01 9.689567810845680640e-01 2.329618501173689668e-03 4.732494780271871981e+00
4.475999999999999801e+01 6.715376227821109323e-01 9.689883152058293980e-01 2.332861549804533374e-03 4.943553621382884344e+00
4.477000000000000313e+01 6.720855090031790935e-01 9.690083736116970048e-01 2.336361952573638365e-03 5.193195932987772601e+00
4.478000000000000114e+01 6.719080104812055199e-01 9.690160319700560354e-01 2.340096327356006294e-03 5.479595649407084323e+00
4.478999999999999915e+01 6.713048374476542346e-01 9.690103783847900942e-01 2.344014258968935005e-03 5.799523314436495269e+00
4.480000000000000426e+01 6.726187779436647585e-01 9.689905621818821757e-01 2.348028898449413225e-03 6.147999995274529894e+00
4.481000000000000227e+01 6.730580004045942921e-01 9.689558541611686948e-01 2.352008313834176578e-03 6.518129514317560158e+00
4.482000000000000028e+01 6.727470203652081704e-01 9.689057288956099967e-01 2.355769839100537062e-03 6.900950003283056411e+00
4.482999999999999829e+01 6.718226135981776315e-01 9.688399626294017519e-01 2.359080203412673368e-03 7.285197924220384813e+00
4.484000000000000341e+01 6.701716649852365038e-01 9.687587212601218578e-01 2.361664554214428120e-03 7.657469790217098726e+00
4.485000000000000142e+01 6.690061135748062160e-01 9.686626518753427284e-01 2.363226969746502672e-03 8.002629430677398403e+00
4.485999999999999943e+01 6.670090669810461170e-01 9.685529566508930266e-01 2.363483803564995350e-03 8.304956351405436976e+00
4.486999999999999744e+01 6.642263289595092823e-01 9.684314284039088339e-01 2.362207741073249490e-03 8.550065575473119850e+00
4.488000000000000256e+01 6.610198907772836252e-01 9.683004365281402404e-01 2.359275198539267579e-03 8.727126121326740815e+00
4.489000000000000057e+01 6.572610172605786172e-01 9.681628411326650419e-01 2.354705060487083564e-03 8.830807890705331786e+00
4.489999999999999858e+01 6.531849304402548295e-01 9.680218402776399333e-01 2.348675509907778916e-03 8.862288356045670668e+00
4.491000000000000369e+01 6.507095444987546218e-01 9.678807631483060669e-01 2.341511149345442810e-03 8.828948640159399730e+00
4.492000000000000171e+01 6.504563506334607448e-01 9.677428423500861188e-01 2.333641497104137815e-03 8.742828825668620851e+00
4.492999999999999972e+01 6.500455272163857545e-01 9.676110096735285326e-01 2.325541922900546329e-03 8.618306572667533416e+00
4.493999999999999773e+01 6.498333382899640354e-01 9.674877521022965388e-01 2.317673222797370525e-03 8.469676887271903709e+00
4.495000000000000284e+01 6.491747970542925961e-01 9.673750479636622490e-01 2.310434355919603350e-03 8.309205507367204646e+00
4.496000000000000085e+01 6.480480145936393654e-01 9.672743782424303438e-01 2.304135742583055500e-03 8.146018759730830894e+00
4.496999999999999886e+01 6.465001741605924668e-01 9.671867887595703150e-01 2.298992192765465618e-03 7.985960801475470383e+00
4.498000000000000398e+01 6.445843455508034614e-01 9.671129705806343901e-01 2.295129273481803095e-03 7.832316393232956031e+00
4.499000000000000199e+01 6.435709483719201929e-01 9.670533331374304709e-01 2.292596053137268067e-03 7.686975952682775670e+00
4.500000000000000000e+01 6.445532403830387391e-01 9.670080575736604844e-01 2.291379102821889530e-03 7.551427464115580079e+00
4.500999999999999801e+01 6.450931172505283140e-01 9.669771283044537036e-01 2.291415344218496793e-03 7.427045022752031933e+00
4.502000000000000313e+01 6.451844466930171107e-01 9.669603637225492321e-01 2.292603133224140315e-03 7.314427245036942971e+00
4.503000000000000114e+01 6.448465664426168420e-01 9.669574481367202434e-01 2.294811957960093962e-03 7.212223190856120958e+00
4.503999999999999915e+01 6.442675756642443075e-01 9.669679656043046467e-01 2.297891476240383757e-03 7.116226070953070248e+00
4.505000000000000426e+01 6.433110232464775979e-01 9.669914220186568432e-01 2.301680015313214197e-03 7.019460001891094869e+00
4.506000000000000227e+01 6.426339644467286005e-01 9.670272384422144984e-01 2.306012733493544194e-03 6.913570532383609191e+00
4.507000000000000028e+01 6.426534846315753446e-01 9.670747302114294230e-01 2.310729308791905755e-03 6.790874685925909482e+00
4.507999999999999829e+01 6.424149449261834510e-01 9.671330888631056721e-01 2.315680989761273890e-03 6.646040077404343549e+00
4.509000000000000341e+01 6.454354685063622421e-01 9.672013825595984216e-01 2.320736645904491243e-03 6.476846201140372905e+00
4.510000000000000142e+01 6.568195218892536325e-01 9.672785786560279542e-01 2.325787345735400111e-03 6.284081751592214715e+00
4.510999999999999943e+01 6.698557778324437662e-01 9.673635663808159979e-01 2.330748967930864474e-03 6.070872804053777827e+00
4.511999999999999744e+01 6.816348340929947458e-01 9.674551802336691653e-01 2.335562720584225330e-03 5.841903368187155721e+00
4.513000000000000256e+01 6.920449529353194240e-01 9.675522202633225488e-01 2.340193771084788862e-03 5.602692971440884406e+00
4.514000000000000057e+01 7.010071609473830234e-01 9.676534702996244519e-01 2.344628245311903246e-03 5.359023760948105952e+00
4.514999999999999858e+01 7.087357832746591368e-01 9.677577169823595726e-01 2.348869023026107020e-03 5.116608538976945120e+00
4.516000000000000369e+01 7.150214230412776928e-01 9.678637671895736760e-01 2.352930978091140237e-03 4.880949634656916558e+00
4.517000000000000171e+01 7.198351282658022043e-01 9.679704638406241290e-01 2.356836258751231553e-03 4.657271258786471080e+00
4.517999999999999972e+01 7.232312485866461138e-01 9.680766986350699543e-01 2.360610146695717605e-03 4.450495714646193868e+00
4.518999999999999773e+01 7.252354104674383350e-01 9.681814202251692869e-01 2.364277960636647184e-03 4.265226698711808595e+00
4.520000000000000284e+01 7.262468477940976497e-01 9.682836382470414449e-01 2.367863251772273601e-03 4.105706171948123817e+00
4.521000000000000085e+01 7.259932904109231977e-01 9.683824229162689701e-01 2.371387260455912888e-03 3.975749445306584917e+00
4.521999999999999886e+01 7.245366929982631765e-01 9.684768997207063856e-01 2.374869357063560081e-03 3.878665759129679813e+00
4.523000000000000398e+01 7.219897425975715377e-01 9.685662397893056719e-01 2.378328043434239578e-03 3.817178297383206242e+00
4.524000000000000199e+01 7.185099802593926110e-01 9.686496478202961669e-01 2.381782047054423982e-03 3.793367400724134697e+00
4.525000000000000000e+01 7.141344073402252635e-01 9.687263490013509060e-01 2.385251147543156203e-03 3.808655726758223281e+00
4.525999999999999801e+01 7.090585560931000897e-01 9.687955752823352862e-01 2.388756652108705268e-03 3.863858792041564350e+00
4.527000000000000313e+01 7.031557966907389101e-01 9.688565503366345366e-01 2.392321560467823398e-03 3.959324626806432601e+00
4.528000000000000114e+01 6.964504290140781650e-01 9.689084723855041492e-01 2.395970235449816632e-03 4.095137319244728680e+00
4.528999999999999915e+01 6.889352769777736807e-01 9.689504987279922155e-01 2.399727187743796140e-03 4.271312320686867281e+00
4.530000000000000426e+01 6.809987364680404331e-01 9.689817328062914070e-01 2.403614391768401672e-03 4.487822711516649576e+00
4.531000000000000227e+01 6.818043603092009963e-01 9.690012318367438038e-01 2.407646720928434837e-03 4.744326904059232852e+00
4.532000000000000028e+01 6.835589180797900788e-01 9.690080157654930026e-01 2.411825137480428771e-03 5.039687617488838534e+00
4.532999999999999829e+01 6.845315917184303656e-01 9.690010963024656698e-01 2.416127654108068609e-03 5.371516024153372371e+00
4.534000000000000341e+01 6.845479949573833878e-01 9.689795223634906085e-01 2.420498668335847696e-03 5.735752877068183153e+00
4.535000000000000142e+01 6.837067339259359500e-01 9.689424495169803864e-01 2.424838108633716512e-03 6.126355516852841632e+00
4.535999999999999943e+01 6.827137725095091536e-01 9.688892124092489677e-01 2.428992630011210779e-03 6.535021281920893266e+00
4.536999999999999744e+01 6.817260852228448353e-01 9.688194329856819609e-01 2.432751764936332082e-03 6.950821593006204502e+00
4.538000000000000256e+01 6.799399346392074328e-01 9.687331166923447423e-01 2.435852325995091234e-03 7.360116350887545345e+00
4.539000000000000057e+01 6.772504210782765988e-01 9.686307497823239965e-01 2.437994887544477334e-03 7.746948903577592027e+00
4.539999999999999858e+01 6.737957655153914427e-01 9.685133885166522516e-01 2.438874825273309489e-03 8.094079508511434540e+00
4.541000000000000369e+01 6.698215493286528988e-01 9.683827150976560549e-01 2.438227755899170790e-03 8.384992791759293240e+00
4.542000000000000171e+01 6.652539767031746543e-01 9.682410410209619789e-01 2.435883003573743096e-03 8.606450448520540419e+00
4.542999999999999972e+01 6.632960418313600393e-01 9.680912376750593351e-01 2.431812489747760785e-03 8.750877755843406547e+00
4.543999999999999773e+01 6.609971064580760780e-01 9.679365867869145212e-01 2.426158822143683301e-03 8.817806165812422492e+00
4.545000000000000284e+01 6.590605014808567086e-01 9.677805669616531548e-01 2.419231048290341763e-03 8.813801358695803501e+00
4.546000000000000085e+01 6.577548004139316395e-01 9.676266089234573098e-01 2.411466404073780642e-03 8.750886465406189529e+00
4.546999999999999886e+01 6.565191006158469511e-01 9.674778692786147882e-01 2.403368729972276546e-03 8.643985791099574101e+00
4.548000000000000398e+01 6.548196555729871582e-01 9.673370658385948007e-01 2.395441692569359824e-03 8.508238688055259402e+00
4.549000000000000199e+01 6.527923986602733875e-01 9.672063986459863427e-01 2.388134217787621794e-03 8.356881701821906816e+00
4.550000000000000000e+01 6.503795369633298407e-01 9.670875541614569748e-01 2.381807807078480978e-03 8.200064657478838726e+00
4.550999999999999801e+01 6.511545223370205360e-01 9.669817679629901797e-01 2.376725726691079812e-03 8.044638286862253906e+00
4.552000000000000313e+01 6.516011157108235752e-01 9.668899119399371189e-01 2.373057431999286634e-03 7.894719415149978659e+00
4.553000000000000114e+01 6.516240058561532100e-01 9.668125740825004311e-01 2.370890159230738467e-03 7.752693659832474715e+00
4.553999999999999915e+01 6.512307329518126631e-01 9.667501138059790833e-01 2.370241828180108621e-03 7.620157562399097806e+00
4.555000000000000426e+01 6.503608765796200508e-01 9.667026897186912215e-01 2.371072493074269892e-03 7.498348430472478121e+00
4.556000000000000227e+01 6.494813667302731242e-01 9.666702696331104239e-01 2.373294137306414687e-03 7.387840376555240063e+00
4.557000000000000028e+01 6.496476855009477580e-01 9.666526482364723449e-01 2.376779532021042977e-03 7.287577227537460622e+00
4.557999999999999829e+01 6.495430597296719677e-01 9.666494734022605950e-01 2.381371202732673713e-03 7.193834394108311159e+00
4.559000000000000341e+01 6.491945228612318042e-01 9.666602794231803353e-01 2.386890964229381254e-03 7.099831770676828135e+00
4.560000000000000142e+01 6.498788351968716182e-01 9.666845028655163263e-01 2.393149715429902184e-03 6.996609621271677071e+00
4.560999999999999943e+01 6.502232390291050601e-01 9.667214700539163985e-01 2.399957250520157008e-03 6.875186855892154725e+00
4.561999999999999744e+01 6.501551118221222669e-01 9.667703714505394563e-01 2.407131605145279660e-03 6.728880660618300702e+00
4.563000000000000256e+01 6.500148197432663588e-01 9.668302456259080246e-01 2.414507520585214891e-03 6.554695455378388047e+00
4.564000000000000057e+01 6.559437210428864518e-01 9.668999964078047737e-01 2.421943365413141772e-03 6.353417352832171794e+00
4.564999999999999858e+01 6.690723544152999969e-01 9.669784223217495756e-01 2.429325734443483868e-03 6.128769661674646763e+00
4.566000000000000369e+01 6.819256165450650053e-01 9.670642500516137829e-01 2.436571267649391588e-03 5.886314459867930893e+00
4.567000000000000171e+01 6.932676493069824808e-01 9.671561633264214031e-01 2.443625835364495943e-03 5.632497724297178543e+00
4.567999999999999972e+01 7.030075672917096563e-01 9.672528266187176982e-01 2.450461450380001221e-03 5.373897553183052622e+00
4.568999999999999773e+01 7.112529771751698870e-01 9.673529088335393045e-01 2.457071441407952632e-03 5.116780066805188376e+00
4.570000000000000284e+01 7.180233115771884611e-01 9.674551043070414025e-01 2.463464751077401507e-03 4.866959379179961687e+00
4.571000000000000085e+01 7.231871778848648624e-01 9.675581520290884585e-01 2.469660191178712008e-03 4.629786289194647964e+00
4.571999999999999886e+01 7.268137880631339032e-01 9.676608507321813324e-01 2.475681379955691451e-03 4.410189168136550819e+00
4.573000000000000398e+01 7.289392648009285214e-01 9.677620686963116503e-01 2.481552965824211556e-03 4.212743775831750526e+00
4.574000000000000199e+01 7.298884757986319194e-01 9.678607484905247249e-01 2.487298328462800995e-03 4.041655637113055199e+00
4.575000000000000000e+01 7.296326924615752496e-01 9.679559042244794131e-01 2.492938917542836513e-03 3.900714197923476068e+00
4.575999999999999801e+01 7.281889680738417026e-01 9.680466151483332338e-01 2.498494762783645684e-03 3.793241108348981872e+00
4.577000000000000313e+01 7.256969967690265477e-01 9.681320156036634650e-01 2.503985691660636555e-03 3.722056631060567611e+00
4.578000000000000114e+01 7.220943882270175473e-01 9.682112819297065132e-01 2.509432612706533755e-03 3.689391053921835972e+00
4.578999999999999915e+01 7.174378744998812785e-01 9.682836163518093731e-01 2.514858608861762247e-03 3.696828261234048618e+00
4.580000000000000426e+01 7.121598369305934817e-01 9.683482329616422968e-01 2.520289462518413102e-03 3.745326888304954416e+00
4.581000000000000227e+01 7.059999221520981694e-01 9.684043429759401356e-01 2.525753626739174820e-03 3.835327700820278629e+00
4.582000000000000028e+01 6.989776989746423475e-01 9.684511384481944152e-01 2.531281611859420577e-03 3.966941660148677773e+00
4.582999999999999829e+01 6.913413079086884183e-01 9.684877769009138104e-01 2.536904440924586755e-03 4.140136013651947167e+00
4.584000000000000341e+01 6.869137249416983337e-01 9.685133663506630963e-01 2.542650671247235778e-03 4.354825320857792725e+00
4.585000000000000142e+01 6.887301917026679154e-01 9.685269716927562555e-01 2.548541446017035892e-03 4.610648170741075802e+00
4.585999999999999943e+01 6.899383231330128430e-01 9.685276234291365638e-01 2.554583286374871327e-03 4.906487710585254902e+00
4.586999999999999744e+01 6.901610231239002635e-01 9.685143446342829865e-01 2.560758572220159061e-03 5.239949846780935339e+00
4.588000000000000256e+01 6.895354870613760179e-01 9.684861957066038807e-01 2.567014284241984391e-03 5.606863011735032210e+00
4.589000000000000057e+01 6.887356631152811159e-01 9.684423430425668222e-01 2.573250416455867204e-03 6.000879687272083096e+00
4.589999999999999858e+01 6.876348266848603119e-01 9.683821321965497830e-01 2.579310460941178045e-03 6.413191166713515301e+00
4.591000000000000369e+01 6.857910853432555021e-01 9.683051973919596378e-01 2.584977144102002054e-03 6.832238470835624078e+00
4.592000000000000171e+01 6.831374446250049193e-01 9.682115610642150205e-01 2.589977061448514497e-03 7.243724977182750102e+00
4.592999999999999972e+01 6.798101626191739300e-01 9.681017339931702326e-01 2.593998270376039403e-03 7.631110984050483381e+00
4.593999999999999773e+01 6.757653999717387894e-01 9.679768058995241731e-01 2.596723299212234416e-03 7.976746204791377970e+00
4.595000000000000284e+01 6.714748154317490281e-01 9.678384991187669595e-01 2.597876934163986448e-03 8.263971566623883547e+00
4.596000000000000085e+01 6.697456981307983170e-01 9.676891662036546382e-01 2.597281556657780530e-03 8.479733716064469462e+00
4.596999999999999886e+01 6.677898194890974359e-01 9.675317099778605323e-01 2.594906438919934374e-03 8.616965907100953004e+00
4.598000000000000398e+01 6.658033822043405436e-01 9.673694244651169782e-01 2.590894447741984817e-03 8.675902899915664435e+00
4.599000000000000199e+01 6.632944076286942936e-01 9.672057740883581722e-01 2.585555214425497121e-03 8.663822697140169282e+00
4.600000000000000000e+01 6.600644870185592428e-01 9.670441495248196517e-01 2.579324502822261285e-03 8.593262062516707545e+00
4.600999999999999801e+01 6.566100996185930683e-01 9.668876498348446535e-01 2.572701784433386023e-03 8.479359745676250171e+00
4.602000000000000313e+01 6.533752719134273690e-01 9.667389310615394082e-01 2.566184649925065155e-03 8.337218936663813196e+00
4.603000000000000114e+01 6.506821849508693800e-01 9.666001407335852447e-01 2.560216843405727777e-03 8.179972317948287497e+00
4.603999999999999915e+01 6.514406559156727949e-01 9.664729319404902208e-01 2.555158370226898699e-03 8.017824563864103027e+00
4.605000000000000426e+01 6.518261798006422802e-01 9.663585310546126683e-01 2.551276637360893555e-03 7.857990354515152376e+00
4.606000000000000227e+01 6.516821880273655498e-01 9.662578265776611275e-01 2.548751612249720248e-03 7.705237309120550826e+00
4.607000000000000028e+01 6.511443550823289295e-01 9.661714495446394046e-01 2.547686979809731141e-03 7.562673698698113789e+00
4.607999999999999829e+01 6.504960807900057596e-01 9.660998279043790937e-01 2.548121729407387334e-03 7.432407362550272900e+00
4.609000000000000341e+01 6.509502692302919780e-01 9.660432125079838617e-01 2.550039768938487141e-03 7.315771806564571378e+00
4.610000000000000142e+01 6.510125287060631871e-01 9.660016808361581164e-01 2.553377508158466598e-03 7.213056236609800997e+00
4.610999999999999943e+01 6.507204726395602323e-01 9.659751382739936165e-01 2.558030654962374466e-03 7.122841197956603310e+00
4.611999999999999744e+01 6.507529295386179635e-01 9.659633316795068758e-01 2.563861233864786222e-03 7.041256586948688501e+00
4.613000000000000256e+01 6.513933855717644050e-01 9.659658744401865560e-01 2.570705694373225103e-03 6.961641478745209000e+00
4.614000000000000057e+01 6.516025721037240759e-01 9.659822749110802409e-01 2.578383899701006468e-03 6.875018585705679364e+00
4.614999999999999858e+01 6.513910373631037753e-01 9.660119422624737773e-01 2.586708653751843955e-03 6.771717655764837751e+00
4.616000000000000369e+01 6.508242107661507125e-01 9.660541699416486106e-01 2.595495199754212050e-03 6.643658692774293328e+00
4.617000000000000171e+01 6.498166580305764217e-01 9.661081102439340595e-01 2.604570232835047312e-03 6.486190562862771181e+00
4.617999999999999972e+01 6.496707547250857306e-01 9.661727691525288098e-01 2.613779864287730896e-03 6.298712631581328658e+00
4.618999999999999773e+01 6.595673911154662505e-01 9.662470280591755056e-01 2.622995806934249816e-03 6.084092569628044345e+00
4.620000000000000284e+01 6.729498293116615848e-01 9.663296746932423797e-01 2.632119047303104614e-03 5.847479643916980940e+00
4.621000000000000085e+01 6.854539239075227997e-01 9.664194367255479756e-01 2.641080825052157313e-03 5.595210821527883738e+00
4.621999999999999886e+01 6.964338394447263658e-01 9.665150074760784360e-01 2.649841147169775500e-03 5.333952336555723761e+00
4.623000000000000398e+01 7.060296494761230113e-01 9.666150698166005029e-01 2.658385161962797429e-03 5.070112361189047512e+00
4.624000000000000199e+01 7.140972813139263575e-01 9.667183173596712864e-01 2.666718038163404941e-03 4.809604450088156291e+00
4.625000000000000000e+01 7.205755865731737764e-01 9.668234742068710919e-01 2.674859165294838064e-03 4.557818806227501796e+00
4.625999999999999801e+01 7.254838008013796413e-01 9.669293126212827882e-01 2.682836544627145541e-03 4.319700725968611543e+00
4.627000000000000313e+01 7.289409026985036455e-01 9.670346696649355644e-01 2.690681895042872172e-03 4.099842562739124396e+00
4.628000000000000114e+01 7.311021014321728018e-01 9.671384519329592200e-01 2.698427123426579491e-03 3.902484936364428947e+00
4.628999999999999915e+01 7.320815052001976575e-01 9.672396378607727163e-01 2.706102364875762577e-03 3.731559538812077026e+00
4.630000000000000426e+01 7.318868796917618047e-01 9.673372759193236137e-01 2.713735358487993302e-03 3.590666119513461041e+00
4.631000000000000227e+01 7.305789388299497311e-01 9.674304779592198811e-01 2.721351940976621166e-03 3.483019862103108100e+00
4.632000000000000028e+01 7.281496250600403286e-01 9.675184076747604944e-01 2.728977219516676156e-03 3.411357737568676551e+00
4.632999999999999829e+01 7.246316149467851853e-01 9.676002657670458307e-01 2.736637003931042221e-03 3.377881183035571055e+00
4.634000000000000341e+01 7.203066719546794561e-01 9.676752788176793407e-01 2.744358899231558267e-03 3.384236891233461275e+00
4.635000000000000142e+01 7.151802646033446065e-01 9.677426825079041839e-01 2.752172908926117743e-03 3.431457136441468769e+00
4.635999999999999943e+01 7.091983982781349116e-01 9.678017077909324417e-01 2.760111555788656405e-03 3.520045409145247106e+00
4.636999999999999744e+01 7.025129253733058965e-01 9.678515670308854846e-01 2.768209353821912515e-03 3.650129958124451068e+00
4.638000000000000256e+01 6.949698270260926680e-01 9.678914383548127276e-01 2.776501470605312327e-03 3.821668745009911827e+00
4.639000000000000057e+01 6.865404278485363054e-01 9.679204524182690728e-01 2.785021182093574098e-03 4.034575675816316043e+00
4.639999999999999858e+01 6.816707031343713918e-01 9.679376897343819897e-01 2.793795483843328209e-03 4.288580810062287085e+00
4.641000000000000369e+01 6.829701555862514040e-01 9.679421943442446663e-01 2.802838513392033951e-03 4.582800480107346530e+00
4.642000000000000171e+01 6.836359027655659615e-01 9.679329934349094611e-01 2.812142530047994759e-03 4.915148404956114270e+00
4.642999999999999972e+01 6.833242845553413325e-01 9.679091391158169966e-01 2.821666867392093065e-03 5.281821029812031831e+00
4.643999999999999773e+01 6.823267310656458973e-01 9.678697708402795863e-01 2.831325957242236853e-03 5.676814556970860792e+00
4.645000000000000284e+01 6.817009881312423580e-01 9.678141925226019238e-01 2.840978638481321712e-03 6.091586705572544780e+00
4.646000000000000085e+01 6.801860382139952588e-01 9.677419714040804699e-01 2.850421852326687211e-03 6.514792088967447548e+00
4.646999999999999886e+01 6.778504601800954266e-01 9.676530505039092622e-01 2.859392499413403090e-03 6.932178997484277794e+00
4.648000000000000398e+01 6.749018980075069951e-01 9.675478506020955827e-01 2.867581858747939635e-03 7.327089451111286955e+00
4.649000000000000199e+01 6.711311538556982148e-01 9.674273694352704123e-01 2.874665762088318005e-03 7.681502474465079722e+00
4.650000000000000000e+01 6.670085683619767503e-01 9.672932489580223780e-01 2.880350903925920931e-03 7.978032790461586643e+00
4.650999999999999801e+01 6.646401326912543261e-01 9.671477838013491368e-01 2.884431234655754697e-03 8.202617096200723878e+00
4.652000000000000313e+01 6.627110274563523529e-01 9.669938536629103520e-01 2.886841311169186571e-03 8.347081730638612029e+00
4.653000000000000114e+01 6.612574471425586298e-01 9.668347674618222864e-01 2.887689135907424345e-03 8.410747682994873742e+00
4.653999999999999915e+01 6.589623385620437812e-01 9.666740417773692640e-01 2.887255497125045152e-03 8.400385798461138975e+00
4.655000000000000426e+01 6.562081801303883966e-01 9.665151485210609072e-01 2.885957541920599299e-03 8.328523838663157264e+00
4.656000000000000227e+01 6.531100109919265595e-01 9.663612857871550776e-01 2.884287442651405683e-03 8.210698311164977170e+00
4.657000000000000028e+01 6.512897753763645659e-01 9.662152149812036628e-01 2.882745028116090111e-03 8.062641668242655157e+00
4.657999999999999829e+01 6.491139723939365336e-01 9.660791863089055465e-01 2.881782397258548373e-03 7.898194812576931234e+00
4.659000000000000341e+01 6.479613309627749729e-01 9.659549469765305041e-01 2.881770410436074528e-03 7.728271489537340777e+00
4.660000000000000142e+01 6.489593571509578718e-01 9.658438063565037979e-01 2.882987014052184813e-03 7.560764105649623090e+00
4.660999999999999943e+01 6.494481252692247963e-01 9.657467250314516471e-01 2.885620731432984257e-03 7.401044416908260537e+00
4.661999999999999744e+01 6.494497496860424102e-01 9.656643978164435316e-01 2.889781120624340498e-03 7.252674424546679433e+00
4.663000000000000256e+01 6.492406764446474465e-01 9.655973119320401254e-01 2.895510236631248895e-03 7.117993645687403337e+00
4.664000000000000057e+01 6.493665461083318879e-01 9.655457766012919274e-01 2.902792343542216335e-03 6.998320124844540580e+00
4.664999999999999858e+01 6.500036125247586893e-01 9.655099287931617758e-01 2.911561577822855545e-03 6.893719706009211912e+00
4.666000000000000369e+01 6.502950849750923634e-01 9.654897331474280309e-01 2.921708712679139952e-03 6.802428526743348414e+00
4.667000000000000171e+01 6.502730730858269359e-01 9.654849929161792854e-01 2.933088001617469541e-03 6.720192759980238684e+00
4.667999999999999972e+01 6.509005206984128655e-01 9.654953746246758284e-01 2.945524939524945835e-03 6.639933428157230644e+00
4.668999999999999773e+01 6.516569324453267420e-01 9.655204397317980192e-01 2.958824796528605316e-03 6.552125867356824784e+00
4.670000000000000284e+01 6.520049981151646579e-01 9.655596581009171508e-01 2.972781755904862436e-03 6.446343638144766963e+00
4.671000000000000085e+01 6.521349405389997855e-01 9.656123953108348701e-01 2.987188230276130625e-03 6.313560740270554028e+00
4.671999999999999886e+01 6.519137313702059178e-01 9.656778830635412980e-01 3.001844088330141852e-03 6.148184839158466808e+00
4.673000000000000398e+01 6.567320774926932447e-01 9.657552107415111609e-01 3.016565263377144444e-03 5.948869905883728215e+00
4.674000000000000199e+01 6.698091793520628556e-01 9.658433366839088707e-01 3.031190801300798730e-03 5.717940737073927693e+00
4.675000000000000000e+01 6.837605844972899360e-01 9.659411202306841249e-01 3.045587566559315729e-03 5.460171488022355746e+00
4.675999999999999801e+01 6.976995340078049335e-01 9.660473517869432314e-01 3.059652386700890438e-03 5.181629661982741553e+00
4.677000000000000313e+01 7.101919058828780607e-01 9.661607782527068533e-01 3.073311711212500796e-03 4.888741237060306943e+00
4.678000000000000114e+01 7.213664953751878217e-01 9.662801245268552996e-01 3.086519044712862127e-03 4.587676427929446632e+00
4.678999999999999915e+01 7.310560212808309144e-01 9.664041150235703759e-01 3.099250762846932333e-03 4.284173376017226254e+00
4.680000000000000426e+01 7.392142256179697890e-01 9.665314956017870829e-01 3.111500486316079971e-03 3.983454534708182670e+00
4.681000000000000227e+01 7.458639123080121891e-01 9.666610463872787884e-01 3.123273251271443084e-03 3.690265714002893827e+00
4.682000000000000028e+01 7.510581287918756122e-01 9.667915971569109868e-01 3.134579975185800785e-03 3.409057381552360599e+00
4.682999999999999829e+01 7.550570049088352054e-01 9.669220395675734991e-01 3.145432864066313380e-03 3.144103060503680158e+00
4.684000000000000341e+01 7.577395448896421248e-01 9.670513307538852743e-01 3.155842418024901001e-03 2.899545650649599793e+00
4.685000000000000142e+01 7.593534743633492123e-01 9.671784924972011144e-01 3.165816348992816533e-03 2.679344772078613879e+00
4.685999999999999943e+01 7.600289785482771121e-01 9.673026064942765734e-01 3.175360132840952115e-03 2.487216652609734791e+00
4.686999999999999744e+01 7.596413712735556878e-01 9.674228066876200405e-01 3.184478661350452836e-03 2.326614360607774046e+00
4.688000000000000256e+01 7.582579067751548108e-01 9.675382675605194160e-01 3.193178522216796791e-03 2.200537723682490121e+00
4.689000000000000057e+01 7.561237820483476257e-01 9.676481896479787181e-01 3.201470605319454380e-03 2.111505885346440792e+00
4.689999999999999858e+01 7.531228439607443592e-01 9.677517823753758464e-01 3.209372751776455156e-03 2.061554954200358392e+00
4.691000000000000369e+01 7.492038690711800841e-01 9.678482479856682641e-01 3.216912066818858329e-03 2.052215548673970602e+00
4.692000000000000171e+01 7.445814895942540756e-01 9.679367674644063779e-01 3.224126664316656274e-03 2.084593532530237159e+00
4.692999999999999972e+01 7.391746781396600907e-01 9.680164854648949380e-01 3.231066710807921523e-03 2.159455362380737320e+00
4.693999999999999773e+01 7.331110233513206120e-01 9.680864976946188527e-01 3.237794868526319876e-03 2.277513199830004442e+00
4.695000000000000284e+01 7.262785603413917102e-01 9.681458404780345361e-01 3.244385710574555597e-03 2.439596422142244592e+00
4.696000000000000085e+01 7.184324039916105686e-01 9.681934740002959838e-01 3.250924381027876439e-03 2.646690812749476152e+00
4.696999999999999886e+01 7.096498337364355313e-01 9.682282836049032060e-01 3.257503405253366589e-03 2.899846862270565317e+00
4.698000000000000398e+01 6.995541358270216392e-01 9.682490943388402105e-01 3.264216485093627933e-03 3.199904293312610282e+00
4.699000000000000199e+01 6.876814608274250951e-01 9.682547002220893706e-01 3.271148744865120736e-03 3.546812155496911423e+00
4.700000000000000000e+01 6.843479984651661407e-01 9.682439228543442411e-01 3.278363282585490448e-03 3.938791333805685468e+00
4.700999999999999801e+01 6.837951495201455288e-01 9.682156711120782910e-01 3.285884666692153941e-03 4.371547447265785813e+00
4.702000000000000313e+01 6.822870235928163440e-01 9.681690256814071693e-01 3.293680941383195573e-03 4.837710941182554514e+00
4.703000000000000114e+01 6.800993338617021822e-01 9.681033475410504296e-01 3.301647119216179899e-03 5.326276702866651114e+00
4.703999999999999915e+01 6.771591553849366507e-01 9.680183948593646948e-01 3.309595095635872730e-03 5.821989621656810776e+00
4.705000000000000426e+01 6.737066837401223252e-01 9.679144752289987608e-01 3.317256621023356201e-03 6.305340563804762155e+00
4.706000000000000227e+01 6.695561499971582897e-01 9.677925706830929897e-01 3.324307146683715825e-03 6.753893278225130636e+00
4.707000000000000028e+01 6.667179799837322784e-01 9.676544417075950699e-01 3.330415797007958093e-03 7.144846624578182315e+00
4.707999999999999829e+01 6.647528720563227189e-01 9.675026644314406177e-01 3.335318190220018866e-03 7.458800122425035539e+00
4.709000000000000341e+01 6.633552169100486173e-01 9.673405552944948083e-01 3.338894972551559488e-03 7.683827929434538184e+00
4.710000000000000142e+01 6.633011105189601242e-01 9.671719663706502823e-01 3.341228297642969639e-03 7.818115192616868825e+00
4.710999999999999943e+01 6.627803077706057033e-01 9.670009808171121657e-01 3.342611199646374626e-03 7.869879322287838264e+00
4.711999999999999744e+01 6.617366672698508090e-01 9.668315825389477425e-01 3.343503887696858135e-03 7.854546901960032912e+00
4.713000000000000256e+01 6.602159869319341734e-01 9.666673802853958941e-01 3.344454231581158506e-03 7.790427108628602326e+00
4.714000000000000057e+01 6.582703494914274867e-01 9.665114423367126006e-01 3.346012822401241062e-03 7.694801188061481945e+00
4.714999999999999858e+01 6.590771344692024636e-01 9.663662498331735407e-01 3.348668384990521624e-03 7.581753956728380928e+00
4.716000000000000369e+01 6.600020642257432568e-01 9.662337429039256076e-01 3.352813581388870701e-03 7.461877538395701670e+00
4.717000000000000171e+01 6.605351169222750674e-01 9.661154169927642643e-01 3.358736449750138794e-03 7.343024100742231219e+00
4.717999999999999972e+01 6.605953571439404648e-01 9.660124257813036408e-01 3.366626231657042674e-03 7.231123760907912867e+00
4.718999999999999773e+01 6.605795624753695305e-01 9.659256628348931173e-01 3.376583646510010299e-03 7.130504625705012423e+00
4.720000000000000284e+01 6.614542901852522583e-01 9.658558088334975311e-01 3.388630186781859191e-03 7.043719591101259780e+00
4.721000000000000085e+01 6.619733520184150066e-01 9.658033473287471748e-01 3.402715107125402465e-03 6.971099193296928398e+00
4.721999999999999886e+01 6.622891284869506512e-01 9.657685566758830165e-01 3.418720963513458347e-03 6.910369717774617726e+00
4.723000000000000398e+01 6.624287721169048737e-01 9.657514932789611484e-01 3.436469626432707945e-03 6.856548023531965796e+00
4.724000000000000199e+01 6.636246502127762792e-01 9.657519958365718971e-01 3.455730170258740439e-03 6.802048251250605304e+00
4.725000000000000000e+01 6.643997049754348794e-01 9.657697165674402617e-01 3.476229317410714850e-03 6.736963327080444763e+00
4.725999999999999801e+01 6.647370211476689716e-01 9.658041724553342311e-01 3.497663679001484626e-03 6.649688559098978047e+00
4.727000000000000313e+01 6.646299672114005519e-01 9.658547761407162424e-01 3.519712835490167429e-03 6.528668863711826198e+00
4.728000000000000114e+01 6.643286706549146325e-01 9.659208194293154026e-01 3.542052489266457604e-03 6.365044849130420346e+00
4.728999999999999915e+01 6.705890864877809276e-01 9.660014317296654607e-01 3.564367595238579055e-03 6.154891784711619351e+00
4.730000000000000426e+01 6.859721959702119731e-01 9.660955670261586192e-01 3.586364627653013636e-03 5.899583448416041875e+00
4.731000000000000227e+01 7.016637682630386674e-01 9.662020313374766189e-01 3.607781231557471557e-03 5.604321201893747606e+00
4.732000000000000028e+01 7.183876351032489893e-01 9.663195293199086100e-01 3.628392204127789573e-03 5.276290426657270771e+00
4.732999999999999829e+01 7.335063506993192428e-01 9.664466990477625918e-01 3.648011884865459166e-03 4.923234064644859131e+00
4.734000000000000341e+01 7.470582638353239213e-01 9.665821350041244875e-01 3.666493710659818155e-03 4.552507792766696149e+00
4.735000000000000142e+01 7.589237400979863546e-01 9.667244165539441436e-01 3.683727926529774700e-03 4.170762523014387213e+00
4.735999999999999943e+01 7.690981964659224790e-01 9.668721259064902984e-01 3.699637200718055435e-03 3.783776253071224449e+00
4.736999999999999744e+01 7.774961518361130919e-01 9.670238616747782734e-01 3.714170721309794157e-03 3.396701993932508490e+00
4.738000000000000256e+01 7.845543916238792992e-01 9.671782563890433115e-01 3.727297267351795292e-03 3.014413189213143607e+00
4.739000000000000057e+01 7.899626786595532746e-01 9.673339877969820977e-01 3.738998910839299271e-03 2.641779169267010730e+00
4.739999999999999858e+01 7.938335211046091411e-01 9.674897881816753031e-01 3.749266693147639343e-03 2.283804261547627057e+00
4.741000000000000369e+01 7.965607412752088168e-01 9.676444491501197120e-01 3.758098796482328956e-03 1.945649357824267511e+00
4.742000000000000171e+01 7.979642887629181391e-01 9.677968172892273957e-01 3.765500546124325200e-03 1.632351304541497683e+00
4.742999999999999972e+01 7.981668202778917642e-01 9.679457840354337428e-01 3.771485330310520457e-03 1.348901409481201963e+00
4.743999999999999773e+01 7.975025848080719015e-01 9.680902795011760986e-01 3.776076623438873615e-03 1.099920048082005053e+00
4.745000000000000284e+01 7.957325996308581839e-01 9.682292653657137427e-01 3.779311259612515121e-03 8.895039678492014934e-01
4.746000000000000085e+01 7.932261960485955665e-01 9.683617210452880597e-01 3.781243412649377446e-03 7.213196782124430273e-01
4.746999999999999886e+01 7.897003924660325191e-01 9.684866268661500577e-01 3.781948151204691817e-03 5.984765161518506016e-01
4.748000000000000398e+01 7.851345011969322885e-01 9.686029524523562806e-01 3.781524449351801511e-03 5.235414556169069034e-01
4.749000000000000199e+01 7.799360753681132685e-01 9.687096483617668730e-01 3.780097022554113582e-03 4.986515160236802968e-01
4.750000000000000000e+01 7.736198421889296517e-01 9.688056356816406867e-01 3.777816352958771398e-03 5.256012841998924934e-01
4.750999999999999801e+01 7.664464636833696609e-01 9.688897954353116182e-01 3.774857534230401188e-03 6.059987465416457608e-01
4.752000000000000313e+01 7.581221741690298277e-01 9.689609626887574212e-01 3.771418541342923952e-03 7.415400376864368370e-01
4.753000000000000114e+01 7.486473700786228092e-01 9.690179275919768020e-01 3.767717159216749014e-03 9.340864196243831019e-01
4.753999999999999915e+01 7.377377936824314197e-01 9.690594403832294423e-01 3.763985449704017588e-03 1.185462328673032584e+00
4.755000000000000426e+01 7.256557413895210473e-01 9.690842436823784434e-01 3.760460754029304464e-03 1.497146495569716462e+00
4.756000000000000227e+01 7.114084056140282941e-01 9.690911114574689567e-01 3.757372706864031860e-03 1.869801116592617163e+00
4.757000000000000028e+01 7.005843576252965832e-01 9.690789015041908483e-01 3.754925758025334879e-03 2.301936068677392200e+00
4.757999999999999829e+01 6.987094510863796071e-01 9.690466233265633278e-01 3.753276293418249601e-03 2.789189641145497500e+00
4.759000000000000341e+01 6.957424608965818713e-01 9.689935304332965016e-01 3.752506715109634773e-03 3.323259084165956612e+00
4.760000000000000142e+01 6.919643291678491126e-01 9.689192220332255578e-01 3.752601890510407975e-03 3.890759685710283300e+00
4.760999999999999943e+01 6.873260725247207770e-01 9.688237820058523964e-01 3.753434325266279126e-03 4.473078685758247630e+00
4.761999999999999744e+01 6.864251664976358525e-01 9.687079324769192201e-01 3.754766157269018214e-03 5.046462131020976294e+00
4.763000000000000256e+01 6.869336531208766194e-01 9.685731850212755401e-01 3.756278601102705852e-03 5.583931630171222515e+00
4.764000000000000057e+01 6.868257145169135436e-01 9.684219052233226099e-01 3.757635652142096456e-03 6.059387210662144696e+00
4.764999999999999858e+01 6.869475150189532364e-01 9.682572669246407582e-01 3.758571690017391363e-03 6.452663013377639700e+00
4.766000000000000369e+01 6.865701672493335073e-01 9.680830532979225467e-01 3.758975359767898101e-03 6.753839959609909904e+00
4.767000000000000171e+01 6.854864559942119850e-01 9.679033391215402515e-01 3.758935278498901165e-03 6.964690916834726409e+00
4.767999999999999972e+01 6.837550357511690269e-01 9.677221420001022034e-01 3.758726084080562819e-03 7.096392202303053232e+00
4.768999999999999773e+01 6.815933856889611064e-01 9.675431518212089799e-01 3.758744899973473410e-03 7.164846448430929549e+00
4.770000000000000284e+01 6.830445353234616546e-01 9.673695844273826339e-01 3.759431738007426149e-03 7.186133192845427509e+00
4.771000000000000085e+01 6.839188397609183845e-01 9.672041529359771683e-01 3.761205361318346440e-03 7.174064057910388037e+00
4.771999999999999886e+01 6.843157275832815190e-01 9.670491221860673114e-01 3.764427543870165795e-03 7.140113368018988105e+00
4.773000000000000398e+01 6.844119384761200298e-01 9.669063970797614482e-01 3.769390763818117763e-03 7.094532026341017428e+00
4.774000000000000199e+01 6.853730658265032583e-01 9.667775996339967870e-01 3.776317295095547345e-03 7.047122086845369004e+00
4.775000000000000000e+01 6.860475146911517719e-01 9.666641120724451808e-01 3.785360008940384224e-03 7.006841626431786096e+00
4.775999999999999801e+01 6.864101992740982983e-01 9.665670923385848434e-01 3.796600753135644796e-03 6.980363552232041968e+00
4.777000000000000313e+01 6.862907219074394494e-01 9.664874792563555861e-01 3.810046873023523357e-03 6.970328110460787485e+00
4.778000000000000114e+01 6.871714046276519161e-01 9.664259925577951549e-01 3.825628352395491014e-03 6.974287474646314600e+00
4.778999999999999915e+01 6.880355779777050929e-01 9.663831283590800236e-01 3.843197670068344146e-03 6.985062782485923272e+00
4.780000000000000426e+01 6.883086178614027384e-01 9.663591449439330461e-01 3.862533168697513449e-03 6.992559732435116082e+00
4.781000000000000227e+01 6.880714123251131520e-01 9.663540468032876252e-01 3.883346448888359836e-03 6.986075067886727830e+00
4.782000000000000028e+01 6.874778416191871244e-01 9.663675948239224267e-01 3.905293618142686128e-03 6.955716710530731817e+00
4.782999999999999829e+01 6.862976595060692464e-01 9.663993547458824551e-01 3.927989628293802188e-03 6.892322863322354110e+00
4.784000000000000341e+01 6.857431681369228205e-01 9.664487646834974965e-01 3.951024169465518904e-03 6.786918405457984527e+00
4.785000000000000142e+01 6.884025562111273366e-01 9.665151577520654236e-01 3.973978057212733221e-03 6.631535820774240086e+00
4.785999999999999943e+01 6.909105520010667689e-01 9.665977174806845706e-01 3.996439769336073214e-03 6.421418590941984306e+00
4.787000000000000455e+01 6.935051929132226567e-01 9.666954251298017775e-01 4.018021797102243678e-03 6.156737748010439937e+00
4.788000000000000256e+01 7.099989816520566599e-01 9.668070567931115189e-01 4.038375076201240928e-03 5.842181440860148456e+00
4.789000000000000057e+01 7.284026438695215822e-01 9.669312349937817519e-01 4.057199397967003150e-03 5.485160554200742666e+00
4.789999999999999858e+01 7.451290240423353861e-01 9.670664817165662841e-01 4.074249468791547521e-03 5.094193776119661621e+00
4.791000000000000369e+01 7.601411835912443848e-01 9.672112545654324434e-01 4.089337524395575754e-03 4.677729936916859899e+00
4.792000000000000171e+01 7.732751426049707666e-01 9.673639736998951300e-01 4.102332677547728193e-03 4.243539541171600149e+00
4.792999999999999972e+01 7.845947053935263815e-01 9.675230530608748269e-01 4.113155277950640218e-03 3.798503482172589152e+00
4.793999999999999773e+01 7.943129835813441675e-01 9.676869126929583675e-01 4.121769792879960426e-03 3.348690152638321926e+00
4.795000000000000284e+01 8.018518957062648056e-01 9.678539953684595076e-01 4.128177946021762898e-03 2.899796376043429547e+00
4.796000000000000085e+01 8.077896098604031572e-01 9.680227740907657585e-01 4.132411179615732774e-03 2.457530051561054751e+00
4.796999999999999886e+01 8.121800031274261089e-01 9.681917597398854713e-01 4.134524491342547910e-03 2.027990426966334692e+00
4.798000000000000398e+01 8.148916537894264067e-01 9.683595040582716473e-01 4.134591845738312677e-03 1.617545533688403703e+00
4.799000000000000199e+01 8.163072735042962158e-01 9.685246003927272529e-01 4.132703296658457939e-03 1.232747376489036206e+00
4.800000000000000000e+01 8.163398124243232967e-01 9.686856885886645507e-01 4.128964177356575331e-03 8.801436188226962054e-01
4.800999999999999801e+01 8.150903733140496543e-01 9.688414560200346859e-01 4.123495894818954635e-03 5.658909350729793841e-01
4.802000000000000313e+01 8.127557415675854546e-01 9.689906271730844844e-01 4.116437623884920856e-03 2.956566116996494076e-01
4.803000000000000114e+01 8.094038367653584309e-01 9.691319518496599450e-01 4.107947940473430717e-03 7.442298561448229544e-02
4.803999999999999915e+01 8.048174841461558371e-01 9.692641989758882248e-01 4.098206897847492605e-03 -9.352526630625357384e-02
4.805000000000000426e+01 7.989501121442922349e-01 9.693861501981571038e-01 4.087417521920267728e-03 -2.046030008483507301e-01
4.806000000000000227e+01 7.924266503531317563e-01 9.694965883567898679e-01 4.075805477773204732e-03 -2.558767661645890978e-01
4.807000000000000028e+01 7.844838101524999052e-01 9.695942887596608051e-01 4.063617539116571101e-03 -2.448560459676381584e-01
4.807999999999999829e+01 7.752519845913695695e-01 9.696780217900397014e-01 4.051119162192699970e-03 -1.693563620619714660e-01
4.809000000000000341e+01 7.648206488714366369e-01 9.697465591341163371e-01 4.038590749847935368e-03 -2.749328282301315152e-02
4.810000000000000142e+01 7.532825906314967179e-01 9.697986816158982171e-01 4.026322277002926386e-03 1.823694793680394888e-01
4.810999999999999943e+01 7.400399155606154356e-01 9.698331963958037871e-01 4.014605404074634079e-03 4.615207267659229839e-01
4.812000000000000455e+01 7.251884645969084442e-01 9.698489643389608394e-01 4.003722641500718354e-03 8.104584931521270352e-01
4.813000000000000256e+01 7.089733844431236331e-01 9.698449566160909363e-01 3.993931526265248437e-03 1.228005875473613395e+00
4.814000000000000057e+01 7.010721064043766715e-01 9.698203060062642322e-01 3.985442791769076148e-03 1.710735843772029252e+00
4.814999999999999858e+01 7.011646467086772860e-01 9.697743737361296246e-01 3.978395159168443204e-03 2.251432787632845045e+00
4.816000000000000369e+01 7.020819209439851383e-01 9.697068567460408461e-01 3.972830738552462354e-03 2.838070337886530847e+00
4.817000000000000171e+01 7.017297855358187730e-01 9.696179123803905231e-01 3.968677027161598807e-03 3.453371074804496121e+00
4.817999999999999972e+01 7.002675241509317416e-01 9.695082971974455788e-01 3.965743748431519757e-03 4.074862841565002114e+00
4.818999999999999773e+01 6.978482159312854316e-01 9.693794967251317951e-01 3.963745053568536181e-03 4.676415983576838187e+00
4.820000000000000284e+01 6.954647528839410509e-01 9.692337970558171367e-01 3.962352992288327609e-03 5.231609705298951418e+00
4.821000000000000085e+01 6.968483036852017865e-01 9.690742046880689298e-01 3.961274676536044072e-03 5.718598564159873554e+00
4.821999999999999886e+01 6.971944466490470615e-01 9.689042339521587444e-01 3.960330204025949534e-03 6.124220043043972161e+00
4.823000000000000398e+01 6.975736264755827420e-01 9.687276059140511597e-01 3.959499721598402563e-03 6.445581331394619085e+00
4.824000000000000199e+01 6.976264267526025575e-01 9.685479525309437232e-01 3.958919280970463021e-03 6.688353567292501189e+00
4.825000000000000000e+01 6.967500065371819984e-01 9.683686027364839521e-01 3.958833867156140440e-03 6.863035183899828695e+00
4.825999999999999801e+01 6.951733683851408774e-01 9.681924877512114724e-01 3.959536241324799165e-03 6.981458723953283041e+00
4.827000000000000313e+01 6.930094311806922480e-01 9.680221502147813295e-01 3.961317974761464043e-03 7.055059651349977479e+00
4.828000000000000114e+01 6.913091918684433068e-01 9.678598107070141010e-01 3.964442853773808909e-03 7.094893468433888906e+00
4.828999999999999915e+01 6.930173799414033331e-01 9.677074444249670337e-01 3.969138112406987023e-03 7.112284056677478539e+00
4.830000000000000426e+01 6.940495303874982813e-01 9.675668333458831150e-01 3.975592815387866616e-03 7.118871247994021267e+00
4.831000000000000227e+01 6.946051708709281014e-01 9.674395780770711495e-01 3.983954729422268734e-03 7.125505720341846150e+00
4.832000000000000028e+01 6.946068452845665098e-01 9.673270815133533373e-01 3.994322577527822243e-03 7.140355571000129409e+00
4.832999999999999829e+01 6.951383038766348887e-01 9.672305301278135703e-01 4.006735698024930376e-03 7.167129788239333443e+00
4.834000000000000341e+01 6.955458877092229875e-01 9.671508884924883143e-01 4.021165450491413426e-03 7.204265058666261545e+00
4.835000000000000142e+01 6.955099804651435624e-01 9.670889055921009225e-01 4.037511321719866597e-03 7.245542355605587126e+00
4.835999999999999943e+01 6.958590748960502559e-01 9.670451227161379615e-01 4.055601854187426344e-03 7.281954262791749066e+00
4.837000000000000455e+01 6.966424808264253254e-01 9.670198702701218174e-01 4.075198917729035489e-03 7.304055880573444348e+00
4.838000000000000256e+01 6.968474128775956622e-01 9.670132507272197753e-01 4.096004499867061249e-03 7.303742565224836447e+00
4.839000000000000057e+01 6.966563225053047370e-01 9.670251423909380639e-01 4.117670096489048012e-03 7.274527413016908639e+00
4.839999999999999858e+01 6.958685710187573203e-01 9.670552327758440425e-01 4.139808453686583990e-03 7.210483414338431096e+00
4.841000000000000369e+01 6.947226079564949863e-01 9.671030743540042218e-01 4.162006987362241658e-03 7.104942927550765397e+00
4.842000000000000171e+01 6.929460766947683759e-01 9.671681094028835579e-01 4.183842697801534553e-03 6.950803530932633478e+00
4.842999999999999972e+01 6.930397191110103661e-01 9.672496365382002859e-01 4.204898072013233366e-03 6.742573643464262467e+00
4.843999999999999773e+01 6.957437714368832626e-01 9.673467559159772966e-01 4.224777261529061301e-03 6.478527627067091288e+00
4.845000000000000284e+01 7.093678618988832341e-01 9.674583579615789741e-01 4.243121462543745365e-03 6.161305048621671610e+00
4.846000000000000085e+01 7.281549946343827129e-01 9.675831533068167678e-01 4.259621382947648312e-03 5.796871896028500615e+00
4.846999999999999886e+01 7.456220891771486725e-01 9.677197234943147874e-01 4.274025746115968361e-03 5.393104301975112591e+00
4.848000000000000398e+01 7.613836705777826674e-01 9.678665564304688163e-01 4.286146183723671052e-03 4.958598974697070894e+00
4.849000000000000199e+01 7.754015411344198361e-01 9.680220734166941066e-01 4.295857222596695564e-03 4.501719679860992862e+00
4.850000000000000000e+01 7.875740652415188503e-01 9.681846637842329573e-01 4.303091893531755738e-03 4.030278988286519315e+00
4.850999999999999801e+01 7.975131088763819376e-01 9.683527166085849069e-01 4.307835861334059074e-03 3.551375000738291376e+00
4.852000000000000313e+01 8.059528007183053289e-01 9.685246294780242016e-01 4.310121060610041382e-03 3.071497092154302333e+00
4.853000000000000114e+01 8.125456077685778711e-01 9.686988150954316534e-01 4.310017523334524342e-03 2.596853371508913710e+00
4.853999999999999915e+01 8.172887910520076904e-01 9.688737046231410410e-01 4.307625217340509127e-03 2.133838421748936121e+00
4.855000000000000426e+01 8.204975845216125885e-01 9.690477534799568637e-01 4.303067350491666769e-03 1.689179756801217458e+00
4.856000000000000227e+01 8.222626496302197774e-01 9.692194511677826307e-01 4.296486248236110021e-03 1.269757104638006728e+00
4.857000000000000028e+01 8.223395636836731137e-01 9.693873309598965982e-01 4.288041377655453165e-03 8.826734965358293827e-01
4.857999999999999829e+01 8.210616715196819015e-01 9.695499686115213178e-01 4.277908511207694636e-03 5.346710049369233220e-01
4.859000000000000341e+01 8.189338077935562898e-01 9.697059714607991765e-01 4.266279394916337037e-03 2.320803485270838129e-01
4.860000000000000142e+01 8.151812685041437412e-01 9.698539718750891492e-01 4.253361869876702561e-03 -1.949579888661462368e-02
4.860999999999999943e+01 8.103532027771503943e-01 9.699926274950643190e-01 4.239380822766523373e-03 -2.152351483222774697e-01
4.862000000000000455e+01 8.042987465219663124e-01 9.701206175113956665e-01 4.224578283089099572e-03 -3.510957195476757109e-01
4.863000000000000256e+01 7.974644400228900754e-01 9.702366352488347445e-01 4.209212275954949366e-03 -4.237881841550935613e-01
4.864000000000000057e+01 7.889439209206879910e-01 9.703393847406905914e-01 4.193555093856526569e-03 -4.305743993024682137e-01
4.864999999999999858e+01 7.792870141615786395e-01 9.704275828340604981e-01 4.177890559348393200e-03 -3.691311770830694727e-01
4.866000000000000369e+01 7.683356700151853236e-01 9.704999649275064533e-01 4.162510126659551245e-03 -2.375459127125164882e-01
4.867000000000000171e+01 7.563347838236345044e-01 9.705552975092959223e-01 4.147707580029751269e-03 -3.431187349228392858e-02
4.867999999999999972e+01 7.428413395769494221e-01 9.705923988973048644e-01 4.133771622505037595e-03 2.415474974989217094e-01
4.868999999999999773e+01 7.274751378073309738e-01 9.706101660009118781e-01 4.120975605345155758e-03 5.900770367835554975e-01
4.870000000000000284e+01 7.124890629267793818e-01 9.706076280393860500e-01 4.109562008310167422e-03 1.009635744252209699e+00
4.871000000000000085e+01 7.053556943179531968e-01 9.705840035189950976e-01 4.099720975883701379e-03 1.496113295368166174e+00
4.871999999999999886e+01 7.073154402481997005e-01 9.705387658995624500e-01 4.091567142313376308e-03 2.041823028761635683e+00
4.873000000000000398e+01 7.079919156235464639e-01 9.704717547526628962e-01 4.085117460577505910e-03 2.634368842597140326e+00
4.874000000000000199e+01 7.094179715143165144e-01 9.703833013636751215e-01 4.080275923212903222e-03 3.256109502247714005e+00
4.875000000000000000e+01 7.093350452959281682e-01 9.702743561598802247e-01 4.076834682149088618e-03 3.884899093376802170e+00
4.875999999999999801e+01 7.079425490194984905e-01 9.701465949714119796e-01 4.074501435331472597e-03 4.495660060549899306e+00
4.877000000000000313e+01 7.057324682970887997e-01 9.700024421867982083e-01 4.072954295824668738e-03 5.063836289968426385e+00
4.878000000000000114e+01 7.026585283447682739e-01 9.698449328347611420e-01 4.071913582526304892e-03 5.569844840482322645e+00
4.878999999999999915e+01 7.028758687202755207e-01 9.696774682301041448e-01 4.071207653152239189e-03 6.002291583237195916e+00
4.880000000000000426e+01 7.038857350009094516e-01 9.695035287902574739e-01 4.070804697664537168e-03 6.358573110574138987e+00
4.881000000000000227e+01 7.046477098319947618e-01 9.693264311210627593e-01 4.070799524862609049e-03 6.642773201154156482e+00
4.882000000000000028e+01 7.052566328102966020e-01 9.691491773476127447e-01 4.071369707144273722e-03 6.862464015067225809e+00
4.882999999999999829e+01 7.048925769156709764e-01 9.689744146975924899e-01 4.072726905483205380e-03 7.026342003778434098e+00
4.884000000000000341e+01 7.036586758657240592e-01 9.688044807881827092e-01 4.075082319362983811e-03 7.143516737566380392e+00
4.885000000000000142e+01 7.018137584415948815e-01 9.686414798396369985e-01 4.078630698324501279e-03 7.223921153986239574e+00
4.885999999999999943e+01 6.991845651877377499e-01 9.684873485763523249e-01 4.083546903860049704e-03 7.278690922210669711e+00
4.887000000000000455e+01 6.959818916557330981e-01 9.683438852993799806e-01 4.089985168418393789e-03 7.319559181054155594e+00
4.888000000000000256e+01 6.980401605509124474e-01 9.682127391676046413e-01 4.098073708399178547e-03 7.357132963946887649e+00
4.889000000000000057e+01 6.993413551098285330e-01 9.680953799887584976e-01 4.107903457375383649e-03 7.398804780855185115e+00
4.889999999999999858e+01 6.996228292382529190e-01 9.679930723953525940e-01 4.119514869409921995e-03 7.447324297580340868e+00
4.891000000000000369e+01 6.992938018584756721e-01 9.679068679080042870e-01 4.132888209358886490e-03 7.500630390089199295e+00
4.892000000000000171e+01 6.984664191173666214e-01 9.678376155672291370e-01 4.147939748781796776e-03 7.552917846330871043e+00
4.892999999999999972e+01 6.985863764217552507e-01 9.677859756694227045e-01 4.164522671336431253e-03 7.596476550090063284e+00
4.893999999999999773e+01 6.983147016692394793e-01 9.677524221779523206e-01 4.182430242573791784e-03 7.623597980827637066e+00
4.895000000000000284e+01 6.987931992296955164e-01 9.677372299053047522e-01 4.201400201055650527e-03 7.627876767404748293e+00
4.896000000000000085e+01 6.995279106793759194e-01 9.677404592551432927e-01 4.221121093282497599e-03 7.604401595027892924e+00
4.896999999999999886e+01 6.997688987782136882e-01 9.677619681352985781e-01 4.241240746658703903e-03 7.548776947153966965e+00
4.898000000000000398e+01 6.992864109310320542e-01 9.678014501140087544e-01 4.261376955205460615e-03 7.455768309025657459e+00
4.899000000000000199e+01 6.983891799303375558e-01 9.678584757946716577e-01 4.281130323956787789e-03 7.318744894907625032e+00
4.900000000000000000e+01 6.967990446669171112e-01 9.679324905171036164e-01 4.300098809180702940e-03 7.131032314463156219e+00
4.900999999999999801e+01 6.950377913331862167e-01 9.680227701008151664e-01 4.317893034966002047e-03 6.888263342633191399e+00
4.902000000000000313e+01 7.001928999304033452e-01 9.681283810894020236e-01 4.334151822078799628e-03 6.590048996720867969e+00
4.903000000000000114e+01 7.175636707237289524e-01 9.682481895761165802e-01 4.348556637475449113e-03 6.240040472494024826e+00
4.903999999999999915e+01 7.356403482954929629e-01 9.683808929724799786e-01 4.360842653036956298e-03 5.844800748946638258e+00
4.905000000000000426e+01 7.524342741016192271e-01 9.685250594041225902e-01 4.370806084889302702e-03 5.412534655567997177e+00
4.906000000000000227e+01 7.677185326359570183e-01 9.686791580547940983e-01 4.378306856028226814e-03 4.951983989559971100e+00
4.907000000000000028e+01 7.809351397950997642e-01 9.688415946849411320e-01 4.383266667842263507e-03 4.471571857525449722e+00
4.907999999999999829e+01 7.922225207325652718e-01 9.690107509040940537e-01 4.385666109067829291e-03 3.979203019810908071e+00
4.909000000000000341e+01 8.020826638694882327e-01 9.691850068348271119e-01 4.385538961681093723e-03 3.482124896737701203e+00
4.910000000000000142e+01 8.098885496220156188e-01 9.693627397244397592e-01 4.382964468120842047e-03 2.987000666310473118e+00
4.910999999999999943e+01 8.159331515110354038e-01 9.695423264145131004e-01 4.378058174989095039e-03 2.500200765312917017e+00
4.912000000000000455e+01 8.200313622590170715e-01 9.697221522234865665e-01 4.370963475363226491e-03 2.028366601409933079e+00
4.913000000000000256e+01 8.225464262570770790e-01 9.699006278503530254e-01 4.361845836456794932e-03 1.578380388705657333e+00
4.914000000000000057e+01 8.234993269303931829e-01 9.700762018882864712e-01 4.350888967706674146e-03 1.157387531243908807e+00
4.914999999999999858e+01 8.230171331144894298e-01 9.702473582685873232e-01 4.338291886448832069e-03 7.725540440116864804e-01
4.916000000000000369e+01 8.212698065491850219e-01 9.704126054955879432e-01 4.324266478047449937e-03 4.307629613198140639e-01
4.917000000000000171e+01 8.181277958538593076e-01 9.705704730710079664e-01 4.309036178501691322e-03 1.383598362722726627e-01
4.917999999999999972e+01 8.139035057256295280e-01 9.707195163456334708e-01 4.292835869125002923e-03 -9.911210221991600955e-02
4.918999999999999773e+01 8.083663953132363966e-01 9.708583190810868846e-01 4.275911681384799573e-03 -2.768903669638639875e-01
4.920000000000000284e+01 8.015546415846193096e-01 9.709854875667277563e-01 4.258520238110213851e-03 -3.910490037702107347e-01
4.921000000000000085e+01 7.939174245814416553e-01 9.710996492288004323e-01 4.240927691542906511e-03 -4.384577491155057238e-01
4.921999999999999886e+01 7.841291111364646627e-01 9.711994530964044303e-01 4.223407799531756109e-03 -4.164596613270897807e-01
4.923000000000000398e+01 7.736968336069713903e-01 9.712835768678597104e-01 4.206239153354607296e-03 -3.229497117379270810e-01
4.924000000000000199e+01 7.619630355848442393e-01 9.713507436354336111e-01 4.189701286849758892e-03 -1.562908515746893601e-01
4.925000000000000000e+01 7.503717338336265419e-01 9.713997424993724428e-01 4.174068954999879053e-03 8.454974625386701970e-02
4.925999999999999801e+01 7.379872234818616317e-01 9.714294542841960256e-01 4.159603903369284324e-03 3.998013819660066748e-01
4.927000000000000313e+01 7.239391462727067239e-01 9.714388893766806587e-01 4.146541663407174796e-03 7.883303336893853208e-01
4.928000000000000114e+01 7.096775663276786439e-01 9.714272525650071710e-01 4.135071989779724039e-03 1.246682958702966415e+00
4.928999999999999915e+01 7.128735556937257911e-01 9.713940001427249227e-01 4.125316514069558155e-03 1.768507784991244280e+00
4.930000000000000426e+01 7.143383498982812663e-01 9.713389333639457224e-01 4.117306669924403542e-03 2.343167524608667396e+00
4.931000000000000227e+01 7.145040776280188188e-01 9.712623195759018113e-01 4.110966436928093284e-03 2.955006639561383430e+00
4.932000000000000028e+01 7.157430798495618696e-01 9.711650087275289778e-01 4.106109080226430681e-03 3.584017674029296607e+00
4.932999999999999829e+01 7.154723000225789997e-01 9.710485306712939302e-01 4.102458045372910089e-03 4.207101688111999138e+00
4.934000000000000341e+01 7.139252517315128888e-01 9.709151176299671837e-01 4.099693880940473087e-03 4.800945193878431994e+00
4.935000000000000142e+01 7.112340016676623744e-01 9.707675812303931950e-01 4.097518430029185518e-03 5.345843552666401877e+00
4.935999999999999943e+01 7.075820525880541778e-01 9.706090777188284280e-01 4.095717508520981855e-03 5.828875604775501706e+00
4.937000000000000455e+01 7.083374508911047807e-01 9.704428410631649182e-01 4.094195963833850531e-03 6.244696608502243507e+00
4.938000000000000256e+01 7.091104636184262233e-01 9.702719568391072746e-01 4.092972735901105087e-03 6.593967586726174446e+00
4.939000000000000057e+01 7.106375765179128168e-01 9.700992272069512978e-01 4.092146703809812144e-03 6.880707735740503317e+00
4.939999999999999858e+01 7.113343700560620375e-01 9.699271363827701720e-01 4.091855631970936664e-03 7.110338915183011643e+00
4.941000000000000369e+01 7.107997163785600980e-01 9.697579012820731759e-01 4.092246336387748290e-03 7.289199943273235505e+00
4.942000000000000171e+01 7.091251969547247569e-01 9.695935574895581111e-01 4.093461808342034429e-03 7.425102986206996825e+00
4.942999999999999972e+01 7.066979410277706153e-01 9.694360307062621640e-01 4.095640674190777208e-03 7.527827523251194641e+00
4.943999999999999773e+01 7.035416090447793591e-01 9.692871629710013703e-01 4.098918981637036420e-03 7.608545038631132407e+00
4.945000000000000284e+01 6.997162351314232254e-01 9.691486930195307714e-01 4.103425543672601684e-03 7.677982485275750335e+00
4.946000000000000085e+01 7.009332890443160657e-01 9.690222151924340332e-01 4.109268995020232129e-03 7.744154140277275999e+00
4.946999999999999886e+01 7.021299415521825571e-01 9.689091421173554597e-01 4.116521878855978166e-03 7.810834972063954496e+00
4.948000000000000398e+01 7.022184346098441221e-01 9.688106881337466003e-01 4.125208489345513763e-03 7.877403724617603409e+00
4.949000000000000199e+01 7.016753858755218065e-01 9.687278756367962984e-01 4.135299094958796301e-03 7.939852309979616329e+00
4.950000000000000000e+01 7.001476857601638404e-01 9.686615507198821362e-01 4.146708842294642705e-03 7.992342408573422041e+00
4.950999999999999801e+01 7.003029504929926263e-01 9.686123921633863487e-01 4.159298856519045434e-03 8.028720980519794992e+00
4.952000000000000313e+01 6.999261347854074389e-01 9.685809047369760005e-01 4.172878242382641392e-03 8.043596282533505004e+00
4.953000000000000114e+01 7.004453501078383715e-01 9.685673998130165385e-01 4.187206813929130432e-03 8.032738832659775952e+00
4.953999999999999915e+01 7.012413019466585684e-01 9.685719764873024218e-01 4.201999434807209000e-03 7.992666134824441215e+00
4.955000000000000426e+01 7.014048137319013332e-01 9.685945334196148782e-01 4.216933277363707488e-03 7.919537643796958015e+00
4.956000000000000227e+01 7.007345174353254436e-01 9.686348041009091858e-01 4.231658363741248180e-03 7.808144269275697269e+00
4.957000000000000028e+01 6.994118261537721759e-01 9.686923909296381030e-01 4.245810129494811611e-03 7.651896058834095626e+00
4.957999999999999829e+01 6.975435344732860976e-01 9.687667522454763702e-01 4.259023418214474138e-03 7.444487872348410029e+00
4.959000000000000341e+01 6.960033680861698047e-01 9.688571586432830340e-01 4.270947620747962345e-03 7.182194630332418228e+00
4.960000000000000142e+01 7.003044760573309269e-01 9.689626608652867068e-01 4.281261853278752957e-03 6.865258369456883614e+00
4.960999999999999943e+01 7.183556237629047381e-01 9.690821006482965849e-01 4.289689000221901666e-03 6.497837799657983915e+00
4.962000000000000455e+01 7.363653555303776299e-01 9.692141376105196660e-01 4.296006015989378875e-03 6.086914855574222294e+00
4.963000000000000256e+01 7.526217151214505963e-01 9.693572915238076737e-01 4.300049341608707699e-03 5.641067911408546465e+00
4.964000000000000057e+01 7.670712268325633465e-01 9.695099900804931004e-01 4.301718103416651492e-03 5.169394008260658424e+00
4.964999999999999858e+01 7.802001252309319623e-01 9.696706073433885020e-01 4.300974214855084188e-03 4.680684504407198077e+00
4.966000000000000369e+01 7.912675266107963568e-01 9.698374770563159553e-01 4.297837981985805703e-03 4.183163391967248401e+00
4.967000000000000171e+01 8.004877819863325250e-01 9.700089066202058907e-01 4.292380009642576821e-03 3.684525843140224133e+00
4.967999999999999972e+01 8.079502580257293953e-01 9.701831774403982811e-01 4.284712216200291593e-03 3.191867132715791477e+00
4.968999999999999773e+01 8.133573242969343031e-01 9.703585672085763836e-01 4.274980199549191680e-03 2.711941418141395665e+00
4.970000000000000284e+01 8.170394883738442138e-01 9.705333728897860279e-01 4.263356419668535430e-03 2.251637094300164676e+00
4.971000000000000085e+01 8.188288373930301400e-01 9.707059172988876661e-01 4.250033616274621028e-03 1.818162807932272695e+00
4.971999999999999886e+01 8.191984178167048825e-01 9.708745379337813119e-01 4.235218942036367111e-03 1.418804639956514402e+00
4.973000000000000398e+01 8.180414970109344264e-01 9.710375831539573843e-01 4.219129856507429499e-03 1.061030063615936214e+00
4.974000000000000199e+01 8.151984720030955867e-01 9.711934255526165627e-01 4.201992424978278143e-03 7.517707448334860487e-01
4.975000000000000000e+01 8.107004489016923499e-01 9.713404733300347038e-01 4.184041144212835572e-03 4.974645543213872534e-01
4.975999999999999801e+01 8.054448598388158631e-01 9.714771708285864227e-01 4.165518711010540373e-03 3.036705360984274238e-01
4.977000000000000313e+01 7.984612596187620204e-01 9.716019979333625489e-01 4.146675939130397420e-03 1.750058468671656930e-01
4.978000000000000114e+01 7.899820335136321647e-01 9.717134733446861627e-01 4.127771198899598745e-03 1.152011588370221024e-01
4.978999999999999915e+01 7.801883219509299083e-01 9.718101606232473211e-01 4.109068539183986964e-03 1.271605354650345854e-01
4.980000000000000426e+01 7.690529302403913414e-01 9.718906830685408726e-01 4.090834330791782644e-03 2.129841473443452871e-01
4.981000000000000227e+01 7.574387755386269294e-01 9.719537398128405004e-01 4.073332123447404030e-03 3.742265009430938982e-01
4.982000000000000028e+01 7.457307291918172654e-01 9.719981257945142783e-01 4.056815438934113956e-03 6.115492673001868829e-01
4.982999999999999829e+01 7.323429529837246488e-01 9.720227551253113329e-01 4.041517022270259968e-03 9.244905983375802938e-01
4.984000000000000341e+01 7.171661509068965046e-01 9.720267152004121725e-01 4.027632847213380787e-03 1.310831347768117272e+00
4.985000000000000142e+01 7.146302639759407604e-01 9.720093209238100940e-01 4.015302028017755757e-03 1.765801046613490355e+00
4.985999999999999943e+01 7.180411799794252925e-01 9.719701891914822589e-01 4.004585662139546060e-03 2.281286494106219642e+00
4.987000000000000455e+01 7.197286051936122586e-01 9.719093524973519971e-01 3.995447656083506160e-03 2.844577550394877807e+00
4.988000000000000256e+01 7.197313234911583146e-01 9.718273778608762514e-01 3.987744892585139145e-03 3.438527330055272113e+00
4.989000000000000057e+01 7.204921635644152555e-01 9.717254746917960428e-01 3.981237162108706117e-03 4.042438859338655988e+00
4.989999999999999858e+01 7.203576992214831831e-01 9.716055458198151751e-01 3.975622944510179974e-03 4.634345025549967190e+00
4.991000000000000369e+01 7.186366670497058573e-01 9.714701250607101768e-01 3.970596381743602722e-03 5.194216210799369016e+00
4.992000000000000171e+01 7.155800186454496226e-01 9.713221738422324059e-01 3.965911405831176739e-03 5.707339617761028272e+00
4.992999999999999972e+01 7.116120201148380398e-01 9.711648119083124975e-01 3.961427941045333675e-03 6.165823756879762918e+00
4.993999999999999773e+01 7.111745035622506483e-01 9.710010654400996755e-01 3.957120470022069611e-03 6.567574945820876309e+00
4.995000000000000284e+01 7.126430474493787859e-01 9.708336973068222298e-01 3.953051659981374200e-03 6.913784895798521291e+00
4.996000000000000085e+01 7.147743420867402886e-01 9.706651441470223185e-01 3.949331691089781257e-03 7.206681373909865407e+00
4.996999999999999886e+01 7.155141421178797811e-01 9.704975537464328728e-01 3.946084761546135924e-03 7.448813740335253009e+00
4.998000000000000398e+01 7.148887058267171524e-01 9.703328824323802504e-01 3.943433763198882225e-03 7.643886842948302451e+00
4.999000000000000199e+01 7.132694739925902194e-01 9.701729953933032613e-01 3.941501166318353219e-03 7.798070295611749358e+00
5.000000000000000000e+01 7.105913914549490951e-01 9.700197200977761502e-01 3.940415487706132487e-03 7.920362906827906890e+00
