# t CFL KE TKE sensor
5.000000000000000104e-03 6.453660590337576552e-01 9.697548053573030735e-01 nan 9.682923800837945905e+00
1.000000000000000021e-02 6.449366517332367765e-01 9.696913601337215916e-01 nan 8.962329333701001488e+00
1.499999999999999944e-02 6.451310224468245202e-01 9.696282869497692136e-01 nan 8.683521708009193318e+00
2.000000000000000042e-02 6.443728217776647504e-01 9.695669468966940929e-01 nan 8.545564980833935564e+00
2.500000000000000139e-02 6.434253933073038612e-01 9.695079711413767676e-01 nan 8.470487446980488500e+00
2.999999999999999889e-02 6.451221482126605622e-01 9.694517379054006234e-01 nan 8.428544985956239799e+00
3.500000000000000333e-02 6.461490685276169987e-01 9.693985540843641502e-01 nan 8.404867706563019070e+00
4.000000000000000083e-02 6.464504539359435809e-01 9.693486695942672426e-01 nan 8.390890349084346056e+00
4.499999999999999833e-02 6.460400888436985678e-01 9.693022819846699445e-01 nan 8.381352674662377211e+00
5.000000000000000278e-02 6.451070485798933163e-01 9.692595432900447117e-01 nan 8.372914248436920559e+00
5.500000000000000028e-02 6.454225392467568545e-01 9.692205658222428077e-01 nan 8.363340638654442216e+00
5.999999999999999778e-02 6.455577580597922083e-01 9.691854459258765209e-01 nan 8.350991525371963320e+00
6.500000000000000222e-02 6.452951715840866687e-01 9.691542835104670628e-01 nan 8.334533946829074225e+00
7.000000000000000666e-02 6.447627490501351977e-01 9.691271798502513191e-01 nan 8.312814859025239755e+00
7.499999999999999722e-02 6.446901369230519929e-01 9.691042225795647447e-01 nan 8.284807837714737389e+00
8.000000000000000167e-02 6.452133670211165350e-01 9.690854767629072386e-01 nan 8.249594983113381019e+00
8.500000000000000611e-02 6.454334569592291571e-01 9.690709868804375793e-01 nan 8.206350219840578220e+00
8.999999999999999667e-02 6.454480309844093933e-01 9.690607834122854092e-01 nan 8.154307695641422882e+00
9.500000000000000111e-02 6.452481851017185521e-01 9.690548881989028418e-01 nan 8.092721549492020827e+00
1.000000000000000056e-01 6.447522212465172098e-01 9.690533159898009341e-01 nan 8.020838292054127905e+00
1.049999999999999961e-01 6.441519619864979340e-01 9.690560722031684726e-01 nan 7.937891376187013570e+00
1.100000000000000006e-01 6.440674308105651669e-01 9.690631496190492689e-01 nan 7.843101478570292606e+00
1.150000000000000050e-01 6.448592442682062886e-01 9.690745269719943655e-01 nan 7.735710786892387780e+00
1.199999999999999956e-01 6.454486502082169563e-01 9.690901705814924938e-01 nan 7.615023143292108720e+00
1.250000000000000000e-01 6.457893061366872800e-01 9.691100369785695667e-01 nan 7.480447188526710534e+00
1.300000000000000044e-01 6.458255011934438405e-01 9.691340740540330678e-01 nan 7.331530882169686514e+00
1.350000000000000089e-01 6.455180576228073397e-01 9.691622199764090562e-01 nan 7.167990265592253607e+00
1.400000000000000133e-01 6.452721190609916890e-01 9.691944007032252673e-01 nan 6.989741111654971917e+00
1.449999999999999900e-01 6.449635029619636972e-01 9.692305286053050084e-01 nan 6.796872080802575766e+00
1.499999999999999944e-01 6.444532361172905510e-01 9.692705035655047041e-01 nan 6.589675788423560832e+00
1.549999999999999989e-01 6.523790031567333614e-01 9.693142147174907963e-01 nan 6.368620962013937792e+00
1.600000000000000033e-01 6.606293439553180269e-01 9.693615404168913763e-01 nan 6.134324640879354362e+00
1.650000000000000078e-01 6.687965173342809155e-01 9.694123490255016629e-01 nan 5.887556141520874142e+00
1.700000000000000122e-01 6.766645618047967270e-01 9.694664986113792349e-01 nan 5.629200323632900904e+00
1.750000000000000167e-01 6.842454643412881898e-01 9.695238372659662485e-01 nan 5.360270407836115858e+00
1.799999999999999933e-01 6.914343660280485304e-01 9.695842034272244003e-01 nan 5.081899789442172022e+00
1.849999999999999978e-01 6.982641114269865223e-01 9.696474265253667291e-01 nan 4.795319732506409416e+00
1.900000000000000022e-01 7.048462658642611345e-01 9.697133281221284040e-01 nan 4.501843243978201237e+00
1.950000000000000067e-01 7.111116766208434026e-01 9.697817230736066607e-01 nan 4.202835237264207713e+00
2.000000000000000111e-01 7.169494410660607331e-01 9.698524203817346923e-01 nan 3.899725715903537449e+00
2.050000000000000155e-01 7.223254745559309908e-01 9.699252237062219173e-01 nan 3.594012866646044912e+00
2.099999999999999922e-01 7.273513122907871997e-01 9.699999313548303137e-01 nan 3.287256410449399091e+00
2.149999999999999967e-01 7.320571430588180828e-01 9.700763370045233369e-01 nan 2.980977880689037018e+00
2.200000000000000011e-01 7.364010602812858242e-01 9.701542299580850903e-01 nan 2.676680774491829062e+00
2.250000000000000056e-01 7.402734253642375695e-01 9.702333957533623154e-01 nan 2.375782739055576798e+00
2.300000000000000100e-01 7.437152123762379441e-01 9.703136164729688762e-01 nan 2.079819824852702226e+00
2.350000000000000144e-01 7.467468719990585369e-01 9.703946721455500857e-01 nan 1.790185711987454242e+00
2.399999999999999911e-01 7.494924261637846419e-01 9.704763414425219281e-01 nan 1.508197858111473222e+00
2.449999999999999956e-01 7.518159262753297822e-01 9.705584023457130005e-01 nan 1.235063466724388936e+00
2.500000000000000000e-01 7.536838975022299714e-01 9.706406325528795787e-01 nan 9.719019033863043333e-01
2.550000000000000044e-01 7.551933550214774415e-01 9.707228098273552597e-01 nan 7.197523918390366093e-01
2.600000000000000089e-01 7.562903304269691374e-01 9.708047121924147094e-01 nan 4.795143848640024964e-01
2.650000000000000133e-01 7.571364015648066603e-01 9.708861181809200769e-01 nan 2.520284878022121533e-01
2.700000000000000178e-01 7.575564401730838782e-01 9.709668072917522208e-01 nan 3.802121085412293877e-02
2.750000000000000222e-01 7.576210952063486825e-01 9.710465602385480732e-01 nan -1.618709177282844913e-01
2.800000000000000266e-01 7.573121931886213076e-01 9.711251593148939598e-01 nan -3.470733084798362511e-01
2.850000000000000311e-01 7.567121012892730203e-01 9.712023885859084604e-01 nan -5.170826499057628034e-01
2.899999999999999800e-01 7.557970869137494718e-01 9.712780341597799794e-01 nan -6.714442588616829077e-01
2.949999999999999845e-01 7.545401721796034522e-01 9.713518842333348502e-01 nan -8.097471055427190034e-01
2.999999999999999889e-01 7.529486004564593937e-01 9.714237290551582804e-01 nan -9.316170008021004145e-01
3.049999999999999933e-01 7.510127537153702404e-01 9.714933610352611826e-01 nan -1.036701275483625562e+00
3.099999999999999978e-01 7.488619806567715642e-01 9.715605748754744253e-01 nan -1.124664204969479497e+00
3.150000000000000022e-01 7.463429353363810748e-01 9.716251680044869499e-01 nan -1.195179503696690571e+00
3.200000000000000067e-01 7.435415729288603615e-01 9.716869409566586402e-01 nan -1.247925064103887927e+00
3.250000000000000111e-01 7.403940856459547692e-01 9.717456976819286441e-01 nan -1.282577467017673944e+00
3.300000000000000155e-01 7.370013274171602902e-01 9.718012457728533171e-01 nan -1.298806663572400932e+00
3.350000000000000200e-01 7.332738483533891571e-01 9.718533965955655773e-01 nan -1.296272502799125315e+00
3.400000000000000244e-01 7.292847368784827200e-01 9.719019653227023436e-01 nan -1.274621664075034966e+00
3.450000000000000289e-01 7.249194961647739133e-01 9.719467710687531570e-01 nan -1.233484844771396194e+00
3.500000000000000333e-01 7.202329572682758529e-01 9.719876371585773889e-01 nan -1.172479107753170435e+00
3.549999999999999822e-01 7.151059770665429971e-01 9.720243916107558224e-01 nan -1.091212839260199852e+00
3.599999999999999867e-01 7.097710523086019352e-01 9.720568679915784216e-01 nan -9.892885413496141922e-01
3.649999999999999911e-01 7.040912304741573369e-01 9.720849063875600660e-01 nan -8.662811355179205197e-01
3.699999999999999956e-01 6.979885351677082017e-01 9.721083546712475654e-01 nan -7.217858375022643269e-01
3.750000000000000000e-01 6.915222778471423748e-01 9.721270693112108452e-01 nan -5.554357913843517291e-01
3.800000000000000044e-01 6.846445222315542534e-01 9.721409165770196203e-01 nan -3.668767526917885990e-01
3.850000000000000089e-01 6.773688826047093992e-01 9.721497738218440876e-01 nan -1.558452031790332204e-01
3.900000000000000133e-01 6.696609323024954596e-01 9.721535308031039602e-01 nan 7.770097045284952986e-02
3.950000000000000178e-01 6.619983910056488341e-01 9.721520915309507238e-01 nan 3.337885825091543857e-01
4.000000000000000222e-01 6.571178278469479439e-01 9.721453769520449484e-01 nan 6.121824069091638121e-01
4.050000000000000266e-01 6.573016372450066758e-01 9.721333278478616613e-01 nan 9.123168617937043035e-01
4.100000000000000311e-01 6.570369578109549469e-01 9.721159079336074704e-01 nan 1.233264915320413602e+00
4.150000000000000355e-01 6.577436726182198656e-01 9.720931077853796065e-01 nan 1.573700677800006886e+00
4.199999999999999845e-01 6.581750636572007984e-01 9.720649488162412810e-01 nan 1.931811137125463596e+00
4.249999999999999889e-01 6.581008543377832032e-01 9.720314881523914874e-01 nan 2.305205319599202163e+00
4.299999999999999933e-01 6.586525572144754648e-01 9.719928220967160026e-01 nan 2.690903879997533554e+00
4.349999999999999978e-01 6.597739065306467143e-01 9.719490897984848221e-01 nan 3.085378975157507586e+00
4.400000000000000022e-01 6.603536199753544667e-01 9.719004758689328005e-01 nan 3.484650567417367562e+00
4.450000000000000067e-01 6.605223118643497315e-01 9.718472128331753224e-01 nan 3.884418226346269876e+00
4.500000000000000111e-01 6.602094265004224694e-01 9.717895795094457778e-01 nan 4.280186443457737688e+00
4.550000000000000155e-01 6.594017578126565304e-01 9.717278979932870708e-01 nan 4.667512946413683750e+00
4.600000000000000200e-01 6.599668760179503435e-01 9.716625275892307734e-01 nan 5.042282812216042132e+00
4.650000000000000244e-01 6.600579584857791948e-01 9.715938560117618472e-01 nan 5.400908557534997101e+00
4.700000000000000289e-01 6.597430649664621782e-01 9.715222895106758738e-01 nan 5.740493548226354825e+00
4.750000000000000333e-01 6.588803135181433568e-01 9.714482411658170724e-01 nan 6.058915479041135477e+00
4.799999999999999822e-01 6.578232754900961154e-01 9.713721199887332958e-01 nan 6.354810601321022823e+00
4.849999999999999867e-01 6.571357515283022810e-01 9.712943213226823413e-01 nan 6.627485659705359744e+00
4.899999999999999911e-01 6.576193427142362768e-01 9.712152196479973965e-01 nan 6.876776219771851828e+00
4.949999999999999956e-01 6.576790094689923816e-01 9.711351644756753831e-01 nan 7.102888790926578544e+00
5.000000000000000000e-01 6.573651493286620795e-01 9.710544788908286318e-01 nan 7.306270167085737732e+00
5.050000000000000044e-01 6.566893827780670989e-01 9.709734606589032202e-01 nan 7.487516513127108198e+00
5.100000000000000089e-01 6.556035486234276233e-01 9.708923852200910254e-01 nan 7.647331283320141893e+00
5.150000000000000133e-01 6.560001155749826118e-01 9.708115093493006054e-01 nan 7.786540193955350020e+00
5.200000000000000178e-01 6.567132533732253918e-01 9.707310757313399874e-01 nan 7.906130356810722404e+00
5.250000000000000222e-01 6.569395899409985473e-01 9.706513171764602488e-01 nan 8.007303059696670999e+00
5.300000000000000266e-01 6.567292454416564507e-01 9.705724603370423642e-01 nan 8.091520561020706381e+00
5.350000000000000311e-01 6.561450051965699304e-01 9.704947286452261235e-01 nan 8.160526428036716240e+00
5.400000000000000355e-01 6.553224748664772115e-01 9.704183442159263207e-01 nan 8.216323154734405776e+00
5.450000000000000400e-01 6.542104391957621612e-01 9.703435285781986108e-01 nan 8.261100071797944366e+00
5.500000000000000444e-01 6.543011374478828746e-01 9.702705022445589078e-01 nan 8.297117392166985184e+00
5.550000000000000488e-01 6.544877768240345839e-01 9.701994832969800253e-01 nan 8.326563858574393961e+00
5.600000000000000533e-01 6.544951067082631635e-01 9.701306853772562189e-01 nan 8.351410236570815826e+00
5.650000000000000577e-01 6.542314623525303796e-01 9.700643154537809121e-01 nan 8.373282920937011653e+00
5.700000000000000622e-01 6.536564550668594320e-01 9.700005717428580310e-01 nan 8.393375193258259870e+00
5.750000000000000666e-01 6.538516660155645477e-01 9.699396420795541873e-01 nan 8.412404353700912552e+00
5.799999999999999600e-01 6.543015217244674275e-01 9.698817027684241143e-01 nan 8.430617548686043961e+00
5.849999999999999645e-01 6.543425200113299756e-01 9.698269179836219722e-01 nan 8.447837276346769286e+00
5.899999999999999689e-01 6.540746569495100582e-01 9.697754395494674329e-01 nan 8.463536929584369872e+00
5.949999999999999734e-01 6.536806086621629319e-01 9.697274069830686960e-01 nan 8.476933084938004015e+00
5.999999999999999778e-01 6.529760112806994865e-01 9.696829476751892551e-01 nan 8.487081444740285363e+00
6.049999999999999822e-01 6.521793952173304820e-01 9.696421771457920391e-01 nan 8.492964776825695949e+00
6.099999999999999867e-01 6.514023913390832865e-01 9.696051993925529633e-01 nan 8.493560731845757772e+00
6.149999999999999911e-01 6.523055795520688038e-01 9.695721065902952462e-01 nan 8.487905283844209947e+00
6.199999999999999956e-01 6.533429909645562805e-01 9.695429795225550818e-01 nan 8.475118059862348119e+00
6.250000000000000000e-01 6.539612446207225815e-01 9.695178875007158803e-01 nan 8.454413030640440141e+00
6.300000000000000044e-01 6.542177316383142038e-01 9.694968883291271711e-01 nan 8.425091237761918705e+00
6.350000000000000089e-01 6.541482626777208598e-01 9.694800284281960279e-01 nan 8.386519529417819641e+00
6.400000000000000133e-01 6.538758638079058549e-01 9.694673428509000823e-01 nan 8.338107689396593969e+00
6.450000000000000178e-01 6.532496991373171191e-01 9.694588554545296999e-01 nan 8.279282817325164245e+00
6.500000000000000222e-01 6.522569190011913154e-01 9.694545791159390191e-01 nan 8.209471657308229808e+00
6.550000000000000266e-01 6.515381984859851539e-01 9.694545157430589644e-01 nan 8.128094042788688967e+00
6.600000000000000311e-01 6.526829525863317993e-01 9.694586565782407073e-01 nan 8.034557304438635583e+00
6.650000000000000355e-01 6.535035718840394026e-01 9.694669819979476744e-01 nan 7.928284454852601471e+00
6.700000000000000400e-01 6.539568615577151522e-01 9.694794613684638573e-01 nan 7.808743177844249317e+00
6.750000000000000444e-01 6.540058359248793751e-01 9.694960527906557601e-01 nan 7.675481509611995712e+00
6.800000000000000488e-01 6.539124252297687789e-01 9.695167028691085154e-01 nan 7.528159793803034461e+00
6.850000000000000533e-01 6.538426913576794730e-01 9.695413465719975310e-01 nan 7.366580097994777532e+00
6.900000000000000577e-01 6.534882816288379859e-01 9.695699070268763986e-01 nan 7.190722133418176121e+00
6.950000000000000622e-01 6.527722941235803988e-01 9.696022954600660437e-01 nan 7.000728026547116123e+00
7.000000000000000666e-01 6.518173547075180041e-01 9.696384117761229771e-01 nan 6.796926419105325579e+00
7.049999999999999600e-01 6.511369079705348062e-01 9.696781455054013232e-01 nan 6.579828126783424658e+00
7.099999999999999645e-01 6.567545125256891714e-01 9.697213753446426443e-01 nan 6.350087618876955275e+00
7.149999999999999689e-01 6.648052338689864893e-01 9.697679702352247633e-01 nan 6.108512836156095638e+00
7.199999999999999734e-01 6.724976692654104360e-01 9.698177897207186371e-01 nan 5.856030865955832887e+00
7.249999999999999778e-01 6.800802394208403934e-01 9.698706844346790534e-01 nan 5.593685213071343476e+00
7.299999999999999822e-01 6.872682767154401073e-01 9.699264966643145192e-01 nan 5.322636328535141459e+00
7.349999999999999867e-01 6.940820068521115216e-01 9.699850609092939280e-01 nan 5.044133704207638402e+00
7.399999999999999911e-01 7.005337407806118133e-01 9.700462043992998940e-01 nan 4.759499802169284699e+00
7.449999999999999956e-01 7.066812981921417602e-01 9.701097476656467267e-01 nan 4.470112165769885237e+00
7.500000000000000000e-01 7.124957626174750480e-01 9.701755050149395432e-01 nan 4.177360981223772640e+00
7.550000000000000044e-01 7.178353627211438992e-01 9.702432853705029725e-01 nan 3.882720086099744172e+00
7.600000000000000089e-01 7.228245452321002684e-01 9.703128924723732895e-01 nan 3.587689318119385629e+00
7.650000000000000133e-01 7.273749106573927925e-01 9.703841256629179846e-01 nan 3.293755685249855514e+00
7.700000000000000178e-01 7.316707843938622391e-01 9.704567805586941098e-01 nan 3.002358536225772312e+00
7.750000000000000222e-01 7.354940602699845398e-01 9.705306495603761574e-01 nan 2.714887383560878664e+00
7.800000000000000266e-01 7.389038132911401879e-01 9.706055224560872219e-01 nan 2.432654642531276057e+00
7.850000000000000311e-01 7.418948232975123291e-01 9.706811867816523831e-01 nan 2.157033688492544066e+00
7.900000000000000355e-01 7.445789498817901864e-01 9.707574288050985212e-01 nan 1.889246353856777860e+00
7.950000000000000400e-01 7.469001522015358274e-01 9.708340338228488298e-01 nan 1.630436001530469747e+00
8.000000000000000444e-01 7.487462322975820816e-01 9.709107866868950110e-01 nan 1.381650079481876237e+00
8.050000000000000488e-01 7.502268689955396974e-01 9.709874721617081095e-01 nan 1.143826118539013947e+00
8.100000000000000533e-01 7.513354116617082523e-01 9.710638753248930222e-01 nan 9.178588932243545440e-01
8.150000000000000577e-01 7.521858844444585523e-01 9.711397818437145224e-01 nan 7.045338280284438870e-01
8.200000000000000622e-01 7.525770043176214230e-01 9.712149781737711152e-01 nan 5.045397781523207614e-01
8.250000000000000666e-01 7.526371164187929397e-01 9.712892517236897394e-01 nan 3.185253941998231753e-01
8.300000000000000711e-01 7.523187042106063149e-01 9.713623910516887561e-01 nan 1.470583007676721787e-01
8.349999999999999645e-01 7.517950015798688934e-01 9.714341859917333677e-01 nan -9.351661403185398957e-03
8.399999999999999689e-01 7.508986228071601321e-01 9.715044276766909848e-01 nan -1.502452678237038985e-01
8.449999999999999734e-01 7.496179986476447787e-01 9.715729086358291244e-01 nan -2.751960545777948353e-01
8.499999999999999778e-01 7.480454599401180626e-01 9.716394227303991604e-01 nan -3.838060980986229831e-01
8.549999999999999822e-01 7.462021918213025407e-01 9.717037652520259527e-01 nan -4.756995426954133133e-01
8.599999999999999867e-01 7.440771997016324413e-01 9.717657330601550125e-01 nan -5.505156342982814310e-01
8.649999999999999911e-01 7.415613641469724904e-01 9.718251245850324516e-01 nan -6.079044592182254458e-01
8.699999999999999956e-01 7.387250883709247651e-01 9.718817400622341562e-01 nan -6.475193018420335456e-01
8.750000000000000000e-01 7.356108969465564584e-01 9.719353816662161805e-01 nan -6.690118826537198027e-01
8.800000000000000044e-01 7.322578652533664467e-01 9.719858537275756216e-01 nan -6.720317748361647192e-01
8.850000000000000089e-01 7.285112371927046082e-01 9.720329631101158885e-01 nan -6.562185193468530464e-01
8.900000000000000133e-01 7.243881390248214647e-01 9.720765195740593834e-01 nan -6.211989132237091260e-01
8.950000000000000178e-01 7.199885148632272358e-01 9.721163363391150947e-01 nan -5.666042412475642553e-01
9.000000000000000222e-01 7.153318118402203218e-01 9.721522307006751351e-01 nan -4.920304332344516141e-01
9.050000000000000266e-01 7.102832594446810699e-01 9.721840247490042275e-01 nan -3.970725714745370616e-01
9.100000000000000311e-01 7.047971911146561075e-01 9.722115461180996787e-01 nan -2.813428802155397701e-01
9.150000000000000355e-01 6.990121792464670802e-01 9.722346289073688919e-01 nan -1.444323688975448217e-01
9.200000000000000400e-01 6.928786675201169531e-01 9.722531148137090184e-01 nan 1.404814444197083345e-02
9.250000000000000444e-01 6.863311973552289613e-01 9.722668542736252473e-01 nan 1.944453684317851427e-01
9.300000000000000488e-01 6.792989216968530197e-01 9.722757077130051995e-01 nan 3.969524720565872355e-01
9.350000000000000533e-01 6.718628053944181167e-01 9.722795470019612862e-01 nan 6.217688950353329469e-01
9.400000000000000577e-01 6.639636468612335474e-01 9.722782572951857993e-01 nan 8.689518080365812303e-01
9.450000000000000622e-01 6.626201360082909497e-01 9.722717392338313669e-01 nan 1.138305345263796120e+00
9.500000000000000666e-01 6.613579641713367430e-01 9.722599110521047416e-01 nan 1.429379059224101578e+00
9.550000000000000711e-01 6.612586613084036058e-01 9.722427113822498246e-01 nan 1.741368366978894189e+00
9.599999999999999645e-01 6.618463987716424191e-01 9.722201023939351927e-01 nan 2.073133663820990069e+00
9.649999999999999689e-01 6.620599738301826687e-01 9.721920737025568915e-01 nan 2.423013897136842232e+00
9.699999999999999734e-01 6.623549954408022300e-01 9.721586464341360756e-01 nan 2.788778197984463247e+00
9.749999999999999778e-01 6.636167707720660447e-01 9.721198773255801395e-01 nan 3.167578042002503480e+00
9.799999999999999822e-01 6.643997527232297085e-01 9.720758627246455230e-01 nan 3.555947626938018136e+00
9.849999999999999867e-01 6.647401464535388493e-01 9.720267439583392122e-01 nan 3.949870518125977004e+00
9.899999999999999911e-01 6.646382221064197626e-01 9.719727109046373270e-01 nan 4.344814476392768299e+00
9.949999999999999956e-01 6.640891370095335366e-01 9.719140043154776976e-01 nan 4.735851891428850102e+00
1.000000000000000000e+00 6.642373176322806660e-01 9.718509162253070599e-01 nan 5.117936369889957149e+00
1.005000000000000115e+00 6.645199443127418615e-01 9.717837878927946260e-01 nan 5.486185281403241021e+00
1.010000000000000009e+00 6.644025387173126962e-01 9.717130051240082667e-01 nan 5.836165572494216747e+00
1.015000000000000124e+00 6.638509650072207391e-01 9.716389907369836765e-01 nan 6.164183625935998556e+00
1.020000000000000018e+00 6.629580098105058994e-01 9.715621938899494658e-01 nan 6.467505523383723087e+00
1.024999999999999911e+00 6.617195726342186557e-01 9.714830780619717610e-01 nan 6.744468237859053694e+00
1.030000000000000027e+00 6.622421281812576055e-01 9.714021079447665574e-01 nan 6.994471429165383114e+00
1.034999999999999920e+00 6.625429308194127342e-01 9.713197372212306613e-01 nan 7.217841426805930105e+00
1.040000000000000036e+00 6.623898855747550884e-01 9.712363980125946483e-01 nan 7.415614928323928545e+00
1.044999999999999929e+00 6.618690709435388619e-01 9.711524930302140035e-01 nan 7.589283345343767806e+00
1.050000000000000044e+00 6.609941975036210948e-01 9.710683910673274521e-01 nan 7.740546221857673714e+00
1.054999999999999938e+00 6.609530747696786834e-01 9.709844252692876321e-01 nan 7.871128647911301179e+00
1.060000000000000053e+00 6.618284669821569155e-01 9.709008946010273533e-01 nan 7.982666834262325040e+00
1.064999999999999947e+00 6.622547654171558884e-01 9.708180672444490789e-01 nan 8.076668028444226266e+00
1.070000000000000062e+00 6.623073414834208528e-01 9.707361853517484374e-01 nan 8.154533908733439418e+00
1.074999999999999956e+00 6.619690329326559652e-01 9.706554705454100151e-01 nan 8.217623372878758659e+00
1.080000000000000071e+00 6.614324805505946703e-01 9.705761295204291539e-01 nan 8.267328718994885861e+00
1.084999999999999964e+00 6.605517433724381604e-01 9.704983592148686000e-01 nan 8.305140904861559648e+00
1.090000000000000080e+00 6.602055115625443671e-01 9.704223510850483736e-01 nan 8.332684577224474864e+00
1.094999999999999973e+00 6.606116701848394612e-01 9.703482941273198215e-01 nan 8.351711305197797586e+00
1.100000000000000089e+00 6.607723131035071473e-01 9.702763764487606357e-01 nan 8.364049353322123181e+00
1.104999999999999982e+00 6.608336751049761482e-01 9.702067854334104346e-01 nan 8.371518037452062799e+00
1.110000000000000098e+00 6.605864807366182978e-01 9.701397067372649063e-01 nan 8.375821760018439477e+00
1.114999999999999991e+00 6.605192680932514548e-01 9.700753224901346172e-01 nan 8.378441554534987290e+00
1.120000000000000107e+00 6.611934911705457107e-01 9.700138091357564107e-01 nan 8.380540433783961518e+00
1.125000000000000000e+00 6.614897966906378990e-01 9.699553352760457159e-01 nan 8.382894381155960417e+00
1.130000000000000115e+00 6.614337498069104981e-01 9.699000597721657568e-01 nan 8.385855962897633020e+00
1.135000000000000009e+00 6.612214090507031461e-01 9.698481302607236954e-01 nan 8.389352587871949041e+00
1.140000000000000124e+00 6.607623773634792030e-01 9.697996821038750159e-01 nan 8.392917858097691308e+00
1.145000000000000018e+00 6.600416698515941816e-01 9.697548377877218684e-01 nan 8.395750512386612741e+00
1.150000000000000133e+00 6.592640830505218652e-01 9.697137068222290157e-01 nan 8.396788801847172579e+00
1.155000000000000027e+00 6.602527694785076395e-01 9.696763853233866248e-01 nan 8.394810306071613937e+00
1.159999999999999920e+00 6.614017474475709646e-01 9.696429565388272609e-01 nan 8.388517915589742913e+00
1.165000000000000036e+00 6.623254805010563295e-01 9.696134911306981685e-01 nan 8.376619707450226215e+00
1.169999999999999929e+00 6.628785762922209113e-01 9.695880475751276206e-01 nan 8.357890560777475386e+00
1.175000000000000044e+00 6.631346326177403050e-01 9.695666726670291169e-01 nan 8.331210316214933798e+00
1.179999999999999938e+00 6.630154316355616473e-01 9.695494019990984480e-01 nan 8.295582293352355308e+00
1.185000000000000053e+00 6.625398012421576110e-01 9.695362603829380532e-01 nan 8.250133291689948578e+00
1.189999999999999947e+00 6.618168185739904397e-01 9.695272622544192087e-01 nan 8.194101462495238408e+00
1.195000000000000062e+00 6.609730329305659735e-01 9.695224120002361445e-01 nan 8.126823626783355792e+00
1.199999999999999956e+00 6.623747658533924998e-01 9.695217040635604189e-01 nan 8.047714083973959376e+00
1.205000000000000071e+00 6.634165784192070925e-01 9.695251232627157822e-01 nan 7.956258239755927164e+00
1.209999999999999964e+00 6.640860527879886011e-01 9.695326444527374576e-01 nan 7.852020867137608384e+00
1.215000000000000080e+00 6.644529808777573932e-01 9.695442325701869590e-01 nan 7.734651921244176442e+00
1.219999999999999973e+00 6.644899613710364417e-01 9.695598422312307063e-01 nan 7.603901974700431943e+00
1.225000000000000089e+00 6.644170268087022935e-01 9.695794175964963513e-01 nan 7.459632583614128620e+00
1.229999999999999982e+00 6.643221605732668733e-01 9.696028922230979230e-01 nan 7.301833523839825979e+00
1.235000000000000098e+00 6.638715202875220545e-01 9.696301887279213938e-01 nan 7.130641402803898465e+00
1.239999999999999991e+00 6.631574700682725254e-01 9.696612188491410267e-01 nan 6.946307513863131611e+00
1.245000000000000107e+00 6.623505311223142344e-01 9.696958842629469499e-01 nan 6.749247238176107722e+00
1.250000000000000000e+00 6.635060765484547263e-01 9.697340768951613343e-01 nan 6.539999827167294555e+00
1.255000000000000115e+00 6.643860884043355508e-01 9.697756786697993014e-01 nan 6.319219502506555841e+00
1.260000000000000009e+00 6.712296705186800994e-01 9.698205626713112260e-01 nan 6.087682310351604009e+00
1.265000000000000124e+00 6.788238167713664950e-01 9.698685933269941550e-01 nan 5.846257040676057670e+00
1.270000000000000018e+00 6.860791954048340857e-01 9.699196269590104613e-01 nan 5.595910433214669411e+00
1.275000000000000133e+00 6.929599901500498316e-01 9.699735123305692763e-01 nan 5.337706240104068023e+00
1.280000000000000027e+00 6.995609572207341920e-01 9.700300912240569229e-01 nan 5.072781931901833907e+00
1.284999999999999920e+00 7.057786508272062553e-01 9.700891989862644449e-01 nan 4.802336804897304745e+00
1.290000000000000036e+00 7.115952533925291590e-01 9.701506651207720822e-01 nan 4.527618699460954410e+00
1.294999999999999929e+00 7.170975885351282830e-01 9.702143137833951769e-01 nan 4.249881273560037975e+00
1.300000000000000044e+00 7.223208160223978380e-01 9.702799645846595933e-01 nan 3.970443447168638951e+00
1.304999999999999938e+00 7.271856482467905503e-01 9.703474330737618114e-01 nan 3.690628690735236361e+00
1.310000000000000053e+00 7.316130412421560925e-01 9.704165311879573430e-01 nan 3.411779568626020165e+00
1.314999999999999947e+00 7.356603867385582696e-01 9.704870681439875524e-01 nan 3.135175880623695122e+00
1.320000000000000062e+00 7.393358920673945844e-01 9.705588508852005525e-01 nan 2.862058976376068653e+00
1.324999999999999956e+00 7.425685887803276097e-01 9.706316846892820704e-01 nan 2.593584470656397745e+00
1.330000000000000071e+00 7.454681249370341822e-01 9.707053735922799298e-01 nan 2.330904258458785350e+00
1.334999999999999964e+00 7.480177460474480844e-01 9.707797209940102201e-01 nan 2.075123963806907668e+00
1.340000000000000080e+00 7.502843327784392002e-01 9.708545302510936947e-01 nan 1.827236314995812405e+00
1.344999999999999973e+00 7.521630423866516590e-01 9.709296049646264359e-01 nan 1.588152674439743839e+00
1.350000000000000089e+00 7.536626958580149305e-01 9.710047494036855298e-01 nan 1.358699509800675775e+00
1.354999999999999982e+00 7.547999127536484387e-01 9.710797687929705324e-01 nan 1.139604428356798316e+00
1.360000000000000098e+00 7.555767293892771130e-01 9.711544696310155933e-01 nan 9.315578320225661457e-01
1.364999999999999991e+00 7.561277889347473025e-01 9.712286598586172826e-01 nan 7.351617112074391169e-01
1.370000000000000107e+00 7.562460915500235359e-01 9.713021488977109374e-01 nan 5.509366799131277803e-01
1.375000000000000000e+00 7.561863271595729019e-01 9.713747476067522424e-01 nan 3.793608011814480485e-01
1.380000000000000115e+00 7.557548315341123812e-01 9.714462682077739109e-01 nan 2.208648193317832575e-01
1.385000000000000009e+00 7.550404117001383586e-01 9.715165241705326915e-01 nan 7.582746758279709787e-02
1.390000000000000124e+00 7.540882722365767066e-01 9.715853301037269407e-01 nan -5.540713859613959069e-02
1.395000000000000018e+00 7.526971298816870215e-01 9.716525015541620514e-01 nan -1.725239752727624198e-01
1.400000000000000133e+00 7.511110283691219136e-01 9.717178548832532403e-01 nan -2.752308529902774970e-01
1.405000000000000027e+00 7.492985184724523240e-01 9.717812071141493924e-01 nan -3.632438400282665958e-01
1.409999999999999920e+00 7.471914091950839776e-01 9.718423758202504592e-01 nan -4.362891405833072556e-01
1.415000000000000036e+00 7.447727297999912066e-01 9.719011789827629588e-01 nan -4.940979410074788358e-01
1.419999999999999929e+00 7.421444422911641636e-01 9.719574349413887537e-01 nan -5.364022327477943053e-01
1.425000000000000044e+00 7.392688862496902269e-01 9.720109623130532839e-01 nan -5.629292941558694530e-01
1.429999999999999938e+00 7.361048947970223466e-01 9.720615800003294948e-01 nan -5.733954939543361995e-01
1.435000000000000053e+00 7.326077482429670384e-01 9.721091072806093969e-01 nan -5.675048388652361719e-01
1.439999999999999947e+00 7.287476818921062582e-01 9.721533640263244624e-01 nan -5.449516973071484305e-01
1.445000000000000062e+00 7.248901389657381733e-01 9.721941709509887009e-01 nan -5.054143798526187226e-01
1.449999999999999956e+00 7.204776066709669413e-01 9.722313501026756954e-01 nan -4.485397857605252225e-01
1.455000000000000071e+00 7.158374755762242359e-01 9.722647253893033081e-01 nan -3.739661074832869581e-01
1.459999999999999964e+00 7.106809184594409246e-01 9.722941232197903627e-01 nan -2.813329359281141473e-01
1.465000000000000080e+00 7.055515154359673913e-01 9.723193733384276616e-01 nan -1.702503291017729015e-01
1.469999999999999973e+00 6.998158397459687263e-01 9.723403097596819977e-01 nan -4.032861727379298544e-02
1.475000000000000089e+00 6.938789470571913309e-01 9.723567718475450983e-01 nan 1.088072939072498718e-01
1.479999999999999982e+00 6.874551972917198883e-01 9.723686056383747944e-01 nan 2.774727250131782119e-01
1.485000000000000098e+00 6.806859733374069910e-01 9.723756651487254210e-01 nan 4.658814350352990519e-01
1.489999999999999991e+00 6.735097225340324067e-01 9.723778139248314689e-01 nan 6.742776577140069394e-01
1.495000000000000107e+00 6.662639145288189457e-01 9.723749269473146439e-01 nan 9.027121419409211978e-01
1.500000000000000000e+00 6.662811527265996014e-01 9.723668926152152503e-01 nan 1.151033623657927274e+00
1.505000000000000115e+00 6.667475617212413885e-01 9.723536149074618606e-01 nan 1.418864861524779197e+00
1.510000000000000009e+00 6.667212349143499805e-01 9.723350161345090115e-01 nan 1.705498751909723776e+00
1.515000000000000124e+00 6.668829132562387185e-01 9.723110400356596017e-01 nan 2.009926006432332102e+00
1.520000000000000018e+00 6.676700128822959934e-01 9.722816549372985673e-01 nan 2.330661525669508016e+00
1.525000000000000133e+00 6.681677261468662588e-01 9.722468581470760096e-01 nan 2.665706669460675915e+00
1.530000000000000027e+00 6.681954723660460393e-01 9.722066793834435172e-01 nan 3.012483796512843259e+00
1.535000000000000142e+00 6.676471231309846210e-01 9.721611850082494399e-01 nan 3.367821530287835152e+00
1.540000000000000036e+00 6.668045405949440951e-01 9.721104820099375488e-01 nan 3.727975544174665146e+00
1.544999999999999929e+00 6.669344706709813275e-01 9.720547232003449167e-01 nan 4.088686265395981678e+00
1.550000000000000044e+00 6.669131977629951802e-01 9.719941094471344911e-01 nan 4.445232603165583996e+00
1.554999999999999938e+00 6.663987302014684477e-01 9.719288919754762723e-01 nan 4.792617417059708451e+00
1.560000000000000053e+00 6.653917430970791580e-01 9.718593723542533480e-01 nan 5.125833107470182171e+00
1.564999999999999947e+00 6.642272477214256066e-01 9.717859001338786662e-01 nan 5.440121922947590782e+00
1.570000000000000062e+00 6.626556856825378539e-01 9.717088687908282951e-01 nan 5.731265329783512108e+00
1.574999999999999956e+00 6.624159329848219313e-01 9.716287082606918091e-01 nan 5.995846382100081584e+00
1.580000000000000071e+00 6.621157696053759922e-01 9.715458759114866671e-01 nan 6.231439557018556563e+00
1.584999999999999964e+00 6.615311846950328034e-01 9.714608457975061340e-01 nan 6.436708211415842484e+00
1.590000000000000080e+00 6.606066701839408140e-01 9.713740979117130303e-01 nan 6.611384085660202636e+00
1.594999999999999973e+00 6.592496554587177204e-01 9.712861078897342404e-01 nan 6.756153316550062904e+00
1.600000000000000089e+00 6.583141758699402324e-01 9.711973382009196909e-01 nan 6.872472090927365329e+00
1.604999999999999982e+00 6.586848240046901948e-01 9.711082318104184985e-01 nan 6.962355757306958104e+00
1.610000000000000098e+00 6.586270961721135686e-01 9.710192084302635696e-01 nan 7.028163900879449422e+00
1.614999999999999991e+00 6.581897079229849234e-01 9.709306627373897047e-01 nan 7.072427563606457745e+00
1.620000000000000107e+00 6.572784711893001619e-01 9.708429643597333847e-01 nan 7.097724675680442630e+00
1.625000000000000000e+00 6.561946074703449705e-01 9.707564590311413832e-01 nan 7.106603025312553612e+00
1.630000000000000115e+00 6.547519894588463840e-01 9.706714701795067235e-01 nan 7.101544318767917474e+00
1.635000000000000009e+00 6.532445535101812917e-01 9.705883005414009945e-01 nan 7.084956113276542844e+00
1.640000000000000124e+00 6.532690115713581935e-01 9.705072335844933118e-01 nan 7.059178362324941780e+00
1.645000000000000018e+00 6.530540028585511969e-01 9.704285346452141692e-01 nan 7.026491700530822726e+00
1.650000000000000133e+00 6.525019502803257598e-01 9.703524517685746531e-01 nan 6.989116410399838664e+00
1.655000000000000027e+00 6.515794871926572362e-01 9.702792162805237153e-01 nan 6.949194213061710812e+00
1.660000000000000142e+00 6.505159367517133751e-01 9.702090431265444348e-01 nan 6.908749281574335654e+00
1.665000000000000036e+00 6.505367715004323204e-01 9.701421310303141032e-01 nan 6.869630370756884652e+00
1.669999999999999929e+00 6.501557387544661948e-01 9.700786625110149330e-01 nan 6.833440492292099044e+00
1.675000000000000044e+00 6.494805999062035484e-01 9.700188038272612445e-01 nan 6.801464561604457337e+00
1.679999999999999938e+00 6.484643691745710647e-01 9.699627049027876868e-01 nan 6.774606520781769170e+00
1.685000000000000053e+00 6.473000218475302159e-01 9.699104993309447531e-01 nan 6.753346647662548108e+00
1.689999999999999947e+00 6.459032903950213678e-01 9.698623045165650769e-01 nan 6.737726243050633279e+00
1.695000000000000062e+00 6.441878146607908917e-01 9.698182219459343667e-01 nan 6.727363988575651987e+00
1.699999999999999956e+00 6.442969264203001201e-01 9.697783375832526032e-01 nan 6.721501719446029810e+00
1.705000000000000071e+00 6.444521513734652318e-01 9.697427224604076024e-01 nan 6.719072957810436897e+00
1.709999999999999964e+00 6.442341180995696526e-01 9.697114332276723925e-01 nan 6.718789795144026300e+00
1.715000000000000080e+00 6.439946717269113829e-01 9.696845127783262352e-01 nan 6.719232775280542747e+00
1.719999999999999973e+00 6.434362194867341289e-01 9.696619911117076995e-01 nan 6.718930477864121009e+00
1.725000000000000089e+00 6.427454283015803238e-01 9.696438854257439788e-01 nan 6.716441978464349205e+00
1.729999999999999982e+00 6.416849014603366319e-01 9.696302009436554847e-01 nan 6.710406149868309633e+00
1.735000000000000098e+00 6.402688798293061367e-01 9.696209314055752593e-01 nan 6.699569499085257007e+00
1.739999999999999991e+00 6.393592518323790719e-01 9.696160596613419003e-01 nan 6.682788696373692439e+00
1.745000000000000107e+00 6.399014150713505655e-01 9.696155582434916598e-01 nan 6.659017202696358773e+00
1.750000000000000000e+00 6.401610615458733777e-01 9.696193899642455705e-01 nan 6.627278826616137763e+00
1.755000000000000115e+00 6.400880659163024067e-01 9.696275086268715260e-01 nan 6.586630931658856269e+00
1.760000000000000009e+00 6.398928987242546995e-01 9.696398598999789176e-01 nan 6.536143927323857739e+00
1.765000000000000124e+00 6.393611878485743194e-01 9.696563816092647059e-01 nan 6.474900898954834005e+00
1.770000000000000018e+00 6.384713727267193883e-01 9.696770040358075882e-01 nan 6.402014010243464170e+00
1.775000000000000133e+00 6.374353961732935892e-01 9.697016497359643994e-01 nan 6.316659042963745030e+00
1.780000000000000027e+00 6.361424622482263480e-01 9.697302331785493390e-01 nan 6.218120439838728863e+00
1.785000000000000142e+00 6.346730590038441866e-01 9.697626598731952097e-01 nan 6.105836716682118137e+00
1.790000000000000036e+00 6.338219750148605947e-01 9.697988258735046330e-01 nan 5.979414295375550914e+00
1.794999999999999929e+00 6.344042643969058926e-01 9.698386179056135425e-01 nan 5.838678767161525229e+00
1.800000000000000044e+00 6.347135769771129477e-01 9.698819127446230981e-01 nan 5.683651499991950296e+00
1.804999999999999938e+00 6.346700478789387700e-01 9.699285772952560558e-01 nan 5.514559997211226694e+00
1.810000000000000053e+00 6.345151315085784116e-01 9.699784688894123041e-01 nan 5.331826971440551510e+00
1.814999999999999947e+00 6.366276052636067329e-01 9.700314355716134207e-01 nan 5.136054504645055196e+00
1.820000000000000062e+00 6.444440179564087101e-01 9.700873165215471161e-01 nan 4.928027044863934059e+00
1.824999999999999956e+00 6.521062985667993583e-01 9.701459424637262074e-01 nan 4.708696626959657294e+00
1.830000000000000071e+00 6.593903784145835889e-01 9.702071361769573077e-01 nan 4.479160798014764744e+00
1.834999999999999964e+00 6.662362582753545981e-01 9.702707129685361753e-01 nan 4.240651612180146302e+00
1.840000000000000080e+00 6.727871618148794086e-01 9.703364810241135174e-01 nan 3.994521823280691830e+00
1.844999999999999973e+00 6.789180492776528686e-01 9.704042416599731880e-01 nan 3.742192849999078863e+00
1.850000000000000089e+00 6.846343153918750257e-01 9.704737900011628504e-01 nan 3.485198333567924411e+00
1.854999999999999982e+00 6.899623236007353944e-01 9.705449152661388412e-01 nan 3.225163190471684427e+00
1.860000000000000098e+00 6.948936122167465035e-01 9.706174013856536664e-01 nan 2.963747670860704453e+00
1.864999999999999991e+00 6.992972503386839511e-01 9.706910276741139709e-01 nan 2.702597111720983047e+00
1.870000000000000107e+00 7.033706970343563958e-01 9.707655694228782828e-01 nan 2.443314217648030251e+00
1.875000000000000000e+00 7.069582554853376388e-01 9.708407984246203437e-01 nan 2.187519295739493330e+00
1.880000000000000115e+00 7.100730104297177103e-01 9.709164836898704909e-01 nan 1.936825998439316132e+00
1.885000000000000009e+00 7.128230535287138903e-01 9.709923922603225233e-01 nan 1.692737903952061362e+00
1.890000000000000124e+00 7.150589556534565627e-01 9.710682897441176298e-01 nan 1.456684663595685159e+00
1.895000000000000018e+00 7.169196366710826052e-01 9.711439409723006122e-01 nan 1.229987227396321714e+00
1.900000000000000133e+00 7.183384709445816974e-01 9.712191106253762474e-01 nan 1.013905271795055407e+00
1.905000000000000027e+00 7.193070139683681585e-01 9.712935638323992871e-01 nan 8.096061496632835919e-01
1.910000000000000142e+00 7.198603087375942122e-01 9.713670666973879264e-01 nan 6.181453763166933069e-01
1.915000000000000036e+00 7.200136953511615534e-01 9.714393867701770491e-01 nan 4.405230825651202387e-01
1.919999999999999929e+00 7.197277128022084858e-01 9.715102936113949594e-01 nan 2.776611986052071601e-01
1.925000000000000044e+00 7.190710722043870406e-01 9.715795592497084021e-01 nan 1.304125962272310035e-01
1.929999999999999938e+00 7.180043951195056451e-01 9.716469585916975849e-01 nan -4.273766316413574184e-04
1.935000000000000053e+00 7.165028573031437809e-01 9.717122698350966203e-01 nan -1.141062432954078470e-01
1.939999999999999947e+00 7.146782077664975974e-01 9.717752748158858811e-01 nan -2.099050935537551676e-01
1.945000000000000062e+00 7.124115785848100790e-01 9.718357595081248412e-01 nan -2.871382744878786530e-01
1.949999999999999956e+00 7.097914655158333863e-01 9.718935144408817894e-01 nan -3.451495083075672987e-01
1.955000000000000071e+00 7.067556155475973600e-01 9.719483352373735618e-01 nan -3.833105342550942041e-01
1.959999999999999964e+00 7.033022772813322110e-01 9.720000230941687747e-01 nan -4.010233929797080710e-01
1.965000000000000080e+00 6.994893607339168762e-01 9.720483854457963036e-01 nan -3.977162584556079850e-01
1.969999999999999973e+00 6.952016730245365039e-01 9.720932367280933351e-01 nan -3.728630938575013820e-01
1.975000000000000089e+00 6.905854128733001085e-01 9.721343993357626223e-01 nan -3.259893670361666551e-01
1.979999999999999982e+00 6.854916224452054507e-01 9.721717048450504439e-01 nan -2.566656787812258145e-01
1.985000000000000098e+00 6.800086864005934206e-01 9.722049953558601354e-01 nan -1.645612647360521763e-01
1.989999999999999991e+00 6.744626482517159793e-01 9.722341252147556068e-01 nan -4.945405052902435150e-02
1.995000000000000107e+00 6.686317965965123955e-01 9.722589631172612323e-01 nan 8.877269632973788793e-02
2.000000000000000000e+00 6.623851666030809993e-01 9.722793947275663040e-01 nan 2.500673949299183629e-01
2.004999999999999893e+00 6.557369346598168613e-01 9.722953253125070638e-01 nan 4.341017850975320003e-01
2.010000000000000231e+00 6.486886298163642151e-01 9.723066830505324720e-01 nan 6.403300225764083642e-01
2.015000000000000124e+00 6.412679139529282590e-01 9.723134226983509709e-01 nan 8.679960440554828072e-01
2.020000000000000018e+00 6.334969466124895643e-01 9.723155298140425673e-01 nan 1.115930545546274466e+00
2.024999999999999911e+00 6.254426258916051529e-01 9.723130244742584916e-01 nan 1.382596292345588118e+00
2.030000000000000249e+00 6.171326710525628645e-01 9.723059650842225121e-01 nan 1.666052273059664524e+00
2.035000000000000142e+00 6.089449725794947588e-01 9.722944517133238485e-01 nan 1.964044916122900108e+00
2.040000000000000036e+00 6.094017641062765556e-01 9.722786279885748950e-01 nan 2.273961353878445113e+00
2.044999999999999929e+00 6.095048554201387692e-01 9.722586822993261046e-01 nan 2.592924478170902436e+00
2.049999999999999822e+00 6.092624870405863868e-01 9.722348457071728900e-01 nan 2.917903324389393038e+00
2.055000000000000160e+00 6.089786243407857569e-01 9.722073883015698303e-01 nan 3.245872170976006998e+00
2.060000000000000053e+00 6.093770734321309890e-01 9.721766128663016371e-01 nan 3.573963756264582958e+00
2.064999999999999947e+00 6.094304218670946183e-01 9.721428462925677527e-01 nan 3.899609598719702586e+00
2.069999999999999840e+00 6.091546949058422866e-01 9.721064305837112673e-01 nan 4.220645866948570912e+00
2.075000000000000178e+00 6.085587121110519471e-01 9.720677112258935271e-01 nan 4.535348718962346481e+00
2.080000000000000071e+00 6.079419228039331102e-01 9.720270267913615481e-01 nan 4.842437203654838207e+00
2.084999999999999964e+00 6.079572113238761455e-01 9.719846996458025856e-01 nan 5.141026605217092538e+00
2.089999999999999858e+00 6.076412112430690238e-01 9.719410284732071803e-01 nan 5.430546112286880778e+00
2.095000000000000195e+00 6.070282609754497072e-01 9.718962834249665894e-01 nan 5.710625788825385740e+00
2.100000000000000089e+00 6.063368171716105870e-01 9.718507038571990719e-01 nan 5.980985990074680458e+00
2.104999999999999982e+00 6.064448800471646805e-01 9.718044985558245141e-01 nan 6.241349650519253167e+00
2.109999999999999876e+00 6.062097430975923462e-01 9.717578480332306201e-01 nan 6.491386312865255803e+00
2.115000000000000213e+00 6.058169229631329422e-01 9.717109084996281565e-01 nan 6.730693155366133773e+00
2.120000000000000107e+00 6.056777440590381811e-01 9.716638169034408357e-01 nan 6.958809511373051038e+00
2.125000000000000000e+00 6.062854920683214965e-01 9.716166965695831603e-01 nan 7.175262692434353440e+00
2.129999999999999893e+00 6.065697408989103590e-01 9.715696628905301502e-01 nan 7.379634518120655962e+00
2.135000000000000231e+00 6.065314715689683611e-01 9.715228285091446203e-01 nan 7.571631368527905082e+00
2.140000000000000124e+00 6.061738268681150510e-01 9.714763075915133772e-01 nan 7.751140033063705914e+00
2.145000000000000018e+00 6.055410497167533768e-01 9.714302188116891168e-01 nan 7.918256711976296991e+00
2.149999999999999911e+00 6.057323877988645133e-01 9.713846868960843706e-01 nan 8.073280327201896256e+00
2.155000000000000249e+00 6.057176025278981912e-01 9.713398427631202425e-01 nan 8.216669596466649850e+00
2.160000000000000142e+00 6.054175506526676687e-01 9.712958225402421597e-01 nan 8.348972128263032033e+00
2.165000000000000036e+00 6.048648736683266414e-01 9.712527657122521640e-01 nan 8.470741906409179123e+00
2.169999999999999929e+00 6.040793471037139151e-01 9.712108129017784641e-01 nan 8.582458269162048126e+00
2.175000000000000266e+00 6.030906634896017193e-01 9.711701035564239692e-01 nan 8.684460873410412063e+00
2.180000000000000160e+00 6.031441751794021089e-01 9.711307738006464962e-01 nan 8.776908763291816129e+00
2.185000000000000053e+00 6.032995772292956138e-01 9.710929545962916354e-01 nan 8.859766327031024957e+00
2.189999999999999947e+00 6.037357208353603122e-01 9.710567702889030262e-01 nan 8.932813782804108982e+00
2.194999999999999840e+00 6.069407498073706719e-01 9.710223375161404213e-01 nan 8.995678055978697074e+00
2.200000000000000178e+00 6.099968575551119043e-01 9.709897643774025866e-01 nan 9.047877459176582704e+00
2.205000000000000071e+00 6.129073658873196440e-01 9.709591498808732846e-01 nan 9.088871321797666880e+00
2.209999999999999964e+00 6.159643518362840631e-01 9.709305835287571629e-01 nan 9.118111939087674145e+00
2.214999999999999858e+00 6.188875404852836049e-01 9.709041449541988555e-01 nan 9.135082594528631361e+00
2.220000000000000195e+00 6.216837267268675582e-01 9.708799037270821053e-01 nan 9.139333866144761842e+00
2.225000000000000089e+00 6.244414641120780152e-01 9.708579189885395699e-01 nan 9.130513575533923287e+00
2.229999999999999982e+00 6.272750472727091076e-01 9.708382392273187111e-01 nan 9.108382564103322920e+00
2.234999999999999876e+00 6.299796102897640138e-01 9.708209020480578211e-01 nan 9.072824992647069209e+00
2.240000000000000213e+00 6.325222995773441825e-01 9.708059338442465158e-01 nan 9.023853034239948556e+00
2.245000000000000107e+00 6.351886614288129174e-01 9.707933495654866851e-01 nan 8.961608793607087620e+00
2.250000000000000000e+00 6.377823511343405638e-01 9.707831525013795870e-01 nan 8.886363085666172168e+00
2.254999999999999893e+00 6.401854617652605883e-01 9.707753341391095470e-01 nan 8.798509451854028995e+00
2.260000000000000231e+00 6.427222122059610410e-01 9.707698740581763852e-01 nan 8.698559577061541148e+00
2.265000000000000124e+00 6.451587538957234136e-01 9.707667399144275233e-01 nan 8.587139554270994068e+00
2.270000000000000018e+00 6.473823080376307493e-01 9.707658875350896333e-01 nan 8.464984856556103665e+00
2.274999999999999911e+00 6.498089734822340979e-01 9.707672609348333426e-01 nan 8.332946467221564291e+00
2.280000000000000249e+00 6.520516870137134102e-01 9.707707925419521988e-01 nan 8.191968862375540894e+00
2.285000000000000142e+00 6.541787812934940494e-01 9.707764034592870628e-01 nan 8.043057567285856635e+00
2.290000000000000036e+00 6.564495116996131863e-01 9.707840042292271709e-01 nan 7.887339659764622368e+00
2.294999999999999929e+00 6.584725342898888334e-01 9.707934954630478286e-01 nan 7.725996317741650188e+00
2.300000000000000266e+00 6.606346291453132347e-01 9.708047678622235832e-01 nan 7.560253361302543773e+00
2.305000000000000160e+00 6.626657223413091602e-01 9.708177030237883365e-01 nan 7.391377500232731990e+00
2.310000000000000053e+00 6.645201602154358067e-01 9.708321742258461118e-01 nan 7.220666700481099376e+00
2.314999999999999947e+00 6.665594320153752639e-01 9.708480470564976317e-01 nan 7.049451089048837993e+00
2.319999999999999840e+00 6.683062845934817364e-01 9.708651806561512387e-01 nan 6.879070599621430304e+00
2.325000000000000178e+00 6.702554346542668462e-01 9.708834282438785213e-01 nan 6.710841198502842886e+00
2.330000000000000071e+00 6.719767769254453293e-01 9.709026380831027314e-01 nan 6.546060969113758787e+00
2.334999999999999964e+00 6.736197581099129250e-01 9.709226544273817927e-01 nan 6.385994334523370952e+00
2.339999999999999858e+00 6.753111970822334165e-01 9.709433185196589822e-01 nan 6.231853918468659437e+00
2.345000000000000195e+00 6.767896115481395469e-01 9.709644695439781925e-01 nan 6.084789310683162533e+00
2.350000000000000089e+00 6.784333145343003357e-01 9.709859455552594110e-01 nan 5.945875092534888218e+00
2.354999999999999982e+00 6.797291308091413242e-01 9.710075843687109298e-01 nan 5.816100249956464019e+00
2.359999999999999876e+00 6.811707995257486603e-01 9.710292244209242085e-01 nan 5.696358180120324910e+00
2.365000000000000213e+00 6.823887691480050588e-01 9.710507055532110465e-01 nan 5.587438180950822897e+00
2.370000000000000107e+00 6.836013699529237542e-01 9.710718697127298515e-01 nan 5.490020638563471778e+00
2.375000000000000000e+00 6.847073089636463994e-01 9.710925615831079716e-01 nan 5.404674436446610386e+00
2.379999999999999893e+00 6.854455712561167147e-01 9.711126290993827848e-01 nan 5.331856353333407128e+00
2.385000000000000231e+00 6.863000579733428141e-01 9.711319238613529414e-01 nan 5.271913278058299568e+00
2.390000000000000124e+00 6.880623538269897699e-01 9.711503014473852335e-01 nan 5.225087362984299766e+00
2.395000000000000018e+00 6.896444466362922077e-01 9.711676216303181119e-01 nan 5.191523761587360397e+00
2.399999999999999911e+00 6.908009225879702120e-01 9.711837485077658982e-01 nan 5.171281476845139835e+00
2.405000000000000249e+00 6.915540036146116121e-01 9.711985505581066658e-01 nan 5.164346263201723630e+00
2.410000000000000142e+00 6.922357449617679848e-01 9.712119006293654655e-01 nan 5.170643715955497655e+00
2.415000000000000036e+00 6.925519472471459714e-01 9.712236759007601972e-01 nan 5.190054304833776833e+00
2.419999999999999929e+00 6.926930064435935508e-01 9.712337578237900670e-01 nan 5.222427565193145327e+00
2.425000000000000266e+00 6.932826512544750797e-01 9.712420320471324420e-01 nan 5.267595732698390876e+00
2.430000000000000160e+00 6.936866655417067706e-01 9.712483883719330580e-01 nan 5.325383769879307394e+00
2.435000000000000053e+00 6.937003465064170982e-01 9.712527207298842225e-01 nan 5.395616585081880245e+00
2.439999999999999947e+00 6.933527163695305529e-01 9.712549271636932158e-01 nan 5.478123256541242547e+00
2.444999999999999840e+00 6.937269496212984388e-01 9.712549097782430252e-01 nan 5.572741384325143876e+00
2.450000000000000178e+00 6.937452217510230446e-01 9.712525753068996792e-01 nan 5.679310079863100214e+00
2.455000000000000071e+00 6.933846708587598773e-01 9.712478349724094073e-01 nan 5.797647497735703759e+00
2.459999999999999964e+00 6.934968974291506605e-01 9.712406048099955225e-01 nan 5.927556616214909369e+00
2.464999999999999858e+00 6.938439058934817716e-01 9.712308060813219512e-01 nan 6.068812923736930820e+00
2.470000000000000195e+00 6.937720920810588332e-01 9.712183658085369320e-01 nan 6.221143365980513984e+00
2.475000000000000089e+00 6.932899310144190475e-01 9.712032172506787076e-01 nan 6.384213571669311804e+00
2.479999999999999982e+00 6.924548455284477155e-01 9.711853002870437512e-01 nan 6.557606930014558522e+00
2.484999999999999876e+00 6.922140410212150874e-01 9.711645618928164136e-01 nan 6.740823230348557793e+00
2.490000000000000213e+00 6.921442103285267988e-01 9.711409577175023067e-01 nan 6.933259109157878797e+00
2.495000000000000107e+00 6.916520490652519060e-01 9.711144515974647895e-01 nan 7.134178135097185347e+00
2.500000000000000000e+00 6.908082276897627994e-01 9.710850161151118876e-01 nan 7.342702759884623731e+00
2.504999999999999893e+00 6.898694350535191644e-01 9.710526332951119333e-01 nan 7.557800901929751625e+00
2.510000000000000231e+00 6.896716539867651097e-01 9.710172947241180186e-01 nan 7.778312432370337426e+00
2.515000000000000124e+00 6.903300870042350379e-01 9.709790019070638767e-01 nan 8.002950968001476539e+00
2.520000000000000018e+00 6.913227275783661030e-01 9.709377666472563950e-01 nan 8.230304708395184576e+00
2.524999999999999911e+00 6.917768564048959457e-01 9.708936112799069207e-01 nan 8.458847179693304241e+00
2.530000000000000249e+00 6.917410578593512493e-01 9.708465688542533556e-01 nan 8.686956195057698338e+00
2.535000000000000142e+00 6.912474518982550942e-01 9.707966831691762222e-01 nan 8.912933854398881195e+00
2.540000000000000036e+00 6.903043407765068196e-01 9.707440093078208987e-01 nan 9.135013970992575949e+00
2.544999999999999929e+00 6.889720846450175795e-01 9.706886134978082170e-01 nan 9.351399886872341582e+00
2.550000000000000266e+00 6.873374595765238126e-01 9.706305732655037266e-01 nan 9.560294786624270458e+00
2.555000000000000160e+00 6.866949080178957887e-01 9.705699775532954376e-01 nan 9.759927864235690365e+00
2.560000000000000053e+00 6.858604913324762853e-01 9.705069268837202001e-01 nan 9.948582019661508014e+00
2.564999999999999947e+00 6.847035657564644051e-01 9.704415331939661993e-01 nan 1.012462662247443745e+01
2.569999999999999840e+00 6.831851820537336861e-01 9.703739198518450682e-01 nan 1.028654280307042157e+01
2.575000000000000178e+00 6.814161015980573222e-01 9.703042215901351852e-01 nan 1.043294685271811950e+01
2.580000000000000071e+00 6.811587007778114877e-01 9.702325843736187005e-01 nan 1.056261081170033655e+01
2.584999999999999964e+00 6.804699931509486932e-01 9.701591653989378727e-01 nan 1.067447825943223805e+01
2.589999999999999858e+00 6.793360716472603977e-01 9.700841327595453034e-01 nan 1.076768005545386764e+01
2.595000000000000195e+00 6.779355298693499066e-01 9.700076652698108592e-01 nan 1.084154027506257023e+01
2.600000000000000089e+00 6.763890670561382157e-01 9.699299521585567074e-01 nan 1.089557956191354826e+01
2.604999999999999982e+00 6.764188235027430718e-01 9.698511927332441607e-01 nan 1.092951277144148570e+01
2.609999999999999876e+00 6.762351007387662483e-01 9.697715958565329419e-01 nan 1.094324475282019904e+01
2.615000000000000213e+00 6.756384366006025211e-01 9.696913792775536667e-01 nan 1.093687110513385363e+01
2.620000000000000107e+00 6.746627261739905901e-01 9.696107691931356021e-01 nan 1.091066537529926705e+01
2.625000000000000000e+00 6.733621474066102675e-01 9.695299994276345146e-01 nan 1.086506838469072633e+01
2.629999999999999893e+00 6.722069366434700877e-01 9.694493105526706955e-01 nan 1.080067726460183053e+01
2.635000000000000231e+00 6.715226412063814987e-01 9.693689488571868296e-01 nan 1.071823426564402482e+01
2.640000000000000124e+00 6.704788218054227311e-01 9.692891651695311195e-01 nan 1.061861479976379030e+01
2.645000000000000018e+00 6.691185025313926005e-01 9.692102135222915305e-01 nan 1.050281455980769785e+01
2.649999999999999911e+00 6.674576904195708149e-01 9.691323496619157485e-01 nan 1.037193546545314682e+01
2.655000000000000249e+00 6.662134545375599792e-01 9.690558294095524827e-01 nan 1.022717010451372310e+01
2.660000000000000142e+00 6.660705535144574307e-01 9.689809068979605700e-01 nan 1.006978436628523355e+01
2.665000000000000036e+00 6.664244020407262825e-01 9.689078327016824588e-01 nan 9.901098091685451408e+00
2.669999999999999929e+00 6.664422495586086459e-01 9.688368519187664507e-01 nan 9.722463672627091213e+00
2.675000000000000266e+00 6.660958234430474079e-01 9.687682022428143469e-01 nan 9.535242787941145437e+00
2.680000000000000160e+00 6.654107228765319126e-01 9.687021121107122212e-01 nan 9.340781824557375046e+00
2.685000000000000053e+00 6.644967049328718289e-01 9.686387989666308540e-01 nan 9.140386835083992523e+00
2.689999999999999947e+00 6.633077909837169495e-01 9.685784677263526987e-01 nan 8.935299230362170775e+00
2.694999999999999840e+00 6.621340885498907536e-01 9.685213094893080354e-01 nan 8.726673605851653193e+00
2.700000000000000178e+00 6.610156267147471176e-01 9.684675005990002195e-01 nan 8.515558426421637961e+00
2.705000000000000071e+00 6.619499033004453414e-01 9.684172020264200098e-01 nan 8.302880816546487353e+00
2.709999999999999964e+00 6.626835818779368559e-01 9.683705588868345426e-01 nan 8.089445765015772949e+00
2.714999999999999858e+00 6.633092171385623903e-01 9.683277007927919566e-01 nan 7.875930258666701711e+00
2.720000000000000195e+00 6.635819548895454112e-01 9.682887422784187681e-01 nan 7.662887678596885799e+00
2.725000000000000089e+00 6.636086569260515322e-01 9.682537836254692110e-01 nan 7.450755042959688268e+00
2.729999999999999982e+00 6.633224705711908697e-01 9.682229119450482813e-01 nan 7.239864099417306242e+00
2.734999999999999876e+00 6.627322367870720488e-01 9.681962023557484365e-01 nan 7.030454141908558441e+00
2.740000000000000213e+00 6.619343420903134323e-01 9.681737192710636597e-01 nan 6.822684550425532457e+00
2.745000000000000107e+00 6.610092734837066386e-01 9.681555174611259362e-01 nan 6.616644469333734513e+00
2.750000000000000000e+00 6.623032444440636324e-01 9.681416431319084248e-01 nan 6.412360837364647459e+00
2.754999999999999893e+00 6.633100837239975789e-01 9.681321345543548729e-01 nan 6.209807244369003776e+00
2.760000000000000231e+00 6.641191212548263056e-01 9.681270223421896137e-01 nan 6.008910170721229349e+00
2.765000000000000124e+00 6.648124746962760234e-01 9.681263294329601754e-01 nan 5.809552039443486748e+00
2.770000000000000018e+00 6.652212050445683866e-01 9.681300705246125293e-01 nan 5.611577688669422415e+00
2.774999999999999911e+00 6.656030251502078610e-01 9.681382514632396186e-01 nan 5.414783490402739652e+00
2.780000000000000249e+00 6.657824740536237851e-01 9.681508684523669750e-01 nan 5.218925135270054305e+00
2.785000000000000142e+00 6.657013034028191889e-01 9.681679072838548228e-01 nan 5.023722990110899289e+00
2.790000000000000036e+00 6.652985441211585194e-01 9.681893422997279730e-01 nan 4.828856328387314711e+00
2.794999999999999929e+00 6.653761936036928226e-01 9.682151355542600868e-01 nan 4.633972782191922768e+00
2.800000000000000266e+00 6.670756762297416209e-01 9.682452361175345468e-01 nan 4.438690515844533557e+00
2.805000000000000160e+00 6.685359786548976668e-01 9.682795797454070152e-01 nan 4.242611499073416503e+00
2.810000000000000053e+00 6.696897785072336573e-01 9.683180886839054535e-01 nan 4.045333651221435289e+00
2.814999999999999947e+00 6.705256223142446181e-01 9.683606716735582154e-01 nan 3.846463749727626169e+00
2.819999999999999840e+00 6.709474311455505546e-01 9.684072241997336850e-01 nan 3.645632249325426510e+00
2.825000000000000178e+00 6.711721028176678150e-01 9.684576288381651077e-01 nan 3.442511144440373538e+00
2.830000000000000071e+00 6.712676677930468072e-01 9.685117557384088638e-01 nan 3.236837203207902469e+00
2.834999999999999964e+00 6.710556115221264495e-01 9.685694631682828515e-01 nan 3.028437949696661580e+00
2.839999999999999858e+00 6.707760843438675957e-01 9.686305981036964496e-01 nan 2.817250810671271477e+00
2.845000000000000195e+00 6.722495373112584716e-01 9.686949969433145124e-01 nan 2.603339390194721936e+00
2.850000000000000089e+00 6.734258109753508137e-01 9.687624863045072310e-01 nan 2.386983316955900492e+00
2.854999999999999982e+00 6.756036636371327564e-01 9.688328840476760906e-01 nan 2.168649479885841558e+00
2.859999999999999876e+00 6.818795606559020506e-01 9.689060004666305570e-01 nan 1.948902741006043327e+00
2.865000000000000213e+00 6.878236679999462089e-01 9.689816394003927247e-01 nan 1.728504051013282972e+00
2.870000000000000107e+00 6.932482618437996180e-01 9.690595998314165405e-01 nan 1.508416532398841436e+00
2.875000000000000000e+00 6.982667849266276372e-01 9.691396776735716756e-01 nan 1.289623761060507690e+00
2.879999999999999893e+00 7.027691426990729795e-01 9.692216674885812955e-01 nan 1.073198133685069333e+00
2.885000000000000231e+00 7.068098998441214587e-01 9.693053641660502873e-01 nan 8.601881869477703280e-01
2.890000000000000124e+00 7.103531479297643392e-01 9.693905645485298983e-01 nan 6.516350847756645637e-01
2.895000000000000018e+00 7.135341854753770585e-01 9.694770691284217978e-01 nan 4.484651629468869860e-01
2.899999999999999911e+00 7.163287255738418624e-01 9.695646834081090848e-01 nan 2.515069998674313578e-01
2.905000000000000249e+00 7.186686559346051606e-01 9.696532190302792342e-01 nan 6.144066105110314313e-02
2.910000000000000142e+00 7.207667964863921917e-01 9.697424946122426004e-01 nan -1.212082804537845532e-01
2.915000000000000036e+00 7.224243243385590763e-01 9.698323367317983612e-01 nan -2.960565393204763751e-01
2.919999999999999929e+00 7.237654240012432183e-01 9.699225801494573140e-01 nan -4.628675715693914561e-01
2.925000000000000266e+00 7.249645595376346119e-01 9.700130680272445183e-01 nan -6.215368615614951242e-01
2.930000000000000160e+00 7.259931841041343814e-01 9.701036519426204929e-01 nan -7.720774097458065199e-01
2.935000000000000053e+00 7.268206346397889650e-01 9.701941918196620440e-01 nan -9.145944054911995247e-01
2.939999999999999947e+00 7.274734003848050135e-01 9.702845556137315031e-01 nan -1.049263905086404103e+00
2.944999999999999840e+00 7.278479568313814818e-01 9.703746188907628190e-01 nan -1.176308995877381802e+00
2.950000000000000178e+00 7.279926090790349580e-01 9.704642643471816932e-01 nan -1.295979571929571472e+00
2.955000000000000071e+00 7.280955579253732823e-01 9.705533812876515620e-01 nan -1.408534702869921995e+00
2.959999999999999964e+00 7.279947577707689410e-01 9.706418650682759885e-01 nan -1.514224341985725530e+00
2.964999999999999858e+00 7.276884348031918970e-01 9.707296164902845526e-01 nan -1.613271515182331806e+00
2.970000000000000195e+00 7.273960604413427511e-01 9.708165411604677830e-01 nan -1.705860678325088919e+00
2.975000000000000089e+00 7.268895272095929894e-01 9.709025489309834889e-01 nan -1.792127837405085522e+00
2.979999999999999982e+00 7.262799314013950180e-01 9.709875533658723912e-01 nan -1.872153634075633954e+00
2.984999999999999876e+00 7.254971610190914522e-01 9.710714711518441122e-01 nan -1.945960311688586852e+00
2.990000000000000213e+00 7.247372321798529748e-01 9.711542215264857836e-01 nan -2.013509945570317150e+00
2.995000000000000107e+00 7.238743674480146995e-01 9.712357257920922748e-01 nan -2.074703958666793469e+00
3.000000000000000000e+00 7.228600397599179717e-01 9.713159067902557009e-01 nan -2.129385670595188351e+00
3.004999999999999893e+00 7.217475309959315855e-01 9.713946884215620692e-01 nan -2.177343809922997586e+00
3.010000000000000231e+00 7.206047079865079974e-01 9.714719951800607767e-01 nan -2.218314959294326538e+00
3.015000000000000124e+00 7.194072834118243609e-01 9.715477516714550177e-01 nan -2.251987341474759319e+00
3.020000000000000018e+00 7.180672483928118854e-01 9.716218821726998467e-01 nan -2.278005279214017964e+00
3.024999999999999911e+00 7.166185118433808787e-01 9.716943102054734771e-01 nan -2.295972437511195618e+00
3.030000000000000249e+00 7.151971772172037722e-01 9.717649580786027474e-01 nan -2.305454059633145203e+00
3.035000000000000142e+00 7.135989811306970854e-01 9.718337464367049483e-01 nan -2.305979961279780444e+00
3.040000000000000036e+00 7.118895561106648451e-01 9.719005938401380496e-01 nan -2.297046348861949916e+00
3.044999999999999929e+00 7.100943618753814413e-01 9.719654164212041536e-01 nan -2.278116907430745020e+00
3.050000000000000266e+00 7.082665576642155347e-01 9.720281274093000023e-01 nan -2.248620372456489491e+00
3.055000000000000160e+00 7.063010382629584250e-01 9.720886367555834351e-01 nan -2.207955431670598045e+00
3.060000000000000053e+00 7.042311684653056458e-01 9.721468507465342856e-01 nan -2.155492655957092385e+00
3.064999999999999947e+00 7.019725980353220818e-01 9.722026716904544896e-01 nan -2.090574820545715973e+00
3.070000000000000284e+00 6.996882934763425377e-01 9.722559975997799864e-01 nan -2.012521991901350393e+00
3.075000000000000178e+00 6.972111671821765722e-01 9.723067219286765095e-01 nan -1.920636042591052917e+00
3.080000000000000071e+00 6.945790283762242057e-01 9.723547333167438245e-01 nan -1.814191281661717614e+00
3.084999999999999964e+00 6.917923147170974563e-01 9.723999155554614582e-01 nan -1.692443196903907987e+00
3.089999999999999858e+00 6.889077411826255437e-01 9.724421476180691304e-01 nan -1.554654352853824584e+00
3.095000000000000195e+00 6.858148337897751468e-01 9.724813036279016387e-01 nan -1.400108517941967001e+00
3.100000000000000089e+00 6.824447269225935031e-01 9.725172531709077584e-01 nan -1.228088523409007315e+00
3.104999999999999982e+00 6.788736759889000272e-01 9.725498616216426973e-01 nan -1.037920277152547976e+00
3.109999999999999876e+00 6.751199851314546585e-01 9.725789908929289851e-01 nan -8.289855443309482874e-01
3.115000000000000213e+00 6.711294131880651825e-01 9.726045000253982220e-01 nan -6.007958294550307388e-01
3.120000000000000107e+00 6.667728627416283915e-01 9.726262462206375359e-01 nan -3.529146305845493603e-01
3.125000000000000000e+00 6.621965646186095400e-01 9.726440859969591735e-01 nan -8.504470897593982559e-02
3.129999999999999893e+00 6.612919660489955387e-01 9.726578766058926462e-01 nan 2.029071971235930083e-01
3.135000000000000231e+00 6.601327684419815434e-01 9.726674774718162553e-01 nan 5.108037766151199977e-01
3.140000000000000124e+00 6.586456141763693539e-01 9.726727519690686607e-01 nan 8.382486334251408877e-01
3.145000000000000018e+00 6.568304455098971095e-01 9.726735694450663328e-01 nan 1.184506525640367292e+00
3.149999999999999911e+00 6.548734375941945851e-01 9.726698076133588611e-01 nan 1.548523526014236262e+00
3.155000000000000249e+00 6.541600771559885619e-01 9.726613549178966256e-01 nan 1.928827204230592729e+00
3.160000000000000142e+00 6.543485513941560416e-01 9.726481135181859194e-01 nan 2.323499877323387697e+00
3.165000000000000036e+00 6.542036684692474902e-01 9.726300030478274294e-01 nan 2.730148297519814360e+00
3.169999999999999929e+00 6.538984092767951006e-01 9.726069637929564138e-01 nan 3.145868794481900377e+00
3.175000000000000266e+00 6.533160703059074370e-01 9.725789607541208692e-01 nan 3.567260074467781372e+00
3.180000000000000160e+00 6.527022739477962299e-01 9.725459875715678493e-01 nan 3.990449618756746641e+00
3.185000000000000053e+00 6.520018687927634504e-01 9.725080725873528342e-01 nan 4.411149256586866407e+00
3.189999999999999947e+00 6.510250969362726403e-01 9.724652827700162039e-01 nan 4.824655262234211150e+00
3.195000000000000284e+00 6.500525893574878866e-01 9.724177285782483748e-01 nan 5.225970263132399651e+00
3.200000000000000178e+00 6.490716924350344863e-01 9.723655680546872127e-01 nan 5.609994729536993852e+00
3.205000000000000071e+00 6.477507286026354949e-01 9.723090102787809164e-01 nan 5.971715506805826301e+00
3.209999999999999964e+00 6.462078725717926853e-01 9.722483179121157448e-01 nan 6.306425831675192661e+00
3.214999999999999858e+00 6.444583300160049433e-01 9.721838075487834185e-01 nan 6.610011735061532612e+00
3.220000000000000195e+00 6.448381833170512278e-01 9.721158480157596760e-01 nan 6.879223054574796770e+00
3.225000000000000089e+00 6.452589620494182387e-01 9.720448558163526931e-01 nan 7.111925336957103383e+00
3.229999999999999982e+00 6.455151698006557082e-01 9.719712879937787431e-01 nan 7.307275785635533261e+00
3.234999999999999876e+00 6.455608557756475907e-01 9.718956326580040495e-01 nan 7.465794424326723799e+00
3.240000000000000213e+00 6.452983540782787353e-01 9.718183972845242380e-01 nan 7.589311340923397431e+00
3.245000000000000107e+00 6.448751972430133428e-01 9.717400960793524112e-01 nan 7.680777179267613164e+00
3.250000000000000000e+00 6.442254946320232767e-01 9.716612370346057181e-01 nan 7.743981151261188245e+00
3.254999999999999893e+00 6.433693656671080063e-01 9.715823105364086443e-01 nan 7.783188878954077516e+00
3.260000000000000231e+00 6.422690333587910416e-01 9.715037793826155621e-01 nan 7.802779147732692877e+00
3.265000000000000124e+00 6.410882880109077808e-01 9.714260715069441554e-01 nan 7.806922997141856335e+00
3.270000000000000018e+00 6.402765275005806167e-01 9.713495753860739157e-01 nan 7.799346918510154048e+00
3.274999999999999911e+00 6.394234800235798488e-01 9.712746382596961769e-01 nan 7.783192514980002308e+00
3.280000000000000249e+00 6.383219683268909206e-01 9.712015667653062234e-01 nan 7.760972033529815128e+00
3.285000000000000142e+00 6.392242300496003837e-01 9.711306294460351207e-01 nan 7.734602853245202247e+00
3.290000000000000036e+00 6.399532293149329254e-01 9.710620605744419986e-01 nan 7.705495644919504450e+00
3.294999999999999929e+00 6.404377270098606800e-01 9.709960646978014198e-01 nan 7.674669697590350559e+00
3.300000000000000266e+00 6.407609903170343735e-01 9.709328213834248489e-01 nan 7.642871974487982278e+00
3.305000000000000160e+00 6.408836533040375150e-01 9.708724898009277737e-01 nan 7.610680859162064493e+00
3.310000000000000053e+00 6.408686718180712782e-01 9.708152127014142430e-01 nan 7.578585333386087086e+00
3.314999999999999947e+00 6.409444362239387072e-01 9.707611196998451319e-01 nan 7.547030836731253522e+00
3.320000000000000284e+00 6.408939228249886932e-01 9.707103296781297574e-01 nan 7.516433604683105507e+00
3.325000000000000178e+00 6.405815624580138978e-01 9.706629523081606870e-01 nan 7.487166942171035622e+00
3.330000000000000071e+00 6.400397332850469301e-01 9.706190888546945006e-01 nan 7.459524573622516641e+00
3.334999999999999964e+00 6.392655425522328905e-01 9.705788321847309552e-01 nan 7.433673306371665568e+00
3.339999999999999858e+00 6.383944031690370613e-01 9.705422661945474205e-01 nan 7.409609505250251082e+00
3.345000000000000195e+00 6.372733271425865542e-01 9.705094653791140891e-01 nan 7.387109775374487874e+00
3.350000000000000089e+00 6.360390233762088785e-01 9.704804940065998586e-01 nan 7.365698285568649695e+00
3.354999999999999982e+00 6.351236326413921551e-01 9.704554054084705284e-01 nan 7.344629531146603441e+00
3.359999999999999876e+00 6.352420675439178765e-01 9.704342415056760318e-01 nan 7.322890012805626903e+00
3.365000000000000213e+00 6.358983488189133837e-01 9.704170323788159358e-01 nan 7.299222501979321542e+00
3.370000000000000107e+00 6.363776365387276979e-01 9.704037961940440438e-01 nan 7.272167014953471842e+00
3.375000000000000000e+00 6.367398809106216140e-01 9.703945392092451216e-01 nan 7.240121815788788773e+00
3.379999999999999893e+00 6.368419112318994824e-01 9.703892560216007546e-01 nan 7.201406795860586740e+00
3.385000000000000231e+00 6.367413602483547042e-01 9.703879299122829538e-01 nan 7.154347997678630833e+00
3.390000000000000124e+00 6.367192527488004794e-01 9.703905329915851752e-01 nan 7.097362459237360532e+00
3.395000000000000018e+00 6.368429183344332944e-01 9.703970264514879540e-01 nan 7.029036832057256490e+00
3.399999999999999911e+00 6.367650307485003269e-01 9.704073606039027577e-01 nan 6.948194872109842102e+00
3.405000000000000249e+00 6.364328106505384719e-01 9.704214750147877044e-01 nan 6.853944641926311476e+00
3.410000000000000142e+00 6.359997796786716062e-01 9.704392984113392462e-01 nan 6.745718365943905503e+00
3.415000000000000036e+00 6.353775364535778625e-01 9.704607487039033087e-01 nan 6.623261319536143610e+00
3.419999999999999929e+00 6.347344881077210399e-01 9.704857334019447723e-01 nan 6.486624898122135718e+00
3.425000000000000266e+00 6.343001461744574021e-01 9.705141504817044185e-01 nan 6.336152479616426803e+00
3.430000000000000160e+00 6.337653130950064995e-01 9.705458882837736390e-01 nan 6.172413854219982454e+00
3.435000000000000053e+00 6.329783412022534916e-01 9.705808260520207842e-01 nan 5.996183820092396921e+00
3.439999999999999947e+00 6.392517358542327832e-01 9.706188348366378005e-01 nan 5.808400828072419309e+00
3.445000000000000284e+00 6.467753693285663852e-01 9.706597778271989219e-01 nan 5.610120144852973390e+00
3.450000000000000178e+00 6.540368087258766616e-01 9.707035109640073101e-01 nan 5.402503487728174569e+00
3.455000000000000071e+00 6.609591961878904520e-01 9.707498835285592875e-01 nan 5.186789774255864849e+00
3.459999999999999964e+00 6.675124089090810342e-01 9.707987387001493218e-01 nan 4.964268077734974582e+00
3.464999999999999858e+00 6.737955775782863421e-01 9.708499141187786341e-01 nan 4.736259599869420356e+00
3.470000000000000195e+00 6.797295713149245078e-01 9.709032424691292906e-01 nan 4.504103075003478729e+00
3.475000000000000089e+00 6.852096375432125130e-01 9.709585520577452833e-01 nan 4.269137923019491687e+00
3.479999999999999982e+00 6.903307162929500640e-01 9.710156673682072137e-01 nan 4.032673050130856751e+00
3.484999999999999876e+00 6.951949964647499147e-01 9.710744099065183876e-01 nan 3.796033360233362686e+00
3.490000000000000213e+00 6.996095109642443965e-01 9.711345986272201802e-01 nan 3.560519728460209699e+00
3.495000000000000107e+00 7.036300810021567376e-01 9.711960507530866815e-01 nan 3.327385323143912110e+00
3.500000000000000000e+00 7.073390775512294892e-01 9.712585825128183803e-01 nan 3.097809947972989253e+00
3.504999999999999893e+00 7.106903002351255827e-01 9.713220097810398856e-01 nan 2.872911504106031799e+00
3.510000000000000231e+00 7.135922820906545061e-01 9.713861487394530592e-01 nan 2.653730533107867551e+00
3.515000000000000124e+00 7.161163390477848223e-01 9.714508165377383486e-01 nan 2.441219555930758123e+00
3.520000000000000018e+00 7.184229784435552935e-01 9.715158316862078092e-01 nan 2.236329169081208157e+00
3.524999999999999911e+00 7.202993243728436079e-01 9.715810148010781688e-01 nan 2.039881481079871328e+00
3.530000000000000249e+00 7.218808815552589797e-01 9.716461888300634842e-01 nan 1.852622782042407490e+00
3.535000000000000142e+00 7.230248418678875133e-01 9.717111793881181292e-01 nan 1.675218109889608842e+00
3.540000000000000036e+00 7.240187048369017830e-01 9.717758149404531753e-01 nan 1.508259884466084166e+00
3.544999999999999929e+00 7.246340178390280329e-01 9.718399268877551123e-01 nan 1.352271971599939615e+00
3.550000000000000266e+00 7.248562516526324551e-01 9.719033495426929736e-01 nan 1.207714316234259622e+00
3.555000000000000160e+00 7.248903609450060292e-01 9.719659200030484891e-01 nan 1.074986926535408394e+00
3.560000000000000053e+00 7.246373160421738513e-01 9.720274779835551549e-01 nan 9.544557039673609022e-01
3.564999999999999947e+00 7.241079992246132191e-01 9.720878655189613138e-01 nan 8.464352394819525394e-01
3.570000000000000284e+00 7.232702403805431057e-01 9.721469266408947485e-01 nan 7.512041148115610190e-01
3.575000000000000178e+00 7.222074677666048270e-01 9.722045069894186264e-01 nan 6.690131517200050837e-01
3.580000000000000071e+00 7.209386107433474189e-01 9.722604533962194706e-01 nan 6.000923122282249000e-01
3.584999999999999964e+00 7.194185687886958114e-01 9.723146134536505558e-01 nan 5.446575676984309888e-01
3.589999999999999858e+00 7.176303440427775904e-01 9.723668350794599791e-01 nan 5.029178155917946036e-01
3.595000000000000195e+00 7.155787596015956709e-01 9.724169660718376962e-01 nan 4.750814901801275747e-01
3.600000000000000089e+00 7.134039679729028416e-01 9.724648537062438036e-01 nan 4.613594827938889420e-01
3.604999999999999982e+00 7.109089205479308671e-01 9.725103443676839099e-01 nan 4.619777103892132586e-01
3.609999999999999876e+00 7.081587048133881623e-01 9.725532832663954519e-01 nan 4.771902351271408715e-01
3.615000000000000213e+00 7.052750632849201784e-01 9.725935141969892506e-01 nan 5.072715191514759470e-01
3.620000000000000107e+00 7.021449039506292289e-01 9.726308794169226113e-01 nan 5.525281391792677965e-01
3.625000000000000000e+00 6.987319180526171403e-01 9.726652196684839602e-01 nan 6.133046493820382139e-01
3.629999999999999893e+00 6.950145160706043823e-01 9.726963743470217194e-01 nan 6.899907422774598231e-01
3.635000000000000231e+00 6.911338619364753022e-01 9.727241818118731453e-01 nan 7.830201691773486239e-01
3.640000000000000124e+00 6.869392883191153265e-01 9.727484799285769368e-01 nan 8.928196731480007031e-01
3.645000000000000018e+00 6.824189575848100819e-01 9.727691066490837812e-01 nan 1.019909415053637636e+00
3.649999999999999911e+00 6.775150296963977636e-01 9.727859010545515384e-01 nan 1.164851879286780356e+00
3.655000000000000249e+00 6.723671535599163862e-01 9.727987045320554138e-01 nan 1.328184321076369523e+00
3.660000000000000142e+00 6.667557395613757931e-01 9.728073619648615056e-01 nan 1.510423128645662638e+00
3.665000000000000036e+00 6.607328724922493235e-01 9.728117234580927475e-01 nan 1.712022941634488538e+00
3.669999999999999929e+00 6.576521150991080367e-01 9.728116459845836950e-01 nan 1.933357341996872369e+00
3.675000000000000266e+00 6.570620112759680831e-01 9.728069955580784800e-01 nan 2.174620182535250912e+00
3.680000000000000160e+00 6.567055522140500257e-01 9.727976496380679183e-01 nan 2.435849065355142784e+00
3.685000000000000053e+00 6.559187275015403440e-01 9.727834994870792062e-01 nan 2.716783778611048028e+00
3.689999999999999947e+00 6.552359384199953896e-01 9.727644536760104987e-01 nan 3.016806315146881357e+00
3.695000000000000284e+00 6.555266957638870018e-01 9.727404413562761309e-01 nan 3.334851932789184570e+00
3.700000000000000178e+00 6.552842863336291179e-01 9.727114158121357157e-01 nan 3.669330031377120882e+00
3.705000000000000071e+00 6.545025358991040099e-01 9.726773583252883437e-01 nan 4.018069200181721534e+00
3.709999999999999964e+00 6.533854049282363796e-01 9.726382828554921423e-01 nan 4.378287585395984394e+00
3.714999999999999858e+00 6.518427122388342765e-01 9.725942417930797390e-01 nan 4.746551453850896607e+00
3.720000000000000195e+00 6.506062908358219987e-01 9.725453301195209344e-01 nan 5.118724955819032196e+00
3.725000000000000089e+00 6.497506837177927652e-01 9.724916900831460653e-01 nan 5.490081189126875039e+00
3.729999999999999982e+00 6.487782872246133925e-01 9.724335152367095114e-01 nan 5.855472187065942080e+00
3.734999999999999876e+00 6.481957390772193905e-01 9.723710532388802896e-01 nan 6.209515064017588237e+00
3.740000000000000213e+00 6.473032120222406149e-01 9.723046076690582407e-01 nan 6.546866002168705734e+00
3.745000000000000107e+00 6.461621500925680550e-01 9.722345366527471722e-01 nan 6.862559255386788237e+00
3.750000000000000000e+00 6.460305489153853609e-01 9.721612491747899654e-01 nan 7.152341337936510612e+00
3.754999999999999893e+00 6.461932594008207298e-01 9.720851981281337650e-01 nan 7.412979414552123281e+00
3.760000000000000231e+00 6.459707327397850030e-01 9.720068704526315662e-01 nan 7.642479965028008415e+00
3.765000000000000124e+00 6.454652863370359261e-01 9.719267751713488446e-01 nan 7.840176949318158783e+00
3.770000000000000018e+00 6.446274104399805083e-01 9.718454295614625815e-01 nan 8.006682419474323353e+00
3.774999999999999911e+00 6.442230891405390514e-01 9.717633453210328121e-01 nan 8.143692952581828237e+00
3.780000000000000249e+00 6.449297563490085095e-01 9.716810155129314008e-01 nan 8.253699808111578662e+00
3.785000000000000142e+00 6.452415380759890517e-01 9.715989035191509027e-01 nan 8.339662702353965784e+00
3.790000000000000036e+00 6.451516007595071711e-01 9.715174351787188023e-01 nan 8.404685239615915293e+00
3.794999999999999929e+00 6.447314566204662700e-01 9.714369938439193497e-01 nan 8.451755320333177224e+00
3.800000000000000266e+00 6.440447487497306112e-01 9.713579187112901803e-01 nan 8.483571450001472058e+00
3.805000000000000160e+00 6.430470781898236510e-01 9.712805059670479579e-01 nan 8.502459447464300268e+00
3.810000000000000053e+00 6.422223160285510657e-01 9.712050121481515808e-01 nan 8.510366107694201432e+00
3.814999999999999947e+00 6.425617550287278101e-01 9.711316590205087973e-01 nan 8.508906849006557138e+00
3.820000000000000284e+00 6.426174338576404743e-01 9.710606392739760118e-01 nan 8.499441875904459209e+00
3.825000000000000178e+00 6.423379400489186430e-01 9.709921223786004418e-01 nan 8.483157934116841048e+00
3.830000000000000071e+00 6.418297196386408832e-01 9.709262600534598331e-01 nan 8.461138309633927435e+00
3.834999999999999964e+00 6.414256620808465037e-01 9.708631909115452707e-01 nan 8.434410183863707999e+00
3.839999999999999858e+00 6.421899843253954243e-01 9.708030439828770897e-01 nan 8.403964948043988414e+00
3.845000000000000195e+00 6.427623149912613520e-01 9.707459410145419243e-01 nan 8.370751875823858157e+00
3.850000000000000089e+00 6.431081959284014049e-01 9.706919976878658485e-01 nan 8.335646725477085184e+00
3.854999999999999982e+00 6.431965940930270964e-01 9.706413233868761425e-01 nan 8.299416646297951061e+00
3.859999999999999876e+00 6.429608156481351200e-01 9.705940207863142932e-01 nan 8.262667177687191611e+00
3.865000000000000213e+00 6.423851106206097672e-01 9.705501846940661759e-01 nan 8.225793421728038624e+00
3.870000000000000107e+00 6.416277397736789290e-01 9.705099007671544875e-01 nan 8.188937307430002477e+00
3.875000000000000000e+00 6.414109276357635725e-01 9.704732442549224292e-01 nan 8.151957685250634356e+00
3.879999999999999893e+00 6.425251824427192782e-01 9.704402789933462836e-01 nan 8.114415023050941755e+00
3.885000000000000231e+00 6.433242423675094024e-01 9.704110565945571754e-01 nan 8.075577998981552597e+00
3.890000000000000124e+00 6.438884267691522556e-01 9.703856159354868893e-01 nan 8.034448645863417227e+00
3.895000000000000018e+00 6.441256311871818019e-01 9.703639829406182082e-01 nan 7.989807502147424856e+00
3.899999999999999911e+00 6.440683309254788824e-01 9.703461706117101349e-01 nan 7.940278198659230569e+00
3.905000000000000249e+00 6.437942954052888744e-01 9.703321790852493800e-01 nan 7.884401048633837839e+00
3.910000000000000142e+00 6.435924172743283656e-01 9.703219960937459199e-01 nan 7.820711597186513764e+00
3.915000000000000036e+00 6.430777434602429343e-01 9.703155970393783081e-01 nan 7.747831939431854664e+00
3.919999999999999929e+00 6.422705159354792359e-01 9.703129454054912895e-01 nan 7.664545068044984255e+00
3.925000000000000266e+00 6.431217748049737892e-01 9.703139928136033099e-01 nan 7.569860475536282607e+00
3.930000000000000160e+00 6.443134595546213816e-01 9.703186792755613688e-01 nan 7.463057036929142463e+00
3.935000000000000053e+00 6.451468520908463233e-01 9.703269333882904579e-01 nan 7.343706948322417105e+00
3.939999999999999947e+00 6.456770545391375959e-01 9.703386724223495019e-01 nan 7.211690860147421667e+00
3.945000000000000284e+00 6.459595676914143825e-01 9.703538025658318134e-01 nan 7.067165428003896466e+00
3.950000000000000178e+00 6.459869568054248390e-01 9.703722193740874635e-01 nan 6.910540450613291696e+00
3.955000000000000071e+00 6.457239454747841778e-01 9.703938088786963068e-01 nan 6.742468829010680231e+00
3.959999999999999964e+00 6.453658696831804376e-01 9.704184476099800838e-01 nan 6.563770733554381565e+00
3.965000000000000302e+00 6.450036270947610006e-01 9.704460029225954187e-01 nan 6.375413885256924651e+00
3.970000000000000195e+00 6.443767149090053881e-01 9.704763341839633961e-01 nan 6.178485750992386727e+00
3.975000000000000089e+00 6.496561914007696892e-01 9.705092930450304189e-01 nan 5.974149192849288248e+00
3.979999999999999982e+00 6.561006832803381039e-01 9.705447240815762155e-01 nan 5.763629109316357635e+00
3.984999999999999876e+00 6.623093489444514814e-01 9.705824653797130441e-01 nan 5.548199950896843369e+00
3.990000000000000213e+00 6.681442555596946997e-01 9.706223492078671633e-01 nan 5.329158006065111586e+00
3.995000000000000107e+00 6.736176705226660788e-01 9.706642025907630256e-01 nan 5.107807275808553094e+00
4.000000000000000000e+00 6.787419291589360526e-01 9.707078479390577330e-01 nan 4.885450408633807307e+00
4.004999999999999893e+00 6.835454548512519546e-01 9.707531036462677676e-01 nan 4.663374698449881173e+00
4.009999999999999787e+00 6.879769577139026593e-01 9.707997847068702280e-01 nan 4.442831571407078073e+00
4.014999999999999680e+00 6.919430930952142900e-01 9.708477033258072764e-01 nan 4.225044325894386610e+00
4.020000000000000462e+00 6.956083095932914517e-01 9.708966697462304563e-01 nan 4.011211817174012317e+00
4.025000000000000355e+00 6.989131254195958265e-01 9.709464927117175126e-01 nan 3.802483894507143525e+00
4.030000000000000249e+00 7.018304270378561416e-01 9.709969800709141730e-01 nan 3.599962893443887424e+00
4.035000000000000142e+00 7.043455781388876513e-01 9.710479395290605442e-01 nan 3.404670291330882836e+00
4.040000000000000036e+00 7.064859888401820998e-01 9.710991791347453050e-01 nan 3.217565066882072777e+00
4.044999999999999929e+00 7.083806251836949341e-01 9.711505078314087713e-01 nan 3.039541393250626111e+00
4.049999999999999822e+00 7.097949971509543987e-01 9.712017359448671394e-01 nan 2.871424326247719705e+00
4.054999999999999716e+00 7.108139909696352676e-01 9.712526755744939067e-01 nan 2.713976326599687905e+00
4.060000000000000497e+00 7.115958470768213306e-01 9.713031409466852395e-01 nan 2.567874067990756792e+00
4.065000000000000391e+00 7.120250801586163192e-01 9.713529485584546652e-01 nan 2.433759174514119383e+00
4.070000000000000284e+00 7.121377214412786261e-01 9.714019174065841034e-01 nan 2.312225317356199739e+00
4.075000000000000178e+00 7.118238689095416349e-01 9.714498689583552782e-01 nan 2.203786030890662495e+00
4.080000000000000071e+00 7.112008042359463378e-01 9.714966271508650442e-01 nan 2.108908061086578023e+00
4.084999999999999964e+00 7.103463532108891254e-01 9.715420182688015993e-01 nan 2.028012155808013528e+00
4.089999999999999858e+00 7.091638150097004933e-01 9.715858707481787038e-01 nan 1.961479020811989216e+00
4.094999999999999751e+00 7.075820972439909040e-01 9.716280149277913836e-01 nan 1.909654655603264972e+00
4.099999999999999645e+00 7.057182117713093339e-01 9.716682827887304086e-01 nan 1.872855528081271537e+00
4.105000000000000426e+00 7.036262779577483473e-01 9.717065076400818180e-01 nan 1.851376877247426167e+00
4.110000000000000320e+00 7.012423451672866737e-01 9.717425237838011043e-01 nan 1.845489062025848614e+00
4.115000000000000213e+00 6.985164818597762171e-01 9.717761662404241774e-01 nan 1.855440190627915431e+00
4.120000000000000107e+00 6.954413696072671014e-01 9.718072705002192002e-01 nan 1.881458689209596802e+00
4.125000000000000000e+00 6.921713036047542067e-01 9.718356723016480236e-01 nan 1.923811563719186601e+00
4.129999999999999893e+00 6.885376632757153059e-01 9.718612075800011629e-01 nan 1.982740807328032817e+00
4.134999999999999787e+00 6.846116937547885861e-01 9.718837125191118753e-01 nan 2.058484970718644558e+00
4.139999999999999680e+00 6.802866871963457740e-01 9.719030238081868278e-01 nan 2.151281817881207203e+00
4.145000000000000462e+00 6.757380354286077750e-01 9.719189789282658420e-01 nan 2.261370426801236899e+00
4.150000000000000355e+00 6.707829430472167509e-01 9.719314168761491457e-01 nan 2.388972997744475801e+00
4.155000000000000249e+00 6.654339643810326388e-01 9.719401790221178228e-01 nan 2.534296437003936919e+00
4.160000000000000142e+00 6.596741251352165047e-01 9.719451102945154686e-01 nan 2.697499280924521070e+00
4.165000000000000036e+00 6.580566907283447176e-01 9.719460606058856200e-01 nan 2.878647601711753712e+00
4.169999999999999929e+00 6.571141082545014500e-01 9.719428867858379562e-01 nan 3.077744002151181490e+00
4.174999999999999822e+00 6.569139231929406186e-01 9.719354545460100470e-01 nan 3.294605312733439817e+00
4.179999999999999716e+00 6.565140065560894911e-01 9.719236407863179883e-01 nan 3.528826169013254521e+00
4.185000000000000497e+00 6.557430826624510711e-01 9.719073372443197689e-01 nan 3.779719566004786202e+00
4.190000000000000391e+00 6.546840551106876127e-01 9.718864531740634138e-01 nan 4.046223859974132253e+00
4.195000000000000284e+00 6.536733250118920147e-01 9.718609191939119318e-01 nan 4.326848662112537269e+00
4.200000000000000178e+00 6.530753829254319909e-01 9.718306909917082681e-01 nan 4.619609716423185297e+00
4.205000000000000071e+00 6.520570468090558514e-01 9.717957543090325334e-01 nan 4.922002890912241746e+00
4.209999999999999964e+00 6.517830449811851112e-01 9.717561302196998652e-01 nan 5.230945700823548705e+00
4.214999999999999858e+00 6.515751680083937680e-01 9.717118793231999119e-01 nan 5.542738389344186167e+00
4.219999999999999751e+00 6.509885012802675286e-01 9.716631065272962609e-01 nan 5.853142985913912355e+00
4.224999999999999645e+00 6.500063162053908439e-01 9.716099651581000529e-01 nan 6.157518520103097970e+00
4.230000000000000426e+00 6.486912758979235250e-01 9.715526600718872308e-01 nan 6.450974827735153738e+00
4.235000000000000320e+00 6.471005569474498342e-01 9.714914498696669565e-01 nan 6.728600717879055004e+00
4.240000000000000213e+00 6.464527736077944065e-01 9.714266467214616174e-01 nan 6.985755235714184330e+00
4.245000000000000107e+00 6.454708996070513960e-01 9.713586139016467946e-01 nan 7.218368599854915857e+00
4.250000000000000000e+00 6.441095579319263686e-01 9.712877607761902787e-01 nan 7.423230290133944642e+00
4.254999999999999893e+00 6.425034426860837256e-01 9.712145349761684976e-01 nan 7.598217559337030025e+00
4.259999999999999787e+00 6.405597731410134221e-01 9.711394126060651777e-01 nan 7.742417908111735692e+00
4.264999999999999680e+00 6.384003844068806277e-01 9.710628864230282931e-01 nan 7.856135928952913794e+00
4.270000000000000462e+00 6.374208767091762429e-01 9.709854535622256533e-01 nan 7.940762047270293778e+00
4.275000000000000355e+00 6.363971036416331550e-01 9.709076029715222322e-01 nan 7.998554970458066293e+00
4.280000000000000249e+00 6.351379939360597415e-01 9.708298049593417911e-01 nan 8.032342636313332562e+00
4.285000000000000142e+00 6.335910442060871395e-01 9.707525022300964590e-01 nan 8.045217560641965804e+00
4.290000000000000036e+00 6.318600704055523654e-01 9.706761036458431136e-01 nan 8.040265805194120929e+00
4.294999999999999929e+00 6.312143619807761841e-01 9.706009806201576495e-01 nan 8.020366493892549187e+00
4.299999999999999822e+00 6.308781375951723058e-01 9.705274660746919801e-01 nan 7.988072086403438021e+00
4.304999999999999716e+00 6.304133830040313802e-01 9.704558555223110616e-01 nan 7.945566469748202465e+00
4.310000000000000497e+00 6.302849994794417210e-01 9.703864096954117890e-01 nan 7.894685266404216861e+00
4.315000000000000391e+00 6.299172919757248801e-01 9.703193581468028128e-01 nan 7.836976072718510267e+00
4.320000000000000284e+00 6.292938940025130101e-01 9.702549032840007692e-01 nan 7.773776383251340683e+00
4.325000000000000178e+00 6.284212350217350807e-01 9.701932243993793836e-01 nan 7.706290553186381231e+00
4.330000000000000071e+00 6.281400756748137804e-01 9.701344813809809065e-01 nan 7.635652455081059387e+00
4.334999999999999964e+00 6.285712307586053260e-01 9.700788178656292171e-01 nan 7.562966204391385006e+00
4.339999999999999858e+00 6.287209515365089763e-01 9.700263637605691658e-01 nan 7.489321109601540627e+00
4.344999999999999751e+00 6.286094073015424666e-01 9.699772370509314179e-01 nan 7.415783349808426905e+00
4.350000000000000533e+00 6.283086271485253116e-01 9.699315449416479051e-01 nan 7.343366378841000852e+00
4.355000000000000426e+00 6.284124110734161661e-01 9.698893844593997615e-01 nan 7.272985606131923575e+00
4.360000000000000320e+00 6.287579949803705492e-01 9.698508426087575351e-01 nan 7.205404226276088231e+00
4.365000000000000213e+00 6.289074110939950613e-01 9.698159963023902375e-01 nan 7.141175654779527093e+00
4.370000000000000107e+00 6.288209179681322203e-01 9.697849119956121200e-01 nan 7.080592778820820499e+00
4.375000000000000000e+00 6.284885045552436322e-01 9.697576451649372320e-01 nan 7.023656031337836225e+00
4.379999999999999893e+00 6.279731722773577163e-01 9.697342402041554399e-01 nan 6.970048907793199966e+00
4.384999999999999787e+00 6.273097429410933179e-01 9.697147301312559753e-01 nan 6.919139574646317570e+00
4.389999999999999680e+00 6.264654706873820089e-01 9.696991365666864926e-01 nan 6.870002407456509808e+00
4.395000000000000462e+00 6.268446591901856157e-01 9.696874698026054507e-01 nan 6.821462344862968763e+00
4.400000000000000355e+00 6.274815578954364703e-01 9.696797290571351757e-01 nan 6.772154319599724914e+00
4.405000000000000249e+00 6.278662869854436668e-01 9.696759028216428433e-01 nan 6.720594301255968794e+00
4.410000000000000142e+00 6.280115297333503932e-01 9.696759693520859980e-01 nan 6.665246901676440849e+00
4.415000000000000036e+00 6.279319074484114305e-01 9.696798973406739464e-01 nan 6.604599746223525969e+00
4.419999999999999929e+00 6.276894209031445016e-01 9.696876463366657095e-01 nan 6.537231726839715762e+00
4.424999999999999822e+00 6.272533662182144809e-01 9.696991672318816535e-01 nan 6.461871333638950610e+00
4.429999999999999716e+00 6.276512663067038700e-01 9.697144025414621282e-01 nan 6.377443683807826780e+00
4.435000000000000497e+00 6.287084357394441270e-01 9.697332866850758570e-01 nan 6.283104014722683317e+00
4.440000000000000391e+00 6.295426202725884490e-01 9.697557458170945610e-01 nan 6.178263703480458169e+00
4.445000000000000284e+00 6.301200777937676634e-01 9.697816979756517242e-01 nan 6.062572759236822151e+00
4.450000000000000178e+00 6.305146519871680511e-01 9.698110533310275727e-01 nan 5.935935049817657294e+00
4.455000000000000071e+00 6.309228078930889660e-01 9.698437145406697546e-01 nan 5.798476247589380961e+00
4.459999999999999964e+00 6.310695894658334693e-01 9.698795765056511531e-01 nan 5.650507786773951935e+00
4.464999999999999858e+00 6.309570684946025354e-01 9.699185270985968277e-01 nan 5.492509259311441738e+00
4.469999999999999751e+00 6.307306710954312390e-01 9.699604474218176398e-01 nan 5.325089251104884625e+00
4.475000000000000533e+00 6.302730533508240640e-01 9.700052123280322736e-01 nan 5.148958534365791984e+00
4.480000000000000426e+00 6.312902730424170272e-01 9.700526909038666989e-01 nan 4.964916282060188202e+00
4.485000000000000320e+00 6.385248785644460634e-01 9.701027470269130148e-01 nan 4.773827502526921229e+00
4.490000000000000213e+00 6.455001539778010278e-01 9.701552398611658079e-01 nan 4.576602093760254064e+00
4.495000000000000107e+00 6.521532094892950049e-01 9.702100243614834030e-01 nan 4.374184136574039705e+00
4.500000000000000000e+00 6.584887538678894092e-01 9.702669518050078823e-01 nan 4.167541739906405418e+00
4.504999999999999893e+00 6.645607006461923261e-01 9.703258701798227470e-01 nan 3.957656376831502953e+00
4.509999999999999787e+00 6.703289916338389665e-01 9.703866246273039620e-01 nan 3.745500828238863544e+00
4.514999999999999680e+00 6.757200122499532613e-01 9.704490579473585843e-01 nan 3.532045987240365559e+00
4.520000000000000462e+00 6.807836301600775908e-01 9.705130112211705073e-01 nan 3.318269749731407092e+00
4.525000000000000355e+00 6.855897428695564289e-01 9.705783240477181550e-01 nan 3.105156768474622186e+00
4.530000000000000249e+00 6.900401689108786041e-01 9.706448353255978656e-01 nan 2.893635306883771463e+00
4.535000000000000142e+00 6.940948812968420478e-01 9.707123837207832784e-01 nan 2.684593030955752191e+00
4.540000000000000036e+00 6.979204819130675475e-01 9.707808081657680610e-01 nan 2.478879182182525120e+00
4.544999999999999929e+00 7.013831215465150537e-01 9.708499484806776270e-01 nan 2.277254786207386417e+00
4.549999999999999822e+00 7.044810585653790147e-01 9.709196456378504925e-01 nan 2.080520734717885567e+00
4.554999999999999716e+00 7.073330795806669347e-01 9.709897424924042175e-01 nan 1.889386258194752921e+00
4.560000000000000497e+00 7.099164346385675728e-01 9.710600841162481123e-01 nan 1.704499431071739624e+00
4.565000000000000391e+00 7.121409402508886988e-01 9.711305181758491667e-01 nan 1.526449750942069583e+00
4.570000000000000284e+00 7.140474836043989582e-01 9.712008952545881924e-01 nan 1.355771904262315308e+00
4.575000000000000178e+00 7.157747548841861818e-01 9.712710690839005956e-01 nan 1.192947681263469173e+00
4.580000000000000071e+00 7.171740558535675270e-01 9.713408966831567071e-01 nan 1.038405109479641153e+00
4.584999999999999964e+00 7.182709292801298107e-01 9.714102384721865491e-01 nan 8.925511157197114631e-01
4.589999999999999858e+00 7.191766448805925194e-01 9.714789582249409028e-01 nan 7.557427626756639816e-01
4.594999999999999751e+00 7.198483645536708497e-01 9.715469229823796571e-01 nan 6.283035506757074229e-01
4.600000000000000533e+00 7.202922137305688421e-01 9.716140028540002360e-01 nan 5.105298628069666611e-01
4.605000000000000426e+00 7.204525682529898667e-01 9.716800707511397128e-01 nan 4.026957953430215786e-01
4.610000000000000320e+00 7.204293178581877566e-01 9.717450020517621745e-01 nan 3.050578000113374766e-01
4.615000000000000213e+00 7.202420509416618266e-01 9.718086742115294996e-01 nan 2.178589345451376891e-01
4.620000000000000107e+00 7.197433371364473365e-01 9.718709663187394820e-01 nan 1.413326967038703308e-01
4.625000000000000000e+00 7.190685988253836536e-01 9.719317586118503272e-01 nan 7.570615937348104674e-02
4.629999999999999893e+00 7.182622501900481904e-01 9.719909319732843445e-01 nan 2.120389231224965865e-02
4.634999999999999787e+00 7.172398179267845952e-01 9.720483673883810738e-01 nan -2.194924021970627581e-02
4.639999999999999680e+00 7.160015802554812181e-01 9.721039454430436821e-01 nan -5.352491304190283572e-02
4.645000000000000462e+00 7.145254009756527580e-01 9.721575457975853984e-01 nan -7.328796171679664850e-02
4.650000000000000355e+00 7.129535069003953840e-01 9.722090466921081697e-01 nan -8.099257813227976610e-02
4.655000000000000249e+00 7.111850523649220213e-01 9.722583244819127390e-01 nan -7.637805996871560588e-02
4.660000000000000142e+00 7.092167815185523860e-01 9.723052532082219201e-01 nan -5.916708408258634921e-02
4.665000000000000036e+00 7.069763655093341814e-01 9.723497042569668736e-01 nan -2.905910605186275142e-02
4.669999999999999929e+00 7.046570067864750264e-01 9.723915460945259381e-01 nan 1.429207461148682134e-02
4.674999999999999822e+00 7.020992497000806409e-01 9.724306440576641064e-01 nan 7.126046411990519247e-02
4.679999999999999716e+00 6.992714000915999373e-01 9.724668603351196428e-01 nan 1.422614114917624684e-01
4.685000000000000497e+00 6.962746719934050921e-01 9.725000540378063718e-01 nan 2.277587215718596680e-01
4.690000000000000391e+00 6.930988831798639005e-01 9.725300814491589785e-01 nan 3.282660450176743683e-01
4.695000000000000284e+00 6.896447683653395000e-01 9.725567963079659872e-01 nan 4.443106705712487337e-01
4.700000000000000178e+00 6.858790245085274462e-01 9.725800503825479115e-01 nan 5.764607335105054187e-01
4.705000000000000071e+00 6.818013080035730811e-01 9.725996940757514198e-01 nan 7.253787784303301622e-01
4.709999999999999964e+00 6.774991041054209129e-01 9.726155774407044818e-01 nan 8.916970356310347512e-01
4.714999999999999858e+00 6.727995260518884191e-01 9.726275510138706615e-01 nan 1.076033634318039223e+00
4.719999999999999751e+00 6.676386102451566940e-01 9.726354670375253475e-01 nan 1.278961500481409219e+00
4.725000000000000533e+00 6.620998066480848765e-01 9.726391807649215071e-01 nan 1.500987423501541462e+00
4.730000000000000426e+00 6.561619821952412446e-01 9.726385519747119401e-01 nan 1.742486336604344377e+00
4.735000000000000320e+00 6.497290751062322345e-01 9.726334466214230368e-01 nan 2.003669412927208793e+00
4.740000000000000213e+00 6.427082927106109178e-01 9.726237388401465234e-01 nan 2.284564749462035582e+00
4.745000000000000107e+00 6.351733614547612206e-01 9.726093125720355337e-01 nan 2.584895565391374106e+00
4.750000000000000000e+00 6.299223884413285290e-01 9.725900647522096598e-01 nan 2.904044100598587530e+00
4.754999999999999893e+00 6.288633172023818663e-01 9.725659072327164090e-01 nan 3.240966196101016994e+00
4.759999999999999787e+00 6.275478063358929104e-01 9.725367697036989556e-01 nan 3.594138385813103298e+00
4.764999999999999680e+00 6.260961959563193791e-01 9.725026022430490746e-01 nan 3.961507803890612855e+00
4.770000000000000462e+00 6.245733245001225953e-01 9.724633793635917289e-01 nan 4.340473728252324470e+00
4.775000000000000355e+00 6.235876223096133986e-01 9.724191043217456087e-01 nan 4.727824227454838990e+00
4.780000000000000249e+00 6.235178717102705104e-01 9.723698127354890586e-01 nan 5.119673044043961063e+00
4.785000000000000142e+00 6.232698471500864867e-01 9.723155767594858778e-01 nan 5.511536435136381584e+00
4.790000000000000036e+00 6.229299148498699257e-01 9.722565096250319616e-01 nan 5.898430653128969858e+00
4.794999999999999929e+00 6.226740325408639531e-01 9.721927698618676450e-01 nan 6.274976238177071508e+00
4.799999999999999822e+00 6.221549125823105930e-01 9.721245659071459100e-01 nan 6.635581783968782510e+00
4.804999999999999716e+00 6.214556729729601159e-01 9.720521587856785217e-01 nan 6.974709824737158392e+00
4.810000000000000497e+00 6.205878495350437563e-01 9.719758642556904915e-01 nan 7.287170352007457552e+00
4.815000000000000391e+00 6.195681356565225784e-01 9.718960524827616743e-01 nan 7.568453435722336309e+00
4.820000000000000284e+00 6.183083524144038501e-01 9.718131456937512125e-01 nan 7.815039101653636244e+00
4.825000000000000178e+00 6.169069884652241820e-01 9.717276130612918505e-01 nan 8.024660393688012761e+00
4.830000000000000071e+00 6.153290882674461448e-01 9.716399626393690259e-01 nan 8.196468532058412748e+00
4.834999999999999964e+00 6.136863215873142874e-01 9.715507304935391275e-01 nan 8.331072143575697808e+00
4.839999999999999858e+00 6.118751106976818566e-01 9.714604681280341048e-01 nan 8.430436996888927226e+00
4.844999999999999751e+00 6.112893307945059806e-01 9.713697287713589645e-01 nan 8.497643534206897442e+00
4.850000000000000533e+00 6.118387195231055342e-01 9.712790534378895613e-01 nan 8.536553370554928577e+00
4.855000000000000426e+00 6.122329068911770422e-01 9.711889579977859288e-01 nan 8.551438537944820339e+00
4.860000000000000320e+00 6.124787932204560637e-01 9.710999223846198403e-01 nan 8.546621467551281270e+00
4.865000000000000213e+00 6.125800854687598607e-01 9.710123826219263510e-01 nan 8.526172065104955067e+00
4.870000000000000107e+00 6.125447189914001722e-01 9.709267260417678846e-01 nan 8.493690801133325863e+00
4.875000000000000000e+00 6.124519329645732313e-01 9.708432897183467691e-01 nan 8.452187311743870168e+00
4.879999999999999893e+00 6.123642614799655881e-01 9.707623617511293990e-01 nan 8.404048313959039618e+00
4.884999999999999787e+00 6.121415949776710663e-01 9.706841848006331208e-01 nan 8.351077393617373446e+00
4.889999999999999680e+00 6.117742896468514324e-01 9.706089611447039633e-01 nan 8.294584319610235568e+00
4.895000000000000462e+00 6.112459481682818163e-01 9.705368585643509016e-01 nan 8.235499004357846431e+00
4.900000000000000355e+00 6.106500433704565856e-01 9.704680163894181533e-01 nan 8.174490677937823691e+00
4.905000000000000249e+00 6.108065023757140999e-01 9.704025512015902466e-01 nan 8.112073928845990878e+00
4.910000000000000142e+00 6.115434223553261051e-01 9.703405618808963462e-01 nan 8.048689644880049343e+00
4.915000000000000036e+00 6.121449804629792713e-01 9.702821337322758977e-01 nan 7.984756103707582930e+00
4.919999999999999929e+00 6.126458436046960943e-01 9.702273417811921874e-01 nan 7.920684732015751628e+00
4.924999999999999822e+00 6.129743387843277214e-01 9.701762525015313887e-01 nan 7.856881397596954031e+00
4.929999999999999716e+00 6.131290360104626469e-01 9.701289252816150954e-01 nan 7.793716494805260631e+00
4.935000000000000497e+00 6.134706477623531606e-01 9.700854129566487405e-01 nan 7.731481163743339380e+00
4.940000000000000391e+00 6.145260909000227478e-01 9.700457617667206378e-01 nan 7.670337404452564734e+00
4.945000000000000284e+00 6.153136732839944445e-01 9.700100110988376656e-01 nan 7.610265862854393326e+00
4.950000000000000178e+00 6.162931519204510877e-01 9.699781929904103261e-01 nan 7.551022254949707246e+00
4.955000000000000071e+00 6.171089722753250184e-01 9.699503316296536060e-01 nan 7.492103847497229907e+00
4.959999999999999964e+00 6.178638096639077482e-01 9.699264429247898001e-01 nan 7.432733867178490605e+00
4.964999999999999858e+00 6.186446955021321914e-01 9.699065340673739266e-01 nan 7.371870018667554092e+00
4.969999999999999751e+00 6.192155474440822482e-01 9.698906033416001549e-01 nan 7.308227033661324867e+00
4.975000000000000533e+00 6.199264651935761927e-01 9.698786398800047781e-01 nan 7.240338583563629804e+00
4.980000000000000426e+00 6.205942651494447126e-01 9.698706234658609482e-01 nan 7.166634371683024973e+00
4.985000000000000320e+00 6.210197549821436791e-01 9.698665243816095849e-01 nan 7.085531799057164015e+00
4.990000000000000213e+00 6.217244171123492702e-01 9.698663032290992803e-01 nan 6.995529763890829145e+00
4.995000000000000107e+00 6.223111780156889150e-01 9.698699109243176242e-01 nan 6.895295334106982033e+00
5.000000000000000000e+00 6.227978151309762067e-01 9.698772885215590778e-01 nan 6.783746180025771011e+00
5.004999999999999893e+00 6.235130382603075727e-01 9.698883672186497940e-01 nan 6.660083692760299101e+00
5.009999999999999787e+00 6.243505050532304201e-01 9.699030687385088445e-01 nan 6.523823800445343934e+00
5.014999999999999680e+00 6.250270635825396770e-01 9.699213061670685088e-01 nan 6.374813385749378725e+00
5.020000000000000462e+00 6.259188002245186233e-01 9.699429838759580091e-01 nan 6.213184119968240715e+00
5.025000000000000355e+00 6.266691393417608280e-01 9.699679979953550468e-01 nan 6.039339119943494261e+00
5.030000000000000249e+00 6.335785682152137444e-01 9.699962373370075719e-01 nan 5.853914050468572050e+00
5.035000000000000142e+00 6.410833038009160489e-01 9.700275837119202160e-01 nan 5.657723329382161381e+00
5.040000000000000036e+00 6.482858180349879706e-01 9.700619125652648611e-01 nan 5.451738672339695668e+00
5.044999999999999929e+00 6.551654851174418814e-01 9.700990935671396365e-01 nan 5.237050977746234182e+00
5.049999999999999822e+00 6.617927189382579733e-01 9.701389911983873127e-01 nan 5.014832598676135511e+00
5.054999999999999716e+00 6.681650995560923789e-01 9.701814653489033713e-01 nan 4.786308211703990345e+00
5.060000000000000497e+00 6.741779723161920312e-01 9.702263718980220775e-01 nan 4.552733971990866380e+00
5.065000000000000391e+00 6.798525621150640630e-01 9.702735633615688915e-01 nan 4.315377938062948893e+00
5.070000000000000284e+00 6.852246123736969174e-01 9.703228893514358466e-01 nan 4.075471261306994997e+00
5.075000000000000178e+00 6.903193489839205554e-01 9.703741973703015056e-01 nan 3.834265784398892762e+00
5.080000000000000071e+00 6.950839955069217924e-01 9.704273333007007452e-01 nan 3.592978130999126218e+00
5.084999999999999964e+00 6.994635279518383042e-01 9.704821420085270045e-01 nan 3.352794192515926586e+00
5.089999999999999858e+00 7.034949002169159638e-01 9.705384680746788062e-01 nan 3.114816163981833697e+00
5.094999999999999751e+00 7.073058478562281870e-01 9.705961563566238848e-01 nan 2.880081059297458168e+00
5.100000000000000533e+00 7.107399933067076736e-01 9.706550525897442716e-01 nan 2.649546244907423631e+00
5.105000000000000426e+00 7.138215273764250135e-01 9.707150039438630085e-01 nan 2.424079887614097206e+00
5.110000000000000320e+00 7.165852311193291468e-01 9.707758594470622393e-01 nan 2.204549920680349384e+00
5.115000000000000213e+00 7.191166165979485658e-01 9.708374707062631392e-01 nan 1.991692571248221633e+00
5.120000000000000107e+00 7.213806598759986421e-01 9.708996921482752063e-01 nan 1.786164882573491486e+00
5.125000000000000000e+00 7.232905071320023804e-01 9.709623813857749530e-01 nan 1.588540685468949221e+00
5.129999999999999893e+00 7.248494295672412990e-01 9.710253994809151523e-01 nan 1.399314637373654246e+00
5.134999999999999787e+00 7.262963547293501687e-01 9.710886110843935937e-01 nan 1.218897402527331586e+00
5.139999999999999680e+00 7.274690538198128609e-01 9.711518845588936744e-01 nan 1.047660102553869876e+00
5.145000000000000462e+00 7.283398391109154879e-01 9.712150919574823460e-01 nan 8.858968616492953752e-01
5.150000000000000355e+00 7.289679360148227927e-01 9.712781089360897901e-01 nan 7.338420415655889650e-01
5.155000000000000249e+00 7.294339580915740751e-01 9.713408146151136791e-01 nan 5.916739440103210290e-01
5.160000000000000142e+00 7.297506148622031619e-01 9.714030913677316192e-01 nan 4.595382440975547267e-01
5.165000000000000036e+00 7.297962487912531548e-01 9.714648245538346494e-01 nan 3.375417779614966474e-01
5.169999999999999929e+00 7.295794954136695099e-01 9.715259022028752689e-01 nan 2.257546319169285165e-01
5.174999999999999822e+00 7.292248506767622374e-01 9.715862146850060554e-01 nan 1.242210967566705626e-01
5.179999999999999716e+00 7.287466615325208785e-01 9.716456543099262211e-01 nan 3.296573513570151548e-02
5.185000000000000497e+00 7.281475443083764709e-01 9.717041149121120602e-01 nan -4.800177558594581617e-02
5.190000000000000391e+00 7.273425070583738883e-01 9.717614914190259023e-01 nan -1.186815262141958510e-01
5.195000000000000284e+00 7.262668068645238284e-01 9.718176793897730370e-01 nan -1.790762867406848480e-01
5.200000000000000178e+00 7.252279957214369244e-01 9.718725745571428210e-01 nan -2.291880508583609422e-01
5.205000000000000071e+00 7.239551655535445551e-01 9.719260724017246833e-01 nan -2.690138068202618804e-01
5.209999999999999964e+00 7.225882321803163144e-01 9.719780676178152445e-01 nan -2.985405435536493401e-01
5.214999999999999858e+00 7.210616698607041908e-01 9.720284536621388582e-01 nan -3.177455193335453343e-01
5.219999999999999751e+00 7.193708664932627617e-01 9.720771222467864403e-01 nan -3.265779685372406926e-01
5.225000000000000533e+00 7.175847028642780012e-01 9.721239628884206230e-01 nan -3.249603222058615182e-01
5.230000000000000426e+00 7.157213931155872455e-01 9.721688624396332967e-01 nan -3.127869177716927074e-01
5.235000000000000320e+00 7.136537278011853003e-01 9.722117046667047013e-01 nan -2.899153068291807633e-01
5.240000000000000213e+00 7.113932254511106112e-01 9.722523698260986391e-01 nan -2.561618755761324584e-01
5.245000000000000107e+00 7.090069487847679985e-01 9.722907343133793123e-01 nan -2.113000999665241297e-01
5.250000000000000000e+00 7.065743781810852608e-01 9.723266704089521539e-01 nan -1.550275023906541594e-01
5.254999999999999893e+00 7.039456032710781352e-01 9.723600460260235501e-01 nan -8.698976260972067498e-02
5.259999999999999787e+00 7.010823326546262724e-01 9.723907246174430252e-01 nan -6.767697100146838340e-03
5.264999999999999680e+00 6.980291001162026721e-01 9.724185652567307603e-01 nan 8.612979625582650733e-02
5.270000000000000462e+00 6.947712495082994932e-01 9.724434228038971728e-01 nan 1.922712225571604483e-01
5.275000000000000355e+00 6.913877573376494556e-01 9.724651481449644308e-01 nan 3.122607836887385524e-01
5.280000000000000249e+00 6.876755019157529958e-01 9.724835887772200760e-01 nan 4.467669686077227476e-01
5.285000000000000142e+00 6.836157376738145608e-01 9.724985894053304047e-01 nan 5.965682342270907101e-01
5.290000000000000036e+00 6.792701480983880380e-01 9.725099929740715909e-01 nan 7.624348638576642356e-01
5.294999999999999929e+00 6.746349783613777573e-01 9.725176417304103316e-01 nan 9.451382196622326592e-01
5.299999999999999822e+00 6.696120595523238350e-01 9.725213784278419205e-01 nan 1.145419134556366458e+00
5.304999999999999716e+00 6.644741492005635797e-01 9.725210479989898626e-01 nan 1.363948905252166943e+00
5.310000000000000497e+00 6.634175571722117359e-01 9.725164992945375397e-01 nan 1.601281723277549585e+00
5.315000000000000391e+00 6.619825155425300700e-01 9.725075871683688256e-01 nan 1.857773592849697231e+00
5.320000000000000284e+00 6.603769414632160162e-01 9.724941749409174996e-01 nan 2.133587940756174195e+00
5.325000000000000178e+00 6.600205934104017569e-01 9.724761368077775581e-01 nan 2.428553186813705800e+00
5.330000000000000071e+00 6.595092710807894942e-01 9.724533610443600873e-01 nan 2.742108478882601119e+00
5.334999999999999964e+00 6.585878444385309116e-01 9.724257536289457882e-01 nan 3.073219588919937628e+00
5.339999999999999858e+00 6.573367581206850385e-01 9.723932414952898284e-01 nan 3.420290551294761006e+00
5.344999999999999751e+00 6.561635642922992728e-01 9.723557766478675424e-01 nan 3.781114200375284895e+00
5.350000000000000533e+00 6.561734200160335151e-01 9.723133401011774257e-01 nan 4.152826527886852581e+00
5.355000000000000426e+00 6.557796548179010143e-01 9.722659482633717598e-01 nan 4.531895716592009293e+00
5.360000000000000320e+00 6.549674284384142675e-01 9.722136569843219389e-01 nan 4.914055357500084931e+00
5.365000000000000213e+00 6.538532761888131706e-01 9.721565669594941506e-01 nan 5.294371266805578458e+00
5.370000000000000107e+00 6.524299603508064704e-01 9.720948283891309716e-01 nan 5.667401751779714836e+00
5.375000000000000000e+00 6.507239487947246159e-01 9.720286452352021600e-01 nan 6.027377540599788475e+00
5.379999999999999893e+00 6.492241017092227340e-01 9.719582785871698771e-01 nan 6.368447939719549034e+00
5.384999999999999787e+00 6.487422464699299507e-01 9.718840480058194009e-01 nan 6.685022169556576799e+00
5.389999999999999680e+00 6.485867389766334368e-01 9.718063303852756407e-01 nan 6.972133515583212038e+00
5.395000000000000462e+00 6.484795472863705834e-01 9.717255559969484313e-01 nan 7.225805122593737195e+00
5.400000000000000355e+00 6.482038967944968588e-01 9.716422013057667284e-01 nan 7.443356823665102873e+00
5.405000000000000249e+00 6.476897119046329809e-01 9.715567791716835933e-01 nan 7.623598673371822620e+00
5.410000000000000142e+00 6.480344760117161540e-01 9.714698263375215470e-01 nan 7.766880591676538437e+00
5.415000000000000036e+00 6.480927180274907995e-01 9.713818896388417556e-01 nan 7.874971426711362632e+00
5.419999999999999929e+00 6.479426305795854546e-01 9.712935119045841281e-01 nan 7.950803818201070072e+00
5.424999999999999822e+00 6.475050499878682864e-01 9.712052193335198869e-01 nan 7.998103253937494550e+00
5.429999999999999716e+00 6.468273985338947041e-01 9.711175105892292381e-01 nan 8.020988364744045640e+00
5.435000000000000497e+00 6.459211858943743056e-01 9.710308487668700694e-01 nan 8.023603014517133758e+00
5.440000000000000391e+00 6.452699999509804440e-01 9.709456564257009648e-01 nan 8.009827798737788385e+00
5.445000000000000284e+00 6.460196054204958571e-01 9.708623136545974086e-01 nan 7.983093271327597940e+00
5.450000000000000178e+00 6.464493283161463211e-01 9.707811586256724912e-01 nan 7.946297129863000741e+00
5.455000000000000071e+00 6.465887211515570776e-01 9.707024900520423438e-01 nan 7.901807122472383149e+00
5.459999999999999964e+00 6.465580649125102219e-01 9.706265708580938956e-01 nan 7.851522869956173878e+00
5.464999999999999858e+00 6.462374100450608561e-01 9.705536324425809713e-01 nan 7.796968546704034608e+00
5.469999999999999751e+00 6.456410938204530936e-01 9.704838790272535265e-01 nan 7.739391797543182960e+00
5.475000000000000533e+00 6.452639787039785579e-01 9.704174916957966079e-01 nan 7.679851447316813129e+00
5.480000000000000426e+00 6.464104831707772059e-01 9.703546318792423131e-01 nan 7.619282446262332975e+00
5.485000000000000320e+00 6.472698554978894014e-01 9.702954441691227228e-01 nan 7.558533170251339861e+00
5.490000000000000213e+00 6.480977221446838632e-01 9.702400583164112469e-01 nan 7.498375738643382249e+00
5.495000000000000107e+00 6.486088019737167309e-01 9.701885905571734359e-01 nan 7.439489916451342388e+00
5.500000000000000000e+00 6.489663893520069005e-01 9.701411443131083834e-01 nan 7.382428097562065972e+00
5.504999999999999893e+00 6.490740254848953450e-01 9.700978105748174762e-01 nan 7.327563400344538458e+00
5.509999999999999787e+00 6.488445563451262776e-01 9.700586673232012291e-01 nan 7.275050119993079711e+00
5.514999999999999680e+00 6.483539786120691151e-01 9.700237795524364603e-01 nan 7.224774424510027160e+00
5.520000000000000462e+00 6.477369371292056588e-01 9.699931988776259173e-01 nan 7.176321857678500393e+00
5.525000000000000355e+00 6.477629571752067106e-01 9.699669632855288937e-01 nan 7.128961350458743240e+00
5.530000000000000249e+00 6.488321995004656673e-01 9.699450970841178021e-01 nan 7.081651428291495520e+00
5.535000000000000142e+00 6.495959673046913796e-01 9.699276109844918725e-01 nan 7.033070155721557803e+00
5.540000000000000036e+00 6.504134777561505487e-01 9.699145024376771840e-01 nan 6.981667236872048043e+00
5.544999999999999929e+00 6.510266073022429323e-01 9.699057560738554296e-01 nan 6.925727152148164478e+00
5.549999999999999822e+00 6.512938150345224386e-01 9.699013445458688487e-01 nan 6.863454305688054369e+00
5.554999999999999716e+00 6.512244379990634879e-01 9.699012289645601026e-01 nan 6.793070658173935961e+00
5.560000000000000497e+00 6.509964781264276912e-01 9.699053594777653498e-01 nan 6.712911906329377842e+00
5.565000000000000391e+00 6.505193574325849326e-01 9.699136755457079540e-01 nan 6.621517494564633566e+00
5.570000000000000284e+00 6.508832376112062557e-01 9.699261062180073445e-01 nan 6.517703816648985793e+00
5.575000000000000178e+00 6.520950645513388100e-01 9.699425698980472799e-01 nan 6.400620544432445769e+00
5.580000000000000071e+00 6.529913694418907344e-01 9.699629744957023458e-01 nan 6.269748638311085642e+00
5.584999999999999964e+00 6.537737926395166266e-01 9.699872181719608744e-01 nan 6.124929268974541152e+00
5.589999999999999858e+00 6.542240733855090307e-01 9.700151893833008909e-01 nan 5.966307734297668475e+00
5.594999999999999751e+00 6.543403560612295333e-01 9.700467671108741197e-01 nan 5.794301176216799298e+00
5.600000000000000533e+00 6.542002026357331967e-01 9.700818217813805822e-01 nan 5.609558969708096754e+00
5.605000000000000426e+00 6.538608393038446431e-01 9.701202156684770594e-01 nan 5.412904487601092107e+00
5.610000000000000320e+00 6.533264606294091337e-01 9.701618036242770637e-01 nan 5.205309376842044422e+00
5.615000000000000213e+00 6.588521680323325969e-01 9.702064337076399259e-01 nan 4.987861820050718542e+00
5.620000000000000107e+00 6.661489004611104159e-01 9.702539478289264885e-01 nan 4.761730216799579196e+00
5.625000000000000000e+00 6.731208876431920007e-01 9.703041823904728913e-01 nan 4.528138817644035363e+00
5.629999999999999893e+00 6.798318113052598255e-01 9.703569689107933716e-01 nan 4.288352645730205026e+00
5.634999999999999787e+00 6.861408948418579179e-01 9.704121344716629682e-01 nan 4.043659258995132788e+00
5.639999999999999680e+00 6.920902486317266344e-01 9.704695021548583878e-01 nan 3.795324633881440590e+00
5.645000000000000462e+00 6.975754658477004710e-01 9.705288918665422315e-01 nan 3.544651691313895903e+00
5.650000000000000355e+00 7.027556052916593687e-01 9.705901205588844949e-01 nan 3.292955291330778689e+00
5.655000000000000249e+00 7.075949218033606991e-01 9.706530030174280732e-01 nan 3.041505076207043246e+00
5.660000000000000142e+00 7.119781283976213127e-01 9.707173524704089118e-01 nan 2.791513684631639514e+00
5.665000000000000036e+00 7.160069901494116040e-01 9.707829811883481597e-01 nan 2.544132393108068602e+00
5.669999999999999929e+00 7.195642429620270342e-01 9.708497011204650917e-01 nan 2.300443898118235797e+00
5.674999999999999822e+00 7.229072812939029147e-01 9.709173244755211485e-01 nan 2.061554508744942726e+00
5.679999999999999716e+00 7.258680357537095063e-01 9.709856646210616171e-01 nan 1.828439609215137596e+00
5.685000000000000497e+00 7.284468212571303392e-01 9.710545365198904877e-01 nan 1.602001185011662443e+00
5.690000000000000391e+00 7.306152703425299322e-01 9.711237573141805468e-01 nan 1.383053157524950061e+00
5.695000000000000284e+00 7.324152196905092671e-01 9.711931467730765544e-01 nan 1.172323292227078761e+00
5.700000000000000178e+00 7.340331584334328641e-01 9.712625277117531430e-01 nan 9.704944114393758703e-01
5.705000000000000071e+00 7.352794151025739966e-01 9.713317262801467455e-01 nan 7.781539570987024979e-01
5.709999999999999964e+00 7.361315293049726094e-01 9.714005720974672187e-01 nan 5.958163026889353731e-01
5.714999999999999858e+00 7.366816853137678756e-01 9.714688983402061107e-01 nan 4.239590313923876086e-01
5.719999999999999751e+00 7.369486399895720519e-01 9.715365418060628588e-01 nan 2.629937183632737319e-01
5.725000000000000533e+00 7.370659834297411672e-01 9.716033427695762725e-01 nan 1.132849520441155666e-01
5.730000000000000426e+00 7.368251058038522983e-01 9.716691447769716383e-01 nan -2.484309107192807231e-02
5.735000000000000320e+00 7.362932198086855617e-01 9.717337944012389706e-01 nan -1.510910984816621616e-01
5.740000000000000213e+00 7.355168484058712819e-01 9.717971407696257558e-01 nan -2.651832917113065569e-01
5.745000000000000107e+00 7.345195590373910788e-01 9.718590352685689826e-01 nan -3.668599935094746800e-01
5.750000000000000000e+00 7.333603816652536356e-01 9.719193311722315043e-01 nan -4.558717490785927917e-01
5.754999999999999893e+00 7.318811878008500971e-01 9.719778831349656922e-01 nan -5.319757603581194427e-01
5.759999999999999787e+00 7.301736365695861153e-01 9.720345467939927042e-01 nan -5.949285876382406357e-01
5.764999999999999680e+00 7.281812854176724636e-01 9.720891782531112524e-01 nan -6.444816980378527127e-01
5.770000000000000462e+00 7.260544773176493827e-01 9.721416336898400790e-01 nan -6.803766957841389518e-01
5.775000000000000355e+00 7.236747904630719264e-01 9.721917689633280402e-01 nan -7.023423580229005703e-01
5.780000000000000249e+00 7.210767637622992332e-01 9.722394391780716516e-01 nan -7.100941510678995261e-01
5.785000000000000142e+00 7.182269292483836054e-01 9.722844984639256172e-01 nan -7.033211969026906818e-01
5.790000000000000036e+00 7.150858616518169786e-01 9.723267996352906728e-01 nan -6.816925094227511694e-01
5.794999999999999929e+00 7.118305107845969149e-01 9.723661940730565778e-01 nan -6.448543073268244719e-01
5.799999999999999822e+00 7.083184458271593043e-01 9.724025316780480210e-01 nan -5.924056647089602778e-01
5.804999999999999716e+00 7.045458016002056345e-01 9.724356609360171877e-01 nan -5.239227842624232245e-01
5.810000000000000497e+00 7.004377818797411503e-01 9.724654290934297007e-01 nan -4.389599602690282265e-01
5.815000000000000391e+00 6.960672698132095437e-01 9.724916825174636514e-01 nan -3.370264717983616487e-01
5.820000000000000284e+00 6.914506446066071010e-01 9.725142673168786223e-01 nan -2.175962375797327597e-01
5.825000000000000178e+00 6.865699641077072091e-01 9.725330300739980505e-01 nan -8.012391044661000550e-02
5.830000000000000071e+00 6.812875944870924183e-01 9.725478187510094852e-01 nan 7.593138972564417166e-02
5.834999999999999964e+00 6.756225822022702276e-01 9.725584839762044798e-01 nan 2.510416445816006648e-01
5.839999999999999858e+00 6.695863396585316485e-01 9.725648803040136681e-01 nan 4.457599069988129048e-01
5.844999999999999751e+00 6.631828048514639695e-01 9.725668682279025035e-01 nan 6.605250962827413641e-01
5.850000000000000533e+00 6.563270980660077525e-01 9.725643160725914171e-01 nan 8.956365494700726515e-01
5.855000000000000426e+00 6.489277214764725965e-01 9.725571024009661558e-01 nan 1.151222865527517847e+00
5.860000000000000320e+00 6.410639617007496405e-01 9.725451187230600425e-01 nan 1.427158309156658866e+00
5.865000000000000213e+00 6.379823342458564861e-01 9.725282727952478945e-01 nan 1.723029181335777871e+00
5.870000000000000107e+00 6.372208253697797531e-01 9.725064919848784850e-01 nan 2.038033661368631844e+00
5.875000000000000000e+00 6.369037011965531514e-01 9.724797278547578916e-01 nan 2.370864833352496870e+00
5.879999999999999893e+00 6.362673356182781959e-01 9.724479605845433028e-01 nan 2.719633791987471572e+00
5.884999999999999787e+00 6.352895743348254687e-01 9.724112037555145971e-01 nan 3.081799610634577746e+00
5.889999999999999680e+00 6.350947300531876172e-01 9.723695091420795356e-01 nan 3.454138266346044706e+00
5.895000000000000462e+00 6.357388809806137075e-01 9.723229727377793452e-01 nan 3.832768761562096227e+00
5.900000000000000355e+00 6.360752136142047153e-01 9.722717398440287040e-01 nan 4.213165985740796593e+00
5.905000000000000249e+00 6.360789416849058631e-01 9.722160088718709847e-01 nan 4.590240268571338156e+00
5.910000000000000142e+00 6.357882110794622621e-01 9.721560339414115903e-01 nan 4.958575553791369828e+00
5.915000000000000036e+00 6.352857745371899290e-01 9.720921254209403672e-01 nan 5.312714684276353516e+00
5.919999999999999929e+00 6.345103512310662497e-01 9.720246476378666678e-01 nan 5.647460033977260707e+00
5.924999999999999822e+00 6.345141310979142135e-01 9.719540142589895293e-01 nan 5.958219250111064014e+00
5.929999999999999716e+00 6.347527613576746663e-01 9.718806796226002742e-01 nan 6.241320839528149200e+00
5.935000000000000497e+00 6.346964817352901411e-01 9.718051281055936075e-01 nan 6.494239299009361588e+00
5.940000000000000391e+00 6.343866862218685565e-01 9.717278612282018724e-01 nan 6.715709609523062618e+00
5.945000000000000284e+00 6.338917107071345702e-01 9.716493843916259587e-01 nan 6.905693678201202168e+00
5.950000000000000178e+00 6.347069341158203537e-01 9.715701942474643804e-01 nan 7.065223426141806762e+00
5.955000000000000071e+00 6.353041455925249048e-01 9.714907677449589052e-01 nan 7.196154810166447646e+00
5.959999999999999964e+00 6.356254912274326152e-01 9.714115540882470867e-01 nan 7.300877697392904153e+00
5.964999999999999858e+00 6.356353046212396274e-01 9.713329693290025935e-01 nan 7.382051726959369731e+00
5.969999999999999751e+00 6.354759844334605390e-01 9.712553943964696845e-01 nan 7.442386739780380900e+00
5.975000000000000533e+00 6.350823490535565385e-01 9.711791753427974072e-01 nan 7.484495961392060082e+00
5.980000000000000426e+00 6.347541347177904081e-01 9.711046253844540788e-01 nan 7.510821648942688000e+00
5.985000000000000320e+00 6.354004616423660767e-01 9.710320280336457444e-01 nan 7.523618046323890418e+00
5.990000000000000213e+00 6.358081870149837611e-01 9.709616406696782720e-01 nan 7.524970211309193857e+00
5.995000000000000107e+00 6.360547127615117091e-01 9.708936980862039601e-01 nan 7.516827624383246587e+00
6.000000000000000000e+00 6.360323663973450614e-01 9.708284156918600694e-01 nan 7.501035384056055300e+00
6.004999999999999893e+00 6.357509652922321841e-01 9.707659921854707719e-01 nan 7.479351291877895491e+00
6.009999999999999787e+00 6.360421727203028341e-01 9.707066116176861215e-01 nan 7.453442577515193790e+00
6.015000000000000568e+00 6.364207601813473003e-01 9.706504447856488804e-01 nan 7.424861014001033155e+00
6.020000000000000462e+00 6.365405727546388226e-01 9.705976500039465993e-01 nan 7.394999409565544468e+00
6.025000000000000355e+00 6.364639014252232441e-01 9.705483733152182602e-01 nan 7.365035554977698240e+00
6.030000000000000249e+00 6.361283018869265948e-01 9.705027483418591228e-01 nan 7.335870518567966236e+00
6.035000000000000142e+00 6.357503010289937695e-01 9.704608958165025223e-01 nan 7.308071099393487202e+00
6.040000000000000036e+00 6.351555246709942315e-01 9.704229227672795943e-01 nan 7.281834008264426394e+00
6.044999999999999929e+00 6.358118812630022543e-01 9.703889221543720023e-01 nan 7.256960370484808465e+00
6.049999999999999822e+00 6.362583665495460394e-01 9.703589723562523472e-01 nan 7.232859934272734215e+00
6.054999999999999716e+00 6.366490341220353288e-01 9.703331368875957041e-01 nan 7.208581685907766712e+00
6.060000000000000497e+00 6.367874715813474085e-01 9.703114644652529597e-01 nan 7.182867189743689096e+00
6.065000000000000391e+00 6.367527413357978450e-01 9.702939891404512851e-01 nan 7.154226027321922921e+00
6.070000000000000284e+00 6.364976876506348580e-01 9.702807307920802149e-01 nan 7.121018950172801176e+00
6.075000000000000178e+00 6.360868205902391326e-01 9.702716956672921000e-01 nan 7.081546317091497400e+00
6.080000000000000071e+00 6.370033468101936602e-01 9.702668771308122775e-01 nan 7.034122327625528470e+00
6.084999999999999964e+00 6.379439917244951186e-01 9.702662564965017777e-01 nan 6.977151726542743404e+00
6.089999999999999858e+00 6.386093191176452910e-01 9.702698035661283527e-01 nan 6.909194403250591421e+00
6.094999999999999751e+00 6.390957013561774369e-01 9.702774771875022353e-01 nan 6.829016709248350026e+00
6.100000000000000533e+00 6.393966350823927502e-01 9.702892255056110304e-01 nan 6.735630624614998396e+00
6.105000000000000426e+00 6.395824191670025360e-01 9.703049861825101541e-01 nan 6.628317488693823201e+00
6.110000000000000320e+00 6.395164431335037536e-01 9.703246862056854605e-01 nan 6.506650758878119056e+00
6.115000000000000213e+00 6.392025141689986478e-01 9.703482419003149895e-01 nan 6.370466592825282603e+00
6.120000000000000107e+00 6.387215121416491836e-01 9.703755593609129093e-01 nan 6.219873465965208403e+00
6.125000000000000000e+00 6.389106824177287480e-01 9.704065349398731666e-01 nan 6.055215735434405389e+00
6.129999999999999893e+00 6.397869304496475173e-01 9.704410550295604621e-01 nan 5.877030310955857040e+00
6.134999999999999787e+00 6.415666288482142487e-01 9.704789970625155027e-01 nan 5.686030488431992325e+00
6.140000000000000568e+00 6.497811508615199960e-01 9.705202298119555149e-01 nan 5.483060298944819166e+00
6.145000000000000462e+00 6.577310591818295027e-01 9.705646141061784471e-01 nan 5.269076834121493746e+00
6.150000000000000355e+00 6.654853162804270639e-01 9.706120034485246073e-01 nan 5.045136960657380598e+00
6.155000000000000249e+00 6.728884885612924638e-01 9.706622446881083555e-01 nan 4.812372216233508304e+00
6.160000000000000142e+00 6.799516965011623837e-01 9.707151786899230750e-01 nan 4.571967146007650307e+00
6.165000000000000036e+00 6.865935943899920124e-01 9.707706410081600179e-01 nan 4.325149672698595182e+00
6.169999999999999929e+00 6.928850630383929232e-01 9.708284625242831201e-01 nan 4.073177409166915730e+00
6.174999999999999822e+00 6.989134034107864490e-01 9.708884698489533838e-01 nan 3.817292784480418089e+00
6.179999999999999716e+00 7.045353529708087148e-01 9.709504862471071140e-01 nan 3.558785680766776593e+00
6.185000000000000497e+00 7.097705128922490170e-01 9.710143319657842387e-01 nan 3.298961639750254804e+00
6.190000000000000391e+00 7.145447948398065963e-01 9.710798250185356251e-01 nan 3.039092424580167595e+00
6.195000000000000284e+00 7.189455724325031216e-01 9.711467818627759208e-01 nan 2.780396852219630954e+00
6.200000000000000178e+00 7.230636866775184135e-01 9.712150180168991342e-01 nan 2.524034957284076786e+00
6.205000000000000071e+00 7.268131353950733065e-01 9.712843486470634780e-01 nan 2.271101516401783371e+00
6.209999999999999964e+00 7.301406657441088521e-01 9.713545890679482486e-01 nan 2.022720973871665162e+00
6.214999999999999858e+00 7.330584485326963051e-01 9.714255556068183139e-01 nan 1.779887115857239355e+00
6.219999999999999751e+00 7.356050272181295924e-01 9.714970659165292899e-01 nan 1.543520685755434885e+00
6.225000000000000533e+00 7.379173909078067251e-01 9.715689394779901678e-01 nan 1.314452428398321882e+00
6.230000000000000426e+00 7.399093586635733244e-01 9.716409979505787886e-01 nan 1.093427438066898238e+00
6.235000000000000320e+00 7.415219433236821533e-01 9.717130655215526769e-01 nan 8.811464809769352646e-01
6.240000000000000213e+00 7.427248417456246976e-01 9.717849691005508994e-01 nan 6.782090675000396196e-01
6.245000000000000107e+00 7.436603555966928569e-01 9.718565384158803777e-01 nan 4.851484977988212988e-01
6.250000000000000000e+00 7.443504294505455254e-01 9.719276060597864531e-01 nan 3.024559239143104206e-01
6.254999999999999893e+00 7.448011497412864168e-01 9.719980075440807221e-01 nan 1.305554547613858030e-01
6.259999999999999787e+00 7.449076132094503144e-01 9.720675811155242707e-01 nan -3.017922337289728751e-02
6.265000000000000568e+00 7.447335850625675935e-01 9.721361676215816150e-01 nan -1.794076069046785515e-01
6.270000000000000462e+00 7.442546952080277833e-01 9.722036101192361723e-01 nan -3.168206216080224902e-01
6.275000000000000355e+00 7.435978662339854939e-01 9.722697535703873628e-01 nan -4.421318693634689878e-01
6.280000000000000249e+00 7.427603799289516084e-01 9.723344446139590147e-01 nan -5.550717563042381064e-01
6.285000000000000142e+00 7.416349713403481703e-01 9.723975311263324262e-01 nan -6.553839274354889000e-01
6.290000000000000036e+00 7.402427804870486128e-01 9.724588618578724475e-01 nan -7.428176433584132710e-01
6.294999999999999929e+00 7.385860566895436907e-01 9.725182860304707466e-01 nan -8.171226377813286534e-01
6.299999999999999822e+00 7.367488465533117425e-01 9.725756529618558854e-01 nan -8.780434651541138003e-01
6.304999999999999716e+00 7.347097840280604197e-01 9.726308117304865997e-01 nan -9.253159220822023689e-01
6.310000000000000497e+00 7.324451570759605845e-01 9.726836108523271296e-01 nan -9.586626515197789189e-01
6.315000000000000391e+00 7.299112066600863535e-01 9.727338980094876186e-01 nan -9.777885367162304497e-01
6.320000000000000284e+00 7.270870282754755554e-01 9.727815198447135048e-01 nan -9.823759869062897998e-01
6.325000000000000178e+00 7.240931296275097129e-01 9.728263218368887744e-01 nan -9.720834628896551921e-01
6.330000000000000071e+00 7.209203963071395549e-01 9.728681482215777443e-01 nan -9.465381316250321975e-01
6.334999999999999964e+00 7.174777651285264568e-01 9.729068420669360062e-01 nan -9.053330232149984225e-01
6.339999999999999858e+00 7.137068242070875312e-01 9.729422453873373122e-01 nan -8.480279102468879504e-01
6.344999999999999751e+00 7.097226801703899746e-01 9.729741995564258339e-01 nan -7.741285489388900487e-01
6.350000000000000533e+00 7.054224298122122594e-01 9.730025457206571415e-01 nan -6.831131727510342255e-01
6.355000000000000426e+00 7.009350012747328496e-01 9.730271253910278695e-01 nan -5.744408727579529694e-01
6.360000000000000320e+00 6.960615755951449213e-01 9.730477812654785286e-01 nan -4.475124186112692248e-01
6.365000000000000213e+00 6.908908546762357883e-01 9.730643581900523253e-01 nan -3.017174366633207372e-01
6.370000000000000107e+00 6.853297543164600381e-01 9.730767043095850388e-01 nan -1.364396527699315298e-01
6.375000000000000000e+00 6.793825153257014859e-01 9.730846723500538031e-01 nan 4.885415786605909472e-02
6.379999999999999893e+00 6.730783676268020654e-01 9.730881210372568368e-01 nan 2.546857279480699288e-01
6.384999999999999787e+00 6.663483853888396702e-01 9.730869169964547760e-01 nan 4.815397675297151681e-01
6.390000000000000568e+00 6.591382786064503563e-01 9.730809367298673962e-01 nan 7.297050284988600977e-01
6.395000000000000462e+00 6.513747822245226082e-01 9.730700689440066053e-01 nan 9.992601751986931458e-01
6.400000000000000355e+00 6.431117927461473815e-01 9.730542170126704749e-01 nan 1.290017760307793138e+00
6.405000000000000249e+00 6.423764915341751980e-01 9.730333021337466137e-01 nan 1.601444790242268601e+00
6.410000000000000142e+00 6.415274806332054158e-01 9.730072665473961102e-01 nan 1.932619661376345332e+00
6.415000000000000036e+00 6.404126377812507931e-01 9.729760778107039432e-01 nan 2.282076960455118986e+00
6.419999999999999929e+00 6.399972732130781994e-01 9.729397330538362976e-01 nan 2.647743751552150027e+00
6.424999999999999822e+00 6.394856417812613270e-01 9.728982634890563919e-01 nan 3.026873826448375215e+00
6.429999999999999716e+00 6.385996168422757302e-01 9.728517389246880143e-01 nan 3.416025228998511576e+00
6.435000000000000497e+00 6.378272113137639643e-01 9.728002737682261980e-01 nan 3.811099386899091002e+00
6.440000000000000391e+00 6.387199365565968678e-01 9.727440317354050237e-01 nan 4.207357986798427874e+00
6.445000000000000284e+00 6.392261973443312817e-01 9.726832295634113557e-01 nan 4.599520424025526744e+00
6.450000000000000178e+00 6.393607981114204364e-01 9.726181392618321597e-01 nan 4.982025562454959200e+00
6.455000000000000071e+00 6.391449661165397034e-01 9.725490882022503891e-01 nan 5.349327441200547817e+00
6.459999999999999964e+00 6.386669459112818137e-01 9.724764565100090241e-01 nan 5.696212865077846743e+00
6.464999999999999858e+00 6.379057654363586849e-01 9.724006715816816415e-01 nan 6.018157608243723367e+00
6.469999999999999751e+00 6.373759925292077355e-01 9.723221988632604340e-01 nan 6.311636769116483414e+00
6.475000000000000533e+00 6.377080892382233079e-01 9.722415304808936787e-01 nan 6.574338986910513327e+00
6.480000000000000426e+00 6.377806679898393449e-01 9.721591718382498470e-01 nan 6.805253478884066176e+00
6.485000000000000320e+00 6.375406306402756629e-01 9.720756281989995085e-01 nan 7.004602868579618224e+00
6.490000000000000213e+00 6.370063331015034525e-01 9.719913920533256313e-01 nan 7.173655065008638587e+00
6.495000000000000107e+00 6.375068184055526777e-01 9.719069327841859396e-01 nan 7.314447062067860550e+00
6.500000000000000000e+00 6.382649001615989803e-01 9.718226893442478698e-01 nan 7.429480887393465238e+00
6.504999999999999893e+00 6.387129250266947444e-01 9.717390659658344809e-01 nan 7.521457531547738107e+00
6.509999999999999787e+00 6.389091437092843107e-01 9.716564313336563119e-01 nan 7.593061937772903391e+00
6.515000000000000568e+00 6.387997470141749679e-01 9.715751198046325143e-01 nan 7.646833182953322705e+00
6.520000000000000462e+00 6.384555938075680004e-01 9.714954343456244645e-01 nan 7.685109366311953849e+00
6.525000000000000355e+00 6.378623708234458789e-01 9.714176503458037404e-01 nan 7.710030019378941724e+00
6.530000000000000249e+00 6.383245222988966905e-01 9.713420196961621844e-01 nan 7.723572100933631113e+00
6.535000000000000142e+00 6.389017265787972910e-01 9.712687746727375337e-01 nan 7.727596768259229698e+00
6.540000000000000036e+00 6.392159107537965790e-01 9.711981313490931633e-01 nan 7.723888093888942485e+00
6.544999999999999929e+00 6.392673564872304315e-01 9.711302923332625348e-01 nan 7.714170828225245913e+00
6.549999999999999822e+00 6.390541137251021242e-01 9.710654487026985082e-01 nan 7.700100868387154129e+00
6.554999999999999716e+00 6.392330232790354172e-01 9.710037811147672615e-01 nan 7.683228295197729985e+00
6.560000000000000497e+00 6.397810528638042671e-01 9.709454601305911314e-01 nan 7.664938856271768408e+00
6.565000000000000391e+00 6.400347101407104500e-01 9.708906458874549950e-01 nan 7.646383199757790017e+00
6.570000000000000284e+00 6.400014009060952525e-01 9.708394873181335205e-01 nan 7.628405243639333477e+00
6.575000000000000178e+00 6.397477231257074903e-01 9.707921211952442730e-01 nan 7.611479196070251696e+00
6.580000000000000071e+00 6.393890063723773887e-01 9.707486710579783518e-01 nan 7.595666838528556397e+00
6.584999999999999964e+00 6.388465163802520275e-01 9.707092460539180623e-01 nan 7.580610679532893137e+00
6.589999999999999858e+00 6.390127485730219270e-01 9.706739404758957246e-01 nan 7.565546867096180961e+00
6.594999999999999751e+00 6.395918017380980425e-01 9.706428332818621829e-01 nan 7.549352894789305601e+00
6.600000000000000533e+00 6.400167069845078549e-01 9.706159879763207599e-01 nan 7.530619276264778783e+00
6.605000000000000426e+00 6.402439953831357000e-01 9.705934529020123769e-01 nan 7.507735968170804242e+00
6.610000000000000320e+00 6.402914813533070459e-01 9.705752615964793328e-01 nan 7.478987361511935106e+00
6.615000000000000213e+00 6.401462905785572088e-01 9.705614335101733214e-01 nan 7.442640088561016221e+00
6.620000000000000107e+00 6.398669826250242831e-01 9.705519746825906902e-01 nan 7.397021884891940680e+00
6.625000000000000000e+00 6.403085170733453513e-01 9.705468786872667453e-01 nan 7.340575407006344477e+00
6.629999999999999893e+00 6.414636997308575950e-01 9.705461273792537202e-01 nan 7.271913741930798203e+00
6.634999999999999787e+00 6.423213471891704440e-01 9.705496914044131618e-01 nan 7.189859886442550696e+00
6.640000000000000568e+00 6.429192611069967089e-01 9.705575305732954128e-01 nan 7.093476754644793658e+00
6.645000000000000462e+00 6.432960362504128726e-01 9.705695939768226310e-01 nan 6.982085844564173804e+00
6.650000000000000355e+00 6.435558795705459412e-01 9.705858200361665578e-01 nan 6.855276738663373060e+00
6.655000000000000249e+00 6.436157449636352723e-01 9.706061361898847828e-01 nan 6.712917266748266165e+00
6.660000000000000142e+00 6.434878877837727496e-01 9.706304588684372403e-01 nan 6.555109782726145085e+00
6.665000000000000036e+00 6.432543374381897161e-01 9.706586942765687009e-01 nan 6.382208466858476648e+00
6.669999999999999929e+00 6.428816814762698950e-01 9.706907386288413653e-01 nan 6.194762922907623093e+00
6.674999999999999822e+00 6.433820336173147192e-01 9.707264781761207884e-01 nan 5.993488197247996752e+00
6.679999999999999716e+00 6.519771499999637010e-01 9.707657902952733231e-01 nan 5.779246929117141107e+00
6.685000000000000497e+00 6.602759849211194965e-01 9.708085438168835291e-01 nan 5.553004931846154513e+00
6.690000000000000391e+00 6.682117086850857257e-01 9.708545997995787769e-01 nan 5.315827383032579512e+00
6.695000000000000284e+00 6.758513409072629541e-01 9.709038121991753201e-01 nan 5.068863465663948631e+00
6.700000000000000178e+00 6.832529580245554346e-01 9.709560285632435894e-01 nan 4.813322023561406482e+00
6.705000000000000071e+00 6.902955259485098471e-01 9.710110907539728498e-01 nan 4.550454142593558515e+00
6.709999999999999964e+00 6.969607099462808986e-01 9.710688356911418850e-01 nan 4.281545671673553599e+00
6.714999999999999858e+00 7.031890846071545687e-01 9.711290958853885380e-01 nan 4.007874605392760969e+00
6.719999999999999751e+00 7.090290246125017237e-01 9.711917001776954050e-01 nan 3.730756620363989473e+00
6.725000000000000533e+00 7.145984817478893136e-01 9.712564743715956794e-01 nan 3.451522565982365620e+00
6.730000000000000426e+00 7.198062274630405710e-01 9.713232417842710964e-01 nan 3.171500386146947736e+00
6.735000000000000320e+00 7.246135039704072467e-01 9.713918240493115697e-01 nan 2.891951139711292473e+00
6.740000000000000213e+00 7.289744064331740159e-01 9.714620416727226537e-01 nan 2.614082496009488832e+00
6.745000000000000107e+00 7.329528799581507270e-01 9.715337146127063228e-01 nan 2.339014415403532166e+00
6.750000000000000000e+00 7.365681495775088239e-01 9.716066626871741052e-01 nan 2.067924669298105922e+00
6.754999999999999893e+00 7.399504507577131518e-01 9.716807065524392106e-01 nan 1.801849169538934925e+00
6.759999999999999787e+00 7.429249760215851373e-01 9.717556680132926061e-01 nan 1.541744149195378055e+00
6.765000000000000568e+00 7.454829074573344760e-01 9.718313705187140439e-01 nan 1.288461032928558181e+00
6.770000000000000462e+00 7.477264579153798385e-01 9.719076395861336870e-01 nan 1.042781975574819775e+00
6.775000000000000355e+00 7.495821222566115827e-01 9.719843032068283817e-01 nan 8.054128470449848365e-01
6.780000000000000249e+00 7.512590683462905261e-01 9.720611920818938989e-01 nan 5.769465674336383687e-01
6.785000000000000142e+00 7.525947282043754516e-01 9.721381396841065614e-01 nan 3.579335597549814785e-01
6.790000000000000036e+00 7.536481271508398416e-01 9.722149825482840901e-01 nan 1.488327006229935301e-01
6.794999999999999929e+00 7.544133129314959385e-01 9.722915602169841520e-01 nan -4.996834825666082724e-02
6.799999999999999822e+00 7.548534742385029084e-01 9.723677151542131636e-01 nan -2.381274617512425529e-01
6.804999999999999716e+00 7.550530824357508664e-01 9.724432925172943332e-01 nan -4.153631321948988431e-01
6.810000000000000497e+00 7.550673934388747455e-01 9.725181401176593576e-01 nan -5.814281514594263900e-01
6.815000000000000391e+00 7.548872736497770353e-01 9.725921081573625226e-01 nan -7.361087412412908870e-01
6.820000000000000284e+00 7.544005087109421082e-01 9.726650489609973693e-01 nan -8.792214609862938346e-01
6.825000000000000178e+00 7.536552688937007138e-01 9.727368166642672564e-01 nan -1.010600100775215671e+00
6.830000000000000071e+00 7.526799667002531669e-01 9.728072667696264775e-01 nan -1.130092238794365267e+00
6.834999999999999964e+00 7.515451216259003697e-01 9.728762557769353725e-01 nan -1.237551822164410842e+00
6.839999999999999858e+00 7.502598643464808426e-01 9.729436408054722429e-01 nan -1.332834985315437759e+00
6.844999999999999751e+00 7.487418943677459637e-01 9.730092792093552045e-01 nan -1.415795164455732946e+00
6.850000000000000533e+00 7.470466759893525932e-01 9.730730282152975086e-01 nan -1.486277066796933166e+00
6.855000000000000426e+00 7.450916233365459940e-01 9.731347446003445478e-01 nan -1.544111588337426788e+00
6.860000000000000320e+00 7.429235165914845895e-01 9.731942843409207011e-01 nan -1.589110781740343592e+00
6.865000000000000213e+00 7.406559681045598031e-01 9.732515024036421103e-01 nan -1.621061539514213834e+00
6.870000000000000107e+00 7.382195302635136125e-01 9.733062524863688170e-01 nan -1.639721750220356933e+00
6.875000000000000000e+00 7.355273312522574436e-01 9.733583868148900642e-01 nan -1.644818152784475629e+00
6.879999999999999893e+00 7.325817989798814045e-01 9.734077560283714847e-01 nan -1.636037745882759298e+00
6.884999999999999787e+00 7.294596878229930859e-01 9.734542091684579290e-01 nan -1.613022138701587727e+00
6.890000000000000568e+00 7.261090928881749340e-01 9.734975937012043667e-01 nan -1.575367096203865502e+00
6.895000000000000462e+00 7.226023512394451620e-01 9.735377556557134326e-01 nan -1.522618376914444571e+00
6.900000000000000355e+00 7.188001890071624711e-01 9.735745399180312232e-01 nan -1.454275695370370824e+00
6.905000000000000249e+00 7.147945223767769862e-01 9.736077906033396845e-01 nan -1.369785082066321324e+00
6.910000000000000142e+00 7.104728874306707187e-01 9.736373514954941299e-01 nan -1.268531809647144515e+00
6.915000000000000036e+00 7.058571620668173674e-01 9.736630669315664566e-01 nan -1.149848430247014441e+00
6.919999999999999929e+00 7.010137942516115883e-01 9.736847825231096376e-01 nan -1.013049049886821429e+00
6.924999999999999822e+00 6.959015355875862729e-01 9.737023461325404750e-01 nan -8.574143196775163567e-01
6.929999999999999716e+00 6.903817890990004980e-01 9.737156090118977980e-01 nan -6.822037214681453410e-01
6.935000000000000497e+00 6.844793822846350073e-01 9.737244271061948897e-01 nan -4.866975144242562945e-01
6.940000000000000391e+00 6.781908898728711277e-01 9.737286623601699720e-01 nan -2.702949279355498780e-01
6.945000000000000284e+00 6.714816143247546165e-01 9.737281843166777362e-01 nan -3.244020980104600493e-02
6.950000000000000178e+00 6.643529980730490392e-01 9.737228719652444298e-01 nan 2.273316909809738051e-01
6.955000000000000071e+00 6.567570426168933828e-01 9.737126158247334518e-01 nan 5.092281276436370074e-01
6.959999999999999964e+00 6.559933699948404806e-01 9.736973202483455436e-01 nan 8.131853121193518552e-01
6.964999999999999858e+00 6.559988813582072753e-01 9.736769060119703223e-01 nan 1.138783971755074953e+00
6.969999999999999751e+00 6.556269823826658127e-01 9.736513134976133577e-01 nan 1.485211978605267102e+00
6.975000000000000533e+00 6.547778883867505506e-01 9.736205059016701524e-01 nan 1.851151160780425187e+00
6.980000000000000426e+00 6.541106273668647608e-01 9.735844740546388820e-01 nan 2.234665480636047974e+00
6.985000000000000320e+00 6.536909041493156325e-01 9.735432401418225856e-01 nan 2.633131491889537212e+00
6.990000000000000213e+00 6.528753039919119594e-01 9.734968625763487093e-01 nan 3.043202221034568833e+00
6.995000000000000107e+00 6.531263744252744363e-01 9.734454405180660297e-01 nan 3.460812332236346212e+00
7.000000000000000000e+00 6.536239049402560175e-01 9.733891203476386922e-01 nan 3.881238761357781453e+00
7.004999999999999893e+00 6.536722328637984969e-01 9.733280991463556520e-01 nan 4.299135467508976127e+00
7.009999999999999787e+00 6.533948203353356909e-01 9.732626282272569540e-01 nan 4.708730924602195778e+00
7.015000000000000568e+00 6.527914232169075293e-01 9.731930143509790465e-01 nan 5.104140741266925296e+00
7.020000000000000462e+00 6.537617141347890071e-01 9.731196182770914804e-01 nan 5.479681058417218864e+00
7.025000000000000355e+00 6.545276836747417892e-01 9.730428511197927177e-01 nan 5.830233572538277897e+00
7.030000000000000249e+00 6.549050913520493289e-01 9.729631664905854516e-01 nan 6.151603011887159411e+00
7.035000000000000142e+00 6.549876955035869308e-01 9.728810502852729414e-01 nan 6.440792515622282721e+00
7.040000000000000036e+00 6.546302357335979094e-01 9.727970079150918270e-01 nan 6.696167733874755612e+00
7.044999999999999929e+00 6.539127195444732754e-01 9.727115507707752018e-01 nan 6.917462246521646207e+00
7.049999999999999822e+00 6.540554619872360753e-01 9.726251831797899650e-01 nan 7.105638488627335825e+00
7.054999999999999716e+00 6.547366623891123227e-01 9.725383909350107103e-01 nan 7.262637197628343699e+00
7.060000000000000497e+00 6.550742710830954607e-01 9.724516328696978240e-01 nan 7.391059818406033877e+00
7.065000000000000391e+00 6.549750852576997628e-01 9.723653352061918387e-01 nan 7.493867124269190327e+00
7.070000000000000284e+00 6.547514957803162172e-01 9.722798897660251960e-01 nan 7.574109779101952711e+00
7.075000000000000178e+00 6.545370195944476555e-01 9.721956543639624915e-01 nan 7.634740316284121420e+00
7.080000000000000071e+00 6.549998542224513276e-01 9.721129551791944934e-01 nan 7.678506208253110366e+00
7.084999999999999964e+00 6.551271185700333621e-01 9.720320901990804341e-01 nan 7.707913970974039408e+00
7.089999999999999858e+00 6.549461197956638614e-01 9.719533330587489806e-01 nan 7.725243273697035562e+00
7.094999999999999751e+00 6.545554439148911774e-01 9.718769367615790467e-01 nan 7.732587880487362675e+00
7.100000000000000533e+00 6.539230712175658766e-01 9.718031370159350146e-01 nan 7.731900403089627893e+00
7.105000000000000426e+00 6.530096517932424405e-01 9.717321549519477575e-01 nan 7.725024266231915071e+00
7.110000000000000320e+00 6.536156851256201827e-01 9.716641991082514140e-01 nan 7.713700683692445992e+00
7.115000000000000213e+00 6.541898858256763871e-01 9.715994665969026611e-01 nan 7.699547216851501119e+00
7.120000000000000107e+00 6.544709757718213394e-01 9.715381434871700472e-01 nan 7.684010543993074371e+00
7.125000000000000000e+00 6.544565224817133764e-01 9.714804045546618916e-01 nan 7.668301611525976114e+00
7.129999999999999893e+00 6.541796169847619025e-01 9.714264125512800385e-01 nan 7.653325254387831400e+00
7.134999999999999787e+00 6.537282739506958817e-01 9.713763172130391865e-01 nan 7.639616523111452118e+00
7.140000000000000568e+00 6.532858016311613447e-01 9.713302542560936503e-01 nan 7.627293963553837486e+00
7.145000000000000462e+00 6.546261534538656557e-01 9.712883445718750730e-01 nan 7.616036039515459599e+00
7.150000000000000355e+00 6.556091271595225756e-01 9.712506931400537447e-01 nan 7.605103379453268531e+00
7.155000000000000249e+00 6.563227014687564864e-01 9.712173889565283158e-01 nan 7.593378538388527943e+00
7.160000000000000142e+00 6.566703343512145796e-01 9.711885048402936205e-01 nan 7.579438950602932934e+00
7.165000000000000036e+00 6.569054552758009091e-01 9.711640975994467739e-01 nan 7.561647012638501586e+00
7.169999999999999929e+00 6.568156717233488706e-01 9.711442085613691821e-01 nan 7.538245671087952182e+00
7.174999999999999822e+00 6.565997789117491434e-01 9.711288641306352609e-01 nan 7.507451902163232660e+00
7.179999999999999716e+00 6.562302342231002283e-01 9.711180766748149784e-01 nan 7.467534399053803895e+00
7.185000000000000497e+00 6.556073681468319592e-01 9.711118452447726757e-01 nan 7.416873820706697984e+00
7.190000000000000391e+00 6.560281726982882811e-01 9.711101567297846238e-01 nan 7.353998403314621513e+00
7.195000000000000284e+00 6.571804551754804047e-01 9.711129864267025180e-01 nan 7.277625416960073146e+00
7.200000000000000178e+00 6.579824320891389799e-01 9.711202985992490877e-01 nan 7.186686457042338994e+00
7.205000000000000071e+00 6.584607280590399903e-01 9.711320466432771248e-01 nan 7.080351931534023535e+00
7.209999999999999964e+00 6.586584808437322414e-01 9.711481731185374056e-01 nan 6.958043339180431275e+00
7.214999999999999858e+00 6.586537061127115678e-01 9.711686096318796757e-01 nan 6.819448122920457322e+00
7.219999999999999751e+00 6.584525440737918345e-01 9.711932763621815567e-01 nan 6.664517164038556984e+00
7.225000000000000533e+00 6.579426174515450310e-01 9.712220822643842233e-01 nan 6.493434952702584084e+00
7.230000000000000426e+00 6.575832079834150745e-01 9.712549259639920995e-01 nan 6.306631059488479352e+00
7.235000000000000320e+00 6.586422887792271474e-01 9.712916954906782863e-01 nan 6.104715131365187730e+00
7.240000000000000213e+00 6.593937044292175198e-01 9.713322689997035964e-01 nan 5.888467891120984454e+00
7.245000000000000107e+00 6.619077772110627533e-01 9.713765154266189583e-01 nan 5.658803489905453787e+00
7.250000000000000000e+00 6.702206129537507939e-01 9.714242950907415741e-01 nan 5.416746405602750336e+00
7.254999999999999893e+00 6.781642922711751398e-01 9.714754604250099845e-01 nan 5.163428241372809424e+00
7.259999999999999787e+00 6.857985583495029847e-01 9.715298566576932027e-01 nan 4.900064933157554314e+00
7.265000000000000568e+00 6.930063540925074372e-01 9.715873225627958965e-01 nan 4.627932843444961364e+00
7.270000000000000462e+00 6.999532677930965230e-01 9.716476912605287453e-01 nan 4.348359213597520423e+00
7.275000000000000355e+00 7.065437240487899562e-01 9.717107908406907857e-01 nan 4.062690151090643020e+00
7.280000000000000249e+00 7.127179868157239584e-01 9.717764449769195068e-01 nan 3.772303416296973744e+00
7.285000000000000142e+00 7.185103903839279438e-01 9.718444737631175556e-01 nan 3.478618211403157190e+00
7.290000000000000036e+00 7.238368899324592043e-01 9.719146941051083344e-01 nan 3.183078885041819461e+00
7.294999999999999929e+00 7.287583641159240955e-01 9.719869206677281825e-01 nan 2.887064578905676804e+00
7.299999999999999822e+00 7.333840367401223137e-01 9.720609663885200202e-01 nan 2.591901477280153188e+00
7.304999999999999716e+00 7.376611808064226228e-01 9.721366430503971534e-01 nan 2.298850345108894189e+00
7.310000000000000497e+00 7.415194262809539083e-01 9.722137617756283490e-01 nan 2.009228959886688592e+00
7.315000000000000391e+00 7.449219267626233654e-01 9.722921340468784202e-01 nan 1.724208778775895956e+00
7.320000000000000284e+00 7.479744469674037832e-01 9.723715720265152518e-01 nan 1.444877741884260880e+00
7.325000000000000178e+00 7.506093672385636406e-01 9.724518891125765174e-01 nan 1.172206012333353531e+00
7.330000000000000071e+00 7.530057970363984721e-01 9.725329005285880957e-01 nan 9.071212347902801731e-01
7.334999999999999964e+00 7.550518336657733309e-01 9.726144237571269224e-01 nan 6.504049819829573753e-01
7.339999999999999858e+00 7.567462892316177969e-01 9.726962786793170723e-01 nan 4.027859775509933793e-01
7.344999999999999751e+00 7.581146106796495809e-01 9.727782880426992795e-01 nan 1.648815797277274342e-01
7.350000000000000533e+00 7.590934970254599179e-01 9.728602776494235105e-01 nan -6.278040890052846712e-02
7.355000000000000426e+00 7.598121133203808997e-01 9.729420762138415446e-01 nan -2.797414525734747137e-01
7.360000000000000320e+00 7.602838547063990315e-01 9.730235154859511182e-01 nan -4.856172928328297278e-01
7.365000000000000213e+00 7.605615912469402273e-01 9.731044302847849936e-01 nan -6.800795851005794201e-01
7.370000000000000107e+00 7.605172142199421170e-01 9.731846582718337579e-01 nan -8.628523600585139564e-01
7.375000000000000000e+00 7.601720843711632369e-01 9.732640399027355782e-01 nan -1.033706816538196405e+00
7.379999999999999893e+00 7.596066228565611089e-01 9.733424182289088789e-01 nan -1.192438608345796069e+00
7.384999999999999787e+00 7.587312348096408865e-01 9.734196385244877625e-01 nan -1.338870198077868112e+00
7.390000000000000568e+00 7.577715882026065941e-01 9.734955479778325538e-01 nan -1.472843540677969632e+00
7.395000000000000462e+00 7.565417990222137457e-01 9.735699953602985346e-01 nan -1.594212768358136856e+00
7.400000000000000355e+00 7.551498983767478412e-01 9.736428306935892563e-01 nan -1.702838918686350400e+00
7.405000000000000249e+00 7.534763729700281187e-01 9.737139048791702001e-01 nan -1.798583078162551141e+00
7.410000000000000142e+00 7.515674710952993109e-01 9.737830693850793029e-01 nan -1.881298155158256824e+00
7.415000000000000036e+00 7.494717422133115869e-01 9.738501759259142743e-01 nan -1.950823882489418626e+00
7.419999999999999929e+00 7.472580276166614910e-01 9.739150762331459932e-01 nan -2.006982696129263832e+00
7.424999999999999822e+00 7.448321302270379807e-01 9.739776217689639637e-01 nan -2.049576392884352671e+00
7.429999999999999716e+00 7.421340789403322313e-01 9.740376634713155957e-01 nan -2.078381012656073334e+00
7.435000000000000497e+00 7.392845288535371262e-01 9.740950515652003761e-01 nan -2.093141546756311033e+00
7.440000000000000391e+00 7.361601653213331042e-01 9.741496354434544536e-01 nan -2.093568662779495604e+00
7.445000000000000284e+00 7.328644510693615999e-01 9.742012636051148311e-01 nan -2.079334245185335828e+00
7.450000000000000178e+00 7.293819722131937855e-01 9.742497836853960536e-01 nan -2.050064021613570375e+00
7.455000000000000071e+00 7.256458911583847371e-01 9.742950425167001827e-01 nan -2.005343900724845696e+00
7.459999999999999964e+00 7.217236033092929715e-01 9.743368864201389368e-01 nan -1.944706944347246447e+00
7.464999999999999858e+00 7.175594544962621280e-01 9.743751614787481419e-01 nan -1.867635038410343284e+00
7.469999999999999751e+00 7.130396827071875387e-01 9.744097140859528938e-01 nan -1.773563215255770098e+00
7.475000000000000533e+00 7.083364985958877647e-01 9.744403914844771419e-01 nan -1.661889306540577094e+00
7.480000000000000426e+00 7.033641054656984970e-01 9.744670425125629976e-01 nan -1.531961914600297847e+00
7.485000000000000320e+00 6.980414941370695070e-01 9.744895185258343195e-01 nan -1.383082572337018590e+00
7.490000000000000213e+00 6.923978293582394583e-01 9.745076744868769181e-01 nan -1.214563906532983850e+00
7.495000000000000107e+00 6.863979737015439841e-01 9.745213702026487290e-01 nan -1.025707874925572138e+00
7.500000000000000000e+00 6.800668139798500267e-01 9.745304718102859587e-01 nan -8.158335685103008661e-01
7.504999999999999893e+00 6.733819578436869291e-01 9.745348534551910857e-01 nan -5.843664670880801548e-01
7.509999999999999787e+00 6.672407920486407296e-01 9.745343988668543345e-01 nan -3.308980558066312860e-01
7.515000000000000568e+00 6.609610324064125741e-01 9.745290035335101297e-01 nan -5.505836457973671549e-02
7.520000000000000462e+00 6.585307131672161196e-01 9.745185771826083698e-01 nan 2.432193168240747994e-01
7.525000000000000355e+00 6.598775133073543353e-01 9.745030465827392296e-01 nan 5.636761024593518465e-01
7.530000000000000249e+00 6.608098313345126540e-01 9.744823585389849052e-01 nan 9.056542751403685587e-01
7.535000000000000142e+00 6.612633934959472048e-01 9.744564837365995436e-01 nan 1.268054073120611802e+00
7.540000000000000036e+00 6.612557384591998266e-01 9.744254204920829165e-01 nan 1.649216985311863448e+00
7.544999999999999929e+00 6.607978063893996667e-01 9.743891999357846556e-01 nan 2.046821970085782816e+00
7.549999999999999822e+00 6.600471929713211949e-01 9.743478900767016393e-01 nan 2.457836626743962860e+00
7.554999999999999716e+00 6.606143282094295577e-01 9.743016005713471817e-01 nan 2.878512723555216812e+00
7.560000000000000497e+00 6.611501575724606505e-01 9.742504868008543539e-01 nan 3.304437369196374874e+00
7.565000000000000391e+00 6.611960324732901739e-01 9.741947548806644264e-01 nan 3.730644756640618009e+00
7.570000000000000284e+00 6.609527355818416439e-01 9.741346628190429291e-01 nan 4.151724453531540959e+00
7.575000000000000178e+00 6.604337987938385668e-01 9.740705207772971663e-01 nan 4.562076841726047327e+00
7.580000000000000071e+00 6.615718759018390793e-01 9.740026881321781627e-01 nan 4.956253217874936112e+00
7.584999999999999964e+00 6.623805035523900875e-01 9.739315674431494596e-01 nan 5.329263667847174979e+00
7.589999999999999858e+00 6.628062146805241417e-01 9.738575963389698442e-01 nan 5.676880792713072665e+00
7.594999999999999751e+00 6.627136587011336344e-01 9.737812362540338995e-01 nan 5.995882352292703388e+00
7.600000000000000533e+00 6.623011460844321352e-01 9.737029603046277737e-01 nan 6.284179672348725099e+00
7.605000000000000426e+00 6.614368559200901609e-01 9.736232409354195205e-01 nan 6.540832802339254570e+00
7.610000000000000320e+00 6.621465780621884623e-01 9.735425389428740139e-01 nan 6.765949543602064686e+00
7.615000000000000213e+00 6.628338338625445747e-01 9.734612951195011910e-01 nan 6.960502408530325980e+00
7.620000000000000107e+00 6.630378620469101758e-01 9.733799246159193785e-01 nan 7.126114705766127599e+00
7.625000000000000000e+00 6.629218813657516973e-01 9.732988145829535309e-01 nan 7.264844966157816053e+00
7.629999999999999893e+00 6.624365377884807726e-01 9.732183243396956840e-01 nan 7.379005489058980238e+00
7.634999999999999787e+00 6.626213637452900151e-01 9.731387871839088932e-01 nan 7.471036903113478900e+00
7.640000000000000568e+00 6.629634573355047689e-01 9.730605135931932326e-01 nan 7.543417599879188806e+00
7.645000000000000462e+00 6.628964316585564953e-01 9.729837943226171681e-01 nan 7.598616853817428130e+00
7.650000000000000355e+00 6.625137763544187708e-01 9.729089033448258261e-01 nan 7.639073552130163591e+00
7.655000000000000249e+00 6.619218088029188429e-01 9.728361002764447374e-01 nan 7.667186970143549551e+00
7.660000000000000142e+00 6.610235161150856964e-01 9.727656321882941493e-01 nan 7.685304943470642414e+00
7.665000000000000036e+00 6.610687963818517865e-01 9.726977347495051607e-01 nan 7.695697601170283342e+00
7.669999999999999929e+00 6.616575635896867480e-01 9.726326327065252242e-01 nan 7.700510084537698141e+00
7.674999999999999822e+00 6.619824934320154286e-01 9.725705397583451761e-01 nan 7.701694904207326609e+00
7.679999999999999716e+00 6.620543646276042526e-01 9.725116579437937947e-01 nan 7.700931686513207808e+00
7.685000000000000497e+00 6.617628594198701197e-01 9.724561767342047025e-01 nan 7.699546226450418196e+00
7.690000000000000391e+00 6.612300373950656951e-01 9.724042719892374009e-01 nan 7.698441990777653565e+00
7.695000000000000284e+00 6.603967058599474749e-01 9.723561049562691183e-01 nan 7.698055259391786365e+00
7.700000000000000178e+00 6.613894024753934620e-01 9.723118214522352698e-01 nan 7.698341296259952671e+00
7.705000000000000071e+00 6.624843521804707480e-01 9.722715514649877822e-01 nan 7.698790528284955137e+00
7.709999999999999964e+00 6.631967262292320919e-01 9.722354085153683823e-01 nan 7.698489589326880989e+00
7.714999999999999858e+00 6.636298032647249823e-01 9.722034898343422382e-01 nan 7.696200616880751078e+00
7.719999999999999751e+00 6.636864364515260295e-01 9.721758765716278505e-01 nan 7.690458407539737529e+00
7.725000000000000533e+00 6.634794268045411947e-01 9.721526341304023155e-01 nan 7.679672861288121766e+00
7.730000000000000426e+00 6.630743108255047202e-01 9.721338127633623039e-01 nan 7.662221085032936863e+00
7.735000000000000320e+00 6.625417043150040319e-01 9.721194481824506628e-01 nan 7.636524086228040353e+00
7.740000000000000213e+00 6.617902764444415498e-01 9.721095622576787498e-01 nan 7.601098169746196120e+00
7.745000000000000107e+00 6.622465988400774162e-01 9.721041637947915870e-01 nan 7.554586387401153402e+00
7.750000000000000000e+00 6.631009774981957428e-01 9.721032490363169520e-01 nan 7.495766185631651979e+00
7.754999999999999893e+00 6.639050285685740294e-01 9.721068026143109275e-01 nan 7.423550671373893017e+00
7.759999999999999787e+00 6.643412521810848625e-01 9.721147975963780885e-01 nan 7.337002140972304964e+00
7.765000000000000568e+00 6.644444346441009674e-01 9.721271958422768034e-01 nan 7.235339248432501869e+00
7.770000000000000462e+00 6.642360617898247499e-01 9.721439477903743853e-01 nan 7.117955679446398953e+00
7.775000000000000355e+00 6.636617454133337812e-01 9.721649923366454393e-01 nan 6.984432487337741691e+00
7.780000000000000249e+00 6.630009753575564213e-01 9.721902565211896219e-01 nan 6.834565109059632881e+00
7.785000000000000142e+00 6.630445383695864336e-01 9.722196551053938762e-01 nan 6.668358705688788746e+00
7.790000000000000036e+00 6.640040884781854835e-01 9.722530908527400317e-01 nan 6.486027244417647886e+00
7.794999999999999929e+00 6.646579753811445723e-01 9.722904554264781840e-01 nan 6.288003544096155473e+00
7.799999999999999822e+00 6.649370102347624822e-01 9.723316289531532819e-01 nan 6.074891837135996120e+00
7.805000000000000604e+00 6.649905847385472191e-01 9.723764811325745772e-01 nan 5.847470093993908158e+00
7.810000000000000497e+00 6.687738173312334222e-01 9.724248715958325739e-01 nan 5.606654599193599431e+00
7.815000000000000391e+00 6.769469611694096667e-01 9.724766506940283328e-01 nan 5.353493918222574699e+00
7.820000000000000284e+00 6.847582897451794937e-01 9.725316602380496001e-01 nan 5.089164786351084935e+00
7.825000000000000178e+00 6.921418688101241834e-01 9.725897342246840882e-01 nan 4.814947036767222244e+00
7.830000000000000071e+00 6.991788398846274788e-01 9.726506996391938165e-01 nan 4.532201521556310730e+00
7.834999999999999964e+00 7.058633906956190973e-01 9.727143772829884849e-01 nan 4.242357225142020738e+00
7.839999999999999858e+00 7.122684580987677094e-01 9.727805823047803724e-01 nan 3.946861026835440711e+00
7.844999999999999751e+00 7.182074219448958408e-01 9.728491251475203105e-01 nan 3.647245250329106181e+00
7.850000000000000533e+00 7.236652737218624010e-01 9.729198119642349374e-01 nan 3.345091877888445087e+00
7.855000000000000426e+00 7.287579066833193009e-01 9.729924455475280620e-01 nan 3.041955184066362339e+00
7.860000000000000320e+00 7.333577849955260630e-01 9.730668260448996909e-01 nan 2.739345603119855088e+00
7.865000000000000213e+00 7.376967972103400939e-01 9.731427516532060729e-01 nan 2.438672125320611617e+00
7.870000000000000107e+00 7.415871223934514811e-01 9.732200189617741248e-01 nan 2.141413752733859255e+00
7.875000000000000000e+00 7.450646508662788214e-01 9.732984240620188299e-01 nan 1.848945664344683992e+00
7.879999999999999893e+00 7.481328878738993104e-01 9.733777631782446482e-01 nan 1.562532421140979677e+00
7.884999999999999787e+00 7.507248805286520499e-01 9.734578331509291527e-01 nan 1.283321671487986260e+00
7.890000000000000568e+00 7.529794805023760640e-01 9.735384320508766454e-01 nan 1.012373503845440670e+00
7.895000000000000462e+00 7.549402479468101390e-01 9.736193597140665457e-01 nan 7.506461421240129273e-01
7.900000000000000355e+00 7.565673274505425594e-01 9.737004180428903144e-01 nan 4.989738148492547931e-01
7.905000000000000249e+00 7.577670926258874839e-01 9.737814112682752210e-01 nan 2.581143303868426719e-01
7.910000000000000142e+00 7.585969376424863686e-01 9.738621464337473554e-01 nan 2.870196976605011996e-02
7.915000000000000036e+00 7.591160847502476106e-01 9.739424334018107476e-01 nan -1.887056555156021442e-01
7.919999999999999929e+00 7.593295476705423930e-01 9.740220848919574070e-01 nan -3.936338853304002794e-01
7.924999999999999822e+00 7.593173411836529052e-01 9.741009165252035862e-01 nan -5.856783050846097183e-01
7.930000000000000604e+00 7.589379609176827302e-01 9.741787468016119833e-01 nan -7.644851721089145347e-01
7.935000000000000497e+00 7.583115136313126614e-01 9.742553969113927348e-01 nan -9.297524930669776033e-01
7.940000000000000391e+00 7.573571489883882402e-01 9.743306905723682076e-01 nan -1.081215338974212958e+00
7.945000000000000284e+00 7.561046186556239501e-01 9.744044538098665109e-01 nan -1.218633258856552271e+00
7.950000000000000178e+00 7.546989668368069282e-01 9.744765146471556783e-01 nan -1.341783996085525565e+00
7.955000000000000071e+00 7.530419516676449820e-01 9.745467029196450692e-01 nan -1.450458151088015901e+00
7.959999999999999964e+00 7.511160235957130560e-01 9.746148500187645780e-01 nan -1.544452784415995650e+00
7.964999999999999858e+00 7.488760208869926771e-01 9.746807886344183158e-01 nan -1.623563823772276704e+00
7.969999999999999751e+00 7.464049747994200290e-01 9.747443525192167613e-01 nan -1.687580223483905906e+00
7.975000000000000533e+00 7.437302231219860005e-01 9.748053762050820081e-01 nan -1.736279171665010779e+00
7.980000000000000426e+00 7.408795385959731084e-01 9.748636948918157907e-01 nan -1.769418513845732566e+00
7.985000000000000320e+00 7.377202390501901297e-01 9.749191443228427678e-01 nan -1.786735145091001176e+00
7.990000000000000213e+00 7.342646884024126575e-01 9.749715607733646650e-01 nan -1.787938475053232779e+00
7.995000000000000107e+00 7.305807563481250266e-01 9.750207809836268780e-01 nan -1.772710808168211694e+00
8.000000000000000000e+00 7.266831092941906656e-01 9.750666423207868805e-01 nan -1.740701741228625199e+00
8.005000000000000782e+00 7.225964266545915615e-01 9.751089830613000053e-01 1.299362061583298990e-06 -1.691521715951033400e+00
8.009999999999999787e+00 7.182376751481541755e-01 9.751476425963169214e-01 5.756188709858201564e-06 -1.624745989903287224e+00
8.015000000000000568e+00 7.135094927876205473e-01 9.751824620489232265e-01 1.331313414579638731e-05 -1.539914279142465148e+00
8.019999999999999574e+00 7.084821543459157711e-01 9.752132847691498130e-01 2.387620109116330968e-05 -1.436539963946074305e+00
8.025000000000000355e+00 7.032024074691196613e-01 9.752399570950041063e-01 3.733367544352615957e-05 -1.314102566062228750e+00
8.029999999999999361e+00 6.976162726985996043e-01 9.752623292149426026e-01 5.355921373548218703e-05 -1.172036052968920661e+00
8.035000000000000142e+00 6.916786190055328465e-01 9.752802563954668935e-01 7.241486825415255021e-05 -1.009792321906081147e+00
8.040000000000000924e+00 6.853957876432128504e-01 9.752936001490468687e-01 9.375380222228352472e-05 -8.268213785431510754e-01
8.044999999999999929e+00 6.787345803308093561e-01 9.753022298602058715e-01 1.174225672404805270e-04 -6.225878298811651224e-01
8.050000000000000711e+00 6.728795914298064673e-01 9.753060244885867203e-01 1.432629203753414356e-04 -3.966655055755646253e-01
8.054999999999999716e+00 6.666568944050340617e-01 9.753048741543575151e-01 1.711132295678694068e-04 -1.487887479523473944e-01
8.060000000000000497e+00 6.600559922997408790e-01 9.752986824488496520e-01 2.008095469930560012e-04 1.212790815397717797e-01
8.064999999999999503e+00 6.566171407054913756e-01 9.752873691177668114e-01 2.321864435846454178e-04 4.134727494996126018e-01
8.070000000000000284e+00 6.568339568931467198e-01 9.752708729359494955e-01 2.650776877140904918e-04 7.274154742423224462e-01
8.074999999999999289e+00 6.580922312966638321e-01 9.752491549427657613e-01 2.993168505331879792e-04 1.062340988805765774e+00
8.080000000000000071e+00 6.590117440616658495e-01 9.752222023267080875e-01 3.347379292367781722e-04 1.417075253304538762e+00
8.085000000000000853e+00 6.594464204444374644e-01 9.751900325094158273e-01 3.711760563537324698e-04 1.789890895924761471e+00
8.089999999999999858e+00 6.596195959780166707e-01 9.751526981536901006e-01 4.084683377852135300e-04 2.178436283173625476e+00
8.095000000000000639e+00 6.607031407126955358e-01 9.751102911956631702e-01 4.464548905537516106e-04 2.579694976794111305e+00
8.099999999999999645e+00 6.613674424287363518e-01 9.750629471915004398e-01 4.849801426716059019e-04 2.990004729536553274e+00
8.105000000000000426e+00 6.615263993068550841e-01 9.750108490770280634e-01 5.238944152283825026e-04 3.405135196438521916e+00
8.109999999999999432e+00 6.611758067583274334e-01 9.749542307009141373e-01 5.630558029819769401e-04 3.820403204864848856e+00
8.115000000000000213e+00 6.605228491229462318e-01 9.748933765625980019e-01 6.023321979248074222e-04 4.230802473501379168e+00
8.120000000000000995e+00 6.594500626044353941e-01 9.748286199756899251e-01 6.416033645564374766e-04 4.631274993320262823e+00
8.125000000000000000e+00 6.600757079741007560e-01 9.747603380152869423e-01 6.807628397809725295e-04 5.017022207015751967e+00
8.130000000000000782e+00 6.603523252685303824e-01 9.746889433673527892e-01 7.197194078329510704e-04 5.383762624008093134e+00
8.134999999999999787e+00 6.602248345264648544e-01 9.746148745476705955e-01 7.583978657752931014e-04 5.727964758013669666e+00
8.140000000000000568e+00 6.596859220442586880e-01 9.745385836787225919e-01 7.967388783489481137e-04 6.047000838891992025e+00
8.144999999999999574e+00 6.597163519330094816e-01 9.744605244456721049e-01 8.346979082022396718e-04 6.339187713852625805e+00
8.150000000000000355e+00 6.607595919178897992e-01 9.743811409306238902e-01 8.722433397017184458e-04 6.603736996692505912e+00
8.154999999999999361e+00 6.614070310672486297e-01 9.743008586944392757e-01 9.093540856166654716e-04 6.840626819875503806e+00
8.160000000000000142e+00 6.616790041043313364e-01 9.742200790489636830e-01 9.460170188952443703e-04 7.050434196332598269e+00
8.165000000000000924e+00 6.615102713540939039e-01 9.741391762503890384e-01 9.822245412944522608e-04 7.234175386666795049e+00
8.169999999999999929e+00 6.608935555103279125e-01 9.740584975988254568e-01 1.017972528434109639e-03 7.393171494200780458e+00
8.175000000000000711e+00 6.599445879647261037e-01 9.739783656284175528e-01 1.053258746909414584e-03 7.528954117245574729e+00
8.179999999999999716e+00 6.609196383871802638e-01 9.738990812161147925e-01 1.088081738903943531e-03 7.643216678991809232e+00
8.185000000000000497e+00 6.614464554640098193e-01 9.738209272623201684e-01 1.122440123404721494e-03 7.737795114929782336e+00
8.189999999999999503e+00 6.615810493964322525e-01 9.737441721688635532e-01 1.156332219283835380e-03 7.814660266566813007e+00
8.195000000000000284e+00 6.613030095827661103e-01 9.736690726499565018e-01 1.189755906302564703e-03 7.875914819662503952e+00
8.199999999999999289e+00 6.607934361605668494e-01 9.735958758723193274e-01 1.222708610831275185e-03 7.923777808770894993e+00
8.205000000000000071e+00 6.613748428436272420e-01 9.735248207815183630e-01 1.255187298831930177e-03 7.960544872312134146e+00
8.210000000000000853e+00 6.616113070242629624e-01 9.734561385848259363e-01 1.287188377631553072e-03 7.988517952881503348e+00
8.214999999999999858e+00 6.614397002837283379e-01 9.733900524583546376e-01 1.318707455502467684e-03 8.009907177250667587e+00
8.220000000000000639e+00 6.610630975945434029e-01 9.733267766169788615e-01 1.349738964835059786e-03 8.026716159443139986e+00
8.224999999999999645e+00 6.603499577070711668e-01 9.732665149802071092e-01 1.380275698363718669e-03 8.040627459821237721e+00
8.230000000000000426e+00 6.593820091763646918e-01 9.732094596838738454e-01 1.410308324493710855e-03 8.052905394660010430e+00
8.234999999999999432e+00 6.595511558991073997e-01 9.731557896551789044e-01 1.439824943532000932e-03 8.064329860353547375e+00
8.240000000000000213e+00 6.600803391314605806e-01 9.731056694211843716e-01 1.468810729834787955e-03 8.075169313034637142e+00
8.245000000000000995e+00 6.604143354585891856e-01 9.730592483452594754e-01 1.497247682195490580e-03 8.085192862701431338e+00
8.250000000000000000e+00 6.604018615449874785e-01 9.730166600560918866e-01 1.525114482675864495e-03 8.093722116916850950e+00
8.255000000000000782e+00 6.601418444918468742e-01 9.729780221297973375e-01 1.552386458143406242e-03 8.099719227109259734e+00
8.259999999999999787e+00 6.596784571161657951e-01 9.729434363638416183e-01 1.579035611689440753e-03 8.101884817581622045e+00
8.265000000000000568e+00 6.589250144872847992e-01 9.729129890047392148e-01 1.605030708103393541e-03 8.098765458580670540e+00
8.269999999999999574e+00 6.600065514148583112e-01 9.728867511528156431e-01 1.630337393065617963e-03 8.088853398144689066e+00
8.275000000000000355e+00 6.610307388357168357e-01 9.728647793743678829e-01 1.654918334099596960e-03 8.070665903338781533e+00
8.279999999999999361e+00 6.616704543168457908e-01 9.728471161934364453e-01 1.678733376194731144e-03 8.042804431444640301e+00
8.285000000000000142e+00 6.619886338251845803e-01 9.728337907057218459e-01 1.701739713432988540e-03 8.003985600871247996e+00
8.290000000000000924e+00 6.620171259148507348e-01 9.728248191745608731e-01 1.723892073262078351e-03 7.953055489667717026e+00
8.294999999999999929e+00 6.618296841373783046e-01 9.728202053077685818e-01 1.745142913760353931e-03 7.888988247456936165e+00
8.300000000000000711e+00 6.615535700254110418e-01 9.728199409686045795e-01 1.765442637102724839e-03 7.810876124887175642e+00
8.304999999999999716e+00 6.609504293137488107e-01 9.728240060127185673e-01 1.784739828060527079e-03 7.717942370927135975e+00
8.310000000000000497e+00 6.600937206158487003e-01 9.728323684236664937e-01 1.802981527109423759e-03 7.609548210652105737e+00
8.314999999999999503e+00 6.605097164307267565e-01 9.728449840193278408e-01 1.820113547834520959e-03 7.485211934518537724e+00
8.320000000000000284e+00 6.615724241745903900e-01 9.728617962369813243e-01 1.836080839576795156e-03 7.344622570590485289e+00
8.324999999999999289e+00 6.622516198597190318e-01 9.728827359462209889e-01 1.850827892869747957e-03 7.187661385535087710e+00
8.330000000000000071e+00 6.625325793704719413e-01 9.729077210190474334e-01 1.864299184090980775e-03 7.014422295163202925e+00
8.335000000000000853e+00 6.625174882407286470e-01 9.729366563562953374e-01 1.876439652850811534e-03 6.825179256876007017e+00
8.339999999999999858e+00 6.622367259063793865e-01 9.729694349894517647e-01 1.887195222761910629e-03 6.620432831096619175e+00
8.345000000000000639e+00 6.617503929485343273e-01 9.730059381887924408e-01 1.896513314446146266e-03 6.400854010846483533e+00
8.349999999999999645e+00 6.612288672172134119e-01 9.730460357417646255e-01 1.904343435793656334e-03 6.167278477854746477e+00
8.355000000000000426e+00 6.694874883811994248e-01 9.730895870927120939e-01 1.910637788593341638e-03 5.920694268400979787e+00
8.359999999999999432e+00 6.774686270622055639e-01 9.731364417479213547e-01 1.915351870368306973e-03 5.662207922276443206e+00
8.365000000000000213e+00 6.851260047546665621e-01 9.731864400815715133e-01 1.918445086232498098e-03 5.393057282397014873e+00
8.370000000000000995e+00 6.925499022600600796e-01 9.732394141125582099e-01 1.919881368066366466e-03 5.114588677883577184e+00
8.375000000000000000e+00 6.995269933186407663e-01 9.732951882458379389e-01 1.919629786368387461e-03 4.828231595908292206e+00
8.380000000000000782e+00 7.060488452580901964e-01 9.733535800944471683e-01 1.917665142131991327e-03 4.535480469461441899e+00
8.384999999999999787e+00 7.122087671235989292e-01 9.734144012097898369e-01 1.913968516392902663e-03 4.237847293683159045e+00
8.390000000000000568e+00 7.179365878989479866e-01 9.734774579765845814e-01 1.908527769143063615e-03 3.936914515727848674e+00
8.394999999999999574e+00 7.233914239206687968e-01 9.735425522124090403e-01 1.901337963064890762e-03 3.634290692952155233e+00
8.400000000000000355e+00 7.283492666378852398e-01 9.736094818725531397e-01 1.892401716200835769e-03 3.331597099224589797e+00
8.404999999999999361e+00 7.328529210699898933e-01 9.736780420437365358e-01 1.881729464574546104e-03 3.030382505474087385e+00
8.410000000000000142e+00 7.369414724565632735e-01 9.737480255765537107e-01 1.869339650380298905e-03 2.732134087844812598e+00
8.415000000000000924e+00 7.405791477881743523e-01 9.738192238403865497e-01 1.855258841509168592e-03 2.438243309510454981e+00
8.419999999999999929e+00 7.439383305802035329e-01 9.738914271896133013e-01 1.839521824939296338e-03 2.150156891313756979e+00
8.425000000000000711e+00 7.468239781708878589e-01 9.739644261071745968e-01 1.822171569076676441e-03 1.869150297088175261e+00
8.429999999999999716e+00 7.493533890558597976e-01 9.740380116064283333e-01 1.803259142764955655e-03 1.596399985984176650e+00
8.435000000000000497e+00 7.514222509555187335e-01 9.741119757979033178e-01 1.782843570824275319e-03 1.332955322349033134e+00
8.439999999999999503e+00 7.530701539256333676e-01 9.741861123696314850e-01 1.760991644893852457e-03 1.079764890362385987e+00
8.445000000000000284e+00 7.545147529911508943e-01 9.742602170651655236e-01 1.737777696668041209e-03 8.376931953004583820e-01
8.449999999999999289e+00 7.555367283464441419e-01 9.743340879557969014e-01 1.713283307397847101e-03 6.074593786734820977e-01
8.455000000000000071e+00 7.562284142681899857e-01 9.744075255966704319e-01 1.687596963918298236e-03 3.897261414202767282e-01
8.460000000000000853e+00 7.565084135696302781e-01 9.744803332779853333e-01 1.660813639170983852e-03 1.850521167943873224e-01
8.464999999999999858e+00 7.564363495832912010e-01 9.745523170140766300e-01 1.633034324882281238e-03 -6.091730474784923244e-03
8.470000000000000639e+00 7.561284713664869761e-01 9.746232854935679146e-01 1.604365532921680050e-03 -1.832922555233658657e-01
8.474999999999999645e+00 7.555976164972494358e-01 9.746930499043382490e-01 1.574918757070001112e-03 -3.461944490976000544e-01
8.480000000000000426e+00 7.546908440175623678e-01 9.747614237658438485e-01 1.544809898477017465e-03 -4.944896674506635281e-01
8.484999999999999432e+00 7.534392000015832647e-01 9.748282228486432333e-01 1.514158651720326617e-03 -6.279022049920783832e-01
8.490000000000000213e+00 7.519486709998164375e-01 9.748932649883107482e-01 1.483087858966420898e-03 -7.461841141583891446e-01
8.495000000000000995e+00 7.502104967407364766e-01 9.749563698693943792e-01 1.451722833832506205e-03 -8.491062012172878593e-01
8.500000000000000000e+00 7.482530774720503874e-01 9.750173588341071174e-01 1.420190652934085482e-03 -9.364480805911715722e-01
8.505000000000000782e+00 7.459681457040857611e-01 9.750760546076034929e-01 1.388619412334377587e-03 -1.007992518580483221e+00
8.509999999999999787e+00 7.433902511850030148e-01 9.751322811673308610e-01 1.357137444781367133e-03 -1.063517171215442758e+00
8.515000000000000568e+00 7.405501531811273797e-01 9.751858635772200357e-01 1.325872487267572937e-03 -1.102790960199947934e+00
8.519999999999999574e+00 7.375126977833136310e-01 9.752366278883961570e-01 1.294950796295414814e-03 -1.125568586598635790e+00
8.525000000000000355e+00 7.342133786729094780e-01 9.752844010874931469e-01 1.264496196523745781e-03 -1.131585537999267865e+00
8.529999999999999361e+00 7.305794569332928479e-01 9.753290111373756899e-01 1.234629046416108478e-03 -1.120553879351563253e+00
8.535000000000000142e+00 7.267129971333055050e-01 9.753702870542896308e-01 1.205465131160159738e-03 -1.092158713404394188e+00
8.540000000000000924e+00 7.225050366714357297e-01 9.754080591425472457e-01 1.177114519785697495e-03 -1.046058608653316124e+00
8.544999999999999929e+00 7.181356713215896193e-01 9.754421592404879382e-01 1.149680453828383223e-03 -9.818775049957749745e-01
8.550000000000000711e+00 7.134203209635239240e-01 9.754724211726888417e-01 1.123258319919864280e-03 -8.992170398426249101e-01
8.554999999999999716e+00 7.084102757865936573e-01 9.754986813783251831e-01 1.097934745496461934e-03 -7.976259076873650766e-01
8.560000000000000497e+00 7.030570496694373839e-01 9.755207796731623082e-01 1.073786853537849742e-03 -6.766374639315981820e-01
8.564999999999999503e+00 6.973658739194712464e-01 9.755385600142990610e-01 1.050881692428215280e-03 -5.357903309074903975e-01
8.570000000000000284e+00 6.913771622368192205e-01 9.755518715840278965e-01 1.029275834923985052e-03 -3.745844096600574047e-01
8.575000000000001066e+00 6.850018528071352142e-01 9.755605701226736093e-01 1.009015096965013968e-03 -1.925403263328111791e-01
8.580000000000000071e+00 6.782462117913786726e-01 9.755645192242922148e-01 9.901343535399943080e-04 1.073774954988972186e-02
8.585000000000000853e+00 6.710169289232251755e-01 9.755635918694167685e-01 9.726573928630348909e-04 2.355341209302933558e-01
8.589999999999999858e+00 6.634076924594565217e-01 9.755576722273826551e-01 9.565968243351577385e-04 4.821404266080053236e-01
8.595000000000000639e+00 6.624095659297721816e-01 9.755466579928088189e-01 9.419540047890335912e-04 7.506005344215613828e-01
8.599999999999999645e+00 6.616838395078751267e-01 9.755304628251888488e-01 9.287189953955221188e-04 1.040706309685326403e+00
8.605000000000000426e+00 6.605053666372184829e-01 9.755090190387170068e-01 9.168705651294429930e-04 1.351937147617645607e+00
8.609999999999999432e+00 6.605497096416141911e-01 9.754822811082355383e-01 9.063762634412428571e-04 1.683416461535315989e+00
8.615000000000000213e+00 6.603844600922936792e-01 9.754502291521899293e-01 8.971926258023678238e-04 2.033812114137037774e+00
8.620000000000000995e+00 6.598957146913799754e-01 9.754128739668390669e-01 8.892655826655082672e-04 2.401220113115854815e+00
8.625000000000000000e+00 6.598272159363133271e-01 9.753702609279747415e-01 8.825311450249553533e-04 2.783107503328351662e+00
8.630000000000000782e+00 6.600072211058761740e-01 9.753224748841371472e-01 8.769164597686554844e-04 3.176289734057370584e+00
8.634999999999999787e+00 6.607245236934176091e-01 9.752696444429692635e-01 8.723413212926524243e-04 3.576955168438917365e+00
8.640000000000000568e+00 6.609055307146397551e-01 9.752119477703304895e-01 8.687202338933895911e-04 3.980742969157151645e+00
8.644999999999999574e+00 6.606400137263946926e-01 9.751496147662350733e-01 8.659650353546549748e-04 4.382801323913869673e+00
8.650000000000000355e+00 6.598617835551906508e-01 9.750829286890488889e-01 8.639880193470722254e-04 4.778000968064800347e+00
8.654999999999999361e+00 6.586467047222940296e-01 9.750122248102410794e-01 8.627053733072319840e-04 5.161245272706660003e+00
8.660000000000000142e+00 6.584312083658748760e-01 9.749378859715953638e-01 8.620406611066286492e-04 5.527755857617060897e+00
8.665000000000000924e+00 6.588463969461912928e-01 9.748603357963542271e-01 8.619279857693506585e-04 5.873374273812763668e+00
8.669999999999999929e+00 6.587251451249127587e-01 9.747800281940840472e-01 8.623144084942736560e-04 6.194820523610734320e+00
8.675000000000000711e+00 6.581667251502195670e-01 9.746974351983177520e-01 8.631612746407131510e-04 6.489847887143039173e+00
8.679999999999999716e+00 6.572552041622615748e-01 9.746130337539139488e-01 8.644442267290240300e-04 6.757282207303442867e+00
8.685000000000000497e+00 6.580026879388767291e-01 9.745272930448636295e-01 8.661519373524333111e-04 6.996935541096540589e+00
8.689999999999999503e+00 6.588324526807323167e-01 9.744406639512540602e-01 8.682838237234519370e-04 7.209421097642924714e+00
8.695000000000000284e+00 6.591527068141834755e-01 9.743535711383616293e-01 8.708471557902515816e-04 7.395925894271811352e+00
8.700000000000001066e+00 6.591015928162325954e-01 9.742664086496348741e-01 8.738540395915436656e-04 7.557980428546132501e+00
8.705000000000000071e+00 6.585753703235985856e-01 9.741795387638609860e-01 8.773186791917074109e-04 7.697268240863007094e+00
8.710000000000000853e+00 6.576089066570799391e-01 9.740932930781039945e-01 8.812551957366991521e-04 7.815512955223097968e+00
8.714999999999999858e+00 6.570878924876489835e-01 9.740079760089306316e-01 8.856761289990019732e-04 7.914418446878261015e+00
8.720000000000000639e+00 6.578696734106042054e-01 9.739238688335319916e-01 8.905916034806242356e-04 7.995668718514274076e+00
8.724999999999999645e+00 6.581735334127256642e-01 9.738412340628230801e-01 8.960090711300659413e-04 8.060961507593901842e+00
8.730000000000000426e+00 6.580562386412052156e-01 9.737603195362156683e-01 9.019334776285193624e-04 8.112053752145049756e+00
8.734999999999999432e+00 6.575662278239169378e-01 9.736813618742627963e-01 9.083676721801832443e-04 8.150795874562009047e+00
8.740000000000000213e+00 6.575637020140200351e-01 9.736045890491490384e-01 9.153128690333134582e-04 8.179136875337112755e+00
8.745000000000000995e+00 6.580450237481264564e-01 9.735302218927990303e-01 9.227689898539904664e-04 8.199090139601093341e+00
8.750000000000000000e+00 6.580871637967538046e-01 9.734584745283076934e-01 9.307347732530366980e-04 8.212659981204787130e+00
8.755000000000000782e+00 6.577980898085157291e-01 9.733895538277085313e-01 9.392076166833962514e-04 8.221739168718569246e+00
8.759999999999999787e+00 6.571986631524354694e-01 9.733236581551345523e-01 9.481831907442059238e-04 8.227994058869800398e+00
8.765000000000000568e+00 6.562276775419105812e-01 9.732609757157937302e-01 9.576549123242613336e-04 8.232755950960253699e+00
8.769999999999999574e+00 6.549393189869627818e-01 9.732016828132983299e-01 9.676133743466822134e-04 8.236934269105754325e+00
8.775000000000000355e+00 6.555872353062494051e-01 9.731459422625889921e-01 9.780458182441246692e-04 8.240962838175116545e+00
8.779999999999999361e+00 6.564924028764974606e-01 9.730939021730691252e-01 9.889357086092954042e-04 8.244783868240507019e+00
8.785000000000000142e+00 6.569487648459927387e-01 9.730456951883321715e-01 1.000262436444065593e-03 8.247868303898457043e+00
8.790000000000000924e+00 6.570222890073227351e-01 9.730014376552151845e-01 1.012001165113148200e-03 8.249284974002307536e+00
8.794999999999999929e+00 6.567584394782278734e-01 9.729612298192988895e-01 1.024122798822232243e-03 8.247783427566714565e+00
8.800000000000000711e+00 6.562282072329987948e-01 9.729251559167820806e-01 1.036594053831927254e-03 8.241897641226355375e+00
8.804999999999999716e+00 6.553873285441866869e-01 9.728932845378450711e-01 1.049377613930331694e-03 8.230051536572657866e+00
8.810000000000000497e+00 6.563877513478095782e-01 9.728656692649575444e-01 1.062432347608276888e-03 8.210651962354853950e+00
8.814999999999999503e+00 6.574988786486821724e-01 9.728423492647141346e-01 1.075713566862565845e-03 8.182165841794372341e+00
8.820000000000000284e+00 6.582791451164128338e-01 9.728233500049104920e-01 1.089173320111405186e-03 8.143170669482469037e+00
8.825000000000001066e+00 6.588187133972560616e-01 9.728086839777266848e-01 1.102760708245545266e-03 8.092385733215889942e+00
8.830000000000000071e+00 6.592302777648221257e-01 9.727983511135084305e-01 1.116422217100493776e-03 8.028685764073260955e+00
8.835000000000000853e+00 6.592406569714301945e-01 9.727923395683255592e-01 1.130102060728870083e-03 7.951098517155707590e+00
8.839999999999999858e+00 6.590331434539482558e-01 9.727906256671816632e-01 1.143742542093023791e-03 7.858822124620044036e+00
8.845000000000000639e+00 6.584433397865129267e-01 9.727931740475395106e-01 1.157284432433869272e-03 7.751232272760342212e+00
8.849999999999999645e+00 6.574899123258014511e-01 9.727999373972662234e-01 1.170667376189158618e-03 7.627896662092345181e+00
8.855000000000000426e+00 6.578520203609966588e-01 9.728108562516053492e-01 1.183830327084519273e-03 7.488582322271033931e+00
8.859999999999999432e+00 6.590567097901407490e-01 9.728258588041298616e-01 1.196712009596605361e-03 7.333266382350998924e+00
8.865000000000000213e+00 6.598594596759667086e-01 9.728448605375314973e-01 1.209251396337429185e-03 7.162149939899109974e+00
8.870000000000000995e+00 6.603060427205618144e-01 9.728677642275062043e-01 1.221388189920668719e-03 6.975615281811109014e+00
8.875000000000000000e+00 6.604342591962429898e-01 9.728944609984699898e-01 1.233063321537760998e-03 6.774263374669174276e+00
8.880000000000000782e+00 6.606018316196762274e-01 9.729248306729375573e-01 1.244219404654839335e-03 6.558858976879923475e+00
8.884999999999999787e+00 6.604146826689414329e-01 9.729587418111262931e-01 1.254801192447771961e-03 6.330313233319555088e+00
8.890000000000000568e+00 6.615627600601834413e-01 9.729960530615071601e-01 1.264756013352482875e-03 6.089677322686218197e+00
8.894999999999999574e+00 6.695362698587709049e-01 9.730366135021416563e-01 1.274034163523775527e-03 5.838101564105244279e+00
8.900000000000000355e+00 6.771738129374064163e-01 9.730802634713372479e-01 1.282589262527367678e-03 5.576846692225600144e+00
8.904999999999999361e+00 6.845590112538614269e-01 9.731268353804425342e-01 1.290378569459117676e-03 5.307266572635593427e+00
8.910000000000000142e+00 6.915283153237438141e-01 9.731761544866055491e-01 1.297363256519264325e-03 5.030782026794883954e+00
8.915000000000000924e+00 6.980414532782472925e-01 9.732280397139775330e-01 1.303508637646957685e-03 4.748863412704626974e+00
8.919999999999999929e+00 7.041282322292568008e-01 9.732823044146816649e-01 1.308784356888509966e-03 4.463003195852216720e+00
8.925000000000000711e+00 7.099327240037679454e-01 9.733387571919298598e-01 1.313164534729121787e-03 4.174705006430884602e+00
8.929999999999999716e+00 7.153132021188932654e-01 9.733972028850788050e-01 1.316627880988018116e-03 3.885504065711477217e+00
8.935000000000000497e+00 7.202455714527220554e-01 9.734574429399814877e-01 1.319157767241600386e-03 3.596948527492214165e+00
8.939999999999999503e+00 7.246905881439313912e-01 9.735192765822727745e-01 1.320742264876058119e-03 3.310514619962947602e+00
8.945000000000000284e+00 7.288094909667135468e-01 9.735825014935899357e-01 1.321374143216538181e-03 3.027611208187761971e+00
8.950000000000001066e+00 7.325391845220109444e-01 9.736469145317830920e-01 1.321050842084105182e-03 2.749556873511762145e+00
8.955000000000000071e+00 7.358839157794140329e-01 9.737123123950198744e-01 1.319774426072590091e-03 2.477595290930012961e+00
8.960000000000000853e+00 7.387700579095604070e-01 9.737784921958658746e-01 1.317551534860390058e-03 2.212962349365847015e+00
8.964999999999999858e+00 7.412295819744391112e-01 9.738452524043341718e-01 1.314393287084613532e-03 1.956730014604621815e+00
8.970000000000000639e+00 7.434615898228207342e-01 9.739123931630638831e-01 1.310315188190459357e-03 1.709870354536739967e+00
8.974999999999999645e+00 7.452723622780992319e-01 9.739797167878214701e-01 1.305337034179313190e-03 1.473244584719785477e+00
8.980000000000000426e+00 7.466800537613744737e-01 9.740470280962498784e-01 1.299482812627024073e-03 1.247591766830144833e+00
8.984999999999999432e+00 7.477310472332969749e-01 9.741141347056799793e-01 1.292780612587690527e-03 1.033596093379536729e+00
8.990000000000000213e+00 7.484416451915492097e-01 9.741808471939622516e-01 1.285262531809632479e-03 8.318349224704928435e-01
8.995000000000000995e+00 7.489308677144461690e-01 9.742469791481762620e-01 1.276964571899206384e-03 6.427858618521724576e-01
9.000000000000000000e+00 7.490669144934313239e-01 9.743123470751597903e-01 1.267926523303277613e-03 4.668779306753019220e-01
9.005000000000000782e+00 7.488674145299081264e-01 9.743767703446262196e-01 1.258191833849952278e-03 3.044770612480859340e-01
9.009999999999999787e+00 7.483556948398558673e-01 9.744400709846773312e-01 1.247807458060827849e-03 1.558902648627325804e-01
9.015000000000000568e+00 7.476401653112206835e-01 9.745020734656389960e-01 1.236823692985562556e-03 2.138413369358577176e-02
9.019999999999999574e+00 7.466650813896531513e-01 9.745626043760339252e-01 1.225293988075315706e-03 -9.880767758650932375e-02
9.025000000000000355e+00 7.453803214597914950e-01 9.746214921292342126e-01 1.213274729612491814e-03 -2.044768202035013305e-01
9.029999999999999361e+00 7.438323445321763927e-01 9.746785666448511964e-01 1.200824998640094739e-03 -2.954231482753947868e-01
9.035000000000000142e+00 7.419481628588008304e-01 9.747336590374401366e-01 1.188006293452781303e-03 -3.714562634468464575e-01
9.040000000000000924e+00 7.399683560325376330e-01 9.747866013312842526e-01 1.174882217526288788e-03 -4.323867269196571828e-01
9.044999999999999929e+00 7.376529030169417522e-01 9.748372261853885945e-01 1.161518126528020538e-03 -4.780207008996851248e-01
9.050000000000000711e+00 7.350955465518453913e-01 9.748853665856501705e-01 1.147980734940427360e-03 -5.081542940557051136e-01
9.054999999999999716e+00 7.322339429502764396e-01 9.749308556335078979e-01 1.134337683524017570e-03 -5.225628618209666731e-01
9.060000000000000497e+00 7.291654069035504726e-01 9.749735263625882720e-01 1.120657067669515554e-03 -5.209986413118136150e-01
9.064999999999999503e+00 7.258804842420233383e-01 9.750132116760094059e-01 1.107006923004894309e-03 -5.031884518937558282e-01
9.070000000000000284e+00 7.223402869381837510e-01 9.750497443219516835e-01 1.093454664892863637e-03 -4.688324414719758360e-01
9.075000000000001066e+00 7.184935810774064624e-01 9.750829570511543309e-01 1.080066480092469871e-03 -4.175753732149514175e-01
9.080000000000000071e+00 7.143040118525735283e-01 9.751126828432558069e-01 1.066906680266131464e-03 -3.490320027316055063e-01
9.085000000000000853e+00 7.099596699232189057e-01 9.751387552530035308e-01 1.054037037543780657e-03 -2.627894044253419326e-01
9.089999999999999858e+00 7.052873968250320535e-01 9.751610089559136219e-01 1.041516122601548414e-03 -1.583889990951605209e-01
9.095000000000000639e+00 7.003233807720044002e-01 9.751792805124411823e-01 1.029398657095468694e-03 -3.532578733989265307e-02
9.099999999999999645e+00 6.949534186050585483e-01 9.751934091373061220e-01 1.017734880241702618e-03 1.069193316654880044e-01
9.105000000000000426e+00 6.892402027456492331e-01 9.752032378217296849e-01 1.006569953373160709e-03 2.688715954264740970e-01
9.109999999999999432e+00 6.831964756204270683e-01 9.752086144145217794e-01 9.959433853642442065e-04 4.509639940456677820e-01
9.115000000000000213e+00 6.767952861700868850e-01 9.752093928557133973e-01 9.858884882596662905e-04 6.537063303499472955e-01
9.120000000000000995e+00 6.698984666165141988e-01 9.752054349166857650e-01 9.764318539409906628e-04 8.775059452975297880e-01
9.125000000000000000e+00 6.691782209799579384e-01 9.751966119583772574e-01 9.675928402036683331e-04 1.122611388349509687e+00
9.130000000000000782e+00 6.683869507292536927e-01 9.751828069311949676e-01 9.593830805409116810e-04 1.389091985968897491e+00
9.134999999999999787e+00 6.678840152826229781e-01 9.751639166080350307e-01 9.518060306257548897e-04 1.676764277568927985e+00
9.140000000000000568e+00 6.681414264821593507e-01 9.751398543883921244e-01 9.448565570378298110e-04 1.985159191120055677e+00
9.144999999999999574e+00 6.677884692166412561e-01 9.751105530408861188e-01 9.385205984472713182e-04 2.313429477535577483e+00
9.150000000000000355e+00 6.669141353482018753e-01 9.750759689944740183e-01 9.327749317094535505e-04 2.660227112995062093e+00
9.154999999999999361e+00 6.655187936727063880e-01 9.750360857535855796e-01 9.275870994587850742e-04 3.023627876679432447e+00
9.160000000000000142e+00 6.649631293495421591e-01 9.749909183693479253e-01 9.229155898488186150e-04 3.401069947686899742e+00
9.165000000000000924e+00 6.643713271980108415e-01 9.749405175457405148e-01 9.187103621247721084e-04 3.789318326961879979e+00
9.169999999999999929e+00 6.632170686451870356e-01 9.748849763999967166e-01 9.149138266211814981e-04 4.184486023454068615e+00
9.175000000000000711e+00 6.616056250901717339e-01 9.748244347059645820e-01 9.114623775722987663e-04 4.581994054932211569e+00
9.179999999999999716e+00 6.595220271178380278e-01 9.747590837959113630e-01 9.082885747989800484e-04 4.976664588022235769e+00
9.185000000000000497e+00 6.570630727986254138e-01 9.746891699212204552e-01 9.053239953043974719e-04 5.362956858660532511e+00
9.189999999999999503e+00 6.562063758735514618e-01 9.746149960364229869e-01 9.025026660446811184e-04 5.735216863657956132e+00
9.195000000000000284e+00 6.552164643978435343e-01 9.745369217194319589e-01 8.997648752282723979e-04 6.087992194635038601e+00
9.200000000000001066e+00 6.538748868916974821e-01 9.744553595625614628e-01 8.970609997176178050e-04 6.416404039490952727e+00
9.205000000000000071e+00 6.531232076909474493e-01 9.743707683371262140e-01 8.943549155679856666e-04 6.716492798889794003e+00
9.210000000000000853e+00 6.521222077099443348e-01 9.742836429347258020e-01 8.916264968256344160e-04 6.985499136228350281e+00
9.214999999999999858e+00 6.531725358202457032e-01 9.741945015845137057e-01 8.888727931497442027e-04 7.222018377075319684e+00
9.220000000000000639e+00 6.537837995419061299e-01 9.741038718517787132e-01 8.861076571150500007e-04 7.425997372230772164e+00
9.224999999999999645e+00 6.538948733319708273e-01 9.740122761015170827e-01 8.833598503635476003e-04 7.598584458266527619e+00
9.230000000000000426e+00 6.535787008306848112e-01 9.739202185991128191e-01 8.806699490277666853e-04 7.741848627265768279e+00
9.234999999999999432e+00 6.528254378380217160e-01 9.738281745895018826e-01 8.780865358048312030e-04 7.858452887378550855e+00
9.240000000000000213e+00 6.517169174389071395e-01 9.737365833010471761e-01 8.756622579594659957e-04 7.951318491553144518e+00
9.245000000000000995e+00 6.515505582047352862e-01 9.736458440555297855e-01 8.734502436606238034e-04 8.023349132623142310e+00
9.250000000000000000e+00 6.520707240779246572e-01 9.735563156431805698e-01 8.715012487278662144e-04 8.077245641994069913e+00
9.255000000000000782e+00 6.522184344142255563e-01 9.734683183230232739e-01 8.698616967698318122e-04 8.115417471250399473e+00
9.259999999999999787e+00 6.519538387921527400e-01 9.733821376789599800e-01 8.685726072098249196e-04 8.139975471108193972e+00
9.265000000000000568e+00 6.513037371363457062e-01 9.732980294674007382e-01 8.676692818411057412e-04 8.152781019562429066e+00
9.269999999999999574e+00 6.515419068704099148e-01 9.732162248589972808e-01 8.671815513102743055e-04 8.155520539994533635e+00
9.275000000000000355e+00 6.518459900034460075e-01 9.731369354465442267e-01 8.671343595537390862e-04 8.149780710171626197e+00
9.279999999999999361e+00 6.517970165689098705e-01 9.730603576333671789e-01 8.675484773451372627e-04 8.137104023669877506e+00
9.285000000000000142e+00 6.513560163944992487e-01 9.729866760375187607e-01 8.684411693179679191e-04 8.119014202669063707e+00
9.290000000000000924e+00 6.505496065228737468e-01 9.729160657803040957e-01 8.698266905124555672e-04 8.097006720998125573e+00
9.294999999999999929e+00 6.495266378102789728e-01 9.728486936255000828e-01 8.717165458829432591e-04 8.072507850624447201e+00
9.300000000000000711e+00 6.483322842073641068e-01 9.727847180672525296e-01 8.741195070824949419e-04 8.046810782802246820e+00
9.304999999999999716e+00 6.493985683598360037e-01 9.727242886149115586e-01 8.770414292181388490e-04 8.020999750859678201e+00
9.310000000000000497e+00 6.501019339959365206e-01 9.726675445608778947e-01 8.804849393278021269e-04 7.995873888029246146e+00
9.314999999999999503e+00 6.504770730783373534e-01 9.726146136323701175e-01 8.844490735468719771e-04 7.971879196012997326e+00
9.320000000000000284e+00 6.504473321928924134e-01 9.725656104540727487e-01 8.889289303401009482e-04 7.949064121133694094e+00
9.325000000000001066e+00 6.500840618484587941e-01 9.725206352551342137e-01 8.939154030904699743e-04 7.927066301202105869e+00
9.330000000000000071e+00 6.494599791715995885e-01 9.724797731851886340e-01 8.993950101297836126e-04 7.905120893085433309e+00
9.335000000000000853e+00 6.488042429277440792e-01 9.724430937612634773e-01 9.053498464573625981e-04 7.882103158756755157e+00
9.339999999999999858e+00 6.499464341095507747e-01 9.724106507733358828e-01 9.117576532126174787e-04 7.856595032044372040e+00
9.345000000000000639e+00 6.509703971420695012e-01 9.723824825704825425e-01 9.185919883510926601e-04 7.826969862570094527e+00
9.349999999999999645e+00 6.517345731830750388e-01 9.723586125195972096e-01 9.258224826653052662e-04 7.791486147774909554e+00
9.355000000000000426e+00 6.525142285343394910e-01 9.723390497823645173e-01 9.334151625254193856e-04 7.748378876475541688e+00
9.359999999999999432e+00 6.528867350779002932e-01 9.723237900134835687e-01 9.413328205935969986e-04 7.695944124547078324e+00
9.365000000000000213e+00 6.528871616977712788e-01 9.723128163957222014e-01 9.495354134253697256e-04 7.632601421183468737e+00
9.370000000000000995e+00 6.526000087643235581e-01 9.723061002143292830e-01 9.579804791633807258e-04 7.556961666840094516e+00
9.375000000000000000e+00 6.520115717874213068e-01 9.723036013771813035e-01 9.666235637590851011e-04 7.467874083380205086e+00
9.380000000000000782e+00 6.510881450838043039e-01 9.723052686224595842e-01 9.754186506016614437e-04 7.364462780398977948e+00
9.384999999999999787e+00 6.517281573528622696e-01 9.723110395902184733e-01 9.843185994159973917e-04 7.246145347205472653e+00
9.390000000000000568e+00 6.529798099822586854e-01 9.723208408186381213e-01 9.932755902477964464e-04 7.112639806254571262e+00
9.394999999999999574e+00 6.538300935451303308e-01 9.723345874388814591e-01 1.002241566221469087e-03 6.963967483626575472e+00
9.400000000000000355e+00 6.543192762587662914e-01 9.723521832072680171e-01 1.011168671412291222e-03 6.800398947134279837e+00
9.404999999999999361e+00 6.548158372068321187e-01 9.723735213883976103e-01 1.020009692236329346e-03 6.622466439525307891e+00
9.410000000000000142e+00 6.550079393049117460e-01 9.723984850670465141e-01 1.028718461992816262e-03 6.430897706256848423e+00
9.415000000000000924e+00 6.548792845344848512e-01 9.724269471699995560e-01 1.037250244410363020e-03 6.226580865528790198e+00
9.419999999999999929e+00 6.543680580763268084e-01 9.724587717029813394e-01 1.045562086451926661e-03 6.010544814044446404e+00
9.425000000000000711e+00 6.534965291119680941e-01 9.724938141076644449e-01 1.053613122105872190e-03 5.783910900653926213e+00
9.429999999999999716e+00 6.598294925172160097e-01 9.725319220599820680e-01 1.061364827650837809e-03 5.547887520364078284e+00
9.435000000000000497e+00 6.672559158399261614e-01 9.725729362176467330e-01 1.068781228754914301e-03 5.303754703845855900e+00
9.439999999999999503e+00 6.742787428560759189e-01 9.726166909763167556e-01 1.075829057619410480e-03 5.052838600260328050e+00
9.445000000000000284e+00 6.809407773009755749e-01 9.726630152377042648e-01 1.082477860409358653e-03 4.796494460399905790e+00
9.450000000000001066e+00 6.872538770827184562e-01 9.727117331685697366e-01 1.088700061891310390e-03 4.536095720734508063e+00
9.455000000000000071e+00 6.932454258891534993e-01 9.727626649473765097e-01 1.094470988885624593e-03 4.273002765848870510e+00
9.460000000000000853e+00 6.987933684446773208e-01 9.728156275145312115e-01 1.099768862786574923e-03 4.008580599361986962e+00
9.464999999999999858e+00 7.038833114976685845e-01 9.728704354637557339e-01 1.104574760361040717e-03 3.744184354656288072e+00
9.470000000000000639e+00 7.086711973633988970e-01 9.729269015174635271e-01 1.108872554013332068e-03 3.481170800402130006e+00
9.474999999999999645e+00 7.130817444799245619e-01 9.729848376289336187e-01 1.112648831645625565e-03 3.220809883085513192e+00
9.480000000000000426e+00 7.170540592976286653e-01 9.730440556077832870e-01 1.115892801160570666e-03 2.964306867261599088e+00
9.484999999999999432e+00 7.206335438285123018e-01 9.731043678702054889e-01 1.118596189627265626e-03 2.712784853997391110e+00
9.490000000000000213e+00 7.238219989345285876e-01 9.731655881359091431e-01 1.120753142393360064e-03 2.467274907627897473e+00
9.495000000000000995e+00 7.267557236149598809e-01 9.732275319415535364e-01 1.122360143720674882e-03 2.228812544152466657e+00
9.500000000000000000e+00 7.292834354684167852e-01 9.732900175060670289e-01 1.123415922861734084e-03 1.998283726742883015e+00
9.505000000000000782e+00 7.313865382456751218e-01 9.733528660357646523e-01 1.123921392413144245e-03 1.776485578124758380e+00
9.509999999999999787e+00 7.332444837991811681e-01 9.734159021583056459e-01 1.123879609007596026e-03 1.564118789806364873e+00
9.515000000000000568e+00 7.348053466832740188e-01 9.734789542211800262e-01 1.123295754175844888e-03 1.361790391402315725e+00
9.519999999999999574e+00 7.359902495410949319e-01 9.735418544522781437e-01 1.122177134431176504e-03 1.170019294674556010e+00
9.525000000000000355e+00 7.368767942881835342e-01 9.736044391082412375e-01 1.120533202685590262e-03 9.892740332106446655e-01
9.529999999999999361e+00 7.374086150187378896e-01 9.736665484217928990e-01 1.118375588088597796e-03 8.199362586987664070e-01
9.535000000000000142e+00 7.378113353613297010e-01 9.737280264731700274e-01 1.115718134907944976e-03 6.623237200241492983e-01
9.540000000000000924e+00 7.379027306531980024e-01 9.737887210112512459e-01 1.112576943966544357e-03 5.166966459718629334e-01
9.544999999999999929e+00 7.376831594905048917e-01 9.738484831408411591e-01 1.108970411986580622e-03 3.832874480451793908e-01
9.550000000000000711e+00 7.372051266345898135e-01 9.739071670121647317e-01 1.104919257371400447e-03 2.622836395088793959e-01
9.554999999999999716e+00 7.365560301138053267e-01 9.739646294245465352e-01 1.100446530496731763e-03 1.538415515167870784e-01
9.560000000000000497e+00 7.356921322282615749e-01 9.740207294002964922e-01 1.095577605021927445e-03 5.809638210751444376e-02
9.564999999999999503e+00 7.345545440179518382e-01 9.740753276878462152e-01 1.090340146518176036e-03 -2.483181695942301981e-02
9.570000000000000284e+00 7.332285784063297118e-01 9.741282862784463870e-01 1.084764055303051849e-03 -9.483231227885620396e-02
9.575000000000001066e+00 7.316388099819237656e-01 9.741794678589246193e-01 1.078881382780095882e-03 -1.517953005000355349e-01
9.580000000000000071e+00 7.299628357075123031e-01 9.742287353140411943e-01 1.072726216570051797e-03 -1.956070654349934546e-01
9.585000000000000853e+00 7.280203221872701969e-01 9.742759512146532686e-01 1.066334532620605985e-03 -2.261452189106159527e-01
9.589999999999999858e+00 7.258097087206460962e-01 9.743209773286097830e-01 1.059744011515114867e-03 -2.432791036653703665e-01
9.595000000000000639e+00 7.234360958269470121e-01 9.743636741362685649e-01 1.052993820156827333e-03 -2.468462262311296729e-01
9.599999999999999645e+00 7.208753518077534173e-01 9.744039004450014696e-01 1.046124359611275709e-03 -2.366566609412447675e-01
9.605000000000000426e+00 7.181789631965654896e-01 9.744415130222594534e-01 1.039176977643878558e-03 -2.124896695521662215e-01
9.609999999999999432e+00 7.151932160269082184e-01 9.744763663543705157e-01 1.032193652401711039e-03 -1.740852612747770811e-01
9.615000000000000213e+00 7.119634312677591836e-01 9.745083124717863754e-01 1.025216645059289205e-03 -1.211485653820482400e-01
9.620000000000000995e+00 7.085292806173303370e-01 9.745372009475391506e-01 1.018288119287601504e-03 -5.331460619959937919e-02
9.625000000000000000e+00 7.049577143456486894e-01 9.745628790213002324e-01 1.011449721442118704e-03 2.983476366026761861e-02
9.630000000000000782e+00 7.010962479586522189e-01 9.745851918130545855e-01 1.004742122082728567e-03 1.287659183062239698e-01
9.634999999999999787e+00 6.968941282890730449e-01 9.746039828987638209e-01 9.982045236796674870e-04 2.440061342432441049e-01
9.640000000000000568e+00 6.924162534059860041e-01 9.746190948642904361e-01 9.918741484360768090e-04 3.761203345788305397e-01
9.644999999999999574e+00 6.876680181801259062e-01 9.746303701337544201e-01 9.857856882108057082e-04 5.256514253441806339e-01
9.650000000000000355e+00 6.826339620178499823e-01 9.746376518356005825e-01 9.799707489199051876e-04 6.932647067029055199e-01
9.654999999999999361e+00 6.771624186422449121e-01 9.746407852641976177e-01 9.744572809194966198e-04 8.795891584364813331e-01
9.660000000000000142e+00 6.713115531164024485e-01 9.746396190981527763e-01 9.692689991735675779e-04 1.085195275513271884e+00
9.665000000000000924e+00 6.649682029839434350e-01 9.746340071330044097e-01 9.644248056591597958e-04 1.310566807219786467e+00
9.669999999999999929e+00 6.608556488032633069e-01 9.746238100101639601e-01 9.599382164128997773e-04 1.556072389247213250e+00
9.675000000000000711e+00 6.611581243229519567e-01 9.746088974017529383e-01 9.558168021734103365e-04 1.821869794429915368e+00
9.679999999999999716e+00 6.610156491882092089e-01 9.745891504288242135e-01 9.520616478800357843e-04 2.107905445145827894e+00
9.685000000000000497e+00 6.603951699397697661e-01 9.745644641414548115e-01 9.486668534280317221e-04 2.413805094983319854e+00
9.689999999999999503e+00 6.593059382757902043e-01 9.745347509175386058e-01 9.456190933275189720e-04 2.738779824588176925e+00
9.695000000000000284e+00 6.592149183858740935e-01 9.744999438789918589e-01 9.428972662665600652e-04 3.081547070254282428e+00
9.700000000000001066e+00 6.588241808754572437e-01 9.744600004132593085e-01 9.404722776396545704e-04 3.440248235521992992e+00
9.705000000000000071e+00 6.580143770551589721e-01 9.744149060765265880e-01 9.383070211189672386e-04 3.812395558030670983e+00
9.710000000000000853e+00 6.567095230400276096e-01 9.743646794462909044e-01 9.363566420481717403e-04 4.194846752729941564e+00
9.714999999999999858e+00 6.550205652126713796e-01 9.743093778917280012e-01 9.345691834838907360e-04 4.583762466866915020e+00
9.720000000000000639e+00 6.529674309889623718e-01 9.742491020369572485e-01 9.328867227130970084e-04 4.974563496558666920e+00
9.724999999999999645e+00 6.515388488313630377e-01 9.741840007233311116e-01 9.312471057626145509e-04 5.362053812928399665e+00
9.730000000000000426e+00 6.507791165794226673e-01 9.741142755366565265e-01 9.295863222555150653e-04 5.740600828263042743e+00
9.734999999999999432e+00 6.495446805540968649e-01 9.740401840708886594e-01 9.278415266040240545e-04 6.104333906394335152e+00
9.740000000000000213e+00 6.479820886948421954e-01 9.739620425412204296e-01 9.259545965250881062e-04 6.447451775191608725e+00
9.745000000000000995e+00 6.460869162210184369e-01 9.738802248654236937e-01 9.238759847417985210e-04 6.764588936511076511e+00
9.750000000000000000e+00 6.459343565871021875e-01 9.737951597352008104e-01 9.215684993729370954e-04 7.051185511520488447e+00
9.755000000000000782e+00 6.454834682400614199e-01 9.737073239440925398e-01 9.190105364785112986e-04 7.303835347927010169e+00
9.759999999999999787e+00 6.446649826165826713e-01 9.736172330125658636e-01 9.161983061162590897e-04 7.520531890730183022e+00
9.765000000000000568e+00 6.434100480235172004e-01 9.735254289679919903e-01 9.131466616666048496e-04 7.700784246839870839e+00
9.769999999999999574e+00 6.427179446820678876e-01 9.734324664590220388e-01 9.098883580655613319e-04 7.845563298772084693e+00
9.775000000000000355e+00 6.418480890781691484e-01 9.733388980180682770e-01 9.064718034680712116e-04 7.957099943276584320e+00
9.779999999999999361e+00 6.414184803723759210e-01 9.732452606039337928e-01 9.029576270922050080e-04 8.038560606603859071e+00
9.785000000000000142e+00 6.419801259608590716e-01 9.731520639112075655e-01 8.994145393178016451e-04 8.093660686102044366e+00
9.790000000000000924e+00 6.421822751578158961e-01 9.730597814403372237e-01 8.959150611173916957e-04 8.126289710548755707e+00
9.794999999999999929e+00 6.420667789143349458e-01 9.729688448178706039e-01 8.925316137132318283e-04 8.140202121913722166e+00
9.800000000000000711e+00 6.415955338261916108e-01 9.728796413079243699e-01 8.893333339934866941e-04 8.138803779032871333e+00
9.804999999999999716e+00 6.412639672459130580e-01 9.727925141892468375e-01 8.863837901439846657e-04 8.125040051937451935e+00
9.810000000000000497e+00 6.416173441650233622e-01 9.727077652712528000e-01 8.837396096288978493e-04 8.101373704954765387e+00
9.814999999999999503e+00 6.416685065740143079e-01 9.726256588685475712e-01 8.814499047212247728e-04 8.069827323378573780e+00
9.820000000000000284e+00 6.414075741333392644e-01 9.725464265240882922e-01 8.795563074704805875e-04 8.032062238451942449e+00
9.825000000000001066e+00 6.408241324874538458e-01 9.724702718946492963e-01 8.780934051895856974e-04 7.989468954601014694e+00
9.830000000000000071e+00 6.399900057870439030e-01 9.723973753714640900e-01 8.770893819648837176e-04 7.943249262440730263e+00
9.835000000000000853e+00 6.389523252215831839e-01 9.723278980771040692e-01 8.765667039595511972e-04 7.894478690967308587e+00
9.839999999999999858e+00 6.392203451769493672e-01 9.722619850344946801e-01 8.765427391655833530e-04 7.844142728795309161e+00
9.845000000000000639e+00 6.396849967477263865e-01 9.721997674673267253e-01 8.770302400257422261e-04 7.793144767109600579e+00
9.849999999999999645e+00 6.399198541671838880e-01 9.721413642120602105e-01 8.780376627452542073e-04 7.742289509392681346e+00
9.855000000000000426e+00 6.398997809171326212e-01 9.720868824376975859e-01 8.795693319462311033e-04 7.692245165945026386e+00
9.859999999999999432e+00 6.397079199890189916e-01 9.720364176505731368e-01 8.816254827120926585e-04 7.643494497225773898e+00
9.865000000000000213e+00 6.392345524914360144e-01 9.719900531063767612e-01 8.842022376054937136e-04 7.596291106764996748e+00
9.870000000000000995e+00 6.385563216959732058e-01 9.719478595068874460e-01 8.872915561652940618e-04 7.550607968578155749e+00
9.875000000000000000e+00 6.398114711644221630e-01 9.719098943352707520e-01 8.908812066350631697e-04 7.506103505434630563e+00
9.880000000000000782e+00 6.408303924255795980e-01 9.718762014300179608e-01 8.949547920631253711e-04 7.462103505827617944e+00
9.884999999999999787e+00 6.415516327873019842e-01 9.718468107390099142e-01 8.994918448885067972e-04 7.417607054551798917e+00
9.890000000000000568e+00 6.420161042673447893e-01 9.718217382925345982e-01 9.044680008014505546e-04 7.371315855313197218e+00
9.894999999999999574e+00 6.421932271123914626e-01 9.718009865064998198e-01 9.098552505525685967e-04 7.321688186379282648e+00
9.900000000000000355e+00 6.420463294217799710e-01 9.717845444641207697e-01 9.156222595836190819e-04 7.267008421868499823e+00
9.904999999999999361e+00 6.418896719005808826e-01 9.717723888016297495e-01 9.217347369184903218e-04 7.205473825471372606e+00
9.910000000000000142e+00 6.415680688375611229e-01 9.717644840248162996e-01 9.281558475167691735e-04 7.135301687796750336e+00
9.915000000000000924e+00 6.409776847397566923e-01 9.717607831385034478e-01 9.348466460899519659e-04 7.054830018931005142e+00
9.919999999999999929e+00 6.414716080636979623e-01 9.717612278378289226e-01 9.417665321473343582e-04 6.962614276854649731e+00
9.925000000000000711e+00 6.426456475307135152e-01 9.717657488204584082e-01 9.488737175108240100e-04 6.857500473532915031e+00
9.929999999999999716e+00 6.435932299667114220e-01 9.717742657266539297e-01 9.561256989217864922e-04 6.738686912968030462e+00
9.935000000000000497e+00 6.442067690733467300e-01 9.717866871663038975e-01 9.634797210916943265e-04 6.605728217613172859e+00
9.939999999999999503e+00 6.445026919065343085e-01 9.718029111881349991e-01 9.708932361942186054e-04 6.458539051016821908e+00
9.945000000000000284e+00 6.445270314734296013e-01 9.718228261155864578e-01 9.783243420246735909e-04 6.297373597442492255e+00
9.950000000000001066e+00 6.443274176891824467e-01 9.718463104609282865e-01 9.857321840620791777e-04 6.122758828738648518e+00
9.955000000000000071e+00 6.438789391344769131e-01 9.718732338030883211e-01 9.930773272157631445e-04 5.935466137851205026e+00
9.960000000000000853e+00 6.439786622192565924e-01 9.719034575093931094e-01 1.000322085237598333e-03 5.736451150997577741e+00
9.964999999999999858e+00 6.452156963840496307e-01 9.719368353883762746e-01 1.007430798557899191e-03 5.526810177923801248e+00
9.970000000000000639e+00 6.528714661028298671e-01 9.719732144433695931e-01 1.014370061396796833e-03 5.307756207314533903e+00
9.974999999999999645e+00 6.601463992810320258e-01 9.720124356090422690e-01 1.021108896053595861e-03 5.080581688781800942e+00
9.980000000000000426e+00 6.670213929542279097e-01 9.720543344799725816e-01 1.027618870888489036e-03 4.846627027254128528e+00
9.984999999999999432e+00 6.735549813238029815e-01 9.720987420474367369e-01 1.033874166021193268e-03 4.607258714284421686e+00
9.990000000000000213e+00 6.797872460634933889e-01 9.721454854416883284e-01 1.039851587465218021e-03 4.363854990804062695e+00
9.995000000000000995e+00 6.856174794791528582e-01 9.721943885456472145e-01 1.045530539052268127e-03 4.117768379664940248e+00
1.000000000000000000e+01 6.910529556790020456e-01 9.722452727342534295e-01 1.050892952934718867e-03 3.870342625589585417e+00
1.000500000000000078e+01 6.960499176067640459e-01 9.722979577338585200e-01 1.055923187173461036e-03 3.622898701063436810e+00
1.000999999999999979e+01 7.007797218156291974e-01 9.723522621067738347e-01 1.060607904026616673e-03 3.376743764488298272e+00
1.001500000000000057e+01 7.050999418702905697e-01 9.724080042641010113e-01 1.064935927550442630e-03 3.133089858559059415e+00
1.001999999999999957e+01 7.089901811110839169e-01 9.724650031430294161e-01 1.068898091181129037e-03 2.893077043501565360e+00
1.002500000000000036e+01 7.124924556202317794e-01 9.725230789548361399e-01 1.072487084209768939e-03 2.657760679678928817e+00
1.002999999999999936e+01 7.156956067648050368e-01 9.725820539448810642e-01 1.075697306590129177e-03 2.428096523640935978e+00
1.003500000000000014e+01 7.185527489100836940e-01 9.726417528971289528e-01 1.078524746077131041e-03 2.205040980319257216e+00
1.004000000000000092e+01 7.210298583096820257e-01 9.727020040317980731e-01 1.080966851984417739e-03 1.989407423011693599e+00
1.004499999999999993e+01 7.231281515174341479e-01 9.727626393343040689e-01 1.083022446729278243e-03 1.781922828244154378e+00
1.005000000000000071e+01 7.249863053174212535e-01 9.728234949932624831e-01 1.084691662855955278e-03 1.583223336431932138e+00
1.005499999999999972e+01 7.265488019122642305e-01 9.728844116878405668e-01 1.085975907462369229e-03 1.393860159088424755e+00
1.006000000000000050e+01 7.277665228049738921e-01 9.729452347360644238e-01 1.086877854291896104e-03 1.214294779520188827e+00
1.006499999999999950e+01 7.286570895668587067e-01 9.730058141863044963e-01 1.087401462680480510e-03 1.044946292711646629e+00
1.007000000000000028e+01 7.293001594373438312e-01 9.730660047453231210e-01 1.087552015062783796e-03 8.861559794036183435e-01
1.007500000000000107e+01 7.297251628682667191e-01 9.731256655980167203e-01 1.087336171006269853e-03 7.382048575967707915e-01
1.008000000000000007e+01 7.299006502754532555e-01 9.731846601848983536e-01 1.086762034103943425e-03 6.013248841963975133e-01
1.008500000000000085e+01 7.297715720585364885e-01 9.732428558582368883e-01 1.085839225997904103e-03 4.757034445901845432e-01
1.008999999999999986e+01 7.293891150663696088e-01 9.733001234768454690e-01 1.084578964571434115e-03 3.615045083018009198e-01
1.009500000000000064e+01 7.289278704278207011e-01 9.733563369810922516e-01 1.082994135784175020e-03 2.588580367027045193e-01
1.009999999999999964e+01 7.281728812149830254e-01 9.734113729058915254e-01 1.081099356541072353e-03 1.678714632987307054e-01
1.010500000000000043e+01 7.272096450545069146e-01 9.734651098451102547e-01 1.078911022972851158e-03 8.863675174303303761e-02
1.010999999999999943e+01 7.260006524247558657e-01 9.735174279254069640e-01 1.076447340394817709e-03 2.123611490878599128e-02
1.011500000000000021e+01 7.247304981247105760e-01 9.735682082111150049e-01 1.073728331354378536e-03 -3.425313021600173702e-02
1.012000000000000099e+01 7.232629544392988885e-01 9.736173321434304917e-01 1.070775819591211894e-03 -7.775385145592471348e-02
1.012500000000000000e+01 7.216169849366315114e-01 9.736646809871741803e-01 1.067613386631569451e-03 -1.091863737566985404e-01
1.013000000000000078e+01 7.197228318906567779e-01 9.737101352497344875e-01 1.064266301339170974e-03 -1.284513900060101910e-01
1.013499999999999979e+01 7.176214383108491246e-01 9.737535741410960899e-01 1.060761416271630356e-03 -1.354377826222391556e-01
1.014000000000000057e+01 7.154687173023330793e-01 9.737948750436909995e-01 1.057127034100985427e-03 -1.300144611197548705e-01
1.014499999999999957e+01 7.131135872441687340e-01 9.738339130065247762e-01 1.053392740057946999e-03 -1.120240146182212571e-01
1.015000000000000036e+01 7.105816769921697862e-01 9.738705602928283689e-01 1.049589204408066506e-03 -8.127910834478482838e-02
1.015499999999999936e+01 7.077888884213120457e-01 9.739046860031900232e-01 1.045747954622533882e-03 -3.755529780332919620e-02
1.016000000000000014e+01 7.048873514620801473e-01 9.739361558220039905e-01 1.041901120385209855e-03 1.943373408392087831e-02
1.016500000000000092e+01 7.018058761034530191e-01 9.739648317728852867e-01 1.038081145093442412e-03 9.001438482019279153e-02
1.016999999999999993e+01 6.985188951858387618e-01 9.739905722525143972e-01 1.034320463347737596e-03 1.745681251613064311e-01
1.017500000000000071e+01 6.949686459165901331e-01 9.740132321421888228e-01 1.030651139672406937e-03 2.735408539212886847e-01
1.017999999999999972e+01 6.911248450855911329e-01 9.740326630461209056e-01 1.027104478681721902e-03 3.874290310731394182e-01
1.018500000000000050e+01 6.871431277002265636e-01 9.740487138282466484e-01 1.023710584685735099e-03 5.167323675514592374e-01
1.018999999999999950e+01 6.828232804105571763e-01 9.740612311312740745e-01 1.020497900767944159e-03 6.620831146408957535e-01
1.019500000000000028e+01 6.782079407204122390e-01 9.740700604827552400e-01 1.017492713896120653e-03 8.241231696183385358e-01
1.020000000000000107e+01 6.731785529864020567e-01 9.740750474127537473e-01 1.014718626596794807e-03 1.003482229513410484e+00
1.020500000000000007e+01 6.678150754025448110e-01 9.740760386678478655e-01 1.012196006434115973e-03 1.200766588897397069e+00
1.021000000000000085e+01 6.620715843247227950e-01 9.740728839800815164e-01 1.009941416055474455e-03 1.416516115311232449e+00
1.021499999999999986e+01 6.558793229594672702e-01 9.740654378579766126e-01 1.007967035160681679e-03 1.651169532731112444e+00
1.022000000000000064e+01 6.521202668114636225e-01 9.740535618103693949e-01 1.006280074566118492e-03 1.904974679759657397e+00
1.022499999999999964e+01 6.517013921322952763e-01 9.740371269516613362e-01 1.004882201758548364e-03 2.178001160536620517e+00
1.023000000000000043e+01 6.508863972442880952e-01 9.740160165156453997e-01 1.003768992267064239e-03 2.469991134211779293e+00
1.023499999999999943e+01 6.509740604524664187e-01 9.739901294657723474e-01 1.002929431630665297e-03 2.780305531704097444e+00
1.024000000000000021e+01 6.507866234958782359e-01 9.739593840626872279e-01 1.002345497565688493e-03 3.107832374389423613e+00
1.024500000000000099e+01 6.501742978132852846e-01 9.739237215185139185e-01 1.001991862297406041e-03 3.450903641104043462e+00
1.025000000000000000e+01 6.492146951751219808e-01 9.738831101668362633e-01 1.001835775049909633e-03 3.807240937404443137e+00
1.025500000000000078e+01 6.479036563940797633e-01 9.738375499577001104e-01 1.001837196986441695e-03 4.173917911440289785e+00
1.025999999999999979e+01 6.463068002505483189e-01 9.737870786452446081e-01 1.001949281064145074e-03 4.547334238001842444e+00
1.026500000000000057e+01 6.443805607600348040e-01 9.737317759440079490e-01 1.002119293390352911e-03 4.923162775208776765e+00
1.026999999999999957e+01 6.438962267835658393e-01 9.736717686386354709e-01 1.002290082021199159e-03 5.296443551245969772e+00
1.027500000000000036e+01 6.430176640549514211e-01 9.736072349341006182e-01 1.002402142561376660e-03 5.661754884657298703e+00
1.027999999999999936e+01 6.418261196743265673e-01 9.735384078774779182e-01 1.002396294570574763e-03 6.013402756271042371e+00
1.028500000000000014e+01 6.403286398478937880e-01 9.734655778972931550e-01 1.002216901799064027e-03 6.345691458094774084e+00
1.029000000000000092e+01 6.391935413396352406e-01 9.733890926143853317e-01 1.001815434247464894e-03 6.653270461275343273e+00
1.029499999999999993e+01 6.389168718893754040e-01 9.733093543176081219e-01 1.001154069015789804e-03 6.931489750595607013e+00
1.030000000000000071e+01 6.382788306042419535e-01 9.732268143782266678e-01 1.000208910208653934e-03 7.176742141244240258e+00
1.030499999999999972e+01 6.373784332473688696e-01 9.731419646793175726e-01 9.989723927500838551e-04 7.386727816411267966e+00
1.031000000000000050e+01 6.364913406994956446e-01 9.730553267043575705e-01 9.974544939722548593e-04 7.560596374524988228e+00
1.031499999999999950e+01 6.359737744643427781e-01 9.729674384288948819e-01 9.956825196976721703e-04 7.698945126701808306e+00
1.032000000000000028e+01 6.352248047120813146e-01 9.728788406742083783e-01 9.936994666592312373e-04 7.803656809776953196e+00
1.032500000000000107e+01 6.355568976612816501e-01 9.727900635037949328e-01 9.915611792318352810e-04 7.877629440139060968e+00
1.033000000000000007e+01 6.359636785476635579e-01 9.727016148279511443e-01 9.893326972748063552e-04 7.924415484772573848e+00
1.033500000000000085e+01 6.361506465941235700e-01 9.726139709200914973e-01 9.870842939382973649e-04 7.947857080302513921e+00
1.033999999999999986e+01 6.360028405058970602e-01 9.725275700483059227e-01 9.848876852337968332e-04 7.951763845816313570e+00
1.034500000000000064e+01 6.356285720406310569e-01 9.724428090384182877e-01 9.828127809636396858e-04 7.939674512615296997e+00
1.034999999999999964e+01 6.355515089881434987e-01 9.723600426382563722e-01 9.809252027248743268e-04 7.914712590311157037e+00
1.035500000000000043e+01 6.358161032782041477e-01 9.722795850862521183e-01 9.792846303654763676e-04 7.879531779343993847e+00
1.035999999999999943e+01 6.358740735780137321e-01 9.722017132295720510e-01 9.779439153491235361e-04 7.836331827046506326e+00
1.036500000000000021e+01 6.356521480498817933e-01 9.721266705354856263e-01 9.769488161014111115e-04 7.786919562009892992e+00
1.037000000000000099e+01 6.351642714383510802e-01 9.720546714278464062e-01 9.763381762660398389e-04 7.732790779821829830e+00
1.037500000000000000e+01 6.344979148516131096e-01 9.719859055065106501e-01 9.761443690793649135e-04 7.675212628940313309e+00
1.038000000000000078e+01 6.336619096880835578e-01 9.719205413401295068e-01 9.763938532618688087e-04 7.615292656366793089e+00
1.038499999999999979e+01 6.343386199007786663e-01 9.718587295782894486e-01 9.771077291105619185e-04 7.554026844754922365e+00
1.039000000000000057e+01 6.347636250251863510e-01 9.718006053825388735e-01 9.783022163223622711e-04 7.492321627408376372e+00
1.039499999999999957e+01 6.349883081149191311e-01 9.717462900940644355e-01 9.799890125773529082e-04 7.430991634098435661e+00
1.040000000000000036e+01 6.349980391730006835e-01 9.716958922772525042e-01 9.821755240252390620e-04 7.370735317809341325e+00
1.040499999999999936e+01 6.348039408756519508e-01 9.716495082098216551e-01 9.848649819512464518e-04 7.312093467590972118e+00
1.041000000000000014e+01 6.343756950289737295e-01 9.716072215811339952e-01 9.880564847320246619e-04 7.255411643727670779e+00
1.041500000000000092e+01 6.340656227278765877e-01 9.715691035585650726e-01 9.917449978838149913e-04 7.200788582653769865e+00
1.041999999999999993e+01 6.352700876246739625e-01 9.715352123688939523e-01 9.959213511230933635e-04 7.148037761436546234e+00
1.042500000000000071e+01 6.361945940265427701e-01 9.715055930150513497e-01 1.000572266102026835e-03 7.096661064850939837e+00
1.042999999999999972e+01 6.368897998993885423e-01 9.714802771162462935e-01 1.005680431399737880e-03 7.045842798386170891e+00
1.043500000000000050e+01 6.373331188098430022e-01 9.714592828733563667e-01 1.011224639500243362e-03 6.994466020551099561e+00
1.043999999999999950e+01 6.375920193647764966e-01 9.714426153024344757e-01 1.017179992643365942e-03 6.941152446068604043e+00
1.044500000000000028e+01 6.375729779724891300e-01 9.714302664943946786e-01 1.023518170918158920e-03 6.884317333997536537e+00
1.045000000000000107e+01 6.373245086866716758e-01 9.714222163942538568e-01 1.030207751776617085e-03 6.822246449014705227e+00
1.045500000000000007e+01 6.368578087158994760e-01 9.714184331697830466e-01 1.037214575142601358e-03 6.753191353117032669e+00
1.046000000000000085e+01 6.363891845856719520e-01 9.714188738117474076e-01 1.044502134594701374e-03 6.675465910279640092e+00
1.046499999999999986e+01 6.375281494147249095e-01 9.714234844359885823e-01 1.052031996407806671e-03 6.587541705032868400e+00
1.047000000000000064e+01 6.384272878935853823e-01 9.714322006608986371e-01 1.059764235017755622e-03 6.488128851345346781e+00
1.047499999999999964e+01 6.391037604842038089e-01 9.714449474846239552e-01 1.067657875529300819e-03 6.376245820909891115e+00
1.048000000000000043e+01 6.397647649989629537e-01 9.714616394365711560e-01 1.075671336788072740e-03 6.251229587777489272e+00
1.048499999999999943e+01 6.401826848372559331e-01 9.714821812434017989e-01 1.083762873796282559e-03 6.112774003483675500e+00
1.049000000000000021e+01 6.403206456570504912e-01 9.715064680956955190e-01 1.091891008742923485e-03 5.960892300971365465e+00
1.049500000000000099e+01 6.402188732626727941e-01 9.715343856913016829e-01 1.100014933641138646e-03 5.795882577607843977e+00
1.050000000000000000e+01 6.399252835142948959e-01 9.715658112420204606e-01 1.108094890471279619e-03 5.618296836570881858e+00
1.050500000000000078e+01 6.402282228607690806e-01 9.716006138315608220e-01 1.116092514371284233e-03 5.428881821711788014e+00
1.050999999999999979e+01 6.427241053475413191e-01 9.716386551895314083e-01 1.123971134105291626e-03 5.228546703080913183e+00
1.051500000000000057e+01 6.504718669479682136e-01 9.716797903436538153e-01 1.131696027529831240e-03 5.018331971138947800e+00
1.051999999999999957e+01 6.578569836119245728e-01 9.717238683126496746e-01 1.139234626741673136e-03 4.799370734284709172e+00
1.052500000000000036e+01 6.650622448941500009e-01 9.717707327919241633e-01 1.146556672361576535e-03 4.572858274616925733e+00
1.052999999999999936e+01 6.718778561237507274e-01 9.718202228556442890e-01 1.153634316702801957e-03 4.340033847956365598e+00
1.053500000000000014e+01 6.783099898089022251e-01 9.718721735116264693e-01 1.160442180654689369e-03 4.102162686707308659e+00
1.054000000000000092e+01 6.843844505060200367e-01 9.719264162094294335e-01 1.166957363498379117e-03 3.860495300624405157e+00
1.054499999999999993e+01 6.900677493145677133e-01 9.719827796041763390e-01 1.173159412466777320e-03 3.616292723331760772e+00
1.055000000000000071e+01 6.955035629146119058e-01 9.720410901406424387e-01 1.179030255918813884e-03 3.370817801233489952e+00
1.055499999999999972e+01 7.005127076238322203e-01 9.721011725930206460e-01 1.184554111170094820e-03 3.125321396872724478e+00
1.056000000000000050e+01 7.050927908212165640e-01 9.721628509198987356e-01 1.189717364670747450e-03 2.880975418382798026e+00
1.056499999999999950e+01 7.093051293925197731e-01 9.722259488385057713e-01 1.194508435991029028e-03 2.638898341508308931e+00
1.057000000000000028e+01 7.132001112501428208e-01 9.722902906422782321e-01 1.198917635541278974e-03 2.400095819596737012e+00
1.057500000000000107e+01 7.167735584110113134e-01 9.723557015967968509e-01 1.202937032324829722e-03 2.165599280308274199e+00
1.058000000000000007e+01 7.199701817531828363e-01 9.724220089431769853e-01 1.206560312374262926e-03 1.936339343054835460e+00
1.058500000000000085e+01 7.227451265414471804e-01 9.724890424664682786e-01 1.209782657866865325e-03 1.713144490391190544e+00
1.058999999999999986e+01 7.251749260048926393e-01 9.725566349907275310e-01 1.212600642195116839e-03 1.496761974225334191e+00
1.059500000000000064e+01 7.273985810324972157e-01 9.726246228851433973e-01 1.215012146198054220e-03 1.287838846850939412e+00
1.059999999999999964e+01 7.292568565787980184e-01 9.726928464443121980e-01 1.217016299915830036e-03 1.086962432067224871e+00
1.060500000000000043e+01 7.308232085701661385e-01 9.727611501796903370e-01 1.218613454225850627e-03 8.946474373393358270e-01
1.060999999999999943e+01 7.321054103892601361e-01 9.728293829767986622e-01 1.219805177083638789e-03 7.113189905011483294e-01
1.061500000000000021e+01 7.330762641881942709e-01 9.728973980740400762e-01 1.220594275020911836e-03 5.373476461187811637e-01
1.062000000000000099e+01 7.338213069705493696e-01 9.729650530586184676e-01 1.220984837804670953e-03 3.730571175738397471e-01
1.062500000000000000e+01 7.342864830967388290e-01 9.730322097512148494e-01 1.220982295337296082e-03 2.187125674420076493e-01
1.063000000000000078e+01 7.345436233327672371e-01 9.730987339352525911e-01 1.220593491815957603e-03 7.453731849089566264e-02
1.063499999999999979e+01 7.345067889964110863e-01 9.731644950495486057e-01 1.219826769925157943e-03 -5.928014174552882765e-02
1.064000000000000057e+01 7.342548480040383962e-01 9.732293658304226325e-01 1.218692062458252281e-03 -1.825730311128251349e-01
1.064499999999999957e+01 7.338733018149745657e-01 9.732932217775501771e-01 1.217200982085513703e-03 -2.951943570963191932e-01
1.065000000000000036e+01 7.332187052144069073e-01 9.733559407834664334e-01 1.215366901760612421e-03 -3.970105492745651388e-01
1.065499999999999936e+01 7.323857531266222409e-01 9.734174026313100470e-01 1.213205021698986761e-03 -4.878960995786467691e-01
1.066000000000000014e+01 7.313426606883373093e-01 9.734774884283157181e-01 1.210732418929241078e-03 -5.677302942816051523e-01
1.066500000000000092e+01 7.301634296365396848e-01 9.735360801076310411e-01 1.207968079824256599e-03 -6.363904019795013633e-01
1.066999999999999993e+01 7.288548195837964983e-01 9.735930598213521359e-01 1.204932909985823595e-03 -6.937474490022808027e-01
1.067500000000000071e+01 7.272938869364186099e-01 9.736483094593549881e-01 1.201649720804619931e-03 -7.396619165925526485e-01
1.067999999999999972e+01 7.256042136101692464e-01 9.737017101096361316e-01 1.198143188812999561e-03 -7.739802551632541938e-01
1.068500000000000050e+01 7.236392388805586995e-01 9.737531415736627727e-01 1.194439786277774924e-03 -7.965312411529616998e-01
1.068999999999999950e+01 7.215807692202551582e-01 9.738024818354409362e-01 1.190567679876397165e-03 -8.071234300589977817e-01
1.069500000000000028e+01 7.193625866578570172e-01 9.738496066983495236e-01 1.186556601757464240e-03 -8.055322399292776936e-01
1.070000000000000107e+01 7.169957053961796278e-01 9.738943892981717365e-01 1.182437682521993508e-03 -7.915053452994500471e-01
1.070500000000000007e+01 7.143795285779277471e-01 9.739366997812637372e-01 1.178243257714512099e-03 -7.647585091441636562e-01
1.071000000000000085e+01 7.115612902545034313e-01 9.739764050613282098e-01 1.174006648219633794e-03 -7.249491527715686834e-01
1.071499999999999986e+01 7.085842744107153646e-01 9.740133686287271164e-01 1.169761913742710250e-03 -6.716971947204751769e-01
1.072000000000000064e+01 7.054685893178576084e-01 9.740474504843019687e-01 1.165543571342584142e-03 -6.045733203003547107e-01
1.072499999999999964e+01 7.021237922211152060e-01 9.740785071516347982e-01 1.161386276200765746e-03 -5.231061178478485507e-01
1.073000000000000043e+01 6.984771034051471261e-01 9.741063919306138796e-01 1.157324466438922582e-03 -4.267447333611091298e-01
1.073499999999999943e+01 6.946247765642871164e-01 9.741309552976168407e-01 1.153391973941637980e-03 -3.148937083589451458e-01
1.074000000000000021e+01 6.904504796837132030e-01 9.741520454334052781e-01 1.149621602167388195e-03 -1.869085362779498993e-01
1.074500000000000099e+01 6.861026681783660708e-01 9.741695090210664709e-01 1.146044679442789066e-03 -4.210979338716727693e-02
1.075000000000000000e+01 6.813689074202639029e-01 9.741831922670943777e-01 1.142690571923335322e-03 1.201512494439719581e-01
1.075500000000000078e+01 6.763056199049611861e-01 9.741929419212639329e-01 1.139586169648363007e-03 3.006012367846231936e-01
1.075999999999999979e+01 6.708209434767886670e-01 9.741986069415373706e-01 1.136755350658168228e-03 4.999324974232833285e-01
1.076500000000000057e+01 6.648790991829848229e-01 9.742000400581095620e-01 1.134218411445796259e-03 7.187399098933263675e-01
1.076999999999999957e+01 6.585671733026747798e-01 9.741970998138556048e-01 1.131991475962342182e-03 9.574912003191455856e-01
1.077500000000000036e+01 6.517647991921848849e-01 9.741896527642579517e-01 1.130085889591913228e-03 1.216490255191374104e+00
1.077999999999999936e+01 6.444192996505488935e-01 9.741775761619341223e-01 1.128507614061793765e-03 1.495769338517166647e+00
1.078500000000000014e+01 6.377442660087999649e-01 9.741607609848889071e-01 1.127256637175922793e-03 1.795083031748633262e+00
1.079000000000000092e+01 6.378145434987453344e-01 9.741391150979721303e-01 1.126326427822539741e-03 2.113782488821679184e+00
1.079499999999999993e+01 6.375661918000374850e-01 9.741125675183173183e-01 1.125703464450622526e-03 2.450720227650610372e+00
1.080000000000000071e+01 6.370858185431155229e-01 9.740810726021817967e-01 1.125366884435542204e-03 2.804166546967937990e+00
1.080499999999999972e+01 6.362522478784983226e-01 9.740446145255023946e-01 1.125288324364643548e-03 3.171733177128757131e+00
1.081000000000000050e+01 6.351264371146229104e-01 9.740032120308664831e-01 1.125432042956371961e-03 3.550332136376919578e+00
1.081499999999999950e+01 6.337249468247904138e-01 9.739569241393961629e-01 1.125755425075590163e-03 3.936177828037867421e+00
1.082000000000000028e+01 6.320221407371011679e-01 9.739058561359917876e-01 1.126209969393685527e-03 4.324784892883699605e+00
1.082500000000000107e+01 6.325224772858271116e-01 9.738501640824945849e-01 1.126742854999358227e-03 4.710998750982162697e+00
1.083000000000000007e+01 6.328429757775709819e-01 9.737900590945560708e-01 1.127299158313797844e-03 5.089191118809808678e+00
1.083500000000000085e+01 6.328642920536863281e-01 9.737258102689057004e-01 1.127824693344426504e-03 5.453522281677118499e+00
1.083999999999999986e+01 6.326488286722419252e-01 9.736577453045993646e-01 1.128269360770668217e-03 5.798224542665066039e+00
1.084500000000000064e+01 6.322322491535058431e-01 9.735862493754684488e-01 1.128590752275489576e-03 6.117966411902462376e+00
1.084999999999999964e+01 6.328764515830025417e-01 9.735117597793713218e-01 1.128757635955195387e-03 6.408230737218787887e+00
1.085500000000000043e+01 6.333564740914333635e-01 9.734347581305158315e-01 1.128752897082053617e-03 6.665638517564720367e+00
1.085999999999999943e+01 6.336951476822753060e-01 9.733557591814401277e-01 1.128575484933318695e-03 6.888187470575306115e+00
1.086500000000000021e+01 6.337479998919552937e-01 9.732752977517601378e-01 1.128241044313673920e-03 7.075341120083079360e+00
1.087000000000000099e+01 6.334905598441734620e-01 9.731939146839447830e-01 1.127781090092912306e-03 7.227961854182883172e+00
1.087500000000000000e+01 6.330562068565548373e-01 9.731121428876221557e-01 1.127240837168720254e-03 7.348100866191812131e+00
1.088000000000000078e+01 6.335398862208554416e-01 9.730304952460820944e-01 1.126676028743445190e-03 7.438677506371146109e+00
1.088499999999999979e+01 6.341000135622452127e-01 9.729494545810188910e-01 1.126149229324726426e-03 7.503131017726892615e+00
1.089000000000000057e+01 6.344236280011105178e-01 9.728694673566763429e-01 1.125726090885426642e-03 7.545076739393206111e+00
1.089499999999999957e+01 6.344870384712762990e-01 9.727909401254390964e-01 1.125472001933162155e-03 7.568031711891892499e+00
1.090000000000000036e+01 6.344040250330910125e-01 9.727142388404490525e-01 1.125449405012029927e-03 7.575229080634202639e+00
1.090499999999999936e+01 6.341162912106573790e-01 9.726396903460433618e-01 1.125715889350019632e-03 7.569523470732311132e+00
1.091000000000000014e+01 6.344880532488846869e-01 9.725675853299620144e-01 1.126323030493739082e-03 7.553371456056171773e+00
1.091500000000000092e+01 6.346920083159975912e-01 9.724981820571527713e-01 1.127315856799933130e-03 7.528863410999435679e+00
1.091999999999999993e+01 6.346585614975178702e-01 9.724317103247220873e-01 1.128732782466330357e-03 7.497782370987675193e+00
1.092500000000000071e+01 6.345366638241572987e-01 9.723683752554311832e-01 1.130605845808648402e-03 7.461669138018092617e+00
1.092999999999999972e+01 6.345569662740937478e-01 9.723083606781595112e-01 1.132961110409424045e-03 7.421878687486332282e+00
1.093500000000000050e+01 6.343991818154960383e-01 9.722518319455245583e-01 1.135819113544687042e-03 7.379618415882932325e+00
1.093999999999999950e+01 6.345139153247680852e-01 9.721989381063582680e-01 1.139195277906347205e-03 7.335963765470046027e+00
1.094500000000000028e+01 6.351091913831400371e-01 9.721498134850239392e-01 1.143100234111836229e-03 7.291849748951865884e+00
1.095000000000000107e+01 6.354699120943873014e-01 9.721045786497708452e-01 1.147540031810702355e-03 7.248041547203520452e+00
1.095500000000000007e+01 6.356319108407360030e-01 9.720633405913471359e-01 1.152516255919692686e-03 7.205100671735745976e+00
1.096000000000000085e+01 6.356034248910271689e-01 9.720261930257657612e-01 1.158026067663453767e-03 7.163334250541993242e+00
1.096499999999999986e+01 6.353765891664334697e-01 9.719932161721713815e-01 1.164062210001252061e-03 7.122751772878022081e+00
1.097000000000000064e+01 6.351096828406677108e-01 9.719644764863861752e-01 1.170613013994191258e-03 7.083032736372795846e+00
1.097499999999999964e+01 6.360582762404450863e-01 9.719400265547085693e-01 1.177662434702456216e-03 7.043511399263913120e+00
1.098000000000000043e+01 6.368819290479250661e-01 9.719199049388047573e-01 1.185190136661292771e-03 7.003187935507189543e+00
1.098499999999999943e+01 6.375330519576598576e-01 9.719041363535319000e-01 1.193171643886558470e-03 6.960761458774067378e+00
1.099000000000000021e+01 6.380982928255666264e-01 9.718927318749683852e-01 1.201578559015099639e-03 6.914688817449309965e+00
1.099500000000000099e+01 6.384317690856402550e-01 9.718856895145632224e-01 1.210378841910577296e-03 6.863253049075560774e+00
1.100000000000000000e+01 6.385950141118683643e-01 9.718829947824104698e-01 1.219537144237380208e-03 6.804659111471528021e+00
1.100500000000000078e+01 6.385200413540373932e-01 9.718846212434693044e-01 1.229015186648270159e-03 6.737131401041937195e+00
1.100999999999999979e+01 6.382068616969415187e-01 9.718905309874780185e-01 1.238772164082260980e-03 6.659012245996631663e+00
1.101500000000000057e+01 6.386776037786850990e-01 9.719006750054970389e-01 1.248765180191538978e-03 6.568848215946164082e+00
1.101999999999999957e+01 6.396585335118547544e-01 9.719149934670671120e-01 1.258949697871637741e-03 6.465462702954738461e+00
1.102500000000000036e+01 6.404581868342896778e-01 9.719334155832188848e-01 1.269279992434344667e-03 6.348005748899076650e+00
1.102999999999999936e+01 6.410628424790754121e-01 9.719558598591006016e-01 1.279709608163298769e-03 6.215953855603502554e+00
1.103500000000000014e+01 6.414295699884298152e-01 9.719822348884615826e-01 1.290191815434203011e-03 6.069138490812460596e+00
1.104000000000000092e+01 6.416969393721539960e-01 9.720124393598801316e-01 1.300680050037648309e-03 5.907689166606814979e+00
1.104499999999999993e+01 6.418082915870331195e-01 9.720463623870518877e-01 1.311128330619576801e-03 5.732006816590310194e+00
1.105000000000000071e+01 6.416907422568450814e-01 9.720838843736100410e-01 1.321491654060675570e-03 5.542722381509350704e+00
1.105499999999999972e+01 6.490941736237817450e-01 9.721248774541453308e-01 1.331726353601267714e-03 5.340642345297093030e+00
1.106000000000000050e+01 6.571658617459770202e-01 9.721692062167646142e-01 1.341790416135645947e-03 5.126724657847581135e+00
1.106499999999999950e+01 6.649678421066383960e-01 9.722167283595503084e-01 1.351643754894605188e-03 4.902046174688330815e+00
1.107000000000000028e+01 6.725494464621970536e-01 9.722672953687332420e-01 1.361248431503269546e-03 4.667765552136495799e+00
1.107500000000000107e+01 6.797439679306607196e-01 9.723207532162213562e-01 1.370568825239401730e-03 4.425100336953551761e+00
1.108000000000000007e+01 6.865610754972731877e-01 9.723769430192505947e-01 1.379571752279738078e-03 4.175311259656178997e+00
1.108500000000000085e+01 6.930387043614453235e-01 9.724357014689595236e-01 1.388226538389671604e-03 3.919672844437338100e+00
1.108999999999999986e+01 6.990911832529010939e-01 9.724968614512938814e-01 1.396505049297825946e-03 3.659457856402461573e+00
1.109500000000000064e+01 7.049530468872117206e-01 9.725602527973236100e-01 1.404381686843869225e-03 3.395968702186277000e+00
1.109999999999999964e+01 7.103878151554111620e-01 9.726257025605141715e-01 1.411833353596271112e-03 3.130528891033126815e+00
1.110500000000000043e+01 7.153923554646534066e-01 9.726930359038018503e-01 1.418839386894188859e-03 2.864392739126062182e+00
1.110999999999999943e+01 7.200619647844780369e-01 9.727620765996984886e-01 1.425381462878492567e-03 2.598770582715114408e+00
1.111500000000000021e+01 7.242964571122065820e-01 9.728326477237573267e-01 1.431443492253756328e-03 2.334765704433094058e+00
1.112000000000000099e+01 7.282247302156062974e-01 9.729045719688984573e-01 1.437011518453898060e-03 2.073545711704384509e+00
1.112500000000000000e+01 7.318387621604615090e-01 9.729776726920998930e-01 1.442073605562776018e-03 1.816167730909489242e+00
1.113000000000000078e+01 7.350357794014680257e-01 9.730517744083835296e-01 1.446619740419358754e-03 1.563598015850067524e+00
1.113499999999999979e+01 7.379182926374303619e-01 9.731267033063725203e-01 1.450641742253590098e-03 1.316711617626036723e+00
1.114000000000000057e+01 7.403942616946496136e-01 9.732022878042485559e-01 1.454133182560784230e-03 1.076307564652565274e+00
1.114499999999999957e+01 7.424934334843059647e-01 9.732783591091268560e-01 1.457089324381162076e-03 8.431199934576723010e-01
1.115000000000000036e+01 7.444184333811177945e-01 9.733547514546403434e-01 1.459507071129697263e-03 6.177682604148204693e-01
1.115499999999999936e+01 7.460047711479200760e-01 9.734313023224168138e-01 1.461384952295943524e-03 4.008304483637069593e-01
1.116000000000000014e+01 7.472964550011487184e-01 9.735078527968133999e-01 1.462723128486163090e-03 1.927925175051987683e-01
1.116500000000000092e+01 7.482992646279666982e-01 9.735842476130323053e-01 1.463523422087166428e-03 -5.930114524651627916e-03
1.116999999999999993e+01 7.489433933176554703e-01 9.736603350688692871e-01 1.463789365062549263e-03 -1.949745376591247581e-01
1.117500000000000071e+01 7.493697037330916411e-01 9.737359669681044938e-01 1.463526254569323453e-03 -3.740342893783027978e-01
1.117999999999999972e+01 7.496418595485653258e-01 9.738109985351283138e-01 1.462741218476127422e-03 -5.428432161309102444e-01
1.118500000000000050e+01 7.496525904985361644e-01 9.738852880812667312e-01 1.461443302452800205e-03 -7.011728634922910208e-01
1.118999999999999950e+01 7.493682637138162628e-01 9.739586968334374983e-01 1.459643567693434197e-03 -8.488269170374287409e-01
1.119500000000000028e+01 7.489156965972653124e-01 9.740310885414328324e-01 1.457355186946427978e-03 -9.856289085953168216e-01
1.120000000000000107e+01 7.481685176920245262e-01 9.741023290538272095e-01 1.454593519374167056e-03 -1.111419150417995549e+00
1.120500000000000007e+01 7.472497855016331236e-01 9.741722859002659440e-01 1.451376171464607585e-03 -1.226048174525707690e+00
1.121000000000000085e+01 7.461854007113155607e-01 9.742408278657157528e-01 1.447723044612112984e-03 -1.329369838829200345e+00
1.121499999999999986e+01 7.449352360950927121e-01 9.743078245071257193e-01 1.443656368515190127e-03 -1.421239372208074281e+00
1.122000000000000064e+01 7.435083868290397469e-01 9.743731456986164385e-01 1.439200715842219773e-03 -1.501507270211771106e+00
1.122499999999999964e+01 7.418447327891547483e-01 9.744366612010595396e-01 1.434382989498256007e-03 -1.570014528420456745e+00
1.123000000000000043e+01 7.399815650121385202e-01 9.744982402017322576e-01 1.429232383856731455e-03 -1.626588135657703438e+00
1.123499999999999943e+01 7.379581816705236275e-01 9.745577510074966421e-01 1.423780316065531744e-03 -1.671034083099472545e+00
1.124000000000000021e+01 7.358619583018906063e-01 9.746150606522474558e-01 1.418060322963454875e-03 -1.703133959384160123e+00
1.124500000000000099e+01 7.335165657993040211e-01 9.746700346013854599e-01 1.412107922489977971e-03 -1.722641695082027358e+00
1.125000000000000000e+01 7.309548693438043809e-01 9.747225364449868534e-01 1.405960441318406451e-03 -1.729278207095835462e+00
1.125500000000000078e+01 7.282071476977621804e-01 9.747724276920680664e-01 1.399656810594602065e-03 -1.722728543482094477e+00
1.125999999999999979e+01 7.251988852180064615e-01 9.748195676350595029e-01 1.393237342383716725e-03 -1.702634842464904708e+00
1.126500000000000057e+01 7.221108584292409427e-01 9.748638133169598152e-01 1.386743473519240271e-03 -1.668591383203244849e+00
1.126999999999999957e+01 7.187993068360848392e-01 9.749050195336524949e-01 1.380217478770194269e-03 -1.620143496289795149e+00
1.127500000000000036e+01 7.152726146099321891e-01 9.749430390231214050e-01 1.373702135053376985e-03 -1.556787472024576902e+00
1.127999999999999936e+01 7.114597783070261139e-01 9.749777226944895681e-01 1.367240344641684150e-03 -1.477967957761518791e+00
1.128500000000000014e+01 7.074144788536463890e-01 9.750089200058081884e-01 1.360874734905010526e-03 -1.383074680562145886e+00
1.129000000000000092e+01 7.030847500343119227e-01 9.750364796082462426e-01 1.354647236222753220e-03 -1.271431580906614567e+00
1.129499999999999993e+01 6.985572695989331615e-01 9.750602501661131960e-01 1.348598632419383686e-03 -1.142332785123772565e+00
1.130000000000000071e+01 6.937048692278844353e-01 9.750800811200405205e-01 1.342768084256750274e-03 -9.950536119321701234e-01
1.130499999999999972e+01 6.885198168818743580e-01 9.750958238509912501e-01 1.337192637188648484e-03 -8.288238499391149539e-01
1.131000000000000050e+01 6.829878246571551292e-01 9.751073329720455485e-01 1.331906707070401250e-03 -6.428852027162966776e-01
1.131499999999999950e+01 6.770173236968496377e-01 9.751144677305161323e-01 1.326941540603638996e-03 -4.365478572512432320e-01
1.132000000000000028e+01 6.706679826238227671e-01 9.751170937330779775e-01 1.322324632278025882e-03 -2.092444708176498247e-01
1.132500000000000107e+01 6.639197256939591840e-01 9.751150848004370708e-01 1.318079116176385998e-03 3.958512069839462133e-02
1.133000000000000007e+01 6.567432261907358848e-01 9.751083252564468618e-01 1.314223134203355457e-03 3.102605260421011923e-01
1.133500000000000085e+01 6.495352946788565118e-01 9.750967125273779512e-01 1.310769194131530552e-03 6.028276107198414779e-01
1.133999999999999986e+01 6.443468489510356667e-01 9.750801598636222867e-01 1.307723543116706992e-03 9.170164430798632971e-01
1.134500000000000064e+01 6.453177259480802341e-01 9.750585997829750440e-01 1.305085571264316766e-03 1.252123845382563827e+00
1.134999999999999964e+01 6.459650573052809763e-01 9.750319877786551848e-01 1.302847285098020919e-03 1.607008666725331603e+00
1.135500000000000043e+01 6.462710992056022175e-01 9.750003066905092997e-01 1.300992919633417759e-03 1.979911676739506188e+00
1.135999999999999943e+01 6.461929194383698727e-01 9.749635716830529208e-01 1.299498775943908578e-03 2.368401778197259056e+00
1.136500000000000021e+01 6.458563652202561345e-01 9.749218348855426264e-01 1.298333375439142488e-03 2.769314174298612485e+00
1.137000000000000099e+01 6.459457932882934905e-01 9.748751903945874764e-01 1.297458032364284895e-03 3.178748782612467405e+00
1.137500000000000000e+01 6.466140013558646649e-01 9.748237796915225628e-01 1.296827947183621862e-03 3.592127831829558637e+00
1.138000000000000078e+01 6.469621778363392472e-01 9.747677967988679359e-01 1.296393923051316656e-03 4.004274278708410684e+00
1.138499999999999979e+01 6.469620707300665075e-01 9.747074909870141468e-01 1.296104724296833627e-03 4.409535340165323447e+00
1.139000000000000057e+01 6.467889477611484805e-01 9.746431681313695305e-01 1.295910008347703115e-03 4.802073679821370789e+00
1.139499999999999957e+01 6.467090490523308421e-01 9.745751893430524282e-01 1.295763628228578223e-03 5.176212274276268843e+00
1.140000000000000036e+01 6.475211672589509249e-01 9.745039663266976682e-01 1.295627030143230943e-03 5.526770892072359054e+00
1.140499999999999936e+01 6.480354816527698070e-01 9.744299542499516020e-01 1.295472362132833039e-03 5.849416610853046095e+00
1.141000000000000014e+01 6.483504227583655188e-01 9.743536407199855365e-01 1.295284861023511232e-03 6.140951804518516077e+00
1.141500000000000092e+01 6.483252333021448655e-01 9.742755333293764419e-01 1.295064148757259833e-03 6.399478611224284741e+00
1.141999999999999993e+01 6.480522957148937557e-01 9.741961458774954785e-01 1.294824206553278362e-03 6.624432282089592228e+00
1.142500000000000071e+01 6.480904597772979558e-01 9.741159853150362924e-01 1.294592055865279858e-03 6.816465671704315277e+00
1.142999999999999972e+01 6.488585164949640660e-01 9.740355406056918630e-01 1.294405393906760283e-03 6.977224385968375131e+00
1.143500000000000050e+01 6.493274680094913709e-01 9.739552741265954383e-01 1.294309595334255632e-03 7.109064975799631370e+00
1.143999999999999950e+01 6.495540080223565216e-01 9.738756164953497052e-01 1.294354550237105392e-03 7.214762563185404431e+00
1.144500000000000028e+01 6.495069012687422205e-01 9.737969644064907726e-01 1.294591735429623334e-03 7.297258250904850030e+00
1.145000000000000107e+01 6.492091919845773829e-01 9.737196808111407975e-01 1.295071796195343449e-03 7.359479024049527141e+00
1.145500000000000007e+01 6.494117740299802932e-01 9.736440972095946611e-01 1.295842748402585738e-03 7.404217427651262007e+00
1.146000000000000085e+01 6.497442333700315098e-01 9.735705165737751354e-01 1.296948787177077018e-03 7.434076780595954226e+00
1.146499999999999986e+01 6.497832380288984799e-01 9.734992165980675960e-01 1.298429615723121610e-03 7.451459673764111002e+00
1.147000000000000064e+01 6.498048932537517919e-01 9.734304527791135531e-01 1.300320176770311271e-03 7.458581211176440462e+00
1.147499999999999964e+01 6.498154242881102327e-01 9.733644610877341119e-01 1.302650664005885247e-03 7.457489335402097907e+00
1.148000000000000043e+01 6.496611177936643111e-01 9.733014601332973248e-01 1.305446691181868504e-03 7.450078561582196279e+00
1.148499999999999943e+01 6.496140546769451074e-01 9.732416527681676532e-01 1.308729504991849781e-03 7.438088043402870220e+00
1.149000000000000021e+01 6.501639302002607534e-01 9.731852271341020488e-01 1.312516150483722171e-03 7.423079890425502647e+00
1.149500000000000099e+01 6.504319099334180398e-01 9.731323571765524427e-01 1.316819537543484006e-03 7.406398976515774280e+00
1.150000000000000000e+01 6.505295930372755331e-01 9.730832027444654697e-01 1.321648398036113971e-03 7.389118657433358273e+00
1.150500000000000078e+01 6.504869175037202300e-01 9.730379093355128184e-01 1.327007151048163183e-03 7.371982024386964483e+00
1.150999999999999979e+01 6.502262539807379671e-01 9.729966074063245429e-01 1.332895723231037948e-03 7.355356827647542950e+00
1.151500000000000057e+01 6.498343606354196611e-01 9.729594120312277106e-01 1.339309361035917858e-03 7.339197792426375599e+00
1.151999999999999957e+01 6.508422298032897624e-01 9.729264223771074693e-01 1.346238482128051060e-03 7.323036999866053165e+00
1.152500000000000036e+01 6.516158338363667868e-01 9.728977213905229959e-01 1.353668599702281252e-03 7.306003317608960046e+00
1.152999999999999936e+01 6.522914355506207462e-01 9.728733757956921080e-01 1.361580336847659396e-03 7.286869177815431087e+00
1.153500000000000014e+01 6.527020837429949873e-01 9.728534362456759954e-01 1.369949532766141179e-03 7.264124518651808415e+00
1.154000000000000092e+01 6.529261765450607991e-01 9.728379377749177825e-01 1.378747441606683558e-03 7.236064438712508817e+00
1.154499999999999993e+01 6.528837480368622215e-01 9.728269004714852342e-01 1.387941013063058622e-03 7.200885646259159500e+00
1.155000000000000071e+01 6.525780807489777180e-01 9.728203300934673559e-01 1.397493242833483876e-03 7.156773884385474460e+00
1.155499999999999972e+01 6.521785213568010997e-01 9.728182192256583649e-01 1.407363570412354303e-03 7.101983947277178189e+00
1.156000000000000050e+01 6.529444280548654111e-01 9.728205477868283602e-01 1.417508315443017242e-03 7.034918007337748413e+00
1.156499999999999950e+01 6.538009776304936072e-01 9.728272838048325211e-01 1.427881130060679659e-03 6.954182704695046624e+00
1.157000000000000028e+01 6.544421443031304131e-01 9.728383836685109420e-01 1.438433466529174479e-03 6.858638734175428908e+00
1.157500000000000107e+01 6.547986527246136834e-01 9.728537924022682137e-01 1.449115059253166127e-03 6.747429323615129704e+00
1.158000000000000007e+01 6.549337121902510939e-01 9.728734435669593728e-01 1.459874417805953574e-03 6.620009274728496429e+00
1.158500000000000085e+01 6.549727171047542429e-01 9.728972590826178157e-01 1.470659320835643671e-03 6.476130717790351987e+00
1.158999999999999986e+01 6.548207075364108620e-01 9.729251495658665094e-01 1.481417323233219768e-03 6.315835618353985659e+00
1.159500000000000064e+01 6.545049982686813594e-01 9.729570150939700346e-01 1.492096258294863193e-03 6.139441539995397434e+00
1.159999999999999964e+01 6.544886799020237511e-01 9.729927448658892697e-01 1.502644713455253238e-03 5.947483369824311694e+00
1.160500000000000043e+01 6.553444847431653120e-01 9.730322182378925433e-01 1.513012490844303781e-03 5.740697193611798532e+00
1.160999999999999943e+01 6.608328394811676665e-01 9.730753050813428784e-01 1.523151033848017203e-03 5.519972158496269543e+00
1.161500000000000021e+01 6.690902537567813280e-01 9.731218665503816867e-01 1.533013806516930451e-03 5.286329020241808507e+00
1.162000000000000099e+01 6.771418935146906737e-01 9.731717557692691756e-01 1.542556618269227313e-03 5.040907045782284435e+00
1.162500000000000000e+01 6.847976815677546680e-01 9.732248185334269053e-01 1.551737886319110634e-03 4.784935231094514130e+00
1.163000000000000078e+01 6.920517640902447143e-01 9.732808940869311920e-01 1.560518840478474899e-03 4.519707771957800269e+00
1.163499999999999979e+01 6.989784295843357587e-01 9.733398159264775584e-01 1.568863681467514131e-03 4.246573233414762782e+00
1.164000000000000057e+01 7.054608312439122342e-01 9.734014123473110347e-01 1.576739697778193044e-03 3.966898039938913545e+00
1.164499999999999957e+01 7.116144296474630204e-01 9.734655071719744424e-01 1.584117330047032793e-03 3.682082176029204845e+00
1.165000000000000036e+01 7.174474257716993986e-01 9.735319205043460045e-01 1.590970181941776460e-03 3.393568100767855977e+00
1.165499999999999936e+01 7.228502082946745011e-01 9.736004692077732114e-01 1.597274990205373082e-03 3.102817234486949349e+00
1.166000000000000014e+01 7.278761124772916702e-01 9.736709678223210984e-01 1.603011559036568879e-03 2.811227162896787757e+00
1.166500000000000092e+01 7.324400117322754644e-01 9.737432291303615983e-01 1.608162676709506793e-03 2.520136413159636657e+00
1.166999999999999993e+01 7.365897356451140965e-01 9.738170647314866590e-01 1.612714034941230799e-03 2.230836752795822164e+00
1.167500000000000071e+01 7.403513484959309832e-01 9.738922856715981347e-01 1.616654126799631263e-03 1.944656552552361140e+00
1.167999999999999972e+01 7.438336070199133010e-01 9.739687034133589494e-01 1.619974121110329384e-03 1.662781786051405364e+00
1.168500000000000050e+01 7.469457945563330314e-01 9.740461302035007263e-01 1.622667739685651218e-03 1.386312322859988955e+00
1.168999999999999950e+01 7.496187474305209264e-01 9.741243796506606767e-01 1.624731129781153190e-03 1.116237988059542774e+00
1.169500000000000028e+01 7.519659292130874695e-01 9.742032673824275735e-01 1.626162752405546728e-03 8.534968258252699780e-01
1.170000000000000107e+01 7.539250791463126822e-01 9.742826113950666667e-01 1.626963279706577928e-03 5.988837395094285254e-01
1.170500000000000007e+01 7.554832675882470205e-01 9.743622322912292022e-01 1.627135528890996143e-03 3.531414015492200242e-01
1.171000000000000085e+01 7.568289165301055332e-01 9.744419537959659872e-01 1.626684412833654184e-03 1.168944079209021658e-01
1.171499999999999986e+01 7.578980035294567985e-01 9.745216028471538339e-01 1.625616900882624876e-03 -1.093159768196926424e-01
1.172000000000000064e+01 7.586682121140539969e-01 9.746010095620784019e-01 1.623941995505531147e-03 -3.250222287335381433e-01
1.172499999999999964e+01 7.590795858771498539e-01 9.746800073345118776e-01 1.621670712604358737e-03 -5.298295140454314378e-01
1.173000000000000043e+01 7.592292641354571048e-01 9.747584328230017858e-01 1.618816106304373859e-03 -7.233994718349683328e-01
1.173499999999999943e+01 7.590940655855988872e-01 9.748361257452436979e-01 1.615393316755933456e-03 -9.054479523952664310e-01
1.174000000000000021e+01 7.586862583752730371e-01 9.749129287904305663e-01 1.611419617827188283e-03 -1.075735199516078433e+00
1.174500000000000099e+01 7.581441201694864018e-01 9.749886873711705038e-01 1.606914444600479564e-03 -1.234045222578421974e+00
1.175000000000000000e+01 7.573299254835171856e-01 9.750632491919078992e-01 1.601899407969375458e-03 -1.380190910416565719e+00
1.175500000000000078e+01 7.563101732882570039e-01 9.751364639418089730e-01 1.596398320962717516e-03 -1.514003466736074444e+00
1.175999999999999979e+01 7.550080570571943150e-01 9.752081829331022966e-01 1.590437225707319688e-03 -1.635326333426546430e+00
1.176500000000000057e+01 7.534913504725858635e-01 9.752782587065120801e-01 1.584044403859369505e-03 -1.744010115703928943e+00
1.176999999999999957e+01 7.517507905347882158e-01 9.753465447081632878e-01 1.577250367839891018e-03 -1.839903172709606904e+00
1.177500000000000036e+01 7.499001341255471242e-01 9.754128949058314957e-01 1.570087824572117359e-03 -1.922845850773767795e+00
1.177999999999999936e+01 7.478317630321700271e-01 9.754771635363765903e-01 1.562591618824420636e-03 -1.992665449457528659e+00
1.178500000000000014e+01 7.455281024723217076e-01 9.755392048500869384e-01 1.554798646880442038e-03 -2.049172408217726726e+00
1.179000000000000092e+01 7.430386086466548301e-01 9.755988728353498507e-01 1.546747737449838834e-03 -2.092156641731289568e+00
1.179499999999999993e+01 7.402891085063822985e-01 9.756560209755038571e-01 1.538479498763883641e-03 -2.121382165055776259e+00
1.180000000000000071e+01 7.373450878038880774e-01 9.757105021276045731e-01 1.530036131314342672e-03 -2.136581883475411114e+00
1.180499999999999972e+01 7.342617025543360931e-01 9.757621683860491224e-01 1.521461215237708510e-03 -2.137454442542416011e+00
1.181000000000000050e+01 7.309773686353516764e-01 9.758108710783871542e-01 1.512799475658688437e-03 -2.123661288326320395e+00
1.181499999999999950e+01 7.274289794617052607e-01 9.758564608569725296e-01 1.504096507893208732e-03 -2.094816711585716362e+00
1.182000000000000028e+01 7.237438299623402127e-01 9.758987877763896090e-01 1.495398441313968655e-03 -2.050494306003989742e+00
1.182500000000000107e+01 7.197759293538812386e-01 9.759377015718194714e-01 1.486751565264271503e-03 -1.990218870815303243e+00
1.183000000000000007e+01 7.155168361627703977e-01 9.759730520780659502e-01 1.478201929817520889e-03 -1.913463239344650235e+00
1.183500000000000085e+01 7.110234646692331628e-01 9.760046897317520287e-01 1.469794937985283807e-03 -1.819653642243635350e+00
1.183999999999999986e+01 7.062521869015632170e-01 9.760324661980990246e-01 1.461574912407961457e-03 -1.708180179977540236e+00
1.184500000000000064e+01 7.012637393716711909e-01 9.760562351085475541e-01 1.453584651691354913e-03 -1.578390674523127313e+00
1.184999999999999964e+01 6.958755560571686649e-01 9.760758529691253571e-01 1.445864980884308069e-03 -1.429584543532217644e+00
1.185500000000000043e+01 6.902132515988876893e-01 9.760911803709468870e-01 1.438454285088358120e-03 -1.261073695388934768e+00
1.185999999999999943e+01 6.845326889253255942e-01 9.761020832088040944e-01 1.431388011740922488e-03 -1.072173498083159870e+00
1.186500000000000021e+01 6.794800472516611123e-01 9.761084342380881296e-01 1.424698137676828989e-03 -8.622170799960905407e-01
1.187000000000000099e+01 6.740223686370573342e-01 9.761101148090289836e-01 1.418412604167772857e-03 -6.306449774934115293e-01
1.187500000000000000e+01 6.681428817685099997e-01 9.761070164943932426e-01 1.412554716716165042e-03 -3.770901695352880667e-01
1.188000000000000078e+01 6.618863186177424973e-01 9.760990433274036038e-01 1.407142531270940767e-03 -1.012281729024039484e-01
1.188499999999999979e+01 6.553889402809396358e-01 9.760861144172561232e-01 1.402188230644794021e-03 1.969542083763196616e-01
1.189000000000000057e+01 6.565570123003680036e-01 9.760681669096002988e-01 1.397697505808098359e-03 5.171248603167362123e-01
1.189499999999999957e+01 6.579109572347818791e-01 9.760451591249521552e-01 1.393668983410990044e-03 8.585411098679592845e-01
1.190000000000000036e+01 6.587865268341047686e-01 9.760170746152396770e-01 1.390093761511931869e-03 1.219997730745666864e+00
1.190499999999999936e+01 6.592109179801163288e-01 9.759839260563619723e-01 1.386955136126185456e-03 1.599728995860325576e+00
1.191000000000000014e+01 6.592313493889508935e-01 9.759457605931606272e-01 1.384228583793044223e-03 1.995300951844899418e+00
1.191500000000000092e+01 6.588803799757291246e-01 9.759026639463207475e-01 1.381882086534067964e-03 2.403577029543105148e+00
1.191999999999999993e+01 6.585123143166180526e-01 9.758547651752260688e-01 1.379876923679817678e-03 2.820727176176892836e+00
1.192500000000000071e+01 6.593672671041141964e-01 9.758022402903245851e-01 1.378169019545289267e-03 3.242294184751444153e+00
1.192999999999999972e+01 6.597669629249286460e-01 9.757453167398573157e-01 1.376710872003552655e-03 3.663333271984068329e+00
1.193500000000000050e+01 6.598727335069927147e-01 9.756842735612799578e-01 1.375453996516414965e-03 4.078544794906072468e+00
1.193999999999999950e+01 6.595852195031288723e-01 9.756194404285832844e-01 1.374351761611226561e-03 4.482528025428643481e+00
1.194500000000000028e+01 6.594192499108694205e-01 9.755511931973597228e-01 1.373362405377340787e-03 4.870119033350921001e+00
1.195000000000000107e+01 6.604253434333046124e-01 9.754799465145769233e-01 1.372451912087105722e-03 5.236687695194695458e+00
1.195500000000000007e+01 6.611067507625688622e-01 9.754061442045823815e-01 1.371596370787894195e-03 5.578398228284307869e+00
1.196000000000000085e+01 6.614245561298034426e-01 9.753302475638051527e-01 1.370783449149034139e-03 5.892400675157856149e+00
1.196499999999999986e+01 6.613691084399689890e-01 9.752527228727680964e-01 1.370012781281839884e-03 6.176911869499146945e+00
1.197000000000000064e+01 6.609103265830930107e-01 9.751740298968768483e-01 1.369295253342700958e-03 6.431184892506455419e+00
1.197499999999999964e+01 6.609382368583541778e-01 9.750946121154230317e-01 1.368651372389625455e-03 6.655393270011513707e+00
1.198000000000000043e+01 6.617979136459835043e-01 9.750148899788428913e-01 1.368109056345042079e-03 6.850454649837541155e+00
1.198499999999999943e+01 6.623126708368299864e-01 9.749352572771817771e-01 1.367701218547409149e-03 7.017842956870955717e+00
1.199000000000000021e+01 6.625266350808012294e-01 9.748560802312362661e-01 1.367463486817957225e-03 7.159418012328026215e+00
1.199500000000000099e+01 6.623020074101502175e-01 9.747776989009843129e-01 1.367432277559832779e-03 7.277287055473149024e+00
1.200000000000000000e+01 6.617897338500948745e-01 9.747004298914487830e-01 1.367643310005382893e-03 7.373702652814555947e+00
1.200500000000000078e+01 6.623245425140806830e-01 9.746245691824303448e-01 1.368130560378296888e-03 7.451002883912747343e+00
1.200999999999999979e+01 6.625350997449770407e-01 9.745503952689926752e-01 1.368925621259254981e-03 7.511565129231958515e+00
1.201500000000000057e+01 6.624370354030393315e-01 9.744781715338973749e-01 1.370057395094654087e-03 7.557776027421946985e+00
1.201999999999999957e+01 6.621850286180140932e-01 9.744081480674553486e-01 1.371552041825143883e-03 7.592004031538693631e+00
1.202500000000000036e+01 6.619304489699753269e-01 9.743405628862822354e-01 1.373433061639873620e-03 7.616565237353532858e+00
1.203000000000000114e+01 6.615278625795460998e-01 9.742756425685663579e-01 1.375721389735118198e-03 7.633674792518827523e+00
1.203500000000000014e+01 6.621385533224276587e-01 9.742136023456986482e-01 1.378435405600107874e-03 7.645381227960675652e+00
1.204000000000000092e+01 6.625963995761686709e-01 9.741546457411878190e-01 1.381590808779531877e-03 7.653487439677062909e+00
1.204499999999999993e+01 6.627154535499130139e-01 9.740989638803501105e-01 1.385200360686679802e-03 7.659467564468438461e+00
1.205000000000000071e+01 6.625033641265298812e-01 9.740467345962545709e-01 1.389273528809725723e-03 7.664391953641671584e+00
1.205499999999999972e+01 6.622019443196696109e-01 9.739981215322158770e-01 1.393816088159320100e-03 7.668871058592207746e+00
1.206000000000000050e+01 6.616027027128736915e-01 9.739532732988105401e-01 1.398829736497682157e-03 7.673028980541914734e+00
1.206499999999999950e+01 6.622590781103068203e-01 9.739123226502113262e-01 1.404311782076545119e-03 7.676518489537225598e+00
1.207000000000000028e+01 6.632703963179196194e-01 9.738753862822113749e-01 1.410254924226354411e-03 7.678562589301841435e+00
1.207500000000000107e+01 6.639272211896912745e-01 9.738425646578596773e-01 1.416647142702962556e-03 7.678029272080322265e+00
1.208000000000000007e+01 6.643752471569863705e-01 9.738139421278455554e-01 1.423471694684020098e-03 7.673526778177642171e+00
1.208500000000000085e+01 6.645715855693320462e-01 9.737895873042267114e-01 1.430707209200675258e-03 7.663505628602885089e+00
1.208999999999999986e+01 6.644456008697673388e-01 9.737695536066068858e-01 1.438327862060501637e-03 7.646357343235062665e+00
1.209500000000000064e+01 6.640863174152800141e-01 9.737538798891980374e-01 1.446303619976815023e-03 7.620497210997849713e+00
1.209999999999999964e+01 6.634129031766694551e-01 9.737425912167864128e-01 1.454600535070283557e-03 7.584425417691185167e+00
1.210500000000000043e+01 6.635733157091509016e-01 9.737356995005237437e-01 1.463181075540933131e-03 7.536768187635527028e+00
1.210999999999999943e+01 6.645446887681167869e-01 9.737332043151498695e-01 1.472004475369475618e-03 7.476290614039132976e+00
1.211500000000000021e+01 6.652050482404260334e-01 9.737350934014880055e-01 1.481027103055183956e-03 7.401915863424171960e+00
1.212000000000000099e+01 6.656426226155620629e-01 9.737413429175911794e-01 1.490202849247511657e-03 7.312735833175618261e+00
1.212500000000000000e+01 6.657225270600454214e-01 9.737519175834642438e-01 1.499483533674045082e-03 7.208022190409424823e+00
1.213000000000000078e+01 6.655018276120215903e-01 9.737667705795072237e-01 1.508819342051554400e-03 7.087237137740975079e+00
1.213499999999999979e+01 6.652545020143034726e-01 9.737858434389509155e-01 1.518159288162751301e-03 6.950043875461629383e+00
1.214000000000000057e+01 6.647589813080531096e-01 9.738090656819762270e-01 1.527451690148168197e-03 6.796328399635870099e+00
1.214499999999999957e+01 6.646808243785833348e-01 9.738363546513800761e-01 1.536644653822255221e-03 6.626171241596873429e+00
1.215000000000000036e+01 6.657097206409895440e-01 9.738676160843782181e-01 1.545686580623409053e-03 6.439873860881668577e+00
1.215500000000000114e+01 6.664092349532855231e-01 9.739027446598286231e-01 1.554526659994511385e-03 6.237931077984344874e+00
1.216000000000000014e+01 6.668621391903449824e-01 9.739416237647346986e-01 1.563115340670474156e-03 6.021003091522532102e+00
1.216500000000000092e+01 6.670003670193942469e-01 9.739841266624622573e-01 1.571404775620422909e-03 5.789913468008934139e+00
1.216999999999999993e+01 6.725749336288481262e-01 9.740301167582630093e-01 1.579349214059312233e-03 5.545610753804194104e+00
1.217500000000000071e+01 6.806133191433682006e-01 9.740794483946693116e-01 1.586905350565118167e-03 5.289173152505322939e+00
1.217999999999999972e+01 6.882605877293879182e-01 9.741319675648580922e-01 1.594032638317960772e-03 5.021797061037245768e+00
1.218500000000000050e+01 6.955911213391506864e-01 9.741875126514631944e-01 1.600693555729931512e-03 4.744771645310955854e+00
1.218999999999999950e+01 7.025139890151639310e-01 9.742459152531958155e-01 1.606853811056535835e-03 4.459460498507547221e+00
1.219500000000000028e+01 7.089911942998928795e-01 9.743070009868384229e-01 1.612482480070764976e-03 4.167279584914598267e+00
1.220000000000000107e+01 7.151353297904894379e-01 9.743705900204698844e-01 1.617552091747227836e-03 3.869676164536536955e+00
1.220500000000000007e+01 7.209002222978067032e-01 9.744364980299158319e-01 1.622038675645390889e-03 3.568165942378602740e+00
1.221000000000000085e+01 7.263745128746497137e-01 9.745045365165003748e-01 1.625921784844869006e-03 3.264314643301362562e+00
1.221499999999999986e+01 7.313800339744399581e-01 9.745745138774790650e-01 1.629184478741810401e-03 2.959635706329025506e+00
1.222000000000000064e+01 7.359317657780041211e-01 9.746462360263741243e-01 1.631813258354735795e-03 2.655599721808389102e+00
1.222499999999999964e+01 7.401144895505714638e-01 9.747195070564418362e-01 1.633797963486411080e-03 2.353579915660984234e+00
1.223000000000000043e+01 7.438275890423718950e-01 9.747941296113824539e-01 1.635131673066130345e-03 2.055041241817911146e+00
1.223499999999999943e+01 7.471539536683206029e-01 9.748699060767085367e-01 1.635810537761736528e-03 1.761300036428739002e+00
1.224000000000000021e+01 7.501879620288366413e-01 9.749466390124797988e-01 1.635833629401114075e-03 1.473581163434833918e+00
1.224500000000000099e+01 7.528507446047084661e-01 9.750241317242516192e-01 1.635202792531564777e-03 1.192979383187514175e+00
1.225000000000000000e+01 7.551179653903156153e-01 9.751021888696429496e-01 1.633922512060992892e-03 9.205340394739578436e-01
1.225500000000000078e+01 7.569583300281940152e-01 9.751806170166268384e-01 1.631999792075955035e-03 6.571439510645064042e-01
1.225999999999999979e+01 7.584736920374032243e-01 9.752592248214350112e-01 1.629444028863202051e-03 4.036236749679411040e-01
1.226500000000000057e+01 7.595949516944849877e-01 9.753378233997820335e-01 1.626266884014399786e-03 1.606840649930398324e-01
1.226999999999999957e+01 7.604498948823938953e-01 9.754162266889971900e-01 1.622482185189268612e-03 -7.107571003342422200e-02
1.227500000000000036e+01 7.610354004023077712e-01 9.754942513793281034e-01 1.618105874271813689e-03 -2.911290263503483189e-01
1.228000000000000114e+01 7.612895636479063421e-01 9.755717170137528926e-01 1.613155990440250011e-03 -4.990394224652875965e-01
1.228500000000000014e+01 7.612618816010920941e-01 9.756484461835015498e-01 1.607652632870563243e-03 -6.944299616607935155e-01
1.229000000000000092e+01 7.608782276436883985e-01 9.757242642884300654e-01 1.601617918149269345e-03 -8.769815990895282187e-01
1.229499999999999993e+01 7.602319934010591806e-01 9.757989994637534803e-01 1.595075948539490928e-03 -1.046427600164639760e+00
1.230000000000000071e+01 7.593074486794078037e-01 9.758724823759237221e-01 1.588052807213271439e-03 -1.202533334260017739e+00
1.230499999999999972e+01 7.582525850840914350e-01 9.759445459384634702e-01 1.580576556392468759e-03 -1.345089653973155830e+00
1.231000000000000050e+01 7.569039049230090743e-01 9.760150250048761356e-01 1.572677223777889420e-03 -1.473909533301288155e+00
1.231499999999999950e+01 7.552741872907529075e-01 9.760837561585092859e-01 1.564386770114474003e-03 -1.588818816424199420e+00
1.232000000000000028e+01 7.534393672620182114e-01 9.761505774852611284e-01 1.555739046284112170e-03 -1.689649680685411548e+00
1.232500000000000107e+01 7.513024653005497822e-01 9.762153283071522969e-01 1.546769735077273712e-03 -1.776234140784992865e+00
1.233000000000000007e+01 7.489489876114334699e-01 9.762778489500697487e-01 1.537516271121329436e-03 -1.848396468003031812e+00
1.233500000000000085e+01 7.464274955363709996e-01 9.763379804858028921e-01 1.528017730995679790e-03 -1.905945573054521391e+00
1.233999999999999986e+01 7.437324989089290073e-01 9.763955645778397141e-01 1.518314692020313874e-03 -1.948671155663600274e+00
1.234500000000000064e+01 7.407382900934391667e-01 9.764504433272983563e-01 1.508449060150291246e-03 -1.976340732033285530e+00
1.234999999999999964e+01 7.374920065473542508e-01 9.765024591572264434e-01 1.498463878256067489e-03 -1.988695121401449883e+00
1.235500000000000043e+01 7.340322281605389243e-01 9.765514547839585502e-01 1.488403111055408047e-03 -1.985445945814990454e+00
1.235999999999999943e+01 7.303278148995167030e-01 9.765972733354952862e-01 1.478311382021348748e-03 -1.966265644627290587e+00
1.236500000000000021e+01 7.264856244658794981e-01 9.766397583865692456e-01 1.468233647899505091e-03 -1.930792554184991516e+00
1.237000000000000099e+01 7.223372691402263346e-01 9.766787542666165445e-01 1.458214846474959999e-03 -1.878623395474263935e+00
1.237500000000000000e+01 7.178217560701199984e-01 9.767141064744744305e-01 1.448299522544423644e-03 -1.809309341049011755e+00
1.238000000000000078e+01 7.131468330848683701e-01 9.767456621346739531e-01 1.438531445564646648e-03 -1.722359691930815506e+00
1.238499999999999979e+01 7.081752926929920644e-01 9.767732706549578925e-01 1.428953201013257205e-03 -1.617251112561243209e+00
1.239000000000000057e+01 7.029043487428402459e-01 9.767967844013575318e-01 1.419605775080983118e-03 -1.493432998062245165e+00
1.239499999999999957e+01 6.973823648157361221e-01 9.768160595269196333e-01 1.410528137068331380e-03 -1.350303638806495954e+00
1.240000000000000036e+01 6.915213837897876692e-01 9.768309572390121431e-01 1.401756795166253034e-03 -1.187260931287823063e+00
1.240500000000000114e+01 6.855601141199786364e-01 9.768413449251206471e-01 1.393325315634296423e-03 -1.003726217386511799e+00
1.241000000000000014e+01 6.802721979269470420e-01 9.768470976777059445e-01 1.385263809347880241e-03 -7.991205569056163416e-01
1.241500000000000092e+01 6.746408894701944048e-01 9.768481000422893912e-01 1.377598383815418961e-03 -5.729482245627149917e-01
1.241999999999999993e+01 6.685553389247239631e-01 9.768442475980984030e-01 1.370350562698362511e-03 -3.249223938233259945e-01
1.242500000000000071e+01 6.620293180855457704e-01 9.768354490649233668e-01 1.363536685021662052e-03 -5.478282175977308710e-02
1.242999999999999972e+01 6.578997165740687603e-01 9.768216289966724641e-01 1.357167299722617437e-03 2.374625273058833808e-01
1.243500000000000050e+01 6.592195358337895605e-01 9.768027307689427507e-01 1.351246561489431080e-03 5.514672509552193125e-01
1.243999999999999950e+01 6.600751919398700762e-01 9.767787196855559628e-01 1.345771685970863175e-03 8.865048860914409579e-01
1.244500000000000028e+01 6.603996772848537145e-01 9.767495870418130277e-01 1.340732531517041396e-03 1.241408632707230231e+00
1.245000000000000107e+01 6.615466485815562070e-01 9.767153539908740578e-01 1.336111376154961632e-03 1.614494420047507539e+00
1.245500000000000007e+01 6.626036020298253781e-01 9.766760768517884772e-01 1.331882954721334920e-03 2.003443143352050537e+00
1.246000000000000085e+01 6.631210414455350755e-01 9.766318511048032169e-01 1.328014849798562873e-03 2.405274222541936346e+00
1.246499999999999986e+01 6.631429449546371035e-01 9.765828159512267570e-01 1.324468366556834018e-03 2.816356373618979614e+00
1.247000000000000064e+01 6.627979564229897758e-01 9.765291575362428089e-01 1.321199959157785429e-03 3.232476793073134402e+00
1.247499999999999964e+01 6.619832768206218576e-01 9.764711129359221475e-01 1.318163204965661431e-03 3.648982241433743834e+00
1.248000000000000043e+01 6.621391595203440783e-01 9.764089696305932042e-01 1.315311253165364755e-03 4.060908207251190838e+00
1.248499999999999943e+01 6.626452550247332596e-01 9.763430637135455115e-01 1.312599621999030203e-03 4.463214206163264919e+00
1.249000000000000021e+01 6.628363570137612015e-01 9.762737746194547483e-01 1.309989121329351632e-03 4.851098622495375601e+00
1.249500000000000099e+01 6.625620745109201959e-01 9.762015169845614793e-01 1.307448558475509878e-03 5.220263735920547710e+00
1.250000000000000000e+01 6.618739458225095795e-01 9.761267304979613924e-01 1.304956852695894707e-03 5.567134511705450706e+00
1.250500000000000078e+01 6.630050854618664280e-01 9.760498682074538745e-01 1.302504229930194577e-03 5.889007304067059856e+00
1.250999999999999979e+01 6.639049506228115183e-01 9.759713843197814764e-01 1.300092352334776893e-03 6.184099057275623146e+00
1.251500000000000057e+01 6.643148456946108560e-01 9.758917236413893193e-01 1.297733428029441234e-03 6.451500263118175482e+00
1.251999999999999957e+01 6.642761973625003202e-01 9.758113129778470674e-01 1.295448522088709763e-03 6.691067439041609610e+00
1.252500000000000036e+01 6.638908248628918596e-01 9.757305557638602522e-01 1.293265415318852266e-03 6.903276922225072276e+00
1.253000000000000114e+01 6.631211995440969842e-01 9.756498298140919845e-01 1.291216363718928218e-03 7.089082877606755595e+00
1.253500000000000014e+01 6.640098581084585838e-01 9.755694874601967825e-01 1.289336044933653454e-03 7.249802212175569416e+00
1.254000000000000092e+01 6.646671919779240101e-01 9.754898576595331106e-01 1.287659860242617183e-03 7.387027719468817644e+00
1.254499999999999993e+01 6.648849799089354695e-01 9.754112489192428015e-01 1.286222639910516129e-03 7.502568992956299532e+00
1.255000000000000071e+01 6.647175800010673985e-01 9.753339521587237604e-01 1.285057744323955158e-03 7.598415551578865390e+00
1.255499999999999972e+01 6.642548059097809210e-01 9.752582433146828045e-01 1.284196537960960102e-03 7.676708724306480214e+00
1.256000000000000050e+01 6.646435186981352050e-01 9.751843854040768145e-01 1.283668166741687260e-03 7.739707898940387132e+00
1.256499999999999950e+01 6.649638104404193006e-01 9.751126298467569509e-01 1.283499547291719334e-03 7.789749366297051836e+00
1.257000000000000028e+01 6.648565543724856974e-01 9.750432172151128896e-01 1.283715436055846105e-03 7.829187657865885441e+00
1.257500000000000107e+01 6.644543387188148742e-01 9.749763774169277752e-01 1.284338452002664784e-03 7.860315676299132193e+00
1.258000000000000007e+01 6.637917415031170387e-01 9.749123293870910478e-01 1.285388970770799623e-03 7.885266167414636485e+00
1.258500000000000085e+01 6.628639358267127690e-01 9.748512803901406842e-01 1.286884867388891907e-03 7.905903960934101526e+00
1.258999999999999986e+01 6.637141507999542167e-01 9.747934250822428703e-01 1.288841132456817204e-03 7.923723165691382242e+00
1.259500000000000064e+01 6.642394537495988072e-01 9.747389444739180675e-01 1.291269418132908776e-03 7.939764272326096162e+00
1.259999999999999964e+01 6.644704901606424130e-01 9.746880050145780849e-01 1.294177579720172562e-03 7.954561577290498953e+00
1.260500000000000043e+01 6.644401391578101945e-01 9.746407577293574320e-01 1.297569270426014417e-03 7.968132356253880388e+00
1.260999999999999943e+01 6.640425384822701282e-01 9.745973375965208962e-01 1.301443640215781215e-03 7.980010343233110426e+00
1.261500000000000021e+01 6.633976261762721816e-01 9.745578634223983627e-01 1.305795144663504052e-03 7.989309410528243838e+00
1.262000000000000099e+01 6.633299954684510613e-01 9.745224378100449947e-01 1.310613472760268402e-03 7.994817003700532609e+00
1.262500000000000000e+01 6.645470700281331800e-01 9.744911473899526833e-01 1.315883581717105805e-03 7.995102238994922672e+00
1.263000000000000078e+01 6.655601003884437095e-01 9.744640632755600107e-01 1.321585822334888239e-03 7.988622752595952115e+00
1.263499999999999979e+01 6.661744429400932033e-01 9.744412416643264407e-01 1.327696132339078235e-03 7.973820169265064983e+00
1.264000000000000057e+01 6.664159702733133406e-01 9.744227244592933435e-01 1.334186284872182927e-03 7.949193864116844921e+00
1.264499999999999957e+01 6.663176304410192152e-01 9.744085399900122013e-01 1.341024175861383737e-03 7.913349198379425076e+00
1.265000000000000036e+01 6.658334325267497578e-01 9.743987036350616471e-01 1.348174141464096457e-03 7.865027686682821262e+00
1.265500000000000114e+01 6.652434544391369053e-01 9.743932183494188326e-01 1.355597296124418441e-03 7.803110266321735544e+00
1.266000000000000014e+01 6.644175146503999985e-01 9.743920752440303756e-01 1.363251891779027145e-03 7.726625735984938181e+00
1.266500000000000092e+01 6.653635605870310554e-01 9.743952535176760854e-01 1.371093700062388145e-03 7.634762660441637649e+00
1.266999999999999993e+01 6.661834239970263472e-01 9.744027206407420705e-01 1.379076414537177067e-03 7.526877151102116414e+00
1.267500000000000071e+01 6.666193474856503265e-01 9.744144320622062372e-01 1.387152082769642272e-03 7.402507485430612100e+00
1.267999999999999972e+01 6.671040363926560302e-01 9.744303310653172900e-01 1.395271567574909609e-03 7.261383426608298386e+00
1.268500000000000050e+01 6.673182955654026749e-01 9.744503486006422799e-01 1.403385029655218001e-03 7.103446834036676982e+00
1.268999999999999950e+01 6.671409163055568303e-01 9.744744028899525734e-01 1.411442419381908273e-03 6.928850442921027586e+00
1.269500000000000028e+01 6.666826998103997370e-01 9.745023997489723477e-01 1.419393982018922473e-03 6.737939148216510077e+00
1.270000000000000107e+01 6.658814953671571280e-01 9.745342337299575108e-01 1.427190756586533063e-03 6.531278624027276436e+00
1.270500000000000007e+01 6.663396866785702422e-01 9.745697878396571978e-01 1.434785024694529895e-03 6.309594199493536948e+00
1.271000000000000085e+01 6.673617299488430188e-01 9.746089343364733315e-01 1.442130741928847370e-03 6.073776470033091179e+00
1.271499999999999986e+01 6.732820278800485392e-01 9.746515355205862541e-01 1.449183931027189743e-03 5.824851541458312632e+00
1.272000000000000064e+01 6.812357706335615548e-01 9.746974442967052399e-01 1.455903030562677967e-03 5.563963471540844807e+00
1.272499999999999964e+01 6.888091242677564230e-01 9.747465049874193266e-01 1.462249197327895010e-03 5.292380302099794598e+00
1.273000000000000043e+01 6.959561679999380912e-01 9.747985541269228449e-01 1.468186548843457458e-03 5.011466057850425315e+00
1.273499999999999943e+01 7.027737144264364355e-01 9.748534212272694788e-01 1.473682338635836633e-03 4.722657501095873123e+00
1.274000000000000021e+01 7.092982741670236235e-01 9.749109296043914075e-01 1.478707074516691540e-03 4.427445726263253611e+00
1.274500000000000099e+01 7.154593673269564746e-01 9.749708970870045732e-01 1.483234591326673332e-03 4.127326709136125871e+00
1.275000000000000000e+01 7.211693678557251630e-01 9.750331369743920895e-01 1.487242090922548735e-03 3.823874436351549555e+00
1.275500000000000078e+01 7.264012580438924394e-01 9.750974584065950079e-01 1.490710138738089502e-03 3.518688449387247008e+00
1.275999999999999979e+01 7.312623306579706384e-01 9.751636673815690104e-01 1.493622623913639074e-03 3.213335911107082943e+00
1.276500000000000057e+01 7.356515512806212076e-01 9.752315674806121271e-01 1.495966667343037867e-03 2.909322713509667757e+00
1.276999999999999957e+01 7.398148589669661934e-01 9.753009605724449749e-01 1.497732491933412074e-03 2.608062942743872625e+00
1.277500000000000036e+01 7.435111511679417529e-01 9.753716473418660993e-01 1.498913286602881773e-03 2.310959060996658376e+00
1.278000000000000114e+01 7.467653743170534764e-01 9.754434280465231755e-01 1.499505056408480686e-03 2.019377218624444748e+00
1.278500000000000014e+01 7.496580454297894214e-01 9.755161034163418732e-01 1.499506447899493378e-03 1.734538356432614004e+00
1.279000000000000092e+01 7.520863479154853426e-01 9.755894750541030946e-01 1.498918604057735814e-03 1.457561139344395240e+00
1.279499999999999993e+01 7.541667656486792382e-01 9.756633459643004880e-01 1.497745024171155508e-03 1.189426464510154435e+00
1.280000000000000071e+01 7.559599436959457686e-01 9.757375210493660633e-01 1.495991425145449562e-03 9.310616208848941922e-01
1.280499999999999972e+01 7.574230368340023611e-01 9.758118073950199367e-01 1.493665607344046940e-03 6.832455922092354195e-01
1.281000000000000050e+01 7.585020626748524286e-01 9.758860144820833415e-01 1.490777356135454665e-03 4.466736633163442272e-01
1.281499999999999950e+01 7.591929118066043092e-01 9.759599543943691113e-01 1.487338384078291465e-03 2.219507598355286437e-01
1.282000000000000028e+01 7.595813668040368727e-01 9.760334420555538681e-01 1.483362293947676751e-03 9.576414191783316765e-03
1.282500000000000107e+01 7.596290155698306457e-01 9.761062951168475443e-01 1.478864554086607632e-03 -1.900185297340964141e-01
1.283000000000000007e+01 7.595376013118603220e-01 9.761783338931879772e-01 1.473862468183010635e-03 -3.764692639980828925e-01
1.283500000000000085e+01 7.590899319160511194e-01 9.762493811628544238e-01 1.468375154992348011e-03 -5.494731205920252437e-01
1.283999999999999986e+01 7.583289830257049502e-01 9.763192620702273450e-01 1.462423556767955546e-03 -7.087699122077156799e-01
1.284500000000000064e+01 7.573243021028976951e-01 9.763878039185659441e-01 1.456030448430328545e-03 -8.541345006424341246e-01
1.284999999999999964e+01 7.559875025157202222e-01 9.764548359227216423e-01 1.449220448211617105e-03 -9.853719721884670601e-01
1.285500000000000043e+01 7.544759748851602721e-01 9.765201889377123079e-01 1.442020017656127882e-03 -1.102303180914559144e+00
1.285999999999999943e+01 7.527273936003064936e-01 9.765836951512704145e-01 1.434457445329795702e-03 -1.204760703461106974e+00
1.286500000000000021e+01 7.507662784650418475e-01 9.766451879112435508e-01 1.426562816698917404e-03 -1.292579115513754040e+00
1.287000000000000099e+01 7.485168081974670207e-01 9.767045014686654980e-01 1.418367957072006087e-03 -1.365590668133749741e+00
1.287500000000000000e+01 7.459619810939344120e-01 9.767614707390306350e-01 1.409906347920617063e-03 -1.423618550373564329e+00
1.288000000000000078e+01 7.432163014294987935e-01 9.768159311041828552e-01 1.401213012804323685e-03 -1.466470242720151695e+00
1.288499999999999979e+01 7.402935805609590636e-01 9.768677182596022801e-01 1.392324369282333350e-03 -1.493932574064447349e+00
1.289000000000000057e+01 7.371506780024497107e-01 9.769166680398541081e-01 1.383278062212972993e-03 -1.505768628824447175e+00
1.289499999999999957e+01 7.337143135872142841e-01 9.769626165137412777e-01 1.374112768372090596e-03 -1.501706569812946368e+00
1.290000000000000036e+01 7.299653324950371447e-01 9.770053999920762511e-01 1.364867952346654738e-03 -1.481440010424925013e+00
1.290500000000000114e+01 7.260507734508828692e-01 9.770448551642106905e-01 1.355583567983458275e-03 -1.444625060408145423e+00
1.291000000000000014e+01 7.218738608974183402e-01 9.770808193161495403e-01 1.346299725880094333e-03 -1.390877698460276202e+00
1.291500000000000092e+01 7.174937750082654997e-01 9.771131307810921873e-01 1.337056339740208500e-03 -1.319776453344451372e+00
1.291999999999999993e+01 7.127605718418326131e-01 9.771416294119491530e-01 1.327892758557484409e-03 -1.230858968437416934e+00
1.292500000000000071e+01 7.077670244997360527e-01 9.771661571647450861e-01 1.318847372869018375e-03 -1.123624640798552843e+00
1.292999999999999972e+01 7.024228316241457604e-01 9.771865590410777624e-01 1.309957199180493545e-03 -9.975194461719025796e-01
1.293500000000000050e+01 6.967785774559678291e-01 9.772026839675039822e-01 1.301257450529337469e-03 -8.519914559613112059e-01
1.293999999999999950e+01 6.908179272546037808e-01 9.772143859012298872e-01 1.292781083236317369e-03 -6.864755145399143998e-01
1.294500000000000028e+01 6.844910771213393863e-01 9.772215251996313468e-01 1.284558308223787302e-03 -5.003998568555270143e-01
1.295000000000000107e+01 6.778092715340975349e-01 9.772239702173355358e-01 1.276616061705321357e-03 -2.932434702592341957e-01
1.295500000000000007e+01 6.707092128250763396e-01 9.772215987250114644e-01 1.268977437316249528e-03 -6.465835218903714932e-02
1.296000000000000085e+01 6.631318689162990498e-01 9.772142998653176038e-01 1.261661086459783636e-03 1.857096911167508413e-01
1.296499999999999986e+01 6.615979450020615937e-01 9.772019764263649710e-01 1.254680608296037227e-03 4.580110302084956508e-01
1.297000000000000064e+01 6.615649877250305844e-01 9.771845475398435177e-01 1.248043929032784409e-03 7.521093811165613374e-01
1.297499999999999964e+01 6.626507518445186040e-01 9.771619514115316152e-01 1.241752700287351158e-03 1.067558538654697076e+00
1.298000000000000043e+01 6.632352131631318315e-01 9.771341488664100350e-01 1.235801750476973014e-03 1.403506172919609885e+00
1.298499999999999943e+01 6.632382222674958472e-01 9.771011270656507763e-01 1.230178658809493678e-03 1.758675439607127355e+00
1.299000000000000021e+01 6.642494984454778706e-01 9.770629042186413926e-01 1.224863530962218500e-03 2.131193646448282575e+00
1.299500000000000099e+01 6.650139073792107336e-01 9.770195340877625423e-01 1.219829048368605527e-03 2.518550617557267834e+00
1.300000000000000000e+01 6.652639591199480673e-01 9.769711106685280422e-01 1.215040894049043045e-03 2.917564279994464549e+00
1.300500000000000078e+01 6.649852940991545225e-01 9.769177723566804250e-01 1.210458675437389806e-03 3.324401757393073975e+00
1.300999999999999979e+01 6.641796757801810003e-01 9.768597072551721272e-01 1.206037439010189611e-03 3.734677850699430479e+00
1.301500000000000057e+01 6.629604386572617303e-01 9.767971557312388198e-01 1.201729800004209051e-03 4.143535312005080407e+00
1.301999999999999957e+01 6.635389787527800065e-01 9.767304113074891658e-01 1.197488609442031154e-03 4.545820313359169695e+00
1.302500000000000036e+01 6.638225939931526876e-01 9.766598188427845217e-01 1.193270013464327924e-03 4.936393172030501653e+00
1.303000000000000114e+01 6.636122042289357426e-01 9.765857696437389990e-01 1.189036636743239818e-03 5.310433013955355719e+00
1.303500000000000014e+01 6.630350273263881933e-01 9.765086936519393745e-01 1.184760540731512714e-03 5.663720148606748772e+00
1.304000000000000092e+01 6.630890292762872118e-01 9.764290491584528553e-01 1.180425524117904813e-03 5.992883492424666336e+00
1.304499999999999993e+01 6.642155435487786530e-01 9.763473100855051268e-01 1.176028407005916786e-03 6.295553837302605871e+00
1.305000000000000071e+01 6.648063189586140842e-01 9.762639533209185316e-01 1.171579101503376951e-03 6.570393738167373598e+00
1.305499999999999972e+01 6.650190145023354704e-01 9.761794465749712435e-01 1.167099489724493381e-03 6.817024133355112703e+00
1.306000000000000050e+01 6.647425594627598411e-01 9.760942387225597372e-01 1.162621365680677546e-03 7.035859331379495707e+00
1.306499999999999950e+01 6.639858003815556353e-01 9.760087532309983382e-01 1.158183823312309083e-03 7.227905337610300407e+00
1.307000000000000028e+01 6.632609277135167458e-01 9.759233846990247319e-01 1.153830519999795830e-03 7.394565467799116831e+00
1.307500000000000107e+01 6.642172320680308495e-01 9.758384985252500643e-01 1.149607182085218837e-03 7.537479566844618617e+00
1.308000000000000007e+01 6.646989964973979426e-01 9.757544327541692875e-01 1.145559574014143930e-03 7.658414470957022324e+00
1.308500000000000085e+01 6.646861936339718557e-01 9.756715008786531751e-01 1.141732023627328079e-03 7.759215506574552279e+00
1.308999999999999986e+01 6.642528171688811822e-01 9.755899955756763831e-01 1.138166492132555545e-03 7.841784301634360688e+00
1.309500000000000064e+01 6.639530314679058520e-01 9.755101919414951306e-01 1.134902117045155385e-03 7.908083150060600808e+00
1.309999999999999964e+01 6.645300564692022682e-01 9.754323503017742203e-01 1.131975129397665668e-03 7.960143270388257974e+00
1.310500000000000043e+01 6.646619107931257542e-01 9.753567183700900811e-01 1.129419002590326170e-03 8.000061777186399326e+00
1.310999999999999943e+01 6.643444503767048648e-01 9.752835326737947508e-01 1.127264672422414408e-03 8.029974313699144162e+00
1.311500000000000021e+01 6.636794702878547891e-01 9.752130192273140707e-01 1.125540680564012658e-03 8.051996980636211276e+00
1.312000000000000099e+01 6.627456101102272568e-01 9.751453934967030390e-01 1.124273145611348352e-03 8.068139900709462964e+00
1.312500000000000000e+01 6.620186513796830763e-01 9.750808597781147613e-01 1.123485537760140259e-03 8.080202947736262686e+00
1.313000000000000078e+01 6.628325730127031523e-01 9.750196101860080233e-01 1.123198292159404039e-03 8.089669063841334662e+00
1.313499999999999979e+01 6.632613320317611860e-01 9.749618234485908363e-01 1.123428330357140181e-03 8.097611544344584189e+00
1.314000000000000057e+01 6.633942405222431615e-01 9.749076637350214680e-01 1.124188567103041967e-03 8.104628213702815387e+00
1.314499999999999957e+01 6.633745790130172182e-01 9.748572797640451260e-01 1.125487466931491621e-03 8.110809164966028106e+00
1.315000000000000036e+01 6.629961166925196769e-01 9.748108037460732067e-01 1.127328706201725060e-03 8.115756477438450744e+00
1.315500000000000114e+01 6.622527461404338345e-01 9.747683512534675021e-01 1.129710959273107045e-03 8.118630769441210759e+00
1.316000000000000014e+01 6.627539939304210037e-01 9.747300210663093489e-01 1.132627810762384078e-03 8.118233649413523878e+00
1.316500000000000092e+01 6.641025728058012056e-01 9.746958953501455580e-01 1.136067788738974677e-03 8.113110455132767740e+00
1.316999999999999993e+01 6.649967168897877867e-01 9.746660401034547005e-01 1.140014498465974618e-03 8.101658384201181562e+00
1.317500000000000071e+01 6.655163985252295911e-01 9.746405057804762295e-01 1.144446832487601342e-03 8.082229182970458226e+00
1.317999999999999972e+01 6.655995729794483839e-01 9.746193279610256832e-01 1.149339242626476725e-03 8.053214144010290454e+00
1.318500000000000050e+01 6.655740642506183802e-01 9.746025281477735946e-01 1.154662058470879923e-03 8.013105884676289037e+00
1.318999999999999950e+01 6.654386115078906316e-01 9.745901144225154189e-01 1.160381841508734482e-03 7.960541545882675152e+00
1.319500000000000028e+01 6.648948251085066152e-01 9.745820821568247361e-01 1.166461761189198192e-03 7.894316798470403462e+00
1.320000000000000107e+01 6.639703220956081342e-01 9.745784145003842935e-01 1.172861991533602922e-03 7.813407698246737532e+00
1.320500000000000007e+01 6.645809380030025526e-01 9.745790824661422214e-01 1.179540125790465039e-03 7.716986783416638573e+00
1.321000000000000085e+01 6.658331488596077596e-01 9.745840449985366805e-01 1.186451609001306241e-03 7.604435835225882734e+00
1.321499999999999986e+01 6.667191600500033122e-01 9.745932487465045480e-01 1.193550201601864145e-03 7.475357384028368024e+00
1.322000000000000064e+01 6.671794216077202577e-01 9.746066279189793402e-01 1.200788470258111907e-03 7.329580894772173671e+00
1.322499999999999964e+01 6.671965638872058291e-01 9.746241040291405699e-01 1.208118296693228792e-03 7.167179387172635252e+00
1.323000000000000043e+01 6.670249336044303812e-01 9.746455857025517755e-01 1.215491386485989880e-03 6.988442568746732420e+00
1.323499999999999943e+01 6.664652161704588407e-01 9.746709692334979414e-01 1.222859790221443154e-03 6.793877188935878664e+00
1.324000000000000021e+01 6.658413077048396245e-01 9.747001396519046068e-01 1.230176395473300734e-03 6.584197255853703190e+00
1.324500000000000099e+01 6.664903768324300648e-01 9.747329703669607159e-01 1.237395377753106214e-03 6.360272274545726745e+00
1.325000000000000000e+01 6.674816979644164761e-01 9.747693244715519567e-01 1.244472626275562165e-03 6.123128018224121227e+00
1.325500000000000078e+01 6.697703760477089485e-01 9.748090552618347004e-01 1.251366116782111826e-03 5.873905634370422568e+00
1.325999999999999979e+01 6.776675832232057495e-01 9.748520070332384879e-01 1.258036228784207861e-03 5.613856113208038678e+00
1.326500000000000057e+01 6.851398977589735484e-01 9.748980159302783610e-01 1.264446005105850221e-03 5.344335706203559688e+00
1.326999999999999957e+01 6.922629308680048332e-01 9.749469107880406327e-01 1.270561349383442663e-03 5.066776062127931191e+00
1.327500000000000036e+01 6.989413206262883316e-01 9.749985139784904664e-01 1.276351158833447484e-03 4.782663549992035357e+00
1.328000000000000114e+01 7.053979727272100542e-01 9.750526422613956523e-01 1.281787400888775895e-03 4.493519073463921210e+00
1.328500000000000014e+01 7.113962424309555610e-01 9.751091075654237939e-01 1.286845137750024931e-03 4.200856002571403458e+00
1.329000000000000092e+01 7.169067946276653780e-01 9.751677180365547759e-01 1.291502512119702042e-03 3.906243021061884590e+00
1.329499999999999993e+01 7.220097759464401133e-01 9.752282784519500369e-01 1.295740689419774610e-03 3.611254946992249248e+00
1.330000000000000071e+01 7.266532945053150172e-01 9.752905913049323416e-01 1.299543766593170245e-03 3.317414663459385959e+00
1.330499999999999972e+01 7.310571851785960806e-01 9.753544575839455666e-01 1.302898638996438478e-03 3.026170228068536971e+00
1.331000000000000050e+01 7.349972973840901425e-01 9.754196774702316164e-01 1.305794842066253843e-03 2.738882050947745839e+00
1.331499999999999950e+01 7.384435414630868832e-01 9.754860510090960224e-01 1.308224380745442745e-03 2.456830626086031977e+00
1.332000000000000028e+01 7.415137432326680544e-01 9.755533786958369147e-01 1.310181571461547026e-03 2.181299905499912040e+00
1.332500000000000107e+01 7.441614648318169989e-01 9.756214624372357980e-01 1.311662857920480865e-03 1.913404291057717366e+00
1.333000000000000007e+01 7.465655708230504173e-01 9.756901058971367835e-01 1.312666658157215453e-03 1.654155339491008903e+00
1.333500000000000085e+01 7.486166305023024270e-01 9.757591149861091218e-01 1.313193225390092700e-03 1.404442307917108668e+00
1.333999999999999986e+01 7.502055033690988584e-01 9.758282982018604557e-01 1.313244524168932304e-03 1.165043126942022722e+00
1.334500000000000064e+01 7.514541783571978550e-01 9.758974669548304837e-01 1.312824135727533575e-03 9.366680368055324557e-01
1.334999999999999964e+01 7.523132422368050687e-01 9.759664357051841543e-01 1.311937190374508908e-03 7.198949972171455602e-01
1.335500000000000043e+01 7.530131566791358200e-01 9.760350219571255481e-01 1.310590335357162978e-03 5.152263559024046202e-01
1.335999999999999943e+01 7.533510072935544200e-01 9.761030463322724060e-01 1.308791731503650959e-03 3.230977149946874238e-01
1.336500000000000021e+01 7.533646501857388378e-01 9.761703325319905922e-01 1.306551054265630164e-03 1.438635157638742113e-01
1.337000000000000099e+01 7.530803338331375496e-01 9.762367070712429928e-01 1.303879506742551325e-03 -2.218413765498600254e-02
1.337500000000000000e+01 7.524426476226405702e-01 9.763019991407774212e-01 1.300789846363689531e-03 -1.747929908621305151e-01
1.338000000000000078e+01 7.517024032143386769e-01 9.763660402269389582e-01 1.297296421827873929e-03 -3.137508137195686997e-01
1.338499999999999979e+01 7.506843111459196027e-01 9.764286638020267528e-01 1.293415219430427837e-03 -4.388722732895015133e-01
1.339000000000000057e+01 7.493695923922407687e-01 9.764897050514832477e-01 1.289163902983041059e-03 -5.499910436106232314e-01
1.339499999999999957e+01 7.478244726478926463e-01 9.765490005650754313e-01 1.284561843653325187e-03 -6.469527469726451541e-01
1.340000000000000036e+01 7.459592416365796730e-01 9.766063879430196826e-01 1.279630132342582990e-03 -7.296085507204238541e-01
1.340500000000000114e+01 7.440031283402654960e-01 9.766617054818172994e-01 1.274391569966775752e-03 -7.978053123515691514e-01
1.341000000000000014e+01 7.417538434558552662e-01 9.767147917760284903e-01 1.268870625661736896e-03 -8.513805136106967764e-01
1.341500000000000092e+01 7.392947220904623196e-01 9.767654854668073039e-01 1.263093363613597203e-03 -8.901548055916196356e-01
1.341999999999999993e+01 7.365407250990829713e-01 9.768136249461402132e-01 1.257087334720640142e-03 -9.139274558223389189e-01
1.342500000000000071e+01 7.335115523272727200e-01 9.768590481489882738e-01 1.250881438865685891e-03 -9.224708022864843704e-01
1.342999999999999972e+01 7.303649750164532550e-01 9.769015924830172226e-01 1.244505763508477712e-03 -9.155243184136826473e-01
1.343500000000000050e+01 7.269690087101627896e-01 9.769410946651320149e-01 1.237991385315157303e-03 -8.927958393815829119e-01
1.343999999999999950e+01 7.233082900179857999e-01 9.769773908576007138e-01 1.231370136546193917e-03 -8.539435120819850455e-01
1.344500000000000028e+01 7.193198596245545806e-01 9.770103167671838618e-01 1.224674321263298114e-03 -7.985945749223242185e-01
1.345000000000000107e+01 7.151032189623974800e-01 9.770397079952464203e-01 1.217936399802040624e-03 -7.263132517970395385e-01
1.345500000000000007e+01 7.106500939406730222e-01 9.770654005557377619e-01 1.211188652040358750e-03 -6.366183164716467946e-01
1.346000000000000085e+01 7.059568448969136822e-01 9.770872314488002752e-01 1.204462812579518757e-03 -5.290012734500684211e-01
1.346499999999999986e+01 7.008815127744765228e-01 9.771050394557205809e-01 1.197789672756345092e-03 -4.029122722542775037e-01
1.347000000000000064e+01 6.954714784886817380e-01 9.771186661391924044e-01 1.191198652890321751e-03 -2.577581235955435646e-01
1.347499999999999964e+01 6.897172814672637431e-01 9.771279569864315118e-01 1.184717338953416611e-03 -9.294058774909436105e-02
1.348000000000000043e+01 6.836365576969726243e-01 9.771327626718965265e-01 1.178370999334987356e-03 9.209774827860800483e-02
1.348499999999999943e+01 6.771625772875313753e-01 9.771329405162013648e-01 1.172182042560137617e-03 2.978245378832694579e-01
1.349000000000000021e+01 6.702047703032436576e-01 9.771283561316176369e-01 1.166169450332099622e-03 5.247560494248612040e-01
1.349500000000000099e+01 6.680035035831090040e-01 9.771188854474924801e-01 1.160348171311211159e-03 7.732170695115603287e-01
1.350000000000000000e+01 6.677959769074275354e-01 9.771044169414491165e-01 1.154728493824426711e-03 1.043326999613567896e+00
1.350500000000000078e+01 6.678682164085154582e-01 9.770848538904196579e-01 1.149315416943890583e-03 1.334965895875181996e+00
1.350999999999999979e+01 6.673556117874827054e-01 9.770601173411310736e-01 1.144108035417564515e-03 1.647666614348029412e+00
1.351500000000000057e+01 6.662902426529293543e-01 9.770301492868057602e-01 1.139098961337882627e-03 1.980622489021585775e+00
1.351999999999999957e+01 6.657232587514726463e-01 9.769949164314803980e-01 1.134273830569639853e-03 2.332501822057854390e+00
1.352500000000000036e+01 6.653764699504051139e-01 9.769544146946724794e-01 1.129610967420846199e-03 2.701387599385530081e+00
1.353000000000000114e+01 6.645259787661889073e-01 9.769086733405930589e-01 1.125081302790164033e-03 3.084699574558949831e+00
1.353500000000000014e+01 6.631265867535082181e-01 9.768577596838734500e-01 1.120648655840912524e-03 3.479166267986313343e+00
1.354000000000000092e+01 6.612831655618999216e-01 9.768017845626906226e-01 1.116270486223864492e-03 3.880845821748105884e+00
1.354499999999999993e+01 6.591369218376622596e-01 9.767409080116551401e-01 1.111899239192812002e-03 4.285146878889310784e+00
1.355000000000000071e+01 6.589351185265762689e-01 9.766753429911627649e-01 1.107484368405924416e-03 4.686885085820689412e+00
1.355499999999999972e+01 6.592680666204937534e-01 9.766053583412390715e-01 1.102975057872821515e-03 5.080522368594539095e+00
1.356000000000000050e+01 6.590900480802488470e-01 9.765312795746282637e-01 1.098323506656325842e-03 5.460461607363910730e+00
1.356499999999999950e+01 6.584753998136373410e-01 9.764534868488485841e-01 1.093488546462865075e-03 5.821355667522583488e+00
1.357000000000000028e+01 6.578495951972062050e-01 9.763724103253151876e-01 1.088439223349217449e-03 6.158468420282568800e+00
1.357500000000000107e+01 6.590093538530163997e-01 9.762885212246301680e-01 1.083157895128655616e-03 6.468007787579913348e+00
1.358000000000000007e+01 6.596711967795654274e-01 9.762023206493584127e-01 1.077642379575351802e-03 6.747364392586098880e+00
1.358500000000000085e+01 6.598866922458981321e-01 9.761143258727397187e-01 1.071906767618374104e-03 6.995230380586093588e+00
1.358999999999999986e+01 6.595837693419956960e-01 9.760250562583498990e-01 1.065980749930192824e-03 7.211557478029515522e+00
1.359500000000000064e+01 6.588595289362646490e-01 9.759350198831595602e-01 1.059907559557598947e-03 7.397382056028757980e+00
1.359999999999999964e+01 6.577072536330483832e-01 9.758447022028367002e-01 1.053740896048387457e-03 7.554554328661914120e+00
1.360500000000000043e+01 6.583403112930649170e-01 9.757545580450737166e-01 1.047541340745914047e-03 7.685425151509559960e+00
1.360999999999999943e+01 6.588497533038364384e-01 9.756650066064425086e-01 1.041372780159676055e-03 7.792569047645684144e+00
1.361500000000000021e+01 6.588934873073013510e-01 9.755764303169657259e-01 1.035299279628601682e-03 7.878560661714700153e+00
1.362000000000000099e+01 6.585067267910520439e-01 9.754891760045103499e-01 1.029382660263028189e-03 7.945837935353885051e+00
1.362500000000000000e+01 6.577782576865164321e-01 9.754035579409925383e-01 1.023680882819961785e-03 7.996646321137493629e+00
1.363000000000000078e+01 6.583595939757466153e-01 9.753198618957814592e-01 1.018247181065497567e-03 8.033045528109676425e+00
1.363499999999999979e+01 6.585279534048609218e-01 9.752383494736061031e-01 1.013129805804962452e-03 8.056952531573720933e+00
1.364000000000000057e+01 6.582667862134018444e-01 9.751592622359328555e-01 1.008372198779355173e-03 8.070194887309209975e+00
1.364499999999999957e+01 6.577209189248547361e-01 9.750828252502901083e-01 1.004013404577065423e-03 8.074553027987446896e+00
1.365000000000000036e+01 6.568027264984117597e-01 9.750092498365229288e-01 1.000088539692014708e-03 8.071776866255271798e+00
1.365500000000000114e+01 6.555506396288668380e-01 9.749387353772792641e-01 9.966291703158249894e-04 8.063570024335598774e+00
1.366000000000000014e+01 6.559845189911128749e-01 9.748714701870337951e-01 9.936635048495784731e-04 8.051542900415887161e+00
1.366500000000000092e+01 6.565924691015430081e-01 9.748076315177299778e-01 9.912163697920568436e-04 8.037142369847707357e+00
1.366999999999999993e+01 6.567883754814241026e-01 9.747473849025030113e-01 9.893089963315623327e-04 8.021569941967968020e+00
1.367500000000000071e+01 6.568560852268727768e-01 9.746908831084926117e-01 9.879586814606168207e-04 8.005700876444182157e+00
1.367999999999999972e+01 6.565597266142984001e-01 9.746382650440313933e-01 9.871783955123039113e-04 7.990013164978531535e+00
1.368500000000000050e+01 6.559863041179858634e-01 9.745896542064497181e-01 9.869764133701595856e-04 7.974553494603000559e+00
1.368999999999999950e+01 6.554362343283915981e-01 9.745451580305954931e-01 9.873560224686267831e-04 7.958920895053017475e+00
1.369500000000000028e+01 6.568969133131425941e-01 9.745048671947650343e-01 9.883153395057106810e-04 7.942288330688961118e+00
1.370000000000000107e+01 6.579229052440889181e-01 9.744688553327576219e-01 9.898472589886706495e-04 7.923455752571161526e+00
1.370500000000000007e+01 6.586783026077853709e-01 9.744371792018265976e-01 9.919395287257995290e-04 7.900926855866067910e+00
1.371000000000000085e+01 6.590148654655294536e-01 9.744098790547464084e-01 9.945749350001450387e-04 7.873005253545689364e+00
1.371499999999999986e+01 6.589871332287251526e-01 9.743869793189378070e-01 9.977315829706910003e-04 7.837893257800453206e+00
1.372000000000000064e+01 6.589354398626382503e-01 9.743684894827477905e-01 1.001383249493329646e-03 7.793789316551523960e+00
1.372499999999999964e+01 6.586296211759725683e-01 9.743544048070029717e-01 1.005499790187805356e-03 7.738969227689115549e+00
1.373000000000000043e+01 6.579745020841819558e-01 9.743447075115038158e-01 1.010047576930068200e-03 7.671853704375881655e+00
1.373499999999999943e+01 6.573943598995699578e-01 9.743393671187885463e-01 1.014989963194948708e-03 7.591077049201709670e+00
1.374000000000000021e+01 6.588159675138509641e-01 9.743383410579332660e-01 1.020287759303697538e-03 7.495531914712630694e+00
1.374500000000000099e+01 6.599097684032138034e-01 9.743415746486489004e-01 1.025899721857602594e-03 7.384406741900677140e+00
1.375000000000000000e+01 6.606840538420719611e-01 9.743490011728241917e-01 1.031783057529324496e-03 7.257200481676879811e+00
1.375500000000000078e+01 6.610377485804035391e-01 9.743605417614551456e-01 1.037893937592517099e-03 7.113735456865807549e+00
1.375999999999999979e+01 6.609752297196196391e-01 9.743761050571532190e-01 1.044188009072193231e-03 6.954140113113172816e+00
1.376500000000000057e+01 6.606385045720805094e-01 9.743955875666044930e-01 1.050620911597013960e-03 6.778810453987603957e+00
1.376999999999999957e+01 6.602653209088846786e-01 9.744188747495291514e-01 1.057148786392949182e-03 6.588409572752667032e+00
1.377500000000000036e+01 6.598007328596398047e-01 9.744458408888464485e-01 1.063728739674490607e-03 6.383789076980749932e+00
1.378000000000000114e+01 6.611728858421648258e-01 9.744763498646655808e-01 1.070319277562856511e-03 6.165972927196253117e+00
1.378500000000000014e+01 6.621399712785744907e-01 9.745102561228823346e-01 1.076880690990926048e-03 5.936116136235155771e+00
1.379000000000000092e+01 6.628829183552258364e-01 9.745474053012399551e-01 1.083375376781795137e-03 5.695470447191501862e+00
1.379499999999999993e+01 6.704632081627114326e-01 9.745876351092562784e-01 1.089768096446986105e-03 5.445382201543607081e+00
1.380000000000000071e+01 6.777829991379566987e-01 9.746307762058236124e-01 1.096026170838071932e-03 5.187263358119822421e+00
1.380499999999999972e+01 6.846592636800702403e-01 9.746766530539296980e-01 1.102119608736356390e-03 4.922567814289855903e+00
1.381000000000000050e+01 6.912941665025086335e-01 9.747250848146629121e-01 1.108021174480453789e-03 4.652774395030101040e+00
1.381499999999999950e+01 6.974783525182896016e-01 9.747758861795970953e-01 1.113706396846762814e-03 4.379363411903298697e+00
1.382000000000000028e+01 7.032628116918515637e-01 9.748288681919669019e-01 1.119153528660150713e-03 4.103803719548610118e+00
1.382500000000000107e+01 7.085955813389110958e-01 9.748838392722746216e-01 1.124343461431117578e-03 3.827573155969031138e+00
1.383000000000000007e+01 7.134936293293876464e-01 9.749406057001097636e-01 1.129259602250291383e-03 3.552148499269447868e+00
1.383500000000000085e+01 7.180943374165853488e-01 9.749989728184561555e-01 1.133887721714696775e-03 3.278921271774229762e+00
1.383999999999999986e+01 7.222330761897803875e-01 9.750587457385415657e-01 1.138215773885989726e-03 3.009207134196588473e+00
1.384500000000000064e+01 7.259189838425593733e-01 9.751197301444334276e-01 1.142233703107421554e-03 2.744229748735433905e+00
1.384999999999999964e+01 7.292140251620483626e-01 9.751817330095938763e-01 1.145933249256395926e-03 2.485117922798985468e+00
1.385500000000000043e+01 7.321777201075845287e-01 9.752445631856274666e-01 1.149307768462666350e-03 2.232996262588314185e+00
1.385999999999999943e+01 7.348060751545688607e-01 9.753080323118306083e-01 1.152352042901161507e-03 1.988825189357177781e+00
1.386500000000000021e+01 7.370326748579281162e-01 9.753719551316849534e-01 1.155062126150303847e-03 1.753464756989490336e+00
1.387000000000000099e+01 7.388908223176828827e-01 9.754361499373037647e-01 1.157435217583808237e-03 1.527666741678570972e+00
1.387500000000000000e+01 7.404310962095022042e-01 9.755004388582075858e-01 1.159469563093241734e-03 1.312065510380849176e+00
1.388000000000000078e+01 7.416425765807940218e-01 9.755646480769799567e-01 1.161164389722437167e-03 1.107229714555406197e+00
1.388499999999999979e+01 7.425901730518182919e-01 9.756286079343022832e-01 1.162519869375141634e-03 9.136366458692284365e-01
1.389000000000000057e+01 7.431982050246195293e-01 9.756921528850912573e-01 1.163537110173479576e-03 7.316702558343433083e-01
1.389499999999999957e+01 7.434415646611186590e-01 9.757551213566159065e-01 1.164218178708034766e-03 5.616458218955788784e-01
1.390000000000000036e+01 7.435112083475214906e-01 9.758173555703428814e-01 1.164566151028177503e-03 4.038376162952992399e-01
1.390500000000000114e+01 7.433174700405301705e-01 9.758787012752175860e-01 1.164585176500907739e-03 2.584573868785511319e-01
1.391000000000000014e+01 7.428636663045421473e-01 9.759390074431907314e-01 1.164280554650842141e-03 1.256762583800129784e-01
1.391500000000000092e+01 7.421222988029925194e-01 9.759981258352341538e-01 1.163658817599865988e-03 5.634268970058226023e-03
1.391999999999999993e+01 7.411090531857049690e-01 9.760559105560678850e-01 1.162727812440408903e-03 -1.015527296377825850e-01
1.392500000000000071e+01 7.400533305450169852e-01 9.761122175696970160e-01 1.161496780962833174e-03 -1.957839621083251880e-01
1.392999999999999972e+01 7.387021454114196528e-01 9.761669041925865598e-01 1.159976430205490001e-03 -2.769643613207025679e-01
1.393500000000000050e+01 7.371333272020663685e-01 9.762198285912583318e-01 1.158178986097374704e-03 -3.449999541077760634e-01
1.393999999999999950e+01 7.353224951677440613e-01 9.762708492768308322e-01 1.156118226985816243e-03 -3.997918695615494400e-01
1.394500000000000028e+01 7.332834047118307330e-01 9.763198245909343598e-01 1.153809490022321546e-03 -4.412299682103836829e-01
1.395000000000000107e+01 7.311185619469743324e-01 9.763666122010528081e-01 1.151269646927184469e-03 -4.691859414336707612e-01
1.395500000000000007e+01 7.287451077127982124e-01 9.764110686522958771e-01 1.148517044931445658e-03 -4.835076515901127192e-01
1.396000000000000085e+01 7.261362820082670755e-01 9.764530489511007438e-01 1.145571415625177029e-03 -4.840134776158125929e-01
1.396499999999999986e+01 7.232456708576462390e-01 9.764924062374261693e-01 1.142453750441164376e-03 -4.704934627926044555e-01
1.397000000000000064e+01 7.202399678135630312e-01 9.765289915429165024e-01 1.139186154434332441e-03 -4.426772399228486865e-01
1.397499999999999964e+01 7.170417991026182269e-01 9.765626536538971614e-01 1.135791670490600468e-03 -4.002529613837873534e-01
1.398000000000000043e+01 7.136340250921827666e-01 9.765932390949851882e-01 1.132294072911570280e-03 -3.428587065547761270e-01
1.398499999999999943e+01 7.099348087531394125e-01 9.766205922188980759e-01 1.128717622609509523e-03 -2.700907927932773567e-01
1.399000000000000021e+01 7.059597322289347110e-01 9.766445555163124626e-01 1.125086786358354485e-03 -1.814673900068344281e-01
1.399500000000000099e+01 7.017682427752058860e-01 9.766649701295689878e-01 1.121425921024628639e-03 -7.645079549834923882e-02
1.400000000000000000e+01 6.973570556633078565e-01 9.766816763986606587e-01 1.117758921662252323e-03 4.553960048342234335e-02
1.400500000000000078e+01 6.926015490732204682e-01 9.766945148457619741e-01 1.114108835306860078e-03 1.851358520603914315e-01
1.400999999999999979e+01 6.874498075766871663e-01 9.767033271554057539e-01 1.110497433913220896e-03 3.429431051891258520e-01
1.401500000000000057e+01 6.819807446214781743e-01 9.767079572393867481e-01 1.106944737357287321e-03 5.195972026434619861e-01
1.401999999999999957e+01 6.761383176102490067e-01 9.767082527987498430e-01 1.103468514657104937e-03 7.157698657721298652e-01
1.402500000000000036e+01 6.699203746764772482e-01 9.767040669067300618e-01 1.100083737514027243e-03 9.320202970023809819e-01
1.403000000000000114e+01 6.667367945492784775e-01 9.766952598701056365e-01 1.096802002398170875e-03 1.168790764484088252e+00
1.403500000000000014e+01 6.667456959187058052e-01 9.766817012614036342e-01 1.093630926183505273e-03 1.426368126354193855e+00
1.404000000000000092e+01 6.662292941881431396e-01 9.766632722782215836e-01 1.090573532394357396e-03 1.704793920574000587e+00
1.404499999999999993e+01 6.652694307702771148e-01 9.766398684665682506e-01 1.087627637144805096e-03 2.003846651155584802e+00
1.405000000000000071e+01 6.653925592175172765e-01 9.766114024817368344e-01 1.084785265070108877e-03 2.322937789946477594e+00
1.405499999999999972e+01 6.650749751342954763e-01 9.765778079854532390e-01 1.082032120584695140e-03 2.661002649792088448e+00
1.406000000000000050e+01 6.642900059226303222e-01 9.765390432704439405e-01 1.079347158519955874e-03 3.016420046552783951e+00
1.406499999999999950e+01 6.629711829852845684e-01 9.764950953480132645e-01 1.076702325478620745e-03 3.386936502436025176e+00
1.407000000000000028e+01 6.612603221391158970e-01 9.764459841096100323e-01 1.074062564546511512e-03 3.769617950989720967e+00
1.407500000000000107e+01 6.591114144292812282e-01 9.763917681712714902e-01 1.071386193607260558e-03 4.160849198324108045e+00
1.408000000000000007e+01 6.582272566297190375e-01 9.763325502862043592e-01 1.068625766987356786e-03 4.556295127344267115e+00
1.408500000000000085e+01 6.574588580729217036e-01 9.762684821907013921e-01 1.065729535898842948e-03 4.950918966387553688e+00
1.408999999999999986e+01 6.561811213655798225e-01 9.761997690612262968e-01 1.062643597861046962e-03 5.339168184879420131e+00
1.409500000000000064e+01 6.545150444162743941e-01 9.761266730123807633e-01 1.059314730451227501e-03 5.715205194058837534e+00
1.409999999999999964e+01 6.529884144033123450e-01 9.760495147728971421e-01 1.055693827308457977e-03 6.073176612016303544e+00
1.410500000000000043e+01 6.529485228903961769e-01 9.759686734103251160e-01 1.051739691121054369e-03 6.407578039263709613e+00
1.410999999999999943e+01 6.529126833565218613e-01 9.758845821110064822e-01 1.047422814774797220e-03 6.713639360636656228e+00
1.411500000000000021e+01 6.530452876861160272e-01 9.757977212493348373e-01 1.042728682559987408e-03 6.987674522441250424e+00
1.412000000000000099e+01 6.526971902121651015e-01 9.757086077890998466e-01 1.037660092558405312e-03 7.227352223062706749e+00
1.412500000000000000e+01 6.519438882982838690e-01 9.756177825249170432e-01 1.032238105287070070e-03 7.431818681485738765e+00
1.413000000000000078e+01 6.508769105435654456e-01 9.755257955641694068e-01 1.026501398592972406e-03 7.601663523490046259e+00
1.413499999999999979e+01 6.516850937835316770e-01 9.754331918038667837e-01 1.020504102612605681e-03 7.738720158984305542e+00
1.414000000000000057e+01 6.520933868131799649e-01 9.753404974725180532e-01 1.014312433432018861e-03 7.845752946307179343e+00
1.414499999999999957e+01 6.520610781135166567e-01 9.752482093400595131e-01 1.008000643941647182e-03 7.926089849754318628e+00
1.415000000000000036e+01 6.516740555099896914e-01 9.751567871613116001e-01 1.001646845487661787e-03 7.983258160723218033e+00
1.415500000000000114e+01 6.509446069735347340e-01 9.750666493528614698e-01 9.953292177201536299e-04 8.020690195161710889e+00
1.416000000000000014e+01 6.514234545445320990e-01 9.749781718842952527e-01 9.891229512434653384e-04 8.041525333548229071e+00
1.416500000000000092e+01 6.515043877857144006e-01 9.748916897629413825e-01 9.830980844221038142e-04 8.048512304528987471e+00
1.416999999999999993e+01 6.512311071685169539e-01 9.748075002769643893e-01 9.773182283162407200e-04 8.043997006080671142e+00
1.417500000000000071e+01 6.506686205003511247e-01 9.747258673164069798e-01 9.718400521037930334e-04 8.029967467239378820e+00
1.417999999999999972e+01 6.497735678542246873e-01 9.746470260713527844e-01 9.667133361016765590e-04 8.008128113634436218e+00
1.418500000000000050e+01 6.485770497526514022e-01 9.745711875842986149e-01 9.619813850465326263e-04 7.979978843082562889e+00
1.418999999999999950e+01 6.492444733668644163e-01 9.744985427744476958e-01 9.576816132161018605e-04 7.946880621409964540e+00
1.419500000000000028e+01 6.497515163157450147e-01 9.744292657335003049e-01 9.538461446766156870e-04 7.910096197363297499e+00
1.420000000000000107e+01 6.498946347943141966e-01 9.743635161262994560e-01 9.505023146725145953e-04 7.870802062653628361e+00
1.420500000000000007e+01 6.496925645935364146e-01 9.743014406735565069e-01 9.476730080685248029e-04 7.830072586440127935e+00
1.421000000000000085e+01 6.492480671980163098e-01 9.742431738036266831e-01 9.453768179296250136e-04 7.788841237551419106e+00
1.421499999999999986e+01 6.485825669068501220e-01 9.741888377975123081e-01 9.436280450338080210e-04 7.747842199479566538e+00
1.422000000000000064e+01 6.486756391948483857e-01 9.741385418859903611e-01 9.424365884821159570e-04 7.707560204906450885e+00
1.422499999999999964e+01 6.499490146962775272e-01 9.740923817644869809e-01 9.418077919965207922e-04 7.668173127498788766e+00
1.423000000000000043e+01 6.508917105519634871e-01 9.740504387635697814e-01 9.417422900463409728e-04 7.629510794887115921e+00
1.423499999999999943e+01 6.515536542645037343e-01 9.740127791373971444e-01 9.422359104059903215e-04 7.591034412064413317e+00
1.424000000000000021e+01 6.518680897780925187e-01 9.739794537093547921e-01 9.432796601874479962e-04 7.551839087112605320e+00
1.424500000000000099e+01 6.518062184132628056e-01 9.739504976704050909e-01 9.448598071749938782e-04 7.510686358634504955e+00
1.425000000000000000e+01 6.514512143093953433e-01 9.739259307947485400e-01 9.469580628973738555e-04 7.466058741500731344e+00
1.425500000000000078e+01 6.510387636776665543e-01 9.739057578643649515e-01 9.495518603062436461e-04 7.416238331724730237e+00
1.425999999999999979e+01 6.504250199146279776e-01 9.738899693017447623e-01 9.526147067548025333e-04 7.359390384597801926e+00
1.426500000000000057e+01 6.506415126740364707e-01 9.738785420534933346e-01 9.561165971532655482e-04 7.293666953532748742e+00
1.426999999999999957e+01 6.517697517277329933e-01 9.738714401396189047e-01 9.600244716892107708e-04 7.217313182404820893e+00
1.427500000000000036e+01 6.528346054344882354e-01 9.738686152351282432e-01 9.643026978289781937e-04 7.128765724709701601e+00
1.428000000000000114e+01 6.535251703291488079e-01 9.738700069451105001e-01 9.689135792726667924e-04 7.026736428905945075e+00
1.428500000000000014e+01 6.538892593968377298e-01 9.738755430728899265e-01 9.738178789510367134e-04 6.910272968340753330e+00
1.429000000000000092e+01 6.538822292795145597e-01 9.738851394345451329e-01 9.789753445089892456e-04 6.778804345182992463e+00
1.429499999999999993e+01 6.536719270865971598e-01 9.738986999573697734e-01 9.843452269994344087e-04 6.632116625194647952e+00
1.430000000000000071e+01 6.531555695448519883e-01 9.739161175559833961e-01 9.898868002637672969e-04 6.470370354338284891e+00
1.430499999999999972e+01 6.533791911353382664e-01 9.739372744590273356e-01 9.955598518082990536e-04 6.294034627871623933e+00
1.431000000000000050e+01 6.546426533641134249e-01 9.739620423468855481e-01 1.001325137927506180e-03 6.103839353775852850e+00
1.431499999999999950e+01 6.557235009343737042e-01 9.739902835689465688e-01 1.007144805434414441e-03 5.900736683330391585e+00
1.432000000000000028e+01 6.564391622378348279e-01 9.740218515958516399e-01 1.012982759740130778e-03 5.685835130674255389e+00
1.432500000000000107e+01 6.567951924160709831e-01 9.740565919188876043e-01 1.018804973842335655e-03 5.460374739152767276e+00
1.433000000000000007e+01 6.617196763658910186e-01 9.740943428491477540e-01 1.024579735207233706e-03 5.225695935789897106e+00
1.433500000000000085e+01 6.689988411701224269e-01 9.741349363410749529e-01 1.030277826200095333e-03 4.983202722256892869e+00
1.433999999999999986e+01 6.759780490494285976e-01 9.741781988283368943e-01 1.035872638514584269e-03 4.734334488076228808e+00
1.434500000000000064e+01 6.825336789050110431e-01 9.742239520487756543e-01 1.041340223030537155e-03 4.480550863488033109e+00
1.434999999999999964e+01 6.886426839123832577e-01 9.742720138303704314e-01 1.046659281597076083e-03 4.223302929503851111e+00
1.435500000000000043e+01 6.943668109421714529e-01 9.743221987774953741e-01 1.051811103680813653e-03 3.964016075244858328e+00
1.435999999999999943e+01 6.997701489913111805e-01 9.743743193395747459e-01 1.056779453846269689e-03 3.704113108105862029e+00
1.436500000000000021e+01 7.047179344810688972e-01 9.744281862851893461e-01 1.061550421759035112e-03 3.445007872246943492e+00
1.437000000000000099e+01 7.092680781634281839e-01 9.744836098390161627e-01 1.066112240403586714e-03 3.188022506885479945e+00
1.437500000000000000e+01 7.133712383015852199e-01 9.745404004422190125e-01 1.070455077000440200e-03 2.934399897427938164e+00
1.438000000000000078e+01 7.171539566121322151e-01 9.745983696013709174e-01 1.074570812634551616e-03 2.685291886904185521e+00
1.438499999999999979e+01 7.205834432016106073e-01 9.746573306848543838e-01 1.078452824084081933e-03 2.441748553359348151e+00
1.439000000000000057e+01 7.235649498443317285e-01 9.747170995642621127e-01 1.082095777446496218e-03 2.204815984837437348e+00
1.439499999999999957e+01 7.261270700886592877e-01 9.747774955981481915e-01 1.085495418153731816e-03 1.975382925438705639e+00
1.440000000000000036e+01 7.284199372445243625e-01 9.748383420274242539e-01 1.088648397201154999e-03 1.754240650829502535e+00
1.440500000000000114e+01 7.303989232296806966e-01 9.748994664702699264e-01 1.091552124539824824e-03 1.542077646117693934e+00
1.441000000000000014e+01 7.320220769258999338e-01 9.749607012747183443e-01 1.094204656245448487e-03 1.339473733407376965e+00
1.441500000000000092e+01 7.333667325572011952e-01 9.750218837416824158e-01 1.096604617393663259e-03 1.146936365896538579e+00
1.441999999999999993e+01 7.342832154302966208e-01 9.750828562583799819e-01 1.098751160999110335e-03 9.648953916104658912e-01
1.442500000000000071e+01 7.350431868840773264e-01 9.751434662459654845e-01 1.100643955764385928e-03 7.936941626756952584e-01
1.442999999999999972e+01 7.355080696865836654e-01 9.752035660418592045e-01 1.102283203862713511e-03 6.336007235554428352e-01
1.443500000000000050e+01 7.356900207223449062e-01 9.752630126574077796e-01 1.103669688341923655e-03 4.848473479391274266e-01
1.443999999999999950e+01 7.356141076801876455e-01 9.753216675099601884e-01 1.104804843462888321e-03 3.476119496274584497e-01
1.444500000000000028e+01 7.352486617661408985e-01 9.753793960162662202e-01 1.105690842662942997e-03 2.220294449401666037e-01
1.445000000000000107e+01 7.347974926788418681e-01 9.754360671781110437e-01 1.106330700784715184e-03 1.082050820261750285e-01
1.445500000000000007e+01 7.340684634961590627e-01 9.754915530245659161e-01 1.106728380090488562e-03 6.220943837906917073e-03
1.446000000000000085e+01 7.330698988584203324e-01 9.755457280908079731e-01 1.106888893542531949e-03 -8.385761254729925951e-02
1.446499999999999986e+01 7.319293670931452667e-01 9.755984688088281676e-01 1.106818401110666681e-03 -1.619724262095539324e-01
1.447000000000000064e+01 7.306171608059979228e-01 9.756496529001575935e-01 1.106524292675498643e-03 -2.280679034959886553e-01
1.447499999999999964e+01 7.292016150059629220e-01 9.756991588148109518e-01 1.106015255759400110e-03 -2.820858099282567144e-01
1.448000000000000043e+01 7.275181228982311454e-01 9.757468650944908228e-01 1.105301321573476554e-03 -3.239604360558874241e-01
1.448499999999999943e+01 7.256220745574911701e-01 9.757926497570930113e-01 1.104393888590239105e-03 -3.536123961186255493e-01
1.449000000000000021e+01 7.235391088786072844e-01 9.758363897133146558e-01 1.103305718943974403e-03 -3.709438017694137724e-01
1.449500000000000099e+01 7.213667105920655853e-01 9.758779602260873043e-01 1.102050905680316368e-03 -3.758397209281639784e-01
1.450000000000000000e+01 7.190315462123429979e-01 9.759172343692931184e-01 1.100644809681189298e-03 -3.681397416860335836e-01
1.450500000000000078e+01 7.164544930965999203e-01 9.759540826078942910e-01 1.099103968438344420e-03 -3.476506243015025088e-01
1.450999999999999979e+01 7.136838267703361494e-01 9.759883723902751385e-01 1.097445975321393588e-03 -3.141384924932297817e-01
1.451500000000000057e+01 7.107209661535734968e-01 9.760199678718606275e-01 1.095689336774698791e-03 -2.673237897767328231e-01
1.451999999999999957e+01 7.076859369755544860e-01 9.760487297092914627e-01 1.093853304860634233e-03 -2.068810065131187204e-01
1.452500000000000036e+01 7.044086391448537432e-01 9.760745150739579268e-01 1.091957682965127548e-03 -1.324011750514230701e-01
1.453000000000000114e+01 7.008367782450780625e-01 9.760971777503755220e-01 1.090022593457037588e-03 -4.342519535705927081e-02
1.453500000000000014e+01 6.970586831641459868e-01 9.761165683833535889e-01 1.088068209570119483e-03 6.056615497794502756e-02
1.454000000000000092e+01 6.930098112270017818e-01 9.761325350800801326e-01 1.086114450442713514e-03 1.801623033863190282e-01
1.454499999999999993e+01 6.887689604818082456e-01 9.761449239933260857e-01 1.084180642127051961e-03 3.159689294419007477e-01
1.455000000000000071e+01 6.841629965452691309e-01 9.761535801791547673e-01 1.082285121739772231e-03 4.686211671612152130e-01
1.455499999999999972e+01 6.792629268461650716e-01 9.761583486630185380e-01 1.080444812620992914e-03 6.388551389618023491e-01
1.456000000000000050e+01 6.739251027343270417e-01 9.761590759141272056e-01 1.078674747722403477e-03 8.273507739478938028e-01
1.456499999999999950e+01 6.682134933341004057e-01 9.761556111598088670e-01 1.076987553494252771e-03 1.034739174054549959e+00
1.457000000000000028e+01 6.620864310552851961e-01 9.761478083302791431e-01 1.075392899066593411e-03 1.261553275783533712e+00
1.457500000000000107e+01 6.571204568649740008e-01 9.761355279216327174e-01 1.073896918662217877e-03 1.508203278134220282e+00
1.458000000000000007e+01 6.567214165598752595e-01 9.761186394473495564e-01 1.072501616367130955e-03 1.774866345222424258e+00
1.458500000000000085e+01 6.568974035372910913e-01 9.760970240977109302e-01 1.071204269612203303e-03 2.061496412497734187e+00
1.458999999999999986e+01 6.567221028224379253e-01 9.760705774781224253e-01 1.069996855731831674e-03 2.367689641165400261e+00
1.459500000000000064e+01 6.561551393855622472e-01 9.760392133673935211e-01 1.068865526712500444e-03 2.692605817406885205e+00
1.459999999999999964e+01 6.551914739620632311e-01 9.760028674577496677e-01 1.067790167277476044e-03 3.034881754961298750e+00
1.460500000000000043e+01 6.537825435595575607e-01 9.759615012507282250e-01 1.066744086918549293e-03 3.392549391239302548e+00
1.460999999999999943e+01 6.520084989128837050e-01 9.759151063748687793e-01 1.065693918984893978e-03 3.762984668051224446e+00
1.461500000000000021e+01 6.510724755690038279e-01 9.758637096374022102e-01 1.064599817384560918e-03 4.142884601373416409e+00
1.462000000000000099e+01 6.505112968322465106e-01 9.758073791781400885e-01 1.063416056222866828e-03 4.528242288393358628e+00
1.462500000000000000e+01 6.495546912219903879e-01 9.757462289938827471e-01 1.062092137032437421e-03 4.914320717745509270e+00
1.463000000000000078e+01 6.481829771871431278e-01 9.756804239612100194e-01 1.060574513009945180e-03 5.295788213066408900e+00
1.463499999999999979e+01 6.465163395865669571e-01 9.756101840822470894e-01 1.058808965310720739e-03 5.666925168787527056e+00
1.464000000000000057e+01 6.461649622849978680e-01 9.755357871927198277e-01 1.056743618205878378e-03 6.021849743167083879e+00
1.464499999999999957e+01 6.457133664081511348e-01 9.754575706543846536e-01 1.054332456575846847e-03 6.354842576801443599e+00
1.465000000000000036e+01 6.448970890854820448e-01 9.753759293268297048e-01 1.051539064879424088e-03 6.660724432972027209e+00
1.465500000000000114e+01 6.438495638516067432e-01 9.752913111794063727e-01 1.048340201973541660e-03 6.935222397466484168e+00
1.466000000000000014e+01 6.433626894472351809e-01 9.752042092356154601e-01 1.044728728684846163e-03 7.175297051699896400e+00
1.466500000000000092e+01 6.425906461859439700e-01 9.751151507396407236e-01 1.040715444839686353e-03 7.379353698743805978e+00
1.466999999999999993e+01 6.431546117978279575e-01 9.750246841050580482e-01 1.036329495427413616e-03 7.547307824749474925e+00
1.467500000000000071e+01 6.436206297666605680e-01 9.749333644396550591e-01 1.031617224112235361e-03 7.680488067152310805e+00
1.467999999999999972e+01 6.437224605005551492e-01 9.748417393533622688e-01 1.026639616352877137e-03 7.781385632040555222e+00
1.468500000000000050e+01 6.435468571501559154e-01 9.747503358593534450e-01 1.021468699714258525e-03 7.853317919627141208e+00
1.468999999999999950e+01 6.430882141601216295e-01 9.746596502944325779e-01 1.016183409632528348e-03 7.900039866362563501e+00
1.469500000000000028e+01 6.429423955302806526e-01 9.745701408791362930e-01 1.010865461731793539e-03 7.925389447510410967e+00
1.470000000000000107e+01 6.431309625779912942e-01 9.744822236356176504e-01 1.005595686372666789e-03 7.933008190674806670e+00
1.470500000000000007e+01 6.430610506119773806e-01 9.743962713109343143e-01 1.000451115891485068e-03 7.926160193911988117e+00
1.471000000000000085e+01 6.426865810912730792e-01 9.743126146628938722e-01 9.955029455058705349e-04 7.907650013822277835e+00
1.471499999999999986e+01 6.420717744152801831e-01 9.742315454787038309e-01 9.908153364066559290e-04 7.879819535231407102e+00
1.472000000000000064e+01 6.416778831888381163e-01 9.741533205627996850e-01 9.864449238362578767e-04 7.844598728706345447e+00
1.472499999999999964e+01 6.415440021175651264e-01 9.740781661106939771e-01 9.824408452969758676e-04 7.803583236571326687e+00
1.473000000000000043e+01 6.421102020315895276e-01 9.740062819353445533e-01 9.788451013787175924e-04 7.758117289265115346e+00
1.473499999999999943e+01 6.423715141775049320e-01 9.739378452944893461e-01 9.756930831537327306e-04 7.709364365490506188e+00
1.474000000000000021e+01 6.423353694784559309e-01 9.738730140834245264e-01 9.730141326582438920e-04 7.658356820362407724e+00
1.474500000000000099e+01 6.421263275647233204e-01 9.738119292885027978e-01 9.708320449687918513e-04 7.606019952269363671e+00
1.475000000000000000e+01 6.416634674007062333e-01 9.737547167278581828e-01 9.691654576419698065e-04 7.553169518757887779e+00
1.475500000000000078e+01 6.409745271779243581e-01 9.737014881611709693e-01 9.680281075246151973e-04 7.500484597243796792e+00
1.475999999999999979e+01 6.421495139959283449e-01 9.736523413815747485e-01 9.674289758658011391e-04 7.448476911491315633e+00
1.476500000000000057e+01 6.431197655794854695e-01 9.736073605466804004e-01 9.673723494481395674e-04 7.397438345095529222e+00
1.476999999999999957e+01 6.438057351892598756e-01 9.735666158872722242e-01 9.678578410097719419e-04 7.347394134130110999e+00
1.477500000000000036e+01 6.442180850915593116e-01 9.735301634127758730e-01 9.688804135103476880e-04 7.298063268657561053e+00
1.478000000000000114e+01 6.443257164132764059e-01 9.734980447490402256e-01 9.704304378417834363e-04 7.248834434641747926e+00
1.478500000000000014e+01 6.441913094952503860e-01 9.734702869937766900e-01 9.724938083051949678e-04 7.198765434506461780e+00
1.479000000000000092e+01 6.438904456832692524e-01 9.734469029232486470e-01 9.750521314292914018e-04 7.146605852683463489e+00
1.479499999999999993e+01 6.433197967842353426e-01 9.734278911680651625e-01 9.780829916688326808e-04 7.090844565930089161e+00
1.480000000000000071e+01 6.439558221353114398e-01 9.734132370004640045e-01 9.815602798697452454e-04 7.029775373713577302e+00
1.480499999999999972e+01 6.449625207212041911e-01 9.734029127105748858e-01 9.854545830782425637e-04 6.961597643891910714e+00
1.481000000000000050e+01 6.457657733491166674e-01 9.733968782930699781e-01 9.897336139062609152e-04 6.884520848747740729e+00
1.481499999999999950e+01 6.462717860795598179e-01 9.733950817200744954e-01 9.943626749400241629e-04 6.796877647367354669e+00
1.482000000000000028e+01 6.465300091757666401e-01 9.733974593616671056e-01 9.993051505912896836e-04 6.697222946050916725e+00
1.482500000000000107e+01 6.465254779175992894e-01 9.734039359725600304e-01 1.004523015748888092e-03 6.584424585289158749e+00
1.483000000000000007e+01 6.464881742724686298e-01 9.734144247266326433e-01 1.009977344427828933e-03 6.457700204267036170e+00
1.483500000000000085e+01 6.462593043513866764e-01 9.734288276585176813e-01 1.015628823589301115e-03 6.316647182879991718e+00
1.483999999999999986e+01 6.464920154611039083e-01 9.734470364299804279e-01 1.021438259613835801e-03 6.161239958350867241e+00
1.484500000000000064e+01 6.477221448894027178e-01 9.734689322126480748e-01 1.027367049634618414e-03 5.991776378193000241e+00
1.484999999999999964e+01 6.487397845865235935e-01 9.734943866824350422e-01 1.033377624245330161e-03 5.808850805350017410e+00
1.485500000000000043e+01 6.495485858088563269e-01 9.735232625968586184e-01 1.039433848235308796e-03 5.613290998007013144e+00
1.485999999999999943e+01 6.500521422885513489e-01 9.735554145983509322e-01 1.045501368484235642e-03 5.406111887667126581e+00
1.486500000000000021e+01 6.530592866374015371e-01 9.735906899809692039e-01 1.051547905310780667e-03 5.188482625974348394e+00
1.487000000000000099e+01 6.605808143526201714e-01 9.736289294885895895e-01 1.057543482488533483e-03 4.961682482167488750e+00
1.487500000000000000e+01 6.678104384720646713e-01 9.736699681026774744e-01 1.063460593139943858e-03 4.727061160431816234e+00
1.488000000000000078e+01 6.747105929212479092e-01 9.737136358396307756e-01 1.069274301002931613e-03 4.486014985673874023e+00
1.488499999999999979e+01 6.811885402245388965e-01 9.737597585213261242e-01 1.074962281100861391e-03 4.239965627484932220e+00
1.489000000000000057e+01 6.872315804867995537e-01 9.738081583359432525e-01 1.080504801578599863e-03 3.990313722318028500e+00
1.489499999999999957e+01 6.929255375724476806e-01 9.738586547490353240e-01 1.085884649711254916e-03 3.738465146659392779e+00
1.490000000000000036e+01 6.982828931765664437e-01 9.739110652409170843e-01 1.091087011218155878e-03 3.485813825984301673e+00
1.490500000000000114e+01 7.031938156930205297e-01 9.739652059614241075e-01 1.096099314302436626e-03 3.233730130810855030e+00
1.491000000000000014e+01 7.077380049864067102e-01 9.740208927214675239e-01 1.100911034666452858e-03 2.983488983089064295e+00
1.491500000000000092e+01 7.118441496909491129e-01 9.740779417283069730e-01 1.105513482218808095e-03 2.736294351630715660e+00
1.491999999999999993e+01 7.156093203052259488e-01 9.741361704762196982e-01 1.109899573240724115e-03 2.493222756142634555e+00
1.492500000000000071e+01 7.190382151768884844e-01 9.741953982749974594e-01 1.114063617009066441e-03 2.255350691733728485e+00
1.492999999999999972e+01 7.220508494467405836e-01 9.742554473333785436e-01 1.118001089390056749e-03 2.023645983551056737e+00
1.493500000000000050e+01 7.246615149438238035e-01 9.743161433967458818e-01 1.121708430418100373e-03 1.798952747846300992e+00
1.493999999999999950e+01 7.269304078706716465e-01 9.743773162556605971e-01 1.125182865916358977e-03 1.582019509029808368e+00
1.494500000000000028e+01 7.289318696889568461e-01 9.744388002784961644e-01 1.128422255395656899e-03 1.373484876329457149e+00
1.495000000000000107e+01 7.306326146471654459e-01 9.745004347606252004e-01 1.131424973020981727e-03 1.173900988717635929e+00
1.495500000000000007e+01 7.319950787961032601e-01 9.745620641913766979e-01 1.134189827831893821e-03 9.837510443560447682e-01
1.496000000000000085e+01 7.330535050136839370e-01 9.746235383064463242e-01 1.136716016959775886e-03 8.034212378289302681e-01
1.496499999999999986e+01 7.338279621192572710e-01 9.746847121035373540e-01 1.139003115765682391e-03 6.332190322613040490e-01
1.497000000000000064e+01 7.343571802328244802e-01 9.747454456622407504e-01 1.141051099146217843e-03 4.734134718842607503e-01
1.497499999999999964e+01 7.346695659795735578e-01 9.748056039601921130e-01 1.142860386984469309e-03 3.242085526526655714e-01
1.498000000000000043e+01 7.347256008483343814e-01 9.748650565581256089e-01 1.144431913419963372e-03 1.857625198786634901e-01
1.498499999999999943e+01 7.344861345065878400e-01 9.749236771927327627e-01 1.145767218361091154e-03 5.819830707742694453e-02
1.499000000000000021e+01 7.340478740026969984e-01 9.749813433101791604e-01 1.146868552700839195e-03 -5.839182231976573767e-02
1.499500000000000099e+01 7.334851604108343359e-01 9.750379355557893257e-01 1.147738994080929479e-03 -1.639324555377152381e-01
1.500000000000000000e+01 7.326973535156782180e-01 9.750933372102643659e-01 1.148382562046711131e-03 -2.583599070875791659e-01
1.500500000000000078e+01 7.317144707722357255e-01 9.751474336305467894e-01 1.148804326763607723e-03 -3.416199725307300095e-01
1.500999999999999979e+01 7.305192453966357080e-01 9.752001116455291108e-01 1.149010507507772574e-03 -4.136606827632821615e-01
1.501500000000000057e+01 7.291945206074172958e-01 9.752512589563553380e-01 1.149008557743307676e-03 -4.744282609538615358e-01
1.501999999999999957e+01 7.277603019720706445e-01 9.753007635152285415e-01 1.148807233963038132e-03 -5.238622039225538929e-01
1.502500000000000036e+01 7.261282381025829791e-01 9.753485129200885062e-01 1.148416644784166791e-03 -5.618914251672566529e-01
1.503000000000000114e+01 7.243395642475358720e-01 9.753943938385868373e-01 1.147848278639728185e-03 -5.884243135299963567e-01
1.503500000000000014e+01 7.222923352611626546e-01 9.754382914543135996e-01 1.147115007383216635e-03 -6.033475723438734839e-01
1.504000000000000092e+01 7.201446621937191983e-01 9.754800889176089562e-01 1.146231059783509032e-03 -6.065226240898198284e-01
1.504499999999999993e+01 7.178986687230667352e-01 9.755196668523047343e-01 1.145211966783627258e-03 -5.977877568964269361e-01
1.505000000000000071e+01 7.154941555142004805e-01 9.755569028934690801e-01 1.144074479845878442e-03 -5.769284912214299732e-01
1.505499999999999972e+01 7.128531341993509240e-01 9.755916713487450265e-01 1.142836464745972547e-03 -5.436908234041564203e-01
1.506000000000000050e+01 7.100428881564971872e-01 9.756238428565913168e-01 1.141516771395678642e-03 -4.977744974671644007e-01
1.506499999999999950e+01 7.070315561256098613e-01 9.756532842080938295e-01 1.140135082184168779e-03 -4.388307320331962802e-01
1.507000000000000028e+01 7.039285724373535169e-01 9.756798582497590022e-01 1.138711733343961661e-03 -3.664525819327165701e-01
1.507500000000000107e+01 7.006073210440352250e-01 9.757034240077964160e-01 1.137267504128178187e-03 -2.801536301356977177e-01
1.508000000000000007e+01 6.970017820619784921e-01 9.757238368678951002e-01 1.135823365248686328e-03 -1.793959158045297653e-01
1.508500000000000085e+01 6.931870756420576152e-01 9.757409489848030137e-01 1.134400192165650181e-03 -6.357794522652351898e-02
1.508999999999999986e+01 6.890464055944769406e-01 9.757546099618701341e-01 1.133018444069332480e-03 6.795633584312435471e-02
1.509500000000000064e+01 6.847108495317760779e-01 9.757646676325891777e-01 1.131697793231059481e-03 2.158569193713684164e-01
1.509999999999999964e+01 6.800239438507001966e-01 9.757709689614243453e-01 1.130456707658348972e-03 3.808556316812935494e-01
1.510500000000000043e+01 6.750003723343738216e-01 9.757733614234984643e-01 1.129311993660660077e-03 5.637001418462347369e-01
1.510999999999999943e+01 6.695527978049399254e-01 9.757716944997503195e-01 1.128278287512334823e-03 7.650715062132703581e-01
1.511500000000000021e+01 6.636234228583505201e-01 9.757658212776885165e-01 1.127367508205974261e-03 9.855716368547110529e-01
1.512000000000000099e+01 6.573028670242568872e-01 9.757556005721790271e-01 1.126588273503872526e-03 1.225675897381922619e+00
1.512500000000000000e+01 6.505048990077234583e-01 9.757408991770802897e-01 1.125945295415163843e-03 1.485668797739184255e+00
1.513000000000000078e+01 6.495279601926708946e-01 9.757215945204202878e-01 1.125438763094977488e-03 1.765573390034829160e+00
1.513499999999999979e+01 6.491665342903297775e-01 9.756975777559983021e-01 1.125063744074969105e-03 2.065124539584077379e+00
1.514000000000000057e+01 6.484632389046517398e-01 9.756687567688628882e-01 1.124809623359597933e-03 2.383617375407907524e+00
1.514499999999999957e+01 6.473967882641856741e-01 9.756350608595569796e-01 1.124659619929885496e-03 2.719850089154997708e+00
1.515000000000000036e+01 6.460673950919124664e-01 9.755964443107160156e-01 1.124590420015008849e-03 3.072023439923572852e+00
1.515500000000000114e+01 6.446635695745784878e-01 9.755528911972461970e-01 1.124572003977721262e-03 3.437684776689425181e+00
1.516000000000000014e+01 6.442980512071319055e-01 9.755044197260257510e-01 1.124567749703413643e-03 3.813681353648914030e+00
1.516500000000000092e+01 6.436224993154410212e-01 9.754510889333106727e-01 1.124534919740001774e-03 4.196176119183474107e+00
1.516999999999999993e+01 6.425760815435423989e-01 9.753930035055172754e-01 1.124425627492482965e-03 4.580614489643269671e+00
1.517500000000000071e+01 6.412233569214721429e-01 9.753303189832095432e-01 1.124188389220404528e-03 4.961789692544329000e+00
1.517999999999999972e+01 6.397788218829779661e-01 9.752632459298021805e-01 1.123770327254148974e-03 5.334049282028524352e+00
1.518500000000000050e+01 6.395605514961567595e-01 9.751920530930114905e-01 1.123120004218368731e-03 5.691540743341508168e+00
1.518999999999999950e+01 6.397805088624689551e-01 9.751170684995117410e-01 1.122190786392784131e-03 6.028500071385643366e+00
1.519500000000000028e+01 6.399611733686315640e-01 9.750386784672007146e-01 1.120944477669816048e-03 6.339621340192460153e+00
1.520000000000000107e+01 6.398646814381885317e-01 9.749573226974367346e-01 1.119354858104043473e-03 6.620433257043289110e+00
1.520500000000000007e+01 6.395475881193222190e-01 9.748734868028289258e-01 1.117410686737473850e-03 6.867626492139415006e+00
1.521000000000000085e+01 6.393461073344999246e-01 9.747876913647732788e-01 1.115117710723614181e-03 7.079292934584250574e+00
1.521499999999999986e+01 6.400292137895000621e-01 9.747004790750972703e-01 1.112499343224278292e-03 7.255013775554909117e+00
1.522000000000000064e+01 6.404194479560512132e-01 9.746124005292329251e-01 1.109595843093263284e-03 7.395793015098257150e+00
1.522499999999999964e+01 6.405118220587409095e-01 9.745240001406719754e-01 1.106462100101770953e-03 7.503839039247226950e+00
1.523000000000000043e+01 6.403988976356254081e-01 9.744358034906999144e-01 1.103164352091169382e-03 7.582238374044702134e+00
1.523499999999999943e+01 6.399762166841501676e-01 9.743483069405197705e-01 1.099776316451970973e-03 7.634594626464786593e+00
1.524000000000000021e+01 6.400082378555282947e-01 9.742619707019088970e-01 1.096375245764758715e-03 7.664671960042360510e+00
1.524500000000000099e+01 6.402084006981340059e-01 9.741772147260426840e-01 1.093038356205478043e-03 7.676110667574651991e+00
1.525000000000000000e+01 6.402856690413681884e-01 9.740944175489233414e-01 1.089839928112569870e-03 7.672234551250100232e+00
1.525500000000000078e+01 6.404768230262900541e-01 9.740139174095150398e-01 1.086849206713868870e-03 7.655952960383489270e+00
1.525999999999999979e+01 6.404138339407704494e-01 9.739360149283564638e-01 1.084129084843832996e-03 7.629741485083926911e+00
1.526500000000000057e+01 6.401089107007164047e-01 9.738609766519608080e-01 1.081735449536594265e-03 7.595676908933243432e+00
1.526999999999999957e+01 6.397997248028510775e-01 9.737890388838302824e-01 1.079717028185110932e-03 7.555500977960360132e+00
1.527500000000000036e+01 6.403101269710685939e-01 9.737204113931166027e-01 1.078115566676329708e-03 7.510691296086417168e+00
1.528000000000000114e+01 6.405586470909752084e-01 9.736552807292692124e-01 1.076966191485835816e-03 7.462523809641187000e+00
1.528500000000000014e+01 6.405892685568808087e-01 9.735938130003014557e-01 1.076297837386408843e-03 7.412117130779069640e+00
1.529000000000000092e+01 6.403897302949645987e-01 9.735361560348574361e-01 1.076133655074228536e-03 7.360453987481540672e+00
1.529499999999999993e+01 6.400334988577845996e-01 9.734824410542619599e-01 1.076491343956194205e-03 7.308376342691522254e+00
1.530000000000000071e+01 6.400290050282378962e-01 9.734327834668681234e-01 1.077383387744761762e-03 7.256566422909881631e+00
1.530499999999999972e+01 6.410705293904778168e-01 9.733872834262022877e-01 1.078817208175702732e-03 7.205511883671338325e+00
1.531000000000000050e+01 6.418528666039409192e-01 9.733460261207212971e-01 1.080795251286770968e-03 7.155459121401214873e+00
1.531499999999999950e+01 6.424364610553219279e-01 9.733090817254186344e-01 1.083315049195289394e-03 7.106370418030341085e+00
1.532000000000000028e+01 6.428400021348128490e-01 9.732765053948093659e-01 1.086369288888016380e-03 7.057888584467100657e+00
1.532500000000000107e+01 6.429711802401616438e-01 9.732483372383554654e-01 1.089945913084731455e-03 7.009320882173022405e+00
1.533000000000000007e+01 6.429079946402513901e-01 9.732246024710420329e-01 1.094028277266140096e-03 6.959643346969442312e+00
1.533500000000000085e+01 6.425990055420656155e-01 9.732053116981015384e-01 1.098595376652574535e-03 6.907532055474195687e+00
1.533999999999999986e+01 6.427390572868335594e-01 9.731904613979540652e-01 1.103622139150841090e-03 6.851410559555862534e+00
1.534500000000000064e+01 6.439122074672622986e-01 9.731800346667603963e-01 1.109079780744434609e-03 6.789530368136585281e+00
1.534999999999999964e+01 6.448205372260054080e-01 9.731740017792931408e-01 1.114936214068422242e-03 6.720069243916143797e+00
1.535500000000000043e+01 6.454603772089833047e-01 9.731723207898030914e-01 1.121156492130915769e-03 6.641240098321306462e+00
1.535999999999999943e+01 6.458679699998208790e-01 9.731749379525689303e-01 1.127703289816406416e-03 6.551399162498000805e+00
1.536500000000000021e+01 6.461574025529298604e-01 9.731817880665917242e-01 1.134537408027923430e-03 6.449145562954217148e+00
1.537000000000000099e+01 6.462289869523384356e-01 9.731927943555638283e-01 1.141618285913783160e-03 6.333398707676735739e+00
1.537500000000000000e+01 6.461103705634942962e-01 9.732078687471660272e-01 1.148904519575871547e-03 6.203425631242373228e+00
1.538000000000000078e+01 6.457707934611957024e-01 9.732269126787519431e-01 1.156354384103372651e-03 6.058885162879168895e+00
1.538499999999999979e+01 6.466139996474170593e-01 9.732498170882730726e-01 1.163926336316132085e-03 5.899781904494018292e+00
1.539000000000000057e+01 6.477340628062724370e-01 9.732764628943160190e-01 1.171579488656460197e-03 5.726444177880342323e+00
1.539499999999999957e+01 6.486146434352972889e-01 9.733067218411022292e-01 1.179274054249622927e-03 5.539476738723829286e+00
1.540000000000000036e+01 6.492298037112949061e-01 9.733404570999437677e-01 1.186971746343209230e-03 5.339702813132271686e+00
1.540500000000000114e+01 6.522959688111267251e-01 9.733775240773913096e-01 1.194636126223880962e-03 5.128131478629317286e+00
1.541000000000000014e+01 6.601770410736772510e-01 9.734177711943791111e-01 1.202232894156074396e-03 4.905914949696091654e+00
1.541500000000000092e+01 6.678008548447127435e-01 9.734610406713881670e-01 1.209730118335791259e-03 4.674303222512605771e+00
1.541999999999999993e+01 6.751020366573630138e-01 9.735071693637132872e-01 1.217098399660438432e-03 4.434615073893093395e+00
1.542500000000000071e+01 6.819888270115258555e-01 9.735559894738261555e-01 1.224310974330562133e-03 4.188215524363952724e+00
1.542999999999999972e+01 6.884595524065428851e-01 9.736073291228871662e-01 1.231343753089411772e-03 3.936480364693449197e+00
1.543500000000000050e+01 6.945695733202740252e-01 9.736610130927197959e-01 1.238175301311098247e-03 3.680777753734652880e+00
1.543999999999999950e+01 7.002905061874843406e-01 9.737168636819898415e-01 1.244786766710889551e-03 3.422494761177686584e+00
1.544500000000000028e+01 7.057292151428612437e-01 9.737747011264689112e-01 1.251161764984658501e-03 3.163025696557697941e+00
1.545000000000000107e+01 7.107238523270551500e-01 9.738343446108747026e-01 1.257286225932245606e-03 2.903679158861779186e+00
1.545500000000000007e+01 7.152714438371935435e-01 9.738956129041037579e-01 1.263148203741694918e-03 2.645703812219046380e+00
1.546000000000000085e+01 7.194367615558474593e-01 9.739583252141563730e-01 1.268737669454644747e-03 2.390222790377751760e+00
1.546499999999999986e+01 7.232021242799827609e-01 9.740223016106728249e-01 1.274046297290094051e-03 2.138395280841125068e+00
1.547000000000000064e+01 7.267124731336636057e-01 9.740873641806140348e-01 1.279067238512145849e-03 1.891260467735355277e+00
1.547499999999999964e+01 7.298429778693024117e-01 9.741533376324312821e-01 1.283794912747924328e-03 1.649742563479718926e+00
1.548000000000000043e+01 7.325542357464387422e-01 9.742200498724173929e-01 1.288224816783211518e-03 1.414666844837733972e+00
1.548500000000000121e+01 7.349007151701943963e-01 9.742873325846036492e-01 1.292353354552717689e-03 1.186750674292454955e+00
1.549000000000000021e+01 7.369225524466150867e-01 9.743550218047645206e-01 1.296177699663641613e-03 9.666511179231817019e-01
1.549500000000000099e+01 7.386489759719994108e-01 9.744229581985200950e-01 1.299695679379664088e-03 7.548985303219849508e-01
1.550000000000000000e+01 7.401426182735245662e-01 9.744909872040568022e-01 1.302905696585784749e-03 5.519594201980576598e-01
1.550500000000000078e+01 7.413104865396863419e-01 9.745589592049941352e-01 1.305806688161532166e-03 3.582247822472000021e-01
1.550999999999999979e+01 7.421309197733182428e-01 9.746267295968351618e-01 1.308398116019095919e-03 1.740056059381225873e-01
1.551500000000000057e+01 7.427698470453417690e-01 9.746941586051880435e-01 1.310679994718035729e-03 -4.444378847737323612e-04
1.551999999999999957e+01 7.430670497925291329e-01 9.747611110558457304e-01 1.312652941927432409e-03 -1.649198511559992752e-01
1.552500000000000036e+01 7.432687868291197875e-01 9.748274560621786877e-01 1.314318252419514194e-03 -3.192604791401025821e-01
1.553000000000000114e+01 7.432023685971231863e-01 9.748930667357478264e-01 1.315677981925032942e-03 -4.633340542838457754e-01
1.553500000000000014e+01 7.428955796905559739e-01 9.749578197249835210e-01 1.316735054307109024e-03 -5.970348678021947242e-01
1.554000000000000092e+01 7.423986133994063819e-01 9.750215947490825652e-01 1.317493381821056419e-03 -7.202782071800037933e-01
1.554499999999999993e+01 7.416520715450747314e-01 9.750842741397095503e-01 1.317957992511167896e-03 -8.329889078694843185e-01
1.555000000000000071e+01 7.407660437285663591e-01 9.751457422169460543e-01 1.318135147616663477e-03 -9.350987784917990098e-01
1.555499999999999972e+01 7.397700535563476176e-01 9.752058847822216991e-01 1.318032448762136623e-03 -1.026539278398159283e+00
1.556000000000000050e+01 7.385858844701462811e-01 9.752645885585748964e-01 1.317658931724196691e-03 -1.107238480946067805e+00
1.556499999999999950e+01 7.372606150034364259e-01 9.753217406194661931e-01 1.317025149073238442e-03 -1.177116865811811630e+00
1.557000000000000028e+01 7.357381650166038289e-01 9.753772278338938007e-01 1.316143238350066334e-03 -1.236082407954652851e+00
1.557500000000000107e+01 7.340132074916203564e-01 9.754309363633798524e-01 1.315026969261325887e-03 -1.284026282169727251e+00
1.558000000000000007e+01 7.321723665579201734e-01 9.754827511202550649e-01 1.313691768774629971e-03 -1.320818743419029939e+00
1.558500000000000085e+01 7.302672655725703788e-01 9.755325553142087935e-01 1.312154720545289071e-03 -1.346305451374019801e+00
1.558999999999999986e+01 7.281606437061260984e-01 9.755802300401328342e-01 1.310434537799268304e-03 -1.360300483356720713e+00
1.559500000000000064e+01 7.258598604228877482e-01 9.756256538764116470e-01 1.308551499902695222e-03 -1.362582267854055118e+00
1.559999999999999964e+01 7.234070995349686228e-01 9.756687025177710471e-01 1.306527362717083184e-03 -1.352890370312324730e+00
1.560500000000000043e+01 7.207240871010290872e-01 9.757092484994205339e-01 1.304385241783962779e-03 -1.330919526220663895e+00
1.561000000000000121e+01 7.179708006259426512e-01 9.757471609613672658e-01 1.302149475165567324e-03 -1.296319801819940443e+00
1.561500000000000021e+01 7.150170632411698701e-01 9.757823055777966603e-01 1.299845472973573494e-03 -1.248682102623460910e+00
1.562000000000000099e+01 7.119092922927626743e-01 9.758145444272187108e-01 1.297499534143330829e-03 -1.187546497380977284e+00
1.562500000000000000e+01 7.085287576617403937e-01 9.758437362038333562e-01 1.295138629859013185e-03 -1.112376025580558814e+00
1.563000000000000078e+01 7.049305664581948516e-01 9.758697364964927790e-01 1.292790145904802387e-03 -1.022581774646802666e+00
1.563499999999999979e+01 7.010962833741786193e-01 9.758923981431446570e-01 1.290481594666798449e-03 -9.175254699938770742e-01
1.564000000000000057e+01 6.970492608600413753e-01 9.759115718249508076e-01 1.288240295847433532e-03 -7.965068517040280183e-01
1.564499999999999957e+01 6.927308773437610423e-01 9.759271069135784238e-01 1.286093017918152294e-03 -6.587690807893374911e-01
1.565000000000000036e+01 6.880841333280626193e-01 9.759388524329511982e-01 1.284065572706054488e-03 -5.035300641059330395e-01
1.565500000000000114e+01 6.831285033284077990e-01 9.759466581415000563e-01 1.282182372816683324e-03 -3.300055254071766475e-01
1.566000000000000014e+01 6.777468754460717060e-01 9.759503760645400483e-01 1.280465944743583006e-03 -1.374886055732694179e-01
1.566500000000000092e+01 6.719789992595515127e-01 9.759498618533686276e-01 1.278936396308755392e-03 7.475705146460727424e-02
1.566999999999999993e+01 6.658024019449233499e-01 9.759449769490454729e-01 1.277610841872970845e-03 3.073587317349822934e-01
1.567500000000000071e+01 6.592334743147770793e-01 9.759355905602313808e-01 1.276502783226473800e-03 5.607595980680070147e-01
1.567999999999999972e+01 6.521111317508163641e-01 9.759215822104108096e-01 1.275621467262993058e-03 8.351744737580912847e-01
1.568500000000000050e+01 6.445407312283636392e-01 9.759028443854179669e-01 1.274971241646548868e-03 1.130536349377717409e+00
1.568999999999999950e+01 6.437921448705632432e-01 9.758792858046977381e-01 1.274550923287587605e-03 1.446387845540800798e+00
1.569500000000000028e+01 6.426948997401388253e-01 9.758508349908752155e-01 1.274353209866919620e-03 1.781870638978955368e+00
1.570000000000000107e+01 6.413379000741784575e-01 9.758174442276925653e-01 1.274364170971177806e-03 2.135555502974771258e+00
1.570500000000000007e+01 6.417868096621431873e-01 9.757790946156856826e-01 1.274562887813731520e-03 2.505386811092605637e+00
1.571000000000000085e+01 6.424792817847686521e-01 9.757358004619954839e-01 1.274921328790522626e-03 2.888601821109964884e+00
1.571499999999999986e+01 6.428430582870547916e-01 9.756876145140248591e-01 1.275404565843610847e-03 3.281708956664264321e+00
1.572000000000000064e+01 6.428838675864252394e-01 9.756346330491861840e-01 1.275971424930885494e-03 3.680501842986285688e+00
1.572499999999999964e+01 6.427121698016171614e-01 9.755770024595719070e-01 1.276575683780335367e-03 4.080121796901857500e+00
1.573000000000000043e+01 6.430388741149025700e-01 9.755149228913337911e-01 1.277167900277400431e-03 4.475117114346477187e+00
1.573500000000000121e+01 6.439258710321343893e-01 9.754486518608563861e-01 1.277697910304489504e-03 4.859661208218515327e+00
1.574000000000000021e+01 6.444873678102939207e-01 9.753785055196777520e-01 1.278117896911130057e-03 5.227872151547070523e+00
1.574500000000000099e+01 6.447849531955708313e-01 9.753048571652326304e-01 1.278385825519606171e-03 5.574137119705897980e+00
1.575000000000000000e+01 6.448657313547141445e-01 9.752281333639060135e-01 1.278468938217034064e-03 5.893480610235930506e+00
1.575500000000000078e+01 6.446436379183906329e-01 9.751488060812495418e-01 1.278346894021166209e-03 6.181921045173198515e+00
1.575999999999999979e+01 6.445684855332421970e-01 9.750673820812955084e-01 1.278014128654622172e-03 6.436740947071546870e+00
1.576500000000000057e+01 6.452159739975896757e-01 9.749843900307625377e-01 1.277481035625560243e-03 6.656637269266101775e+00
1.576999999999999957e+01 6.456350746743034774e-01 9.749003664455437868e-01 1.276773752609091945e-03 6.841716921975020682e+00
1.577500000000000036e+01 6.457489347211997632e-01 9.748158421861553569e-01 1.275932582001204196e-03 6.993338824599623749e+00
1.578000000000000114e+01 6.456404188585379567e-01 9.747313303111018179e-01 1.275009305234893042e-03 7.113847909149231263e+00
1.578500000000000014e+01 6.453590360497305500e-01 9.746473167190949916e-01 1.274063837206693053e-03 7.206245466847710723e+00
1.579000000000000092e+01 6.461910998659065042e-01 9.745642539658748715e-01 1.273160703347235665e-03 7.273858762214075568e+00
1.579499999999999993e+01 6.467286268633900548e-01 9.744825578849010128e-01 1.272365770451231587e-03 7.320070774922109003e+00
1.580000000000000071e+01 6.470659800674699591e-01 9.744026073760132522e-01 1.271743530163374448e-03 7.348115390629864407e+00
1.580499999999999972e+01 6.472057868638704248e-01 9.743247458003141404e-01 1.271355060136283594e-03 7.360959622898620047e+00
1.581000000000000050e+01 6.470956424436669074e-01 9.742492836142465640e-01 1.271256656135195343e-03 7.361256575933157187e+00
1.581499999999999950e+01 6.468827238057259787e-01 9.741765014968265524e-01 1.271499033760255162e-03 7.351349193271248694e+00
1.582000000000000028e+01 6.466430730212682221e-01 9.741066534667441879e-01 1.272126968691483090e-03 7.333302235135213287e+00
1.582500000000000107e+01 6.470279344736782345e-01 9.740399697113123478e-01 1.273179244956048001e-03 7.308943080725690322e+00
1.583000000000000007e+01 6.471810029923498186e-01 9.739766589957992160e-01 1.274688791403955340e-03 7.279897082598425051e+00
1.583500000000000085e+01 6.471883644724920615e-01 9.739169105907959922e-01 1.276682901378958790e-03 7.247607996987993850e+00
1.583999999999999986e+01 6.470969321846539168e-01 9.738608957021142043e-01 1.279183452809398410e-03 7.213339119215582684e+00
1.584500000000000064e+01 6.468644632539413131e-01 9.738087685666886317e-01 1.282207074886094122e-03 7.178151321081719161e+00
1.584999999999999964e+01 6.476924533900860759e-01 9.737606667696065976e-01 1.285765240090444616e-03 7.142873131381580976e+00
1.585500000000000043e+01 6.483939523368629221e-01 9.737167116101989039e-01 1.289864297275850578e-03 7.108055745958383298e+00
1.586000000000000121e+01 6.489981532405126874e-01 9.736770081464585225e-01 1.294505458021837085e-03 7.073927009849908742e+00
1.586500000000000021e+01 6.494826565136142538e-01 9.736416450853215832e-01 1.299684777211857975e-03 7.040355089801382249e+00
1.587000000000000099e+01 6.497693632074978964e-01 9.736106947273728274e-01 1.305393158941886957e-03 7.006828731029670188e+00
1.587500000000000000e+01 6.498462323938318796e-01 9.735842130439102959e-01 1.311616414150505163e-03 6.972461839829105834e+00
1.588000000000000078e+01 6.496709934228297456e-01 9.735622398446518444e-01 1.318335392163725228e-03 6.936024876345658008e+00
1.588499999999999979e+01 6.500189873411399422e-01 9.735447992634695957e-01 1.325526192541486492e-03 6.896001411904840062e+00
1.589000000000000057e+01 6.510510952134725970e-01 9.735319001902763558e-01 1.333160458469474308e-03 6.850662751336004774e+00
1.589499999999999957e+01 6.519283450943825775e-01 9.735235373056640995e-01 1.341205732312287678e-03 6.798154295114098744e+00
1.590000000000000036e+01 6.526464026726943590e-01 9.735196916722419491e-01 1.349625872031020874e-03 6.736601310945307119e+00
1.590500000000000114e+01 6.531213070985497637e-01 9.735203316069559465e-01 1.358381505986211999e-03 6.664207708524061857e+00
1.591000000000000014e+01 6.533475051380459586e-01 9.735254131413412226e-01 1.367430526134183304e-03 6.579353470333190401e+00
1.591500000000000092e+01 6.533482919621297347e-01 9.735348805593992960e-01 1.376728610392284700e-03 6.480673188537474871e+00
1.591999999999999993e+01 6.532433423797144867e-01 9.735486664029769921e-01 1.386229760050301449e-03 6.367127294837829687e+00
1.592500000000000071e+01 6.529941210136531726e-01 9.735666915462921622e-01 1.395886836032195124e-03 6.238015699215841536e+00
1.592999999999999972e+01 6.540564484689792568e-01 9.735888657088599407e-01 1.405652100806932319e-03 6.093007126666682538e+00
1.593500000000000050e+01 6.548725482169969192e-01 9.736150879324908525e-01 1.415477757835643252e-03 5.932114371699224620e+00
1.593999999999999950e+01 6.554517636794954250e-01 9.736452464650972027e-01 1.425316465394951132e-03 5.755649423685655464e+00
1.594500000000000028e+01 6.558758121091722293e-01 9.736792197833425977e-01 1.435121834489291610e-03 5.564193886875370865e+00
1.595000000000000107e+01 6.560825181176045406e-01 9.737168769883873809e-01 1.444848890060058521e-03 5.358538030738670521e+00
1.595500000000000007e+01 6.609394538586017553e-01 9.737580786632829000e-01 1.454454482630534919e-03 5.139649036306380481e+00
1.596000000000000085e+01 6.691874106324375848e-01 9.738026776111751159e-01 1.463897644003446952e-03 4.908640679569294285e+00
1.596499999999999986e+01 6.770485832423184247e-01 9.738505196558652210e-01 1.473139882254204634e-03 4.666731085645015042e+00
1.597000000000000064e+01 6.845648603835737811e-01 9.739014445129324793e-01 1.482145413887444099e-03 4.415213670691786163e+00
1.597499999999999964e+01 6.917030616904449314e-01 9.739552865486533761e-01 1.490881332342171468e-03 4.155438982654459323e+00
1.598000000000000043e+01 6.984034025977403637e-01 9.740118753342758007e-01 1.499317706973810668e-03 3.888781278180327927e+00
1.598500000000000121e+01 7.048912664699817920e-01 9.740710363819724549e-01 1.507427615509633915e-03 3.616620157712812755e+00
1.599000000000000021e+01 7.109403539001781791e-01 9.741325919897446672e-01 1.515187118570172648e-03 3.340377177267724207e+00
1.599500000000000099e+01 7.165827907852501122e-01 9.741963616584918828e-01 1.522575197153290625e-03 3.061496721717310798e+00
1.600000000000000000e+01 7.218281991794216479e-01 9.742621630669403565e-01 1.529573645670826267e-03 2.781349672364461512e+00
1.600499999999999901e+01 7.266138172337224255e-01 9.743298127203039449e-01 1.536166923953864640e-03 2.501248567252860155e+00
1.601000000000000156e+01 7.310012143818009900e-01 9.743991265709740501e-01 1.542341979946791055e-03 2.222424345142497870e+00
1.601500000000000057e+01 7.349954394906592636e-01 9.744699206195465147e-01 1.548088047570042938e-03 1.946162449015682361e+00
1.601999999999999957e+01 7.387290305704551363e-01 9.745420119533767522e-01 1.553396433542460686e-03 1.673597925514543006e+00
1.602499999999999858e+01 7.420790657645185417e-01 9.746152191915598006e-01 1.558260320794848698e-03 1.405772672461947703e+00
1.603000000000000114e+01 7.449987111436697784e-01 9.746893631222288690e-01 1.562674587143008699e-03 1.143619392404556567e+00
1.603500000000000014e+01 7.475646705024882044e-01 9.747642674204813895e-01 1.566635643739175496e-03 8.880125669830367663e-01
1.603999999999999915e+01 7.497691948059423961e-01 9.748397590141568703e-01 1.570141278181601610e-03 6.396848067357614465e-01
1.604500000000000171e+01 7.515744123090984941e-01 9.749156683985841232e-01 1.573190527494058334e-03 3.993136659643561348e-01
1.605000000000000071e+01 7.531406541740194305e-01 9.749918301301869761e-01 1.575783563651214116e-03 1.674582322214678010e-01
1.605499999999999972e+01 7.544393569094198781e-01 9.750680829085321966e-01 1.577921620599913614e-03 -5.540662818786482036e-02
1.605999999999999872e+01 7.555050193295916872e-01 9.751442696782401942e-01 1.579606956474108575e-03 -2.688738985668063797e-01
1.606500000000000128e+01 7.562217972910469932e-01 9.752202376296895681e-01 1.580842850104165719e-03 -4.726141853856424824e-01
1.607000000000000028e+01 7.566471152673081013e-01 9.752958381962751888e-01 1.581633630515917512e-03 -6.663533832647640098e-01
1.607499999999999929e+01 7.568433816554714921e-01 9.753709267557405527e-01 1.581984712738769951e-03 -8.498716485706276913e-01
1.608000000000000185e+01 7.567314978474757314e-01 9.754453624859285021e-01 1.581902645336751533e-03 -1.022990163974825784e+00
1.608500000000000085e+01 7.564459367613273200e-01 9.755190080282746257e-01 1.581395178736899176e-03 -1.185554409753543759e+00
1.608999999999999986e+01 7.560049869466796135e-01 9.755917290481024295e-01 1.580471360924812132e-03 -1.337438450634525822e+00
1.609499999999999886e+01 7.553788500755231894e-01 9.756633938957750551e-01 1.579141650493847641e-03 -1.478533759231398514e+00
1.610000000000000142e+01 7.545198493700532305e-01 9.757338731930919051e-01 1.577418013635284661e-03 -1.608744114149954330e+00
1.610500000000000043e+01 7.534168599105965924e-01 9.758030393540346736e-01 1.575314002665761676e-03 -1.727980112395077095e+00
1.610999999999999943e+01 7.521792160368088176e-01 9.758707661425154445e-01 1.572844830897540767e-03 -1.836148815586994942e+00
1.611500000000000199e+01 7.507052483866026860e-01 9.759369280965400906e-01 1.570027445191290181e-03 -1.933151544837800273e+00
1.612000000000000099e+01 7.491069423384399961e-01 9.760014001150755236e-01 1.566880594199032087e-03 -2.018878279874307680e+00
1.612500000000000000e+01 7.473744224713897433e-01 9.760640570199270449e-01 1.563424872254522624e-03 -2.093204286276308945e+00
1.612999999999999901e+01 7.455128795840701983e-01 9.761247731514413051e-01 1.559682734227125014e-03 -2.155986870965839408e+00
1.613500000000000156e+01 7.434444554306929298e-01 9.761834219832550286e-01 1.555678487708879367e-03 -2.207060298781148067e+00
1.614000000000000057e+01 7.411611661240472548e-01 9.762398758506480867e-01 1.551438258551308437e-03 -2.246230938200923788e+00
1.614499999999999957e+01 7.387482970437696528e-01 9.762940056392396260e-01 1.546989925035083605e-03 -2.273273190781014641e+00
1.614999999999999858e+01 7.361103097646126692e-01 9.763456805299400854e-01 1.542363021802867391e-03 -2.287925353608776469e+00
1.615500000000000114e+01 7.333905807069379668e-01 9.763947678223113824e-01 1.537588610333213328e-03 -2.289884900781168131e+00
1.616000000000000014e+01 7.304712871047294165e-01 9.764411327593510714e-01 1.532699123736933023e-03 -2.278806585883972780e+00
1.616499999999999915e+01 7.273813706350724662e-01 9.764846384929779521e-01 1.527728198818921078e-03 -2.254293113871172594e+00
1.617000000000000171e+01 7.240640572166211486e-01 9.765251460809267758e-01 1.522710487579759806e-03 -2.215895679274608732e+00
1.617500000000000071e+01 7.206271714136677220e-01 9.765625145775176374e-01 1.517681429285625602e-03 -2.163116879682244864e+00
1.617999999999999972e+01 7.169400048836512829e-01 9.765966013216845765e-01 1.512676976237158511e-03 -2.095398234582367625e+00
1.618499999999999872e+01 7.129684507194823384e-01 9.766272622037708295e-01 1.507733285897087504e-03 -2.012123813320777277e+00
1.619000000000000128e+01 7.087911840570173538e-01 9.766543522541030198e-01 1.502886404033121782e-03 -1.912627082041917559e+00
1.619500000000000028e+01 7.043514012210433384e-01 9.766777262530205173e-01 1.498171917894768838e-03 -1.796198806827181249e+00
1.619999999999999929e+01 6.997040434020534994e-01 9.766972394736489482e-01 1.493624582025069019e-03 -1.662071156704408859e+00
1.620500000000000185e+01 6.946690345949112499e-01 9.767127487424831500e-01 1.489277912559869906e-03 -1.509448263347974661e+00
1.621000000000000085e+01 6.893736100157573654e-01 9.767241134664028657e-01 1.485163755405244281e-03 -1.337550823784479315e+00
1.621499999999999986e+01 6.837522708600571875e-01 9.767311970441182600e-01 1.481311815551991304e-03 -1.145590082468358251e+00
1.621999999999999886e+01 6.789862467180957095e-01 9.767338684504629498e-01 1.477749134389012928e-03 -9.328196341610691666e-01
1.622500000000000142e+01 6.739224375194187155e-01 9.767320039604776571e-01 1.474499525741418491e-03 -6.986168189001141782e-01
1.623000000000000043e+01 6.683700676604144020e-01 9.767254890460462802e-01 1.471582970398786208e-03 -4.425470950587630514e-01
1.623499999999999943e+01 6.624546234912180864e-01 9.767142205875829486e-01 1.469014990276875949e-03 -1.642534884466739786e-01
1.624000000000000199e+01 6.560456457708939704e-01 9.766981095467986984e-01 1.466806011482465989e-03 1.362931598625144736e-01
1.624500000000000099e+01 6.511625517663758300e-01 9.766770839840756002e-01 1.464960728740104245e-03 4.587575038891071877e-01
1.625000000000000000e+01 6.514075239658978500e-01 9.766510923206593864e-01 1.463477497027129443e-03 8.023777843516677333e-01
1.625499999999999901e+01 6.513677766354055709e-01 9.766201074071483301e-01 1.462347805153645488e-03 1.165890726946616329e+00
1.626000000000000156e+01 6.521210784021774787e-01 9.765841305276876660e-01 1.461555911447584306e-03 1.547468997246367550e+00
1.626500000000000057e+01 6.529597756296141586e-01 9.765431966338575798e-01 1.461078713065723424e-03 1.944594299541386295e+00
1.626999999999999957e+01 6.534423020935251625e-01 9.764973788645068264e-01 1.460885919886435996e-03 2.354025952812437872e+00
1.627499999999999858e+01 6.536902300930907961e-01 9.764467934195770749e-01 1.460940648135892160e-03 2.771799889925399718e+00
1.628000000000000114e+01 6.535872561366544709e-01 9.763916035219134537e-01 1.461200543758374437e-03 3.193287992668417896e+00
1.628500000000000014e+01 6.543606274418126700e-01 9.763320242384337933e-01 1.461619490927881185e-03 3.613339784928061960e+00
1.628999999999999915e+01 6.553380927290411995e-01 9.762683240379856908e-01 1.462149877866457956e-03 4.026424590892636601e+00
1.629500000000000171e+01 6.559489858440628041e-01 9.762008245821904850e-01 1.462745305809152845e-03 4.426866141247730368e+00
1.630000000000000071e+01 6.563927516081752289e-01 9.761298976902509361e-01 1.463363588195398281e-03 4.809192111218573373e+00
1.630499999999999972e+01 6.564931472757977726e-01 9.760559592184184785e-01 1.463969756138772766e-03 5.168468367301370492e+00
1.630999999999999872e+01 6.562582706059985060e-01 9.759794602132102481e-01 1.464538714633126151e-03 5.500591044027536292e+00
1.631500000000000128e+01 6.562637676718680035e-01 9.759008761342293781e-01 1.465057148734199514e-03 5.802521125138424551e+00
1.632000000000000028e+01 6.569033710350870026e-01 9.758206941940879009e-01 1.465524393362049481e-03 6.072410423826017478e+00
1.632499999999999929e+01 6.573737098288771064e-01 9.757394013518908560e-01 1.465952168226356857e-03 6.309596898418500466e+00
1.633000000000000185e+01 6.575118368417259829e-01 9.756574733031950775e-01 1.466363272076449519e-03 6.514498322831699717e+00
1.633500000000000085e+01 6.573612839100427818e-01 9.755753660425288132e-01 1.466789523651007999e-03 6.688420356158123248e+00
1.633999999999999986e+01 6.579650079543064578e-01 9.754935104565558568e-01 1.467269316152637702e-03 6.833329208663696086e+00
1.634499999999999886e+01 6.587421320544284420e-01 9.754123095986566572e-01 1.467845149584452204e-03 6.951632527452020760e+00
1.635000000000000142e+01 6.593005518615986382e-01 9.753321385894646589e-01 1.468561421966526779e-03 7.045988082204559966e+00
1.635500000000000043e+01 6.595442422914370439e-01 9.752533461207648635e-01 1.469462610977691989e-03 7.119156736228374527e+00
1.635999999999999943e+01 6.596020293847378868e-01 9.751762566331564352e-01 1.470591868745722321e-03 7.173902269048034519e+00
1.636500000000000199e+01 6.593545705937896573e-01 9.751011726832720106e-01 1.471990004678009126e-03 7.212927370776643698e+00
1.637000000000000099e+01 6.589226622499740893e-01 9.750283770508075820e-01 1.473694799427003981e-03 7.238829990236789413e+00
1.637500000000000000e+01 6.591596153263338254e-01 9.749581342622868352e-01 1.475740597246543578e-03 7.254076104158616367e+00
1.637999999999999901e+01 6.594945090833205237e-01 9.748906916813520063e-01 1.478158098249646949e-03 7.260976442980616063e+00
1.638500000000000156e+01 6.595569049448518628e-01 9.748262801855690496e-01 1.480974259042703656e-03 7.261659200095222921e+00
1.639000000000000057e+01 6.593858893725609294e-01 9.747651145019119445e-01 1.484212219193826229e-03 7.258033232956557335e+00
1.639499999999999957e+01 6.590490871811146567e-01 9.747073932874532609e-01 1.487891199031843390e-03 7.251740617076539941e+00
1.639999999999999858e+01 6.592418424403291288e-01 9.746532990245546646e-01 1.492026348278055730e-03 7.244101821651291573e+00
1.640500000000000114e+01 6.600238637868779401e-01 9.746029979004573462e-01 1.496628545863683529e-03 7.236057628143498732e+00
1.641000000000000014e+01 6.605442102744066846e-01 9.745566392623296048e-01 1.501704168149595132e-03 7.228129072070169414e+00
1.641499999999999915e+01 6.609639478347186792e-01 9.745143555046739126e-01 1.507254861662069359e-03 7.220388023162310098e+00
1.642000000000000171e+01 6.612116529574195711e-01 9.744762618527582632e-01 1.513277350704356769e-03 7.212456304903032134e+00
1.642500000000000071e+01 6.611728505354059759e-01 9.744424563127355166e-01 1.519763322758210713e-03 7.203534558295230816e+00
1.642999999999999972e+01 6.608641334122324906e-01 9.744130197889067091e-01 1.526699410927148063e-03 7.192460402644882400e+00
1.643499999999999872e+01 6.612381887202067876e-01 9.743880164958044210e-01 1.534067275081639177e-03 7.177787945412105408e+00
1.644000000000000128e+01 6.622207358815617173e-01 9.743674943794435883e-01 1.541843767533564906e-03 7.157883878082851759e+00
1.644500000000000028e+01 6.630418228776115974e-01 9.743514858239765708e-01 1.550001170400198362e-03 7.131022127733976035e+00
1.644999999999999929e+01 6.636014153264879756e-01 9.743400083732498551e-01 1.558507496216381995e-03 7.095473691212544232e+00
1.645500000000000185e+01 6.638749576971891830e-01 9.743330655362197890e-01 1.567326846428131323e-03 7.049571554180215749e+00
1.646000000000000085e+01 6.639828438415468215e-01 9.743306477791118247e-01 1.576419823400463608e-03 6.991769368000507079e+00
1.646499999999999986e+01 6.638273134950106735e-01 9.743327331023720062e-01 1.585743982674281492e-03 6.920687513781490274e+00
1.646999999999999886e+01 6.636011894011852874e-01 9.743392876709198180e-01 1.595254299202378094e-03 6.835146158000517502e+00
1.647500000000000142e+01 6.634402033987842895e-01 9.743502660411285099e-01 1.604903646223520631e-03 6.734192768943494833e+00
1.648000000000000043e+01 6.642804916797050430e-01 9.743656113206730085e-01 1.614643286551212687e-03 6.617120376544014526e+00
1.648499999999999943e+01 6.649460267276073866e-01 9.743852548899163413e-01 1.624423378356821624e-03 6.483493176303044336e+00
1.649000000000000199e+01 6.653712335895047847e-01 9.744091162756933766e-01 1.634193498681481673e-03 6.333121828906139505e+00
1.649500000000000099e+01 6.655181320241119192e-01 9.744371036740310243e-01 1.643903193428013785e-03 6.166086536081036407e+00
1.650000000000000000e+01 6.655040185151335219e-01 9.744691143238894959e-01 1.653502520876140233e-03 5.982702658749248670e+00
1.650499999999999901e+01 6.653186991989874510e-01 9.745050344218662008e-01 1.662942564400441466e-03 5.783490734068294614e+00
1.651000000000000156e+01 6.650491407321240667e-01 9.745447401183744418e-01 1.672175921225997966e-03 5.569162173995821696e+00
1.651500000000000057e+01 6.675405073399682809e-01 9.745880978943735062e-01 1.681157149155919784e-03 5.340577623975370614e+00
1.651999999999999957e+01 6.757918706331118575e-01 9.746349653823423997e-01 1.689843172218872310e-03 5.098740966399923913e+00
1.652499999999999858e+01 6.837616865224543927e-01 9.746851920714115769e-01 1.698193637910132021e-03 4.844783444190150057e+00
1.653000000000000114e+01 6.913545966682842492e-01 9.747386201114338622e-01 1.706171206453054338e-03 4.579933502502844256e+00
1.653500000000000014e+01 6.985255714327262000e-01 9.747950851904176872e-01 1.713741759291999029e-03 4.305499793419275356e+00
1.653999999999999915e+01 7.053900278323443906e-01 9.748544172647833905e-01 1.720874539655092373e-03 4.022856901938591356e+00
1.654500000000000171e+01 7.119105545893921194e-01 9.749164410632407129e-01 1.727542241939557894e-03 3.733393738562532871e+00
1.655000000000000071e+01 7.181199633931454329e-01 9.749809772123497753e-01 1.733721057820536036e-03 3.438579937188019908e+00
1.655499999999999972e+01 7.238701785641654673e-01 9.750478425620832112e-01 1.739390662283342914e-03 3.139943230380968231e+00
1.655999999999999872e+01 7.291742500755250544e-01 9.751168512352577089e-01 1.744534134852925109e-03 2.838973947901986428e+00
1.656500000000000128e+01 7.341150787425148039e-01 9.751878152258935950e-01 1.749137821123272459e-03 2.537118924126755104e+00
1.657000000000000028e+01 7.385893653155940486e-01 9.752605450625526640e-01 1.753191181911542985e-03 2.235738632712355844e+00
1.657499999999999929e+01 7.426585880996645628e-01 9.753348501556793337e-01 1.756686646153409132e-03 1.936288479653380579e+00
1.658000000000000185e+01 7.463392472448970860e-01 9.754105399864361203e-01 1.759619424711887647e-03 1.640081455777866237e+00
1.658500000000000085e+01 7.497170589836945620e-01 9.754874245110740638e-01 1.761987317951794682e-03 1.348336136121665918e+00
1.658999999999999986e+01 7.527377418188808678e-01 9.755653147386167401e-01 1.763790509808132231e-03 1.062159410007230020e+00
1.659499999999999886e+01 7.553239378392201386e-01 9.756440235222367807e-01 1.765031374435619685e-03 7.825965394262827113e-01
1.660000000000000142e+01 7.575826262463072336e-01 9.757233658781154784e-01 1.765714282892176523e-03 5.105484552137190546e-01
1.660500000000000043e+01 7.594548554770227389e-01 9.758031593763928369e-01 1.765845434519431332e-03 2.468471308918104845e-01
1.660999999999999943e+01 7.609469189002912026e-01 9.758832247463653520e-01 1.765432697726751314e-03 -7.813024693436879109e-03
1.661500000000000199e+01 7.621623931045106159e-01 9.759633858912801774e-01 1.764485513504033013e-03 -2.528222811498604394e-01
1.662000000000000099e+01 7.630072144706526727e-01 9.760434701296633042e-01 1.763014816484002835e-03 -4.876631890134403013e-01
1.662500000000000000e+01 7.637132925688490115e-01 9.761233083563514157e-01 1.761032966701093789e-03 -7.119049595619130200e-01
1.662999999999999901e+01 7.640672241531167863e-01 9.762027349077143645e-01 1.758553677992992417e-03 -9.251907265541017278e-01
1.663500000000000156e+01 7.641855517293836275e-01 9.762815875803286803e-01 1.755591979227925014e-03 -1.127224729277636062e+00
1.664000000000000057e+01 7.640072259020644907e-01 9.763597075490969557e-01 1.752164226258434579e-03 -1.317755263781031916e+00
1.664499999999999957e+01 7.635343218421923872e-01 9.764369391434835066e-01 1.748288139109498412e-03 -1.496576962670507882e+00
1.664999999999999858e+01 7.628438982766778675e-01 9.765131296420022089e-01 1.743982832345502892e-03 -1.663518385522371634e+00
1.665500000000000114e+01 7.618946714193000069e-01 9.765881289228017792e-01 1.739268821630752995e-03 -1.818435931220198087e+00
1.666000000000000014e+01 7.608036613513706747e-01 9.766617891751361302e-01 1.734168049287005808e-03 -1.961201090950661641e+00
1.666499999999999915e+01 7.595048951487269884e-01 9.767339645082123711e-01 1.728703927358862715e-03 -2.091692045163267455e+00
1.667000000000000171e+01 7.580291362125255450e-01 9.768045104865777928e-01 1.722901382005715245e-03 -2.209791696891238999e+00
1.667500000000000071e+01 7.563282028447726457e-01 9.768732838303537669e-01 1.716786868210741024e-03 -2.315379112856352783e+00
1.667999999999999972e+01 7.543860860775497557e-01 9.769401421019493492e-01 1.710388357006158329e-03 -2.408324955543330148e+00
1.668499999999999872e+01 7.522690424895994710e-01 9.770049433740105593e-01 1.703735320860834922e-03 -2.488489161450934350e+00
1.669000000000000128e+01 7.498965929682893661e-01 9.770675460030243675e-01 1.696858708961837244e-03 -2.555712391276814266e+00
1.669500000000000028e+01 7.474443933303239751e-01 9.771278083967357420e-01 1.689790896934440390e-03 -2.609811360961979076e+00
1.669999999999999929e+01 7.447857286247062669e-01 9.771855887695637399e-01 1.682565610835125118e-03 -2.650575991770950601e+00
1.670500000000000185e+01 7.419738953967828232e-01 9.772407449815749825e-01 1.675217819365347818e-03 -2.677765160260802357e+00
1.671000000000000085e+01 7.389069002213334292e-01 9.772931344147784971e-01 1.667783593783411702e-03 -2.691102353826630988e+00
1.671499999999999986e+01 7.356250040497877007e-01 9.773426139063677853e-01 1.660299955669067599e-03 -2.690270637191512382e+00
1.671999999999999886e+01 7.321802523325827705e-01 9.773890397448495859e-01 1.652804710468931204e-03 -2.674909649978024717e+00
1.672500000000000142e+01 7.285480917137783230e-01 9.774322677540294713e-01 1.645336235002896330e-03 -2.644613963268721779e+00
1.673000000000000043e+01 7.247169172783881619e-01 9.774721534958590308e-01 1.637933212972547854e-03 -2.598929932966725698e+00
1.673499999999999943e+01 7.205697736108905849e-01 9.775085525532959396e-01 1.630634345187048162e-03 -2.537352478883262652e+00
1.674000000000000199e+01 7.163934588140953297e-01 9.775413209390608760e-01 1.623478048107541635e-03 -2.459323433472730080e+00
1.674500000000000099e+01 7.123020014163796709e-01 9.775703156853535747e-01 1.616502147428191096e-03 -2.364238844439896958e+00
1.675000000000000000e+01 7.089794072780772893e-01 9.775953954747166330e-01 1.609743527985524943e-03 -2.251445984937225031e+00
1.675499999999999901e+01 7.053281749021408364e-01 9.776164214707988576e-01 1.603237784322142801e-03 -2.120255935354004695e+00
1.676000000000000156e+01 7.013375462409061623e-01 9.776332580964205432e-01 1.597018839858978766e-03 -1.969965656437440149e+00
1.676500000000000057e+01 6.970954963782254321e-01 9.776457741243640420e-01 1.591118539029403017e-03 -1.799834013505837271e+00
1.676999999999999957e+01 6.925410925589416955e-01 9.776538441690791892e-01 1.585566193870381830e-03 -1.609136186370526689e+00
1.677499999999999858e+01 6.876483270445205020e-01 9.776573501233459806e-01 1.580388094120392314e-03 -1.397206782560661553e+00
1.678000000000000114e+01 6.823066265574248002e-01 9.776561828620303762e-01 1.575606984301720220e-03 -1.163421109678725918e+00
1.678500000000000014e+01 6.765809994639219171e-01 9.776502442245837976e-01 1.571241508675142069e-03 -9.073086231082866382e-01
1.678999999999999915e+01 6.704852820533703239e-01 9.776394489939850274e-01 1.567305635707158095e-03 -6.286556331886160587e-01
1.679500000000000171e+01 6.639714361615740579e-01 9.776237275144712413e-01 1.563808070407319596e-03 -3.273542734020037370e-01
1.680000000000000071e+01 6.585749072323551223e-01 9.776030288278211300e-01 1.560751666090398962e-03 -3.680383219172821130e-03
1.680499999999999972e+01 6.598331205864715887e-01 9.775773241009571013e-01 1.558132891745158018e-03 3.416717903496656605e-01
1.680999999999999872e+01 6.608438392128500594e-01 9.775466102020158310e-01 1.555941425571622135e-03 7.075155340529559744e-01
1.681500000000000128e+01 6.613735682512842384e-01 9.775109139781305023e-01 1.554159908276488578e-03 1.092152236269085863e+00
1.682000000000000028e+01 6.614513888356787774e-01 9.774702963592487581e-01 1.552763923904241063e-03 1.493253714863711057e+00
1.682499999999999929e+01 6.611860804926612545e-01 9.774248572823163173e-01 1.551722311569502357e-03 1.907816343642805057e+00
1.683000000000000185e+01 6.617610205034943904e-01 9.773747390428090265e-01 1.550997923295587911e-03 2.332164778020446416e+00
1.683500000000000085e+01 6.626624262189365622e-01 9.773201295537075062e-01 1.550548875907556239e-03 2.762022774637506561e+00
1.683999999999999986e+01 6.631309256100277327e-01 9.772612638030798715e-01 1.550330255270992649e-03 3.192641502666003106e+00
1.684499999999999886e+01 6.631585509612918372e-01 9.771984249520118126e-01 1.550296235652941874e-03 3.618987760680883792e+00
1.685000000000000142e+01 6.628435029694795810e-01 9.771319406348021319e-01 1.550402519498801169e-03 4.035926664952070198e+00
1.685500000000000043e+01 6.635543432937467401e-01 9.770621779937864737e-01 1.550608901187856305e-03 4.438482347506908177e+00
1.685999999999999943e+01 6.646021650197354580e-01 9.769895356607587455e-01 1.550881644458783695e-03 4.822129577449354443e+00
1.686500000000000199e+01 6.652355685013876530e-01 9.769144337722099891e-01 1.551195340128245668e-03 5.183007227610877621e+00
1.687000000000000099e+01 6.654324697411319045e-01 9.768373033865390687e-01 1.551533998241358186e-03 5.518065953175771199e+00
1.687500000000000000e+01 6.652969628206603092e-01 9.767585760161048292e-01 1.551891261860447509e-03 5.825142274434137235e+00
1.687999999999999901e+01 6.649686785966149039e-01 9.766786742864942417e-01 1.552269815397184670e-03 6.102954983745661366e+00
1.688500000000000156e+01 6.657484974955525381e-01 9.765980052873109996e-01 1.552680183202036299e-03 6.351038521750364652e+00
1.689000000000000057e+01 6.663853704159077296e-01 9.765169563378086615e-01 1.553139185686734907e-03 6.569651040939861630e+00
1.689499999999999957e+01 6.666578968395250326e-01 9.764358936347705686e-01 1.553668330640622973e-03 6.759667894126534904e+00
1.689999999999999858e+01 6.665443467406123590e-01 9.763551630976931017e-01 1.554292325372177855e-03 6.922479758496171698e+00
1.690500000000000114e+01 6.662297880054294241e-01 9.762750922465882608e-01 1.555037790299725617e-03 7.059902663135668277e+00
1.691000000000000014e+01 6.667086243811212176e-01 9.761959926593309911e-01 1.555932197129916879e-03 7.174089887218912054e+00
1.691499999999999915e+01 6.674495388188673717e-01 9.761181621151029386e-01 1.557003026688371077e-03 7.267447300228806917e+00
1.692000000000000171e+01 6.678163563410026704e-01 9.760418861320570016e-01 1.558277150122577620e-03 7.342549909096365290e+00
1.692500000000000071e+01 6.678552980878805778e-01 9.759674387436459986e-01 1.559780424130032938e-03 7.402065355587509110e+00
1.692999999999999972e+01 6.676125553431397908e-01 9.758950829784316383e-01 1.561537439608200531e-03 7.448669534296720407e+00
1.693499999999999872e+01 6.671396919573068240e-01 9.758250706502418215e-01 1.563571342516726932e-03 7.484963039636062021e+00
1.694000000000000128e+01 6.669712087825979685e-01 9.757576418802484941e-01 1.565903647465215556e-03 7.513382296916315539e+00
1.694500000000000028e+01 6.673505985498482396e-01 9.756930243983931161e-01 1.568553989251572243e-03 7.536106901980210715e+00
1.694999999999999929e+01 6.674368957211009867e-01 9.756314327479242987e-01 1.571539791075932460e-03 7.554968898708414926e+00
1.695500000000000185e+01 6.672599520257486150e-01 9.755730674594441654e-01 1.574875855637486964e-03 7.571373727802392040e+00
1.696000000000000085e+01 6.667571146566871887e-01 9.755181142763227342e-01 1.578573912327447312e-03 7.586244004565971366e+00
1.696499999999999986e+01 6.662726924047686072e-01 9.754667435347472715e-01 1.582642172132540416e-03 7.599994454681502809e+00
1.696999999999999886e+01 6.671189508013841696e-01 9.754191097599753668e-01 1.587084941662582219e-03 7.612542210325348613e+00
1.697500000000000142e+01 6.678245709242575101e-01 9.753753512318061869e-01 1.591902341754244119e-03 7.623360030327776649e+00
1.698000000000000043e+01 6.683850239205395560e-01 9.753355901520661675e-01 1.597090135170968830e-03 7.631550572082749007e+00
1.698499999999999943e+01 6.686028568830363339e-01 9.752999327489496606e-01 1.602639653055950133e-03 7.635943085811164543e+00
1.699000000000000199e+01 6.685374342583776386e-01 9.752684695738773613e-01 1.608537801867803655e-03 7.635196449698971932e+00
1.699500000000000099e+01 6.682162467180553511e-01 9.752412758797488479e-01 1.614767136816251062e-03 7.627895888970462224e+00
1.700000000000000000e+01 6.676010918674586403e-01 9.752184121963011210e-01 1.621305999921115494e-03 7.612631338770922795e+00
1.700499999999999901e+01 6.681035432578737998e-01 9.751999247794416181e-01 1.628128722844163385e-03 7.588055797910091549e+00
1.701000000000000156e+01 6.689409796779286488e-01 9.751858462509483960e-01 1.635205885047661496e-03 7.552916191670497881e+00
1.701500000000000057e+01 6.695408868023726701e-01 9.751761961892257968e-01 1.642504606518060311e-03 7.506068261103258976e+00
1.701999999999999957e+01 6.698790995881672705e-01 9.751709815130780168e-01 1.649988854423991864e-03 7.446470055677465005e+00
1.702499999999999858e+01 6.698951440637300747e-01 9.751701971966316718e-01 1.657619761207203540e-03 7.373176679700314651e+00
1.703000000000000114e+01 6.696580971074627131e-01 9.751738262035936078e-01 1.665355972199849578e-03 7.285348407216750921e+00
1.703500000000000014e+01 6.691715888329898831e-01 9.751818397809275396e-01 1.673154031009337940e-03 7.182257027271591987e+00
1.703999999999999915e+01 6.685047786117247481e-01 9.751941972542488291e-01 1.680968810609256067e-03 7.063306628154947475e+00
1.704500000000000171e+01 6.687085735784820129e-01 9.752108459580255406e-01 1.688753982581420177e-03 6.928051590675172733e+00
1.705000000000000071e+01 6.693435104505681688e-01 9.752317210580265794e-01 1.696462503818745114e-03 6.776230099102102500e+00
1.705499999999999972e+01 6.697564583652583226e-01 9.752567451525009368e-01 1.704047104055461930e-03 6.607774610249663283e+00
1.705999999999999872e+01 6.699656829074035480e-01 9.752858285019817552e-01 1.711460787381183842e-03 6.422809943890515960e+00
1.706500000000000128e+01 6.699424566411672499e-01 9.753188700444915815e-01 1.718657345007872051e-03 6.221685655749050525e+00
1.707000000000000028e+01 6.697101159202939469e-01 9.753557570674566968e-01 1.725591848365594415e-03 6.004927434106154926e+00
1.707499999999999929e+01 6.691894883858675591e-01 9.753963661606974700e-01 1.732221135007238613e-03 5.773245140561830802e+00
1.708000000000000185e+01 6.731815141237291744e-01 9.754405637350791469e-01 1.738504242789708134e-03 5.527501463428893480e+00
1.708500000000000085e+01 6.812675425754393110e-01 9.754882067481863706e-01 1.744402777113287714e-03 5.268702863581405715e+00
1.708999999999999986e+01 6.889789649449693520e-01 9.755391434631318637e-01 1.749881232535268390e-03 4.997997822881953489e+00
1.709499999999999886e+01 6.964087917884992374e-01 9.755932142180191446e-01 1.754907277404612947e-03 4.716650686580592833e+00
1.710000000000000142e+01 7.034291615956492771e-01 9.756502522933475641e-01 1.759451982839866551e-03 4.426016852068944907e+00
1.710500000000000043e+01 7.100439086488821161e-01 9.757100847899508045e-01 1.763489972390018794e-03 4.127524761516443874e+00
1.710999999999999943e+01 7.163099745157890386e-01 9.757725331000027813e-01 1.766999496296390703e-03 3.822632598730077547e+00
1.711500000000000199e+01 7.221207306041900198e-01 9.758374138815230081e-01 1.769962455577709596e-03 3.512889390537058620e+00
1.712000000000000099e+01 7.276388254233965291e-01 9.759045393276439828e-01 1.772364398694695545e-03 3.199903629735171062e+00
1.712500000000000000e+01 7.327768964286142106e-01 9.759737182279226708e-01 1.774194476223936575e-03 2.885246961178499880e+00
1.712999999999999901e+01 7.375158798164124230e-01 9.760447566033580991e-01 1.775445336826744509e-03 2.570445751871630158e+00
1.713500000000000156e+01 7.418411283239210174e-01 9.761174583821350392e-01 1.776112973928665410e-03 2.256940128759436170e+00
1.714000000000000057e+01 7.457007246724653982e-01 9.761916257858479495e-01 1.776196576673584170e-03 1.946270226221171074e+00
1.714499999999999957e+01 7.492040944252575940e-01 9.762670605603602780e-01 1.775698314172773767e-03 1.639823262807350579e+00
1.715000000000000213e+01 7.522678316359981965e-01 9.763435643919281537e-01 1.774623134312966911e-03 1.338893532997517566e+00
1.715500000000000114e+01 7.549091551148616741e-01 9.764209394939062925e-01 1.772978544767764460e-03 1.044647716018348493e+00
1.716000000000000014e+01 7.572703642695135517e-01 9.764989893249417241e-01 1.770774410140368632e-03 7.581969095535137093e-01
1.716499999999999915e+01 7.593007998912990608e-01 9.765775190278358497e-01 1.768022770675861839e-03 4.804939560684236555e-01
1.717000000000000171e+01 7.609703184244942520e-01 9.766563356930353379e-01 1.764737679497819720e-03 2.124234912071076287e-01
1.717500000000000071e+01 7.622294728555198962e-01 9.767352489726651710e-01 1.760935015120717760e-03 -4.527457859781919280e-02
1.717999999999999972e+01 7.631891596955172608e-01 9.768140710886676903e-01 1.756632303398586361e-03 -2.919519686730500663e-01
1.718499999999999872e+01 7.637932733930815621e-01 9.768926169816211091e-01 1.751848595778680373e-03 -5.270598385769231786e-01
1.719000000000000128e+01 7.640457708207271104e-01 9.769707046316524757e-01 1.746604385691895647e-03 -7.501357484704682665e-01
1.719500000000000028e+01 7.640464092596285228e-01 9.770481550368971257e-01 1.740921552861726760e-03 -9.607929888608176539e-01
1.719999999999999929e+01 7.638079907584358619e-01 9.771247922399045605e-01 1.734823296593557143e-03 -1.158713754751079517e+00
1.720500000000000185e+01 7.633580678655788043e-01 9.772004432760130754e-01 1.728334075547065989e-03 -1.343622748032062830e+00
1.721000000000000085e+01 7.625496778602681713e-01 9.772749378766950601e-01 1.721479574327423878e-03 -1.515291678429543820e+00
1.721499999999999986e+01 7.615045351945480823e-01 9.773481082368458139e-01 1.714286703667897583e-03 -1.673527074466484299e+00
1.721999999999999886e+01 7.601965885644033083e-01 9.774197887639108906e-01 1.706783583846343145e-03 -1.818161357069984163e+00
1.722500000000000142e+01 7.585944281910338427e-01 9.774898158587650432e-01 1.698999507932013806e-03 -1.949044566124430666e+00
1.723000000000000043e+01 7.568202226145036571e-01 9.775580277384554595e-01 1.690964908543917712e-03 -2.066030265424228851e+00
1.723499999999999943e+01 7.548323766804245771e-01 9.776242641535939359e-01 1.682711331138743525e-03 -2.168973397739092590e+00
1.724000000000000199e+01 7.526447012693960881e-01 9.776883661667479242e-01 1.674271402732077033e-03 -2.257722758202682645e+00
1.724500000000000099e+01 7.502378505144422505e-01 9.777501759866827902e-01 1.665678780703327803e-03 -2.332115154932382861e+00
1.725000000000000000e+01 7.475846882236313329e-01 9.778095367425991835e-01 1.656968079391022818e-03 -2.391972049879603990e+00
1.725499999999999901e+01 7.446765840087488098e-01 9.778662922674647984e-01 1.648174767560845692e-03 -2.437094954217779108e+00
1.726000000000000156e+01 7.415677521137127304e-01 9.779202870314630536e-01 1.639335044909416474e-03 -2.467258225242809910e+00
1.726500000000000057e+01 7.382990238435063191e-01 9.779713660580436896e-01 1.630485714426235929e-03 -2.482205727017594121e+00
1.726999999999999957e+01 7.348774145779489730e-01 9.780193749002547010e-01 1.621664029566036776e-03 -2.481648116792156689e+00
1.727500000000000213e+01 7.311308181698323860e-01 9.780641597524963871e-01 1.612907489302105573e-03 -2.465258912866444163e+00
1.728000000000000114e+01 7.269690801278708703e-01 9.781055676664770493e-01 1.604253589169074351e-03 -2.432671416801672315e+00
1.728500000000000014e+01 7.228751646674181908e-01 9.781434468079593936e-01 1.595739565125967388e-03 -2.383479931514313144e+00
1.728999999999999915e+01 7.191735843446015464e-01 9.781776469226668436e-01 1.587402122406023595e-03 -2.317232658283030933e+00
1.729500000000000171e+01 7.158730034977111023e-01 9.782080198385050274e-01 1.579277152869217743e-03 -2.233439659798422738e+00
1.730000000000000071e+01 7.123020110220104062e-01 9.782344200782255861e-01 1.571399415286718875e-03 -2.131567084027320202e+00
1.730499999999999972e+01 7.084763824392528164e-01 9.782567056383543180e-01 1.563802218156026217e-03 -2.011047696234977256e+00
1.730999999999999872e+01 7.042718292778316069e-01 9.782747388450949710e-01 1.556517070847932439e-03 -1.871299088876089423e+00
1.731500000000000128e+01 6.998724403961990026e-01 9.782883874362193755e-01 1.549573304730767582e-03 -1.711719431796801638e+00
1.732000000000000028e+01 6.950760155525174122e-01 9.782975259185302530e-01 1.542997662520706643e-03 -1.531689237796546310e+00
1.732499999999999929e+01 6.899473224463503751e-01 9.783020371816706362e-01 1.536813852850498711e-03 -1.330655784777275308e+00
1.733000000000000185e+01 6.844124918148568604e-01 9.783018141022170600e-01 1.531042068433430834e-03 -1.108096831726787190e+00
1.733500000000000085e+01 6.785559277831225700e-01 9.782967616927792376e-01 1.525698473996366057e-03 -8.635957253646647791e-01
1.733999999999999986e+01 6.723046547925957128e-01 9.782867992066232032e-01 1.520794673103477478e-03 -5.969912144153288747e-01
1.734499999999999886e+01 6.655665398192376347e-01 9.782718626316762034e-01 1.516337143189357053e-03 -3.082208790077756722e-01
1.735000000000000142e+01 6.600573409067919117e-01 9.782519080096733211e-01 1.512326689777750144e-03 2.479499808118896045e-03
1.735500000000000043e+01 6.614027290117704405e-01 9.782269148648458090e-01 1.508757961867239180e-03 3.344718768492124239e-01
1.735999999999999943e+01 6.622138606633531932e-01 9.781968897112638395e-01 1.505619089019865622e-03 6.866820423428904308e-01
1.736500000000000199e+01 6.629892210565145882e-01 9.781618701921215298e-01 1.502891470047065196e-03 1.057566073400779016e+00
1.737000000000000099e+01 6.643905811912717008e-01 9.781219288668477896e-01 1.500549800624571741e-03 1.445030354018952412e+00
1.737500000000000000e+01 6.653713913735634922e-01 9.780771778829152607e-01 1.498562466496324583e-03 1.846370760844317838e+00
1.737999999999999901e+01 6.659233859490413243e-01 9.780277716317650194e-01 1.496892373845916564e-03 2.258287720047834846e+00
1.738500000000000156e+01 6.659502861676195318e-01 9.779739092101402687e-01 1.495498224995530289e-03 2.676955502651171326e+00
1.739000000000000057e+01 6.655160691772197268e-01 9.779158345516070217e-01 1.494336204039820601e-03 3.098145464918248049e+00
1.739499999999999957e+01 6.648806621151059915e-01 9.778538362906327164e-01 1.493362037390210968e-03 3.517404142019838531e+00
1.740000000000000213e+01 6.658555369399511425e-01 9.777882428631667899e-01 1.492533315598890218e-03 3.930208149822822516e+00
1.740500000000000114e+01 6.663738929704458025e-01 9.777194162376759978e-01 1.491811825273365926e-03 4.332166042355816593e+00
1.741000000000000014e+01 6.663915632395510658e-01 9.776477430804898505e-01 1.491165589705093809e-03 4.719246630015364374e+00
1.741499999999999915e+01 6.659512202144746151e-01 9.775736246539959984e-01 1.490570327661459252e-03 5.087935475836347088e+00
1.742000000000000171e+01 6.660676313858258091e-01 9.774974664815253567e-01 1.490010171256648131e-03 5.435321891895087631e+00
1.742500000000000071e+01 6.672002760883312122e-01 9.774196693728528507e-01 1.489477610348961594e-03 5.759132517229024195e+00
1.742999999999999972e+01 6.679046298735535903e-01 9.773406217222887493e-01 1.488972784731746679e-03 6.057723255906554805e+00
1.743499999999999872e+01 6.681690444833300324e-01 9.772606949501098095e-01 1.488502352315367473e-03 6.330038740559843724e+00
1.744000000000000128e+01 6.679177716394526509e-01 9.771802414394543668e-01 1.488078174604354296e-03 6.575575524319731358e+00
1.744500000000000028e+01 6.674607909842414921e-01 9.770995949166244587e-01 1.487716032505614775e-03 6.794351007992243119e+00
1.744999999999999929e+01 6.678242233626814350e-01 9.770190725493523853e-01 1.487434484182499368e-03 6.986879207093851463e+00
1.745500000000000185e+01 6.686852974140577999e-01 9.769389775692676192e-01 1.487253888540592027e-03 7.154151281743886592e+00
1.746000000000000085e+01 6.691314192057727928e-01 9.768596017944395360e-01 1.487195612068276020e-03 7.297603689809099237e+00
1.746499999999999986e+01 6.690998855710112991e-01 9.767812276276324202e-01 1.487281432340812042e-03 7.419069918033476263e+00
1.746999999999999886e+01 6.687691716383943330e-01 9.767041293228724275e-01 1.487533147869786595e-03 7.520713372714380895e+00
1.747500000000000142e+01 6.685654178571840411e-01 9.766285733655860613e-01 1.487972361436229636e-03 7.604948578171173423e+00
1.748000000000000043e+01 6.690352595727296903e-01 9.765548184959625955e-01 1.488620365758633411e-03 7.674343311706527615e+00
1.748499999999999943e+01 6.691074155340397400e-01 9.764831151930646325e-01 1.489498022436556209e-03 7.731502332109404740e+00
1.749000000000000199e+01 6.687686582952420133e-01 9.764137047821574988e-01 1.490625561880110344e-03 7.778939209711699831e+00
1.749500000000000099e+01 6.684384478111669026e-01 9.763468183759882457e-01 1.492022257329334023e-03 7.818943316167056956e+00
1.750000000000000000e+01 6.679836540467928296e-01 9.762826757324394311e-01 1.493705971290583455e-03 7.853455540370403831e+00
1.750499999999999901e+01 6.680516205097346560e-01 9.762214841320867587e-01 1.495692614968272775e-03 7.883968524467425354e+00
1.751000000000000156e+01 6.686590505982068500e-01 9.761634374047948315e-01 1.497995589037560710e-03 7.911464857552278573e+00
1.751500000000000057e+01 6.688693023971776785e-01 9.761087151842970933e-01 1.500625277042218382e-03 7.936400704854637667e+00
1.751999999999999957e+01 6.687422834257664706e-01 9.760574824723204923e-01 1.503588638112163083e-03 7.958733380463313800e+00
1.752500000000000213e+01 6.683002759822271877e-01 9.760098893845048362e-01 1.506888909555141338e-03 7.977987713483836174e+00
1.753000000000000114e+01 6.675693733656968831e-01 9.759660709658607436e-01 1.510525417289117081e-03 7.993354378638088065e+00
1.753500000000000014e+01 6.673590815964999257e-01 9.759261474522420432e-01 1.514493465832830212e-03 8.003793167436285216e+00
1.753999999999999915e+01 6.684589729616245979e-01 9.758902244457831054e-01 1.518784303221706227e-03 8.008136696249183117e+00
1.754500000000000171e+01 6.692455478723954299e-01 9.758583932014772699e-01 1.523385155527197171e-03 8.005179642459051337e+00
1.755000000000000071e+01 6.696891386731514961e-01 9.758307309444178568e-01 1.528279320734116792e-03 7.993745045378300773e+00
1.755499999999999972e+01 6.697521284879880410e-01 9.758073013242518634e-01 1.533446302998012038e-03 7.972723520265127206e+00
1.755999999999999872e+01 6.694828654262691137e-01 9.757881546546800511e-01 1.538861969510368346e-03 7.941091943316049395e+00
1.756500000000000128e+01 6.690378963944730861e-01 9.757733282705324251e-01 1.544498726533044281e-03 7.897910380602622737e+00
1.757000000000000028e+01 6.682930906572878138e-01 9.757628468317545156e-01 1.550325723202933704e-03 7.842312658026457939e+00
1.757499999999999929e+01 6.682351016947414291e-01 9.757567223438396997e-01 1.556309097403457990e-03 7.773490739356621049e+00
1.758000000000000185e+01 6.690776922729906317e-01 9.757549547010531121e-01 1.562412264864652131e-03 7.690681304431649323e+00
1.758500000000000085e+01 6.695928767913846835e-01 9.757575314298474467e-01 1.568596253184923774e-03 7.593180935024716582e+00
1.758999999999999986e+01 6.698134179548946854e-01 9.757644278159127715e-01 1.574820065855232071e-03 7.480360560228198175e+00
1.759499999999999886e+01 6.696588102120276664e-01 9.757756066471885426e-01 1.581041073569425335e-03 7.351695348928723561e+00
1.760000000000000142e+01 6.693907336960925880e-01 9.757910180511395470e-01 1.587215441887231343e-03 7.206790931210767859e+00
1.760500000000000043e+01 6.689124610979870766e-01 9.758105993712117288e-01 1.593298591603588103e-03 7.045418520532368056e+00
1.760999999999999943e+01 6.682450346351549442e-01 9.758342747996162636e-01 1.599245687318751833e-03 6.867548515194195069e+00
1.761500000000000199e+01 6.680052360610505557e-01 9.758619554521652528e-01 1.605012141749186886e-03 6.673328169723250269e+00
1.762000000000000099e+01 6.688084913812674115e-01 9.758935404439639250e-01 1.610554134618263303e-03 6.463138225563420214e+00
1.762500000000000000e+01 6.693246335664079227e-01 9.759289170808083114e-01 1.615829077353185973e-03 6.237543181893231647e+00
1.762999999999999901e+01 6.695435685931085956e-01 9.759679611643756747e-01 1.620796063790556907e-03 5.997287756985302920e+00
1.763500000000000156e+01 6.734703050570086669e-01 9.760105380512931195e-01 1.625416307958642281e-03 5.743283057731923158e+00
1.764000000000000057e+01 6.814985149430808908e-01 9.760565031426519100e-01 1.629653542969552353e-03 5.476575933871565383e+00
1.764499999999999957e+01 6.891474340464482928e-01 9.761057027258746022e-01 1.633474361635513629e-03 5.198358483894514492e+00
1.765000000000000213e+01 6.964702538941913712e-01 9.761579747020578957e-01 1.636848484044157396e-03 4.909943969762998961e+00
1.765500000000000114e+01 7.034179537230380586e-01 9.762131493283976447e-01 1.639748961164801729e-03 4.612738013993662456e+00
1.766000000000000014e+01 7.099290181408073330e-01 9.762710500239463185e-01 1.642152335747536565e-03 4.308220210316006771e+00
1.766499999999999915e+01 7.161027250441694969e-01 9.763314940349570037e-01 1.644038763342771381e-03 3.997890090286533304e+00
1.767000000000000171e+01 7.218786280923737975e-01 9.763942932787899043e-01 1.645392080418700206e-03 3.683343054722673759e+00
1.767500000000000071e+01 7.273909184400271233e-01 9.764592547846939752e-01 1.646199804719454367e-03 3.366222774104574267e+00
1.767999999999999972e+01 7.324385883507339434e-01 9.765261816217937207e-01 1.646453085607087153e-03 3.048152861667882796e+00
1.768499999999999872e+01 7.370258831092691976e-01 9.765948736761600468e-01 1.646146591564535012e-03 2.730709664065103404e+00
1.769000000000000128e+01 7.412455454204229799e-01 9.766651284002720868e-01 1.645278359483008266e-03 2.415362253790951819e+00
1.769500000000000028e+01 7.449935502151064926e-01 9.767367411439138447e-01 1.643849640439034449e-03 2.103661746341183303e+00
1.769999999999999929e+01 7.483208093653711535e-01 9.768095063124782040e-01 1.641864695971235978e-03 1.797048455692950686e+00
1.770500000000000185e+01 7.512817782666796340e-01 9.768832180206982185e-01 1.639330593770663104e-03 1.496852215482931570e+00
1.771000000000000085e+01 7.539455617764952988e-01 9.769576706314120340e-01 1.636257018533760366e-03 1.204275721727447790e+00
1.771499999999999986e+01 7.562081595224727781e-01 9.770326593667396642e-01 1.632656058227216142e-03 9.204384533031223503e-01
1.771999999999999886e+01 7.580211212965940470e-01 9.771079808475393591e-01 1.628541972774671855e-03 6.463398115542577926e-01
1.772500000000000142e+01 7.595083403008540124e-01 9.771834334119657850e-01 1.623930980933672823e-03 3.828651453271658678e-01
1.773000000000000043e+01 7.605909618705040121e-01 9.772588174806721151e-01 1.618841098384096646e-03 1.308011653197270752e-01
1.773499999999999943e+01 7.612818441065738462e-01 9.773339360961473821e-01 1.613292006887273198e-03 -1.091943337971304356e-01
1.774000000000000199e+01 7.617048836421379532e-01 9.774085949007808027e-01 1.607304931091884086e-03 -3.365433389759329152e-01
1.774500000000000099e+01 7.618593254454691932e-01 9.774826021845557378e-01 1.600902512267622386e-03 -5.507683404011461947e-01
1.775000000000000000e+01 7.617146323782220119e-01 9.775557690884357775e-01 1.594108700899623393e-03 -7.514608968147309387e-01
1.775499999999999901e+01 7.612084079751234578e-01 9.776279094278351733e-01 1.586948686837901142e-03 -9.382758862594466898e-01
1.776000000000000156e+01 7.604119911338808047e-01 9.776988396252446201e-01 1.579448856553430404e-03 -1.110928346142722400e+00
1.776500000000000057e+01 7.593328668638630319e-01 9.777683786237314489e-01 1.571636747435901970e-03 -1.269166962207970428e+00
1.776999999999999957e+01 7.579286340038124958e-01 9.778363476558530332e-01 1.563540988156092090e-03 -1.412771620377443416e+00
1.777500000000000213e+01 7.563719412887360827e-01 9.779025700780136221e-01 1.555191257448028646e-03 -1.541546544811713604e+00
1.778000000000000114e+01 7.545308277908447936e-01 9.779668712260991548e-01 1.546618247652791541e-03 -1.655309971216383680e+00
1.778500000000000014e+01 7.524335568187930923e-01 9.780290782379046366e-01 1.537853616959138992e-03 -1.753887306343917318e+00
1.778999999999999915e+01 7.500438997723978263e-01 9.780890198037285321e-01 1.528929928391978364e-03 -1.837103966068005079e+00
1.779500000000000171e+01 7.473969908389066497e-01 9.781465260048018973e-01 1.519880570126741753e-03 -1.904776105158930255e+00
1.780000000000000071e+01 7.444946042269486863e-01 9.782014281103189601e-01 1.510739648443512953e-03 -1.956704500003284108e+00
1.780499999999999972e+01 7.414491303537051881e-01 9.782535585190955674e-01 1.501541874752596213e-03 -1.992670434630699816e+00
1.780999999999999872e+01 7.381268246916417031e-01 9.783027506926661454e-01 1.492322445117435017e-03 -2.012433041339717565e+00
1.781500000000000128e+01 7.345692156939250816e-01 9.783488391833440323e-01 1.483116880368296094e-03 -2.015725255687526030e+00
1.782000000000000028e+01 7.306871502302463295e-01 9.783916597080309918e-01 1.473960818507616790e-03 -2.002252306945953020e+00
1.782499999999999929e+01 7.265301878428414017e-01 9.784310494485306542e-01 1.464889779376079768e-03 -1.971682983419842383e+00
1.783000000000000185e+01 7.222183818094652930e-01 9.784668473189473969e-01 1.455938931277514026e-03 -1.923655244068382286e+00
1.783500000000000085e+01 7.176470511858297208e-01 9.784988945599270016e-01 1.447142836595700487e-03 -1.857767819157587486e+00
1.783999999999999986e+01 7.127997644764777485e-01 9.785270352424298990e-01 1.438535176268592938e-03 -1.773583879753080517e+00
1.784499999999999886e+01 7.075253696849149732e-01 9.785511170497303013e-01 1.430148462359598534e-03 -1.670635748425361555e+00
1.785000000000000142e+01 7.024881409028363999e-01 9.785709920260885486e-01 1.422013732933277187e-03 -1.548441287993622906e+00
1.785500000000000043e+01 6.980091843875277924e-01 9.785865176394779041e-01 1.414160227669978166e-03 -1.406495413941029726e+00
1.785999999999999943e+01 6.932496515420180083e-01 9.785975580640298155e-01 1.406615016917768567e-03 -1.244268717175140537e+00
1.786500000000000199e+01 6.881009488612184199e-01 9.786039857303427958e-01 1.399402590752658274e-03 -1.061284782484201772e+00
1.787000000000000099e+01 6.825424214195336958e-01 9.786056828873306301e-01 1.392544408242273220e-03 -8.570802566189055227e-01
1.787500000000000000e+01 6.766870720644333481e-01 9.786025436551524237e-01 1.386058397797603359e-03 -6.312659293763446255e-01
1.787999999999999901e+01 6.704054000766561661e-01 9.785944759534340731e-01 1.379958424658401898e-03 -3.836663350581626664e-01
1.788500000000000156e+01 6.636271311360254499e-01 9.785814037876321425e-01 1.374253701789965743e-03 -1.142099438884736917e-01
1.789000000000000057e+01 6.586463427262937431e-01 9.785632703276390121e-01 1.368948190719556724e-03 1.769714994105915096e-01
1.789499999999999957e+01 6.590519832426682267e-01 9.785400412316054286e-01 1.364040010888759469e-03 4.893736839070165212e-01
1.790000000000000213e+01 6.595265173209781118e-01 9.785117079516735261e-01 1.359520948252238362e-03 8.221108845452312908e-01
1.790500000000000114e+01 6.608918402771566392e-01 9.784782918468963864e-01 1.355376109373424530e-03 1.173851639251773271e+00
1.791000000000000014e+01 6.616913363664254089e-01 9.784398480723309754e-01 1.351583785325960029e-03 1.542784923848032674e+00
1.791499999999999915e+01 6.620750019826558974e-01 9.783964703377109329e-01 1.348115631263686063e-03 1.926502056016488940e+00
1.792000000000000171e+01 6.628464566178541295e-01 9.783482943886729899e-01 1.344937283135591837e-03 2.322006567502365115e+00
1.792500000000000071e+01 6.638523939854328315e-01 9.782955012217636748e-01 1.342009479544982627e-03 2.725754112574994892e+00
1.792999999999999972e+01 6.643509070433871733e-01 9.782383183986131936e-01 1.339289669118473103e-03 3.133752079290806236e+00
1.793499999999999872e+01 6.643898978369230379e-01 9.781770211618421307e-01 1.336734055929272944e-03 3.541729107969076917e+00
1.794000000000000128e+01 6.639901509397777568e-01 9.781119293295809092e-01 1.334300008570014125e-03 3.945281969657147503e+00
1.794500000000000028e+01 6.630985833205244040e-01 9.780434020201226319e-01 1.331948628865822597e-03 4.340073708022286425e+00
1.794999999999999929e+01 6.630420483347386762e-01 9.779718296846445780e-01 1.329647191254276946e-03 4.722080938986350951e+00
1.795500000000000185e+01 6.636869080201527327e-01 9.778976241083807697e-01 1.327371096297274124e-03 5.087780069949566553e+00
1.796000000000000085e+01 6.638487807772885940e-01 9.778212072163603441e-01 1.325105075194921069e-03 5.434251510263326423e+00
1.796499999999999986e+01 6.635110154769494617e-01 9.777430007110409216e-01 1.322843505368564467e-03 5.759222821475382226e+00
1.796999999999999886e+01 6.628452562406422777e-01 9.776634163318561610e-01 1.320589877150529995e-03 6.061049869836311998e+00
1.797500000000000142e+01 6.641201167712146303e-01 9.775828490824134409e-01 1.318355613074479859e-03 6.338648180929486564e+00
1.798000000000000043e+01 6.650542126151431921e-01 9.775016731885792787e-01 1.316158505591860477e-03 6.591420605565256885e+00
1.798499999999999943e+01 6.655641565687797634e-01 9.774202409258538893e-01 1.314021062795343864e-03 6.819195135685145459e+00
1.799000000000000199e+01 6.655282930637983485e-01 9.773388838781196242e-01 1.311968976085226262e-03 7.022184452414181877e+00
1.799500000000000099e+01 6.650143259573589871e-01 9.772579155072467216e-01 1.310029808065296415e-03 7.200971829808628932e+00
1.800000000000000000e+01 6.641960757679881144e-01 9.771776340671003425e-01 1.308231937724089761e-03 7.356508022149012227e+00
1.800499999999999901e+01 6.651967268080239970e-01 9.770983253558389592e-01 1.306603773782397462e-03 7.490105178534702368e+00
1.801000000000000156e+01 6.659018913567167353e-01 9.770202647563922538e-01 1.305173239080480640e-03 7.603420023085822876e+00
1.801500000000000057e+01 6.661296469418158672e-01 9.769437185739029417e-01 1.303967503478666154e-03 7.698416637304938526e+00
1.801999999999999957e+01 6.658890353478243984e-01 9.768689444788251075e-01 1.303012891933434756e-03 7.777312191885883408e+00
1.802500000000000213e+01 6.653923339524202563e-01 9.767961916933279864e-01 1.302334849730052858e-03 7.842486696756581388e+00
1.803000000000000114e+01 6.660136070860623869e-01 9.767257004636658024e-01 1.301957849019478274e-03 7.896368117894419392e+00
1.803500000000000014e+01 6.663007255223120096e-01 9.766577012290955651e-01 1.301905166934034207e-03 7.941296333026927279e+00
1.803999999999999915e+01 6.662005954054935897e-01 9.765924135798018657e-01 1.302198513288940285e-03 7.979380682606494801e+00
1.804500000000000171e+01 6.656736859144790630e-01 9.765300451228702272e-01 1.302857536173968652e-03 8.012369297627737197e+00
1.805000000000000071e+01 6.649074621036182853e-01 9.764707903800226019e-01 1.303899267621788519e-03 8.041548230064107017e+00
1.805499999999999972e+01 6.642581456395652006e-01 9.764148298856216712e-01 1.305337582983325841e-03 8.067682793663600194e+00
1.805999999999999872e+01 6.651196816807736223e-01 9.763623295156925730e-01 1.307182733770507945e-03 8.091006929573572037e+00
1.806500000000000128e+01 6.656448727516760533e-01 9.763134398958599469e-01 1.309440996350925849e-03 8.111265842266389470e+00
1.807000000000000028e+01 6.657610210845980037e-01 9.762682963760518362e-01 1.312114436275719186e-03 8.127789349048409662e+00
1.807499999999999929e+01 6.655604375943295903e-01 9.762270190131150382e-01 1.315200781551889488e-03 8.139593246479394750e+00
1.808000000000000185e+01 6.651235242086300792e-01 9.761897127610001945e-01 1.318693389850251162e-03 8.145489981504759669e+00
1.808500000000000085e+01 6.643390578712717875e-01 9.761564677672034396e-01 1.322581291666283763e-03 8.144194482836955018e+00
1.808999999999999986e+01 6.649335744230905343e-01 9.761273598112972794e-01 1.326849295299425274e-03 8.134410418975015489e+00
1.809499999999999886e+01 6.661128949268226851e-01 9.761024507226571112e-01 1.331478134964051308e-03 8.114894193155924640e+00
1.810000000000000142e+01 6.668703518863483559e-01 9.760817888240290729e-01 1.336444655963295617e-03 8.084490677080463428e+00
1.810500000000000043e+01 6.674354488260998419e-01 9.760654093589706815e-01 1.341722026438358284e-03 8.042146639565004307e+00
1.810999999999999943e+01 6.675973662686152110e-01 9.760533348675857201e-01 1.347279977522656842e-03 7.986912762393522769e+00
1.811500000000000199e+01 6.673472898184147351e-01 9.760455753602175211e-01 1.353085073852438019e-03 7.917928989279984897e+00
1.812000000000000099e+01 6.667877152466452628e-01 9.760421287562095483e-01 1.359101017705191625e-03 7.834420418591361290e+00
1.812500000000000000e+01 6.658686047366848548e-01 9.760429806045305412e-01 1.365288990057939369e-03 7.735709105832808241e+00
1.812999999999999901e+01 6.656775687133068553e-01 9.760481042145179309e-01 1.371608022153875811e-03 7.621224524417059776e+00
1.813500000000000156e+01 6.667557687195477811e-01 9.760574603032718954e-01 1.378015403043638624e-03 7.490527142349543865e+00
1.814000000000000057e+01 6.674283627374825167e-01 9.760709968586641638e-01 1.384467124091086918e-03 7.343327472062919803e+00
1.814499999999999957e+01 6.678413505975714370e-01 9.760886490297645546e-01 1.390918352562328826e-03 7.179515270006659122e+00
1.815000000000000213e+01 6.681248870034552922e-01 9.761103387424279187e-01 1.397323922007848770e-03 6.999180748098228655e+00
1.815500000000000114e+01 6.679889745759032271e-01 9.761359749006071063e-01 1.403638830493482599e-03 6.802589134259254600e+00
1.816000000000000014e+01 6.676146115628254218e-01 9.761654545600821908e-01 1.409818747127009313e-03 6.590234326685760813e+00
1.816499999999999915e+01 6.669484741518579840e-01 9.761986629403561766e-01 1.415820465598407194e-03 6.362779624320841876e+00
1.817000000000000171e+01 6.665824182662318798e-01 9.762354738517038388e-01 1.421602349588149553e-03 6.121060045265956262e+00
1.817500000000000071e+01 6.734435125335558325e-01 9.762757507485121389e-01 1.427124753014237220e-03 5.866065141572899932e+00
1.817999999999999972e+01 6.813372843065255147e-01 9.763193471892529507e-01 1.432350393438768963e-03 5.598910317941818704e+00
1.818499999999999872e+01 6.888975071743206335e-01 9.763661076613325829e-01 1.437244670102148097e-03 5.320848835085070228e+00
1.819000000000000128e+01 6.961557922616730121e-01 9.764158683618349155e-01 1.441775914632314505e-03 5.033244573051648629e+00
1.819500000000000028e+01 7.031342683187057352e-01 9.764684579318516633e-01 1.445915575310182614e-03 4.737546053581516148e+00
1.819999999999999929e+01 7.097266286541695779e-01 9.765236982640195240e-01 1.449638348722530074e-03 4.435265302379722385e+00
1.820500000000000185e+01 7.158655106691875769e-01 9.765814052022464553e-01 1.452922263678821770e-03 4.127926882476863568e+00
1.821000000000000085e+01 7.215945914685298890e-01 9.766413895126286882e-01 1.455748722047151000e-03 3.817143602355301812e+00
1.821499999999999986e+01 7.269087718768216799e-01 9.767034572312722762e-01 1.458102482445137625e-03 3.504560665955800847e+00
1.821999999999999886e+01 7.318041017868450737e-01 9.767674107088254454e-01 1.459971597209966821e-03 3.191796722389647289e+00
1.822500000000000142e+01 7.364152839861742850e-01 9.768330493825571059e-01 1.461347292504906791e-03 2.880412306507858844e+00
1.823000000000000043e+01 7.405455450633574577e-01 9.769001705433655314e-01 1.462223806893901646e-03 2.571871077922322169e+00
1.823499999999999943e+01 7.442915234683978865e-01 9.769685698750196767e-01 1.462598224561611560e-03 2.267648704267465121e+00
1.824000000000000199e+01 7.475970365742879986e-01 9.770380423271249892e-01 1.462470293708498497e-03 1.969165193678948489e+00
1.824500000000000099e+01 7.504244231637751117e-01 9.771083830183535657e-01 1.461842218863981932e-03 1.677701023022297511e+00
1.825000000000000000e+01 7.529162750023310480e-01 9.771793876889739439e-01 1.460718473329255303e-03 1.394426357710677022e+00
1.825499999999999901e+01 7.551014424492872301e-01 9.772508532681565274e-01 1.459105600751654840e-03 1.120375665939597587e+00
1.826000000000000156e+01 7.569374653044579349e-01 9.773225784091686963e-01 1.457012018318970190e-03 8.565244592087993825e-01
1.826500000000000057e+01 7.583383713569755713e-01 9.773943638243191012e-01 1.454447838027034040e-03 6.036827280124731354e-01
1.826999999999999957e+01 7.593613082125845182e-01 9.774660125537373290e-01 1.451424743740834531e-03 3.625921532674122316e-01
1.827500000000000213e+01 7.600585406099588104e-01 9.775373302976461121e-01 1.447955895780723588e-03 1.338787336341562551e-01
1.828000000000000114e+01 7.603561300706340731e-01 9.776081256102795436e-01 1.444055849874998146e-03 -8.193797719412165836e-02
1.828500000000000014e+01 7.604915104976938123e-01 9.776782098200519355e-01 1.439740485964493590e-03 -2.844054101466100826e-01
1.828999999999999915e+01 7.602595937662591785e-01 9.777473969348233762e-01 1.435026949782903204e-03 -4.731508335578839541e-01
1.829500000000000171e+01 7.597535841285587566e-01 9.778155035322076971e-01 1.429933628153809552e-03 -6.478626032728390660e-01
1.830000000000000071e+01 7.589258742773790090e-01 9.778823486613329452e-01 1.424480149375861177e-03 -8.082728847969857799e-01
1.830499999999999972e+01 7.577496116416100325e-01 9.779477536253825543e-01 1.418687379197172867e-03 -9.541551925831759373e-01
1.830999999999999872e+01 7.563557394321378524e-01 9.780115417679932088e-01 1.412577422458128522e-03 -1.085310115033464307e+00
1.831500000000000128e+01 7.547503876143519808e-01 9.780735382095249175e-01 1.406173617445729673e-03 -1.201556427428570606e+00
1.832000000000000028e+01 7.529179228269186064e-01 9.781335695544693953e-01 1.399500525388169304e-03 -1.302723537331963000e+00
1.832499999999999929e+01 7.507680101556549745e-01 9.781914637384302447e-01 1.392583905581512528e-03 -1.388643171530477005e+00
1.833000000000000185e+01 7.483502236840875455e-01 9.782470497475255211e-01 1.385450671176278493e-03 -1.459144036228380070e+00
1.833500000000000085e+01 7.456872441768302995e-01 9.783001574033421965e-01 1.378128822738236645e-03 -1.514044371539586820e+00
1.833999999999999986e+01 7.427551958753195738e-01 9.783506172278735313e-01 1.370647356063164207e-03 -1.553145705470514670e+00
1.834499999999999886e+01 7.396672089636480152e-01 9.783982602564301745e-01 1.363036154214945263e-03 -1.576228179148785769e+00
1.835000000000000142e+01 7.362791821176868368e-01 9.784429180321002617e-01 1.355325868313100781e-03 -1.583046651884587375e+00
1.835500000000000043e+01 7.326296162411743973e-01 9.784844226869062744e-01 1.347547767973814904e-03 -1.573322039166813013e+00
1.835999999999999943e+01 7.287503725757860096e-01 9.785226070804672327e-01 1.339733539019630649e-03 -1.546740213884170601e+00
1.836500000000000199e+01 7.246236231172067388e-01 9.785573050310577559e-01 1.331915055410506617e-03 -1.502950669034342601e+00
1.837000000000000099e+01 7.201720954244961170e-01 9.785883517173057378e-01 1.324124144629840530e-03 -1.441563470663780988e+00
1.837500000000000000e+01 7.155025979158132765e-01 9.786155843105512897e-01 1.316392333615895756e-03 -1.362153948480566923e+00
1.837999999999999901e+01 7.105323034032469121e-01 9.786388426121055417e-01 1.308750571150181854e-03 -1.264263281389372162e+00
1.838500000000000156e+01 7.052147463075255640e-01 9.786579698140212002e-01 1.301228924838886657e-03 -1.147397215027992079e+00
1.839000000000000057e+01 6.995688677516883613e-01 9.786728136689156754e-01 1.293856255094567777e-03 -1.011016939634203471e+00
1.839499999999999957e+01 6.935889272106622316e-01 9.786832276112296114e-01 1.286659854565992949e-03 -8.546021753822364841e-01
1.840000000000000213e+01 6.873338370489283644e-01 9.786890721295001816e-01 1.279665038140247830e-03 -6.776228643489430326e-01
1.840500000000000114e+01 6.806994368886397639e-01 9.786902164124732240e-01 1.272894671986916524e-03 -4.795673649294427965e-01
1.841000000000000014e+01 6.737102038320402775e-01 9.786865401264099873e-01 1.266368652895969848e-03 -2.600215616411849506e-01
1.841499999999999915e+01 6.661999730340214532e-01 9.786779350756837914e-01 1.260103315017412811e-03 -1.874671583116589713e-02
1.842000000000000171e+01 6.583511334312521779e-01 9.786643074641501183e-01 1.254110805015599874e-03 2.444843867827448669e-01
1.842500000000000071e+01 6.583881628108004813e-01 9.786455805539723274e-01 1.248398419713236777e-03 5.296049891525538289e-01
1.842999999999999972e+01 6.585646609787246808e-01 9.786216975730729351e-01 1.242967928412783921e-03 8.362367685136825601e-01
1.843499999999999872e+01 6.599942667420999332e-01 9.785926248198552058e-01 1.237814932068831680e-03 1.163627363461833930e+00
1.844000000000000128e+01 6.609131381686284001e-01 9.785583555482697538e-01 1.232928326404360460e-03 1.510611082077264467e+00
1.844500000000000028e+01 6.613425903168870246e-01 9.785189138889958116e-01 1.228289959311770242e-03 1.875496486876842450e+00
1.844999999999999929e+01 6.614326932179822593e-01 9.784743600480511061e-01 1.223874559626793486e-03 2.255970543506854664e+00
1.845500000000000185e+01 6.625890510499046204e-01 9.784247942748841576e-01 1.219650033184724140e-03 2.649061709706117540e+00
1.846000000000000085e+01 6.631833152329748016e-01 9.783703614753589406e-01 1.215578261964863575e-03 3.051154582913378377e+00
1.846499999999999986e+01 6.632675034947904669e-01 9.783112548608426939e-01 1.211616497536817513e-03 3.458060219140276725e+00
1.846999999999999886e+01 6.628648026866070797e-01 9.782477201242402165e-01 1.207719378160071293e-03 3.865142540260642523e+00
1.847500000000000142e+01 6.619521653608947398e-01 9.781800552728635578e-01 1.203841489933535130e-03 4.267444139128008906e+00
1.848000000000000043e+01 6.611062426245256640e-01 9.781086092045794267e-01 1.199940341996020730e-03 4.659945296886240484e+00
1.848499999999999943e+01 6.618193181574273387e-01 9.780337767380181679e-01 1.195979508328143259e-03 5.037886071885321115e+00
1.849000000000000199e+01 6.619890685175614520e-01 9.779559904823751371e-01 1.191931588456485603e-03 5.397034000321931480e+00
1.849500000000000099e+01 6.616628088202932689e-01 9.778757106797415499e-01 1.187780569055377732e-03 5.733918589723193904e+00
1.850000000000000000e+01 6.609081985488899358e-01 9.777934127318212987e-01 1.183523207138621270e-03 6.045985084871163373e+00
1.850499999999999901e+01 6.618177991470582944e-01 9.777095743141532846e-01 1.179169236234492131e-03 6.331634588568086919e+00
1.851000000000000156e+01 6.628279034470090370e-01 9.776246636471136453e-01 1.174740400623250358e-03 6.590160020153332354e+00
1.851500000000000057e+01 6.632942374740039559e-01 9.775391297877944474e-01 1.170268543439378917e-03 6.821608554114894751e+00
1.851999999999999957e+01 6.633275827283172665e-01 9.774533962262921261e-01 1.165793126462904856e-03 7.026602358342377563e+00
1.852500000000000213e+01 6.629226464765930471e-01 9.773678577678093227e-01 1.161358589160080886e-03 7.206168964087117601e+00
1.853000000000000114e+01 6.620877980127215512e-01 9.772828801934972942e-01 1.157011905175766263e-03 7.361608548589310352e+00
1.853500000000000014e+01 6.624252762979835341e-01 9.771988022089049819e-01 1.152800562047613577e-03 7.494406135447507111e+00
1.853999999999999915e+01 6.631471444338622456e-01 9.771159385114787099e-01 1.148771045588912239e-03 7.606187711823127806e+00
1.854500000000000171e+01 6.634680730166977458e-01 9.770345831290903060e-01 1.144967819207853886e-03 7.698706655974876689e+00
1.855000000000000071e+01 6.633680538413527783e-01 9.769550124118244749e-01 1.141432750490899628e-03 7.773847613265092882e+00
1.855499999999999972e+01 6.628705935421066453e-01 9.768774876837149623e-01 1.138204891903196129e-03 7.833621251581416978e+00
1.855999999999999872e+01 6.632509719611197063e-01 9.768022570213927835e-01 1.135320502456228743e-03 7.880146667391662696e+00
1.856500000000000128e+01 6.635730920743926342e-01 9.767295564118173568e-01 1.132813167859409841e-03 7.915608624912257696e+00
1.857000000000000028e+01 6.635974342587991348e-01 9.766596102498612542e-01 1.130713880354064374e-03 7.942186142598561815e+00
1.857499999999999929e+01 6.632047673540228949e-01 9.765926312569022105e-01 1.129050984952722830e-03 7.961955571107464991e+00
1.858000000000000185e+01 6.624068002802158128e-01 9.765288199365613764e-01 1.127849961221574987e-03 7.976778479187186299e+00
1.858500000000000085e+01 6.612734611738176893e-01 9.764683637185278542e-01 1.127133065780249084e-03 7.988189104300957410e+00
1.858999999999999986e+01 6.619970139848131430e-01 9.764114360292013295e-01 1.126918889579925104e-03 7.997295104011162614e+00
1.859499999999999886e+01 6.627059462283332314e-01 9.763581950451011293e-01 1.127221902407278108e-03 8.004716760599103864e+00
1.860000000000000142e+01 6.630297910158564623e-01 9.763087830399763689e-01 1.128052047561064510e-03 8.010556190293087298e+00
1.860500000000000043e+01 6.629268003839741130e-01 9.762633257505881623e-01 1.129414430402316026e-03 8.014412130874969620e+00
1.860999999999999943e+01 6.624366912052855882e-01 9.762219320918821275e-01 1.131309130845650117e-03 8.015433990239490214e+00
1.861500000000000199e+01 6.619721785939169933e-01 9.761846941521636900e-01 1.133731141985269263e-03 8.012408834453413675e+00
1.862000000000000099e+01 6.620772091738738041e-01 9.761516875398834614e-01 1.136670425220000051e-03 8.003866483296949497e+00
1.862500000000000000e+01 6.635120233080492591e-01 9.761229718658688270e-01 1.140112059570881631e-03 7.988193007686209768e+00
1.862999999999999901e+01 6.645774548488265765e-01 9.760985914252218176e-01 1.144036471667108550e-03 7.963734135650849311e+00
1.863500000000000156e+01 6.652024575450280475e-01 9.760785759748557000e-01 1.148419724734061958e-03 7.928881483293768184e+00
1.864000000000000057e+01 6.655730161019505209e-01 9.760629414392157921e-01 1.153233855396604063e-03 7.882139577485059334e+00
1.864499999999999957e+01 6.655382088772964222e-01 9.760516906599685516e-01 1.158447240654203111e-03 7.822159653267465984e+00
1.865000000000000213e+01 6.650883613032640973e-01 9.760448139897167641e-01 1.164024988708841192e-03 7.747773636713165324e+00
1.865500000000000114e+01 6.646116089790718995e-01 9.760422894626266110e-01 1.169929348309288204e-03 7.658016771209211093e+00
1.866000000000000014e+01 6.638760412730320137e-01 9.760440829885120850e-01 1.176120132946192366e-03 7.552141654535359017e+00
1.866499999999999915e+01 6.647544874033689544e-01 9.760501481783756539e-01 1.182555174056296350e-03 7.429629670831992883e+00
1.867000000000000171e+01 6.658424489834476878e-01 9.760604262451967328e-01 1.189190801669384213e-03 7.290195234741940311e+00
1.867500000000000071e+01 6.667835348164204978e-01 9.760748458039643083e-01 1.195982345562649190e-03 7.133799779981171874e+00
1.867999999999999972e+01 6.672832051732635605e-01 9.760933225834889093e-01 1.202884640962996205e-03 6.960633681764741176e+00
1.868499999999999872e+01 6.674387947129342136e-01 9.761157598184186934e-01 1.209852549156920001e-03 6.771101721411306507e+00
1.869000000000000128e+01 6.673068500822288973e-01 9.761420493584157532e-01 1.216841468866160280e-03 6.565832377461711999e+00
1.869500000000000028e+01 6.667662106483772666e-01 9.761720713460588783e-01 1.223807804735890488e-03 6.345616651656367679e+00
1.869999999999999929e+01 6.659318512909885301e-01 9.762056952096068718e-01 1.230709414246940973e-03 6.111410891213017393e+00
1.870500000000000185e+01 6.681413749876782271e-01 9.762427803814865968e-01 1.237506003030034970e-03 5.864300584697219598e+00
1.871000000000000085e+01 6.761260486356553967e-01 9.762831769503841350e-01 1.244159460327186198e-03 5.605486405660482063e+00
1.871499999999999986e+01 6.839125942218775567e-01 9.763267265050072918e-01 1.250634136982004549e-03 5.336286096931282863e+00
1.871999999999999886e+01 6.912777181993720044e-01 9.763732629669006347e-01 1.256897062854019174e-03 5.058105505356581766e+00
1.872500000000000142e+01 6.982472721258001780e-01 9.764226134273135127e-01 1.262918097532917533e-03 4.772416426603125927e+00
1.873000000000000043e+01 7.048173751440739432e-01 9.764745990332622805e-01 1.268670014999665526e-03 4.480738631009716144e+00
1.873499999999999943e+01 7.109248900345432887e-01 9.765290357640674657e-01 1.274128522848441865e-03 4.184589102282603612e+00
1.874000000000000199e+01 7.167795820629604409e-01 9.765857354858804573e-01 1.279272230866572088e-03 3.885555135119143966e+00
1.874500000000000099e+01 7.221956687437625089e-01 9.766445064052303726e-01 1.284082571857635439e-03 3.585237932866873312e+00
1.875000000000000000e+01 7.271451228389753663e-01 9.767051541463507291e-01 1.288543693200577735e-03 3.285202264559878849e+00
1.875499999999999901e+01 7.317030192589178972e-01 9.767674825845710229e-01 1.292642309361762432e-03 2.986941419092339789e+00
1.876000000000000156e+01 7.357791733715086657e-01 9.768312945956307836e-01 1.296367527698127475e-03 2.691859668484524182e+00
1.876500000000000057e+01 7.395268874384079982e-01 9.768963927395301061e-01 1.299710662988105749e-03 2.401304527108440556e+00
1.876999999999999957e+01 7.429195261110204118e-01 9.769625799302931179e-01 1.302665049332356502e-03 2.116613688865246701e+00
1.877500000000000213e+01 7.458539634756303771e-01 9.770296604521406802e-01 1.305225817136442847e-03 1.838959075717470304e+00
1.878000000000000114e+01 7.484335196639222421e-01 9.770974403675578568e-01 1.307389699633406928e-03 1.569407107396222800e+00
1.878500000000000014e+01 7.505637160710453282e-01 9.771657280757204411e-01 1.309154859448634963e-03 1.308885783867290042e+00
1.878999999999999915e+01 7.523457486952301876e-01 9.772343347756438092e-01 1.310520744639285477e-03 1.058238425150626272e+00
1.879500000000000171e+01 7.539430729357787797e-01 9.773030748468227724e-01 1.311487971627287160e-03 8.181980409819890054e-01
1.880000000000000071e+01 7.551094688584955028e-01 9.773717659891649756e-01 1.312058225898182166e-03 5.893654026417740610e-01
1.880499999999999972e+01 7.559931907154501252e-01 9.774402293375826778e-01 1.312234203553297712e-03 3.722811184973704446e-01
1.880999999999999872e+01 7.564783258341380989e-01 9.775082895666625804e-01 1.312019578163386730e-03 1.673783008546428364e-01
1.881500000000000128e+01 7.566637342136500743e-01 9.775757747812977572e-01 1.311419010740814354e-03 -2.499548201085712018e-02
1.882000000000000028e+01 7.565989394769850884e-01 9.776425163747796132e-01 1.310438188542034556e-03 -2.045465165137866637e-01
1.882499999999999929e+01 7.563529263959833937e-01 9.777083487398475770e-01 1.309083873367508687e-03 -3.710427833353618920e-01
1.883000000000000185e+01 7.557948757903043546e-01 9.777731089707321077e-01 1.307363958380293283e-03 -5.242967960415210182e-01
1.883500000000000085e+01 7.549028358016353080e-01 9.778366366073799609e-01 1.305287532422423451e-03 -6.641539918429204548e-01
1.883999999999999986e+01 7.538012825719323518e-01 9.778987732350021833e-01 1.302864956427214485e-03 -7.904883470177246352e-01
1.884499999999999886e+01 7.524446379584615041e-01 9.779593620949360577e-01 1.300107940271351880e-03 -9.031898534878393114e-01
1.885000000000000142e+01 7.509739256596246193e-01 9.780182476910381784e-01 1.297029612290361966e-03 -1.002156384564413028e+00
1.885500000000000043e+01 7.492736701932199983e-01 9.780752752724679588e-01 1.293644574057261840e-03 -1.087287353206745966e+00
1.885999999999999943e+01 7.472765947691253352e-01 9.781302905475220966e-01 1.289968935564075273e-03 -1.158474731831917071e+00
1.886500000000000199e+01 7.450909647110243172e-01 9.781831392638474787e-01 1.286020322861187786e-03 -1.215599720718818277e+00
1.887000000000000099e+01 7.426294847925464238e-01 9.782336668731045348e-01 1.281817859583751816e-03 -1.258524525916299597e+00
1.887500000000000000e+01 7.400137494635057323e-01 9.782817182110908893e-01 1.277382112926883206e-03 -1.287084980242420240e+00
1.887999999999999901e+01 7.371969208802838791e-01 9.783271372391706411e-01 1.272735011072514532e-03 -1.301085922534412687e+00
1.888500000000000156e+01 7.341573657333912983e-01 9.783697668093521704e-01 1.267899736731432220e-03 -1.300295465051633625e+00
1.889000000000000057e+01 7.308757589001005917e-01 9.784094486065512131e-01 1.262900602087741603e-03 -1.284439132591264743e+00
1.889499999999999957e+01 7.273022633451990959e-01 9.784460231666081143e-01 1.257762902975242698e-03 -1.253195382990647699e+00
1.890000000000000213e+01 7.235274356342213942e-01 9.784793300536773764e-01 1.252512736521528124e-03 -1.206196955929872416e+00
1.890500000000000114e+01 7.195726291473560909e-01 9.785092080372905787e-01 1.247176780519180118e-03 -1.143020708489134618e+00
1.891000000000000014e+01 7.153832671667778031e-01 9.785354955202196781e-01 1.241782049248832745e-03 -1.063197926973670882e+00
1.891499999999999915e+01 7.108707957472503169e-01 9.785580312206315634e-01 1.236355630519752691e-03 -9.661848050429215906e-01
1.892000000000000171e+01 7.060578311308074451e-01 9.785766550385562867e-01 1.230924396318260321e-03 -8.513966549158477060e-01
1.892500000000000071e+01 7.009424338883422090e-01 9.785912088934543007e-01 1.225514670710742618e-03 -7.182312628700185941e-01
1.892999999999999972e+01 6.955200563472426767e-01 9.786015379362913436e-01 1.220151859711532264e-03 -5.660295616151744813e-01
1.893499999999999872e+01 6.897987511398041560e-01 9.786074918428536717e-01 1.214860040422504218e-03 -3.941253760435932119e-01
1.894000000000000128e+01 6.836589000007271544e-01 9.786089263161105167e-01 1.209661502607790352e-03 -2.018730573972259690e-01
1.894500000000000028e+01 6.771557789699490515e-01 9.786057046183003205e-01 1.204576231249786201e-03 1.124276331596519435e-02
1.894999999999999929e+01 6.701793430110938310e-01 9.785976993168420401e-01 1.199621322047866780e-03 2.457521573914714375e-01
1.895500000000000185e+01 6.661010224922456757e-01 9.785847943851503361e-01 1.194810355349529892e-03 5.020425681797688888e-01
1.896000000000000085e+01 6.661746125681581310e-01 9.785668875479299755e-01 1.190152721878434509e-03 7.802572286787388123e-01
1.896499999999999986e+01 6.657116686277645412e-01 9.785438926376195390e-01 1.185652930292747497e-03 1.080274919573836145e+00
1.896999999999999886e+01 6.646749033407465257e-01 9.785157424327799447e-01 1.181309918811182698e-03 1.401607621470339016e+00
1.897500000000000142e+01 6.648126881324069037e-01 9.784823919884079180e-01 1.177116396887834199e-03 1.743393701138131746e+00
1.898000000000000043e+01 6.644792367147764889e-01 9.784438222041828004e-01 1.173058282246513097e-03 2.104236845172548609e+00
1.898499999999999943e+01 6.635883563774485072e-01 9.784000446141439822e-01 1.169114320913837782e-03 2.482123198767778760e+00
1.899000000000000199e+01 6.621984621256737924e-01 9.783511053761702048e-01 1.165255992666811621e-03 2.874346097233835273e+00
1.899500000000000099e+01 6.610089254368276546e-01 9.782970901660544838e-01 1.161447817053694147e-03 3.277481286715112407e+00
1.900000000000000000e+01 6.597879893220266467e-01 9.782381291750696928e-01 1.157648165899258143e-03 3.687407315323047552e+00
1.900499999999999901e+01 6.605797428696330575e-01 9.781744032058646843e-01 1.153810708925143537e-03 4.099358864213819231e+00
1.901000000000000156e+01 6.608593628934461561e-01 9.781061469332206215e-01 1.149886557955589854e-03 4.507985858004438739e+00
1.901500000000000057e+01 6.606156432785378341e-01 9.780336516793060042e-01 1.145827106208339085e-03 4.907592753006603026e+00
1.901999999999999957e+01 6.599013516287303149e-01 9.779572656408874742e-01 1.141587397246310613e-03 5.292461182054936764e+00
1.902500000000000213e+01 6.601358283483719225e-01 9.778773909950702059e-01 1.137129767802236464e-03 5.657170339882831911e+00
1.903000000000000114e+01 6.611599382205931574e-01 9.777944785342798095e-01 1.132427389630955190e-03 5.996961608432231472e+00
1.903500000000000014e+01 6.617171844861237107e-01 9.777090179105449863e-01 1.127467247561743944e-03 6.308068930294551180e+00
1.903999999999999915e+01 6.617176641541070437e-01 9.776215257157419014e-01 1.122252101469419470e-03 6.587945189703918736e+00
1.904500000000000171e+01 6.613177554741717090e-01 9.775325314401643872e-01 1.116801070407167674e-03 6.835363856843804875e+00
1.905000000000000071e+01 6.604839322088245090e-01 9.774425632428938027e-01 1.111148731292314635e-03 7.050362475705464149e+00
1.905499999999999972e+01 6.605061019656617294e-01 9.773521350680519637e-01 1.105342889910765347e-03 7.234053422204964612e+00
1.905999999999999872e+01 6.612577139389083092e-01 9.772617359470332499e-01 1.099441413027876270e-03 7.388353720775761246e+00
1.906500000000000128e+01 6.616147383681916239e-01 9.771718228085064517e-01 1.093508645312373179e-03 7.515682721460617444e+00
1.907000000000000028e+01 6.614787957993288892e-01 9.770828166991041286e-01 1.087611908804688452e-03 7.618688247079846043e+00
1.907499999999999929e+01 6.608961037485453494e-01 9.769951018583833413e-01 1.081818482794366567e-03 7.700047147382632851e+00
1.908000000000000185e+01 6.609374564251102591e-01 9.769090275965761627e-01 1.076193280828779530e-03 7.762332227900237136e+00
1.908500000000000085e+01 6.612752996006580064e-01 9.768249112820895919e-01 1.070797273052898069e-03 7.807955274567192738e+00
1.908999999999999986e+01 6.612462243790758754e-01 9.767430420524201296e-01 1.065686584757969194e-03 7.839161752246476489e+00
1.909499999999999886e+01 6.607983010376119459e-01 9.766636845476609485e-01 1.060912133273785463e-03 7.858054652251552419e+00
1.910000000000000142e+01 6.599550471843704802e-01 9.765870822810730489e-01 1.056519645632547980e-03 7.866625472956567222e+00
1.910500000000000043e+01 6.588148609688263546e-01 9.765134604296261678e-01 1.052549895734458891e-03 7.866775233473077833e+00
1.910999999999999943e+01 6.595405817750533695e-01 9.764430279384672673e-01 1.049039010225242185e-03 7.860314585207432536e+00
1.911500000000000199e+01 6.601783312048234986e-01 9.763759788968688902e-01 1.046018718276410693e-03 7.848938432612460936e+00
1.912000000000000099e+01 6.603948288961528634e-01 9.763124932004976220e-01 1.043516467837719060e-03 7.834176678565518692e+00
1.912500000000000000e+01 6.602783242565358757e-01 9.762527366386756222e-01 1.041555386549251807e-03 7.817326796216135243e+00
1.912999999999999901e+01 6.598604251330923987e-01 9.761968604892173884e-01 1.040154108140754329e-03 7.799379586121707675e+00
1.913500000000000156e+01 6.591159205129871745e-01 9.761450006208624020e-01 1.039326525451715914e-03 7.780957179467039353e+00
1.914000000000000057e+01 6.593994024161029532e-01 9.760972769089280021e-01 1.039081519876966855e-03 7.762257984068649641e+00
1.914499999999999957e+01 6.607722692211310811e-01 9.760537924733942994e-01 1.039422729561063821e-03 7.743030439068895099e+00
1.915000000000000213e+01 6.618479509993917542e-01 9.760146331831615063e-01 1.040348403215563770e-03 7.722577920374696703e+00
1.915500000000000114e+01 6.625364427948282620e-01 9.759798675353439368e-01 1.041851366810472510e-03 7.699794460091497150e+00
1.916000000000000014e+01 6.628257315603461874e-01 9.759495467746702735e-01 1.043919108136864187e-03 7.673232823732785590e+00
1.916499999999999915e+01 6.626819236134838809e-01 9.759237053651819149e-01 1.046533978856638855e-03 7.641192442310025257e+00
1.917000000000000171e+01 6.622479989594036720e-01 9.759023617419628760e-01 1.049673495976665653e-03 7.601822532041348168e+00
1.917500000000000071e+01 6.616688218042154901e-01 9.758855190098854049e-01 1.053310725794179541e-03 7.553224502457464240e+00
1.917999999999999972e+01 6.610833519936974989e-01 9.758731661706701033e-01 1.057414721026785163e-03 7.493547104803877090e+00
1.918499999999999872e+01 6.624043335745969374e-01 9.758652786581443195e-01 1.061951003409253996e-03 7.421087190775224940e+00
1.919000000000000128e+01 6.633082151452250885e-01 9.758618191229362360e-01 1.066882068415139339e-03 7.334366572389202865e+00
1.919500000000000028e+01 6.642661781289963541e-01 9.758627376129364039e-01 1.072167911078190494e-03 7.232198599605011324e+00
1.919999999999999929e+01 6.648813653038889715e-01 9.758679718026955774e-01 1.077766569582280180e-03 7.113727362203240645e+00
1.920500000000000185e+01 6.650779928225999393e-01 9.758774469459787770e-01 1.083634680382065344e-03 6.978458457634596712e+00
1.921000000000000085e+01 6.648541615753013057e-01 9.758910755745705545e-01 1.089728028613592926e-03 6.826252143879399270e+00
1.921499999999999986e+01 6.643465030981438035e-01 9.759087578257448214e-01 1.096002106640598262e-03 6.657292595604610064e+00
1.921999999999999886e+01 6.639996277413442449e-01 9.759303824614267153e-01 1.102412669553829577e-03 6.472082541658438437e+00
1.922500000000000142e+01 6.655145556769272996e-01 9.759558266733894261e-01 1.108916249425196364e-03 6.271362670970938247e+00
1.923000000000000043e+01 6.666669585112934282e-01 9.759849569535814506e-01 1.115470641907365286e-03 6.056089185986821555e+00
1.923499999999999943e+01 6.673973424281867128e-01 9.760176299148776158e-01 1.122035343455677920e-03 5.827380769576980590e+00
1.924000000000000199e+01 6.678170261442797351e-01 9.760536930035970116e-01 1.128571922856056852e-03 5.586483293719131105e+00
1.924500000000000099e+01 6.719186449120631011e-01 9.760929853994017025e-01 1.135044325055289526e-03 5.334757643994127108e+00
1.925000000000000000e+01 6.795477717420137509e-01 9.761353388738966963e-01 1.141419102755005747e-03 5.073646767604143903e+00
1.925499999999999901e+01 6.867669776690952244e-01 9.761805787100434895e-01 1.147665573530447063e-03 4.804646470224102295e+00
1.926000000000000156e+01 6.935877397975754866e-01 9.762285246348409995e-01 1.153755907079908379e-03 4.529289021219149447e+00
1.926500000000000057e+01 7.000426777351367313e-01 9.762789916958424241e-01 1.159665146873504939e-03 4.249107004254308428e+00
1.926999999999999957e+01 7.061553808016337586e-01 9.763317910788791298e-01 1.165371172289665722e-03 3.965645026384081895e+00
1.927500000000000213e+01 7.117928238963665555e-01 9.763867311152696349e-01 1.170854601079419346e-03 3.680454503528152621e+00
1.928000000000000114e+01 7.169551911028937408e-01 9.764436179087856438e-01 1.176098649082645041e-03 3.395091608272972739e+00
1.928500000000000014e+01 7.217034491644063188e-01 9.765022565103933516e-01 1.181088942902512422e-03 3.111017442289953916e+00
1.928999999999999915e+01 7.261170903253633124e-01 9.765624516624709095e-01 1.185813301146903392e-03 2.829625395838778257e+00
1.929500000000000171e+01 7.301299779324000871e-01 9.766240087652360291e-01 1.190261497255846491e-03 2.552171565899611139e+00
1.930000000000000071e+01 7.337197344738660698e-01 9.766867342985691147e-01 1.194425042434473947e-03 2.279950112330519474e+00
1.930499999999999972e+01 7.368480107431203407e-01 9.767504370588303564e-01 1.198296937184620443e-03 2.014110011235690667e+00
1.930999999999999872e+01 7.395774712152483055e-01 9.768149287365776035e-01 1.201871447741516578e-03 1.755675416348196238e+00
1.931500000000000128e+01 7.420356057248849169e-01 9.768800243903568159e-01 1.205143904527074001e-03 1.505556728445541115e+00
1.932000000000000028e+01 7.441245536873677402e-01 9.769455429415911940e-01 1.208110526621594075e-03 1.264529108591689877e+00
1.932499999999999929e+01 7.458959152364784684e-01 9.770113075935012992e-01 1.210768285173025472e-03 1.033304823816710405e+00
1.933000000000000185e+01 7.472513910918197055e-01 9.770771460524402263e-01 1.213114801642799397e-03 8.124605696538687027e-01
1.933500000000000085e+01 7.482639824293897401e-01 9.771428906228167843e-01 1.215148284699282474e-03 6.024743537379282365e-01
1.933999999999999986e+01 7.491007019739360784e-01 9.772083782218492498e-01 1.216867505817920267e-03 4.037584778339179392e-01
1.934499999999999886e+01 7.496178898347973796e-01 9.772734503952562601e-01 1.218271796828488546e-03 2.166317699809054420e-01
1.935000000000000142e+01 7.498583762067734249e-01 9.773379530475837518e-01 1.219361082513011150e-03 4.133949639316672475e-02
1.935500000000000043e+01 7.497995227976046451e-01 9.774017362493068184e-01 1.220135945971813482e-03 -1.219206042649365190e-01
1.935999999999999943e+01 7.494210048972014260e-01 9.774646538095644877e-01 1.220597718942092406e-03 -2.730015781612646908e-01
1.936500000000000199e+01 7.489218804071660074e-01 9.775265628819933550e-01 1.220748592284965012e-03 -4.117928026881922943e-01
1.937000000000000099e+01 7.482202265278583564e-01 9.775873235798090422e-01 1.220591729977805236e-03 -5.382101048926575260e-01
1.937500000000000000e+01 7.472906215254055962e-01 9.776467984881408446e-01 1.220131382044343377e-03 -6.521896997380531857e-01
1.937999999999999901e+01 7.461308027783839503e-01 9.777048520950232247e-01 1.219372993431704771e-03 -7.536812075860007676e-01
1.938500000000000156e+01 7.446951589453877363e-01 9.777613502443598392e-01 1.218323307099889678e-03 -8.426375108463768360e-01
1.939000000000000057e+01 7.431490029384232310e-01 9.778161595112491167e-01 1.216990452902229217e-03 -9.190104103993110840e-01
1.939499999999999957e+01 7.414536317847465474e-01 9.778691466902966756e-01 1.215384020977657454e-03 -9.827417881509648012e-01
1.940000000000000213e+01 7.395871220476823993e-01 9.779201782294610901e-01 1.213515109471046891e-03 -1.033759251637993870e+00
1.940500000000000114e+01 7.374630036971718816e-01 9.779691197258013613e-01 1.211396346165798717e-03 -1.071970034352623058e+00
1.941000000000000014e+01 7.351176889383895796e-01 9.780158354420155353e-01 1.209041879018679568e-03 -1.097254859921614978e+00
1.941499999999999915e+01 7.325902571136253538e-01 9.780601878814849659e-01 1.206467333514184065e-03 -1.109461776771926811e+00
1.942000000000000171e+01 7.299767390788294286e-01 9.781020373981631488e-01 1.203689738258227528e-03 -1.108400703157139011e+00
1.942500000000000071e+01 7.271558113502046838e-01 9.781412419293266103e-01 1.200727426819727522e-03 -1.093836815768610471e+00
1.942999999999999972e+01 7.240970150542845873e-01 9.781776567399502742e-01 1.197599917194174923e-03 -1.065488690878376055e+00
1.943499999999999872e+01 7.208678171651385913e-01 9.782111343681669791e-01 1.194327777618457709e-03 -1.023013145747139196e+00
1.944000000000000128e+01 7.173557173972151535e-01 9.782415246258021613e-01 1.190932465047854841e-03 -9.660200072198847909e-01
1.944500000000000028e+01 7.137052911824292023e-01 9.782686748745190730e-01 1.187436133816659840e-03 -8.940350883826784223e-01
1.944999999999999929e+01 7.098200923653165129e-01 9.782924303776635577e-01 1.183861407191044582e-03 -8.065297810902913866e-01
1.945500000000000185e+01 7.056902338308340683e-01 9.783126348186618193e-01 1.180231119813258175e-03 -7.029244138990600188e-01
1.946000000000000085e+01 7.012764042305160705e-01 9.783291310114946571e-01 1.176568030359793253e-03 -5.825758903610912531e-01
1.946499999999999986e+01 6.965029465730300240e-01 9.783417619140242216e-01 1.172894498078982635e-03 -4.447786175651006202e-01
1.946999999999999886e+01 6.914688755529899700e-01 9.783503716839390130e-01 1.169232108877015994e-03 -2.888005133090763565e-01
1.947500000000000142e+01 6.861292570057476725e-01 9.783548069673014824e-01 1.165601264846383807e-03 -1.139043477827324097e-01
1.948000000000000043e+01 6.804465791428740973e-01 9.783549183343759337e-01 1.162020719657929756e-03 8.056140846609713413e-02
1.948499999999999943e+01 6.742936057906878666e-01 9.783505617962819922e-01 1.158507068849844255e-03 2.953111315143469029e-01
1.949000000000000199e+01 6.676817701896812229e-01 9.783416008861446356e-01 1.155074190234349398e-03 5.309352890396098479e-01
1.949500000000000099e+01 6.638744332891902689e-01 9.783279086159877291e-01 1.151732631653538431e-03 7.878473252521733805e-01
1.950000000000000000e+01 6.638903771711557322e-01 9.783093698477784983e-01 1.148488964516033474e-03 1.066246515279741125e+00
1.950499999999999901e+01 6.640313535036480586e-01 9.782858837647298023e-01 1.145345124425449414e-03 1.366044111872339428e+00
1.951000000000000156e+01 6.636146419690486242e-01 9.782573669003160610e-01 1.142297750999094526e-03 1.686803884226920847e+00
1.951500000000000057e+01 6.627566029557364624e-01 9.782237562257748431e-01 1.139337564104078585e-03 2.027672526261280250e+00
1.951999999999999957e+01 6.613784604454768790e-01 9.781850133040492778e-01 1.136448815969206237e-03 2.387238342359910614e+00
1.952500000000000213e+01 6.595229193023034453e-01 9.781411283234534570e-01 1.133608889356550568e-03 2.763459537752269490e+00
1.953000000000000114e+01 6.583092215089926258e-01 9.780921245140379305e-01 1.130788143805808599e-03 3.153593788579164947e+00
1.953500000000000014e+01 6.578640100552931580e-01 9.780380626678074618e-01 1.127950118836336130e-03 3.554165785119444809e+00
1.953999999999999915e+01 6.569703234644816980e-01 9.779790472555844882e-01 1.125052206794253246e-03 3.960992676900662701e+00
1.954500000000000171e+01 6.555841100645105612e-01 9.779152317371996306e-01 1.122046907817498499e-03 4.369184055265312061e+00
1.955000000000000071e+01 6.544046643381794537e-01 9.778468230678315498e-01 1.118883764190101377e-03 4.773217509440661033e+00
1.955499999999999972e+01 6.550283767041664706e-01 9.777740852282980066e-01 1.115512019736931851e-03 5.167186194366517604e+00
1.955999999999999872e+01 6.557785729463083690e-01 9.776973410247973284e-01 1.111883903340213104e-03 5.545091552795581080e+00
1.956500000000000128e+01 6.561218183482265820e-01 9.776169713918074766e-01 1.107958336944452190e-03 5.901172219406630504e+00
1.957000000000000028e+01 6.560243772782629046e-01 9.775334119391825283e-01 1.103704712913930203e-03 6.230296550745905826e+00
1.957499999999999929e+01 6.555023562277805249e-01 9.774471453015793898e-01 1.099106302555587222e-03 6.528335863135614758e+00
1.958000000000000185e+01 6.546233859499821506e-01 9.773586908303260046e-01 1.094162808918882701e-03 6.792455227277679697e+00
1.958500000000000085e+01 6.555691898462177036e-01 9.772685912958823939e-01 1.088891623190706105e-03 7.021281823082777152e+00
1.958999999999999986e+01 6.560990925479848190e-01 9.771773985166005705e-01 1.083327542070621928e-03 7.214901719479843933e+00
1.959499999999999886e+01 6.561455622205568661e-01 9.770856588535272724e-01 1.077520950695316738e-03 7.374701624617406637e+00
1.960000000000000142e+01 6.558695768036874041e-01 9.769939001808447543e-01 1.071534770940101760e-03 7.503082602195071615e+00
1.960500000000000043e+01 6.552604696413041330e-01 9.769026216413900787e-01 1.065440660087424787e-03 7.603103958207030999e+00
1.960999999999999943e+01 6.555018734495999810e-01 9.768122863103185782e-01 1.059315012563642310e-03 7.678141434160614232e+00
1.961500000000000199e+01 6.556377853934998168e-01 9.767233178465293264e-01 1.053235265594358594e-03 7.731586807342796241e+00
1.962000000000000099e+01 6.553817235001542230e-01 9.766360997316787529e-01 1.047276851695551955e-03 7.766639981471541887e+00
1.962500000000000000e+01 6.549092476795131956e-01 9.765509768751546860e-01 1.041510967946682924e-03 7.786193875901824768e+00
1.962999999999999901e+01 6.545916268754342626e-01 9.764682586748558712e-01 1.036003153550886600e-03 7.792799384695857867e+00
1.963500000000000156e+01 6.539538637074577831e-01 9.763882227725824148e-01 1.030812559366954539e-03 7.788685634673720770e+00
1.964000000000000057e+01 6.544852753433235693e-01 9.763111189158879544e-01 1.025991741445108837e-03 7.775809101037136628e+00
1.964499999999999957e+01 6.549309349527735469e-01 9.762371725364026309e-01 1.021586802063118287e-03 7.755909002560121834e+00
1.965000000000000213e+01 6.550281851983034143e-01 9.761665878153493736e-01 1.017637717353874925e-03 7.730552478449298270e+00
1.965500000000000114e+01 6.547705829359280472e-01 9.760995501186381373e-01 1.014178714261851398e-03 7.701159485534011750e+00
1.966000000000000014e+01 6.541987187536585369e-01 9.760362277239681417e-01 1.011238595746595526e-03 7.669003322072526885e+00
1.966499999999999915e+01 6.534055988545556248e-01 9.759767729479584819e-01 1.008840954627149679e-03 7.635185832150069629e+00
1.967000000000000171e+01 6.545659988374162852e-01 9.759213225816747439e-01 1.007004257071574677e-03 7.600594976148515869e+00
1.967500000000000071e+01 6.557048890014760545e-01 9.758699977193587838e-01 1.005741828622547414e-03 7.565858431220745750e+00
1.967999999999999972e+01 6.564649393763684060e-01 9.758229036601409057e-01 1.005061773122098261e-03 7.531286733751827001e+00
1.968499999999999872e+01 6.568557910546334311e-01 9.757801294356228672e-01 1.004966881471748390e-03 7.496829276837638112e+00
1.969000000000000128e+01 6.570014325374576858e-01 9.757417474085470221e-01 1.005454575916527385e-03 7.462047471133899990e+00
1.969500000000000028e+01 6.567896704653574114e-01 9.757078131645308128e-01 1.006516924038919434e-03 7.426110862616080333e+00
1.969999999999999929e+01 6.562658229204965110e-01 9.756783654618675916e-01 1.008140744230367905e-03 7.387823959304183674e+00
1.970500000000000185e+01 6.554148173532500232e-01 9.756534266343837025e-01 1.010307813390512064e-03 7.345677594740225302e+00
1.971000000000000085e+01 6.567672116703370255e-01 9.756330030513549190e-01 1.012995174707639456e-03 7.297926740741452534e+00
1.971499999999999986e+01 6.578295762641934719e-01 9.756170860662878308e-01 1.016175525291266452e-03 7.242676337586675395e+00
1.971999999999999886e+01 6.585571100632058306e-01 9.756056527600955874e-01 1.019817673183232801e-03 7.177996394816580583e+00
1.972500000000000142e+01 6.589486982862396980e-01 9.755986667317764205e-01 1.023887040384300088e-03 7.102034336149985805e+00
1.973000000000000043e+01 6.589961529225063508e-01 9.755960785963849746e-01 1.028346197252394834e-03 7.013126316989573894e+00
1.973499999999999943e+01 6.590887117938145634e-01 9.755978263804254702e-01 1.033155426989825236e-03 6.909889522706452958e+00
1.974000000000000199e+01 6.588592103735297911e-01 9.756038356896298280e-01 1.038273307562785717e-03 6.791297623360324387e+00
1.974500000000000099e+01 6.582995924160628398e-01 9.756140194906388619e-01 1.043657290665446057e-03 6.656720232262514969e+00
1.975000000000000000e+01 6.595504661441443650e-01 9.756282784264799224e-01 1.049264282349824566e-03 6.505915039949811352e+00
1.975499999999999901e+01 6.608284986465113864e-01 9.756465017716902111e-01 1.055051220309267783e-03 6.339038638401919279e+00
1.976000000000000156e+01 6.617638684073821054e-01 9.756685673558850302e-01 1.060975612543487313e-03 6.156569574869496186e+00
1.976500000000000057e+01 6.623553811662968860e-01 9.756943423041384289e-01 1.066996043693499950e-03 5.959275764833598998e+00
1.976999999999999957e+01 6.626176110847969980e-01 9.757236839297640518e-01 1.073072638115858549e-03 5.748152878199691784e+00
1.977500000000000213e+01 6.625176449404990286e-01 9.757564404609341269e-01 1.079167461260144897e-03 5.524370771489373944e+00
1.978000000000000114e+01 6.625618525991114893e-01 9.757924519532737984e-01 1.085244854599621287e-03 5.289246272361086909e+00
1.978500000000000014e+01 6.703798318933963385e-01 9.758315511592152713e-01 1.091271698803999036e-03 5.044201657058455801e+00
1.978999999999999915e+01 6.777707984971842459e-01 9.758735644477563032e-01 1.097217601386595628e-03 4.790724675253132503e+00
1.979500000000000171e+01 6.847360391123933354e-01 9.759183127249870804e-01 1.103055009659370230e-03 4.530345069829052385e+00
1.980000000000000071e+01 6.913387471733903888e-01 9.759656123389081062e-01 1.108759252821922212e-03 4.264612912147397239e+00
1.980499999999999972e+01 6.975789794895228546e-01 9.760152757233981902e-01 1.114308516853124154e-03 3.995045628321536757e+00
1.980999999999999872e+01 7.034234293706972396e-01 9.760671125742557130e-01 1.119683755635566928e-03 3.723187876523531781e+00
1.981500000000000128e+01 7.087980203502446397e-01 9.761209303945385107e-01 1.124868549176650991e-03 3.450578005190139130e+00
1.982000000000000028e+01 7.137008361098847731e-01 9.761765355803450062e-01 1.129848917694372236e-03 3.178684296247164642e+00
1.982499999999999929e+01 7.182437312010951924e-01 9.762337343054188210e-01 1.134613091106172547e-03 2.908888788531172498e+00
1.983000000000000185e+01 7.224327449582542693e-01 9.762923334016507804e-01 1.139151258362273772e-03 2.642473083843386750e+00
1.983500000000000085e+01 7.261642296939152530e-01 9.763521410966444769e-01 1.143455316521655276e-03 2.380639297727800141e+00
1.983999999999999986e+01 7.295095749195747992e-01 9.764129678803618040e-01 1.147518616534195591e-03 2.124566483047424015e+00
1.984499999999999886e+01 7.324049167755097844e-01 9.764746275172753176e-01 1.151335710042105699e-03 1.875267443683364954e+00
1.985000000000000142e+01 7.349666308787803359e-01 9.765369375054578915e-01 1.154902126617631062e-03 1.633649505310872829e+00
1.985500000000000043e+01 7.372408435743426081e-01 9.765997196882961751e-01 1.158214176377120449e-03 1.400492535016794937e+00
1.985999999999999943e+01 7.390972326776936718e-01 9.766628006872131174e-01 1.161268785545243893e-03 1.176478221139930502e+00
1.986500000000000199e+01 7.406664514140852695e-01 9.767260122564074276e-01 1.164063374340852490e-03 9.622022590556879029e-01
1.987000000000000099e+01 7.418435639041700558e-01 9.767891914266377817e-01 1.166595771652705364e-03 7.581330083237747264e-01
1.987500000000000000e+01 7.427510368295018317e-01 9.768521805210373943e-01 1.168864175109869674e-03 5.646718800694900953e-01
1.987999999999999901e+01 7.434772083993631542e-01 9.769148271289654906e-01 1.170867144506489588e-03 3.821441200744929434e-01
1.988500000000000156e+01 7.438661528715104776e-01 9.769769840046398368e-01 1.172603624033043699e-03 2.107985167260716386e-01
1.989000000000000057e+01 7.439417328351480840e-01 9.770385087197008822e-01 1.174072995647207004e-03 5.082206389251525680e-02
1.989499999999999957e+01 7.437875812275885901e-01 9.770992633940512873e-01 1.175275160174318184e-03 -9.763740523261271731e-02
1.990000000000000213e+01 7.433669671074816243e-01 9.771591141610765918e-01 1.176210639658727261e-03 -2.344735298619727570e-01
1.990500000000000114e+01 7.428595665659694092e-01 9.772179306859317682e-01 1.176880696029156993e-03 -3.596069347118890924e-01
1.991000000000000014e+01 7.421116904858602314e-01 9.772755856983562639e-01 1.177287451709019316e-03 -4.729781993939324858e-01
1.991499999999999915e+01 7.410895078378589851e-01 9.773319543928203901e-01 1.177434006592723752e-03 -5.745418568924314240e-01
1.992000000000000171e+01 7.399129084255580135e-01 9.773869137984542155e-01 1.177324547534762530e-03 -6.642601947143400576e-01
1.992500000000000071e+01 7.384869415581034602e-01 9.774403421839447104e-01 1.176964450075240060e-03 -7.420948517485389528e-01
1.992999999999999972e+01 7.370482610952556746e-01 9.774921183662346191e-01 1.176360365355623352e-03 -8.080022845148562283e-01
1.993499999999999872e+01 7.353863842460762745e-01 9.775421211661045051e-01 1.175520291926545431e-03 -8.619271494675591061e-01
1.994000000000000128e+01 7.335169974339483812e-01 9.775902287957805026e-01 1.174453625878774587e-03 -9.037982067902692318e-01
1.994500000000000028e+01 7.314681597719254746e-01 9.776363183114130662e-01 1.173171187942337237e-03 -9.335226067420134832e-01
1.994999999999999929e+01 7.291748548383504280e-01 9.776802650961422536e-01 1.171685223157457791e-03 -9.509803249779594791e-01
1.995500000000000185e+01 7.268582160238389323e-01 9.777219423993782632e-01 1.170009370142146166e-03 -9.560184578309003367e-01
1.996000000000000085e+01 7.243078255434391988e-01 9.777612208690352746e-01 1.168158601593214134e-03 -9.484498005588315461e-01
1.996499999999999986e+01 7.216266057380240628e-01 9.777979682554867047e-01 1.166149140355560946e-03 -9.280358567426310046e-01
1.996999999999999886e+01 7.187050276286888195e-01 9.778320490719849545e-01 1.163998351505572768e-03 -8.944962003254883776e-01
1.997500000000000142e+01 7.155855058209444897e-01 9.778633244927271706e-01 1.161724617302743040e-03 -8.474898645073345449e-01
1.998000000000000043e+01 7.122785097445769598e-01 9.778916523487684032e-01 1.159347190333655979e-03 -7.866081050421340759e-01
1.998499999999999943e+01 7.088637928181362735e-01 9.779168872182615324e-01 1.156886010536583740e-03 -7.113870193995730506e-01
1.999000000000000199e+01 7.051853611433926972e-01 9.779388806572515414e-01 1.154361485457906528e-03 -6.213084139218538748e-01
1.999500000000000099e+01 7.012017565716006651e-01 9.779574816149371186e-01 1.151794234934338948e-03 -5.157765421703862652e-01
2.000000000000000000e+01 6.970038123405907227e-01 9.779725371600787032e-01 1.149204802267106938e-03 -3.941304003956245805e-01
2.000499999999999901e+01 6.924647581963331300e-01 9.779838932305284782e-01 1.146613319578708868e-03 -2.556661759903174902e-01
2.001000000000000156e+01 6.877273784680112412e-01 9.779913956533280439e-01 1.144039131165436058e-03 -9.964309801137008482e-02
2.001500000000000057e+01 6.826049370964570873e-01 9.779948913985746506e-01 1.141500367387531792e-03 7.463557481447351261e-02
2.001999999999999957e+01 6.771095503570275786e-01 9.779942298145026802e-01 1.139013470164608769e-03 2.679135438917056300e-01
2.002500000000000213e+01 6.712021622171649993e-01 9.779892644877695718e-01 1.136592685044270296e-03 4.809026329446383641e-01
2.003000000000000114e+01 6.647931120906767077e-01 9.779798549915333927e-01 1.134249501003993651e-03 7.141785793285687634e-01
2.003500000000000014e+01 6.579844681235759163e-01 9.779658691585236818e-01 1.131992056619987629e-03 9.681537712037695531e-01
2.003999999999999915e+01 6.580784732078164279e-01 9.779471853765502320e-01 1.129824524341794135e-03 1.243037231218972805e+00
2.004500000000000171e+01 6.579498182061275235e-01 9.779236954306135265e-01 1.127746490261546204e-03 1.538719072946323152e+00
2.005000000000000071e+01 6.573241831949809821e-01 9.778953076804850486e-01 1.125752346714027109e-03 1.854773640077689523e+00
2.005499999999999972e+01 6.562490307279316148e-01 9.778619502162264610e-01 1.123830726681982091e-03 2.190307845693415523e+00
2.005999999999999872e+01 6.548005197487473117e-01 9.778235756453479421e-01 1.121964017166586329e-03 2.543878693959329862e+00
2.006500000000000128e+01 6.531464436471581259e-01 9.777801648470968443e-01 1.120128009577640513e-03 2.913404782253340652e+00
2.007000000000000028e+01 6.529193087390874339e-01 9.777317318869283014e-01 1.118291784165227100e-03 3.296109122106208655e+00
2.007499999999999929e+01 6.522382559443014038e-01 9.776783284553063336e-01 1.116417927869791174e-03 3.688485082896678868e+00
2.008000000000000185e+01 6.511756891550886106e-01 9.776200506465528850e-01 1.114463201950257731e-03 4.086327985397846696e+00
2.008500000000000085e+01 6.497258586902560085e-01 9.775570436283749221e-01 1.112379764129661818e-03 4.484723565650904575e+00
2.008999999999999986e+01 6.482621513868604968e-01 9.774895065340550859e-01 1.110117051063596368e-03 4.878147773039464674e+00
2.009499999999999886e+01 6.489286761241606083e-01 9.774176959000664411e-01 1.107624363469894135e-03 5.260716283008312288e+00
2.010000000000000142e+01 6.493892398469365279e-01 9.773419275550360164e-01 1.104854069628204627e-03 5.626468330528216377e+00
2.010500000000000043e+01 6.495262941723753958e-01 9.772625761443449743e-01 1.101765240310959709e-03 5.969696962590718137e+00
2.010999999999999943e+01 6.493718352373802905e-01 9.771800717790800617e-01 1.098327368346732310e-03 6.285338965169450454e+00
2.011500000000000199e+01 6.488835305822802102e-01 9.770948927489861990e-01 1.094523747528128831e-03 6.569343362948452558e+00
2.012000000000000099e+01 6.489649563253485631e-01 9.770075555361898978e-01 1.090354032352510620e-03 6.818960898423774175e+00
2.012500000000000000e+01 6.496309940465124777e-01 9.769186018400233262e-01 1.085835545313735846e-03 7.032912239974381308e+00
2.012999999999999901e+01 6.499441072711891199e-01 9.768285844423760800e-01 1.081003082820590749e-03 7.211387291401085697e+00
2.013500000000000156e+01 6.499119835142961321e-01 9.767380527262976564e-01 1.075907205093386797e-03 7.355890645626304902e+00
2.014000000000000057e+01 6.494706085889325742e-01 9.766475395060731923e-01 1.070611284214155858e-03 7.468956453730032585e+00
2.014499999999999957e+01 6.490257165957685759e-01 9.765575503546521929e-01 1.065187768104587738e-03 7.553791436891764022e+00
2.015000000000000213e+01 6.493820665109762968e-01 9.764685557537868821e-01 1.059714199738983178e-03 7.613926254862217746e+00
2.015500000000000114e+01 6.494922236674606220e-01 9.763809870780373323e-01 1.054269483818592434e-03 7.652905148018925630e+00
2.016000000000000014e+01 6.496542144820226516e-01 9.762952351858569244e-01 1.048930755700035753e-03 7.674066381994371966e+00
2.016499999999999915e+01 6.495364057055251772e-01 9.762116514529526334e-01 1.043771035283697383e-03 7.680415900912082705e+00
2.017000000000000171e+01 6.491891623378921450e-01 9.761305503822104157e-01 1.038857675704679944e-03 7.674583434220546785e+00
2.017500000000000071e+01 6.486054990194073389e-01 9.760522130459463597e-01 1.034251504508681280e-03 7.658837394408685384e+00
2.017999999999999972e+01 6.490681416842301044e-01 9.759768907535890659e-01 1.030006499014815991e-03 7.635132734677672062e+00
2.018499999999999872e+01 6.492912313027504601e-01 9.759048085478079226e-01 1.026169828263832906e-03 7.605169098791026983e+00
2.019000000000000128e+01 6.493142326627073802e-01 9.758361682781145907e-01 1.022782109285410440e-03 7.570442595883109860e+00
2.019500000000000028e+01 6.490510997860348130e-01 9.757711511299301810e-01 1.019877750147547791e-03 7.532280634032834321e+00
2.019999999999999929e+01 6.485080431778028620e-01 9.757099195390857016e-01 1.017485283634150285e-03 7.491854662441894241e+00
2.020500000000000185e+01 6.483058900544483860e-01 9.756526186410517942e-01 1.015627628669924344e-03 7.450166861775566751e+00
2.021000000000000085e+01 6.494731642538511540e-01 9.755993768085006179e-01 1.014322253459146910e-03 7.408025468402685831e+00
2.021499999999999986e+01 6.503583287210478181e-01 9.755503060865905463e-01 1.013581258160919452e-03 7.366002934308336414e+00
2.021999999999999886e+01 6.509659765871779191e-01 9.755055022829900446e-01 1.013411394356833082e-03 7.324387110693097114e+00
2.022500000000000142e+01 6.512554030465803612e-01 9.754650448128870943e-01 1.013814070439868166e-03 7.283138519643105546e+00
2.023000000000000043e+01 6.512179666821292789e-01 9.754289966116499455e-01 1.014785378376256795e-03 7.241858932089320078e+00
2.023499999999999943e+01 6.510247555906488737e-01 9.753974041086733715e-01 1.016316170356974802e-03 7.199782180075857241e+00
2.024000000000000199e+01 6.505500526827536767e-01 9.753702973927300679e-01 1.018392211084021915e-03 7.155788665432686990e+00
2.024500000000000099e+01 6.511871600960583706e-01 9.753476906384856981e-01 1.020994416709835803e-03 7.108448138945798966e+00
2.025000000000000000e+01 6.522517006680434992e-01 9.753295825855541334e-01 1.024099179238738538e-03 7.056080856555660752e+00
2.025499999999999901e+01 6.531223363719410591e-01 9.753159575467242881e-01 1.027678762032473983e-03 6.996845180891593685e+00
2.026000000000000156e+01 6.537230079219435996e-01 9.753067860037457626e-01 1.031701759717980251e-03 6.928847539219382234e+00
2.026500000000000057e+01 6.540447079685566267e-01 9.753020253865926081e-01 1.036133595896012935e-03 6.850256386214496729e+00
2.026999999999999957e+01 6.540952512727354895e-01 9.753016204976573400e-01 1.040937059490861048e-03 6.759416044287948289e+00
2.027500000000000213e+01 6.538538564848535017e-01 9.753055039406022253e-01 1.046072865330770468e-03 6.654944018693388585e+00
2.028000000000000114e+01 6.534631519175855274e-01 9.753135960129136750e-01 1.051500225538115228e-03 6.535815489549423596e+00
2.028500000000000014e+01 6.539592155823392705e-01 9.753258048164291649e-01 1.057177420734244826e-03 6.401378216701541390e+00
2.028999999999999915e+01 6.551249239796410606e-01 9.753420270702874983e-01 1.063062375655450358e-03 6.251395193313075360e+00
2.029500000000000171e+01 6.560744487541174674e-01 9.753621483683000415e-01 1.069113216053792920e-03 6.085998128301181254e+00
2.030000000000000071e+01 6.567755357228657331e-01 9.753860433880090497e-01 1.075288787426218395e-03 5.905647928545637804e+00
2.030499999999999972e+01 6.572847391314213805e-01 9.754135770062428712e-01 1.081549142432107133e-03 5.711092643920609113e+00
2.030999999999999872e+01 6.575159380391168984e-01 9.754446048346069320e-01 1.087855976102712532e-03 5.503298063893682368e+00
2.031500000000000128e+01 6.574714332867904742e-01 9.754789741764035016e-01 1.094173000656081460e-03 5.283413461365532804e+00
2.032000000000000028e+01 6.625696163443429709e-01 9.755165248581073589e-01 1.100466254074775573e-03 5.052730815103528172e+00
2.032499999999999929e+01 6.701561368907831273e-01 9.755570901225252278e-01 1.106704336018152993e-03 4.812637679962865178e+00
2.033000000000000185e+01 6.774863198171088285e-01 9.756004975328472772e-01 1.112858569592156850e-03 4.564583988175353824e+00
2.033500000000000085e+01 6.843809148809110177e-01 9.756465698787655239e-01 1.118903090379454006e-03 4.310059745784300844e+00
2.033999999999999986e+01 6.908562816301524467e-01 9.756951258366339808e-01 1.124814866406789217e-03 4.050556627288019129e+00
2.034499999999999886e+01 6.969233428863929047e-01 9.757459808168060800e-01 1.130573650169614929e-03 3.787557431776381822e+00
2.035000000000000142e+01 7.025263236903463993e-01 9.757989479607163119e-01 1.136161873476605397e-03 3.522551090329178791e+00
2.035500000000000043e+01 7.078613929594227416e-01 9.758538386513062601e-01 1.141564495050243714e-03 3.257023618535280551e+00
2.035999999999999943e+01 7.127490545172752157e-01 9.759104636725257631e-01 1.146768800020685165e-03 2.992362503747303393e+00
2.036500000000000199e+01 7.171787980287034348e-01 9.759686339338971006e-01 1.151764167819052057e-03 2.729883246164019006e+00
2.037000000000000099e+01 7.212046935586093888e-01 9.760281614066915745e-01 1.156541818766275345e-03 2.470763717448835273e+00
2.037500000000000000e+01 7.248083661231294883e-01 9.760888596318133548e-01 1.161094570009643754e-03 2.216204053875334701e+00
2.037999999999999901e+01 7.281076996441298022e-01 9.761505449338478968e-01 1.165416573123005933e-03 1.967273208305194920e+00
2.038500000000000156e+01 7.310504321185953280e-01 9.762130370567250193e-01 1.169503078562655419e-03 1.724912820564013183e+00
2.039000000000000057e+01 7.335693092530490844e-01 9.762761597327376251e-01 1.173350221322890657e-03 1.489958563092945054e+00
2.039499999999999957e+01 7.357107507920956913e-01 9.763397412384324792e-01 1.176954832746095842e-03 1.263117323646095524e+00
2.040000000000000213e+01 7.375082841977800285e-01 9.764036148553276728e-01 1.180314288290714667e-03 1.045035308524056461e+00
2.040500000000000114e+01 7.390242718765260843e-01 9.764676191378226511e-01 1.183426390250586846e-03 8.362349958166319652e-01
2.041000000000000014e+01 7.403277293655156077e-01 9.765315980127455830e-01 1.186289289833461144e-03 6.371440252999442944e-01
2.041499999999999915e+01 7.412677304783668042e-01 9.765954007583607099e-01 1.188901453131532100e-03 4.481329471406648723e-01
2.042000000000000171e+01 7.418988633680790867e-01 9.766588820330999177e-01 1.191261657470289899e-03 2.694871854729106175e-01
2.042500000000000071e+01 7.422682583612031371e-01 9.767219016014735411e-01 1.193369019330928465e-03 1.014256630561909539e-01
2.042999999999999972e+01 7.423801701655896590e-01 9.767843240955822459e-01 1.195223047439724490e-03 -5.587679495435250721e-02
2.043499999999999872e+01 7.423505711802730334e-01 9.768460185444427513e-01 1.196823717078705730e-03 -2.022889073584816233e-01
2.044000000000000128e+01 7.420763690610369112e-01 9.769068579303923361e-01 1.198171568506436850e-03 -3.377115362970880552e-01
2.044500000000000028e+01 7.415253787311552047e-01 9.769667187445731926e-01 1.199267819182081064e-03 -4.620683764493632162e-01
2.044999999999999929e+01 7.407879999705965224e-01 9.770254804511304680e-01 1.200114485146185333e-03 -5.753007845526740827e-01
2.045500000000000185e+01 7.398350701683501507e-01 9.770830248966064779e-01 1.200714496596276114e-03 -6.773607013620039918e-01
2.046000000000000085e+01 7.388010626882961507e-01 9.771392357139494500e-01 1.201071808688673054e-03 -7.682032548960100460e-01
2.046499999999999986e+01 7.376149743266053882e-01 9.771939976517834969e-01 1.201191501842118967e-03 -8.477833029197497927e-01
2.046999999999999886e+01 7.361857999798058216e-01 9.772471960146259518e-01 1.201079874605068352e-03 -9.160489670059870360e-01
2.047500000000000142e+01 7.346270131210341781e-01 9.772987160632116144e-01 1.200744521279255338e-03 -9.729368297617403405e-01
2.048000000000000043e+01 7.328489781824267801e-01 9.773484424448066754e-01 1.200194392177420227e-03 -1.018367742703954359e+00
2.048499999999999943e+01 7.309448078002939164e-01 9.773962586317846979e-01 1.199439834713268834e-03 -1.052242044855952186e+00
2.049000000000000199e+01 7.289389236358255753e-01 9.774420464413736687e-01 1.198492610372802001e-03 -1.074434376773196309e+00
2.049500000000000099e+01 7.267249094258845243e-01 9.774856855292619606e-01 1.197365884153220620e-03 -1.084789186394811145e+00
2.050000000000000000e+01 7.243677449414687164e-01 9.775270530044535278e-01 1.196074186563511263e-03 -1.083114538538519467e+00
2.050499999999999901e+01 7.217752148042050342e-01 9.775660230111201665e-01 1.194633346961894178e-03 -1.069180701221656316e+00
2.051000000000000156e+01 7.190472026598904165e-01 9.776024664840406997e-01 1.193060407526550393e-03 -1.042704669743496737e+00
2.051500000000000057e+01 7.161832335207836131e-01 9.776362508627092218e-01 1.191373513828761135e-03 -1.003361753524631084e+00
2.051999999999999957e+01 7.131951356897657801e-01 9.776672400139332364e-01 1.189591790064197917e-03 -9.507589638991865710e-01
2.052500000000000213e+01 7.099426179946410898e-01 9.776952943020669196e-01 1.187735187246055993e-03 -8.844401102606161968e-01
2.053000000000000114e+01 7.064470148740928934e-01 9.777202706936751753e-01 1.185824292218471245e-03 -8.038919697180398893e-01
2.053500000000000014e+01 7.027534996819396751e-01 9.777420230360124309e-01 1.183880099701521563e-03 -7.085495295614342437e-01
2.053999999999999915e+01 6.987914693615500106e-01 9.777604025478987548e-01 1.181923750112537710e-03 -5.977652447530090729e-01
2.054500000000000171e+01 6.946631818911460643e-01 9.777752585460707246e-01 1.179976230514101412e-03 -4.708378883179081265e-01
2.055000000000000071e+01 6.901798087378896440e-01 9.777864392363546653e-01 1.178058025435997549e-03 -3.270244396132032105e-01
2.055499999999999972e+01 6.854113720780894425e-01 9.777937927865362200e-01 1.176188725412033280e-03 -1.655600813761084478e-01
2.055999999999999872e+01 6.802611446085324864e-01 9.777971686023756437e-01 1.174386580641054688e-03 1.426396781665750096e-02
2.056500000000000128e+01 6.746782817953090872e-01 9.777964186193537355e-01 1.172668011199416802e-03 2.132153975395825740e-01
2.057000000000000028e+01 6.687614524423961537e-01 9.777913992778957120e-01 1.171047074627473402e-03 4.319818393851397875e-01
2.057499999999999929e+01 6.624062542224045114e-01 9.777819733177336436e-01 1.169534883333641761e-03 6.711051290338604369e-01
2.058000000000000185e+01 6.555684823951197782e-01 9.777680121709874106e-01 1.168138991402765860e-03 9.309391259289100384e-01
2.058500000000000085e+01 6.515811666090146614e-01 9.777493983735213723e-01 1.166862768235902691e-03 1.211608893547858168e+00
2.058999999999999986e+01 6.511487287039420258e-01 9.777260286020564850e-01 1.165704776216617937e-03 1.512887815677667502e+00
2.059499999999999886e+01 6.503127523022944612e-01 9.776978170449301953e-01 1.164658176715588182e-03 1.834208468770843536e+00
2.060000000000000142e+01 6.491351325266164762e-01 9.776646988264446891e-01 1.163710193235649795e-03 2.174491635886283802e+00
2.060500000000000043e+01 6.476393882493742815e-01 9.776266350729500010e-01 1.162841678378033396e-03 2.532080560620331156e+00
2.060999999999999943e+01 6.471560514026895028e-01 9.775836169007092735e-01 1.162026851951549486e-03 2.904651416250657814e+00
2.061500000000000199e+01 6.466751091978893973e-01 9.775356706287832154e-01 1.161233313078748703e-03 3.289169425237612465e+00
2.062000000000000099e+01 6.458030055373374934e-01 9.774828624580818026e-01 1.160422420552276960e-03 3.681868619180474145e+00
2.062500000000000000e+01 6.453086496833525532e-01 9.774253054914477934e-01 1.159550154096722656e-03 4.078298252385669898e+00
2.062999999999999901e+01 6.448570556801640485e-01 9.773631640301150281e-01 1.158568553451687052e-03 4.473335665953722895e+00
2.063500000000000156e+01 6.454569326489648651e-01 9.772966582426105830e-01 1.157427824448856776e-03 4.861326153805290318e+00
2.064000000000000057e+01 6.462136331373755649e-01 9.772260669055047311e-01 1.156079110384433542e-03 5.236361794933922731e+00
2.064499999999999957e+01 6.466561000296242590e-01 9.771517281922819098e-01 1.154477796247876335e-03 5.592585327507370252e+00
2.065000000000000213e+01 6.467812746580615668e-01 9.770740378850861774e-01 1.152587110642137652e-03 5.924537988545685252e+00
2.065500000000000114e+01 6.465620355852836898e-01 9.769934443784100697e-01 1.150381648981341556e-03 6.227543188078028535e+00
2.066000000000000014e+01 6.460499661768025481e-01 9.769104399190066124e-01 1.147850386280632002e-03 6.498045535985618848e+00
2.066499999999999915e+01 6.466562325635899500e-01 9.768255493301393200e-01 1.144998724145918079e-03 6.733850595098759939e+00
2.067000000000000171e+01 6.471289541130532674e-01 9.767393162879409729e-01 1.141849204737418978e-03 6.934229503397625116e+00
2.067500000000000071e+01 6.472844975549629787e-01 9.766522890439177651e-01 1.138440744151304057e-03 7.099854922360978371e+00
2.067999999999999972e+01 6.471865449440358242e-01 9.765650065635971266e-01 1.134826479606118078e-03 7.232596137255574043e+00
2.068499999999999872e+01 6.468149107764034067e-01 9.764779865125765568e-01 1.131070582998178024e-03 7.335209706923734529e+00
2.069000000000000128e+01 6.470345851748289245e-01 9.763917161949142720e-01 1.127244529349309948e-03 7.410984639295310039e+00
2.069500000000000028e+01 6.476310205231083916e-01 9.763066463969242159e-01 1.123423325172485856e-03 7.463417200804424390e+00
2.069999999999999929e+01 6.480108151669705663e-01 9.762231888100436628e-01 1.119682131246355463e-03 7.495943120398004922e+00
2.070500000000000185e+01 6.481528218289763776e-01 9.761417158770921976e-01 1.116093538283180258e-03 7.511757317801782463e+00
2.071000000000000085e+01 6.480455456863113417e-01 9.760625625481800238e-01 1.112725602487273351e-03 7.513721064399593530e+00
2.071499999999999986e+01 6.476800203198516126e-01 9.759860292020884343e-01 1.109640594802172205e-03 7.504339281088037161e+00
2.071999999999999886e+01 6.471449223040171006e-01 9.759123850225071006e-01 1.106894339819409351e-03 7.485784129322485825e+00
2.072500000000000142e+01 6.475517979960335735e-01 9.758418713663785660e-01 1.104535993276917986e-03 7.459941351866322456e+00
2.073000000000000043e+01 6.477547471535942680e-01 9.757747048191582895e-01 1.102608111874373194e-03 7.428460316473127989e+00
2.073499999999999943e+01 6.477408423311440400e-01 9.757110798037391675e-01 1.101146886922871413e-03 7.392794368798855764e+00
2.074000000000000199e+01 6.474744096935042270e-01 9.756511706486628022e-01 1.100182437002067675e-03 7.354223599480598672e+00
2.074500000000000099e+01 6.470369898685153220e-01 9.755951332538681520e-01 1.099739080451568336e-03 7.313853354387929606e+00
2.075000000000000000e+01 6.478220576395347097e-01 9.755431058880561501e-01 1.099835539711900784e-03 7.272600522926810918e+00
2.075499999999999901e+01 6.486477263100142165e-01 9.754952099054403636e-01 1.100485074760862002e-03 7.231158836601783158e+00
2.076000000000000156e+01 6.493456626413517396e-01 9.754515500462774824e-01 1.101695548047399321e-03 7.189954209082812575e+00
2.076500000000000057e+01 6.497856129758280419e-01 9.754122144806646189e-01 1.103469459727400613e-03 7.149100753116961471e+00
2.076999999999999957e+01 6.499806236028318196e-01 9.753772748143292315e-01 1.105803984370597876e-03 7.108364411936715754e+00
2.077500000000000213e+01 6.499434221341947593e-01 9.753467861561784247e-01 1.108691038368830439e-03 7.067144267594424711e+00
2.078000000000000114e+01 6.497588140555049518e-01 9.753207872404909828e-01 1.112117406866765679e-03 7.024477269975667681e+00
2.078500000000000014e+01 6.501392293686064638e-01 9.752993008475101533e-01 1.116064945028815564e-03 6.979069017207500281e+00
2.078999999999999915e+01 6.512376837121539586e-01 9.752823341894061304e-01 1.120510862456391586e-03 6.929348126547485442e+00
2.079500000000000171e+01 6.521015145583666239e-01 9.752698798859329443e-01 1.125428076099899317e-03 6.873540873602708601e+00
2.080000000000000071e+01 6.528243566085489835e-01 9.752619165490046260e-01 1.130785632236532261e-03 6.809776128524545058e+00
2.080499999999999972e+01 6.533071977179438772e-01 9.752584096413096093e-01 1.136549172275860397e-03 6.736193946100671681e+00
2.080999999999999872e+01 6.535580624309812459e-01 9.752593119368437868e-01 1.142681440342744898e-03 6.651060434901304497e+00
2.081500000000000128e+01 6.535628780649948011e-01 9.752645640665607019e-01 1.149142821802154671e-03 6.552868729186039687e+00
2.082000000000000028e+01 6.533109436907550416e-01 9.752740945359380520e-01 1.155891900527318116e-03 6.440432223254741295e+00
2.082499999999999929e+01 6.533407222584703966e-01 9.752878198340968474e-01 1.162886018431173382e-03 6.312917195914382162e+00
2.083000000000000185e+01 6.544883227535394088e-01 9.753056449963712904e-01 1.170081842114552685e-03 6.169886028782152643e+00
2.083500000000000085e+01 6.553807628855310430e-01 9.753274641491275210e-01 1.177435924340046458e-03 6.011279753544691573e+00
2.083999999999999986e+01 6.560488967195156063e-01 9.753531604426036727e-01 1.184905230878175505e-03 5.837374740411226171e+00
2.084499999999999886e+01 6.564843353589175923e-01 9.753826071622831995e-01 1.192447643768261047e-03 5.648751285787401599e+00
2.085000000000000142e+01 6.566524366947327218e-01 9.754156681730330458e-01 1.200022422113125511e-03 5.446226986840942530e+00
2.085500000000000043e+01 6.568244314935466344e-01 9.754521988488445983e-01 1.207590609381712114e-03 5.230817792654588239e+00
2.085999999999999943e+01 6.629870705774610906e-01 9.754920468630149388e-01 1.215115380378708901e-03 5.003701025958823934e+00
2.086500000000000199e+01 6.708097338567615697e-01 9.755350530471424975e-01 1.222562321348117341e-03 4.766167402253720375e+00
2.087000000000000099e+01 6.782767608001011306e-01 9.755810522812177199e-01 1.229899640275180974e-03 4.519585157714504753e+00
2.087500000000000000e+01 6.853511125187373709e-01 9.756298743652691563e-01 1.237098307405633995e-03 4.265376883335405545e+00
2.087999999999999901e+01 6.920585336662608000e-01 9.756813446294095860e-01 1.244132125598087927e-03 4.004988514162942437e+00
2.088500000000000156e+01 6.984668210515289077e-01 9.757352846954029379e-01 1.250977731192374348e-03 3.739852192952349164e+00
2.089000000000000057e+01 7.044243209050655707e-01 9.757915134743514463e-01 1.257614535325116481e-03 3.471429051241054164e+00
2.089499999999999957e+01 7.099241828907277840e-01 9.758498475651002924e-01 1.264024614410759993e-03 3.201195277536271533e+00
2.090000000000000213e+01 7.150566853116507859e-01 9.759101023583875989e-01 1.270192558126157552e-03 2.930544361533424347e+00
2.090500000000000114e+01 7.197312770898495193e-01 9.759720927064999829e-01 1.276105273398775875e-03 2.660806223357967681e+00
2.091000000000000014e+01 7.240964130622425943e-01 9.760356337957579731e-01 1.281751763925953339e-03 2.393181795669255152e+00
2.091499999999999915e+01 7.280973626514645192e-01 9.761005415857033629e-01 1.287122898675716011e-03 2.128915647016527579e+00
2.092000000000000171e+01 7.316581791788102640e-01 9.761666340208395853e-01 1.292211160317646886e-03 1.869123411792031009e+00
2.092500000000000071e+01 7.348336866189837391e-01 9.762337316342567517e-01 1.297010411558217977e-03 1.614801349170986722e+00
2.092999999999999972e+01 7.376293622679649387e-01 9.763016581315416831e-01 1.301515678873355585e-03 1.366833608748767137e+00
2.093499999999999872e+01 7.400065377192367455e-01 9.763702410056069869e-01 1.305722959294651356e-03 1.126007931749505975e+00
2.094000000000000128e+01 7.422007380445272418e-01 9.764393121480305915e-01 1.309629058763447972e-03 8.930253654203739178e-01
2.094500000000000028e+01 7.440274960494497325e-01 9.765087080653960250e-01 1.313231448404015515e-03 6.684561646391486978e-01
2.094999999999999929e+01 7.455147024691733959e-01 9.765782700733474098e-01 1.316528162417271658e-03 4.528147744040673106e-01
2.095500000000000185e+01 7.467045437965421639e-01 9.766478445683987042e-01 1.319517723821238058e-03 2.465110806290698453e-01
2.096000000000000085e+01 7.475407594001878264e-01 9.767172830071719769e-01 1.322199112238997640e-03 4.987532213903986267e-02
2.096499999999999986e+01 7.481324070359768319e-01 9.767864417163738544e-01 1.324571771295340612e-03 -1.368203117228282695e-01
2.096999999999999886e+01 7.485937078794462352e-01 9.768551817355378697e-01 1.326635646552736967e-03 -3.133657937983487241e-01
2.097500000000000142e+01 7.487696695912748890e-01 9.769233686063683031e-01 1.328391236078476810e-03 -4.795936823632560575e-01
2.098000000000000043e+01 7.487483681415045833e-01 9.769908719325489654e-01 1.329839660118869050e-03 -6.353740206208902119e-01
2.098499999999999943e+01 7.484210059153093564e-01 9.770575650183677130e-01 1.330982748288869104e-03 -7.806090973606344408e-01
2.099000000000000199e+01 7.479173686035235358e-01 9.771233244023228570e-01 1.331823151987784979e-03 -9.152204327373496540e-01
2.099500000000000099e+01 7.471833204528107730e-01 9.771880293260191142e-01 1.332364465969541759e-03 -1.039143383873695869e+00
2.100000000000000000e+01 7.463367438292343170e-01 9.772515611867008678e-01 1.332611348716775763e-03 -1.152321355813926251e+00
2.100499999999999901e+01 7.453289542701422299e-01 9.773138030367056750e-01 1.332569630819610551e-03 -1.254700041365550245e+00
2.101000000000000156e+01 7.440864385848711127e-01 9.773746390211529578e-01 1.332246412636824487e-03 -1.346222843039290185e+00
2.101500000000000057e+01 7.427308531698456617e-01 9.774339537956669988e-01 1.331650156371110266e-03 -1.426826071054621226e+00
2.101999999999999957e+01 7.411783480512246225e-01 9.774916320038735673e-01 1.330790768761875437e-03 -1.496434677324681495e+00
2.102500000000000213e+01 7.394366819459496920e-01 9.775475577007561867e-01 1.329679668985774606e-03 -1.554956721820627941e+00
2.103000000000000114e+01 7.376402910844153116e-01 9.776016139193961507e-01 1.328329836037043686e-03 -1.602278225374805798e+00
2.103500000000000014e+01 7.356867021836545062e-01 9.776536822147983141e-01 1.326755833343582500e-03 -1.638259385262357926e+00
2.103999999999999915e+01 7.335980564985669083e-01 9.777036422715669195e-01 1.324973806104363504e-03 -1.662730444433440757e+00
2.104500000000000171e+01 7.312835644394106716e-01 9.777513715042154274e-01 1.323001450487736822e-03 -1.675487062580871545e+00
2.105000000000000071e+01 7.288173717175101540e-01 9.777967447261040057e-01 1.320857952925301969e-03 -1.676286186882921969e+00
2.105499999999999972e+01 7.261565227721971105e-01 9.778396339144684868e-01 1.318563907487841410e-03 -1.664839240296589251e+00
2.105999999999999872e+01 7.233790661045762516e-01 9.778799079894904267e-01 1.316141203031107173e-03 -1.640806321205276586e+00
2.106500000000000128e+01 7.204475035588272513e-01 9.779174327047619464e-01 1.313612902591988589e-03 -1.603794003592236450e+00
2.107000000000000028e+01 7.173210222453034746e-01 9.779520706265234509e-01 1.311003102319180076e-03 -1.553352970926426657e+00
2.107499999999999929e+01 7.139845534603125321e-01 9.779836812492942455e-01 1.308336759737867457e-03 -1.488973968604343723e+00
2.108000000000000185e+01 7.103855515711356983e-01 9.780121211844291507e-01 1.305639477422955268e-03 -1.410089278272109947e+00
2.108500000000000085e+01 7.065916887837697669e-01 9.780372444839333657e-01 1.302937254181418423e-03 -1.316050728703825001e+00
2.108999999999999986e+01 7.025426611124747645e-01 9.780589033552659073e-01 1.300256208381205371e-03 -1.206158962785804034e+00
2.109499999999999886e+01 6.983202627459892398e-01 9.780769487697229536e-01 1.297622267047860833e-03 -1.079676695273813047e+00
2.110000000000000142e+01 6.937568792342767576e-01 9.780912313568819183e-01 1.295060809030331665e-03 -9.358179722856705407e-01
2.110500000000000043e+01 6.888780830467087224e-01 9.781016025286065618e-01 1.292596264296458006e-03 -7.737633412927320542e-01
2.110999999999999943e+01 6.836601761641069031e-01 9.781079157013600200e-01 1.290251670587842488e-03 -5.926956486694896498e-01
2.111500000000000199e+01 6.780158510899345625e-01 9.781100277936580767e-01 1.288048191694286717e-03 -3.918652593829252129e-01
2.112000000000000099e+01 6.720131642393314397e-01 9.781078009134074325e-01 1.286004571987212682e-03 -1.706238703921741928e-01
2.112500000000000000e+01 6.656032939120248848e-01 9.781011042469902605e-01 1.284136554362450000e-03 7.166164132395208552e-02
2.112999999999999901e+01 6.587749373129552222e-01 9.780898163873872342e-01 1.282456257336117003e-03 3.353908307310168313e-01
2.113500000000000156e+01 6.513754786299110755e-01 9.780738278595095814e-01 1.280971535161933971e-03 6.207026443629494183e-01
2.114000000000000057e+01 6.469272055041513925e-01 9.780530438984257335e-01 1.279685339349214551e-03 9.274287494572652779e-01
2.114499999999999957e+01 6.469605193917692398e-01 9.780273877910210523e-01 1.278595103477951460e-03 1.254972416831380944e+00
2.115000000000000213e+01 6.466695218186110372e-01 9.779968046596467790e-01 1.277692172325991561e-03 1.602311212780931804e+00
2.115500000000000114e+01 6.476453456168517198e-01 9.779612654299324470e-01 1.276961332657712642e-03 1.967831047597440541e+00
2.116000000000000014e+01 6.483259624302978308e-01 9.779207722297829086e-01 1.276380526184486310e-03 2.349260589225579565e+00
2.116499999999999915e+01 6.486688952660477625e-01 9.778753627973577611e-01 1.275920833074724271e-03 2.743602712182211079e+00
2.117000000000000171e+01 6.487026816278997909e-01 9.778251158513029395e-01 1.275546827101200695e-03 3.147122338337817737e+00
2.117500000000000071e+01 6.484331710093330647e-01 9.777701559194498238e-01 1.275217398289120365e-03 3.555376528337355513e+00
2.117999999999999972e+01 6.495535949356527894e-01 9.777106597599962701e-01 1.274887162962521888e-03 3.963309550924753566e+00
2.118499999999999872e+01 6.503899759443448891e-01 9.776468593231916193e-01 1.274508520591401952e-03 4.365342781226080326e+00
2.119000000000000128e+01 6.508720036892652328e-01 9.775790444117865574e-01 1.274034339238568937e-03 4.755610126285853667e+00
2.119500000000000028e+01 6.510727820790893627e-01 9.775075624525996210e-01 1.273421122044132020e-03 5.128304367875634817e+00
2.119999999999999929e+01 6.510224483673391349e-01 9.774328152579780937e-01 1.272632409161913655e-03 5.478018481756365077e+00
2.120500000000000185e+01 6.506825383917944627e-01 9.773552530731963728e-01 1.271642083132542211e-03 5.800102474726599233e+00
2.121000000000000085e+01 6.509856128694001542e-01 9.772753650342194121e-01 1.270437141958287051e-03 6.090986162967850781e+00
2.121499999999999986e+01 6.514589475605402358e-01 9.771936669833365396e-01 1.269019524346104216e-03 6.348397905935687646e+00
2.121999999999999886e+01 6.517490472432907467e-01 9.771106879624918973e-01 1.267406663768455132e-03 6.571446589544679640e+00
2.122500000000000142e+01 6.517536223937018258e-01 9.770269562819585696e-01 1.265630666606671348e-03 6.760557269417198256e+00
2.123000000000000043e+01 6.517118512944647390e-01 9.769429870614828593e-01 1.263736271328600542e-03 6.917270496557658355e+00
2.123499999999999943e+01 6.525581736006916822e-01 9.768592720642140792e-01 1.261777936792588331e-03 7.043961247990647934e+00
2.124000000000000199e+01 6.531901739663737994e-01 9.767762725592168405e-01 1.259816530287313600e-03 7.143528811827623670e+00
2.124500000000000099e+01 6.536070327922882672e-01 9.766944154860133231e-01 1.257916069453294010e-03 7.219109424519547069e+00
2.125000000000000000e+01 6.537539180311825460e-01 9.766140924435765536e-01 1.256140863414287974e-03 7.273847839334765197e+00
2.125499999999999901e+01 6.537137923679056106e-01 9.765356605613034757e-01 1.254553244824770531e-03 7.310750354478610546e+00
2.126000000000000156e+01 6.533717001845565919e-01 9.764594450293755390e-01 1.253211931500164281e-03 7.332598495591076571e+00
2.126500000000000057e+01 6.530013337217890346e-01 9.763857419073949107e-01 1.252170950260671515e-03 7.341919965664010839e+00
2.126999999999999957e+01 6.534451357403794347e-01 9.763148209919005893e-01 1.251479021597572258e-03 7.340993401003751195e+00
2.127500000000000213e+01 6.536648982683314069e-01 9.762469283736665560e-01 1.251179289693018972e-03 7.331869073842514517e+00
2.128000000000000114e+01 6.536722248852878669e-01 9.761822885820142792e-01 1.251309287506385814e-03 7.316390546849403265e+00
2.128500000000000014e+01 6.534401723576599430e-01 9.761211062742543021e-01 1.251901030690332796e-03 7.296206677951692754e+00
2.128999999999999915e+01 6.529847967349046156e-01 9.760635675146516199e-01 1.252981148461125138e-03 7.272766717427700200e+00
2.129500000000000171e+01 6.538753217160984121e-01 9.760098405850423653e-01 1.254570983384016352e-03 7.247298889580501502e+00
2.130000000000000071e+01 6.545179317467859637e-01 9.759600763401163892e-01 1.256686636962987694e-03 7.220777989314709266e+00
2.130499999999999972e+01 6.549447946081112804e-01 9.759144085188505846e-01 1.259338954945428326e-03 7.193877778382160137e+00
2.130999999999999872e+01 6.553338307184936040e-01 9.758729537046660907e-01 1.262533474549786330e-03 7.166925297545469142e+00
2.131500000000000128e+01 6.554470153838436453e-01 9.758358112277488727e-01 1.266270365081212986e-03 7.139864243445402714e+00
2.132000000000000028e+01 6.553836984007335165e-01 9.758030631177818659e-01 1.270544396669404759e-03 7.112235745025738964e+00
2.132499999999999929e+01 6.553294571364151055e-01 9.757747741900533178e-01 1.275344966022496458e-03 7.083185074325681008e+00
2.133000000000000185e+01 6.564892715833282599e-01 9.757509922565082983e-01 1.280656205088490270e-03 7.051496033284033516e+00
2.133500000000000085e+01 6.574727328852065789e-01 9.757317486366220427e-01 1.286457177570045005e-03 7.015651456197871561e+00
2.133999999999999986e+01 6.582133440665695057e-01 9.757170586606651597e-01 1.292722165183146513e-03 6.973914630040066065e+00
2.134499999999999886e+01 6.586817622293114072e-01 9.757069226993391187e-01 1.299421024276506843e-03 6.924417947201931156e+00
2.135000000000000142e+01 6.590329473616166611e-01 9.757013268344052470e-01 1.306519608988795282e-03 6.865272940486853770e+00
2.135500000000000043e+01 6.591925734906592949e-01 9.757002437671814521e-01 1.313980240829057183e-03 6.794670951353768196e+00
2.135999999999999943e+01 6.590984787857843141e-01 9.757036333222864899e-01 1.321762218896800189e-03 6.710981599258835750e+00
2.136500000000000199e+01 6.588334501709949276e-01 9.757114429961395441e-01 1.329822364322512298e-03 6.612831503718499704e+00
2.137000000000000099e+01 6.597317501305253185e-01 9.757236080925437705e-01 1.338115584110790299e-03 6.499173352399224335e+00
2.137500000000000000e+01 6.605273154558868320e-01 9.757400516805028179e-01 1.346595432426806295e-03 6.369311554927705288e+00
2.137999999999999901e+01 6.612256537753248287e-01 9.757606849204637500e-01 1.355214679572046841e-03 6.222910912144810958e+00
2.138500000000000156e+01 6.617222844367758317e-01 9.757854078658318997e-01 1.363925885339374935e-03 6.059998242458535245e+00
2.139000000000000057e+01 6.620074869633969517e-01 9.758141092023726593e-01 1.372681947702977020e-03 5.880901900015669703e+00
2.139499999999999957e+01 6.620841537826457346e-01 9.758466672312494650e-01 1.381436634352039422e-03 5.686226871733679467e+00
2.140000000000000213e+01 6.619067934837887801e-01 9.758829503390535898e-01 1.390145079101124271e-03 5.476796628151656243e+00
2.140500000000000114e+01 6.626831493884989266e-01 9.759228178554597566e-01 1.398764225655823711e-03 5.253614077012910499e+00
2.141000000000000014e+01 6.709099713154289546e-01 9.759661208307297553e-01 1.407253212535834221e-03 5.017836168225121796e+00
2.141499999999999915e+01 6.788761856927925109e-01 9.760127028596506937e-01 1.415573694475282234e-03 4.770733678659749621e+00
2.142000000000000171e+01 6.865254068643258378e-01 9.760624009798948286e-01 1.423690096626807925e-03 4.513657111463071026e+00
2.142500000000000071e+01 6.937539927433641340e-01 9.761150465758715589e-01 1.431569797785985435e-03 4.248017771132700737e+00
2.142999999999999972e+01 7.005401165522667783e-01 9.761704659755855440e-01 1.439183238630562705e-03 3.975257035889604218e+00
2.143499999999999872e+01 7.069563630944308841e-01 9.762284812188080085e-01 1.446503957173357526e-03 3.696820069165196898e+00
2.144000000000000128e+01 7.129376104516895740e-01 9.762889110076903298e-01 1.453508565872812857e-03 3.414195631612702009e+00
2.144500000000000028e+01 7.185232787248806430e-01 9.763515711604170422e-01 1.460176684587449324e-03 3.128899819626741241e+00
2.144999999999999929e+01 7.238144627944500531e-01 9.764162756815590871e-01 1.466490827322027273e-03 2.842372646808530412e+00
2.145500000000000185e+01 7.286411739563888323e-01 9.764828374482982243e-01 1.472436236547612588e-03 2.555993528086231592e+00
2.146000000000000085e+01 7.330701447322471864e-01 9.765510689086028817e-01 1.478000687563347550e-03 2.271047728511525587e+00
2.146499999999999986e+01 7.370850478134691741e-01 9.766207826579952345e-01 1.483174267658850243e-03 1.988879620495415557e+00
2.146999999999999886e+01 7.406484324827786736e-01 9.766917925616487306e-01 1.487949145429448127e-03 1.710676443896252064e+00
2.147500000000000142e+01 7.438408247378214266e-01 9.767639142375816874e-01 1.492319357633169587e-03 1.437525207098665048e+00
2.148000000000000043e+01 7.466706857034113298e-01 9.768369656483075758e-01 1.496280605867792140e-03 1.170391714047190446e+00
2.148499999999999943e+01 7.492435145583837830e-01 9.769107678839120679e-01 1.499830072801444734e-03 9.101826453746045820e-01
2.149000000000000199e+01 7.514397096648389729e-01 9.769851455141151941e-01 1.502966240608308128e-03 6.576515425573354889e-01
2.149500000000000099e+01 7.532359477603992604e-01 9.770599268690737249e-01 1.505688739898004879e-03 4.134916438251551307e-01
2.150000000000000000e+01 7.547459908423584940e-01 9.771349445263481925e-01 1.507998215843679712e-03 1.782729053230709682e-01
2.150499999999999901e+01 7.559117146629669159e-01 9.772100354176143089e-01 1.509896232342960130e-03 -4.752723891033579229e-02
2.151000000000000156e+01 7.567207082393864193e-01 9.772850408488074070e-01 1.511385226141920800e-03 -2.635043086798559697e-01
2.151500000000000057e+01 7.573399279913139992e-01 9.773598065251603018e-01 1.512468486566124950e-03 -4.693343400029402201e-01
2.151999999999999957e+01 7.577368083326557757e-01 9.774341825268316741e-01 1.513150167793509988e-03 -6.647531228723327912e-01
2.152500000000000213e+01 7.579020258642802377e-01 9.775080229580878077e-01 1.513435303714576532e-03 -8.495526410157390185e-01
2.153000000000000114e+01 7.577627910438264891e-01 9.775811857847338526e-01 1.513329839974815287e-03 -1.023570671076014182e+00
2.153500000000000014e+01 7.573895686647095227e-01 9.776535324975137442e-01 1.512840698178974158e-03 -1.186669545018364635e+00
2.153999999999999915e+01 7.568062323200923647e-01 9.777249276580086690e-01 1.511975868084766868e-03 -1.338741462328634224e+00
2.154500000000000171e+01 7.559524099275132247e-01 9.777952385318495754e-01 1.510744511392657016e-03 -1.479697130383866188e+00
2.155000000000000071e+01 7.549793830913145154e-01 9.778643346471259656e-01 1.509157046888825624e-03 -1.609459481211916732e+00
2.155499999999999972e+01 7.538342892701870301e-01 9.779320873059499375e-01 1.507225221603914964e-03 -1.727959030684429687e+00
2.155999999999999872e+01 7.525566791887186024e-01 9.779983691149773950e-01 1.504962192562802822e-03 -1.835123043546490695e+00
2.156500000000000128e+01 7.510498235752985918e-01 9.780630534213490268e-01 1.502382607781652503e-03 -1.930871850755784935e+00
2.157000000000000028e+01 7.493357307854843219e-01 9.781260138637304369e-01 1.499502679714392189e-03 -2.015113573638828370e+00
2.157499999999999929e+01 7.474793651769322533e-01 9.781871239676651619e-01 1.496340233074934002e-03 -2.087739960146829610e+00
2.158000000000000185e+01 7.453974699465891751e-01 9.782462567426889466e-01 1.492914728870899533e-03 -2.148623229861368333e+00
2.158500000000000085e+01 7.432447327764629685e-01 9.783032843285520697e-01 1.489247268743961730e-03 -2.197610660344025302e+00
2.158999999999999986e+01 7.409141407859970441e-01 9.783580776882971897e-01 1.485360573815910825e-03 -2.234519737599331091e+00
2.159499999999999886e+01 7.384504286509101512e-01 9.784105063380289513e-01 1.481278933523258630e-03 -2.259133274207790087e+00
2.160000000000000142e+01 7.357745285278378677e-01 9.784604380888184405e-01 1.477028125216345560e-03 -2.271195623497702432e+00
2.160500000000000043e+01 7.328817087096730631e-01 9.785077388838790968e-01 1.472635302807624594e-03 -2.270408172182565298e+00
2.160999999999999943e+01 7.298191297134939415e-01 9.785522726796425097e-01 1.468128865459958441e-03 -2.256425961201126373e+00
2.161500000000000199e+01 7.265659260628093419e-01 9.785939014250208956e-01 1.463538319181072102e-03 -2.228848594980307407e+00
2.162000000000000099e+01 7.232017996696757933e-01 9.786324850743362003e-01 1.458894107839225690e-03 -2.187223379782652799e+00
2.162500000000000000e+01 7.196743257635400681e-01 9.786678817576623945e-01 1.454227404952694851e-03 -2.131045678059608761e+00
2.162999999999999901e+01 7.159319938165967789e-01 9.786999481307866455e-01 1.449569857585668005e-03 -2.059745520115837891e+00
2.163500000000000156e+01 7.118302829168641210e-01 9.787285396593577991e-01 1.444953311750990163e-03 -1.972695286129997783e+00
2.164000000000000057e+01 7.074777855806848592e-01 9.787535113163204903e-01 1.440409524502526831e-03 -1.869217924747411441e+00
2.164499999999999957e+01 7.029392010516715139e-01 9.787747182279705749e-01 1.435969836860674555e-03 -1.748591651418183623e+00
2.165000000000000213e+01 6.981334589761988285e-01 9.787920164710479654e-01 1.431664816711438306e-03 -1.610031965997985814e+00
2.165500000000000114e+01 6.930198213936425988e-01 9.788052642557001359e-01 1.427523867359688399e-03 -1.452739068352294938e+00
2.166000000000000014e+01 6.878196207844855525e-01 9.788143229758256014e-01 1.423574800460447425e-03 -1.275932127703625962e+00
2.166499999999999915e+01 6.833030415648103650e-01 9.788190587359802963e-01 1.419843361688236712e-03 -1.078820243829684777e+00
2.167000000000000171e+01 6.784871403892649422e-01 9.788193440385393185e-01 1.416352701993478166e-03 -8.606706758204821783e-01
2.167500000000000071e+01 6.732649251650038025e-01 9.788150595324843772e-01 1.413122812725134533e-03 -6.209091936711758075e-01
2.167999999999999972e+01 6.676046337966756727e-01 9.788060960286802947e-01 1.410169918696867891e-03 -3.591145527374349222e-01
2.168499999999999872e+01 6.614407849395051997e-01 9.787923568762144644e-01 1.407505861634490187e-03 -7.499363776645330548e-02
2.169000000000000128e+01 6.555434567013501690e-01 9.787737607853538302e-01 1.405137474070223495e-03 2.313931512523135503e-01
2.169500000000000028e+01 6.559048262915784244e-01 9.787502449598778353e-01 1.403065960943594660e-03 5.596108555448886523e-01
2.169999999999999929e+01 6.558551710317839234e-01 9.787217686479852130e-01 1.401286325146701515e-03 9.087617613931261440e-01
2.170500000000000185e+01 6.563032329953826238e-01 9.786883173457883167e-01 1.399786903511127762e-03 1.277449986477630972e+00
2.171000000000000085e+01 6.572863082050065531e-01 9.786499069339972268e-01 1.398549091343563155e-03 1.663665002151583971e+00
2.171499999999999986e+01 6.578934220789849352e-01 9.786065892551168988e-01 1.397547321016320799e-03 2.064697892679058899e+00
2.171999999999999886e+01 6.581538455925588504e-01 9.785584563852709472e-01 1.396749377753142216e-03 2.477111693255849900e+00
2.172500000000000142e+01 6.580352378680381920e-01 9.785056455599999703e-01 1.396117180232880808e-03 2.896762728395461117e+00
2.173000000000000043e+01 6.587031843306778711e-01 9.784483428652783754e-01 1.395608116936758458e-03 3.318881951822865606e+00
2.173499999999999943e+01 6.598135043738584393e-01 9.783867877469998309e-01 1.395176962503112510e-03 3.738233663502776860e+00
2.174000000000000199e+01 6.605306225659726138e-01 9.783212731489073777e-01 1.394778305204130795e-03 4.149274448674948879e+00
2.174500000000000099e+01 6.609228984752464342e-01 9.782521444353247109e-01 1.394369364485534106e-03 4.546423704008874189e+00
2.175000000000000000e+01 6.609523460031366815e-01 9.781797948486322669e-01 1.393913000092197397e-03 4.924421325592967413e+00
2.175499999999999901e+01 6.606743717782633807e-01 9.781046579162160359e-01 1.393380587633531297e-03 5.278642601132554901e+00
2.176000000000000156e+01 6.607014680008694851e-01 9.780271974989404038e-01 1.392754376343301745e-03 5.605367372452026764e+00
2.176500000000000057e+01 6.613910254609328687e-01 9.779478959746013000e-01 1.392028954482023816e-03 5.901971310860042230e+00
2.176999999999999957e+01 6.617148872754138322e-01 9.778672413506517280e-01 1.391211611008236898e-03 6.167000121486485575e+00
2.177500000000000213e+01 6.617988216627662679e-01 9.777857155942543121e-01 1.390321583427039454e-03 6.400120009460466441e+00
2.178000000000000114e+01 6.617240574763642025e-01 9.777037845568213870e-01 1.389388371736697495e-03 6.601979852778722346e+00
2.178500000000000014e+01 6.627163170285670368e-01 9.776218908711036271e-01 1.388449457066752001e-03 6.774008136088505161e+00
2.178999999999999915e+01 6.634757197035779930e-01 9.775404500140035813e-01 1.387547804053561838e-03 6.918193796643361537e+00
2.179500000000000171e+01 6.638330081545668060e-01 9.774598489641104226e-01 1.386729476514575151e-03 7.036889008079793228e+00
2.180000000000000071e+01 6.640144889432304520e-01 9.773804471197005128e-01 1.386041588664218682e-03 7.132645360460916351e+00
2.180499999999999972e+01 6.639411078377073228e-01 9.773025784078388511e-01 1.385530664718228645e-03 7.208093808543285519e+00
2.180999999999999872e+01 6.636492654574495109e-01 9.772265538113954486e-01 1.385241402477890588e-03 7.265861522504822645e+00
2.181500000000000128e+01 6.632985075707279465e-01 9.771526636682869027e-01 1.385215801205087706e-03 7.308517515015784838e+00
2.182000000000000028e+01 6.637029866095385255e-01 9.770811795135003752e-01 1.385492608318413541e-03 7.338537636045785462e+00
2.182499999999999929e+01 6.638290650443812169e-01 9.770123555189125231e-01 1.386107013228818352e-03 7.358273522901312980e+00
2.183000000000000185e+01 6.637458811951610915e-01 9.769464293500059737e-01 1.387090503080843588e-03 7.369923022787109090e+00
2.183500000000000085e+01 6.634406759079889415e-01 9.768836226443191606e-01 1.388470784757341080e-03 7.375493449779562560e+00
2.183999999999999986e+01 6.630571908619844468e-01 9.768241411976315014e-01 1.390271697924040390e-03 7.376754041259516725e+00
2.184499999999999886e+01 6.639262884156337252e-01 9.767681748788813456e-01 1.392513076346281464e-03 7.375179459248839997e+00
2.185000000000000142e+01 6.644925617065157164e-01 9.767158972686935670e-01 1.395210552083090642e-03 7.371893818214747540e+00
2.185500000000000043e+01 6.648443288066551160e-01 9.766674653876066259e-01 1.398375310776276770e-03 7.367615131177739585e+00
2.185999999999999943e+01 6.651303369900066764e-01 9.766230192648512887e-01 1.402013829982512970e-03 7.362616699637496431e+00
2.186500000000000199e+01 6.651761014085018076e-01 9.765826816116375264e-01 1.406127643315163147e-03 7.356712244192341821e+00
2.187000000000000099e+01 6.650839007178088735e-01 9.765465576347513998e-01 1.410713172764328088e-03 7.349271232596372272e+00
2.187500000000000000e+01 6.650196972930437767e-01 9.765147350711047558e-01 1.415761657783048055e-03 7.339264390606606625e+00
2.187999999999999901e+01 6.661240512177450945e-01 9.764872844573756483e-01 1.421259185647530138e-03 7.325337144732867678e+00
2.188500000000000156e+01 6.670216199263637735e-01 9.764642595314517726e-01 1.427186821090254808e-03 7.305901964788648506e+00
2.189000000000000057e+01 6.676248920155221089e-01 9.764456979081783672e-01 1.433520819973314485e-03 7.279237205797166155e+00
2.189499999999999957e+01 6.679596020336175943e-01 9.764316217548978383e-01 1.440232922640561448e-03 7.243585586131957577e+00
2.190000000000000213e+01 6.681810229109561572e-01 9.764220386953320618e-01 1.447290714610608700e-03 7.197230226717531210e+00
2.190500000000000114e+01 6.681390516374235977e-01 9.764169426749514935e-01 1.454658047520579218e-03 7.138569660904964920e+00
2.191000000000000014e+01 6.679059644234656146e-01 9.764163146005870875e-01 1.462295500416550386e-03 7.066174850710358335e+00
2.191499999999999915e+01 6.676615334254544232e-01 9.764201228979442204e-01 1.470160856886793379e-03 6.978833253179750784e+00
2.192000000000000171e+01 6.685542245658567806e-01 9.764283237482676014e-01 1.478209600556655047e-03 6.875581360152716925e+00
2.192500000000000071e+01 6.692536609580951312e-01 9.764408612393411513e-01 1.486395428321967034e-03 6.755725805825569807e+00
2.192999999999999972e+01 6.696855023793544248e-01 9.764576671139313380e-01 1.494670781790001686e-03 6.618867880053388220e+00
2.193499999999999872e+01 6.699553680889976937e-01 9.764786606883015807e-01 1.502987394230928617e-03 6.464874053617784888e+00
2.194000000000000128e+01 6.700482617363090476e-01 9.765037494505236504e-01 1.511296861036734614e-03 6.293896308248853266e+00
2.194500000000000028e+01 6.698644671407542051e-01 9.765328295148186788e-01 1.519551196654338925e-03 6.106332525390544497e+00
2.194999999999999929e+01 6.694620074821354683e-01 9.765657855308895741e-01 1.527703357882500808e-03 5.902791694809872425e+00
2.195500000000000185e+01 6.688592840074977230e-01 9.766024917885524070e-01 1.535707744766685260e-03 5.684077882975294038e+00
2.196000000000000085e+01 6.688307235813008012e-01 9.766428125999092602e-01 1.543520660042919240e-03 5.451144187629828330e+00
2.196499999999999986e+01 6.769742711060118268e-01 9.766866031772455381e-01 1.551100723138756259e-03 5.205086062551946391e+00
2.196999999999999886e+01 6.848075524008593318e-01 9.767337103795714626e-01 1.558409224500516234e-03 4.947123715840586300e+00
2.197500000000000142e+01 6.923896304559472581e-01 9.767839735434762360e-01 1.565410401487471025e-03 4.678570935181504353e+00
2.198000000000000043e+01 6.996212303135824762e-01 9.768372253752096723e-01 1.572071635072413466e-03 4.400815494720225374e+00
2.198499999999999943e+01 7.064135898422847504e-01 9.768932928114126835e-01 1.578363585883230981e-03 4.115302023735983639e+00
2.199000000000000199e+01 7.127969892508446703e-01 9.769519975483381691e-01 1.584260279947237362e-03 3.823485839513228068e+00
2.199500000000000099e+01 7.187959481088035396e-01 9.770131572476212778e-01 1.589739137036420358e-03 3.526893348383848714e+00
2.200000000000000000e+01 7.243274912109703978e-01 9.770765858631067502e-01 1.594780931083570556e-03 3.227098387332711926e+00
2.200499999999999901e+01 7.294522657848628855e-01 9.771420947923628031e-01 1.599369683072756135e-03 2.925625449910159936e+00
2.201000000000000156e+01 7.342105135657716053e-01 9.772094934940013244e-01 1.603492510130691794e-03 2.623949536938286808e+00
2.201500000000000057e+01 7.386329420733136475e-01 9.772785902497269639e-01 1.607139460135540180e-03 2.323440876723376292e+00
2.201999999999999957e+01 7.426548522859716117e-01 9.773491925275186176e-01 1.610303353220837123e-03 2.025557401781890920e+00
2.202500000000000213e+01 7.462185386165697265e-01 9.774211082330507283e-01 1.612979567447740768e-03 1.731610449489316972e+00
2.203000000000000114e+01 7.494013440287770056e-01 9.774941461725827896e-01 1.615165827846296292e-03 1.442809779375870960e+00
2.203500000000000014e+01 7.521851398585955861e-01 9.775681166047925919e-01 1.616861985778428540e-03 1.160234517500585705e+00
2.203999999999999915e+01 7.545321370977442488e-01 9.776428319665737554e-01 1.618069811666982081e-03 8.849097226313529241e-01
2.204500000000000171e+01 7.565666575682072903e-01 9.777181073649624521e-01 1.618792795018076519e-03 6.176996754623926833e-01
2.205000000000000071e+01 7.582639795923443726e-01 9.777937607933001596e-01 1.619035969685913168e-03 3.594024762222332581e-01
2.205499999999999972e+01 7.597362962775486839e-01 9.778696137032494295e-01 1.618805770393556311e-03 1.106839900388603692e-01
2.205999999999999872e+01 7.608357925399060750e-01 9.779454911824295715e-01 1.618109932519769907e-03 -1.278903056537279148e-01
2.206500000000000128e+01 7.615824403057346315e-01 9.780212219556513320e-01 1.616957426399961810e-03 -3.558399586403639958e-01
2.207000000000000028e+01 7.620669672521732663e-01 9.780966384859061113e-01 1.615358369028575174e-03 -5.727717269686689594e-01
2.207499999999999929e+01 7.622128245233014132e-01 9.781715769805868765e-01 1.613323964575722955e-03 -7.783607672788737109e-01
2.208000000000000185e+01 7.620963892855378008e-01 9.782458771224034066e-01 1.610866490626943013e-03 -9.723491444463717714e-01
2.208500000000000085e+01 7.617075903765840872e-01 9.783193821055625738e-01 1.607999337230322590e-03 -1.154524781366313979e+00
2.208999999999999986e+01 7.611885715582558110e-01 9.783919383572077244e-01 1.604737046789990896e-03 -1.324710304399141281e+00
2.209499999999999886e+01 7.604224881279030290e-01 9.784633951559246201e-01 1.601095333886177682e-03 -1.482763763977264837e+00
2.210000000000000142e+01 7.593796746295046196e-01 9.785336043060437472e-01 1.597091109627539387e-03 -1.628565287577792509e+00
2.210500000000000043e+01 7.581733058434756423e-01 9.786024196976583767e-01 1.592742528697866158e-03 -1.762012165429029276e+00
2.210999999999999943e+01 7.566981621216103404e-01 9.786696969113026778e-01 1.588069062044268707e-03 -1.883009383557691541e+00
2.211500000000000199e+01 7.550048559633377732e-01 9.787352928382920814e-01 1.583091546478800592e-03 -1.991459154084748162e+00
2.212000000000000099e+01 7.531291396523234205e-01 9.787990652100431177e-01 1.577832204533584012e-03 -2.087258730362133718e+00
2.212500000000000000e+01 7.511296651263434931e-01 9.788608723678136059e-01 1.572314657910651742e-03 -2.170292820142966317e+00
2.212999999999999901e+01 7.489313685612400961e-01 9.789205729463650307e-01 1.566563934557819353e-03 -2.240429484459871556e+00
2.213500000000000156e+01 7.464941982349180272e-01 9.789780256029468886e-01 1.560606453497547647e-03 -2.297516143952103018e+00
2.214000000000000057e+01 7.439249848318378877e-01 9.790330886810454381e-01 1.554469985267105479e-03 -2.341374303511218891e+00
2.214499999999999957e+01 7.411090510910826046e-01 9.790856200713144997e-01 1.548183582772447772e-03 -2.371793906772801108e+00
2.215000000000000213e+01 7.380625581040481942e-01 9.791354770262747920e-01 1.541777477283612840e-03 -2.388528997974135315e+00
2.215500000000000114e+01 7.348960413595650998e-01 9.791825160408349493e-01 1.535282958880039616e-03 -2.391294131581052529e+00
2.216000000000000014e+01 7.315851550343803744e-01 9.792265928374812578e-01 1.528732248709066240e-03 -2.379759986113518799e+00
2.216499999999999915e+01 7.281102096133500456e-01 9.792675624229054687e-01 1.522158334270402175e-03 -2.353551751028065020e+00
2.217000000000000171e+01 7.243173415410787408e-01 9.793052792219866243e-01 1.515594751421042241e-03 -2.312243437535430157e+00
2.217500000000000071e+01 7.201659126369217567e-01 9.793395973153097289e-01 1.509075324406607610e-03 -2.255357289850869140e+00
2.217999999999999972e+01 7.160153390633149373e-01 9.793703708818369824e-01 1.502633906557506111e-03 -2.182366919261959026e+00
2.218499999999999872e+01 7.115484719721257845e-01 9.793974547570074574e-01 1.496304092668550301e-03 -2.092689609096202830e+00
2.219000000000000128e+01 7.068494763565550398e-01 9.794207050320223873e-01 1.490118908762627127e-03 -1.985695058637167776e+00
2.219500000000000028e+01 7.029246316419818230e-01 9.794399798409509916e-01 1.484110468189369508e-03 -1.860720410224057986e+00
2.219999999999999929e+01 6.990688889162715025e-01 9.794551402174422883e-01 1.478309610005697347e-03 -1.717066919468722697e+00
2.220500000000000185e+01 6.948039205500271542e-01 9.794660512683993625e-01 1.472745498921697489e-03 -1.553998144282306759e+00
2.221000000000000085e+01 6.902538655549792512e-01 9.794725835416638882e-01 1.467445172311709119e-03 -1.370811088350829099e+00
2.221499999999999986e+01 6.854173192417517546e-01 9.794746144954475930e-01 1.462433046691955819e-03 -1.166824091608460012e+00
2.221999999999999886e+01 6.801572817042904617e-01 9.794720303160894259e-01 1.457730387867184297e-03 -9.414049602171243869e-01
2.222500000000000142e+01 6.744495781213158958e-01 9.794647278465358209e-01 1.453354750978500106e-03 -6.940861832335042392e-01
2.223000000000000043e+01 6.683803603503515323e-01 9.794526165576015186e-01 1.449319389906771928e-03 -4.245980216861374723e-01
2.223499999999999943e+01 6.618748398593252702e-01 9.794356212668593464e-01 1.445632665098482011e-03 -1.327900585818884149e-01
2.224000000000000199e+01 6.621534303313679759e-01 9.794136852400797677e-01 1.442297440522343800e-03 1.811092481314858504e-01
2.224500000000000099e+01 6.631479251917435924e-01 9.793867735808671204e-01 1.439310523495929183e-03 5.164783934944474630e-01
2.225000000000000000e+01 6.637523715040796191e-01 9.793548769543067856e-01 1.436662222311935796e-03 8.722123827978356392e-01
2.225499999999999901e+01 6.639364549133097704e-01 9.793180159741176061e-01 1.434336067267904169e-03 1.246714911068047549e+00
2.226000000000000156e+01 6.636671265712269507e-01 9.792762454538878059e-01 1.432308754967677759e-03 1.637757852964083716e+00
2.226500000000000057e+01 6.640665691392830805e-01 9.792296595284519789e-01 1.430550408918491567e-03 2.042442498131013195e+00
2.226999999999999957e+01 6.649154084029813561e-01 9.791783953857491341e-01 1.429025284064629675e-03 2.457193860203638724e+00
2.227500000000000213e+01 6.654352900252030745e-01 9.791226369843619715e-01 1.427692992340023892e-03 2.877826347091094306e+00
2.228000000000000114e+01 6.655178467019100541e-01 9.790626170988119270e-01 1.426510217445913897e-03 3.299664509058731543e+00
2.228500000000000014e+01 6.652119279867043655e-01 9.789986189850506948e-01 1.425432877233745411e-03 3.717724964073163552e+00
2.228999999999999915e+01 6.658996962510649320e-01 9.789309732528057584e-01 1.424418639499908101e-03 4.126899088979209651e+00
2.229500000000000171e+01 6.669233417987560086e-01 9.788600533360383160e-01 1.423429612401210399e-03 4.522221953224558888e+00
2.230000000000000071e+01 6.676079970526066498e-01 9.787862676397033335e-01 1.422434897159523086e-03 4.899173400625230990e+00
2.230499999999999972e+01 6.678496550194534809e-01 9.787100494333889067e-01 1.421412643958485647e-03 5.253902911184459512e+00
2.230999999999999872e+01 6.677053798759765568e-01 9.786318457415722483e-01 1.420351316643271968e-03 5.583387720387315234e+00
2.231500000000000128e+01 6.672220811887572545e-01 9.785521060861461784e-01 1.419250008628695787e-03 5.885509427146221384e+00
2.232000000000000028e+01 6.680494645432533130e-01 9.784712720150947618e-01 1.418117849871848015e-03 6.159046486662195896e+00
2.232499999999999929e+01 6.687189879334454190e-01 9.783897693674559193e-01 1.416972696380042456e-03 6.403592453877618773e+00
2.233000000000000185e+01 6.689987105449595184e-01 9.783080029904730468e-01 1.415839383125340380e-03 6.619448082855375226e+00
2.233500000000000085e+01 6.688513677824489134e-01 9.782263545392881898e-01 1.414747854744303384e-03 6.807498580818310607e+00
2.233999999999999986e+01 6.684188529992990402e-01 9.781451827560351253e-01 1.413731408978451468e-03 6.969100576974347483e+00
2.234499999999999886e+01 6.691736024082949319e-01 9.780648251493750944e-01 1.412825168741770054e-03 7.105990157629676673e+00
2.235000000000000142e+01 6.699359109297126080e-01 9.779856004121739721e-01 1.412064823018190042e-03 7.220200997229928142e+00
2.235500000000000043e+01 6.703148224813487710e-01 9.779078107450117630e-01 1.411485628151667483e-03 7.313991649018081631e+00
2.235999999999999943e+01 6.702944943673334599e-01 9.778317436405590257e-01 1.411121668806250822e-03 7.389776360595506688e+00
2.236500000000000199e+01 6.700025425360803810e-01 9.777576730948422945e-01 1.411005362413673622e-03 7.450055009707149622e+00
2.237000000000000099e+01 6.693937730574104350e-01 9.776858600654868559e-01 1.411167155129446028e-03 7.497345659146383845e+00
2.237500000000000000e+01 6.694026038694217418e-01 9.776165526918106918e-01 1.411635326845118088e-03 7.534107227972998366e+00
2.237999999999999901e+01 6.697947570189776156e-01 9.775499860234173610e-01 1.412435811774714368e-03 7.562656348335885070e+00
2.238500000000000156e+01 6.698269946909406469e-01 9.774863815263048483e-01 1.413591976878513694e-03 7.585077871975083319e+00
2.239000000000000057e+01 6.695465370078723666e-01 9.774259464733789926e-01 1.415124327755906209e-03 7.603134039583389736e+00
2.239499999999999957e+01 6.690001870021893282e-01 9.773688732741079299e-01 1.417050140559858017e-03 7.618181026299128078e+00
2.240000000000000213e+01 6.691914714105331452e-01 9.773153386619035654e-01 1.419383050630261024e-03 7.631109209351738976e+00
2.240500000000000114e+01 6.699894824045580233e-01 9.772655031770849376e-01 1.422132642716517591e-03 7.642307589478674501e+00
2.241000000000000014e+01 6.707714679996651386e-01 9.772195106918204477e-01 1.425304095034433081e-03 7.651665245201233034e+00
2.241499999999999915e+01 6.712515693442463460e-01 9.771774881612578234e-01 1.428897916798673590e-03 7.658609319780170566e+00
2.242000000000000171e+01 6.714731376399043494e-01 9.771395455937086361e-01 1.432909794555546146e-03 7.662175507455326162e+00
2.242500000000000071e+01 6.713323608136774201e-01 9.771057761989204726e-01 1.437330545104493779e-03 7.661102245863914639e+00
2.242999999999999972e+01 6.708426339704954833e-01 9.770762568258951619e-01 1.442146164392547154e-03 7.653933896887909150e+00
2.243499999999999872e+01 6.705520521505140552e-01 9.770510483815397773e-01 1.447337961338078082e-03 7.639124988176716258e+00
2.244000000000000128e+01 6.716772949864051601e-01 9.770301965211923845e-01 1.452882773991790106e-03 7.615126481332609387e+00
2.244500000000000028e+01 6.725834953112801440e-01 9.770137323666389095e-01 1.458753252511314942e-03 7.580454117813904880e+00
2.244999999999999929e+01 6.731707538040893057e-01 9.770016730663606541e-01 1.464918193798519933e-03 7.533733171911307203e+00
2.245500000000000185e+01 6.734075480256606072e-01 9.769940227324620530e-01 1.471342900790888978e-03 7.473716927109619768e+00
2.246000000000000085e+01 6.733557445616252801e-01 9.769907727286313293e-01 1.477989563746503771e-03 7.399312155005924652e+00
2.246499999999999986e+01 6.730260325368051522e-01 9.769919020564795664e-01 1.484817662204694112e-03 7.309590183279789599e+00
2.246999999999999886e+01 6.723665456841367849e-01 9.769973774002411737e-01 1.491784397043050686e-03 7.203802416839686806e+00
2.247500000000000142e+01 6.722757008140040069e-01 9.770071530935804383e-01 1.498845165908607767e-03 7.081391990740262266e+00
2.248000000000000043e+01 6.731848648222207299e-01 9.770211710382477044e-01 1.505954070926331535e-03 6.942009925616129173e+00
2.248499999999999943e+01 6.737980358429516148e-01 9.770393603400640004e-01 1.513064439869852293e-03 6.785538144806025684e+00
2.249000000000000199e+01 6.741647791842569903e-01 9.770616372356191182e-01 1.520129349501401182e-03 6.612059031433686229e+00
2.249500000000000099e+01 6.743527347104998348e-01 9.770879058731124500e-01 1.527102168170159889e-03 6.421896361880784276e+00
2.250000000000000000e+01 6.742265104169822276e-01 9.771180586567475013e-01 1.533937076983279751e-03 6.215572868344727553e+00
2.250499999999999901e+01 6.738534559328492879e-01 9.771519762798924758e-01 1.540589575962564945e-03 5.993793241699669316e+00
2.251000000000000156e+01 6.731954636250712110e-01 9.771895288787583178e-01 1.547016966889863763e-03 5.757435908295178706e+00
2.251500000000000057e+01 6.762806336110303018e-01 9.772305764303828024e-01 1.553178773063222488e-03 5.507515214795146719e+00
2.251999999999999957e+01 6.842419853294327003e-01 9.772749696246868512e-01 1.559037093702971910e-03 5.245187716648144871e+00
2.252500000000000213e+01 6.918153214054748590e-01 9.773225506409600749e-01 1.564556903307039344e-03 4.971734044030488242e+00
2.253000000000000114e+01 6.990818526171524994e-01 9.773731539944501279e-01 1.569706301498590122e-03 4.688530114892157208e+00
2.253500000000000014e+01 7.059136062099862219e-01 9.774266074821410522e-01 1.574456702062009342e-03 4.397028642384886332e+00
2.253999999999999915e+01 7.123231384450187109e-01 9.774827330426646421e-01 1.578782943302038839e-03 4.098720127802677915e+00
2.254500000000000171e+01 7.183688166959281141e-01 9.775413474485126208e-01 1.582663321103721949e-03 3.795151361657775002e+00
2.255000000000000071e+01 7.240377247061812183e-01 9.776022631983632971e-01 1.586079563794375556e-03 3.487921756169678478e+00
2.255499999999999972e+01 7.293918262947028941e-01 9.776652890444499366e-01 1.589016782166389119e-03 3.178660104613542536e+00
2.255999999999999872e+01 7.342775355287178840e-01 9.777302310603480651e-01 1.591463371453635204e-03 2.868928229869202262e+00
2.256500000000000128e+01 7.387227433686696099e-01 9.777968933124656647e-01 1.593410869843036324e-03 2.560218271492999964e+00
2.257000000000000028e+01 7.427835338185651004e-01 9.778650784429466780e-01 1.594853784508760714e-03 2.253978596111386956e+00
2.257499999999999929e+01 7.463751123404834820e-01 9.779345883748482571e-01 1.595789400452610760e-03 1.951680557916105396e+00
2.258000000000000185e+01 7.495625867672970344e-01 9.780052253732087753e-01 1.596217544621306638e-03 1.654637017464378079e+00
2.258500000000000085e+01 7.523584971271021216e-01 9.780767924655017209e-01 1.596140369885256120e-03 1.364055921723754672e+00
2.258999999999999986e+01 7.548590447679055515e-01 9.781490940793199362e-01 1.595562135090772141e-03 1.081016893595386774e+00
2.259499999999999886e+01 7.570122933060088322e-01 9.782219366808685423e-01 1.594489011729918401e-03 8.065299584045236836e-01
2.260000000000000142e+01 7.587474468957978724e-01 9.782951292267406673e-01 1.592928919695913142e-03 5.414444384626860840e-01
2.260500000000000043e+01 7.601526203945312421e-01 9.783684833504587841e-01 1.590891383265448334e-03 2.865407874135980082e-01
2.260999999999999943e+01 7.611865830707401637e-01 9.784418138579313862e-01 1.588387375057419932e-03 4.246057867545585673e-02
2.261500000000000199e+01 7.618494482594678763e-01 9.785149387660452280e-01 1.585429179066418989e-03 -1.902471030178691791e-01
2.262000000000000099e+01 7.622495622935772097e-01 9.785876793020937825e-01 1.582030309154001339e-03 -4.111229180307310882e-01
2.262500000000000000e+01 7.623274976745924025e-01 9.786598600452819374e-01 1.578205476676838685e-03 -6.197899668066101375e-01
2.262999999999999901e+01 7.622284129070279191e-01 9.787313089703523206e-01 1.573970571366105527e-03 -8.159340548245942459e-01
2.263500000000000156e+01 7.618063341502765429e-01 9.788018571942509460e-01 1.569342634338162989e-03 -9.993031546593766912e-01
2.264000000000000057e+01 7.611194961170394402e-01 9.788713388775434066e-01 1.564339839848011542e-03 -1.169690739329024121e+00
2.264499999999999957e+01 7.601829307791937440e-01 9.789395909101468174e-01 1.558981508287534540e-03 -1.326917375276347011e+00
2.265000000000000213e+01 7.589401550576259092e-01 9.790064524990534922e-01 1.553288144939267510e-03 -1.470834357427225569e+00
2.265500000000000114e+01 7.574947450523469294e-01 9.790717648735708378e-01 1.547281474657867875e-03 -1.601310130763036854e+00
2.266000000000000014e+01 7.557891335616966355e-01 9.791353709906690517e-01 1.540984450076956624e-03 -1.718223619876870556e+00
2.266499999999999915e+01 7.539900816552136398e-01 9.791971152184042460e-01 1.534421256296360442e-03 -1.821458000363506358e+00
2.267000000000000171e+01 7.519024156912712531e-01 9.792568431010156838e-01 1.527617323135105690e-03 -1.910889618312290317e+00
2.267500000000000071e+01 7.495881651103799559e-01 9.793144010022136747e-01 1.520599316285943916e-03 -1.986382399584212477e+00
2.267999999999999972e+01 7.470792884022980918e-01 9.793696358972687754e-01 1.513395109777960004e-03 -2.047782282747905303e+00
2.268499999999999872e+01 7.443000219769148051e-01 9.794223951418538077e-01 1.506033733505235872e-03 -2.094913027552333329e+00
2.269000000000000128e+01 7.413055307858545939e-01 9.794725262863509530e-01 1.498545287713888953e-03 -2.127572547393516977e+00
2.269500000000000028e+01 7.381630805007468599e-01 9.795198768950036383e-01 1.490960839740146284e-03 -2.145527624434786063e+00
2.269999999999999929e+01 7.348607046589267222e-01 9.795642945304257054e-01 1.483312315202704517e-03 -2.148508901585230557e+00
2.270500000000000185e+01 7.313521438607364367e-01 9.796056267503017168e-01 1.475632355636768023e-03 -2.136209508552996628e+00
2.271000000000000085e+01 7.275135013749874924e-01 9.796437212205170164e-01 1.467954121584530685e-03 -2.108279413431536575e+00
2.271499999999999986e+01 7.233332427565810629e-01 9.796784259190575161e-01 1.460311051569514011e-03 -2.064323193994219263e+00
2.271999999999999886e+01 7.191131815309944608e-01 9.797095895019188871e-01 1.452736616334390253e-03 -2.003901715761605029e+00
2.272500000000000142e+01 7.145948914971747001e-01 9.797370618417666766e-01 1.445264050635592431e-03 -1.926525129593820607e+00
2.273000000000000043e+01 7.098600415299926025e-01 9.797606945814353319e-01 1.437926058610657521e-03 -1.831658507565233185e+00
2.273499999999999943e+01 7.047539232928081709e-01 9.797803418751988014e-01 1.430754487462380584e-03 -1.718734191188719063e+00
2.274000000000000199e+01 6.994155589689585728e-01 9.797958611756923952e-01 1.423779982686970876e-03 -1.587159055425196863e+00
2.274500000000000099e+01 6.949017101975257793e-01 9.798071142511206588e-01 1.417031610823296260e-03 -1.436290660450940893e+00
2.275000000000000000e+01 6.903048917817712349e-01 9.798139686138219728e-01 1.410536427639295281e-03 -1.265499558695733828e+00
2.275499999999999901e+01 6.853133191598467233e-01 9.798162988457276290e-01 1.404319006007588534e-03 -1.074187040846884322e+00
2.276000000000000156e+01 6.799104307357064503e-01 9.798139883872440947e-01 1.398400928626383202e-03 -8.617725050355959926e-01
2.276500000000000057e+01 6.741948477663860517e-01 9.798069314381816497e-01 1.392800245229214567e-03 -6.277889678171295618e-01
2.276999999999999957e+01 6.680478330552133137e-01 9.797950348404552701e-01 1.387530900902213390e-03 -3.719969409754088074e-01
2.277500000000000213e+01 6.614252313476493006e-01 9.797782205951269807e-01 1.382602151108239122e-03 -9.420920302937191293e-02
2.278000000000000114e+01 6.609687531813479566e-01 9.797564289477819210e-01 1.378017966114303185e-03 2.054390572733343356e-01
2.278500000000000014e+01 6.616093338034922944e-01 9.797296217532626139e-01 1.373776461925751719e-03 5.264448840843436450e-01
2.278999999999999915e+01 6.632162638536038823e-01 9.796977859710723768e-01 1.369869435477704366e-03 8.678809971836647374e-01
2.279500000000000171e+01 6.644472450384136808e-01 9.796609380153659119e-01 1.366282050247189135e-03 1.228355807554375456e+00
2.280000000000000071e+01 6.651432442445798232e-01 9.796191277937046360e-01 1.362992726303993013e-03 1.605919772492890862e+00
2.280499999999999972e+01 6.654017765707189724e-01 9.795724439114014137e-01 1.359973324644050139e-03 1.997983903351197243e+00
2.280999999999999872e+01 6.651941929701129519e-01 9.795210173713099211e-01 1.357189757286473512e-03 2.401314623294824369e+00
2.281500000000000128e+01 6.645114901658066842e-01 9.794650253901050485e-01 1.354603110584054297e-03 2.812078012205284860e+00
2.282000000000000028e+01 6.652210909074530720e-01 9.794046933648232756e-01 1.352171264529137195e-03 3.225941487570422872e+00
2.282499999999999929e+01 6.658192491281302861e-01 9.793402969179741957e-01 1.349850968214402628e-03 3.638245384652030179e+00
2.283000000000000185e+01 6.660762874783702214e-01 9.792721591513863233e-01 1.347600300790054986e-03 4.044162702230779338e+00
2.283500000000000085e+01 6.658430361887101023e-01 9.792006463641865777e-01 1.345381344696909565e-03 4.438934162163859831e+00
2.283999999999999986e+01 6.652533629598362808e-01 9.791261605397555412e-01 1.343162779681773746e-03 4.818152371680043622e+00
2.284499999999999886e+01 6.664476870220610305e-01 9.790491295099419400e-01 1.340922025343989962e-03 5.177980539983566999e+00
2.285000000000000142e+01 6.673173085975552254e-01 9.789699958574207272e-01 1.338646628435433226e-03 5.515301704764316248e+00
2.285500000000000043e+01 6.677165856537403688e-01 9.788892058362340665e-01 1.336334715990666932e-03 5.827794148674670716e+00
2.285999999999999943e+01 6.676469352635285848e-01 9.788071987760118553e-01 1.333994527908753842e-03 6.113931480269458874e+00
2.286500000000000199e+01 6.671684948754605937e-01 9.787243991888324723e-01 1.331643212380721492e-03 6.372914577434990235e+00
2.287000000000000099e+01 6.674236032902269855e-01 9.786412113923310674e-01 1.329305153856137492e-03 6.604582415550280139e+00
2.287500000000000000e+01 6.683792233084105971e-01 9.785580171582546338e-01 1.327010147769927149e-03 6.809316156430213596e+00
2.287999999999999901e+01 6.689321313791303236e-01 9.784751759160812412e-01 1.324791665938556328e-03 6.987956158224855940e+00
2.288500000000000156e+01 6.690131270572943212e-01 9.783930264707200175e-01 1.322685333596974357e-03 7.141741486054535848e+00
2.289000000000000057e+01 6.687115287607282577e-01 9.783118893759287227e-01 1.320727660935608599e-03 7.272259464208628010e+00
2.289499999999999957e+01 6.683804180771800718e-01 9.782320692771099280e-01 1.318955027174171677e-03 7.381397751181941302e+00
2.290000000000000213e+01 6.688930977843393633e-01 9.781538566675974655e-01 1.317402919026565856e-03 7.471292368971468534e+00
2.290500000000000114e+01 6.691272692678102985e-01 9.780775290534676758e-01 1.316105413412566039e-03 7.544265455420672950e+00
2.291000000000000014e+01 6.693149888414410276e-01 9.780033513505225207e-01 1.315094853963004202e-03 7.602756205111076859e+00
2.291499999999999915e+01 6.691744124549326989e-01 9.779315760268595392e-01 1.314401637947778352e-03 7.649234551744833688e+00
2.292000000000000171e+01 6.686720091554224643e-01 9.778624427721448464e-01 1.314054015224321199e-03 7.686101911251395968e+00
2.292500000000000071e+01 6.685951067980420159e-01 9.777961779422278399e-01 1.314077839509456827e-03 7.715582063917938882e+00
2.292999999999999972e+01 6.692434902099150262e-01 9.777329938861354375e-01 1.314496241205243996e-03 7.739609886484464241e+00
2.293499999999999872e+01 6.694884713561668477e-01 9.776730882671321732e-01 1.315329225668623175e-03 7.759727838081477813e+00
2.294000000000000128e+01 6.693533431431075709e-01 9.776166432451462995e-01 1.316593225109027356e-03 7.777008281211720941e+00
2.294500000000000028e+01 6.689218060045810654e-01 9.775638248673288455e-01 1.318300660498036153e-03 7.792008282999120183e+00
2.294999999999999929e+01 6.681370002252711160e-01 9.775147826326404665e-01 1.320459557402579127e-03 7.804762847127738823e+00
2.295500000000000185e+01 6.688394823227119534e-01 9.774696492174371754e-01 1.323073258606058790e-03 7.814820095774885900e+00
2.296000000000000085e+01 6.700166127766580271e-01 9.774285404236200403e-01 1.326140248192395196e-03 7.821312176315853293e+00
2.296499999999999986e+01 6.707992983881672089e-01 9.773915553049336014e-01 1.329654085763379030e-03 7.823052577256651929e+00
2.296999999999999886e+01 6.712381084925824748e-01 9.773587765260531857e-01 1.333603441171417369e-03 7.818644040506515402e+00
2.297500000000000142e+01 6.713064964180966987e-01 9.773302708386129023e-01 1.337972213151706344e-03 7.806586082318611730e+00
2.298000000000000043e+01 6.710183565395420047e-01 9.773060896495727734e-01 1.342739726584032001e-03 7.785366448531743977e+00
2.298499999999999943e+01 6.705663194504329905e-01 9.772862697070738847e-01 1.347880990921283264e-03 7.753529936729133709e+00
2.299000000000000199e+01 6.701776457124816178e-01 9.772708337438780202e-01 1.353367008092825306e-03 7.709726882966403849e+00
2.299500000000000099e+01 6.713536367356512935e-01 9.772597910643278096e-01 1.359165110945891215e-03 7.652730689946207754e+00
2.300000000000000000e+01 6.722559766446986051e-01 9.772531382075998474e-01 1.365239326780350038e-03 7.581454407370644688e+00
2.300499999999999901e+01 6.727712493391866388e-01 9.772508590340786006e-01 1.371550767946844163e-03 7.494966048377897927e+00
2.301000000000000156e+01 6.729232181855616668e-01 9.772529249877176527e-01 1.378058048661269172e-03 7.392498599401686299e+00
2.301500000000000057e+01 6.728894643624121485e-01 9.772592949171781118e-01 1.384717740937134716e-03 7.273466464797861519e+00
2.301999999999999957e+01 6.725080399173980483e-01 9.772699149953048003e-01 1.391484866503859023e-03 7.137477709844616491e+00
2.302500000000000213e+01 6.718817154775844624e-01 9.772847185477029353e-01 1.398313412796104577e-03 6.984359151481261740e+00
2.303000000000000114e+01 6.717533909424651117e-01 9.773036256787156484e-01 1.405156856221869734e-03 6.814157264843793804e+00
2.303500000000000014e+01 6.728171783401739603e-01 9.773265435531337531e-01 1.411968702588611195e-03 6.627127125055463530e+00
2.303999999999999915e+01 6.736146970287225644e-01 9.773533674948892136e-01 1.418703033052335066e-03 6.423760223626520549e+00
2.304500000000000171e+01 6.741799968233561646e-01 9.773839806979460754e-01 1.425315011005758286e-03 6.204726763304762471e+00
2.305000000000000071e+01 6.744393011847508168e-01 9.774182551539671859e-01 1.431761368442846689e-03 5.970881490145005799e+00
2.305499999999999972e+01 6.743956116472951123e-01 9.774560523495577913e-01 1.438000839137404787e-03 5.723229729950890743e+00
2.305999999999999872e+01 6.804661802526486003e-01 9.774972239594333923e-01 1.443994529121304590e-03 5.462913834986064643e+00
2.306500000000000128e+01 6.881913495577542950e-01 9.775416127076662631e-01 1.449706233999586459e-03 5.191212796545976893e+00
2.307000000000000028e+01 6.955932448110214716e-01 9.775890532097391006e-01 1.455102702810414901e-03 4.909513709164047057e+00
2.307499999999999929e+01 7.025576667274221476e-01 9.776393728918000292e-01 1.460153836307644072e-03 4.619285138816611180e+00
2.308000000000000185e+01 7.092723220077413737e-01 9.776923929185558082e-01 1.464832807574389635e-03 4.322056902545324597e+00
2.308500000000000085e+01 7.155790025428327983e-01 9.777479289591444189e-01 1.469116108428844807e-03 4.019374434007602304e+00
2.308999999999999986e+01 7.214230006644829496e-01 9.778057921631239102e-01 1.472983539024440292e-03 3.712860302985587335e+00
2.309499999999999886e+01 7.268985550082980307e-01 9.778657896272056060e-01 1.476418154372262544e-03 3.404174414390380043e+00
2.310000000000000142e+01 7.318954620786611853e-01 9.779277254893288251e-01 1.479406179127779834e-03 3.094929866550299113e+00
2.310500000000000043e+01 7.364297386922219468e-01 9.779914016772662810e-01 1.481936867985557665e-03 2.786682757878255590e+00
2.310999999999999943e+01 7.405842415949456248e-01 9.780566187632278030e-01 1.484002324915445351e-03 2.480869733110375730e+00
2.311500000000000199e+01 7.443957075170074544e-01 9.781231763173330318e-01 1.485597324386013886e-03 2.178986205700058854e+00
2.312000000000000099e+01 7.478499334024875100e-01 9.781908741264163654e-01 1.486719080128270616e-03 1.882405474869654372e+00
2.312500000000000000e+01 7.508359838717229007e-01 9.782595128478481783e-01 1.487367015065170104e-03 1.592375819657974700e+00
2.312999999999999901e+01 7.534071387562183419e-01 9.783288945519044155e-01 1.487542548221401553e-03 1.310016312459624688e+00
2.313500000000000156e+01 7.556169495813090942e-01 9.783988233287420622e-01 1.487248902812701376e-03 1.036338680509969246e+00
2.314000000000000057e+01 7.573973747453490724e-01 9.784691058272509956e-01 1.486490945473139917e-03 7.722528616324364492e-01
2.314499999999999957e+01 7.588236248681795582e-01 9.785395515955478407e-01 1.485275038821320817e-03 5.185246205347432413e-01
2.315000000000000213e+01 7.600060796153561560e-01 9.786099732338447987e-01 1.483608903593272880e-03 2.758432270374818751e-01
2.315500000000000114e+01 7.608632629253044843e-01 9.786801867696068857e-01 1.481501494315465382e-03 4.476637573931786795e-02
2.316000000000000014e+01 7.613915286860125642e-01 9.787500116322436217e-01 1.478962931521102123e-03 -1.742358592531088879e-01
2.316499999999999915e+01 7.615503301377352097e-01 9.788192706454857950e-01 1.476004477510879957e-03 -3.807719662388892035e-01
2.317000000000000171e+01 7.614485553662819761e-01 9.788877899423873430e-01 1.472638540868419351e-03 -5.745322973639549469e-01
2.317500000000000071e+01 7.610227685412453980e-01 9.789553989970445347e-01 1.468878664333875522e-03 -7.552560471115419283e-01
2.317999999999999972e+01 7.603278970622782129e-01 9.790219302535649870e-01 1.464739523638457089e-03 -9.227347214299270739e-01
2.318499999999999872e+01 7.594695548486403158e-01 9.790872189305279694e-01 1.460236955125138875e-03 -1.076799557620389924e+00
2.319000000000000128e+01 7.583398125420085512e-01 9.791511026481209967e-01 1.455388007544767930e-03 -1.217306606732309060e+00
2.319500000000000028e+01 7.569830287139994729e-01 9.792134210473283362e-01 1.450210991115945562e-03 -1.344127692568717336e+00
2.319999999999999929e+01 7.553288778916146251e-01 9.792740154287524756e-01 1.444725511625558978e-03 -1.457145516179207734e+00
2.320500000000000185e+01 7.534436417850214340e-01 9.793327284542763245e-01 1.438952492089221220e-03 -1.556246521425424634e+00
2.321000000000000085e+01 7.513300687221137197e-01 9.793894038172880068e-01 1.432914186728136184e-03 -1.641313139929750253e+00
2.321499999999999986e+01 7.490297037094830745e-01 9.794438859482046400e-01 1.426634177573969826e-03 -1.712216223590022679e+00
2.321999999999999886e+01 7.465508923931049035e-01 9.794960196752983128e-01 1.420137346831591794e-03 -1.768809815118731699e+00
2.322500000000000142e+01 7.438122480194094832e-01 9.795456499593103716e-01 1.413449824890075299e-03 -1.810924425343153565e+00
2.323000000000000043e+01 7.408882653855346501e-01 9.795926217298875915e-01 1.406598907761564057e-03 -1.838360606222166238e+00
2.323499999999999943e+01 7.376636240290135316e-01 9.796367797200611349e-01 1.399612952368122897e-03 -1.850887640676251555e+00
2.324000000000000199e+01 7.342533065273653126e-01 9.796779684179592884e-01 1.392521264086356379e-03 -1.848235279341197135e+00
2.324500000000000099e+01 7.306521574636974936e-01 9.797160320240665410e-01 1.385353954894097146e-03 -1.830095128151689732e+00
2.325000000000000000e+01 7.268639505884879615e-01 9.797508146336667556e-01 1.378141755351455257e-03 -1.796112687395530205e+00
2.325499999999999901e+01 7.228352469413216186e-01 9.797821604949651375e-01 1.370915775746710686e-03 -1.745884315791963015e+00
2.326000000000000156e+01 7.184248983584049508e-01 9.798099142976717246e-01 1.363707260149253512e-03 -1.678959350568163034e+00
2.326500000000000057e+01 7.138112464590865569e-01 9.798339218476819212e-01 1.356547327530213069e-03 -1.594840735197491810e+00
2.326999999999999957e+01 7.089423840311237512e-01 9.798540306463607852e-01 1.349466669534745474e-03 -1.492993494803944499e+00
2.327500000000000213e+01 7.037533712913722761e-01 9.798700906870653204e-01 1.342495227678914974e-03 -1.372842283257258877e+00
2.328000000000000114e+01 6.982827986707728085e-01 9.798819553989073228e-01 1.335661838272108335e-03 -1.233757606538118612e+00
2.328500000000000014e+01 6.925700971131114603e-01 9.798894829124372707e-01 1.328993842300549939e-03 -1.075117356362961241e+00
2.328999999999999915e+01 6.865021999357033833e-01 9.798925372910844978e-01 1.322516643674485383e-03 -8.963039883595178559e-01
2.329500000000000171e+01 6.800369599134540310e-01 9.798909901894709007e-01 1.316253220623974903e-03 -6.967051996731125074e-01
2.330000000000000071e+01 6.730947654684920067e-01 9.798847226829555668e-01 1.310223594684966535e-03 -4.757905226506478624e-01
2.330499999999999972e+01 6.663250025955868017e-01 9.798736269286788536e-01 1.304444258281082809e-03 -2.332319202160365035e-01
2.330999999999999872e+01 6.598245473609885003e-01 9.798576084598675795e-01 1.298927576862130614e-03 3.127827655972256760e-02
2.331500000000000128e+01 6.588659934943422725e-01 9.798365888767720522e-01 1.293681179635929913e-03 3.177773400213383947e-01
2.332000000000000028e+01 6.598501762692117190e-01 9.798105089366423437e-01 1.288707338442620330e-03 6.259682790573921629e-01
2.332499999999999929e+01 6.603357434854799646e-01 9.797793317355757425e-01 1.284002378719965344e-03 9.551810846356671991e-01
2.333000000000000185e+01 6.617288853116666258e-01 9.797430467594602232e-01 1.279556187311459365e-03 1.304295887892887640e+00
2.333500000000000085e+01 6.628624870532268121e-01 9.797016738723243190e-01 1.275351892580007607e-03 1.671687580231682180e+00
2.333999999999999986e+01 6.634437327694714392e-01 9.796552685411228367e-01 1.271365779865529354e-03 2.055088923173907567e+00
2.334499999999999886e+01 6.634883306824679305e-01 9.796039261030693446e-01 1.267567531711798982e-03 2.451562047391393495e+00
2.335000000000000142e+01 6.630371576966933578e-01 9.795477864358672626e-01 1.263920935704519483e-03 2.857498421606343708e+00
2.335500000000000043e+01 6.621679231593547987e-01 9.794870374403715774e-01 1.260385160732182489e-03 3.268677902394415025e+00
2.335999999999999943e+01 6.629996343693567162e-01 9.794219193774094112e-01 1.256916620937442589e-03 3.680407787502359973e+00
2.336500000000000199e+01 6.635073515617211370e-01 9.793527251580709247e-01 1.253471370818964436e-03 4.087650428914053613e+00
2.337000000000000099e+01 6.634906643338055465e-01 9.792797990042712009e-01 1.250007912774811925e-03 4.485248314901410183e+00
2.337500000000000000e+01 6.630944493951949070e-01 9.792035318519562992e-01 1.246490225859598223e-03 4.868247265456046691e+00
2.337999999999999901e+01 6.629010561260613166e-01 9.791243537074237890e-01 1.242890672659944639e-03 5.232184339835421305e+00
2.338500000000000156e+01 6.640444082778459434e-01 9.790427235120956473e-01 1.239192386670221521e-03 5.573327024747103842e+00
2.339000000000000057e+01 6.647536319766371715e-01 9.789591174876092206e-01 1.235390759827214441e-03 5.888844416509384949e+00
2.339499999999999957e+01 6.650091060697762568e-01 9.788740162499803832e-01 1.231493817532265146e-03 6.176878361403526085e+00
2.340000000000000213e+01 6.648044474804190029e-01 9.787878934425850996e-01 1.227521484872212340e-03 6.436503573531511257e+00
2.340500000000000114e+01 6.641864813179869653e-01 9.787012060765526433e-01 1.223503932461638202e-03 6.667619044245401305e+00
2.341000000000000014e+01 6.645965788901483373e-01 9.786143879991032746e-01 1.219479347706625303e-03 6.870791373324435014e+00
2.341499999999999915e+01 6.654417438118013228e-01 9.785278466049759372e-01 1.215491513014031830e-03 7.047094193090640779e+00
2.342000000000000171e+01 6.659286806948779835e-01 9.784419621443231074e-01 1.211587510092437337e-03 7.197975814321014632e+00
2.342500000000000071e+01 6.659065885312439592e-01 9.783570891337035613e-01 1.207815757850692461e-03 7.325157880222691986e+00
2.342999999999999972e+01 6.654724965718330498e-01 9.782735587833865099e-01 1.204224445047520587e-03 7.430567119284501310e+00
2.343499999999999872e+01 6.654791497005827505e-01 9.781916816291121863e-01 1.200860353501143497e-03 7.516288343891426749e+00
2.344000000000000128e+01 6.658289678796721622e-01 9.781117497266336169e-01 1.197768040373721607e-03 7.584529511969925863e+00
2.344500000000000028e+01 6.658805802956497821e-01 9.780340383611274557e-01 1.194989338653507831e-03 7.637587194158353299e+00
2.344999999999999929e+01 6.657306093298563932e-01 9.779588072398143206e-01 1.192563092312997307e-03 7.677800448673391287e+00
2.345500000000000185e+01 6.654855074335822573e-01 9.778863010857880012e-01 1.190525025631178173e-03 7.707492569898239942e+00
2.346000000000000085e+01 6.648916587646257481e-01 9.778167498333937280e-01 1.188907636430479179e-03 7.728896073150057333e+00
2.346499999999999986e+01 6.653920413242361276e-01 9.777503684998966049e-01 1.187740035293416256e-03 7.744063124487269079e+00
2.346999999999999886e+01 6.659850972955598802e-01 9.776873568445474394e-01 1.187047700991148043e-03 7.754767254937120491e+00
2.347500000000000142e+01 6.662225105147865367e-01 9.776278988330753261e-01 1.186852155510197994e-03 7.762408634794999429e+00
2.348000000000000043e+01 6.660596140433798773e-01 9.775721619358673786e-01 1.187170596587890613e-03 7.767939361018235012e+00
2.348499999999999943e+01 6.655155913143702140e-01 9.775202966626881373e-01 1.188015527103728017e-03 7.771810502001608612e+00
2.349000000000000199e+01 6.647552267168056472e-01 9.774724360855047145e-01 1.189394434969025293e-03 7.773957098517841224e+00
2.349500000000000099e+01 6.659032753496834101e-01 9.774286955960083123e-01 1.191309565082439813e-03 7.773821810116682940e+00
2.350000000000000000e+01 6.670924240854341214e-01 9.773891728687840175e-01 1.193757805837628765e-03 7.770416114609628444e+00
2.350499999999999901e+01 6.679382410288053906e-01 9.773539481370085991e-01 1.196730695414732542e-03 7.762408912918901116e+00
2.351000000000000156e+01 6.683615776769917805e-01 9.773230846052813892e-01 1.200214534414065096e-03 7.748235104115712701e+00
2.351500000000000057e+01 6.684304268148965056e-01 9.772966290860198857e-01 1.204190595718585737e-03 7.726205247615387073e+00
2.351999999999999957e+01 6.682524700771713677e-01 9.772746127841291930e-01 1.208635410260735111e-03 7.694607118731204842e+00
2.352500000000000213e+01 6.677017338877272445e-01 9.772570520062275889e-01 1.213521118717369226e-03 7.651791328910097612e+00
2.353000000000000114e+01 6.673326277714265453e-01 9.772439491152828950e-01 1.218815868069237848e-03 7.596225317064773108e+00
2.353500000000000014e+01 6.686296729202623190e-01 9.772352931476860904e-01 1.224484244105433425e-03 7.526547533124081646e+00
2.353999999999999915e+01 6.695269257931214524e-01 9.772310602536136148e-01 1.230487726148139175e-03 7.441602368917101806e+00
2.354500000000000171e+01 6.701949805920940362e-01 9.772312139402772324e-01 1.236785157910538389e-03 7.340467228782946663e+00
2.355000000000000071e+01 6.705027849097946469e-01 9.772357050650810617e-01 1.243333247244328421e-03 7.222470714822523341e+00
2.355499999999999972e+01 6.704313273277039409e-01 9.772444717838901784e-01 1.250087093226215796e-03 7.087204398466921518e+00
2.355999999999999872e+01 6.701921002994315479e-01 9.772574392410331434e-01 1.257000731983137169e-03 6.934541463171149722e+00
2.356500000000000128e+01 6.697293026534008042e-01 9.772745194549262715e-01 1.264027687872275449e-03 6.764601692156345436e+00
2.357000000000000028e+01 6.696436389846659454e-01 9.772956119629645499e-01 1.271121543432804455e-03 6.577769052082748757e+00
2.357499999999999929e+01 6.710579541712496932e-01 9.773206045311279011e-01 1.278236483767691140e-03 6.374656419413146757e+00
2.358000000000000185e+01 6.720867949427009602e-01 9.773493729655950979e-01 1.285327806534289396e-03 6.156066565076416808e+00
2.358500000000000085e+01 6.727128039640967172e-01 9.773817824625739004e-01 1.292352403789313268e-03 5.922983311533920769e+00
2.358999999999999986e+01 6.729910764776443344e-01 9.774176880177384286e-01 1.299269182737654901e-03 5.676524683475908439e+00
2.359499999999999886e+01 6.784219058618727871e-01 9.774569353758894019e-01 1.306039419464805496e-03 5.417942946597880116e+00
2.360000000000000142e+01 6.862071925596995303e-01 9.774993619039699100e-01 1.312627042185658417e-03 5.148607724898670135e+00
2.360500000000000043e+01 6.937031878551688235e-01 9.775447974790181238e-01 1.318998843759663529e-03 4.869975970010926858e+00
2.360999999999999943e+01 7.007523832991813251e-01 9.775930654519452423e-01 1.325124627147657597e-03 4.583569037329239926e+00
2.361500000000000199e+01 7.073577322142617918e-01 9.776439836120925930e-01 1.330977283526469344e-03 4.290944764149733359e+00
2.362000000000000099e+01 7.135763023014971562e-01 9.776973650018007111e-01 1.336532804668131473e-03 3.993681478891450087e+00
2.362500000000000000e+01 7.193149820562502184e-01 9.777530189815254458e-01 1.341770227587486559e-03 3.693401376094720856e+00
2.362999999999999901e+01 7.247200121051732280e-01 9.778107517416382288e-01 1.346671524616039435e-03 3.391755123673993122e+00
2.363500000000000156e+01 7.297415152846506992e-01 9.778703675319833089e-01 1.351221450802936753e-03 3.090315000929466205e+00
2.364000000000000057e+01 7.342830959804406143e-01 9.779316693690502937e-01 1.355407355630620101e-03 2.790590324702164615e+00
2.364499999999999957e+01 7.384429181307226031e-01 9.779944599347574208e-01 1.359218973000772979e-03 2.493957419570006273e+00
2.365000000000000213e+01 7.421341735919289029e-01 9.780585419406038206e-01 1.362648229340409235e-03 2.201853983817163130e+00
2.365500000000000114e+01 7.453506134382766879e-01 9.781237194166797488e-01 1.365688998929268832e-03 1.915560109330822325e+00
2.366000000000000014e+01 7.483008087764368987e-01 9.781897982669507385e-01 1.368336875675167739e-03 1.636232922144050583e+00
2.366499999999999915e+01 7.508538927248147310e-01 9.782565867976852347e-01 1.370588958652654279e-03 1.364896768002257010e+00
2.367000000000000171e+01 7.530853968839973378e-01 9.783238962976292807e-01 1.372443656947452701e-03 1.102461807633197122e+00
2.367500000000000071e+01 7.548817657033843886e-01 9.783915415245580949e-01 1.373900534425227977e-03 8.497423403305833789e-01
2.367999999999999972e+01 7.563098564993983031e-01 9.784593409873674208e-01 1.374960188683699465e-03 6.073992687366033261e-01
2.368499999999999872e+01 7.574190695734355216e-01 9.785271170834739518e-01 1.375624172087362143e-03 3.760265024439685133e-01
2.369000000000000128e+01 7.581635796127750293e-01 9.785946963145200073e-01 1.375894924871971011e-03 1.560952611522817834e-01
2.369500000000000028e+01 7.587671094802177496e-01 9.786619092641504203e-01 1.375775737011065113e-03 -5.201708290290707470e-02
2.369999999999999929e+01 7.590420083646531868e-01 9.787285904014355609e-01 1.375270745726725214e-03 -2.479973408810313140e-01
2.370500000000000185e+01 7.589874707045997093e-01 9.787945778864011181e-01 1.374384971712448548e-03 -4.316095864591721343e-01
2.371000000000000085e+01 7.586906761687410850e-01 9.788597134038861114e-01 1.373124390813248389e-03 -6.026688084140251478e-01
2.371499999999999986e+01 7.580756981382816839e-01 9.789238418898238425e-01 1.371496001638023094e-03 -7.610290258092800020e-01
2.371999999999999886e+01 7.572145376848734566e-01 9.789868111401610618e-01 1.369507896275457340e-03 -9.065823231428509210e-01
2.372500000000000142e+01 7.562035924351047100e-01 9.790484714072938965e-01 1.367169340137816460e-03 -1.039242279733920693e+00
2.373000000000000043e+01 7.550272297357289997e-01 9.791086748948303331e-01 1.364490857727204687e-03 -1.158936884073385354e+00
2.373499999999999943e+01 7.535803964088336748e-01 9.791672752383149270e-01 1.361484321498020091e-03 -1.265600926081987598e+00
2.374000000000000199e+01 7.518701418172811790e-01 9.792241270958066401e-01 1.358163026869416102e-03 -1.359168214968102362e+00
2.374500000000000099e+01 7.500027273666381999e-01 9.792790856923777598e-01 1.354541747156542703e-03 -1.439566175598987252e+00
2.375000000000000000e+01 7.478760827948881529e-01 9.793320063816298715e-01 1.350636768935786899e-03 -1.506708453433151185e+00
2.375499999999999901e+01 7.456364133262094462e-01 9.793827442868882072e-01 1.346465902989985334e-03 -1.560488312974572578e+00
2.376000000000000156e+01 7.432138160243595415e-01 9.794311538852767951e-01 1.342048466340112559e-03 -1.600773351975287806e+00
2.376500000000000057e+01 7.405494520931634739e-01 9.794770887206774024e-01 1.337405236855807597e-03 -1.627398368741757695e+00
2.376999999999999957e+01 7.377127268475085486e-01 9.795204011328835225e-01 1.332558375554392669e-03 -1.640160763568078606e+00
2.377500000000000213e+01 7.346136013872320847e-01 9.795609420392106248e-01 1.327531328304809403e-03 -1.638818590961370392e+00
2.378000000000000114e+01 7.312952279181879067e-01 9.795985608847324055e-01 1.322348708217132175e-03 -1.623079566962008169e+00
2.378500000000000014e+01 7.278119439547722225e-01 9.796331056226051937e-01 1.317036160551945815e-03 -1.592600261176614129e+00
2.378999999999999915e+01 7.241743352892195951e-01 9.796644228029056656e-01 1.311620191553390657e-03 -1.546982610366311794e+00
2.379500000000000171e+01 7.202603778293360515e-01 9.796923579020762052e-01 1.306127955850212592e-03 -1.485772828844988291e+00
2.380000000000000071e+01 7.160784818618390890e-01 9.797167556289836376e-01 1.300587009347325615e-03 -1.408464832372947839e+00
2.380499999999999972e+01 7.116529828622966125e-01 9.797374605460371644e-01 1.295025054882333916e-03 -1.314498299704259132e+00
2.380999999999999872e+01 7.069161794658760378e-01 9.797543177718075480e-01 1.289469653378109981e-03 -1.203241277599713888e+00
2.381500000000000128e+01 7.019478373830242424e-01 9.797671740808799878e-01 1.283947894727891078e-03 -1.074020835723900058e+00
2.382000000000000028e+01 6.966688880479717794e-01 9.797758787675352465e-01 1.278486027424949366e-03 -9.261571612475141269e-01
2.382499999999999929e+01 6.910888155253855913e-01 9.797802849714196682e-01 1.273109056854813091e-03 -7.589259848010562193e-01
2.383000000000000185e+01 6.851232519699420598e-01 9.797802511478096443e-01 1.267840297224146883e-03 -5.716125583732254434e-01
2.383500000000000085e+01 6.787202453455020157e-01 9.797756426585164657e-01 1.262700873087446805e-03 -3.635584679921656792e-01
2.383999999999999986e+01 6.719405348436643388e-01 9.797663335053358180e-01 1.257709164121871342e-03 -1.342656481759543774e-01
2.384499999999999886e+01 6.647099224043392374e-01 9.797522082976899416e-01 1.252880209527624904e-03 1.167707850940324643e-01
2.385000000000000142e+01 6.619543164871922736e-01 9.797331646160699625e-01 1.248225083234461800e-03 3.898217311012714403e-01
2.385500000000000043e+01 6.616347735103416117e-01 9.797091156794323075e-01 1.243750245809027710e-03 6.848712949933126737e-01
2.385999999999999943e+01 6.619566063038119230e-01 9.796799930767617903e-01 1.239456896355684880e-03 1.001581621363374808e+00
2.386500000000000199e+01 6.616787736208635806e-01 9.796457502323925315e-01 1.235340341013700704e-03 1.339180466009872728e+00
2.387000000000000099e+01 6.616705057275433788e-01 9.796063661030105507e-01 1.231389431925303734e-03 1.696457657144047948e+00
2.387500000000000000e+01 6.615426526644964111e-01 9.795618496128568609e-01 1.227586166160897019e-03 2.071581014987883940e+00
2.387999999999999901e+01 6.609286032352810203e-01 9.795122444551739305e-01 1.223905533101939287e-03 2.462046647051290726e+00
2.388500000000000156e+01 6.606480535315034652e-01 9.794576336724241106e-01 1.220315707771626491e-03 2.864626002083337397e+00
2.389000000000000057e+01 6.614208361897174759e-01 9.793981443853261304e-01 1.216778707652414054e-03 3.275373083207302027e+00
2.389499999999999957e+01 6.617607620031176197e-01 9.793339531246703089e-01 1.213251636775450554e-03 3.689697407929637851e+00
2.390000000000000213e+01 6.615901336937356492e-01 9.792652901832368251e-01 1.209688605424624275e-03 4.102447444658312570e+00
2.390500000000000114e+01 6.609388968420226718e-01 9.791924415959233352e-01 1.206043288942971071e-03 4.508056735790405334e+00
2.391000000000000014e+01 6.614641931322208235e-01 9.791157492995538059e-01 1.202272016810354647e-03 4.900851011032477444e+00
2.391499999999999915e+01 6.624191550709546128e-01 9.790356082479236832e-01 1.198337154405483898e-03 5.275389318367246894e+00
2.392000000000000171e+01 6.628646705671090711e-01 9.789524602508001827e-01 1.194210468956315423e-03 5.626792171802327935e+00
2.392500000000000071e+01 6.628224430991700444e-01 9.788667852315152684e-01 1.189876044933604882e-03 5.951061265967855896e+00
2.392999999999999972e+01 6.623694104387866100e-01 9.787790889545405770e-01 1.185332302275387325e-03 6.245319749774242091e+00
2.393500000000000227e+01 6.618618969301167665e-01 9.786898898988153350e-01 1.180592787769791079e-03 6.507920607411163516e+00
2.394000000000000128e+01 6.628992799577031469e-01 9.785997055793518307e-01 1.175685601028554498e-03 6.738428391164822173e+00
2.394500000000000028e+01 6.634888740538084084e-01 9.785090403828311523e-01 1.170651595121761316e-03 6.937471739255053116e+00
2.394999999999999929e+01 6.635887544888324774e-01 9.784183760860418744e-01 1.165541690486055892e-03 7.106514529386082302e+00
2.395500000000000185e+01 6.633422657470221528e-01 9.783281652875210899e-01 1.160413754262838281e-03 7.247601995007489251e+00
2.396000000000000085e+01 6.627184266156509462e-01 9.782388283128693462e-01 1.155329505595367083e-03 7.363120257974467897e+00
2.396499999999999986e+01 6.631967220409064057e-01 9.781507528824353592e-01 1.150351786252152338e-03 7.455604836886219111e+00
2.396999999999999886e+01 6.633232865999598715e-01 9.780642955696607910e-01 1.145542379355344057e-03 7.527614315465593009e+00
2.397500000000000142e+01 6.632901571959266551e-01 9.779797844812543328e-01 1.140960420589371815e-03 7.581657523980426028e+00
2.398000000000000043e+01 6.632537647091296673e-01 9.778975221983635668e-01 1.136661337865743811e-03 7.620158201216884031e+00
2.398499999999999943e+01 6.628425696901696362e-01 9.778177884176856294e-01 1.132696236339330361e-03 7.645444678844492081e+00
2.399000000000000199e+01 6.623603537516754569e-01 9.777408421724887999e-01 1.129111620767729888e-03 7.659746643140727507e+00
2.399500000000000099e+01 6.630062766139966923e-01 9.776669235298229843e-01 1.125949336586069133e-03 7.665186368878630141e+00
2.400000000000000000e+01 6.633935666456419744e-01 9.775962547749728060e-01 1.123246607632325368e-03 7.663755758678992613e+00
2.400499999999999901e+01 6.633864052338480644e-01 9.775290411224474285e-01 1.121036064067956186e-03 7.657275425816778558e+00
2.401000000000000156e+01 6.630087726857432084e-01 9.774654710171006844e-01 1.119345696799321690e-03 7.647336878042208852e+00
2.401500000000000057e+01 6.623307177347601549e-01 9.774057161655546055e-01 1.118198719134846876e-03 7.635232357950922477e+00
2.401999999999999957e+01 6.623858855523951927e-01 9.773499310134334817e-01 1.117613359125601592e-03 7.621892661980017358e+00
2.402500000000000213e+01 6.637831935577843678e-01 9.772982525410964794e-01 1.117602617849853402e-03 7.607825753623681742e+00
2.403000000000000114e+01 6.648017075882471927e-01 9.772507998095011361e-01 1.118174037566092372e-03 7.593079256660930199e+00
2.403500000000000014e+01 6.654047849133277737e-01 9.772076736670193275e-01 1.119329530157260177e-03 7.577231024025397055e+00
2.403999999999999915e+01 6.655841514790400426e-01 9.771689566553523054e-01 1.121065300784749620e-03 7.559412367890734785e+00
2.404500000000000171e+01 6.654771603592573026e-01 9.771347132500852739e-01 1.123371883338861437e-03 7.538362733878991584e+00
2.405000000000000071e+01 6.650628164752010463e-01 9.771049902094367523e-01 1.126234292228022425e-03 7.512513110320485410e+00
2.405499999999999972e+01 6.643515694776050973e-01 9.770798173109829232e-01 1.129632280874218620e-03 7.480084381555917261e+00
2.406000000000000227e+01 6.655122364205222629e-01 9.770592081010236463e-01 1.133540693737818865e-03 7.439195770399264163e+00
2.406500000000000128e+01 6.666173438550264674e-01 9.770431609333696255e-01 1.137929886550730595e-03 7.387959026551654595e+00
2.407000000000000028e+01 6.673744258226510517e-01 9.770316598983820322e-01 1.142766202245233068e-03 7.324579639452281299e+00
2.407499999999999929e+01 6.678735140307520135e-01 9.770246755324314414e-01 1.148012485571464668e-03 7.247441397065077062e+00
2.408000000000000185e+01 6.679848906991079360e-01 9.770221653495889669e-01 1.153628620026584187e-03 7.155177519453914670e+00
2.408500000000000085e+01 6.677357098891698595e-01 9.770240740887079500e-01 1.159572090200022354e-03 7.046723137162776318e+00
2.408999999999999986e+01 6.674183941742759529e-01 9.770303338317966046e-01 1.165798560669661530e-03 6.921350528320695972e+00
2.409499999999999886e+01 6.667736625175693099e-01 9.770408636890365317e-01 1.172262459498120196e-03 6.778694717129929437e+00
2.410000000000000142e+01 6.683356963837924214e-01 9.770555697798873895e-01 1.178917564463775446e-03 6.618715767748823531e+00
2.410500000000000043e+01 6.695815272931253670e-01 9.770743461542903407e-01 1.185717603736182986e-03 6.441717943657481626e+00
2.410999999999999943e+01 6.704349607370235775e-01 9.770970749542022826e-01 1.192616826474227239e-03 6.248278904675251155e+00
2.411500000000000199e+01 6.708966645058760392e-01 9.771236267232528139e-01 1.199570539881313980e-03 6.039215201506200614e+00
2.412000000000000099e+01 6.710354509382976396e-01 9.771538615411040629e-01 1.206535608683190989e-03 5.815545497318373336e+00
2.412500000000000000e+01 6.708892011610469996e-01 9.771876296060482137e-01 1.213470891588123123e-03 5.578438180061747964e+00
2.412999999999999901e+01 6.719226783659798530e-01 9.772247722188341923e-01 1.220337610298806658e-03 5.329200457957009363e+00
2.413500000000000156e+01 6.798802035905029406e-01 9.772651226829448534e-01 1.227099643966343950e-03 5.069249094005052747e+00
2.414000000000000057e+01 6.873997523552387579e-01 9.773085072677104579e-01 1.233723742925554997e-03 4.800075632565119044e+00
2.414499999999999957e+01 6.944999935774857081e-01 9.773547462210347980e-01 1.240179663643447162e-03 4.523225166101172867e+00
2.415000000000000213e+01 7.012322814060945042e-01 9.774036547458011537e-01 1.246440230641483043e-03 4.240270053148401885e+00
2.415500000000000114e+01 7.076029734405129279e-01 9.774550437243849643e-01 1.252481331208908991e-03 3.952782226369680352e+00
2.416000000000000014e+01 7.135686491734055670e-01 9.775087209453220405e-01 1.258281843177584377e-03 3.662368473474036268e+00
2.416499999999999915e+01 7.190499787293311851e-01 9.775644916078286562e-01 1.263823508255040775e-03 3.370654836515169617e+00
2.417000000000000171e+01 7.240465804814689710e-01 9.776221595898240135e-01 1.269090748621272673e-03 3.079182808830663642e+00
2.417500000000000071e+01 7.286400355748753332e-01 9.776815282356837722e-01 1.274070438964813694e-03 2.789424789536491200e+00
2.417999999999999972e+01 7.328549186124537762e-01 9.777424012742381709e-01 1.278751655843141793e-03 2.502716445334006501e+00
2.418500000000000227e+01 7.367178603150170701e-01 9.778045832757885636e-01 1.283125445665722836e-03 2.220437869593441693e+00
2.419000000000000128e+01 7.401452681530764632e-01 9.778678809524405935e-01 1.287184559269511589e-03 1.943821348007471972e+00
2.419500000000000028e+01 7.431130879044102189e-01 9.779321037430268593e-01 1.290923212895255488e-03 1.673967838175659972e+00
2.419999999999999929e+01 7.456978285215891677e-01 9.779970643511407546e-01 1.294336865574255381e-03 1.411849939512961338e+00
2.420500000000000185e+01 7.478788254464376895e-01 9.780625793131253465e-01 1.297422015246417742e-03 1.158320604130875564e+00
2.421000000000000085e+01 7.498048863504980233e-01 9.781284694823351167e-01 1.300176027641357628e-03 9.141419110630942813e-01
2.421499999999999986e+01 7.514123706054678387e-01 9.781945603308801473e-01 1.302596997942399122e-03 6.799206433836506580e-01
2.421999999999999886e+01 7.526209087976516443e-01 9.782606820198510578e-01 1.304683661219163248e-03 4.561985223864218342e-01
2.422500000000000142e+01 7.535428305942103444e-01 9.783266696354186998e-01 1.306435339384889004e-03 2.434009451202467367e-01
2.423000000000000043e+01 7.541555145401124260e-01 9.783923631665984999e-01 1.307851922798330870e-03 4.185858171362498437e-02
2.423499999999999943e+01 7.544396361485303792e-01 9.784576072883008901e-01 1.308933879655216261e-03 -1.481594384214746651e-01
2.424000000000000199e+01 7.546044369309888866e-01 9.785222510950642993e-01 1.309682286298635570e-03 -3.264559461184207700e-01
2.424500000000000099e+01 7.544543598679709362e-01 9.785861478041140149e-01 1.310098897586092249e-03 -4.928857506431568725e-01
2.425000000000000000e+01 7.540884216100818271e-01 9.786491544634042805e-01 1.310186235310255732e-03 -6.473390129999183618e-01
2.425499999999999901e+01 7.534600457976979859e-01 9.787111314607678247e-01 1.309947697238538281e-03 -7.897411022074722897e-01
2.426000000000000156e+01 7.525360613545587496e-01 9.787719420910090395e-01 1.309387667033248045e-03 -9.200400007876319286e-01
2.426500000000000057e+01 7.514399087098528884e-01 9.788314519868863695e-01 1.308511618246201245e-03 -1.038195894464856606e+00
2.426999999999999957e+01 7.502107426561360759e-01 9.788895284937455532e-01 1.307326213523460562e-03 -1.144176295408848354e+00
2.427500000000000213e+01 7.488429471326597531e-01 9.789460401732047456e-01 1.305839404392166283e-03 -1.237947357097070267e+00
2.428000000000000114e+01 7.472508278537033366e-01 9.790008562048279073e-01 1.304060520762669864e-03 -1.319469669189972327e+00
2.428500000000000014e+01 7.454297008252914747e-01 9.790538458445905423e-01 1.302000344240881883e-03 -1.388691732141817070e+00
2.428999999999999915e+01 7.434553581502462150e-01 9.791048779229725163e-01 1.299671159781125469e-03 -1.445543408836253096e+00
2.429500000000000171e+01 7.412552476147813429e-01 9.791538203743096469e-01 1.297086781614746045e-03 -1.489930823098379431e+00
2.430000000000000071e+01 7.390081609180246813e-01 9.792005397855453319e-01 1.294262552524353760e-03 -1.521730153337602864e+00
2.430499999999999972e+01 7.365398417854409630e-01 9.792449010334712822e-01 1.291215310541815858e-03 -1.540782067624306473e+00
2.431000000000000227e+01 7.338796341359499209e-01 9.792867669234355255e-01 1.287963332183950094e-03 -1.546888750975418336e+00
2.431500000000000128e+01 7.310245048059071937e-01 9.793259979860029496e-01 1.284526241396460790e-03 -1.539803494619429891e+00
2.432000000000000028e+01 7.279195586025272169e-01 9.793624522298476354e-01 1.280924902450908832e-03 -1.519229986404035060e+00
2.432499999999999929e+01 7.246665560001079864e-01 9.793959850943838585e-01 1.277181298942467848e-03 -1.484815585836463780e+00
2.433000000000000185e+01 7.212658387227873780e-01 9.794264495428665063e-01 1.273318391270384644e-03 -1.436150309147996795e+00
2.433500000000000085e+01 7.176683599185444962e-01 9.794536961836175504e-01 1.269359933715618564e-03 -1.372765173393153848e+00
2.433999999999999986e+01 7.137938103140263335e-01 9.794775736087490969e-01 1.265330255552688877e-03 -1.294130300906566777e+00
2.434499999999999886e+01 7.096747197920159067e-01 9.794979288180216681e-01 1.261254014420271248e-03 -1.199637733625009028e+00
2.435000000000000142e+01 7.052928259512057929e-01 9.795146081235999169e-01 1.257155926392507879e-03 -1.088621656747855937e+00
2.435500000000000043e+01 7.006013739270622320e-01 9.795274578445237745e-01 1.253060459717078709e-03 -9.603822697174272394e-01
2.435999999999999943e+01 6.957082283696518488e-01 9.795363253711167895e-01 1.248991484085290593e-03 -8.141721917559462396e-01
2.436500000000000199e+01 6.904480641204547853e-01 9.795410604314065406e-01 1.244971881843834382e-03 -6.492097044679466800e-01
2.437000000000000099e+01 6.848765540230036253e-01 9.795415164618126447e-01 1.241023115549195381e-03 -4.647169192045869646e-01
2.437500000000000000e+01 6.788686351771655580e-01 9.795375521974591937e-01 1.237164759251675435e-03 -2.599993754848874961e-01
2.437999999999999901e+01 6.724253197362214385e-01 9.795290334141801836e-01 1.233413956159601192e-03 -3.444250895405297913e-02
2.438500000000000156e+01 6.655909412876384046e-01 9.795158349660832986e-01 1.229784843801899489e-03 2.125389748961538094e-01
2.439000000000000057e+01 6.610771972861738677e-01 9.794978430841240202e-01 1.226287929568414380e-03 4.812874415898453773e-01
2.439499999999999957e+01 6.611118726169697979e-01 9.794749579837984665e-01 1.222929441288690905e-03 7.718803572598683660e-01
2.440000000000000213e+01 6.606161549924095544e-01 9.794470964984662853e-01 1.219710672251847440e-03 1.084080240004945184e+00
2.440500000000000114e+01 6.596827626751264884e-01 9.794141954816275586e-01 1.216627335399559110e-03 1.417225298052880333e+00
2.441000000000000014e+01 6.582649191904987873e-01 9.793762153245162416e-01 1.213668965010564508e-03 1.770214539510966523e+00
2.441499999999999915e+01 6.563742210870672222e-01 9.793331442786160634e-01 1.210818433891730061e-03 2.141332304142945731e+00
2.442000000000000171e+01 6.565636545597706153e-01 9.792850031565882851e-01 1.208051679901308347e-03 2.528192580940070044e+00
2.442500000000000071e+01 6.570985522760058872e-01 9.792318498905032698e-01 1.205337745242053516e-03 2.927675466673915317e+00
2.442999999999999972e+01 6.571905971678974057e-01 9.791737844143513225e-01 1.202639234108082451e-03 3.335919965900370432e+00
2.443500000000000227e+01 6.568266159676404703e-01 9.791109542126568144e-01 1.199913300878896819e-03 3.748375587353535376e+00
2.444000000000000128e+01 6.563262384329910937e-01 9.790435595467508190e-01 1.197113289352876378e-03 4.159866455071782987e+00
2.444500000000000028e+01 6.574911516435916203e-01 9.789718565342733214e-01 1.194191058368087753e-03 4.564708267099376826e+00
2.444999999999999929e+01 6.582105449501708394e-01 9.788961589682401154e-01 1.191099946741340856e-03 4.956995874653392420e+00
2.445500000000000185e+01 6.584624174959899934e-01 9.788168374744967704e-01 1.187798176188476461e-03 5.330944603174659235e+00
2.446000000000000085e+01 6.583770440818961234e-01 9.787343154930635558e-01 1.184252421141051073e-03 5.681233879528083008e+00
2.446499999999999986e+01 6.578747838403573578e-01 9.786490625767307883e-01 1.180441151227413577e-03 6.003371969829444765e+00
2.446999999999999886e+01 6.580373767374831928e-01 9.785615836069936346e-01 1.176357286239410483e-03 6.294004279184024497e+00
2.447500000000000142e+01 6.587636294643343104e-01 9.784724062971013048e-01 1.172009743390957197e-03 6.551099581417153317e+00
2.448000000000000043e+01 6.590893836347628820e-01 9.783820670471771175e-01 1.167423584537337702e-03 6.774001309149038974e+00
2.448499999999999943e+01 6.590305037898815943e-01 9.782910972169832631e-01 1.162638744255717078e-03 6.963321880669516517e+00
2.449000000000000199e+01 6.585966708876697107e-01 9.782000111555644306e-01 1.157707565374498527e-03 7.120716667845306880e+00
2.449500000000000099e+01 6.582967772116518068e-01 9.781092966973189418e-01 1.152691564126608666e-03 7.248592400101417255e+00
2.450000000000000000e+01 6.589572807875416771e-01 9.780194091301976922e-01 1.147657933153660307e-03 7.349800301790907042e+00
2.450499999999999901e+01 6.594426405222362231e-01 9.779307683943222473e-01 1.142676231662169287e-03 7.427366607302751333e+00
2.451000000000000156e+01 6.595117283899520899e-01 9.778437586786056235e-01 1.137815585364426339e-03 7.484300185665217597e+00
2.451500000000000057e+01 6.592511668822341742e-01 9.777587303625925319e-01 1.133142547156758013e-03 7.523464197479787785e+00
2.451999999999999957e+01 6.586715574891121028e-01 9.776760026843411833e-01 1.128719611189942223e-03 7.547516686823955823e+00
2.452500000000000213e+01 6.584135053617204969e-01 9.775958667719243378e-01 1.124604297663273555e-03 7.558896928860703746e+00
2.453000000000000114e+01 6.589020909384265545e-01 9.775185885306134637e-01 1.120848683798323980e-03 7.559837561606022938e+00
2.453500000000000014e+01 6.590274293661182448e-01 9.774444111152280623e-01 1.117499253835100822e-03 7.552384117583184953e+00
2.453999999999999915e+01 6.587982956024476255e-01 9.773735569247619104e-01 1.114596943721796705e-03 7.538408383108041733e+00
2.454500000000000171e+01 6.582646822685156440e-01 9.773062290948644204e-01 1.112177263818471627e-03 7.519606876611851121e+00
2.455000000000000071e+01 6.578082993494176467e-01 9.772426125004991526e-01 1.110270408213135827e-03 7.497480644505771785e+00
2.455499999999999972e+01 6.588392662729117832e-01 9.771828744466174443e-01 1.108901295568014752e-03 7.473294319428489096e+00
2.456000000000000227e+01 6.598725537492685644e-01 9.771271645924316518e-01 1.108089531169114371e-03 7.448032893094997497e+00
2.456500000000000128e+01 6.605549503566808811e-01 9.770756151165819192e-01 1.107849312517372167e-03 7.422344759957159255e+00
2.457000000000000028e+01 6.608792579672014833e-01 9.770283404850281794e-01 1.108189304637467688e-03 7.396493479865938525e+00
2.457499999999999929e+01 6.609914042690769875e-01 9.769854372301128853e-01 1.109112533041290132e-03 7.370324605092596570e+00
2.458000000000000185e+01 6.607490666388846634e-01 9.769469838364170933e-01 1.110616331253125658e-03 7.343255624025505135e+00
2.458500000000000085e+01 6.601655995389622555e-01 9.769130408661563791e-01 1.112692370491106305e-03 7.314294539550310503e+00
2.458999999999999986e+01 6.609875732906235202e-01 9.768836512090303126e-01 1.115326790808376500e-03 7.282088676937156890e+00
2.459499999999999886e+01 6.621302783701348282e-01 9.768588407000128315e-01 1.118500435426330762e-03 7.244997948510343733e+00
2.460000000000000142e+01 6.630418452629941450e-01 9.768386187366029372e-01 1.122189184909248936e-03 7.201187604133020059e+00
2.460500000000000043e+01 6.636403803672297208e-01 9.768229794259492005e-01 1.126364367344433225e-03 7.148723463588499527e+00
2.460999999999999943e+01 6.638975847197942093e-01 9.768119023387606958e-01 1.130993235408142257e-03 7.085687513501094159e+00
2.461500000000000199e+01 6.638011016218611227e-01 9.768053534358780432e-01 1.136039486117473895e-03 7.010281034771897346e+00
2.462000000000000099e+01 6.634435807564729171e-01 9.768032855506898482e-01 1.141463813382326232e-03 6.920923081613443273e+00
2.462500000000000000e+01 6.629121714577835833e-01 9.768056388448935756e-01 1.147224489056866909e-03 6.816326605101104441e+00
2.462999999999999901e+01 6.641129219610818479e-01 9.768123408811922870e-01 1.153277960524986233e-03 6.695562469810458772e+00
2.463500000000000156e+01 6.651447184294301262e-01 9.768233064373201824e-01 1.159579443728628702e-03 6.558080717772345913e+00
2.464000000000000057e+01 6.659635228541198604e-01 9.768384378174072014e-01 1.166083523527278003e-03 6.403706688576296102e+00
2.464499999999999957e+01 6.665281047196998099e-01 9.768576257246353034e-01 1.172744754617155525e-03 6.232639381864943040e+00
2.465000000000000213e+01 6.669140947033022071e-01 9.768807490205049238e-01 1.179518227654879382e-03 6.045380354021758329e+00
2.465500000000000114e+01 6.669758174984503629e-01 9.769076757414110190e-01 1.186360109522719471e-03 5.842705481535473311e+00
2.466000000000000014e+01 6.666965880123979504e-01 9.769382636988914737e-01 1.193228139282975732e-03 5.625602513347045530e+00
2.466499999999999915e+01 6.661325391694505882e-01 9.769723613781103877e-01 1.200082062942120368e-03 5.395231188400984479e+00
2.467000000000000171e+01 6.688819937000387572e-01 9.770098088198804209e-01 1.206884000422142004e-03 5.152897591098613894e+00
2.467500000000000071e+01 6.767795445442201796e-01 9.770504385349437770e-01 1.213598737620516944e-03 4.900013837520712734e+00
2.467999999999999972e+01 6.843911343822848270e-01 9.770940764712618964e-01 1.220193938108467486e-03 4.638062398980341783e+00
2.468500000000000227e+01 6.915556779423429612e-01 9.771405430183445207e-01 1.226640273619471026e-03 4.368576898220277727e+00
2.469000000000000128e+01 6.982576662095913989e-01 9.771896537875729427e-01 1.232911479034458965e-03 4.093105627561451243e+00
2.469500000000000028e+01 7.045501407215580825e-01 9.772412204455167561e-01 1.238984334546573002e-03 3.813202363117277116e+00
2.469999999999999929e+01 7.103928183825460874e-01 9.772950518079619453e-01 1.244838584522390840e-03 3.530444556046085758e+00
2.470500000000000185e+01 7.159131912563718725e-01 9.773509543984818526e-01 1.250456804520207665e-03 3.246418476593257552e+00
2.471000000000000085e+01 7.210224407708110128e-01 9.774087336764496481e-01 1.255824210078383511e-03 2.962617743326720010e+00
2.471499999999999986e+01 7.256562847792101811e-01 9.774681947810046623e-01 1.260928425548693641e-03 2.680463666835897207e+00
2.471999999999999886e+01 7.298246234965787282e-01 9.775291434265909185e-01 1.265759231227690188e-03 2.401253824950981386e+00
2.472500000000000142e+01 7.336114227177933378e-01 9.775913865033216688e-01 1.270308313061568797e-03 2.126331145758054486e+00
2.473000000000000043e+01 7.369400047939697052e-01 9.776547333384155714e-01 1.274568991925671604e-03 1.856867248241915069e+00
2.473499999999999943e+01 7.400445908725006294e-01 9.777189962489214459e-01 1.278535982722268276e-03 1.593918136633504901e+00
2.474000000000000199e+01 7.427100709943326162e-01 9.777839911618434465e-01 1.282205168580519573e-03 1.338402977424469231e+00
2.474500000000000099e+01 7.449516274518520609e-01 9.778495382140999226e-01 1.285573397368304418e-03 1.091152752126953507e+00
2.475000000000000000e+01 7.468566055936790571e-01 9.779154622623646986e-01 1.288638308549038469e-03 8.528763755936447089e-01
2.475499999999999901e+01 7.483815064405753281e-01 9.779815930935691348e-01 1.291398188572049927e-03 6.241585916848986226e-01
2.476000000000000156e+01 7.496205971586582528e-01 9.780477655725740016e-01 1.293851872808970006e-03 4.055100338758845790e-01
2.476500000000000057e+01 7.506232614390994096e-01 9.781138198961505381e-01 1.295998683527230938e-03 1.973275627248046726e-01
2.476999999999999957e+01 7.513391719043841510e-01 9.781796014722825561e-01 1.297838411051565125e-03 -7.383918290541913176e-05
2.477500000000000213e+01 7.517397628608371019e-01 9.782449607231460398e-01 1.299371320473222948e-03 -1.864421416987354085e-01
2.478000000000000114e+01 7.518848582159053384e-01 9.783097528010036292e-01 1.300598187854766713e-03 -3.615953841609444441e-01
2.478500000000000014e+01 7.516935251080024694e-01 9.783738373783817943e-01 1.301520350131115094e-03 -5.253918251963142216e-01
2.478999999999999915e+01 7.513662878613082130e-01 9.784370781243298953e-01 1.302139787848981484e-03 -6.777293741234137192e-01
2.479500000000000171e+01 7.508460385031139328e-01 9.784993423099330734e-01 1.302459230210829735e-03 -8.185380030295537068e-01
2.480000000000000071e+01 7.501509282773892728e-01 9.785605002917340256e-01 1.302482272404652426e-03 -9.477655488102556536e-01
2.480499999999999972e+01 7.491822098722499268e-01 9.786204249100637353e-01 1.302213484199961141e-03 -1.065372517918855566e+00
2.481000000000000227e+01 7.479722892123832345e-01 9.786789909062256765e-01 1.301658514194644354e-03 -1.171324703217678120e+00
2.481500000000000128e+01 7.466143560971923998e-01 9.787360743670940888e-01 1.300824189817204827e-03 -1.265587198855402162e+00
2.482000000000000028e+01 7.450693647163593170e-01 9.787915521174699318e-01 1.299718613684310671e-03 -1.348119729444396286e+00
2.482499999999999929e+01 7.434867942888191417e-01 9.788453011379436575e-01 1.298351250032848915e-03 -1.418870275195231345e+00
2.483000000000000185e+01 7.416895957563881536e-01 9.788971980544809437e-01 1.296732992653540188e-03 -1.477769740887055372e+00
2.483500000000000085e+01 7.396794709499824316e-01 9.789471185780612705e-01 1.294876211183324660e-03 -1.524727134876770362e+00
2.483999999999999986e+01 7.375274294056829438e-01 9.789949371072607098e-01 1.292794772320740018e-03 -1.559622974126041228e+00
2.484499999999999886e+01 7.351390319747145297e-01 9.790405262958722377e-01 1.290504031628535988e-03 -1.582304972984858615e+00
2.485000000000000142e+01 7.326392916697600510e-01 9.790837566597765385e-01 1.288020792699513415e-03 -1.592584771681900602e+00
2.485500000000000043e+01 7.299923168428348319e-01 9.791244962592275947e-01 1.285363243942117678e-03 -1.590232194395111653e+00
2.485999999999999943e+01 7.272076644037499538e-01 9.791626104830256638e-01 1.282550860794597850e-03 -1.574965506139518689e+00
2.486500000000000199e+01 7.241870531848791925e-01 9.791979618666584173e-01 1.279604295843019077e-03 -1.546451252905986840e+00
2.487000000000000099e+01 7.209519366784032934e-01 9.792304100048317972e-01 1.276545251952167052e-03 -1.504298817945391775e+00
2.487500000000000000e+01 7.175232377055967836e-01 9.792598116685649057e-01 1.273396329197284006e-03 -1.448062855754499445e+00
2.487999999999999901e+01 7.138684575947369382e-01 9.792860209581965014e-01 1.270180829554343714e-03 -1.377231613852999637e+00
2.488500000000000156e+01 7.100837674199180771e-01 9.793088895706936192e-01 1.266922525101314180e-03 -1.291229375954273229e+00
2.489000000000000057e+01 7.060065839236403518e-01 9.793282674492503892e-01 1.263645401835380381e-03 -1.189403879871812508e+00
2.489499999999999957e+01 7.016995359566577939e-01 9.793440034560979557e-01 1.260373375349505345e-03 -1.071058708359028611e+00
2.490000000000000213e+01 6.970698525373376642e-01 9.793559462146190775e-01 1.257129965801170868e-03 -9.354647654801391266e-01
2.490500000000000114e+01 6.921038536757093684e-01 9.793639452172976378e-01 1.253937931636655298e-03 -7.818294323431587145e-01
2.491000000000000014e+01 6.868381641011562788e-01 9.793678521098482248e-01 1.250818864337473017e-03 -6.093559955870579969e-01
2.491499999999999915e+01 6.812663909492372438e-01 9.793675220771292933e-01 1.247792744704380582e-03 -4.172691505096086106e-01
2.492000000000000171e+01 6.753056551527966134e-01 9.793628156343564539e-01 1.244877450174381199e-03 -2.049135840872988723e-01
2.492500000000000071e+01 6.688794614950920314e-01 9.793536003572840265e-01 1.242088205705335711e-03 2.836490289039009238e-02
2.492999999999999972e+01 6.620312826260426053e-01 9.793397532352585699e-01 1.239436999863334065e-03 2.830657415294173251e-01
2.493500000000000227e+01 6.556544296030102359e-01 9.793211630549908397e-01 1.236931962332487927e-03 5.594406482303658779e-01
2.494000000000000128e+01 6.552174205517271588e-01 9.792977331684208364e-01 1.234576727935138415e-03 8.574590585090967609e-01
2.494500000000000028e+01 6.544424752381834409e-01 9.792693845194968549e-01 1.232369806395077969e-03 1.176715412314423670e+00
2.494999999999999929e+01 6.532447564286434361e-01 9.792360592832952682e-01 1.230303970603709900e-03 1.516385133083411718e+00
2.495500000000000185e+01 6.516751229935077161e-01 9.791977245439456023e-01 1.228365714446476515e-03 1.875121632335534194e+00
2.496000000000000085e+01 6.523144684256185766e-01 9.791543774103247388e-01 1.226534854517464645e-03 2.250938226528151898e+00
2.496499999999999986e+01 6.529247132027451439e-01 9.791060493388661357e-01 1.224784369964319842e-03 2.641143365239510654e+00
2.496999999999999886e+01 6.531256099825359929e-01 9.790528113000256383e-01 1.223080588255608808e-03 3.042303076168919151e+00
2.497500000000000142e+01 6.529989635635480294e-01 9.789947783856673968e-01 1.221383817591947633e-03 3.450246635974897114e+00
2.498000000000000043e+01 6.525590515597059493e-01 9.789321161996840104e-01 1.219649548401877028e-03 3.860149387004947474e+00
2.498499999999999943e+01 6.537321671763055564e-01 9.788650446060789267e-01 1.217830319929644233e-03 4.266598137363002863e+00
2.499000000000000199e+01 6.545007915787897090e-01 9.787938407902653237e-01 1.215878259993702880e-03 4.663771556999551038e+00
2.499500000000000099e+01 6.549157529626434826e-01 9.787188399298976105e-01 1.213748199481329846e-03 5.045765082354092712e+00
2.500000000000000000e+01 6.549843394489269777e-01 9.786404331583906657e-01 1.211401127673348860e-03 5.406934685036616450e+00
