INFO:hydrogym.data_manager:Detected solver profile 'FIREDRAKE' from local cache sentinel '.FIREDRAKE'
INFO:hydrogym.data_manager:Profile 'FIREDRAKE' has no required files defined yet, skipping validation
/usr/local/lib/python3.12/dist-packages/stable_baselines3/ppo/ppo.py:155: UserWarning: You have specified a mini-batch size of 64, but because the `RolloutBuffer` is of size `n_steps * n_envs = 200`, after every 3 untruncated mini-batches, there will be a truncated mini-batch of size 8
We recommend using a `batch_size` that is a factor of `n_steps * n_envs`.
Info: (n_steps=200 and n_envs=1)
  warnings.warn(
/usr/local/lib/python3.12/dist-packages/stable_baselines3/common/on_policy_algorithm.py:150: UserWarning: You are trying to run PPO on the GPU, but it is primarily intended to run on the CPU when not using a CNN policy (you are using ActorCriticPolicy which should be a MlpPolicy). See https://github.com/DLR-RM/stable-baselines3/issues/1245 for more info. You can pass `device='cpu'` or `export CUDA_VISIBLE_DEVICES=` to force using the CPU.Note: The model will train, but the GPU utilization will be poor and the training might take longer than on CPU.
  warnings.warn(
======================================================================
Training SB3 Agent on Firedrake Environment
======================================================================
Algorithm: PPO
Environment: cylinder
Total timesteps: 100000
======================================================================

Environment configuration:
  Flow: cylinder
  Reynolds: 100
  Mesh: medium
  dt: 0.01
  num_substeps: 1
  Observation type: lift_drag

Using cached environment: /root/.cache/hydrogym/Cylinder_2D_Re100_medium_FD
Environment created (Wrapped in Monitor, DummyVecEnv, VecNormalize):
  Observation space: Box(-inf, inf, (2,), float64)
  Action space: Box(-0.1, 0.1, (1,), float64)

Creating PPO model...
Using cuda device
✓ Model created

Log directory: /work/rl_logs/PPO_Firedrake_cylinder_20260922_225051

======================================================================
Starting training...
======================================================================

Logging to /work/rl_logs/PPO_Firedrake_cylinder_20260922_225051/PPO_run_1
----------------------------
| time/              |     |
|    fps             | 7   |
|    iterations      | 1   |
|    time_elapsed    | 28  |
|    total_timesteps | 200 |
----------------------------
------------------------------------------
| time/                   |              |
|    fps                  | 7            |
|    iterations           | 2            |
|    time_elapsed         | 56           |
|    total_timesteps      | 400          |
| train/                  |              |
|    approx_kl            | 0.0054878434 |
|    clip_fraction        | 0.0254       |
|    clip_range           | 0.2          |
|    entropy_loss         | -1.42        |
|    explained_variance   | 0.14         |
|    learning_rate        | 0.0003       |
|    loss                 | 0.251        |
|    n_updates            | 10           |
|    policy_gradient_loss | -0.00776     |
|    std                  | 0.998        |
|    value_loss           | 2.19         |
------------------------------------------
-------------------------------------------
| time/                   |               |
|    fps                  | 7             |
|    iterations           | 3             |
|    time_elapsed         | 83            |
|    total_timesteps      | 600           |
| train/                  |               |
|    approx_kl            | 0.00028707297 |
|    clip_fraction        | 0             |
|    clip_range           | 0.2           |
|    entropy_loss         | -1.41         |
|    explained_variance   | -0.947        |
|    learning_rate        | 0.0003        |
|    loss                 | -0.00764      |
|    n_updates            | 20            |
|    policy_gradient_loss | -0.000495     |
|    std                  | 0.993         |
|    value_loss           | 0.122         |
-------------------------------------------
----------------------------------------
| time/                   |            |
|    fps                  | 7          |
|    iterations           | 4          |
|    time_elapsed         | 111        |
|    total_timesteps      | 800        |
| train/                  |            |
|    approx_kl            | 0.00321192 |
|    clip_fraction        | 0.00547    |
|    clip_range           | 0.2        |
|    entropy_loss         | -1.41      |
|    explained_variance   | -0.686     |
|    learning_rate        | 0.0003     |
|    loss                 | 0.0269     |
|    n_updates            | 30         |
|    policy_gradient_loss | -0.00652   |
|    std                  | 0.993      |
|    value_loss           | 0.255      |
----------------------------------------
------------------------------------------
| time/                   |              |
|    fps                  | 7            |
|    iterations           | 5            |
|    time_elapsed         | 138          |
|    total_timesteps      | 1000         |
| train/                  |              |
|    approx_kl            | 0.0014200744 |
|    clip_fraction        | 0.000391     |
|    clip_range           | 0.2          |
|    entropy_loss         | -1.41        |
|    explained_variance   | -0.0686      |
|    learning_rate        | 0.0003       |
|    loss                 | 0.0218       |
|    n_updates            | 40           |
|    policy_gradient_loss | -0.00162     |
|    std                  | 0.995        |
|    value_loss           | 0.134        |
------------------------------------------
------------------------------------------
| time/                   |              |
|    fps                  | 7            |
|    iterations           | 6            |
|    time_elapsed         | 166          |
|    total_timesteps      | 1200         |
| train/                  |              |
|    approx_kl            | 0.0012799844 |
|    clip_fraction        | 0            |
|    clip_range           | 0.2          |
|    entropy_loss         | -1.41        |
|    explained_variance   | -1.49        |
|    learning_rate        | 0.0003       |
|    loss                 | -0.00167     |
|    n_updates            | 50           |
|    policy_gradient_loss | -0.000841    |
|    std                  | 0.996        |
|    value_loss           | 0.136        |
------------------------------------------
-------------------------------------------
| time/                   |               |
|    fps                  | 7             |
|    iterations           | 7             |
|    time_elapsed         | 193           |
|    total_timesteps      | 1400          |
| train/                  |               |
|    approx_kl            | 0.00016150554 |
|    clip_fraction        | 0             |
|    clip_range           | 0.2           |
|    entropy_loss         | -1.42         |
|    explained_variance   | 0.222         |
|    learning_rate        | 0.0003        |
|    loss                 | -0.00741      |
|    n_updates            | 60            |
|    policy_gradient_loss | -0.000664     |
|    std                  | 1             |
|    value_loss           | 0.205         |
-------------------------------------------
-------------------------------------------
| time/                   |               |
|    fps                  | 7             |
|    iterations           | 8             |
|    time_elapsed         | 221           |
|    total_timesteps      | 1600          |
| train/                  |               |
|    approx_kl            | 0.00091624353 |
|    clip_fraction        | 0.000781      |
|    clip_range           | 0.2           |
|    entropy_loss         | -1.43         |
|    explained_variance   | 0.698         |
|    learning_rate        | 0.0003        |
|    loss                 | -0.0214       |
|    n_updates            | 70            |
|    policy_gradient_loss | -0.00193      |
|    std                  | 1.01          |
|    value_loss           | 0.122         |
-------------------------------------------
-----------------------------------------
| time/                   |             |
|    fps                  | 7           |
|    iterations           | 9           |
|    time_elapsed         | 249         |
|    total_timesteps      | 1800        |
| train/                  |             |
|    approx_kl            | 0.004478814 |
|    clip_fraction        | 0.0082      |
|    clip_range           | 0.2         |
|    entropy_loss         | -1.43       |
|    explained_variance   | -0.0812     |
|    learning_rate        | 0.0003      |
|    loss                 | -0.00318    |
|    n_updates            | 80          |
|    policy_gradient_loss | -0.00244    |
|    std                  | 1.01        |
|    value_loss           | 0.139       |
-----------------------------------------
------------------------------------------
| time/                   |              |
|    fps                  | 7            |
|    iterations           | 10           |
|    time_elapsed         | 276          |
|    total_timesteps      | 2000         |
| train/                  |              |
|    approx_kl            | 0.0013998409 |
|    clip_fraction        | 0.000781     |
|    clip_range           | 0.2          |
|    entropy_loss         | -1.43        |
|    explained_variance   | -0.125       |
|    learning_rate        | 0.0003       |
|    loss                 | 0.00288      |
|    n_updates            | 90           |
|    policy_gradient_loss | -0.00192     |
|    std                  | 1            |
|    value_loss           | 0.118        |
------------------------------------------
-----------------------------------------
| time/                   |             |
|    fps                  | 7           |
|    iterations           | 11          |
|    time_elapsed         | 304         |
|    total_timesteps      | 2200        |
| train/                  |             |
|    approx_kl            | 0.005163295 |
|    clip_fraction        | 0.0156      |
|    clip_range           | 0.2         |
|    entropy_loss         | -1.42       |
|    explained_variance   | 0.613       |
|    learning_rate        | 0.0003      |
|    loss                 | 0.00771     |
|    n_updates            | 100         |
|    policy_gradient_loss | -0.00789    |
|    std                  | 0.999       |
|    value_loss           | 0.0966      |
-----------------------------------------
------------------------------------------
| time/                   |              |
|    fps                  | 7            |
|    iterations           | 12           |
|    time_elapsed         | 331          |
|    total_timesteps      | 2400         |
| train/                  |              |
|    approx_kl            | 0.0058447625 |
|    clip_fraction        | 0.0172       |
|    clip_range           | 0.2          |
|    entropy_loss         | -1.42        |
|    explained_variance   | 0.216        |
|    learning_rate        | 0.0003       |
|    loss                 | 0.0284       |
|    n_updates            | 110          |
|    policy_gradient_loss | -0.00749     |
|    std                  | 1            |
|    value_loss           | 0.112        |
------------------------------------------
-----------------------------------------
| time/                   |             |
|    fps                  | 7           |
|    iterations           | 13          |
|    time_elapsed         | 359         |
|    total_timesteps      | 2600        |
| train/                  |             |
|    approx_kl            | 0.007003342 |
|    clip_fraction        | 0.027       |
|    clip_range           | 0.2         |
|    entropy_loss         | -1.42       |
|    explained_variance   | -1.44       |
|    learning_rate        | 0.0003      |
|    loss                 | -0.00565    |
|    n_updates            | 120         |
|    policy_gradient_loss | -0.00308    |
|    std                  | 0.998       |
|    value_loss           | 0.0631      |
-----------------------------------------
-----------------------------------------
| time/                   |             |
|    fps                  | 7           |
|    iterations           | 14          |
|    time_elapsed         | 386         |
|    total_timesteps      | 2800        |
| train/                  |             |
|    approx_kl            | 0.013155574 |
|    clip_fraction        | 0.0836      |
|    clip_range           | 0.2         |
|    entropy_loss         | -1.41       |
|    explained_variance   | 0.445       |
|    learning_rate        | 0.0003      |
|    loss                 | 0.0282      |
|    n_updates            | 130         |
|    policy_gradient_loss | -0.00977    |
|    std                  | 0.997       |
|    value_loss           | 0.0709      |
-----------------------------------------
-----------------------------------------
| time/                   |             |
|    fps                  | 7           |
|    iterations           | 15          |
|    time_elapsed         | 414         |
|    total_timesteps      | 3000        |
| train/                  |             |
|    approx_kl            | 0.008684827 |
|    clip_fraction        | 0.0305      |
|    clip_range           | 0.2         |
|    entropy_loss         | -1.42       |
|    explained_variance   | -1.22       |
|    learning_rate        | 0.0003      |
|    loss                 | -0.0328     |
|    n_updates            | 140         |
|    policy_gradient_loss | -0.00512    |
|    std                  | 0.996       |
|    value_loss           | 0.0428      |
-----------------------------------------
-----------------------------------------
| time/                   |             |
|    fps                  | 7           |
|    iterations           | 16          |
|    time_elapsed         | 441         |
|    total_timesteps      | 3200        |
| train/                  |             |
|    approx_kl            | 0.013697073 |
|    clip_fraction        | 0.0852      |
|    clip_range           | 0.2         |
|    entropy_loss         | -1.41       |
|    explained_variance   | -0.45       |
|    learning_rate        | 0.0003      |
|    loss                 | 0.023       |
|    n_updates            | 150         |
|    policy_gradient_loss | -0.00868    |
|    std                  | 0.993       |
|    value_loss           | 0.0437      |
-----------------------------------------
-----------------------------------------
| time/                   |             |
|    fps                  | 7           |
|    iterations           | 17          |
|    time_elapsed         | 468         |
|    total_timesteps      | 3400        |
| train/                  |             |
|    approx_kl            | 0.005291542 |
|    clip_fraction        | 0.0348      |
|    clip_range           | 0.2         |
|    entropy_loss         | -1.41       |
|    explained_variance   | -0.503      |
|    learning_rate        | 0.0003      |
|    loss                 | 0.0187      |
|    n_updates            | 160         |
|    policy_gradient_loss | -0.00282    |
|    std                  | 0.983       |
|    value_loss           | 0.0223      |
-----------------------------------------
-----------------------------------------
| time/                   |             |
|    fps                  | 7           |
|    iterations           | 18          |
|    time_elapsed         | 496         |
|    total_timesteps      | 3600        |
| train/                  |             |
|    approx_kl            | 0.010077322 |
|    clip_fraction        | 0.0922      |
|    clip_range           | 0.2         |
|    entropy_loss         | -1.4        |
|    explained_variance   | -1.05       |
|    learning_rate        | 0.0003      |
|    loss                 | 0.0176      |
|    n_updates            | 170         |
|    policy_gradient_loss | -0.0086     |
|    std                  | 0.972       |
|    value_loss           | 0.0206      |
-----------------------------------------
----------------------------------------
| time/                   |            |
|    fps                  | 7          |
|    iterations           | 19         |
|    time_elapsed         | 523        |
|    total_timesteps      | 3800       |
| train/                  |            |
|    approx_kl            | 0.00729991 |
|    clip_fraction        | 0.115      |
|    clip_range           | 0.2        |
|    entropy_loss         | -1.39      |
|    explained_variance   | 0.515      |
|    learning_rate        | 0.0003     |
|    loss                 | 0.0415     |
|    n_updates            | 180        |
|    policy_gradient_loss | -0.0142    |
|    std                  | 0.965      |
|    value_loss           | 0.0097     |
----------------------------------------
------------------------------------------
| time/                   |              |
|    fps                  | 7            |
|    iterations           | 20           |
|    time_elapsed         | 550          |
|    total_timesteps      | 4000         |
| train/                  |              |
|    approx_kl            | 0.0022698794 |
|    clip_fraction        | 0.00547      |
|    clip_range           | 0.2          |
|    entropy_loss         | -1.38        |
|    explained_variance   | -0.239       |
|    learning_rate        | 0.0003       |
|    loss                 | 0.0554       |
|    n_updates            | 190          |
|    policy_gradient_loss | 0.000336     |
|    std                  | 0.957        |
|    value_loss           | 0.0068       |
------------------------------------------
-----------------------------------------
| time/                   |             |
|    fps                  | 7           |
|    iterations           | 21          |
|    time_elapsed         | 577         |
|    total_timesteps      | 4200        |
| train/                  |             |
|    approx_kl            | 0.008620575 |
|    clip_fraction        | 0.16        |
|    clip_range           | 0.2         |
|    entropy_loss         | -1.37       |
|    explained_variance   | -0.676      |
|    learning_rate        | 0.0003      |
|    loss                 | -0.0596     |
|    n_updates            | 200         |
|    policy_gradient_loss | -0.0229     |
|    std                  | 0.95        |
|    value_loss           | 0.00874     |
-----------------------------------------
-----------------------------------------
| time/                   |             |
|    fps                  | 7           |
|    iterations           | 22          |
|    time_elapsed         | 603         |
|    total_timesteps      | 4400        |
| train/                  |             |
|    approx_kl            | 0.010465106 |
|    clip_fraction        | 0.149       |
|    clip_range           | 0.2         |
|    entropy_loss         | -1.36       |
|    explained_variance   | 0.426       |
|    learning_rate        | 0.0003      |
|    loss                 | -0.00373    |
|    n_updates            | 210         |
|    policy_gradient_loss | -0.0202     |
|    std                  | 0.943       |
|    value_loss           | 0.00472     |
-----------------------------------------
-----------------------------------------
| time/                   |             |
|    fps                  | 7           |
|    iterations           | 23          |
|    time_elapsed         | 631         |
|    total_timesteps      | 4600        |
| train/                  |             |
|    approx_kl            | 0.010232849 |
|    clip_fraction        | 0.147       |
|    clip_range           | 0.2         |
|    entropy_loss         | -1.36       |
|    explained_variance   | -1.16       |
|    learning_rate        | 0.0003      |
|    loss                 | 0.0375      |
|    n_updates            | 220         |
|    policy_gradient_loss | -0.0108     |
|    std                  | 0.938       |
|    value_loss           | 0.0037      |
-----------------------------------------
-----------------------------------------
| time/                   |             |
|    fps                  | 7           |
|    iterations           | 24          |
|    time_elapsed         | 657         |
|    total_timesteps      | 4800        |
| train/                  |             |
|    approx_kl            | 0.009494108 |
|    clip_fraction        | 0.0371      |
|    clip_range           | 0.2         |
|    entropy_loss         | -1.35       |
|    explained_variance   | 0.0932      |
|    learning_rate        | 0.0003      |
|    loss                 | 0.0155      |
|    n_updates            | 230         |
|    policy_gradient_loss | -0.00236    |
|    std                  | 0.925       |
|    value_loss           | 0.00322     |
-----------------------------------------
-----------------------------------------
| time/                   |             |
|    fps                  | 7           |
|    iterations           | 25          |
|    time_elapsed         | 684         |
|    total_timesteps      | 5000        |
| train/                  |             |
|    approx_kl            | 0.006141776 |
|    clip_fraction        | 0.0688      |
|    clip_range           | 0.2         |
|    entropy_loss         | -1.34       |
|    explained_variance   | -1.02       |
|    learning_rate        | 0.0003      |
|    loss                 | 0.0123      |
|    n_updates            | 240         |
|    policy_gradient_loss | -0.00924    |
|    std                  | 0.923       |
|    value_loss           | 0.00352     |
-----------------------------------------
----------------------------------------
| rollout/                |            |
|    ep_len_mean          | 5e+03      |
|    ep_rew_mean          | -65.3      |
| time/                   |            |
|    fps                  | 7          |
|    iterations           | 26         |
|    time_elapsed         | 711        |
|    total_timesteps      | 5200       |
| train/                  |            |
|    approx_kl            | 0.01314547 |
|    clip_fraction        | 0.0215     |
|    clip_range           | 0.2        |
|    entropy_loss         | -1.34      |
|    explained_variance   | -0.612     |
|    learning_rate        | 0.0003     |
|    loss                 | -0.0539    |
|    n_updates            | 250        |
|    policy_gradient_loss | -0.0116    |
|    std                  | 0.919      |
|    value_loss           | 0.00173    |
----------------------------------------
-----------------------------------------
| rollout/                |             |
|    ep_len_mean          | 5e+03       |
|    ep_rew_mean          | -65.3       |
| time/                   |             |
|    fps                  | 7           |
|    iterations           | 27          |
|    time_elapsed         | 736         |
|    total_timesteps      | 5400        |
| train/                  |             |
|    approx_kl            | 0.004996592 |
|    clip_fraction        | 0.0758      |
|    clip_range           | 0.2         |
|    entropy_loss         | -1.33       |
|    explained_variance   | 0.777       |
|    learning_rate        | 0.0003      |
|    loss                 | -0.0335     |
|    n_updates            | 260         |
|    policy_gradient_loss | -0.00228    |
|    std                  | 0.92        |
|    value_loss           | 0.00404     |
-----------------------------------------
-----------------------------------------
| rollout/                |             |
|    ep_len_mean          | 5e+03       |
|    ep_rew_mean          | -65.3       |
| time/                   |             |
|    fps                  | 7           |
|    iterations           | 28          |
|    time_elapsed         | 762         |
|    total_timesteps      | 5600        |
| train/                  |             |
|    approx_kl            | 0.009040516 |
|    clip_fraction        | 0.107       |
|    clip_range           | 0.2         |
|    entropy_loss         | -1.33       |
|    explained_variance   | 0.229       |
|    learning_rate        | 0.0003      |
|    loss                 | -0.038      |
|    n_updates            | 270         |
|    policy_gradient_loss | -0.00368    |
|    std                  | 0.918       |
|    value_loss           | 0.00701     |
-----------------------------------------
-----------------------------------------
| rollout/                |             |
|    ep_len_mean          | 5e+03       |
|    ep_rew_mean          | -65.3       |
| time/                   |             |
|    fps                  | 7           |
|    iterations           | 29          |
|    time_elapsed         | 788         |
|    total_timesteps      | 5800        |
| train/                  |             |
|    approx_kl            | 0.008011905 |
|    clip_fraction        | 0.0297      |
|    clip_range           | 0.2         |
|    entropy_loss         | -1.33       |
|    explained_variance   | -0.0482     |
|    learning_rate        | 0.0003      |
|    loss                 | -0.0507     |
|    n_updates            | 280         |
|    policy_gradient_loss | -0.00344    |
|    std                  | 0.916       |
|    value_loss           | 0.00296     |
-----------------------------------------
-----------------------------------------
| rollout/                |             |
|    ep_len_mean          | 5e+03       |
|    ep_rew_mean          | -65.3       |
| time/                   |             |
|    fps                  | 7           |
|    iterations           | 30          |
|    time_elapsed         | 815         |
|    total_timesteps      | 6000        |
| train/                  |             |
|    approx_kl            | 0.003300652 |
|    clip_fraction        | 0.0512      |
|    clip_range           | 0.2         |
|    entropy_loss         | -1.33       |
|    explained_variance   | -0.512      |
|    learning_rate        | 0.0003      |
|    loss                 | -0.012      |
|    n_updates            | 290         |
|    policy_gradient_loss | -0.00465    |
|    std                  | 0.917       |
|    value_loss           | 0.00272     |
-----------------------------------------
-----------------------------------------
| rollout/                |             |
|    ep_len_mean          | 5e+03       |
|    ep_rew_mean          | -65.3       |
| time/                   |             |
|    fps                  | 7           |
|    iterations           | 31          |
|    time_elapsed         | 842         |
|    total_timesteps      | 6200        |
| train/                  |             |
|    approx_kl            | 0.004877013 |
|    clip_fraction        | 0.0574      |
|    clip_range           | 0.2         |
|    entropy_loss         | -1.33       |
|    explained_variance   | -1.36       |
|    learning_rate        | 0.0003      |
|    loss                 | -0.00671    |
|    n_updates            | 300         |
|    policy_gradient_loss | -0.00636    |
|    std                  | 0.916       |
|    value_loss           | 0.00251     |
-----------------------------------------
-----------------------------------------
| rollout/                |             |
|    ep_len_mean          | 5e+03       |
|    ep_rew_mean          | -65.3       |
| time/                   |             |
|    fps                  | 7           |
|    iterations           | 32          |
|    time_elapsed         | 868         |
|    total_timesteps      | 6400        |
| train/                  |             |
|    approx_kl            | 0.008754557 |
|    clip_fraction        | 0.0297      |
|    clip_range           | 0.2         |
|    entropy_loss         | -1.33       |
|    explained_variance   | -1.03       |
|    learning_rate        | 0.0003      |
|    loss                 | 0.0248      |
|    n_updates            | 310         |
|    policy_gradient_loss | -0.00537    |
|    std                  | 0.915       |
|    value_loss           | 0.00154     |
-----------------------------------------
-----------------------------------------
| rollout/                |             |
|    ep_len_mean          | 5e+03       |
|    ep_rew_mean          | -65.3       |
| time/                   |             |
|    fps                  | 7           |
|    iterations           | 33          |
|    time_elapsed         | 894         |
|    total_timesteps      | 6600        |
| train/                  |             |
|    approx_kl            | 0.008482529 |
|    clip_fraction        | 0.059       |
|    clip_range           | 0.2         |
|    entropy_loss         | -1.33       |
|    explained_variance   | 0.145       |
|    learning_rate        | 0.0003      |
|    loss                 | -0.0362     |
|    n_updates            | 320         |
|    policy_gradient_loss | -0.0132     |
|    std                  | 0.913       |
|    value_loss           | 0.00113     |
-----------------------------------------
------------------------------------------
| rollout/                |              |
|    ep_len_mean          | 5e+03        |
|    ep_rew_mean          | -65.3        |
| time/                   |              |
|    fps                  | 7            |
|    iterations           | 34           |
|    time_elapsed         | 919          |
|    total_timesteps      | 6800         |
| train/                  |              |
|    approx_kl            | 0.0087653585 |
|    clip_fraction        | 0.0242       |
|    clip_range           | 0.2          |
|    entropy_loss         | -1.33        |
|    explained_variance   | -1.06        |
|    learning_rate        | 0.0003       |
|    loss                 | -0.0295      |
|    n_updates            | 330          |
|    policy_gradient_loss | -0.00258     |
|    std                  | 0.916        |
|    value_loss           | 0.00121      |
------------------------------------------
-------------------------------------------
| rollout/                |               |
|    ep_len_mean          | 5e+03         |
|    ep_rew_mean          | -65.3         |
| time/                   |               |
|    fps                  | 7             |
|    iterations           | 35            |
|    time_elapsed         | 945           |
|    total_timesteps      | 7000          |
| train/                  |               |
|    approx_kl            | 5.4555712e-05 |
|    clip_fraction        | 0             |
|    clip_range           | 0.2           |
|    entropy_loss         | -1.33         |
|    explained_variance   | 0.128         |
|    learning_rate        | 0.0003        |
|    loss                 | -0.00132      |
|    n_updates            | 340           |
|    policy_gradient_loss | -9.98e-05     |
|    std                  | 0.911         |
|    value_loss           | 0.000444      |
-------------------------------------------
-----------------------------------------
| rollout/                |             |
|    ep_len_mean          | 5e+03       |
|    ep_rew_mean          | -65.3       |
| time/                   |             |
|    fps                  | 7           |
|    iterations           | 36          |
|    time_elapsed         | 970         |
|    total_timesteps      | 7200        |
| train/                  |             |
|    approx_kl            | 0.005985506 |
|    clip_fraction        | 0.0379      |
|    clip_range           | 0.2         |
|    entropy_loss         | -1.32       |
|    explained_variance   | -1.18       |
|    learning_rate        | 0.0003      |
|    loss                 | 0.0402      |
|    n_updates            | 350         |
|    policy_gradient_loss | -0.00616    |
|    std                  | 0.91        |
|    value_loss           | 0.000574    |
-----------------------------------------
------------------------------------------
| rollout/                |              |
|    ep_len_mean          | 5e+03        |
|    ep_rew_mean          | -65.3        |
| time/                   |              |
|    fps                  | 7            |
|    iterations           | 37           |
|    time_elapsed         | 997          |
|    total_timesteps      | 7400         |
| train/                  |              |
|    approx_kl            | 0.0061985105 |
|    clip_fraction        | 0.0492       |
|    clip_range           | 0.2          |
|    entropy_loss         | -1.32        |
|    explained_variance   | -0.74        |
|    learning_rate        | 0.0003       |
|    loss                 | 0.026        |
|    n_updates            | 360          |
|    policy_gradient_loss | -0.00571     |
|    std                  | 0.906        |
|    value_loss           | 0.000231     |
------------------------------------------
------------------------------------------
| rollout/                |              |
|    ep_len_mean          | 5e+03        |
|    ep_rew_mean          | -65.3        |
| time/                   |              |
|    fps                  | 7            |
|    iterations           | 38           |
|    time_elapsed         | 1022         |
|    total_timesteps      | 7600         |
| train/                  |              |
|    approx_kl            | 0.0046907617 |
|    clip_fraction        | 0.0195       |
|    clip_range           | 0.2          |
|    entropy_loss         | -1.32        |
|    explained_variance   | -0.881       |
|    learning_rate        | 0.0003       |
|    loss                 | -0.0097      |
|    n_updates            | 370          |
|    policy_gradient_loss | -0.00605     |
|    std                  | 0.899        |
|    value_loss           | 0.000513     |
------------------------------------------
-----------------------------------------
| rollout/                |             |
|    ep_len_mean          | 5e+03       |
|    ep_rew_mean          | -65.3       |
| time/                   |             |
|    fps                  | 7           |
|    iterations           | 39          |
|    time_elapsed         | 1048        |
|    total_timesteps      | 7800        |
| train/                  |             |
|    approx_kl            | 0.002045439 |
|    clip_fraction        | 0.0242      |
|    clip_range           | 0.2         |
|    entropy_loss         | -1.31       |
|    explained_variance   | -1.76       |
|    learning_rate        | 0.0003      |
|    loss                 | 0.0133      |
|    n_updates            | 380         |
|    policy_gradient_loss | -0.00399    |
|    std                  | 0.895       |
|    value_loss           | 0.000311    |
-----------------------------------------
-------------------------------------------
| rollout/                |               |
|    ep_len_mean          | 5e+03         |
|    ep_rew_mean          | -65.3         |
| time/                   |               |
|    fps                  | 7             |
|    iterations           | 40            |
|    time_elapsed         | 1073          |
|    total_timesteps      | 8000          |
| train/                  |               |
|    approx_kl            | 0.00014323508 |
|    clip_fraction        | 0             |
|    clip_range           | 0.2           |
|    entropy_loss         | -1.3          |
|    explained_variance   | 0.291         |
|    learning_rate        | 0.0003        |
|    loss                 | 0.00514       |
|    n_updates            | 390           |
|    policy_gradient_loss | -0.000188     |
|    std                  | 0.885         |
|    value_loss           | 3.96e-05      |
-------------------------------------------
-----------------------------------------
| rollout/                |             |
|    ep_len_mean          | 5e+03       |
|    ep_rew_mean          | -65.3       |
| time/                   |             |
|    fps                  | 7           |
|    iterations           | 41          |
|    time_elapsed         | 1099        |
|    total_timesteps      | 8200        |
| train/                  |             |
|    approx_kl            | 0.002194449 |
|    clip_fraction        | 0.00234     |
|    clip_range           | 0.2         |
|    entropy_loss         | -1.29       |
|    explained_variance   | -2.54       |
|    learning_rate        | 0.0003      |
|    loss                 | -0.0182     |
|    n_updates            | 400         |
|    policy_gradient_loss | -0.00556    |
|    std                  | 0.881       |
|    value_loss           | 0.000249    |
-----------------------------------------
------------------------------------------
| rollout/                |              |
|    ep_len_mean          | 5e+03        |
|    ep_rew_mean          | -65.3        |
| time/                   |              |
|    fps                  | 7            |
|    iterations           | 42           |
|    time_elapsed         | 1124         |
|    total_timesteps      | 8400         |
| train/                  |              |
|    approx_kl            | 0.0044899667 |
|    clip_fraction        | 0.00977      |
|    clip_range           | 0.2          |
|    entropy_loss         | -1.29        |
|    explained_variance   | -1.52        |
|    learning_rate        | 0.0003       |
|    loss                 | -0.00345     |
|    n_updates            | 410          |
|    policy_gradient_loss | -0.00165     |
|    std                  | 0.882        |
|    value_loss           | 0.00026      |
------------------------------------------
-----------------------------------------
| rollout/                |             |
|    ep_len_mean          | 5e+03       |
|    ep_rew_mean          | -65.3       |
| time/                   |             |
|    fps                  | 7           |
|    iterations           | 43          |
|    time_elapsed         | 1150        |
|    total_timesteps      | 8600        |
| train/                  |             |
|    approx_kl            | 0.003844323 |
|    clip_fraction        | 0.00547     |
|    clip_range           | 0.2         |
|    entropy_loss         | -1.29       |
|    explained_variance   | -1.99       |
|    learning_rate        | 0.0003      |
|    loss                 | -0.00214    |
|    n_updates            | 420         |
|    policy_gradient_loss | -0.00817    |
|    std                  | 0.875       |
|    value_loss           | 0.000382    |
-----------------------------------------
------------------------------------------
| rollout/                |              |
|    ep_len_mean          | 5e+03        |
|    ep_rew_mean          | -65.3        |
| time/                   |              |
|    fps                  | 7            |
|    iterations           | 44           |
|    time_elapsed         | 1175         |
|    total_timesteps      | 8800         |
| train/                  |              |
|    approx_kl            | 0.0019923765 |
|    clip_fraction        | 0.00781      |
|    clip_range           | 0.2          |
|    entropy_loss         | -1.28        |
|    explained_variance   | -1.85        |
|    learning_rate        | 0.0003       |
|    loss                 | -0.00356     |
|    n_updates            | 430          |
|    policy_gradient_loss | -0.00523     |
|    std                  | 0.867        |
|    value_loss           | 0.000556     |
------------------------------------------
-----------------------------------------
| rollout/                |             |
|    ep_len_mean          | 5e+03       |
|    ep_rew_mean          | -65.3       |
| time/                   |             |
|    fps                  | 7           |
|    iterations           | 45          |
|    time_elapsed         | 1200        |
|    total_timesteps      | 9000        |
| train/                  |             |
|    approx_kl            | 0.005728962 |
|    clip_fraction        | 0.0633      |
|    clip_range           | 0.2         |
|    entropy_loss         | -1.27       |
|    explained_variance   | -0.413      |
|    learning_rate        | 0.0003      |
|    loss                 | -0.00604    |
|    n_updates            | 440         |
|    policy_gradient_loss | -0.00358    |
|    std                  | 0.864       |
|    value_loss           | 0.000449    |
-----------------------------------------
------------------------------------------
| rollout/                |              |
|    ep_len_mean          | 5e+03        |
|    ep_rew_mean          | -65.3        |
| time/                   |              |
|    fps                  | 7            |
|    iterations           | 46           |
|    time_elapsed         | 1225         |
|    total_timesteps      | 9200         |
| train/                  |              |
|    approx_kl            | 0.0035557915 |
|    clip_fraction        | 0.0566       |
|    clip_range           | 0.2          |
|    entropy_loss         | -1.27        |
|    explained_variance   | -1.31        |
|    learning_rate        | 0.0003       |
|    loss                 | -0.0157      |
|    n_updates            | 450          |
|    policy_gradient_loss | -0.000635    |
|    std                  | 0.863        |
|    value_loss           | 4.33e-05     |
------------------------------------------
-------------------------------------------
| rollout/                |               |
|    ep_len_mean          | 5e+03         |
|    ep_rew_mean          | -65.3         |
| time/                   |               |
|    fps                  | 7             |
|    iterations           | 47            |
|    time_elapsed         | 1250          |
|    total_timesteps      | 9400          |
| train/                  |               |
|    approx_kl            | 0.00061593833 |
|    clip_fraction        | 0             |
|    clip_range           | 0.2           |
|    entropy_loss         | -1.27         |
|    explained_variance   | -1.48         |
|    learning_rate        | 0.0003        |
|    loss                 | -0.0201       |
|    n_updates            | 460           |
|    policy_gradient_loss | -0.000421     |
|    std                  | 0.861         |
|    value_loss           | 0.000156      |
-------------------------------------------
-----------------------------------------
| rollout/                |             |
|    ep_len_mean          | 5e+03       |
|    ep_rew_mean          | -65.3       |
| time/                   |             |
|    fps                  | 7           |
|    iterations           | 48          |
|    time_elapsed         | 1276        |
|    total_timesteps      | 9600        |
| train/                  |             |
|    approx_kl            | 0.007979652 |
|    clip_fraction        | 0.0617      |
|    clip_range           | 0.2         |
|    entropy_loss         | -1.27       |
|    explained_variance   | -0.00535    |
|    learning_rate        | 0.0003      |
|    loss                 | 0.00242     |
|    n_updates            | 470         |
|    policy_gradient_loss | -0.00565    |
|    std                  | 0.856       |
|    value_loss           | 4.13e-05    |
-----------------------------------------
------------------------------------------
| rollout/                |              |
|    ep_len_mean          | 5e+03        |
|    ep_rew_mean          | -65.3        |
| time/                   |              |
|    fps                  | 7            |
|    iterations           | 49           |
|    time_elapsed         | 1301         |
|    total_timesteps      | 9800         |
| train/                  |              |
|    approx_kl            | 0.0053114006 |
|    clip_fraction        | 0.0219       |
|    clip_range           | 0.2          |
|    entropy_loss         | -1.26        |
|    explained_variance   | -0.493       |
|    learning_rate        | 0.0003       |
|    loss                 | -0.0433      |
|    n_updates            | 480          |
|    policy_gradient_loss | -0.0104      |
|    std                  | 0.855        |
|    value_loss           | 0.00174      |
------------------------------------------
------------------------------------------
| rollout/                |              |
|    ep_len_mean          | 5e+03        |
|    ep_rew_mean          | -65.3        |
| time/                   |              |
|    fps                  | 7            |
|    iterations           | 50           |
|    time_elapsed         | 1327         |
|    total_timesteps      | 10000        |
| train/                  |              |
|    approx_kl            | 0.0045394264 |
|    clip_fraction        | 0.0734       |
|    clip_range           | 0.2          |
|    entropy_loss         | -1.26        |
|    explained_variance   | -0.156       |
|    learning_rate        | 0.0003       |
|    loss                 | -0.0266      |
|    n_updates            | 490          |
|    policy_gradient_loss | -0.01        |
|    std                  | 0.854        |
|    value_loss           | 8.25e-05     |
------------------------------------------
-----------------------------------------
| rollout/                |             |
|    ep_len_mean          | 5e+03       |
|    ep_rew_mean          | -59         |
| time/                   |             |
|    fps                  | 7           |
|    iterations           | 51          |
|    time_elapsed         | 1354        |
|    total_timesteps      | 10200       |
| train/                  |             |
|    approx_kl            | 0.003891756 |
|    clip_fraction        | 0.00703     |
|    clip_range           | 0.2         |
|    entropy_loss         | -1.26       |
|    explained_variance   | -1.69       |
|    learning_rate        | 0.0003      |
|    loss                 | 0.00591     |
|    n_updates            | 500         |
|    policy_gradient_loss | -0.00325    |
|    std                  | 0.85        |
|    value_loss           | 0.000921    |
-----------------------------------------
-----------------------------------------
| rollout/                |             |
|    ep_len_mean          | 5e+03       |
|    ep_rew_mean          | -59         |
| time/                   |             |
|    fps                  | 7           |
|    iterations           | 52          |
|    time_elapsed         | 1380        |
|    total_timesteps      | 10400       |
| train/                  |             |
|    approx_kl            | 0.008131327 |
|    clip_fraction        | 0.0277      |
|    clip_range           | 0.2         |
|    entropy_loss         | -1.26       |
|    explained_variance   | 0.834       |
|    learning_rate        | 0.0003      |
|    loss                 | -0.0253     |
|    n_updates            | 510         |
|    policy_gradient_loss | -0.00975    |
|    std                  | 0.849       |
|    value_loss           | 0.00816     |
-----------------------------------------
------------------------------------------
| rollout/                |              |
|    ep_len_mean          | 5e+03        |
|    ep_rew_mean          | -59          |
| time/                   |              |
|    fps                  | 7            |
|    iterations           | 53           |
|    time_elapsed         | 1406         |
|    total_timesteps      | 10600        |
| train/                  |              |
|    approx_kl            | 0.0056437077 |
|    clip_fraction        | 0.0109       |
|    clip_range           | 0.2          |
|    entropy_loss         | -1.25        |
|    explained_variance   | -0.0865      |
|    learning_rate        | 0.0003       |
|    loss                 | -0.0138      |
|    n_updates            | 520          |
|    policy_gradient_loss | -0.000869    |
|    std                  | 0.844        |
|    value_loss           | 0.00345      |
------------------------------------------
-----------------------------------------
| rollout/                |             |
|    ep_len_mean          | 5e+03       |
|    ep_rew_mean          | -59         |
| time/                   |             |
|    fps                  | 7           |
|    iterations           | 54          |
|    time_elapsed         | 1432        |
|    total_timesteps      | 10800       |
| train/                  |             |
|    approx_kl            | 0.011592103 |
|    clip_fraction        | 0.171       |
|    clip_range           | 0.2         |
|    entropy_loss         | -1.25       |
|    explained_variance   | -0.219      |
|    learning_rate        | 0.0003      |
|    loss                 | -0.0456     |
|    n_updates            | 530         |
|    policy_gradient_loss | -0.0203     |
|    std                  | 0.846       |
|    value_loss           | 0.00634     |
-----------------------------------------
-----------------------------------------
| rollout/                |             |
|    ep_len_mean          | 5e+03       |
|    ep_rew_mean          | -59         |
| time/                   |             |
|    fps                  | 7           |
|    iterations           | 55          |
|    time_elapsed         | 1457        |
|    total_timesteps      | 11000       |
| train/                  |             |
|    approx_kl            | 0.003002686 |
|    clip_fraction        | 0.00898     |
|    clip_range           | 0.2         |
|    entropy_loss         | -1.25       |
|    explained_variance   | 0.865       |
|    learning_rate        | 0.0003      |
|    loss                 | 0.0391      |
|    n_updates            | 540         |
|    policy_gradient_loss | 0.00146     |
|    std                  | 0.847       |
|    value_loss           | 0.000241    |
-----------------------------------------
------------------------------------------
| rollout/                |              |
|    ep_len_mean          | 5e+03        |
|    ep_rew_mean          | -59          |
| time/                   |              |
|    fps                  | 7            |
|    iterations           | 56           |
|    time_elapsed         | 1482         |
|    total_timesteps      | 11200        |
| train/                  |              |
|    approx_kl            | 0.0036097988 |
|    clip_fraction        | 0.032        |
|    clip_range           | 0.2          |
|    entropy_loss         | -1.25        |
|    explained_variance   | 0.379        |
|    learning_rate        | 0.0003       |
|    loss                 | 0.0168       |
|    n_updates            | 550          |
|    policy_gradient_loss | -0.00151     |
|    std                  | 0.842        |
|    value_loss           | 8.98e-05     |
------------------------------------------
------------------------------------------
| rollout/                |              |
|    ep_len_mean          | 5e+03        |
|    ep_rew_mean          | -59          |
| time/                   |              |
|    fps                  | 7            |
|    iterations           | 57           |
|    time_elapsed         | 1507         |
|    total_timesteps      | 11400        |
| train/                  |              |
|    approx_kl            | 0.0006761551 |
|    clip_fraction        | 0            |
|    clip_range           | 0.2          |
|    entropy_loss         | -1.25        |
|    explained_variance   | 0.065        |
|    learning_rate        | 0.0003       |
|    loss                 | 0.0167       |
|    n_updates            | 560          |
|    policy_gradient_loss | -0.000771    |
|    std                  | 0.838        |
|    value_loss           | 0.000125     |
------------------------------------------
-------------------------------------------
| rollout/                |               |
|    ep_len_mean          | 5e+03         |
|    ep_rew_mean          | -59           |
| time/                   |               |
|    fps                  | 7             |
|    iterations           | 58            |
|    time_elapsed         | 1532          |
|    total_timesteps      | 11600         |
| train/                  |               |
|    approx_kl            | 0.00045756344 |
|    clip_fraction        | 0.00234       |
|    clip_range           | 0.2           |
|    entropy_loss         | -1.24         |
|    explained_variance   | -0.299        |
|    learning_rate        | 0.0003        |
|    loss                 | 0.0023        |
|    n_updates            | 570           |
|    policy_gradient_loss | -0.00407      |
|    std                  | 0.834         |
|    value_loss           | 0.000603      |
-------------------------------------------
-----------------------------------------
| rollout/                |             |
|    ep_len_mean          | 5e+03       |
|    ep_rew_mean          | -59         |
| time/                   |             |
|    fps                  | 7           |
|    iterations           | 59          |
|    time_elapsed         | 1557        |
|    total_timesteps      | 11800       |
| train/                  |             |
|    approx_kl            | 0.004927787 |
|    clip_fraction        | 0.0387      |
|    clip_range           | 0.2         |
|    entropy_loss         | -1.24       |
|    explained_variance   | 0.248       |
|    learning_rate        | 0.0003      |
|    loss                 | -0.0013     |
|    n_updates            | 580         |
|    policy_gradient_loss | -0.00174    |
|    std                  | 0.832       |
|    value_loss           | 5.42e-05    |
-----------------------------------------
------------------------------------------
| rollout/                |              |
|    ep_len_mean          | 5e+03        |
|    ep_rew_mean          | -59          |
| time/                   |              |
|    fps                  | 7            |
|    iterations           | 60           |
|    time_elapsed         | 1583         |
|    total_timesteps      | 12000        |
| train/                  |              |
|    approx_kl            | 0.0052331705 |
|    clip_fraction        | 0.0758       |
|    clip_range           | 0.2          |
|    entropy_loss         | -1.23        |
|    explained_variance   | -4.52        |
|    learning_rate        | 0.0003       |
|    loss                 | -0.0311      |
|    n_updates            | 590          |
|    policy_gradient_loss | -0.00661     |
|    std                  | 0.83         |
|    value_loss           | 0.000188     |
------------------------------------------
-----------------------------------------
| rollout/                |             |
|    ep_len_mean          | 5e+03       |
|    ep_rew_mean          | -59         |
| time/                   |             |
|    fps                  | 7           |
|    iterations           | 61          |
|    time_elapsed         | 1609        |
|    total_timesteps      | 12200       |
| train/                  |             |
|    approx_kl            | 0.011086274 |
|    clip_fraction        | 0.0117      |
|    clip_range           | 0.2         |
|    entropy_loss         | -1.23       |
|    explained_variance   | -1.18       |
|    learning_rate        | 0.0003      |
|    loss                 | -0.0152     |
|    n_updates            | 600         |
|    policy_gradient_loss | -0.0099     |
|    std                  | 0.827       |
|    value_loss           | 0.000875    |
-----------------------------------------
------------------------------------------
| rollout/                |              |
|    ep_len_mean          | 5e+03        |
|    ep_rew_mean          | -59          |
| time/                   |              |
|    fps                  | 7            |
|    iterations           | 62           |
|    time_elapsed         | 1636         |
|    total_timesteps      | 12400        |
| train/                  |              |
|    approx_kl            | 0.0006056691 |
|    clip_fraction        | 0.00469      |
|    clip_range           | 0.2          |
|    entropy_loss         | -1.23        |
|    explained_variance   | -2.13        |
|    learning_rate        | 0.0003       |
|    loss                 | -0.0101      |
|    n_updates            | 610          |
|    policy_gradient_loss | -0.00764     |
|    std                  | 0.825        |
|    value_loss           | 0.000294     |
------------------------------------------
-------------------------------------------
| rollout/                |               |
|    ep_len_mean          | 5e+03         |
|    ep_rew_mean          | -59           |
| time/                   |               |
|    fps                  | 7             |
|    iterations           | 63            |
|    time_elapsed         | 1663          |
|    total_timesteps      | 12600         |
| train/                  |               |
|    approx_kl            | 0.00021360395 |
|    clip_fraction        | 0             |
|    clip_range           | 0.2           |
|    entropy_loss         | -1.23         |
|    explained_variance   | -2.96         |
|    learning_rate        | 0.0003        |
|    loss                 | 0.00178       |
|    n_updates            | 620           |
|    policy_gradient_loss | -0.000667     |
|    std                  | 0.824         |
|    value_loss           | 0.000298      |
-------------------------------------------
-----------------------------------------
| rollout/                |             |
|    ep_len_mean          | 5e+03       |
|    ep_rew_mean          | -59         |
| time/                   |             |
|    fps                  | 7           |
|    iterations           | 64          |
|    time_elapsed         | 1690        |
|    total_timesteps      | 12800       |
| train/                  |             |
|    approx_kl            | 0.003968196 |
|    clip_fraction        | 0.0129      |
|    clip_range           | 0.2         |
|    entropy_loss         | -1.22       |
|    explained_variance   | -1.22       |
|    learning_rate        | 0.0003      |
|    loss                 | -0.00756    |
|    n_updates            | 630         |
|    policy_gradient_loss | -0.00607    |
|    std                  | 0.82        |
|    value_loss           | 0.00101     |
-----------------------------------------
-----------------------------------------
| rollout/                |             |
|    ep_len_mean          | 5e+03       |
|    ep_rew_mean          | -59         |
| time/                   |             |
|    fps                  | 7           |
|    iterations           | 65          |
|    time_elapsed         | 1717        |
|    total_timesteps      | 13000       |
| train/                  |             |
|    approx_kl            | 0.001866081 |
|    clip_fraction        | 0.00234     |
|    clip_range           | 0.2         |
|    entropy_loss         | -1.22       |
|    explained_variance   | -1.91       |
|    learning_rate        | 0.0003      |
|    loss                 | 0.00525     |
|    n_updates            | 640         |
|    policy_gradient_loss | -0.0043     |
|    std                  | 0.817       |
|    value_loss           | 0.000514    |
-----------------------------------------
-----------------------------------------
| rollout/                |             |
|    ep_len_mean          | 5e+03       |
|    ep_rew_mean          | -59         |
| time/                   |             |
|    fps                  | 7           |
|    iterations           | 66          |
|    time_elapsed         | 1744        |
|    total_timesteps      | 13200       |
| train/                  |             |
|    approx_kl            | 0.015468154 |
|    clip_fraction        | 0.155       |
|    clip_range           | 0.2         |
|    entropy_loss         | -1.22       |
|    explained_variance   | -2.26       |
|    learning_rate        | 0.0003      |
|    loss                 | -0.0879     |
|    n_updates            | 650         |
|    policy_gradient_loss | -0.0115     |
|    std                  | 0.814       |
|    value_loss           | 0.000242    |
-----------------------------------------
-----------------------------------------
| rollout/                |             |
|    ep_len_mean          | 5e+03       |
|    ep_rew_mean          | -59         |
| time/                   |             |
|    fps                  | 7           |
|    iterations           | 67          |
|    time_elapsed         | 1771        |
|    total_timesteps      | 13400       |
| train/                  |             |
|    approx_kl            | 0.011463414 |
|    clip_fraction        | 0.0875      |
|    clip_range           | 0.2         |
|    entropy_loss         | -1.21       |
|    explained_variance   | -0.315      |
|    learning_rate        | 0.0003      |
|    loss                 | 0.0477      |
|    n_updates            | 660         |
|    policy_gradient_loss | -0.00266    |
|    std                  | 0.814       |
|    value_loss           | 0.000127    |
-----------------------------------------
-----------------------------------------
| rollout/                |             |
|    ep_len_mean          | 5e+03       |
|    ep_rew_mean          | -59         |
| time/                   |             |
|    fps                  | 7           |
|    iterations           | 68          |
|    time_elapsed         | 1798        |
|    total_timesteps      | 13600       |
| train/                  |             |
|    approx_kl            | 0.005978608 |
|    clip_fraction        | 0.0848      |
|    clip_range           | 0.2         |
|    entropy_loss         | -1.21       |
|    explained_variance   | 0.242       |
|    learning_rate        | 0.0003      |
|    loss                 | -0.0508     |
|    n_updates            | 670         |
|    policy_gradient_loss | -0.00839    |
|    std                  | 0.817       |
|    value_loss           | 4.61e-05    |
-----------------------------------------
------------------------------------------
| rollout/                |              |
|    ep_len_mean          | 5e+03        |
|    ep_rew_mean          | -59          |
| time/                   |              |
|    fps                  | 7            |
|    iterations           | 69           |
|    time_elapsed         | 1825         |
|    total_timesteps      | 13800        |
| train/                  |              |
|    approx_kl            | 0.0013769662 |
|    clip_fraction        | 0            |
|    clip_range           | 0.2          |
|    entropy_loss         | -1.22        |
|    explained_variance   | 0.0111       |
|    learning_rate        | 0.0003       |
|    loss                 | 0.036        |
|    n_updates            | 680          |
|    policy_gradient_loss | 0.00118      |
|    std                  | 0.818        |
|    value_loss           | 6.97e-05     |
------------------------------------------
-----------------------------------------
| rollout/                |             |
|    ep_len_mean          | 5e+03       |
|    ep_rew_mean          | -59         |
| time/                   |             |
|    fps                  | 7           |
|    iterations           | 70          |
|    time_elapsed         | 1852        |
|    total_timesteps      | 14000       |
| train/                  |             |
|    approx_kl            | 0.010687606 |
|    clip_fraction        | 0.0684      |
|    clip_range           | 0.2         |
|    entropy_loss         | -1.22       |
|    explained_variance   | 0.367       |
|    learning_rate        | 0.0003      |
|    loss                 | -0.0201     |
|    n_updates            | 690         |
|    policy_gradient_loss | -0.00466    |
|    std                  | 0.818       |
|    value_loss           | 9.17e-05    |
-----------------------------------------
-----------------------------------------
| rollout/                |             |
|    ep_len_mean          | 5e+03       |
|    ep_rew_mean          | -59         |
| time/                   |             |
|    fps                  | 7           |
|    iterations           | 71          |
|    time_elapsed         | 1878        |
|    total_timesteps      | 14200       |
| train/                  |             |
|    approx_kl            | 0.003040045 |
|    clip_fraction        | 0.00313     |
|    clip_range           | 0.2         |
|    entropy_loss         | -1.22       |
|    explained_variance   | -0.431      |
|    learning_rate        | 0.0003      |
|    loss                 | -0.0191     |
|    n_updates            | 700         |
|    policy_gradient_loss | -0.00109    |
|    std                  | 0.817       |
|    value_loss           | 0.000113    |
-----------------------------------------
------------------------------------------
| rollout/                |              |
|    ep_len_mean          | 5e+03        |
|    ep_rew_mean          | -59          |
| time/                   |              |
|    fps                  | 7            |
|    iterations           | 72           |
|    time_elapsed         | 1905         |
|    total_timesteps      | 14400        |
| train/                  |              |
|    approx_kl            | 0.0015431116 |
|    clip_fraction        | 0.0109       |
|    clip_range           | 0.2          |
|    entropy_loss         | -1.22        |
|    explained_variance   | 0.15         |
|    learning_rate        | 0.0003       |
|    loss                 | -0.00397     |
|    n_updates            | 710          |
|    policy_gradient_loss | 0.000371     |
|    std                  | 0.817        |
|    value_loss           | 6.8e-05      |
------------------------------------------
------------------------------------------
| rollout/                |              |
|    ep_len_mean          | 5e+03        |
|    ep_rew_mean          | -59          |
| time/                   |              |
|    fps                  | 7            |
|    iterations           | 73           |
|    time_elapsed         | 1931         |
|    total_timesteps      | 14600        |
| train/                  |              |
|    approx_kl            | 0.0072841886 |
|    clip_fraction        | 0.0211       |
|    clip_range           | 0.2          |
|    entropy_loss         | -1.21        |
|    explained_variance   | -0.219       |
|    learning_rate        | 0.0003       |
|    loss                 | 0.0322       |
|    n_updates            | 720          |
|    policy_gradient_loss | 1.73e-06     |
|    std                  | 0.812        |
|    value_loss           | 0.00011      |
------------------------------------------
------------------------------------------
| rollout/                |              |
|    ep_len_mean          | 5e+03        |
|    ep_rew_mean          | -59          |
| time/                   |              |
|    fps                  | 7            |
|    iterations           | 74           |
|    time_elapsed         | 1958         |
|    total_timesteps      | 14800        |
| train/                  |              |
|    approx_kl            | 0.0070951306 |
|    clip_fraction        | 0.0309       |
|    clip_range           | 0.2          |
|    entropy_loss         | -1.21        |
|    explained_variance   | -0.00397     |
|    learning_rate        | 0.0003       |
|    loss                 | -0.0423      |
|    n_updates            | 730          |
|    policy_gradient_loss | -0.00158     |
|    std                  | 0.81         |
|    value_loss           | 8.12e-05     |
------------------------------------------
------------------------------------------
| rollout/                |              |
|    ep_len_mean          | 5e+03        |
|    ep_rew_mean          | -59          |
| time/                   |              |
|    fps                  | 7            |
|    iterations           | 75           |
|    time_elapsed         | 1985         |
|    total_timesteps      | 15000        |
| train/                  |              |
|    approx_kl            | 0.0032599175 |
|    clip_fraction        | 0.0297       |
|    clip_range           | 0.2          |
|    entropy_loss         | -1.21        |
|    explained_variance   | -0.877       |
|    learning_rate        | 0.0003       |
|    loss                 | 0.00581      |
|    n_updates            | 740          |
|    policy_gradient_loss | -0.00234     |
|    std                  | 0.806        |
|    value_loss           | 0.000191     |
------------------------------------------
------------------------------------------
| rollout/                |              |
|    ep_len_mean          | 5e+03        |
|    ep_rew_mean          | -56.8        |
| time/                   |              |
|    fps                  | 7            |
|    iterations           | 76           |
|    time_elapsed         | 2012         |
|    total_timesteps      | 15200        |
| train/                  |              |
|    approx_kl            | 0.0070586437 |
|    clip_fraction        | 0.0301       |
|    clip_range           | 0.2          |
|    entropy_loss         | -1.2         |
|    explained_variance   | -0.177       |
|    learning_rate        | 0.0003       |
|    loss                 | -0.0187      |
|    n_updates            | 750          |
|    policy_gradient_loss | -0.0021      |
|    std                  | 0.803        |
|    value_loss           | 9e-05        |
------------------------------------------
-----------------------------------------
| rollout/                |             |
|    ep_len_mean          | 5e+03       |
|    ep_rew_mean          | -56.8       |
| time/                   |             |
|    fps                  | 7           |
|    iterations           | 77          |
|    time_elapsed         | 2037        |
|    total_timesteps      | 15400       |
| train/                  |             |
|    approx_kl            | 0.005242395 |
|    clip_fraction        | 0.0512      |
|    clip_range           | 0.2         |
|    entropy_loss         | -1.2        |
|    explained_variance   | 0.889       |
|    learning_rate        | 0.0003      |
|    loss                 | 0.0418      |
|    n_updates            | 760         |
|    policy_gradient_loss | -0.00145    |
|    std                  | 0.799       |
|    value_loss           | 0.00923     |
-----------------------------------------
------------------------------------------
| rollout/                |              |
|    ep_len_mean          | 5e+03        |
|    ep_rew_mean          | -56.8        |
| time/                   |              |
|    fps                  | 7            |
|    iterations           | 78           |
|    time_elapsed         | 2062         |
|    total_timesteps      | 15600        |
| train/                  |              |
|    approx_kl            | 0.0067379074 |
|    clip_fraction        | 0.147        |
|    clip_range           | 0.2          |
|    entropy_loss         | -1.19        |
|    explained_variance   | 0.13         |
|    learning_rate        | 0.0003       |
|    loss                 | 0.00528      |
|    n_updates            | 770          |
|    policy_gradient_loss | -0.00876     |
|    std                  | 0.798        |
|    value_loss           | 0.00374      |
------------------------------------------
------------------------------------------
| rollout/                |              |
|    ep_len_mean          | 5e+03        |
|    ep_rew_mean          | -56.8        |
| time/                   |              |
|    fps                  | 7            |
|    iterations           | 79           |
|    time_elapsed         | 2087         |
|    total_timesteps      | 15800        |
| train/                  |              |
|    approx_kl            | 0.0079191765 |
|    clip_fraction        | 0.181        |
|    clip_range           | 0.2          |
|    entropy_loss         | -1.19        |
|    explained_variance   | 0.773        |
|    learning_rate        | 0.0003       |
|    loss                 | -0.00528     |
|    n_updates            | 780          |
|    policy_gradient_loss | -0.00767     |
|    std                  | 0.797        |
|    value_loss           | 0.00113      |
------------------------------------------
------------------------------------------
| rollout/                |              |
|    ep_len_mean          | 5e+03        |
|    ep_rew_mean          | -56.8        |
| time/                   |              |
|    fps                  | 7            |
|    iterations           | 80           |
|    time_elapsed         | 2113         |
|    total_timesteps      | 16000        |
| train/                  |              |
|    approx_kl            | 0.0071387733 |
|    clip_fraction        | 0.0242       |
|    clip_range           | 0.2          |
|    entropy_loss         | -1.19        |
|    explained_variance   | 0.563        |
|    learning_rate        | 0.0003       |
|    loss                 | -0.018       |
|    n_updates            | 790          |
|    policy_gradient_loss | -0.00571     |
|    std                  | 0.796        |
|    value_loss           | 0.000352     |
------------------------------------------
------------------------------------------
| rollout/                |              |
|    ep_len_mean          | 5e+03        |
|    ep_rew_mean          | -56.8        |
| time/                   |              |
|    fps                  | 7            |
|    iterations           | 81           |
|    time_elapsed         | 2138         |
|    total_timesteps      | 16200        |
| train/                  |              |
|    approx_kl            | 0.0034718222 |
|    clip_fraction        | 0.0324       |
|    clip_range           | 0.2          |
|    entropy_loss         | -1.19        |
|    explained_variance   | 0.236        |
|    learning_rate        | 0.0003       |
|    loss                 | 0.0159       |
|    n_updates            | 800          |
|    policy_gradient_loss | -0.00232     |
|    std                  | 0.797        |
|    value_loss           | 0.000104     |
------------------------------------------
------------------------------------------
| rollout/                |              |
|    ep_len_mean          | 5e+03        |
|    ep_rew_mean          | -56.8        |
| time/                   |              |
|    fps                  | 7            |
|    iterations           | 82           |
|    time_elapsed         | 2163         |
|    total_timesteps      | 16400        |
| train/                  |              |
|    approx_kl            | 0.0037508672 |
|    clip_fraction        | 0.0828       |
|    clip_range           | 0.2          |
|    entropy_loss         | -1.19        |
|    explained_variance   | 0.344        |
|    learning_rate        | 0.0003       |
|    loss                 | 0.0115       |
|    n_updates            | 810          |
|    policy_gradient_loss | -0.00718     |
|    std                  | 0.798        |
|    value_loss           | 4.54e-05     |
------------------------------------------
------------------------------------------
| rollout/                |              |
|    ep_len_mean          | 5e+03        |
|    ep_rew_mean          | -56.8        |
| time/                   |              |
|    fps                  | 7            |
|    iterations           | 83           |
|    time_elapsed         | 2188         |
|    total_timesteps      | 16600        |
| train/                  |              |
|    approx_kl            | 0.0037743677 |
|    clip_fraction        | 0.032        |
|    clip_range           | 0.2          |
|    entropy_loss         | -1.19        |
|    explained_variance   | 0.763        |
|    learning_rate        | 0.0003       |
|    loss                 | 0.018        |
|    n_updates            | 820          |
|    policy_gradient_loss | -0.00226     |
|    std                  | 0.794        |
|    value_loss           | 2.45e-05     |
------------------------------------------
------------------------------------------
| rollout/                |              |
|    ep_len_mean          | 5e+03        |
|    ep_rew_mean          | -56.8        |
| time/                   |              |
|    fps                  | 7            |
|    iterations           | 84           |
|    time_elapsed         | 2214         |
|    total_timesteps      | 16800        |
| train/                  |              |
|    approx_kl            | 0.0047765095 |
|    clip_fraction        | 0.0539       |
|    clip_range           | 0.2          |
|    entropy_loss         | -1.19        |
|    explained_variance   | -7.14        |
|    learning_rate        | 0.0003       |
|    loss                 | 0.00278      |
|    n_updates            | 830          |
|    policy_gradient_loss | -0.00718     |
|    std                  | 0.791        |
|    value_loss           | 0.000633     |
------------------------------------------
------------------------------------------
| rollout/                |              |
|    ep_len_mean          | 5e+03        |
|    ep_rew_mean          | -56.8        |
| time/                   |              |
|    fps                  | 7            |
|    iterations           | 85           |
|    time_elapsed         | 2239         |
|    total_timesteps      | 17000        |
| train/                  |              |
|    approx_kl            | 0.0060696825 |
|    clip_fraction        | 0.0598       |
|    clip_range           | 0.2          |
|    entropy_loss         | -1.19        |
|    explained_variance   | -0.00389     |
|    learning_rate        | 0.0003       |
|    loss                 | -0.0112      |
|    n_updates            | 840          |
|    policy_gradient_loss | -0.00516     |
|    std                  | 0.796        |
|    value_loss           | 1.84e-05     |
------------------------------------------
-----------------------------------------
| rollout/                |             |
|    ep_len_mean          | 5e+03       |
|    ep_rew_mean          | -56.8       |
| time/                   |             |
|    fps                  | 7           |
|    iterations           | 86          |
|    time_elapsed         | 2264        |
|    total_timesteps      | 17200       |
| train/                  |             |
|    approx_kl            | 0.005023157 |
|    clip_fraction        | 0.0582      |
|    clip_range           | 0.2         |
|    entropy_loss         | -1.19       |
|    explained_variance   | -0.132      |
|    learning_rate        | 0.0003      |
|    loss                 | -0.032      |
|    n_updates            | 850         |
|    policy_gradient_loss | -0.00452    |
|    std                  | 0.796       |
|    value_loss           | 1.5e-05     |
-----------------------------------------
------------------------------------------
| rollout/                |              |
|    ep_len_mean          | 5e+03        |
|    ep_rew_mean          | -56.8        |
| time/                   |              |
|    fps                  | 7            |
|    iterations           | 87           |
|    time_elapsed         | 2289         |
|    total_timesteps      | 17400        |
| train/                  |              |
|    approx_kl            | 0.0008377873 |
|    clip_fraction        | 0            |
|    clip_range           | 0.2          |
|    entropy_loss         | -1.19        |
|    explained_variance   | 0.718        |
|    learning_rate        | 0.0003       |
|    loss                 | 0.000864     |
|    n_updates            | 860          |
|    policy_gradient_loss | -0.000844    |
|    std                  | 0.789        |
|    value_loss           | 2e-05        |
------------------------------------------
------------------------------------------
| rollout/                |              |
|    ep_len_mean          | 5e+03        |
|    ep_rew_mean          | -56.8        |
| time/                   |              |
|    fps                  | 7            |
|    iterations           | 88           |
|    time_elapsed         | 2314         |
|    total_timesteps      | 17600        |
| train/                  |              |
|    approx_kl            | 0.0068598064 |
|    clip_fraction        | 0.109        |
|    clip_range           | 0.2          |
|    entropy_loss         | -1.18        |
|    explained_variance   | 0.479        |
|    learning_rate        | 0.0003       |
|    loss                 | -0.0442      |
|    n_updates            | 870          |
|    policy_gradient_loss | -0.0125      |
|    std                  | 0.787        |
|    value_loss           | 6.45e-05     |
------------------------------------------
-----------------------------------------
| rollout/                |             |
|    ep_len_mean          | 5e+03       |
|    ep_rew_mean          | -56.8       |
| time/                   |             |
|    fps                  | 7           |
|    iterations           | 89          |
|    time_elapsed         | 2338        |
|    total_timesteps      | 17800       |
| train/                  |             |
|    approx_kl            | 0.009060745 |
|    clip_fraction        | 0.0895      |
|    clip_range           | 0.2         |
|    entropy_loss         | -1.18       |
|    explained_variance   | 0.329       |
|    learning_rate        | 0.0003      |
|    loss                 | 0.0309      |
|    n_updates            | 880         |
|    policy_gradient_loss | -0.00208    |
|    std                  | 0.785       |
|    value_loss           | 2.53e-05    |
-----------------------------------------
------------------------------------------
| rollout/                |              |
|    ep_len_mean          | 5e+03        |
|    ep_rew_mean          | -56.8        |
| time/                   |              |
|    fps                  | 7            |
|    iterations           | 90           |
|    time_elapsed         | 2363         |
|    total_timesteps      | 18000        |
| train/                  |              |
|    approx_kl            | 0.0038541036 |
|    clip_fraction        | 0.0168       |
|    clip_range           | 0.2          |
|    entropy_loss         | -1.17        |
|    explained_variance   | -0.0667      |
|    learning_rate        | 0.0003       |
|    loss                 | -0.0321      |
|    n_updates            | 890          |
|    policy_gradient_loss | -0.00164     |
|    std                  | 0.781        |
|    value_loss           | 3.79e-05     |
------------------------------------------
-----------------------------------------
| rollout/                |             |
|    ep_len_mean          | 5e+03       |
|    ep_rew_mean          | -56.8       |
| time/                   |             |
|    fps                  | 7           |
|    iterations           | 91          |
|    time_elapsed         | 2388        |
|    total_timesteps      | 18200       |
| train/                  |             |
|    approx_kl            | 0.002424289 |
|    clip_fraction        | 0           |
|    clip_range           | 0.2         |
|    entropy_loss         | -1.17       |
|    explained_variance   | -0.459      |
|    learning_rate        | 0.0003      |
|    loss                 | 0.0273      |
|    n_updates            | 900         |
|    policy_gradient_loss | 0.00119     |
|    std                  | 0.778       |
|    value_loss           | 4.24e-05    |
-----------------------------------------
-----------------------------------------
| rollout/                |             |
|    ep_len_mean          | 5e+03       |
|    ep_rew_mean          | -56.8       |
| time/                   |             |
|    fps                  | 7           |
|    iterations           | 92          |
|    time_elapsed         | 2412        |
|    total_timesteps      | 18400       |
| train/                  |             |
|    approx_kl            | 0.004819803 |
|    clip_fraction        | 0.0801      |
|    clip_range           | 0.2         |
|    entropy_loss         | -1.16       |
|    explained_variance   | -0.265      |
|    learning_rate        | 0.0003      |
|    loss                 | 0.0174      |
|    n_updates            | 910         |
|    policy_gradient_loss | -0.00571    |
|    std                  | 0.77        |
|    value_loss           | 5.37e-05    |
-----------------------------------------
------------------------------------------
| rollout/                |              |
|    ep_len_mean          | 5e+03        |
|    ep_rew_mean          | -56.8        |
| time/                   |              |
|    fps                  | 7            |
|    iterations           | 93           |
|    time_elapsed         | 2437         |
|    total_timesteps      | 18600        |
| train/                  |              |
|    approx_kl            | 0.0007564402 |
|    clip_fraction        | 0            |
|    clip_range           | 0.2          |
|    entropy_loss         | -1.16        |
|    explained_variance   | 0.051        |
|    learning_rate        | 0.0003       |
|    loss                 | 0.00783      |
|    n_updates            | 920          |
|    policy_gradient_loss | 0.000406     |
|    std                  | 0.77         |
|    value_loss           | 6.26e-05     |
------------------------------------------
------------------------------------------
| rollout/                |              |
|    ep_len_mean          | 5e+03        |
|    ep_rew_mean          | -56.8        |
| time/                   |              |
|    fps                  | 7            |
|    iterations           | 94           |
|    time_elapsed         | 2461         |
|    total_timesteps      | 18800        |
| train/                  |              |
|    approx_kl            | 0.0022676834 |
|    clip_fraction        | 0.0277       |
|    clip_range           | 0.2          |
|    entropy_loss         | -1.16        |
|    explained_variance   | 0.0867       |
|    learning_rate        | 0.0003       |
|    loss                 | 0.0107       |
|    n_updates            | 930          |
|    policy_gradient_loss | -0.00468     |
|    std                  | 0.77         |
|    value_loss           | 9.14e-05     |
------------------------------------------
------------------------------------------
| rollout/                |              |
|    ep_len_mean          | 5e+03        |
|    ep_rew_mean          | -56.8        |
| time/                   |              |
|    fps                  | 7            |
|    iterations           | 95           |
|    time_elapsed         | 2486         |
|    total_timesteps      | 19000        |
| train/                  |              |
|    approx_kl            | 0.0020487485 |
|    clip_fraction        | 0.0176       |
|    clip_range           | 0.2          |
|    entropy_loss         | -1.16        |
|    explained_variance   | 0.123        |
|    learning_rate        | 0.0003       |
|    loss                 | 0.0173       |
|    n_updates            | 940          |
|    policy_gradient_loss | -0.00174     |
|    std                  | 0.771        |
|    value_loss           | 0.000108     |
------------------------------------------
------------------------------------------
| rollout/                |              |
|    ep_len_mean          | 5e+03        |
|    ep_rew_mean          | -56.8        |
| time/                   |              |
|    fps                  | 7            |
|    iterations           | 96           |
|    time_elapsed         | 2510         |
|    total_timesteps      | 19200        |
| train/                  |              |
|    approx_kl            | 0.0020951347 |
|    clip_fraction        | 0.025        |
|    clip_range           | 0.2          |
|    entropy_loss         | -1.16        |
|    explained_variance   | -0.846       |
|    learning_rate        | 0.0003       |
|    loss                 | 0.00513      |
|    n_updates            | 950          |
|    policy_gradient_loss | 0.000594     |
|    std                  | 0.767        |
|    value_loss           | 0.000136     |
------------------------------------------
------------------------------------------
| rollout/                |              |
|    ep_len_mean          | 5e+03        |
|    ep_rew_mean          | -56.8        |
| time/                   |              |
|    fps                  | 7            |
|    iterations           | 97           |
|    time_elapsed         | 2534         |
|    total_timesteps      | 19400        |
| train/                  |              |
|    approx_kl            | 0.0065179337 |
|    clip_fraction        | 0.0832       |
|    clip_range           | 0.2          |
|    entropy_loss         | -1.15        |
|    explained_variance   | -0.0214      |
|    learning_rate        | 0.0003       |
|    loss                 | -0.0115      |
|    n_updates            | 960          |
|    policy_gradient_loss | -0.0105      |
|    std                  | 0.768        |
|    value_loss           | 8.88e-05     |
------------------------------------------
------------------------------------------
| rollout/                |              |
|    ep_len_mean          | 5e+03        |
|    ep_rew_mean          | -56.8        |
| time/                   |              |
|    fps                  | 7            |
|    iterations           | 98           |
|    time_elapsed         | 2558         |
|    total_timesteps      | 19600        |
| train/                  |              |
|    approx_kl            | 0.0055698645 |
|    clip_fraction        | 0.115        |
|    clip_range           | 0.2          |
|    entropy_loss         | -1.15        |
|    explained_variance   | -0.107       |
|    learning_rate        | 0.0003       |
|    loss                 | -0.06        |
|    n_updates            | 970          |
|    policy_gradient_loss | -0.00825     |
|    std                  | 0.764        |
|    value_loss           | 9.79e-05     |
------------------------------------------
------------------------------------------
| rollout/                |              |
|    ep_len_mean          | 5e+03        |
|    ep_rew_mean          | -56.8        |
| time/                   |              |
|    fps                  | 7            |
|    iterations           | 99           |
|    time_elapsed         | 2582         |
|    total_timesteps      | 19800        |
| train/                  |              |
|    approx_kl            | 0.0050755236 |
|    clip_fraction        | 0.0168       |
|    clip_range           | 0.2          |
|    entropy_loss         | -1.15        |
|    explained_variance   | -0.00763     |
|    learning_rate        | 0.0003       |
|    loss                 | -0.0174      |
|    n_updates            | 980          |
|    policy_gradient_loss | -0.000591    |
|    std                  | 0.759        |
|    value_loss           | 8e-05        |
------------------------------------------
-----------------------------------------
| rollout/                |             |
|    ep_len_mean          | 5e+03       |
|    ep_rew_mean          | -56.8       |
| time/                   |             |
|    fps                  | 7           |
|    iterations           | 100         |
|    time_elapsed         | 2607        |
|    total_timesteps      | 20000       |
| train/                  |             |
|    approx_kl            | 0.002854016 |
|    clip_fraction        | 0.0387      |
|    clip_range           | 0.2         |
|    entropy_loss         | -1.14       |
|    explained_variance   | 0.0637      |
|    learning_rate        | 0.0003      |
|    loss                 | -0.022      |
|    n_updates            | 990         |
|    policy_gradient_loss | -0.00529    |
|    std                  | 0.757       |
|    value_loss           | 7.82e-05    |
-----------------------------------------
------------------------------------------
| rollout/                |              |
|    ep_len_mean          | 5e+03        |
|    ep_rew_mean          | -55.7        |
| time/                   |              |
|    fps                  | 7            |
|    iterations           | 101          |
|    time_elapsed         | 2632         |
|    total_timesteps      | 20200        |
| train/                  |              |
|    approx_kl            | 0.0056825196 |
|    clip_fraction        | 0.0535       |
|    clip_range           | 0.2          |
|    entropy_loss         | -1.14        |
|    explained_variance   | -0.0448      |
|    learning_rate        | 0.0003       |
|    loss                 | -0.0402      |
|    n_updates            | 1000         |
|    policy_gradient_loss | -0.0031      |
|    std                  | 0.755        |
|    value_loss           | 8.39e-05     |
------------------------------------------
-----------------------------------------
| rollout/                |             |
|    ep_len_mean          | 5e+03       |
|    ep_rew_mean          | -55.7       |
| time/                   |             |
|    fps                  | 7           |
|    iterations           | 102         |
|    time_elapsed         | 2657        |
|    total_timesteps      | 20400       |
| train/                  |             |
|    approx_kl            | 0.009364823 |
|    clip_fraction        | 0.0465      |
|    clip_range           | 0.2         |
|    entropy_loss         | -1.14       |
|    explained_variance   | 0.845       |
|    learning_rate        | 0.0003      |
|    loss                 | 0.0257      |
|    n_updates            | 1010        |
|    policy_gradient_loss | -0.00276    |
|    std                  | 0.753       |
|    value_loss           | 0.0113      |
-----------------------------------------
------------------------------------------
| rollout/                |              |
|    ep_len_mean          | 5e+03        |
|    ep_rew_mean          | -55.7        |
| time/                   |              |
|    fps                  | 7            |
|    iterations           | 103          |
|    time_elapsed         | 2682         |
|    total_timesteps      | 20600        |
| train/                  |              |
|    approx_kl            | 0.0007162241 |
|    clip_fraction        | 0            |
|    clip_range           | 0.2          |
|    entropy_loss         | -1.14        |
|    explained_variance   | 0.155        |
|    learning_rate        | 0.0003       |
|    loss                 | -0.0299      |
|    n_updates            | 1020         |
|    policy_gradient_loss | -0.000627    |
|    std                  | 0.753        |
|    value_loss           | 0.00448      |
------------------------------------------
-----------------------------------------
| rollout/                |             |
|    ep_len_mean          | 5e+03       |
|    ep_rew_mean          | -55.7       |
| time/                   |             |
|    fps                  | 7           |
|    iterations           | 104         |
|    time_elapsed         | 2706        |
|    total_timesteps      | 20800       |
| train/                  |             |
|    approx_kl            | 0.005776802 |
|    clip_fraction        | 0.0238      |
|    clip_range           | 0.2         |
|    entropy_loss         | -1.14       |
|    explained_variance   | 0.773       |
|    learning_rate        | 0.0003      |
|    loss                 | 0.0164      |
|    n_updates            | 1030        |
|    policy_gradient_loss | 0.0004      |
|    std                  | 0.758       |
|    value_loss           | 0.00137     |
-----------------------------------------
------------------------------------------
| rollout/                |              |
|    ep_len_mean          | 5e+03        |
|    ep_rew_mean          | -55.7        |
| time/                   |              |
|    fps                  | 7            |
|    iterations           | 105          |
|    time_elapsed         | 2731         |
|    total_timesteps      | 21000        |
| train/                  |              |
|    approx_kl            | 0.0069434615 |
|    clip_fraction        | 0.0844       |
|    clip_range           | 0.2          |
|    entropy_loss         | -1.15        |
|    explained_variance   | 0.659        |
|    learning_rate        | 0.0003       |
|    loss                 | -0.0758      |
|    n_updates            | 1040         |
|    policy_gradient_loss | -0.0127      |
|    std                  | 0.763        |
|    value_loss           | 0.000539     |
------------------------------------------
-----------------------------------------
| rollout/                |             |
|    ep_len_mean          | 5e+03       |
|    ep_rew_mean          | -55.7       |
| time/                   |             |
|    fps                  | 7           |
|    iterations           | 106         |
|    time_elapsed         | 2756        |
|    total_timesteps      | 21200       |
| train/                  |             |
|    approx_kl            | 0.007243309 |
|    clip_fraction        | 0.0293      |
|    clip_range           | 0.2         |
|    entropy_loss         | -1.15       |
|    explained_variance   | 0.0563      |
|    learning_rate        | 0.0003      |
|    loss                 | 0.0202      |
|    n_updates            | 1050        |
|    policy_gradient_loss | -0.00312    |
|    std                  | 0.767       |
|    value_loss           | 0.000117    |
-----------------------------------------
------------------------------------------
| rollout/                |              |
|    ep_len_mean          | 5e+03        |
|    ep_rew_mean          | -55.7        |
| time/                   |              |
|    fps                  | 7            |
|    iterations           | 107          |
|    time_elapsed         | 2781         |
|    total_timesteps      | 21400        |
| train/                  |              |
|    approx_kl            | 0.0018243094 |
|    clip_fraction        | 0            |
|    clip_range           | 0.2          |
|    entropy_loss         | -1.15        |
|    explained_variance   | 0.292        |
|    learning_rate        | 0.0003       |
|    loss                 | -0.0205      |
|    n_updates            | 1060         |
|    policy_gradient_loss | 0.000827     |
|    std                  | 0.766        |
|    value_loss           | 3.71e-05     |
------------------------------------------
------------------------------------------
| rollout/                |              |
|    ep_len_mean          | 5e+03        |
|    ep_rew_mean          | -55.7        |
| time/                   |              |
|    fps                  | 7            |
|    iterations           | 108          |
|    time_elapsed         | 2806         |
|    total_timesteps      | 21600        |
| train/                  |              |
|    approx_kl            | 0.0029369951 |
|    clip_fraction        | 0.000391     |
|    clip_range           | 0.2          |
|    entropy_loss         | -1.16        |
|    explained_variance   | 0.806        |
|    learning_rate        | 0.0003       |
|    loss                 | -0.0187      |
|    n_updates            | 1070         |
|    policy_gradient_loss | -0.00199     |
|    std                  | 0.772        |
|    value_loss           | 3.12e-05     |
------------------------------------------
------------------------------------------
| rollout/                |              |
|    ep_len_mean          | 5e+03        |
|    ep_rew_mean          | -55.7        |
| time/                   |              |
|    fps                  | 7            |
|    iterations           | 109          |
|    time_elapsed         | 2831         |
|    total_timesteps      | 21800        |
| train/                  |              |
|    approx_kl            | 0.0018802464 |
|    clip_fraction        | 0            |
|    clip_range           | 0.2          |
|    entropy_loss         | -1.16        |
|    explained_variance   | 0.557        |
|    learning_rate        | 0.0003       |
|    loss                 | -0.0132      |
|    n_updates            | 1080         |
|    policy_gradient_loss | -0.000883    |
|    std                  | 0.777        |
|    value_loss           | 1.48e-05     |
------------------------------------------
-------------------------------------------
| rollout/                |               |
|    ep_len_mean          | 5e+03         |
|    ep_rew_mean          | -55.7         |
| time/                   |               |
|    fps                  | 7             |
|    iterations           | 110           |
|    time_elapsed         | 2855          |
|    total_timesteps      | 22000         |
| train/                  |               |
|    approx_kl            | 4.9159862e-05 |
|    clip_fraction        | 0             |
|    clip_range           | 0.2           |
|    entropy_loss         | -1.17         |
|    explained_variance   | 0.196         |
|    learning_rate        | 0.0003        |
|    loss                 | 0.00341       |
|    n_updates            | 1090          |
|    policy_gradient_loss | 0.000599      |
|    std                  | 0.779         |
|    value_loss           | 1.98e-05      |
-------------------------------------------
-----------------------------------------
| rollout/                |             |
|    ep_len_mean          | 5e+03       |
|    ep_rew_mean          | -55.7       |
| time/                   |             |
|    fps                  | 7           |
|    iterations           | 111         |
|    time_elapsed         | 2880        |
|    total_timesteps      | 22200       |
| train/                  |             |
|    approx_kl            | 0.002551837 |
|    clip_fraction        | 0           |
|    clip_range           | 0.2         |
|    entropy_loss         | -1.17       |
|    explained_variance   | 0.209       |
|    learning_rate        | 0.0003      |
|    loss                 | 0.0447      |
|    n_updates            | 1100        |
|    policy_gradient_loss | 0.000936    |
|    std                  | 0.778       |
|    value_loss           | 1.35e-05    |
-----------------------------------------
-----------------------------------------
| rollout/                |             |
|    ep_len_mean          | 5e+03       |
|    ep_rew_mean          | -55.7       |
| time/                   |             |
|    fps                  | 7           |
|    iterations           | 112         |
|    time_elapsed         | 2905        |
|    total_timesteps      | 22400       |
| train/                  |             |
|    approx_kl            | 0.004749635 |
|    clip_fraction        | 0.0727      |
|    clip_range           | 0.2         |
|    entropy_loss         | -1.17       |
|    explained_variance   | 0.841       |
|    learning_rate        | 0.0003      |
|    loss                 | 0.0307      |
|    n_updates            | 1110        |
|    policy_gradient_loss | -0.00317    |
|    std                  | 0.781       |
|    value_loss           | 1.23e-05    |
-----------------------------------------
------------------------------------------
| rollout/                |              |
|    ep_len_mean          | 5e+03        |
|    ep_rew_mean          | -55.7        |
| time/                   |              |
|    fps                  | 7            |
|    iterations           | 113          |
|    time_elapsed         | 2930         |
|    total_timesteps      | 22600        |
| train/                  |              |
|    approx_kl            | 0.0030121342 |
|    clip_fraction        | 0.0141       |
|    clip_range           | 0.2          |
|    entropy_loss         | -1.17        |
|    explained_variance   | 0.503        |
|    learning_rate        | 0.0003       |
|    loss                 | 0.000809     |
|    n_updates            | 1120         |
|    policy_gradient_loss | -0.000465    |
|    std                  | 0.781        |
|    value_loss           | 2.15e-05     |
------------------------------------------
-----------------------------------------
| rollout/                |             |
|    ep_len_mean          | 5e+03       |
|    ep_rew_mean          | -55.7       |
| time/                   |             |
|    fps                  | 7           |
|    iterations           | 114         |
|    time_elapsed         | 2955        |
|    total_timesteps      | 22800       |
| train/                  |             |
|    approx_kl            | 0.010304128 |
|    clip_fraction        | 0.0223      |
|    clip_range           | 0.2         |
|    entropy_loss         | -1.17       |
|    explained_variance   | 0.451       |
|    learning_rate        | 0.0003      |
|    loss                 | 0.0562      |
|    n_updates            | 1130        |
|    policy_gradient_loss | 0.000601    |
|    std                  | 0.781       |
|    value_loss           | 1.91e-05    |
-----------------------------------------
------------------------------------------
| rollout/                |              |
|    ep_len_mean          | 5e+03        |
|    ep_rew_mean          | -55.7        |
| time/                   |              |
|    fps                  | 7            |
|    iterations           | 115          |
|    time_elapsed         | 2979         |
|    total_timesteps      | 23000        |
| train/                  |              |
|    approx_kl            | 0.0024326202 |
|    clip_fraction        | 0.00234      |
|    clip_range           | 0.2          |
|    entropy_loss         | -1.17        |
|    explained_variance   | 0.00131      |
|    learning_rate        | 0.0003       |
|    loss                 | 0.029        |
|    n_updates            | 1140         |
|    policy_gradient_loss | 0.00192      |
|    std                  | 0.777        |
|    value_loss           | 4.65e-05     |
------------------------------------------
----------------------------------------
| rollout/                |            |
|    ep_len_mean          | 5e+03      |
|    ep_rew_mean          | -55.7      |
| time/                   |            |
|    fps                  | 7          |
|    iterations           | 116        |
|    time_elapsed         | 3004       |
|    total_timesteps      | 23200      |
| train/                  |            |
|    approx_kl            | 0.00848606 |
|    clip_fraction        | 0.0383     |
|    clip_range           | 0.2        |
|    entropy_loss         | -1.16      |
|    explained_variance   | -12.6      |
|    learning_rate        | 0.0003     |
|    loss                 | -0.0292    |
|    n_updates            | 1150       |
|    policy_gradient_loss | -0.0015    |
|    std                  | 0.774      |
|    value_loss           | 0.000148   |
----------------------------------------
------------------------------------------
| rollout/                |              |
|    ep_len_mean          | 5e+03        |
|    ep_rew_mean          | -55.7        |
| time/                   |              |
|    fps                  | 7            |
|    iterations           | 117          |
|    time_elapsed         | 3029         |
|    total_timesteps      | 23400        |
| train/                  |              |
|    approx_kl            | 0.0032406806 |
|    clip_fraction        | 0.00859      |
|    clip_range           | 0.2          |
|    entropy_loss         | -1.16        |
|    explained_variance   | -11.3        |
|    learning_rate        | 0.0003       |
|    loss                 | 0.03         |
|    n_updates            | 1160         |
|    policy_gradient_loss | -0.00489     |
|    std                  | 0.776        |
|    value_loss           | 0.000184     |
------------------------------------------
-----------------------------------------
| rollout/                |             |
|    ep_len_mean          | 5e+03       |
|    ep_rew_mean          | -55.7       |
| time/                   |             |
|    fps                  | 7           |
|    iterations           | 118         |
|    time_elapsed         | 3053        |
|    total_timesteps      | 23600       |
| train/                  |             |
|    approx_kl            | 0.015380495 |
|    clip_fraction        | 0.159       |
|    clip_range           | 0.2         |
|    entropy_loss         | -1.17       |
|    explained_variance   | 0.0249      |
|    learning_rate        | 0.0003      |
|    loss                 | -0.0254     |
|    n_updates            | 1170        |
|    policy_gradient_loss | -0.00875    |
|    std                  | 0.777       |
|    value_loss           | 3e-05       |
-----------------------------------------
-----------------------------------------
| rollout/                |             |
|    ep_len_mean          | 5e+03       |
|    ep_rew_mean          | -55.7       |
| time/                   |             |
|    fps                  | 7           |
|    iterations           | 119         |
|    time_elapsed         | 3077        |
|    total_timesteps      | 23800       |
| train/                  |             |
|    approx_kl            | 0.004687622 |
|    clip_fraction        | 0.129       |
|    clip_range           | 0.2         |
|    entropy_loss         | -1.17       |
|    explained_variance   | 0.235       |
|    learning_rate        | 0.0003      |
|    loss                 | -0.036      |
|    n_updates            | 1180        |
|    policy_gradient_loss | -0.018      |
|    std                  | 0.775       |
|    value_loss           | 3.92e-05    |
-----------------------------------------
-----------------------------------------
| rollout/                |             |
|    ep_len_mean          | 5e+03       |
|    ep_rew_mean          | -55.7       |
| time/                   |             |
|    fps                  | 7           |
|    iterations           | 120         |
|    time_elapsed         | 3102        |
|    total_timesteps      | 24000       |
| train/                  |             |
|    approx_kl            | 0.004633818 |
|    clip_fraction        | 0.0945      |
|    clip_range           | 0.2         |
|    entropy_loss         | -1.16       |
|    explained_variance   | 0.0621      |
|    learning_rate        | 0.0003      |
|    loss                 | -0.0392     |
|    n_updates            | 1190        |
|    policy_gradient_loss | -0.0078     |
|    std                  | 0.772       |
|    value_loss           | 4.56e-05    |
-----------------------------------------
-----------------------------------------
| rollout/                |             |
|    ep_len_mean          | 5e+03       |
|    ep_rew_mean          | -55.7       |
| time/                   |             |
|    fps                  | 7           |
|    iterations           | 121         |
|    time_elapsed         | 3126        |
|    total_timesteps      | 24200       |
| train/                  |             |
|    approx_kl            | 0.008102038 |
|    clip_fraction        | 0.109       |
|    clip_range           | 0.2         |
|    entropy_loss         | -1.16       |
|    explained_variance   | 0.0195      |
|    learning_rate        | 0.0003      |
|    loss                 | -0.041      |
|    n_updates            | 1200        |
|    policy_gradient_loss | -0.0103     |
|    std                  | 0.77        |
|    value_loss           | 4.79e-05    |
-----------------------------------------
------------------------------------------
| rollout/                |              |
|    ep_len_mean          | 5e+03        |
|    ep_rew_mean          | -55.7        |
| time/                   |              |
|    fps                  | 7            |
|    iterations           | 122          |
|    time_elapsed         | 3150         |
|    total_timesteps      | 24400        |
| train/                  |              |
|    approx_kl            | 0.0046424745 |
|    clip_fraction        | 0.0258       |
|    clip_range           | 0.2          |
|    entropy_loss         | -1.16        |
|    explained_variance   | -0.146       |
|    learning_rate        | 0.0003       |
|    loss                 | 0.0329       |
|    n_updates            | 1210         |
|    policy_gradient_loss | -0.000803    |
|    std                  | 0.771        |
|    value_loss           | 3.95e-05     |
------------------------------------------
------------------------------------------
| rollout/                |              |
|    ep_len_mean          | 5e+03        |
|    ep_rew_mean          | -55.7        |
| time/                   |              |
|    fps                  | 7            |
|    iterations           | 123          |
|    time_elapsed         | 3174         |
|    total_timesteps      | 24600        |
| train/                  |              |
|    approx_kl            | 0.0075958334 |
|    clip_fraction        | 0.0234       |
|    clip_range           | 0.2          |
|    entropy_loss         | -1.16        |
|    explained_variance   | -0.0926      |
|    learning_rate        | 0.0003       |
|    loss                 | -0.0668      |
|    n_updates            | 1220         |
|    policy_gradient_loss | -0.00536     |
|    std                  | 0.771        |
|    value_loss           | 7.95e-05     |
------------------------------------------
------------------------------------------
| rollout/                |              |
|    ep_len_mean          | 5e+03        |
|    ep_rew_mean          | -55.7        |
| time/                   |              |
|    fps                  | 7            |
|    iterations           | 124          |
|    time_elapsed         | 3199         |
|    total_timesteps      | 24800        |
| train/                  |              |
|    approx_kl            | 0.0044826437 |
|    clip_fraction        | 0.0223       |
|    clip_range           | 0.2          |
|    entropy_loss         | -1.15        |
|    explained_variance   | -17.3        |
|    learning_rate        | 0.0003       |
|    loss                 | 0.02         |
|    n_updates            | 1230         |
|    policy_gradient_loss | -0.00993     |
|    std                  | 0.765        |
|    value_loss           | 0.00121      |
------------------------------------------
-----------------------------------------
| rollout/                |             |
|    ep_len_mean          | 5e+03       |
|    ep_rew_mean          | -55.7       |
| time/                   |             |
|    fps                  | 7           |
|    iterations           | 125         |
|    time_elapsed         | 3223        |
|    total_timesteps      | 25000       |
| train/                  |             |
|    approx_kl            | 0.004177112 |
|    clip_fraction        | 0.0223      |
|    clip_range           | 0.2         |
|    entropy_loss         | -1.15       |
|    explained_variance   | 0.0276      |
|    learning_rate        | 0.0003      |
|    loss                 | -0.0141     |
|    n_updates            | 1240        |
|    policy_gradient_loss | -0.00213    |
|    std                  | 0.761       |
|    value_loss           | 6.49e-05    |
-----------------------------------------
------------------------------------------
| rollout/                |              |
|    ep_len_mean          | 5e+03        |
|    ep_rew_mean          | -55          |
| time/                   |              |
|    fps                  | 7            |
|    iterations           | 126          |
|    time_elapsed         | 3248         |
|    total_timesteps      | 25200        |
| train/                  |              |
|    approx_kl            | 0.0046331575 |
|    clip_fraction        | 0.0242       |
|    clip_range           | 0.2          |
|    entropy_loss         | -1.15        |
|    explained_variance   | 0.0138       |
|    learning_rate        | 0.0003       |
|    loss                 | -0.0367      |
|    n_updates            | 1250         |
|    policy_gradient_loss | -0.00458     |
|    std                  | 0.761        |
|    value_loss           | 6.02e-05     |
------------------------------------------
-----------------------------------------
| rollout/                |             |
|    ep_len_mean          | 5e+03       |
|    ep_rew_mean          | -55         |
| time/                   |             |
|    fps                  | 7           |
|    iterations           | 127         |
|    time_elapsed         | 3273        |
|    total_timesteps      | 25400       |
| train/                  |             |
|    approx_kl            | 0.004579517 |
|    clip_fraction        | 0.0402      |
|    clip_range           | 0.2         |
|    entropy_loss         | -1.15       |
|    explained_variance   | 0.882       |
|    learning_rate        | 0.0003      |
|    loss                 | -0.0647     |
|    n_updates            | 1260        |
|    policy_gradient_loss | -0.00326    |
|    std                  | 0.762       |
|    value_loss           | 0.0165      |
-----------------------------------------
---------------------------------------
| rollout/                |           |
|    ep_len_mean          | 5e+03     |
|    ep_rew_mean          | -55       |
| time/                   |           |
|    fps                  | 7         |
|    iterations           | 128       |
|    time_elapsed         | 3298      |
|    total_timesteps      | 25600     |
| train/                  |           |
|    approx_kl            | 0.0047647 |
|    clip_fraction        | 0.073     |
|    clip_range           | 0.2       |
|    entropy_loss         | -1.15     |
|    explained_variance   | -0.18     |
|    learning_rate        | 0.0003    |
|    loss                 | -0.00634  |
|    n_updates            | 1270      |
|    policy_gradient_loss | -0.00894  |
|    std                  | 0.768     |
|    value_loss           | 0.00747   |
---------------------------------------
------------------------------------------
| rollout/                |              |
|    ep_len_mean          | 5e+03        |
|    ep_rew_mean          | -55          |
| time/                   |              |
|    fps                  | 7            |
|    iterations           | 129          |
|    time_elapsed         | 3323         |
|    total_timesteps      | 25800        |
| train/                  |              |
|    approx_kl            | 0.0101325605 |
|    clip_fraction        | 0.159        |
|    clip_range           | 0.2          |
|    entropy_loss         | -1.16        |
|    explained_variance   | 0.766        |
|    learning_rate        | 0.0003       |
|    loss                 | 0.0335       |
|    n_updates            | 1280         |
|    policy_gradient_loss | -0.0185      |
|    std                  | 0.768        |
|    value_loss           | 0.00133      |
------------------------------------------
-----------------------------------------
| rollout/                |             |
|    ep_len_mean          | 5e+03       |
|    ep_rew_mean          | -55         |
| time/                   |             |
|    fps                  | 7           |
|    iterations           | 130         |
|    time_elapsed         | 3347        |
|    total_timesteps      | 26000       |
| train/                  |             |
|    approx_kl            | 0.010440197 |
|    clip_fraction        | 0.0684      |
|    clip_range           | 0.2         |
|    entropy_loss         | -1.16       |
|    explained_variance   | 0.692       |
|    learning_rate        | 0.0003      |
|    loss                 | -0.0486     |
|    n_updates            | 1290        |
|    policy_gradient_loss | -0.00984    |
|    std                  | 0.771       |
|    value_loss           | 0.000337    |
-----------------------------------------
-------------------------------------------
| rollout/                |               |
|    ep_len_mean          | 5e+03         |
|    ep_rew_mean          | -55           |
| time/                   |               |
|    fps                  | 7             |
|    iterations           | 131           |
|    time_elapsed         | 3372          |
|    total_timesteps      | 26200         |
| train/                  |               |
|    approx_kl            | 0.00023074704 |
|    clip_fraction        | 0             |
|    clip_range           | 0.2           |
|    entropy_loss         | -1.16         |
|    explained_variance   | -0.0704       |
|    learning_rate        | 0.0003        |
|    loss                 | 0.00419       |
|    n_updates            | 1300          |
|    policy_gradient_loss | 0.000287      |
|    std                  | 0.778         |
|    value_loss           | 0.000106      |
-------------------------------------------
------------------------------------------
| rollout/                |              |
|    ep_len_mean          | 5e+03        |
|    ep_rew_mean          | -55          |
| time/                   |              |
|    fps                  | 7            |
|    iterations           | 132          |
|    time_elapsed         | 3397         |
|    total_timesteps      | 26400        |
| train/                  |              |
|    approx_kl            | 0.0040926663 |
|    clip_fraction        | 0.0246       |
|    clip_range           | 0.2          |
|    entropy_loss         | -1.17        |
|    explained_variance   | -2.15        |
|    learning_rate        | 0.0003       |
|    loss                 | -0.018       |
|    n_updates            | 1310         |
|    policy_gradient_loss | -0.0045      |
|    std                  | 0.777        |
|    value_loss           | 0.000244     |
------------------------------------------
------------------------------------------
| rollout/                |              |
|    ep_len_mean          | 5e+03        |
|    ep_rew_mean          | -55          |
| time/                   |              |
|    fps                  | 7            |
|    iterations           | 133          |
|    time_elapsed         | 3422         |
|    total_timesteps      | 26600        |
| train/                  |              |
|    approx_kl            | 0.0040508816 |
|    clip_fraction        | 0.0195       |
|    clip_range           | 0.2          |
|    entropy_loss         | -1.17        |
|    explained_variance   | 0.731        |
|    learning_rate        | 0.0003       |
|    loss                 | 0.00232      |
|    n_updates            | 1320         |
|    policy_gradient_loss | -0.00212     |
|    std                  | 0.777        |
|    value_loss           | 3.17e-05     |
------------------------------------------
-----------------------------------------
| rollout/                |             |
|    ep_len_mean          | 5e+03       |
|    ep_rew_mean          | -55         |
| time/                   |             |
|    fps                  | 7           |
|    iterations           | 134         |
|    time_elapsed         | 3447        |
|    total_timesteps      | 26800       |
| train/                  |             |
|    approx_kl            | 0.005066874 |
|    clip_fraction        | 0.084       |
|    clip_range           | 0.2         |
|    entropy_loss         | -1.17       |
|    explained_variance   | -12.3       |
|    learning_rate        | 0.0003      |
|    loss                 | 0.0438      |
|    n_updates            | 1330        |
|    policy_gradient_loss | -0.0125     |
|    std                  | 0.776       |
|    value_loss           | 0.00108     |
-----------------------------------------
------------------------------------------
| rollout/                |              |
|    ep_len_mean          | 5e+03        |
|    ep_rew_mean          | -55          |
| time/                   |              |
|    fps                  | 7            |
|    iterations           | 135          |
|    time_elapsed         | 3472         |
|    total_timesteps      | 27000        |
| train/                  |              |
|    approx_kl            | 0.0063616238 |
|    clip_fraction        | 0.0148       |
|    clip_range           | 0.2          |
|    entropy_loss         | -1.16        |
|    explained_variance   | -12.1        |
|    learning_rate        | 0.0003       |
|    loss                 | -0.00435     |
|    n_updates            | 1340         |
|    policy_gradient_loss | -0.00416     |
|    std                  | 0.774        |
|    value_loss           | 0.00198      |
------------------------------------------
-----------------------------------------
| rollout/                |             |
|    ep_len_mean          | 5e+03       |
|    ep_rew_mean          | -55         |
| time/                   |             |
|    fps                  | 7           |
|    iterations           | 136         |
|    time_elapsed         | 3497        |
|    total_timesteps      | 27200       |
| train/                  |             |
|    approx_kl            | 0.010631563 |
|    clip_fraction        | 0.0781      |
|    clip_range           | 0.2         |
|    entropy_loss         | -1.16       |
|    explained_variance   | -6.33       |
|    learning_rate        | 0.0003      |
|    loss                 | 0.0118      |
|    n_updates            | 1350        |
|    policy_gradient_loss | -0.00755    |
|    std                  | 0.772       |
|    value_loss           | 0.00153     |
-----------------------------------------
------------------------------------------
| rollout/                |              |
|    ep_len_mean          | 5e+03        |
|    ep_rew_mean          | -55          |
| time/                   |              |
|    fps                  | 7            |
|    iterations           | 137          |
|    time_elapsed         | 3522         |
|    total_timesteps      | 27400        |
| train/                  |              |
|    approx_kl            | 0.0051086256 |
|    clip_fraction        | 0.157        |
|    clip_range           | 0.2          |
|    entropy_loss         | -1.16        |
|    explained_variance   | 0.853        |
|    learning_rate        | 0.0003       |
|    loss                 | -0.0195      |
|    n_updates            | 1360         |
|    policy_gradient_loss | -0.0123      |
|    std                  | 0.774        |
|    value_loss           | 4.72e-06     |
------------------------------------------
-----------------------------------------
| rollout/                |             |
|    ep_len_mean          | 5e+03       |
|    ep_rew_mean          | -55         |
| time/                   |             |
|    fps                  | 7           |
|    iterations           | 138         |
|    time_elapsed         | 3547        |
|    total_timesteps      | 27600       |
| train/                  |             |
|    approx_kl            | 0.007972032 |
|    clip_fraction        | 0.0855      |
|    clip_range           | 0.2         |
|    entropy_loss         | -1.17       |
|    explained_variance   | 0.809       |
|    learning_rate        | 0.0003      |
|    loss                 | 0.0387      |
|    n_updates            | 1370        |
|    policy_gradient_loss | -0.00726    |
|    std                  | 0.779       |
|    value_loss           | 8.41e-06    |
-----------------------------------------
----------------------------------------
| rollout/                |            |
|    ep_len_mean          | 5e+03      |
|    ep_rew_mean          | -55        |
| time/                   |            |
|    fps                  | 7          |
|    iterations           | 139        |
|    time_elapsed         | 3572       |
|    total_timesteps      | 27800      |
| train/                  |            |
|    approx_kl            | 0.00402815 |
|    clip_fraction        | 0.0848     |
|    clip_range           | 0.2        |
|    entropy_loss         | -1.17      |
|    explained_variance   | 0.852      |
|    learning_rate        | 0.0003     |
|    loss                 | -0.00681   |
|    n_updates            | 1380       |
|    policy_gradient_loss | -0.00331   |
|    std                  | 0.78       |
|    value_loss           | 9.94e-06   |
----------------------------------------
-----------------------------------------
| rollout/                |             |
|    ep_len_mean          | 5e+03       |
|    ep_rew_mean          | -55         |
| time/                   |             |
|    fps                  | 7           |
|    iterations           | 140         |
|    time_elapsed         | 3597        |
|    total_timesteps      | 28000       |
| train/                  |             |
|    approx_kl            | 0.002858019 |
|    clip_fraction        | 0.00547     |
|    clip_range           | 0.2         |
|    entropy_loss         | -1.17       |
|    explained_variance   | -1.09       |
|    learning_rate        | 0.0003      |
|    loss                 | 0.00405     |
|    n_updates            | 1390        |
|    policy_gradient_loss | -0.00351    |
|    std                  | 0.775       |
|    value_loss           | 0.000997    |
-----------------------------------------
-----------------------------------------
| rollout/                |             |
|    ep_len_mean          | 5e+03       |
|    ep_rew_mean          | -55         |
| time/                   |             |
|    fps                  | 7           |
|    iterations           | 141         |
|    time_elapsed         | 3622        |
|    total_timesteps      | 28200       |
| train/                  |             |
|    approx_kl            | 0.009511637 |
|    clip_fraction        | 0.0207      |
|    clip_range           | 0.2         |
|    entropy_loss         | -1.16       |
|    explained_variance   | -5.6        |
|    learning_rate        | 0.0003      |
|    loss                 | 0.169       |
|    n_updates            | 1400        |
|    policy_gradient_loss | -0.00268    |
|    std                  | 0.77        |
|    value_loss           | 0.000912    |
-----------------------------------------
------------------------------------------
| rollout/                |              |
|    ep_len_mean          | 5e+03        |
|    ep_rew_mean          | -55          |
| time/                   |              |
|    fps                  | 7            |
|    iterations           | 142          |
|    time_elapsed         | 3647         |
|    total_timesteps      | 28400        |
| train/                  |              |
|    approx_kl            | 0.0072632967 |
|    clip_fraction        | 0.034        |
|    clip_range           | 0.2          |
|    entropy_loss         | -1.16        |
|    explained_variance   | -1.05        |
|    learning_rate        | 0.0003       |
|    loss                 | -0.0251      |
|    n_updates            | 1410         |
|    policy_gradient_loss | -0.00245     |
|    std                  | 0.77         |
|    value_loss           | 1.28e-05     |
------------------------------------------
-----------------------------------------
| rollout/                |             |
|    ep_len_mean          | 5e+03       |
|    ep_rew_mean          | -55         |
| time/                   |             |
|    fps                  | 7           |
|    iterations           | 143         |
|    time_elapsed         | 3672        |
|    total_timesteps      | 28600       |
| train/                  |             |
|    approx_kl            | 0.010673431 |
|    clip_fraction        | 0.0391      |
|    clip_range           | 0.2         |
|    entropy_loss         | -1.16       |
|    explained_variance   | -3.11       |
|    learning_rate        | 0.0003      |
|    loss                 | -0.0389     |
|    n_updates            | 1420        |
|    policy_gradient_loss | -0.00875    |
|    std                  | 0.773       |
|    value_loss           | 0.00157     |
-----------------------------------------
-----------------------------------------
| rollout/                |             |
|    ep_len_mean          | 5e+03       |
|    ep_rew_mean          | -55         |
| time/                   |             |
|    fps                  | 7           |
|    iterations           | 144         |
|    time_elapsed         | 3696        |
|    total_timesteps      | 28800       |
| train/                  |             |
|    approx_kl            | 0.004413763 |
|    clip_fraction        | 0.041       |
|    clip_range           | 0.2         |
|    entropy_loss         | -1.16       |
|    explained_variance   | 0.109       |
|    learning_rate        | 0.0003      |
|    loss                 | 0.000924    |
|    n_updates            | 1430        |
|    policy_gradient_loss | -0.00187    |
|    std                  | 0.771       |
|    value_loss           | 1.78e-05    |
-----------------------------------------
-----------------------------------------
| rollout/                |             |
|    ep_len_mean          | 5e+03       |
|    ep_rew_mean          | -55         |
| time/                   |             |
|    fps                  | 7           |
|    iterations           | 145         |
|    time_elapsed         | 3721        |
|    total_timesteps      | 29000       |
| train/                  |             |
|    approx_kl            | 0.007037811 |
|    clip_fraction        | 0.0258      |
|    clip_range           | 0.2         |
|    entropy_loss         | -1.16       |
|    explained_variance   | -5.67       |
|    learning_rate        | 0.0003      |
|    loss                 | 0.018       |
|    n_updates            | 1440        |
|    policy_gradient_loss | -0.00169    |
|    std                  | 0.769       |
|    value_loss           | 0.000569    |
-----------------------------------------
-----------------------------------------
| rollout/                |             |
|    ep_len_mean          | 5e+03       |
|    ep_rew_mean          | -55         |
| time/                   |             |
|    fps                  | 7           |
|    iterations           | 146         |
|    time_elapsed         | 3745        |
|    total_timesteps      | 29200       |
| train/                  |             |
|    approx_kl            | 0.009263676 |
|    clip_fraction        | 0.129       |
|    clip_range           | 0.2         |
|    entropy_loss         | -1.15       |
|    explained_variance   | -0.277      |
|    learning_rate        | 0.0003      |
|    loss                 | 0.0156      |
|    n_updates            | 1450        |
|    policy_gradient_loss | -0.0101     |
|    std                  | 0.765       |
|    value_loss           | 4.09e-05    |
-----------------------------------------
------------------------------------------
| rollout/                |              |
|    ep_len_mean          | 5e+03        |
|    ep_rew_mean          | -55          |
| time/                   |              |
|    fps                  | 7            |
|    iterations           | 147          |
|    time_elapsed         | 3770         |
|    total_timesteps      | 29400        |
| train/                  |              |
|    approx_kl            | 0.0014755235 |
|    clip_fraction        | 0            |
|    clip_range           | 0.2          |
|    entropy_loss         | -1.15        |
|    explained_variance   | 0.101        |
|    learning_rate        | 0.0003       |
|    loss                 | -0.0186      |
|    n_updates            | 1460         |
|    policy_gradient_loss | -0.000441    |
|    std                  | 0.764        |
|    value_loss           | 4.53e-05     |
------------------------------------------
-----------------------------------------
| rollout/                |             |
|    ep_len_mean          | 5e+03       |
|    ep_rew_mean          | -55         |
| time/                   |             |
|    fps                  | 7           |
|    iterations           | 148         |
|    time_elapsed         | 3794        |
|    total_timesteps      | 29600       |
| train/                  |             |
|    approx_kl            | 0.026308814 |
|    clip_fraction        | 0.132       |
|    clip_range           | 0.2         |
|    entropy_loss         | -1.15       |
|    explained_variance   | -3.82       |
|    learning_rate        | 0.0003      |
|    loss                 | 0.0305      |
|    n_updates            | 1470        |
|    policy_gradient_loss | -0.0107     |
|    std                  | 0.762       |
|    value_loss           | 0.000665    |
-----------------------------------------
------------------------------------------
| rollout/                |              |
|    ep_len_mean          | 5e+03        |
|    ep_rew_mean          | -55          |
| time/                   |              |
|    fps                  | 7            |
|    iterations           | 149          |
|    time_elapsed         | 3818         |
|    total_timesteps      | 29800        |
| train/                  |              |
|    approx_kl            | 0.0038741457 |
|    clip_fraction        | 0.0043       |
|    clip_range           | 0.2          |
|    entropy_loss         | -1.14        |
|    explained_variance   | -0.0164      |
|    learning_rate        | 0.0003       |
|    loss                 | -0.0251      |
|    n_updates            | 1480         |
|    policy_gradient_loss | -0.00157     |
|    std                  | 0.754        |
|    value_loss           | 3.65e-05     |
------------------------------------------
-----------------------------------------
| rollout/                |             |
|    ep_len_mean          | 5e+03       |
|    ep_rew_mean          | -55         |
| time/                   |             |
|    fps                  | 7           |
|    iterations           | 150         |
|    time_elapsed         | 3843        |
|    total_timesteps      | 30000       |
| train/                  |             |
|    approx_kl            | 0.012150802 |
|    clip_fraction        | 0.0598      |
|    clip_range           | 0.2         |
|    entropy_loss         | -1.14       |
|    explained_variance   | 0.173       |
|    learning_rate        | 0.0003      |
|    loss                 | -0.0299     |
|    n_updates            | 1490        |
|    policy_gradient_loss | -0.00263    |
|    std                  | 0.753       |
|    value_loss           | 5.45e-05    |
-----------------------------------------
-----------------------------------------
| rollout/                |             |
|    ep_len_mean          | 5e+03       |
|    ep_rew_mean          | -54.6       |
| time/                   |             |
|    fps                  | 7           |
|    iterations           | 151         |
|    time_elapsed         | 3869        |
|    total_timesteps      | 30200       |
| train/                  |             |
|    approx_kl            | 0.004813962 |
|    clip_fraction        | 0.0402      |
|    clip_range           | 0.2         |
|    entropy_loss         | -1.14       |
|    explained_variance   | -1.15       |
|    learning_rate        | 0.0003      |
|    loss                 | 0.0322      |
|    n_updates            | 1500        |
|    policy_gradient_loss | -0.00903    |
|    std                  | 0.753       |
|    value_loss           | 0.000904    |
-----------------------------------------
-----------------------------------------
| rollout/                |             |
|    ep_len_mean          | 5e+03       |
|    ep_rew_mean          | -54.6       |
| time/                   |             |
|    fps                  | 7           |
|    iterations           | 152         |
|    time_elapsed         | 3894        |
|    total_timesteps      | 30400       |
| train/                  |             |
|    approx_kl            | 0.005092995 |
|    clip_fraction        | 0.0297      |
|    clip_range           | 0.2         |
|    entropy_loss         | -1.14       |
|    explained_variance   | 0.855       |
|    learning_rate        | 0.0003      |
|    loss                 | -0.00091    |
|    n_updates            | 1510        |
|    policy_gradient_loss | -0.00644    |
|    std                  | 0.753       |
|    value_loss           | 0.0147      |
-----------------------------------------
-----------------------------------------
| rollout/                |             |
|    ep_len_mean          | 5e+03       |
|    ep_rew_mean          | -54.6       |
| time/                   |             |
|    fps                  | 7           |
|    iterations           | 153         |
|    time_elapsed         | 3919        |
|    total_timesteps      | 30600       |
| train/                  |             |
|    approx_kl            | 0.003919095 |
|    clip_fraction        | 0.0133      |
|    clip_range           | 0.2         |
|    entropy_loss         | -1.13       |
|    explained_variance   | 0.0422      |
|    learning_rate        | 0.0003      |
|    loss                 | 0.026       |
|    n_updates            | 1520        |
|    policy_gradient_loss | -0.00546    |
|    std                  | 0.752       |
|    value_loss           | 0.00594     |
-----------------------------------------
-----------------------------------------
| rollout/                |             |
|    ep_len_mean          | 5e+03       |
|    ep_rew_mean          | -54.6       |
| time/                   |             |
|    fps                  | 7           |
|    iterations           | 154         |
|    time_elapsed         | 3944        |
|    total_timesteps      | 30800       |
| train/                  |             |
|    approx_kl            | 0.009647724 |
|    clip_fraction        | 0.0629      |
|    clip_range           | 0.2         |
|    entropy_loss         | -1.13       |
|    explained_variance   | 0.79        |
|    learning_rate        | 0.0003      |
|    loss                 | 0.0143      |
|    n_updates            | 1530        |
|    policy_gradient_loss | -0.00623    |
|    std                  | 0.751       |
|    value_loss           | 0.00157     |
-----------------------------------------
-----------------------------------------
| rollout/                |             |
|    ep_len_mean          | 5e+03       |
|    ep_rew_mean          | -54.6       |
| time/                   |             |
|    fps                  | 7           |
|    iterations           | 155         |
|    time_elapsed         | 3969        |
|    total_timesteps      | 31000       |
| train/                  |             |
|    approx_kl            | 0.008550247 |
|    clip_fraction        | 0.0359      |
|    clip_range           | 0.2         |
|    entropy_loss         | -1.13       |
|    explained_variance   | 0.468       |
|    learning_rate        | 0.0003      |
|    loss                 | -0.0452     |
|    n_updates            | 1540        |
|    policy_gradient_loss | -0.0036     |
|    std                  | 0.75        |
|    value_loss           | 0.000557    |
-----------------------------------------
-----------------------------------------
| rollout/                |             |
|    ep_len_mean          | 5e+03       |
|    ep_rew_mean          | -54.6       |
| time/                   |             |
|    fps                  | 7           |
|    iterations           | 156         |
|    time_elapsed         | 3994        |
|    total_timesteps      | 31200       |
| train/                  |             |
|    approx_kl            | 0.002800252 |
|    clip_fraction        | 0.0383      |
|    clip_range           | 0.2         |
|    entropy_loss         | -1.14       |
|    explained_variance   | -0.549      |
|    learning_rate        | 0.0003      |
|    loss                 | -0.00137    |
|    n_updates            | 1550        |
|    policy_gradient_loss | -0.00366    |
|    std                  | 0.757       |
|    value_loss           | 0.000179    |
-----------------------------------------
------------------------------------------
| rollout/                |              |
|    ep_len_mean          | 5e+03        |
|    ep_rew_mean          | -54.6        |
| time/                   |              |
|    fps                  | 7            |
|    iterations           | 157          |
|    time_elapsed         | 4019         |
|    total_timesteps      | 31400        |
| train/                  |              |
|    approx_kl            | 0.0050940327 |
|    clip_fraction        | 0.0609       |
|    clip_range           | 0.2          |
|    entropy_loss         | -1.14        |
|    explained_variance   | 0.0963       |
|    learning_rate        | 0.0003       |
|    loss                 | 0.00683      |
|    n_updates            | 1560         |
|    policy_gradient_loss | -0.00705     |
|    std                  | 0.758        |
|    value_loss           | 0.000608     |
------------------------------------------
-------------------------------------------
| rollout/                |               |
|    ep_len_mean          | 5e+03         |
|    ep_rew_mean          | -54.6         |
| time/                   |               |
|    fps                  | 7             |
|    iterations           | 158           |
|    time_elapsed         | 4044          |
|    total_timesteps      | 31600         |
| train/                  |               |
|    approx_kl            | 7.2522555e-05 |
|    clip_fraction        | 0             |
|    clip_range           | 0.2           |
|    entropy_loss         | -1.14         |
|    explained_variance   | 0.6           |
|    learning_rate        | 0.0003        |
|    loss                 | -0.00023      |
|    n_updates            | 1570          |
|    policy_gradient_loss | 0.000408      |
|    std                  | 0.756         |
|    value_loss           | 7.29e-05      |
-------------------------------------------
------------------------------------------
| rollout/                |              |
|    ep_len_mean          | 5e+03        |
|    ep_rew_mean          | -54.6        |
| time/                   |              |
|    fps                  | 7            |
|    iterations           | 159          |
|    time_elapsed         | 4069         |
|    total_timesteps      | 31800        |
| train/                  |              |
|    approx_kl            | 0.0010673562 |
|    clip_fraction        | 0            |
|    clip_range           | 0.2          |
|    entropy_loss         | -1.14        |
|    explained_variance   | 0.855        |
|    learning_rate        | 0.0003       |
|    loss                 | -0.0204      |
|    n_updates            | 1580         |
|    policy_gradient_loss | -0.000734    |
|    std                  | 0.754        |
|    value_loss           | 1.53e-05     |
------------------------------------------
------------------------------------------
| rollout/                |              |
|    ep_len_mean          | 5e+03        |
|    ep_rew_mean          | -54.6        |
| time/                   |              |
|    fps                  | 7            |
|    iterations           | 160          |
|    time_elapsed         | 4094         |
|    total_timesteps      | 32000        |
| train/                  |              |
|    approx_kl            | 0.0025816502 |
|    clip_fraction        | 0.0156       |
|    clip_range           | 0.2          |
|    entropy_loss         | -1.14        |
|    explained_variance   | 0.564        |
|    learning_rate        | 0.0003       |
|    loss                 | -0.00438     |
|    n_updates            | 1590         |
|    policy_gradient_loss | 0.000317     |
|    std                  | 0.754        |
|    value_loss           | 1.43e-05     |
------------------------------------------
------------------------------------------
| rollout/                |              |
|    ep_len_mean          | 5e+03        |
|    ep_rew_mean          | -54.6        |
| time/                   |              |
|    fps                  | 7            |
|    iterations           | 161          |
|    time_elapsed         | 4119         |
|    total_timesteps      | 32200        |
| train/                  |              |
|    approx_kl            | 0.0031612983 |
|    clip_fraction        | 0.00469      |
|    clip_range           | 0.2          |
|    entropy_loss         | -1.13        |
|    explained_variance   | 0.181        |
|    learning_rate        | 0.0003       |
|    loss                 | -0.0148      |
|    n_updates            | 1600         |
|    policy_gradient_loss | -1.57e-05    |
|    std                  | 0.75         |
|    value_loss           | 7.02e-06     |
------------------------------------------
------------------------------------------
| rollout/                |              |
|    ep_len_mean          | 5e+03        |
|    ep_rew_mean          | -54.6        |
| time/                   |              |
|    fps                  | 7            |
|    iterations           | 162          |
|    time_elapsed         | 4144         |
|    total_timesteps      | 32400        |
| train/                  |              |
|    approx_kl            | 0.0052134423 |
|    clip_fraction        | 0.0648       |
|    clip_range           | 0.2          |
|    entropy_loss         | -1.13        |
|    explained_variance   | -0.599       |
|    learning_rate        | 0.0003       |
|    loss                 | 0.00505      |
|    n_updates            | 1610         |
|    policy_gradient_loss | -0.00863     |
|    std                  | 0.745        |
|    value_loss           | 0.000609     |
------------------------------------------
------------------------------------------
| rollout/                |              |
|    ep_len_mean          | 5e+03        |
|    ep_rew_mean          | -54.6        |
| time/                   |              |
|    fps                  | 7            |
|    iterations           | 163          |
|    time_elapsed         | 4169         |
|    total_timesteps      | 32600        |
| train/                  |              |
|    approx_kl            | 0.0059653837 |
|    clip_fraction        | 0.0344       |
|    clip_range           | 0.2          |
|    entropy_loss         | -1.12        |
|    explained_variance   | 0.929        |
|    learning_rate        | 0.0003       |
|    loss                 | 0.0461       |
|    n_updates            | 1620         |
|    policy_gradient_loss | -0.000975    |
|    std                  | 0.744        |
|    value_loss           | 9.53e-06     |
------------------------------------------
-----------------------------------------
| rollout/                |             |
|    ep_len_mean          | 5e+03       |
|    ep_rew_mean          | -54.6       |
| time/                   |             |
|    fps                  | 7           |
|    iterations           | 164         |
|    time_elapsed         | 4193        |
|    total_timesteps      | 32800       |
| train/                  |             |
|    approx_kl            | 0.005296243 |
|    clip_fraction        | 0.143       |
|    clip_range           | 0.2         |
|    entropy_loss         | -1.12       |
|    explained_variance   | 0.977       |
|    learning_rate        | 0.0003      |
|    loss                 | 0.00666     |
|    n_updates            | 1630        |
|    policy_gradient_loss | -0.0105     |
|    std                  | 0.743       |
|    value_loss           | 1.69e-07    |
-----------------------------------------
-----------------------------------------
| rollout/                |             |
|    ep_len_mean          | 5e+03       |
|    ep_rew_mean          | -54.6       |
| time/                   |             |
|    fps                  | 7           |
|    iterations           | 165         |
|    time_elapsed         | 4218        |
|    total_timesteps      | 33000       |
| train/                  |             |
|    approx_kl            | 0.005390412 |
|    clip_fraction        | 0.0746      |
|    clip_range           | 0.2         |
|    entropy_loss         | -1.12       |
|    explained_variance   | 0.896       |
|    learning_rate        | 0.0003      |
|    loss                 | -0.0209     |
|    n_updates            | 1640        |
|    policy_gradient_loss | 0.000901    |
|    std                  | 0.742       |
|    value_loss           | 4.21e-06    |
-----------------------------------------
------------------------------------------
| rollout/                |              |
|    ep_len_mean          | 5e+03        |
|    ep_rew_mean          | -54.6        |
| time/                   |              |
|    fps                  | 7            |
|    iterations           | 166          |
|    time_elapsed         | 4243         |
|    total_timesteps      | 33200        |
| train/                  |              |
|    approx_kl            | 0.0029143943 |
|    clip_fraction        | 0.00273      |
|    clip_range           | 0.2          |
|    entropy_loss         | -1.12        |
|    explained_variance   | 0.386        |
|    learning_rate        | 0.0003       |
|    loss                 | 0.0386       |
|    n_updates            | 1650         |
|    policy_gradient_loss | -0.000437    |
|    std                  | 0.739        |
|    value_loss           | 4.63e-06     |
------------------------------------------
-------------------------------------------
| rollout/                |               |
|    ep_len_mean          | 5e+03         |
|    ep_rew_mean          | -54.6         |
| time/                   |               |
|    fps                  | 7             |
|    iterations           | 167           |
|    time_elapsed         | 4267          |
|    total_timesteps      | 33400         |
| train/                  |               |
|    approx_kl            | 1.6011065e-05 |
|    clip_fraction        | 0             |
|    clip_range           | 0.2           |
|    entropy_loss         | -1.12         |
|    explained_variance   | -1.42         |
|    learning_rate        | 0.0003        |
|    loss                 | -0.00151      |
|    n_updates            | 1660          |
|    policy_gradient_loss | -0.000436     |
|    std                  | 0.742         |
|    value_loss           | 1.02e-05      |
-------------------------------------------
------------------------------------------
| rollout/                |              |
|    ep_len_mean          | 5e+03        |
|    ep_rew_mean          | -54.6        |
| time/                   |              |
|    fps                  | 7            |
|    iterations           | 168          |
|    time_elapsed         | 4292         |
|    total_timesteps      | 33600        |
| train/                  |              |
|    approx_kl            | 0.0021437705 |
|    clip_fraction        | 0.0437       |
|    clip_range           | 0.2          |
|    entropy_loss         | -1.12        |
|    explained_variance   | 0.257        |
|    learning_rate        | 0.0003       |
|    loss                 | 0.019        |
|    n_updates            | 1670         |
|    policy_gradient_loss | 0.00263      |
|    std                  | 0.743        |
|    value_loss           | 8.31e-06     |
------------------------------------------
------------------------------------------
| rollout/                |              |
|    ep_len_mean          | 5e+03        |
|    ep_rew_mean          | -54.6        |
| time/                   |              |
|    fps                  | 7            |
|    iterations           | 169          |
|    time_elapsed         | 4316         |
|    total_timesteps      | 33800        |
| train/                  |              |
|    approx_kl            | 0.0016254173 |
|    clip_fraction        | 0            |
|    clip_range           | 0.2          |
|    entropy_loss         | -1.12        |
|    explained_variance   | 0.687        |
|    learning_rate        | 0.0003       |
|    loss                 | -0.00996     |
|    n_updates            | 1680         |
|    policy_gradient_loss | 0.000693     |
|    std                  | 0.738        |
|    value_loss           | 1.03e-05     |
------------------------------------------
------------------------------------------
| rollout/                |              |
|    ep_len_mean          | 5e+03        |
|    ep_rew_mean          | -54.6        |
| time/                   |              |
|    fps                  | 7            |
|    iterations           | 170          |
|    time_elapsed         | 4341         |
|    total_timesteps      | 34000        |
| train/                  |              |
|    approx_kl            | 0.0043327603 |
|    clip_fraction        | 0.1          |
|    clip_range           | 0.2          |
|    entropy_loss         | -1.11        |
|    explained_variance   | 0.177        |
|    learning_rate        | 0.0003       |
|    loss                 | 0.0302       |
|    n_updates            | 1690         |
|    policy_gradient_loss | -0.00407     |
|    std                  | 0.738        |
|    value_loss           | 1.42e-05     |
------------------------------------------
------------------------------------------
| rollout/                |              |
|    ep_len_mean          | 5e+03        |
|    ep_rew_mean          | -54.6        |
| time/                   |              |
|    fps                  | 7            |
|    iterations           | 171          |
|    time_elapsed         | 4365         |
|    total_timesteps      | 34200        |
| train/                  |              |
|    approx_kl            | 0.0067127827 |
|    clip_fraction        | 0.125        |
|    clip_range           | 0.2          |
|    entropy_loss         | -1.11        |
|    explained_variance   | 0.406        |
|    learning_rate        | 0.0003       |
|    loss                 | 0.0128       |
|    n_updates            | 1700         |
|    policy_gradient_loss | -0.00628     |
|    std                  | 0.736        |
|    value_loss           | 1.41e-05     |
------------------------------------------
-----------------------------------------
| rollout/                |             |
|    ep_len_mean          | 5e+03       |
|    ep_rew_mean          | -54.6       |
| time/                   |             |
|    fps                  | 7           |
|    iterations           | 172         |
|    time_elapsed         | 4389        |
|    total_timesteps      | 34400       |
| train/                  |             |
|    approx_kl            | 0.011844036 |
|    clip_fraction        | 0.0535      |
|    clip_range           | 0.2         |
|    entropy_loss         | -1.11       |
|    explained_variance   | -0.523      |
|    learning_rate        | 0.0003      |
|    loss                 | -0.00283    |
|    n_updates            | 1710        |
|    policy_gradient_loss | -0.00337    |
|    std                  | 0.734       |
|    value_loss           | 3.12e-05    |
-----------------------------------------
------------------------------------------
| rollout/                |              |
|    ep_len_mean          | 5e+03        |
|    ep_rew_mean          | -54.6        |
| time/                   |              |
|    fps                  | 7            |
|    iterations           | 173          |
|    time_elapsed         | 4413         |
|    total_timesteps      | 34600        |
| train/                  |              |
|    approx_kl            | 0.0025355667 |
|    clip_fraction        | 0.000391     |
|    clip_range           | 0.2          |
|    entropy_loss         | -1.11        |
|    explained_variance   | 0.0689       |
|    learning_rate        | 0.0003       |
|    loss                 | 0.0273       |
|    n_updates            | 1720         |
|    policy_gradient_loss | 0.000969     |
|    std                  | 0.735        |
|    value_loss           | 3.49e-05     |
------------------------------------------
-------------------------------------------
| rollout/                |               |
|    ep_len_mean          | 5e+03         |
|    ep_rew_mean          | -54.6         |
| time/                   |               |
|    fps                  | 7             |
|    iterations           | 174           |
|    time_elapsed         | 4438          |
|    total_timesteps      | 34800         |
| train/                  |               |
|    approx_kl            | 0.00041821692 |
|    clip_fraction        | 0             |
|    clip_range           | 0.2           |
|    entropy_loss         | -1.11         |
|    explained_variance   | -0.00761      |
|    learning_rate        | 0.0003        |
|    loss                 | -0.0143       |
|    n_updates            | 1730          |
|    policy_gradient_loss | 0.000132      |
|    std                  | 0.735         |
|    value_loss           | 4.67e-05      |
-------------------------------------------
----------------------------------------
| rollout/                |            |
|    ep_len_mean          | 5e+03      |
|    ep_rew_mean          | -54.6      |
| time/                   |            |
|    fps                  | 7          |
|    iterations           | 175        |
|    time_elapsed         | 4462       |
|    total_timesteps      | 35000      |
| train/                  |            |
|    approx_kl            | 0.01253258 |
|    clip_fraction        | 0.0391     |
|    clip_range           | 0.2        |
|    entropy_loss         | -1.11      |
|    explained_variance   | -0.0518    |
|    learning_rate        | 0.0003     |
|    loss                 | -0.0206    |
|    n_updates            | 1740       |
|    policy_gradient_loss | -0.00137   |
|    std                  | 0.735      |
|    value_loss           | 4.13e-05   |
----------------------------------------
-----------------------------------------
| rollout/                |             |
|    ep_len_mean          | 5e+03       |
|    ep_rew_mean          | -54.3       |
| time/                   |             |
|    fps                  | 7           |
|    iterations           | 176         |
|    time_elapsed         | 4487        |
|    total_timesteps      | 35200       |
| train/                  |             |
|    approx_kl            | 0.008657202 |
|    clip_fraction        | 0.176       |
|    clip_range           | 0.2         |
|    entropy_loss         | -1.11       |
|    explained_variance   | 0.209       |
|    learning_rate        | 0.0003      |
|    loss                 | 0.0244      |
|    n_updates            | 1750        |
|    policy_gradient_loss | -0.0172     |
|    std                  | 0.733       |
|    value_loss           | 3.26e-05    |
-----------------------------------------
------------------------------------------
| rollout/                |              |
|    ep_len_mean          | 5e+03        |
|    ep_rew_mean          | -54.3        |
| time/                   |              |
|    fps                  | 7            |
|    iterations           | 177          |
|    time_elapsed         | 4512         |
|    total_timesteps      | 35400        |
| train/                  |              |
|    approx_kl            | 0.0054497425 |
|    clip_fraction        | 0.0227       |
|    clip_range           | 0.2          |
|    entropy_loss         | -1.11        |
|    explained_variance   | 0.867        |
|    learning_rate        | 0.0003       |
|    loss                 | 0.0131       |
|    n_updates            | 1760         |
|    policy_gradient_loss | -0.00206     |
|    std                  | 0.732        |
|    value_loss           | 0.0134       |
------------------------------------------
------------------------------------------
| rollout/                |              |
|    ep_len_mean          | 5e+03        |
|    ep_rew_mean          | -54.3        |
| time/                   |              |
|    fps                  | 7            |
|    iterations           | 178          |
|    time_elapsed         | 4537         |
|    total_timesteps      | 35600        |
| train/                  |              |
|    approx_kl            | 0.0102715045 |
|    clip_fraction        | 0.138        |
|    clip_range           | 0.2          |
|    entropy_loss         | -1.11        |
|    explained_variance   | -0.781       |
|    learning_rate        | 0.0003       |
|    loss                 | -0.00752     |
|    n_updates            | 1770         |
|    policy_gradient_loss | -0.0128      |
|    std                  | 0.735        |
|    value_loss           | 0.00585      |
------------------------------------------
------------------------------------------
| rollout/                |              |
|    ep_len_mean          | 5e+03        |
|    ep_rew_mean          | -54.3        |
| time/                   |              |
|    fps                  | 7            |
|    iterations           | 179          |
|    time_elapsed         | 4562         |
|    total_timesteps      | 35800        |
| train/                  |              |
|    approx_kl            | 0.0079513425 |
|    clip_fraction        | 0.0906       |
|    clip_range           | 0.2          |
|    entropy_loss         | -1.11        |
|    explained_variance   | 0.804        |
|    learning_rate        | 0.0003       |
|    loss                 | -0.00168     |
|    n_updates            | 1780         |
|    policy_gradient_loss | -0.00808     |
|    std                  | 0.737        |
|    value_loss           | 0.00172      |
------------------------------------------
------------------------------------------
| rollout/                |              |
|    ep_len_mean          | 5e+03        |
|    ep_rew_mean          | -54.3        |
| time/                   |              |
|    fps                  | 7            |
|    iterations           | 180          |
|    time_elapsed         | 4587         |
|    total_timesteps      | 36000        |
| train/                  |              |
|    approx_kl            | 0.0070324596 |
|    clip_fraction        | 0.0422       |
|    clip_range           | 0.2          |
|    entropy_loss         | -1.11        |
|    explained_variance   | 0.478        |
|    learning_rate        | 0.0003       |
|    loss                 | 0.0456       |
|    n_updates            | 1790         |
|    policy_gradient_loss | -0.00187     |
|    std                  | 0.735        |
|    value_loss           | 0.000698     |
------------------------------------------
-----------------------------------------
| rollout/                |             |
|    ep_len_mean          | 5e+03       |
|    ep_rew_mean          | -54.3       |
| time/                   |             |
|    fps                  | 7           |
|    iterations           | 181         |
|    time_elapsed         | 4612        |
|    total_timesteps      | 36200       |
| train/                  |             |
|    approx_kl            | 0.005433332 |
|    clip_fraction        | 0.0816      |
|    clip_range           | 0.2         |
|    entropy_loss         | -1.11       |
|    explained_variance   | -0.162      |
|    learning_rate        | 0.0003      |
|    loss                 | 0.00156     |
|    n_updates            | 1800        |
|    policy_gradient_loss | -0.00722    |
|    std                  | 0.732       |
|    value_loss           | 0.000127    |
-----------------------------------------
------------------------------------------
| rollout/                |              |
|    ep_len_mean          | 5e+03        |
|    ep_rew_mean          | -54.3        |
| time/                   |              |
|    fps                  | 7            |
|    iterations           | 182          |
|    time_elapsed         | 4636         |
|    total_timesteps      | 36400        |
| train/                  |              |
|    approx_kl            | 0.0017892234 |
|    clip_fraction        | 0.00781      |
|    clip_range           | 0.2          |
|    entropy_loss         | -1.11        |
|    explained_variance   | 0.124        |
|    learning_rate        | 0.0003       |
|    loss                 | -0.00663     |
|    n_updates            | 1810         |
|    policy_gradient_loss | -0.00142     |
|    std                  | 0.736        |
|    value_loss           | 3.84e-05     |
------------------------------------------
-----------------------------------------
| rollout/                |             |
|    ep_len_mean          | 5e+03       |
|    ep_rew_mean          | -54.3       |
| time/                   |             |
|    fps                  | 7           |
|    iterations           | 183         |
|    time_elapsed         | 4661        |
|    total_timesteps      | 36600       |
| train/                  |             |
|    approx_kl            | 0.004445823 |
|    clip_fraction        | 0.0789      |
|    clip_range           | 0.2         |
|    entropy_loss         | -1.11       |
|    explained_variance   | 0.88        |
|    learning_rate        | 0.0003      |
|    loss                 | -0.0252     |
|    n_updates            | 1820        |
|    policy_gradient_loss | -0.00482    |
|    std                  | 0.735       |
|    value_loss           | 1.31e-05    |
-----------------------------------------
------------------------------------------
| rollout/                |              |
|    ep_len_mean          | 5e+03        |
|    ep_rew_mean          | -54.3        |
| time/                   |              |
|    fps                  | 7            |
|    iterations           | 184          |
|    time_elapsed         | 4686         |
|    total_timesteps      | 36800        |
| train/                  |              |
|    approx_kl            | 0.0061013456 |
|    clip_fraction        | 0.0477       |
|    clip_range           | 0.2          |
|    entropy_loss         | -1.11        |
|    explained_variance   | 0.822        |
|    learning_rate        | 0.0003       |
|    loss                 | 0.039        |
|    n_updates            | 1830         |
|    policy_gradient_loss | -0.00323     |
|    std                  | 0.738        |
|    value_loss           | 5.36e-06     |
------------------------------------------
------------------------------------------
| rollout/                |              |
|    ep_len_mean          | 5e+03        |
|    ep_rew_mean          | -54.3        |
| time/                   |              |
|    fps                  | 7            |
|    iterations           | 185          |
|    time_elapsed         | 4711         |
|    total_timesteps      | 37000        |
| train/                  |              |
|    approx_kl            | 0.0012437024 |
|    clip_fraction        | 0            |
|    clip_range           | 0.2          |
|    entropy_loss         | -1.12        |
|    explained_variance   | 0.612        |
|    learning_rate        | 0.0003       |
|    loss                 | 0.0208       |
|    n_updates            | 1840         |
|    policy_gradient_loss | 8.43e-05     |
|    std                  | 0.742        |
|    value_loss           | 1.09e-05     |
------------------------------------------
-----------------------------------------
| rollout/                |             |
|    ep_len_mean          | 5e+03       |
|    ep_rew_mean          | -54.3       |
| time/                   |             |
|    fps                  | 7           |
|    iterations           | 186         |
|    time_elapsed         | 4736        |
|    total_timesteps      | 37200       |
| train/                  |             |
|    approx_kl            | 0.004277303 |
|    clip_fraction        | 0.0113      |
|    clip_range           | 0.2         |
|    entropy_loss         | -1.12       |
|    explained_variance   | 0.223       |
|    learning_rate        | 0.0003      |
|    loss                 | -0.0199     |
|    n_updates            | 1850        |
|    policy_gradient_loss | -0.000265   |
|    std                  | 0.745       |
|    value_loss           | 4.52e-06    |
-----------------------------------------
------------------------------------------
| rollout/                |              |
|    ep_len_mean          | 5e+03        |
|    ep_rew_mean          | -54.3        |
| time/                   |              |
|    fps                  | 7            |
|    iterations           | 187          |
|    time_elapsed         | 4761         |
|    total_timesteps      | 37400        |
| train/                  |              |
|    approx_kl            | 0.0036826234 |
|    clip_fraction        | 0.00742      |
|    clip_range           | 0.2          |
|    entropy_loss         | -1.13        |
|    explained_variance   | 0.759        |
|    learning_rate        | 0.0003       |
|    loss                 | -0.0398      |
|    n_updates            | 1860         |
|    policy_gradient_loss | -0.00215     |
|    std                  | 0.745        |
|    value_loss           | 3.46e-06     |
------------------------------------------
------------------------------------------
| rollout/                |              |
|    ep_len_mean          | 5e+03        |
|    ep_rew_mean          | -54.3        |
| time/                   |              |
|    fps                  | 7            |
|    iterations           | 188          |
|    time_elapsed         | 4785         |
|    total_timesteps      | 37600        |
| train/                  |              |
|    approx_kl            | 0.0066264626 |
|    clip_fraction        | 0.0957       |
|    clip_range           | 0.2          |
|    entropy_loss         | -1.12        |
|    explained_variance   | 0.735        |
|    learning_rate        | 0.0003       |
|    loss                 | 0.0439       |
|    n_updates            | 1870         |
|    policy_gradient_loss | -0.00549     |
|    std                  | 0.743        |
|    value_loss           | 5.33e-07     |
------------------------------------------
-------------------------------------------
| rollout/                |               |
|    ep_len_mean          | 5e+03         |
|    ep_rew_mean          | -54.3         |
| time/                   |               |
|    fps                  | 7             |
|    iterations           | 189           |
|    time_elapsed         | 4810          |
|    total_timesteps      | 37800         |
| train/                  |               |
|    approx_kl            | 0.00016392116 |
|    clip_fraction        | 0             |
|    clip_range           | 0.2           |
|    entropy_loss         | -1.12         |
|    explained_variance   | 0.889         |
|    learning_rate        | 0.0003        |
|    loss                 | -0.00325      |
|    n_updates            | 1880          |
|    policy_gradient_loss | 0.00073       |
|    std                  | 0.741         |
|    value_loss           | 3.28e-07      |
-------------------------------------------
------------------------------------------
| rollout/                |              |
|    ep_len_mean          | 5e+03        |
|    ep_rew_mean          | -54.3        |
| time/                   |              |
|    fps                  | 7            |
|    iterations           | 190          |
|    time_elapsed         | 4835         |
|    total_timesteps      | 38000        |
| train/                  |              |
|    approx_kl            | 0.0036222453 |
|    clip_fraction        | 0.0473       |
|    clip_range           | 0.2          |
|    entropy_loss         | -1.12        |
|    explained_variance   | 0.827        |
|    learning_rate        | 0.0003       |
|    loss                 | -0.0282      |
|    n_updates            | 1890         |
|    policy_gradient_loss | -0.00263     |
|    std                  | 0.739        |
|    value_loss           | 2.27e-06     |
------------------------------------------
------------------------------------------
| rollout/                |              |
|    ep_len_mean          | 5e+03        |
|    ep_rew_mean          | -54.3        |
| time/                   |              |
|    fps                  | 7            |
|    iterations           | 191          |
|    time_elapsed         | 4859         |
|    total_timesteps      | 38200        |
| train/                  |              |
|    approx_kl            | 0.0026450902 |
|    clip_fraction        | 0.0289       |
|    clip_range           | 0.2          |
|    entropy_loss         | -1.12        |
|    explained_variance   | -0.234       |
|    learning_rate        | 0.0003       |
|    loss                 | 0.0157       |
|    n_updates            | 1900         |
|    policy_gradient_loss | 0.00303      |
|    std                  | 0.738        |
|    value_loss           | 2.35e-06     |
------------------------------------------
-----------------------------------------
| rollout/                |             |
|    ep_len_mean          | 5e+03       |
|    ep_rew_mean          | -54.3       |
| time/                   |             |
|    fps                  | 7           |
|    iterations           | 192         |
|    time_elapsed         | 4884        |
|    total_timesteps      | 38400       |
| train/                  |             |
|    approx_kl            | 0.004583844 |
|    clip_fraction        | 0.0762      |
|    clip_range           | 0.2         |
|    entropy_loss         | -1.11       |
|    explained_variance   | -1.75       |
|    learning_rate        | 0.0003      |
|    loss                 | 0.00828     |
|    n_updates            | 1910        |
|    policy_gradient_loss | -0.00948    |
|    std                  | 0.737       |
|    value_loss           | 4.9e-06     |
-----------------------------------------
-----------------------------------------
| rollout/                |             |
|    ep_len_mean          | 5e+03       |
|    ep_rew_mean          | -54.3       |
| time/                   |             |
|    fps                  | 7           |
|    iterations           | 193         |
|    time_elapsed         | 4908        |
|    total_timesteps      | 38600       |
| train/                  |             |
|    approx_kl            | 0.007737628 |
|    clip_fraction        | 0.0594      |
|    clip_range           | 0.2         |
|    entropy_loss         | -1.11       |
|    explained_variance   | 0.0145      |
|    learning_rate        | 0.0003      |
|    loss                 | -0.0183     |
|    n_updates            | 1920        |
|    policy_gradient_loss | -0.00552    |
|    std                  | 0.737       |
|    value_loss           | 9.31e-06    |
-----------------------------------------
------------------------------------------
| rollout/                |              |
|    ep_len_mean          | 5e+03        |
|    ep_rew_mean          | -54.3        |
| time/                   |              |
|    fps                  | 7            |
|    iterations           | 194          |
|    time_elapsed         | 4933         |
|    total_timesteps      | 38800        |
| train/                  |              |
|    approx_kl            | 0.0009650609 |
|    clip_fraction        | 0.00664      |
|    clip_range           | 0.2          |
|    entropy_loss         | -1.12        |
|    explained_variance   | 0.415        |
|    learning_rate        | 0.0003       |
|    loss                 | 0.000448     |
|    n_updates            | 1930         |
|    policy_gradient_loss | -0.00131     |
|    std                  | 0.742        |
|    value_loss           | 1.11e-05     |
------------------------------------------
-----------------------------------------
| rollout/                |             |
|    ep_len_mean          | 5e+03       |
|    ep_rew_mean          | -54.3       |
| time/                   |             |
|    fps                  | 7           |
|    iterations           | 195         |
|    time_elapsed         | 4957        |
|    total_timesteps      | 39000       |
| train/                  |             |
|    approx_kl            | 0.008263968 |
|    clip_fraction        | 0.0852      |
|    clip_range           | 0.2         |
|    entropy_loss         | -1.12       |
|    explained_variance   | 0.142       |
|    learning_rate        | 0.0003      |
|    loss                 | 0.0265      |
|    n_updates            | 1940        |
|    policy_gradient_loss | -0.0078     |
|    std                  | 0.746       |
|    value_loss           | 1.15e-05    |
-----------------------------------------
-------------------------------------------
| rollout/                |               |
|    ep_len_mean          | 5e+03         |
|    ep_rew_mean          | -54.3         |
| time/                   |               |
|    fps                  | 7             |
|    iterations           | 196           |
|    time_elapsed         | 4981          |
|    total_timesteps      | 39200         |
| train/                  |               |
|    approx_kl            | 0.00035624765 |
|    clip_fraction        | 0.0523        |
|    clip_range           | 0.2           |
|    entropy_loss         | -1.13         |
|    explained_variance   | 0.0858        |
|    learning_rate        | 0.0003        |
|    loss                 | -0.00974      |
|    n_updates            | 1950          |
|    policy_gradient_loss | -0.00249      |
|    std                  | 0.746         |
|    value_loss           | 1.18e-05      |
-------------------------------------------
-----------------------------------------
| rollout/                |             |
|    ep_len_mean          | 5e+03       |
|    ep_rew_mean          | -54.3       |
| time/                   |             |
|    fps                  | 7           |
|    iterations           | 197         |
|    time_elapsed         | 5005        |
|    total_timesteps      | 39400       |
| train/                  |             |
|    approx_kl            | 0.010942766 |
|    clip_fraction        | 0.0312      |
|    clip_range           | 0.2         |
|    entropy_loss         | -1.13       |
|    explained_variance   | -0.208      |
|    learning_rate        | 0.0003      |
|    loss                 | 0.0698      |
|    n_updates            | 1960        |
|    policy_gradient_loss | -0.000622   |
|    std                  | 0.749       |
|    value_loss           | 3.22e-05    |
-----------------------------------------
------------------------------------------
| rollout/                |              |
|    ep_len_mean          | 5e+03        |
|    ep_rew_mean          | -54.3        |
| time/                   |              |
|    fps                  | 7            |
|    iterations           | 198          |
|    time_elapsed         | 5029         |
|    total_timesteps      | 39600        |
| train/                  |              |
|    approx_kl            | 0.0067384834 |
|    clip_fraction        | 0.13         |
|    clip_range           | 0.2          |
|    entropy_loss         | -1.13        |
|    explained_variance   | -0.113       |
|    learning_rate        | 0.0003       |
|    loss                 | -0.0267      |
|    n_updates            | 1970         |
|    policy_gradient_loss | -0.0102      |
|    std                  | 0.748        |
|    value_loss           | 4.41e-05     |
------------------------------------------
-----------------------------------------
| rollout/                |             |
|    ep_len_mean          | 5e+03       |
|    ep_rew_mean          | -54.3       |
| time/                   |             |
|    fps                  | 7           |
|    iterations           | 199         |
|    time_elapsed         | 5054        |
|    total_timesteps      | 39800       |
| train/                  |             |
|    approx_kl            | 0.002379721 |
|    clip_fraction        | 0.0148      |
|    clip_range           | 0.2         |
|    entropy_loss         | -1.13       |
|    explained_variance   | -0.0216     |
|    learning_rate        | 0.0003      |
|    loss                 | 0.00467     |
|    n_updates            | 1980        |
|    policy_gradient_loss | 0.00164     |
|    std                  | 0.751       |
|    value_loss           | 4.17e-05    |
-----------------------------------------
------------------------------------------
| rollout/                |              |
|    ep_len_mean          | 5e+03        |
|    ep_rew_mean          | -54.3        |
| time/                   |              |
|    fps                  | 7            |
|    iterations           | 200          |
|    time_elapsed         | 5078         |
|    total_timesteps      | 40000        |
| train/                  |              |
|    approx_kl            | 0.0018850449 |
|    clip_fraction        | 0.00625      |
|    clip_range           | 0.2          |
|    entropy_loss         | -1.13        |
|    explained_variance   | 0.0519       |
|    learning_rate        | 0.0003       |
|    loss                 | -0.00968     |
|    n_updates            | 1990         |
|    policy_gradient_loss | -0.000672    |
|    std                  | 0.751        |
|    value_loss           | 2.53e-05     |
------------------------------------------
------------------------------------------
| rollout/                |              |
|    ep_len_mean          | 5e+03        |
|    ep_rew_mean          | -54          |
| time/                   |              |
|    fps                  | 7            |
|    iterations           | 201          |
|    time_elapsed         | 5103         |
|    total_timesteps      | 40200        |
| train/                  |              |
|    approx_kl            | 0.0054906653 |
|    clip_fraction        | 0.125        |
|    clip_range           | 0.2          |
|    entropy_loss         | -1.13        |
|    explained_variance   | 0.036        |
|    learning_rate        | 0.0003       |
|    loss                 | -0.0293      |
|    n_updates            | 2000         |
|    policy_gradient_loss | -0.00279     |
|    std                  | 0.746        |
|    value_loss           | 5.71e-05     |
------------------------------------------
-----------------------------------------
| rollout/                |             |
|    ep_len_mean          | 5e+03       |
|    ep_rew_mean          | -54         |
| time/                   |             |
|    fps                  | 7           |
|    iterations           | 202         |
|    time_elapsed         | 5128        |
|    total_timesteps      | 40400       |
| train/                  |             |
|    approx_kl            | 0.006512903 |
|    clip_fraction        | 0.0715      |
|    clip_range           | 0.2         |
|    entropy_loss         | -1.12       |
|    explained_variance   | 0.863       |
|    learning_rate        | 0.0003      |
|    loss                 | 0.0339      |
|    n_updates            | 2010        |
|    policy_gradient_loss | -0.00525    |
|    std                  | 0.743       |
|    value_loss           | 0.0142      |
-----------------------------------------
----------------------------------------
| rollout/                |            |
|    ep_len_mean          | 5e+03      |
|    ep_rew_mean          | -54        |
| time/                   |            |
|    fps                  | 7          |
|    iterations           | 203        |
|    time_elapsed         | 5153       |
|    total_timesteps      | 40600      |
| train/                  |            |
|    approx_kl            | 0.00070934 |
|    clip_fraction        | 0.0449     |
|    clip_range           | 0.2        |
|    entropy_loss         | -1.12      |
|    explained_variance   | -0.207     |
|    learning_rate        | 0.0003     |
|    loss                 | 0.00646    |
|    n_updates            | 2020       |
|    policy_gradient_loss | -0.0023    |
|    std                  | 0.743      |
|    value_loss           | 0.0049     |
----------------------------------------
------------------------------------------
| rollout/                |              |
|    ep_len_mean          | 5e+03        |
|    ep_rew_mean          | -54          |
| time/                   |              |
|    fps                  | 7            |
|    iterations           | 204          |
|    time_elapsed         | 5178         |
|    total_timesteps      | 40800        |
| train/                  |              |
|    approx_kl            | 0.0037746306 |
|    clip_fraction        | 0.0504       |
|    clip_range           | 0.2          |
|    entropy_loss         | -1.12        |
|    explained_variance   | 0.812        |
|    learning_rate        | 0.0003       |
|    loss                 | -0.0161      |
|    n_updates            | 2030         |
|    policy_gradient_loss | -0.00946     |
|    std                  | 0.743        |
|    value_loss           | 0.00236      |
------------------------------------------
-----------------------------------------
| rollout/                |             |
|    ep_len_mean          | 5e+03       |
|    ep_rew_mean          | -54         |
| time/                   |             |
|    fps                  | 7           |
|    iterations           | 205         |
|    time_elapsed         | 5202        |
|    total_timesteps      | 41000       |
| train/                  |             |
|    approx_kl            | 0.010216108 |
|    clip_fraction        | 0.0441      |
|    clip_range           | 0.2         |
|    entropy_loss         | -1.12       |
|    explained_variance   | 0.433       |
|    learning_rate        | 0.0003      |
|    loss                 | -0.0227     |
|    n_updates            | 2040        |
|    policy_gradient_loss | -0.000774   |
|    std                  | 0.742       |
|    value_loss           | 0.000581    |
-----------------------------------------
------------------------------------------
| rollout/                |              |
|    ep_len_mean          | 5e+03        |
|    ep_rew_mean          | -54          |
| time/                   |              |
|    fps                  | 7            |
|    iterations           | 206          |
|    time_elapsed         | 5227         |
|    total_timesteps      | 41200        |
| train/                  |              |
|    approx_kl            | 0.0012520638 |
|    clip_fraction        | 0.00195      |
|    clip_range           | 0.2          |
|    entropy_loss         | -1.12        |
|    explained_variance   | -0.205       |
|    learning_rate        | 0.0003       |
|    loss                 | -0.00386     |
|    n_updates            | 2050         |
|    policy_gradient_loss | 0.00106      |
|    std                  | 0.742        |
|    value_loss           | 0.000108     |
------------------------------------------
------------------------------------------
| rollout/                |              |
|    ep_len_mean          | 5e+03        |
|    ep_rew_mean          | -54          |
| time/                   |              |
|    fps                  | 7            |
|    iterations           | 207          |
|    time_elapsed         | 5252         |
|    total_timesteps      | 41400        |
| train/                  |              |
|    approx_kl            | 0.0064245025 |
|    clip_fraction        | 0.0848       |
|    clip_range           | 0.2          |
|    entropy_loss         | -1.12        |
|    explained_variance   | 0.0791       |
|    learning_rate        | 0.0003       |
|    loss                 | 0.0432       |
|    n_updates            | 2060         |
|    policy_gradient_loss | -0.00459     |
|    std                  | 0.743        |
|    value_loss           | 2.61e-05     |
------------------------------------------
-----------------------------------------
| rollout/                |             |
|    ep_len_mean          | 5e+03       |
|    ep_rew_mean          | -54         |
| time/                   |             |
|    fps                  | 7           |
|    iterations           | 208         |
|    time_elapsed         | 5277        |
|    total_timesteps      | 41600       |
| train/                  |             |
|    approx_kl            | 0.007598795 |
|    clip_fraction        | 0.034       |
|    clip_range           | 0.2         |
|    entropy_loss         | -1.12       |
|    explained_variance   | 0.875       |
|    learning_rate        | 0.0003      |
|    loss                 | -0.000333   |
|    n_updates            | 2070        |
|    policy_gradient_loss | -0.00437    |
|    std                  | 0.746       |
|    value_loss           | 9.12e-06    |
-----------------------------------------
------------------------------------------
| rollout/                |              |
|    ep_len_mean          | 5e+03        |
|    ep_rew_mean          | -54          |
| time/                   |              |
|    fps                  | 7            |
|    iterations           | 209          |
|    time_elapsed         | 5302         |
|    total_timesteps      | 41800        |
| train/                  |              |
|    approx_kl            | 0.0028971673 |
|    clip_fraction        | 0.00313      |
|    clip_range           | 0.2          |
|    entropy_loss         | -1.13        |
|    explained_variance   | 0.841        |
|    learning_rate        | 0.0003       |
|    loss                 | 0.0282       |
|    n_updates            | 2080         |
|    policy_gradient_loss | 0.000863     |
|    std                  | 0.747        |
|    value_loss           | 5.98e-06     |
------------------------------------------
-----------------------------------------
| rollout/                |             |
|    ep_len_mean          | 5e+03       |
|    ep_rew_mean          | -54         |
| time/                   |             |
|    fps                  | 7           |
|    iterations           | 210         |
|    time_elapsed         | 5326        |
|    total_timesteps      | 42000       |
| train/                  |             |
|    approx_kl            | 0.006104067 |
|    clip_fraction        | 0.0137      |
|    clip_range           | 0.2         |
|    entropy_loss         | -1.13       |
|    explained_variance   | 0.619       |
|    learning_rate        | 0.0003      |
|    loss                 | -0.046      |
|    n_updates            | 2090        |
|    policy_gradient_loss | -0.0025     |
|    std                  | 0.748       |
|    value_loss           | 1.06e-05    |
-----------------------------------------
-----------------------------------------
| rollout/                |             |
|    ep_len_mean          | 5e+03       |
|    ep_rew_mean          | -54         |
| time/                   |             |
|    fps                  | 7           |
|    iterations           | 211         |
|    time_elapsed         | 5351        |
|    total_timesteps      | 42200       |
| train/                  |             |
|    approx_kl            | 0.002129715 |
|    clip_fraction        | 0           |
|    clip_range           | 0.2         |
|    entropy_loss         | -1.13       |
|    explained_variance   | 0.23        |
|    learning_rate        | 0.0003      |
|    loss                 | 0.0155      |
|    n_updates            | 2100        |
|    policy_gradient_loss | 0.000364    |
|    std                  | 0.743       |
|    value_loss           | 9.52e-06    |
-----------------------------------------
-----------------------------------------
| rollout/                |             |
|    ep_len_mean          | 5e+03       |
|    ep_rew_mean          | -54         |
| time/                   |             |
|    fps                  | 7           |
|    iterations           | 212         |
|    time_elapsed         | 5376        |
|    total_timesteps      | 42400       |
| train/                  |             |
|    approx_kl            | 0.008569497 |
|    clip_fraction        | 0.0359      |
|    clip_range           | 0.2         |
|    entropy_loss         | -1.12       |
|    explained_variance   | 0.631       |
|    learning_rate        | 0.0003      |
|    loss                 | 0.0129      |
|    n_updates            | 2110        |
|    policy_gradient_loss | -0.00172    |
|    std                  | 0.743       |
|    value_loss           | 4.93e-06    |
-----------------------------------------
------------------------------------------
| rollout/                |              |
|    ep_len_mean          | 5e+03        |
|    ep_rew_mean          | -54          |
| time/                   |              |
|    fps                  | 7            |
|    iterations           | 213          |
|    time_elapsed         | 5401         |
|    total_timesteps      | 42600        |
| train/                  |              |
|    approx_kl            | 0.0045654783 |
|    clip_fraction        | 0.0566       |
|    clip_range           | 0.2          |
|    entropy_loss         | -1.12        |
|    explained_variance   | 0.611        |
|    learning_rate        | 0.0003       |
|    loss                 | 0.0177       |
|    n_updates            | 2120         |
|    policy_gradient_loss | -0.00489     |
|    std                  | 0.745        |
|    value_loss           | 1.3e-06      |
------------------------------------------
-----------------------------------------
| rollout/                |             |
|    ep_len_mean          | 5e+03       |
|    ep_rew_mean          | -54         |
| time/                   |             |
|    fps                  | 7           |
|    iterations           | 214         |
|    time_elapsed         | 5426        |
|    total_timesteps      | 42800       |
| train/                  |             |
|    approx_kl            | 0.004091166 |
|    clip_fraction        | 0.027       |
|    clip_range           | 0.2         |
|    entropy_loss         | -1.12       |
|    explained_variance   | 0.868       |
|    learning_rate        | 0.0003      |
|    loss                 | -0.0206     |
|    n_updates            | 2130        |
|    policy_gradient_loss | 0.00167     |
|    std                  | 0.741       |
|    value_loss           | 2.74e-07    |
-----------------------------------------
------------------------------------------
| rollout/                |              |
|    ep_len_mean          | 5e+03        |
|    ep_rew_mean          | -54          |
| time/                   |              |
|    fps                  | 7            |
|    iterations           | 215          |
|    time_elapsed         | 5451         |
|    total_timesteps      | 43000        |
| train/                  |              |
|    approx_kl            | 0.0018759277 |
|    clip_fraction        | 0            |
|    clip_range           | 0.2          |
|    entropy_loss         | -1.12        |
|    explained_variance   | 0.898        |
|    learning_rate        | 0.0003       |
|    loss                 | 0.0139       |
|    n_updates            | 2140         |
|    policy_gradient_loss | 0.000321     |
|    std                  | 0.74         |
|    value_loss           | 7.04e-07     |
------------------------------------------
------------------------------------------
| rollout/                |              |
|    ep_len_mean          | 5e+03        |
|    ep_rew_mean          | -54          |
| time/                   |              |
|    fps                  | 7            |
|    iterations           | 216          |
|    time_elapsed         | 5476         |
|    total_timesteps      | 43200        |
| train/                  |              |
|    approx_kl            | 0.0025527193 |
|    clip_fraction        | 0.00273      |
|    clip_range           | 0.2          |
|    entropy_loss         | -1.12        |
|    explained_variance   | 0.0604       |
|    learning_rate        | 0.0003       |
|    loss                 | 0.00133      |
|    n_updates            | 2150         |
|    policy_gradient_loss | -0.000776    |
|    std                  | 0.735        |
|    value_loss           | 9.97e-07     |
------------------------------------------
------------------------------------------
| rollout/                |              |
|    ep_len_mean          | 5e+03        |
|    ep_rew_mean          | -54          |
| time/                   |              |
|    fps                  | 7            |
|    iterations           | 217          |
|    time_elapsed         | 5501         |
|    total_timesteps      | 43400        |
| train/                  |              |
|    approx_kl            | 0.0031252464 |
|    clip_fraction        | 0.0203       |
|    clip_range           | 0.2          |
|    entropy_loss         | -1.11        |
|    explained_variance   | -2.29        |
|    learning_rate        | 0.0003       |
|    loss                 | -0.034       |
|    n_updates            | 2160         |
|    policy_gradient_loss | -0.00351     |
|    std                  | 0.731        |
|    value_loss           | 2.43e-06     |
------------------------------------------
------------------------------------------
| rollout/                |              |
|    ep_len_mean          | 5e+03        |
|    ep_rew_mean          | -54          |
| time/                   |              |
|    fps                  | 7            |
|    iterations           | 218          |
|    time_elapsed         | 5525         |
|    total_timesteps      | 43600        |
| train/                  |              |
|    approx_kl            | 0.0020309123 |
|    clip_fraction        | 0.0625       |
|    clip_range           | 0.2          |
|    entropy_loss         | -1.1         |
|    explained_variance   | 0.00515      |
|    learning_rate        | 0.0003       |
|    loss                 | -0.00093     |
|    n_updates            | 2170         |
|    policy_gradient_loss | -0.000947    |
|    std                  | 0.728        |
|    value_loss           | 4.21e-06     |
------------------------------------------
------------------------------------------
| rollout/                |              |
|    ep_len_mean          | 5e+03        |
|    ep_rew_mean          | -54          |
| time/                   |              |
|    fps                  | 7            |
|    iterations           | 219          |
|    time_elapsed         | 5550         |
|    total_timesteps      | 43800        |
| train/                  |              |
|    approx_kl            | 0.0005532508 |
|    clip_fraction        | 0.00391      |
|    clip_range           | 0.2          |
|    entropy_loss         | -1.1         |
|    explained_variance   | 0.443        |
|    learning_rate        | 0.0003       |
|    loss                 | 0.00386      |
|    n_updates            | 2180         |
|    policy_gradient_loss | 0.00157      |
|    std                  | 0.724        |
|    value_loss           | 6.38e-06     |
------------------------------------------
-----------------------------------------
| rollout/                |             |
|    ep_len_mean          | 5e+03       |
|    ep_rew_mean          | -54         |
| time/                   |             |
|    fps                  | 7           |
|    iterations           | 220         |
|    time_elapsed         | 5575        |
|    total_timesteps      | 44000       |
| train/                  |             |
|    approx_kl            | 0.002701344 |
|    clip_fraction        | 0           |
|    clip_range           | 0.2         |
|    entropy_loss         | -1.09       |
|    explained_variance   | 0.189       |
|    learning_rate        | 0.0003      |
|    loss                 | 0.0406      |
|    n_updates            | 2190        |
|    policy_gradient_loss | 0.000307    |
|    std                  | 0.72        |
|    value_loss           | 7.66e-06    |
-----------------------------------------
---------------------------------------
| rollout/                |           |
|    ep_len_mean          | 5e+03     |
|    ep_rew_mean          | -54       |
| time/                   |           |
|    fps                  | 7         |
|    iterations           | 221       |
|    time_elapsed         | 5599      |
|    total_timesteps      | 44200     |
| train/                  |           |
|    approx_kl            | 0.0047477 |
|    clip_fraction        | 0.0383    |
|    clip_range           | 0.2       |
|    entropy_loss         | -1.09     |
|    explained_variance   | 0.0762    |
|    learning_rate        | 0.0003    |
|    loss                 | 0.0436    |
|    n_updates            | 2200      |
|    policy_gradient_loss | 0.000152  |
|    std                  | 0.72      |
|    value_loss           | 1.88e-05  |
---------------------------------------
------------------------------------------
| rollout/                |              |
|    ep_len_mean          | 5e+03        |
|    ep_rew_mean          | -54          |
| time/                   |              |
|    fps                  | 7            |
|    iterations           | 222          |
|    time_elapsed         | 5623         |
|    total_timesteps      | 44400        |
| train/                  |              |
|    approx_kl            | 0.0008747962 |
|    clip_fraction        | 0.023        |
|    clip_range           | 0.2          |
|    entropy_loss         | -1.09        |
|    explained_variance   | -0.213       |
|    learning_rate        | 0.0003       |
|    loss                 | -0.00331     |
|    n_updates            | 2210         |
|    policy_gradient_loss | -0.000315    |
|    std                  | 0.719        |
|    value_loss           | 2.6e-05      |
------------------------------------------
-----------------------------------------
| rollout/                |             |
|    ep_len_mean          | 5e+03       |
|    ep_rew_mean          | -54         |
| time/                   |             |
|    fps                  | 7           |
|    iterations           | 223         |
|    time_elapsed         | 5648        |
|    total_timesteps      | 44600       |
| train/                  |             |
|    approx_kl            | 0.008501229 |
|    clip_fraction        | 0.17        |
|    clip_range           | 0.2         |
|    entropy_loss         | -1.09       |
|    explained_variance   | -0.134      |
|    learning_rate        | 0.0003      |
|    loss                 | -0.0162     |
|    n_updates            | 2220        |
|    policy_gradient_loss | -0.0114     |
|    std                  | 0.716       |
|    value_loss           | 1.8e-05     |
-----------------------------------------
-----------------------------------------
| rollout/                |             |
|    ep_len_mean          | 5e+03       |
|    ep_rew_mean          | -54         |
| time/                   |             |
|    fps                  | 7           |
|    iterations           | 224         |
|    time_elapsed         | 5672        |
|    total_timesteps      | 44800       |
| train/                  |             |
|    approx_kl            | 0.013787074 |
|    clip_fraction        | 0.106       |
|    clip_range           | 0.2         |
|    entropy_loss         | -1.08       |
|    explained_variance   | -0.0199     |
|    learning_rate        | 0.0003      |
|    loss                 | 0.0349      |
|    n_updates            | 2230        |
|    policy_gradient_loss | -0.00597    |
|    std                  | 0.71        |
|    value_loss           | 1.56e-05    |
-----------------------------------------
-----------------------------------------
| rollout/                |             |
|    ep_len_mean          | 5e+03       |
|    ep_rew_mean          | -54         |
| time/                   |             |
|    fps                  | 7           |
|    iterations           | 225         |
|    time_elapsed         | 5697        |
|    total_timesteps      | 45000       |
| train/                  |             |
|    approx_kl            | 0.003539653 |
|    clip_fraction        | 0.0258      |
|    clip_range           | 0.2         |
|    entropy_loss         | -1.08       |
|    explained_variance   | 0.0491      |
|    learning_rate        | 0.0003      |
|    loss                 | 0.00555     |
|    n_updates            | 2240        |
|    policy_gradient_loss | -0.0017     |
|    std                  | 0.708       |
|    value_loss           | 2.14e-05    |
-----------------------------------------
----------------------------------------
| rollout/                |            |
|    ep_len_mean          | 5e+03      |
|    ep_rew_mean          | -53.8      |
| time/                   |            |
|    fps                  | 7          |
|    iterations           | 226        |
|    time_elapsed         | 5722       |
|    total_timesteps      | 45200      |
| train/                  |            |
|    approx_kl            | 0.00092672 |
|    clip_fraction        | 0.0187     |
|    clip_range           | 0.2        |
|    entropy_loss         | -1.07      |
|    explained_variance   | 0.0385     |
|    learning_rate        | 0.0003     |
|    loss                 | -0.00271   |
|    n_updates            | 2250       |
|    policy_gradient_loss | 0.000561   |
|    std                  | 0.705      |
|    value_loss           | 3.84e-05   |
----------------------------------------
----------------------------------------
| rollout/                |            |
|    ep_len_mean          | 5e+03      |
|    ep_rew_mean          | -53.8      |
| time/                   |            |
|    fps                  | 7          |
|    iterations           | 227        |
|    time_elapsed         | 5747       |
|    total_timesteps      | 45400      |
| train/                  |            |
|    approx_kl            | 0.01016061 |
|    clip_fraction        | 0.115      |
|    clip_range           | 0.2        |
|    entropy_loss         | -1.07      |
|    explained_variance   | 0.865      |
|    learning_rate        | 0.0003     |
|    loss                 | -0.0381    |
|    n_updates            | 2260       |
|    policy_gradient_loss | -0.0116    |
|    std                  | 0.705      |
|    value_loss           | 0.0143     |
----------------------------------------
-----------------------------------------
| rollout/                |             |
|    ep_len_mean          | 5e+03       |
|    ep_rew_mean          | -53.8       |
| time/                   |             |
|    fps                  | 7           |
|    iterations           | 228         |
|    time_elapsed         | 5772        |
|    total_timesteps      | 45600       |
| train/                  |             |
|    approx_kl            | 0.013002832 |
|    clip_fraction        | 0.0828      |
|    clip_range           | 0.2         |
|    entropy_loss         | -1.07       |
|    explained_variance   | -0.131      |
|    learning_rate        | 0.0003      |
|    loss                 | -0.0366     |
|    n_updates            | 2270        |
|    policy_gradient_loss | -0.00692    |
|    std                  | 0.704       |
|    value_loss           | 0.00361     |
-----------------------------------------
------------------------------------------
| rollout/                |              |
|    ep_len_mean          | 5e+03        |
|    ep_rew_mean          | -53.8        |
| time/                   |              |
|    fps                  | 7            |
|    iterations           | 229          |
|    time_elapsed         | 5797         |
|    total_timesteps      | 45800        |
| train/                  |              |
|    approx_kl            | 0.0019281819 |
|    clip_fraction        | 0.0246       |
|    clip_range           | 0.2          |
|    entropy_loss         | -1.07        |
|    explained_variance   | 0.816        |
|    learning_rate        | 0.0003       |
|    loss                 | 0.0136       |
|    n_updates            | 2280         |
|    policy_gradient_loss | -0.00288     |
|    std                  | 0.706        |
|    value_loss           | 0.00228      |
------------------------------------------
------------------------------------------
| rollout/                |              |
|    ep_len_mean          | 5e+03        |
|    ep_rew_mean          | -53.8        |
| time/                   |              |
|    fps                  | 7            |
|    iterations           | 230          |
|    time_elapsed         | 5822         |
|    total_timesteps      | 46000        |
| train/                  |              |
|    approx_kl            | 0.0046356004 |
|    clip_fraction        | 0.041        |
|    clip_range           | 0.2          |
|    entropy_loss         | -1.07        |
|    explained_variance   | 0.718        |
|    learning_rate        | 0.0003       |
|    loss                 | 0.00305      |
|    n_updates            | 2290         |
|    policy_gradient_loss | -0.00519     |
|    std                  | 0.699        |
|    value_loss           | 0.000563     |
------------------------------------------
------------------------------------------
| rollout/                |              |
|    ep_len_mean          | 5e+03        |
|    ep_rew_mean          | -53.8        |
| time/                   |              |
|    fps                  | 7            |
|    iterations           | 231          |
|    time_elapsed         | 5847         |
|    total_timesteps      | 46200        |
| train/                  |              |
|    approx_kl            | 0.0050442317 |
|    clip_fraction        | 0.0762       |
|    clip_range           | 0.2          |
|    entropy_loss         | -1.06        |
|    explained_variance   | -0.257       |
|    learning_rate        | 0.0003       |
|    loss                 | -0.0478      |
|    n_updates            | 2300         |
|    policy_gradient_loss | -0.00774     |
|    std                  | 0.696        |
|    value_loss           | 0.00012      |
------------------------------------------
------------------------------------------
| rollout/                |              |
|    ep_len_mean          | 5e+03        |
|    ep_rew_mean          | -53.8        |
| time/                   |              |
|    fps                  | 7            |
|    iterations           | 232          |
|    time_elapsed         | 5872         |
|    total_timesteps      | 46400        |
| train/                  |              |
|    approx_kl            | 0.0016008252 |
|    clip_fraction        | 0.000781     |
|    clip_range           | 0.2          |
|    entropy_loss         | -1.05        |
|    explained_variance   | 0.211        |
|    learning_rate        | 0.0003       |
|    loss                 | 0.00778      |
|    n_updates            | 2310         |
|    policy_gradient_loss | 0.00119      |
|    std                  | 0.692        |
|    value_loss           | 2e-05        |
------------------------------------------
------------------------------------------
| rollout/                |              |
|    ep_len_mean          | 5e+03        |
|    ep_rew_mean          | -53.8        |
| time/                   |              |
|    fps                  | 7            |
|    iterations           | 233          |
|    time_elapsed         | 5897         |
|    total_timesteps      | 46600        |
| train/                  |              |
|    approx_kl            | 0.0010016328 |
|    clip_fraction        | 0            |
|    clip_range           | 0.2          |
|    entropy_loss         | -1.05        |
|    explained_variance   | 0.876        |
|    learning_rate        | 0.0003       |
|    loss                 | -0.0233      |
|    n_updates            | 2320         |
|    policy_gradient_loss | -0.000904    |
|    std                  | 0.695        |
|    value_loss           | 1.12e-05     |
------------------------------------------
------------------------------------------
| rollout/                |              |
|    ep_len_mean          | 5e+03        |
|    ep_rew_mean          | -53.8        |
| time/                   |              |
|    fps                  | 7            |
|    iterations           | 234          |
|    time_elapsed         | 5922         |
|    total_timesteps      | 46800        |
| train/                  |              |
|    approx_kl            | 0.0058868765 |
|    clip_fraction        | 0.0379       |
|    clip_range           | 0.2          |
|    entropy_loss         | -1.06        |
|    explained_variance   | 0.604        |
|    learning_rate        | 0.0003       |
|    loss                 | -0.0168      |
|    n_updates            | 2330         |
|    policy_gradient_loss | -0.00272     |
|    std                  | 0.696        |
|    value_loss           | 6.21e-06     |
------------------------------------------
-----------------------------------------
| rollout/                |             |
|    ep_len_mean          | 5e+03       |
|    ep_rew_mean          | -53.8       |
| time/                   |             |
|    fps                  | 7           |
|    iterations           | 235         |
|    time_elapsed         | 5947        |
|    total_timesteps      | 47000       |
| train/                  |             |
|    approx_kl            | 0.013927797 |
|    clip_fraction        | 0.151       |
|    clip_range           | 0.2         |
|    entropy_loss         | -1.06       |
|    explained_variance   | 0.545       |
|    learning_rate        | 0.0003      |
|    loss                 | 0.0175      |
|    n_updates            | 2340        |
|    policy_gradient_loss | -0.0167     |
|    std                  | 0.695       |
|    value_loss           | 1.06e-05    |
-----------------------------------------
-----------------------------------------
| rollout/                |             |
|    ep_len_mean          | 5e+03       |
|    ep_rew_mean          | -53.8       |
| time/                   |             |
|    fps                  | 7           |
|    iterations           | 236         |
|    time_elapsed         | 5972        |
|    total_timesteps      | 47200       |
| train/                  |             |
|    approx_kl            | 0.006069155 |
|    clip_fraction        | 0.0668      |
|    clip_range           | 0.2         |
|    entropy_loss         | -1.05       |
|    explained_variance   | 0.321       |
|    learning_rate        | 0.0003      |
|    loss                 | -0.07       |
|    n_updates            | 2350        |
|    policy_gradient_loss | -0.0088     |
|    std                  | 0.694       |
|    value_loss           | 7.34e-06    |
-----------------------------------------
-----------------------------------------
| rollout/                |             |
|    ep_len_mean          | 5e+03       |
|    ep_rew_mean          | -53.8       |
| time/                   |             |
|    fps                  | 7           |
|    iterations           | 237         |
|    time_elapsed         | 5997        |
|    total_timesteps      | 47400       |
| train/                  |             |
|    approx_kl            | 0.005381368 |
|    clip_fraction        | 0.111       |
|    clip_range           | 0.2         |
|    entropy_loss         | -1.05       |
|    explained_variance   | 0.805       |
|    learning_rate        | 0.0003      |
|    loss                 | -0.0466     |
|    n_updates            | 2360        |
|    policy_gradient_loss | -0.00989    |
|    std                  | 0.695       |
|    value_loss           | 3.78e-06    |
-----------------------------------------
------------------------------------------
| rollout/                |              |
|    ep_len_mean          | 5e+03        |
|    ep_rew_mean          | -53.8        |
| time/                   |              |
|    fps                  | 7            |
|    iterations           | 238          |
|    time_elapsed         | 6022         |
|    total_timesteps      | 47600        |
| train/                  |              |
|    approx_kl            | 0.0025346584 |
|    clip_fraction        | 0.000781     |
|    clip_range           | 0.2          |
|    entropy_loss         | -1.06        |
|    explained_variance   | 0.642        |
|    learning_rate        | 0.0003       |
|    loss                 | -0.00732     |
|    n_updates            | 2370         |
|    policy_gradient_loss | 0.000296     |
|    std                  | 0.697        |
|    value_loss           | 6.52e-07     |
------------------------------------------
-----------------------------------------
| rollout/                |             |
|    ep_len_mean          | 5e+03       |
|    ep_rew_mean          | -53.8       |
| time/                   |             |
|    fps                  | 7           |
|    iterations           | 239         |
|    time_elapsed         | 6047        |
|    total_timesteps      | 47800       |
| train/                  |             |
|    approx_kl            | 0.008376383 |
|    clip_fraction        | 0.127       |
|    clip_range           | 0.2         |
|    entropy_loss         | -1.06       |
|    explained_variance   | 0.903       |
|    learning_rate        | 0.0003      |
|    loss                 | -0.048      |
|    n_updates            | 2380        |
|    policy_gradient_loss | -0.0108     |
|    std                  | 0.7         |
|    value_loss           | 1.07e-07    |
-----------------------------------------
-------------------------------------------
| rollout/                |               |
|    ep_len_mean          | 5e+03         |
|    ep_rew_mean          | -53.8         |
| time/                   |               |
|    fps                  | 7             |
|    iterations           | 240           |
|    time_elapsed         | 6071          |
|    total_timesteps      | 48000         |
| train/                  |               |
|    approx_kl            | 9.2522474e-05 |
|    clip_fraction        | 0.000781      |
|    clip_range           | 0.2           |
|    entropy_loss         | -1.06         |
|    explained_variance   | 0.83          |
|    learning_rate        | 0.0003        |
|    loss                 | 0.000118      |
|    n_updates            | 2390          |
|    policy_gradient_loss | 6.14e-05      |
|    std                  | 0.703         |
|    value_loss           | 9.6e-07       |
-------------------------------------------
------------------------------------------
| rollout/                |              |
|    ep_len_mean          | 5e+03        |
|    ep_rew_mean          | -53.8        |
| time/                   |              |
|    fps                  | 7            |
|    iterations           | 241          |
|    time_elapsed         | 6096         |
|    total_timesteps      | 48200        |
| train/                  |              |
|    approx_kl            | 0.0066713085 |
|    clip_fraction        | 0.0871       |
|    clip_range           | 0.2          |
|    entropy_loss         | -1.07        |
|    explained_variance   | -0.702       |
|    learning_rate        | 0.0003       |
|    loss                 | -0.052       |
|    n_updates            | 2400         |
|    policy_gradient_loss | -0.00485     |
|    std                  | 0.703        |
|    value_loss           | 1.13e-06     |
------------------------------------------
------------------------------------------
| rollout/                |              |
|    ep_len_mean          | 5e+03        |
|    ep_rew_mean          | -53.8        |
| time/                   |              |
|    fps                  | 7            |
|    iterations           | 242          |
|    time_elapsed         | 6121         |
|    total_timesteps      | 48400        |
| train/                  |              |
|    approx_kl            | 0.0009345573 |
|    clip_fraction        | 0.016        |
|    clip_range           | 0.2          |
|    entropy_loss         | -1.06        |
|    explained_variance   | -1.2         |
|    learning_rate        | 0.0003       |
|    loss                 | -0.0186      |
|    n_updates            | 2410         |
|    policy_gradient_loss | -0.00175     |
|    std                  | 0.701        |
|    value_loss           | 3.86e-06     |
------------------------------------------
------------------------------------------
| rollout/                |              |
|    ep_len_mean          | 5e+03        |
|    ep_rew_mean          | -53.8        |
| time/                   |              |
|    fps                  | 7            |
|    iterations           | 243          |
|    time_elapsed         | 6145         |
|    total_timesteps      | 48600        |
| train/                  |              |
|    approx_kl            | 0.0035488624 |
|    clip_fraction        | 0.121        |
|    clip_range           | 0.2          |
|    entropy_loss         | -1.06        |
|    explained_variance   | 0.163        |
|    learning_rate        | 0.0003       |
|    loss                 | -0.0242      |
|    n_updates            | 2420         |
|    policy_gradient_loss | -0.00477     |
|    std                  | 0.701        |
|    value_loss           | 3.55e-06     |
------------------------------------------
-----------------------------------------
| rollout/                |             |
|    ep_len_mean          | 5e+03       |
|    ep_rew_mean          | -53.8       |
| time/                   |             |
|    fps                  | 7           |
|    iterations           | 244         |
|    time_elapsed         | 6170        |
|    total_timesteps      | 48800       |
| train/                  |             |
|    approx_kl            | 0.005097609 |
|    clip_fraction        | 0.115       |
|    clip_range           | 0.2         |
|    entropy_loss         | -1.06       |
|    explained_variance   | 0.545       |
|    learning_rate        | 0.0003      |
|    loss                 | -0.0338     |
|    n_updates            | 2430        |
|    policy_gradient_loss | -0.0104     |
|    std                  | 0.701       |
|    value_loss           | 4.53e-06    |
-----------------------------------------
------------------------------------------
| rollout/                |              |
|    ep_len_mean          | 5e+03        |
|    ep_rew_mean          | -53.8        |
| time/                   |              |
|    fps                  | 7            |
|    iterations           | 245          |
|    time_elapsed         | 6194         |
|    total_timesteps      | 49000        |
| train/                  |              |
|    approx_kl            | 0.0042368853 |
|    clip_fraction        | 0.00547      |
|    clip_range           | 0.2          |
|    entropy_loss         | -1.07        |
|    explained_variance   | 0.146        |
|    learning_rate        | 0.0003       |
|    loss                 | -0.0588      |
|    n_updates            | 2440         |
|    policy_gradient_loss | -0.000807    |
|    std                  | 0.704        |
|    value_loss           | 1.28e-05     |
------------------------------------------
------------------------------------------
| rollout/                |              |
|    ep_len_mean          | 5e+03        |
|    ep_rew_mean          | -53.8        |
| time/                   |              |
|    fps                  | 7            |
|    iterations           | 246          |
|    time_elapsed         | 6219         |
|    total_timesteps      | 49200        |
| train/                  |              |
|    approx_kl            | 0.0049756784 |
|    clip_fraction        | 0.0504       |
|    clip_range           | 0.2          |
|    entropy_loss         | -1.07        |
|    explained_variance   | 0.155        |
|    learning_rate        | 0.0003       |
|    loss                 | 0.0378       |
|    n_updates            | 2450         |
|    policy_gradient_loss | -0.00465     |
|    std                  | 0.705        |
|    value_loss           | 1.04e-05     |
------------------------------------------
-------------------------------------------
| rollout/                |               |
|    ep_len_mean          | 5e+03         |
|    ep_rew_mean          | -53.8         |
| time/                   |               |
|    fps                  | 7             |
|    iterations           | 247           |
|    time_elapsed         | 6243          |
|    total_timesteps      | 49400         |
| train/                  |               |
|    approx_kl            | 6.0647028e-05 |
|    clip_fraction        | 0             |
|    clip_range           | 0.2           |
|    entropy_loss         | -1.07         |
|    explained_variance   | -0.255        |
|    learning_rate        | 0.0003        |
|    loss                 | 0.00575       |
|    n_updates            | 2460          |
|    policy_gradient_loss | 0.000965      |
|    std                  | 0.71          |
|    value_loss           | 3.15e-05      |
-------------------------------------------
------------------------------------------
| rollout/                |              |
|    ep_len_mean          | 5e+03        |
|    ep_rew_mean          | -53.8        |
| time/                   |              |
|    fps                  | 7            |
|    iterations           | 248          |
|    time_elapsed         | 6267         |
|    total_timesteps      | 49600        |
| train/                  |              |
|    approx_kl            | 0.0027744707 |
|    clip_fraction        | 0.0219       |
|    clip_range           | 0.2          |
|    entropy_loss         | -1.08        |
|    explained_variance   | -0.0601      |
|    learning_rate        | 0.0003       |
|    loss                 | -0.0453      |
|    n_updates            | 2470         |
|    policy_gradient_loss | -0.00646     |
|    std                  | 0.715        |
|    value_loss           | 2.43e-05     |
------------------------------------------
------------------------------------------
| rollout/                |              |
|    ep_len_mean          | 5e+03        |
|    ep_rew_mean          | -53.8        |
| time/                   |              |
|    fps                  | 7            |
|    iterations           | 249          |
|    time_elapsed         | 6292         |
|    total_timesteps      | 49800        |
| train/                  |              |
|    approx_kl            | 5.468307e-05 |
|    clip_fraction        | 0            |
|    clip_range           | 0.2          |
|    entropy_loss         | -1.08        |
|    explained_variance   | -0.0105      |
|    learning_rate        | 0.0003       |
|    loss                 | 0.000226     |
|    n_updates            | 2480         |
|    policy_gradient_loss | 0.00248      |
|    std                  | 0.715        |
|    value_loss           | 2.02e-05     |
------------------------------------------
------------------------------------------
| rollout/                |              |
|    ep_len_mean          | 5e+03        |
|    ep_rew_mean          | -53.8        |
| time/                   |              |
|    fps                  | 7            |
|    iterations           | 250          |
|    time_elapsed         | 6316         |
|    total_timesteps      | 50000        |
| train/                  |              |
|    approx_kl            | 0.0036516488 |
|    clip_fraction        | 0.1          |
|    clip_range           | 0.2          |
|    entropy_loss         | -1.08        |
|    explained_variance   | 0.0313       |
|    learning_rate        | 0.0003       |
|    loss                 | -0.0129      |
|    n_updates            | 2490         |
|    policy_gradient_loss | -0.00699     |
|    std                  | 0.711        |
|    value_loss           | 1.64e-05     |
------------------------------------------
------------------------------------------
| rollout/                |              |
|    ep_len_mean          | 5e+03        |
|    ep_rew_mean          | -53.7        |
| time/                   |              |
|    fps                  | 7            |
|    iterations           | 251          |
|    time_elapsed         | 6341         |
|    total_timesteps      | 50200        |
| train/                  |              |
|    approx_kl            | 0.0020608425 |
|    clip_fraction        | 0.00508      |
|    clip_range           | 0.2          |
|    entropy_loss         | -1.08        |
|    explained_variance   | 0.0857       |
|    learning_rate        | 0.0003       |
|    loss                 | 0.0108       |
|    n_updates            | 2500         |
|    policy_gradient_loss | 0.00267      |
|    std                  | 0.712        |
|    value_loss           | 3.33e-05     |
------------------------------------------
-----------------------------------------
| rollout/                |             |
|    ep_len_mean          | 5e+03       |
|    ep_rew_mean          | -53.7       |
| time/                   |             |
|    fps                  | 7           |
|    iterations           | 252         |
|    time_elapsed         | 6367        |
|    total_timesteps      | 50400       |
| train/                  |             |
|    approx_kl            | 0.008292717 |
|    clip_fraction        | 0.0223      |
|    clip_range           | 0.2         |
|    entropy_loss         | -1.08       |
|    explained_variance   | 0.861       |
|    learning_rate        | 0.0003      |
|    loss                 | -0.0713     |
|    n_updates            | 2510        |
|    policy_gradient_loss | -0.00463    |
|    std                  | 0.71        |
|    value_loss           | 0.0149      |
-----------------------------------------
-----------------------------------------
| rollout/                |             |
|    ep_len_mean          | 5e+03       |
|    ep_rew_mean          | -53.7       |
| time/                   |             |
|    fps                  | 7           |
|    iterations           | 253         |
|    time_elapsed         | 6392        |
|    total_timesteps      | 50600       |
| train/                  |             |
|    approx_kl            | 0.007849984 |
|    clip_fraction        | 0.0406      |
|    clip_range           | 0.2         |
|    entropy_loss         | -1.08       |
|    explained_variance   | -0.166      |
|    learning_rate        | 0.0003      |
|    loss                 | 0.0468      |
|    n_updates            | 2520        |
|    policy_gradient_loss | 0.000111    |
|    std                  | 0.71        |
|    value_loss           | 0.00523     |
-----------------------------------------
------------------------------------------
| rollout/                |              |
|    ep_len_mean          | 5e+03        |
|    ep_rew_mean          | -53.7        |
| time/                   |              |
|    fps                  | 7            |
|    iterations           | 254          |
|    time_elapsed         | 6417         |
|    total_timesteps      | 50800        |
| train/                  |              |
|    approx_kl            | 0.0051004896 |
|    clip_fraction        | 0.0824       |
|    clip_range           | 0.2          |
|    entropy_loss         | -1.08        |
|    explained_variance   | 0.842        |
|    learning_rate        | 0.0003       |
|    loss                 | 0.0711       |
|    n_updates            | 2530         |
|    policy_gradient_loss | -0.00548     |
|    std                  | 0.708        |
|    value_loss           | 0.00183      |
------------------------------------------
------------------------------------------
| rollout/                |              |
|    ep_len_mean          | 5e+03        |
|    ep_rew_mean          | -53.7        |
| time/                   |              |
|    fps                  | 7            |
|    iterations           | 255          |
|    time_elapsed         | 6442         |
|    total_timesteps      | 51000        |
| train/                  |              |
|    approx_kl            | 0.0068809316 |
|    clip_fraction        | 0.104        |
|    clip_range           | 0.2          |
|    entropy_loss         | -1.07        |
|    explained_variance   | -0.183       |
|    learning_rate        | 0.0003       |
|    loss                 | -0.00613     |
|    n_updates            | 2540         |
|    policy_gradient_loss | -0.0147      |
|    std                  | 0.704        |
|    value_loss           | 0.000373     |
------------------------------------------
------------------------------------------
| rollout/                |              |
|    ep_len_mean          | 5e+03        |
|    ep_rew_mean          | -53.7        |
| time/                   |              |
|    fps                  | 7            |
|    iterations           | 256          |
|    time_elapsed         | 6467         |
|    total_timesteps      | 51200        |
| train/                  |              |
|    approx_kl            | 0.0017397315 |
|    clip_fraction        | 0.0121       |
|    clip_range           | 0.2          |
|    entropy_loss         | -1.06        |
|    explained_variance   | 0.183        |
|    learning_rate        | 0.0003       |
|    loss                 | -0.0306      |
|    n_updates            | 2550         |
|    policy_gradient_loss | -0.000933    |
|    std                  | 0.697        |
|    value_loss           | 7.5e-05      |
------------------------------------------
------------------------------------------
| rollout/                |              |
|    ep_len_mean          | 5e+03        |
|    ep_rew_mean          | -53.7        |
| time/                   |              |
|    fps                  | 7            |
|    iterations           | 257          |
|    time_elapsed         | 6492         |
|    total_timesteps      | 51400        |
| train/                  |              |
|    approx_kl            | 0.0029883056 |
|    clip_fraction        | 0.0602       |
|    clip_range           | 0.2          |
|    entropy_loss         | -1.06        |
|    explained_variance   | 0.129        |
|    learning_rate        | 0.0003       |
|    loss                 | -0.00608     |
|    n_updates            | 2560         |
|    policy_gradient_loss | -0.00254     |
|    std                  | 0.696        |
|    value_loss           | 2.71e-05     |
------------------------------------------
------------------------------------------
| rollout/                |              |
|    ep_len_mean          | 5e+03        |
|    ep_rew_mean          | -53.7        |
| time/                   |              |
|    fps                  | 7            |
|    iterations           | 258          |
|    time_elapsed         | 6517         |
|    total_timesteps      | 51600        |
| train/                  |              |
|    approx_kl            | 0.0027279367 |
|    clip_fraction        | 0.0578       |
|    clip_range           | 0.2          |
|    entropy_loss         | -1.06        |
|    explained_variance   | 0.854        |
|    learning_rate        | 0.0003       |
|    loss                 | 0.0126       |
|    n_updates            | 2570         |
|    policy_gradient_loss | -0.000855    |
|    std                  | 0.694        |
|    value_loss           | 9.06e-06     |
------------------------------------------
-----------------------------------------
| rollout/                |             |
|    ep_len_mean          | 5e+03       |
|    ep_rew_mean          | -53.7       |
| time/                   |             |
|    fps                  | 7           |
|    iterations           | 259         |
|    time_elapsed         | 6542        |
|    total_timesteps      | 51800       |
| train/                  |             |
|    approx_kl            | 0.012812567 |
|    clip_fraction        | 0.12        |
|    clip_range           | 0.2         |
|    entropy_loss         | -1.05       |
|    explained_variance   | 0.808       |
|    learning_rate        | 0.0003      |
|    loss                 | 0.0917      |
|    n_updates            | 2580        |
|    policy_gradient_loss | 0.000321    |
|    std                  | 0.695       |
|    value_loss           | 1.78e-05    |
-----------------------------------------
-----------------------------------------
| rollout/                |             |
|    ep_len_mean          | 5e+03       |
|    ep_rew_mean          | -53.7       |
| time/                   |             |
|    fps                  | 7           |
|    iterations           | 260         |
|    time_elapsed         | 6567        |
|    total_timesteps      | 52000       |
| train/                  |             |
|    approx_kl            | 0.004118891 |
|    clip_fraction        | 0.0785      |
|    clip_range           | 0.2         |
|    entropy_loss         | -1.06       |
|    explained_variance   | 0.558       |
|    learning_rate        | 0.0003      |
|    loss                 | -0.0358     |
|    n_updates            | 2590        |
|    policy_gradient_loss | -0.00544    |
|    std                  | 0.698       |
|    value_loss           | 2.53e-05    |
-----------------------------------------
------------------------------------------
| rollout/                |              |
|    ep_len_mean          | 5e+03        |
|    ep_rew_mean          | -53.7        |
| time/                   |              |
|    fps                  | 7            |
|    iterations           | 261          |
|    time_elapsed         | 6592         |
|    total_timesteps      | 52200        |
| train/                  |              |
|    approx_kl            | 0.0034991966 |
|    clip_fraction        | 0.0879       |
|    clip_range           | 0.2          |
|    entropy_loss         | -1.06        |
|    explained_variance   | 0.224        |
|    learning_rate        | 0.0003       |
|    loss                 | -0.034       |
|    n_updates            | 2600         |
|    policy_gradient_loss | -0.00383     |
|    std                  | 0.698        |
|    value_loss           | 2.89e-05     |
------------------------------------------
------------------------------------------
| rollout/                |              |
|    ep_len_mean          | 5e+03        |
|    ep_rew_mean          | -53.7        |
| time/                   |              |
|    fps                  | 7            |
|    iterations           | 262          |
|    time_elapsed         | 6617         |
|    total_timesteps      | 52400        |
| train/                  |              |
|    approx_kl            | 0.0050496506 |
|    clip_fraction        | 0.0496       |
|    clip_range           | 0.2          |
|    entropy_loss         | -1.06        |
|    explained_variance   | 0.336        |
|    learning_rate        | 0.0003       |
|    loss                 | -0.0588      |
|    n_updates            | 2610         |
|    policy_gradient_loss | -0.00392     |
|    std                  | 0.697        |
|    value_loss           | 1.3e-05      |
------------------------------------------
------------------------------------------
| rollout/                |              |
|    ep_len_mean          | 5e+03        |
|    ep_rew_mean          | -53.7        |
| time/                   |              |
|    fps                  | 7            |
|    iterations           | 263          |
|    time_elapsed         | 6642         |
|    total_timesteps      | 52600        |
| train/                  |              |
|    approx_kl            | 0.0043967366 |
|    clip_fraction        | 0.0344       |
|    clip_range           | 0.2          |
|    entropy_loss         | -1.06        |
|    explained_variance   | -0.0211      |
|    learning_rate        | 0.0003       |
|    loss                 | -0.0522      |
|    n_updates            | 2620         |
|    policy_gradient_loss | -0.00124     |
|    std                  | 0.694        |
|    value_loss           | 8.8e-06      |
------------------------------------------
------------------------------------------
| rollout/                |              |
|    ep_len_mean          | 5e+03        |
|    ep_rew_mean          | -53.7        |
| time/                   |              |
|    fps                  | 7            |
|    iterations           | 264          |
|    time_elapsed         | 6667         |
|    total_timesteps      | 52800        |
| train/                  |              |
|    approx_kl            | 0.0041813953 |
|    clip_fraction        | 0.123        |
|    clip_range           | 0.2          |
|    entropy_loss         | -1.05        |
|    explained_variance   | 0.406        |
|    learning_rate        | 0.0003       |
|    loss                 | -0.00889     |
|    n_updates            | 2630         |
|    policy_gradient_loss | -0.0131      |
|    std                  | 0.693        |
|    value_loss           | 2.48e-06     |
------------------------------------------
-----------------------------------------
| rollout/                |             |
|    ep_len_mean          | 5e+03       |
|    ep_rew_mean          | -53.7       |
| time/                   |             |
|    fps                  | 7           |
|    iterations           | 265         |
|    time_elapsed         | 6692        |
|    total_timesteps      | 53000       |
| train/                  |             |
|    approx_kl            | 0.007945647 |
|    clip_fraction        | 0.0668      |
|    clip_range           | 0.2         |
|    entropy_loss         | -1.05       |
|    explained_variance   | 0.902       |
|    learning_rate        | 0.0003      |
|    loss                 | -0.0392     |
|    n_updates            | 2640        |
|    policy_gradient_loss | -0.00394    |
|    std                  | 0.689       |
|    value_loss           | 9.69e-07    |
-----------------------------------------
------------------------------------------
| rollout/                |              |
|    ep_len_mean          | 5e+03        |
|    ep_rew_mean          | -53.7        |
| time/                   |              |
|    fps                  | 7            |
|    iterations           | 266          |
|    time_elapsed         | 6717         |
|    total_timesteps      | 53200        |
| train/                  |              |
|    approx_kl            | 0.0022736301 |
|    clip_fraction        | 0.00664      |
|    clip_range           | 0.2          |
|    entropy_loss         | -1.05        |
|    explained_variance   | 0.312        |
|    learning_rate        | 0.0003       |
|    loss                 | -0.00517     |
|    n_updates            | 2650         |
|    policy_gradient_loss | 0.00141      |
|    std                  | 0.69         |
|    value_loss           | 4.05e-07     |
------------------------------------------
-----------------------------------------
| rollout/                |             |
|    ep_len_mean          | 5e+03       |
|    ep_rew_mean          | -53.7       |
| time/                   |             |
|    fps                  | 7           |
|    iterations           | 267         |
|    time_elapsed         | 6742        |
|    total_timesteps      | 53400       |
| train/                  |             |
|    approx_kl            | 0.004399128 |
|    clip_fraction        | 0.0664      |
|    clip_range           | 0.2         |
|    entropy_loss         | -1.05       |
|    explained_variance   | -2.37       |
|    learning_rate        | 0.0003      |
|    loss                 | -0.0343     |
|    n_updates            | 2660        |
|    policy_gradient_loss | -0.00486    |
|    std                  | 0.69        |
|    value_loss           | 6.98e-07    |
-----------------------------------------
------------------------------------------
| rollout/                |              |
|    ep_len_mean          | 5e+03        |
|    ep_rew_mean          | -53.7        |
| time/                   |              |
|    fps                  | 7            |
|    iterations           | 268          |
|    time_elapsed         | 6767         |
|    total_timesteps      | 53600        |
| train/                  |              |
|    approx_kl            | 0.0024717855 |
|    clip_fraction        | 0.00859      |
|    clip_range           | 0.2          |
|    entropy_loss         | -1.05        |
|    explained_variance   | -0.113       |
|    learning_rate        | 0.0003       |
|    loss                 | -0.0155      |
|    n_updates            | 2670         |
|    policy_gradient_loss | 9.2e-05      |
|    std                  | 0.693        |
|    value_loss           | 1.22e-06     |
------------------------------------------
-----------------------------------------
| rollout/                |             |
|    ep_len_mean          | 5e+03       |
|    ep_rew_mean          | -53.7       |
| time/                   |             |
|    fps                  | 7           |
|    iterations           | 269         |
|    time_elapsed         | 6791        |
|    total_timesteps      | 53800       |
| train/                  |             |
|    approx_kl            | 0.005263826 |
|    clip_fraction        | 0.107       |
|    clip_range           | 0.2         |
|    entropy_loss         | -1.05       |
|    explained_variance   | 0.571       |
|    learning_rate        | 0.0003      |
|    loss                 | -0.00308    |
|    n_updates            | 2680        |
|    policy_gradient_loss | -0.00904    |
|    std                  | 0.692       |
|    value_loss           | 2.86e-06    |
-----------------------------------------
-----------------------------------------
| rollout/                |             |
|    ep_len_mean          | 5e+03       |
|    ep_rew_mean          | -53.7       |
| time/                   |             |
|    fps                  | 7           |
|    iterations           | 270         |
|    time_elapsed         | 6816        |
|    total_timesteps      | 54000       |
| train/                  |             |
|    approx_kl            | 0.004825044 |
|    clip_fraction        | 0.0566      |
|    clip_range           | 0.2         |
|    entropy_loss         | -1.05       |
|    explained_variance   | 0.31        |
|    learning_rate        | 0.0003      |
|    loss                 | -0.0136     |
|    n_updates            | 2690        |
|    policy_gradient_loss | -0.00585    |
|    std                  | 0.686       |
|    value_loss           | 6.42e-06    |
-----------------------------------------
---------------------------------------
| rollout/                |           |
|    ep_len_mean          | 5e+03     |
|    ep_rew_mean          | -53.7     |
| time/                   |           |
|    fps                  | 7         |
|    iterations           | 271       |
|    time_elapsed         | 6840      |
|    total_timesteps      | 54200     |
| train/                  |           |
|    approx_kl            | 0.0077892 |
|    clip_fraction        | 0.109     |
|    clip_range           | 0.2       |
|    entropy_loss         | -1.04     |
|    explained_variance   | 0.144     |
|    learning_rate        | 0.0003    |
|    loss                 | -0.0217   |
|    n_updates            | 2700      |
|    policy_gradient_loss | -0.00892  |
|    std                  | 0.682     |
|    value_loss           | 6.4e-06   |
---------------------------------------
-----------------------------------------
| rollout/                |             |
|    ep_len_mean          | 5e+03       |
|    ep_rew_mean          | -53.7       |
| time/                   |             |
|    fps                  | 7           |
|    iterations           | 272         |
|    time_elapsed         | 6864        |
|    total_timesteps      | 54400       |
| train/                  |             |
|    approx_kl            | 0.004045004 |
|    clip_fraction        | 0.0137      |
|    clip_range           | 0.2         |
|    entropy_loss         | -1.03       |
|    explained_variance   | -0.234      |
|    learning_rate        | 0.0003      |
|    loss                 | -0.0487     |
|    n_updates            | 2710        |
|    policy_gradient_loss | -0.00211    |
|    std                  | 0.68        |
|    value_loss           | 1.01e-05    |
-----------------------------------------
------------------------------------------
| rollout/                |              |
|    ep_len_mean          | 5e+03        |
|    ep_rew_mean          | -53.7        |
| time/                   |              |
|    fps                  | 7            |
|    iterations           | 273          |
|    time_elapsed         | 6889         |
|    total_timesteps      | 54600        |
| train/                  |              |
|    approx_kl            | 0.0067152884 |
|    clip_fraction        | 0.111        |
|    clip_range           | 0.2          |
|    entropy_loss         | -1.03        |
|    explained_variance   | -0.127       |
|    learning_rate        | 0.0003       |
|    loss                 | 0.0175       |
|    n_updates            | 2720         |
|    policy_gradient_loss | -0.00715     |
|    std                  | 0.676        |
|    value_loss           | 9.65e-06     |
------------------------------------------
-----------------------------------------
| rollout/                |             |
|    ep_len_mean          | 5e+03       |
|    ep_rew_mean          | -53.7       |
| time/                   |             |
|    fps                  | 7           |
|    iterations           | 274         |
|    time_elapsed         | 6913        |
|    total_timesteps      | 54800       |
| train/                  |             |
|    approx_kl            | 0.008116087 |
|    clip_fraction        | 0.0199      |
|    clip_range           | 0.2         |
|    entropy_loss         | -1.02       |
|    explained_variance   | -0.0155     |
|    learning_rate        | 0.0003      |
|    loss                 | 0.0119      |
|    n_updates            | 2730        |
|    policy_gradient_loss | -0.0021     |
|    std                  | 0.671       |
|    value_loss           | 8.59e-06    |
-----------------------------------------
-----------------------------------------
| rollout/                |             |
|    ep_len_mean          | 5e+03       |
|    ep_rew_mean          | -53.7       |
| time/                   |             |
|    fps                  | 7           |
|    iterations           | 275         |
|    time_elapsed         | 6937        |
|    total_timesteps      | 55000       |
| train/                  |             |
|    approx_kl            | 0.011865549 |
|    clip_fraction        | 0.0883      |
|    clip_range           | 0.2         |
|    entropy_loss         | -1.02       |
|    explained_variance   | 0.0584      |
|    learning_rate        | 0.0003      |
|    loss                 | -0.109      |
|    n_updates            | 2740        |
|    policy_gradient_loss | -0.00538    |
|    std                  | 0.667       |
|    value_loss           | 2.25e-05    |
-----------------------------------------
------------------------------------------
| rollout/                |              |
|    ep_len_mean          | 5e+03        |
|    ep_rew_mean          | -53.6        |
| time/                   |              |
|    fps                  | 7            |
|    iterations           | 276          |
|    time_elapsed         | 6963         |
|    total_timesteps      | 55200        |
| train/                  |              |
|    approx_kl            | 0.0004942487 |
|    clip_fraction        | 0.0117       |
|    clip_range           | 0.2          |
|    entropy_loss         | -1.01        |
|    explained_variance   | 0.0609       |
|    learning_rate        | 0.0003       |
|    loss                 | -0.0327      |
|    n_updates            | 2750         |
|    policy_gradient_loss | -0.000227    |
|    std                  | 0.664        |
|    value_loss           | 1.69e-05     |
------------------------------------------
-----------------------------------------
| rollout/                |             |
|    ep_len_mean          | 5e+03       |
|    ep_rew_mean          | -53.6       |
| time/                   |             |
|    fps                  | 7           |
|    iterations           | 277         |
|    time_elapsed         | 6988        |
|    total_timesteps      | 55400       |
| train/                  |             |
|    approx_kl            | 0.012969593 |
|    clip_fraction        | 0.0496      |
|    clip_range           | 0.2         |
|    entropy_loss         | -1.01       |
|    explained_variance   | 0.869       |
|    learning_rate        | 0.0003      |
|    loss                 | -0.039      |
|    n_updates            | 2760        |
|    policy_gradient_loss | -0.0072     |
|    std                  | 0.663       |
|    value_loss           | 0.0261      |
-----------------------------------------
-----------------------------------------
| rollout/                |             |
|    ep_len_mean          | 5e+03       |
|    ep_rew_mean          | -53.6       |
| time/                   |             |
|    fps                  | 7           |
|    iterations           | 278         |
|    time_elapsed         | 7013        |
|    total_timesteps      | 55600       |
| train/                  |             |
|    approx_kl            | 0.007115692 |
|    clip_fraction        | 0.0617      |
|    clip_range           | 0.2         |
|    entropy_loss         | -1.01       |
|    explained_variance   | -0.294      |
|    learning_rate        | 0.0003      |
|    loss                 | -0.0314     |
|    n_updates            | 2770        |
|    policy_gradient_loss | -0.000264   |
|    std                  | 0.661       |
|    value_loss           | 0.00309     |
-----------------------------------------
------------------------------------------
| rollout/                |              |
|    ep_len_mean          | 5e+03        |
|    ep_rew_mean          | -53.6        |
| time/                   |              |
|    fps                  | 7            |
|    iterations           | 279          |
|    time_elapsed         | 7038         |
|    total_timesteps      | 55800        |
| train/                  |              |
|    approx_kl            | 0.0020046849 |
|    clip_fraction        | 0.00352      |
|    clip_range           | 0.2          |
|    entropy_loss         | -1           |
|    explained_variance   | 0.831        |
|    learning_rate        | 0.0003       |
|    loss                 | -0.0184      |
|    n_updates            | 2780         |
|    policy_gradient_loss | -0.0022      |
|    std                  | 0.66         |
|    value_loss           | 0.00154      |
------------------------------------------
------------------------------------------
| rollout/                |              |
|    ep_len_mean          | 5e+03        |
|    ep_rew_mean          | -53.6        |
| time/                   |              |
|    fps                  | 7            |
|    iterations           | 280          |
|    time_elapsed         | 7063         |
|    total_timesteps      | 56000        |
| train/                  |              |
|    approx_kl            | 0.0076666735 |
|    clip_fraction        | 0.0527       |
|    clip_range           | 0.2          |
|    entropy_loss         | -1           |
|    explained_variance   | 0.641        |
|    learning_rate        | 0.0003       |
|    loss                 | -0.0613      |
|    n_updates            | 2790         |
|    policy_gradient_loss | -0.00618     |
|    std                  | 0.659        |
|    value_loss           | 0.00034      |
------------------------------------------
----------------------------------------
| rollout/                |            |
|    ep_len_mean          | 5e+03      |
|    ep_rew_mean          | -53.6      |
| time/                   |            |
|    fps                  | 7          |
|    iterations           | 281        |
|    time_elapsed         | 7088       |
|    total_timesteps      | 56200      |
| train/                  |            |
|    approx_kl            | 0.00294956 |
|    clip_fraction        | 0.0437     |
|    clip_range           | 0.2        |
|    entropy_loss         | -1         |
|    explained_variance   | -0.33      |
|    learning_rate        | 0.0003     |
|    loss                 | -0.0119    |
|    n_updates            | 2800       |
|    policy_gradient_loss | -0.00419   |
|    std                  | 0.66       |
|    value_loss           | 8.11e-05   |
----------------------------------------
------------------------------------------
| rollout/                |              |
|    ep_len_mean          | 5e+03        |
|    ep_rew_mean          | -53.6        |
| time/                   |              |
|    fps                  | 7            |
|    iterations           | 282          |
|    time_elapsed         | 7112         |
|    total_timesteps      | 56400        |
| train/                  |              |
|    approx_kl            | 0.0048492267 |
|    clip_fraction        | 0.0348       |
|    clip_range           | 0.2          |
|    entropy_loss         | -1           |
|    explained_variance   | 0.0676       |
|    learning_rate        | 0.0003       |
|    loss                 | -0.041       |
|    n_updates            | 2810         |
|    policy_gradient_loss | -0.00346     |
|    std                  | 0.661        |
|    value_loss           | 1.91e-05     |
------------------------------------------
-----------------------------------------
| rollout/                |             |
|    ep_len_mean          | 5e+03       |
|    ep_rew_mean          | -53.6       |
| time/                   |             |
|    fps                  | 7           |
|    iterations           | 283         |
|    time_elapsed         | 7137        |
|    total_timesteps      | 56600       |
| train/                  |             |
|    approx_kl            | 0.005760821 |
|    clip_fraction        | 0.13        |
|    clip_range           | 0.2         |
|    entropy_loss         | -1          |
|    explained_variance   | 0.877       |
|    learning_rate        | 0.0003      |
|    loss                 | -0.0466     |
|    n_updates            | 2820        |
|    policy_gradient_loss | -0.0125     |
|    std                  | 0.659       |
|    value_loss           | 8.11e-06    |
-----------------------------------------
------------------------------------------
| rollout/                |              |
|    ep_len_mean          | 5e+03        |
|    ep_rew_mean          | -53.6        |
| time/                   |              |
|    fps                  | 7            |
|    iterations           | 284          |
|    time_elapsed         | 7162         |
|    total_timesteps      | 56800        |
| train/                  |              |
|    approx_kl            | 0.0049575344 |
|    clip_fraction        | 0.0234       |
|    clip_range           | 0.2          |
|    entropy_loss         | -1           |
|    explained_variance   | 0.529        |
|    learning_rate        | 0.0003       |
|    loss                 | -0.0384      |
|    n_updates            | 2830         |
|    policy_gradient_loss | -0.00133     |
|    std                  | 0.66         |
|    value_loss           | 6.78e-06     |
------------------------------------------
-----------------------------------------
| rollout/                |             |
|    ep_len_mean          | 5e+03       |
|    ep_rew_mean          | -53.6       |
| time/                   |             |
|    fps                  | 7           |
|    iterations           | 285         |
|    time_elapsed         | 7187        |
|    total_timesteps      | 57000       |
| train/                  |             |
|    approx_kl            | 0.010518462 |
|    clip_fraction        | 0.0758      |
|    clip_range           | 0.2         |
|    entropy_loss         | -1          |
|    explained_variance   | 0.561       |
|    learning_rate        | 0.0003      |
|    loss                 | -0.0276     |
|    n_updates            | 2840        |
|    policy_gradient_loss | -0.0069     |
|    std                  | 0.658       |
|    value_loss           | 1.41e-05    |
-----------------------------------------
------------------------------------------
| rollout/                |              |
|    ep_len_mean          | 5e+03        |
|    ep_rew_mean          | -53.6        |
| time/                   |              |
|    fps                  | 7            |
|    iterations           | 286          |
|    time_elapsed         | 7212         |
|    total_timesteps      | 57200        |
| train/                  |              |
|    approx_kl            | 0.0038803304 |
|    clip_fraction        | 0.0125       |
|    clip_range           | 0.2          |
|    entropy_loss         | -1           |
|    explained_variance   | 0.184        |
|    learning_rate        | 0.0003       |
|    loss                 | 0.0271       |
|    n_updates            | 2850         |
|    policy_gradient_loss | -0.000679    |
|    std                  | 0.656        |
|    value_loss           | 9.69e-06     |
------------------------------------------
------------------------------------------
| rollout/                |              |
|    ep_len_mean          | 5e+03        |
|    ep_rew_mean          | -53.6        |
| time/                   |              |
|    fps                  | 7            |
|    iterations           | 287          |
|    time_elapsed         | 7237         |
|    total_timesteps      | 57400        |
| train/                  |              |
|    approx_kl            | 0.0069090393 |
|    clip_fraction        | 0.137        |
|    clip_range           | 0.2          |
|    entropy_loss         | -0.999       |
|    explained_variance   | 0.784        |
|    learning_rate        | 0.0003       |
|    loss                 | -0.0396      |
|    n_updates            | 2860         |
|    policy_gradient_loss | -0.00621     |
|    std                  | 0.658        |
|    value_loss           | 7.03e-06     |
------------------------------------------
-----------------------------------------
| rollout/                |             |
|    ep_len_mean          | 5e+03       |
|    ep_rew_mean          | -53.6       |
| time/                   |             |
|    fps                  | 7           |
|    iterations           | 288         |
|    time_elapsed         | 7262        |
|    total_timesteps      | 57600       |
| train/                  |             |
|    approx_kl            | 0.011090914 |
|    clip_fraction        | 0.0984      |
|    clip_range           | 0.2         |
|    entropy_loss         | -1          |
|    explained_variance   | 0.628       |
|    learning_rate        | 0.0003      |
|    loss                 | -0.0426     |
|    n_updates            | 2870        |
|    policy_gradient_loss | -0.0125     |
|    std                  | 0.663       |
|    value_loss           | 1.49e-06    |
-----------------------------------------
-----------------------------------------
| rollout/                |             |
|    ep_len_mean          | 5e+03       |
|    ep_rew_mean          | -53.6       |
| time/                   |             |
|    fps                  | 7           |
|    iterations           | 289         |
|    time_elapsed         | 7287        |
|    total_timesteps      | 57800       |
| train/                  |             |
|    approx_kl            | 0.008223248 |
|    clip_fraction        | 0.0965      |
|    clip_range           | 0.2         |
|    entropy_loss         | -1.01       |
|    explained_variance   | 0.752       |
|    learning_rate        | 0.0003      |
|    loss                 | 0.0076      |
|    n_updates            | 2880        |
|    policy_gradient_loss | -0.00494    |
|    std                  | 0.668       |
|    value_loss           | 9.97e-07    |
-----------------------------------------
------------------------------------------
| rollout/                |              |
|    ep_len_mean          | 5e+03        |
|    ep_rew_mean          | -53.6        |
| time/                   |              |
|    fps                  | 7            |
|    iterations           | 290          |
|    time_elapsed         | 7312         |
|    total_timesteps      | 58000        |
| train/                  |              |
|    approx_kl            | 0.0051503987 |
|    clip_fraction        | 0.0902       |
|    clip_range           | 0.2          |
|    entropy_loss         | -1.02        |
|    explained_variance   | 0.914        |
|    learning_rate        | 0.0003       |
|    loss                 | 0.00491      |
|    n_updates            | 2890         |
|    policy_gradient_loss | -0.00793     |
|    std                  | 0.669        |
|    value_loss           | 3.75e-07     |
------------------------------------------
------------------------------------------
| rollout/                |              |
|    ep_len_mean          | 5e+03        |
|    ep_rew_mean          | -53.6        |
| time/                   |              |
|    fps                  | 7            |
|    iterations           | 291          |
|    time_elapsed         | 7336         |
|    total_timesteps      | 58200        |
| train/                  |              |
|    approx_kl            | 0.0006877007 |
|    clip_fraction        | 0            |
|    clip_range           | 0.2          |
|    entropy_loss         | -1.01        |
|    explained_variance   | -1.13        |
|    learning_rate        | 0.0003       |
|    loss                 | -0.00976     |
|    n_updates            | 2900         |
|    policy_gradient_loss | 0.000147     |
|    std                  | 0.665        |
|    value_loss           | 3.63e-07     |
------------------------------------------
------------------------------------------
| rollout/                |              |
|    ep_len_mean          | 5e+03        |
|    ep_rew_mean          | -53.6        |
| time/                   |              |
|    fps                  | 7            |
|    iterations           | 292          |
|    time_elapsed         | 7361         |
|    total_timesteps      | 58400        |
| train/                  |              |
|    approx_kl            | 0.0033252514 |
|    clip_fraction        | 0.0699       |
|    clip_range           | 0.2          |
|    entropy_loss         | -1.01        |
|    explained_variance   | -0.983       |
|    learning_rate        | 0.0003       |
|    loss                 | 0.0185       |
|    n_updates            | 2910         |
|    policy_gradient_loss | -0.00259     |
|    std                  | 0.661        |
|    value_loss           | 1.58e-06     |
------------------------------------------
-----------------------------------------
| rollout/                |             |
|    ep_len_mean          | 5e+03       |
|    ep_rew_mean          | -53.6       |
| time/                   |             |
|    fps                  | 7           |
|    iterations           | 293         |
|    time_elapsed         | 7386        |
|    total_timesteps      | 58600       |
| train/                  |             |
|    approx_kl            | 0.004375249 |
|    clip_fraction        | 0.00625     |
|    clip_range           | 0.2         |
|    entropy_loss         | -1.01       |
|    explained_variance   | 0.235       |
|    learning_rate        | 0.0003      |
|    loss                 | 0.0222      |
|    n_updates            | 2920        |
|    policy_gradient_loss | -1.16e-05   |
|    std                  | 0.665       |
|    value_loss           | 1.23e-06    |
-----------------------------------------
------------------------------------------
| rollout/                |              |
|    ep_len_mean          | 5e+03        |
|    ep_rew_mean          | -53.6        |
| time/                   |              |
|    fps                  | 7            |
|    iterations           | 294          |
|    time_elapsed         | 7410         |
|    total_timesteps      | 58800        |
| train/                  |              |
|    approx_kl            | 0.0065671518 |
|    clip_fraction        | 0.0965       |
|    clip_range           | 0.2          |
|    entropy_loss         | -1.01        |
|    explained_variance   | 0.712        |
|    learning_rate        | 0.0003       |
|    loss                 | 0.0333       |
|    n_updates            | 2930         |
|    policy_gradient_loss | -0.00755     |
|    std                  | 0.667        |
|    value_loss           | 6e-06        |
------------------------------------------
-----------------------------------------
| rollout/                |             |
|    ep_len_mean          | 5e+03       |
|    ep_rew_mean          | -53.6       |
| time/                   |             |
|    fps                  | 7           |
|    iterations           | 295         |
|    time_elapsed         | 7435        |
|    total_timesteps      | 59000       |
| train/                  |             |
|    approx_kl            | 0.008132692 |
|    clip_fraction        | 0.0824      |
|    clip_range           | 0.2         |
|    entropy_loss         | -1.01       |
|    explained_variance   | 0.234       |
|    learning_rate        | 0.0003      |
|    loss                 | 0.0159      |
|    n_updates            | 2940        |
|    policy_gradient_loss | -0.00741    |
|    std                  | 0.667       |
|    value_loss           | 4.29e-06    |
-----------------------------------------
-----------------------------------------
| rollout/                |             |
|    ep_len_mean          | 5e+03       |
|    ep_rew_mean          | -53.6       |
| time/                   |             |
|    fps                  | 7           |
|    iterations           | 296         |
|    time_elapsed         | 7459        |
|    total_timesteps      | 59200       |
| train/                  |             |
|    approx_kl            | 0.004452033 |
|    clip_fraction        | 0.0637      |
|    clip_range           | 0.2         |
|    entropy_loss         | -1.01       |
|    explained_variance   | 0.297       |
|    learning_rate        | 0.0003      |
|    loss                 | -0.0446     |
|    n_updates            | 2950        |
|    policy_gradient_loss | -0.00509    |
|    std                  | 0.666       |
|    value_loss           | 5.22e-06    |
-----------------------------------------
------------------------------------------
| rollout/                |              |
|    ep_len_mean          | 5e+03        |
|    ep_rew_mean          | -53.6        |
| time/                   |              |
|    fps                  | 7            |
|    iterations           | 297          |
|    time_elapsed         | 7483         |
|    total_timesteps      | 59400        |
| train/                  |              |
|    approx_kl            | 0.0017934006 |
|    clip_fraction        | 0.0348       |
|    clip_range           | 0.2          |
|    entropy_loss         | -1.01        |
|    explained_variance   | -0.381       |
|    learning_rate        | 0.0003       |
|    loss                 | -0.0165      |
|    n_updates            | 2960         |
|    policy_gradient_loss | -0.00327     |
|    std                  | 0.668        |
|    value_loss           | 1.56e-05     |
------------------------------------------
-----------------------------------------
| rollout/                |             |
|    ep_len_mean          | 5e+03       |
|    ep_rew_mean          | -53.6       |
| time/                   |             |
|    fps                  | 7           |
|    iterations           | 298         |
|    time_elapsed         | 7508        |
|    total_timesteps      | 59600       |
| train/                  |             |
|    approx_kl            | 0.009460115 |
|    clip_fraction        | 0.0391      |
|    clip_range           | 0.2         |
|    entropy_loss         | -1.02       |
|    explained_variance   | -0.0189     |
|    learning_rate        | 0.0003      |
|    loss                 | -0.0768     |
|    n_updates            | 2970        |
|    policy_gradient_loss | -0.00487    |
|    std                  | 0.668       |
|    value_loss           | 1.5e-05     |
-----------------------------------------
-------------------------------------------
| rollout/                |               |
|    ep_len_mean          | 5e+03         |
|    ep_rew_mean          | -53.6         |
| time/                   |               |
|    fps                  | 7             |
|    iterations           | 299           |
|    time_elapsed         | 7532          |
|    total_timesteps      | 59800         |
| train/                  |               |
|    approx_kl            | 0.00048590102 |
|    clip_fraction        | 0             |
|    clip_range           | 0.2           |
|    entropy_loss         | -1.01         |
|    explained_variance   | 0.00629       |
|    learning_rate        | 0.0003        |
|    loss                 | -0.00733      |
|    n_updates            | 2980          |
|    policy_gradient_loss | 0.000241      |
|    std                  | 0.667         |
|    value_loss           | 8.35e-06      |
-------------------------------------------
------------------------------------------
| rollout/                |              |
|    ep_len_mean          | 5e+03        |
|    ep_rew_mean          | -53.6        |
| time/                   |              |
|    fps                  | 7            |
|    iterations           | 300          |
|    time_elapsed         | 7556         |
|    total_timesteps      | 60000        |
| train/                  |              |
|    approx_kl            | 0.0025881154 |
|    clip_fraction        | 0            |
|    clip_range           | 0.2          |
|    entropy_loss         | -1.01        |
|    explained_variance   | 0.0222       |
|    learning_rate        | 0.0003       |
|    loss                 | -0.0311      |
|    n_updates            | 2990         |
|    policy_gradient_loss | -0.000723    |
|    std                  | 0.668        |
|    value_loss           | 2.15e-05     |
------------------------------------------
-----------------------------------------
| rollout/                |             |
|    ep_len_mean          | 5e+03       |
|    ep_rew_mean          | -53.5       |
| time/                   |             |
|    fps                  | 7           |
|    iterations           | 301         |
|    time_elapsed         | 7581        |
|    total_timesteps      | 60200       |
| train/                  |             |
|    approx_kl            | 0.009907914 |
|    clip_fraction        | 0.073       |
|    clip_range           | 0.2         |
|    entropy_loss         | -1.01       |
|    explained_variance   | 0.135       |
|    learning_rate        | 0.0003      |
|    loss                 | 0.0469      |
|    n_updates            | 3000        |
|    policy_gradient_loss | -0.00369    |
|    std                  | 0.664       |
|    value_loss           | 1.27e-05    |
-----------------------------------------
------------------------------------------
| rollout/                |              |
|    ep_len_mean          | 5e+03        |
|    ep_rew_mean          | -53.5        |
| time/                   |              |
|    fps                  | 7            |
|    iterations           | 302          |
|    time_elapsed         | 7606         |
|    total_timesteps      | 60400        |
| train/                  |              |
|    approx_kl            | 0.0022846863 |
|    clip_fraction        | 0.0426       |
|    clip_range           | 0.2          |
|    entropy_loss         | -1.01        |
|    explained_variance   | 0.856        |
|    learning_rate        | 0.0003       |
|    loss                 | -0.036       |
|    n_updates            | 3010         |
|    policy_gradient_loss | -0.00614     |
|    std                  | 0.663        |
|    value_loss           | 0.0122       |
------------------------------------------
-----------------------------------------
| rollout/                |             |
|    ep_len_mean          | 5e+03       |
|    ep_rew_mean          | -53.5       |
| time/                   |             |
|    fps                  | 7           |
|    iterations           | 303         |
|    time_elapsed         | 7631        |
|    total_timesteps      | 60600       |
| train/                  |             |
|    approx_kl            | 0.019502651 |
|    clip_fraction        | 0.133       |
|    clip_range           | 0.2         |
|    entropy_loss         | -1.01       |
|    explained_variance   | -0.332      |
|    learning_rate        | 0.0003      |
|    loss                 | -0.0571     |
|    n_updates            | 3020        |
|    policy_gradient_loss | -0.00782    |
|    std                  | 0.667       |
|    value_loss           | 0.00225     |
-----------------------------------------
-----------------------------------------
| rollout/                |             |
|    ep_len_mean          | 5e+03       |
|    ep_rew_mean          | -53.5       |
| time/                   |             |
|    fps                  | 7           |
|    iterations           | 304         |
|    time_elapsed         | 7656        |
|    total_timesteps      | 60800       |
| train/                  |             |
|    approx_kl            | 0.007263827 |
|    clip_fraction        | 0.0621      |
|    clip_range           | 0.2         |
|    entropy_loss         | -1.02       |
|    explained_variance   | 0.826       |
|    learning_rate        | 0.0003      |
|    loss                 | -0.0556     |
|    n_updates            | 3030        |
|    policy_gradient_loss | -0.00672    |
|    std                  | 0.669       |
|    value_loss           | 0.00104     |
-----------------------------------------
-----------------------------------------
| rollout/                |             |
|    ep_len_mean          | 5e+03       |
|    ep_rew_mean          | -53.5       |
| time/                   |             |
|    fps                  | 7           |
|    iterations           | 305         |
|    time_elapsed         | 7681        |
|    total_timesteps      | 61000       |
| train/                  |             |
|    approx_kl            | 0.003506456 |
|    clip_fraction        | 0.0242      |
|    clip_range           | 0.2         |
|    entropy_loss         | -1.02       |
|    explained_variance   | 0.581       |
|    learning_rate        | 0.0003      |
|    loss                 | -0.0169     |
|    n_updates            | 3040        |
|    policy_gradient_loss | -0.00131    |
|    std                  | 0.671       |
|    value_loss           | 0.000304    |
-----------------------------------------
------------------------------------------
| rollout/                |              |
|    ep_len_mean          | 5e+03        |
|    ep_rew_mean          | -53.5        |
| time/                   |              |
|    fps                  | 7            |
|    iterations           | 306          |
|    time_elapsed         | 7706         |
|    total_timesteps      | 61200        |
| train/                  |              |
|    approx_kl            | 0.0010151798 |
|    clip_fraction        | 0.032        |
|    clip_range           | 0.2          |
|    entropy_loss         | -1.02        |
|    explained_variance   | -0.458       |
|    learning_rate        | 0.0003       |
|    loss                 | 0.00376      |
|    n_updates            | 3050         |
|    policy_gradient_loss | -0.00315     |
|    std                  | 0.668        |
|    value_loss           | 7.18e-05     |
------------------------------------------
-----------------------------------------
| rollout/                |             |
|    ep_len_mean          | 5e+03       |
|    ep_rew_mean          | -53.5       |
| time/                   |             |
|    fps                  | 7           |
|    iterations           | 307         |
|    time_elapsed         | 7731        |
|    total_timesteps      | 61400       |
| train/                  |             |
|    approx_kl            | 0.009980952 |
|    clip_fraction        | 0.0441      |
|    clip_range           | 0.2         |
|    entropy_loss         | -1.01       |
|    explained_variance   | 0.0294      |
|    learning_rate        | 0.0003      |
|    loss                 | -0.00851    |
|    n_updates            | 3060        |
|    policy_gradient_loss | -0.00644    |
|    std                  | 0.664       |
|    value_loss           | 2.84e-05    |
-----------------------------------------
---------------------------------------
| rollout/                |           |
|    ep_len_mean          | 5e+03     |
|    ep_rew_mean          | -53.5     |
| time/                   |           |
|    fps                  | 7         |
|    iterations           | 308       |
|    time_elapsed         | 7756      |
|    total_timesteps      | 61600     |
| train/                  |           |
|    approx_kl            | 0.0038742 |
|    clip_fraction        | 0.0656    |
|    clip_range           | 0.2       |
|    entropy_loss         | -1.01     |
|    explained_variance   | 0.907     |
|    learning_rate        | 0.0003    |
|    loss                 | -0.0117   |
|    n_updates            | 3070      |
|    policy_gradient_loss | -0.00797  |
|    std                  | 0.662     |
|    value_loss           | 7.75e-06  |
---------------------------------------
-----------------------------------------
| rollout/                |             |
|    ep_len_mean          | 5e+03       |
|    ep_rew_mean          | -53.5       |
| time/                   |             |
|    fps                  | 7           |
|    iterations           | 309         |
|    time_elapsed         | 7781        |
|    total_timesteps      | 61800       |
| train/                  |             |
|    approx_kl            | 0.007510914 |
|    clip_fraction        | 0.0922      |
|    clip_range           | 0.2         |
|    entropy_loss         | -1.01       |
|    explained_variance   | 0.375       |
|    learning_rate        | 0.0003      |
|    loss                 | -0.00606    |
|    n_updates            | 3080        |
|    policy_gradient_loss | -0.00987    |
|    std                  | 0.662       |
|    value_loss           | 2.36e-05    |
-----------------------------------------
------------------------------------------
| rollout/                |              |
|    ep_len_mean          | 5e+03        |
|    ep_rew_mean          | -53.5        |
| time/                   |              |
|    fps                  | 7            |
|    iterations           | 310          |
|    time_elapsed         | 7806         |
|    total_timesteps      | 62000        |
| train/                  |              |
|    approx_kl            | 0.0035631594 |
|    clip_fraction        | 0.0449       |
|    clip_range           | 0.2          |
|    entropy_loss         | -1           |
|    explained_variance   | 0.533        |
|    learning_rate        | 0.0003       |
|    loss                 | -0.0307      |
|    n_updates            | 3090         |
|    policy_gradient_loss | -0.00395     |
|    std                  | 0.658        |
|    value_loss           | 1.94e-05     |
------------------------------------------
------------------------------------------
| rollout/                |              |
|    ep_len_mean          | 5e+03        |
|    ep_rew_mean          | -53.5        |
| time/                   |              |
|    fps                  | 7            |
|    iterations           | 311          |
|    time_elapsed         | 7830         |
|    total_timesteps      | 62200        |
| train/                  |              |
|    approx_kl            | 0.0025453107 |
|    clip_fraction        | 0.0441       |
|    clip_range           | 0.2          |
|    entropy_loss         | -0.999       |
|    explained_variance   | -0.0983      |
|    learning_rate        | 0.0003       |
|    loss                 | -0.0323      |
|    n_updates            | 3100         |
|    policy_gradient_loss | -0.00348     |
|    std                  | 0.656        |
|    value_loss           | 2.08e-05     |
------------------------------------------
-----------------------------------------
| rollout/                |             |
|    ep_len_mean          | 5e+03       |
|    ep_rew_mean          | -53.5       |
| time/                   |             |
|    fps                  | 7           |
|    iterations           | 312         |
|    time_elapsed         | 7855        |
|    total_timesteps      | 62400       |
| train/                  |             |
|    approx_kl            | 0.003931154 |
|    clip_fraction        | 0.00352     |
|    clip_range           | 0.2         |
|    entropy_loss         | -0.995      |
|    explained_variance   | 0.631       |
|    learning_rate        | 0.0003      |
|    loss                 | 0.0466      |
|    n_updates            | 3110        |
|    policy_gradient_loss | -0.00026    |
|    std                  | 0.653       |
|    value_loss           | 1.09e-05    |
-----------------------------------------
------------------------------------------
| rollout/                |              |
|    ep_len_mean          | 5e+03        |
|    ep_rew_mean          | -53.5        |
| time/                   |              |
|    fps                  | 7            |
|    iterations           | 313          |
|    time_elapsed         | 7880         |
|    total_timesteps      | 62600        |
| train/                  |              |
|    approx_kl            | 0.0023325412 |
|    clip_fraction        | 0.000781     |
|    clip_range           | 0.2          |
|    entropy_loss         | -0.993       |
|    explained_variance   | 0.491        |
|    learning_rate        | 0.0003       |
|    loss                 | 0.0104       |
|    n_updates            | 3120         |
|    policy_gradient_loss | -0.000804    |
|    std                  | 0.654        |
|    value_loss           | 7.56e-06     |
------------------------------------------
------------------------------------------
| rollout/                |              |
|    ep_len_mean          | 5e+03        |
|    ep_rew_mean          | -53.5        |
| time/                   |              |
|    fps                  | 7            |
|    iterations           | 314          |
|    time_elapsed         | 7905         |
|    total_timesteps      | 62800        |
| train/                  |              |
|    approx_kl            | 0.0011527052 |
|    clip_fraction        | 0.0387       |
|    clip_range           | 0.2          |
|    entropy_loss         | -0.994       |
|    explained_variance   | -0.759       |
|    learning_rate        | 0.0003       |
|    loss                 | -0.0103      |
|    n_updates            | 3130         |
|    policy_gradient_loss | -0.00242     |
|    std                  | 0.653        |
|    value_loss           | 3.26e-06     |
------------------------------------------
------------------------------------------
| rollout/                |              |
|    ep_len_mean          | 5e+03        |
|    ep_rew_mean          | -53.5        |
| time/                   |              |
|    fps                  | 7            |
|    iterations           | 315          |
|    time_elapsed         | 7930         |
|    total_timesteps      | 63000        |
| train/                  |              |
|    approx_kl            | 0.0025443328 |
|    clip_fraction        | 0.0988       |
|    clip_range           | 0.2          |
|    entropy_loss         | -0.994       |
|    explained_variance   | 0.907        |
|    learning_rate        | 0.0003       |
|    loss                 | 0.00773      |
|    n_updates            | 3140         |
|    policy_gradient_loss | -0.00854     |
|    std                  | 0.655        |
|    value_loss           | 7.47e-07     |
------------------------------------------
------------------------------------------
| rollout/                |              |
|    ep_len_mean          | 5e+03        |
|    ep_rew_mean          | -53.5        |
| time/                   |              |
|    fps                  | 7            |
|    iterations           | 316          |
|    time_elapsed         | 7954         |
|    total_timesteps      | 63200        |
| train/                  |              |
|    approx_kl            | 0.0048569106 |
|    clip_fraction        | 0.0254       |
|    clip_range           | 0.2          |
|    entropy_loss         | -0.996       |
|    explained_variance   | -0.853       |
|    learning_rate        | 0.0003       |
|    loss                 | -0.0302      |
|    n_updates            | 3150         |
|    policy_gradient_loss | -0.000792    |
|    std                  | 0.656        |
|    value_loss           | 8.16e-07     |
------------------------------------------
------------------------------------------
| rollout/                |              |
|    ep_len_mean          | 5e+03        |
|    ep_rew_mean          | -53.5        |
| time/                   |              |
|    fps                  | 7            |
|    iterations           | 317          |
|    time_elapsed         | 7979         |
|    total_timesteps      | 63400        |
| train/                  |              |
|    approx_kl            | 0.0040649925 |
|    clip_fraction        | 0.0848       |
|    clip_range           | 0.2          |
|    entropy_loss         | -0.998       |
|    explained_variance   | -0.955       |
|    learning_rate        | 0.0003       |
|    loss                 | -0.00766     |
|    n_updates            | 3160         |
|    policy_gradient_loss | -0.00445     |
|    std                  | 0.657        |
|    value_loss           | 7.79e-07     |
------------------------------------------
------------------------------------------
| rollout/                |              |
|    ep_len_mean          | 5e+03        |
|    ep_rew_mean          | -53.5        |
| time/                   |              |
|    fps                  | 7            |
|    iterations           | 318          |
|    time_elapsed         | 8004         |
|    total_timesteps      | 63600        |
| train/                  |              |
|    approx_kl            | 0.0027008431 |
|    clip_fraction        | 0.025        |
|    clip_range           | 0.2          |
|    entropy_loss         | -0.999       |
|    explained_variance   | 0.271        |
|    learning_rate        | 0.0003       |
|    loss                 | 0.0146       |
|    n_updates            | 3170         |
|    policy_gradient_loss | 0.00134      |
|    std                  | 0.657        |
|    value_loss           | 6.94e-07     |
------------------------------------------
------------------------------------------
| rollout/                |              |
|    ep_len_mean          | 5e+03        |
|    ep_rew_mean          | -53.5        |
| time/                   |              |
|    fps                  | 7            |
|    iterations           | 319          |
|    time_elapsed         | 8028         |
|    total_timesteps      | 63800        |
| train/                  |              |
|    approx_kl            | 0.0022753468 |
|    clip_fraction        | 0.0672       |
|    clip_range           | 0.2          |
|    entropy_loss         | -0.996       |
|    explained_variance   | 0.776        |
|    learning_rate        | 0.0003       |
|    loss                 | -0.00647     |
|    n_updates            | 3180         |
|    policy_gradient_loss | -0.00308     |
|    std                  | 0.652        |
|    value_loss           | 8.45e-07     |
------------------------------------------
-------------------------------------------
| rollout/                |               |
|    ep_len_mean          | 5e+03         |
|    ep_rew_mean          | -53.5         |
| time/                   |               |
|    fps                  | 7             |
|    iterations           | 320           |
|    time_elapsed         | 8052          |
|    total_timesteps      | 64000         |
| train/                  |               |
|    approx_kl            | 0.00089326187 |
|    clip_fraction        | 0             |
|    clip_range           | 0.2           |
|    entropy_loss         | -0.987        |
|    explained_variance   | 0.375         |
|    learning_rate        | 0.0003        |
|    loss                 | -0.00379      |
|    n_updates            | 3190          |
|    policy_gradient_loss | -0.000105     |
|    std                  | 0.646         |
|    value_loss           | 8.7e-06       |
-------------------------------------------
------------------------------------------
| rollout/                |              |
|    ep_len_mean          | 5e+03        |
|    ep_rew_mean          | -53.5        |
| time/                   |              |
|    fps                  | 7            |
|    iterations           | 321          |
|    time_elapsed         | 8077         |
|    total_timesteps      | 64200        |
| train/                  |              |
|    approx_kl            | 0.0018092396 |
|    clip_fraction        | 0.0152       |
|    clip_range           | 0.2          |
|    entropy_loss         | -0.98        |
|    explained_variance   | 0.365        |
|    learning_rate        | 0.0003       |
|    loss                 | 0.0176       |
|    n_updates            | 3200         |
|    policy_gradient_loss | 0.000712     |
|    std                  | 0.644        |
|    value_loss           | 1.14e-05     |
------------------------------------------
------------------------------------------
| rollout/                |              |
|    ep_len_mean          | 5e+03        |
|    ep_rew_mean          | -53.5        |
| time/                   |              |
|    fps                  | 7            |
|    iterations           | 322          |
|    time_elapsed         | 8101         |
|    total_timesteps      | 64400        |
| train/                  |              |
|    approx_kl            | 0.0015318429 |
|    clip_fraction        | 0.0148       |
|    clip_range           | 0.2          |
|    entropy_loss         | -0.98        |
|    explained_variance   | -0.43        |
|    learning_rate        | 0.0003       |
|    loss                 | -0.019       |
|    n_updates            | 3210         |
|    policy_gradient_loss | -0.00104     |
|    std                  | 0.645        |
|    value_loss           | 1.63e-05     |
------------------------------------------
------------------------------------------
| rollout/                |              |
|    ep_len_mean          | 5e+03        |
|    ep_rew_mean          | -53.5        |
| time/                   |              |
|    fps                  | 7            |
|    iterations           | 323          |
|    time_elapsed         | 8125         |
|    total_timesteps      | 64600        |
| train/                  |              |
|    approx_kl            | 0.0018755887 |
|    clip_fraction        | 0.0367       |
|    clip_range           | 0.2          |
|    entropy_loss         | -0.977       |
|    explained_variance   | 0.0211       |
|    learning_rate        | 0.0003       |
|    loss                 | 0.0278       |
|    n_updates            | 3220         |
|    policy_gradient_loss | -0.00158     |
|    std                  | 0.64         |
|    value_loss           | 2.28e-05     |
------------------------------------------
-----------------------------------------
| rollout/                |             |
|    ep_len_mean          | 5e+03       |
|    ep_rew_mean          | -53.5       |
| time/                   |             |
|    fps                  | 7           |
|    iterations           | 324         |
|    time_elapsed         | 8150        |
|    total_timesteps      | 64800       |
| train/                  |             |
|    approx_kl            | 0.004249516 |
|    clip_fraction        | 0.0227      |
|    clip_range           | 0.2         |
|    entropy_loss         | -0.972      |
|    explained_variance   | 0.0146      |
|    learning_rate        | 0.0003      |
|    loss                 | -0.059      |
|    n_updates            | 3230        |
|    policy_gradient_loss | -0.000698   |
|    std                  | 0.639       |
|    value_loss           | 1.57e-05    |
-----------------------------------------
-----------------------------------------
| rollout/                |             |
|    ep_len_mean          | 5e+03       |
|    ep_rew_mean          | -53.5       |
| time/                   |             |
|    fps                  | 7           |
|    iterations           | 325         |
|    time_elapsed         | 8174        |
|    total_timesteps      | 65000       |
| train/                  |             |
|    approx_kl            | 0.002572318 |
|    clip_fraction        | 0.0156      |
|    clip_range           | 0.2         |
|    entropy_loss         | -0.972      |
|    explained_variance   | 0.00934     |
|    learning_rate        | 0.0003      |
|    loss                 | -0.0024     |
|    n_updates            | 3240        |
|    policy_gradient_loss | -0.00264    |
|    std                  | 0.64        |
|    value_loss           | 8.77e-05    |
-----------------------------------------
------------------------------------------
| rollout/                |              |
|    ep_len_mean          | 5e+03        |
|    ep_rew_mean          | -53.4        |
| time/                   |              |
|    fps                  | 7            |
|    iterations           | 326          |
|    time_elapsed         | 8199         |
|    total_timesteps      | 65200        |
| train/                  |              |
|    approx_kl            | 0.0009005065 |
|    clip_fraction        | 0            |
|    clip_range           | 0.2          |
|    entropy_loss         | -0.967       |
|    explained_variance   | 0.177        |
|    learning_rate        | 0.0003       |
|    loss                 | -0.0208      |
|    n_updates            | 3250         |
|    policy_gradient_loss | -0.00112     |
|    std                  | 0.632        |
|    value_loss           | 4.39e-05     |
------------------------------------------
------------------------------------------
| rollout/                |              |
|    ep_len_mean          | 5e+03        |
|    ep_rew_mean          | -53.4        |
| time/                   |              |
|    fps                  | 7            |
|    iterations           | 327          |
|    time_elapsed         | 8224         |
|    total_timesteps      | 65400        |
| train/                  |              |
|    approx_kl            | 0.0059909485 |
|    clip_fraction        | 0.0297       |
|    clip_range           | 0.2          |
|    entropy_loss         | -0.957       |
|    explained_variance   | 0.851        |
|    learning_rate        | 0.0003       |
|    loss                 | -0.0628      |
|    n_updates            | 3260         |
|    policy_gradient_loss | -0.00247     |
|    std                  | 0.631        |
|    value_loss           | 0.0146       |
------------------------------------------
------------------------------------------
| rollout/                |              |
|    ep_len_mean          | 5e+03        |
|    ep_rew_mean          | -53.4        |
| time/                   |              |
|    fps                  | 7            |
|    iterations           | 328          |
|    time_elapsed         | 8248         |
|    total_timesteps      | 65600        |
| train/                  |              |
|    approx_kl            | 0.0020451765 |
|    clip_fraction        | 0.0281       |
|    clip_range           | 0.2          |
|    entropy_loss         | -0.959       |
|    explained_variance   | -0.83        |
|    learning_rate        | 0.0003       |
|    loss                 | -0.0212      |
|    n_updates            | 3270         |
|    policy_gradient_loss | -0.00322     |
|    std                  | 0.63         |
|    value_loss           | 0.00614      |
------------------------------------------
-----------------------------------------
| rollout/                |             |
|    ep_len_mean          | 5e+03       |
|    ep_rew_mean          | -53.4       |
| time/                   |             |
|    fps                  | 7           |
|    iterations           | 329         |
|    time_elapsed         | 8273        |
|    total_timesteps      | 65800       |
| train/                  |             |
|    approx_kl            | 0.009145342 |
|    clip_fraction        | 0.133       |
|    clip_range           | 0.2         |
|    entropy_loss         | -0.957      |
|    explained_variance   | 0.863       |
|    learning_rate        | 0.0003      |
|    loss                 | -0.07       |
|    n_updates            | 3280        |
|    policy_gradient_loss | -0.02       |
|    std                  | 0.63        |
|    value_loss           | 0.00201     |
-----------------------------------------
-----------------------------------------
| rollout/                |             |
|    ep_len_mean          | 5e+03       |
|    ep_rew_mean          | -53.4       |
| time/                   |             |
|    fps                  | 7           |
|    iterations           | 330         |
|    time_elapsed         | 8298        |
|    total_timesteps      | 66000       |
| train/                  |             |
|    approx_kl            | 0.002686301 |
|    clip_fraction        | 0.0359      |
|    clip_range           | 0.2         |
|    entropy_loss         | -0.959      |
|    explained_variance   | 0.0207      |
|    learning_rate        | 0.0003      |
|    loss                 | 0.00864     |
|    n_updates            | 3290        |
|    policy_gradient_loss | 0.000489    |
|    std                  | 0.634       |
|    value_loss           | 0.000356    |
-----------------------------------------
------------------------------------------
| rollout/                |              |
|    ep_len_mean          | 5e+03        |
|    ep_rew_mean          | -53.4        |
| time/                   |              |
|    fps                  | 7            |
|    iterations           | 331          |
|    time_elapsed         | 8323         |
|    total_timesteps      | 66200        |
| train/                  |              |
|    approx_kl            | 0.0023546824 |
|    clip_fraction        | 0.0383       |
|    clip_range           | 0.2          |
|    entropy_loss         | -0.963       |
|    explained_variance   | 0.218        |
|    learning_rate        | 0.0003       |
|    loss                 | -0.0313      |
|    n_updates            | 3300         |
|    policy_gradient_loss | -0.00564     |
|    std                  | 0.632        |
|    value_loss           | 5.5e-05      |
------------------------------------------
------------------------------------------
| rollout/                |              |
|    ep_len_mean          | 5e+03        |
|    ep_rew_mean          | -53.4        |
| time/                   |              |
|    fps                  | 7            |
|    iterations           | 332          |
|    time_elapsed         | 8348         |
|    total_timesteps      | 66400        |
| train/                  |              |
|    approx_kl            | 0.0023855935 |
|    clip_fraction        | 0.0242       |
|    clip_range           | 0.2          |
|    entropy_loss         | -0.96        |
|    explained_variance   | -0.19        |
|    learning_rate        | 0.0003       |
|    loss                 | -0.0108      |
|    n_updates            | 3310         |
|    policy_gradient_loss | 0.000667     |
|    std                  | 0.633        |
|    value_loss           | 2e-05        |
------------------------------------------
------------------------------------------
| rollout/                |              |
|    ep_len_mean          | 5e+03        |
|    ep_rew_mean          | -53.4        |
| time/                   |              |
|    fps                  | 7            |
|    iterations           | 333          |
|    time_elapsed         | 8372         |
|    total_timesteps      | 66600        |
| train/                  |              |
|    approx_kl            | 0.0031650364 |
|    clip_fraction        | 0.0293       |
|    clip_range           | 0.2          |
|    entropy_loss         | -0.964       |
|    explained_variance   | 0.82         |
|    learning_rate        | 0.0003       |
|    loss                 | -0.01        |
|    n_updates            | 3320         |
|    policy_gradient_loss | 0.000471     |
|    std                  | 0.636        |
|    value_loss           | 7.09e-06     |
------------------------------------------
-----------------------------------------
| rollout/                |             |
|    ep_len_mean          | 5e+03       |
|    ep_rew_mean          | -53.4       |
| time/                   |             |
|    fps                  | 7           |
|    iterations           | 334         |
|    time_elapsed         | 8397        |
|    total_timesteps      | 66800       |
| train/                  |             |
|    approx_kl            | 0.009651005 |
|    clip_fraction        | 0.0613      |
|    clip_range           | 0.2         |
|    entropy_loss         | -0.968      |
|    explained_variance   | 0.711       |
|    learning_rate        | 0.0003      |
|    loss                 | -0.0338     |
|    n_updates            | 3330        |
|    policy_gradient_loss | -0.00332    |
|    std                  | 0.638       |
|    value_loss           | 9.26e-06    |
-----------------------------------------
------------------------------------------
| rollout/                |              |
|    ep_len_mean          | 5e+03        |
|    ep_rew_mean          | -53.4        |
| time/                   |              |
|    fps                  | 7            |
|    iterations           | 335          |
|    time_elapsed         | 8422         |
|    total_timesteps      | 67000        |
| train/                  |              |
|    approx_kl            | 0.0033841985 |
|    clip_fraction        | 0.0574       |
|    clip_range           | 0.2          |
|    entropy_loss         | -0.969       |
|    explained_variance   | 0.546        |
|    learning_rate        | 0.0003       |
|    loss                 | -0.0227      |
|    n_updates            | 3340         |
|    policy_gradient_loss | -0.0045      |
|    std                  | 0.638        |
|    value_loss           | 1.35e-05     |
------------------------------------------
-----------------------------------------
| rollout/                |             |
|    ep_len_mean          | 5e+03       |
|    ep_rew_mean          | -53.4       |
| time/                   |             |
|    fps                  | 7           |
|    iterations           | 336         |
|    time_elapsed         | 8447        |
|    total_timesteps      | 67200       |
| train/                  |             |
|    approx_kl            | 0.006060394 |
|    clip_fraction        | 0.0508      |
|    clip_range           | 0.2         |
|    entropy_loss         | -0.971      |
|    explained_variance   | 0.277       |
|    learning_rate        | 0.0003      |
|    loss                 | 0.0214      |
|    n_updates            | 3350        |
|    policy_gradient_loss | -0.00107    |
|    std                  | 0.64        |
|    value_loss           | 1.67e-05    |
-----------------------------------------
------------------------------------------
| rollout/                |              |
|    ep_len_mean          | 5e+03        |
|    ep_rew_mean          | -53.4        |
| time/                   |              |
|    fps                  | 7            |
|    iterations           | 337          |
|    time_elapsed         | 8472         |
|    total_timesteps      | 67400        |
| train/                  |              |
|    approx_kl            | 0.0009133852 |
|    clip_fraction        | 0.00508      |
|    clip_range           | 0.2          |
|    entropy_loss         | -0.971       |
|    explained_variance   | 0.588        |
|    learning_rate        | 0.0003       |
|    loss                 | -0.0175      |
|    n_updates            | 3360         |
|    policy_gradient_loss | 0.000604     |
|    std                  | 0.637        |
|    value_loss           | 7.95e-06     |
------------------------------------------
------------------------------------------
| rollout/                |              |
|    ep_len_mean          | 5e+03        |
|    ep_rew_mean          | -53.4        |
| time/                   |              |
|    fps                  | 7            |
|    iterations           | 338          |
|    time_elapsed         | 8496         |
|    total_timesteps      | 67600        |
| train/                  |              |
|    approx_kl            | 0.0037767934 |
|    clip_fraction        | 0.0551       |
|    clip_range           | 0.2          |
|    entropy_loss         | -0.966       |
|    explained_variance   | 0.000145     |
|    learning_rate        | 0.0003       |
|    loss                 | 0.00159      |
|    n_updates            | 3370         |
|    policy_gradient_loss | -0.00317     |
|    std                  | 0.635        |
|    value_loss           | 5.73e-06     |
------------------------------------------
-----------------------------------------
| rollout/                |             |
|    ep_len_mean          | 5e+03       |
|    ep_rew_mean          | -53.4       |
| time/                   |             |
|    fps                  | 7           |
|    iterations           | 339         |
|    time_elapsed         | 8521        |
|    total_timesteps      | 67800       |
| train/                  |             |
|    approx_kl            | 0.008311812 |
|    clip_fraction        | 0.118       |
|    clip_range           | 0.2         |
|    entropy_loss         | -0.962      |
|    explained_variance   | -0.873      |
|    learning_rate        | 0.0003      |
|    loss                 | 0.0131      |
|    n_updates            | 3380        |
|    policy_gradient_loss | -0.00926    |
|    std                  | 0.632       |
|    value_loss           | 2.12e-06    |
-----------------------------------------
-----------------------------------------
| rollout/                |             |
|    ep_len_mean          | 5e+03       |
|    ep_rew_mean          | -53.4       |
| time/                   |             |
|    fps                  | 7           |
|    iterations           | 340         |
|    time_elapsed         | 8546        |
|    total_timesteps      | 68000       |
| train/                  |             |
|    approx_kl            | 0.009606846 |
|    clip_fraction        | 0.0219      |
|    clip_range           | 0.2         |
|    entropy_loss         | -0.96       |
|    explained_variance   | 0.874       |
|    learning_rate        | 0.0003      |
|    loss                 | 0.0353      |
|    n_updates            | 3390        |
|    policy_gradient_loss | -0.00143    |
|    std                  | 0.632       |
|    value_loss           | 1.37e-06    |
-----------------------------------------
-------------------------------------------
| rollout/                |               |
|    ep_len_mean          | 5e+03         |
|    ep_rew_mean          | -53.4         |
| time/                   |               |
|    fps                  | 7             |
|    iterations           | 341           |
|    time_elapsed         | 8570          |
|    total_timesteps      | 68200         |
| train/                  |               |
|    approx_kl            | 0.00030637358 |
|    clip_fraction        | 0             |
|    clip_range           | 0.2           |
|    entropy_loss         | -0.958        |
|    explained_variance   | -0.315        |
|    learning_rate        | 0.0003        |
|    loss                 | -0.00906      |
|    n_updates            | 3400          |
|    policy_gradient_loss | -0.000276     |
|    std                  | 0.629         |
|    value_loss           | 3.59e-07      |
-------------------------------------------
-----------------------------------------
| rollout/                |             |
|    ep_len_mean          | 5e+03       |
|    ep_rew_mean          | -53.4       |
| time/                   |             |
|    fps                  | 7           |
|    iterations           | 342         |
|    time_elapsed         | 8595        |
|    total_timesteps      | 68400       |
| train/                  |             |
|    approx_kl            | 0.005451872 |
|    clip_fraction        | 0.0652      |
|    clip_range           | 0.2         |
|    entropy_loss         | -0.954      |
|    explained_variance   | -0.998      |
|    learning_rate        | 0.0003      |
|    loss                 | -0.0067     |
|    n_updates            | 3410        |
|    policy_gradient_loss | -0.0064     |
|    std                  | 0.628       |
|    value_loss           | 4.91e-07    |
-----------------------------------------
-----------------------------------------
| rollout/                |             |
|    ep_len_mean          | 5e+03       |
|    ep_rew_mean          | -53.4       |
| time/                   |             |
|    fps                  | 7           |
|    iterations           | 343         |
|    time_elapsed         | 8619        |
|    total_timesteps      | 68600       |
| train/                  |             |
|    approx_kl            | 0.005069093 |
|    clip_fraction        | 0.0176      |
|    clip_range           | 0.2         |
|    entropy_loss         | -0.955      |
|    explained_variance   | 0.163       |
|    learning_rate        | 0.0003      |
|    loss                 | -0.0113     |
|    n_updates            | 3420        |
|    policy_gradient_loss | -0.00283    |
|    std                  | 0.628       |
|    value_loss           | 5.58e-07    |
-----------------------------------------
------------------------------------------
| rollout/                |              |
|    ep_len_mean          | 5e+03        |
|    ep_rew_mean          | -53.4        |
| time/                   |              |
|    fps                  | 7            |
|    iterations           | 344          |
|    time_elapsed         | 8643         |
|    total_timesteps      | 68800        |
| train/                  |              |
|    approx_kl            | 0.0064253914 |
|    clip_fraction        | 0.0484       |
|    clip_range           | 0.2          |
|    entropy_loss         | -0.951       |
|    explained_variance   | 0.745        |
|    learning_rate        | 0.0003       |
|    loss                 | -0.0727      |
|    n_updates            | 3430         |
|    policy_gradient_loss | -0.00466     |
|    std                  | 0.625        |
|    value_loss           | 1.06e-06     |
------------------------------------------
------------------------------------------
| rollout/                |              |
|    ep_len_mean          | 5e+03        |
|    ep_rew_mean          | -53.4        |
| time/                   |              |
|    fps                  | 7            |
|    iterations           | 345          |
|    time_elapsed         | 8668         |
|    total_timesteps      | 69000        |
| train/                  |              |
|    approx_kl            | 0.0023385142 |
|    clip_fraction        | 0.00352      |
|    clip_range           | 0.2          |
|    entropy_loss         | -0.948       |
|    explained_variance   | 0.343        |
|    learning_rate        | 0.0003       |
|    loss                 | -0.0105      |
|    n_updates            | 3440         |
|    policy_gradient_loss | -0.001       |
|    std                  | 0.624        |
|    value_loss           | 3.18e-06     |
------------------------------------------
------------------------------------------
| rollout/                |              |
|    ep_len_mean          | 5e+03        |
|    ep_rew_mean          | -53.4        |
| time/                   |              |
|    fps                  | 7            |
|    iterations           | 346          |
|    time_elapsed         | 8692         |
|    total_timesteps      | 69200        |
| train/                  |              |
|    approx_kl            | 0.0015639899 |
|    clip_fraction        | 0.0293       |
|    clip_range           | 0.2          |
|    entropy_loss         | -0.947       |
|    explained_variance   | 0.26         |
|    learning_rate        | 0.0003       |
|    loss                 | -0.00325     |
|    n_updates            | 3450         |
|    policy_gradient_loss | -0.00487     |
|    std                  | 0.624        |
|    value_loss           | 2.56e-06     |
------------------------------------------
-----------------------------------------
| rollout/                |             |
|    ep_len_mean          | 5e+03       |
|    ep_rew_mean          | -53.4       |
| time/                   |             |
|    fps                  | 7           |
|    iterations           | 347         |
|    time_elapsed         | 8716        |
|    total_timesteps      | 69400       |
| train/                  |             |
|    approx_kl            | 0.013926307 |
|    clip_fraction        | 0.135       |
|    clip_range           | 0.2         |
|    entropy_loss         | -0.947      |
|    explained_variance   | -0.341      |
|    learning_rate        | 0.0003      |
|    loss                 | 0.055       |
|    n_updates            | 3460        |
|    policy_gradient_loss | -0.0107     |
|    std                  | 0.623       |
|    value_loss           | 1.92e-05    |
-----------------------------------------
-----------------------------------------
| rollout/                |             |
|    ep_len_mean          | 5e+03       |
|    ep_rew_mean          | -53.4       |
| time/                   |             |
|    fps                  | 7           |
|    iterations           | 348         |
|    time_elapsed         | 8740        |
|    total_timesteps      | 69600       |
| train/                  |             |
|    approx_kl            | 0.002550629 |
|    clip_fraction        | 0.00391     |
|    clip_range           | 0.2         |
|    entropy_loss         | -0.947      |
|    explained_variance   | -0.0638     |
|    learning_rate        | 0.0003      |
|    loss                 | 0.0212      |
|    n_updates            | 3470        |
|    policy_gradient_loss | 0.00134     |
|    std                  | 0.625       |
|    value_loss           | 8.58e-06    |
-----------------------------------------
------------------------------------------
| rollout/                |              |
|    ep_len_mean          | 5e+03        |
|    ep_rew_mean          | -53.4        |
| time/                   |              |
|    fps                  | 7            |
|    iterations           | 349          |
|    time_elapsed         | 8765         |
|    total_timesteps      | 69800        |
| train/                  |              |
|    approx_kl            | 0.0008032818 |
|    clip_fraction        | 0.018        |
|    clip_range           | 0.2          |
|    entropy_loss         | -0.951       |
|    explained_variance   | 0.0215       |
|    learning_rate        | 0.0003       |
|    loss                 | -0.00947     |
|    n_updates            | 3480         |
|    policy_gradient_loss | -0.0017      |
|    std                  | 0.628        |
|    value_loss           | 5.71e-06     |
------------------------------------------
-----------------------------------------
| rollout/                |             |
|    ep_len_mean          | 5e+03       |
|    ep_rew_mean          | -53.4       |
| time/                   |             |
|    fps                  | 7           |
|    iterations           | 350         |
|    time_elapsed         | 8789        |
|    total_timesteps      | 70000       |
| train/                  |             |
|    approx_kl            | 0.012941532 |
|    clip_fraction        | 0.198       |
|    clip_range           | 0.2         |
|    entropy_loss         | -0.955      |
|    explained_variance   | 0.0553      |
|    learning_rate        | 0.0003      |
|    loss                 | -0.0643     |
|    n_updates            | 3490        |
|    policy_gradient_loss | -0.0176     |
|    std                  | 0.629       |
|    value_loss           | 8.63e-06    |
-----------------------------------------
-----------------------------------------
| rollout/                |             |
|    ep_len_mean          | 5e+03       |
|    ep_rew_mean          | -53.3       |
| time/                   |             |
|    fps                  | 7           |
|    iterations           | 351         |
|    time_elapsed         | 8814        |
|    total_timesteps      | 70200       |
| train/                  |             |
|    approx_kl            | 0.002313037 |
|    clip_fraction        | 0.016       |
|    clip_range           | 0.2         |
|    entropy_loss         | -0.952      |
|    explained_variance   | 0.105       |
|    learning_rate        | 0.0003      |
|    loss                 | -0.0341     |
|    n_updates            | 3500        |
|    policy_gradient_loss | -0.001      |
|    std                  | 0.624       |
|    value_loss           | 1.18e-05    |
-----------------------------------------
-----------------------------------------
| rollout/                |             |
|    ep_len_mean          | 5e+03       |
|    ep_rew_mean          | -53.3       |
| time/                   |             |
|    fps                  | 7           |
|    iterations           | 352         |
|    time_elapsed         | 8839        |
|    total_timesteps      | 70400       |
| train/                  |             |
|    approx_kl            | 0.008238254 |
|    clip_fraction        | 0.127       |
|    clip_range           | 0.2         |
|    entropy_loss         | -0.947      |
|    explained_variance   | 0.847       |
|    learning_rate        | 0.0003      |
|    loss                 | 0.00486     |
|    n_updates            | 3510        |
|    policy_gradient_loss | -0.0104     |
|    std                  | 0.625       |
|    value_loss           | 0.0125      |
-----------------------------------------
-----------------------------------------
| rollout/                |             |
|    ep_len_mean          | 5e+03       |
|    ep_rew_mean          | -53.3       |
| time/                   |             |
|    fps                  | 7           |
|    iterations           | 353         |
|    time_elapsed         | 8863        |
|    total_timesteps      | 70600       |
| train/                  |             |
|    approx_kl            | 0.017850451 |
|    clip_fraction        | 0.0828      |
|    clip_range           | 0.2         |
|    entropy_loss         | -0.949      |
|    explained_variance   | -0.712      |
|    learning_rate        | 0.0003      |
|    loss                 | 0.033       |
|    n_updates            | 3520        |
|    policy_gradient_loss | -0.00157    |
|    std                  | 0.626       |
|    value_loss           | 0.00196     |
-----------------------------------------
------------------------------------------
| rollout/                |              |
|    ep_len_mean          | 5e+03        |
|    ep_rew_mean          | -53.3        |
| time/                   |              |
|    fps                  | 7            |
|    iterations           | 354          |
|    time_elapsed         | 8888         |
|    total_timesteps      | 70800        |
| train/                  |              |
|    approx_kl            | 0.0028285957 |
|    clip_fraction        | 0.0148       |
|    clip_range           | 0.2          |
|    entropy_loss         | -0.953       |
|    explained_variance   | 0.798        |
|    learning_rate        | 0.0003       |
|    loss                 | 0.0296       |
|    n_updates            | 3530         |
|    policy_gradient_loss | -0.00118     |
|    std                  | 0.628        |
|    value_loss           | 0.0016       |
------------------------------------------
-----------------------------------------
| rollout/                |             |
|    ep_len_mean          | 5e+03       |
|    ep_rew_mean          | -53.3       |
| time/                   |             |
|    fps                  | 7           |
|    iterations           | 355         |
|    time_elapsed         | 8913        |
|    total_timesteps      | 71000       |
| train/                  |             |
|    approx_kl            | 0.004303359 |
|    clip_fraction        | 0.0863      |
|    clip_range           | 0.2         |
|    entropy_loss         | -0.954      |
|    explained_variance   | 0.762       |
|    learning_rate        | 0.0003      |
|    loss                 | 0.0378      |
|    n_updates            | 3540        |
|    policy_gradient_loss | -0.0057     |
|    std                  | 0.627       |
|    value_loss           | 0.000541    |
-----------------------------------------
------------------------------------------
| rollout/                |              |
|    ep_len_mean          | 5e+03        |
|    ep_rew_mean          | -53.3        |
| time/                   |              |
|    fps                  | 7            |
|    iterations           | 356          |
|    time_elapsed         | 8938         |
|    total_timesteps      | 71200        |
| train/                  |              |
|    approx_kl            | 0.0038835993 |
|    clip_fraction        | 0.0328       |
|    clip_range           | 0.2          |
|    entropy_loss         | -0.952       |
|    explained_variance   | -0.477       |
|    learning_rate        | 0.0003       |
|    loss                 | -0.0151      |
|    n_updates            | 3550         |
|    policy_gradient_loss | -0.00439     |
|    std                  | 0.627        |
|    value_loss           | 7.67e-05     |
------------------------------------------
------------------------------------------
| rollout/                |              |
|    ep_len_mean          | 5e+03        |
|    ep_rew_mean          | -53.3        |
| time/                   |              |
|    fps                  | 7            |
|    iterations           | 357          |
|    time_elapsed         | 8962         |
|    total_timesteps      | 71400        |
| train/                  |              |
|    approx_kl            | 0.0068540303 |
|    clip_fraction        | 0.107        |
|    clip_range           | 0.2          |
|    entropy_loss         | -0.951       |
|    explained_variance   | 0.56         |
|    learning_rate        | 0.0003       |
|    loss                 | -0.0224      |
|    n_updates            | 3560         |
|    policy_gradient_loss | -0.0137      |
|    std                  | 0.625        |
|    value_loss           | 2.91e-05     |
------------------------------------------
------------------------------------------
| rollout/                |              |
|    ep_len_mean          | 5e+03        |
|    ep_rew_mean          | -53.3        |
| time/                   |              |
|    fps                  | 7            |
|    iterations           | 358          |
|    time_elapsed         | 8987         |
|    total_timesteps      | 71600        |
| train/                  |              |
|    approx_kl            | 0.0013190588 |
|    clip_fraction        | 0.0133       |
|    clip_range           | 0.2          |
|    entropy_loss         | -0.947       |
|    explained_variance   | 0.935        |
|    learning_rate        | 0.0003       |
|    loss                 | -0.0086      |
|    n_updates            | 3570         |
|    policy_gradient_loss | 0.000457     |
|    std                  | 0.623        |
|    value_loss           | 1.33e-05     |
------------------------------------------
-----------------------------------------
| rollout/                |             |
|    ep_len_mean          | 5e+03       |
|    ep_rew_mean          | -53.3       |
| time/                   |             |
|    fps                  | 7           |
|    iterations           | 359         |
|    time_elapsed         | 9012        |
|    total_timesteps      | 71800       |
| train/                  |             |
|    approx_kl            | 0.010440567 |
|    clip_fraction        | 0.176       |
|    clip_range           | 0.2         |
|    entropy_loss         | -0.944      |
|    explained_variance   | -0.41       |
|    learning_rate        | 0.0003      |
|    loss                 | 0.0112      |
|    n_updates            | 3580        |
|    policy_gradient_loss | -0.0114     |
|    std                  | 0.621       |
|    value_loss           | 2.53e-05    |
-----------------------------------------
------------------------------------------
| rollout/                |              |
|    ep_len_mean          | 5e+03        |
|    ep_rew_mean          | -53.3        |
| time/                   |              |
|    fps                  | 7            |
|    iterations           | 360          |
|    time_elapsed         | 9037         |
|    total_timesteps      | 72000        |
| train/                  |              |
|    approx_kl            | 0.0040804963 |
|    clip_fraction        | 0.0293       |
|    clip_range           | 0.2          |
|    entropy_loss         | -0.942       |
|    explained_variance   | 0.524        |
|    learning_rate        | 0.0003       |
|    loss                 | -0.0228      |
|    n_updates            | 3590         |
|    policy_gradient_loss | 0.000228     |
|    std                  | 0.62         |
|    value_loss           | 2.87e-05     |
------------------------------------------
------------------------------------------
| rollout/                |              |
|    ep_len_mean          | 5e+03        |
|    ep_rew_mean          | -53.3        |
| time/                   |              |
|    fps                  | 7            |
|    iterations           | 361          |
|    time_elapsed         | 9062         |
|    total_timesteps      | 72200        |
| train/                  |              |
|    approx_kl            | 0.0008626152 |
|    clip_fraction        | 0            |
|    clip_range           | 0.2          |
|    entropy_loss         | -0.943       |
|    explained_variance   | -0.268       |
|    learning_rate        | 0.0003       |
|    loss                 | -0.0137      |
|    n_updates            | 3600         |
|    policy_gradient_loss | -0.00104     |
|    std                  | 0.624        |
|    value_loss           | 2.21e-05     |
------------------------------------------
------------------------------------------
| rollout/                |              |
|    ep_len_mean          | 5e+03        |
|    ep_rew_mean          | -53.3        |
| time/                   |              |
|    fps                  | 7            |
|    iterations           | 362          |
|    time_elapsed         | 9086         |
|    total_timesteps      | 72400        |
| train/                  |              |
|    approx_kl            | 0.0029359446 |
|    clip_fraction        | 0.0516       |
|    clip_range           | 0.2          |
|    entropy_loss         | -0.95        |
|    explained_variance   | 0.696        |
|    learning_rate        | 0.0003       |
|    loss                 | 0.00373      |
|    n_updates            | 3610         |
|    policy_gradient_loss | -0.00483     |
|    std                  | 0.626        |
|    value_loss           | 1.84e-05     |
------------------------------------------
------------------------------------------
| rollout/                |              |
|    ep_len_mean          | 5e+03        |
|    ep_rew_mean          | -53.3        |
| time/                   |              |
|    fps                  | 7            |
|    iterations           | 363          |
|    time_elapsed         | 9111         |
|    total_timesteps      | 72600        |
| train/                  |              |
|    approx_kl            | 0.0068945764 |
|    clip_fraction        | 0.0254       |
|    clip_range           | 0.2          |
|    entropy_loss         | -0.952       |
|    explained_variance   | 0.759        |
|    learning_rate        | 0.0003       |
|    loss                 | 0.0267       |
|    n_updates            | 3620         |
|    policy_gradient_loss | -0.000942    |
|    std                  | 0.626        |
|    value_loss           | 7.42e-06     |
------------------------------------------
-----------------------------------------
| rollout/                |             |
|    ep_len_mean          | 5e+03       |
|    ep_rew_mean          | -53.3       |
| time/                   |             |
|    fps                  | 7           |
|    iterations           | 364         |
|    time_elapsed         | 9136        |
|    total_timesteps      | 72800       |
| train/                  |             |
|    approx_kl            | 0.007850021 |
|    clip_fraction        | 0.0734      |
|    clip_range           | 0.2         |
|    entropy_loss         | -0.949      |
|    explained_variance   | 0.0125      |
|    learning_rate        | 0.0003      |
|    loss                 | -0.0287     |
|    n_updates            | 3630        |
|    policy_gradient_loss | -0.0055     |
|    std                  | 0.624       |
|    value_loss           | 2.27e-05    |
-----------------------------------------
-----------------------------------------
| rollout/                |             |
|    ep_len_mean          | 5e+03       |
|    ep_rew_mean          | -53.3       |
| time/                   |             |
|    fps                  | 7           |
|    iterations           | 365         |
|    time_elapsed         | 9160        |
|    total_timesteps      | 73000       |
| train/                  |             |
|    approx_kl            | 0.002137071 |
|    clip_fraction        | 0.0258      |
|    clip_range           | 0.2         |
|    entropy_loss         | -0.945      |
|    explained_variance   | 0.91        |
|    learning_rate        | 0.0003      |
|    loss                 | -0.00679    |
|    n_updates            | 3640        |
|    policy_gradient_loss | -0.0021     |
|    std                  | 0.62        |
|    value_loss           | 3.38e-06    |
-----------------------------------------
-----------------------------------------
| rollout/                |             |
|    ep_len_mean          | 5e+03       |
|    ep_rew_mean          | -53.3       |
| time/                   |             |
|    fps                  | 7           |
|    iterations           | 366         |
|    time_elapsed         | 9185        |
|    total_timesteps      | 73200       |
| train/                  |             |
|    approx_kl            | 0.014310738 |
|    clip_fraction        | 0.113       |
|    clip_range           | 0.2         |
|    entropy_loss         | -0.94       |
|    explained_variance   | -4.07       |
|    learning_rate        | 0.0003      |
|    loss                 | 0.0697      |
|    n_updates            | 3650        |
|    policy_gradient_loss | -0.00393    |
|    std                  | 0.62        |
|    value_loss           | 1.05e-06    |
-----------------------------------------
-----------------------------------------
| rollout/                |             |
|    ep_len_mean          | 5e+03       |
|    ep_rew_mean          | -53.3       |
| time/                   |             |
|    fps                  | 7           |
|    iterations           | 367         |
|    time_elapsed         | 9209        |
|    total_timesteps      | 73400       |
| train/                  |             |
|    approx_kl            | 0.008640903 |
|    clip_fraction        | 0.0738      |
|    clip_range           | 0.2         |
|    entropy_loss         | -0.94       |
|    explained_variance   | -0.344      |
|    learning_rate        | 0.0003      |
|    loss                 | 0.0607      |
|    n_updates            | 3660        |
|    policy_gradient_loss | -0.00888    |
|    std                  | 0.618       |
|    value_loss           | 8.66e-07    |
-----------------------------------------
------------------------------------------
| rollout/                |              |
|    ep_len_mean          | 5e+03        |
|    ep_rew_mean          | -53.3        |
| time/                   |              |
|    fps                  | 7            |
|    iterations           | 368          |
|    time_elapsed         | 9234         |
|    total_timesteps      | 73600        |
| train/                  |              |
|    approx_kl            | 0.0036795419 |
|    clip_fraction        | 0.00117      |
|    clip_range           | 0.2          |
|    entropy_loss         | -0.937       |
|    explained_variance   | 0.924        |
|    learning_rate        | 0.0003       |
|    loss                 | -0.0409      |
|    n_updates            | 3670         |
|    policy_gradient_loss | -0.00308     |
|    std                  | 0.617        |
|    value_loss           | 6.89e-08     |
------------------------------------------
-----------------------------------------
| rollout/                |             |
|    ep_len_mean          | 5e+03       |
|    ep_rew_mean          | -53.3       |
| time/                   |             |
|    fps                  | 7           |
|    iterations           | 369         |
|    time_elapsed         | 9258        |
|    total_timesteps      | 73800       |
| train/                  |             |
|    approx_kl            | 0.008523437 |
|    clip_fraction        | 0.0992      |
|    clip_range           | 0.2         |
|    entropy_loss         | -0.932      |
|    explained_variance   | 0.86        |
|    learning_rate        | 0.0003      |
|    loss                 | -0.0276     |
|    n_updates            | 3680        |
|    policy_gradient_loss | -0.00854    |
|    std                  | 0.612       |
|    value_loss           | 3.66e-07    |
-----------------------------------------
-------------------------------------------
| rollout/                |               |
|    ep_len_mean          | 5e+03         |
|    ep_rew_mean          | -53.3         |
| time/                   |               |
|    fps                  | 7             |
|    iterations           | 370           |
|    time_elapsed         | 9282          |
|    total_timesteps      | 74000         |
| train/                  |               |
|    approx_kl            | 3.3258693e-05 |
|    clip_fraction        | 0             |
|    clip_range           | 0.2           |
|    entropy_loss         | -0.925        |
|    explained_variance   | 0.669         |
|    learning_rate        | 0.0003        |
|    loss                 | -0.00134      |
|    n_updates            | 3690          |
|    policy_gradient_loss | 0.000668      |
|    std                  | 0.609         |
|    value_loss           | 1.67e-06      |
-------------------------------------------
------------------------------------------
| rollout/                |              |
|    ep_len_mean          | 5e+03        |
|    ep_rew_mean          | -53.3        |
| time/                   |              |
|    fps                  | 7            |
|    iterations           | 371          |
|    time_elapsed         | 9306         |
|    total_timesteps      | 74200        |
| train/                  |              |
|    approx_kl            | 0.0034505657 |
|    clip_fraction        | 0.0871       |
|    clip_range           | 0.2          |
|    entropy_loss         | -0.921       |
|    explained_variance   | 0.631        |
|    learning_rate        | 0.0003       |
|    loss                 | 0.0121       |
|    n_updates            | 3700         |
|    policy_gradient_loss | -0.0021      |
|    std                  | 0.606        |
|    value_loss           | 3.06e-06     |
------------------------------------------
------------------------------------------
| rollout/                |              |
|    ep_len_mean          | 5e+03        |
|    ep_rew_mean          | -53.3        |
| time/                   |              |
|    fps                  | 7            |
|    iterations           | 372          |
|    time_elapsed         | 9330         |
|    total_timesteps      | 74400        |
| train/                  |              |
|    approx_kl            | 0.0073302295 |
|    clip_fraction        | 0.0629       |
|    clip_range           | 0.2          |
|    entropy_loss         | -0.918       |
|    explained_variance   | -0.607       |
|    learning_rate        | 0.0003       |
|    loss                 | -0.0111      |
|    n_updates            | 3710         |
|    policy_gradient_loss | -0.00438     |
|    std                  | 0.605        |
|    value_loss           | 3.46e-05     |
------------------------------------------
------------------------------------------
| rollout/                |              |
|    ep_len_mean          | 5e+03        |
|    ep_rew_mean          | -53.3        |
| time/                   |              |
|    fps                  | 7            |
|    iterations           | 373          |
|    time_elapsed         | 9355         |
|    total_timesteps      | 74600        |
| train/                  |              |
|    approx_kl            | 0.0039656153 |
|    clip_fraction        | 0.0437       |
|    clip_range           | 0.2          |
|    entropy_loss         | -0.914       |
|    explained_variance   | 0.155        |
|    learning_rate        | 0.0003       |
|    loss                 | -0.00843     |
|    n_updates            | 3720         |
|    policy_gradient_loss | -0.00456     |
|    std                  | 0.602        |
|    value_loss           | 3.74e-06     |
------------------------------------------
------------------------------------------
| rollout/                |              |
|    ep_len_mean          | 5e+03        |
|    ep_rew_mean          | -53.3        |
| time/                   |              |
|    fps                  | 7            |
|    iterations           | 374          |
|    time_elapsed         | 9379         |
|    total_timesteps      | 74800        |
| train/                  |              |
|    approx_kl            | 0.0046111373 |
|    clip_fraction        | 0.0258       |
|    clip_range           | 0.2          |
|    entropy_loss         | -0.912       |
|    explained_variance   | 0.0534       |
|    learning_rate        | 0.0003       |
|    loss                 | -0.0156      |
|    n_updates            | 3730         |
|    policy_gradient_loss | -0.00596     |
|    std                  | 0.604        |
|    value_loss           | 1.51e-05     |
------------------------------------------
------------------------------------------
| rollout/                |              |
|    ep_len_mean          | 5e+03        |
|    ep_rew_mean          | -53.3        |
| time/                   |              |
|    fps                  | 7            |
|    iterations           | 375          |
|    time_elapsed         | 9403         |
|    total_timesteps      | 75000        |
| train/                  |              |
|    approx_kl            | 0.0054623964 |
|    clip_fraction        | 0.00898      |
|    clip_range           | 0.2          |
|    entropy_loss         | -0.916       |
|    explained_variance   | -0.0273      |
|    learning_rate        | 0.0003       |
|    loss                 | 0.0237       |
|    n_updates            | 3740         |
|    policy_gradient_loss | -0.00111     |
|    std                  | 0.607        |
|    value_loss           | 2.23e-05     |
------------------------------------------
-----------------------------------------
| rollout/                |             |
|    ep_len_mean          | 5e+03       |
|    ep_rew_mean          | -53.2       |
| time/                   |             |
|    fps                  | 7           |
|    iterations           | 376         |
|    time_elapsed         | 9428        |
|    total_timesteps      | 75200       |
| train/                  |             |
|    approx_kl            | 0.014409896 |
|    clip_fraction        | 0.034       |
|    clip_range           | 0.2         |
|    entropy_loss         | -0.92       |
|    explained_variance   | 0.278       |
|    learning_rate        | 0.0003      |
|    loss                 | -0.00221    |
|    n_updates            | 3750        |
|    policy_gradient_loss | -0.00131    |
|    std                  | 0.607       |
|    value_loss           | 1.15e-05    |
-----------------------------------------
------------------------------------------
| rollout/                |              |
|    ep_len_mean          | 5e+03        |
|    ep_rew_mean          | -53.2        |
| time/                   |              |
|    fps                  | 7            |
|    iterations           | 377          |
|    time_elapsed         | 9453         |
|    total_timesteps      | 75400        |
| train/                  |              |
|    approx_kl            | 0.0045022736 |
|    clip_fraction        | 0.0633       |
|    clip_range           | 0.2          |
|    entropy_loss         | -0.919       |
|    explained_variance   | 0.839        |
|    learning_rate        | 0.0003       |
|    loss                 | -0.00386     |
|    n_updates            | 3760         |
|    policy_gradient_loss | -0.00977     |
|    std                  | 0.606        |
|    value_loss           | 0.0133       |
------------------------------------------
------------------------------------------
| rollout/                |              |
|    ep_len_mean          | 5e+03        |
|    ep_rew_mean          | -53.2        |
| time/                   |              |
|    fps                  | 7            |
|    iterations           | 378          |
|    time_elapsed         | 9478         |
|    total_timesteps      | 75600        |
| train/                  |              |
|    approx_kl            | 0.0045016166 |
|    clip_fraction        | 0.139        |
|    clip_range           | 0.2          |
|    entropy_loss         | -0.918       |
|    explained_variance   | -0.498       |
|    learning_rate        | 0.0003       |
|    loss                 | -0.0149      |
|    n_updates            | 3770         |
|    policy_gradient_loss | -0.00834     |
|    std                  | 0.607        |
|    value_loss           | 0.00307      |
------------------------------------------
-----------------------------------------
| rollout/                |             |
|    ep_len_mean          | 5e+03       |
|    ep_rew_mean          | -53.2       |
| time/                   |             |
|    fps                  | 7           |
|    iterations           | 379         |
|    time_elapsed         | 9502        |
|    total_timesteps      | 75800       |
| train/                  |             |
|    approx_kl            | 0.005132717 |
|    clip_fraction        | 0.0871      |
|    clip_range           | 0.2         |
|    entropy_loss         | -0.918      |
|    explained_variance   | 0.649       |
|    learning_rate        | 0.0003      |
|    loss                 | -0.0308     |
|    n_updates            | 3780        |
|    policy_gradient_loss | -0.00878    |
|    std                  | 0.605       |
|    value_loss           | 0.00112     |
-----------------------------------------
------------------------------------------
| rollout/                |              |
|    ep_len_mean          | 5e+03        |
|    ep_rew_mean          | -53.2        |
| time/                   |              |
|    fps                  | 7            |
|    iterations           | 380          |
|    time_elapsed         | 9527         |
|    total_timesteps      | 76000        |
| train/                  |              |
|    approx_kl            | 0.0042009805 |
|    clip_fraction        | 0.0973       |
|    clip_range           | 0.2          |
|    entropy_loss         | -0.915       |
|    explained_variance   | 0.839        |
|    learning_rate        | 0.0003       |
|    loss                 | -0.0336      |
|    n_updates            | 3790         |
|    policy_gradient_loss | -0.00409     |
|    std                  | 0.603        |
|    value_loss           | 0.000345     |
------------------------------------------
------------------------------------------
| rollout/                |              |
|    ep_len_mean          | 5e+03        |
|    ep_rew_mean          | -53.2        |
| time/                   |              |
|    fps                  | 7            |
|    iterations           | 381          |
|    time_elapsed         | 9552         |
|    total_timesteps      | 76200        |
| train/                  |              |
|    approx_kl            | 0.0045341253 |
|    clip_fraction        | 0.0309       |
|    clip_range           | 0.2          |
|    entropy_loss         | -0.918       |
|    explained_variance   | -0.206       |
|    learning_rate        | 0.0003       |
|    loss                 | -0.0569      |
|    n_updates            | 3800         |
|    policy_gradient_loss | -0.00328     |
|    std                  | 0.609        |
|    value_loss           | 6.42e-05     |
------------------------------------------
------------------------------------------
| rollout/                |              |
|    ep_len_mean          | 5e+03        |
|    ep_rew_mean          | -53.2        |
| time/                   |              |
|    fps                  | 7            |
|    iterations           | 382          |
|    time_elapsed         | 9577         |
|    total_timesteps      | 76400        |
| train/                  |              |
|    approx_kl            | 0.0028124456 |
|    clip_fraction        | 0.048        |
|    clip_range           | 0.2          |
|    entropy_loss         | -0.926       |
|    explained_variance   | 0.688        |
|    learning_rate        | 0.0003       |
|    loss                 | -0.0258      |
|    n_updates            | 3810         |
|    policy_gradient_loss | -0.00726     |
|    std                  | 0.611        |
|    value_loss           | 3.03e-05     |
------------------------------------------
------------------------------------------
| rollout/                |              |
|    ep_len_mean          | 5e+03        |
|    ep_rew_mean          | -53.2        |
| time/                   |              |
|    fps                  | 7            |
|    iterations           | 383          |
|    time_elapsed         | 9601         |
|    total_timesteps      | 76600        |
| train/                  |              |
|    approx_kl            | 0.0024556553 |
|    clip_fraction        | 0.00156      |
|    clip_range           | 0.2          |
|    entropy_loss         | -0.927       |
|    explained_variance   | 0.95         |
|    learning_rate        | 0.0003       |
|    loss                 | -0.0226      |
|    n_updates            | 3820         |
|    policy_gradient_loss | -0.000786    |
|    std                  | 0.613        |
|    value_loss           | 1.93e-05     |
------------------------------------------
-----------------------------------------
| rollout/                |             |
|    ep_len_mean          | 5e+03       |
|    ep_rew_mean          | -53.2       |
| time/                   |             |
|    fps                  | 7           |
|    iterations           | 384         |
|    time_elapsed         | 9626        |
|    total_timesteps      | 76800       |
| train/                  |             |
|    approx_kl            | 0.013759257 |
|    clip_fraction        | 0.135       |
|    clip_range           | 0.2         |
|    entropy_loss         | -0.932      |
|    explained_variance   | -0.754      |
|    learning_rate        | 0.0003      |
|    loss                 | 0.0752      |
|    n_updates            | 3830        |
|    policy_gradient_loss | -0.00052    |
|    std                  | 0.615       |
|    value_loss           | 5.1e-05     |
-----------------------------------------
-----------------------------------------
| rollout/                |             |
|    ep_len_mean          | 5e+03       |
|    ep_rew_mean          | -53.2       |
| time/                   |             |
|    fps                  | 7           |
|    iterations           | 385         |
|    time_elapsed         | 9651        |
|    total_timesteps      | 77000       |
| train/                  |             |
|    approx_kl            | 0.011938571 |
|    clip_fraction        | 0.154       |
|    clip_range           | 0.2         |
|    entropy_loss         | -0.933      |
|    explained_variance   | 0.493       |
|    learning_rate        | 0.0003      |
|    loss                 | 0.0188      |
|    n_updates            | 3840        |
|    policy_gradient_loss | -0.0106     |
|    std                  | 0.616       |
|    value_loss           | 2.83e-05    |
-----------------------------------------
------------------------------------------
| rollout/                |              |
|    ep_len_mean          | 5e+03        |
|    ep_rew_mean          | -53.2        |
| time/                   |              |
|    fps                  | 7            |
|    iterations           | 386          |
|    time_elapsed         | 9676         |
|    total_timesteps      | 77200        |
| train/                  |              |
|    approx_kl            | 0.0013182529 |
|    clip_fraction        | 0            |
|    clip_range           | 0.2          |
|    entropy_loss         | -0.934       |
|    explained_variance   | -0.147       |
|    learning_rate        | 0.0003       |
|    loss                 | 0.0131       |
|    n_updates            | 3850         |
|    policy_gradient_loss | 0.000447     |
|    std                  | 0.616        |
|    value_loss           | 7.07e-05     |
------------------------------------------
-----------------------------------------
| rollout/                |             |
|    ep_len_mean          | 5e+03       |
|    ep_rew_mean          | -53.2       |
| time/                   |             |
|    fps                  | 7           |
|    iterations           | 387         |
|    time_elapsed         | 9701        |
|    total_timesteps      | 77400       |
| train/                  |             |
|    approx_kl            | 0.003619968 |
|    clip_fraction        | 0.0227      |
|    clip_range           | 0.2         |
|    entropy_loss         | -0.934      |
|    explained_variance   | 0.511       |
|    learning_rate        | 0.0003      |
|    loss                 | -0.0034     |
|    n_updates            | 3860        |
|    policy_gradient_loss | -0.00157    |
|    std                  | 0.616       |
|    value_loss           | 3.2e-05     |
-----------------------------------------
-----------------------------------------
| rollout/                |             |
|    ep_len_mean          | 5e+03       |
|    ep_rew_mean          | -53.2       |
| time/                   |             |
|    fps                  | 7           |
|    iterations           | 388         |
|    time_elapsed         | 9725        |
|    total_timesteps      | 77600       |
| train/                  |             |
|    approx_kl            | 0.006391744 |
|    clip_fraction        | 0.0762      |
|    clip_range           | 0.2         |
|    entropy_loss         | -0.936      |
|    explained_variance   | 0.706       |
|    learning_rate        | 0.0003      |
|    loss                 | -0.0198     |
|    n_updates            | 3870        |
|    policy_gradient_loss | -0.00478    |
|    std                  | 0.618       |
|    value_loss           | 1.4e-05     |
-----------------------------------------
------------------------------------------
| rollout/                |              |
|    ep_len_mean          | 5e+03        |
|    ep_rew_mean          | -53.2        |
| time/                   |              |
|    fps                  | 7            |
|    iterations           | 389          |
|    time_elapsed         | 9750         |
|    total_timesteps      | 77800        |
| train/                  |              |
|    approx_kl            | 0.0024107527 |
|    clip_fraction        | 0.0957       |
|    clip_range           | 0.2          |
|    entropy_loss         | -0.937       |
|    explained_variance   | -0.59        |
|    learning_rate        | 0.0003       |
|    loss                 | -0.0225      |
|    n_updates            | 3880         |
|    policy_gradient_loss | -0.000245    |
|    std                  | 0.618        |
|    value_loss           | 1.74e-05     |
------------------------------------------
-----------------------------------------
| rollout/                |             |
|    ep_len_mean          | 5e+03       |
|    ep_rew_mean          | -53.2       |
| time/                   |             |
|    fps                  | 7           |
|    iterations           | 390         |
|    time_elapsed         | 9775        |
|    total_timesteps      | 78000       |
| train/                  |             |
|    approx_kl            | 0.012120091 |
|    clip_fraction        | 0.196       |
|    clip_range           | 0.2         |
|    entropy_loss         | -0.937      |
|    explained_variance   | 0.86        |
|    learning_rate        | 0.0003      |
|    loss                 | -0.0264     |
|    n_updates            | 3890        |
|    policy_gradient_loss | -0.00834    |
|    std                  | 0.616       |
|    value_loss           | 5.51e-06    |
-----------------------------------------
-----------------------------------------
| rollout/                |             |
|    ep_len_mean          | 5e+03       |
|    ep_rew_mean          | -53.2       |
| time/                   |             |
|    fps                  | 7           |
|    iterations           | 391         |
|    time_elapsed         | 9799        |
|    total_timesteps      | 78200       |
| train/                  |             |
|    approx_kl            | 0.010499233 |
|    clip_fraction        | 0.0949      |
|    clip_range           | 0.2         |
|    entropy_loss         | -0.936      |
|    explained_variance   | -2.12       |
|    learning_rate        | 0.0003      |
|    loss                 | 0.0343      |
|    n_updates            | 3900        |
|    policy_gradient_loss | -0.0045     |
|    std                  | 0.618       |
|    value_loss           | 6.89e-06    |
-----------------------------------------
-----------------------------------------
| rollout/                |             |
|    ep_len_mean          | 5e+03       |
|    ep_rew_mean          | -53.2       |
| time/                   |             |
|    fps                  | 7           |
|    iterations           | 392         |
|    time_elapsed         | 9824        |
|    total_timesteps      | 78400       |
| train/                  |             |
|    approx_kl            | 0.006712394 |
|    clip_fraction        | 0.0469      |
|    clip_range           | 0.2         |
|    entropy_loss         | -0.938      |
|    explained_variance   | -0.245      |
|    learning_rate        | 0.0003      |
|    loss                 | 0.00744     |
|    n_updates            | 3910        |
|    policy_gradient_loss | -0.00641    |
|    std                  | 0.618       |
|    value_loss           | 1.62e-06    |
-----------------------------------------
------------------------------------------
| rollout/                |              |
|    ep_len_mean          | 5e+03        |
|    ep_rew_mean          | -53.2        |
| time/                   |              |
|    fps                  | 7            |
|    iterations           | 393          |
|    time_elapsed         | 9848         |
|    total_timesteps      | 78600        |
| train/                  |              |
|    approx_kl            | 0.0043978575 |
|    clip_fraction        | 0.0277       |
|    clip_range           | 0.2          |
|    entropy_loss         | -0.94        |
|    explained_variance   | 0.884        |
|    learning_rate        | 0.0003       |
|    loss                 | -0.022       |
|    n_updates            | 3920         |
|    policy_gradient_loss | 0.000333     |
|    std                  | 0.621        |
|    value_loss           | 5.05e-07     |
------------------------------------------
-------------------------------------------
| rollout/                |               |
|    ep_len_mean          | 5e+03         |
|    ep_rew_mean          | -53.2         |
| time/                   |               |
|    fps                  | 7             |
|    iterations           | 394           |
|    time_elapsed         | 9872          |
|    total_timesteps      | 78800         |
| train/                  |               |
|    approx_kl            | 0.00014356163 |
|    clip_fraction        | 0             |
|    clip_range           | 0.2           |
|    entropy_loss         | -0.943        |
|    explained_variance   | 0.802         |
|    learning_rate        | 0.0003        |
|    loss                 | 0.00396       |
|    n_updates            | 3930          |
|    policy_gradient_loss | 0.000618      |
|    std                  | 0.62          |
|    value_loss           | 2.36e-07      |
-------------------------------------------
-----------------------------------------
| rollout/                |             |
|    ep_len_mean          | 5e+03       |
|    ep_rew_mean          | -53.2       |
| time/                   |             |
|    fps                  | 7           |
|    iterations           | 395         |
|    time_elapsed         | 9897        |
|    total_timesteps      | 79000       |
| train/                  |             |
|    approx_kl            | 0.010208492 |
|    clip_fraction        | 0.0816      |
|    clip_range           | 0.2         |
|    entropy_loss         | -0.937      |
|    explained_variance   | 0.89        |
|    learning_rate        | 0.0003      |
|    loss                 | 0.000905    |
|    n_updates            | 3940        |
|    policy_gradient_loss | -0.00298    |
|    std                  | 0.615       |
|    value_loss           | 8.2e-07     |
-----------------------------------------
------------------------------------------
| rollout/                |              |
|    ep_len_mean          | 5e+03        |
|    ep_rew_mean          | -53.2        |
| time/                   |              |
|    fps                  | 7            |
|    iterations           | 396          |
|    time_elapsed         | 9921         |
|    total_timesteps      | 79200        |
| train/                  |              |
|    approx_kl            | 0.0070141107 |
|    clip_fraction        | 0.082        |
|    clip_range           | 0.2          |
|    entropy_loss         | -0.934       |
|    explained_variance   | 0.783        |
|    learning_rate        | 0.0003       |
|    loss                 | 0.00782      |
|    n_updates            | 3950         |
|    policy_gradient_loss | -0.00875     |
|    std                  | 0.618        |
|    value_loss           | 7.84e-07     |
------------------------------------------
------------------------------------------
| rollout/                |              |
|    ep_len_mean          | 5e+03        |
|    ep_rew_mean          | -53.2        |
| time/                   |              |
|    fps                  | 7            |
|    iterations           | 397          |
|    time_elapsed         | 9945         |
|    total_timesteps      | 79400        |
| train/                  |              |
|    approx_kl            | 0.0013883517 |
|    clip_fraction        | 0.00273      |
|    clip_range           | 0.2          |
|    entropy_loss         | -0.941       |
|    explained_variance   | -0.49        |
|    learning_rate        | 0.0003       |
|    loss                 | 0.0167       |
|    n_updates            | 3960         |
|    policy_gradient_loss | -0.000116    |
|    std                  | 0.621        |
|    value_loss           | 1.86e-06     |
------------------------------------------
------------------------------------------
| rollout/                |              |
|    ep_len_mean          | 5e+03        |
|    ep_rew_mean          | -53.2        |
| time/                   |              |
|    fps                  | 7            |
|    iterations           | 398          |
|    time_elapsed         | 9969         |
|    total_timesteps      | 79600        |
| train/                  |              |
|    approx_kl            | 0.0088447705 |
|    clip_fraction        | 0.102        |
|    clip_range           | 0.2          |
|    entropy_loss         | -0.939       |
|    explained_variance   | 0.244        |
|    learning_rate        | 0.0003       |
|    loss                 | 0.0108       |
|    n_updates            | 3970         |
|    policy_gradient_loss | -0.00676     |
|    std                  | 0.617        |
|    value_loss           | 5.76e-06     |
------------------------------------------
-------------------------------------------
| rollout/                |               |
|    ep_len_mean          | 5e+03         |
|    ep_rew_mean          | -53.2         |
| time/                   |               |
|    fps                  | 7             |
|    iterations           | 399           |
|    time_elapsed         | 9993          |
|    total_timesteps      | 79800         |
| train/                  |               |
|    approx_kl            | 0.00093872985 |
|    clip_fraction        | 0.0781        |
|    clip_range           | 0.2           |
|    entropy_loss         | -0.934        |
|    explained_variance   | 0.0687        |
|    learning_rate        | 0.0003        |
|    loss                 | 0.0174        |
|    n_updates            | 3980          |
|    policy_gradient_loss | -0.00269      |
|    std                  | 0.615         |
|    value_loss           | 6.18e-06      |
-------------------------------------------
-------------------------------------------
| rollout/                |               |
|    ep_len_mean          | 5e+03         |
|    ep_rew_mean          | -53.2         |
| time/                   |               |
|    fps                  | 7             |
|    iterations           | 400           |
|    time_elapsed         | 10017         |
|    total_timesteps      | 80000         |
| train/                  |               |
|    approx_kl            | 2.4758745e-05 |
|    clip_fraction        | 0.0227        |
|    clip_range           | 0.2           |
|    entropy_loss         | -0.931        |
|    explained_variance   | -0.0073       |
|    learning_rate        | 0.0003        |
|    loss                 | -0.00103      |
|    n_updates            | 3990          |
|    policy_gradient_loss | -0.00148      |
|    std                  | 0.611         |
|    value_loss           | 4.96e-06      |
-------------------------------------------
-----------------------------------------
| rollout/                |             |
|    ep_len_mean          | 5e+03       |
|    ep_rew_mean          | -53.2       |
| time/                   |             |
|    fps                  | 7           |
|    iterations           | 401         |
|    time_elapsed         | 10043       |
|    total_timesteps      | 80200       |
| train/                  |             |
|    approx_kl            | 0.013435891 |
|    clip_fraction        | 0.146       |
|    clip_range           | 0.2         |
|    entropy_loss         | -0.922      |
|    explained_variance   | 0.347       |
|    learning_rate        | 0.0003      |
|    loss                 | -0.028      |
|    n_updates            | 4000        |
|    policy_gradient_loss | -0.0137     |
|    std                  | 0.606       |
|    value_loss           | 8.38e-06    |
-----------------------------------------
------------------------------------------
| rollout/                |              |
|    ep_len_mean          | 5e+03        |
|    ep_rew_mean          | -53.2        |
| time/                   |              |
|    fps                  | 7            |
|    iterations           | 402          |
|    time_elapsed         | 10067        |
|    total_timesteps      | 80400        |
| train/                  |              |
|    approx_kl            | 0.0033549066 |
|    clip_fraction        | 0.132        |
|    clip_range           | 0.2          |
|    entropy_loss         | -0.917       |
|    explained_variance   | 0.834        |
|    learning_rate        | 0.0003       |
|    loss                 | -0.0102      |
|    n_updates            | 4010         |
|    policy_gradient_loss | -0.00909     |
|    std                  | 0.606        |
|    value_loss           | 0.015        |
------------------------------------------
-----------------------------------------
| rollout/                |             |
|    ep_len_mean          | 5e+03       |
|    ep_rew_mean          | -53.2       |
| time/                   |             |
|    fps                  | 7           |
|    iterations           | 403         |
|    time_elapsed         | 10092       |
|    total_timesteps      | 80600       |
| train/                  |             |
|    approx_kl            | 0.014500401 |
|    clip_fraction        | 0.147       |
|    clip_range           | 0.2         |
|    entropy_loss         | -0.921      |
|    explained_variance   | -0.782      |
|    learning_rate        | 0.0003      |
|    loss                 | 0.0171      |
|    n_updates            | 4020        |
|    policy_gradient_loss | -0.00677    |
|    std                  | 0.61        |
|    value_loss           | 0.00379     |
-----------------------------------------
-----------------------------------------
| rollout/                |             |
|    ep_len_mean          | 5e+03       |
|    ep_rew_mean          | -53.2       |
| time/                   |             |
|    fps                  | 7           |
|    iterations           | 404         |
|    time_elapsed         | 10117       |
|    total_timesteps      | 80800       |
| train/                  |             |
|    approx_kl            | 0.015997514 |
|    clip_fraction        | 0.102       |
|    clip_range           | 0.2         |
|    entropy_loss         | -0.929      |
|    explained_variance   | 0.658       |
|    learning_rate        | 0.0003      |
|    loss                 | 0.00987     |
|    n_updates            | 4030        |
|    policy_gradient_loss | -0.0121     |
|    std                  | 0.616       |
|    value_loss           | 0.00225     |
-----------------------------------------
------------------------------------------
| rollout/                |              |
|    ep_len_mean          | 5e+03        |
|    ep_rew_mean          | -53.2        |
| time/                   |              |
|    fps                  | 7            |
|    iterations           | 405          |
|    time_elapsed         | 10142        |
|    total_timesteps      | 81000        |
| train/                  |              |
|    approx_kl            | 0.0018661818 |
|    clip_fraction        | 0.0309       |
|    clip_range           | 0.2          |
|    entropy_loss         | -0.935       |
|    explained_variance   | 0.811        |
|    learning_rate        | 0.0003       |
|    loss                 | 0.0338       |
|    n_updates            | 4040         |
|    policy_gradient_loss | -0.00119     |
|    std                  | 0.615        |
|    value_loss           | 0.000319     |
------------------------------------------
------------------------------------------
| rollout/                |              |
|    ep_len_mean          | 5e+03        |
|    ep_rew_mean          | -53.2        |
| time/                   |              |
|    fps                  | 7            |
|    iterations           | 406          |
|    time_elapsed         | 10167        |
|    total_timesteps      | 81200        |
| train/                  |              |
|    approx_kl            | 0.0032167276 |
|    clip_fraction        | 0.0398       |
|    clip_range           | 0.2          |
|    entropy_loss         | -0.935       |
|    explained_variance   | -0.512       |
|    learning_rate        | 0.0003       |
|    loss                 | 0.0183       |
|    n_updates            | 4050         |
|    policy_gradient_loss | -0.00138     |
|    std                  | 0.618        |
|    value_loss           | 9.19e-05     |
------------------------------------------
-----------------------------------------
| rollout/                |             |
|    ep_len_mean          | 5e+03       |
|    ep_rew_mean          | -53.2       |
| time/                   |             |
|    fps                  | 7           |
|    iterations           | 407         |
|    time_elapsed         | 10191       |
|    total_timesteps      | 81400       |
| train/                  |             |
|    approx_kl            | 0.005639554 |
|    clip_fraction        | 0.0199      |
|    clip_range           | 0.2         |
|    entropy_loss         | -0.936      |
|    explained_variance   | 0.67        |
|    learning_rate        | 0.0003      |
|    loss                 | 0.0631      |
|    n_updates            | 4060        |
|    policy_gradient_loss | 0.00206     |
|    std                  | 0.616       |
|    value_loss           | 1.52e-05    |
-----------------------------------------
-----------------------------------------
| rollout/                |             |
|    ep_len_mean          | 5e+03       |
|    ep_rew_mean          | -53.2       |
| time/                   |             |
|    fps                  | 7           |
|    iterations           | 408         |
|    time_elapsed         | 10216       |
|    total_timesteps      | 81600       |
| train/                  |             |
|    approx_kl            | 0.008203251 |
|    clip_fraction        | 0.0938      |
|    clip_range           | 0.2         |
|    entropy_loss         | -0.934      |
|    explained_variance   | 0.927       |
|    learning_rate        | 0.0003      |
|    loss                 | -0.0819     |
|    n_updates            | 4070        |
|    policy_gradient_loss | -0.011      |
|    std                  | 0.615       |
|    value_loss           | 4.92e-06    |
-----------------------------------------
-----------------------------------------
| rollout/                |             |
|    ep_len_mean          | 5e+03       |
|    ep_rew_mean          | -53.2       |
| time/                   |             |
|    fps                  | 7           |
|    iterations           | 409         |
|    time_elapsed         | 10241       |
|    total_timesteps      | 81800       |
| train/                  |             |
|    approx_kl            | 0.005259749 |
|    clip_fraction        | 0.0691      |
|    clip_range           | 0.2         |
|    entropy_loss         | -0.93       |
|    explained_variance   | 0.141       |
|    learning_rate        | 0.0003      |
|    loss                 | -0.0536     |
|    n_updates            | 4080        |
|    policy_gradient_loss | -0.00185    |
|    std                  | 0.611       |
|    value_loss           | 1.47e-05    |
-----------------------------------------
------------------------------------------
| rollout/                |              |
|    ep_len_mean          | 5e+03        |
|    ep_rew_mean          | -53.2        |
| time/                   |              |
|    fps                  | 7            |
|    iterations           | 410          |
|    time_elapsed         | 10266        |
|    total_timesteps      | 82000        |
| train/                  |              |
|    approx_kl            | 0.0011919982 |
|    clip_fraction        | 0.00234      |
|    clip_range           | 0.2          |
|    entropy_loss         | -0.929       |
|    explained_variance   | 0.548        |
|    learning_rate        | 0.0003       |
|    loss                 | -0.00469     |
|    n_updates            | 4090         |
|    policy_gradient_loss | 0.000776     |
|    std                  | 0.614        |
|    value_loss           | 1.53e-05     |
------------------------------------------
-----------------------------------------
| rollout/                |             |
|    ep_len_mean          | 5e+03       |
|    ep_rew_mean          | -53.2       |
| time/                   |             |
|    fps                  | 7           |
|    iterations           | 411         |
|    time_elapsed         | 10291       |
|    total_timesteps      | 82200       |
| train/                  |             |
|    approx_kl            | 0.012395745 |
|    clip_fraction        | 0.109       |
|    clip_range           | 0.2         |
|    entropy_loss         | -0.933      |
|    explained_variance   | -0.346      |
|    learning_rate        | 0.0003      |
|    loss                 | 0.0649      |
|    n_updates            | 4100        |
|    policy_gradient_loss | -0.00242    |
|    std                  | 0.616       |
|    value_loss           | 1.27e-05    |
-----------------------------------------
------------------------------------------
| rollout/                |              |
|    ep_len_mean          | 5e+03        |
|    ep_rew_mean          | -53.2        |
| time/                   |              |
|    fps                  | 7            |
|    iterations           | 412          |
|    time_elapsed         | 10315        |
|    total_timesteps      | 82400        |
| train/                  |              |
|    approx_kl            | 0.0021393914 |
|    clip_fraction        | 0.0273       |
|    clip_range           | 0.2          |
|    entropy_loss         | -0.934       |
|    explained_variance   | 0.698        |
|    learning_rate        | 0.0003       |
|    loss                 | 0.0352       |
|    n_updates            | 4110         |
|    policy_gradient_loss | -0.00215     |
|    std                  | 0.615        |
|    value_loss           | 1.69e-05     |
------------------------------------------
-----------------------------------------
| rollout/                |             |
|    ep_len_mean          | 5e+03       |
|    ep_rew_mean          | -53.2       |
| time/                   |             |
|    fps                  | 7           |
|    iterations           | 413         |
|    time_elapsed         | 10340       |
|    total_timesteps      | 82600       |
| train/                  |             |
|    approx_kl            | 0.009070072 |
|    clip_fraction        | 0.0406      |
|    clip_range           | 0.2         |
|    entropy_loss         | -0.93       |
|    explained_variance   | 0.755       |
|    learning_rate        | 0.0003      |
|    loss                 | 0.0265      |
|    n_updates            | 4120        |
|    policy_gradient_loss | 0.000377    |
|    std                  | 0.611       |
|    value_loss           | 5.16e-06    |
-----------------------------------------
-----------------------------------------
| rollout/                |             |
|    ep_len_mean          | 5e+03       |
|    ep_rew_mean          | -53.2       |
| time/                   |             |
|    fps                  | 7           |
|    iterations           | 414         |
|    time_elapsed         | 10365       |
|    total_timesteps      | 82800       |
| train/                  |             |
|    approx_kl            | 0.004242854 |
|    clip_fraction        | 0.0043      |
|    clip_range           | 0.2         |
|    entropy_loss         | -0.928      |
|    explained_variance   | 0.164       |
|    learning_rate        | 0.0003      |
|    loss                 | 0.00727     |
|    n_updates            | 4130        |
|    policy_gradient_loss | -0.00021    |
|    std                  | 0.614       |
|    value_loss           | 4.59e-06    |
-----------------------------------------
-------------------------------------------
| rollout/                |               |
|    ep_len_mean          | 5e+03         |
|    ep_rew_mean          | -53.2         |
| time/                   |               |
|    fps                  | 7             |
|    iterations           | 415           |
|    time_elapsed         | 10390         |
|    total_timesteps      | 83000         |
| train/                  |               |
|    approx_kl            | 0.00015468255 |
|    clip_fraction        | 0             |
|    clip_range           | 0.2           |
|    entropy_loss         | -0.936        |
|    explained_variance   | 0.894         |
|    learning_rate        | 0.0003        |
|    loss                 | 0.00252       |
|    n_updates            | 4140          |
|    policy_gradient_loss | 0.000165      |
|    std                  | 0.62          |
|    value_loss           | 1.99e-06      |
-------------------------------------------
-------------------------------------------
| rollout/                |               |
|    ep_len_mean          | 5e+03         |
|    ep_rew_mean          | -53.2         |
| time/                   |               |
|    fps                  | 7             |
|    iterations           | 416           |
|    time_elapsed         | 10414         |
|    total_timesteps      | 83200         |
| train/                  |               |
|    approx_kl            | 0.00029516593 |
|    clip_fraction        | 0.0266        |
|    clip_range           | 0.2           |
|    entropy_loss         | -0.943        |
|    explained_variance   | -4.45         |
|    learning_rate        | 0.0003        |
|    loss                 | -0.0138       |
|    n_updates            | 4150          |
|    policy_gradient_loss | -0.00121      |
|    std                  | 0.622         |
|    value_loss           | 1.57e-06      |
-------------------------------------------
------------------------------------------
| rollout/                |              |
|    ep_len_mean          | 5e+03        |
|    ep_rew_mean          | -53.2        |
| time/                   |              |
|    fps                  | 7            |
|    iterations           | 417          |
|    time_elapsed         | 10439        |
|    total_timesteps      | 83400        |
| train/                  |              |
|    approx_kl            | 0.0013117208 |
|    clip_fraction        | 0.00508      |
|    clip_range           | 0.2          |
|    entropy_loss         | -0.943       |
|    explained_variance   | -0.196       |
|    learning_rate        | 0.0003       |
|    loss                 | -0.00248     |
|    n_updates            | 4160         |
|    policy_gradient_loss | -0.000914    |
|    std                  | 0.621        |
|    value_loss           | 9.92e-07     |
------------------------------------------
------------------------------------------
| rollout/                |              |
|    ep_len_mean          | 5e+03        |
|    ep_rew_mean          | -53.2        |
| time/                   |              |
|    fps                  | 7            |
|    iterations           | 418          |
|    time_elapsed         | 10463        |
|    total_timesteps      | 83600        |
| train/                  |              |
|    approx_kl            | 0.0033967115 |
|    clip_fraction        | 0.0289       |
|    clip_range           | 0.2          |
|    entropy_loss         | -0.942       |
|    explained_variance   | 0.946        |
|    learning_rate        | 0.0003       |
|    loss                 | 0.0116       |
|    n_updates            | 4170         |
|    policy_gradient_loss | -0.00112     |
|    std                  | 0.621        |
|    value_loss           | 3.06e-08     |
------------------------------------------
------------------------------------------
| rollout/                |              |
|    ep_len_mean          | 5e+03        |
|    ep_rew_mean          | -53.2        |
| time/                   |              |
|    fps                  | 7            |
|    iterations           | 419          |
|    time_elapsed         | 10487        |
|    total_timesteps      | 83800        |
| train/                  |              |
|    approx_kl            | 0.0067607136 |
|    clip_fraction        | 0.0586       |
|    clip_range           | 0.2          |
|    entropy_loss         | -0.943       |
|    explained_variance   | 0.864        |
|    learning_rate        | 0.0003       |
|    loss                 | 0.0133       |
|    n_updates            | 4180         |
|    policy_gradient_loss | -0.00346     |
|    std                  | 0.621        |
|    value_loss           | 2.87e-07     |
------------------------------------------
------------------------------------------
| rollout/                |              |
|    ep_len_mean          | 5e+03        |
|    ep_rew_mean          | -53.2        |
| time/                   |              |
|    fps                  | 7            |
|    iterations           | 420          |
|    time_elapsed         | 10512        |
|    total_timesteps      | 84000        |
| train/                  |              |
|    approx_kl            | 0.0046604015 |
|    clip_fraction        | 0.0891       |
|    clip_range           | 0.2          |
|    entropy_loss         | -0.94        |
|    explained_variance   | 0.785        |
|    learning_rate        | 0.0003       |
|    loss                 | -0.0177      |
|    n_updates            | 4190         |
|    policy_gradient_loss | -0.00126     |
|    std                  | 0.619        |
|    value_loss           | 1.73e-06     |
------------------------------------------
-----------------------------------------
| rollout/                |             |
|    ep_len_mean          | 5e+03       |
|    ep_rew_mean          | -53.2       |
| time/                   |             |
|    fps                  | 7           |
|    iterations           | 421         |
|    time_elapsed         | 10536       |
|    total_timesteps      | 84200       |
| train/                  |             |
|    approx_kl            | 0.003608295 |
|    clip_fraction        | 0.135       |
|    clip_range           | 0.2         |
|    entropy_loss         | -0.938      |
|    explained_variance   | 0.724       |
|    learning_rate        | 0.0003      |
|    loss                 | -0.0176     |
|    n_updates            | 4200        |
|    policy_gradient_loss | -0.00381    |
|    std                  | 0.618       |
|    value_loss           | 9.37e-07    |
-----------------------------------------
------------------------------------------
| rollout/                |              |
|    ep_len_mean          | 5e+03        |
|    ep_rew_mean          | -53.2        |
| time/                   |              |
|    fps                  | 7            |
|    iterations           | 422          |
|    time_elapsed         | 10560        |
|    total_timesteps      | 84400        |
| train/                  |              |
|    approx_kl            | 0.0005201006 |
|    clip_fraction        | 0.000781     |
|    clip_range           | 0.2          |
|    entropy_loss         | -0.939       |
|    explained_variance   | -0.653       |
|    learning_rate        | 0.0003       |
|    loss                 | -0.00854     |
|    n_updates            | 4210         |
|    policy_gradient_loss | 0.00113      |
|    std                  | 0.621        |
|    value_loss           | 1.72e-06     |
------------------------------------------
------------------------------------------
| rollout/                |              |
|    ep_len_mean          | 5e+03        |
|    ep_rew_mean          | -53.2        |
| time/                   |              |
|    fps                  | 7            |
|    iterations           | 423          |
|    time_elapsed         | 10584        |
|    total_timesteps      | 84600        |
| train/                  |              |
|    approx_kl            | 0.0071921484 |
|    clip_fraction        | 0.0809       |
|    clip_range           | 0.2          |
|    entropy_loss         | -0.942       |
|    explained_variance   | 0.208        |
|    learning_rate        | 0.0003       |
|    loss                 | 0.0358       |
|    n_updates            | 4220         |
|    policy_gradient_loss | -0.00352     |
|    std                  | 0.62         |
|    value_loss           | 2.04e-06     |
------------------------------------------
-----------------------------------------
| rollout/                |             |
|    ep_len_mean          | 5e+03       |
|    ep_rew_mean          | -53.2       |
| time/                   |             |
|    fps                  | 7           |
|    iterations           | 424         |
|    time_elapsed         | 10608       |
|    total_timesteps      | 84800       |
| train/                  |             |
|    approx_kl            | 0.003034617 |
|    clip_fraction        | 0.000391    |
|    clip_range           | 0.2         |
|    entropy_loss         | -0.941      |
|    explained_variance   | 0.0895      |
|    learning_rate        | 0.0003      |
|    loss                 | -0.0495     |
|    n_updates            | 4230        |
|    policy_gradient_loss | -0.00185    |
|    std                  | 0.621       |
|    value_loss           | 3.55e-06    |
-----------------------------------------
------------------------------------------
| rollout/                |              |
|    ep_len_mean          | 5e+03        |
|    ep_rew_mean          | -53.2        |
| time/                   |              |
|    fps                  | 7            |
|    iterations           | 425          |
|    time_elapsed         | 10633        |
|    total_timesteps      | 85000        |
| train/                  |              |
|    approx_kl            | 0.0017243563 |
|    clip_fraction        | 0.00508      |
|    clip_range           | 0.2          |
|    entropy_loss         | -0.943       |
|    explained_variance   | -0.00779     |
|    learning_rate        | 0.0003       |
|    loss                 | 0.0222       |
|    n_updates            | 4240         |
|    policy_gradient_loss | 0.00176      |
|    std                  | 0.621        |
|    value_loss           | 5.63e-06     |
------------------------------------------
------------------------------------------
| rollout/                |              |
|    ep_len_mean          | 5e+03        |
|    ep_rew_mean          | -53.1        |
| time/                   |              |
|    fps                  | 7            |
|    iterations           | 426          |
|    time_elapsed         | 10658        |
|    total_timesteps      | 85200        |
| train/                  |              |
|    approx_kl            | 0.0046241716 |
|    clip_fraction        | 0.0324       |
|    clip_range           | 0.2          |
|    entropy_loss         | -0.946       |
|    explained_variance   | 0.322        |
|    learning_rate        | 0.0003       |
|    loss                 | -0.0447      |
|    n_updates            | 4250         |
|    policy_gradient_loss | -0.00652     |
|    std                  | 0.625        |
|    value_loss           | 1.11e-05     |
------------------------------------------
------------------------------------------
| rollout/                |              |
|    ep_len_mean          | 5e+03        |
|    ep_rew_mean          | -53.1        |
| time/                   |              |
|    fps                  | 7            |
|    iterations           | 427          |
|    time_elapsed         | 10682        |
|    total_timesteps      | 85400        |
| train/                  |              |
|    approx_kl            | 0.0013174618 |
|    clip_fraction        | 0.0215       |
|    clip_range           | 0.2          |
|    entropy_loss         | -0.949       |
|    explained_variance   | 0.826        |
|    learning_rate        | 0.0003       |
|    loss                 | 0.0278       |
|    n_updates            | 4260         |
|    policy_gradient_loss | 0.00065      |
|    std                  | 0.624        |
|    value_loss           | 0.00999      |
------------------------------------------
------------------------------------------
| rollout/                |              |
|    ep_len_mean          | 5e+03        |
|    ep_rew_mean          | -53.1        |
| time/                   |              |
|    fps                  | 7            |
|    iterations           | 428          |
|    time_elapsed         | 10707        |
|    total_timesteps      | 85600        |
| train/                  |              |
|    approx_kl            | 0.0047762794 |
|    clip_fraction        | 0.0395       |
|    clip_range           | 0.2          |
|    entropy_loss         | -0.948       |
|    explained_variance   | -2.84        |
|    learning_rate        | 0.0003       |
|    loss                 | -0.0272      |
|    n_updates            | 4270         |
|    policy_gradient_loss | -0.00266     |
|    std                  | 0.624        |
|    value_loss           | 0.00188      |
------------------------------------------
-----------------------------------------
| rollout/                |             |
|    ep_len_mean          | 5e+03       |
|    ep_rew_mean          | -53.1       |
| time/                   |             |
|    fps                  | 7           |
|    iterations           | 429         |
|    time_elapsed         | 10732       |
|    total_timesteps      | 85800       |
| train/                  |             |
|    approx_kl            | 0.008855501 |
|    clip_fraction        | 0.0453      |
|    clip_range           | 0.2         |
|    entropy_loss         | -0.949      |
|    explained_variance   | 0.855       |
|    learning_rate        | 0.0003      |
|    loss                 | -0.0704     |
|    n_updates            | 4280        |
|    policy_gradient_loss | -0.00298    |
|    std                  | 0.627       |
|    value_loss           | 0.00289     |
-----------------------------------------
-----------------------------------------
| rollout/                |             |
|    ep_len_mean          | 5e+03       |
|    ep_rew_mean          | -53.1       |
| time/                   |             |
|    fps                  | 7           |
|    iterations           | 430         |
|    time_elapsed         | 10756       |
|    total_timesteps      | 86000       |
| train/                  |             |
|    approx_kl            | 0.007162177 |
|    clip_fraction        | 0.0402      |
|    clip_range           | 0.2         |
|    entropy_loss         | -0.953      |
|    explained_variance   | 0.178       |
|    learning_rate        | 0.0003      |
|    loss                 | 0.0175      |
|    n_updates            | 4290        |
|    policy_gradient_loss | -0.000367   |
|    std                  | 0.629       |
|    value_loss           | 0.000592    |
-----------------------------------------
-----------------------------------------
| rollout/                |             |
|    ep_len_mean          | 5e+03       |
|    ep_rew_mean          | -53.1       |
| time/                   |             |
|    fps                  | 7           |
|    iterations           | 431         |
|    time_elapsed         | 10781       |
|    total_timesteps      | 86200       |
| train/                  |             |
|    approx_kl            | 0.004798552 |
|    clip_fraction        | 0.0695      |
|    clip_range           | 0.2         |
|    entropy_loss         | -0.956      |
|    explained_variance   | -0.918      |
|    learning_rate        | 0.0003      |
|    loss                 | 0.00632     |
|    n_updates            | 4300        |
|    policy_gradient_loss | -0.00478    |
|    std                  | 0.63        |
|    value_loss           | 8.6e-05     |
-----------------------------------------
------------------------------------------
| rollout/                |              |
|    ep_len_mean          | 5e+03        |
|    ep_rew_mean          | -53.1        |
| time/                   |              |
|    fps                  | 7            |
|    iterations           | 432          |
|    time_elapsed         | 10806        |
|    total_timesteps      | 86400        |
| train/                  |              |
|    approx_kl            | 0.0053942613 |
|    clip_fraction        | 0.0246       |
|    clip_range           | 0.2          |
|    entropy_loss         | -0.96        |
|    explained_variance   | -0.43        |
|    learning_rate        | 0.0003       |
|    loss                 | -0.0351      |
|    n_updates            | 4310         |
|    policy_gradient_loss | -0.00491     |
|    std                  | 0.633        |
|    value_loss           | 1.9e-05      |
------------------------------------------
-------------------------------------------
| rollout/                |               |
|    ep_len_mean          | 5e+03         |
|    ep_rew_mean          | -53.1         |
| time/                   |               |
|    fps                  | 7             |
|    iterations           | 433           |
|    time_elapsed         | 10831         |
|    total_timesteps      | 86600         |
| train/                  |               |
|    approx_kl            | 0.00087641005 |
|    clip_fraction        | 0.0203        |
|    clip_range           | 0.2           |
|    entropy_loss         | -0.961        |
|    explained_variance   | 0.859         |
|    learning_rate        | 0.0003        |
|    loss                 | -0.0157       |
|    n_updates            | 4320          |
|    policy_gradient_loss | -0.000537     |
|    std                  | 0.631         |
|    value_loss           | 3.09e-06      |
-------------------------------------------
-------------------------------------------
| rollout/                |               |
|    ep_len_mean          | 5e+03         |
|    ep_rew_mean          | -53.1         |
| time/                   |               |
|    fps                  | 7             |
|    iterations           | 434           |
|    time_elapsed         | 10855         |
|    total_timesteps      | 86800         |
| train/                  |               |
|    approx_kl            | 0.00026702834 |
|    clip_fraction        | 0.0305        |
|    clip_range           | 0.2           |
|    entropy_loss         | -0.959        |
|    explained_variance   | 0.534         |
|    learning_rate        | 0.0003        |
|    loss                 | -0.00213      |
|    n_updates            | 4330          |
|    policy_gradient_loss | -0.000771     |
|    std                  | 0.632         |
|    value_loss           | 7.26e-06      |
-------------------------------------------
------------------------------------------
| rollout/                |              |
|    ep_len_mean          | 5e+03        |
|    ep_rew_mean          | -53.1        |
| time/                   |              |
|    fps                  | 7            |
|    iterations           | 435          |
|    time_elapsed         | 10880        |
|    total_timesteps      | 87000        |
| train/                  |              |
|    approx_kl            | 0.0066947425 |
|    clip_fraction        | 0.0258       |
|    clip_range           | 0.2          |
|    entropy_loss         | -0.959       |
|    explained_variance   | 0.59         |
|    learning_rate        | 0.0003       |
|    loss                 | -0.0013      |
|    n_updates            | 4340         |
|    policy_gradient_loss | -0.00057     |
|    std                  | 0.631        |
|    value_loss           | 1.7e-05      |
------------------------------------------
------------------------------------------
| rollout/                |              |
|    ep_len_mean          | 5e+03        |
|    ep_rew_mean          | -53.1        |
| time/                   |              |
|    fps                  | 7            |
|    iterations           | 436          |
|    time_elapsed         | 10905        |
|    total_timesteps      | 87200        |
| train/                  |              |
|    approx_kl            | 0.0021794268 |
|    clip_fraction        | 0.0215       |
|    clip_range           | 0.2          |
|    entropy_loss         | -0.957       |
|    explained_variance   | -0.206       |
|    learning_rate        | 0.0003       |
|    loss                 | 0.00267      |
|    n_updates            | 4350         |
|    policy_gradient_loss | -0.000472    |
|    std                  | 0.63         |
|    value_loss           | 9.24e-06     |
------------------------------------------
----------------------------------------
| rollout/                |            |
|    ep_len_mean          | 5e+03      |
|    ep_rew_mean          | -53.1      |
| time/                   |            |
|    fps                  | 7          |
|    iterations           | 437        |
|    time_elapsed         | 10930      |
|    total_timesteps      | 87400      |
| train/                  |            |
|    approx_kl            | 0.00381515 |
|    clip_fraction        | 0.0121     |
|    clip_range           | 0.2        |
|    entropy_loss         | -0.956     |
|    explained_variance   | 0.608      |
|    learning_rate        | 0.0003     |
|    loss                 | -0.00267   |
|    n_updates            | 4360       |
|    policy_gradient_loss | -0.000807  |
|    std                  | 0.628      |
|    value_loss           | 2.18e-05   |
----------------------------------------
-----------------------------------------
| rollout/                |             |
|    ep_len_mean          | 5e+03       |
|    ep_rew_mean          | -53.1       |
| time/                   |             |
|    fps                  | 7           |
|    iterations           | 438         |
|    time_elapsed         | 10954       |
|    total_timesteps      | 87600       |
| train/                  |             |
|    approx_kl            | 0.006238113 |
|    clip_fraction        | 0.0312      |
|    clip_range           | 0.2         |
|    entropy_loss         | -0.952      |
|    explained_variance   | 0.519       |
|    learning_rate        | 0.0003      |
|    loss                 | 0.0405      |
|    n_updates            | 4370        |
|    policy_gradient_loss | -0.00196    |
|    std                  | 0.626       |
|    value_loss           | 9.26e-06    |
-----------------------------------------
-----------------------------------------
| rollout/                |             |
|    ep_len_mean          | 5e+03       |
|    ep_rew_mean          | -53.1       |
| time/                   |             |
|    fps                  | 7           |
|    iterations           | 439         |
|    time_elapsed         | 10979       |
|    total_timesteps      | 87800       |
| train/                  |             |
|    approx_kl            | 0.010677006 |
|    clip_fraction        | 0.141       |
|    clip_range           | 0.2         |
|    entropy_loss         | -0.951      |
|    explained_variance   | -1.46       |
|    learning_rate        | 0.0003      |
|    loss                 | -0.00761    |
|    n_updates            | 4380        |
|    policy_gradient_loss | -0.00642    |
|    std                  | 0.627       |
|    value_loss           | 1.05e-05    |
-----------------------------------------
-----------------------------------------
| rollout/                |             |
|    ep_len_mean          | 5e+03       |
|    ep_rew_mean          | -53.1       |
| time/                   |             |
|    fps                  | 7           |
|    iterations           | 440         |
|    time_elapsed         | 11003       |
|    total_timesteps      | 88000       |
| train/                  |             |
|    approx_kl            | 0.005231972 |
|    clip_fraction        | 0.0465      |
|    clip_range           | 0.2         |
|    entropy_loss         | -0.952      |
|    explained_variance   | 0.841       |
|    learning_rate        | 0.0003      |
|    loss                 | 0.0185      |
|    n_updates            | 4390        |
|    policy_gradient_loss | -0.00108    |
|    std                  | 0.627       |
|    value_loss           | 2.37e-06    |
-----------------------------------------
-----------------------------------------
| rollout/                |             |
|    ep_len_mean          | 5e+03       |
|    ep_rew_mean          | -53.1       |
| time/                   |             |
|    fps                  | 7           |
|    iterations           | 441         |
|    time_elapsed         | 11028       |
|    total_timesteps      | 88200       |
| train/                  |             |
|    approx_kl            | 0.007710281 |
|    clip_fraction        | 0.0609      |
|    clip_range           | 0.2         |
|    entropy_loss         | -0.952      |
|    explained_variance   | -0.992      |
|    learning_rate        | 0.0003      |
|    loss                 | 0.0408      |
|    n_updates            | 4400        |
|    policy_gradient_loss | -0.00236    |
|    std                  | 0.627       |
|    value_loss           | 2.05e-06    |
-----------------------------------------
------------------------------------------
| rollout/                |              |
|    ep_len_mean          | 5e+03        |
|    ep_rew_mean          | -53.1        |
| time/                   |              |
|    fps                  | 7            |
|    iterations           | 442          |
|    time_elapsed         | 11052        |
|    total_timesteps      | 88400        |
| train/                  |              |
|    approx_kl            | 0.0023526335 |
|    clip_fraction        | 0.00156      |
|    clip_range           | 0.2          |
|    entropy_loss         | -0.951       |
|    explained_variance   | -0.324       |
|    learning_rate        | 0.0003       |
|    loss                 | -0.0249      |
|    n_updates            | 4410         |
|    policy_gradient_loss | -0.0014      |
|    std                  | 0.625        |
|    value_loss           | 9.02e-07     |
------------------------------------------
-------------------------------------------
| rollout/                |               |
|    ep_len_mean          | 5e+03         |
|    ep_rew_mean          | -53.1         |
| time/                   |               |
|    fps                  | 7             |
|    iterations           | 443           |
|    time_elapsed         | 11077         |
|    total_timesteps      | 88600         |
| train/                  |               |
|    approx_kl            | 0.00089209876 |
|    clip_fraction        | 0.00508       |
|    clip_range           | 0.2           |
|    entropy_loss         | -0.947        |
|    explained_variance   | 0.674         |
|    learning_rate        | 0.0003        |
|    loss                 | -0.00359      |
|    n_updates            | 4420          |
|    policy_gradient_loss | -0.000972     |
|    std                  | 0.622         |
|    value_loss           | 7.08e-08      |
-------------------------------------------
----------------------------------------
| rollout/                |            |
|    ep_len_mean          | 5e+03      |
|    ep_rew_mean          | -53.1      |
| time/                   |            |
|    fps                  | 7          |
|    iterations           | 444        |
|    time_elapsed         | 11101      |
|    total_timesteps      | 88800      |
| train/                  |            |
|    approx_kl            | 0.00875942 |
|    clip_fraction        | 0.161      |
|    clip_range           | 0.2        |
|    entropy_loss         | -0.943     |
|    explained_variance   | 0.822      |
|    learning_rate        | 0.0003     |
|    loss                 | -0.0116    |
|    n_updates            | 4430       |
|    policy_gradient_loss | -0.0144    |
|    std                  | 0.622      |
|    value_loss           | 1.15e-07   |
----------------------------------------
------------------------------------------
| rollout/                |              |
|    ep_len_mean          | 5e+03        |
|    ep_rew_mean          | -53.1        |
| time/                   |              |
|    fps                  | 7            |
|    iterations           | 445          |
|    time_elapsed         | 11125        |
|    total_timesteps      | 89000        |
| train/                  |              |
|    approx_kl            | 0.0066243154 |
|    clip_fraction        | 0.0121       |
|    clip_range           | 0.2          |
|    entropy_loss         | -0.942       |
|    explained_variance   | 0.792        |
|    learning_rate        | 0.0003       |
|    loss                 | 0.0125       |
|    n_updates            | 4440         |
|    policy_gradient_loss | 0.000927     |
|    std                  | 0.62         |
|    value_loss           | 6.93e-07     |
------------------------------------------
----------------------------------------
| rollout/                |            |
|    ep_len_mean          | 5e+03      |
|    ep_rew_mean          | -53.1      |
| time/                   |            |
|    fps                  | 8          |
|    iterations           | 446        |
|    time_elapsed         | 11149      |
|    total_timesteps      | 89200      |
| train/                  |            |
|    approx_kl            | 0.00636893 |
|    clip_fraction        | 0.105      |
|    clip_range           | 0.2        |
|    entropy_loss         | -0.938     |
|    explained_variance   | 0.601      |
|    learning_rate        | 0.0003     |
|    loss                 | -0.0616    |
|    n_updates            | 4450       |
|    policy_gradient_loss | -0.00898   |
|    std                  | 0.616      |
|    value_loss           | 1.02e-06   |
----------------------------------------
------------------------------------------
| rollout/                |              |
|    ep_len_mean          | 5e+03        |
|    ep_rew_mean          | -53.1        |
| time/                   |              |
|    fps                  | 8            |
|    iterations           | 447          |
|    time_elapsed         | 11173        |
|    total_timesteps      | 89400        |
| train/                  |              |
|    approx_kl            | 0.0032675674 |
|    clip_fraction        | 0.0621       |
|    clip_range           | 0.2          |
|    entropy_loss         | -0.935       |
|    explained_variance   | -0.601       |
|    learning_rate        | 0.0003       |
|    loss                 | -0.0266      |
|    n_updates            | 4460         |
|    policy_gradient_loss | 0.00159      |
|    std                  | 0.618        |
|    value_loss           | 2.1e-06      |
------------------------------------------
------------------------------------------
| rollout/                |              |
|    ep_len_mean          | 5e+03        |
|    ep_rew_mean          | -53.1        |
| time/                   |              |
|    fps                  | 8            |
|    iterations           | 448          |
|    time_elapsed         | 11197        |
|    total_timesteps      | 89600        |
| train/                  |              |
|    approx_kl            | 0.0060030213 |
|    clip_fraction        | 0.0453       |
|    clip_range           | 0.2          |
|    entropy_loss         | -0.939       |
|    explained_variance   | 0.112        |
|    learning_rate        | 0.0003       |
|    loss                 | -0.0178      |
|    n_updates            | 4470         |
|    policy_gradient_loss | -0.00568     |
|    std                  | 0.62         |
|    value_loss           | 2.46e-06     |
------------------------------------------
------------------------------------------
| rollout/                |              |
|    ep_len_mean          | 5e+03        |
|    ep_rew_mean          | -53.1        |
| time/                   |              |
|    fps                  | 8            |
|    iterations           | 449          |
|    time_elapsed         | 11221        |
|    total_timesteps      | 89800        |
| train/                  |              |
|    approx_kl            | 0.0052666957 |
|    clip_fraction        | 0.0582       |
|    clip_range           | 0.2          |
|    entropy_loss         | -0.941       |
|    explained_variance   | 0.0641       |
|    learning_rate        | 0.0003       |
|    loss                 | -0.011       |
|    n_updates            | 4480         |
|    policy_gradient_loss | -0.0066      |
|    std                  | 0.62         |
|    value_loss           | 4.2e-06      |
------------------------------------------
------------------------------------------
| rollout/                |              |
|    ep_len_mean          | 5e+03        |
|    ep_rew_mean          | -53.1        |
| time/                   |              |
|    fps                  | 8            |
|    iterations           | 450          |
|    time_elapsed         | 11245        |
|    total_timesteps      | 90000        |
| train/                  |              |
|    approx_kl            | 0.0038292706 |
|    clip_fraction        | 0.00313      |
|    clip_range           | 0.2          |
|    entropy_loss         | -0.94        |
|    explained_variance   | 0.00277      |
|    learning_rate        | 0.0003       |
|    loss                 | -0.0283      |
|    n_updates            | 4490         |
|    policy_gradient_loss | -0.002       |
|    std                  | 0.619        |
|    value_loss           | 1.81e-05     |
------------------------------------------
------------------------------------------
| rollout/                |              |
|    ep_len_mean          | 5e+03        |
|    ep_rew_mean          | -53.1        |
| time/                   |              |
|    fps                  | 8            |
|    iterations           | 451          |
|    time_elapsed         | 11271        |
|    total_timesteps      | 90200        |
| train/                  |              |
|    approx_kl            | 0.0063604284 |
|    clip_fraction        | 0.073        |
|    clip_range           | 0.2          |
|    entropy_loss         | -0.938       |
|    explained_variance   | 0.232        |
|    learning_rate        | 0.0003       |
|    loss                 | -0.0511      |
|    n_updates            | 4500         |
|    policy_gradient_loss | -0.00868     |
|    std                  | 0.617        |
|    value_loss           | 1.23e-05     |
------------------------------------------
-----------------------------------------
| rollout/                |             |
|    ep_len_mean          | 5e+03       |
|    ep_rew_mean          | -53.1       |
| time/                   |             |
|    fps                  | 8           |
|    iterations           | 452         |
|    time_elapsed         | 11295       |
|    total_timesteps      | 90400       |
| train/                  |             |
|    approx_kl            | 0.004033703 |
|    clip_fraction        | 0.0668      |
|    clip_range           | 0.2         |
|    entropy_loss         | -0.938      |
|    explained_variance   | 0.84        |
|    learning_rate        | 0.0003      |
|    loss                 | 0.0172      |
|    n_updates            | 4510        |
|    policy_gradient_loss | -0.00596    |
|    std                  | 0.62        |
|    value_loss           | 0.0107      |
-----------------------------------------
------------------------------------------
| rollout/                |              |
|    ep_len_mean          | 5e+03        |
|    ep_rew_mean          | -53.1        |
| time/                   |              |
|    fps                  | 8            |
|    iterations           | 453          |
|    time_elapsed         | 11320        |
|    total_timesteps      | 90600        |
| train/                  |              |
|    approx_kl            | 0.0052519934 |
|    clip_fraction        | 0.0344       |
|    clip_range           | 0.2          |
|    entropy_loss         | -0.943       |
|    explained_variance   | -3.44        |
|    learning_rate        | 0.0003       |
|    loss                 | 0.0435       |
|    n_updates            | 4520         |
|    policy_gradient_loss | -0.00259     |
|    std                  | 0.624        |
|    value_loss           | 0.00225      |
------------------------------------------
------------------------------------------
| rollout/                |              |
|    ep_len_mean          | 5e+03        |
|    ep_rew_mean          | -53.1        |
| time/                   |              |
|    fps                  | 8            |
|    iterations           | 454          |
|    time_elapsed         | 11345        |
|    total_timesteps      | 90800        |
| train/                  |              |
|    approx_kl            | 0.0047003496 |
|    clip_fraction        | 0.0449       |
|    clip_range           | 0.2          |
|    entropy_loss         | -0.947       |
|    explained_variance   | 0.841        |
|    learning_rate        | 0.0003       |
|    loss                 | 0.0224       |
|    n_updates            | 4530         |
|    policy_gradient_loss | 0.00127      |
|    std                  | 0.623        |
|    value_loss           | 0.00206      |
------------------------------------------
-----------------------------------------
| rollout/                |             |
|    ep_len_mean          | 5e+03       |
|    ep_rew_mean          | -53.1       |
| time/                   |             |
|    fps                  | 8           |
|    iterations           | 455         |
|    time_elapsed         | 11370       |
|    total_timesteps      | 91000       |
| train/                  |             |
|    approx_kl            | 0.019369412 |
|    clip_fraction        | 0.124       |
|    clip_range           | 0.2         |
|    entropy_loss         | -0.947      |
|    explained_variance   | 0.48        |
|    learning_rate        | 0.0003      |
|    loss                 | 0.00656     |
|    n_updates            | 4540        |
|    policy_gradient_loss | -0.0165     |
|    std                  | 0.625       |
|    value_loss           | 0.000619    |
-----------------------------------------
------------------------------------------
| rollout/                |              |
|    ep_len_mean          | 5e+03        |
|    ep_rew_mean          | -53.1        |
| time/                   |              |
|    fps                  | 8            |
|    iterations           | 456          |
|    time_elapsed         | 11394        |
|    total_timesteps      | 91200        |
| train/                  |              |
|    approx_kl            | 0.0020907237 |
|    clip_fraction        | 0.023        |
|    clip_range           | 0.2          |
|    entropy_loss         | -0.949       |
|    explained_variance   | -0.966       |
|    learning_rate        | 0.0003       |
|    loss                 | 0.00666      |
|    n_updates            | 4550         |
|    policy_gradient_loss | -0.00381     |
|    std                  | 0.624        |
|    value_loss           | 8.16e-05     |
------------------------------------------
------------------------------------------
| rollout/                |              |
|    ep_len_mean          | 5e+03        |
|    ep_rew_mean          | -53.1        |
| time/                   |              |
|    fps                  | 8            |
|    iterations           | 457          |
|    time_elapsed         | 11419        |
|    total_timesteps      | 91400        |
| train/                  |              |
|    approx_kl            | 0.0019746288 |
|    clip_fraction        | 0.0172       |
|    clip_range           | 0.2          |
|    entropy_loss         | -0.948       |
|    explained_variance   | 0.402        |
|    learning_rate        | 0.0003       |
|    loss                 | 0.0176       |
|    n_updates            | 4560         |
|    policy_gradient_loss | -0.000118    |
|    std                  | 0.625        |
|    value_loss           | 1.66e-05     |
------------------------------------------
------------------------------------------
| rollout/                |              |
|    ep_len_mean          | 5e+03        |
|    ep_rew_mean          | -53.1        |
| time/                   |              |
|    fps                  | 8            |
|    iterations           | 458          |
|    time_elapsed         | 11444        |
|    total_timesteps      | 91600        |
| train/                  |              |
|    approx_kl            | 0.0074762176 |
|    clip_fraction        | 0.0387       |
|    clip_range           | 0.2          |
|    entropy_loss         | -0.952       |
|    explained_variance   | 0.931        |
|    learning_rate        | 0.0003       |
|    loss                 | -0.0686      |
|    n_updates            | 4570         |
|    policy_gradient_loss | -0.00742     |
|    std                  | 0.629        |
|    value_loss           | 4.49e-06     |
------------------------------------------
------------------------------------------
| rollout/                |              |
|    ep_len_mean          | 5e+03        |
|    ep_rew_mean          | -53.1        |
| time/                   |              |
|    fps                  | 8            |
|    iterations           | 459          |
|    time_elapsed         | 11469        |
|    total_timesteps      | 91800        |
| train/                  |              |
|    approx_kl            | 0.0075609796 |
|    clip_fraction        | 0.0395       |
|    clip_range           | 0.2          |
|    entropy_loss         | -0.958       |
|    explained_variance   | -0.0381      |
|    learning_rate        | 0.0003       |
|    loss                 | -0.0236      |
|    n_updates            | 4580         |
|    policy_gradient_loss | -0.00335     |
|    std                  | 0.632        |
|    value_loss           | 2.6e-05      |
------------------------------------------
------------------------------------------
| rollout/                |              |
|    ep_len_mean          | 5e+03        |
|    ep_rew_mean          | -53.1        |
| time/                   |              |
|    fps                  | 8            |
|    iterations           | 460          |
|    time_elapsed         | 11493        |
|    total_timesteps      | 92000        |
| train/                  |              |
|    approx_kl            | 0.0035973443 |
|    clip_fraction        | 0.0461       |
|    clip_range           | 0.2          |
|    entropy_loss         | -0.958       |
|    explained_variance   | 0.526        |
|    learning_rate        | 0.0003       |
|    loss                 | -0.0125      |
|    n_updates            | 4590         |
|    policy_gradient_loss | -0.00171     |
|    std                  | 0.628        |
|    value_loss           | 1.65e-05     |
------------------------------------------
-----------------------------------------
| rollout/                |             |
|    ep_len_mean          | 5e+03       |
|    ep_rew_mean          | -53.1       |
| time/                   |             |
|    fps                  | 8           |
|    iterations           | 461         |
|    time_elapsed         | 11518       |
|    total_timesteps      | 92200       |
| train/                  |             |
|    approx_kl            | 0.008444535 |
|    clip_fraction        | 0.0336      |
|    clip_range           | 0.2         |
|    entropy_loss         | -0.947      |
|    explained_variance   | -0.182      |
|    learning_rate        | 0.0003      |
|    loss                 | -0.044      |
|    n_updates            | 4600        |
|    policy_gradient_loss | -0.00841    |
|    std                  | 0.62        |
|    value_loss           | 1.94e-05    |
-----------------------------------------
----------------------------------------
| rollout/                |            |
|    ep_len_mean          | 5e+03      |
|    ep_rew_mean          | -53.1      |
| time/                   |            |
|    fps                  | 8          |
|    iterations           | 462        |
|    time_elapsed         | 11543      |
|    total_timesteps      | 92400      |
| train/                  |            |
|    approx_kl            | 0.01173598 |
|    clip_fraction        | 0.0828     |
|    clip_range           | 0.2        |
|    entropy_loss         | -0.94      |
|    explained_variance   | 0.584      |
|    learning_rate        | 0.0003     |
|    loss                 | 0.00394    |
|    n_updates            | 4610       |
|    policy_gradient_loss | -0.00708   |
|    std                  | 0.619      |
|    value_loss           | 3.57e-05   |
----------------------------------------
-----------------------------------------
| rollout/                |             |
|    ep_len_mean          | 5e+03       |
|    ep_rew_mean          | -53.1       |
| time/                   |             |
|    fps                  | 8           |
|    iterations           | 463         |
|    time_elapsed         | 11568       |
|    total_timesteps      | 92600       |
| train/                  |             |
|    approx_kl            | 0.005446993 |
|    clip_fraction        | 0.0191      |
|    clip_range           | 0.2         |
|    entropy_loss         | -0.94       |
|    explained_variance   | 0.716       |
|    learning_rate        | 0.0003      |
|    loss                 | 0.000413    |
|    n_updates            | 4620        |
|    policy_gradient_loss | -0.0029     |
|    std                  | 0.619       |
|    value_loss           | 1.25e-05    |
-----------------------------------------
------------------------------------------
| rollout/                |              |
|    ep_len_mean          | 5e+03        |
|    ep_rew_mean          | -53.1        |
| time/                   |              |
|    fps                  | 8            |
|    iterations           | 464          |
|    time_elapsed         | 11592        |
|    total_timesteps      | 92800        |
| train/                  |              |
|    approx_kl            | 0.0044904826 |
|    clip_fraction        | 0.0316       |
|    clip_range           | 0.2          |
|    entropy_loss         | -0.944       |
|    explained_variance   | -0.494       |
|    learning_rate        | 0.0003       |
|    loss                 | 0.00846      |
|    n_updates            | 4630         |
|    policy_gradient_loss | -0.003       |
|    std                  | 0.624        |
|    value_loss           | 1.27e-05     |
------------------------------------------
-----------------------------------------
| rollout/                |             |
|    ep_len_mean          | 5e+03       |
|    ep_rew_mean          | -53.1       |
| time/                   |             |
|    fps                  | 8           |
|    iterations           | 465         |
|    time_elapsed         | 11617       |
|    total_timesteps      | 93000       |
| train/                  |             |
|    approx_kl            | 0.007031518 |
|    clip_fraction        | 0.0758      |
|    clip_range           | 0.2         |
|    entropy_loss         | -0.95       |
|    explained_variance   | 0.822       |
|    learning_rate        | 0.0003      |
|    loss                 | 0.00701     |
|    n_updates            | 4640        |
|    policy_gradient_loss | -0.00302    |
|    std                  | 0.626       |
|    value_loss           | 6.25e-06    |
-----------------------------------------
------------------------------------------
| rollout/                |              |
|    ep_len_mean          | 5e+03        |
|    ep_rew_mean          | -53.1        |
| time/                   |              |
|    fps                  | 8            |
|    iterations           | 466          |
|    time_elapsed         | 11641        |
|    total_timesteps      | 93200        |
| train/                  |              |
|    approx_kl            | 0.0054298765 |
|    clip_fraction        | 0.00508      |
|    clip_range           | 0.2          |
|    entropy_loss         | -0.951       |
|    explained_variance   | -1.53        |
|    learning_rate        | 0.0003       |
|    loss                 | 0.0221       |
|    n_updates            | 4650         |
|    policy_gradient_loss | -0.000575    |
|    std                  | 0.626        |
|    value_loss           | 4.51e-06     |
------------------------------------------
-----------------------------------------
| rollout/                |             |
|    ep_len_mean          | 5e+03       |
|    ep_rew_mean          | -53.1       |
| time/                   |             |
|    fps                  | 8           |
|    iterations           | 467         |
|    time_elapsed         | 11666       |
|    total_timesteps      | 93400       |
| train/                  |             |
|    approx_kl            | 0.002516618 |
|    clip_fraction        | 0.0246      |
|    clip_range           | 0.2         |
|    entropy_loss         | -0.951      |
|    explained_variance   | -0.178      |
|    learning_rate        | 0.0003      |
|    loss                 | -0.00854    |
|    n_updates            | 4660        |
|    policy_gradient_loss | -0.00324    |
|    std                  | 0.627       |
|    value_loss           | 4.42e-06    |
-----------------------------------------
------------------------------------------
| rollout/                |              |
|    ep_len_mean          | 5e+03        |
|    ep_rew_mean          | -53.1        |
| time/                   |              |
|    fps                  | 8            |
|    iterations           | 468          |
|    time_elapsed         | 11690        |
|    total_timesteps      | 93600        |
| train/                  |              |
|    approx_kl            | 0.0053918706 |
|    clip_fraction        | 0.0766       |
|    clip_range           | 0.2          |
|    entropy_loss         | -0.955       |
|    explained_variance   | 0.742        |
|    learning_rate        | 0.0003       |
|    loss                 | 0.057        |
|    n_updates            | 4670         |
|    policy_gradient_loss | -0.00555     |
|    std                  | 0.631        |
|    value_loss           | 3.73e-07     |
------------------------------------------
-------------------------------------------
| rollout/                |               |
|    ep_len_mean          | 5e+03         |
|    ep_rew_mean          | -53.1         |
| time/                   |               |
|    fps                  | 8             |
|    iterations           | 469           |
|    time_elapsed         | 11714         |
|    total_timesteps      | 93800         |
| train/                  |               |
|    approx_kl            | 5.1044044e-05 |
|    clip_fraction        | 0             |
|    clip_range           | 0.2           |
|    entropy_loss         | -0.96         |
|    explained_variance   | 0.69          |
|    learning_rate        | 0.0003        |
|    loss                 | -0.00453      |
|    n_updates            | 4680          |
|    policy_gradient_loss | 0.000294      |
|    std                  | 0.632         |
|    value_loss           | 3.22e-07      |
-------------------------------------------
------------------------------------------
| rollout/                |              |
|    ep_len_mean          | 5e+03        |
|    ep_rew_mean          | -53.1        |
| time/                   |              |
|    fps                  | 8            |
|    iterations           | 470          |
|    time_elapsed         | 11738        |
|    total_timesteps      | 94000        |
| train/                  |              |
|    approx_kl            | 0.0021169297 |
|    clip_fraction        | 0.00195      |
|    clip_range           | 0.2          |
|    entropy_loss         | -0.96        |
|    explained_variance   | 0.967        |
|    learning_rate        | 0.0003       |
|    loss                 | -0.0149      |
|    n_updates            | 4690         |
|    policy_gradient_loss | 0.000759     |
|    std                  | 0.632        |
|    value_loss           | 1.42e-07     |
------------------------------------------
------------------------------------------
| rollout/                |              |
|    ep_len_mean          | 5e+03        |
|    ep_rew_mean          | -53.1        |
| time/                   |              |
|    fps                  | 8            |
|    iterations           | 471          |
|    time_elapsed         | 11762        |
|    total_timesteps      | 94200        |
| train/                  |              |
|    approx_kl            | 0.0029056212 |
|    clip_fraction        | 0.0176       |
|    clip_range           | 0.2          |
|    entropy_loss         | -0.963       |
|    explained_variance   | 0.841        |
|    learning_rate        | 0.0003       |
|    loss                 | -0.0164      |
|    n_updates            | 4700         |
|    policy_gradient_loss | -0.00107     |
|    std                  | 0.636        |
|    value_loss           | 4.75e-07     |
------------------------------------------
----------------------------------------
| rollout/                |            |
|    ep_len_mean          | 5e+03      |
|    ep_rew_mean          | -53.1      |
| time/                   |            |
|    fps                  | 8          |
|    iterations           | 472        |
|    time_elapsed         | 11787      |
|    total_timesteps      | 94400      |
| train/                  |            |
|    approx_kl            | 0.00516627 |
|    clip_fraction        | 0.0187     |
|    clip_range           | 0.2        |
|    entropy_loss         | -0.964     |
|    explained_variance   | -0.409     |
|    learning_rate        | 0.0003     |
|    loss                 | -0.0281    |
|    n_updates            | 4710       |
|    policy_gradient_loss | -0.000934  |
|    std                  | 0.633      |
|    value_loss           | 1.66e-06   |
----------------------------------------
------------------------------------------
| rollout/                |              |
|    ep_len_mean          | 5e+03        |
|    ep_rew_mean          | -53.1        |
| time/                   |              |
|    fps                  | 8            |
|    iterations           | 473          |
|    time_elapsed         | 11811        |
|    total_timesteps      | 94600        |
| train/                  |              |
|    approx_kl            | 0.0027510007 |
|    clip_fraction        | 0.0449       |
|    clip_range           | 0.2          |
|    entropy_loss         | -0.961       |
|    explained_variance   | 0.267        |
|    learning_rate        | 0.0003       |
|    loss                 | -0.0282      |
|    n_updates            | 4720         |
|    policy_gradient_loss | -0.00759     |
|    std                  | 0.633        |
|    value_loss           | 2.84e-06     |
------------------------------------------
-----------------------------------------
| rollout/                |             |
|    ep_len_mean          | 5e+03       |
|    ep_rew_mean          | -53.1       |
| time/                   |             |
|    fps                  | 8           |
|    iterations           | 474         |
|    time_elapsed         | 11835       |
|    total_timesteps      | 94800       |
| train/                  |             |
|    approx_kl            | 0.006099291 |
|    clip_fraction        | 0.048       |
|    clip_range           | 0.2         |
|    entropy_loss         | -0.965      |
|    explained_variance   | 0.0975      |
|    learning_rate        | 0.0003      |
|    loss                 | -0.0178     |
|    n_updates            | 4730        |
|    policy_gradient_loss | -0.00278    |
|    std                  | 0.636       |
|    value_loss           | 3.06e-06    |
-----------------------------------------
------------------------------------------
| rollout/                |              |
|    ep_len_mean          | 5e+03        |
|    ep_rew_mean          | -53.1        |
| time/                   |              |
|    fps                  | 8            |
|    iterations           | 475          |
|    time_elapsed         | 11858        |
|    total_timesteps      | 95000        |
| train/                  |              |
|    approx_kl            | 0.0032777113 |
|    clip_fraction        | 0.101        |
|    clip_range           | 0.2          |
|    entropy_loss         | -0.963       |
|    explained_variance   | 0.0619       |
|    learning_rate        | 0.0003       |
|    loss                 | -0.0336      |
|    n_updates            | 4740         |
|    policy_gradient_loss | -0.000214    |
|    std                  | 0.632        |
|    value_loss           | 3.17e-06     |
------------------------------------------
----------------------------------------
| rollout/                |            |
|    ep_len_mean          | 5e+03      |
|    ep_rew_mean          | -53.1      |
| time/                   |            |
|    fps                  | 8          |
|    iterations           | 476        |
|    time_elapsed         | 11882      |
|    total_timesteps      | 95200      |
| train/                  |            |
|    approx_kl            | 0.01121141 |
|    clip_fraction        | 0.119      |
|    clip_range           | 0.2        |
|    entropy_loss         | -0.958     |
|    explained_variance   | 0.398      |
|    learning_rate        | 0.0003     |
|    loss                 | -0.0415    |
|    n_updates            | 4750       |
|    policy_gradient_loss | -0.00828   |
|    std                  | 0.628      |
|    value_loss           | 7.11e-06   |
----------------------------------------
----------------------------------------
| rollout/                |            |
|    ep_len_mean          | 5e+03      |
|    ep_rew_mean          | -53.1      |
| time/                   |            |
|    fps                  | 8          |
|    iterations           | 477        |
|    time_elapsed         | 11906      |
|    total_timesteps      | 95400      |
| train/                  |            |
|    approx_kl            | 0.00293809 |
|    clip_fraction        | 0.0645     |
|    clip_range           | 0.2        |
|    entropy_loss         | -0.953     |
|    explained_variance   | 0.833      |
|    learning_rate        | 0.0003     |
|    loss                 | 0.0117     |
|    n_updates            | 4760       |
|    policy_gradient_loss | 0.00206    |
|    std                  | 0.628      |
|    value_loss           | 0.0133     |
----------------------------------------
------------------------------------------
| rollout/                |              |
|    ep_len_mean          | 5e+03        |
|    ep_rew_mean          | -53.1        |
| time/                   |              |
|    fps                  | 8            |
|    iterations           | 478          |
|    time_elapsed         | 11930        |
|    total_timesteps      | 95600        |
| train/                  |              |
|    approx_kl            | 0.0034759867 |
|    clip_fraction        | 0.0371       |
|    clip_range           | 0.2          |
|    entropy_loss         | -0.954       |
|    explained_variance   | -2.22        |
|    learning_rate        | 0.0003       |
|    loss                 | 0.0175       |
|    n_updates            | 4770         |
|    policy_gradient_loss | -0.00168     |
|    std                  | 0.628        |
|    value_loss           | 0.00323      |
------------------------------------------
-----------------------------------------
| rollout/                |             |
|    ep_len_mean          | 5e+03       |
|    ep_rew_mean          | -53.1       |
| time/                   |             |
|    fps                  | 8           |
|    iterations           | 479         |
|    time_elapsed         | 11954       |
|    total_timesteps      | 95800       |
| train/                  |             |
|    approx_kl            | 0.004238594 |
|    clip_fraction        | 0.052       |
|    clip_range           | 0.2         |
|    entropy_loss         | -0.956      |
|    explained_variance   | 0.828       |
|    learning_rate        | 0.0003      |
|    loss                 | -0.0356     |
|    n_updates            | 4780        |
|    policy_gradient_loss | -0.00287    |
|    std                  | 0.631       |
|    value_loss           | 0.00151     |
-----------------------------------------
------------------------------------------
| rollout/                |              |
|    ep_len_mean          | 5e+03        |
|    ep_rew_mean          | -53.1        |
| time/                   |              |
|    fps                  | 8            |
|    iterations           | 480          |
|    time_elapsed         | 11978        |
|    total_timesteps      | 96000        |
| train/                  |              |
|    approx_kl            | 0.0038615656 |
|    clip_fraction        | 0.0555       |
|    clip_range           | 0.2          |
|    entropy_loss         | -0.958       |
|    explained_variance   | 0.548        |
|    learning_rate        | 0.0003       |
|    loss                 | -0.0345      |
|    n_updates            | 4790         |
|    policy_gradient_loss | -0.00711     |
|    std                  | 0.63         |
|    value_loss           | 0.000448     |
------------------------------------------
------------------------------------------
| rollout/                |              |
|    ep_len_mean          | 5e+03        |
|    ep_rew_mean          | -53.1        |
| time/                   |              |
|    fps                  | 8            |
|    iterations           | 481          |
|    time_elapsed         | 12002        |
|    total_timesteps      | 96200        |
| train/                  |              |
|    approx_kl            | 0.0038335326 |
|    clip_fraction        | 0.0527       |
|    clip_range           | 0.2          |
|    entropy_loss         | -0.958       |
|    explained_variance   | -1.2         |
|    learning_rate        | 0.0003       |
|    loss                 | -0.0321      |
|    n_updates            | 4800         |
|    policy_gradient_loss | -0.00113     |
|    std                  | 0.632        |
|    value_loss           | 5.47e-05     |
------------------------------------------
-----------------------------------------
| rollout/                |             |
|    ep_len_mean          | 5e+03       |
|    ep_rew_mean          | -53.1       |
| time/                   |             |
|    fps                  | 8           |
|    iterations           | 482         |
|    time_elapsed         | 12026       |
|    total_timesteps      | 96400       |
| train/                  |             |
|    approx_kl            | 0.003494185 |
|    clip_fraction        | 0.118       |
|    clip_range           | 0.2         |
|    entropy_loss         | -0.96       |
|    explained_variance   | 0.453       |
|    learning_rate        | 0.0003      |
|    loss                 | 0.0186      |
|    n_updates            | 4810        |
|    policy_gradient_loss | -0.00757    |
|    std                  | 0.633       |
|    value_loss           | 1.79e-05    |
-----------------------------------------
-----------------------------------------
| rollout/                |             |
|    ep_len_mean          | 5e+03       |
|    ep_rew_mean          | -53.1       |
| time/                   |             |
|    fps                  | 8           |
|    iterations           | 483         |
|    time_elapsed         | 12050       |
|    total_timesteps      | 96600       |
| train/                  |             |
|    approx_kl            | 0.008348913 |
|    clip_fraction        | 0.17        |
|    clip_range           | 0.2         |
|    entropy_loss         | -0.963      |
|    explained_variance   | 0.933       |
|    learning_rate        | 0.0003      |
|    loss                 | 0.0211      |
|    n_updates            | 4820        |
|    policy_gradient_loss | -0.01       |
|    std                  | 0.634       |
|    value_loss           | 5.11e-06    |
-----------------------------------------
------------------------------------------
| rollout/                |              |
|    ep_len_mean          | 5e+03        |
|    ep_rew_mean          | -53.1        |
| time/                   |              |
|    fps                  | 8            |
|    iterations           | 484          |
|    time_elapsed         | 12073        |
|    total_timesteps      | 96800        |
| train/                  |              |
|    approx_kl            | 0.0061286576 |
|    clip_fraction        | 0.0391       |
|    clip_range           | 0.2          |
|    entropy_loss         | -0.963       |
|    explained_variance   | 0.0371       |
|    learning_rate        | 0.0003       |
|    loss                 | -0.0478      |
|    n_updates            | 4830         |
|    policy_gradient_loss | -0.00447     |
|    std                  | 0.634        |
|    value_loss           | 3.48e-05     |
------------------------------------------
-----------------------------------------
| rollout/                |             |
|    ep_len_mean          | 5e+03       |
|    ep_rew_mean          | -53.1       |
| time/                   |             |
|    fps                  | 8           |
|    iterations           | 485         |
|    time_elapsed         | 12097       |
|    total_timesteps      | 97000       |
| train/                  |             |
|    approx_kl            | 0.008524837 |
|    clip_fraction        | 0.0559      |
|    clip_range           | 0.2         |
|    entropy_loss         | -0.962      |
|    explained_variance   | 0.531       |
|    learning_rate        | 0.0003      |
|    loss                 | 0.0405      |
|    n_updates            | 4840        |
|    policy_gradient_loss | -0.00477    |
|    std                  | 0.633       |
|    value_loss           | 2.02e-05    |
-----------------------------------------
-----------------------------------------
| rollout/                |             |
|    ep_len_mean          | 5e+03       |
|    ep_rew_mean          | -53.1       |
| time/                   |             |
|    fps                  | 8           |
|    iterations           | 486         |
|    time_elapsed         | 12121       |
|    total_timesteps      | 97200       |
| train/                  |             |
|    approx_kl            | 0.008274421 |
|    clip_fraction        | 0.0516      |
|    clip_range           | 0.2         |
|    entropy_loss         | -0.963      |
|    explained_variance   | -0.349      |
|    learning_rate        | 0.0003      |
|    loss                 | -0.0563     |
|    n_updates            | 4850        |
|    policy_gradient_loss | -0.00429    |
|    std                  | 0.636       |
|    value_loss           | 1.82e-05    |
-----------------------------------------
------------------------------------------
| rollout/                |              |
|    ep_len_mean          | 5e+03        |
|    ep_rew_mean          | -53.1        |
| time/                   |              |
|    fps                  | 8            |
|    iterations           | 487          |
|    time_elapsed         | 12145        |
|    total_timesteps      | 97400        |
| train/                  |              |
|    approx_kl            | 0.0041296436 |
|    clip_fraction        | 0.0402       |
|    clip_range           | 0.2          |
|    entropy_loss         | -0.967       |
|    explained_variance   | 0.563        |
|    learning_rate        | 0.0003       |
|    loss                 | -0.0324      |
|    n_updates            | 4860         |
|    policy_gradient_loss | -0.00136     |
|    std                  | 0.637        |
|    value_loss           | 2e-05        |
------------------------------------------
-----------------------------------------
| rollout/                |             |
|    ep_len_mean          | 5e+03       |
|    ep_rew_mean          | -53.1       |
| time/                   |             |
|    fps                  | 8           |
|    iterations           | 488         |
|    time_elapsed         | 12169       |
|    total_timesteps      | 97600       |
| train/                  |             |
|    approx_kl            | 0.004308817 |
|    clip_fraction        | 0.0367      |
|    clip_range           | 0.2         |
|    entropy_loss         | -0.968      |
|    explained_variance   | 0.573       |
|    learning_rate        | 0.0003      |
|    loss                 | 0.00372     |
|    n_updates            | 4870        |
|    policy_gradient_loss | -0.000701   |
|    std                  | 0.636       |
|    value_loss           | 1e-05       |
-----------------------------------------
-----------------------------------------
| rollout/                |             |
|    ep_len_mean          | 5e+03       |
|    ep_rew_mean          | -53.1       |
| time/                   |             |
|    fps                  | 8           |
|    iterations           | 489         |
|    time_elapsed         | 12193       |
|    total_timesteps      | 97800       |
| train/                  |             |
|    approx_kl            | 0.021557517 |
|    clip_fraction        | 0.139       |
|    clip_range           | 0.2         |
|    entropy_loss         | -0.967      |
|    explained_variance   | -1.25       |
|    learning_rate        | 0.0003      |
|    loss                 | -0.0114     |
|    n_updates            | 4880        |
|    policy_gradient_loss | -0.00721    |
|    std                  | 0.637       |
|    value_loss           | 5.94e-06    |
-----------------------------------------
------------------------------------------
| rollout/                |              |
|    ep_len_mean          | 5e+03        |
|    ep_rew_mean          | -53.1        |
| time/                   |              |
|    fps                  | 8            |
|    iterations           | 490          |
|    time_elapsed         | 12216        |
|    total_timesteps      | 98000        |
| train/                  |              |
|    approx_kl            | 0.0036919024 |
|    clip_fraction        | 0.0934       |
|    clip_range           | 0.2          |
|    entropy_loss         | -0.967       |
|    explained_variance   | 0.773        |
|    learning_rate        | 0.0003       |
|    loss                 | 0.0106       |
|    n_updates            | 4890         |
|    policy_gradient_loss | -0.00609     |
|    std                  | 0.635        |
|    value_loss           | 6.76e-06     |
------------------------------------------
------------------------------------------
| rollout/                |              |
|    ep_len_mean          | 5e+03        |
|    ep_rew_mean          | -53.1        |
| time/                   |              |
|    fps                  | 8            |
|    iterations           | 491          |
|    time_elapsed         | 12240        |
|    total_timesteps      | 98200        |
| train/                  |              |
|    approx_kl            | 0.0023505548 |
|    clip_fraction        | 0.0105       |
|    clip_range           | 0.2          |
|    entropy_loss         | -0.966       |
|    explained_variance   | -1.11        |
|    learning_rate        | 0.0003       |
|    loss                 | 0.0128       |
|    n_updates            | 4900         |
|    policy_gradient_loss | 0.00112      |
|    std                  | 0.636        |
|    value_loss           | 8.57e-06     |
------------------------------------------
------------------------------------------
| rollout/                |              |
|    ep_len_mean          | 5e+03        |
|    ep_rew_mean          | -53.1        |
| time/                   |              |
|    fps                  | 8            |
|    iterations           | 492          |
|    time_elapsed         | 12264        |
|    total_timesteps      | 98400        |
| train/                  |              |
|    approx_kl            | 0.0010353578 |
|    clip_fraction        | 0.00273      |
|    clip_range           | 0.2          |
|    entropy_loss         | -0.968       |
|    explained_variance   | -0.186       |
|    learning_rate        | 0.0003       |
|    loss                 | -0.00587     |
|    n_updates            | 4910         |
|    policy_gradient_loss | -0.00182     |
|    std                  | 0.638        |
|    value_loss           | 2.16e-06     |
------------------------------------------
-----------------------------------------
| rollout/                |             |
|    ep_len_mean          | 5e+03       |
|    ep_rew_mean          | -53.1       |
| time/                   |             |
|    fps                  | 8           |
|    iterations           | 493         |
|    time_elapsed         | 12287       |
|    total_timesteps      | 98600       |
| train/                  |             |
|    approx_kl            | 0.005516058 |
|    clip_fraction        | 0.0398      |
|    clip_range           | 0.2         |
|    entropy_loss         | -0.967      |
|    explained_variance   | 0.696       |
|    learning_rate        | 0.0003      |
|    loss                 | -0.00894    |
|    n_updates            | 4920        |
|    policy_gradient_loss | -0.00231    |
|    std                  | 0.635       |
|    value_loss           | 5.2e-07     |
-----------------------------------------
------------------------------------------
| rollout/                |              |
|    ep_len_mean          | 5e+03        |
|    ep_rew_mean          | -53.1        |
| time/                   |              |
|    fps                  | 8            |
|    iterations           | 494          |
|    time_elapsed         | 12311        |
|    total_timesteps      | 98800        |
| train/                  |              |
|    approx_kl            | 0.0013466746 |
|    clip_fraction        | 0.0297       |
|    clip_range           | 0.2          |
|    entropy_loss         | -0.967       |
|    explained_variance   | 0.79         |
|    learning_rate        | 0.0003       |
|    loss                 | -0.0244      |
|    n_updates            | 4930         |
|    policy_gradient_loss | -0.00348     |
|    std                  | 0.638        |
|    value_loss           | 1.32e-07     |
------------------------------------------
------------------------------------------
| rollout/                |              |
|    ep_len_mean          | 5e+03        |
|    ep_rew_mean          | -53.1        |
| time/                   |              |
|    fps                  | 8            |
|    iterations           | 495          |
|    time_elapsed         | 12334        |
|    total_timesteps      | 99000        |
| train/                  |              |
|    approx_kl            | 0.0025373898 |
|    clip_fraction        | 0            |
|    clip_range           | 0.2          |
|    entropy_loss         | -0.97        |
|    explained_variance   | 0.913        |
|    learning_rate        | 0.0003       |
|    loss                 | 0.0342       |
|    n_updates            | 4940         |
|    policy_gradient_loss | 0.00158      |
|    std                  | 0.637        |
|    value_loss           | 2.48e-07     |
------------------------------------------
------------------------------------------
| rollout/                |              |
|    ep_len_mean          | 5e+03        |
|    ep_rew_mean          | -53.1        |
| time/                   |              |
|    fps                  | 8            |
|    iterations           | 496          |
|    time_elapsed         | 12357        |
|    total_timesteps      | 99200        |
| train/                  |              |
|    approx_kl            | 0.0031339815 |
|    clip_fraction        | 0.0211       |
|    clip_range           | 0.2          |
|    entropy_loss         | -0.968       |
|    explained_variance   | 0.772        |
|    learning_rate        | 0.0003       |
|    loss                 | 0.0465       |
|    n_updates            | 4950         |
|    policy_gradient_loss | 0.00222      |
|    std                  | 0.638        |
|    value_loss           | 4.05e-07     |
------------------------------------------
-----------------------------------------
| rollout/                |             |
|    ep_len_mean          | 5e+03       |
|    ep_rew_mean          | -53.1       |
| time/                   |             |
|    fps                  | 8           |
|    iterations           | 497         |
|    time_elapsed         | 12380       |
|    total_timesteps      | 99400       |
| train/                  |             |
|    approx_kl            | 0.007891664 |
|    clip_fraction        | 0.0883      |
|    clip_range           | 0.2         |
|    entropy_loss         | -0.967      |
|    explained_variance   | -0.628      |
|    learning_rate        | 0.0003      |
|    loss                 | -0.0667     |
|    n_updates            | 4960        |
|    policy_gradient_loss | -0.0049     |
|    std                  | 0.634       |
|    value_loss           | 1.24e-06    |
-----------------------------------------
-----------------------------------------
| rollout/                |             |
|    ep_len_mean          | 5e+03       |
|    ep_rew_mean          | -53.1       |
| time/                   |             |
|    fps                  | 8           |
|    iterations           | 498         |
|    time_elapsed         | 12404       |
|    total_timesteps      | 99600       |
| train/                  |             |
|    approx_kl            | 0.002244642 |
|    clip_fraction        | 0           |
|    clip_range           | 0.2         |
|    entropy_loss         | -0.96       |
|    explained_variance   | 0.212       |
|    learning_rate        | 0.0003      |
|    loss                 | -0.0045     |
|    n_updates            | 4970        |
|    policy_gradient_loss | 0.00175     |
|    std                  | 0.631       |
|    value_loss           | 1.33e-06    |
-----------------------------------------
------------------------------------------
| rollout/                |              |
|    ep_len_mean          | 5e+03        |
|    ep_rew_mean          | -53.1        |
| time/                   |              |
|    fps                  | 8            |
|    iterations           | 499          |
|    time_elapsed         | 12427        |
|    total_timesteps      | 99800        |
| train/                  |              |
|    approx_kl            | 1.883984e-05 |
|    clip_fraction        | 0            |
|    clip_range           | 0.2          |
|    entropy_loss         | -0.956       |
|    explained_variance   | 0.119        |
|    learning_rate        | 0.0003       |
|    loss                 | -0.00227     |
|    n_updates            | 4980         |
|    policy_gradient_loss | 0.000146     |
|    std                  | 0.628        |
|    value_loss           | 4.34e-06     |
------------------------------------------
------------------------------------------
| rollout/                |              |
|    ep_len_mean          | 5e+03        |
|    ep_rew_mean          | -53.1        |
| time/                   |              |
|    fps                  | 8            |
|    iterations           | 500          |
|    time_elapsed         | 12450        |
|    total_timesteps      | 100000       |
| train/                  |              |
|    approx_kl            | 0.0045508477 |
|    clip_fraction        | 0.103        |
|    clip_range           | 0.2          |
|    entropy_loss         | -0.953       |
|    explained_variance   | 0.0225       |
|    learning_rate        | 0.0003       |
|    loss                 | 0.0206       |
|    n_updates            | 4990         |
|    policy_gradient_loss | -0.00824     |
|    std                  | 0.627        |
|    value_loss           | 5.28e-06     |
------------------------------------------

======================================================================
✓ Training completed!
✓ Model saved to: /work/rl_logs/PPO_Firedrake_cylinder_20260922_225051/model_final.zip
✓ Normalization stats saved to: /work/rl_logs/PPO_Firedrake_cylinder_20260922_225051/vec_normalize_final.pkl
======================================================================

✓ Environment closed

WARNING! There are options you set that were not used!
WARNING! could be spelling mistake, etc!
There are 12 unused database options. They are:
Option left: name:--algo value: PPO source: command line
Option left: name:--env value: cylinder source: command line
Option left: name:--log-dir value: /work/rl_logs source: command line
Option left: name:--max-steps value: 5000 source: command line
Option left: name:--obs-type value: lift_drag source: command line
Option left: name:--total-timesteps value: 100000 source: command line
Option left: name:-algo value: PPO source: code
Option left: name:-env value: cylinder source: code
Option left: name:-log-dir value: /work/rl_logs source: code
Option left: name:-max-steps value: 5000 source: code
Option left: name:-obs-type value: lift_drag source: code
Option left: name:-total-timesteps value: 100000 source: code
