$MeshFormat
2.2 0 8
$EndMeshFormat
$PhysicalNames
5
1 1 "bottom"
1 2 "right"
1 3 "top"
1 4 "left"
2 5 "fluid"
$EndPhysicalNames
$Nodes
2111
1 0 0 0
2 1 0 0
3 1 1 0
4 0 1 0
5 0.01518252236073262 0 0
6 0.03059555091317327 0 0
7 0.04624258681547034 0 0
8 0.06212718361841093 0 0
9 0.07825294839338265 0 0
10 0.09462354273382786 0 0
11 0.1112426836374327 0 0
12 0.1281141442758511 0 0
13 0.1452417546586673 0 0
14 0.1626294088652508 0 0
15 0.1802810539552792 0 0
16 0.1982006894408006 0 0
17 0.2163923948548625 0 0
18 0.234860288891613 0 0
19 0.2536085811522159 0 0
20 0.2726415163050468 0 0
21 0.2919634167827768 0 0
22 0.3115786760876962 0 0
23 0.3314917425527866 0 0
24 0.3517071413932027 0 0
25 0.3722294588611196 0 0
26 0.3930633525220242 0 0
27 0.4142135665931877 0 0
28 0.4356848895240252 0 0
29 0.4574821986200019 0 0
30 0.4796104506272714 0 0
31 0.5020746627329121 0 0
32 0.5248799348864862 0 0
33 0.5480314539825488 0 0
34 0.5715344656647638 0 0
35 0.5953943194780249 0 0
36 0.61961641961555 0 0
37 0.6442062781340732 0 0
38 0.6691694667834654 0 0
39 0.694511664414414 0 0
40 0.72023861615544 0 0
41 0.7463561695217381 0 0
42 0.7728702559568196 0 0
43 0.7997868878948868 0 0
44 0.8271121856253961 0 0
45 0.8548523511697372 0 0
46 0.8830136785932671 0 0
47 0.9116025664156097 0 0
48 0.9406255081087266 0 0
49 0.9700890987744909 0 0
50 1 0.02991090122534866 0
51 1 0.05937449189094824 0
52 1 0.08839743358392302 0
53 1 0.1169863214061304 0
54 1 0.145147648829501 0
55 1 0.1728878143736782 0
56 1 0.2002131121040276 0
57 1 0.2271297440419405 0
58 1 0.2536438304768728 0
59 1 0.2797613838430253 0
60 1 0.3054883355839108 0
61 1 0.3308305332147231 0
62 1 0.3557937218639843 0
63 1 0.3803835803823802 0
64 1 0.404605680519782 0
65 1 0.4284655343329236 0
66 1 0.451968546015024 0
67 1 0.4751200651109759 0
68 1 0.4979253372644429 0
69 1 0.5203895493702055 0
70 1 0.5425178013776152 0
71 1 0.564315110473729 0
72 1 0.5857864334046999 0
73 1 0.6069366474759935 0
74 1 0.6277705411370245 0
75 1 0.6482928586050648 0
76 1 0.6685082574456012 0
77 1 0.688421323910808 0
78 1 0.7080365832158414 0
79 1 0.7273584836936821 0
80 1 0.7463914188466206 0
81 1 0.7651397111073281 0
82 1 0.7836076051441805 0
83 1 0.801799310558342 0
84 1 0.8197189460439601 0
85 1 0.8373705911340824 0
86 1 0.8547582453407568 0
87 1 0.8718858557236614 0
88 1 0.8887573163621464 0
89 1 0.9053764572658122 0
90 1 0.9217470516063161 0
91 1 0.9378728163813452 0
92 1 0.9537574131843521 0
93 1 0.9694044490867132 0
94 1 0.9848174776392111 0
95 0.9848174776391745 1 0
96 0.9694044490866383 1 0
97 0.9537574131842376 1 0
98 0.9378728163811899 1 0
99 0.9217470516061191 1 0
100 0.905376457265572 1 0
101 0.8887573163618624 1 0
102 0.8718858557233665 1 0
103 0.8547582453406077 1 0
104 0.837370591134083 1 0
105 0.8197189460441155 1 0
106 0.8017993105586572 1 0
107 0.7836076051446603 1 0
108 0.7651397111079771 1 0
109 0.7463914188474434 1 0
110 0.7273584836946841 1 0
111 0.7080365832170277 1 0
112 0.6884213239121841 1 0
113 0.6685082574471721 1 0
114 0.6482928586068366 1 0
115 0.6277705411390038 1 0
116 0.606936647478185 1 0
117 0.5857864334071097 1 0
118 0.5643151104763631 1 0
119 0.5425178013804799 1 0
120 0.5203895493733077 1 0
121 0.497925337267755 1 0
122 0.4751200651141554 1 0
123 0.4519685460180664 1 0
124 0.4284655343358239 1 0
125 0.4046056805225344 1 0
126 0.3803835803849799 1 0
127 0.3557937218664264 1 0
128 0.3308305332170026 1 0
129 0.3054883355860214 1 0
130 0.2797613838449622 1 0
131 0.2536438304786293 1 0
132 0.2271297440435118 1 0
133 0.2002131121054076 1 0
134 0.17288781437486 1 0
135 0.1451476488304794 1 0
136 0.1169863214069092 1 0
137 0.08839743358452445 1 0
138 0.05937449189136412 1 0
139 0.02991090122555529 1 0
140 0 0.9700890987744765 0
141 0 0.9406255081086977 0
142 0 0.9116025664155666 0
143 0 0.8830136785932097 0
144 0 0.8548523511698888 0
145 0 0.8271121856258357 0
146 0 0.7997868878956068 0
147 0 0.7728702559578108 0
148 0 0.7463561695229921 0
149 0 0.7202386161569496 0
150 0 0.6945116644161711 0
151 0 0.6691694667854629 0
152 0 0.6442062781363027 0
153 0 0.6196164196180044 0
154 0 0.5953943194806974 0
155 0 0.5715344656676474 0
156 0 0.5480314539856359 0
157 0 0.5248799348897701 0
158 0 0.5020746627363861 0
159 0 0.4796104506305918 0
160 0 0.4574821986231399 0
161 0 0.4356848895269851 0
162 0 0.4142135665959742 0
163 0 0.3930633525246416 0
164 0 0.3722294588635727 0
165 0 0.3517071413954954 0
166 0 0.3314917425549232 0
167 0 0.3115786760896813 0
168 0 0.2919634167846138 0
169 0 0.2726415163067398 0
170 0 0.2536085811537689 0
171 0 0.23486028889303 0
172 0 0.2163923948561471 0
173 0 0.1982006894419561 0
174 0 0.180281053956309 0
175 0 0.1626294088661586 0
176 0 0.1452417546594568 0
177 0 0.1281141442765256 0
178 0 0.1112426836380148 0
179 0 0.09462354273432394 0
180 0 0.07825294839379571 0
181 0 0.06212718361874281 0
182 0 0.04624258681571281 0
183 0 0.03059555091332944 0
184 0 0.01518252236080986 0
185 0.497652774708052 0.9775564812124767 0
186 0.5023423642199647 0.02246836019859066 0
187 0.02111975884917923 0.3932760230456832 0
188 0.9788888415946657 0.6067172571725148 0
189 0.9769821840286269 0.4511555582049696 0
190 0.02300801991720227 0.5488390837730101 0
191 0.31166592388587 0.01986919851752866 0
192 0.6883333664385464 0.9801325234342082 0
193 0.6447777860050357 0.02419311527597699 0
194 0.3552196505307391 0.975813994366707 0
195 0.01881114062471113 0.2349249153458209 0
196 0.9811855654548355 0.7650853076112055 0
197 0.9749774385289433 0.3044730809174551 0
198 0.02502254302180078 0.6955268833322167 0
199 0.1803442830312855 0.01790446574563525 0
200 0.8196618183945114 0.9820961315393009 0
201 0.7734043015480763 0.02593485673480848 0
202 0.2265959047746222 0.9740652753479448 0
203 0.01750578933989758 0.127897620687078 0
204 0.9828014825195752 0.8719089348509733 0
205 0.9731480459526266 0.1718091535724611 0
206 0.02685195997457715 0.8281908508944092 0
207 0.0946705791282318 0.01661650196143627 0
208 0.9052826358805411 0.9833985592954552 0
209 0.884107717987734 0.02770601313815106 0
210 0.1158922902517291 0.9722939963703554 0
211 0.9836491928430818 0.9215686543013001 0
212 0.01272472616789309 0.07726874761555615 0
213 0.4144187555327142 0.02128517341155606 0
214 0.5855791898030442 0.978727164515687 0
215 0.06229929888264739 0.01600489007643425 0
216 0.9376628162516618 0.9839518623862746 0
217 0.9717740540967256 0.08710423980236995 0
218 0.02822594557979636 0.9128957608073965 0
219 0.97780697339865 0.5198211494006423 0
220 0.02217418864146689 0.480181000508088 0
221 0.02027628206450102 0.3315175173709931 0
222 0.9797466311190957 0.6684750391426438 0
223 0.25366182997609 0.01902159463525572 0
224 0.7463390425011722 0.98097950958154 0
225 0.9842616908871304 0.9534123659881629 0
226 0.01646216575893412 0.04632816433913205 0
227 0.02930082206051221 0.9707726952829506 0
228 0.9706991778877923 0.02922730470878889 0
229 0.9739256069996955 0.226282075717986 0
230 0.02607442860012919 0.7737178879323252 0
231 0.7206867662781313 0.02516492475566572 0
232 0.2793136787806944 0.9748356589315011 0
233 0.9756781701758442 0.3546967077795937 0
234 0.02432073029314617 0.6453041998421984 0
235 0.5958222864153628 0.02359643782529462 0
236 0.4041780460401469 0.976420323164549 0
237 0.3723925601715703 0.02070635367116701 0
238 0.6276056439495215 0.9792988406371365 0
239 0.019647097671252 0.2919980546036642 0
240 0.9803517180239052 0.7080188511161445 0
241 0.01826974958686754 0.1982817948441221 0
242 0.9817289239456752 0.8017192081775196 0
243 0.1453035731869449 0.01737350937527011 0
244 0.8546936558887503 0.982633420103781 0
245 0.8278609441992819 0.02681074400138756 0
246 0.1721390869434288 0.9731892911992963 0
247 0.9763488765784608 0.40357934615821 0
248 0.02364726902672447 0.5964223487773941 0
249 0.5483394298321995 0.02303498897294863 0
250 0.4516637875467921 0.976989089761845 0
251 0.4577188859614198 0.02187869877955178 0
252 0.5422757842775499 0.9781425955165904 0
253 0.9416033407804005 0.028675904696605 0
254 0.05839665939134615 0.9713240955823839 0
255 0.02772293018610273 0.8843428603770166 0
256 0.9722770697704659 0.1156571414512469 0
257 0.9742908833895759 0.252750550044801 0
258 0.02570918624087221 0.7472493599917223 0
259 0.6950142820531146 0.02483795226740853 0
260 0.304985666146781 0.9751634263189137 0
261 0.9772718126306367 0.4743934553060314 0
262 0.02271298325060343 0.5255946954162729 0
263 0.02165873940273193 0.4361131674721826 0
264 0.9783324030231241 0.5639045000182618 0
265 0.2164428453444933 0.01845239486169015 0
266 0.7835602399600289 0.9815482010710701 0
267 0.01776270067375581 0.1626388329451123 0
268 0.982247762508447 0.8373548396397699 0
269 0.9844689626790162 0.9690726515024921 0
270 0.0153164024070239 0.01531686896609361 0
271 0.3518504678004309 0.02043661935909074 0
272 0.6481478649787508 0.9795671181131403 0
273 0.02085450771172591 0.3723547534900706 0
274 0.9791660698312797 0.6276289818973144 0
275 0.01936495222719199 0.2726880621695857 0
276 0.9806297772030026 0.7273327271559271 0
277 0.2920338998003329 0.01959218898583473 0
278 0.707965435918675 0.9804093213518769 0
279 0.01834766879849651 0.1102228896061095 0
280 0.9830702020985694 0.8887508817997285 0
281 0.1281520554427752 0.01714005887879421 0
282 0.8718297198399463 0.9828762400084718 0
283 0.0464598509549065 0.01571097940362502 0
284 0.9534916811020478 0.9842027982986032 0
285 0.984616039997426 0.9845875462258101 0
286 0.9545443528861317 0.4737373212450675 0
287 0.0454069239426297 0.5262576847622344 0
288 0.04181946875140556 0.3723162425943185 0
289 0.9582452667841552 0.6276419517843022 0
290 0.2918859201021966 0.03933154067034676 0
291 0.708110348197256 0.9606739313061773 0
292 0.695461923846592 0.04955041493290338 0
293 0.3045373175136168 0.9504557085448916 0
294 0.9487659188142523 0.2518416054830808 0
295 0.05123409523993615 0.7481581348659694 0
296 0.1279060091839561 0.03454392948717039 0
297 0.8719392682878572 0.9656224074587537 0
298 0.03620787810792905 0.1102177479274994 0
299 0.9660293662607239 0.8888479768766607 0
300 0.3517996752008813 0.04100879482209829 0
301 0.6481856607438768 0.9590065515768662 0
302 0.9446438359854277 0.1144406880850678 0
303 0.05535616213997968 0.8855593269383804 0
304 0.953173166970514 0.9683384296869549 0
305 0.04689243307896983 0.03146407745083631 0
306 0.01566491848718761 0.03077837594156117 0
307 0.03085904034482634 0.0154959203795071 0
308 0.05740403394686343 0.9426995319689486 0
309 0.942595966398371 0.05730046979018996 0
310 0.9712687833309762 0.05825648968159729 0
311 0.02873121655964086 0.9417435107709612 0
312 0.9727389553190242 0.1438856977959708 0
313 0.02726104612453104 0.8561143072583425 0
314 0.8558415461544968 0.0272546839152282 0
315 0.1441584741667002 0.9727453420231378 0
316 0.9127907402505396 0.02817379992093196 0
317 0.087209262863953 0.9718262039182256 0
318 0.8004598235595332 0.0263600919550538 0
319 0.1995402672169941 0.9736399791087227 0
320 0.973566091719632 0.1992409102334236 0
321 0.02643392558282769 0.8007590811936193 0
322 0.9746515992645741 0.2787590560341298 0
323 0.02534846529925043 0.7212408248727539 0
324 0.7468754966083581 0.02550530742967055 0
325 0.253124949765997 0.9744950751898258 0
326 0.6697711460827079 0.02450257031364668 0
327 0.3302271279699867 0.9755016929093498 0
328 0.9753423568852915 0.3297186632778306 0
329 0.02465713626842174 0.6702817410016609 0
330 0.9760258948095027 0.3792618171613465 0
331 0.02397151138232185 0.6207400166956583 0
332 0.9766752772697352 0.4274972505602075 0
333 0.02331731265412067 0.5725032043730764 0
334 0.620165639850475 0.02388217759720465 0
335 0.379831605441351 0.9761310862139437 0
336 0.5719175446901558 0.02331456558596932 0
337 0.4280848218015318 0.9767089905689819 0
338 0.9775405125966968 0.4972504439063002 0
339 0.02243862558330361 0.5027424017883377 0
340 0.525184907653928 0.02275916847385336 0
341 0.4748135406907762 0.9772687566421903 0
342 0.4798799552134486 0.02218462374966728 0
343 0.02192044607615521 0.4580143319711235 0
344 0.9780632574804273 0.5420036838941565 0
345 0.520111847926564 0.9778420565217166 0
346 0.4359205983707948 0.02159191541731562 0
347 0.5640749462489245 0.9784272069839368 0
348 0.3932631467877504 0.02100546250215286 0
349 0.6067342342086778 0.9790039432253709 0
350 0.02140152636497272 0.4145579587778059 0
351 0.9785978499334138 0.5854501219096543 0
352 0.3316186357670243 0.02017282135958415 0
353 0.6683794819831683 0.9798303180115292 0
354 0.02058765038036595 0.3517825580359372 0
355 0.9794422317582812 0.6482011911025444 0
356 0.01997539145905039 0.3116082729103856 0
357 0.9800359842887201 0.6883975435185142 0
358 0.01909990880767465 0.2536634209338336 0
359 0.9808953298803329 0.7463544899073181 0
360 0.2727074054154603 0.01932538610508169 0
361 0.7272923969618506 0.9806761522097792 0
362 0.2349198301194108 0.01874875330930331 0
363 0.7650828470892027 0.9812522045916675 0
364 0.1982591308056238 0.01819046990005564 0
365 0.8017465448481031 0.9818100825977396 0
366 0.01854946932495273 0.2164736686629724 0
367 0.9814477655374209 0.7835310577666742 0
368 0.01802610715867937 0.1803400653967084 0
369 0.9819755982765147 0.8196587978372898 0
370 0.01757422050259845 0.1451830089509173 0
371 0.9825067479316578 0.8547687379649085 0
372 0.1627078851850493 0.01764992764138649 0
373 0.8372968465196742 0.9823531658967193 0
374 0.02113632335262804 0.08941950476313837 0
375 0.9833388338691199 0.9052826493294601 0
376 0.1112641103952339 0.01691595054678309 0
377 0.8886830520844113 0.9831163696352265 0
378 0.07838003216125822 0.01633089655157014 0
379 0.9215781635490732 0.9836650031248632 0
380 0.01966549642210533 0.06387010876981192 0
381 0.983957965935694 0.9375622459076685 0
382 0.9691138468067595 0.9844008883198587 0
383 0.9688338666310294 0.9687294255154499 0
384 0.5199842847392178 0.9556287740202712 0
385 0.4799709243069306 0.04446061818407498 0
386 0.0377756512188539 0.2347037126789548 0
387 0.9622173085536455 0.7653144996261797 0
388 0.1981178238130193 0.03651712840101568 0
389 0.8019208333050201 0.9634844797457603 0
390 0.7740766672520232 0.05167677718377758 0
391 0.2259239463507096 0.9483239214674675 0
392 0.5722361418720592 0.04661961581950796 0
393 0.4277530517390651 0.9534578470484799 0
394 0.9527881789948986 0.4024489064786547 0
395 0.047196189686112 0.597561227342879 0
396 0.04337942065234956 0.4364704932566428 0
397 0.9565972983068057 0.5635894905406477 0
398 0.03567876176203989 0.162393189836413 0
399 0.9643598376750896 0.8375802669737475 0
400 0.03945537840600255 0.2917917128916586 0
401 0.9605508355311682 0.7082435448185193 0
402 0.8570625214581294 0.05454348185688929 0
403 0.1429375234083706 0.945456654977364 0
404 0.9140584213480883 0.05640027851695419 0
405 0.08594158696110898 0.9435997353052573 0
406 0.9473202593740482 0.1983342611451126 0
407 0.9455950894508364 0.1427571085695598 0
408 0.05267973857112989 0.801665727428558 0
409 0.05440490477164193 0.8572429186142269 0
410 0.9514959226954963 0.3534661586550393 0
411 0.04849834756176014 0.6465388315595044 0
412 0.6207139342079077 0.04769720512719812 0
413 0.6702914710158936 0.04891694191584849 0
414 0.3792683808697784 0.9523473602427538 0
415 0.3297016982922304 0.9510978198352754 0
416 0.3932653836457699 0.04213093841724083 0
417 0.6067142840897838 0.95790321339117 0
418 0.3315332623648685 0.04047106920687391 0
419 0.6684562114590178 0.9595400180433276 0
420 0.9672326766395032 0.9213583663614919 0
421 0.9213839882496521 0.9672744599466976 0
422 0.8887260005033892 0.9661407972714204 0
423 0.03566697993107336 0.07351346904671946 0
424 0.07826684511229896 0.03278996970980751 0
425 0.1108773449894245 0.03411318679835927 0
426 0.9436503831885064 0.08589201683192045 0
427 0.05634961716577217 0.9141079918854065 0
428 0.9501310798432542 0.3033646442417312 0
429 0.04986811864529821 0.6966357577938913 0
430 0.9480957043021865 0.2253089177001317 0
431 0.05190428523713526 0.7746909575106873 0
432 0.5253486421528993 0.0455691965937468 0
433 0.4746283323565784 0.9545252077353202 0
434 0.9555765615503924 0.5193413681186679 0
435 0.04437019211895551 0.4806996235456424 0
436 0.8012919384859598 0.05258511632640894 0
437 0.1987082392959596 0.9474153320815111 0
438 0.9494728853114313 0.2777390911197413 0
439 0.05052690723320529 0.7222607219616428 0
440 0.9539919671149872 0.450301504188871 0
441 0.04597098279697969 0.5497060713222491 0
442 0.9550634020174573 0.4966841852842772 0
443 0.04487769356356698 0.5033241510655975 0
444 0.7212061390117287 0.05014231675102669 0
445 0.2787950849126681 0.9498610963109256 0
446 0.4359658913538952 0.04329195205022171 0
447 0.564004258770373 0.9567724028120567 0
448 0.04235747018949603 0.3933869325498661 0
449 0.9576721659072815 0.6065903746250336 0
450 0.04068955907322467 0.3313497474054796 0
451 0.9593839091405567 0.668636733450181 0
452 0.03669105044297636 0.1980867696895029 0
453 0.9633038417914903 0.8019253485828972 0
454 0.03522142348216051 0.1275756993244681 0
455 0.9654512714029091 0.8720461738532529 0
456 0.1451759912189287 0.03498425458818354 0
457 0.8548090945499603 0.9650900222885492 0
458 0.2163063093538834 0.03707691957548023 0
459 0.2347700487942709 0.03764302654707488 0
460 0.2725462627084263 0.03878223917396541 0
461 0.7837254819572952 0.9629255715389311 0
462 0.7652525851511632 0.9623600737837439 0
463 0.7274538330307689 0.9612224999224264 0
464 0.3723973543627344 0.04158383688661476 0
465 0.6275811920586597 0.958441612039123 0
466 0.03888616295670315 0.2724713751661498 0
467 0.9611090359653994 0.7275694373015575 0
468 0.1626116414024884 0.03546626379364069 0
469 0.8374350619296763 0.964552004908891 0
470 0.06255944257636048 0.03212479091885036 0
471 0.9373120908141376 0.9678204639486592 0
472 0.3115650465840337 0.0399206245892342 0
473 0.6884282293995009 0.9600873127805114 0
474 0.04128919441614615 0.3516752080113186 0
475 0.9588005038744331 0.6482934279259285 0
476 0.04125254496683546 0.09316505408096787 0
477 0.9666002063252381 0.9052344074194356 0
478 0.03134149955863181 0.03102126794853301 0
479 0.9684226671298969 0.9529887248380765 0
480 0.03219726703089276 0.0460938614829987 0
481 0.9333120696031557 0.5188653479866937 0
482 0.06731754097807958 0.503906326002009 0
483 0.6277023693817755 0.9374505539454032 0
484 0.3722234592369862 0.06261593326245954 0
485 0.9414252184732154 0.7280356953158224 0
486 0.05859384952129971 0.2720032452391065 0
487 0.06293535453293032 0.3722488617412504 0
488 0.8023016050030749 0.9449318984593053 0
489 0.1978422550404613 0.055068524725385 0
490 0.670922270285272 0.07318382953752246 0
491 0.3290604914871347 0.9268535932291732 0
492 0.9255384162992476 0.3020300680919961 0
493 0.07445793492935182 0.6979718899318452 0
494 0.7751221655213062 0.07720743551377474 0
495 0.9224707452389572 0.2243369585689488 0
496 0.2248782187014931 0.922794757304872 0
497 0.07752881050656238 0.7756629121626075 0
498 0.1272790299314898 0.05261044782330158 0
499 0.8722091245124975 0.9481948416391728 0
500 0.9497149689911596 0.9048876237625759 0
501 0.05757810792681482 0.09476050323477256 0
502 0.9380416021819851 0.6484973127482665 0
503 0.9366858935629067 0.9517140265478387 0
504 0.06275467698828431 0.04827114612105269 0
505 0.918476630779984 0.1415082806911388 0
506 0.08152330067142599 0.8584918937490408 0
507 0.9154851185078963 0.08474789181660886 0
508 0.08451489100412499 0.9152521524782458 0
509 0.9318340544286174 0.4729881155417818 0
510 0.8855646931356564 0.05551521600530256 0
511 0.1144353338241663 0.9444848503192228 0
512 0.9465023174923246 0.1706970511839249 0
513 0.05349766641655228 0.8293029830011436 0
514 0.6454402298248321 0.04827606026306317 0
515 0.354544449685623 0.9517549121818604 0
516 0.7474900094000431 0.05082621170527934 0
517 0.2525112710389083 0.9491755695818058 0
518 0.8290235743423374 0.05355180836466178 0
519 0.1709764848974397 0.9464484917162082 0
520 0.9508506797505226 0.3284932290451475 0
521 0.04914613564981395 0.6715093482649757 0
522 0.9521644750740402 0.3780341236487941 0
523 0.04782465617750718 0.6219746668506051 0
524 0.9534114895492771 0.4264884439286822 0
525 0.04656239296634268 0.5735229029538448 0
526 0.5963462069266272 0.04714149379329711 0
527 0.4036356492907532 0.9529240167842884 0
528 0.06806850520532512 0.527071240632693 0
529 0.5486348781523931 0.04609968826374736 0
530 0.4513487964901563 0.9539954156803176 0
531 0.9560777207064066 0.5415844895736247 0
532 0.04388095207922479 0.458477628380127 0
533 0.6962193765748821 0.07405143247968793 0
534 0.3037766089644942 0.925968061947866 0
535 0.9245471736457315 0.2765652013006966 0
536 0.0754510512433241 0.7234350196697602 0
537 0.5025076825909195 0.0450351509588928 0
538 0.4974505514747481 0.9550645652271165 0
539 0.9571173796360338 0.5852190482569637 0
540 0.04288177777753489 0.4148006387285342 0
541 0.4578228720561883 0.04389343368603928 0
542 0.5421329368244202 0.956190653505895 0
543 0.9371850614452831 0.627668296538873 0
544 0.4144746329571987 0.04272577224554761 0
545 0.5854990078562573 0.9573262462713888 0
546 0.04009327702177301 0.3114217356203582 0
547 0.9599458553944207 0.6885900359180966 0
548 0.03619720445945702 0.1801194412398039 0
549 0.963814022309134 0.8198890555021356 0
550 0.03316321432494312 0.05706167599162466 0
551 0.7841023105619104 0.9440959479083214 0
552 0.7278056616661868 0.9415603728576367 0
553 0.6887127991376646 0.939881721793894 0
554 0.6686640642175685 0.9390518397165941 0
555 0.2160145933716081 0.05590785577294807 0
556 0.2721960544794938 0.05845092422321899 0
557 0.3112639707851104 0.06013805851132277 0
558 0.3312941647825123 0.06097878978152194 0
559 0.0537928913801109 0.1105745302192167 0
560 0.9487819991996923 0.888545583727241 0
561 0.03835491040034197 0.2534379691914876 0
562 0.9616413307177026 0.7465910239623156 0
563 0.03724622709348287 0.2162588409831486 0
564 0.962744494246161 0.7837518634494429 0
565 0.1802518037264675 0.03600892006359981 0
566 0.8198083591163494 0.9639942605885596 0
567 0.03530252773949757 0.1448943431658168 0
568 0.9648849270307545 0.8549587646705824 0
569 0.9678583125013475 0.9371844854103391 0
570 0.8551833269660984 0.9473081160957683 0
571 0.1449048843891542 0.05289476703450401 0
572 0.2535203808510113 0.03823200160622052 0
573 0.7464908586753554 0.9617720632058437 0
574 0.09429450584788383 0.03350795634949089 0
575 0.9051588806666993 0.9666988452566421 0
576 0.9525319855319521 0.9524262011759275 0
577 0.06127476796646966 0.3310855734756841 0
578 0.04757719401087888 0.04692123933596574 0
579 0.08977722550935149 0.5046033933254903 0
580 0.5025556450691384 0.06768890191559827 0
581 0.4973298830044035 0.932537577481613 0
582 0.9171114303504719 0.6487093500435827 0
583 0.6891092197281141 0.9194560530534646 0
584 0.3108255682434563 0.0805850283804623 0
585 0.8028976908057932 0.9261343008733858 0
586 0.1974165735023578 0.07385372375557639 0
587 0.6718530868702222 0.09727460287425466 0
588 0.3281143359781769 0.9027998973685074 0
589 0.09877517709578817 0.6994991169320183 0
590 0.9012145226882206 0.3005064988769429 0
591 0.9446461196650944 0.8026129494825605 0
592 0.05531042088423778 0.1975145181486455 0
593 0.8730073054307739 0.9305515117423303 0
594 0.1269336646066183 0.07083421096534197 0
595 0.9325462771704774 0.9035860260514632 0
596 0.07289768926987564 0.09623276773446535 0
597 0.9293608705769661 0.4010694999988883 0
598 0.07060222764874698 0.5989592904647834 0
599 0.4272164885743007 0.9302929883845367 0
600 0.5727201187977171 0.06989057323899105 0
601 0.8305206338312013 0.08030803499993465 0
602 0.1694791026331605 0.9196930219743448 0
603 0.8872132426443302 0.08347162052577481 0
604 0.1127867756236096 0.9165285705161474 0
605 0.748356245517804 0.0759376609727774 0
606 0.2516454889238414 0.9240664862893888 0
607 0.9213027246003034 0.1972222516329628 0
608 0.07869698836212521 0.8027778489571219 0
609 0.06517414153734039 0.4368165625612124 0
610 0.06660190861252592 0.4812743437509006 0
611 0.5855537729120549 0.9358169940443299 0
612 0.4143639567042134 0.06430678703924565 0
613 0.7656244258736593 0.9432535866413567 0
614 0.2344536765944394 0.05675233795987784 0
615 0.8378177936802167 0.9464970234626106 0
616 0.1623940566197848 0.05352499580505865 0
617 0.06038499513934131 0.3110868477423764 0
618 0.9507212728820684 0.9207188168091454 0
619 0.05116007033052674 0.07791586892260675 0
620 0.7221082608066285 0.07491721078923969 0
621 0.2778928414964902 0.9250923570525416 0
622 0.9169618224278108 0.1131258742028578 0
623 0.08303815454531686 0.8868742535441244 0
624 0.9275063680842197 0.3519506671951047 0
625 0.07247706211517072 0.6480633399067017 0
626 0.9199380543182248 0.1695156202973785 0
627 0.08006177215643785 0.8304845913103296 0
628 0.378513385488929 0.9287121658462034 0
629 0.6214329776052275 0.07139533250904026 0
630 0.3538115706787526 0.9278287856462172 0
631 0.9047922806237928 0.9500680018113939 0
632 0.09262575314330128 0.05078349423070536 0
633 0.6461500404453202 0.07224449846975058 0
634 0.9235454258531769 0.2506748119224221 0
635 0.0764535608109843 0.7493249992488374 0
636 0.8026711269801911 0.07869556990842159 0
637 0.1973284634341462 0.9213061732542499 0
638 0.07341819816638515 0.6729728273547959 0
639 0.9265720317971653 0.3270346005600074 0
640 0.06885832396848403 0.5507036136833963 0
641 0.9310657421438406 0.4493371486729721 0
642 0.9347908505222571 0.5632764802961205 0
643 0.9325734874160805 0.496090369371455 0
644 0.9340442000502424 0.5411892330985547 0
645 0.4743555280805013 0.9317780950401493 0
646 0.5421009212224109 0.9341578632905005 0
647 0.9363491689918945 0.6064929422458911 0
648 0.525555433998628 0.06845285996687141 0
649 0.4577769175593958 0.06603190579055654 0
650 0.06370536836545454 0.3934554310404912 0
651 0.6067614505666427 0.9366221737295553 0
652 0.9463923520888308 0.8381869156738031 0
653 0.05376224627374411 0.1617957102420435 0
654 0.9405652367209675 0.7086611709986866 0
655 0.06214385563947632 0.351506947521196 0
656 0.3931568443253003 0.06347453786301908 0
657 0.8886540716103658 0.9491626094805 0
658 0.109444109911213 0.05226309404392323 0
659 0.6483098937055266 0.9382362123270971 0
660 0.3516240883953544 0.06181253667155532 0
661 0.05284355299740351 0.1272094905682647 0
662 0.9479472654115386 0.8719769661329348 0
663 0.70840134052458 0.9406870705745858 0
664 0.9430525727248961 0.7658226697128727 0
665 0.05694589402490716 0.2341597015123758 0
666 0.2915839066485288 0.05932879318731188 0
667 0.938867134577698 0.6688944198384128 0
668 0.9206790823708227 0.950914211825819 0
669 0.07725397908037514 0.04933658332384972 0
670 0.7468537491590663 0.9423860334355242 0
671 0.2531814500784822 0.05762266811777226 0
672 0.8201891532412565 0.94569112849396 0
673 0.1800119607796646 0.05430507675981459 0
674 0.05949363996878999 0.2914017618918705 0
675 0.9422199123005733 0.747068166692811 0
676 0.05779617897334071 0.2529291328924467 0
677 0.04740868969547294 0.06281903761855862 0
678 0.9517053811698255 0.936548239024105 0
679 0.9100834393924643 0.4954649507012309 0
680 0.4971512016930306 0.9099679655005866 0
681 0.5026307812662054 0.09044265716741391 0
682 0.08417608052602869 0.3721989914888764 0
683 0.07853891664722595 0.2713732309071225 0
684 0.9236820753051082 0.7665327691604618 0
685 0.8970172112310433 0.2230716094123094 0
686 0.1029808550651714 0.7769287612384403 0
687 0.7764121670976446 0.1025645781016171 0
688 0.2235843782935943 0.8974404614060409 0
689 0.6069329429628909 0.9152213283028335 0
690 0.3928925406426076 0.08496732095705027 0
691 0.8930725831879516 0.168094828039071 0
692 0.1069264601724304 0.8319061109221526 0
693 0.08887605271579711 0.4818135906499442 0
694 0.08202740960451474 0.3307797964055564 0
695 0.9215519888043965 0.7286318754290639 0
696 0.9182024560041 0.6692582439170162 0
697 0.7661948921488745 0.923937466275058 0
698 0.2339545857182574 0.07607359116958214 0
699 0.9340050727773959 0.9195449224976815 0
700 0.06593147924343176 0.08011341045397898 0
701 0.8890148812957264 0.1115753404070473 0
702 0.1109849185537851 0.8884251553115364 0
703 0.8588632700926156 0.08194927390727294 0
704 0.1411366269885052 0.918051324347107 0
705 0.2503571041917275 0.8992087532239575 0
706 0.3025960017583983 0.9016691863859875 0
707 0.7496408045892351 0.1007990583417927 0
708 0.6973925803758021 0.09837010162634341 0
709 0.3530028349820184 0.904045948863003 0
710 0.6469303120504515 0.09608481794718211 0
711 0.899892111020191 0.275222126571784 0
712 0.1001018569236474 0.7247799609473701 0
713 0.1960096644085392 0.8951728166541921 0
714 0.8039864726636113 0.1048314481556417 0
715 0.09626686997691211 0.6498528297695861 0
716 0.9037000661415053 0.3501727784719847 0
717 0.07151022943868519 0.6234914030257529 0
718 0.9284628729432982 0.3765312573020685 0
719 0.06969666579859009 0.5747393438053328 0
720 0.4029608988807253 0.9295391344173425 0
721 0.9302488137315603 0.4252962004048798 0
722 0.5969748399244289 0.0706105293641173 0
723 0.09070276073214385 0.5280009785008992 0
724 0.9091617046627426 0.4720800290509792 0
725 0.4509447603612562 0.9310430268378436 0
726 0.5489799170612002 0.0691761771273371 0
727 0.09746661254613173 0.6746335093390176 0
728 0.9025126231846567 0.3253807741593083 0
729 0.06589775679631328 0.4589442418124419 0
730 0.9119724438279559 0.5407556093859016 0
731 0.519840371712689 0.9333296330807004 0
732 0.9355472464419493 0.5849960968662018 0
733 0.06445402638466852 0.4150117107938043 0
734 0.4800258991369597 0.06689012389996729 0
735 0.9159922203495873 0.6277032793597435 0
736 0.5639658464014164 0.9349771259622925 0
737 0.6689686733652781 0.9183714468239859 0
738 0.3309126995525124 0.08169457245204396 0
739 0.8559993780515762 0.929066133417772 0
740 0.8208027692576916 0.9271718812953808 0
741 0.1445074920876877 0.07098619458955259 0
742 0.1796063395315906 0.07279184378184093 0
743 0.9454949632093487 0.8206637139550356 0
744 0.0545484613829194 0.1795179235255269 0
745 0.7474060511451956 0.9227859127826599 0
746 0.2526546750096574 0.07723172805418835 0
747 0.4359294665242404 0.06518532312105554 0
748 0.9471884547687059 0.855232512747601 0
749 0.05313738384304582 0.144320387473425 0
750 0.9313905728761404 0.8873208225595951 0
751 0.07033338135914266 0.1105116021612667 0
752 0.6485530452147443 0.9173159145216694 0
753 0.9438144767503295 0.7843355350450538 0
754 0.05614171453542821 0.2156912264932978 0
755 0.9396959031537079 0.6889344278764327 0
756 0.3512784896159736 0.08278420851076217 0
757 0.7088804383328224 0.9205304079083954 0
758 0.2910885177852446 0.07949997670237244 0
759 0.8886009095871823 0.9326303340778345 0
760 0.106258064743704 0.07394580298101093 0
761 0.7846824084876702 0.9250203069062393 0
762 0.2155567194101294 0.07498157193444233 0
763 0.07633866993803401 0.2333241732197308 0
764 0.07970271391621543 0.290874742650296 0
765 0.9354751579148262 0.935591617722485 0
766 0.9192469649470354 0.9345978221494963 0
767 0.05978423592909685 0.06359333008055838 0
768 0.07278390675447292 0.06509829156523382 0
769 0.1112100446011489 0.4824078007820088 0
770 0.8876051211503919 0.4946213015205796 0
771 0.8959950332764561 0.6488856982470442 0
772 0.7094832990807786 0.90016609119671 0
773 0.3303886272723845 0.1026070019716741 0
774 0.0986660844787651 0.2707056445138303 0
775 0.352098210874451 0.8803902150743765 0
776 0.1199178199069515 0.6516912389729557 0
777 0.6477962531622903 0.119803767058951 0
778 0.8800316700606839 0.3483265548460842 0
779 0.1967776094019099 0.09287156247706826 0
780 0.8216570636620303 0.9084291229817283 0
781 0.07198485541667099 0.1607827940359457 0
782 0.2493594506954417 0.8748174868617822 0
783 0.7506219224072869 0.1251933745702936 0
784 0.9288825516768094 0.8393959336024349 0
785 0.1265535983750826 0.08827347180786073 0
786 0.1392801537344087 0.8903816274898649 0
787 0.8607189476149821 0.109619822960246 0
788 0.08408683806384173 0.09789755944469417 0
789 0.8888731781484904 0.9200331946852509 0
790 0.4264709912733592 0.9072271794510933 0
791 0.5733811048367518 0.09309936835655892 0
792 0.09272750600178795 0.576156717222282 0
793 0.907189332746371 0.4239071923230758 0
794 0.1228997762637004 0.7010311285771677 0
795 0.8770800706737295 0.298968157078959 0
796 0.08611410972548343 0.4152040080332358 0
797 0.5640276230186733 0.913083034656611 0
798 0.5197880402236064 0.9109638605308059 0
799 0.4357726466627817 0.08721050588401061 0
800 0.4799716415197162 0.08942433055954929 0
801 0.6693473485885333 0.8975025148140245 0
802 0.9193058267746614 0.6894178417911803 0
803 0.785450955150811 0.9057566111820753 0
804 0.2332566844496007 0.09563838746533646 0
805 0.9148623677329961 0.9011773487251301 0
806 0.1677913876777282 0.8926753817997244 0
807 0.8322060722581404 0.1073275733091764 0
808 0.1048526239831217 0.8041721516501545 0
809 0.8951459898458876 0.1958286338457412 0
810 0.2234435750146025 0.8725279850543803 0
811 0.7765364321402497 0.1274801729359585 0
812 0.09387266641300605 0.6006813835698459 0
813 0.9060658980071775 0.3993699404505991 0
814 0.09505125630329272 0.6252653707643169 0
815 0.904901604032146 0.3747721713921326 0
816 0.4021363528377883 0.9062807985840221 0
817 0.377617834396865 0.9052299642340154 0
818 0.09167129107345925 0.5519289020588689 0
819 0.9082175101122422 0.4481469618155498 0
820 0.5977358401260309 0.09397715293913947 0
821 0.6222817747195255 0.09496315311695111 0
822 0.1122748840376789 0.5054936285550369 0
823 0.1091161964665303 0.8601978268108155 0
824 0.890883034554983 0.139803108661625 0
825 0.08797451611355693 0.4593923163869135 0
826 0.9110242962132074 0.518230404747016 0
827 0.3268631045364128 0.8788724758029213 0
828 0.6730696177788151 0.1212464357698715 0
829 0.9149169651056099 0.6063602588155032 0
830 0.91292381052067 0.5628681382696237 0
831 0.2766129753041683 0.9005507998974813 0
832 0.7233824895698198 0.09946781065678513 0
833 0.4739828972130124 0.9090350303558326 0
834 0.08516865686091171 0.3935615789413336 0
835 0.5258315571808875 0.09137932564054835 0
836 0.1014777388712309 0.7506118919527572 0
837 0.8985185810046991 0.2493888534097051 0
838 0.07413252116422694 0.1965370961965268 0
839 0.9254790676574232 0.804121563523113 0
840 0.8762582571201037 0.9101569028647204 0
841 0.5856210312076843 0.9141411829038845 0
842 0.08088877627033232 0.3106873417259612 0
843 0.07746873169033763 0.2522152010755385 0
844 0.4141995897679836 0.08610330322327996 0
845 0.6278661992784441 0.9162582114679806 0
846 0.7669138651492146 0.9043765394815961 0
847 0.3719465380515688 0.08388488381476628 0
848 0.9304895854753867 0.8711654419045569 0
849 0.07030270307238805 0.1263827564998302 0
850 0.9226078695416638 0.7476918052482575 0
851 0.08314217446179159 0.3513236089130926 0
852 0.2904621224851668 0.09988241107151684 0
853 0.920424512185158 0.709191415228411 0
854 0.7282955266310496 0.9216313797007053 0
855 0.271708976542984 0.07839349651908581 0
856 0.9035260283696211 0.9339323752738653 0
857 0.08751324408286058 0.06785267805628765 0
858 0.8384610174958734 0.9281412356528213 0
859 0.1620048714588265 0.0718016554049498 0
860 0.07525169639982224 0.2147832730528809 0
861 0.9246040154695603 0.7852749071036621 0
862 0.07983191333461159 0.08301733947041351 0
863 0.916793665930224 0.9179379145413281 0
864 0.5197374799589172 0.8885146416627115 0
865 0.1336126192951745 0.4831838618471412 0
866 0.47993280897728 0.1120682991675543 0
867 0.3510829489111107 0.8568359482543749 0
868 0.6487022606573589 0.1434143745963359 0
869 0.7863256740782067 0.8862628694972253 0
870 0.9028287134136783 0.7484083859309166 0
871 0.2490603626029562 0.8517644346782108 0
872 0.7508757637790251 0.1482484436572852 0
873 0.09315183136464381 0.1952939954990524 0
874 0.8686056265570113 0.1946072448591502 0
875 0.1313900670840318 0.805395293610971 0
876 0.1067277724936909 0.3936646703016529 0
877 0.6071414858356877 0.893651193270058 0
878 0.4255640179173885 0.8842446984363723 0
879 0.574201979960446 0.1162354466637337 0
880 0.893020503267226 0.8964472873477521 0
881 0.8854268076458185 0.4467597844990828 0
882 0.1144424264119507 0.5533321212754176 0
883 0.3715150369575824 0.1052992517358894 0
884 0.4139421486989286 0.1080267754781561 0
885 0.9001593900624331 0.7097879650620086 0
886 0.728966369918858 0.9015434200919097 0
887 0.2710281779504969 0.09849871473993055 0
888 0.8567037790091449 0.9105959892598192 0
889 0.1672600389997093 0.8648662352943284 0
890 0.8327306217749056 0.135139094931989 0
891 0.113395270409239 0.08814759315522543 0
892 0.9143815195784041 0.885349660680305 0
893 0.1964259824337933 0.8688582098996478 0
894 0.8035564902443566 0.1311490175616129 0
895 0.1213505552665548 0.6762574512112515 0
896 0.8786160563887255 0.3237421146254009 0
897 0.1353404208228252 0.8333656881827179 0
898 0.8646542223020269 0.1666375511899572 0
899 0.3767257792739365 0.8818584349782452 0
900 0.6231185499281625 0.1184191817422162 0
901 0.1378984309480542 0.8620182711152705 0
902 0.8620974381808097 0.1379845052058956 0
903 0.1170657566916922 0.6025659524019369 0
904 0.8828533990131366 0.3974947227236771 0
905 0.8898718668622426 0.5401714543305702 0
906 0.8865247933097263 0.4709006961041618 0
907 0.113335893897483 0.5291964955064088 0
908 0.08705796539969791 0.4372017020910642 0
909 0.4503633983490128 0.9081397291923485 0
910 0.8887298120796387 0.5175503540443209 0
911 0.5494705972722128 0.09224590293936351 0
912 0.8814411364644708 0.3728755080676878 0
913 0.1184928447908158 0.6271595697783204 0
914 0.5420393546802271 0.9120038795361054 0
915 0.3010705922173058 0.8775032423266036 0
916 0.275172492767531 0.8763056829773899 0
917 0.6988869470082697 0.1225590870141276 0
918 0.7247970124709154 0.1237227274524224 0
919 0.9138950026243496 0.5847138313287429 0
920 0.8946577646333878 0.6276799255676364 0
921 0.1262150784950738 0.7521831249284736 0
922 0.8737773673478951 0.2478175080698727 0
923 0.5028478859938226 0.1132696499479445 0
924 0.4968398849657853 0.8873523510056103 0
925 0.6488526904073603 0.8962052524726355 0
926 0.1042696600177917 0.3510954912327585 0
927 0.1438880036004297 0.0890509052823354 0
928 0.1789822513996621 0.09151169249376431 0
929 0.07308045374526445 0.1785194100280159 0
930 0.9269294343636107 0.8225964971717336 0
931 0.1101287952003997 0.4598812141409173 0
932 0.5857698703059027 0.8923471294491438 0
933 0.4577356752012489 0.08834310565900221 0
934 0.09595319852610426 0.2323369522817486 0
935 0.100088995635858 0.2903190250308197 0
936 0.8973510892204358 0.6696149022474026 0
937 0.1245268078774412 0.7263876023729238 0
938 0.07103713736827631 0.1433353708958837 0
939 0.9299764670654942 0.8551866405533345 0
940 0.8754604460535582 0.273611129444194 0
941 0.3508164522333292 0.1039703799118493 0
942 0.6895536885219278 0.8987975387596971 0
943 0.1029306710304228 0.3304508462173954 0
944 0.08619909779465762 0.1086831237003392 0
945 0.3102917540778659 0.1012727473037532 0
946 0.9040667938327032 0.7673629916848913 0
947 0.8036864218153787 0.9070672930858926 0
948 0.7480867415576763 0.9029516663729787 0
949 0.2519682961575282 0.09708468288590813 0
950 0.2148839176008056 0.09427056999412503 0
951 0.09733895708569806 0.2514125077742775 0
952 0.9055946790970367 0.805782154022713 0
953 0.8393085572836039 0.9096310807831623 0
954 0.9003044549324768 0.9178656670465509 0
955 0.09251970251565969 0.08944564512627357 0
956 0.8651390346088708 0.493428545912375 0
957 0.6073755511297954 0.8719318691972575 0
958 0.4800784684863249 0.1347957736024276 0
959 0.8763472562299932 0.6699626794326194 0
960 0.3502177328133786 0.1253074200412685 0
961 0.1189721312841573 0.2700773289657563 0
962 0.7101215443004338 0.8795856465334398 0
963 0.1402266671639062 0.6044663174421111 0
964 0.8596834312760435 0.3955497388301568 0
965 0.1959337937039234 0.1121173923554353 0
966 0.8842887580523046 0.7682660258147365 0
967 0.1469328357372942 0.7026459159091551 0
968 0.8530378984111432 0.2972655691836045 0
969 0.5195455141130362 0.8659797399733343 0
970 0.1323630476846711 0.460409809884344 0
971 0.1239656021670212 0.3300388587414775 0
972 0.251109009945295 0.1171164688673476 0
973 0.125358566496225 0.105576811292863 0
974 0.3758398505171301 0.8585706698813932 0
975 0.6239093393676203 0.1417838109391865 0
976 0.9133741137405211 0.8537002090034994 0
977 0.4496489198888259 0.8852745324734155 0
978 0.5500870268790304 0.115298854517982 0
979 0.08904263285935192 0.1420646316372729 0
980 0.1359671320215554 0.5306184423726114 0
981 0.1078835713982339 0.4154975072906152 0
982 0.542057599064542 0.8897621328770932 0
983 0.457641906134708 0.1107568672506636 0
984 0.1564679448067445 0.8047797359442923 0
985 0.8435204402451345 0.1952220668899652 0
986 0.9050706526428052 0.8289755252355751 0
987 0.09175860919722746 0.1772777437232645 0
988 0.8576286305820713 0.8926773874740074 0
989 0.2009787665701874 0.8439166009060242 0
990 0.7989743382645041 0.1560858757325093 0
991 0.273215803673573 0.8522293398837066 0
992 0.7266846785995527 0.1478137391716062 0
993 0.1050398498524183 0.1024619058323572 0
994 0.7738400481581439 0.1507573020820281 0
995 0.2261006465439966 0.8492468686455096 0
996 0.1434968763164833 0.6532634865724781 0
997 0.8564274764488361 0.3466333576234142 0
998 0.115695018292194 0.5779377075653884 0
999 0.88420446155397 0.422136042550778 0
1000 0.4011784555761367 0.8831248633826017 0
1001 0.5986242185391953 0.1172471316498776 0
1002 0.4734128872109452 0.8862925827421126 0
1003 0.9015599807539668 0.8836663578981789 0
1004 0.5262989738774999 0.1143275315254005 0
1005 0.8639240564541928 0.4693649607976345 0
1006 0.1348091960498559 0.5066695997643313 0
1007 0.867752060850036 0.5394672326940504 0
1008 0.1090218200551616 0.4375974611404084 0
1009 0.891012863151957 0.5623643289397076 0
1010 0.3255695656427345 0.8549805250691473 0
1011 0.6742422951374235 0.1451824472116657 0
1012 0.1282549232785127 0.7785273027104397 0
1013 0.8717397572325116 0.2214740437805123 0
1014 0.8933820904822034 0.6061445702718534 0
1015 0.1055405698401156 0.3722285447218411 0
1016 0.5640615408650284 0.8910412225884758 0
1017 0.1015353532156357 0.3102336320440897 0
1018 0.8747215478314709 0.6489591097480076 0
1019 0.7677145846351837 0.8846199212160057 0
1020 0.2702517432422356 0.1188274072581135 0
1021 0.2897607638257082 0.1204912486887022 0
1022 0.8987356977411916 0.6898646712329538 0
1023 0.9050743439660249 0.7863628243773693 0
1024 0.1487969847843492 0.7284034563270164 0
1025 0.09458164173064357 0.2136607492193985 0
1026 0.8511830167499086 0.2715465238376188 0
1027 0.4356625116922057 0.1094096159843952 0
1028 0.8406173358309311 0.8911694309284854 0
1029 0.3925888982260381 0.1066756122390314 0
1030 0.6281119436321873 0.8949121729955666 0
1031 0.08795055826478014 0.1247593063564577 0
1032 0.6900715141194774 0.8779762811259805 0
1033 0.6697387097067251 0.8764288296321543 0
1034 0.3096022980289037 0.1221194115412131 0
1035 0.9015003590936868 0.7292223570459784 0
1036 0.9136461277489629 0.869846994654783 0
1037 0.2140285592906638 0.1137735808640457 0
1038 0.7488663306367253 0.882936251890756 0
1039 0.1157819110685236 0.2313862795322985 0
1040 0.8047200198556338 0.8878624724798994 0
1041 0.8705092686144067 0.8938490419650107 0
1042 0.1613897662994206 0.09021286508525006 0
1043 0.2992336413089185 0.8531362104507064 0
1044 0.7006120944968245 0.1469621168943101 0
1045 0.1696315857471279 0.8326150228098975 0
1046 0.8303451583778441 0.1673862091780358 0
1047 0.1573975387722814 0.5079798183253911 0
1048 0.8426216360418164 0.4918179356954252 0
1049 0.3750128746085184 0.8353064721675765 0
1050 0.6245594648977238 0.1651132530674366 0
1051 0.8551648600088989 0.6701662012923818 0
1052 0.2889003135538328 0.1412622698186348 0
1053 0.7107608563665092 0.8588371277054075 0
1054 0.1709694029558973 0.7047379457692741 0
1055 0.2673119439350414 0.8245403648040077 0
1056 0.8289941210558761 0.2948770670942501 0
1057 0.7324694874233735 0.1755433437955522 0
1058 0.8061941632704029 0.8684677994609433 0
1059 0.1948463793881837 0.131639897321627 0
1060 0.8603508209973599 0.8755246535898302 0
1061 0.1521852790937195 0.7801123783756091 0
1062 0.8478030187173164 0.2198855776352159 0
1063 0.8626823284716274 0.4448177750614171 0
1064 0.1372089777967644 0.5552025737309215 0
1065 0.5509780227723328 0.1383222330741135 0
1066 0.4486701635228963 0.8624409257766094 0
1067 0.8690590859793528 0.5617869313932612 0
1068 0.1270130703413812 0.3721983541821049 0
1069 0.3922047165449464 0.1285009573691321 0
1070 0.8812997777715412 0.7298705953780998 0
1071 0.6284340414210217 0.8734176920666703 0
1072 0.8858122060593456 0.8065914592159165 0
1073 0.1223070143763655 0.3096967946531273 0
1074 0.7685825599727407 0.8646781207425015 0
1075 0.112396615114424 0.193895861996047 0
1076 0.8974479187258393 0.8716955653340985 0
1077 0.2099227937321242 0.8209118070871806 0
1078 0.7899830732072924 0.1790693283501497 0
1079 0.3245917448980887 0.8311804384664327 0
1080 0.6749743613208042 0.1690403153116373 0
1081 0.1504338733474215 0.7546007833916818 0
1082 0.8495505459997582 0.2453792041229797 0
1083 0.8580295468623447 0.3710711334702416 0
1084 0.1418791376795802 0.6288748772353432 0
1085 0.8612689192928151 0.420140984692527 0
1086 0.138640117203414 0.5798786627732457 0
1087 0.1606471696646848 0.1087563402726568 0
1088 0.1062044137948668 0.1233124331071495 0
1089 0.1297439970813782 0.4157809030055154 0
1090 0.1547027420475832 0.4610547552246463 0
1091 0.5994976681619754 0.1404394992779495 0
1092 0.131076442084698 0.4380095540865596 0
1093 0.4002196252250095 0.8600433908172944 0
1094 0.8921698402586483 0.5843321386602335 0
1095 0.5032732031665884 0.1361445186691262 0
1096 0.4963367661357923 0.8646872862233556 0
1097 0.8664303908604347 0.5166108402010976 0
1098 0.5859088164482258 0.870411576051931 0
1099 0.5420625907394856 0.8674087276371425 0
1100 0.8731933641232272 0.6275472812693214 0
1101 0.4137391888491117 0.1301090285732046 0
1102 0.457616307024712 0.1332809039368827 0
1103 0.8780262948604015 0.6903239672808492 0
1104 0.12554593149316 0.350945549876751 0
1105 0.8792932298709509 0.8794568671076288 0
1106 0.6905789844206729 0.8569738272929558 0
1107 0.1174090151225077 0.2506632549496265 0
1108 0.1451559661326537 0.6778053434650295 0
1109 0.8547927929599405 0.3220454959197963 0
1110 0.7296568436258282 0.8812314902868816 0
1111 0.17817405689872 0.1104847102747005 0
1112 0.3710586403592908 0.1269167665724354 0
1113 0.3297699135618462 0.1237324032833468 0
1114 0.6491930062650993 0.8749066067590479 0
1115 0.2501453612665338 0.1373630353486232 0
1116 0.8827930785910802 0.7491438975052263 0
1117 0.8854110598464255 0.7873407977939822 0
1118 0.1206256940793505 0.2897532183271853 0
1119 0.2324273345488077 0.1154526220260203 0
1120 0.8229111931858364 0.8895144244945938 0
1121 0.1431348529750873 0.1071737822178137 0
1122 0.114142294117159 0.2124831461953388 0
1123 0.9158751511928573 0.8413410365212697 0
1124 0.09037578583021262 0.1595829985878549 0
1125 0.1731451873220648 0.801606228439153 0
1126 0.8268290097752828 0.1983847857309163 0
1127 0.541949307595964 0.8449603380027324 0
1128 0.480517735110608 0.1575978742900762 0
1129 0.7113666310721138 0.8379263855575615 0
1130 0.8626053667833674 0.749997054571896 0
1131 0.1412895061791082 0.289083430855279 0
1132 0.6287715441194439 0.8517631415828225 0
1133 0.3705429003896546 0.1486475908935403 0
1134 0.1423767945059038 0.1253176163243331 0
1135 0.1319669570894381 0.1921001991946037 0
1136 0.8668854342027583 0.8065944658122425 0
1137 0.8385149534631623 0.4179938276325083 0
1138 0.1615465885027725 0.5817849621099794 0
1139 0.1469608325960368 0.3507250600720823 0
1140 0.8571049037672807 0.6907454021004751 0
1141 0.3993552778429014 0.8369892188365705 0
1142 0.6002485324515354 0.163597713735867 0
1143 0.8703743827344738 0.5838853169670578 0
1144 0.1743105950252196 0.7579198272788948 0
1145 0.8256539965933511 0.2420080150374188 0
1146 0.1357350151778772 0.2305267153687111 0
1147 0.6701855539425837 0.8551944184667396 0
1148 0.7304092049418504 0.860769521588671 0
1149 0.1072702547402698 0.1411438654917893 0
1150 0.843270122265705 0.8730004216790291 0
1151 0.2314036836465779 0.1354212730038196 0
1152 0.1770037222948251 0.1297043869145662 0
1153 0.2486185735524397 0.8351515249198256 0
1154 0.7512588929501434 0.1648664642974562 0
1155 0.1740750399853916 0.7831878444187358 0
1156 0.8258897475157818 0.2167822960346517 0
1157 0.1729890988543766 0.7312664420743079 0
1158 0.8269799797161508 0.2685239285737945 0
1159 0.3500612981512241 0.8333131277529365 0
1160 0.6494721014878099 0.1669820042283654 0
1161 0.8365678825394455 0.3937307484906085 0
1162 0.163365191162326 0.6061527301432387 0
1163 0.4244648221362587 0.8612960301527485 0
1164 0.5752189697373532 0.1393324967312096 0
1165 0.4726202431181445 0.863534030929493 0
1166 0.5270038467145782 0.1372948487516422 0
1167 0.8717438590608104 0.6058054554905125 0
1168 0.8455729709317265 0.5385812217387996 0
1169 0.8440746643126588 0.5154537570321214 0
1170 0.1561044586408988 0.4842788246194998 0
1171 0.298235151114862 0.8285070725456849 0
1172 0.7014115822571343 0.1716739278510115 0
1173 0.1284067935794886 0.3938752958388065 0
1174 0.1517254749611762 0.4160888733452755 0
1175 0.1246296391653552 0.1236424181027483 0
1176 0.8345230859673665 0.3694306764734259 0
1177 0.1087330394802452 0.1584528161118203 0
1178 0.1652260929977573 0.6303550519683638 0
1179 0.8412768109702362 0.4672140172477725 0
1180 0.5190288519589855 0.8433487078618259 0
1181 0.1586405065257251 0.5324337421358091 0
1182 0.6075369666322697 0.8500582283454082 0
1183 0.1105554602834541 0.1759169730795032 0
1184 0.3087997778411441 0.1431441308313507 0
1185 0.853319551290997 0.6489268181224894 0
1186 0.3919019920538707 0.1504784620776658 0
1187 0.1532424979183464 0.4384602020530808 0
1188 0.1451593053489718 0.3296814804862436 0
1189 0.5641107742596141 0.8688961909351728 0
1190 0.8824164748632619 0.8257077317584992 0
1191 0.1670479048255025 0.6546582285225643 0
1192 0.1689359351201947 0.6794252382527776 0
1193 0.8327085473724185 0.3448978835259002 0
1194 0.8309413928801451 0.3200217565857515 0
1195 0.4355554494270759 0.1317087153822279 0
1196 0.8796757321498794 0.7102488335969293 0
1197 0.8927162907343901 0.852452135607538 0
1198 0.2693625459247766 0.1393535614092068 0
1199 0.3290327001555524 0.1449939340959114 0
1200 0.8642817374240167 0.7692055243009147 0
1201 0.7496471187578926 0.8627263785723213 0
1202 0.1394361137768377 0.2694120036248648 0
1203 0.7873854747025497 0.86653056024223 0
1204 0.8783642216688402 0.8631460812934078 0
1205 0.2129953347242346 0.1335325947829158 0
1206 0.8250814883289851 0.8706119334438457 0
1207 0.8115709129572803 0.1850758658618381 0
1208 0.1883860794353564 0.8148820757641595 0
1209 0.1800780844316937 0.5095280433789929 0
1210 0.8199765799053726 0.48975511916713 0
1211 0.541410637582031 0.8224401005654981 0
1212 0.6008800942350144 0.1867550591214128 0
1213 0.3986142885154319 0.813924275728211 0
1214 0.3701377880552631 0.1705177442974549 0
1215 0.1665080336186638 0.329287763505259 0
1216 0.8139962788038578 0.3929605181284906 0
1217 0.1864276696306388 0.6077264929196755 0
1218 0.3239701865404606 0.8076741616192492 0
1219 0.6753848861075612 0.1925786621782782 0
1220 0.2682518300512804 0.1600564840900958 0
1221 0.1951147101575773 0.7073924407223627 0
1222 0.8048426303066237 0.2917336949946747 0
1223 0.844219630773447 0.7701686469483875 0
1224 0.2425701646479469 0.8078236229898595 0
1225 0.7572466158367748 0.1922088247129919 0
1226 0.8083450519085692 0.8486583044782681 0
1227 0.193412529996163 0.1515124301419906 0
1228 0.4716199129500486 0.8407222749820978 0
1229 0.5279415479692291 0.1603085636548235 0
1230 0.1989452650456484 0.7622663049172316 0
1231 0.8009798473917998 0.2376133994130367 0
1232 0.850007429583538 0.6054281665909652 0
1233 0.1502072326542082 0.3940314441839024 0
1234 0.5640988260824424 0.846661251201506 0
1235 0.3079070799238808 0.164322192052497 0
1236 0.8590106187510355 0.7108330587778586 0
1237 0.7695371785735831 0.8445566735505418 0
1238 0.7311750094291177 0.8401365470871723 0
1239 0.8676586292214111 0.8256948413533832 0
1240 0.8400094744470954 0.4424537488719451 0
1241 0.1599922424128531 0.5571133680824192 0
1242 0.495481666858275 0.8419403351799424 0
1243 0.5040706629624868 0.1590736070816844 0
1244 0.8516108650955396 0.6272917504207256 0
1245 0.8232817982613094 0.5374287810628074 0
1246 0.1486390048854142 0.3722533289853408 0
1247 0.2992651048760641 0.8049241395983983 0
1248 0.7234475331084331 0.2017311232314971 0
1249 0.1771678887844839 0.4620104689885619 0
1250 0.1738493972298387 0.4164624687649159 0
1251 0.6252389258868903 0.1884631704701677 0
1252 0.3741459276708068 0.8120094987341586 0
1253 0.4135597300874144 0.1522921844903084 0
1254 0.4577665954023671 0.1558856321150168 0
1255 0.5520889722328212 0.1613424755232165 0
1256 0.5761614854512218 0.1624085337406505 0
1257 0.6911000414662801 0.835814852432271 0
1258 0.6290335262428218 0.8299761270827771 0
1259 0.1376098195433743 0.249906198326567 0
1260 0.8658965295393549 0.859467747589527 0
1261 0.4475009055637992 0.8395914468261435 0
1262 0.423447412517051 0.83836126722752 0
1263 0.8105856831876405 0.3685389667638116 0
1264 0.8470234695932356 0.5610442669790766 0
1265 0.1885420056788631 0.6319347792856488 0
1266 0.8069889406346338 0.3172085245912353 0
1267 0.8338071552552005 0.6702189082485956 0
1268 0.1927414914025982 0.6815358960266833 0
1269 0.1432512279877153 0.3091760471275736 0
1270 0.8657563408128917 0.7881363196304075 0
1271 0.5859504547102338 0.848357697156117 0
1272 0.1338670624404419 0.211331357453218 0
1273 0.8608185491072085 0.730552104225177 0
1274 0.3496484410280454 0.1468365050152989 0
1275 0.2300659440980219 0.1555770810829752 0
1276 0.6495788970156653 0.8534538424072621 0
1277 0.1248283481091928 0.1410455169345391 0
1278 0.1292724521206351 0.1736854219188197 0
1279 0.8483152449059146 0.8551985755283812 0
1280 0.1595396440726456 0.1275235014635814 0
1281 0.8744273780807166 0.8435576701989242 0
1282 0.1977899608089257 0.7345537599129673 0
1283 0.8021704988682273 0.265061021935566 0
1284 0.2324912477372336 0.8285089737664241 0
1285 0.7673917823880663 0.1714959710237003 0
1286 0.1959333729721434 0.7887626764439176 0
1287 0.8039874679386697 0.2111907690867528 0
1288 0.4812650750185261 0.1804654325012215 0
1289 0.3978703410358065 0.7908210010829027 0
1290 0.601648701756726 0.2099273608384192 0
1291 0.7937656175262739 0.3972510919999718 0
1292 0.2095212602264939 0.6095729974826354 0
1293 0.7319850413887424 0.819352387998988 0
1294 0.3231914656784319 0.7846264432022604 0
1295 0.2165003964325421 0.684224638417804 0
1296 0.1555101202696978 0.2295219923520059 0
1297 0.7807768554062945 0.2886734328627778 0
1298 0.7452956125460883 0.2137889679400277 0
1299 0.1519000389834055 0.190526619420713 0
1300 0.8482928176700107 0.807006412011788 0
1301 0.1749326436751858 0.1494515758474679 0
1302 0.5290665935041827 0.1833613228139615 0
1303 0.470474127850155 0.8178361634221882 0
1304 0.2225906696954431 0.7365352519882915 0
1305 0.8299278583534214 0.6269821692450741 0
1306 0.8248931309508477 0.5601855067898787 0
1307 0.3490658615169014 0.1684775380881723 0
1308 0.6706750059695632 0.8338086881368764 0
1309 0.8381168817319291 0.7115175872536871 0
1310 0.7773761925268444 0.2631264823894411 0
1311 0.6502017871654979 0.1904309478252408 0
1312 0.3491531753184071 0.8099075277567134 0
1313 0.8183270092316054 0.4643562666408101 0
1314 0.1813730130515256 0.5341216073083459 0
1315 0.4465035621727414 0.8166931111707477 0
1316 0.5530599734483753 0.1843982097574024 0
1317 0.816842421505335 0.416038119138513 0
1318 0.1844458945922109 0.5834420928391102 0
1319 0.7704397915623262 0.2326966437198516 0
1320 0.2294594300681281 0.7673655770564345 0
1321 0.8317938440198586 0.6487438804500993 0
1322 0.1755391342431263 0.4391111249584842 0
1323 0.1721607916426119 0.3942309199364369 0
1324 0.7002256567261416 0.1953691228807382 0
1325 0.2762821411773414 0.7984995004637422 0
1326 0.8085244201733633 0.3427757834247609 0
1327 0.190624190007073 0.6565713724034686 0
1328 0.5181617988002637 0.82063936317141 0
1329 0.6075741876047859 0.8280971293062452 0
1330 0.5638023922835816 0.8243516344398352 0
1331 0.3916508419088631 0.1725581055703204 0
1332 0.1685437871192393 0.3506187872160673 0
1333 0.8484804039274149 0.5832901859619788 0
1334 0.711974180269898 0.8168592914861541 0
1335 0.1786979023509765 0.4855508272267468 0
1336 0.8216114231207485 0.5138992863142554 0
1337 0.8422121980281764 0.7509793599888152 0
1338 0.1600572160272036 0.2684623981428478 0
1339 0.1643380023018138 0.3085722841551801 0
1340 0.4355167006017285 0.1541018177310649 0
1341 0.8288699069721142 0.8513855337385133 0
1342 0.4226029917309517 0.8154042146129559 0
1343 0.2192743529622012 0.7968853347217516 0
1344 0.5769587496565297 0.1854953387594624 0
1345 0.7805985195727617 0.203105702506823 0
1346 0.2489351677223278 0.1578587009247467 0
1347 0.328335487183559 0.1664199256822057 0
1348 0.2879275923444973 0.162222663426747 0
1349 0.1409597661018884 0.1427442373104184 0
1350 0.6499983067451953 0.8318624544679809 0
1351 0.7886198942728697 0.8466055103122199 0
1352 0.8359403214251472 0.6910694268397709 0
1353 0.8461442622016486 0.7889071936365256 0
1354 0.7504989210683397 0.8423602201913801 0
1355 0.1261714503632286 0.157076256041472 0
1356 0.2116429008612215 0.1534637959336448 0
1357 0.219213841599263 0.7102032962897359 0
1358 0.8564330477969868 0.8386911961441993 0
1359 0.2013868214604197 0.4869840998767018 0
1360 0.5403485052867598 0.7998819192090854 0
1361 0.8026696073750146 0.5589574577256317 0
1362 0.3698787514431289 0.1925129630941897 0
1363 0.2868057077353091 0.1832975969661043 0
1364 0.8170264240912328 0.7122730729986794 0
1365 0.8243166872408625 0.7712328507243622 0
1366 0.7328264207814503 0.7983653883190255 0
1367 0.6503828888440427 0.8101514869358559 0
1368 0.2401995796773558 0.6872321936428856 0
1369 0.676332117255327 0.2155986259072579 0
1370 0.7570943508199482 0.2864799177607214 0
1371 0.2460537578816049 0.7371181511907008 0
1372 0.8098265326829567 0.8284195045545898 0
1373 0.2100579643449152 0.1731876583985666 0
1374 0.3481524910959963 0.7866208675848478 0
1375 0.8010900983204137 0.4142869238098111 0
1376 0.4695319115188525 0.7949104317681928 0
1377 0.5300216161521245 0.2064239890638575 0
1378 0.2073673503079125 0.5851083305033491 0
1379 0.2141707575791822 0.6589741566773057 0
1380 0.7990708486973358 0.5121165300901039 0
1381 0.8123261415375999 0.6701676376070012 0
1382 0.4219286257058423 0.7924443710688144 0
1383 0.5776587878508627 0.208570968873077 0
1384 0.2544843319714551 0.7864122272858338 0
1385 0.2995114532776769 0.7832238364143511 0
1386 0.3731724073924809 0.7887675318207362 0
1387 0.7972957928536276 0.4876063205906788 0
1388 0.2028324115203541 0.5111749552039093 0
1389 0.7830435025027006 0.3137751426357284 0
1390 0.8174885852768429 0.4392714900708767 0
1391 0.1499008890199703 0.1670355138299052 0
1392 0.1828061136475457 0.5588083897660983 0
1393 0.829158335244686 0.8082356895019973 0
1394 0.4944392150706568 0.8191145726413792 0
1395 0.5050650194459414 0.1820558782222015 0
1396 0.8101636279025866 0.6484360228085643 0
1397 0.1704153038856077 0.3722998813440141 0
1398 0.7174126446183962 0.2175918409982796 0
1399 0.7827060869064415 0.3698637978214965 0
1400 0.6262586152264112 0.2117407147748777 0
1401 0.6290728011520864 0.8080789741262598 0
1402 0.6916877597201478 0.8145166879395618 0
1403 0.2118710066751761 0.6341825661860309 0
1404 0.413438107869097 0.1745675089993999 0
1405 0.458128914512113 0.1785611582813736 0
1406 0.1880350042932983 0.3289920654997956 0
1407 0.1942522007744625 0.3945299460104901 0
1408 0.1961113960020223 0.4170900318009769 0
1409 0.8281785979748216 0.6048960893763242 0
1410 0.8265037400994826 0.5825921475627115 0
1411 0.8401605302710131 0.7314303272234091 0
1412 0.3070499813893828 0.1856534061964541 0
1413 0.1979496576074064 0.4400354112943448 0
1414 0.1578605634167088 0.2488198048375218 0
1415 0.228010443046532 0.1758660606400212 0
1416 0.5857822154947135 0.8262339979232191 0
1417 0.1533986721087467 0.2103185761877484 0
1418 0.3276979931909192 0.1879730868238124 0
1419 0.2471777936338743 0.1786413343452109 0
1420 0.7540197140535635 0.2628950435282009 0
1421 0.7895675286175831 0.826591505181021 0
1422 0.7513943608468655 0.8218764425179721 0
1423 0.1621836271847031 0.2883363406868973 0
1424 0.17278676443754 0.1700789674942884 0
1425 0.1569801182612194 0.1462139135584 0
1426 0.243008171442036 0.712403299034945 0
1427 0.7513721418926258 0.2446761067110785 0
1428 0.8504472527344407 0.8198893324408406 0
1429 0.1385243488296405 0.1550616594014379 0
1430 0.2241219988032156 0.488646069297671 0
1431 0.7765004068513887 0.5100730084557106 0
1432 0.2164672025352292 0.3951409589514633 0
1433 0.578380430335228 0.2316278129716911 0
1434 0.7639508514364483 0.3877580854605593 0
1435 0.6505334700631428 0.7883344862343271 0
1436 0.4213675833718027 0.7694634808455992 0
1437 0.7907301988205684 0.6699836816678546 0
1438 0.285690270135123 0.2044794755219722 0
1439 0.1811675270250351 0.2670887750882174 0
1440 0.2303789797063672 0.5869211685276151 0
1441 0.2087512307762859 0.1881072430621027 0
1442 0.3467616999886382 0.7633893897011496 0
1443 0.263871718628547 0.689406310412748 0
1444 0.7594059837780022 0.3103794080415559 0
1445 0.7335199196282782 0.285180510850107 0
1446 0.4933715192024017 0.7962299174701307 0
1447 0.7915016549130164 0.4321289982547626 0
1448 0.2041648387429789 0.535713081192438 0
1449 0.19234298431008 0.3724256725880686 0
1450 0.8093521771121372 0.8084904918222469 0
1451 0.7523851637068738 0.8012496012807128 0
1452 0.1745706170696571 0.2275775555055091 0
1453 0.8218504732274737 0.7523407891179646 0
1454 0.1856344558333149 0.3079894158206152 0
1455 0.7300862834033777 0.2355166946895097 0
1456 0.2352381099125738 0.636872353485497 0
1457 0.5060964868020638 0.2050789507513718 0
1458 0.2668272668854709 0.7137044610635669 0
1459 0.7951293918432638 0.4621206733525214 0
1460 0.6513654291356953 0.2136975808340644 0
1461 0.5169961894876296 0.7979081876932687 0
1462 0.2376984343730606 0.6619692450900342 0
1463 0.7840436554769386 0.3394262137090672 0
1464 0.4587183216940883 0.2013017138317095 0
1465 0.205646976250015 0.560423288481566 0
1466 0.835314020614773 0.8292840752522889 0
1467 0.8062813235568262 0.6041145361966269 0
1468 0.8081731435963954 0.6263397020205497 0
1469 0.1716532352427775 0.1907541170148473 0
1470 0.2823905188332808 0.7828364185319462 0
1471 0.7001551813546282 0.2170540356767383 0
1472 0.6028202351635115 0.2331063048538137 0
1473 0.3970077702859871 0.7676558833194964 0
1474 0.3215844404871263 0.7618575863470484 0
1475 0.6073124374322909 0.8060704175247723 0
1476 0.5629832099632412 0.8020112197540595 0
1477 0.1902807929763987 0.3505646441762696 0
1478 0.3914825988290224 0.1947340991844894 0
1479 0.7126922082170065 0.7956345879683459 0
1480 0.8008680193909099 0.5356963571918729 0
1481 0.1997220118267486 0.4633838440980674 0
1482 0.2184676805656451 0.4180662768931372 0
1483 0.8266897703883714 0.7896480649909499 0
1484 0.3486809321060652 0.1902659357874242 0
1485 0.8146493308205139 0.6913550091505781 0
1486 0.8044553698610953 0.5815680943070582 0
1487 0.4457458528539437 0.7937357252009347 0
1488 0.5538455982988508 0.2074800274253837 0
1489 0.4356170538168981 0.1765728451467042 0
1490 0.3063140584052382 0.2071038148038911 0
1491 0.2231555667417577 0.1984061831944857 0
1492 0.266957192195682 0.1809437420120993 0
1493 0.671137609488461 0.812288515745858 0
1494 0.7704190048062097 0.8243306400516425 0
1495 0.819359241406549 0.7326426342290042 0
1496 0.1921331671153896 0.1717136556020618 0
1497 0.2486217504094284 0.755607724635135 0
1498 0.5390460207271849 0.7773047135974639 0
1499 0.2387730568426221 0.396088642538717 0
1500 0.5794402569701217 0.2547057996379811 0
1501 0.4206659196093437 0.746400101506915 0
1502 0.7336251391846825 0.7770559918064952 0
1503 0.2847291013213453 0.2257717211383481 0
1504 0.3696850314439509 0.2145984145035367 0
1505 0.735919674374733 0.3079409193889359 0
1506 0.8017290339545711 0.7547951574571837 0
1507 0.784354837971188 0.60279202973918 0
1508 0.2097243767726277 0.3287180506731458 0
1509 0.7932066328281102 0.6916119287034644 0
1510 0.6532437547809076 0.236815323400807 0
1511 0.3451196917535889 0.7400467760941075 0
1512 0.2877768486094722 0.6893447810425593 0
1513 0.760305160342128 0.3345294471256604 0
1514 0.7726308738182434 0.4621428398053532 0
1515 0.222347699018328 0.464843005926368 0
1516 0.7031136143844967 0.2387280671150201 0
1517 0.4688029182710802 0.7720018727547848 0
1518 0.5307823447249329 0.2294220907253597 0
1519 0.4358372014902747 0.1991071829035091 0
1520 0.258534984629951 0.6394869267196472 0
1521 0.2654688415655717 0.2018084166830691 0
1522 0.6715761287854828 0.7906581015310075 0
1523 0.7713369033329887 0.8042265782392943 0
1524 0.8080485918999418 0.7899719572215864 0
1525 0.2969925162411521 0.7616312206242118 0
1526 0.7539830508837088 0.3727499613788885 0
1527 0.2065374185569529 0.2118721298269771 0
1528 0.3720164014181119 0.7655458260154201 0
1529 0.4823060742512952 0.2033370411576627 0
1530 0.5158241582618729 0.7751273114638807 0
1531 0.2611093361167039 0.6644164693737327 0
1532 0.6279309955914446 0.2349104642732176 0
1533 0.7746691463083594 0.4860122447377767 0
1534 0.7803844415452288 0.5571190588394849 0
1535 0.778417658373432 0.5337230186424835 0
1536 0.2204379424940159 0.4413354729030698 0
1537 0.2285073461352476 0.562036616798346 0
1538 0.2143962831981804 0.3727268267448856 0
1539 0.2699219846689176 0.7649214470056592 0
1540 0.4451533367594698 0.7707884508817995 0
1541 0.5545253991499459 0.2305175004969884 0
1542 0.628819659939462 0.7861175823573068 0
1543 0.2256277484470633 0.5128623800915196 0
1544 0.788452451391296 0.6478478870752986 0
1545 0.232763234922808 0.6118832296747939 0
1546 0.7956887390541487 0.7130533404177052 0
1547 0.1785090872162656 0.246726589471041 0
1548 0.3272316683408409 0.2096583637584162 0
1549 0.1718255916792621 0.2095560937311925 0
1550 0.1931630848175197 0.1945757790916336 0
1551 0.7750247178956144 0.4078661103520845 0
1552 0.5852154000975354 0.8040663996656846 0
1553 0.4134743398548992 0.1969254437744291 0
1554 0.2454858990915973 0.1992971734450316 0
1555 0.692259847611701 0.7930830037085785 0
1556 0.1832936690008412 0.2874671752544118 0
1557 0.7901114038158323 0.8068671290416635 0
1558 0.7308760370350171 0.2621612228542073 0
1559 0.2694176590222059 0.7377800190451096 0
1560 0.2468700336387623 0.4903340154528048 0
1561 0.5379370547287763 0.7546964536327984 0
1562 0.7580767924414411 0.5549944462053852 0
1563 0.7387422012965107 0.3993287446567027 0
1564 0.6502207104417999 0.7664356813368923 0
1565 0.7690103839173811 0.6695878678061546 0
1566 0.2024188450115074 0.2662006715117469 0
1567 0.7741697953473836 0.7135715274272534 0
1568 0.4363643582764528 0.2216983256768072 0
1569 0.737269863090696 0.330581396058948 0
1570 0.7121865620381163 0.306671461592724 0
1571 0.2513456075629592 0.5632295184911716 0
1572 0.3707599386760106 0.7422470401498745 0
1573 0.6301665256489769 0.2580000443013453 0
1574 0.255918883121687 0.6138257391579606 0
1575 0.7539268574240926 0.5081003811806056 0
1576 0.2365607827509828 0.3732741605211115 0
1577 0.2070883081661725 0.3074365260770025 0
1578 0.2914701550090368 0.7136106790425989 0
1579 0.706572436053659 0.2615130053750948 0
1580 0.2814723609464827 0.6408875586503759 0
1581 0.3194609911215101 0.7385875664097109 0
1582 0.2839550203021659 0.6652351674700496 0
1583 0.4833133661069426 0.226255018848134 0
1584 0.3959505226316379 0.7444534438845278 0
1585 0.6045989499711308 0.2562242340392565 0
1586 0.7522684084752168 0.4846808945401055 0
1587 0.242999088078724 0.4426512642419277 0
1588 0.2409017262272046 0.4192699040222343 0
1589 0.6785266245350652 0.2382276640699649 0
1590 0.5070543339780167 0.2280219634607919 0
1591 0.4446080993202239 0.7478201007767099 0
1592 0.2121574414798784 0.3505954638769196 0
1593 0.5552155661725091 0.2535459148634931 0
1594 0.4923816375114388 0.7733849934403996 0
1595 0.7863660253479982 0.6253588224444258 0
1596 0.3914208760214269 0.2169861696541374 0
1597 0.7132485998924514 0.7742122796077121 0
1598 0.6066829124052918 0.7839913020325137 0
1599 0.5618251016749429 0.7796446343404201 0
1600 0.2270317418608816 0.537323470233923 0
1601 0.3057274552940948 0.2286459239539136 0
1602 0.2288491646743918 0.2156886801298493 0
1603 0.2636789786780692 0.2227959593737072 0
1604 0.7667400967140505 0.4402606724074259 0
1605 0.782366232504026 0.5799648288556891 0
1606 0.798265898719895 0.7344557954127074 0
1607 0.7732531606158314 0.7842305087329986 0
1608 0.7539126256915607 0.7801672301566087 0
1609 0.3483671984200439 0.2121577494220502 0
1610 0.6926009194803656 0.7715252390567069 0
1611 0.1916990508970736 0.2219358452049617 0
1612 0.8057284093511512 0.7728026667647402 0
1613 0.2941154970477955 0.7381925319667675 0
1614 0.758172709976521 0.3572392981934462 0
1615 0.1851223413901833 0.2092615697069494 0
1616 0.7313740853710611 0.5065835449013433 0
1617 0.5561561716607933 0.2765456493079106 0
1618 0.2633898331284359 0.4203533576005787 0
1619 0.3695017570703047 0.2367457570094632 0
1620 0.4439349049155294 0.7248167374846192 0
1621 0.2842627316824441 0.2472250662155449 0
1622 0.3074396175074278 0.6428878152008733 0
1623 0.3697155533884081 0.7187188378918798 0
1624 0.7140792540221224 0.3287873457880687 0
1625 0.7131439115598122 0.7526743944465688 0
1626 0.6815419631887725 0.2609602880184299 0
1627 0.6068898431194313 0.2792652883903359 0
1628 0.2498533535705409 0.5386426494669641 0
1629 0.7765937690578362 0.7359467297348207 0
1630 0.560733562498157 0.7572170471139104 0
1631 0.4842539876869963 0.2491155329966302 0
1632 0.7644980372344142 0.624154388599809 0
1633 0.7602541472908356 0.5780534052035473 0
1634 0.2315320537105048 0.3285813895245488 0
1635 0.737141251232999 0.3524734668006218 0
1636 0.656080095322672 0.2596846122783657 0
1637 0.4597094220325623 0.2240270353644781 0
1638 0.2588007851149046 0.374087986711867 0
1639 0.2484325273879973 0.5144139349326839 0
1640 0.7799417425503075 0.7618543476528451 0
1641 0.2534133344355575 0.588211648946929 0
1642 0.2789341937257531 0.6142710282462629 0
1643 0.468169893975674 0.7490532753702416 0
1644 0.3010538995314324 0.664372949247067 0
1645 0.3174304481864877 0.7137939537837503 0
1646 0.5314657870014037 0.2524015752358018 0
1647 0.5148767876392594 0.7523630772657622 0
1648 0.4196574896031917 0.7232306020246143 0
1649 0.6281687230281662 0.7640884256930608 0
1650 0.771583945421347 0.6916025030119429 0
1651 0.7551241103459985 0.4205355088122039 0
1652 0.7512288040565287 0.4624151604391706 0
1653 0.7559599375413263 0.5316502879500353 0
1654 0.7552250234082263 0.7581416003151197 0
1655 0.766656845493344 0.6470227942826733 0
1656 0.3267927249771848 0.231412876129217 0
1657 0.2341563490322995 0.3508008934080972 0
1658 0.2450144476343392 0.4663792474978994 0
1659 0.6715440978805467 0.7689322388103534 0
1660 0.204501351996799 0.2866824113959903 0
1661 0.5843096466906466 0.781849566464332 0
1662 0.4136870285391766 0.2193420522113521 0
1663 0.7371185485033039 0.3736492698488105 0
1664 0.2030580176392067 0.2425832193240288 0
1665 0.2433456133710449 0.2190905868909824 0
1666 0.7094142079934564 0.2843209565306327 0
1667 0.792614000326895 0.774961492395753 0
1668 0.2191209454704136 0.226177415679292 0
1669 0.5599177341500333 0.7347085629712761 0
1670 0.7447416523692916 0.6462603422707258 0
1671 0.4428984274194999 0.7017120951627869 0
1672 0.2712387747234528 0.5154919009419177 0
1673 0.6493046472134784 0.7444975024227575 0
1674 0.2228106993600329 0.2658637881034667 0
1675 0.7357476945101787 0.5529495360277948 0
1676 0.5321353133068826 0.2753626516626553 0
1677 0.334588906965592 0.6460621691725124 0
1678 0.2285920516371192 0.3070957124406423 0
1679 0.72625381244147 0.4172884650253029 0
1680 0.4141230015608459 0.241795032076756 0
1681 0.4606911786937859 0.2467874678578978 0
1682 0.2626944986155262 0.244367089375304 0
1683 0.7525591866131518 0.7132170576330082 0
1684 0.6593385431997689 0.2824544965425901 0
1685 0.2761225970122409 0.5881954810763753 0
1686 0.6903124086287384 0.3279672354891094 0
1687 0.3948839937782191 0.7211695026972674 0
1688 0.3439081817696495 0.7157728458067474 0
1689 0.6332383849359122 0.2809115535463964 0
1690 0.581244674788761 0.2777868663135679 0
1691 0.2677321479715293 0.4676922573258346 0
1692 0.2611295442221465 0.3971566339281075 0
1693 0.7334832702456133 0.5298190173949727 0
1694 0.7623964237597661 0.6010874101206731 0
1695 0.7546352598709766 0.735468027682767 0
1696 0.6847132251268804 0.2834676373835637 0
1697 0.7148813407439734 0.3731664784596493 0
1698 0.4675493868093455 0.7260958028403678 0
1699 0.5833446045005544 0.7595796340103138 0
1700 0.6058087533322507 0.7618353701048565 0
1701 0.7148103537680494 0.3509594562464189 0
1702 0.491596204983119 0.7505280899775085 0
1703 0.5078425216347483 0.2509342447415462 0
1704 0.7298741503287554 0.4836341194316749 0
1705 0.5371634244711683 0.7320245372798195 0
1706 0.3052474318814839 0.2501300118677237 0
1707 0.2741170119899337 0.5633163196754523 0
1708 0.6921184329233745 0.7499379546562076 0
1709 0.7472054210898278 0.6690657014596858 0
1710 0.7511557012171077 0.4464140383104017 0
1711 0.2533556449568458 0.328882411115543 0
1712 0.2562350725225668 0.3513490615796315 0
1713 0.2656036373876837 0.4438531874093342 0
1714 0.3480156034829486 0.2341095919912318 0
1715 0.3915869073888634 0.2392947385050912 0
1716 0.7338426831397264 0.7553621861532761 0
1717 0.3153143663046143 0.6832718642666342 0
1718 0.2372807425754737 0.2415077343180851 0
1719 0.2211207588212732 0.2507701573452507 0
1720 0.7910297282337513 0.7882887985354851 0
1721 0.5331552756950547 0.2982849721481836 0
1722 0.7133766495902262 0.5514433875940957 0
1723 0.5593901105952745 0.7121456826652807 0
1724 0.2835248613348925 0.398010867940255 0
1725 0.3692238603652336 0.2589634150176511 0
1726 0.3287309274644587 0.630948509053338 0
1727 0.2751300911934289 0.329699835942208 0
1728 0.4667637062217146 0.703124450089637 0
1729 0.7253177634333831 0.6684872529729443 0
1730 0.7118142007443227 0.7312252457972199 0
1731 0.6100529045422136 0.3022027680342986 0
1732 0.284938843276699 0.2685665828681329 0
1733 0.3940290418774592 0.6978911112136283 0
1734 0.4616654168561298 0.2695315241392147 0
1735 0.7088260782231992 0.5056512965298704 0
1736 0.7297820686853079 0.461098463684587 0
1737 0.2882511507416982 0.4448210931544943 0
1738 0.2499216886896477 0.3073806426216442 0
1739 0.4185043352451482 0.6999855713331349 0
1740 0.6366818162822657 0.3036746068016937 0
1741 0.2696118299193823 0.4915994290048191 0
1742 0.43729807819962 0.2442941928731747 0
1743 0.7425331512604325 0.6229283657403482 0
1744 0.7380849379753487 0.5761915881559769 0
1745 0.3016924567634643 0.6124830476470039 0
1746 0.6049368814419031 0.7396105374908926 0
1747 0.6272049083864168 0.741982194129004 0
1748 0.3695795549361932 0.6950827396767463 0
1749 0.6917779697643162 0.3723276998082793 0
1750 0.6915865915825489 0.3501607669938035 0
1751 0.5579608374453202 0.2995056141926117 0
1752 0.5141726737600495 0.7295971771407519 0
1753 0.4909398914169685 0.7276656621864849 0
1754 0.4850741037644951 0.271910832304733 0
1755 0.5085586375832496 0.2738167058982599 0
1756 0.2726255803309003 0.5391970668028985 0
1757 0.3261347617787153 0.2530100047549337 0
1758 0.2783636859429224 0.3521692531162278 0
1759 0.2255671646043739 0.2862689114166754 0
1760 0.7499052779360853 0.6911851613215211 0
1761 0.7339096854875362 0.4361524305734797 0
1762 0.2430238599629411 0.2654553757084364 0
1763 0.6707818008334475 0.7471959714048494 0
1764 0.391846838041775 0.2616745109133577 0
1765 0.5825069498824036 0.7372137289051144 0
1766 0.7329197195273494 0.7335731834611861 0
1767 0.7123384774392073 0.3954844063213789 0
1768 0.6625989305533537 0.3048746411585818 0
1769 0.6875692614960256 0.3057760932208868 0
1770 0.3277478985206528 0.6597989103184245 0
1771 0.34472381887017 0.6909127602856595 0
1772 0.5352041623889826 0.32120115472157 0
1773 0.465563438407485 0.6801192405363039 0
1774 0.3684399098008064 0.2815046149756786 0
1775 0.2940201876870707 0.5158233687229196 0
1776 0.3237790903404132 0.6086284702925734 0
1777 0.6479200079053163 0.7225641379992472 0
1778 0.2970296235011647 0.330439396555227 0
1779 0.6136123182897055 0.3249939700910794 0
1780 0.6683031654408607 0.3717964064146535 0
1781 0.7074055365937839 0.4380380639093118 0
1782 0.4173250328738572 0.6767656772276021 0
1783 0.3482088517844008 0.6271405668677529 0
1784 0.4382527252713709 0.2668954536290745 0
1785 0.2904609184373713 0.4686794668602651 0
1786 0.715807130883925 0.5746963795903689 0
1787 0.4625755106814209 0.2922045453635773 0
1788 0.6894143575455872 0.3945281409401574 0
1789 0.7282013255531515 0.6903698968284911 0
1790 0.2709964740632702 0.3084375963316133 0
1791 0.6400145402861754 0.3262042983216714 0
1792 0.5837821331593638 0.3007790605099147 0
1793 0.41496322608688 0.2642806524498923 0
1794 0.7227269846306117 0.6455543985712918 0
1795 0.6262226208838284 0.7198146387056594 0
1796 0.5819437440815521 0.7147739629138907 0
1797 0.2810600535592801 0.3750055962656188 0
1798 0.6675056317225834 0.34949478450094 0
1799 0.2464067437383185 0.2865143933300662 0
1800 0.3934157175998564 0.6745728284915828 0
1801 0.5135404889655585 0.7068264873408457 0
1802 0.5365658202913863 0.7093897834580754 0
1803 0.485904859158028 0.2946767816866674 0
1804 0.2966988916545755 0.562543564421651 0
1805 0.7073143436456378 0.4830059582503797 0
1806 0.4902139420707681 0.704797608358588 0
1807 0.5094858865569356 0.2966720446775486 0
1808 0.3053091994407909 0.270695367677634 0
1809 0.6904896585421149 0.7285044936756985 0
1810 0.7110116658021434 0.5285658433423299 0
1811 0.7403325805252757 0.5995548956173866 0
1812 0.2858967670891129 0.4212387399447383 0
1813 0.2640264138912731 0.2663182760908673 0
1814 0.3473512845193309 0.2560069466608551 0
1815 0.7308741775890619 0.7118904967405364 0
1816 0.6652476174865886 0.3271641650411174 0
1817 0.298724691698284 0.5868645628165412 0
1818 0.3496541006972325 0.6475376405879013 0
1819 0.3477619697892975 0.6679619071219648 0
1820 0.6884872975247668 0.5278638397305956 0
1821 0.581661262094907 0.6922306117970158 0
1822 0.308436787572881 0.4219161326132274 0
1823 0.34552326213061 0.6054620578203028 0
1824 0.6466295641431686 0.7006121880832341 0
1825 0.70353802806289 0.6677923141650818 0
1826 0.718125141744415 0.5982743354260541 0
1827 0.5359373695568205 0.6866832395777689 0
1828 0.4891736053064469 0.6818839106982469 0
1829 0.4160387036516924 0.6535214231057516 0
1830 0.6665028977801732 0.3941193976239063 0
1831 0.3691968241440702 0.6270361623843973 0
1832 0.3455220330358508 0.2777455388076105 0
1833 0.6169798006114375 0.3477205198787582 0
1834 0.2921819434603151 0.3094359512395612 0
1835 0.6439875018870971 0.3712100224502088 0
1836 0.4157820597303989 0.2868229038849736 0
1837 0.4414759141415817 0.6785189791964925 0
1838 0.3006382567046523 0.3527616691549322 0
1839 0.2923826731486301 0.4923436529801539 0
1840 0.392212928284734 0.2842439881712781 0
1841 0.7203723540920285 0.6220197715395857 0
1842 0.3192633317903265 0.561291625254043 0
1843 0.3211093818644064 0.5848071962536591 0
1844 0.4392118813543385 0.2894970470032938 0
1845 0.2953648018759696 0.5390278338842542 0
1846 0.5607435666795891 0.3224620280562402 0
1847 0.7070888305375588 0.4603998848291962 0
1848 0.3108965719762812 0.4455723387094328 0
1849 0.6862636827754081 0.5053724672262927 0
1850 0.511032976371559 0.3195476726331761 0
1851 0.4636284337795045 0.3148659245021119 0
1852 0.3034527979051449 0.3755709189892555 0
1853 0.6909211465953268 0.5506785377121725 0
1854 0.642335719698637 0.3486715023595942 0
1855 0.6691771319327867 0.7255656210116901 0
1856 0.6042362981695737 0.7172546802851356 0
1857 0.2670841170562331 0.2876884852369164 0
1858 0.7091072429045191 0.4168293310164878 0
1859 0.3249061778632635 0.2734418081148099 0
1860 0.3702306779796909 0.6494491489153922 0
1861 0.7093485815879158 0.710004444336181 0
1862 0.370172625479997 0.6718789670093469 0
1863 0.2877885507778618 0.2891300312925825 0
1864 0.5870390695914744 0.3237052065013564 0
1865 0.6659191013257557 0.527853349463155 0
1866 0.5384840835417937 0.3441068585533312 0
1867 0.6431354974850511 0.3937454429459632 0
1868 0.3310697461757954 0.4223981389367714 0
1869 0.3926913177444623 0.3070605481054947 0
1870 0.3196829782398545 0.3298411451422877 0
1871 0.4637947621822308 0.6571200504609063 0
1872 0.6956681526597519 0.5974494034914585 0
1873 0.7006424834263397 0.6452559114974044 0
1874 0.4401644344768927 0.3121020325772805 0
1875 0.6039710721825289 0.6947555027439324 0
1876 0.6844843945465592 0.4384884103119612 0
1877 0.3675005090733898 0.6045755579837517 0
1878 0.6669533730346628 0.7041241140339397 0
1879 0.322995535197084 0.2879255420062272 0
1880 0.4398321581709148 0.6553963815419224 0
1881 0.5643481960356302 0.3454110353710083 0
1882 0.3131915722200931 0.4692662191134429 0
1883 0.6933170611100038 0.5738833396455895 0
1884 0.3418784865397334 0.5598945326835869 0
1885 0.6878781098263219 0.7074063789592362 0
1886 0.6189156842020783 0.3704354227604259 0
1887 0.5589376660847846 0.6894993011757773 0
1888 0.6846256705435658 0.4829859923481682 0
1889 0.5125889506532447 0.6840937467678504 0
1890 0.4873032030361787 0.3173955475719074 0
1891 0.3151642058730215 0.4925837191725166 0
1892 0.3233552129074508 0.3526460710553319 0
1893 0.3059790357177511 0.3986183238378037 0
1894 0.3386051284152541 0.3014022348457223 0
1895 0.3434692875445586 0.5828674588585377 0
1896 0.3914723698965551 0.6284456881239544 0
1897 0.6257810319541826 0.6974690014809968 0
1898 0.6866231598393779 0.4165514309465134 0
1899 0.3167487373138833 0.5154957982205454 0
1900 0.3180498995093659 0.5383068231128703 0
1901 0.3927278028230055 0.651494297403429 0
1902 0.7065356999212721 0.6889819749619017 0
1903 0.5905425396381514 0.3465932700502566 0
1904 0.3081776549792978 0.289223917762346 0
1905 0.5424941865022548 0.3670526099848591 0
1906 0.6042614733752157 0.6718288759309328 0
1907 0.4413708475437231 0.3347526084858794 0
1908 0.619330155375352 0.3931898764910316 0
1909 0.6728744135409349 0.5974390790670284 0
1910 0.3359280132768171 0.4694538254647334 0
1911 0.461708192807441 0.6341697400163827 0
1912 0.3899600201062947 0.6054404547817462 0
1913 0.5349914651645716 0.6639431978465563 0
1914 0.4875646673875381 0.6589956137163338 0
1915 0.328598125104737 0.3989132717409145 0
1916 0.6826128136611395 0.667677242915081 0
1917 0.3437170790663941 0.3284994142362545 0
1918 0.5680909472878692 0.3683581996348056 0
1919 0.3335754426438715 0.4459998682974687 0
1920 0.3677605314388107 0.3047576539162094 0
1921 0.6979790022728921 0.6216489663959652 0
1922 0.416593496295208 0.3094933882943224 0
1923 0.3379077287323987 0.4922943133407318 0
1924 0.3407540223659379 0.5372890170704459 0
1925 0.326124155582182 0.3756575392486942 0
1926 0.6840334125970329 0.460695580023605 0
1927 0.5815763629840111 0.6694170973225957 0
1928 0.6636888779373129 0.5055735980196782 0
1929 0.4653437967313607 0.3375608655451889 0
1930 0.5138179899614229 0.3423855297451773 0
1931 0.6683332376557934 0.5505377363157433 0
1932 0.4145132748226362 0.6303971781204472 0
1933 0.6472386707767269 0.6785968838244252 0
1934 0.6618261453891821 0.4387894513404829 0
1935 0.6639127728176315 0.4164537843262968 0
1936 0.3645520595950585 0.5589454102422994 0
1937 0.3659285584865 0.5819693704676789 0
1938 0.6854415206895406 0.6871022889648716 0
1939 0.5934790889738355 0.3694697218169939 0
1940 0.3140542955622866 0.3081502063617881 0
1941 0.6432890059428046 0.5283800808066385 0
1942 0.3586945375523896 0.4693744302050206 0
1943 0.5465160742832351 0.3899953886486328 0
1944 0.6046725036346426 0.6481392538767812 0
1945 0.4433186098010355 0.3575129152367486 0
1946 0.3514622772845016 0.3990084371051022 0
1947 0.3634890196792571 0.5364065942775064 0
1948 0.6751633718998594 0.6224487823828581 0
1949 0.4855606479902148 0.6361125666680841 0
1950 0.4128286287710498 0.6072488723904785 0
1951 0.6613019012966326 0.4610871026509195 0
1952 0.6787359825453764 0.6465954438841445 0
1953 0.3687327261553858 0.3285912187375343 0
1954 0.4176143727525085 0.3322146541221478 0
1955 0.571078682171612 0.3913042815719508 0
1956 0.6394504828228431 0.4389166668987953 0
1957 0.6411957093868047 0.4163085089662892 0
1958 0.5584174758978646 0.6667589509687926 0
1959 0.4379721350336094 0.6323444445294687 0
1960 0.5175010464271984 0.3652643006478273 0
1961 0.3467161518892729 0.3521914008227386 0
1962 0.5112519462226823 0.6613037013941149 0
1963 0.4896046201992038 0.3401385371825227 0
1964 0.6706506217240914 0.573754987031708 0
1965 0.3539221750905855 0.4227258575965761 0
1966 0.3394739339516589 0.5148135118843353 0
1967 0.6620993861634203 0.4833526118229103 0
1968 0.6266265727202659 0.6744124162519499 0
1969 0.3872626352758902 0.559187448255774 0
1970 0.3885387184275666 0.5825004742991829 0
1971 0.6659877020783092 0.6836446521962908 0
1972 0.5951735317737762 0.392355457951823 0
1973 0.5216505572295457 0.3881860972063409 0
1974 0.5494539379249314 0.4130661557622898 0
1975 0.4190723536282904 0.3550937431094485 0
1976 0.3862268176440363 0.5364010284294283 0
1977 0.6498235990659154 0.598303918888292 0
1978 0.4927665350751786 0.3629473093306721 0
1979 0.4594493024565358 0.6112716322998648 0
1980 0.4100047089014368 0.5607621001287535 0
1981 0.3706513901837545 0.352256399862607 0
1982 0.3747415516132903 0.3992919291494118 0
1983 0.5576820109738234 0.6438952646062451 0
1984 0.5095397117894002 0.6384602127778023 0
1985 0.4113097932645556 0.5841302120505569 0
1986 0.5727461520081584 0.4143120086600319 0
1987 0.6183960000555457 0.4159434517047035 0
1988 0.4680640282100301 0.3602998149342 0
1989 0.3563812502996768 0.4462605868642957 0
1990 0.4360403786140719 0.6092925574315381 0
1991 0.5813234351389489 0.6462129418993188 0
1992 0.3622333014242652 0.5141478495189754 0
1993 0.3934933848895948 0.3301828576620524 0
1994 0.6411791668720708 0.5060755713729549 0
1995 0.6389675579701414 0.4613768306185043 0
1996 0.3491967441044116 0.3755906134462578 0
1997 0.6456088951935295 0.5510734338033082 0
1998 0.627967386820973 0.6499061966047094 0
1999 0.3606311050217382 0.4918399805962462 0
2000 0.6682916768328004 0.6690704824981006 0
2001 0.5249621600206168 0.4113282781576047 0
2002 0.4089724377482279 0.5377013441569308 0
2003 0.6227493260280393 0.552068558904535 0
2004 0.6044034532485385 0.6238896867634779 0
2005 0.5506013439651115 0.4367865826021721 0
2006 0.4460119252284322 0.3805621493149355 0
2007 0.3793972980725103 0.4465304352446208 0
2008 0.4965388157526998 0.3858633138656443 0
2009 0.6517335996026027 0.6239991693502273 0
2010 0.4328183739250654 0.5630145491367722 0
2011 0.5335992028425047 0.6411358065141445 0
2012 0.3771037419692446 0.4230543492622496 0
2013 0.6549336079896673 0.6538409973417459 0
2014 0.45741562110297 0.5882965689777122 0
2015 0.3948598334147363 0.3533495082733707 0
2016 0.3726956965455223 0.3758035873086438 0
2017 0.5805440335347345 0.622724699332533 0
2018 0.3815810209705279 0.4693623237693532 0
2019 0.3849873073759354 0.5140744012746371 0
2020 0.5073726118639511 0.615621872457133 0
2021 0.4832672881655291 0.6133147685484143 0
2022 0.620634469277688 0.5292992236789548 0
2023 0.6173943951886905 0.4386887909600258 0
2024 0.6477998091834291 0.5744096918108383 0
2025 0.4343312278234912 0.5861755941091358 0
2026 0.6397170183713932 0.4837405485264683 0
2027 0.5955828056693386 0.4152357239450063 0
2028 0.4713412663155363 0.3832542314537399 0
2029 0.455843520194619 0.565290834501105 0
2030 0.5261144334265149 0.4354198999595369 0
2031 0.5995845385337327 0.553018555151312 0
2032 0.4487311711619614 0.4037883500118273 0
2033 0.4997003719967744 0.4090209115317415 0
2034 0.603138406118833 0.5997085854703177 0
2035 0.398688327874566 0.4001446954549926 0
2036 0.5318184811146006 0.6182574668563274 0
2037 0.4028892726607435 0.4470154467547794 0
2038 0.4077949330892805 0.5150504954744144 0
2039 0.5733089233924891 0.437508044500558 0
2040 0.5049632859245389 0.5928147575768566 0
2041 0.6247588448615771 0.5753858183521743 0
2042 0.481031414532086 0.5904883852646668 0
2043 0.5562556400265385 0.620707236290548 0
2044 0.6265287559080015 0.5993907163165991 0
2045 0.627877347352662 0.6244720434301673 0
2046 0.3967155356989114 0.3767385982721267 0
2047 0.4211837426421888 0.378405759488255 0
2048 0.6170576642506255 0.4613533788594781 0
2049 0.4317590269967429 0.5399252473774827 0
2050 0.6188316652506589 0.506619079109387 0
2051 0.3834252467129103 0.4918589440421225 0
2052 0.4742753004997738 0.4063803096865924 0
2053 0.5954120691930437 0.438159599257996 0
2054 0.4546016935406093 0.5422540763224865 0
2055 0.5244909827442874 0.4640185986812901 0
2056 0.4506322965670743 0.4269190038805616 0
2057 0.4047796930405813 0.4698645362691647 0
2058 0.6013234283773108 0.57615025332797 0
2059 0.5296135389771334 0.5952608690691349 0
2060 0.4234025099475658 0.4017626468996109 0
2061 0.5028418889484498 0.5699055774500769 0
2062 0.4758940779994035 0.4294455884047498 0
2063 0.5007108671382845 0.4326648406348895 0
2064 0.4009315253311017 0.4237774481652377 0
2065 0.4791951000116881 0.5675739384212324 0
2066 0.5790145751012359 0.5990865956109069 0
2067 0.430647733943935 0.5169206291530212 0
2068 0.5511013907295542 0.4611585210413171 0
2069 0.595389669048365 0.4610765082232449 0
2070 0.6176758114954599 0.4839565515363244 0
2071 0.597873601270585 0.5299660061182397 0
2072 0.4063847649247965 0.4925665609206414 0
2073 0.4535089505116764 0.5190898597288385 0
2074 0.5275482753651116 0.5721860391971713 0
2075 0.5758062337879242 0.5527313074571735 0
2076 0.4990702762635504 0.4558345686573251 0
2077 0.5334652107959605 0.4883181012033292 0
2078 0.5958170227463082 0.4839721017877253 0
2079 0.4295047846017061 0.4939592257213977 0
2080 0.4270407208806606 0.448063982512987 0
2081 0.5544447335954489 0.5974207428809944 0
2082 0.4254595726483654 0.4250745736827807 0
2083 0.5012495744198776 0.5462928288222683 0
2084 0.5772304383496553 0.5756337613637103 0
2085 0.5966403801990219 0.5069148197069845 0
2086 0.4777169982822149 0.5443803132038373 0
2087 0.5261018438134007 0.5481868997247662 0
2088 0.5114945171621597 0.4794638728329262 0
2089 0.5748631658271465 0.5296272585206612 0
2090 0.4526188076696426 0.4958549116381357 0
2091 0.4993443164872088 0.5218199239967622 0
2092 0.5744805217152271 0.5066529245728432 0
2093 0.4755864466259916 0.4523280756772927 0
2094 0.5528079743885316 0.4843890821989702 0
2095 0.4763738495957687 0.5209054314510375 0
2096 0.4283637972053163 0.4710454518515573 0
2097 0.5525995228449531 0.5740990394018524 0
2098 0.5741487642321058 0.483861798218314 0
2099 0.4514181147221288 0.4499014036678819 0
2100 0.5261226887014899 0.5193552194515059 0
2101 0.4964563533203331 0.4772531513023708 0
2102 0.5518614187030576 0.5272775434312454 0
2103 0.5160602705791065 0.4949648086395401 0
2104 0.4519565357206747 0.4728481778288811 0
2105 0.475299992194791 0.4977008981683309 0
2106 0.5533807716549752 0.5055866890796177 0
2107 0.551446793906552 0.5503636662093907 0
2108 0.5736404947729572 0.4608388971039054 0
2109 0.496930421990998 0.4982926568314803 0
2110 0.5383295702628197 0.5037772111264935 0
2111 0.474990699332777 0.4749781713465568 0
$EndNodes
$Elements
2202
1 1 2 1 1 1 5
2 1 2 1 1 5 6
3 1 2 1 1 6 7
4 1 2 1 1 7 8
5 1 2 1 1 8 9
6 1 2 1 1 9 10
7 1 2 1 1 10 11
8 1 2 1 1 11 12
9 1 2 1 1 12 13
10 1 2 1 1 13 14
11 1 2 1 1 14 15
12 1 2 1 1 15 16
13 1 2 1 1 16 17
14 1 2 1 1 17 18
15 1 2 1 1 18 19
16 1 2 1 1 19 20
17 1 2 1 1 20 21
18 1 2 1 1 21 22
19 1 2 1 1 22 23
20 1 2 1 1 23 24
21 1 2 1 1 24 25
22 1 2 1 1 25 26
23 1 2 1 1 26 27
24 1 2 1 1 27 28
25 1 2 1 1 28 29
26 1 2 1 1 29 30
27 1 2 1 1 30 31
28 1 2 1 1 31 32
29 1 2 1 1 32 33
30 1 2 1 1 33 34
31 1 2 1 1 34 35
32 1 2 1 1 35 36
33 1 2 1 1 36 37
34 1 2 1 1 37 38
35 1 2 1 1 38 39
36 1 2 1 1 39 40
37 1 2 1 1 40 41
38 1 2 1 1 41 42
39 1 2 1 1 42 43
40 1 2 1 1 43 44
41 1 2 1 1 44 45
42 1 2 1 1 45 46
43 1 2 1 1 46 47
44 1 2 1 1 47 48
45 1 2 1 1 48 49
46 1 2 1 1 49 2
47 1 2 2 2 2 50
48 1 2 2 2 50 51
49 1 2 2 2 51 52
50 1 2 2 2 52 53
51 1 2 2 2 53 54
52 1 2 2 2 54 55
53 1 2 2 2 55 56
54 1 2 2 2 56 57
55 1 2 2 2 57 58
56 1 2 2 2 58 59
57 1 2 2 2 59 60
58 1 2 2 2 60 61
59 1 2 2 2 61 62
60 1 2 2 2 62 63
61 1 2 2 2 63 64
62 1 2 2 2 64 65
63 1 2 2 2 65 66
64 1 2 2 2 66 67
65 1 2 2 2 67 68
66 1 2 2 2 68 69
67 1 2 2 2 69 70
68 1 2 2 2 70 71
69 1 2 2 2 71 72
70 1 2 2 2 72 73
71 1 2 2 2 73 74
72 1 2 2 2 74 75
73 1 2 2 2 75 76
74 1 2 2 2 76 77
75 1 2 2 2 77 78
76 1 2 2 2 78 79
77 1 2 2 2 79 80
78 1 2 2 2 80 81
79 1 2 2 2 81 82
80 1 2 2 2 82 83
81 1 2 2 2 83 84
82 1 2 2 2 84 85
83 1 2 2 2 85 86
84 1 2 2 2 86 87
85 1 2 2 2 87 88
86 1 2 2 2 88 89
87 1 2 2 2 89 90
88 1 2 2 2 90 91
89 1 2 2 2 91 92
90 1 2 2 2 92 93
91 1 2 2 2 93 94
92 1 2 2 2 94 3
93 1 2 3 3 3 95
94 1 2 3 3 95 96
95 1 2 3 3 96 97
96 1 2 3 3 97 98
97 1 2 3 3 98 99
98 1 2 3 3 99 100
99 1 2 3 3 100 101
100 1 2 3 3 101 102
101 1 2 3 3 102 103
102 1 2 3 3 103 104
103 1 2 3 3 104 105
104 1 2 3 3 105 106
105 1 2 3 3 106 107
106 1 2 3 3 107 108
107 1 2 3 3 108 109
108 1 2 3 3 109 110
109 1 2 3 3 110 111
110 1 2 3 3 111 112
111 1 2 3 3 112 113
112 1 2 3 3 113 114
113 1 2 3 3 114 115
114 1 2 3 3 115 116
115 1 2 3 3 116 117
116 1 2 3 3 117 118
117 1 2 3 3 118 119
118 1 2 3 3 119 120
119 1 2 3 3 120 121
120 1 2 3 3 121 122
121 1 2 3 3 122 123
122 1 2 3 3 123 124
123 1 2 3 3 124 125
124 1 2 3 3 125 126
125 1 2 3 3 126 127
126 1 2 3 3 127 128
127 1 2 3 3 128 129
128 1 2 3 3 129 130
129 1 2 3 3 130 131
130 1 2 3 3 131 132
131 1 2 3 3 132 133
132 1 2 3 3 133 134
133 1 2 3 3 134 135
134 1 2 3 3 135 136
135 1 2 3 3 136 137
136 1 2 3 3 137 138
137 1 2 3 3 138 139
138 1 2 3 3 139 4
139 1 2 4 4 4 140
140 1 2 4 4 140 141
141 1 2 4 4 141 142
142 1 2 4 4 142 143
143 1 2 4 4 143 144
144 1 2 4 4 144 145
145 1 2 4 4 145 146
146 1 2 4 4 146 147
147 1 2 4 4 147 148
148 1 2 4 4 148 149
149 1 2 4 4 149 150
150 1 2 4 4 150 151
151 1 2 4 4 151 152
152 1 2 4 4 152 153
153 1 2 4 4 153 154
154 1 2 4 4 154 155
155 1 2 4 4 155 156
156 1 2 4 4 156 157
157 1 2 4 4 157 158
158 1 2 4 4 158 159
159 1 2 4 4 159 160
160 1 2 4 4 160 161
161 1 2 4 4 161 162
162 1 2 4 4 162 163
163 1 2 4 4 163 164
164 1 2 4 4 164 165
165 1 2 4 4 165 166
166 1 2 4 4 166 167
167 1 2 4 4 167 168
168 1 2 4 4 168 169
169 1 2 4 4 169 170
170 1 2 4 4 170 171
171 1 2 4 4 171 172
172 1 2 4 4 172 173
173 1 2 4 4 173 174
174 1 2 4 4 174 175
175 1 2 4 4 175 176
176 1 2 4 4 176 177
177 1 2 4 4 177 178
178 1 2 4 4 178 179
179 1 2 4 4 179 180
180 1 2 4 4 180 181
181 1 2 4 4 181 182
182 1 2 4 4 182 183
183 1 2 4 4 183 184
184 1 2 4 4 184 1
185 3 2 5 1 1320 1230 1282 1304
186 3 2 5 1 1319 1231 1283 1310
187 3 2 5 1 1286 1155 1144 1230
188 3 2 5 1 1287 1156 1145 1231
189 3 2 5 1 1369 1460 1311 1219
190 3 2 5 1 1420 1310 1297 1370
191 3 2 5 1 702 786 704 604
192 3 2 5 1 701 787 703 603
193 3 2 5 1 1371 1304 1357 1426
194 3 2 5 1 1230 1144 1157 1282
195 3 2 5 1 1231 1145 1158 1283
196 3 2 5 1 2106 2102 2100 2110
197 3 2 5 1 1081 1144 1155 1061
198 3 2 5 1 1442 1528 1386 1374
199 3 2 5 1 1082 1145 1156 1062
200 3 2 5 1 1623 1687 1584 1572
201 3 2 5 1 1458 1426 1368 1443
202 3 2 5 1 1218 1312 1159 1079
203 3 2 5 1 1219 1311 1160 1080
204 3 2 5 1 1310 1283 1222 1297
205 3 2 5 1 1304 1282 1221 1357
206 3 2 5 1 1689 1684 1768 1740
207 3 2 5 1 1886 1939 1903 1833
208 3 2 5 1 1833 1903 1864 1779
209 3 2 5 1 1688 1645 1717 1771
210 3 2 5 1 1426 1357 1295 1368
211 3 2 5 1 1582 1531 1520 1580
212 3 2 5 1 1972 1955 1918 1939
213 3 2 5 1 1792 1731 1779 1864
214 3 2 5 1 1939 1918 1881 1903
215 3 2 5 1 2074 2097 2081 2059
216 3 2 5 1 1791 1779 1731 1740
217 3 2 5 1 1986 1974 1943 1955
218 3 2 5 1 1731 1792 1690 1627
219 3 2 5 1 1531 1462 1456 1520
220 3 2 5 1 1955 1943 1905 1918
221 3 2 5 1 1903 1881 1846 1864
222 3 2 5 1 915 916 991 1043
223 3 2 5 1 1918 1905 1866 1881
224 3 2 5 1 1939 1886 1908 1972
225 3 2 5 1 917 918 992 1044
226 3 2 5 1 1636 1626 1696 1684
227 3 2 5 1 1848 1919 1910 1882
228 3 2 5 1 1691 1785 1839 1741
229 3 2 5 1 805 880 1003 892
230 3 2 5 1 2006 2028 2052 2032
231 3 2 5 1 2076 2093 2062 2063
232 3 2 5 1 2032 2052 2062 2056
233 3 2 5 1 1988 1978 2008 2028
234 3 2 5 1 2033 2052 2028 2008
235 3 2 5 1 2063 2062 2052 2033
236 3 2 5 1 2060 2082 2064 2035
237 3 2 5 1 1284 1153 871 995
238 3 2 5 1 2059 2081 2043 2036
239 3 2 5 1 1285 1154 872 994
240 3 2 5 1 1965 2012 2007 1989
241 3 2 5 1 1779 1791 1854 1833
242 3 2 5 1 1447 1390 1313 1459
243 3 2 5 1 2106 2092 2089 2102
244 3 2 5 1 2056 2099 2080 2082
245 3 2 5 1 1179 1313 1390 1240
246 3 2 5 1 1729 1825 1873 1794
247 3 2 5 1 881 1063 1085 999
248 3 2 5 1 1717 1645 1578 1512
249 3 2 5 1 1465 1392 1314 1448
250 3 2 5 1 1181 1314 1392 1241
251 3 2 5 1 1045 897 875 984
252 3 2 5 1 1046 898 874 985
253 3 2 5 1 882 1064 1086 998
254 3 2 5 1 1826 1872 1883 1786
255 3 2 5 1 1980 2010 2025 1985
256 3 2 5 1 984 1125 1208 1045
257 3 2 5 1 985 1126 1207 1046
258 3 2 5 1 2111 2105 2090 2104
259 3 2 5 1 893 889 1045 989
260 3 2 5 1 894 890 1046 990
261 3 2 5 1 1466 1372 1450 1393
262 3 2 5 1 688 705 606 496
263 3 2 5 1 1740 1768 1816 1791
264 3 2 5 1 687 707 605 494
265 3 2 5 1 1230 1320 1343 1286
266 3 2 5 1 1953 1981 1961 1917
267 3 2 5 1 1231 1319 1345 1287
268 3 2 5 1 1641 1440 1537 1571
269 3 2 5 1 897 692 808 875
270 3 2 5 1 898 691 809 874
271 3 2 5 1 1674 1762 1799 1759
272 3 2 5 1 816 817 899 1000
273 3 2 5 1 2071 2031 2075 2089
274 3 2 5 1 2093 2111 2104 2099
275 3 2 5 1 820 821 900 1001
276 3 2 5 1 2015 1981 1953 1993
277 3 2 5 1 1341 1226 1372 1466
278 3 2 5 1 1684 1696 1769 1768
279 3 2 5 1 1391 1425 1301 1424
280 3 2 5 1 1831 1783 1823 1877
281 3 2 5 1 2040 2042 2065 2061
282 3 2 5 1 897 1045 889 901
283 3 2 5 1 898 1046 890 902
284 3 2 5 1 2044 2045 2004 2034
285 3 2 5 1 1769 1686 1816 1768
286 3 2 5 1 1365 1612 1506 1453
287 3 2 5 1 1640 1629 1606 1506
288 3 2 5 1 1343 1077 1208 1286
289 3 2 5 1 1345 1078 1207 1287
290 3 2 5 1 705 688 810 782
291 3 2 5 1 1002 977 1066 1165
292 3 2 5 1 707 687 811 783
293 3 2 5 1 1469 1424 1496 1550
294 3 2 5 1 1771 1819 1862 1748
295 3 2 5 1 1242 1228 1303 1394
296 3 2 5 1 626 512 406 607
297 3 2 5 1 627 513 408 608
298 3 2 5 1 1177 1355 1278 1183
299 3 2 5 1 1896 1932 1829 1901
300 3 2 5 1 1358 1279 1341 1466
301 3 2 5 1 1558 1455 1427 1420
302 3 2 5 1 1124 987 929 781
303 3 2 5 1 1123 986 930 784
304 3 2 5 1 2108 2098 2094 2068
305 3 2 5 1 1739 1733 1800 1782
306 3 2 5 1 1837 1782 1829 1880
307 3 2 5 1 806 786 901 889
308 3 2 5 1 807 787 902 890
309 3 2 5 1 2010 1980 2002 2049
310 3 2 5 1 2051 2019 1992 1999
311 3 2 5 1 1578 1613 1559 1458
312 3 2 5 1 1981 2016 1996 1961
313 3 2 5 1 1243 1229 1302 1395
314 3 2 5 1 1004 978 1065 1166
315 3 2 5 1 1783 1818 1677 1726
316 3 2 5 1 1718 1665 1603 1682
317 3 2 5 1 1717 1770 1819 1771
318 3 2 5 1 2029 2010 2049 2054
319 3 2 5 1 1152 1111 965 1059
320 3 2 5 1 1394 1303 1376 1446
321 3 2 5 1 2013 1933 1968 1998
322 3 2 5 1 1522 1493 1367 1435
323 3 2 5 1 1932 1896 1912 1950
324 3 2 5 1 598 812 814 717
325 3 2 5 1 1521 1438 1503 1603
326 3 2 5 1 1908 1987 2027 1972
327 3 2 5 1 597 813 815 718
328 3 2 5 1 1879 1859 1832 1894
329 3 2 5 1 1687 1623 1748 1733
330 3 2 5 1 2053 2027 1987 2023
331 3 2 5 1 1900 1924 1884 1842
332 3 2 5 1 1155 1286 1208 1125
333 3 2 5 1 1156 1287 1207 1126
334 3 2 5 1 1148 1110 962 1053
335 3 2 5 1 2100 2103 2077 2110
336 3 2 5 1 1151 1119 972 1115
337 3 2 5 1 1950 1912 1970 1985
338 3 2 5 1 888 739 858 953
339 3 2 5 1 953 858 740 780
340 3 2 5 1 2109 2105 2111 2101
341 3 2 5 1 1581 1613 1578 1645
342 3 2 5 1 1833 1854 1835 1886
343 3 2 5 1 1873 1921 1841 1794
344 3 2 5 1 1528 1442 1511 1572
345 3 2 5 1 1395 1302 1377 1457
346 3 2 5 1 390 516 324 201
347 3 2 5 1 391 517 325 202
348 3 2 5 1 411 625 638 521
349 3 2 5 1 410 624 639 520
350 3 2 5 1 817 816 720 628
351 3 2 5 1 2060 2035 2046 2047
352 3 2 5 1 1035 885 853 695
353 3 2 5 1 1981 2015 2046 2016
354 3 2 5 1 640 818 792 719
355 3 2 5 1 998 792 818 882
356 3 2 5 1 1040 947 803 869
357 3 2 5 1 717 523 395 598
358 3 2 5 1 718 522 394 597
359 3 2 5 1 955 993 944 788
360 3 2 5 1 1372 1226 1351 1421
361 3 2 5 1 1767 1697 1663 1563
362 3 2 5 1 641 819 793 721
363 3 2 5 1 1862 1819 1818 1860
364 3 2 5 1 1468 1595 1507 1467
365 3 2 5 1 999 793 819 881
366 3 2 5 1 2047 2046 2015 1975
367 3 2 5 1 821 820 722 629
368 3 2 5 1 2039 1986 2027 2053
369 3 2 5 1 1121 927 1042 1087
370 3 2 5 1 1899 1900 1845 1775
371 3 2 5 1 887 855 758 852
372 3 2 5 1 1759 1799 1738 1678
373 3 2 5 1 1312 1218 1294 1374
374 3 2 5 1 2103 2100 2091 2109
375 3 2 5 1 406 320 229 430
376 3 2 5 1 408 321 230 431
377 3 2 5 1 628 720 527 414
378 3 2 5 1 886 854 757 772
379 3 2 5 1 1654 1716 1766 1695
380 3 2 5 1 719 525 441 640
381 3 2 5 1 1550 1496 1373 1441
382 3 2 5 1 2100 2087 2083 2091
383 3 2 5 1 1914 1871 1911 1949
384 3 2 5 1 2056 2082 2060 2032
385 3 2 5 1 721 524 440 641
386 3 2 5 1 757 663 553 583
387 3 2 5 1 758 666 557 584
388 3 2 5 1 2031 2058 2084 2075
389 3 2 5 1 629 722 526 412
390 3 2 5 1 796 981 1008 908
391 3 2 5 1 1105 1041 988 1060
392 3 2 5 1 2109 2101 2088 2103
393 3 2 5 1 2076 2101 2111 2093
394 3 2 5 1 993 891 785 973
395 3 2 5 1 1061 1155 1125 984
396 3 2 5 1 1319 1298 1225 1345
397 3 2 5 1 1062 1156 1126 985
398 3 2 5 1 438 322 197 428
399 3 2 5 1 439 323 198 429
400 3 2 5 1 2082 2080 2037 2064
401 3 2 5 1 2089 2092 2085 2071
402 3 2 5 1 520 328 233 410
403 3 2 5 1 521 329 234 411
404 3 2 5 1 2090 2079 2096 2104
405 3 2 5 1 1814 1725 1774 1832
406 3 2 5 1 1088 1149 979 1031
407 3 2 5 1 1304 1371 1497 1320
408 3 2 5 1 725 599 790 909
409 3 2 5 1 522 330 247 394
410 3 2 5 1 523 331 248 395
411 3 2 5 1 1310 1420 1427 1319
412 3 2 5 1 723 528 482 579
413 3 2 5 1 965 779 950 1037
414 3 2 5 1 1921 1948 1909 1872
415 3 2 5 1 640 441 287 528
416 3 2 5 1 524 332 189 440
417 3 2 5 1 1992 1947 1924 1966
418 3 2 5 1 2016 2046 2035 1982
419 3 2 5 1 525 333 190 441
420 3 2 5 1 227 140 141 311
421 3 2 5 1 228 50 51 310
422 3 2 5 1 1589 1516 1579 1626
423 3 2 5 1 641 440 286 509
424 3 2 5 1 901 823 692 897
425 3 2 5 1 1298 1248 1057 1225
426 3 2 5 1 902 824 691 898
427 3 2 5 1 1516 1589 1369 1471
428 3 2 5 1 1518 1377 1488 1541
429 3 2 5 1 701 603 507 622
430 3 2 5 1 702 604 508 623
431 3 2 5 1 1496 1227 1356 1373
432 3 2 5 1 599 725 530 393
433 3 2 5 1 1887 1827 1913 1958
434 3 2 5 1 1793 1784 1844 1836
435 3 2 5 1 2034 2066 2084 2058
436 3 2 5 1 1875 1856 1796 1821
437 3 2 5 1 1539 1384 1320 1497
438 3 2 5 1 1592 1657 1576 1538
439 3 2 5 1 1874 1922 1836 1844
440 3 2 5 1 1537 1440 1378 1465
441 3 2 5 1 991 1055 1171 1043
442 3 2 5 1 1370 1445 1558 1420
443 3 2 5 1 2019 1976 1947 1992
444 3 2 5 1 1175 973 1121 1134
445 3 2 5 1 855 556 666 758
446 3 2 5 1 1753 1702 1643 1698
447 3 2 5 1 1541 1488 1383 1433
448 3 2 5 1 1426 1458 1559 1371
449 3 2 5 1 788 944 751 596
450 3 2 5 1 1319 1427 1455 1298
451 3 2 5 1 1812 1737 1713 1618
452 3 2 5 1 854 552 663 757
453 3 2 5 1 1459 1514 1604 1447
454 3 2 5 1 1799 1857 1790 1738
455 3 2 5 1 1517 1376 1487 1540
456 3 2 5 1 1591 1643 1517 1540
457 3 2 5 1 895 727 715 776
458 3 2 5 1 310 309 253 228
459 3 2 5 1 311 308 254 227
460 3 2 5 1 426 217 256 302
461 3 2 5 1 427 218 255 303
462 3 2 5 1 1637 1583 1631 1681
463 3 2 5 1 2018 2051 1999 1942
464 3 2 5 1 1460 1369 1589 1510
465 3 2 5 1 1580 1622 1644 1582
466 3 2 5 1 2095 2086 2054 2073
467 3 2 5 1 1130 1273 1070 1116
468 3 2 5 1 896 728 716 778
469 3 2 5 1 1901 1860 1831 1896
470 3 2 5 1 1083 912 904 964
471 3 2 5 1 992 1057 1172 1044
472 3 2 5 1 759 657 499 593
473 3 2 5 1 760 658 498 594
474 3 2 5 1 1092 1008 981 1089
475 3 2 5 1 1041 840 888 988
476 3 2 5 1 1538 1576 1499 1432
477 3 2 5 1 1084 913 903 963
478 3 2 5 1 1523 1494 1422 1451
479 3 2 5 1 673 489 586 742
480 3 2 5 1 672 488 585 740
481 3 2 5 1 1922 1874 1907 1954
482 3 2 5 1 1342 1262 1141 1213
483 3 2 5 1 1233 1173 1068 1246
484 3 2 5 1 2021 1979 2014 2042
485 3 2 5 1 1529 1457 1590 1583
486 3 2 5 1 1443 1512 1578 1458
487 3 2 5 1 910 826 730 905
488 3 2 5 1 813 904 912 815
489 3 2 5 1 312 54 55 205
490 3 2 5 1 313 144 145 206
491 3 2 5 1 50 228 49 2
492 3 2 5 1 140 227 139 4
493 3 2 5 1 320 56 57 229
494 3 2 5 1 321 146 147 230
495 3 2 5 1 322 59 60 197
496 3 2 5 1 323 149 150 198
497 3 2 5 1 328 61 62 233
498 3 2 5 1 329 151 152 234
499 3 2 5 1 2022 2050 1994 1941
500 3 2 5 1 330 63 64 247
501 3 2 5 1 331 153 154 248
502 3 2 5 1 2050 2022 2071 2085
503 3 2 5 1 332 65 66 189
504 3 2 5 1 333 155 156 190
505 3 2 5 1 812 903 913 814
506 3 2 5 1 1742 1681 1734 1784
507 3 2 5 1 440 189 261 286
508 3 2 5 1 625 715 727 638
509 3 2 5 1 441 190 262 287
510 3 2 5 1 529 392 600 726
511 3 2 5 1 1012 1061 984 875
512 3 2 5 1 316 253 309 404
513 3 2 5 1 317 254 308 405
514 3 2 5 1 1871 1880 1959 1911
515 3 2 5 1 1013 1062 985 874
516 3 2 5 1 516 444 231 324
517 3 2 5 1 517 445 232 325
518 3 2 5 1 624 716 728 639
519 3 2 5 1 219 434 442 338
520 3 2 5 1 1149 1177 1124 979
521 3 2 5 1 220 435 443 339
522 3 2 5 1 726 600 791 911
523 3 2 5 1 831 705 782 916
524 3 2 5 1 326 259 292 413
525 3 2 5 1 327 260 293 415
526 3 2 5 1 643 442 434 481
527 3 2 5 1 404 510 209 316
528 3 2 5 1 405 511 210 317
529 3 2 5 1 402 518 245 314
530 3 2 5 1 403 519 246 315
531 3 2 5 1 608 808 692 627
532 3 2 5 1 607 809 691 626
533 3 2 5 1 2019 2038 2002 1976
534 3 2 5 1 1056 968 1109 1194
535 3 2 5 1 595 750 560 500
536 3 2 5 1 596 751 559 501
537 3 2 5 1 711 535 492 590
538 3 2 5 1 712 536 493 589
539 3 2 5 1 428 492 535 438
540 3 2 5 1 429 493 536 439
541 3 2 5 1 623 506 823 702
542 3 2 5 1 622 505 824 701
543 3 2 5 1 1332 1477 1449 1397
544 3 2 5 1 832 707 783 918
545 3 2 5 1 1513 1569 1505 1444
546 3 2 5 1 1644 1717 1512 1582
547 3 2 5 1 338 68 69 219
548 3 2 5 1 339 158 159 220
549 3 2 5 1 1054 967 1108 1192
550 3 2 5 1 1010 1043 1171 1079
551 3 2 5 1 601 636 436 518
552 3 2 5 1 602 637 437 519
553 3 2 5 1 1148 1053 1129 1238
554 3 2 5 1 618 699 595 500
555 3 2 5 1 605 620 444 516
556 3 2 5 1 606 621 445 517
557 3 2 5 1 1461 1446 1594 1530
558 3 2 5 1 1699 1630 1669 1765
559 3 2 5 1 786 702 823 901
560 3 2 5 1 787 701 824 902
561 3 2 5 1 993 1088 1031 944
562 3 2 5 1 1011 1044 1172 1080
563 3 2 5 1 1512 1443 1531 1582
564 3 2 5 1 396 609 729 532
565 3 2 5 1 516 390 494 605
566 3 2 5 1 517 391 496 606
567 3 2 5 1 1480 1380 1336 1245
568 3 2 5 1 1632 1743 1811 1694
569 3 2 5 1 603 703 402 510
570 3 2 5 1 604 704 403 511
571 3 2 5 1 2026 2070 2048 1995
572 3 2 5 1 938 781 653 749
573 3 2 5 1 515 415 491 630
574 3 2 5 1 939 784 652 748
575 3 2 5 1 460 360 277 290
576 3 2 5 1 463 361 278 291
577 3 2 5 1 422 377 282 297
578 3 2 5 1 425 376 281 296
579 3 2 5 1 1030 877 957 1071
580 3 2 5 1 270 306 183 184
581 3 2 5 1 512 205 320 406
582 3 2 5 1 513 206 321 408
583 3 2 5 1 302 256 312 407
584 3 2 5 1 303 255 313 409
585 3 2 5 1 514 413 490 633
586 3 2 5 1 436 390 201 318
587 3 2 5 1 437 391 202 319
588 3 2 5 1 1826 1811 1743 1841
589 3 2 5 1 534 621 831 706
590 3 2 5 1 1320 1384 1224 1343
591 3 2 5 1 851 682 487 655
592 3 2 5 1 786 806 602 704
593 3 2 5 1 294 257 322 438
594 3 2 5 1 787 807 601 703
595 3 2 5 1 1463 1513 1444 1389
596 3 2 5 1 295 258 323 439
597 3 2 5 1 1755 1703 1646 1676
598 3 2 5 1 309 310 217 426
599 3 2 5 1 308 311 218 427
600 3 2 5 1 566 389 488 672
601 3 2 5 1 565 388 489 673
602 3 2 5 1 1143 1094 1014 1167
603 3 2 5 1 713 688 496 637
604 3 2 5 1 495 430 294 634
605 3 2 5 1 497 431 295 635
606 3 2 5 1 809 607 495 685
607 3 2 5 1 714 687 494 636
608 3 2 5 1 808 608 497 686
609 3 2 5 1 1626 1636 1510 1589
610 3 2 5 1 533 620 832 708
611 3 2 5 1 622 302 407 505
612 3 2 5 1 623 303 409 506
613 3 2 5 1 889 893 713 806
614 3 2 5 1 1955 1972 2027 1986
615 3 2 5 1 205 512 407 312
616 3 2 5 1 206 513 409 313
617 3 2 5 1 890 894 714 807
618 3 2 5 1 428 197 328 520
619 3 2 5 1 429 198 329 521
620 3 2 5 1 531 344 264 397
621 3 2 5 1 532 343 263 396
622 3 2 5 1 916 915 706 831
623 3 2 5 1 1397 1449 1407 1323
624 3 2 5 1 1930 1866 1905 1960
625 3 2 5 1 1783 1726 1776 1823
626 3 2 5 1 1144 1081 1024 1157
627 3 2 5 1 413 514 193 326
628 3 2 5 1 415 515 194 327
629 3 2 5 1 2048 2069 2053 2023
630 3 2 5 1 645 581 538 433
631 3 2 5 1 1762 1813 1857 1799
632 3 2 5 1 1455 1398 1248 1298
633 3 2 5 1 1145 1082 1026 1158
634 3 2 5 1 71 264 344 70
635 3 2 5 1 161 263 343 160
636 3 2 5 1 1532 1510 1636 1573
637 3 2 5 1 410 233 330 522
638 3 2 5 1 411 234 331 523
639 3 2 5 1 1443 1368 1462 1531
640 3 2 5 1 634 294 438 535
641 3 2 5 1 1489 1405 1464 1519
642 3 2 5 1 635 295 439 536
643 3 2 5 1 989 995 810 893
644 3 2 5 1 2039 2053 2069 2108
645 3 2 5 1 502 543 289 475
646 3 2 5 1 918 917 708 832
647 3 2 5 1 990 994 811 894
648 3 2 5 1 1960 1905 1943 1973
649 3 2 5 1 1539 1470 1325 1384
650 3 2 5 1 166 221 354 165
651 3 2 5 1 76 222 355 75
652 3 2 5 1 173 241 366 172
653 3 2 5 1 83 242 367 82
654 3 2 5 1 92 225 381 91
655 3 2 5 1 182 226 380 181
656 3 2 5 1 90 211 375 89
657 3 2 5 1 180 212 374 179
658 3 2 5 1 85 268 369 84
659 3 2 5 1 175 267 368 174
660 3 2 5 1 87 204 371 86
661 3 2 5 1 177 203 370 176
662 3 2 5 1 78 240 357 77
663 3 2 5 1 168 239 356 167
664 3 2 5 1 253 48 49 228
665 3 2 5 1 254 138 139 227
666 3 2 5 1 318 43 44 245
667 3 2 5 1 319 133 134 246
668 3 2 5 1 255 218 142 143
669 3 2 5 1 256 217 52 53
670 3 2 5 1 316 47 48 253
671 3 2 5 1 317 137 138 254
672 3 2 5 1 324 41 42 201
673 3 2 5 1 325 131 132 202
674 3 2 5 1 314 45 46 209
675 3 2 5 1 315 135 136 210
676 3 2 5 1 257 229 57 58
677 3 2 5 1 258 230 147 148
678 3 2 5 1 259 39 40 231
679 3 2 5 1 260 129 130 232
680 3 2 5 1 326 38 39 259
681 3 2 5 1 327 128 129 260
682 3 2 5 1 334 36 37 193
683 3 2 5 1 335 126 127 194
684 3 2 5 1 81 196 359 80
685 3 2 5 1 171 195 358 170
686 3 2 5 1 1445 1370 1444 1505
687 3 2 5 1 261 189 66 67
688 3 2 5 1 262 190 156 157
689 3 2 5 1 1043 1010 827 915
690 3 2 5 1 270 307 478 306
691 3 2 5 1 1423 1556 1454 1339
692 3 2 5 1 394 247 332 524
693 3 2 5 1 1061 1012 921 1081
694 3 2 5 1 395 248 333 525
695 3 2 5 1 1036 1076 1197 976
696 3 2 5 1 1044 1011 828 917
697 3 2 5 1 1399 1614 1513 1463
698 3 2 5 1 1463 1326 1263 1399
699 3 2 5 1 1062 1013 922 1082
700 3 2 5 1 885 1196 1103 1022
701 3 2 5 1 1974 2001 1973 1943
702 3 2 5 1 397 642 644 531
703 3 2 5 1 1379 1327 1265 1403
704 3 2 5 1 1684 1689 1573 1636
705 3 2 5 1 336 34 35 235
706 3 2 5 1 337 124 125 236
707 3 2 5 1 412 526 235 334
708 3 2 5 1 414 527 236 335
709 3 2 5 1 642 830 730 644
710 3 2 5 1 535 711 837 634
711 3 2 5 1 536 712 836 635
712 3 2 5 1 481 826 679 643
713 3 2 5 1 1274 1133 1214 1307
714 3 2 5 1 1974 1986 2039 2005
715 3 2 5 1 630 628 414 515
716 3 2 5 1 823 506 627 692
717 3 2 5 1 824 505 626 691
718 3 2 5 1 748 652 399 568
719 3 2 5 1 749 653 398 567
720 3 2 5 1 979 1124 781 938
721 3 2 5 1 478 480 226 306
722 3 2 5 1 435 610 482 443
723 3 2 5 1 54 312 256 53
724 3 2 5 1 144 313 255 143
725 3 2 5 1 56 320 205 55
726 3 2 5 1 146 321 206 145
727 3 2 5 1 59 322 257 58
728 3 2 5 1 149 323 258 148
729 3 2 5 1 1137 1317 1216 1161
730 3 2 5 1 163 187 350 162
731 3 2 5 1 61 328 197 60
732 3 2 5 1 151 329 198 150
733 3 2 5 1 73 188 351 72
734 3 2 5 1 1376 1517 1594 1446
735 3 2 5 1 870 1035 695 850
736 3 2 5 1 1466 1428 1239 1358
737 3 2 5 1 1283 1158 1056 1222
738 3 2 5 1 63 330 233 62
739 3 2 5 1 153 331 234 152
740 3 2 5 1 65 332 247 64
741 3 2 5 1 155 333 248 154
742 3 2 5 1 1282 1157 1054 1221
743 3 2 5 1 993 955 760 891
744 3 2 5 1 1161 1216 1263 1176
745 3 2 5 1 500 560 299 477
746 3 2 5 1 501 559 298 476
747 3 2 5 1 816 790 599 720
748 3 2 5 1 1080 1160 868 1011
749 3 2 5 1 976 1123 784 939
750 3 2 5 1 1079 1159 867 1010
751 3 2 5 1 1012 686 836 921
752 3 2 5 1 2005 2030 2001 1974
753 3 2 5 1 964 1161 1176 1083
754 3 2 5 1 1970 1912 1877 1937
755 3 2 5 1 1248 1398 1471 1324
756 3 2 5 1 1950 1990 1959 1932
757 3 2 5 1 1344 1256 1142 1212
758 3 2 5 1 655 487 288 474
759 3 2 5 1 1013 685 837 922
760 3 2 5 1 647 829 919 732
761 3 2 5 1 1660 1759 1678 1577
762 3 2 5 1 257 294 430 229
763 3 2 5 1 258 295 431 230
764 3 2 5 1 633 629 412 514
765 3 2 5 1 259 231 444 292
766 3 2 5 1 260 232 445 293
767 3 2 5 1 1829 1932 1959 1880
768 3 2 5 1 340 32 33 249
769 3 2 5 1 341 122 123 250
770 3 2 5 1 1539 1525 1385 1470
771 3 2 5 1 25 26 348 237
772 3 2 5 1 115 116 349 238
773 3 2 5 1 1057 1248 1324 1172
774 3 2 5 1 1964 1931 1853 1883
775 3 2 5 1 1569 1513 1614 1635
776 3 2 5 1 1384 1325 1055 1224
777 3 2 5 1 1249 1481 1359 1335
778 3 2 5 1 1585 1573 1689 1627
779 3 2 5 1 1317 1375 1291 1216
780 3 2 5 1 1605 1633 1562 1534
781 3 2 5 1 1583 1637 1464 1529
782 3 2 5 1 1374 1294 1474 1442
783 3 2 5 1 493 429 521 638
784 3 2 5 1 1556 1660 1577 1454
785 3 2 5 1 492 428 520 639
786 3 2 5 1 1457 1529 1288 1395
787 3 2 5 1 1593 1646 1518 1541
788 3 2 5 1 1247 1218 1079 1171
789 3 2 5 1 1138 1318 1217 1162
790 3 2 5 1 973 1175 1088 993
791 3 2 5 1 908 1008 931 825
792 3 2 5 1 1736 1847 1781 1761
793 3 2 5 1 314 209 510 402
794 3 2 5 1 315 210 511 403
795 3 2 5 1 1368 1295 1379 1462
796 3 2 5 1 318 245 518 436
797 3 2 5 1 319 246 519 437
798 3 2 5 1 68 338 261 67
799 3 2 5 1 158 339 262 157
800 3 2 5 1 573 463 552 670
801 3 2 5 1 1569 1624 1570 1505
802 3 2 5 1 533 490 413 292
803 3 2 5 1 534 491 415 293
804 3 2 5 1 1247 1325 1470 1385
805 3 2 5 1 1246 1397 1323 1233
806 3 2 5 1 572 460 556 671
807 3 2 5 1 342 30 31 186
808 3 2 5 1 1024 937 794 967
809 3 2 5 1 345 120 121 185
810 3 2 5 1 1167 1232 1333 1143
811 3 2 5 1 963 1162 1178 1084
812 3 2 5 1 1613 1581 1474 1525
813 3 2 5 1 393 527 720 599
814 3 2 5 1 589 493 638 727
815 3 2 5 1 1251 1311 1460 1400
816 3 2 5 1 433 530 725 645
817 3 2 5 1 126 335 236 125
818 3 2 5 1 36 334 235 35
819 3 2 5 1 351 539 397 264
820 3 2 5 1 1508 1634 1657 1592
821 3 2 5 1 1990 1979 1911 1959
822 3 2 5 1 1026 940 795 968
823 3 2 5 1 131 325 232 130
824 3 2 5 1 41 324 231 40
825 3 2 5 1 135 315 246 134
826 3 2 5 1 45 314 245 44
827 3 2 5 1 51 52 217 310
828 3 2 5 1 141 142 218 311
829 3 2 5 1 47 316 209 46
830 3 2 5 1 137 317 210 136
831 3 2 5 1 43 318 201 42
832 3 2 5 1 133 319 202 132
833 3 2 5 1 38 326 193 37
834 3 2 5 1 128 327 194 127
835 3 2 5 1 1643 1591 1620 1698
836 3 2 5 1 1399 1291 1551 1434
837 3 2 5 1 350 540 396 263
838 3 2 5 1 956 1048 1179 1005
839 3 2 5 1 286 261 338 442
840 3 2 5 1 1379 1295 1268 1327
841 3 2 5 1 287 262 339 443
842 3 2 5 1 590 492 639 728
843 3 2 5 1 392 529 249 336
844 3 2 5 1 393 530 250 337
845 3 2 5 1 491 534 706 588
846 3 2 5 1 1622 1580 1642 1745
847 3 2 5 1 1374 1386 1252 1312
848 3 2 5 1 2042 2014 2029 2065
849 3 2 5 1 1409 1467 1486 1410
850 3 2 5 1 537 432 648 580
851 3 2 5 1 1063 1240 1137 1085
852 3 2 5 1 346 28 29 251
853 3 2 5 1 347 118 119 252
854 3 2 5 1 34 336 249 33
855 3 2 5 1 124 337 250 123
856 3 2 5 1 820 791 600 722
857 3 2 5 1 734 580 681 800
858 3 2 5 1 798 914 646 731
859 3 2 5 1 876 834 682 1015
860 3 2 5 1 374 423 619 476
861 3 2 5 1 808 686 1012 875
862 3 2 5 1 827 775 709 588
863 3 2 5 1 809 685 1013 874
864 3 2 5 1 1165 1066 1261 1228
865 3 2 5 1 490 533 708 587
866 3 2 5 1 921 836 712 937
867 3 2 5 1 812 598 719 792
868 3 2 5 1 292 444 620 533
869 3 2 5 1 293 445 621 534
870 3 2 5 1 625 411 523 717
871 3 2 5 1 22 23 352 191
872 3 2 5 1 112 113 353 192
873 3 2 5 1 1758 1838 1852 1797
874 3 2 5 1 32 340 186 31
875 3 2 5 1 122 341 185 121
876 3 2 5 1 982 864 969 1099
877 3 2 5 1 1510 1532 1400 1460
878 3 2 5 1 828 777 710 587
879 3 2 5 1 642 397 539 732
880 3 2 5 1 742 586 779 928
881 3 2 5 1 1091 1164 879 1001
882 3 2 5 1 1166 1065 1255 1229
883 3 2 5 1 1485 1509 1437 1381
884 3 2 5 1 606 705 831 621
885 3 2 5 1 1193 1326 1266 1194
886 3 2 5 1 505 407 512 626
887 3 2 5 1 506 409 513 627
888 3 2 5 1 922 837 711 940
889 3 2 5 1 1515 1658 1560 1430
890 3 2 5 1 1529 1464 1405 1288
891 3 2 5 1 1749 1780 1798 1750
892 3 2 5 1 1492 1363 1438 1521
893 3 2 5 1 624 410 522 718
894 3 2 5 1 760 594 785 891
895 3 2 5 1 348 26 27 213
896 3 2 5 1 349 116 117 214
897 3 2 5 1 1600 1628 1571 1537
898 3 2 5 1 881 819 724 906
899 3 2 5 1 307 283 305 478
900 3 2 5 1 420 618 500 477
901 3 2 5 1 700 501 476 619
902 3 2 5 1 1093 1163 878 1000
903 3 2 5 1 1657 1712 1638 1576
904 3 2 5 1 69 70 344 219
905 3 2 5 1 1533 1586 1652 1514
906 3 2 5 1 159 160 343 220
907 3 2 5 1 2051 2072 2038 2019
908 3 2 5 1 1635 1701 1624 1569
909 3 2 5 1 1258 1350 1276 1132
910 3 2 5 1 422 297 499 657
911 3 2 5 1 425 296 498 658
912 3 2 5 1 967 1054 1157 1024
913 3 2 5 1 1456 1403 1292 1545
914 3 2 5 1 825 931 769 693
915 3 2 5 1 19 20 360 223
916 3 2 5 1 109 110 361 224
917 3 2 5 1 17 18 362 265
918 3 2 5 1 107 108 363 266
919 3 2 5 1 15 16 364 199
920 3 2 5 1 105 106 365 200
921 3 2 5 1 13 14 372 243
922 3 2 5 1 103 104 373 244
923 3 2 5 1 10 11 376 207
924 3 2 5 1 100 101 377 208
925 3 2 5 1 8 9 378 215
926 3 2 5 1 98 99 379 216
927 3 2 5 1 1645 1688 1511 1581
928 3 2 5 1 1080 1172 1324 1219
929 3 2 5 1 914 798 864 982
930 3 2 5 1 866 983 933 800
931 3 2 5 1 813 597 721 793
932 3 2 5 1 968 1056 1158 1026
933 3 2 5 1 609 908 825 729
934 3 2 5 1 1326 1463 1389 1266
935 3 2 5 1 777 828 1011 868
936 3 2 5 1 390 436 636 494
937 3 2 5 1 391 437 637 496
938 3 2 5 1 1646 1593 1617 1676
939 3 2 5 1 1193 997 1083 1176
940 3 2 5 1 1290 1383 1344 1212
941 3 2 5 1 30 342 251 29
942 3 2 5 1 1697 1749 1750 1701
943 3 2 5 1 120 345 252 119
944 3 2 5 1 581 731 384 538
945 3 2 5 1 650 834 796 733
946 3 2 5 1 937 1024 1081 921
947 3 2 5 1 1163 1093 1141 1262
948 3 2 5 1 940 1026 1082 922
949 3 2 5 1 1498 1530 1647 1561
950 3 2 5 1 1191 1327 1268 1192
951 3 2 5 1 1517 1643 1702 1594
952 3 2 5 1 353 272 301 419
953 3 2 5 1 352 271 300 418
954 3 2 5 1 1244 1305 1409 1232
955 3 2 5 1 1219 1324 1471 1369
956 3 2 5 1 731 581 680 798
957 3 2 5 1 1754 1755 1807 1803
958 3 2 5 1 1573 1585 1472 1532
959 3 2 5 1 775 827 1010 867
960 3 2 5 1 1261 1262 1342 1315
961 3 2 5 1 1240 1063 1005 1179
962 3 2 5 1 542 384 731 646
963 3 2 5 1 647 449 289 543
964 3 2 5 1 1127 1234 1189 1099
965 3 2 5 1 1014 829 735 920
966 3 2 5 1 1255 1256 1344 1316
967 3 2 5 1 1740 1731 1627 1689
968 3 2 5 1 1627 1690 1500 1585
969 3 2 5 1 1326 1193 1176 1263
970 3 2 5 1 1399 1263 1216 1291
971 3 2 5 1 588 706 915 827
972 3 2 5 1 1005 906 770 956
973 3 2 5 1 1265 1178 1162 1217
974 3 2 5 1 1505 1570 1666 1445
975 3 2 5 1 1681 1631 1754 1734
976 3 2 5 1 28 346 213 27
977 3 2 5 1 118 347 214 117
978 3 2 5 1 271 24 25 237
979 3 2 5 1 272 114 115 238
980 3 2 5 1 1530 1594 1702 1647
981 3 2 5 1 1638 1797 1724 1692
982 3 2 5 1 1563 1651 1761 1679
983 3 2 5 1 1256 1255 1065 1164
984 3 2 5 1 1357 1221 1268 1295
985 3 2 5 1 830 642 732 919
986 3 2 5 1 724 509 643 679
987 3 2 5 1 1381 1437 1544 1396
988 3 2 5 1 528 287 443 482
989 3 2 5 1 1472 1433 1383 1290
990 3 2 5 1 1377 1518 1590 1457
991 3 2 5 1 1500 1593 1541 1433
992 3 2 5 1 1784 1734 1787 1844
993 3 2 5 1 1771 1748 1623 1688
994 3 2 5 1 1639 1672 1756 1628
995 3 2 5 1 531 644 481 434
996 3 2 5 1 1015 682 851 926
997 3 2 5 1 1721 1772 1850 1807
998 3 2 5 1 1707 1756 1845 1804
999 3 2 5 1 1294 1385 1525 1474
1000 3 2 5 1 826 481 644 730
1001 3 2 5 1 1164 1091 1142 1256
1002 3 2 5 1 1327 1191 1178 1265
1003 3 2 5 1 1741 1560 1658 1691
1004 3 2 5 1 1212 1251 1400 1290
1005 3 2 5 1 732 539 449 647
1006 3 2 5 1 1572 1584 1473 1528
1007 3 2 5 1 1518 1646 1703 1590
1008 3 2 5 1 975 868 1160 1050
1009 3 2 5 1 1967 2026 1995 1951
1010 3 2 5 1 965 1111 928 779
1011 3 2 5 1 1872 1909 1964 1883
1012 3 2 5 1 1864 1846 1751 1792
1013 3 2 5 1 1262 1261 1066 1163
1014 3 2 5 1 609 396 540 733
1015 3 2 5 1 605 707 832 620
1016 3 2 5 1 2011 1984 2020 2036
1017 3 2 5 1 1289 1382 1342 1213
1018 3 2 5 1 442 643 509 286
1019 3 2 5 1 1251 1212 1142 1050
1020 3 2 5 1 1536 1587 1658 1515
1021 3 2 5 1 1778 1870 1892 1838
1022 3 2 5 1 435 220 343 532
1023 3 2 5 1 1217 1292 1403 1265
1024 3 2 5 1 352 23 24 271
1025 3 2 5 1 353 113 114 272
1026 3 2 5 1 1252 1213 1141 1049
1027 3 2 5 1 1462 1379 1403 1456
1028 3 2 5 1 1834 1790 1857 1863
1029 3 2 5 1 1770 1622 1726 1677
1030 3 2 5 1 434 219 344 531
1031 3 2 5 1 974 867 1159 1049
1032 3 2 5 1 1785 1882 1891 1839
1033 3 2 5 1 1686 1769 1570 1624
1034 3 2 5 1 1681 1742 1568 1637
1035 3 2 5 1 1752 1753 1806 1801
1036 3 2 5 1 911 791 879 978
1037 3 2 5 1 1881 1866 1772 1846
1038 3 2 5 1 1817 1745 1642 1685
1039 3 2 5 1 1191 996 1084 1178
1040 3 2 5 1 610 435 532 729
1041 3 2 5 1 2042 2040 2020 2021
1042 3 2 5 1 628 630 709 817
1043 3 2 5 1 1860 1901 1800 1862
1044 3 2 5 1 1213 1252 1386 1289
1045 3 2 5 1 1442 1474 1581 1511
1046 3 2 5 1 587 708 917 828
1047 3 2 5 1 1733 1739 1648 1687
1048 3 2 5 1 1407 1432 1482 1408
1049 3 2 5 1 1534 1562 1653 1535
1050 3 2 5 1 1250 1408 1413 1322
1051 3 2 5 1 1563 1434 1551 1651
1052 3 2 5 1 1171 1055 1325 1247
1053 3 2 5 1 1502 1608 1451 1366
1054 3 2 5 1 1473 1436 1382 1289
1055 3 2 5 1 1775 1672 1741 1839
1056 3 2 5 1 1313 1179 1048 1210
1057 3 2 5 1 1753 1752 1647 1702
1058 3 2 5 1 1845 1756 1672 1775
1059 3 2 5 1 1686 1624 1701 1750
1060 3 2 5 1 1064 1241 1138 1086
1061 3 2 5 1 1911 1979 2021 1949
1062 3 2 5 1 1575 1431 1535 1653
1063 3 2 5 1 1604 1710 1761 1651
1064 3 2 5 1 1617 1690 1792 1751
1065 3 2 5 1 392 526 722 600
1066 3 2 5 1 1744 1786 1722 1675
1067 3 2 5 1 1006 1047 1181 980
1068 3 2 5 1 1050 1160 1311 1251
1069 3 2 5 1 1586 1533 1431 1575
1070 3 2 5 1 273 354 474 288
1071 3 2 5 1 274 355 475 289
1072 3 2 5 1 1316 1302 1229 1255
1073 3 2 5 1 1169 1097 1007 1168
1074 3 2 5 1 882 818 723 907
1075 3 2 5 1 518 402 703 601
1076 3 2 5 1 519 403 704 602
1077 3 2 5 1 485 675 850 695
1078 3 2 5 1 1781 1858 1679 1761
1079 3 2 5 1 1434 1563 1663 1526
1080 3 2 5 1 1755 1754 1631 1703
1081 3 2 5 1 1580 1520 1574 1642
1082 3 2 5 1 1575 1616 1704 1586
1083 3 2 5 1 1782 1837 1671 1739
1084 3 2 5 1 2058 2031 2003 2041
1085 3 2 5 1 1544 1655 1632 1595
1086 3 2 5 1 1919 1989 1942 1910
1087 3 2 5 1 1847 1736 1704 1805
1088 3 2 5 1 1161 964 1085 1137
1089 3 2 5 1 1805 1704 1616 1735
1090 3 2 5 1 1433 1472 1585 1500
1091 3 2 5 1 2012 2064 2037 2007
1092 3 2 5 1 1614 1399 1434 1526
1093 3 2 5 1 958 1102 983 866
1094 3 2 5 1 451 547 755 667
1095 3 2 5 1 1751 1721 1676 1617
1096 3 2 5 1 1648 1620 1591 1501
1097 3 2 5 1 1676 1721 1807 1755
1098 3 2 5 1 1651 1551 1447 1604
1099 3 2 5 1 797 841 611 736
1100 3 2 5 1 2021 2020 1984 1949
1101 3 2 5 1 1798 1816 1686 1750
1102 3 2 5 1 267 370 567 398
1103 3 2 5 1 268 371 568 399
1104 3 2 5 1 1801 1802 1705 1752
1105 3 2 5 1 450 546 617 577
1106 3 2 5 1 2030 2005 2068 2055
1107 3 2 5 1 1361 1486 1605 1534
1108 3 2 5 1 1930 1850 1772 1866
1109 3 2 5 1 1756 1707 1571 1628
1110 3 2 5 1 1051 1140 1352 1267
1111 3 2 5 1 1188 1269 1339 1215
1112 3 2 5 1 1209 1047 1170 1335
1113 3 2 5 1 1593 1500 1690 1617
1114 3 2 5 1 273 187 163 164
1115 3 2 5 1 274 188 73 74
1116 3 2 5 1 432 537 186 340
1117 3 2 5 1 1880 1871 1773 1837
1118 3 2 5 1 1229 1243 1095 1166
1119 3 2 5 1 1989 1919 1868 1965
1120 3 2 5 1 1899 1775 1839 1891
1121 3 2 5 1 433 538 185 341
1122 3 2 5 1 1315 1303 1228 1261
1123 3 2 5 1 2110 2077 2094 2106
1124 3 2 5 1 1984 2011 1913 1962
1125 3 2 5 1 1359 1430 1543 1388
1126 3 2 5 1 1842 1884 1895 1843
1127 3 2 5 1 2055 2068 2094 2077
1128 3 2 5 1 2108 2068 2005 2039
1129 3 2 5 1 430 495 607 406
1130 3 2 5 1 1728 1773 1828 1806
1131 3 2 5 1 1058 1206 1120 1040
1132 3 2 5 1 1284 1224 1055 1153
1133 3 2 5 1 1882 1785 1737 1848
1134 3 2 5 1 431 497 608 408
1135 3 2 5 1 1561 1647 1752 1705
1136 3 2 5 1 279 374 476 298
1137 3 2 5 1 280 375 477 299
1138 3 2 5 1 1983 1991 1927 1958
1139 3 2 5 1 1170 865 970 1090
1140 3 2 5 1 598 395 525 719
1141 3 2 5 1 275 239 168 169
1142 3 2 5 1 276 240 78 79
1143 3 2 5 1 1803 1787 1734 1754
1144 3 2 5 1 909 790 878 977
1145 3 2 5 1 978 879 1164 1065
1146 3 2 5 1 1721 1751 1846 1772
1147 3 2 5 1 1049 1159 1312 1252
1148 3 2 5 1 1827 1887 1723 1802
1149 3 2 5 1 161 162 350 263
1150 3 2 5 1 71 72 351 264
1151 3 2 5 1 1664 1719 1674 1566
1152 3 2 5 1 1046 1207 1078 990
1153 3 2 5 1 1780 1835 1854 1798
1154 3 2 5 1 1957 1935 1934 1956
1155 3 2 5 1 467 562 675 485
1156 3 2 5 1 936 1022 1103 959
1157 3 2 5 1 466 561 676 486
1158 3 2 5 1 1045 1208 1077 989
1159 3 2 5 1 1891 1923 1966 1899
1160 3 2 5 1 277 21 22 191
1161 3 2 5 1 278 111 112 192
1162 3 2 5 1 360 20 21 277
1163 3 2 5 1 361 110 111 278
1164 3 2 5 1 362 18 19 223
1165 3 2 5 1 363 108 109 224
1166 3 2 5 1 364 16 17 265
1167 3 2 5 1 365 106 107 266
1168 3 2 5 1 1923 1891 1882 1910
1169 3 2 5 1 1985 1970 1969 1980
1170 3 2 5 1 372 14 15 199
1171 3 2 5 1 373 104 105 200
1172 3 2 5 1 279 203 177 178
1173 3 2 5 1 280 204 87 88
1174 3 2 5 1 378 9 10 207
1175 3 2 5 1 379 99 100 208
1176 3 2 5 1 376 11 12 281
1177 3 2 5 1 377 101 102 282
1178 3 2 5 1 283 7 8 215
1179 3 2 5 1 284 97 98 216
1180 3 2 5 1 269 225 92 93
1181 3 2 5 1 307 6 7 283
1182 3 2 5 1 281 12 13 243
1183 3 2 5 1 282 102 103 244
1184 3 2 5 1 2096 2057 2037 2080
1185 3 2 5 1 1215 1339 1454 1406
1186 3 2 5 1 978 1004 835 911
1187 3 2 5 1 1514 1459 1387 1533
1188 3 2 5 1 1285 1225 1057 1154
1189 3 2 5 1 2105 2109 2091 2095
1190 3 2 5 1 164 165 354 273
1191 3 2 5 1 74 75 355 274
1192 3 2 5 1 1827 1889 1962 1913
1193 3 2 5 1 2064 2012 1982 2035
1194 3 2 5 1 1267 1352 1485 1381
1195 3 2 5 1 2056 2062 2093 2099
1196 3 2 5 1 2057 2096 2079 2072
1197 3 2 5 1 166 167 356 221
1198 3 2 5 1 76 77 357 222
1199 3 2 5 1 1821 1887 1958 1927
1200 3 2 5 1 997 778 912 1083
1201 3 2 5 1 1302 1316 1488 1377
1202 3 2 5 1 1306 1410 1486 1361
1203 3 2 5 1 1228 1242 1096 1165
1204 3 2 5 1 1501 1584 1687 1648
1205 3 2 5 1 2018 1942 1989 2007
1206 3 2 5 1 1218 1247 1385 1294
1207 3 2 5 1 1727 1790 1834 1778
1208 3 2 5 1 1926 1876 1781 1847
1209 3 2 5 1 169 170 358 275
1210 3 2 5 1 79 80 359 276
1211 3 2 5 1 2007 2037 2057 2018
1212 3 2 5 1 171 172 366 195
1213 3 2 5 1 81 82 367 196
1214 3 2 5 1 173 174 368 241
1215 3 2 5 1 83 84 369 242
1216 3 2 5 1 175 176 370 267
1217 3 2 5 1 85 86 371 268
1218 3 2 5 1 178 179 374 279
1219 3 2 5 1 88 89 375 280
1220 3 2 5 1 180 181 380 212
1221 3 2 5 1 90 91 381 211
1222 3 2 5 1 182 183 306 226
1223 3 2 5 1 1978 1988 1929 1963
1224 3 2 5 1 1927 1906 1875 1821
1225 3 2 5 1 1530 1498 1360 1461
1226 3 2 5 1 1290 1400 1532 1472
1227 3 2 5 1 1934 1951 1995 1956
1228 3 2 5 1 1848 1737 1812 1822
1229 3 2 5 1 1910 1942 1999 1923
1230 3 2 5 1 1446 1461 1328 1394
1231 3 2 5 1 1733 1748 1862 1800
1232 3 2 5 1 1620 1648 1739 1671
1233 3 2 5 1 1289 1386 1528 1473
1234 3 2 5 1 637 602 806 713
1235 3 2 5 1 1926 1847 1805 1888
1236 3 2 5 1 1128 1243 1395 1288
1237 3 2 5 1 636 601 807 714
1238 3 2 5 1 1709 1760 1789 1729
1239 3 2 5 1 1241 1064 980 1181
1240 3 2 5 1 1806 1753 1698 1728
1241 3 2 5 1 1639 1543 1430 1560
1242 3 2 5 1 2028 2006 1945 1988
1243 3 2 5 1 2017 2004 1944 1991
1244 3 2 5 1 1465 1448 1600 1537
1245 3 2 5 1 1851 1890 1963 1929
1246 3 2 5 1 1914 1828 1773 1871
1247 3 2 5 1 1600 1448 1388 1543
1248 3 2 5 1 2085 2092 2098 2078
1249 3 2 5 1 629 633 710 821
1250 3 2 5 1 943 1017 1073 971
1251 3 2 5 1 1822 1868 1919 1848
1252 3 2 5 1 1572 1511 1688 1623
1253 3 2 5 1 1728 1671 1837 1773
1254 3 2 5 1 1988 1945 1907 1929
1255 3 2 5 1 2063 2030 2055 2076
1256 3 2 5 1 1711 1738 1790 1727
1257 3 2 5 1 959 1103 1140 1051
1258 3 2 5 1 1387 1210 1336 1380
1259 3 2 5 1 1994 1928 1865 1941
1260 3 2 5 1 1519 1464 1637 1568
1261 3 2 5 1 1997 2024 2041 2003
1262 3 2 5 1 1802 1801 1889 1827
1263 3 2 5 1 1991 1983 2043 2017
1264 3 2 5 1 1634 1678 1738 1711
1265 3 2 5 1 1888 1805 1735 1849
1266 3 2 5 1 793 999 904 813
1267 3 2 5 1 2036 2043 1983 2011
1268 3 2 5 1 2030 2063 2033 2001
1269 3 2 5 1 1675 1722 1810 1693
1270 3 2 5 1 1996 1925 1892 1961
1271 3 2 5 1 1303 1315 1487 1376
1272 3 2 5 1 1849 1928 1967 1888
1273 3 2 5 1 2004 2017 2066 2034
1274 3 2 5 1 958 1095 1243 1128
1275 3 2 5 1 1669 1705 1802 1723
1276 3 2 5 1 1436 1473 1584 1501
1277 3 2 5 1 1782 1800 1901 1829
1278 3 2 5 1 1209 1388 1448 1314
1279 3 2 5 1 1849 1735 1810 1820
1280 3 2 5 1 1928 1849 1820 1865
1281 3 2 5 1 1958 1913 2011 1983
1282 3 2 5 1 990 1078 1285 994
1283 3 2 5 1 1094 919 829 1014
1284 3 2 5 1 1906 1927 1991 1944
1285 3 2 5 1 2081 2066 2017 2043
1286 3 2 5 1 2022 1941 1997 2003
1287 3 2 5 1 1956 1995 2048 2023
1288 3 2 5 1 1795 1777 1673 1747
1289 3 2 5 1 791 820 1001 879
1290 3 2 5 1 1969 1976 2002 1980
1291 3 2 5 1 946 1023 1117 966
1292 3 2 5 1 715 625 717 814
1293 3 2 5 1 2003 2031 2071 2022
1294 3 2 5 1 1996 1946 1915 1925
1295 3 2 5 1 1211 1328 1461 1360
1296 3 2 5 1 685 495 634 837
1297 3 2 5 1 2078 2070 2050 2085
1298 3 2 5 1 686 497 635 836
1299 3 2 5 1 923 1004 1166 1095
1300 3 2 5 1 1180 1242 1394 1328
1301 3 2 5 1 1322 1187 1174 1250
1302 3 2 5 1 1583 1590 1703 1631
1303 3 2 5 1 1586 1704 1736 1652
1304 3 2 5 1 1210 1387 1459 1313
1305 3 2 5 1 1692 1499 1576 1638
1306 3 2 5 1 977 1002 833 909
1307 3 2 5 1 1292 1217 1318 1378
1308 3 2 5 1 906 1005 1063 881
1309 3 2 5 1 1296 1417 1549 1452
1310 3 2 5 1 1951 1934 1876 1926
1311 3 2 5 1 1928 1994 2026 1967
1312 3 2 5 1 1628 1600 1543 1639
1313 3 2 5 1 977 878 1163 1066
1314 3 2 5 1 1546 1606 1629 1567
1315 3 2 5 1 1812 1618 1692 1724
1316 3 2 5 1 790 816 1000 878
1317 3 2 5 1 1887 1821 1796 1723
1318 3 2 5 1 969 1096 1242 1180
1319 3 2 5 1 1127 1180 1328 1211
1320 3 2 5 1 907 980 1064 882
1321 3 2 5 1 2049 2002 2038 2067
1322 3 2 5 1 1787 1803 1890 1851
1323 3 2 5 1 1401 1367 1350 1258
1324 3 2 5 1 1797 1638 1712 1758
1325 3 2 5 1 1410 1333 1232 1409
1326 3 2 5 1 334 193 514 412
1327 3 2 5 1 866 923 1095 958
1328 3 2 5 1 1535 1480 1361 1534
1329 3 2 5 1 335 194 515 414
1330 3 2 5 1 1039 1122 1272 1146
1331 3 2 5 1 989 1077 1284 995
1332 3 2 5 1 1100 920 771 1018
1333 3 2 5 1 1396 1321 1267 1381
1334 3 2 5 1 2097 2074 2087 2107
1335 3 2 5 1 681 835 1004 923
1336 3 2 5 1 1951 1926 1888 1967
1337 3 2 5 1 1595 1468 1396 1544
1338 3 2 5 1 1735 1616 1693 1810
1339 3 2 5 1 908 609 733 796
1340 3 2 5 1 860 763 665 754
1341 3 2 5 1 1957 1956 2023 1987
1342 3 2 5 1 1370 1297 1389 1444
1343 3 2 5 1 1588 1618 1713 1587
1344 3 2 5 1 733 540 448 650
1345 3 2 5 1 1744 1675 1562 1633
1346 3 2 5 1 1920 1869 1993 1953
1347 3 2 5 1 1616 1575 1653 1693
1348 3 2 5 1 2102 2107 2087 2100
1349 3 2 5 1 1478 1553 1662 1596
1350 3 2 5 1 1314 1181 1047 1209
1351 3 2 5 1 1173 876 1015 1068
1352 3 2 5 1 509 724 819 641
1353 3 2 5 1 1162 963 1086 1138
1354 3 2 5 1 1165 1096 924 1002
1355 3 2 5 1 380 550 677 423
1356 3 2 5 1 1838 1758 1727 1778
1357 3 2 5 1 1840 1836 1922 1869
1358 3 2 5 1 688 713 893 810
1359 3 2 5 1 1838 1892 1925 1852
1360 3 2 5 1 1180 1127 1099 969
1361 3 2 5 1 861 684 664 753
1362 3 2 5 1 687 714 894 811
1363 3 2 5 1 679 770 906 724
1364 3 2 5 1 864 924 1096 969
1365 3 2 5 1 1380 1431 1533 1387
1366 3 2 5 1 1560 1741 1672 1639
1367 3 2 5 1 1883 1853 1722 1786
1368 3 2 5 1 648 726 911 835
1369 3 2 5 1 2024 1964 1909 1977
1370 3 2 5 1 1504 1596 1715 1619
1371 3 2 5 1 2045 2044 1977 2009
1372 3 2 5 1 693 610 729 825
1373 3 2 5 1 597 394 524 721
1374 3 2 5 1 528 723 818 640
1375 3 2 5 1 1784 1793 1680 1742
1376 3 2 5 1 868 975 900 777
1377 3 2 5 1 1182 1132 1071 957
1378 3 2 5 1 1362 1478 1596 1504
1379 3 2 5 1 539 351 188 449
1380 3 2 5 1 1076 1036 892 1003
1381 3 2 5 1 540 350 187 448
1382 3 2 5 1 2104 2096 2080 2099
1383 3 2 5 1 1930 1963 1890 1850
1384 3 2 5 1 1694 1507 1595 1632
1385 3 2 5 1 1049 1141 1093 974
1386 3 2 5 1 1383 1488 1316 1344
1387 3 2 5 1 1705 1669 1630 1561
1388 3 2 5 1 1828 1889 1801 1806
1389 3 2 5 1 680 833 1002 924
1390 3 2 5 1 1916 2000 2013 1952
1391 3 2 5 1 783 811 994 872
1392 3 2 5 1 1824 1897 1968 1933
1393 3 2 5 1 1185 1018 959 1051
1394 3 2 5 1 1397 1246 1139 1332
1395 3 2 5 1 1869 1920 1774 1840
1396 3 2 5 1 1961 1892 1870 1917
1397 3 2 5 1 782 810 995 871
1398 3 2 5 1 1825 1916 1952 1873
1399 3 2 5 1 582 502 667 696
1400 3 2 5 1 580 648 835 681
1401 3 2 5 1 1650 1509 1546 1567
1402 3 2 5 1 923 866 800 681
1403 3 2 5 1 432 529 726 648
1404 3 2 5 1 1758 1712 1711 1727
1405 3 2 5 1 645 725 909 833
1406 3 2 5 1 1642 1574 1641 1685
1407 3 2 5 1 1914 1962 1889 1828
1408 3 2 5 1 829 647 543 735
1409 3 2 5 1 1777 1795 1897 1824
1410 3 2 5 1 1670 1794 1841 1743
1411 3 2 5 1 924 864 798 680
1412 3 2 5 1 1017 842 764 935
1413 3 2 5 1 1608 1607 1523 1451
1414 3 2 5 1 1909 1948 2009 1977
1415 3 2 5 1 932 877 689 841
1416 3 2 5 1 919 1094 1009 830
1417 3 2 5 1 1923 1999 1992 1966
1418 3 2 5 1 1411 1273 1130 1337
1419 3 2 5 1 1034 1021 852 945
1420 3 2 5 1 2001 2033 2008 1973
1421 3 2 5 1 1564 1649 1747 1673
1422 3 2 5 1 1388 1209 1335 1359
1423 3 2 5 1 1797 1852 1893 1724
1424 3 2 5 1 545 447 736 611
1425 3 2 5 1 1747 1746 1856 1795
1426 3 2 5 1 2061 2065 2086 2083
1427 3 2 5 1 1214 1331 1478 1362
1428 3 2 5 1 1664 1547 1452 1611
1429 3 2 5 1 716 624 718 815
1430 3 2 5 1 337 236 527 393
1431 3 2 5 1 336 235 526 392
1432 3 2 5 1 996 776 913 1084
1433 3 2 5 1 822 579 693 769
1434 3 2 5 1 650 448 288 487
1435 3 2 5 1 931 970 865 769
1436 3 2 5 1 1850 1890 1803 1807
1437 3 2 5 1 1743 1632 1655 1670
1438 3 2 5 1 1408 1250 1323 1407
1439 3 2 5 1 1836 1840 1764 1793
1440 3 2 5 1 1334 1293 1238 1129
1441 3 2 5 1 1834 1940 1870 1778
1442 3 2 5 1 1710 1652 1736 1761
1443 3 2 5 1 2067 2073 2054 2049
1444 3 2 5 1 1435 1542 1649 1564
1445 3 2 5 1 1954 1993 1869 1922
1446 3 2 5 1 1481 1249 1322 1413
1447 3 2 5 1 1431 1380 1480 1535
1448 3 2 5 1 920 735 582 771
1449 3 2 5 1 1408 1482 1536 1413
1450 3 2 5 1 1699 1700 1598 1661
1451 3 2 5 1 905 1007 1097 910
1452 3 2 5 1 755 547 401 654
1453 3 2 5 1 1671 1728 1698 1620
1454 3 2 5 1 1475 1552 1661 1598
1455 3 2 5 1 2016 1982 1946 1996
1456 3 2 5 1 769 865 1006 822
1457 3 2 5 1 1259 1107 1039 1146
1458 3 2 5 1 1021 1020 887 852
1459 3 2 5 1 1329 1416 1552 1475
1460 3 2 5 1 1392 1465 1378 1318
1461 3 2 5 1 1826 1841 1921 1872
1462 3 2 5 1 1929 1907 1874 1851
1463 3 2 5 1 1143 1333 1264 1067
1464 3 2 5 1 1625 1708 1809 1730
1465 3 2 5 1 1604 1514 1652 1710
1466 3 2 5 1 1258 1329 1475 1401
1467 3 2 5 1 581 645 833 680
1468 3 2 5 1 1382 1487 1315 1342
1469 3 2 5 1 1732 1808 1904 1863
1470 3 2 5 1 1875 1897 1795 1856
1471 3 2 5 1 1101 1195 1340 1253
1472 3 2 5 1 1018 1185 1244 1100
1473 3 2 5 1 1069 1101 1253 1186
1474 3 2 5 1 1621 1706 1808 1732
1475 3 2 5 1 659 483 845 752
1476 3 2 5 1 1367 1401 1542 1435
1477 3 2 5 1 1051 1267 1321 1185
1478 3 2 5 1 778 997 1109 896
1479 3 2 5 1 1321 1396 1468 1305
1480 3 2 5 1 920 1100 1167 1014
1481 3 2 5 1 502 475 451 667
1482 3 2 5 1 1949 1984 1962 1914
1483 3 2 5 1 2024 1997 1931 1964
1484 3 2 5 1 1899 1966 1924 1900
1485 3 2 5 1 834 876 981 796
1486 3 2 5 1 1253 1340 1489 1404
1487 3 2 5 1 1794 1670 1709 1729
1488 3 2 5 1 1132 1182 1329 1258
1489 3 2 5 1 735 543 502 582
1490 3 2 5 1 1588 1482 1432 1499
1491 3 2 5 1 1746 1747 1649 1700
1492 3 2 5 1 1823 1895 1937 1877
1493 3 2 5 1 487 682 834 650
1494 3 2 5 1 1700 1649 1542 1598
1495 3 2 5 1 1480 1245 1306 1361
1496 3 2 5 1 1432 1407 1449 1538
1497 3 2 5 1 1547 1414 1296 1452
1498 3 2 5 1 1973 2008 1978 1960
1499 3 2 5 1 341 250 530 433
1500 3 2 5 1 340 249 529 432
1501 3 2 5 1 1503 1601 1706 1621
1502 3 2 5 1 448 187 273 288
1503 3 2 5 1 449 188 274 289
1504 3 2 5 1 2041 2024 1977 2044
1505 3 2 5 1 546 356 239 400
1506 3 2 5 1 547 357 240 401
1507 3 2 5 1 1186 1253 1404 1331
1508 3 2 5 1 1902 1825 1729 1789
1509 3 2 5 1 1598 1542 1401 1475
1510 3 2 5 1 548 368 267 398
1511 3 2 5 1 549 369 268 399
1512 3 2 5 1 1089 981 876 1173
1513 3 2 5 1 567 370 203 454
1514 3 2 5 1 568 371 204 455
1515 3 2 5 1 550 380 226 480
1516 3 2 5 1 579 822 907 723
1517 3 2 5 1 1424 1469 1299 1391
1518 3 2 5 1 840 789 759 593
1519 3 2 5 1 1104 1139 1246 1068
1520 3 2 5 1 651 611 841 689
1521 3 2 5 1 459 458 265 362
1522 3 2 5 1 462 461 266 363
1523 3 2 5 1 570 499 297 457
1524 3 2 5 1 571 498 296 456
1525 3 2 5 1 1366 1479 1597 1502
1526 3 2 5 1 1553 1478 1331 1404
1527 3 2 5 1 1018 771 936 959
1528 3 2 5 1 454 203 279 298
1529 3 2 5 1 455 204 280 299
1530 3 2 5 1 554 553 473 419
1531 3 2 5 1 458 388 364 265
1532 3 2 5 1 461 389 365 266
1533 3 2 5 1 579 482 610 693
1534 3 2 5 1 1183 987 1124 1177
1535 3 2 5 1 1619 1715 1764 1725
1536 3 2 5 1 1129 1257 1402 1334
1537 3 2 5 1 1574 1545 1440 1641
1538 3 2 5 1 884 1027 1195 1101
1539 3 2 5 1 1133 1186 1331 1214
1540 3 2 5 1 1820 1810 1722 1853
1541 3 2 5 1 776 996 1108 895
1542 3 2 5 1 1293 1334 1479 1366
1543 3 2 5 1 929 744 653 781
1544 3 2 5 1 1538 1449 1477 1592
1545 3 2 5 1 1608 1502 1716 1654
1546 3 2 5 1 930 743 652 784
1547 3 2 5 1 772 942 1032 962
1548 3 2 5 1 1587 1536 1482 1588
1549 3 2 5 1 1191 1192 1108 996
1550 3 2 5 1 1920 1894 1832 1774
1551 3 2 5 1 1760 1709 1565 1650
1552 3 2 5 1 558 557 472 418
1553 3 2 5 1 743 549 399 652
1554 3 2 5 1 744 548 398 653
1555 3 2 5 1 404 309 426 507
1556 3 2 5 1 405 308 427 508
1557 3 2 5 1 957 1098 1271 1182
1558 3 2 5 1 1250 1174 1233 1323
1559 3 2 5 1 954 789 840 880
1560 3 2 5 1 1215 1406 1477 1332
1561 3 2 5 1 1221 1054 1192 1268
1562 3 2 5 1 1090 1249 1335 1170
1563 3 2 5 1 877 932 1098 957
1564 3 2 5 1 1332 1139 1188 1215
1565 3 2 5 1 385 541 251 342
1566 3 2 5 1 551 488 389 461
1567 3 2 5 1 555 489 388 458
1568 3 2 5 1 662 455 299 560
1569 3 2 5 1 661 454 298 559
1570 3 2 5 1 384 542 252 345
1571 3 2 5 1 1053 1106 1257 1129
1572 3 2 5 1 736 646 914 797
1573 3 2 5 1 2055 2077 2103 2088
1574 3 2 5 1 465 417 651 483
1575 3 2 5 1 1915 1893 1852 1925
1576 3 2 5 1 747 649 933 799
1577 3 2 5 1 1691 1658 1587 1713
1578 3 2 5 1 2075 2084 2097 2107
1579 3 2 5 1 184 1 5 270
1580 3 2 5 1 800 933 649 734
1581 3 2 5 1 383 479 225 269
1582 3 2 5 1 656 612 844 690
1583 3 2 5 1 1047 1006 865 1170
1584 3 2 5 1 867 974 899 775
1585 3 2 5 1 1878 1885 1809 1855
1586 3 2 5 1 1635 1614 1526 1663
1587 3 2 5 1 1273 1411 1309 1236
1588 3 2 5 1 1232 1167 1100 1244
1589 3 2 5 1 777 900 821 710
1590 3 2 5 1 689 845 483 651
1591 3 2 5 1 776 715 814 913
1592 3 2 5 1 778 716 815 912
1593 3 2 5 1 541 385 734 649
1594 3 2 5 1 660 484 847 756
1595 3 2 5 1 770 679 826 910
1596 3 2 5 1 655 474 450 577
1597 3 2 5 1 1906 1968 1897 1875
1598 3 2 5 1 1718 1682 1813 1762
1599 3 2 5 1 792 998 903 812
1600 3 2 5 1 345 185 538 384
1601 3 2 5 1 342 186 537 385
1602 3 2 5 1 2102 2089 2075 2107
1603 3 2 5 1 654 401 467 485
1604 3 2 5 1 1032 1033 1147 1106
1605 3 2 5 1 801 925 1114 1033
1606 3 2 5 1 1650 1565 1437 1509
1607 3 2 5 1 1859 1808 1706 1757
1608 3 2 5 1 1416 1329 1182 1271
1609 3 2 5 1 841 797 1016 932
1610 3 2 5 1 1960 1978 1963 1930
1611 3 2 5 1 1749 1697 1767 1788
1612 3 2 5 1 553 554 737 583
1613 3 2 5 1 1568 1662 1553 1519
1614 3 2 5 1 1193 1194 1109 997
1615 3 2 5 1 757 583 942 772
1616 3 2 5 1 1471 1398 1455 1516
1617 3 2 5 1 1965 1868 1915 1946
1618 3 2 5 1 589 794 937 712
1619 3 2 5 1 1693 1653 1562 1675
1620 3 2 5 1 1520 1456 1545 1574
1621 3 2 5 1 748 568 455 662
1622 3 2 5 1 749 567 454 661
1623 3 2 5 1 1101 1069 1029 884
1624 3 2 5 1 1305 1244 1185 1321
1625 3 2 5 1 752 845 1030 925
1626 3 2 5 1 1017 943 694 842
1627 3 2 5 1 1222 1056 1194 1266
1628 3 2 5 1 544 446 747 612
1629 3 2 5 1 1577 1508 1406 1454
1630 3 2 5 1 1606 1546 1364 1495
1631 3 2 5 1 590 795 940 711
1632 3 2 5 1 1814 1757 1656 1714
1633 3 2 5 1 1916 1825 1902 1938
1634 3 2 5 1 1390 1447 1375 1317
1635 3 2 5 1 1714 1656 1548 1609
1636 3 2 5 1 1695 1683 1567 1629
1637 3 2 5 1 844 799 1027 884
1638 3 2 5 1 485 695 853 654
1639 3 2 5 1 1634 1711 1712 1657
1640 3 2 5 1 980 907 822 1006
1641 3 2 5 1 1545 1292 1378 1440
1642 3 2 5 1 1563 1679 1858 1767
1643 3 2 5 1 1269 1188 971 1073
1644 3 2 5 1 1898 1788 1767 1858
1645 3 2 5 1 951 774 683 843
1646 3 2 5 1 1670 1655 1565 1709
1647 3 2 5 1 1781 1876 1898 1858
1648 3 2 5 1 1678 1634 1508 1577
1649 3 2 5 1 646 736 447 542
1650 3 2 5 1 1133 1274 960 1112
1651 3 2 5 1 1695 1766 1815 1683
1652 3 2 5 1 1074 1201 1354 1237
1653 3 2 5 1 1940 1834 1863 1904
1654 3 2 5 1 758 584 945 852
1655 3 2 5 1 557 558 738 584
1656 3 2 5 1 1785 1691 1713 1737
1657 3 2 5 1 1605 1486 1467 1507
1658 3 2 5 1 463 291 663 552
1659 3 2 5 1 1234 1271 1098 1189
1660 3 2 5 1 464 416 656 484
1661 3 2 5 1 1029 883 847 690
1662 3 2 5 1 1058 1203 1351 1226
1663 3 2 5 1 1199 1274 1307 1347
1664 3 2 5 1 1186 1133 1112 1069
1665 3 2 5 1 1151 1115 1346 1275
1666 3 2 5 1 1522 1555 1402 1493
1667 3 2 5 1 1757 1706 1601 1656
1668 3 2 5 1 460 290 666 556
1669 3 2 5 1 1855 1809 1708 1763
1670 3 2 5 1 983 1027 799 933
1671 3 2 5 1 1059 1205 1356 1227
1672 3 2 5 1 1654 1640 1607 1608
1673 3 2 5 1 1040 869 1203 1058
1674 3 2 5 1 1430 1359 1481 1515
1675 3 2 5 1 2040 2059 2036 2020
1676 3 2 5 1 1493 1402 1257 1308
1677 3 2 5 1 419 301 659 554
1678 3 2 5 1 1555 1479 1334 1402
1679 3 2 5 1 972 1020 1198 1115
1680 3 2 5 1 1301 1227 1496 1424
1681 3 2 5 1 346 251 541 446
1682 3 2 5 1 347 252 542 447
1683 3 2 5 1 698 746 949 804
1684 3 2 5 1 348 213 544 416
1685 3 2 5 1 349 214 545 417
1686 3 2 5 1 1414 1338 1202 1259
1687 3 2 5 1 1467 1409 1305 1468
1688 3 2 5 1 271 237 464 300
1689 3 2 5 1 272 238 465 301
1690 3 2 5 1 799 844 612 747
1691 3 2 5 1 418 300 660 558
1692 3 2 5 1 848 662 560 750
1693 3 2 5 1 849 661 559 751
1694 3 2 5 1 657 631 575 422
1695 3 2 5 1 658 632 574 425
1696 3 2 5 1 446 544 213 346
1697 3 2 5 1 1592 1477 1406 1508
1698 3 2 5 1 1656 1601 1490 1548
1699 3 2 5 1 447 545 214 347
1700 3 2 5 1 938 749 661 849
1701 3 2 5 1 939 748 662 848
1702 3 2 5 1 803 846 1019 869
1703 3 2 5 1 277 191 472 290
1704 3 2 5 1 278 192 473 291
1705 3 2 5 1 884 1029 690 844
1706 3 2 5 1 925 801 737 752
1707 3 2 5 1 586 762 950 779
1708 3 2 5 1 461 462 613 551
1709 3 2 5 1 1609 1548 1418 1484
1710 3 2 5 1 1763 1708 1610 1659
1711 3 2 5 1 1941 1865 1931 1997
1712 3 2 5 1 1596 1662 1680 1715
1713 3 2 5 1 1501 1591 1540 1436
1714 3 2 5 1 458 459 614 555
1715 3 2 5 1 697 745 948 846
1716 3 2 5 1 466 486 674 400
1717 3 2 5 1 802 696 667 755
1718 3 2 5 1 982 1016 797 914
1719 3 2 5 1 1780 1749 1788 1830
1720 3 2 5 1 953 780 1120 1028
1721 3 2 5 1 740 585 947 780
1722 3 2 5 1 1515 1481 1413 1536
1723 3 2 5 1 1934 1935 1898 1876
1724 3 2 5 1 670 552 854 745
1725 3 2 5 1 2012 1965 1946 1982
1726 3 2 5 1 1259 1202 961 1107
1727 3 2 5 1 488 551 761 585
1728 3 2 5 1 580 734 385 537
1729 3 2 5 1 1105 1060 1260 1204
1730 3 2 5 1 489 555 762 586
1731 3 2 5 1 1436 1540 1487 1382
1732 3 2 5 1 1539 1497 1371 1559
1733 3 2 5 1 95 96 382 285
1734 3 2 5 1 671 556 855 746
1735 3 2 5 1 1547 1439 1338 1414
1736 3 2 5 1 1937 1895 1884 1936
1737 3 2 5 1 785 927 1121 973
1738 3 2 5 1 883 941 756 847
1739 3 2 5 1 1777 1855 1763 1673
1740 3 2 5 1 3 95 285 94
1741 3 2 5 1 988 1028 1150 1060
1742 3 2 5 1 594 741 927 785
1743 3 2 5 1 362 223 572 459
1744 3 2 5 1 363 224 573 462
1745 3 2 5 1 372 199 565 468
1746 3 2 5 1 373 200 566 469
1747 3 2 5 1 378 207 574 424
1748 3 2 5 1 379 208 575 421
1749 3 2 5 1 1105 880 840 1041
1750 3 2 5 1 281 243 456 296
1751 3 2 5 1 282 244 457 297
1752 3 2 5 1 283 215 470 305
1753 3 2 5 1 284 216 471 304
1754 3 2 5 1 499 570 739 593
1755 3 2 5 1 593 739 888 840
1756 3 2 5 1 1350 1308 1147 1276
1757 3 2 5 1 498 571 741 594
1758 3 2 5 1 1094 1143 1067 1009
1759 3 2 5 1 457 469 615 570
1760 3 2 5 1 456 468 616 571
1761 3 2 5 1 1629 1640 1654 1695
1762 3 2 5 1 1139 1104 971 1188
1763 3 2 5 1 471 421 668 503
1764 3 2 5 1 470 424 669 504
1765 3 2 5 1 1725 1814 1714 1619
1766 3 2 5 1 1896 1831 1877 1912
1767 3 2 5 1 1404 1489 1519 1553
1768 3 2 5 1 588 709 630 491
1769 3 2 5 1 842 694 577 617
1770 3 2 5 1 1189 1098 932 1016
1771 3 2 5 1 1090 970 1092 1187
1772 3 2 5 1 941 773 738 756
1773 3 2 5 1 1227 1301 1152 1059
1774 3 2 5 1 1935 1830 1788 1898
1775 3 2 5 1 1308 1257 1106 1147
1776 3 2 5 1 1199 1184 1034 1113
1777 3 2 5 1 1483 1365 1223 1353
1778 3 2 5 1 970 931 1008 1092
1779 3 2 5 1 1270 1200 966 1117
1780 3 2 5 1 892 750 595 805
1781 3 2 5 1 576 479 383 304
1782 3 2 5 1 1107 961 774 951
1783 3 2 5 1 1001 900 975 1091
1784 3 2 5 1 1276 1147 1033 1114
1785 3 2 5 1 1031 849 751 944
1786 3 2 5 1 1367 1493 1308 1350
1787 3 2 5 1 1211 1330 1234 1127
1788 3 2 5 1 1884 1924 1947 1936
1789 3 2 5 1 1112 960 941 883
1790 3 2 5 1 1023 946 684 861
1791 3 2 5 1 1089 1174 1187 1092
1792 3 2 5 1 775 899 817 709
1793 3 2 5 1 956 770 910 1097
1794 3 2 5 1 801 942 583 737
1795 3 2 5 1 690 847 484 656
1796 3 2 5 1 1417 1296 1146 1272
1797 3 2 5 1 510 404 507 603
1798 3 2 5 1 511 405 508 604
1799 3 2 5 1 1759 1660 1566 1674
1800 3 2 5 1 1071 1114 925 1030
1801 3 2 5 1 416 464 237 348
1802 3 2 5 1 417 465 238 349
1803 3 2 5 1 1168 1245 1336 1169
1804 3 2 5 1 1611 1452 1549 1615
1805 3 2 5 1 1033 1032 942 801
1806 3 2 5 1 1619 1714 1609 1504
1807 3 2 5 1 1428 1300 1136 1239
1808 3 2 5 1 1052 1184 1235 1348
1809 3 2 5 1 1391 1299 1135 1278
1810 3 2 5 1 1665 1602 1491 1554
1811 3 2 5 1 1789 1760 1683 1815
1812 3 2 5 1 1673 1763 1659 1564
1813 3 2 5 1 1069 1112 883 1029
1814 3 2 5 1 752 737 554 659
1815 3 2 5 1 302 622 507 426
1816 3 2 5 1 303 623 508 427
1817 3 2 5 1 905 730 830 1009
1818 3 2 5 1 1113 1034 945 773
1819 3 2 5 1 2086 2065 2029 2054
1820 3 2 5 1 1183 1075 873 987
1821 3 2 5 1 1104 926 943 971
1822 3 2 5 1 1274 1199 1113 960
1823 3 2 5 1 1190 1072 952 986
1824 3 2 5 1 1835 1780 1830 1867
1825 3 2 5 1 1068 1015 926 1104
1826 3 2 5 1 587 710 633 490
1827 3 2 5 1 1132 1276 1114 1071
1828 3 2 5 1 1564 1659 1522 1435
1829 3 2 5 1 1235 1347 1418 1412
1830 3 2 5 1 960 1113 773 941
1831 3 2 5 1 1025 934 763 860
1832 3 2 5 1 1330 1416 1271 1234
1833 3 2 5 1 611 651 417 545
1834 3 2 5 1 1106 1053 962 1032
1835 3 2 5 1 773 945 584 738
1836 3 2 5 1 843 683 486 676
1837 3 2 5 1 1804 1845 1900 1842
1838 3 2 5 1 649 747 446 541
1839 3 2 5 1 1504 1609 1484 1362
1840 3 2 5 1 1224 1284 1077 1343
1841 3 2 5 1 1225 1285 1078 1345
1842 3 2 5 1 1220 1346 1115 1198
1843 3 2 5 1 877 1030 845 689
1844 3 2 5 1 929 838 592 744
1845 3 2 5 1 856 766 668 631
1846 3 2 5 1 857 768 669 632
1847 3 2 5 1 1099 1189 1016 982
1848 3 2 5 1 97 284 382 96
1849 3 2 5 1 753 664 387 564
1850 3 2 5 1 930 839 591 743
1851 3 2 5 1 754 665 386 563
1852 3 2 5 1 1363 1412 1490 1438
1853 3 2 5 1 1148 1201 1038 1110
1854 3 2 5 1 546 450 221 356
1855 3 2 5 1 547 451 222 357
1856 3 2 5 1 1499 1692 1618 1588
1857 3 2 5 1 93 94 285 269
1858 3 2 5 1 561 466 275 358
1859 3 2 5 1 562 467 276 359
1860 3 2 5 1 743 591 453 549
1861 3 2 5 1 1732 1813 1682 1621
1862 3 2 5 1 744 592 452 548
1863 3 2 5 1 1362 1484 1307 1214
1864 3 2 5 1 563 386 195 366
1865 3 2 5 1 564 387 196 367
1866 3 2 5 1 548 452 241 368
1867 3 2 5 1 549 453 242 369
1868 3 2 5 1 569 420 211 381
1869 3 2 5 1 1895 1823 1776 1843
1870 3 2 5 1 756 738 558 660
1871 3 2 5 1 553 663 291 473
1872 3 2 5 1 1523 1557 1421 1494
1873 3 2 5 1 1275 1346 1419 1415
1874 3 2 5 1 1655 1544 1437 1565
1875 3 2 5 1 1184 1052 1021 1034
1876 3 2 5 1 557 666 290 472
1877 3 2 5 1 745 697 613 670
1878 3 2 5 1 1957 1867 1830 1935
1879 3 2 5 1 1491 1602 1668 1527
1880 3 2 5 1 746 698 614 671
1881 3 2 5 1 1116 870 946 966
1882 3 2 5 1 1254 1340 1195 1102
1883 3 2 5 1 1275 1356 1205 1151
1884 3 2 5 1 1237 1351 1203 1074
1885 3 2 5 1 618 420 569 678
1886 3 2 5 1 1102 1195 1027 983
1887 3 2 5 1 612 656 416 544
1888 3 2 5 1 1840 1774 1725 1764
1889 3 2 5 1 483 659 301 465
1890 3 2 5 1 1070 1035 870 1116
1891 3 2 5 1 1373 1415 1491 1441
1892 3 2 5 1 1035 1070 1196 885
1893 3 2 5 1 1720 1524 1450 1557
1894 3 2 5 1 1174 1089 1173 1233
1895 3 2 5 1 484 660 300 464
1896 3 2 5 1 887 949 746 855
1897 3 2 5 1 1936 1947 1976 1969
1898 3 2 5 1 1238 1354 1201 1148
1899 3 2 5 1 1206 1150 1028 1120
1900 3 2 5 1 697 761 551 613
1901 3 2 5 1 418 472 191 352
1902 3 2 5 1 419 473 192 353
1903 3 2 5 1 802 755 654 853
1904 3 2 5 1 1040 1120 780 947
1905 3 2 5 1 1808 1859 1879 1904
1906 3 2 5 1 886 948 745 854
1907 3 2 5 1 764 674 486 683
1908 3 2 5 1 474 354 221 450
1909 3 2 5 1 475 355 222 451
1910 3 2 5 1 698 762 555 614
1911 3 2 5 1 1664 1566 1439 1547
1912 3 2 5 1 1495 1364 1309 1411
1913 3 2 5 1 1151 1205 1037 1119
1914 3 2 5 1 1700 1699 1765 1746
1915 3 2 5 1 1640 1667 1720 1607
1916 3 2 5 1 804 950 762 698
1917 3 2 5 1 1128 1254 1102 958
1918 3 2 5 1 1886 1835 1867 1908
1919 3 2 5 1 803 947 585 761
1920 3 2 5 1 1793 1764 1715 1680
1921 3 2 5 1 670 613 462 573
1922 3 2 5 1 1760 1650 1567 1683
1923 3 2 5 1 1495 1411 1337 1453
1924 3 2 5 1 671 614 459 572
1925 3 2 5 1 1220 1348 1363 1492
1926 3 2 5 1 569 381 225 479
1927 3 2 5 1 400 239 275 466
1928 3 2 5 1 401 240 276 467
1929 3 2 5 1 1052 1198 1020 1021
1930 3 2 5 1 1742 1680 1662 1568
1931 3 2 5 1 842 617 674 764
1932 3 2 5 1 1022 802 853 885
1933 3 2 5 1 1239 1136 1072 1190
1934 3 2 5 1 1000 899 974 1093
1935 3 2 5 1 561 358 195 386
1936 3 2 5 1 562 359 196 387
1937 3 2 5 1 1730 1766 1716 1625
1938 3 2 5 1 1048 956 1097 1169
1939 3 2 5 1 1353 1223 1200 1270
1940 3 2 5 1 1007 905 1009 1067
1941 3 2 5 1 968 795 896 1109
1942 3 2 5 1 563 366 241 452
1943 3 2 5 1 564 367 242 453
1944 3 2 5 1 1073 1017 935 1118
1945 3 2 5 1 380 423 374 212
1946 3 2 5 1 477 375 211 420
1947 3 2 5 1 858 739 570 615
1948 3 2 5 1 859 741 571 616
1949 3 2 5 1 460 572 223 360
1950 3 2 5 1 463 573 224 361
1951 3 2 5 1 383 269 285 382
1952 3 2 5 1 388 565 199 364
1953 3 2 5 1 389 566 200 365
1954 3 2 5 1 468 456 243 372
1955 3 2 5 1 469 457 244 373
1956 3 2 5 1 424 470 215 378
1957 3 2 5 1 421 471 216 379
1958 3 2 5 1 425 574 207 376
1959 3 2 5 1 422 575 208 377
1960 3 2 5 1 1509 1485 1364 1546
1961 3 2 5 1 967 794 895 1108
1962 3 2 5 1 672 615 469 566
1963 3 2 5 1 673 616 468 565
1964 3 2 5 1 503 576 304 471
1965 3 2 5 1 631 668 421 575
1966 3 2 5 1 632 669 424 574
1967 3 2 5 1 1550 1527 1611 1615
1968 3 2 5 1 617 546 400 674
1969 3 2 5 1 1042 927 741 859
1970 3 2 5 1 1347 1235 1184 1199
1971 3 2 5 1 1036 848 750 892
1972 3 2 5 1 962 1110 886 772
1973 3 2 5 1 928 1042 859 742
1974 3 2 5 1 504 578 305 470
1975 3 2 5 1 1022 936 696 802
1976 3 2 5 1 843 676 665 763
1977 3 2 5 1 1993 1954 1975 2015
1978 3 2 5 1 759 856 631 657
1979 3 2 5 1 760 857 632 658
1980 3 2 5 1 1419 1492 1521 1554
1981 3 2 5 1 850 675 664 684
1982 3 2 5 1 740 858 615 672
1983 3 2 5 1 742 859 616 673
1984 3 2 5 1 846 803 761 697
1985 3 2 5 1 979 938 849 1031
1986 3 2 5 1 1149 1277 1355 1177
1987 3 2 5 1 766 765 503 668
1988 3 2 5 1 768 767 504 669
1989 3 2 5 1 1556 1423 1338 1439
1990 3 2 5 1 1549 1417 1299 1469
1991 3 2 5 1 1050 1142 1091 975
1992 3 2 5 1 2095 2073 2090 2105
1993 3 2 5 1 1348 1220 1198 1052
1994 3 2 5 1 1122 1039 934 1025
1995 3 2 5 1 2073 2067 2079 2090
1996 3 2 5 1 1152 1280 1087 1111
1997 3 2 5 1 1466 1393 1300 1428
1998 3 2 5 1 1105 1204 1197 1076
1999 3 2 5 1 846 948 1038 1019
2000 3 2 5 1 1226 1341 1206 1058
2001 3 2 5 1 926 851 694 943
2002 3 2 5 1 1601 1503 1438 1490
2003 3 2 5 1 966 1200 1130 1116
2004 3 2 5 1 1548 1490 1412 1418
2005 3 2 5 1 1479 1555 1610 1597
2006 3 2 5 1 1297 1222 1266 1389
2007 3 2 5 1 1278 1135 1075 1183
2008 3 2 5 1 935 764 683 774
2009 3 2 5 1 1333 1410 1306 1264
2010 3 2 5 1 1492 1419 1346 1220
2011 3 2 5 1 976 1197 986 1123
2012 3 2 5 1 1554 1491 1415 1419
2013 3 2 5 1 1288 1405 1254 1128
2014 3 2 5 1 804 949 972 1119
2015 3 2 5 1 1502 1597 1625 1716
2016 3 2 5 1 771 582 696 936
2017 3 2 5 1 1484 1418 1347 1307
2018 3 2 5 1 1550 1441 1491 1527
2019 3 2 5 1 986 952 839 930
2020 3 2 5 1 1979 1990 2025 2014
2021 3 2 5 1 1730 1809 1885 1861
2022 3 2 5 1 1945 1975 1954 1907
2023 3 2 5 1 1412 1363 1348 1235
2024 3 2 5 1 1453 1337 1223 1365
2025 3 2 5 1 478 305 578 480
2026 3 2 5 1 987 873 838 929
2027 3 2 5 1 2092 2106 2094 2098
2028 3 2 5 1 1360 1476 1330 1211
2029 3 2 5 1 1626 1579 1666 1696
2030 3 2 5 1 1447 1551 1291 1375
2031 3 2 5 1 916 782 871 991
2032 3 2 5 1 1210 1048 1169 1336
2033 3 2 5 1 1118 935 774 961
2034 3 2 5 1 1757 1814 1832 1859
2035 3 2 5 1 1766 1730 1861 1815
2036 3 2 5 1 1723 1796 1765 1669
2037 3 2 5 1 961 1202 1131 1118
2038 3 2 5 1 1339 1269 1131 1423
2039 3 2 5 1 2010 2029 2014 2025
2040 3 2 5 1 869 1019 1074 1203
2041 3 2 5 1 2067 2038 2072 2079
2042 3 2 5 1 2061 2074 2059 2040
2043 3 2 5 1 2066 2081 2097 2084
2044 3 2 5 1 851 655 577 694
2045 3 2 5 1 699 618 678 765
2046 3 2 5 1 423 677 767 619
2047 3 2 5 1 1416 1330 1476 1552
2048 3 2 5 1 2069 2048 2070 2078
2049 3 2 5 1 976 939 848 1036
2050 3 2 5 1 1249 1090 1187 1322
2051 3 2 5 1 1414 1259 1146 1296
2052 3 2 5 1 1340 1254 1405 1489
2053 3 2 5 1 870 850 684 946
2054 3 2 5 1 1168 1007 1067 1264
2055 3 2 5 1 1391 1278 1355 1429
2056 3 2 5 1 1417 1272 1135 1299
2057 3 2 5 1 1353 1270 1136 1300
2058 3 2 5 1 767 677 578 504
2059 3 2 5 1 1260 1281 1197 1204
2060 3 2 5 1 2070 2026 1994 2050
2061 3 2 5 1 1786 1744 1811 1826
2062 3 2 5 1 1902 1789 1815 1861
2063 3 2 5 1 1117 1023 952 1072
2064 3 2 5 1 1122 1025 873 1075
2065 3 2 5 1 1110 1038 948 886
2066 3 2 5 1 2098 2108 2069 2078
2067 3 2 5 1 1281 1260 1279 1358
2068 3 2 5 1 951 843 763 934
2069 3 2 5 1 1579 1558 1445 1666
2070 3 2 5 1 304 383 382 284
2071 3 2 5 1 860 754 592 838
2072 3 2 5 1 1020 972 949 887
2073 3 2 5 1 861 753 591 839
2074 3 2 5 1 675 562 387 664
2075 3 2 5 1 676 561 386 665
2076 3 2 5 1 753 564 453 591
2077 3 2 5 1 754 563 452 592
2078 3 2 5 1 1134 1280 1425 1349
2079 3 2 5 1 1175 1134 1349 1277
2080 3 2 5 1 1391 1429 1349 1425
2081 3 2 5 1 1337 1130 1200 1223
2082 3 2 5 1 1516 1455 1558 1579
2083 3 2 5 1 1746 1765 1796 1856
2084 3 2 5 1 479 576 678 569
2085 3 2 5 1 1205 1059 965 1037
2086 3 2 5 1 2018 2057 2072 2051
2087 3 2 5 1 766 856 954 863
2088 3 2 5 1 1190 1281 1358 1239
2089 3 2 5 1 1269 1073 1118 1131
2090 3 2 5 1 1352 1140 1236 1309
2091 3 2 5 1 918 783 872 992
2092 3 2 5 1 2006 2047 1975 1945
2093 3 2 5 1 677 550 480 578
2094 3 2 5 1 1119 1037 950 804
2095 3 2 5 1 1201 1074 1019 1038
2096 3 2 5 1 1817 1843 1776 1745
2097 3 2 5 1 1270 1117 1072 1136
2098 3 2 5 1 1554 1521 1603 1665
2099 3 2 5 1 963 903 998 1086
2100 3 2 5 1 1622 1745 1776 1726
2101 3 2 5 1 1107 951 934 1039
2102 3 2 5 1 1393 1450 1524 1483
2103 3 2 5 1 1498 1599 1476 1360
2104 3 2 5 1 1429 1355 1277 1349
2105 3 2 5 1 880 1105 1076 1003
2106 3 2 5 1 986 1197 1281 1190
2107 3 2 5 1 1701 1635 1663 1697
2108 3 2 5 1 1970 1937 1936 1969
2109 3 2 5 1 1301 1425 1280 1152
2110 3 2 5 1 1557 1450 1372 1421
2111 3 2 5 1 862 857 760 955
2112 3 2 5 1 789 954 856 759
2113 3 2 5 1 2032 2060 2047 2006
2114 3 2 5 1 765 678 576 503
2115 3 2 5 1 1851 1874 1844 1787
2116 3 2 5 1 596 862 955 788
2117 3 2 5 1 880 805 863 954
2118 3 2 5 1 964 904 999 1085
2119 3 2 5 1 1245 1168 1264 1306
2120 3 2 5 1 501 700 862 596
2121 3 2 5 1 805 595 699 863
2122 3 2 5 1 1494 1421 1351 1237
2123 3 2 5 1 1060 1150 1279 1260
2124 3 2 5 1 1885 1878 1971 1938
2125 3 2 5 1 1485 1352 1309 1364
2126 3 2 5 1 2000 1916 1938 1971
2127 3 2 5 1 1933 1971 1878 1824
2128 3 2 5 1 1023 861 839 952
2129 3 2 5 1 1708 1625 1597 1610
2130 3 2 5 1 1365 1483 1524 1612
2131 3 2 5 1 1025 860 838 873
2132 3 2 5 1 1483 1353 1300 1393
2133 3 2 5 1 1317 1137 1240 1390
2134 3 2 5 1 1561 1630 1599 1498
2135 3 2 5 1 2074 2061 2083 2087
2136 3 2 5 1 1621 1682 1603 1503
2137 3 2 5 1 1366 1451 1422 1293
2138 3 2 5 1 1659 1610 1555 1522
2139 3 2 5 1 1028 988 888 953
2140 3 2 5 1 1860 1818 1783 1831
2141 3 2 5 1 1865 1820 1853 1931
2142 3 2 5 1 1280 1134 1121 1087
2143 3 2 5 1 1944 1998 1968 1906
2144 3 2 5 1 1272 1122 1075 1135
2145 3 2 5 1 1822 1812 1724 1893
2146 3 2 5 1 1552 1476 1599 1661
2147 3 2 5 1 1111 1087 1042 928
2148 3 2 5 1 1341 1279 1150 1206
2149 3 2 5 1 1633 1605 1507 1694
2150 3 2 5 1 2095 2091 2083 2086
2151 3 2 5 1 2004 2045 1998 1944
2152 3 2 5 1 1293 1422 1354 1238
2153 3 2 5 1 1868 1822 1893 1915
2154 3 2 5 1 1570 1769 1696 1666
2155 3 2 5 1 1606 1495 1453 1506
2156 3 2 5 1 1318 1138 1241 1392
2157 3 2 5 1 1055 991 871 1153
2158 3 2 5 1 1744 1633 1694 1811
2159 3 2 5 1 1237 1354 1422 1494
2160 3 2 5 1 1843 1817 1804 1842
2161 3 2 5 1 1140 1103 1196 1236
2162 3 2 5 1 1665 1718 1668 1602
2163 3 2 5 1 1791 1816 1798 1854
2164 3 2 5 1 727 895 794 589
2165 3 2 5 1 1819 1770 1677 1818
2166 3 2 5 1 1057 992 872 1154
2167 3 2 5 1 728 896 795 590
2168 3 2 5 1 1415 1373 1356 1275
2169 3 2 5 1 1718 1762 1674 1719
2170 3 2 5 1 6 307 270 5
2171 3 2 5 1 1660 1556 1439 1566
2172 3 2 5 1 1277 1149 1088 1175
2173 3 2 5 1 1527 1668 1664 1611
2174 3 2 5 1 2101 2076 2055 2088
2175 3 2 5 1 1720 1667 1612 1524
2176 3 2 5 1 1202 1338 1423 1131
2177 3 2 5 1 1622 1770 1717 1644
2178 3 2 5 1 1070 1273 1236 1196
2179 3 2 5 1 1525 1539 1559 1613
2180 3 2 5 1 1718 1719 1664 1668
2181 3 2 5 1 1640 1506 1612 1667
2182 3 2 5 1 1630 1699 1661 1599
2183 3 2 5 1 1987 1908 1867 1957
2184 3 2 5 1 1615 1549 1469 1550
2185 3 2 5 1 1985 2025 1990 1950
2186 3 2 5 1 857 862 700 768
2187 3 2 5 1 1861 1885 1938 1902
2188 3 2 5 1 1824 1878 1855 1777
2189 3 2 5 1 1863 1857 1813 1732
2190 3 2 5 1 1894 1940 1904 1879
2191 3 2 5 1 1607 1720 1557 1523
2192 3 2 5 1 863 699 765 766
2193 3 2 5 1 619 767 768 700
2194 3 2 5 1 2013 2000 1971 1933
2195 3 2 5 1 1571 1707 1685 1641
2196 3 2 5 1 1804 1817 1685 1707
2197 3 2 5 1 1953 1917 1894 1920
2198 3 2 5 1 1870 1940 1894 1917
2199 3 2 5 1 1873 1952 1948 1921
2200 3 2 5 1 1952 2013 2009 1948
2201 3 2 5 1 1998 2045 2009 2013
2202 3 2 5 1 2034 2058 2041 2044
$EndElements
