1.000000000000000021e-02 5.249927400686156709e+00 1.464958280852719952e+00 -1.000000000000000056e-01
2.000000000000000042e-02 3.154196476660572568e+00 1.461847763253760757e+00 -1.000000000000000056e-01
2.999999999999999889e-02 2.544655589409880569e+00 1.458018579953918703e+00 -1.000000000000000056e-01
4.000000000000000083e-02 2.263400393141357103e+00 1.456687152183820722e+00 -1.000000000000000056e-01
5.000000000000000278e-02 2.002278934250631526e+00 1.455525493214537835e+00 -1.000000000000000056e-01
5.999999999999999778e-02 1.782249973296895718e+00 1.454571559547205073e+00 -1.000000000000000056e-01
7.000000000000000666e-02 1.597416384814127399e+00 1.453825566656253176e+00 -1.000000000000000056e-01
8.000000000000000167e-02 1.442503599571545836e+00 1.453373119456702556e+00 -1.000000000000000056e-01
8.999999999999999667e-02 1.312889946780562589e+00 1.453224633877059579e+00 -1.000000000000000056e-01
1.000000000000000056e-01 1.204617457201537567e+00 1.453366671280464262e+00 -1.000000000000000056e-01
1.100000000000000006e-01 1.114324349708493589e+00 1.453775147876942508e+00 -1.000000000000000056e-01
1.199999999999999956e-01 1.039164132147847308e+00 1.454423272696287350e+00 -1.000000000000000056e-01
1.300000000000000044e-01 9.767263649398311154e-01 1.455294444267986487e+00 -1.000000000000000056e-01
1.400000000000000133e-01 9.249991401770858435e-01 1.456322579181039467e+00 -1.000000000000000056e-01
1.499999999999999944e-01 8.822433735987026404e-01 1.457532576459208640e+00 -1.000000000000000056e-01
1.600000000000000033e-01 8.470455114620879522e-01 1.458864855146224215e+00 -1.000000000000000056e-01
1.700000000000000122e-01 8.181922198951275815e-01 1.460306070532813250e+00 -1.000000000000000056e-01
1.799999999999999933e-01 7.946717832940479731e-01 1.461833532289157356e+00 -1.000000000000000056e-01
1.900000000000000022e-01 7.756354784627704779e-01 1.463427477899860829e+00 -1.000000000000000056e-01
2.000000000000000111e-01 7.603713230798040401e-01 1.465070804188311815e+00 -1.000000000000000056e-01
2.099999999999999922e-01 7.482826074287957097e-01 1.466748429293024847e+00 -1.000000000000000056e-01
2.200000000000000011e-01 7.388692230799640548e-01 1.468447201026002791e+00 -1.000000000000000056e-01
2.300000000000000100e-01 7.317120555476953614e-01 1.470155734973719541e+00 -1.000000000000000056e-01
2.399999999999999911e-01 7.264598458951069260e-01 1.471864236332081743e+00 -1.000000000000000056e-01
2.500000000000000000e-01 7.228181608785656520e-01 1.473564334586290547e+00 -1.000000000000000056e-01
2.600000000000000089e-01 7.205401399225717096e-01 1.475248924557021724e+00 -1.000000000000000056e-01
2.700000000000000178e-01 7.194187380484328154e-01 1.476912017990171799e+00 -1.000000000000000056e-01
2.800000000000000266e-01 7.192802271124693059e-01 1.478548607616685828e+00 -1.000000000000000056e-01
2.899999999999999800e-01 7.199787543232316622e-01 1.480154543930887634e+00 -1.000000000000000056e-01
2.999999999999999889e-01 7.213917882847032947e-01 1.481726424396098807e+00 -1.000000000000000056e-01
3.099999999999999978e-01 7.234163093316786641e-01 1.483261494511645573e+00 -1.000000000000000056e-01
3.200000000000000067e-01 7.259656234885991655e-01 1.484757560030166568e+00 -1.000000000000000056e-01
3.300000000000000155e-01 7.289666986047022013e-01 1.486212909491365197e+00 -1.000000000000000056e-01
3.400000000000000244e-01 7.323579374831695743e-01 1.487626246141907194e+00 -1.000000000000000056e-01
3.500000000000000333e-01 7.360873165650405614e-01 1.488996628293640434e+00 -1.000000000000000056e-01
3.599999999999999867e-01 7.401108302753290902e-01 1.490323417212179979e+00 -1.000000000000000056e-01
3.699999999999999956e-01 7.443911908531135602e-01 1.491606231701049223e+00 -1.000000000000000056e-01
3.800000000000000044e-01 7.488967416486105311e-01 1.492844908635781342e+00 -1.000000000000000056e-01
3.900000000000000133e-01 7.536005487187347196e-01 1.494039468768898260e+00 -1.000000000000000056e-01
4.000000000000000222e-01 7.584796413173302554e-01 1.495190087208961183e+00 -1.000000000000000056e-01
4.100000000000000311e-01 7.635143766992589232e-01 1.496297068017758747e+00 -1.000000000000000056e-01
4.199999999999999845e-01 7.686879087136839761e-01 1.497360822430490623e+00 -1.000000000000000056e-01
4.299999999999999933e-01 7.739857430529772930e-01 1.498381850228535539e+00 -1.000000000000000056e-01
4.400000000000000022e-01 7.793953648662496070e-01 1.499360723843905285e+00 -1.000000000000000056e-01
4.500000000000000111e-01 7.849059268241159737e-01 1.500298074797072889e+00 -1.000000000000000056e-01
4.600000000000000200e-01 7.905079877014665746e-01 1.501194582123472454e+00 -1.000000000000000056e-01
4.700000000000000289e-01 7.961932931989149642e-01 1.502050962479844820e+00 -1.000000000000000056e-01
4.799999999999999822e-01 8.019545920972116493e-01 1.502867961670972585e+00 -1.000000000000000056e-01
4.899999999999999911e-01 8.077854819789568319e-01 1.503646347380769521e+00 -1.000000000000000056e-01
5.000000000000000000e-01 8.136802797048081626e-01 1.504386902927618674e+00 -1.000000000000000056e-01
5.100000000000000089e-01 8.196339126158393995e-01 1.505090421903210851e+00 -1.000000000000000056e-01
5.200000000000000178e-01 8.256418270964137607e-01 1.505757703570314021e+00 -1.000000000000000056e-01
5.300000000000000266e-01 8.316999116799967950e-01 1.506389548926723609e+00 -1.000000000000000056e-01
5.400000000000000355e-01 8.378044323379489899e-01 1.506986757348386829e+00 -1.000000000000000056e-01
5.500000000000000444e-01 8.439519779801090138e-01 1.507550123739703318e+00 -1.000000000000000056e-01
5.600000000000000533e-01 8.501394145162335381e-01 1.508080436135040836e+00 -1.000000000000000056e-01
5.700000000000000622e-01 8.563638460967498700e-01 1.508578473687217647e+00 -1.000000000000000056e-01
5.799999999999999600e-01 8.626225823809585691e-01 1.509045005005714701e+00 -1.000000000000000056e-01
5.899999999999999689e-01 8.689131108658614266e-01 1.509480786792829266e+00 -1.000000000000000056e-01
5.999999999999999778e-01 8.752330734710429549e-01 1.509886562746986405e+00 -1.000000000000000056e-01
6.099999999999999867e-01 8.815802467035830370e-01 1.510263062694343406e+00 -1.000000000000000056e-01
6.199999999999999956e-01 8.879525248400275128e-01 1.510611001922131491e+00 -1.000000000000000056e-01
6.300000000000000044e-01 8.943479056523846449e-01 1.510931080682981875e+00 -1.000000000000000056e-01
6.400000000000000133e-01 9.007644782827624041e-01 1.511223983848740682e+00 -1.000000000000000056e-01
6.500000000000000222e-01 9.072004129350103030e-01 1.511490380689248125e+00 -1.000000000000000056e-01
6.600000000000000311e-01 9.136539521034486855e-01 1.511730924757360262e+00 -1.000000000000000056e-01
6.700000000000000400e-01 9.201234031063476593e-01 1.511946253861427447e+00 -1.000000000000000056e-01
6.800000000000000488e-01 9.266071317249173767e-01 1.512136990111865309e+00 -1.000000000000000056e-01
6.900000000000000577e-01 9.331035567820421539e-01 1.512303740023533516e+00 -1.000000000000000056e-01
7.000000000000000666e-01 9.396111455207528662e-01 1.512447094668899483e+00 -1.000000000000000056e-01
7.099999999999999645e-01 9.461284096615675265e-01 1.512567629864602692e+00 -1.000000000000000056e-01
7.199999999999999734e-01 9.526539020386630696e-01 1.512665906390201043e+00 -1.000000000000000056e-01
7.299999999999999822e-01 9.591862137290679824e-01 1.512742470226191571e+00 -1.000000000000000056e-01
7.399999999999999911e-01 9.657239715993682916e-01 1.512797852812164834e+00 -1.000000000000000056e-01
7.500000000000000000e-01 9.722658362101413987e-01 1.512832571314984165e+00 -1.000000000000000056e-01
7.600000000000000089e-01 9.788105000211255735e-01 1.512847128909244221e+00 -1.000000000000000056e-01
7.700000000000000178e-01 9.853566858543341134e-01 1.512842015063379231e+00 -1.000000000000000056e-01
7.800000000000000266e-01 9.919031455730364932e-01 1.512817705832967485e+00 -1.000000000000000056e-01
7.900000000000000355e-01 9.984486589443126725e-01 1.512774664157741311e+00 -1.000000000000000056e-01
8.000000000000000444e-01 1.004992032656939260e+00 1.512713340161157882e+00 -1.000000000000000056e-01
8.100000000000000533e-01 1.011532099467472579e+00 1.512634171454293908e+00 -1.000000000000000056e-01
8.200000000000000622e-01 1.018067717457830978e+00 1.512537583439393485e+00 -1.000000000000000056e-01
8.300000000000000711e-01 1.024597769381605961e+00 1.512423989614936515e+00 -1.000000000000000056e-01
8.399999999999999689e-01 1.031121162089958521e+00 1.512293791881286653e+00 -1.000000000000000056e-01
8.499999999999999778e-01 1.037636826018159653e+00 1.512147380845293432e+00 -1.000000000000000056e-01
8.599999999999999867e-01 1.044143714728378747e+00 1.511985136123914497e+00 -1.000000000000000056e-01
8.699999999999999956e-01 1.050640804495550418e+00 1.511807426646217145e+00 -1.000000000000000056e-01
8.800000000000000044e-01 1.057127093930407602e+00 1.511614610954052251e+00 -1.000000000000000056e-01
8.900000000000000133e-01 1.063601603634427573e+00 1.511407037498494477e+00 -1.000000000000000056e-01
9.000000000000000222e-01 1.070063375879293455e+00 1.511185044935820621e+00 -1.000000000000000056e-01
9.100000000000000311e-01 1.076511474309690408e+00 1.510948962417587804e+00 -1.000000000000000056e-01
9.200000000000000400e-01 1.082944983661577210e+00 1.510699109879557911e+00 -1.000000000000000056e-01
9.300000000000000488e-01 1.089363009497970713e+00 1.510435798324828882e+00 -1.000000000000000056e-01
9.400000000000000577e-01 1.095764677954768063e+00 1.510159330103795661e+00 -1.000000000000000056e-01
9.500000000000000666e-01 1.102149135497855870e+00 1.509869999188937939e+00 -1.000000000000000056e-01
9.599999999999999645e-01 1.108515548688582486e+00 1.509568091445238291e+00 -1.000000000000000056e-01
9.699999999999999734e-01 1.114863103954471413e+00 1.509253884894248499e+00 -1.000000000000000056e-01
9.799999999999999822e-01 1.121191007367682291e+00 1.508927649973532681e+00 -1.000000000000000056e-01
9.899999999999999911e-01 1.127498484425212943e+00 1.508589649790041065e+00 -1.000000000000000056e-01
1.000000000000000000e+00 1.133784779834021705e+00 1.508240140366351678e+00 -1.000000000000000056e-01
1.010000000000000009e+00 1.140049157298688831e+00 1.507879370881543668e+00 -1.000000000000000056e-01
1.020000000000000018e+00 1.146290899309271749e+00 1.507507583904125203e+00 -1.000000000000000056e-01
1.030000000000000027e+00 1.152509306933308109e+00 1.507125015619925401e+00 -1.000000000000000056e-01
1.040000000000000036e+00 1.158703699605839521e+00 1.506731896050481412e+00 -1.000000000000000056e-01
1.050000000000000044e+00 1.164873414922686035e+00 1.506328449266713498e+00 -1.000000000000000056e-01
1.060000000000000053e+00 1.171017808431694895e+00 1.505914893594447301e+00 -1.000000000000000056e-01
1.070000000000000062e+00 1.177136253426521284e+00 1.505491441812711217e+00 -1.000000000000000056e-01
1.080000000000000071e+00 1.183228140738396439e+00 1.505058301345960192e+00 -1.000000000000000056e-01
1.090000000000000080e+00 1.189292878529176090e+00 1.504615674449356844e+00 -1.000000000000000056e-01
1.100000000000000089e+00 1.195329892083359713e+00 1.504163758386575678e+00 -1.000000000000000056e-01
1.110000000000000098e+00 1.201338623600787026e+00 1.503702745602823132e+00 -1.000000000000000056e-01
1.120000000000000107e+00 1.207318531987382260e+00 1.503232823890394476e+00 -1.000000000000000056e-01
1.130000000000000115e+00 1.213269092647666136e+00 1.502754176548943388e+00 -1.000000000000000056e-01
1.140000000000000124e+00 1.219189797275139542e+00 1.502266982539622431e+00 -1.000000000000000056e-01
1.150000000000000133e+00 1.225080153642351455e+00 1.501771416634666956e+00 -1.000000000000000056e-01
1.159999999999999920e+00 1.230939685391760019e+00 1.501267649560638739e+00 -1.000000000000000056e-01
1.169999999999999929e+00 1.236767931824278799e+00 1.500755848137246051e+00 -1.000000000000000056e-01
1.179999999999999938e+00 1.242564447688617069e+00 1.500236175411809425e+00 -1.000000000000000056e-01
1.189999999999999947e+00 1.248328802969412621e+00 1.499708790788182089e+00 -1.000000000000000056e-01
1.199999999999999956e+00 1.254060582674798141e+00 1.499173850152295762e+00 -1.000000000000000056e-01
1.209999999999999964e+00 1.259759386624055733e+00 1.498631505992912727e+00 -1.000000000000000056e-01
1.219999999999999973e+00 1.265424829234394588e+00 1.498081907518808986e+00 -1.000000000000000056e-01
1.229999999999999982e+00 1.271056539306930189e+00 1.497525200771610665e+00 -1.000000000000000056e-01
1.239999999999999991e+00 1.276654159814091249e+00 1.496961528735700764e+00 -1.000000000000000056e-01
1.250000000000000000e+00 1.282217347684422526e+00 1.496391031444118447e+00 -1.000000000000000056e-01
1.260000000000000009e+00 1.287745773589867193e+00 1.495813846080815024e+00 -1.000000000000000056e-01
1.270000000000000018e+00 1.293239121731417640e+00 1.495230107080600668e+00 -1.000000000000000056e-01
1.280000000000000027e+00 1.298697089625906687e+00 1.494639946224523008e+00 -1.000000000000000056e-01
1.290000000000000036e+00 1.304119387892881843e+00 1.494043492733885037e+00 -1.000000000000000056e-01
1.300000000000000044e+00 1.309505740042566480e+00 1.493440873359382914e+00 -1.000000000000000056e-01
1.310000000000000053e+00 1.314855882263618048e+00 1.492832212468980568e+00 -1.000000000000000056e-01
1.320000000000000062e+00 1.320169563213036357e+00 1.492217632131803917e+00 -1.000000000000000056e-01
1.330000000000000071e+00 1.325446543806170663e+00 1.491597252199959422e+00 -1.000000000000000056e-01
1.340000000000000080e+00 1.330686597008283734e+00 1.490971190387025302e+00 -1.000000000000000056e-01
1.350000000000000089e+00 1.335889507627617157e+00 1.490339562344259683e+00 -1.000000000000000056e-01
1.360000000000000098e+00 1.341055072109869961e+00 1.489702481734023420e+00 -1.000000000000000056e-01
1.370000000000000107e+00 1.346183098333867401e+00 1.489060060300238630e+00 -1.000000000000000056e-01
1.380000000000000115e+00 1.351273405410181816e+00 1.488412407937106829e+00 -1.000000000000000056e-01
1.390000000000000124e+00 1.356325823480049486e+00 1.487759632753881789e+00 -1.000000000000000056e-01
1.400000000000000133e+00 1.361340193517436070e+00 1.487101841138532388e+00 -1.000000000000000056e-01
1.409999999999999920e+00 1.366316367132715426e+00 1.486439137817795242e+00 -1.000000000000000056e-01
1.419999999999999929e+00 1.371254206378772933e+00 1.485771625915462968e+00 -1.000000000000000056e-01
1.429999999999999938e+00 1.376153583558298532e+00 1.485099407007950845e+00 -1.000000000000000056e-01
1.439999999999999947e+00 1.381014381035243321e+00 1.484422581176455980e+00 -1.000000000000000056e-01
1.449999999999999956e+00 1.385836491046567698e+00 1.483741247059688240e+00 -1.000000000000000056e-01
1.459999999999999964e+00 1.390619815517231794e+00 1.483055501899863682e+00 -1.000000000000000056e-01
1.469999999999999973e+00 1.395364265878393351e+00 1.482365441591139810e+00 -1.000000000000000056e-01
1.479999999999999982e+00 1.400069762885737035e+00 1.481671160721562019e+00 -1.000000000000000056e-01
1.489999999999999991e+00 1.404736236442469366e+00 1.480972752616663835e+00 -1.000000000000000056e-01
1.500000000000000000e+00 1.409363625423417199e+00 1.480270309377718529e+00 -1.000000000000000056e-01
1.510000000000000009e+00 1.413951877501585574e+00 1.479563921920308944e+00 -1.000000000000000056e-01
1.520000000000000018e+00 1.418500948977179155e+00 1.478853680010322913e+00 -1.000000000000000056e-01
1.530000000000000027e+00 1.423010804609374347e+00 1.478139672297114293e+00 -1.000000000000000056e-01
1.540000000000000036e+00 1.427481417449535162e+00 1.477421986346618477e+00 -1.000000000000000056e-01
1.550000000000000044e+00 1.431912768676876446e+00 1.476700708671624174e+00 -1.000000000000000056e-01
1.560000000000000053e+00 1.436304847437538612e+00 1.475975924760794422e+00 -1.000000000000000056e-01
1.570000000000000062e+00 1.440657650683611513e+00 1.475247719106123068e+00 -1.000000000000000056e-01
1.580000000000000071e+00 1.444971183016699579e+00 1.474516175229930726e+00 -1.000000000000000056e-01
1.590000000000000080e+00 1.449245456532014309e+00 1.473781375708208330e+00 -1.000000000000000056e-01
1.600000000000000089e+00 1.453480490665323810e+00 1.473043402195754581e+00 -1.000000000000000056e-01
1.610000000000000098e+00 1.457676312041421784e+00 1.472302335447838839e+00 -1.000000000000000056e-01
1.620000000000000107e+00 1.461832954325879674e+00 1.471558255341690824e+00 -1.000000000000000056e-01
1.630000000000000115e+00 1.465950458076987095e+00 1.470811240896802596e+00 -1.000000000000000056e-01
1.640000000000000124e+00 1.470028870601458815e+00 1.470061370294695857e+00 -1.000000000000000056e-01
1.650000000000000133e+00 1.474068245811264388e+00 1.469308720896484344e+00 -1.000000000000000056e-01
1.660000000000000142e+00 1.478068644082046523e+00 1.468553369261722086e+00 -1.000000000000000056e-01
1.669999999999999929e+00 1.482030132114945831e+00 1.467795391164063989e+00 -1.000000000000000056e-01
1.679999999999999938e+00 1.485952782798557248e+00 1.467034861607595220e+00 -1.000000000000000056e-01
1.689999999999999947e+00 1.489836675074067918e+00 1.466271854842717826e+00 -1.000000000000000056e-01
1.699999999999999956e+00 1.493681893801787286e+00 1.465506444379572892e+00 -1.000000000000000056e-01
1.709999999999999964e+00 1.497488529629622533e+00 1.464738703003096720e+00 -1.000000000000000056e-01
1.719999999999999973e+00 1.501256678863587046e+00 1.463968702785286791e+00 -1.000000000000000056e-01
1.729999999999999982e+00 1.504986443339441093e+00 1.463196515098478034e+00 -1.000000000000000056e-01
1.739999999999999991e+00 1.508677930297630088e+00 1.462422210627190466e+00 -1.000000000000000056e-01
1.750000000000000000e+00 1.512331252258089176e+00 1.461645859379711032e+00 -1.000000000000000056e-01
1.760000000000000009e+00 1.515946526898611646e+00 1.460867530698610084e+00 -1.000000000000000056e-01
1.770000000000000018e+00 1.519523876934091744e+00 1.460087293271775888e+00 -1.000000000000000056e-01
1.780000000000000027e+00 1.523063429997487006e+00 1.459305215141877055e+00 -1.000000000000000056e-01
1.790000000000000036e+00 1.526565318523119830e+00 1.458521363716034136e+00 -1.000000000000000056e-01
1.800000000000000044e+00 1.530029679631337514e+00 1.457735805774847959e+00 -1.000000000000000056e-01
1.810000000000000053e+00 1.533456655014718395e+00 1.456948607480108793e+00 -1.000000000000000056e-01
1.820000000000000062e+00 1.536846390826845710e+00 1.456159834384436191e+00 -1.000000000000000056e-01
1.830000000000000071e+00 1.540199037571409413e+00 1.455369551437601938e+00 -1.000000000000000056e-01
1.840000000000000080e+00 1.543514749994710167e+00 1.454577822994069347e+00 -1.000000000000000056e-01
1.850000000000000089e+00 1.546793686978155558e+00 1.453784712820385794e+00 -1.000000000000000056e-01
1.860000000000000098e+00 1.550036011433446381e+00 1.452990284101661755e+00 -1.000000000000000056e-01
1.870000000000000107e+00 1.553241890199382080e+00 1.452194599446588574e+00 -1.000000000000000056e-01
1.880000000000000115e+00 1.556411493939251711e+00 1.451397720895469590e+00 -1.000000000000000056e-01
1.890000000000000124e+00 1.559544997041488301e+00 1.450599709923094061e+00 -1.000000000000000056e-01
1.900000000000000133e+00 1.562642577519580689e+00 1.449800627446637735e+00 -1.000000000000000056e-01
1.910000000000000142e+00 1.565704416916235298e+00 1.449000533828132653e+00 -1.000000000000000056e-01
1.919999999999999929e+00 1.568730700206454109e+00 1.448199488881079855e+00 -1.000000000000000056e-01
1.929999999999999938e+00 1.571721615703726593e+00 1.447397551873501831e+00 -1.000000000000000056e-01
1.939999999999999947e+00 1.574677354966930176e+00 1.446594781532670959e+00 -1.000000000000000056e-01
1.949999999999999956e+00 1.577598112708929357e+00 1.445791236048933337e+00 -1.000000000000000056e-01
1.959999999999999964e+00 1.580484086706693603e+00 1.444986973079243286e+00 -1.000000000000000056e-01
1.969999999999999973e+00 1.583335477711713013e+00 1.444182049750481367e+00 -1.000000000000000056e-01
1.979999999999999982e+00 1.586152489363827467e+00 1.443376522663170070e+00 -1.000000000000000056e-01
1.989999999999999991e+00 1.588935328103999289e+00 1.442570447893764873e+00 -1.000000000000000056e-01
2.000000000000000000e+00 1.591684203090343086e+00 1.441763880998354841e+00 -1.000000000000000056e-01
2.010000000000000231e+00 1.594399326114094739e+00 1.440956877014472504e+00 -1.000000000000000056e-01
2.020000000000000018e+00 1.597080911517603896e+00 1.440149490464401216e+00 -1.000000000000000056e-01
2.030000000000000249e+00 1.599729176113350748e+00 1.439341775356892672e+00 -1.000000000000000056e-01
2.040000000000000036e+00 1.602344339103911830e+00 1.438533785190080794e+00 -1.000000000000000056e-01
2.049999999999999822e+00 1.604926622003658654e+00 1.437725572952665010e+00 -1.000000000000000056e-01
2.060000000000000053e+00 1.607476248560941290e+00 1.436917191126708460e+00 -1.000000000000000056e-01
2.069999999999999840e+00 1.609993444682290331e+00 1.436108691689125916e+00 -1.000000000000000056e-01
2.080000000000000071e+00 1.612478438356733434e+00 1.435300126113304264e+00 -1.000000000000000056e-01
2.089999999999999858e+00 1.614931459582326312e+00 1.434491545371101351e+00 -1.000000000000000056e-01
2.100000000000000089e+00 1.617352740292597790e+00 1.433682999933676649e+00 -1.000000000000000056e-01
2.109999999999999876e+00 1.619742514285093193e+00 1.432874539773949296e+00 -1.000000000000000056e-01
2.120000000000000107e+00 1.622101017150962443e+00 1.432066214367004653e+00 -1.000000000000000056e-01
2.129999999999999893e+00 1.624428486203961075e+00 1.431258072691688588e+00 -1.000000000000000056e-01
2.140000000000000124e+00 1.626725160413265314e+00 1.430450163232639404e+00 -1.000000000000000056e-01
2.149999999999999911e+00 1.628991280334904923e+00 1.429642533979464059e+00 -1.000000000000000056e-01
2.160000000000000142e+00 1.631227088045311913e+00 1.428835232430121449e+00 -1.000000000000000056e-01
2.169999999999999929e+00 1.633432827075798954e+00 1.428028305590520741e+00 -1.000000000000000056e-01
2.180000000000000160e+00 1.635608742347763878e+00 1.427221799975640026e+00 -1.000000000000000056e-01
2.189999999999999947e+00 1.637755080109552175e+00 1.426415761611242505e+00 -1.000000000000000056e-01
2.200000000000000178e+00 1.639872087872912054e+00 1.425610236034193345e+00 -1.000000000000000056e-01
2.209999999999999964e+00 1.641960014352221942e+00 1.424805268293104277e+00 -1.000000000000000056e-01
2.220000000000000195e+00 1.644019109403303425e+00 1.424000902950251390e+00 -1.000000000000000056e-01
2.229999999999999982e+00 1.646049623963579345e+00 1.423197184081416822e+00 -1.000000000000000056e-01
2.240000000000000213e+00 1.648051809993408057e+00 1.422394155277368677e+00 -1.000000000000000056e-01
2.250000000000000000e+00 1.650025920418092706e+00 1.421591859644206979e+00 -1.000000000000000056e-01
2.260000000000000231e+00 1.651972209070180275e+00 1.420790339805125146e+00 -1.000000000000000056e-01
2.270000000000000018e+00 1.653890930634216883e+00 1.419989637899810697e+00 -1.000000000000000056e-01
2.280000000000000249e+00 1.655782340590021384e+00 1.419189795587134650e+00 -1.000000000000000056e-01
2.290000000000000036e+00 1.657646695158981442e+00 1.418390854043835470e+00 -1.000000000000000056e-01
2.300000000000000266e+00 1.659484251249039755e+00 1.417592853967695854e+00 -1.000000000000000056e-01
2.310000000000000053e+00 1.661295266402380122e+00 1.416795835576211582e+00 -1.000000000000000056e-01
2.319999999999999840e+00 1.663079998741554766e+00 1.415999838608821282e+00 -1.000000000000000056e-01
2.330000000000000071e+00 1.664838706918740252e+00 1.415204902327205527e+00 -1.000000000000000056e-01
2.339999999999999858e+00 1.666571650062776966e+00 1.414411065516320676e+00 -1.000000000000000056e-01
2.350000000000000089e+00 1.668279087729709342e+00 1.413618366484479694e+00 -1.000000000000000056e-01
2.359999999999999876e+00 1.669961279851176261e+00 1.412826843065238203e+00 -1.000000000000000056e-01
2.370000000000000107e+00 1.671618486685369831e+00 1.412036532617056528e+00 -1.000000000000000056e-01
2.379999999999999893e+00 1.673250968767299396e+00 1.411247472024779404e+00 -1.000000000000000056e-01
2.390000000000000124e+00 1.674858986860293664e+00 1.410459697699595116e+00 -1.000000000000000056e-01
2.399999999999999911e+00 1.676442801907410463e+00 1.409673245580360224e+00 -1.000000000000000056e-01
2.410000000000000142e+00 1.678002674983873677e+00 1.408888151133763644e+00 -1.000000000000000056e-01
2.419999999999999929e+00 1.679538867250068401e+00 1.408104449354959042e+00 -1.000000000000000056e-01
2.430000000000000160e+00 1.681051639904686423e+00 1.407322174768178558e+00 -1.000000000000000056e-01
2.439999999999999947e+00 1.682541254138737674e+00 1.406541361427223746e+00 -1.000000000000000056e-01
2.450000000000000178e+00 1.684007971090644151e+00 1.405762042915717824e+00 -1.000000000000000056e-01
2.459999999999999964e+00 1.685452051800736539e+00 1.404984252348048912e+00 -1.000000000000000056e-01
2.470000000000000195e+00 1.686873757167654198e+00 1.404208022369084485e+00 -1.000000000000000056e-01
2.479999999999999982e+00 1.688273347905231647e+00 1.403433385155402169e+00 -1.000000000000000056e-01
2.490000000000000213e+00 1.689651084498829281e+00 1.402660372414858525e+00 -1.000000000000000056e-01
2.500000000000000000e+00 1.691007227164328830e+00 1.401889015387759674e+00 -1.000000000000000056e-01
2.510000000000000231e+00 1.692342035805934675e+00 1.401119344846659898e+00 -1.000000000000000056e-01
2.520000000000000018e+00 1.693655769976023295e+00 1.400351391097204745e+00 -1.000000000000000056e-01
2.530000000000000249e+00 1.694948688834919226e+00 1.399585183978328873e+00 -1.000000000000000056e-01
2.540000000000000036e+00 1.696221051111381550e+00 1.398820752862436345e+00 -1.000000000000000056e-01
2.550000000000000266e+00 1.697473115064302096e+00 1.398058126656829492e+00 -1.000000000000000056e-01
2.560000000000000053e+00 1.698705138444060125e+00 1.397297333802610453e+00 -1.000000000000000056e-01
2.569999999999999840e+00 1.699917378455447992e+00 1.396538402276896740e+00 -1.000000000000000056e-01
2.580000000000000071e+00 1.701110091720890116e+00 1.395781359591663717e+00 -1.000000000000000056e-01
2.589999999999999858e+00 1.702283534243449692e+00 1.395026232795739229e+00 -1.000000000000000056e-01
2.600000000000000089e+00 1.703437961372052944e+00 1.394273048474166554e+00 -1.000000000000000056e-01
2.609999999999999876e+00 1.704573627765701094e+00 1.393521832749483824e+00 -1.000000000000000056e-01
2.620000000000000107e+00 1.705690787358958849e+00 1.392772611282131701e+00 -1.000000000000000056e-01
2.629999999999999893e+00 1.706789693328036428e+00 1.392025409270701397e+00 -1.000000000000000056e-01
2.640000000000000124e+00 1.707870598057919631e+00 1.391280251453267169e+00 -1.000000000000000056e-01
2.649999999999999911e+00 1.708933753107898301e+00 1.390537162107244207e+00 -1.000000000000000056e-01
2.660000000000000142e+00 1.709979409181350940e+00 1.389796165050458887e+00 -1.000000000000000056e-01
2.669999999999999929e+00 1.711007816092122491e+00 1.389057283642370022e+00 -1.000000000000000056e-01
2.680000000000000160e+00 1.712019222734855628e+00 1.388320540783337442e+00 -1.000000000000000056e-01
2.689999999999999947e+00 1.713013877053229717e+00 1.387585958917139983e+00 -1.000000000000000056e-01
2.700000000000000178e+00 1.713992026010801695e+00 1.386853560030633092e+00 -1.000000000000000056e-01
2.709999999999999964e+00 1.714953915561344688e+00 1.386123365654646111e+00 -1.000000000000000056e-01
2.720000000000000195e+00 1.715899790619479948e+00 1.385395396865608308e+00 -1.000000000000000056e-01
2.729999999999999982e+00 1.716829895033487041e+00 1.384669674285446739e+00 -1.000000000000000056e-01
2.740000000000000213e+00 1.717744471556271302e+00 1.383946218083590196e+00 -1.000000000000000056e-01
2.750000000000000000e+00 1.718643761819035776e+00 1.383225047976724964e+00 -1.000000000000000056e-01
2.760000000000000231e+00 1.719528006304127832e+00 1.382506183231081653e+00 -1.000000000000000056e-01
2.770000000000000018e+00 1.720397444319256453e+00 1.381789642662580864e+00 -1.000000000000000056e-01
2.780000000000000249e+00 1.721252313970986547e+00 1.381075444638369287e+00 -1.000000000000000056e-01
2.790000000000000036e+00 1.722092852140385766e+00 1.380363607077633503e+00 -1.000000000000000056e-01
2.800000000000000266e+00 1.722919294457470940e+00 1.379654147453320601e+00 -1.000000000000000056e-01
2.810000000000000053e+00 1.723731875277420444e+00 1.378947082792512546e+00 -1.000000000000000056e-01
2.819999999999999840e+00 1.724530827655950338e+00 1.378242429678653513e+00 -1.000000000000000056e-01
2.830000000000000071e+00 1.725316383326541025e+00 1.377540204251926914e+00 -1.000000000000000056e-01
2.839999999999999858e+00 1.726088772676712457e+00 1.376840422211264015e+00 -1.000000000000000056e-01
2.850000000000000089e+00 1.726848224725632708e+00 1.376143098815344912e+00 -1.000000000000000056e-01
2.859999999999999876e+00 1.727594967101507173e+00 1.375448248884299618e+00 -1.000000000000000056e-01
2.870000000000000107e+00 1.728329226019909237e+00 1.374755886800718363e+00 -1.000000000000000056e-01
2.879999999999999893e+00 1.729051226262138696e+00 1.374066026512115624e+00 -1.000000000000000056e-01
2.890000000000000124e+00 1.729761191153523781e+00 1.373378681531416179e+00 -1.000000000000000056e-01
2.899999999999999911e+00 1.730459342543799517e+00 1.372693864939455555e+00 -1.000000000000000056e-01
2.910000000000000142e+00 1.731145900785046488e+00 1.372011589386561425e+00 -1.000000000000000056e-01
2.919999999999999929e+00 1.731821084712945602e+00 1.371331867094062629e+00 -1.000000000000000056e-01
2.930000000000000160e+00 1.732485111626330454e+00 1.370654709856446329e+00 -1.000000000000000056e-01
2.939999999999999947e+00 1.733138197267829472e+00 1.369980129043669503e+00 -1.000000000000000056e-01
2.950000000000000178e+00 1.733780555805314982e+00 1.369308135602203880e+00 -1.000000000000000056e-01
2.959999999999999964e+00 1.734412399812327754e+00 1.368638740058546910e+00 -1.000000000000000056e-01
2.970000000000000195e+00 1.735033940250891860e+00 1.367971952520104395e+00 -1.000000000000000056e-01
2.979999999999999982e+00 1.735645386452546735e+00 1.367307782678682582e+00 -1.000000000000000056e-01
2.990000000000000213e+00 1.736246946101280386e+00 1.366646239812007835e+00 -1.000000000000000056e-01
3.000000000000000000e+00 1.736838825216162174e+00 1.365987332786528841e+00 -1.000000000000000056e-01
3.010000000000000231e+00 1.737421228134668816e+00 1.365331070060324503e+00 -1.000000000000000056e-01
3.020000000000000018e+00 1.737994357495802111e+00 1.364677459684530358e+00 -1.000000000000000056e-01
3.030000000000000249e+00 1.738558414224490756e+00 1.364026509308111423e+00 -1.000000000000000056e-01
3.040000000000000036e+00 1.739113597515553833e+00 1.363378226178050712e+00 -1.000000000000000056e-01
3.050000000000000266e+00 1.739660104818900654e+00 1.362732617144703617e+00 -1.000000000000000056e-01
3.060000000000000053e+00 1.740198131823731842e+00 1.362089688662676767e+00 -1.000000000000000056e-01
3.070000000000000284e+00 1.740727872445561708e+00 1.361449446795229168e+00 -1.000000000000000056e-01
3.080000000000000071e+00 1.741249518810250363e+00 1.360811897216305022e+00 -1.000000000000000056e-01
3.089999999999999858e+00 1.741763261242219807e+00 1.360177045214511882e+00 -1.000000000000000056e-01
3.100000000000000089e+00 1.742269288249602921e+00 1.359544895695500299e+00 -1.000000000000000056e-01
3.109999999999999876e+00 1.742767786512310790e+00 1.358915453185845834e+00 -1.000000000000000056e-01
3.120000000000000107e+00 1.743258940868835927e+00 1.358288721835738233e+00 -1.000000000000000056e-01
3.129999999999999893e+00 1.743742934304450376e+00 1.357664705423077489e+00 -1.000000000000000056e-01
3.140000000000000124e+00 1.744219947938745241e+00 1.357043407355818410e+00 -1.000000000000000056e-01
3.149999999999999911e+00 1.744690161014619045e+00 1.356424830676800752e+00 -1.000000000000000056e-01
3.160000000000000142e+00 1.745153750886340394e+00 1.355808978066006310e+00 -1.000000000000000056e-01
3.169999999999999929e+00 1.745610893008982645e+00 1.355195851844889443e+00 -1.000000000000000056e-01
3.180000000000000160e+00 1.746061760927319018e+00 1.354585453979848086e+00 -1.000000000000000056e-01
3.189999999999999947e+00 1.746506526265451109e+00 1.353977786085870161e+00 -1.000000000000000056e-01
3.200000000000000178e+00 1.746945358716651242e+00 1.353372849430329872e+00 -1.000000000000000056e-01
3.209999999999999964e+00 1.747378426033143306e+00 1.352770644936792444e+00 -1.000000000000000056e-01
3.220000000000000195e+00 1.747805894016692729e+00 1.352171173188855713e+00 -1.000000000000000056e-01
3.229999999999999982e+00 1.748227926509041241e+00 1.351574434434315242e+00 -1.000000000000000056e-01
3.240000000000000213e+00 1.748644685382597652e+00 1.350980428588693494e+00 -1.000000000000000056e-01
3.250000000000000000e+00 1.749056330532221093e+00 1.350389155239781758e+00 -1.000000000000000056e-01
3.260000000000000231e+00 1.749463019865695523e+00 1.349800613651408243e+00 -1.000000000000000056e-01
3.270000000000000018e+00 1.749864909296661164e+00 1.349214802767497501e+00 -1.000000000000000056e-01
3.280000000000000249e+00 1.750262152735778010e+00 1.348631721216939416e+00 -1.000000000000000056e-01
3.290000000000000036e+00 1.750654902083841336e+00 1.348051367316820182e+00 -1.000000000000000056e-01
3.300000000000000266e+00 1.751043307224131595e+00 1.347473739077913901e+00 -1.000000000000000056e-01
3.310000000000000053e+00 1.751427516016028418e+00 1.346898834207612472e+00 -1.000000000000000056e-01
3.320000000000000284e+00 1.751807674288117900e+00 1.346326650116115964e+00 -1.000000000000000056e-01
3.330000000000000071e+00 1.752183925832523359e+00 1.345757183919089606e+00 -1.000000000000000056e-01
3.339999999999999858e+00 1.752556412398653007e+00 1.345190432443651884e+00 -1.000000000000000056e-01
3.350000000000000089e+00 1.752925273688794139e+00 1.344626392232011858e+00 -1.000000000000000056e-01
3.359999999999999876e+00 1.753290647351835929e+00 1.344065059546487584e+00 -1.000000000000000056e-01
3.370000000000000107e+00 1.753652668980022256e+00 1.343506430373968996e+00 -1.000000000000000056e-01
3.379999999999999893e+00 1.754011472104058944e+00 1.342950500431054905e+00 -1.000000000000000056e-01
3.390000000000000124e+00 1.754367188189121851e+00 1.342397265167898368e+00 -1.000000000000000056e-01
3.399999999999999911e+00 1.754719946632317562e+00 1.341846719774149488e+00 -1.000000000000000056e-01
3.410000000000000142e+00 1.755072890594881807e+00 1.341293036338983891e+00 -1.000000000000000056e-01
3.419999999999999929e+00 1.755414963300618858e+00 1.340762195131831369e+00 -1.000000000000000056e-01
3.430000000000000160e+00 1.755762251704677146e+00 1.340208737871641631e+00 -1.000000000000000056e-01
3.439999999999999947e+00 1.756106550378391029e+00 1.339667642778306078e+00 -1.000000000000000056e-01
3.450000000000000178e+00 1.756442721328284495e+00 1.339135814965707327e+00 -1.000000000000000056e-01
3.459999999999999964e+00 1.756783116913533282e+00 1.338598902084152886e+00 -1.000000000000000056e-01
3.470000000000000195e+00 1.757116268352492350e+00 1.338069501601516054e+00 -1.000000000000000056e-01
3.479999999999999982e+00 1.757449662060627471e+00 1.337541365465735765e+00 -1.000000000000000056e-01
3.490000000000000213e+00 1.757785297615622522e+00 1.337003147478895482e+00 -1.000000000000000056e-01
3.500000000000000000e+00 1.758109579355682017e+00 1.336497906431396432e+00 -1.000000000000000056e-01
3.510000000000000231e+00 1.758440646294983090e+00 1.335964142002529886e+00 -1.000000000000000056e-01
3.520000000000000018e+00 1.758768942316928596e+00 1.335443250391182834e+00 -1.000000000000000056e-01
3.530000000000000249e+00 1.759090703363554331e+00 1.334934217355258523e+00 -1.000000000000000056e-01
3.540000000000000036e+00 1.759417347058798153e+00 1.334416380016836934e+00 -1.000000000000000056e-01
3.550000000000000266e+00 1.759737078905199148e+00 1.333910555468151182e+00 -1.000000000000000056e-01
3.560000000000000053e+00 1.760059233480462781e+00 1.333400881899468482e+00 -1.000000000000000056e-01
3.570000000000000284e+00 1.760382299944863282e+00 1.332884504135842141e+00 -1.000000000000000056e-01
3.580000000000000071e+00 1.760697225145351208e+00 1.332398551689645716e+00 -1.000000000000000056e-01
3.589999999999999858e+00 1.761017473598518013e+00 1.331888890417748161e+00 -1.000000000000000056e-01
3.600000000000000089e+00 1.761337442983326618e+00 1.331383320489036848e+00 -1.000000000000000056e-01
3.609999999999999876e+00 1.761649944354753750e+00 1.330903060695460827e+00 -1.000000000000000056e-01
3.620000000000000107e+00 1.761968251109315986e+00 1.330403136688001142e+00 -1.000000000000000056e-01
3.629999999999999893e+00 1.762285994156740143e+00 1.329903224675587303e+00 -1.000000000000000056e-01
3.640000000000000124e+00 1.762597141717087146e+00 1.329432464404639358e+00 -1.000000000000000056e-01
3.649999999999999911e+00 1.762913872313623287e+00 1.328938436134077694e+00 -1.000000000000000056e-01
3.660000000000000142e+00 1.763230355263732063e+00 1.328446872150944813e+00 -1.000000000000000056e-01
3.669999999999999929e+00 1.763540604419557845e+00 1.327982825076065465e+00 -1.000000000000000056e-01
3.680000000000000160e+00 1.763856585278841926e+00 1.327497356268335205e+00 -1.000000000000000056e-01
3.689999999999999947e+00 1.764172445831310831e+00 1.327011876818502412e+00 -1.000000000000000056e-01
3.700000000000000178e+00 1.764482396997613112e+00 1.326556852319899393e+00 -1.000000000000000056e-01
3.709999999999999964e+00 1.764798402511689845e+00 1.326077102250291295e+00 -1.000000000000000056e-01
3.720000000000000195e+00 1.765114007098719906e+00 1.325600178246956196e+00 -1.000000000000000056e-01
3.729999999999999982e+00 1.765424598841881076e+00 1.325150762808863236e+00 -1.000000000000000056e-01
3.740000000000000213e+00 1.765740605896773729e+00 1.324680641930505498e+00 -1.000000000000000056e-01
3.750000000000000000e+00 1.766057199457025773e+00 1.324208225094214653e+00 -1.000000000000000056e-01
3.760000000000000231e+00 1.766368043239311181e+00 1.323769799863234953e+00 -1.000000000000000056e-01
3.770000000000000018e+00 1.766685871862059276e+00 1.323302265558188973e+00 -1.000000000000000056e-01
3.780000000000000249e+00 1.767002510495550904e+00 1.322841562857726805e+00 -1.000000000000000056e-01
3.790000000000000036e+00 1.767315956903364516e+00 1.322403456617628592e+00 -1.000000000000000056e-01
3.800000000000000266e+00 1.767635469252462954e+00 1.321941961115298714e+00 -1.000000000000000056e-01
3.810000000000000053e+00 1.767949245153145998e+00 1.321511145888900174e+00 -1.000000000000000056e-01
3.820000000000000284e+00 1.768269764056362714e+00 1.321053798693127002e+00 -1.000000000000000056e-01
3.830000000000000071e+00 1.768588114084350238e+00 1.320609977771947774e+00 -1.000000000000000056e-01
3.839999999999999858e+00 1.768906325114289135e+00 1.320173761362702702e+00 -1.000000000000000056e-01
3.850000000000000089e+00 1.769226521569384980e+00 1.319741769303608869e+00 -1.000000000000000056e-01
3.859999999999999876e+00 1.769547607589944116e+00 1.319290618206980792e+00 -1.000000000000000056e-01
3.870000000000000107e+00 1.769867119499193953e+00 1.318884088273486466e+00 -1.000000000000000056e-01
3.879999999999999893e+00 1.770191420334261023e+00 1.318428808962378795e+00 -1.000000000000000056e-01
3.890000000000000124e+00 1.770514118167404893e+00 1.318008435620181107e+00 -1.000000000000000056e-01
3.899999999999999911e+00 1.770837571501637786e+00 1.317573905587764438e+00 -1.000000000000000056e-01
3.910000000000000142e+00 1.771161987168406338e+00 1.317172978191757160e+00 -1.000000000000000056e-01
3.919999999999999929e+00 1.771488211525102052e+00 1.316727532075637086e+00 -1.000000000000000056e-01
3.930000000000000160e+00 1.771816054958177178e+00 1.316314002400975847e+00 -1.000000000000000056e-01
3.939999999999999947e+00 1.772141617671481040e+00 1.315892253619537655e+00 -1.000000000000000056e-01
3.950000000000000178e+00 1.772472151182372890e+00 1.315492827952849941e+00 -1.000000000000000056e-01
3.959999999999999964e+00 1.772800166840651004e+00 1.315050879065420064e+00 -1.000000000000000056e-01
3.970000000000000195e+00 1.773131493666168179e+00 1.314680233294627021e+00 -1.000000000000000056e-01
3.979999999999999982e+00 1.773462976997930873e+00 1.314235073290065392e+00 -1.000000000000000056e-01
3.990000000000000213e+00 1.773796847134640586e+00 1.313843843406192091e+00 -1.000000000000000056e-01
4.000000000000000000e+00 1.774128473225172309e+00 1.313424856063854174e+00 -1.000000000000000056e-01
4.009999999999999787e+00 1.774465111892255420e+00 1.313051410985374590e+00 -1.000000000000000056e-01
4.020000000000000462e+00 1.774799038144376118e+00 1.312622912483043747e+00 -1.000000000000000056e-01
4.030000000000000249e+00 1.775138967793064682e+00 1.312231561660508250e+00 -1.000000000000000056e-01
4.040000000000000036e+00 1.775472733299042538e+00 1.311832939669483666e+00 -1.000000000000000056e-01
4.049999999999999822e+00 1.775816492188319051e+00 1.311447922728863569e+00 -1.000000000000000056e-01
4.060000000000000497e+00 1.776150984122102594e+00 1.311040220335114803e+00 -1.000000000000000056e-01
4.070000000000000284e+00 1.776498510391011809e+00 1.310665674888983112e+00 -1.000000000000000056e-01
4.080000000000000071e+00 1.776832845060558608e+00 1.310262824368136458e+00 -1.000000000000000056e-01
4.089999999999999858e+00 1.777182667537615002e+00 1.309891534345414499e+00 -1.000000000000000056e-01
4.099999999999999645e+00 1.777524078577240374e+00 1.309484785061787004e+00 -1.000000000000000056e-01
4.110000000000000320e+00 1.777870728511552700e+00 1.309126146305255034e+00 -1.000000000000000056e-01
4.120000000000000107e+00 1.778214894355765852e+00 1.308722824989798195e+00 -1.000000000000000056e-01
4.129999999999999893e+00 1.778565221020048659e+00 1.308368205492363101e+00 -1.000000000000000056e-01
4.139999999999999680e+00 1.778909451510713557e+00 1.307961760329813261e+00 -1.000000000000000056e-01
4.150000000000000355e+00 1.779263217145417686e+00 1.307623260934748011e+00 -1.000000000000000056e-01
4.160000000000000142e+00 1.779608339229411751e+00 1.307205542190713832e+00 -1.000000000000000056e-01
4.169999999999999929e+00 1.779964191662469108e+00 1.306887180352208411e+00 -1.000000000000000056e-01
4.179999999999999716e+00 1.780312166065897594e+00 1.306474242687066356e+00 -1.000000000000000056e-01
4.190000000000000391e+00 1.780669254377542421e+00 1.306124750433039106e+00 -1.000000000000000056e-01
4.200000000000000178e+00 1.781017835832326979e+00 1.305747087186841071e+00 -1.000000000000000056e-01
4.209999999999999964e+00 1.781378237538113307e+00 1.305404654123605956e+00 -1.000000000000000056e-01
4.219999999999999751e+00 1.781727223786865100e+00 1.305012934965985583e+00 -1.000000000000000056e-01
4.230000000000000426e+00 1.782090348458683859e+00 1.304686719116459725e+00 -1.000000000000000056e-01
4.240000000000000213e+00 1.782439845321475591e+00 1.304290300213479359e+00 -1.000000000000000056e-01
4.250000000000000000e+00 1.782805470156790806e+00 1.303974244934434035e+00 -1.000000000000000056e-01
4.259999999999999787e+00 1.783155567141626818e+00 1.303576069602042864e+00 -1.000000000000000056e-01
4.270000000000000462e+00 1.783520487998334625e+00 1.303264328764591529e+00 -1.000000000000000056e-01
4.280000000000000249e+00 1.783879107721006330e+00 1.302874336179635328e+00 -1.000000000000000056e-01
4.290000000000000036e+00 1.784238199039963835e+00 1.302563842588987164e+00 -1.000000000000000056e-01
4.299999999999999822e+00 1.784599464746685182e+00 1.302185563531194301e+00 -1.000000000000000056e-01
4.310000000000000497e+00 1.784963441657924976e+00 1.301848614289535577e+00 -1.000000000000000056e-01
4.320000000000000284e+00 1.785321382645352006e+00 1.301498671978591037e+00 -1.000000000000000056e-01
4.330000000000000071e+00 1.785687938653196083e+00 1.301169139937619956e+00 -1.000000000000000056e-01
4.339999999999999858e+00 1.786046668009947380e+00 1.300806313630280764e+00 -1.000000000000000056e-01
4.350000000000000533e+00 1.786414231369197303e+00 1.300492696484466082e+00 -1.000000000000000056e-01
4.360000000000000320e+00 1.786773212496722829e+00 1.300122465297097962e+00 -1.000000000000000056e-01
4.370000000000000107e+00 1.787142029029290313e+00 1.299823482379074635e+00 -1.000000000000000056e-01
4.379999999999999893e+00 1.787501138829132863e+00 1.299444012895770939e+00 -1.000000000000000056e-01
4.389999999999999680e+00 1.787870578589427772e+00 1.299161094224706714e+00 -1.000000000000000056e-01
4.400000000000000355e+00 1.788230446523427108e+00 1.298788879864337664e+00 -1.000000000000000056e-01
4.410000000000000142e+00 1.788600577134379144e+00 1.298471819352592815e+00 -1.000000000000000056e-01
4.419999999999999929e+00 1.788959473752517404e+00 1.298138872767788943e+00 -1.000000000000000056e-01
4.429999999999999716e+00 1.789327768429624932e+00 1.297823117517836078e+00 -1.000000000000000056e-01
4.440000000000000391e+00 1.789694269509393365e+00 1.297474250618030567e+00 -1.000000000000000056e-01
4.450000000000000178e+00 1.790055839942546578e+00 1.297178093712459956e+00 -1.000000000000000056e-01
4.459999999999999964e+00 1.790421937851553125e+00 1.296834548864352454e+00 -1.000000000000000056e-01
4.469999999999999751e+00 1.790789709975050492e+00 1.296514887178663367e+00 -1.000000000000000056e-01
4.480000000000000426e+00 1.791149877508934729e+00 1.296198059884281717e+00 -1.000000000000000056e-01
4.490000000000000213e+00 1.791518385496642329e+00 1.295878912834697028e+00 -1.000000000000000056e-01
4.500000000000000000e+00 1.791879044638574836e+00 1.295561495637162830e+00 -1.000000000000000056e-01
4.509999999999999787e+00 1.792244017571393400e+00 1.295247929735217962e+00 -1.000000000000000056e-01
4.520000000000000462e+00 1.792610692862780297e+00 1.294919912974829002e+00 -1.000000000000000056e-01
4.530000000000000249e+00 1.792969731334656647e+00 1.294624678292802367e+00 -1.000000000000000056e-01
4.540000000000000036e+00 1.793333558221641422e+00 1.294302295529864866e+00 -1.000000000000000056e-01
4.549999999999999822e+00 1.793699589944707462e+00 1.293984991200524570e+00 -1.000000000000000056e-01
4.560000000000000497e+00 1.794056367372728555e+00 1.293688961735885101e+00 -1.000000000000000056e-01
4.570000000000000284e+00 1.794419510593120659e+00 1.293374206699501094e+00 -1.000000000000000056e-01
4.580000000000000071e+00 1.794783309036322327e+00 1.293058504883908943e+00 -1.000000000000000056e-01
4.589999999999999858e+00 1.795138912983082369e+00 1.292767331234027983e+00 -1.000000000000000056e-01
4.600000000000000533e+00 1.795499322602388093e+00 1.292455452274310801e+00 -1.000000000000000056e-01
4.610000000000000320e+00 1.795861764068987787e+00 1.292143683677061450e+00 -1.000000000000000056e-01
4.620000000000000107e+00 1.796214665539124233e+00 1.291856504368206870e+00 -1.000000000000000056e-01
4.629999999999999893e+00 1.796573204151644898e+00 1.291546977410323427e+00 -1.000000000000000056e-01
4.639999999999999680e+00 1.796932856412382096e+00 1.291240189919441450e+00 -1.000000000000000056e-01
4.650000000000000355e+00 1.797283566959769541e+00 1.290954044761293051e+00 -1.000000000000000056e-01
4.660000000000000142e+00 1.797638705147803106e+00 1.290650661139011390e+00 -1.000000000000000056e-01
4.669999999999999929e+00 1.797996140672464271e+00 1.290344654965518645e+00 -1.000000000000000056e-01
4.679999999999999716e+00 1.798343463112803020e+00 1.290065069254534125e+00 -1.000000000000000056e-01
4.690000000000000391e+00 1.798695958469094025e+00 1.289760648429544521e+00 -1.000000000000000056e-01
4.700000000000000178e+00 1.799049758564871704e+00 1.289461808640429030e+00 -1.000000000000000056e-01
4.709999999999999964e+00 1.799394167146487922e+00 1.289180230885415446e+00 -1.000000000000000056e-01
4.719999999999999751e+00 1.799742346430467821e+00 1.288884617062096893e+00 -1.000000000000000056e-01
4.730000000000000426e+00 1.800090392113375959e+00 1.288589950224470204e+00 -1.000000000000000056e-01
4.740000000000000213e+00 1.800434679559724138e+00 1.288302699189949330e+00 -1.000000000000000056e-01
4.750000000000000000e+00 1.800778895672298541e+00 1.288012872761278294e+00 -1.000000000000000056e-01
4.759999999999999787e+00 1.801121369835360753e+00 1.287724785634946301e+00 -1.000000000000000056e-01
4.770000000000000462e+00 1.801462593057790107e+00 1.287437523533580430e+00 -1.000000000000000056e-01
4.780000000000000249e+00 1.801802279885943436e+00 1.287151173521961622e+00 -1.000000000000000056e-01
4.790000000000000036e+00 1.802140512111200854e+00 1.286865667496006838e+00 -1.000000000000000056e-01
4.799999999999999822e+00 1.802477209990919871e+00 1.286581023190667583e+00 -1.000000000000000056e-01
4.810000000000000497e+00 1.802812348901132955e+00 1.286297204123858062e+00 -1.000000000000000056e-01
4.820000000000000284e+00 1.803145884842376701e+00 1.286014200004694130e+00 -1.000000000000000056e-01
4.830000000000000071e+00 1.803477782033632071e+00 1.285731992594159934e+00 -1.000000000000000056e-01
4.839999999999999858e+00 1.803808001777329251e+00 1.285450565506425002e+00 -1.000000000000000056e-01
4.850000000000000533e+00 1.804136506844193244e+00 1.285169901991730201e+00 -1.000000000000000056e-01
4.860000000000000320e+00 1.804463259815362930e+00 1.284889985814448243e+00 -1.000000000000000056e-01
4.870000000000000107e+00 1.804788223652563417e+00 1.284610800732874258e+00 -1.000000000000000056e-01
4.879999999999999893e+00 1.805111361476289700e+00 1.284332330743928496e+00 -1.000000000000000056e-01
4.889999999999999680e+00 1.805432636631985055e+00 1.284054560022254154e+00 -1.000000000000000056e-01
4.900000000000000355e+00 1.805752012643808690e+00 1.283777472944349185e+00 -1.000000000000000056e-01
4.910000000000000142e+00 1.806069453210323639e+00 1.283501054091086280e+00 -1.000000000000000056e-01
4.919999999999999929e+00 1.806384922183263297e+00 1.283225288259193020e+00 -1.000000000000000056e-01
4.929999999999999716e+00 1.806698383551194720e+00 1.282950160466385103e+00 -1.000000000000000056e-01
4.940000000000000391e+00 1.807009801421035844e+00 1.282675655959646832e+00 -1.000000000000000056e-01
4.950000000000000178e+00 1.807319140000134494e+00 1.282401760221633991e+00 -1.000000000000000056e-01
4.959999999999999964e+00 1.807626363576664286e+00 1.282128458977011665e+00 -1.000000000000000056e-01
4.969999999999999751e+00 1.807931436501306166e+00 1.281855738198839134e+00 -1.000000000000000056e-01
4.980000000000000426e+00 1.808234323167378532e+00 1.281583584114374785e+00 -1.000000000000000056e-01
4.990000000000000213e+00 1.808534987991898602e+00 1.281311983210133398e+00 -1.000000000000000056e-01
5.000000000000000000e+00 1.808833395395747834e+00 1.281040922237037583e+00 -1.000000000000000056e-01
5.009999999999999787e+00 1.809129509784408896e+00 1.280770388215131339e+00 -1.000000000000000056e-01
5.020000000000000462e+00 1.809423295528726605e+00 1.280500368437172742e+00 -1.000000000000000056e-01
5.030000000000000249e+00 1.809714716945361568e+00 1.280230850472572124e+00 -1.000000000000000056e-01
5.040000000000000036e+00 1.810003738278280316e+00 1.279961822171000518e+00 -1.000000000000000056e-01
5.049999999999999822e+00 1.810290323680035840e+00 1.279693271664235077e+00 -1.000000000000000056e-01
5.060000000000000497e+00 1.810574437193179342e+00 1.279425187369336303e+00 -1.000000000000000056e-01
5.070000000000000284e+00 1.810856042733382854e+00 1.279157557990466598e+00 -1.000000000000000056e-01
5.080000000000000071e+00 1.811135104071291080e+00 1.278890372519583485e+00 -1.000000000000000056e-01
5.089999999999999858e+00 1.811411584817062659e+00 1.278623620238851899e+00 -1.000000000000000056e-01
5.100000000000000533e+00 1.811685448404084742e+00 1.278357290719708272e+00 -1.000000000000000056e-01
5.110000000000000320e+00 1.811956658074084681e+00 1.278091373824380650e+00 -1.000000000000000056e-01
5.120000000000000107e+00 1.812225176863505594e+00 1.277825859704838418e+00 -1.000000000000000056e-01
5.129999999999999893e+00 1.812490967589860169e+00 1.277560738802101969e+00 -1.000000000000000056e-01
5.139999999999999680e+00 1.812753992840562045e+00 1.277296001845836138e+00 -1.000000000000000056e-01
5.150000000000000355e+00 1.813014214960555703e+00 1.277031639851912814e+00 -1.000000000000000056e-01
5.160000000000000142e+00 1.813271596044021772e+00 1.276767644121285183e+00 -1.000000000000000056e-01
5.169999999999999929e+00 1.813526097924350822e+00 1.276504006237251465e+00 -1.000000000000000056e-01
5.179999999999999716e+00 1.813777682166678007e+00 1.276240718062874535e+00 -1.000000000000000056e-01
5.190000000000000391e+00 1.814026310061754410e+00 1.275977771737988320e+00 -1.000000000000000056e-01
5.200000000000000178e+00 1.814271942620062861e+00 1.275715159676251931e+00 -1.000000000000000056e-01
5.209999999999999964e+00 1.814514540567682133e+00 1.275452874560564887e+00 -1.000000000000000056e-01
5.219999999999999751e+00 1.814754064342841922e+00 1.275190909340144119e+00 -1.000000000000000056e-01
5.230000000000000426e+00 1.814990474094507755e+00 1.274929257225182688e+00 -1.000000000000000056e-01
5.240000000000000213e+00 1.815223729680399689e+00 1.274667911683628363e+00 -1.000000000000000056e-01
5.250000000000000000e+00 1.815453790667740597e+00 1.274406866435194852e+00 -1.000000000000000056e-01
5.259999999999999787e+00 1.815680616334329534e+00 1.274146115446992855e+00 -1.000000000000000056e-01
5.270000000000000462e+00 1.815904165670241266e+00 1.273885652928433032e+00 -1.000000000000000056e-01
5.280000000000000249e+00 1.816124397381980504e+00 1.273625473325385116e+00 -1.000000000000000056e-01
5.290000000000000036e+00 1.816341269895138000e+00 1.273365571314963640e+00 -1.000000000000000056e-01
5.299999999999999822e+00 1.816554741361546377e+00 1.273105941799980600e+00 -1.000000000000000056e-01
5.310000000000000497e+00 1.816764769663844925e+00 1.272846579902478625e+00 -1.000000000000000056e-01
5.320000000000000284e+00 1.816971312423704354e+00 1.272587480958863093e+00 -1.000000000000000056e-01
5.330000000000000071e+00 1.817174327009424495e+00 1.272328640512497833e+00 -1.000000000000000056e-01
5.339999999999999858e+00 1.817373770545548606e+00 1.272070054309235365e+00 -1.000000000000000056e-01
5.350000000000000533e+00 1.817569599922591150e+00 1.271811718289891591e+00 -1.000000000000000056e-01
5.360000000000000320e+00 1.817761771808141802e+00 1.271553628584901618e+00 -1.000000000000000056e-01
5.370000000000000107e+00 1.817950242658888937e+00 1.271295781507977063e+00 -1.000000000000000056e-01
5.379999999999999893e+00 1.818134968733218892e+00 1.271038173549703387e+00 -1.000000000000000056e-01
5.389999999999999680e+00 1.818315906104885915e+00 1.270780801371906410e+00 -1.000000000000000056e-01
5.400000000000000355e+00 1.818493010677593835e+00 1.270523661801138404e+00 -1.000000000000000056e-01
5.410000000000000142e+00 1.818666238199713847e+00 1.270266751822685114e+00 -1.000000000000000056e-01
5.419999999999999929e+00 1.818835544280642980e+00 1.270010068575030182e+00 -1.000000000000000056e-01
5.429999999999999716e+00 1.819000884407016239e+00 1.269753609343643008e+00 -1.000000000000000056e-01
5.440000000000000391e+00 1.819162213960104246e+00 1.269497371555016629e+00 -1.000000000000000056e-01
5.450000000000000178e+00 1.819319488233022364e+00 1.269241352771913967e+00 -1.000000000000000056e-01
5.459999999999999964e+00 1.819472662449620248e+00 1.268985550686896335e+00 -1.000000000000000056e-01
5.469999999999999751e+00 1.819621691782556505e+00 1.268729963117697368e+00 -1.000000000000000056e-01
5.480000000000000426e+00 1.819766531372574825e+00 1.268474588001872627e+00 -1.000000000000000056e-01
5.490000000000000213e+00 1.819907136348170251e+00 1.268219423391457656e+00 -1.000000000000000056e-01
5.500000000000000000e+00 1.820043461844645494e+00 1.267964467449240074e+00 -1.000000000000000056e-01
5.509999999999999787e+00 1.820175463025268225e+00 1.267709718442832312e+00 -1.000000000000000056e-01
5.520000000000000462e+00 1.820303095100209045e+00 1.267455174740867108e+00 -1.000000000000000056e-01
5.530000000000000249e+00 1.820426313348156411e+00 1.267200834809835808e+00 -1.000000000000000056e-01
5.540000000000000036e+00 1.820545073136601300e+00 1.266946697207856687e+00 -1.000000000000000056e-01
5.549999999999999822e+00 1.820659329942177163e+00 1.266692760583659316e+00 -1.000000000000000056e-01
5.560000000000000497e+00 1.820769039373055120e+00 1.266439023670693720e+00 -1.000000000000000056e-01
5.570000000000000284e+00 1.820874157188149933e+00 1.266185485285652002e+00 -1.000000000000000056e-01
5.580000000000000071e+00 1.820974639320400490e+00 1.265932144324346975e+00 -1.000000000000000056e-01
5.589999999999999858e+00 1.821070441896327274e+00 1.265678999759536127e+00 -1.000000000000000056e-01
5.600000000000000533e+00 1.821161521258806815e+00 1.265426050638104760e+00 -1.000000000000000056e-01
5.610000000000000320e+00 1.821247833987629905e+00 1.265173296078706766e+00 -1.000000000000000056e-01
5.620000000000000107e+00 1.821329336921213349e+00 1.264920735270001595e+00 -1.000000000000000056e-01
5.629999999999999893e+00 1.821405987178125629e+00 1.264668367468368304e+00 -1.000000000000000056e-01
5.639999999999999680e+00 1.821477742178618797e+00 1.264416191996758254e+00 -1.000000000000000056e-01
5.650000000000000355e+00 1.821544559665478902e+00 1.264164208242938514e+00 -1.000000000000000056e-01
5.660000000000000142e+00 1.821606397725672011e+00 1.263912415658451360e+00 -1.000000000000000056e-01
5.669999999999999929e+00 1.821663214811298337e+00 1.263660813757603085e+00 -1.000000000000000056e-01
5.679999999999999716e+00 1.821714969760418246e+00 1.263409402117102509e+00 -1.000000000000000056e-01
5.690000000000000391e+00 1.821761621817770127e+00 1.263158180374899242e+00 -1.000000000000000056e-01
5.700000000000000178e+00 1.821803130655175185e+00 1.262907148230296039e+00 -1.000000000000000056e-01
5.709999999999999964e+00 1.821839456391795009e+00 1.262656305443699445e+00 -1.000000000000000056e-01
5.719999999999999751e+00 1.821870559614005458e+00 1.262405651836809861e+00 -1.000000000000000056e-01
5.730000000000000426e+00 1.821896401394422105e+00 1.262155187292517855e+00 -1.000000000000000056e-01
5.740000000000000213e+00 1.821916943312018367e+00 1.261904911755556080e+00 -1.000000000000000056e-01
5.750000000000000000e+00 1.821932147469832453e+00 1.261654825233392119e+00 -1.000000000000000056e-01
5.759999999999999787e+00 1.821941976514167338e+00 1.261404927796219599e+00 -1.000000000000000056e-01
5.770000000000000462e+00 1.821946393652259300e+00 1.261155219578420583e+00 -1.000000000000000056e-01
5.780000000000000249e+00 1.821945362669744162e+00 1.260905700779466621e+00 -1.000000000000000056e-01
5.790000000000000036e+00 1.821938847947993434e+00 1.260656371665026754e+00 -1.000000000000000056e-01
5.799999999999999822e+00 1.821926814481153345e+00 1.260407232568301117e+00 -1.000000000000000056e-01
5.810000000000000497e+00 1.821909227891511218e+00 1.260158283891148701e+00 -1.000000000000000056e-01
5.820000000000000284e+00 1.821886054446379077e+00 1.259909526106152144e+00 -1.000000000000000056e-01
5.830000000000000071e+00 1.821857261073059897e+00 1.259660959757648246e+00 -1.000000000000000056e-01
5.839999999999999858e+00 1.821822815373693061e+00 1.259412585463662193e+00 -1.000000000000000056e-01
5.850000000000000533e+00 1.821782685639853794e+00 1.259164403917537589e+00 -1.000000000000000056e-01
5.860000000000000320e+00 1.821736840866823082e+00 1.258916415889741236e+00 -1.000000000000000056e-01
5.870000000000000107e+00 1.821685250766813757e+00 1.258668622229816458e+00 -1.000000000000000056e-01
5.879999999999999893e+00 1.821627885782082235e+00 1.258421023868215416e+00 -1.000000000000000056e-01
5.889999999999999680e+00 1.821564717097669206e+00 1.258173621817999299e+00 -1.000000000000000056e-01
5.900000000000000355e+00 1.821496727136146854e+00 1.257923182391776473e+00 -1.000000000000000056e-01
5.910000000000000142e+00 1.821420806047825858e+00 1.257683754288788425e+00 -1.000000000000000056e-01
5.919999999999999929e+00 1.821339359603119545e+00 1.257431226039507965e+00 -1.000000000000000056e-01
5.929999999999999716e+00 1.821254837721071995e+00 1.257182890958320920e+00 -1.000000000000000056e-01
5.940000000000000391e+00 1.821160717193004208e+00 1.256944064682311346e+00 -1.000000000000000056e-01
5.950000000000000178e+00 1.821061598304123841e+00 1.256691793823959902e+00 -1.000000000000000056e-01
5.959999999999999964e+00 1.820959171421619338e+00 1.256444598973871729e+00 -1.000000000000000056e-01
5.969999999999999751e+00 1.820847033207600774e+00 1.256205707048525966e+00 -1.000000000000000056e-01
5.980000000000000426e+00 1.820729911213433194e+00 1.255954687510821177e+00 -1.000000000000000056e-01
5.990000000000000213e+00 1.820609544824865811e+00 1.255707749246561589e+00 -1.000000000000000056e-01
6.000000000000000000e+00 1.820479053424503446e+00 1.255469849240787195e+00 -1.000000000000000056e-01
6.009999999999999787e+00 1.820343868041674362e+00 1.255218968967060977e+00 -1.000000000000000056e-01
6.020000000000000462e+00 1.820205290620964700e+00 1.254973178205144757e+00 -1.000000000000000056e-01
6.030000000000000249e+00 1.820056315440385264e+00 1.254735490126458464e+00 -1.000000000000000056e-01
6.040000000000000036e+00 1.819902819391361337e+00 1.254485576440495631e+00 -1.000000000000000056e-01
6.049999999999999822e+00 1.819745979096190958e+00 1.254240342067448610e+00 -1.000000000000000056e-01
6.060000000000000497e+00 1.819578299862280479e+00 1.254003435936068112e+00 -1.000000000000000056e-01
6.070000000000000284e+00 1.819406408369551809e+00 1.253753972476732148e+00 -1.000000000000000056e-01
6.080000000000000071e+00 1.819231135969130442e+00 1.253509718819973751e+00 -1.000000000000000056e-01
6.089999999999999858e+00 1.819044647092159961e+00 1.253273263458902331e+00 -1.000000000000000056e-01
6.100000000000000533e+00 1.818854204615293568e+00 1.253024636232941358e+00 -1.000000000000000056e-01
6.110000000000000320e+00 1.818660436648723344e+00 1.252781114725023404e+00 -1.000000000000000056e-01
6.120000000000000107e+00 1.818455007446136307e+00 1.252545388018785122e+00 -1.000000000000000056e-01
6.129999999999999893e+00 1.818245949080506074e+00 1.252297383810956566e+00 -1.000000000000000056e-01
6.140000000000000568e+00 1.818033575073262353e+00 1.252054801818270890e+00 -1.000000000000000056e-01
6.150000000000000355e+00 1.817809151500787923e+00 1.251819672974103570e+00 -1.000000000000000056e-01
6.160000000000000142e+00 1.817581385429966945e+00 1.251572496972937154e+00 -1.000000000000000056e-01
6.169999999999999929e+00 1.817350360467346881e+00 1.251330750191232966e+00 -1.000000000000000056e-01
6.179999999999999716e+00 1.817106887088123068e+00 1.251096381695271154e+00 -1.000000000000000056e-01
6.190000000000000391e+00 1.816860382683029185e+00 1.250849950102826291e+00 -1.000000000000000056e-01
6.200000000000000178e+00 1.816610645735411866e+00 1.250609159275376081e+00 -1.000000000000000056e-01
6.209999999999999964e+00 1.816348125230057509e+00 1.250375508201852615e+00 -1.000000000000000056e-01
6.219999999999999751e+00 1.816082844283810394e+00 1.250129955504077239e+00 -1.000000000000000056e-01
6.230000000000000426e+00 1.815814383756425343e+00 1.249890079926322617e+00 -1.000000000000000056e-01
6.240000000000000213e+00 1.815532827271939320e+00 1.249657263011789921e+00 -1.000000000000000056e-01
6.250000000000000000e+00 1.815248778440716082e+00 1.249412567207034641e+00 -1.000000000000000056e-01
6.259999999999999787e+00 1.814961582365100634e+00 1.249173692081746889e+00 -1.000000000000000056e-01
6.270000000000000462e+00 1.814661048422653078e+00 1.248941709872968042e+00 -1.000000000000000056e-01
6.280000000000000249e+00 1.814358242574268143e+00 1.248697977936901848e+00 -1.000000000000000056e-01
6.290000000000000036e+00 1.814052340728982360e+00 1.248460095186801455e+00 -1.000000000000000056e-01
6.299999999999999822e+00 1.813732900939345027e+00 1.248229045260264902e+00 -1.000000000000000056e-01
6.310000000000000497e+00 1.813413371718924916e+00 1.247981657545376821e+00 -1.000000000000000056e-01
6.320000000000000284e+00 1.813083467361939149e+00 1.247760399343100346e+00 -1.000000000000000056e-01
6.330000000000000071e+00 1.812749374324737817e+00 1.247509943088642492e+00 -1.000000000000000056e-01
6.339999999999999858e+00 1.812411437242440915e+00 1.247280123199435486e+00 -1.000000000000000056e-01
6.350000000000000533e+00 1.812061893896509179e+00 1.247044231165046035e+00 -1.000000000000000056e-01
6.360000000000000320e+00 1.811710318143465726e+00 1.246807627406626873e+00 -1.000000000000000056e-01
6.370000000000000107e+00 1.811350596013904246e+00 1.246576037858754038e+00 -1.000000000000000056e-01
6.379999999999999893e+00 1.810985982714460318e+00 1.246336433008968569e+00 -1.000000000000000056e-01
6.390000000000000568e+00 1.810613516179442106e+00 1.246110405396890997e+00 -1.000000000000000056e-01
6.400000000000000355e+00 1.810237428128314008e+00 1.245865322305244272e+00 -1.000000000000000056e-01
6.410000000000000142e+00 1.809851600146646478e+00 1.245648409478434360e+00 -1.000000000000000056e-01
6.419999999999999929e+00 1.809462700229137244e+00 1.245400411193887891e+00 -1.000000000000000056e-01
6.429999999999999716e+00 1.809068925854602217e+00 1.245175001542581317e+00 -1.000000000000000056e-01
6.440000000000000391e+00 1.808664825671604248e+00 1.244941117450755419e+00 -1.000000000000000056e-01
6.450000000000000178e+00 1.808257414605435098e+00 1.244710913886824644e+00 -1.000000000000000056e-01
6.459999999999999964e+00 1.807843977424625104e+00 1.244478163862028142e+00 -1.000000000000000056e-01
6.469999999999999751e+00 1.807423173469770328e+00 1.244250167434753473e+00 -1.000000000000000056e-01
6.480000000000000426e+00 1.806998310182557299e+00 1.244015627189128947e+00 -1.000000000000000056e-01
6.490000000000000213e+00 1.806565080166055326e+00 1.243792867610943986e+00 -1.000000000000000056e-01
6.500000000000000000e+00 1.806129036963637358e+00 1.243553114883752198e+00 -1.000000000000000056e-01
6.509999999999999787e+00 1.805682918557505401e+00 1.243339724423749404e+00 -1.000000000000000056e-01
6.520000000000000462e+00 1.805234500004652132e+00 1.243097062749077830e+00 -1.000000000000000056e-01
6.530000000000000249e+00 1.804780715133922131e+00 1.242875613022526027e+00 -1.000000000000000056e-01
6.540000000000000036e+00 1.804317995543459174e+00 1.242646520269734767e+00 -1.000000000000000056e-01
6.549999999999999822e+00 1.803850460346175133e+00 1.242421743647345034e+00 -1.000000000000000056e-01
6.560000000000000497e+00 1.803379631589066445e+00 1.242191566590623797e+00 -1.000000000000000056e-01
6.570000000000000284e+00 1.802898355161660637e+00 1.241973238079692843e+00 -1.000000000000000056e-01
6.580000000000000071e+00 1.802417674442763351e+00 1.241735526360614017e+00 -1.000000000000000056e-01
6.589999999999999858e+00 1.801923880750008866e+00 1.241523984850940954e+00 -1.000000000000000056e-01
6.600000000000000533e+00 1.801432287898774520e+00 1.241291084710562265e+00 -1.000000000000000056e-01
6.610000000000000320e+00 1.800928293501712574e+00 1.241077040484264815e+00 -1.000000000000000056e-01
6.620000000000000107e+00 1.800423379091181664e+00 1.240838894597033892e+00 -1.000000000000000056e-01
6.629999999999999893e+00 1.799909573967550802e+00 1.240637951328988020e+00 -1.000000000000000056e-01
6.640000000000000568e+00 1.799392760926512569e+00 1.240396656319058932e+00 -1.000000000000000056e-01
6.650000000000000355e+00 1.798870406944357514e+00 1.240185422723108832e+00 -1.000000000000000056e-01
6.660000000000000142e+00 1.798341919767369124e+00 1.239958935088743441e+00 -1.000000000000000056e-01
6.669999999999999929e+00 1.797805437898922776e+00 1.239747777152802044e+00 -1.000000000000000056e-01
6.679999999999999716e+00 1.797270622418317032e+00 1.239514125613222273e+00 -1.000000000000000056e-01
6.690000000000000391e+00 1.796721531482593948e+00 1.239310605360114614e+00 -1.000000000000000056e-01
6.700000000000000178e+00 1.796175193432214101e+00 1.239082078318113789e+00 -1.000000000000000056e-01
6.709999999999999964e+00 1.795617981375235539e+00 1.238875893611594448e+00 -1.000000000000000056e-01
6.719999999999999751e+00 1.795058937037612434e+00 1.238642095955426070e+00 -1.000000000000000056e-01
6.730000000000000426e+00 1.794492478763028975e+00 1.238449489401850734e+00 -1.000000000000000056e-01
6.740000000000000213e+00 1.793922949691346913e+00 1.238213290048885584e+00 -1.000000000000000056e-01
6.750000000000000000e+00 1.793347230361149514e+00 1.238009614869994390e+00 -1.000000000000000056e-01
6.759999999999999787e+00 1.792768263623413239e+00 1.237788132647564154e+00 -1.000000000000000056e-01
6.770000000000000462e+00 1.792180061414313075e+00 1.237582819360700359e+00 -1.000000000000000056e-01
6.780000000000000249e+00 1.791591675629114588e+00 1.237365091887978386e+00 -1.000000000000000056e-01
6.790000000000000036e+00 1.790996379591074827e+00 1.237158099573343328e+00 -1.000000000000000056e-01
6.799999999999999822e+00 1.790394652042406554e+00 1.236941175032291174e+00 -1.000000000000000056e-01
6.810000000000000497e+00 1.789792670205347713e+00 1.236736853869577102e+00 -1.000000000000000056e-01
6.820000000000000284e+00 1.789179924367656271e+00 1.236523391002218863e+00 -1.000000000000000056e-01
6.830000000000000071e+00 1.788569355960995422e+00 1.236316162320498568e+00 -1.000000000000000056e-01
6.839999999999999858e+00 1.787946740702254012e+00 1.236110848151863006e+00 -1.000000000000000056e-01
6.850000000000000533e+00 1.787327649472862490e+00 1.235896263552401564e+00 -1.000000000000000056e-01
6.860000000000000320e+00 1.786696626281092604e+00 1.235699564131305772e+00 -1.000000000000000056e-01
6.870000000000000107e+00 1.786065080684559936e+00 1.235488632464121883e+00 -1.000000000000000056e-01
6.879999999999999893e+00 1.785429935002505353e+00 1.235287153562424800e+00 -1.000000000000000056e-01
6.890000000000000568e+00 1.784787159800860668e+00 1.235081087019710422e+00 -1.000000000000000056e-01
6.900000000000000355e+00 1.784142904529692153e+00 1.234880521625725258e+00 -1.000000000000000056e-01
6.910000000000000142e+00 1.783491706426939327e+00 1.234678178461902531e+00 -1.000000000000000056e-01
6.919999999999999929e+00 1.782840301943848571e+00 1.234474412365716534e+00 -1.000000000000000056e-01
6.929999999999999716e+00 1.782180674511709917e+00 1.234278160037445060e+00 -1.000000000000000056e-01
6.940000000000000391e+00 1.781519605496142411e+00 1.234077977331723197e+00 -1.000000000000000056e-01
6.950000000000000178e+00 1.780853428794225035e+00 1.233879188440742292e+00 -1.000000000000000056e-01
6.959999999999999964e+00 1.780183520268874053e+00 1.233682391675509527e+00 -1.000000000000000056e-01
6.969999999999999751e+00 1.779509632954754839e+00 1.233486003980556633e+00 -1.000000000000000056e-01
6.980000000000000426e+00 1.778831968225863758e+00 1.233290561342120562e+00 -1.000000000000000056e-01
6.990000000000000213e+00 1.778150508726713319e+00 1.233096167416701805e+00 -1.000000000000000056e-01
7.000000000000000000e+00 1.777465340324234644e+00 1.232902750923424939e+00 -1.000000000000000056e-01
7.009999999999999787e+00 1.776776516584324117e+00 1.232710311760785382e+00 -1.000000000000000056e-01
7.020000000000000462e+00 1.776084101451387953e+00 1.232518883436414248e+00 -1.000000000000000056e-01
7.030000000000000249e+00 1.775388156759683866e+00 1.232328472432987931e+00 -1.000000000000000056e-01
7.040000000000000036e+00 1.774688745582930993e+00 1.232139088426631890e+00 -1.000000000000000056e-01
7.049999999999999822e+00 1.773985931475249966e+00 1.231950744098379236e+00 -1.000000000000000056e-01
7.060000000000000497e+00 1.773279778563098930e+00 1.231763451018236255e+00 -1.000000000000000056e-01
7.070000000000000284e+00 1.772570351514211495e+00 1.231577220542284135e+00 -1.000000000000000056e-01
7.080000000000000071e+00 1.771857715560527957e+00 1.231392064256811247e+00 -1.000000000000000056e-01
7.089999999999999858e+00 1.771141936475061351e+00 1.231207993709987791e+00 -1.000000000000000056e-01
7.100000000000000533e+00 1.770423080564657692e+00 1.231025020416111948e+00 -1.000000000000000056e-01
7.110000000000000320e+00 1.769701214663400135e+00 1.230843155888264207e+00 -1.000000000000000056e-01
7.120000000000000107e+00 1.768976406125838396e+00 1.230662411626586072e+00 -1.000000000000000056e-01
7.129999999999999893e+00 1.768248722819375951e+00 1.230482799112108117e+00 -1.000000000000000056e-01
7.140000000000000568e+00 1.767518233118065440e+00 1.230304329806962915e+00 -1.000000000000000056e-01
7.150000000000000355e+00 1.766785005896161831e+00 1.230127015151198711e+00 -1.000000000000000056e-01
7.160000000000000142e+00 1.766049110521228593e+00 1.229950866559624600e+00 -1.000000000000000056e-01
7.169999999999999929e+00 1.765310616848117409e+00 1.229775895419148446e+00 -1.000000000000000056e-01
7.179999999999999716e+00 1.764569595211510133e+00 1.229602113086638582e+00 -1.000000000000000056e-01
7.190000000000000391e+00 1.763826116420807111e+00 1.229429530885448152e+00 -1.000000000000000056e-01
7.200000000000000178e+00 1.763080251751911520e+00 1.229258160103125830e+00 -1.000000000000000056e-01
7.209999999999999964e+00 1.762332072941823258e+00 1.229088011989082574e+00 -1.000000000000000056e-01
7.219999999999999751e+00 1.761581652181269941e+00 1.228919097750903244e+00 -1.000000000000000056e-01
7.230000000000000426e+00 1.760829062108102638e+00 1.228751428552487868e+00 -1.000000000000000056e-01
7.240000000000000213e+00 1.760074375800502411e+00 1.228585015511640455e+00 -1.000000000000000056e-01
7.250000000000000000e+00 1.759317666770211730e+00 1.228419869695818178e+00 -1.000000000000000056e-01
7.259999999999999787e+00 1.758559008955266290e+00 1.228256002121298707e+00 -1.000000000000000056e-01
7.270000000000000462e+00 1.757798476713593017e+00 1.228093423749362367e+00 -1.000000000000000056e-01
7.280000000000000249e+00 1.757036144815206979e+00 1.227932145483918269e+00 -1.000000000000000056e-01
7.290000000000000036e+00 1.756272088436030776e+00 1.227772178168610617e+00 -1.000000000000000056e-01
7.299999999999999822e+00 1.755506383149842753e+00 1.227613532584665990e+00 -1.000000000000000056e-01
7.310000000000000497e+00 1.754739104921925641e+00 1.227456219447577102e+00 -1.000000000000000056e-01
7.320000000000000284e+00 1.753970330101191744e+00 1.227300249404825072e+00 -1.000000000000000056e-01
7.330000000000000071e+00 1.753200135413429894e+00 1.227145633033166483e+00 -1.000000000000000056e-01
7.339999999999999858e+00 1.752428597953302747e+00 1.226992380835543184e+00 -1.000000000000000056e-01
7.350000000000000533e+00 1.751655795177969432e+00 1.226840503239074565e+00 -1.000000000000000056e-01
7.360000000000000320e+00 1.750881804898590133e+00 1.226690010592237812e+00 -1.000000000000000056e-01
7.370000000000000107e+00 1.750106705273541952e+00 1.226540913161459301e+00 -1.000000000000000056e-01
7.379999999999999893e+00 1.749330574800990190e+00 1.226393221129651101e+00 -1.000000000000000056e-01
7.390000000000000568e+00 1.748553492310564339e+00 1.226246944592658705e+00 -1.000000000000000056e-01
7.400000000000000355e+00 1.747775536956967413e+00 1.226102093557046580e+00 -1.000000000000000056e-01
7.410000000000000142e+00 1.746996788211262475e+00 1.225958677937481367e+00 -1.000000000000000056e-01
7.419999999999999929e+00 1.746217325853845148e+00 1.225816707553869955e+00 -1.000000000000000056e-01
7.429999999999999716e+00 1.745437229966772419e+00 1.225676192128849928e+00 -1.000000000000000056e-01
7.440000000000000391e+00 1.744656580925513678e+00 1.225537141285650389e+00 -1.000000000000000056e-01
7.450000000000000178e+00 1.743875459391850624e+00 1.225399564544278341e+00 -1.000000000000000056e-01
7.459999999999999964e+00 1.743093946305723785e+00 1.225263471320752195e+00 -1.000000000000000056e-01
7.469999999999999751e+00 1.742312122877189395e+00 1.225128870922535862e+00 -1.000000000000000056e-01
7.480000000000000426e+00 1.741530070579171419e+00 1.224995772547676109e+00 -1.000000000000000056e-01
7.490000000000000213e+00 1.740747871138567548e+00 1.224864185281188345e+00 -1.000000000000000056e-01
7.500000000000000000e+00 1.739965606529193298e+00 1.224734118092706492e+00 -1.000000000000000056e-01
7.509999999999999787e+00 1.739183358963098724e+00 1.224605579834704860e+00 -1.000000000000000056e-01
7.520000000000000462e+00 1.738401210882534631e+00 1.224478579238665654e+00 -1.000000000000000056e-01
7.530000000000000249e+00 1.737619244952310682e+00 1.224353124913673208e+00 -1.000000000000000056e-01
7.540000000000000036e+00 1.736837544050492177e+00 1.224229225343647087e+00 -1.000000000000000056e-01
7.549999999999999822e+00 1.736056191261564852e+00 1.224106888884736399e+00 -1.000000000000000056e-01
7.560000000000000497e+00 1.735275269866662917e+00 1.223986123762862865e+00 -1.000000000000000056e-01
7.570000000000000284e+00 1.734494863336551562e+00 1.223866938071393795e+00 -1.000000000000000056e-01
7.580000000000000071e+00 1.733715055322051057e+00 1.223749339769170774e+00 -1.000000000000000056e-01
7.589999999999999858e+00 1.732935929646679307e+00 1.223633336677082184e+00 -1.000000000000000056e-01
7.600000000000000533e+00 1.732157570297210958e+00 1.223518936477342667e+00 -1.000000000000000056e-01
7.610000000000000320e+00 1.731380061416218474e+00 1.223406146709169029e+00 -1.000000000000000056e-01
7.620000000000000107e+00 1.730603487292501796e+00 1.223294974768535548e+00 -1.000000000000000056e-01
7.629999999999999893e+00 1.729827932353641184e+00 1.223185427904513567e+00 -1.000000000000000056e-01
7.640000000000000568e+00 1.729053481156377803e+00 1.223077513217637691e+00 -1.000000000000000056e-01
7.650000000000000355e+00 1.728280218379072419e+00 1.222971237657600074e+00 -1.000000000000000056e-01
7.660000000000000142e+00 1.727508228812284496e+00 1.222866608021265789e+00 -1.000000000000000056e-01
7.669999999999999929e+00 1.726737597350353148e+00 1.222763630950322034e+00 -1.000000000000000056e-01
7.679999999999999716e+00 1.725968408983225011e+00 1.222662312929240880e+00 -1.000000000000000056e-01
7.690000000000000391e+00 1.725200748786708260e+00 1.222562660283262215e+00 -1.000000000000000056e-01
7.700000000000000178e+00 1.724434701914991042e+00 1.222464679176759939e+00 -1.000000000000000056e-01
7.709999999999999964e+00 1.723670353590412097e+00 1.222368375610279667e+00 -1.000000000000000056e-01
7.719999999999999751e+00 1.722907789095958542e+00 1.222273755419637453e+00 -1.000000000000000056e-01
7.730000000000000426e+00 1.722147093765363124e+00 1.222180824273749522e+00 -1.000000000000000056e-01
7.740000000000000213e+00 1.721388352974668745e+00 1.222089587671694622e+00 -1.000000000000000056e-01
7.750000000000000000e+00 1.720631652133094880e+00 1.222000050943018890e+00 -1.000000000000000056e-01
7.759999999999999787e+00 1.719877076673923533e+00 1.221912219243649567e+00 -1.000000000000000056e-01
7.770000000000000462e+00 1.719124712045729142e+00 1.221826097555729795e+00 -1.000000000000000056e-01
7.780000000000000249e+00 1.718374643702743620e+00 1.221741690685036907e+00 -1.000000000000000056e-01
7.790000000000000036e+00 1.717626957096406226e+00 1.221659003259893739e+00 -1.000000000000000056e-01
7.799999999999999822e+00 1.716881737665863827e+00 1.221578039728987264e+00 -1.000000000000000056e-01
7.810000000000000497e+00 1.716139070828761604e+00 1.221498804360156010e+00 -1.000000000000000056e-01
7.820000000000000284e+00 1.715399041972156979e+00 1.221421301238679202e+00 -1.000000000000000056e-01
7.830000000000000071e+00 1.714661736443932716e+00 1.221345534265864119e+00 -1.000000000000000056e-01
7.839999999999999858e+00 1.713927239542556880e+00 1.221271507157218217e+00 -1.000000000000000056e-01
7.850000000000000533e+00 1.713195636508839215e+00 1.221199223441959081e+00 -1.000000000000000056e-01
7.860000000000000320e+00 1.712467012516555087e+00 1.221128686460187796e+00 -1.000000000000000056e-01
7.870000000000000107e+00 1.711741452662824958e+00 1.221059899362759049e+00 -1.000000000000000056e-01
7.879999999999999893e+00 1.711019041959563003e+00 1.220992865109885805e+00 -1.000000000000000056e-01
7.890000000000000568e+00 1.710299865323456459e+00 1.220927586468724124e+00 -1.000000000000000056e-01
7.900000000000000355e+00 1.709584007567771291e+00 1.220864066013888305e+00 -1.000000000000000056e-01
7.910000000000000142e+00 1.708871553391568376e+00 1.220802306124910253e+00 -1.000000000000000056e-01
7.919999999999999929e+00 1.708162587371555574e+00 1.220742308985698132e+00 -1.000000000000000056e-01
7.930000000000000604e+00 1.707457193952116148e+00 1.220684076583247180e+00 -1.000000000000000056e-01
7.940000000000000391e+00 1.706755457435248591e+00 1.220627610707292865e+00 -1.000000000000000056e-01
7.950000000000000178e+00 1.706057461972336542e+00 1.220572912947615496e+00 -1.000000000000000056e-01
7.959999999999999964e+00 1.705363291552529414e+00 1.220519984695762394e+00 -1.000000000000000056e-01
7.969999999999999751e+00 1.704673029994831834e+00 1.220468827141235391e+00 -1.000000000000000056e-01
7.980000000000000426e+00 1.703986760937024059e+00 1.220419441272736494e+00 -1.000000000000000056e-01
7.990000000000000213e+00 1.703304567826235516e+00 1.220371827876836734e+00 -1.000000000000000056e-01
8.000000000000000000e+00 1.702626533908843554e+00 1.220325987536524881e+00 -1.000000000000000056e-01
8.009999999999999787e+00 1.701952742220987025e+00 1.220281920631912875e+00 -1.000000000000000056e-01
8.019999999999999574e+00 1.701283275577549992e+00 1.220239627337635024e+00 -1.000000000000000056e-01
8.029999999999999361e+00 1.700618216563422713e+00 1.220199107624815760e+00 -1.000000000000000056e-01
8.040000000000000924e+00 1.699957647522448267e+00 1.220160361258202375e+00 -1.000000000000000056e-01
8.050000000000000711e+00 1.699301650548074250e+00 1.220123387797072745e+00 -1.000000000000000056e-01
8.060000000000000497e+00 1.698650307473057008e+00 1.220088186594578961e+00 -1.000000000000000056e-01
8.070000000000000284e+00 1.698003699860317628e+00 1.220054756796995044e+00 -1.000000000000000056e-01
8.080000000000000071e+00 1.697361908991459334e+00 1.220023097344065999e+00 -1.000000000000000056e-01
8.089999999999999858e+00 1.696725015859227081e+00 1.219993206968632338e+00 -1.000000000000000056e-01
8.099999999999999645e+00 1.696093101155922600e+00 1.219965084195759886e+00 -1.000000000000000056e-01
8.109999999999999432e+00 1.695466245264451777e+00 1.219938727343835350e+00 -1.000000000000000056e-01
8.120000000000000995e+00 1.694844528249080273e+00 1.219914134523814253e+00 -1.000000000000000056e-01
8.130000000000000782e+00 1.694228029845076033e+00 1.219891303638948266e+00 -1.000000000000000056e-01
8.140000000000000568e+00 1.693616829449952954e+00 1.219870232385898978e+00 -1.000000000000000056e-01
8.150000000000000355e+00 1.693011006113417372e+00 1.219850918253766903e+00 -1.000000000000000056e-01
8.160000000000000142e+00 1.692410638528536238e+00 1.219833358524967659e+00 -1.000000000000000056e-01
8.169999999999999929e+00 1.691815805021616326e+00 1.219817550275241524e+00 -1.000000000000000056e-01
8.179999999999999716e+00 1.691226583543943951e+00 1.219803490374341326e+00 -1.000000000000000056e-01
8.189999999999999503e+00 1.690643051661106844e+00 1.219791175485058332e+00 -1.000000000000000056e-01
8.199999999999999289e+00 1.690065286544943701e+00 1.219780602065929864e+00 -1.000000000000000056e-01
8.210000000000000853e+00 1.689493364963864597e+00 1.219771766369457389e+00 -1.000000000000000056e-01
8.220000000000000639e+00 1.688927363273062143e+00 1.219764664443840463e+00 -1.000000000000000056e-01
8.230000000000000426e+00 1.688367357406661995e+00 1.219759292133484774e+00 -1.000000000000000056e-01
8.240000000000000213e+00 1.687813422867236790e+00 1.219755645079114270e+00 -1.000000000000000056e-01
8.250000000000000000e+00 1.687265634717807439e+00 1.219753718718797675e+00 -1.000000000000000056e-01
8.259999999999999787e+00 1.686724067572066943e+00 1.219753508289000088e+00 -1.000000000000000056e-01
8.269999999999999574e+00 1.686188795586213596e+00 1.219755008824472187e+00 -1.000000000000000056e-01
8.279999999999999361e+00 1.685659892449211439e+00 1.219758215160162251e+00 -1.000000000000000056e-01
8.290000000000000924e+00 1.685137431375132389e+00 1.219763121930976801e+00 -1.000000000000000056e-01
8.300000000000000711e+00 1.684621485093131144e+00 1.219769723573935538e+00 -1.000000000000000056e-01
8.310000000000000497e+00 1.684112125840067087e+00 1.219778014327956406e+00 -1.000000000000000056e-01
8.320000000000000284e+00 1.683609425351027200e+00 1.219787988235948584e+00 -1.000000000000000056e-01
8.330000000000000071e+00 1.683113454851510760e+00 1.219799639144902859e+00 -1.000000000000000056e-01
8.339999999999999858e+00 1.682624285048647916e+00 1.219812960707812755e+00 -1.000000000000000056e-01
8.349999999999999645e+00 1.682141986122988930e+00 1.219827946384739681e+00 -1.000000000000000056e-01
8.359999999999999432e+00 1.681666627720405094e+00 1.219844589443168648e+00 -1.000000000000000056e-01
8.370000000000000995e+00 1.681198278943601077e+00 1.219862882960695671e+00 -1.000000000000000056e-01
8.380000000000000782e+00 1.680737008344434180e+00 1.219882819824894105e+00 -1.000000000000000056e-01
8.390000000000000568e+00 1.680282883915151571e+00 1.219904392735781773e+00 -1.000000000000000056e-01
8.400000000000000355e+00 1.679835973081143852e+00 1.219927594206597465e+00 -1.000000000000000056e-01
8.410000000000000142e+00 1.679396342692290212e+00 1.219952416565273534e+00 -1.000000000000000056e-01
8.419999999999999929e+00 1.678964059015270793e+00 1.219978851956072807e+00 -1.000000000000000056e-01
8.429999999999999716e+00 1.678539187725522019e+00 1.220006892341059190e+00 -1.000000000000000056e-01
8.439999999999999503e+00 1.678121793899353120e+00 1.220036529501832057e+00 -1.000000000000000056e-01
8.449999999999999289e+00 1.677711942005884582e+00 1.220067755040273871e+00 -1.000000000000000056e-01
8.460000000000000853e+00 1.677309695899157571e+00 1.220100560381666366e+00 -1.000000000000000056e-01
8.470000000000000639e+00 1.676915118810296867e+00 1.220134936774653012e+00 -1.000000000000000056e-01
8.480000000000000426e+00 1.676528273339285890e+00 1.220170875294481316e+00 -1.000000000000000056e-01
8.490000000000000213e+00 1.676149221447653437e+00 1.220208366843809511e+00 -1.000000000000000056e-01
8.500000000000000000e+00 1.675778024449380288e+00 1.220247402154885252e+00 -1.000000000000000056e-01
8.509999999999999787e+00 1.675414743004436602e+00 1.220287971790947168e+00 -1.000000000000000056e-01
8.519999999999999574e+00 1.675059437109591487e+00 1.220330066149236892e+00 -1.000000000000000056e-01
8.529999999999999361e+00 1.674712166091052001e+00 1.220373675461103646e+00 -1.000000000000000056e-01
8.540000000000000924e+00 1.674372988596373402e+00 1.220418789795985282e+00 -1.000000000000000056e-01
8.550000000000000711e+00 1.674041962586669152e+00 1.220465399061919420e+00 -1.000000000000000056e-01
8.560000000000000497e+00 1.673719145328025126e+00 1.220513493008014816e+00 -1.000000000000000056e-01
8.570000000000000284e+00 1.673404593384720584e+00 1.220563061227127433e+00 -1.000000000000000056e-01
8.580000000000000071e+00 1.673098362609688916e+00 1.220614093157083468e+00 -1.000000000000000056e-01
8.589999999999999858e+00 1.672800508138163833e+00 1.220666578083580367e+00 -1.000000000000000056e-01
8.599999999999999645e+00 1.672511084378502710e+00 1.220720505141816181e+00 -1.000000000000000056e-01
8.609999999999999432e+00 1.672230145004880209e+00 1.220775863319408350e+00 -1.000000000000000056e-01
8.620000000000000995e+00 1.671957742949234715e+00 1.220832641457864742e+00 -1.000000000000000056e-01
8.630000000000000782e+00 1.671693930393218563e+00 1.220890828256010918e+00 -1.000000000000000056e-01
8.640000000000000568e+00 1.671438758760364740e+00 1.220950412270851659e+00 -1.000000000000000056e-01
8.650000000000000355e+00 1.671192278708583334e+00 1.221011381921875083e+00 -1.000000000000000056e-01
8.660000000000000142e+00 1.670954540121374565e+00 1.221073725491457651e+00 -1.000000000000000056e-01
8.669999999999999929e+00 1.670725592101029555e+00 1.221137431129224016e+00 -1.000000000000000056e-01
8.679999999999999716e+00 1.670505482960570109e+00 1.221202486853101954e+00 -1.000000000000000056e-01
8.689999999999999503e+00 1.670294260215245075e+00 1.221268880552934366e+00 -1.000000000000000056e-01
8.700000000000001066e+00 1.670091970575866558e+00 1.221336599992253191e+00 -1.000000000000000056e-01
8.710000000000000853e+00 1.669898659940781682e+00 1.221405632811454200e+00 -1.000000000000000056e-01
8.720000000000000639e+00 1.669714373387791717e+00 1.221475966530190860e+00 -1.000000000000000056e-01
8.730000000000000426e+00 1.669539155167488742e+00 1.221547588550292662e+00 -1.000000000000000056e-01
8.740000000000000213e+00 1.669373048694800410e+00 1.221620486157863006e+00 -1.000000000000000056e-01
8.750000000000000000e+00 1.669216096542517125e+00 1.221694646527113459e+00 -1.000000000000000056e-01
8.759999999999999787e+00 1.669068340433061959e+00 1.221770056721912079e+00 -1.000000000000000056e-01
8.769999999999999574e+00 1.668929821231862398e+00 1.221846703699275505e+00 -1.000000000000000056e-01
8.779999999999999361e+00 1.668800578940059065e+00 1.221924574312478695e+00 -1.000000000000000056e-01
8.790000000000000924e+00 1.668680652686705956e+00 1.222003655312773995e+00 -1.000000000000000056e-01
8.800000000000000711e+00 1.668570080722984850e+00 1.222083933353629082e+00 -1.000000000000000056e-01
8.810000000000000497e+00 1.668468900413996314e+00 1.222165394992551946e+00 -1.000000000000000056e-01
8.820000000000000284e+00 1.668377148232706553e+00 1.222248026694475964e+00 -1.000000000000000056e-01
8.830000000000000071e+00 1.668294859752989856e+00 1.222331814834646480e+00 -1.000000000000000056e-01
8.839999999999999858e+00 1.668222069642779859e+00 1.222416745701685237e+00 -1.000000000000000056e-01
8.849999999999999645e+00 1.668158811657868501e+00 1.222502805500016443e+00 -1.000000000000000056e-01
8.859999999999999432e+00 1.668105118634923834e+00 1.222589980353604444e+00 -1.000000000000000056e-01
8.870000000000000995e+00 1.668061022485785028e+00 1.222678256308300071e+00 -1.000000000000000056e-01
8.880000000000000782e+00 1.668026554190676025e+00 1.222767619335153322e+00 -1.000000000000000056e-01
8.890000000000000568e+00 1.668001743792277169e+00 1.222858055333619243e+00 -1.000000000000000056e-01
8.900000000000000355e+00 1.667986620389769969e+00 1.222949550133705765e+00 -1.000000000000000056e-01
8.910000000000000142e+00 1.667981212132534141e+00 1.223042089500434804e+00 -1.000000000000000056e-01
8.919999999999999929e+00 1.667985546215056791e+00 1.223135659135449194e+00 -1.000000000000000056e-01
8.929999999999999716e+00 1.667999648870240659e+00 1.223230244680892032e+00 -1.000000000000000056e-01
8.939999999999999503e+00 1.668023545364783145e+00 1.223325831722305246e+00 -1.000000000000000056e-01
8.950000000000001066e+00 1.668057259993035224e+00 1.223422405791449785e+00 -1.000000000000000056e-01
8.960000000000000853e+00 1.668100816071810488e+00 1.223519952369582109e+00 -1.000000000000000056e-01
8.970000000000000639e+00 1.668154235935280338e+00 1.223618456890390949e+00 -1.000000000000000056e-01
8.980000000000000426e+00 1.668217540929606724e+00 1.223717904743240714e+00 -1.000000000000000056e-01
8.990000000000000213e+00 1.668290751407838224e+00 1.223818281275833142e+00 -1.000000000000000056e-01
9.000000000000000000e+00 1.668373886725686317e+00 1.223919571797512429e+00 -1.000000000000000056e-01
9.009999999999999787e+00 1.668466965235166910e+00 1.224021761582427148e+00 -1.000000000000000056e-01
9.019999999999999574e+00 1.668570004281672681e+00 1.224124835872268280e+00 -1.000000000000000056e-01
9.029999999999999361e+00 1.668683020198035827e+00 1.224228779879532603e+00 -1.000000000000000056e-01
9.040000000000000924e+00 1.668806028300434674e+00 1.224333578790035126e+00 -1.000000000000000056e-01
9.050000000000000711e+00 1.668939042884004742e+00 1.224439217766948307e+00 -1.000000000000000056e-01
9.060000000000000497e+00 1.669082077218592142e+00 1.224545681952536658e+00 -1.000000000000000056e-01
9.070000000000000284e+00 1.669235143543764233e+00 1.224652956472175980e+00 -1.000000000000000056e-01
9.080000000000000071e+00 1.669398253065605298e+00 1.224761026436393063e+00 -1.000000000000000056e-01
9.089999999999999858e+00 1.669571415952177729e+00 1.224869876945062330e+00 -1.000000000000000056e-01
9.099999999999999645e+00 1.669754641329058487e+00 1.224979493088771632e+00 -1.000000000000000056e-01
9.109999999999999432e+00 1.669947937276376804e+00 1.225089859953157001e+00 -1.000000000000000056e-01
9.120000000000000995e+00 1.670151310823890345e+00 1.225200962620650369e+00 -1.000000000000000056e-01
9.130000000000000782e+00 1.670364767948237184e+00 1.225312786174536539e+00 -1.000000000000000056e-01
9.140000000000000568e+00 1.670588313568286631e+00 1.225425315700706230e+00 -1.000000000000000056e-01
9.150000000000000355e+00 1.670821951542260653e+00 1.225538536291111980e+00 -1.000000000000000056e-01
9.160000000000000142e+00 1.671065684663773476e+00 1.225652433046588996e+00 -1.000000000000000056e-01
9.169999999999999929e+00 1.671319514658572425e+00 1.225766991079180634e+00 -1.000000000000000056e-01
9.179999999999999716e+00 1.671583442180997414e+00 1.225882195515693329e+00 -1.000000000000000056e-01
9.189999999999999503e+00 1.671857466810947823e+00 1.225998031499578200e+00 -1.000000000000000056e-01
9.200000000000001066e+00 1.672141587050396616e+00 1.226114484194201326e+00 -1.000000000000000056e-01
9.210000000000000853e+00 1.672435800320273502e+00 1.226231538785560682e+00 -1.000000000000000056e-01
9.220000000000000639e+00 1.672740102957987363e+00 1.226349180484588519e+00 -1.000000000000000056e-01
9.230000000000000426e+00 1.673054490213438106e+00 1.226467394529991983e+00 -1.000000000000000056e-01
9.240000000000000213e+00 1.673378956247220994e+00 1.226586166191105054e+00 -1.000000000000000056e-01
9.250000000000000000e+00 1.673713494127171852e+00 1.226705480769862966e+00 -1.000000000000000056e-01
9.259999999999999787e+00 1.674058095825890380e+00 1.226825323604096685e+00 -1.000000000000000056e-01
9.269999999999999574e+00 1.674412752218271461e+00 1.226945680069355449e+00 -1.000000000000000056e-01
9.279999999999999361e+00 1.674777453078833522e+00 1.227066535581821105e+00 -1.000000000000000056e-01
9.290000000000000924e+00 1.675152187079271604e+00 1.227187875600796341e+00 -1.000000000000000056e-01
9.300000000000000711e+00 1.675536941786370804e+00 1.227309685630599612e+00 -1.000000000000000056e-01
9.310000000000000497e+00 1.675931703659549576e+00 1.227431951223642237e+00 -1.000000000000000056e-01
9.320000000000000284e+00 1.676336458048911293e+00 1.227554657982273589e+00 -1.000000000000000056e-01
9.330000000000000071e+00 1.676751189192790203e+00 1.227677791561223364e+00 -1.000000000000000056e-01
9.339999999999999858e+00 1.677175880216444481e+00 1.227801337670006543e+00 -1.000000000000000056e-01
9.349999999999999645e+00 1.677610513129575764e+00 1.227925282074853852e+00 -1.000000000000000056e-01
9.359999999999999432e+00 1.678055068824845009e+00 1.228049610601220198e+00 -1.000000000000000056e-01
9.370000000000000995e+00 1.678509527076149421e+00 1.228174309135782183e+00 -1.000000000000000056e-01
9.380000000000000782e+00 1.678973866536877635e+00 1.228299363628428287e+00 -1.000000000000000056e-01
9.390000000000000568e+00 1.679448064738497948e+00 1.228424760094517065e+00 -1.000000000000000056e-01
9.400000000000000355e+00 1.679932098089290449e+00 1.228550484616946825e+00 -1.000000000000000056e-01
9.410000000000000142e+00 1.680425941872409012e+00 1.228676523347748351e+00 -1.000000000000000056e-01
9.419999999999999929e+00 1.680929570245605520e+00 1.228802862510492977e+00 -1.000000000000000056e-01
9.429999999999999716e+00 1.681442956239001196e+00 1.228929488402000780e+00 -1.000000000000000056e-01
9.439999999999999503e+00 1.681966071754810832e+00 1.229056387393961725e+00 -1.000000000000000056e-01
9.450000000000001066e+00 1.682498887565993861e+00 1.229183545935269350e+00 -1.000000000000000056e-01
9.460000000000000853e+00 1.683041373315502964e+00 1.229310950552964687e+00 -1.000000000000000056e-01
9.470000000000000639e+00 1.683593497515665893e+00 1.229438587855095300e+00 -1.000000000000000056e-01
9.480000000000000426e+00 1.684155227546840328e+00 1.229566444531310365e+00 -1.000000000000000056e-01
9.490000000000000213e+00 1.684726529658034266e+00 1.229694507354823774e+00 -1.000000000000000056e-01
9.500000000000000000e+00 1.685307368965052399e+00 1.229822763184664103e+00 -1.000000000000000056e-01
9.509999999999999787e+00 1.685897709451306792e+00 1.229951198966065862e+00 -1.000000000000000056e-01
9.519999999999999574e+00 1.686497513966799922e+00 1.230079801732741007e+00 -1.000000000000000056e-01
9.529999999999999361e+00 1.687106744228215049e+00 1.230208558608423486e+00 -1.000000000000000056e-01
9.540000000000000924e+00 1.687725360819154696e+00 1.230337456807584440e+00 -1.000000000000000056e-01
9.550000000000000711e+00 1.688353323189499378e+00 1.230466483637458586e+00 -1.000000000000000056e-01
9.560000000000000497e+00 1.688990589656313990e+00 1.230595626499410900e+00 -1.000000000000000056e-01
9.570000000000000284e+00 1.689637117403778976e+00 1.230724872889157551e+00 -1.000000000000000056e-01
9.580000000000000071e+00 1.690292862483521175e+00 1.230854210399992654e+00 -1.000000000000000056e-01
9.589999999999999858e+00 1.690957779815354334e+00 1.230983626721781743e+00 -1.000000000000000056e-01
9.599999999999999645e+00 1.691631823187790040e+00 1.231113109643997117e+00 -1.000000000000000056e-01
9.609999999999999432e+00 1.692314945259117964e+00 1.231242647055705852e+00 -1.000000000000000056e-01
9.620000000000000995e+00 1.693007097557520879e+00 1.231372226947187398e+00 -1.000000000000000056e-01
9.630000000000000782e+00 1.693708230483368160e+00 1.231501837410799993e+00 -1.000000000000000056e-01
9.640000000000000568e+00 1.694418293309473356e+00 1.231631466642335804e+00 -1.000000000000000056e-01
9.650000000000000355e+00 1.695137234182766628e+00 1.231761102941630881e+00 -1.000000000000000056e-01
9.660000000000000142e+00 1.695865000125896582e+00 1.231890734713797508e+00 -1.000000000000000056e-01
9.669999999999999929e+00 1.696601537039050589e+00 1.232020350469851033e+00 -1.000000000000000056e-01
9.679999999999999716e+00 1.697346789701696723e+00 1.232149938828028812e+00 -1.000000000000000056e-01
9.689999999999999503e+00 1.698100701774621024e+00 1.232279488513938981e+00 -1.000000000000000056e-01
9.700000000000001066e+00 1.698863215802690174e+00 1.232408988362019509e+00 -1.000000000000000056e-01
9.710000000000000853e+00 1.699634273216641622e+00 1.232538427315117202e+00 -1.000000000000000056e-01
9.720000000000000639e+00 1.700413814336454221e+00 1.232667794426251184e+00 -1.000000000000000056e-01
9.730000000000000426e+00 1.701201778373679696e+00 1.232797078857557516e+00 -1.000000000000000056e-01
9.740000000000000213e+00 1.701998103434837040e+00 1.232926269881718939e+00 -1.000000000000000056e-01
9.750000000000000000e+00 1.702802726524346166e+00 1.233055356881256115e+00 -1.000000000000000056e-01
9.759999999999999787e+00 1.703615583547867240e+00 1.233184329348165020e+00 -1.000000000000000056e-01
9.769999999999999574e+00 1.704436609315334916e+00 1.233313176884639484e+00 -1.000000000000000056e-01
9.779999999999999361e+00 1.705265737544796600e+00 1.233441889200775909e+00 -1.000000000000000056e-01
9.790000000000000924e+00 1.706102900864862937e+00 1.233570456115404834e+00 -1.000000000000000056e-01
9.800000000000000711e+00 1.706948030818352002e+00 1.233698867554164247e+00 -1.000000000000000056e-01
9.810000000000000497e+00 1.707801057864888339e+00 1.233827113548191301e+00 -1.000000000000000056e-01
9.820000000000000284e+00 1.708661911383640319e+00 1.233955184234228231e+00 -1.000000000000000056e-01
9.830000000000000071e+00 1.709530519675843907e+00 1.234083069851321435e+00 -1.000000000000000056e-01
9.839999999999999858e+00 1.710406809966849462e+00 1.234210760741720314e+00 -1.000000000000000056e-01
9.849999999999999645e+00 1.711290708408506500e+00 1.234338247347940731e+00 -1.000000000000000056e-01
9.859999999999999432e+00 1.712182140081041082e+00 1.234465520212823630e+00 -1.000000000000000056e-01
9.870000000000000995e+00 1.713081028995229182e+00 1.234592569978340215e+00 -1.000000000000000056e-01
9.880000000000000782e+00 1.713987298094672207e+00 1.234719387384524580e+00 -1.000000000000000056e-01
9.890000000000000568e+00 1.714900869258437099e+00 1.234845963269530777e+00 -1.000000000000000056e-01
9.900000000000000355e+00 1.715821663304152311e+00 1.234972288568642496e+00 -1.000000000000000056e-01
9.910000000000000142e+00 1.716749599991254316e+00 1.235098354314613456e+00 -1.000000000000000056e-01
9.919999999999999929e+00 1.717684598025256637e+00 1.235224151636743040e+00 -1.000000000000000056e-01
9.929999999999999716e+00 1.718626575062060624e+00 1.235349671760945345e+00 -1.000000000000000056e-01
9.939999999999999503e+00 1.719575447713181049e+00 1.235474906010058938e+00 -1.000000000000000056e-01
9.950000000000001066e+00 1.720531131551026105e+00 1.235599845802590746e+00 -1.000000000000000056e-01
9.960000000000000853e+00 1.721493541114748504e+00 1.235724482653316469e+00 -1.000000000000000056e-01
9.970000000000000639e+00 1.722462589916475828e+00 1.235848808172398616e+00 -1.000000000000000056e-01
9.980000000000000426e+00 1.723438190447556861e+00 1.235972814064985936e+00 -1.000000000000000056e-01
9.990000000000000213e+00 1.724420254185113466e+00 1.236096492130865920e+00 -1.000000000000000056e-01
1.000000000000000000e+01 1.725408691598872890e+00 1.236219834263204254e+00 -1.000000000000000056e-01
1.000999999999999979e+01 1.726403412157448303e+00 1.236342832448463769e+00 -1.000000000000000056e-01
1.001999999999999957e+01 1.727404324336301533e+00 1.236465478764744219e+00 -1.000000000000000056e-01
1.002999999999999936e+01 1.728411335622967337e+00 1.236587765381474302e+00 -1.000000000000000056e-01
1.004000000000000092e+01 1.729424352525723130e+00 1.236709684557827371e+00 -1.000000000000000056e-01
1.005000000000000071e+01 1.730443280579498033e+00 1.236831228641458225e+00 -1.000000000000000056e-01
1.006000000000000050e+01 1.731468024353792545e+00 1.236952390067807439e+00 -1.000000000000000056e-01
1.007000000000000028e+01 1.732498487458963066e+00 1.237073161358091422e+00 -1.000000000000000056e-01
1.008000000000000007e+01 1.733534572554439546e+00 1.237193535117875998e+00 -1.000000000000000056e-01
1.008999999999999986e+01 1.734576181355500291e+00 1.237313504036486878e+00 -1.000000000000000056e-01
1.009999999999999964e+01 1.735623214640987122e+00 1.237433060883995628e+00 -1.000000000000000056e-01
1.010999999999999943e+01 1.736675572261001443e+00 1.237552198510876611e+00 -1.000000000000000056e-01
1.012000000000000099e+01 1.737733153144034981e+00 1.237670909845613343e+00 -1.000000000000000056e-01
1.013000000000000078e+01 1.738795855305805826e+00 1.237789187893405973e+00 -1.000000000000000056e-01
1.014000000000000057e+01 1.739863575856434030e+00 1.237907025733747224e+00 -1.000000000000000056e-01
1.015000000000000036e+01 1.740936211008653700e+00 1.238024416519926119e+00 -1.000000000000000056e-01
1.016000000000000014e+01 1.742013656086323969e+00 1.238141353475351147e+00 -1.000000000000000056e-01
1.016999999999999993e+01 1.743095805533039888e+00 1.238257829893617101e+00 -1.000000000000000056e-01
1.017999999999999972e+01 1.744182552919860241e+00 1.238373839135238130e+00 -1.000000000000000056e-01
1.018999999999999950e+01 1.745273790954746662e+00 1.238489374626249084e+00 -1.000000000000000056e-01
1.020000000000000107e+01 1.746369411491410117e+00 1.238604429856620559e+00 -1.000000000000000056e-01
1.021000000000000085e+01 1.747469305537839412e+00 1.238718998377492220e+00 -1.000000000000000056e-01
1.022000000000000064e+01 1.748573363265922609e+00 1.238833073799674889e+00 -1.000000000000000056e-01
1.023000000000000043e+01 1.749681474020647443e+00 1.238946649792312948e+00 -1.000000000000000056e-01
1.024000000000000021e+01 1.750793526329660121e+00 1.239059720079076277e+00 -1.000000000000000056e-01
1.025000000000000000e+01 1.751909407912732641e+00 1.239172278438319452e+00 -1.000000000000000056e-01
1.025999999999999979e+01 1.753029005692044118e+00 1.239284318699256371e+00 -1.000000000000000056e-01
1.026999999999999957e+01 1.754152205801800868e+00 1.239395834741274571e+00 -1.000000000000000056e-01
1.027999999999999936e+01 1.755278893598247958e+00 1.239506820490403394e+00 -1.000000000000000056e-01
1.029000000000000092e+01 1.756408953670906437e+00 1.239617269919173870e+00 -1.000000000000000056e-01
1.030000000000000071e+01 1.757542269851766648e+00 1.239727177042566630e+00 -1.000000000000000056e-01
1.031000000000000050e+01 1.758678725227208473e+00 1.239836535917195226e+00 -1.000000000000000056e-01
1.032000000000000028e+01 1.759818202147829247e+00 1.239945340639092786e+00 -1.000000000000000056e-01
1.033000000000000007e+01 1.760960582240175265e+00 1.240053585340903375e+00 -1.000000000000000056e-01
1.033999999999999986e+01 1.762105746417291785e+00 1.240161264190496881e+00 -1.000000000000000056e-01
1.034999999999999964e+01 1.763253574890510267e+00 1.240268371389007473e+00 -1.000000000000000056e-01
1.035999999999999943e+01 1.764403947180660293e+00 1.240374901167510480e+00 -1.000000000000000056e-01
1.037000000000000099e+01 1.765556742129530621e+00 1.240480847786989305e+00 -1.000000000000000056e-01
1.038000000000000078e+01 1.766711837912002370e+00 1.240586205533863895e+00 -1.000000000000000056e-01
1.039000000000000057e+01 1.767869112047796731e+00 1.240690968719939669e+00 -1.000000000000000056e-01
1.040000000000000036e+01 1.769028441413221797e+00 1.240795131679105490e+00 -1.000000000000000056e-01
1.041000000000000014e+01 1.770189702254201247e+00 1.240898688765811997e+00 -1.000000000000000056e-01
1.041999999999999993e+01 1.771352770197496040e+00 1.241001634352637772e+00 -1.000000000000000056e-01
1.042999999999999972e+01 1.772517520264329516e+00 1.241103962828450147e+00 -1.000000000000000056e-01
1.043999999999999950e+01 1.773683826882128889e+00 1.241205668596695899e+00 -1.000000000000000056e-01
1.045000000000000107e+01 1.774851563898107720e+00 1.241306746072567524e+00 -1.000000000000000056e-01
1.046000000000000085e+01 1.776020604591569629e+00 1.241407189681309031e+00 -1.000000000000000056e-01
1.047000000000000064e+01 1.777190821687073319e+00 1.241506993857033558e+00 -1.000000000000000056e-01
1.048000000000000043e+01 1.778362087368383193e+00 1.241606153039233051e+00 -1.000000000000000056e-01
1.049000000000000021e+01 1.779534273290535484e+00 1.241704661672236254e+00 -1.000000000000000056e-01
1.050000000000000000e+01 1.780707250594630642e+00 1.241802514201908902e+00 -1.000000000000000056e-01
1.050999999999999979e+01 1.781880889920693933e+00 1.241899705075214078e+00 -1.000000000000000056e-01
1.051999999999999957e+01 1.783055061421431109e+00 1.241996228737038521e+00 -1.000000000000000056e-01
1.052999999999999936e+01 1.784229634776949291e+00 1.242092079628869250e+00 -1.000000000000000056e-01
1.054000000000000092e+01 1.785404479207471473e+00 1.242187252187088919e+00 -1.000000000000000056e-01
1.055000000000000071e+01 1.786579463488862762e+00 1.242281740840517124e+00 -1.000000000000000056e-01
1.056000000000000050e+01 1.787754455966067191e+00 1.242375540009656332e+00 -1.000000000000000056e-01
1.057000000000000028e+01 1.788929324567861467e+00 1.242468644103442710e+00 -1.000000000000000056e-01
1.058000000000000007e+01 1.790103936821209940e+00 1.242561047519347817e+00 -1.000000000000000056e-01
1.058999999999999986e+01 1.791278159866523279e+00 1.242652744639527462e+00 -1.000000000000000056e-01
1.059999999999999964e+01 1.792451860471538039e+00 1.242743729831537136e+00 -1.000000000000000056e-01
1.060999999999999943e+01 1.793624905047200846e+00 1.242833997444438232e+00 -1.000000000000000056e-01
1.062000000000000099e+01 1.794797159662046226e+00 1.242923541808662380e+00 -1.000000000000000056e-01
1.063000000000000078e+01 1.795968490057724631e+00 1.243012357233989285e+00 -1.000000000000000056e-01
1.064000000000000057e+01 1.797138761664265783e+00 1.243100438008054809e+00 -1.000000000000000056e-01
1.065000000000000036e+01 1.798307839615052028e+00 1.243187778394622134e+00 -1.000000000000000056e-01
1.066000000000000014e+01 1.799475588763353784e+00 1.243274372632624969e+00 -1.000000000000000056e-01
1.066999999999999993e+01 1.800641873696679829e+00 1.243360214934382091e+00 -1.000000000000000056e-01
1.067999999999999972e+01 1.801806558753394683e+00 1.243445299484403854e+00 -1.000000000000000056e-01
1.068999999999999950e+01 1.802969508038571478e+00 1.243529620438038163e+00 -1.000000000000000056e-01
1.070000000000000107e+01 1.804130585439191359e+00 1.243613171920264771e+00 -1.000000000000000056e-01
1.071000000000000085e+01 1.805289654641365038e+00 1.243695948024424069e+00 -1.000000000000000056e-01
1.072000000000000064e+01 1.806446579145417841e+00 1.243777942811148396e+00 -1.000000000000000056e-01
1.073000000000000043e+01 1.807601222282816167e+00 1.243859150307164096e+00 -1.000000000000000056e-01
1.074000000000000021e+01 1.808753447232495537e+00 1.243939564503919737e+00 -1.000000000000000056e-01
1.075000000000000000e+01 1.809903117037044762e+00 1.244019179357814586e+00 -1.000000000000000056e-01
1.075999999999999979e+01 1.811050094619705453e+00 1.244097988787302489e+00 -1.000000000000000056e-01
1.076999999999999957e+01 1.812194242800676980e+00 1.244175986673791146e+00 -1.000000000000000056e-01
1.077999999999999936e+01 1.813335424314144184e+00 1.244253166859779158e+00 -1.000000000000000056e-01
1.079000000000000092e+01 1.814473501825211610e+00 1.244329523148410832e+00 -1.000000000000000056e-01
1.080000000000000071e+01 1.815608337946662765e+00 1.244405049302860000e+00 -1.000000000000000056e-01
1.081000000000000050e+01 1.816739795256004264e+00 1.244479739045343036e+00 -1.000000000000000056e-01
1.082000000000000028e+01 1.817867736313045546e+00 1.244553586056960759e+00 -1.000000000000000056e-01
1.083000000000000007e+01 1.818992023676779368e+00 1.244626583976669476e+00 -1.000000000000000056e-01
1.083999999999999986e+01 1.820112519922493011e+00 1.244698726401424649e+00 -1.000000000000000056e-01
1.084999999999999964e+01 1.821229087659855139e+00 1.244770006885236091e+00 -1.000000000000000056e-01
1.085999999999999943e+01 1.822341589550074303e+00 1.244840418939136661e+00 -1.000000000000000056e-01
1.087000000000000099e+01 1.823449888322769219e+00 1.244909956030600950e+00 -1.000000000000000056e-01
1.088000000000000078e+01 1.824553846795257783e+00 1.244978611584206529e+00 -1.000000000000000056e-01
1.089000000000000057e+01 1.825653327888423272e+00 1.245046378980171786e+00 -1.000000000000000056e-01
1.090000000000000036e+01 1.826748194645849699e+00 1.245113251555776790e+00 -1.000000000000000056e-01
1.091000000000000014e+01 1.827838310251098886e+00 1.245179222603647329e+00 -1.000000000000000056e-01
1.091999999999999993e+01 1.828923538045607033e+00 1.245244285374188520e+00 -1.000000000000000056e-01
1.092999999999999972e+01 1.830003741546611939e+00 1.245308433073230692e+00 -1.000000000000000056e-01
1.093999999999999950e+01 1.831078784465717479e+00 1.245371658864208975e+00 -1.000000000000000056e-01
1.095000000000000107e+01 1.832148530726117830e+00 1.245433955867371489e+00 -1.000000000000000056e-01
1.096000000000000085e+01 1.833212844481186155e+00 1.245495317160729698e+00 -1.000000000000000056e-01
1.097000000000000064e+01 1.834271590132846130e+00 1.245555735780367490e+00 -1.000000000000000056e-01
1.098000000000000043e+01 1.835324632348894758e+00 1.245615204720793789e+00 -1.000000000000000056e-01
1.099000000000000021e+01 1.836371836082234310e+00 1.245673716936100295e+00 -1.000000000000000056e-01
1.100000000000000000e+01 1.837413066588090338e+00 1.245731265339997007e+00 -1.000000000000000056e-01
1.100999999999999979e+01 1.838448189443258496e+00 1.245787842807026813e+00 -1.000000000000000056e-01
1.101999999999999957e+01 1.839477070563220407e+00 1.245843442173443005e+00 -1.000000000000000056e-01
1.102999999999999936e+01 1.840499576221082734e+00 1.245898056237964902e+00 -1.000000000000000056e-01
1.104000000000000092e+01 1.841515573065795275e+00 1.245951677762535459e+00 -1.000000000000000056e-01
1.105000000000000071e+01 1.842524928139777751e+00 1.246004299474249066e+00 -1.000000000000000056e-01
1.106000000000000050e+01 1.843527508897457423e+00 1.246055914065496095e+00 -1.000000000000000056e-01
1.107000000000000028e+01 1.844523183223423457e+00 1.246106514195764348e+00 -1.000000000000000056e-01
1.108000000000000007e+01 1.845511819450189384e+00 1.246156092492980871e+00 -1.000000000000000056e-01
1.108999999999999986e+01 1.846493286376187593e+00 1.246204641554319981e+00 -1.000000000000000056e-01
1.109999999999999964e+01 1.847467453284037608e+00 1.246252153948487429e+00 -1.000000000000000056e-01
1.110999999999999943e+01 1.848434189957942175e+00 1.246298622216317264e+00 -1.000000000000000056e-01
1.112000000000000099e+01 1.849393366701686414e+00 1.246344038873017590e+00 -1.000000000000000056e-01
1.113000000000000078e+01 1.850344854356272828e+00 1.246388396409381594e+00 -1.000000000000000056e-01
1.114000000000000057e+01 1.851288524317469042e+00 1.246431687293895418e+00 -1.000000000000000056e-01
1.115000000000000036e+01 1.852224248553314467e+00 1.246473903974018027e+00 -1.000000000000000056e-01
1.116000000000000014e+01 1.853151899621375831e+00 1.246515038878461823e+00 -1.000000000000000056e-01
1.116999999999999993e+01 1.854071350686418596e+00 1.246555084419123549e+00 -1.000000000000000056e-01
1.117999999999999972e+01 1.854982475537046316e+00 1.246594032992393686e+00 -1.000000000000000056e-01
1.118999999999999950e+01 1.855885148603455992e+00 1.246631876982704279e+00 -1.000000000000000056e-01
1.120000000000000107e+01 1.856779244974008591e+00 1.246668608762642849e+00 -1.000000000000000056e-01
1.121000000000000085e+01 1.857664640412043600e+00 1.246704220697483878e+00 -1.000000000000000056e-01
1.122000000000000064e+01 1.858541211373736735e+00 1.246738705145714388e+00 -1.000000000000000056e-01
1.123000000000000043e+01 1.859408835023299789e+00 1.246772054462657930e+00 -1.000000000000000056e-01
1.124000000000000021e+01 1.860267389251107684e+00 1.246804261001771774e+00 -1.000000000000000056e-01
1.125000000000000000e+01 1.861116752689668807e+00 1.246835317119271869e+00 -1.000000000000000056e-01
1.125999999999999979e+01 1.861956804730322990e+00 1.246865215174375541e+00 -1.000000000000000056e-01
1.126999999999999957e+01 1.862787425539583985e+00 1.246893947534017943e+00 -1.000000000000000056e-01
1.127999999999999936e+01 1.863608496075916499e+00 1.246921506574933725e+00 -1.000000000000000056e-01
1.129000000000000092e+01 1.864419898105857509e+00 1.246947884686662178e+00 -1.000000000000000056e-01
1.130000000000000071e+01 1.865221514219942422e+00 1.246973074274670967e+00 -1.000000000000000056e-01
1.131000000000000050e+01 1.866013227850173317e+00 1.246997067763758071e+00 -1.000000000000000056e-01
1.132000000000000028e+01 1.866794923284130547e+00 1.247019857600403014e+00 -1.000000000000000056e-01
1.133000000000000007e+01 1.867566485683169297e+00 1.247041436257633862e+00 -1.000000000000000056e-01
1.133999999999999986e+01 1.868327801096716589e+00 1.247061796236371256e+00 -1.000000000000000056e-01
1.134999999999999964e+01 1.869078756479459980e+00 1.247080930070745053e+00 -1.000000000000000056e-01
1.135999999999999943e+01 1.869819239706071778e+00 1.247098830330321650e+00 -1.000000000000000056e-01
1.137000000000000099e+01 1.870549139587553755e+00 1.247115489624188500e+00 -1.000000000000000056e-01
1.138000000000000078e+01 1.871268345887219242e+00 1.247130900605026627e+00 -1.000000000000000056e-01
1.139000000000000057e+01 1.871976749335275025e+00 1.247145055971636163e+00 -1.000000000000000056e-01
1.140000000000000036e+01 1.872674241645164717e+00 1.247157948473985201e+00 -1.000000000000000056e-01
1.141000000000000014e+01 1.873360715529041487e+00 1.247169570916437653e+00 -1.000000000000000056e-01
1.141999999999999993e+01 1.874036064712014005e+00 1.247179916161619939e+00 -1.000000000000000056e-01
1.142999999999999972e+01 1.874700183949012722e+00 1.247188977134717325e+00 -1.000000000000000056e-01
1.143999999999999950e+01 1.875352969038502904e+00 1.247196746827321290e+00 -1.000000000000000056e-01
1.145000000000000107e+01 1.875994316838440312e+00 1.247203218301305760e+00 -1.000000000000000056e-01
1.146000000000000085e+01 1.876624125280911937e+00 1.247208384693921479e+00 -1.000000000000000056e-01
1.147000000000000064e+01 1.877242293387068051e+00 1.247212239220561791e+00 -1.000000000000000056e-01
1.148000000000000043e+01 1.877848721281951905e+00 1.247214775180600643e+00 -1.000000000000000056e-01
1.149000000000000021e+01 1.878443310209256811e+00 1.247215985960361317e+00 -1.000000000000000056e-01
1.150000000000000000e+01 1.879025962545813000e+00 1.247215865038615812e+00 -1.000000000000000056e-01
1.150999999999999979e+01 1.879596581816094680e+00 1.247214405990563657e+00 -1.000000000000000056e-01
1.151999999999999957e+01 1.880155072706748642e+00 1.247211602492046323e+00 -1.000000000000000056e-01
1.152999999999999936e+01 1.880701341080606603e+00 1.247207448324769041e+00 -1.000000000000000056e-01
1.154000000000000092e+01 1.881235293991327051e+00 1.247201937380586712e+00 -1.000000000000000056e-01
1.155000000000000071e+01 1.881756839696606010e+00 1.247195063665835768e+00 -1.000000000000000056e-01
1.156000000000000050e+01 1.882265887672914362e+00 1.247186821306899951e+00 -1.000000000000000056e-01
1.157000000000000028e+01 1.882762348629073434e+00 1.247177204554112961e+00 -1.000000000000000056e-01
1.158000000000000007e+01 1.883246134519382053e+00 1.247166207786904124e+00 -1.000000000000000056e-01
1.158999999999999986e+01 1.883717158557624893e+00 1.247153825518955372e+00 -1.000000000000000056e-01
1.159999999999999964e+01 1.884175335230504178e+00 1.247140052402591515e+00 -1.000000000000000056e-01
1.160999999999999943e+01 1.884620580310290672e+00 1.247124883233645232e+00 -1.000000000000000056e-01
1.162000000000000099e+01 1.885052810868377060e+00 1.247108312957359244e+00 -1.000000000000000056e-01
1.163000000000000078e+01 1.885471945287890749e+00 1.247090336671975663e+00 -1.000000000000000056e-01
1.164000000000000057e+01 1.885877903276598655e+00 1.247070949635136206e+00 -1.000000000000000056e-01
1.165000000000000036e+01 1.886270605879072360e+00 1.247050147267697140e+00 -1.000000000000000056e-01
1.166000000000000014e+01 1.886649975489639974e+00 1.247027925160094419e+00 -1.000000000000000056e-01
1.166999999999999993e+01 1.887015935863785021e+00 1.247004279076275202e+00 -1.000000000000000056e-01
1.167999999999999972e+01 1.887368412131170237e+00 1.246979204959646426e+00 -1.000000000000000056e-01
1.168999999999999950e+01 1.887707330806266182e+00 1.246952698937993764e+00 -1.000000000000000056e-01
1.170000000000000107e+01 1.888032619801002898e+00 1.246924757328360833e+00 -1.000000000000000056e-01
1.171000000000000085e+01 1.888344208435720928e+00 1.246895376642885189e+00 -1.000000000000000056e-01
1.172000000000000064e+01 1.888642027450235350e+00 1.246864553593833636e+00 -1.000000000000000056e-01
1.173000000000000043e+01 1.888926009015393870e+00 1.246832285097885240e+00 -1.000000000000000056e-01
1.174000000000000021e+01 1.889196086743347047e+00 1.246798568283323583e+00 -1.000000000000000056e-01
1.175000000000000000e+01 1.889452195698846371e+00 1.246763400493247742e+00 -1.000000000000000056e-01
1.175999999999999979e+01 1.889694272408912967e+00 1.246726779292438358e+00 -1.000000000000000056e-01
1.176999999999999957e+01 1.889922254873606988e+00 1.246688702471457910e+00 -1.000000000000000056e-01
1.177999999999999936e+01 1.890136082576033161e+00 1.246649168052981427e+00 -1.000000000000000056e-01
1.179000000000000092e+01 1.890335696491701745e+00 1.246608174296199634e+00 -1.000000000000000056e-01
1.180000000000000071e+01 1.890521039098972622e+00 1.246565719702593222e+00 -1.000000000000000056e-01
1.181000000000000050e+01 1.890692054387251630e+00 1.246521803021262809e+00 -1.000000000000000056e-01
1.182000000000000028e+01 1.890848687867720868e+00 1.246476423253882082e+00 -1.000000000000000056e-01
1.183000000000000007e+01 1.890990886580653507e+00 1.246429579660191855e+00 -1.000000000000000056e-01
1.183999999999999986e+01 1.891118599105807041e+00 1.246381271763444154e+00 -1.000000000000000056e-01
1.184999999999999964e+01 1.891231775569592211e+00 1.246331499355131545e+00 -1.000000000000000056e-01
1.185999999999999943e+01 1.891330367654609601e+00 1.246280262501021863e+00 -1.000000000000000056e-01
1.187000000000000099e+01 1.891414328606905837e+00 1.246227561545439011e+00 -1.000000000000000056e-01
1.188000000000000078e+01 1.891483613244636208e+00 1.246173397117329440e+00 -1.000000000000000056e-01
1.189000000000000057e+01 1.891538177965148781e+00 1.246117770135203306e+00 -1.000000000000000056e-01
1.190000000000000036e+01 1.891577980753424315e+00 1.246060681811852033e+00 -1.000000000000000056e-01
1.191000000000000014e+01 1.891602981188208688e+00 1.246002133660152111e+00 -1.000000000000000056e-01
1.191999999999999993e+01 1.891613140450615571e+00 1.245942127497879026e+00 -1.000000000000000056e-01
1.192999999999999972e+01 1.891608421329765699e+00 1.245880665452806957e+00 -1.000000000000000056e-01
1.193999999999999950e+01 1.891588788230357032e+00 1.245817749967769394e+00 -1.000000000000000056e-01
1.195000000000000107e+01 1.891554207179068747e+00 1.245753383805764392e+00 -1.000000000000000056e-01
1.196000000000000085e+01 1.891504645830584863e+00 1.245687570054856863e+00 -1.000000000000000056e-01
1.197000000000000064e+01 1.891440073474376149e+00 1.245620312133392638e+00 -1.000000000000000056e-01
1.198000000000000043e+01 1.891360461040133778e+00 1.245551613794223300e+00 -1.000000000000000056e-01
1.199000000000000021e+01 1.891265781103815380e+00 1.245481479130681191e+00 -1.000000000000000056e-01
1.200000000000000000e+01 1.891156007893501689e+00 1.245409912580121015e+00 -1.000000000000000056e-01
1.200999999999999979e+01 1.891031117294271535e+00 1.245336918929928371e+00 -1.000000000000000056e-01
1.201999999999999957e+01 1.890891086854098235e+00 1.245262503321008074e+00 -1.000000000000000056e-01
1.203000000000000114e+01 1.890735895788273613e+00 1.245186671253762034e+00 -1.000000000000000056e-01
1.204000000000000092e+01 1.890565524985127865e+00 1.245109428591321121e+00 -1.000000000000000056e-01
1.205000000000000071e+01 1.890379957009803435e+00 1.245030781565365174e+00 -1.000000000000000056e-01
1.206000000000000050e+01 1.890179176109672676e+00 1.244950736779635303e+00 -1.000000000000000056e-01
1.207000000000000028e+01 1.889963168218403489e+00 1.244869301214798885e+00 -1.000000000000000056e-01
1.208000000000000007e+01 1.889731920959693445e+00 1.244786482232732583e+00 -1.000000000000000056e-01
1.208999999999999986e+01 1.889485423652455864e+00 1.244702287580933486e+00 -1.000000000000000056e-01
1.209999999999999964e+01 1.889223667313597144e+00 1.244616725396019641e+00 -1.000000000000000056e-01
1.210999999999999943e+01 1.888946644662341523e+00 1.244529804209263402e+00 -1.000000000000000056e-01
1.212000000000000099e+01 1.888654350123953440e+00 1.244441532948677320e+00 -1.000000000000000056e-01
1.213000000000000078e+01 1.888346779832464017e+00 1.244351920945088841e+00 -1.000000000000000056e-01
1.214000000000000057e+01 1.888023931634832842e+00 1.244260977934139589e+00 -1.000000000000000056e-01
1.215000000000000036e+01 1.887685805093257230e+00 1.244168714061364200e+00 -1.000000000000000056e-01
1.216000000000000014e+01 1.887332401488874156e+00 1.244075139885230774e+00 -1.000000000000000056e-01
1.216999999999999993e+01 1.886963723823999795e+00 1.243980266380768640e+00 -1.000000000000000056e-01
1.217999999999999972e+01 1.886579776825054289e+00 1.243884104943666413e+00 -1.000000000000000056e-01
1.218999999999999950e+01 1.886180566945107051e+00 1.243786667392421830e+00 -1.000000000000000056e-01
1.220000000000000107e+01 1.885766102366247754e+00 1.243687965973483855e+00 -1.000000000000000056e-01
1.221000000000000085e+01 1.885336393001810551e+00 1.243588013362228128e+00 -1.000000000000000056e-01
1.222000000000000064e+01 1.884891450498314525e+00 1.243486822667990710e+00 -1.000000000000000056e-01
1.223000000000000043e+01 1.884431288237837343e+00 1.243384407436014527e+00 -1.000000000000000056e-01
1.224000000000000021e+01 1.883955921339429240e+00 1.243280781650342393e+00 -1.000000000000000056e-01
1.225000000000000000e+01 1.883465366661087881e+00 1.243175959736990244e+00 -1.000000000000000056e-01
1.225999999999999979e+01 1.882959642800759559e+00 1.243069956566213108e+00 -1.000000000000000056e-01
1.226999999999999957e+01 1.882438770099126524e+00 1.242962787454991780e+00 -1.000000000000000056e-01
1.228000000000000114e+01 1.881902770638796518e+00 1.242854468169758642e+00 -1.000000000000000056e-01
1.229000000000000092e+01 1.881351668247584596e+00 1.242745014928192226e+00 -1.000000000000000056e-01
1.230000000000000071e+01 1.880785488498037283e+00 1.242634444401740756e+00 -1.000000000000000056e-01
1.231000000000000050e+01 1.880204258709158971e+00 1.242522773717221973e+00 -1.000000000000000056e-01
1.232000000000000028e+01 1.879608007946614867e+00 1.242410020459148834e+00 -1.000000000000000056e-01
1.233000000000000007e+01 1.878996767024067926e+00 1.242296202670528205e+00 -1.000000000000000056e-01
1.233999999999999986e+01 1.878370568502873317e+00 1.242181338856108930e+00 -1.000000000000000056e-01
1.234999999999999964e+01 1.877729446693321869e+00 1.242065447981717474e+00 -1.000000000000000056e-01
1.235999999999999943e+01 1.877073437654056098e+00 1.241948549477246644e+00 -1.000000000000000056e-01
1.237000000000000099e+01 1.876402579193056086e+00 1.241830663236786592e+00 -1.000000000000000056e-01
1.238000000000000078e+01 1.875716910867149423e+00 1.241711809620112961e+00 -1.000000000000000056e-01
1.239000000000000057e+01 1.875016473981897747e+00 1.241592009453518219e+00 -1.000000000000000056e-01
1.240000000000000036e+01 1.874301311591793917e+00 1.241471284029624478e+00 -1.000000000000000056e-01
1.241000000000000014e+01 1.873571468499715342e+00 1.241349655109612815e+00 -1.000000000000000056e-01
1.241999999999999993e+01 1.872826991256139939e+00 1.241227144921648762e+00 -1.000000000000000056e-01
1.242999999999999972e+01 1.872067928159538042e+00 1.241103776162541639e+00 -1.000000000000000056e-01
1.243999999999999950e+01 1.871294329254457045e+00 1.240979571996746467e+00 -1.000000000000000056e-01
1.245000000000000107e+01 1.870506246331899769e+00 1.240854556057212399e+00 -1.000000000000000056e-01
1.246000000000000085e+01 1.869703732927895379e+00 1.240728752444038685e+00 -1.000000000000000056e-01
1.247000000000000064e+01 1.868886844322077190e+00 1.240602185724542839e+00 -1.000000000000000056e-01
1.248000000000000043e+01 1.868055637537731517e+00 1.240474880932778134e+00 -1.000000000000000056e-01
1.249000000000000021e+01 1.867210171339365843e+00 1.240346863568016600e+00 -1.000000000000000056e-01
1.250000000000000000e+01 1.866350506232215212e+00 1.240218159594433489e+00 -1.000000000000000056e-01
1.250999999999999979e+01 1.865476704460207857e+00 1.240088795439282077e+00 -1.000000000000000056e-01
1.251999999999999957e+01 1.864588830004775044e+00 1.239958797991903561e+00 -1.000000000000000056e-01
1.253000000000000114e+01 1.863686948583187064e+00 1.239828194602042633e+00 -1.000000000000000056e-01
1.254000000000000092e+01 1.862771127646484226e+00 1.239697013077698751e+00 -1.000000000000000056e-01
1.255000000000000071e+01 1.861841436377672521e+00 1.239565281683769893e+00 -1.000000000000000056e-01
1.256000000000000050e+01 1.860897945689726107e+00 1.239433029139331399e+00 -1.000000000000000056e-01
1.257000000000000028e+01 1.859940728223374862e+00 1.239300284615547643e+00 -1.000000000000000056e-01
1.258000000000000007e+01 1.858969858345007609e+00 1.239167077732931554e+00 -1.000000000000000056e-01
1.258999999999999986e+01 1.857985412143588588e+00 1.239033438558653000e+00 -1.000000000000000056e-01
1.259999999999999964e+01 1.856987467428754535e+00 1.238899397603670849e+00 -1.000000000000000056e-01
1.260999999999999943e+01 1.855976103727718263e+00 1.238764985819391873e+00 -1.000000000000000056e-01
1.262000000000000099e+01 1.854951402282267514e+00 1.238630234594230828e+00 -1.000000000000000056e-01
1.263000000000000078e+01 1.853913446045848179e+00 1.238495175750491839e+00 -1.000000000000000056e-01
1.264000000000000057e+01 1.852862319680184111e+00 1.238359841540215500e+00 -1.000000000000000056e-01
1.265000000000000036e+01 1.851798109551517912e+00 1.238224264641300643e+00 -1.000000000000000056e-01
1.266000000000000014e+01 1.850720903727461675e+00 1.238088478153931637e+00 -1.000000000000000056e-01
1.266999999999999993e+01 1.849630791972359578e+00 1.237952515595888370e+00 -1.000000000000000056e-01
1.267999999999999972e+01 1.848527865743665677e+00 1.237816410898217923e+00 -1.000000000000000056e-01
1.268999999999999950e+01 1.847412218187465260e+00 1.237680198401250209e+00 -1.000000000000000056e-01
1.270000000000000107e+01 1.846283944133280563e+00 1.237543912849280003e+00 -1.000000000000000056e-01
1.271000000000000085e+01 1.845143140090207856e+00 1.237407589387171214e+00 -1.000000000000000056e-01
1.272000000000000064e+01 1.843989904241136291e+00 1.237271263553745504e+00 -1.000000000000000056e-01
1.273000000000000043e+01 1.842824336437691057e+00 1.237134971279098439e+00 -1.000000000000000056e-01
1.274000000000000021e+01 1.841646538195697680e+00 1.236998748878069376e+00 -1.000000000000000056e-01
1.275000000000000000e+01 1.840456612688665006e+00 1.236862633045764603e+00 -1.000000000000000056e-01
1.275999999999999979e+01 1.839254664743971368e+00 1.236726660852723203e+00 -1.000000000000000056e-01
1.276999999999999957e+01 1.838040800836669320e+00 1.236590869739274678e+00 -1.000000000000000056e-01
1.278000000000000114e+01 1.836815129085266562e+00 1.236455297509565066e+00 -1.000000000000000056e-01
1.279000000000000092e+01 1.835577759247129181e+00 1.236319982326467004e+00 -1.000000000000000056e-01
1.280000000000000071e+01 1.834328802713661277e+00 1.236184962704700352e+00 -1.000000000000000056e-01
1.281000000000000050e+01 1.833068372507465682e+00 1.236050277504356920e+00 -1.000000000000000056e-01
1.282000000000000028e+01 1.831796583277059964e+00 1.235915965923677140e+00 -1.000000000000000056e-01
1.283000000000000007e+01 1.830513551295216645e+00 1.235782067491859149e+00 -1.000000000000000056e-01
1.283999999999999986e+01 1.829219394453635461e+00 1.235648622060596447e+00 -1.000000000000000056e-01
1.284999999999999964e+01 1.827914232260816618e+00 1.235515669795580029e+00 -1.000000000000000056e-01
1.285999999999999943e+01 1.826598185836857846e+00 1.235383251168666208e+00 -1.000000000000000056e-01
1.287000000000000099e+01 1.825271377909875259e+00 1.235251406947311281e+00 -1.000000000000000056e-01
1.288000000000000078e+01 1.823933932810678726e+00 1.235120178186875473e+00 -1.000000000000000056e-01
1.289000000000000057e+01 1.822585976466802649e+00 1.234989606220186387e+00 -1.000000000000000056e-01
1.290000000000000036e+01 1.821227636396796967e+00 1.234859732647988428e+00 -1.000000000000000056e-01
1.291000000000000014e+01 1.819859041702708957e+00 1.234730599330271072e+00 -1.000000000000000056e-01
1.291999999999999993e+01 1.818480323062569459e+00 1.234602248374868205e+00 -1.000000000000000056e-01
1.292999999999999972e+01 1.817091612723136018e+00 1.234474722129345503e+00 -1.000000000000000056e-01
1.293999999999999950e+01 1.815693044489865571e+00 1.234348063169721677e+00 -1.000000000000000056e-01
1.295000000000000107e+01 1.814284753720486920e+00 1.234222314291368638e+00 -1.000000000000000056e-01
1.296000000000000085e+01 1.812866877313737080e+00 1.234097518498047386e+00 -1.000000000000000056e-01
1.297000000000000064e+01 1.811439553702084648e+00 1.233973718992547708e+00 -1.000000000000000056e-01
1.298000000000000043e+01 1.810002922841701167e+00 1.233850959165475381e+00 -1.000000000000000056e-01
1.299000000000000021e+01 1.808557126203334198e+00 1.233729282585445786e+00 -1.000000000000000056e-01
1.300000000000000000e+01 1.807102306763158417e+00 1.233608732988145551e+00 -1.000000000000000056e-01
1.300999999999999979e+01 1.805638608993169081e+00 1.233489354265440818e+00 -1.000000000000000056e-01
1.301999999999999957e+01 1.804166178852071978e+00 1.233371190455077704e+00 -1.000000000000000056e-01
1.303000000000000114e+01 1.802685163775196830e+00 1.233254285728855093e+00 -1.000000000000000056e-01
1.304000000000000092e+01 1.801195712665429660e+00 1.233138684382397487e+00 -1.000000000000000056e-01
1.305000000000000071e+01 1.799697975883039591e+00 1.233024430822794226e+00 -1.000000000000000056e-01
1.306000000000000050e+01 1.798192105236033678e+00 1.232911569558393650e+00 -1.000000000000000056e-01
1.307000000000000028e+01 1.796678253969819838e+00 1.232800145186153662e+00 -1.000000000000000056e-01
1.308000000000000007e+01 1.795156576757515277e+00 1.232690202380398281e+00 -1.000000000000000056e-01
1.308999999999999986e+01 1.793627229688882219e+00 1.232581785881408543e+00 -1.000000000000000056e-01
1.309999999999999964e+01 1.792090370260446930e+00 1.232474940482151560e+00 -1.000000000000000056e-01
1.310999999999999943e+01 1.790546157364294455e+00 1.232369711018046932e+00 -1.000000000000000056e-01
1.312000000000000099e+01 1.788994751277311890e+00 1.232266142352684168e+00 -1.000000000000000056e-01
1.313000000000000078e+01 1.787436313649802377e+00 1.232164279367326420e+00 -1.000000000000000056e-01
1.314000000000000057e+01 1.785871007494639562e+00 1.232064166946907902e+00 -1.000000000000000056e-01
1.315000000000000036e+01 1.784298997174816659e+00 1.231965849968450044e+00 -1.000000000000000056e-01
1.316000000000000014e+01 1.782720448392318913e+00 1.231869373287795666e+00 -1.000000000000000056e-01
1.316999999999999993e+01 1.781135528175901372e+00 1.231774781727165147e+00 -1.000000000000000056e-01
1.317999999999999972e+01 1.779544404868412144e+00 1.231682120061887264e+00 -1.000000000000000056e-01
1.318999999999999950e+01 1.777947248114783552e+00 1.231591433007561243e+00 -1.000000000000000056e-01
1.320000000000000107e+01 1.776344228848744766e+00 1.231502765206637928e+00 -1.000000000000000056e-01
1.321000000000000085e+01 1.774735519280223883e+00 1.231416161216204008e+00 -1.000000000000000056e-01
1.322000000000000064e+01 1.773121292881615796e+00 1.231331665493004213e+00 -1.000000000000000056e-01
1.323000000000000043e+01 1.771501724374749509e+00 1.231249322381676725e+00 -1.000000000000000056e-01
1.324000000000000021e+01 1.769876989716631988e+00 1.231169176100324059e+00 -1.000000000000000056e-01
1.325000000000000000e+01 1.768247266085692049e+00 1.231091270727655118e+00 -1.000000000000000056e-01
1.325999999999999979e+01 1.766612731867304165e+00 1.231015650188583832e+00 -1.000000000000000056e-01
1.326999999999999957e+01 1.764973566639394420e+00 1.230942358241608803e+00 -1.000000000000000056e-01
1.328000000000000114e+01 1.763329951157373676e+00 1.230871438464436141e+00 -1.000000000000000056e-01
1.329000000000000092e+01 1.761682067339465085e+00 1.230802934240329050e+00 -1.000000000000000056e-01
1.330000000000000071e+01 1.760030098250770836e+00 1.230736888744462965e+00 -1.000000000000000056e-01
1.331000000000000050e+01 1.758374228088349867e+00 1.230673344930541147e+00 -1.000000000000000056e-01
1.332000000000000028e+01 1.756714642164539431e+00 1.230612345516075568e+00 -1.000000000000000056e-01
1.333000000000000007e+01 1.755051526891654667e+00 1.230553932969227660e+00 -1.000000000000000056e-01
1.333999999999999986e+01 1.753385069764987536e+00 1.230498149494775317e+00 -1.000000000000000056e-01
1.334999999999999964e+01 1.751715459346286252e+00 1.230445037020128973e+00 -1.000000000000000056e-01
1.335999999999999943e+01 1.750042885246829716e+00 1.230394637181767781e+00 -1.000000000000000056e-01
1.337000000000000099e+01 1.748367538110556563e+00 1.230346991310689253e+00 -1.000000000000000056e-01
1.338000000000000078e+01 1.746689609595761361e+00 1.230302140419466506e+00 -1.000000000000000056e-01
1.339000000000000057e+01 1.745009292358463693e+00 1.230260125187645937e+00 -1.000000000000000056e-01
1.340000000000000036e+01 1.743326780033280343e+00 1.230220985948149659e+00 -1.000000000000000056e-01
1.341000000000000014e+01 1.741642267216073181e+00 1.230184762673814269e+00 -1.000000000000000056e-01
1.341999999999999993e+01 1.739955949445012529e+00 1.230151494962776759e+00 -1.000000000000000056e-01
1.342999999999999972e+01 1.738268023181737787e+00 1.230121222025594818e+00 -1.000000000000000056e-01
1.343999999999999950e+01 1.736578685792584675e+00 1.230093982671369490e+00 -1.000000000000000056e-01
1.345000000000000107e+01 1.734888135529016884e+00 1.230069815293134639e+00 -1.000000000000000056e-01
1.346000000000000085e+01 1.733196571508405892e+00 1.230048757856028407e+00 -1.000000000000000056e-01
1.347000000000000064e+01 1.731504193693766291e+00 1.230030847881851574e+00 -1.000000000000000056e-01
1.348000000000000043e+01 1.729811202874378617e+00 1.230016122437074255e+00 -1.000000000000000056e-01
1.349000000000000021e+01 1.728117800644730639e+00 1.230004618118549775e+00 -1.000000000000000056e-01
1.350000000000000000e+01 1.726424189384724306e+00 1.229996371040558145e+00 -1.000000000000000056e-01
1.350999999999999979e+01 1.724730572238487136e+00 1.229991416821307526e+00 -1.000000000000000056e-01
1.351999999999999957e+01 1.723037153093363916e+00 1.229989790570066299e+00 -1.000000000000000056e-01
1.353000000000000114e+01 1.721344136558955240e+00 1.229991526874153696e+00 -1.000000000000000056e-01
1.354000000000000092e+01 1.719651727945370245e+00 1.229996659784875934e+00 -1.000000000000000056e-01
1.355000000000000071e+01 1.717960133242054876e+00 1.230005222806879628e+00 -1.000000000000000056e-01
1.356000000000000050e+01 1.716269559094947939e+00 1.230017248882730341e+00 -1.000000000000000056e-01
1.357000000000000028e+01 1.714580212785534519e+00 1.230032770382516238e+00 -1.000000000000000056e-01
1.358000000000000007e+01 1.712892302207696504e+00 1.230051819089794884e+00 -1.000000000000000056e-01
1.358999999999999986e+01 1.711206035845211249e+00 1.230074426190134629e+00 -1.000000000000000056e-01
1.359999999999999964e+01 1.709521622749817560e+00 1.230100622258238463e+00 -1.000000000000000056e-01
1.360999999999999943e+01 1.707839272516755935e+00 1.230130437246390818e+00 -1.000000000000000056e-01
1.362000000000000099e+01 1.706159195263412531e+00 1.230163900471938243e+00 -1.000000000000000056e-01
1.363000000000000078e+01 1.704481601604246555e+00 1.230201040605481300e+00 -1.000000000000000056e-01
1.364000000000000057e+01 1.702806702628401503e+00 1.230241885659824508e+00 -1.000000000000000056e-01
1.365000000000000036e+01 1.701134709875335105e+00 1.230286462977886019e+00 -1.000000000000000056e-01
1.366000000000000014e+01 1.699465835311037232e+00 1.230334799220968778e+00 -1.000000000000000056e-01
1.366999999999999993e+01 1.697800291303533493e+00 1.230386920358858438e+00 -1.000000000000000056e-01
1.367999999999999972e+01 1.696138290598971032e+00 1.230442851657623349e+00 -1.000000000000000056e-01
1.368999999999999950e+01 1.694480046296445774e+00 1.230502617669012810e+00 -1.000000000000000056e-01
1.370000000000000107e+01 1.692825771823783576e+00 1.230566242220511919e+00 -1.000000000000000056e-01
1.371000000000000085e+01 1.691175680911498169e+00 1.230633748403979988e+00 -1.000000000000000056e-01
1.372000000000000064e+01 1.689529987568830327e+00 1.230705158566079760e+00 -1.000000000000000056e-01
1.373000000000000043e+01 1.687888906057143590e+00 1.230780494298123973e+00 -1.000000000000000056e-01
1.374000000000000021e+01 1.686252650864586089e+00 1.230859776425602181e+00 -1.000000000000000056e-01
1.375000000000000000e+01 1.684621436680543205e+00 1.230943025000015290e+00 -1.000000000000000056e-01
1.375999999999999979e+01 1.682995478368871645e+00 1.231030259287699380e+00 -1.000000000000000056e-01
1.376999999999999957e+01 1.681374990941737257e+00 1.231121497762427630e+00 -1.000000000000000056e-01
1.378000000000000114e+01 1.679760189533184844e+00 1.231216758095061037e+00 -1.000000000000000056e-01
1.379000000000000092e+01 1.678151289371880406e+00 1.231316057145738885e+00 -1.000000000000000056e-01
1.380000000000000071e+01 1.676548505754599461e+00 1.231419410955439053e+00 -1.000000000000000056e-01
1.381000000000000050e+01 1.674952054018081782e+00 1.231526834737219689e+00 -1.000000000000000056e-01
1.382000000000000028e+01 1.673362149512513497e+00 1.231638342868788483e+00 -1.000000000000000056e-01
1.383000000000000007e+01 1.671779007572656628e+00 1.231753948884916072e+00 -1.000000000000000056e-01
1.383999999999999986e+01 1.670202843490817823e+00 1.231873665469629175e+00 -1.000000000000000056e-01
1.384999999999999964e+01 1.668633872487936598e+00 1.231997504449443559e+00 -1.000000000000000056e-01
1.385999999999999943e+01 1.667072309685356357e+00 1.232125476786301910e+00 -1.000000000000000056e-01
1.387000000000000099e+01 1.665518370076189525e+00 1.232257592571166516e+00 -1.000000000000000056e-01
1.388000000000000078e+01 1.663972268496523688e+00 1.232393861017709646e+00 -1.000000000000000056e-01
1.389000000000000057e+01 1.662434219595879226e+00 1.232534290456087867e+00 -1.000000000000000056e-01
1.390000000000000036e+01 1.660904437808422340e+00 1.232678888327662481e+00 -1.000000000000000056e-01
1.391000000000000014e+01 1.659383137323052537e+00 1.232827661178917067e+00 -1.000000000000000056e-01
1.391999999999999993e+01 1.657870532054255275e+00 1.232980614657372298e+00 -1.000000000000000056e-01
1.392999999999999972e+01 1.656366835611202459e+00 1.233137753505597844e+00 -1.000000000000000056e-01
1.393999999999999950e+01 1.654872261269106248e+00 1.233299081557261312e+00 -1.000000000000000056e-01
1.395000000000000107e+01 1.653387021937444246e+00 1.233464601733333055e+00 -1.000000000000000056e-01
1.396000000000000085e+01 1.651911330131195621e+00 1.233634316037315326e+00 -1.000000000000000056e-01
1.397000000000000064e+01 1.650445397938650638e+00 1.233808225552414095e+00 -1.000000000000000056e-01
1.398000000000000043e+01 1.648989436992315039e+00 1.233986330437491841e+00 -1.000000000000000056e-01
1.399000000000000021e+01 1.647543658436672498e+00 1.234168629925225469e+00 -1.000000000000000056e-01
1.400000000000000000e+01 1.646108272898630709e+00 1.234355122318250064e+00 -1.000000000000000056e-01
1.400999999999999979e+01 1.644683490455045582e+00 1.234545804987845496e+00 -1.000000000000000056e-01
1.401999999999999957e+01 1.643269520602897549e+00 1.234740674371042735e+00 -1.000000000000000056e-01
1.403000000000000114e+01 1.641866572227101750e+00 1.234939725970208624e+00 -1.000000000000000056e-01
1.404000000000000092e+01 1.640474853569639846e+00 1.235142954350101796e+00 -1.000000000000000056e-01
1.405000000000000071e+01 1.639094572198072974e+00 1.235350353138739754e+00 -1.000000000000000056e-01
1.406000000000000050e+01 1.637725934973657038e+00 1.235561915024684598e+00 -1.000000000000000056e-01
1.407000000000000028e+01 1.636369148020517583e+00 1.235777631758922634e+00 -1.000000000000000056e-01
1.408000000000000007e+01 1.635024416693416249e+00 1.235997494152985210e+00 -1.000000000000000056e-01
1.408999999999999986e+01 1.633691945546209556e+00 1.236221492080324502e+00 -1.000000000000000056e-01
1.409999999999999964e+01 1.632371938300379410e+00 1.236449614477046044e+00 -1.000000000000000056e-01
1.410999999999999943e+01 1.631064597813093320e+00 1.236681849342184503e+00 -1.000000000000000056e-01
1.412000000000000099e+01 1.629770126045322343e+00 1.236918183740201016e+00 -1.000000000000000056e-01
1.413000000000000078e+01 1.628488724030458190e+00 1.237158603801459700e+00 -1.000000000000000056e-01
1.414000000000000057e+01 1.627220591841930686e+00 1.237403094725676889e+00 -1.000000000000000056e-01
1.415000000000000036e+01 1.625965928562031815e+00 1.237651640782548634e+00 -1.000000000000000056e-01
1.416000000000000014e+01 1.624724932249472342e+00 1.237904225316970752e+00 -1.000000000000000056e-01
1.416999999999999993e+01 1.623497799908095507e+00 1.238160830749383656e+00 -1.000000000000000056e-01
1.417999999999999972e+01 1.622284727454783138e+00 1.238421438581430944e+00 -1.000000000000000056e-01
1.418999999999999950e+01 1.621085909687705495e+00 1.238686029398575750e+00 -1.000000000000000056e-01
1.420000000000000107e+01 1.619901540254770733e+00 1.238954582874722377e+00 -1.000000000000000056e-01
1.421000000000000085e+01 1.618731811621493044e+00 1.239227077776440700e+00 -1.000000000000000056e-01
1.422000000000000064e+01 1.617576915039939278e+00 1.239503491967895776e+00 -1.000000000000000056e-01
1.423000000000000043e+01 1.616437040516375934e+00 1.239783802416299929e+00 -1.000000000000000056e-01
1.424000000000000021e+01 1.615312376780199566e+00 1.240067985196894096e+00 -1.000000000000000056e-01
1.425000000000000000e+01 1.614203111252302536e+00 1.240356015499237463e+00 -1.000000000000000056e-01
1.425999999999999979e+01 1.613109430013206280e+00 1.240647867633276835e+00 -1.000000000000000056e-01
1.426999999999999957e+01 1.612031517772474443e+00 1.240943515036017075e+00 -1.000000000000000056e-01
1.428000000000000114e+01 1.610969557836418486e+00 1.241242930278061429e+00 -1.000000000000000056e-01
1.429000000000000092e+01 1.609923732077626735e+00 1.241546085071320915e+00 -1.000000000000000056e-01
1.430000000000000071e+01 1.608894220903416494e+00 1.241852950275988965e+00 -1.000000000000000056e-01
1.431000000000000050e+01 1.607881203224843292e+00 1.242163495909224702e+00 -1.000000000000000056e-01
1.432000000000000028e+01 1.606884856425764285e+00 1.242477691152654273e+00 -1.000000000000000056e-01
1.433000000000000007e+01 1.605905356331946976e+00 1.242795504361157599e+00 -1.000000000000000056e-01
1.433999999999999986e+01 1.604942877180363103e+00 1.243116903071942669e+00 -1.000000000000000056e-01
1.434999999999999964e+01 1.603997591588407490e+00 1.243441854013566328e+00 -1.000000000000000056e-01
1.435999999999999943e+01 1.603069670523701307e+00 1.243770323115529930e+00 -1.000000000000000056e-01
1.437000000000000099e+01 1.602159283273165480e+00 1.244102275518114364e+00 -1.000000000000000056e-01
1.438000000000000078e+01 1.601266597413467663e+00 1.244437675582556135e+00 -1.000000000000000056e-01
1.439000000000000057e+01 1.600391778780272833e+00 1.244776486901552293e+00 -1.000000000000000056e-01
1.440000000000000036e+01 1.599534991438624987e+00 1.245118672309928565e+00 -1.000000000000000056e-01
1.441000000000000014e+01 1.598696397652977552e+00 1.245464193896109961e+00 -1.000000000000000056e-01
1.441999999999999993e+01 1.597876157857799795e+00 1.245813013013006287e+00 -1.000000000000000056e-01
1.442999999999999972e+01 1.597074430627511976e+00 1.246165090289962363e+00 -1.000000000000000056e-01
1.443999999999999950e+01 1.596291372647833828e+00 1.246520385645220275e+00 -1.000000000000000056e-01
1.445000000000000107e+01 1.595527138686044566e+00 1.246878858297112869e+00 -1.000000000000000056e-01
1.446000000000000085e+01 1.594781881562537418e+00 1.247240466777788770e+00 -1.000000000000000056e-01
1.447000000000000064e+01 1.594055752121204872e+00 1.247605168945556287e+00 -1.000000000000000056e-01
1.448000000000000043e+01 1.593348899202060576e+00 1.247972921997702711e+00 -1.000000000000000056e-01
1.449000000000000021e+01 1.592661469611496017e+00 1.248343682484956751e+00 -1.000000000000000056e-01
1.450000000000000000e+01 1.591993608094832924e+00 1.248717406323605061e+00 -1.000000000000000056e-01
1.450999999999999979e+01 1.591345457308425582e+00 1.249094048811166369e+00 -1.000000000000000056e-01
1.451999999999999957e+01 1.590717157791302405e+00 1.249473564639557610e+00 -1.000000000000000056e-01
1.453000000000000114e+01 1.590108847937949044e+00 1.249855907909337649e+00 -1.000000000000000056e-01
1.454000000000000092e+01 1.589520663970820813e+00 1.250241032145726683e+00 -1.000000000000000056e-01
1.455000000000000071e+01 1.588952739913499945e+00 1.250628890311987540e+00 -1.000000000000000056e-01
1.456000000000000050e+01 1.588405207563341914e+00 1.251019434825838772e+00 -1.000000000000000056e-01
1.457000000000000028e+01 1.587878196465182246e+00 1.251412617574451103e+00 -1.000000000000000056e-01
1.458000000000000007e+01 1.587371833884709149e+00 1.251808389929797150e+00 -1.000000000000000056e-01
1.458999999999999986e+01 1.586886244782742761e+00 1.252206702765249036e+00 -1.000000000000000056e-01
1.459999999999999964e+01 1.586421551788629980e+00 1.252607506471240528e+00 -1.000000000000000056e-01
1.460999999999999943e+01 1.585977875175396790e+00 1.253010750971347287e+00 -1.000000000000000056e-01
1.462000000000000099e+01 1.585555332833798792e+00 1.253416385739714034e+00 -1.000000000000000056e-01
1.463000000000000078e+01 1.585154040247791718e+00 1.253824359816680278e+00 -1.000000000000000056e-01
1.464000000000000057e+01 1.584774110469243436e+00 1.254234621826583851e+00 -1.000000000000000056e-01
1.465000000000000036e+01 1.584415654093784598e+00 1.254647119994342308e+00 -1.000000000000000056e-01
1.466000000000000014e+01 1.584078779236454793e+00 1.255061802162828366e+00 -1.000000000000000056e-01
1.466999999999999993e+01 1.583763591508042579e+00 1.255478615810650567e+00 -1.000000000000000056e-01
1.467999999999999972e+01 1.583470193991067587e+00 1.255897508069244939e+00 -1.000000000000000056e-01
1.468999999999999950e+01 1.583198687217045819e+00 1.256318425740881484e+00 -1.000000000000000056e-01
1.470000000000000107e+01 1.582949169143023527e+00 1.256741315317063457e+00 -1.000000000000000056e-01
1.471000000000000085e+01 1.582721735129289486e+00 1.257166122995301949e+00 -1.000000000000000056e-01
1.472000000000000064e+01 1.582516477916892095e+00 1.257592794698873195e+00 -1.000000000000000056e-01
1.473000000000000043e+01 1.582333487605732225e+00 1.258021276093989949e+00 -1.000000000000000056e-01
1.474000000000000021e+01 1.582172851632782873e+00 1.258451512608527834e+00 -1.000000000000000056e-01
1.475000000000000000e+01 1.582034654750948066e+00 1.258883449450959535e+00 -1.000000000000000056e-01
1.475999999999999979e+01 1.581918979007761683e+00 1.259317031628325312e+00 -1.000000000000000056e-01
1.476999999999999957e+01 1.581825903725147642e+00 1.259752203965397888e+00 -1.000000000000000056e-01
1.478000000000000114e+01 1.581755505478928514e+00 1.260188911123177657e+00 -1.000000000000000056e-01
1.479000000000000092e+01 1.581707858078341911e+00 1.260627097618460368e+00 -1.000000000000000056e-01
1.480000000000000071e+01 1.581683032547723133e+00 1.261066707841546508e+00 -1.000000000000000056e-01
1.481000000000000050e+01 1.581681097105524625e+00 1.261507686076185353e+00 -1.000000000000000056e-01
1.482000000000000028e+01 1.581702117147182785e+00 1.261949976518610628e+00 -1.000000000000000056e-01
1.483000000000000007e+01 1.581746155224658779e+00 1.262393523295848308e+00 -1.000000000000000056e-01
1.483999999999999986e+01 1.581813271030263035e+00 1.262838270485474812e+00 -1.000000000000000056e-01
1.484999999999999964e+01 1.581903521377063138e+00 1.263284162134614252e+00 -1.000000000000000056e-01
1.485999999999999943e+01 1.582016960182455634e+00 1.263731142278700537e+00 -1.000000000000000056e-01
1.487000000000000099e+01 1.582153638450457755e+00 1.264179154961010632e+00 -1.000000000000000056e-01
1.488000000000000078e+01 1.582313604255645600e+00 1.264628144251271236e+00 -1.000000000000000056e-01
1.489000000000000057e+01 1.582496902725737842e+00 1.265078054265442509e+00 -1.000000000000000056e-01
1.490000000000000036e+01 1.582703576026846637e+00 1.265528829183761417e+00 -1.000000000000000056e-01
1.491000000000000014e+01 1.582933663346446584e+00 1.265980413270639371e+00 -1.000000000000000056e-01
1.491999999999999993e+01 1.583187200879599743e+00 1.266432750892970249e+00 -1.000000000000000056e-01
1.492999999999999972e+01 1.583464221812578954e+00 1.266885786539337921e+00 -1.000000000000000056e-01
1.493999999999999950e+01 1.583764756309694599e+00 1.267339464838638463e+00 -1.000000000000000056e-01
1.495000000000000107e+01 1.584088831498054795e+00 1.267793730578846922e+00 -1.000000000000000056e-01
1.496000000000000085e+01 1.584436471454812700e+00 1.268248528725293367e+00 -1.000000000000000056e-01
1.497000000000000064e+01 1.584807697192913922e+00 1.268703804440161287e+00 -1.000000000000000056e-01
1.498000000000000043e+01 1.585202526648761490e+00 1.269159503099235975e+00 -1.000000000000000056e-01
1.499000000000000021e+01 1.585620974669200711e+00 1.269615570311901198e+00 -1.000000000000000056e-01
1.500000000000000000e+01 1.586063052999815870e+00 1.270071951937804755e+00 -1.000000000000000056e-01
1.500999999999999979e+01 1.586528770272408018e+00 1.270528594105880593e+00 -1.000000000000000056e-01
1.501999999999999957e+01 1.587018131994405001e+00 1.270985443231496648e+00 -1.000000000000000056e-01
1.503000000000000114e+01 1.587531140536829311e+00 1.271442446034410256e+00 -1.000000000000000056e-01
1.504000000000000092e+01 1.588067795124901149e+00 1.271899549556286591e+00 -1.000000000000000056e-01
1.505000000000000071e+01 1.588628091826396638e+00 1.272356701177556948e+00 -1.000000000000000056e-01
1.506000000000000050e+01 1.589212023543010277e+00 1.272813848635181433e+00 -1.000000000000000056e-01
1.507000000000000028e+01 1.589819580000079391e+00 1.273270940038831789e+00 -1.000000000000000056e-01
1.508000000000000007e+01 1.590450747737849779e+00 1.273727923888155811e+00 -1.000000000000000056e-01
1.508999999999999986e+01 1.591105510102884146e+00 1.274184749088646873e+00 -1.000000000000000056e-01
1.509999999999999964e+01 1.591783847239423011e+00 1.274641364968493784e+00 -1.000000000000000056e-01
1.510999999999999943e+01 1.592485736082058789e+00 1.275097721293850572e+00 -1.000000000000000056e-01
1.512000000000000099e+01 1.593211150347618954e+00 1.275553768285049516e+00 -1.000000000000000056e-01
1.513000000000000078e+01 1.593960060528850864e+00 1.276009456631973737e+00 -1.000000000000000056e-01
1.514000000000000057e+01 1.594732433886963952e+00 1.276464737508878233e+00 -1.000000000000000056e-01
1.515000000000000036e+01 1.595528234446251137e+00 1.276919562589684087e+00 -1.000000000000000056e-01
1.516000000000000014e+01 1.596347422987543618e+00 1.277373884062321219e+00 -1.000000000000000056e-01
1.516999999999999993e+01 1.597189957043132269e+00 1.277827654643333144e+00 -1.000000000000000056e-01
1.517999999999999972e+01 1.598055790892040751e+00 1.278280827591311564e+00 -1.000000000000000056e-01
1.518999999999999950e+01 1.598944875554772826e+00 1.278733356721031944e+00 -1.000000000000000056e-01
1.520000000000000107e+01 1.599857158790053413e+00 1.279185196416779302e+00 -1.000000000000000056e-01
1.521000000000000085e+01 1.600792585090315079e+00 1.279636301645025176e+00 -1.000000000000000056e-01
1.522000000000000064e+01 1.601751095679067705e+00 1.280086627967368385e+00 -1.000000000000000056e-01
1.523000000000000043e+01 1.602732628507749890e+00 1.280536131552748369e+00 -1.000000000000000056e-01
1.524000000000000021e+01 1.603737118253270921e+00 1.280984769189325245e+00 -1.000000000000000056e-01
1.525000000000000000e+01 1.604764496316269717e+00 1.281432498296151135e+00 -1.000000000000000056e-01
1.525999999999999979e+01 1.605814690819593382e+00 1.281879276934453804e+00 -1.000000000000000056e-01
1.526999999999999957e+01 1.606887626606807729e+00 1.282325063818145372e+00 -1.000000000000000056e-01
1.528000000000000114e+01 1.607983225242305636e+00 1.282769818324398958e+00 -1.000000000000000056e-01
1.529000000000000092e+01 1.609101405010169517e+00 1.283213500504024829e+00 -1.000000000000000056e-01
1.530000000000000071e+01 1.610242080915460505e+00 1.283656071090392370e+00 -1.000000000000000056e-01
1.531000000000000050e+01 1.611405164683872071e+00 1.284097491509198496e+00 -1.000000000000000056e-01
1.532000000000000028e+01 1.612590564763793477e+00 1.284537723887183791e+00 -1.000000000000000056e-01
1.533000000000000007e+01 1.613798186327149775e+00 1.284976731060114785e+00 -1.000000000000000056e-01
1.533999999999999986e+01 1.615027931271826755e+00 1.285414476581492105e+00 -1.000000000000000056e-01
1.534999999999999964e+01 1.616279698224319272e+00 1.285850924728985989e+00 -1.000000000000000056e-01
1.535999999999999943e+01 1.617553382541914608e+00 1.286286040512772066e+00 -1.000000000000000056e-01
1.537000000000000099e+01 1.618848876316951069e+00 1.286719789681094905e+00 -1.000000000000000056e-01
1.538000000000000078e+01 1.620166068380065827e+00 1.287152138727390760e+00 -1.000000000000000056e-01
1.539000000000000057e+01 1.621504844304496151e+00 1.287583054895023116e+00 -1.000000000000000056e-01
1.540000000000000036e+01 1.622865086411191538e+00 1.288012506183906725e+00 -1.000000000000000056e-01
1.541000000000000014e+01 1.624246673773400929e+00 1.288440461354190658e+00 -1.000000000000000056e-01
1.541999999999999993e+01 1.625649482222807807e+00 1.288866889931692628e+00 -1.000000000000000056e-01
1.542999999999999972e+01 1.627073384355268493e+00 1.289291762211127956e+00 -1.000000000000000056e-01
1.543999999999999950e+01 1.628518249537625362e+00 1.289715049260503399e+00 -1.000000000000000056e-01
1.545000000000000107e+01 1.629983943914453448e+00 1.290136722923534318e+00 -1.000000000000000056e-01
1.546000000000000085e+01 1.631470330415921932e+00 1.290556755823168311e+00 -1.000000000000000056e-01
1.547000000000000064e+01 1.632977268765220868e+00 1.290975121363327593e+00 -1.000000000000000056e-01
1.548000000000000043e+01 1.634504615487886836e+00 1.291391793731310411e+00 -1.000000000000000056e-01
1.549000000000000021e+01 1.636052223920048565e+00 1.291806747899016949e+00 -1.000000000000000056e-01
1.550000000000000000e+01 1.637619944218295931e+00 1.292219959624481440e+00 -1.000000000000000056e-01
1.550999999999999979e+01 1.639207623370019240e+00 1.292631405452300708e+00 -1.000000000000000056e-01
1.551999999999999957e+01 1.640815105203758950e+00 1.293041062714300971e+00 -1.000000000000000056e-01
1.553000000000000114e+01 1.642442230400765757e+00 1.293448909529471891e+00 -1.000000000000000056e-01
1.554000000000000092e+01 1.644088836506899742e+00 1.293854924803378825e+00 -1.000000000000000056e-01
1.555000000000000071e+01 1.645754757945276481e+00 1.294259088227676768e+00 -1.000000000000000056e-01
1.556000000000000050e+01 1.647439826029659882e+00 1.294661380278083529e+00 -1.000000000000000056e-01
1.557000000000000028e+01 1.649143868978253602e+00 1.295061782213549284e+00 -1.000000000000000056e-01
1.558000000000000007e+01 1.650866711928927089e+00 1.295460276072315287e+00 -1.000000000000000056e-01
1.558999999999999986e+01 1.652608176953958008e+00 1.295856844670049579e+00 -1.000000000000000056e-01
1.559999999999999964e+01 1.654368083076654505e+00 1.296251471594686233e+00 -1.000000000000000056e-01
1.561000000000000121e+01 1.656146246287636403e+00 1.296644141202163869e+00 -1.000000000000000056e-01
1.562000000000000099e+01 1.657942479561635984e+00 1.297034838609586016e+00 -1.000000000000000056e-01
1.563000000000000078e+01 1.659756592875410330e+00 1.297423549688621058e+00 -1.000000000000000056e-01
1.564000000000000057e+01 1.661588393224062710e+00 1.297810261056401737e+00 -1.000000000000000056e-01
1.565000000000000036e+01 1.663437684639158975e+00 1.298194960066185510e+00 -1.000000000000000056e-01
1.566000000000000014e+01 1.665304268204568228e+00 1.298577634796207247e+00 -1.000000000000000056e-01
1.566999999999999993e+01 1.667187942073828477e+00 1.298958274037916860e+00 -1.000000000000000056e-01
1.567999999999999972e+01 1.669088501484554676e+00 1.299336867283243713e+00 -1.000000000000000056e-01
1.568999999999999950e+01 1.671005738774436589e+00 1.299713404711709597e+00 -1.000000000000000056e-01
1.570000000000000107e+01 1.672939443395512482e+00 1.300087877177845463e+00 -1.000000000000000056e-01
1.571000000000000085e+01 1.674889401928917332e+00 1.300460276197468623e+00 -1.000000000000000056e-01
1.572000000000000064e+01 1.676855398099280858e+00 1.300830593937093660e+00 -1.000000000000000056e-01
1.573000000000000043e+01 1.678837212791085109e+00 1.301198823201554999e+00 -1.000000000000000056e-01
1.574000000000000021e+01 1.680834624064891480e+00 1.301564957424503177e+00 -1.000000000000000056e-01
1.575000000000000000e+01 1.682847407175868559e+00 1.301928990658058449e+00 -1.000000000000000056e-01
1.575999999999999979e+01 1.684875334594310603e+00 1.302290917564060901e+00 -1.000000000000000056e-01
1.576999999999999957e+01 1.686918176027186300e+00 1.302650733405075423e+00 -1.000000000000000056e-01
1.578000000000000114e+01 1.688975698442432893e+00 1.303008434035691110e+00 -1.000000000000000056e-01
1.579000000000000092e+01 1.691047666093877133e+00 1.303364015892837457e+00 -1.000000000000000056e-01
1.580000000000000071e+01 1.693133840548150193e+00 1.303717475986187369e+00 -1.000000000000000056e-01
1.581000000000000050e+01 1.695233980711789323e+00 1.304068811888509760e+00 -1.000000000000000056e-01
1.582000000000000028e+01 1.697347842860283063e+00 1.304418021723014798e+00 -1.000000000000000056e-01
1.583000000000000007e+01 1.699475180665851459e+00 1.304765104153248645e+00 -1.000000000000000056e-01
1.583999999999999986e+01 1.701615745227237353e+00 1.305110058368778914e+00 -1.000000000000000056e-01
1.584999999999999964e+01 1.703769285098573727e+00 1.305452884073120989e+00 -1.000000000000000056e-01
1.586000000000000121e+01 1.705935546318805507e+00 1.305793581468488007e+00 -1.000000000000000056e-01
1.587000000000000099e+01 1.708114272441500381e+00 1.306132151241920170e+00 -1.000000000000000056e-01
1.588000000000000078e+01 1.710305204564402937e+00 1.306468594549460516e+00 -1.000000000000000056e-01
1.589000000000000057e+01 1.712508081359420453e+00 1.306802913000521871e+00 -1.000000000000000056e-01
1.590000000000000036e+01 1.714722639102989277e+00 1.307135108641428678e+00 -1.000000000000000056e-01
1.591000000000000014e+01 1.716948611706640815e+00 1.307465183939177322e+00 -1.000000000000000056e-01
1.591999999999999993e+01 1.719185730747842866e+00 1.307793141763723410e+00 -1.000000000000000056e-01
1.592999999999999972e+01 1.721433725501677392e+00 1.308118985371607979e+00 -1.000000000000000056e-01
1.593999999999999950e+01 1.723692322972193658e+00 1.308442718387107018e+00 -1.000000000000000056e-01
1.595000000000000107e+01 1.725961247925395403e+00 1.308764344785991796e+00 -1.000000000000000056e-01
1.596000000000000085e+01 1.728240222921570313e+00 1.309083868875739576e+00 -1.000000000000000056e-01
1.597000000000000064e+01 1.730528968348904018e+00 1.309401295278992405e+00 -1.000000000000000056e-01
1.598000000000000043e+01 1.732827202457694060e+00 1.309716628913774938e+00 -1.000000000000000056e-01
1.599000000000000021e+01 1.735134641394237898e+00 1.310029874975931152e+00 -1.000000000000000056e-01
1.600000000000000000e+01 1.737450999236767935e+00 1.310341038919825785e+00 -1.000000000000000056e-01
1.601000000000000156e+01 1.739775988030461296e+00 1.310650126439895535e+00 -1.000000000000000056e-01
1.601999999999999957e+01 1.742109317824222181e+00 1.310957143451483731e+00 -1.000000000000000056e-01
1.603000000000000114e+01 1.744450696707096959e+00 1.311262096072253858e+00 -1.000000000000000056e-01
1.603999999999999915e+01 1.746799830846072821e+00 1.311564990602404057e+00 -1.000000000000000056e-01
1.605000000000000071e+01 1.749156424523796272e+00 1.311865833506403956e+00 -1.000000000000000056e-01
1.605999999999999872e+01 1.751520180177618569e+00 1.312164631392786607e+00 -1.000000000000000056e-01
1.607000000000000028e+01 1.753890798437921950e+00 1.312461390995663724e+00 -1.000000000000000056e-01
1.608000000000000185e+01 1.756267978168757793e+00 1.312756119155276791e+00 -1.000000000000000056e-01
1.608999999999999986e+01 1.758651416507246212e+00 1.313048822798128512e+00 -1.000000000000000056e-01
1.610000000000000142e+01 1.761040808904948962e+00 1.313339508918604404e+00 -1.000000000000000056e-01
1.610999999999999943e+01 1.763435849168814018e+00 1.313628184558384149e+00 -1.000000000000000056e-01
1.612000000000000099e+01 1.765836229502915522e+00 1.313914856788651164e+00 -1.000000000000000056e-01
1.612999999999999901e+01 1.768241640551150740e+00 1.314199532689308114e+00 -1.000000000000000056e-01
1.614000000000000057e+01 1.770651771439689437e+00 1.314482219330903590e+00 -1.000000000000000056e-01
1.614999999999999858e+01 1.773066309820315878e+00 1.314762923754851043e+00 -1.000000000000000056e-01
1.616000000000000014e+01 1.775484941913959336e+00 1.315041652954587414e+00 -1.000000000000000056e-01
1.617000000000000171e+01 1.777907352555676335e+00 1.315318413856239488e+00 -1.000000000000000056e-01
1.617999999999999972e+01 1.780333225238187822e+00 1.315593213300484621e+00 -1.000000000000000056e-01
1.619000000000000128e+01 1.782762242158019594e+00 1.315866058022868046e+00 -1.000000000000000056e-01
1.619999999999999929e+01 1.785194084260125269e+00 1.316136954635708456e+00 -1.000000000000000056e-01
1.621000000000000085e+01 1.787628431284899344e+00 1.316405909609872360e+00 -1.000000000000000056e-01
1.621999999999999886e+01 1.790064961813344846e+00 1.316672929255936042e+00 -1.000000000000000056e-01
1.623000000000000043e+01 1.792503353314858217e+00 1.316938019706227925e+00 -1.000000000000000056e-01
1.624000000000000199e+01 1.794943282194273459e+00 1.317201186897199339e+00 -1.000000000000000056e-01
1.625000000000000000e+01 1.797384423838797929e+00 1.317462436551700478e+00 -1.000000000000000056e-01
1.626000000000000156e+01 1.799826452667016463e+00 1.317721774161177750e+00 -1.000000000000000056e-01
1.626999999999999957e+01 1.802269042176531277e+00 1.317979204968776408e+00 -1.000000000000000056e-01
1.628000000000000114e+01 1.804711864993279402e+00 1.318234733952364346e+00 -1.000000000000000056e-01
1.628999999999999915e+01 1.807154592920276803e+00 1.318488365807987117e+00 -1.000000000000000056e-01
1.630000000000000071e+01 1.809596896987773373e+00 1.318740104932978108e+00 -1.000000000000000056e-01
1.630999999999999872e+01 1.812038447502499539e+00 1.318989955410544646e+00 -1.000000000000000056e-01
1.632000000000000028e+01 1.814478914098844875e+00 1.319237920993602708e+00 -1.000000000000000056e-01
1.633000000000000185e+01 1.816917965788604761e+00 1.319484005089278211e+00 -1.000000000000000056e-01
1.633999999999999986e+01 1.819355271013233466e+00 1.319728210743999153e+00 -1.000000000000000056e-01
1.635000000000000142e+01 1.821790497693947630e+00 1.319970540628723876e+00 -1.000000000000000056e-01
1.635999999999999943e+01 1.824223313285053383e+00 1.320210997024226396e+00 -1.000000000000000056e-01
1.637000000000000099e+01 1.826653384824673765e+00 1.320449581807435546e+00 -1.000000000000000056e-01
1.637999999999999901e+01 1.829080378988422462e+00 1.320686296437314278e+00 -1.000000000000000056e-01
1.639000000000000057e+01 1.831503962141567632e+00 1.320921141941962196e+00 -1.000000000000000056e-01
1.639999999999999858e+01 1.833923800392840642e+00 1.321154118905476516e+00 -1.000000000000000056e-01
1.641000000000000014e+01 1.836339559647251818e+00 1.321385227455353251e+00 -1.000000000000000056e-01
1.642000000000000171e+01 1.838750905660710977e+00 1.321614467250789460e+00 -1.000000000000000056e-01
1.642999999999999972e+01 1.841157504093855923e+00 1.321841837470046910e+00 -1.000000000000000056e-01
1.644000000000000128e+01 1.843559020566368334e+00 1.322067336800617499e+00 -1.000000000000000056e-01
1.644999999999999929e+01 1.845955120712281072e+00 1.322290963426457910e+00 -1.000000000000000056e-01
1.646000000000000085e+01 1.848345470234262766e+00 1.322512715019685592e+00 -1.000000000000000056e-01
1.646999999999999886e+01 1.850729734959803308e+00 1.322732588728786407e+00 -1.000000000000000056e-01
1.648000000000000043e+01 1.853107580895706930e+00 1.322950581169708650e+00 -1.000000000000000056e-01
1.649000000000000199e+01 1.855478674285069296e+00 1.323166688417221515e+00 -1.000000000000000056e-01
1.650000000000000000e+01 1.857842681661862061e+00 1.323380905995465984e+00 -1.000000000000000056e-01
1.651000000000000156e+01 1.860199269908404895e+00 1.323593228869916816e+00 -1.000000000000000056e-01
1.651999999999999957e+01 1.862548106310650375e+00 1.323803651440446316e+00 -1.000000000000000056e-01
1.653000000000000114e+01 1.864888858615249001e+00 1.324012167532646389e+00 -1.000000000000000056e-01
1.653999999999999915e+01 1.867221195085865704e+00 1.324218770392308953e+00 -1.000000000000000056e-01
1.655000000000000071e+01 1.869544784559983963e+00 1.324423452678172852e+00 -1.000000000000000056e-01
1.655999999999999872e+01 1.871859296505685055e+00 1.324626206457056643e+00 -1.000000000000000056e-01
1.657000000000000028e+01 1.874164401078580289e+00 1.324827023197455267e+00 -1.000000000000000056e-01
1.658000000000000185e+01 1.876459769178465020e+00 1.325025893765534590e+00 -1.000000000000000056e-01
1.658999999999999986e+01 1.878745072506983638e+00 1.325222808420544851e+00 -1.000000000000000056e-01
1.660000000000000142e+01 1.881019983623673397e+00 1.325417756811152703e+00 -1.000000000000000056e-01
1.660999999999999943e+01 1.883284176003714228e+00 1.325610727971731739e+00 -1.000000000000000056e-01
1.662000000000000099e+01 1.885537324094869627e+00 1.325801710320564819e+00 -1.000000000000000056e-01
1.662999999999999901e+01 1.887779103374037426e+00 1.325990691656451448e+00 -1.000000000000000056e-01
1.664000000000000057e+01 1.890009190404597472e+00 1.326177659158724209e+00 -1.000000000000000056e-01
1.664999999999999858e+01 1.892227262893432682e+00 1.326362599384229624e+00 -1.000000000000000056e-01
1.666000000000000014e+01 1.894432999747210467e+00 1.326545498268661305e+00 -1.000000000000000056e-01
1.667000000000000171e+01 1.896626081129910713e+00 1.326726341125614272e+00 -1.000000000000000056e-01
1.667999999999999972e+01 1.898806188518717741e+00 1.326905112647638996e+00 -1.000000000000000056e-01
1.669000000000000128e+01 1.900973004761214780e+00 1.327081796907276567e+00 -1.000000000000000056e-01
1.669999999999999929e+01 1.903126214131419358e+00 1.327256377359503636e+00 -1.000000000000000056e-01
1.671000000000000085e+01 1.905265502386149334e+00 1.327428836843243642e+00 -1.000000000000000056e-01
1.671999999999999886e+01 1.907390556821341843e+00 1.327599157585330758e+00 -1.000000000000000056e-01
1.673000000000000043e+01 1.909501066327134122e+00 1.327767321203748185e+00 -1.000000000000000056e-01
1.674000000000000199e+01 1.911596721444821290e+00 1.327933308711385818e+00 -1.000000000000000056e-01
1.675000000000000000e+01 1.913677214420659745e+00 1.328097100521732132e+00 -1.000000000000000056e-01
1.676000000000000156e+01 1.915742239262196778e+00 1.328258676453264453e+00 -1.000000000000000056e-01
1.676999999999999957e+01 1.917791491792257386e+00 1.328418015735975288e+00 -1.000000000000000056e-01
1.678000000000000114e+01 1.919824669703515729e+00 1.328575097017201445e+00 -1.000000000000000056e-01
1.678999999999999915e+01 1.921841472612241697e+00 1.328729898368839368e+00 -1.000000000000000056e-01
1.680000000000000071e+01 1.923841602112080551e+00 1.328882397294906204e+00 -1.000000000000000056e-01
1.680999999999999872e+01 1.925824761826925968e+00 1.329032570738549079e+00 -1.000000000000000056e-01
1.682000000000000028e+01 1.927790657462981727e+00 1.329180395092039779e+00 -1.000000000000000056e-01
1.683000000000000185e+01 1.929738996861762201e+00 1.329325846203703199e+00 -1.000000000000000056e-01
1.683999999999999986e+01 1.931669490050759386e+00 1.329468899388856151e+00 -1.000000000000000056e-01
1.685000000000000142e+01 1.933581849294840449e+00 1.329609529439271576e+00 -1.000000000000000056e-01
1.685999999999999943e+01 1.935475789146859693e+00 1.329747710632951607e+00 -1.000000000000000056e-01
1.687000000000000099e+01 1.937351026497788675e+00 1.329883416746182823e+00 -1.000000000000000056e-01
1.687999999999999901e+01 1.939207280625924401e+00 1.330016621064181948e+00 -1.000000000000000056e-01
1.689000000000000057e+01 1.941044273246987917e+00 1.330147296393363598e+00 -1.000000000000000056e-01
1.689999999999999858e+01 1.942861728561965151e+00 1.330275415074467338e+00 -1.000000000000000056e-01
1.691000000000000014e+01 1.944659373306530270e+00 1.330400948994503674e+00 -1.000000000000000056e-01
1.692000000000000171e+01 1.946436936798043194e+00 1.330523869601829334e+00 -1.000000000000000056e-01
1.692999999999999972e+01 1.948194150984209116e+00 1.330644147919134657e+00 -1.000000000000000056e-01
1.694000000000000128e+01 1.949930750489410336e+00 1.330761754558943855e+00 -1.000000000000000056e-01
1.694999999999999929e+01 1.951646472661880738e+00 1.330876659738421397e+00 -1.000000000000000056e-01
1.696000000000000085e+01 1.953341057620011201e+00 1.330988833294975970e+00 -1.000000000000000056e-01
1.696999999999999886e+01 1.955014248298023949e+00 1.331098244702800582e+00 -1.000000000000000056e-01
1.698000000000000043e+01 1.956665790490935253e+00 1.331204863089095802e+00 -1.000000000000000056e-01
1.699000000000000199e+01 1.958295432899740174e+00 1.331308657250961813e+00 -1.000000000000000056e-01
1.700000000000000000e+01 1.959902927175284360e+00 1.331409595673198165e+00 -1.000000000000000056e-01
1.701000000000000156e+01 1.961488027961349356e+00 1.331507646546405299e+00 -1.000000000000000056e-01
1.701999999999999957e+01 1.963050492938142710e+00 1.331602777784021363e+00 -1.000000000000000056e-01
1.703000000000000114e+01 1.964590082863929554e+00 1.331694957042602434e+00 -1.000000000000000056e-01
1.703999999999999915e+01 1.966106561616829174e+00 1.331784151739807021e+00 -1.000000000000000056e-01
1.705000000000000071e+01 1.967599696235482920e+00 1.331870329074168025e+00 -1.000000000000000056e-01
1.705999999999999872e+01 1.969069256959131931e+00 1.331953456045120276e+00 -1.000000000000000056e-01
1.707000000000000028e+01 1.970515017267518321e+00 1.332033499473011640e+00 -1.000000000000000056e-01
1.708000000000000185e+01 1.971936753918658969e+00 1.332110426019833760e+00 -1.000000000000000056e-01
1.708999999999999986e+01 1.973334246987844542e+00 1.332184202210026758e+00 -1.000000000000000056e-01
1.710000000000000142e+01 1.974707279904410528e+00 1.332254794452255364e+00 -1.000000000000000056e-01
1.710999999999999943e+01 1.976055639488207172e+00 1.332322169060179418e+00 -1.000000000000000056e-01
1.712000000000000099e+01 1.977379115985676616e+00 1.332386292275740791e+00 -1.000000000000000056e-01
1.712999999999999901e+01 1.978677503104740776e+00 1.332447130290147719e+00 -1.000000000000000056e-01
1.714000000000000057e+01 1.979950598049195154e+00 1.332504649267630015e+00 -1.000000000000000056e-01
1.715000000000000213e+01 1.981198201552241578e+00 1.332558815367389737e+00 -1.000000000000000056e-01
1.716000000000000014e+01 1.982420117909062363e+00 1.332609594767770300e+00 -1.000000000000000056e-01
1.717000000000000171e+01 1.983616155009012338e+00 1.332656953689055124e+00 -1.000000000000000056e-01
1.717999999999999972e+01 1.984786124367036164e+00 1.332700858417479761e+00 -1.000000000000000056e-01
1.719000000000000128e+01 1.985929841153071251e+00 1.332741275329415886e+00 -1.000000000000000056e-01
1.719999999999999929e+01 1.987047124223001004e+00 1.332778170915121629e+00 -1.000000000000000056e-01
1.721000000000000085e+01 1.988137796146260072e+00 1.332811511803823512e+00 -1.000000000000000056e-01
1.721999999999999886e+01 1.989201683234413709e+00 1.332841264787872015e+00 -1.000000000000000056e-01
1.723000000000000043e+01 1.990238615567631930e+00 1.332867396848254060e+00 -1.000000000000000056e-01
1.724000000000000199e+01 1.991248427021942602e+00 1.332889875178440819e+00 -1.000000000000000056e-01
1.725000000000000000e+01 1.992230955293120775e+00 1.332908667211453624e+00 -1.000000000000000056e-01
1.726000000000000156e+01 1.993186041922625940e+00 1.332923740643373822e+00 -1.000000000000000056e-01
1.726999999999999957e+01 1.994113532320575644e+00 1.332935063460088942e+00 -1.000000000000000056e-01
1.728000000000000114e+01 1.995013275787986817e+00 1.332942603962683936e+00 -1.000000000000000056e-01
1.728999999999999915e+01 1.995885125539977656e+00 1.332946330792449618e+00 -1.000000000000000056e-01
1.730000000000000071e+01 1.996728938725455427e+00 1.332946212958387111e+00 -1.000000000000000056e-01
1.730999999999999872e+01 1.997544576447781717e+00 1.332942219860871580e+00 -1.000000000000000056e-01
1.732000000000000028e+01 1.998331903784037911e+00 1.332934321320094595e+00 -1.000000000000000056e-01
1.733000000000000185e+01 1.999090789802994372e+00 1.332922487599918604e+00 -1.000000000000000056e-01
1.733999999999999986e+01 1.999821107582478330e+00 1.332906689435567449e+00 -1.000000000000000056e-01
1.735000000000000142e+01 2.000522734226116484e+00 1.332886898059125302e+00 -1.000000000000000056e-01
1.735999999999999943e+01 2.001195550878282603e+00 1.332863085225118649e+00 -1.000000000000000056e-01
1.737000000000000099e+01 2.001839442739463237e+00 1.332835223237710309e+00 -1.000000000000000056e-01
1.737999999999999901e+01 2.002454299078632260e+00 1.332803284976163294e+00 -1.000000000000000056e-01
1.739000000000000057e+01 2.003040013247734841e+00 1.332767243920802036e+00 -1.000000000000000056e-01
1.740000000000000213e+01 2.003596482691442748e+00 1.332727074179205884e+00 -1.000000000000000056e-01
1.741000000000000014e+01 2.004123608959821556e+00 1.332682750512446113e+00 -1.000000000000000056e-01
1.742000000000000171e+01 2.004621297716856265e+00 1.332634248360268003e+00 -1.000000000000000056e-01
1.742999999999999972e+01 2.005089458750430875e+00 1.332581543867515039e+00 -1.000000000000000056e-01
1.744000000000000128e+01 2.005528005979611450e+00 1.332524613909566114e+00 -1.000000000000000056e-01
1.744999999999999929e+01 2.005936857462242706e+00 1.332463436117788724e+00 -1.000000000000000056e-01
1.746000000000000085e+01 2.006315935401396633e+00 1.332397988904942432e+00 -1.000000000000000056e-01
1.746999999999999886e+01 2.006665166149927071e+00 1.332328251491029070e+00 -1.000000000000000056e-01
1.748000000000000043e+01 2.006984480215751709e+00 1.332254203927379699e+00 -1.000000000000000056e-01
1.749000000000000199e+01 2.007273812264876778e+00 1.332175827122664691e+00 -1.000000000000000056e-01
1.750000000000000000e+01 2.007533101124611807e+00 1.332093102866911183e+00 -1.000000000000000056e-01
1.751000000000000156e+01 2.007762289784830401e+00 1.332006013856535498e+00 -1.000000000000000056e-01
1.751999999999999957e+01 2.007961325399644448e+00 1.331914543718585531e+00 -1.000000000000000056e-01
1.753000000000000114e+01 2.008130159287003114e+00 1.331818677034355858e+00 -1.000000000000000056e-01
1.753999999999999915e+01 2.008268746928969950e+00 1.331718399364420380e+00 -1.000000000000000056e-01
1.755000000000000071e+01 2.008377047969200913e+00 1.331613697271073482e+00 -1.000000000000000056e-01
1.755999999999999872e+01 2.008455026212100147e+00 1.331504558342434086e+00 -1.000000000000000056e-01
1.757000000000000028e+01 2.008502649618825853e+00 1.331390971215314689e+00 -1.000000000000000056e-01
1.758000000000000185e+01 2.008519890304528488e+00 1.331272925597930756e+00 -1.000000000000000056e-01
1.758999999999999986e+01 2.008506724533672738e+00 1.331150412292778640e+00 -1.000000000000000056e-01
1.760000000000000142e+01 2.008463132715066823e+00 1.331023423218066659e+00 -1.000000000000000056e-01
1.760999999999999943e+01 2.008389099395964994e+00 1.330891951430410725e+00 -1.000000000000000056e-01
1.762000000000000099e+01 2.008284613256306805e+00 1.330755991145812001e+00 -1.000000000000000056e-01
1.762999999999999901e+01 2.008149667101293279e+00 1.330615537760516220e+00 -1.000000000000000056e-01
1.764000000000000057e+01 2.007984257853500321e+00 1.330470587872533805e+00 -1.000000000000000056e-01
1.765000000000000213e+01 2.007788386545386050e+00 1.330321139301174904e+00 -1.000000000000000056e-01
1.766000000000000014e+01 2.007562058309631414e+00 1.330167191107393565e+00 -1.000000000000000056e-01
1.767000000000000171e+01 2.007305282370211330e+00 1.330008743613057653e+00 -1.000000000000000056e-01
1.767999999999999972e+01 2.007018072032205502e+00 1.329845798420116409e+00 -1.000000000000000056e-01
1.769000000000000128e+01 2.006700444670884487e+00 1.329678358429217777e+00 -1.000000000000000056e-01
1.769999999999999929e+01 2.006352421721132373e+00 1.329506427857589212e+00 -1.000000000000000056e-01
1.771000000000000085e+01 2.005974028665200137e+00 1.329330012256676019e+00 -1.000000000000000056e-01
1.771999999999999886e+01 2.005565295020766747e+00 1.329149118529644680e+00 -1.000000000000000056e-01
1.773000000000000043e+01 2.005126254327826096e+00 1.328963754947481091e+00 -1.000000000000000056e-01
1.774000000000000199e+01 2.004656944136235630e+00 1.328773931165142974e+00 -1.000000000000000056e-01
1.775000000000000000e+01 2.004157405990712348e+00 1.328579658237499350e+00 -1.000000000000000056e-01
1.776000000000000156e+01 2.003627685417779691e+00 1.328380948633680392e+00 -1.000000000000000056e-01
1.776999999999999957e+01 2.003067831910527286e+00 1.328177816252077204e+00 -1.000000000000000056e-01
1.778000000000000114e+01 2.002477898913284982e+00 1.327970276433648289e+00 -1.000000000000000056e-01
1.778999999999999915e+01 2.001857943806731654e+00 1.327758345975619925e+00 -1.000000000000000056e-01
1.780000000000000071e+01 2.001208027891375529e+00 1.327542043143790984e+00 -1.000000000000000056e-01
1.780999999999999872e+01 2.000528216371177503e+00 1.327321387684932574e+00 -1.000000000000000056e-01
1.782000000000000028e+01 1.999818578337417829e+00 1.327096400837647128e+00 -1.000000000000000056e-01
1.783000000000000185e+01 1.999079186750994941e+00 1.326867105344143427e+00 -1.000000000000000056e-01
1.783999999999999986e+01 1.998310118424900361e+00 1.326633525459138374e+00 -1.000000000000000056e-01
1.785000000000000142e+01 1.997511454007436349e+00 1.326395686960868847e+00 -1.000000000000000056e-01
1.785999999999999943e+01 1.996683277962717940e+00 1.326153617158511988e+00 -1.000000000000000056e-01
1.787000000000000099e+01 1.995825678553584615e+00 1.325907344901591012e+00 -1.000000000000000056e-01
1.787999999999999901e+01 1.994938747821921377e+00 1.325656900587006026e+00 -1.000000000000000056e-01
1.789000000000000057e+01 1.994022581570594310e+00 1.325402316165857908e+00 -1.000000000000000056e-01
1.790000000000000213e+01 1.993077279343491881e+00 1.325143625150138060e+00 -1.000000000000000056e-01
1.791000000000000014e+01 1.992102944406635157e+00 1.324880862617601185e+00 -1.000000000000000056e-01
1.792000000000000171e+01 1.991099683728222880e+00 1.324614065217376568e+00 -1.000000000000000056e-01
1.792999999999999972e+01 1.990067607958642126e+00 1.324343271173264114e+00 -1.000000000000000056e-01
1.794000000000000128e+01 1.989006831410658149e+00 1.324068520287942530e+00 -1.000000000000000056e-01
1.794999999999999929e+01 1.987917472038609690e+00 1.323789853944921546e+00 -1.000000000000000056e-01
1.796000000000000085e+01 1.986799651418354129e+00 1.323507315111351890e+00 -1.000000000000000056e-01
1.796999999999999886e+01 1.985653494725856394e+00 1.323220948338111658e+00 -1.000000000000000056e-01
1.798000000000000043e+01 1.984479130716802597e+00 1.322930799761646625e+00 -1.000000000000000056e-01
1.799000000000000199e+01 1.983276691705184946e+00 1.322636917102552712e+00 -1.000000000000000056e-01
1.800000000000000000e+01 1.982046313541830918e+00 1.322339349665109687e+00 -1.000000000000000056e-01
1.801000000000000156e+01 1.980788135593125388e+00 1.322038148335511698e+00 -1.000000000000000056e-01
1.801999999999999957e+01 1.979502300719097718e+00 1.321733365579119690e+00 -1.000000000000000056e-01
1.803000000000000114e+01 1.978188955251552139e+00 1.321425055437325913e+00 -1.000000000000000056e-01
1.803999999999999915e+01 1.976848248972514099e+00 1.321113273523330411e+00 -1.000000000000000056e-01
1.805000000000000071e+01 1.975480335091137851e+00 1.320798077017074412e+00 -1.000000000000000056e-01
1.805999999999999872e+01 1.974085370222407265e+00 1.320479524660225668e+00 -1.000000000000000056e-01
1.807000000000000028e+01 1.972663514363998338e+00 1.320157676749329045e+00 -1.000000000000000056e-01
1.808000000000000185e+01 1.971214930874268134e+00 1.319832595128144881e+00 -1.000000000000000056e-01
1.808999999999999986e+01 1.969739786449146601e+00 1.319504343180451178e+00 -1.000000000000000056e-01
1.810000000000000142e+01 1.968238251100070446e+00 1.319172985821055244e+00 -1.000000000000000056e-01
1.810999999999999943e+01 1.966710498130293416e+00 1.318838589485387125e+00 -1.000000000000000056e-01
1.812000000000000099e+01 1.965156704113435460e+00 1.318501222120376015e+00 -1.000000000000000056e-01
1.812999999999999901e+01 1.963577048868951014e+00 1.318160953172469618e+00 -1.000000000000000056e-01
1.814000000000000057e+01 1.961971715440967046e+00 1.317817853575514064e+00 -1.000000000000000056e-01
1.815000000000000213e+01 1.960340890073739795e+00 1.317471995738614954e+00 -1.000000000000000056e-01
1.816000000000000014e+01 1.958684762190184170e+00 1.317123453531962918e+00 -1.000000000000000056e-01
1.817000000000000171e+01 1.957003524367942449e+00 1.316772302272985806e+00 -1.000000000000000056e-01
1.817999999999999972e+01 1.955297372316731730e+00 1.316418618710788691e+00 -1.000000000000000056e-01
1.819000000000000128e+01 1.953566504855576813e+00 1.316062481010121354e+00 -1.000000000000000056e-01
1.819999999999999929e+01 1.951811123889548361e+00 1.315703968735254747e+00 -1.000000000000000056e-01
1.821000000000000085e+01 1.950031434387097473e+00 1.315343162831856372e+00 -1.000000000000000056e-01
1.821999999999999886e+01 1.948227644356361088e+00 1.314980145608760864e+00 -1.000000000000000056e-01
1.823000000000000043e+01 1.946399964823219975e+00 1.314615000719633553e+00 -1.000000000000000056e-01
1.824000000000000199e+01 1.944548609806627582e+00 1.314247813142123800e+00 -1.000000000000000056e-01
1.825000000000000000e+01 1.942673796297023969e+00 1.313878669158306645e+00 -1.000000000000000056e-01
1.826000000000000156e+01 1.940775744231665767e+00 1.313507656333287699e+00 -1.000000000000000056e-01
1.826999999999999957e+01 1.938854676471857719e+00 1.313134863493053084e+00 -1.000000000000000056e-01
1.828000000000000114e+01 1.936910818779249199e+00 1.312760380702639784e+00 -1.000000000000000056e-01
1.828999999999999915e+01 1.934944399792198233e+00 1.312384299242894459e+00 -1.000000000000000056e-01
1.830000000000000071e+01 1.932955651001317277e+00 1.312006711586553243e+00 -1.000000000000000056e-01
1.830999999999999872e+01 1.930944806726394125e+00 1.311627711375515482e+00 -1.000000000000000056e-01
1.832000000000000028e+01 1.928912104091441426e+00 1.311247393394801675e+00 -1.000000000000000056e-01
1.833000000000000185e+01 1.926857783000611501e+00 1.310865853549350035e+00 -1.000000000000000056e-01
1.833999999999999986e+01 1.924782086114204649e+00 1.310483188837343382e+00 -1.000000000000000056e-01
1.835000000000000142e+01 1.922685258824353483e+00 1.310099497325924789e+00 -1.000000000000000056e-01
1.835999999999999943e+01 1.920567549230960624e+00 1.309714878124199844e+00 -1.000000000000000056e-01
1.837000000000000099e+01 1.918429208118566986e+00 1.309329431356989204e+00 -1.000000000000000056e-01
1.837999999999999901e+01 1.916270488932598548e+00 1.308943258137829746e+00 -1.000000000000000056e-01
1.839000000000000057e+01 1.914091647758334291e+00 1.308556460540458932e+00 -1.000000000000000056e-01
1.840000000000000213e+01 1.911892943298110215e+00 1.308169141570121763e+00 -1.000000000000000056e-01
1.841000000000000014e+01 1.909674636852237262e+00 1.307781405133764840e+00 -1.000000000000000056e-01
1.842000000000000171e+01 1.907436992298430445e+00 1.307393356008186069e+00 -1.000000000000000056e-01
1.842999999999999972e+01 1.905180276074049939e+00 1.307005099807823534e+00 -1.000000000000000056e-01
1.844000000000000128e+01 1.902904757157628524e+00 1.306616742951014265e+00 -1.000000000000000056e-01
1.844999999999999929e+01 1.900610707050990777e+00 1.306228392624635415e+00 -1.000000000000000056e-01
1.846000000000000085e+01 1.898298399762191169e+00 1.305840156748010017e+00 -1.000000000000000056e-01
1.846999999999999886e+01 1.895968111786156873e+00 1.305452143936822518e+00 -1.000000000000000056e-01
1.848000000000000043e+01 1.893620122086653756e+00 1.305064463464302493e+00 -1.000000000000000056e-01
1.849000000000000199e+01 1.891254712075178590e+00 1.304677225224712744e+00 -1.000000000000000056e-01
1.850000000000000000e+01 1.888872165590444130e+00 1.304290539694644258e+00 -1.000000000000000056e-01
1.851000000000000156e+01 1.886472768875017803e+00 1.303904517894511006e+00 -1.000000000000000056e-01
1.851999999999999957e+01 1.884056810552516170e+00 1.303519271351315512e+00 -1.000000000000000056e-01
1.853000000000000114e+01 1.881624581602630020e+00 1.303134912058922623e+00 -1.000000000000000056e-01
1.853999999999999915e+01 1.879176375336195415e+00 1.302751552441014260e+00 -1.000000000000000056e-01
1.855000000000000071e+01 1.876712487369656568e+00 1.302369305311321224e+00 -1.000000000000000056e-01
1.855999999999999872e+01 1.874233215598853253e+00 1.301988283835780580e+00 -1.000000000000000056e-01
1.857000000000000028e+01 1.871738860173751240e+00 1.301608601493070339e+00 -1.000000000000000056e-01
1.858000000000000185e+01 1.869229723471942606e+00 1.301230372035821592e+00 -1.000000000000000056e-01
1.858999999999999986e+01 1.866706110072686275e+00 1.300853709450501494e+00 -1.000000000000000056e-01
1.860000000000000142e+01 1.864168326731742598e+00 1.300478727919034405e+00 -1.000000000000000056e-01
1.860999999999999943e+01 1.861616682355128116e+00 1.300105541777111462e+00 -1.000000000000000056e-01
1.862000000000000099e+01 1.859051487973561123e+00 1.299734265475777750e+00 -1.000000000000000056e-01
1.862999999999999901e+01 1.856473056717272030e+00 1.299365013539433678e+00 -1.000000000000000056e-01
1.864000000000000057e+01 1.853881703790222657e+00 1.298997900526257077e+00 -1.000000000000000056e-01
1.865000000000000213e+01 1.851277746444573546e+00 1.298633040986509668e+00 -1.000000000000000056e-01
1.866000000000000014e+01 1.848661503955513874e+00 1.298270549421920883e+00 -1.000000000000000056e-01
1.867000000000000171e+01 1.846033297594878553e+00 1.297910540243828459e+00 -1.000000000000000056e-01
1.867999999999999972e+01 1.843393450606712225e+00 1.297553127731773337e+00 -1.000000000000000056e-01
1.869000000000000128e+01 1.840742288179692432e+00 1.297198425992144966e+00 -1.000000000000000056e-01
1.869999999999999929e+01 1.838080137422798632e+00 1.296846548915390418e+00 -1.000000000000000056e-01
1.871000000000000085e+01 1.835407327337832184e+00 1.296497610135302070e+00 -1.000000000000000056e-01
1.871999999999999886e+01 1.832724188793529052e+00 1.296151722985012800e+00 -1.000000000000000056e-01
1.873000000000000043e+01 1.830031054498682863e+00 1.295809000456744409e+00 -1.000000000000000056e-01
1.874000000000000199e+01 1.827328258975080111e+00 1.295469555157886532e+00 -1.000000000000000056e-01
1.875000000000000000e+01 1.824616138529974618e+00 1.295133499269430999e+00 -1.000000000000000056e-01
1.876000000000000156e+01 1.821895031228851769e+00 1.294800944503103457e+00 -1.000000000000000056e-01
1.876999999999999957e+01 1.819165276866529402e+00 1.294472002059266602e+00 -1.000000000000000056e-01
1.878000000000000114e+01 1.816427216939595413e+00 1.294146782583907029e+00 -1.000000000000000056e-01
1.878999999999999915e+01 1.813681194616323600e+00 1.293825396126707661e+00 -1.000000000000000056e-01
1.880000000000000071e+01 1.810927554708363418e+00 1.293507952098243097e+00 -1.000000000000000056e-01
1.880999999999999872e+01 1.808166643640038984e+00 1.293194559227897500e+00 -1.000000000000000056e-01
1.882000000000000028e+01 1.805398809418059747e+00 1.292885325521319961e+00 -1.000000000000000056e-01
1.883000000000000185e+01 1.802624401601073956e+00 1.292580358218464953e+00 -1.000000000000000056e-01
1.883999999999999986e+01 1.799843771267148229e+00 1.292279763751582822e+00 -1.000000000000000056e-01
1.885000000000000142e+01 1.797057270983049904e+00 1.291983647702920290e+00 -1.000000000000000056e-01
1.885999999999999943e+01 1.794265254770291751e+00 1.291692114763742349e+00 -1.000000000000000056e-01
1.887000000000000099e+01 1.791468078072911974e+00 1.291405268692182862e+00 -1.000000000000000056e-01
1.887999999999999901e+01 1.788666097723230042e+00 1.291123212272083931e+00 -1.000000000000000056e-01
1.889000000000000057e+01 1.785859671907721324e+00 1.290846047272413699e+00 -1.000000000000000056e-01
1.890000000000000213e+01 1.783049160132165412e+00 1.290573874405881449e+00 -1.000000000000000056e-01
1.891000000000000014e+01 1.780234923185798346e+00 1.290306793288845233e+00 -1.000000000000000056e-01
1.892000000000000171e+01 1.777417323106255109e+00 1.290044902400924842e+00 -1.000000000000000056e-01
1.892999999999999972e+01 1.774596723141694143e+00 1.289788299045823816e+00 -1.000000000000000056e-01
1.894000000000000128e+01 1.771773487715373907e+00 1.289537079310665524e+00 -1.000000000000000056e-01
1.894999999999999929e+01 1.768947982386677831e+00 1.289291338028257794e+00 -1.000000000000000056e-01
1.896000000000000085e+01 1.766120573814252914e+00 1.289051168737674447e+00 -1.000000000000000056e-01
1.896999999999999886e+01 1.763291629716590814e+00 1.288816663646292549e+00 -1.000000000000000056e-01
1.898000000000000043e+01 1.760461518834035566e+00 1.288587913591638712e+00 -1.000000000000000056e-01
1.899000000000000199e+01 1.757630610888696321e+00 1.288365008005029955e+00 -1.000000000000000056e-01
1.900000000000000000e+01 1.754799276544911413e+00 1.288148034873601633e+00 -1.000000000000000056e-01
1.901000000000000156e+01 1.751967887369204613e+00 1.287937080705158222e+00 -1.000000000000000056e-01
1.901999999999999957e+01 1.749136815789174459e+00 1.287732230491239971e+00 -1.000000000000000056e-01
1.903000000000000114e+01 1.746306435053046613e+00 1.287533567672943358e+00 -1.000000000000000056e-01
1.903999999999999915e+01 1.743477119187329505e+00 1.287341174105806285e+00 -1.000000000000000056e-01
1.905000000000000071e+01 1.740649242955724096e+00 1.287155130025562588e+00 -1.000000000000000056e-01
1.905999999999999872e+01 1.737823181815692619e+00 1.286975514015073596e+00 -1.000000000000000056e-01
1.907000000000000028e+01 1.734999311876612049e+00 1.286802402971063408e+00 -1.000000000000000056e-01
1.908000000000000185e+01 1.732178009855260825e+00 1.286635872071924869e+00 -1.000000000000000056e-01
1.908999999999999986e+01 1.729359653032575883e+00 1.286475994746595575e+00 -1.000000000000000056e-01
1.910000000000000142e+01 1.726544619208838061e+00 1.286322842642636965e+00 -1.000000000000000056e-01
1.910999999999999943e+01 1.723733286658478470e+00 1.286176485596547403e+00 -1.000000000000000056e-01
1.912000000000000099e+01 1.720926034084739431e+00 1.286036991604137647e+00 -1.000000000000000056e-01
1.912999999999999901e+01 1.718123240573046884e+00 1.285904426791107724e+00 -1.000000000000000056e-01
1.914000000000000057e+01 1.715325285544023748e+00 1.285778855385165675e+00 -1.000000000000000056e-01
1.915000000000000213e+01 1.712532548706414248e+00 1.285660339688096565e+00 -1.000000000000000056e-01
1.916000000000000014e+01 1.709745410008328248e+00 1.285548940049481503e+00 -1.000000000000000056e-01
1.917000000000000171e+01 1.706964249588805105e+00 1.285444714839819147e+00 -1.000000000000000056e-01
1.917999999999999972e+01 1.704189447728294615e+00 1.285347720425722651e+00 -1.000000000000000056e-01
1.919000000000000128e+01 1.701421384798187830e+00 1.285258011145363088e+00 -1.000000000000000056e-01
1.919999999999999929e+01 1.698660441211159222e+00 1.285175639283999693e+00 -1.000000000000000056e-01
1.921000000000000085e+01 1.695906997368519686e+00 1.285100655052072050e+00 -1.000000000000000056e-01
1.921999999999999886e+01 1.693161433609971400e+00 1.285033106562038618e+00 -1.000000000000000056e-01
1.923000000000000043e+01 1.690424130159725147e+00 1.284973039807359108e+00 -1.000000000000000056e-01
1.924000000000000199e+01 1.687695467075470468e+00 1.284920498642200037e+00 -1.000000000000000056e-01
1.925000000000000000e+01 1.684975824193174043e+00 1.284875524761580623e+00 -1.000000000000000056e-01
1.926000000000000156e+01 1.682265581075244043e+00 1.284838157682764326e+00 -1.000000000000000056e-01
1.926999999999999957e+01 1.679565116954952364e+00 1.284808434726971260e+00 -1.000000000000000056e-01
1.928000000000000114e+01 1.676874810683085970e+00 1.284786391003139405e+00 -1.000000000000000056e-01
1.928999999999999915e+01 1.674195040672276091e+00 1.284772059391253496e+00 -1.000000000000000056e-01
1.930000000000000071e+01 1.671526184842575757e+00 1.284765470527442499e+00 -1.000000000000000056e-01
1.930999999999999872e+01 1.668868620565442606e+00 1.284766652789917085e+00 -1.000000000000000056e-01
1.932000000000000028e+01 1.666222724608361849e+00 1.284775632285617641e+00 -1.000000000000000056e-01
1.933000000000000185e+01 1.663588873078637231e+00 1.284792432837906340e+00 -1.000000000000000056e-01
1.933999999999999986e+01 1.660967441367234398e+00 1.284817075975195344e+00 -1.000000000000000056e-01
1.935000000000000142e+01 1.658358804092233019e+00 1.284849580920872203e+00 -1.000000000000000056e-01
1.935999999999999943e+01 1.655763335041554152e+00 1.284889964583605826e+00 -1.000000000000000056e-01
1.937000000000000099e+01 1.653181407117026769e+00 1.284938241548982285e+00 -1.000000000000000056e-01
1.937999999999999901e+01 1.650613392275677604e+00 1.284994424072054775e+00 -1.000000000000000056e-01
1.939000000000000057e+01 1.648059661473038950e+00 1.285058522071170106e+00 -1.000000000000000056e-01
1.940000000000000213e+01 1.645520584605425274e+00 1.285130543121994817e+00 -1.000000000000000056e-01
1.941000000000000014e+01 1.642996530451274362e+00 1.285210492453041198e+00 -1.000000000000000056e-01
1.942000000000000171e+01 1.640487866613449919e+00 1.285298372942886402e+00 -1.000000000000000056e-01
1.942999999999999972e+01 1.637994959460453259e+00 1.285394185116379484e+00 -1.000000000000000056e-01
1.944000000000000128e+01 1.635518174067887021e+00 1.285497927144164221e+00 -1.000000000000000056e-01
1.944999999999999929e+01 1.633057874159353107e+00 1.285609594841391701e+00 -1.000000000000000056e-01
1.946000000000000085e+01 1.630614422047566237e+00 1.285729181668498811e+00 -1.000000000000000056e-01
1.946999999999999886e+01 1.628188178575015188e+00 1.285856678732400171e+00 -1.000000000000000056e-01
1.948000000000000043e+01 1.625779503054402664e+00 1.285992074789090056e+00 -1.000000000000000056e-01
1.949000000000000199e+01 1.623388753209013879e+00 1.286135356246429495e+00 -1.000000000000000056e-01
1.950000000000000000e+01 1.621016285113631827e+00 1.286286507169330795e+00 -1.000000000000000056e-01
1.951000000000000156e+01 1.618662453133628887e+00 1.286445509284499744e+00 -1.000000000000000056e-01
1.951999999999999957e+01 1.616327609866013315e+00 1.286612341986851149e+00 -1.000000000000000056e-01
1.953000000000000114e+01 1.614012106079002473e+00 1.286786982347204678e+00 -1.000000000000000056e-01
1.953999999999999915e+01 1.611716290652047912e+00 1.286969405119975152e+00 -1.000000000000000056e-01
1.955000000000000071e+01 1.609440510515665279e+00 1.287159582753375497e+00 -1.000000000000000056e-01
1.955999999999999872e+01 1.607185110591898836e+00 1.287357485398717305e+00 -1.000000000000000056e-01
1.957000000000000028e+01 1.604950433733242310e+00 1.287563080922537573e+00 -1.000000000000000056e-01
1.958000000000000185e+01 1.602736820663729800e+00 1.287776334918762089e+00 -1.000000000000000056e-01
1.958999999999999986e+01 1.600544609918260530e+00 1.287997210721524954e+00 -1.000000000000000056e-01
1.960000000000000142e+01 1.598374137783008075e+00 1.288225669419953867e+00 -1.000000000000000056e-01
1.960999999999999943e+01 1.596225738235495184e+00 1.288461669873427695e+00 -1.000000000000000056e-01
1.962000000000000099e+01 1.594099742885092708e+00 1.288705168727571237e+00 -1.000000000000000056e-01
1.962999999999999901e+01 1.591996480913652645e+00 1.288956120431417718e+00 -1.000000000000000056e-01
1.964000000000000057e+01 1.589916279015890943e+00 1.289214477256349189e+00 -1.000000000000000056e-01
1.965000000000000213e+01 1.587859461340844547e+00 1.289480189314283987e+00 -1.000000000000000056e-01
1.966000000000000014e+01 1.585826349432597038e+00 1.289753204578449663e+00 -1.000000000000000056e-01
1.967000000000000171e+01 1.583817262171991924e+00 1.290033468904223879e+00 -1.000000000000000056e-01
1.967999999999999972e+01 1.581832515718667009e+00 1.290320926051511163e+00 -1.000000000000000056e-01
1.969000000000000128e+01 1.579872423452552743e+00 1.290615517707015769e+00 -1.000000000000000056e-01
1.969999999999999929e+01 1.577937295917037464e+00 1.290917183508749844e+00 -1.000000000000000056e-01
1.971000000000000085e+01 1.576027440761414766e+00 1.291225861071004566e+00 -1.000000000000000056e-01
1.971999999999999886e+01 1.574143162684229713e+00 1.291541486009055939e+00 -1.000000000000000056e-01
1.973000000000000043e+01 1.572284763377175709e+00 1.291863991966928360e+00 -1.000000000000000056e-01
1.974000000000000199e+01 1.570452541469004482e+00 1.292193310644287996e+00 -1.000000000000000056e-01
1.975000000000000000e+01 1.568646792470127060e+00 1.292529371824812756e+00 -1.000000000000000056e-01
1.976000000000000156e+01 1.566867808717960164e+00 1.292872103405519724e+00 -1.000000000000000056e-01
1.976999999999999957e+01 1.565115879322120929e+00 1.293221431426860191e+00 -1.000000000000000056e-01
1.978000000000000114e+01 1.563391290110574650e+00 1.293577280103534566e+00 -1.000000000000000056e-01
1.978999999999999915e+01 1.561694323576501953e+00 1.293939571856070891e+00 -1.000000000000000056e-01
1.980000000000000071e+01 1.560025258824554673e+00 1.294308227343541340e+00 -1.000000000000000056e-01
1.980999999999999872e+01 1.558384371519440537e+00 1.294683165496864019e+00 -1.000000000000000056e-01
1.982000000000000028e+01 1.556771933832948207e+00 1.295064303552057261e+00 -1.000000000000000056e-01
1.983000000000000185e+01 1.555188214393467439e+00 1.295451557086521710e+00 -1.000000000000000056e-01
1.983999999999999986e+01 1.553633478234264897e+00 1.295844840052955416e+00 -1.000000000000000056e-01
1.985000000000000142e+01 1.552107986743873180e+00 1.296244064816758357e+00 -1.000000000000000056e-01
1.985999999999999943e+01 1.550611997615636506e+00 1.296649142192197068e+00 -1.000000000000000056e-01
1.987000000000000099e+01 1.549145764799165770e+00 1.297059981480447988e+00 -1.000000000000000056e-01
1.987999999999999901e+01 1.547709538451099487e+00 1.297476490507652569e+00 -1.000000000000000056e-01
1.989000000000000057e+01 1.546303564887102633e+00 1.297898575664016452e+00 -1.000000000000000056e-01
1.990000000000000213e+01 1.544928086535062750e+00 1.298326141943120682e+00 -1.000000000000000056e-01
1.991000000000000014e+01 1.543583341887129645e+00 1.298759092982177510e+00 -1.000000000000000056e-01
1.992000000000000171e+01 1.542269565454609692e+00 1.299197331102808439e+00 -1.000000000000000056e-01
1.992999999999999972e+01 1.540986987721576940e+00 1.299640757352392706e+00 -1.000000000000000056e-01
1.994000000000000128e+01 1.539735835100726424e+00 1.300089271545847414e+00 -1.000000000000000056e-01
1.994999999999999929e+01 1.538516329888525380e+00 1.300542772307901940e+00 -1.000000000000000056e-01
1.996000000000000085e+01 1.537328690222215632e+00 1.301001157116534301e+00 -1.000000000000000056e-01
1.996999999999999886e+01 1.536173130037414847e+00 1.301464322345613933e+00 -1.000000000000000056e-01
1.998000000000000043e+01 1.535049859024938401e+00 1.301932163309615031e+00 -1.000000000000000056e-01
1.999000000000000199e+01 1.533959082591234147e+00 1.302404574307385765e+00 -1.000000000000000056e-01
2.000000000000000000e+01 1.532901001816754150e+00 1.302881448667086772e+00 -1.000000000000000056e-01
2.001000000000000156e+01 1.531875813417007626e+00 1.303362678791765594e+00 -1.000000000000000056e-01
2.001999999999999957e+01 1.530883709703491746e+00 1.303848156204037378e+00 -1.000000000000000056e-01
2.003000000000000114e+01 1.529924878545993794e+00 1.304337771593465867e+00 -1.000000000000000056e-01
2.003999999999999915e+01 1.528999503335233934e+00 1.304831414861360672e+00 -1.000000000000000056e-01
2.005000000000000071e+01 1.528107762946826709e+00 1.305328975168412731e+00 -1.000000000000000056e-01
2.005999999999999872e+01 1.527249831705834060e+00 1.305830340981531279e+00 -1.000000000000000056e-01
2.007000000000000028e+01 1.526425879352188764e+00 1.306335400120569812e+00 -1.000000000000000056e-01
2.008000000000000185e+01 1.525636071007156591e+00 1.306844039806454028e+00 -1.000000000000000056e-01
2.008999999999999986e+01 1.524880567140639576e+00 1.307356146708453348e+00 -1.000000000000000056e-01
2.010000000000000142e+01 1.524159523539269312e+00 1.307871606992247138e+00 -1.000000000000000056e-01
2.010999999999999943e+01 1.523473091275568958e+00 1.308390306368192091e+00 -1.000000000000000056e-01
2.012000000000000099e+01 1.522821416678096895e+00 1.308912130139359586e+00 -1.000000000000000056e-01
2.012999999999999901e+01 1.522204641302115746e+00 1.309436963250056429e+00 -1.000000000000000056e-01
2.014000000000000057e+01 1.521622901901805935e+00 1.309964690334612492e+00 -1.000000000000000056e-01
2.015000000000000213e+01 1.521076330403225096e+00 1.310495195765351673e+00 -1.000000000000000056e-01
2.016000000000000014e+01 1.520565053877617645e+00 1.311028363702051225e+00 -1.000000000000000056e-01
2.017000000000000171e+01 1.520089194516820896e+00 1.311564078140307510e+00 -1.000000000000000056e-01
2.017999999999999972e+01 1.519648869608529740e+00 1.312102222959754538e+00 -1.000000000000000056e-01
2.019000000000000128e+01 1.519244191513557940e+00 1.312642681974042214e+00 -1.000000000000000056e-01
2.019999999999999929e+01 1.518875267642890714e+00 1.313185338978170913e+00 -1.000000000000000056e-01
2.021000000000000085e+01 1.518542200436568734e+00 1.313730077798074269e+00 -1.000000000000000056e-01
2.021999999999999886e+01 1.518245087343608635e+00 1.314276782338446470e+00 -1.000000000000000056e-01
2.023000000000000043e+01 1.517984020802043865e+00 1.314825336631944896e+00 -1.000000000000000056e-01
2.024000000000000199e+01 1.517759088220169916e+00 1.315375624886651051e+00 -1.000000000000000056e-01
2.025000000000000000e+01 1.517570371959834130e+00 1.315927531534495376e+00 -1.000000000000000056e-01
2.026000000000000156e+01 1.517417949318476733e+00 1.316480941279638772e+00 -1.000000000000000056e-01
2.026999999999999957e+01 1.517301892514101302e+00 1.317035739145195228e+00 -1.000000000000000056e-01
2.028000000000000114e+01 1.517222268670039842e+00 1.317591810521799855e+00 -1.000000000000000056e-01
2.028999999999999915e+01 1.517179139800442167e+00 1.318149041213583672e+00 -1.000000000000000056e-01
2.030000000000000071e+01 1.517172562797625579e+00 1.318707317486391029e+00 -1.000000000000000056e-01
2.030999999999999872e+01 1.517202589419273773e+00 1.319266526113136440e+00 -1.000000000000000056e-01
2.032000000000000028e+01 1.517269266276598749e+00 1.319826554420890252e+00 -1.000000000000000056e-01
2.033000000000000185e+01 1.517372634824298849e+00 1.320387290336445307e+00 -1.000000000000000056e-01
2.033999999999999986e+01 1.517512731349799360e+00 1.320948622431447284e+00 -1.000000000000000056e-01
2.035000000000000142e+01 1.517689586964903858e+00 1.321510439968336836e+00 -1.000000000000000056e-01
2.035999999999999943e+01 1.517903227597020122e+00 1.322072632944146342e+00 -1.000000000000000056e-01
2.037000000000000099e+01 1.518153673982019169e+00 1.322635092134768708e+00 -1.000000000000000056e-01
2.037999999999999901e+01 1.518440941657693166e+00 1.323197709139364298e+00 -1.000000000000000056e-01
2.039000000000000057e+01 1.518765040958034662e+00 1.323760376422276286e+00 -1.000000000000000056e-01
2.040000000000000213e+01 1.519125977008069173e+00 1.324322987356972625e+00 -1.000000000000000056e-01
2.041000000000000014e+01 1.519523749720643524e+00 1.324885436266732608e+00 -1.000000000000000056e-01
2.042000000000000171e+01 1.519958353792369321e+00 1.325447618467569200e+00 -1.000000000000000056e-01
2.042999999999999972e+01 1.520429778701996248e+00 1.326009430307691028e+00 -1.000000000000000056e-01
2.044000000000000128e+01 1.520938008708848876e+00 1.326570769208376355e+00 -1.000000000000000056e-01
2.044999999999999929e+01 1.521483022851987554e+00 1.327131533703641342e+00 -1.000000000000000056e-01
2.046000000000000085e+01 1.522064794950918731e+00 1.327691623478656435e+00 -1.000000000000000056e-01
2.046999999999999886e+01 1.522683293606231336e+00 1.328250939407962683e+00 -1.000000000000000056e-01
2.048000000000000043e+01 1.523338482201859856e+00 1.328809383592729487e+00 -1.000000000000000056e-01
2.049000000000000199e+01 1.524030318907768855e+00 1.329366859398131595e+00 -1.000000000000000056e-01
2.050000000000000000e+01 1.524758756682896621e+00 1.329923271487688297e+00 -1.000000000000000056e-01
2.051000000000000156e+01 1.525523743280437383e+00 1.330478525859644101e+00 -1.000000000000000056e-01
2.051999999999999957e+01 1.526325221251696895e+00 1.331032529880584736e+00 -1.000000000000000056e-01
2.053000000000000114e+01 1.527163127952636534e+00 1.331585192318436084e+00 -1.000000000000000056e-01
2.053999999999999915e+01 1.528037395549672439e+00 1.332136423375519296e+00 -1.000000000000000056e-01
2.055000000000000071e+01 1.528947951027586960e+00 1.332686134719657689e+00 -1.000000000000000056e-01
2.055999999999999872e+01 1.529894716196277038e+00 1.333234239515152630e+00 -1.000000000000000056e-01
2.057000000000000028e+01 1.530877607699952403e+00 1.333780652452006610e+00 -1.000000000000000056e-01
2.058000000000000185e+01 1.531896537025645433e+00 1.334325289775435630e+00 -1.000000000000000056e-01
2.058999999999999986e+01 1.532951410513594626e+00 1.334868069312831418e+00 -1.000000000000000056e-01
2.060000000000000142e+01 1.534042129366521179e+00 1.335408910501202140e+00 -1.000000000000000056e-01
2.060999999999999943e+01 1.535168589661471295e+00 1.335947734412872068e+00 -1.000000000000000056e-01
2.062000000000000099e+01 1.536330682360697253e+00 1.336484463780219567e+00 -1.000000000000000056e-01
2.062999999999999901e+01 1.537528293323869422e+00 1.337019023019589969e+00 -1.000000000000000056e-01
2.064000000000000057e+01 1.538761303321010354e+00 1.337551338253879729e+00 -1.000000000000000056e-01
2.065000000000000213e+01 1.540029588045018771e+00 1.338081337334558585e+00 -1.000000000000000056e-01
2.066000000000000014e+01 1.541333018126519461e+00 1.338608949862500674e+00 -1.000000000000000056e-01
2.067000000000000171e+01 1.542671459147191282e+00 1.339134107206541469e+00 -1.000000000000000056e-01
2.067999999999999972e+01 1.544044771655389336e+00 1.339656742523789745e+00 -1.000000000000000056e-01
2.069000000000000128e+01 1.545452811181274422e+00 1.340176790775039040e+00 -1.000000000000000056e-01
2.069999999999999929e+01 1.546895428253258986e+00 1.340694188742908466e+00 -1.000000000000000056e-01
2.071000000000000085e+01 1.548372468414233927e+00 1.341208875045295734e+00 -1.000000000000000056e-01
2.071999999999999886e+01 1.549883772238813462e+00 1.341720790151432308e+00 -1.000000000000000056e-01
2.073000000000000043e+01 1.551429175351285661e+00 1.342229876392541765e+00 -1.000000000000000056e-01
2.074000000000000199e+01 1.553008508443486813e+00 1.342736077975504427e+00 -1.000000000000000056e-01
2.075000000000000000e+01 1.554621597293744051e+00 1.343239340992453013e+00 -1.000000000000000056e-01
2.076000000000000156e+01 1.556268262786134837e+00 1.343739613430509960e+00 -1.000000000000000056e-01
2.076999999999999957e+01 1.557948320930059749e+00 1.344236845179842099e+00 -1.000000000000000056e-01
2.078000000000000114e+01 1.559661582880698338e+00 1.344730988041033637e+00 -1.000000000000000056e-01
2.078999999999999915e+01 1.561407854959584007e+00 1.345221995730782938e+00 -1.000000000000000056e-01
2.080000000000000071e+01 1.563186938675910742e+00 1.345709823886536372e+00 -1.000000000000000056e-01
2.080999999999999872e+01 1.564998630748123620e+00 1.346194430070187575e+00 -1.000000000000000056e-01
2.082000000000000028e+01 1.566842723126100845e+00 1.346675773770150020e+00 -1.000000000000000056e-01
2.083000000000000185e+01 1.568719003013769653e+00 1.347153816402654414e+00 -1.000000000000000056e-01
2.083999999999999986e+01 1.570627252891949377e+00 1.347628521311729388e+00 -1.000000000000000056e-01
2.085000000000000142e+01 1.572567250542239226e+00 1.348099853767345868e+00 -1.000000000000000056e-01
2.085999999999999943e+01 1.574538769070502164e+00 1.348567780964025076e+00 -1.000000000000000056e-01
2.087000000000000099e+01 1.576541576931673072e+00 1.349032272015907585e+00 -1.000000000000000056e-01
2.087999999999999901e+01 1.578575437954143235e+00 1.349493297953210602e+00 -1.000000000000000056e-01
2.089000000000000057e+01 1.580640111365626099e+00 1.349950831715319266e+00 -1.000000000000000056e-01
2.090000000000000213e+01 1.582735351818096436e+00 1.350404848144266090e+00 -1.000000000000000056e-01
2.091000000000000014e+01 1.584860909414897545e+00 1.350855323976324129e+00 -1.000000000000000056e-01
2.092000000000000171e+01 1.587016529736704706e+00 1.351302237832598285e+00 -1.000000000000000056e-01
2.092999999999999972e+01 1.589201953868687234e+00 1.351745570209205161e+00 -1.000000000000000056e-01
2.094000000000000128e+01 1.591416918428858907e+00 1.352185303464946253e+00 -1.000000000000000056e-01
2.094999999999999929e+01 1.593661155595163192e+00 1.352621421809987012e+00 -1.000000000000000056e-01
2.096000000000000085e+01 1.595934393134720963e+00 1.353053911291439260e+00 -1.000000000000000056e-01
2.096999999999999886e+01 1.598236354433396400e+00 1.353482759780107569e+00 -1.000000000000000056e-01
2.098000000000000043e+01 1.600566758524641475e+00 1.353907956953632752e+00 -1.000000000000000056e-01
2.099000000000000199e+01 1.602925320120921038e+00 1.354329494282314306e+00 -1.000000000000000056e-01
2.100000000000000000e+01 1.605311749644088293e+00 1.354747365009685067e+00 -1.000000000000000056e-01
2.101000000000000156e+01 1.607725753258081092e+00 1.355161564136140084e+00 -1.000000000000000056e-01
2.101999999999999957e+01 1.610167032900455597e+00 1.355572088399325192e+00 -1.000000000000000056e-01
2.103000000000000114e+01 1.612635286316898897e+00 1.355978936252701716e+00 -1.000000000000000056e-01
2.103999999999999915e+01 1.615130207094723769e+00 1.356382107845940155e+00 -1.000000000000000056e-01
2.105000000000000071e+01 1.617651484697992581e+00 1.356781605000574320e+00 -1.000000000000000056e-01
2.105999999999999872e+01 1.620198804503290013e+00 1.357177431186277428e+00 -1.000000000000000056e-01
2.107000000000000028e+01 1.622771847836065096e+00 1.357569591493714700e+00 -1.000000000000000056e-01
2.108000000000000185e+01 1.625370292006963480e+00 1.357958092607460587e+00 -1.000000000000000056e-01
2.108999999999999986e+01 1.627993810348566717e+00 1.358342942773196782e+00 -1.000000000000000056e-01
2.110000000000000142e+01 1.630642072252199481e+00 1.358724151766755428e+00 -1.000000000000000056e-01
2.110999999999999943e+01 1.633314743203508224e+00 1.359101730856532297e+00 -1.000000000000000056e-01
2.112000000000000099e+01 1.636011484816964456e+00 1.359475692765775623e+00 -1.000000000000000056e-01
2.112999999999999901e+01 1.638731954870453533e+00 1.359846051632996877e+00 -1.000000000000000056e-01
2.114000000000000057e+01 1.641475807336051584e+00 1.360212822968748236e+00 -1.000000000000000056e-01
2.115000000000000213e+01 1.644242692411623352e+00 1.360576023614588959e+00 -1.000000000000000056e-01
2.116000000000000014e+01 1.647032256550651441e+00 1.360935671698625393e+00 -1.000000000000000056e-01
2.117000000000000171e+01 1.649844142490277443e+00 1.361291786595244302e+00 -1.000000000000000056e-01
2.117999999999999972e+01 1.652677989282266946e+00 1.361644388883607171e+00 -1.000000000000000056e-01
2.119000000000000128e+01 1.655533432322880971e+00 1.361993500309788496e+00 -1.000000000000000056e-01
2.119999999999999929e+01 1.658410103385768330e+00 1.362339143750158188e+00 -1.000000000000000056e-01
2.121000000000000085e+01 1.661307630658165113e+00 1.362681343175977000e+00 -1.000000000000000056e-01
2.121999999999999886e+01 1.664225638778974892e+00 1.363020123620853008e+00 -1.000000000000000056e-01
2.123000000000000043e+01 1.667163748880703844e+00 1.363355511146740584e+00 -1.000000000000000056e-01
2.124000000000000199e+01 1.670121578634154336e+00 1.363687532811895364e+00 -1.000000000000000056e-01
2.125000000000000000e+01 1.673098742295456853e+00 1.364016216636846135e+00 -1.000000000000000056e-01
2.126000000000000156e+01 1.676094850754551446e+00 1.364341591569662171e+00 -1.000000000000000056e-01
2.126999999999999957e+01 1.679109511585560321e+00 1.364663687451239893e+00 -1.000000000000000056e-01
2.128000000000000114e+01 1.682142329097156663e+00 1.364982534976924677e+00 -1.000000000000000056e-01
2.128999999999999915e+01 1.685192904383618018e+00 1.365298165658642704e+00 -1.000000000000000056e-01
2.130000000000000071e+01 1.688260835376343305e+00 1.365610611784613848e+00 -1.000000000000000056e-01
2.130999999999999872e+01 1.691345716894417261e+00 1.365919906378641357e+00 -1.000000000000000056e-01
2.132000000000000028e+01 1.694447140695998666e+00 1.366226083156639071e+00 -1.000000000000000056e-01
2.133000000000000185e+01 1.697564695529460099e+00 1.366529176484682750e+00 -1.000000000000000056e-01
2.133999999999999986e+01 1.700697967183733450e+00 1.366829221334086020e+00 -1.000000000000000056e-01
2.135000000000000142e+01 1.703846538540521705e+00 1.367126253236655264e+00 -1.000000000000000056e-01
2.135999999999999943e+01 1.707009989624860502e+00 1.367420308239595705e+00 -1.000000000000000056e-01
2.137000000000000099e+01 1.710187897657329259e+00 1.367711422859837267e+00 -1.000000000000000056e-01
2.137999999999999901e+01 1.713379837106431047e+00 1.367999634037439183e+00 -1.000000000000000056e-01
2.139000000000000057e+01 1.716585379741022210e+00 1.368284979090119924e+00 -1.000000000000000056e-01
2.140000000000000213e+01 1.719804094683726081e+00 1.368567495665927947e+00 -1.000000000000000056e-01
2.141000000000000014e+01 1.723035548465345235e+00 1.368847221697287786e+00 -1.000000000000000056e-01
2.142000000000000171e+01 1.726279305079218007e+00 1.369124195353940143e+00 -1.000000000000000056e-01
2.142999999999999972e+01 1.729534926036655262e+00 1.369398454996781922e+00 -1.000000000000000056e-01
2.144000000000000128e+01 1.732801970423385240e+00 1.369670039130806982e+00 -1.000000000000000056e-01
2.144999999999999929e+01 1.736079994956370554e+00 1.369938986358999022e+00 -1.000000000000000056e-01
2.146000000000000085e+01 1.739368554041593296e+00 1.370205335335286767e+00 -1.000000000000000056e-01
2.146999999999999886e+01 1.742667199832389047e+00 1.370469124719337461e+00 -1.000000000000000056e-01
2.148000000000000043e+01 1.745975482289454206e+00 1.370730393129397262e+00 -1.000000000000000056e-01
2.149000000000000199e+01 1.749292949239906747e+00 1.370989179096950172e+00 -1.000000000000000056e-01
2.150000000000000000e+01 1.752619146439289510e+00 1.371245521021133618e+00 -1.000000000000000056e-01
2.151000000000000156e+01 1.755953617632727282e+00 1.371499457122635546e+00 -1.000000000000000056e-01
2.151999999999999957e+01 1.759295904617256934e+00 1.371751025399571722e+00 -1.000000000000000056e-01
2.153000000000000114e+01 1.762645547305712546e+00 1.372000263581501178e+00 -1.000000000000000056e-01
2.153999999999999915e+01 1.766002083790293220e+00 1.372247209086131070e+00 -1.000000000000000056e-01
2.155000000000000071e+01 1.769365050407724516e+00 1.372491898973811963e+00 -1.000000000000000056e-01
2.155999999999999872e+01 1.772733981804493597e+00 1.372734369904932139e+00 -1.000000000000000056e-01
2.157000000000000028e+01 1.776108411003663790e+00 1.372974658095684752e+00 -1.000000000000000056e-01
2.158000000000000185e+01 1.779487869471771289e+00 1.373212799275899787e+00 -1.000000000000000056e-01
2.158999999999999986e+01 1.782871887186531890e+00 1.373448828645728481e+00 -1.000000000000000056e-01
2.160000000000000142e+01 1.786259992705698796e+00 1.373682780834276418e+00 -1.000000000000000056e-01
2.160999999999999943e+01 1.789651713236360964e+00 1.373914689858227733e+00 -1.000000000000000056e-01
2.162000000000000099e+01 1.793046574704654006e+00 1.374144589080389167e+00 -1.000000000000000056e-01
2.162999999999999901e+01 1.796444101826791151e+00 1.374372511169893674e+00 -1.000000000000000056e-01
2.164000000000000057e+01 1.799843818180737021e+00 1.374598488062481971e+00 -1.000000000000000056e-01
2.165000000000000213e+01 1.803245246277334957e+00 1.374822550921178888e+00 -1.000000000000000056e-01
2.166000000000000014e+01 1.806647907634488348e+00 1.375044730098272217e+00 -1.000000000000000056e-01
2.167000000000000171e+01 1.810051322849260069e+00 1.375265055097967926e+00 -1.000000000000000056e-01
2.167999999999999972e+01 1.813455011672850281e+00 1.375483554538214026e+00 -1.000000000000000056e-01
2.169000000000000128e+01 1.816858493084994919e+00 1.375700256116802356e+00 -1.000000000000000056e-01
2.169999999999999929e+01 1.820261285369352944e+00 1.375915186573917426e+00 -1.000000000000000056e-01
2.171000000000000085e+01 1.823662906189273292e+00 1.376128371658998928e+00 -1.000000000000000056e-01
2.171999999999999886e+01 1.827062872665066395e+00 1.376339836097106861e+00 -1.000000000000000056e-01
2.173000000000000043e+01 1.830460701450043359e+00 1.376549603555371926e+00 -1.000000000000000056e-01
2.174000000000000199e+01 1.833855908809648216e+00 1.376757696612282311e+00 -1.000000000000000056e-01
2.175000000000000000e+01 1.837248010698324885e+00 1.376964136726597010e+00 -1.000000000000000056e-01
2.176000000000000156e+01 1.840636522839746991e+00 1.377168944206609957e+00 -1.000000000000000056e-01
2.176999999999999957e+01 1.844020960805488718e+00 1.377372138183011741e+00 -1.000000000000000056e-01
2.178000000000000114e+01 1.847400840094860053e+00 1.377573736579304375e+00 -1.000000000000000056e-01
2.178999999999999915e+01 1.850775676216155130e+00 1.377773756086245527e+00 -1.000000000000000056e-01
2.180000000000000071e+01 1.854144984766928905e+00 1.377972212135487151e+00 -1.000000000000000056e-01
2.180999999999999872e+01 1.857508281515732884e+00 1.378169118874754240e+00 -1.000000000000000056e-01
2.182000000000000028e+01 1.860865082484111310e+00 1.378364489144884519e+00 -1.000000000000000056e-01
2.183000000000000185e+01 1.864214904028763886e+00 1.378558334456497336e+00 -1.000000000000000056e-01
2.183999999999999986e+01 1.867557262924819828e+00 1.378750664969123907e+00 -1.000000000000000056e-01
2.185000000000000142e+01 1.870891676448038110e+00 1.378941489470545401e+00 -1.000000000000000056e-01
2.185999999999999943e+01 1.874217662460012868e+00 1.379130815357585860e+00 -1.000000000000000056e-01
2.187000000000000099e+01 1.877534739490041682e+00 1.379318648618324650e+00 -1.000000000000000056e-01
2.187999999999999901e+01 1.880842426821250912e+00 1.379504993815112490e+00 -1.000000000000000056e-01
2.189000000000000057e+01 1.884140244574117329e+00 1.379689854067949861e+00 -1.000000000000000056e-01
2.190000000000000213e+01 1.887427713791112627e+00 1.379873231040980697e+00 -1.000000000000000056e-01
2.191000000000000014e+01 1.890704356522918683e+00 1.380055124928556642e+00 -1.000000000000000056e-01
2.192000000000000171e+01 1.893969695912068207e+00 1.380235534442375345e+00 -1.000000000000000056e-01
2.192999999999999972e+01 1.897223256280041515e+00 1.380414456801012379e+00 -1.000000000000000056e-01
2.194000000000000128e+01 1.900464563211578417e+00 1.380591887719744948e+00 -1.000000000000000056e-01
2.194999999999999929e+01 1.903693143641127294e+00 1.380767821401398310e+00 -1.000000000000000056e-01
2.196000000000000085e+01 1.906908525938878052e+00 1.380942250529000770e+00 -1.000000000000000056e-01
2.196999999999999886e+01 1.910110239995827408e+00 1.381115166259382576e+00 -1.000000000000000056e-01
2.198000000000000043e+01 1.913297817310690485e+00 1.381286558217510674e+00 -1.000000000000000056e-01
2.199000000000000199e+01 1.916470791075574720e+00 1.381456414493026141e+00 -1.000000000000000056e-01
2.200000000000000000e+01 1.919628696261592049e+00 1.381624721636487640e+00 -1.000000000000000056e-01
2.201000000000000156e+01 1.922771069705491387e+00 1.381791464658699065e+00 -1.000000000000000056e-01
2.201999999999999957e+01 1.925897450195167560e+00 1.381956627029452545e+00 -1.000000000000000056e-01
2.203000000000000114e+01 1.929007378555408714e+00 1.382120190678406413e+00 -1.000000000000000056e-01
2.203999999999999915e+01 1.932100397733822916e+00 1.382282135997271455e+00 -1.000000000000000056e-01
2.205000000000000071e+01 1.935176052886125042e+00 1.382442441842849368e+00 -1.000000000000000056e-01
2.205999999999999872e+01 1.938233891461737191e+00 1.382601085540942076e+00 -1.000000000000000056e-01
2.207000000000000028e+01 1.941273463288641032e+00 1.382758042892712425e+00 -1.000000000000000056e-01
2.208000000000000185e+01 1.944294320658577879e+00 1.382913288180501743e+00 -1.000000000000000056e-01
2.208999999999999986e+01 1.947296018411241558e+00 1.383066794176883274e+00 -1.000000000000000056e-01
2.210000000000000142e+01 1.950278114019234454e+00 1.383218532152796554e+00 -1.000000000000000056e-01
2.210999999999999943e+01 1.953240167671345118e+00 1.383368471888922091e+00 -1.000000000000000056e-01
2.212000000000000099e+01 1.956181742356757347e+00 1.383516581686418112e+00 -1.000000000000000056e-01
2.212999999999999901e+01 1.959102403947994064e+00 1.383662828380863186e+00 -1.000000000000000056e-01
2.214000000000000057e+01 1.962001721283609390e+00 1.383807177355225404e+00 -1.000000000000000056e-01
2.215000000000000213e+01 1.964879266250830536e+00 1.383949592555912878e+00 -1.000000000000000056e-01
2.216000000000000014e+01 1.967734613866987559e+00 1.384090036508951904e+00 -1.000000000000000056e-01
2.217000000000000171e+01 1.970567342361064123e+00 1.384228470337893313e+00 -1.000000000000000056e-01
2.217999999999999972e+01 1.973377033253817414e+00 1.384364853781986149e+00 -1.000000000000000056e-01
2.219000000000000128e+01 1.976163271438273306e+00 1.384499145217294336e+00 -1.000000000000000056e-01
2.219999999999999929e+01 1.978925645258428290e+00 1.384631301676641169e+00 -1.000000000000000056e-01
2.221000000000000085e+01 1.981663746587735142e+00 1.384761278872685297e+00 -1.000000000000000056e-01
2.221999999999999886e+01 1.984377170906632015e+00 1.384889031220424283e+00 -1.000000000000000056e-01
2.223000000000000043e+01 1.987065517378991286e+00 1.385014511862635800e+00 -1.000000000000000056e-01
2.224000000000000199e+01 1.989728388927734182e+00 1.385137672693635968e+00 -1.000000000000000056e-01
2.225000000000000000e+01 1.992365392308779626e+00 1.385258464386879718e+00 -1.000000000000000056e-01
2.226000000000000156e+01 1.994976138184883840e+00 1.385376836421720714e+00 -1.000000000000000056e-01
2.226999999999999957e+01 1.997560241197471331e+00 1.385492737111277295e+00 -1.000000000000000056e-01
2.228000000000000114e+01 2.000117320036692181e+00 1.385606113631903558e+00 -1.000000000000000056e-01
2.228999999999999915e+01 2.002646997512505411e+00 1.385716912053271077e+00 -1.000000000000000056e-01
2.230000000000000071e+01 2.005148900621138264e+00 1.385825077368005198e+00 -1.000000000000000056e-01
2.230999999999999872e+01 2.007622660613523013e+00 1.385930553525942965e+00 -1.000000000000000056e-01
2.232000000000000028e+01 2.010067913060184175e+00 1.386033283463570021e+00 -1.000000000000000056e-01
2.233000000000000185e+01 2.012484297916235398e+00 1.386133209140823164e+00 -1.000000000000000056e-01
2.233999999999999986e+01 2.014871459584786972e+00 1.386230271572634898e+00 -1.000000000000000056e-01
2.235000000000000142e+01 2.017229046979039708e+00 1.386324410867062484e+00 -1.000000000000000056e-01
2.235999999999999943e+01 2.019556713584142571e+00 1.386415566259274756e+00 -1.000000000000000056e-01
2.237000000000000099e+01 2.021854117516672211e+00 1.386503676149967168e+00 -1.000000000000000056e-01
2.237999999999999901e+01 2.024120921584769750e+00 1.386588678143517273e+00 -1.000000000000000056e-01
2.239000000000000057e+01 2.026356793345691187e+00 1.386670509085779379e+00 -1.000000000000000056e-01
2.240000000000000213e+01 2.028561405163385345e+00 1.386749105104663427e+00 -1.000000000000000056e-01
2.241000000000000014e+01 2.030734434264898525e+00 1.386824401649646044e+00 -1.000000000000000056e-01
2.242000000000000171e+01 2.032875562794908220e+00 1.386896333533712333e+00 -1.000000000000000056e-01
2.242999999999999972e+01 2.034984477870247055e+00 1.386964834974020233e+00 -1.000000000000000056e-01
2.244000000000000128e+01 2.037060871632547343e+00 1.387029839634611905e+00 -1.000000000000000056e-01
2.244999999999999929e+01 2.039104441299677717e+00 1.387091280669564108e+00 -1.000000000000000056e-01
2.246000000000000085e+01 2.041114889216085526e+00 1.387149090765526838e+00 -1.000000000000000056e-01
2.246999999999999886e+01 2.043091922902211532e+00 1.387203202186608975e+00 -1.000000000000000056e-01
2.248000000000000043e+01 2.045035255101119720e+00 1.387253546818027594e+00 -1.000000000000000056e-01
2.249000000000000199e+01 2.046944603826065023e+00 1.387300056211508537e+00 -1.000000000000000056e-01
2.250000000000000000e+01 2.048819692403975878e+00 1.387342661630028617e+00 -1.000000000000000056e-01
2.251000000000000156e+01 2.050660249519977274e+00 1.387381294094544470e+00 -1.000000000000000056e-01
2.251999999999999957e+01 2.052466009258377078e+00 1.387415884429283208e+00 -1.000000000000000056e-01
2.253000000000000114e+01 2.054236711143587080e+00 1.387446363308676878e+00 -1.000000000000000056e-01
2.253999999999999915e+01 2.055972100179215722e+00 1.387472661304553823e+00 -1.000000000000000056e-01
2.255000000000000071e+01 2.057671926884800495e+00 1.387494708933152854e+00 -1.000000000000000056e-01
2.255999999999999872e+01 2.059335947332416428e+00 1.387512436702612817e+00 -1.000000000000000056e-01
2.257000000000000028e+01 2.060963923180753721e+00 1.387525775161438713e+00 -1.000000000000000056e-01
2.258000000000000185e+01 2.062555621707769404e+00 1.387534654946056545e+00 -1.000000000000000056e-01
2.258999999999999986e+01 2.064110815842500113e+00 1.387539006829863197e+00 -1.000000000000000056e-01
2.260000000000000142e+01 2.065629284193931436e+00 1.387538761771065055e+00 -1.000000000000000056e-01
2.260999999999999943e+01 2.067110811080377530e+00 1.387533850962431092e+00 -1.000000000000000056e-01
2.262000000000000099e+01 2.068555186554521974e+00 1.387524205879706818e+00 -1.000000000000000056e-01
2.262999999999999901e+01 2.069962206430068896e+00 1.387509758330722542e+00 -1.000000000000000056e-01
2.264000000000000057e+01 2.071331672303808880e+00 1.387490440505001699e+00 -1.000000000000000056e-01
2.265000000000000213e+01 2.072663391578288383e+00 1.387466185022951937e+00 -1.000000000000000056e-01
2.266000000000000014e+01 2.073957177481650316e+00 1.387436924984938313e+00 -1.000000000000000056e-01
2.267000000000000171e+01 2.075212849086869316e+00 1.387402594021277746e+00 -1.000000000000000056e-01
2.267999999999999972e+01 2.076430231327839326e+00 1.387363126341285335e+00 -1.000000000000000056e-01
2.269000000000000128e+01 2.077609155016328923e+00 1.387318456782606235e+00 -1.000000000000000056e-01
2.269999999999999929e+01 2.078749456854525057e+00 1.387268520861309584e+00 -1.000000000000000056e-01
2.271000000000000085e+01 2.079850979448427672e+00 1.387213254820066188e+00 -1.000000000000000056e-01
2.271999999999999886e+01 2.080913571318320887e+00 1.387152595678358136e+00 -1.000000000000000056e-01
2.273000000000000043e+01 2.081937086908202783e+00 1.387086481280934480e+00 -1.000000000000000056e-01
2.274000000000000199e+01 2.082921386593389101e+00 1.387014850347351169e+00 -1.000000000000000056e-01
2.275000000000000000e+01 2.083866336686961418e+00 1.386937642519775249e+00 -1.000000000000000056e-01
2.276000000000000156e+01 2.084771809444532664e+00 1.386854798412561651e+00 -1.000000000000000056e-01
2.276999999999999957e+01 2.085637683067390391e+00 1.386766259659752976e+00 -1.000000000000000056e-01
2.278000000000000114e+01 2.086463841704217614e+00 1.386671968963623991e+00 -1.000000000000000056e-01
2.278999999999999915e+01 2.087250175451387246e+00 1.386571870141923846e+00 -1.000000000000000056e-01
2.280000000000000071e+01 2.087996580352017961e+00 1.386465908175722239e+00 -1.000000000000000056e-01
2.280999999999999872e+01 2.088702958392544495e+00 1.386354029256137599e+00 -1.000000000000000056e-01
2.282000000000000028e+01 2.089369217499458475e+00 1.386236180830774378e+00 -1.000000000000000056e-01
2.283000000000000185e+01 2.089995271532970822e+00 1.386112311650668838e+00 -1.000000000000000056e-01
2.283999999999999986e+01 2.090581040280018676e+00 1.385982371815067671e+00 -1.000000000000000056e-01
2.285000000000000142e+01 2.091126449446145674e+00 1.385846312817653914e+00 -1.000000000000000056e-01
2.285999999999999943e+01 2.091631430644746104e+00 1.385704087590315714e+00 -1.000000000000000056e-01
2.287000000000000099e+01 2.092095921386365909e+00 1.385555650548358164e+00 -1.000000000000000056e-01
2.287999999999999901e+01 2.092519865065115336e+00 1.385400957633561747e+00 -1.000000000000000056e-01
2.289000000000000057e+01 2.092903210945175729e+00 1.385239966357396213e+00 -1.000000000000000056e-01
2.290000000000000213e+01 2.093245914144288289e+00 1.385072635843608513e+00 -1.000000000000000056e-01
2.291000000000000014e+01 2.093547935617642519e+00 1.384898926870191671e+00 -1.000000000000000056e-01
2.292000000000000171e+01 2.093809242138710225e+00 1.384718801910071795e+00 -1.000000000000000056e-01
2.292999999999999972e+01 2.094029806280355732e+00 1.384532225172455000e+00 -1.000000000000000056e-01
2.294000000000000128e+01 2.094209606393503176e+00 1.384339162641754273e+00 -1.000000000000000056e-01
2.294999999999999929e+01 2.094348626585402329e+00 1.384139582117614342e+00 -1.000000000000000056e-01
2.296000000000000085e+01 2.094446856696217996e+00 1.383933453252612189e+00 -1.000000000000000056e-01
2.296999999999999886e+01 2.094504292274708579e+00 1.383720747590329259e+00 -1.000000000000000056e-01
2.298000000000000043e+01 2.094520934552885016e+00 1.383501438601790090e+00 -1.000000000000000056e-01
2.299000000000000199e+01 2.094496790419759336e+00 1.383275501722408762e+00 -1.000000000000000056e-01
2.300000000000000000e+01 2.094431872393408778e+00 1.383042914385842925e+00 -1.000000000000000056e-01
2.301000000000000156e+01 2.094326198593295718e+00 1.382803656060307862e+00 -1.000000000000000056e-01
2.301999999999999957e+01 2.094179792710183285e+00 1.382557708280094166e+00 -1.000000000000000056e-01
2.303000000000000114e+01 2.093992683977031533e+00 1.382305054680264211e+00 -1.000000000000000056e-01
2.303999999999999915e+01 2.093764907136742348e+00 1.382045681027106676e+00 -1.000000000000000056e-01
2.305000000000000071e+01 2.093496502411610560e+00 1.381779575249661107e+00 -1.000000000000000056e-01
2.305999999999999872e+01 2.093187515470036786e+00 1.381506727469976381e+00 -1.000000000000000056e-01
2.307000000000000028e+01 2.092837997393215854e+00 1.381227130031628780e+00 -1.000000000000000056e-01
2.308000000000000185e+01 2.092448004641665360e+00 1.380940777528191221e+00 -1.000000000000000056e-01
2.308999999999999986e+01 2.092017599020010277e+00 1.380647666830614906e+00 -1.000000000000000056e-01
2.310000000000000142e+01 2.091546847641895468e+00 1.380347797112880803e+00 -1.000000000000000056e-01
2.310999999999999943e+01 2.091035822894010465e+00 1.380041169877642471e+00 -1.000000000000000056e-01
2.312000000000000099e+01 2.090484602399458769e+00 1.379727788980201098e+00 -1.000000000000000056e-01
2.312999999999999901e+01 2.089893268980951291e+00 1.379407660651741141e+00 -1.000000000000000056e-01
2.314000000000000057e+01 2.089261910622695062e+00 1.379080793521082482e+00 -1.000000000000000056e-01
2.315000000000000213e+01 2.088590620433004919e+00 1.378747198636013804e+00 -1.000000000000000056e-01
2.316000000000000014e+01 2.087879496605061114e+00 1.378406889483482667e+00 -1.000000000000000056e-01
2.317000000000000171e+01 2.087128642378764720e+00 1.378059882007536041e+00 -1.000000000000000056e-01
2.317999999999999972e+01 2.086338166000547556e+00 1.377706194628106395e+00 -1.000000000000000056e-01
2.319000000000000128e+01 2.085508180684794599e+00 1.377345848257200300e+00 -1.000000000000000056e-01
2.319999999999999929e+01 2.084638804573218263e+00 1.376978866314058969e+00 -1.000000000000000056e-01
2.321000000000000085e+01 2.083730160694861500e+00 1.376605274740110074e+00 -1.000000000000000056e-01
2.321999999999999886e+01 2.082782376926064050e+00 1.376225102012377244e+00 -1.000000000000000056e-01
2.323000000000000043e+01 2.081795585949321570e+00 1.375838379154493918e+00 -1.000000000000000056e-01
2.324000000000000199e+01 2.080769925213370453e+00 1.375445139748953993e+00 -1.000000000000000056e-01
2.325000000000000000e+01 2.079705536891418571e+00 1.375045419946012037e+00 -1.000000000000000056e-01
2.326000000000000156e+01 2.078602567840929449e+00 1.374639258472455161e+00 -1.000000000000000056e-01
2.326999999999999957e+01 2.077461169562030641e+00 1.374226696639457401e+00 -1.000000000000000056e-01
2.328000000000000114e+01 2.076281498156737015e+00 1.373807778347984287e+00 -1.000000000000000056e-01
2.328999999999999915e+01 2.075063714287620709e+00 1.373382550094453647e+00 -1.000000000000000056e-01
2.330000000000000071e+01 2.073807983136590760e+00 1.372951060974521686e+00 -1.000000000000000056e-01
2.330999999999999872e+01 2.072514474363732262e+00 1.372513362685238825e+00 -1.000000000000000056e-01
2.332000000000000028e+01 2.071183362066097988e+00 1.372069509526683051e+00 -1.000000000000000056e-01
2.333000000000000185e+01 2.069814824736596837e+00 1.371619558402678685e+00 -1.000000000000000056e-01
2.333999999999999986e+01 2.068409045222940001e+00 1.371163568818586587e+00 -1.000000000000000056e-01
2.335000000000000142e+01 2.066966210686659533e+00 1.370701602880297187e+00 -1.000000000000000056e-01
2.335999999999999943e+01 2.065486512562041188e+00 1.370233725289672799e+00 -1.000000000000000056e-01
2.337000000000000099e+01 2.063970146516000526e+00 1.369760003340679377e+00 -1.000000000000000056e-01
2.337999999999999901e+01 2.062417312406854109e+00 1.369280506912805340e+00 -1.000000000000000056e-01
2.339000000000000057e+01 2.060828214244613488e+00 1.368795308464293425e+00 -1.000000000000000056e-01
2.340000000000000213e+01 2.059203060150609499e+00 1.368304483023335294e+00 -1.000000000000000056e-01
2.341000000000000014e+01 2.057542062317410547e+00 1.367808108179020099e+00 -1.000000000000000056e-01
2.342000000000000171e+01 2.055845436970321849e+00 1.367306264069287014e+00 -1.000000000000000056e-01
2.342999999999999972e+01 2.054113404326614045e+00 1.366799033370424965e+00 -1.000000000000000056e-01
2.344000000000000128e+01 2.052346188558227702e+00 1.366286501282014898e+00 -1.000000000000000056e-01
2.344999999999999929e+01 2.050544017752096604e+00 1.365768755513392385e+00 -1.000000000000000056e-01
2.346000000000000085e+01 2.048707123872597347e+00 1.365245886267424380e+00 -1.000000000000000056e-01
2.346999999999999886e+01 2.046835742723378981e+00 1.364717986223502155e+00 -1.000000000000000056e-01
2.348000000000000043e+01 2.044930113910802927e+00 1.364185150518479439e+00 -1.000000000000000056e-01
2.349000000000000199e+01 2.042990480805861875e+00 1.363647476728653718e+00 -1.000000000000000056e-01
2.350000000000000000e+01 2.041017090508780552e+00 1.363105064847156767e+00 -1.000000000000000056e-01
2.351000000000000156e+01 2.039010193812578642e+00 1.362558017262950338e+00 -1.000000000000000056e-01
2.351999999999999957e+01 2.036970045167382448e+00 1.362006438737248581e+00 -1.000000000000000056e-01
2.353000000000000114e+01 2.034896902646067041e+00 1.361450436379278095e+00 -1.000000000000000056e-01
2.353999999999999915e+01 2.032791027908884995e+00 1.360890119619601935e+00 -1.000000000000000056e-01
2.355000000000000071e+01 2.030652686170265842e+00 1.360325600184518979e+00 -1.000000000000000056e-01
2.355999999999999872e+01 2.028482146165108801e+00 1.359756992066818659e+00 -1.000000000000000056e-01
2.357000000000000028e+01 2.026279680115441462e+00 1.359184411497033507e+00 -1.000000000000000056e-01
2.358000000000000185e+01 2.024045563698978700e+00 1.358607976912464821e+00 -1.000000000000000056e-01
2.358999999999999986e+01 2.021780076016207683e+00 1.358027808925989177e+00 -1.000000000000000056e-01
2.360000000000000142e+01 2.019483499559958428e+00 1.357444030292782156e+00 -1.000000000000000056e-01
2.360999999999999943e+01 2.017156120183778878e+00 1.356856765876594428e+00 -1.000000000000000056e-01
2.362000000000000099e+01 2.014798227072447823e+00 1.356266142614253045e+00 -1.000000000000000056e-01
2.362999999999999901e+01 2.012410112711103150e+00 1.355672289480191139e+00 -1.000000000000000056e-01
2.364000000000000057e+01 2.009992072856520373e+00 1.355075337448671036e+00 -1.000000000000000056e-01
2.365000000000000213e+01 2.007544406507643764e+00 1.354475419455158258e+00 -1.000000000000000056e-01
2.366000000000000014e+01 2.005067415876773840e+00 1.353872670358517549e+00 -1.000000000000000056e-01
2.367000000000000171e+01 2.002561406361338836e+00 1.353267226898878794e+00 -1.000000000000000056e-01
2.367999999999999972e+01 2.000026686515249619e+00 1.352659227658382424e+00 -1.000000000000000056e-01
2.369000000000000128e+01 1.997463568021575764e+00 1.352048813018147388e+00 -1.000000000000000056e-01
2.369999999999999929e+01 1.994872365663921121e+00 1.351436125116057152e+00 -1.000000000000000056e-01
2.371000000000000085e+01 1.992253397299390105e+00 1.350821307803316662e+00 -1.000000000000000056e-01
2.371999999999999886e+01 1.989606983830925824e+00 1.350204506600627408e+00 -1.000000000000000056e-01
2.373000000000000043e+01 1.986933449180239064e+00 1.349585868652841247e+00 -1.000000000000000056e-01
2.374000000000000199e+01 1.984233120260632477e+00 1.348965542684693597e+00 -1.000000000000000056e-01
2.375000000000000000e+01 1.981506326950674080e+00 1.348343678953355163e+00 -1.000000000000000056e-01
2.376000000000000156e+01 1.978753402068123668e+00 1.347720429203081771e+00 -1.000000000000000056e-01
2.376999999999999957e+01 1.975974681344479400e+00 1.347095946616944317e+00 -1.000000000000000056e-01
2.378000000000000114e+01 1.973170503400350828e+00 1.346470385768038902e+00 -1.000000000000000056e-01
2.378999999999999915e+01 1.970341209722296538e+00 1.345843902570377670e+00 -1.000000000000000056e-01
2.380000000000000071e+01 1.967487144639839647e+00 1.345216654227379571e+00 -1.000000000000000056e-01
2.380999999999999872e+01 1.964608655304903362e+00 1.344588799179744054e+00 -1.000000000000000056e-01
2.382000000000000028e+01 1.961706091671205687e+00 1.343960497050591396e+00 -1.000000000000000056e-01
2.383000000000000185e+01 1.958779806476483643e+00 1.343331908590252421e+00 -1.000000000000000056e-01
2.383999999999999986e+01 1.955830155223415634e+00 1.342703195618470513e+00 -1.000000000000000056e-01
2.385000000000000142e+01 1.952857496163217244e+00 1.342074520965627515e+00 -1.000000000000000056e-01
2.385999999999999943e+01 1.949862190278459861e+00 1.341446048411662151e+00 -1.000000000000000056e-01
2.387000000000000099e+01 1.946844601265421471e+00 1.340817942626190140e+00 -1.000000000000000056e-01
2.387999999999999901e+01 1.943805095516854653e+00 1.340190369105537016e+00 -1.000000000000000056e-01
2.389000000000000057e+01 1.940744042102767075e+00 1.339563494111038366e+00 -1.000000000000000056e-01
2.390000000000000213e+01 1.937661812751558132e+00 1.338937484606450568e+00 -1.000000000000000056e-01
2.391000000000000014e+01 1.934558781828735086e+00 1.338312508195474315e+00 -1.000000000000000056e-01
2.392000000000000171e+01 1.931435326315360523e+00 1.337688733059631208e+00 -1.000000000000000056e-01
2.392999999999999972e+01 1.928291825786049740e+00 1.337066327895665818e+00 -1.000000000000000056e-01
2.394000000000000128e+01 1.925128662385629186e+00 1.336445461853361882e+00 -1.000000000000000056e-01
2.394999999999999929e+01 1.921946220805077488e+00 1.335826304473012760e+00 -1.000000000000000056e-01
2.396000000000000085e+01 1.918744888258838488e+00 1.335209025623185664e+00 -1.000000000000000056e-01
2.396999999999999886e+01 1.915525054460005316e+00 1.334593795437482244e+00 -1.000000000000000056e-01
2.398000000000000043e+01 1.912287111596787659e+00 1.333980784252053464e+00 -1.000000000000000056e-01
2.399000000000000199e+01 1.909031454308794729e+00 1.333370162542155457e+00 -1.000000000000000056e-01
2.400000000000000000e+01 1.905758479662847726e+00 1.332762100858210896e+00 -1.000000000000000056e-01
2.401000000000000156e+01 1.902468587129656719e+00 1.332156769762742332e+00 -1.000000000000000056e-01
2.401999999999999957e+01 1.899162178560382719e+00 1.331554339765298467e+00 -1.000000000000000056e-01
2.403000000000000114e+01 1.895839658162048469e+00 1.330954981258587244e+00 -1.000000000000000056e-01
2.403999999999999915e+01 1.892501432475202749e+00 1.330358864453607293e+00 -1.000000000000000056e-01
2.405000000000000071e+01 1.889147910349279424e+00 1.329766159314876850e+00 -1.000000000000000056e-01
2.406000000000000227e+01 1.885779502918843775e+00 1.329177035494840453e+00 -1.000000000000000056e-01
2.407000000000000028e+01 1.882396623580184780e+00 1.328591662268929996e+00 -1.000000000000000056e-01
2.408000000000000185e+01 1.878999687966145915e+00 1.328010208470649989e+00 -1.000000000000000056e-01
2.408999999999999986e+01 1.875589113922585982e+00 1.327432842424639547e+00 -1.000000000000000056e-01
2.410000000000000142e+01 1.872165321482481382e+00 1.326859731882922278e+00 -1.000000000000000056e-01
2.410999999999999943e+01 1.868728732841929530e+00 1.326291043957735338e+00 -1.000000000000000056e-01
2.412000000000000099e+01 1.865279772333414687e+00 1.325726945057026374e+00 -1.000000000000000056e-01
2.412999999999999901e+01 1.861818866400538175e+00 1.325167600818168090e+00 -1.000000000000000056e-01
2.414000000000000057e+01 1.858346443571282869e+00 1.324613176043207385e+00 -1.000000000000000056e-01
2.415000000000000213e+01 1.854862934430550059e+00 1.324063834632803749e+00 -1.000000000000000056e-01
2.416000000000000014e+01 1.851368771593318252e+00 1.323519739521491712e+00 -1.000000000000000056e-01
2.417000000000000171e+01 1.847864389675412999e+00 1.322981052612504316e+00 -1.000000000000000056e-01
2.417999999999999972e+01 1.844350225265709797e+00 1.322447934712873918e+00 -1.000000000000000056e-01
2.419000000000000128e+01 1.840826716895173742e+00 1.321920545468875829e+00 -1.000000000000000056e-01
2.419999999999999929e+01 1.837294305007939332e+00 1.321399043301852538e+00 -1.000000000000000056e-01
2.421000000000000085e+01 1.833753431929295630e+00 1.320883585343654687e+00 -1.000000000000000056e-01
2.421999999999999886e+01 1.830204541833956977e+00 1.320374327373857071e+00 -1.000000000000000056e-01
2.423000000000000043e+01 1.826648080713785482e+00 1.319871423755266671e+00 -1.000000000000000056e-01
2.424000000000000199e+01 1.823084496343526872e+00 1.319375027372085230e+00 -1.000000000000000056e-01
2.425000000000000000e+01 1.819514238247290860e+00 1.318885289566772201e+00 -1.000000000000000056e-01
2.426000000000000156e+01 1.815937757662396290e+00 1.318402360077661761e+00 -1.000000000000000056e-01
2.426999999999999957e+01 1.812355507503680130e+00 1.317926386978691689e+00 -1.000000000000000056e-01
2.428000000000000114e+01 1.808767942326266587e+00 1.317457516616657331e+00 -1.000000000000000056e-01
2.428999999999999915e+01 1.805175518287323921e+00 1.316995893552257657e+00 -1.000000000000000056e-01
2.430000000000000071e+01 1.801578693107467766e+00 1.316541660499083832e+00 -1.000000000000000056e-01
2.431000000000000227e+01 1.797977926029855178e+00 1.316094958265231707e+00 -1.000000000000000056e-01
2.432000000000000028e+01 1.794373677780843890e+00 1.315655925693885120e+00 -1.000000000000000056e-01
2.433000000000000185e+01 1.790766410526284380e+00 1.315224699605907155e+00 -1.000000000000000056e-01
2.433999999999999986e+01 1.787156587830209364e+00 1.314801414742895025e+00 -1.000000000000000056e-01
2.435000000000000142e+01 1.783544674609876646e+00 1.314386203709779322e+00 -1.000000000000000056e-01
2.435999999999999943e+01 1.779931137091958160e+00 1.313979196920102677e+00 -1.000000000000000056e-01
2.437000000000000099e+01 1.776316442765959680e+00 1.313580522541133888e+00 -1.000000000000000056e-01
2.437999999999999901e+01 1.772701060338433443e+00 1.313190306438767774e+00 -1.000000000000000056e-01
2.439000000000000057e+01 1.769085459684738515e+00 1.312808672126082987e+00 -1.000000000000000056e-01
2.440000000000000213e+01 1.765470111800713005e+00 1.312435740709802623e+00 -1.000000000000000056e-01
2.441000000000000014e+01 1.761855488753603316e+00 1.312071630839674485e+00 -1.000000000000000056e-01
2.442000000000000171e+01 1.758242063631317631e+00 1.311716458658094719e+00 -1.000000000000000056e-01
2.442999999999999972e+01 1.754630310491366973e+00 1.311370337750358939e+00 -1.000000000000000056e-01
2.444000000000000128e+01 1.751020704308733134e+00 1.311033379097319651e+00 -1.000000000000000056e-01
2.444999999999999929e+01 1.747413720923004732e+00 1.310705691026837760e+00 -1.000000000000000056e-01
2.446000000000000085e+01 1.743809836983958084e+00 1.310387379168802546e+00 -1.000000000000000056e-01
2.446999999999999886e+01 1.740209529897202900e+00 1.310078546409092937e+00 -1.000000000000000056e-01
2.448000000000000043e+01 1.736613277768331409e+00 1.309779292846479981e+00 -1.000000000000000056e-01
2.449000000000000199e+01 1.733021559345686358e+00 1.309489715748543448e+00 -1.000000000000000056e-01
2.450000000000000000e+01 1.729434853963330632e+00 1.309209909511308112e+00 -1.000000000000000056e-01
2.451000000000000156e+01 1.725853641482158363e+00 1.308939965617557988e+00 -1.000000000000000056e-01
2.451999999999999957e+01 1.722278402230017935e+00 1.308679972598210117e+00 -1.000000000000000056e-01
2.453000000000000114e+01 1.718709616941589635e+00 1.308430015993603313e+00 -1.000000000000000056e-01
2.453999999999999915e+01 1.715147766696541121e+00 1.308190178317038654e+00 -1.000000000000000056e-01
2.455000000000000071e+01 1.711593332856507388e+00 1.307960539018715895e+00 -1.000000000000000056e-01
2.456000000000000227e+01 1.708046797002551687e+00 1.307741174451115818e+00 -1.000000000000000056e-01
2.457000000000000028e+01 1.704508640869201175e+00 1.307532157836760023e+00 -1.000000000000000056e-01
2.458000000000000185e+01 1.700979346280100168e+00 1.307333559234826525e+00 -1.000000000000000056e-01
2.458999999999999986e+01 1.697459395080550992e+00 1.307145445512172932e+00 -1.000000000000000056e-01
2.460000000000000142e+01 1.693949269070389452e+00 1.306967880312800867e+00 -1.000000000000000056e-01
2.460999999999999943e+01 1.690449449935768511e+00 1.306800924030824929e+00 -1.000000000000000056e-01
2.462000000000000099e+01 1.686960419179403203e+00 1.306644633783439646e+00 -1.000000000000000056e-01
2.462999999999999901e+01 1.683482658050614811e+00 1.306499063386047155e+00 -1.000000000000000056e-01
2.464000000000000057e+01 1.680016647474836144e+00 1.306364263328755770e+00 -1.000000000000000056e-01
2.465000000000000213e+01 1.676562867981131966e+00 1.306240280753153682e+00 -1.000000000000000056e-01
2.466000000000000014e+01 1.673121799630508333e+00 1.306127159432735718e+00 -1.000000000000000056e-01
2.467000000000000171e+01 1.669693921942466908e+00 1.306024939752761682e+00 -1.000000000000000056e-01
2.467999999999999972e+01 1.666279713821412045e+00 1.305933658691960542e+00 -1.000000000000000056e-01
2.469000000000000128e+01 1.662879653482475684e+00 1.305853349807170494e+00 -1.000000000000000056e-01
2.469999999999999929e+01 1.659494218376442509e+00 1.305784043217637524e+00 -1.000000000000000056e-01
2.471000000000000085e+01 1.656123885114475280e+00 1.305725765591525978e+00 -1.000000000000000056e-01
2.471999999999999886e+01 1.652769129392294367e+00 1.305678540134554755e+00 -1.000000000000000056e-01
2.473000000000000043e+01 1.649430425913565257e+00 1.305642386579376479e+00 -1.000000000000000056e-01
2.474000000000000199e+01 1.646108248312975197e+00 1.305617321176302470e+00 -1.000000000000000056e-01
2.475000000000000000e+01 1.642803069079320277e+00 1.305603356687074390e+00 -1.000000000000000056e-01
2.476000000000000156e+01 1.639515359476770850e+00 1.305600502377855854e+00 -1.000000000000000056e-01
2.476999999999999957e+01 1.636245589467469452e+00 1.305608764016094492e+00 -1.000000000000000056e-01
2.478000000000000114e+01 1.632994227632201811e+00 1.305628143867426649e+00 -1.000000000000000056e-01
2.478999999999999915e+01 1.629761741091309002e+00 1.305658640694432826e+00 -1.000000000000000056e-01
2.480000000000000071e+01 1.626548595425065358e+00 1.305700249757593356e+00 -1.000000000000000056e-01
2.481000000000000227e+01 1.623355254593378705e+00 1.305752962816875584e+00 -1.000000000000000056e-01
2.482000000000000028e+01 1.620182180855814558e+00 1.305816768135760420e+00 -1.000000000000000056e-01
2.483000000000000185e+01 1.617029834690077106e+00 1.305891650485760946e+00 -1.000000000000000056e-01
2.483999999999999986e+01 1.613898674711176540e+00 1.305977591153840933e+00 -1.000000000000000056e-01
2.485000000000000142e+01 1.610789157589596954e+00 1.306074567950118670e+00 -1.000000000000000056e-01
2.485999999999999943e+01 1.607701737969952749e+00 1.306182555217839880e+00 -1.000000000000000056e-01
2.487000000000000099e+01 1.604636868388141124e+00 1.306301523844842771e+00 -1.000000000000000056e-01
2.487999999999999901e+01 1.601594999189473345e+00 1.306431441275931693e+00 -1.000000000000000056e-01
2.489000000000000057e+01 1.598576578446336605e+00 1.306572271528457785e+00 -1.000000000000000056e-01
2.490000000000000213e+01 1.595582051874854024e+00 1.306723975206273591e+00 -1.000000000000000056e-01
2.491000000000000014e+01 1.592611862753036789e+00 1.306886509519486150e+00 -1.000000000000000056e-01
2.492000000000000171e+01 1.589666451837397521e+00 1.307059828301794679e+00 -1.000000000000000056e-01
2.492999999999999972e+01 1.586746257280237993e+00 1.307243882031758453e+00 -1.000000000000000056e-01
2.494000000000000128e+01 1.583851714547459100e+00 1.307438617854725482e+00 -1.000000000000000056e-01
2.494999999999999929e+01 1.580983256335087406e+00 1.307643979606226470e+00 -1.000000000000000056e-01
2.496000000000000085e+01 1.578141312487302939e+00 1.307859907837462643e+00 -1.000000000000000056e-01
2.496999999999999886e+01 1.575326309914081513e+00 1.308086339841028289e+00 -1.000000000000000056e-01
2.498000000000000043e+01 1.572538672508098312e+00 1.308323209679977728e+00 -1.000000000000000056e-01
2.499000000000000199e+01 1.569778821064262031e+00 1.308570448216899607e+00 -1.000000000000000056e-01
2.500000000000000000e+01 1.567047173196215448e+00 1.308827983144163598e+00 -1.000000000000000056e-01
2.501000000000000156e+01 1.564344143255986141e+00 1.309095739017879900e+00 -1.000000000000000056e-01
2.501999999999999957e+01 1.561670142252501003e+00 1.309373637290560888e+00 -1.000000000000000056e-01
2.503000000000000114e+01 1.559025577770372539e+00 1.309661596346691992e+00 -1.000000000000000056e-01
2.503999999999999915e+01 1.556410853889715673e+00 1.309959531539926614e+00 -1.000000000000000056e-01
2.505000000000000071e+01 1.553826371106194593e+00 1.310267355230827935e+00 -1.000000000000000056e-01
2.506000000000000227e+01 1.551272526250583317e+00 1.310584976826060455e+00 -1.000000000000000056e-01
2.507000000000000028e+01 1.548749712410630197e+00 1.310912302820115505e+00 -1.000000000000000056e-01
2.508000000000000185e+01 1.546258318851745805e+00 1.311249236836858900e+00 -1.000000000000000056e-01
2.508999999999999986e+01 1.543798730938724439e+00 1.311595679673024373e+00 -1.000000000000000056e-01
2.510000000000000142e+01 1.541371330059108757e+00 1.311951529343918121e+00 -1.000000000000000056e-01
2.510999999999999943e+01 1.538976493545344715e+00 1.312316681128184781e+00 -1.000000000000000056e-01
2.512000000000000099e+01 1.536614594599433170e+00 1.312691027616603723e+00 -1.000000000000000056e-01
2.512999999999999901e+01 1.534286002217043920e+00 1.313074458760023155e+00 -1.000000000000000056e-01
2.514000000000000057e+01 1.531991081113273534e+00 1.313466861918829665e+00 -1.000000000000000056e-01
2.515000000000000213e+01 1.529730191648510429e+00 1.313868121915132470e+00 -1.000000000000000056e-01
2.516000000000000014e+01 1.527503689755778105e+00 1.314278121084120787e+00 -1.000000000000000056e-01
2.517000000000000171e+01 1.525311926868460066e+00 1.314696739327292585e+00 -1.000000000000000056e-01
2.517999999999999972e+01 1.523155249849530657e+00 1.315123854167953077e+00 -1.000000000000000056e-01
2.519000000000000128e+01 1.521034000921017482e+00 1.315559340805535271e+00 -1.000000000000000056e-01
2.519999999999999929e+01 1.518948517595008818e+00 1.316003072173117738e+00 -1.000000000000000056e-01
2.521000000000000085e+01 1.516899132605683986e+00 1.316454918994671042e+00 -1.000000000000000056e-01
2.521999999999999886e+01 1.514886173841443862e+00 1.316914749843614008e+00 -1.000000000000000056e-01
2.523000000000000043e+01 1.512909964279918418e+00 1.317382431202696269e+00 -1.000000000000000056e-01
2.524000000000000199e+01 1.510970821921699514e+00 1.317857827524554049e+00 -1.000000000000000056e-01
2.525000000000000000e+01 1.509069059727399242e+00 1.318340801292475772e+00 -1.000000000000000056e-01
2.526000000000000156e+01 1.507204985553776577e+00 1.318831213083685006e+00 -1.000000000000000056e-01
2.526999999999999957e+01 1.505378902093028382e+00 1.319328921631678808e+00 -1.000000000000000056e-01
2.528000000000000114e+01 1.503591106811103195e+00 1.319833783890487444e+00 -1.000000000000000056e-01
2.528999999999999915e+01 1.501841891888973324e+00 1.320345655099605553e+00 -1.000000000000000056e-01
2.530000000000000071e+01 1.500131544163764596e+00 1.320864388848429050e+00 -1.000000000000000056e-01
2.531000000000000227e+01 1.498460345071944255e+00 1.321389837143870594e+00 -1.000000000000000056e-01
2.532000000000000028e+01 1.496828570593313756e+00 1.321921850475902271e+00 -1.000000000000000056e-01
2.533000000000000185e+01 1.495236491196099582e+00 1.322460277885411761e+00 -1.000000000000000056e-01
2.533999999999999986e+01 1.493684371783698506e+00 1.323004967032295864e+00 -1.000000000000000056e-01
2.535000000000000142e+01 1.492172471642848608e+00 1.323555764264005230e+00 -1.000000000000000056e-01
2.535999999999999943e+01 1.490701044391907759e+00 1.324112514684171904e+00 -1.000000000000000056e-01
2.537000000000000099e+01 1.489270337932325328e+00 1.324675062223169775e+00 -1.000000000000000056e-01
2.537999999999999901e+01 1.487880594400046386e+00 1.325243249706899107e+00 -1.000000000000000056e-01
2.539000000000000057e+01 1.486532050118728909e+00 1.325816918928039101e+00 -1.000000000000000056e-01
2.540000000000000213e+01 1.485224935554589898e+00 1.326395910717087956e+00 -1.000000000000000056e-01
2.541000000000000014e+01 1.483959475272235151e+00 1.326980065012239196e+00 -1.000000000000000056e-01
2.542000000000000171e+01 1.482735887892556947e+00 1.327569220932762084e+00 -1.000000000000000056e-01
2.542999999999999972e+01 1.481554386051234351e+00 1.328163216848493366e+00 -1.000000000000000056e-01
2.544000000000000128e+01 1.480415176359539453e+00 1.328761890454171812e+00 -1.000000000000000056e-01
2.544999999999999929e+01 1.479318459365991822e+00 1.329365078839396697e+00 -1.000000000000000056e-01
2.546000000000000085e+01 1.478264429519779322e+00 1.329972618562900388e+00 -1.000000000000000056e-01
2.546999999999999886e+01 1.477253275135568034e+00 1.330584345723246908e+00 -1.000000000000000056e-01
2.548000000000000043e+01 1.476285178360049022e+00 1.331200096032788327e+00 -1.000000000000000056e-01
2.549000000000000199e+01 1.475360315139332190e+00 1.331819704889401601e+00 -1.000000000000000056e-01
2.550000000000000000e+01 1.474478855188499304e+00 1.332443007449309658e+00 -1.000000000000000056e-01
2.551000000000000156e+01 1.473640961962612073e+00 1.333069838699979082e+00 -1.000000000000000056e-01
2.551999999999999957e+01 1.472846792628309309e+00 1.333700033531816986e+00 -1.000000000000000056e-01
2.553000000000000114e+01 1.472096498038320656e+00 1.334333426811703971e+00 -1.000000000000000056e-01
2.553999999999999915e+01 1.471390222706116857e+00 1.334969853454068600e+00 -1.000000000000000056e-01
2.555000000000000071e+01 1.470728104783116663e+00 1.335609148494295351e+00 -1.000000000000000056e-01
2.556000000000000227e+01 1.470110276036220132e+00 1.336251147158832087e+00 -1.000000000000000056e-01
2.557000000000000028e+01 1.469536861828249386e+00 1.336895684939234608e+00 -1.000000000000000056e-01
2.558000000000000185e+01 1.469007981098317206e+00 1.337542597660893007e+00 -1.000000000000000056e-01
2.558999999999999986e+01 1.468523746344883474e+00 1.338191721556257319e+00 -1.000000000000000056e-01
2.560000000000000142e+01 1.468084263609171103e+00 1.338842893334013739e+00 -1.000000000000000056e-01
2.560999999999999943e+01 1.467689632461214977e+00 1.339495950250204181e+00 -1.000000000000000056e-01
2.562000000000000099e+01 1.467339945985654870e+00 1.340150730177765315e+00 -1.000000000000000056e-01
2.562999999999999901e+01 1.467035290770850597e+00 1.340807071675666151e+00 -1.000000000000000056e-01
2.564000000000000057e+01 1.466775746897072352e+00 1.341464814058240140e+00 -1.000000000000000056e-01
2.565000000000000213e+01 1.466561387928265958e+00 1.342123797463353085e+00 -1.000000000000000056e-01
2.566000000000000014e+01 1.466392280903336953e+00 1.342783862919645799e+00 -1.000000000000000056e-01
2.567000000000000171e+01 1.466268486329206366e+00 1.343444852414488411e+00 -1.000000000000000056e-01
2.567999999999999972e+01 1.466190058175772748e+00 1.344106608959779292e+00 -1.000000000000000056e-01
2.569000000000000128e+01 1.466157043870426335e+00 1.344768976658465842e+00 -1.000000000000000056e-01
2.569999999999999929e+01 1.466169484295984482e+00 1.345431800768528197e+00 -1.000000000000000056e-01
2.571000000000000085e+01 1.466227413786823419e+00 1.346094927768762828e+00 -1.000000000000000056e-01
2.571999999999999886e+01 1.466330860128875591e+00 1.346758205421090704e+00 -1.000000000000000056e-01
2.573000000000000043e+01 1.466479844559298140e+00 1.347421482833906392e+00 -1.000000000000000056e-01
2.574000000000000199e+01 1.466674381766487789e+00 1.348084610524332927e+00 -1.000000000000000056e-01
2.575000000000000000e+01 1.466914479893031586e+00 1.348747440478274662e+00 -1.000000000000000056e-01
2.576000000000000156e+01 1.467200140537872954e+00 1.349409826211672492e+00 -1.000000000000000056e-01
2.576999999999999957e+01 1.467531358760370441e+00 1.350071622828394879e+00 -1.000000000000000056e-01
2.578000000000000114e+01 1.467908123085055028e+00 1.350732687080082650e+00 -1.000000000000000056e-01
2.578999999999999915e+01 1.468330415507373088e+00 1.351392877421832672e+00 -1.000000000000000056e-01
2.580000000000000071e+01 1.468798211500664586e+00 1.352052054068563880e+00 -1.000000000000000056e-01
2.581000000000000227e+01 1.469311480023271166e+00 1.352710079051429259e+00 -1.000000000000000056e-01
2.582000000000000028e+01 1.469870183527712371e+00 1.353366816269657269e+00 -1.000000000000000056e-01
2.583000000000000185e+01 1.470474277970061028e+00 1.354022131545046026e+00 -1.000000000000000056e-01
2.583999999999999986e+01 1.471123712820072926e+00 1.354675892672365656e+00 -1.000000000000000056e-01
2.585000000000000142e+01 1.471818431073164124e+00 1.355327969471062710e+00 -1.000000000000000056e-01
2.585999999999999943e+01 1.472558369262242151e+00 1.355978233832414892e+00 -1.000000000000000056e-01
2.587000000000000099e+01 1.473343457471200546e+00 1.356626559769718021e+00 -1.000000000000000056e-01
2.587999999999999901e+01 1.474173619348696951e+00 1.357272823462761790e+00 -1.000000000000000056e-01
2.589000000000000057e+01 1.475048772123551233e+00 1.357916903304478451e+00 -1.000000000000000056e-01
2.590000000000000213e+01 1.475968826620154495e+00 1.358558679943689285e+00 -1.000000000000000056e-01
2.591000000000000014e+01 1.476933687275231000e+00 1.359198036328477910e+00 -1.000000000000000056e-01
2.592000000000000171e+01 1.477943252155430320e+00 1.359834857746551329e+00 -1.000000000000000056e-01
2.592999999999999972e+01 1.478997412975217696e+00 1.360469031864674161e+00 -1.000000000000000056e-01
2.594000000000000128e+01 1.480096055116469911e+00 1.361100448767652127e+00 -1.000000000000000056e-01
2.594999999999999929e+01 1.481239057647568025e+00 1.361729000993886718e+00 -1.000000000000000056e-01
2.596000000000000085e+01 1.482426293344298429e+00 1.362354583570901223e+00 -1.000000000000000056e-01
2.596999999999999886e+01 1.483657628710842058e+00 1.362977094048825943e+00 -1.000000000000000056e-01
2.598000000000000043e+01 1.484932924002167143e+00 1.363596432532815372e+00 -1.000000000000000056e-01
2.599000000000000199e+01 1.486252033245455184e+00 1.364212501712263270e+00 -1.000000000000000056e-01
2.600000000000000000e+01 1.487614804264827395e+00 1.364825206891136178e+00 -1.000000000000000056e-01
2.601000000000000156e+01 1.489021078703817169e+00 1.365434456014026576e+00 -1.000000000000000056e-01
2.601999999999999957e+01 1.490470692050835710e+00 1.366040159692118561e+00 -1.000000000000000056e-01
2.603000000000000114e+01 1.491963473663907358e+00 1.366642231227606974e+00 -1.000000000000000056e-01
2.603999999999999915e+01 1.493499246796137880e+00 1.367240586635295907e+00 -1.000000000000000056e-01
2.605000000000000071e+01 1.495077828622603633e+00 1.367835144663614111e+00 -1.000000000000000056e-01
2.606000000000000227e+01 1.496699030266979147e+00 1.368425826813900681e+00 -1.000000000000000056e-01
2.607000000000000028e+01 1.498362656828795103e+00 1.369012557357067505e+00 -1.000000000000000056e-01
2.608000000000000185e+01 1.500068507411912222e+00 1.369595263350030345e+00 -1.000000000000000056e-01
2.608999999999999986e+01 1.501816375152892347e+00 1.370173874648927592e+00 -1.000000000000000056e-01
2.610000000000000142e+01 1.503606047250096722e+00 1.370748323921864964e+00 -1.000000000000000056e-01
2.610999999999999943e+01 1.505437304993510583e+00 1.371318546659639814e+00 -1.000000000000000056e-01
2.612000000000000099e+01 1.507309923794695639e+00 1.371884481183255788e+00 -1.000000000000000056e-01
2.612999999999999901e+01 1.509223673217491513e+00 1.372446068653446760e+00 -1.000000000000000056e-01
2.614000000000000057e+01 1.511178317009326921e+00 1.373003253073127095e+00 -1.000000000000000056e-01
2.615000000000000213e+01 1.513173613132309692e+00 1.373555981293734796e+00 -1.000000000000000056e-01
2.616000000000000014e+01 1.515209313795561341e+00 1.374104203015327208e+00 -1.000000000000000056e-01
2.617000000000000171e+01 1.517285165487382681e+00 1.374647870787346182e+00 -1.000000000000000056e-01
2.617999999999999972e+01 1.519400909008069123e+00 1.375186940007522729e+00 -1.000000000000000056e-01
2.619000000000000128e+01 1.521556279502527476e+00 1.375721368917907750e+00 -1.000000000000000056e-01
2.619999999999999929e+01 1.523751006494736382e+00 1.376251118600267720e+00 -1.000000000000000056e-01
2.621000000000000085e+01 1.525984813919927019e+00 1.376776152969068301e+00 -1.000000000000000056e-01
2.621999999999999886e+01 1.528257420160159086e+00 1.377296438763820685e+00 -1.000000000000000056e-01
2.623000000000000043e+01 1.530568538077379914e+00 1.377811945537466665e+00 -1.000000000000000056e-01
2.624000000000000199e+01 1.532917875048805056e+00 1.378322645646497424e+00 -1.000000000000000056e-01
2.625000000000000000e+01 1.535305133001277467e+00 1.378828514235508340e+00 -1.000000000000000056e-01
2.626000000000000156e+01 1.537730008446776209e+00 1.379329529223566775e+00 -1.000000000000000056e-01
2.626999999999999957e+01 1.540192192517376713e+00 1.379825671286419420e+00 -1.000000000000000056e-01
2.628000000000000114e+01 1.542691371001302381e+00 1.380316923838849963e+00 -1.000000000000000056e-01
2.628999999999999915e+01 1.545227224378723063e+00 1.380803273013655685e+00 -1.000000000000000056e-01
2.630000000000000071e+01 1.547799427857930343e+00 1.381284707641524445e+00 -1.000000000000000056e-01
2.631000000000000227e+01 1.550407651411675136e+00 1.381761219226176562e+00 -1.000000000000000056e-01
2.632000000000000028e+01 1.553051559814704330e+00 1.382232801921443377e+00 -1.000000000000000056e-01
2.633000000000000185e+01 1.555730812680337749e+00 1.382699452503890036e+00 -1.000000000000000056e-01
2.633999999999999986e+01 1.558445064498226174e+00 1.383161170346311586e+00 -1.000000000000000056e-01
2.635000000000000142e+01 1.561193964672431100e+00 1.383617957388065145e+00 -1.000000000000000056e-01
2.635999999999999943e+01 1.563977157560267450e+00 1.384069818105630123e+00 -1.000000000000000056e-01
2.637000000000000099e+01 1.566794282510506120e+00 1.384516759480400205e+00 -1.000000000000000056e-01
2.637999999999999901e+01 1.569644973903969509e+00 1.384958790966358100e+00 -1.000000000000000056e-01
2.639000000000000057e+01 1.572528861192688865e+00 1.385395924456157779e+00 -1.000000000000000056e-01
2.640000000000000213e+01 1.575445568942144936e+00 1.385828174244902122e+00 -1.000000000000000056e-01
2.641000000000000014e+01 1.578394716871331926e+00 1.386255556994348215e+00 -1.000000000000000056e-01
2.642000000000000171e+01 1.581375919896985893e+00 1.386678091694300008e+00 -1.000000000000000056e-01
2.642999999999999972e+01 1.584388788175326024e+00 1.387095799622581005e+00 -1.000000000000000056e-01
2.644000000000000128e+01 1.587432927147269357e+00 1.387508704304175389e+00 -1.000000000000000056e-01
2.644999999999999929e+01 1.590507937582647413e+00 1.387916831466486700e+00 -1.000000000000000056e-01
2.646000000000000085e+01 1.593613415625710683e+00 1.388320208994950455e+00 -1.000000000000000056e-01
2.646999999999999886e+01 1.596748952841069435e+00 1.388718866882028058e+00 -1.000000000000000056e-01
2.648000000000000043e+01 1.599914136259173336e+00 1.389112837178346105e+00 -1.000000000000000056e-01
2.649000000000000199e+01 1.603108548421906976e+00 1.389502153935369577e+00 -1.000000000000000056e-01
2.650000000000000000e+01 1.606331767427146895e+00 1.389886853148855517e+00 -1.000000000000000056e-01
2.651000000000000156e+01 1.609583366972438645e+00 1.390266972696896586e+00 -1.000000000000000056e-01
2.651999999999999957e+01 1.612862916396233803e+00 1.390642552275691113e+00 -1.000000000000000056e-01
2.653000000000000114e+01 1.616169980718979549e+00 1.391013633334533095e+00 -1.000000000000000056e-01
2.653999999999999915e+01 1.619504120680735904e+00 1.391380259006931963e+00 -1.000000000000000056e-01
2.655000000000000071e+01 1.622864892779313672e+00 1.391742474044671107e+00 -1.000000000000000056e-01
2.656000000000000227e+01 1.626251849306734609e+00 1.392100324751470719e+00 -1.000000000000000056e-01
2.657000000000000028e+01 1.629664538386409900e+00 1.392453858917573672e+00 -1.000000000000000056e-01
2.658000000000000185e+01 1.633102504012636569e+00 1.392803125759126237e+00 -1.000000000000000056e-01
2.658999999999999986e+01 1.636565286091407279e+00 1.393148175858100579e+00 -1.000000000000000056e-01
2.660000000000000142e+01 1.640052420484751750e+00 1.393489061105224636e+00 -1.000000000000000056e-01
2.660999999999999943e+01 1.643563439059465114e+00 1.393825834645443518e+00 -1.000000000000000056e-01
2.662000000000000099e+01 1.647097869737752518e+00 1.394158550821467113e+00 -1.000000000000000056e-01
2.662999999999999901e+01 1.650655236552185157e+00 1.394487265121970188e+00 -1.000000000000000056e-01
2.664000000000000057e+01 1.654235059703125454e+00 1.394812034123498190e+00 -1.000000000000000056e-01
2.665000000000000213e+01 1.657836855616822591e+00 1.395132915436657850e+00 -1.000000000000000056e-01
2.666000000000000014e+01 1.661460137006277149e+00 1.395449967646443579e+00 -1.000000000000000056e-01
2.667000000000000171e+01 1.665104412931625477e+00 1.395763250253669430e+00 -1.000000000000000056e-01
2.667999999999999972e+01 1.668769188860864894e+00 1.396072823612959368e+00 -1.000000000000000056e-01
2.669000000000000128e+01 1.672453966731364483e+00 1.396378748870862774e+00 -1.000000000000000056e-01
2.669999999999999929e+01 1.676158245009689018e+00 1.396681087900430773e+00 -1.000000000000000056e-01
2.671000000000000085e+01 1.679881518753284730e+00 1.396979903237009379e+00 -1.000000000000000056e-01
2.671999999999999886e+01 1.683623279670192430e+00 1.397275258010708177e+00 -1.000000000000000056e-01
2.673000000000000043e+01 1.687383016180129536e+00 1.397567215880085367e+00 -1.000000000000000056e-01
2.674000000000000199e+01 1.691160213475552343e+00 1.397855840963887708e+00 -1.000000000000000056e-01
2.675000000000000000e+01 1.694954353582276418e+00 1.398141197772817979e+00 -1.000000000000000056e-01
2.676000000000000156e+01 1.698764915422039223e+00 1.398423351141270032e+00 -1.000000000000000056e-01
2.676999999999999957e+01 1.702591374874498520e+00 1.398702366158582011e+00 -1.000000000000000056e-01
2.678000000000000114e+01 1.706433204839840068e+00 1.398978308100028434e+00 -1.000000000000000056e-01
2.678999999999999915e+01 1.710289875304539020e+00 1.399251242358557468e+00 -1.000000000000000056e-01
2.680000000000000071e+01 1.714160853404082641e+00 1.399521234375820100e+00 -1.000000000000000056e-01
2.681000000000000227e+01 1.718045603490262030e+00 1.399788349573981572e+00 -1.000000000000000056e-01
2.682000000000000028e+01 1.721943587197948045e+00 1.400052653287269910e+00 -1.000000000000000056e-01
2.683000000000000185e+01 1.725854263512361930e+00 1.400314210694341144e+00 -1.000000000000000056e-01
2.683999999999999986e+01 1.729777088838718502e+00 1.400573086750303009e+00 -1.000000000000000056e-01
2.685000000000000142e+01 1.733711517072225927e+00 1.400829346120106678e+00 -1.000000000000000056e-01
2.685999999999999943e+01 1.737656999668818703e+00 1.401083053110944832e+00 -1.000000000000000056e-01
2.687000000000000099e+01 1.741612985718092421e+00 1.401334271606668791e+00 -1.000000000000000056e-01
2.687999999999999901e+01 1.745578922016249868e+00 1.401583065001267503e+00 -1.000000000000000056e-01
2.689000000000000057e+01 1.749554253140642945e+00 1.401829496134545661e+00 -1.000000000000000056e-01
2.690000000000000213e+01 1.753538421525391300e+00 1.402073627226152475e+00 -1.000000000000000056e-01
2.691000000000000014e+01 1.757530867538078301e+00 1.402315519812930233e+00 -1.000000000000000056e-01
2.692000000000000171e+01 1.761531029557241501e+00 1.402555234684297991e+00 -1.000000000000000056e-01
2.692999999999999972e+01 1.765538344051387210e+00 1.402792831820415032e+00 -1.000000000000000056e-01
2.694000000000000128e+01 1.769552245658582601e+00 1.403028370329902907e+00 -1.000000000000000056e-01
2.694999999999999929e+01 1.773572167267376765e+00 1.403261908389139334e+00 -1.000000000000000056e-01
2.696000000000000085e+01 1.777597540098706297e+00 1.403493503181336477e+00 -1.000000000000000056e-01
2.696999999999999886e+01 1.781627793788692848e+00 1.403723210837628299e+00 -1.000000000000000056e-01
2.698000000000000043e+01 1.785662356472589751e+00 1.403951086378734781e+00 -1.000000000000000056e-01
2.699000000000000199e+01 1.789700654869577745e+00 1.404177183656856842e+00 -1.000000000000000056e-01
2.700000000000000000e+01 1.793742114368650276e+00 1.404401555300061499e+00 -1.000000000000000056e-01
2.701000000000000156e+01 1.797786159115388305e+00 1.404624252655582328e+00 -1.000000000000000056e-01
2.701999999999999957e+01 1.801832212099812702e+00 1.404845325736713280e+00 -1.000000000000000056e-01
2.703000000000000114e+01 1.805879695244861027e+00 1.405064823168495014e+00 -1.000000000000000056e-01
2.703999999999999915e+01 1.809928029496345125e+00 1.405282792135897241e+00 -1.000000000000000056e-01
2.705000000000000071e+01 1.813976634913062824e+00 1.405499278333306679e+00 -1.000000000000000056e-01
2.706000000000000227e+01 1.818024930758501467e+00 1.405714325913511642e+00 -1.000000000000000056e-01
2.707000000000000028e+01 1.822072335593264425e+00 1.405927977440895482e+00 -1.000000000000000056e-01
2.708000000000000185e+01 1.826118267367629500e+00 1.406140273842259925e+00 -1.000000000000000056e-01
2.708999999999999986e+01 1.830162143516322004e+00 1.406351254362771863e+00 -1.000000000000000056e-01
2.710000000000000142e+01 1.834203381052733839e+00 1.406560956520154670e+00 -1.000000000000000056e-01
2.710999999999999943e+01 1.838241396664941574e+00 1.406769416061624423e+00 -1.000000000000000056e-01
2.712000000000000099e+01 1.842275606811990318e+00 1.406976666923060337e+00 -1.000000000000000056e-01
2.712999999999999901e+01 1.846305427821208767e+00 1.407182741187790853e+00 -1.000000000000000056e-01
2.714000000000000057e+01 1.850330275986115325e+00 1.407387669048121959e+00 -1.000000000000000056e-01
2.715000000000000213e+01 1.854349567665430909e+00 1.407591478768327908e+00 -1.000000000000000056e-01
2.716000000000000014e+01 1.858362719381961181e+00 1.407794196648701091e+00 -1.000000000000000056e-01
2.717000000000000171e+01 1.862369147923987445e+00 1.407995846991804800e+00 -1.000000000000000056e-01
2.717999999999999972e+01 1.866368270444634270e+00 1.408196452069552018e+00 -1.000000000000000056e-01
2.719000000000000128e+01 1.870359504565008768e+00 1.408396032093008454e+00 -1.000000000000000056e-01
2.719999999999999929e+01 1.874342268475276407e+00 1.408594605182615700e+00 -1.000000000000000056e-01
2.721000000000000085e+01 1.878315981038173543e+00 1.408792187341761037e+00 -1.000000000000000056e-01
2.721999999999999886e+01 1.882280061892546374e+00 1.408988792429533454e+00 -1.000000000000000056e-01
2.723000000000000043e+01 1.886233931556938304e+00 1.409184432138463006e+00 -1.000000000000000056e-01
2.724000000000000199e+01 1.890177011534722507e+00 1.409379115971153063e+00 -1.000000000000000056e-01
2.725000000000000000e+01 1.894108724418875900e+00 1.409572851220036727e+00 -1.000000000000000056e-01
2.726000000000000156e+01 1.898028493997575561e+00 1.409765642948985542e+00 -1.000000000000000056e-01
2.726999999999999957e+01 1.901935745360547880e+00 1.409957493975985354e+00 -1.000000000000000056e-01
2.728000000000000114e+01 1.905829905004691183e+00 1.410148404858417859e+00 -1.000000000000000056e-01
2.728999999999999915e+01 1.909710400941629027e+00 1.410338373878785800e+00 -1.000000000000000056e-01
2.730000000000000071e+01 1.913576662804074457e+00 1.410527397034573971e+00 -1.000000000000000056e-01
2.731000000000000227e+01 1.917428121953223874e+00 1.410715468026900066e+00 -1.000000000000000056e-01
2.732000000000000028e+01 1.921264211586163340e+00 1.410902578253434125e+00 -1.000000000000000056e-01
2.733000000000000185e+01 1.925084366843864636e+00 1.411088716802043175e+00 -1.000000000000000056e-01
2.733999999999999986e+01 1.928888024917886135e+00 1.411273870445938217e+00 -1.000000000000000056e-01
2.735000000000000142e+01 1.932674625158970816e+00 1.411458023641285253e+00 -1.000000000000000056e-01
2.735999999999999943e+01 1.936443609184740122e+00 1.411641158526482309e+00 -1.000000000000000056e-01
2.737000000000000099e+01 1.940194420986849799e+00 1.411823254922511595e+00 -1.000000000000000056e-01
2.737999999999999901e+01 1.943926507039500873e+00 1.412004290336093870e+00 -1.000000000000000056e-01
2.739000000000000057e+01 1.947639316406097665e+00 1.412184239963942822e+00 -1.000000000000000056e-01
2.740000000000000213e+01 1.951332300847786971e+00 1.412363076698891717e+00 -1.000000000000000056e-01
2.741000000000000014e+01 1.955004914929735493e+00 1.412540771137839490e+00 -1.000000000000000056e-01
2.742000000000000171e+01 1.958656616128911399e+00 1.412717291591934154e+00 -1.000000000000000056e-01
2.742999999999999972e+01 1.962286864940415043e+00 1.412892604097202298e+00 -1.000000000000000056e-01
2.744000000000000128e+01 1.965895124984404774e+00 1.413066672428873627e+00 -1.000000000000000056e-01
2.744999999999999929e+01 1.969480863111991331e+00 1.413239458115301828e+00 -1.000000000000000056e-01
2.746000000000000085e+01 1.973043549511133588e+00 1.413410920455621556e+00 -1.000000000000000056e-01
2.746999999999999886e+01 1.976582657811931654e+00 1.413581016537938773e+00 -1.000000000000000056e-01
2.748000000000000043e+01 1.980097665191930867e+00 1.413749701258958380e+00 -1.000000000000000056e-01
2.749000000000000199e+01 1.983588052479836605e+00 1.413916927347127483e+00 -1.000000000000000056e-01
2.750000000000000000e+01 1.987053304260255615e+00 1.414082645385204673e+00 -1.000000000000000056e-01
2.751000000000000156e+01 1.990492908976164710e+00 1.414246803836381794e+00 -1.000000000000000056e-01
2.751999999999999957e+01 1.993906359031843767e+00 1.414409349070653521e+00 -1.000000000000000056e-01
2.753000000000000114e+01 1.997293150895343539e+00 1.414570225394514269e+00 -1.000000000000000056e-01
2.753999999999999915e+01 2.000652785198362427e+00 1.414729375080274965e+00 -1.000000000000000056e-01
2.755000000000000071e+01 2.003984766837829223e+00 1.414886738398723365e+00 -1.000000000000000056e-01
2.756000000000000227e+01 2.007288605074765808e+00 1.415042253653054916e+00 -1.000000000000000056e-01
2.757000000000000028e+01 2.010563813632825880e+00 1.415195857212921071e+00 -1.000000000000000056e-01
2.758000000000000185e+01 2.013809910795610669e+00 1.415347483552605645e+00 -1.000000000000000056e-01
2.758999999999999986e+01 2.017026419503456403e+00 1.415497065288285450e+00 -1.000000000000000056e-01
2.760000000000000142e+01 2.020212867447644278e+00 1.415644533217980117e+00 -1.000000000000000056e-01
2.760999999999999943e+01 2.023368787165158444e+00 1.415789816362829745e+00 -1.000000000000000056e-01
2.762000000000000099e+01 2.026493716130170153e+00 1.415932842009470338e+00 -1.000000000000000056e-01
2.762999999999999901e+01 2.029587196845067609e+00 1.416073535753724189e+00 -1.000000000000000056e-01
2.764000000000000057e+01 2.032648776930083834e+00 1.416211821545597216e+00 -1.000000000000000056e-01
2.765000000000000213e+01 2.035678009209779482e+00 1.416347621736008255e+00 -1.000000000000000056e-01
2.766000000000000014e+01 2.038674451800014609e+00 1.416480857123538328e+00 -1.000000000000000056e-01
2.767000000000000171e+01 2.041637668190215749e+00 1.416611447003603752e+00 -1.000000000000000056e-01
2.767999999999999972e+01 2.044567227327049874e+00 1.416739309218071563e+00 -1.000000000000000056e-01
2.769000000000000128e+01 2.047462703693104569e+00 1.416864360206009366e+00 -1.000000000000000056e-01
2.769999999999999929e+01 2.050323677386288068e+00 1.416986515056031459e+00 -1.000000000000000056e-01
2.771000000000000085e+01 2.053149734195204967e+00 1.417105687559035099e+00 -1.000000000000000056e-01
2.771999999999999886e+01 2.055940465674959139e+00 1.417221790262754633e+00 -1.000000000000000056e-01
2.773000000000000043e+01 2.058695469219154806e+00 1.417334734527130768e+00 -1.000000000000000056e-01
2.774000000000000199e+01 2.061414348131627605e+00 1.417444430580446557e+00 -1.000000000000000056e-01
2.775000000000000000e+01 2.064096711696724817e+00 1.417550787577082527e+00 -1.000000000000000056e-01
2.776000000000000156e+01 2.066742175246259361e+00 1.417653713656002568e+00 -1.000000000000000056e-01
2.776999999999999957e+01 2.069350360227729890e+00 1.417753115999777158e+00 -1.000000000000000056e-01
2.778000000000000114e+01 2.071920894268215019e+00 1.417848900895939401e+00 -1.000000000000000056e-01
2.778999999999999915e+01 2.074453411239384870e+00 1.417940973796641080e+00 -1.000000000000000056e-01
2.780000000000000071e+01 2.076947551318631735e+00 1.418029239382323503e+00 -1.000000000000000056e-01
2.781000000000000227e+01 2.079402961050427656e+00 1.418113601623109288e+00 -1.000000000000000056e-01
2.782000000000000028e+01 2.081819293405497540e+00 1.418193963843117134e+00 -1.000000000000000056e-01
2.783000000000000185e+01 2.084196207837303749e+00 1.418270228783399478e+00 -1.000000000000000056e-01
2.783999999999999986e+01 2.086533370339175075e+00 1.418342298667793155e+00 -1.000000000000000056e-01
2.785000000000000142e+01 2.088830453496454798e+00 1.418410075266726800e+00 -1.000000000000000056e-01
2.785999999999999943e+01 2.091087136539897529e+00 1.418473459963542460e+00 -1.000000000000000056e-01
2.787000000000000099e+01 2.093303105394495489e+00 1.418532353819994096e+00 -1.000000000000000056e-01
2.787999999999999901e+01 2.095478052728855900e+00 1.418586657642826099e+00 -1.000000000000000056e-01
2.789000000000000057e+01 2.097611677999178692e+00 1.418636272050504354e+00 -1.000000000000000056e-01
2.790000000000000213e+01 2.099703687495362736e+00 1.418681097539575608e+00 -1.000000000000000056e-01
2.791000000000000014e+01 2.101753794380893048e+00 1.418721034553381610e+00 -1.000000000000000056e-01
2.792000000000000171e+01 2.103761718733487829e+00 1.418755983547639543e+00 -1.000000000000000056e-01
2.792999999999999972e+01 2.105727187582118187e+00 1.418785845060026141e+00 -1.000000000000000056e-01
2.794000000000000128e+01 2.107649934942146697e+00 1.418810519777172763e+00 -1.000000000000000056e-01
2.794999999999999929e+01 2.109529701848611438e+00 1.418829908602267098e+00 -1.000000000000000056e-01
2.796000000000000085e+01 2.111366236386771789e+00 1.418843912724724987e+00 -1.000000000000000056e-01
2.796999999999999886e+01 2.113159293720830334e+00 1.418852433686817349e+00 -1.000000000000000056e-01
2.798000000000000043e+01 2.114908636120012897e+00 1.418855373452636570e+00 -1.000000000000000056e-01
2.799000000000000199e+01 2.116614032983095584e+00 1.418852634477057117e+00 -1.000000000000000056e-01
2.800000000000000000e+01 2.118275260859930231e+00 1.418844119771678347e+00 -1.000000000000000056e-01
2.801000000000000156e+01 2.119892103471439082e+00 1.418829732976198965e+00 -1.000000000000000056e-01
2.801999999999999957e+01 2.121464351726590536e+00 1.418809378423055545e+00 -1.000000000000000056e-01
2.803000000000000114e+01 2.122991803738278893e+00 1.418782961207756488e+00 -1.000000000000000056e-01
2.803999999999999915e+01 2.124474264835700676e+00 1.418750387255300005e+00 -1.000000000000000056e-01
2.805000000000000071e+01 2.125911547575753069e+00 1.418711563387796470e+00 -1.000000000000000056e-01
2.806000000000000227e+01 2.127303471751114561e+00 1.418666397391816769e+00 -1.000000000000000056e-01
2.807000000000000028e+01 2.128649864397317515e+00 1.418614798084969486e+00 -1.000000000000000056e-01
2.808000000000000185e+01 2.129950559796443432e+00 1.418556675382835142e+00 -1.000000000000000056e-01
2.808999999999999986e+01 2.131205399479801699e+00 1.418491940364595916e+00 -1.000000000000000056e-01
2.810000000000000142e+01 2.132414232227857642e+00 1.418420505339051729e+00 -1.000000000000000056e-01
2.810999999999999943e+01 2.133576914067819352e+00 1.418342283910363877e+00 -1.000000000000000056e-01
2.812000000000000099e+01 2.134693308270348311e+00 1.418257191041882859e+00 -1.000000000000000056e-01
2.812999999999999901e+01 2.135763285342837214e+00 1.418165143121652427e+00 -1.000000000000000056e-01
2.814000000000000057e+01 2.136786723021552259e+00 1.418066058025191367e+00 -1.000000000000000056e-01
2.815000000000000213e+01 2.137763506261682434e+00 1.417959855179537154e+00 -1.000000000000000056e-01
2.816000000000000014e+01 2.138693527225365543e+00 1.417846455625341839e+00 -1.000000000000000056e-01
2.817000000000000171e+01 2.139576685267756240e+00 1.417725782079190644e+00 -1.000000000000000056e-01
2.817999999999999972e+01 2.140412886921344349e+00 1.417597758994593615e+00 -1.000000000000000056e-01
2.819000000000000128e+01 2.141202045878501714e+00 1.417462312622615128e+00 -1.000000000000000056e-01
2.819999999999999929e+01 2.141944082971871666e+00 1.417319371072288670e+00 -1.000000000000000056e-01
2.821000000000000085e+01 2.142638926153420442e+00 1.417168864368209658e+00 -1.000000000000000056e-01
2.821999999999999886e+01 2.143286510471029249e+00 1.417010724510907149e+00 -1.000000000000000056e-01
2.823000000000000043e+01 2.143886778044385988e+00 1.416844885531631126e+00 -1.000000000000000056e-01
2.824000000000000199e+01 2.144439678037547203e+00 1.416671283551188099e+00 -1.000000000000000056e-01
2.825000000000000000e+01 2.144945166631391231e+00 1.416489856833760719e+00 -1.000000000000000056e-01
2.826000000000000156e+01 2.145403206993086620e+00 1.416300545842289038e+00 -1.000000000000000056e-01
2.826999999999999957e+01 2.145813769244521385e+00 1.416103293291948617e+00 -1.000000000000000056e-01
2.828000000000000114e+01 2.146176830429138427e+00 1.415898044201981731e+00 -1.000000000000000056e-01
2.828999999999999915e+01 2.146492374476027809e+00 1.415684745948619705e+00 -1.000000000000000056e-01
2.830000000000000071e+01 2.146760392164568376e+00 1.415463348313660275e+00 -1.000000000000000056e-01
2.831000000000000227e+01 2.146980881084731507e+00 1.415233803535644874e+00 -1.000000000000000056e-01
2.832000000000000028e+01 2.147153845598765098e+00 1.414996066356181581e+00 -1.000000000000000056e-01
2.833000000000000185e+01 2.147279296799066817e+00 1.414750094068563557e+00 -1.000000000000000056e-01
2.833999999999999986e+01 2.147357252466246536e+00 1.414495846562455528e+00 -1.000000000000000056e-01
2.835000000000000142e+01 2.147387737025076682e+00 1.414233286369345421e+00 -1.000000000000000056e-01
2.835999999999999943e+01 2.147370781499669867e+00 1.413962378705396317e+00 -1.000000000000000056e-01
2.837000000000000099e+01 2.147306423467361558e+00 1.413683091514035928e+00 -1.000000000000000056e-01
2.837999999999999901e+01 2.147194707011043313e+00 1.413395395506756413e+00 -1.000000000000000056e-01
2.839000000000000057e+01 2.147035682671749601e+00 1.413099264202703154e+00 -1.000000000000000056e-01
2.840000000000000213e+01 2.146829407398270551e+00 1.412794673967559644e+00 -1.000000000000000056e-01
2.841000000000000014e+01 2.146575944498252397e+00 1.412481604049851125e+00 -1.000000000000000056e-01
2.842000000000000171e+01 2.146275363586431784e+00 1.412160036617351455e+00 -1.000000000000000056e-01
2.842999999999999972e+01 2.145927740532671102e+00 1.411829956791488705e+00 -1.000000000000000056e-01
2.844000000000000128e+01 2.145533157410370872e+00 1.411491352680074751e+00 -1.000000000000000056e-01
2.844999999999999929e+01 2.145091702442028847e+00 1.411144215409043223e+00 -1.000000000000000056e-01
2.846000000000000085e+01 2.144603469946267271e+00 1.410788539153215781e+00 -1.000000000000000056e-01
2.846999999999999886e+01 2.144068560282209379e+00 1.410424321164654105e+00 -1.000000000000000056e-01
2.848000000000000043e+01 2.143487079795495465e+00 1.410051561800772513e+00 -1.000000000000000056e-01
2.849000000000000199e+01 2.142859140761485648e+00 1.409670264549159002e+00 -1.000000000000000056e-01
2.850000000000000000e+01 2.142184861329660794e+00 1.409280436054468622e+00 -1.000000000000000056e-01
2.851000000000000156e+01 2.141464365466636544e+00 1.408882086138572021e+00 -1.000000000000000056e-01
2.851999999999999957e+01 2.140697782899640078e+00 1.408475227825326748e+00 -1.000000000000000056e-01
2.853000000000000114e+01 2.139885249058512073e+00 1.408059877358411205e+00 -1.000000000000000056e-01
2.853999999999999915e+01 2.139026905018769131e+00 1.407636054221732103e+00 -1.000000000000000056e-01
2.855000000000000071e+01 2.138122897443579973e+00 1.407203781155928590e+00 -1.000000000000000056e-01
2.856000000000000227e+01 2.137173378526056489e+00 1.406763084174139422e+00 -1.000000000000000056e-01
2.857000000000000028e+01 2.136178505931536797e+00 1.406313992577299166e+00 -1.000000000000000056e-01
2.858000000000000185e+01 2.135138442739398901e+00 1.405856538965685409e+00 -1.000000000000000056e-01
2.858999999999999986e+01 2.134053357386124894e+00 1.405390759251391231e+00 -1.000000000000000056e-01
2.860000000000000142e+01 2.132923423606770452e+00 1.404916692667822264e+00 -1.000000000000000056e-01
2.860999999999999943e+01 2.131748820378836395e+00 1.404434381777899477e+00 -1.000000000000000056e-01
2.862000000000000099e+01 2.130529731863750165e+00 1.403943872481275168e+00 -1.000000000000000056e-01
2.862999999999999901e+01 2.129266347351762789e+00 1.403445214019704013e+00 -1.000000000000000056e-01
2.864000000000000057e+01 2.127958861203604446e+00 1.402938458980805381e+00 -1.000000000000000056e-01
2.865000000000000213e+01 2.126607472795968956e+00 1.402423663300304213e+00 -1.000000000000000056e-01
2.866000000000000014e+01 2.125212386464438996e+00 1.401900886263424573e+00 -1.000000000000000056e-01
2.867000000000000171e+01 2.123773811448750770e+00 1.401370190503370416e+00 -1.000000000000000056e-01
2.867999999999999972e+01 2.122291961837474261e+00 1.400831641999853883e+00 -1.000000000000000056e-01
2.869000000000000128e+01 2.120767056512857796e+00 1.400285310075117806e+00 -1.000000000000000056e-01
2.869999999999999929e+01 2.119199319097206047e+00 1.399731267388318656e+00 -1.000000000000000056e-01
2.871000000000000085e+01 2.117588977898407165e+00 1.399169589928929591e+00 -1.000000000000000056e-01
2.871999999999999886e+01 2.115936265856382725e+00 1.398600357008659589e+00 -1.000000000000000056e-01
2.873000000000000043e+01 2.114241420490319712e+00 1.398023651250714705e+00 -1.000000000000000056e-01
2.874000000000000199e+01 2.112504683845550790e+00 1.397439558578972507e+00 -1.000000000000000056e-01
2.875000000000000000e+01 2.110726302441791269e+00 1.396848168204897878e+00 -1.000000000000000056e-01
2.876000000000000156e+01 2.108906527220883564e+00 1.396249572612118683e+00 -1.000000000000000056e-01
2.876999999999999957e+01 2.107045613496517422e+00 1.395643867541568772e+00 -1.000000000000000056e-01
2.878000000000000114e+01 2.105143820902520613e+00 1.395031151972511596e+00 -1.000000000000000056e-01
2.878999999999999915e+01 2.103201413343729786e+00 1.394411528104225306e+00 -1.000000000000000056e-01
2.880000000000000071e+01 2.101218658946524709e+00 1.393785101334619192e+00 -1.000000000000000056e-01
2.881000000000000227e+01 2.099195830009317643e+00 1.393151980238342968e+00 -1.000000000000000056e-01
2.882000000000000028e+01 2.097133202955975939e+00 1.392512276542751559e+00 -1.000000000000000056e-01
2.883000000000000185e+01 2.095031058287115222e+00 1.391866105102381068e+00 -1.000000000000000056e-01
2.883999999999999986e+01 2.092889680534860908e+00 1.391213583872705328e+00 -1.000000000000000056e-01
2.885000000000000142e+01 2.090709358216243263e+00 1.390554833881127106e+00 -1.000000000000000056e-01
2.885999999999999943e+01 2.088490383789174398e+00 1.389889979197514780e+00 -1.000000000000000056e-01
2.887000000000000099e+01 2.086233053607746246e+00 1.389219146902911817e+00 -1.000000000000000056e-01
2.887999999999999901e+01 2.083937667879894207e+00 1.388542467056535168e+00 -1.000000000000000056e-01
2.889000000000000057e+01 2.081604530624850291e+00 1.387860072661915911e+00 -1.000000000000000056e-01
2.890000000000000213e+01 2.079233949631932976e+00 1.387172099630862965e+00 -1.000000000000000056e-01
2.891000000000000014e+01 2.076826236420520111e+00 1.386478686746428268e+00 -1.000000000000000056e-01
2.892000000000000171e+01 2.074381706200607578e+00 1.385779975624688465e+00 -1.000000000000000056e-01
2.892999999999999972e+01 2.071900677834612292e+00 1.385076110674609007e+00 -1.000000000000000056e-01
2.894000000000000128e+01 2.069383473800020301e+00 1.384367239056028875e+00 -1.000000000000000056e-01
2.894999999999999929e+01 2.066830420152396819e+00 1.383653510638481743e+00 -1.000000000000000056e-01
2.896000000000000085e+01 2.064241846491508880e+00 1.382935077955392833e+00 -1.000000000000000056e-01
2.896999999999999886e+01 2.061618085924607602e+00 1.382212096159812997e+00 -1.000000000000000056e-01
2.898000000000000043e+01 2.058959475034810360e+00 1.381484722977169177e+00 -1.000000000000000056e-01
2.899000000000000199e+01 2.056266353847182149e+00 1.380753118657079614e+00 -1.000000000000000056e-01
2.900000000000000000e+01 2.053539065796911256e+00 1.380017445924213604e+00 -1.000000000000000056e-01
2.901000000000000156e+01 2.050777957698686649e+00 1.379277869928113853e+00 -1.000000000000000056e-01
2.901999999999999957e+01 2.047983379715680563e+00 1.378534558190049220e+00 -1.000000000000000056e-01
2.903000000000000114e+01 2.045155685329832718e+00 1.377787680551981309e+00 -1.000000000000000056e-01
2.903999999999999915e+01 2.042295231313167037e+00 1.377037409120739797e+00 -1.000000000000000056e-01
2.905000000000000071e+01 2.039402377698566138e+00 1.376283918214149082e+00 -1.000000000000000056e-01
2.906000000000000227e+01 2.036477487751983784e+00 1.375527384304318090e+00 -1.000000000000000056e-01
2.907000000000000028e+01 2.033520927944989953e+00 1.374767985960474892e+00 -1.000000000000000056e-01
2.908000000000000185e+01 2.030533067927216440e+00 1.374005903791845951e+00 -1.000000000000000056e-01
2.908999999999999986e+01 2.027514280499967292e+00 1.373241320387604159e+00 -1.000000000000000056e-01
2.910000000000000142e+01 2.024464941589923406e+00 1.372474420258132932e+00 -1.000000000000000056e-01
2.910999999999999943e+01 2.021385430223386681e+00 1.371705389774409811e+00 -1.000000000000000056e-01
2.912000000000000099e+01 2.018276128501125033e+00 1.370934417106213887e+00 -1.000000000000000056e-01
2.912999999999999901e+01 2.015137421573911070e+00 1.370161692160067668e+00 -1.000000000000000056e-01
2.914000000000000057e+01 2.011969697619004460e+00 1.369387406516447303e+00 -1.000000000000000056e-01
2.915000000000000213e+01 2.008773347817325750e+00 1.368611753364384231e+00 -1.000000000000000056e-01
2.916000000000000014e+01 2.005548766331898047e+00 1.367834927436659020e+00 -1.000000000000000056e-01
2.917000000000000171e+01 2.002296350287523730e+00 1.367057124942068880e+00 -1.000000000000000056e-01
2.917999999999999972e+01 1.999016499751601561e+00 1.366278543496806108e+00 -1.000000000000000056e-01
2.919000000000000128e+01 1.995709617716323825e+00 1.365499382053824595e+00 -1.000000000000000056e-01
2.919999999999999929e+01 1.992376110082095364e+00 1.364719840831348563e+00 -1.000000000000000056e-01
2.921000000000000085e+01 1.989016385641726670e+00 1.363940121237535275e+00 -1.000000000000000056e-01
2.921999999999999886e+01 1.985630856065762062e+00 1.363160425796655417e+00 -1.000000000000000056e-01
2.923000000000000043e+01 1.982219935887949980e+00 1.362380958071196524e+00 -1.000000000000000056e-01
2.924000000000000199e+01 1.978784042490677075e+00 1.361601922584614766e+00 -1.000000000000000056e-01
2.925000000000000000e+01 1.975323596089995748e+00 1.360823524742853952e+00 -1.000000000000000056e-01
2.926000000000000156e+01 1.971839019721042918e+00 1.360045970755071165e+00 -1.000000000000000056e-01
2.926999999999999957e+01 1.968330739220672143e+00 1.359269467555041189e+00 -1.000000000000000056e-01
2.928000000000000114e+01 1.964799183211462852e+00 1.358494222721327915e+00 -1.000000000000000056e-01
2.928999999999999915e+01 1.961244783083478493e+00 1.357720444398711201e+00 -1.000000000000000056e-01
2.930000000000000071e+01 1.957667972975026149e+00 1.356948341218450427e+00 -1.000000000000000056e-01
2.931000000000000227e+01 1.954069189754240377e+00 1.356178122219742432e+00 -1.000000000000000056e-01
2.932000000000000028e+01 1.950448872998615801e+00 1.355409996769860514e+00 -1.000000000000000056e-01
2.933000000000000185e+01 1.946807464974998458e+00 1.354644174485721608e+00 -1.000000000000000056e-01
2.933999999999999986e+01 1.943145410619476987e+00 1.353880865153429092e+00 -1.000000000000000056e-01
2.935000000000000142e+01 1.939463157516762459e+00 1.353120278648981989e+00 -1.000000000000000056e-01
2.935999999999999943e+01 1.935761155879573980e+00 1.352362624858884033e+00 -1.000000000000000056e-01
2.937000000000000099e+01 1.932039858528615150e+00 1.351608113598619987e+00 -1.000000000000000056e-01
2.937999999999999901e+01 1.928299720871961442e+00 1.350856954533059096e+00 -1.000000000000000056e-01
2.939000000000000057e+01 1.924541200884100522e+00 1.350109357095267582e+00 -1.000000000000000056e-01
2.940000000000000213e+01 1.920764759086388551e+00 1.349365530405387981e+00 -1.000000000000000056e-01
2.941000000000000014e+01 1.916970858525447907e+00 1.348625683189308866e+00 -1.000000000000000056e-01
2.942000000000000171e+01 1.913159964753001541e+00 1.347890023697118744e+00 -1.000000000000000056e-01
2.942999999999999972e+01 1.909332545804561798e+00 1.347158759621749136e+00 -1.000000000000000056e-01
2.944000000000000128e+01 1.905489072178167653e+00 1.346432098016628442e+00 -1.000000000000000056e-01
2.944999999999999929e+01 1.901630016813011803e+00 1.345710245214158052e+00 -1.000000000000000056e-01
2.946000000000000085e+01 1.897755855066685760e+00 1.344993406744023234e+00 -1.000000000000000056e-01
2.946999999999999886e+01 1.893867064693594671e+00 1.344281787251042637e+00 -1.000000000000000056e-01
2.948000000000000043e+01 1.889964125820954521e+00 1.343575590413321086e+00 -1.000000000000000056e-01
2.949000000000000199e+01 1.886047520925893339e+00 1.342875018861065639e+00 -1.000000000000000056e-01
2.950000000000000000e+01 1.882117734810433873e+00 1.342180274094407322e+00 -1.000000000000000056e-01
2.951000000000000156e+01 1.878175254576903708e+00 1.341491556402919505e+00 -1.000000000000000056e-01
2.951999999999999957e+01 1.874220569602081055e+00 1.340809064783693438e+00 -1.000000000000000056e-01
2.953000000000000114e+01 1.870254171510279395e+00 1.340132996861046699e+00 -1.000000000000000056e-01
2.953999999999999915e+01 1.866276554145800626e+00 1.339463548806394178e+00 -1.000000000000000056e-01
2.955000000000000071e+01 1.862288213544977200e+00 1.338800915257126523e+00 -1.000000000000000056e-01
2.956000000000000227e+01 1.858289647905943198e+00 1.338145289238172664e+00 -1.000000000000000056e-01
2.957000000000000028e+01 1.854281357558901666e+00 1.337496862081947624e+00 -1.000000000000000056e-01
2.958000000000000185e+01 1.850263844933762281e+00 1.336855823350072914e+00 -1.000000000000000056e-01
2.958999999999999986e+01 1.846237614528406512e+00 1.336222360754805383e+00 -1.000000000000000056e-01
2.960000000000000142e+01 1.842203172874174788e+00 1.335596660081907805e+00 -1.000000000000000056e-01
2.960999999999999943e+01 1.838161028501185568e+00 1.334978905113204162e+00 -1.000000000000000056e-01
2.962000000000000099e+01 1.834111691902194918e+00 1.334369277550458088e+00 -1.000000000000000056e-01
2.962999999999999901e+01 1.830055675495399825e+00 1.333767956939945654e+00 -1.000000000000000056e-01
2.964000000000000057e+01 1.825993493585464256e+00 1.333175120596778562e+00 -1.000000000000000056e-01
2.965000000000000213e+01 1.821925662323925277e+00 1.332590943531783534e+00 -1.000000000000000056e-01
2.966000000000000014e+01 1.817852699668156102e+00 1.332015598377235266e+00 -1.000000000000000056e-01
2.967000000000000171e+01 1.813775125338906058e+00 1.331449255314870683e+00 -1.000000000000000056e-01
2.967999999999999972e+01 1.809693460776387264e+00 1.330892082004514476e+00 -1.000000000000000056e-01
2.969000000000000128e+01 1.805608229095931216e+00 1.330344243512489477e+00 -1.000000000000000056e-01
2.969999999999999929e+01 1.801519955040884469e+00 1.329805902242950033e+00 -1.000000000000000056e-01
2.971000000000000085e+01 1.797429164935962609e+00 1.329277217868403804e+00 -1.000000000000000056e-01
2.971999999999999886e+01 1.793336386637659485e+00 1.328758347262765982e+00 -1.000000000000000056e-01
2.973000000000000043e+01 1.789242149484606470e+00 1.328249444433916571e+00 -1.000000000000000056e-01
2.974000000000000199e+01 1.785146984245834068e+00 1.327750660459024346e+00 -1.000000000000000056e-01
2.975000000000000000e+01 1.781051423068197526e+00 1.327262143419970286e+00 -1.000000000000000056e-01
2.976000000000000156e+01 1.776955999422519250e+00 1.326784038339704708e+00 -1.000000000000000056e-01
2.976999999999999957e+01 1.772861248047919780e+00 1.326316487121617760e+00 -1.000000000000000056e-01
2.978000000000000114e+01 1.768767704895807480e+00 1.325859628487163766e+00 -1.000000000000000056e-01
2.978999999999999915e+01 1.764675907071722394e+00 1.325413597918578379e+00 -1.000000000000000056e-01
2.980000000000000071e+01 1.760586392776297249e+00 1.324978527598637434e+00 -1.000000000000000056e-01
2.981000000000000227e+01 1.756499701245414657e+00 1.324554546356014439e+00 -1.000000000000000056e-01
2.982000000000000028e+01 1.752416372688068158e+00 1.324141779608766223e+00 -1.000000000000000056e-01
2.983000000000000185e+01 1.748336948223859100e+00 1.323740349310728925e+00 -1.000000000000000056e-01
2.983999999999999986e+01 1.744261969818986291e+00 1.323350373899550458e+00 -1.000000000000000056e-01
2.985000000000000142e+01 1.740191980220812118e+00 1.322971968245190144e+00 -1.000000000000000056e-01
2.985999999999999943e+01 1.736127522891306674e+00 1.322605243600770253e+00 -1.000000000000000056e-01
2.987000000000000099e+01 1.732069141938997969e+00 1.322250307554625470e+00 -1.000000000000000056e-01
2.987999999999999901e+01 1.728017382050115236e+00 1.321907263984180902e+00 -1.000000000000000056e-01
2.989000000000000057e+01 1.723972788417913682e+00 1.321576213010393408e+00 -1.000000000000000056e-01
2.990000000000000213e+01 1.719935906670516657e+00 1.321257250955652829e+00 -1.000000000000000056e-01
2.991000000000000014e+01 1.715907282798635691e+00 1.320950470301188284e+00 -1.000000000000000056e-01
2.992000000000000171e+01 1.711887463080198346e+00 1.320655959648105560e+00 -1.000000000000000056e-01
2.992999999999999972e+01 1.707876994005301352e+00 1.320373803678162705e+00 -1.000000000000000056e-01
2.994000000000000128e+01 1.703876422198895346e+00 1.320104083117765059e+00 -1.000000000000000056e-01
2.994999999999999929e+01 1.699886294342397131e+00 1.319846874703539896e+00 -1.000000000000000056e-01
2.996000000000000085e+01 1.695907157094256101e+00 1.319602251147810046e+00 -1.000000000000000056e-01
2.996999999999999886e+01 1.691939557009259243e+00 1.319370281108858789e+00 -1.000000000000000056e-01
2.998000000000000043e+01 1.687984040456261825e+00 1.319151029160426258e+00 -1.000000000000000056e-01
2.999000000000000199e+01 1.684041153535588364e+00 1.318944555763834847e+00 -1.000000000000000056e-01
3.000000000000000000e+01 1.680111441994242893e+00 1.318750917242548670e+00 -1.000000000000000056e-01
