1.000000000000000021e-02 2.343856123975317229e-01 1.467117708997845549e+00 0.000000000000000000e+00
2.000000000000000042e-02 2.368783636499075529e-01 1.467262019664957728e+00 0.000000000000000000e+00
2.999999999999999889e-02 2.406147188345069965e-01 1.467516318924871221e+00 0.000000000000000000e+00
4.000000000000000083e-02 2.433766061152312643e-01 1.467704180168813544e+00 0.000000000000000000e+00
5.000000000000000278e-02 2.461074103206454255e-01 1.467877965687810482e+00 0.000000000000000000e+00
5.999999999999999778e-02 2.488088331723315727e-01 1.468069545653088337e+00 0.000000000000000000e+00
7.000000000000000666e-02 2.514765205763306866e-01 1.468260426766167859e+00 0.000000000000000000e+00
8.000000000000000167e-02 2.541124096137483690e-01 1.468455089261277990e+00 0.000000000000000000e+00
8.999999999999999667e-02 2.567164095238155253e-01 1.468653448871328759e+00 0.000000000000000000e+00
1.000000000000000056e-01 2.592881305753264587e-01 1.468855108212382854e+00 0.000000000000000000e+00
1.100000000000000006e-01 2.618272485186539100e-01 1.469060055632265716e+00 0.000000000000000000e+00
1.199999999999999956e-01 2.643334393168592089e-01 1.469268196333744836e+00 0.000000000000000000e+00
1.300000000000000044e-01 2.668063925686628424e-01 1.469479444733782891e+00 0.000000000000000000e+00
1.400000000000000133e-01 2.692457998375196726e-01 1.469693713868910123e+00 0.000000000000000000e+00
1.499999999999999944e-01 2.716513517416987988e-01 1.469910914506020516e+00 0.000000000000000000e+00
1.600000000000000033e-01 2.740227391730633011e-01 1.470130955524780569e+00 0.000000000000000000e+00
1.700000000000000122e-01 2.763596549668947966e-01 1.470353744161495557e+00 0.000000000000000000e+00
1.799999999999999933e-01 2.786617949475936329e-01 1.470579186134501670e+00 0.000000000000000000e+00
1.900000000000000022e-01 2.809288584695996960e-01 1.470807185723489230e+00 0.000000000000000000e+00
2.000000000000000111e-01 2.831605487352824579e-01 1.471037645828472407e+00 0.000000000000000000e+00
2.099999999999999922e-01 2.853565730355417385e-01 1.471270468023457623e+00 0.000000000000000000e+00
2.200000000000000011e-01 2.875166429522194589e-01 1.471505552612253354e+00 0.000000000000000000e+00
2.300000000000000100e-01 2.896404745278545745e-01 1.471742798682776909e+00 0.000000000000000000e+00
2.399999999999999911e-01 2.917277884051240888e-01 1.471982104162252059e+00 0.000000000000000000e+00
2.500000000000000000e-01 2.937783099442256574e-01 1.472223365870692469e+00 0.000000000000000000e+00
2.600000000000000089e-01 2.957917693230175393e-01 1.472466479575247567e+00 0.000000000000000000e+00
2.700000000000000178e-01 2.977679016239362930e-01 1.472711340043313166e+00 0.000000000000000000e+00
2.800000000000000266e-01 2.997064469121582531e-01 1.472957841097561671e+00 0.000000000000000000e+00
2.899999999999999800e-01 3.016071503045575364e-01 1.473205875667897624e+00 0.000000000000000000e+00
2.999999999999999889e-01 3.034697620332314494e-01 1.473455335847717818e+00 0.000000000000000000e+00
3.099999999999999978e-01 3.052940375026644282e-01 1.473706112946981506e+00 0.000000000000000000e+00
3.200000000000000067e-01 3.070797373430624866e-01 1.473958097546981705e+00 0.000000000000000000e+00
3.300000000000000155e-01 3.088266274594257399e-01 1.474211179555551032e+00 0.000000000000000000e+00
3.400000000000000244e-01 3.105344790773747476e-01 1.474465248262193828e+00 0.000000000000000000e+00
3.500000000000000333e-01 3.122030687857220155e-01 1.474720192393309759e+00 0.000000000000000000e+00
3.599999999999999867e-01 3.138321785771089334e-01 1.474975900167760479e+00 0.000000000000000000e+00
3.699999999999999956e-01 3.154215958846713908e-01 1.475232259352929898e+00 0.000000000000000000e+00
3.800000000000000044e-01 3.169711136183970268e-01 1.475489157320819533e+00 0.000000000000000000e+00
3.900000000000000133e-01 3.184805301981956105e-01 1.475746481103793029e+00 0.000000000000000000e+00
4.000000000000000222e-01 3.199496495842477639e-01 1.476004117452016207e+00 0.000000000000000000e+00
4.100000000000000311e-01 3.213782813084069545e-01 1.476261952888566764e+00 0.000000000000000000e+00
4.199999999999999845e-01 3.227662404992688860e-01 1.476519873767502045e+00 0.000000000000000000e+00
4.299999999999999933e-01 3.241133479109092885e-01 1.476777766329464781e+00 0.000000000000000000e+00
4.400000000000000022e-01 3.254194299446447891e-01 1.477035516759661382e+00 0.000000000000000000e+00
4.500000000000000111e-01 3.266843186733096593e-01 1.477293011243288046e+00 0.000000000000000000e+00
4.600000000000000200e-01 3.279078518613705029e-01 1.477550136023712435e+00 0.000000000000000000e+00
4.700000000000000289e-01 3.290898729849982551e-01 1.477806777458706033e+00 0.000000000000000000e+00
4.799999999999999822e-01 3.302302312492660374e-01 1.478062822077058414e+00 0.000000000000000000e+00
4.899999999999999911e-01 3.313287816052983836e-01 1.478318156635843428e+00 0.000000000000000000e+00
5.000000000000000000e-01 3.323853847643306048e-01 1.478572668176634686e+00 0.000000000000000000e+00
5.100000000000000089e-01 3.333999072117208029e-01 1.478826244082290353e+00 0.000000000000000000e+00
5.200000000000000178e-01 3.343722212185760712e-01 1.479078772132816688e+00 0.000000000000000000e+00
5.300000000000000266e-01 3.353022048517834697e-01 1.479330140562361562e+00 0.000000000000000000e+00
5.400000000000000355e-01 3.361897419837342471e-01 1.479580238114404089e+00 0.000000000000000000e+00
5.500000000000000444e-01 3.370347222990372482e-01 1.479828954098110216e+00 0.000000000000000000e+00
5.600000000000000533e-01 3.378370413013099816e-01 1.480076178442972346e+00 0.000000000000000000e+00
5.700000000000000622e-01 3.385966003171004268e-01 1.480321801755130284e+00 0.000000000000000000e+00
5.799999999999999600e-01 3.393133065000403237e-01 1.480565715371266577e+00 0.000000000000000000e+00
5.899999999999999689e-01 3.399870728319566715e-01 1.480807811413597186e+00 0.000000000000000000e+00
5.999999999999999778e-01 3.406178181243079139e-01 1.481047982844277300e+00 0.000000000000000000e+00
6.099999999999999867e-01 3.412054670165423076e-01 1.481286123518329445e+00 0.000000000000000000e+00
6.199999999999999956e-01 3.417499499748811731e-01 1.481522128237942049e+00 0.000000000000000000e+00
6.300000000000000044e-01 3.422512032887845002e-01 1.481755892804832220e+00 0.000000000000000000e+00
6.400000000000000133e-01 3.427091690663402468e-01 1.481987314072789941e+00 0.000000000000000000e+00
6.500000000000000222e-01 3.431237952283556769e-01 1.482216290000041958e+00 0.000000000000000000e+00
6.600000000000000311e-01 3.434950355023356217e-01 1.482442719699712974e+00 0.000000000000000000e+00
6.700000000000000400e-01 3.438228494133525048e-01 1.482666503491685717e+00 0.000000000000000000e+00
6.800000000000000488e-01 3.441072022754210757e-01 1.482887542952522342e+00 0.000000000000000000e+00
6.900000000000000577e-01 3.443480651815287730e-01 1.483105740964998143e+00 0.000000000000000000e+00
7.000000000000000666e-01 3.445454149913341202e-01 1.483321001767454073e+00 0.000000000000000000e+00
7.099999999999999645e-01 3.446992343199355435e-01 1.483533231001926689e+00 0.000000000000000000e+00
7.199999999999999734e-01 3.448095115233350549e-01 1.483742335762544995e+00 0.000000000000000000e+00
7.299999999999999822e-01 3.448762406848294715e-01 1.483948224641648883e+00 0.000000000000000000e+00
7.399999999999999911e-01 3.448994215988324119e-01 1.484150807776835723e+00 0.000000000000000000e+00
7.500000000000000000e-01 3.448790597550002168e-01 1.484349996896691337e+00 0.000000000000000000e+00
7.600000000000000089e-01 3.448151663203468664e-01 1.484545705364704427e+00 0.000000000000000000e+00
7.700000000000000178e-01 3.447077581210566399e-01 1.484737848224423340e+00 0.000000000000000000e+00
7.800000000000000266e-01 3.445568576230826907e-01 1.484926342242062436e+00 0.000000000000000000e+00
7.900000000000000355e-01 3.443624929117529709e-01 1.485111105948761612e+00 0.000000000000000000e+00
8.000000000000000444e-01 3.441246976704071536e-01 1.485292059682901344e+00 0.000000000000000000e+00
8.100000000000000533e-01 3.438435111587596071e-01 1.485469125629688136e+00 0.000000000000000000e+00
8.200000000000000622e-01 3.435189781890086169e-01 1.485642227862216780e+00 0.000000000000000000e+00
8.300000000000000711e-01 3.431511491023876426e-01 1.485811292378782511e+00 0.000000000000000000e+00
8.399999999999999689e-01 3.427400797444167257e-01 1.485976247142203777e+00 0.000000000000000000e+00
8.499999999999999778e-01 3.422858314388761980e-01 1.486137022116353013e+00 0.000000000000000000e+00
8.599999999999999867e-01 3.417884709614447680e-01 1.486293549300892192e+00 0.000000000000000000e+00
8.699999999999999956e-01 3.412480705128118075e-01 1.486445762768746848e+00 0.000000000000000000e+00
8.800000000000000044e-01 3.406647076901140880e-01 1.486593598697647289e+00 0.000000000000000000e+00
8.900000000000000133e-01 3.400384654588217148e-01 1.486736995404048578e+00 0.000000000000000000e+00
9.000000000000000222e-01 3.393694321233615141e-01 1.486875893375709357e+00 0.000000000000000000e+00
9.100000000000000311e-01 3.386577012970444223e-01 1.487010235301140737e+00 0.000000000000000000e+00
9.200000000000000400e-01 3.379033718717073809e-01 1.487139966100024635e+00 0.000000000000000000e+00
9.300000000000000488e-01 3.371065479874396642e-01 1.487265032952152621e+00 0.000000000000000000e+00
9.400000000000000577e-01 3.362673390000982532e-01 1.487385385324343279e+00 0.000000000000000000e+00
9.500000000000000666e-01 3.353858594509149249e-01 1.487500974997106873e+00 0.000000000000000000e+00
9.599999999999999645e-01 3.344622290336424775e-01 1.487611756090010173e+00 0.000000000000000000e+00
9.699999999999999734e-01 3.334965725621472088e-01 1.487717685085511388e+00 0.000000000000000000e+00
9.799999999999999822e-01 3.324890199382760647e-01 1.487818720852389864e+00 0.000000000000000000e+00
9.899999999999999911e-01 3.314397061186646343e-01 1.487914824666643820e+00 0.000000000000000000e+00
1.000000000000000000e+00 3.303487710814761447e-01 1.488005960233252267e+00 0.000000000000000000e+00
1.010000000000000009e+00 3.292163597932269425e-01 1.488092093704531216e+00 0.000000000000000000e+00
1.020000000000000018e+00 3.280426221752048010e-01 1.488173193698688612e+00 0.000000000000000000e+00
1.030000000000000027e+00 3.268277130696403687e-01 1.488249231317318122e+00 0.000000000000000000e+00
1.040000000000000036e+00 3.255717922058141700e-01 1.488320180159826034e+00 0.000000000000000000e+00
1.050000000000000044e+00 3.242750241660197763e-01 1.488386016339448226e+00 0.000000000000000000e+00
1.060000000000000053e+00 3.229375783506883701e-01 1.488446718495422871e+00 0.000000000000000000e+00
1.070000000000000062e+00 3.215596289448789391e-01 1.488502267805471124e+00 0.000000000000000000e+00
1.080000000000000071e+00 3.201413548825736144e-01 1.488552647996303824e+00 0.000000000000000000e+00
1.090000000000000080e+00 3.186829398124335633e-01 1.488597845353760052e+00 0.000000000000000000e+00
1.100000000000000089e+00 3.171845720627423648e-01 1.488637848729746027e+00 0.000000000000000000e+00
1.110000000000000098e+00 3.156464446059755180e-01 1.488672649550727201e+00 0.000000000000000000e+00
1.120000000000000107e+00 3.140687550238245862e-01 1.488702241822438710e+00 0.000000000000000000e+00
1.130000000000000115e+00 3.124517054720284959e-01 1.488726622134088684e+00 0.000000000000000000e+00
1.140000000000000124e+00 3.107955026442852375e-01 1.488745789662996977e+00 0.000000000000000000e+00
1.150000000000000133e+00 3.091003577372028466e-01 1.488759746174248999e+00 0.000000000000000000e+00
1.159999999999999920e+00 3.073664864152921838e-01 1.488768496023427090e+00 0.000000000000000000e+00
1.169999999999999929e+00 3.055941087743159756e-01 1.488772046154457795e+00 0.000000000000000000e+00
1.179999999999999938e+00 3.037834493067474995e-01 1.488770406098079091e+00 0.000000000000000000e+00
1.189999999999999947e+00 3.019347368660874054e-01 1.488763587968976454e+00 0.000000000000000000e+00
1.199999999999999956e+00 3.000482046312389350e-01 1.488751606460768429e+00 0.000000000000000000e+00
1.209999999999999964e+00 2.981240900716201070e-01 1.488734478840346709e+00 0.000000000000000000e+00
1.219999999999999973e+00 2.961626349116907031e-01 1.488712224940782702e+00 0.000000000000000000e+00
1.229999999999999982e+00 2.941640850957943920e-01 1.488684867153067470e+00 0.000000000000000000e+00
1.239999999999999991e+00 2.921286907535917132e-01 1.488652430416224970e+00 0.000000000000000000e+00
1.250000000000000000e+00 2.900567061644918621e-01 1.488614942206927916e+00 0.000000000000000000e+00
1.260000000000000009e+00 2.879483897234583201e-01 1.488572432526442668e+00 0.000000000000000000e+00
1.270000000000000018e+00 2.858040039060963378e-01 1.488524933888192514e+00 0.000000000000000000e+00
1.280000000000000027e+00 2.836238152336643670e-01 1.488472481301919670e+00 0.000000000000000000e+00
1.290000000000000036e+00 2.814080942395313922e-01 1.488415112258875572e+00 0.000000000000000000e+00
1.300000000000000044e+00 2.791571154335996674e-01 1.488352866713401834e+00 0.000000000000000000e+00
1.310000000000000053e+00 2.768711572689812050e-01 1.488285787065319443e+00 0.000000000000000000e+00
1.320000000000000062e+00 2.745505021071238949e-01 1.488213918139287273e+00 0.000000000000000000e+00
1.330000000000000071e+00 2.721954361841694703e-01 1.488137307164913548e+00 0.000000000000000000e+00
1.340000000000000080e+00 2.698062495768486779e-01 1.488056003752866507e+00 0.000000000000000000e+00
1.350000000000000089e+00 2.673832361683774472e-01 1.487970059872782080e+00 0.000000000000000000e+00
1.360000000000000098e+00 2.649266936154292540e-01 1.487879529827634384e+00 0.000000000000000000e+00
1.370000000000000107e+00 2.624369233138695301e-01 1.487784470228109335e+00 0.000000000000000000e+00
1.380000000000000115e+00 2.599142303660275655e-01 1.487684939964852182e+00 0.000000000000000000e+00
1.390000000000000124e+00 2.573589235471093195e-01 1.487581000180669077e+00 0.000000000000000000e+00
1.400000000000000133e+00 2.547713152728056096e-01 1.487472714240188010e+00 0.000000000000000000e+00
1.409999999999999920e+00 2.521517215655524335e-01 1.487360147699522850e+00 0.000000000000000000e+00
1.419999999999999929e+00 2.495004620234002324e-01 1.487243368273812205e+00 0.000000000000000000e+00
1.429999999999999938e+00 2.468178597862757673e-01 1.487122445804140103e+00 0.000000000000000000e+00
1.439999999999999947e+00 2.441042415047930125e-01 1.486997452223283611e+00 0.000000000000000000e+00
1.449999999999999956e+00 2.413599373075253074e-01 1.486868461520209683e+00 0.000000000000000000e+00
1.459999999999999964e+00 2.385852807700429290e-01 1.486735549703527948e+00 0.000000000000000000e+00
1.469999999999999973e+00 2.357806088819097423e-01 1.486598794763365872e+00 0.000000000000000000e+00
1.479999999999999982e+00 2.329462620163481323e-01 1.486458276634337050e+00 0.000000000000000000e+00
1.489999999999999991e+00 2.300825838974655257e-01 1.486314077153725988e+00 0.000000000000000000e+00
1.500000000000000000e+00 2.271899215694213325e-01 1.486166280023065722e+00 0.000000000000000000e+00
1.510000000000000009e+00 2.242686253645414796e-01 1.486014970765833887e+00 0.000000000000000000e+00
1.520000000000000018e+00 2.213190488716167414e-01 1.485860236685313973e+00 0.000000000000000000e+00
1.530000000000000027e+00 2.183415489046021396e-01 1.485702166822287618e+00 0.000000000000000000e+00
1.540000000000000036e+00 2.153364854707748854e-01 1.485540851911306914e+00 0.000000000000000000e+00
1.550000000000000044e+00 2.123042217395115228e-01 1.485376384335847622e+00 0.000000000000000000e+00
1.560000000000000053e+00 2.092451240107866262e-01 1.485208858084867245e+00 0.000000000000000000e+00
1.570000000000000062e+00 2.061595616843697187e-01 1.485038368706096845e+00 0.000000000000000000e+00
1.580000000000000071e+00 2.030479072286215381e-01 1.484865013260066702e+00 0.000000000000000000e+00
1.590000000000000080e+00 1.999105361509519729e-01 1.484688890274233675e+00 0.000000000000000000e+00
1.600000000000000089e+00 1.967478269675747293e-01 1.484510099693741481e+00 0.000000000000000000e+00
1.610000000000000098e+00 1.935601611743438810e-01 1.484328742833654013e+00 0.000000000000000000e+00
1.620000000000000107e+00 1.903479232187051395e-01 1.484144922329452276e+00 0.000000000000000000e+00
1.630000000000000115e+00 1.871115004716040475e-01 1.483958742085098148e+00 0.000000000000000000e+00
1.640000000000000124e+00 1.838512831994318086e-01 1.483770307222175067e+00 0.000000000000000000e+00
1.650000000000000133e+00 1.805676645378337664e-01 1.483579724025614555e+00 0.000000000000000000e+00
1.660000000000000142e+00 1.772610404632706804e-01 1.483387099890233873e+00 0.000000000000000000e+00
1.669999999999999929e+00 1.739318097670285168e-01 1.483192543263651908e+00 0.000000000000000000e+00
1.679999999999999938e+00 1.705803740253513112e-01 1.482996163591278949e+00 0.000000000000000000e+00
1.689999999999999947e+00 1.672071375724071274e-01 1.482798071257907413e+00 0.000000000000000000e+00
1.699999999999999956e+00 1.638125074698356942e-01 1.482598377529879219e+00 0.000000000000000000e+00
1.709999999999999964e+00 1.603968934757872278e-01 1.482397194496416937e+00 0.000000000000000000e+00
1.719999999999999973e+00 1.569607080139399924e-01 1.482194635010842365e+00 0.000000000000000000e+00
1.729999999999999982e+00 1.535043661401327697e-01 1.481990812630869625e+00 0.000000000000000000e+00
1.739999999999999991e+00 1.500282855091296386e-01 1.481785841559809525e+00 0.000000000000000000e+00
1.750000000000000000e+00 1.465328863399149029e-01 1.481579836586633503e+00 0.000000000000000000e+00
1.760000000000000009e+00 1.430185913813539211e-01 1.481372913025768012e+00 0.000000000000000000e+00
1.770000000000000018e+00 1.394858258758812086e-01 1.481165186658305766e+00 0.000000000000000000e+00
1.780000000000000027e+00 1.359350175244357639e-01 1.480956773671554760e+00 0.000000000000000000e+00
1.790000000000000036e+00 1.323665964502070969e-01 1.480747790598809788e+00 0.000000000000000000e+00
1.800000000000000044e+00 1.287809951622282123e-01 1.480538354260084288e+00 0.000000000000000000e+00
1.810000000000000053e+00 1.251786485191920539e-01 1.480328581701372048e+00 0.000000000000000000e+00
1.820000000000000062e+00 1.215599936930093355e-01 1.480118590134654966e+00 0.000000000000000000e+00
1.830000000000000071e+00 1.179254701316387460e-01 1.479908496878173940e+00 0.000000000000000000e+00
1.840000000000000080e+00 1.142755195228146031e-01 1.479698419295370160e+00 0.000000000000000000e+00
1.850000000000000089e+00 1.106105857564531753e-01 1.479488474735693337e+00 0.000000000000000000e+00
1.860000000000000098e+00 1.069311148874231149e-01 1.479278780473589405e+00 0.000000000000000000e+00
1.870000000000000107e+00 1.032375550980012407e-01 1.479069453648924615e+00 0.000000000000000000e+00
1.880000000000000115e+00 9.953035665936427190e-02 1.478860611206611830e+00 0.000000000000000000e+00
1.890000000000000124e+00 9.580997189348661180e-02 1.478652369836779057e+00 0.000000000000000000e+00
1.900000000000000133e+00 9.207685513391089538e-02 1.478444845914959282e+00 0.000000000000000000e+00
1.910000000000000142e+00 8.833146268652460054e-02 1.478238155442399560e+00 0.000000000000000000e+00
1.919999999999999929e+00 8.457425278913310862e-02 1.478032413985900240e+00 0.000000000000000000e+00
1.929999999999999938e+00 8.080568557106694583e-02 1.477827736619904408e+00 0.000000000000000000e+00
1.939999999999999947e+00 7.702622301234093860e-02 1.477624237865671208e+00 0.000000000000000000e+00
1.949999999999999956e+00 7.323632890071594959e-02 1.477422031633912392e+00 0.000000000000000000e+00
1.959999999999999964e+00 6.943646879037319863e-02 1.477221231164614457e+00 0.000000000000000000e+00
1.969999999999999973e+00 6.562710995814202697e-02 1.477021948970993481e+00 0.000000000000000000e+00
1.979999999999999982e+00 6.180872135887739705e-02 1.476824296778796342e+00 0.000000000000000000e+00
1.989999999999999991e+00 5.798177358260792752e-02 1.476628385471405736e+00 0.000000000000000000e+00
2.000000000000000000e+00 5.414673880699048814e-02 1.476434325030830497e+00 0.000000000000000000e+00
2.010000000000000231e+00 5.030409075302911398e-02 1.476242224481733922e+00 0.000000000000000000e+00
2.020000000000000018e+00 4.645430463675700311e-02 1.476052191835303118e+00 0.000000000000000000e+00
2.030000000000000249e+00 4.259785712277979614e-02 1.475864334032922720e+00 0.000000000000000000e+00
2.040000000000000036e+00 3.873522627496444465e-02 1.475678756891564580e+00 0.000000000000000000e+00
2.049999999999999822e+00 3.486689150765281270e-02 1.475495565048460023e+00 0.000000000000000000e+00
2.060000000000000053e+00 3.099333353571209412e-02 1.475314861907590425e+00 0.000000000000000000e+00
2.069999999999999840e+00 2.711503432357473958e-02 1.475136749585616469e+00 0.000000000000000000e+00
2.080000000000000071e+00 2.323247703354120244e-02 1.474961328859605292e+00 0.000000000000000000e+00
2.089999999999999858e+00 1.934614597439525061e-02 1.474788699113975587e+00 0.000000000000000000e+00
2.100000000000000089e+00 1.545652654628129792e-02 1.474618958289921178e+00 0.000000000000000000e+00
2.109999999999999876e+00 1.156410518924485056e-02 1.474452202834289682e+00 0.000000000000000000e+00
2.120000000000000107e+00 7.669369326410430468e-03 1.474288527649050495e+00 0.000000000000000000e+00
2.129999999999999893e+00 3.772807309487713652e-03 1.474128026042857087e+00 0.000000000000000000e+00
2.140000000000000124e+00 -1.250916373130210948e-04 1.473970789682161664e+00 0.000000000000000000e+00
2.149999999999999911e+00 -4.023837475249343945e-03 1.473816908543563731e+00 0.000000000000000000e+00
2.160000000000000142e+00 -7.922939407837819442e-03 1.473666470867456058e+00 0.000000000000000000e+00
2.169999999999999929e+00 -1.182190594009695055e-02 1.473519563111627129e+00 0.000000000000000000e+00
2.180000000000000160e+00 -1.572024493738291909e-02 1.473376269907215930e+00 0.000000000000000000e+00
2.189999999999999947e+00 -1.961746368558408768e-02 1.473236674013448599e+00 0.000000000000000000e+00
2.200000000000000178e+00 -2.351306895181198495e-02 1.473100856276085002e+00 0.000000000000000000e+00
2.209999999999999964e+00 -2.740656704551398815e-02 1.472968895584053861e+00 0.000000000000000000e+00
2.220000000000000195e+00 -3.129746388107931127e-02 1.472840868829662142e+00 0.000000000000000000e+00
2.229999999999999982e+00 -3.518526503983030601e-02 1.472716850867584748e+00 0.000000000000000000e+00
2.240000000000000213e+00 -3.906947583424725395e-02 1.472596914476603791e+00 0.000000000000000000e+00
2.250000000000000000e+00 -4.294960137150933416e-02 1.472481130321667830e+00 0.000000000000000000e+00
2.260000000000000231e+00 -4.682514661864278782e-02 1.472369566917015149e+00 0.000000000000000000e+00
2.270000000000000018e+00 -5.069561646740460004e-02 1.472262290590455214e+00 0.000000000000000000e+00
2.280000000000000249e+00 -5.456051580161790787e-02 1.472159365449586366e+00 0.000000000000000000e+00
2.290000000000000036e+00 -5.841934956232210790e-02 1.472060853347697096e+00 0.000000000000000000e+00
2.300000000000000266e+00 -6.227162281696096285e-02 1.471966813851642408e+00 0.000000000000000000e+00
2.310000000000000053e+00 -6.611684082648343341e-02 1.471877304211923976e+00 0.000000000000000000e+00
2.319999999999999840e+00 -6.995450911457692933e-02 1.471792379331615219e+00 0.000000000000000000e+00
2.330000000000000071e+00 -7.378413353781146378e-02 1.471712091738737849e+00 0.000000000000000000e+00
2.339999999999999858e+00 -7.760522035489232640e-02 1.471636491558847348e+00 0.000000000000000000e+00
2.350000000000000089e+00 -8.141727629853690029e-02 1.471565626488665623e+00 0.000000000000000000e+00
2.359999999999999876e+00 -8.521980864688119550e-02 1.471499541771855490e+00 0.000000000000000000e+00
2.370000000000000107e+00 -8.901232529543050276e-02 1.471438280175179969e+00 0.000000000000000000e+00
2.379999999999999893e+00 -9.279433483069798871e-02 1.471381881966523641e+00 0.000000000000000000e+00
2.390000000000000124e+00 -9.656534660271416659e-02 1.471330384894108168e+00 0.000000000000000000e+00
2.399999999999999911e+00 -1.003248708003431633e-01 1.471283824166650822e+00 0.000000000000000000e+00
2.410000000000000142e+00 -1.040724185248310951e-01 1.471242232435834740e+00 0.000000000000000000e+00
2.419999999999999929e+00 -1.078075018654696543e-01 1.471205639778677687e+00 0.000000000000000000e+00
2.430000000000000160e+00 -1.115296339749559940e-01 1.471174073682575134e+00 0.000000000000000000e+00
2.439999999999999947e+00 -1.152383291455485737e-01 1.471147559031037444e+00 0.000000000000000000e+00
2.450000000000000178e+00 -1.189331028852090300e-01 1.471126118090899881e+00 0.000000000000000000e+00
2.459999999999999964e+00 -1.226134719941055634e-01 1.471109770500995673e+00 0.000000000000000000e+00
2.470000000000000195e+00 -1.262789546419753883e-01 1.471098533262078289e+00 0.000000000000000000e+00
2.479999999999999982e+00 -1.299290704448412825e-01 1.471092420728217665e+00 0.000000000000000000e+00
2.490000000000000213e+00 -1.335633405427535114e-01 1.471091444599783360e+00 0.000000000000000000e+00
2.500000000000000000e+00 -1.371812876768833955e-01 1.471095613916988620e+00 0.000000000000000000e+00
2.510000000000000231e+00 -1.407824362678252728e-01 1.471104935056534835e+00 0.000000000000000000e+00
2.520000000000000018e+00 -1.443663128261891970e-01 1.471119404901015892e+00 0.000000000000000000e+00
2.530000000000000249e+00 -1.479324442474637402e-01 1.471139049988337666e+00 0.000000000000000000e+00
2.540000000000000036e+00 -1.514803618896012616e-01 1.471163832422305306e+00 0.000000000000000000e+00
2.550000000000000266e+00 -1.550095967940202102e-01 1.471193772427066060e+00 0.000000000000000000e+00
2.560000000000000053e+00 -1.585196831925647087e-01 1.471228855027351567e+00 0.000000000000000000e+00
2.569999999999999840e+00 -1.620101572047607519e-01 1.471269071576496668e+00 0.000000000000000000e+00
2.580000000000000071e+00 -1.654805571761144567e-01 1.471314409934359357e+00 0.000000000000000000e+00
2.589999999999999858e+00 -1.689304237699008615e-01 1.471364855133871163e+00 0.000000000000000000e+00
2.600000000000000089e+00 -1.723593000281483933e-01 1.471420389605332613e+00 0.000000000000000000e+00
2.609999999999999876e+00 -1.757667314517102342e-01 1.471480993144323568e+00 0.000000000000000000e+00
2.620000000000000107e+00 -1.791522660791435018e-01 1.471546642922806125e+00 0.000000000000000000e+00
2.629999999999999893e+00 -1.825154545632048098e-01 1.471617313503547964e+00 0.000000000000000000e+00
2.640000000000000124e+00 -1.858558502490655073e-01 1.471692976852521317e+00 0.000000000000000000e+00
2.649999999999999911e+00 -1.891730092510691685e-01 1.471773602353876331e+00 0.000000000000000000e+00
2.660000000000000142e+00 -1.924664905301094742e-01 1.471859156825946036e+00 0.000000000000000000e+00
2.669999999999999929e+00 -1.957358559694448996e-01 1.471949604538877354e+00 0.000000000000000000e+00
2.680000000000000160e+00 -1.989806704518377045e-01 1.472044907232312072e+00 0.000000000000000000e+00
2.689999999999999947e+00 -2.022005019348155630e-01 1.472145024136609415e+00 0.000000000000000000e+00
2.700000000000000178e+00 -2.053949215261498540e-01 1.472249911992759452e+00 0.000000000000000000e+00
2.709999999999999964e+00 -2.085635035592141584e-01 1.472359525076257558e+00 0.000000000000000000e+00
2.720000000000000195e+00 -2.117058256664351434e-01 1.472473815219162985e+00 0.000000000000000000e+00
2.729999999999999982e+00 -2.148214688544369255e-01 1.472592731836638968e+00 0.000000000000000000e+00
2.740000000000000213e+00 -2.179100175765225633e-01 1.472716221951889226e+00 0.000000000000000000e+00
2.750000000000000000e+00 -2.209710598054391295e-01 1.472844230224686246e+00 0.000000000000000000e+00
2.760000000000000231e+00 -2.240041871060601542e-01 1.472976698978732957e+00 0.000000000000000000e+00
2.770000000000000018e+00 -2.270089947064712899e-01 1.473113568232697457e+00 0.000000000000000000e+00
2.780000000000000249e+00 -2.299850815690000216e-01 1.473254775730237220e+00 0.000000000000000000e+00
2.790000000000000036e+00 -2.329320504605443265e-01 1.473400256972634548e+00 0.000000000000000000e+00
2.800000000000000266e+00 -2.358495080218307449e-01 1.473549945251688031e+00 0.000000000000000000e+00
2.810000000000000053e+00 -2.387370648366404779e-01 1.473703771684370833e+00 0.000000000000000000e+00
2.819999999999999840e+00 -2.415943354998690840e-01 1.473861665248168418e+00 0.000000000000000000e+00
2.830000000000000071e+00 -2.444209386845216103e-01 1.474023552817599336e+00 0.000000000000000000e+00
2.839999999999999858e+00 -2.472164972093680579e-01 1.474189359201815819e+00 0.000000000000000000e+00
2.850000000000000089e+00 -2.499806381034447300e-01 1.474359007183450032e+00 0.000000000000000000e+00
2.859999999999999876e+00 -2.527129926723725717e-01 1.474532417558190645e+00 0.000000000000000000e+00
2.870000000000000107e+00 -2.554131965619100275e-01 1.474709509175065936e+00 0.000000000000000000e+00
2.879999999999999893e+00 -2.580808898216693792e-01 1.474890198979277756e+00 0.000000000000000000e+00
2.890000000000000124e+00 -2.607157169674731434e-01 1.475074402053237588e+00 0.000000000000000000e+00
2.899999999999999911e+00 -2.633173270429556845e-01 1.475262031661702444e+00 0.000000000000000000e+00
2.910000000000000142e+00 -2.658853736805192880e-01 1.475452999295370660e+00 0.000000000000000000e+00
2.919999999999999929e+00 -2.684195151607126073e-01 1.475647214716506506e+00 0.000000000000000000e+00
2.930000000000000160e+00 -2.709194144713141794e-01 1.475844586005331083e+00 0.000000000000000000e+00
2.939999999999999947e+00 -2.733847393648383695e-01 1.476045019607265418e+00 0.000000000000000000e+00
2.950000000000000178e+00 -2.758151624152270776e-01 1.476248420380518400e+00 0.000000000000000000e+00
2.959999999999999964e+00 -2.782103610737824417e-01 1.476454691645278761e+00 0.000000000000000000e+00
2.970000000000000195e+00 -2.805700177233435011e-01 1.476663735233255226e+00 0.000000000000000000e+00
2.979999999999999982e+00 -2.828938197317229508e-01 1.476875451537528416e+00 0.000000000000000000e+00
2.990000000000000213e+00 -2.851814595042998501e-01 1.477089739563784976e+00 0.000000000000000000e+00
3.000000000000000000e+00 -2.874326345346909783e-01 1.477306496982742079e+00 0.000000000000000000e+00
3.010000000000000231e+00 -2.896470474546863905e-01 1.477525620181014077e+00 0.000000000000000000e+00
3.020000000000000018e+00 -2.918244060829208730e-01 1.477747004315757673e+00 0.000000000000000000e+00
3.030000000000000249e+00 -2.939644234723089444e-01 1.477970543366985634e+00 0.000000000000000000e+00
3.040000000000000036e+00 -2.960668179556553703e-01 1.478196130192455549e+00 0.000000000000000000e+00
3.050000000000000266e+00 -2.981313131908302494e-01 1.478423656582529500e+00 0.000000000000000000e+00
3.060000000000000053e+00 -3.001576382038681490e-01 1.478653013314239484e+00 0.000000000000000000e+00
3.070000000000000284e+00 -3.021455274312099260e-01 1.478884090208953062e+00 0.000000000000000000e+00
3.080000000000000071e+00 -3.040947207598386770e-01 1.479116776186598203e+00 0.000000000000000000e+00
3.089999999999999858e+00 -3.060049635674268464e-01 1.479350959323471049e+00 0.000000000000000000e+00
3.100000000000000089e+00 -3.078760067594608074e-01 1.479586526908916788e+00 0.000000000000000000e+00
3.109999999999999876e+00 -3.097076068060358733e-01 1.479823365502640709e+00 0.000000000000000000e+00
3.120000000000000107e+00 -3.114995257773172654e-01 1.480061360991909991e+00 0.000000000000000000e+00
3.129999999999999893e+00 -3.132515313767496035e-01 1.480300398651034355e+00 0.000000000000000000e+00
3.140000000000000124e+00 -3.149633969739646933e-01 1.480540363197414999e+00 0.000000000000000000e+00
3.149999999999999911e+00 -3.166349016356291846e-01 1.480781138852198087e+00 0.000000000000000000e+00
3.160000000000000142e+00 -3.182658301550078117e-01 1.481022609397526502e+00 0.000000000000000000e+00
3.169999999999999929e+00 -3.198559730805117796e-01 1.481264658236025600e+00 0.000000000000000000e+00
3.180000000000000160e+00 -3.214051267426705216e-01 1.481507168450002743e+00 0.000000000000000000e+00
3.189999999999999947e+00 -3.229130932795492015e-01 1.481750022860152782e+00 0.000000000000000000e+00
3.200000000000000178e+00 -3.243796806612445072e-01 1.481993104085279400e+00 0.000000000000000000e+00
3.209999999999999964e+00 -3.258047027126847461e-01 1.482236294601124937e+00 0.000000000000000000e+00
3.220000000000000195e+00 -3.271879791352578781e-01 1.482479476800638407e+00 0.000000000000000000e+00
3.229999999999999982e+00 -3.285293355267721038e-01 1.482722533052017955e+00 0.000000000000000000e+00
3.240000000000000213e+00 -3.298286034006149836e-01 1.482965345759550413e+00 0.000000000000000000e+00
3.250000000000000000e+00 -3.310856202028231166e-01 1.483207797421792540e+00 0.000000000000000000e+00
3.260000000000000231e+00 -3.323002293283375264e-01 1.483449770691247060e+00 0.000000000000000000e+00
3.270000000000000018e+00 -3.334722801352947297e-01 1.483691148433867957e+00 0.000000000000000000e+00
3.280000000000000249e+00 -3.346016279585411479e-01 1.483931813786999010e+00 0.000000000000000000e+00
3.290000000000000036e+00 -3.356881341211447323e-01 1.484171650219477945e+00 0.000000000000000000e+00
3.300000000000000266e+00 -3.367316659446658589e-01 1.484410541589381571e+00 0.000000000000000000e+00
3.310000000000000053e+00 -3.377320967583456457e-01 1.484648372202690192e+00 0.000000000000000000e+00
3.320000000000000284e+00 -3.386893059061114597e-01 1.484885026871876512e+00 0.000000000000000000e+00
3.330000000000000071e+00 -3.396031787527757917e-01 1.485120390973126536e+00 0.000000000000000000e+00
3.339999999999999858e+00 -3.404736066886327461e-01 1.485354350504508147e+00 0.000000000000000000e+00
3.350000000000000089e+00 -3.413004871322525280e-01 1.485586792143101853e+00 0.000000000000000000e+00
3.359999999999999876e+00 -3.420837235325013825e-01 1.485817603301972989e+00 0.000000000000000000e+00
3.370000000000000107e+00 -3.428232253687366060e-01 1.486046672186613904e+00 0.000000000000000000e+00
3.379999999999999893e+00 -3.435189081491624163e-01 1.486273887851396802e+00 0.000000000000000000e+00
3.390000000000000124e+00 -3.441706934088460956e-01 1.486499140255063800e+00 0.000000000000000000e+00
3.399999999999999911e+00 -3.447785087054994757e-01 1.486722320316187451e+00 0.000000000000000000e+00
3.410000000000000142e+00 -3.453422876139753406e-01 1.486943319967911181e+00 0.000000000000000000e+00
3.419999999999999929e+00 -3.458619697201988918e-01 1.487162032212357987e+00 0.000000000000000000e+00
3.430000000000000160e+00 -3.463375006121561794e-01 1.487378351174289293e+00 0.000000000000000000e+00
3.439999999999999947e+00 -3.467688318718984974e-01 1.487592172154245329e+00 0.000000000000000000e+00
3.450000000000000178e+00 -3.471559210640931536e-01 1.487803391681692622e+00 0.000000000000000000e+00
3.459999999999999964e+00 -3.474987317249050855e-01 1.488011907566246128e+00 0.000000000000000000e+00
3.470000000000000195e+00 -3.477972333486238354e-01 1.488217618949920329e+00 0.000000000000000000e+00
3.479999999999999982e+00 -3.480514013743888913e-01 1.488420426357172088e+00 0.000000000000000000e+00
3.490000000000000213e+00 -3.482612171704453363e-01 1.488620231745400702e+00 0.000000000000000000e+00
3.500000000000000000e+00 -3.484266680185506004e-01 1.488816938554310854e+00 0.000000000000000000e+00
3.510000000000000231e+00 -3.485477470965950286e-01 1.489010451753924213e+00 0.000000000000000000e+00
3.520000000000000018e+00 -3.486244534608048395e-01 1.489200677893631086e+00 0.000000000000000000e+00
3.530000000000000249e+00 -3.486567920264524445e-01 1.489387525147866764e+00 0.000000000000000000e+00
3.540000000000000036e+00 -3.486447731421344343e-01 1.489570916458183403e+00 0.000000000000000000e+00
3.550000000000000266e+00 -3.485884145322697969e-01 1.489750714346502969e+00 0.000000000000000000e+00
3.560000000000000053e+00 -3.484877374165361585e-01 1.489926902033825717e+00 0.000000000000000000e+00
3.570000000000000284e+00 -3.483427703560260102e-01 1.490099347424531429e+00 0.000000000000000000e+00
3.580000000000000071e+00 -3.481535473327465047e-01 1.490267982791946944e+00 0.000000000000000000e+00
3.589999999999999858e+00 -3.479201078119266155e-01 1.490432725251720214e+00 0.000000000000000000e+00
3.600000000000000089e+00 -3.476424971909359285e-01 1.490593495278983882e+00 0.000000000000000000e+00
3.609999999999999876e+00 -3.473207664508380921e-01 1.490750215729958805e+00 0.000000000000000000e+00
3.620000000000000107e+00 -3.469549722393655000e-01 1.490902811384293258e+00 0.000000000000000000e+00
3.629999999999999893e+00 -3.465451768248590803e-01 1.491051209073660289e+00 0.000000000000000000e+00
3.640000000000000124e+00 -3.460914480662875548e-01 1.491195337718816960e+00 0.000000000000000000e+00
3.649999999999999911e+00 -3.455938593853486451e-01 1.491335128362045737e+00 0.000000000000000000e+00
3.660000000000000142e+00 -3.450524897353393072e-01 1.491470514201457043e+00 0.000000000000000000e+00
3.669999999999999929e+00 -3.444674235703517051e-01 1.491601430626121161e+00 0.000000000000000000e+00
3.680000000000000160e+00 -3.438387508131924841e-01 1.491727815248078848e+00 0.000000000000000000e+00
3.689999999999999947e+00 -3.431665668222436127e-01 1.491849607934345068e+00 0.000000000000000000e+00
3.700000000000000178e+00 -3.424509723590351551e-01 1.491966750836833056e+00 0.000000000000000000e+00
3.709999999999999964e+00 -3.416920735530526443e-01 1.492079188422126723e+00 0.000000000000000000e+00
3.720000000000000195e+00 -3.408899818680607430e-01 1.492186867499957881e+00 0.000000000000000000e+00
3.729999999999999982e+00 -3.400448140671216146e-01 1.492289737249350878e+00 0.000000000000000000e+00
3.740000000000000213e+00 -3.391566921766759335e-01 1.492387749245289053e+00 0.000000000000000000e+00
3.750000000000000000e+00 -3.382257434510271832e-01 1.492480857482950451e+00 0.000000000000000000e+00
3.760000000000000231e+00 -3.372521003367914272e-01 1.492569018401485925e+00 0.000000000000000000e+00
3.770000000000000018e+00 -3.362359004359150583e-01 1.492652190905596088e+00 0.000000000000000000e+00
3.780000000000000249e+00 -3.351772864696498933e-01 1.492730336387642520e+00 0.000000000000000000e+00
3.790000000000000036e+00 -3.340764062421862080e-01 1.492803418746187161e+00 0.000000000000000000e+00
3.800000000000000266e+00 -3.329334126033039465e-01 1.492871404405717417e+00 0.000000000000000000e+00
3.810000000000000053e+00 -3.317484634120912435e-01 1.492934262333089457e+00 0.000000000000000000e+00
3.820000000000000284e+00 -3.305217215000379460e-01 1.492991964053660636e+00 0.000000000000000000e+00
3.830000000000000071e+00 -3.292533546333610284e-01 1.493044483666885025e+00 0.000000000000000000e+00
3.839999999999999858e+00 -3.279435354767254451e-01 1.493091797858405734e+00 0.000000000000000000e+00
3.850000000000000089e+00 -3.265924415552420856e-01 1.493133885913691117e+00 0.000000000000000000e+00
3.859999999999999876e+00 -3.252002552174741434e-01 1.493170729727825830e+00 0.000000000000000000e+00
3.870000000000000107e+00 -3.237671635978052742e-01 1.493202313815923832e+00 0.000000000000000000e+00
3.879999999999999893e+00 -3.222933585785485722e-01 1.493228625320553560e+00 0.000000000000000000e+00
3.890000000000000124e+00 -3.207790367524623876e-01 1.493249654020166295e+00 0.000000000000000000e+00
3.899999999999999911e+00 -3.192243993845150785e-01 1.493265392332977060e+00 0.000000000000000000e+00
3.910000000000000142e+00 -3.176296523738076361e-01 1.493275835323006673e+00 0.000000000000000000e+00
3.919999999999999929e+00 -3.159950062154625594e-01 1.493280980702303085e+00 0.000000000000000000e+00
3.930000000000000160e+00 -3.143206759623042856e-01 1.493280828832563856e+00 0.000000000000000000e+00
3.939999999999999947e+00 -3.126068811863608743e-01 1.493275382726473310e+00 0.000000000000000000e+00
3.950000000000000178e+00 -3.108538459407603205e-01 1.493264648045928844e+00 0.000000000000000000e+00
3.959999999999999964e+00 -3.090617987210214634e-01 1.493248633100397349e+00 0.000000000000000000e+00
3.970000000000000195e+00 -3.072309724269620124e-01 1.493227348843480851e+00 0.000000000000000000e+00
3.979999999999999982e+00 -3.053616043243168043e-01 1.493200808867817919e+00 0.000000000000000000e+00
3.990000000000000213e+00 -3.034539360065713898e-01 1.493169029399555869e+00 0.000000000000000000e+00
4.000000000000000000e+00 -3.015082133571901912e-01 1.493132029290398011e+00 0.000000000000000000e+00
4.009999999999999787e+00 -2.995246865109764123e-01 1.493089830009543206e+00 0.000000000000000000e+00
4.020000000000000462e+00 -2.975036098174996813e-01 1.493042455633244225e+00 0.000000000000000000e+00
4.030000000000000249e+00 -2.954452418025749760e-01 1.492989932834244859e+00 0.000000000000000000e+00
4.040000000000000036e+00 -2.933498451312265276e-01 1.492932290868414835e+00 0.000000000000000000e+00
4.049999999999999822e+00 -2.912176865707210571e-01 1.492869561561930514e+00 0.000000000000000000e+00
4.060000000000000497e+00 -2.890490369533804671e-01 1.492801779295575892e+00 0.000000000000000000e+00
4.070000000000000284e+00 -2.868441711397187177e-01 1.492728980988713205e+00 0.000000000000000000e+00
4.080000000000000071e+00 -2.846033679822227991e-01 1.492651206081692328e+00 0.000000000000000000e+00
4.089999999999999858e+00 -2.823269102884447546e-01 1.492568496517369336e+00 0.000000000000000000e+00
4.099999999999999645e+00 -2.800150847853194458e-01 1.492480896720217665e+00 0.000000000000000000e+00
4.110000000000000320e+00 -2.776681820827838765e-01 1.492388453576529939e+00 0.000000000000000000e+00
4.120000000000000107e+00 -2.752864966382086997e-01 1.492291216410172927e+00 0.000000000000000000e+00
4.129999999999999893e+00 -2.728703267207688854e-01 1.492189236960711041e+00 0.000000000000000000e+00
4.139999999999999680e+00 -2.704199743762291108e-01 1.492082569357287447e+00 0.000000000000000000e+00
4.150000000000000355e+00 -2.679357453917379228e-01 1.491971270092900426e+00 0.000000000000000000e+00
4.160000000000000142e+00 -2.654179492609505253e-01 1.491855397997901234e+00 0.000000000000000000e+00
4.169999999999999929e+00 -2.628668991498318563e-01 1.491735014210595622e+00 0.000000000000000000e+00
4.179999999999999716e+00 -2.602829118618543713e-01 1.491610182148710217e+00 0.000000000000000000e+00
4.190000000000000391e+00 -2.576663078045968169e-01 1.491480967478334696e+00 0.000000000000000000e+00
4.200000000000000178e+00 -2.550174109552608703e-01 1.491347438082463395e+00 0.000000000000000000e+00
4.209999999999999964e+00 -2.523365488279149527e-01 1.491209664028228188e+00 0.000000000000000000e+00
4.219999999999999751e+00 -2.496240524398409266e-01 1.491067717533546055e+00 0.000000000000000000e+00
4.230000000000000426e+00 -2.468802562784969956e-01 1.490921672931394104e+00 0.000000000000000000e+00
4.240000000000000213e+00 -2.441054982687324570e-01 1.490771606635100666e+00 0.000000000000000000e+00
4.250000000000000000e+00 -2.413001197405061915e-01 1.490617597100824421e+00 0.000000000000000000e+00
4.259999999999999787e+00 -2.384644653953943982e-01 1.490459724790261342e+00 0.000000000000000000e+00
4.270000000000000462e+00 -2.355988832751999551e-01 1.490298072131536866e+00 0.000000000000000000e+00
4.280000000000000249e+00 -2.327037247287524480e-01 1.490132723479519194e+00 0.000000000000000000e+00
4.290000000000000036e+00 -2.297793443800456026e-01 1.489963765075406066e+00 0.000000000000000000e+00
4.299999999999999822e+00 -2.268261000954027440e-01 1.489791285004966381e+00 0.000000000000000000e+00
4.310000000000000497e+00 -2.238443529517827324e-01 1.489615373155241951e+00 0.000000000000000000e+00
4.320000000000000284e+00 -2.208344672033476230e-01 1.489436121171697769e+00 0.000000000000000000e+00
4.330000000000000071e+00 -2.177968102501229575e-01 1.489253622412664679e+00 0.000000000000000000e+00
4.339999999999999858e+00 -2.147317526050252778e-01 1.489067971903697440e+00 0.000000000000000000e+00
4.350000000000000533e+00 -2.116396678614516358e-01 1.488879266289877101e+00 0.000000000000000000e+00
4.360000000000000320e+00 -2.085209326612618985e-01 1.488687603787465230e+00 0.000000000000000000e+00
4.370000000000000107e+00 -2.053759266627280256e-01 1.488493084134415056e+00 0.000000000000000000e+00
4.379999999999999893e+00 -2.022050325083225020e-01 1.488295808537485776e+00 0.000000000000000000e+00
4.389999999999999680e+00 -1.990086357934263972e-01 1.488095879621127438e+00 0.000000000000000000e+00
4.400000000000000355e+00 -1.957871250354940307e-01 1.487893401371884305e+00 0.000000000000000000e+00
4.410000000000000142e+00 -1.925408916424847794e-01 1.487688479082843518e+00 0.000000000000000000e+00
4.419999999999999929e+00 -1.892703298839523152e-01 1.487481219296840296e+00 0.000000000000000000e+00
4.429999999999999716e+00 -1.859758368601317768e-01 1.487271729747407623e+00 0.000000000000000000e+00
4.440000000000000391e+00 -1.826578124740965980e-01 1.487060119300624539e+00 0.000000000000000000e+00
4.450000000000000178e+00 -1.793166594020576265e-01 1.486846497893694607e+00 0.000000000000000000e+00
4.459999999999999964e+00 -1.759527830654621927e-01 1.486630976476756238e+00 0.000000000000000000e+00
4.469999999999999751e+00 -1.725665916027417368e-01 1.486413666950144430e+00 0.000000000000000000e+00
4.480000000000000426e+00 -1.691584958408399175e-01 1.486194682106485310e+00 0.000000000000000000e+00
4.490000000000000213e+00 -1.657289092661547170e-01 1.485974135570078181e+00 0.000000000000000000e+00
4.500000000000000000e+00 -1.622782479959102020e-01 1.485752141737633814e+00 0.000000000000000000e+00
4.509999999999999787e+00 -1.588069307475012126e-01 1.485528815720800422e+00 0.000000000000000000e+00
4.520000000000000462e+00 -1.553153788077842323e-01 1.485304273287807453e+00 0.000000000000000000e+00
4.530000000000000249e+00 -1.518040160011979722e-01 1.485078630806522249e+00 0.000000000000000000e+00
4.540000000000000036e+00 -1.482732686565670921e-01 1.484852005187828228e+00 0.000000000000000000e+00
4.549999999999999822e+00 -1.447235655733637716e-01 1.484624513828452841e+00 0.000000000000000000e+00
4.560000000000000497e+00 -1.411553379868910330e-01 1.484396274555501938e+00 0.000000000000000000e+00
4.570000000000000284e+00 -1.375690195324024978e-01 1.484167405568475706e+00 0.000000000000000000e+00
4.580000000000000071e+00 -1.339650462094607031e-01 1.483938025383020554e+00 0.000000000000000000e+00
4.589999999999999858e+00 -1.303438563443982956e-01 1.483708252773611180e+00 0.000000000000000000e+00
4.600000000000000533e+00 -1.267058905541793568e-01 1.483478206715007852e+00 0.000000000000000000e+00
4.610000000000000320e+00 -1.230515917081796279e-01 1.483248006324464852e+00 0.000000000000000000e+00
4.620000000000000107e+00 -1.193814048910813025e-01 1.483017770802771418e+00 0.000000000000000000e+00
4.629999999999999893e+00 -1.156957773648365634e-01 1.482787619374558830e+00 0.000000000000000000e+00
4.639999999999999680e+00 -1.119951585309349462e-01 1.482557671229205898e+00 0.000000000000000000e+00
4.650000000000000355e+00 -1.082799998918953233e-01 1.482328045460064470e+00 0.000000000000000000e+00
4.660000000000000142e+00 -1.045507550132689090e-01 1.482098861004814472e+00 0.000000000000000000e+00
4.669999999999999929e+00 -1.008078794848477483e-01 1.481870236584267531e+00 0.000000000000000000e+00
4.679999999999999716e+00 -9.705183088150690085e-02 1.481642290642133375e+00 0.000000000000000000e+00
4.690000000000000391e+00 -9.328306872436532837e-02 1.481415141284194714e+00 0.000000000000000000e+00
4.700000000000000178e+00 -8.950205444068078109e-02 1.481188906217299595e+00 0.000000000000000000e+00
4.709999999999999964e+00 -8.570925132398558854e-02 1.480963702689186201e+00 0.000000000000000000e+00
4.719999999999999751e+00 -8.190512449296538655e-02 1.480739647427529171e+00 0.000000000000000000e+00
4.730000000000000426e+00 -7.809014085074697520e-02 1.480516856579919605e+00 0.000000000000000000e+00
4.740000000000000213e+00 -7.426476904289519565e-02 1.480295445653530662e+00 0.000000000000000000e+00
4.750000000000000000e+00 -7.042947941461538686e-02 1.480075529455673777e+00 0.000000000000000000e+00
4.759999999999999787e+00 -6.658474396841465581e-02 1.479857222034015374e+00 0.000000000000000000e+00
4.770000000000000462e+00 -6.273103631981211126e-02 1.479640636617769678e+00 0.000000000000000000e+00
4.780000000000000249e+00 -5.886883165312477295e-02 1.479425885558977027e+00 0.000000000000000000e+00
4.790000000000000036e+00 -5.499860667648300006e-02 1.479213080274372372e+00 0.000000000000000000e+00
4.799999999999999822e+00 -5.112083957602930884e-02 1.479002331187636576e+00 0.000000000000000000e+00
4.810000000000000497e+00 -4.723600996930370222e-02 1.478793747672155323e+00 0.000000000000000000e+00
4.820000000000000284e+00 -4.334459885793420092e-02 1.478587437995111831e+00 0.000000000000000000e+00
4.830000000000000071e+00 -3.944708858024815329e-02 1.478383509260239537e+00 0.000000000000000000e+00
4.839999999999999858e+00 -3.554396276169072971e-02 1.478182067353770224e+00 0.000000000000000000e+00
4.850000000000000533e+00 -3.163570626616001025e-02 1.477983216888862472e+00 0.000000000000000000e+00
4.860000000000000320e+00 -2.772280514486092501e-02 1.477787061151804693e+00 0.000000000000000000e+00
4.870000000000000107e+00 -2.380574658619150422e-02 1.477593702048557667e+00 0.000000000000000000e+00
4.879999999999999893e+00 -1.988501886305736252e-02 1.477403240052598932e+00 0.000000000000000000e+00
4.889999999999999680e+00 -1.596111128067776233e-02 1.477215774151971805e+00 0.000000000000000000e+00
4.900000000000000355e+00 -1.203451412292774574e-02 1.477031401799430155e+00 0.000000000000000000e+00
4.910000000000000142e+00 -8.105718597944318662e-03 1.476850218861051500e+00 0.000000000000000000e+00
4.919999999999999929e+00 -4.175216783138385561e-03 1.476672319567965408e+00 0.000000000000000000e+00
4.929999999999999716e+00 -2.435015693718024711e-04 1.476497796465786161e+00 0.000000000000000000e+00
4.940000000000000391e+00 3.688933395919630556e-03 1.476326740369240831e+00 0.000000000000000000e+00
4.950000000000000178e+00 7.621593766249506845e-03 1.476159240312976850e+00 0.000000000000000000e+00
4.959999999999999964e+00 1.155398455408742156e-02 1.475995383507547443e+00 0.000000000000000000e+00
4.969999999999999751e+00 1.548561018978848389e-02 1.475835255293052040e+00 0.000000000000000000e+00
4.980000000000000426e+00 1.941597458174639662e-02 1.475678939095592668e+00 0.000000000000000000e+00
4.990000000000000213e+00 2.334458117608653044e-02 1.475526516384523479e+00 0.000000000000000000e+00
5.000000000000000000e+00 2.727093301851007956e-02 1.475378066629911888e+00 0.000000000000000000e+00
5.009999999999999787e+00 3.119453281523407520e-02 1.475233667261926396e+00 0.000000000000000000e+00
5.020000000000000462e+00 3.511488299622202158e-02 1.475093393630857896e+00 0.000000000000000000e+00
5.030000000000000249e+00 3.903148577761848814e-02 1.474957318968219910e+00 0.000000000000000000e+00
5.040000000000000036e+00 4.294384322593967906e-02 1.474825514349481503e+00 0.000000000000000000e+00
5.049999999999999822e+00 4.685145732212941949e-02 1.474698048657161920e+00 0.000000000000000000e+00
5.060000000000000497e+00 5.075383002721349512e-02 1.474574988545552134e+00 0.000000000000000000e+00
5.070000000000000284e+00 5.465046334740986805e-02 1.474456398407153923e+00 0.000000000000000000e+00
5.080000000000000071e+00 5.854085940108347264e-02 1.474342340339028556e+00 0.000000000000000000e+00
5.089999999999999858e+00 6.242452048605470066e-02 1.474232874111956582e+00 0.000000000000000000e+00
5.100000000000000533e+00 6.630094914692002961e-02 1.474128057139286962e+00 0.000000000000000000e+00
5.110000000000000320e+00 7.016964824483340468e-02 1.474027944448840666e+00 0.000000000000000000e+00
5.120000000000000107e+00 7.403012102563251429e-02 1.473932588654516262e+00 0.000000000000000000e+00
5.129999999999999893e+00 7.788187119145258130e-02 1.473842039930017833e+00 0.000000000000000000e+00
5.139999999999999680e+00 8.172440297025744538e-02 1.473756345983910476e+00 0.000000000000000000e+00
5.150000000000000355e+00 8.555722118907932439e-02 1.473675552035924596e+00 0.000000000000000000e+00
5.160000000000000142e+00 8.937983134476837344e-02 1.473599700794070655e+00 0.000000000000000000e+00
5.169999999999999929e+00 9.319173967809490922e-02 1.473528832434251923e+00 0.000000000000000000e+00
5.179999999999999716e+00 9.699245324753934250e-02 1.473462984579389401e+00 0.000000000000000000e+00
5.190000000000000391e+00 1.007814800021799712e-01 1.473402192281727752e+00 0.000000000000000000e+00
5.200000000000000178e+00 1.045583288579405717e-01 1.473346488004987132e+00 0.000000000000000000e+00
5.209999999999999964e+00 1.083225097714271279e-01 1.473295901608623337e+00 0.000000000000000000e+00
5.219999999999999751e+00 1.120735338163220268e-01 1.473250460331903655e+00 0.000000000000000000e+00
5.230000000000000426e+00 1.158109132581407325e-01 1.473210188782054564e+00 0.000000000000000000e+00
5.240000000000000213e+00 1.195341616312508154e-01 1.473175108919927423e+00 0.000000000000000000e+00
5.250000000000000000e+00 1.232427938140714940e-01 1.473145240050148130e+00 0.000000000000000000e+00
5.259999999999999787e+00 1.269363261061110804e-01 1.473120598810480741e+00 0.000000000000000000e+00
5.270000000000000462e+00 1.306142763040959442e-01 1.473101199163694197e+00 0.000000000000000000e+00
5.280000000000000249e+00 1.342761637783050077e-01 1.473087052390057883e+00 0.000000000000000000e+00
5.290000000000000036e+00 1.379215095502663579e-01 1.473078167081351308e+00 0.000000000000000000e+00
5.299999999999999822e+00 1.415498363679735805e-01 1.473074549137051381e+00 0.000000000000000000e+00
5.310000000000000497e+00 1.451606687847334654e-01 1.473076201760076476e+00 0.000000000000000000e+00
5.320000000000000284e+00 1.487535332347391659e-01 1.473083125457145481e+00 0.000000000000000000e+00
5.330000000000000071e+00 1.523279581111782188e-01 1.473095318036065082e+00 0.000000000000000000e+00
5.339999999999999858e+00 1.558834738431679190e-01 1.473112774610027875e+00 0.000000000000000000e+00
5.350000000000000533e+00 1.594196129738428280e-01 1.473135487597545090e+00 0.000000000000000000e+00
5.360000000000000320e+00 1.629359102372495427e-01 1.473163446729195192e+00 0.000000000000000000e+00
5.370000000000000107e+00 1.664319026363604292e-01 1.473196639051644441e+00 0.000000000000000000e+00
5.379999999999999893e+00 1.699071295216022792e-01 1.473235048935741531e+00 0.000000000000000000e+00
5.389999999999999680e+00 1.733611326666276153e-01 1.473278658084712811e+00 0.000000000000000000e+00
5.400000000000000355e+00 1.767934563488854360e-01 1.473327445544104553e+00 0.000000000000000000e+00
5.410000000000000142e+00 1.802036474244996245e-01 1.473381387713448287e+00 0.000000000000000000e+00
5.419999999999999929e+00 1.835912554077168968e-01 1.473440458358630467e+00 0.000000000000000000e+00
5.429999999999999716e+00 1.869558325474458549e-01 1.473504628626204571e+00 0.000000000000000000e+00
5.440000000000000391e+00 1.902969339046096942e-01 1.473573867058559639e+00 0.000000000000000000e+00
5.450000000000000178e+00 1.936141174286279132e-01 1.473648139611148489e+00 0.000000000000000000e+00
5.459999999999999964e+00 1.969069440345907751e-01 1.473727409669832289e+00 0.000000000000000000e+00
5.469999999999999751e+00 2.001749776785497204e-01 1.473811638070714691e+00 0.000000000000000000e+00
5.480000000000000426e+00 2.034177854338182212e-01 1.473900783120754232e+00 0.000000000000000000e+00
5.490000000000000213e+00 2.066349375655640308e-01 1.473994800619452317e+00 0.000000000000000000e+00
5.500000000000000000e+00 2.098260076063624135e-01 1.474093643882094185e+00 0.000000000000000000e+00
5.509999999999999787e+00 2.129905724291296376e-01 1.474197263764324140e+00 0.000000000000000000e+00
5.520000000000000462e+00 2.161282123218938866e-01 1.474305608687660252e+00 0.000000000000000000e+00
5.530000000000000249e+00 2.192385110598114306e-01 1.474418624666382405e+00 0.000000000000000000e+00
5.540000000000000036e+00 2.223210559783743989e-01 1.474536255335665569e+00 0.000000000000000000e+00
5.549999999999999822e+00 2.253754380444757954e-01 1.474658441980977841e+00 0.000000000000000000e+00
5.560000000000000497e+00 2.284012519278481312e-01 1.474785123568295386e+00 0.000000000000000000e+00
5.570000000000000284e+00 2.313980960719158042e-01 1.474916236776103284e+00 0.000000000000000000e+00
5.580000000000000071e+00 2.343655727629359586e-01 1.475051716027872217e+00 0.000000000000000000e+00
5.589999999999999858e+00 2.373032881997159393e-01 1.475191493526207376e+00 0.000000000000000000e+00
5.600000000000000533e+00 2.402108525621284019e-01 1.475335499287741436e+00 0.000000000000000000e+00
5.610000000000000320e+00 2.430878800785794269e-01 1.475483661179447070e+00 0.000000000000000000e+00
5.620000000000000107e+00 2.459339890936056983e-01 1.475635904955785671e+00 0.000000000000000000e+00
5.629999999999999893e+00 2.487488021338639943e-01 1.475792154296707626e+00 0.000000000000000000e+00
5.639999999999999680e+00 2.515319459739716601e-01 1.475952330847625671e+00 0.000000000000000000e+00
5.650000000000000355e+00 2.542830517015640668e-01 1.476116354258907304e+00 0.000000000000000000e+00
5.660000000000000142e+00 2.570017547805850122e-01 1.476284142228119212e+00 0.000000000000000000e+00
5.669999999999999929e+00 2.596876951154870050e-01 1.476455610541479668e+00 0.000000000000000000e+00
5.679999999999999716e+00 2.623405171127636271e-01 1.476630673117555359e+00 0.000000000000000000e+00
5.690000000000000391e+00 2.649598697423652394e-01 1.476809242051627669e+00 0.000000000000000000e+00
5.700000000000000178e+00 2.675454065988615571e-01 1.476991227660135353e+00 0.000000000000000000e+00
5.709999999999999964e+00 2.700967859594841647e-01 1.477176538527461558e+00 0.000000000000000000e+00
5.719999999999999751e+00 2.726136708443310241e-01 1.477365081552084680e+00 0.000000000000000000e+00
5.730000000000000426e+00 2.750957290718997750e-01 1.477556761994424983e+00 0.000000000000000000e+00
5.740000000000000213e+00 2.775426333168222737e-01 1.477751483525917786e+00 0.000000000000000000e+00
5.750000000000000000e+00 2.799540611642702959e-01 1.477949148276986424e+00 0.000000000000000000e+00
5.759999999999999787e+00 2.823296951642200736e-01 1.478149656888742003e+00 0.000000000000000000e+00
5.770000000000000462e+00 2.846692228844793782e-01 1.478352908561854528e+00 0.000000000000000000e+00
5.780000000000000249e+00 2.869723369622931286e-01 1.478558801109745913e+00 0.000000000000000000e+00
5.790000000000000036e+00 2.892387351551855001e-01 1.478767231009636696e+00 0.000000000000000000e+00
5.799999999999999822e+00 2.914681203898795148e-01 1.478978093455403764e+00 0.000000000000000000e+00
5.810000000000000497e+00 2.936602008107495609e-01 1.479191282411480568e+00 0.000000000000000000e+00
5.820000000000000284e+00 2.958146898268187441e-01 1.479406690666300150e+00 0.000000000000000000e+00
5.830000000000000071e+00 2.979313061567757659e-01 1.479624209887304254e+00 0.000000000000000000e+00
5.839999999999999858e+00 3.000097738742310005e-01 1.479843730675374225e+00 0.000000000000000000e+00
5.850000000000000533e+00 3.020498224495153372e-01 1.480065142621080465e+00 0.000000000000000000e+00
5.860000000000000320e+00 3.040511867925565492e-01 1.480288334360267299e+00 0.000000000000000000e+00
5.870000000000000107e+00 3.060136072922059469e-01 1.480513193630754953e+00 0.000000000000000000e+00
5.879999999999999893e+00 3.079368298557602635e-01 1.480739607329139673e+00 0.000000000000000000e+00
5.889999999999999680e+00 3.098206059461453554e-01 1.480967461568140298e+00 0.000000000000000000e+00
5.900000000000000355e+00 3.116646926186472655e-01 1.481196641734228381e+00 0.000000000000000000e+00
5.910000000000000142e+00 3.134688525546719950e-01 1.481427032545761691e+00 0.000000000000000000e+00
5.919999999999999929e+00 3.152328540963280079e-01 1.481658518110833045e+00 0.000000000000000000e+00
5.929999999999999716e+00 3.169564712774367576e-01 1.481890981986576206e+00 0.000000000000000000e+00
5.940000000000000391e+00 3.186394838545940633e-01 1.482124307236963423e+00 0.000000000000000000e+00
5.950000000000000178e+00 3.202816773361337743e-01 1.482358376493189578e+00 0.000000000000000000e+00
5.959999999999999964e+00 3.218828430101025595e-01 1.482593072011359814e+00 0.000000000000000000e+00
5.969999999999999751e+00 3.234427779704666661e-01 1.482828275733270695e+00 0.000000000000000000e+00
5.980000000000000426e+00 3.249612851421759818e-01 1.483063869344882324e+00 0.000000000000000000e+00
5.990000000000000213e+00 3.264381733050474299e-01 1.483299734336602782e+00 0.000000000000000000e+00
6.000000000000000000e+00 3.278732571155745790e-01 1.483535752062880908e+00 0.000000000000000000e+00
6.009999999999999787e+00 3.292663571283998558e-01 1.483771803801294809e+00 0.000000000000000000e+00
6.020000000000000462e+00 3.306172998151507003e-01 1.484007770813630112e+00 0.000000000000000000e+00
6.030000000000000249e+00 3.319259175832748321e-01 1.484243534404298126e+00 0.000000000000000000e+00
6.040000000000000036e+00 3.331920487922336305e-01 1.484478975980882742e+00 0.000000000000000000e+00
6.049999999999999822e+00 3.344155377690203323e-01 1.484713977113385486e+00 0.000000000000000000e+00
6.060000000000000497e+00 3.355962348221274150e-01 1.484948419594008140e+00 0.000000000000000000e+00
6.070000000000000284e+00 3.367339962540321086e-01 1.485182185496409346e+00 0.000000000000000000e+00
6.080000000000000071e+00 3.378286843718167898e-01 1.485415157235025152e+00 0.000000000000000000e+00
6.089999999999999858e+00 3.388801674976474887e-01 1.485647217624050942e+00 0.000000000000000000e+00
6.100000000000000533e+00 3.398883199759538121e-01 1.485878249936385620e+00 0.000000000000000000e+00
6.110000000000000320e+00 3.408530221806878591e-01 1.486108137962275366e+00 0.000000000000000000e+00
6.120000000000000107e+00 3.417741605203444277e-01 1.486336766067288151e+00 0.000000000000000000e+00
6.129999999999999893e+00 3.426516274419365016e-01 1.486564019251052970e+00 0.000000000000000000e+00
6.140000000000000568e+00 3.434853214326832882e-01 1.486789783203932958e+00 0.000000000000000000e+00
6.150000000000000355e+00 3.442751470218724519e-01 1.487013944365403129e+00 0.000000000000000000e+00
6.160000000000000142e+00 3.450210147793306703e-01 1.487236389980416629e+00 0.000000000000000000e+00
6.169999999999999929e+00 3.457228413138940248e-01 1.487457008155668614e+00 0.000000000000000000e+00
6.179999999999999716e+00 3.463805492700611222e-01 1.487675687916726108e+00 0.000000000000000000e+00
6.190000000000000391e+00 3.469940673230397787e-01 1.487892319262340779e+00 0.000000000000000000e+00
6.200000000000000178e+00 3.475633301726323565e-01 1.488106793220825841e+00 0.000000000000000000e+00
6.209999999999999964e+00 3.480882785360001064e-01 1.488319001903465111e+00 0.000000000000000000e+00
6.219999999999999751e+00 3.485688591384672463e-01 1.488528838559677769e+00 0.000000000000000000e+00
6.230000000000000426e+00 3.490050247043262610e-01 1.488736197629801472e+00 0.000000000000000000e+00
6.240000000000000213e+00 3.493967339442108910e-01 1.488940974798213190e+00 0.000000000000000000e+00
6.250000000000000000e+00 3.497439515444202285e-01 1.489143067045646918e+00 0.000000000000000000e+00
6.259999999999999787e+00 3.500466481513875294e-01 1.489342372700411810e+00 0.000000000000000000e+00
6.270000000000000462e+00 3.503048003587119763e-01 1.489538791490345293e+00 0.000000000000000000e+00
6.280000000000000249e+00 3.505183906896744972e-01 1.489732224591447718e+00 0.000000000000000000e+00
6.290000000000000036e+00 3.506874075817366099e-01 1.489922574679319656e+00 0.000000000000000000e+00
6.299999999999999822e+00 3.508118453676842829e-01 1.490109745975947586e+00 0.000000000000000000e+00
6.310000000000000497e+00 3.508917042569626998e-01 1.490293644299453213e+00 0.000000000000000000e+00
6.320000000000000284e+00 3.509269903162243187e-01 1.490474177110229226e+00 0.000000000000000000e+00
6.330000000000000071e+00 3.509177154477105542e-01 1.490651253557633726e+00 0.000000000000000000e+00
6.339999999999999858e+00 3.508638973687251972e-01 1.490824784525762503e+00 0.000000000000000000e+00
6.350000000000000533e+00 3.507655595878593213e-01 1.490994682677638794e+00 0.000000000000000000e+00
6.360000000000000320e+00 3.506227313824581415e-01 1.491160862499909756e+00 0.000000000000000000e+00
6.370000000000000107e+00 3.504354477743888974e-01 1.491323240344547774e+00 0.000000000000000000e+00
6.379999999999999893e+00 3.502037495039325710e-01 1.491481734472193343e+00 0.000000000000000000e+00
6.390000000000000568e+00 3.499276830053724141e-01 1.491636265091960123e+00 0.000000000000000000e+00
6.400000000000000355e+00 3.496073003788673361e-01 1.491786754402445903e+00 0.000000000000000000e+00
6.410000000000000142e+00 3.492426593637225074e-01 1.491933126630525575e+00 0.000000000000000000e+00
6.419999999999999929e+00 3.488338233096259788e-01 1.492075308069084061e+00 0.000000000000000000e+00
6.429999999999999716e+00 3.483808611471638783e-01 1.492213227114833396e+00 0.000000000000000000e+00
6.440000000000000391e+00 3.478838473582567814e-01 1.492346814303403102e+00 0.000000000000000000e+00
6.450000000000000178e+00 3.473428619446110033e-01 1.492476002345305419e+00 0.000000000000000000e+00
6.459999999999999964e+00 3.467579903967191179e-01 1.492600726159042379e+00 0.000000000000000000e+00
6.469999999999999751e+00 3.461293236603841805e-01 1.492720922904036351e+00 0.000000000000000000e+00
6.480000000000000426e+00 3.454569581045784377e-01 1.492836532012844053e+00 0.000000000000000000e+00
6.490000000000000213e+00 3.447409954869622428e-01 1.492947495220717125e+00 0.000000000000000000e+00
6.500000000000000000e+00 3.439815429191868112e-01 1.493053756596075310e+00 0.000000000000000000e+00
6.509999999999999787e+00 3.431787128323626757e-01 1.493155262567618546e+00 0.000000000000000000e+00
6.520000000000000462e+00 3.423326229409674459e-01 1.493251961952709372e+00 0.000000000000000000e+00
6.530000000000000249e+00 3.414433962070192452e-01 1.493343805981685257e+00 0.000000000000000000e+00
6.540000000000000036e+00 3.405111608036096027e-01 1.493430748324194646e+00 0.000000000000000000e+00
6.549999999999999822e+00 3.395360500783115576e-01 1.493512745111246431e+00 0.000000000000000000e+00
6.560000000000000497e+00 3.385182025160448083e-01 1.493589754958394744e+00 0.000000000000000000e+00
6.570000000000000284e+00 3.374577617021183862e-01 1.493661738986519660e+00 0.000000000000000000e+00
6.580000000000000071e+00 3.363548762851635843e-01 1.493728660841516565e+00 0.000000000000000000e+00
6.589999999999999858e+00 3.352096999392310539e-01 1.493790486712747168e+00 0.000000000000000000e+00
6.600000000000000533e+00 3.340223913274879552e-01 1.493847185350888340e+00 0.000000000000000000e+00
6.610000000000000320e+00 3.327931140633979545e-01 1.493898728083316696e+00 0.000000000000000000e+00
6.620000000000000107e+00 3.315220366751332470e-01 1.493945088829274459e+00 0.000000000000000000e+00
6.629999999999999893e+00 3.302093325660737100e-01 1.493986244113143735e+00 0.000000000000000000e+00
6.640000000000000568e+00 3.288551799794915409e-01 1.494022173076778204e+00 0.000000000000000000e+00
6.650000000000000355e+00 3.274597619593403452e-01 1.494052857490361097e+00 0.000000000000000000e+00
6.660000000000000142e+00 3.260232663137643816e-01 1.494078281761982208e+00 0.000000000000000000e+00
6.669999999999999929e+00 3.245458855772070939e-01 1.494098432945690780e+00 0.000000000000000000e+00
6.679999999999999716e+00 3.230278169727093807e-01 1.494113300749202455e+00 0.000000000000000000e+00
6.690000000000000391e+00 3.214692623741725042e-01 1.494122877538506255e+00 0.000000000000000000e+00
6.700000000000000178e+00 3.198704282685832512e-01 1.494127158343240280e+00 0.000000000000000000e+00
6.709999999999999964e+00 3.182315257182701806e-01 1.494126140859055374e+00 0.000000000000000000e+00
6.719999999999999751e+00 3.165527703221940325e-01 1.494119825449458538e+00 0.000000000000000000e+00
6.730000000000000426e+00 3.148343821791884656e-01 1.494108215146660479e+00 0.000000000000000000e+00
6.740000000000000213e+00 3.130765858482359998e-01 1.494091315649958007e+00 0.000000000000000000e+00
6.750000000000000000e+00 3.112796103119866431e-01 1.494069135324072706e+00 0.000000000000000000e+00
6.759999999999999787e+00 3.094436889375774546e-01 1.494041685195695246e+00 0.000000000000000000e+00
6.770000000000000462e+00 3.075690594392310184e-01 1.494008978947797939e+00 0.000000000000000000e+00
6.780000000000000249e+00 3.056559638404656165e-01 1.493971032914803043e+00 0.000000000000000000e+00
6.790000000000000036e+00 3.037046484357538434e-01 1.493927866074285182e+00 0.000000000000000000e+00
6.799999999999999822e+00 3.017153637542506206e-01 1.493879500038189700e+00 0.000000000000000000e+00
6.810000000000000497e+00 2.996883645211340652e-01 1.493825959043549201e+00 0.000000000000000000e+00
6.820000000000000284e+00 2.976239096216853341e-01 1.493767269940789344e+00 0.000000000000000000e+00
6.830000000000000071e+00 2.955222620637498743e-01 1.493703462180734132e+00 0.000000000000000000e+00
6.839999999999999858e+00 2.933836889417843485e-01 1.493634567801588986e+00 0.000000000000000000e+00
6.850000000000000533e+00 2.912084613999836868e-01 1.493560621413446254e+00 0.000000000000000000e+00
6.860000000000000320e+00 2.889968545967428470e-01 1.493481660181647852e+00 0.000000000000000000e+00
6.870000000000000107e+00 2.867491476684074780e-01 1.493397723809312128e+00 0.000000000000000000e+00
6.879999999999999893e+00 2.844656236938522542e-01 1.493308854518993201e+00 0.000000000000000000e+00
6.890000000000000568e+00 2.821465696590948480e-01 1.493215097031067362e+00 0.000000000000000000e+00
6.900000000000000355e+00 2.797922764217446456e-01 1.493116498543893833e+00 0.000000000000000000e+00
6.910000000000000142e+00 2.774030386760703570e-01 1.493013108710054881e+00 0.000000000000000000e+00
6.919999999999999929e+00 2.749791549178566830e-01 1.492904979612221350e+00 0.000000000000000000e+00
6.929999999999999716e+00 2.725209274098971401e-01 1.492792165739352805e+00 0.000000000000000000e+00
6.940000000000000391e+00 2.700286621464751957e-01 1.492674723958111294e+00 0.000000000000000000e+00
6.950000000000000178e+00 2.675026688201007086e-01 1.492552713487089733e+00 0.000000000000000000e+00
6.959999999999999964e+00 2.649432607852895694e-01 1.492426195866617178e+00 0.000000000000000000e+00
6.969999999999999751e+00 2.623507550263268762e-01 1.492295234929143177e+00 0.000000000000000000e+00
6.980000000000000426e+00 2.597254721212091666e-01 1.492159896767812910e+00 0.000000000000000000e+00
6.990000000000000213e+00 2.570677362094173080e-01 1.492020249703629009e+00 0.000000000000000000e+00
7.000000000000000000e+00 2.543778749573490372e-01 1.491876364252306297e+00 0.000000000000000000e+00
7.009999999999999787e+00 2.516562195247822320e-01 1.491728313088416247e+00 0.000000000000000000e+00
7.020000000000000462e+00 2.489031045325489633e-01 1.491576171010504215e+00 0.000000000000000000e+00
7.030000000000000249e+00 2.461188680285133212e-01 1.491420014902634872e+00 0.000000000000000000e+00
7.040000000000000036e+00 2.433038514554949905e-01 1.491259923697866974e+00 0.000000000000000000e+00
7.049999999999999822e+00 2.404583996185605532e-01 1.491095978336768324e+00 0.000000000000000000e+00
7.060000000000000497e+00 2.375828606526467213e-01 1.490928261729297377e+00 0.000000000000000000e+00
7.070000000000000284e+00 2.346775859900272487e-01 1.490756858712285693e+00 0.000000000000000000e+00
7.080000000000000071e+00 2.317429303291222986e-01 1.490581856007703765e+00 0.000000000000000000e+00
7.089999999999999858e+00 2.287792516012552013e-01 1.490403342179569490e+00 0.000000000000000000e+00
7.100000000000000533e+00 2.257869109401874630e-01 1.490221407590515801e+00 0.000000000000000000e+00
7.110000000000000320e+00 2.227662726490544920e-01 1.490036144356847503e+00 0.000000000000000000e+00
7.120000000000000107e+00 2.197177041697541688e-01 1.489847646304081730e+00 0.000000000000000000e+00
7.129999999999999893e+00 2.166415760507736654e-01 1.489656008919825414e+00 0.000000000000000000e+00
7.140000000000000568e+00 2.135382619163770090e-01 1.489461329309304860e+00 0.000000000000000000e+00
7.150000000000000355e+00 2.104081384352093909e-01 1.489263706146175981e+00 0.000000000000000000e+00
7.160000000000000142e+00 2.072515852899388666e-01 1.489063239626381208e+00 0.000000000000000000e+00
7.169999999999999929e+00 2.040689851474378758e-01 1.488860031418605567e+00 0.000000000000000000e+00
7.179999999999999716e+00 2.008607236284558339e-01 1.488654184615940457e+00 0.000000000000000000e+00
7.190000000000000391e+00 1.976271892796695739e-01 1.488445803684263824e+00 0.000000000000000000e+00
7.200000000000000178e+00 1.943687735444845077e-01 1.488234994412991563e+00 0.000000000000000000e+00
7.209999999999999964e+00 1.910858707360590658e-01 1.488021863860007121e+00 0.000000000000000000e+00
7.219999999999999751e+00 1.877788780098261778e-01 1.487806520301121038e+00 0.000000000000000000e+00
7.230000000000000426e+00 1.844481953361140070e-01 1.487589073172425724e+00 0.000000000000000000e+00
7.240000000000000213e+00 1.810942254740348922e-01 1.487369633016501824e+00 0.000000000000000000e+00
7.250000000000000000e+00 1.777173739436631872e-01 1.487148311423768909e+00 0.000000000000000000e+00
7.259999999999999787e+00 1.743180489983744141e-01 1.486925220975529038e+00 0.000000000000000000e+00
7.270000000000000462e+00 1.708966615971420633e-01 1.486700475184641324e+00 0.000000000000000000e+00
7.280000000000000249e+00 1.674536253744792480e-01 1.486474188435748411e+00 0.000000000000000000e+00
7.290000000000000036e+00 1.639893566104121958e-01 1.486246475925717014e+00 0.000000000000000000e+00
7.299999999999999822e+00 1.605042741994748001e-01 1.486017453603379668e+00 0.000000000000000000e+00
7.310000000000000497e+00 1.569987996177752421e-01 1.485787238108197128e+00 0.000000000000000000e+00
7.320000000000000284e+00 1.534733568905817525e-01 1.485555946710407138e+00 0.000000000000000000e+00
7.330000000000000071e+00 1.499283725574969139e-01 1.485323697249472996e+00 0.000000000000000000e+00
7.339999999999999858e+00 1.463642756388039423e-01 1.485090608073446727e+00 0.000000000000000000e+00
7.350000000000000533e+00 1.427814975995941871e-01 1.484856797978084453e+00 0.000000000000000000e+00
7.360000000000000320e+00 1.391804723148624967e-01 1.484622386145222128e+00 0.000000000000000000e+00
7.370000000000000107e+00 1.355616360340596849e-01 1.484387492082085869e+00 0.000000000000000000e+00
7.379999999999999893e+00 1.319254273442906356e-01 1.484152235560199928e+00 0.000000000000000000e+00
7.390000000000000568e+00 1.282722871355844174e-01 1.483916736553674509e+00 0.000000000000000000e+00
7.400000000000000355e+00 1.246026585635897910e-01 1.483681115178321575e+00 0.000000000000000000e+00
7.410000000000000142e+00 1.209169870141133807e-01 1.483445491630263735e+00 0.000000000000000000e+00
7.419999999999999929e+00 1.172157200661322479e-01 1.483209986124809143e+00 0.000000000000000000e+00
7.429999999999999716e+00 1.134993074552899522e-01 1.482974718834869199e+00 0.000000000000000000e+00
7.440000000000000391e+00 1.097682010371448802e-01 1.482739809830059263e+00 0.000000000000000000e+00
7.450000000000000178e+00 1.060228547497082258e-01 1.482505379015306213e+00 0.000000000000000000e+00
7.459999999999999964e+00 1.022637245759260571e-01 1.482271546070129675e+00 0.000000000000000000e+00
7.469999999999999751e+00 9.849126850601294669e-02 1.482038430387016437e+00 0.000000000000000000e+00
7.480000000000000426e+00 9.470594649878029403e-02 1.481806151011469952e+00 0.000000000000000000e+00
7.490000000000000213e+00 9.090822044290965132e-02 1.481574826580553728e+00 0.000000000000000000e+00
7.500000000000000000e+00 8.709855411780380308e-02 1.481344575262790286e+00 0.000000000000000000e+00
7.509999999999999787e+00 8.327741315308291592e-02 1.481115514698084556e+00 0.000000000000000000e+00
7.520000000000000462e+00 7.944526498885189081e-02 1.480887761937151215e+00 0.000000000000000000e+00
7.530000000000000249e+00 7.560257883379734034e-02 1.480661433382332692e+00 0.000000000000000000e+00
7.540000000000000036e+00 7.174982562394464913e-02 1.480436644727825435e+00 0.000000000000000000e+00
7.549999999999999822e+00 6.788747797989978794e-02 1.480213510900680207e+00 0.000000000000000000e+00
7.560000000000000497e+00 6.401601016353737628e-02 1.479992146002257813e+00 0.000000000000000000e+00
7.570000000000000284e+00 6.013589803460373667e-02 1.479772663249384168e+00 0.000000000000000000e+00
7.580000000000000071e+00 5.624761900550772492e-02 1.479555174917116300e+00 0.000000000000000000e+00
7.589999999999999858e+00 5.235165199630598121e-02 1.479339792280791599e+00 0.000000000000000000e+00
7.600000000000000533e+00 4.844847738863145709e-02 1.479126625559332275e+00 0.000000000000000000e+00
7.610000000000000320e+00 4.453857697865196141e-02 1.478915783858343991e+00 0.000000000000000000e+00
7.620000000000000107e+00 4.062243392932007868e-02 1.478707375115301925e+00 0.000000000000000000e+00
7.629999999999999893e+00 3.670053272252495752e-02 1.478501506042714686e+00 0.000000000000000000e+00
7.640000000000000568e+00 3.277335910905821575e-02 1.478298282074736569e+00 0.000000000000000000e+00
7.650000000000000355e+00 2.884140005962615091e-02 1.478097807312549472e+00 0.000000000000000000e+00
7.660000000000000142e+00 2.490514371307827463e-02 1.477900184470680722e+00 0.000000000000000000e+00
7.669999999999999929e+00 2.096507932545765146e-02 1.477705514824856792e+00 0.000000000000000000e+00
7.679999999999999716e+00 1.702169721774149033e-02 1.477513898159668715e+00 0.000000000000000000e+00
7.690000000000000391e+00 1.307548872168066804e-02 1.477325432717510267e+00 0.000000000000000000e+00
7.700000000000000178e+00 9.126946127189228264e-03 1.477140215147652036e+00 0.000000000000000000e+00
7.709999999999999964e+00 5.176562626114994924e-03 1.476958340457420027e+00 0.000000000000000000e+00
7.719999999999999751e+00 1.224832257540013972e-03 1.476779901962419483e+00 0.000000000000000000e+00
7.730000000000000426e+00 -2.727750149074970824e-03 1.476604991239238718e+00 0.000000000000000000e+00
7.740000000000000213e+00 -6.680689031118186225e-03 1.476433698077970647e+00 0.000000000000000000e+00
7.750000000000000000e+00 -1.063348815079069934e-02 1.476266110436170953e+00 0.000000000000000000e+00
7.759999999999999787e+00 -1.458565065407111359e-02 1.476102314393667791e+00 0.000000000000000000e+00
7.770000000000000462e+00 -1.853667913007010087e-02 1.475942394107901290e+00 0.000000000000000000e+00
7.780000000000000249e+00 -2.248607567133462451e-02 1.475786431771177076e+00 0.000000000000000000e+00
7.790000000000000036e+00 -2.643334193549236322e-02 1.475634507567714859e+00 0.000000000000000000e+00
7.799999999999999822e+00 -3.037797920558707801e-02 1.475486699633063781e+00 0.000000000000000000e+00
7.810000000000000497e+00 -3.431948845431311707e-02 1.475343084013034600e+00 0.000000000000000000e+00
7.820000000000000284e+00 -3.825737040533780386e-02 1.475203734625722740e+00 0.000000000000000000e+00
7.830000000000000071e+00 -4.219112559820734770e-02 1.475068723221866218e+00 0.000000000000000000e+00
7.839999999999999858e+00 -4.612025445224317288e-02 1.474938119349585186e+00 0.000000000000000000e+00
7.850000000000000533e+00 -5.004425733153921446e-02 1.474811990317613786e+00 0.000000000000000000e+00
7.860000000000000320e+00 -5.396263461077498158e-02 1.474690401160619890e+00 0.000000000000000000e+00
7.870000000000000107e+00 -5.787488674132961614e-02 1.474573414606425104e+00 0.000000000000000000e+00
7.879999999999999893e+00 -6.178051431829045814e-02 1.474461091043112404e+00 0.000000000000000000e+00
7.890000000000000568e+00 -6.567901814829955887e-02 1.474353488488279185e+00 0.000000000000000000e+00
7.900000000000000355e+00 -6.956989931721299647e-02 1.474250662559241754e+00 0.000000000000000000e+00
7.910000000000000142e+00 -7.345265925940352991e-02 1.474152666444286330e+00 0.000000000000000000e+00
7.919999999999999929e+00 -7.732679982757190151e-02 1.474059550875716385e+00 0.000000000000000000e+00
7.930000000000000604e+00 -8.119182336249076981e-02 1.473971364103104031e+00 0.000000000000000000e+00
7.940000000000000391e+00 -8.504723276402760546e-02 1.473888151869749086e+00 0.000000000000000000e+00
7.950000000000000178e+00 -8.889253156342484530e-02 1.473809957387852032e+00 0.000000000000000000e+00
7.959999999999999964e+00 -9.272722399469469912e-02 1.473736821317391810e+00 0.000000000000000000e+00
7.969999999999999751e+00 -9.655081506813914527e-02 1.473668781745007816e+00 0.000000000000000000e+00
7.980000000000000426e+00 -1.003628106439540535e-01 1.473605874164437335e+00 0.000000000000000000e+00
7.990000000000000213e+00 -1.041627175057804056e-01 1.473548131458544797e+00 0.000000000000000000e+00
8.000000000000000000e+00 -1.079500434367300366e-01 1.473495583882403759e+00 0.000000000000000000e+00
8.009999999999999787e+00 -1.117242972934238271e-01 1.473448259048560249e+00 0.000000000000000000e+00
8.019999999999999574e+00 -1.154849890825807163e-01 1.473406181911799395e+00 0.000000000000000000e+00
8.029999999999999361e+00 -1.192316300371084881e-01 1.473369374757731887e+00 0.000000000000000000e+00
8.040000000000000924e+00 -1.229637326929508834e-01 1.473337857191173050e+00 0.000000000000000000e+00
8.050000000000000711e+00 -1.266808109656473724e-01 1.473311646125909036e+00 0.000000000000000000e+00
8.060000000000000497e+00 -1.303823802286101230e-01 1.473290755776771599e+00 0.000000000000000000e+00
8.070000000000000284e+00 -1.340679573898348742e-01 1.473275197652684554e+00 0.000000000000000000e+00
8.080000000000000071e+00 -1.377370612572776098e-01 1.473264973943387401e+00 0.000000000000000000e+00
8.089999999999999858e+00 -1.413892110923505030e-01 1.473260115401923809e+00 0.000000000000000000e+00
8.099999999999999645e+00 -1.450239300803343734e-01 1.473260590307660101e+00 0.000000000000000000e+00
8.109999999999999432e+00 -1.486407413263629851e-01 1.473266423018088300e+00 0.000000000000000000e+00
8.120000000000000995e+00 -1.522391707830067220e-01 1.473277603706805161e+00 0.000000000000000000e+00
8.130000000000000782e+00 -1.558187462013091995e-01 1.473294128523058744e+00 0.000000000000000000e+00
8.140000000000000568e+00 -1.593789974119827202e-01 1.473315990090643401e+00 0.000000000000000000e+00
8.150000000000000355e+00 -1.629194564198350459e-01 1.473343178150144706e+00 0.000000000000000000e+00
8.160000000000000142e+00 -1.664396574669775863e-01 1.473375679774816760e+00 0.000000000000000000e+00
8.169999999999999929e+00 -1.699391371138635476e-01 1.473413479336540544e+00 0.000000000000000000e+00
8.179999999999999716e+00 -1.734174343170977739e-01 1.473456558514934400e+00 0.000000000000000000e+00
8.189999999999999503e+00 -1.768740905087931581e-01 1.473504896309279166e+00 0.000000000000000000e+00
8.199999999999999289e+00 -1.803086496740089473e-01 1.473558469049358832e+00 0.000000000000000000e+00
8.210000000000000853e+00 -1.837206584287508215e-01 1.473617250407445178e+00 0.000000000000000000e+00
8.220000000000000639e+00 -1.871096660989026161e-01 1.473681211412261050e+00 0.000000000000000000e+00
8.230000000000000426e+00 -1.904752247965712242e-01 1.473750320464827013e+00 0.000000000000000000e+00
8.240000000000000213e+00 -1.938168894987583324e-01 1.473824543354117056e+00 0.000000000000000000e+00
8.250000000000000000e+00 -1.971342181240137992e-01 1.473903843275582437e+00 0.000000000000000000e+00
8.259999999999999787e+00 -2.004267716091732709e-01 1.473988180849770346e+00 0.000000000000000000e+00
8.269999999999999574e+00 -2.036941139863782113e-01 1.474077514143464773e+00 0.000000000000000000e+00
8.279999999999999361e+00 -2.069358124587549752e-01 1.474171798690659507e+00 0.000000000000000000e+00
8.290000000000000924e+00 -2.101514374758766956e-01 1.474270987516419051e+00 0.000000000000000000e+00
8.300000000000000711e+00 -2.133405628094968975e-01 1.474375031160441107e+00 0.000000000000000000e+00
8.310000000000000497e+00 -2.165027656274302326e-01 1.474483877703308465e+00 0.000000000000000000e+00
8.320000000000000284e+00 -2.196376265677384976e-01 1.474597472792545272e+00 0.000000000000000000e+00
8.330000000000000071e+00 -2.227447298124806685e-01 1.474715759671676896e+00 0.000000000000000000e+00
8.339999999999999858e+00 -2.258236631597247968e-01 1.474838679208077208e+00 0.000000000000000000e+00
8.349999999999999645e+00 -2.288740180964475013e-01 1.474966169924840642e+00 0.000000000000000000e+00
8.359999999999999432e+00 -2.318953898689964654e-01 1.475098168031590662e+00 0.000000000000000000e+00
8.370000000000000995e+00 -2.348873775550183729e-01 1.475234607457088565e+00 0.000000000000000000e+00
8.380000000000000782e+00 -2.378495841321645043e-01 1.475375419883788286e+00 0.000000000000000000e+00
8.390000000000000568e+00 -2.407816165486332816e-01 1.475520534782639004e+00 0.000000000000000000e+00
8.400000000000000355e+00 -2.436830857906440995e-01 1.475669879449056809e+00 0.000000000000000000e+00
8.410000000000000142e+00 -2.465536069514433493e-01 1.475823379040157146e+00 0.000000000000000000e+00
8.419999999999999929e+00 -2.493927992971867458e-01 1.475980956613688111e+00 0.000000000000000000e+00
8.429999999999999716e+00 -2.522002863346157753e-01 1.476142533166779458e+00 0.000000000000000000e+00
8.439999999999999503e+00 -2.549756958751639990e-01 1.476308027676366930e+00 0.000000000000000000e+00
8.449999999999999289e+00 -2.577186601010562073e-01 1.476477357141355862e+00 0.000000000000000000e+00
8.460000000000000853e+00 -2.604288156281251432e-01 1.476650436624060703e+00 0.000000000000000000e+00
8.470000000000000639e+00 -2.631058035696106634e-01 1.476827179294389225e+00 0.000000000000000000e+00
8.480000000000000426e+00 -2.657492695978262987e-01 1.477007496473922599e+00 0.000000000000000000e+00
8.490000000000000213e+00 -2.683588640056632779e-01 1.477191297681129223e+00 0.000000000000000000e+00
8.500000000000000000e+00 -2.709342417666305014e-01 1.477378490677662137e+00 0.000000000000000000e+00
8.509999999999999787e+00 -2.734750625944502578e-01 1.477568981515506641e+00 0.000000000000000000e+00
8.519999999999999574e+00 -2.759809910009247691e-01 1.477762674584784719e+00 0.000000000000000000e+00
8.529999999999999361e+00 -2.784516963536101120e-01 1.477959472662606411e+00 0.000000000000000000e+00
8.540000000000000924e+00 -2.808868529315493578e-01 1.478159276962703883e+00 0.000000000000000000e+00
8.550000000000000711e+00 -2.832861399809112890e-01 1.478361987185735194e+00 0.000000000000000000e+00
8.560000000000000497e+00 -2.856492417680128182e-01 1.478567501570340115e+00 0.000000000000000000e+00
8.570000000000000284e+00 -2.879758476332104911e-01 1.478775716945183394e+00 0.000000000000000000e+00
8.580000000000000071e+00 -2.902656520417485897e-01 1.478986528781488063e+00 0.000000000000000000e+00
8.589999999999999858e+00 -2.925183546343286811e-01 1.479199831246033270e+00 0.000000000000000000e+00
8.599999999999999645e+00 -2.947336602764083491e-01 1.479415517255273427e+00 0.000000000000000000e+00
8.609999999999999432e+00 -2.969112791062811230e-01 1.479633478529882806e+00 0.000000000000000000e+00
8.620000000000000995e+00 -2.990509265810359918e-01 1.479853605649315007e+00 0.000000000000000000e+00
8.630000000000000782e+00 -3.011523235230196827e-01 1.480075788108275114e+00 0.000000000000000000e+00
8.640000000000000568e+00 -3.032151961625239034e-01 1.480299914372001480e+00 0.000000000000000000e+00
8.650000000000000355e+00 -3.052392761817975808e-01 1.480525871933568327e+00 0.000000000000000000e+00
8.660000000000000142e+00 -3.072243007550856664e-01 1.480753547370204037e+00 0.000000000000000000e+00
8.669999999999999929e+00 -3.091700125895454621e-01 1.480982826402031050e+00 0.000000000000000000e+00
8.679999999999999716e+00 -3.110761599629808249e-01 1.481213593948338181e+00 0.000000000000000000e+00
8.689999999999999503e+00 -3.129424967612458031e-01 1.481445734187426977e+00 0.000000000000000000e+00
8.700000000000001066e+00 -3.147687825140626505e-01 1.481679130614067530e+00 0.000000000000000000e+00
8.710000000000000853e+00 -3.165547824283133083e-01 1.481913666098980675e+00 0.000000000000000000e+00
8.720000000000000639e+00 -3.183002674220720696e-01 1.482149222947898526e+00 0.000000000000000000e+00
8.730000000000000426e+00 -3.200050141548025917e-01 1.482385682960773776e+00 0.000000000000000000e+00
8.740000000000000213e+00 -3.216688050576604341e-01 1.482622927491595410e+00 0.000000000000000000e+00
8.750000000000000000e+00 -3.232914283618906204e-01 1.482860837508485297e+00 0.000000000000000000e+00
8.759999999999999787e+00 -3.248726781256671137e-01 1.483099293652500039e+00 0.000000000000000000e+00
8.769999999999999574e+00 -3.264123542599084438e-01 1.483338176299539013e+00 0.000000000000000000e+00
8.779999999999999361e+00 -3.279102625522367642e-01 1.483577365618661492e+00 0.000000000000000000e+00
8.790000000000000924e+00 -3.293662146897338161e-01 1.483816741633422920e+00 0.000000000000000000e+00
8.800000000000000711e+00 -3.307800282806979686e-01 1.484056184282088298e+00 0.000000000000000000e+00
8.810000000000000497e+00 -3.321515268738090554e-01 1.484295573477306451e+00 0.000000000000000000e+00
8.820000000000000284e+00 -3.334805399780934043e-01 1.484534789166755520e+00 0.000000000000000000e+00
8.830000000000000071e+00 -3.347669030786472599e-01 1.484773711393685636e+00 0.000000000000000000e+00
8.839999999999999858e+00 -3.360104576536235843e-01 1.485012220356208834e+00 0.000000000000000000e+00
8.849999999999999645e+00 -3.372110511882099870e-01 1.485250196467739370e+00 0.000000000000000000e+00
8.859999999999999432e+00 -3.383685371877904191e-01 1.485487520417472673e+00 0.000000000000000000e+00
8.870000000000000995e+00 -3.394827751894666235e-01 1.485724073228772424e+00 0.000000000000000000e+00
8.880000000000000782e+00 -3.405536307728225798e-01 1.485959736319786728e+00 0.000000000000000000e+00
8.890000000000000568e+00 -3.415809755680304649e-01 1.486194391562412287e+00 0.000000000000000000e+00
8.900000000000000355e+00 -3.425646872638041796e-01 1.486427921340950808e+00 0.000000000000000000e+00
8.910000000000000142e+00 -3.435046496132866944e-01 1.486660208611850997e+00 0.000000000000000000e+00
8.919999999999999929e+00 -3.444007524382388108e-01 1.486891136960952320e+00 0.000000000000000000e+00
8.929999999999999716e+00 -3.452528916328153064e-01 1.487120590662668551e+00 0.000000000000000000e+00
8.939999999999999503e+00 -3.460609691644972452e-01 1.487348454737236203e+00 0.000000000000000000e+00
8.950000000000001066e+00 -3.468248930748651926e-01 1.487574615008385059e+00 0.000000000000000000e+00
8.960000000000000853e+00 -3.475445774779211128e-01 1.487798958159978202e+00 0.000000000000000000e+00
8.970000000000000639e+00 -3.482199425582618857e-01 1.488021371793579961e+00 0.000000000000000000e+00
8.980000000000000426e+00 -3.488509145658764687e-01 1.488241744482648565e+00 0.000000000000000000e+00
8.990000000000000213e+00 -3.494374258119946619e-01 1.488459965830865706e+00 0.000000000000000000e+00
9.000000000000000000e+00 -3.499794146612157375e-01 1.488675926524585913e+00 0.000000000000000000e+00
9.009999999999999787e+00 -3.504768255241940689e-01 1.488889518389331368e+00 0.000000000000000000e+00
9.019999999999999574e+00 -3.509296088474389563e-01 1.489100634442855231e+00 0.000000000000000000e+00
9.029999999999999361e+00 -3.513377211033045233e-01 1.489309168948965478e+00 0.000000000000000000e+00
9.040000000000000924e+00 -3.517011247769284421e-01 1.489515017470049330e+00 0.000000000000000000e+00
9.050000000000000711e+00 -3.520197883540406858e-01 1.489718076919649192e+00 0.000000000000000000e+00
9.060000000000000497e+00 -3.522936863054318968e-01 1.489918245613438108e+00 0.000000000000000000e+00
9.070000000000000284e+00 -3.525227990719114746e-01 1.490115423320742982e+00 0.000000000000000000e+00
9.080000000000000071e+00 -3.527071130471007288e-01 1.490309511313971491e+00 0.000000000000000000e+00
9.089999999999999858e+00 -3.528466205597465266e-01 1.490500412418036769e+00 0.000000000000000000e+00
9.099999999999999645e+00 -3.529413198545861552e-01 1.490688031059713703e+00 0.000000000000000000e+00
9.109999999999999432e+00 -3.529912150723598652e-01 1.490872273314293173e+00 0.000000000000000000e+00
9.120000000000000995e+00 -3.529963162288533018e-01 1.491053046953419559e+00 0.000000000000000000e+00
9.130000000000000782e+00 -3.529566391933376956e-01 1.491230261490993581e+00 0.000000000000000000e+00
9.140000000000000568e+00 -3.528722052980977075e-01 1.491403841510304806e+00 0.000000000000000000e+00
9.150000000000000355e+00 -3.527430430520374638e-01 1.491573650418133834e+00 0.000000000000000000e+00
9.160000000000000142e+00 -3.525691848107847526e-01 1.491739674071397737e+00 0.000000000000000000e+00
9.169999999999999929e+00 -3.523506698821221583e-01 1.491901781537843252e+00 0.000000000000000000e+00
9.179999999999999716e+00 -3.520875431865005956e-01 1.492059907192331503e+00 0.000000000000000000e+00
9.189999999999999503e+00 -3.517798550365234811e-01 1.492213970149300906e+00 0.000000000000000000e+00
9.200000000000001066e+00 -3.514276616645071183e-01 1.492363892999507780e+00 0.000000000000000000e+00
9.210000000000000853e+00 -3.510310248578962233e-01 1.492509600831516181e+00 0.000000000000000000e+00
9.220000000000000639e+00 -3.505900120408434462e-01 1.492651020760891623e+00 0.000000000000000000e+00
9.230000000000000426e+00 -3.501046962267794771e-01 1.492788082059113508e+00 0.000000000000000000e+00
9.240000000000000213e+00 -3.495751559855914681e-01 1.492920716190381691e+00 0.000000000000000000e+00
9.250000000000000000e+00 -3.490014754143705433e-01 1.493048856840499372e+00 0.000000000000000000e+00
9.259999999999999787e+00 -3.483837441035228522e-01 1.493172439951485853e+00 0.000000000000000000e+00
9.269999999999999574e+00 -3.477220571057081933e-01 1.493291403753991053e+00 0.000000000000000000e+00
9.279999999999999361e+00 -3.470165149000459248e-01 1.493405688798084663e+00 0.000000000000000000e+00
9.290000000000000924e+00 -3.462672233593203641e-01 1.493515237982952604e+00 0.000000000000000000e+00
9.300000000000000711e+00 -3.454742937140606873e-01 1.493619996586235565e+00 0.000000000000000000e+00
9.310000000000000497e+00 -3.446378425176020999e-01 1.493719912291110452e+00 0.000000000000000000e+00
9.320000000000000284e+00 -3.437579916091715870e-01 1.493814935212682160e+00 0.000000000000000000e+00
9.330000000000000071e+00 -3.428348680782895008e-01 1.493905017923251588e+00 0.000000000000000000e+00
9.339999999999999858e+00 -3.418686042270323022e-01 1.493990115476755864e+00 0.000000000000000000e+00
9.349999999999999645e+00 -3.408593375332300002e-01 1.494070185429895004e+00 0.000000000000000000e+00
9.359999999999999432e+00 -3.398072106127686953e-01 1.494145187865814961e+00 0.000000000000000000e+00
9.370000000000000995e+00 -3.387123711818569860e-01 1.494215085412494259e+00 0.000000000000000000e+00
9.380000000000000782e+00 -3.375749720192152137e-01 1.494279843262709351e+00 0.000000000000000000e+00
9.390000000000000568e+00 -3.363951709282700930e-01 1.494339429191203328e+00 0.000000000000000000e+00
9.400000000000000355e+00 -3.351731306985756831e-01 1.494393813571590846e+00 0.000000000000000000e+00
9.410000000000000142e+00 -3.339090190686857529e-01 1.494442969391031273e+00 0.000000000000000000e+00
9.419999999999999929e+00 -3.326030086874809388e-01 1.494486872264426669e+00 0.000000000000000000e+00
9.429999999999999716e+00 -3.312552770758779297e-01 1.494525500446887589e+00 0.000000000000000000e+00
9.439999999999999503e+00 -3.298660065900134719e-01 1.494558834844718520e+00 0.000000000000000000e+00
9.450000000000001066e+00 -3.284353843817664487e-01 1.494586859026088899e+00 0.000000000000000000e+00
9.460000000000000853e+00 -3.269636023618573417e-01 1.494609559228670559e+00 0.000000000000000000e+00
9.470000000000000639e+00 -3.254508571610859602e-01 1.494626924367703058e+00 0.000000000000000000e+00
9.480000000000000426e+00 -3.238973500928297167e-01 1.494638946041924266e+00 0.000000000000000000e+00
9.490000000000000213e+00 -3.223032871145393718e-01 1.494645618537948195e+00 0.000000000000000000e+00
9.500000000000000000e+00 -3.206688787896068149e-01 1.494646938833731342e+00 0.000000000000000000e+00
9.509999999999999787e+00 -3.189943402495676317e-01 1.494642906600778032e+00 0.000000000000000000e+00
9.519999999999999574e+00 -3.172798911551021339e-01 1.494633524204650010e+00 0.000000000000000000e+00
9.529999999999999361e+00 -3.155257556585702727e-01 1.494618796704611841e+00 0.000000000000000000e+00
9.540000000000000924e+00 -3.137321623648010593e-01 1.494598731851115581e+00 0.000000000000000000e+00
9.550000000000000711e+00 -3.118993442938046701e-01 1.494573340083390489e+00 0.000000000000000000e+00
9.560000000000000497e+00 -3.100275388411471433e-01 1.494542634524176128e+00 0.000000000000000000e+00
9.570000000000000284e+00 -3.081169877411407132e-01 1.494506630974083095e+00 0.000000000000000000e+00
9.580000000000000071e+00 -3.061679370273783785e-01 1.494465347904582408e+00 0.000000000000000000e+00
9.589999999999999858e+00 -3.041806369958351963e-01 1.494418806449011150e+00 0.000000000000000000e+00
9.599999999999999645e+00 -3.021553421659691208e-01 1.494367030393670470e+00 0.000000000000000000e+00
9.609999999999999432e+00 -3.000923112440463392e-01 1.494310046165438388e+00 0.000000000000000000e+00
9.620000000000000995e+00 -2.979918070847469846e-01 1.494247882820620266e+00 0.000000000000000000e+00
9.630000000000000782e+00 -2.958540966547993367e-01 1.494180572030581855e+00 0.000000000000000000e+00
9.640000000000000568e+00 -2.936794509953249976e-01 1.494108148067122999e+00 0.000000000000000000e+00
9.650000000000000355e+00 -2.914681451857417671e-01 1.494030647785867805e+00 0.000000000000000000e+00
9.660000000000000142e+00 -2.892204583067805035e-01 1.493948110609471414e+00 0.000000000000000000e+00
9.669999999999999929e+00 -2.869366734048564571e-01 1.493860578507824055e+00 0.000000000000000000e+00
9.679999999999999716e+00 -2.846170774559279582e-01 1.493768095979442601e+00 0.000000000000000000e+00
9.689999999999999503e+00 -2.822619613297695507e-01 1.493670710028806914e+00 0.000000000000000000e+00
9.700000000000001066e+00 -2.798716197552005847e-01 1.493568470144958305e+00 0.000000000000000000e+00
9.710000000000000853e+00 -2.774463512842642587e-01 1.493461428277060854e+00 0.000000000000000000e+00
9.720000000000000639e+00 -2.749864582577967731e-01 1.493349638810330671e+00 0.000000000000000000e+00
9.730000000000000426e+00 -2.724922467711779484e-01 1.493233158538915140e+00 0.000000000000000000e+00
9.740000000000000213e+00 -2.699640266390311849e-01 1.493112046639616830e+00 0.000000000000000000e+00
9.750000000000000000e+00 -2.674021113623827328e-01 1.492986364642612251e+00 0.000000000000000000e+00
9.759999999999999787e+00 -2.648068180937686034e-01 1.492856176402568069e+00 0.000000000000000000e+00
9.769999999999999574e+00 -2.621784676041988282e-01 1.492721548067290183e+00 0.000000000000000000e+00
9.779999999999999361e+00 -2.595173842499079453e-01 1.492582548046468727e+00 0.000000000000000000e+00
9.790000000000000924e+00 -2.568238959387805775e-01 1.492439246978274792e+00 0.000000000000000000e+00
9.800000000000000711e+00 -2.540983340981965433e-01 1.492291717695927389e+00 0.000000000000000000e+00
9.810000000000000497e+00 -2.513410336417351565e-01 1.492140035191681147e+00 0.000000000000000000e+00
9.820000000000000284e+00 -2.485523329373787449e-01 1.491984276582236868e+00 0.000000000000000000e+00
9.830000000000000071e+00 -2.457325737750669092e-01 1.491824521069927689e+00 0.000000000000000000e+00
9.839999999999999858e+00 -2.428821013348139157e-01 1.491660849906379926e+00 0.000000000000000000e+00
9.849999999999999645e+00 -2.400012641546928616e-01 1.491493346351721705e+00 0.000000000000000000e+00
9.859999999999999432e+00 -2.370904140995201415e-01 1.491322095636132383e+00 0.000000000000000000e+00
9.870000000000000995e+00 -2.341499063289359805e-01 1.491147184917493984e+00 0.000000000000000000e+00
9.880000000000000782e+00 -2.311800992660366927e-01 1.490968703240193038e+00 0.000000000000000000e+00
9.890000000000000568e+00 -2.281813545656975195e-01 1.490786741491765710e+00 0.000000000000000000e+00
9.900000000000000355e+00 -2.251540370834863580e-01 1.490601392358367638e+00 0.000000000000000000e+00
9.910000000000000142e+00 -2.220985148437694678e-01 1.490412750280649012e+00 0.000000000000000000e+00
9.919999999999999929e+00 -2.190151590085015754e-01 1.490220911406077819e+00 0.000000000000000000e+00
9.929999999999999716e+00 -2.159043438459191944e-01 1.490025973542292714e+00 0.000000000000000000e+00
9.939999999999999503e+00 -2.127664466987775338e-01 1.489828036108030940e+00 0.000000000000000000e+00
9.950000000000001066e+00 -2.096018479537801738e-01 1.489627200082335845e+00 0.000000000000000000e+00
9.960000000000000853e+00 -2.064109310096425565e-01 1.489423567953661598e+00 0.000000000000000000e+00
9.970000000000000639e+00 -2.031940822472942665e-01 1.489217243666514312e+00 0.000000000000000000e+00
9.980000000000000426e+00 -1.999516909982982926e-01 1.489008332565855630e+00 0.000000000000000000e+00
9.990000000000000213e+00 -1.966841495161260056e-01 1.488796941343059732e+00 0.000000000000000000e+00
1.000000000000000000e+01 -1.933918529451527646e-01 1.488583177975741467e+00 0.000000000000000000e+00
1.000999999999999979e+01 -1.900751992928528256e-01 1.488367151671695643e+00 0.000000000000000000e+00
1.001999999999999957e+01 -1.867345894004420193e-01 1.488148972807141535e+00 0.000000000000000000e+00
1.002999999999999936e+01 -1.833704269151458233e-01 1.487928752867483162e+00 0.000000000000000000e+00
1.004000000000000092e+01 -1.799831182625956649e-01 1.487706604385206743e+00 0.000000000000000000e+00
1.005000000000000071e+01 -1.765730726188573241e-01 1.487482640880355200e+00 0.000000000000000000e+00
1.006000000000000050e+01 -1.731407018832913369e-01 1.487256976797361574e+00 0.000000000000000000e+00
1.007000000000000028e+01 -1.696864206511203566e-01 1.487029727446503413e+00 0.000000000000000000e+00
1.008000000000000007e+01 -1.662106461840319738e-01 1.486801008942035596e+00 0.000000000000000000e+00
1.008999999999999986e+01 -1.627137983828935708e-01 1.486570938143892739e+00 0.000000000000000000e+00
1.009999999999999964e+01 -1.591962997569185134e-01 1.486339632598137284e+00 0.000000000000000000e+00
1.010999999999999943e+01 -1.556585753934374705e-01 1.486107210479262974e+00 0.000000000000000000e+00
1.012000000000000099e+01 -1.521010529262655508e-01 1.485873790531443639e+00 0.000000000000000000e+00
1.013000000000000078e+01 -1.485241625031148704e-01 1.485639492011913587e+00 0.000000000000000000e+00
1.014000000000000057e+01 -1.449283367512227139e-01 1.485404434632800585e+00 0.000000000000000000e+00
1.015000000000000036e+01 -1.413140107442803217e-01 1.485168738503854335e+00 0.000000000000000000e+00
1.016000000000000014e+01 -1.376816219657039930e-01 1.484932524074254578e+00 0.000000000000000000e+00
1.016999999999999993e+01 -1.340316102739184390e-01 1.484695912074565305e+00 0.000000000000000000e+00
1.017999999999999972e+01 -1.303644178654614350e-01 1.484459023458431393e+00 0.000000000000000000e+00
1.018999999999999950e+01 -1.266804892387357606e-01 1.484221979342480902e+00 0.000000000000000000e+00
1.020000000000000107e+01 -1.229802711564515066e-01 1.483984900947431074e+00 0.000000000000000000e+00
1.021000000000000085e+01 -1.192642126092331029e-01 1.483747909538108312e+00 0.000000000000000000e+00
1.022000000000000064e+01 -1.155327647775919314e-01 1.483511126361956700e+00 0.000000000000000000e+00
1.023000000000000043e+01 -1.117863809946227222e-01 1.483274672589006915e+00 0.000000000000000000e+00
1.024000000000000021e+01 -1.080255167080179379e-01 1.483038669250554165e+00 0.000000000000000000e+00
1.025000000000000000e+01 -1.042506294424973140e-01 1.482803237177244604e+00 0.000000000000000000e+00
1.025999999999999979e+01 -1.004621787607908739e-01 1.482568496937486158e+00 0.000000000000000000e+00
1.026999999999999957e+01 -9.666062622595185394e-02 1.482334568776848993e+00 0.000000000000000000e+00
1.027999999999999936e+01 -9.284643536123420027e-02 1.482101572554743729e+00 0.000000000000000000e+00
1.029000000000000092e+01 -8.902007161186160922e-02 1.481869627683861879e+00 0.000000000000000000e+00
1.030000000000000071e+01 -8.518200230442966869e-02 1.481638853068672823e+00 0.000000000000000000e+00
1.031000000000000050e+01 -8.133269660663097755e-02 1.481409367042999525e+00 0.000000000000000000e+00
1.032000000000000028e+01 -7.747262548645854341e-02 1.481181287310666672e+00 0.000000000000000000e+00
1.033000000000000007e+01 -7.360226167054713386e-02 1.480954730882586556e+00 0.000000000000000000e+00
1.033999999999999986e+01 -6.972207960199550136e-02 1.480729814018306945e+00 0.000000000000000000e+00
1.034999999999999964e+01 -6.583255539741322826e-02 1.480506652163896542e+00 0.000000000000000000e+00
1.035999999999999943e+01 -6.193416680342860026e-02 1.480285359893984465e+00 0.000000000000000000e+00
1.037000000000000099e+01 -5.802739315234602818e-02 1.480066050851119419e+00 0.000000000000000000e+00
1.038000000000000078e+01 -5.411271531689172687e-02 1.479848837687623986e+00 0.000000000000000000e+00
1.039000000000000057e+01 -5.019061566471269553e-02 1.479633832007403393e+00 0.000000000000000000e+00
1.040000000000000036e+01 -4.626157801180710849e-02 1.479421144307579539e+00 0.000000000000000000e+00
1.041000000000000014e+01 -4.232608757453380083e-02 1.479210883922216668e+00 0.000000000000000000e+00
1.041999999999999993e+01 -3.838463092201233745e-02 1.479003158965042752e+00 0.000000000000000000e+00
1.042999999999999972e+01 -3.443769592738340352e-02 1.478798076273818207e+00 0.000000000000000000e+00
1.043999999999999950e+01 -3.048577171706188041e-02 1.478595741355693161e+00 0.000000000000000000e+00
1.045000000000000107e+01 -2.652934862091179888e-02 1.478396258331404090e+00 0.000000000000000000e+00
1.046000000000000085e+01 -2.256891812069406963e-02 1.478199729883004743e+00 0.000000000000000000e+00
1.047000000000000064e+01 -1.860497279754230043e-02 1.478006257199539153e+00 0.000000000000000000e+00
1.048000000000000043e+01 -1.463800627912599690e-02 1.477815939925726907e+00 0.000000000000000000e+00
1.049000000000000021e+01 -1.066851318553910764e-02 1.477628876109791545e+00 0.000000000000000000e+00
1.050000000000000000e+01 -6.696989074711534248e-03 1.477445162153516289e+00 0.000000000000000000e+00
1.050999999999999979e+01 -2.723930386613887013e-03 1.477264892761573689e+00 0.000000000000000000e+00
1.051999999999999957e+01 1.250165612986926106e-03 1.477088160893769819e+00 0.000000000000000000e+00
1.052999999999999936e+01 5.224800889838670560e-03 1.476915057715868507e+00 0.000000000000000000e+00
1.054000000000000092e+01 9.199476699273978833e-03 1.476745672553165134e+00 0.000000000000000000e+00
1.055000000000000071e+01 1.317369364518817740e-02 1.476580092844419489e+00 0.000000000000000000e+00
1.056000000000000050e+01 1.714695173944305248e-02 1.476418404096099035e+00 0.000000000000000000e+00
1.057000000000000028e+01 2.111875046249515886e-02 1.476260689838852835e+00 0.000000000000000000e+00
1.058000000000000007e+01 2.508858882440056365e-02 1.476107031583932416e+00 0.000000000000000000e+00
1.058999999999999986e+01 2.905596542721869749e-02 1.475957508781365446e+00 0.000000000000000000e+00
1.059999999999999964e+01 3.302037852668121554e-02 1.475812198778586604e+00 0.000000000000000000e+00
1.060999999999999943e+01 3.698132609682193428e-02 1.475671176780958938e+00 0.000000000000000000e+00
1.062000000000000099e+01 4.093830589279272986e-02 1.475534515812697123e+00 0.000000000000000000e+00
1.063000000000000078e+01 4.489081551643814283e-02 1.475402286679134534e+00 0.000000000000000000e+00
1.064000000000000057e+01 4.883835248152678526e-02 1.475274557930716490e+00 0.000000000000000000e+00
1.065000000000000036e+01 5.278041427937901764e-02 1.475151395827356993e+00 0.000000000000000000e+00
1.066000000000000014e+01 5.671649844640142685e-02 1.475032864304347324e+00 0.000000000000000000e+00
1.066999999999999993e+01 6.064610263058245465e-02 1.474919024940409162e+00 0.000000000000000000e+00
1.067999999999999972e+01 6.456872466066201910e-02 1.474809936924925236e+00 0.000000000000000000e+00
1.068999999999999950e+01 6.848386261390926322e-02 1.474705657029291128e+00 0.000000000000000000e+00
1.070000000000000107e+01 7.239101488638301218e-02 1.474606239576596645e+00 0.000000000000000000e+00
1.071000000000000085e+01 7.628968026256523205e-02 1.474511736415425878e+00 0.000000000000000000e+00
1.072000000000000064e+01 8.017935798683201165e-02 1.474422196892743342e+00 0.000000000000000000e+00
1.073000000000000043e+01 8.405954783429590849e-02 1.474337667829695775e+00 0.000000000000000000e+00
1.074000000000000021e+01 8.792975018388496378e-02 1.474258193497584468e+00 0.000000000000000000e+00
1.075000000000000000e+01 9.178946609070284812e-02 1.474183815596518121e+00 0.000000000000000000e+00
1.075999999999999979e+01 9.563819735993271676e-02 1.474114573233291203e+00 0.000000000000000000e+00
1.076999999999999957e+01 9.947544662095757217e-02 1.474050502903489379e+00 0.000000000000000000e+00
1.077999999999999936e+01 1.033007174020870028e-01 1.473991638471944032e+00 0.000000000000000000e+00
1.079000000000000092e+01 1.071135142062168422e-01 1.473938011156084249e+00 0.000000000000000000e+00
1.080000000000000071e+01 1.109133425860129724e-01 1.473889649510986999e+00 0.000000000000000000e+00
1.081000000000000050e+01 1.146997092209561392e-01 1.473846579413754299e+00 0.000000000000000000e+00
1.082000000000000028e+01 1.184721219933021902e-01 1.473808824051316524e+00 0.000000000000000000e+00
1.083000000000000007e+01 1.222300900651663580e-01 1.473776403908118482e+00 0.000000000000000000e+00
1.083999999999999986e+01 1.259731239562231764e-01 1.473749336755367345e+00 0.000000000000000000e+00
1.084999999999999964e+01 1.297007356202823369e-01 1.473727637642546329e+00 0.000000000000000000e+00
1.085999999999999943e+01 1.334124385241555466e-01 1.473711318888119237e+00 0.000000000000000000e+00
1.087000000000000099e+01 1.371077477242855780e-01 1.473700390074419220e+00 0.000000000000000000e+00
1.088000000000000078e+01 1.407861799461677388e-01 1.473694858041903144e+00 0.000000000000000000e+00
1.089000000000000057e+01 1.444472536610958424e-01 1.473694726884857031e+00 0.000000000000000000e+00
1.090000000000000036e+01 1.480904891663375744e-01 1.473699997950422835e+00 0.000000000000000000e+00
1.091000000000000014e+01 1.517154086618344444e-01 1.473710669836729936e+00 0.000000000000000000e+00
1.091999999999999993e+01 1.553215363305111285e-01 1.473726738394395719e+00 0.000000000000000000e+00
1.092999999999999972e+01 1.589083984158981000e-01 1.473748196728138948e+00 0.000000000000000000e+00
1.093999999999999950e+01 1.624755233018612688e-01 1.473775035200945549e+00 0.000000000000000000e+00
1.095000000000000107e+01 1.660224415909854201e-01 1.473807241438917170e+00 0.000000000000000000e+00
1.096000000000000085e+01 1.695486861842847304e-01 1.473844800338503402e+00 0.000000000000000000e+00
1.097000000000000064e+01 1.730537923593990224e-01 1.473887694073606092e+00 0.000000000000000000e+00
1.098000000000000043e+01 1.765372978506437041e-01 1.473935902106175089e+00 0.000000000000000000e+00
1.099000000000000021e+01 1.799987429272900397e-01 1.473989401196550864e+00 0.000000000000000000e+00
1.100000000000000000e+01 1.834376704728938878e-01 1.474048165415925205e+00 0.000000000000000000e+00
1.100999999999999979e+01 1.868536260641138758e-01 1.474112166160206794e+00 0.000000000000000000e+00
1.101999999999999957e+01 1.902461580491427440e-01 1.474181372165068060e+00 0.000000000000000000e+00
1.102999999999999936e+01 1.936148176266160592e-01 1.474255749522386694e+00 0.000000000000000000e+00
1.104000000000000092e+01 1.969591589234677143e-01 1.474335261698195954e+00 0.000000000000000000e+00
1.105000000000000071e+01 2.002787390729084682e-01 1.474419869551688800e+00 0.000000000000000000e+00
1.106000000000000050e+01 2.035731182922926319e-01 1.474509531355634673e+00 0.000000000000000000e+00
1.107000000000000028e+01 2.068418599601652974e-01 1.474604202818459608e+00 0.000000000000000000e+00
1.108000000000000007e+01 2.100845306928144640e-01 1.474703837106818183e+00 0.000000000000000000e+00
1.108999999999999986e+01 2.133007004210123458e-01 1.474808384870543554e+00 0.000000000000000000e+00
1.109999999999999964e+01 2.164899424656636651e-01 1.474917794267658566e+00 0.000000000000000000e+00
1.110999999999999943e+01 2.196518336126818127e-01 1.475032010991520925e+00 0.000000000000000000e+00
1.112000000000000099e+01 2.227859541881392069e-01 1.475150978299198945e+00 0.000000000000000000e+00
1.113000000000000078e+01 2.258918881323133399e-01 1.475274637040170589e+00 0.000000000000000000e+00
1.114000000000000057e+01 2.289692230724485189e-01 1.475402925687354649e+00 0.000000000000000000e+00
1.115000000000000036e+01 2.320175503960695551e-01 1.475535780369125138e+00 0.000000000000000000e+00
1.116000000000000014e+01 2.350364653233040779e-01 1.475673134900941319e+00 0.000000000000000000e+00
1.116999999999999993e+01 2.380255669768788218e-01 1.475814920821507226e+00 0.000000000000000000e+00
1.117999999999999972e+01 2.409844584545206836e-01 1.475961067425941575e+00 0.000000000000000000e+00
1.118999999999999950e+01 2.439127468972805413e-01 1.476111501803610393e+00 0.000000000000000000e+00
1.120000000000000107e+01 2.468100435595103059e-01 1.476266148874687767e+00 0.000000000000000000e+00
1.121000000000000085e+01 2.496759638770522649e-01 1.476424931429631604e+00 0.000000000000000000e+00
1.122000000000000064e+01 2.525101275344144303e-01 1.476587770167722580e+00 0.000000000000000000e+00
1.123000000000000043e+01 2.553121585318757214e-01 1.476754583738656645e+00 0.000000000000000000e+00
1.124000000000000021e+01 2.580816852514175030e-01 1.476925288784248780e+00 0.000000000000000000e+00
1.125000000000000000e+01 2.608183405212403105e-01 1.477099799979844752e+00 0.000000000000000000e+00
1.125999999999999979e+01 2.635217616804506613e-01 1.477278030080306115e+00 0.000000000000000000e+00
1.126999999999999957e+01 2.661915906421354339e-01 1.477459889962296602e+00 0.000000000000000000e+00
1.127999999999999936e+01 2.688274739553204729e-01 1.477645288671571633e+00 0.000000000000000000e+00
1.129000000000000092e+01 2.714290628667389571e-01 1.477834133468788114e+00 0.000000000000000000e+00
1.130000000000000071e+01 2.739960133807229914e-01 1.478026329876461542e+00 0.000000000000000000e+00
1.131000000000000050e+01 2.765279863187555809e-01 1.478221781728498607e+00 0.000000000000000000e+00
1.132000000000000028e+01 2.790246473774865010e-01 1.478420391217893481e+00 0.000000000000000000e+00
1.133000000000000007e+01 2.814856671858460002e-01 1.478622058947456797e+00 0.000000000000000000e+00
1.133999999999999986e+01 2.839107213608295099e-01 1.478826683980259071e+00 0.000000000000000000e+00
1.134999999999999964e+01 2.862994905627784248e-01 1.479034163890946330e+00 0.000000000000000000e+00
1.135999999999999943e+01 2.886516605485496267e-01 1.479244394818223007e+00 0.000000000000000000e+00
1.137000000000000099e+01 2.909669222239114617e-01 1.479457271517475858e+00 0.000000000000000000e+00
1.138000000000000078e+01 2.932449716952610363e-01 1.479672687413996934e+00 0.000000000000000000e+00
1.139000000000000057e+01 2.954855103188182563e-01 1.479890534658209855e+00 0.000000000000000000e+00
1.140000000000000036e+01 2.976882447499458739e-01 1.480110704179129932e+00 0.000000000000000000e+00
1.141000000000000014e+01 2.998528869899641514e-01 1.480333085740891175e+00 0.000000000000000000e+00
1.141999999999999993e+01 3.019791544327525834e-01 1.480557567997856649e+00 0.000000000000000000e+00
1.142999999999999972e+01 3.040667699087954978e-01 1.480784038551992143e+00 0.000000000000000000e+00
1.143999999999999950e+01 3.061154617289591484e-01 1.481012384008407068e+00 0.000000000000000000e+00
1.145000000000000107e+01 3.081249637266354480e-01 1.481242490034725412e+00 0.000000000000000000e+00
1.146000000000000085e+01 3.100950152974047414e-01 1.481474241417215509e+00 0.000000000000000000e+00
1.147000000000000064e+01 3.120253614393890262e-01 1.481707522119865672e+00 0.000000000000000000e+00
1.148000000000000043e+01 3.139157527900619526e-01 1.481942215343502234e+00 0.000000000000000000e+00
1.149000000000000021e+01 3.157659456629254846e-01 1.482178203583324194e+00 0.000000000000000000e+00
1.150000000000000000e+01 3.175757020824263033e-01 1.482415368690378488e+00 0.000000000000000000e+00
1.150999999999999979e+01 3.193447898173319977e-01 1.482653591928697168e+00 0.000000000000000000e+00
1.151999999999999957e+01 3.210729824127249166e-01 1.482892754037758332e+00 0.000000000000000000e+00
1.152999999999999936e+01 3.227600592205979724e-01 1.483132735290276338e+00 0.000000000000000000e+00
1.154000000000000092e+01 3.244058054290730464e-01 1.483373415554324559e+00 0.000000000000000000e+00
1.155000000000000071e+01 3.260100120902071907e-01 1.483614674352681462e+00 0.000000000000000000e+00
1.156000000000000050e+01 3.275724761460890866e-01 1.483856390924106261e+00 0.000000000000000000e+00
1.157000000000000028e+01 3.290930004540933429e-01 1.484098444283894036e+00 0.000000000000000000e+00
1.158000000000000007e+01 3.305713938101511040e-01 1.484340713284495905e+00 0.000000000000000000e+00
1.158999999999999986e+01 3.320074709711139938e-01 1.484583076677094216e+00 0.000000000000000000e+00
1.159999999999999964e+01 3.334010526750729730e-01 1.484825413171750874e+00 0.000000000000000000e+00
1.160999999999999943e+01 3.347519656614077466e-01 1.485067601498945455e+00 0.000000000000000000e+00
1.162000000000000099e+01 3.360600426879121749e-01 1.485309520470033728e+00 0.000000000000000000e+00
1.163000000000000078e+01 3.373251225477373327e-01 1.485551049038590810e+00 0.000000000000000000e+00
1.164000000000000057e+01 3.385470500844480757e-01 1.485792066360666075e+00 0.000000000000000000e+00
1.165000000000000036e+01 3.397256762055079760e-01 1.486032451855735514e+00 0.000000000000000000e+00
1.166000000000000014e+01 3.408608578946593637e-01 1.486272085267205112e+00 0.000000000000000000e+00
1.166999999999999993e+01 3.419524582222109310e-01 1.486510846722260082e+00 0.000000000000000000e+00
1.167999999999999972e+01 3.430003463551108411e-01 1.486748616792748168e+00 0.000000000000000000e+00
1.168999999999999950e+01 3.440043975636464246e-01 1.486985276554013469e+00 0.000000000000000000e+00
1.170000000000000107e+01 3.449644932288433719e-01 1.487220707645904527e+00 0.000000000000000000e+00
1.171000000000000085e+01 3.458805208462838454e-01 1.487454792330297648e+00 0.000000000000000000e+00
1.172000000000000064e+01 3.467523740301393653e-01 1.487687413551403992e+00 0.000000000000000000e+00
1.173000000000000043e+01 3.475799525146096580e-01 1.487918454994070050e+00 0.000000000000000000e+00
1.174000000000000021e+01 3.483631621545961732e-01 1.488147801141367799e+00 0.000000000000000000e+00
1.175000000000000000e+01 3.491019149241787467e-01 1.488375337333431192e+00 0.000000000000000000e+00
1.175999999999999979e+01 3.497961289145658514e-01 1.488600949823799091e+00 0.000000000000000000e+00
1.176999999999999957e+01 3.504457283297721659e-01 1.488824525837258772e+00 0.000000000000000000e+00
1.177999999999999936e+01 3.510506434816746957e-01 1.489045953625191210e+00 0.000000000000000000e+00
1.179000000000000092e+01 3.516108107824406637e-01 1.489265122522677842e+00 0.000000000000000000e+00
1.180000000000000071e+01 3.521261727376324702e-01 1.489481923002532682e+00 0.000000000000000000e+00
1.181000000000000050e+01 3.525966779355293457e-01 1.489696246731356588e+00 0.000000000000000000e+00
1.182000000000000028e+01 3.530222810374513687e-01 1.489907986622468483e+00 0.000000000000000000e+00
1.183000000000000007e+01 3.534029427648252009e-01 1.490117036890345803e+00 0.000000000000000000e+00
1.183999999999999986e+01 3.537386298868085976e-01 1.490323293103213764e+00 0.000000000000000000e+00
1.184999999999999964e+01 3.540293152049733272e-01 1.490526652234497096e+00 0.000000000000000000e+00
1.185999999999999943e+01 3.542749775384052557e-01 1.490727012716012378e+00 0.000000000000000000e+00
1.187000000000000099e+01 3.544756017065986975e-01 1.490924274486896683e+00 0.000000000000000000e+00
1.188000000000000078e+01 3.546311785114101278e-01 1.491118339044560814e+00 0.000000000000000000e+00
1.189000000000000057e+01 3.547417047187360062e-01 1.491309109493945684e+00 0.000000000000000000e+00
1.190000000000000036e+01 3.548071830376895996e-01 1.491496490595658919e+00 0.000000000000000000e+00
1.191000000000000014e+01 3.548276221007281572e-01 1.491680388813728220e+00 0.000000000000000000e+00
1.191999999999999993e+01 3.548030364409199278e-01 1.491860712361901431e+00 0.000000000000000000e+00
1.192999999999999972e+01 3.547334464693739364e-01 1.492037371250836353e+00 0.000000000000000000e+00
1.193999999999999950e+01 3.546188784520633575e-01 1.492210277331327495e+00 0.000000000000000000e+00
1.195000000000000107e+01 3.544593644842176094e-01 1.492379344339801461e+00 0.000000000000000000e+00
1.196000000000000085e+01 3.542549424663075652e-01 1.492544487940814957e+00 0.000000000000000000e+00
1.197000000000000064e+01 3.540056560763643612e-01 1.492705625769449096e+00 0.000000000000000000e+00
1.198000000000000043e+01 3.537115547441265218e-01 1.492862677472566402e+00 0.000000000000000000e+00
1.199000000000000021e+01 3.533726936224181325e-01 1.493015564748972679e+00 0.000000000000000000e+00
1.200000000000000000e+01 3.529891335589021573e-01 1.493164211388449347e+00 0.000000000000000000e+00
1.200999999999999979e+01 3.525609410661726950e-01 1.493308543310470249e+00 0.000000000000000000e+00
1.201999999999999957e+01 3.520881882919759120e-01 1.493448488600937818e+00 0.000000000000000000e+00
1.203000000000000114e+01 3.515709529876172579e-01 1.493583977547975783e+00 0.000000000000000000e+00
1.204000000000000092e+01 3.510093184764596086e-01 1.493714942677722091e+00 0.000000000000000000e+00
1.205000000000000071e+01 3.504033736209105632e-01 1.493841318787248129e+00 0.000000000000000000e+00
1.206000000000000050e+01 3.497532127893007159e-01 1.493963042977856315e+00 0.000000000000000000e+00
1.207000000000000028e+01 3.490589358214968851e-01 1.494080054686459214e+00 0.000000000000000000e+00
1.208000000000000007e+01 3.483206479939393030e-01 1.494192295716031849e+00 0.000000000000000000e+00
1.208999999999999986e+01 3.475384599846187972e-01 1.494299710264913372e+00 0.000000000000000000e+00
1.209999999999999964e+01 3.467124878361424467e-01 1.494402244954398551e+00 0.000000000000000000e+00
1.210999999999999943e+01 3.458428529199516488e-01 1.494499848856704505e+00 0.000000000000000000e+00
1.212000000000000099e+01 3.449296818982169333e-01 1.494592473518959741e+00 0.000000000000000000e+00
1.213000000000000078e+01 3.439731066872355192e-01 1.494680072989208908e+00 0.000000000000000000e+00
1.214000000000000057e+01 3.429732644185754520e-01 1.494762603838609705e+00 0.000000000000000000e+00
1.215000000000000036e+01 3.419302974016544816e-01 1.494840025183682863e+00 0.000000000000000000e+00
1.216000000000000014e+01 3.408443530848984104e-01 1.494912298706921439e+00 0.000000000000000000e+00
1.216999999999999993e+01 3.397155840172869090e-01 1.494979388676290988e+00 0.000000000000000000e+00
1.217999999999999972e+01 3.385441478098007440e-01 1.495041261963251156e+00 0.000000000000000000e+00
1.218999999999999950e+01 3.373302070964648847e-01 1.495097888059732982e+00 0.000000000000000000e+00
1.220000000000000107e+01 3.360739294961185841e-01 1.495149239093310989e+00 0.000000000000000000e+00
1.221000000000000085e+01 3.347754875732954494e-01 1.495195289842238040e+00 0.000000000000000000e+00
1.222000000000000064e+01 3.334350587992954140e-01 1.495236017747642476e+00 0.000000000000000000e+00
1.223000000000000043e+01 3.320528255145985819e-01 1.495271402925270054e+00 0.000000000000000000e+00
1.224000000000000021e+01 3.306289748888492919e-01 1.495301428176395220e+00 0.000000000000000000e+00
1.225000000000000000e+01 3.291636988831851962e-01 1.495326078996200625e+00 0.000000000000000000e+00
1.225999999999999979e+01 3.276571942113758462e-01 1.495345343581452324e+00 0.000000000000000000e+00
1.226999999999999957e+01 3.261096623009459017e-01 1.495359212837380936e+00 0.000000000000000000e+00
1.228000000000000114e+01 3.245213092546756495e-01 1.495367680381998410e+00 0.000000000000000000e+00
1.229000000000000092e+01 3.228923458122208157e-01 1.495370742550220511e+00 0.000000000000000000e+00
1.230000000000000071e+01 3.212229873105932332e-01 1.495368398395974463e+00 0.000000000000000000e+00
1.231000000000000050e+01 3.195134536464284691e-01 1.495360649693270316e+00 0.000000000000000000e+00
1.232000000000000028e+01 3.177639692361045598e-01 1.495347500935743090e+00 0.000000000000000000e+00
1.233000000000000007e+01 3.159747629779138256e-01 1.495328959335085806e+00 0.000000000000000000e+00
1.233999999999999986e+01 3.141460682124531112e-01 1.495305034817745238e+00 0.000000000000000000e+00
1.234999999999999964e+01 3.122781226845703362e-01 1.495275740021191124e+00 0.000000000000000000e+00
1.235999999999999943e+01 3.103711685043374358e-01 1.495241090287286578e+00 0.000000000000000000e+00
1.237000000000000099e+01 3.084254521082900324e-01 1.495201103656133013e+00 0.000000000000000000e+00
1.238000000000000078e+01 3.064412242218060856e-01 1.495155800857456585e+00 0.000000000000000000e+00
1.239000000000000057e+01 3.044187398199504346e-01 1.495105205300574225e+00 0.000000000000000000e+00
1.240000000000000036e+01 3.023582580903412254e-01 1.495049343064368097e+00 0.000000000000000000e+00
1.241000000000000014e+01 3.002600423948081354e-01 1.494988242883852791e+00 0.000000000000000000e+00
1.241999999999999993e+01 2.981243602323174202e-01 1.494921936137777463e+00 0.000000000000000000e+00
1.242999999999999972e+01 2.959514832016822972e-01 1.494850456832918173e+00 0.000000000000000000e+00
1.243999999999999950e+01 2.937416869645772532e-01 1.494773841588319607e+00 0.000000000000000000e+00
1.245000000000000107e+01 2.914952512090671632e-01 1.494692129618057752e+00 0.000000000000000000e+00
1.246000000000000085e+01 2.892124596131558922e-01 1.494605362711870944e+00 0.000000000000000000e+00
1.247000000000000064e+01 2.868935998088802397e-01 1.494513585215776930e+00 0.000000000000000000e+00
1.248000000000000043e+01 2.845389633462063750e-01 1.494416844010563183e+00 0.000000000000000000e+00
1.249000000000000021e+01 2.821488456578249426e-01 1.494315188489176549e+00 0.000000000000000000e+00
1.250000000000000000e+01 2.797235460232641580e-01 1.494208670532636285e+00 0.000000000000000000e+00
1.250999999999999979e+01 2.772633675340215320e-01 1.494097344485693535e+00 0.000000000000000000e+00
1.251999999999999957e+01 2.747686170585103560e-01 1.493981267129375068e+00 0.000000000000000000e+00
1.253000000000000114e+01 2.722396052070231720e-01 1.493860497654412756e+00 0.000000000000000000e+00
1.254000000000000092e+01 2.696766462969727995e-01 1.493735097631348596e+00 0.000000000000000000e+00
1.255000000000000071e+01 2.670800583188684962e-01 1.493605130981329188e+00 0.000000000000000000e+00
1.256000000000000050e+01 2.644501629010779231e-01 1.493470663943909926e+00 0.000000000000000000e+00
1.257000000000000028e+01 2.617872852764883684e-01 1.493331765044855652e+00 0.000000000000000000e+00
1.258000000000000007e+01 2.590917542480711822e-01 1.493188505062710059e+00 0.000000000000000000e+00
1.258999999999999986e+01 2.563639021547985397e-01 1.493040956992839785e+00 0.000000000000000000e+00
1.259999999999999964e+01 2.536040648388573904e-01 1.492889196012167297e+00 0.000000000000000000e+00
1.260999999999999943e+01 2.508125816113080386e-01 1.492733299441589612e+00 0.000000000000000000e+00
1.262000000000000099e+01 2.479897952196664923e-01 1.492573346707166904e+00 0.000000000000000000e+00
1.263000000000000078e+01 2.451360518143385347e-01 1.492409419301226281e+00 0.000000000000000000e+00
1.264000000000000057e+01 2.422517009162392376e-01 1.492241600741706753e+00 0.000000000000000000e+00
1.265000000000000036e+01 2.393370953838855064e-01 1.492069976530027375e+00 0.000000000000000000e+00
1.266000000000000014e+01 2.363925913812217339e-01 1.491894634109353746e+00 0.000000000000000000e+00
1.266999999999999993e+01 2.334185483451177434e-01 1.491715662821293975e+00 0.000000000000000000e+00
1.267999999999999972e+01 2.304153289532274440e-01 1.491533153860431060e+00 0.000000000000000000e+00
1.268999999999999950e+01 2.273832990919953390e-01 1.491347200231264880e+00 0.000000000000000000e+00
1.270000000000000107e+01 2.243228278251209740e-01 1.491157896700804342e+00 0.000000000000000000e+00
1.271000000000000085e+01 2.212342873610124439e-01 1.490965339753465679e+00 0.000000000000000000e+00
1.272000000000000064e+01 2.181180530224356151e-01 1.490769627542854803e+00 0.000000000000000000e+00
1.273000000000000043e+01 2.149745032143399737e-01 1.490570859845253837e+00 0.000000000000000000e+00
1.274000000000000021e+01 2.118040193939220717e-01 1.490369138010469996e+00 0.000000000000000000e+00
1.275000000000000000e+01 2.086069860394454412e-01 1.490164564912997758e+00 0.000000000000000000e+00
1.275999999999999979e+01 2.053837906213504261e-01 1.489957244902169853e+00 0.000000000000000000e+00
1.276999999999999957e+01 2.021348235724448605e-01 1.489747283751806650e+00 0.000000000000000000e+00
1.278000000000000114e+01 1.988604782599318610e-01 1.489534788607838722e+00 0.000000000000000000e+00
1.279000000000000092e+01 1.955611509569469830e-01 1.489319867935830377e+00 0.000000000000000000e+00
1.280000000000000071e+01 1.922372408162927593e-01 1.489102631467493554e+00 0.000000000000000000e+00
1.281000000000000050e+01 1.888891498424012383e-01 1.488883190144512980e+00 0.000000000000000000e+00
1.282000000000000028e+01 1.855172828656966311e-01 1.488661656062962191e+00 0.000000000000000000e+00
1.283000000000000007e+01 1.821220475150856777e-01 1.488438142415303256e+00 0.000000000000000000e+00
1.283999999999999986e+01 1.787038541914991729e-01 1.488212763432106289e+00 0.000000000000000000e+00
1.284999999999999964e+01 1.752631160396758425e-01 1.487985634321866479e+00 0.000000000000000000e+00
1.285999999999999943e+01 1.718002489202403171e-01 1.487756871211594722e+00 0.000000000000000000e+00
1.287000000000000099e+01 1.683156713797683557e-01 1.487526591084967764e+00 0.000000000000000000e+00
1.288000000000000078e+01 1.648098046208417433e-01 1.487294911721763313e+00 0.000000000000000000e+00
1.289000000000000057e+01 1.612830724700085039e-01 1.487061951635813672e+00 0.000000000000000000e+00
1.290000000000000036e+01 1.577359013457791670e-01 1.486827830013215168e+00 0.000000000000000000e+00
1.291000000000000014e+01 1.541687202253826106e-01 1.486592666650664807e+00 0.000000000000000000e+00
1.291999999999999993e+01 1.505819606103682984e-01 1.486356581892595452e+00 0.000000000000000000e+00
1.292999999999999972e+01 1.469760564923288659e-01 1.486119696570286974e+00 0.000000000000000000e+00
1.293999999999999950e+01 1.433514443180841369e-01 1.485882131938004003e+00 0.000000000000000000e+00
1.295000000000000107e+01 1.397085629539774609e-01 1.485644009612313132e+00 0.000000000000000000e+00
1.296000000000000085e+01 1.360478536504217684e-01 1.485405451508466035e+00 0.000000000000000000e+00
1.297000000000000064e+01 1.323697600063721835e-01 1.485166579778994578e+00 0.000000000000000000e+00
1.298000000000000043e+01 1.286747279331083571e-01 1.484927516750203402e+00 0.000000000000000000e+00
1.299000000000000021e+01 1.249632056180464412e-01 1.484688384861158950e+00 0.000000000000000000e+00
1.300000000000000000e+01 1.212356434891589396e-01 1.484449306599493479e+00 0.000000000000000000e+00
1.300999999999999979e+01 1.174924941773901055e-01 1.484210404440640119e+00 0.000000000000000000e+00
1.301999999999999957e+01 1.137342124808513877e-01 1.483971800783984607e+00 0.000000000000000000e+00
1.303000000000000114e+01 1.099612553278492832e-01 1.483733617891402679e+00 0.000000000000000000e+00
1.304000000000000092e+01 1.061740817388246716e-01 1.483495977824743406e+00 0.000000000000000000e+00
1.305000000000000071e+01 1.023731527896682286e-01 1.483259002383238823e+00 0.000000000000000000e+00
1.306000000000000050e+01 9.855893157300178731e-02 1.483022813041672938e+00 0.000000000000000000e+00
1.307000000000000028e+01 9.473188316007147280e-02 1.482787530889003946e+00 0.000000000000000000e+00
1.308000000000000007e+01 9.089247456158927596e-02 1.482553276565329758e+00 0.000000000000000000e+00
1.308999999999999986e+01 8.704117468815837644e-02 1.482320170201628207e+00 0.000000000000000000e+00
1.309999999999999964e+01 8.317845431045391147e-02 1.482088331357477085e+00 0.000000000000000000e+00
1.310999999999999943e+01 7.930478601814336392e-02 1.481857878961144293e+00 0.000000000000000000e+00
1.312000000000000099e+01 7.542064417865756987e-02 1.481628931247019887e+00 0.000000000000000000e+00
1.313000000000000078e+01 7.152650489545711587e-02 1.481401605697344470e+00 0.000000000000000000e+00
1.314000000000000057e+01 6.762284596438072892e-02 1.481176018980378428e+00 0.000000000000000000e+00
1.315000000000000036e+01 6.371014683170235504e-02 1.480952286892099901e+00 0.000000000000000000e+00
1.316000000000000014e+01 5.978888854777391487e-02 1.480730524295354344e+00 0.000000000000000000e+00
1.316999999999999993e+01 5.585955372442870381e-02 1.480510845063019776e+00 0.000000000000000000e+00
1.317999999999999972e+01 5.192262648703947076e-02 1.480293362018088921e+00 0.000000000000000000e+00
1.318999999999999950e+01 4.797859242944099711e-02 1.480078186876017110e+00 0.000000000000000000e+00
1.320000000000000107e+01 4.402793856571322884e-02 1.479865430189228448e+00 0.000000000000000000e+00
1.321000000000000085e+01 4.007115328270856314e-02 1.479655201287297217e+00 0.000000000000000000e+00
1.322000000000000064e+01 3.610872629005232315e-02 1.479447608223976918e+00 0.000000000000000000e+00
1.323000000000000043e+01 3.214114857126744440e-02 1.479242757719878343e+00 0.000000000000000000e+00
1.324000000000000021e+01 2.816891233309277293e-02 1.479040755108025351e+00 0.000000000000000000e+00
1.325000000000000000e+01 2.419251095300663928e-02 1.478841704280446923e+00 0.000000000000000000e+00
1.325999999999999979e+01 2.021243892811320705e-02 1.478645707633731599e+00 0.000000000000000000e+00
1.326999999999999957e+01 1.622919182136632610e-02 1.478452866017388567e+00 0.000000000000000000e+00
1.328000000000000114e+01 1.224326620752961246e-02 1.478263278681410275e+00 0.000000000000000000e+00
1.329000000000000092e+01 8.255159618810872096e-03 1.478077043225585863e+00 0.000000000000000000e+00
1.330000000000000071e+01 4.265370488544645809e-03 1.477894255548664937e+00 0.000000000000000000e+00
1.331000000000000050e+01 2.743980953537232602e-04 1.477715009800169677e+00 0.000000000000000000e+00
1.332000000000000028e+01 -3.717257494725997001e-03 1.477539398330753651e+00 0.000000000000000000e+00
1.333000000000000007e+01 -7.709095485930047946e-03 1.477367511645218290e+00 0.000000000000000000e+00
1.333999999999999986e+01 -1.170061441218829892e-02 1.477199438356124661e+00 0.000000000000000000e+00
1.334999999999999964e+01 -1.569131219633741400e-02 1.477035265137500941e+00 0.000000000000000000e+00
1.335999999999999943e+01 -1.968068621110106650e-02 1.476875076681007481e+00 0.000000000000000000e+00
1.337000000000000099e+01 -2.366823334015710767e-02 1.476718955651403986e+00 0.000000000000000000e+00
1.338000000000000078e+01 -2.765345003992845940e-02 1.476566982645005188e+00 0.000000000000000000e+00
1.339000000000000057e+01 -3.163583240285466891e-02 1.476419236146977454e+00 0.000000000000000000e+00
1.340000000000000036e+01 -3.561487622019113980e-02 1.476275792492261596e+00 0.000000000000000000e+00
1.341000000000000014e+01 -3.959007704671548694e-02 1.476136725824635620e+00 0.000000000000000000e+00
1.341999999999999993e+01 -4.356093026507754790e-02 1.476002108060337381e+00 0.000000000000000000e+00
1.342999999999999972e+01 -4.752693115146181674e-02 1.475872008849276051e+00 0.000000000000000000e+00
1.343999999999999950e+01 -5.148757494158395093e-02 1.475746495540612324e+00 0.000000000000000000e+00
1.345000000000000107e+01 -5.544235689761829733e-02 1.475625633147015003e+00 0.000000000000000000e+00
1.346000000000000085e+01 -5.939077237536440762e-02 1.475509484311802622e+00 0.000000000000000000e+00
1.347000000000000064e+01 -6.333231689238520701e-02 1.475398109276759628e+00 0.000000000000000000e+00
1.348000000000000043e+01 -6.726648619659904293e-02 1.475291565850664455e+00 0.000000000000000000e+00
1.349000000000000021e+01 -7.119277633600805399e-02 1.475189909379883701e+00 0.000000000000000000e+00
1.350000000000000000e+01 -7.511068372778176294e-02 1.475093192720015489e+00 0.000000000000000000e+00
1.350999999999999979e+01 -7.901970522993666257e-02 1.475001466208681222e+00 0.000000000000000000e+00
1.351999999999999957e+01 -8.291933821207204958e-02 1.474914777639515284e+00 0.000000000000000000e+00
1.353000000000000114e+01 -8.680908062719787377e-02 1.474833172237731693e+00 0.000000000000000000e+00
1.354000000000000092e+01 -9.068843108501627170e-02 1.474756692637335664e+00 0.000000000000000000e+00
1.355000000000000071e+01 -9.455688892467056794e-02 1.474685378858408669e+00 0.000000000000000000e+00
1.356000000000000050e+01 -9.841395428883278895e-02 1.474619268287826301e+00 0.000000000000000000e+00
1.357000000000000028e+01 -1.022591281986670736e-01 1.474558395659166576e+00 0.000000000000000000e+00
1.358000000000000007e+01 -1.060919126285786440e-01 1.474502793035289860e+00 0.000000000000000000e+00
1.358999999999999986e+01 -1.099118105824238301e-01 1.474452489792645649e+00 0.000000000000000000e+00
1.359999999999999964e+01 -1.137183261697402442e-01 1.474407512605251380e+00 0.000000000000000000e+00
1.360999999999999943e+01 -1.175109646827821458e-01 1.474367885432069869e+00 0.000000000000000000e+00
1.362000000000000099e+01 -1.212892326736658283e-01 1.474333629504827048e+00 0.000000000000000000e+00
1.363000000000000078e+01 -1.250526380326367482e-01 1.474304763316744760e+00 0.000000000000000000e+00
1.364000000000000057e+01 -1.288006900660329523e-01 1.474281302614076861e+00 0.000000000000000000e+00
1.365000000000000036e+01 -1.325328998634693334e-01 1.474263253910444993e+00 0.000000000000000000e+00
1.366000000000000014e+01 -1.362487788347693796e-01 1.474250651611294760e+00 0.000000000000000000e+00
1.366999999999999993e+01 -1.399478422420700474e-01 1.474243468817654668e+00 0.000000000000000000e+00
1.367999999999999972e+01 -1.436296050942493241e-01 1.474241733442790192e+00 0.000000000000000000e+00
1.368999999999999950e+01 -1.472935851732793122e-01 1.474245439824976689e+00 0.000000000000000000e+00
1.370000000000000107e+01 -1.509393019296253191e-01 1.474254588036588709e+00 0.000000000000000000e+00
1.371000000000000085e+01 -1.545662767868924981e-01 1.474269174589562414e+00 0.000000000000000000e+00
1.372000000000000064e+01 -1.581740332307463581e-01 1.474289193057236380e+00 0.000000000000000000e+00
1.373000000000000043e+01 -1.617620968752516153e-01 1.474314634285501802e+00 0.000000000000000000e+00
1.374000000000000021e+01 -1.653299955444541280e-01 1.474345486356781310e+00 0.000000000000000000e+00
1.375000000000000000e+01 -1.688772593527162746e-01 1.474381734598636529e+00 0.000000000000000000e+00
1.375999999999999979e+01 -1.724034207838527621e-01 1.474423361592974935e+00 0.000000000000000000e+00
1.376999999999999957e+01 -1.759080147717608511e-01 1.474470347184811070e+00 0.000000000000000000e+00
1.378000000000000114e+01 -1.793905787787375694e-01 1.474522668493471356e+00 0.000000000000000000e+00
1.379000000000000092e+01 -1.828506528762803840e-01 1.474580299924755478e+00 0.000000000000000000e+00
1.380000000000000071e+01 -1.862877798238038451e-01 1.474643213183806978e+00 0.000000000000000000e+00
1.381000000000000050e+01 -1.897015051477817238e-01 1.474711377291472170e+00 0.000000000000000000e+00
1.382000000000000028e+01 -1.930913772213379842e-01 1.474784758599256174e+00 0.000000000000000000e+00
1.383000000000000007e+01 -1.964569473425616664e-01 1.474863320807346723e+00 0.000000000000000000e+00
1.383999999999999986e+01 -1.997977698131353508e-01 1.474947024984665012e+00 0.000000000000000000e+00
1.384999999999999964e+01 -2.031134020169101662e-01 1.475035829587424185e+00 0.000000000000000000e+00
1.385999999999999943e+01 -2.064034044968256487e-01 1.475129690482309686e+00 0.000000000000000000e+00
1.387000000000000099e+01 -2.096673410337329957e-01 1.475228560969146896e+00 0.000000000000000000e+00
1.388000000000000078e+01 -2.129047787217089038e-01 1.475332391804392351e+00 0.000000000000000000e+00
1.389000000000000057e+01 -2.161152880460117109e-01 1.475441131227887448e+00 0.000000000000000000e+00
1.390000000000000036e+01 -2.192984429580198680e-01 1.475554724988938693e+00 0.000000000000000000e+00
1.391000000000000014e+01 -2.224538209509348274e-01 1.475673116374603966e+00 0.000000000000000000e+00
1.391999999999999993e+01 -2.255810031344241129e-01 1.475796246239120535e+00 0.000000000000000000e+00
1.392999999999999972e+01 -2.286795743089475030e-01 1.475924053034636696e+00 0.000000000000000000e+00
1.393999999999999950e+01 -2.317491230385637924e-01 1.476056472842422362e+00 0.000000000000000000e+00
1.395000000000000107e+01 -2.347892417242984364e-01 1.476193439406737085e+00 0.000000000000000000e+00
1.396000000000000085e+01 -2.377995266758500259e-01 1.476334884167867623e+00 0.000000000000000000e+00
1.397000000000000064e+01 -2.407795781826077841e-01 1.476480736298850349e+00 0.000000000000000000e+00
1.398000000000000043e+01 -2.437290005846835250e-01 1.476630922740390650e+00 0.000000000000000000e+00
1.399000000000000021e+01 -2.466474023421597606e-01 1.476785368239669882e+00 0.000000000000000000e+00
1.400000000000000000e+01 -2.495343961043010594e-01 1.476943995388388498e+00 0.000000000000000000e+00
1.400999999999999979e+01 -2.523895987776272332e-01 1.477106724662806903e+00 0.000000000000000000e+00
1.401999999999999957e+01 -2.552126315931823597e-01 1.477273474464303904e+00 0.000000000000000000e+00
1.403000000000000114e+01 -2.580031201731523005e-01 1.477444161161605818e+00 0.000000000000000000e+00
1.404000000000000092e+01 -2.607606945961462031e-01 1.477618699133412816e+00 0.000000000000000000e+00
1.405000000000000071e+01 -2.634849894623819688e-01 1.477797000812339112e+00 0.000000000000000000e+00
1.406000000000000050e+01 -2.661756439569707422e-01 1.477978976730039307e+00 0.000000000000000000e+00
1.407000000000000028e+01 -2.688323019130370306e-01 1.478164535562395576e+00 0.000000000000000000e+00
1.408000000000000007e+01 -2.714546118737126701e-01 1.478353584177243274e+00 0.000000000000000000e+00
1.408999999999999986e+01 -2.740422271523849651e-01 1.478546027681199693e+00 0.000000000000000000e+00
1.409999999999999964e+01 -2.765948058932935494e-01 1.478741769468555622e+00 0.000000000000000000e+00
1.410999999999999943e+01 -2.791120111297519246e-01 1.478940711270696484e+00 0.000000000000000000e+00
1.412000000000000099e+01 -2.815935108417891852e-01 1.479142753206347249e+00 0.000000000000000000e+00
1.413000000000000078e+01 -2.840389780131791775e-01 1.479347793832823443e+00 0.000000000000000000e+00
1.414000000000000057e+01 -2.864480906862887366e-01 1.479555730197101626e+00 0.000000000000000000e+00
1.415000000000000036e+01 -2.888205320165493362e-01 1.479766457889529763e+00 0.000000000000000000e+00
1.416000000000000014e+01 -2.911559903254166692e-01 1.479979871096531729e+00 0.000000000000000000e+00
1.416999999999999993e+01 -2.934541591523643911e-01 1.480195862654198891e+00 0.000000000000000000e+00
1.417999999999999972e+01 -2.957147373050393324e-01 1.480414324103977330e+00 0.000000000000000000e+00
1.418999999999999950e+01 -2.979374289087952654e-01 1.480635145747379200e+00 0.000000000000000000e+00
1.420000000000000107e+01 -3.001219434548869081e-01 1.480858216701828489e+00 0.000000000000000000e+00
1.421000000000000085e+01 -3.022679958463796446e-01 1.481083424957413186e+00 0.000000000000000000e+00
1.422000000000000064e+01 -3.043753064442614176e-01 1.481310657433718481e+00 0.000000000000000000e+00
1.423000000000000043e+01 -3.064436011108483404e-01 1.481539800037982246e+00 0.000000000000000000e+00
1.424000000000000021e+01 -3.084726112524912023e-01 1.481770737721867848e+00 0.000000000000000000e+00
1.425000000000000000e+01 -3.104620738605675112e-01 1.482003354541478579e+00 0.000000000000000000e+00
1.425999999999999979e+01 -3.124117315510968051e-01 1.482237533714862332e+00 0.000000000000000000e+00
1.426999999999999957e+01 -3.143213326032439081e-01 1.482473157682426601e+00 0.000000000000000000e+00
1.428000000000000114e+01 -3.161906309957656092e-01 1.482710108165435248e+00 0.000000000000000000e+00
1.429000000000000092e+01 -3.180193864422118377e-01 1.482948266227099410e+00 0.000000000000000000e+00
1.430000000000000071e+01 -3.198073644251362979e-01 1.483187512331876068e+00 0.000000000000000000e+00
1.431000000000000050e+01 -3.215543362281257367e-01 1.483427726406268077e+00 0.000000000000000000e+00
1.432000000000000028e+01 -3.232600789664936691e-01 1.483668787899847574e+00 0.000000000000000000e+00
1.433000000000000007e+01 -3.249243756173798015e-01 1.483910575845385438e+00 0.000000000000000000e+00
1.433999999999999986e+01 -3.265470150468037236e-01 1.484152968920717353e+00 0.000000000000000000e+00
1.434999999999999964e+01 -3.281277920370269663e-01 1.484395845509250966e+00 0.000000000000000000e+00
1.435999999999999943e+01 -3.296665073109714128e-01 1.484639083761872813e+00 0.000000000000000000e+00
1.437000000000000099e+01 -3.311629675564190523e-01 1.484882561657665079e+00 0.000000000000000000e+00
1.438000000000000078e+01 -3.326169854480248156e-01 1.485126157065638886e+00 0.000000000000000000e+00
1.439000000000000057e+01 -3.340283796680835193e-01 1.485369747806609242e+00 0.000000000000000000e+00
1.440000000000000036e+01 -3.353969749264821276e-01 1.485613211713073367e+00 0.000000000000000000e+00
1.441000000000000014e+01 -3.367226019781057178e-01 1.485856426692757859e+00 0.000000000000000000e+00
1.441999999999999993e+01 -3.380050976399507356e-01 1.486099270787769377e+00 0.000000000000000000e+00
1.442999999999999972e+01 -3.392443048065921785e-01 1.486341622237264737e+00 0.000000000000000000e+00
1.443999999999999950e+01 -3.404400724632755115e-01 1.486583359537392068e+00 0.000000000000000000e+00
1.445000000000000107e+01 -3.415922556993597481e-01 1.486824361503351399e+00 0.000000000000000000e+00
1.446000000000000085e+01 -3.427007157185117392e-01 1.487064507328591745e+00 0.000000000000000000e+00
1.447000000000000064e+01 -3.437653198487009565e-01 1.487303676646732464e+00 0.000000000000000000e+00
1.448000000000000043e+01 -3.447859415504520575e-01 1.487541749590628681e+00 0.000000000000000000e+00
1.449000000000000021e+01 -3.457624604229264098e-01 1.487778606853220831e+00 0.000000000000000000e+00
1.450000000000000000e+01 -3.466947622101925752e-01 1.488014129746106251e+00 0.000000000000000000e+00
1.450999999999999979e+01 -3.475827388036581977e-01 1.488248200260172460e+00 0.000000000000000000e+00
1.451999999999999957e+01 -3.484262882458205035e-01 1.488480701123355177e+00 0.000000000000000000e+00
1.453000000000000114e+01 -3.492253147297759708e-01 1.488711515859798995e+00 0.000000000000000000e+00
1.454000000000000092e+01 -3.499797285996925078e-01 1.488940528847884970e+00 0.000000000000000000e+00
1.455000000000000071e+01 -3.506894463478957280e-01 1.489167625378087223e+00 0.000000000000000000e+00
1.456000000000000050e+01 -3.513543906119877547e-01 1.489392691709869876e+00 0.000000000000000000e+00
1.457000000000000028e+01 -3.519744901696444384e-01 1.489615615128816017e+00 0.000000000000000000e+00
1.458000000000000007e+01 -3.525496799320991248e-01 1.489836284002675537e+00 0.000000000000000000e+00
1.458999999999999986e+01 -3.530799009368070784e-01 1.490054587837283728e+00 0.000000000000000000e+00
1.459999999999999964e+01 -3.535651003378416646e-01 1.490270417331274189e+00 0.000000000000000000e+00
1.460999999999999943e+01 -3.540052313958914065e-01 1.490483664430982458e+00 0.000000000000000000e+00
1.462000000000000099e+01 -3.544002534660992132e-01 1.490694222384292056e+00 0.000000000000000000e+00
1.463000000000000078e+01 -3.547501319849317158e-01 1.490901985793906537e+00 0.000000000000000000e+00
1.464000000000000057e+01 -3.550548384560642812e-01 1.491106850669979833e+00 0.000000000000000000e+00
1.465000000000000036e+01 -3.553143504347812121e-01 1.491308714481376141e+00 0.000000000000000000e+00
1.466000000000000014e+01 -3.555286515105355316e-01 1.491507476208127070e+00 0.000000000000000000e+00
1.466999999999999993e+01 -3.556977312900145294e-01 1.491703036390765957e+00 0.000000000000000000e+00
1.467999999999999972e+01 -3.558215853772153658e-01 1.491895297180125812e+00 0.000000000000000000e+00
1.468999999999999950e+01 -3.559002153538000646e-01 1.492084162386849711e+00 0.000000000000000000e+00
1.470000000000000107e+01 -3.559336287576640445e-01 1.492269537528390089e+00 0.000000000000000000e+00
1.471000000000000085e+01 -3.559218390612365335e-01 1.492451329877368504e+00 0.000000000000000000e+00
1.472000000000000064e+01 -3.558648656478228256e-01 1.492629448506745726e+00 0.000000000000000000e+00
1.473000000000000043e+01 -3.557627337880597818e-01 1.492803804335824269e+00 0.000000000000000000e+00
1.474000000000000021e+01 -3.556154746154107649e-01 1.492974310175136932e+00 0.000000000000000000e+00
1.475000000000000000e+01 -3.554231247704336405e-01 1.493140894082577885e+00 0.000000000000000000e+00
1.475999999999999979e+01 -3.551857278970751430e-01 1.493303422948121684e+00 0.000000000000000000e+00
1.476999999999999957e+01 -3.549033318223003275e-01 1.493461886496286528e+00 0.000000000000000000e+00
1.478000000000000114e+01 -3.545759909914082963e-01 1.493616157583053772e+00 0.000000000000000000e+00
1.479000000000000092e+01 -3.542037656408394963e-01 1.493766174618336828e+00 0.000000000000000000e+00
1.480000000000000071e+01 -3.537867213349529250e-01 1.493911860866775410e+00 0.000000000000000000e+00
1.481000000000000050e+01 -3.533249295569029780e-01 1.494053143200871014e+00 0.000000000000000000e+00
1.482000000000000028e+01 -3.528184673312214081e-01 1.494189951126369431e+00 0.000000000000000000e+00
1.483000000000000007e+01 -3.522674173036238199e-01 1.494322216306189777e+00 0.000000000000000000e+00
1.483999999999999986e+01 -3.516718676907245600e-01 1.494449872687146241e+00 0.000000000000000000e+00
1.484999999999999964e+01 -3.510319122440397899e-01 1.494572856534375660e+00 0.000000000000000000e+00
1.485999999999999943e+01 -3.503476502186395614e-01 1.494691106457478602e+00 0.000000000000000000e+00
1.487000000000000099e+01 -3.496191863370020636e-01 1.494804563443370427e+00 0.000000000000000000e+00
1.488000000000000078e+01 -3.488466307534341393e-01 1.494913170884935694e+00 0.000000000000000000e+00
1.489000000000000057e+01 -3.480300990187035204e-01 1.495016874609679469e+00 0.000000000000000000e+00
1.490000000000000036e+01 -3.471697120420192406e-01 1.495115622907081443e+00 0.000000000000000000e+00
1.491000000000000014e+01 -3.462655960549401168e-01 1.495209366554398178e+00 0.000000000000000000e+00
1.491999999999999993e+01 -3.453178825728737689e-01 1.495298058840921707e+00 0.000000000000000000e+00
1.492999999999999972e+01 -3.443267083571747156e-01 1.495381655592503911e+00 0.000000000000000000e+00
1.493999999999999950e+01 -3.432922153768853124e-01 1.495460115192323691e+00 0.000000000000000000e+00
1.495000000000000107e+01 -3.422145507697185729e-01 1.495533398603081210e+00 0.000000000000000000e+00
1.496000000000000085e+01 -3.410938668036192500e-01 1.495601469386080629e+00 0.000000000000000000e+00
1.497000000000000064e+01 -3.399303208376380225e-01 1.495664293719414228e+00 0.000000000000000000e+00
1.498000000000000043e+01 -3.387240752824331458e-01 1.495721840415602300e+00 0.000000000000000000e+00
1.499000000000000021e+01 -3.374752975621306827e-01 1.495774080936839834e+00 0.000000000000000000e+00
1.500000000000000000e+01 -3.361841600743414871e-01 1.495820989409757384e+00 0.000000000000000000e+00
1.500999999999999979e+01 -3.348508401515393196e-01 1.495862542638818127e+00 0.000000000000000000e+00
1.501999999999999957e+01 -3.334755200218952331e-01 1.495898720117269098e+00 0.000000000000000000e+00
1.503000000000000114e+01 -3.320583867701703551e-01 1.495929504038835400e+00 0.000000000000000000e+00
1.504000000000000092e+01 -3.305996322988444258e-01 1.495954879306120588e+00 0.000000000000000000e+00
1.505000000000000071e+01 -3.290994532889985891e-01 1.495974833538477267e+00 0.000000000000000000e+00
1.506000000000000050e+01 -3.275580511610571843e-01 1.495989357078976401e+00 0.000000000000000000e+00
1.507000000000000028e+01 -3.259756320364655124e-01 1.495998442999313616e+00 0.000000000000000000e+00
1.508000000000000007e+01 -3.243524066975482789e-01 1.496002087103347922e+00 0.000000000000000000e+00
1.508999999999999986e+01 -3.226885905495687767e-01 1.496000287930135286e+00 0.000000000000000000e+00
1.509999999999999964e+01 -3.209844035802387197e-01 1.495993046754667599e+00 0.000000000000000000e+00
1.510999999999999943e+01 -3.192400703221140446e-01 1.495980367588040316e+00 0.000000000000000000e+00
1.512000000000000099e+01 -3.174558198117552466e-01 1.495962257174986210e+00 0.000000000000000000e+00
1.513000000000000078e+01 -3.156318855517340483e-01 1.495938724992543767e+00 0.000000000000000000e+00
1.514000000000000057e+01 -3.137685054707587406e-01 1.495909783244338431e+00 0.000000000000000000e+00
1.515000000000000036e+01 -3.118659218848766068e-01 1.495875446855748025e+00 0.000000000000000000e+00
1.516000000000000014e+01 -3.099243814581002510e-01 1.495835733466903683e+00 0.000000000000000000e+00
1.516999999999999993e+01 -3.079441351635744395e-01 1.495790663424806155e+00 0.000000000000000000e+00
1.517999999999999972e+01 -3.059254382451568333e-01 1.495740259772556868e+00 0.000000000000000000e+00
1.518999999999999950e+01 -3.038685501779167519e-01 1.495684548240483913e+00 0.000000000000000000e+00
1.520000000000000107e+01 -3.017737346307430291e-01 1.495623557232130585e+00 0.000000000000000000e+00
1.521000000000000085e+01 -2.996412594274568963e-01 1.495557317811914588e+00 0.000000000000000000e+00
1.522000000000000064e+01 -2.974713965093793711e-01 1.495485863689847150e+00 0.000000000000000000e+00
1.523000000000000043e+01 -2.952644218974134760e-01 1.495409231205779621e+00 0.000000000000000000e+00
1.524000000000000021e+01 -2.930206156547882634e-01 1.495327459311872387e+00 0.000000000000000000e+00
1.525000000000000000e+01 -2.907402618503585057e-01 1.495240589554192701e+00 0.000000000000000000e+00
1.525999999999999979e+01 -2.884236485215086465e-01 1.495148666052401820e+00 0.000000000000000000e+00
1.526999999999999957e+01 -2.860710676375964878e-01 1.495051735479236310e+00 0.000000000000000000e+00
1.528000000000000114e+01 -2.836828150644147839e-01 1.494949847037520207e+00 0.000000000000000000e+00
1.529000000000000092e+01 -2.812591905278373772e-01 1.494843052437192954e+00 0.000000000000000000e+00
1.530000000000000071e+01 -2.788004975782611972e-01 1.494731405869409446e+00 0.000000000000000000e+00
1.531000000000000050e+01 -2.763070435553778292e-01 1.494614963981760969e+00 0.000000000000000000e+00
1.532000000000000028e+01 -2.737791395533693550e-01 1.494493785849990042e+00 0.000000000000000000e+00
1.533000000000000007e+01 -2.712171003856810869e-01 1.494367932949952182e+00 0.000000000000000000e+00
1.533999999999999986e+01 -2.686212445509472135e-01 1.494237469127813744e+00 0.000000000000000000e+00
1.534999999999999964e+01 -2.659918941983402951e-01 1.494102460569744384e+00 0.000000000000000000e+00
1.535999999999999943e+01 -2.633293750941060885e-01 1.493962975769073998e+00 0.000000000000000000e+00
1.537000000000000099e+01 -2.606340165874199144e-01 1.493819085493977905e+00 0.000000000000000000e+00
1.538000000000000078e+01 -2.579061515772105850e-01 1.493670862753801121e+00 0.000000000000000000e+00
1.539000000000000057e+01 -2.551461164790470582e-01 1.493518382762180519e+00 0.000000000000000000e+00
1.540000000000000036e+01 -2.523542511919376063e-01 1.493361722902616151e+00 0.000000000000000000e+00
1.541000000000000014e+01 -2.495308990660668746e-01 1.493200962690379052e+00 0.000000000000000000e+00
1.541999999999999993e+01 -2.466764068698491519e-01 1.493036183734003153e+00 0.000000000000000000e+00
1.542999999999999972e+01 -2.437911247582078278e-01 1.492867469696574911e+00 0.000000000000000000e+00
1.543999999999999950e+01 -2.408754062400013940e-01 1.492694906254753873e+00 0.000000000000000000e+00
1.545000000000000107e+01 -2.379296081461785006e-01 1.492518581058525529e+00 0.000000000000000000e+00
1.546000000000000085e+01 -2.349540905982406280e-01 1.492338583687540909e+00 0.000000000000000000e+00
1.547000000000000064e+01 -2.319492169756337541e-01 1.492155005608784890e+00 0.000000000000000000e+00
1.548000000000000043e+01 -2.289153538850854930e-01 1.491967940132405746e+00 0.000000000000000000e+00
1.549000000000000021e+01 -2.258528711276662215e-01 1.491777482365211904e+00 0.000000000000000000e+00
1.550000000000000000e+01 -2.227621416682529221e-01 1.491583729165167904e+00 0.000000000000000000e+00
1.550999999999999979e+01 -2.196435416027960053e-01 1.491386779093237358e+00 0.000000000000000000e+00
1.551999999999999957e+01 -2.164974501275108154e-01 1.491186732364275347e+00 0.000000000000000000e+00
1.553000000000000114e+01 -2.133242495068267131e-01 1.490983690797064165e+00 0.000000000000000000e+00
1.554000000000000092e+01 -2.101243250422024644e-01 1.490777757762306255e+00 0.000000000000000000e+00
1.555000000000000071e+01 -2.068980650411263167e-01 1.490569038129022639e+00 0.000000000000000000e+00
1.556000000000000050e+01 -2.036458607858127878e-01 1.490357638211078362e+00 0.000000000000000000e+00
1.557000000000000028e+01 -2.003681065034094710e-01 1.490143665709494414e+00 0.000000000000000000e+00
1.558000000000000007e+01 -1.970651993351498765e-01 1.489927229656082153e+00 0.000000000000000000e+00
1.558999999999999986e+01 -1.937375393076244401e-01 1.489708440353338714e+00 0.000000000000000000e+00
1.559999999999999964e+01 -1.903855293034803775e-01 1.489487409315693567e+00 0.000000000000000000e+00
1.561000000000000121e+01 -1.870095750326259965e-01 1.489264249206825319e+00 0.000000000000000000e+00
1.562000000000000099e+01 -1.836100850051790023e-01 1.489039073779499622e+00 0.000000000000000000e+00
1.563000000000000078e+01 -1.801874705024108514e-01 1.488811997812673260e+00 0.000000000000000000e+00
1.564000000000000057e+01 -1.767421455504095129e-01 1.488583137049398486e+00 0.000000000000000000e+00
1.565000000000000036e+01 -1.732745268917578463e-01 1.488352608135294242e+00 0.000000000000000000e+00
1.566000000000000014e+01 -1.697850339574325240e-01 1.488120528557070887e+00 0.000000000000000000e+00
1.566999999999999993e+01 -1.662740888387068683e-01 1.487887016581605160e+00 0.000000000000000000e+00
1.567999999999999972e+01 -1.627421162578668867e-01 1.487652191195806495e+00 0.000000000000000000e+00
1.568999999999999950e+01 -1.591895435374998113e-01 1.487416172047106633e+00 0.000000000000000000e+00
1.570000000000000107e+01 -1.556168005701492607e-01 1.487179079384512992e+00 0.000000000000000000e+00
1.571000000000000085e+01 -1.520243197853638206e-01 1.486941033999725992e+00 0.000000000000000000e+00
1.572000000000000064e+01 -1.484125361172922430e-01 1.486702157169153882e+00 0.000000000000000000e+00
1.573000000000000043e+01 -1.447818869701665845e-01 1.486462570594678345e+00 0.000000000000000000e+00
1.574000000000000021e+01 -1.411328121831691707e-01 1.486222396346034813e+00 0.000000000000000000e+00
1.575000000000000000e+01 -1.374657539959628916e-01 1.485981756800841769e+00 0.000000000000000000e+00
1.575999999999999979e+01 -1.337811570111790416e-01 1.485740774586269630e+00 0.000000000000000000e+00
1.576999999999999957e+01 -1.300794681590339841e-01 1.485499572518429012e+00 0.000000000000000000e+00
1.578000000000000114e+01 -1.263611366598145491e-01 1.485258273542386043e+00 0.000000000000000000e+00
1.579000000000000092e+01 -1.226266139870855615e-01 1.485017000672111509e+00 0.000000000000000000e+00
1.580000000000000071e+01 -1.188763538300527250e-01 1.484775876927759475e+00 0.000000000000000000e+00
1.581000000000000050e+01 -1.151108120565185466e-01 1.484535025275430797e+00 0.000000000000000000e+00
1.582000000000000028e+01 -1.113304466743375160e-01 1.484294568564726413e+00 0.000000000000000000e+00
1.583000000000000007e+01 -1.075357177945381326e-01 1.484054629466341257e+00 0.000000000000000000e+00
1.583999999999999986e+01 -1.037270875920462687e-01 1.483815330410060529e+00 0.000000000000000000e+00
1.584999999999999964e+01 -9.990502026798309121e-02 1.483576793521778070e+00 0.000000000000000000e+00
1.586000000000000121e+01 -9.606998201035321649e-02 1.483339140561680258e+00 0.000000000000000000e+00
1.587000000000000099e+01 -9.222244095534200270e-02 1.483102492860630672e+00 0.000000000000000000e+00
1.588000000000000078e+01 -8.836286714669937259e-02 1.482866971258866240e+00 0.000000000000000000e+00
1.589000000000000057e+01 -8.449173249706558309e-02 1.482632696042839315e+00 0.000000000000000000e+00
1.590000000000000036e+01 -8.060951074537892058e-02 1.482399786883550119e+00 0.000000000000000000e+00
1.591000000000000014e+01 -7.671667741727565548e-02 1.482168362774615167e+00 0.000000000000000000e+00
1.591999999999999993e+01 -7.281370978213999590e-02 1.481938541970836409e+00 0.000000000000000000e+00
1.592999999999999972e+01 -6.890108681075024499e-02 1.481710441926855637e+00 0.000000000000000000e+00
1.593999999999999950e+01 -6.497928913177558607e-02 1.481484179236604026e+00 0.000000000000000000e+00
1.595000000000000107e+01 -6.104879898836051977e-02 1.481259869572739252e+00 0.000000000000000000e+00
1.596000000000000085e+01 -5.711010019237184460e-02 1.481037627627179720e+00 0.000000000000000000e+00
1.597000000000000064e+01 -5.316367807947213614e-02 1.480817567051358363e+00 0.000000000000000000e+00
1.598000000000000043e+01 -4.921001946261468335e-02 1.480599800397669918e+00 0.000000000000000000e+00
1.599000000000000021e+01 -4.524961258486220189e-02 1.480384439061417146e+00 0.000000000000000000e+00
1.600000000000000000e+01 -4.128294707111031248e-02 1.480171593222856963e+00 0.000000000000000000e+00
1.601000000000000156e+01 -3.731051388003552710e-02 1.479961371790535773e+00 0.000000000000000000e+00
1.601999999999999957e+01 -3.333280525337044969e-02 1.479753882345005822e+00 0.000000000000000000e+00
1.603000000000000114e+01 -2.935031466697521699e-02 1.479549231083238992e+00 0.000000000000000000e+00
1.603999999999999915e+01 -2.536353677765289250e-02 1.479347522763455158e+00 0.000000000000000000e+00
1.605000000000000071e+01 -2.137296737279268180e-02 1.479148860651969599e+00 0.000000000000000000e+00
1.605999999999999872e+01 -1.737910331643923931e-02 1.478953346468410368e+00 0.000000000000000000e+00
1.607000000000000028e+01 -1.338244249531702484e-02 1.478761080334853206e+00 0.000000000000000000e+00
1.608000000000000185e+01 -9.383483764926200260e-03 1.478572160722600337e+00 0.000000000000000000e+00
1.608999999999999986e+01 -5.382726893481274213e-03 1.478386684402827500e+00 0.000000000000000000e+00
1.610000000000000142e+01 -1.380672505364097464e-03 1.478204746395208380e+00 0.000000000000000000e+00
1.610999999999999943e+01 2.622177975364327774e-03 1.478026439920099300e+00 0.000000000000000000e+00
1.612000000000000099e+01 6.625322383873018771e-03 1.477851856349310822e+00 0.000000000000000000e+00
1.612999999999999901e+01 1.062825787274001253e-02 1.477681085160177599e+00 0.000000000000000000e+00
1.614000000000000057e+01 1.463048097199094559e-02 1.477514213888080130e+00 0.000000000000000000e+00
1.614999999999999858e+01 1.863148764933459170e-02 1.477351328082059823e+00 0.000000000000000000e+00
1.616000000000000014e+01 2.263077337182430732e-02 1.477192511260734031e+00 0.000000000000000000e+00
1.617000000000000171e+01 2.662783316704651557e-02 1.477037844868306138e+00 0.000000000000000000e+00
1.617999999999999972e+01 3.062216168700476054e-02 1.476887408233931831e+00 0.000000000000000000e+00
1.619000000000000128e+01 3.461325327031944399e-02 1.476741278529375201e+00 0.000000000000000000e+00
1.619999999999999929e+01 3.860060200746954356e-02 1.476599530730127618e+00 0.000000000000000000e+00
1.621000000000000085e+01 4.258370180506811792e-02 1.476462237576646075e+00 0.000000000000000000e+00
1.621999999999999886e+01 4.656204645147866972e-02 1.476329469536713734e+00 0.000000000000000000e+00
1.623000000000000043e+01 5.053512968336080352e-02 1.476201294769385886e+00 0.000000000000000000e+00
1.624000000000000199e+01 5.450244525203257195e-02 1.476077779089987052e+00 0.000000000000000000e+00
1.625000000000000000e+01 5.846348699191147857e-02 1.475958985936496992e+00 0.000000000000000000e+00
1.626000000000000156e+01 6.241774888772941288e-02 1.475844976336988745e+00 0.000000000000000000e+00
1.626999999999999957e+01 6.636472514461429217e-02 1.475735808878703814e+00 0.000000000000000000e+00
1.628000000000000114e+01 7.030391025679710859e-02 1.475631539678247561e+00 0.000000000000000000e+00
1.628999999999999915e+01 7.423479907858715476e-02 1.475532222353140854e+00 0.000000000000000000e+00
1.630000000000000071e+01 7.815688689525646105e-02 1.475437907994829656e+00 0.000000000000000000e+00
1.630999999999999872e+01 8.206966949489902241e-02 1.475348645143052861e+00 0.000000000000000000e+00
1.632000000000000028e+01 8.597264324067875607e-02 1.475264479761160485e+00 0.000000000000000000e+00
1.633000000000000185e+01 8.986530514444641959e-02 1.475185455213958052e+00 0.000000000000000000e+00
1.633999999999999986e+01 9.374715294020140310e-02 1.475111612245197934e+00 0.000000000000000000e+00
1.635000000000000142e+01 9.761768515876918795e-02 1.475042988957832479e+00 0.000000000000000000e+00
1.635999999999999943e+01 1.014764012029703427e-01 1.474979620794984791e+00 0.000000000000000000e+00
1.637000000000000099e+01 1.053228014232439336e-01 1.474921540522316832e+00 0.000000000000000000e+00
1.637999999999999901e+01 1.091563871938628638e-01 1.474868778211696041e+00 0.000000000000000000e+00
1.639000000000000057e+01 1.129766609895323376e-01 1.474821361225958638e+00 0.000000000000000000e+00
1.639999999999999858e+01 1.167831264625954352e-01 1.474779314205349134e+00 0.000000000000000000e+00
1.641000000000000014e+01 1.205752885206312491e-01 1.474742659055363392e+00 0.000000000000000000e+00
1.642000000000000171e+01 1.243526534038113807e-01 1.474711414934695153e+00 0.000000000000000000e+00
1.642999999999999972e+01 1.281147287633853660e-01 1.474685598246229690e+00 0.000000000000000000e+00
1.644000000000000128e+01 1.318610237395831664e-01 1.474665222628419148e+00 0.000000000000000000e+00
1.644999999999999929e+01 1.355910490406848357e-01 1.474650298947613125e+00 0.000000000000000000e+00
1.646000000000000085e+01 1.393043170209969372e-01 1.474640835293167695e+00 0.000000000000000000e+00
1.646999999999999886e+01 1.430003417603373239e-01 1.474636836972772702e+00 0.000000000000000000e+00
1.648000000000000043e+01 1.466786391429015790e-01 1.474638306509267638e+00 0.000000000000000000e+00
1.649000000000000199e+01 1.503387269362112533e-01 1.474645243640626768e+00 0.000000000000000000e+00
1.650000000000000000e+01 1.539801248708941306e-01 1.474657645318593113e+00 0.000000000000000000e+00
1.651000000000000156e+01 1.576023547200345321e-01 1.474675505711599000e+00 0.000000000000000000e+00
1.651999999999999957e+01 1.612049403783640256e-01 1.474698816207600460e+00 0.000000000000000000e+00
1.653000000000000114e+01 1.647874079427694149e-01 1.474727565418457287e+00 0.000000000000000000e+00
1.653999999999999915e+01 1.683492857914005436e-01 1.474761739186819520e+00 0.000000000000000000e+00
1.655000000000000071e+01 1.718901046638508512e-01 1.474801320593612131e+00 0.000000000000000000e+00
1.655999999999999872e+01 1.754093977408804073e-01 1.474846289966786239e+00 0.000000000000000000e+00
1.657000000000000028e+01 1.789067007244418972e-01 1.474896624892619856e+00 0.000000000000000000e+00
1.658000000000000185e+01 1.823815519174409594e-01 1.474952300227425406e+00 0.000000000000000000e+00
1.658999999999999986e+01 1.858334923032736452e-01 1.475013288111016063e+00 0.000000000000000000e+00
1.660000000000000142e+01 1.892620656257289202e-01 1.475079557981721523e+00 0.000000000000000000e+00
1.660999999999999943e+01 1.926668184683785479e-01 1.475151076592379207e+00 0.000000000000000000e+00
1.662000000000000099e+01 1.960473003337198927e-01 1.475227808028541920e+00 0.000000000000000000e+00
1.662999999999999901e+01 1.994030637219199598e-01 1.475309713726728811e+00 0.000000000000000000e+00
1.664000000000000057e+01 2.027336642101762454e-01 1.475396752495311326e+00 0.000000000000000000e+00
1.664999999999999858e+01 2.060386605302347018e-01 1.475488880535735792e+00 0.000000000000000000e+00
1.666000000000000014e+01 2.093176146468567478e-01 1.475586051466136528e+00 0.000000000000000000e+00
1.667000000000000171e+01 2.125700918348889246e-01 1.475688216344627657e+00 0.000000000000000000e+00
1.667999999999999972e+01 2.157956607564214813e-01 1.475795323695983763e+00 0.000000000000000000e+00
1.669000000000000128e+01 2.189938935374684814e-01 1.475907319537389739e+00 0.000000000000000000e+00
1.669999999999999929e+01 2.221643658429589274e-01 1.476024147407571485e+00 0.000000000000000000e+00
1.671000000000000085e+01 2.253066569530995655e-01 1.476145748395440105e+00 0.000000000000000000e+00
1.671999999999999886e+01 2.284203498370638019e-01 1.476272061170670113e+00 0.000000000000000000e+00
1.673000000000000043e+01 2.315050312275188094e-01 1.476403022016203215e+00 0.000000000000000000e+00
1.674000000000000199e+01 2.345602916933280935e-01 1.476538564860601532e+00 0.000000000000000000e+00
1.675000000000000000e+01 2.375857257125709165e-01 1.476678621312082607e+00 0.000000000000000000e+00
1.676000000000000156e+01 2.405809317441042205e-01 1.476823120694968461e+00 0.000000000000000000e+00
1.676999999999999957e+01 2.435455122985993315e-01 1.476971990084908537e+00 0.000000000000000000e+00
1.678000000000000114e+01 2.464790740086142129e-01 1.477125154347341818e+00 0.000000000000000000e+00
1.678999999999999915e+01 2.493812276984869736e-01 1.477282536175991590e+00 0.000000000000000000e+00
1.680000000000000071e+01 2.522515884526641550e-01 1.477444056132700023e+00 0.000000000000000000e+00
1.680999999999999872e+01 2.550897756836804087e-01 1.477609632688399843e+00 0.000000000000000000e+00
1.682000000000000028e+01 2.578954131988582810e-01 1.477779182265287705e+00 0.000000000000000000e+00
1.683000000000000185e+01 2.606681292667548111e-01 1.477952619279063073e+00 0.000000000000000000e+00
1.683999999999999986e+01 2.634075566822012826e-01 1.478129856183993729e+00 0.000000000000000000e+00
1.685000000000000142e+01 2.661133328302550116e-01 1.478310803516971861e+00 0.000000000000000000e+00
1.685999999999999943e+01 2.687850997500825789e-01 1.478495369944047955e+00 0.000000000000000000e+00
1.687000000000000099e+01 2.714225041963804763e-01 1.478683462306437546e+00 0.000000000000000000e+00
1.687999999999999901e+01 2.740251977015466522e-01 1.478874985669826447e+00 0.000000000000000000e+00
1.689000000000000057e+01 2.765928366351350087e-01 1.479069843370822923e+00 0.000000000000000000e+00
1.689999999999999858e+01 2.791250822632176387e-01 1.479267937068611927e+00 0.000000000000000000e+00
1.691000000000000014e+01 2.816216008063944787e-01 1.479469166793628165e+00 0.000000000000000000e+00
1.692000000000000171e+01 2.840820634965526836e-01 1.479673430999646877e+00 0.000000000000000000e+00
1.692999999999999972e+01 2.865061466324899664e-01 1.479880626615214689e+00 0.000000000000000000e+00
1.694000000000000128e+01 2.888935316344951043e-01 1.480090649096414079e+00 0.000000000000000000e+00
1.694999999999999929e+01 2.912439050970561105e-01 1.480303392480090130e+00 0.000000000000000000e+00
1.696000000000000085e+01 2.935569588419766340e-01 1.480518749438261006e+00 0.000000000000000000e+00
1.696999999999999886e+01 2.958323899675757152e-01 1.480736611332267971e+00 0.000000000000000000e+00
1.698000000000000043e+01 2.980699008992408472e-01 1.480956868268431093e+00 0.000000000000000000e+00
1.699000000000000199e+01 3.002691994373689610e-01 1.481179409154472548e+00 0.000000000000000000e+00
1.700000000000000000e+01 3.024299988032663200e-01 1.481404121754412273e+00 0.000000000000000000e+00
1.701000000000000156e+01 3.045520176857793859e-01 1.481630892747930917e+00 0.000000000000000000e+00
1.701999999999999957e+01 3.066349802845390049e-01 1.481859607785841693e+00 0.000000000000000000e+00
1.703000000000000114e+01 3.086786163528539850e-01 1.482090151549505297e+00 0.000000000000000000e+00
1.703999999999999915e+01 3.106826612387453279e-01 1.482322407808460918e+00 0.000000000000000000e+00
1.705000000000000071e+01 3.126468559251258661e-01 1.482556259480136251e+00 0.000000000000000000e+00
1.705999999999999872e+01 3.145709470681165021e-01 1.482791588688271878e+00 0.000000000000000000e+00
1.707000000000000028e+01 3.164546870334412620e-01 1.483028276823281644e+00 0.000000000000000000e+00
1.708000000000000185e+01 3.182978339328904061e-01 1.483266204602306182e+00 0.000000000000000000e+00
1.708999999999999986e+01 3.201001516574678019e-01 1.483505252128372032e+00 0.000000000000000000e+00
1.710000000000000142e+01 3.218614099108215165e-01 1.483745298952825253e+00 0.000000000000000000e+00
1.710999999999999943e+01 3.235813842397106677e-01 1.483986224134495213e+00 0.000000000000000000e+00
1.712000000000000099e+01 3.252598560641946079e-01 1.484227906301492039e+00 0.000000000000000000e+00
1.712999999999999901e+01 3.268966127060091709e-01 1.484470223712461845e+00 0.000000000000000000e+00
1.714000000000000057e+01 3.284914474150278929e-01 1.484713054317586156e+00 0.000000000000000000e+00
1.715000000000000213e+01 3.300441593952704866e-01 1.484956275820175087e+00 0.000000000000000000e+00
1.716000000000000014e+01 3.315545538287658633e-01 1.485199765738859146e+00 0.000000000000000000e+00
1.717000000000000171e+01 3.330224418979029211e-01 1.485443401467938740e+00 0.000000000000000000e+00
1.717999999999999972e+01 3.344476408072942775e-01 1.485687060340594057e+00 0.000000000000000000e+00
1.719000000000000128e+01 3.358299738032405335e-01 1.485930619689223242e+00 0.000000000000000000e+00
1.719999999999999929e+01 3.371692701922359703e-01 1.486173956907982818e+00 0.000000000000000000e+00
1.721000000000000085e+01 3.384653653579832722e-01 1.486416949514312691e+00 0.000000000000000000e+00
1.721999999999999886e+01 3.397181007772088202e-01 1.486659475209664460e+00 0.000000000000000000e+00
1.723000000000000043e+01 3.409273240333134392e-01 1.486901411942141760e+00 0.000000000000000000e+00
1.724000000000000199e+01 3.420928888295482473e-01 1.487142637966566205e+00 0.000000000000000000e+00
1.725000000000000000e+01 3.432146550001827778e-01 1.487383031906558850e+00 0.000000000000000000e+00
1.726000000000000156e+01 3.442924885197160001e-01 1.487622472814436270e+00 0.000000000000000000e+00
1.726999999999999957e+01 3.453262615121782120e-01 1.487860840232849258e+00 0.000000000000000000e+00
1.728000000000000114e+01 3.463158522565070174e-01 1.488098014254396473e+00 0.000000000000000000e+00
1.728999999999999915e+01 3.472611451933800275e-01 1.488333875581753896e+00 0.000000000000000000e+00
1.730000000000000071e+01 3.481620309275458847e-01 1.488568305588115370e+00 0.000000000000000000e+00
1.730999999999999872e+01 3.490184062309258373e-01 1.488801186375507069e+00 0.000000000000000000e+00
1.732000000000000028e+01 3.498301740434815454e-01 1.489032400835057501e+00 0.000000000000000000e+00
1.733000000000000185e+01 3.505972434718639397e-01 1.489261832704032784e+00 0.000000000000000000e+00
1.733999999999999986e+01 3.513195297877106937e-01 1.489489366625518452e+00 0.000000000000000000e+00
1.735000000000000142e+01 3.519969544242718129e-01 1.489714888205470489e+00 0.000000000000000000e+00
1.735999999999999943e+01 3.526294449703724632e-01 1.489938284069285634e+00 0.000000000000000000e+00
1.737000000000000099e+01 3.532169351655301548e-01 1.490159441919720829e+00 0.000000000000000000e+00
1.737999999999999901e+01 3.537593648904453492e-01 1.490378250591924969e+00 0.000000000000000000e+00
1.739000000000000057e+01 3.542566801590060210e-01 1.490594600109765189e+00 0.000000000000000000e+00
1.740000000000000213e+01 3.547088331072056344e-01 1.490808381739951116e+00 0.000000000000000000e+00
1.741000000000000014e+01 3.551157819815594086e-01 1.491019488047173436e+00 0.000000000000000000e+00
1.742000000000000171e+01 3.554774911257352343e-01 1.491227812947254927e+00 0.000000000000000000e+00
1.742999999999999972e+01 3.557939309665809624e-01 1.491433251760253098e+00 0.000000000000000000e+00
1.744000000000000128e+01 3.560650779981798242e-01 1.491635701262360669e+00 0.000000000000000000e+00
1.744999999999999929e+01 3.562909147655460851e-01 1.491835059738297220e+00 0.000000000000000000e+00
1.746000000000000085e+01 3.564714298464821129e-01 1.492031227031302087e+00 0.000000000000000000e+00
1.746999999999999886e+01 3.566066178328911040e-01 1.492224104592907885e+00 0.000000000000000000e+00
1.748000000000000043e+01 3.566964793104894782e-01 1.492413595533348403e+00 0.000000000000000000e+00
1.749000000000000199e+01 3.567410208383609005e-01 1.492599604668610747e+00 0.000000000000000000e+00
1.750000000000000000e+01 3.567402549262668754e-01 1.492782038568487790e+00 0.000000000000000000e+00
1.751000000000000156e+01 3.566942000127110712e-01 1.492960805603341656e+00 0.000000000000000000e+00
1.751999999999999957e+01 3.566028804399949959e-01 1.493135815989582227e+00 0.000000000000000000e+00
1.753000000000000114e+01 3.564663264305549251e-01 1.493306981834514602e+00 0.000000000000000000e+00
1.753999999999999915e+01 3.562845740607518130e-01 1.493474217180530417e+00 0.000000000000000000e+00
1.755000000000000071e+01 3.560576652350580518e-01 1.493637438047263677e+00 0.000000000000000000e+00
1.755999999999999872e+01 3.557856476578579730e-01 1.493796562474835499e+00 0.000000000000000000e+00
1.757000000000000028e+01 3.554685748068033835e-01 1.493951510563160001e+00 0.000000000000000000e+00
1.758000000000000185e+01 3.551065059026642379e-01 1.494102204513460208e+00 0.000000000000000000e+00
1.758999999999999986e+01 3.546995058803172896e-01 1.494248568665685228e+00 0.000000000000000000e+00
1.760000000000000142e+01 3.542476453582578122e-01 1.494390529537644952e+00 0.000000000000000000e+00
1.760999999999999943e+01 3.537510006069785051e-01 1.494528015860643766e+00 0.000000000000000000e+00
1.762000000000000099e+01 3.532096535170720086e-01 1.494660958615971147e+00 0.000000000000000000e+00
1.762999999999999901e+01 3.526236915664744398e-01 1.494789291068443937e+00 0.000000000000000000e+00
1.764000000000000057e+01 3.519932077863814346e-01 1.494912948801097041e+00 0.000000000000000000e+00
1.765000000000000213e+01 3.513183007270764824e-01 1.495031869745836683e+00 0.000000000000000000e+00
1.766000000000000014e+01 3.505990744231393119e-01 1.495145994216024343e+00 0.000000000000000000e+00
1.767000000000000171e+01 3.498356383565418559e-01 1.495255264934928219e+00 0.000000000000000000e+00
1.767999999999999972e+01 3.490281074215751400e-01 1.495359627065615538e+00 0.000000000000000000e+00
1.769000000000000128e+01 3.481766018865151135e-01 1.495459028237538845e+00 0.000000000000000000e+00
1.769999999999999929e+01 3.472812473572762237e-01 1.495553418573167814e+00 0.000000000000000000e+00
1.771000000000000085e+01 3.463421747381354443e-01 1.495642750712923075e+00 0.000000000000000000e+00
1.771999999999999886e+01 3.453595201944992255e-01 1.495726979838920334e+00 0.000000000000000000e+00
1.773000000000000043e+01 3.443334251139506530e-01 1.495806063697481481e+00 0.000000000000000000e+00
1.774000000000000199e+01 3.432640360665127899e-01 1.495879962620208836e+00 0.000000000000000000e+00
1.775000000000000000e+01 3.421515047670765086e-01 1.495948639544226744e+00 0.000000000000000000e+00
1.776000000000000156e+01 3.409959880346784544e-01 1.496012060030822655e+00 0.000000000000000000e+00
1.776999999999999957e+01 3.397976477547801633e-01 1.496070192282168199e+00 0.000000000000000000e+00
1.778000000000000114e+01 3.385566508385396411e-01 1.496123007158807416e+00 0.000000000000000000e+00
1.778999999999999915e+01 3.372731691846861390e-01 1.496170478192673237e+00 0.000000000000000000e+00
1.780000000000000071e+01 3.359473796396528211e-01 1.496212581602141212e+00 0.000000000000000000e+00
1.780999999999999872e+01 3.345794639587255648e-01 1.496249296302946119e+00 0.000000000000000000e+00
1.782000000000000028e+01 3.331696087665692030e-01 1.496280603919749375e+00 0.000000000000000000e+00
1.783000000000000185e+01 3.317180055183535092e-01 1.496306488795250411e+00 0.000000000000000000e+00
1.783999999999999986e+01 3.302248504603560453e-01 1.496326937998449624e+00 0.000000000000000000e+00
1.785000000000000142e+01 3.286903445910382970e-01 1.496341941331104763e+00 0.000000000000000000e+00
1.785999999999999943e+01 3.271146936217240730e-01 1.496351491333968609e+00 0.000000000000000000e+00
1.787000000000000099e+01 3.254981079374157371e-01 1.496355583289650237e+00 0.000000000000000000e+00
1.787999999999999901e+01 3.238408025578454752e-01 1.496354215226459061e+00 0.000000000000000000e+00
1.789000000000000057e+01 3.221429970975833723e-01 1.496347387919213068e+00 0.000000000000000000e+00
1.790000000000000213e+01 3.204049157274901360e-01 1.496335104889318979e+00 0.000000000000000000e+00
1.791000000000000014e+01 3.186267871350181302e-01 1.496317372403586088e+00 0.000000000000000000e+00
1.792000000000000171e+01 3.168088444847605989e-01 1.496294199471374542e+00 0.000000000000000000e+00
1.792999999999999972e+01 3.149513253797063261e-01 1.496265597840954475e+00 0.000000000000000000e+00
1.794000000000000128e+01 3.130544718216264344e-01 1.496231581993308302e+00 0.000000000000000000e+00
1.794999999999999929e+01 3.111185301720870156e-01 1.496192169136949746e+00 0.000000000000000000e+00
1.796000000000000085e+01 3.091437511139352168e-01 1.496147379198078831e+00 0.000000000000000000e+00
1.796999999999999886e+01 3.071303896115974985e-01 1.496097234812589827e+00 0.000000000000000000e+00
1.798000000000000043e+01 3.050787048741170904e-01 1.496041761315060725e+00 0.000000000000000000e+00
1.799000000000000199e+01 3.029889603150875410e-01 1.495980986726413553e+00 0.000000000000000000e+00
1.800000000000000000e+01 3.008614235161700123e-01 1.495914941741148585e+00 0.000000000000000000e+00
1.801000000000000156e+01 2.986963661885837507e-01 1.495843659712359441e+00 0.000000000000000000e+00
1.801999999999999957e+01 2.964940641359126716e-01 1.495767176636011664e+00 0.000000000000000000e+00
1.803000000000000114e+01 2.942547972169973769e-01 1.495685531133607915e+00 0.000000000000000000e+00
1.803999999999999915e+01 2.919788493092245196e-01 1.495598764434045158e+00 0.000000000000000000e+00
1.805000000000000071e+01 2.896665082718487549e-01 1.495506920353256275e+00 0.000000000000000000e+00
1.805999999999999872e+01 2.873180659096968848e-01 1.495410045273517508e+00 0.000000000000000000e+00
1.807000000000000028e+01 2.849338179371280755e-01 1.495308188121005299e+00 0.000000000000000000e+00
1.808000000000000185e+01 2.825140639427098921e-01 1.495201400342082154e+00 0.000000000000000000e+00
1.808999999999999986e+01 2.800591073525060537e-01 1.495089735878137871e+00 0.000000000000000000e+00
1.810000000000000142e+01 2.775692553959684394e-01 1.494973251140064630e+00 0.000000000000000000e+00
1.810999999999999943e+01 2.750448190696525574e-01 1.494852004979743132e+00 0.000000000000000000e+00
1.812000000000000099e+01 2.724861131026041217e-01 1.494726058662221524e+00 0.000000000000000000e+00
1.812999999999999901e+01 2.698934559216294993e-01 1.494595475835042597e+00 0.000000000000000000e+00
1.814000000000000057e+01 2.672671696160857646e-01 1.494460322497484839e+00 0.000000000000000000e+00
1.815000000000000213e+01 2.646075799038623000e-01 1.494320666967620559e+00 0.000000000000000000e+00
1.816000000000000014e+01 2.619150160963657492e-01 1.494176579849083142e+00 0.000000000000000000e+00
1.817000000000000171e+01 2.591898110653251264e-01 1.494028133995614960e+00 0.000000000000000000e+00
1.817999999999999972e+01 2.564323012078529307e-01 1.493875404475430768e+00 0.000000000000000000e+00
1.819000000000000128e+01 2.536428264135497934e-01 1.493718468533782762e+00 0.000000000000000000e+00
1.819999999999999929e+01 2.508217300303793307e-01 1.493557405554404749e+00 0.000000000000000000e+00
1.821000000000000085e+01 2.479693588319370201e-01 1.493392297020363468e+00 0.000000000000000000e+00
1.821999999999999886e+01 2.450860629839318738e-01 1.493223226473290977e+00 0.000000000000000000e+00
1.823000000000000043e+01 2.421721960116224037e-01 1.493050279471499486e+00 0.000000000000000000e+00
1.824000000000000199e+01 2.392281147670594077e-01 1.492873543548508319e+00 0.000000000000000000e+00
1.825000000000000000e+01 2.362541793964589576e-01 1.492693108167759242e+00 0.000000000000000000e+00
1.826000000000000156e+01 2.332507533080164785e-01 1.492509064680301645e+00 0.000000000000000000e+00
1.826999999999999957e+01 2.302182031394178208e-01 1.492321506278079468e+00 0.000000000000000000e+00
1.828000000000000114e+01 2.271568987263608008e-01 1.492130527948968499e+00 0.000000000000000000e+00
1.828999999999999915e+01 2.240672130695913755e-01 1.491936226429451118e+00 0.000000000000000000e+00
1.830000000000000071e+01 2.209495223044496137e-01 1.491738700158229403e+00 0.000000000000000000e+00
1.830999999999999872e+01 2.178042056685133565e-01 1.491538049227184359e+00 0.000000000000000000e+00
1.832000000000000028e+01 2.146316454708012689e-01 1.491334375333962514e+00 0.000000000000000000e+00
1.833000000000000185e+01 2.114322270612740418e-01 1.491127781731767410e+00 0.000000000000000000e+00
1.833999999999999986e+01 2.082063388003495830e-01 1.490918373179871192e+00 0.000000000000000000e+00
1.835000000000000142e+01 2.049543720296791716e-01 1.490706255892642496e+00 0.000000000000000000e+00
1.835999999999999943e+01 2.016767210429917523e-01 1.490491537487482310e+00 0.000000000000000000e+00
1.837000000000000099e+01 1.983737830580332429e-01 1.490274326932462756e+00 0.000000000000000000e+00
1.837999999999999901e+01 1.950459581888736027e-01 1.490054734492365585e+00 0.000000000000000000e+00
1.839000000000000057e+01 1.916936494187337636e-01 1.489832871672483794e+00 0.000000000000000000e+00
1.840000000000000213e+01 1.883172625732111582e-01 1.489608851163753522e+00 0.000000000000000000e+00
1.841000000000000014e+01 1.849172062936723093e-01 1.489382786784090529e+00 0.000000000000000000e+00
1.842000000000000171e+01 1.814938920098261022e-01 1.489154793419766865e+00 0.000000000000000000e+00
1.842999999999999972e+01 1.780477339129173109e-01 1.488924986966211339e+00 0.000000000000000000e+00
1.844000000000000128e+01 1.745791489269448715e-01 1.488693484266857769e+00 0.000000000000000000e+00
1.844999999999999929e+01 1.710885566802212154e-01 1.488460403052196845e+00 0.000000000000000000e+00
1.846000000000000085e+01 1.675763794749800806e-01 1.488225861878316403e+00 0.000000000000000000e+00
1.846999999999999886e+01 1.640430422561259260e-01 1.487989980064081452e+00 0.000000000000000000e+00
1.848000000000000043e+01 1.604889725798063771e-01 1.487752877629681336e+00 0.000000000000000000e+00
1.849000000000000199e+01 1.569146005798824350e-01 1.487514675233390538e+00 0.000000000000000000e+00
1.850000000000000000e+01 1.533203589340060846e-01 1.487275494109649765e+00 0.000000000000000000e+00
1.851000000000000156e+01 1.497066828304493835e-01 1.487035456005343148e+00 0.000000000000000000e+00
1.851999999999999957e+01 1.460740099313873053e-01 1.486794683118426219e+00 0.000000000000000000e+00
1.853000000000000114e+01 1.424227803391336367e-01 1.486553298033642223e+00 0.000000000000000000e+00
1.853999999999999915e+01 1.387534365600651409e-01 1.486311423660905850e+00 0.000000000000000000e+00
1.855000000000000071e+01 1.350664234685176879e-01 1.486069183171244035e+00 0.000000000000000000e+00
1.855999999999999872e+01 1.313621882716299039e-01 1.485826699934594153e+00 0.000000000000000000e+00
1.857000000000000028e+01 1.276411804722047683e-01 1.485584097456859265e+00 0.000000000000000000e+00
1.858000000000000185e+01 1.239038518335935646e-01 1.485341499316005676e+00 0.000000000000000000e+00
1.858999999999999986e+01 1.201506563421142620e-01 1.485099029100108936e+00 0.000000000000000000e+00
1.860000000000000142e+01 1.163820501712787558e-01 1.484856810343599065e+00 0.000000000000000000e+00
1.860999999999999943e+01 1.125984916443158873e-01 1.484614966464905317e+00 0.000000000000000000e+00
1.862000000000000099e+01 1.088004411971327107e-01 1.484373620702743590e+00 0.000000000000000000e+00
1.862999999999999901e+01 1.049883613409793165e-01 1.484132896054535022e+00 0.000000000000000000e+00
1.864000000000000057e+01 1.011627166240502834e-01 1.483892915212271291e+00 0.000000000000000000e+00
1.865000000000000213e+01 9.732397359344285848e-02 1.483653800501363085e+00 0.000000000000000000e+00
1.866000000000000014e+01 9.347260075621879882e-02 1.483415673817376934e+00 0.000000000000000000e+00
1.867000000000000171e+01 8.960906854020936341e-02 1.483178656563967079e+00 0.000000000000000000e+00
1.867999999999999972e+01 8.573384925349687713e-02 1.482942869591473700e+00 0.000000000000000000e+00
1.869000000000000128e+01 8.184741704470840928e-02 1.482708433134935389e+00 0.000000000000000000e+00
1.869999999999999929e+01 7.795024786106130588e-02 1.482475466751875803e+00 0.000000000000000000e+00
1.871000000000000085e+01 7.404281940705979836e-02 1.482244089263307085e+00 0.000000000000000000e+00
1.871999999999999886e+01 7.012561110152172594e-02 1.482014418690568158e+00 0.000000000000000000e+00
1.873000000000000043e+01 6.619910403467714477e-02 1.481786572196758467e+00 0.000000000000000000e+00
1.874000000000000199e+01 6.226378092379656476e-02 1.481560666026148221e+00 0.000000000000000000e+00
1.875000000000000000e+01 5.832012606866738419e-02 1.481336815444479038e+00 0.000000000000000000e+00
1.876000000000000156e+01 5.436862530581640374e-02 1.481115134680714096e+00 0.000000000000000000e+00
1.876999999999999957e+01 5.040976596248136071e-02 1.480895736867687384e+00 0.000000000000000000e+00
1.878000000000000114e+01 4.644403680865565043e-02 1.480678733984683415e+00 0.000000000000000000e+00
1.878999999999999915e+01 4.247192801028829706e-02 1.480464236799884814e+00 0.000000000000000000e+00
1.880000000000000071e+01 3.849393107944327347e-02 1.480252354813717641e+00 0.000000000000000000e+00
1.880999999999999872e+01 3.451053882529769856e-02 1.480043196202611933e+00 0.000000000000000000e+00
1.882000000000000028e+01 3.052224530320862828e-02 1.479836867763189678e+00 0.000000000000000000e+00
1.883000000000000185e+01 2.652954576391642130e-02 1.479633474858164988e+00 0.000000000000000000e+00
1.883999999999999986e+01 2.253293660113984617e-02 1.479433121361683368e+00 0.000000000000000000e+00
1.885000000000000142e+01 1.853291529830715031e-02 1.479235909606156474e+00 0.000000000000000000e+00
1.885999999999999943e+01 1.452998037558321694e-02 1.479041940329778759e+00 0.000000000000000000e+00
1.887000000000000099e+01 1.052463133399145385e-02 1.478851312624530845e+00 0.000000000000000000e+00
1.887999999999999901e+01 6.517368601137947526e-03 1.478664123885650605e+00 0.000000000000000000e+00
1.889000000000000057e+01 2.508693473879545187e-03 1.478480469761388916e+00 0.000000000000000000e+00
1.890000000000000213e+01 -1.500891938381505820e-03 1.478300444103172628e+00 0.000000000000000000e+00
1.891000000000000014e+01 -5.510884771878798473e-03 1.478124138919022723e+00 0.000000000000000000e+00
1.892000000000000171e+01 -9.520781467217459895e-03 1.477951644323972413e+00 0.000000000000000000e+00
1.892999999999999972e+01 -1.353007782923250878e-02 1.477783048495802776e+00 0.000000000000000000e+00
1.894000000000000128e+01 -1.753826908705988230e-02 1.477618437628134052e+00 0.000000000000000000e+00
1.894999999999999929e+01 -2.154484995588666976e-02 1.477457895887142492e+00 0.000000000000000000e+00
1.896000000000000085e+01 -2.554931469821907289e-02 1.477301505367415224e+00 0.000000000000000000e+00
1.896999999999999886e+01 -2.955115718728210453e-02 1.477149346050148360e+00 0.000000000000000000e+00
1.898000000000000043e+01 -3.354987096971646932e-02 1.477001495762216399e+00 0.000000000000000000e+00
1.899000000000000199e+01 -3.754494933032317266e-02 1.476858030135531408e+00 0.000000000000000000e+00
1.900000000000000000e+01 -4.153588535640537205e-02 1.476719022568306450e+00 0.000000000000000000e+00
1.901000000000000156e+01 -4.552217200333539410e-02 1.476584544187781178e+00 0.000000000000000000e+00
1.901999999999999957e+01 -4.950330216079718709e-02 1.476454663813064672e+00 0.000000000000000000e+00
1.903000000000000114e+01 -5.347876871940108329e-02 1.476329447919789040e+00 0.000000000000000000e+00
1.903999999999999915e+01 -5.744806463792725970e-02 1.476208960606744558e+00 0.000000000000000000e+00
1.905000000000000071e+01 -6.141068301200173357e-02 1.476093263561407687e+00 0.000000000000000000e+00
1.905999999999999872e+01 -6.536611714196798040e-02 1.475982416030043654e+00 0.000000000000000000e+00
1.907000000000000028e+01 -6.931386060292445139e-02 1.475876474785864589e+00 0.000000000000000000e+00
1.908000000000000185e+01 -7.325340731429154373e-02 1.475775494100626251e+00 0.000000000000000000e+00
1.908999999999999986e+01 -7.718425161101308274e-02 1.475679525716934393e+00 0.000000000000000000e+00
1.910000000000000142e+01 -8.110588831417581135e-02 1.475588618820686815e+00 0.000000000000000000e+00
1.910999999999999943e+01 -8.501781280389041073e-02 1.475502820017606131e+00 0.000000000000000000e+00
1.912000000000000099e+01 -8.891952109123839321e-02 1.475422173307709084e+00 0.000000000000000000e+00
1.912999999999999901e+01 -9.281050989248040839e-02 1.475346720063943406e+00 0.000000000000000000e+00
1.914000000000000057e+01 -9.669027670217858472e-02 1.475276499010405251e+00 0.000000000000000000e+00
1.915000000000000213e+01 -1.005583198689344315e-01 1.475211546203261115e+00 0.000000000000000000e+00
1.916000000000000014e+01 -1.044141386698369256e-01 1.475151895011634240e+00 0.000000000000000000e+00
1.917000000000000171e+01 -1.082572333871255205e-01 1.475097576101548125e+00 0.000000000000000000e+00
1.917999999999999972e+01 -1.120871053844552795e-01 1.475048617419511210e+00 0.000000000000000000e+00
1.919000000000000128e+01 -1.159032571840627884e-01 1.475005044179055425e+00 0.000000000000000000e+00
1.919999999999999929e+01 -1.197051925440634768e-01 1.474966878847939089e+00 0.000000000000000000e+00
1.921000000000000085e+01 -1.234924165376331540e-01 1.474934141136648780e+00 0.000000000000000000e+00
1.921999999999999886e+01 -1.272644356297423229e-01 1.474906847988703307e+00 0.000000000000000000e+00
1.923000000000000043e+01 -1.310207580404919581e-01 1.474885007127568315e+00 0.000000000000000000e+00
1.924000000000000199e+01 -1.347608923134726022e-01 1.474868653992809753e+00 0.000000000000000000e+00
1.925000000000000000e+01 -1.384843507743800661e-01 1.474857762996906851e+00 0.000000000000000000e+00
1.926000000000000156e+01 -1.421906455182489204e-01 1.474852363046881720e+00 0.000000000000000000e+00
1.926999999999999957e+01 -1.458792913689221094e-01 1.474852449611383509e+00 0.000000000000000000e+00
1.928000000000000114e+01 -1.495498048027708582e-01 1.474858023826661313e+00 0.000000000000000000e+00
1.928999999999999915e+01 -1.532017042485611658e-01 1.474869083249243262e+00 0.000000000000000000e+00
1.930000000000000071e+01 -1.568345101761635663e-01 1.474885622474172209e+00 0.000000000000000000e+00
1.930999999999999872e+01 -1.604477451638859908e-01 1.474907633344559432e+00 0.000000000000000000e+00
1.932000000000000028e+01 -1.640409339802384459e-01 1.474935104915811701e+00 0.000000000000000000e+00
1.933000000000000185e+01 -1.676136036650480998e-01 1.474968023462983835e+00 0.000000000000000000e+00
1.933999999999999986e+01 -1.711652836089767871e-01 1.475006372490221596e+00 0.000000000000000000e+00
1.935000000000000142e+01 -1.746955056340082080e-01 1.475050132738942033e+00 0.000000000000000000e+00
1.935999999999999943e+01 -1.782038040736309004e-01 1.475099282198493844e+00 0.000000000000000000e+00
1.937000000000000099e+01 -1.816897158525515310e-01 1.475153796118245486e+00 0.000000000000000000e+00
1.937999999999999901e+01 -1.851527805670295512e-01 1.475213647019945062e+00 0.000000000000000000e+00
1.939000000000000057e+01 -1.885925405641919461e-01 1.475278804713413550e+00 0.000000000000000000e+00
1.940000000000000213e+01 -1.920085410222482636e-01 1.475349236311912948e+00 0.000000000000000000e+00
1.941000000000000014e+01 -1.954003300291362877e-01 1.475424906249480195e+00 0.000000000000000000e+00
1.942000000000000171e+01 -1.987674586621485107e-01 1.475505776300024996e+00 0.000000000000000000e+00
1.942999999999999972e+01 -2.021094810665202690e-01 1.475591805597030959e+00 0.000000000000000000e+00
1.944000000000000128e+01 -2.054259545340068605e-01 1.475682950655487602e+00 0.000000000000000000e+00
1.944999999999999929e+01 -2.087164395807642459e-01 1.475779165393856340e+00 0.000000000000000000e+00
1.946000000000000085e+01 -2.119805000251328009e-01 1.475880401159107569e+00 0.000000000000000000e+00
1.946999999999999886e+01 -2.152177030646767741e-01 1.475986606751199526e+00 0.000000000000000000e+00
1.948000000000000043e+01 -2.184276193527805443e-01 1.476097728450453950e+00 0.000000000000000000e+00
1.949000000000000199e+01 -2.216098230746957887e-01 1.476213710044826044e+00 0.000000000000000000e+00
1.950000000000000000e+01 -2.247638920229690640e-01 1.476334492859569636e+00 0.000000000000000000e+00
1.951000000000000156e+01 -2.278894076721801887e-01 1.476460015787567359e+00 0.000000000000000000e+00
1.951999999999999957e+01 -2.309859552529360260e-01 1.476590215320833677e+00 0.000000000000000000e+00
1.953000000000000114e+01 -2.340531238256925717e-01 1.476725025583261797e+00 0.000000000000000000e+00
1.953999999999999915e+01 -2.370905063530217571e-01 1.476864378365428276e+00 0.000000000000000000e+00
1.955000000000000071e+01 -2.400976997715461858e-01 1.477008203158335808e+00 0.000000000000000000e+00
1.955999999999999872e+01 -2.430743050636706426e-01 1.477156427191784527e+00 0.000000000000000000e+00
1.957000000000000028e+01 -2.460199273275121556e-01 1.477308975469697305e+00 0.000000000000000000e+00
1.958000000000000185e+01 -2.489341758465362653e-01 1.477465770810731938e+00 0.000000000000000000e+00
1.958999999999999986e+01 -2.518166641589763000e-01 1.477626733886644450e+00 0.000000000000000000e+00
1.960000000000000142e+01 -2.546670101250044227e-01 1.477791783263845415e+00 0.000000000000000000e+00
1.960999999999999943e+01 -2.574848359947271015e-01 1.477960835444802612e+00 0.000000000000000000e+00
1.962000000000000099e+01 -2.602697684736383632e-01 1.478133804911168747e+00 0.000000000000000000e+00
1.962999999999999901e+01 -2.630214387889420191e-01 1.478310604167851761e+00 0.000000000000000000e+00
1.964000000000000057e+01 -2.657394827531128767e-01 1.478491143787652673e+00 0.000000000000000000e+00
1.965000000000000213e+01 -2.684235408280861712e-01 1.478675332457228819e+00 0.000000000000000000e+00
1.966000000000000014e+01 -2.710732581875115454e-01 1.478863077023712336e+00 0.000000000000000000e+00
1.967000000000000171e+01 -2.736882847782041717e-01 1.479054282543418086e+00 0.000000000000000000e+00
1.967999999999999972e+01 -2.762682753808599623e-01 1.479248852328590491e+00 0.000000000000000000e+00
1.969000000000000128e+01 -2.788128896693918835e-01 1.479446687999282473e+00 0.000000000000000000e+00
1.969999999999999929e+01 -2.813217922692848871e-01 1.479647689531692789e+00 0.000000000000000000e+00
1.971000000000000085e+01 -2.837946528145034453e-01 1.479851755310726880e+00 0.000000000000000000e+00
1.971999999999999886e+01 -2.862311460044471012e-01 1.480058782181059795e+00 0.000000000000000000e+00
1.973000000000000043e+01 -2.886309516573565825e-01 1.480268665500662939e+00 0.000000000000000000e+00
1.974000000000000199e+01 -2.909937547656438750e-01 1.480481299193789679e+00 0.000000000000000000e+00
1.975000000000000000e+01 -2.933192455471271831e-01 1.480696575805112714e+00 0.000000000000000000e+00
1.976000000000000156e+01 -2.956071194967723748e-01 1.480914386555474804e+00 0.000000000000000000e+00
1.976999999999999957e+01 -2.978570774366672835e-01 1.481134621396054341e+00 0.000000000000000000e+00
1.978000000000000114e+01 -3.000688255641789093e-01 1.481357169065906643e+00 0.000000000000000000e+00
1.978999999999999915e+01 -3.022420754999557979e-01 1.481581917147581917e+00 0.000000000000000000e+00
1.980000000000000071e+01 -3.043765443331311049e-01 1.481808752125425732e+00 0.000000000000000000e+00
1.980999999999999872e+01 -3.064719546664233518e-01 1.482037559442420216e+00 0.000000000000000000e+00
1.982000000000000028e+01 -3.085280346591404710e-01 1.482268223559576326e+00 0.000000000000000000e+00
1.983000000000000185e+01 -3.105445180685785234e-01 1.482500628013552424e+00 0.000000000000000000e+00
1.983999999999999986e+01 -3.125211442908606418e-01 1.482734655476948049e+00 0.000000000000000000e+00
1.985000000000000142e+01 -3.144576583995374874e-01 1.482970187817222119e+00 0.000000000000000000e+00
1.985999999999999943e+01 -3.163538111826366683e-01 1.483207106156570587e+00 0.000000000000000000e+00
1.987000000000000099e+01 -3.182093591791538278e-01 1.483445290933358196e+00 0.000000000000000000e+00
1.987999999999999901e+01 -3.200240647128491656e-01 1.483684621960447370e+00 0.000000000000000000e+00
1.989000000000000057e+01 -3.217976959257096148e-01 1.483924978488968982e+00 0.000000000000000000e+00
1.990000000000000213e+01 -3.235300268089012499e-01 1.484166239266679233e+00 0.000000000000000000e+00
1.991000000000000014e+01 -3.252208372331760189e-01 1.484408282601230589e+00 0.000000000000000000e+00
1.992000000000000171e+01 -3.268699129769803147e-01 1.484650986420285257e+00 0.000000000000000000e+00
1.992999999999999972e+01 -3.284770457538322974e-01 1.484894228334014743e+00 0.000000000000000000e+00
1.994000000000000128e+01 -3.300420332378783406e-01 1.485137885696356186e+00 0.000000000000000000e+00
1.994999999999999929e+01 -3.315646790875848016e-01 1.485381835667019423e+00 0.000000000000000000e+00
1.996000000000000085e+01 -3.330447929696573883e-01 1.485625955272958709e+00 0.000000000000000000e+00
1.996999999999999886e+01 -3.344821905788916139e-01 1.485870121470858507e+00 0.000000000000000000e+00
1.998000000000000043e+01 -3.358766936592869068e-01 1.486114211208220182e+00 0.000000000000000000e+00
1.999000000000000199e+01 -3.372281300222570444e-01 1.486358101485988126e+00 0.000000000000000000e+00
2.000000000000000000e+01 -3.385363335633473914e-01 1.486601669419451266e+00 0.000000000000000000e+00
2.001000000000000156e+01 -3.398011442786146308e-01 1.486844792300699547e+00 0.000000000000000000e+00
2.001999999999999957e+01 -3.410224082783920863e-01 1.487087347659568737e+00 0.000000000000000000e+00
2.003000000000000114e+01 -3.421999778006769577e-01 1.487329213325022881e+00 0.000000000000000000e+00
2.003999999999999915e+01 -3.433337112219438381e-01 1.487570267486922226e+00 0.000000000000000000e+00
2.005000000000000071e+01 -3.444234730679925360e-01 1.487810388755861801e+00 0.000000000000000000e+00
2.005999999999999872e+01 -3.454691340215599871e-01 1.488049456225463141e+00 0.000000000000000000e+00
2.007000000000000028e+01 -3.464705709303653181e-01 1.488287349531001835e+00 0.000000000000000000e+00
2.008000000000000185e+01 -3.474276668121292211e-01 1.488523948911421924e+00 0.000000000000000000e+00
2.008999999999999986e+01 -3.483403108588485897e-01 1.488759135267136324e+00 0.000000000000000000e+00
2.010000000000000142e+01 -3.492083984397494900e-01 1.488992790221588924e+00 0.000000000000000000e+00
2.010999999999999943e+01 -3.500318311022321827e-01 1.489224796178944210e+00 0.000000000000000000e+00
2.012000000000000099e+01 -3.508105165717907425e-01 1.489455036382877573e+00 0.000000000000000000e+00
2.012999999999999901e+01 -3.515443687501892955e-01 1.489683394975734876e+00 0.000000000000000000e+00
2.014000000000000057e+01 -3.522333077126040823e-01 1.489909757055236206e+00 0.000000000000000000e+00
2.015000000000000213e+01 -3.528772597024092406e-01 1.490134008732298510e+00 0.000000000000000000e+00
2.016000000000000014e+01 -3.534761571258178137e-01 1.490356037188253824e+00 0.000000000000000000e+00
2.017000000000000171e+01 -3.540299385441507130e-01 1.490575730730085535e+00 0.000000000000000000e+00
2.017999999999999972e+01 -3.545385486647252282e-01 1.490792978846887662e+00 0.000000000000000000e+00
2.019000000000000128e+01 -3.550019383311192045e-01 1.491007672264803130e+00 0.000000000000000000e+00
2.019999999999999929e+01 -3.554200645113593238e-01 1.491219703001513075e+00 0.000000000000000000e+00
2.021000000000000085e+01 -3.557928902850221453e-01 1.491428964419718728e+00 0.000000000000000000e+00
2.021999999999999886e+01 -3.561203848289863916e-01 1.491635351280587996e+00 0.000000000000000000e+00
2.023000000000000043e+01 -3.564025234024917888e-01 1.491838759796674907e+00 0.000000000000000000e+00
2.024000000000000199e+01 -3.566392873296895250e-01 1.492039087682643261e+00 0.000000000000000000e+00
2.025000000000000000e+01 -3.568306639826258064e-01 1.492236234206813839e+00 0.000000000000000000e+00
2.026000000000000156e+01 -3.569766467618072925e-01 1.492430100241873614e+00 0.000000000000000000e+00
2.026999999999999957e+01 -3.570772350765982206e-01 1.492620588312974617e+00 0.000000000000000000e+00
2.028000000000000114e+01 -3.571324343234209553e-01 1.492807602648092757e+00 0.000000000000000000e+00
2.028999999999999915e+01 -3.571422558646792367e-01 1.492991049223947764e+00 0.000000000000000000e+00
2.030000000000000071e+01 -3.571067170051347994e-01 1.493170835814287667e+00 0.000000000000000000e+00
2.030999999999999872e+01 -3.570258409679380462e-01 1.493346872035529627e+00 0.000000000000000000e+00
2.032000000000000028e+01 -3.568996568701122696e-01 1.493519069390866427e+00 0.000000000000000000e+00
2.033000000000000185e+01 -3.567281996970788627e-01 1.493687341316621842e+00 0.000000000000000000e+00
2.033999999999999986e+01 -3.565115099564752366e-01 1.493851616567861473e+00 0.000000000000000000e+00
2.035000000000000142e+01 -3.562496351147623197e-01 1.494011762625703899e+00 0.000000000000000000e+00
2.035999999999999943e+01 -3.559426269183775804e-01 1.494167770121427541e+00 0.000000000000000000e+00
2.037000000000000099e+01 -3.555905436404223630e-01 1.494319512589354249e+00 0.000000000000000000e+00
2.037999999999999901e+01 -3.551934493996455888e-01 1.494466929297339819e+00 0.000000000000000000e+00
2.039000000000000057e+01 -3.547514136265754181e-01 1.494609944369704291e+00 0.000000000000000000e+00
2.040000000000000213e+01 -3.542645116737253574e-01 1.494748485578057728e+00 0.000000000000000000e+00
2.041000000000000014e+01 -3.537328244339441596e-01 1.494882483366728465e+00 0.000000000000000000e+00
2.042000000000000171e+01 -3.531564384194196271e-01 1.495011870373123886e+00 0.000000000000000000e+00
2.042999999999999972e+01 -3.525354457111365969e-01 1.495136581555490007e+00 0.000000000000000000e+00
2.044000000000000128e+01 -3.518699439218442859e-01 1.495256554225453671e+00 0.000000000000000000e+00
2.044999999999999929e+01 -3.511600361638073098e-01 1.495371728075057360e+00 0.000000000000000000e+00
2.046000000000000085e+01 -3.504058310117643127e-01 1.495482045207193300e+00 0.000000000000000000e+00
2.046999999999999886e+01 -3.496074424676072767e-01 1.495587450165572818e+00 0.000000000000000000e+00
2.048000000000000043e+01 -3.487649899226338834e-01 1.495687889961122119e+00 0.000000000000000000e+00
2.049000000000000199e+01 -3.478785981207390132e-01 1.495783314099670136e+00 0.000000000000000000e+00
2.050000000000000000e+01 -3.469483971201329786e-01 1.495873674606576165e+00 0.000000000000000000e+00
2.051000000000000156e+01 -3.459745222552359500e-01 1.495958926050438231e+00 0.000000000000000000e+00
2.051999999999999957e+01 -3.449571140979677542e-01 1.496039025566954006e+00 0.000000000000000000e+00
2.053000000000000114e+01 -3.438963184186830668e-01 1.496113932879154396e+00 0.000000000000000000e+00
2.053999999999999915e+01 -3.427922861475395377e-01 1.496183610318326584e+00 0.000000000000000000e+00
2.055000000000000071e+01 -3.416451733346103081e-01 1.496248022842751935e+00 0.000000000000000000e+00
2.055999999999999872e+01 -3.404551411110087189e-01 1.496307138055260166e+00 0.000000000000000000e+00
2.057000000000000028e+01 -3.392223556493239589e-01 1.496360926219778786e+00 0.000000000000000000e+00
2.058000000000000185e+01 -3.379469881243566953e-01 1.496409360275674061e+00 0.000000000000000000e+00
2.058999999999999986e+01 -3.366292146735549440e-01 1.496452415852639550e+00 0.000000000000000000e+00
2.060000000000000142e+01 -3.352692163578721574e-01 1.496490071281486145e+00 0.000000000000000000e+00
2.060999999999999943e+01 -3.338671791219600116e-01 1.496522307606620084e+00 0.000000000000000000e+00
2.062000000000000099e+01 -3.324232937558423417e-01 1.496549108594884103e+00 0.000000000000000000e+00
2.062999999999999901e+01 -3.309377558543370457e-01 1.496570460743997799e+00 0.000000000000000000e+00
2.064000000000000057e+01 -3.294107657790414367e-01 1.496586353289914184e+00 0.000000000000000000e+00
2.065000000000000213e+01 -3.278425286178491271e-01 1.496596778211984002e+00 0.000000000000000000e+00
2.066000000000000014e+01 -3.262332541468264124e-01 1.496601730237881789e+00 0.000000000000000000e+00
2.067000000000000171e+01 -3.245831567896367287e-01 1.496601206845662446e+00 0.000000000000000000e+00
2.067999999999999972e+01 -3.228924555792677120e-01 1.496595208266477295e+00 0.000000000000000000e+00
2.069000000000000128e+01 -3.211613741179515924e-01 1.496583737483549781e+00 0.000000000000000000e+00
2.069999999999999929e+01 -3.193901405377775893e-01 1.496566800232558947e+00 0.000000000000000000e+00
2.071000000000000085e+01 -3.175789874614834973e-01 1.496544404997450783e+00 0.000000000000000000e+00
2.071999999999999886e+01 -3.157281519629809852e-01 1.496516563008320810e+00 0.000000000000000000e+00
2.073000000000000043e+01 -3.138378755275358922e-01 1.496483288235087805e+00 0.000000000000000000e+00
2.074000000000000199e+01 -3.119084040131944180e-01 1.496444597381543229e+00 0.000000000000000000e+00
2.075000000000000000e+01 -3.099399876107987728e-01 1.496400509877414020e+00 0.000000000000000000e+00
2.076000000000000156e+01 -3.079328808057197331e-01 1.496351047869344919e+00 0.000000000000000000e+00
2.076999999999999957e+01 -3.058873423379986356e-01 1.496296236209903263e+00 0.000000000000000000e+00
2.078000000000000114e+01 -3.038036351647043776e-01 1.496236102447054961e+00 0.000000000000000000e+00
2.078999999999999915e+01 -3.016820264207791258e-01 1.496170676809126743e+00 0.000000000000000000e+00
2.080000000000000071e+01 -2.995227873810959451e-01 1.496099992192576389e+00 0.000000000000000000e+00
2.080999999999999872e+01 -2.973261934228485504e-01 1.496024084144484068e+00 0.000000000000000000e+00
2.082000000000000028e+01 -2.950925239872821959e-01 1.495942990846635734e+00 0.000000000000000000e+00
2.083000000000000185e+01 -2.928220625433835544e-01 1.495856753096807656e+00 0.000000000000000000e+00
2.083999999999999986e+01 -2.905150965499318505e-01 1.495765414289415673e+00 0.000000000000000000e+00
2.085000000000000142e+01 -2.881719174192051702e-01 1.495669020394492676e+00 0.000000000000000000e+00
2.085999999999999943e+01 -2.857928204810175066e-01 1.495567619935697090e+00 0.000000000000000000e+00
2.087000000000000099e+01 -2.833781049457718693e-01 1.495461263967053922e+00 0.000000000000000000e+00
2.087999999999999901e+01 -2.809280738694442392e-01 1.495350006048214331e+00 0.000000000000000000e+00
2.089000000000000057e+01 -2.784430341173907975e-01 1.495233902218823019e+00 0.000000000000000000e+00
2.090000000000000213e+01 -2.759232963296460173e-01 1.495113010971381495e+00 0.000000000000000000e+00
2.091000000000000014e+01 -2.733691748856840187e-01 1.494987393223076610e+00 0.000000000000000000e+00
2.092000000000000171e+01 -2.707809878695506822e-01 1.494857112286291256e+00 0.000000000000000000e+00
2.092999999999999972e+01 -2.681590570359299042e-01 1.494722233838538417e+00 0.000000000000000000e+00
2.094000000000000128e+01 -2.655037077755632025e-01 1.494582825889686495e+00 0.000000000000000000e+00
2.094999999999999929e+01 -2.628152690813466141e-01 1.494438958750538671e+00 0.000000000000000000e+00
2.096000000000000085e+01 -2.600940735153681738e-01 1.494290704997780939e+00 0.000000000000000000e+00
2.096999999999999886e+01 -2.573404571746643610e-01 1.494138139439441515e+00 0.000000000000000000e+00
2.098000000000000043e+01 -2.545547596589355921e-01 1.493981339078836790e+00 0.000000000000000000e+00
2.099000000000000199e+01 -2.517373240373471099e-01 1.493820383077191893e+00 0.000000000000000000e+00
2.100000000000000000e+01 -2.488884968159966182e-01 1.493655352715814288e+00 0.000000000000000000e+00
2.101000000000000156e+01 -2.460086279056719061e-01 1.493486331356904007e+00 0.000000000000000000e+00
2.101999999999999957e+01 -2.430980705895107452e-01 1.493313404402704991e+00 0.000000000000000000e+00
2.103000000000000114e+01 -2.401571814909022329e-01 1.493136659255644760e+00 0.000000000000000000e+00
2.103999999999999915e+01 -2.371863205420521314e-01 1.492956185274969538e+00 0.000000000000000000e+00
2.105000000000000071e+01 -2.341858509510869046e-01 1.492772073734078386e+00 0.000000000000000000e+00
2.105999999999999872e+01 -2.311561391715878655e-01 1.492584417776471106e+00 0.000000000000000000e+00
2.107000000000000028e+01 -2.280975548698258304e-01 1.492393312370182024e+00 0.000000000000000000e+00
2.108000000000000185e+01 -2.250104708933743924e-01 1.492198854261570506e+00 0.000000000000000000e+00
2.108999999999999986e+01 -2.218952632395943259e-01 1.492001141927817631e+00 0.000000000000000000e+00
2.110000000000000142e+01 -2.187523110236493928e-01 1.491800275527961350e+00 0.000000000000000000e+00
2.110999999999999943e+01 -2.155819964472775185e-01 1.491596356853308158e+00 0.000000000000000000e+00
2.112000000000000099e+01 -2.123847047668954990e-01 1.491389489275221969e+00 0.000000000000000000e+00
2.112999999999999901e+01 -2.091608242627442105e-01 1.491179777693181219e+00 0.000000000000000000e+00
2.114000000000000057e+01 -2.059107462077597595e-01 1.490967328479462672e+00 0.000000000000000000e+00
2.115000000000000213e+01 -2.026348648366667615e-01 1.490752249424291742e+00 0.000000000000000000e+00
2.116000000000000014e+01 -1.993335773164540137e-01 1.490534649677304424e+00 0.000000000000000000e+00
2.117000000000000171e+01 -1.960072837156398573e-01 1.490314639690160092e+00 0.000000000000000000e+00
2.117999999999999972e+01 -1.926563869759635450e-01 1.490092331155234540e+00 0.000000000000000000e+00
2.119000000000000128e+01 -1.892812928831154040e-01 1.489867836945825585e+00 0.000000000000000000e+00
2.119999999999999929e+01 -1.858824100391863743e-01 1.489641271053240734e+00 0.000000000000000000e+00
2.121000000000000085e+01 -1.824601498339336880e-01 1.489412748525327901e+00 0.000000000000000000e+00
2.121999999999999886e+01 -1.790149264180896094e-01 1.489182385403740261e+00 0.000000000000000000e+00
2.123000000000000043e+01 -1.755471566750079482e-01 1.488950298661469773e+00 0.000000000000000000e+00
2.124000000000000199e+01 -1.720572601935684842e-01 1.488716606140679355e+00 0.000000000000000000e+00
2.125000000000000000e+01 -1.685456592392351738e-01 1.488481426491936155e+00 0.000000000000000000e+00
2.126000000000000156e+01 -1.650127787258350021e-01 1.488244879112457175e+00 0.000000000000000000e+00
2.126999999999999957e+01 -1.614590461851614644e-01 1.488007084086788501e+00 0.000000000000000000e+00
2.128000000000000114e+01 -1.578848917371178107e-01 1.487768162126614113e+00 0.000000000000000000e+00
2.128999999999999915e+01 -1.542907480569394862e-01 1.487528234511489744e+00 0.000000000000000000e+00
2.130000000000000071e+01 -1.506770503438340236e-01 1.487287423030836830e+00 0.000000000000000000e+00
2.130999999999999872e+01 -1.470442362858546126e-01 1.487045849924289564e+00 0.000000000000000000e+00
2.132000000000000028e+01 -1.433927460267395704e-01 1.486803637822860402e+00 0.000000000000000000e+00
2.133000000000000185e+01 -1.397230221296391628e-01 1.486560909690279875e+00 0.000000000000000000e+00
2.133999999999999986e+01 -1.360355095418152860e-01 1.486317788763459102e+00 0.000000000000000000e+00
2.135000000000000142e+01 -1.323306555579405741e-01 1.486074398491841420e+00 0.000000000000000000e+00
2.135999999999999943e+01 -1.286089097837205264e-01 1.485830862478224379e+00 0.000000000000000000e+00
2.137000000000000099e+01 -1.248707240985418160e-01 1.485587304416512211e+00 0.000000000000000000e+00
2.137999999999999901e+01 -1.211165526180988244e-01 1.485343848031908331e+00 0.000000000000000000e+00
2.139000000000000057e+01 -1.173468516575670861e-01 1.485100617017206526e+00 0.000000000000000000e+00
2.140000000000000213e+01 -1.135620796929483062e-01 1.484857734972941268e+00 0.000000000000000000e+00
2.141000000000000014e+01 -1.097626973242086107e-01 1.484615325342826697e+00 0.000000000000000000e+00
2.142000000000000171e+01 -1.059491672362263409e-01 1.484373511352337305e+00 0.000000000000000000e+00
2.142999999999999972e+01 -1.021219541610704634e-01 1.484132415945944583e+00 0.000000000000000000e+00
2.144000000000000128e+01 -9.828152483901342329e-02 1.483892161723382896e+00 0.000000000000000000e+00
2.144999999999999929e+01 -9.442834797913012002e-02 1.483652870877616214e+00 0.000000000000000000e+00
2.146000000000000085e+01 -9.056289422071175932e-02 1.483414665131520982e+00 0.000000000000000000e+00
2.146999999999999886e+01 -8.668563609188358055e-02 1.483177665675519563e+00 0.000000000000000000e+00
2.148000000000000043e+01 -8.279704797033467234e-02 1.482941993104833323e+00 0.000000000000000000e+00
2.149000000000000199e+01 -7.889760604169153424e-02 1.482707767357260176e+00 0.000000000000000000e+00
2.150000000000000000e+01 -7.498778825721628960e-02 1.482475107651455737e+00 0.000000000000000000e+00
2.151000000000000156e+01 -7.106807429279247967e-02 1.482244132424901162e+00 0.000000000000000000e+00
2.151999999999999957e+01 -6.713894550417101592e-02 1.482014959272927035e+00 0.000000000000000000e+00
2.153000000000000114e+01 -6.320088488464210841e-02 1.481787704887965074e+00 0.000000000000000000e+00
2.153999999999999915e+01 -5.925437701939501034e-02 1.481562484998825813e+00 0.000000000000000000e+00
2.155000000000000071e+01 -5.529990804076694716e-02 1.481339414311414693e+00 0.000000000000000000e+00
2.155999999999999872e+01 -5.133796558196170728e-02 1.481118606448668107e+00 0.000000000000000000e+00
2.157000000000000028e+01 -4.736903873010837179e-02 1.480900173892840899e+00 0.000000000000000000e+00
2.158000000000000185e+01 -4.339361797848365065e-02 1.480684227926154506e+00 0.000000000000000000e+00
2.158999999999999986e+01 -3.941219517834670949e-02 1.480470878574487115e+00 0.000000000000000000e+00
2.160000000000000142e+01 -3.542526348895802535e-02 1.480260234549598319e+00 0.000000000000000000e+00
2.160999999999999943e+01 -3.143331732779157395e-02 1.480052403193866661e+00 0.000000000000000000e+00
2.162000000000000099e+01 -2.743685231965016166e-02 1.479847490423658041e+00 0.000000000000000000e+00
2.162999999999999901e+01 -2.343636524407363697e-02 1.479645600676262829e+00 0.000000000000000000e+00
2.164000000000000057e+01 -1.943235398348611143e-02 1.479446836854511282e+00 0.000000000000000000e+00
2.165000000000000213e+01 -1.542531746899484212e-02 1.479251300274565306e+00 0.000000000000000000e+00
2.166000000000000014e+01 -1.141575562599318576e-02 1.479059090613316529e+00 0.000000000000000000e+00
2.167000000000000171e+01 -7.404169319134836121e-03 1.478870305857014733e+00 0.000000000000000000e+00
2.167999999999999972e+01 -3.391060296150443572e-03 1.478685042250720727e+00 0.000000000000000000e+00
2.169000000000000128e+01 6.230688697049349732e-04 1.478503394248617875e+00 0.000000000000000000e+00
2.169999999999999929e+01 4.637714836694948814e-03 1.478325454465598154e+00 0.000000000000000000e+00
2.171000000000000085e+01 8.652373553950105933e-03 1.478151313628427888e+00 0.000000000000000000e+00
2.171999999999999886e+01 1.266654032041032371e-02 1.477981060530689339e+00 0.000000000000000000e+00
2.173000000000000043e+01 1.667970984569594819e-02 1.477814781985017367e+00 0.000000000000000000e+00
2.174000000000000199e+01 2.069137631088024259e-02 1.477652562780046530e+00 0.000000000000000000e+00
2.175000000000000000e+01 2.470103343003858531e-02 1.477494485635274746e+00 0.000000000000000000e+00
2.176000000000000156e+01 2.870817451378675916e-02 1.477340631159301587e+00 0.000000000000000000e+00
2.176999999999999957e+01 3.271229253150213789e-02 1.477191077808019726e+00 0.000000000000000000e+00
2.178000000000000114e+01 3.671288017650095603e-02 1.477045901843880626e+00 0.000000000000000000e+00
2.178999999999999915e+01 4.070942992967181012e-02 1.476905177296986782e+00 0.000000000000000000e+00
2.180000000000000071e+01 4.470143412611417288e-02 1.476768975927272853e+00 0.000000000000000000e+00
2.180999999999999872e+01 4.868838502034981280e-02 1.476637367186538707e+00 0.000000000000000000e+00
2.182000000000000028e+01 5.266977485376374279e-02 1.476510418184134421e+00 0.000000000000000000e+00
2.183000000000000185e+01 5.664509592187968318e-02 1.476388193651906322e+00 0.000000000000000000e+00
2.183999999999999986e+01 6.061384064264913746e-02 1.476270755910928489e+00 0.000000000000000000e+00
2.185000000000000142e+01 6.457550162519967718e-02 1.476158164840513987e+00 0.000000000000000000e+00
2.185999999999999943e+01 6.852957173988868944e-02 1.476050477846759135e+00 0.000000000000000000e+00
2.187000000000000099e+01 7.247554418800783438e-02 1.475947749834470191e+00 0.000000000000000000e+00
2.187999999999999901e+01 7.641291257329418940e-02 1.475850033178736087e+00 0.000000000000000000e+00
2.189000000000000057e+01 8.034117097346969716e-02 1.475757377698933004e+00 0.000000000000000000e+00
2.190000000000000213e+01 8.425981401270858651e-02 1.475669830633542734e+00 0.000000000000000000e+00
2.191000000000000014e+01 8.816833693482849232e-02 1.475587436616900172e+00 0.000000000000000000e+00
2.192000000000000171e+01 9.206623567698730970e-02 1.475510237656199708e+00 0.000000000000000000e+00
2.192999999999999972e+01 9.595300694466675495e-02 1.475438273111953968e+00 0.000000000000000000e+00
2.194000000000000128e+01 9.982814828604857915e-02 1.475371579676804545e+00 0.000000000000000000e+00
2.194999999999999929e+01 1.036911581684412526e-01 1.475310191358607304e+00 0.000000000000000000e+00
2.196000000000000085e+01 1.075415360544594995e-01 1.475254139463033853e+00 0.000000000000000000e+00
2.196999999999999886e+01 1.113787824781890812e-01 1.475203452577745100e+00 0.000000000000000000e+00
2.198000000000000043e+01 1.152023991233403072e-01 1.475158156558681988e+00 0.000000000000000000e+00
2.199000000000000199e+01 1.190118889003234925e-01 1.475118274516375783e+00 0.000000000000000000e+00
2.200000000000000000e+01 1.228067560239382572e-01 1.475083826804890919e+00 0.000000000000000000e+00
2.201000000000000156e+01 1.265865060925037699e-01 1.475054831010858214e+00 0.000000000000000000e+00
2.201999999999999957e+01 1.303506461655162263e-01 1.475031301944997431e+00 0.000000000000000000e+00
2.203000000000000114e+01 1.340986848427049571e-01 1.475013251633976452e+00 0.000000000000000000e+00
2.203999999999999915e+01 1.378301323430267400e-01 1.475000689314407865e+00 0.000000000000000000e+00
2.205000000000000071e+01 1.415445005838182890e-01 1.474993621428348556e+00 0.000000000000000000e+00
2.205999999999999872e+01 1.452413032598682541e-01 1.474992051618899236e+00 0.000000000000000000e+00
2.207000000000000028e+01 1.489200559228239240e-01 1.474995980729940426e+00 0.000000000000000000e+00
2.208000000000000185e+01 1.525802760613041709e-01 1.475005406804158703e+00 0.000000000000000000e+00
2.208999999999999986e+01 1.562214831800657899e-01 1.475020325085532713e+00 0.000000000000000000e+00
2.210000000000000142e+01 1.598431988799452752e-01 1.475040728020925451e+00 0.000000000000000000e+00
2.210999999999999943e+01 1.634449469382467934e-01 1.475066605265270558e+00 0.000000000000000000e+00
2.212000000000000099e+01 1.670262533882297118e-01 1.475097943686384472e+00 0.000000000000000000e+00
2.212999999999999901e+01 1.705866465996896675e-01 1.475134727372887200e+00 0.000000000000000000e+00
2.214000000000000057e+01 1.741256573588082779e-01 1.475176937642559194e+00 0.000000000000000000e+00
2.215000000000000213e+01 1.776428189486259357e-01 1.475224553052007614e+00 0.000000000000000000e+00
2.216000000000000014e+01 1.811376672286828249e-01 1.475277549409667488e+00 0.000000000000000000e+00
2.217000000000000171e+01 1.846097407158358017e-01 1.475335899786926142e+00 0.000000000000000000e+00
2.217999999999999972e+01 1.880585806633380264e-01 1.475399574534209224e+00 0.000000000000000000e+00
2.219000000000000128e+01 1.914837311414237242e-01 1.475468541295919200e+00 0.000000000000000000e+00
2.219999999999999929e+01 1.948847391164755805e-01 1.475542765027690884e+00 0.000000000000000000e+00
2.221000000000000085e+01 1.982611545303965828e-01 1.475622208015540338e+00 0.000000000000000000e+00
2.221999999999999886e+01 2.016125303800648805e-01 1.475706829894917194e+00 0.000000000000000000e+00
2.223000000000000043e+01 2.049384227955282356e-01 1.475796587672996374e+00 0.000000000000000000e+00
2.224000000000000199e+01 2.082383911189655268e-01 1.475891435750025238e+00 0.000000000000000000e+00
2.225000000000000000e+01 2.115119979818050056e-01 1.475991325945026578e+00 0.000000000000000000e+00
2.226000000000000156e+01 2.147588093830708478e-01 1.476096207518752479e+00 0.000000000000000000e+00
2.226999999999999957e+01 2.179783947656405430e-01 1.476206027202292770e+00 0.000000000000000000e+00
2.228000000000000114e+01 2.211703270928757348e-01 1.476320729223526085e+00 0.000000000000000000e+00
2.228999999999999915e+01 2.243341829241960739e-01 1.476440255336709972e+00 0.000000000000000000e+00
2.230000000000000071e+01 2.274695424903359631e-01 1.476564544852678518e+00 0.000000000000000000e+00
2.230999999999999872e+01 2.305759897680101367e-01 1.476693534670325159e+00 0.000000000000000000e+00
2.232000000000000028e+01 2.336531125530030284e-01 1.476827159309375359e+00 0.000000000000000000e+00
2.233000000000000185e+01 2.367005025339630475e-01 1.476965350944227762e+00 0.000000000000000000e+00
2.233999999999999986e+01 2.397177553644694592e-01 1.477108039439553266e+00 0.000000000000000000e+00
2.235000000000000142e+01 2.427044707343823382e-01 1.477255152385495318e+00 0.000000000000000000e+00
2.235999999999999943e+01 2.456602524410624599e-01 1.477406615136460877e+00 0.000000000000000000e+00
2.237000000000000099e+01 2.485847084589869471e-01 1.477562350848756312e+00 0.000000000000000000e+00
2.237999999999999901e+01 2.514774510094413551e-01 1.477722280520470166e+00 0.000000000000000000e+00
2.239000000000000057e+01 2.543380966284731204e-01 1.477886323031998073e+00 0.000000000000000000e+00
2.240000000000000213e+01 2.571662662346242412e-01 1.478054395188861170e+00 0.000000000000000000e+00
2.241000000000000014e+01 2.599615851957645107e-01 1.478226411762713965e+00 0.000000000000000000e+00
2.242000000000000171e+01 2.627236833945774674e-01 1.478402285537023575e+00 0.000000000000000000e+00
2.242999999999999972e+01 2.654521952936581553e-01 1.478581927350577363e+00 0.000000000000000000e+00
2.244000000000000128e+01 2.681467599989504902e-01 1.478765246144272183e+00 0.000000000000000000e+00
2.244999999999999929e+01 2.708070213236393187e-01 1.478952149007122241e+00 0.000000000000000000e+00
2.246000000000000085e+01 2.734326278486805539e-01 1.479142541223998242e+00 0.000000000000000000e+00
2.246999999999999886e+01 2.760232329847008281e-01 1.479336326325045858e+00 0.000000000000000000e+00
2.248000000000000043e+01 2.785784950312891195e-01 1.479533406133737516e+00 0.000000000000000000e+00
2.249000000000000199e+01 2.810980772358164237e-01 1.479733680818280162e+00 0.000000000000000000e+00
2.250000000000000000e+01 2.835816478504064042e-01 1.479937048942025823e+00 0.000000000000000000e+00
2.251000000000000156e+01 2.860288801893057231e-01 1.480143407515856824e+00 0.000000000000000000e+00
2.251999999999999957e+01 2.884394526827157579e-01 1.480352652050110240e+00 0.000000000000000000e+00
2.253000000000000114e+01 2.908130489321036349e-01 1.480564676609044117e+00 0.000000000000000000e+00
2.253999999999999915e+01 2.931493577613137336e-01 1.480779373863114978e+00 0.000000000000000000e+00
2.255000000000000071e+01 2.954480732694600431e-01 1.480996635146216933e+00 0.000000000000000000e+00
2.255999999999999872e+01 2.977088948801617785e-01 1.481216350508432145e+00 0.000000000000000000e+00
2.257000000000000028e+01 2.999315273902966039e-01 1.481438408774104376e+00 0.000000000000000000e+00
2.258000000000000185e+01 3.021156810181245822e-01 1.481662697597099454e+00 0.000000000000000000e+00
2.258999999999999986e+01 3.042610714488280244e-01 1.481889103518951201e+00 0.000000000000000000e+00
2.260000000000000142e+01 3.063674198793383541e-01 1.482117512025289408e+00 0.000000000000000000e+00
2.260999999999999943e+01 3.084344530619100300e-01 1.482347807605643109e+00 0.000000000000000000e+00
2.262000000000000099e+01 3.104619033458544397e-01 1.482579873810553561e+00 0.000000000000000000e+00
2.262999999999999901e+01 3.124495087182442843e-01 1.482813593311321787e+00 0.000000000000000000e+00
2.264000000000000057e+01 3.143970128427373001e-01 1.483048847959586469e+00 0.000000000000000000e+00
2.265000000000000213e+01 3.163041650974977026e-01 1.483285518846985340e+00 0.000000000000000000e+00
2.266000000000000014e+01 3.181707206111645259e-01 1.483523486365188271e+00 0.000000000000000000e+00
2.267000000000000171e+01 3.199964402979977862e-01 1.483762630266643345e+00 0.000000000000000000e+00
2.267999999999999972e+01 3.217810908901951872e-01 1.484002829724938133e+00 0.000000000000000000e+00
2.269000000000000128e+01 3.235244449713097770e-01 1.484243963396973953e+00 0.000000000000000000e+00
2.269999999999999929e+01 3.252262810047930608e-01 1.484485909482194943e+00 0.000000000000000000e+00
2.271000000000000085e+01 3.268863833645699324e-01 1.484728545786009990e+00 0.000000000000000000e+00
2.271999999999999886e+01 3.285045423614642024e-01 1.484971749780698902e+00 0.000000000000000000e+00
2.273000000000000043e+01 3.300805542698193595e-01 1.485215398666386299e+00 0.000000000000000000e+00
2.274000000000000199e+01 3.316142213518286641e-01 1.485459369434279031e+00 0.000000000000000000e+00
2.275000000000000000e+01 3.331053518813022474e-01 1.485703538927419132e+00 0.000000000000000000e+00
2.276000000000000156e+01 3.345537601645933723e-01 1.485947783903434072e+00 0.000000000000000000e+00
2.276999999999999957e+01 3.359592665621889407e-01 1.486191981096002257e+00 0.000000000000000000e+00
2.278000000000000114e+01 3.373216975065658763e-01 1.486436007277038174e+00 0.000000000000000000e+00
2.278999999999999915e+01 3.386408855204913748e-01 1.486679739318796933e+00 0.000000000000000000e+00
2.280000000000000071e+01 3.399166692329989581e-01 1.486923054255279153e+00 0.000000000000000000e+00
2.280999999999999872e+01 3.411488933937028012e-01 1.487165829344475387e+00 0.000000000000000000e+00
2.282000000000000028e+01 3.423374088867944254e-01 1.487407942129343796e+00 0.000000000000000000e+00
2.283000000000000185e+01 3.434820727417560171e-01 1.487649270499983745e+00 0.000000000000000000e+00
2.283999999999999986e+01 3.445827481448253127e-01 1.487889692754267079e+00 0.000000000000000000e+00
2.285000000000000142e+01 3.456393044467210296e-01 1.488129087659252336e+00 0.000000000000000000e+00
2.285999999999999943e+01 3.466516171706639504e-01 1.488367334511337514e+00 0.000000000000000000e+00
2.287000000000000099e+01 3.476195680177678327e-01 1.488604313197736895e+00 0.000000000000000000e+00
2.287999999999999901e+01 3.485430448715783891e-01 1.488839904255363722e+00 0.000000000000000000e+00
2.289000000000000057e+01 3.494219418005464206e-01 1.489073988931999493e+00 0.000000000000000000e+00
2.290000000000000213e+01 3.502561590596373620e-01 1.489306449244221620e+00 0.000000000000000000e+00
2.291000000000000014e+01 3.510456030900457880e-01 1.489537168037783132e+00 0.000000000000000000e+00
2.292000000000000171e+01 3.517901865168860387e-01 1.489766029045370033e+00 0.000000000000000000e+00
2.292999999999999972e+01 3.524898281474443951e-01 1.489992916944853363e+00 0.000000000000000000e+00
2.294000000000000128e+01 3.531444529648993802e-01 1.490217717417307020e+00 0.000000000000000000e+00
2.294999999999999929e+01 3.537539921234613693e-01 1.490440317203707954e+00 0.000000000000000000e+00
2.296000000000000085e+01 3.543183829406599816e-01 1.490660604161418767e+00 0.000000000000000000e+00
2.296999999999999886e+01 3.548375688881048595e-01 1.490878467320946310e+00 0.000000000000000000e+00
2.298000000000000043e+01 3.553114995820751409e-01 1.491093796940265337e+00 0.000000000000000000e+00
2.299000000000000199e+01 3.557401307715594707e-01 1.491306484560502188e+00 0.000000000000000000e+00
2.300000000000000000e+01 3.561234243252265896e-01 1.491516423059628504e+00 0.000000000000000000e+00
2.301000000000000156e+01 3.564613482183687232e-01 1.491723506705901370e+00 0.000000000000000000e+00
2.301999999999999957e+01 3.567538765166460846e-01 1.491927631210760996e+00 0.000000000000000000e+00
2.303000000000000114e+01 3.570009893602565931e-01 1.492128693780900850e+00 0.000000000000000000e+00
2.303999999999999915e+01 3.572026729460662797e-01 1.492326593169135407e+00 0.000000000000000000e+00
2.305000000000000071e+01 3.573589195092581328e-01 1.492521229725521259e+00 0.000000000000000000e+00
2.305999999999999872e+01 3.574697273031480216e-01 1.492712505446495364e+00 0.000000000000000000e+00
2.307000000000000028e+01 3.575351005787760217e-01 1.492900324023925140e+00 0.000000000000000000e+00
2.308000000000000185e+01 3.575550495630443470e-01 1.493084590893441810e+00 0.000000000000000000e+00
2.308999999999999986e+01 3.575295904356824428e-01 1.493265213280922321e+00 0.000000000000000000e+00
2.310000000000000142e+01 3.574587453061872644e-01 1.493442100249515736e+00 0.000000000000000000e+00
2.310999999999999943e+01 3.573425421886520237e-01 1.493615162744275970e+00 0.000000000000000000e+00
2.312000000000000099e+01 3.571810149768306353e-01 1.493784313637232630e+00 0.000000000000000000e+00
2.312999999999999901e+01 3.569742034175703571e-01 1.493949467770396389e+00 0.000000000000000000e+00
2.314000000000000057e+01 3.567221530837288990e-01 1.494110541998387776e+00 0.000000000000000000e+00
2.315000000000000213e+01 3.564249153465949282e-01 1.494267455229872921e+00 0.000000000000000000e+00
2.316000000000000014e+01 3.560825473463953283e-01 1.494420128468303188e+00 0.000000000000000000e+00
2.317000000000000171e+01 3.556951119638493974e-01 1.494568484850538725e+00 0.000000000000000000e+00
2.317999999999999972e+01 3.552626777883751696e-01 1.494712449686616873e+00 0.000000000000000000e+00
2.319000000000000128e+01 3.547853190881091745e-01 1.494851950495530213e+00 0.000000000000000000e+00
2.319999999999999929e+01 3.542631157775442130e-01 1.494986917042089969e+00 0.000000000000000000e+00
2.321000000000000085e+01 3.536961533840337069e-01 1.495117281372335238e+00 0.000000000000000000e+00
2.321999999999999886e+01 3.530845230154777137e-01 1.495242977846898080e+00 0.000000000000000000e+00
2.323000000000000043e+01 3.524283213247196289e-01 1.495363943173797949e+00 0.000000000000000000e+00
2.324000000000000199e+01 3.517276504755977862e-01 1.495480116440421225e+00 0.000000000000000000e+00
2.325000000000000000e+01 3.509826181057439931e-01 1.495591439143799439e+00 0.000000000000000000e+00
2.326000000000000156e+01 3.501933372919083798e-01 1.495697855219507266e+00 0.000000000000000000e+00
2.326999999999999957e+01 3.493599265113256913e-01 1.495799311070437732e+00 0.000000000000000000e+00
2.328000000000000114e+01 3.484825096050271354e-01 1.495895755592352661e+00 0.000000000000000000e+00
2.328999999999999915e+01 3.475612157395355784e-01 1.495987140201042509e+00 0.000000000000000000e+00
2.330000000000000071e+01 3.465961793684024794e-01 1.496073418855204284e+00 0.000000000000000000e+00
2.330999999999999872e+01 3.455875401934231927e-01 1.496154548080352864e+00 0.000000000000000000e+00
2.332000000000000028e+01 3.445354431257161010e-01 1.496230486990299369e+00 0.000000000000000000e+00
2.333000000000000185e+01 3.434400382461977319e-01 1.496301197307579267e+00 0.000000000000000000e+00
2.333999999999999986e+01 3.423014807665907266e-01 1.496366643383184369e+00 0.000000000000000000e+00
2.335000000000000142e+01 3.411199309895545650e-01 1.496426792213417789e+00 0.000000000000000000e+00
2.335999999999999943e+01 3.398955542696804333e-01 1.496481613458147342e+00 0.000000000000000000e+00
2.337000000000000099e+01 3.386285209735228618e-01 1.496531079454300084e+00 0.000000000000000000e+00
2.337999999999999901e+01 3.373190064404495425e-01 1.496575165231335935e+00 0.000000000000000000e+00
2.339000000000000057e+01 3.359671909429977066e-01 1.496613848523109969e+00 0.000000000000000000e+00
2.340000000000000213e+01 3.345732596477010712e-01 1.496647109779472684e+00 0.000000000000000000e+00
2.341000000000000014e+01 3.331374025754362256e-01 1.496674932176240036e+00 0.000000000000000000e+00
2.342000000000000171e+01 3.316598145623892990e-01 1.496697301623758358e+00 0.000000000000000000e+00
2.342999999999999972e+01 3.301406952202657896e-01 1.496714206774398592e+00 0.000000000000000000e+00
2.344000000000000128e+01 3.285802488974856050e-01 1.496725639028408938e+00 0.000000000000000000e+00
2.344999999999999929e+01 3.269786846392917501e-01 1.496731592538313116e+00 0.000000000000000000e+00
2.346000000000000085e+01 3.253362161487506898e-01 1.496732064212586755e+00 0.000000000000000000e+00
2.346999999999999886e+01 3.236530617470618210e-01 1.496727053717106681e+00 0.000000000000000000e+00
2.348000000000000043e+01 3.219294443342819445e-01 1.496716563475976480e+00 0.000000000000000000e+00
2.349000000000000199e+01 3.201655913496215256e-01 1.496700598670672511e+00 0.000000000000000000e+00
2.350000000000000000e+01 3.183617347321837654e-01 1.496679167237515484e+00 0.000000000000000000e+00
2.351000000000000156e+01 3.165181108816536582e-01 1.496652279864847390e+00 0.000000000000000000e+00
2.351999999999999957e+01 3.146349606183961867e-01 1.496619949987308518e+00 0.000000000000000000e+00
2.353000000000000114e+01 3.127125291446578581e-01 1.496582193780380932e+00 0.000000000000000000e+00
2.353999999999999915e+01 3.107510660055124441e-01 1.496539030152348904e+00 0.000000000000000000e+00
2.355000000000000071e+01 3.087508250491934336e-01 1.496490480735737982e+00 0.000000000000000000e+00
2.355999999999999872e+01 3.067120643893140874e-01 1.496436569876718359e+00 0.000000000000000000e+00
2.357000000000000028e+01 3.046350463653602625e-01 1.496377324624200922e+00 0.000000000000000000e+00
2.358000000000000185e+01 3.025200375054115098e-01 1.496312774716233029e+00 0.000000000000000000e+00
2.358999999999999986e+01 3.003673084873580423e-01 1.496242952566401829e+00 0.000000000000000000e+00
2.360000000000000142e+01 2.981771341017988020e-01 1.496167893248409708e+00 0.000000000000000000e+00
2.360999999999999943e+01 2.959497932142970411e-01 1.496087634478506345e+00 0.000000000000000000e+00
2.362000000000000099e+01 2.936855687288595917e-01 1.496002216598619983e+00 0.000000000000000000e+00
2.362999999999999901e+01 2.913847475504817153e-01 1.495911682555635558e+00 0.000000000000000000e+00
2.364000000000000057e+01 2.890476205490665196e-01 1.495816077882206718e+00 0.000000000000000000e+00
2.365000000000000213e+01 2.866744825234986971e-01 1.495715450673389402e+00 0.000000000000000000e+00
2.366000000000000014e+01 2.842656321646653828e-01 1.495609851563866055e+00 0.000000000000000000e+00
2.367000000000000171e+01 2.818213720207548567e-01 1.495499333704398470e+00 0.000000000000000000e+00
2.367999999999999972e+01 2.793420084611258347e-01 1.495383952733819077e+00 0.000000000000000000e+00
2.369000000000000128e+01 2.768278516406342260e-01 1.495263766754448387e+00 0.000000000000000000e+00
2.369999999999999929e+01 2.742792154653583836e-01 1.495138836301432184e+00 0.000000000000000000e+00
2.371000000000000085e+01 2.716964175563821859e-01 1.495009224314818308e+00 0.000000000000000000e+00
2.371999999999999886e+01 2.690797792159349555e-01 1.494874996107890208e+00 0.000000000000000000e+00
2.373000000000000043e+01 2.664296253920568902e-01 1.494736219334590555e+00 0.000000000000000000e+00
2.374000000000000199e+01 2.637462846444781905e-01 1.494592963957698029e+00 0.000000000000000000e+00
2.375000000000000000e+01 2.610300891100520437e-01 1.494445302212052518e+00 0.000000000000000000e+00
2.376000000000000156e+01 2.582813744691960234e-01 1.494293308571110757e+00 0.000000000000000000e+00
2.376999999999999957e+01 2.555004799110944247e-01 1.494137059707794757e+00 0.000000000000000000e+00
2.378000000000000114e+01 2.526877481012351212e-01 1.493976634458341390e+00 0.000000000000000000e+00
2.378999999999999915e+01 2.498435251470896012e-01 1.493812113781803452e+00 0.000000000000000000e+00
2.380000000000000071e+01 2.469681605653893941e-01 1.493643580719995256e+00 0.000000000000000000e+00
2.380999999999999872e+01 2.440620072489840253e-01 1.493471120356677950e+00 0.000000000000000000e+00
2.382000000000000028e+01 2.411254214340394497e-01 1.493294819774528159e+00 0.000000000000000000e+00
2.383000000000000185e+01 2.381587626677195146e-01 1.493114768012220317e+00 0.000000000000000000e+00
2.383999999999999986e+01 2.351623937752222726e-01 1.492931056020487368e+00 0.000000000000000000e+00
2.385000000000000142e+01 2.321366808278594596e-01 1.492743776616241025e+00 0.000000000000000000e+00
2.385999999999999943e+01 2.290819931109781826e-01 1.492553024437808462e+00 0.000000000000000000e+00
2.387000000000000099e+01 2.259987030914323292e-01 1.492358895897958115e+00 0.000000000000000000e+00
2.387999999999999901e+01 2.228871863866960790e-01 1.492161489135974684e+00 0.000000000000000000e+00
2.389000000000000057e+01 2.197478217321579275e-01 1.491960903971724095e+00 0.000000000000000000e+00
2.390000000000000213e+01 2.165809909508875919e-01 1.491757241854632321e+00 0.000000000000000000e+00
2.391000000000000014e+01 2.133870789221330444e-01 1.491550605816658992e+00 0.000000000000000000e+00
2.392000000000000171e+01 2.101664735511893645e-01 1.491341100421018639e+00 0.000000000000000000e+00
2.392999999999999972e+01 2.069195657396333821e-01 1.491128831712427827e+00 0.000000000000000000e+00
2.394000000000000128e+01 2.036467493558122566e-01 1.490913907164401309e+00 0.000000000000000000e+00
2.394999999999999929e+01 2.003484212069523429e-01 1.490696435627832273e+00 0.000000000000000000e+00
2.396000000000000085e+01 1.970249810102733534e-01 1.490476527276642038e+00 0.000000000000000000e+00
2.396999999999999886e+01 1.936768313671424768e-01 1.490254293552767617e+00 0.000000000000000000e+00
2.398000000000000043e+01 1.903043777345928833e-01 1.490029847110691863e+00 0.000000000000000000e+00
2.399000000000000199e+01 1.869080283995977199e-01 1.489803301759287768e+00 0.000000000000000000e+00
2.400000000000000000e+01 1.834881944521071506e-01 1.489574772404175462e+00 0.000000000000000000e+00
2.401000000000000156e+01 1.800452897575133271e-01 1.489344374987269459e+00 0.000000000000000000e+00
2.401999999999999957e+01 1.765797309289688921e-01 1.489112226427365515e+00 0.000000000000000000e+00
2.403000000000000114e+01 1.730919372994974559e-01 1.488878444557883096e+00 0.000000000000000000e+00
2.403999999999999915e+01 1.695823308909710225e-01 1.488643148065793786e+00 0.000000000000000000e+00
2.405000000000000071e+01 1.660513363850140145e-01 1.488406456429653968e+00 0.000000000000000000e+00
2.406000000000000227e+01 1.624993810906899261e-01 1.488168489855602905e+00 0.000000000000000000e+00
2.407000000000000028e+01 1.589268949115635876e-01 1.487929369217224851e+00 0.000000000000000000e+00
2.408000000000000185e+01 1.553343103133859315e-01 1.487689215990302793e+00 0.000000000000000000e+00
2.408999999999999986e+01 1.517220622886319426e-01 1.487448152191022999e+00 0.000000000000000000e+00
2.410000000000000142e+01 1.480905883231900533e-01 1.487206300313251184e+00 0.000000000000000000e+00
2.410999999999999943e+01 1.444403283601696231e-01 1.486963783264799277e+00 0.000000000000000000e+00
2.412000000000000099e+01 1.407717247651364134e-01 1.486720724304701591e+00 0.000000000000000000e+00
2.412999999999999901e+01 1.370852222901610407e-01 1.486477246979815314e+00 0.000000000000000000e+00
2.414000000000000057e+01 1.333812680381771532e-01 1.486233475062173071e+00 0.000000000000000000e+00
2.415000000000000213e+01 1.296603114264349710e-01 1.485989532484801812e+00 0.000000000000000000e+00
2.416000000000000014e+01 1.259228041512047425e-01 1.485745543279568981e+00 0.000000000000000000e+00
2.417000000000000171e+01 1.221692001504085384e-01 1.485501631513022724e+00 0.000000000000000000e+00
2.417999999999999972e+01 1.183999555676483878e-01 1.485257921223576805e+00 0.000000000000000000e+00
2.419000000000000128e+01 1.146155287154378283e-01 1.485014536358306270e+00 0.000000000000000000e+00
2.419999999999999929e+01 1.108163800377306024e-01 1.484771600709768657e+00 0.000000000000000000e+00
2.421000000000000085e+01 1.070029720727079803e-01 1.484529237852567185e+00 0.000000000000000000e+00
2.421999999999999886e+01 1.031757694151129029e-01 1.484287571081043033e+00 0.000000000000000000e+00
2.423000000000000043e+01 9.933523867802540597e-02 1.484046723346142072e+00 0.000000000000000000e+00
2.424000000000000199e+01 9.548184845382791386e-02 1.483806817192175220e+00 0.000000000000000000e+00
2.425000000000000000e+01 9.161606927591958716e-02 1.483567974695430447e+00 0.000000000000000000e+00
2.426000000000000156e+01 8.773837357773665857e-02 1.483330317401263532e+00 0.000000000000000000e+00
2.426999999999999957e+01 8.384923565392490841e-02 1.483093966261699981e+00 0.000000000000000000e+00
2.428000000000000114e+01 7.994913161801556201e-02 1.482859041574975612e+00 0.000000000000000000e+00
2.428999999999999915e+01 7.603853936200845320e-02 1.482625662922428145e+00 0.000000000000000000e+00
2.430000000000000071e+01 7.211793851325511151e-02 1.482393949109055642e+00 0.000000000000000000e+00
2.431000000000000227e+01 6.818781039188162585e-02 1.482164018101411518e+00 0.000000000000000000e+00
2.432000000000000028e+01 6.424863796697784235e-02 1.481935986968347718e+00 0.000000000000000000e+00
2.433000000000000185e+01 6.030090581229263780e-02 1.481709971820563743e+00 0.000000000000000000e+00
2.433999999999999986e+01 5.634510006024860684e-02 1.481486087751116232e+00 0.000000000000000000e+00
2.435000000000000142e+01 5.238170835704526740e-02 1.481264448777185549e+00 0.000000000000000000e+00
2.435999999999999943e+01 4.841121981459178131e-02 1.481045167780588701e+00 0.000000000000000000e+00
2.437000000000000099e+01 4.443412496386915655e-02 1.480828356451374450e+00 0.000000000000000000e+00
2.437999999999999901e+01 4.045091570554138621e-02 1.480614125228852274e+00 0.000000000000000000e+00
2.439000000000000057e+01 3.646208526120268273e-02 1.480402583246870130e+00 0.000000000000000000e+00
2.440000000000000213e+01 3.246812812331047876e-02 1.480193838276080642e+00 0.000000000000000000e+00
2.441000000000000014e+01 2.846954000342223276e-02 1.479987996670122374e+00 0.000000000000000000e+00
2.442000000000000171e+01 2.446681778133152907e-02 1.479785163309812690e+00 0.000000000000000000e+00
2.442999999999999972e+01 2.046045945169417887e-02 1.479585441550377078e+00 0.000000000000000000e+00
2.444000000000000128e+01 1.645096407071294439e-02 1.479388933167658626e+00 0.000000000000000000e+00
2.444999999999999929e+01 1.243883170170314786e-02 1.479195738306070096e+00 0.000000000000000000e+00
2.446000000000000085e+01 8.424563360070769572e-03 1.479005955427108887e+00 0.000000000000000000e+00
2.446999999999999886e+01 4.408660956730325181e-03 1.478819681259075480e+00 0.000000000000000000e+00
2.448000000000000043e+01 3.916272416584794919e-04 1.478637010746816971e+00 0.000000000000000000e+00
2.449000000000000199e+01 -3.626034254051705222e-03 1.478458037003136827e+00 0.000000000000000000e+00
2.450000000000000000e+01 -7.643819277035510465e-03 1.478282851261259356e+00 0.000000000000000000e+00
2.451000000000000156e+01 -1.166122291060241178e-02 1.478111542827166724e+00 0.000000000000000000e+00
2.451999999999999957e+01 -1.567773963537013107e-02 1.477944199034644912e+00 0.000000000000000000e+00
2.453000000000000114e+01 -1.969286338987968898e-02 1.477780905199095773e+00 0.000000000000000000e+00
2.453999999999999915e+01 -2.370608763276435202e-02 1.477621744575016605e+00 0.000000000000000000e+00
2.455000000000000071e+01 -2.771690540496666091e-02 1.477466798312187413e+00 0.000000000000000000e+00
2.456000000000000227e+01 -3.172480939277391720e-02 1.477316145414201198e+00 0.000000000000000000e+00
2.457000000000000028e+01 -3.572929199253611909e-02 1.477169862697846892e+00 0.000000000000000000e+00
2.458000000000000185e+01 -3.972984537406464012e-02 1.477028024753961555e+00 0.000000000000000000e+00
2.458999999999999986e+01 -4.372596154727870221e-02 1.476890703908015912e+00 0.000000000000000000e+00
2.460000000000000142e+01 -4.771713242717508241e-02 1.476757970184610080e+00 0.000000000000000000e+00
2.460999999999999943e+01 -5.170284990067775671e-02 1.476629891269240158e+00 0.000000000000000000e+00
2.462000000000000099e+01 -5.568260589440741926e-02 1.476506532476317357e+00 0.000000000000000000e+00
2.462999999999999901e+01 -5.965589244204256431e-02 1.476387956712459815e+00 0.000000000000000000e+00
2.464000000000000057e+01 -6.362220175288692270e-02 1.476274224447158945e+00 0.000000000000000000e+00
2.465000000000000213e+01 -6.758102628187127869e-02 1.476165393679746973e+00 0.000000000000000000e+00
2.466000000000000014e+01 -7.153185879826647053e-02 1.476061519910291997e+00 0.000000000000000000e+00
2.467000000000000171e+01 -7.547419245732805981e-02 1.475962656111386995e+00 0.000000000000000000e+00
2.467999999999999972e+01 -7.940752087083692567e-02 1.475868852700787048e+00 0.000000000000000000e+00
2.469000000000000128e+01 -8.333133817944084198e-02 1.475780157515558466e+00 0.000000000000000000e+00
2.469999999999999929e+01 -8.724513912482718958e-02 1.475696615787476684e+00 0.000000000000000000e+00
2.471000000000000085e+01 -9.114841912360087395e-02 1.475618270120595543e+00 0.000000000000000000e+00
2.471999999999999886e+01 -9.504067434050406105e-02 1.475545160468589634e+00 0.000000000000000000e+00
2.473000000000000043e+01 -9.892140176377901828e-02 1.475477324114999877e+00 0.000000000000000000e+00
2.474000000000000199e+01 -1.027900992797822627e-01 1.475414795654441003e+00 0.000000000000000000e+00
2.475000000000000000e+01 -1.066462657493998656e-01 1.475357606974038838e+00 0.000000000000000000e+00
2.476000000000000156e+01 -1.104894010841808438e-01 1.475305787238739175e+00 0.000000000000000000e+00
2.476999999999999957e+01 -1.143190063237647242e-01 1.475259362875394498e+00 0.000000000000000000e+00
2.478000000000000114e+01 -1.181345837130274995e-01 1.475218357559924698e+00 0.000000000000000000e+00
2.478999999999999915e+01 -1.219356367805198432e-01 1.475182792205654181e+00 0.000000000000000000e+00
2.480000000000000071e+01 -1.257216704169896448e-01 1.475152684952578452e+00 0.000000000000000000e+00
2.481000000000000227e+01 -1.294921912304527190e-01 1.475128044760920520e+00 0.000000000000000000e+00
2.482000000000000028e+01 -1.332467061495167804e-01 1.475108908073134550e+00 0.000000000000000000e+00
2.483000000000000185e+01 -1.369847258061178685e-01 1.475095250732379792e+00 0.000000000000000000e+00
2.483999999999999986e+01 -1.407057606149510753e-01 1.475087102636663206e+00 0.000000000000000000e+00
2.485000000000000142e+01 -1.444093236680197845e-01 1.475084460467066316e+00 0.000000000000000000e+00
2.485999999999999943e+01 -1.480949296843698526e-01 1.475087326499235463e+00 0.000000000000000000e+00
2.487000000000000099e+01 -1.517620953055200117e-01 1.475095699424208817e+00 0.000000000000000000e+00
2.487999999999999901e+01 -1.554103391844606774e-01 1.475109574961992021e+00 0.000000000000000000e+00
2.489000000000000057e+01 -1.590391820524799660e-01 1.475128946068555491e+00 0.000000000000000000e+00
2.490000000000000213e+01 -1.626481468019785048e-01 1.475153802900507793e+00 0.000000000000000000e+00
2.491000000000000014e+01 -1.662367585674432435e-01 1.475184132820877680e+00 0.000000000000000000e+00
2.492000000000000171e+01 -1.698045448053298323e-01 1.475219920409321928e+00 0.000000000000000000e+00
2.492999999999999972e+01 -1.733510353742890309e-01 1.475261147468456935e+00 0.000000000000000000e+00
2.494000000000000128e+01 -1.768757626165412544e-01 1.475307793034819959e+00 0.000000000000000000e+00
2.494999999999999929e+01 -1.803782614366012671e-01 1.475359833390107012e+00 0.000000000000000000e+00
2.496000000000000085e+01 -1.838580693830244306e-01 1.475417242073521429e+00 0.000000000000000000e+00
2.496999999999999886e+01 -1.873147267274934413e-01 1.475479989896083755e+00 0.000000000000000000e+00
2.498000000000000043e+01 -1.907477765449155371e-01 1.475548044956212612e+00 0.000000000000000000e+00
2.499000000000000199e+01 -1.941567647932557761e-01 1.475621372656668928e+00 0.000000000000000000e+00
2.500000000000000000e+01 -1.975412403926980198e-01 1.475699935722432521e+00 0.000000000000000000e+00
2.501000000000000156e+01 -2.009007553051736228e-01 1.475783694220894837e+00 0.000000000000000000e+00
2.501999999999999957e+01 -2.042348646126265210e-01 1.475872605582523756e+00 0.000000000000000000e+00
2.503000000000000114e+01 -2.075431265961971694e-01 1.475966624623004764e+00 0.000000000000000000e+00
2.503999999999999915e+01 -2.108251028133453220e-01 1.476065703567389198e+00 0.000000000000000000e+00
2.505000000000000071e+01 -2.140803581762475705e-01 1.476169792074633724e+00 0.000000000000000000e+00
2.506000000000000227e+01 -2.173084610281378615e-01 1.476278837263810040e+00 0.000000000000000000e+00
2.507000000000000028e+01 -2.205089832202981048e-01 1.476392783742191295e+00 0.000000000000000000e+00
2.508000000000000185e+01 -2.236815001875626929e-01 1.476511573633301211e+00 0.000000000000000000e+00
2.508999999999999986e+01 -2.268255910237346185e-01 1.476635146607302440e+00 0.000000000000000000e+00
2.510000000000000142e+01 -2.299408385562704271e-01 1.476763439912772036e+00 0.000000000000000000e+00
2.510999999999999943e+01 -2.330268294199494827e-01 1.476896388407947569e+00 0.000000000000000000e+00
2.512000000000000099e+01 -2.360831541302720882e-01 1.477033924596052650e+00 0.000000000000000000e+00
2.512999999999999901e+01 -2.391094071559055623e-01 1.477175978658820998e+00 0.000000000000000000e+00
2.514000000000000057e+01 -2.421051869902665354e-01 1.477322478492973046e+00 0.000000000000000000e+00
2.515000000000000213e+01 -2.450700962225374757e-01 1.477473349748352760e+00 0.000000000000000000e+00
2.516000000000000014e+01 -2.480037416081433688e-01 1.477628515864160885e+00 0.000000000000000000e+00
2.517000000000000171e+01 -2.509057341373230887e-01 1.477787898111132536e+00 0.000000000000000000e+00
2.517999999999999972e+01 -2.537756891047965868e-01 1.477951415629232379e+00 0.000000000000000000e+00
2.519000000000000128e+01 -2.566132261764220157e-01 1.478118985471853275e+00 0.000000000000000000e+00
2.519999999999999929e+01 -2.594179694565706962e-01 1.478290522646387828e+00 0.000000000000000000e+00
2.521000000000000085e+01 -2.621895475540347853e-01 1.478465940159431335e+00 0.000000000000000000e+00
2.521999999999999886e+01 -2.649275936469650539e-01 1.478645149060183961e+00 0.000000000000000000e+00
2.523000000000000043e+01 -2.676317455470058615e-01 1.478828058487542396e+00 0.000000000000000000e+00
2.524000000000000199e+01 -2.703016457622145485e-01 1.479014575715098534e+00 0.000000000000000000e+00
2.525000000000000000e+01 -2.729369415595729875e-01 1.479204606200283267e+00 0.000000000000000000e+00
2.526000000000000156e+01 -2.755372850257937767e-01 1.479398053631559629e+00 0.000000000000000000e+00
2.526999999999999957e+01 -2.781023331273292931e-01 1.479594819978802489e+00 0.000000000000000000e+00
2.528000000000000114e+01 -2.806317477693278106e-01 1.479794805542379299e+00 0.000000000000000000e+00
2.528999999999999915e+01 -2.831251958537997493e-01 1.479997909005817291e+00 0.000000000000000000e+00
2.530000000000000071e+01 -2.855823493356191012e-01 1.480204027485586105e+00 0.000000000000000000e+00
2.531000000000000227e+01 -2.880028852788836802e-01 1.480413056586014964e+00 0.000000000000000000e+00
2.532000000000000028e+01 -2.903864859102288642e-01 1.480624890450563225e+00 0.000000000000000000e+00
2.533000000000000185e+01 -2.927328386731158361e-01 1.480839421817951251e+00 0.000000000000000000e+00
2.533999999999999986e+01 -2.950416362785111546e-01 1.481056542074897564e+00 0.000000000000000000e+00
2.535000000000000142e+01 -2.973125767563435384e-01 1.481276141313676575e+00 0.000000000000000000e+00
2.535999999999999943e+01 -2.995453635041112617e-01 1.481498108386458012e+00 0.000000000000000000e+00
2.537000000000000099e+01 -3.017397053357513959e-01 1.481722330963529899e+00 0.000000000000000000e+00
2.537999999999999901e+01 -3.038953165268498124e-01 1.481948695589375031e+00 0.000000000000000000e+00
2.539000000000000057e+01 -3.060119168614720553e-01 1.482177087741167965e+00 0.000000000000000000e+00
2.540000000000000213e+01 -3.080892316746836612e-01 1.482407391887091919e+00 0.000000000000000000e+00
2.541000000000000014e+01 -3.101269918957607619e-01 1.482639491544885946e+00 0.000000000000000000e+00
2.542000000000000171e+01 -3.121249340888904156e-01 1.482873269341301148e+00 0.000000000000000000e+00
2.542999999999999972e+01 -3.140828004924930417e-01 1.483108607071635943e+00 0.000000000000000000e+00
2.544000000000000128e+01 -3.160003390578123295e-01 1.483345385759875290e+00 0.000000000000000000e+00
2.544999999999999929e+01 -3.178773034849849966e-01 1.483583485719063066e+00 0.000000000000000000e+00
2.546000000000000085e+01 -3.197134532580594990e-01 1.483822786611667999e+00 0.000000000000000000e+00
2.546999999999999886e+01 -3.215085536793471088e-01 1.484063167511427972e+00 0.000000000000000000e+00
2.548000000000000043e+01 -3.232623759004613073e-01 1.484304506962941250e+00 0.000000000000000000e+00
2.549000000000000199e+01 -3.249746969538078178e-01 1.484546683045187221e+00 0.000000000000000000e+00
2.550000000000000000e+01 -3.266452997813108494e-01 1.484789573431343213e+00 0.000000000000000000e+00
2.551000000000000156e+01 -3.282739732621243745e-01 1.485033055451345785e+00 0.000000000000000000e+00
2.551999999999999957e+01 -3.298605122390502742e-01 1.485277006153912893e+00 0.000000000000000000e+00
2.553000000000000114e+01 -3.314047175432626724e-01 1.485521302367923457e+00 0.000000000000000000e+00
2.553999999999999915e+01 -3.329063960172739534e-01 1.485765820764997969e+00 0.000000000000000000e+00
2.555000000000000071e+01 -3.343653605378562599e-01 1.486010437921327254e+00 0.000000000000000000e+00
2.556000000000000227e+01 -3.357814300354571846e-01 1.486255030379821207e+00 0.000000000000000000e+00
2.557000000000000028e+01 -3.371544295139488612e-01 1.486499474711734603e+00 0.000000000000000000e+00
2.558000000000000185e+01 -3.384841900683666083e-01 1.486743647579687799e+00 0.000000000000000000e+00
2.558999999999999986e+01 -3.397705489010695024e-01 1.486987425797930085e+00 0.000000000000000000e+00
2.560000000000000142e+01 -3.410133493362184076e-01 1.487230686396035617e+00 0.000000000000000000e+00
2.560999999999999943e+01 -3.422124408343172330e-01 1.487473306678772866e+00 0.000000000000000000e+00
2.562000000000000099e+01 -3.433676790029591142e-01 1.487715164288740066e+00 0.000000000000000000e+00
2.562999999999999901e+01 -3.444789256084068718e-01 1.487956137266840617e+00 0.000000000000000000e+00
2.564000000000000057e+01 -3.455460485841447271e-01 1.488196104114152929e+00 0.000000000000000000e+00
2.565000000000000213e+01 -3.465689220390081871e-01 1.488434943851604242e+00 0.000000000000000000e+00
2.566000000000000014e+01 -3.475474262628321376e-01 1.488672536081222519e+00 0.000000000000000000e+00
2.567000000000000171e+01 -3.484814477318014525e-01 1.488908761046293883e+00 0.000000000000000000e+00
2.567999999999999972e+01 -3.493708791112883905e-01 1.489143499690554595e+00 0.000000000000000000e+00
2.569000000000000128e+01 -3.502156192578433913e-01 1.489376633718012988e+00 0.000000000000000000e+00
2.569999999999999929e+01 -3.510155732192368760e-01 1.489608045652341950e+00 0.000000000000000000e+00
2.571000000000000085e+01 -3.517706522339362207e-01 1.489837618894587878e+00 0.000000000000000000e+00
2.571999999999999886e+01 -3.524807737277280140e-01 1.490065237782119079e+00 0.000000000000000000e+00
2.573000000000000043e+01 -3.531458613097186450e-01 1.490290787646054049e+00 0.000000000000000000e+00
2.574000000000000199e+01 -3.537658447676621520e-01 1.490514154868320729e+00 0.000000000000000000e+00
2.575000000000000000e+01 -3.543406600600603751e-01 1.490735226938129543e+00 0.000000000000000000e+00
2.576000000000000156e+01 -3.548702493079840536e-01 1.490953892508912526e+00 0.000000000000000000e+00
2.576999999999999957e+01 -3.553545607859522892e-01 1.491170041452329897e+00 0.000000000000000000e+00
2.578000000000000114e+01 -3.557935489100646498e-01 1.491383564914964044e+00 0.000000000000000000e+00
2.578999999999999915e+01 -3.561871742258026496e-01 1.491594355370788216e+00 0.000000000000000000e+00
2.580000000000000071e+01 -3.565354033948933687e-01 1.491802306676312639e+00 0.000000000000000000e+00
2.581000000000000227e+01 -3.568382091791340582e-01 1.492007314121870820e+00 0.000000000000000000e+00
2.582000000000000028e+01 -3.570955704251340124e-01 1.492209274485533310e+00 0.000000000000000000e+00
2.583000000000000185e+01 -3.573074720465219123e-01 1.492408086083077734e+00 0.000000000000000000e+00
2.583999999999999986e+01 -3.574739050052706535e-01 1.492603648819561979e+00 0.000000000000000000e+00
2.585000000000000142e+01 -3.575948662921609178e-01 1.492795864238723569e+00 0.000000000000000000e+00
2.585999999999999943e+01 -3.576703589058177757e-01 1.492984635572026209e+00 0.000000000000000000e+00
2.587000000000000099e+01 -3.577003918311254527e-01 1.493169867787661476e+00 0.000000000000000000e+00
2.587999999999999901e+01 -3.576849800166646554e-01 1.493351467636585772e+00 0.000000000000000000e+00
2.589000000000000057e+01 -3.576241443501651518e-01 1.493529343700322753e+00 0.000000000000000000e+00
2.590000000000000213e+01 -3.575179116353023878e-01 1.493703406435497261e+00 0.000000000000000000e+00
2.591000000000000014e+01 -3.573663145649215167e-01 1.493873568219439729e+00 0.000000000000000000e+00
2.592000000000000171e+01 -3.571693916954842840e-01 1.494039743392868713e+00 0.000000000000000000e+00
2.592999999999999972e+01 -3.569271871097410842e-01 1.494201861641187623e+00 0.000000000000000000e+00
2.594000000000000128e+01 -3.566397518028839864e-01 1.494359791443595320e+00 0.000000000000000000e+00
2.594999999999999929e+01 -3.563071411186033433e-01 1.494513524384619929e+00 0.000000000000000000e+00
2.596000000000000085e+01 -3.559294168471761610e-01 1.494662935059834385e+00 0.000000000000000000e+00
2.596999999999999886e+01 -3.555066466563899796e-01 1.494807963784457350e+00 0.000000000000000000e+00
2.598000000000000043e+01 -3.550389035053103104e-01 1.494948535772261167e+00 0.000000000000000000e+00
2.599000000000000199e+01 -3.545262662686894939e-01 1.495084579910839651e+00 0.000000000000000000e+00
2.600000000000000000e+01 -3.539688193508313541e-01 1.495216027788532909e+00 0.000000000000000000e+00
2.601000000000000156e+01 -3.533666527666164958e-01 1.495342813213772937e+00 0.000000000000000000e+00
2.601999999999999957e+01 -3.527198620876247914e-01 1.495464872342772367e+00 0.000000000000000000e+00
2.603000000000000114e+01 -3.520285484069312631e-01 1.495582143710880052e+00 0.000000000000000000e+00
2.603999999999999915e+01 -3.512928183048168451e-01 1.495694568259673618e+00 0.000000000000000000e+00
2.605000000000000071e+01 -3.505127838117901296e-01 1.495802089365698251e+00 0.000000000000000000e+00
2.606000000000000227e+01 -3.496885623723271497e-01 1.495904652870857499e+00 0.000000000000000000e+00
2.607000000000000028e+01 -3.488202768075057691e-01 1.496002207107646642e+00 0.000000000000000000e+00
2.608000000000000185e+01 -3.479080552764132750e-01 1.496094702925771180e+00 0.000000000000000000e+00
2.608999999999999986e+01 -3.469520312388085226e-01 1.496182093716724060e+00 0.000000000000000000e+00
2.610000000000000142e+01 -3.459523434157767974e-01 1.496264335436989334e+00 0.000000000000000000e+00
2.610999999999999943e+01 -3.449091357509129763e-01 1.496341386629761905e+00 0.000000000000000000e+00
2.612000000000000099e+01 -3.438225573712990757e-01 1.496413208446057075e+00 0.000000000000000000e+00
2.612999999999999901e+01 -3.426927625478212724e-01 1.496479764664296663e+00 0.000000000000000000e+00
2.614000000000000057e+01 -3.415199106561389586e-01 1.496541021707890717e+00 0.000000000000000000e+00
2.615000000000000213e+01 -3.403041661365336923e-01 1.496596948662878956e+00 0.000000000000000000e+00
2.616000000000000014e+01 -3.390456984551454278e-01 1.496647517292571727e+00 0.000000000000000000e+00
2.617000000000000171e+01 -3.377446820635443547e-01 1.496692702052747403e+00 0.000000000000000000e+00
2.617999999999999972e+01 -3.364012963598910777e-01 1.496732480103756258e+00 0.000000000000000000e+00
2.619000000000000128e+01 -3.350157256492273805e-01 1.496766831322471569e+00 0.000000000000000000e+00
2.619999999999999929e+01 -3.335881591037179739e-01 1.496795738312834523e+00 0.000000000000000000e+00
2.621000000000000085e+01 -3.321187907236415326e-01 1.496819186413553160e+00 0.000000000000000000e+00
2.621999999999999886e+01 -3.306078192976395491e-01 1.496837163707354312e+00 0.000000000000000000e+00
2.623000000000000043e+01 -3.290554483635577121e-01 1.496849661025749789e+00 0.000000000000000000e+00
2.624000000000000199e+01 -3.274618861685358873e-01 1.496856671954603701e+00 0.000000000000000000e+00
2.625000000000000000e+01 -3.258273456301409299e-01 1.496858192837176027e+00 0.000000000000000000e+00
2.626000000000000156e+01 -3.241520442962870785e-01 1.496854222777048271e+00 0.000000000000000000e+00
2.626999999999999957e+01 -3.224362043059987859e-01 1.496844763637553033e+00 0.000000000000000000e+00
2.628000000000000114e+01 -3.206800523500402678e-01 1.496829820042699710e+00 0.000000000000000000e+00
2.628999999999999915e+01 -3.188838196305425754e-01 1.496809399373840499e+00 0.000000000000000000e+00
2.630000000000000071e+01 -3.170477418224283417e-01 1.496783511767867836e+00 0.000000000000000000e+00
2.631000000000000227e+01 -3.151720590332816041e-01 1.496752170110793312e+00 0.000000000000000000e+00
2.632000000000000028e+01 -3.132570157636091479e-01 1.496715390033610538e+00 0.000000000000000000e+00
2.633000000000000185e+01 -3.113028608685227683e-01 1.496673189903406476e+00 0.000000000000000000e+00
2.633999999999999986e+01 -3.093098475169936967e-01 1.496625590816148765e+00 0.000000000000000000e+00
2.635000000000000142e+01 -3.072782331541822343e-01 1.496572616584945559e+00 0.000000000000000000e+00
2.635999999999999943e+01 -3.052082794615237349e-01 1.496514293731074474e+00 0.000000000000000000e+00
2.637000000000000099e+01 -3.031002523186046016e-01 1.496450651468764326e+00 0.000000000000000000e+00
2.637999999999999901e+01 -3.009544217647605602e-01 1.496381721693382572e+00 0.000000000000000000e+00
2.639000000000000057e+01 -2.987710619606024354e-01 1.496307538965327311e+00 0.000000000000000000e+00
2.640000000000000213e+01 -2.965504511505853147e-01 1.496228140492986469e+00 0.000000000000000000e+00
2.641000000000000014e+01 -2.942928716254518129e-01 1.496143566116244550e+00 0.000000000000000000e+00
2.642000000000000171e+01 -2.919986096844169876e-01 1.496053858285787408e+00 0.000000000000000000e+00
2.642999999999999972e+01 -2.896679555994151056e-01 1.495959062044306398e+00 0.000000000000000000e+00
2.644000000000000128e+01 -2.873012035771551065e-01 1.495859225003513870e+00 0.000000000000000000e+00
2.644999999999999929e+01 -2.848986517240683081e-01 1.495754397321984674e+00 0.000000000000000000e+00
2.646000000000000085e+01 -2.824606020090441594e-01 1.495644631680826064e+00 0.000000000000000000e+00
2.646999999999999886e+01 -2.799873602290436914e-01 1.495529983258395479e+00 0.000000000000000000e+00
2.648000000000000043e+01 -2.774792359722405011e-01 1.495410509703029911e+00 0.000000000000000000e+00
2.649000000000000199e+01 -2.749365425841237554e-01 1.495286271106568199e+00 0.000000000000000000e+00
2.650000000000000000e+01 -2.723595971317266384e-01 1.495157329973906934e+00 0.000000000000000000e+00
2.651000000000000156e+01 -2.697487203694386992e-01 1.495023751193737205e+00 0.000000000000000000e+00
2.651999999999999957e+01 -2.671042367045695087e-01 1.494885602006812642e+00 0.000000000000000000e+00
2.653000000000000114e+01 -2.644264741631643378e-01 1.494742951973746292e+00 0.000000000000000000e+00
2.653999999999999915e+01 -2.617157643566752623e-01 1.494595872941151482e+00 0.000000000000000000e+00
2.655000000000000071e+01 -2.589724424478961340e-01 1.494444439007243108e+00 0.000000000000000000e+00
2.656000000000000227e+01 -2.561968471179742468e-01 1.494288726485657248e+00 0.000000000000000000e+00
2.657000000000000028e+01 -2.533893205338265675e-01 1.494128813869330497e+00 0.000000000000000000e+00
2.658000000000000185e+01 -2.505502083145840775e-01 1.493964781791875085e+00 0.000000000000000000e+00
2.658999999999999986e+01 -2.476798595001315217e-01 1.493796712989318820e+00 0.000000000000000000e+00
2.660000000000000142e+01 -2.447786265176547515e-01 1.493624692259909015e+00 0.000000000000000000e+00
2.660999999999999943e+01 -2.418468651505973621e-01 1.493448806423331554e+00 0.000000000000000000e+00
2.662000000000000099e+01 -2.388849345058467466e-01 1.493269144279047778e+00 0.000000000000000000e+00
2.662999999999999901e+01 -2.358931969819964281e-01 1.493085796562740430e+00 0.000000000000000000e+00
2.664000000000000057e+01 -2.328720182381603943e-01 1.492898855903666000e+00 0.000000000000000000e+00
2.665000000000000213e+01 -2.298217671609902035e-01 1.492708416778022240e+00 0.000000000000000000e+00
2.666000000000000014e+01 -2.267428158340056010e-01 1.492514575464880977e+00 0.000000000000000000e+00
2.667000000000000171e+01 -2.236355395051547457e-01 1.492317429996915301e+00 0.000000000000000000e+00
2.667999999999999972e+01 -2.205003165556862488e-01 1.492117080114099714e+00 0.000000000000000000e+00
2.669000000000000128e+01 -2.173375284678586705e-01 1.491913627212198223e+00 0.000000000000000000e+00
2.669999999999999929e+01 -2.141475597939498932e-01 1.491707174293580129e+00 0.000000000000000000e+00
2.671000000000000085e+01 -2.109307981248191854e-01 1.491497825912848185e+00 0.000000000000000000e+00
2.671999999999999886e+01 -2.076876340581940705e-01 1.491285688124942554e+00 0.000000000000000000e+00
2.673000000000000043e+01 -2.044184611688725783e-01 1.491070868428271190e+00 0.000000000000000000e+00
2.674000000000000199e+01 -2.011236759772491722e-01 1.490853475708635578e+00 0.000000000000000000e+00
2.675000000000000000e+01 -1.978036779200035011e-01 1.490633620180558339e+00 0.000000000000000000e+00
2.676000000000000156e+01 -1.944588693206420471e-01 1.490411413327976220e+00 0.000000000000000000e+00
2.676999999999999957e+01 -1.910896553601467984e-01 1.490186967843037724e+00 0.000000000000000000e+00
2.678000000000000114e+01 -1.876964440488627650e-01 1.489960397564962902e+00 0.000000000000000000e+00
2.678999999999999915e+01 -1.842796461989386902e-01 1.489731817417323079e+00 0.000000000000000000e+00
2.680000000000000071e+01 -1.808396753957651204e-01 1.489501343345623452e+00 0.000000000000000000e+00
2.681000000000000227e+01 -1.773769479708761920e-01 1.489269092254878579e+00 0.000000000000000000e+00
2.682000000000000028e+01 -1.738918829746382566e-01 1.489035181946435360e+00 0.000000000000000000e+00
2.683000000000000185e+01 -1.703849021474419245e-01 1.488799731057584230e+00 0.000000000000000000e+00
2.683999999999999986e+01 -1.668564298918392419e-01 1.488562858998519589e+00 0.000000000000000000e+00
2.685000000000000142e+01 -1.633068932425681130e-01 1.488324685893050559e+00 0.000000000000000000e+00
2.685999999999999943e+01 -1.597367218371244513e-01 1.488085332518103376e+00 0.000000000000000000e+00
2.687000000000000099e+01 -1.561463478833956253e-01 1.487844920243942104e+00 0.000000000000000000e+00
2.687999999999999901e+01 -1.525362061286859860e-01 1.487603570975554845e+00 0.000000000000000000e+00
2.689000000000000057e+01 -1.489067338252846040e-01 1.487361407093251708e+00 0.000000000000000000e+00
2.690000000000000213e+01 -1.452583706973547550e-01 1.487118551394008836e+00 0.000000000000000000e+00
2.691000000000000014e+01 -1.415915589048158951e-01 1.486875127031992649e+00 0.000000000000000000e+00
2.692000000000000171e+01 -1.379067430091403812e-01 1.486631257459188671e+00 0.000000000000000000e+00
2.692999999999999972e+01 -1.342043699355449649e-01 1.486387066366026133e+00 0.000000000000000000e+00
2.694000000000000128e+01 -1.304848889383406763e-01 1.486142677619842756e+00 0.000000000000000000e+00
2.694999999999999929e+01 -1.267487515615920712e-01 1.485898215205490480e+00 0.000000000000000000e+00
2.696000000000000085e+01 -1.229964116046933370e-01 1.485653803162897635e+00 0.000000000000000000e+00
2.696999999999999886e+01 -1.192283250824350826e-01 1.485409565525942721e+00 0.000000000000000000e+00
2.698000000000000043e+01 -1.154449501892378382e-01 1.485165626259996374e+00 0.000000000000000000e+00
2.699000000000000199e+01 -1.116467472601386790e-01 1.484922109199672935e+00 0.000000000000000000e+00
2.700000000000000000e+01 -1.078341787338286256e-01 1.484679137986030462e+00 0.000000000000000000e+00
2.701000000000000156e+01 -1.040077091131824949e-01 1.484436836003492743e+00 0.000000000000000000e+00
2.701999999999999957e+01 -1.001678049276722438e-01 1.484195326317216290e+00 0.000000000000000000e+00
2.703000000000000114e+01 -9.631493469416441133e-02 1.483954731609534949e+00 0.000000000000000000e+00
2.703999999999999915e+01 -9.244956887703567605e-02 1.483715174117802071e+00 0.000000000000000000e+00
2.705000000000000071e+01 -8.857217984919955878e-02 1.483476775570170769e+00 0.000000000000000000e+00
2.706000000000000227e+01 -8.468324185112297009e-02 1.483239657124121313e+00 0.000000000000000000e+00
2.707000000000000028e+01 -8.078323095055517378e-02 1.483003939303546570e+00 0.000000000000000000e+00
2.708000000000000185e+01 -7.687262500022622180e-02 1.482769741936063701e+00 0.000000000000000000e+00
2.708999999999999986e+01 -7.295190359672718006e-02 1.482537184091289317e+00 0.000000000000000000e+00
2.710000000000000142e+01 -6.902154803679438899e-02 1.482306384020106060e+00 0.000000000000000000e+00
2.710999999999999943e+01 -6.508204127447622667e-02 1.482077459092006499e+00 0.000000000000000000e+00
2.712000000000000099e+01 -6.113386787629658536e-02 1.481850525735809221e+00 0.000000000000000000e+00
2.712999999999999901e+01 -5.717751397685232745e-02 1.481625699378336769e+00 0.000000000000000000e+00
2.714000000000000057e+01 -5.321346723236566184e-02 1.481403094385825847e+00 0.000000000000000000e+00
2.715000000000000213e+01 -4.924221677457268215e-02 1.481182824003806964e+00 0.000000000000000000e+00
2.716000000000000014e+01 -4.526425316321499442e-02 1.480965000299051759e+00 0.000000000000000000e+00
2.717000000000000171e+01 -4.128006833750594989e-02 1.480749734101884707e+00 0.000000000000000000e+00
2.717999999999999972e+01 -3.729015556772624640e-02 1.480537134948310518e+00 0.000000000000000000e+00
2.719000000000000128e+01 -3.329500940467059605e-02 1.480327311024199011e+00 0.000000000000000000e+00
2.719999999999999929e+01 -2.929512562903415288e-02 1.480120369108763434e+00 0.000000000000000000e+00
2.721000000000000085e+01 -2.529100120073740632e-02 1.479916414519881318e+00 0.000000000000000000e+00
2.721999999999999886e+01 -2.128313420502229297e-02 1.479715551059604062e+00 0.000000000000000000e+00
2.723000000000000043e+01 -1.727202380026608003e-02 1.479517880960540488e+00 0.000000000000000000e+00
2.724000000000000199e+01 -1.325817016365695399e-02 1.479323504833284231e+00 0.000000000000000000e+00
2.725000000000000000e+01 -9.242074435964846985e-03 1.479132521614137330e+00 0.000000000000000000e+00
2.726000000000000156e+01 -5.224238665408964880e-03 1.478945028514700999e+00 0.000000000000000000e+00
2.726999999999999957e+01 -1.205165752170126326e-03 1.478761120971055831e+00 0.000000000000000000e+00
2.728000000000000114e+01 2.814640610896087820e-03 1.478580892595010132e+00 0.000000000000000000e+00
2.728999999999999915e+01 6.834675994951001921e-03 1.478404435125532990e+00 0.000000000000000000e+00
2.730000000000000071e+01 1.085443529599616243e-02 1.478231838381594665e+00 0.000000000000000000e+00
2.731000000000000227e+01 1.487341279329130322e-02 1.478063190215475720e+00 0.000000000000000000e+00
2.732000000000000028e+01 1.889110221161369521e-02 1.477898576468376968e+00 0.000000000000000000e+00
2.733000000000000185e+01 2.290699678198614836e-02 1.477738080924531960e+00 0.000000000000000000e+00
2.733999999999999986e+01 2.692058930427632807e-02 1.477581785269905135e+00 0.000000000000000000e+00
2.735000000000000142e+01 3.093137221045984958e-02 1.477429769048593355e+00 0.000000000000000000e+00
2.735999999999999943e+01 3.493883762843384699e-02 1.477282109622195749e+00 0.000000000000000000e+00
2.737000000000000099e+01 3.894247744627477026e-02 1.477138882130793585e+00 0.000000000000000000e+00
2.737999999999999901e+01 4.294178337787375038e-02 1.477000159452944938e+00 0.000000000000000000e+00
2.739000000000000057e+01 4.693624702887525674e-02 1.476866012169441689e+00 0.000000000000000000e+00
2.740000000000000213e+01 5.092535996306460366e-02 1.476736508526202973e+00 0.000000000000000000e+00
2.741000000000000014e+01 5.490861376977439201e-02 1.476611714399896469e+00 0.000000000000000000e+00
2.742000000000000171e+01 5.888550013215901324e-02 1.476491693263868532e+00 0.000000000000000000e+00
2.742999999999999972e+01 6.285551089565416527e-02 1.476376506156013901e+00 0.000000000000000000e+00
2.744000000000000128e+01 6.681813813733872287e-02 1.476266211647459192e+00 0.000000000000000000e+00
2.744999999999999929e+01 7.077287423631574426e-02 1.476160865813307854e+00 0.000000000000000000e+00
2.746000000000000085e+01 7.471921194421254908e-02 1.476060522203851200e+00 0.000000000000000000e+00
2.746999999999999886e+01 7.865664445702953700e-02 1.475965231817525591e+00 0.000000000000000000e+00
2.748000000000000043e+01 8.258466548712115052e-02 1.475875043076141813e+00 0.000000000000000000e+00
2.749000000000000199e+01 8.650276933635069054e-02 1.475790001799482276e+00 0.000000000000000000e+00
2.750000000000000000e+01 9.041045096961247696e-02 1.475710151183345253e+00 0.000000000000000000e+00
2.751000000000000156e+01 9.430720608943220229e-02 1.475635531777817144e+00 0.000000000000000000e+00
2.751999999999999957e+01 9.819253121046972455e-02 1.475566181467018678e+00 0.000000000000000000e+00
2.753000000000000114e+01 1.020659237356809912e-01 1.475502135450359908e+00 0.000000000000000000e+00
2.753999999999999915e+01 1.059268820322408905e-01 1.475443426225214072e+00 0.000000000000000000e+00
2.755000000000000071e+01 1.097749055080774472e-01 1.475390083570627509e+00 0.000000000000000000e+00
2.756000000000000227e+01 1.136094946893487084e-01 1.475342134532570793e+00 0.000000000000000000e+00
2.757000000000000028e+01 1.174301512978245809e-01 1.475299603410071825e+00 0.000000000000000000e+00
2.758000000000000185e+01 1.212363783289548413e-01 1.475262511743661520e+00 0.000000000000000000e+00
2.758999999999999986e+01 1.250276801299545770e-01 1.475230878303350757e+00 0.000000000000000000e+00
2.760000000000000142e+01 1.288035624785368594e-01 1.475204719080285720e+00 0.000000000000000000e+00
2.760999999999999943e+01 1.325635326616654008e-01 1.475184047277630084e+00 0.000000000000000000e+00
2.762000000000000099e+01 1.363070995540374142e-01 1.475168873303874140e+00 0.000000000000000000e+00
2.762999999999999901e+01 1.400337736984819115e-01 1.475159204768047294e+00 0.000000000000000000e+00
2.764000000000000057e+01 1.437430673834948769e-01 1.475155046474705856e+00 0.000000000000000000e+00
2.765000000000000213e+01 1.474344947247155924e-01 1.475156400422560354e+00 0.000000000000000000e+00
2.766000000000000014e+01 1.511075717429916643e-01 1.475163265802910795e+00 0.000000000000000000e+00
2.767000000000000171e+01 1.547618164450791367e-01 1.475175639000041450e+00 0.000000000000000000e+00
2.767999999999999972e+01 1.583967489033698550e-01 1.475193513593954231e+00 0.000000000000000000e+00
2.769000000000000128e+01 1.620118913358636059e-01 1.475216880363459104e+00 0.000000000000000000e+00
2.769999999999999929e+01 1.656067681864372421e-01 1.475245727290980913e+00 0.000000000000000000e+00
2.771000000000000085e+01 1.691809062048296730e-01 1.475280039570611601e+00 0.000000000000000000e+00
2.771999999999999886e+01 1.727338345274676557e-01 1.475319799614044136e+00 0.000000000000000000e+00
2.773000000000000043e+01 1.762650847571656243e-01 1.475364987061995814e+00 0.000000000000000000e+00
2.774000000000000199e+01 1.797741910436795876e-01 1.475415578794637694e+00 0.000000000000000000e+00
2.775000000000000000e+01 1.832606901640252139e-01 1.475471548943602995e+00 0.000000000000000000e+00
2.776000000000000156e+01 1.867241216026193917e-01 1.475532868906479500e+00 0.000000000000000000e+00
2.776999999999999957e+01 1.901640276309972399e-01 1.475599507362071350e+00 0.000000000000000000e+00
2.778000000000000114e+01 1.935799533879929146e-01 1.475671430286771724e+00 0.000000000000000000e+00
2.778999999999999915e+01 1.969714469595396089e-01 1.475748600973166402e+00 0.000000000000000000e+00
2.780000000000000071e+01 2.003380594569473261e-01 1.475830980048513430e+00 0.000000000000000000e+00
2.781000000000000227e+01 2.036793450977672226e-01 1.475918525497020850e+00 0.000000000000000000e+00
2.782000000000000028e+01 2.069948612822923306e-01 1.476011192680418693e+00 0.000000000000000000e+00
2.783000000000000185e+01 2.102841686739620741e-01 1.476108934362582836e+00 0.000000000000000000e+00
2.783999999999999986e+01 2.135468312751293563e-01 1.476211700733517151e+00 0.000000000000000000e+00
2.785000000000000142e+01 2.167824165059974162e-01 1.476319439436143410e+00 0.000000000000000000e+00
2.785999999999999943e+01 2.199904952803307667e-01 1.476432095592833393e+00 0.000000000000000000e+00
2.787000000000000099e+01 2.231706420819942194e-01 1.476549611834541365e+00 0.000000000000000000e+00
2.787999999999999901e+01 2.263224350403159890e-01 1.476671928330844485e+00 0.000000000000000000e+00
2.789000000000000057e+01 2.294454560053276193e-01 1.476798982820477502e+00 0.000000000000000000e+00
2.790000000000000213e+01 2.325392906213444577e-01 1.476930710644001943e+00 0.000000000000000000e+00
2.791000000000000014e+01 2.356035284010213060e-01 1.477067044777507387e+00 0.000000000000000000e+00
2.792000000000000171e+01 2.386377627978685523e-01 1.477207915867096322e+00 0.000000000000000000e+00
2.792999999999999972e+01 2.416415912784147524e-01 1.477353252264650862e+00 0.000000000000000000e+00
2.794000000000000128e+01 2.446146153930446043e-01 1.477502980065672045e+00 0.000000000000000000e+00
2.794999999999999929e+01 2.475564408473858169e-01 1.477657023146162985e+00 0.000000000000000000e+00
2.796000000000000085e+01 2.504666775710537308e-01 1.477815303203397823e+00 0.000000000000000000e+00
2.796999999999999886e+01 2.533449397868500208e-01 1.477977739795464984e+00 0.000000000000000000e+00
2.798000000000000043e+01 2.561908460792508557e-01 1.478144250382387614e+00 0.000000000000000000e+00
2.799000000000000199e+01 2.590040194608927426e-01 1.478314750370140374e+00 0.000000000000000000e+00
2.800000000000000000e+01 2.617840874390444106e-01 1.478489153152416691e+00 0.000000000000000000e+00
2.801000000000000156e+01 2.645306820813760895e-01 1.478667370156368843e+00 0.000000000000000000e+00
2.801999999999999957e+01 2.672434400795573040e-01 1.478849310887864199e+00 0.000000000000000000e+00
2.803000000000000114e+01 2.699220028137042093e-01 1.479034882977617649e+00 0.000000000000000000e+00
2.803999999999999915e+01 2.725660164137331254e-01 1.479223992228958728e+00 0.000000000000000000e+00
2.805000000000000071e+01 2.751751318215640563e-01 1.479416542666424306e+00 0.000000000000000000e+00
2.806000000000000227e+01 2.777490048508959863e-01 1.479612436583954027e+00 0.000000000000000000e+00
2.807000000000000028e+01 2.802872962466572693e-01 1.479811574596124224e+00 0.000000000000000000e+00
2.808000000000000185e+01 2.827896717431878093e-01 1.480013855688388835e+00 0.000000000000000000e+00
2.808999999999999986e+01 2.852558021206548777e-01 1.480219177268684572e+00 0.000000000000000000e+00
2.810000000000000142e+01 2.876853632612708100e-01 1.480427435220150079e+00 0.000000000000000000e+00
2.810999999999999943e+01 2.900780362036430304e-01 1.480638523954582286e+00 0.000000000000000000e+00
2.812000000000000099e+01 2.924335071958669707e-01 1.480852336465414920e+00 0.000000000000000000e+00
2.812999999999999901e+01 2.947514677477582890e-01 1.481068764383387748e+00 0.000000000000000000e+00
2.814000000000000057e+01 2.970316146816145975e-01 1.481287698031302780e+00 0.000000000000000000e+00
2.815000000000000213e+01 2.992736501811470995e-01 1.481509026479760793e+00 0.000000000000000000e+00
2.816000000000000014e+01 3.014772818403770316e-01 1.481732637604225911e+00 0.000000000000000000e+00
2.817000000000000171e+01 3.036422227096774451e-01 1.481958418141159806e+00 0.000000000000000000e+00
2.817999999999999972e+01 3.057681913412846342e-01 1.482186253746989646e+00 0.000000000000000000e+00
2.819000000000000128e+01 3.078549118338323454e-01 1.482416029054511197e+00 0.000000000000000000e+00
2.819999999999999929e+01 3.099021138741934744e-01 1.482647627733349349e+00 0.000000000000000000e+00
2.821000000000000085e+01 3.119095327788588001e-01 1.482880932546957853e+00 0.000000000000000000e+00
2.821999999999999886e+01 3.138769095341655824e-01 1.483115825414229816e+00 0.000000000000000000e+00
2.823000000000000043e+01 3.158039908337736401e-01 1.483352187467305905e+00 0.000000000000000000e+00
2.824000000000000199e+01 3.176905291162053224e-01 1.483589899113323174e+00 0.000000000000000000e+00
2.825000000000000000e+01 3.195362825997491996e-01 1.483828840093934121e+00 0.000000000000000000e+00
2.826000000000000156e+01 3.213410153166601502e-01 1.484068889546632297e+00 0.000000000000000000e+00
2.826999999999999957e+01 3.231044971454647974e-01 1.484309926065563889e+00 0.000000000000000000e+00
2.828000000000000114e+01 3.248265038420306561e-01 1.484551827763086695e+00 0.000000000000000000e+00
2.828999999999999915e+01 3.265068170692801419e-01 1.484794472331007809e+00 0.000000000000000000e+00
2.830000000000000071e+01 3.281452244247345940e-01 1.485037737102362865e+00 0.000000000000000000e+00
2.831000000000000227e+01 3.297415194683456230e-01 1.485281499113429327e+00 0.000000000000000000e+00
2.832000000000000028e+01 3.312955017461369778e-01 1.485525635165606539e+00 0.000000000000000000e+00
2.833000000000000185e+01 3.328069768157965180e-01 1.485770021886864356e+00 0.000000000000000000e+00
2.833999999999999986e+01 3.342757562676817451e-01 1.486014535795080249e+00 0.000000000000000000e+00
2.835000000000000142e+01 3.357016577465702367e-01 1.486259053359018312e+00 0.000000000000000000e+00
2.835999999999999943e+01 3.370845049710950447e-01 1.486503451060905867e+00 0.000000000000000000e+00
2.837000000000000099e+01 3.384241277518013624e-01 1.486747605458341948e+00 0.000000000000000000e+00
2.837999999999999901e+01 3.397203620078618203e-01 1.486991393246931414e+00 0.000000000000000000e+00
2.839000000000000057e+01 3.409730497825447793e-01 1.487234691321128954e+00 0.000000000000000000e+00
2.840000000000000213e+01 3.421820392568215574e-01 1.487477376836860099e+00 0.000000000000000000e+00
2.841000000000000014e+01 3.433471847617804440e-01 1.487719327273125058e+00 0.000000000000000000e+00
2.842000000000000171e+01 3.444683467896844653e-01 1.487960420492835167e+00 0.000000000000000000e+00
2.842999999999999972e+01 3.455453920030130410e-01 1.488200534804682951e+00 0.000000000000000000e+00
2.844000000000000128e+01 3.465781932426761358e-01 1.488439549023924169e+00 0.000000000000000000e+00
2.844999999999999929e+01 3.475666295343388668e-01 1.488677342532800596e+00 0.000000000000000000e+00
2.846000000000000085e+01 3.485105860929657573e-01 1.488913795341582302e+00 0.000000000000000000e+00
2.846999999999999886e+01 3.494099543267628061e-01 1.489148788147922842e+00 0.000000000000000000e+00
2.848000000000000043e+01 3.502646318385916890e-01 1.489382202396653865e+00 0.000000000000000000e+00
2.849000000000000199e+01 3.510745224263116526e-01 1.489613920340227438e+00 0.000000000000000000e+00
2.850000000000000000e+01 3.518395360822679785e-01 1.489843825095475527e+00 0.000000000000000000e+00
2.851000000000000156e+01 3.525595889895927759e-01 1.490071800704071192e+00 0.000000000000000000e+00
2.851999999999999957e+01 3.532346035194146028e-01 1.490297732189478586e+00 0.000000000000000000e+00
2.853000000000000114e+01 3.538645082243065954e-01 1.490521505614354369e+00 0.000000000000000000e+00
2.853999999999999915e+01 3.544492378320958648e-01 1.490743008137985548e+00 0.000000000000000000e+00
2.855000000000000071e+01 3.549887332371343684e-01 1.490962128071902981e+00 0.000000000000000000e+00
2.856000000000000227e+01 3.554829414908236562e-01 1.491178754936541617e+00 0.000000000000000000e+00
2.857000000000000028e+01 3.559318157907952473e-01 1.491392779515526401e+00 0.000000000000000000e+00
2.858000000000000185e+01 3.563353154681176416e-01 1.491604093910885220e+00 0.000000000000000000e+00
2.858999999999999986e+01 3.566934059741063145e-01 1.491812591595964799e+00 0.000000000000000000e+00
2.860000000000000142e+01 3.570060588657373302e-01 1.492018167469731038e+00 0.000000000000000000e+00
2.860999999999999943e+01 3.572732517887988735e-01 1.492220717908486760e+00 0.000000000000000000e+00
2.862000000000000099e+01 3.574949684617830248e-01 1.492420140817209750e+00 0.000000000000000000e+00
2.862999999999999901e+01 3.576711986566097901e-01 1.492616335681271167e+00 0.000000000000000000e+00
2.864000000000000057e+01 3.578019381799341647e-01 1.492809203616211056e+00 0.000000000000000000e+00
2.865000000000000213e+01 3.578871888523846301e-01 1.492998647416720726e+00 0.000000000000000000e+00
2.866000000000000014e+01 3.579269584869624321e-01 1.493184571605357558e+00 0.000000000000000000e+00
2.867000000000000171e+01 3.579212608671756835e-01 1.493366882480634983e+00 0.000000000000000000e+00
2.867999999999999972e+01 3.578701157229423613e-01 1.493545488162403068e+00 0.000000000000000000e+00
2.869000000000000128e+01 3.577735487068373077e-01 1.493720298639136246e+00 0.000000000000000000e+00
2.869999999999999929e+01 3.576315913690420456e-01 1.493891225812084667e+00 0.000000000000000000e+00
2.871000000000000085e+01 3.574442811306725587e-01 1.494058183538803819e+00 0.000000000000000000e+00
2.871999999999999886e+01 3.572116612574436356e-01 1.494221087677150006e+00 0.000000000000000000e+00
2.873000000000000043e+01 3.569337808321461081e-01 1.494379856126143213e+00 0.000000000000000000e+00
2.874000000000000199e+01 3.566106947254832904e-01 1.494534408867935094e+00 0.000000000000000000e+00
2.875000000000000000e+01 3.562424635672850060e-01 1.494684668006551309e+00 0.000000000000000000e+00
2.876000000000000156e+01 3.558291537162290297e-01 1.494830557808140892e+00 0.000000000000000000e+00
2.876999999999999957e+01 3.553708372288301165e-01 1.494972004737384008e+00 0.000000000000000000e+00
2.878000000000000114e+01 3.548675918276633645e-01 1.495108937495102097e+00 0.000000000000000000e+00
2.878999999999999915e+01 3.543195008688231340e-01 1.495241287053675094e+00 0.000000000000000000e+00
2.880000000000000071e+01 3.537266533084470477e-01 1.495368986690829738e+00 0.000000000000000000e+00
2.881000000000000227e+01 3.530891436690105079e-01 1.495491972023988980e+00 0.000000000000000000e+00
2.882000000000000028e+01 3.524070720036575621e-01 1.495610181041681530e+00 0.000000000000000000e+00
2.883000000000000185e+01 3.516805438614873935e-01 1.495723554134464228e+00 0.000000000000000000e+00
2.883999999999999986e+01 3.509096702504455045e-01 1.495832034125070376e+00 0.000000000000000000e+00
2.885000000000000142e+01 3.500945676010451257e-01 1.495935566296806574e+00 0.000000000000000000e+00
2.885999999999999943e+01 3.492353577285852717e-01 1.496034098420779612e+00 0.000000000000000000e+00
2.887000000000000099e+01 3.483321677951138340e-01 1.496127580781967392e+00 0.000000000000000000e+00
2.887999999999999901e+01 3.473851302714248135e-01 1.496215966204355707e+00 0.000000000000000000e+00
2.889000000000000057e+01 3.463943828976804862e-01 1.496299210074058861e+00 0.000000000000000000e+00
2.890000000000000213e+01 3.453600686450569723e-01 1.496377270362267753e+00 0.000000000000000000e+00
2.891000000000000014e+01 3.442823356756926634e-01 1.496450107645621141e+00 0.000000000000000000e+00
2.892000000000000171e+01 3.431613373040641179e-01 1.496517685126470765e+00 0.000000000000000000e+00
2.892999999999999972e+01 3.419972319568357899e-01 1.496579968651247317e+00 0.000000000000000000e+00
2.894000000000000128e+01 3.407901831334960718e-01 1.496636926727590744e+00 0.000000000000000000e+00
2.894999999999999929e+01 3.395403593670061060e-01 1.496688530539949546e+00 0.000000000000000000e+00
2.896000000000000085e+01 3.382479341835309405e-01 1.496734753964679809e+00 0.000000000000000000e+00
2.896999999999999886e+01 3.369130860636843638e-01 1.496775573582956653e+00 0.000000000000000000e+00
2.898000000000000043e+01 3.355359984026611841e-01 1.496810968692305233e+00 0.000000000000000000e+00
2.899000000000000199e+01 3.341168594703697869e-01 1.496840921318154161e+00 0.000000000000000000e+00
2.900000000000000000e+01 3.326558623726690311e-01 1.496865416221545786e+00 0.000000000000000000e+00
2.901000000000000156e+01 3.311532050114780468e-01 1.496884440908817560e+00 0.000000000000000000e+00
2.901999999999999957e+01 3.296090900454223815e-01 1.496897985636092221e+00 0.000000000000000000e+00
2.903000000000000114e+01 3.280237248503730663e-01 1.496906043416414311e+00 0.000000000000000000e+00
2.903999999999999915e+01 3.263973214800044986e-01 1.496908610021784991e+00 0.000000000000000000e+00
2.905000000000000071e+01 3.247300966263515498e-01 1.496905683986849533e+00 0.000000000000000000e+00
2.906000000000000227e+01 3.230222715799489497e-01 1.496897266609371391e+00 0.000000000000000000e+00
2.907000000000000028e+01 3.212740721907265673e-01 1.496883361949965074e+00 0.000000000000000000e+00
2.908000000000000185e+01 3.194857288282274554e-01 1.496863976830652199e+00 0.000000000000000000e+00
2.908999999999999986e+01 3.176574763418575920e-01 1.496839120831673364e+00 0.000000000000000000e+00
2.910000000000000142e+01 3.157895540217947605e-01 1.496808806287409643e+00 0.000000000000000000e+00
2.910999999999999943e+01 3.138822055592785931e-01 1.496773048280169771e+00 0.000000000000000000e+00
2.912000000000000099e+01 3.119356790076509012e-01 1.496731864633889186e+00 0.000000000000000000e+00
2.912999999999999901e+01 3.099502267425426338e-01 1.496685275905265344e+00 0.000000000000000000e+00
2.914000000000000057e+01 3.079261054239909035e-01 1.496633305373801237e+00 0.000000000000000000e+00
2.915000000000000213e+01 3.058635759567766010e-01 1.496575979031863124e+00 0.000000000000000000e+00
2.916000000000000014e+01 3.037629034525334837e-01 1.496513325570918873e+00 0.000000000000000000e+00
2.917000000000000171e+01 3.016243571913787003e-01 1.496445376369036406e+00 0.000000000000000000e+00
2.917999999999999972e+01 2.994482105842203312e-01 1.496372165475292393e+00 0.000000000000000000e+00
2.919000000000000128e+01 2.972347411349918755e-01 1.496293729593686894e+00 0.000000000000000000e+00
2.919999999999999929e+01 2.949842304036813245e-01 1.496210108065338273e+00 0.000000000000000000e+00
2.921000000000000085e+01 2.926969639692347802e-01 1.496121342850156299e+00 0.000000000000000000e+00
2.921999999999999886e+01 2.903732313925426189e-01 1.496027478505725705e+00 0.000000000000000000e+00
2.923000000000000043e+01 2.880133261809704748e-01 1.495928562166747522e+00 0.000000000000000000e+00
2.924000000000000199e+01 2.856175457510848892e-01 1.495824643521646680e+00 0.000000000000000000e+00
2.925000000000000000e+01 2.831861913936092878e-01 1.495715774788515251e+00 0.000000000000000000e+00
2.926000000000000156e+01 2.807195682371019796e-01 1.495602010690626482e+00 0.000000000000000000e+00
2.926999999999999957e+01 2.782179852130692299e-01 1.495483408427789040e+00 0.000000000000000000e+00
2.928000000000000114e+01 2.756817550195063693e-01 1.495360027651152945e+00 0.000000000000000000e+00
2.928999999999999915e+01 2.731111940874331179e-01 1.495231930431459855e+00 0.000000000000000000e+00
2.930000000000000071e+01 2.705066225441333239e-01 1.495099181230434393e+00 0.000000000000000000e+00
2.931000000000000227e+01 2.678683641797083292e-01 1.494961846867977062e+00 0.000000000000000000e+00
2.932000000000000028e+01 2.651967464115094764e-01 1.494819996489856084e+00 0.000000000000000000e+00
2.933000000000000185e+01 2.624921002503970424e-01 1.494673701533234533e+00 0.000000000000000000e+00
2.933999999999999986e+01 2.597547602663790589e-01 1.494523035691391222e+00 0.000000000000000000e+00
2.935000000000000142e+01 2.569850645542043344e-01 1.494368074877443275e+00 0.000000000000000000e+00
2.935999999999999943e+01 2.541833547001826621e-01 1.494208897186097840e+00 0.000000000000000000e+00
2.937000000000000099e+01 2.513499757484748409e-01 1.494045582855245691e+00 0.000000000000000000e+00
2.937999999999999901e+01 2.484852761674257449e-01 1.493878214226008749e+00 0.000000000000000000e+00
2.939000000000000057e+01 2.455896078170320129e-01 1.493706875701491077e+00 0.000000000000000000e+00
2.940000000000000213e+01 2.426633259158585687e-01 1.493531653704989637e+00 0.000000000000000000e+00
2.941000000000000014e+01 2.397067890078613817e-01 1.493352636636884112e+00 0.000000000000000000e+00
2.942000000000000171e+01 2.367203589307646794e-01 1.493169914830755340e+00 0.000000000000000000e+00
2.942999999999999972e+01 2.337044007827935588e-01 1.492983580508738362e+00 0.000000000000000000e+00
2.944000000000000128e+01 2.306592828910263848e-01 1.492793727735714837e+00 0.000000000000000000e+00
2.944999999999999929e+01 2.275853767790506077e-01 1.492600452373075592e+00 0.000000000000000000e+00
2.946000000000000085e+01 2.244830571350605319e-01 1.492403852032224476e+00 0.000000000000000000e+00
2.946999999999999886e+01 2.213527017803430808e-01 1.492204026025657271e+00 0.000000000000000000e+00
2.948000000000000043e+01 2.181946916376527046e-01 1.492001075320034342e+00 0.000000000000000000e+00
2.949000000000000199e+01 2.150094107002985533e-01 1.491795102486186853e+00 0.000000000000000000e+00
2.950000000000000000e+01 2.117972460014804215e-01 1.491586211649976734e+00 0.000000000000000000e+00
2.951000000000000156e+01 2.085585875842356496e-01 1.491374508441346558e+00 0.000000000000000000e+00
2.951999999999999957e+01 2.052938284718040518e-01 1.491160099943495299e+00 0.000000000000000000e+00
2.953000000000000114e+01 2.020033646391825866e-01 1.490943094640684752e+00 0.000000000000000000e+00
2.953999999999999915e+01 1.986875949846422795e-01 1.490723602363621669e+00 0.000000000000000000e+00
2.955000000000000071e+01 1.953469213022994422e-01 1.490501734237316134e+00 0.000000000000000000e+00
2.956000000000000227e+01 1.919817482551905985e-01 1.490277602623137465e+00 0.000000000000000000e+00
2.957000000000000028e+01 1.885924833480916440e-01 1.490051321063002643e+00 0.000000000000000000e+00
2.958000000000000185e+01 1.851795369013461701e-01 1.489823004221370928e+00 0.000000000000000000e+00
2.958999999999999986e+01 1.817433220231789437e-01 1.489592767825441255e+00 0.000000000000000000e+00
2.960000000000000142e+01 1.782842545829758374e-01 1.489360728605015893e+00 0.000000000000000000e+00
2.960999999999999943e+01 1.748027531821954306e-01 1.489127004232343010e+00 0.000000000000000000e+00
2.962000000000000099e+01 1.712992391261601299e-01 1.488891713259170579e+00 0.000000000000000000e+00
2.962999999999999901e+01 1.677741363929124985e-01 1.488654975055508700e+00 0.000000000000000000e+00
2.964000000000000057e+01 1.642278716029650087e-01 1.488416909747118488e+00 0.000000000000000000e+00
2.965000000000000213e+01 1.606608739864384405e-01 1.488177638152019533e+00 0.000000000000000000e+00
2.966000000000000014e+01 1.570735753502989218e-01 1.487937281718902938e+00 0.000000000000000000e+00
2.967000000000000171e+01 1.534664100447411250e-01 1.487695962462598498e+00 0.000000000000000000e+00
2.967999999999999972e+01 1.498398149279661640e-01 1.487453802902426236e+00 0.000000000000000000e+00
2.969000000000000128e+01 1.461942293324418607e-01 1.487210925998340372e+00 0.000000000000000000e+00
2.969999999999999929e+01 1.425300950285455781e-01 1.486967455087423895e+00 0.000000000000000000e+00
2.971000000000000085e+01 1.388478561893539687e-01 1.486723513821585740e+00 0.000000000000000000e+00
2.971999999999999886e+01 1.351479593551740410e-01 1.486479226103445628e+00 0.000000000000000000e+00
2.973000000000000043e+01 1.314308533971620674e-01 1.486234716023573599e+00 0.000000000000000000e+00
2.974000000000000199e+01 1.276969894812223782e-01 1.485990107796268056e+00 0.000000000000000000e+00
2.975000000000000000e+01 1.239468210321313518e-01 1.485745525697662606e+00 0.000000000000000000e+00
2.976000000000000156e+01 1.201808036962524751e-01 1.485501094000717170e+00 0.000000000000000000e+00
2.976999999999999957e+01 1.163993953057778918e-01 1.485256936913088577e+00 0.000000000000000000e+00
2.978000000000000114e+01 1.126030558410987537e-01 1.485013178513267418e+00 0.000000000000000000e+00
2.978999999999999915e+01 1.087922473935935275e-01 1.484769942687498512e+00 0.000000000000000000e+00
2.980000000000000071e+01 1.049674341283197421e-01 1.484527353066626087e+00 0.000000000000000000e+00
2.981000000000000227e+01 1.011290822458369432e-01 1.484285532963449006e+00 0.000000000000000000e+00
2.982000000000000028e+01 9.727765994353711199e-02 1.484044605309115195e+00 0.000000000000000000e+00
2.983000000000000185e+01 9.341363737708405224e-02 1.483804692591036867e+00 0.000000000000000000e+00
2.983999999999999986e+01 8.953748662066596253e-02 1.483565916790718031e+00 0.000000000000000000e+00
2.985000000000000142e+01 8.564968162698058385e-02 1.483328399320457791e+00 0.000000000000000000e+00
2.985999999999999943e+01 8.175069818663703580e-02 1.483092260962544096e+00 0.000000000000000000e+00
2.987000000000000099e+01 7.784101388697863000e-02 1.482857621806805692e+00 0.000000000000000000e+00
2.987999999999999901e+01 7.392110806966409320e-02 1.482624601189974411e+00 0.000000000000000000e+00
2.989000000000000057e+01 6.999146178831601450e-02 1.482393317633637908e+00 0.000000000000000000e+00
2.990000000000000213e+01 6.605255776521858080e-02 1.482163888785097638e+00 0.000000000000000000e+00
2.991000000000000014e+01 6.210488034662697138e-02 1.481936431355776129e+00 0.000000000000000000e+00
2.992000000000000171e+01 5.814891545837023307e-02 1.481711061062670032e+00 0.000000000000000000e+00
2.992999999999999972e+01 5.418515055957777438e-02 1.481487892568367437e+00 0.000000000000000000e+00
2.994000000000000128e+01 5.021407459672437568e-02 1.481267039422629495e+00 0.000000000000000000e+00
2.994999999999999929e+01 4.623617795568099598e-02 1.481048614004344621e+00 0.000000000000000000e+00
2.996000000000000085e+01 4.225195241404380853e-02 1.480832727463611942e+00 0.000000000000000000e+00
2.996999999999999886e+01 3.826189109165382268e-02 1.480619489665142341e+00 0.000000000000000000e+00
2.998000000000000043e+01 3.426648840144592284e-02 1.480409009131838705e+00 0.000000000000000000e+00
2.999000000000000199e+01 3.026623999785195071e-02 1.480201392988752751e+00 0.000000000000000000e+00
3.000000000000000000e+01 2.626164272621880208e-02 1.479996746908684546e+00 0.000000000000000000e+00
3.001000000000000156e+01 2.225319456982532973e-02 1.479795175057672552e+00 0.000000000000000000e+00
3.001999999999999957e+01 1.824139459685756443e-02 1.479596780041510407e+00 0.000000000000000000e+00
3.003000000000000114e+01 1.422674290633960115e-02 1.479401662853062627e+00 0.000000000000000000e+00
3.003999999999999915e+01 1.020974057331034551e-02 1.479209922820496903e+00 0.000000000000000000e+00
3.005000000000000071e+01 6.190889592923744592e-03 1.479021657556183200e+00 0.000000000000000000e+00
3.006000000000000227e+01 2.170692823608440236e-03 1.478836962906474817e+00 0.000000000000000000e+00
3.007000000000000028e+01 -1.850346069636086286e-03 1.478655932902270154e+00 0.000000000000000000e+00
3.008000000000000185e+01 -5.871722674776810175e-03 1.478478659711548238e+00 0.000000000000000000e+00
3.008999999999999986e+01 -9.892931890323929806e-03 1.478305233590394341e+00 0.000000000000000000e+00
3.010000000000000142e+01 -1.391346798680107889e-02 1.478135742838355471e+00 0.000000000000000000e+00
3.010999999999999943e+01 -1.793282466623561874e-02 1.477970273751590069e+00 0.000000000000000000e+00
3.012000000000000099e+01 -2.195049512435798614e-02 1.477808910579203605e+00 0.000000000000000000e+00
3.012999999999999901e+01 -2.596597211261196525e-02 1.477651735479822204e+00 0.000000000000000000e+00
3.014000000000000057e+01 -2.997874800104365772e-02 1.477498828479385073e+00 0.000000000000000000e+00
3.015000000000000213e+01 -3.398831484215078524e-02 1.477350267429362818e+00 0.000000000000000000e+00
3.016000000000000014e+01 -3.799416443518874309e-02 1.477206127967788163e+00 0.000000000000000000e+00
3.017000000000000171e+01 -4.199578839131117708e-02 1.477066483479483772e+00 0.000000000000000000e+00
3.017999999999999972e+01 -4.599267819922353562e-02 1.476931405058754976e+00 0.000000000000000000e+00
3.019000000000000128e+01 -4.998432529156913301e-02 1.476800961472414242e+00 0.000000000000000000e+00
3.019999999999999929e+01 -5.397022111239469649e-02 1.476675219125306304e+00 0.000000000000000000e+00
3.021000000000000085e+01 -5.794985718398923402e-02 1.476554242025329700e+00 0.000000000000000000e+00
3.021999999999999886e+01 -6.192272517648088337e-02 1.476438091750798653e+00 0.000000000000000000e+00
3.023000000000000043e+01 -6.588831697551640609e-02 1.476326827419249144e+00 0.000000000000000000e+00
3.024000000000000199e+01 -6.984612475329819714e-02 1.476220505656622217e+00 0.000000000000000000e+00
3.025000000000000000e+01 -7.379564103766067529e-02 1.476119180568427947e+00 0.000000000000000000e+00
3.026000000000000156e+01 -7.773635878404912269e-02 1.476022903712276291e+00 0.000000000000000000e+00
3.026999999999999957e+01 -8.166777144679761291e-02 1.475931724070878914e+00 0.000000000000000000e+00
3.028000000000000114e+01 -8.558937305166852694e-02 1.475845688027684455e+00 0.000000000000000000e+00
3.028999999999999915e+01 -8.950065826847042327e-02 1.475764839342648571e+00 0.000000000000000000e+00
3.030000000000000071e+01 -9.340112248578381904e-02 1.475689219130360330e+00 0.000000000000000000e+00
3.031000000000000227e+01 -9.729026188415536291e-02 1.475618865838674409e+00 0.000000000000000000e+00
3.032000000000000028e+01 -1.011675735122957720e-01 1.475553815229349697e+00 0.000000000000000000e+00
3.033000000000000185e+01 -1.050325553619327473e-01 1.475494100360027039e+00 0.000000000000000000e+00
3.033999999999999986e+01 -1.088847064446556850e-01 1.475439751567188873e+00 0.000000000000000000e+00
3.035000000000000142e+01 -1.127235268687899472e-01 1.475390796451140352e+00 0.000000000000000000e+00
3.035999999999999943e+01 -1.165485179166097091e-01 1.475347259861596205e+00 0.000000000000000000e+00
3.037000000000000099e+01 -1.203591821224445219e-01 1.475309163886393993e+00 0.000000000000000000e+00
3.037999999999999901e+01 -1.241550233512429130e-01 1.475276527838566887e+00 0.000000000000000000e+00
3.039000000000000057e+01 -1.279355471469050542e-01 1.475249361900262901e+00 0.000000000000000000e+00
3.040000000000000213e+01 -1.317002593715547176e-01 1.475227703499781606e+00 0.000000000000000000e+00
3.041000000000000014e+01 -1.354486695069636315e-01 1.475211529913959652e+00 0.000000000000000000e+00
3.042000000000000171e+01 -1.391802868330508924e-01 1.475200872026654952e+00 0.000000000000000000e+00
3.042999999999999972e+01 -1.428946232526566162e-01 1.475195727739321949e+00 0.000000000000000000e+00
3.044000000000000128e+01 -1.465911922685738666e-01 1.475196100478935568e+00 0.000000000000000000e+00
3.044999999999999929e+01 -1.502695092750228056e-01 1.475201990088907067e+00 0.000000000000000000e+00
3.046000000000000085e+01 -1.539290916455476332e-01 1.475213393437504683e+00 0.000000000000000000e+00
3.046999999999999886e+01 -1.575694588003366814e-01 1.475230304623132982e+00 0.000000000000000000e+00
3.048000000000000043e+01 -1.611901322897018041e-01 1.475252714937953291e+00 0.000000000000000000e+00
3.049000000000000199e+01 -1.647906358741915434e-01 1.475280612874470432e+00 0.000000000000000000e+00
3.050000000000000000e+01 -1.683704956052071988e-01 1.475313984133034717e+00 0.000000000000000000e+00
3.051000000000000156e+01 -1.719292399053622411e-01 1.475352811629709882e+00 0.000000000000000000e+00
3.051999999999999957e+01 -1.754663996495076095e-01 1.475397075505707534e+00 0.000000000000000000e+00
3.053000000000000114e+01 -1.789815082441148231e-01 1.475446753137593880e+00 0.000000000000000000e+00
3.053999999999999915e+01 -1.824741017088187534e-01 1.475501819150205618e+00 0.000000000000000000e+00
3.055000000000000071e+01 -1.859437187557869131e-01 1.475562245429696606e+00 0.000000000000000000e+00
3.056000000000000227e+01 -1.893899008699553854e-01 1.475628001138671097e+00 0.000000000000000000e+00
3.057000000000000028e+01 -1.928121923890128708e-01 1.475699052732517336e+00 0.000000000000000000e+00
3.058000000000000185e+01 -1.962101405828815814e-01 1.475775363977446464e+00 0.000000000000000000e+00
3.058999999999999986e+01 -1.995832957334634783e-01 1.475856895968989946e+00 0.000000000000000000e+00
3.060000000000000142e+01 -2.029312112127895362e-01 1.475943607153200166e+00 0.000000000000000000e+00
3.060999999999999943e+01 -2.062534435630462570e-01 1.476035453347958715e+00 0.000000000000000000e+00
3.062000000000000099e+01 -2.095495525735175668e-01 1.476132387766048826e+00 0.000000000000000000e+00
3.062999999999999901e+01 -2.128191013593488390e-01 1.476234361040458021e+00 0.000000000000000000e+00
3.064000000000000057e+01 -2.160616564385070271e-01 1.476341321248759053e+00 0.000000000000000000e+00
3.065000000000000213e+01 -2.192767878086601951e-01 1.476453213941653519e+00 0.000000000000000000e+00
3.066000000000000014e+01 -2.224640690232790319e-01 1.476569982170118811e+00 0.000000000000000000e+00
3.067000000000000171e+01 -2.256230772675963392e-01 1.476691566515836662e+00 0.000000000000000000e+00
3.067999999999999972e+01 -2.287533934329193941e-01 1.476817905121361019e+00 0.000000000000000000e+00
3.069000000000000128e+01 -2.318546021918258260e-01 1.476948933722738833e+00 0.000000000000000000e+00
3.069999999999999929e+01 -2.349262920707532176e-01 1.477084585682612694e+00 0.000000000000000000e+00
3.071000000000000085e+01 -2.379680555237765893e-01 1.477224792024387945e+00 0.000000000000000000e+00
3.071999999999999886e+01 -2.409794890038654269e-01 1.477369481468220336e+00 0.000000000000000000e+00
3.073000000000000043e+01 -2.439601930351531778e-01 1.477518580468060838e+00 0.000000000000000000e+00
3.074000000000000199e+01 -2.469097722825331909e-01 1.477672013248955585e+00 0.000000000000000000e+00
3.075000000000000000e+01 -2.498278356225135666e-01 1.477829701846122834e+00 0.000000000000000000e+00
3.076000000000000156e+01 -2.527139962110946381e-01 1.477991566146481972e+00 0.000000000000000000e+00
3.076999999999999957e+01 -2.555678715527749945e-01 1.478157523927549066e+00 0.000000000000000000e+00
3.078000000000000114e+01 -2.583890835673270936e-01 1.478327490902249464e+00 0.000000000000000000e+00
3.078999999999999915e+01 -2.611772586564633514e-01 1.478501380759962514e+00 0.000000000000000000e+00
3.080000000000000071e+01 -2.639320277690708205e-01 1.478679105212648670e+00 0.000000000000000000e+00
3.081000000000000227e+01 -2.666530264659929261e-01 1.478860574039650766e+00 0.000000000000000000e+00
3.082000000000000028e+01 -2.693398949836091627e-01 1.479045695132999105e+00 0.000000000000000000e+00
3.083000000000000185e+01 -2.719922782961578522e-01 1.479234374546485764e+00 0.000000000000000000e+00
3.083999999999999986e+01 -2.746098261776316884e-01 1.479426516542392100e+00 0.000000000000000000e+00
3.085000000000000142e+01 -2.771921932623571116e-01 1.479622023641144368e+00 0.000000000000000000e+00
3.085999999999999943e+01 -2.797390391040396329e-01 1.479820796671409644e+00 0.000000000000000000e+00
3.087000000000000099e+01 -2.822500282344938549e-01 1.480022734820562569e+00 0.000000000000000000e+00
3.087999999999999901e+01 -2.847248302209330895e-01 1.480227735686395985e+00 0.000000000000000000e+00
3.089000000000000057e+01 -2.871631197213781461e-01 1.480435695329819445e+00 0.000000000000000000e+00
3.090000000000000213e+01 -2.895645765406950622e-01 1.480646508327610134e+00 0.000000000000000000e+00
3.091000000000000014e+01 -2.919288856826591783e-01 1.480860067826627269e+00 0.000000000000000000e+00
3.092000000000000171e+01 -2.942557374042551466e-01 1.481076265598644914e+00 0.000000000000000000e+00
3.092999999999999972e+01 -2.965448272649625072e-01 1.481294992094802199e+00 0.000000000000000000e+00
3.094000000000000128e+01 -2.987958561782257383e-01 1.481516136502835090e+00 0.000000000000000000e+00
3.094999999999999929e+01 -3.010085304588317467e-01 1.481739586802493847e+00 0.000000000000000000e+00
3.096000000000000085e+01 -3.031825618707966186e-01 1.481965229823388297e+00 0.000000000000000000e+00
3.097000000000000242e+01 -3.053176676729298933e-01 1.482192951302415684e+00 0.000000000000000000e+00
3.098000000000000043e+01 -3.074135706634892329e-01 1.482422635942159062e+00 0.000000000000000000e+00
3.099000000000000199e+01 -3.094699992229061891e-01 1.482654167469526163e+00 0.000000000000000000e+00
3.100000000000000000e+01 -3.114866873557194382e-01 1.482887428694583454e+00 0.000000000000000000e+00
3.101000000000000156e+01 -3.134633747307715157e-01 1.483122301571134560e+00 0.000000000000000000e+00
3.101999999999999957e+01 -3.153998067191399746e-01 1.483358667255321617e+00 0.000000000000000000e+00
3.103000000000000114e+01 -3.172957344326628459e-01 1.483596406167159154e+00 0.000000000000000000e+00
3.103999999999999915e+01 -3.191509147584626338e-01 1.483835398050488363e+00 0.000000000000000000e+00
3.105000000000000071e+01 -3.209651103937936067e-01 1.484075522034358441e+00 0.000000000000000000e+00
3.106000000000000227e+01 -3.227380898784783514e-01 1.484316656693746239e+00 0.000000000000000000e+00
3.107000000000000028e+01 -3.244696276266276769e-01 1.484558680111247586e+00 0.000000000000000000e+00
3.108000000000000185e+01 -3.261595039557586562e-01 1.484801469939469154e+00 0.000000000000000000e+00
3.108999999999999986e+01 -3.278075051156353337e-01 1.485044903460809973e+00 0.000000000000000000e+00
3.110000000000000142e+01 -3.294134233146960300e-01 1.485288857651750671e+00 0.000000000000000000e+00
3.110999999999999943e+01 -3.309770567460459945e-01 1.485533209243438346e+00 0.000000000000000000e+00
3.112000000000000099e+01 -3.324982096106013918e-01 1.485777834783871487e+00 0.000000000000000000e+00
3.112999999999999901e+01 -3.339766921403259925e-01 1.486022610700818314e+00 0.000000000000000000e+00
3.114000000000000057e+01 -3.354123206190865458e-01 1.486267413363190792e+00 0.000000000000000000e+00
3.115000000000000213e+01 -3.368049174021022218e-01 1.486512119143408750e+00 0.000000000000000000e+00
3.116000000000000014e+01 -3.381543109348348897e-01 1.486756604480098387e+00 0.000000000000000000e+00
3.117000000000000171e+01 -3.394603357692622669e-01 1.487000745938845236e+00 0.000000000000000000e+00
3.117999999999999972e+01 -3.407228325796332613e-01 1.487244420275425583e+00 0.000000000000000000e+00
3.119000000000000128e+01 -3.419416481765233384e-01 1.487487504496844526e+00 0.000000000000000000e+00
3.119999999999999929e+01 -3.431166355195515161e-01 1.487729875922949807e+00 0.000000000000000000e+00
3.121000000000000085e+01 -3.442476537279256510e-01 1.487971412248326519e+00 0.000000000000000000e+00
3.122000000000000242e+01 -3.453345680912489613e-01 1.488211991602901740e+00 0.000000000000000000e+00
3.123000000000000043e+01 -3.463772500766000850e-01 1.488451492613352301e+00 0.000000000000000000e+00
3.124000000000000199e+01 -3.473755773364102795e-01 1.488689794463600391e+00 0.000000000000000000e+00
3.125000000000000000e+01 -3.483294337129547724e-01 1.488926776954925035e+00 0.000000000000000000e+00
3.126000000000000156e+01 -3.492387092425166539e-01 1.489162320566551179e+00 0.000000000000000000e+00
3.126999999999999957e+01 -3.501033001581337345e-01 1.489396306514729540e+00 0.000000000000000000e+00
3.128000000000000114e+01 -3.509231088895727879e-01 1.489628616812511464e+00 0.000000000000000000e+00
3.128999999999999915e+01 -3.516980440639047578e-01 1.489859134328260781e+00 0.000000000000000000e+00
3.130000000000000071e+01 -3.524280205023070933e-01 1.490087742844090624e+00 0.000000000000000000e+00
3.131000000000000227e+01 -3.531129592174491183e-01 1.490314327114085513e+00 0.000000000000000000e+00
3.132000000000000028e+01 -3.537527874080364509e-01 1.490538772921698119e+00 0.000000000000000000e+00
3.133000000000000185e+01 -3.543474384524681331e-01 1.490760967135951409e+00 0.000000000000000000e+00
3.133999999999999986e+01 -3.548968519013180889e-01 1.490980797769464683e+00 0.000000000000000000e+00
3.135000000000000142e+01 -3.554009734676502608e-01 1.491198154032239431e+00 0.000000000000000000e+00
3.135999999999999943e+01 -3.558597550168581258e-01 1.491412926388496984e+00 0.000000000000000000e+00
3.137000000000000099e+01 -3.562731545545170797e-01 1.491625006610327597e+00 0.000000000000000000e+00
3.137999999999999901e+01 -3.566411362132567153e-01 1.491834287832011663e+00 0.000000000000000000e+00
3.139000000000000057e+01 -3.569636702377905202e-01 1.492040664603105693e+00 0.000000000000000000e+00
3.140000000000000213e+01 -3.572407329700266199e-01 1.492244032941141718e+00 0.000000000000000000e+00
3.141000000000000014e+01 -3.574723068309700880e-01 1.492444290383028616e+00 0.000000000000000000e+00
3.142000000000000171e+01 -3.576583803034243392e-01 1.492641336036704347e+00 0.000000000000000000e+00
3.142999999999999972e+01 -3.577989479121558847e-01 1.492835070630839089e+00 0.000000000000000000e+00
3.144000000000000128e+01 -3.578940102037707072e-01 1.493025396564465535e+00 0.000000000000000000e+00
3.144999999999999929e+01 -3.579435737251726590e-01 1.493212217956258137e+00 0.000000000000000000e+00
3.146000000000000085e+01 -3.579476510012890578e-01 1.493395440690591602e+00 0.000000000000000000e+00
3.147000000000000242e+01 -3.579062605114932127e-01 1.493574972466696682e+00 0.000000000000000000e+00
3.148000000000000043e+01 -3.578194266655297384e-01 1.493750722843006917e+00 0.000000000000000000e+00
3.149000000000000199e+01 -3.576871797781991935e-01 1.493922603282696215e+00 0.000000000000000000e+00
3.150000000000000000e+01 -3.575095560435859188e-01 1.494090527197991625e+00 0.000000000000000000e+00
3.151000000000000156e+01 -3.572865975080172229e-01 1.494254409993502453e+00 0.000000000000000000e+00
3.151999999999999957e+01 -3.570183517406763651e-01 1.494414182422760140e+00 0.000000000000000000e+00
3.153000000000000114e+01 -3.567048731719233423e-01 1.494569714170278729e+00 0.000000000000000000e+00
3.153999999999999915e+01 -3.563462206416028177e-01 1.494720997839184662e+00 0.000000000000000000e+00
3.155000000000000071e+01 -3.559424593508528356e-01 1.494867909282027840e+00 0.000000000000000000e+00
3.156000000000000227e+01 -3.554936604034153458e-01 1.495010389981425325e+00 0.000000000000000000e+00
3.157000000000000028e+01 -3.549999001690801181e-01 1.495148366376478188e+00 0.000000000000000000e+00
3.158000000000000185e+01 -3.544612609188655949e-01 1.495281768599526773e+00 0.000000000000000000e+00
3.158999999999999986e+01 -3.538778304394035179e-01 1.495410529507509967e+00 0.000000000000000000e+00
3.160000000000000142e+01 -3.532497021107847135e-01 1.495534584200487016e+00 0.000000000000000000e+00
3.160999999999999943e+01 -3.525769748544401727e-01 1.495653870148150322e+00 0.000000000000000000e+00
3.162000000000000099e+01 -3.518597530957910391e-01 1.495768327220990068e+00 0.000000000000000000e+00
3.162999999999999901e+01 -3.510981467304288839e-01 1.495877897716527682e+00 0.000000000000000000e+00
3.164000000000000057e+01 -3.502922710864259104e-01 1.495982526387645617e+00 0.000000000000000000e+00
3.165000000000000213e+01 -3.494422468875303944e-01 1.496082160471885913e+00 0.000000000000000000e+00
3.166000000000000014e+01 -3.485482002157327397e-01 1.496176749715967924e+00 0.000000000000000000e+00
3.167000000000000171e+01 -3.476102624721837953e-01 1.496266246402338407e+00 0.000000000000000000e+00
3.167999999999999972e+01 -3.466285703393527373e-01 1.496350605372100295e+00 0.000000000000000000e+00
3.169000000000000128e+01 -3.456032657418887100e-01 1.496429784048091349e+00 0.000000000000000000e+00
3.169999999999999929e+01 -3.445344958071226982e-01 1.496503742455729480e+00 0.000000000000000000e+00
3.171000000000000085e+01 -3.434224128262495790e-01 1.496572443243550543e+00 0.000000000000000000e+00
3.172000000000000242e+01 -3.422671742143083562e-01 1.496635851701457964e+00 0.000000000000000000e+00
3.173000000000000043e+01 -3.410689424708946427e-01 1.496693935778165896e+00 0.000000000000000000e+00
3.174000000000000199e+01 -3.398278851404926693e-01 1.496746666097950484e+00 0.000000000000000000e+00
3.175000000000000000e+01 -3.385441747727014339e-01 1.496794015974088454e+00 0.000000000000000000e+00
3.176000000000000156e+01 -3.372179888828149008e-01 1.496835961423900185e+00 0.000000000000000000e+00
3.176999999999999957e+01 -3.358495099121232008e-01 1.496872481179616798e+00 0.000000000000000000e+00
3.178000000000000114e+01 -3.344389251885375725e-01 1.496903556700019289e+00 0.000000000000000000e+00
3.178999999999999915e+01 -3.329864268866339350e-01 1.496929172178926182e+00 0.000000000000000000e+00
3.180000000000000071e+01 -3.314922119887849239e-01 1.496949314554634203e+00 0.000000000000000000e+00
3.181000000000000227e+01 -3.299564822450275492e-01 1.496963973515164525e+00 0.000000000000000000e+00
3.182000000000000028e+01 -3.283794441342076653e-01 1.496973141504862603e+00 0.000000000000000000e+00
3.183000000000000185e+01 -3.267613088236167029e-01 1.496976813727665556e+00 0.000000000000000000e+00
3.183999999999999986e+01 -3.251022921304557167e-01 1.496974988150146180e+00 0.000000000000000000e+00
3.185000000000000142e+01 -3.234026144812238712e-01 1.496967665502876077e+00 0.000000000000000000e+00
3.185999999999999943e+01 -3.216625008729950275e-01 1.496954849279850119e+00 0.000000000000000000e+00
3.187000000000000099e+01 -3.198821808331338001e-01 1.496936545737969970e+00 0.000000000000000000e+00
3.187999999999999901e+01 -3.180618883799782859e-01 1.496912763893391229e+00 0.000000000000000000e+00
3.189000000000000057e+01 -3.162018619830445076e-01 1.496883515518009578e+00 0.000000000000000000e+00
3.190000000000000213e+01 -3.143023445237720370e-01 1.496848815134013799e+00 0.000000000000000000e+00
3.191000000000000014e+01 -3.123635832557299374e-01 1.496808680006377568e+00 0.000000000000000000e+00
3.192000000000000171e+01 -3.103858297651215237e-01 1.496763130136174791e+00 0.000000000000000000e+00
3.192999999999999972e+01 -3.083693399322806616e-01 1.496712188249189168e+00 0.000000000000000000e+00
3.194000000000000128e+01 -3.063143738916755954e-01 1.496655879787063936e+00 0.000000000000000000e+00
3.194999999999999929e+01 -3.042211959940278598e-01 1.496594232893725396e+00 0.000000000000000000e+00
3.196000000000000085e+01 -3.020900747669541531e-01 1.496527278402982608e+00 0.000000000000000000e+00
3.197000000000000242e+01 -2.999212828775101869e-01 1.496455049822949412e+00 0.000000000000000000e+00
3.198000000000000043e+01 -2.977150970933412633e-01 1.496377583320658511e+00 0.000000000000000000e+00
3.199000000000000199e+01 -2.954717982457649716e-01 1.496294917704574567e+00 0.000000000000000000e+00
3.200000000000000000e+01 -2.931916711918017837e-01 1.496207094405718196e+00 0.000000000000000000e+00
3.200999999999999801e+01 -2.908750047774867342e-01 1.496114157458219296e+00 0.000000000000000000e+00
3.202000000000000313e+01 -2.885220918009184232e-01 1.496016153477476074e+00 0.000000000000000000e+00
3.203000000000000114e+01 -2.861332289758269920e-01 1.495913131638611171e+00 0.000000000000000000e+00
3.203999999999999915e+01 -2.837087168952048266e-01 1.495805143651986358e+00 0.000000000000000000e+00
3.204999999999999716e+01 -2.812488599960306646e-01 1.495692243738770966e+00 0.000000000000000000e+00
3.206000000000000227e+01 -2.787539665228478403e-01 1.495574488604707097e+00 0.000000000000000000e+00
3.207000000000000028e+01 -2.762243484929676751e-01 1.495451937412417998e+00 0.000000000000000000e+00
3.207999999999999829e+01 -2.736603216614481582e-01 1.495324651753431322e+00 0.000000000000000000e+00
3.209000000000000341e+01 -2.710622054861238084e-01 1.495192695617807876e+00 0.000000000000000000e+00
3.210000000000000142e+01 -2.684303230931132100e-01 1.495056135363852956e+00 0.000000000000000000e+00
3.210999999999999943e+01 -2.657650012429245701e-01 1.494915039685526859e+00 0.000000000000000000e+00
3.211999999999999744e+01 -2.630665702961956787e-01 1.494769479579617144e+00 0.000000000000000000e+00
3.213000000000000256e+01 -2.603353641804352359e-01 1.494619528311350809e+00 0.000000000000000000e+00
3.214000000000000057e+01 -2.575717203561213586e-01 1.494465261378971954e+00 0.000000000000000000e+00
3.214999999999999858e+01 -2.547759797844323382e-01 1.494306756477390863e+00 0.000000000000000000e+00
3.216000000000000369e+01 -2.519484868933504207e-01 1.494144093460858080e+00 0.000000000000000000e+00
3.217000000000000171e+01 -2.490895895462759135e-01 1.493977354304026450e+00 0.000000000000000000e+00
3.217999999999999972e+01 -2.461996390083526220e-01 1.493806623062981176e+00 0.000000000000000000e+00
3.218999999999999773e+01 -2.432789899153545987e-01 1.493631985834274811e+00 0.000000000000000000e+00
3.220000000000000284e+01 -2.403280002409070026e-01 1.493453530713917399e+00 0.000000000000000000e+00
3.221000000000000085e+01 -2.373470312648009173e-01 1.493271347754075329e+00 0.000000000000000000e+00
3.221999999999999886e+01 -2.343364475408933889e-01 1.493085528920528038e+00 0.000000000000000000e+00
3.223000000000000398e+01 -2.312966168658736332e-01 1.492896168047239458e+00 0.000000000000000000e+00
3.224000000000000199e+01 -2.282279102467363596e-01 1.492703360791528100e+00 0.000000000000000000e+00
3.225000000000000000e+01 -2.251307018692015327e-01 1.492507204586160041e+00 0.000000000000000000e+00
3.225999999999999801e+01 -2.220053690667975754e-01 1.492307798593157209e+00 0.000000000000000000e+00
3.227000000000000313e+01 -2.188522922877831345e-01 1.492105243652618096e+00 0.000000000000000000e+00
3.228000000000000114e+01 -2.156718550648742405e-01 1.491899642234146839e+00 0.000000000000000000e+00
3.228999999999999915e+01 -2.124644439829819209e-01 1.491691098383480574e+00 0.000000000000000000e+00
3.229999999999999716e+01 -2.092304486481022796e-01 1.491479717670041394e+00 0.000000000000000000e+00
3.231000000000000227e+01 -2.059702616567827549e-01 1.491265607131892823e+00 0.000000000000000000e+00
3.232000000000000028e+01 -2.026842785650461443e-01 1.491048875219371794e+00 0.000000000000000000e+00
3.232999999999999829e+01 -1.993728978579807354e-01 1.490829631737473626e+00 0.000000000000000000e+00
3.234000000000000341e+01 -1.960365209212362181e-01 1.490607987786185973e+00 0.000000000000000000e+00
3.235000000000000142e+01 -1.926755520103415886e-01 1.490384055701102994e+00 0.000000000000000000e+00
3.235999999999999943e+01 -1.892903982232558568e-01 1.490157948990770587e+00 0.000000000000000000e+00
3.236999999999999744e+01 -1.858814694718272376e-01 1.489929782275774439e+00 0.000000000000000000e+00
3.238000000000000256e+01 -1.824491784537757288e-01 1.489699671225304112e+00 0.000000000000000000e+00
3.239000000000000057e+01 -1.789939406256201293e-01 1.489467732494664354e+00 0.000000000000000000e+00
3.239999999999999858e+01 -1.755161741744493131e-01 1.489234083662941188e+00 0.000000000000000000e+00
3.241000000000000369e+01 -1.720162999906726942e-01 1.488998843170482811e+00 0.000000000000000000e+00
3.242000000000000171e+01 -1.684947416394046993e-01 1.488762130257227589e+00 0.000000000000000000e+00
3.242999999999999972e+01 -1.649519253312422273e-01 1.488524064902605470e+00 0.000000000000000000e+00
3.243999999999999773e+01 -1.613882798931276785e-01 1.488284767763356609e+00 0.000000000000000000e+00
3.245000000000000284e+01 -1.578042367365709853e-01 1.488044360116027143e+00 0.000000000000000000e+00
3.246000000000000085e+01 -1.542002298268823901e-01 1.487802963795586519e+00 0.000000000000000000e+00
3.246999999999999886e+01 -1.505766956493766739e-01 1.487560701137849106e+00 0.000000000000000000e+00
3.248000000000000398e+01 -1.469340731761186736e-01 1.487317694919402022e+00 0.000000000000000000e+00
3.249000000000000199e+01 -1.432728038312673924e-01 1.487074068298877672e+00 0.000000000000000000e+00
3.250000000000000000e+01 -1.395933314555253824e-01 1.486829944757785293e+00 0.000000000000000000e+00
3.250999999999999801e+01 -1.358961022702987742e-01 1.486585448040479207e+00 0.000000000000000000e+00
3.252000000000000313e+01 -1.321815648412663080e-01 1.486340702093557731e+00 0.000000000000000000e+00
3.253000000000000114e+01 -1.284501700414980296e-01 1.486095831006044587e+00 0.000000000000000000e+00
3.253999999999999915e+01 -1.247023710145357400e-01 1.485850958947589673e+00 0.000000000000000000e+00
3.254999999999999716e+01 -1.209386231370151582e-01 1.485606210106844571e+00 0.000000000000000000e+00
3.256000000000000227e+01 -1.171593839809243476e-01 1.485361708629538979e+00 0.000000000000000000e+00
3.257000000000000028e+01 -1.133651132762157343e-01 1.485117578556315987e+00 0.000000000000000000e+00
3.257999999999999829e+01 -1.095562728727859370e-01 1.484873943759562609e+00 0.000000000000000000e+00
3.259000000000000341e+01 -1.057333267020407891e-01 1.484630927880890683e+00 0.000000000000000000e+00
3.260000000000000142e+01 -1.018967407388075980e-01 1.484388654267682073e+00 0.000000000000000000e+00
3.260999999999999943e+01 -9.804698296224707843e-02 1.484147245910603763e+00 0.000000000000000000e+00
3.261999999999999744e+01 -9.418452331702158176e-02 1.483906825379790240e+00 0.000000000000000000e+00
3.263000000000000256e+01 -9.030983367306617826e-02 1.483667514762567974e+00 0.000000000000000000e+00
3.264000000000000057e+01 -8.642338778642968955e-02 1.483429435599793678e+00 0.000000000000000000e+00
3.264999999999999858e+01 -8.252566125750826487e-02 1.483192708823715789e+00 0.000000000000000000e+00
3.266000000000000369e+01 -7.861713149097300513e-02 1.482957454695678523e+00 0.000000000000000000e+00
3.267000000000000171e+01 -7.469827765278304332e-02 1.482723792743018576e+00 0.000000000000000000e+00
3.267999999999999972e+01 -7.076958062872297506e-02 1.482491841698628798e+00 0.000000000000000000e+00
3.268999999999999773e+01 -6.683152298036436345e-02 1.482261719438557446e+00 0.000000000000000000e+00
3.270000000000000284e+01 -6.288458890134246415e-02 1.482033542921346925e+00 0.000000000000000000e+00
3.271000000000000085e+01 -5.892926417302653957e-02 1.481807428127686066e+00 0.000000000000000000e+00
3.271999999999999886e+01 -5.496603611852526883e-02 1.481583490000557335e+00 0.000000000000000000e+00
3.273000000000000398e+01 -5.099539355657319029e-02 1.481361842385106931e+00 0.000000000000000000e+00
3.274000000000000199e+01 -4.701782675456735172e-02 1.481142597970743546e+00 0.000000000000000000e+00
3.275000000000000000e+01 -4.303382738064226443e-02 1.480925868232453979e+00 0.000000000000000000e+00
3.275999999999999801e+01 -3.904388845489924209e-02 1.480711763372924317e+00 0.000000000000000000e+00
3.277000000000000313e+01 -3.504850429965057634e-02 1.480500392266384635e+00 0.000000000000000000e+00
3.278000000000000114e+01 -3.104817048977170924e-02 1.480291862401515113e+00 0.000000000000000000e+00
3.278999999999999915e+01 -2.704338380024795888e-02 1.480086279827022011e+00 0.000000000000000000e+00
3.279999999999999716e+01 -2.303464215553950936e-02 1.479883749095398660e+00 0.000000000000000000e+00
3.281000000000000227e+01 -1.902244457529361082e-02 1.479684373211083148e+00 0.000000000000000000e+00
3.282000000000000028e+01 -1.500729112142323851e-02 1.479488253574867684e+00 0.000000000000000000e+00
3.282999999999999829e+01 -1.098968284322096589e-02 1.479295489933855956e+00 0.000000000000000000e+00
3.284000000000000341e+01 -6.970121721549782726e-03 1.479106180328550790e+00 0.000000000000000000e+00
3.285000000000000142e+01 -2.949110612958542443e-03 1.478920421042534183e+00 0.000000000000000000e+00
3.285999999999999943e+01 1.072846807919482313e-03 1.478738306553567083e+00 0.000000000000000000e+00
3.286999999999999744e+01 5.095246106330180227e-03 1.478559929483575619e+00 0.000000000000000000e+00
3.288000000000000256e+01 9.117582146433118179e-03 1.478385380552406092e+00 0.000000000000000000e+00
3.289000000000000057e+01 1.313934915039844178e-02 1.478214748529288247e+00 0.000000000000000000e+00
3.289999999999999858e+01 1.716004076013455393e-02 1.478048120188828696e+00 0.000000000000000000e+00
3.291000000000000369e+01 2.117915009734052875e-02 1.477885580264591603e+00 0.000000000000000000e+00
3.292000000000000171e+01 2.519616982636054339e-02 1.477727211406817398e+00 0.000000000000000000e+00
3.292999999999999972e+01 2.921059221706987299e-02 1.477573094138729948e+00 0.000000000000000000e+00
3.293999999999999773e+01 3.322190920771088407e-02 1.477423306815780490e+00 0.000000000000000000e+00
3.295000000000000284e+01 3.722961247023089809e-02 1.477277925584705942e+00 0.000000000000000000e+00
3.296000000000000085e+01 4.123319347441577881e-02 1.477137024344908456e+00 0.000000000000000000e+00
3.296999999999999886e+01 4.523214355422171956e-02 1.477000674710025274e+00 0.000000000000000000e+00
3.298000000000000398e+01 4.922595397370946313e-02 1.476868945971079983e+00 0.000000000000000000e+00
3.299000000000000199e+01 5.321411599449409058e-02 1.476741905061800031e+00 0.000000000000000000e+00
3.300000000000000000e+01 5.719612094322463342e-02 1.476619616522831580e+00 0.000000000000000000e+00
3.300999999999999801e+01 6.117146028030899518e-02 1.476502142470563994e+00 0.000000000000000000e+00
3.302000000000000313e+01 6.513962566887497585e-02 1.476389542564022994e+00 0.000000000000000000e+00
3.303000000000000114e+01 6.910010904477688343e-02 1.476281873975447079e+00 0.000000000000000000e+00
3.303999999999999915e+01 7.305240268701337913e-02 1.476179191360945886e+00 0.000000000000000000e+00
3.304999999999999716e+01 7.699599928914671598e-02 1.476081546833159175e+00 0.000000000000000000e+00
3.306000000000000227e+01 8.093039203127749825e-02 1.475988989934984952e+00 0.000000000000000000e+00
3.307000000000000028e+01 8.485507465266753369e-02 1.475901567614577692e+00 0.000000000000000000e+00
3.307999999999999829e+01 8.876954152537805398e-02 1.475819324202363170e+00 0.000000000000000000e+00
3.309000000000000341e+01 9.267328772799543479e-02 1.475742301388612621e+00 0.000000000000000000e+00
3.310000000000000142e+01 9.656580912107103065e-02 1.475670538202639159e+00 0.000000000000000000e+00
3.310999999999999943e+01 1.004466024215761311e-01 1.475604070994062322e+00 0.000000000000000000e+00
3.311999999999999744e+01 1.043151652799459428e-01 1.475542933414005997e+00 0.000000000000000000e+00
3.313000000000000256e+01 1.081709963558742937e-01 1.475487156398909372e+00 0.000000000000000000e+00
3.314000000000000057e+01 1.120135953955514463e-01 1.475436768155020006e+00 0.000000000000000000e+00
3.314999999999999858e+01 1.158424633093965289e-01 1.475391794144182978e+00 0.000000000000000000e+00
3.316000000000000369e+01 1.196571022494559988e-01 1.475352257071060658e+00 0.000000000000000000e+00
3.317000000000000171e+01 1.234570156881055203e-01 1.475318176871745823e+00 0.000000000000000000e+00
3.317999999999999972e+01 1.272417084959557299e-01 1.475289570703704589e+00 0.000000000000000000e+00
3.318999999999999773e+01 1.310106870211512897e-01 1.475266452936487838e+00 0.000000000000000000e+00
3.320000000000000284e+01 1.347634591681350080e-01 1.475248835145117621e+00 0.000000000000000000e+00
3.321000000000000085e+01 1.384995344764242131e-01 1.475236726103291929e+00 0.000000000000000000e+00
3.321999999999999886e+01 1.422184242005467558e-01 1.475230131779490472e+00 0.000000000000000000e+00
3.323000000000000398e+01 1.459196413892946687e-01 1.475229055333412420e+00 0.000000000000000000e+00
3.324000000000000199e+01 1.496027009651219042e-01 1.475233497114653014e+00 0.000000000000000000e+00
3.325000000000000000e+01 1.532671198045763850e-01 1.475243454662727993e+00 0.000000000000000000e+00
3.325999999999999801e+01 1.569124168174944045e-01 1.475258922708180265e+00 0.000000000000000000e+00
3.327000000000000313e+01 1.605381130277886703e-01 1.475279893175883261e+00 0.000000000000000000e+00
3.328000000000000114e+01 1.641437316530754142e-01 1.475306355189343499e+00 0.000000000000000000e+00
3.328999999999999915e+01 1.677287981852762511e-01 1.475338295076983552e+00 0.000000000000000000e+00
3.329999999999999716e+01 1.712928404707848018e-01 1.475375696379191748e+00 0.000000000000000000e+00
3.331000000000000227e+01 1.748353887910770454e-01 1.475418539857727085e+00 0.000000000000000000e+00
3.332000000000000028e+01 1.783559759423996027e-01 1.475466803506025659e+00 0.000000000000000000e+00
3.332999999999999829e+01 1.818541373171901898e-01 1.475520462561135782e+00 0.000000000000000000e+00
3.334000000000000341e+01 1.853294109832302472e-01 1.475579489516881004e+00 0.000000000000000000e+00
3.335000000000000142e+01 1.887813377645688739e-01 1.475643854138831257e+00 0.000000000000000000e+00
3.335999999999999943e+01 1.922094613209613667e-01 1.475713523480755018e+00 0.000000000000000000e+00
3.336999999999999744e+01 1.956133282281785069e-01 1.475788461901041959e+00 0.000000000000000000e+00
3.338000000000000256e+01 1.989924880570707877e-01 1.475868631083362859e+00 0.000000000000000000e+00
3.339000000000000057e+01 2.023464934530140036e-01 1.475953990054938547e+00 0.000000000000000000e+00
3.339999999999999858e+01 2.056749002147541527e-01 1.476044495209954732e+00 0.000000000000000000e+00
3.341000000000000369e+01 2.089772673730387609e-01 1.476140100331360339e+00 0.000000000000000000e+00
3.342000000000000171e+01 2.122531572682196943e-01 1.476240756615477157e+00 0.000000000000000000e+00
3.342999999999999972e+01 2.155021356285217182e-01 1.476346412697669086e+00 0.000000000000000000e+00
3.343999999999999773e+01 2.187237716462997195e-01 1.476457014679109614e+00 0.000000000000000000e+00
3.345000000000000284e+01 2.219176380550249572e-01 1.476572506154673725e+00 0.000000000000000000e+00
3.346000000000000085e+01 2.250833112049794860e-01 1.476692828242908817e+00 0.000000000000000000e+00
3.346999999999999886e+01 2.282203711383263556e-01 1.476817919616079999e+00 0.000000000000000000e+00
3.348000000000000398e+01 2.313284016638693097e-01 1.476947716532356347e+00 0.000000000000000000e+00
3.349000000000000199e+01 2.344069904308991592e-01 1.477082152868796960e+00 0.000000000000000000e+00
3.350000000000000000e+01 2.374557290018247391e-01 1.477221160155843371e+00 0.000000000000000000e+00
3.350999999999999801e+01 2.404742129256805527e-01 1.477364667612518057e+00 0.000000000000000000e+00
3.352000000000000313e+01 2.434620418083041915e-01 1.477512602183275403e+00 0.000000000000000000e+00
3.353000000000000114e+01 2.464188193845597286e-01 1.477664888575471958e+00 0.000000000000000000e+00
3.353999999999999915e+01 2.493441535874533488e-01 1.477821449299002055e+00 0.000000000000000000e+00
3.354999999999999716e+01 2.522376566181503410e-01 1.477982204705230895e+00 0.000000000000000000e+00
3.356000000000000227e+01 2.550989450136505465e-01 1.478147073029019598e+00 0.000000000000000000e+00
3.357000000000000028e+01 2.579276397150371825e-01 1.478315970430485793e+00 0.000000000000000000e+00
3.357999999999999829e+01 2.607233661336428865e-01 1.478488811038074502e+00 0.000000000000000000e+00
3.359000000000000341e+01 2.634857542174364742e-01 1.478665506992987266e+00 0.000000000000000000e+00
3.360000000000000142e+01 2.662144385152051540e-01 1.478845968494454155e+00 0.000000000000000000e+00
3.360999999999999943e+01 2.689090582407673291e-01 1.479030103845239141e+00 0.000000000000000000e+00
3.361999999999999744e+01 2.715692573360358186e-01 1.479217819499759390e+00 0.000000000000000000e+00
3.363000000000000256e+01 2.741946845325710647e-01 1.479409020111167816e+00 0.000000000000000000e+00
3.364000000000000057e+01 2.767849934123426947e-01 1.479603608580789098e+00 0.000000000000000000e+00
3.364999999999999858e+01 2.793398424679435776e-01 1.479801486107503061e+00 0.000000000000000000e+00
3.366000000000000369e+01 2.818588951602025716e-01 1.480002552239014557e+00 0.000000000000000000e+00
3.367000000000000171e+01 2.843418199768512622e-01 1.480206704922269578e+00 0.000000000000000000e+00
3.367999999999999972e+01 2.867882904875452832e-01 1.480413840556468852e+00 0.000000000000000000e+00
3.368999999999999773e+01 2.891979853999910310e-01 1.480623854045896248e+00 0.000000000000000000e+00
3.370000000000000284e+01 2.915705886130129931e-01 1.480836638853189058e+00 0.000000000000000000e+00
3.371000000000000085e+01 2.939057892692762963e-01 1.481052087054187449e+00 0.000000000000000000e+00
3.371999999999999886e+01 2.962032818070133300e-01 1.481270089392637823e+00 0.000000000000000000e+00
3.373000000000000398e+01 2.984627660093239765e-01 1.481490535336368763e+00 0.000000000000000000e+00
3.374000000000000199e+01 3.006839470535637160e-01 1.481713313132988930e+00 0.000000000000000000e+00
3.375000000000000000e+01 3.028665355580426044e-01 1.481938309867226966e+00 0.000000000000000000e+00
3.375999999999999801e+01 3.050102476284739517e-01 1.482165411518345355e+00 0.000000000000000000e+00
3.377000000000000313e+01 3.071148049023238458e-01 1.482394503017792298e+00 0.000000000000000000e+00
3.378000000000000114e+01 3.091799345919348796e-01 1.482625468308220507e+00 0.000000000000000000e+00
3.378999999999999915e+01 3.112053695266815967e-01 1.482858190401555420e+00 0.000000000000000000e+00
3.379999999999999716e+01 3.131908481928223908e-01 1.483092551439417983e+00 0.000000000000000000e+00
3.381000000000000227e+01 3.151361147728093393e-01 1.483328432751784165e+00 0.000000000000000000e+00
3.382000000000000028e+01 3.170409191823915784e-01 1.483565714918052114e+00 0.000000000000000000e+00
3.382999999999999829e+01 3.189050171070543782e-01 1.483804277826582974e+00 0.000000000000000000e+00
3.384000000000000341e+01 3.207281700361268584e-01 1.484044000736413516e+00 0.000000000000000000e+00
3.385000000000000142e+01 3.225101452959882042e-01 1.484284762337309216e+00 0.000000000000000000e+00
3.385999999999999943e+01 3.242507160820072287e-01 1.484526440811854364e+00 0.000000000000000000e+00
3.386999999999999744e+01 3.259496614880203480e-01 1.484768913896487463e+00 0.000000000000000000e+00
3.388000000000000256e+01 3.276067665360073433e-01 1.485012058943314228e+00 0.000000000000000000e+00
3.389000000000000057e+01 3.292218222023829965e-01 1.485255752982065802e+00 0.000000000000000000e+00
3.389999999999999858e+01 3.307946254445388590e-01 1.485499872781550268e+00 0.000000000000000000e+00
3.391000000000000369e+01 3.323249792251785073e-01 1.485744294912900276e+00 0.000000000000000000e+00
3.392000000000000171e+01 3.338126925348595675e-01 1.485988895810009369e+00 0.000000000000000000e+00
3.392999999999999972e+01 3.352575804141930127e-01 1.486233551833395339e+00 0.000000000000000000e+00
3.393999999999999773e+01 3.366594639737846562e-01 1.486478139331118609e+00 0.000000000000000000e+00
3.395000000000000284e+01 3.380181704125809761e-01 1.486722534701821807e+00 0.000000000000000000e+00
3.396000000000000085e+01 3.393335330361015867e-01 1.486966614456060487e+00 0.000000000000000000e+00
3.396999999999999886e+01 3.406053912709978149e-01 1.487210255279147075e+00 0.000000000000000000e+00
3.398000000000000398e+01 3.418335906810016089e-01 1.487453334092248669e+00 0.000000000000000000e+00
3.399000000000000199e+01 3.430179829784822942e-01 1.487695728114855287e+00 0.000000000000000000e+00
3.400000000000000000e+01 3.441584260369135451e-01 1.487937314925773968e+00 0.000000000000000000e+00
3.400999999999999801e+01 3.452547839001881003e-01 1.488177972525081438e+00 0.000000000000000000e+00
3.402000000000000313e+01 3.463069267918720273e-01 1.488417579394675228e+00 0.000000000000000000e+00
3.403000000000000114e+01 3.473147311211756127e-01 1.488656014559603058e+00 0.000000000000000000e+00
3.403999999999999915e+01 3.482780794894715926e-01 1.488893157648656818e+00 0.000000000000000000e+00
3.404999999999999716e+01 3.491968606937939645e-01 1.489128888954140306e+00 0.000000000000000000e+00
3.406000000000000227e+01 3.500709697288914013e-01 1.489363089492454995e+00 0.000000000000000000e+00
3.407000000000000028e+01 3.509003077890246458e-01 1.489595641062814835e+00 0.000000000000000000e+00
3.407999999999999829e+01 3.516847822670371992e-01 1.489826426307740759e+00 0.000000000000000000e+00
3.409000000000000341e+01 3.524243067520393957e-01 1.490055328769431586e+00 0.000000000000000000e+00
3.410000000000000142e+01 3.531188010264225685e-01 1.490282232950815189e+00 0.000000000000000000e+00
3.410999999999999943e+01 3.537681910606942370e-01 1.490507024370762545e+00 0.000000000000000000e+00
3.411999999999999744e+01 3.543724090072131738e-01 1.490729589622852291e+00 0.000000000000000000e+00
3.413000000000000256e+01 3.549313931921835863e-01 1.490949816431017538e+00 0.000000000000000000e+00
3.414000000000000057e+01 3.554450881072005464e-01 1.491167593706621552e+00 0.000000000000000000e+00
3.414999999999999858e+01 3.559134443975657258e-01 1.491382811602740999e+00 0.000000000000000000e+00
3.416000000000000369e+01 3.563364188520701248e-01 1.491595361569763467e+00 0.000000000000000000e+00
3.417000000000000171e+01 3.567139743884632508e-01 1.491805136409559696e+00 0.000000000000000000e+00
3.417999999999999972e+01 3.570460800400833135e-01 1.492012030328230043e+00 0.000000000000000000e+00
3.418999999999999773e+01 3.573327109396884915e-01 1.492215938989791990e+00 0.000000000000000000e+00
3.420000000000000284e+01 3.575738483032525616e-01 1.492416759567643858e+00 0.000000000000000000e+00
3.421000000000000085e+01 3.577694794115885424e-01 1.492614390795595547e+00 0.000000000000000000e+00
3.421999999999999886e+01 3.579195975918096906e-01 1.492808733019246548e+00 0.000000000000000000e+00
3.423000000000000398e+01 3.580242021967347532e-01 1.492999688244915912e+00 0.000000000000000000e+00
3.424000000000000199e+01 3.580832985845586180e-01 1.493187160188167883e+00 0.000000000000000000e+00
3.425000000000000000e+01 3.580968980959146619e-01 1.493371054323155311e+00 0.000000000000000000e+00
3.425999999999999801e+01 3.580650180315783082e-01 1.493551277928298449e+00 0.000000000000000000e+00
3.427000000000000313e+01 3.579876816282321905e-01 1.493727740133097948e+00 0.000000000000000000e+00
3.428000000000000114e+01 3.578649180334967927e-01 1.493900351963788120e+00 0.000000000000000000e+00
3.428999999999999915e+01 3.576967622803041702e-01 1.494069026386699361e+00 0.000000000000000000e+00
3.430000000000000426e+01 3.574832552608978031e-01 1.494233678352897776e+00 0.000000000000000000e+00
3.431000000000000227e+01 3.572244436982568438e-01 1.494394224839499685e+00 0.000000000000000000e+00
3.432000000000000028e+01 3.569203801190907188e-01 1.494550584891495504e+00 0.000000000000000000e+00
3.432999999999999829e+01 3.565711228241015829e-01 1.494702679662438083e+00 0.000000000000000000e+00
3.434000000000000341e+01 3.561767358583854959e-01 1.494850432453169287e+00 0.000000000000000000e+00
3.435000000000000142e+01 3.557372889805812122e-01 1.494993768750171759e+00 0.000000000000000000e+00
3.435999999999999943e+01 3.552528576317511844e-01 1.495132616263701530e+00 0.000000000000000000e+00
3.436999999999999744e+01 3.547235229025518799e-01 1.495266904961648713e+00 0.000000000000000000e+00
3.438000000000000256e+01 3.541493715007628662e-01 1.495396567107688091e+00 0.000000000000000000e+00
3.439000000000000057e+01 3.535304957169204121e-01 1.495521537291325531e+00 0.000000000000000000e+00
3.439999999999999858e+01 3.528669933899090116e-01 1.495641752463907848e+00 0.000000000000000000e+00
3.441000000000000369e+01 3.521589678716772753e-01 1.495757151968009513e+00 0.000000000000000000e+00
3.442000000000000171e+01 3.514065279908618056e-01 1.495867677568222032e+00 0.000000000000000000e+00
3.442999999999999972e+01 3.506097880166021974e-01 1.495973273480558197e+00 0.000000000000000000e+00
3.443999999999999773e+01 3.497688676206258673e-01 1.496073886400019815e+00 0.000000000000000000e+00
3.445000000000000284e+01 3.488838918400186673e-01 1.496169465527105391e+00 0.000000000000000000e+00
3.446000000000000085e+01 3.479549910384904798e-01 1.496259962593419424e+00 0.000000000000000000e+00
3.446999999999999886e+01 3.469823008679104315e-01 1.496345331885581942e+00 0.000000000000000000e+00
3.448000000000000398e+01 3.459659622294540826e-01 1.496425530268546966e+00 0.000000000000000000e+00
3.449000000000000199e+01 3.449061212339049609e-01 1.496500517206354353e+00 0.000000000000000000e+00
3.450000000000000000e+01 3.438029291628242334e-01 1.496570254783308407e+00 0.000000000000000000e+00
3.450999999999999801e+01 3.426565424284028216e-01 1.496634707722681368e+00 0.000000000000000000e+00
3.452000000000000313e+01 3.414671225345366490e-01 1.496693843403831048e+00 0.000000000000000000e+00
3.453000000000000114e+01 3.402348360362959512e-01 1.496747631879984386e+00 0.000000000000000000e+00
3.453999999999999915e+01 3.389598545013479125e-01 1.496796045891687355e+00 0.000000000000000000e+00
3.455000000000000426e+01 3.376423544692554457e-01 1.496839060882020345e+00 0.000000000000000000e+00
3.456000000000000227e+01 3.362825174126947703e-01 1.496876655007858714e+00 0.000000000000000000e+00
3.457000000000000028e+01 3.348805296977625523e-01 1.496908809152051267e+00 0.000000000000000000e+00
3.457999999999999829e+01 3.334365825437588526e-01 1.496935506932157267e+00 0.000000000000000000e+00
3.459000000000000341e+01 3.319508719850077783e-01 1.496956734709746106e+00 0.000000000000000000e+00
3.460000000000000142e+01 3.304235988300655014e-01 1.496972481596633431e+00 0.000000000000000000e+00
3.460999999999999943e+01 3.288549686229967350e-01 1.496982739461319323e+00 0.000000000000000000e+00
3.461999999999999744e+01 3.272451916036867581e-01 1.496987502932880076e+00 0.000000000000000000e+00
3.463000000000000256e+01 3.255944826682030113e-01 1.496986769404035078e+00 0.000000000000000000e+00
3.464000000000000057e+01 3.239030613292673833e-01 1.496980539032727986e+00 0.000000000000000000e+00
3.464999999999999858e+01 3.221711516768429040e-01 1.496968814742708709e+00 0.000000000000000000e+00
3.466000000000000369e+01 3.203989823381356294e-01 1.496951602221971989e+00 0.000000000000000000e+00
3.467000000000000171e+01 3.185867864385841242e-01 1.496928909920510975e+00 0.000000000000000000e+00
3.467999999999999972e+01 3.167348015616474610e-01 1.496900749046703005e+00 0.000000000000000000e+00
3.468999999999999773e+01 3.148432697099572963e-01 1.496867133561878838e+00 0.000000000000000000e+00
3.470000000000000284e+01 3.129124372653374064e-01 1.496828080173970843e+00 0.000000000000000000e+00
3.471000000000000085e+01 3.109425549501939057e-01 1.496783608329484760e+00 0.000000000000000000e+00
3.471999999999999886e+01 3.089338777877501663e-01 1.496733740204938989e+00 0.000000000000000000e+00
3.473000000000000398e+01 3.068866650641470795e-01 1.496678500695389769e+00 0.000000000000000000e+00
3.474000000000000199e+01 3.048011802887472532e-01 1.496617917403649356e+00 0.000000000000000000e+00
3.475000000000000000e+01 3.026776911568686002e-01 1.496552020626175317e+00 0.000000000000000000e+00
3.475999999999999801e+01 3.005164695110975615e-01 1.496480843339616396e+00 0.000000000000000000e+00
3.477000000000000313e+01 2.983177913039184448e-01 1.496404421184205358e+00 0.000000000000000000e+00
3.478000000000000114e+01 2.960819365601496944e-01 1.496322792447035477e+00 0.000000000000000000e+00
3.478999999999999915e+01 2.938091893399747412e-01 1.496235998043705218e+00 0.000000000000000000e+00
3.480000000000000426e+01 2.914998377020235898e-01 1.496144081498801626e+00 0.000000000000000000e+00
3.481000000000000227e+01 2.891541736668404305e-01 1.496047088923982082e+00 0.000000000000000000e+00
3.482000000000000028e+01 2.867724931807091315e-01 1.495945068997462046e+00 0.000000000000000000e+00
3.482999999999999829e+01 2.843550960796870086e-01 1.495838072938539209e+00 0.000000000000000000e+00
3.484000000000000341e+01 2.819022860533443309e-01 1.495726154483811410e+00 0.000000000000000000e+00
3.485000000000000142e+01 2.794143706095961188e-01 1.495609369861105264e+00 0.000000000000000000e+00
3.485999999999999943e+01 2.768916610392777589e-01 1.495487777761385306e+00 0.000000000000000000e+00
3.486999999999999744e+01 2.743344723804099772e-01 1.495361439310670004e+00 0.000000000000000000e+00
3.488000000000000256e+01 2.717431233836326565e-01 1.495230418039736664e+00 0.000000000000000000e+00
3.489000000000000057e+01 2.691179364770526217e-01 1.495094779852964351e+00 0.000000000000000000e+00
3.489999999999999858e+01 2.664592377317075989e-01 1.494954592996248222e+00 0.000000000000000000e+00
3.491000000000000369e+01 2.637673568267287494e-01 1.494809928022546197e+00 0.000000000000000000e+00
3.492000000000000171e+01 2.610426270155158379e-01 1.494660857757925898e+00 0.000000000000000000e+00
3.492999999999999972e+01 2.582853850912103510e-01 1.494507457264764305e+00 0.000000000000000000e+00
3.493999999999999773e+01 2.554959713530189358e-01 1.494349803804562393e+00 0.000000000000000000e+00
3.495000000000000284e+01 2.526747295727624909e-01 1.494187976800218642e+00 0.000000000000000000e+00
3.496000000000000085e+01 2.498220069610500860e-01 1.494022057795470149e+00 0.000000000000000000e+00
3.496999999999999886e+01 2.469381541343385889e-01 1.493852130415161739e+00 0.000000000000000000e+00
3.498000000000000398e+01 2.440235250822573032e-01 1.493678280323075702e+00 0.000000000000000000e+00
3.499000000000000199e+01 2.410784771339569699e-01 1.493500595179637624e+00 0.000000000000000000e+00
3.500000000000000000e+01 2.381033709265023834e-01 1.493319164598149840e+00 0.000000000000000000e+00
3.500999999999999801e+01 2.350985703716199360e-01 1.493134080100307237e+00 0.000000000000000000e+00
3.502000000000000313e+01 2.320644426240658365e-01 1.492945435071073801e+00 0.000000000000000000e+00
3.503000000000000114e+01 2.290013580487348654e-01 1.492753324712660534e+00 0.000000000000000000e+00
3.503999999999999915e+01 2.259096901895085718e-01 1.492557845997294796e+00 0.000000000000000000e+00
3.505000000000000426e+01 2.227898157365920950e-01 1.492359097620503228e+00 0.000000000000000000e+00
3.506000000000000227e+01 2.196421144957605154e-01 1.492157179952440904e+00 0.000000000000000000e+00
3.507000000000000028e+01 2.164669693567536912e-01 1.491952194989195402e+00 0.000000000000000000e+00
3.507999999999999829e+01 2.132647662622698947e-01 1.491744246303498667e+00 0.000000000000000000e+00
3.509000000000000341e+01 2.100358941780716138e-01 1.491533438994514515e+00 0.000000000000000000e+00
3.510000000000000142e+01 2.067807450630750055e-01 1.491319879636946011e+00 0.000000000000000000e+00
3.510999999999999943e+01 2.034997138401756500e-01 1.491103676228576536e+00 0.000000000000000000e+00
3.511999999999999744e+01 2.001931983678232052e-01 1.490884938138325788e+00 0.000000000000000000e+00
3.513000000000000256e+01 1.968615994126235447e-01 1.490663776051277312e+00 0.000000000000000000e+00
3.514000000000000057e+01 1.935053206212220545e-01 1.490440301914051524e+00 0.000000000000000000e+00
3.514999999999999858e+01 1.901247684946625327e-01 1.490214628878009817e+00 0.000000000000000000e+00
3.516000000000000369e+01 1.867203523603492010e-01 1.489986871241879562e+00 0.000000000000000000e+00
3.517000000000000171e+01 1.832924843462672704e-01 1.489757144392597876e+00 0.000000000000000000e+00
3.517999999999999972e+01 1.798415793529619666e-01 1.489525564745707742e+00 0.000000000000000000e+00
3.518999999999999773e+01 1.763680550259958124e-01 1.489292249684573299e+00 0.000000000000000000e+00
3.520000000000000284e+01 1.728723317274084292e-01 1.489057317498688304e+00 0.000000000000000000e+00
3.521000000000000085e+01 1.693548325052852688e-01 1.488820887322020559e+00 0.000000000000000000e+00
3.521999999999999886e+01 1.658159830640687227e-01 1.488583079070499249e+00 0.000000000000000000e+00
3.523000000000000398e+01 1.622562117314792218e-01 1.488344013379043762e+00 0.000000000000000000e+00
3.524000000000000199e+01 1.586759494272076410e-01 1.488103811539300159e+00 0.000000000000000000e+00
3.525000000000000000e+01 1.550756296282503055e-01 1.487862595436016289e+00 0.000000000000000000e+00
3.525999999999999801e+01 1.514556883354937766e-01 1.487620487484046850e+00 0.000000000000000000e+00
3.527000000000000313e+01 1.478165640382416435e-01 1.487377610566117836e+00 0.000000000000000000e+00
3.528000000000000114e+01 1.441586976799981712e-01 1.487134087967896701e+00 0.000000000000000000e+00
3.528999999999999915e+01 1.404825326221046389e-01 1.486890043316413390e+00 0.000000000000000000e+00
3.530000000000000426e+01 1.367885146085128789e-01 1.486645600515473786e+00 0.000000000000000000e+00
3.531000000000000227e+01 1.330770917298658429e-01 1.486400883683366203e+00 0.000000000000000000e+00
3.532000000000000028e+01 1.293487143871731859e-01 1.486156017088377190e+00 0.000000000000000000e+00
3.532999999999999829e+01 1.256038352560082116e-01 1.485911125086511353e+00 0.000000000000000000e+00
3.534000000000000341e+01 1.218429092495537103e-01 1.485666332056758021e+00 0.000000000000000000e+00
3.535000000000000142e+01 1.180663934825398470e-01 1.485421762339180107e+00 0.000000000000000000e+00
3.535999999999999943e+01 1.142747472340348569e-01 1.485177540170400601e+00 0.000000000000000000e+00
3.536999999999999744e+01 1.104684319104351498e-01 1.484933789620743294e+00 0.000000000000000000e+00
3.538000000000000256e+01 1.066479110076375553e-01 1.484690634530974496e+00 0.000000000000000000e+00
3.539000000000000057e+01 1.028136500743242893e-01 1.484448198449366263e+00 0.000000000000000000e+00
3.539999999999999858e+01 9.896611667170521209e-02 1.484206604568508725e+00 0.000000000000000000e+00
3.541000000000000369e+01 9.510578033718157520e-02 1.483965975662567827e+00 0.000000000000000000e+00
3.542000000000000171e+01 9.123311254282426286e-02 1.483726434024671637e+00 0.000000000000000000e+00
3.542999999999999972e+01 8.734858665739343719e-02 1.483488101404865755e+00 0.000000000000000000e+00
3.543999999999999773e+01 8.345267790448597511e-02 1.483251098947339086e+00 0.000000000000000000e+00
3.545000000000000284e+01 7.954586332274214688e-02 1.483015547129261424e+00 0.000000000000000000e+00
3.546000000000000085e+01 7.562862172299533725e-02 1.482781565698800375e+00 0.000000000000000000e+00
3.546999999999999886e+01 7.170143364681956510e-02 1.482549273614360619e+00 0.000000000000000000e+00
3.548000000000000398e+01 6.776478132276567146e-02 1.482318788983135738e+00 0.000000000000000000e+00
3.549000000000000199e+01 6.381914862286627854e-02 1.482090229001625348e+00 0.000000000000000000e+00
3.550000000000000000e+01 5.986502101763086642e-02 1.481863709894903902e+00 0.000000000000000000e+00
3.550999999999999801e+01 5.590288553105538655e-02 1.481639346857476225e+00 0.000000000000000000e+00
3.552000000000000313e+01 5.193323069406455272e-02 1.481417253994504968e+00 0.000000000000000000e+00
3.553000000000000114e+01 4.795654649766310090e-02 1.481197544262840893e+00 0.000000000000000000e+00
3.553999999999999915e+01 4.397332434502477377e-02 1.480980329413781993e+00 0.000000000000000000e+00
3.555000000000000426e+01 3.998405700284402703e-02 1.480765719935366542e+00 0.000000000000000000e+00
3.556000000000000227e+01 3.598923855200553829e-02 1.480553824995789469e+00 0.000000000000000000e+00
3.557000000000000028e+01 3.198936433670273444e-02 1.480344752387794616e+00 0.000000000000000000e+00
3.557999999999999829e+01 2.798493091415566597e-02 1.480138608472786554e+00 0.000000000000000000e+00
3.559000000000000341e+01 2.397643600175543635e-02 1.479935498126700555e+00 0.000000000000000000e+00
3.560000000000000142e+01 1.996437842462019108e-02 1.479735524686129899e+00 0.000000000000000000e+00
3.560999999999999943e+01 1.594925806178157032e-02 1.479538789895016970e+00 0.000000000000000000e+00
3.561999999999999744e+01 1.193157579149557203e-02 1.479345393852607549e+00 0.000000000000000000e+00
3.563000000000000256e+01 7.911833436145718559e-03 1.479155434962132976e+00 0.000000000000000000e+00
3.564000000000000057e+01 3.890533705266043755e-03 1.478969009879625318e+00 0.000000000000000000e+00
3.564999999999999858e+01 -1.318198607075173631e-04 1.478786213465686394e+00 0.000000000000000000e+00
3.566000000000000369e+01 -4.154722949163407175e-03 1.478607138734405080e+00 0.000000000000000000e+00
3.567000000000000171e+01 -8.177670533607172068e-03 1.478431876808022460e+00 0.000000000000000000e+00
3.567999999999999972e+01 -1.220015693359882518e-02 1.478260516868354690e+00 0.000000000000000000e+00
3.568999999999999773e+01 -1.622167587499124403e-02 1.478093146111671086e+00 0.000000000000000000e+00
3.570000000000000284e+01 -2.024172055121172681e-02 1.477929849703419007e+00 0.000000000000000000e+00
3.571000000000000085e+01 -2.425978368489854764e-02 1.477770710735191173e+00 0.000000000000000000e+00
3.571999999999999886e+01 -2.827535759141665966e-02 1.477615810180738176e+00 0.000000000000000000e+00
3.573000000000000398e+01 -3.228793424090126152e-02 1.477465226855741776e+00 0.000000000000000000e+00
3.574000000000000199e+01 -3.629700532413326214e-02 1.477319037376056965e+00 0.000000000000000000e+00
3.575000000000000000e+01 -4.030206231563548958e-02 1.477177316119003603e+00 0.000000000000000000e+00
3.575999999999999801e+01 -4.430259654039758743e-02 1.477040135185237579e+00 0.000000000000000000e+00
3.577000000000000313e+01 -4.829809923957827794e-02 1.476907564360746772e+00 0.000000000000000000e+00
3.578000000000000114e+01 -5.228806163708370897e-02 1.476779671082415701e+00 0.000000000000000000e+00
3.578999999999999915e+01 -5.627197500769923894e-02 1.476656520402175099e+00 0.000000000000000000e+00
3.580000000000000426e+01 -6.024933074453960036e-02 1.476538174953903049e+00 0.000000000000000000e+00
3.581000000000000227e+01 -6.421962042820933414e-02 1.476424694922180869e+00 0.000000000000000000e+00
3.582000000000000028e+01 -6.818233589631872427e-02 1.476316138009682311e+00 0.000000000000000000e+00
3.582999999999999829e+01 -7.213696931309994398e-02 1.476212559409268987e+00 0.000000000000000000e+00
3.584000000000000341e+01 -7.608301324086048922e-02 1.476114011774966484e+00 0.000000000000000000e+00
3.585000000000000142e+01 -8.001996071094669150e-02 1.476020545194764111e+00 0.000000000000000000e+00
3.585999999999999943e+01 -8.394730529591586110e-02 1.475932207165319143e+00 0.000000000000000000e+00
3.586999999999999744e+01 -8.786454118260431101e-02 1.475849042568226910e+00 0.000000000000000000e+00
3.588000000000000256e+01 -9.177116324554450422e-02 1.475771093645797283e+00 0.000000000000000000e+00
3.589000000000000057e+01 -9.566666712078257528e-02 1.475698399980584163e+00 0.000000000000000000e+00
3.589999999999999858e+01 -9.955054928143805548e-02 1.475630998475195188e+00 0.000000000000000000e+00
3.591000000000000369e+01 -1.034223071123265003e-01 1.475568923332953641e+00 0.000000000000000000e+00
3.592000000000000171e+01 -1.072814389869544138e-01 1.475512206040914487e+00 0.000000000000000000e+00
3.592999999999999972e+01 -1.111274443434802639e-01 1.475460875353896695e+00 0.000000000000000000e+00
3.593999999999999773e+01 -1.149598237624535335e-01 1.475414957280380968e+00 0.000000000000000000e+00
3.595000000000000284e+01 -1.187780790445564227e-01 1.475374475068526037e+00 0.000000000000000000e+00
3.596000000000000085e+01 -1.225817132886741767e-01 1.475339449195466779e+00 0.000000000000000000e+00
3.596999999999999886e+01 -1.263702312334646083e-01 1.475309891058664169e+00 0.000000000000000000e+00
3.598000000000000398e+01 -1.301431379345611705e-01 1.475285839061342363e+00 0.000000000000000000e+00
3.599000000000000199e+01 -1.338999419791404299e-01 1.475267271922081846e+00 0.000000000000000000e+00
3.600000000000000000e+01 -1.376401517713169986e-01 1.475254221504264551e+00 0.000000000000000000e+00
3.600999999999999801e+01 -1.413632782800069432e-01 1.475246686936334539e+00 0.000000000000000000e+00
3.602000000000000313e+01 -1.450688340473710869e-01 1.475244672802743739e+00 0.000000000000000000e+00
3.603000000000000114e+01 -1.487563334747636079e-01 1.475248180107990192e+00 0.000000000000000000e+00
3.603999999999999915e+01 -1.524252929095347708e-01 1.475257206881104288e+00 0.000000000000000000e+00
3.605000000000000426e+01 -1.560752307132945715e-01 1.475271748377337211e+00 0.000000000000000000e+00
3.606000000000000227e+01 -1.597056673452999509e-01 1.475291797042629582e+00 0.000000000000000000e+00
3.607000000000000028e+01 -1.633161254422826059e-01 1.475317342517835417e+00 0.000000000000000000e+00
3.607999999999999829e+01 -1.669061298995552223e-01 1.475348371648197876e+00 0.000000000000000000e+00
3.609000000000000341e+01 -1.704752079510985230e-01 1.475384868488156753e+00 0.000000000000000000e+00
3.610000000000000142e+01 -1.740228892506829605e-01 1.475426814311526336e+00 0.000000000000000000e+00
3.610999999999999943e+01 -1.775487059516506760e-01 1.475474187621093947e+00 0.000000000000000000e+00
3.611999999999999744e+01 -1.810521927881695858e-01 1.475526964160672749e+00 0.000000000000000000e+00
3.613000000000000256e+01 -1.845328871546202398e-01 1.475585116927247586e+00 0.000000000000000000e+00
3.614000000000000057e+01 -1.879903291864066517e-01 1.475648616186247875e+00 0.000000000000000000e+00
3.614999999999999858e+01 -1.914240618398635740e-01 1.475717429487324983e+00 0.000000000000000000e+00
3.616000000000000369e+01 -1.948336309715320291e-01 1.475791521680626550e+00 0.000000000000000000e+00
3.617000000000000171e+01 -1.982185854185367080e-01 1.475870854936598642e+00 0.000000000000000000e+00
3.617999999999999972e+01 -2.015784770768148382e-01 1.475955388765142207e+00 0.000000000000000000e+00
3.618999999999999773e+01 -2.049128609808748280e-01 1.476045080036979096e+00 0.000000000000000000e+00
3.620000000000000284e+01 -2.082212953818615708e-01 1.476139883006459375e+00 0.000000000000000000e+00
3.621000000000000085e+01 -2.115033418256679065e-01 1.476239749335637619e+00 0.000000000000000000e+00
3.621999999999999886e+01 -2.147585652305415982e-01 1.476344628118881896e+00 0.000000000000000000e+00
3.623000000000000398e+01 -2.179865339641790523e-01 1.476454465910429725e+00 0.000000000000000000e+00
3.624000000000000199e+01 -2.211868199204626573e-01 1.476569206751055630e+00 0.000000000000000000e+00
3.625000000000000000e+01 -2.243589985948126753e-01 1.476688792198355582e+00 0.000000000000000000e+00
3.625999999999999801e+01 -2.275026491600019574e-01 1.476813161356107740e+00 0.000000000000000000e+00
3.627000000000000313e+01 -2.306173545404325564e-01 1.476942250906553733e+00 0.000000000000000000e+00
3.628000000000000114e+01 -2.337027014863355401e-01 1.477075995142717924e+00 0.000000000000000000e+00
3.628999999999999915e+01 -2.367582806466175527e-01 1.477214326002850742e+00 0.000000000000000000e+00
3.630000000000000426e+01 -2.397836866416512835e-01 1.477357173105246169e+00 0.000000000000000000e+00
3.631000000000000227e+01 -2.427785181348981469e-01 1.477504463784830691e+00 0.000000000000000000e+00
3.632000000000000028e+01 -2.457423779036921607e-01 1.477656123130730359e+00 0.000000000000000000e+00
3.632999999999999829e+01 -2.486748729094813426e-01 1.477812074024546396e+00 0.000000000000000000e+00
3.634000000000000341e+01 -2.515756143675352274e-01 1.477972237180554593e+00 0.000000000000000000e+00
3.635000000000000142e+01 -2.544442178148442757e-01 1.478136531186201585e+00 0.000000000000000000e+00
3.635999999999999943e+01 -2.572803031780138139e-01 1.478304872544268456e+00 0.000000000000000000e+00
3.636999999999999744e+01 -2.600834948404128766e-01 1.478477175715595671e+00 0.000000000000000000e+00
3.638000000000000256e+01 -2.628534217077618806e-01 1.478653353163026374e+00 0.000000000000000000e+00
3.639000000000000057e+01 -2.655897172727539890e-01 1.478833315396860915e+00 0.000000000000000000e+00
3.639999999999999858e+01 -2.682920196800828161e-01 1.479016971020043592e+00 0.000000000000000000e+00
3.641000000000000369e+01 -2.709599717883479086e-01 1.479204226775822306e+00 0.000000000000000000e+00
3.642000000000000171e+01 -2.735932212330102198e-01 1.479394987595031852e+00 0.000000000000000000e+00
3.642999999999999972e+01 -2.761914204867468303e-01 1.479589156645153558e+00 0.000000000000000000e+00
3.643999999999999773e+01 -2.787542269198447498e-01 1.479786635380034410e+00 0.000000000000000000e+00
3.645000000000000284e+01 -2.812813028587284325e-01 1.479987323589826653e+00 0.000000000000000000e+00
3.646000000000000085e+01 -2.837723156441141481e-01 1.480191119453096560e+00 0.000000000000000000e+00
3.646999999999999886e+01 -2.862269376866829473e-01 1.480397919588634759e+00 0.000000000000000000e+00
3.648000000000000398e+01 -2.886448465238058980e-01 1.480607619107789485e+00 0.000000000000000000e+00
3.649000000000000199e+01 -2.910257248724048562e-01 1.480820111669339356e+00 0.000000000000000000e+00
3.650000000000000000e+01 -2.933692606828706695e-01 1.481035289532719457e+00 0.000000000000000000e+00
3.650999999999999801e+01 -2.956751471902697714e-01 1.481253043613734777e+00 0.000000000000000000e+00
3.652000000000000313e+01 -2.979430829649707402e-01 1.481473263540311613e+00 0.000000000000000000e+00
3.653000000000000114e+01 -3.001727719616489876e-01 1.481695837708270735e+00 0.000000000000000000e+00
3.653999999999999915e+01 -3.023639235673064030e-01 1.481920653339192206e+00 0.000000000000000000e+00
3.655000000000000426e+01 -3.045162526473577103e-01 1.482147596537245482e+00 0.000000000000000000e+00
3.656000000000000227e+01 -3.066294795909539350e-01 1.482376552347471010e+00 0.000000000000000000e+00
3.657000000000000028e+01 -3.087033303547650487e-01 1.482607404814301866e+00 0.000000000000000000e+00
3.657999999999999829e+01 -3.107375365045509930e-01 1.482840037040914494e+00 0.000000000000000000e+00
3.659000000000000341e+01 -3.127318352568550508e-01 1.483074331248000588e+00 0.000000000000000000e+00
3.660000000000000142e+01 -3.146859695175956428e-01 1.483310168834502063e+00 0.000000000000000000e+00
3.660999999999999943e+01 -3.165996879200483338e-01 1.483547430437090586e+00 0.000000000000000000e+00
3.661999999999999744e+01 -3.184727448616394008e-01 1.483785995991184103e+00 0.000000000000000000e+00
3.663000000000000256e+01 -3.203049005382402337e-01 1.484025744791729773e+00 0.000000000000000000e+00
3.664000000000000057e+01 -3.220959209776373400e-01 1.484266555554097478e+00 0.000000000000000000e+00
3.664999999999999858e+01 -3.238455780718196286e-01 1.484508306475945894e+00 0.000000000000000000e+00
3.666000000000000369e+01 -3.255536496069900143e-01 1.484750875298553208e+00 0.000000000000000000e+00
3.667000000000000171e+01 -3.272199192924444833e-01 1.484994139368235544e+00 0.000000000000000000e+00
3.667999999999999972e+01 -3.288441767881706834e-01 1.485237975699189139e+00 0.000000000000000000e+00
3.668999999999999773e+01 -3.304262177311161897e-01 1.485482261034311247e+00 0.000000000000000000e+00
3.670000000000000284e+01 -3.319658437590153888e-01 1.485726871908713775e+00 0.000000000000000000e+00
3.671000000000000085e+01 -3.334628625343318831e-01 1.485971684710448271e+00 0.000000000000000000e+00
3.671999999999999886e+01 -3.349170877654185641e-01 1.486216575744036428e+00 0.000000000000000000e+00
3.673000000000000398e+01 -3.363283392268960892e-01 1.486461421291539908e+00 0.000000000000000000e+00
3.674000000000000199e+01 -3.376964427789274081e-01 1.486706097675639215e+00 0.000000000000000000e+00
3.675000000000000000e+01 -3.390212303839282293e-01 1.486950481321096529e+00 0.000000000000000000e+00
3.675999999999999801e+01 -3.403025401233573666e-01 1.487194448817122927e+00 0.000000000000000000e+00
3.677000000000000313e+01 -3.415402162120007579e-01 1.487437876978962681e+00 0.000000000000000000e+00
3.678000000000000114e+01 -3.427341090110584965e-01 1.487680642909905426e+00 0.000000000000000000e+00
3.678999999999999915e+01 -3.438840750401587210e-01 1.487922624062723465e+00 0.000000000000000000e+00
3.680000000000000426e+01 -3.449899769875305888e-01 1.488163698300948079e+00 0.000000000000000000e+00
3.681000000000000227e+01 -3.460516837190604766e-01 1.488403743959788361e+00 0.000000000000000000e+00
3.682000000000000028e+01 -3.470690702852042842e-01 1.488642639907529874e+00 0.000000000000000000e+00
3.682999999999999829e+01 -3.480420179276025872e-01 1.488880265605506903e+00 0.000000000000000000e+00
3.684000000000000341e+01 -3.489704140829563705e-01 1.489116501168282758e+00 0.000000000000000000e+00
3.685000000000000142e+01 -3.498541523862903069e-01 1.489351227424086099e+00 0.000000000000000000e+00
3.685999999999999943e+01 -3.506931326723035092e-01 1.489584325973806189e+00 0.000000000000000000e+00
3.686999999999999744e+01 -3.514872609756604094e-01 1.489815679249970382e+00 0.000000000000000000e+00
3.688000000000000256e+01 -3.522364495289189157e-01 1.490045170575761357e+00 0.000000000000000000e+00
3.689000000000000057e+01 -3.529406167604784428e-01 1.490272684223112432e+00 0.000000000000000000e+00
3.689999999999999858e+01 -3.535996872892994691e-01 1.490498105470173584e+00 0.000000000000000000e+00
3.691000000000000369e+01 -3.542135919197041960e-01 1.490721320658635163e+00 0.000000000000000000e+00
3.692000000000000171e+01 -3.547822676340240400e-01 1.490942217250522450e+00 0.000000000000000000e+00
3.692999999999999972e+01 -3.553056575836416320e-01 1.491160683884072968e+00 0.000000000000000000e+00
3.693999999999999773e+01 -3.557837110791791657e-01 1.491376610429161698e+00 0.000000000000000000e+00
3.695000000000000284e+01 -3.562163835793623057e-01 1.491589888042441192e+00 0.000000000000000000e+00
3.696000000000000085e+01 -3.566036366775979793e-01 1.491800409221427648e+00 0.000000000000000000e+00
3.696999999999999886e+01 -3.569454380885092593e-01 1.492008067858111797e+00 0.000000000000000000e+00
3.698000000000000398e+01 -3.572417616326534207e-01 1.492212759291196011e+00 0.000000000000000000e+00
3.699000000000000199e+01 -3.574925872194994469e-01 1.492414380359951220e+00 0.000000000000000000e+00
3.700000000000000000e+01 -3.576979008301831575e-01 1.492612829453041856e+00 0.000000000000000000e+00
3.700999999999999801e+01 -3.578576944983842267e-01 1.492808006561489709e+00 0.000000000000000000e+00
3.702000000000000313e+01 -3.579719662905450073e-01 1.492999813327416048e+00 0.000000000000000000e+00
3.703000000000000114e+01 -3.580407202845039549e-01 1.493188153092669390e+00 0.000000000000000000e+00
3.703999999999999915e+01 -3.580639665480829792e-01 1.493372930947978183e+00 0.000000000000000000e+00
3.705000000000000426e+01 -3.580417211152689960e-01 1.493554053779739377e+00 0.000000000000000000e+00
3.706000000000000227e+01 -3.579740059630803217e-01 1.493731430315847097e+00 0.000000000000000000e+00
3.707000000000000028e+01 -3.578608489859710917e-01 1.493904971172566043e+00 0.000000000000000000e+00
3.707999999999999829e+01 -3.577022839711352376e-01 1.494074588897734701e+00 0.000000000000000000e+00
3.709000000000000341e+01 -3.574983505707915454e-01 1.494240198014721743e+00 0.000000000000000000e+00
3.710000000000000142e+01 -3.572490939683110045e-01 1.494401728412257935e+00 0.000000000000000000e+00
3.710999999999999943e+01 -3.569545662484367998e-01 1.494559048744079632e+00 0.000000000000000000e+00
3.711999999999999744e+01 -3.566148238708249374e-01 1.494712150855614041e+00 0.000000000000000000e+00
3.713000000000000256e+01 -3.562299297175992585e-01 1.494860909542412353e+00 0.000000000000000000e+00
3.714000000000000057e+01 -3.557999525639630733e-01 1.495005265368473113e+00 0.000000000000000000e+00
3.714999999999999858e+01 -3.553249664725359747e-01 1.495145143798046528e+00 0.000000000000000000e+00
3.716000000000000369e+01 -3.548050514225837837e-01 1.495280473980138858e+00 0.000000000000000000e+00
3.717000000000000171e+01 -3.542402929241820764e-01 1.495411187775816941e+00 0.000000000000000000e+00
3.717999999999999972e+01 -3.536307820966737570e-01 1.495537219276750429e+00 0.000000000000000000e+00
3.718999999999999773e+01 -3.529766156175452307e-01 1.495658504932935617e+00 0.000000000000000000e+00
3.720000000000000284e+01 -3.522778956841689513e-01 1.495774983583666229e+00 0.000000000000000000e+00
3.721000000000000085e+01 -3.515347299812429105e-01 1.495886596484450992e+00 0.000000000000000000e+00
3.721999999999999886e+01 -3.507472316426887282e-01 1.495993287336052413e+00 0.000000000000000000e+00
3.723000000000000398e+01 -3.499155192157643035e-01 1.496095002313947653e+00 0.000000000000000000e+00
3.724000000000000199e+01 -3.490397166222936609e-01 1.496191690093930271e+00 0.000000000000000000e+00
3.725000000000000000e+01 -3.481199531221321752e-01 1.496283301878557292e+00 0.000000000000000000e+00
3.725999999999999801e+01 -3.471563632729099957e-01 1.496369791420917972e+00 0.000000000000000000e+00
3.727000000000000313e+01 -3.461490868927517561e-01 1.496451115048311298e+00 0.000000000000000000e+00
3.728000000000000114e+01 -3.450982690204122960e-01 1.496527231683652870e+00 0.000000000000000000e+00
3.728999999999999915e+01 -3.440040598756699541e-01 1.496598102866130375e+00 0.000000000000000000e+00
3.730000000000000426e+01 -3.428666148205822828e-01 1.496663692770188403e+00 0.000000000000000000e+00
3.731000000000000227e+01 -3.416860943194607869e-01 1.496723968224593415e+00 0.000000000000000000e+00
3.732000000000000028e+01 -3.404626638992216403e-01 1.496778898727066043e+00 0.000000000000000000e+00
3.732999999999999829e+01 -3.391964941095466091e-01 1.496828456461815060e+00 0.000000000000000000e+00
3.734000000000000341e+01 -3.378877604840548887e-01 1.496872616311980764e+00 0.000000000000000000e+00
3.735000000000000142e+01 -3.365366434995721856e-01 1.496911355872792670e+00 0.000000000000000000e+00
3.735999999999999943e+01 -3.351433285372314441e-01 1.496944655463218643e+00 0.000000000000000000e+00
3.736999999999999744e+01 -3.337080058428843476e-01 1.496972498135537455e+00 0.000000000000000000e+00
3.738000000000000256e+01 -3.322308704871225760e-01 1.496994869684163509e+00 0.000000000000000000e+00
3.739000000000000057e+01 -3.307121223264434251e-01 1.497011758652752933e+00 0.000000000000000000e+00
3.739999999999999858e+01 -3.291519659628819316e-01 1.497023156340691719e+00 0.000000000000000000e+00
3.741000000000000369e+01 -3.275506107053738902e-01 1.497029056806990832e+00 0.000000000000000000e+00
3.742000000000000171e+01 -3.259082705292632998e-01 1.497029456873886444e+00 0.000000000000000000e+00
3.742999999999999972e+01 -3.242251640375780064e-01 1.497024356128643818e+00 0.000000000000000000e+00
3.743999999999999773e+01 -3.225015144206707651e-01 1.497013756924407968e+00 0.000000000000000000e+00
3.745000000000000284e+01 -3.207375494169915631e-01 1.496997664378417081e+00 0.000000000000000000e+00
3.746000000000000085e+01 -3.189335012734416108e-01 1.496976086371103465e+00 0.000000000000000000e+00
3.746999999999999886e+01 -3.170896067053540768e-01 1.496949033541230767e+00 0.000000000000000000e+00
3.748000000000000398e+01 -3.152061068572466485e-01 1.496916519282241786e+00 0.000000000000000000e+00
3.749000000000000199e+01 -3.132832472630084353e-01 1.496878559734904801e+00 0.000000000000000000e+00
3.750000000000000000e+01 -3.113212778069291975e-01 1.496835173780595163e+00 0.000000000000000000e+00
3.750999999999999801e+01 -3.093204526834186785e-01 1.496786383031640355e+00 0.000000000000000000e+00
3.752000000000000313e+01 -3.072810303593593861e-01 1.496732211821924174e+00 0.000000000000000000e+00
3.753000000000000114e+01 -3.052032735334532232e-01 1.496672687194560147e+00 0.000000000000000000e+00
3.753999999999999915e+01 -3.030874490992521153e-01 1.496607838889150832e+00 0.000000000000000000e+00
3.755000000000000426e+01 -3.009338281052873487e-01 1.496537699327987303e+00 0.000000000000000000e+00
3.756000000000000227e+01 -2.987426857180375817e-01 1.496462303600390342e+00 0.000000000000000000e+00
3.757000000000000028e+01 -2.965143011833170639e-01 1.496381689445309693e+00 0.000000000000000000e+00
3.757999999999999829e+01 -2.942489577894027430e-01 1.496295897234116268e+00 0.000000000000000000e+00
3.759000000000000341e+01 -2.919469428290507040e-01 1.496204969950729158e+00 0.000000000000000000e+00
3.760000000000000142e+01 -2.896085475633362050e-01 1.496108953171106037e+00 0.000000000000000000e+00
3.760999999999999943e+01 -2.872340671846798088e-01 1.496007895040912361e+00 0.000000000000000000e+00
3.761999999999999744e+01 -2.848238007804428373e-01 1.495901846253157919e+00 0.000000000000000000e+00
3.763000000000000256e+01 -2.823780512969533696e-01 1.495790860023077151e+00 0.000000000000000000e+00
3.764000000000000057e+01 -2.798971255042532746e-01 1.495674992062606679e+00 0.000000000000000000e+00
3.764999999999999858e+01 -2.773813339596417626e-01 1.495554300553595839e+00 0.000000000000000000e+00
3.766000000000000369e+01 -2.748309909738079204e-01 1.495428846120088417e+00 0.000000000000000000e+00
3.767000000000000171e+01 -2.722464145745712716e-01 1.495298691798112811e+00 0.000000000000000000e+00
3.767999999999999972e+01 -2.696279264734882108e-01 1.495163903006159645e+00 0.000000000000000000e+00
3.768999999999999773e+01 -2.669758520307874972e-01 1.495024547512990409e+00 0.000000000000000000e+00
3.770000000000000284e+01 -2.642905202215565796e-01 1.494880695405684801e+00 0.000000000000000000e+00
3.771000000000000085e+01 -2.615722636019646163e-01 1.494732419054378036e+00 0.000000000000000000e+00
3.771999999999999886e+01 -2.588214182759857596e-01 1.494579793078873342e+00 0.000000000000000000e+00
3.773000000000000398e+01 -2.560383238617406909e-01 1.494422894311786321e+00 0.000000000000000000e+00
3.774000000000000199e+01 -2.532233234591393378e-01 1.494261801761421538e+00 0.000000000000000000e+00
3.775000000000000000e+01 -2.503767636165417643e-01 1.494096596574449043e+00 0.000000000000000000e+00
3.775999999999999801e+01 -2.474989942987598779e-01 1.493927361995528447e+00 0.000000000000000000e+00
3.777000000000000313e+01 -2.445903688546445243e-01 1.493754183328316776e+00 0.000000000000000000e+00
3.778000000000000114e+01 -2.416512439845891480e-01 1.493577147894202595e+00 0.000000000000000000e+00
3.778999999999999915e+01 -2.386819797091587758e-01 1.493396344989217361e+00 0.000000000000000000e+00
3.780000000000000426e+01 -2.356829393366232372e-01 1.493211865842175357e+00 0.000000000000000000e+00
3.781000000000000227e+01 -2.326544894312917999e-01 1.493023803569797803e+00 0.000000000000000000e+00
3.782000000000000028e+01 -2.295969997819369557e-01 1.492832253131430642e+00 0.000000000000000000e+00
3.782999999999999829e+01 -2.265108433695549317e-01 1.492637311283453228e+00 0.000000000000000000e+00
3.784000000000000341e+01 -2.233963963361961513e-01 1.492439076530777786e+00 0.000000000000000000e+00
3.785000000000000142e+01 -2.202540379528129533e-01 1.492237649079304340e+00 0.000000000000000000e+00
3.785999999999999943e+01 -2.170841505875966415e-01 1.492033130784813588e+00 0.000000000000000000e+00
3.786999999999999744e+01 -2.138871196751611914e-01 1.491825625102891406e+00 0.000000000000000000e+00
3.788000000000000256e+01 -2.106633336841617632e-01 1.491615237035173180e+00 0.000000000000000000e+00
3.789000000000000057e+01 -2.074131840868786159e-01 1.491402073075517087e+00 0.000000000000000000e+00
3.789999999999999858e+01 -2.041370653285205783e-01 1.491186241154516701e+00 0.000000000000000000e+00
3.791000000000000369e+01 -2.008353747961598990e-01 1.490967850582059828e+00 0.000000000000000000e+00
3.792000000000000171e+01 -1.975085127897281967e-01 1.490747011988348358e+00 0.000000000000000000e+00
3.792999999999999972e+01 -1.941568824920468506e-01 1.490523837264932094e+00 0.000000000000000000e+00
3.793999999999999773e+01 -1.907808899400643965e-01 1.490298439502516281e+00 0.000000000000000000e+00
3.795000000000000284e+01 -1.873809439969980895e-01 1.490070932930066538e+00 0.000000000000000000e+00
3.796000000000000085e+01 -1.839574563237066362e-01 1.489841432851729985e+00 0.000000000000000000e+00
3.796999999999999886e+01 -1.805108413515997823e-01 1.489610055584148496e+00 0.000000000000000000e+00
3.798000000000000398e+01 -1.770415162546603027e-01 1.489376918394350158e+00 0.000000000000000000e+00
3.799000000000000199e+01 -1.735499009224019396e-01 1.489142139436121060e+00 0.000000000000000000e+00
3.800000000000000000e+01 -1.700364179305325629e-01 1.488905837689790568e+00 0.000000000000000000e+00
3.800999999999999801e+01 -1.665014925137785207e-01 1.488668132899061414e+00 0.000000000000000000e+00
3.802000000000000313e+01 -1.629455525351975742e-01 1.488429145511928287e+00 0.000000000000000000e+00
3.803000000000000114e+01 -1.593690284566742499e-01 1.488188996619741689e+00 0.000000000000000000e+00
3.803999999999999915e+01 -1.557723533065110133e-01 1.487947807897828545e+00 0.000000000000000000e+00
3.805000000000000426e+01 -1.521559626483579009e-01 1.487705701546861548e+00 0.000000000000000000e+00
3.806000000000000227e+01 -1.485202945463955093e-01 1.487462800232612903e+00 0.000000000000000000e+00
3.807000000000000028e+01 -1.448657895320269728e-01 1.487219227028180324e+00 0.000000000000000000e+00
3.807999999999999829e+01 -1.411928905686085922e-01 1.486975105353339321e+00 0.000000000000000000e+00
3.809000000000000341e+01 -1.375020430152167072e-01 1.486730558916487643e+00 0.000000000000000000e+00
3.810000000000000142e+01 -1.337936945911782360e-01 1.486485711652709929e+00 0.000000000000000000e+00
3.810999999999999943e+01 -1.300682953387103935e-01 1.486240687665113747e+00 0.000000000000000000e+00
3.811999999999999744e+01 -1.263262975866125959e-01 1.485995611162357788e+00 0.000000000000000000e+00
3.813000000000000256e+01 -1.225681559123598247e-01 1.485750606397925555e+00 0.000000000000000000e+00
3.814000000000000057e+01 -1.187943271052846195e-01 1.485505797608409173e+00 0.000000000000000000e+00
3.814999999999999858e+01 -1.150052701283469508e-01 1.485261308950112547e+00 0.000000000000000000e+00
3.816000000000000369e+01 -1.112014460810715061e-01 1.485017264437774598e+00 0.000000000000000000e+00
3.817000000000000171e+01 -1.073833181603718046e-01 1.484773787881082496e+00 0.000000000000000000e+00
3.817999999999999972e+01 -1.035513516234817938e-01 1.484531002820955514e+00 0.000000000000000000e+00
3.818999999999999773e+01 -9.970601374816553952e-02 1.484289032468244951e+00 0.000000000000000000e+00
3.820000000000000284e+01 -9.584777379448919388e-02 1.484047999638634652e+00 0.000000000000000000e+00
3.821000000000000085e+01 -9.197710296503547323e-02 1.483808026690538906e+00 0.000000000000000000e+00
3.821999999999999886e+01 -8.809447436509822149e-02 1.483569235462475433e+00 0.000000000000000000e+00
3.823000000000000398e+01 -8.420036296226900141e-02 1.483331747209135187e+00 0.000000000000000000e+00
3.824000000000000199e+01 -8.029524554540791448e-02 1.483095682539912641e+00 0.000000000000000000e+00
3.825000000000000000e+01 -7.637960068305281458e-02 1.482861161355764956e+00 0.000000000000000000e+00
3.825999999999999801e+01 -7.245390868158081699e-02 1.482628302788028263e+00 0.000000000000000000e+00
3.827000000000000313e+01 -6.851865154112304901e-02 1.482397225136063534e+00 0.000000000000000000e+00
3.828000000000000114e+01 -6.457431291369158943e-02 1.482168045806433909e+00 0.000000000000000000e+00
3.828999999999999915e+01 -6.062137805675364005e-02 1.481940881252700626e+00 0.000000000000000000e+00
3.830000000000000426e+01 -5.666033379002115289e-02 1.481715846914020140e+00 0.000000000000000000e+00
3.831000000000000227e+01 -5.269166844777807557e-02 1.481493057156608728e+00 0.000000000000000000e+00
3.832000000000000028e+01 -4.871587183358926099e-02 1.481272625214021366e+00 0.000000000000000000e+00
3.832999999999999829e+01 -4.473343517168425904e-02 1.481054663128890336e+00 0.000000000000000000e+00
3.834000000000000341e+01 -4.074485105899214310e-02 1.480839281694655618e+00 0.000000000000000000e+00
3.835000000000000142e+01 -3.675061341606016690e-02 1.480626590399310105e+00 0.000000000000000000e+00
3.835999999999999943e+01 -3.275121743703912625e-02 1.480416697367094914e+00 0.000000000000000000e+00
3.836999999999999744e+01 -2.874715953814990441e-02 1.480209709305106092e+00 0.000000000000000000e+00
3.838000000000000256e+01 -2.473893730680223196e-02 1.480005731445778183e+00 0.000000000000000000e+00
3.839000000000000057e+01 -2.072704944847422043e-02 1.479804867494351805e+00 0.000000000000000000e+00
3.839999999999999858e+01 -1.671199573360353241e-02 1.479607219574498922e+00 0.000000000000000000e+00
3.841000000000000369e+01 -1.269427694261773647e-02 1.479412888176123264e+00 0.000000000000000000e+00
3.842000000000000171e+01 -8.674394811844336750e-03 1.479221972102675364e+00 0.000000000000000000e+00
3.842999999999999972e+01 -4.652851976273983912e-03 1.479034568421711215e+00 0.000000000000000000e+00
3.843999999999999773e+01 -6.301519137390629473e-04 1.478850772413008219e+00 0.000000000000000000e+00
3.845000000000000284e+01 3.393201113765160690e-03 1.478670677520911969e+00 0.000000000000000000e+00
3.846000000000000085e+01 7.416702117760123544e-03 1.478494375305060338e+00 0.000000000000000000e+00
3.846999999999999886e+01 1.143984544342648360e-02 1.478321955394286569e+00 0.000000000000000000e+00
3.848000000000000398e+01 1.546212482929768331e-02 1.478153505438880133e+00 0.000000000000000000e+00
3.849000000000000199e+01 1.948303346878333883e-02 1.477989111066958294e+00 0.000000000000000000e+00
3.850000000000000000e+01 2.350206407127216138e-02 1.477828855839037558e+00 0.000000000000000000e+00
3.850999999999999801e+01 2.751870892532962479e-02 1.477672821205867848e+00 0.000000000000000000e+00
3.852000000000000313e+01 3.153245996173575233e-02 1.477521086465714228e+00 0.000000000000000000e+00
3.853000000000000114e+01 3.554280881734134950e-02 1.477373728724184598e+00 0.000000000000000000e+00
3.853999999999999915e+01 3.954924690016101835e-02 1.477230822853731862e+00 0.000000000000000000e+00
3.855000000000000426e+01 4.355126545434207658e-02 1.477092441456129723e+00 0.000000000000000000e+00
3.856000000000000227e+01 4.754835562712859953e-02 1.476958654824262362e+00 0.000000000000000000e+00
3.857000000000000028e+01 5.154000853436138674e-02 1.476829530906409671e+00 0.000000000000000000e+00
3.857999999999999829e+01 5.552571532943113841e-02 1.476705135271916047e+00 0.000000000000000000e+00
3.859000000000000341e+01 5.950496727038250694e-02 1.476585531076495927e+00 0.000000000000000000e+00
3.860000000000000142e+01 6.347725578945975777e-02 1.476470779031752167e+00 0.000000000000000000e+00
3.860999999999999943e+01 6.744207256229564629e-02 1.476360937372052540e+00 0.000000000000000000e+00
3.861999999999999744e+01 7.139890957838598839e-02 1.476256061827774912e+00 0.000000000000000000e+00
3.863000000000000256e+01 7.534725921214174837e-02 1.476156205594427950e+00 0.000000000000000000e+00
3.864000000000000057e+01 7.928661429460211185e-02 1.476061419307663769e+00 0.000000000000000000e+00
3.864999999999999858e+01 8.321646818556753533e-02 1.475971751017661093e+00 0.000000000000000000e+00
3.866000000000000369e+01 8.713631484729111865e-02 1.475887246164072630e+00 0.000000000000000000e+00
3.867000000000000171e+01 9.104564891781918856e-02 1.475807947554805821e+00 0.000000000000000000e+00
3.867999999999999972e+01 9.494396578612071536e-02 1.475733895343563917e+00 0.000000000000000000e+00
3.868999999999999773e+01 9.883076166628418369e-02 1.475665127010913125e+00 0.000000000000000000e+00
3.870000000000000284e+01 1.027055336745308078e-01 1.475601677344902996e+00 0.000000000000000000e+00
3.871000000000000085e+01 1.065677799046023944e-01 1.475543578423917035e+00 0.000000000000000000e+00
3.871999999999999886e+01 1.104169995049854164e-01 1.475490859601888971e+00 0.000000000000000000e+00
3.873000000000000398e+01 1.142526927562789313e-01 1.475443547491337215e+00 0.000000000000000000e+00
3.874000000000000199e+01 1.180743611488302286e-01 1.475401665952716934e+00 0.000000000000000000e+00
3.875000000000000000e+01 1.218815074610006544e-01 1.475365236080103504e+00 0.000000000000000000e+00
3.875999999999999801e+01 1.256736358369489603e-01 1.475334276192050709e+00 0.000000000000000000e+00
3.877000000000000313e+01 1.294502518664399082e-01 1.475308801821356486e+00 0.000000000000000000e+00
3.878000000000000114e+01 1.332108626623803860e-01 1.475288825707502083e+00 0.000000000000000000e+00
3.878999999999999915e+01 1.369549769410028095e-01 1.475274357789853497e+00 0.000000000000000000e+00
3.880000000000000426e+01 1.406821051007630385e-01 1.475265405202534685e+00 0.000000000000000000e+00
3.881000000000000227e+01 1.443917593014354683e-01 1.475261972271026067e+00 0.000000000000000000e+00
3.882000000000000028e+01 1.480834535445291478e-01 1.475264060509637432e+00 0.000000000000000000e+00
3.882999999999999829e+01 1.517567037524298890e-01 1.475271668620636190e+00 0.000000000000000000e+00
3.884000000000000341e+01 1.554110278484668317e-01 1.475284792495812791e+00 0.000000000000000000e+00
3.885000000000000142e+01 1.590459458372186219e-01 1.475303425218142950e+00 0.000000000000000000e+00
3.885999999999999943e+01 1.626609798842373611e-01 1.475327557065883699e+00 0.000000000000000000e+00
3.886999999999999744e+01 1.662556543969518352e-01 1.475357175518043240e+00 0.000000000000000000e+00
3.888000000000000256e+01 1.698294961040464901e-01 1.475392265261264102e+00 0.000000000000000000e+00
3.889000000000000057e+01 1.733820341370378437e-01 1.475432808197886247e+00 0.000000000000000000e+00
3.889999999999999858e+01 1.769128001094808500e-01 1.475478783456497300e+00 0.000000000000000000e+00
3.891000000000000369e+01 1.804213281982837702e-01 1.475530167402544057e+00 0.000000000000000000e+00
3.892000000000000171e+01 1.839071552233163265e-01 1.475586933651329868e+00 0.000000000000000000e+00
3.892999999999999972e+01 1.873698207283615302e-01 1.475649053082481066e+00 0.000000000000000000e+00
3.893999999999999773e+01 1.908088670603314829e-01 1.475716493855061984e+00 0.000000000000000000e+00
3.895000000000000284e+01 1.942238394499955223e-01 1.475789221425305886e+00 0.000000000000000000e+00
3.896000000000000085e+01 1.976142860910549415e-01 1.475867198563459048e+00 0.000000000000000000e+00
3.896999999999999886e+01 2.009797582199087385e-01 1.475950385375720320e+00 0.000000000000000000e+00
3.898000000000000398e+01 2.043198101943641265e-01 1.476038739323116689e+00 0.000000000000000000e+00
3.899000000000000199e+01 2.076339995727156940e-01 1.476132215245514745e+00 0.000000000000000000e+00
3.900000000000000000e+01 2.109218871917518390e-01 1.476230765384513255e+00 0.000000000000000000e+00
3.900999999999999801e+01 2.141830372445342745e-01 1.476334339408561513e+00 0.000000000000000000e+00
3.902000000000000313e+01 2.174170173577683607e-01 1.476442884439538750e+00 0.000000000000000000e+00
3.903000000000000114e+01 2.206233986686079174e-01 1.476556345080564991e+00 0.000000000000000000e+00
3.903999999999999915e+01 2.238017559005501811e-01 1.476674663444127233e+00 0.000000000000000000e+00
3.905000000000000426e+01 2.269516674391484634e-01 1.476797779182884351e+00 0.000000000000000000e+00
3.906000000000000227e+01 2.300727154067599700e-01 1.476925629521035566e+00 0.000000000000000000e+00
3.907000000000000028e+01 2.331644857367491108e-01 1.477058149286527788e+00 0.000000000000000000e+00
3.907999999999999829e+01 2.362265682469547601e-01 1.477195270945264705e+00 0.000000000000000000e+00
3.909000000000000341e+01 2.392585567122957890e-01 1.477336924635830329e+00 0.000000000000000000e+00
3.910000000000000142e+01 2.422600489372521426e-01 1.477483038206157895e+00 0.000000000000000000e+00
3.910999999999999943e+01 2.452306468260545269e-01 1.477633537249846363e+00 0.000000000000000000e+00
3.911999999999999744e+01 2.481699564543596026e-01 1.477788345145957694e+00 0.000000000000000000e+00
3.913000000000000256e+01 2.510775881380034047e-01 1.477947383097675704e+00 0.000000000000000000e+00
3.914000000000000057e+01 2.539531565021524440e-01 1.478110570173027716e+00 0.000000000000000000e+00
3.914999999999999858e+01 2.567962805493236855e-01 1.478277823347301068e+00 0.000000000000000000e+00
3.916000000000000369e+01 2.596065837259891040e-01 1.478449057544743983e+00 0.000000000000000000e+00
3.917000000000000171e+01 2.623836939895886622e-01 1.478624185683523606e+00 0.000000000000000000e+00
3.917999999999999972e+01 2.651272438730775116e-01 1.478803118719541176e+00 0.000000000000000000e+00
3.918999999999999773e+01 2.678368705496264601e-01 1.478985765693028975e+00 0.000000000000000000e+00
3.920000000000000284e+01 2.705122158955890477e-01 1.479172033774603490e+00 0.000000000000000000e+00
3.921000000000000085e+01 2.731529265533246820e-01 1.479361828313268568e+00 0.000000000000000000e+00
3.921999999999999886e+01 2.757586539919442692e-01 1.479555052885077826e+00 0.000000000000000000e+00
3.923000000000000398e+01 2.783290545678793193e-01 1.479751609342348617e+00 0.000000000000000000e+00
3.924000000000000199e+01 2.808637895836095244e-01 1.479951397863888518e+00 0.000000000000000000e+00
3.925000000000000000e+01 2.833625253459470805e-01 1.480154317006286080e+00 0.000000000000000000e+00
3.925999999999999801e+01 2.858249332225142325e-01 1.480360263755965411e+00 0.000000000000000000e+00
3.927000000000000313e+01 2.882506896972517052e-01 1.480569133581392860e+00 0.000000000000000000e+00
3.928000000000000114e+01 2.906394764254418561e-01 1.480780820486731431e+00 0.000000000000000000e+00
3.928999999999999915e+01 2.929909802855602541e-01 1.480995217066488401e+00 0.000000000000000000e+00
3.930000000000000426e+01 2.953048934326759634e-01 1.481212214558946139e+00 0.000000000000000000e+00
3.931000000000000227e+01 2.975809133475633694e-01 1.481431702903538872e+00 0.000000000000000000e+00
3.932000000000000028e+01 2.998187428866978532e-01 1.481653570795091523e+00 0.000000000000000000e+00
3.932999999999999829e+01 3.020180903304602871e-01 1.481877705741881268e+00 0.000000000000000000e+00
3.934000000000000341e+01 3.041786694285805170e-01 1.482103994121952262e+00 0.000000000000000000e+00
3.935000000000000142e+01 3.063001994466948985e-01 1.482332321241825346e+00 0.000000000000000000e+00
3.935999999999999943e+01 3.083824052086940326e-01 1.482562571393488238e+00 0.000000000000000000e+00
3.936999999999999744e+01 3.104250171407228476e-01 1.482794627914714614e+00 0.000000000000000000e+00
3.938000000000000256e+01 3.124277713103729148e-01 1.483028373247024412e+00 0.000000000000000000e+00
3.939000000000000057e+01 3.143904094676862604e-01 1.483263688995677620e+00 0.000000000000000000e+00
3.939999999999999858e+01 3.163126790824848933e-01 1.483500455990178324e+00 0.000000000000000000e+00
3.941000000000000369e+01 3.181943333808548435e-01 1.483738554343561056e+00 0.000000000000000000e+00
3.942000000000000171e+01 3.200351313808761922e-01 1.483977863514203133e+00 0.000000000000000000e+00
3.942999999999999972e+01 3.218348379258477721e-01 1.484218262365845531e+00 0.000000000000000000e+00
3.943999999999999773e+01 3.235932237167273295e-01 1.484459629229460953e+00 0.000000000000000000e+00
3.945000000000000284e+01 3.253100653425718414e-01 1.484701841964181979e+00 0.000000000000000000e+00
3.946000000000000085e+01 3.269851453107271988e-01 1.484944778019238854e+00 0.000000000000000000e+00
3.946999999999999886e+01 3.286182520733930135e-01 1.485188314495770934e+00 0.000000000000000000e+00
3.948000000000000398e+01 3.302091800554994294e-01 1.485432328208782016e+00 0.000000000000000000e+00
3.949000000000000199e+01 3.317577296784640084e-01 1.485676695748961107e+00 0.000000000000000000e+00
3.950000000000000000e+01 3.332637073847447562e-01 1.485921293544715027e+00 0.000000000000000000e+00
3.950999999999999801e+01 3.347269256594309073e-01 1.486165997925554150e+00 0.000000000000000000e+00
3.952000000000000313e+01 3.361472030513789067e-01 1.486410685182303126e+00 0.000000000000000000e+00
3.953000000000000114e+01 3.375243641921355509e-01 1.486655231631086371e+00 0.000000000000000000e+00
3.953999999999999915e+01 3.388582398142110930e-01 1.486899513674583284e+00 0.000000000000000000e+00
3.955000000000000426e+01 3.401486667674850639e-01 1.487143407864010225e+00 0.000000000000000000e+00
3.956000000000000227e+01 3.413954880339875597e-01 1.487386790962175409e+00 0.000000000000000000e+00
3.957000000000000028e+01 3.425985527416071097e-01 1.487629540003619244e+00 0.000000000000000000e+00
3.957999999999999829e+01 3.437577161765567602e-01 1.487871532358075566e+00 0.000000000000000000e+00
3.959000000000000341e+01 3.448728397930387879e-01 1.488112645790519384e+00 0.000000000000000000e+00
3.960000000000000142e+01 3.459437912234469281e-01 1.488352758523547426e+00 0.000000000000000000e+00
3.960999999999999943e+01 3.469704442852264981e-01 1.488591749297797140e+00 0.000000000000000000e+00
3.961999999999999744e+01 3.479526789873595982e-01 1.488829497432326399e+00 0.000000000000000000e+00
3.963000000000000256e+01 3.488903815345981152e-01 1.489065882886432490e+00 0.000000000000000000e+00
3.964000000000000057e+01 3.497834443311828578e-01 1.489300786317943048e+00 0.000000000000000000e+00
3.964999999999999858e+01 3.506317659815735288e-01 1.489534089144396001e+00 0.000000000000000000e+00
3.966000000000000369e+01 3.514352512911742554e-01 1.489765673601443075e+00 0.000000000000000000e+00
3.967000000000000171e+01 3.521938112648790309e-01 1.489995422802191438e+00 0.000000000000000000e+00
3.967999999999999972e+01 3.529073631036327430e-01 1.490223220795327652e+00 0.000000000000000000e+00
3.968999999999999773e+01 3.535758302007781517e-01 1.490448952623588452e+00 0.000000000000000000e+00
3.970000000000000284e+01 3.541991421358927639e-01 1.490672504380122332e+00 0.000000000000000000e+00
3.971000000000000085e+01 3.547772346677466881e-01 1.490893763266934124e+00 0.000000000000000000e+00
3.971999999999999886e+01 3.553100497254984558e-01 1.491112617649472005e+00 0.000000000000000000e+00
3.973000000000000398e+01 3.557975353993500511e-01 1.491328957113901232e+00 0.000000000000000000e+00
3.974000000000000199e+01 3.562396459282079486e-01 1.491542672521042556e+00 0.000000000000000000e+00
3.975000000000000000e+01 3.566363416887325943e-01 1.491753656061597821e+00 0.000000000000000000e+00
3.975999999999999801e+01 3.569875891794812017e-01 1.491961801309113378e+00 0.000000000000000000e+00
3.977000000000000313e+01 3.572933610077603794e-01 1.492167003274408099e+00 0.000000000000000000e+00
3.978000000000000114e+01 3.575536358722345986e-01 1.492369158455950195e+00 0.000000000000000000e+00
3.978999999999999915e+01 3.577683985455460958e-01 1.492568164893817384e+00 0.000000000000000000e+00
3.980000000000000426e+01 3.579376398563203221e-01 1.492763922217972938e+00 0.000000000000000000e+00
3.981000000000000227e+01 3.580613566691496219e-01 1.492956331700665551e+00 0.000000000000000000e+00
3.982000000000000028e+01 3.581395518637956465e-01 1.493145296303841851e+00 0.000000000000000000e+00
3.982999999999999829e+01 3.581722343137813680e-01 1.493330720728745176e+00 0.000000000000000000e+00
3.984000000000000341e+01 3.581594188638336784e-01 1.493512511462369963e+00 0.000000000000000000e+00
3.985000000000000142e+01 3.581011263058241356e-01 1.493690576825164262e+00 0.000000000000000000e+00
3.985999999999999943e+01 3.579973833547371864e-01 1.493864827015376040e+00 0.000000000000000000e+00
3.986999999999999744e+01 3.578482226231573526e-01 1.494035174155478929e+00 0.000000000000000000e+00
3.988000000000000256e+01 3.576536825949434006e-01 1.494201532334124893e+00 0.000000000000000000e+00
3.989000000000000057e+01 3.574138075982681850e-01 1.494363817650680604e+00 0.000000000000000000e+00
3.989999999999999858e+01 3.571286477778214952e-01 1.494521948255811639e+00 0.000000000000000000e+00
3.991000000000000369e+01 3.567982590659419806e-01 1.494675844392901576e+00 0.000000000000000000e+00
3.992000000000000171e+01 3.564227031528661715e-01 1.494825428437653425e+00 0.000000000000000000e+00
3.992999999999999972e+01 3.560020474571172766e-01 1.494970624936956538e+00 0.000000000000000000e+00
3.993999999999999773e+01 3.555363650935694508e-01 1.495111360645892784e+00 0.000000000000000000e+00
3.995000000000000284e+01 3.550257348416789305e-01 1.495247564565449494e+00 0.000000000000000000e+00
3.996000000000000085e+01 3.544702411129682651e-01 1.495379167976617296e+00 0.000000000000000000e+00
3.996999999999999886e+01 3.538699739175903414e-01 1.495506104475558651e+00 0.000000000000000000e+00
3.998000000000000398e+01 3.532250288288283357e-01 1.495628310006485995e+00 0.000000000000000000e+00
3.999000000000000199e+01 3.525355069498704030e-01 1.495745722893059293e+00 0.000000000000000000e+00
4.000000000000000000e+01 3.518015148764091493e-01 1.495858283870538319e+00 0.000000000000000000e+00
4.000999999999999801e+01 3.510231646609467959e-01 1.495965936113778261e+00 0.000000000000000000e+00
4.002000000000000313e+01 3.502005737756111459e-01 1.496068625266280483e+00 0.000000000000000000e+00
4.003000000000000114e+01 3.493338650745310137e-01 1.496166299468046912e+00 0.000000000000000000e+00
4.003999999999999915e+01 3.484231667554895107e-01 1.496258909379749369e+00 0.000000000000000000e+00
4.005000000000000426e+01 3.474686123216692013e-01 1.496346408209231926e+00 0.000000000000000000e+00
4.006000000000000227e+01 3.464703405427912442e-01 1.496428751733681617e+00 0.000000000000000000e+00
4.007000000000000028e+01 3.454284954153386544e-01 1.496505898322183725e+00 0.000000000000000000e+00
4.007999999999999829e+01 3.443432261244357973e-01 1.496577808956550903e+00 0.000000000000000000e+00
4.009000000000000341e+01 3.432146870026349106e-01 1.496644447250625953e+00 0.000000000000000000e+00
4.010000000000000142e+01 3.420430374918586591e-01 1.496705779469491571e+00 0.000000000000000000e+00
4.010999999999999943e+01 3.408284421029345590e-01 1.496761774544474344e+00 0.000000000000000000e+00
4.011999999999999744e+01 3.395710703759209914e-01 1.496812404091233839e+00 0.000000000000000000e+00
4.013000000000000256e+01 3.382710968407365293e-01 1.496857642421954626e+00 0.000000000000000000e+00
4.014000000000000057e+01 3.369287009774160069e-01 1.496897466559869994e+00 0.000000000000000000e+00
4.014999999999999858e+01 3.355440671765884675e-01 1.496931856249595683e+00 0.000000000000000000e+00
4.016000000000000369e+01 3.341173846998767849e-01 1.496960793968953096e+00 0.000000000000000000e+00
4.017000000000000171e+01 3.326488476401360805e-01 1.496984264936277453e+00 0.000000000000000000e+00
4.017999999999999972e+01 3.311386548825087650e-01 1.497002257119552704e+00 0.000000000000000000e+00
4.018999999999999773e+01 3.295870100645876821e-01 1.497014761241485914e+00 0.000000000000000000e+00
4.020000000000000284e+01 3.279941215365363982e-01 1.497021770785053940e+00 0.000000000000000000e+00
4.021000000000000085e+01 3.263602023224581594e-01 1.497023281997079458e+00 0.000000000000000000e+00
4.021999999999999886e+01 3.246854700797003335e-01 1.497019293889965796e+00 0.000000000000000000e+00
4.023000000000000398e+01 3.229701470604004476e-01 1.497009808242875106e+00 0.000000000000000000e+00
4.024000000000000199e+01 3.212144600708642384e-01 1.496994829601186572e+00 0.000000000000000000e+00
4.025000000000000000e+01 3.194186404327351014e-01 1.496974365274189367e+00 0.000000000000000000e+00
4.025999999999999801e+01 3.175829239426257167e-01 1.496948425332646604e+00 0.000000000000000000e+00
4.027000000000000313e+01 3.157075508335489000e-01 1.496917022603238001e+00 0.000000000000000000e+00
4.028000000000000114e+01 3.137927657346111232e-01 1.496880172663414443e+00 0.000000000000000000e+00
4.028999999999999915e+01 3.118388176320064931e-01 1.496837893833567801e+00 0.000000000000000000e+00
4.030000000000000426e+01 3.098459598302656937e-01 1.496790207168834375e+00 0.000000000000000000e+00
4.031000000000000227e+01 3.078144499124657041e-01 1.496737136448700767e+00 0.000000000000000000e+00
4.032000000000000028e+01 3.057445497023885128e-01 1.496678708166184313e+00 0.000000000000000000e+00
4.032999999999999829e+01 3.036365252255497360e-01 1.496614951515012226e+00 0.000000000000000000e+00
4.034000000000000341e+01 3.014906466714039057e-01 1.496545898375472472e+00 0.000000000000000000e+00
4.035000000000000142e+01 2.993071883549123235e-01 1.496471583299746166e+00 0.000000000000000000e+00
4.035999999999999943e+01 2.970864286799520526e-01 1.496392043494748192e+00 0.000000000000000000e+00
4.036999999999999744e+01 2.948286501012255534e-01 1.496307318804726672e+00 0.000000000000000000e+00
4.038000000000000256e+01 2.925341390875239589e-01 1.496217451692023914e+00 0.000000000000000000e+00
4.039000000000000057e+01 2.902031860855949219e-01 1.496122487216355879e+00 0.000000000000000000e+00
4.039999999999999858e+01 2.878360854828544979e-01 1.496022473013234544e+00 0.000000000000000000e+00
4.041000000000000369e+01 2.854331355721514418e-01 1.495917459271180805e+00 0.000000000000000000e+00
4.042000000000000171e+01 2.829946385150712285e-01 1.495807498707007133e+00 0.000000000000000000e+00
4.042999999999999972e+01 2.805209003069322748e-01 1.495692646539988457e+00 0.000000000000000000e+00
4.043999999999999773e+01 2.780122307404011561e-01 1.495572960466160062e+00 0.000000000000000000e+00
4.045000000000000284e+01 2.754689433711366431e-01 1.495448500628153710e+00 0.000000000000000000e+00
4.046000000000000085e+01 2.728913554819240583e-01 1.495319329587932344e+00 0.000000000000000000e+00
4.046999999999999886e+01 2.702797880477227355e-01 1.495185512294282981e+00 0.000000000000000000e+00
4.048000000000000398e+01 2.676345657016118151e-01 1.495047116051873237e+00 0.000000000000000000e+00
4.049000000000000199e+01 2.649560166990000409e-01 1.494904210488058327e+00 0.000000000000000000e+00
4.050000000000000000e+01 2.622444728842918127e-01 1.494756867517728960e+00 0.000000000000000000e+00
4.050999999999999801e+01 2.595002696562878075e-01 1.494605161308645291e+00 0.000000000000000000e+00
4.052000000000000313e+01 2.567237459338626016e-01 1.494449168243949799e+00 0.000000000000000000e+00
4.053000000000000114e+01 2.539152441230637658e-01 1.494288966884555592e+00 0.000000000000000000e+00
4.053999999999999915e+01 2.510751100827012805e-01 1.494124637929944877e+00 0.000000000000000000e+00
4.055000000000000426e+01 2.482036930917594919e-01 1.493956264178036175e+00 0.000000000000000000e+00
4.056000000000000227e+01 2.453013458159705174e-01 1.493783930484148481e+00 0.000000000000000000e+00
4.057000000000000028e+01 2.423684242749322426e-01 1.493607723718146874e+00 0.000000000000000000e+00
4.057999999999999829e+01 2.394052878096425974e-01 1.493427732721982482e+00 0.000000000000000000e+00
4.059000000000000341e+01 2.364122990498519206e-01 1.493244048265275126e+00 0.000000000000000000e+00
4.060000000000000142e+01 2.333898238815119985e-01 1.493056763000058851e+00 0.000000000000000000e+00
4.060999999999999943e+01 2.303382314150094479e-01 1.492865971415496817e+00 0.000000000000000000e+00
4.061999999999999744e+01 2.272578939526502806e-01 1.492671769791249270e+00 0.000000000000000000e+00
4.063000000000000256e+01 2.241491869569094131e-01 1.492474256149804779e+00 0.000000000000000000e+00
4.064000000000000057e+01 2.210124890190616753e-01 1.492273530209524912e+00 0.000000000000000000e+00
4.064999999999999858e+01 2.178481818274945747e-01 1.492069693335355662e+00 0.000000000000000000e+00
4.066000000000000369e+01 2.146566501366282964e-01 1.491862848489771798e+00 0.000000000000000000e+00
4.067000000000000171e+01 2.114382817368558598e-01 1.491653100183311542e+00 0.000000000000000000e+00
4.067999999999999972e+01 2.081934674238779814e-01 1.491440554423640652e+00 0.000000000000000000e+00
4.068999999999999773e+01 2.049226009702825035e-01 1.491225318663657484e+00 0.000000000000000000e+00
4.070000000000000284e+01 2.016260790955393400e-01 1.491007501749759490e+00 0.000000000000000000e+00
4.071000000000000085e+01 1.983043014393712777e-01 1.490787213867704963e+00 0.000000000000000000e+00
4.071999999999999886e+01 1.949576705331436399e-01 1.490564566487950326e+00 0.000000000000000000e+00
4.073000000000000398e+01 1.915865917736489510e-01 1.490339672309895391e+00 0.000000000000000000e+00
4.074000000000000199e+01 1.881914733957117114e-01 1.490112645204603847e+00 0.000000000000000000e+00
4.075000000000000000e+01 1.847727264460750640e-01 1.489883600156055588e+00 0.000000000000000000e+00
4.075999999999999801e+01 1.813307647556663960e-01 1.489652653202306665e+00 0.000000000000000000e+00
4.077000000000000313e+01 1.778660049125181664e-01 1.489419921374733891e+00 0.000000000000000000e+00
4.078000000000000114e+01 1.743788662331450245e-01 1.489185522636806702e+00 0.000000000000000000e+00
4.078999999999999915e+01 1.708697707331991444e-01 1.488949575822142490e+00 0.000000000000000000e+00
4.080000000000000426e+01 1.673391430974931759e-01 1.488712200572710920e+00 0.000000000000000000e+00
4.081000000000000227e+01 1.637874106481906900e-01 1.488473517276026170e+00 0.000000000000000000e+00
4.082000000000000028e+01 1.602150033128363071e-01 1.488233647001697246e+00 0.000000000000000000e+00
4.082999999999999829e+01 1.566223535909628262e-01 1.487992711439649174e+00 0.000000000000000000e+00
4.084000000000000341e+01 1.530098965202016381e-01 1.487750832836034265e+00 0.000000000000000000e+00
4.085000000000000142e+01 1.493780696419909348e-01 1.487508133930423693e+00 0.000000000000000000e+00
4.085999999999999943e+01 1.457273129660473510e-01 1.487264737892818767e+00 0.000000000000000000e+00
4.086999999999999744e+01 1.420580689356883974e-01 1.487020768260085557e+00 0.000000000000000000e+00
4.088000000000000256e+01 1.383707823914618051e-01 1.486776348872543840e+00 0.000000000000000000e+00
4.089000000000000057e+01 1.346659005363118611e-01 1.486531603811086288e+00 0.000000000000000000e+00
4.089999999999999858e+01 1.309438728982918465e-01 1.486286657333153460e+00 0.000000000000000000e+00
4.091000000000000369e+01 1.272051512957783348e-01 1.486041633809762175e+00 0.000000000000000000e+00
4.092000000000000171e+01 1.234501898001036518e-01 1.485796657661917264e+00 0.000000000000000000e+00
4.092999999999999972e+01 1.196794446994314115e-01 1.485551853297163882e+00 0.000000000000000000e+00
4.093999999999999773e+01 1.158933744621398199e-01 1.485307345046016136e+00 0.000000000000000000e+00
4.095000000000000284e+01 1.120924396995222200e-01 1.485063257099168643e+00 0.000000000000000000e+00
4.096000000000000085e+01 1.082771031285886948e-01 1.484819713443440881e+00 0.000000000000000000e+00
4.096999999999999886e+01 1.044478295343535118e-01 1.484576837799425064e+00 0.000000000000000000e+00
4.098000000000000398e+01 1.006050857317573322e-01 1.484334753557553066e+00 0.000000000000000000e+00
4.099000000000000199e+01 9.674934052725349398e-02 1.484093583716294296e+00 0.000000000000000000e+00
4.100000000000000000e+01 9.288106467941582844e-02 1.483853450818209962e+00 0.000000000000000000e+00
4.100999999999999801e+01 8.900073085987592059e-02 1.483614476888698075e+00 0.000000000000000000e+00
4.102000000000000313e+01 8.510881361246316890e-02 1.483376783372672758e+00 0.000000000000000000e+00
4.103000000000000114e+01 8.120578931338143236e-02 1.483140491073541956e+00 0.000000000000000000e+00
4.103999999999999915e+01 7.729213612877207373e-02 1.482905720090404111e+00 0.000000000000000000e+00
4.105000000000000426e+01 7.336833397339484475e-02 1.482672589758382120e+00 0.000000000000000000e+00
4.106000000000000227e+01 6.943486446731673978e-02 1.482441218585410780e+00 0.000000000000000000e+00
4.107000000000000028e+01 6.549221089250249761e-02 1.482211724193843505e+00 0.000000000000000000e+00
4.107999999999999829e+01 6.154085814867815696e-02 1.481984223258950184e+00 0.000000000000000000e+00
4.109000000000000341e+01 5.758129270770609431e-02 1.481758831449682567e+00 0.000000000000000000e+00
4.110000000000000142e+01 5.361400256853611490e-02 1.481535663369275557e+00 0.000000000000000000e+00
4.110999999999999943e+01 4.963947720961067039e-02 1.481314832497008016e+00 0.000000000000000000e+00
4.111999999999999744e+01 4.565820754194465508e-02 1.481096451129511049e+00 0.000000000000000000e+00
4.113000000000000256e+01 4.167068586068926883e-02 1.480880630323549774e+00 0.000000000000000000e+00
4.114000000000000057e+01 3.767740579587623706e-02 1.480667479839275380e+00 0.000000000000000000e+00
4.114999999999999858e+01 3.367886226240458108e-02 1.480457108083307771e+00 0.000000000000000000e+00
4.116000000000000369e+01 2.967555140961384771e-02 1.480249622054103931e+00 0.000000000000000000e+00
4.117000000000000171e+01 2.566797056871776561e-02 1.480045127285837925e+00 0.000000000000000000e+00
4.117999999999999972e+01 2.165661820140817734e-02 1.479843727795686625e+00 0.000000000000000000e+00
4.118999999999999773e+01 1.764199384568285525e-02 1.479645526029035540e+00 0.000000000000000000e+00
4.120000000000000284e+01 1.362459806169415144e-02 1.479450622807704674e+00 0.000000000000000000e+00
4.121000000000000085e+01 9.604932377129962728e-03 1.479259117278220126e+00 0.000000000000000000e+00
4.121999999999999886e+01 5.583499230506467660e-03 1.479071106860138984e+00 0.000000000000000000e+00
4.123000000000000398e+01 1.560801915402134201e-03 1.478886687196972360e+00 0.000000000000000000e+00
4.124000000000000199e+01 -2.462655478398956526e-03 1.478705952105944021e+00 0.000000000000000000e+00
4.125000000000000000e+01 -6.486368122311805817e-03 1.478528993530887403e+00 0.000000000000000000e+00
4.125999999999999801e+01 -1.050983050870972837e-02 1.478355901493953573e+00 0.000000000000000000e+00
4.127000000000000313e+01 -1.453253651117724331e-02 1.478186764050101409e+00 0.000000000000000000e+00
4.128000000000000114e+01 -1.855397944501525204e-02 1.478021667241249837e+00 0.000000000000000000e+00
4.128999999999999915e+01 -2.257365212876990060e-02 1.477860695052246154e+00 0.000000000000000000e+00
4.130000000000000426e+01 -2.659104694762327512e-02 1.477703929367770730e+00 0.000000000000000000e+00
4.131000000000000227e+01 -3.060565591494865748e-02 1.477551449930104122e+00 0.000000000000000000e+00
4.132000000000000028e+01 -3.461697073760369725e-02 1.477403334298063919e+00 0.000000000000000000e+00
4.132999999999999829e+01 -3.862448287976193162e-02 1.477259657807095783e+00 0.000000000000000000e+00
4.134000000000000341e+01 -4.262768362795806704e-02 1.477120493530871270e+00 0.000000000000000000e+00
4.135000000000000142e+01 -4.662606415777491298e-02 1.476985912243049759e+00 0.000000000000000000e+00
4.135999999999999943e+01 -5.061911559957315426e-02 1.476855982382016208e+00 0.000000000000000000e+00
4.136999999999999744e+01 -5.460632910611269708e-02 1.476730770014183403e+00 0.000000000000000000e+00
4.138000000000000256e+01 -5.858719592053359543e-02 1.476610338801726430e+00 0.000000000000000000e+00
4.139000000000000057e+01 -6.256120744444905457e-02 1.476494749968533693e+00 0.000000000000000000e+00
4.139999999999999858e+01 -6.652785530775238987e-02 1.476384062269634478e+00 0.000000000000000000e+00
4.141000000000000369e+01 -7.048663143771738415e-02 1.476278331960842571e+00 0.000000000000000000e+00
4.142000000000000171e+01 -7.443702813012750830e-02 1.476177612769645098e+00 0.000000000000000000e+00
4.142999999999999972e+01 -7.837853812016673527e-02 1.476081955868234985e+00 0.000000000000000000e+00
4.143999999999999773e+01 -8.231065465432803319e-02 1.475991409846872937e+00 0.000000000000000000e+00
4.145000000000000284e+01 -8.623287156302780754e-02 1.475906020689030873e+00 0.000000000000000000e+00
4.146000000000000085e+01 -9.014468333367237074e-02 1.475825831748532879e+00 0.000000000000000000e+00
4.146999999999999886e+01 -9.404558518475687745e-02 1.475750883726511864e+00 0.000000000000000000e+00
4.148000000000000398e+01 -9.793507314044137824e-02 1.475681214651554107e+00 0.000000000000000000e+00
4.149000000000000199e+01 -1.018126441054973408e-01 1.475616859859644192e+00 0.000000000000000000e+00
4.150000000000000000e+01 -1.056777959417068841e-01 1.475557851976873058e+00 0.000000000000000000e+00
4.150999999999999801e+01 -1.095300275438343407e-01 1.475504220902421171e+00 0.000000000000000000e+00
4.152000000000000313e+01 -1.133688389169791172e-01 1.475455993793616694e+00 0.000000000000000000e+00
4.153000000000000114e+01 -1.171937312541097009e-01 1.475413195052858839e+00 0.000000000000000000e+00
4.153999999999999915e+01 -1.210042070141697373e-01 1.475375846313929706e+00 0.000000000000000000e+00
4.155000000000000426e+01 -1.247997700006430316e-01 1.475343966433147358e+00 0.000000000000000000e+00
4.156000000000000227e+01 -1.285799257134780937e-01 1.475317565107178597e+00 0.000000000000000000e+00
4.157000000000000028e+01 -1.323441799707184563e-01 1.475296679383284681e+00 0.000000000000000000e+00
4.157999999999999829e+01 -1.360920422500391525e-01 1.475281285945688969e+00 0.000000000000000000e+00
4.159000000000000341e+01 -1.398230218183573736e-01 1.475271415286634635e+00 0.000000000000000000e+00
4.160000000000000142e+01 -1.435366305911933427e-01 1.475267064802973760e+00 0.000000000000000000e+00
4.160999999999999943e+01 -1.472323820968687025e-01 1.475268237444173014e+00 0.000000000000000000e+00
4.161999999999999744e+01 -1.509097917689860291e-01 1.475274932569675679e+00 0.000000000000000000e+00
4.163000000000000256e+01 -1.545683770357393905e-01 1.475287146561189866e+00 0.000000000000000000e+00
4.164000000000000057e+01 -1.582076573872234770e-01 1.475304873028004948e+00 0.000000000000000000e+00
4.164999999999999858e+01 -1.618271544578569199e-01 1.475328102770691707e+00 0.000000000000000000e+00
4.166000000000000369e+01 -1.654263921079116573e-01 1.475356823788617877e+00 0.000000000000000000e+00
4.167000000000000171e+01 -1.690048965033677519e-01 1.475391021286848403e+00 0.000000000000000000e+00
4.167999999999999972e+01 -1.725621961964140805e-01 1.475430677685232173e+00 0.000000000000000000e+00
4.168999999999999773e+01 -1.760978222067729748e-01 1.475475772627197868e+00 0.000000000000000000e+00
4.170000000000000284e+01 -1.796113081012874202e-01 1.475526282991041604e+00 0.000000000000000000e+00
4.171000000000000085e+01 -1.831021900746691855e-01 1.475582182902116957e+00 0.000000000000000000e+00
4.171999999999999886e+01 -1.865700070297230118e-01 1.475643443747361339e+00 0.000000000000000000e+00
4.173000000000000398e+01 -1.900143006576607008e-01 1.475710034189513964e+00 0.000000000000000000e+00
4.174000000000000199e+01 -1.934346155172802506e-01 1.475781920184778828e+00 0.000000000000000000e+00
4.175000000000000000e+01 -1.968304991154707917e-01 1.475859065000076020e+00 0.000000000000000000e+00
4.175999999999999801e+01 -2.002015019859681166e-01 1.475941429232718649e+00 0.000000000000000000e+00
4.177000000000000313e+01 -2.035471777686925221e-01 1.476028970831243070e+00 0.000000000000000000e+00
4.178000000000000114e+01 -2.068670832883273691e-01 1.476121645117287828e+00 0.000000000000000000e+00
4.178999999999999915e+01 -2.101607786328468785e-01 1.476219404809270941e+00 0.000000000000000000e+00
4.180000000000000426e+01 -2.134278272309142466e-01 1.476322200046449762e+00 0.000000000000000000e+00
4.181000000000000227e+01 -2.166677959292474254e-01 1.476429978416013533e+00 0.000000000000000000e+00
4.182000000000000028e+01 -2.198802550702110559e-01 1.476542684979502473e+00 0.000000000000000000e+00
4.182999999999999829e+01 -2.230647785663923688e-01 1.476660262301707549e+00 0.000000000000000000e+00
4.184000000000000341e+01 -2.262209439779502562e-01 1.476782650480593428e+00 0.000000000000000000e+00
4.185000000000000142e+01 -2.293483325861004618e-01 1.476909787178460665e+00 0.000000000000000000e+00
4.185999999999999943e+01 -2.324465294681772043e-01 1.477041607653750921e+00 0.000000000000000000e+00
4.186999999999999744e+01 -2.355151235708399238e-01 1.477178044795253609e+00 0.000000000000000000e+00
4.188000000000000256e+01 -2.385537077827586949e-01 1.477319029156730190e+00 0.000000000000000000e+00
4.189000000000000057e+01 -2.415618790071260846e-01 1.477464488991815594e+00 0.000000000000000000e+00
4.189999999999999858e+01 -2.445392382323006986e-01 1.477614350292899781e+00 0.000000000000000000e+00
4.191000000000000369e+01 -2.474853906028305073e-01 1.477768536827352541e+00 0.000000000000000000e+00
4.192000000000000171e+01 -2.503999454889143661e-01 1.477926970178356836e+00 0.000000000000000000e+00
4.192999999999999972e+01 -2.532825165553568847e-01 1.478089569784402757e+00 0.000000000000000000e+00
4.193999999999999773e+01 -2.561327218294549568e-01 1.478256252981271279e+00 0.000000000000000000e+00
4.195000000000000284e+01 -2.589501837685034835e-01 1.478426935043899215e+00 0.000000000000000000e+00
4.196000000000000085e+01 -2.617345293256975736e-01 1.478601529231130751e+00 0.000000000000000000e+00
4.196999999999999886e+01 -2.644853900157951854e-01 1.478779946828987502e+00 0.000000000000000000e+00
4.198000000000000398e+01 -2.672024019795056771e-01 1.478962097196992564e+00 0.000000000000000000e+00
4.199000000000000199e+01 -2.698852060467269998e-01 1.479147887814585616e+00 0.000000000000000000e+00
4.200000000000000000e+01 -2.725334477995219329e-01 1.479337224328610256e+00 0.000000000000000000e+00
4.200999999999999801e+01 -2.751467776330074888e-01 1.479530010601419088e+00 0.000000000000000000e+00
4.202000000000000313e+01 -2.777248508161022089e-01 1.479726148760711180e+00 0.000000000000000000e+00
4.203000000000000114e+01 -2.802673275508071327e-01 1.479925539249013156e+00 0.000000000000000000e+00
4.203999999999999915e+01 -2.827738730302796211e-01 1.480128080875459107e+00 0.000000000000000000e+00
4.205000000000000426e+01 -2.852441574959426740e-01 1.480333670866925022e+00 0.000000000000000000e+00
4.206000000000000227e+01 -2.876778562936414541e-01 1.480542204921215577e+00 0.000000000000000000e+00
4.207000000000000028e+01 -2.900746499276593005e-01 1.480753577259559473e+00 0.000000000000000000e+00
4.207999999999999829e+01 -2.924342241152053101e-01 1.480967680682174992e+00 0.000000000000000000e+00
4.209000000000000341e+01 -2.947562698377548807e-01 1.481184406621501193e+00 0.000000000000000000e+00
4.210000000000000142e+01 -2.970404833924549237e-01 1.481403645198768437e+00 0.000000000000000000e+00
4.210999999999999943e+01 -2.992865664418737914e-01 1.481625285279619897e+00 0.000000000000000000e+00
4.211999999999999744e+01 -3.014942260620113168e-01 1.481849214531160142e+00 0.000000000000000000e+00
4.213000000000000256e+01 -3.036631747896741396e-01 1.482075319478912911e+00 0.000000000000000000e+00
4.214000000000000057e+01 -3.057931306679821382e-01 1.482303485564875567e+00 0.000000000000000000e+00
4.214999999999999858e+01 -3.078838172903903825e-01 1.482533597206332487e+00 0.000000000000000000e+00
4.216000000000000369e+01 -3.099349638439705679e-01 1.482765537853632187e+00 0.000000000000000000e+00
4.217000000000000171e+01 -3.119463051504352546e-01 1.482999190050554139e+00 0.000000000000000000e+00
4.217999999999999972e+01 -3.139175817060239071e-01 1.483234435493835601e+00 0.000000000000000000e+00
4.218999999999999773e+01 -3.158485397204104372e-01 1.483471155092370042e+00 0.000000000000000000e+00
4.220000000000000284e+01 -3.177389311531610971e-01 1.483709229029241294e+00 0.000000000000000000e+00
4.221000000000000085e+01 -3.195885137494698380e-01 1.483948536820808073e+00 0.000000000000000000e+00
4.221999999999999886e+01 -3.213970510741608888e-01 1.484188957379479756e+00 0.000000000000000000e+00
4.223000000000000398e+01 -3.231643125440690767e-01 1.484430369072998745e+00 0.000000000000000000e+00
4.224000000000000199e+01 -3.248900734591925743e-01 1.484672649788269849e+00 0.000000000000000000e+00
4.225000000000000000e+01 -3.265741150322147845e-01 1.484915676991103384e+00 0.000000000000000000e+00
4.225999999999999801e+01 -3.282162244161741516e-01 1.485159327789159711e+00 0.000000000000000000e+00
4.227000000000000313e+01 -3.298161947317245768e-01 1.485403478994025805e+00 0.000000000000000000e+00
4.228000000000000114e+01 -3.313738250919928685e-01 1.485648007182425845e+00 0.000000000000000000e+00
4.228999999999999915e+01 -3.328889206259125211e-01 1.485892788759464844e+00 0.000000000000000000e+00
4.230000000000000426e+01 -3.343612925012577342e-01 1.486137700020221164e+00 0.000000000000000000e+00
4.231000000000000227e+01 -3.357907579447705904e-01 1.486382617212003154e+00 0.000000000000000000e+00
4.232000000000000028e+01 -3.371771402623111036e-01 1.486627416596925988e+00 0.000000000000000000e+00
4.232999999999999829e+01 -3.385202688564055706e-01 1.486871974513392924e+00 0.000000000000000000e+00
4.234000000000000341e+01 -3.398199792429921762e-01 1.487116167438928827e+00 0.000000000000000000e+00
4.235000000000000142e+01 -3.410761130668081287e-01 1.487359872051711829e+00 0.000000000000000000e+00
4.235999999999999943e+01 -3.422885181150286393e-01 1.487602965292035728e+00 0.000000000000000000e+00
4.236999999999999744e+01 -3.434570483296639498e-01 1.487845324425031590e+00 0.000000000000000000e+00
4.238000000000000256e+01 -3.445815638184932528e-01 1.488086827100698173e+00 0.000000000000000000e+00
4.239000000000000057e+01 -3.456619308642761568e-01 1.488327351416264932e+00 0.000000000000000000e+00
4.239999999999999858e+01 -3.466980219335112356e-01 1.488566775976728707e+00 0.000000000000000000e+00
4.241000000000000369e+01 -3.476897156819248602e-01 1.488804979955236529e+00 0.000000000000000000e+00
4.242000000000000171e+01 -3.486368969601528200e-01 1.489041843153953382e+00 0.000000000000000000e+00
4.242999999999999972e+01 -3.495394568176620198e-01 1.489277246063859916e+00 0.000000000000000000e+00
4.243999999999999773e+01 -3.503972925036945019e-01 1.489511069924140507e+00 0.000000000000000000e+00
4.245000000000000284e+01 -3.512103074691481641e-01 1.489743196781934786e+00 0.000000000000000000e+00
4.246000000000000085e+01 -3.519784113649718771e-01 1.489973509550972075e+00 0.000000000000000000e+00
4.246999999999999886e+01 -3.527015200399413741e-01 1.490201892069739520e+00 0.000000000000000000e+00
4.248000000000000398e+01 -3.533795555372469255e-01 1.490428229159574514e+00 0.000000000000000000e+00
4.249000000000000199e+01 -3.540124460886314162e-01 1.490652406682537290e+00 0.000000000000000000e+00
4.250000000000000000e+01 -3.546001261083424061e-01 1.490874311597160995e+00 0.000000000000000000e+00
4.250999999999999801e+01 -3.551425361846547446e-01 1.491093832016018972e+00 0.000000000000000000e+00
4.252000000000000313e+01 -3.556396230705052286e-01 1.491310857260795597e+00 0.000000000000000000e+00
4.253000000000000114e+01 -3.560913396728693225e-01 1.491525277917338466e+00 0.000000000000000000e+00
4.253999999999999915e+01 -3.564976450399839902e-01 1.491736985890769862e+00 0.000000000000000000e+00
4.255000000000000426e+01 -3.568585043485232311e-01 1.491945874458762589e+00 0.000000000000000000e+00
4.256000000000000227e+01 -3.571738888884555818e-01 1.492151838324736524e+00 0.000000000000000000e+00
4.257000000000000028e+01 -3.574437760468405223e-01 1.492354773670900636e+00 0.000000000000000000e+00
4.257999999999999829e+01 -3.576681492910682714e-01 1.492554578209040805e+00 0.000000000000000000e+00
4.259000000000000341e+01 -3.578469981498825225e-01 1.492751151232317275e+00 0.000000000000000000e+00
4.260000000000000142e+01 -3.579803181945079849e-01 1.492944393665005087e+00 0.000000000000000000e+00
4.260999999999999943e+01 -3.580681110171372028e-01 1.493134208111718486e+00 0.000000000000000000e+00
4.261999999999999744e+01 -3.581103842105085033e-01 1.493320498906515859e+00 0.000000000000000000e+00
4.263000000000000256e+01 -3.581071513440929888e-01 1.493503172159555747e+00 0.000000000000000000e+00
4.264000000000000057e+01 -3.580584319411947991e-01 1.493682135805392885e+00 0.000000000000000000e+00
4.264999999999999858e+01 -3.579642514545525178e-01 1.493857299647048054e+00 0.000000000000000000e+00
4.266000000000000369e+01 -3.578246412405263754e-01 1.494028575402416736e+00 0.000000000000000000e+00
4.267000000000000171e+01 -3.576396385332490380e-01 1.494195876747654195e+00 0.000000000000000000e+00
4.267999999999999972e+01 -3.574092864177160211e-01 1.494359119360116228e+00 0.000000000000000000e+00
4.268999999999999773e+01 -3.571336335025322994e-01 1.494518234273621182e+00 0.000000000000000000e+00
4.270000000000000284e+01 -3.568127352432873822e-01 1.494673091472828119e+00 0.000000000000000000e+00
4.271000000000000085e+01 -3.564466515257153634e-01 1.494823683847023688e+00 0.000000000000000000e+00
4.271999999999999886e+01 -3.560354485722195816e-01 1.494969887566989009e+00 0.000000000000000000e+00
4.273000000000000398e+01 -3.555791985177155778e-01 1.495111644429402586e+00 0.000000000000000000e+00
4.274000000000000199e+01 -3.550779787560471856e-01 1.495248881198819602e+00 0.000000000000000000e+00
4.275000000000000000e+01 -3.545318725811077432e-01 1.495381528341590327e+00 0.000000000000000000e+00
4.275999999999999801e+01 -3.539409687983374742e-01 1.495509519055877146e+00 0.000000000000000000e+00
4.277000000000000313e+01 -3.533053618040474797e-01 1.495632788791116052e+00 0.000000000000000000e+00
4.278000000000000114e+01 -3.526251515321902064e-01 1.495751275373812028e+00 0.000000000000000000e+00
4.278999999999999915e+01 -3.519004434173734208e-01 1.495864919039138874e+00 0.000000000000000000e+00
4.280000000000000426e+01 -3.511313483605115193e-01 1.495973662455569730e+00 0.000000000000000000e+00
4.281000000000000227e+01 -3.503179826911393957e-01 1.496077450755362026e+00 0.000000000000000000e+00
4.282000000000000028e+01 -3.494604681310301553e-01 1.496176231560565340e+00 0.000000000000000000e+00
4.282999999999999829e+01 -3.485589317548088983e-01 1.496269955010912200e+00 0.000000000000000000e+00
4.284000000000000341e+01 -3.476135059535523930e-01 1.496358573786535917e+00 0.000000000000000000e+00
4.285000000000000142e+01 -3.466243283942797571e-01 1.496442043133754174e+00 0.000000000000000000e+00
4.285999999999999943e+01 -3.455915419820008716e-01 1.496520320885976085e+00 0.000000000000000000e+00
4.286999999999999744e+01 -3.445152948201312126e-01 1.496593367485212545e+00 0.000000000000000000e+00
4.288000000000000256e+01 -3.433957401709635815e-01 1.496661146002040255e+00 0.000000000000000000e+00
4.289000000000000057e+01 -3.422330364162586291e-01 1.496723622153857125e+00 0.000000000000000000e+00
4.289999999999999858e+01 -3.410273470175785304e-01 1.496780764322261703e+00 0.000000000000000000e+00
4.291000000000000369e+01 -3.397788404763483205e-01 1.496832543568716201e+00 0.000000000000000000e+00
4.292000000000000171e+01 -3.384876902947404065e-01 1.496878933649160803e+00 0.000000000000000000e+00
4.292999999999999972e+01 -3.371540749352994748e-01 1.496919911027467132e+00 0.000000000000000000e+00
4.293999999999999773e+01 -3.357781777821416958e-01 1.496955454886938597e+00 0.000000000000000000e+00
4.295000000000000284e+01 -3.343601871004785453e-01 1.496985547141360007e+00 0.000000000000000000e+00
4.296000000000000085e+01 -3.329002959979488474e-01 1.497010172443448361e+00 0.000000000000000000e+00
4.296999999999999886e+01 -3.313987023843221746e-01 1.497029318193768610e+00 0.000000000000000000e+00
4.298000000000000398e+01 -3.298556089324398144e-01 1.497042974546080041e+00 0.000000000000000000e+00
4.299000000000000199e+01 -3.282712230385131935e-01 1.497051134413407425e+00 0.000000000000000000e+00
4.300000000000000000e+01 -3.266457567823580765e-01 1.497053793471572858e+00 0.000000000000000000e+00
4.300999999999999801e+01 -3.249794268882465476e-01 1.497050950160969673e+00 0.000000000000000000e+00
4.302000000000000313e+01 -3.232724546848494418e-01 1.497042605688883254e+00 0.000000000000000000e+00
4.303000000000000114e+01 -3.215250660658394155e-01 1.497028764028147219e+00 0.000000000000000000e+00
4.303999999999999915e+01 -3.197374914498968823e-01 1.497009431915896194e+00 0.000000000000000000e+00
4.305000000000000426e+01 -3.179099657415528357e-01 1.496984618850660365e+00 0.000000000000000000e+00
4.306000000000000227e+01 -3.160427282912100511e-01 1.496954337088048703e+00 0.000000000000000000e+00
4.307000000000000028e+01 -3.141360228551926537e-01 1.496918601634407153e+00 0.000000000000000000e+00
4.307999999999999829e+01 -3.121900975572033943e-01 1.496877430241120521e+00 0.000000000000000000e+00
4.309000000000000341e+01 -3.102052048480815616e-01 1.496830843394594490e+00 0.000000000000000000e+00
4.310000000000000142e+01 -3.081816014668735670e-01 1.496778864308100365e+00 0.000000000000000000e+00
4.310999999999999943e+01 -3.061195484020259872e-01 1.496721518909627013e+00 0.000000000000000000e+00
4.311999999999999744e+01 -3.040193108521793142e-01 1.496658835830120493e+00 0.000000000000000000e+00
4.313000000000000256e+01 -3.018811581880457284e-01 1.496590846389495466e+00 0.000000000000000000e+00
4.314000000000000057e+01 -2.997053639139820036e-01 1.496517584582102600e+00 0.000000000000000000e+00
4.314999999999999858e+01 -2.974922056298097139e-01 1.496439087059880269e+00 0.000000000000000000e+00
4.316000000000000369e+01 -2.952419649935115187e-01 1.496355393115335941e+00 0.000000000000000000e+00
4.317000000000000171e+01 -2.929549276836594385e-01 1.496266544662059550e+00 0.000000000000000000e+00
4.317999999999999972e+01 -2.906313833624674103e-01 1.496172586215513967e+00 0.000000000000000000e+00
4.318999999999999773e+01 -2.882716256387983234e-01 1.496073564870632921e+00 0.000000000000000000e+00
4.320000000000000284e+01 -2.858759520322595726e-01 1.495969530279571247e+00 0.000000000000000000e+00
4.321000000000000085e+01 -2.834446639362528941e-01 1.495860534628175476e+00 0.000000000000000000e+00
4.321999999999999886e+01 -2.809780665829210156e-01 1.495746632610147397e+00 0.000000000000000000e+00
4.323000000000000398e+01 -2.784764690071674376e-01 1.495627881400958259e+00 0.000000000000000000e+00
4.324000000000000199e+01 -2.759401840113189230e-01 1.495504340630607221e+00 0.000000000000000000e+00
4.325000000000000000e+01 -2.733695281302001012e-01 1.495376072353935326e+00 0.000000000000000000e+00
4.325999999999999801e+01 -2.707648215965685057e-01 1.495243141021779021e+00 0.000000000000000000e+00
4.327000000000000313e+01 -2.681263883065740372e-01 1.495105613448878934e+00 0.000000000000000000e+00
4.328000000000000114e+01 -2.654545557852452387e-01 1.494963558782041790e+00 0.000000000000000000e+00
4.328999999999999915e+01 -2.627496551534577174e-01 1.494817048466899001e+00 0.000000000000000000e+00
4.330000000000000426e+01 -2.600120210931904374e-01 1.494666156212985042e+00 0.000000000000000000e+00
4.331000000000000227e+01 -2.572419918154058016e-01 1.494510957958546937e+00 0.000000000000000000e+00
4.332000000000000028e+01 -2.544399090260002771e-01 1.494351531833675084e+00 0.000000000000000000e+00
4.332999999999999829e+01 -2.516061178936239706e-01 1.494187958122594972e+00 0.000000000000000000e+00
4.334000000000000341e+01 -2.487409670168447273e-01 1.494020319225259463e+00 0.000000000000000000e+00
4.335000000000000142e+01 -2.458448083916669746e-01 1.493848699617429387e+00 0.000000000000000000e+00
4.335999999999999943e+01 -2.429179973797301884e-01 1.493673185809470727e+00 0.000000000000000000e+00
4.336999999999999744e+01 -2.399608926757476057e-01 1.493493866305942275e+00 0.000000000000000000e+00
4.338000000000000256e+01 -2.369738562758310629e-01 1.493310831561404095e+00 0.000000000000000000e+00
4.339000000000000057e+01 -2.339572534456940689e-01 1.493124173937622867e+00 0.000000000000000000e+00
4.339999999999999858e+01 -2.309114526885607255e-01 1.492933987658374484e+00 0.000000000000000000e+00
4.341000000000000369e+01 -2.278368257137563524e-01 1.492740368763829428e+00 0.000000000000000000e+00
4.342000000000000171e+01 -2.247337474043638594e-01 1.492543415063394718e+00 0.000000000000000000e+00
4.342999999999999972e+01 -2.216025957863787532e-01 1.492343226087767594e+00 0.000000000000000000e+00
4.343999999999999773e+01 -2.184437519961497931e-01 1.492139903039002569e+00 0.000000000000000000e+00
4.345000000000000284e+01 -2.152576002493265528e-01 1.491933548740671744e+00 0.000000000000000000e+00
4.346000000000000085e+01 -2.120445278093028019e-01 1.491724267584637165e+00 0.000000000000000000e+00
4.346999999999999886e+01 -2.088049249560833265e-01 1.491512165478427132e+00 0.000000000000000000e+00
4.348000000000000398e+01 -2.055391849549962624e-01 1.491297349789382221e+00 0.000000000000000000e+00
4.349000000000000199e+01 -2.022477040268266801e-01 1.491079929288588790e+00 0.000000000000000000e+00
4.350000000000000000e+01 -1.989308813170528045e-01 1.490860014092390440e+00 0.000000000000000000e+00
4.350999999999999801e+01 -1.955891188665793701e-01 1.490637715603466917e+00 0.000000000000000000e+00
4.352000000000000313e+01 -1.922228215827787301e-01 1.490413146449441451e+00 0.000000000000000000e+00
4.353000000000000114e+01 -1.888323972106614179e-01 1.490186420422435765e+00 0.000000000000000000e+00
4.353999999999999915e+01 -1.854182563050377763e-01 1.489957652415546230e+00 0.000000000000000000e+00
4.355000000000000426e+01 -1.819808122028810093e-01 1.489726958361084597e+00 0.000000000000000000e+00
4.356000000000000227e+01 -1.785204809951920213e-01 1.489494455167462927e+00 0.000000000000000000e+00
4.357000000000000028e+01 -1.750376815000561359e-01 1.489260260656426027e+00 0.000000000000000000e+00
4.357999999999999829e+01 -1.715328352343717111e-01 1.489024493501425184e+00 0.000000000000000000e+00
4.359000000000000341e+01 -1.680063663853413325e-01 1.488787273165342651e+00 0.000000000000000000e+00
4.360000000000000142e+01 -1.644587017817353558e-01 1.488548719840328660e+00 0.000000000000000000e+00
4.360999999999999943e+01 -1.608902708634264711e-01 1.488308954386686533e+00 0.000000000000000000e+00
4.361999999999999744e+01 -1.573015056509305953e-01 1.488068098274135664e+00 0.000000000000000000e+00
4.363000000000000256e+01 -1.536928407128622109e-01 1.487826273521087650e+00 0.000000000000000000e+00
4.364000000000000057e+01 -1.500647131334093554e-01 1.487583602637063240e+00 0.000000000000000000e+00
4.364999999999999858e+01 -1.464175624779791296e-01 1.487340208562444310e+00 0.000000000000000000e+00
4.366000000000000369e+01 -1.427518307589979163e-01 1.487096214609917366e+00 0.000000000000000000e+00
4.367000000000000171e+01 -1.390679623996964875e-01 1.486851744404189102e+00 0.000000000000000000e+00
4.367999999999999972e+01 -1.353664041987308886e-01 1.486606921823391492e+00 0.000000000000000000e+00
4.368999999999999773e+01 -1.316476052934764107e-01 1.486361870937472185e+00 0.000000000000000000e+00
4.370000000000000284e+01 -1.279120171227840219e-01 1.486116715947886968e+00 0.000000000000000000e+00
4.371000000000000085e+01 -1.241600933906652493e-01 1.485871581126571916e+00 0.000000000000000000e+00
4.371999999999999886e+01 -1.203922900280789826e-01 1.485626590753591048e+00 0.000000000000000000e+00
4.373000000000000398e+01 -1.166090651560766078e-01 1.485381869055674597e+00 0.000000000000000000e+00
4.374000000000000199e+01 -1.128108790474007389e-01 1.485137540142758894e+00 0.000000000000000000e+00
4.375000000000000000e+01 -1.089981940893391954e-01 1.484893727946296593e+00 0.000000000000000000e+00
4.375999999999999801e+01 -1.051714747443164288e-01 1.484650556155582946e+00 0.000000000000000000e+00
4.377000000000000313e+01 -1.013311875128204004e-01 1.484408148154588325e+00 0.000000000000000000e+00
4.378000000000000114e+01 -9.747780089321117503e-02 1.484166626959489532e+00 0.000000000000000000e+00
4.378999999999999915e+01 -9.361178534334747836e-02 1.483926115154647896e+00 0.000000000000000000e+00
4.380000000000000426e+01 -8.973361324060631639e-02 1.483686734830453879e+00 0.000000000000000000e+00
4.381000000000000227e+01 -8.584375884145975522e-02 1.483448607519397555e+00 0.000000000000000000e+00
4.382000000000000028e+01 -8.194269824142942638e-02 1.483211854134575125e+00 0.000000000000000000e+00
4.382999999999999829e+01 -7.803090933268516660e-02 1.482976594906132872e+00 0.000000000000000000e+00
4.384000000000000341e+01 -7.410887176321270808e-02 1.482742949320058790e+00 0.000000000000000000e+00
4.385000000000000142e+01 -7.017706689320367397e-02 1.482511036055565778e+00 0.000000000000000000e+00
4.385999999999999943e+01 -6.623597775256086229e-02 1.482280972924703066e+00 0.000000000000000000e+00
4.386999999999999744e+01 -6.228608899596170534e-02 1.482052876810258990e+00 0.000000000000000000e+00
4.388000000000000256e+01 -5.832788685858100036e-02 1.481826863606586553e+00 0.000000000000000000e+00
4.389000000000000057e+01 -5.436185911050649827e-02 1.481603048158691260e+00 0.000000000000000000e+00
4.389999999999999858e+01 -5.038849500987165053e-02 1.481381544203388856e+00 0.000000000000000000e+00
4.391000000000000369e+01 -4.640828525587870068e-02 1.481162464310132654e+00 0.000000000000000000e+00
4.392000000000000171e+01 -4.242172194113334738e-02 1.480945919823593471e+00 0.000000000000000000e+00
4.392999999999999972e+01 -3.842929850193332886e-02 1.480732020805231475e+00 0.000000000000000000e+00
4.393999999999999773e+01 -3.443150966945814073e-02 1.480520875976900186e+00 0.000000000000000000e+00
4.395000000000000284e+01 -3.042885141865663348e-02 1.480312592665016913e+00 0.000000000000000000e+00
4.396000000000000085e+01 -2.642182091698022997e-02 1.480107276744502931e+00 0.000000000000000000e+00
4.396999999999999886e+01 -2.241091647240239793e-02 1.479905032584911462e+00 0.000000000000000000e+00
4.398000000000000398e+01 -1.839663747982369854e-02 1.479705962995569557e+00 0.000000000000000000e+00
4.399000000000000199e+01 -1.437948436774680663e-02 1.479510169173902545e+00 0.000000000000000000e+00
4.400000000000000000e+01 -1.035995854276568900e-02 1.479317750651894414e+00 0.000000000000000000e+00
4.400999999999999801e+01 -6.338562334413806384e-03 1.479128805245612410e+00 0.000000000000000000e+00
4.402000000000000313e+01 -2.315798938491912210e-03 1.478943429004213383e+00 0.000000000000000000e+00
4.403000000000000114e+01 1.707827640562133587e-03 1.478761716161135054e+00 0.000000000000000000e+00
4.403999999999999915e+01 5.731812647471778641e-03 1.478583759084584948e+00 0.000000000000000000e+00
4.405000000000000426e+01 9.755650635725287775e-03 1.478409648230314177e+00 0.000000000000000000e+00
4.406000000000000227e+01 1.377883552687610667e-02 1.478239472095336238e+00 0.000000000000000000e+00
4.407000000000000028e+01 1.780086067164494967e-02 1.478073317171464840e+00 0.000000000000000000e+00
4.407999999999999829e+01 2.182121891142234371e-02 1.477911267901518499e+00 0.000000000000000000e+00
4.409000000000000341e+01 2.583940264000237491e-02 1.477753406635150091e+00 0.000000000000000000e+00
4.410000000000000142e+01 2.985490386730768261e-02 1.477599813586579769e+00 0.000000000000000000e+00
4.410999999999999943e+01 3.386721428247053967e-02 1.477450566793824693e+00 0.000000000000000000e+00
4.411999999999999744e+01 3.787582531868868840e-02 1.477305742077249961e+00 0.000000000000000000e+00
4.413000000000000256e+01 4.188022821831991621e-02 1.477165413001964245e+00 0.000000000000000000e+00
4.414000000000000057e+01 4.587991409836146561e-02 1.477029650838933561e+00 0.000000000000000000e+00
4.414999999999999858e+01 4.987437401788823166e-02 1.476898524529199230e+00 0.000000000000000000e+00
4.416000000000000369e+01 5.386309904388560804e-02 1.476772100647574470e+00 0.000000000000000000e+00
4.417000000000000171e+01 5.784558032079666762e-02 1.476650443369781351e+00 0.000000000000000000e+00
4.417999999999999972e+01 6.182130913752020840e-02 1.476533614438706676e+00 0.000000000000000000e+00
4.418999999999999773e+01 6.578977699832239123e-02 1.476421673133587520e+00 0.000000000000000000e+00
4.420000000000000284e+01 6.975047569134915082e-02 1.476314676239218748e+00 0.000000000000000000e+00
4.421000000000000085e+01 7.370289736031061800e-02 1.476212678018501867e+00 0.000000000000000000e+00
4.421999999999999886e+01 7.764653457566859929e-02 1.476115730183355401e+00 0.000000000000000000e+00
4.423000000000000398e+01 8.158088040666272578e-02 1.476023881870815790e+00 0.000000000000000000e+00
4.424000000000000199e+01 8.550542849438116932e-02 1.475937179615936623e+00 0.000000000000000000e+00
4.425000000000000000e+01 8.941967312494042419e-02 1.475855667331292365e+00 0.000000000000000000e+00
4.425999999999999801e+01 9.332310930458048714e-02 1.475779386283009975e+00 0.000000000000000000e+00
4.427000000000000313e+01 9.721523283335667398e-02 1.475708375071372425e+00 0.000000000000000000e+00
4.428000000000000114e+01 1.010955403819622511e-01 1.475642669611340274e+00 0.000000000000000000e+00
4.428999999999999915e+01 1.049635295668859825e-01 1.475582303114828076e+00 0.000000000000000000e+00
4.430000000000000426e+01 1.088186990275575167e-01 1.475527306074198908e+00 0.000000000000000000e+00
4.431000000000000227e+01 1.126605485035747506e-01 1.475477706247082299e+00 0.000000000000000000e+00
4.432000000000000028e+01 1.164885789118090820e-01 1.475433528642387637e+00 0.000000000000000000e+00
4.432999999999999829e+01 1.203022924249217834e-01 1.475394795508044643e+00 0.000000000000000000e+00
4.434000000000000341e+01 1.241011925490398266e-01 1.475361526319191929e+00 0.000000000000000000e+00
4.435000000000000142e+01 1.278847842031873849e-01 1.475333737768926179e+00 0.000000000000000000e+00
4.435999999999999943e+01 1.316525737970893617e-01 1.475311443759300012e+00 0.000000000000000000e+00
4.436999999999999744e+01 1.354040693109239690e-01 1.475294655394030929e+00 0.000000000000000000e+00
4.438000000000000256e+01 1.391387803742482054e-01 1.475283380973506198e+00 0.000000000000000000e+00
4.439000000000000057e+01 1.428562183456544288e-01 1.475277625989220187e+00 0.000000000000000000e+00
4.439999999999999858e+01 1.465558963919034174e-01 1.475277393122720326e+00 0.000000000000000000e+00
4.441000000000000369e+01 1.502373295680795307e-01 1.475282682242140098e+00 0.000000000000000000e+00
4.442000000000000171e+01 1.539000348973470766e-01 1.475293490404461672e+00 0.000000000000000000e+00
4.442999999999999972e+01 1.575435314507862006e-01 1.475309811855775921e+00 0.000000000000000000e+00
4.443999999999999773e+01 1.611673404277851607e-01 1.475331638035385140e+00 0.000000000000000000e+00
4.445000000000000284e+01 1.647709852360992322e-01 1.475358957579910646e+00 0.000000000000000000e+00
4.446000000000000085e+01 1.683539915722029323e-01 1.475391756330177273e+00 0.000000000000000000e+00
4.446999999999999886e+01 1.719158875017380295e-01 1.475430017338804634e+00 0.000000000000000000e+00
4.448000000000000398e+01 1.754562035399138686e-01 1.475473720878670347e+00 0.000000000000000000e+00
4.449000000000000199e+01 1.789744727316594231e-01 1.475522844455483096e+00 0.000000000000000000e+00
4.450000000000000000e+01 1.824702307324467532e-01 1.475577362817741989e+00 0.000000000000000000e+00
4.450999999999999801e+01 1.859430158880706896e-01 1.475637247971745891e+00 0.000000000000000000e+00
4.452000000000000313e+01 1.893923693152074761e-01 1.475702469196691569e+00 0.000000000000000000e+00
4.453000000000000114e+01 1.928178349812475212e-01 1.475772993059893512e+00 0.000000000000000000e+00
4.453999999999999915e+01 1.962189597838550903e-01 1.475848783435823597e+00 0.000000000000000000e+00
4.455000000000000426e+01 1.995952936310088910e-01 1.475929801524650031e+00 0.000000000000000000e+00
4.456000000000000227e+01 2.029463895196771117e-01 1.476016005872882619e+00 0.000000000000000000e+00
4.457000000000000028e+01 2.062718036151161005e-01 1.476107352395303218e+00 0.000000000000000000e+00
4.457999999999999829e+01 2.095710953289852407e-01 1.476203794397842106e+00 0.000000000000000000e+00
4.459000000000000341e+01 2.128438273974931350e-01 1.476305282602688118e+00 0.000000000000000000e+00
4.460000000000000142e+01 2.160895659590549578e-01 1.476411765173524904e+00 0.000000000000000000e+00
4.460999999999999943e+01 2.193078806309606832e-01 1.476523187742743159e+00 0.000000000000000000e+00
4.461999999999999744e+01 2.224983445859697317e-01 1.476639493440246254e+00 0.000000000000000000e+00
4.463000000000000256e+01 2.256605346282362923e-01 1.476760622922421495e+00 0.000000000000000000e+00
4.464000000000000057e+01 2.287940312678062305e-01 1.476886514403560779e+00 0.000000000000000000e+00
4.464999999999999858e+01 2.318984187960908827e-01 1.477017103687697563e+00 0.000000000000000000e+00
4.466000000000000369e+01 2.349732853586741776e-01 1.477152324201841394e+00 0.000000000000000000e+00
4.467000000000000171e+01 2.380182230289022427e-01 1.477292107031199953e+00 0.000000000000000000e+00
4.467999999999999972e+01 2.410328278802351953e-01 1.477436380953637274e+00 0.000000000000000000e+00
4.468999999999999773e+01 2.440167000571814848e-01 1.477585072477987538e+00 0.000000000000000000e+00
4.470000000000000284e+01 2.469694438471354836e-01 1.477738105880614494e+00 0.000000000000000000e+00
4.471000000000000085e+01 2.498906677490519979e-01 1.477895403245992556e+00 0.000000000000000000e+00
4.471999999999999886e+01 2.527799845439825943e-01 1.478056884505601687e+00 0.000000000000000000e+00
4.473000000000000398e+01 2.556370113620259898e-01 1.478222467480319269e+00 0.000000000000000000e+00
4.474000000000000199e+01 2.584613697511253805e-01 1.478392067921877606e+00 0.000000000000000000e+00
4.475000000000000000e+01 2.612526857425735982e-01 1.478565599557038812e+00 0.000000000000000000e+00
4.475999999999999801e+01 2.640105899171524828e-01 1.478742974131407983e+00 0.000000000000000000e+00
4.477000000000000313e+01 2.667347174700401835e-01 1.478924101455244999e+00 0.000000000000000000e+00
4.478000000000000114e+01 2.694247082740995891e-01 1.479108889449353148e+00 0.000000000000000000e+00
4.478999999999999915e+01 2.720802069427525338e-01 1.479297244193076954e+00 0.000000000000000000e+00
4.480000000000000426e+01 2.747008628921705498e-01 1.479489069971589910e+00 0.000000000000000000e+00
4.481000000000000227e+01 2.772863304010853569e-01 1.479684269325650448e+00 0.000000000000000000e+00
4.482000000000000028e+01 2.798362686710069713e-01 1.479882743101579967e+00 0.000000000000000000e+00
4.482999999999999829e+01 2.823503418843749668e-01 1.480084390501502867e+00 0.000000000000000000e+00
4.484000000000000341e+01 2.848282192616685138e-01 1.480289109135277670e+00 0.000000000000000000e+00
4.485000000000000142e+01 2.872695751179344392e-01 1.480496795073137584e+00 0.000000000000000000e+00
4.485999999999999943e+01 2.896740889170907884e-01 1.480707342898103684e+00 0.000000000000000000e+00
4.486999999999999744e+01 2.920414453260046783e-01 1.480920645760705590e+00 0.000000000000000000e+00
4.488000000000000256e+01 2.943713342667105826e-01 1.481136595432728464e+00 0.000000000000000000e+00
4.489000000000000057e+01 2.966634509673364839e-01 1.481355082362812325e+00 0.000000000000000000e+00
4.489999999999999858e+01 2.989174960122540914e-01 1.481575995732469009e+00 0.000000000000000000e+00
4.491000000000000369e+01 3.011331753903619401e-01 1.481799223512360486e+00 0.000000000000000000e+00
4.492000000000000171e+01 3.033102005419379688e-01 1.482024652518801444e+00 0.000000000000000000e+00
4.492999999999999972e+01 3.054482884049998792e-01 1.482252168472433684e+00 0.000000000000000000e+00
4.493999999999999773e+01 3.075471614591381297e-01 1.482481656055524288e+00 0.000000000000000000e+00
4.495000000000000284e+01 3.096065477687496847e-01 1.482712998970652896e+00 0.000000000000000000e+00
4.496000000000000085e+01 3.116261810244888575e-01 1.482946079999975408e+00 0.000000000000000000e+00
4.496999999999999886e+01 3.136058005835610230e-01 1.483180781064516784e+00 0.000000000000000000e+00
4.498000000000000398e+01 3.155451515080102687e-01 1.483416983283859070e+00 0.000000000000000000e+00
4.499000000000000199e+01 3.174439846024960099e-01 1.483654567037012040e+00 0.000000000000000000e+00
4.500000000000000000e+01 3.193020564494128966e-01 1.483893412022068370e+00 0.000000000000000000e+00
4.500999999999999801e+01 3.211191294438135446e-01 1.484133397317568770e+00 0.000000000000000000e+00
4.502000000000000313e+01 3.228949718258107837e-01 1.484374401443655067e+00 0.000000000000000000e+00
4.503000000000000114e+01 3.246293577120528684e-01 1.484616302423247269e+00 0.000000000000000000e+00
4.503999999999999915e+01 3.263220671259775552e-01 1.484858977843588113e+00 0.000000000000000000e+00
4.505000000000000426e+01 3.279728860256236889e-01 1.485102304918137106e+00 0.000000000000000000e+00
4.506000000000000227e+01 3.295816063314535027e-01 1.485346160548513872e+00 0.000000000000000000e+00
4.507000000000000028e+01 3.311480259513912006e-01 1.485590421386252302e+00 0.000000000000000000e+00
4.507999999999999829e+01 3.326719488052560236e-01 1.485834963895237726e+00 0.000000000000000000e+00
4.509000000000000341e+01 3.341531848475055022e-01 1.486079664413785695e+00 0.000000000000000000e+00
4.510000000000000142e+01 3.355915500887196035e-01 1.486324399216770065e+00 0.000000000000000000e+00
4.510999999999999943e+01 3.369868666149335446e-01 1.486569044577899401e+00 0.000000000000000000e+00
4.511999999999999744e+01 3.383389626071602874e-01 1.486813476832022252e+00 0.000000000000000000e+00
4.513000000000000256e+01 3.396476723572863787e-01 1.487057572437081143e+00 0.000000000000000000e+00
4.514000000000000057e+01 3.409128362847823057e-01 1.487301208036290179e+00 0.000000000000000000e+00
4.514999999999999858e+01 3.421343009500775190e-01 1.487544260519926276e+00 0.000000000000000000e+00
4.516000000000000369e+01 3.433119190675131271e-01 1.487786607087328905e+00 0.000000000000000000e+00
4.517000000000000171e+01 3.444455495166481307e-01 1.488028125308248795e+00 0.000000000000000000e+00
4.517999999999999972e+01 3.455350573522364410e-01 1.488268693184277902e+00 0.000000000000000000e+00
4.518999999999999773e+01 3.465803138115625681e-01 1.488508189210243637e+00 0.000000000000000000e+00
4.520000000000000284e+01 3.475811963223929268e-01 1.488746492434754209e+00 0.000000000000000000e+00
4.521000000000000085e+01 3.485375885071207436e-01 1.488983482520654267e+00 0.000000000000000000e+00
4.521999999999999886e+01 3.494493801871107475e-01 1.489219039806119582e+00 0.000000000000000000e+00
4.523000000000000398e+01 3.503164673849720745e-01 1.489453045363217987e+00 0.000000000000000000e+00
4.524000000000000199e+01 3.511387523243529873e-01 1.489685381058688973e+00 0.000000000000000000e+00
4.525000000000000000e+01 3.519161434302553459e-01 1.489915929611876688e+00 0.000000000000000000e+00
4.525999999999999801e+01 3.526485553263656314e-01 1.490144574654489462e+00 0.000000000000000000e+00
4.527000000000000313e+01 3.533359088307971851e-01 1.490371200787737438e+00 0.000000000000000000e+00
4.528000000000000114e+01 3.539781309517165409e-01 1.490595693640418995e+00 0.000000000000000000e+00
4.528999999999999915e+01 3.545751548800644692e-01 1.490817939926637248e+00 0.000000000000000000e+00
4.530000000000000426e+01 3.551269199821089351e-01 1.491037827500717894e+00 0.000000000000000000e+00
4.531000000000000227e+01 3.556333717896653646e-01 1.491255245415372022e+00 0.000000000000000000e+00
4.532000000000000028e+01 3.560944619894261809e-01 1.491470083975182659e+00 0.000000000000000000e+00
4.532999999999999829e+01 3.565101484111689034e-01 1.491682234792237605e+00 0.000000000000000000e+00
4.534000000000000341e+01 3.568803950141701264e-01 1.491891590840342730e+00 0.000000000000000000e+00
4.535000000000000142e+01 3.572051718728207481e-01 1.492098046507725817e+00 0.000000000000000000e+00
4.535999999999999943e+01 3.574844551607302412e-01 1.492301497650220243e+00 0.000000000000000000e+00
4.536999999999999744e+01 3.577182271337175923e-01 1.492501841643228744e+00 0.000000000000000000e+00
4.538000000000000256e+01 3.579064761118739280e-01 1.492698977432191043e+00 0.000000000000000000e+00
4.539000000000000057e+01 3.580491964605499455e-01 1.492892805584118410e+00 0.000000000000000000e+00
4.539999999999999858e+01 3.581463885691923976e-01 1.493083228335809531e+00 0.000000000000000000e+00
4.541000000000000369e+01 3.581980588314604419e-01 1.493270149643732170e+00 0.000000000000000000e+00
4.542000000000000171e+01 3.582042196217476437e-01 1.493453475231167005e+00 0.000000000000000000e+00
4.542999999999999972e+01 3.581648892726251310e-01 1.493633112635486926e+00 0.000000000000000000e+00
4.543999999999999773e+01 3.580800920504339513e-01 1.493808971253975493e+00 0.000000000000000000e+00
4.545000000000000284e+01 3.579498581306184701e-01 1.493980962389646505e+00 0.000000000000000000e+00
4.546000000000000085e+01 3.577742235712367269e-01 1.494148999294277580e+00 0.000000000000000000e+00
4.546999999999999886e+01 3.575532302871425316e-01 1.494312997212944083e+00 0.000000000000000000e+00
4.548000000000000398e+01 3.572869260212611642e-01 1.494472873425383597e+00 0.000000000000000000e+00
4.549000000000000199e+01 3.569753643174377045e-01 1.494628547287565334e+00 0.000000000000000000e+00
4.550000000000000000e+01 3.566186044901995533e-01 1.494779940271723451e+00 0.000000000000000000e+00
4.550999999999999801e+01 3.562167115954215646e-01 1.494926976005901187e+00 0.000000000000000000e+00
4.552000000000000313e+01 3.557697563992323619e-01 1.495069580311553903e+00 0.000000000000000000e+00
4.553000000000000114e+01 3.552778153461383925e-01 1.495207681240756425e+00 0.000000000000000000e+00
4.553999999999999915e+01 3.547409705273040226e-01 1.495341209112100112e+00 0.000000000000000000e+00
4.555000000000000426e+01 3.541593096462420931e-01 1.495470096545656880e+00 0.000000000000000000e+00
4.556000000000000227e+01 3.535329259857459272e-01 1.495594278495699259e+00 0.000000000000000000e+00
4.557000000000000028e+01 3.528619183726525721e-01 1.495713692284632579e+00 0.000000000000000000e+00
4.557999999999999829e+01 3.521463911422801907e-01 1.495828277632721415e+00 0.000000000000000000e+00
4.559000000000000341e+01 3.513864541024380173e-01 1.495937976689368343e+00 0.000000000000000000e+00
4.560000000000000142e+01 3.505822224963724421e-01 1.496042734060988755e+00 0.000000000000000000e+00
4.560999999999999943e+01 3.497338169656848961e-01 1.496142496839552027e+00 0.000000000000000000e+00
4.561999999999999744e+01 3.488413635119679834e-01 1.496237214628409973e+00 0.000000000000000000e+00
4.563000000000000256e+01 3.479049934587677972e-01 1.496326839567729383e+00 0.000000000000000000e+00
4.564000000000000057e+01 3.469248434124759251e-01 1.496411326358055405e+00 0.000000000000000000e+00
4.564999999999999858e+01 3.459010552238690472e-01 1.496490632283590916e+00 0.000000000000000000e+00
4.566000000000000369e+01 3.448337759479462861e-01 1.496564717233070496e+00 0.000000000000000000e+00
4.567000000000000171e+01 3.437231578051224701e-01 1.496633543719889436e+00 0.000000000000000000e+00
4.567999999999999972e+01 3.425693581414847033e-01 1.496697076901101875e+00 0.000000000000000000e+00
4.568999999999999773e+01 3.413725393890149062e-01 1.496755284594926350e+00 0.000000000000000000e+00
4.570000000000000284e+01 3.401328690257841014e-01 1.496808137296624208e+00 0.000000000000000000e+00
4.571000000000000085e+01 3.388505195367124134e-01 1.496855608193718545e+00 0.000000000000000000e+00
4.571999999999999886e+01 3.375256683737313801e-01 1.496897673179302890e+00 0.000000000000000000e+00
4.573000000000000398e+01 3.361584979156814201e-01 1.496934310864566298e+00 0.000000000000000000e+00
4.574000000000000199e+01 3.347491954297757144e-01 1.496965502588926578e+00 0.000000000000000000e+00
4.575000000000000000e+01 3.332979530311017680e-01 1.496991232430842755e+00 0.000000000000000000e+00
4.575999999999999801e+01 3.318049676434645656e-01 1.497011487214310543e+00 0.000000000000000000e+00
4.577000000000000313e+01 3.302704409602233993e-01 1.497026256517360654e+00 0.000000000000000000e+00
4.578000000000000114e+01 3.286945794039250468e-01 1.497035532676428193e+00 0.000000000000000000e+00
4.578999999999999915e+01 3.270775940878297705e-01 1.497039310790473365e+00 0.000000000000000000e+00
4.580000000000000426e+01 3.254197007751818971e-01 1.497037588724776214e+00 0.000000000000000000e+00
4.581000000000000227e+01 3.237211198406598212e-01 1.497030367110660398e+00 0.000000000000000000e+00
4.582000000000000028e+01 3.219820762303886585e-01 1.497017649347325507e+00 0.000000000000000000e+00
4.582999999999999829e+01 3.202027994215104756e-01 1.496999441598907410e+00 0.000000000000000000e+00
4.584000000000000341e+01 3.183835233842234325e-01 1.496975752792877756e+00 0.000000000000000000e+00
4.585000000000000142e+01 3.165244865407391139e-01 1.496946594615529369e+00 0.000000000000000000e+00
4.585999999999999943e+01 3.146259317262674049e-01 1.496911981506691580e+00 0.000000000000000000e+00
4.586999999999999744e+01 3.126881061503532511e-01 1.496871930652986959e+00 0.000000000000000000e+00
4.588000000000000256e+01 3.107112613560869541e-01 1.496826461979698708e+00 0.000000000000000000e+00
4.589000000000000057e+01 3.086956531828343175e-01 1.496775598141642849e+00 0.000000000000000000e+00
4.589999999999999858e+01 3.066415417259918397e-01 1.496719364512090422e+00 0.000000000000000000e+00
4.591000000000000369e+01 3.045491912993437134e-01 1.496657789170865671e+00 0.000000000000000000e+00
4.592000000000000171e+01 3.024188703965240976e-01 1.496590902890889252e+00 0.000000000000000000e+00
4.592999999999999972e+01 3.002508516525466131e-01 1.496518739123939845e+00 0.000000000000000000e+00
4.593999999999999773e+01 2.980454118071479974e-01 1.496441333983621114e+00 0.000000000000000000e+00
4.595000000000000284e+01 2.958028316664622626e-01 1.496358726229389591e+00 0.000000000000000000e+00
4.596000000000000085e+01 2.935233960665179498e-01 1.496270957246670363e+00 0.000000000000000000e+00
4.596999999999999886e+01 2.912073938360668635e-01 1.496178071028138046e+00 0.000000000000000000e+00
4.598000000000000398e+01 2.888551177605763742e-01 1.496080114151044027e+00 0.000000000000000000e+00
4.599000000000000199e+01 2.864668645456199814e-01 1.495977135756289655e+00 0.000000000000000000e+00
4.600000000000000000e+01 2.840429347807775784e-01 1.495869187523601429e+00 0.000000000000000000e+00
4.600999999999999801e+01 2.815836329040598551e-01 1.495756323646347585e+00 0.000000000000000000e+00
4.602000000000000313e+01 2.790892671663667834e-01 1.495638600806203033e+00 0.000000000000000000e+00
4.603000000000000114e+01 2.765601495958180389e-01 1.495516078144111471e+00 0.000000000000000000e+00
4.603999999999999915e+01 2.739965959625553782e-01 1.495388817232331302e+00 0.000000000000000000e+00
4.605000000000000426e+01 2.713989257438548242e-01 1.495256882044154523e+00 0.000000000000000000e+00
4.606000000000000227e+01 2.687674620892672728e-01 1.495120338921821501e+00 0.000000000000000000e+00
4.607000000000000028e+01 2.661025317855775230e-01 1.494979256544844093e+00 0.000000000000000000e+00
4.607999999999999829e+01 2.634044652227803263e-01 1.494833705894873521e+00 0.000000000000000000e+00
4.609000000000000341e+01 2.606735963594072891e-01 1.494683760222014879e+00 0.000000000000000000e+00
4.610000000000000142e+01 2.579102626888558070e-01 1.494529495007079989e+00 0.000000000000000000e+00
4.610999999999999943e+01 2.551148052052215620e-01 1.494370987925158989e+00 0.000000000000000000e+00
4.611999999999999744e+01 2.522875683697509142e-01 1.494208318806638625e+00 0.000000000000000000e+00
4.613000000000000256e+01 2.494289000777447918e-01 1.494041569597291286e+00 0.000000000000000000e+00
4.614000000000000057e+01 2.465391516249015313e-01 1.493870824317638180e+00 0.000000000000000000e+00
4.614999999999999858e+01 2.436186776749973970e-01 1.493696169021263787e+00 0.000000000000000000e+00
4.616000000000000369e+01 2.406678362264349502e-01 1.493517691751919063e+00 0.000000000000000000e+00
4.617000000000000171e+01 2.376869885801413118e-01 1.493335482499294153e+00 0.000000000000000000e+00
4.617999999999999972e+01 2.346764993070833971e-01 1.493149633155322453e+00 0.000000000000000000e+00
4.618999999999999773e+01 2.316367362156158960e-01 1.492960237467851004e+00 0.000000000000000000e+00
4.620000000000000284e+01 2.285680703200024255e-01 1.492767390994885535e+00 0.000000000000000000e+00
4.621000000000000085e+01 2.254708758076578168e-01 1.492571191057626034e+00 0.000000000000000000e+00
4.621999999999999886e+01 2.223455300081258190e-01 1.492371736692925221e+00 0.000000000000000000e+00
4.623000000000000398e+01 2.191924133611744541e-01 1.492169128604627026e+00 0.000000000000000000e+00
4.624000000000000199e+01 2.160119093858042516e-01 1.491963469115359819e+00 0.000000000000000000e+00
4.625000000000000000e+01 2.128044046490628616e-01 1.491754862116189573e+00 0.000000000000000000e+00
4.625999999999999801e+01 2.095702887369218226e-01 1.491543413016949593e+00 0.000000000000000000e+00
4.627000000000000313e+01 2.063099542230926176e-01 1.491329228694552755e+00 0.000000000000000000e+00
4.628000000000000114e+01 2.030237966414189521e-01 1.491112417441102567e+00 0.000000000000000000e+00
4.628999999999999915e+01 1.997122144568241608e-01 1.490893088911199094e+00 0.000000000000000000e+00
4.630000000000000426e+01 1.963756090377617447e-01 1.490671354066529730e+00 0.000000000000000000e+00
4.631000000000000227e+01 1.930143846291712817e-01 1.490447325121778910e+00 0.000000000000000000e+00
4.632000000000000028e+01 1.896289483255698127e-01 1.490221115487111447e+00 0.000000000000000000e+00
4.632999999999999829e+01 1.862197100441873865e-01 1.489992839710176264e+00 0.000000000000000000e+00
4.634000000000000341e+01 1.827870824982281706e-01 1.489762613417896286e+00 0.000000000000000000e+00
4.635000000000000142e+01 1.793314811695570221e-01 1.489530553255065337e+00 0.000000000000000000e+00
4.635999999999999943e+01 1.758533242803734797e-01 1.489296776825238311e+00 0.000000000000000000e+00
4.636999999999999744e+01 1.723530327648129801e-01 1.489061402627109842e+00 0.000000000000000000e+00
4.638000000000000256e+01 1.688310302384414541e-01 1.488824549994262947e+00 0.000000000000000000e+00
4.639000000000000057e+01 1.652877429679846244e-01 1.488586339031280348e+00 0.000000000000000000e+00
4.639999999999999858e+01 1.617235998389623675e-01 1.488346890552116220e+00 0.000000000000000000e+00
4.641000000000000369e+01 1.581390323227338524e-01 1.488106326015888214e+00 0.000000000000000000e+00
4.642000000000000171e+01 1.545344744435435957e-01 1.487864767465448157e+00 0.000000000000000000e+00
4.642999999999999972e+01 1.509103627434084105e-01 1.487622337462547240e+00 0.000000000000000000e+00
4.643999999999999773e+01 1.472671362477314394e-01 1.487379159026091413e+00 0.000000000000000000e+00
4.645000000000000284e+01 1.436052364302609907e-01 1.487135355567694273e+00 0.000000000000000000e+00
4.646000000000000085e+01 1.399251071767342591e-01 1.486891050829334704e+00 0.000000000000000000e+00
4.646999999999999886e+01 1.362271947506357161e-01 1.486646368819400266e+00 0.000000000000000000e+00
4.648000000000000398e+01 1.325119477554577707e-01 1.486401433749448220e+00 0.000000000000000000e+00
4.649000000000000199e+01 1.287798171002527969e-01 1.486156369970704327e+00 0.000000000000000000e+00
4.650000000000000000e+01 1.250312559620589681e-01 1.485911301910909366e+00 0.000000000000000000e+00
4.650999999999999801e+01 1.212667197505491457e-01 1.485666354010378942e+00 0.000000000000000000e+00
4.652000000000000313e+01 1.174866660705037175e-01 1.485421650659177306e+00 0.000000000000000000e+00
4.653000000000000114e+01 1.136915546853767278e-01 1.485177316133047043e+00 0.000000000000000000e+00
4.653999999999999915e+01 1.098818474802003287e-01 1.484933474530898190e+00 0.000000000000000000e+00
4.655000000000000426e+01 1.060580084235379500e-01 1.484690249710675758e+00 0.000000000000000000e+00
4.656000000000000227e+01 1.022205035300285114e-01 1.484447765226987848e+00 0.000000000000000000e+00
4.657000000000000028e+01 9.836980082193487462e-02 1.484206144268102712e+00 0.000000000000000000e+00
4.657999999999999829e+01 9.450637029018360558e-02 1.483965509592345189e+00 0.000000000000000000e+00
4.659000000000000341e+01 9.063068385510517078e-02 1.483725983466664955e+00 0.000000000000000000e+00
4.660000000000000142e+01 8.674321532661104228e-02 1.483487687603431304e+00 0.000000000000000000e+00
4.660999999999999943e+01 8.284444036350796514e-02 1.483250743098384117e+00 0.000000000000000000e+00
4.661999999999999744e+01 7.893483643241595848e-02 1.483015270369907990e+00 0.000000000000000000e+00
4.663000000000000256e+01 7.501488276599763139e-02 1.482781389095345403e+00 0.000000000000000000e+00
4.664000000000000057e+01 7.108506032041925216e-02 1.482549218152536818e+00 0.000000000000000000e+00
4.664999999999999858e+01 6.714585173207189561e-02 1.482318875556673188e+00 0.000000000000000000e+00
4.666000000000000369e+01 6.319774127320622326e-02 1.482090478401708822e+00 0.000000000000000000e+00
4.667000000000000171e+01 5.924121480806385232e-02 1.481864142799257600e+00 0.000000000000000000e+00
4.667999999999999972e+01 5.527675974650903684e-02 1.481639983820092210e+00 0.000000000000000000e+00
4.668999999999999773e+01 5.130486499758925983e-02 1.481418115434493199e+00 0.000000000000000000e+00
4.670000000000000284e+01 4.732602092336836430e-02 1.481198650454310650e+00 0.000000000000000000e+00
4.671000000000000085e+01 4.334071928971546667e-02 1.480981700475414442e+00 0.000000000000000000e+00
4.671999999999999886e+01 3.934945321838520527e-02 1.480767375819418197e+00 0.000000000000000000e+00
4.673000000000000398e+01 3.535271713692709344e-02 1.480555785478754327e+00 0.000000000000000000e+00
4.674000000000000199e+01 3.135100672823798451e-02 1.480347037059230653e+00 0.000000000000000000e+00
4.675000000000000000e+01 2.734481887967184915e-02 1.480141236725773801e+00 0.000000000000000000e+00
4.675999999999999801e+01 2.333465163005578671e-02 1.479938489147851532e+00 0.000000000000000000e+00
4.677000000000000313e+01 1.932100411747117788e-02 1.479738897445092904e+00 0.000000000000000000e+00
4.678000000000000114e+01 1.530437652499105385e-02 1.479542563135374023e+00 0.000000000000000000e+00
4.678999999999999915e+01 1.128527002571318855e-02 1.479349586081791790e+00 0.000000000000000000e+00
4.680000000000000426e+01 7.264186727748377786e-03 1.479160064441764399e+00 0.000000000000000000e+00
4.681000000000000227e+01 3.241629617312489532e-03 1.478974094616676282e+00 0.000000000000000000e+00
4.682000000000000028e+01 -7.818974984351669856e-04 1.478791771201969141e+00 0.000000000000000000e+00
4.682999999999999829e+01 -4.805890049530569044e-03 1.478613186938900759e+00 0.000000000000000000e+00
4.684000000000000341e+01 -8.829842761920128624e-03 1.478438432666673519e+00 0.000000000000000000e+00
4.685000000000000142e+01 -1.285324971752532276e-02 1.478267597275712220e+00 0.000000000000000000e+00
4.685999999999999943e+01 -1.687560441500357208e-02 1.478100767661809867e+00 0.000000000000000000e+00
4.686999999999999744e+01 -2.089639983008082652e-02 1.477938028681926363e+00 0.000000000000000000e+00
4.688000000000000256e+01 -2.491512847906157332e-02 1.477779463109972324e+00 0.000000000000000000e+00
4.689000000000000057e+01 -2.893128248029305100e-02 1.477625151594525565e+00 0.000000000000000000e+00
4.689999999999999858e+01 -3.294435361902467441e-02 1.477475172617359611e+00 0.000000000000000000e+00
4.691000000000000369e+01 -3.695383341027931590e-02 1.477329602452786883e+00 0.000000000000000000e+00
4.692000000000000171e+01 -4.095921316518279925e-02 1.477188515129111313e+00 0.000000000000000000e+00
4.692999999999999972e+01 -4.495998405548259219e-02 1.477051982389642859e+00 0.000000000000000000e+00
4.693999999999999773e+01 -4.895563718065416847e-02 1.476920073656818877e+00 0.000000000000000000e+00
4.695000000000000284e+01 -5.294566363400908526e-02 1.476792855995499032e+00 0.000000000000000000e+00
4.696000000000000085e+01 -5.692955457155490784e-02 1.476670394079423243e+00 0.000000000000000000e+00
4.696999999999999886e+01 -6.090680127863224574e-02 1.476552750157702931e+00 0.000000000000000000e+00
4.698000000000000398e+01 -6.487689524028457388e-02 1.476439984022408503e+00 0.000000000000000000e+00
4.699000000000000199e+01 -6.883932821000253444e-02 1.476332152978801604e+00 0.000000000000000000e+00
4.700000000000000000e+01 -7.279359228014345429e-02 1.476229311815249634e+00 0.000000000000000000e+00
4.700999999999999801e+01 -7.673917995313131457e-02 1.476131512775108456e+00 0.000000000000000000e+00
4.702000000000000313e+01 -8.067558421240934863e-02 1.476038805530966780e+00 0.000000000000000000e+00
4.703000000000000114e+01 -8.460229859558007770e-02 1.475951237157835827e+00 0.000000000000000000e+00
4.703999999999999915e+01 -8.851881726633625824e-02 1.475868852110123308e+00 0.000000000000000000e+00
4.705000000000000426e+01 -9.242463508918435933e-02 1.475791692198815674e+00 0.000000000000000000e+00
4.706000000000000227e+01 -9.631924770283356585e-02 1.475719796569511022e+00 0.000000000000000000e+00
4.707000000000000028e+01 -1.002021515957216141e-01 1.475653201683439164e+00 0.000000000000000000e+00
4.707999999999999829e+01 -1.040728441813548871e-01 1.475591941298079135e+00 0.000000000000000000e+00
4.709000000000000341e+01 -1.079308238749604049e-01 1.475536046451038752e+00 0.000000000000000000e+00
4.710000000000000142e+01 -1.117755901694887644e-01 1.475485545443094404e+00 0.000000000000000000e+00
4.710999999999999943e+01 -1.156066437141849701e-01 1.475440463825286264e+00 0.000000000000000000e+00
4.711999999999999744e+01 -1.194234863913324202e-01 1.475400824384990539e+00 0.000000000000000000e+00
4.713000000000000256e+01 -1.232256213955045393e-01 1.475366647135285758e+00 0.000000000000000000e+00
4.714000000000000057e+01 -1.270125535776228387e-01 1.475337942984986883e+00 0.000000000000000000e+00
4.714999999999999858e+01 -1.307837881057648810e-01 1.475314749949710791e+00 0.000000000000000000e+00
4.716000000000000369e+01 -1.345388337177470806e-01 1.475297046157932668e+00 0.000000000000000000e+00
4.717000000000000171e+01 -1.382771989599085594e-01 1.475284863079068254e+00 0.000000000000000000e+00
4.717999999999999972e+01 -1.419983949684337776e-01 1.475278199338998286e+00 0.000000000000000000e+00
4.718999999999999773e+01 -1.457019344641940217e-01 1.475277059047407580e+00 0.000000000000000000e+00
4.720000000000000284e+01 -1.493873320414298989e-01 1.475281442730002723e+00 0.000000000000000000e+00
4.721000000000000085e+01 -1.530541042545983665e-01 1.475291347934970743e+00 0.000000000000000000e+00
4.721999999999999886e+01 -1.567017696864863863e-01 1.475306769436364407e+00 0.000000000000000000e+00
4.723000000000000398e+01 -1.603298490320652081e-01 1.475327699197360953e+00 0.000000000000000000e+00
4.724000000000000199e+01 -1.639378651776344231e-01 1.475354126376913211e+00 0.000000000000000000e+00
4.725000000000000000e+01 -1.675253432824259370e-01 1.475386037336827938e+00 0.000000000000000000e+00
4.725999999999999801e+01 -1.710918108590922804e-01 1.475423415649306236e+00 0.000000000000000000e+00
4.727000000000000313e+01 -1.746367978537276267e-01 1.475466242105415438e+00 0.000000000000000000e+00
4.728000000000000114e+01 -1.781598367268042715e-01 1.475514494726485548e+00 0.000000000000000000e+00
4.728999999999999915e+01 -1.816604625336715739e-01 1.475568148774779820e+00 0.000000000000000000e+00
4.730000000000000426e+01 -1.851382130044547103e-01 1.475627176767872806e+00 0.000000000000000000e+00
4.731000000000000227e+01 -1.885926286246100148e-01 1.475691548492460203e+00 0.000000000000000000e+00
4.732000000000000028e+01 -1.920232527146358559e-01 1.475761231020972897e+00 0.000000000000000000e+00
4.732999999999999829e+01 -1.954296315100371717e-01 1.475836188728683496e+00 0.000000000000000000e+00
4.734000000000000341e+01 -1.988113142406177924e-01 1.475916383312721347e+00 0.000000000000000000e+00
4.735000000000000142e+01 -2.021678532098716841e-01 1.476001773812027684e+00 0.000000000000000000e+00
4.735999999999999943e+01 -2.054988038737164679e-01 1.476092316629373347e+00 0.000000000000000000e+00
4.736999999999999744e+01 -2.088037249190405342e-01 1.476187965553581005e+00 0.000000000000000000e+00
4.738000000000000256e+01 -2.120821783416008688e-01 1.476288671783879014e+00 0.000000000000000000e+00
4.739000000000000057e+01 -2.153337295238446081e-01 1.476394383956029399e+00 0.000000000000000000e+00
4.739999999999999858e+01 -2.185579473112951032e-01 1.476505048168077261e+00 0.000000000000000000e+00
4.741000000000000369e+01 -2.217544040899261382e-01 1.476620608009491242e+00 0.000000000000000000e+00
4.742000000000000171e+01 -2.249226758610497479e-01 1.476741004589247952e+00 0.000000000000000000e+00
4.742999999999999972e+01 -2.280623423171002917e-01 1.476866176567891653e+00 0.000000000000000000e+00
4.743999999999999773e+01 -2.311729869159653283e-01 1.476996060188155546e+00 0.000000000000000000e+00
4.745000000000000284e+01 -2.342541969547774772e-01 1.477130589308388808e+00 0.000000000000000000e+00
4.746000000000000085e+01 -2.373055636429944604e-01 1.477269695437174457e+00 0.000000000000000000e+00
4.746999999999999886e+01 -2.403266821751723903e-01 1.477413307768046913e+00 0.000000000000000000e+00
4.748000000000000398e+01 -2.433171518016631618e-01 1.477561353216549023e+00 0.000000000000000000e+00
4.749000000000000199e+01 -2.462765759004989508e-01 1.477713756458142180e+00 0.000000000000000000e+00
4.750000000000000000e+01 -2.492045620468680556e-01 1.477870439966121108e+00 0.000000000000000000e+00
4.750999999999999801e+01 -2.521007220822721329e-01 1.478031324052860640e+00 0.000000000000000000e+00
4.752000000000000313e+01 -2.549646721832576346e-01 1.478196326909561042e+00 0.000000000000000000e+00
4.753000000000000114e+01 -2.577960329286519969e-01 1.478365364649676383e+00 0.000000000000000000e+00
4.753999999999999915e+01 -2.605944293665889422e-01 1.478538351350765945e+00 0.000000000000000000e+00
4.755000000000000426e+01 -2.633594910798129907e-01 1.478715199099543742e+00 0.000000000000000000e+00
4.756000000000000227e+01 -2.660908522510034846e-01 1.478895818036856546e+00 0.000000000000000000e+00
4.757000000000000028e+01 -2.687881517262295517e-01 1.479080116403525214e+00 0.000000000000000000e+00
4.757999999999999829e+01 -2.714510330782693992e-01 1.479268000587718346e+00 0.000000000000000000e+00
4.759000000000000341e+01 -2.740791446680768684e-01 1.479459375173132418e+00 0.000000000000000000e+00
4.760000000000000142e+01 -2.766721397059174747e-01 1.479654142987449905e+00 0.000000000000000000e+00
4.760999999999999943e+01 -2.792296763111678515e-01 1.479852205152555111e+00 0.000000000000000000e+00
4.761999999999999744e+01 -2.817514175706362645e-01 1.480053461134924087e+00 0.000000000000000000e+00
4.763000000000000256e+01 -2.842370315965911387e-01 1.480257808797581953e+00 0.000000000000000000e+00
4.764000000000000057e+01 -2.866861915828243235e-01 1.480465144451689863e+00 0.000000000000000000e+00
4.764999999999999858e+01 -2.890985758598190181e-01 1.480675362910230941e+00 0.000000000000000000e+00
4.766000000000000369e+01 -2.914738679491819529e-01 1.480888357541668254e+00 0.000000000000000000e+00
4.767000000000000171e+01 -2.938117566157111282e-01 1.481104020324111481e+00 0.000000000000000000e+00
4.767999999999999972e+01 -2.961119359196889844e-01 1.481322241901257497e+00 0.000000000000000000e+00
4.768999999999999773e+01 -2.983741052664871107e-01 1.481542911637333093e+00 0.000000000000000000e+00
4.770000000000000284e+01 -3.005979694558008064e-01 1.481765917674698674e+00 0.000000000000000000e+00
4.771000000000000085e+01 -3.027832387291470306e-01 1.481991146989793950e+00 0.000000000000000000e+00
4.771999999999999886e+01 -3.049296288159469848e-01 1.482218485451652912e+00 0.000000000000000000e+00
4.773000000000000398e+01 -3.070368609787210157e-01 1.482447817879769536e+00 0.000000000000000000e+00
4.774000000000000199e+01 -3.091046620561162528e-01 1.482679028102709573e+00 0.000000000000000000e+00
4.775000000000000000e+01 -3.111327645050084856e-01 1.482911999017220595e+00 0.000000000000000000e+00
4.775999999999999801e+01 -3.131209064412400211e-01 1.483146612648012619e+00 0.000000000000000000e+00
4.777000000000000313e+01 -3.150688316785216769e-01 1.483382750207660195e+00 0.000000000000000000e+00
4.778000000000000114e+01 -3.169762897657434908e-01 1.483620292156647702e+00 0.000000000000000000e+00
4.778999999999999915e+01 -3.188430360239304373e-01 1.483859118264381882e+00 0.000000000000000000e+00
4.780000000000000426e+01 -3.206688315797553424e-01 1.484099107670070250e+00 0.000000000000000000e+00
4.781000000000000227e+01 -3.224534433995167593e-01 1.484340138943531340e+00 0.000000000000000000e+00
4.782000000000000028e+01 -3.241966443204153392e-01 1.484582090147528843e+00 0.000000000000000000e+00
4.782999999999999829e+01 -3.258982130805736510e-01 1.484824838898353816e+00 0.000000000000000000e+00
4.784000000000000341e+01 -3.275579343482351580e-01 1.485068262428734354e+00 0.000000000000000000e+00
4.785000000000000142e+01 -3.291755987481426726e-01 1.485312237648364286e+00 0.000000000000000000e+00
4.785999999999999943e+01 -3.307510028881899267e-01 1.485556641208210404e+00 0.000000000000000000e+00
4.787000000000000455e+01 -3.322839493829671809e-01 1.485801349560077256e+00 0.000000000000000000e+00
4.788000000000000256e+01 -3.337742468771518478e-01 1.486046239020813120e+00 0.000000000000000000e+00
4.789000000000000057e+01 -3.352217100668983263e-01 1.486291185833601425e+00 0.000000000000000000e+00
4.789999999999999858e+01 -3.366261597195987498e-01 1.486536066230359499e+00 0.000000000000000000e+00
4.791000000000000369e+01 -3.379874226927910286e-01 1.486780756494230138e+00 0.000000000000000000e+00
4.792000000000000171e+01 -3.393053319513782973e-01 1.487025133020809742e+00 0.000000000000000000e+00
4.792999999999999972e+01 -3.405797265831519982e-01 1.487269072381532276e+00 0.000000000000000000e+00
4.793999999999999773e+01 -3.418104518136405034e-01 1.487512451384202850e+00 0.000000000000000000e+00
4.795000000000000284e+01 -3.429973590185136367e-01 1.487755147135508160e+00 0.000000000000000000e+00
4.796000000000000085e+01 -3.441403057356074435e-01 1.487997037102280595e+00 0.000000000000000000e+00
4.796999999999999886e+01 -3.452391556747345103e-01 1.488237999173073645e+00 0.000000000000000000e+00
4.798000000000000398e+01 -3.462937787261389233e-01 1.488477911718764091e+00 0.000000000000000000e+00
4.799000000000000199e+01 -3.473040509680055954e-01 1.488716653653545441e+00 0.000000000000000000e+00
4.800000000000000000e+01 -3.482698546719504851e-01 1.488954104496153397e+00 0.000000000000000000e+00
4.800999999999999801e+01 -3.491910783070150126e-01 1.489190144428376605e+00 0.000000000000000000e+00
4.802000000000000313e+01 -3.500676165428308617e-01 1.489424654356874322e+00 0.000000000000000000e+00
4.803000000000000114e+01 -3.508993702504223378e-01 1.489657515970938872e+00 0.000000000000000000e+00
4.803999999999999915e+01 -3.516862465021065032e-01 1.489888611802427265e+00 0.000000000000000000e+00
4.805000000000000426e+01 -3.524281585699482466e-01 1.490117825284384301e+00 0.000000000000000000e+00
4.806000000000000227e+01 -3.531250259222614152e-01 1.490345040808236599e+00 0.000000000000000000e+00
4.807000000000000028e+01 -3.537767742191558207e-01 1.490570143782896873e+00 0.000000000000000000e+00
4.807999999999999829e+01 -3.543833353065527492e-01 1.490793020690513560e+00 0.000000000000000000e+00
4.809000000000000341e+01 -3.549446472083589432e-01 1.491013559143728795e+00 0.000000000000000000e+00
4.810000000000000142e+01 -3.554606541181757895e-01 1.491231647941721139e+00 0.000000000000000000e+00
4.810999999999999943e+01 -3.559313063877788119e-01 1.491447177125455381e+00 0.000000000000000000e+00
4.812000000000000455e+01 -3.563565605174830453e-01 1.491660038031808133e+00 0.000000000000000000e+00
4.813000000000000256e+01 -3.567363791408936780e-01 1.491870123349638533e+00 0.000000000000000000e+00
4.814000000000000057e+01 -3.570707310123472089e-01 1.492077327170525214e+00 0.000000000000000000e+00
4.814999999999999858e+01 -3.573595909907643642e-01 1.492281545043925961e+00 0.000000000000000000e+00
4.816000000000000369e+01 -3.576029400223607602e-01 1.492482674027747480e+00 0.000000000000000000e+00
4.817000000000000171e+01 -3.578007651241467690e-01 1.492680612740410417e+00 0.000000000000000000e+00
4.817999999999999972e+01 -3.579530593629807189e-01 1.492875261410660181e+00 0.000000000000000000e+00
4.818999999999999773e+01 -3.580598218372284536e-01 1.493066521927951307e+00 0.000000000000000000e+00
4.820000000000000284e+01 -3.581210576540558854e-01 1.493254297890764359e+00 0.000000000000000000e+00
4.821000000000000085e+01 -3.581367779082921809e-01 1.493438494655228821e+00 0.000000000000000000e+00
4.821999999999999886e+01 -3.581069996585276027e-01 1.493619019381460911e+00 0.000000000000000000e+00
4.823000000000000398e+01 -3.580317459033786065e-01 1.493795781080567986e+00 0.000000000000000000e+00
4.824000000000000199e+01 -3.579110455565118754e-01 1.493968690659703835e+00 0.000000000000000000e+00
4.825000000000000000e+01 -3.577449334206416198e-01 1.494137660966454950e+00 0.000000000000000000e+00
4.825999999999999801e+01 -3.575334501606329818e-01 1.494302606832132341e+00 0.000000000000000000e+00
4.827000000000000313e+01 -3.572766419718699238e-01 1.494463458454371896e+00 0.000000000000000000e+00
4.828000000000000114e+01 -3.569745619355704225e-01 1.494620084836209450e+00 0.000000000000000000e+00
4.828999999999999915e+01 -3.566272675258861380e-01 1.494772478117743164e+00 0.000000000000000000e+00
4.830000000000000426e+01 -3.562348226151166308e-01 1.494920513458464439e+00 0.000000000000000000e+00
4.831000000000000227e+01 -3.557972969750680670e-01 1.495064131760583725e+00 0.000000000000000000e+00
4.832000000000000028e+01 -3.553147656583884872e-01 1.495203258843017524e+00 0.000000000000000000e+00
4.832999999999999829e+01 -3.547873096302964768e-01 1.495337824215196010e+00 0.000000000000000000e+00
4.834000000000000341e+01 -3.542150153815310509e-01 1.495467760105815280e+00 0.000000000000000000e+00
4.835000000000000142e+01 -3.535979750092306806e-01 1.495593000980637743e+00 0.000000000000000000e+00
4.835999999999999943e+01 -3.529362861621532232e-01 1.495713483669875554e+00 0.000000000000000000e+00
4.837000000000000455e+01 -3.522300520052922268e-01 1.495829147399838410e+00 0.000000000000000000e+00
4.838000000000000256e+01 -3.514793811854394767e-01 1.495939933818638101e+00 0.000000000000000000e+00
4.839000000000000057e+01 -3.506843877936710041e-01 1.496045787026081708e+00 0.000000000000000000e+00
4.839999999999999858e+01 -3.498451913287485837e-01 1.496146653601496235e+00 0.000000000000000000e+00
4.841000000000000369e+01 -3.489619166594818966e-01 1.496242482631021220e+00 0.000000000000000000e+00
4.842000000000000171e+01 -3.480346939861477251e-01 1.496333225731848016e+00 0.000000000000000000e+00
4.842999999999999972e+01 -3.470636588022276148e-01 1.496418837077530650e+00 0.000000000000000000e+00
4.843999999999999773e+01 -3.460489518556738031e-01 1.496499273420004439e+00 0.000000000000000000e+00
4.845000000000000284e+01 -3.449907191090201275e-01 1.496574494111767351e+00 0.000000000000000000e+00
4.846000000000000085e+01 -3.438891117009179044e-01 1.496644461126108716e+00 0.000000000000000000e+00
4.846999999999999886e+01 -3.427442859058970059e-01 1.496709139075622641e+00 0.000000000000000000e+00
4.848000000000000398e+01 -3.415564030950226648e-01 1.496768495230670570e+00 0.000000000000000000e+00
4.849000000000000199e+01 -3.403256296962901550e-01 1.496822499535631845e+00 0.000000000000000000e+00
4.850000000000000000e+01 -3.390521371546699747e-01 1.496871124623180727e+00 0.000000000000000000e+00
4.850999999999999801e+01 -3.377361018928756731e-01 1.496914345829569948e+00 0.000000000000000000e+00
4.852000000000000313e+01 -3.363777052711743321e-01 1.496952141205582176e+00 0.000000000000000000e+00
4.853000000000000114e+01 -3.349771335483315848e-01 1.496984491528750905e+00 0.000000000000000000e+00
4.853999999999999915e+01 -3.335345778416438645e-01 1.497011380312341711e+00 0.000000000000000000e+00
4.855000000000000426e+01 -3.320502340874891822e-01 1.497032793814308871e+00 0.000000000000000000e+00
4.856000000000000227e+01 -3.305243030018647499e-01 1.497048721043977570e+00 0.000000000000000000e+00
4.857000000000000028e+01 -3.289569900409321512e-01 1.497059153768276696e+00 0.000000000000000000e+00
4.857999999999999829e+01 -3.273485053608597983e-01 1.497064086515257131e+00 0.000000000000000000e+00
4.859000000000000341e+01 -3.256990637793084620e-01 1.497063516577914033e+00 0.000000000000000000e+00
4.860000000000000142e+01 -3.240088847344864131e-01 1.497057444015522432e+00 0.000000000000000000e+00
4.860999999999999943e+01 -3.222781922468279103e-01 1.497045871653622129e+00 0.000000000000000000e+00
4.862000000000000455e+01 -3.205072148781848984e-01 1.497028805083401526e+00 0.000000000000000000e+00
4.863000000000000256e+01 -3.186961856928608450e-01 1.497006252659044634e+00 0.000000000000000000e+00
4.864000000000000057e+01 -3.168453422177255896e-01 1.496978225493884151e+00 0.000000000000000000e+00
4.864999999999999858e+01 -3.149549264024387174e-01 1.496944737455467633e+00 0.000000000000000000e+00
4.866000000000000369e+01 -3.130251845802783373e-01 1.496905805158794456e+00 0.000000000000000000e+00
4.867000000000000171e+01 -3.110563674282827429e-01 1.496861447958801605e+00 0.000000000000000000e+00
4.867999999999999972e+01 -3.090487299282069222e-01 1.496811687941073554e+00 0.000000000000000000e+00
4.868999999999999773e+01 -3.070025313273887502e-01 1.496756549911465450e+00 0.000000000000000000e+00
4.870000000000000284e+01 -3.049180350998874633e-01 1.496696061383662624e+00 0.000000000000000000e+00
4.871000000000000085e+01 -3.027955089075830553e-01 1.496630252567632935e+00 0.000000000000000000e+00
4.871999999999999886e+01 -3.006352245622604946e-01 1.496559156352980535e+00 0.000000000000000000e+00
4.873000000000000398e+01 -2.984374579871107436e-01 1.496482808295345857e+00 0.000000000000000000e+00
4.874000000000000199e+01 -2.962024891788887504e-01 1.496401246597736101e+00 0.000000000000000000e+00
4.875000000000000000e+01 -2.939306021710509920e-01 1.496314512093567473e+00 0.000000000000000000e+00
4.875999999999999801e+01 -2.916220849956687178e-01 1.496222648225628671e+00 0.000000000000000000e+00
4.877000000000000313e+01 -2.892772296472800875e-01 1.496125701026350230e+00 0.000000000000000000e+00
4.878000000000000114e+01 -2.868963320460095612e-01 1.496023719095260551e+00 0.000000000000000000e+00
4.878999999999999915e+01 -2.844796920011630759e-01 1.495916753575516234e+00 0.000000000000000000e+00
4.880000000000000426e+01 -2.820276131757334936e-01 1.495804858129115011e+00 0.000000000000000000e+00
4.881000000000000227e+01 -2.795404030500441284e-01 1.495688088911385272e+00 0.000000000000000000e+00
4.882000000000000028e+01 -2.770183728869793360e-01 1.495566504543636821e+00 0.000000000000000000e+00
4.882999999999999829e+01 -2.744618376963317008e-01 1.495440166084988753e+00 0.000000000000000000e+00
4.884000000000000341e+01 -2.718711162003000781e-01 1.495309137002539979e+00 0.000000000000000000e+00
4.885000000000000142e+01 -2.692465307989265755e-01 1.495173483141596815e+00 0.000000000000000000e+00
4.885999999999999943e+01 -2.665884075355376415e-01 1.495033272692394055e+00 0.000000000000000000e+00
4.887000000000000455e+01 -2.638970760628423506e-01 1.494888576158937221e+00 0.000000000000000000e+00
4.888000000000000256e+01 -2.611728696097730951e-01 1.494739466323070864e+00 0.000000000000000000e+00
4.889000000000000057e+01 -2.584161249468701071e-01 1.494586018211531586e+00 0.000000000000000000e+00
4.889999999999999858e+01 -2.556271823544385979e-01 1.494428309057242776e+00 0.000000000000000000e+00
4.891000000000000369e+01 -2.528063855887283662e-01 1.494266418264158292e+00 0.000000000000000000e+00
4.892000000000000171e+01 -2.499540818494185024e-01 1.494100427367973660e+00 0.000000000000000000e+00
4.892999999999999972e+01 -2.470706217476941469e-01 1.493930419997003156e+00 0.000000000000000000e+00
4.893999999999999773e+01 -2.441563592731124666e-01 1.493756481831720384e+00 0.000000000000000000e+00
4.895000000000000284e+01 -2.412116517622867884e-01 1.493578700563930939e+00 0.000000000000000000e+00
4.896000000000000085e+01 -2.382368598662092662e-01 1.493397165853832531e+00 0.000000000000000000e+00
4.896999999999999886e+01 -2.352323475190179758e-01 1.493211969287153940e+00 0.000000000000000000e+00
4.898000000000000398e+01 -2.321984819055170068e-01 1.493023204330708342e+00 0.000000000000000000e+00
4.899000000000000199e+01 -2.291356334298522979e-01 1.492830966286816441e+00 0.000000000000000000e+00
4.900000000000000000e+01 -2.260441756836233662e-01 1.492635352247002167e+00 0.000000000000000000e+00
4.900999999999999801e+01 -2.229244854138128229e-01 1.492436461044336804e+00 0.000000000000000000e+00
4.902000000000000313e+01 -2.197769424917032643e-01 1.492234393204093124e+00 0.000000000000000000e+00
4.903000000000000114e+01 -2.166019298808896099e-01 1.492029250894470138e+00 0.000000000000000000e+00
4.903999999999999915e+01 -2.133998336054571676e-01 1.491821137873873271e+00 0.000000000000000000e+00
4.905000000000000426e+01 -2.101710427196750997e-01 1.491610159438992778e+00 0.000000000000000000e+00
4.906000000000000227e+01 -2.069159492755204555e-01 1.491396422369625663e+00 0.000000000000000000e+00
4.907000000000000028e+01 -2.036349482936308242e-01 1.491180034872868321e+00 0.000000000000000000e+00
4.907999999999999829e+01 -2.003284377312305187e-01 1.490961106525742652e+00 0.000000000000000000e+00
4.909000000000000341e+01 -1.969968184540509537e-01 1.490739748216455496e+00 0.000000000000000000e+00
4.910000000000000142e+01 -1.936404942056685896e-01 1.490516072083553079e+00 0.000000000000000000e+00
4.910999999999999943e+01 -1.902598715795350559e-01 1.490290191455810431e+00 0.000000000000000000e+00
4.912000000000000455e+01 -1.868553599907284146e-01 1.490062220789299285e+00 0.000000000000000000e+00
4.913000000000000256e+01 -1.834273716474175975e-01 1.489832275604813017e+00 0.000000000000000000e+00
4.914000000000000057e+01 -1.799763215242076719e-01 1.489600472426234390e+00 0.000000000000000000e+00
4.914999999999999858e+01 -1.765026273336763041e-01 1.489366928716237659e+00 0.000000000000000000e+00
4.916000000000000369e+01 -1.730067094991650234e-01 1.489131762814850823e+00 0.000000000000000000e+00
4.917000000000000171e+01 -1.694889911264692572e-01 1.488895093877952158e+00 0.000000000000000000e+00
4.917999999999999972e+01 -1.659498979748906256e-01 1.488657041814977600e+00 0.000000000000000000e+00
4.918999999999999773e+01 -1.623898584276437518e-01 1.488417727229153442e+00 0.000000000000000000e+00
4.920000000000000284e+01 -1.588093034616966936e-01 1.488177271357596476e+00 0.000000000000000000e+00
4.921000000000000085e+01 -1.552086666155299000e-01 1.487935796011074840e+00 0.000000000000000000e+00
4.921999999999999886e+01 -1.515883839572089997e-01 1.487693423515690005e+00 0.000000000000000000e+00
4.923000000000000398e+01 -1.479488940501960947e-01 1.487450276653158099e+00 0.000000000000000000e+00
4.924000000000000199e+01 -1.442906379196037259e-01 1.487206478601975412e+00 0.000000000000000000e+00
4.925000000000000000e+01 -1.406140590163174331e-01 1.486962152877953525e+00 0.000000000000000000e+00
4.925999999999999801e+01 -1.369196031817481174e-01 1.486717423274235950e+00 0.000000000000000000e+00
4.927000000000000313e+01 -1.332077186110951217e-01 1.486472413801933845e+00 0.000000000000000000e+00
4.928000000000000114e+01 -1.294788558170359427e-01 1.486227248628281483e+00 0.000000000000000000e+00
4.928999999999999915e+01 -1.257334675921374656e-01 1.485982052016881161e+00 0.000000000000000000e+00
4.930000000000000426e+01 -1.219720089722575729e-01 1.485736948264929858e+00 0.000000000000000000e+00
4.931000000000000227e+01 -1.181949371986573960e-01 1.485492061641993100e+00 0.000000000000000000e+00
4.932000000000000028e+01 -1.144027116801911159e-01 1.485247516327300676e+00 0.000000000000000000e+00
4.932999999999999829e+01 -1.105957939560466147e-01 1.485003436347250627e+00 0.000000000000000000e+00
4.934000000000000341e+01 -1.067746476569693403e-01 1.484759945511985091e+00 0.000000000000000000e+00
4.935000000000000142e+01 -1.029397384671095483e-01 1.484517167353351708e+00 0.000000000000000000e+00
4.935999999999999943e+01 -9.909153408551837905e-02 1.484275225060422976e+00 0.000000000000000000e+00
4.937000000000000455e+01 -9.523050418672862616e-02 1.484034241417649502e+00 0.000000000000000000e+00
4.938000000000000256e+01 -9.135712038155700820e-02 1.483794338740749952e+00 0.000000000000000000e+00
4.939000000000000057e+01 -8.747185617684287429e-02 1.483555638814245015e+00 0.000000000000000000e+00
4.939999999999999858e+01 -8.357518693530388565e-02 1.483318262828711154e+00 0.000000000000000000e+00
4.941000000000000369e+01 -7.966758983388176618e-02 1.483082331317941982e+00 0.000000000000000000e+00
4.942000000000000171e+01 -7.574954382270290831e-02 1.482847964096786875e+00 0.000000000000000000e+00
4.942999999999999972e+01 -7.182152958246466878e-02 1.482615280199171881e+00 0.000000000000000000e+00
4.943999999999999773e+01 -6.788402948086445787e-02 1.482384397817197108e+00 0.000000000000000000e+00
4.945000000000000284e+01 -6.393752752971078313e-02 1.482155434238441982e+00 0.000000000000000000e+00
4.946000000000000085e+01 -5.998250933976718297e-02 1.481928505787567296e+00 0.000000000000000000e+00
4.946999999999999886e+01 -5.601946207569424158e-02 1.481703727763872713e+00 0.000000000000000000e+00
4.948000000000000398e+01 -5.204887440983269747e-02 1.481481214383422840e+00 0.000000000000000000e+00
4.949000000000000199e+01 -4.807123647548419698e-02 1.481261078719284141e+00 0.000000000000000000e+00
4.950000000000000000e+01 -4.408703981911805958e-02 1.481043432642752844e+00 0.000000000000000000e+00
4.950999999999999801e+01 -4.009677735180168512e-02 1.480828386766520621e+00 0.000000000000000000e+00
4.952000000000000313e+01 -3.610094329983317557e-02 1.480616050386692750e+00 0.000000000000000000e+00
4.953000000000000114e+01 -3.210003315498276277e-02 1.480406531426952776e+00 0.000000000000000000e+00
4.953999999999999915e+01 -2.809454362247144205e-02 1.480199936382071257e+00 0.000000000000000000e+00
4.955000000000000426e+01 -2.408497257036419648e-02 1.479996370264225813e+00 0.000000000000000000e+00
4.956000000000000227e+01 -2.007181897568480200e-02 1.479795936547375845e+00 0.000000000000000000e+00
4.957000000000000028e+01 -1.605558287157850955e-02 1.479598737114993456e+00 0.000000000000000000e+00
4.957999999999999829e+01 -1.203676529232670586e-02 1.479404872206832922e+00 0.000000000000000000e+00
4.959000000000000341e+01 -8.015868218516174551e-03 1.479214440367642602e+00 0.000000000000000000e+00
4.960000000000000142e+01 -3.993394520335502053e-03 1.479027538396082919e+00 0.000000000000000000e+00
4.960999999999999943e+01 3.015209898113506122e-05 1.478844261294871565e+00 0.000000000000000000e+00
4.962000000000000455e+01 4.054267161361931049e-03 1.478664702221708316e+00 0.000000000000000000e+00
4.963000000000000256e+01 8.078445472702762420e-03 1.478488952441670667e+00 0.000000000000000000e+00
4.964000000000000057e+01 1.210218118177640648e-02 1.478317101279085666e+00 0.000000000000000000e+00
4.964999999999999858e+01 1.612496784158498966e-02 1.478149236072850536e+00 0.000000000000000000e+00
4.966000000000000369e+01 2.014629846955032569e-02 1.477985442130306692e+00 0.000000000000000000e+00
4.967000000000000171e+01 2.416566561021464901e-02 1.477825802683337519e+00 0.000000000000000000e+00
4.967999999999999972e+01 2.818256139718972736e-02 1.477670398846577138e+00 0.000000000000000000e+00
4.968999999999999773e+01 3.219647761745429715e-02 1.477519309573547046e+00 0.000000000000000000e+00
4.970000000000000284e+01 3.620690577465705134e-02 1.477372611618365417e+00 0.000000000000000000e+00
4.971000000000000085e+01 4.021333715444740109e-02 1.477230379494184787e+00 0.000000000000000000e+00
4.971999999999999886e+01 4.421526289024244050e-02 1.477092685436283137e+00 0.000000000000000000e+00
4.973000000000000398e+01 4.821217402873978486e-02 1.476959599364050080e+00 0.000000000000000000e+00
4.974000000000000199e+01 5.220356159777347904e-02 1.476831188845658005e+00 0.000000000000000000e+00
4.975000000000000000e+01 5.618891667315330241e-02 1.476707519063478635e+00 0.000000000000000000e+00
4.975999999999999801e+01 6.016773044758703254e-02 1.476588652780201016e+00 0.000000000000000000e+00
4.977000000000000313e+01 6.413949429945844938e-02 1.476474650307475045e+00 0.000000000000000000e+00
4.978000000000000114e+01 6.810369986223353822e-02 1.476365569475287298e+00 0.000000000000000000e+00
4.978999999999999915e+01 7.205983909570312651e-02 1.476261465601803824e+00 0.000000000000000000e+00
4.980000000000000426e+01 7.600740435616062940e-02 1.476162391466989909e+00 0.000000000000000000e+00
4.981000000000000227e+01 7.994588846904977786e-02 1.476068397283928357e+00 0.000000000000000000e+00
4.982000000000000028e+01 8.387478480101263900e-02 1.475979530676153173e+00 0.000000000000000000e+00
4.982999999999999829e+01 8.779358733338278598e-02 1.475895836651717197e+00 0.000000000000000000e+00
4.984000000000000341e+01 9.170179073658170366e-02 1.475817357581943101e+00 0.000000000000000000e+00
4.985000000000000142e+01 9.559889044359547172e-02 1.475744133180238338e+00 0.000000000000000000e+00
4.985999999999999943e+01 9.948438272684009820e-02 1.475676200481985223e+00 0.000000000000000000e+00
4.987000000000000455e+01 1.033577647726340032e-01 1.475613593826610170e+00 0.000000000000000000e+00
4.988000000000000256e+01 1.072185347587004262e-01 1.475556344840355250e+00 0.000000000000000000e+00
4.989000000000000057e+01 1.110661919304872652e-01 1.475504482420574526e+00 0.000000000000000000e+00
4.989999999999999858e+01 1.149002366788166585e-01 1.475458032721438828e+00 0.000000000000000000e+00
4.991000000000000369e+01 1.187201706177142407e-01 1.475417019140393249e+00 0.000000000000000000e+00
4.992000000000000171e+01 1.225254966625594216e-01 1.475381462307116198e+00 0.000000000000000000e+00
4.992999999999999972e+01 1.263157191084173514e-01 1.475351380072064345e+00 0.000000000000000000e+00
4.993999999999999773e+01 1.300903437089888925e-01 1.475326787498377534e+00 0.000000000000000000e+00
4.995000000000000284e+01 1.338488777552910569e-01 1.475307696853293216e+00 0.000000000000000000e+00
4.996000000000000085e+01 1.375908301550634594e-01 1.475294117602099941e+00 0.000000000000000000e+00
4.996999999999999886e+01 1.413157115119805796e-01 1.475286056403458224e+00 0.000000000000000000e+00
4.998000000000000398e+01 1.450230342050305710e-01 1.475283517105819175e+00 0.000000000000000000e+00
4.999000000000000199e+01 1.487123124686443310e-01 1.475286500745129237e+00 0.000000000000000000e+00
5.000000000000000000e+01 1.523830624719428317e-01 1.475295005544984273e+00 0.000000000000000000e+00
