1.000000000000000021e-02 2.347097197581766992e-01 2.303481543986150015e+00 1.000000000000000056e-01
2.000000000000000042e-02 2.377939133863326282e-01 2.053351396994747891e+00 1.000000000000000056e-01
2.999999999999999889e-02 2.423834713862862422e-01 2.056211824107114783e+00 1.000000000000000056e-01
4.000000000000000083e-02 2.455597970467166824e-01 2.048511494542380795e+00 1.000000000000000056e-01
5.000000000000000278e-02 2.487091650590327885e-01 2.042892298989439137e+00 1.000000000000000056e-01
5.999999999999999778e-02 2.517525379860827139e-01 2.036963999316097951e+00 1.000000000000000056e-01
7.000000000000000666e-02 2.547179752703599420e-01 2.030629783843913572e+00 1.000000000000000056e-01
8.000000000000000167e-02 2.576160902781197137e-01 2.024133028905150677e+00 1.000000000000000056e-01
8.999999999999999667e-02 2.604531113429306988e-01 2.017678533767513827e+00 1.000000000000000056e-01
1.000000000000000056e-01 2.632379868900209252e-01 2.011420825966589998e+00 1.000000000000000056e-01
1.100000000000000006e-01 2.659631324086754178e-01 2.005514872509535529e+00 1.000000000000000056e-01
1.199999999999999956e-01 2.686493051995741399e-01 1.999987718672884052e+00 1.000000000000000056e-01
1.300000000000000044e-01 2.712878554650238749e-01 1.994925859409445890e+00 1.000000000000000056e-01
1.400000000000000133e-01 2.738840623592165846e-01 1.990342678342829519e+00 1.000000000000000056e-01
1.499999999999999944e-01 2.764386591669434345e-01 1.986253434436505261e+00 1.000000000000000056e-01
1.600000000000000033e-01 2.789521172540820881e-01 1.982656427346007000e+00 1.000000000000000056e-01
1.700000000000000122e-01 2.814246479440947191e-01 1.979541697138707868e+00 1.000000000000000056e-01
1.799999999999999933e-01 2.838561417609516413e-01 1.976892369842460973e+00 1.000000000000000056e-01
1.900000000000000022e-01 2.862463165088979800e-01 1.974687116607769077e+00 1.000000000000000056e-01
2.000000000000000111e-01 2.885947947173880812e-01 1.972901754424873033e+00 1.000000000000000056e-01
2.099999999999999922e-01 2.909011660618019413e-01 1.971510502029119261e+00 1.000000000000000056e-01
2.200000000000000011e-01 2.931650281728865881e-01 1.970486928322524811e+00 1.000000000000000056e-01
2.300000000000000100e-01 2.953860114363267009e-01 1.969804662211663393e+00 1.000000000000000056e-01
2.399999999999999911e-01 2.975637930739215564e-01 1.969437910728764507e+00 1.000000000000000056e-01
2.500000000000000000e-01 2.996981045129659127e-01 1.969361823829155700e+00 1.000000000000000056e-01
2.600000000000000089e-01 3.017887342505252701e-01 1.969552738072672504e+00 1.000000000000000056e-01
2.700000000000000178e-01 3.038355273118403255e-01 1.969988325829346687e+00 1.000000000000000056e-01
2.800000000000000266e-01 3.058383820362746697e-01 1.970647671308234150e+00 1.000000000000000056e-01
2.899999999999999800e-01 3.077959636131923360e-01 1.971516688467698009e+00 1.000000000000000056e-01
2.999999999999999889e-01 3.097131904068243791e-01 1.972557414219018757e+00 1.000000000000000056e-01
3.099999999999999978e-01 3.115826957816634768e-01 1.973780924399128001e+00 1.000000000000000056e-01
3.200000000000000067e-01 3.134099446105101383e-01 1.975154242732534149e+00 1.000000000000000056e-01
3.300000000000000155e-01 3.151929480508367520e-01 1.976666960311595833e+00 1.000000000000000056e-01
3.400000000000000244e-01 3.169321776381635591e-01 1.978307225639734490e+00 1.000000000000000056e-01
3.500000000000000333e-01 3.186276571455918249e-01 1.980062065834305329e+00 1.000000000000000056e-01
3.599999999999999867e-01 3.202794660314921549e-01 1.981920707240421242e+00 1.000000000000000056e-01
3.699999999999999956e-01 3.218876691023285219e-01 1.983873035967796294e+00 1.000000000000000056e-01
3.800000000000000044e-01 3.234523253094931938e-01 1.985909764621401896e+00 1.000000000000000056e-01
3.900000000000000133e-01 3.249734868044809599e-01 1.988022367595909445e+00 1.000000000000000056e-01
4.000000000000000222e-01 3.264511965042343200e-01 1.990202999910541726e+00 1.000000000000000056e-01
4.100000000000000311e-01 3.278854873120495839e-01 1.992444437847225691e+00 1.000000000000000056e-01
4.199999999999999845e-01 3.292763817865761999e-01 1.994740022289691161e+00 1.000000000000000056e-01
4.299999999999999933e-01 3.306238921649388152e-01 1.997083606615422946e+00 1.000000000000000056e-01
4.400000000000000022e-01 3.319280208108677521e-01 1.999469509486249130e+00 1.000000000000000056e-01
4.500000000000000111e-01 3.331887609775303072e-01 2.001892472012605229e+00 1.000000000000000056e-01
4.600000000000000200e-01 3.344060978149753782e-01 2.004347618985979018e+00 1.000000000000000056e-01
4.700000000000000289e-01 3.355800095530045990e-01 2.006830423851001743e+00 1.000000000000000056e-01
4.799999999999999822e-01 3.367104687905484450e-01 2.009336677088767065e+00 1.000000000000000056e-01
4.899999999999999911e-01 3.377974438337026930e-01 2.011862457703935014e+00 1.000000000000000056e-01
5.000000000000000000e-01 3.388409000302802787e-01 2.014404107535448851e+00 1.000000000000000056e-01
5.100000000000000089e-01 3.398408010587108397e-01 2.016958208130724017e+00 1.000000000000000056e-01
5.200000000000000178e-01 3.407971101469318698e-01 2.019521559951964917e+00 1.000000000000000056e-01
5.300000000000000266e-01 3.417097911971231916e-01 2.022091163692524951e+00 1.000000000000000056e-01
5.400000000000000355e-01 3.425788098099544765e-01 2.024664203509656257e+00 1.000000000000000056e-01
5.500000000000000444e-01 3.434041342024035659e-01 2.027238031987073086e+00 1.000000000000000056e-01
5.600000000000000533e-01 3.441857360227732476e-01 2.029810156655395215e+00 1.000000000000000056e-01
5.700000000000000622e-01 3.449235910681671125e-01 2.032378227918155922e+00 1.000000000000000056e-01
5.799999999999999600e-01 3.456176799109545450e-01 2.034940028235082021e+00 1.000000000000000056e-01
5.899999999999999689e-01 3.462679884434440303e-01 2.037493462431799962e+00 1.000000000000000056e-01
5.999999999999999778e-01 3.468745083485044733e-01 2.040036549015522116e+00 1.000000000000000056e-01
6.099999999999999867e-01 3.474372375029218252e-01 2.042567412383835990e+00 1.000000000000000056e-01
6.199999999999999956e-01 3.479561803196221104e-01 2.045084275830749476e+00 1.000000000000000056e-01
6.300000000000000044e-01 3.484313480348893988e-01 2.047585455254259390e+00 1.000000000000000056e-01
6.400000000000000133e-01 3.488627589421743336e-01 2.050069353490167945e+00 1.000000000000000056e-01
6.500000000000000222e-01 3.492504385800584976e-01 2.052534455195590635e+00 1.000000000000000056e-01
6.600000000000000311e-01 3.495944198734902142e-01 2.054979322220607418e+00 1.000000000000000056e-01
6.700000000000000400e-01 3.498947432352011999e-01 2.057402589410961546e+00 1.000000000000000056e-01
6.800000000000000488e-01 3.501514566293195130e-01 2.059802960792132431e+00 1.000000000000000056e-01
6.900000000000000577e-01 3.503646156024641800e-01 2.062179206090869688e+00 1.000000000000000056e-01
7.000000000000000666e-01 3.505342832849911994e-01 2.064530157557806778e+00 1.000000000000000056e-01
7.099999999999999645e-01 3.506605303699417142e-01 2.066854707055131968e+00 1.000000000000000056e-01
7.199999999999999734e-01 3.507434350703474979e-01 2.069151803384177146e+00 1.000000000000000056e-01
7.299999999999999822e-01 3.507830830624747431e-01 2.071420449821723242e+00 1.000000000000000056e-01
7.399999999999999911e-01 3.507795674158588062e-01 2.073659701849589698e+00 1.000000000000000056e-01
7.500000000000000000e-01 3.507329885143528614e-01 2.075868665050907502e+00 1.000000000000000056e-01
7.600000000000000089e-01 3.506434539688315088e-01 2.078046493159001251e+00 1.000000000000000056e-01
7.700000000000000178e-01 3.505110785250747929e-01 2.080192386244523739e+00 1.000000000000000056e-01
7.800000000000000266e-01 3.503359839643190865e-01 2.082305589021971937e+00 1.000000000000000056e-01
7.900000000000000355e-01 3.501182989999638839e-01 2.084385389268905264e+00 1.000000000000000056e-01
8.000000000000000444e-01 3.498581591677792368e-01 2.086431116342744030e+00 1.000000000000000056e-01
8.100000000000000533e-01 3.495557067114484773e-01 2.088442139787335172e+00 1.000000000000000056e-01
8.200000000000000622e-01 3.492110904613083266e-01 2.090417868018963343e+00 1.000000000000000056e-01
8.300000000000000711e-01 3.488244657080497024e-01 2.092357747086388553e+00 1.000000000000000056e-01
8.399999999999999689e-01 3.483959940695466329e-01 2.094261259493495064e+00 1.000000000000000056e-01
8.499999999999999778e-01 3.479258433527088745e-01 2.096127923083755729e+00 1.000000000000000056e-01
8.599999999999999867e-01 3.474141874085954207e-01 2.097957289974948569e+00 1.000000000000000056e-01
8.699999999999999956e-01 3.468612059835116113e-01 2.099748945544977818e+00 1.000000000000000056e-01
8.800000000000000044e-01 3.462670845646192985e-01 2.101502507459443780e+00 1.000000000000000056e-01
8.900000000000000133e-01 3.456320142214340252e-01 2.103217624740207459e+00 1.000000000000000056e-01
9.000000000000000222e-01 3.449561914447156763e-01 2.104893976871096584e+00 1.000000000000000056e-01
9.100000000000000311e-01 3.442398179807633074e-01 2.106531272937185228e+00 1.000000000000000056e-01
9.200000000000000400e-01 3.434831006658365382e-01 2.108129250795549581e+00 1.000000000000000056e-01
9.300000000000000488e-01 3.426862512558138119e-01 2.109687676275345147e+00 1.000000000000000056e-01
9.400000000000000577e-01 3.418494862575757187e-01 2.111206342405480996e+00 1.000000000000000056e-01
9.500000000000000666e-01 3.409730267568517603e-01 2.112685068668064936e+00 1.000000000000000056e-01
9.599999999999999645e-01 3.400570982479365623e-01 2.114123700273887962e+00 1.000000000000000056e-01
9.699999999999999734e-01 3.391019304611790908e-01 2.115522107463527313e+00 1.000000000000000056e-01
9.799999999999999822e-01 3.381077571924056002e-01 2.116880184826360090e+00 1.000000000000000056e-01
9.899999999999999911e-01 3.370748161317036473e-01 2.118197850639866875e+00 1.000000000000000056e-01
1.000000000000000000e+00 3.360033486938446834e-01 2.119475046229251092e+00 1.000000000000000056e-01
1.010000000000000009e+00 3.348935998495242150e-01 2.120711735340074622e+00 1.000000000000000056e-01
1.020000000000000018e+00 3.337458179574882555e-01 2.121907903531631945e+00 1.000000000000000056e-01
1.030000000000000027e+00 3.325602546004249316e-01 2.123063557580313621e+00 1.000000000000000056e-01
1.040000000000000036e+00 3.313371644201730248e-01 2.124178724902038073e+00 1.000000000000000056e-01
1.050000000000000044e+00 3.300768049580626307e-01 2.125253452982710733e+00 1.000000000000000056e-01
1.060000000000000053e+00 3.287794364960885951e-01 2.126287808825147341e+00 1.000000000000000056e-01
1.070000000000000062e+00 3.274453219022619987e-01 2.127281878405277826e+00 1.000000000000000056e-01
1.080000000000000071e+00 3.260747264778016130e-01 2.128235766139378260e+00 1.000000000000000056e-01
1.090000000000000080e+00 3.246679178096170126e-01 2.129149594363074716e+00 1.000000000000000056e-01
1.100000000000000089e+00 3.232251656238566140e-01 2.130023502817982362e+00 1.000000000000000056e-01
1.110000000000000098e+00 3.217467416448538953e-01 2.130857648148776651e+00 1.000000000000000056e-01
1.120000000000000107e+00 3.202329194565746162e-01 2.131652203408991308e+00 1.000000000000000056e-01
1.130000000000000115e+00 3.186839743671063818e-01 2.132407357574338747e+00 1.000000000000000056e-01
1.140000000000000124e+00 3.171001832775910412e-01 2.133123315064075598e+00 1.000000000000000056e-01
1.150000000000000133e+00 3.154818245531195720e-01 2.133800295270259273e+00 1.000000000000000056e-01
1.159999999999999920e+00 3.138291778971252222e-01 2.134438532093883900e+00 1.000000000000000056e-01
1.169999999999999929e+00 3.121425242288340396e-01 2.135038273487078531e+00 1.000000000000000056e-01
1.179999999999999938e+00 3.104221455628236592e-01 2.135599781003867825e+00 1.000000000000000056e-01
1.189999999999999947e+00 3.086683248919405154e-01 2.136123329354887357e+00 1.000000000000000056e-01
1.199999999999999956e+00 3.068813460722970010e-01 2.136609205970641412e+00 1.000000000000000056e-01
1.209999999999999964e+00 3.050614937109483726e-01 2.137057710569282509e+00 1.000000000000000056e-01
1.219999999999999973e+00 3.032090530561473152e-01 2.137469154731181042e+00 1.000000000000000056e-01
1.229999999999999982e+00 3.013243098900099115e-01 2.137843861479716612e+00 1.000000000000000056e-01
1.239999999999999991e+00 2.994075504244126940e-01 2.138182164866742063e+00 1.000000000000000056e-01
1.250000000000000000e+00 2.974590611990519107e-01 2.138484409565640121e+00 1.000000000000000056e-01
1.260000000000000009e+00 2.954791289823182621e-01 2.138750950468403467e+00 1.000000000000000056e-01
1.270000000000000018e+00 2.934680406765211580e-01 2.138982152290260341e+00 1.000000000000000056e-01
1.280000000000000027e+00 2.914260832245661459e-01 2.139178389178100659e+00 1.000000000000000056e-01
1.290000000000000036e+00 2.893535435209073636e-01 2.139340044326844215e+00 1.000000000000000056e-01
1.300000000000000044e+00 2.872507083266153116e-01 2.139467509598814043e+00 1.000000000000000056e-01
1.310000000000000053e+00 2.851178641863656438e-01 2.139561185152290435e+00 1.000000000000000056e-01
1.320000000000000062e+00 2.829552973505820024e-01 2.139621479071101895e+00 1.000000000000000056e-01
1.330000000000000071e+00 2.807632937005979934e-01 2.139648807004733033e+00 1.000000000000000056e-01
1.340000000000000080e+00 2.785421386777917618e-01 2.139643591809975653e+00 1.000000000000000056e-01
1.350000000000000089e+00 2.762921172163969596e-01 2.139606263200277247e+00 1.000000000000000056e-01
1.360000000000000098e+00 2.740135136799354276e-01 2.139537257399971804e+00 1.000000000000000056e-01
1.370000000000000107e+00 2.717066118016722709e-01 2.139437016803757530e+00 1.000000000000000056e-01
1.380000000000000115e+00 2.693716946287214586e-01 2.139305989641681727e+00 1.000000000000000056e-01
1.390000000000000124e+00 2.670090444688716369e-01 2.139144629649843754e+00 1.000000000000000056e-01
1.400000000000000133e+00 2.646189428428101231e-01 2.138953395745577080e+00 1.000000000000000056e-01
1.409999999999999920e+00 2.622016704373220097e-01 2.138732751709031543e+00 1.000000000000000056e-01
1.419999999999999929e+00 2.597575070637672678e-01 2.138483165868911406e+00 1.000000000000000056e-01
1.429999999999999938e+00 2.572867316197197107e-01 2.138205110794140662e+00 1.000000000000000056e-01
1.439999999999999947e+00 2.547896220516646104e-01 2.137899062991187371e+00 1.000000000000000056e-01
1.449999999999999956e+00 2.522664553239996610e-01 2.137565502604489520e+00 1.000000000000000056e-01
1.459999999999999964e+00 2.497175073886383212e-01 2.137204913125197780e+00 1.000000000000000056e-01
1.469999999999999973e+00 2.471430531581338408e-01 2.136817781102494873e+00 1.000000000000000056e-01
1.479999999999999982e+00 2.445433664826915932e-01 2.136404595860641464e+00 1.000000000000000056e-01
1.489999999999999991e+00 2.419187201286740752e-01 2.135965849222475121e+00 1.000000000000000056e-01
1.500000000000000000e+00 2.392693857606236763e-01 2.135502035236424678e+00 1.000000000000000056e-01
1.510000000000000009e+00 2.365956339258908359e-01 2.135013649908720001e+00 1.000000000000000056e-01
1.520000000000000018e+00 2.338977340420139439e-01 2.134501190942175608e+00 1.000000000000000056e-01
1.530000000000000027e+00 2.311759543864417288e-01 2.133965157478525221e+00 1.000000000000000056e-01
1.540000000000000036e+00 2.284305620890330069e-01 2.133406049846081398e+00 1.000000000000000056e-01
1.550000000000000044e+00 2.256618231273169184e-01 2.132824369313619517e+00 1.000000000000000056e-01
1.560000000000000053e+00 2.228700023236047656e-01 2.132220617847281119e+00 1.000000000000000056e-01
1.570000000000000062e+00 2.200553633451174662e-01 2.131595297874923745e+00 1.000000000000000056e-01
1.580000000000000071e+00 2.172181687062234301e-01 2.130948912053411526e+00 1.000000000000000056e-01
1.590000000000000080e+00 2.143586797729783167e-01 2.130281963042538695e+00 1.000000000000000056e-01
1.600000000000000089e+00 2.114771567698304211e-01 2.129594953282883285e+00 1.000000000000000056e-01
1.610000000000000098e+00 2.085738587883805006e-01 2.128888384779628495e+00 1.000000000000000056e-01
1.620000000000000107e+00 2.056490437992566922e-01 2.128162758890731698e+00 1.000000000000000056e-01
1.630000000000000115e+00 2.027029686637024375e-01 2.127418576120724936e+00 1.000000000000000056e-01
1.640000000000000124e+00 1.997358891499718403e-01 2.126656335919230756e+00 1.000000000000000056e-01
1.650000000000000133e+00 1.967480599490967208e-01 2.125876536484436752e+00 1.000000000000000056e-01
1.660000000000000142e+00 1.937397346943981191e-01 2.125079674572354360e+00 1.000000000000000056e-01
1.669999999999999929e+00 1.907111659805505177e-01 2.124266245309997192e+00 1.000000000000000056e-01
1.679999999999999938e+00 1.876626053871197075e-01 2.123436742014781942e+00 1.000000000000000056e-01
1.689999999999999947e+00 1.845943035004883603e-01 2.122591656018397721e+00 1.000000000000000056e-01
1.699999999999999956e+00 1.815065099399590931e-01 2.121731476494918667e+00 1.000000000000000056e-01
1.709999999999999964e+00 1.783994733837396818e-01 2.120856690296541558e+00 1.000000000000000056e-01
1.719999999999999973e+00 1.752734415967845683e-01 2.119967781791002093e+00 1.000000000000000056e-01
1.729999999999999982e+00 1.721286614603059206e-01 2.119065232706226265e+00 1.000000000000000056e-01
1.739999999999999991e+00 1.689653790021651836e-01 2.118149521979657113e+00 1.000000000000000056e-01
1.750000000000000000e+00 1.657838394285729433e-01 2.117221125611677301e+00 1.000000000000000056e-01
1.760000000000000009e+00 1.625842871577649895e-01 2.116280516524724487e+00 1.000000000000000056e-01
1.770000000000000018e+00 1.593669658537233691e-01 2.115328164426824920e+00 1.000000000000000056e-01
1.780000000000000027e+00 1.561321184623028213e-01 2.114364535679736701e+00 1.000000000000000056e-01
1.790000000000000036e+00 1.528799872479646160e-01 2.113390093172274220e+00 1.000000000000000056e-01
1.800000000000000044e+00 1.496108138310848212e-01 2.112405296197477522e+00 1.000000000000000056e-01
1.810000000000000053e+00 1.463248392276600696e-01 2.111410600334597820e+00 1.000000000000000056e-01
1.820000000000000062e+00 1.430223038882640907e-01 2.110406457335390229e+00 1.000000000000000056e-01
1.830000000000000071e+00 1.397034477392110341e-01 2.109393315014724379e+00 1.000000000000000056e-01
1.840000000000000080e+00 1.363685102234311886e-01 2.108371617144848109e+00 1.000000000000000056e-01
1.850000000000000089e+00 1.330177303422161728e-01 2.107341803354520149e+00 1.000000000000000056e-01
1.860000000000000098e+00 1.296513466973591988e-01 2.106304309031926003e+00 1.000000000000000056e-01
1.870000000000000107e+00 1.262695975334180709e-01 2.105259565230956920e+00 1.000000000000000056e-01
1.880000000000000115e+00 1.228727207798736704e-01 2.104207998583143446e+00 1.000000000000000056e-01
1.890000000000000124e+00 1.194609540935246128e-01 2.103150031211892035e+00 1.000000000000000056e-01
1.900000000000000133e+00 1.160345349007386034e-01 2.102086080651355715e+00 1.000000000000000056e-01
1.910000000000000142e+00 1.125937004389441221e-01 2.101016559771098358e+00 1.000000000000000056e-01
1.919999999999999929e+00 1.091386877988898829e-01 2.099941876700898824e+00 1.000000000000000056e-01
1.929999999999999938e+00 1.056697339655509188e-01 2.098862434764736662e+00 1.000000000000000056e-01
1.939999999999999947e+00 1.021870758593548811e-01 2.097778632413299427e+00 1.000000000000000056e-01
1.949999999999999956e+00 9.869095037718028651e-02 2.096690863166415397e+00 1.000000000000000056e-01
1.959999999999999964e+00 9.518159443255469476e-02 2.095599515553197900e+00 1.000000000000000056e-01
1.969999999999999973e+00 9.165924499621214139e-02 2.094504973061879216e+00 1.000000000000000056e-01
1.979999999999999982e+00 8.812413913592408166e-02 2.093407614089588087e+00 1.000000000000000056e-01
1.989999999999999991e+00 8.457651405627469865e-02 2.092307811896958025e+00 1.000000000000000056e-01
2.000000000000000000e+00 8.101660713792782631e-02 2.091205934568234337e+00 1.000000000000000056e-01
2.010000000000000231e+00 7.744465597719391026e-02 2.090102344971439763e+00 1.000000000000000056e-01
2.020000000000000018e+00 7.386089842427695507e-02 2.088997400726103404e+00 1.000000000000000056e-01
2.030000000000000249e+00 7.026557262214533361e-02 2.087891454171143302e+00 1.000000000000000056e-01
2.040000000000000036e+00 6.665891704436860410e-02 2.086784852338276153e+00 1.000000000000000056e-01
2.049999999999999822e+00 6.304117053285590577e-02 2.085677936927600840e+00 1.000000000000000056e-01
2.060000000000000053e+00 5.941257233512908104e-02 2.084571044287080177e+00 1.000000000000000056e-01
2.069999999999999840e+00 5.577336214020644362e-02 2.083464505394973632e+00 1.000000000000000056e-01
2.080000000000000071e+00 5.212378011610723644e-02 2.082358645844882172e+00 1.000000000000000056e-01
2.089999999999999858e+00 4.846406694364411433e-02 2.081253785834632275e+00 1.000000000000000056e-01
2.100000000000000089e+00 4.479446385285731219e-02 2.080150240157450980e+00 1.000000000000000056e-01
2.109999999999999876e+00 4.111521265577784690e-02 2.079048318196490719e+00 1.000000000000000056e-01
2.120000000000000107e+00 3.742655578112447090e-02 2.077948323921037677e+00 1.000000000000000056e-01
2.129999999999999893e+00 3.372873630639660475e-02 2.076850555887277849e+00 1.000000000000000056e-01
2.140000000000000124e+00 3.002199799001913777e-02 2.075755307239876668e+00 1.000000000000000056e-01
2.149999999999999911e+00 2.630658530267023995e-02 2.074662865716583759e+00 1.000000000000000056e-01
2.160000000000000142e+00 2.258274345795752841e-02 2.073573513656597811e+00 1.000000000000000056e-01
2.169999999999999929e+00 1.885071844180796416e-02 2.072487528008894131e+00 1.000000000000000056e-01
2.180000000000000160e+00 1.511075704110935100e-02 2.071405180344978003e+00 1.000000000000000056e-01
2.189999999999999947e+00 1.136310687254850002e-02 2.070326736873109752e+00 1.000000000000000056e-01
2.200000000000000178e+00 7.608016408379711555e-03 2.069252458454148957e+00 1.000000000000000056e-01
2.209999999999999964e+00 3.845735003881997453e-03 2.068182600620363853e+00 1.000000000000000056e-01
2.220000000000000195e+00 7.651292182793843397e-05 2.067117413595686237e+00 1.000000000000000056e-01
2.229999999999999982e+00 -3.699398643276218760e-03 2.066057142317895945e+00 1.000000000000000056e-01
2.240000000000000213e+00 -7.481747541347881850e-03 2.065002026463157669e+00 1.000000000000000056e-01
2.250000000000000000e+00 -1.127028064501228374e-02 2.063952300471405099e+00 1.000000000000000056e-01
2.260000000000000231e+00 -1.506474382842514295e-02 2.062908193574392257e+00 1.000000000000000056e-01
2.270000000000000018e+00 -1.886488194675220095e-02 2.061869929824660552e+00 1.000000000000000056e-01
2.280000000000000249e+00 -2.267043881761418231e-02 2.060837728126243107e+00 1.000000000000000056e-01
2.290000000000000036e+00 -2.648115720300848325e-02 2.059811802267280889e+00 1.000000000000000056e-01
2.300000000000000266e+00 -3.029677879279607869e-02 2.058792360952725442e+00 1.000000000000000056e-01
2.310000000000000053e+00 -3.411704418877436334e-02 2.057779607840444669e+00 1.000000000000000056e-01
2.319999999999999840e+00 -3.794169289089632108e-02 2.056773741576169101e+00 1.000000000000000056e-01
2.330000000000000071e+00 -4.177046328342812892e-02 2.055774955831740858e+00 1.000000000000000056e-01
2.339999999999999858e+00 -4.560309262353397231e-02 2.054783439342637408e+00 1.000000000000000056e-01
2.350000000000000089e+00 -4.943931702988933752e-02 2.053799375948655470e+00 1.000000000000000056e-01
2.359999999999999876e+00 -5.327887147318356026e-02 2.052822944632380242e+00 1.000000000000000056e-01
2.370000000000000107e+00 -5.712148976754030660e-02 2.051854319563004569e+00 1.000000000000000056e-01
2.379999999999999893e+00 -6.096690456292463284e-02 2.050893670135668145e+00 1.000000000000000056e-01
2.390000000000000124e+00 -6.481484733863619729e-02 2.049941161016832325e+00 1.000000000000000056e-01
2.399999999999999911e+00 -6.866504839812657968e-02 2.048996952186100451e+00 1.000000000000000056e-01
2.410000000000000142e+00 -7.251723686434666249e-02 2.048061198981550923e+00 1.000000000000000056e-01
2.419999999999999929e+00 -7.637114067642214454e-02 2.047134052143704697e+00 1.000000000000000056e-01
2.430000000000000160e+00 -8.022648658775738406e-02 2.046215657861501835e+00 1.000000000000000056e-01
2.439999999999999947e+00 -8.408300016336305027e-02 2.045306157817930792e+00 1.000000000000000056e-01
2.450000000000000178e+00 -8.794040578081691040e-02 2.044405689235584411e+00 1.000000000000000056e-01
2.459999999999999964e+00 -9.179842662952351906e-02 2.043514384924513649e+00 1.000000000000000056e-01
2.470000000000000195e+00 -9.565678471242068659e-02 2.042632373327492257e+00 1.000000000000000056e-01
2.479999999999999982e+00 -9.951520084832432556e-02 2.041759778568346118e+00 1.000000000000000056e-01
2.490000000000000213e+00 -1.033733946745722942e-01 2.040896720498525330e+00 1.000000000000000056e-01
2.500000000000000000e+00 -1.072310846517225552e-01 2.040043314744330871e+00 1.000000000000000056e-01
2.510000000000000231e+00 -1.110879880676471920e-01 2.039199672755573900e+00 1.000000000000000056e-01
2.520000000000000018e+00 -1.149438210438478991e-01 2.038365901850847095e+00 1.000000000000000056e-01
2.530000000000000249e+00 -1.187982985422361831e-01 2.037542105267459824e+00 1.000000000000000056e-01
2.540000000000000036e+00 -1.226511343720651098e-01 2.036728382207103838e+00 1.000000000000000056e-01
2.550000000000000266e+00 -1.265020411991674698e-01 2.035924827884078248e+00 1.000000000000000056e-01
2.560000000000000053e+00 -1.303507305549032047e-01 2.035131533571832740e+00 1.000000000000000056e-01
2.569999999999999840e+00 -1.341969128462950078e-01 2.034348586650684076e+00 1.000000000000000056e-01
2.580000000000000071e+00 -1.380402973674847156e-01 2.033576070654022683e+00 1.000000000000000056e-01
2.589999999999999858e+00 -1.418805923112998746e-01 2.032814065315056595e+00 1.000000000000000056e-01
2.600000000000000089e+00 -1.457175047820513658e-01 2.032062646613038481e+00 1.000000000000000056e-01
2.609999999999999876e+00 -1.495507408094010060e-01 2.031321886819362099e+00 1.000000000000000056e-01
2.620000000000000107e+00 -1.533800053621594273e-01 2.030591854542624475e+00 1.000000000000000056e-01
2.629999999999999893e+00 -1.572050023636737681e-01 2.029872614774955508e+00 1.000000000000000056e-01
2.640000000000000124e+00 -1.610254347079114745e-01 2.029164228935040892e+00 1.000000000000000056e-01
2.649999999999999911e+00 -1.648410042753766513e-01 2.028466754914602710e+00 1.000000000000000056e-01
2.660000000000000142e+00 -1.686514119508335241e-01 2.027780247120699375e+00 1.000000000000000056e-01
2.669999999999999929e+00 -1.724563576412316834e-01 2.027104756520025752e+00 1.000000000000000056e-01
2.680000000000000160e+00 -1.762555402944302185e-01 2.026440330681776647e+00 1.000000000000000056e-01
2.689999999999999947e+00 -1.800486579179382540e-01 2.025787013819948967e+00 1.000000000000000056e-01
2.700000000000000178e+00 -1.838354076002624293e-01 2.025144846835698953e+00 1.000000000000000056e-01
2.709999999999999964e+00 -1.876154855298695079e-01 2.024513867358468833e+00 1.000000000000000056e-01
2.720000000000000195e+00 -1.913885870184287852e-01 2.023894109786683160e+00 1.000000000000000056e-01
2.729999999999999982e+00 -1.951544065214078083e-01 2.023285605329029124e+00 1.000000000000000056e-01
2.740000000000000213e+00 -1.989126376618586267e-01 2.022688382043068778e+00 1.000000000000000056e-01
2.750000000000000000e+00 -2.026629732535547290e-01 2.022102464875268790e+00 1.000000000000000056e-01
2.760000000000000231e+00 -2.064051053250054724e-01 2.021527875699311583e+00 1.000000000000000056e-01
2.770000000000000018e+00 -2.101387251448293414e-01 2.020964633353991236e+00 1.000000000000000056e-01
2.780000000000000249e+00 -2.138635232468419911e-01 2.020412753681290585e+00 1.000000000000000056e-01
2.790000000000000036e+00 -2.175791894567517260e-01 2.019872249562468358e+00 1.000000000000000056e-01
2.800000000000000266e+00 -2.212854129189356922e-01 2.019343130954835086e+00 1.000000000000000056e-01
2.810000000000000053e+00 -2.249818821240068822e-01 2.018825404927246936e+00 1.000000000000000056e-01
2.819999999999999840e+00 -2.286682849374216397e-01 2.018319075695624409e+00 1.000000000000000056e-01
2.830000000000000071e+00 -2.323443086281525849e-01 2.017824144656566343e+00 1.000000000000000056e-01
2.839999999999999858e+00 -2.360096398984744270e-01 2.017340610422494684e+00 1.000000000000000056e-01
2.850000000000000089e+00 -2.396639649144578776e-01 2.016868468854088547e+00 1.000000000000000056e-01
2.859999999999999876e+00 -2.433069693361927799e-01 2.016407713093566922e+00 1.000000000000000056e-01
2.870000000000000107e+00 -2.469383383500034779e-01 2.015958333596846952e+00 1.000000000000000056e-01
2.879999999999999893e+00 -2.505577567002010841e-01 2.015520318165388236e+00 1.000000000000000056e-01
2.890000000000000124e+00 -2.541649087215309688e-01 2.015093651976888278e+00 1.000000000000000056e-01
2.899999999999999911e+00 -2.577594783730206562e-01 2.014678317616997560e+00 1.000000000000000056e-01
2.910000000000000142e+00 -2.613411492709107886e-01 2.014274295107996160e+00 1.000000000000000056e-01
2.919999999999999929e+00 -2.649096047236982332e-01 2.013881561939722342e+00 1.000000000000000056e-01
2.930000000000000160e+00 -2.684645277662771057e-01 2.013500093097988053e+00 1.000000000000000056e-01
2.939999999999999947e+00 -2.720056011959201547e-01 2.013129861093208017e+00 1.000000000000000056e-01
2.950000000000000178e+00 -2.755325076072349666e-01 2.012770835989206919e+00 1.000000000000000056e-01
2.959999999999999964e+00 -2.790449294289786275e-01 2.012422985429782152e+00 1.000000000000000056e-01
2.970000000000000195e+00 -2.825425489603838880e-01 2.012086274667079344e+00 1.000000000000000056e-01
2.979999999999999982e+00 -2.860250484082475508e-01 2.011760666587618207e+00 1.000000000000000056e-01
2.990000000000000213e+00 -2.894921099242852569e-01 2.011446121738988513e+00 1.000000000000000056e-01
3.000000000000000000e+00 -2.929434156430656966e-01 2.011142598355666333e+00 1.000000000000000056e-01
3.010000000000000231e+00 -2.963786477200465175e-01 2.010850052384599351e+00 1.000000000000000056e-01
3.020000000000000018e+00 -2.997974883699834892e-01 2.010568437510324991e+00 1.000000000000000056e-01
3.030000000000000249e+00 -3.031996199060690289e-01 2.010297705179736827e+00 1.000000000000000056e-01
3.040000000000000036e+00 -3.065847247788289764e-01 2.010037804626630287e+00 1.000000000000000056e-01
3.050000000000000266e+00 -3.099524856153295094e-01 2.009788682895600420e+00 1.000000000000000056e-01
3.060000000000000053e+00 -3.133025852600148098e-01 2.009550284865964542e+00 1.000000000000000056e-01
3.070000000000000284e+00 -3.166347068132930320e-01 2.009322553275145751e+00 1.000000000000000056e-01
3.080000000000000071e+00 -3.199485336735175545e-01 2.009105428741606136e+00 1.000000000000000056e-01
3.089999999999999858e+00 -3.232437495764680091e-01 2.008898849788675278e+00 1.000000000000000056e-01
3.100000000000000089e+00 -3.265200386373772190e-01 2.008702752865587193e+00 1.000000000000000056e-01
3.109999999999999876e+00 -3.297770853915515943e-01 2.008517072371910128e+00 1.000000000000000056e-01
3.120000000000000107e+00 -3.330145748367751568e-01 2.008341740677749510e+00 1.000000000000000056e-01
3.129999999999999893e+00 -3.362321924744881008e-01 2.008176688147369049e+00 1.000000000000000056e-01
3.140000000000000124e+00 -3.394296243531174651e-01 2.008021843160572306e+00 1.000000000000000056e-01
3.149999999999999911e+00 -3.426065571092583029e-01 2.007877132133484732e+00 1.000000000000000056e-01
3.160000000000000142e+00 -3.457626780122012855e-01 2.007742479541809288e+00 1.000000000000000056e-01
3.169999999999999929e+00 -3.488976750053108811e-01 2.007617807941026289e+00 1.000000000000000056e-01
3.180000000000000160e+00 -3.520112367507147733e-01 2.007503037987929062e+00 1.000000000000000056e-01
3.189999999999999947e+00 -3.551030526717431357e-01 2.007398088462956309e+00 1.000000000000000056e-01
3.200000000000000178e+00 -3.581728129974933728e-01 2.007302876289524196e+00 1.000000000000000056e-01
3.209999999999999964e+00 -3.612202088060039729e-01 2.007217316557522668e+00 1.000000000000000056e-01
3.220000000000000195e+00 -3.642449320685641201e-01 2.007141322542647544e+00 1.000000000000000056e-01
3.229999999999999982e+00 -3.672466756935053867e-01 2.007074805728815914e+00 1.000000000000000056e-01
3.240000000000000213e+00 -3.702251335705929458e-01 2.007017675828406844e+00 1.000000000000000056e-01
3.250000000000000000e+00 -3.731800006149494364e-01 2.006969840805087113e+00 1.000000000000000056e-01
3.260000000000000231e+00 -3.761109728112473904e-01 2.006931206893267206e+00 1.000000000000000056e-01
3.270000000000000018e+00 -3.790177472577557216e-01 2.006901678621053176e+00 1.000000000000000056e-01
3.280000000000000249e+00 -3.819000222109820153e-01 2.006881158831339551e+00 1.000000000000000056e-01
3.290000000000000036e+00 -3.847574971286134571e-01 2.006869548702937323e+00 1.000000000000000056e-01
3.300000000000000266e+00 -3.875898727147748524e-01 2.006866747773657700e+00 1.000000000000000056e-01
3.310000000000000053e+00 -3.903968509626958294e-01 2.006872653960694475e+00 1.000000000000000056e-01
3.320000000000000284e+00 -3.931781351993151041e-01 2.006887163584188727e+00 1.000000000000000056e-01
3.330000000000000071e+00 -3.959334301282967372e-01 2.006910171388785802e+00 1.000000000000000056e-01
3.339999999999999858e+00 -3.986624418734888708e-01 2.006941570566216360e+00 1.000000000000000056e-01
3.350000000000000089e+00 -4.013648780226709567e-01 2.006981252778367253e+00 1.000000000000000056e-01
3.359999999999999876e+00 -4.040404476696636271e-01 2.007029108179696486e+00 1.000000000000000056e-01
3.370000000000000107e+00 -4.066888614582023220e-01 2.007085025441400106e+00 1.000000000000000056e-01
3.379999999999999893e+00 -4.093098316238791834e-01 2.007148891773266719e+00 1.000000000000000056e-01
3.390000000000000124e+00 -4.119030720366635978e-01 2.007220592949254367e+00 1.000000000000000056e-01
3.399999999999999911e+00 -4.144682982437357666e-01 2.007300013329898380e+00 1.000000000000000056e-01
3.410000000000000142e+00 -4.170052275105559647e-01 2.007387035887187476e+00 1.000000000000000056e-01
3.419999999999999929e+00 -4.195135788639701713e-01 2.007481542229445637e+00 1.000000000000000056e-01
3.430000000000000160e+00 -4.219930731325091666e-01 2.007583412625125519e+00 1.000000000000000056e-01
3.439999999999999947e+00 -4.244434329890676150e-01 2.007692526028973301e+00 1.000000000000000056e-01
3.450000000000000178e+00 -4.268643829915352295e-01 2.007808760106547297e+00 1.000000000000000056e-01
3.459999999999999964e+00 -4.292556496241116681e-01 2.007931991260508919e+00 1.000000000000000056e-01
3.470000000000000195e+00 -4.316169613382269121e-01 2.008062094656415830e+00 1.000000000000000056e-01
3.479999999999999982e+00 -4.339480485930375386e-01 2.008198944248781537e+00 1.000000000000000056e-01
3.490000000000000213e+00 -4.362486438966426960e-01 2.008342412808065802e+00 1.000000000000000056e-01
3.500000000000000000e+00 -4.385184818451030586e-01 2.008492371947802724e+00 1.000000000000000056e-01
3.510000000000000231e+00 -4.407572991633079140e-01 2.008648692151036919e+00 1.000000000000000056e-01
3.520000000000000018e+00 -4.429648347445725443e-01 2.008811242798712371e+00 1.000000000000000056e-01
3.530000000000000249e+00 -4.451408296891381511e-01 2.008979892197435113e+00 1.000000000000000056e-01
3.540000000000000036e+00 -4.472850273438667701e-01 2.009154507607290086e+00 1.000000000000000056e-01
3.550000000000000266e+00 -4.493971733396809887e-01 2.009334955270889456e+00 1.000000000000000056e-01
3.560000000000000053e+00 -4.514770156306341375e-01 2.009521100441689079e+00 1.000000000000000056e-01
3.570000000000000284e+00 -4.535243045297786546e-01 2.009712807413735369e+00 1.000000000000000056e-01
3.580000000000000071e+00 -4.555387927469758402e-01 2.009909939551120850e+00 1.000000000000000056e-01
3.589999999999999858e+00 -4.575202354245941905e-01 2.010112359316578612e+00 1.000000000000000056e-01
3.600000000000000089e+00 -4.594683901727084074e-01 2.010319928303813786e+00 1.000000000000000056e-01
3.609999999999999876e+00 -4.613830171044169259e-01 2.010532507265452740e+00 1.000000000000000056e-01
3.620000000000000107e+00 -4.632638788697650556e-01 2.010749956145777784e+00 1.000000000000000056e-01
3.629999999999999893e+00 -4.651107406890025997e-01 2.010972134110355025e+00 1.000000000000000056e-01
3.640000000000000124e+00 -4.669233703858125528e-01 2.011198899577965715e+00 1.000000000000000056e-01
3.649999999999999911e+00 -4.687015384197292245e-01 2.011430110252296899e+00 1.000000000000000056e-01
3.660000000000000142e+00 -4.704450179171016377e-01 2.011665623153173321e+00 1.000000000000000056e-01
3.669999999999999929e+00 -4.721535847032524713e-01 2.011905294649711351e+00 1.000000000000000056e-01
3.680000000000000160e+00 -4.738270173324600210e-01 2.012148980491589079e+00 1.000000000000000056e-01
3.689999999999999947e+00 -4.754650971180578445e-01 2.012396535843092416e+00 1.000000000000000056e-01
3.700000000000000178e+00 -4.770676081627353016e-01 2.012647815314859034e+00 1.000000000000000056e-01
3.709999999999999964e+00 -4.786343373870533546e-01 2.012902672998146070e+00 1.000000000000000056e-01
3.720000000000000195e+00 -4.801650745590601010e-01 2.013160962497988038e+00 1.000000000000000056e-01
3.729999999999999982e+00 -4.816596123215723391e-01 2.013422536966756216e+00 1.000000000000000056e-01
3.740000000000000213e+00 -4.831177462212845053e-01 2.013687249138851776e+00 1.000000000000000056e-01
3.750000000000000000e+00 -4.845392747352883500e-01 2.013954951364465007e+00 1.000000000000000056e-01
3.760000000000000231e+00 -4.859239992985386891e-01 2.014225495644394126e+00 1.000000000000000056e-01
3.770000000000000018e+00 -4.872717243297629008e-01 2.014498733665004426e+00 1.000000000000000056e-01
3.780000000000000249e+00 -4.885822572578309431e-01 2.014774516832870788e+00 1.000000000000000056e-01
3.790000000000000036e+00 -4.898554085465030017e-01 2.015052696310152935e+00 1.000000000000000056e-01
3.800000000000000266e+00 -4.910909917189355545e-01 2.015333123050529807e+00 1.000000000000000056e-01
3.810000000000000053e+00 -4.922888233820382764e-01 2.015615647833874924e+00 1.000000000000000056e-01
3.820000000000000284e+00 -4.934487232486969854e-01 2.015900121303323633e+00 1.000000000000000056e-01
3.830000000000000071e+00 -4.945705141607889543e-01 2.016186394000250903e+00 1.000000000000000056e-01
3.839999999999999858e+00 -4.956540221103412636e-01 2.016474316401015709e+00 1.000000000000000056e-01
3.850000000000000089e+00 -4.966990762603575860e-01 2.016763738953676111e+00 1.000000000000000056e-01
3.859999999999999876e+00 -4.977055089647757224e-01 2.017054512113447995e+00 1.000000000000000056e-01
3.870000000000000107e+00 -4.986731557871146858e-01 2.017346486380946047e+00 1.000000000000000056e-01
3.879999999999999893e+00 -4.996018555199171485e-01 2.017639512337612739e+00 1.000000000000000056e-01
3.890000000000000124e+00 -5.004914502006548860e-01 2.017933440683800761e+00 1.000000000000000056e-01
3.899999999999999911e+00 -5.013417851299079020e-01 2.018228122275071534e+00 1.000000000000000056e-01
3.910000000000000142e+00 -5.021527088869366384e-01 2.018523408160299848e+00 1.000000000000000056e-01
3.919999999999999929e+00 -5.029240733442990052e-01 2.018819149618177988e+00 1.000000000000000056e-01
3.930000000000000160e+00 -5.036557336837567123e-01 2.019115198195468697e+00 1.000000000000000056e-01
3.939999999999999947e+00 -5.043475484088466576e-01 2.019411405744074184e+00 1.000000000000000056e-01
3.950000000000000178e+00 -5.049993793591105451e-01 2.019707624458906725e+00 1.000000000000000056e-01
3.959999999999999964e+00 -5.056110917216792844e-01 2.020003706915702857e+00 1.000000000000000056e-01
3.970000000000000195e+00 -5.061825540440445526e-01 2.020299506108500065e+00 1.000000000000000056e-01
3.979999999999999982e+00 -5.067136382442934961e-01 2.020594875488291642e+00 1.000000000000000056e-01
3.990000000000000213e+00 -5.072042196221334676e-01 2.020889668999681810e+00 1.000000000000000056e-01
4.000000000000000000e+00 -5.076541768684894596e-01 2.021183741120405664e+00 1.000000000000000056e-01
4.009999999999999787e+00 -5.080633920741846055e-01 2.021476946897992288e+00 1.000000000000000056e-01
4.020000000000000462e+00 -5.084317507387284829e-01 2.021769141988634555e+00 1.000000000000000056e-01
4.030000000000000249e+00 -5.087591417778434266e-01 2.022060182694910946e+00 1.000000000000000056e-01
4.040000000000000036e+00 -5.090454575295987327e-01 2.022349926003873755e+00 1.000000000000000056e-01
4.049999999999999822e+00 -5.092905937620396672e-01 2.022638229625405071e+00 1.000000000000000056e-01
4.060000000000000497e+00 -5.094944496770299480e-01 2.022924952029419465e+00 1.000000000000000056e-01
4.070000000000000284e+00 -5.096569279165402699e-01 2.023209952485571783e+00 1.000000000000000056e-01
4.080000000000000071e+00 -5.097779345657281747e-01 2.023493091099144436e+00 1.000000000000000056e-01
4.089999999999999858e+00 -5.098573791569513958e-01 2.023774228850851564e+00 1.000000000000000056e-01
4.099999999999999645e+00 -5.098951746727464762e-01 2.024053227634106999e+00 1.000000000000000056e-01
4.110000000000000320e+00 -5.098912375478629189e-01 2.024329950292599545e+00 1.000000000000000056e-01
4.120000000000000107e+00 -5.098454876711447925e-01 2.024604260658828370e+00 1.000000000000000056e-01
4.129999999999999893e+00 -5.097578483863237642e-01 2.024876023591606788e+00 1.000000000000000056e-01
4.139999999999999680e+00 -5.096282464936930934e-01 2.025145105013881341e+00 1.000000000000000056e-01
4.150000000000000355e+00 -5.094566122483540349e-01 2.025411371950001094e+00 1.000000000000000056e-01
4.160000000000000142e+00 -5.092428793613211768e-01 2.025674692564125134e+00 1.000000000000000056e-01
4.169999999999999929e+00 -5.089869849977497474e-01 2.025934936197018921e+00 1.000000000000000056e-01
4.179999999999999716e+00 -5.086888697750886479e-01 2.026191973403610014e+00 1.000000000000000056e-01
4.190000000000000391e+00 -5.083484777612949923e-01 2.026445675990263595e+00 1.000000000000000056e-01
4.200000000000000178e+00 -5.079657564715437390e-01 2.026695917052028673e+00 1.000000000000000056e-01
4.209999999999999964e+00 -5.075406568656986028e-01 2.026942571009539673e+00 1.000000000000000056e-01
4.219999999999999751e+00 -5.070731333431148791e-01 2.027185513645604065e+00 1.000000000000000056e-01
4.230000000000000426e+00 -5.065631437388515845e-01 2.027424622142528943e+00 1.000000000000000056e-01
4.240000000000000213e+00 -5.060106493188766263e-01 2.027659775117949703e+00 1.000000000000000056e-01
4.250000000000000000e+00 -5.054156147729764736e-01 2.027890852661623722e+00 1.000000000000000056e-01
4.259999999999999787e+00 -5.047780082100447041e-01 2.028117736371646274e+00 1.000000000000000056e-01
4.270000000000000462e+00 -5.040978011498149503e-01 2.028340309389837781e+00 1.000000000000000056e-01
4.280000000000000249e+00 -5.033749685170172405e-01 2.028558456438543267e+00 1.000000000000000056e-01
4.290000000000000036e+00 -5.026094886316531118e-01 2.028772063855547092e+00 1.000000000000000056e-01
4.299999999999999822e+00 -5.018013432024331921e-01 2.028981019629096938e+00 1.000000000000000056e-01
4.310000000000000497e+00 -5.009505173170387682e-01 2.029185213434692159e+00 1.000000000000000056e-01
4.320000000000000284e+00 -5.000569994329425727e-01 2.029384536667797168e+00 1.000000000000000056e-01
4.330000000000000071e+00 -4.991207813682398409e-01 2.029578882480882918e+00 1.000000000000000056e-01
4.339999999999999858e+00 -4.981418582913943460e-01 2.029768145816009728e+00 1.000000000000000056e-01
4.350000000000000533e+00 -4.971202287110345064e-01 2.029952223440406378e+00 1.000000000000000056e-01
4.360000000000000320e+00 -4.960558944651820568e-01 2.030131013980115195e+00 1.000000000000000056e-01
4.370000000000000107e+00 -4.949488607103555982e-01 2.030304417953538110e+00 1.000000000000000056e-01
4.379999999999999893e+00 -4.937991359103379718e-01 2.030472337805388161e+00 1.000000000000000056e-01
4.389999999999999680e+00 -4.926067318242495219e-01 2.030634677939608057e+00 1.000000000000000056e-01
4.400000000000000355e+00 -4.913716634947237760e-01 2.030791344752898020e+00 1.000000000000000056e-01
4.410000000000000142e+00 -4.900939492359360217e-01 2.030942246666830542e+00 1.000000000000000056e-01
4.419999999999999929e+00 -4.887736106201857056e-01 2.031087294160630830e+00 1.000000000000000056e-01
4.429999999999999716e+00 -4.874106724658162637e-01 2.031226399803693017e+00 1.000000000000000056e-01
4.440000000000000391e+00 -4.860051628234705601e-01 2.031359478286490550e+00 1.000000000000000056e-01
4.450000000000000178e+00 -4.845571129627243567e-01 2.031486446453208305e+00 1.000000000000000056e-01
4.459999999999999964e+00 -4.830665573580818495e-01 2.031607223332347445e+00 1.000000000000000056e-01
4.469999999999999751e+00 -4.815335336755723339e-01 2.031721730167637574e+00 1.000000000000000056e-01
4.480000000000000426e+00 -4.799580827572920150e-01 2.031829890449196707e+00 1.000000000000000056e-01
4.490000000000000213e+00 -4.783402486078913163e-01 2.031931629942840267e+00 1.000000000000000056e-01
4.500000000000000000e+00 -4.766800783796292795e-01 2.032026876720998132e+00 1.000000000000000056e-01
4.509999999999999787e+00 -4.749776223568713540e-01 2.032115561191532027e+00 1.000000000000000056e-01
4.520000000000000462e+00 -4.732329339419886205e-01 2.032197616127174200e+00 1.000000000000000056e-01
4.530000000000000249e+00 -4.714460696393306671e-01 2.032272976694328825e+00 1.000000000000000056e-01
4.540000000000000036e+00 -4.696170890406300424e-01 2.032341580481341392e+00 1.000000000000000056e-01
4.549999999999999822e+00 -4.677460548089510950e-01 2.032403367526861793e+00 1.000000000000000056e-01
4.560000000000000497e+00 -4.658330326641372254e-01 2.032458280346709945e+00 1.000000000000000056e-01
4.570000000000000284e+00 -4.638780913660872085e-01 2.032506263961936455e+00 1.000000000000000056e-01
4.580000000000000071e+00 -4.618813027002986460e-01 2.032547265924559809e+00 1.000000000000000056e-01
4.589999999999999858e+00 -4.598427414614918995e-01 2.032581236344827236e+00 1.000000000000000056e-01
4.600000000000000533e+00 -4.577624854382432162e-01 2.032608127916335050e+00 1.000000000000000056e-01
4.610000000000000320e+00 -4.556406153970237183e-01 2.032627895941252039e+00 1.000000000000000056e-01
4.620000000000000107e+00 -4.534772150666679935e-01 2.032640498355835934e+00 1.000000000000000056e-01
4.629999999999999893e+00 -4.512723711224272960e-01 2.032645895754106480e+00 1.000000000000000056e-01
4.639999999999999680e+00 -4.490261731700598280e-01 2.032644051412007435e+00 1.000000000000000056e-01
4.650000000000000355e+00 -4.467387137305257605e-01 2.032634931310387749e+00 1.000000000000000056e-01
4.660000000000000142e+00 -4.444100882236847183e-01 2.032618504158060446e+00 1.000000000000000056e-01
4.669999999999999929e+00 -4.420403949531155341e-01 2.032594741413899619e+00 1.000000000000000056e-01
4.679999999999999716e+00 -4.396297350900546519e-01 2.032563617308139836e+00 1.000000000000000056e-01
4.690000000000000391e+00 -4.371782126587679396e-01 2.032525108863874497e+00 1.000000000000000056e-01
4.700000000000000178e+00 -4.346859345202079838e-01 2.032479195917421766e+00 1.000000000000000056e-01
4.709999999999999964e+00 -4.321530103579162563e-01 2.032425861137857392e+00 1.000000000000000056e-01
4.719999999999999751e+00 -4.295795526624769933e-01 2.032365090046498679e+00 1.000000000000000056e-01
4.730000000000000426e+00 -4.269656767172004819e-01 2.032296871035756958e+00 1.000000000000000056e-01
4.740000000000000213e+00 -4.243115005836325948e-01 2.032221195386553436e+00 1.000000000000000056e-01
4.750000000000000000e+00 -4.216171450874368620e-01 2.032138057286382971e+00 1.000000000000000056e-01
4.759999999999999787e+00 -4.188827338044977533e-01 2.032047453845229334e+00 1.000000000000000056e-01
4.770000000000000462e+00 -4.161083930475686921e-01 2.031949385112244322e+00 1.000000000000000056e-01
4.780000000000000249e+00 -4.132942518528551212e-01 2.031843854090861878e+00 1.000000000000000056e-01
4.790000000000000036e+00 -4.104404419671651705e-01 2.031730866752862852e+00 1.000000000000000056e-01
4.799999999999999822e+00 -4.075470978353465945e-01 2.031610432053846615e+00 1.000000000000000056e-01
4.810000000000000497e+00 -4.046143565877434733e-01 2.031482561944454091e+00 1.000000000000000056e-01
4.820000000000000284e+00 -4.016423580288268069e-01 2.031347271384497777e+00 1.000000000000000056e-01
4.830000000000000071e+00 -3.986312446245363073e-01 2.031204578354115053e+00 1.000000000000000056e-01
4.839999999999999858e+00 -3.955811614921662667e-01 2.031054503864526684e+00 1.000000000000000056e-01
4.850000000000000533e+00 -3.924922563884920002e-01 2.030897071968861489e+00 1.000000000000000056e-01
4.860000000000000320e+00 -3.893646796995687276e-01 2.030732309771565269e+00 1.000000000000000056e-01
4.870000000000000107e+00 -3.861985844306931037e-01 2.030560247436695054e+00 1.000000000000000056e-01
4.879999999999999893e+00 -3.829941261961845034e-01 2.030380918196829754e+00 1.000000000000000056e-01
4.889999999999999680e+00 -3.797514632104092014e-01 2.030194358359367346e+00 1.000000000000000056e-01
4.900000000000000355e+00 -3.764707562787840134e-01 2.030000607313584560e+00 1.000000000000000056e-01
4.910000000000000142e+00 -3.731521687891634631e-01 2.029799707536537046e+00 1.000000000000000056e-01
4.919999999999999929e+00 -3.697958667042539616e-01 2.029591704596804824e+00 1.000000000000000056e-01
4.929999999999999716e+00 -3.664020185538414687e-01 2.029376647160568314e+00 1.000000000000000056e-01
4.940000000000000391e+00 -3.629707954280864124e-01 2.029154586993033416e+00 1.000000000000000056e-01
4.950000000000000178e+00 -3.595023709710942206e-01 2.028925578962534892e+00 1.000000000000000056e-01
4.959999999999999964e+00 -3.559969213748581107e-01 2.028689681041327741e+00 1.000000000000000056e-01
4.969999999999999751e+00 -3.524546253743556234e-01 2.028446954307479899e+00 1.000000000000000056e-01
4.980000000000000426e+00 -3.488756642420653975e-01 2.028197462944546281e+00 1.000000000000000056e-01
4.990000000000000213e+00 -3.452602217840116672e-01 2.027941274241554126e+00 1.000000000000000056e-01
5.000000000000000000e+00 -3.416084843357821699e-01 2.027678458591313237e+00 1.000000000000000056e-01
5.009999999999999787e+00 -3.379206407588910555e-01 2.027409089489029093e+00 1.000000000000000056e-01
5.020000000000000462e+00 -3.341968824377790637e-01 2.027133243528731921e+00 1.000000000000000056e-01
5.030000000000000249e+00 -3.304374032770911462e-01 2.026851000400340830e+00 1.000000000000000056e-01
5.040000000000000036e+00 -3.266423996995774237e-01 2.026562442885051940e+00 1.000000000000000056e-01
5.049999999999999822e+00 -3.228120706435758103e-01 2.026267656849900511e+00 1.000000000000000056e-01
5.060000000000000497e+00 -3.189466175621035182e-01 2.025966731242201835e+00 1.000000000000000056e-01
5.070000000000000284e+00 -3.150462444210367918e-01 2.025659758082132722e+00 1.000000000000000056e-01
5.080000000000000071e+00 -3.111111576984716409e-01 2.025346832455353852e+00 1.000000000000000056e-01
5.089999999999999858e+00 -3.071415663841463028e-01 2.025028052503651921e+00 1.000000000000000056e-01
5.100000000000000533e+00 -3.031376819794179833e-01 2.024703519415481434e+00 1.000000000000000056e-01
5.110000000000000320e+00 -2.990997184975115464e-01 2.024373337415449114e+00 1.000000000000000056e-01
5.120000000000000107e+00 -2.950278924646930756e-01 2.024037613751084930e+00 1.000000000000000056e-01
5.129999999999999893e+00 -2.909224229213374646e-01 2.023696458680587895e+00 1.000000000000000056e-01
5.139999999999999680e+00 -2.867835314247262346e-01 2.023349985458056555e+00 1.000000000000000056e-01
5.150000000000000355e+00 -2.826114420515067893e-01 2.022998310316745041e+00 1.000000000000000056e-01
5.160000000000000142e+00 -2.784063814014616223e-01 2.022641552452952851e+00 1.000000000000000056e-01
5.169999999999999929e+00 -2.741685786027375227e-01 2.022279834005951127e+00 1.000000000000000056e-01
5.179999999999999716e+00 -2.698982653167569801e-01 2.021913280038430738e+00 1.000000000000000056e-01
5.190000000000000391e+00 -2.655956757452106465e-01 2.021542018514463024e+00 1.000000000000000056e-01
5.200000000000000178e+00 -2.612610466378763596e-01 2.021166180276712687e+00 1.000000000000000056e-01
5.209999999999999964e+00 -2.568946173010954181e-01 2.020785899021366294e+00 1.000000000000000056e-01
5.219999999999999751e+00 -2.524966296073398175e-01 2.020401311273564815e+00 1.000000000000000056e-01
5.230000000000000426e+00 -2.480673280061647668e-01 2.020012556359970901e+00 1.000000000000000056e-01
5.240000000000000213e+00 -2.436069595353884121e-01 2.019619776382104437e+00 1.000000000000000056e-01
5.250000000000000000e+00 -2.391157738332201077e-01 2.019223116187352840e+00 1.000000000000000056e-01
5.259999999999999787e+00 -2.345940231514199725e-01 2.018822723341429093e+00 1.000000000000000056e-01
5.270000000000000462e+00 -2.300419623677668057e-01 2.018418748098265603e+00 1.000000000000000056e-01
5.280000000000000249e+00 -2.254598490007760636e-01 2.018011343371493904e+00 1.000000000000000056e-01
5.290000000000000036e+00 -2.208479432224577377e-01 2.017600664703641300e+00 1.000000000000000056e-01
5.299999999999999822e+00 -2.162065078732660905e-01 2.017186870237511087e+00 1.000000000000000056e-01
5.310000000000000497e+00 -2.115358084761546631e-01 2.016770120684131751e+00 1.000000000000000056e-01
5.320000000000000284e+00 -2.068361132505167899e-01 2.016350579293431533e+00 1.000000000000000056e-01
5.330000000000000071e+00 -2.021076931279692235e-01 2.015928411822268895e+00 1.000000000000000056e-01
5.339999999999999858e+00 -1.973508217657598818e-01 2.015503786502264472e+00 1.000000000000000056e-01
5.350000000000000533e+00 -1.925657755634249402e-01 2.015076874008089991e+00 1.000000000000000056e-01
5.360000000000000320e+00 -1.877528336765750816e-01 2.014647847423053140e+00 1.000000000000000056e-01
5.370000000000000107e+00 -1.829122780349261013e-01 2.014216882205700276e+00 1.000000000000000056e-01
5.379999999999999893e+00 -1.780443933563936321e-01 2.013784156153926919e+00 1.000000000000000056e-01
5.389999999999999680e+00 -1.731494671659347950e-01 2.013349849369187261e+00 1.000000000000000056e-01
5.400000000000000355e+00 -1.682277898118384463e-01 2.012914144218523216e+00 1.000000000000000056e-01
5.410000000000000142e+00 -1.632796544844922204e-01 2.012477225296913197e+00 1.000000000000000056e-01
5.419999999999999929e+00 -1.583053572347359328e-01 2.012039279386490076e+00 1.000000000000000056e-01
5.429999999999999716e+00 -1.533051969932024139e-01 2.011600495417440015e+00 1.000000000000000056e-01
5.440000000000000391e+00 -1.482794755905572637e-01 2.011161064424058065e+00 1.000000000000000056e-01
5.450000000000000178e+00 -1.432284977774796186e-01 2.010721179503855982e+00 1.000000000000000056e-01
5.459999999999999964e+00 -1.381525712459802380e-01 2.010281035771617208e+00 1.000000000000000056e-01
5.469999999999999751e+00 -1.330520066505586352e-01 2.009840830315506643e+00 1.000000000000000056e-01
5.480000000000000426e+00 -1.279271176305202262e-01 2.009400762149847530e+00 1.000000000000000056e-01
5.490000000000000213e+00 -1.227782208316643420e-01 2.008961032168224747e+00 1.000000000000000056e-01
5.500000000000000000e+00 -1.176056359290797854e-01 2.008521843095017356e+00 1.000000000000000056e-01
5.509999999999999787e+00 -1.124096856502568992e-01 2.008083399435633964e+00 1.000000000000000056e-01
5.520000000000000462e+00 -1.071906957974943370e-01 2.007645907426602871e+00 1.000000000000000056e-01
5.530000000000000249e+00 -1.019489952715367242e-01 2.007209574983259248e+00 1.000000000000000056e-01
5.540000000000000036e+00 -9.668491609496444872e-02 2.006774611648423967e+00 1.000000000000000056e-01
5.549999999999999822e+00 -9.139879343522717969e-02 2.006341228537705135e+00 1.000000000000000056e-01
5.560000000000000497e+00 -8.609096562855109158e-02 2.005909638286702545e+00 1.000000000000000056e-01
5.570000000000000284e+00 -8.076177420316843492e-02 2.005480054993314720e+00 1.000000000000000056e-01
5.580000000000000071e+00 -7.541156390326525516e-02 2.005052694164692006e+00 1.000000000000000056e-01
5.589999999999999858e+00 -7.004068271197318174e-02 2.004627772656554452e+00 1.000000000000000056e-01
5.600000000000000533e+00 -6.464948187563822335e-02 2.004205508617748599e+00 1.000000000000000056e-01
5.610000000000000320e+00 -5.923831592668821200e-02 2.003786121429772749e+00 1.000000000000000056e-01
5.620000000000000107e+00 -5.380754270777141079e-02 2.003369831647134447e+00 1.000000000000000056e-01
5.629999999999999893e+00 -4.835752339436957120e-02 2.002956860936142114e+00 1.000000000000000056e-01
5.639999999999999680e+00 -4.288862251955801591e-02 2.002547432013882300e+00 1.000000000000000056e-01
5.650000000000000355e+00 -3.740120799562624693e-02 2.002141768584034587e+00 1.000000000000000056e-01
5.660000000000000142e+00 -3.189565113888245124e-02 2.001740095274845643e+00 1.000000000000000056e-01
5.669999999999999929e+00 -2.637232669171581112e-02 2.001342637572554928e+00 1.000000000000000056e-01
5.679999999999999716e+00 -2.083161284602375388e-02 2.000949621757959651e+00 1.000000000000000056e-01
5.690000000000000391e+00 -1.527389126616492815e-02 2.000561274837987291e+00 1.000000000000000056e-01
5.700000000000000178e+00 -9.699547111140153707e-03 2.000177824479916211e+00 1.000000000000000056e-01
5.709999999999999964e+00 -4.108969057487438931e-03 1.999799498941534415e+00 1.000000000000000056e-01
5.719999999999999751e+00 1.497450678899294200e-03 1.999426527003426601e+00 1.000000000000000056e-01
5.730000000000000426e+00 7.119316320663007965e-03 1.999059137897494898e+00 1.000000000000000056e-01
5.740000000000000213e+00 1.275622850767991166e-02 1.998697561236905118e+00 1.000000000000000056e-01
5.750000000000000000e+00 1.840778427539582068e-02 1.998342026943227490e+00 1.000000000000000056e-01
5.759999999999999787e+00 2.407357703447642050e-02 1.997992765174236185e+00 1.000000000000000056e-01
5.770000000000000462e+00 2.975319655008746428e-02 1.997650006249934940e+00 1.000000000000000056e-01
5.780000000000000249e+00 3.544622892195153224e-02 1.997313980577051451e+00 1.000000000000000056e-01
5.790000000000000036e+00 4.115225656459309267e-02 1.996984918575019696e+00 1.000000000000000056e-01
5.799999999999999822e+00 4.687085818888316741e-02 1.996663050597557110e+00 1.000000000000000056e-01
5.810000000000000497e+00 5.260160878256547878e-02 1.996348606856648500e+00 1.000000000000000056e-01
5.820000000000000284e+00 5.834407959321389475e-02 1.996041817344021307e+00 1.000000000000000056e-01
5.830000000000000071e+00 6.409783811013831933e-02 1.995742911750696846e+00 1.000000000000000056e-01
5.839999999999999858e+00 6.986244804778297957e-02 1.995452119389251822e+00 1.000000000000000056e-01
5.850000000000000533e+00 7.563746932970681625e-02 1.995169669110046451e+00 1.000000000000000056e-01
5.860000000000000320e+00 8.142245807297003590e-02 1.994895789222117077e+00 1.000000000000000056e-01
5.870000000000000107e+00 8.721696657309248313e-02 1.994630707408415748e+00 1.000000000000000056e-01
5.879999999999999893e+00 9.302054329072130534e-02 1.994374650643754299e+00 1.000000000000000056e-01
5.889999999999999680e+00 9.883273283795747377e-02 1.994127845109278985e+00 1.000000000000000056e-01
5.900000000000000355e+00 1.046530759658348408e-01 1.993890516108415945e+00 1.000000000000000056e-01
5.910000000000000142e+00 1.104811095536325782e-01 1.993662887980318876e+00 1.000000000000000056e-01
5.919999999999999929e+00 1.163163665981065131e-01 1.993445184012912152e+00 1.000000000000000056e-01
5.929999999999999716e+00 1.221583762034371967e-01 1.993237626356130887e+00 1.000000000000000056e-01
5.940000000000000391e+00 1.280066635741189673e-01 1.993040435932552201e+00 1.000000000000000056e-01
5.950000000000000178e+00 1.338607500065145672e-01 1.992853832349520404e+00 1.000000000000000056e-01
5.959999999999999964e+00 1.397201528833788842e-01 1.992678033808533034e+00 1.000000000000000056e-01
5.969999999999999751e+00 1.455843856688615323e-01 1.992513257015047445e+00 1.000000000000000056e-01
5.980000000000000426e+00 1.514529579045706953e-01 1.992359717087315518e+00 1.000000000000000056e-01
5.990000000000000213e+00 1.573253752072219236e-01 1.992217627464468954e+00 1.000000000000000056e-01
6.000000000000000000e+00 1.632011392677109873e-01 1.992087199814139842e+00 1.000000000000000056e-01
6.009999999999999787e+00 1.690797478506188833e-01 1.991968643939168171e+00 1.000000000000000056e-01
6.020000000000000462e+00 1.749606947967142223e-01 1.991862167684013585e+00 1.000000000000000056e-01
6.030000000000000249e+00 1.808434700245356019e-01 1.991767976840306709e+00 1.000000000000000056e-01
6.040000000000000036e+00 1.867275595361415352e-01 1.991686275052224175e+00 1.000000000000000056e-01
6.049999999999999822e+00 1.926124454212710391e-01 1.991617263720578013e+00 1.000000000000000056e-01
6.060000000000000497e+00 1.984976058661492848e-01 1.991561141907664645e+00 1.000000000000000056e-01
6.070000000000000284e+00 2.043825151607863433e-01 1.991518106240299568e+00 1.000000000000000056e-01
6.080000000000000071e+00 2.102666437102621577e-01 1.991488350813255703e+00 1.000000000000000056e-01
6.089999999999999858e+00 2.161494580461037762e-01 1.991472067092189935e+00 1.000000000000000056e-01
6.100000000000000533e+00 2.220304208401689960e-01 1.991469443815669482e+00 1.000000000000000056e-01
6.110000000000000320e+00 2.279089909194083885e-01 1.991480666897844864e+00 1.000000000000000056e-01
6.120000000000000107e+00 2.337846232837088312e-01 1.991505919329624064e+00 1.000000000000000056e-01
6.129999999999999893e+00 2.396567691239472608e-01 1.991545381080888522e+00 1.000000000000000056e-01
6.140000000000000568e+00 2.455248758430261524e-01 1.991599229001027149e+00 1.000000000000000056e-01
6.150000000000000355e+00 2.513883870789686004e-01 1.991667636720985568e+00 1.000000000000000056e-01
6.160000000000000142e+00 2.572467427288022135e-01 1.991750774553044945e+00 1.000000000000000056e-01
6.169999999999999929e+00 2.630993789757983259e-01 1.991848809393207631e+00 1.000000000000000056e-01
6.179999999999999716e+00 2.689457283185206493e-01 1.991961904620786594e+00 1.000000000000000056e-01
6.190000000000000391e+00 2.747852196009122339e-01 1.992090219999796075e+00 1.000000000000000056e-01
6.200000000000000178e+00 2.806172780467231509e-01 1.992233911579697425e+00 1.000000000000000056e-01
6.209999999999999964e+00 2.864413252941038768e-01 1.992393131596557954e+00 1.000000000000000056e-01
6.219999999999999751e+00 2.922567794334443581e-01 1.992568028373715050e+00 1.000000000000000056e-01
6.230000000000000426e+00 2.980630550480897201e-01 1.992758746223686650e+00 1.000000000000000056e-01
6.240000000000000213e+00 3.038595632563258486e-01 1.992965425349024322e+00 1.000000000000000056e-01
6.250000000000000000e+00 3.096457117564996309e-01 1.993188201744814592e+00 1.000000000000000056e-01
6.259999999999999787e+00 3.154209048743747967e-01 1.993427207100489484e+00 1.000000000000000056e-01
6.270000000000000462e+00 3.211845436129032727e-01 1.993682568702318081e+00 1.000000000000000056e-01
6.280000000000000249e+00 3.269360257050563101e-01 1.993954409337246991e+00 1.000000000000000056e-01
6.290000000000000036e+00 3.326747456678303960e-01 1.994242847195621726e+00 1.000000000000000056e-01
6.299999999999999822e+00 3.384000948607442383e-01 1.994547995776109195e+00 1.000000000000000056e-01
6.310000000000000497e+00 3.441114615446111413e-01 1.994869963790291356e+00 1.000000000000000056e-01
6.320000000000000284e+00 3.498082309452757999e-01 1.995208855068773879e+00 1.000000000000000056e-01
6.330000000000000071e+00 3.554897853173871747e-01 1.995564768466751904e+00 1.000000000000000056e-01
6.339999999999999858e+00 3.611555040131871896e-01 1.995937797772834532e+00 1.000000000000000056e-01
6.350000000000000533e+00 3.668047635516945570e-01 1.996328031615449028e+00 1.000000000000000056e-01
6.360000000000000320e+00 3.724369376922125330e-01 1.996735553374155758e+00 1.000000000000000056e-01
6.370000000000000107e+00 3.780513975088048428e-01 1.997160441088388749e+00 1.000000000000000056e-01
6.379999999999999893e+00 3.836475114690969801e-01 1.997602767370042498e+00 1.000000000000000056e-01
6.390000000000000568e+00 3.892246455135081606e-01 1.998062599315777232e+00 1.000000000000000056e-01
6.400000000000000355e+00 3.947821631394778930e-01 1.998539998421397845e+00 1.000000000000000056e-01
6.410000000000000142e+00 4.003194254861705548e-01 1.999035020497240911e+00 1.000000000000000056e-01
6.419999999999999929e+00 4.058357914229643870e-01 1.999547715584940155e+00 1.000000000000000056e-01
6.429999999999999716e+00 4.113306176404957770e-01 2.000078127876365297e+00 1.000000000000000056e-01
6.440000000000000391e+00 4.168032587436382719e-01 2.000626295633473717e+00 1.000000000000000056e-01
6.450000000000000178e+00 4.222530673484302111e-01 2.001192251110118114e+00 1.000000000000000056e-01
6.459999999999999964e+00 4.276793941799729715e-01 2.001776020475627860e+00 1.000000000000000056e-01
6.469999999999999751e+00 4.330815881751262642e-01 2.002377623740883905e+00 1.000000000000000056e-01
6.480000000000000426e+00 4.384589965859769234e-01 2.002997074684675027e+00 1.000000000000000056e-01
6.490000000000000213e+00 4.438109650875969314e-01 2.003634380784141023e+00 1.000000000000000056e-01
6.500000000000000000e+00 4.491368378874286416e-01 2.004289543145871377e+00 1.000000000000000056e-01
6.509999999999999787e+00 4.544359578387376919e-01 2.004962556439722210e+00 1.000000000000000056e-01
6.520000000000000462e+00 4.597076665552521368e-01 2.005653408834724427e+00 1.000000000000000056e-01
6.530000000000000249e+00 4.649513045302356984e-01 2.006362081938035669e+00 1.000000000000000056e-01
6.540000000000000036e+00 4.701662112571496910e-01 2.007088550734728472e+00 1.000000000000000056e-01
6.549999999999999822e+00 4.753517253534996767e-01 2.007832783532279119e+00 1.000000000000000056e-01
6.560000000000000497e+00 4.805071846873658070e-01 2.008594741905382008e+00 1.000000000000000056e-01
6.570000000000000284e+00 4.856319265064724111e-01 2.009374380645575275e+00 1.000000000000000056e-01
6.580000000000000071e+00 4.907252875701978989e-01 2.010171647711721299e+00 1.000000000000000056e-01
6.589999999999999858e+00 4.957866042830925135e-01 2.010986484184585255e+00 1.000000000000000056e-01
6.600000000000000533e+00 5.008152128324924179e-01 2.011818824223923219e+00 1.000000000000000056e-01
6.610000000000000320e+00 5.058104493268519297e-01 2.012668595028503482e+00 1.000000000000000056e-01
6.620000000000000107e+00 5.107716499376050434e-01 2.013535716798821706e+00 1.000000000000000056e-01
6.629999999999999893e+00 5.156981510423578330e-01 2.014420102704216120e+00 1.000000000000000056e-01
6.640000000000000568e+00 5.205892893712998903e-01 2.015321658851161324e+00 1.000000000000000056e-01
6.650000000000000355e+00 5.254444021542434839e-01 2.016240284257355686e+00 1.000000000000000056e-01
6.660000000000000142e+00 5.302628272714107194e-01 2.017175870826080519e+00 1.000000000000000056e-01
6.669999999999999929e+00 5.350439034044035536e-01 2.018128303327716644e+00 1.000000000000000056e-01
6.679999999999999716e+00 5.397869701908435403e-01 2.019097459380820858e+00 1.000000000000000056e-01
6.690000000000000391e+00 5.444913683790100212e-01 2.020083209440018290e+00 1.000000000000000056e-01
6.700000000000000178e+00 5.491564399856070366e-01 2.021085416785076472e+00 1.000000000000000056e-01
6.709999999999999964e+00 5.537815284545730687e-01 2.022103937516141148e+00 1.000000000000000056e-01
6.719999999999999751e+00 5.583659788173552796e-01 2.023138620549268740e+00 1.000000000000000056e-01
6.730000000000000426e+00 5.629091378551188685e-01 2.024189307619809863e+00 1.000000000000000056e-01
6.740000000000000213e+00 5.674103542617163765e-01 2.025255833286245366e+00 1.000000000000000056e-01
6.750000000000000000e+00 5.718689788085058456e-01 2.026338024939569937e+00 1.000000000000000056e-01
6.759999999999999787e+00 5.762843645101883849e-01 2.027435702816661856e+00 1.000000000000000056e-01
6.770000000000000462e+00 5.806558667912530280e-01 2.028548680016708072e+00 1.000000000000000056e-01
6.780000000000000249e+00 5.849828436538416776e-01 2.029676762522515165e+00 1.000000000000000056e-01
6.790000000000000036e+00 5.892646558468677132e-01 2.030819749225319271e+00 1.000000000000000056e-01
6.799999999999999822e+00 5.935006670339934010e-01 2.031977431954413937e+00 1.000000000000000056e-01
6.810000000000000497e+00 5.976902439644631304e-01 2.033149595509311069e+00 1.000000000000000056e-01
6.820000000000000284e+00 6.018327566427885689e-01 2.034336017698540999e+00 1.000000000000000056e-01
6.830000000000000071e+00 6.059275784990819647e-01 2.035536469379562785e+00 1.000000000000000056e-01
6.839999999999999858e+00 6.099740865595849604e-01 2.036750714506250670e+00 1.000000000000000056e-01
6.850000000000000533e+00 6.139716616175660002e-01 2.037978510176900127e+00 1.000000000000000056e-01
6.860000000000000320e+00 6.179196884028390624e-01 2.039219606689892661e+00 1.000000000000000056e-01
6.870000000000000107e+00 6.218175557530111197e-01 2.040473747601025511e+00 1.000000000000000056e-01
6.879999999999999893e+00 6.256646567825214778e-01 2.041740669786445306e+00 1.000000000000000056e-01
6.890000000000000568e+00 6.294603890517085354e-01 2.043020103509528784e+00 1.000000000000000056e-01
6.900000000000000355e+00 6.332041547364311018e-01 2.044311772491183898e+00 1.000000000000000056e-01
6.910000000000000142e+00 6.368953607952201335e-01 2.045615393986011110e+00 1.000000000000000056e-01
6.919999999999999929e+00 6.405334191363090124e-01 2.046930678860573227e+00 1.000000000000000056e-01
6.929999999999999716e+00 6.441177467846418425e-01 2.048257331678252413e+00 1.000000000000000056e-01
6.940000000000000391e+00 6.476477660461817942e-01 2.049595050785412376e+00 1.000000000000000056e-01
6.950000000000000178e+00 6.511229046720372615e-01 2.050943528404735261e+00 1.000000000000000056e-01
6.959999999999999964e+00 6.545425960210359273e-01 2.052302450730547623e+00 1.000000000000000056e-01
6.969999999999999751e+00 6.579062792212173605e-01 2.053671498028661446e+00 1.000000000000000056e-01
6.980000000000000426e+00 6.612133993285350675e-01 2.055050344741096158e+00 1.000000000000000056e-01
6.990000000000000213e+00 6.644634074855418904e-01 2.056438659594001184e+00 1.000000000000000056e-01
7.000000000000000000e+00 6.676557610761900685e-01 2.057836105709545560e+00 1.000000000000000056e-01
7.009999999999999787e+00 6.707899238811229070e-01 2.059242340722591269e+00 1.000000000000000056e-01
7.020000000000000462e+00 6.738653662275976286e-01 2.060657016899962723e+00 1.000000000000000056e-01
7.030000000000000249e+00 6.768815651399932021e-01 2.062079781264830824e+00 1.000000000000000056e-01
7.040000000000000036e+00 6.798380044859941851e-01 2.063510275723738463e+00 1.000000000000000056e-01
7.049999999999999822e+00 6.827341751206587039e-01 2.064948137198356015e+00 1.000000000000000056e-01
7.060000000000000497e+00 6.855695750280305090e-01 2.066392997760192696e+00 1.000000000000000056e-01
7.070000000000000284e+00 6.883437094584335947e-01 2.067844484768502245e+00 1.000000000000000056e-01
7.080000000000000071e+00 6.910560910653095190e-01 2.069302221013722409e+00 1.000000000000000056e-01
7.089999999999999858e+00 6.937062400347910884e-01 2.070765824860899773e+00 1.000000000000000056e-01
7.100000000000000533e+00 6.962936842167811724e-01 2.072234910400445607e+00 1.000000000000000056e-01
7.110000000000000320e+00 6.988179592476371216e-01 2.073709087598532452e+00 1.000000000000000056e-01
7.120000000000000107e+00 7.012786086733435731e-01 2.075187962453116430e+00 1.000000000000000056e-01
7.129999999999999893e+00 7.036751840660953050e-01 2.076671137152132918e+00 1.000000000000000056e-01
7.140000000000000568e+00 7.060072451384979964e-01 2.078158210234652525e+00 1.000000000000000056e-01
7.150000000000000355e+00 7.082743598535545804e-01 2.079648776754591921e+00 1.000000000000000056e-01
7.160000000000000142e+00 7.104761045300561628e-01 2.081142428448867765e+00 1.000000000000000056e-01
7.169999999999999929e+00 7.126120639450145289e-01 2.082638753905402762e+00 1.000000000000000056e-01
7.179999999999999716e+00 7.146818314300324992e-01 2.084137338736915979e+00 1.000000000000000056e-01
7.190000000000000391e+00 7.166850089657557099e-01 2.085637765754351669e+00 1.000000000000000056e-01
7.200000000000000178e+00 7.186212072692074182e-01 2.087139615145131355e+00 1.000000000000000056e-01
7.209999999999999964e+00 7.204900458792765638e-01 2.088642464651207398e+00 1.000000000000000056e-01
7.219999999999999751e+00 7.222911532354071573e-01 2.090145889752021091e+00 1.000000000000000056e-01
7.230000000000000426e+00 7.240241667533932057e-01 2.091649463846455337e+00 1.000000000000000056e-01
7.240000000000000213e+00 7.256887328950587523e-01 2.093152758439931649e+00 1.000000000000000056e-01
7.250000000000000000e+00 7.272845072344746864e-01 2.094655343330247277e+00 1.000000000000000056e-01
7.259999999999999787e+00 7.288111545179023487e-01 2.096156786797526816e+00 1.000000000000000056e-01
7.270000000000000462e+00 7.302683487207837221e-01 2.097656655794238212e+00 1.000000000000000056e-01
7.280000000000000249e+00 7.316557730973691775e-01 2.099154516137638815e+00 1.000000000000000056e-01
7.290000000000000036e+00 7.329731202279206048e-01 2.100649932702503442e+00 1.000000000000000056e-01
7.299999999999999822e+00 7.342200920585708612e-01 2.102142469616748333e+00 1.000000000000000056e-01
7.310000000000000497e+00 7.353963999387728157e-01 2.103631690455830316e+00 1.000000000000000056e-01
7.320000000000000284e+00 7.365017646503682069e-01 2.105117158441095260e+00 1.000000000000000056e-01
7.330000000000000071e+00 7.375359164352955910e-01 2.106598436635796823e+00 1.000000000000000056e-01
7.339999999999999858e+00 7.384985950149788314e-01 2.108075088144848674e+00 1.000000000000000056e-01
7.350000000000000533e+00 7.393895496070496121e-01 2.109546676312956670e+00 1.000000000000000056e-01
7.360000000000000320e+00 7.402085389355514966e-01 2.111012764925213059e+00 1.000000000000000056e-01
7.370000000000000107e+00 7.409553312364192124e-01 2.112472918405970734e+00 1.000000000000000056e-01
7.379999999999999893e+00 7.416297042586066368e-01 2.113926702020775927e+00 1.000000000000000056e-01
7.390000000000000568e+00 7.422314452591540768e-01 2.115373682075422757e+00 1.000000000000000056e-01
7.400000000000000355e+00 7.427603509938489612e-01 2.116813426118321573e+00 1.000000000000000056e-01
7.410000000000000142e+00 7.432162277030425201e-01 2.118245503139784436e+00 1.000000000000000056e-01
7.419999999999999929e+00 7.435988910922257666e-01 2.119669483773616303e+00 1.000000000000000056e-01
7.429999999999999716e+00 7.439081663076897444e-01 2.121084940497659055e+00 1.000000000000000056e-01
7.440000000000000391e+00 7.441438879079479429e-01 2.122491447832894895e+00 1.000000000000000056e-01
7.450000000000000178e+00 7.443058998297166218e-01 2.123888582544426029e+00 1.000000000000000056e-01
7.459999999999999964e+00 7.443940553499356350e-01 2.125275923839732073e+00 1.000000000000000056e-01
7.469999999999999751e+00 7.444082170424908274e-01 2.126653053567616691e+00 1.000000000000000056e-01
7.480000000000000426e+00 7.443482567311577869e-01 2.128019556415964519e+00 1.000000000000000056e-01
7.490000000000000213e+00 7.442140554377870698e-01 2.129375020108858596e+00 1.000000000000000056e-01
7.500000000000000000e+00 7.440055033262812367e-01 2.130719035602194555e+00 1.000000000000000056e-01
7.509999999999999787e+00 7.437224996424889323e-01 2.132051197279612786e+00 1.000000000000000056e-01
7.520000000000000462e+00 7.433649526497592142e-01 2.133371103145480063e+00 1.000000000000000056e-01
7.530000000000000249e+00 7.429327795617455266e-01 2.134678355018813534e+00 1.000000000000000056e-01
7.540000000000000036e+00 7.424259064689739951e-01 2.135972558723497006e+00 1.000000000000000056e-01
7.549999999999999822e+00 7.418442682651111841e-01 2.137253324280070643e+00 1.000000000000000056e-01
7.560000000000000497e+00 7.411878085664067584e-01 2.138520266092954536e+00 1.000000000000000056e-01
7.570000000000000284e+00 7.404564796304494712e-01 2.139773003139043617e+00 1.000000000000000056e-01
7.580000000000000071e+00 7.396502422696735746e-01 2.141011159152826249e+00 1.000000000000000056e-01
7.589999999999999858e+00 7.387690657631500457e-01 2.142234362810338411e+00 1.000000000000000056e-01
7.600000000000000533e+00 7.378129277649962958e-01 2.143442247912469067e+00 1.000000000000000056e-01
7.610000000000000320e+00 7.367818142092783518e-01 2.144634453564826071e+00 1.000000000000000056e-01
7.620000000000000107e+00 7.356757192140856993e-01 2.145810624357000318e+00 1.000000000000000056e-01
7.629999999999999893e+00 7.344946449807009392e-01 2.146970410539753349e+00 1.000000000000000056e-01
7.640000000000000568e+00 7.332386016931339290e-01 2.148113468199947640e+00 1.000000000000000056e-01
7.650000000000000355e+00 7.319076074130915766e-01 2.149239459433870181e+00 1.000000000000000056e-01
7.660000000000000142e+00 7.305016879745511726e-01 2.150348052518435527e+00 1.000000000000000056e-01
7.669999999999999929e+00 7.290208768763845049e-01 2.151438922080061378e+00 1.000000000000000056e-01
7.679999999999999716e+00 7.274652151724103621e-01 2.152511749262195906e+00 1.000000000000000056e-01
7.690000000000000391e+00 7.258347513613220281e-01 2.153566221889463783e+00 1.000000000000000056e-01
7.700000000000000178e+00 7.241295412744436222e-01 2.154602034631076801e+00 1.000000000000000056e-01
7.709999999999999964e+00 7.223496479626219102e-01 2.155618889160596741e+00 1.000000000000000056e-01
7.719999999999999751e+00 7.204951415831820638e-01 2.156616494314436583e+00 1.000000000000000056e-01
7.730000000000000426e+00 7.185660992844072892e-01 2.157594566247505341e+00 1.000000000000000056e-01
7.740000000000000213e+00 7.165626050914425393e-01 2.158552828586441485e+00 1.000000000000000056e-01
7.750000000000000000e+00 7.144847497908728418e-01 2.159491012580640579e+00 1.000000000000000056e-01
7.759999999999999787e+00 7.123326308151398667e-01 2.160408857251207237e+00 1.000000000000000056e-01
7.770000000000000462e+00 7.101063521280722712e-01 2.161306109535696685e+00 1.000000000000000056e-01
7.780000000000000249e+00 7.078060241095295302e-01 2.162182524433011732e+00 1.000000000000000056e-01
7.790000000000000036e+00 7.054317634409272841e-01 2.163037865142726446e+00 1.000000000000000056e-01
7.799999999999999822e+00 7.029836929926684963e-01 2.163871903204829028e+00 1.000000000000000056e-01
7.810000000000000497e+00 7.004619417096674683e-01 2.164684418633253227e+00 1.000000000000000056e-01
7.820000000000000284e+00 6.978666445015717645e-01 2.165475200050640314e+00 1.000000000000000056e-01
7.830000000000000071e+00 6.951979421304854689e-01 2.166244044817063230e+00 1.000000000000000056e-01
7.839999999999999858e+00 6.924559811032882095e-01 2.166990759157654711e+00 1.000000000000000056e-01
7.850000000000000533e+00 6.896409135634816723e-01 2.167715158287092159e+00 1.000000000000000056e-01
7.860000000000000320e+00 6.867528971855269004e-01 2.168417066531798110e+00 1.000000000000000056e-01
7.870000000000000107e+00 6.837920950713132218e-01 2.169096317447452016e+00 1.000000000000000056e-01
7.879999999999999893e+00 6.807586756484460544e-01 2.169752753935959344e+00 1.000000000000000056e-01
7.890000000000000568e+00 6.776528125705554295e-01 2.170386228358549108e+00 1.000000000000000056e-01
7.900000000000000355e+00 6.744746846208428126e-01 2.170996602644720941e+00 1.000000000000000056e-01
7.910000000000000142e+00 6.712244756173633142e-01 2.171583748400884417e+00 1.000000000000000056e-01
7.919999999999999929e+00 6.679023743218119868e-01 2.172147547012696744e+00 1.000000000000000056e-01
7.930000000000000604e+00 6.645085743504249853e-01 2.172687889748331269e+00 1.000000000000000056e-01
7.940000000000000391e+00 6.610432740890693770e-01 2.173204677854105871e+00 1.000000000000000056e-01
7.950000000000000178e+00 6.575066766103270233e-01 2.173697822651378342e+00 1.000000000000000056e-01
7.959999999999999964e+00 6.538989895951107245e-01 2.174167245627163236e+00 1.000000000000000056e-01
7.969999999999999751e+00 6.502204252568887233e-01 2.174612878522853343e+00 1.000000000000000056e-01
7.980000000000000426e+00 6.464712002704013916e-01 2.175034663420209124e+00 1.000000000000000056e-01
7.990000000000000213e+00 6.426515357035005316e-01 2.175432552822119892e+00 1.000000000000000056e-01
8.000000000000000000e+00 6.387616569532613697e-01 2.175806509732370220e+00 1.000000000000000056e-01
8.009999999999999787e+00 6.348017936863513677e-01 2.176156507730270473e+00 1.000000000000000056e-01
8.019999999999999574e+00 6.307721797830713184e-01 2.176482531042148505e+00 1.000000000000000056e-01
8.029999999999999361e+00 6.266730532863034053e-01 2.176784574609965439e+00 1.000000000000000056e-01
8.040000000000000924e+00 6.225046563545371114e-01 2.177062644155040250e+00 1.000000000000000056e-01
8.050000000000000711e+00 6.182672352191964649e-01 2.177316756239506379e+00 1.000000000000000056e-01
8.060000000000000497e+00 6.139610401472228585e-01 2.177546938322085346e+00 1.000000000000000056e-01
8.070000000000000284e+00 6.095863254077285021e-01 2.177753228812511210e+00 1.000000000000000056e-01
8.080000000000000071e+00 6.051433492440785322e-01 2.177935677118695068e+00 1.000000000000000056e-01
8.089999999999999858e+00 6.006323738500469744e-01 2.178094343693126156e+00 1.000000000000000056e-01
8.099999999999999645e+00 5.960536653519981076e-01 2.178229300072534347e+00 1.000000000000000056e-01
8.109999999999999432e+00 5.914074937949007627e-01 2.178340628915184318e+00 1.000000000000000056e-01
8.120000000000000995e+00 5.866941331345415511e-01 2.178428424032023081e+00 1.000000000000000056e-01
8.130000000000000782e+00 5.819138612345360340e-01 2.178492790415219371e+00 1.000000000000000056e-01
8.140000000000000568e+00 5.770669598676910761e-01 2.178533844261053343e+00 1.000000000000000056e-01
8.150000000000000355e+00 5.721537147245288057e-01 2.178551712988717970e+00 1.000000000000000056e-01
8.160000000000000142e+00 5.671744154250295544e-01 2.178546535253651051e+00 1.000000000000000056e-01
8.169999999999999929e+00 5.621293555373434447e-01 2.178518460957967751e+00 1.000000000000000056e-01
8.179999999999999716e+00 5.570188326009222202e-01 2.178467651253722437e+00 1.000000000000000056e-01
8.189999999999999503e+00 5.518431481553248696e-01 2.178394278543618778e+00 1.000000000000000056e-01
8.199999999999999289e+00 5.466026077746238832e-01 2.178298526474453212e+00 1.000000000000000056e-01
8.210000000000000853e+00 5.412975211064622316e-01 2.178180589927712685e+00 1.000000000000000056e-01
8.220000000000000639e+00 5.359282019175776179e-01 2.178040675004291771e+00 1.000000000000000056e-01
8.230000000000000426e+00 5.304949681432532538e-01 2.177878999002445415e+00 1.000000000000000056e-01
8.240000000000000213e+00 5.249981419434069929e-01 2.177695790394266417e+00 1.000000000000000056e-01
8.250000000000000000e+00 5.194380497625764592e-01 2.177491288792854363e+00 1.000000000000000056e-01
8.259999999999999787e+00 5.138150223962587582e-01 2.177265744917257440e+00 1.000000000000000056e-01
8.269999999999999574e+00 5.081293950611763810e-01 2.177019420550228901e+00 1.000000000000000056e-01
8.279999999999999361e+00 5.023815074712327799e-01 2.176752588491799312e+00 1.000000000000000056e-01
8.290000000000000924e+00 4.965717039179298742e-01 2.176465532506766998e+00 1.000000000000000056e-01
8.300000000000000711e+00 4.907003333557923841e-01 2.176158547266950460e+00 1.000000000000000056e-01
8.310000000000000497e+00 4.847677494920650254e-01 2.175831938288117939e+00 1.000000000000000056e-01
8.320000000000000284e+00 4.787743108809595083e-01 2.175486021861047448e+00 1.000000000000000056e-01
8.330000000000000071e+00 4.727203810224178127e-01 2.175121124978011355e+00 1.000000000000000056e-01
8.339999999999999858e+00 4.666063284649804022e-01 2.174737585252065397e+00 1.000000000000000056e-01
8.349999999999999645e+00 4.604325269122903075e-01 2.174335750833022107e+00 1.000000000000000056e-01
8.359999999999999432e+00 4.541993553341756584e-01 2.173915980315216601e+00 1.000000000000000056e-01
8.370000000000000995e+00 4.479071980808397857e-01 2.173478642642547420e+00 1.000000000000000056e-01
8.380000000000000782e+00 4.415564450008619413e-01 2.173024117005050826e+00 1.000000000000000056e-01
8.390000000000000568e+00 4.351474915630773599e-01 2.172552792731886395e+00 1.000000000000000056e-01
8.400000000000000355e+00 4.286807389807115176e-01 2.172065069177516072e+00 1.000000000000000056e-01
8.410000000000000142e+00 4.221565943397828091e-01 2.171561355601973720e+00 1.000000000000000056e-01
8.419999999999999929e+00 4.155754707302450335e-01 2.171042071046181299e+00 1.000000000000000056e-01
8.429999999999999716e+00 4.089377873795328466e-01 2.170507644199478392e+00 1.000000000000000056e-01
8.439999999999999503e+00 4.022439697898039235e-01 2.169958513262832511e+00 1.000000000000000056e-01
8.449999999999999289e+00 3.954944498776862827e-01 2.169395125804744140e+00 1.000000000000000056e-01
8.460000000000000853e+00 3.886896661162519417e-01 2.168817938610160034e+00 1.000000000000000056e-01
8.470000000000000639e+00 3.818300636801219561e-01 2.168227417524787093e+00 1.000000000000000056e-01
8.480000000000000426e+00 3.749160945930389288e-01 2.167624037290114103e+00 1.000000000000000056e-01
8.490000000000000213e+00 3.679482178772998657e-01 2.167008281374291911e+00 1.000000000000000056e-01
8.500000000000000000e+00 3.609268997052672012e-01 2.166380641794397821e+00 1.000000000000000056e-01
8.509999999999999787e+00 3.538526135539692974e-01 2.165741618932718549e+00 1.000000000000000056e-01
8.519999999999999574e+00 3.467258403593942440e-01 2.165091721346834142e+00 1.000000000000000056e-01
8.529999999999999361e+00 3.395470686740998945e-01 2.164431465572374425e+00 1.000000000000000056e-01
8.540000000000000924e+00 3.323167948243204162e-01 2.163761375919989405e+00 1.000000000000000056e-01
8.550000000000000711e+00 3.250355230692599795e-01 2.163081984266511437e+00 1.000000000000000056e-01
8.560000000000000497e+00 3.177037657592087783e-01 2.162393829839031945e+00 1.000000000000000056e-01
8.570000000000000284e+00 3.103220434959498286e-01 2.161697458995575527e+00 1.000000000000000056e-01
8.580000000000000071e+00 3.028908852906008198e-01 2.160993424997057488e+00 1.000000000000000056e-01
8.589999999999999858e+00 2.954108287235394092e-01 2.160282287777584020e+00 1.000000000000000056e-01
8.599999999999999645e+00 2.878824201021135676e-01 2.159564613706292491e+00 1.000000000000000056e-01
8.609999999999999432e+00 2.803062146186759973e-01 2.158840975345983182e+00 1.000000000000000056e-01
8.620000000000000995e+00 2.726827765077791121e-01 2.158111951206247880e+00 1.000000000000000056e-01
8.630000000000000782e+00 2.650126792022486355e-01 2.157378125490465148e+00 1.000000000000000056e-01
8.640000000000000568e+00 2.572965054890344883e-01 2.156640087839527098e+00 1.000000000000000056e-01
8.650000000000000355e+00 2.495348476635867729e-01 2.155898433068218267e+00 1.000000000000000056e-01
8.660000000000000142e+00 2.417283076832595634e-01 2.155153760898594228e+00 1.000000000000000056e-01
8.669999999999999929e+00 2.338774973207702057e-01 2.154406675686461714e+00 1.000000000000000056e-01
8.679999999999999716e+00 2.259830383144429966e-01 2.153657786143798880e+00 1.000000000000000056e-01
8.689999999999999503e+00 2.180455625193862546e-01 2.152907705055766119e+00 1.000000000000000056e-01
8.700000000000001066e+00 2.100657120556035928e-01 2.152157048992699995e+00 1.000000000000000056e-01
8.710000000000000853e+00 2.020441394558117054e-01 2.151406438017039680e+00 1.000000000000000056e-01
8.720000000000000639e+00 1.939815078103158952e-01 2.150656495385443456e+00 1.000000000000000056e-01
8.730000000000000426e+00 1.858784909109745531e-01 2.149907847246484760e+00 1.000000000000000056e-01
8.740000000000000213e+00 1.777357733925967465e-01 2.149161122332840179e+00 1.000000000000000056e-01
8.750000000000000000e+00 1.695540508724464879e-01 2.148416951649732454e+00 1.000000000000000056e-01
8.759999999999999787e+00 1.613340300862043108e-01 2.147675968158784698e+00 1.000000000000000056e-01
8.769999999999999574e+00 1.530764290228368851e-01 2.146938806457117987e+00 1.000000000000000056e-01
8.779999999999999361e+00 1.447819770551332930e-01 2.146206102452360653e+00 1.000000000000000056e-01
8.790000000000000924e+00 1.364514150673180048e-01 2.145478493034655099e+00 1.000000000000000056e-01
8.800000000000000711e+00 1.280854955803507333e-01 2.144756615743010908e+00 1.000000000000000056e-01
8.810000000000000497e+00 1.196849828713160147e-01 2.144041108429475706e+00 1.000000000000000056e-01
8.820000000000000284e+00 1.112506530913896924e-01 2.143332608918924631e+00 1.000000000000000056e-01
8.830000000000000071e+00 1.027832943773150792e-01 2.142631754665699884e+00 1.000000000000000056e-01
8.839999999999999858e+00 9.428370695999395423e-02 2.141939182406610520e+00 1.000000000000000056e-01
8.849999999999999645e+00 8.575270326665217213e-02 2.141255527811919190e+00 1.000000000000000056e-01
8.859999999999999432e+00 7.719110801917879183e-02 2.140581425131657944e+00 1.000000000000000056e-01
8.870000000000000995e+00 6.859975832578155130e-02 2.139917506841346739e+00 1.000000000000000056e-01
8.880000000000000782e+00 5.997950376720175697e-02 2.139264403283234195e+00 1.000000000000000056e-01
8.890000000000000568e+00 5.133120647624316718e-02 2.138622742306524493e+00 1.000000000000000056e-01
8.900000000000000355e+00 4.265574121098195115e-02 2.137993148905246610e+00 1.000000000000000056e-01
8.910000000000000142e+00 3.395399541996064335e-02 2.137376244853298246e+00 1.000000000000000056e-01
8.919999999999999929e+00 2.522686930102876340e-02 2.136772648339347658e+00 1.000000000000000056e-01
8.929999999999999716e+00 1.647527585104531164e-02 2.136182973598903523e+00 1.000000000000000056e-01
8.939999999999999503e+00 7.700140907703715426e-03 2.135607830545299901e+00 1.000000000000000056e-01
8.950000000000001066e+00 -1.097596816398877916e-03 2.135047824401089311e+00 1.000000000000000056e-01
8.960000000000000853e+00 -9.916985711057051470e-03 2.134503555326026536e+00 1.000000000000000056e-01
8.970000000000000639e+00 -1.875706125206116556e-02 2.133975618046886069e+00 1.000000000000000056e-01
8.980000000000000426e+00 -2.761684599720370253e-02 2.133464601485802969e+00 1.000000000000000056e-01
8.990000000000000213e+00 -3.649534959002306150e-02 2.132971088387717096e+00 1.000000000000000056e-01
9.000000000000000000e+00 -4.539156877501473314e-02 2.132495654951018338e+00 1.000000000000000056e-01
9.009999999999999787e+00 -5.430448742227313164e-02 2.132038870453197177e+00 1.000000000000000056e-01
9.019999999999999574e+00 -6.323307656274503030e-02 2.131601296883815611e+00 1.000000000000000056e-01
9.029999999999999361e+00 -7.217629443411296974e-02 2.131183488572237383e+00 1.000000000000000056e-01
9.040000000000000924e+00 -8.113308653658297953e-02 2.130785991820555836e+00 1.000000000000000056e-01
9.050000000000000711e+00 -9.010238570087471255e-02 2.130409344536140281e+00 1.000000000000000056e-01
9.060000000000000497e+00 -9.908311216398825449e-02 2.130054075866597341e+00 1.000000000000000056e-01
9.070000000000000284e+00 -1.080741736588001073e-01 2.129720705836020578e+00 1.000000000000000056e-01
9.080000000000000071e+00 -1.170744655121096767e-01 2.129409744984544162e+00 1.000000000000000056e-01
9.089999999999999858e+00 -1.260828707540733729e-01 2.129121694009450394e+00 1.000000000000000056e-01
9.099999999999999645e+00 -1.350982602383170583e-01 2.128857043410437022e+00 1.000000000000000056e-01
9.109999999999999432e+00 -1.441194927724953057e-01 2.128616273136073378e+00 1.000000000000000056e-01
9.120000000000000995e+00 -1.531454152592321427e-01 2.128399852236841916e+00 1.000000000000000056e-01
9.130000000000000782e+00 -1.621748628490552735e-01 2.128208238518348505e+00 1.000000000000000056e-01
9.140000000000000568e+00 -1.712066591014647920e-01 2.128041878202683534e+00 1.000000000000000056e-01
9.150000000000000355e+00 -1.802396161592032253e-01 2.127901205590702727e+00 1.000000000000000056e-01
9.160000000000000142e+00 -1.892725349322755268e-01 2.127786642732205191e+00 1.000000000000000056e-01
9.169999999999999929e+00 -1.983042052920366005e-01 2.127698599098636567e+00 1.000000000000000056e-01
9.179999999999999716e+00 -2.073334062775179787e-01 2.127637471264459013e+00 1.000000000000000056e-01
9.189999999999999503e+00 -2.163589063113184052e-01 2.127603642590959243e+00 1.000000000000000056e-01
9.200000000000001066e+00 -2.253794634277830888e-01 2.127597482919836747e+00 1.000000000000000056e-01
9.210000000000000853e+00 -2.343938255107249902e-01 2.127619348270322064e+00 1.000000000000000056e-01
9.220000000000000639e+00 -2.434007305440641922e-01 2.127669580545708872e+00 1.000000000000000056e-01
9.230000000000000426e+00 -2.523989068712392259e-01 2.127748507245843079e+00 1.000000000000000056e-01
9.240000000000000213e+00 -2.613870734685587172e-01 2.127856441187685466e+00 1.000000000000000056e-01
9.250000000000000000e+00 -2.703639402276240000e-01 2.127993680233890128e+00 1.000000000000000056e-01
9.259999999999999787e+00 -2.793282082501923336e-01 2.128160507029625226e+00 1.000000000000000056e-01
9.269999999999999574e+00 -2.882785701538423950e-01 2.128357188748677853e+00 1.000000000000000056e-01
9.279999999999999361e+00 -2.972137103896775323e-01 2.128583976847130188e+00 1.000000000000000056e-01
9.290000000000000924e+00 -3.061323055705100216e-01 2.128841106828649021e+00 1.000000000000000056e-01
9.300000000000000711e+00 -3.150330248107431896e-01 2.129128798016494351e+00 1.000000000000000056e-01
9.310000000000000497e+00 -3.239145300785328252e-01 2.129447253338501600e+00 1.000000000000000056e-01
9.320000000000000284e+00 -3.327754765565955064e-01 2.129796659120034352e+00 1.000000000000000056e-01
9.330000000000000071e+00 -3.416145130176915790e-01 2.130177184888728092e+00 1.000000000000000056e-01
9.339999999999999858e+00 -3.504302822079594648e-01 2.130588983189551477e+00 1.000000000000000056e-01
9.349999999999999645e+00 -3.592214212430104858e-01 2.131032189410840605e+00 1.000000000000000056e-01
9.359999999999999432e+00 -3.679865620143407123e-01 2.131506921622984940e+00 1.000000000000000056e-01
9.370000000000000995e+00 -3.767243316055131075e-01 2.132013280426258373e+00 1.000000000000000056e-01
9.380000000000000782e+00 -3.854333527198604559e-01 2.132551348813152003e+00 1.000000000000000056e-01
9.390000000000000568e+00 -3.941122441168998791e-01 2.133121192041731007e+00 1.000000000000000056e-01
9.400000000000000355e+00 -4.027596210594073800e-01 2.133722857520294447e+00 1.000000000000000056e-01
9.410000000000000142e+00 -4.113740957690050215e-01 2.134356374706863235e+00 1.000000000000000056e-01
9.419999999999999929e+00 -4.199542778914427399e-01 2.135021755019332890e+00 1.000000000000000056e-01
9.429999999999999716e+00 -4.284987749697360959e-01 2.135718991759783414e+00 1.000000000000000056e-01
9.439999999999999503e+00 -4.370061929263708844e-01 2.136448060051819642e+00 1.000000000000000056e-01
9.450000000000001066e+00 -4.454751365521270601e-01 2.137208916790303004e+00 1.000000000000000056e-01
9.460000000000000853e+00 -4.539042100029996307e-01 2.138001500605601013e+00 1.000000000000000056e-01
9.470000000000000639e+00 -4.622920173043769121e-01 2.138825731841241140e+00 1.000000000000000056e-01
9.480000000000000426e+00 -4.706371628600908852e-01 2.139681512544516551e+00 1.000000000000000056e-01
9.490000000000000213e+00 -4.789382519693531348e-01 2.140568726471215655e+00 1.000000000000000056e-01
9.500000000000000000e+00 -4.871938913475493127e-01 2.141487239105286822e+00 1.000000000000000056e-01
9.509999999999999787e+00 -4.954026896532686686e-01 2.142436897690320752e+00 1.000000000000000056e-01
9.519999999999999574e+00 -5.035632580196491848e-01 2.143417531276938792e+00 1.000000000000000056e-01
9.529999999999999361e+00 -5.116742105889827696e-01 2.144428950783219268e+00 1.000000000000000056e-01
9.540000000000000924e+00 -5.197341650523392698e-01 2.145470949069455902e+00 1.000000000000000056e-01
9.550000000000000711e+00 -5.277417431915039092e-01 2.146543301026864636e+00 1.000000000000000056e-01
9.560000000000000497e+00 -5.356955714232730648e-01 2.147645763680101183e+00 1.000000000000000056e-01
9.570000000000000284e+00 -5.435942813473055857e-01 2.148778076304320273e+00 1.000000000000000056e-01
9.580000000000000071e+00 -5.514365102934782881e-01 2.149939960555436791e+00 1.000000000000000056e-01
9.589999999999999858e+00 -5.592209018721516767e-01 2.151131120614752756e+00 1.000000000000000056e-01
9.599999999999999645e+00 -5.669461065241513387e-01 2.152351243347055743e+00 1.000000000000000056e-01
9.609999999999999432e+00 -5.746107820700293578e-01 2.153599998472395693e+00 1.000000000000000056e-01
9.620000000000000995e+00 -5.822135942602406633e-01 2.154877038751549012e+00 1.000000000000000056e-01
9.630000000000000782e+00 -5.897532173217698848e-01 2.156182000184586389e+00 1.000000000000000056e-01
9.640000000000000568e+00 -5.972283345053125414e-01 2.157514502222886321e+00 1.000000000000000056e-01
9.650000000000000355e+00 -6.046376386275498227e-01 2.158874147993807391e+00 1.000000000000000056e-01
9.660000000000000142e+00 -6.119798326119458842e-01 2.160260524538997196e+00 1.000000000000000056e-01
9.669999999999999929e+00 -6.192536300247843961e-01 2.161673203064339077e+00 1.000000000000000056e-01
9.679999999999999716e+00 -6.264577556073038789e-01 2.163111739202903561e+00 1.000000000000000056e-01
9.689999999999999503e+00 -6.335909458026505181e-01 2.164575673290281888e+00 1.000000000000000056e-01
9.700000000000001066e+00 -6.406519492767787094e-01 2.166064530651433895e+00 1.000000000000000056e-01
9.710000000000000853e+00 -6.476395274348019093e-01 2.167577821898893475e+00 1.000000000000000056e-01
9.720000000000000639e+00 -6.545524549281721560e-01 2.169115043243533769e+00 1.000000000000000056e-01
9.730000000000000426e+00 -6.613895201577186800e-01 2.170675676815084998e+00 1.000000000000000056e-01
9.740000000000000213e+00 -6.681495257662413145e-01 2.172259190994390465e+00 1.000000000000000056e-01
9.750000000000000000e+00 -6.748312891250306533e-01 2.173865040754915601e+00 1.000000000000000056e-01
9.759999999999999787e+00 -6.814336428108004329e-01 2.175492668016445030e+00 1.000000000000000056e-01
9.769999999999999574e+00 -6.879554350743234403e-01 2.177141502005263796e+00 1.000000000000000056e-01
9.779999999999999361e+00 -6.943955302989517353e-01 2.178810959627032862e+00 1.000000000000000056e-01
9.790000000000000924e+00 -7.007528094504219540e-01 2.180500445845621638e+00 1.000000000000000056e-01
9.800000000000000711e+00 -7.070261705153586540e-01 2.182209354072680352e+00 1.000000000000000056e-01
9.810000000000000497e+00 -7.132145289303911673e-01 2.183937066563208074e+00 1.000000000000000056e-01
9.820000000000000284e+00 -7.193168179995196310e-01 2.185682954820089119e+00 1.000000000000000056e-01
9.830000000000000071e+00 -7.253319893009921859e-01 2.187446380004785418e+00 1.000000000000000056e-01
9.839999999999999858e+00 -7.312590130815221912e-01 2.189226693355231568e+00 1.000000000000000056e-01
9.849999999999999645e+00 -7.370968786395781791e-01 2.191023236608393265e+00 1.000000000000000056e-01
9.859999999999999432e+00 -7.428445946960123836e-01 2.192835342430337064e+00 1.000000000000000056e-01
9.870000000000000995e+00 -7.485011897508273560e-01 2.194662334849270202e+00 1.000000000000000056e-01
9.880000000000000782e+00 -7.540657124287022395e-01 2.196503529693892620e+00 1.000000000000000056e-01
9.890000000000000568e+00 -7.595372318093621677e-01 2.198358235036079744e+00 1.000000000000000056e-01
9.900000000000000355e+00 -7.649148377446960412e-01 2.200225751635392246e+00 1.000000000000000056e-01
9.910000000000000142e+00 -7.701976411618570717e-01 2.202105373388015597e+00 1.000000000000000056e-01
9.919999999999999929e+00 -7.753847743512436441e-01 2.203996387777180210e+00 1.000000000000000056e-01
9.929999999999999716e+00 -7.804753912395832049e-01 2.205898076324058543e+00 1.000000000000000056e-01
9.939999999999999503e+00 -7.854686676483577656e-01 2.207809715043234533e+00 1.000000000000000056e-01
9.950000000000001066e+00 -7.903638015358028790e-01 2.209730574894574584e+00 1.000000000000000056e-01
9.960000000000000853e+00 -7.951600132240022045e-01 2.211659922238487397e+00 1.000000000000000056e-01
9.970000000000000639e+00 -7.998565456087536329e-01 2.213597019289113899e+00 1.000000000000000056e-01
9.980000000000000426e+00 -8.044526643550832246e-01 2.215541124567837805e+00 1.000000000000000056e-01
9.990000000000000213e+00 -8.089476580741509215e-01 2.217491493353946908e+00 1.000000000000000056e-01
1.000000000000000000e+01 -8.133408384857178097e-01 2.219447378135103399e+00 1.000000000000000056e-01
1.000999999999999979e+01 -8.176315405628744593e-01 2.221408029054902311e+00 1.000000000000000056e-01
1.001999999999999957e+01 -8.218191226605615629e-01 2.223372694356897217e+00 1.000000000000000056e-01
1.002999999999999936e+01 -8.259029666281703097e-01 2.225340620827158222e+00 1.000000000000000056e-01
1.004000000000000092e+01 -8.298824779045038680e-01 2.227311054232189669e+00 1.000000000000000056e-01
1.005000000000000071e+01 -8.337570855980708240e-01 2.229283239752988699e+00 1.000000000000000056e-01
1.006000000000000050e+01 -8.375262425492662199e-01 2.231256422414622520e+00 1.000000000000000056e-01
1.007000000000000028e+01 -8.411894253786557085e-01 2.233229847512410604e+00 1.000000000000000056e-01
1.008000000000000007e+01 -8.447461345177335046e-01 2.235202761030351315e+00 1.000000000000000056e-01
1.008999999999999986e+01 -8.481958942243948973e-01 2.237174410057303220e+00 1.000000000000000056e-01
1.009999999999999964e+01 -8.515382525844165107e-01 2.239144043194623457e+00 1.000000000000000056e-01
1.010999999999999943e+01 -8.547727814952782444e-01 2.241110910959107638e+00 1.000000000000000056e-01
1.012000000000000099e+01 -8.578990766370141463e-01 2.243074266179858611e+00 1.000000000000000056e-01
1.013000000000000078e+01 -8.609167574274716461e-01 2.245033364386592289e+00 1.000000000000000056e-01
1.014000000000000057e+01 -8.638254669629793492e-01 2.246987464193505257e+00 1.000000000000000056e-01
1.015000000000000036e+01 -8.666248719445140969e-01 2.248935827673766319e+00 1.000000000000000056e-01
1.016000000000000014e+01 -8.693146625901672087e-01 2.250877720727548770e+00 1.000000000000000056e-01
1.016999999999999993e+01 -8.718945525333660074e-01 2.252812413443136208e+00 1.000000000000000056e-01
1.017999999999999972e+01 -8.743642787066721045e-01 2.254739180447941305e+00 1.000000000000000056e-01
1.018999999999999950e+01 -8.767236012136917500e-01 2.256657301254513470e+00 1.000000000000000056e-01
1.020000000000000107e+01 -8.789723031854086432e-01 2.258566060595966540e+00 1.000000000000000056e-01
1.021000000000000085e+01 -8.811101906258382854e-01 2.260464748754493769e+00 1.000000000000000056e-01
1.022000000000000064e+01 -8.831370922425364478e-01 2.262352661881170679e+00 1.000000000000000056e-01
1.023000000000000043e+01 -8.850528592668956973e-01 2.264229102307326880e+00 1.000000000000000056e-01
1.024000000000000021e+01 -8.868573652602731450e-01 2.266093378847634288e+00 1.000000000000000056e-01
1.025000000000000000e+01 -8.885505059098710579e-01 2.267944807093932091e+00 1.000000000000000056e-01
1.025999999999999979e+01 -8.901321988121185802e-01 2.269782709701817947e+00 1.000000000000000056e-01
1.026999999999999957e+01 -8.916023832460505671e-01 2.271606416667188544e+00 1.000000000000000056e-01
1.027999999999999936e+01 -8.929610199350741517e-01 2.273415265594702639e+00 1.000000000000000056e-01
1.029000000000000092e+01 -8.942080907996911021e-01 2.275208601958830901e+00 1.000000000000000056e-01
1.030000000000000071e+01 -8.953435986994957574e-01 2.276985779352837191e+00 1.000000000000000056e-01
1.031000000000000050e+01 -8.963675671669016909e-01 2.278746159734262200e+00 1.000000000000000056e-01
1.032000000000000028e+01 -8.972800401313562046e-01 2.280489113657126143e+00 1.000000000000000056e-01
1.033000000000000007e+01 -8.980810816354951598e-01 2.282214020497409290e+00 1.000000000000000056e-01
1.033999999999999986e+01 -8.987707755430454082e-01 2.283920268672382292e+00 1.000000000000000056e-01
1.034999999999999964e+01 -8.993492252396121378e-01 2.285607255846741293e+00 1.000000000000000056e-01
1.035999999999999943e+01 -8.998165533248898562e-01 2.287274389134875463e+00 1.000000000000000056e-01
1.037000000000000099e+01 -9.001729012995871582e-01 2.288921085292920043e+00 1.000000000000000056e-01
1.038000000000000078e+01 -9.004184292438086601e-01 2.290546770902741169e+00 1.000000000000000056e-01
1.039000000000000057e+01 -9.005533154902672921e-01 2.292150882548821489e+00 1.000000000000000056e-01
1.040000000000000036e+01 -9.005777562903893863e-01 2.293732866987000740e+00 1.000000000000000056e-01
1.041000000000000014e+01 -9.004919654744479862e-01 2.295292181305154777e+00 1.000000000000000056e-01
1.041999999999999993e+01 -9.002961741068132850e-01 2.296828293077760819e+00 1.000000000000000056e-01
1.042999999999999972e+01 -8.999906301337400327e-01 2.298340680511532508e+00 1.000000000000000056e-01
1.043999999999999950e+01 -8.995755980279284136e-01 2.299828832585733007e+00 1.000000000000000056e-01
1.045000000000000107e+01 -8.990513584267321168e-01 2.301292249184869299e+00 1.000000000000000056e-01
1.046000000000000085e+01 -8.984182077662116184e-01 2.302730441223995062e+00 1.000000000000000056e-01
1.047000000000000064e+01 -8.976764579104093977e-01 2.304142930770134878e+00 1.000000000000000056e-01
1.048000000000000043e+01 -8.968264357774186069e-01 2.305529251154514903e+00 1.000000000000000056e-01
1.049000000000000021e+01 -8.958684829618880352e-01 2.306888947081460639e+00 1.000000000000000056e-01
1.050000000000000000e+01 -8.948029553532163005e-01 2.308221574730485059e+00 1.000000000000000056e-01
1.050999999999999979e+01 -8.936302227537183951e-01 2.309526701852866459e+00 1.000000000000000056e-01
1.051999999999999957e+01 -8.923506684923896426e-01 2.310803907863843154e+00 1.000000000000000056e-01
1.052999999999999936e+01 -8.909646890390622298e-01 2.312052783929556821e+00 1.000000000000000056e-01
1.054000000000000092e+01 -8.894726936166329478e-01 2.313272933049325797e+00 1.000000000000000056e-01
1.055000000000000071e+01 -8.878751038140508811e-01 2.314463970133262993e+00 1.000000000000000056e-01
1.056000000000000050e+01 -8.861723531982814706e-01 2.315625522076942389e+00 1.000000000000000056e-01
1.057000000000000028e+01 -8.843648869287726866e-01 2.316757227830097854e+00 1.000000000000000056e-01
1.058000000000000007e+01 -8.824531613718670231e-01 2.317858738464230850e+00 1.000000000000000056e-01
1.058999999999999986e+01 -8.804376437177785508e-01 2.318929717233983112e+00 1.000000000000000056e-01
1.059999999999999964e+01 -8.783188116000441026e-01 2.319969839637805897e+00 1.000000000000000056e-01
1.060999999999999943e+01 -8.760971527168017747e-01 2.320978793473550628e+00 1.000000000000000056e-01
1.062000000000000099e+01 -8.737731644568250688e-01 2.321956278892561176e+00 1.000000000000000056e-01
1.063000000000000078e+01 -8.713473535271987203e-01 2.322902008449875044e+00 1.000000000000000056e-01
1.064000000000000057e+01 -8.688202355859874215e-01 2.323815707153943144e+00 1.000000000000000056e-01
1.065000000000000036e+01 -8.661923348790402377e-01 2.324697112510375696e+00 1.000000000000000056e-01
1.066000000000000014e+01 -8.634641838800630742e-01 2.325545974567990282e+00 1.000000000000000056e-01
1.066999999999999993e+01 -8.606363229370501688e-01 2.326362055958949515e+00 1.000000000000000056e-01
1.067999999999999972e+01 -8.577092999217180713e-01 2.327145131938902267e+00 1.000000000000000056e-01
1.068999999999999950e+01 -8.546836698854081149e-01 2.327894990425103394e+00 1.000000000000000056e-01
1.070000000000000107e+01 -8.515599947198074782e-01 2.328611432032067441e+00 1.000000000000000056e-01
1.071000000000000085e+01 -8.483388428233884504e-01 2.329294270106620601e+00 1.000000000000000056e-01
1.072000000000000064e+01 -8.450207887728561351e-01 2.329943330760416487e+00 1.000000000000000056e-01
1.073000000000000043e+01 -8.416064130024200063e-01 2.330558452901882571e+00 1.000000000000000056e-01
1.074000000000000021e+01 -8.380963014875709716e-01 2.331139488265946191e+00 1.000000000000000056e-01
1.075000000000000000e+01 -8.344910454361281760e-01 2.331686301444146459e+00 1.000000000000000056e-01
1.075999999999999979e+01 -8.307912409867397319e-01 2.332198769910951430e+00 1.000000000000000056e-01
1.076999999999999957e+01 -8.269974889132459817e-01 2.332676784051650021e+00 1.000000000000000056e-01
1.077999999999999936e+01 -8.231103943375589482e-01 2.333120247187452811e+00 1.000000000000000056e-01
1.079000000000000092e+01 -8.191305664494010763e-01 2.333529075600674574e+00 1.000000000000000056e-01
1.080000000000000071e+01 -8.150586182341328367e-01 2.333903198558140435e+00 1.000000000000000056e-01
1.081000000000000050e+01 -8.108951662091105073e-01 2.334242558334199025e+00 1.000000000000000056e-01
1.082000000000000028e+01 -8.066408301670442427e-01 2.334547110233462952e+00 1.000000000000000056e-01
1.083000000000000007e+01 -8.022962329293489292e-01 2.334816822611535336e+00 1.000000000000000056e-01
1.083999999999999986e+01 -7.978620001069033352e-01 2.335051676895760320e+00 1.000000000000000056e-01
1.084999999999999964e+01 -7.933387598701233667e-01 2.335251667606033088e+00 1.000000000000000056e-01
1.085999999999999943e+01 -7.887271427269231250e-01 2.335416802372331180e+00 1.000000000000000056e-01
1.087000000000000099e+01 -7.840277813112056515e-01 2.335547101955250948e+00 1.000000000000000056e-01
1.088000000000000078e+01 -7.792413101776115569e-01 2.335642600261643942e+00 1.000000000000000056e-01
1.089000000000000057e+01 -7.743683656079621835e-01 2.335703344363464495e+00 1.000000000000000056e-01
1.090000000000000036e+01 -7.694095854242730681e-01 2.335729394511884216e+00 1.000000000000000056e-01
1.091000000000000014e+01 -7.643656088119772374e-01 2.335720824154256192e+00 1.000000000000000056e-01
1.091999999999999993e+01 -7.592370761513644872e-01 2.335677719946959385e+00 1.000000000000000056e-01
1.092999999999999972e+01 -7.540246288584387946e-01 2.335600181768660022e+00 1.000000000000000056e-01
1.093999999999999950e+01 -7.487289092342299668e-01 2.335488322732526267e+00 1.000000000000000056e-01
1.095000000000000107e+01 -7.433505603231249648e-01 2.335342269195622933e+00 1.000000000000000056e-01
1.096000000000000085e+01 -7.378902257806262410e-01 2.335162160769074902e+00 1.000000000000000056e-01
1.097000000000000064e+01 -7.323485497498106733e-01 2.334948150323612914e+00 1.000000000000000056e-01
1.098000000000000043e+01 -7.267261767468222722e-01 2.334700403996159856e+00 1.000000000000000056e-01
1.099000000000000021e+01 -7.210237515562180066e-01 2.334419101192287904e+00 1.000000000000000056e-01
1.100000000000000000e+01 -7.152419191349267402e-01 2.334104434587251031e+00 1.000000000000000056e-01
1.100999999999999979e+01 -7.093813245264123379e-01 2.333756610124808173e+00 1.000000000000000056e-01
1.101999999999999957e+01 -7.034426127833351972e-01 2.333375847012517657e+00 1.000000000000000056e-01
1.102999999999999936e+01 -6.974264289012622742e-01 2.332962377715293467e+00 1.000000000000000056e-01
1.104000000000000092e+01 -6.913334177601933028e-01 2.332516447944831928e+00 1.000000000000000056e-01
1.105000000000000071e+01 -6.851642240775976944e-01 2.332038316646495080e+00 1.000000000000000056e-01
1.106000000000000050e+01 -6.789194923695215378e-01 2.331528255982428632e+00 1.000000000000000056e-01
1.107000000000000028e+01 -6.725998669224938498e-01 2.330986551311404309e+00 1.000000000000000056e-01
1.108000000000000007e+01 -6.662059917744681536e-01 2.330413501163330903e+00 1.000000000000000056e-01
1.108999999999999986e+01 -6.597385107055898645e-01 2.329809417212636902e+00 1.000000000000000056e-01
1.109999999999999964e+01 -6.531980672383945752e-01 2.329174624243546265e+00 1.000000000000000056e-01
1.110999999999999943e+01 -6.465853046470819709e-01 2.328509460114319030e+00 1.000000000000000056e-01
1.112000000000000099e+01 -6.399008659780210939e-01 2.327814275714949144e+00 1.000000000000000056e-01
1.113000000000000078e+01 -6.331453940763938082e-01 2.327089434919948463e+00 1.000000000000000056e-01
1.114000000000000057e+01 -6.263195316259525525e-01 2.326335314537536281e+00 1.000000000000000056e-01
1.115000000000000036e+01 -6.194239211952625723e-01 2.325552304251225610e+00 1.000000000000000056e-01
1.116000000000000014e+01 -6.124592052948792942e-01 2.324740806558278639e+00 1.000000000000000056e-01
1.116999999999999993e+01 -6.054260264434685457e-01 2.323901236701189088e+00 1.000000000000000056e-01
1.117999999999999972e+01 -5.983250272432619754e-01 2.323034022592814107e+00 1.000000000000000056e-01
1.118999999999999950e+01 -5.911568504646871336e-01 2.322139604737106566e+00 1.000000000000000056e-01
1.120000000000000107e+01 -5.839221391413830231e-01 2.321218436141715191e+00 1.000000000000000056e-01
1.121000000000000085e+01 -5.766215366724797287e-01 2.320270982225595802e+00 1.000000000000000056e-01
1.122000000000000064e+01 -5.692556869366467431e-01 2.319297720718714206e+00 1.000000000000000056e-01
1.123000000000000043e+01 -5.618252344122964814e-01 2.318299141557103038e+00 1.000000000000000056e-01
1.124000000000000021e+01 -5.543308243093273413e-01 2.317275746767612166e+00 1.000000000000000056e-01
1.125000000000000000e+01 -5.467731027065872995e-01 2.316228050349978140e+00 1.000000000000000056e-01
1.125999999999999979e+01 -5.391527167001537446e-01 2.315156578148070299e+00 1.000000000000000056e-01
1.126999999999999957e+01 -5.314703145563921538e-01 2.314061867716605825e+00 1.000000000000000056e-01
1.127999999999999936e+01 -5.237265458749201796e-01 2.312944468179183310e+00 1.000000000000000056e-01
1.129000000000000092e+01 -5.159220617562475519e-01 2.311804940080274928e+00 1.000000000000000056e-01
1.130000000000000071e+01 -5.080575149765340637e-01 2.310643855228585508e+00 1.000000000000000056e-01
1.131000000000000050e+01 -5.001335601675823694e-01 2.309461796535199785e+00 1.000000000000000056e-01
1.132000000000000028e+01 -4.921508540021378719e-01 2.308259357841874859e+00 1.000000000000000056e-01
1.133000000000000007e+01 -4.841100553833740938e-01 2.307037143744006258e+00 1.000000000000000056e-01
1.133999999999999986e+01 -4.760118256391429603e-01 2.305795769405599049e+00 1.000000000000000056e-01
1.134999999999999964e+01 -4.678568287189677211e-01 2.304535860365157340e+00 1.000000000000000056e-01
1.135999999999999943e+01 -4.596457313956448520e-01 2.303258052336627948e+00 1.000000000000000056e-01
1.137000000000000099e+01 -4.513792034688109966e-01 2.301962990999537606e+00 1.000000000000000056e-01
1.138000000000000078e+01 -4.430579179725150918e-01 2.300651331782924913e+00 1.000000000000000056e-01
1.139000000000000057e+01 -4.346825513846472311e-01 2.299323739640520614e+00 1.000000000000000056e-01
1.140000000000000036e+01 -4.262537838398381407e-01 2.297980888816567369e+00 1.000000000000000056e-01
1.141000000000000014e+01 -4.177722993447942068e-01 2.296623462604100663e+00 1.000000000000000056e-01
1.141999999999999993e+01 -4.092387859962530738e-01 2.295252153094035297e+00 1.000000000000000056e-01
1.142999999999999972e+01 -4.006539362017592643e-01 2.293867660914327811e+00 1.000000000000000056e-01
1.143999999999999950e+01 -3.920184469028311636e-01 2.292470694961970423e+00 1.000000000000000056e-01
1.145000000000000107e+01 -3.833330198009871626e-01 2.291061972124314838e+00 1.000000000000000056e-01
1.146000000000000085e+01 -3.745983615859005411e-01 2.289642216993432733e+00 1.000000000000000056e-01
1.147000000000000064e+01 -3.658151841655843950e-01 2.288212161570282177e+00 1.000000000000000056e-01
1.148000000000000043e+01 -3.569842048991512806e-01 2.286772544962583975e+00 1.000000000000000056e-01
1.149000000000000021e+01 -3.481061468296580141e-01 2.285324113074034269e+00 1.000000000000000056e-01
1.150000000000000000e+01 -3.391817389199863197e-01 2.283867618287313661e+00 1.000000000000000056e-01
1.150999999999999979e+01 -3.302117162868714040e-01 2.282403819139124490e+00 1.000000000000000056e-01
1.151999999999999957e+01 -3.211968204373496505e-01 2.280933479991458235e+00 1.000000000000000056e-01
1.152999999999999936e+01 -3.121377995021289431e-01 2.279457370694190299e+00 1.000000000000000056e-01
1.154000000000000092e+01 -3.030354084702212014e-01 2.277976266244617243e+00 1.000000000000000056e-01
1.155000000000000071e+01 -2.938904094196384542e-01 2.276490946440226981e+00 1.000000000000000056e-01
1.156000000000000050e+01 -2.847035717475502881e-01 2.275002195526383275e+00 1.000000000000000056e-01
1.157000000000000028e+01 -2.754756723963489029e-01 2.273510801838609652e+00 1.000000000000000056e-01
1.158000000000000007e+01 -2.662074960780395627e-01 2.272017557439787172e+00 1.000000000000000056e-01
1.158999999999999986e+01 -2.568998354930325245e-01 2.270523257750338253e+00 1.000000000000000056e-01
1.159999999999999964e+01 -2.475534915476343689e-01 2.269028701174522489e+00 1.000000000000000056e-01
1.160999999999999943e+01 -2.381692735650291770e-01 2.267534688718658042e+00 1.000000000000000056e-01
1.162000000000000099e+01 -2.287479994935299188e-01 2.266042023604950995e+00 1.000000000000000056e-01
1.163000000000000078e+01 -2.192904961096981131e-01 2.264551510877935936e+00 1.000000000000000056e-01
1.164000000000000057e+01 -2.097975992171073056e-01 2.263063957006376636e+00 1.000000000000000056e-01
1.165000000000000036e+01 -2.002701538403536818e-01 2.261580169476768987e+00 1.000000000000000056e-01
1.166000000000000014e+01 -1.907090144148054778e-01 2.260100956384265114e+00 1.000000000000000056e-01
1.166999999999999993e+01 -1.811150449717238153e-01 2.258627126015125608e+00 1.000000000000000056e-01
1.167999999999999972e+01 -1.714891193191505347e-01 2.257159486425038164e+00 1.000000000000000056e-01
1.168999999999999950e+01 -1.618321212185263314e-01 2.255698845012632514e+00 1.000000000000000056e-01
1.170000000000000107e+01 -1.521449445576831538e-01 2.254246008087219089e+00 1.000000000000000056e-01
1.171000000000000085e+01 -1.424284935191196255e-01 2.252801780432573509e+00 1.000000000000000056e-01
1.172000000000000064e+01 -1.326836827459579871e-01 2.251366964866384102e+00 1.000000000000000056e-01
1.173000000000000043e+01 -1.229114375021106986e-01 2.249942361795717272e+00 1.000000000000000056e-01
1.174000000000000021e+01 -1.131126938303016194e-01 2.248528768768615294e+00 1.000000000000000056e-01
1.175000000000000000e+01 -1.032883987045817714e-01 2.247126980023436360e+00 1.000000000000000056e-01
1.175999999999999979e+01 -9.343951017870613662e-02 2.245737786034003758e+00 1.000000000000000056e-01
1.176999999999999957e+01 -8.356699752857801866e-02 2.244361973053536019e+00 1.000000000000000056e-01
1.177999999999999936e+01 -7.367184138907213742e-02 2.243000322656215406e+00 1.000000000000000056e-01
1.179000000000000092e+01 -6.375503388311241915e-02 2.241653611276937852e+00 1.000000000000000056e-01
1.180000000000000071e+01 -5.381757874267773661e-02 2.240322609750327487e+00 1.000000000000000056e-01
1.181000000000000050e+01 -4.386049142002525908e-02 2.239008082849347936e+00 1.000000000000000056e-01
1.182000000000000028e+01 -3.388479918872942115e-02 2.237710788822768748e+00 1.000000000000000056e-01
1.183000000000000007e+01 -2.389154123196547685e-02 2.236431478935250183e+00 1.000000000000000056e-01
1.183999999999999986e+01 -1.388176871859956793e-02 2.235170897004850943e+00 1.000000000000000056e-01
1.184999999999999964e+01 -3.856544864114161246e-03 2.233929778945300537e+00 1.000000000000000056e-01
1.185999999999999943e+01 6.183055022077260827e-03 2.232708852307187186e+00 1.000000000000000056e-01
1.187000000000000099e+01 1.623594350602987693e-02 2.231508835823202475e+00 1.000000000000000056e-01
1.188000000000000078e+01 2.630102101379494517e-02 2.230330438954257311e+00 1.000000000000000056e-01
1.189000000000000057e+01 3.637717583204915645e-02 2.229174361438928997e+00 1.000000000000000056e-01
1.190000000000000036e+01 4.646328412489865445e-02 2.228041292846718591e+00 1.000000000000000056e-01
1.191000000000000014e+01 5.655820996570475739e-02 2.226931912133123692e+00 1.000000000000000056e-01
1.191999999999999993e+01 6.666080538426533142e-02 2.225846887199200541e+00 1.000000000000000056e-01
1.192999999999999972e+01 7.676991042762691675e-02 2.224786874455096264e+00 1.000000000000000056e-01
1.193999999999999950e+01 8.688435323540347199e-02 2.223752518386946875e+00 1.000000000000000056e-01
1.195000000000000107e+01 9.700295012619881974e-02 2.222744451128638499e+00 1.000000000000000056e-01
1.196000000000000085e+01 1.071245056976405791e-01 2.221763292037718163e+00 1.000000000000000056e-01
1.197000000000000064e+01 1.172478129358961452e-01 2.220809647276893450e+00 1.000000000000000056e-01
1.198000000000000043e+01 1.273716533371637427e-01 2.219884109399457905e+00 1.000000000000000056e-01
1.199000000000000021e+01 1.374947970383776918e-01 2.218987256941464814e+00 1.000000000000000056e-01
1.200000000000000000e+01 1.476160029579849375e-01 2.218119654018575027e+00 1.000000000000000056e-01
1.200999999999999979e+01 1.577340189477020871e-01 2.217281849930205606e+00 1.000000000000000056e-01
1.201999999999999957e+01 1.678475819522073642e-01 2.216474378769619946e+00 1.000000000000000056e-01
1.203000000000000114e+01 1.779554181818019665e-01 2.215697759040500259e+00 1.000000000000000056e-01
1.204000000000000092e+01 1.880562432942665396e-01 2.214952493283195434e+00 1.000000000000000056e-01
1.205000000000000071e+01 1.981487625887212445e-01 2.214239067706431197e+00 1.000000000000000056e-01
1.206000000000000050e+01 2.082316712125987512e-01 2.213557951829612236e+00 1.000000000000000056e-01
1.207000000000000028e+01 2.183036543810950025e-01 2.212909598133061095e+00 1.000000000000000056e-01
1.208000000000000007e+01 2.283633876103240423e-01 2.212294441719186988e+00 1.000000000000000056e-01
1.208999999999999986e+01 2.384095369664371300e-01 2.211712899982426261e+00 1.000000000000000056e-01
1.209999999999999964e+01 2.484407593286259985e-01 2.211165372290959663e+00 1.000000000000000056e-01
1.210999999999999943e+01 2.584557026695810666e-01 2.210652239680406694e+00 1.000000000000000056e-01
1.212000000000000099e+01 2.684530063514389830e-01 2.210173864557408052e+00 1.000000000000000056e-01
1.213000000000000078e+01 2.784313014387521656e-01 2.209730590417032570e+00 1.000000000000000056e-01
1.214000000000000057e+01 2.883892110289078548e-01 2.209322741573179982e+00 1.000000000000000056e-01
1.215000000000000036e+01 2.983253505981738885e-01 2.208950622899904292e+00 1.000000000000000056e-01
1.216000000000000014e+01 3.082383283656783823e-01 2.208614519589236380e+00 1.000000000000000056e-01
1.216999999999999993e+01 3.181267456718738784e-01 2.208314696919858822e+00 1.000000000000000056e-01
1.217999999999999972e+01 3.279891973741407285e-01 2.208051400041343371e+00 1.000000000000000056e-01
1.218999999999999950e+01 3.378242722551010879e-01 2.207824853772459406e+00 1.000000000000000056e-01
1.220000000000000107e+01 3.476305534463574043e-01 2.207635262412593224e+00 1.000000000000000056e-01
1.221000000000000085e+01 3.574066188631767060e-01 2.207482809569572879e+00 1.000000000000000056e-01
1.222000000000000064e+01 3.671510416520420428e-01 2.207367658000101152e+00 1.000000000000000056e-01
1.223000000000000043e+01 3.768623906473402285e-01 2.207289949466016754e+00 1.000000000000000056e-01
1.224000000000000021e+01 3.865392308374927532e-01 2.207249804605634580e+00 1.000000000000000056e-01
1.225000000000000000e+01 3.961801238399048630e-01 2.207247322818871815e+00 1.000000000000000056e-01
1.225999999999999979e+01 4.057836283812032985e-01 2.207282582168535345e+00 1.000000000000000056e-01
1.226999999999999957e+01 4.153483007855752751e-01 2.207355639296510574e+00 1.000000000000000056e-01
1.228000000000000114e+01 4.248726954670936640e-01 2.207466529355015084e+00 1.000000000000000056e-01
1.229000000000000092e+01 4.343553654278415888e-01 2.207615265954272488e+00 1.000000000000000056e-01
1.230000000000000071e+01 4.437948627609532015e-01 2.207801841124681363e+00 1.000000000000000056e-01
1.231000000000000050e+01 4.531897391571650946e-01 2.208026225296999989e+00 1.000000000000000056e-01
1.232000000000000028e+01 4.625385464185139406e-01 2.208288367296305843e+00 1.000000000000000056e-01
1.233000000000000007e+01 4.718398369744000731e-01 2.208588194355106893e+00 1.000000000000000056e-01
1.233999999999999986e+01 4.810921644059034663e-01 2.208925612140704597e+00 1.000000000000000056e-01
1.234999999999999964e+01 4.902940839747095825e-01 2.209300504801555931e+00 1.000000000000000056e-01
1.235999999999999943e+01 4.994441531596013339e-01 2.209712735029527586e+00 1.000000000000000056e-01
1.237000000000000099e+01 5.085409321996963161e-01 2.210162144139311557e+00 1.000000000000000056e-01
1.238000000000000078e+01 5.175829846460165973e-01 2.210648552167200798e+00 1.000000000000000056e-01
1.239000000000000057e+01 5.265688779206223469e-01 2.211171757983415365e+00 1.000000000000000056e-01
1.240000000000000036e+01 5.354971838839478471e-01 2.211731539426896820e+00 1.000000000000000056e-01
1.241000000000000014e+01 5.443664794096347848e-01 2.212327653452653031e+00 1.000000000000000056e-01
1.241999999999999993e+01 5.531753469675575463e-01 2.212959836299959182e+00 1.000000000000000056e-01
1.242999999999999972e+01 5.619223752121685900e-01 2.213627803675616068e+00 1.000000000000000056e-01
1.243999999999999950e+01 5.706061595774349904e-01 2.214331250954909347e+00 1.000000000000000056e-01
1.245000000000000107e+01 5.792253028754852373e-01 2.215069853398625721e+00 1.000000000000000056e-01
1.246000000000000085e+01 5.877784158978103246e-01 2.215843266387355293e+00 1.000000000000000056e-01
1.247000000000000064e+01 5.962641180181730283e-01 2.216651125669970135e+00 1.000000000000000056e-01
1.248000000000000043e+01 6.046810377942346548e-01 2.217493047629380598e+00 1.000000000000000056e-01
1.249000000000000021e+01 6.130278135667542871e-01 2.218368629561888294e+00 1.000000000000000056e-01
1.250000000000000000e+01 6.213030940549596481e-01 2.219277449972893557e+00 1.000000000000000056e-01
1.250999999999999979e+01 6.295055389461224893e-01 2.220219068884614178e+00 1.000000000000000056e-01
1.251999999999999957e+01 6.376338194769891610e-01 2.221193028160079130e+00 1.000000000000000056e-01
1.253000000000000114e+01 6.456866190079951773e-01 2.222198851838497635e+00 1.000000000000000056e-01
1.254000000000000092e+01 6.536626335866927429e-01 2.223236046485474571e+00 1.000000000000000056e-01
1.255000000000000071e+01 6.615605725017993377e-01 2.224304101554085644e+00 1.000000000000000056e-01
1.256000000000000050e+01 6.693791588252269165e-01 2.225402489760271330e+00 1.000000000000000056e-01
1.257000000000000028e+01 6.771171299442796387e-01 2.226530667467469637e+00 1.000000000000000056e-01
1.258000000000000007e+01 6.847732380809404829e-01 2.227688075085848318e+00 1.000000000000000056e-01
1.258999999999999986e+01 6.923462508011971606e-01 2.228874137480317152e+00 1.000000000000000056e-01
1.259999999999999964e+01 6.998349515125731335e-01 2.230088264389853858e+00 1.000000000000000056e-01
1.260999999999999943e+01 7.072381399505338617e-01 2.231329850857610264e+00 1.000000000000000056e-01
1.262000000000000099e+01 7.145546326548818383e-01 2.232598277670784892e+00 1.000000000000000056e-01
1.263000000000000078e+01 7.217832634353689159e-01 2.233892911808650794e+00 1.000000000000000056e-01
1.264000000000000057e+01 7.289228838266872401e-01 2.235213106901258850e+00 1.000000000000000056e-01
1.265000000000000036e+01 7.359723635340339465e-01 2.236558203694988478e+00 1.000000000000000056e-01
1.266000000000000014e+01 7.429305908676351322e-01 2.237927530526506281e+00 1.000000000000000056e-01
1.266999999999999993e+01 7.497964731674164884e-01 2.239320403803881199e+00 1.000000000000000056e-01
1.267999999999999972e+01 7.565689372164873250e-01 2.240736128493108215e+00 1.000000000000000056e-01
1.268999999999999950e+01 7.632469296434727379e-01 2.242173998612958297e+00 1.000000000000000056e-01
1.270000000000000107e+01 7.698294173138561236e-01 2.243633297731886689e+00 1.000000000000000056e-01
1.271000000000000085e+01 7.763153877075650300e-01 2.245113299471685142e+00 1.000000000000000056e-01
1.272000000000000064e+01 7.827038492849573981e-01 2.246613268014421294e+00 1.000000000000000056e-01
1.273000000000000043e+01 7.889938318384055460e-01 2.248132458611929785e+00 1.000000000000000056e-01
1.274000000000000021e+01 7.951843868293297923e-01 2.249670118098787253e+00 1.000000000000000056e-01
1.275000000000000000e+01 8.012745877109284098e-01 2.251225485405936588e+00 1.000000000000000056e-01
1.275999999999999979e+01 8.072635302344149943e-01 2.252797792076862038e+00 1.000000000000000056e-01
1.276999999999999957e+01 8.131503327400835257e-01 2.254386262782922756e+00 1.000000000000000056e-01
1.278000000000000114e+01 8.189341364306871318e-01 2.255990115840016852e+00 1.000000000000000056e-01
1.279000000000000092e+01 8.246141056292686233e-01 2.257608563723033868e+00 1.000000000000000056e-01
1.280000000000000071e+01 8.301894280190103004e-01 2.259240813581255392e+00 1.000000000000000056e-01
1.281000000000000050e+01 8.356593148663462589e-01 2.260886067749185546e+00 1.000000000000000056e-01
1.282000000000000028e+01 8.410230012263593125e-01 2.262543524258269656e+00 1.000000000000000056e-01
1.283000000000000007e+01 8.462797461329123472e-01 2.264212377343395310e+00 1.000000000000000056e-01
1.283999999999999986e+01 8.514288327684137458e-01 2.265891817946781295e+00 1.000000000000000056e-01
1.284999999999999964e+01 8.564695686205529013e-01 2.267581034219398273e+00 1.000000000000000056e-01
1.285999999999999943e+01 8.614012856194532830e-01 2.269279212016154013e+00 1.000000000000000056e-01
1.287000000000000099e+01 8.662233402599227583e-01 2.270985535387973098e+00 1.000000000000000056e-01
1.288000000000000078e+01 8.709351137064446080e-01 2.272699187067942717e+00 1.000000000000000056e-01
1.289000000000000057e+01 8.755360118821494675e-01 2.274419348952110287e+00 1.000000000000000056e-01
1.290000000000000036e+01 8.800254655423188632e-01 2.276145202574852089e+00 1.000000000000000056e-01
1.291000000000000014e+01 8.844029303296774280e-01 2.277875929576393066e+00 1.000000000000000056e-01
1.291999999999999993e+01 8.886678868159995082e-01 2.279610712165093478e+00 1.000000000000000056e-01
1.292999999999999972e+01 8.928198405246250413e-01 2.281348733571756160e+00 1.000000000000000056e-01
1.293999999999999950e+01 8.968583219395951378e-01 2.283089178495385951e+00 1.000000000000000056e-01
1.295000000000000107e+01 9.007828864943402403e-01 2.284831233543267004e+00 1.000000000000000056e-01
1.296000000000000085e+01 9.045931145476863167e-01 2.286574087659826837e+00 1.000000000000000056e-01
1.297000000000000064e+01 9.082886113395043370e-01 2.288316932549043781e+00 1.000000000000000056e-01
1.298000000000000043e+01 9.118690069317946234e-01 2.290058963086061716e+00 1.000000000000000056e-01
1.299000000000000021e+01 9.153339561308173611e-01 2.291799377721349007e+00 1.000000000000000056e-01
1.300000000000000000e+01 9.186831383944702445e-01 2.293537378873200971e+00 1.000000000000000056e-01
1.300999999999999979e+01 9.219162577202302256e-01 2.295272173311842412e+00 1.000000000000000056e-01
1.301999999999999957e+01 9.250330425186681360e-01 2.297002972533581655e+00 1.000000000000000056e-01
1.303000000000000114e+01 9.280332454696970101e-01 2.298728993123622999e+00 1.000000000000000056e-01
1.304000000000000092e+01 9.309166433629765258e-01 2.300449457110046225e+00 1.000000000000000056e-01
1.305000000000000071e+01 9.336830369234359051e-01 2.302163592307225226e+00 1.000000000000000056e-01
1.306000000000000050e+01 9.363322506228681785e-01 2.303870632647156746e+00 1.000000000000000056e-01
1.307000000000000028e+01 9.388641324756202833e-01 2.305569818504525692e+00 1.000000000000000056e-01
1.308000000000000007e+01 9.412785538246970507e-01 2.307260397006221098e+00 1.000000000000000056e-01
1.308999999999999986e+01 9.435754091122687814e-01 2.308941622335231258e+00 1.000000000000000056e-01
1.309999999999999964e+01 9.457546156418407124e-01 2.310612756021987568e+00 1.000000000000000056e-01
1.310999999999999943e+01 9.478161133285059048e-01 2.312273067225560919e+00 1.000000000000000056e-01
1.312000000000000099e+01 9.497598644399636303e-01 2.313921833006713502e+00 1.000000000000000056e-01
1.313000000000000078e+01 9.515858533291965404e-01 2.315558338588559195e+00 1.000000000000000056e-01
1.314000000000000057e+01 9.532940861589006554e-01 2.317181877609521656e+00 1.000000000000000056e-01
1.315000000000000036e+01 9.548845906179271870e-01 2.318791752365603642e+00 1.000000000000000056e-01
1.316000000000000014e+01 9.563574156309611052e-01 2.320387274042854830e+00 1.000000000000000056e-01
1.316999999999999993e+01 9.577126310620788230e-01 2.321967762941301139e+00 1.000000000000000056e-01
1.317999999999999972e+01 9.589503274100484864e-01 2.323532548688203914e+00 1.000000000000000056e-01
1.318999999999999950e+01 9.600706154989534502e-01 2.325080970442867212e+00 1.000000000000000056e-01
1.320000000000000107e+01 9.610736261613832543e-01 2.326612377092013073e+00 1.000000000000000056e-01
1.321000000000000085e+01 9.619595099151954098e-01 2.328126127435165671e+00 1.000000000000000056e-01
1.322000000000000064e+01 9.627284366342330202e-01 2.329621590362698225e+00 1.000000000000000056e-01
1.323000000000000043e+01 9.633805952118087434e-01 2.331098145022706625e+00 1.000000000000000056e-01
1.324000000000000021e+01 9.639161932183480941e-01 2.332555180981235043e+00 1.000000000000000056e-01
1.325000000000000000e+01 9.643354565507347154e-01 2.333992098372241308e+00 1.000000000000000056e-01
1.325999999999999979e+01 9.646386290776801653e-01 2.335408308039753411e+00 1.000000000000000056e-01
1.326999999999999957e+01 9.648259722749517042e-01 2.336803231672282877e+00 1.000000000000000056e-01
1.328000000000000114e+01 9.648977648583677569e-01 2.338176301928053480e+00 1.000000000000000056e-01
1.329000000000000092e+01 9.648543024068636509e-01 2.339526962553626355e+00 1.000000000000000056e-01
1.330000000000000071e+01 9.646958969829384500e-01 2.340854668494353419e+00 1.000000000000000056e-01
1.331000000000000050e+01 9.644228767462474927e-01 2.342158885998019802e+00 1.000000000000000056e-01
1.332000000000000028e+01 9.640355855635140969e-01 2.343439092711715244e+00 1.000000000000000056e-01
1.333000000000000007e+01 9.635343826140850831e-01 2.344694777772056593e+00 1.000000000000000056e-01
1.333999999999999986e+01 9.629196419926645545e-01 2.345925441889726848e+00 1.000000000000000056e-01
1.334999999999999964e+01 9.621917523093302949e-01 2.347130597427229404e+00 1.000000000000000056e-01
1.335999999999999943e+01 9.613511162880227223e-01 2.348309768473392456e+00 1.000000000000000056e-01
1.337000000000000099e+01 9.603981503641403350e-01 2.349462490910186663e+00 1.000000000000000056e-01
1.338000000000000078e+01 9.593332842812508643e-01 2.350588312477364994e+00 1.000000000000000056e-01
1.339000000000000057e+01 9.581569606895119495e-01 2.351686792831320982e+00 1.000000000000000056e-01
1.340000000000000036e+01 9.568696347435553529e-01 2.352757503600737099e+00 1.000000000000000056e-01
1.341000000000000014e+01 9.554717737035044456e-01 2.353800028438346903e+00 1.000000000000000056e-01
1.341999999999999993e+01 9.539638565366523881e-01 2.354813963069693372e+00 1.000000000000000056e-01
1.342999999999999972e+01 9.523463735228802074e-01 2.355798915338573885e+00 1.000000000000000056e-01
1.343999999999999950e+01 9.506198258620374153e-01 2.356754505250158616e+00 1.000000000000000056e-01
1.345000000000000107e+01 9.487847252844361368e-01 2.357680365011631363e+00 1.000000000000000056e-01
1.346000000000000085e+01 9.468415936650456111e-01 2.358576139069763045e+00 1.000000000000000056e-01
1.347000000000000064e+01 9.447909626402791750e-01 2.359441484148345314e+00 1.000000000000000056e-01
1.348000000000000043e+01 9.426333732289247092e-01 2.360276069281366240e+00 1.000000000000000056e-01
1.349000000000000021e+01 9.403693754551671891e-01 2.361079575846975587e+00 1.000000000000000056e-01
1.350000000000000000e+01 9.379995279766449867e-01 2.361851697598298383e+00 1.000000000000000056e-01
1.350999999999999979e+01 9.355243977136750155e-01 2.362592140692858500e+00 1.000000000000000056e-01
1.351999999999999957e+01 9.329445594839178568e-01 2.363300623723095573e+00 1.000000000000000056e-01
1.353000000000000114e+01 9.302605956382579144e-01 2.363976877742355320e+00 1.000000000000000056e-01
1.354000000000000092e+01 9.274730957009569288e-01 2.364620646292400430e+00 1.000000000000000056e-01
1.355000000000000071e+01 9.245826560134973171e-01 2.365231685429972419e+00 1.000000000000000056e-01
1.356000000000000050e+01 9.215898793803131150e-01 2.365809763750675643e+00 1.000000000000000056e-01
1.357000000000000028e+01 9.184953747198983942e-01 2.366354662415207422e+00 1.000000000000000056e-01
1.358000000000000007e+01 9.152997567184432137e-01 2.366866175171909781e+00 1.000000000000000056e-01
1.358999999999999986e+01 9.120036454881557120e-01 2.367344108381686851e+00 1.000000000000000056e-01
1.359999999999999964e+01 9.086076662305799800e-01 2.367788281040590803e+00 1.000000000000000056e-01
1.360999999999999943e+01 9.051124489038190335e-01 2.368198524803597493e+00 1.000000000000000056e-01
1.362000000000000099e+01 9.015186278961206945e-01 2.368574684007477504e+00 1.000000000000000056e-01
1.363000000000000078e+01 8.978268417053990591e-01 2.368916615693598793e+00 1.000000000000000056e-01
1.364000000000000057e+01 8.940377326242477940e-01 2.369224189631868427e+00 1.000000000000000056e-01
1.365000000000000036e+01 8.901519464334395337e-01 2.369497288343448638e+00 1.000000000000000056e-01
1.366000000000000014e+01 8.861701321012191990e-01 2.369735807124695004e+00 1.000000000000000056e-01
1.366999999999999993e+01 8.820929414917674238e-01 2.369939654071305135e+00 1.000000000000000056e-01
1.367999999999999972e+01 8.779210290815415707e-01 2.370108750102112083e+00 1.000000000000000056e-01
1.368999999999999950e+01 8.736550516837319202e-01 2.370243028984326816e+00 1.000000000000000056e-01
1.370000000000000107e+01 8.692956681820993570e-01 2.370342437358047061e+00 1.000000000000000056e-01
1.371000000000000085e+01 8.648435392747494399e-01 2.370406934762253837e+00 1.000000000000000056e-01
1.372000000000000064e+01 8.602993272250414325e-01 2.370436493659910937e+00 1.000000000000000056e-01
1.373000000000000043e+01 8.556636956241671088e-01 2.370431099464188840e+00 1.000000000000000056e-01
1.374000000000000021e+01 8.509373091623302354e-01 2.370390750565124716e+00 1.000000000000000056e-01
1.375000000000000000e+01 8.461208334085003058e-01 2.370315458354737448e+00 1.000000000000000056e-01
1.375999999999999979e+01 8.412149346020567631e-01 2.370205247254309811e+00 1.000000000000000056e-01
1.376999999999999957e+01 8.362202794512604287e-01 2.370060154739793923e+00 1.000000000000000056e-01
1.378000000000000114e+01 8.311375349437789550e-01 2.369880231367465395e+00 1.000000000000000056e-01
1.379000000000000092e+01 8.259673681650200328e-01 2.369665540800157455e+00 1.000000000000000056e-01
1.380000000000000071e+01 8.207104461275247509e-01 2.369416159830164403e+00 1.000000000000000056e-01
1.381000000000000050e+01 8.153674356090719888e-01 2.369132178405336298e+00 1.000000000000000056e-01
1.382000000000000028e+01 8.099390030019133491e-01 2.368813699650405891e+00 1.000000000000000056e-01
1.383000000000000007e+01 8.044258141701261522e-01 2.368460839890001335e+00 1.000000000000000056e-01
1.383999999999999986e+01 7.988285343198583410e-01 2.368073728669263911e+00 1.000000000000000056e-01
1.384999999999999964e+01 7.931478278764849676e-01 2.367652508773080200e+00 1.000000000000000056e-01
1.385999999999999943e+01 7.873843583756118258e-01 2.367197336244502903e+00 1.000000000000000056e-01
1.387000000000000099e+01 7.815387883609904440e-01 2.366708380401153722e+00 1.000000000000000056e-01
1.388000000000000078e+01 7.756117792960528501e-01 2.366185823849614067e+00 1.000000000000000056e-01
1.389000000000000057e+01 7.696039914831180884e-01 2.365629862498378255e+00 1.000000000000000056e-01
1.390000000000000036e+01 7.635160839955054124e-01 2.365040705568539625e+00 1.000000000000000056e-01
1.391000000000000014e+01 7.573487146166946182e-01 2.364418575602097672e+00 1.000000000000000056e-01
1.391999999999999993e+01 7.511025397936753611e-01 2.363763708468373803e+00 1.000000000000000056e-01
1.392999999999999972e+01 7.447782145957769773e-01 2.363076353366495574e+00 1.000000000000000056e-01
1.393999999999999950e+01 7.383763926867953353e-01 2.362356772827665541e+00 1.000000000000000056e-01
1.395000000000000107e+01 7.318977263044372794e-01 2.361605242710707930e+00 1.000000000000000056e-01
1.396000000000000085e+01 7.253428662503772495e-01 2.360822052198247256e+00 1.000000000000000056e-01
1.397000000000000064e+01 7.187124618887005267e-01 2.360007503786578198e+00 1.000000000000000056e-01
1.398000000000000043e+01 7.120071611542173606e-01 2.359161913272591171e+00 1.000000000000000056e-01
1.399000000000000021e+01 7.052276105697352637e-01 2.358285609737885480e+00 1.000000000000000056e-01
1.400000000000000000e+01 6.983744552721526944e-01 2.357378935526307284e+00 1.000000000000000056e-01
1.400999999999999979e+01 6.914483390482176750e-01 2.356442246219073056e+00 1.000000000000000056e-01
1.401999999999999957e+01 6.844499043801365312e-01 2.355475910603893830e+00 1.000000000000000056e-01
1.403000000000000114e+01 6.773797924990700992e-01 2.354480310639276208e+00 1.000000000000000056e-01
1.404000000000000092e+01 6.702386434504641333e-01 2.353455841413553795e+00 1.000000000000000056e-01
1.405000000000000071e+01 6.630270961669771923e-01 2.352402911098495863e+00 1.000000000000000056e-01
1.406000000000000050e+01 6.557457885530582065e-01 2.351321940897022067e+00 1.000000000000000056e-01
1.407000000000000028e+01 6.483953575774733524e-01 2.350213364984672815e+00 1.000000000000000056e-01
1.408000000000000007e+01 6.409764393770869262e-01 2.349077630445784770e+00 1.000000000000000056e-01
1.408999999999999986e+01 6.334896693686178359e-01 2.347915197202281590e+00 1.000000000000000056e-01
1.409999999999999964e+01 6.259356823708868145e-01 2.346726537936853152e+00 1.000000000000000056e-01
1.410999999999999943e+01 6.183151127349357790e-01 2.345512138009492098e+00 1.000000000000000056e-01
1.412000000000000099e+01 6.106285944823912626e-01 2.344272495366737097e+00 1.000000000000000056e-01
1.413000000000000078e+01 6.028767614531084229e-01 2.343008120444740605e+00 1.000000000000000056e-01
1.414000000000000057e+01 5.950602474578156054e-01 2.341719536065688612e+00 1.000000000000000056e-01
1.415000000000000036e+01 5.871796864407017313e-01 2.340407277326551405e+00 1.000000000000000056e-01
1.416000000000000014e+01 5.792357126448444138e-01 2.339071891480898113e+00 1.000000000000000056e-01
1.416999999999999993e+01 5.712289607876248620e-01 2.337713937814120069e+00 1.000000000000000056e-01
1.417999999999999972e+01 5.631600662379251387e-01 2.336333987511049148e+00 1.000000000000000056e-01
1.418999999999999950e+01 5.550296652016724064e-01 2.334932623515390659e+00 1.000000000000000056e-01
1.420000000000000107e+01 5.468383949112363140e-01 2.333510440383643747e+00 1.000000000000000056e-01
1.421000000000000085e+01 5.385868938192229782e-01 2.332068044128253970e+00 1.000000000000000056e-01
1.422000000000000064e+01 5.302758017992634798e-01 2.330606052056258370e+00 1.000000000000000056e-01
1.423000000000000043e+01 5.219057603490078190e-01 2.329125092597125413e+00 1.000000000000000056e-01
1.424000000000000021e+01 5.134774128011748706e-01 2.327625805123930469e+00 1.000000000000000056e-01
1.425000000000000000e+01 5.049914045364213289e-01 2.326108839765124170e+00 1.000000000000000056e-01
1.425999999999999979e+01 4.964483832034872757e-01 2.324574857208292045e+00 1.000000000000000056e-01
1.426999999999999957e+01 4.878489989435378926e-01 2.323024528494390228e+00 1.000000000000000056e-01
1.428000000000000114e+01 4.791939046188787854e-01 2.321458534802815610e+00 1.000000000000000056e-01
1.429000000000000092e+01 4.704837560473882352e-01 2.319877567227907722e+00 1.000000000000000056e-01
1.430000000000000071e+01 4.617192122415231803e-01 2.318282326544719663e+00 1.000000000000000056e-01
1.431000000000000050e+01 4.529009356503107542e-01 2.316673522966715026e+00 1.000000000000000056e-01
1.432000000000000028e+01 4.440295924081737455e-01 2.315051875892331967e+00 1.000000000000000056e-01
1.433000000000000007e+01 4.351058525846894787e-01 2.313418113644142959e+00 1.000000000000000056e-01
1.433999999999999986e+01 4.261303904400783882e-01 2.311772973196742686e+00 1.000000000000000056e-01
1.434999999999999964e+01 4.171038846823850732e-01 2.310117199897508300e+00 1.000000000000000056e-01
1.435999999999999943e+01 4.080270187279144145e-01 2.308451547177715391e+00 1.000000000000000056e-01
1.437000000000000099e+01 3.989004809637035076e-01 2.306776776255433870e+00 1.000000000000000056e-01
1.438000000000000078e+01 3.897249650122737719e-01 2.305093655831575994e+00 1.000000000000000056e-01
1.439000000000000057e+01 3.805011699972613570e-01 2.303402961776891189e+00 1.000000000000000056e-01
1.440000000000000036e+01 3.712298008105570091e-01 2.301705476813271645e+00 1.000000000000000056e-01
1.441000000000000014e+01 3.619115683812233475e-01 2.300001990186704148e+00 1.000000000000000056e-01
1.441999999999999993e+01 3.525471899428101463e-01 2.298293297333751095e+00 1.000000000000000056e-01
1.442999999999999972e+01 3.431373893040438605e-01 2.296580199542404888e+00 1.000000000000000056e-01
1.443999999999999950e+01 3.336828971160162305e-01 2.294863503603461030e+00 1.000000000000000056e-01
1.445000000000000107e+01 3.241844511429271547e-01 2.293144021458439319e+00 1.000000000000000056e-01
1.446000000000000085e+01 3.146427965278383310e-01 2.291422569837970880e+00 1.000000000000000056e-01
1.447000000000000064e+01 3.050586860613542783e-01 2.289699969895166998e+00 1.000000000000000056e-01
1.448000000000000043e+01 2.954328804455426671e-01 2.287977046831343841e+00 1.000000000000000056e-01
1.449000000000000021e+01 2.857661485580742511e-01 2.286254629515429126e+00 1.000000000000000056e-01
1.450000000000000000e+01 2.760592677124172334e-01 2.284533550096758958e+00 1.000000000000000056e-01
1.450999999999999979e+01 2.663130239163190027e-01 2.282814643610674210e+00 1.000000000000000056e-01
1.451999999999999957e+01 2.565282121259043757e-01 2.281098747578478303e+00 1.000000000000000056e-01
1.453000000000000114e+01 2.467056364973377047e-01 2.279386701600810472e+00 1.000000000000000056e-01
1.454000000000000092e+01 2.368461106334718846e-01 2.277679346943931815e+00 1.000000000000000056e-01
1.455000000000000071e+01 2.269504578270593875e-01 2.275977526122122896e+00 1.000000000000000056e-01
1.456000000000000050e+01 2.170195112986101627e-01 2.274282082471482003e+00 1.000000000000000056e-01
1.457000000000000028e+01 2.070541144296341451e-01 2.272593859721264931e+00 1.000000000000000056e-01
1.458000000000000007e+01 1.970551209917061064e-01 2.270913701556443787e+00 1.000000000000000056e-01
1.458999999999999986e+01 1.870233953680512373e-01 2.269242451178958841e+00 1.000000000000000056e-01
1.459999999999999964e+01 1.769598127706785706e-01 2.267580950860586864e+00 1.000000000000000056e-01
1.460999999999999943e+01 1.668652594515533938e-01 2.265930041493591673e+00 1.000000000000000056e-01
1.462000000000000099e+01 1.567406329051455882e-01 2.264290562136088703e+00 1.000000000000000056e-01
1.463000000000000078e+01 1.465868420658863192e-01 2.262663349553901693e+00 1.000000000000000056e-01
1.464000000000000057e+01 1.364048074962377066e-01 2.261049237757901231e+00 1.000000000000000056e-01
1.465000000000000036e+01 1.261954615675499325e-01 2.259449057538846173e+00 1.000000000000000056e-01
1.466000000000000014e+01 1.159597486309874026e-01 2.257863635998593299e+00 1.000000000000000056e-01
1.466999999999999993e+01 1.056986251804154092e-01 2.256293796078669089e+00 1.000000000000000056e-01
1.467999999999999972e+01 9.541306000459286174e-02 2.254740356086021080e+00 1.000000000000000056e-01
1.468999999999999950e+01 8.510403432922680755e-02 2.253204129217199370e+00 1.000000000000000056e-01
1.470000000000000107e+01 7.477254195008031790e-02 2.251685923079870033e+00 1.000000000000000056e-01
1.471000000000000085e+01 6.441958935352276594e-02 2.250186539213537618e+00 1.000000000000000056e-01
1.472000000000000064e+01 5.404619582835544500e-02 2.248706772607643956e+00 1.000000000000000056e-01
1.473000000000000043e+01 4.365339356623340605e-02 2.247247411221176439e+00 1.000000000000000056e-01
1.474000000000000021e+01 3.324222775158259396e-02 2.245809235498014811e+00 1.000000000000000056e-01
1.475000000000000000e+01 2.281375664142000145e-02 2.244393017885650377e+00 1.000000000000000056e-01
1.475999999999999979e+01 1.236905163464172182e-02 2.242999522351224684e+00 1.000000000000000056e-01
1.476999999999999957e+01 1.909197331211544583e-03 2.241629503899199349e+00 1.000000000000000056e-01
1.478000000000000114e+01 -8.564708419558079988e-03 2.240283708089767067e+00 1.000000000000000056e-01
1.479000000000000092e+01 -1.905155448037949839e-02 2.238962870557857254e+00 1.000000000000000056e-01
1.480000000000000071e+01 -2.955021639921905779e-02 2.237667716533463746e+00 1.000000000000000056e-01
1.481000000000000050e+01 -4.005955639221662340e-02 2.236398960366361433e+00 1.000000000000000056e-01
1.482000000000000028e+01 -5.057842333970025139e-02 2.235157305048922183e+00 1.000000000000000056e-01
1.483000000000000007e+01 -6.110565279326551913e-02 2.233943441746563785e+00 1.000000000000000056e-01
1.483999999999999986e+01 -7.164006699593813976e-02 2.232758049327780547e+00 1.000000000000000056e-01
1.484999999999999964e+01 -8.218047491608862498e-02 2.231601793901051511e+00 1.000000000000000056e-01
1.485999999999999943e+01 -9.272567229492122143e-02 2.230475328353461517e+00 1.000000000000000056e-01
1.487000000000000099e+01 -1.032744417089640904e-01 2.229379291896434800e+00 1.000000000000000056e-01
1.488000000000000078e+01 -1.138255526482893076e-01 2.228314309615230471e+00 1.000000000000000056e-01
1.489000000000000057e+01 -1.243777616091757410e-01 2.227280992025173489e+00 1.000000000000000056e-01
1.490000000000000036e+01 -1.349298122049383541e-01 2.226279934633630830e+00 1.000000000000000056e-01
1.491000000000000014e+01 -1.454804352912149601e-01 2.225311717508945186e+00 1.000000000000000056e-01
1.491999999999999993e+01 -1.560283491086134067e-01 2.224376904856367965e+00 1.000000000000000056e-01
1.492999999999999972e+01 -1.665722594426896630e-01 2.223476044602624491e+00 1.000000000000000056e-01
1.493999999999999950e+01 -1.771108597982278821e-01 2.222609667986272797e+00 1.000000000000000056e-01
1.495000000000000107e+01 -1.876428315922100964e-01 2.221778289159655362e+00 1.000000000000000056e-01
1.496000000000000085e+01 -1.981668443613879560e-01 2.220982404797201326e+00 1.000000000000000056e-01
1.497000000000000064e+01 -2.086815559860535074e-01 2.220222493714744783e+00 1.000000000000000056e-01
1.498000000000000043e+01 -2.191856129302873490e-01 2.219499016498129418e+00 1.000000000000000056e-01
1.499000000000000021e+01 -2.296776504967978083e-01 2.218812415142390471e+00 1.000000000000000056e-01
1.500000000000000000e+01 -2.401562930979314059e-01 2.218163112701590389e+00 1.000000000000000056e-01
1.500999999999999979e+01 -2.506201545421773980e-01 2.217551512950393100e+00 1.000000000000000056e-01
1.501999999999999957e+01 -2.610678383360055532e-01 2.216978000056616604e+00 1.000000000000000056e-01
1.503000000000000114e+01 -2.714979380006400933e-01 2.216442938267171314e+00 1.000000000000000056e-01
1.504000000000000092e+01 -2.819090374059339821e-01 2.215946671605522500e+00 1.000000000000000056e-01
1.505000000000000071e+01 -2.922997111177576546e-01 2.215489523583371145e+00 1.000000000000000056e-01
1.506000000000000050e+01 -3.026685247628944087e-01 2.215071796924743097e+00 1.000000000000000056e-01
1.507000000000000028e+01 -3.130140354078172482e-01 2.214693773305666635e+00 1.000000000000000056e-01
1.508000000000000007e+01 -3.233347919543123061e-01 2.214355713106237022e+00 1.000000000000000056e-01
1.508999999999999986e+01 -3.336293355489383661e-01 2.214057855179239809e+00 1.000000000000000056e-01
1.509999999999999964e+01 -3.438962000086766557e-01 2.213800416632743850e+00 1.000000000000000056e-01
1.510999999999999943e+01 -3.541339122596191546e-01 2.213583592628898256e+00 1.000000000000000056e-01
1.512000000000000099e+01 -3.643409927917681812e-01 2.213407556197017456e+00 1.000000000000000056e-01
1.513000000000000078e+01 -3.745159561250748781e-01 2.213272458065073334e+00 1.000000000000000056e-01
1.514000000000000057e+01 -3.846573112906278569e-01 2.213178426504912810e+00 1.000000000000000056e-01
1.515000000000000036e+01 -3.947635623232181867e-01 2.213125567195722176e+00 1.000000000000000056e-01
1.516000000000000014e+01 -4.048332087663520928e-01 2.213113963104054172e+00 1.000000000000000056e-01
1.516999999999999993e+01 -4.148647461887047805e-01 2.213143674379580705e+00 1.000000000000000056e-01
1.517999999999999972e+01 -4.248566667115578621e-01 2.213214738270472992e+00 1.000000000000000056e-01
1.518999999999999950e+01 -4.348074595467923409e-01 2.213327169054208454e+00 1.000000000000000056e-01
1.520000000000000107e+01 -4.447156115456410430e-01 2.213480957986762476e+00 1.000000000000000056e-01
1.521000000000000085e+01 -4.545796077558756920e-01 2.213676073270350209e+00 1.000000000000000056e-01
1.522000000000000064e+01 -4.643979319900969904e-01 2.213912460038369279e+00 1.000000000000000056e-01
1.523000000000000043e+01 -4.741690674018045892e-01 2.214190040358767320e+00 1.000000000000000056e-01
1.524000000000000021e+01 -4.838914970705791019e-01 2.214508713256201577e+00 1.000000000000000056e-01
1.525000000000000000e+01 -4.935637045956680624e-01 2.214868354752027813e+00 1.000000000000000056e-01
1.525999999999999979e+01 -5.031841746968829243e-01 2.215268817923654598e+00 1.000000000000000056e-01
1.526999999999999957e+01 -5.127513938227220569e-01 2.215709932980774344e+00 1.000000000000000056e-01
1.528000000000000114e+01 -5.222638507656318652e-01 2.216191507362479385e+00 1.000000000000000056e-01
1.529000000000000092e+01 -5.317200372823394083e-01 2.216713325850653948e+00 1.000000000000000056e-01
1.530000000000000071e+01 -5.411184487194120596e-01 2.217275150703061026e+00 1.000000000000000056e-01
1.531000000000000050e+01 -5.504575846437961273e-01 2.217876721804813656e+00 1.000000000000000056e-01
1.532000000000000028e+01 -5.597359494758651355e-01 2.218517756836484001e+00 1.000000000000000056e-01
1.533000000000000007e+01 -5.689520531255106706e-01 2.219197951462888785e+00 1.000000000000000056e-01
1.533999999999999986e+01 -5.781044116295966928e-01 2.219916979537288615e+00 1.000000000000000056e-01
1.534999999999999964e+01 -5.871915477905924607e-01 2.220674493324350962e+00 1.000000000000000056e-01
1.535999999999999943e+01 -5.962119918145575292e-01 2.221470123740904690e+00 1.000000000000000056e-01
1.537000000000000099e+01 -6.051642819485564262e-01 2.222303480613279536e+00 1.000000000000000056e-01
1.538000000000000078e+01 -6.140469651164621734e-01 2.223174152951819860e+00 1.000000000000000056e-01
1.539000000000000057e+01 -6.228585975523383000e-01 2.224081709242612170e+00 1.000000000000000056e-01
1.540000000000000036e+01 -6.315977454303964844e-01 2.225025697755233622e+00 1.000000000000000056e-01
1.541000000000000014e+01 -6.402629854925777630e-01 2.226005646866559218e+00 1.000000000000000056e-01
1.541999999999999993e+01 -6.488529056702838638e-01 2.227021065401368460e+00 1.000000000000000056e-01
1.542999999999999972e+01 -6.573661057034038135e-01 2.228071442987332507e+00 1.000000000000000056e-01
1.543999999999999950e+01 -6.658011977521361979e-01 2.229156250426502339e+00 1.000000000000000056e-01
1.545000000000000107e+01 -6.741568070051894290e-01 2.230274940080029467e+00 1.000000000000000056e-01
1.546000000000000085e+01 -6.824315722799260131e-01 2.231426946269383205e+00 1.000000000000000056e-01
1.547000000000000064e+01 -6.906241466172259313e-01 2.232611685688696390e+00 1.000000000000000056e-01
1.548000000000000043e+01 -6.987331978679313105e-01 2.233828557834267592e+00 1.000000000000000056e-01
1.549000000000000021e+01 -7.067574092714461464e-01 2.235076945442859842e+00 1.000000000000000056e-01
1.550000000000000000e+01 -7.146954800263657370e-01 2.236356214945849352e+00 1.000000000000000056e-01
1.550999999999999979e+01 -7.225461258503217410e-01 2.237665716932830229e+00 1.000000000000000056e-01
1.551999999999999957e+01 -7.303080795304138784e-01 2.239004786627973864e+00 1.000000000000000056e-01
1.553000000000000114e+01 -7.379800914622645092e-01 2.240372744375211500e+00 1.000000000000000056e-01
1.554000000000000092e+01 -7.455609301774835940e-01 2.241768896135641231e+00 1.000000000000000056e-01
1.555000000000000071e+01 -7.530493828578249671e-01 2.243192533990854276e+00 1.000000000000000056e-01
1.556000000000000050e+01 -7.604442558367168203e-01 2.244642936658160615e+00 1.000000000000000056e-01
1.557000000000000028e+01 -7.677443750858436999e-01 2.246119370010893679e+00 1.000000000000000056e-01
1.558000000000000007e+01 -7.749485866879386453e-01 2.247621087607522661e+00 1.000000000000000056e-01
1.558999999999999986e+01 -7.820557572929636159e-01 2.249147331225625823e+00 1.000000000000000056e-01
1.559999999999999964e+01 -7.890647745596742757e-01 2.250697331402598866e+00 1.000000000000000056e-01
1.561000000000000121e+01 -7.959745475802443293e-01 2.252270307981167896e+00 1.000000000000000056e-01
1.562000000000000099e+01 -8.027840072872771682e-01 2.253865470657458125e+00 1.000000000000000056e-01
1.563000000000000078e+01 -8.094921068464412395e-01 2.255482019535469007e+00 1.000000000000000056e-01
1.564000000000000057e+01 -8.160978220283847673e-01 2.257119145680509753e+00 1.000000000000000056e-01
1.565000000000000036e+01 -8.226001515661651720e-01 2.258776031678618956e+00 1.000000000000000056e-01
1.566000000000000014e+01 -8.289981174932694596e-01 2.260451852193425371e+00 1.000000000000000056e-01
1.566999999999999993e+01 -8.352907654643698665e-01 2.262145774526897135e+00 1.000000000000000056e-01
1.567999999999999972e+01 -8.414771650586535534e-01 2.263856959177743988e+00 1.000000000000000056e-01
1.568999999999999950e+01 -8.475564100642096754e-01 2.265584560400319081e+00 1.000000000000000056e-01
1.570000000000000107e+01 -8.535276187455550501e-01 2.267327726761674267e+00 1.000000000000000056e-01
1.571000000000000085e+01 -8.593899340921564711e-01 2.269085601696768872e+00 1.000000000000000056e-01
1.572000000000000064e+01 -8.651425240490789870e-01 2.270857324060711058e+00 1.000000000000000056e-01
1.573000000000000043e+01 -8.707845817302604097e-01 2.272642028678379500e+00 1.000000000000000056e-01
1.574000000000000021e+01 -8.763153256120448376e-01 2.274438846889892840e+00 1.000000000000000056e-01
1.575000000000000000e+01 -8.817339997104494120e-01 2.276246907091060034e+00 1.000000000000000056e-01
1.575999999999999979e+01 -8.870398737386828714e-01 2.278065335270935687e+00 1.000000000000000056e-01
1.576999999999999957e+01 -8.922322432475997545e-01 2.279893255541151742e+00 1.000000000000000056e-01
1.578000000000000114e+01 -8.973104297478096125e-01 2.281729790661376711e+00 1.000000000000000056e-01
1.579000000000000092e+01 -9.022737808132238468e-01 2.283574062558422213e+00 1.000000000000000056e-01
1.580000000000000071e+01 -9.071216701679148953e-01 2.285425192836263442e+00 1.000000000000000056e-01
1.581000000000000050e+01 -9.118534977532771757e-01 2.287282303281558793e+00 1.000000000000000056e-01
1.582000000000000028e+01 -9.164686897795808473e-01 2.289144516359522541e+00 1.000000000000000056e-01
1.583000000000000007e+01 -9.209666987573794650e-01 2.291010955701510809e+00 1.000000000000000056e-01
1.583999999999999986e+01 -9.253470035134899740e-01 2.292880746585624685e+00 1.000000000000000056e-01
1.584999999999999964e+01 -9.296091091877614065e-01 2.294753016406231083e+00 1.000000000000000056e-01
1.586000000000000121e+01 -9.337525472139562854e-01 2.296626895135545077e+00 1.000000000000000056e-01
1.587000000000000099e+01 -9.377768752818823605e-01 2.298501515775167370e+00 1.000000000000000056e-01
1.588000000000000078e+01 -9.416816772834657456e-01 2.300376014796768231e+00 1.000000000000000056e-01
1.589000000000000057e+01 -9.454665632424775756e-01 2.302249532573504620e+00 1.000000000000000056e-01
1.590000000000000036e+01 -9.491311692257987653e-01 2.304121213800854218e+00 1.000000000000000056e-01
1.591000000000000014e+01 -9.526751572408382884e-01 2.305990207905046052e+00 1.000000000000000056e-01
1.591999999999999993e+01 -9.560982151149223229e-01 2.307855669442961055e+00 1.000000000000000056e-01
1.592999999999999972e+01 -9.594000563601162712e-01 2.309716758488331134e+00 1.000000000000000056e-01
1.593999999999999950e+01 -9.625804200228995633e-01 2.311572641008757589e+00 1.000000000000000056e-01
1.595000000000000107e+01 -9.656390705179227485e-01 2.313422489229634671e+00 1.000000000000000056e-01
1.596000000000000085e+01 -9.685757974486124411e-01 2.315265481987912377e+00 1.000000000000000056e-01
1.597000000000000064e+01 -9.713904154123502721e-01 2.317100805073431413e+00 1.000000000000000056e-01
1.598000000000000043e+01 -9.740827637929845295e-01 2.318927651558966296e+00 1.000000000000000056e-01
1.599000000000000021e+01 -9.766527065393881823e-01 2.320745222119541928e+00 1.000000000000000056e-01
1.600000000000000000e+01 -9.791001319312546691e-01 2.322552725338535851e+00 1.000000000000000056e-01
1.601000000000000156e+01 -9.814249523322632340e-01 2.324349378004227695e+00 1.000000000000000056e-01
1.601999999999999957e+01 -9.836271039307508124e-01 2.326134405393887938e+00 1.000000000000000056e-01
1.603000000000000114e+01 -9.857065464692846835e-01 2.327907041546677824e+00 1.000000000000000056e-01
1.603999999999999915e+01 -9.876632629614388037e-01 2.329666529525573182e+00 1.000000000000000056e-01
1.605000000000000071e+01 -9.894972593983962783e-01 2.331412121668538173e+00 1.000000000000000056e-01
1.605999999999999872e+01 -9.912085644442594212e-01 2.333143079827603827e+00 1.000000000000000056e-01
1.607000000000000028e+01 -9.927972291213196243e-01 2.334858675598610489e+00 1.000000000000000056e-01
1.608000000000000185e+01 -9.942633264842555274e-01 2.336558190539223645e+00 1.000000000000000056e-01
1.608999999999999986e+01 -9.956069512864331728e-01 2.338240916376618461e+00 1.000000000000000056e-01
1.610000000000000142e+01 -9.968282196352205027e-01 2.339906155205427662e+00 1.000000000000000056e-01
1.610999999999999943e+01 -9.979272686402996806e-01 2.341553219674232356e+00 1.000000000000000056e-01
1.612000000000000099e+01 -9.989042560528496040e-01 2.343181433164663208e+00 1.000000000000000056e-01
1.612999999999999901e+01 -9.997593598969780615e-01 2.344790129956964009e+00 1.000000000000000056e-01
1.614000000000000057e+01 -1.000492778095650293e+00 2.346378655390441548e+00 1.000000000000000056e-01
1.614999999999999858e+01 -1.001104728088056506e+00 2.347946366011100405e+00 1.000000000000000056e-01
1.616000000000000014e+01 -1.001595446442170356e+00 2.349492629712741643e+00 1.000000000000000056e-01
1.617000000000000171e+01 -1.001965188462785594e+00 2.351016825868870619e+00 1.000000000000000056e-01
1.617999999999999972e+01 -1.002214227791926815e+00 2.352518345454772231e+00 1.000000000000000056e-01
1.619000000000000128e+01 -1.002342856008161753e+00 2.353996591165158581e+00 1.000000000000000056e-01
1.619999999999999929e+01 -1.002351382219411891e+00 2.355450977520015865e+00 1.000000000000000056e-01
1.621000000000000085e+01 -1.002240132654110605e+00 2.356880930966368748e+00 1.000000000000000056e-01
1.621999999999999886e+01 -1.002009450247316913e+00 2.358285889972298932e+00 1.000000000000000056e-01
1.623000000000000043e+01 -1.001659694227345465e+00 2.359665305112592648e+00 1.000000000000000056e-01
1.624000000000000199e+01 -1.001191239695887081e+00 2.361018639151622800e+00 1.000000000000000056e-01
1.625000000000000000e+01 -1.000604477211461729e+00 2.362345367117456352e+00 1.000000000000000056e-01
1.626000000000000156e+01 -9.998998123659077475e-01 2.363644976371380046e+00 1.000000000000000056e-01
1.626999999999999957e+01 -9.990776653653378192e-01 2.364916966673276999e+00 1.000000000000000056e-01
1.628000000000000114e+01 -9.981384706060825174e-01 2.366160850240657254e+00 1.000000000000000056e-01
1.628999999999999915e+01 -9.970826762529935161e-01 2.367376151804325257e+00 1.000000000000000056e-01
1.630000000000000071e+01 -9.959107438172103421e-01 2.368562408659225405e+00 1.000000000000000056e-01
1.630999999999999872e+01 -9.946231477344179561e-01 2.369719170712341505e+00 1.000000000000000056e-01
1.632000000000000028e+01 -9.932203749438524021e-01 2.370846000525714370e+00 1.000000000000000056e-01
1.633000000000000185e+01 -9.917029244696390355e-01 2.371942473357810055e+00 1.000000000000000056e-01
1.633999999999999986e+01 -9.900713070024507179e-01 2.373008177200301994e+00 1.000000000000000056e-01
1.635000000000000142e+01 -9.883260444836921010e-01 2.374042712814023126e+00 1.000000000000000056e-01
1.635999999999999943e+01 -9.864676696923510013e-01 2.375045693760627685e+00 1.000000000000000056e-01
1.637000000000000099e+01 -9.844967258329438975e-01 2.376016746433805338e+00 1.000000000000000056e-01
1.637999999999999901e+01 -9.824137661270767596e-01 2.376955510087181089e+00 1.000000000000000056e-01
1.639000000000000057e+01 -9.802193534070851033e-01 2.377861636862301342e+00 1.000000000000000056e-01
1.639999999999999858e+01 -9.779140597124401646e-01 2.378734791813423843e+00 1.000000000000000056e-01
1.641000000000000014e+01 -9.754984658885778037e-01 2.379574652933013734e+00 1.000000000000000056e-01
1.642000000000000171e+01 -9.729731611897242116e-01 2.380380911174954317e+00 1.000000000000000056e-01
1.642999999999999972e+01 -9.703387428834100437e-01 2.381153270478654882e+00 1.000000000000000056e-01
1.644000000000000128e+01 -9.675958158585047375e-01 2.381891447790795979e+00 1.000000000000000056e-01
1.644999999999999929e+01 -9.647449922375802567e-01 2.382595173089915086e+00 1.000000000000000056e-01
1.646000000000000085e+01 -9.617868909908475761e-01 2.383264189407350742e+00 1.000000000000000056e-01
1.646999999999999886e+01 -9.587221375568339976e-01 2.383898252851781141e+00 1.000000000000000056e-01
1.648000000000000043e+01 -9.555513634645131926e-01 2.384497132632515726e+00 1.000000000000000056e-01
1.649000000000000199e+01 -9.522752059629157051e-01 2.385060611082638893e+00 1.000000000000000056e-01
1.650000000000000000e+01 -9.488943076542548649e-01 2.385588483685247674e+00 1.000000000000000056e-01
1.651000000000000156e+01 -9.454093161344014895e-01 2.386080559097739417e+00 1.000000000000000056e-01
1.651999999999999957e+01 -9.418208836393638927e-01 2.386536659178547293e+00 1.000000000000000056e-01
1.653000000000000114e+01 -9.381296666994450861e-01 2.386956619014898529e+00 1.000000000000000056e-01
1.653999999999999915e+01 -9.343363258008076100e-01 2.387340286950265789e+00 1.000000000000000056e-01
1.655000000000000071e+01 -9.304415250564462836e-01 2.387687524614398260e+00 1.000000000000000056e-01
1.655999999999999872e+01 -9.264459318852280578e-01 2.387998206953121816e+00 1.000000000000000056e-01
1.657000000000000028e+01 -9.223502167012211927e-01 2.388272222260091393e+00 1.000000000000000056e-01
1.658000000000000185e+01 -9.181550526121677880e-01 2.388509472209380036e+00 1.000000000000000056e-01
1.658999999999999986e+01 -9.138611151290479961e-01 2.388709871888625269e+00 1.000000000000000056e-01
1.660000000000000142e+01 -9.094690818845033720e-01 2.388873349833551263e+00 1.000000000000000056e-01
1.660999999999999943e+01 -9.049796323635929118e-01 2.388999848064840226e+00 1.000000000000000056e-01
1.662000000000000099e+01 -9.003934476428371303e-01 2.389089322122610604e+00 1.000000000000000056e-01
1.662999999999999901e+01 -8.957112101414359540e-01 2.389141741105978767e+00 1.000000000000000056e-01
1.664000000000000057e+01 -8.909336033815408173e-01 2.389157087710098271e+00 1.000000000000000056e-01
1.664999999999999858e+01 -8.860613117586851883e-01 2.389135358265664699e+00 1.000000000000000056e-01
1.666000000000000014e+01 -8.810950203226917132e-01 2.389076562778848167e+00 1.000000000000000056e-01
1.667000000000000171e+01 -8.760354145669788650e-01 2.388980724971274672e+00 1.000000000000000056e-01
1.667999999999999972e+01 -8.708831802281433720e-01 2.388847882320787264e+00 1.000000000000000056e-01
1.669000000000000128e+01 -8.656390030942726632e-01 2.388678086102477671e+00 1.000000000000000056e-01
1.669999999999999929e+01 -8.603035688216325028e-01 2.388471401429602459e+00 1.000000000000000056e-01
1.671000000000000085e+01 -8.548775627612366090e-01 2.388227907294231400e+00 1.000000000000000056e-01
1.671999999999999886e+01 -8.493616697926926751e-01 2.387947696608656134e+00 1.000000000000000056e-01
1.673000000000000043e+01 -8.437565741679265985e-01 2.387630876244378086e+00 1.000000000000000056e-01
1.674000000000000199e+01 -8.380629593629923546e-01 2.387277567072469964e+00 1.000000000000000056e-01
1.675000000000000000e+01 -8.322815079391803206e-01 2.386887904001507188e+00 1.000000000000000056e-01
1.676000000000000156e+01 -8.264129014132119977e-01 2.386462036015045474e+00 1.000000000000000056e-01
1.676999999999999957e+01 -8.204578201372254576e-01 2.386000126207474370e+00 1.000000000000000056e-01
1.678000000000000114e+01 -8.144169431894232591e-01 2.385502351818393318e+00 1.000000000000000056e-01
1.678999999999999915e+01 -8.082909482741554852e-01 2.384968904264344047e+00 1.000000000000000056e-01
1.680000000000000071e+01 -8.020805116345420815e-01 2.384399989170084222e+00 1.000000000000000056e-01
1.680999999999999872e+01 -7.957863079766115399e-01 2.383795826394770501e+00 1.000000000000000056e-01
1.682000000000000028e+01 -7.894090104051205703e-01 2.383156650058897874e+00 1.000000000000000056e-01
1.683000000000000185e+01 -7.829492903724101227e-01 2.382482708564940932e+00 1.000000000000000056e-01
1.683999999999999986e+01 -7.764078176413526933e-01 2.381774264617392056e+00 1.000000000000000056e-01
1.685000000000000142e+01 -7.697852602596901850e-01 2.381031595238201959e+00 1.000000000000000056e-01
1.685999999999999943e+01 -7.630822845489879658e-01 2.380254991778896656e+00 1.000000000000000056e-01
1.687000000000000099e+01 -7.562995551066206135e-01 2.379444759928943220e+00 1.000000000000000056e-01
1.687999999999999901e+01 -7.494377348195835342e-01 2.378601219719571169e+00 1.000000000000000056e-01
1.689000000000000057e+01 -7.424974848919779769e-01 2.377724705524889792e+00 1.000000000000000056e-01
1.689999999999999858e+01 -7.354794648833175019e-01 2.376815566055264561e+00 1.000000000000000056e-01
1.691000000000000014e+01 -7.283843327586009275e-01 2.375874164349704998e+00 1.000000000000000056e-01
1.692000000000000171e+01 -7.212127449489680320e-01 2.374900877760132367e+00 1.000000000000000056e-01
1.692999999999999972e+01 -7.139653564213873649e-01 2.373896097931812221e+00 1.000000000000000056e-01
1.694000000000000128e+01 -7.066428207597384992e-01 2.372860230777616319e+00 1.000000000000000056e-01
1.694999999999999929e+01 -6.992457902525219815e-01 2.371793696446561572e+00 1.000000000000000056e-01
1.696000000000000085e+01 -6.917749159906311229e-01 2.370696929285783572e+00 1.000000000000000056e-01
1.696999999999999886e+01 -6.842308479740066840e-01 2.369570377796316851e+00 1.000000000000000056e-01
1.698000000000000043e+01 -6.766142352245675395e-01 2.368414504581606739e+00 1.000000000000000056e-01
1.699000000000000199e+01 -6.689257259104041120e-01 2.367229786289080984e+00 1.000000000000000056e-01
1.700000000000000000e+01 -6.611659674762392358e-01 2.366016713544938366e+00 1.000000000000000056e-01
1.701000000000000156e+01 -6.533356067838893555e-01 2.364775790879686479e+00 1.000000000000000056e-01
1.701999999999999957e+01 -6.454352902615170251e-01 2.363507536647454721e+00 1.000000000000000056e-01
1.703000000000000114e+01 -6.374656640614563274e-01 2.362212482936709712e+00 1.000000000000000056e-01
1.703999999999999915e+01 -6.294273742279156147e-01 2.360891175471700798e+00 1.000000000000000056e-01
1.705000000000000071e+01 -6.213210668729866049e-01 2.359544173507767795e+00 1.000000000000000056e-01
1.705999999999999872e+01 -6.131473883625088162e-01 2.358172049715628660e+00 1.000000000000000056e-01
1.707000000000000028e+01 -6.049069855094750814e-01 2.356775390058865494e+00 1.000000000000000056e-01
1.708000000000000185e+01 -5.966005057768600794e-01 2.355354793662489232e+00 1.000000000000000056e-01
1.708999999999999986e+01 -5.882285974871016565e-01 2.353910872671728605e+00 1.000000000000000056e-01
1.710000000000000142e+01 -5.797919100395455549e-01 2.352444252103450761e+00 1.000000000000000056e-01
1.710999999999999943e+01 -5.712910941348753324e-01 2.350955569687558366e+00 1.000000000000000056e-01
1.712000000000000099e+01 -5.627268020042528462e-01 2.349445475700412622e+00 1.000000000000000056e-01
1.712999999999999901e+01 -5.540996876469290733e-01 2.347914632787722944e+00 1.000000000000000056e-01
1.714000000000000057e+01 -5.454104070700840357e-01 2.346363715780007020e+00 1.000000000000000056e-01
1.715000000000000213e+01 -5.366596185370730021e-01 2.344793411496669311e+00 1.000000000000000056e-01
1.716000000000000014e+01 -5.278479828184002853e-01 2.343204418542205403e+00 1.000000000000000056e-01
1.717000000000000171e+01 -5.189761634492040532e-01 2.341597447091135820e+00 1.000000000000000056e-01
1.717999999999999972e+01 -5.100448269911181942e-01 2.339973218663749854e+00 1.000000000000000056e-01
1.719000000000000128e+01 -5.010546432999742894e-01 2.338332465891244549e+00 1.000000000000000056e-01
1.719999999999999929e+01 -4.920062857977545168e-01 2.336675932270245948e+00 1.000000000000000056e-01
1.721000000000000085e+01 -4.829004317508504562e-01 2.335004371906896026e+00 1.000000000000000056e-01
1.721999999999999886e+01 -4.737377625527494640e-01 2.333318549249879581e+00 1.000000000000000056e-01
1.723000000000000043e+01 -4.645189640113310814e-01 2.331619238812875583e+00 1.000000000000000056e-01
1.724000000000000199e+01 -4.552447266421871253e-01 2.329907224885294337e+00 1.000000000000000056e-01
1.725000000000000000e+01 -4.459157459634152665e-01 2.328183301233741176e+00 1.000000000000000056e-01
1.726000000000000156e+01 -4.365327227970222657e-01 2.326448270790560269e+00 1.000000000000000056e-01
1.726999999999999957e+01 -4.270963635704283501e-01 2.324702945334039761e+00 1.000000000000000056e-01
1.728000000000000114e+01 -4.176073806211272332e-01 2.322948145157377464e+00 1.000000000000000056e-01
1.728999999999999915e+01 -4.080664925035576429e-01 2.321184698727276174e+00 1.000000000000000056e-01
1.730000000000000071e+01 -3.984744242933824787e-01 2.319413442335809261e+00 1.000000000000000056e-01
1.730999999999999872e+01 -3.888319078959594499e-01 2.317635219739203389e+00 1.000000000000000056e-01
1.732000000000000028e+01 -3.791396823489839307e-01 2.315850881792496541e+00 1.000000000000000056e-01
1.733000000000000185e+01 -3.693984941283388057e-01 2.314061286072949475e+00 1.000000000000000056e-01
1.733999999999999986e+01 -3.596090974482515912e-01 2.312267296497806601e+00 1.000000000000000056e-01
1.735000000000000142e+01 -3.497722545624633028e-01 2.310469782932117244e+00 1.000000000000000056e-01
1.735999999999999943e+01 -3.398887360605687413e-01 2.308669620792768384e+00 1.000000000000000056e-01
1.737000000000000099e+01 -3.299593211635500345e-01 2.306867690641710933e+00 1.000000000000000056e-01
1.737999999999999901e+01 -3.199847980162991989e-01 2.305064877774124721e+00 1.000000000000000056e-01
1.739000000000000057e+01 -3.099659639768645447e-01 2.303262071799034860e+00 1.000000000000000056e-01
1.740000000000000213e+01 -2.999036259042749952e-01 2.301460166211684033e+00 1.000000000000000056e-01
1.741000000000000014e+01 -2.897986004418340866e-01 2.299660057960415838e+00 1.000000000000000056e-01
1.742000000000000171e+01 -2.796517142989264348e-01 2.297862647003773517e+00 1.000000000000000056e-01
1.742999999999999972e+01 -2.694638045276951943e-01 2.296068835862433488e+00 1.000000000000000056e-01
1.744000000000000128e+01 -2.592357187977024635e-01 2.294279529162657649e+00 1.000000000000000056e-01
1.744999999999999929e+01 -2.489683156645760564e-01 2.292495633172253466e+00 1.000000000000000056e-01
1.746000000000000085e+01 -2.386624648354360168e-01 2.290718055330045910e+00 1.000000000000000056e-01
1.746999999999999886e+01 -2.283190474284682303e-01 2.288947703768184017e+00 1.000000000000000056e-01
1.748000000000000043e+01 -2.179389562273186531e-01 2.287185486826839309e+00 1.000000000000000056e-01
1.749000000000000199e+01 -2.075230959292151400e-01 2.285432312564017909e+00 1.000000000000000056e-01
1.750000000000000000e+01 -1.970723833877652265e-01 2.283689088257404798e+00 1.000000000000000056e-01
1.751000000000000156e+01 -1.865877478480937324e-01 2.281956719901346187e+00 1.000000000000000056e-01
1.751999999999999957e+01 -1.760701311762070675e-01 2.280236111697895751e+00 1.000000000000000056e-01
1.753000000000000114e+01 -1.655204880811232682e-01 2.278528165543019401e+00 1.000000000000000056e-01
1.753999999999999915e+01 -1.549397863285924271e-01 2.276833780506873683e+00 1.000000000000000056e-01
1.755000000000000071e+01 -1.443290069496864503e-01 2.275153852311281533e+00 1.000000000000000056e-01
1.755999999999999872e+01 -1.336891444380419458e-01 2.273489272802327932e+00 1.000000000000000056e-01
1.757000000000000028e+01 -1.230212069411279890e-01 2.271840929418139865e+00 1.000000000000000056e-01
1.758000000000000185e+01 -1.123262164408949937e-01 2.270209704656606320e+00 1.000000000000000056e-01
1.758999999999999986e+01 -1.016052089247354989e-01 2.268596475537191015e+00 1.000000000000000056e-01
1.760000000000000142e+01 -9.085923454515923425e-02 2.267002113062507984e+00 1.000000000000000056e-01
1.760999999999999943e+01 -8.008935776862408096e-02 2.265427481677101618e+00 1.000000000000000056e-01
1.762000000000000099e+01 -6.929665750970256943e-02 2.263873438726008658e+00 1.000000000000000056e-01
1.762999999999999901e+01 -5.848222725411576089e-02 2.262340833911063775e+00 1.000000000000000056e-01
1.764000000000000057e+01 -4.764717516441384360e-02 2.260830508748109313e+00 1.000000000000000056e-01
1.765000000000000213e+01 -3.679262417250603323e-02 2.259343296023685443e+00 1.000000000000000056e-01
1.766000000000000014e+01 -2.591971205554438260e-02 2.257880019251954362e+00 1.000000000000000056e-01
1.767000000000000171e+01 -1.502959149443190007e-02 2.256441492133564264e+00 1.000000000000000056e-01
1.767999999999999972e+01 -4.123430118545096459e-03 2.255028518015044892e+00 1.000000000000000056e-01
1.769000000000000128e+01 6.797589469217635814e-03 2.253641889349631722e+00 1.000000000000000056e-01
1.769999999999999929e+01 1.773226968093359265e-02 2.252282387162190425e+00 1.000000000000000056e-01
1.771000000000000085e+01 2.867939795022575455e-02 2.250950780514186178e+00 1.000000000000000056e-01
1.771999999999999886e+01 3.963774675246838769e-02 2.249647825974259607e+00 1.000000000000000056e-01
1.773000000000000043e+01 5.060607364221637178e-02 2.248374267089778833e+00 1.000000000000000056e-01
1.774000000000000199e+01 6.158312130325409306e-02 2.247130833865408128e+00 1.000000000000000056e-01
1.775000000000000000e+01 7.256761761506132224e-02 2.245918242242563867e+00 1.000000000000000056e-01
1.776000000000000156e+01 8.355827573153667975e-02 2.244737193587621693e+00 1.000000000000000056e-01
1.776999999999999957e+01 9.455379417531820097e-02 2.243588374182177603e+00 1.000000000000000056e-01
1.778000000000000114e+01 1.055528569461340466e-01 2.242472454722134412e+00 1.000000000000000056e-01
1.778999999999999915e+01 1.165541336420820029e-01 2.241390089821478693e+00 1.000000000000000056e-01
1.780000000000000071e+01 1.275562795985936970e-01 2.240341917524613091e+00 1.000000000000000056e-01
1.780999999999999872e+01 1.385579360403524918e-01 2.239328558825526727e+00 1.000000000000000056e-01
1.782000000000000028e+01 1.495577302506459205e-01 2.238350617196085413e+00 1.000000000000000056e-01
1.783000000000000185e+01 1.605542757570798951e-01 2.237408678123040673e+00 1.000000000000000056e-01
1.783999999999999986e+01 1.715461725350411470e-01 2.236503308654214539e+00 1.000000000000000056e-01
1.785000000000000142e+01 1.825320072279811023e-01 2.235635056955452171e+00 1.000000000000000056e-01
1.785999999999999943e+01 1.935103533881243898e-01 2.234804451878271703e+00 1.000000000000000056e-01
1.787000000000000099e+01 2.044797717332806908e-01 2.234012002537849373e+00 1.000000000000000056e-01
1.787999999999999901e+01 2.154388104255378633e-01 2.233258197904054665e+00 1.000000000000000056e-01
1.789000000000000057e+01 2.263860053661006233e-01 2.232543506403727562e+00 1.000000000000000056e-01
1.790000000000000213e+01 2.373198805111884635e-01 2.231868375536315785e+00 1.000000000000000056e-01
1.791000000000000014e+01 2.482389482059185748e-01 2.231233231503325420e+00 1.000000000000000056e-01
1.792000000000000171e+01 2.591417095360213363e-01 2.230638478850023532e+00 1.000000000000000056e-01
1.792999999999999972e+01 2.700266546992452499e-01 2.230084500123659108e+00 1.000000000000000056e-01
1.794000000000000128e+01 2.808922633934225477e-01 2.229571655545195430e+00 1.000000000000000056e-01
1.794999999999999929e+01 2.917370052223946519e-01 2.229100282696417246e+00 1.000000000000000056e-01
1.796000000000000085e+01 3.025593401198126697e-01 2.228670696224551939e+00 1.000000000000000056e-01
1.796999999999999886e+01 3.133577187894401872e-01 2.228283187560834655e+00 1.000000000000000056e-01
1.798000000000000043e+01 3.241305831621262845e-01 2.227938024658528526e+00 1.000000000000000056e-01
1.799000000000000199e+01 3.348763668704592966e-01 2.227635451746934780e+00 1.000000000000000056e-01
1.800000000000000000e+01 3.455934957380771833e-01 2.227375689103193945e+00 1.000000000000000056e-01
1.801000000000000156e+01 3.562803882870663741e-01 2.227158932843373851e+00 1.000000000000000056e-01
1.801999999999999957e+01 3.669354562599957403e-01 2.226985354731313649e+00 1.000000000000000056e-01
1.803000000000000114e+01 3.775571051575263848e-01 2.226855102006776832e+00 1.000000000000000056e-01
1.803999999999999915e+01 3.881437347918962333e-01 2.226768297233595817e+00 1.000000000000000056e-01
1.805000000000000071e+01 3.986937398542719779e-01 2.226725038165704440e+00 1.000000000000000056e-01
1.805999999999999872e+01 4.092055104957122436e-01 2.226725397636252879e+00 1.000000000000000056e-01
1.807000000000000028e+01 4.196774329230267275e-01 2.226769423463063280e+00 1.000000000000000056e-01
1.808000000000000185e+01 4.301078900043711628e-01 2.226857138377337897e+00 1.000000000000000056e-01
1.808999999999999986e+01 4.404952618894265592e-01 2.226988539971840542e+00 1.000000000000000056e-01
1.810000000000000142e+01 4.508379266378090278e-01 2.227163600669577637e+00 1.000000000000000056e-01
1.810999999999999943e+01 4.611342608594912740e-01 2.227382267713996722e+00 1.000000000000000056e-01
1.812000000000000099e+01 4.713826403630559936e-01 2.227644463178809264e+00 1.000000000000000056e-01
1.812999999999999901e+01 4.815814408125622115e-01 2.227950084001170339e+00 1.000000000000000056e-01
1.814000000000000057e+01 4.917290383932447217e-01 2.228299002033023335e+00 1.000000000000000056e-01
1.815000000000000213e+01 5.018238104824990220e-01 2.228691064116113729e+00 1.000000000000000056e-01
1.816000000000000014e+01 5.118641363293369162e-01 2.229126092177228902e+00 1.000000000000000056e-01
1.817000000000000171e+01 5.218483977378221006e-01 2.229603883343537873e+00 1.000000000000000056e-01
1.817999999999999972e+01 5.317749797579045534e-01 2.230124210081814162e+00 1.000000000000000056e-01
1.819000000000000128e+01 5.416422713794899479e-01 2.230686820355511468e+00 1.000000000000000056e-01
1.819999999999999929e+01 5.514486662318882626e-01 2.231291437805446698e+00 1.000000000000000056e-01
1.821000000000000085e+01 5.611925632864044333e-01 2.231937761949827514e+00 1.000000000000000056e-01
1.821999999999999886e+01 5.708723675622423555e-01 2.232625468405576630e+00 1.000000000000000056e-01
1.823000000000000043e+01 5.804864908341877960e-01 2.233354209129517987e+00 1.000000000000000056e-01
1.824000000000000199e+01 5.900333523420830950e-01 2.234123612681023552e+00 1.000000000000000056e-01
1.825000000000000000e+01 5.995113795004206603e-01 2.234933284502272688e+00 1.000000000000000056e-01
1.826000000000000156e+01 6.089190086065763285e-01 2.235782807220565882e+00 1.000000000000000056e-01
1.826999999999999957e+01 6.182546855486086290e-01 2.236671740967932198e+00 1.000000000000000056e-01
1.828000000000000114e+01 6.275168665088444175e-01 2.237599623719935149e+00 1.000000000000000056e-01
1.828999999999999915e+01 6.367040186634140841e-01 2.238565971653561526e+00 1.000000000000000056e-01
1.830000000000000071e+01 6.458146208777817421e-01 2.239570279521540197e+00 1.000000000000000056e-01
1.830999999999999872e+01 6.548471643943959419e-01 2.240612021045306435e+00 1.000000000000000056e-01
1.832000000000000028e+01 6.638001535141163645e-01 2.241690649324079576e+00 1.000000000000000056e-01
1.833000000000000185e+01 6.726721062696986442e-01 2.242805597260335571e+00 1.000000000000000056e-01
1.833999999999999986e+01 6.814615550894302931e-01 2.243956278001701499e+00 1.000000000000000056e-01
1.835000000000000142e+01 6.901670474524670418e-01 2.245142085397431764e+00 1.000000000000000056e-01
1.835999999999999943e+01 6.987871465334924981e-01 2.246362394469833657e+00 1.000000000000000056e-01
1.837000000000000099e+01 7.073204318370619470e-01 2.247616561900517507e+00 1.000000000000000056e-01
1.837999999999999901e+01 7.157654998211203656e-01 2.248903926529224329e+00 1.000000000000000056e-01
1.839000000000000057e+01 7.241209645097650416e-01 2.250223809866095159e+00 1.000000000000000056e-01
1.840000000000000213e+01 7.323854580934051617e-01 2.251575516617196904e+00 1.000000000000000056e-01
1.841000000000000014e+01 7.405576315186837011e-01 2.252958335219944264e+00 1.000000000000000056e-01
1.842000000000000171e+01 7.486361550641172924e-01 2.254371538391311880e+00 1.000000000000000056e-01
1.842999999999999972e+01 7.566197189053480709e-01 2.255814383685498470e+00 1.000000000000000056e-01
1.844000000000000128e+01 7.645070336642255659e-01 2.257286114061189952e+00 1.000000000000000056e-01
1.844999999999999929e+01 7.722968309471840431e-01 2.258785958458212395e+00 1.000000000000000056e-01
1.846000000000000085e+01 7.799878638659613062e-01 2.260313132381914336e+00 1.000000000000000056e-01
1.846999999999999886e+01 7.875789075451931076e-01 2.261866838494380971e+00 1.000000000000000056e-01
1.848000000000000043e+01 7.950687596127610224e-01 2.263446267213303109e+00 1.000000000000000056e-01
1.849000000000000199e+01 8.024562406733029007e-01 2.265050597314880232e+00 1.000000000000000056e-01
1.850000000000000000e+01 8.097401947642527409e-01 2.266678996543064706e+00 1.000000000000000056e-01
1.851000000000000156e+01 8.169194897935273536e-01 2.268330622221408799e+00 1.000000000000000056e-01
1.851999999999999957e+01 8.239930179573572433e-01 2.270004621868614514e+00 1.000000000000000056e-01
1.853000000000000114e+01 8.309596961394895009e-01 2.271700133816264344e+00 1.000000000000000056e-01
1.853999999999999915e+01 8.378184662888441547e-01 2.273416287827421112e+00 1.000000000000000056e-01
1.855000000000000071e+01 8.445682957780001887e-01 2.275152205716449050e+00 1.000000000000000056e-01
1.855999999999999872e+01 8.512081777393973869e-01 2.276907001967641175e+00 1.000000000000000056e-01
1.857000000000000028e+01 8.577371313810928655e-01 2.278679784353197846e+00 1.000000000000000056e-01
1.858000000000000185e+01 8.641542022814778790e-01 2.280469654549585723e+00 1.000000000000000056e-01
1.858999999999999986e+01 8.704584626621183485e-01 2.282275708749753385e+00 1.000000000000000056e-01
1.860000000000000142e+01 8.766490116396609134e-01 2.284097038273910307e+00 1.000000000000000056e-01
1.860999999999999943e+01 8.827249754570676288e-01 2.285932730174080163e+00 1.000000000000000056e-01
1.862000000000000099e+01 8.886855076924432550e-01 2.287781867834826510e+00 1.000000000000000056e-01
1.862999999999999901e+01 8.945297894492146851e-01 2.289643531568396284e+00 1.000000000000000056e-01
1.864000000000000057e+01 9.002570295234740838e-01 2.291516799202756083e+00 1.000000000000000056e-01
1.865000000000000213e+01 9.058664645520296821e-01 2.293400746663358358e+00 1.000000000000000056e-01
1.866000000000000014e+01 9.113573591406036734e-01 2.295294448547393173e+00 1.000000000000000056e-01
1.867000000000000171e+01 9.167290059707282612e-01 2.297196978689575619e+00 1.000000000000000056e-01
1.867999999999999972e+01 9.219807258882435352e-01 2.299107410719523514e+00 1.000000000000000056e-01
1.869000000000000128e+01 9.271118679716549016e-01 2.301024818610026390e+00 1.000000000000000056e-01
1.869999999999999929e+01 9.321218095808015969e-01 2.302948277215543627e+00 1.000000000000000056e-01
1.871000000000000085e+01 9.370099563881136850e-01 2.304876862800934845e+00 1.000000000000000056e-01
1.871999999999999886e+01 9.417757423889820956e-01 2.306809653559521944e+00 1.000000000000000056e-01
1.873000000000000043e+01 9.464186298956367427e-01 2.308745730120173256e+00 1.000000000000000056e-01
1.874000000000000199e+01 9.509381095110862603e-01 2.310684176043341420e+00 1.000000000000000056e-01
1.875000000000000000e+01 9.553337000872428320e-01 2.312624078306105613e+00 1.000000000000000056e-01
1.876000000000000156e+01 9.596049486621105462e-01 2.314564527773813385e+00 1.000000000000000056e-01
1.876999999999999957e+01 9.637514303835676976e-01 2.316504619661730047e+00 1.000000000000000056e-01
1.878000000000000114e+01 9.677727484119981183e-01 2.318443453982322655e+00 1.000000000000000056e-01
1.878999999999999915e+01 9.716685338084531942e-01 2.320380135981348513e+00 1.000000000000000056e-01
1.880000000000000071e+01 9.754384454055212705e-01 2.322313776560381182e+00 1.000000000000000056e-01
1.880999999999999872e+01 9.790821696606827329e-01 2.324243492686351775e+00 1.000000000000000056e-01
1.882000000000000028e+01 9.825994204950134758e-01 2.326168407788931525e+00 1.000000000000000056e-01
1.883000000000000185e+01 9.859899391144971714e-01 2.328087652143070674e+00 1.000000000000000056e-01
1.883999999999999986e+01 9.892534938166842595e-01 2.330000363239487893e+00 1.000000000000000056e-01
1.885000000000000142e+01 9.923898797813852646e-01 2.331905686141880096e+00 1.000000000000000056e-01
1.885999999999999943e+01 9.953989188466975113e-01 2.333802773829461330e+00 1.000000000000000056e-01
1.887000000000000099e+01 9.982804592699562329e-01 2.335690787528009960e+00 1.000000000000000056e-01
1.887999999999999901e+01 1.001034375475373883e+00 2.337568897026038428e+00 1.000000000000000056e-01
1.889000000000000057e+01 1.003660567786362146e+00 2.339436280979124039e+00 1.000000000000000056e-01
1.890000000000000213e+01 1.006158962145708990e+00 2.341292127200144346e+00 1.000000000000000056e-01
1.891000000000000014e+01 1.008529509822459369e+00 2.343135632937861423e+00 1.000000000000000056e-01
1.892000000000000171e+01 1.010772187105647424e+00 2.344966005141527532e+00 1.000000000000000056e-01
1.892999999999999972e+01 1.012886994987002076e+00 2.346782460713893848e+00 1.000000000000000056e-01
1.894000000000000128e+01 1.014873958831415957e+00 2.348584226752411741e+00 1.000000000000000056e-01
1.894999999999999929e+01 1.016733128036868328e+00 2.350370540776293815e+00 1.000000000000000056e-01
1.896000000000000085e+01 1.018464575683257767e+00 2.352140650945224731e+00 1.000000000000000056e-01
1.896999999999999886e+01 1.020068398172232271e+00 2.353893816262856653e+00 1.000000000000000056e-01
1.898000000000000043e+01 1.021544714856831071e+00 2.355629306771553466e+00 1.000000000000000056e-01
1.899000000000000199e+01 1.022893667662252870e+00 2.357346403735336438e+00 1.000000000000000056e-01
1.900000000000000000e+01 1.024115420699396539e+00 2.359044399811707216e+00 1.000000000000000056e-01
1.901000000000000156e+01 1.025210159869192283e+00 2.360722599212618622e+00 1.000000000000000056e-01
1.901999999999999957e+01 1.026178092460858338e+00 2.362380317857097900e+00 1.000000000000000056e-01
1.903000000000000114e+01 1.027019446743333342e+00 2.364016883510341671e+00 1.000000000000000056e-01
1.903999999999999915e+01 1.027734471550263873e+00 2.365631635917330833e+00 1.000000000000000056e-01
1.905000000000000071e+01 1.028323435859971324e+00 2.367223926922849220e+00 1.000000000000000056e-01
1.905999999999999872e+01 1.028786628370054634e+00 2.368793120585400036e+00 1.000000000000000056e-01
1.907000000000000028e+01 1.029124357067604079e+00 2.370338593280683526e+00 1.000000000000000056e-01
1.908000000000000185e+01 1.029336948795086748e+00 2.371859733797023750e+00 1.000000000000000056e-01
1.908999999999999986e+01 1.029424748813042134e+00 2.373355943422676528e+00 1.000000000000000056e-01
1.910000000000000142e+01 1.029388120358787795e+00 2.374826636025377802e+00 1.000000000000000056e-01
1.910999999999999943e+01 1.029227444202698738e+00 2.376271238124287422e+00 1.000000000000000056e-01
1.912000000000000099e+01 1.028943118202042095e+00 2.377689188955427468e+00 1.000000000000000056e-01
1.912999999999999901e+01 1.028535556851726485e+00 2.379079940529750914e+00 1.000000000000000056e-01
1.914000000000000057e+01 1.028005190834588634e+00 2.380442957686520256e+00 1.000000000000000056e-01
1.915000000000000213e+01 1.027352466569158906e+00 2.381777718138631261e+00 1.000000000000000056e-01
1.916000000000000014e+01 1.026577845756192486e+00 2.383083712515791763e+00 1.000000000000000056e-01
1.917000000000000171e+01 1.025681804926080076e+00 2.384360444399831636e+00 1.000000000000000056e-01
1.917999999999999972e+01 1.024664834984136075e+00 2.385607430357374437e+00 1.000000000000000056e-01
1.919000000000000128e+01 1.023527440757407092e+00 2.386824199968429205e+00 1.000000000000000056e-01
1.919999999999999929e+01 1.022270140541980954e+00 2.388010295850575559e+00 1.000000000000000056e-01
1.921000000000000085e+01 1.020893465651065091e+00 2.389165273680684543e+00 1.000000000000000056e-01
1.921999999999999886e+01 1.019397959965651079e+00 2.390288702213609451e+00 1.000000000000000056e-01
1.923000000000000043e+01 1.017784179485933915e+00 2.391380163298727712e+00 1.000000000000000056e-01
1.924000000000000199e+01 1.016052691886820458e+00 2.392439251894277419e+00 1.000000000000000056e-01
1.925000000000000000e+01 1.014204076074707084e+00 2.393465576079641277e+00 1.000000000000000056e-01
1.926000000000000156e+01 1.012238921748182197e+00 2.394458757068165244e+00 1.000000000000000056e-01
1.926999999999999957e+01 1.010157828961782300e+00 2.395418429215899536e+00 1.000000000000000056e-01
1.928000000000000114e+01 1.007961407692425704e+00 2.396344240033476680e+00 1.000000000000000056e-01
1.928999999999999915e+01 1.005650277409785964e+00 2.397235850194538553e+00 1.000000000000000056e-01
1.930000000000000071e+01 1.003225066649729769e+00 2.398092933546338568e+00 1.000000000000000056e-01
1.930999999999999872e+01 1.000686412590877872e+00 2.398915177119472553e+00 1.000000000000000056e-01
1.932000000000000028e+01 9.980349606338034807e-01 2.399702281138811788e+00 1.000000000000000056e-01
1.933000000000000185e+01 9.952713639855725880e-01 2.400453959034862361e+00 1.000000000000000056e-01
1.933999999999999986e+01 9.923962832443835591e-01 2.401169937456124615e+00 1.000000000000000056e-01
1.935000000000000142e+01 9.894103859910760024e-01 2.401849956283438559e+00 1.000000000000000056e-01
1.935999999999999943e+01 9.863143463817677370e-01 2.402493768644279992e+00 1.000000000000000056e-01
1.937000000000000099e+01 9.831088447466831415e-01 2.403101140929213120e+00 1.000000000000000056e-01
1.937999999999999901e+01 9.797945671925430977e-01 2.403671852811126275e+00 1.000000000000000056e-01
1.939000000000000057e+01 9.763722052109089500e-01 2.404205697263169572e+00 1.000000000000000056e-01
1.940000000000000213e+01 9.728424552922874113e-01 2.404702480581446977e+00 1.000000000000000056e-01
1.941000000000000014e+01 9.692060185476205625e-01 2.405162022407451250e+00 1.000000000000000056e-01
1.942000000000000171e+01 9.654636003361544150e-01 2.405584155752927611e+00 1.000000000000000056e-01
1.942999999999999972e+01 9.616159099033431135e-01 2.405968727026937426e+00 1.000000000000000056e-01
1.944000000000000128e+01 9.576636600260621801e-01 2.406315596063174578e+00 1.000000000000000056e-01
1.944999999999999929e+01 9.536075666683342389e-01 2.406624636150895391e+00 1.000000000000000056e-01
1.946000000000000085e+01 9.494483486472093947e-01 2.406895734066884174e+00 1.000000000000000056e-01
1.946999999999999886e+01 9.451867273078731202e-01 2.407128790107701644e+00 1.000000000000000056e-01
1.948000000000000043e+01 9.408234262114684165e-01 2.407323718126602508e+00 1.000000000000000056e-01
1.949000000000000199e+01 9.363591708307430483e-01 2.407480445569274874e+00 1.000000000000000056e-01
1.950000000000000000e+01 9.317946882600252057e-01 2.407598913512574157e+00 1.000000000000000056e-01
1.951000000000000156e+01 9.271307069316335747e-01 2.407679076705477872e+00 1.000000000000000056e-01
1.951999999999999957e+01 9.223679563464053377e-01 2.407720903609483543e+00 1.000000000000000056e-01
1.953000000000000114e+01 9.175071668118985890e-01 2.407724376442696101e+00 1.000000000000000056e-01
1.953999999999999915e+01 9.125490691909632357e-01 2.407689491223376166e+00 1.000000000000000056e-01
1.955000000000000071e+01 9.074943946612525902e-01 2.407616257816675986e+00 1.000000000000000056e-01
1.955999999999999872e+01 9.023438744817073864e-01 2.407504699979720275e+00 1.000000000000000056e-01
1.957000000000000028e+01 8.970982397705903333e-01 2.407354855410509309e+00 1.000000000000000056e-01
1.958000000000000185e+01 8.917582212913036654e-01 2.407166775795409830e+00 1.000000000000000056e-01
1.958999999999999986e+01 8.863245492480669174e-01 2.406940526858030172e+00 1.000000000000000056e-01
1.960000000000000142e+01 8.807979530906075993e-01 2.406676188408185535e+00 1.000000000000000056e-01
1.960999999999999943e+01 8.751791613288106841e-01 2.406373854391148814e+00 1.000000000000000056e-01
1.962000000000000099e+01 8.694689013573867475e-01 2.406033632936217526e+00 1.000000000000000056e-01
1.962999999999999901e+01 8.636678992901842822e-01 2.405655646405259862e+00 1.000000000000000056e-01
1.964000000000000057e+01 8.577768798066536249e-01 2.405240031440617265e+00 1.000000000000000056e-01
1.965000000000000213e+01 8.517965660093769209e-01 2.404786939011439362e+00 1.000000000000000056e-01
1.966000000000000014e+01 8.457276792921841757e-01 2.404296534459622769e+00 1.000000000000000056e-01
1.967000000000000171e+01 8.395709392242897140e-01 2.403768997543517028e+00 1.000000000000000056e-01
1.967999999999999972e+01 8.333270634438513236e-01 2.403204522480438143e+00 1.000000000000000056e-01
1.969000000000000128e+01 8.269967675674487761e-01 2.402603317986379050e+00 1.000000000000000056e-01
1.969999999999999929e+01 8.205807651131277192e-01 2.401965607315204032e+00 1.000000000000000056e-01
1.971000000000000085e+01 8.140797674364944614e-01 2.401291628292172131e+00 1.000000000000000056e-01
1.971999999999999886e+01 8.074944836821494887e-01 2.400581633348611188e+00 1.000000000000000056e-01
1.973000000000000043e+01 8.008256207478989808e-01 2.399835889550177459e+00 1.000000000000000056e-01
1.974000000000000199e+01 7.940738832631244470e-01 2.399054678624069403e+00 1.000000000000000056e-01
1.975000000000000000e+01 7.872399735797968034e-01 2.398238296981537232e+00 1.000000000000000056e-01
1.976000000000000156e+01 7.803245917759679129e-01 2.397387055737186579e+00 1.000000000000000056e-01
1.976999999999999957e+01 7.733284356702565532e-01 2.396501280724381289e+00 1.000000000000000056e-01
1.978000000000000114e+01 7.662522008487444580e-01 2.395581312505891791e+00 1.000000000000000056e-01
1.978999999999999915e+01 7.590965806995243481e-01 2.394627506380290427e+00 1.000000000000000056e-01
1.980000000000000071e+01 7.518622664593415106e-01 2.393640232383686950e+00 1.000000000000000056e-01
1.980999999999999872e+01 7.445499472675398689e-01 2.392619875285938669e+00 1.000000000000000056e-01
1.982000000000000028e+01 7.371603102288455389e-01 2.391566834581266399e+00 1.000000000000000056e-01
1.983000000000000185e+01 7.296940404859073581e-01 2.390481524473366814e+00 1.000000000000000056e-01
1.983999999999999986e+01 7.221518212989480601e-01 2.389364373854098833e+00 1.000000000000000056e-01
1.985000000000000142e+01 7.145343341351212407e-01 2.388215826275383868e+00 1.000000000000000056e-01
1.985999999999999943e+01 7.068422587680667224e-01 2.387036339914382133e+00 1.000000000000000056e-01
1.987000000000000099e+01 6.990762733852703414e-01 2.385826387530840087e+00 1.000000000000000056e-01
1.987999999999999901e+01 6.912370547086066352e-01 2.384586456417524758e+00 1.000000000000000056e-01
1.989000000000000057e+01 6.833252781235015227e-01 2.383317048341919264e+00 1.000000000000000056e-01
1.990000000000000213e+01 6.753416178216510302e-01 2.382018679479784851e+00 1.000000000000000056e-01
1.991000000000000014e+01 6.672867469540596508e-01 2.380691880340639166e+00 1.000000000000000056e-01
1.992000000000000171e+01 6.591613377974550048e-01 2.379337195683570716e+00 1.000000000000000056e-01
1.992999999999999972e+01 6.509660619309072249e-01 2.377955184425618818e+00 1.000000000000000056e-01
1.994000000000000128e+01 6.427015904258206458e-01 2.376546419539334210e+00 1.000000000000000056e-01
1.994999999999999929e+01 6.343685940449620420e-01 2.375111487942649369e+00 1.000000000000000056e-01
1.996000000000000085e+01 6.259677434530998008e-01 2.373650990379074344e+00 1.000000000000000056e-01
1.996999999999999886e+01 6.174997094360444860e-01 2.372165541288785207e+00 1.000000000000000056e-01
1.998000000000000043e+01 6.089651631286612243e-01 2.370655768669598373e+00 1.000000000000000056e-01
1.999000000000000199e+01 6.003647762490375017e-01 2.369122313930402957e+00 1.000000000000000056e-01
2.000000000000000000e+01 5.916992213413135859e-01 2.367565831733514425e+00 1.000000000000000056e-01
2.001000000000000156e+01 5.829691720218159734e-01 2.365986989828030573e+00 1.000000000000000056e-01
2.001999999999999957e+01 5.741753032324687922e-01 2.364386468873947322e+00 1.000000000000000056e-01
2.003000000000000114e+01 5.653182914974597129e-01 2.362764962256225232e+00 1.000000000000000056e-01
2.003999999999999915e+01 5.563988151858594300e-01 2.361123175888790726e+00 1.000000000000000056e-01
2.005000000000000071e+01 5.474175547775306239e-01 2.359461828007642925e+00 1.000000000000000056e-01
2.005999999999999872e+01 5.383751931346340003e-01 2.357781648955536546e+00 1.000000000000000056e-01
2.007000000000000028e+01 5.292724157771675486e-01 2.356083380952953554e+00 1.000000000000000056e-01
2.008000000000000185e+01 5.201099111638851635e-01 2.354367777860702393e+00 1.000000000000000056e-01
2.008999999999999986e+01 5.108883709777224391e-01 2.352635604928946744e+00 1.000000000000000056e-01
2.010000000000000142e+01 5.016084904167905645e-01 2.350887638536944824e+00 1.000000000000000056e-01
2.010999999999999943e+01 4.922709684893414317e-01 2.349124665918501442e+00 1.000000000000000056e-01
2.012000000000000099e+01 4.828765083141626224e-01 2.347347484878085755e+00 1.000000000000000056e-01
2.012999999999999901e+01 4.734258174241152695e-01 2.345556903493168921e+00 1.000000000000000056e-01
2.014000000000000057e+01 4.639196080744136808e-01 2.343753739806266001e+00 1.000000000000000056e-01
2.015000000000000213e+01 4.543585975515673780e-01 2.341938821504661483e+00 1.000000000000000056e-01
2.016000000000000014e+01 4.447435084871497746e-01 2.340112985589335004e+00 1.000000000000000056e-01
2.017000000000000171e+01 4.350750691701088524e-01 2.338277078033020651e+00 1.000000000000000056e-01
2.017999999999999972e+01 4.253540138612085242e-01 2.336431953427871466e+00 1.000000000000000056e-01
2.019000000000000128e+01 4.155810831077196288e-01 2.334578474623154154e+00 1.000000000000000056e-01
2.019999999999999929e+01 4.057570240557834551e-01 2.332717512353623235e+00 1.000000000000000056e-01
2.021000000000000085e+01 3.958825907646335573e-01 2.330849944858077727e+00 1.000000000000000056e-01
2.021999999999999886e+01 3.859585445177465268e-01 2.328976657489485014e+00 1.000000000000000056e-01
2.023000000000000043e+01 3.759856541343246650e-01 2.327098542316175855e+00 1.000000000000000056e-01
2.024000000000000199e+01 3.659646962798569492e-01 2.325216497714087005e+00 1.000000000000000056e-01
2.025000000000000000e+01 3.558964557758096947e-01 2.323331427951250028e+00 1.000000000000000056e-01
2.026000000000000156e+01 3.457817259084935979e-01 2.321444242761991017e+00 1.000000000000000056e-01
2.026999999999999957e+01 3.356213087383018157e-01 2.319555856915462844e+00 1.000000000000000056e-01
2.028000000000000114e+01 3.254160154071474853e-01 2.317667189772426806e+00 1.000000000000000056e-01
2.028999999999999915e+01 3.151666664454617628e-01 2.315779164836475612e+00 1.000000000000000056e-01
2.030000000000000071e+01 3.048740920783176711e-01 2.313892709295222616e+00 1.000000000000000056e-01
2.030999999999999872e+01 2.945391325283957529e-01 2.312008753554294138e+00 1.000000000000000056e-01
2.032000000000000028e+01 2.841626383183172289e-01 2.310128230762853896e+00 1.000000000000000056e-01
2.033000000000000185e+01 2.737454705673549316e-01 2.308252076332031333e+00 1.000000000000000056e-01
2.033999999999999986e+01 2.632885012868917407e-01 2.306381227445470472e+00 1.000000000000000056e-01
2.035000000000000142e+01 2.527926136683741332e-01 2.304516622562629014e+00 1.000000000000000056e-01
2.035999999999999943e+01 2.422587023683018537e-01 2.302659200915765592e+00 1.000000000000000056e-01
2.037000000000000099e+01 2.316876737855083912e-01 2.300809902000034768e+00 1.000000000000000056e-01
2.037999999999999901e+01 2.210804463323887137e-01 2.298969665057169376e+00 1.000000000000000056e-01
2.039000000000000057e+01 2.104379506988777182e-01 2.297139428553439444e+00 1.000000000000000056e-01
2.040000000000000213e+01 1.997611301091039571e-01 2.295320129652338448e+00 1.000000000000000056e-01
2.041000000000000014e+01 1.890509405694883183e-01 2.293512703681556797e+00 1.000000000000000056e-01
2.042000000000000171e+01 1.783083511084153916e-01 2.291718083594588062e+00 1.000000000000000056e-01
2.042999999999999972e+01 1.675343440072646628e-01 2.289937199429406878e+00 1.000000000000000056e-01
2.044000000000000128e+01 1.567299150212202730e-01 2.288170977760708436e+00 1.000000000000000056e-01
2.044999999999999929e+01 1.458960735906171813e-01 2.286420341150421809e+00 1.000000000000000056e-01
2.046000000000000085e+01 1.350338430407814205e-01 2.284686207593420004e+00 1.000000000000000056e-01
2.046999999999999886e+01 1.241442607700944945e-01 2.282969489960262610e+00 1.000000000000000056e-01
2.048000000000000043e+01 1.132283784271515686e-01 2.281271095438613727e+00 1.000000000000000056e-01
2.049000000000000199e+01 1.022872620722959369e-01 2.279591924970566730e+00 1.000000000000000056e-01
2.050000000000000000e+01 9.132199232782062248e-02 2.277932872689675481e+00 1.000000000000000056e-01
2.051000000000000156e+01 8.033366451197163083e-02 2.276294825355845930e+00 1.000000000000000056e-01
2.051999999999999957e+01 6.932338875880021678e-02 2.274678661789761414e+00 1.000000000000000056e-01
2.053000000000000114e+01 5.829229012317574399e-02 2.273085252306204840e+00 1.000000000000000056e-01
2.053999999999999915e+01 4.724150866900989065e-02 2.271515458147823185e+00 1.000000000000000056e-01
2.055000000000000071e+01 3.617219954427709772e-02 2.269970130918496309e+00 1.000000000000000056e-01
2.055999999999999872e+01 2.508553303922661515e-02 2.268450112018863152e+00 1.000000000000000056e-01
2.057000000000000028e+01 1.398269463049994603e-02 2.266956232080350020e+00 1.000000000000000056e-01
2.058000000000000185e+01 2.864885010979971013e-03 2.265489310404025680e+00 1.000000000000000056e-01
2.058999999999999986e+01 -8.266679894589209002e-03 2.264050154398830283e+00 1.000000000000000056e-01
2.060000000000000142e+01 -1.941076892766967210e-02 2.262639559023556846e+00 1.000000000000000056e-01
2.060999999999999943e+01 -3.056613570734207849e-02 2.261258306231811233e+00 1.000000000000000056e-01
2.062000000000000099e+01 -4.173151865515876968e-02 2.259907164420734027e+00 1.000000000000000056e-01
2.062999999999999901e+01 -5.290564103365187620e-02 2.258586887882922944e+00 1.000000000000000056e-01
2.064000000000000057e+01 -6.408721099819442157e-02 2.257298216264540525e+00 1.000000000000000056e-01
2.065000000000000213e+01 -7.527492166432682430e-02 2.256041874028207772e+00 1.000000000000000056e-01
2.066000000000000014e+01 -8.646745118818488507e-02 2.254818569921826388e+00 1.000000000000000056e-01
2.067000000000000171e+01 -9.766346286590933679e-02 2.253628996454407396e+00 1.000000000000000056e-01
2.067999999999999972e+01 -1.088616052463074468e-01 2.252473829380374770e+00 1.000000000000000056e-01
2.069000000000000128e+01 -1.200605122641160011e-01 2.251353727189940646e+00 1.000000000000000056e-01
2.069999999999999929e+01 -1.312588033907403917e-01 2.250269330610237706e+00 1.000000000000000056e-01
2.071000000000000085e+01 -1.424550838042065448e-01 2.249221262116089637e+00 1.000000000000000056e-01
2.071999999999999886e+01 -1.536479445794871890e-01 2.248210125447984709e+00 1.000000000000000056e-01
2.073000000000000043e+01 -1.648359628995283432e-01 2.247236505145469021e+00 1.000000000000000056e-01
2.074000000000000199e+01 -1.760177022854182149e-01 2.246300966087517281e+00 1.000000000000000056e-01
2.075000000000000000e+01 -1.871917128497187222e-01 2.245404053047290738e+00 1.000000000000000056e-01
2.076000000000000156e+01 -1.983565315667775719e-01 2.244546290258360166e+00 1.000000000000000056e-01
2.076999999999999957e+01 -2.095106825661294525e-01 2.243728180993928234e+00 1.000000000000000056e-01
2.078000000000000114e+01 -2.206526774431124827e-01 2.242950207159678300e+00 1.000000000000000056e-01
2.078999999999999915e+01 -2.317810155901020852e-01 2.242212828900099097e+00 1.000000000000000056e-01
2.080000000000000071e+01 -2.428941845446384307e-01 2.241516484219279182e+00 1.000000000000000056e-01
2.080999999999999872e+01 -2.539906603573089949e-01 2.240861588617083289e+00 1.000000000000000056e-01
2.082000000000000028e+01 -2.650689079753767996e-01 2.240248534739912145e+00 1.000000000000000056e-01
2.083000000000000185e+01 -2.761273816456115693e-01 2.239677692047589819e+00 1.000000000000000056e-01
2.083999999999999986e+01 -2.871645253326638447e-01 2.239149406497618067e+00 1.000000000000000056e-01
2.085000000000000142e+01 -2.981787731561921784e-01 2.238664000244367625e+00 1.000000000000000056e-01
2.085999999999999943e+01 -3.091685498432157342e-01 2.238221771357646883e+00 1.000000000000000056e-01
2.087000000000000099e+01 -3.201322711999130544e-01 2.237822993558221008e+00 1.000000000000000056e-01
2.087999999999999901e+01 -3.310683445985986295e-01 2.237467915971463217e+00 1.000000000000000056e-01
2.089000000000000057e+01 -3.419751694833276789e-01 2.237156762900736950e+00 1.000000000000000056e-01
2.090000000000000213e+01 -3.528511378913721797e-01 2.236889733619588316e+00 1.000000000000000056e-01
2.091000000000000014e+01 -3.636946349933150580e-01 2.236667002182647579e+00 1.000000000000000056e-01
2.092000000000000171e+01 -3.745040396468042321e-01 2.236488717258824810e+00 1.000000000000000056e-01
2.092999999999999972e+01 -3.852777249696903161e-01 2.236355001982091917e+00 1.000000000000000056e-01
2.094000000000000128e+01 -3.960140589249100396e-01 2.236265953825046893e+00 1.000000000000000056e-01
2.094999999999999929e+01 -4.067114049228113815e-01 2.236221644492016658e+00 1.000000000000000056e-01
2.096000000000000085e+01 -4.173681224342859486e-01 2.236222119833556121e+00 1.000000000000000056e-01
2.096999999999999886e+01 -4.279825676191859052e-01 2.236267399782869258e+00 1.000000000000000056e-01
2.098000000000000043e+01 -4.385530939640782111e-01 2.236357478312434477e+00 1.000000000000000056e-01
2.099000000000000199e+01 -4.490780529318261771e-01 2.236492323413131533e+00 1.000000000000000056e-01
2.100000000000000000e+01 -4.595557946213440492e-01 2.236671877094954297e+00 1.000000000000000056e-01
2.101000000000000156e+01 -4.699846684351415838e-01 2.236896055409443473e+00 1.000000000000000056e-01
2.101999999999999957e+01 -4.803630237559773919e-01 2.237164748493827737e+00 1.000000000000000056e-01
2.103000000000000114e+01 -4.906892106315032809e-01 2.237477820638039905e+00 1.000000000000000056e-01
2.103999999999999915e+01 -5.009615804644023118e-01 2.237835110372321079e+00 1.000000000000000056e-01
2.105000000000000071e+01 -5.111784867106818897e-01 2.238236430579151115e+00 1.000000000000000056e-01
2.105999999999999872e+01 -5.213382855830087648e-01 2.238681568624708795e+00 1.000000000000000056e-01
2.107000000000000028e+01 -5.314393367591422335e-01 2.239170286514390984e+00 1.000000000000000056e-01
2.108000000000000185e+01 -5.414800040963535510e-01 2.239702321069350965e+00 1.000000000000000056e-01
2.108999999999999986e+01 -5.514586563485404103e-01 2.240277384124984117e+00 1.000000000000000056e-01
2.110000000000000142e+01 -5.613736678881050546e-01 2.240895162751042502e+00 1.000000000000000056e-01
2.110999999999999943e+01 -5.712234194296103018e-01 2.241555319493127918e+00 1.000000000000000056e-01
2.112000000000000099e+01 -5.810062987553555880e-01 2.242257492635267635e+00 1.000000000000000056e-01
2.112999999999999901e+01 -5.907207014419684210e-01 2.243001296483688733e+00 1.000000000000000056e-01
2.114000000000000057e+01 -6.003650315866226883e-01 2.243786321669802852e+00 1.000000000000000056e-01
2.115000000000000213e+01 -6.099377025308604372e-01 2.244612135475330117e+00 1.000000000000000056e-01
2.116000000000000014e+01 -6.194371375836498217e-01 2.245478282174406814e+00 1.000000000000000056e-01
2.117000000000000171e+01 -6.288617707392417655e-01 2.246384283397401926e+00 1.000000000000000056e-01
2.117999999999999972e+01 -6.382100473907598159e-01 2.247329638512198802e+00 1.000000000000000056e-01
2.119000000000000128e+01 -6.474804250382060200e-01 2.248313825022803858e+00 1.000000000000000056e-01
2.119999999999999929e+01 -6.566713739897822588e-01 2.249336298988831029e+00 1.000000000000000056e-01
2.121000000000000085e+01 -6.657813780558016203e-01 2.250396495457855917e+00 1.000000000000000056e-01
2.121999999999999886e+01 -6.748089352339990965e-01 2.251493828918754936e+00 1.000000000000000056e-01
2.123000000000000043e+01 -6.837525583865629031e-01 2.252627693768397332e+00 1.000000000000000056e-01
2.124000000000000199e+01 -6.926107759079282999e-01 2.253797464794633498e+00 1.000000000000000056e-01
2.125000000000000000e+01 -7.013821323820614850e-01 2.255002497675276718e+00 1.000000000000000056e-01
2.126000000000000156e+01 -7.100651892302142221e-01 2.256242129489904880e+00 1.000000000000000056e-01
2.126999999999999957e+01 -7.186585253479407243e-01 2.257515679247066309e+00 1.000000000000000056e-01
2.128000000000000114e+01 -7.271607377305884246e-01 2.258822448422499019e+00 1.000000000000000056e-01
2.128999999999999915e+01 -7.355704420874771277e-01 2.260161721512683464e+00 1.000000000000000056e-01
2.130000000000000071e+01 -7.438862734439164459e-01 2.261532766596693111e+00 1.000000000000000056e-01
2.130999999999999872e+01 -7.521068867301756722e-01 2.262934835911643461e+00 1.000000000000000056e-01
2.132000000000000028e+01 -7.602309573575032342e-01 2.264367166436802137e+00 1.000000000000000056e-01
2.133000000000000185e+01 -7.682571817786286728e-01 2.265828980487236688e+00 1.000000000000000056e-01
2.133999999999999986e+01 -7.761842780346270843e-01 2.267319486316525357e+00 1.000000000000000056e-01
2.135000000000000142e+01 -7.840109862850181965e-01 2.268837878725625146e+00 1.000000000000000056e-01
2.135999999999999943e+01 -7.917360693202387667e-01 2.270383339680472012e+00 1.000000000000000056e-01
2.137000000000000099e+01 -7.993583130581185525e-01 2.271955038933282989e+00 1.000000000000000056e-01
2.137999999999999901e+01 -8.068765270201742057e-01 2.273552134650084877e+00 1.000000000000000056e-01
2.139000000000000057e+01 -8.142895447891721483e-01 2.275173774042312580e+00 1.000000000000000056e-01
2.140000000000000213e+01 -8.215962244473241638e-01 2.276819094000222865e+00 1.000000000000000056e-01
2.141000000000000014e+01 -8.287954489924987955e-01 2.278487221730445711e+00 1.000000000000000056e-01
2.142000000000000171e+01 -8.358861267350172763e-01 2.280177275393238112e+00 1.000000000000000056e-01
2.142999999999999972e+01 -8.428671916722579871e-01 2.281888364741173181e+00 1.000000000000000056e-01
2.144000000000000128e+01 -8.497376038415851429e-01 2.283619591757065859e+00 1.000000000000000056e-01
2.144999999999999929e+01 -8.564963496523573250e-01 2.285370051291099269e+00 1.000000000000000056e-01
2.146000000000000085e+01 -8.631424421953225457e-01 2.287138831695269658e+00 1.000000000000000056e-01
2.146999999999999886e+01 -8.696749215312716830e-01 2.288925015455819612e+00 1.000000000000000056e-01
2.148000000000000043e+01 -8.760928549565892842e-01 2.290727679821297880e+00 1.000000000000000056e-01
2.149000000000000199e+01 -8.823953372492310265e-01 2.292545897427046064e+00 1.000000000000000056e-01
2.150000000000000000e+01 -8.885814908909693832e-01 2.294378736913755823e+00 1.000000000000000056e-01
2.151000000000000156e+01 -8.946504662708028022e-01 2.296225263540718320e+00 1.000000000000000056e-01
2.151999999999999957e+01 -9.006014418650035713e-01 2.298084539792858649e+00 1.000000000000000056e-01
2.153000000000000114e+01 -9.064336243981389041e-01 2.299955625979939189e+00 1.000000000000000056e-01
2.153999999999999915e+01 -9.121462489822065312e-01 2.301837580828108631e+00 1.000000000000000056e-01
2.155000000000000071e+01 -9.177385792354317839e-01 2.303729462064133759e+00 1.000000000000000056e-01
2.155999999999999872e+01 -9.232099073823639701e-01 2.305630326989594359e+00 1.000000000000000056e-01
2.157000000000000028e+01 -9.285595543311914168e-01 2.307539233045121652e+00 1.000000000000000056e-01
2.158000000000000185e+01 -9.337868697341921154e-01 2.309455238367725372e+00 1.000000000000000056e-01
2.158999999999999986e+01 -9.388912320272418954e-01 2.311377402333714581e+00 1.000000000000000056e-01
2.160000000000000142e+01 -9.438720484503465569e-01 2.313304786093723031e+00 1.000000000000000056e-01
2.160999999999999943e+01 -9.487287550498125777e-01 2.315236453096209956e+00 1.000000000000000056e-01
2.162000000000000099e+01 -9.534608166615773372e-01 2.317171469597353539e+00 1.000000000000000056e-01
2.162999999999999901e+01 -9.580677268762757270e-01 2.319108905162524437e+00 1.000000000000000056e-01
2.164000000000000057e+01 -9.625490079860459236e-01 2.321047833151537620e+00 1.000000000000000056e-01
2.165000000000000213e+01 -9.669042109142758079e-01 2.322987331195687677e+00 1.000000000000000056e-01
2.166000000000000014e+01 -9.711329151270888804e-01 2.324926481657330068e+00 1.000000000000000056e-01
2.167000000000000171e+01 -9.752347285278137878e-01 2.326864372080905685e+00 1.000000000000000056e-01
2.167999999999999972e+01 -9.792092873345823456e-01 2.328800095627588274e+00 1.000000000000000056e-01
2.169000000000000128e+01 -9.830562559405000567e-01 2.330732751497001320e+00 1.000000000000000056e-01
2.169999999999999929e+01 -9.867753267582565213e-01 2.332661445337158579e+00 1.000000000000000056e-01
2.171000000000000085e+01 -9.903662200474273591e-01 2.334585289637843175e+00 1.000000000000000056e-01
2.171999999999999886e+01 -9.938286837263132778e-01 2.336503404112464377e+00 1.000000000000000056e-01
2.173000000000000043e+01 -9.971624931677751658e-01 2.338414916064074145e+00 1.000000000000000056e-01
2.174000000000000199e+01 -1.000367450980508943e+00 2.340318960739298682e+00 1.000000000000000056e-01
2.175000000000000000e+01 -1.003443386774483415e+00 2.342214681666522136e+00 1.000000000000000056e-01
2.176000000000000156e+01 -1.006390156911654010e+00 2.344101230981386674e+00 1.000000000000000056e-01
2.176999999999999957e+01 -1.009207644244503710e+00 2.345977769737753515e+00 1.000000000000000056e-01
2.178000000000000114e+01 -1.011895757837879994e+00 2.347843468205854212e+00 1.000000000000000056e-01
2.178999999999999915e+01 -1.014454432680595097e+00 2.349697506154983184e+00 1.000000000000000056e-01
2.180000000000000071e+01 -1.016883629382075105e+00 2.351539073125930912e+00 1.000000000000000056e-01
2.180999999999999872e+01 -1.019183333857742957e+00 2.353367368686206884e+00 1.000000000000000056e-01
2.182000000000000028e+01 -1.021353557002790291e+00 2.355181602676507779e+00 1.000000000000000056e-01
2.183000000000000185e+01 -1.023394334353184165e+00 2.356980995440939530e+00 1.000000000000000056e-01
2.183999999999999986e+01 -1.025305725737705398e+00 2.358764778047024890e+00 1.000000000000000056e-01
2.185000000000000142e+01 -1.027087814917593711e+00 2.360532192492431847e+00 1.000000000000000056e-01
2.185999999999999943e+01 -1.028740709217682125e+00 2.362282491900510095e+00 1.000000000000000056e-01
2.187000000000000099e+01 -1.030264539147656810e+00 2.364014940702866774e+00 1.000000000000000056e-01
2.187999999999999901e+01 -1.031659458013333586e+00 2.365728814812700254e+00 1.000000000000000056e-01
2.189000000000000057e+01 -1.032925641521968751e+00 2.367423401785102133e+00 1.000000000000000056e-01
2.190000000000000213e+01 -1.034063287376939089e+00 2.369098000967785111e+00 1.000000000000000056e-01
2.191000000000000014e+01 -1.035072614867609486e+00 2.370751923640970649e+00 1.000000000000000056e-01
2.192000000000000171e+01 -1.035953864450929629e+00 2.372384493147785545e+00 1.000000000000000056e-01
2.192999999999999972e+01 -1.036707297328367750e+00 2.373995045013618022e+00 1.000000000000000056e-01
2.194000000000000128e+01 -1.037333195015988974e+00 2.375582927058175198e+00 1.000000000000000056e-01
2.194999999999999929e+01 -1.037831858911088645e+00 2.377147499496422345e+00 1.000000000000000056e-01
2.196000000000000085e+01 -1.038203609853620479e+00 2.378688135032404283e+00 1.000000000000000056e-01
2.196999999999999886e+01 -1.038448787683803332e+00 2.380204218943964278e+00 1.000000000000000056e-01
2.198000000000000043e+01 -1.038567750796365985e+00 2.381695149160296676e+00 1.000000000000000056e-01
2.199000000000000199e+01 -1.038560875692406960e+00 2.383160336331474394e+00 1.000000000000000056e-01
2.200000000000000000e+01 -1.038428556527143609e+00 2.384599203891425212e+00 1.000000000000000056e-01
2.201000000000000156e+01 -1.038171204656422653e+00 2.386011188113856374e+00 1.000000000000000056e-01
2.201999999999999957e+01 -1.037789248180499335e+00 2.387395738162565451e+00 1.000000000000000056e-01
2.203000000000000114e+01 -1.037283131486497645e+00 2.388752316135874576e+00 1.000000000000000056e-01
2.203999999999999915e+01 -1.036653314788207769e+00 2.390080397105104115e+00 1.000000000000000056e-01
2.205000000000000071e+01 -1.035900273666469973e+00 2.391379469149388814e+00 1.000000000000000056e-01
2.205999999999999872e+01 -1.035024498606293086e+00 2.392649033384728341e+00 1.000000000000000056e-01
2.207000000000000028e+01 -1.034026494536257168e+00 2.393888603990234731e+00 1.000000000000000056e-01
2.208000000000000185e+01 -1.032906780365247412e+00 2.395097708229618316e+00 1.000000000000000056e-01
2.208999999999999986e+01 -1.031665888522129038e+00 2.396275886470385696e+00 1.000000000000000056e-01
2.210000000000000142e+01 -1.030304364494459390e+00 2.397422692199033811e+00 1.000000000000000056e-01
2.210999999999999943e+01 -1.028822766370592445e+00 2.398537692035411784e+00 1.000000000000000056e-01
2.212000000000000099e+01 -1.027221664382636179e+00 2.399620465742697828e+00 1.000000000000000056e-01
2.212999999999999901e+01 -1.025501640453080343e+00 2.400670606238051619e+00 1.000000000000000056e-01
2.214000000000000057e+01 -1.023663287743899142e+00 2.401687719599244542e+00 1.000000000000000056e-01
2.215000000000000213e+01 -1.021707210209598538e+00 2.402671425072244737e+00 1.000000000000000056e-01
2.216000000000000014e+01 -1.019634022154258801e+00 2.403621355077027566e+00 1.000000000000000056e-01
2.217000000000000171e+01 -1.017444347791769177e+00 2.404537155212432165e+00 1.000000000000000056e-01
2.217999999999999972e+01 -1.015138820810918441e+00 2.405418484261721890e+00 1.000000000000000056e-01
2.219000000000000128e+01 -1.012718083944124547e+00 2.406265014197650043e+00 1.000000000000000056e-01
2.219999999999999929e+01 -1.010182788539712107e+00 2.407076430188245464e+00 1.000000000000000056e-01
2.221000000000000085e+01 -1.007533594139017996e+00 2.407852430602396510e+00 1.000000000000000056e-01
2.221999999999999886e+01 -1.004771168055430985e+00 2.408592727017806023e+00 1.000000000000000056e-01
2.223000000000000043e+01 -1.001896184959054636e+00 2.409297044228455142e+00 1.000000000000000056e-01
2.224000000000000199e+01 -9.989093264627543212e-01 2.409965120254644599e+00 1.000000000000000056e-01
2.225000000000000000e+01 -9.958112807135178768e-01 2.410596706353554719e+00 1.000000000000000056e-01
2.226000000000000156e+01 -9.926027419867723411e-01 2.411191567033042382e+00 1.000000000000000056e-01
2.226999999999999957e+01 -9.892844102850261168e-01 2.411749480065029427e+00 1.000000000000000056e-01
2.228000000000000114e+01 -9.858569909413408272e-01 2.412270236503004650e+00 1.000000000000000056e-01
2.228999999999999915e+01 -9.823211942283177622e-01 2.412753640700397106e+00 1.000000000000000056e-01
2.230000000000000071e+01 -9.786777349725418462e-01 2.413199510331336839e+00 1.000000000000000056e-01
2.230999999999999872e+01 -9.749273321768383571e-01 2.413607676413090708e+00 1.000000000000000056e-01
2.232000000000000028e+01 -9.710707086495764528e-01 2.413977983331820898e+00 1.000000000000000056e-01
2.233000000000000185e+01 -9.671085906423093626e-01 2.414310288869372823e+00 1.000000000000000056e-01
2.233999999999999986e+01 -9.630417074983912418e-01 2.414604464232340764e+00 1.000000000000000056e-01
2.235000000000000142e+01 -9.588707913089922208e-01 2.414860394083939710e+00 1.000000000000000056e-01
2.235999999999999943e+01 -9.545965765821552429e-01 2.415077976577622465e+00 1.000000000000000056e-01
2.237000000000000099e+01 -9.502197999215431512e-01 2.415257123392265726e+00 1.000000000000000056e-01
2.237999999999999901e+01 -9.457411997166028650e-01 2.415397759770096631e+00 1.000000000000000056e-01
2.239000000000000057e+01 -9.411615158446625662e-01 2.415499824556692765e+00 1.000000000000000056e-01
2.240000000000000213e+01 -9.364814893835009535e-01 2.415563270241749549e+00 1.000000000000000056e-01
2.241000000000000014e+01 -9.317018623362738339e-01 2.415588063003164532e+00 1.000000000000000056e-01
2.242000000000000171e+01 -9.268233773664912301e-01 2.415574182751947685e+00 1.000000000000000056e-01
2.242999999999999972e+01 -9.218467775444109114e-01 2.415521623178865429e+00 1.000000000000000056e-01
2.244000000000000128e+01 -9.167728061033161291e-01 2.415430391802841470e+00 1.000000000000000056e-01
2.244999999999999929e+01 -9.116022062066914122e-01 2.415300510020628177e+00 1.000000000000000056e-01
2.246000000000000085e+01 -9.063357207241424796e-01 2.415132013157759605e+00 1.000000000000000056e-01
2.246999999999999886e+01 -9.009740920179495349e-01 2.414924950519946822e+00 1.000000000000000056e-01
2.248000000000000043e+01 -8.955180617383111663e-01 2.414679385446385940e+00 1.000000000000000056e-01
2.249000000000000199e+01 -8.899683706284359230e-01 2.414395395362289420e+00 1.000000000000000056e-01
2.250000000000000000e+01 -8.843257583379847686e-01 2.414073071832924189e+00 1.000000000000000056e-01
2.251000000000000156e+01 -8.785909632475155107e-01 2.413712520617093737e+00 1.000000000000000056e-01
2.251999999999999957e+01 -8.727647223002960031e-01 2.413313861720256526e+00 1.000000000000000056e-01
2.253000000000000114e+01 -8.668477708461906905e-01 2.412877229447771832e+00 1.000000000000000056e-01
2.253999999999999915e+01 -8.608408424937492587e-01 2.412402772456835098e+00 1.000000000000000056e-01
2.255000000000000071e+01 -8.547446689746553972e-01 2.411890653807736928e+00 1.000000000000000056e-01
2.255999999999999872e+01 -8.485599800178338370e-01 2.411341051013200065e+00 1.000000000000000056e-01
2.257000000000000028e+01 -8.422875032368459802e-01 2.410754156086992062e+00 1.000000000000000056e-01
2.258000000000000185e+01 -8.359279640275050216e-01 2.410130175589399570e+00 1.000000000000000056e-01
2.258999999999999986e+01 -8.294820854814829447e-01 2.409469330671814458e+00 1.000000000000000056e-01
2.260000000000000142e+01 -8.229505883095430407e-01 2.408771857117796067e+00 1.000000000000000056e-01
2.260999999999999943e+01 -8.163341907824699373e-01 2.408038005381240687e+00 1.000000000000000056e-01
2.262000000000000099e+01 -8.096336086828388456e-01 2.407268040623638861e+00 1.000000000000000056e-01
2.262999999999999901e+01 -8.028495552739883800e-01 2.406462242743710345e+00 1.000000000000000056e-01
2.264000000000000057e+01 -7.959827412810507319e-01 2.405620906409450477e+00 1.000000000000000056e-01
2.265000000000000213e+01 -7.890338748878880093e-01 2.404744341080051750e+00 1.000000000000000056e-01
2.266000000000000014e+01 -7.820036617467585049e-01 2.403832871029044416e+00 1.000000000000000056e-01
2.267000000000000171e+01 -7.748928050020114089e-01 2.402886835359579809e+00 1.000000000000000056e-01
2.267999999999999972e+01 -7.677020053258752919e-01 2.401906588017587829e+00 1.000000000000000056e-01
2.269000000000000128e+01 -7.604319609662978374e-01 2.400892497797437297e+00 1.000000000000000056e-01
2.269999999999999929e+01 -7.530833678065965708e-01 2.399844948345781770e+00 1.000000000000000056e-01
2.271000000000000085e+01 -7.456569194339537354e-01 2.398764338156316622e+00 1.000000000000000056e-01
2.271999999999999886e+01 -7.381533072197399292e-01 2.397651080562109183e+00 1.000000000000000056e-01
2.273000000000000043e+01 -7.305732204070365388e-01 2.396505603718722899e+00 1.000000000000000056e-01
2.274000000000000199e+01 -7.229173462081942558e-01 2.395328350583325161e+00 1.000000000000000056e-01
2.275000000000000000e+01 -7.151863699109162198e-01 2.394119778885365424e+00 1.000000000000000056e-01
2.276000000000000156e+01 -7.073809749925120682e-01 2.392880361090353514e+00 1.000000000000000056e-01
2.276999999999999957e+01 -6.995018432437127842e-01 2.391610584356789193e+00 1.000000000000000056e-01
2.278000000000000114e+01 -6.915496549007249527e-01 2.390310950482722685e+00 1.000000000000000056e-01
2.278999999999999915e+01 -6.835250887878951964e-01 2.388981975847979555e+00 1.000000000000000056e-01
2.280000000000000071e+01 -6.754288224695467191e-01 2.387624191343252100e+00 1.000000000000000056e-01
2.280999999999999872e+01 -6.672615324119144375e-01 2.386238142293068076e+00 1.000000000000000056e-01
2.282000000000000028e+01 -6.590238941567957420e-01 2.384824388369610748e+00 1.000000000000000056e-01
2.283000000000000185e+01 -6.507165825042358076e-01 2.383383503494972189e+00 1.000000000000000056e-01
2.283999999999999986e+01 -6.423402717070000323e-01 2.381916075736342453e+00 1.000000000000000056e-01
2.285000000000000142e+01 -6.338956356744512854e-01 2.380422707190217313e+00 1.000000000000000056e-01
2.285999999999999943e+01 -6.253833481872763667e-01 2.378904013856741440e+00 1.000000000000000056e-01
2.287000000000000099e+01 -6.168040831200011231e-01 2.377360625505749336e+00 1.000000000000000056e-01
2.287999999999999901e+01 -6.081585146732181313e-01 2.375793185529884166e+00 1.000000000000000056e-01
2.289000000000000057e+01 -5.994473176134395009e-01 2.374202350792228522e+00 1.000000000000000056e-01
2.290000000000000213e+01 -5.906711675190142730e-01 2.372588791459210089e+00 1.000000000000000056e-01
2.291000000000000014e+01 -5.818307410337848484e-01 2.370953190827105761e+00 1.000000000000000056e-01
2.292000000000000171e+01 -5.729267161256843544e-01 2.369296245136362167e+00 1.000000000000000056e-01
2.292999999999999972e+01 -5.639597723509743865e-01 2.367618663376586330e+00 1.000000000000000056e-01
2.294000000000000128e+01 -5.549305911240107747e-01 2.365921167080654364e+00 1.000000000000000056e-01
2.294999999999999929e+01 -5.458398559919060977e-01 2.364204490107871148e+00 1.000000000000000056e-01
2.296000000000000085e+01 -5.366882529146896896e-01 2.362469378417749510e+00 1.000000000000000056e-01
2.296999999999999886e+01 -5.274764705503666162e-01 2.360716589830913925e+00 1.000000000000000056e-01
2.298000000000000043e+01 -5.182052005465743738e-01 2.358946893779659604e+00 1.000000000000000056e-01
2.299000000000000199e+01 -5.088751378369007483e-01 2.357161071048074152e+00 1.000000000000000056e-01
2.300000000000000000e+01 -4.994869809439033692e-01 2.355359913497973245e+00 1.000000000000000056e-01
2.301000000000000156e+01 -4.900414322874515061e-01 2.353544223786336875e+00 1.000000000000000056e-01
2.301999999999999957e+01 -4.805391984985061815e-01 2.351714815067973863e+00 1.000000000000000056e-01
2.303000000000000114e+01 -4.709809907389050920e-01 2.349872510689022587e+00 1.000000000000000056e-01
2.303999999999999915e+01 -4.613675250242748049e-01 2.348018143866083207e+00 1.000000000000000056e-01
2.305000000000000071e+01 -4.516995225519998547e-01 2.346152557356513402e+00 1.000000000000000056e-01
2.305999999999999872e+01 -4.419777100309957296e-01 2.344276603114933355e+00 1.000000000000000056e-01
2.307000000000000028e+01 -4.322028200143397947e-01 2.342391141940650900e+00 1.000000000000000056e-01
2.308000000000000185e+01 -4.223755912316565220e-01 2.340497043112715225e+00 1.000000000000000056e-01
2.308999999999999986e+01 -4.124967689225972900e-01 2.338595184016265982e+00 1.000000000000000056e-01
2.310000000000000142e+01 -4.025671051683663570e-01 2.336686449757995110e+00 1.000000000000000056e-01
2.310999999999999943e+01 -3.925873592224231601e-01 2.334771732772718877e+00 1.000000000000000056e-01
2.312000000000000099e+01 -3.825582978384997612e-01 2.332851932420819896e+00 1.000000000000000056e-01
2.312999999999999901e+01 -3.724806955964778399e-01 2.330927954577540540e+00 1.000000000000000056e-01
2.314000000000000057e+01 -3.623553352245180159e-01 2.329000711213188524e+00 1.000000000000000056e-01
2.315000000000000213e+01 -3.521830079197735275e-01 2.327071119966380941e+00 1.000000000000000056e-01
2.316000000000000014e+01 -3.419645136647541106e-01 2.325140103708710715e+00 1.000000000000000056e-01
2.317000000000000171e+01 -3.317006615411897674e-01 2.323208590101528248e+00 1.000000000000000056e-01
2.317999999999999972e+01 -3.213922700415232092e-01 2.321277511145890315e+00 1.000000000000000056e-01
2.319000000000000128e+01 -3.110401673763263930e-01 2.319347802723884300e+00 1.000000000000000056e-01
2.319999999999999929e+01 -3.006451917799717322e-01 2.317420404132035205e+00 1.000000000000000056e-01
2.321000000000000085e+01 -2.902081918114260972e-01 2.315496257608972819e+00 1.000000000000000056e-01
2.321999999999999886e+01 -2.797300266530217128e-01 2.313576307851440639e+00 1.000000000000000056e-01
2.323000000000000043e+01 -2.692115664042653012e-01 2.311661501527574991e+00 1.000000000000000056e-01
2.324000000000000199e+01 -2.586536923710310854e-01 2.309752786778053402e+00 1.000000000000000056e-01
2.325000000000000000e+01 -2.480572973507524370e-01 2.307851112712438812e+00 1.000000000000000056e-01
2.326000000000000156e+01 -2.374232859110844418e-01 2.305957428898006256e+00 1.000000000000000056e-01
2.326999999999999957e+01 -2.267525746631997574e-01 2.304072684840078988e+00 1.000000000000000056e-01
2.328000000000000114e+01 -2.160460925285318246e-01 2.302197829457441447e+00 1.000000000000000056e-01
2.328999999999999915e+01 -2.053047809988171879e-01 2.300333810549738178e+00 1.000000000000000056e-01
2.330000000000000071e+01 -1.945295943888945833e-01 2.298481574259592097e+00 1.000000000000000056e-01
2.330999999999999872e+01 -1.837215000822151334e-01 2.296642064529118787e+00 1.000000000000000056e-01
2.332000000000000028e+01 -1.728814787683094767e-01 2.294816222549943330e+00 1.000000000000000056e-01
2.333000000000000185e+01 -1.620105246730298987e-01 2.293004986209710605e+00 1.000000000000000056e-01
2.333999999999999986e+01 -1.511096457793250636e-01 2.291209289532572413e+00 1.000000000000000056e-01
2.335000000000000142e+01 -1.401798640396900997e-01 2.289430062117245424e+00 1.000000000000000056e-01
2.335999999999999943e+01 -1.292222155787761673e-01 2.287668228569839535e+00 1.000000000000000056e-01
2.337000000000000099e+01 -1.182377508863138860e-01 2.285924707935325539e+00 1.000000000000000056e-01
2.337999999999999901e+01 -1.072275349976856834e-01 2.284200413124491291e+00 1.000000000000000056e-01
2.339000000000000057e+01 -9.619264766342516815e-02 2.282496250341345956e+00 1.000000000000000056e-01
2.340000000000000213e+01 -8.513418350513203559e-02 2.280813118506546111e+00 1.000000000000000056e-01
2.341000000000000014e+01 -7.405325215680749751e-02 2.279151908682031991e+00 1.000000000000000056e-01
2.342000000000000171e+01 -6.295097839141389207e-02 2.277513503493852731e+00 1.000000000000000056e-01
2.342999999999999972e+01 -5.182850223098801890e-02 2.275898776555643543e+00 1.000000000000000056e-01
2.344000000000000128e+01 -4.068697904002186588e-02 2.274308591893050568e+00 1.000000000000000056e-01
2.344999999999999929e+01 -2.952757960037384957e-02 2.272743803368344029e+00 1.000000000000000056e-01
2.346000000000000085e+01 -1.835149017062225052e-02 2.271205254107943272e+00 1.000000000000000056e-01
2.346999999999999886e+01 -7.159912524456043745e-03 2.269693775930483159e+00 1.000000000000000056e-01
2.348000000000000043e+01 4.045936026145707971e-03 2.268210188778671199e+00 1.000000000000000056e-01
2.349000000000000199e+01 1.526482262673995068e-02 2.266755300153003638e+00 1.000000000000000056e-01
2.350000000000000000e+01 2.649549889250227969e-02 2.265329904549711504e+00 1.000000000000000056e-01
2.351000000000000156e+01 3.773670093694968947e-02 2.263934782901916520e+00 1.000000000000000056e-01
2.351999999999999957e+01 4.898714941709052945e-02 2.262570702025468616e+00 1.000000000000000056e-01
2.353000000000000114e+01 6.024554959278766164e-02 2.261238414069511204e+00 1.000000000000000056e-01
2.353999999999999915e+01 7.151059140214259535e-02 2.259938655971739596e+00 1.000000000000000056e-01
2.355000000000000071e+01 8.278094955117963616e-02 2.258672148921147205e+00 1.000000000000000056e-01
2.355999999999999872e+01 9.405528361802401038e-02 2.257439597825241506e+00 1.000000000000000056e-01
2.357000000000000028e+01 1.053322381725167733e-01 2.256241690786130238e+00 1.000000000000000056e-01
2.358000000000000185e+01 1.166104429102493567e-01 2.255079098583085528e+00 1.000000000000000056e-01
2.358999999999999986e+01 1.278885128031279350e-01 2.253952474164715447e+00 1.000000000000000056e-01
2.360000000000000142e+01 1.391650482660488353e-01 2.252862452148483907e+00 1.000000000000000056e-01
2.360999999999999943e+01 1.504386353409521426e-01 2.251809648332735225e+00 1.000000000000000056e-01
2.362000000000000099e+01 1.617078458986779821e-01 2.250794659215765492e+00 1.000000000000000056e-01
2.362999999999999901e+01 1.729712378603168177e-01 2.249818061528766844e+00 1.000000000000000056e-01
2.364000000000000057e+01 1.842273554372666489e-01 2.248880411779297095e+00 1.000000000000000056e-01
2.365000000000000213e+01 1.954747293916752060e-01 2.247982245806297463e+00 1.000000000000000056e-01
2.366000000000000014e+01 2.067118773179574820e-01 2.247124078349962417e+00 1.000000000000000056e-01
2.367000000000000171e+01 2.179373039434909232e-01 2.246306402632914700e+00 1.000000000000000056e-01
2.367999999999999972e+01 2.291495014514949025e-01 2.245529689956443420e+00 1.000000000000000056e-01
2.369000000000000128e+01 2.403469498235608903e-01 2.244794389311528082e+00 1.000000000000000056e-01
2.369999999999999929e+01 2.515281172023090539e-01 2.244100927003810586e+00 1.000000000000000056e-01
2.371000000000000085e+01 2.626914602751261874e-01 2.243449706294878609e+00 1.000000000000000056e-01
2.371999999999999886e+01 2.738354246754297616e-01 2.242841107059520223e+00 1.000000000000000056e-01
2.373000000000000043e+01 2.849584454053298299e-01 2.242275485459055862e+00 1.000000000000000056e-01
2.374000000000000199e+01 2.960589472746518735e-01 2.241753173632207385e+00 1.000000000000000056e-01
2.375000000000000000e+01 3.071353453602437278e-01 2.241274479403525977e+00 1.000000000000000056e-01
2.376000000000000156e+01 3.181860454812486250e-01 2.240839686009671095e+00 1.000000000000000056e-01
2.376999999999999957e+01 3.292094446938917951e-01 2.240449051844026762e+00 1.000000000000000056e-01
2.378000000000000114e+01 3.402039318014786207e-01 2.240102810221427099e+00 1.000000000000000056e-01
2.378999999999999915e+01 3.511678878834317286e-01 2.239801169161458105e+00 1.000000000000000056e-01
2.380000000000000071e+01 3.620996868388388079e-01 2.239544311191387305e+00 1.000000000000000056e-01
2.380999999999999872e+01 3.729976959482065868e-01 2.239332393171237445e+00 1.000000000000000056e-01
2.382000000000000028e+01 3.838602764493082575e-01 2.239165546137776186e+00 1.000000000000000056e-01
2.383000000000000185e+01 3.946857841299921121e-01 2.239043875170156461e+00 1.000000000000000056e-01
2.383999999999999986e+01 4.054725699336154121e-01 2.238967459277443339e+00 1.000000000000000056e-01
2.385000000000000142e+01 4.162189805808961807e-01 2.238936351307430517e+00 1.000000000000000056e-01
2.385999999999999943e+01 4.269233592023154444e-01 2.238950577876765102e+00 1.000000000000000056e-01
2.387000000000000099e+01 4.375840459850779407e-01 2.239010139323836412e+00 1.000000000000000056e-01
2.387999999999999901e+01 4.481993788301086856e-01 2.239115009684141455e+00 1.000000000000000056e-01
2.389000000000000057e+01 4.587676940198547326e-01 2.239265136686264146e+00 1.000000000000000056e-01
2.390000000000000213e+01 4.692873268964861122e-01 2.239460441772451293e+00 1.000000000000000056e-01
2.391000000000000014e+01 4.797566125475206666e-01 2.239700820139922222e+00 1.000000000000000056e-01
2.392000000000000171e+01 4.901738865010878965e-01 2.239986140805830583e+00 1.000000000000000056e-01
2.392999999999999972e+01 5.005374854267288232e-01 2.240316246693592639e+00 1.000000000000000056e-01
2.394000000000000128e+01 5.108457478447284705e-01 2.240690954743486785e+00 1.000000000000000056e-01
2.394999999999999929e+01 5.210970148393677670e-01 2.241110056043359666e+00 1.000000000000000056e-01
2.396000000000000085e+01 5.312896307794076067e-01 2.241573315984210613e+00 1.000000000000000056e-01
2.396999999999999886e+01 5.414219440423065910e-01 2.242080474436086934e+00 1.000000000000000056e-01
2.398000000000000043e+01 5.514923077427241749e-01 2.242631245947684704e+00 1.000000000000000056e-01
2.399000000000000199e+01 5.614990804650251688e-01 2.243225319966606346e+00 1.000000000000000056e-01
2.400000000000000000e+01 5.714406269979067643e-01 2.243862361082509249e+00 1.000000000000000056e-01
2.401000000000000156e+01 5.813153190723466812e-01 2.244542009291166984e+00 1.000000000000000056e-01
2.401999999999999957e+01 5.911215360985705436e-01 2.245263880279665614e+00 1.000000000000000056e-01
2.403000000000000114e+01 6.008576659055624436e-01 2.246027565733026865e+00 1.000000000000000056e-01
2.403999999999999915e+01 6.105221054779484957e-01 2.246832633660133194e+00 1.000000000000000056e-01
2.405000000000000071e+01 6.201132616913119788e-01 2.247678628741358597e+00 1.000000000000000056e-01
2.406000000000000227e+01 6.296295520450737593e-01 2.248565072694095779e+00 1.000000000000000056e-01
2.407000000000000028e+01 6.390694053893377635e-01 2.249491464658223361e+00 1.000000000000000056e-01
2.408000000000000185e+01 6.484312626474256769e-01 2.250457281600064530e+00 1.000000000000000056e-01
2.408999999999999986e+01 6.577135775319978839e-01 2.251461978734091485e+00 1.000000000000000056e-01
2.410000000000000142e+01 6.669148172510516170e-01 2.252504989962331283e+00 1.000000000000000056e-01
2.410999999999999943e+01 6.760334632085676088e-01 2.253585728330151028e+00 1.000000000000000056e-01
2.412000000000000099e+01 6.850680116923627549e-01 2.254703586499491763e+00 1.000000000000000056e-01
2.412999999999999901e+01 6.940169745539116475e-01 2.255857937235685728e+00 1.000000000000000056e-01
2.414000000000000057e+01 7.028788798760107204e-01 2.257048133912612276e+00 1.000000000000000056e-01
2.415000000000000213e+01 7.116522726290106515e-01 2.258273511027918179e+00 1.000000000000000056e-01
2.416000000000000014e+01 7.203357153165239612e-01 2.259533384736941652e+00 1.000000000000000056e-01
2.417000000000000171e+01 7.289277886066352075e-01 2.260827053395637609e+00 1.000000000000000056e-01
2.417999999999999972e+01 7.374270919530944157e-01 2.262153798118655246e+00 1.000000000000000056e-01
2.419000000000000128e+01 7.458322442014944098e-01 2.263512883347755800e+00 1.000000000000000056e-01
2.419999999999999929e+01 7.541418841839506726e-01 2.264903557432310865e+00 1.000000000000000056e-01
2.421000000000000085e+01 7.623546712986682961e-01 2.266325053218883223e+00 1.000000000000000056e-01
2.421999999999999886e+01 7.704692860765559592e-01 2.267776588651948533e+00 1.000000000000000056e-01
2.423000000000000043e+01 7.784844307327676294e-01 2.269257367381321888e+00 1.000000000000000056e-01
2.424000000000000199e+01 7.863988297024837593e-01 2.270766579379648320e+00 1.000000000000000056e-01
2.425000000000000000e+01 7.942112301613051262e-01 2.272303401564729874e+00 1.000000000000000056e-01
2.426000000000000156e+01 8.019204025287066662e-01 2.273866998429685093e+00 1.000000000000000056e-01
2.426999999999999957e+01 8.095251409537295162e-01 2.275456522677763438e+00 1.000000000000000056e-01
2.428000000000000114e+01 8.170242637820448461e-01 2.277071115860673789e+00 1.000000000000000056e-01
2.428999999999999915e+01 8.244166140045203761e-01 2.278709909022143432e+00 1.000000000000000056e-01
2.430000000000000071e+01 8.317010596852393300e-01 2.280372023341726173e+00 1.000000000000000056e-01
2.431000000000000227e+01 8.388764943690513176e-01 2.282056570782347915e+00 1.000000000000000056e-01
2.432000000000000028e+01 8.459418374682398101e-01 2.283762654737011122e+00 1.000000000000000056e-01
2.433000000000000185e+01 8.528960346267278059e-01 2.285489370676240473e+00 1.000000000000000056e-01
2.433999999999999986e+01 8.597380580636987402e-01 2.287235806793240567e+00 1.000000000000000056e-01
2.435000000000000142e+01 8.664669068930775930e-01 2.289001044649341399e+00 1.000000000000000056e-01
2.435999999999999943e+01 8.730816074223893830e-01 2.290784159813373133e+00 1.000000000000000056e-01
2.437000000000000099e+01 8.795812134279040739e-01 2.292584222501064417e+00 1.000000000000000056e-01
2.437999999999999901e+01 8.859648064077437768e-01 2.294400298207245115e+00 1.000000000000000056e-01
2.439000000000000057e+01 8.922314958134266449e-01 2.296231448333534431e+00 1.000000000000000056e-01
2.440000000000000213e+01 8.983804192575520764e-01 2.298076730811922097e+00 1.000000000000000056e-01
2.441000000000000014e+01 9.044107427015602996e-01 2.299935200718549400e+00 1.000000000000000056e-01
2.442000000000000171e+01 9.103216606203011763e-01 2.301805910882975148e+00 1.000000000000000056e-01
2.442999999999999972e+01 9.161123961461136167e-01 2.303687912487962564e+00 1.000000000000000056e-01
2.444000000000000128e+01 9.217822011911892544e-01 2.305580255660925726e+00 1.000000000000000056e-01
2.444999999999999929e+01 9.273303565499462220e-01 2.307481990056663435e+00 1.000000000000000056e-01
2.446000000000000085e+01 9.327561719795793849e-01 2.309392165429999810e+00 1.000000000000000056e-01
2.446999999999999886e+01 9.380589862622954467e-01 2.311309832197410596e+00 1.000000000000000056e-01
2.448000000000000043e+01 9.432381672458705069e-01 2.313234041990322787e+00 1.000000000000000056e-01
2.449000000000000199e+01 9.482931118662001335e-01 2.315163848194009777e+00 1.000000000000000056e-01
2.450000000000000000e+01 9.532232461496585874e-01 2.317098306477650027e+00 1.000000000000000056e-01
2.451000000000000156e+01 9.580280251972655980e-01 2.319036475310805923e+00 1.000000000000000056e-01
2.451999999999999957e+01 9.627069331501820759e-01 2.320977416468744892e+00 1.000000000000000056e-01
2.453000000000000114e+01 9.672594831366129187e-01 2.322920195523911602e+00 1.000000000000000056e-01
2.453999999999999915e+01 9.716852172017815814e-01 2.324863882325991060e+00 1.000000000000000056e-01
2.455000000000000071e+01 9.759837062190791501e-01 2.326807551467540591e+00 1.000000000000000056e-01
2.456000000000000227e+01 9.801545497850182587e-01 2.328750282737083399e+00 1.000000000000000056e-01
2.457000000000000028e+01 9.841973760964896067e-01 2.330691161558600566e+00 1.000000000000000056e-01
2.458000000000000185e+01 9.881118418114719359e-01 2.332629279416544410e+00 1.000000000000000056e-01
2.458999999999999986e+01 9.918976318935406322e-01 2.334563734268383151e+00 1.000000000000000056e-01
2.460000000000000142e+01 9.955544594390153268e-01 2.336493630941424371e+00 1.000000000000000056e-01
2.460999999999999943e+01 9.990820654902351494e-01 2.338418081517240843e+00 1.000000000000000056e-01
2.462000000000000099e+01 1.002480218830835490e+00 2.340336205700729089e+00 1.000000000000000056e-01
2.462999999999999901e+01 1.005748715767455392e+00 2.342247131175537511e+00 1.000000000000000056e-01
2.464000000000000057e+01 1.008887379895633707e+00 2.344149993945405797e+00 1.000000000000000056e-01
2.465000000000000213e+01 1.011896061850921846e+00 2.346043938661474648e+00 1.000000000000000056e-01
2.466000000000000014e+01 1.014774639046566174e+00 2.347928118934710540e+00 1.000000000000000056e-01
2.467000000000000171e+01 1.017523015396477826e+00 2.349801697636376030e+00 1.000000000000000056e-01
2.467999999999999972e+01 1.020141121024976671e+00 2.351663847182075440e+00 1.000000000000000056e-01
2.469000000000000128e+01 1.022628911963973541e+00 2.353513749805564714e+00 1.000000000000000056e-01
2.469999999999999929e+01 1.024986369837152633e+00 2.355350597815762281e+00 1.000000000000000056e-01
2.471000000000000085e+01 1.027213501532427742e+00 2.357173593843497894e+00 1.000000000000000056e-01
2.471999999999999886e+01 1.029310338862528429e+00 2.358981951074460515e+00 1.000000000000000056e-01
2.473000000000000043e+01 1.031276938214631400e+00 2.360774893468771118e+00 1.000000000000000056e-01
2.474000000000000199e+01 1.033113380189828678e+00 2.362551655969396425e+00 1.000000000000000056e-01
2.475000000000000000e+01 1.034819769231574371e+00 2.364311484699449739e+00 1.000000000000000056e-01
2.476000000000000156e+01 1.036396233245395315e+00 2.366053637144446053e+00 1.000000000000000056e-01
2.476999999999999957e+01 1.037842923209642887e+00 2.367777382327806546e+00 1.000000000000000056e-01
2.478000000000000114e+01 1.039160012776508601e+00 2.369482000971241842e+00 1.000000000000000056e-01
2.478999999999999915e+01 1.040347697866727206e+00 2.371166785647095487e+00 1.000000000000000056e-01
2.480000000000000071e+01 1.041406196255852956e+00 2.372831040918758294e+00 1.000000000000000056e-01
2.481000000000000227e+01 1.042335747153801950e+00 2.374474083471131536e+00 1.000000000000000056e-01
2.482000000000000028e+01 1.043136610778736983e+00 2.376095242232137750e+00 1.000000000000000056e-01
2.483000000000000185e+01 1.043809067924212908e+00 2.377693858483476141e+00 1.000000000000000056e-01
2.483999999999999986e+01 1.044353419522817239e+00 2.379269285962698266e+00 1.000000000000000056e-01
2.485000000000000142e+01 1.044769986203180956e+00 2.380820890956278912e+00 1.000000000000000056e-01
2.485999999999999943e+01 1.045059107844935165e+00 2.382348052384930526e+00 1.000000000000000056e-01
2.487000000000000099e+01 1.045221143128837848e+00 2.383850161879300433e+00 1.000000000000000056e-01
2.487999999999999901e+01 1.045256469084124173e+00 2.385326623848959215e+00 1.000000000000000056e-01
2.489000000000000057e+01 1.045165480633257538e+00 2.386776855544260112e+00 1.000000000000000056e-01
2.490000000000000213e+01 1.044948590134174626e+00 2.388200287110303854e+00 1.000000000000000056e-01
2.491000000000000014e+01 1.044606226920532732e+00 2.389596361635276001e+00 1.000000000000000056e-01
2.492000000000000171e+01 1.044138836840118101e+00 2.390964535192336538e+00 1.000000000000000056e-01
2.492999999999999972e+01 1.043546881792384529e+00 2.392304276876198177e+00 1.000000000000000056e-01
2.494000000000000128e+01 1.042830839263816811e+00 2.393615068834579862e+00 1.000000000000000056e-01
2.494999999999999929e+01 1.041991201863928351e+00 2.394896406294046098e+00 1.000000000000000056e-01
2.496000000000000085e+01 1.041028476859821250e+00 2.396147797584080141e+00 1.000000000000000056e-01
2.496999999999999886e+01 1.039943185710969997e+00 2.397368764154031773e+00 1.000000000000000056e-01
2.498000000000000043e+01 1.038735863605190657e+00 2.398558840589613439e+00 1.000000000000000056e-01
2.499000000000000199e+01 1.037407058994322950e+00 2.399717574625082950e+00 1.000000000000000056e-01
2.500000000000000000e+01 1.035957333132883740e+00 2.400844527152792285e+00 1.000000000000000056e-01
2.501000000000000156e+01 1.034387259617346011e+00 2.401939272231563560e+00 1.000000000000000056e-01
2.501999999999999957e+01 1.032697423928789382e+00 2.403001397092140667e+00 1.000000000000000056e-01
2.503000000000000114e+01 1.030888422978148755e+00 2.404030502142757708e+00 1.000000000000000056e-01
2.503999999999999915e+01 1.028960864655083629e+00 2.405026200971736028e+00 1.000000000000000056e-01
2.505000000000000071e+01 1.026915367379835242e+00 2.405988120351498782e+00 1.000000000000000056e-01
2.506000000000000227e+01 1.024752559660303985e+00 2.406915900241040962e+00 1.000000000000000056e-01
2.507000000000000028e+01 1.022473079651247785e+00 2.407809193788303936e+00 1.000000000000000056e-01
2.508000000000000185e+01 1.020077574719293168e+00 2.408667667334054130e+00 1.000000000000000056e-01
2.508999999999999986e+01 1.017566701010884644e+00 2.409491000414667905e+00 1.000000000000000056e-01
2.510000000000000142e+01 1.014941123024037273e+00 2.410278885767610291e+00 1.000000000000000056e-01
2.510999999999999943e+01 1.012201513184497692e+00 2.411031029337198373e+00 1.000000000000000056e-01
2.512000000000000099e+01 1.009348551424598339e+00 2.411747150280881158e+00 1.000000000000000056e-01
2.512999999999999901e+01 1.006382924766430209e+00 2.412426980979690772e+00 1.000000000000000056e-01
2.514000000000000057e+01 1.003305326907401929e+00 2.413070267047231265e+00 1.000000000000000056e-01
2.515000000000000213e+01 1.000116457811378590e+00 2.413676767344016927e+00 1.000000000000000056e-01
2.516000000000000014e+01 9.968170233010096304e-01 2.414246253990362412e+00 1.000000000000000056e-01
2.517000000000000171e+01 9.934077346571990041e-01 2.414778512385093556e+00 1.000000000000000056e-01
2.517999999999999972e+01 9.898893082212896211e-01 2.415273341223464154e+00 1.000000000000000056e-01
2.519000000000000128e+01 9.862624650041547092e-01 2.415730552518818186e+00 1.000000000000000056e-01
2.519999999999999929e+01 9.825279303015183041e-01 2.416149971626840198e+00 1.000000000000000056e-01
2.521000000000000085e+01 9.786864333151826800e-01 2.416531437270684535e+00 1.000000000000000056e-01
2.521999999999999886e+01 9.747387067848626296e-01 2.416874801570353171e+00 1.000000000000000056e-01
2.523000000000000043e+01 9.706854866262142334e-01 2.417179930072180127e+00 1.000000000000000056e-01
2.524000000000000199e+01 9.665275115808057427e-01 2.417446701782426377e+00 1.000000000000000056e-01
2.525000000000000000e+01 9.622655228749129597e-01 2.417675009202202574e+00 1.000000000000000056e-01
2.526000000000000156e+01 9.579002638902289757e-01 2.417864758364017153e+00 1.000000000000000056e-01
2.526999999999999957e+01 9.534324798450137806e-01 2.418015868871883356e+00 1.000000000000000056e-01
2.528000000000000114e+01 9.488629174881064721e-01 2.418128273942041329e+00 1.000000000000000056e-01
2.528999999999999915e+01 9.441923248023561532e-01 2.418201920446598763e+00 1.000000000000000056e-01
2.530000000000000071e+01 9.394214507220839394e-01 2.418236768958361704e+00 1.000000000000000056e-01
2.531000000000000227e+01 9.345510448600914399e-01 2.418232793798309466e+00 1.000000000000000056e-01
2.532000000000000028e+01 9.295818572465455176e-01 2.418189983083891104e+00 1.000000000000000056e-01
2.533000000000000185e+01 9.245146380788019647e-01 2.418108338779599187e+00 1.000000000000000056e-01
2.533999999999999986e+01 9.193501374813574101e-01 2.417987876748426412e+00 1.000000000000000056e-01
2.535000000000000142e+01 9.140891052764932301e-01 2.417828626805295311e+00 1.000000000000000056e-01
2.535999999999999943e+01 9.087322907644590497e-01 2.417630632770521704e+00 1.000000000000000056e-01
2.537000000000000099e+01 9.032804425139460136e-01 2.417393952525002554e+00 1.000000000000000056e-01
2.537999999999999901e+01 8.977343081616685483e-01 2.417118658066240933e+00 1.000000000000000056e-01
2.539000000000000057e+01 8.920946342218792902e-01 2.416804835563217679e+00 1.000000000000000056e-01
2.540000000000000213e+01 8.863621659058683599e-01 2.416452585413433773e+00 1.000000000000000056e-01
2.541000000000000014e+01 8.805376469500716397e-01 2.416062022298789635e+00 1.000000000000000056e-01
2.542000000000000171e+01 8.746218194561726778e-01 2.415633275240244515e+00 1.000000000000000056e-01
2.542999999999999972e+01 8.686154237396822575e-01 2.415166487653927163e+00 1.000000000000000056e-01
2.544000000000000128e+01 8.625191981904011262e-01 2.414661817403940258e+00 1.000000000000000056e-01
2.544999999999999929e+01 8.563338791442244302e-01 2.414119436855711953e+00 1.000000000000000056e-01
2.546000000000000085e+01 8.500602007659636694e-01 2.413539532926500364e+00 1.000000000000000056e-01
2.546999999999999886e+01 8.436988949456234455e-01 2.412922307134836686e+00 1.000000000000000056e-01
2.548000000000000043e+01 8.372506912062231965e-01 2.412267975647346852e+00 1.000000000000000056e-01
2.549000000000000199e+01 8.307163166266318122e-01 2.411576769323517055e+00 1.000000000000000056e-01
2.550000000000000000e+01 8.240964957762928478e-01 2.410848933757343104e+00 1.000000000000000056e-01
2.551000000000000156e+01 8.173919506655425993e-01 2.410084729316219310e+00 1.000000000000000056e-01
2.551999999999999957e+01 8.106034007092818294e-01 2.409284431176402119e+00 1.000000000000000056e-01
2.553000000000000114e+01 8.037315627051414557e-01 2.408448329355438844e+00 1.000000000000000056e-01
2.553999999999999915e+01 7.967771508251013657e-01 2.407576728739861949e+00 1.000000000000000056e-01
2.555000000000000071e+01 7.897408766216382769e-01 2.406669949109676132e+00 1.000000000000000056e-01
2.556000000000000227e+01 7.826234490458398030e-01 2.405728325158281056e+00 1.000000000000000056e-01
2.557000000000000028e+01 7.754255744789374516e-01 2.404752206507450918e+00 1.000000000000000056e-01
2.558000000000000185e+01 7.681479567748147330e-01 2.403741957718205757e+00 1.000000000000000056e-01
2.558999999999999986e+01 7.607912973136522483e-01 2.402697958295548109e+00 1.000000000000000056e-01
2.560000000000000142e+01 7.533562950666489177e-01 2.401620602688545603e+00 1.000000000000000056e-01
2.560999999999999943e+01 7.458436466685025579e-01 2.400510300284779852e+00 1.000000000000000056e-01
2.562000000000000099e+01 7.382540465014980624e-01 2.399367475397057969e+00 1.000000000000000056e-01
2.562999999999999901e+01 7.305881867863275314e-01 2.398192567246394180e+00 1.000000000000000056e-01
2.564000000000000057e+01 7.228467576831164587e-01 2.396986029935352480e+00 1.000000000000000056e-01
2.565000000000000213e+01 7.150304474003318367e-01 2.395748332416298254e+00 1.000000000000000056e-01
2.566000000000000014e+01 7.071399423139933527e-01 2.394479958450371093e+00 1.000000000000000056e-01
2.567000000000000171e+01 6.991759270951619643e-01 2.393181406560460633e+00 1.000000000000000056e-01
2.567999999999999972e+01 6.911390848486874683e-01 2.391853189973652150e+00 1.000000000000000056e-01
2.569000000000000128e+01 6.830300972613148058e-01 2.390495836556942866e+00 1.000000000000000056e-01
2.569999999999999929e+01 6.748496447628752337e-01 2.389109888743358390e+00 1.000000000000000056e-01
2.571000000000000085e+01 6.665984066959377285e-01 2.387695903447939916e+00 1.000000000000000056e-01
2.571999999999999886e+01 6.582770614997544012e-01 2.386254451976799640e+00 1.000000000000000056e-01
2.573000000000000043e+01 6.498862869048509516e-01 2.384786119923740788e+00 1.000000000000000056e-01
2.574000000000000199e+01 6.414267601376146821e-01 2.383291507059813075e+00 1.000000000000000056e-01
2.575000000000000000e+01 6.328991581380252196e-01 2.381771227210994546e+00 1.000000000000000056e-01
2.576000000000000156e+01 6.243041577858630120e-01 2.380225908127880263e+00 1.000000000000000056e-01
2.576999999999999957e+01 6.156424361364402076e-01 2.378656191344229232e+00 1.000000000000000056e-01
2.578000000000000114e+01 6.069146706657136958e-01 2.377062732026018033e+00 1.000000000000000056e-01
2.578999999999999915e+01 5.981215395216024078e-01 2.375446198810768905e+00 1.000000000000000056e-01
2.580000000000000071e+01 5.892637217833901486e-01 2.373807273636534987e+00 1.000000000000000056e-01
2.581000000000000227e+01 5.803418977251336708e-01 2.372146651560781194e+00 1.000000000000000056e-01
2.582000000000000028e+01 5.713567490869383425e-01 2.370465040569278425e+00 1.000000000000000056e-01
2.583000000000000185e+01 5.623089593478106663e-01 2.368763161374119353e+00 1.000000000000000056e-01
2.583999999999999986e+01 5.531992140066949171e-01 2.367041747201415358e+00 1.000000000000000056e-01
2.585000000000000142e+01 5.440282008638627209e-01 2.365301543568238962e+00 1.000000000000000056e-01
2.585999999999999943e+01 5.347966103114899505e-01 2.363543308048069669e+00 1.000000000000000056e-01
2.587000000000000099e+01 5.255051356236342119e-01 2.361767810024951064e+00 1.000000000000000056e-01
2.587999999999999901e+01 5.161544732558119852e-01 2.359975830436539468e+00 1.000000000000000056e-01
2.589000000000000057e+01 5.067453231456352514e-01 2.358168161504368143e+00 1.000000000000000056e-01
2.590000000000000213e+01 4.972783890199537482e-01 2.356345606453007946e+00 1.000000000000000056e-01
2.591000000000000014e+01 4.877543787066196956e-01 2.354508979216383580e+00 1.000000000000000056e-01
2.592000000000000171e+01 4.781740044494697806e-01 2.352659104133075996e+00 1.000000000000000056e-01
2.592999999999999972e+01 4.685379832282296486e-01 2.350796815628354963e+00 1.000000000000000056e-01
2.594000000000000128e+01 4.588470370801625009e-01 2.348922957885168472e+00 1.000000000000000056e-01
2.594999999999999929e+01 4.491018934261601370e-01 2.347038384504198216e+00 1.000000000000000056e-01
2.596000000000000085e+01 4.393032853954593753e-01 2.345143958151925112e+00 1.000000000000000056e-01
2.596999999999999886e+01 4.294519521536760975e-01 2.343240550198438132e+00 1.000000000000000056e-01
2.598000000000000043e+01 4.195486392300002976e-01 2.341329040345133894e+00 1.000000000000000056e-01
2.599000000000000199e+01 4.095940988424615625e-01 2.339410316242479304e+00 1.000000000000000056e-01
2.600000000000000000e+01 3.995890902245145537e-01 2.337485273098030891e+00 1.000000000000000056e-01
2.601000000000000156e+01 3.895343799481699731e-01 2.335554813275613650e+00 1.000000000000000056e-01
2.601999999999999957e+01 3.794307422468144453e-01 2.333619845884614019e+00 1.000000000000000056e-01
2.603000000000000114e+01 3.692789593357907463e-01 2.331681286361632299e+00 1.000000000000000056e-01
2.603999999999999915e+01 3.590798217328394770e-01 2.329740056041989416e+00 1.000000000000000056e-01
2.605000000000000071e+01 3.488341285757067256e-01 2.327797081722807082e+00 1.000000000000000056e-01
2.606000000000000227e+01 3.385426879397865352e-01 2.325853295217512606e+00 1.000000000000000056e-01
2.607000000000000028e+01 3.282063171549237102e-01 2.323909632902084965e+00 1.000000000000000056e-01
2.608000000000000185e+01 3.178258431198723311e-01 2.321967035250771083e+00 1.000000000000000056e-01
2.608999999999999986e+01 3.074021026168229365e-01 2.320026446365583972e+00 1.000000000000000056e-01
2.610000000000000142e+01 2.969359426229521981e-01 2.318088813495728040e+00 1.000000000000000056e-01
2.610999999999999943e+01 2.864282206211573034e-01 2.316155086549958941e+00 1.000000000000000056e-01
2.612000000000000099e+01 2.758798049058996393e-01 2.314226217599575808e+00 1.000000000000000056e-01
2.612999999999999901e+01 2.652915748874480339e-01 2.312303160375872135e+00 1.000000000000000056e-01
2.614000000000000057e+01 2.546644213894087572e-01 2.310386869757703909e+00 1.000000000000000056e-01
2.615000000000000213e+01 2.439992469434215105e-01 2.308478301254165199e+00 1.000000000000000056e-01
2.616000000000000014e+01 2.332969660749240615e-01 2.306578410479755536e+00 1.000000000000000056e-01
2.617000000000000171e+01 2.225585055844171434e-01 2.304688152621919617e+00 1.000000000000000056e-01
2.617999999999999972e+01 2.117848048202488620e-01 2.302808481905701754e+00 1.000000000000000056e-01
2.619000000000000128e+01 2.009768159429575485e-01 2.300940351049235222e+00 1.000000000000000056e-01
2.619999999999999929e+01 1.901355041821266301e-01 2.299084710715951552e+00 1.000000000000000056e-01
2.621000000000000085e+01 1.792618480838737982e-01 2.297242508961987006e+00 1.000000000000000056e-01
2.621999999999999886e+01 1.683568397484267454e-01 2.295414690677570313e+00 1.000000000000000056e-01
2.623000000000000043e+01 1.574214850591588166e-01 2.293602197025859990e+00 1.000000000000000056e-01
2.624000000000000199e+01 1.464568039005342270e-01 2.291805964876469481e+00 1.000000000000000056e-01
2.625000000000000000e+01 1.354638303649384201e-01 2.290026926237088034e+00 1.000000000000000056e-01
2.626000000000000156e+01 1.244436129501748506e-01 2.288266007680569647e+00 1.000000000000000056e-01
2.626999999999999957e+01 1.133972147416215104e-01 2.286524129771116964e+00 1.000000000000000056e-01
2.628000000000000114e+01 1.023257135849426763e-01 2.284802206486498122e+00 1.000000000000000056e-01
2.628999999999999915e+01 9.123020224292834046e-02 2.283101144640789837e+00 1.000000000000000056e-01
2.630000000000000071e+01 8.011178853893076435e-02 2.281421843303883534e+00 1.000000000000000056e-01
2.631000000000000227e+01 6.897159548520508110e-02 2.279765193221142461e+00 1.000000000000000056e-01
2.632000000000000028e+01 5.781076139508856127e-02 2.278132076233847059e+00 1.000000000000000056e-01
2.633000000000000185e+01 4.663043997959508136e-02 2.276523364697339957e+00 1.000000000000000056e-01
2.633999999999999986e+01 3.543180042729768969e-02 2.274939920902329771e+00 1.000000000000000056e-01
2.635000000000000142e+01 2.421602746700782585e-02 2.273382596495644226e+00 1.000000000000000056e-01
2.635999999999999943e+01 1.298432141457642360e-02 2.271852231903596753e+00 1.000000000000000056e-01
2.637000000000000099e+01 1.737898202829537761e-03 2.270349655756109808e+00 1.000000000000000056e-01
2.637999999999999901e+01 -9.522010604871391712e-03 2.268875684315180052e+00 1.000000000000000056e-01
2.639000000000000057e+01 -2.079415781695830717e-02 2.267431120903673936e+00 1.000000000000000056e-01
2.640000000000000213e+01 -3.207728063124828249e-02 2.266016755341059508e+00 1.000000000000000056e-01
2.641000000000000014e+01 -4.337010066814091930e-02 2.264633363379336295e+00 1.000000000000000056e-01
2.642000000000000171e+01 -5.467132401886542342e-02 2.263281706146575090e+00 1.000000000000000056e-01
2.642999999999999972e+01 -6.597964130849830189e-02 2.261962529594237381e+00 1.000000000000000056e-01
2.644000000000000128e+01 -7.729372777453721866e-02 2.260676563950048124e+00 1.000000000000000056e-01
2.644999999999999929e+01 -8.861224336021603087e-02 2.259424523178561017e+00 1.000000000000000056e-01
2.646000000000000085e+01 -9.993383282464192441e-02 2.258207104447044866e+00 1.000000000000000056e-01
2.646999999999999886e+01 -1.112571258685517983e-01 2.257024987601508048e+00 1.000000000000000056e-01
2.648000000000000043e+01 -1.225807372780079868e-01 2.255878834648820774e+00 1.000000000000000056e-01
2.649000000000000199e+01 -1.339032670855178631e-01 2.254769289249697550e+00 1.000000000000000056e-01
2.650000000000000000e+01 -1.452233007507215956e-01 2.253696976221410964e+00 1.000000000000000056e-01
2.651000000000000156e+01 -1.565394093601969461e-01 2.252662501050335830e+00 1.000000000000000056e-01
2.651999999999999957e+01 -1.678501498471067221e-01 2.251666449416937610e+00 1.000000000000000056e-01
2.653000000000000114e+01 -1.791540652327189842e-01 2.250709386731440720e+00 1.000000000000000056e-01
2.653999999999999915e+01 -1.904496848877061388e-01 2.249791857683259177e+00 1.000000000000000056e-01
2.655000000000000071e+01 -2.017355248148247071e-01 2.248914385802649019e+00 1.000000000000000056e-01
2.656000000000000227e+01 -2.130100879534949365e-01 2.248077473036475205e+00 1.000000000000000056e-01
2.657000000000000028e+01 -2.242718645027065305e-01 2.247281599337798141e+00 1.000000000000000056e-01
2.658000000000000185e+01 -2.355193322676299994e-01 2.246527222271183621e+00 1.000000000000000056e-01
2.658999999999999986e+01 -2.467509570221578241e-01 2.245814776631208431e+00 1.000000000000000056e-01
2.660000000000000142e+01 -2.579651928939649119e-01 2.245144674079893043e+00 1.000000000000000056e-01
2.660999999999999943e+01 -2.691604827658528043e-01 2.244517302796254388e+00 1.000000000000000056e-01
2.662000000000000099e+01 -2.803352586964595883e-01 2.243933027146338688e+00 1.000000000000000056e-01
2.662999999999999901e+01 -2.914879423590319152e-01 2.243392187368305812e+00 1.000000000000000056e-01
2.664000000000000057e+01 -3.026169454955625060e-01 2.242895099275893589e+00 1.000000000000000056e-01
2.665000000000000213e+01 -3.137206703913915096e-01 2.242442053979382344e+00 1.000000000000000056e-01
2.666000000000000014e+01 -3.247975103638551797e-01 2.242033317626729971e+00 1.000000000000000056e-01
2.667000000000000171e+01 -3.358458502692474035e-01 2.241669131161968753e+00 1.000000000000000056e-01
2.667999999999999972e+01 -3.468640670272905013e-01 2.241349710104505011e+00 1.000000000000000056e-01
2.669000000000000128e+01 -3.578505301609246070e-01 2.241075244348336160e+00 1.000000000000000056e-01
2.669999999999999929e+01 -3.688036023537582531e-01 2.240845897980408008e+00 1.000000000000000056e-01
2.671000000000000085e+01 -3.797216400241586465e-01 2.240661809121923476e+00 1.000000000000000056e-01
2.671999999999999886e+01 -3.906029939143988439e-01 2.240523089788626354e+00 1.000000000000000056e-01
2.673000000000000043e+01 -4.014460096962148561e-01 2.240429825773805561e+00 1.000000000000000056e-01
2.674000000000000199e+01 -4.122490285911861729e-01 2.240382076552761781e+00 1.000000000000000056e-01
2.675000000000000000e+01 -4.230103880046691134e-01 2.240379875208523330e+00 1.000000000000000056e-01
2.676000000000000156e+01 -4.337284221737794931e-01 2.240423228380381993e+00 1.000000000000000056e-01
2.676999999999999957e+01 -4.444014628267820566e-01 2.240512116234292694e+00 1.000000000000000056e-01
2.678000000000000114e+01 -4.550278398546502290e-01 2.240646492456102035e+00 1.000000000000000056e-01
2.678999999999999915e+01 -4.656058819919541292e-01 2.240826284265637014e+00 1.000000000000000056e-01
2.680000000000000071e+01 -4.761339175076843566e-01 2.241051392456168134e+00 1.000000000000000056e-01
2.681000000000000227e+01 -4.866102749034109110e-01 2.241321691453809883e+00 1.000000000000000056e-01
2.682000000000000028e+01 -4.970332836200387350e-01 2.241637029400521453e+00 1.000000000000000056e-01
2.683000000000000185e+01 -5.074012747496986497e-01 2.241997228260796948e+00 1.000000000000000056e-01
2.683999999999999986e+01 -5.177125817542757025e-01 2.242402083949128766e+00 1.000000000000000056e-01
2.685000000000000142e+01 -5.279655411891982508e-01 2.242851366481712905e+00 1.000000000000000056e-01
2.685999999999999943e+01 -5.381584934302747758e-01 2.243344820149395513e+00 1.000000000000000056e-01
2.687000000000000099e+01 -5.482897834067304021e-01 2.243882163714332911e+00 1.000000000000000056e-01
2.687999999999999901e+01 -5.583577613351141666e-01 2.244463090627714763e+00 1.000000000000000056e-01
2.689000000000000057e+01 -5.683607834573074502e-01 2.245087269270236163e+00 1.000000000000000056e-01
2.690000000000000213e+01 -5.782972127804374418e-01 2.245754343214262150e+00 1.000000000000000056e-01
2.691000000000000014e+01 -5.881654198171061276e-01 2.246463931507598488e+00 1.000000000000000056e-01
2.692000000000000171e+01 -5.979637833266784330e-01 2.247215628977357937e+00 1.000000000000000056e-01
2.692999999999999972e+01 -6.076906910559595199e-01 2.248009006557198042e+00 1.000000000000000056e-01
2.694000000000000128e+01 -6.173445404782866852e-01 2.248843611631637707e+00 1.000000000000000056e-01
2.694999999999999929e+01 -6.269237395292168724e-01 2.249718968402850017e+00 1.000000000000000056e-01
2.696000000000000085e+01 -6.364267073401471686e-01 2.250634578275843456e+00 1.000000000000000056e-01
2.696999999999999886e+01 -6.458518749650430379e-01 2.251589920262138556e+00 1.000000000000000056e-01
2.698000000000000043e+01 -6.551976861029851218e-01 2.252584451403208288e+00 1.000000000000000056e-01
2.699000000000000199e+01 -6.644625978121913024e-01 2.253617607209843943e+00 1.000000000000000056e-01
2.700000000000000000e+01 -6.736450812171456137e-01 2.254688802120623059e+00 1.000000000000000056e-01
2.701000000000000156e+01 -6.827436222060622173e-01 2.255797429975439528e+00 1.000000000000000056e-01
2.701999999999999957e+01 -6.917567221184113269e-01 2.256942864506141788e+00 1.000000000000000056e-01
2.703000000000000114e+01 -7.006828984228000712e-01 2.258124459842240750e+00 1.000000000000000056e-01
2.703999999999999915e+01 -7.095206853822313420e-01 2.259341551030491502e+00 1.000000000000000056e-01
2.705000000000000071e+01 -7.182686347092928081e-01 2.260593454570923644e+00 1.000000000000000056e-01
2.706000000000000227e+01 -7.269253162075177688e-01 2.261879468962630924e+00 1.000000000000000056e-01
2.707000000000000028e+01 -7.354893184014871244e-01 2.263198875266255516e+00 1.000000000000000056e-01
2.708000000000000185e+01 -7.439592491526717533e-01 2.264550937675403386e+00 1.000000000000000056e-01
2.708999999999999986e+01 -7.523337362629062275e-01 2.265934904100914693e+00 1.000000000000000056e-01
2.710000000000000142e+01 -7.606114280625330126e-01 2.267350006764723425e+00 1.000000000000000056e-01
2.710999999999999943e+01 -7.687909939857927588e-01 2.268795462804288121e+00 1.000000000000000056e-01
2.712000000000000099e+01 -7.768711251289429631e-01 2.270270474884497069e+00 1.000000000000000056e-01
2.712999999999999901e+01 -7.848505347950371913e-01 2.271774231819175593e+00 1.000000000000000056e-01
2.714000000000000057e+01 -7.927279590204084903e-01 2.273305909198440666e+00 1.000000000000000056e-01
2.715000000000000213e+01 -8.005021570848952495e-01 2.274864670022101354e+00 1.000000000000000056e-01
2.716000000000000014e+01 -8.081719120042073490e-01 2.276449665340235295e+00 1.000000000000000056e-01
2.717000000000000171e+01 -8.157360310032200079e-01 2.278060034895199149e+00 1.000000000000000056e-01
2.717999999999999972e+01 -8.231933459699114497e-01 2.279694907770424717e+00 1.000000000000000056e-01
2.719000000000000128e+01 -8.305427138899375006e-01 2.281353403038143046e+00 1.000000000000000056e-01
2.719999999999999929e+01 -8.377830172589693092e-01 2.283034630412554389e+00 1.000000000000000056e-01
2.721000000000000085e+01 -8.449131644754274140e-01 2.284737690900380258e+00 1.000000000000000056e-01
2.721999999999999886e+01 -8.519320902102284210e-01 2.286461677453362373e+00 1.000000000000000056e-01
2.723000000000000043e+01 -8.588387557553720519e-01 2.288205675618756096e+00 1.000000000000000056e-01
2.724000000000000199e+01 -8.656321493495372499e-01 2.289968764188372141e+00 1.000000000000000056e-01
2.725000000000000000e+01 -8.723112864819266843e-01 2.291750015844321364e+00 1.000000000000000056e-01
2.726000000000000156e+01 -8.788752101732094646e-01 2.293548497801534580e+00 1.000000000000000056e-01
2.726999999999999957e+01 -8.853229912343383301e-01 2.295363272446446334e+00 1.000000000000000056e-01
2.728000000000000114e+01 -8.916537285030304849e-01 2.297193397968538164e+00 1.000000000000000056e-01
2.728999999999999915e+01 -8.978665490579603725e-01 2.299037928988857171e+00 1.000000000000000056e-01
2.730000000000000071e+01 -9.039606084112479234e-01 2.300895917179242467e+00 1.000000000000000056e-01
2.731000000000000227e+01 -9.099350906790619753e-01 2.302766411875925456e+00 1.000000000000000056e-01
2.732000000000000028e+01 -9.157892087308080464e-01 2.304648460684307398e+00 1.000000000000000056e-01
2.733000000000000185e+01 -9.215222043168647126e-01 2.306541110075539525e+00 1.000000000000000056e-01
2.733999999999999986e+01 -9.271333481755360539e-01 2.308443405973773732e+00 1.000000000000000056e-01
2.735000000000000142e+01 -9.326219401198443393e-01 2.310354394333578920e+00 1.000000000000000056e-01
2.735999999999999943e+01 -9.379873091024237830e-01 2.312273121707480783e+00 1.000000000000000056e-01
2.737000000000000099e+01 -9.432288132619598420e-01 2.314198635802285242e+00 1.000000000000000056e-01
2.737999999999999901e+01 -9.483458399491517810e-01 2.316129986024634047e+00 1.000000000000000056e-01
2.739000000000000057e+01 -9.533378057330325062e-01 2.318066224014811993e+00 1.000000000000000056e-01
2.740000000000000213e+01 -9.582041563883916258e-01 2.320006404168558856e+00 1.000000000000000056e-01
2.741000000000000014e+01 -9.629443668652082344e-01 2.321949584146873580e+00 1.000000000000000056e-01
2.742000000000000171e+01 -9.675579412375879818e-01 2.323894825372652129e+00 1.000000000000000056e-01
2.742999999999999972e+01 -9.720444126378635641e-01 2.325841193515135963e+00 1.000000000000000056e-01
2.744000000000000128e+01 -9.764033431695371412e-01 2.327787758960547571e+00 1.000000000000000056e-01
2.744999999999999929e+01 -9.806343238053381040e-01 2.329733597269529888e+00 1.000000000000000056e-01
2.746000000000000085e+01 -9.847369742672062998e-01 2.331677789621299457e+00 1.000000000000000056e-01
2.746999999999999886e+01 -9.887109428892588703e-01 2.333619423243438185e+00 1.000000000000000056e-01
2.748000000000000043e+01 -9.925559064652303976e-01 2.335557591827825519e+00 1.000000000000000056e-01
2.749000000000000199e+01 -9.962715700786470840e-01 2.337491395932639993e+00 1.000000000000000056e-01
2.750000000000000000e+01 -9.998576669179861653e-01 2.339419943370518506e+00 1.000000000000000056e-01
2.751000000000000156e+01 -1.003313958075404244e+00 2.341342349580902926e+00 1.000000000000000056e-01
2.751999999999999957e+01 -1.006640232331496243e+00 2.343257737989953959e+00 1.000000000000000056e-01
2.753000000000000114e+01 -1.009836305923265343e+00 2.345165240355111091e+00 1.000000000000000056e-01
2.753999999999999915e+01 -1.012902022299188687e+00 2.347063997094896770e+00 1.000000000000000056e-01
2.755000000000000071e+01 -1.015837251858685786e+00 2.348953157605620401e+00 1.000000000000000056e-01
2.756000000000000227e+01 -1.018641891678566891e+00 2.350831880563396314e+00 1.000000000000000056e-01
2.757000000000000028e+01 -1.021315865225109532e+00 2.352699334211685311e+00 1.000000000000000056e-01
2.758000000000000185e+01 -1.023859122053743853e+00 2.354554696635678734e+00 1.000000000000000056e-01
2.758999999999999986e+01 -1.026271637495310252e+00 2.356397156022968620e+00 1.000000000000000056e-01
2.760000000000000142e+01 -1.028553412330398098e+00 2.358225910910876522e+00 1.000000000000000056e-01
2.760999999999999943e+01 -1.030704472451639653e+00 2.360040170419717143e+00 1.000000000000000056e-01
2.762000000000000099e+01 -1.032724868514568239e+00 2.361839154474739022e+00 1.000000000000000056e-01
2.762999999999999901e+01 -1.034614675577574916e+00 2.363622094014804276e+00 1.000000000000000056e-01
2.764000000000000057e+01 -1.036373992731579596e+00 2.365388231187582235e+00 1.000000000000000056e-01
2.765000000000000213e+01 -1.038002942719093102e+00 2.367136819535685888e+00 1.000000000000000056e-01
2.766000000000000014e+01 -1.039501671545335793e+00 2.368867124167386429e+00 1.000000000000000056e-01
2.767000000000000171e+01 -1.040870348078891450e+00 2.370578421919916856e+00 1.000000000000000056e-01
2.767999999999999972e+01 -1.042109163645251302e+00 2.372270001508729464e+00 1.000000000000000056e-01
2.769000000000000128e+01 -1.043218331613099625e+00 2.373941163667300902e+00 1.000000000000000056e-01
2.769999999999999929e+01 -1.044198086972538020e+00 2.375591221277577159e+00 1.000000000000000056e-01
2.771000000000000085e+01 -1.045048685908013697e+00 2.377219499488316234e+00 1.000000000000000056e-01
2.771999999999999886e+01 -1.045770405365542111e+00 2.378825335826069587e+00 1.000000000000000056e-01
2.773000000000000043e+01 -1.046363542614780373e+00 2.380408080295337125e+00 1.000000000000000056e-01
2.774000000000000199e+01 -1.046828414806315832e+00 2.381967095470555851e+00 1.000000000000000056e-01
2.775000000000000000e+01 -1.047165358526258583e+00 2.383501756580241437e+00 1.000000000000000056e-01
2.776000000000000156e+01 -1.047374729345678546e+00 2.385011451581403374e+00 1.000000000000000056e-01
2.776999999999999957e+01 -1.047456901368875704e+00 2.386495581228578189e+00 1.000000000000000056e-01
2.778000000000000114e+01 -1.047412266777905332e+00 2.387953559133175752e+00 1.000000000000000056e-01
2.778999999999999915e+01 -1.047241235374196666e+00 2.389384811818896726e+00 1.000000000000000056e-01
2.780000000000000071e+01 -1.046944234119955741e+00 2.390788778767689582e+00 1.000000000000000056e-01
2.781000000000000227e+01 -1.046521706675210162e+00 2.392164912462670490e+00 1.000000000000000056e-01
2.782000000000000028e+01 -1.045974112934944467e+00 2.393512678423707740e+00 1.000000000000000056e-01
2.783000000000000185e+01 -1.045301928563755256e+00 2.394831555238357446e+00 1.000000000000000056e-01
2.783999999999999986e+01 -1.044505644528870514e+00 2.396121034589486776e+00 1.000000000000000056e-01
2.785000000000000142e+01 -1.043585766633664980e+00 2.397380621276409496e+00 1.000000000000000056e-01
2.785999999999999943e+01 -1.042542815048029592e+00 2.398609833234391253e+00 1.000000000000000056e-01
2.787000000000000099e+01 -1.041377323841539138e+00 2.399808201550110098e+00 1.000000000000000056e-01
2.787999999999999901e+01 -1.040089840514185626e+00 2.400975270473134415e+00 1.000000000000000056e-01
2.789000000000000057e+01 -1.038680925530091947e+00 2.402110597427318694e+00 1.000000000000000056e-01
2.790000000000000213e+01 -1.037151151851650299e+00 2.403213753016654408e+00 1.000000000000000056e-01
2.791000000000000014e+01 -1.035501104476579615e+00 2.404284321032700955e+00 1.000000000000000056e-01
2.792000000000000171e+01 -1.033731379977554266e+00 2.405321898457937202e+00 1.000000000000000056e-01
2.792999999999999972e+01 -1.031842586045118582e+00 2.406326095469506487e+00 1.000000000000000056e-01
2.794000000000000128e+01 -1.029835341035655549e+00 2.407296535441042273e+00 1.000000000000000056e-01
2.794999999999999929e+01 -1.027710273521541096e+00 2.408232854945532520e+00 1.000000000000000056e-01
2.796000000000000085e+01 -1.025468021848567002e+00 2.409134703755579920e+00 1.000000000000000056e-01
2.796999999999999886e+01 -1.023109233695773668e+00 2.410001744847164673e+00 1.000000000000000056e-01
2.798000000000000043e+01 -1.020634565640930802e+00 2.410833654400154291e+00 1.000000000000000056e-01
2.799000000000000199e+01 -1.018044682730329997e+00 2.411630121802501137e+00 1.000000000000000056e-01
2.800000000000000000e+01 -1.015340258053109679e+00 2.412390849654277414e+00 1.000000000000000056e-01
2.801000000000000156e+01 -1.012521972319044838e+00 2.413115553772173350e+00 1.000000000000000056e-01
2.801999999999999957e+01 -1.009590513440400183e+00 2.413803963197695968e+00 1.000000000000000056e-01
2.803000000000000114e+01 -1.006546576117618219e+00 2.414455820204798986e+00 1.000000000000000056e-01
2.803999999999999915e+01 -1.003390861429062753e+00 2.415070880310551171e+00 1.000000000000000056e-01
2.805000000000000071e+01 -1.000124076422898689e+00 2.415648912288391958e+00 1.000000000000000056e-01
2.806000000000000227e+01 -9.967469337147751851e-01 2.416189698182149126e+00 1.000000000000000056e-01
2.807000000000000028e+01 -9.932601510892711261e-01 2.416693033323080275e+00 1.000000000000000056e-01
2.808000000000000185e+01 -9.896644511061001293e-01 2.417158726350505660e+00 1.000000000000000056e-01
2.808999999999999986e+01 -9.859605607124810600e-01 2.417586599231498656e+00 1.000000000000000056e-01
2.810000000000000142e+01 -9.821492108619799266e-01 2.417976487287197163e+00 1.000000000000000056e-01
2.810999999999999943e+01 -9.782311361412930895e-01 2.418328239217522935e+00 1.000000000000000056e-01
2.812000000000000099e+01 -9.742070744049308173e-01 2.418641717131599478e+00 1.000000000000000056e-01
2.812999999999999901e+01 -9.700777664196899019e-01 2.418916796578043371e+00 1.000000000000000056e-01
2.814000000000000057e+01 -9.658439555190366788e-01 2.419153366579091635e+00 1.000000000000000056e-01
2.815000000000000213e+01 -9.615063872684853630e-01 2.419351329666216799e+00 1.000000000000000056e-01
2.816000000000000014e+01 -9.570658091419435021e-01 2.419510601918428705e+00 1.000000000000000056e-01
2.817000000000000171e+01 -9.525229702102812057e-01 2.419631113002631562e+00 1.000000000000000056e-01
2.817999999999999972e+01 -9.478786208407317115e-01 2.419712806215779555e+00 1.000000000000000056e-01
2.819000000000000128e+01 -9.431335124093647160e-01 2.419755638530047825e+00 1.000000000000000056e-01
2.819999999999999929e+01 -9.382883970242008598e-01 2.419759580638205509e+00 1.000000000000000056e-01
2.821000000000000085e+01 -9.333440272602517851e-01 2.419724617003318645e+00 1.000000000000000056e-01
2.821999999999999886e+01 -9.283011559056032480e-01 2.419650745907868661e+00 1.000000000000000056e-01
2.823000000000000043e+01 -9.231605357184630156e-01 2.419537979505873349e+00 1.000000000000000056e-01
2.824000000000000199e+01 -9.179229191943489852e-01 2.419386343875821410e+00 1.000000000000000056e-01
2.825000000000000000e+01 -9.125890583434623782e-01 2.419195879075978439e+00 1.000000000000000056e-01
2.826000000000000156e+01 -9.071597044778828556e-01 2.418966639198462776e+00 1.000000000000000056e-01
2.826999999999999957e+01 -9.016356080089207303e-01 2.418698692427174723e+00 1.000000000000000056e-01
2.828000000000000114e+01 -8.960175182523443249e-01 2.418392121093281499e+00 1.000000000000000056e-01
2.828999999999999915e+01 -8.903061832453322832e-01 2.418047021734237578e+00 1.000000000000000056e-01
2.830000000000000071e+01 -8.845023495709940509e-01 2.417663505149111991e+00 1.000000000000000056e-01
2.831000000000000227e+01 -8.786067621935872429e-01 2.417241696457628652e+00 1.000000000000000056e-01
2.832000000000000028e+01 -8.726201643041018308e-01 2.416781735155606903e+00 1.000000000000000056e-01
2.833000000000000185e+01 -8.665432971750700597e-01 2.416283775170890546e+00 1.000000000000000056e-01
2.833999999999999986e+01 -8.603769000276746404e-01 2.415747984918712454e+00 1.000000000000000056e-01
2.835000000000000142e+01 -8.541217099095308463e-01 2.415174547353889700e+00 1.000000000000000056e-01
2.835999999999999943e+01 -8.477784615845322946e-01 2.414563660022951197e+00 1.000000000000000056e-01
2.837000000000000099e+01 -8.413478874359524573e-01 2.413915535114001809e+00 1.000000000000000056e-01
2.837999999999999901e+01 -8.348307173820747051e-01 2.413230399502623413e+00 1.000000000000000056e-01
2.839000000000000057e+01 -8.282276788059281802e-01 2.412508494797316771e+00 1.000000000000000056e-01
2.840000000000000213e+01 -8.215394964990707649e-01 2.411750077381477730e+00 1.000000000000000056e-01
2.841000000000000014e+01 -8.147668926199480577e-01 2.410955418450069221e+00 1.000000000000000056e-01
2.842000000000000171e+01 -8.079105866663285340e-01 2.410124804047199198e+00 1.000000000000000056e-01
2.842999999999999972e+01 -8.009712954630009429e-01 2.409258535094739972e+00 1.000000000000000056e-01
2.844000000000000128e+01 -7.939497331622257237e-01 2.408356927421664295e+00 1.000000000000000056e-01
2.844999999999999929e+01 -7.868466112600843720e-01 2.407420311785686273e+00 1.000000000000000056e-01
2.846000000000000085e+01 -7.796626386234283279e-01 2.406449033893158340e+00 1.000000000000000056e-01
2.846999999999999886e+01 -7.723985215316171438e-01 2.405443454411143822e+00 1.000000000000000056e-01
2.848000000000000043e+01 -7.650549637279847603e-01 2.404403948977953398e+00 1.000000000000000056e-01
2.849000000000000199e+01 -7.576326664838184399e-01 2.403330908204832195e+00 1.000000000000000056e-01
2.850000000000000000e+01 -7.501323286710406268e-01 2.402224737674812705e+00 1.000000000000000056e-01
2.851000000000000156e+01 -7.425546468454592430e-01 2.401085857933456413e+00 1.000000000000000056e-01
2.851999999999999957e+01 -7.349003153383906195e-01 2.399914704474682470e+00 1.000000000000000056e-01
2.853000000000000114e+01 -7.271700263577336454e-01 2.398711727719010423e+00 1.000000000000000056e-01
2.853999999999999915e+01 -7.193644700969971106e-01 2.397477392984276090e+00 1.000000000000000056e-01
2.855000000000000071e+01 -7.114843348535432321e-01 2.396212180450964624e+00 1.000000000000000056e-01
2.856000000000000227e+01 -7.035303071567077238e-01 2.394916585116001251e+00 1.000000000000000056e-01
2.857000000000000028e+01 -6.955030719033917785e-01 2.393591116742835645e+00 1.000000000000000056e-01
2.858000000000000185e+01 -6.874033125066075778e-01 2.392236299797751542e+00 1.000000000000000056e-01
2.858999999999999986e+01 -6.792317110517961387e-01 2.390852673382544147e+00 1.000000000000000056e-01
2.860000000000000142e+01 -6.709889484655152669e-01 2.389440791153298438e+00 1.000000000000000056e-01
2.860999999999999943e+01 -6.626757046949099950e-01 2.388001221233316151e+00 1.000000000000000056e-01
2.862000000000000099e+01 -6.542926588982583835e-01 2.386534546113752153e+00 1.000000000000000056e-01
2.862999999999999901e+01 -6.458404896463171285e-01 2.385041362546610699e+00 1.000000000000000056e-01
2.864000000000000057e+01 -6.373198751345350299e-01 2.383522281425888956e+00 1.000000000000000056e-01
2.865000000000000213e+01 -6.287314934051746462e-01 2.381977927660019922e+00 1.000000000000000056e-01
2.866000000000000014e+01 -6.200760225789571090e-01 2.380408940034093757e+00 1.000000000000000056e-01
2.867000000000000171e+01 -6.113541410942482379e-01 2.378815971061290391e+00 1.000000000000000056e-01
2.867999999999999972e+01 -6.025665279554899278e-01 2.377199686824461367e+00 1.000000000000000056e-01
2.869000000000000128e+01 -5.937138629867858564e-01 2.375560766808269442e+00 1.000000000000000056e-01
2.869999999999999929e+01 -5.847968270923210587e-01 2.373899903719141502e+00 1.000000000000000056e-01
2.871000000000000085e+01 -5.758161025224456386e-01 2.372217803297137717e+00 1.000000000000000056e-01
2.871999999999999886e+01 -5.667723731442479984e-01 2.370515184114819540e+00 1.000000000000000056e-01
2.873000000000000043e+01 -5.576663247178927918e-01 2.368792777367910940e+00 1.000000000000000056e-01
2.874000000000000199e+01 -5.484986451768337767e-01 2.367051326652424237e+00 1.000000000000000056e-01
2.875000000000000000e+01 -5.392700249145189195e-01 2.365291587732830436e+00 1.000000000000000056e-01
2.876000000000000156e+01 -5.299811570748383938e-01 2.363514328298097933e+00 1.000000000000000056e-01
2.876999999999999957e+01 -5.206327378495995140e-01 2.361720327705327360e+00 1.000000000000000056e-01
2.878000000000000114e+01 -5.112254667810318676e-01 2.359910376713927338e+00 1.000000000000000056e-01
2.878999999999999915e+01 -5.017600470704612903e-01 2.358085277205036245e+00 1.000000000000000056e-01
2.880000000000000071e+01 -4.922371858925826960e-01 2.356245841891258852e+00 1.000000000000000056e-01
2.881000000000000227e+01 -4.826575947165108182e-01 2.354392894014047055e+00 1.000000000000000056e-01
2.882000000000000028e+01 -4.730219896300623672e-01 2.352527267027445745e+00 1.000000000000000056e-01
2.883000000000000185e+01 -4.633310916710825511e-01 2.350649804272244126e+00 1.000000000000000056e-01
2.883999999999999986e+01 -4.535856271598310285e-01 2.348761358636612506e+00 1.000000000000000056e-01
2.885000000000000142e+01 -4.437863280366002305e-01 2.346862792206589443e+00 1.000000000000000056e-01
2.885999999999999943e+01 -4.339339321989479359e-01 2.344954975904113503e+00 1.000000000000000056e-01
2.887000000000000099e+01 -4.240291838408704050e-01 2.343038789115945431e+00 1.000000000000000056e-01
2.887999999999999901e+01 -4.140728337910493106e-01 2.341115119310476445e+00 1.000000000000000056e-01
2.889000000000000057e+01 -4.040656398499607449e-01 2.339184861646535829e+00 1.000000000000000056e-01
2.890000000000000213e+01 -3.940083671248723052e-01 2.337248918570924427e+00 1.000000000000000056e-01
2.891000000000000014e+01 -3.839017883624755156e-01 2.335308199408860030e+00 1.000000000000000056e-01
2.892000000000000171e+01 -3.737466842788028654e-01 2.333363619943787715e+00 1.000000000000000056e-01
2.892999999999999972e+01 -3.635438438851862908e-01 2.331416101990543943e+00 1.000000000000000056e-01
2.894000000000000128e+01 -3.532940648123995553e-01 2.329466572959720150e+00 1.000000000000000056e-01
2.894999999999999929e+01 -3.429981536305005685e-01 2.327515965413196053e+00 1.000000000000000056e-01
2.896000000000000085e+01 -3.326569261661482813e-01 2.325565216613513009e+00 1.000000000000000056e-01
2.896999999999999886e+01 -3.222712078171516281e-01 2.323615268063909500e+00 1.000000000000000056e-01
2.898000000000000043e+01 -3.118418338633025533e-01 2.321667065041009614e+00 1.000000000000000056e-01
2.899000000000000199e+01 -3.013696497749723258e-01 2.319721556119481942e+00 1.000000000000000056e-01
2.900000000000000000e+01 -2.908555115177912098e-01 2.317779692689082349e+00 1.000000000000000056e-01
2.901000000000000156e+01 -2.803002858538935493e-01 2.315842428463693814e+00 1.000000000000000056e-01
2.901999999999999957e+01 -2.697048506396345635e-01 2.313910718982270520e+00 1.000000000000000056e-01
2.903000000000000114e+01 -2.590700951175195499e-01 2.311985521102450036e+00 1.000000000000000056e-01
2.903999999999999915e+01 -2.483969202052811742e-01 2.310067792486932170e+00 1.000000000000000056e-01
2.905000000000000071e+01 -2.376862387767997298e-01 2.308158491081753638e+00 1.000000000000000056e-01
2.906000000000000227e+01 -2.269389759393714012e-01 2.306258574588162080e+00 1.000000000000000056e-01
2.907000000000000028e+01 -2.161560693030946112e-01 2.304368999927556505e+00 1.000000000000000056e-01
2.908000000000000185e+01 -2.053384692436710790e-01 2.302490722700197168e+00 1.000000000000000056e-01
2.908999999999999986e+01 -1.944871391581937392e-01 2.300624696636697220e+00 1.000000000000000056e-01
2.910000000000000142e+01 -1.836030557134805674e-01 2.298771873046111303e+00 1.000000000000000056e-01
2.910999999999999943e+01 -1.726872090857740905e-01 2.296933200255746765e+00 1.000000000000000056e-01
2.912000000000000099e+01 -1.617406031929989607e-01 2.295109623048644298e+00 1.000000000000000056e-01
2.912999999999999901e+01 -1.507642559181841535e-01 2.293302082095137084e+00 1.000000000000000056e-01
2.914000000000000057e+01 -1.397591993226542373e-01 2.291511513381133458e+00 1.000000000000000056e-01
2.915000000000000213e+01 -1.287264798506479735e-01 2.289738847632334817e+00 1.000000000000000056e-01
2.916000000000000014e+01 -1.176671585220541993e-01 2.287985009736294373e+00 1.000000000000000056e-01
2.917000000000000171e+01 -1.065823111138005652e-01 2.286250918161840673e+00 1.000000000000000056e-01
2.917999999999999972e+01 -9.547302832836400410e-02 2.284537484376454319e+00 1.000000000000000056e-01
2.919000000000000128e+01 -8.434041594847792311e-02 2.282845612262083268e+00 1.000000000000000056e-01
2.919999999999999929e+01 -7.318559497690513282e-02 2.281176197531539440e+00 1.000000000000000056e-01
2.921000000000000085e+01 -6.200970175954726576e-02 2.279530127143383211e+00 1.000000000000000056e-01
2.921999999999999886e+01 -5.081388809300130954e-02 2.277908278717777346e+00 1.000000000000000056e-01
2.923000000000000043e+01 -3.959932131271603345e-02 2.276311519952683327e+00 1.000000000000000056e-01
2.924000000000000199e+01 -2.836718436528470194e-02 2.274740708042979787e+00 1.000000000000000056e-01
2.925000000000000000e+01 -1.711867585950218110e-02 2.273196689099175494e+00 1.000000000000000056e-01
2.926000000000000156e+01 -5.855010102008101520e-03 2.271680297569697249e+00 1.000000000000000056e-01
2.926999999999999957e+01 5.422582887264971140e-03 2.270192355666682982e+00 1.000000000000000056e-01
2.928000000000000114e+01 1.671285737680022754e-02 2.268733672792805134e+00 1.000000000000000056e-01
2.928999999999999915e+01 2.801455194178782693e-02 2.267305044973921824e+00 1.000000000000000056e-01
2.930000000000000071e+01 3.932638950028084779e-02 2.265907254294511119e+00 1.000000000000000056e-01
2.931000000000000227e+01 5.064707736396210219e-02 2.264541068338176366e+00 1.000000000000000056e-01
2.932000000000000028e+01 6.197530730536977145e-02 2.263207239633193257e+00 1.000000000000000056e-01
2.933000000000000185e+01 7.330975563993119559e-02 2.261906505103637777e+00 1.000000000000000056e-01
2.933999999999999986e+01 8.464908332244905353e-02 2.260639585527163042e+00 1.000000000000000056e-01
2.935000000000000142e+01 9.599193605943305563e-02 2.259407184998803331e+00 1.000000000000000056e-01
2.935999999999999943e+01 1.073369444354117935e-01 2.258209990402971545e+00 1.000000000000000056e-01
2.937000000000000099e+01 1.186827240558962493e-01 2.257048670893602615e+00 1.000000000000000056e-01
2.937999999999999901e+01 1.300278757059183110e-01 2.255923877382658649e+00 1.000000000000000056e-01
2.939000000000000057e+01 1.413709855256370662e-01 2.254836242038361416e+00 1.000000000000000056e-01
2.940000000000000213e+01 1.527106252041469658e-01 2.253786377794193552e+00 1.000000000000000056e-01
2.941000000000000014e+01 1.640453521913808610e-01 2.252774877867863790e+00 1.000000000000000056e-01
2.942000000000000171e+01 1.753737099294755131e-01 2.251802315292337209e+00 1.000000000000000056e-01
2.942999999999999972e+01 1.866942281049932817e-01 2.250869242459369701e+00 1.000000000000000056e-01
2.944000000000000128e+01 1.980054229199094684e-01 2.249976190675153198e+00 1.000000000000000056e-01
2.944999999999999929e+01 2.093057973856059517e-01 2.249123669729415909e+00 1.000000000000000056e-01
2.946000000000000085e+01 2.205938416360031795e-01 2.248312167479559864e+00 1.000000000000000056e-01
2.946999999999999886e+01 2.318680332626736618e-01 2.247542149447482540e+00 1.000000000000000056e-01
2.948000000000000043e+01 2.431268376703570877e-01 2.246814058432914596e+00 1.000000000000000056e-01
2.949000000000000199e+01 2.543687084524664521e-01 2.246128314141672355e+00 1.000000000000000056e-01
2.950000000000000000e+01 2.655920877874953789e-01 2.245485312829837543e+00 1.000000000000000056e-01
2.951000000000000156e+01 2.767954068538916457e-01 2.244885426964817299e+00 1.000000000000000056e-01
2.951999999999999957e+01 2.879770862652099028e-01 2.244329004903306224e+00 1.000000000000000056e-01
2.953000000000000114e+01 2.991355365220603746e-01 2.243816370586988462e+00 1.000000000000000056e-01
2.953999999999999915e+01 3.102691584850553186e-01 2.243347823256117923e+00 1.000000000000000056e-01
2.955000000000000071e+01 3.213763438628057800e-01 2.242923637181786667e+00 1.000000000000000056e-01
2.956000000000000227e+01 3.324554757196765964e-01 2.242544061417623968e+00 1.000000000000000056e-01
2.957000000000000028e+01 3.435049289995751320e-01 2.242209319570536152e+00 1.000000000000000056e-01
2.958000000000000185e+01 3.545230710677376718e-01 2.241919609592051277e+00 1.000000000000000056e-01
2.958999999999999986e+01 3.655082622679964310e-01 2.241675103589602092e+00 1.000000000000000056e-01
2.960000000000000142e+01 3.764588564979255425e-01 2.241475947659295809e+00 1.000000000000000056e-01
2.960999999999999943e+01 3.873732017980789366e-01 2.241322261739236765e+00 1.000000000000000056e-01
2.962000000000000099e+01 3.982496409580582042e-01 2.241214139485272927e+00 1.000000000000000056e-01
2.962999999999999901e+01 4.090865121360320877e-01 2.241151648167254429e+00 1.000000000000000056e-01
2.964000000000000057e+01 4.198821494928100528e-01 2.241134828589204986e+00 1.000000000000000056e-01
2.965000000000000213e+01 4.306348838383945443e-01 2.241163695029816161e+00 1.000000000000000056e-01
2.966000000000000014e+01 4.413430432912103241e-01 2.241238235207091645e+00 1.000000000000000056e-01
2.967000000000000171e+01 4.520049539480292533e-01 2.241358410264169709e+00 1.000000000000000056e-01
2.967999999999999972e+01 4.626189405643790220e-01 2.241524154779427569e+00 1.000000000000000056e-01
2.969000000000000128e+01 4.731833272442549920e-01 2.241735376797157731e+00 1.000000000000000056e-01
2.969999999999999929e+01 4.836964381385306377e-01 2.241991957883657793e+00 1.000000000000000056e-01
2.971000000000000085e+01 4.941565981507946015e-01 2.242293753204458895e+00 1.000000000000000056e-01
2.971999999999999886e+01 5.045621336501627807e-01 2.242640591624210256e+00 1.000000000000000056e-01
2.973000000000000043e+01 5.149113731909954472e-01 2.243032275831310596e+00 1.000000000000000056e-01
2.974000000000000199e+01 5.252026482370321103e-01 2.243468582483076901e+00 1.000000000000000056e-01
2.975000000000000000e+01 5.354342938921657913e-01 2.243949262374887788e+00 1.000000000000000056e-01
2.976000000000000156e+01 5.456046496342281671e-01 2.244474040632010947e+00 1.000000000000000056e-01
2.976999999999999957e+01 5.557120600533200783e-01 2.245042616922613643e+00 1.000000000000000056e-01
2.978000000000000114e+01 5.657548755935264406e-01 2.245654665694709173e+00 1.000000000000000056e-01
2.978999999999999915e+01 5.757314532958522912e-01 2.246309836433082907e+00 1.000000000000000056e-01
2.980000000000000071e+01 5.856401575442862217e-01 2.247007753939796348e+00 1.000000000000000056e-01
2.981000000000000227e+01 5.954793608106087044e-01 2.247748018634735168e+00 1.000000000000000056e-01
2.982000000000000028e+01 6.052474444006886722e-01 2.248530206876683479e+00 1.000000000000000056e-01
2.983000000000000185e+01 6.149427991973115404e-01 2.249353871307339769e+00 1.000000000000000056e-01
2.983999999999999986e+01 6.245638264019388597e-01 2.250218541211757906e+00 1.000000000000000056e-01
2.985000000000000142e+01 6.341089382713854805e-01 2.251123722901629876e+00 1.000000000000000056e-01
2.985999999999999943e+01 6.435765588499076095e-01 2.252068900115369754e+00 1.000000000000000056e-01
2.987000000000000099e+01 6.529651246952462573e-01 2.253053534438497874e+00 1.000000000000000056e-01
2.987999999999999901e+01 6.622730855962213337e-01 2.254077065739829244e+00 1.000000000000000056e-01
2.989000000000000057e+01 6.714989052834683392e-01 2.255138912626968306e+00 1.000000000000000056e-01
2.990000000000000213e+01 6.806410621294998187e-01 2.256238472917880600e+00 1.000000000000000056e-01
2.991000000000000014e+01 6.896980498392909498e-01 2.257375124127622978e+00 1.000000000000000056e-01
2.992000000000000171e+01 6.986683781298067553e-01 2.258548223972775215e+00 1.000000000000000056e-01
2.992999999999999972e+01 7.075505733988226575e-01 2.259757110888019227e+00 1.000000000000000056e-01
2.994000000000000128e+01 7.163431793802210734e-01 2.261001104559765551e+00 1.000000000000000056e-01
2.994999999999999929e+01 7.250447577896391715e-01 2.262279506471116086e+00 1.000000000000000056e-01
2.996000000000000085e+01 7.336538889548994691e-01 2.263591600460959530e+00 1.000000000000000056e-01
2.996999999999999886e+01 7.421691724353749464e-01 2.264936653295000379e+00 1.000000000000000056e-01
2.998000000000000043e+01 7.505892276275504260e-01 2.266313915248096666e+00 1.000000000000000056e-01
2.999000000000000199e+01 7.589126943566953942e-01 2.267722620697655511e+00 1.000000000000000056e-01
3.000000000000000000e+01 7.671382334549404769e-01 2.269161988726219104e+00 1.000000000000000056e-01
