1.000000000000000021e-02 2.347097197581766992e-01 2.303481543986150015e+00 1.000000000000000056e-01
2.000000000000000042e-02 2.377939133863326282e-01 2.053351396994747891e+00 1.000000000000000056e-01
2.999999999999999889e-02 2.423834713862862422e-01 2.056211824107114783e+00 1.000000000000000056e-01
4.000000000000000083e-02 2.449472327899098190e-01 3.250307300598991728e-02 -1.000000000000000056e-01
5.000000000000000278e-02 2.459291482251441396e-01 1.177663575011226316e+00 -1.000000000000000056e-01
5.999999999999999778e-02 2.486136786374956997e-01 8.791829433367521762e-01 -1.000000000000000056e-01
7.000000000000000666e-02 2.505678873601910883e-01 8.815484983748460568e-01 -1.000000000000000056e-01
8.000000000000000167e-02 2.528325326040524734e-01 8.851587661194113554e-01 -1.000000000000000056e-01
8.999999999999999667e-02 2.550406600698373327e-01 8.901076875773065167e-01 -1.000000000000000056e-01
1.000000000000000056e-01 2.577911172377907456e-01 2.912697744831024060e+00 1.000000000000000056e-01
1.100000000000000006e-01 2.617921784218202874e-01 1.766786404312128411e+00 1.000000000000000056e-01
1.199999999999999956e-01 2.644590342273715478e-01 2.064756627510225151e+00 1.000000000000000056e-01
1.300000000000000044e-01 2.674775859647769427e-01 2.064812599147760608e+00 1.000000000000000056e-01
1.400000000000000133e-01 2.703155437503111935e-01 2.063050558455938877e+00 1.000000000000000056e-01
1.499999999999999944e-01 2.731093822268229609e-01 2.059122680514652526e+00 1.000000000000000056e-01
1.600000000000000033e-01 2.757970494821444518e-01 2.053512122070990653e+00 1.000000000000000056e-01
1.700000000000000122e-01 2.784077097304772930e-01 2.046988111302961322e+00 1.000000000000000056e-01
1.799999999999999933e-01 2.809408319933927034e-01 2.040022261888711608e+00 1.000000000000000056e-01
1.900000000000000022e-01 2.834084859279910606e-01 2.032920576730538720e+00 1.000000000000000056e-01
2.000000000000000111e-01 2.858169506384635739e-01 2.025897956715036585e+00 1.000000000000000056e-01
2.099999999999999922e-01 2.877989283964355050e-01 4.060356786512987759e-03 -1.000000000000000056e-01
2.200000000000000011e-01 2.892586551346026380e-01 3.165802372753272920e+00 1.000000000000000056e-01
2.300000000000000100e-01 2.921549821965318539e-01 1.714981765138225756e+00 1.000000000000000056e-01
2.399999999999999911e-01 2.939098509744390575e-01 -5.661684194504162937e-03 -1.000000000000000056e-01
2.500000000000000000e-01 2.950951878242320525e-01 1.148213170079738665e+00 -1.000000000000000056e-01
2.600000000000000089e-01 2.971395014130354673e-01 2.868451361587468718e+00 1.000000000000000056e-01
2.700000000000000178e-01 2.994547409404374472e-01 1.717527477353849807e+00 1.000000000000000056e-01
2.800000000000000266e-01 3.012631690172334342e-01 1.621465713322059292e-03 -1.000000000000000056e-01
2.899999999999999800e-01 3.027488409870460195e-01 3.173137296940213847e+00 1.000000000000000056e-01
2.999999999999999889e-01 3.050389175438700806e-01 1.724304896409865062e+00 1.000000000000000056e-01
3.099999999999999978e-01 3.069271993620722450e-01 2.022202397255913109e+00 1.000000000000000056e-01
3.200000000000000067e-01 3.086354947005626181e-01 7.387888888410955486e-03 -1.000000000000000056e-01
3.300000000000000155e-01 3.100061360795496879e-01 1.163745421444448258e+00 -1.000000000000000056e-01
3.400000000000000244e-01 3.116684345976578618e-01 2.882892267995947222e+00 1.000000000000000056e-01
3.500000000000000333e-01 3.131039402660108495e-01 -2.841181619335365061e-01 -1.000000000000000056e-01
3.599999999999999867e-01 3.148520967002539916e-01 3.188628363142241184e+00 1.000000000000000056e-01
3.699999999999999956e-01 3.162163902676011218e-01 -2.768114193936259682e-01 -1.000000000000000056e-01
3.800000000000000044e-01 3.178949578379234309e-01 1.182725359812436983e+00 -1.000000000000000056e-01
3.900000000000000133e-01 3.193253681856110804e-01 8.886577509482593840e-01 -1.000000000000000056e-01
4.000000000000000222e-01 3.206245700833536549e-01 8.967613579574239546e-01 -1.000000000000000056e-01
4.100000000000000311e-01 3.220986233722165082e-01 9.047789583205591013e-01 -1.000000000000000056e-01
4.199999999999999845e-01 3.234980759951543439e-01 9.128195681270852013e-01 -1.000000000000000056e-01
4.299999999999999933e-01 3.248882990217161759e-01 9.212635870695571327e-01 -1.000000000000000056e-01
4.400000000000000022e-01 3.262496998242621071e-01 9.298745096149599876e-01 -1.000000000000000056e-01
4.500000000000000111e-01 3.275829550534631318e-01 9.384524975535867286e-01 -1.000000000000000056e-01
4.600000000000000200e-01 3.287679373457847443e-01 2.962721250505665260e+00 1.000000000000000056e-01
4.700000000000000289e-01 3.293726037736849910e-01 1.811715114669483873e+00 1.000000000000000056e-01
4.799999999999999822e-01 3.307033695136811779e-01 2.108397312267601631e+00 1.000000000000000056e-01
4.899999999999999911e-01 3.319108028650416542e-01 8.993932898872507298e-02 -1.000000000000000056e-01
5.000000000000000000e-01 3.334607748785921033e-01 3.254057124531180900e+00 1.000000000000000056e-01
5.100000000000000089e-01 3.334978470537218742e-01 1.806831965142447372e+00 1.000000000000000056e-01
5.200000000000000178e-01 3.349143563579328742e-01 8.198483651575044773e-02 -1.000000000000000056e-01
5.300000000000000266e-01 3.366967807021929993e-01 1.226854709781089570e+00 -1.000000000000000056e-01
5.400000000000000355e-01 3.372521258032466496e-01 2.944241906573246137e+00 1.000000000000000056e-01
5.500000000000000444e-01 3.370585912680265084e-01 1.794998637228899963e+00 1.000000000000000056e-01
5.600000000000000533e-01 3.382162509633925840e-01 2.088516756649175576e+00 1.000000000000000056e-01
5.700000000000000622e-01 3.390618678885854997e-01 6.928827742911240761e-02 -1.000000000000000056e-01
5.799999999999999600e-01 3.406030169501856886e-01 3.230569756585425001e+00 1.000000000000000056e-01
5.899999999999999689e-01 3.397408468995510855e-01 1.782999398744362640e+00 1.000000000000000056e-01
5.999999999999999778e-01 3.407324840729494819e-01 2.075175616894325170e+00 1.000000000000000056e-01
6.099999999999999867e-01 3.411597539801961010e-01 2.070735023211471848e+00 1.000000000000000056e-01
6.199999999999999956e-01 3.415692069150605970e-01 2.065635614172317336e+00 1.000000000000000056e-01
6.300000000000000044e-01 3.419482488293284494e-01 2.059807862041081794e+00 1.000000000000000056e-01
6.400000000000000133e-01 3.426513422950517862e-01 3.865948041517069944e-02 -1.000000000000000056e-01
6.500000000000000222e-01 3.442236700198636479e-01 3.200567459227186440e+00 1.000000000000000056e-01
6.600000000000000311e-01 3.430590879141431904e-01 -2.670307478543522128e-01 -1.000000000000000056e-01
6.700000000000000400e-01 3.451701179856782598e-01 3.198974210219181824e+00 1.000000000000000056e-01
6.800000000000000488e-01 3.434433303760403011e-01 1.747265090821309874e+00 1.000000000000000056e-01
6.900000000000000577e-01 3.441360842756572280e-01 2.043156249478000674e+00 1.000000000000000056e-01
7.000000000000000666e-01 3.441249052305546674e-01 2.041435616569679645e+00 1.000000000000000056e-01
7.099999999999999645e-01 3.445465307242814301e-01 2.505569180852270164e-02 -1.000000000000000056e-01
7.199999999999999734e-01 3.465212642386357733e-01 1.180006328420812656e+00 -1.000000000000000056e-01
7.299999999999999822e-01 3.464707553091154746e-01 8.841473768719141368e-01 -1.000000000000000056e-01
7.399999999999999911e-01 3.468225587700640156e-01 8.912133935163214504e-01 -1.000000000000000056e-01
7.500000000000000000e-01 3.467779125837298637e-01 2.912602511917198989e+00 1.000000000000000056e-01
7.600000000000000089e-01 3.447167439576168668e-01 1.759208210727426946e+00 1.000000000000000056e-01
7.700000000000000178e-01 3.455503737300600897e-01 4.513366033712760267e-02 -1.000000000000000056e-01
7.800000000000000266e-01 3.468244655101994645e-01 3.217576153216966439e+00 1.000000000000000056e-01
7.900000000000000355e-01 3.437619662663494169e-01 1.767006236185901358e+00 1.000000000000000056e-01
8.000000000000000444e-01 3.445603384473215347e-01 5.051291152013701741e-02 -1.000000000000000056e-01
8.100000000000000533e-01 3.458974402306407847e-01 3.219158678000776153e+00 1.000000000000000056e-01
8.200000000000000622e-01 3.425228236239389323e-01 1.767487856535986612e+00 1.000000000000000056e-01
8.300000000000000711e-01 3.433077363220773393e-01 4.999838619548788166e-02 -1.000000000000000056e-01
8.399999999999999689e-01 3.453648252726173595e-01 1.204823221212586448e+00 -1.000000000000000056e-01
8.499999999999999778e-01 3.440090281447718001e-01 2.922135582543344601e+00 1.000000000000000056e-01
8.599999999999999867e-01 3.409556598755848489e-01 1.769483535347476266e+00 1.000000000000000056e-01
8.699999999999999956e-01 3.409403689189260955e-01 2.067264807476093758e+00 1.000000000000000056e-01
8.800000000000000044e-01 3.405835718505577647e-01 5.223268494287286456e-02 -1.000000000000000056e-01
8.900000000000000133e-01 3.419387508904910833e-01 3.220250780631133569e+00 1.000000000000000056e-01
9.000000000000000222e-01 3.384604562893300250e-01 -2.470684379993988433e-01 -1.000000000000000056e-01
9.100000000000000311e-01 3.416965610997249603e-01 1.209215157861878387e+00 -1.000000000000000056e-01
9.200000000000000400e-01 3.399126093734133325e-01 2.925583991281122564e+00 1.000000000000000056e-01
9.300000000000000488e-01 3.369971635469603544e-01 -2.419595225817852413e-01 -1.000000000000000056e-01
9.400000000000000577e-01 3.402672721490149765e-01 1.216855706521894120e+00 -1.000000000000000056e-01
9.500000000000000666e-01 3.381766163759040156e-01 2.934738821938102760e+00 1.000000000000000056e-01
9.599999999999999645e-01 3.341160592579646704e-01 1.782916618694050381e+00 1.000000000000000056e-01
9.699999999999999734e-01 3.345127354169514788e-01 6.773592177664101988e-02 -1.000000000000000056e-01
9.799999999999999822e-01 3.365499075704864174e-01 1.223393701973957359e+00 -1.000000000000000056e-01
9.899999999999999911e-01 3.352055774952808487e-01 9.273129964905942879e-01 -1.000000000000000056e-01
1.000000000000000000e+00 3.337910841857888444e-01 2.946906751685747672e+00 1.000000000000000056e-01
1.010000000000000009e+00 3.303079493558839230e-01 -2.205837011519688473e-01 -1.000000000000000056e-01
1.020000000000000018e+00 3.325446680978118574e-01 3.249142608415390487e+00 1.000000000000000056e-01
1.030000000000000027e+00 3.276991195465779882e-01 -2.165748888632004210e-01 -1.000000000000000056e-01
1.040000000000000036e+00 3.309551276102933315e-01 1.237956288957860584e+00 -1.000000000000000056e-01
1.050000000000000044e+00 3.281777013865534998e-01 2.955362283485014618e+00 1.000000000000000056e-01
1.060000000000000053e+00 3.233028807049323494e-01 1.804625995533019278e+00 1.000000000000000056e-01
1.070000000000000062e+00 3.233544980013617343e-01 8.636926792314167378e-02 -1.000000000000000056e-01
1.080000000000000071e+00 3.253274750521918945e-01 1.237533425725271474e+00 -1.000000000000000056e-01
1.090000000000000080e+00 3.224430883817168136e-01 2.955123471576621696e+00 1.000000000000000056e-01
1.100000000000000089e+00 3.183001176363320917e-01 -2.111377348933175246e-01 -1.000000000000000056e-01
1.110000000000000098e+00 3.205881204601260248e-01 3.254127987283947920e+00 1.000000000000000056e-01
1.120000000000000107e+00 3.151013946339568661e-01 -2.108788569626764420e-01 -1.000000000000000056e-01
1.130000000000000115e+00 3.173269501806519344e-01 3.253634789990102583e+00 1.000000000000000056e-01
1.140000000000000124e+00 3.117531876725024853e-01 -2.112172700913375056e-01 -1.000000000000000056e-01
1.150000000000000133e+00 3.139886520778580326e-01 3.252302007848035803e+00 1.000000000000000056e-01
1.159999999999999920e+00 3.072208110064748032e-01 1.803543188241523598e+00 1.000000000000000056e-01
1.169999999999999929e+00 3.059890610261861155e-01 2.097628455254269220e+00 1.000000000000000056e-01
1.179999999999999938e+00 3.045143935046361605e-01 7.893476785300666820e-02 -1.000000000000000056e-01
1.189999999999999947e+00 3.054745168638648978e-01 3.240846028579623894e+00 1.000000000000000056e-01
1.199999999999999956e+00 2.997233218187819181e-01 -2.254258506137463980e-01 -1.000000000000000056e-01
1.209999999999999964e+00 3.021241594991710411e-01 3.236848996638110432e+00 1.000000000000000056e-01
1.219999999999999973e+00 2.961991181036462972e-01 -2.293972661994422013e-01 -1.000000000000000056e-01
1.229999999999999982e+00 2.985479109438749501e-01 3.234378907821732430e+00 1.000000000000000056e-01
1.239999999999999991e+00 2.924640912712321295e-01 -2.312240157077881941e-01 -1.000000000000000056e-01
1.250000000000000000e+00 2.947633705689968742e-01 3.233685846678576059e+00 1.000000000000000056e-01
1.260000000000000009e+00 2.885360076290327536e-01 -2.317755537462992121e-01 -1.000000000000000056e-01
1.270000000000000018e+00 2.907970413776978513e-01 3.233571955729890757e+00 1.000000000000000056e-01
1.280000000000000027e+00 2.832484198560965560e-01 1.783712308485809528e+00 1.000000000000000056e-01
1.290000000000000036e+00 2.817029287508260871e-01 2.078871204155916974e+00 1.000000000000000056e-01
1.300000000000000044e+00 2.798973435455172076e-01 6.144893047096487704e-02 -1.000000000000000056e-01
1.310000000000000053e+00 2.807261441187276496e-01 3.225485433136920932e+00 1.000000000000000056e-01
1.320000000000000062e+00 2.730904680422189257e-01 1.774026332756003521e+00 1.000000000000000056e-01
1.330000000000000071e+00 2.715851794703212918e-01 2.067936569171421546e+00 1.000000000000000056e-01
1.340000000000000080e+00 2.697872128879634235e-01 4.987804380147526501e-02 -1.000000000000000056e-01
1.350000000000000089e+00 2.706659902291076447e-01 3.214457159354460192e+00 1.000000000000000056e-01
1.360000000000000098e+00 2.628725201662936994e-01 1.761649490725420319e+00 1.000000000000000056e-01
1.370000000000000107e+00 2.626086218643859937e-01 4.230715201641976203e-02 -1.000000000000000056e-01
1.380000000000000115e+00 2.647143757579663026e-01 1.196048591329040178e+00 -1.000000000000000056e-01
1.390000000000000124e+00 2.607796524431602037e-01 2.912806430421155390e+00 1.000000000000000056e-01
1.400000000000000133e+00 2.553293383650797610e-01 -2.550664080005311529e-01 -1.000000000000000056e-01
1.409999999999999920e+00 2.575851759936220731e-01 3.215983572704139259e+00 1.000000000000000056e-01
1.419999999999999929e+00 2.491744586432695363e-01 1.763610705772627574e+00 1.000000000000000056e-01
1.429999999999999938e+00 2.472255818009936879e-01 2.061062806088028498e+00 1.000000000000000056e-01
1.439999999999999947e+00 2.436883289526762253e-01 2.059345447931058892e+00 1.000000000000000056e-01
1.449999999999999956e+00 2.415649944755645928e-01 4.285598127577269073e-02 -1.000000000000000056e-01
1.459999999999999964e+00 2.436207703825103155e-01 1.197146141510687434e+00 -1.000000000000000056e-01
1.469999999999999973e+00 2.407964060337025314e-01 8.992802918109285004e-01 -1.000000000000000056e-01
1.479999999999999982e+00 2.378312347785135894e-01 2.917593201584570473e+00 1.000000000000000056e-01
1.489999999999999991e+00 2.320013785901761938e-01 -2.511868599624522691e-01 -1.000000000000000056e-01
1.500000000000000000e+00 2.353716950097853311e-01 1.208458183811888187e+00 -1.000000000000000056e-01
1.510000000000000009e+00 2.320623828486243490e-01 9.132657631480499694e-01 -1.000000000000000056e-01
1.520000000000000018e+00 2.301118265188085987e-01 9.208440788648537545e-01 -1.000000000000000056e-01
1.530000000000000027e+00 2.267442615728928468e-01 2.941760252039685497e+00 1.000000000000000056e-01
1.540000000000000036e+00 2.188588687432423963e-01 1.788545175948979882e+00 1.000000000000000056e-01
1.550000000000000044e+00 2.175515565131445894e-01 7.252419608178885257e-02 -1.000000000000000056e-01
1.560000000000000053e+00 2.175428645911875736e-01 3.241303540477325829e+00 1.000000000000000056e-01
1.570000000000000062e+00 2.081190627149215877e-01 1.791033772159512427e+00 1.000000000000000056e-01
1.580000000000000071e+00 2.055419984107789144e-01 2.086383783141471326e+00 1.000000000000000056e-01
1.590000000000000080e+00 2.027791702448158984e-01 6.802458284637331876e-02 -1.000000000000000056e-01
1.600000000000000089e+00 2.044812780777472416e-01 1.218117657084405892e+00 -1.000000000000000056e-01
1.610000000000000098e+00 1.996198812941182288e-01 2.933024766362264391e+00 1.000000000000000056e-01
1.620000000000000107e+00 1.917522373926012769e-01 1.779934208767187442e+00 1.000000000000000056e-01
1.630000000000000115e+00 1.906645554660202357e-01 6.092342627206769057e-02 -1.000000000000000056e-01
1.640000000000000124e+00 1.922409206797742742e-01 1.212825150822209874e+00 -1.000000000000000056e-01
1.650000000000000133e+00 1.886879493582660494e-01 9.153254411796466483e-01 -1.000000000000000056e-01
1.660000000000000142e+00 1.850778400263140833e-01 2.933771491300033230e+00 1.000000000000000056e-01
1.669999999999999929e+00 1.784005194398003424e-01 -2.335907127245908377e-01 -1.000000000000000056e-01
1.679999999999999938e+00 1.799944186806984037e-01 3.234450785070673184e+00 1.000000000000000056e-01
1.689999999999999947e+00 1.715353169130748867e-01 -2.307559517085535916e-01 -1.000000000000000056e-01
1.699999999999999956e+00 1.745740372932392537e-01 1.222289978415904921e+00 -1.000000000000000056e-01
1.709999999999999964e+00 1.706378777078585429e-01 9.247564731113112613e-01 -1.000000000000000056e-01
1.719999999999999973e+00 1.667360138819665438e-01 2.944097551304292182e+00 1.000000000000000056e-01
1.729999999999999982e+00 1.582948357684006990e-01 1.793723370264653783e+00 1.000000000000000056e-01
1.739999999999999991e+00 1.551584954014138540e-01 2.090184747161377476e+00 1.000000000000000056e-01
1.750000000000000000e+00 1.503943135166962708e-01 2.088017648334630216e+00 1.000000000000000056e-01
1.760000000000000009e+00 1.458009820474995000e-01 2.084465393284209878e+00 1.000000000000000056e-01
1.770000000000000018e+00 1.427847920214551924e-01 6.413573486070839325e-02 -1.000000000000000056e-01
1.780000000000000027e+00 1.442906958838717779e-01 1.210703268886997419e+00 -1.000000000000000056e-01
1.790000000000000036e+00 1.406427544842936139e-01 9.099571847358078891e-01 -1.000000000000000056e-01
1.800000000000000044e+00 1.368493683090250268e-01 2.925887234117074964e+00 1.000000000000000056e-01
1.810000000000000053e+00 1.286347542070455929e-01 1.773846762685165057e+00 1.000000000000000056e-01
1.820000000000000062e+00 1.255928127504472025e-01 2.069795027152306677e+00 1.000000000000000056e-01
1.830000000000000071e+00 1.209033886933123941e-01 2.067701074462866551e+00 1.000000000000000056e-01
1.840000000000000080e+00 1.163553300803449597e-01 2.064357724745309319e+00 1.000000000000000056e-01
1.850000000000000089e+00 1.119090237221543049e-01 2.059368886462464410e+00 1.000000000000000056e-01
1.860000000000000098e+00 1.089907431977132912e-01 3.888458520418319048e-02 -1.000000000000000056e-01
1.870000000000000107e+00 1.105097636410535406e-01 1.188018874193949248e+00 -1.000000000000000056e-01
1.880000000000000115e+00 1.054442754594448473e-01 2.902282806384133274e+00 1.000000000000000056e-01
1.890000000000000124e+00 9.875597248474278500e-02 -2.668451544931891850e-01 -1.000000000000000056e-01
1.900000000000000133e+00 1.002424487712560847e-01 3.201806679513375276e+00 1.000000000000000056e-01
1.910000000000000142e+00 9.045831019166215847e-02 1.749729000540086732e+00 1.000000000000000056e-01
1.919999999999999929e+00 8.744284449666979431e-02 2.046502779975648334e+00 1.000000000000000056e-01
1.929999999999999938e+00 8.425117716733293571e-02 3.044205654791951390e-02 -1.000000000000000056e-01
1.939999999999999947e+00 8.547145022973039186e-02 1.184691539478704758e+00 -1.000000000000000056e-01
1.949999999999999956e+00 8.020560260100381700e-02 2.900978677316362830e+00 1.000000000000000056e-01
1.959999999999999964e+00 7.194975028395422800e-02 1.747205040644509211e+00 1.000000000000000056e-01
1.969999999999999973e+00 7.031580441344224830e-02 3.041906548693444276e-02 -1.000000000000000056e-01
1.979999999999999982e+00 6.988591890574935572e-02 3.199064529894358522e+00 1.000000000000000056e-01
1.989999999999999991e+00 6.150277602109897879e-02 -2.674167649363775046e-01 -1.000000000000000056e-01
2.000000000000000000e+00 6.270303448371723765e-02 3.202274382409547648e+00 1.000000000000000056e-01
2.010000000000000231e+00 5.427500693882748167e-02 -2.655561498140362464e-01 -1.000000000000000056e-01
2.020000000000000018e+00 5.679170129489863328e-02 1.190988283958602123e+00 -1.000000000000000056e-01
2.030000000000000249e+00 5.271569032715087838e-02 8.942886875982385408e-01 -1.000000000000000056e-01
2.040000000000000036e+00 4.993142711037475145e-02 9.003243931619631102e-01 -1.000000000000000056e-01
2.049999999999999822e+00 4.573450678620223642e-02 2.920471948001770901e+00 1.000000000000000056e-01
2.060000000000000053e+00 3.709249309311431902e-02 1.767820651838095669e+00 1.000000000000000056e-01
2.069999999999999840e+00 3.488240953836022756e-02 5.202781062650608385e-02 -1.000000000000000056e-01
2.080000000000000071e+00 3.398119797279518933e-02 3.220701100320886301e+00 1.000000000000000056e-01
2.089999999999999858e+00 2.400520998891468583e-02 1.770639245675203366e+00 1.000000000000000056e-01
2.100000000000000089e+00 2.193083893426358774e-02 5.186310696426912198e-02 -1.000000000000000056e-01
2.109999999999999876e+00 2.254038555572570116e-02 1.203185934156597803e+00 -1.000000000000000056e-01
2.120000000000000107e+00 1.697675904370243502e-02 2.919286688516619321e+00 1.000000000000000056e-01
2.129999999999999893e+00 8.582594266586637127e-03 1.767314495030848365e+00 1.000000000000000056e-01
2.140000000000000124e+00 6.529577653179174761e-03 4.863498530984518980e-02 -1.000000000000000056e-01
2.149999999999999911e+00 7.030792987961313571e-03 1.200349288407905890e+00 -1.000000000000000056e-01
2.160000000000000142e+00 1.486868935898859410e-03 2.917295187311062854e+00 1.000000000000000056e-01
2.169999999999999929e+00 -6.839508553033543659e-03 1.765984495193797521e+00 1.000000000000000056e-01
2.180000000000000160e+00 -8.939969329119556996e-03 4.753912152521294621e-02 -1.000000000000000056e-01
2.189999999999999947e+00 -9.856860294046396881e-03 3.212846407046897834e+00 1.000000000000000056e-01
2.200000000000000178e+00 -1.940602814948404198e-02 1.762909801687665423e+00 1.000000000000000056e-01
2.209999999999999964e+00 -2.147957811859024443e-02 4.346005286469738910e-02 -1.000000000000000056e-01
2.220000000000000195e+00 -2.232881864115355414e-02 3.207741658279284813e+00 1.000000000000000056e-01
2.229999999999999982e+00 -3.167377581728519215e-02 1.756554132706568572e+00 1.000000000000000056e-01
2.240000000000000213e+00 -3.369903268200657998e-02 3.688098206156069370e-02 -1.000000000000000056e-01
2.250000000000000000e+00 -3.453547761173521996e-02 3.201500084523826395e+00 1.000000000000000056e-01
2.260000000000000231e+00 -4.370366975167409851e-02 1.749743136379699582e+00 1.000000000000000056e-01
2.270000000000000018e+00 -4.571396813899449713e-02 3.061358417103187887e-02 -1.000000000000000056e-01
2.280000000000000249e+00 -4.531903546798951576e-02 1.183222643197688440e+00 -1.000000000000000056e-01
2.290000000000000036e+00 -4.923151353312972545e-02 8.856320480587089872e-01 -1.000000000000000056e-01
2.300000000000000266e+00 -5.334188263044171985e-02 2.904198858877667266e+00 1.000000000000000056e-01
2.310000000000000053e+00 -5.991410324167060347e-02 -2.636394240354021368e-01 -1.000000000000000056e-01
2.319999999999999840e+00 -5.967822228910563132e-02 3.206638419505265070e+00 1.000000000000000056e-01
2.330000000000000071e+00 -6.882038480956424731e-02 1.755829728552737778e+00 1.000000000000000056e-01
2.339999999999999858e+00 -7.230642803677767017e-02 2.053164963656438413e+00 1.000000000000000056e-01
2.350000000000000089e+00 -7.584768692208307406e-02 3.692436577229230715e-02 -1.000000000000000056e-01
2.359999999999999876e+00 -7.573137674397172059e-02 1.189492698137639470e+00 -1.000000000000000056e-01
2.370000000000000107e+00 -7.966388766368898144e-02 8.912183574075245307e-01 -1.000000000000000056e-01
2.379999999999999893e+00 -8.373602042409038215e-02 2.909037738858960331e+00 1.000000000000000056e-01
2.390000000000000124e+00 -9.127721153007678501e-02 1.756282545437584552e+00 1.000000000000000056e-01
2.399999999999999911e+00 -9.361742989489817146e-02 3.938422990773880750e-02 -1.000000000000000056e-01
2.410000000000000142e+00 -9.487580359446780298e-02 3.206775445965861060e+00 1.000000000000000056e-01
2.419999999999999929e+00 -1.023917202389121872e-01 -2.584432640809436466e-01 -1.000000000000000056e-01
2.430000000000000160e+00 -1.012904940848345786e-01 1.195156571059882822e+00 -1.000000000000000056e-01
2.439999999999999947e+00 -1.052358187333457956e-01 8.971287385247077584e-01 -1.000000000000000056e-01
2.450000000000000178e+00 -1.093583475034007879e-01 2.915931008926848200e+00 1.000000000000000056e-01
2.459999999999999964e+00 -1.166981915879902326e-01 1.764669216871369350e+00 1.000000000000000056e-01
2.470000000000000195e+00 -1.191510940243682842e-01 4.740188625483232610e-02 -1.000000000000000056e-01
2.479999999999999982e+00 -1.205561601326159554e-01 3.213965654687469087e+00 1.000000000000000056e-01
2.490000000000000213e+00 -1.288145979239326000e-01 1.765125894520885419e+00 1.000000000000000056e-01
2.500000000000000000e+00 -1.311657021137650758e-01 4.566592475622446162e-02 -1.000000000000000056e-01
2.510000000000000231e+00 -1.314690145726689630e-01 1.195841435486217019e+00 -1.000000000000000056e-01
2.520000000000000018e+00 -1.352597198636949216e-01 8.974588220968547914e-01 -1.000000000000000056e-01
2.530000000000000249e+00 -1.381956167760756971e-01 9.008487578796728901e-01 -1.000000000000000056e-01
2.540000000000000036e+00 -1.420520007912758620e-01 2.919412282226759192e+00 1.000000000000000056e-01
2.550000000000000266e+00 -1.480849316120188275e-01 -2.467090276179629560e-01 -1.000000000000000056e-01
2.560000000000000053e+00 -1.475624476483335390e-01 1.206595844103301785e+00 -1.000000000000000056e-01
2.569999999999999840e+00 -1.515468231863954796e-01 9.106538841829545650e-01 -1.000000000000000056e-01
2.580000000000000071e+00 -1.545970697859944121e-01 9.165276671413646881e-01 -1.000000000000000056e-01
2.589999999999999858e+00 -1.585616874348033389e-01 2.937803503048591836e+00 1.000000000000000056e-01
2.600000000000000089e+00 -1.645431086624371542e-01 -2.278657938370571567e-01 -1.000000000000000056e-01
2.609999999999999876e+00 -1.652249185219164251e-01 3.238588774945332815e+00 1.000000000000000056e-01
2.620000000000000107e+00 -1.728706036205713281e-01 1.792763409707061051e+00 1.000000000000000056e-01
2.629999999999999893e+00 -1.763226321641223615e-01 2.087156359206279621e+00 1.000000000000000056e-01
2.640000000000000124e+00 -1.805051906447363297e-01 2.083410962786398368e+00 1.000000000000000056e-01
2.649999999999999911e+00 -1.846525320579115725e-01 2.078023163785642335e+00 1.000000000000000056e-01
2.660000000000000142e+00 -1.886288038496875541e-01 2.071277067279195361e+00 1.000000000000000056e-01
2.669999999999999929e+00 -1.916938231664882530e-01 4.771422280950992495e-02 -1.000000000000000056e-01
2.680000000000000160e+00 -1.930103735855382974e-01 3.205249781641625884e+00 1.000000000000000056e-01
2.689999999999999947e+00 -1.987880000390786495e-01 -2.620309919422077471e-01 -1.000000000000000056e-01
2.700000000000000178e+00 -1.985601740286762895e-01 1.183725168278022100e+00 -1.000000000000000056e-01
2.709999999999999964e+00 -2.016971862221863532e-01 8.845815144249460360e-01 -1.000000000000000056e-01
2.720000000000000195e+00 -2.043869342951110113e-01 8.878781724064175318e-01 -1.000000000000000056e-01
2.729999999999999982e+00 -2.069255200379573889e-01 8.921040183111441646e-01 -1.000000000000000056e-01
2.740000000000000213e+00 -2.103428300765024517e-01 2.912715143963897635e+00 1.000000000000000056e-01
2.750000000000000000e+00 -2.160256547102379909e-01 1.763980421327786763e+00 1.000000000000000056e-01
2.760000000000000231e+00 -2.191000359312731960e-01 2.061769204923101562e+00 1.000000000000000056e-01
2.770000000000000018e+00 -2.227798540799243165e-01 2.061083831484327167e+00 1.000000000000000056e-01
2.780000000000000249e+00 -2.264336075023924977e-01 2.058675322572734778e+00 1.000000000000000056e-01
2.790000000000000036e+00 -2.299347377921330537e-01 2.054248088478967116e+00 1.000000000000000056e-01
2.800000000000000266e+00 -2.327230976382194394e-01 3.293478881486323201e-02 -1.000000000000000056e-01
2.810000000000000053e+00 -2.335363864534627798e-01 1.178823533698621917e+00 -1.000000000000000056e-01
2.819999999999999840e+00 -2.370050038882597077e-01 2.893954155639847148e+00 1.000000000000000056e-01
2.830000000000000071e+00 -2.413742088180625134e-01 -2.737806181318303000e-01 -1.000000000000000056e-01
2.839999999999999858e+00 -2.421570308483390055e-01 3.191056108032004790e+00 1.000000000000000056e-01
2.850000000000000089e+00 -2.468903472993552450e-01 -2.731265083526683290e-01 -1.000000000000000056e-01
2.859999999999999876e+00 -2.478189475746394588e-01 3.192918713330806568e+00 1.000000000000000056e-01
2.870000000000000107e+00 -2.528980601782104820e-01 1.744589199688688863e+00 1.000000000000000056e-01
2.879999999999999893e+00 -2.550199255252463271e-01 2.518861448163133357e-02 -1.000000000000000056e-01
2.890000000000000124e+00 -2.565265460769514672e-01 3.190679533292687164e+00 1.000000000000000056e-01
2.899999999999999911e+00 -2.608396680850393334e-01 -2.735448558045843193e-01 -1.000000000000000056e-01
2.910000000000000142e+00 -2.614321137546904428e-01 1.177963219917443238e+00 -1.000000000000000056e-01
2.919999999999999929e+00 -2.644715080506142568e-01 2.895649104175311628e+00 1.000000000000000056e-01
2.930000000000000160e+00 -2.686921305633456214e-01 1.745509071916648169e+00 1.000000000000000056e-01
2.939999999999999947e+00 -2.707005991767175157e-01 2.768490892535860337e-02 -1.000000000000000056e-01
2.950000000000000178e+00 -2.722695574505261118e-01 3.194129847838547143e+00 1.000000000000000056e-01
2.959999999999999964e+00 -2.764640366312937081e-01 1.746427376110861740e+00 1.000000000000000056e-01
2.970000000000000195e+00 -2.788684601813118391e-01 2.042038622015713845e+00 1.000000000000000056e-01
2.979999999999999982e+00 -2.811998422306891676e-01 2.461934984397000023e-02 -1.000000000000000056e-01
2.990000000000000213e+00 -2.827415419789128248e-01 3.188858744310994808e+00 1.000000000000000056e-01
3.000000000000000000e+00 -2.864602929101530693e-01 1.738548495356413204e+00 1.000000000000000056e-01
3.010000000000000231e+00 -2.884287821847688615e-01 1.852629881270890025e-02 -1.000000000000000056e-01
3.020000000000000018e+00 -2.896952028884262065e-01 1.170481425760363070e+00 -1.000000000000000056e-01
3.030000000000000249e+00 -2.918160616389421369e-01 8.738226702695559567e-01 -1.000000000000000056e-01
3.040000000000000036e+00 -2.939791690484545028e-01 8.792227114515696051e-01 -1.000000000000000056e-01
3.050000000000000266e+00 -2.958898460939265451e-01 8.849325521978713693e-01 -1.000000000000000056e-01
3.060000000000000053e+00 -2.978989485554477956e-01 8.914140212450775147e-01 -1.000000000000000056e-01
3.070000000000000284e+00 -2.998880097011874524e-01 8.987821823108956831e-01 -1.000000000000000056e-01
3.080000000000000071e+00 -3.020904971290527263e-01 2.921721183505977759e+00 1.000000000000000056e-01
3.089999999999999858e+00 -3.049310562905827027e-01 1.772156885858650277e+00 1.000000000000000056e-01
3.100000000000000089e+00 -3.068377402933359366e-01 5.530051295312000958e-02 -1.000000000000000056e-01
3.109999999999999876e+00 -3.084284444047107332e-01 3.223108534129440539e+00 1.000000000000000056e-01
3.120000000000000107e+00 -3.110516737028977685e-01 1.776810416192806219e+00 1.000000000000000056e-01
3.129999999999999893e+00 -3.130353958564844330e-01 2.071513112823573977e+00 1.000000000000000056e-01
3.140000000000000124e+00 -3.149814085124255092e-01 2.067879111940563508e+00 1.000000000000000056e-01
3.149999999999999911e+00 -3.168822512887284337e-01 2.063233921413492933e+00 1.000000000000000056e-01
3.160000000000000142e+00 -3.186832353423163511e-01 4.231097462429522782e-02 -1.000000000000000056e-01
3.169999999999999929e+00 -3.202617255485607495e-01 1.188515667087149952e+00 -1.000000000000000056e-01
3.180000000000000160e+00 -3.218609333419706342e-01 2.903442739591869604e+00 1.000000000000000056e-01
3.189999999999999947e+00 -3.238400597486881249e-01 -2.642320748542791309e-01 -1.000000000000000056e-01
3.200000000000000178e+00 -3.253788749507742772e-01 1.186706856339805771e+00 -1.000000000000000056e-01
3.209999999999999964e+00 -3.267726705301599588e-01 8.902350543292657514e-01 -1.000000000000000056e-01
3.220000000000000195e+00 -3.285175047863124198e-01 8.958655468156174750e-01 -1.000000000000000056e-01
3.229999999999999982e+00 -3.299979010808982149e-01 9.015771064288727876e-01 -1.000000000000000056e-01
3.240000000000000213e+00 -3.315223918540737835e-01 9.076619966325101263e-01 -1.000000000000000056e-01
3.250000000000000000e+00 -3.330001441721495148e-01 9.145150135435302641e-01 -1.000000000000000056e-01
3.260000000000000231e+00 -3.344497627437451603e-01 9.218786999758925571e-01 -1.000000000000000056e-01
3.270000000000000018e+00 -3.358663173735024210e-01 9.295034536818173043e-01 -1.000000000000000056e-01
3.280000000000000249e+00 -3.371496512798230483e-01 2.954049471709486063e+00 1.000000000000000056e-01
3.290000000000000036e+00 -3.381461253982142590e-01 1.806454126284375405e+00 1.000000000000000056e-01
3.300000000000000266e+00 -3.394633499413559630e-01 2.102637481994184654e+00 1.000000000000000056e-01
3.310000000000000053e+00 -3.405925384900611030e-01 8.333260076771281666e-02 -1.000000000000000056e-01
3.320000000000000284e+00 -3.422546279112225198e-01 1.228726586448428915e+00 -1.000000000000000056e-01
3.330000000000000071e+00 -3.430074854243335691e-01 2.948324998549485709e+00 1.000000000000000056e-01
3.339999999999999858e+00 -3.439294588341288983e-01 -2.176541158138994847e-01 -1.000000000000000056e-01
3.350000000000000089e+00 -3.455070625982904486e-01 3.240589061924733283e+00 1.000000000000000056e-01
3.359999999999999876e+00 -3.455264929171421584e-01 1.797244275548290471e+00 1.000000000000000056e-01
3.370000000000000107e+00 -3.466180434619676731e-01 2.089026631106047915e+00 1.000000000000000056e-01
3.379999999999999893e+00 -3.472744975838154002e-01 2.084752833980709763e+00 1.000000000000000056e-01
3.390000000000000124e+00 -3.482212923696798024e-01 6.235504024407376167e-02 -1.000000000000000056e-01
3.399999999999999911e+00 -3.496626076521734960e-01 3.219381103591533400e+00 1.000000000000000056e-01
3.410000000000000142e+00 -3.491695740838707818e-01 1.772846190325928939e+00 1.000000000000000056e-01
3.419999999999999929e+00 -3.504925721347285639e-01 4.637692852847804387e-02 -1.000000000000000056e-01
3.430000000000000160e+00 -3.518827042244995207e-01 3.205613744076950322e+00 1.000000000000000056e-01
3.439999999999999947e+00 -3.510304015753298312e-01 1.759568089079417197e+00 1.000000000000000056e-01
3.450000000000000178e+00 -3.519084178022572895e-01 2.051628203113247118e+00 1.000000000000000056e-01
3.459999999999999964e+00 -3.526001419460187969e-01 3.179089259922952132e-02 -1.000000000000000056e-01
3.470000000000000195e+00 -3.544620422519312308e-01 1.178849027867204358e+00 -1.000000000000000056e-01
3.479999999999999982e+00 -3.547065074612900104e-01 8.813284155607445935e-01 -1.000000000000000056e-01
3.490000000000000213e+00 -3.557298451188922184e-01 8.849033388670308753e-01 -1.000000000000000056e-01
3.500000000000000000e+00 -3.559334403608823139e-01 2.904937050323558090e+00 1.000000000000000056e-01
3.510000000000000231e+00 -3.553566784310804860e-01 -2.603798017850356694e-01 -1.000000000000000056e-01
3.520000000000000018e+00 -3.570833490083337169e-01 3.207764938616508132e+00 1.000000000000000056e-01
3.530000000000000249e+00 -3.556671595403035346e-01 -2.538938540193481641e-01 -1.000000000000000056e-01
3.540000000000000036e+00 -3.574984725584696710e-01 3.212380322937574917e+00 1.000000000000000056e-01
3.550000000000000266e+00 -3.553140738166969959e-01 1.767086805476669964e+00 1.000000000000000056e-01
3.560000000000000053e+00 -3.556520568787289172e-01 2.062154090949380958e+00 1.000000000000000056e-01
3.570000000000000284e+00 -3.552171546108672251e-01 2.060113079123629731e+00 1.000000000000000056e-01
3.580000000000000071e+00 -3.548124942183418229e-01 2.056766716288862540e+00 1.000000000000000056e-01
3.589999999999999858e+00 -3.544134161098278502e-01 2.052090500220012714e+00 1.000000000000000056e-01
3.600000000000000089e+00 -3.540088690185660414e-01 2.046349272591332369e+00 1.000000000000000056e-01
3.609999999999999876e+00 -3.535944053607907867e-01 2.040093257341562882e+00 1.000000000000000056e-01
3.620000000000000107e+00 -3.531681794154240550e-01 2.033661882154923273e+00 1.000000000000000056e-01
3.629999999999999893e+00 -3.527289890855833110e-01 2.027282053031211451e+00 1.000000000000000056e-01
3.640000000000000124e+00 -3.529893699674729879e-01 6.564915504293930559e-03 -1.000000000000000056e-01
3.649999999999999911e+00 -3.544948044282382194e-01 3.170001836504483972e+00 1.000000000000000056e-01
3.660000000000000142e+00 -3.521340216309861160e-01 -2.971676458608450977e-01 -1.000000000000000056e-01
3.669999999999999929e+00 -3.552457465153871508e-01 1.158350528047581429e+00 -1.000000000000000056e-01
3.680000000000000160e+00 -3.537553737711615076e-01 2.877389843775951306e+00 1.000000000000000056e-01
3.689999999999999947e+00 -3.520803942302359046e-01 -2.892270899560204778e-01 -1.000000000000000056e-01
3.700000000000000178e+00 -3.540311031920557738e-01 3.185082827336433109e+00 1.000000000000000056e-01
3.709999999999999964e+00 -3.501339055890618224e-01 1.734546772916205848e+00 1.000000000000000056e-01
3.720000000000000195e+00 -3.507429996469428324e-01 1.923816820491128926e-02 -1.000000000000000056e-01
3.729999999999999982e+00 -3.518164551720083799e-01 3.190678909161725141e+00 1.000000000000000056e-01
3.740000000000000213e+00 -3.485303920910795550e-01 -2.746134915934096976e-01 -1.000000000000000056e-01
3.750000000000000000e+00 -3.506445383162927754e-01 3.196898391256257188e+00 1.000000000000000056e-01
3.760000000000000231e+00 -3.461808787496085116e-01 1.745304735590475387e+00 1.000000000000000056e-01
3.770000000000000018e+00 -3.457528537607654218e-01 2.042579156159795684e+00 1.000000000000000056e-01
3.780000000000000249e+00 -3.441977068628192526e-01 2.041592527706187266e+00 1.000000000000000056e-01
3.790000000000000036e+00 -3.426825056039859985e-01 2.039669567679502915e+00 1.000000000000000056e-01
3.800000000000000266e+00 -3.411976730799116675e-01 2.036666299064083141e+00 1.000000000000000056e-01
3.810000000000000053e+00 -3.397199841377293028e-01 2.032799423933465910e+00 1.000000000000000056e-01
3.820000000000000284e+00 -3.392489737641758984e-01 1.525754270355320769e-02 -1.000000000000000056e-01
3.830000000000000071e+00 -3.406345607311023205e-01 3.182454018002911500e+00 1.000000000000000056e-01
3.839999999999999858e+00 -3.355689129143124005e-01 1.727558539401663262e+00 1.000000000000000056e-01
3.850000000000000089e+00 -3.351394068525302972e-01 2.024381190402444464e+00 1.000000000000000056e-01
3.859999999999999876e+00 -3.333888858343296846e-01 2.022746078391637781e+00 1.000000000000000056e-01
3.870000000000000107e+00 -3.327331160259605070e-01 8.207709734948644142e-03 -1.000000000000000056e-01
3.879999999999999893e+00 -3.351866750111137661e-01 1.167996328001396300e+00 -1.000000000000000056e-01
3.890000000000000124e+00 -3.326334918073230451e-01 2.885177997786764426e+00 1.000000000000000056e-01
3.899999999999999911e+00 -3.283164609617560958e-01 1.729924110951597260e+00 1.000000000000000056e-01
3.910000000000000142e+00 -3.285078083074147726e-01 1.775707120459252275e-02 -1.000000000000000056e-01
3.919999999999999929e+00 -3.295161494998041229e-01 3.193018010865666056e+00 1.000000000000000056e-01
3.930000000000000160e+00 -3.245711331798082355e-01 -2.748524057310355317e-01 -1.000000000000000056e-01
3.939999999999999947e+00 -3.280651830444630823e-01 1.191692773609541289e+00 -1.000000000000000056e-01
3.950000000000000178e+00 -3.248749704741765720e-01 2.909641526220088537e+00 1.000000000000000056e-01
3.959999999999999964e+00 -3.198231630657514812e-01 1.753957137021977752e+00 1.000000000000000056e-01
3.970000000000000195e+00 -3.184331467446670505e-01 2.054674198378446448e+00 1.000000000000000056e-01
3.979999999999999982e+00 -3.157338025369191836e-01 2.054700618586013938e+00 1.000000000000000056e-01
3.990000000000000213e+00 -3.131040875757294950e-01 2.053842698911080067e+00 1.000000000000000056e-01
4.000000000000000000e+00 -3.105324789020552090e-01 2.051547468708109889e+00 1.000000000000000056e-01
4.009999999999999787e+00 -3.079962093374891130e-01 2.048208127949032065e+00 1.000000000000000056e-01
4.020000000000000462e+00 -3.067744250970285136e-01 3.235963581218407464e-02 -1.000000000000000056e-01
4.030000000000000249e+00 -3.079748140123507172e-01 3.202527273765877869e+00 1.000000000000000056e-01
4.040000000000000036e+00 -3.023139803616383681e-01 -2.691658170268229067e-01 -1.000000000000000056e-01
4.049999999999999822e+00 -3.062661840205490038e-01 1.196351934288796492e+00 -1.000000000000000056e-01
4.060000000000000497e+00 -3.025594208870604485e-01 2.912029269265317577e+00 1.000000000000000056e-01
4.070000000000000284e+00 -2.967577166860852489e-01 1.754978239174051602e+00 1.000000000000000056e-01
4.080000000000000071e+00 -2.964157018441926361e-01 4.439092245493128641e-02 -1.000000000000000056e-01
4.089999999999999858e+00 -2.971548375894149108e-01 3.220039362757630474e+00 1.000000000000000056e-01
4.099999999999999645e+00 -2.893742131908225157e-01 1.762329273795778972e+00 1.000000000000000056e-01
4.110000000000000320e+00 -2.877361422031832205e-01 2.062172031987502319e+00 1.000000000000000056e-01
4.120000000000000107e+00 -2.844856978578101381e-01 2.060642183783130132e+00 1.000000000000000056e-01
4.129999999999999893e+00 -2.813046537790824808e-01 2.058445381800072305e+00 1.000000000000000056e-01
4.139999999999999680e+00 -2.781958737314620955e-01 2.055417456959607758e+00 1.000000000000000056e-01
4.150000000000000355e+00 -2.765617502329575927e-01 4.038384971957028474e-02 -1.000000000000000056e-01
4.160000000000000142e+00 -2.790923255191782304e-01 1.202217337611651837e+00 -1.000000000000000056e-01
4.169999999999999929e+00 -2.751152393232063065e-01 2.916063799980716631e+00 1.000000000000000056e-01
4.179999999999999716e+00 -2.701693454495733282e-01 -2.549973314810651814e-01 -1.000000000000000056e-01
4.190000000000000391e+00 -2.724144159813940425e-01 3.225423769170494559e+00 1.000000000000000056e-01
4.200000000000000178e+00 -2.638205364686338483e-01 1.764627438361246359e+00 1.000000000000000056e-01
4.209999999999999964e+00 -2.633234926967171208e-01 5.432679406420663770e-02 -1.000000000000000056e-01
4.219999999999999751e+00 -2.653860067860617789e-01 1.220195989071039655e+00 -1.000000000000000056e-01
4.230000000000000426e+00 -2.608761063462107788e-01 2.935781195592849002e+00 1.000000000000000056e-01
4.240000000000000213e+00 -2.553833888784193262e-01 -2.351141066168004334e-01 -1.000000000000000056e-01
4.250000000000000000e+00 -2.572927214269236096e-01 3.244972111431622341e+00 1.000000000000000056e-01
4.259999999999999787e+00 -2.497312277203881381e-01 -2.283485748807537741e-01 -1.000000000000000056e-01
4.270000000000000462e+00 -2.516948514485974342e-01 3.250537922120935175e+00 1.000000000000000056e-01
4.280000000000000249e+00 -2.424290282921506556e-01 1.789431152939750191e+00 1.000000000000000056e-01
4.290000000000000036e+00 -2.415386475897691732e-01 7.696423885377512430e-02 -1.000000000000000056e-01
4.299999999999999822e+00 -2.433874750712392288e-01 1.239459665479152983e+00 -1.000000000000000056e-01
4.310000000000000497e+00 -2.399855404466937903e-01 9.421226614096954721e-01 -1.000000000000000056e-01
4.320000000000000284e+00 -2.384218031828251039e-01 9.491794393282739772e-01 -1.000000000000000056e-01
4.330000000000000071e+00 -2.348984238992867790e-01 2.967275099157029139e+00 1.000000000000000056e-01
4.339999999999999858e+00 -2.267908333926167141e-01 1.808277574484501882e+00 1.000000000000000056e-01
4.350000000000000533e+00 -2.253949824729152285e-01 9.598586732118710718e-02 -1.000000000000000056e-01
4.360000000000000320e+00 -2.268788416052611445e-01 1.256966299627532146e+00 -1.000000000000000056e-01
4.370000000000000107e+00 -2.215174677536302372e-01 2.971570966747057341e+00 1.000000000000000056e-01
4.379999999999999893e+00 -2.134881217270922227e-01 1.814264939896036655e+00 1.000000000000000056e-01
4.389999999999999680e+00 -2.120601510954602809e-01 9.953749254842629568e-02 -1.000000000000000056e-01
4.400000000000000355e+00 -2.119827114906031040e-01 3.268708602403433083e+00 1.000000000000000056e-01
4.410000000000000142e+00 -2.020766546549970233e-01 1.810730247714090080e+00 1.000000000000000056e-01
4.419999999999999929e+00 -1.992766794301208400e-01 2.106959556212211648e+00 1.000000000000000056e-01
4.429999999999999716e+00 -1.963330158849658780e-01 9.002071468214244143e-02 -1.000000000000000056e-01
4.440000000000000391e+00 -1.981447780361274003e-01 1.246018388969990287e+00 -1.000000000000000056e-01
4.450000000000000178e+00 -1.928924136825235780e-01 2.957749512815512016e+00 1.000000000000000056e-01
4.459999999999999964e+00 -1.865769381279694938e-01 -2.135984593447097790e-01 -1.000000000000000056e-01
4.469999999999999751e+00 -1.897744240479113109e-01 1.247259148230260628e+00 -1.000000000000000056e-01
4.480000000000000426e+00 -1.857724998078751633e-01 9.484796105138898481e-01 -1.000000000000000056e-01
4.490000000000000213e+00 -1.837194272503749060e-01 9.542326449925521148e-01 -1.000000000000000056e-01
4.500000000000000000e+00 -1.796711396087459778e-01 2.972327397615121214e+00 1.000000000000000056e-01
4.509999999999999787e+00 -1.709662356439624886e-01 1.815602808041490768e+00 1.000000000000000056e-01
4.520000000000000462e+00 -1.675412966422651917e-01 2.114220247883952020e+00 1.000000000000000056e-01
4.530000000000000249e+00 -1.624144505560453922e-01 2.111599224479140169e+00 1.000000000000000056e-01
4.540000000000000036e+00 -1.591713219536510238e-01 9.477304270415476406e-02 -1.000000000000000056e-01
4.549999999999999822e+00 -1.606369428930169152e-01 1.248828449659590945e+00 -1.000000000000000056e-01
4.560000000000000497e+00 -1.566787807692768819e-01 9.478196592413327126e-01 -1.000000000000000056e-01
4.570000000000000284e+00 -1.545841689356861337e-01 9.503626499068601463e-01 -1.000000000000000056e-01
4.580000000000000071e+00 -1.505026008323200604e-01 2.966524321178416912e+00 1.000000000000000056e-01
4.589999999999999858e+00 -1.434112691868875411e-01 -2.034532974794515947e-01 -1.000000000000000056e-01
4.600000000000000533e+00 -1.459396922841583177e-01 1.255453495954208298e+00 -1.000000000000000056e-01
4.610000000000000320e+00 -1.415340860301307346e-01 9.574133263762971691e-01 -1.000000000000000056e-01
4.620000000000000107e+00 -1.373141346655260553e-01 2.976609968024459985e+00 1.000000000000000056e-01
4.629999999999999893e+00 -1.300108218154577555e-01 -1.925268023523002137e-01 -1.000000000000000056e-01
4.639999999999999680e+00 -1.322842656417792251e-01 1.263865594023794392e+00 -1.000000000000000056e-01
4.650000000000000355e+00 -1.261393038025535318e-01 2.979952063612286928e+00 1.000000000000000056e-01
4.660000000000000142e+00 -1.172991275433536706e-01 1.827086098848880624e+00 1.000000000000000056e-01
4.669999999999999929e+00 -1.135649840257101917e-01 2.122474901797453128e+00 1.000000000000000056e-01
4.679999999999999716e+00 -1.082020607960764991e-01 2.117782517392793107e+00 1.000000000000000056e-01
4.690000000000000391e+00 -1.046905056267864315e-01 9.768802108224855507e-02 -1.000000000000000056e-01
4.700000000000000178e+00 -1.057582265139360295e-01 1.245839530758857228e+00 -1.000000000000000056e-01
4.709999999999999964e+00 -1.015980155238123128e-01 9.439550124485710514e-01 -1.000000000000000056e-01
4.719999999999999751e+00 -9.770697669739414337e-02 2.958711947280996402e+00 1.000000000000000056e-01
4.730000000000000426e+00 -9.064365107375114972e-02 -2.109278673239964041e-01 -1.000000000000000056e-01
4.740000000000000213e+00 -9.288260965034611516e-02 1.241316100411795853e+00 -1.000000000000000056e-01
4.750000000000000000e+00 -8.694439676270503126e-02 2.957415450323236161e+00 1.000000000000000056e-01
4.759999999999999787e+00 -7.833281677661901865e-02 1.805773210787261718e+00 1.000000000000000056e-01
4.770000000000000462e+00 -7.461754599773148811e-02 2.101320793508295370e+00 1.000000000000000056e-01
4.780000000000000249e+00 -7.090445164867795191e-02 8.269693676464330567e-02 -1.000000000000000056e-01
4.790000000000000036e+00 -7.017764312973420737e-02 3.245621546235592625e+00 1.000000000000000056e-01
4.799999999999999822e+00 -6.020607893228657748e-02 1.793066703953093421e+00 1.000000000000000056e-01
4.810000000000000497e+00 -5.684392440450162370e-02 2.085140602625358053e+00 1.000000000000000056e-01
4.820000000000000284e+00 -5.338841782997363894e-02 6.493390452626417175e-02 -1.000000000000000056e-01
4.830000000000000071e+00 -5.433654424040126191e-02 1.213897533386142369e+00 -1.000000000000000056e-01
4.839999999999999858e+00 -4.880668958508015826e-02 2.927442328435430952e+00 1.000000000000000056e-01
4.850000000000000533e+00 -4.232010902380011624e-02 -2.422047610523396788e-01 -1.000000000000000056e-01
4.860000000000000320e+00 -4.296216588300175165e-02 3.224199958584057946e+00 1.000000000000000056e-01
4.870000000000000107e+00 -3.311673974049886282e-02 1.771587414689588025e+00 1.000000000000000056e-01
4.879999999999999893e+00 -3.111836394657417626e-02 5.273032345836969892e-02 -1.000000000000000056e-01
4.889999999999999680e+00 -3.028755907864404129e-02 3.218499604206691345e+00 1.000000000000000056e-01
4.900000000000000355e+00 -2.061725442042259410e-02 1.765760920890457664e+00 1.000000000000000056e-01
4.910000000000000142e+00 -1.868016403492078412e-02 4.632957900730843431e-02 -1.000000000000000056e-01
4.919999999999999929e+00 -1.786871636176889586e-02 3.211577686500691975e+00 1.000000000000000056e-01
4.929999999999999716e+00 -8.345261398631646441e-03 1.758171521720495623e+00 1.000000000000000056e-01
4.940000000000000391e+00 -4.994159984554854929e-03 2.052680352167560507e+00 1.000000000000000056e-01
4.950000000000000178e+00 -1.569437609609976563e-03 3.482446998981265224e-02 -1.000000000000000056e-01
4.959999999999999964e+00 -8.455883817720628382e-04 3.200313636533443251e+00 1.000000000000000056e-01
4.969999999999999751e+00 8.409604493983771634e-03 1.745378286886128949e+00 1.000000000000000056e-01
4.980000000000000426e+00 1.028205214700827000e-02 2.647209846663238497e-02 -1.000000000000000056e-01
4.990000000000000213e+00 1.108304426282646221e-02 3.193473061555434089e+00 1.000000000000000056e-01
5.000000000000000000e+00 2.025893474272791317e-02 1.738717808232686846e+00 1.000000000000000056e-01
5.009999999999999787e+00 2.217988760898427503e-02 2.131048398945296560e-02 -1.000000000000000056e-01
5.020000000000000462e+00 2.169043123673086021e-02 1.177719014694683652e+00 -1.000000000000000056e-01
5.030000000000000249e+00 2.702318533143311177e-02 2.893812393877396971e+00 1.000000000000000056e-01
5.040000000000000036e+00 3.319972169878038226e-02 -2.752636560975146307e-01 -1.000000000000000056e-01
5.049999999999999822e+00 3.305692865913520406e-02 3.197767461719791982e+00 1.000000000000000056e-01
5.060000000000000497e+00 4.223959507920772155e-02 1.742834480738767899e+00 1.000000000000000056e-01
5.070000000000000284e+00 4.446475173349455356e-02 2.733216100395765430e-02 -1.000000000000000056e-01
5.080000000000000071e+00 4.562861747976659776e-02 3.197249131849472015e+00 1.000000000000000056e-01
5.089999999999999858e+00 5.327192231551766688e-02 -2.714382404756238709e-01 -1.000000000000000056e-01
5.100000000000000533e+00 5.185101432351960082e-02 1.187530654145551035e+00 -1.000000000000000056e-01
5.110000000000000320e+00 5.605675091634599455e-02 8.901331662529190503e-01 -1.000000000000000056e-01
5.120000000000000107e+00 5.875231736705158886e-02 8.960808024148297912e-01 -1.000000000000000056e-01
5.129999999999999893e+00 6.179373311062778124e-02 9.023448611935680486e-01 -1.000000000000000056e-01
5.139999999999999680e+00 6.611806938072037343e-02 2.922495111802616119e+00 1.000000000000000056e-01
5.150000000000000355e+00 7.398707606328619457e-02 1.768497948096270145e+00 1.000000000000000056e-01
5.160000000000000142e+00 7.673009059967067502e-02 5.320418148298286520e-02 -1.000000000000000056e-01
5.169999999999999929e+00 7.840740232354974359e-02 3.222531111571560469e+00 1.000000000000000056e-01
5.179999999999999716e+00 8.727960319834117409e-02 1.770695414544544599e+00 1.000000000000000056e-01
5.190000000000000391e+00 8.978742477048967663e-02 5.199605863214724899e-02 -1.000000000000000056e-01
5.200000000000000178e+00 9.132648091188463879e-02 3.217061962724647728e+00 1.000000000000000056e-01
5.209999999999999964e+00 9.987601964224826490e-02 1.764312580190330770e+00 1.000000000000000056e-01
5.219999999999999751e+00 1.034467432840106837e-01 2.058454042711311605e+00 1.000000000000000056e-01
5.230000000000000426e+00 1.081532524494721176e-01 2.053880994705322038e+00 1.000000000000000056e-01
5.240000000000000213e+00 1.115917648144532093e-01 3.481739441346021896e-02 -1.000000000000000056e-01
5.250000000000000000e+00 1.128728788414923301e-01 3.198434156148487251e+00 1.000000000000000056e-01
5.259999999999999787e+00 1.208403782805275023e-01 1.743133547413314721e+00 1.000000000000000056e-01
5.270000000000000462e+00 1.241786262946383695e-01 2.036830737315196593e+00 1.000000000000000056e-01
5.280000000000000249e+00 1.275004088763026233e-01 1.907800121214991984e-02 -1.000000000000000056e-01
5.290000000000000036e+00 1.276931509287649869e-01 1.173283595324916329e+00 -1.000000000000000056e-01
5.299999999999999822e+00 1.313917324626183436e-01 8.753156193590558853e-01 -1.000000000000000056e-01
5.310000000000000497e+00 1.348748720336296891e-01 2.893425006098893082e+00 1.000000000000000056e-01
5.320000000000000284e+00 1.405597562853612703e-01 -2.760292102648065349e-01 -1.000000000000000056e-01
5.330000000000000071e+00 1.402161988999589548e-01 1.184950369433893647e+00 -1.000000000000000056e-01
5.339999999999999858e+00 1.451844674899354093e-01 2.902745262261900550e+00 1.000000000000000056e-01
5.350000000000000533e+00 1.517129846727823528e-01 1.749347016811999334e+00 1.000000000000000056e-01
5.360000000000000320e+00 1.543769122673958050e-01 3.456406054709571657e-02 -1.000000000000000056e-01
5.370000000000000107e+00 1.561149651629031576e-01 3.204338236869618051e+00 1.000000000000000056e-01
5.379999999999999893e+00 1.625355204722183367e-01 -2.631091865722089418e-01 -1.000000000000000056e-01
5.389999999999999680e+00 1.623965735166402191e-01 1.193958068186911969e+00 -1.000000000000000056e-01
5.400000000000000355e+00 1.662695502692270455e-01 8.961152454724164995e-01 -1.000000000000000056e-01
5.410000000000000142e+00 1.689977480617766425e-01 9.012147736620738092e-01 -1.000000000000000056e-01
5.419999999999999929e+00 1.728990013286851868e-01 2.920697493423866309e+00 1.000000000000000056e-01
5.429999999999999716e+00 1.783015557465700562e-01 -2.472608885517311728e-01 -1.000000000000000056e-01
5.440000000000000391e+00 1.795406665186664030e-01 3.223965588684136296e+00 1.000000000000000056e-01
5.450000000000000178e+00 1.857462852082423510e-01 -2.425283951936332560e-01 -1.000000000000000056e-01
5.459999999999999964e+00 1.861053934053079062e-01 1.212297964660888461e+00 -1.000000000000000056e-01
5.469999999999999751e+00 1.899066020131648935e-01 9.147987389372983502e-01 -1.000000000000000056e-01
5.480000000000000426e+00 1.935973776712991978e-01 2.934442867195489857e+00 1.000000000000000056e-01
5.490000000000000213e+00 1.987677820304050713e-01 -2.328081571185088017e-01 -1.000000000000000056e-01
5.500000000000000000e+00 2.001577182288203083e-01 3.234384322380598142e+00 1.000000000000000056e-01
5.509999999999999787e+00 2.059929963209835291e-01 -2.308773437028798503e-01 -1.000000000000000056e-01
5.520000000000000462e+00 2.073142183686683682e-01 3.234291405449632339e+00 1.000000000000000056e-01
5.530000000000000249e+00 2.129694385626093867e-01 -2.309974412813259881e-01 -1.000000000000000056e-01
5.540000000000000036e+00 2.142952690447396114e-01 3.231852832253736540e+00 1.000000000000000056e-01
5.549999999999999822e+00 2.197632514945642157e-01 -2.332738783091097834e-01 -1.000000000000000056e-01
5.560000000000000497e+00 2.204139393808474956e-01 1.213784953170134129e+00 -1.000000000000000056e-01
5.570000000000000284e+00 2.238570406385394229e-01 9.151946461755376960e-01 -1.000000000000000056e-01
5.580000000000000071e+00 2.272227561781791916e-01 2.933982721458139320e+00 1.000000000000000056e-01
5.589999999999999858e+00 2.325191697474265073e-01 1.785045467335760749e+00 1.000000000000000056e-01
5.600000000000000533e+00 2.358187669054219449e-01 2.080110240227633245e+00 1.000000000000000056e-01
5.610000000000000320e+00 2.389553018157796471e-01 6.137532779567662911e-02 -1.000000000000000056e-01
5.620000000000000107e+00 2.408847840043588096e-01 3.222845884371113634e+00 1.000000000000000056e-01
5.629999999999999893e+00 2.463123261806607900e-01 1.775128038987099588e+00 1.000000000000000056e-01
5.639999999999999680e+00 2.493264605143093449e-01 2.066594807321607163e+00 1.000000000000000056e-01
5.650000000000000355e+00 2.528178154669477595e-01 2.061191698848667819e+00 1.000000000000000056e-01
5.660000000000000142e+00 2.562145441062895213e-01 2.055056069829869436e+00 1.000000000000000056e-01
5.669999999999999929e+00 2.589398804599396531e-01 3.309358831817500041e-02 -1.000000000000000056e-01
5.679999999999999716e+00 2.601126559076444300e-01 1.179249541458246231e+00 -1.000000000000000056e-01
5.690000000000000391e+00 2.629088504590665898e-01 8.793751943056439258e-01 -1.000000000000000056e-01
5.700000000000000178e+00 2.655164644742783464e-01 2.896223117638323519e+00 1.000000000000000056e-01
5.709999999999999964e+00 2.691807068392137459e-01 -2.713962678067856626e-01 -1.000000000000000056e-01
5.719999999999999751e+00 2.707384835213305641e-01 3.196264311626071386e+00 1.000000000000000056e-01
5.730000000000000426e+00 2.751578867685116614e-01 1.747710543955078633e+00 1.000000000000000056e-01
5.740000000000000213e+00 2.774472391895831946e-01 2.936596658950781091e-02 -1.000000000000000056e-01
5.750000000000000000e+00 2.789092052841910530e-01 1.181847949416126031e+00 -1.000000000000000056e-01
5.759999999999999787e+00 2.819880655661736735e-01 2.900293331895109628e+00 1.000000000000000056e-01
5.770000000000000462e+00 2.855325312979337116e-01 1.749665597743982115e+00 1.000000000000000056e-01
5.780000000000000249e+00 2.882698871552580866e-01 2.045983649887169520e+00 1.000000000000000056e-01
5.790000000000000036e+00 2.911373525445728472e-01 2.044113321342654110e+00 1.000000000000000056e-01
5.799999999999999822e+00 2.935632373146603302e-01 2.654294068761380021e-02 -1.000000000000000056e-01
5.810000000000000497e+00 2.950846984222520453e-01 1.176932403454423071e+00 -1.000000000000000056e-01
5.820000000000000284e+00 2.974755361869761972e-01 8.786507338599767181e-01 -1.000000000000000056e-01
5.830000000000000071e+00 2.996904287558896374e-01 2.896629220931711046e+00 1.000000000000000056e-01
5.839999999999999858e+00 3.024743101030971659e-01 -2.704761404254738544e-01 -1.000000000000000056e-01
5.850000000000000533e+00 3.041091009651594734e-01 1.184444952394908768e+00 -1.000000000000000056e-01
5.860000000000000320e+00 3.063584470030975004e-01 8.892866510189432194e-01 -1.000000000000000056e-01
5.870000000000000107e+00 3.083854880718950864e-01 8.962146945467155401e-01 -1.000000000000000056e-01
5.879999999999999893e+00 3.105071579115629699e-01 9.026105146034953952e-01 -1.000000000000000056e-01
5.889999999999999680e+00 3.127882745464565240e-01 2.924510987159647080e+00 1.000000000000000056e-01
5.900000000000000355e+00 3.151527920274521111e-01 -2.410761651188456922e-01 -1.000000000000000056e-01
5.910000000000000142e+00 3.170586201158758777e-01 1.213078496350167290e+00 -1.000000000000000056e-01
5.919999999999999929e+00 3.192994024592424873e-01 2.934584337299744217e+00 1.000000000000000056e-01
5.929999999999999716e+00 3.215855583930392059e-01 1.787238846502425593e+00 1.000000000000000056e-01
5.940000000000000391e+00 3.237098616078567526e-01 6.658954050837746774e-02 -1.000000000000000056e-01
5.950000000000000178e+00 3.255823265429556579e-01 1.214549626325623910e+00 -1.000000000000000056e-01
5.959999999999999964e+00 3.275965997108347683e-01 2.934748005233745793e+00 1.000000000000000056e-01
5.969999999999999751e+00 3.293216454837979423e-01 -2.303641591221133322e-01 -1.000000000000000056e-01
5.980000000000000426e+00 3.314565484528849693e-01 3.231117200053704952e+00 1.000000000000000056e-01
5.990000000000000213e+00 3.330731759500086819e-01 -2.312936149339498149e-01 -1.000000000000000056e-01
6.000000000000000000e+00 3.351361132919617458e-01 3.229213994831271695e+00 1.000000000000000056e-01
6.009999999999999787e+00 3.366406181997971259e-01 1.784797394939557247e+00 1.000000000000000056e-01
6.020000000000000462e+00 3.385411054567992739e-01 2.077283366000361120e+00 1.000000000000000056e-01
6.030000000000000249e+00 3.402308488768220340e-01 2.073338440298567509e+00 1.000000000000000056e-01
6.040000000000000036e+00 3.418591458680593220e-01 2.068130734291098616e+00 1.000000000000000056e-01
6.049999999999999822e+00 3.434740742035532479e-01 4.572083511393174732e-02 -1.000000000000000056e-01
6.060000000000000497e+00 3.453871775128347088e-01 1.188954466693664447e+00 -1.000000000000000056e-01
6.070000000000000284e+00 3.467578765969004384e-01 8.889381390514918824e-01 -1.000000000000000056e-01
6.080000000000000071e+00 3.479669298288742274e-01 2.905724403850894699e+00 1.000000000000000056e-01
6.089999999999999858e+00 3.488339428824690502e-01 1.756126926559854029e+00 1.000000000000000056e-01
6.100000000000000533e+00 3.504299973744666175e-01 2.051804724720955431e+00 1.000000000000000056e-01
6.110000000000000320e+00 3.517748405892957564e-01 3.489375257981474493e-02 -1.000000000000000056e-01
6.120000000000000107e+00 3.535746387874306174e-01 3.198782381819930798e+00 1.000000000000000056e-01
6.129999999999999893e+00 3.536719556839006406e-01 1.751636520564350707e+00 1.000000000000000056e-01
6.140000000000000568e+00 3.551392332715206934e-01 2.045142899283173055e+00 1.000000000000000056e-01
6.150000000000000355e+00 3.563573944922446834e-01 2.656388713486975209e-02 -1.000000000000000056e-01
6.160000000000000142e+00 3.581574663621988619e-01 3.189630434725127639e+00 1.000000000000000056e-01
6.169999999999999929e+00 3.577905874137176645e-01 1.740749019501960149e+00 1.000000000000000056e-01
6.179999999999999716e+00 3.591302399981125548e-01 2.034536594385150998e+00 1.000000000000000056e-01
6.190000000000000391e+00 3.602047902282456415e-01 1.669635072425797173e-02 -1.000000000000000056e-01
6.200000000000000178e+00 3.622976353971939512e-01 1.167900186466507950e+00 -1.000000000000000056e-01
6.209999999999999964e+00 3.626538281078038328e-01 2.885772530386817802e+00 1.000000000000000056e-01
6.219999999999999751e+00 3.624040595090824435e-01 -2.811963406751569750e-01 -1.000000000000000056e-01
6.230000000000000426e+00 3.651015942002003301e-01 1.174524057316238990e+00 -1.000000000000000056e-01
6.240000000000000213e+00 3.656679544123798697e-01 8.800422871398201341e-01 -1.000000000000000056e-01
6.250000000000000000e+00 3.660594604243527228e-01 2.902398851954979708e+00 1.000000000000000056e-01
6.259999999999999787e+00 3.651660464009105489e-01 1.752055298955639273e+00 1.000000000000000056e-01
6.270000000000000462e+00 3.660379840213094371e-01 2.050822540659221982e+00 1.000000000000000056e-01
6.280000000000000249e+00 3.666528739150822780e-01 3.611740519831899143e-02 -1.000000000000000056e-01
6.290000000000000036e+00 3.683387121350141236e-01 3.203548511269685761e+00 1.000000000000000056e-01
6.299999999999999822e+00 3.664117409673293690e-01 1.754733310881802177e+00 1.000000000000000056e-01
6.310000000000000497e+00 3.672049236183013154e-01 2.049775401264442909e+00 1.000000000000000056e-01
6.320000000000000284e+00 3.677350971739012375e-01 3.244819911284628489e-02 -1.000000000000000056e-01
6.330000000000000071e+00 3.700128114564327775e-01 1.183765779775697302e+00 -1.000000000000000056e-01
6.339999999999999858e+00 3.695244500446169256e-01 2.900904382430963047e+00 1.000000000000000056e-01
6.350000000000000533e+00 3.681587408329776157e-01 -2.659454864583506439e-01 -1.000000000000000056e-01
6.360000000000000320e+00 3.713493924712278349e-01 1.188638290551653709e+00 -1.000000000000000056e-01
6.370000000000000107e+00 3.705696130393077437e-01 2.907750432823800857e+00 1.000000000000000056e-01
6.379999999999999893e+00 3.688758426254380440e-01 -2.573752803597987304e-01 -1.000000000000000056e-01
6.390000000000000568e+00 3.714287383052044533e-01 3.212592129118962969e+00 1.000000000000000056e-01
6.400000000000000355e+00 3.681686304510847774e-01 1.764058479217662567e+00 1.000000000000000056e-01
6.410000000000000142e+00 3.691502083274869062e-01 4.667677091622781521e-02 -1.000000000000000056e-01
6.419999999999999929e+00 3.707216038323005169e-01 3.213443893673613605e+00 1.000000000000000056e-01
6.429999999999999716e+00 3.678785647296649031e-01 -2.507315468635003541e-01 -1.000000000000000056e-01
6.440000000000000391e+00 3.711975311257344479e-01 1.201494018215256476e+00 -1.000000000000000056e-01
6.450000000000000178e+00 3.699071061603070310e-01 2.919165410980951059e+00 1.000000000000000056e-01
6.459999999999999964e+00 3.668376077148222114e-01 1.769100830829156923e+00 1.000000000000000056e-01
6.469999999999999751e+00 3.669439849434178447e-01 2.066462517829510404e+00 1.000000000000000056e-01
6.480000000000000426e+00 3.667056144270097739e-01 5.046778215159612724e-02 -1.000000000000000056e-01
6.490000000000000213e+00 3.690799043916410671e-01 1.201993999742179131e+00 -1.000000000000000056e-01
6.500000000000000000e+00 3.675074617981206049e-01 2.919217213464215810e+00 1.000000000000000056e-01
6.509999999999999787e+00 3.648235416288155286e-01 -2.472110462803142061e-01 -1.000000000000000056e-01
6.520000000000000462e+00 3.683598404859897979e-01 1.205465673036997254e+00 -1.000000000000000056e-01
6.530000000000000249e+00 3.664804432739416917e-01 2.924047657422310653e+00 1.000000000000000056e-01
6.540000000000000036e+00 3.634625810643732358e-01 -2.407286641936285942e-01 -1.000000000000000056e-01
6.549999999999999822e+00 3.660564788144989867e-01 3.227278109621068314e+00 1.000000000000000056e-01
6.560000000000000497e+00 3.609490013953612908e-01 1.779606688978347062e+00 1.000000000000000056e-01
6.570000000000000284e+00 3.614829858221756953e-01 6.119483808551583193e-02 -1.000000000000000056e-01
6.580000000000000071e+00 3.637938576227549015e-01 1.212181232602174363e+00 -1.000000000000000056e-01
6.589999999999999858e+00 3.615811809077230099e-01 2.930362883544418207e+00 1.000000000000000056e-01
6.600000000000000533e+00 3.581526592550273169e-01 -2.350583508413912059e-01 -1.000000000000000056e-01
6.610000000000000320e+00 3.607694492812177911e-01 3.230456219259091544e+00 1.000000000000000056e-01
6.620000000000000107e+00 3.550577304263740075e-01 1.783092994732135672e+00 1.000000000000000056e-01
6.629999999999999893e+00 3.554494759951455918e-01 6.378023859530435047e-02 -1.000000000000000056e-01
6.640000000000000568e+00 3.577622462491660271e-01 1.213774881746198853e+00 -1.000000000000000056e-01
6.650000000000000355e+00 3.562589744211915321e-01 9.166229736691232644e-01 -1.000000000000000056e-01
6.660000000000000142e+00 3.546866787235204432e-01 2.935635275040426428e+00 1.000000000000000056e-01
6.669999999999999929e+00 3.497755066268649071e-01 1.786454854835981543e+00 1.000000000000000056e-01
6.679999999999999716e+00 3.499470286290867205e-01 6.779025602039104315e-02 -1.000000000000000056e-01
6.690000000000000391e+00 3.510420907831466875e-01 3.232919915328272165e+00 1.000000000000000056e-01
6.700000000000000178e+00 3.456915309437091910e-01 -2.294051446000545669e-01 -1.000000000000000056e-01
6.709999999999999964e+00 3.482484036866934085e-01 3.234026810884914838e+00 1.000000000000000056e-01
6.719999999999999751e+00 3.416436510896890821e-01 1.786578849097430810e+00 1.000000000000000056e-01
6.730000000000000426e+00 3.418058659875883865e-01 6.545974107013848020e-02 -1.000000000000000056e-01
6.740000000000000213e+00 3.429448585745672462e-01 3.228467593787479384e+00 1.000000000000000056e-01
6.750000000000000000e+00 3.372874876934447985e-01 -2.351066048912087703e-01 -1.000000000000000056e-01
6.759999999999999787e+00 3.399143614959682647e-01 3.227570016547018028e+00 1.000000000000000056e-01
6.770000000000000462e+00 3.329185914701341398e-01 1.779522436340597924e+00 1.000000000000000056e-01
6.780000000000000249e+00 3.330140199442194193e-01 5.869228451153845477e-02 -1.000000000000000056e-01
6.790000000000000036e+00 3.341199476058232531e-01 3.222340235028545496e+00 1.000000000000000056e-01
6.799999999999999822e+00 3.269395672229204464e-01 1.774375836057128453e+00 1.000000000000000056e-01
6.810000000000000497e+00 3.270162361888915847e-01 5.386350605329604663e-02 -1.000000000000000056e-01
6.820000000000000284e+00 3.293772360500848428e-01 1.203753251620299114e+00 -1.000000000000000056e-01
6.830000000000000071e+00 3.271863718476781813e-01 9.065347379437004305e-01 -1.000000000000000056e-01
6.839999999999999858e+00 3.249228905623214314e-01 2.925478361800679217e+00 1.000000000000000056e-01
6.850000000000000533e+00 3.199186184238286268e-01 -2.406121015480055247e-01 -1.000000000000000056e-01
6.860000000000000320e+00 3.223369102657689944e-01 3.226996037849731991e+00 1.000000000000000056e-01
6.870000000000000107e+00 3.143195086476752720e-01 1.779910139466166497e+00 1.000000000000000056e-01
6.879999999999999893e+00 3.126929546584936714e-01 2.076691463524816594e+00 1.000000000000000056e-01
6.890000000000000568e+00 3.095073689041967779e-01 2.075017072719256728e+00 1.000000000000000056e-01
6.900000000000000355e+00 3.064042287521435148e-01 2.071876593821346813e+00 1.000000000000000056e-01
6.910000000000000142e+00 3.046968657269247815e-01 5.252619684592836624e-02 -1.000000000000000056e-01
6.919999999999999929e+00 3.071476219044108613e-01 1.200938499136168236e+00 -1.000000000000000056e-01
6.929999999999999716e+00 3.033084895037186368e-01 2.916345873688849011e+00 1.000000000000000056e-01
6.940000000000000391e+00 2.978880880801261233e-01 -2.513351191927393202e-01 -1.000000000000000056e-01
6.950000000000000178e+00 3.018807081056635866e-01 1.201741856442912315e+00 -1.000000000000000056e-01
6.959999999999999964e+00 2.976405377158793386e-01 2.920322803171263359e+00 1.000000000000000056e-01
6.969999999999999751e+00 2.904800096797228726e-01 1.770339900796842780e+00 1.000000000000000056e-01
6.980000000000000426e+00 2.899763854240418604e-01 5.351402698089276905e-02 -1.000000000000000056e-01
6.990000000000000213e+00 2.906149655626175665e-01 3.220945462499182899e+00 1.000000000000000056e-01
7.000000000000000000e+00 2.817752450798086117e-01 1.772587739671587226e+00 1.000000000000000056e-01
7.009999999999999787e+00 2.798253607999378612e-01 2.068479230915012401e+00 1.000000000000000056e-01
7.020000000000000462e+00 2.761708979937654296e-01 2.065882652290094157e+00 1.000000000000000056e-01
7.030000000000000249e+00 2.740405719831940923e-01 4.788132754230735311e-02 -1.000000000000000056e-01
7.040000000000000036e+00 2.763919413701040884e-01 1.198604717024435828e+00 -1.000000000000000056e-01
7.049999999999999822e+00 2.734950770075093018e-01 9.003325670514359391e-01 -1.000000000000000056e-01
7.060000000000000497e+00 2.704589960528084314e-01 2.918387131266963141e+00 1.000000000000000056e-01
7.070000000000000284e+00 2.628924514075000607e-01 1.766188277388345940e+00 1.000000000000000056e-01
7.080000000000000071e+00 2.606173068096115930e-01 2.064040183238226689e+00 1.000000000000000056e-01
7.089999999999999858e+00 2.565778764238142995e-01 2.063483119663921173e+00 1.000000000000000056e-01
7.100000000000000533e+00 2.541450124440230440e-01 4.744724014453034072e-02 -1.000000000000000056e-01
7.110000000000000320e+00 2.563701126734908020e-01 1.200108119025146136e+00 -1.000000000000000056e-01
7.120000000000000107e+00 2.531885881272860073e-01 9.023092398634694478e-01 -1.000000000000000056e-01
7.129999999999999893e+00 2.514105282923677631e-01 9.067152980330180911e-01 -1.000000000000000056e-01
7.140000000000000568e+00 2.480990564329792480e-01 2.926046421148631449e+00 1.000000000000000056e-01
7.150000000000000355e+00 2.412985752341375301e-01 -2.409170183973576573e-01 -1.000000000000000056e-01
7.160000000000000142e+00 2.433123639700884577e-01 3.230362671873025615e+00 1.000000000000000056e-01
7.169999999999999929e+00 2.346334115973865708e-01 -2.344584792427531761e-01 -1.000000000000000056e-01
7.179999999999999716e+00 2.381951475886454617e-01 1.220902037962078968e+00 -1.000000000000000056e-01
7.190000000000000391e+00 2.343025324003050469e-01 9.245780539086603245e-01 -1.000000000000000056e-01
7.200000000000000178e+00 2.320318922058722810e-01 9.300461018229431165e-01 -1.000000000000000056e-01
7.209999999999999964e+00 2.281001245207917305e-01 2.950709269894591369e+00 1.000000000000000056e-01
7.219999999999999751e+00 2.191775679353800965e-01 1.800731986923638006e+00 1.000000000000000056e-01
7.230000000000000426e+00 2.175839862044953721e-01 8.252276193474243626e-02 -1.000000000000000056e-01
7.240000000000000213e+00 2.174442581514353101e-01 3.248508118717275295e+00 1.000000000000000056e-01
7.250000000000000000e+00 2.068701569531417594e-01 1.801999428617978571e+00 1.000000000000000056e-01
7.259999999999999787e+00 2.054695910023198180e-01 8.052536175409588659e-02 -1.000000000000000056e-01
7.270000000000000462e+00 2.055231391026776655e-01 3.242440621840947834e+00 1.000000000000000056e-01
7.280000000000000249e+00 1.966078265859085850e-01 -2.219385495095073380e-01 -1.000000000000000056e-01
7.290000000000000036e+00 2.001714858830191957e-01 1.224512654422746039e+00 -1.000000000000000056e-01
7.299999999999999822e+00 1.961589773808926906e-01 9.256874033737872987e-01 -1.000000000000000056e-01
7.310000000000000497e+00 1.920780447775641830e-01 2.943930203284322644e+00 1.000000000000000056e-01
7.320000000000000284e+00 1.846524114332503685e-01 -2.213475886198587039e-01 -1.000000000000000056e-01
7.330000000000000071e+00 1.879151117390566172e-01 1.227883564910693615e+00 -1.000000000000000056e-01
7.339999999999999858e+00 1.818717349772414893e-01 2.947738207462781368e+00 1.000000000000000056e-01
7.350000000000000533e+00 1.742232383584722544e-01 -2.158956262062375897e-01 -1.000000000000000056e-01
7.360000000000000320e+00 1.773918600608653806e-01 1.232445740146089541e+00 -1.000000000000000056e-01
7.370000000000000107e+00 1.712435249222747646e-01 2.952301415172672083e+00 1.000000000000000056e-01
7.379999999999999893e+00 1.619239700380134261e-01 1.805890174052177999e+00 1.000000000000000056e-01
7.390000000000000568e+00 1.584923371520450264e-01 2.100814717716349200e+00 1.000000000000000056e-01
7.400000000000000355e+00 1.548562508093646040e-01 8.147606018779145198e-02 -1.000000000000000056e-01
7.410000000000000142e+00 1.546282263841374238e-01 3.241691414564791707e+00 1.000000000000000056e-01
7.419999999999999929e+00 1.454292650998498804e-01 -2.213871569131576345e-01 -1.000000000000000056e-01
7.429999999999999716e+00 1.487134485346081336e-01 1.220941272953724566e+00 -1.000000000000000056e-01
7.440000000000000391e+00 1.444426972496289097e-01 9.217623736392309697e-01 -1.000000000000000056e-01
7.450000000000000178e+00 1.400961765196964692e-01 2.939858433749283684e+00 1.000000000000000056e-01
7.459999999999999964e+00 1.324262891735706327e-01 -2.246669639906522242e-01 -1.000000000000000056e-01
7.469999999999999751e+00 1.337612416265467341e-01 3.237439938708874365e+00 1.000000000000000056e-01
7.480000000000000426e+00 1.226516199236593885e-01 1.794371573670471065e+00 1.000000000000000056e-01
7.490000000000000213e+00 1.207217569442758098e-01 7.203705124533450743e-02 -1.000000000000000056e-01
7.500000000000000000e+00 1.202809009260600998e-01 3.233024770444803409e+00 1.000000000000000056e-01
7.509999999999999787e+00 1.109466126582052820e-01 -2.285270716746722885e-01 -1.000000000000000056e-01
7.520000000000000462e+00 1.123848943844550086e-01 3.229945239333117168e+00 1.000000000000000056e-01
7.530000000000000249e+00 1.030508439673364224e-01 -2.323403727622032067e-01 -1.000000000000000056e-01
7.540000000000000036e+00 1.060444194493386089e-01 1.210566894324504261e+00 -1.000000000000000056e-01
7.549999999999999822e+00 1.015370880714768637e-01 9.127137433960370583e-01 -1.000000000000000056e-01
7.560000000000000497e+00 9.865373687108577871e-02 9.153136136207882245e-01 -1.000000000000000056e-01
7.570000000000000284e+00 9.409307828090900105e-02 2.935582651329256887e+00 1.000000000000000056e-01
7.580000000000000071e+00 8.459175827611541132e-02 1.790143990172270216e+00 1.000000000000000056e-01
7.589999999999999858e+00 8.075433996022797489e-02 2.086146914859656754e+00 1.000000000000000056e-01
7.600000000000000533e+00 7.684319145009439744e-02 6.792029009231770331e-02 -1.000000000000000056e-01
7.610000000000000320e+00 7.616208109870921394e-02 3.228375904885357528e+00 1.000000000000000056e-01
7.620000000000000107e+00 6.687130674703059552e-02 -2.328550056881296404e-01 -1.000000000000000056e-01
7.629999999999999893e+00 6.961743260353937812e-02 1.207860805715791352e+00 -1.000000000000000056e-01
7.640000000000000568e+00 6.512183981658113685e-02 9.092303689906761077e-01 -1.000000000000000056e-01
7.650000000000000355e+00 6.209230634755628225e-02 9.109384114959960810e-01 -1.000000000000000056e-01
7.660000000000000142e+00 5.750147757000761972e-02 2.931003106398646807e+00 1.000000000000000056e-01
7.669999999999999929e+00 4.956469296237252936e-02 -2.318919251315423313e-01 -1.000000000000000056e-01
7.679999999999999716e+00 5.186816532072111713e-02 1.213170379181927494e+00 -1.000000000000000056e-01
7.690000000000000391e+00 4.696640406664024520e-02 9.184022741862087891e-01 -1.000000000000000056e-01
7.700000000000000178e+00 4.210676366638500118e-02 2.941369987033719990e+00 1.000000000000000056e-01
7.709999999999999964e+00 3.410504892687315354e-02 -2.210574564472602421e-01 -1.000000000000000056e-01
7.719999999999999751e+00 3.466445613664140973e-02 3.239287344300732840e+00 1.000000000000000056e-01
7.730000000000000426e+00 2.358580425462743560e-02 1.800161692027666627e+00 1.000000000000000056e-01
7.740000000000000213e+00 2.111788476533625614e-02 7.457012022306012955e-02 -1.000000000000000056e-01
7.750000000000000000e+00 2.162984529863707858e-02 1.215388482285570948e+00 -1.000000000000000056e-01
7.759999999999999787e+00 1.693744144017380465e-02 9.180742221042950124e-01 -1.000000000000000056e-01
7.770000000000000462e+00 1.222740634581026727e-02 2.937675718776989076e+00 1.000000000000000056e-01
7.780000000000000249e+00 3.049298117361337861e-03 1.793789681617303122e+00 1.000000000000000056e-01
7.790000000000000036e+00 5.969115701860290253e-04 6.776688176920321605e-02 -1.000000000000000056e-01
7.799999999999999822e+00 -4.779712091408419550e-04 3.226285508526775647e+00 1.000000000000000056e-01
7.810000000000000497e+00 -1.102819969388223360e-02 1.788408575034368786e+00 1.000000000000000056e-01
7.820000000000000284e+00 -1.474206934368638491e-02 2.078807347170291031e+00 1.000000000000000056e-01
7.830000000000000071e+00 -1.997940132875473604e-02 2.074009124085609557e+00 1.000000000000000056e-01
7.839999999999999858e+00 -2.506683924870205596e-02 2.068015555441533149e+00 1.000000000000000056e-01
7.850000000000000533e+00 -3.003892472060756824e-02 2.060865786487306561e+00 1.000000000000000056e-01
7.860000000000000320e+00 -3.489947130981290585e-02 2.052800374655766369e+00 1.000000000000000056e-01
7.870000000000000107e+00 -3.828245058956073615e-02 2.732447532447645350e-02 -1.000000000000000056e-01
7.879999999999999893e+00 -3.879458270832950723e-02 3.182625918245175267e+00 1.000000000000000056e-01
7.890000000000000568e+00 -4.837679014144524725e-02 1.736316976821601799e+00 1.000000000000000056e-01
7.900000000000000355e+00 -5.158678975600940880e-02 2.026166029487832976e+00 1.000000000000000056e-01
7.910000000000000142e+00 -5.496362470718151733e-02 5.358144929159116415e-03 -1.000000000000000056e-01
7.919999999999999929e+00 -5.419998384078100750e-02 1.151508463823609940e+00 -1.000000000000000056e-01
7.930000000000000604e+00 -5.948487664093622673e-02 2.871069877612721921e+00 1.000000000000000056e-01
7.940000000000000391e+00 -6.762383727076193285e-02 1.722218189894846541e+00 1.000000000000000056e-01
7.950000000000000178e+00 -7.095612903792059001e-02 2.017648540198953455e+00 1.000000000000000056e-01
7.959999999999999964e+00 -7.448803866639047699e-02 1.062374879125085273e-03 -1.000000000000000056e-01
7.969999999999999751e+00 -7.528494944826245872e-02 3.166681361655102833e+00 1.000000000000000056e-01
7.980000000000000426e+00 -8.329828311701634180e-02 -2.958551214390996442e-01 -1.000000000000000056e-01
7.990000000000000213e+00 -8.277644666361255732e-02 3.169349534653588929e+00 1.000000000000000056e-01
8.000000000000000000e+00 -9.077770817301376860e-02 -2.937838088295277039e-01 -1.000000000000000056e-01
8.009999999999999787e+00 -9.034324474909090352e-02 3.172353368092688974e+00 1.000000000000000056e-01
8.019999999999999574e+00 -9.837795151337550004e-02 -2.900323148714930577e-01 -1.000000000000000056e-01
8.029999999999999361e+00 -9.679597544431550737e-02 1.162069395829363083e+00 -1.000000000000000056e-01
8.040000000000000924e+00 -1.021879654474848326e-01 2.883398306125505961e+00 1.000000000000000056e-01
8.050000000000000711e+00 -1.102285274609145077e-01 1.735481643733122636e+00 1.000000000000000056e-01
8.060000000000000497e+00 -1.125540866904212872e-01 1.755540731965390261e-02 -1.000000000000000056e-01
8.070000000000000284e+00 -1.125630966921569026e-01 1.170183691314923946e+00 -1.000000000000000056e-01
8.080000000000000071e+00 -1.167218549821065904e-01 8.763435783569972770e-01 -1.000000000000000056e-01
8.089999999999999858e+00 -1.210049978966015044e-01 2.898178840750222029e+00 1.000000000000000056e-01
8.099999999999999645e+00 -1.276999583061270704e-01 -2.666884610364003705e-01 -1.000000000000000056e-01
8.109999999999999432e+00 -1.277942660915609430e-01 3.200426232408242644e+00 1.000000000000000056e-01
8.120000000000000995e+00 -1.368538866057948389e-01 1.756306763751966260e+00 1.000000000000000056e-01
8.130000000000000782e+00 -1.405108649320915837e-01 2.052927883829885669e+00 1.000000000000000056e-01
8.140000000000000568e+00 -1.441704024101518322e-01 3.587327378106077574e-02 -1.000000000000000056e-01
8.150000000000000355e+00 -1.443396854261911888e-01 1.183836561470369642e+00 -1.000000000000000056e-01
8.160000000000000142e+00 -1.494488071911126426e-01 2.902442756398212254e+00 1.000000000000000056e-01
8.169999999999999929e+00 -1.558462034667290053e-01 -2.624736975972223885e-01 -1.000000000000000056e-01
8.179999999999999716e+00 -1.548383960386824354e-01 1.185658892803778564e+00 -1.000000000000000056e-01
8.189999999999999503e+00 -1.600447628478703366e-01 2.905865707129631215e+00 1.000000000000000056e-01
8.199999999999999289e+00 -1.673875633560918397e-01 1.759821097617923824e+00 1.000000000000000056e-01
8.210000000000000853e+00 -1.708891176871031314e-01 2.056751867973613201e+00 1.000000000000000056e-01
8.220000000000000639e+00 -1.754783435210991727e-01 2.055990331408488192e+00 1.000000000000000056e-01
8.230000000000000426e+00 -1.799265566298161034e-01 2.053912376251431304e+00 1.000000000000000056e-01
8.240000000000000213e+00 -1.842685997861568670e-01 2.050098654193591052e+00 1.000000000000000056e-01
8.250000000000000000e+00 -1.885033414257854811e-01 2.044967852577509682e+00 1.000000000000000056e-01
8.259999999999999787e+00 -1.926488486178841164e-01 2.039154273105492798e+00 1.000000000000000056e-01
8.269999999999999574e+00 -1.967149681693714514e-01 2.033053154935162254e+00 1.000000000000000056e-01
8.279999999999999361e+00 -2.007122737336327067e-01 2.026924929079660043e+00 1.000000000000000056e-01
8.290000000000000924e+00 -2.046481152675008464e-01 2.020949737139508873e+00 1.000000000000000056e-01
8.300000000000000711e+00 -2.085238497709525352e-01 2.015258456788003194e+00 1.000000000000000056e-01
8.310000000000000497e+00 -2.114763332492191061e-01 -4.461428151462444938e-03 -1.000000000000000056e-01
8.320000000000000284e+00 -2.125081188414548738e-01 3.160415229655816116e+00 1.000000000000000056e-01
8.330000000000000071e+00 -2.184345024192156648e-01 -3.063646679413304375e-01 -1.000000000000000056e-01
8.339999999999999858e+00 -2.187031425772388571e-01 3.163919855959928640e+00 1.000000000000000056e-01
8.349999999999999645e+00 -2.245232701672018882e-01 -3.022702894755579517e-01 -1.000000000000000056e-01
8.359999999999999432e+00 -2.249354567642142533e-01 3.171257771836177408e+00 1.000000000000000056e-01
8.370000000000000995e+00 -2.307262562854706101e-01 -2.945781119368364176e-01 -1.000000000000000056e-01
8.380000000000000782e+00 -2.311997286801258655e-01 3.180113948201997776e+00 1.000000000000000056e-01
8.390000000000000568e+00 -2.369557603280246227e-01 -2.857502530529191231e-01 -1.000000000000000056e-01
8.400000000000000355e+00 -2.367474042084038999e-01 1.175974425241769872e+00 -1.000000000000000056e-01
8.410000000000000142e+00 -2.399347064733510226e-01 8.832786746611668294e-01 -1.000000000000000056e-01
8.419999999999999929e+00 -2.433903390913051690e-01 2.906871458453759605e+00 1.000000000000000056e-01
8.429999999999999716e+00 -2.489954010559409792e-01 1.754072743089292841e+00 1.000000000000000056e-01
8.439999999999999503e+00 -2.513136914634943597e-01 3.961494407139327240e-02 -1.000000000000000056e-01
8.449999999999999289e+00 -2.521728502147466688e-01 1.198696763399178078e+00 -1.000000000000000056e-01
8.460000000000000853e+00 -2.560787392354463288e-01 2.919660768954980945e+00 1.000000000000000056e-01
8.470000000000000639e+00 -2.608833295539620400e-01 -2.467799156538618699e-01 -1.000000000000000056e-01
8.480000000000000426e+00 -2.610639813990389690e-01 1.210873036401615144e+00 -1.000000000000000056e-01
8.490000000000000213e+00 -2.642893424866318841e-01 9.158644703922607100e-01 -1.000000000000000056e-01
8.500000000000000000e+00 -2.675662263047775546e-01 2.937950605650971880e+00 1.000000000000000056e-01
8.509999999999999787e+00 -2.726603212127086673e-01 1.787010037405107887e+00 1.000000000000000056e-01
8.519999999999999574e+00 -2.755678354485630588e-01 2.085006239343162093e+00 1.000000000000000056e-01
8.529999999999999361e+00 -2.784272532052003979e-01 6.929477385367396880e-02 -1.000000000000000056e-01
8.540000000000000924e+00 -2.800702483388065045e-01 3.235480995833032392e+00 1.000000000000000056e-01
8.550000000000000711e+00 -2.847225371677892802e-01 -2.295152184225957848e-01 -1.000000000000000056e-01
8.560000000000000497e+00 -2.858033469883778377e-01 3.234901375458694162e+00 1.000000000000000056e-01
8.570000000000000284e+00 -2.907005652765659587e-01 1.785158654168098158e+00 1.000000000000000056e-01
8.580000000000000071e+00 -2.928641293269153012e-01 6.528786109481987676e-02 -1.000000000000000056e-01
8.589999999999999858e+00 -2.940133973158584602e-01 1.216258860034477918e+00 -1.000000000000000056e-01
8.599999999999999645e+00 -2.970916918325838263e-01 2.933532861209739107e+00 1.000000000000000056e-01
8.609999999999999432e+00 -3.008841232770472218e-01 -2.323755440578764986e-01 -1.000000000000000056e-01
8.620000000000000995e+00 -3.015805768476862991e-01 1.220488573711748348e+00 -1.000000000000000056e-01
8.630000000000000782e+00 -3.042080780365183368e-01 9.240497929562397905e-01 -1.000000000000000056e-01
8.640000000000000568e+00 -3.068958314411375232e-01 2.944678564497399176e+00 1.000000000000000056e-01
8.650000000000000355e+00 -3.106702589132888659e-01 1.795506049007909999e+00 1.000000000000000056e-01
8.660000000000000142e+00 -3.130994090373009353e-01 2.093411005686816040e+00 1.000000000000000056e-01
8.669999999999999929e+00 -3.154563528563730235e-01 7.747567965574099491e-02 -1.000000000000000056e-01
8.679999999999999716e+00 -3.170860262496623116e-01 3.242232714842869346e+00 1.000000000000000056e-01
8.689999999999999503e+00 -3.206872355877548042e-01 1.793803115883185306e+00 1.000000000000000056e-01
8.700000000000001066e+00 -3.229524752026973200e-01 2.087736266757004078e+00 1.000000000000000056e-01
8.710000000000000853e+00 -3.253636906065992540e-01 2.084025962018662970e+00 1.000000000000000056e-01
8.720000000000000639e+00 -3.277103415107019413e-01 2.079580585922879976e+00 1.000000000000000056e-01
8.730000000000000426e+00 -3.300089138197405680e-01 2.074282813324387575e+00 1.000000000000000056e-01
8.740000000000000213e+00 -3.320570891346021347e-01 5.397753561918933185e-02 -1.000000000000000056e-01
8.750000000000000000e+00 -3.336174116939157330e-01 3.216640763935671110e+00 1.000000000000000056e-01
8.759999999999999787e+00 -3.361400041127040605e-01 -2.515420953050503949e-01 -1.000000000000000056e-01
8.769999999999999574e+00 -3.375125892630598812e-01 1.202428728769420418e+00 -1.000000000000000056e-01
8.779999999999999361e+00 -3.391542399441289102e-01 9.056594456990993969e-01 -1.000000000000000056e-01
8.790000000000000924e+00 -3.412344687404588184e-01 2.926026414322008495e+00 1.000000000000000056e-01
8.800000000000000711e+00 -3.434009613310360365e-01 1.773464267480389100e+00 1.000000000000000056e-01
8.810000000000000497e+00 -3.452397741727636915e-01 2.072551933961098047e+00 1.000000000000000056e-01
8.820000000000000284e+00 -3.470256541320364541e-01 2.072640298707092654e+00 1.000000000000000056e-01
8.830000000000000071e+00 -3.487381569234582757e-01 5.750710482308677568e-02 -1.000000000000000056e-01
8.839999999999999858e+00 -3.502789037993099264e-01 1.212154719740364150e+00 -1.000000000000000056e-01
8.849999999999999645e+00 -3.517245853950553003e-01 9.150612433353411124e-01 -1.000000000000000056e-01
8.859999999999999432e+00 -3.534865824875539353e-01 2.934143516570751675e+00 1.000000000000000056e-01
8.870000000000000995e+00 -3.550294077765159817e-01 -2.337350763865704284e-01 -1.000000000000000056e-01
8.880000000000000782e+00 -3.565927231712725520e-01 3.238006183825739903e+00 1.000000000000000056e-01
8.890000000000000568e+00 -3.578895854704093882e-01 -2.276260853918499749e-01 -1.000000000000000056e-01
8.900000000000000355e+00 -3.595316742900792062e-01 3.243205538650587361e+00 1.000000000000000056e-01
8.910000000000000142e+00 -3.606263872811169557e-01 -2.228244119686793034e-01 -1.000000000000000056e-01
8.919999999999999929e+00 -3.623033126511056579e-01 3.246121549867007960e+00 1.000000000000000056e-01
8.929999999999999716e+00 -3.630125221267448965e-01 1.795381468218260501e+00 1.000000000000000056e-01
8.939999999999999503e+00 -3.645456650092862017e-01 7.744643698800372789e-02 -1.000000000000000056e-01
8.950000000000001066e+00 -3.660204395514820574e-01 3.243985738588059053e+00 1.000000000000000056e-01
8.960000000000000853e+00 -3.666204890523485083e-01 -2.216153966557695976e-01 -1.000000000000000056e-01
8.970000000000000639e+00 -3.684078956012918904e-01 3.245130091913842829e+00 1.000000000000000056e-01
8.980000000000000426e+00 -3.687675122714167419e-01 -2.211702628029713069e-01 -1.000000000000000056e-01
8.990000000000000213e+00 -3.708512362653303973e-01 1.232231406911180827e+00 -1.000000000000000056e-01
9.000000000000000000e+00 -3.715375469047304535e-01 9.350539880618176092e-01 -1.000000000000000056e-01
9.009999999999999787e+00 -3.728598741467599731e-01 9.402303102989100214e-01 -1.000000000000000056e-01
9.019999999999999574e+00 -3.735812280237215122e-01 2.960365336203429898e+00 1.000000000000000056e-01
9.029999999999999361e+00 -3.734895002799649699e-01 1.810013331842750484e+00 1.000000000000000056e-01
9.040000000000000924e+00 -3.743451644410862311e-01 2.108534118499991283e+00 1.000000000000000056e-01
9.050000000000000711e+00 -3.750888163746168291e-01 9.285172555957499352e-02 -1.000000000000000056e-01
9.060000000000000497e+00 -3.764998685893724550e-01 3.258230410484215245e+00 1.000000000000000056e-01
9.070000000000000284e+00 -3.759950734589587729e-01 -2.069648723741493446e-01 -1.000000000000000056e-01
9.080000000000000071e+00 -3.783318420728382647e-01 1.242702690186275660e+00 -1.000000000000000056e-01
9.089999999999999858e+00 -3.785569668825245482e-01 9.441047965339353087e-01 -1.000000000000000056e-01
9.099999999999999645e+00 -3.791501551205112008e-01 2.962627373458375679e+00 1.000000000000000056e-01
9.109999999999999432e+00 -3.781897546238612295e-01 1.812765174770007315e+00 1.000000000000000056e-01
9.120000000000000995e+00 -3.787315335937375127e-01 2.109703149865327809e+00 1.000000000000000056e-01
9.130000000000000782e+00 -3.791335689292684163e-01 9.306423154761578331e-02 -1.000000000000000056e-01
9.140000000000000568e+00 -3.804687261546025323e-01 3.257025842498995072e+00 1.000000000000000056e-01
9.150000000000000355e+00 -3.786229282838781685e-01 1.808137158958503576e+00 1.000000000000000056e-01
9.160000000000000142e+00 -3.796928761424325782e-01 8.663502900092126535e-02 -1.000000000000000056e-01
9.169999999999999929e+00 -3.810034499826017718e-01 3.249316037211638530e+00 1.000000000000000056e-01
9.179999999999999716e+00 -3.794270612176083857e-01 -2.159108686557277001e-01 -1.000000000000000056e-01
9.189999999999999503e+00 -3.814533524977887780e-01 3.247727037354126711e+00 1.000000000000000056e-01
9.200000000000001066e+00 -3.789917178127364950e-01 1.797841941048870851e+00 1.000000000000000056e-01
9.210000000000000853e+00 -3.793110431396478632e-01 2.092423205551642518e+00 1.000000000000000056e-01
9.220000000000000639e+00 -3.787972354003680264e-01 2.089501829270855815e+00 1.000000000000000056e-01
9.230000000000000426e+00 -3.789600472121338881e-01 7.112709941080665177e-02 -1.000000000000000056e-01
9.240000000000000213e+00 -3.810443730936562412e-01 1.221546151942328295e+00 -1.000000000000000056e-01
9.250000000000000000e+00 -3.799572100349259962e-01 2.936924169675135143e+00 1.000000000000000056e-01
9.259999999999999787e+00 -3.786261597040911364e-01 -2.311155861528162991e-01 -1.000000000000000056e-01
9.269999999999999574e+00 -3.813176604116608748e-01 1.223776932404198936e+00 -1.000000000000000056e-01
9.279999999999999361e+00 -3.798724556135250063e-01 2.941977748829864403e+00 1.000000000000000056e-01
9.290000000000000924e+00 -3.782019665816417353e-01 -2.240573951683377529e-01 -1.000000000000000056e-01
9.300000000000000711e+00 -3.800504498653239915e-01 3.246327601097267479e+00 1.000000000000000056e-01
9.310000000000000497e+00 -3.770852053278261340e-01 -2.190426246016909939e-01 -1.000000000000000056e-01
9.320000000000000284e+00 -3.790524447762651516e-01 3.249790697580505761e+00 1.000000000000000056e-01
9.330000000000000071e+00 -3.750463226335323252e-01 1.799887314271323424e+00 1.000000000000000056e-01
9.339999999999999858e+00 -3.755770767287334166e-01 8.136598728859366358e-02 -1.000000000000000056e-01
9.349999999999999645e+00 -3.774593260289614838e-01 1.233723820202424992e+00 -1.000000000000000056e-01
9.359999999999999432e+00 -3.763943166886840608e-01 9.367756418769429549e-01 -1.000000000000000056e-01
9.370000000000000995e+00 -3.756396521198517302e-01 2.955976689720418715e+00 1.000000000000000056e-01
9.380000000000000782e+00 -3.720391126402949333e-01 1.804916456839593453e+00 1.000000000000000056e-01
9.390000000000000568e+00 -3.722928085026837031e-01 8.717128940945773063e-02 -1.000000000000000056e-01
9.400000000000000355e+00 -3.731703444552703086e-01 3.253644279916147575e+00 1.000000000000000056e-01
9.410000000000000142e+00 -3.683316836808911976e-01 1.805752045573999931e+00 1.000000000000000056e-01
9.419999999999999929e+00 -3.686814306440376332e-01 8.612348565289693059e-02 -1.000000000000000056e-01
9.429999999999999716e+00 -3.706055411257003773e-01 1.236208651006080128e+00 -1.000000000000000056e-01
9.439999999999999503e+00 -3.691653845928963285e-01 9.383276948597177869e-01 -1.000000000000000056e-01
9.450000000000001066e+00 -3.680405667042649376e-01 2.956820761860009306e+00 1.000000000000000056e-01
9.460000000000000853e+00 -3.637123815999329657e-01 1.806302179708455080e+00 1.000000000000000056e-01
9.470000000000000639e+00 -3.637472122854589762e-01 8.798353034019369689e-02 -1.000000000000000056e-01
9.480000000000000426e+00 -3.655434107612826611e-01 1.239383326001224583e+00 -1.000000000000000056e-01
9.490000000000000213e+00 -3.637978043596528099e-01 9.430122131491672777e-01 -1.000000000000000056e-01
9.500000000000000000e+00 -3.634078319258232659e-01 9.473320717586675155e-01 -1.000000000000000056e-01
9.509999999999999787e+00 -3.616073037288039527e-01 2.966888743902895698e+00 1.000000000000000056e-01
9.519999999999999574e+00 -3.567076275474959091e-01 1.817946503210409848e+00 1.000000000000000056e-01
9.529999999999999361e+00 -3.553644349372071520e-01 2.115023772886909903e+00 1.000000000000000056e-01
9.540000000000000924e+00 -3.527333251177701134e-01 2.113762584723766658e+00 1.000000000000000056e-01
9.550000000000000711e+00 -3.503006892524195282e-01 2.110853342310099023e+00 1.000000000000000056e-01
9.560000000000000497e+00 -3.490181551837028273e-01 9.050591879728611677e-02 -1.000000000000000056e-01
9.570000000000000284e+00 -3.510855387601853894e-01 1.235905932134394813e+00 -1.000000000000000056e-01
9.580000000000000071e+00 -3.491019477279430072e-01 9.355762918767314140e-01 -1.000000000000000056e-01
9.589999999999999858e+00 -3.486233875061601761e-01 9.367985599773590577e-01 -1.000000000000000056e-01
9.599999999999999645e+00 -3.476794052549929681e-01 9.393169460486835431e-01 -1.000000000000000056e-01
9.609999999999999432e+00 -3.455235299121150461e-01 2.958916423983203980e+00 1.000000000000000056e-01
9.620000000000000995e+00 -3.410580923011151122e-01 -2.057396870041711401e-01 -1.000000000000000056e-01
9.630000000000000782e+00 -3.426709278893714239e-01 3.261118840241349570e+00 1.000000000000000056e-01
9.640000000000000568e+00 -3.354334908420570360e-01 1.816081169885720437e+00 1.000000000000000056e-01
9.650000000000000355e+00 -3.337400086837051805e-01 2.111691640688210914e+00 1.000000000000000056e-01
9.660000000000000142e+00 -3.306109504809784938e-01 2.109164315037145521e+00 1.000000000000000056e-01
9.669999999999999929e+00 -3.276046340622642550e-01 2.104977563178211497e+00 1.000000000000000056e-01
9.679999999999999716e+00 -3.259418212729940367e-01 8.360674018959612930e-02 -1.000000000000000056e-01
9.689999999999999503e+00 -3.267012304762368924e-01 3.242474081032057587e+00 1.000000000000000056e-01
9.700000000000001066e+00 -3.194550337706886789e-01 1.792758528200480983e+00 1.000000000000000056e-01
9.710000000000000853e+00 -3.179795310680569864e-01 2.084003414712517710e+00 1.000000000000000056e-01
9.720000000000000639e+00 -3.149501830946173087e-01 2.079111461915212899e+00 1.000000000000000056e-01
9.730000000000000426e+00 -3.119827168926181948e-01 2.073810447119885936e+00 1.000000000000000056e-01
9.740000000000000213e+00 -3.090779867799443581e-01 2.067923870499440486e+00 1.000000000000000056e-01
9.750000000000000000e+00 -3.075340894464673180e-01 4.695893321940924209e-02 -1.000000000000000056e-01
9.759999999999999787e+00 -3.098345050006616197e-01 1.196253964134184278e+00 -1.000000000000000056e-01
9.769999999999999574e+00 -3.073433732738401480e-01 8.983558780242321129e-01 -1.000000000000000056e-01
9.779999999999999361e+00 -3.051791347242339136e-01 2.917397147463836049e+00 1.000000000000000056e-01
9.790000000000000924e+00 -3.000272626481812477e-01 -2.505591305542209657e-01 -1.000000000000000056e-01
9.800000000000000711e+00 -3.018757242205356572e-01 3.221018507048362345e+00 1.000000000000000056e-01
9.810000000000000497e+00 -2.949716125088338026e-01 -2.441595732043795597e-01 -1.000000000000000056e-01
9.820000000000000284e+00 -2.982005785272740517e-01 1.213608953847081784e+00 -1.000000000000000056e-01
9.830000000000000071e+00 -2.936010044125115792e-01 2.933212467922400979e+00 1.000000000000000056e-01
9.839999999999999858e+00 -2.881952337235590966e-01 -2.336564595589764315e-01 -1.000000000000000056e-01
9.849999999999999645e+00 -2.911007997599245889e-01 1.223091072543248448e+00 -1.000000000000000056e-01
9.859999999999999432e+00 -2.863636938693772116e-01 2.942839989498350572e+00 1.000000000000000056e-01
9.870000000000000995e+00 -2.791035304113446136e-01 1.792532067752880653e+00 1.000000000000000056e-01
9.880000000000000782e+00 -2.764937656227212104e-01 2.089849179747068408e+00 1.000000000000000056e-01
9.890000000000000568e+00 -2.723172400610864852e-01 2.088362041471823360e+00 1.000000000000000056e-01
9.900000000000000355e+00 -2.682769261951386541e-01 2.085750049115790539e+00 1.000000000000000056e-01
9.910000000000000142e+00 -2.643450051598679185e-01 2.081490573771680008e+00 1.000000000000000056e-01
9.919999999999999929e+00 -2.619824053018982579e-01 6.136834376329171337e-02 -1.000000000000000056e-01
9.929999999999999716e+00 -2.639856607705144964e-01 1.210165242601105584e+00 -1.000000000000000056e-01
9.939999999999999503e+00 -2.592958395627680823e-01 2.925076062909301999e+00 1.000000000000000056e-01
9.950000000000001066e+00 -2.520657875026117156e-01 1.771965845611100043e+00 1.000000000000000056e-01
9.960000000000000853e+00 -2.495269096767227801e-01 2.067894171596054598e+00 1.000000000000000056e-01
9.970000000000000639e+00 -2.468780981675263719e-01 5.172312228118607080e-02 -1.000000000000000056e-01
9.980000000000000426e+00 -2.487256843120294048e-01 1.205383045203936021e+00 -1.000000000000000056e-01
9.990000000000000213e+00 -2.452873409119593895e-01 9.085149229710988150e-01 -1.000000000000000056e-01
1.000000000000000000e+01 -2.421694161375539389e-01 2.927553673406806833e+00 1.000000000000000056e-01
1.000999999999999979e+01 -2.341448391098533421e-01 1.774812188791521361e+00 1.000000000000000056e-01
1.001999999999999957e+01 -2.328062665978674062e-01 5.862635164148581601e-02 -1.000000000000000056e-01
1.002999999999999936e+01 -2.342286759609194247e-01 1.214397275105743024e+00 -1.000000000000000056e-01
1.004000000000000092e+01 -2.288547860129965805e-01 2.933399692470606279e+00 1.000000000000000056e-01
1.005000000000000071e+01 -2.224588028815746299e-01 -2.330673914453386120e-01 -1.000000000000000056e-01
1.006000000000000050e+01 -2.238097760928059177e-01 3.236178337376894198e+00 1.000000000000000056e-01
1.007000000000000028e+01 -2.153412356849906950e-01 -2.294894391276369461e-01 -1.000000000000000056e-01
1.008000000000000007e+01 -2.183124873657410758e-01 1.224832936328463351e+00 -1.000000000000000056e-01
1.008999999999999986e+01 -2.126886560395047920e-01 2.942753321531650368e+00 1.000000000000000056e-01
1.009999999999999964e+01 -2.058807879540778263e-01 -2.235220393025010854e-01 -1.000000000000000056e-01
1.010999999999999943e+01 -2.086190188635030363e-01 1.230302944095277518e+00 -1.000000000000000056e-01
1.012000000000000099e+01 -2.043602592835843113e-01 9.337918954188877407e-01 -1.000000000000000056e-01
1.013000000000000078e+01 -2.018566149333001769e-01 9.393523280301910861e-01 -1.000000000000000056e-01
1.014000000000000057e+01 -1.991136951731664051e-01 9.446632373196162114e-01 -1.000000000000000056e-01
1.015000000000000036e+01 -1.946741845252609460e-01 2.965965592299022013e+00 1.000000000000000056e-01
1.016000000000000014e+01 -1.855831645175968769e-01 1.817057743086051946e+00 1.000000000000000056e-01
1.016999999999999993e+01 -1.818092298961408171e-01 2.113967223411169716e+00 1.000000000000000056e-01
1.017999999999999972e+01 -1.763324810524771191e-01 2.112165557500935709e+00 1.000000000000000056e-01
1.018999999999999950e+01 -1.727616753207744937e-01 9.276291659388145872e-02 -1.000000000000000056e-01
1.020000000000000107e+01 -1.723017407446107985e-01 3.252928636937050921e+00 1.000000000000000056e-01
1.021000000000000085e+01 -1.635942051864531233e-01 -2.124409114028948664e-01 -1.000000000000000056e-01
1.022000000000000064e+01 -1.649108630810263709e-01 3.246010138874578121e+00 1.000000000000000056e-01
1.023000000000000043e+01 -1.561123404694469419e-01 -2.188143430149236401e-01 -1.000000000000000056e-01
1.024000000000000021e+01 -1.573512403736305187e-01 3.241062973915249223e+00 1.000000000000000056e-01
1.025000000000000000e+01 -1.468588771221056299e-01 1.793753312846126713e+00 1.000000000000000056e-01
1.025999999999999979e+01 -1.435008923881885556e-01 2.086799292022964547e+00 1.000000000000000056e-01
1.026999999999999957e+01 -1.400111215451785573e-01 6.760741053405289192e-02 -1.000000000000000056e-01
1.027999999999999936e+01 -1.396553180799011695e-01 3.228761999617616230e+00 1.000000000000000056e-01
1.029000000000000092e+01 -1.309997635185441989e-01 -2.365666183741502449e-01 -1.000000000000000056e-01
1.030000000000000071e+01 -1.340213475404473109e-01 1.210867771491473066e+00 -1.000000000000000056e-01
1.031000000000000050e+01 -1.296057730103817307e-01 9.121600374070045758e-01 -1.000000000000000056e-01
1.032000000000000028e+01 -1.256040579853468231e-01 2.930717234844245400e+00 1.000000000000000056e-01
1.033000000000000007e+01 -1.166350859440061088e-01 1.780998307405052161e+00 1.000000000000000056e-01
1.033999999999999986e+01 -1.145043228233125071e-01 6.234283220072894816e-02 -1.000000000000000056e-01
1.034999999999999964e+01 -1.152621070499867534e-01 1.213382752230808270e+00 -1.000000000000000056e-01
1.035999999999999943e+01 -1.091504241560432159e-01 2.932784623427118653e+00 1.000000000000000056e-01
1.037000000000000099e+01 -1.003749354709363717e-01 1.783974384252208667e+00 1.000000000000000056e-01
1.038000000000000078e+01 -9.656966861897074705e-02 2.079559406814281530e+00 1.000000000000000056e-01
1.039000000000000057e+01 -9.118027551443026735e-02 2.077298888089256668e+00 1.000000000000000056e-01
1.040000000000000036e+01 -8.753241669114344981e-02 5.857357541596791561e-02 -1.000000000000000056e-01
1.041000000000000014e+01 -8.696142991864044824e-02 3.220073928072491487e+00 1.000000000000000056e-01
1.041999999999999993e+01 -7.825592246345174086e-02 -2.457779189461015146e-01 -1.000000000000000056e-01
1.042999999999999972e+01 -8.096813050165155290e-02 1.202117047309632980e+00 -1.000000000000000056e-01
1.043999999999999950e+01 -7.488113375188587550e-02 2.918530532812194433e+00 1.000000000000000056e-01
1.045000000000000107e+01 -6.791067351184558454e-02 -2.476487693046038885e-01 -1.000000000000000056e-01
1.046000000000000085e+01 -7.003383033753313169e-02 1.204052712381725510e+00 -1.000000000000000056e-01
1.047000000000000064e+01 -6.545519008551183016e-02 9.078749933411883744e-01 -1.000000000000000056e-01
1.048000000000000043e+01 -6.251825453451263781e-02 9.133497806164175836e-01 -1.000000000000000056e-01
1.049000000000000021e+01 -5.782350374561654599e-02 2.934248835154324553e+00 1.000000000000000056e-01
1.050000000000000000e+01 -5.022733018155921270e-02 -2.310779410309804771e-01 -1.000000000000000056e-01
1.050999999999999979e+01 -5.186955476853262470e-02 1.221123492062350380e+00 -1.000000000000000056e-01
1.051999999999999957e+01 -4.538957034476163999e-02 2.942269878707757247e+00 1.000000000000000056e-01
1.052999999999999936e+01 -3.787310696541960897e-02 -2.215926141880981692e-01 -1.000000000000000056e-01
1.054000000000000092e+01 -3.793593359944037735e-02 3.243271029422535978e+00 1.000000000000000056e-01
1.055000000000000071e+01 -2.872254336513074130e-02 -2.192082648915568699e-01 -1.000000000000000056e-01
1.056000000000000050e+01 -3.037882065864620090e-02 1.226859575758810994e+00 -1.000000000000000056e-01
1.057000000000000028e+01 -2.399872149946008157e-02 2.946593664341569774e+00 1.000000000000000056e-01
1.058000000000000007e+01 -1.505626765036419644e-02 1.799792154555750701e+00 1.000000000000000056e-01
1.058999999999999986e+01 -1.088618554785178959e-02 2.093736727741478898e+00 1.000000000000000056e-01
1.059999999999999964e+01 -6.757394808235668397e-03 7.378921768537423376e-02 -1.000000000000000056e-01
1.060999999999999943e+01 -7.015511742011172440e-03 1.217462314998768447e+00 -1.000000000000000056e-01
1.062000000000000099e+01 -9.449326855574892480e-04 2.935210242573082162e+00 1.000000000000000056e-01
1.063000000000000078e+01 7.558532456768117004e-03 1.787160334231045367e+00 1.000000000000000056e-01
1.064000000000000057e+01 1.155980834154446933e-02 2.079825471998491881e+00 1.000000000000000056e-01
1.065000000000000036e+01 1.549314641383325170e-02 5.980955526746874890e-02 -1.000000000000000056e-01
1.066000000000000014e+01 1.661873453362050848e-02 3.219297269402539907e+00 1.000000000000000056e-01
1.066999999999999993e+01 2.647628297810790746e-02 1.773623628058444535e+00 1.000000000000000056e-01
1.067999999999999972e+01 2.870285762553211745e-02 4.871376333872446535e-02 -1.000000000000000056e-01
1.068999999999999950e+01 2.981007440717249948e-02 3.208628813984507833e+00 1.000000000000000056e-01
1.070000000000000107e+01 3.803434176734679650e-02 -2.543793387022519337e-01 -1.000000000000000056e-01
1.071000000000000085e+01 3.770183642330035556e-02 3.205758203969399478e+00 1.000000000000000056e-01
1.072000000000000064e+01 4.593547190779894568e-02 -2.574685052918777584e-01 -1.000000000000000056e-01
1.073000000000000043e+01 4.434895841460341492e-02 1.189093526084167074e+00 -1.000000000000000056e-01
1.074000000000000021e+01 4.883922858767866110e-02 8.923160290662441874e-01 -1.000000000000000056e-01
1.075000000000000000e+01 5.171275313512684046e-02 8.963698553482198905e-01 -1.000000000000000056e-01
1.075999999999999979e+01 5.626765140669125892e-02 2.917111467392153656e+00 1.000000000000000056e-01
1.076999999999999957e+01 6.326683651428682831e-02 -2.471906012977675704e-01 -1.000000000000000056e-01
1.077999999999999936e+01 6.236654844666782854e-02 1.203179192400543052e+00 -1.000000000000000056e-01
1.079000000000000092e+01 6.708721123037528211e-02 9.087208436240720166e-01 -1.000000000000000056e-01
1.080000000000000071e+01 7.164490217355752588e-02 2.931641794028400749e+00 1.000000000000000056e-01
1.081000000000000050e+01 7.868411293427217401e-02 -2.321583456486073227e-01 -1.000000000000000056e-01
1.082000000000000028e+01 7.927209176101036869e-02 3.231676995388483409e+00 1.000000000000000056e-01
1.083000000000000007e+01 8.758783537125895691e-02 -2.286026944626032009e-01 -1.000000000000000056e-01
1.083999999999999986e+01 8.682529153370036057e-02 1.215854542090683221e+00 -1.000000000000000056e-01
1.084999999999999964e+01 9.148558865962674869e-02 9.195711790966695220e-01 -1.000000000000000056e-01
1.085999999999999943e+01 9.596989900433855469e-02 2.940779753568386834e+00 1.000000000000000056e-01
1.087000000000000099e+01 1.028061646138226232e-01 -2.227619636755017452e-01 -1.000000000000000056e-01
1.088000000000000078e+01 1.035159707621289837e-01 3.237406602754308249e+00 1.000000000000000056e-01
1.089000000000000057e+01 1.115338372127078065e-01 -2.214677360242628124e-01 -1.000000000000000056e-01
1.090000000000000036e+01 1.121300392509931021e-01 3.236621584992565914e+00 1.000000000000000056e-01
1.091000000000000014e+01 1.212168841031552730e-01 1.796539241350435079e+00 1.000000000000000056e-01
1.091999999999999993e+01 1.239069505820571682e-01 6.956334682989645524e-02 -1.000000000000000056e-01
1.092999999999999972e+01 1.244379527082749015e-01 1.209801217673177609e+00 -1.000000000000000056e-01
1.093999999999999950e+01 1.287367974981495078e-01 9.120033231581086142e-01 -1.000000000000000056e-01
1.095000000000000107e+01 1.316703287182522109e-01 9.128697136583225902e-01 -1.000000000000000056e-01
1.096000000000000085e+01 1.360101914081606744e-01 2.932798226756023752e+00 1.000000000000000056e-01
1.097000000000000064e+01 1.435101844704998186e-01 1.789814294687314344e+00 1.000000000000000056e-01
1.098000000000000043e+01 1.474551345119584633e-01 2.083853726390402006e+00 1.000000000000000056e-01
1.099000000000000021e+01 1.523923747821500640e-01 2.082159671442441073e+00 1.000000000000000056e-01
1.100000000000000000e+01 1.571592453991397242e-01 2.078680066818405336e+00 1.000000000000000056e-01
1.100999999999999979e+01 1.617711731216272264e-01 2.072988685113385188e+00 1.000000000000000056e-01
1.101999999999999957e+01 1.651683205582269998e-01 4.804866707332038078e-02 -1.000000000000000056e-01
1.102999999999999936e+01 1.665469600553553531e-01 3.202029753524331834e+00 1.000000000000000056e-01
1.104000000000000092e+01 1.730838414979558870e-01 -2.607427976320287333e-01 -1.000000000000000056e-01
1.105000000000000071e+01 1.723772068930887746e-01 1.177509882641228689e+00 -1.000000000000000056e-01
1.106000000000000050e+01 1.762283616094667271e-01 8.792462839252632723e-01 -1.000000000000000056e-01
1.107000000000000028e+01 1.797182236205854822e-01 2.898507263829146918e+00 1.000000000000000056e-01
1.108000000000000007e+01 1.852916134847435170e-01 -2.648914264807144536e-01 -1.000000000000000056e-01
1.108999999999999986e+01 1.851828299903225394e-01 1.180586944748668321e+00 -1.000000000000000056e-01
1.109999999999999964e+01 1.899483593357255695e-01 2.903846539065805477e+00 1.000000000000000056e-01
1.110999999999999943e+01 1.963112375547991229e-01 1.760674113217318260e+00 1.000000000000000056e-01
1.112000000000000099e+01 1.989245578887114951e-01 3.891668457683248455e-02 -1.000000000000000056e-01
1.113000000000000078e+01 1.997742876822953262e-01 1.184521595087783652e+00 -1.000000000000000056e-01
1.114000000000000057e+01 2.043867559577733917e-01 2.907198751980073048e+00 1.000000000000000056e-01
1.115000000000000036e+01 2.094227162360378647e-01 -2.550971883700182685e-01 -1.000000000000000056e-01
1.116000000000000014e+01 2.096578491671362843e-01 1.187544498905657164e+00 -1.000000000000000056e-01
1.116999999999999993e+01 2.141360970905201166e-01 2.910016283239395651e+00 1.000000000000000056e-01
1.117999999999999972e+01 2.200249793504516493e-01 1.767380493032345345e+00 1.000000000000000056e-01
1.118999999999999950e+01 2.234359396699672484e-01 2.062251956309604228e+00 1.000000000000000056e-01
1.120000000000000107e+01 2.275041318839536864e-01 2.060959073763452665e+00 1.000000000000000056e-01
1.121000000000000085e+01 2.314403585960259635e-01 2.058208397085315333e+00 1.000000000000000056e-01
1.122000000000000064e+01 2.352548473513605687e-01 2.053552712207107778e+00 1.000000000000000056e-01
1.123000000000000043e+01 2.389648430035313798e-01 2.047451202931771075e+00 1.000000000000000056e-01
1.124000000000000021e+01 2.425774190216421766e-01 2.040584042452265212e+00 1.000000000000000056e-01
1.125000000000000000e+01 2.461044171267372238e-01 2.033389691073749894e+00 1.000000000000000056e-01
1.125999999999999979e+01 2.488024608929569892e-01 9.802613601506058455e-03 -1.000000000000000056e-01
1.126999999999999957e+01 2.501887606317815815e-01 3.167913497583690230e+00 1.000000000000000056e-01
1.127999999999999936e+01 2.548351379823511897e-01 -2.961200528427649359e-01 -1.000000000000000056e-01
1.129000000000000092e+01 2.556136360297879828e-01 3.165235138575124729e+00 1.000000000000000056e-01
1.130000000000000071e+01 2.602705435308413362e-01 -2.977533320902548963e-01 -1.000000000000000056e-01
1.131000000000000050e+01 2.611304102335831323e-01 3.167309248661788867e+00 1.000000000000000056e-01
1.132000000000000028e+01 2.656487581351762439e-01 -2.948568683113501621e-01 -1.000000000000000056e-01
1.133000000000000007e+01 2.666861190836521400e-01 3.171794446850645599e+00 1.000000000000000056e-01
1.133999999999999986e+01 2.716788468054340266e-01 1.726478011247371880e+00 1.000000000000000056e-01
1.134999999999999964e+01 2.744019569488433397e-01 2.022842466131773431e+00 1.000000000000000056e-01
1.135999999999999943e+01 2.769839441120240942e-01 7.019341242283698434e-03 -1.000000000000000056e-01
1.137000000000000099e+01 2.780054835849555817e-01 1.158718938135469223e+00 -1.000000000000000056e-01
1.138000000000000078e+01 2.811430433022727438e-01 2.879124551072969496e+00 1.000000000000000056e-01
1.139000000000000057e+01 2.844203026904409404e-01 -2.860400650809171719e-01 -1.000000000000000056e-01
1.140000000000000036e+01 2.853332732375126191e-01 1.167308314102365463e+00 -1.000000000000000056e-01
1.141000000000000014e+01 2.879551536335273609e-01 8.739797918920073627e-01 -1.000000000000000056e-01
1.141999999999999993e+01 2.899860558429231960e-01 8.818537998477697926e-01 -1.000000000000000056e-01
1.142999999999999972e+01 2.922454736535820552e-01 8.894926528157076628e-01 -1.000000000000000056e-01
1.143999999999999950e+01 2.944747726038620117e-01 8.971776218545780557e-01 -1.000000000000000056e-01
1.145000000000000107e+01 2.967337246231134817e-01 9.053869050322032042e-01 -1.000000000000000056e-01
1.146000000000000085e+01 2.989965457653788738e-01 9.138870747266556460e-01 -1.000000000000000056e-01
1.147000000000000064e+01 3.012599922680508913e-01 9.224516818298521548e-01 -1.000000000000000056e-01
1.148000000000000043e+01 3.035169555030833299e-01 9.309655726022728617e-01 -1.000000000000000056e-01
1.149000000000000021e+01 3.057610370262068833e-01 9.393752310989902377e-01 -1.000000000000000056e-01
1.150000000000000000e+01 3.079869374040656860e-01 9.476455700850331398e-01 -1.000000000000000056e-01
1.150999999999999979e+01 3.104884011547176526e-01 2.974196412394554567e+00 1.000000000000000056e-01
1.151999999999999957e+01 3.133056311499523017e-01 -1.922987553470021094e-01 -1.000000000000000056e-01
1.152999999999999936e+01 3.148222038979861526e-01 1.254624192730555476e+00 -1.000000000000000056e-01
1.154000000000000092e+01 3.174040941171638597e-01 2.980740123522391816e+00 1.000000000000000056e-01
1.155000000000000071e+01 3.202319983975749906e-01 1.835956484216122675e+00 1.000000000000000056e-01
1.156000000000000050e+01 3.223025357316349759e-01 1.070832090305100792e-01 -1.000000000000000056e-01
1.157000000000000028e+01 3.238798576172727262e-01 1.247253638393148956e+00 -1.000000000000000056e-01
1.158000000000000007e+01 3.258808838484161252e-01 9.517883636651801593e-01 -1.000000000000000056e-01
1.158999999999999986e+01 3.276347237646164978e-01 9.537182949234263019e-01 -1.000000000000000056e-01
1.159999999999999964e+01 3.296645399342646443e-01 2.975308559092895599e+00 1.000000000000000056e-01
1.160999999999999943e+01 3.319790509960492408e-01 1.831824553096952357e+00 1.000000000000000056e-01
1.162000000000000099e+01 3.340040267313260092e-01 2.122320905564528015e+00 1.000000000000000056e-01
1.163000000000000078e+01 3.360234154669239914e-01 2.118731709774911209e+00 1.000000000000000056e-01
1.164000000000000057e+01 3.378818865392461679e-01 2.113619576073107353e+00 1.000000000000000056e-01
1.165000000000000036e+01 3.395730771390632063e-01 8.724673298140696309e-02 -1.000000000000000056e-01
1.166000000000000014e+01 3.410260352419762220e-01 1.220482677075698241e+00 -1.000000000000000056e-01
1.166999999999999993e+01 3.425088281425084369e-01 9.200098796822778757e-01 -1.000000000000000056e-01
1.167999999999999972e+01 3.438926179277807527e-01 2.936812319905085733e+00 1.000000000000000056e-01
1.168999999999999950e+01 3.453732031156207527e-01 1.793204065994611573e+00 1.000000000000000056e-01
1.170000000000000107e+01 3.470288340606112465e-01 2.084796103845806936e+00 1.000000000000000056e-01
1.171000000000000085e+01 3.484211423268502306e-01 6.393098296812163572e-02 -1.000000000000000056e-01
1.172000000000000064e+01 3.499187369072909726e-01 3.220900531547581380e+00 1.000000000000000056e-01
1.173000000000000043e+01 3.508048389718450011e-01 1.782319713555449381e+00 1.000000000000000056e-01
1.174000000000000021e+01 3.522762073190507937e-01 2.071764907008843526e+00 1.000000000000000056e-01
1.175000000000000000e+01 3.534716617842594277e-01 2.067399025560319625e+00 1.000000000000000056e-01
1.175999999999999979e+01 3.546650158059271862e-01 4.443886670149433532e-02 -1.000000000000000056e-01
1.176999999999999957e+01 3.562147549320693329e-01 1.184113465079821736e+00 -1.000000000000000056e-01
1.177999999999999936e+01 3.571289375516053521e-01 8.859623746577004466e-01 -1.000000000000000056e-01
1.179000000000000092e+01 3.579173075006358840e-01 2.904641075825841856e+00 1.000000000000000056e-01
1.180000000000000071e+01 3.583754487736264815e-01 -2.588679123109701719e-01 -1.000000000000000056e-01
1.181000000000000050e+01 3.602041709715869677e-01 3.202447798983326877e+00 1.000000000000000056e-01
1.182000000000000028e+01 3.599596940633655873e-01 1.763619911432042997e+00 1.000000000000000056e-01
1.183000000000000007e+01 3.610488415777633464e-01 2.058678047373318165e+00 1.000000000000000056e-01
1.183999999999999986e+01 3.619002523848808273e-01 4.052242689414713162e-02 -1.000000000000000056e-01
1.184999999999999964e+01 3.633222733858543219e-01 3.201330415125811957e+00 1.000000000000000056e-01
1.185999999999999943e+01 3.626246104586231533e-01 1.759940657706376976e+00 1.000000000000000056e-01
1.187000000000000099e+01 3.638470635630020045e-01 3.521715522395481301e-02 -1.000000000000000056e-01
1.188000000000000078e+01 3.655521089078330732e-01 1.179996074255365013e+00 -1.000000000000000056e-01
1.189000000000000057e+01 3.659447357156018210e-01 8.844567274922879863e-01 -1.000000000000000056e-01
1.190000000000000036e+01 3.662016451496241110e-01 2.905144409606302158e+00 1.000000000000000056e-01
1.191000000000000014e+01 3.654071456481898239e-01 1.759996371606709742e+00 1.000000000000000056e-01
1.191999999999999993e+01 3.664687473703228671e-01 3.954395511984042794e-02 -1.000000000000000056e-01
1.192999999999999972e+01 3.681935809622794986e-01 1.187990563059589277e+00 -1.000000000000000056e-01
1.193999999999999950e+01 3.678817638050664862e-01 2.911404657462148826e+00 1.000000000000000056e-01
1.195000000000000107e+01 3.668639470387191626e-01 -2.505292169929934087e-01 -1.000000000000000056e-01
1.196000000000000085e+01 3.694057468731198890e-01 1.195470677318548391e+00 -1.000000000000000056e-01
1.197000000000000064e+01 3.692640801419735941e-01 9.011536675877255265e-01 -1.000000000000000056e-01
1.198000000000000043e+01 3.691646284253882748e-01 2.924180459986275071e+00 1.000000000000000056e-01
1.199000000000000021e+01 3.674234331424219846e-01 1.780888749483104494e+00 1.000000000000000056e-01
1.200000000000000000e+01 3.682285671549288542e-01 5.991733784898289894e-02 -1.000000000000000056e-01
1.200999999999999979e+01 3.694463764897841229e-01 3.223245929007723554e+00 1.000000000000000056e-01
1.201999999999999957e+01 3.672325687699050656e-01 -2.336314201678227898e-01 -1.000000000000000056e-01
1.203000000000000114e+01 3.698678538436637742e-01 1.208337100974707701e+00 -1.000000000000000056e-01
1.204000000000000092e+01 3.687965242378421493e-01 2.929779282450543310e+00 1.000000000000000056e-01
1.205000000000000071e+01 3.664370110294764560e-01 1.786491528211713309e+00 1.000000000000000056e-01
1.206000000000000050e+01 3.665439638611519557e-01 2.081202998595986120e+00 1.000000000000000056e-01
1.207000000000000028e+01 3.663484131118257547e-01 6.251251197558631290e-02 -1.000000000000000056e-01
1.208000000000000007e+01 3.675704079802346591e-01 3.221980833394758825e+00 1.000000000000000056e-01
1.208999999999999986e+01 3.641230135706750026e-01 1.781308974740531959e+00 1.000000000000000056e-01
1.209999999999999964e+01 3.641510914251162023e-01 2.072896403116282205e+00 1.000000000000000056e-01
1.210999999999999943e+01 3.638926762844942320e-01 5.244282384775553890e-02 -1.000000000000000056e-01
1.212000000000000099e+01 3.651537703422058079e-01 3.210985828192745473e+00 1.000000000000000056e-01
1.213000000000000078e+01 3.620145119773465203e-01 -2.498792337121707174e-01 -1.000000000000000056e-01
1.214000000000000057e+01 3.649027763545296121e-01 1.192492766083766531e+00 -1.000000000000000056e-01
1.215000000000000036e+01 3.633085262137820126e-01 2.912162459072865417e+00 1.000000000000000056e-01
1.216000000000000014e+01 3.598701065740786964e-01 1.766533665097886674e+00 1.000000000000000056e-01
1.216999999999999993e+01 3.596282530212394635e-01 2.062425697110757739e+00 1.000000000000000056e-01
1.217999999999999972e+01 3.590023702392742821e-01 4.542694777785771798e-02 -1.000000000000000056e-01
1.218999999999999950e+01 3.609531644225218439e-01 1.192577526154604328e+00 -1.000000000000000056e-01
1.220000000000000107e+01 3.598226837207380013e-01 8.965996131931410762e-01 -1.000000000000000056e-01
1.221000000000000085e+01 3.585817688389762448e-01 2.916520653214175418e+00 1.000000000000000056e-01
1.222000000000000064e+01 3.555252599915433298e-01 -2.470257957693966222e-01 -1.000000000000000056e-01
1.223000000000000043e+01 3.576237699751937948e-01 3.217202114476414465e+00 1.000000000000000056e-01
1.224000000000000021e+01 3.532089085596223366e-01 -2.414987295082661467e-01 -1.000000000000000056e-01
1.225000000000000000e+01 3.553005054864167289e-01 3.221924119931615316e+00 1.000000000000000056e-01
1.225999999999999979e+01 3.507348513653625321e-01 -2.373465018920759284e-01 -1.000000000000000056e-01
1.226999999999999957e+01 3.538049940584613862e-01 1.208302169297068129e+00 -1.000000000000000056e-01
1.228000000000000114e+01 3.520875055691298772e-01 9.129209140532689171e-01 -1.000000000000000056e-01
1.229000000000000092e+01 3.504065973366366493e-01 2.934525133725542911e+00 1.000000000000000056e-01
1.230000000000000071e+01 3.456218633083549818e-01 1.790349358788115852e+00 1.000000000000000056e-01
1.231000000000000050e+01 3.445326791557701829e-01 2.086865898223817961e+00 1.000000000000000056e-01
1.232000000000000028e+01 3.431830467648884220e-01 6.967054100637044833e-02 -1.000000000000000056e-01
1.233000000000000007e+01 3.440238478415257872e-01 3.231009594371290206e+00 1.000000000000000056e-01
1.233999999999999986e+01 3.378532195669275429e-01 1.789432052299707365e+00 1.000000000000000056e-01
1.234999999999999964e+01 3.368271846512708168e-01 2.081680466319660194e+00 1.000000000000000056e-01
1.235999999999999943e+01 3.355154292439801456e-01 6.160327312047986920e-02 -1.000000000000000056e-01
1.237000000000000099e+01 3.364658412658358411e-01 3.220657025785609306e+00 1.000000000000000056e-01
1.238000000000000078e+01 3.310990807832329685e-01 -2.408700796378335507e-01 -1.000000000000000056e-01
1.239000000000000057e+01 3.344214060648932896e-01 1.202288113957821203e+00 -1.000000000000000056e-01
1.240000000000000036e+01 3.312911804889706602e-01 2.921285817185191203e+00 1.000000000000000056e-01
1.241000000000000014e+01 3.267215759856778590e-01 -2.422678408227530167e-01 -1.000000000000000056e-01
1.241999999999999993e+01 3.289390570293356242e-01 3.220675620470096590e+00 1.000000000000000056e-01
1.242999999999999972e+01 3.218124430244533318e-01 1.778460835193653500e+00 1.000000000000000056e-01
1.243999999999999950e+01 3.215213141046654455e-01 5.764988544445186214e-02 -1.000000000000000056e-01
1.245000000000000107e+01 3.233933767427022432e-01 1.205364556363994089e+00 -1.000000000000000056e-01
1.246000000000000085e+01 3.209934834466360298e-01 9.097300059933814964e-01 -1.000000000000000056e-01
1.247000000000000064e+01 3.197476324960452088e-01 9.137036960880179359e-01 -1.000000000000000056e-01
1.248000000000000043e+01 3.172879257367968164e-01 2.934605326723087604e+00 1.000000000000000056e-01
1.249000000000000021e+01 3.120473499158271102e-01 -2.281870790836318663e-01 -1.000000000000000056e-01
1.250000000000000000e+01 3.139367997092898932e-01 3.236519213984281329e+00 1.000000000000000056e-01
1.250999999999999979e+01 3.059398617260813968e-01 1.796013435316402340e+00 1.000000000000000056e-01
1.251999999999999957e+01 3.052479348171521778e-01 7.481863195546389900e-02 -1.000000000000000056e-01
1.253000000000000114e+01 3.069519723604559602e-01 1.220670854674445360e+00 -1.000000000000000056e-01
1.254000000000000092e+01 3.028273842900287005e-01 2.941752584639224288e+00 1.000000000000000056e-01
1.255000000000000071e+01 2.972775791276195401e-01 -2.210537158823146775e-01 -1.000000000000000056e-01
1.256000000000000050e+01 3.005797638461187860e-01 1.222374362633856570e+00 -1.000000000000000056e-01
1.257000000000000028e+01 2.961556003375543367e-01 2.943872822157273195e+00 1.000000000000000056e-01
1.258000000000000007e+01 2.891373961303549400e-01 1.800550524531293828e+00 1.000000000000000056e-01
1.258999999999999986e+01 2.869950315255788142e-01 2.095757202389247009e+00 1.000000000000000056e-01
1.259999999999999964e+01 2.832595734303802737e-01 2.094367031344975150e+00 1.000000000000000056e-01
1.260999999999999943e+01 2.809639273964699702e-01 7.440610933942307104e-02 -1.000000000000000056e-01
1.262000000000000099e+01 2.828077713933278559e-01 1.216316540942044666e+00 -1.000000000000000056e-01
1.263000000000000078e+01 2.784710995600918615e-01 2.934242238403455438e+00 1.000000000000000056e-01
1.264000000000000057e+01 2.713123831648506235e-01 1.787350364794708879e+00 1.000000000000000056e-01
1.265000000000000036e+01 2.705698432549896171e-01 6.392295207155702930e-02 -1.000000000000000056e-01
1.266000000000000014e+01 2.722772372551170994e-01 1.208933201664633916e+00 -1.000000000000000056e-01
1.266999999999999993e+01 2.676948354601722535e-01 2.929561130550045966e+00 1.000000000000000056e-01
1.267999999999999972e+01 2.615813745412459146e-01 -2.335136047731037334e-01 -1.000000000000000056e-01
1.268999999999999950e+01 2.635426004305340131e-01 3.227468605055190398e+00 1.000000000000000056e-01
1.270000000000000107e+01 2.557166799546069513e-01 -2.318726219023658497e-01 -1.000000000000000056e-01
1.271000000000000085e+01 2.590012011515530621e-01 1.212818853122064278e+00 -1.000000000000000056e-01
1.272000000000000064e+01 2.540314263908697856e-01 2.933887208840840088e+00 1.000000000000000056e-01
1.273000000000000043e+01 2.475928503431676919e-01 -2.285186796247890006e-01 -1.000000000000000056e-01
1.274000000000000021e+01 2.493566074402925326e-01 3.233089845543787977e+00 1.000000000000000056e-01
1.275000000000000000e+01 2.397909833113094635e-01 1.792368547069186357e+00 1.000000000000000056e-01
1.275999999999999979e+01 2.385652183581219998e-01 6.992232219754040967e-02 -1.000000000000000056e-01
1.276999999999999957e+01 2.400789597276227760e-01 1.214746335253313214e+00 -1.000000000000000056e-01
1.278000000000000114e+01 2.364420539893084539e-01 9.182700752195304128e-01 -1.000000000000000056e-01
1.279000000000000092e+01 2.342433707534194443e-01 9.209244307514652395e-01 -1.000000000000000056e-01
1.280000000000000071e+01 2.305491346121781859e-01 2.941396315539681172e+00 1.000000000000000056e-01
1.281000000000000050e+01 2.221891944678336117e-01 1.797598003054528437e+00 1.000000000000000056e-01
1.282000000000000028e+01 2.206426757530454974e-01 7.619982224513639768e-02 -1.000000000000000056e-01
1.283000000000000007e+01 2.204057303915763211e-01 3.238411596586004748e+00 1.000000000000000056e-01
1.283999999999999986e+01 2.118808204380714655e-01 -2.189909058608348891e-01 -1.000000000000000056e-01
1.284999999999999964e+01 2.149872860639472083e-01 1.221768386910802251e+00 -1.000000000000000056e-01
1.285999999999999943e+01 2.094875163542266050e-01 2.942323733786947226e+00 1.000000000000000056e-01
1.287000000000000099e+01 2.010246475830395063e-01 1.798487539623310205e+00 1.000000000000000056e-01
1.288000000000000078e+01 1.995005395197434750e-01 7.469890400369476324e-02 -1.000000000000000056e-01
1.289000000000000057e+01 2.007600017516251723e-01 1.217514895922051199e+00 -1.000000000000000056e-01
1.290000000000000036e+01 1.952341400462882237e-01 2.939113767927085785e+00 1.000000000000000056e-01
1.291000000000000014e+01 1.866673868590113805e-01 1.795584469696640983e+00 1.000000000000000056e-01
1.291999999999999993e+01 1.836369851226808958e-01 2.088976847538525305e+00 1.000000000000000056e-01
1.292999999999999972e+01 1.803289265915299366e-01 6.915696067278644110e-02 -1.000000000000000056e-01
1.293999999999999950e+01 1.801991484717382352e-01 3.227404219785468875e+00 1.000000000000000056e-01
1.295000000000000107e+01 1.715890648667611207e-01 -2.323522490136100405e-01 -1.000000000000000056e-01
1.296000000000000085e+01 1.747491611269976763e-01 1.206570862891657825e+00 -1.000000000000000056e-01
1.297000000000000064e+01 1.692129652630625092e-01 2.926019944015273655e+00 1.000000000000000056e-01
1.298000000000000043e+01 1.620150777963049182e-01 -2.370337433073630151e-01 -1.000000000000000056e-01
1.299000000000000021e+01 1.635114519263804189e-01 3.222260323514537284e+00 1.000000000000000056e-01
1.300000000000000000e+01 1.545535910849597794e-01 -2.359398428677986492e-01 -1.000000000000000056e-01
1.300999999999999979e+01 1.559410411895682247e-01 3.223084643398450577e+00 1.000000000000000056e-01
1.301999999999999957e+01 1.469829456826434178e-01 -2.353445715188767495e-01 -1.000000000000000056e-01
1.303000000000000114e+01 1.483443308822435247e-01 3.222846332066392705e+00 1.000000000000000056e-01
1.304000000000000092e+01 1.393561804049817943e-01 -2.357413788023978440e-01 -1.000000000000000056e-01
1.305000000000000071e+01 1.406903149607363623e-01 3.222104436883078460e+00 1.000000000000000056e-01
1.306000000000000050e+01 1.301915349194796567e-01 1.781823807379084190e+00 1.000000000000000056e-01
1.307000000000000028e+01 1.269062207358413186e-01 2.074846701364652546e+00 1.000000000000000056e-01
1.308000000000000007e+01 1.234356807647779830e-01 5.526669896475092797e-02 -1.000000000000000056e-01
1.308999999999999986e+01 1.246526209373506888e-01 1.197811283247531167e+00 -1.000000000000000056e-01
1.309999999999999964e+01 1.189885219008793155e-01 2.916762196112960392e+00 1.000000000000000056e-01
1.310999999999999943e+01 1.102007132713102577e-01 1.770603793322032882e+00 1.000000000000000056e-01
1.312000000000000099e+01 1.069590046153715140e-01 2.064400081683110955e+00 1.000000000000000056e-01
1.313000000000000078e+01 1.019341292392149517e-01 2.062605516612946221e+00 1.000000000000000056e-01
1.314000000000000057e+01 9.854816434186225438e-02 4.302661185240573560e-02 -1.000000000000000056e-01
1.315000000000000036e+01 9.979861480770330084e-02 1.186932512373398030e+00 -1.000000000000000056e-01
1.316000000000000014e+01 9.573919938868896695e-02 8.887845593396841437e-01 -1.000000000000000056e-01
1.316999999999999993e+01 9.304811390674060101e-02 8.908845463066702441e-01 -1.000000000000000056e-01
1.317999999999999972e+01 9.037766512322209511e-02 8.942964976852377790e-01 -1.000000000000000056e-01
1.318999999999999950e+01 8.592311929516631419e-02 2.915793756468205267e+00 1.000000000000000056e-01
1.320000000000000107e+01 7.823390217700622318e-02 -2.467201196189786616e-01 -1.000000000000000056e-01
1.321000000000000085e+01 8.057913263645465063e-02 1.202479637775352161e+00 -1.000000000000000056e-01
1.322000000000000064e+01 7.428602959365090963e-02 2.926371094499086833e+00 1.000000000000000056e-01
1.323000000000000043e+01 6.501672816091758067e-02 1.783199360924781152e+00 1.000000000000000056e-01
1.324000000000000021e+01 6.271235582860999747e-02 6.188537328838195073e-02 -1.000000000000000056e-01
1.325000000000000000e+01 6.327809282238228139e-02 1.207616496309229071e+00 -1.000000000000000056e-01
1.325999999999999979e+01 5.712902307142934261e-02 2.930085205373580859e+00 1.000000000000000056e-01
1.326999999999999957e+01 4.942579919069886585e-02 -2.322670990515056932e-01 -1.000000000000000056e-01
1.328000000000000114e+01 5.172043965151375267e-02 1.209830741991428482e+00 -1.000000000000000056e-01
1.329000000000000092e+01 4.545805339781200383e-02 2.931921126526585653e+00 1.000000000000000056e-01
1.330000000000000071e+01 3.771920116507371940e-02 -2.294868162195520256e-01 -1.000000000000000056e-01
1.331000000000000050e+01 3.986860039987803750e-02 1.212575900757708158e+00 -1.000000000000000056e-01
1.332000000000000028e+01 3.505276488578171895e-02 9.172612576214823621e-01 -1.000000000000000056e-01
1.333000000000000007e+01 3.175682887015746081e-02 9.214207214355273345e-01 -1.000000000000000056e-01
1.333999999999999986e+01 2.843265829140121173e-02 9.256428103745307778e-01 -1.000000000000000056e-01
1.334999999999999964e+01 2.498636583282038207e-02 9.304403835295556036e-01 -1.000000000000000056e-01
1.335999999999999943e+01 2.145597453524987486e-02 9.362601510403546490e-01 -1.000000000000000056e-01
1.337000000000000099e+01 1.638662304359441921e-02 2.962426411248534119e+00 1.000000000000000056e-01
1.338000000000000078e+01 8.294466066603507770e-03 -1.987660366359899622e-01 -1.000000000000000056e-01
1.339000000000000057e+01 8.387694198644010321e-03 3.261504075282982917e+00 1.000000000000000056e-01
1.340000000000000036e+01 -1.092779264230026633e-03 -1.949519431316779072e-01 -1.000000000000000056e-01
1.341000000000000014e+01 5.064776406939221470e-04 1.241044903789069398e+00 -1.000000000000000056e-01
1.341999999999999993e+01 -5.854847236441017636e-03 2.966297337809624235e+00 1.000000000000000056e-01
1.342999999999999972e+01 -1.364542840549560349e-02 -1.958406297027398268e-01 -1.000000000000000056e-01
1.343999999999999950e+01 -1.198536659382013272e-02 1.237056166010787051e+00 -1.000000000000000056e-01
1.345000000000000107e+01 -1.829061436620843875e-02 2.962455707409170191e+00 1.000000000000000056e-01
1.346000000000000085e+01 -2.731991002245694536e-02 1.822906648890670445e+00 1.000000000000000056e-01
1.347000000000000064e+01 -3.128399297370133836e-02 2.112377934373310229e+00 1.000000000000000056e-01
1.348000000000000043e+01 -3.528011509446036392e-02 8.781456659568954992e-02 -1.000000000000000056e-01
1.349000000000000021e+01 -3.646606615250682498e-02 3.240563067364236272e+00 1.000000000000000056e-01
1.350000000000000000e+01 -4.507318907657770213e-02 -2.157101408224463557e-01 -1.000000000000000056e-01
1.350999999999999979e+01 -4.327592492590777440e-02 1.211710297216567200e+00 -1.000000000000000056e-01
1.351999999999999957e+01 -4.773252319149449974e-02 9.132662701866099964e-01 -1.000000000000000056e-01
1.353000000000000114e+01 -5.085095641074108969e-02 9.126472013710781317e-01 -1.000000000000000056e-01
1.354000000000000092e+01 -5.533776528720298071e-02 2.933946077363391414e+00 1.000000000000000056e-01
1.355000000000000071e+01 -6.391389393479643410e-02 1.795440450134508037e+00 1.000000000000000056e-01
1.356000000000000050e+01 -6.647434121822885789e-02 6.784397396678809589e-02 -1.000000000000000056e-01
1.357000000000000028e+01 -6.649127963174804312e-02 1.205377299929590862e+00 -1.000000000000000056e-01
1.358000000000000007e+01 -7.225754633604795918e-02 2.931463751195073630e+00 1.000000000000000056e-01
1.358999999999999986e+01 -8.060428963092254595e-02 1.793043179308888790e+00 1.000000000000000056e-01
1.359999999999999964e+01 -8.427533197937886467e-02 2.083437266625564277e+00 1.000000000000000056e-01
1.360999999999999943e+01 -8.929853606078358430e-02 2.080518986630231382e+00 1.000000000000000056e-01
1.362000000000000099e+01 -9.292145971593780696e-02 5.642026862400897902e-02 -1.000000000000000056e-01
1.363000000000000078e+01 -9.395809860762396881e-02 3.208332103820215941e+00 1.000000000000000056e-01
1.364000000000000057e+01 -1.017732556188060689e-01 -2.488727550534237665e-01 -1.000000000000000056e-01
1.365000000000000036e+01 -1.002487804900791674e-01 1.180840336202761298e+00 -1.000000000000000056e-01
1.366000000000000014e+01 -1.054601605941935111e-01 2.902417587593211667e+00 1.000000000000000056e-01
1.366999999999999993e+01 -1.120691177000571886e-01 -2.587882036739693747e-01 -1.000000000000000056e-01
1.367999999999999972e+01 -1.106699632707318359e-01 1.176755849721305092e+00 -1.000000000000000056e-01
1.368999999999999950e+01 -1.160353423795609795e-01 2.901559403077948129e+00 1.000000000000000056e-01
1.370000000000000107e+01 -1.225981464482614053e-01 -2.574629526815989666e-01 -1.000000000000000056e-01
1.371000000000000085e+01 -1.225782645174666868e-01 3.198577224412195275e+00 1.000000000000000056e-01
1.372000000000000064e+01 -1.302744044452756877e-01 -2.548995173068833719e-01 -1.000000000000000056e-01
1.373000000000000043e+01 -1.291872395468267043e-01 1.181051642853308437e+00 -1.000000000000000056e-01
1.374000000000000021e+01 -1.344317634164024222e-01 2.906136743903754205e+00 1.000000000000000056e-01
1.375000000000000000e+01 -1.408497842714943049e-01 -2.530113697972833364e-01 -1.000000000000000056e-01
1.375999999999999979e+01 -1.409563658287257548e-01 3.202119841657865784e+00 1.000000000000000056e-01
1.376999999999999957e+01 -1.494659100105686644e-01 1.769587770427458295e+00 1.000000000000000056e-01
1.378000000000000114e+01 -1.529033946438910496e-01 2.061951886006127665e+00 1.000000000000000056e-01
1.379000000000000092e+01 -1.563291337131040570e-01 4.089312717044610301e-02 -1.000000000000000056e-01
1.380000000000000071e+01 -1.575324947911185269e-01 3.195985947292276030e+00 1.000000000000000056e-01
1.381000000000000050e+01 -1.654866550441149442e-01 1.760371449145240019e+00 1.000000000000000056e-01
1.382000000000000028e+01 -1.676371311769727090e-01 3.070397430573053657e-02 -1.000000000000000056e-01
1.383000000000000007e+01 -1.687775557149598371e-01 3.185942841402554571e+00 1.000000000000000056e-01
1.383999999999999986e+01 -1.754685352136480803e-01 -2.699743016702619292e-01 -1.000000000000000056e-01
1.384999999999999964e+01 -1.745795546313881341e-01 1.165120566676400182e+00 -1.000000000000000056e-01
1.385999999999999943e+01 -1.780899478866267982e-01 8.689450733422630080e-01 -1.000000000000000056e-01
1.387000000000000099e+01 -1.808476278156150030e-01 8.713926547908315001e-01 -1.000000000000000056e-01
1.388000000000000078e+01 -1.844648011683449051e-01 2.893872367167644732e+00 1.000000000000000056e-01
1.389000000000000057e+01 -1.910729142546681858e-01 1.754356881317424621e+00 1.000000000000000056e-01
1.390000000000000036e+01 -1.942960509065806973e-01 2.050684692015018573e+00 1.000000000000000056e-01
1.391000000000000014e+01 -1.975255450220200770e-01 3.302963203450629687e-02 -1.000000000000000056e-01
1.391999999999999993e+01 -1.979383871862843702e-01 1.174209771798393032e+00 -1.000000000000000056e-01
1.392999999999999972e+01 -2.013608802867482561e-01 8.787113049759506245e-01 -1.000000000000000056e-01
1.393999999999999950e+01 -2.049294936734090411e-01 2.899454708154132199e+00 1.000000000000000056e-01
1.395000000000000107e+01 -2.101950412160127346e-01 -2.608779965109292998e-01 -1.000000000000000056e-01
1.396000000000000085e+01 -2.097782855431706561e-01 1.177660122275727694e+00 -1.000000000000000056e-01
1.397000000000000064e+01 -2.132596373997157624e-01 8.846298812243802434e-01 -1.000000000000000056e-01
1.398000000000000043e+01 -2.167854944771761827e-01 2.909189231858235747e+00 1.000000000000000056e-01
1.399000000000000021e+01 -2.219680279886440677e-01 -2.492564610542588044e-01 -1.000000000000000056e-01
1.400000000000000000e+01 -2.217396995980384089e-01 1.189338238520358360e+00 -1.000000000000000056e-01
1.400999999999999979e+01 -2.259566008038296492e-01 2.916954506640607736e+00 1.000000000000000056e-01
1.401999999999999957e+01 -2.317744951862226732e-01 1.780209185805798455e+00 1.000000000000000056e-01
1.403000000000000114e+01 -2.339730335465236566e-01 5.424249275590717345e-02 -1.000000000000000056e-01
1.404000000000000092e+01 -2.346251885864293618e-01 1.192938389899472540e+00 -1.000000000000000056e-01
1.405000000000000071e+01 -2.385118393083246469e-01 2.918999192438749724e+00 1.000000000000000056e-01
1.406000000000000050e+01 -2.439717908424065551e-01 1.780896585373986207e+00 1.000000000000000056e-01
1.407000000000000028e+01 -2.467050078072962060e-01 2.072654495736540259e+00 1.000000000000000056e-01
1.408000000000000007e+01 -2.494371729702920815e-01 5.111002782528940858e-02 -1.000000000000000056e-01
1.408999999999999986e+01 -2.500500210039147686e-01 1.187135375424900330e+00 -1.000000000000000056e-01
1.409999999999999964e+01 -2.528599774900102126e-01 8.902081684754420410e-01 -1.000000000000000056e-01
1.410999999999999943e+01 -2.552077557310646894e-01 8.902661079134892574e-01 -1.000000000000000056e-01
1.412000000000000099e+01 -2.574025904346481375e-01 8.915896561297743661e-01 -1.000000000000000056e-01
1.413000000000000078e+01 -2.603101841185075371e-01 2.914946264297999079e+00 1.000000000000000056e-01
1.414000000000000057e+01 -2.650934901121249632e-01 1.778532653249408346e+00 1.000000000000000056e-01
1.415000000000000036e+01 -2.670885381348365728e-01 5.362687166056322174e-02 -1.000000000000000056e-01
1.416000000000000014e+01 -2.678342067106839752e-01 1.193240388138960384e+00 -1.000000000000000056e-01
1.416999999999999993e+01 -2.710551663902247554e-01 2.920674243096004652e+00 1.000000000000000056e-01
1.417999999999999972e+01 -2.755305368279686307e-01 1.783689730657317840e+00 1.000000000000000056e-01
1.418999999999999950e+01 -2.778775958400264701e-01 2.075633026797481406e+00 1.000000000000000056e-01
1.420000000000000107e+01 -2.806983376390271845e-01 2.074126001457084811e+00 1.000000000000000056e-01
1.421000000000000085e+01 -2.834170160830146723e-01 2.071138772307097753e+00 1.000000000000000056e-01
1.422000000000000064e+01 -2.860499023123151963e-01 2.066173227630057063e+00 1.000000000000000056e-01
1.423000000000000043e+01 -2.881449096366874851e-01 4.046512447842556121e-02 -1.000000000000000056e-01
1.424000000000000021e+01 -2.888367994038509301e-01 1.174110377353532852e+00 -1.000000000000000056e-01
1.425000000000000000e+01 -2.913014388403220578e-01 2.893930386819755451e+00 1.000000000000000056e-01
1.425999999999999979e+01 -2.948548508610125407e-01 1.750825338023366484e+00 1.000000000000000056e-01
1.426999999999999957e+01 -2.967744257613743053e-01 2.042576732258736705e+00 1.000000000000000056e-01
1.428000000000000114e+01 -2.990475337047258098e-01 2.041204441716118811e+00 1.000000000000000056e-01
1.429000000000000092e+01 -3.009056452233297430e-01 2.052499509204691250e-02 -1.000000000000000056e-01
1.430000000000000071e+01 -3.019869362901350107e-01 3.177862313688617935e+00 1.000000000000000056e-01
1.431000000000000050e+01 -3.051725535798718858e-01 1.738716672793465312e+00 1.000000000000000056e-01
1.432000000000000028e+01 -3.069809409052645099e-01 2.029839468303164640e+00 1.000000000000000056e-01
1.433000000000000007e+01 -3.086729160726927046e-01 9.850246706154905385e-03 -1.000000000000000056e-01
1.433999999999999986e+01 -3.097207611279514383e-01 3.169575319699792892e+00 1.000000000000000056e-01
1.434999999999999964e+01 -3.122060313100558648e-01 -2.888104532545345271e-01 -1.000000000000000056e-01
1.435999999999999943e+01 -3.131255009437519110e-01 3.170500709876784118e+00 1.000000000000000056e-01
1.437000000000000099e+01 -3.155762902623014399e-01 1.730182627022364139e+00 1.000000000000000056e-01
1.438000000000000078e+01 -3.171928716725869180e-01 2.024766982574942364e+00 1.000000000000000056e-01
1.439000000000000057e+01 -3.188408758275732557e-01 2.024678530858302850e+00 1.000000000000000056e-01
1.440000000000000036e+01 -3.202953588451191713e-01 6.765135889021300399e-03 -1.000000000000000056e-01
1.441000000000000014e+01 -3.212421678341384479e-01 1.153535516609759615e+00 -1.000000000000000056e-01
1.441999999999999993e+01 -3.224748023235370353e-01 8.587986304643909774e-01 -1.000000000000000056e-01
1.442999999999999972e+01 -3.240217289080313812e-01 2.880691266497601877e+00 1.000000000000000056e-01
1.443999999999999950e+01 -3.256559142984268851e-01 1.735156337682554062e+00 1.000000000000000056e-01
1.445000000000000107e+01 -3.269831981110808972e-01 2.033279751732179452e+00 1.000000000000000056e-01
1.446000000000000085e+01 -3.282042708917087270e-01 1.885812290620324932e-02 -1.000000000000000056e-01
1.447000000000000064e+01 -3.292664968914789658e-01 3.184975795367191331e+00 1.000000000000000056e-01
1.448000000000000043e+01 -3.305369216558435852e-01 -2.741469345370909361e-01 -1.000000000000000056e-01
1.449000000000000021e+01 -3.316706038911613197e-01 3.189144660566945344e+00 1.000000000000000056e-01
1.450000000000000000e+01 -3.326987756160715293e-01 -2.706147870219336449e-01 -1.000000000000000056e-01
1.450999999999999979e+01 -3.338594765306351353e-01 3.193214986692281432e+00 1.000000000000000056e-01
1.451999999999999957e+01 -3.345818725977056651e-01 1.751151555309280239e+00 1.000000000000000056e-01
1.453000000000000114e+01 -3.356456198020451587e-01 2.047488691076426726e+00 1.000000000000000056e-01
1.454000000000000092e+01 -3.364555766108283663e-01 2.047710597444007075e+00 1.000000000000000056e-01
1.455000000000000071e+01 -3.372387576318688351e-01 2.046691773547858251e+00 1.000000000000000056e-01
1.456000000000000050e+01 -3.381503485043768076e-01 2.854581405171309830e-02 -1.000000000000000056e-01
1.457000000000000028e+01 -3.392701155707583682e-01 3.191022333307306891e+00 1.000000000000000056e-01
1.458000000000000007e+01 -3.392814276937643481e-01 1.744902380861755642e+00 1.000000000000000056e-01
1.458999999999999986e+01 -3.401852867878332742e-01 2.039517099218897123e+00 1.000000000000000056e-01
1.459999999999999964e+01 -3.409202379728891730e-01 2.291170136049852993e-02 -1.000000000000000056e-01
1.460999999999999943e+01 -3.422776570759485937e-01 1.174378435457512859e+00 -1.000000000000000056e-01
1.462000000000000099e+01 -3.423854446730076329e-01 2.894525309995665818e+00 1.000000000000000056e-01
1.463000000000000078e+01 -3.426085112204233507e-01 -2.702232482997585783e-01 -1.000000000000000056e-01
1.464000000000000057e+01 -3.442488682025807711e-01 1.185465753326907512e+00 -1.000000000000000056e-01
1.465000000000000036e+01 -3.440566704752925919e-01 2.907600601597901235e+00 1.000000000000000056e-01
1.466000000000000014e+01 -3.436631571229479265e-01 1.760260581286776427e+00 1.000000000000000056e-01
1.466999999999999993e+01 -3.444112132201967436e-01 4.464800530892625019e-02 -1.000000000000000056e-01
1.467999999999999972e+01 -3.453465978409788195e-01 3.214340505747404375e+00 1.000000000000000056e-01
1.468999999999999950e+01 -3.444397802650306373e-01 -2.469065089155517423e-01 -1.000000000000000056e-01
1.470000000000000107e+01 -3.458906202828531118e-01 3.221100397205355570e+00 1.000000000000000056e-01
1.471000000000000085e+01 -3.442958113687912269e-01 1.774347508711019206e+00 1.000000000000000056e-01
1.472000000000000064e+01 -3.450496856147652891e-01 5.596834749963384981e-02 -1.000000000000000056e-01
1.473000000000000043e+01 -3.464443107266316213e-01 1.208602689797822594e+00 -1.000000000000000056e-01
1.474000000000000021e+01 -3.457485685339096171e-01 2.928774082530368084e+00 1.000000000000000056e-01
1.475000000000000000e+01 -3.444405585098329059e-01 1.780541516846175343e+00 1.000000000000000056e-01
1.475999999999999979e+01 -3.449954803222694544e-01 6.310972645551690685e-02 -1.000000000000000056e-01
1.476999999999999957e+01 -3.458828664939505027e-01 3.230084898265811244e+00 1.000000000000000056e-01
1.478000000000000114e+01 -3.440752226376260214e-01 -2.316740021257725213e-01 -1.000000000000000056e-01
1.479000000000000092e+01 -3.462312622614840407e-01 1.220344520017348611e+00 -1.000000000000000056e-01
1.480000000000000071e+01 -3.450602205520198473e-01 2.939413687214108339e+00 1.000000000000000056e-01
1.481000000000000050e+01 -3.431502629534534665e-01 1.791076429425085603e+00 1.000000000000000056e-01
1.482000000000000028e+01 -3.435272362879868147e-01 7.380006378475681417e-02 -1.000000000000000056e-01
1.483000000000000007e+01 -3.449716566710812060e-01 1.226059407017290104e+00 -1.000000000000000056e-01
1.483999999999999986e+01 -3.436005401298909967e-01 2.946175118391739733e+00 1.000000000000000056e-01
1.484999999999999964e+01 -3.413033153299965261e-01 1.798276538538575275e+00 1.000000000000000056e-01
1.485999999999999943e+01 -3.409208474896073260e-01 2.095487787647709599e+00 1.000000000000000056e-01
1.487000000000000099e+01 -3.397670285155098280e-01 2.094744771275828921e+00 1.000000000000000056e-01
1.488000000000000078e+01 -3.393535535924219193e-01 7.775360985070142728e-02 -1.000000000000000056e-01
1.489000000000000057e+01 -3.410063819212336700e-01 1.227086405198972718e+00 -1.000000000000000056e-01
1.490000000000000036e+01 -3.400522119436331092e-01 9.290138928472955193e-01 -1.000000000000000056e-01
1.491000000000000014e+01 -3.394240228609934906e-01 2.947305675701354488e+00 1.000000000000000056e-01
1.491999999999999993e+01 -3.362704653949957212e-01 1.797544466499839011e+00 1.000000000000000056e-01
1.492999999999999972e+01 -3.356615461796312316e-01 2.095254652119483918e+00 1.000000000000000056e-01
1.493999999999999950e+01 -3.341136730337544991e-01 2.095122799769091770e+00 1.000000000000000056e-01
1.495000000000000107e+01 -3.334303611559499836e-01 7.871546575883893448e-02 -1.000000000000000056e-01
1.496000000000000085e+01 -3.351051071553433625e-01 1.229037849510358216e+00 -1.000000000000000056e-01
1.497000000000000064e+01 -3.338371639451888639e-01 9.311192722716630232e-01 -1.000000000000000056e-01
1.498000000000000043e+01 -3.328988434654715500e-01 2.949504261958316054e+00 1.000000000000000056e-01
1.499000000000000021e+01 -3.291455077003210827e-01 1.799147739025704240e+00 1.000000000000000056e-01
1.500000000000000000e+01 -3.291262801091415224e-01 8.198447062955593889e-02 -1.000000000000000056e-01
1.500999999999999979e+01 -3.296884028288359358e-01 3.249233925127629874e+00 1.000000000000000056e-01
1.501999999999999957e+01 -3.257091723744636735e-01 -2.134958947136575969e-01 -1.000000000000000056e-01
1.503000000000000114e+01 -3.282833503111122764e-01 1.238654215372657852e+00 -1.000000000000000056e-01
1.504000000000000092e+01 -3.256244227864778518e-01 2.956686221458840524e+00 1.000000000000000056e-01
1.505000000000000071e+01 -3.225736499124449153e-01 -2.086427678646850248e-01 -1.000000000000000056e-01
1.506000000000000050e+01 -3.239859325100321041e-01 3.258407460112379805e+00 1.000000000000000056e-01
1.507000000000000028e+01 -3.185005565095976321e-01 1.811306480486978732e+00 1.000000000000000056e-01
1.508000000000000007e+01 -3.173405363673654778e-01 2.107799153774277734e+00 1.000000000000000056e-01
1.508999999999999986e+01 -3.150188446494508465e-01 2.106126773275563746e+00 1.000000000000000056e-01
1.509999999999999964e+01 -3.137698375889633740e-01 8.802790807683785745e-02 -1.000000000000000056e-01
1.510999999999999943e+01 -3.144286462132796500e-01 3.250562222052117534e+00 1.000000000000000056e-01
1.512000000000000099e+01 -3.087513146177746082e-01 1.800367718152652730e+00 1.000000000000000056e-01
1.513000000000000078e+01 -3.076534434550693975e-01 2.093836202449428363e+00 1.000000000000000056e-01
1.514000000000000057e+01 -3.063384729186598987e-01 7.569898714403305862e-02 -1.000000000000000056e-01
1.515000000000000036e+01 -3.080873855726342092e-01 1.226403954017722953e+00 -1.000000000000000056e-01
1.516000000000000014e+01 -3.060972776189729294e-01 9.287174137860433332e-01 -1.000000000000000056e-01
1.516999999999999993e+01 -3.055010510969873305e-01 9.331288076917282348e-01 -1.000000000000000056e-01
1.517999999999999972e+01 -3.033817336994951153e-01 2.952603099485850979e+00 1.000000000000000056e-01
1.518999999999999950e+01 -2.992547320467585092e-01 -2.140244420747765552e-01 -1.000000000000000056e-01
1.520000000000000107e+01 -3.006078768711369920e-01 3.256869051703315865e+00 1.000000000000000056e-01
1.521000000000000085e+01 -2.938791271999990351e-01 1.808359498293073742e+00 1.000000000000000056e-01
1.522000000000000064e+01 -2.933090412821376947e-01 9.105941440023954114e-02 -1.000000000000000056e-01
1.523000000000000043e+01 -2.935092445526085170e-01 3.257792534641491766e+00 1.000000000000000056e-01
1.524000000000000021e+01 -2.878814252851184530e-01 -2.066787814982161409e-01 -1.000000000000000056e-01
1.525000000000000000e+01 -2.906024264609708418e-01 1.244778728609018170e+00 -1.000000000000000056e-01
1.525999999999999979e+01 -2.867891479270336941e-01 2.961991027472782090e+00 1.000000000000000056e-01
1.526999999999999957e+01 -2.811685341643214153e-01 1.811740946355205883e+00 1.000000000000000056e-01
1.528000000000000114e+01 -2.791617094513609287e-01 2.108364134351950803e+00 1.000000000000000056e-01
1.529000000000000092e+01 -2.770910769509358773e-01 9.162980093100658863e-02 -1.000000000000000056e-01
1.530000000000000071e+01 -2.785537312070978655e-01 1.242026735331822396e+00 -1.000000000000000056e-01
1.531000000000000050e+01 -2.758795191466636432e-01 9.439299588432993326e-01 -1.000000000000000056e-01
1.532000000000000028e+01 -2.734945327751326372e-01 2.961878140301801299e+00 1.000000000000000056e-01
1.533000000000000007e+01 -2.685282899213677910e-01 -2.046754679749254457e-01 -1.000000000000000056e-01
1.533999999999999986e+01 -2.709766058213135542e-01 1.247463721604831655e+00 -1.000000000000000056e-01
1.534999999999999964e+01 -2.667650237901272314e-01 2.966668225327449449e+00 1.000000000000000056e-01
1.535999999999999943e+01 -2.604062925147728746e-01 1.818472384885708060e+00 1.000000000000000056e-01
1.537000000000000099e+01 -2.593055706297399676e-01 9.994673538202124286e-02 -1.000000000000000056e-01
1.538000000000000078e+01 -2.591751964685860554e-01 3.264583923344565264e+00 1.000000000000000056e-01
1.539000000000000057e+01 -2.512975549791249819e-01 1.817901595775093915e+00 1.000000000000000056e-01
1.540000000000000036e+01 -2.503641701918245532e-01 9.674147003097224862e-02 -1.000000000000000056e-01
1.541000000000000014e+01 -2.503373426663429435e-01 3.258981344724913409e+00 1.000000000000000056e-01
1.541999999999999993e+01 -2.437362236310815222e-01 -2.053112898757019911e-01 -1.000000000000000056e-01
1.542999999999999972e+01 -2.451750681754792383e-01 3.256551881651861713e+00 1.000000000000000056e-01
1.543999999999999950e+01 -2.370918912908080989e-01 1.808050940246900051e+00 1.000000000000000056e-01
1.545000000000000107e+01 -2.361107343392360725e-01 8.660795570207249772e-02 -1.000000000000000056e-01
1.546000000000000085e+01 -2.373841849292648853e-01 1.235435689281919380e+00 -1.000000000000000056e-01
1.547000000000000064e+01 -2.329110310502326142e-01 2.952510642891083670e+00 1.000000000000000056e-01
1.548000000000000043e+01 -2.262830900372611864e-01 1.802441416993517231e+00 1.000000000000000056e-01
1.549000000000000021e+01 -2.250607634661233869e-01 8.281388715152282476e-02 -1.000000000000000056e-01
1.550000000000000000e+01 -2.248996833271440232e-01 3.247162866309634577e+00 1.000000000000000056e-01
1.550999999999999979e+01 -2.179177329958838505e-01 -2.165261989139533882e-01 -1.000000000000000056e-01
1.551999999999999957e+01 -2.206026645437852984e-01 1.233283998296223372e+00 -1.000000000000000056e-01
1.553000000000000114e+01 -2.158062977914895764e-01 2.950381166799815880e+00 1.000000000000000056e-01
1.554000000000000092e+01 -2.088745526206011172e-01 1.800391169665968238e+00 1.000000000000000056e-01
1.555000000000000071e+01 -2.061050268133793884e-01 2.096642261918674865e+00 1.000000000000000056e-01
1.556000000000000050e+01 -2.032928743891457002e-01 7.958130591304868329e-02 -1.000000000000000056e-01
1.557000000000000028e+01 -2.044726441307878340e-01 1.229313139556752699e+00 -1.000000000000000056e-01
1.558000000000000007e+01 -2.010345000126595727e-01 9.311304930885493381e-01 -1.000000000000000056e-01
1.558999999999999986e+01 -1.992143750450517670e-01 9.339974088964144716e-01 -1.000000000000000056e-01
1.559999999999999964e+01 -1.970061600761044418e-01 9.374126784151354252e-01 -1.000000000000000056e-01
1.561000000000000121e+01 -1.946973202811897730e-01 9.419585113991274516e-01 -1.000000000000000056e-01
1.562000000000000099e+01 -1.922504815957727653e-01 9.476336057426633097e-01 -1.000000000000000056e-01
1.563000000000000078e+01 -1.883516709143532031e-01 2.970013194839391080e+00 1.000000000000000056e-01
1.564000000000000057e+01 -1.819002415857858823e-01 -1.947613669124725888e-01 -1.000000000000000056e-01
1.565000000000000036e+01 -1.836960427379419059e-01 1.256729511175746383e+00 -1.000000000000000056e-01
1.566000000000000014e+01 -1.781762802784409017e-01 2.978514174437369100e+00 1.000000000000000056e-01
1.566999999999999993e+01 -1.703871921097258602e-01 1.832022502644272244e+00 1.000000000000000056e-01
1.567999999999999972e+01 -1.683791903173610383e-01 1.095077184635787487e-01 -1.000000000000000056e-01
1.568999999999999950e+01 -1.688400608266379110e-01 1.254811912587962430e+00 -1.000000000000000056e-01
1.570000000000000107e+01 -1.647848973813808016e-01 9.577578691577924852e-01 -1.000000000000000056e-01
1.571000000000000085e+01 -1.610352398811080166e-01 2.977366666899536884e+00 1.000000000000000056e-01
1.572000000000000064e+01 -1.545366144020557386e-01 -1.881771492614998653e-01 -1.000000000000000056e-01
1.573000000000000043e+01 -1.562902944539968642e-01 1.254483933548561581e+00 -1.000000000000000056e-01
1.574000000000000021e+01 -1.507520018076341783e-01 2.975786184223241815e+00 1.000000000000000056e-01
1.575000000000000000e+01 -1.429284208317684879e-01 1.831046756431569555e+00 1.000000000000000056e-01
1.575999999999999979e+01 -1.408455505124333595e-01 1.060060321481915008e-01 -1.000000000000000056e-01
1.576999999999999957e+01 -1.398773798183161332e-01 3.264966490522319464e+00 1.000000000000000056e-01
1.578000000000000114e+01 -1.320334280595674425e-01 -1.950588534220363823e-01 -1.000000000000000056e-01
1.579000000000000092e+01 -1.339773669708613224e-01 1.243047076626746072e+00 -1.000000000000000056e-01
1.580000000000000071e+01 -1.299140012035074343e-01 9.441178979327705667e-01 -1.000000000000000056e-01
1.581000000000000050e+01 -1.273547578677672321e-01 9.447986847308317282e-01 -1.000000000000000056e-01
1.582000000000000028e+01 -1.232583695682526181e-01 2.964789939041086342e+00 1.000000000000000056e-01
1.583000000000000007e+01 -1.152687394443016738e-01 1.820773487928619039e+00 1.000000000000000056e-01
1.583999999999999986e+01 -1.130293887965118788e-01 9.610199926994834885e-02 -1.000000000000000056e-01
1.584999999999999964e+01 -1.132230943830770525e-01 1.238091848844380838e+00 -1.000000000000000056e-01
1.586000000000000121e+01 -1.090028873761262757e-01 9.418744708061209669e-01 -1.000000000000000056e-01
1.587000000000000099e+01 -1.050697274596394670e-01 2.962176955653706756e+00 1.000000000000000056e-01
1.588000000000000078e+01 -9.709018901637389565e-02 1.818111016613349395e+00 1.000000000000000056e-01
1.589000000000000057e+01 -9.351857448961137242e-02 2.110016388389676312e+00 1.000000000000000056e-01
1.590000000000000036e+01 -8.853074388187398558e-02 2.106820605772471655e+00 1.000000000000000056e-01
1.591000000000000014e+01 -8.513551730093735226e-02 8.380171464756031030e-02 -1.000000000000000056e-01
1.591999999999999993e+01 -8.559986188536505836e-02 1.221004172174400937e+00 -1.000000000000000056e-01
1.592999999999999972e+01 -8.032039301987507762e-02 2.938654644934098226e+00 1.000000000000000056e-01
1.593999999999999950e+01 -7.423713323853549373e-02 -2.266175143573898876e-01 -1.000000000000000056e-01
1.595000000000000107e+01 -7.452725621138361900e-02 3.227650968424922162e+00 1.000000000000000056e-01
1.596000000000000085e+01 -6.677574025318354367e-02 -2.310975686740950330e-01 -1.000000000000000056e-01
1.597000000000000064e+01 -6.712760988188938571e-02 3.224328461004865698e+00 1.000000000000000056e-01
1.598000000000000043e+01 -5.938246006130527138e-02 -2.343243041564922746e-01 -1.000000000000000056e-01
1.599000000000000021e+01 -6.096164068374894385e-02 1.204040339972265228e+00 -1.000000000000000056e-01
1.600000000000000000e+01 -5.557310875472826900e-02 2.924964566743416317e+00 1.000000000000000056e-01
1.601000000000000156e+01 -4.794616758845681587e-02 1.781241625482071100e+00 1.000000000000000056e-01
1.601999999999999957e+01 -4.440814666216969658e-02 2.074573179345590823e+00 1.000000000000000056e-01
1.603000000000000114e+01 -3.958468075322735952e-02 2.072251779445737796e+00 1.000000000000000056e-01
1.603999999999999915e+01 -3.489762893155324425e-02 2.068503964097658798e+00 1.000000000000000056e-01
1.605000000000000071e+01 -3.163021522286945525e-02 4.552252264316165170e-02 -1.000000000000000056e-01
1.605999999999999872e+01 -3.208457906044412389e-02 1.184931346940895969e+00 -1.000000000000000056e-01
1.607000000000000028e+01 -2.698901481891463963e-02 2.902189869079059736e+00 1.000000000000000056e-01
1.608000000000000185e+01 -1.979840630120023939e-02 1.754563968004616559e+00 1.000000000000000056e-01
1.608999999999999986e+01 -1.768632249131550996e-02 3.018424214105673575e-02 -1.000000000000000056e-01
1.610000000000000142e+01 -1.665057801526292902e-02 3.191135483485030733e+00 1.000000000000000056e-01
1.610999999999999943e+01 -9.280355817079309275e-03 -2.684368720639646044e-01 -1.000000000000000056e-01
1.612000000000000099e+01 -1.079538982294998839e-02 1.175204984301811306e+00 -1.000000000000000056e-01
1.612999999999999901e+01 -5.516323402541123758e-03 2.895457976573347469e+00 1.000000000000000056e-01
1.614000000000000057e+01 4.550852635856783329e-04 -2.682395881533726212e-01 -1.000000000000000056e-01
1.614999999999999858e+01 -6.319578421422486708e-04 1.177932305742546371e+00 -1.000000000000000056e-01
1.616000000000000014e+01 3.461948408425282592e-03 8.831413335558053745e-01 -1.000000000000000056e-01
1.617000000000000171e+01 6.251950152915268163e-03 8.883914491421512905e-01 -1.000000000000000056e-01
1.617999999999999972e+01 1.043125662603212531e-02 2.910868536031956388e+00 1.000000000000000056e-01
1.619000000000000128e+01 1.681969753733707565e-02 -2.518404521032927001e-01 -1.000000000000000056e-01
1.619999999999999929e+01 1.726908769242893951e-02 3.211883942248023427e+00 1.000000000000000056e-01
1.621000000000000085e+01 2.491461731576636446e-02 -2.460945628310773625e-01 -1.000000000000000056e-01
1.621999999999999886e+01 2.411038363785049723e-02 1.197440214450275819e+00 -1.000000000000000056e-01
1.623000000000000043e+01 2.839839971659108633e-02 9.021535146159429530e-01 -1.000000000000000056e-01
1.624000000000000199e+01 3.136063349910897524e-02 9.059162481956497537e-01 -1.000000000000000056e-01
1.625000000000000000e+01 3.564769415414010406e-02 2.928487461000215397e+00 1.000000000000000056e-01
1.626000000000000156e+01 4.321158581832558465e-02 1.785836875327721840e+00 1.000000000000000056e-01
1.626999999999999957e+01 4.591279560020580797e-02 6.170127765444452517e-02 -1.000000000000000056e-01
1.628000000000000114e+01 4.649842463558247901e-02 1.204235913473284070e+00 -1.000000000000000056e-01
1.628999999999999915e+01 5.186462469264443292e-02 2.928491882593025952e+00 1.000000000000000056e-01
1.630000000000000071e+01 5.783828545911532532e-02 -2.331803673954338241e-01 -1.000000000000000056e-01
1.630999999999999872e+01 5.846890046655985052e-02 3.222140259204930857e+00 1.000000000000000056e-01
1.632000000000000028e+01 6.570965800617664665e-02 -2.348052969420352243e-01 -1.000000000000000056e-01
1.633000000000000185e+01 6.622040447235606753e-02 3.219350059759357841e+00 1.000000000000000056e-01
1.633999999999999986e+01 7.334264665306532149e-02 -2.373271985756347791e-01 -1.000000000000000056e-01
1.635000000000000142e+01 7.279508487659003269e-02 1.197488482784392572e+00 -1.000000000000000056e-01
1.635999999999999943e+01 7.790578418283899964e-02 2.919941998153827267e+00 1.000000000000000056e-01
1.637000000000000099e+01 8.368490396211979154e-02 -2.412509809425321117e-01 -1.000000000000000056e-01
1.637999999999999901e+01 8.334526629596332448e-02 1.195073793086664393e+00 -1.000000000000000056e-01
1.639000000000000057e+01 8.739359268516548596e-02 8.996084200047927970e-01 -1.000000000000000056e-01
1.639999999999999858e+01 9.130356417997619045e-02 2.922170401381984028e+00 1.000000000000000056e-01
1.641000000000000014e+01 9.715123661888493134e-02 -2.379642427701763596e-01 -1.000000000000000056e-01
1.642000000000000171e+01 9.799011080592553991e-02 3.218094568301171687e+00 1.000000000000000056e-01
1.642999999999999972e+01 1.048242063055837558e-01 -2.361389293322149474e-01 -1.000000000000000056e-01
1.644000000000000128e+01 1.045931924450368006e-01 1.198967097216418809e+00 -1.000000000000000056e-01
1.644999999999999929e+01 1.085822432865088533e-01 9.036629463172050070e-01 -1.000000000000000056e-01
1.646000000000000085e+01 1.114417454007495395e-01 9.059692298328783089e-01 -1.000000000000000056e-01
1.646999999999999886e+01 1.144666568777629317e-01 9.089121021731236816e-01 -1.000000000000000056e-01
1.648000000000000043e+01 1.184705063120293222e-01 2.933465189595793721e+00 1.000000000000000056e-01
1.649000000000000199e+01 1.251379825068752172e-01 1.795527988773464090e+00 1.000000000000000056e-01
1.650000000000000000e+01 1.287677518555077616e-01 2.088453417298143933e+00 1.000000000000000056e-01
1.651000000000000156e+01 1.332990636009777907e-01 2.086918614202166733e+00 1.000000000000000056e-01
1.651999999999999957e+01 1.366402340439281382e-01 6.299912754975263429e-02 -1.000000000000000056e-01
1.653000000000000114e+01 1.382477480927200297e-01 3.215015105441669352e+00 1.000000000000000056e-01
1.653999999999999915e+01 1.442459061634602802e-01 -2.417976208271933047e-01 -1.000000000000000056e-01
1.655000000000000071e+01 1.440323258617656199e-01 1.185518397906667909e+00 -1.000000000000000056e-01
1.655999999999999872e+01 1.476282674430625386e-01 8.872694717565748901e-01 -1.000000000000000056e-01
1.657000000000000028e+01 1.501244095058948680e-01 8.868839929240767139e-01 -1.000000000000000056e-01
1.658000000000000185e+01 1.537295371863602322e-01 2.908370301804072078e+00 1.000000000000000056e-01
1.658999999999999986e+01 1.587571987032031784e-01 -2.508102327850181279e-01 -1.000000000000000056e-01
1.660000000000000142e+01 1.590034428054162008e-01 1.184544117733696833e+00 -1.000000000000000056e-01
1.660999999999999943e+01 1.626064127937590920e-01 8.917814954636945624e-01 -1.000000000000000056e-01
1.662000000000000099e+01 1.660738202055667689e-01 2.916986049312080276e+00 1.000000000000000056e-01
1.662999999999999901e+01 1.710165073243618550e-01 -2.415213379952060313e-01 -1.000000000000000056e-01
1.664000000000000057e+01 1.721703192106833202e-01 3.212839272615593877e+00 1.000000000000000056e-01
1.664999999999999858e+01 1.777922295865488056e-01 -2.389198156928933892e-01 -1.000000000000000056e-01
1.666000000000000014e+01 1.781050822245510701e-01 1.192646284631995179e+00 -1.000000000000000056e-01
1.667000000000000171e+01 1.815452843181558917e-01 8.983598060893904780e-01 -1.000000000000000056e-01
1.667999999999999972e+01 1.841026078881363437e-01 9.006407549092524389e-01 -1.000000000000000056e-01
1.669000000000000128e+01 1.868041088278551143e-01 9.035349682793792914e-01 -1.000000000000000056e-01
1.669999999999999929e+01 1.895083961702659636e-01 9.074982477435656891e-01 -1.000000000000000056e-01
1.671000000000000085e+01 1.922325994510183655e-01 9.128506252500422358e-01 -1.000000000000000056e-01
1.671999999999999886e+01 1.956583119536130511e-01 2.941610368744772774e+00 1.000000000000000056e-01
1.673000000000000043e+01 2.002034584989879629e-01 -2.168492719940312285e-01 -1.000000000000000056e-01
1.674000000000000199e+01 2.008813578131718458e-01 1.215519964018551224e+00 -1.000000000000000056e-01
1.675000000000000000e+01 2.042302140936131660e-01 9.248665207263586652e-01 -1.000000000000000056e-01
1.676000000000000156e+01 2.073961818973856508e-01 2.953323054213321530e+00 1.000000000000000056e-01
1.676999999999999957e+01 2.117269966935306780e-01 -2.070874206164264875e-01 -1.000000000000000056e-01
1.678000000000000114e+01 2.124303541017890928e-01 1.220050395630729589e+00 -1.000000000000000056e-01
1.678999999999999915e+01 2.162078006274432418e-01 2.951906542280952728e+00 1.000000000000000056e-01
1.680000000000000071e+01 2.208986384605728659e-01 1.817097672851992751e+00 1.000000000000000056e-01
1.680999999999999872e+01 2.238026134890450936e-01 2.103423074420235572e+00 1.000000000000000056e-01
1.682000000000000028e+01 2.265814140356918749e-01 7.539542991708532427e-02 -1.000000000000000056e-01
1.683000000000000185e+01 2.275597035601906182e-01 1.202100714883170163e+00 -1.000000000000000056e-01
1.683999999999999986e+01 2.309022683256291286e-01 2.928445508018158616e+00 1.000000000000000056e-01
1.685000000000000142e+01 2.349916021727959381e-01 1.791294466128957819e+00 1.000000000000000056e-01
1.685999999999999943e+01 2.370909237597094710e-01 5.370457218949842987e-02 -1.000000000000000056e-01
1.687000000000000099e+01 2.380902777226805156e-01 1.181476429837337694e+00 -1.000000000000000056e-01
1.687999999999999901e+01 2.406521819143412344e-01 8.862170613656741303e-01 -1.000000000000000056e-01
1.689000000000000057e+01 2.430653526107323381e-01 2.907899611249669114e+00 1.000000000000000056e-01
1.689999999999999858e+01 2.463797120672003849e-01 -2.502404342568618212e-01 -1.000000000000000056e-01
1.691000000000000014e+01 2.476326637709193867e-01 3.196705146072323256e+00 1.000000000000000056e-01
1.692000000000000171e+01 2.517254491207571165e-01 1.772384284389899589e+00 1.000000000000000056e-01
1.692999999999999972e+01 2.536163104242561972e-01 3.904207901840340417e-02 -1.000000000000000056e-01
1.694000000000000128e+01 2.551231616310928318e-01 3.190910705670273018e+00 1.000000000000000056e-01
1.694999999999999929e+01 2.588514334477107215e-01 1.764580158389335462e+00 1.000000000000000056e-01
1.696000000000000085e+01 2.610515226565519042e-01 2.051272890685840178e+00 1.000000000000000056e-01
1.696999999999999886e+01 2.631011276439128577e-01 2.562930017991569068e-02 -1.000000000000000056e-01
1.698000000000000043e+01 2.641106092125913851e-01 1.154826349992315482e+00 -1.000000000000000056e-01
1.699000000000000199e+01 2.664770296596190580e-01 2.878800041410716215e+00 1.000000000000000056e-01
1.700000000000000000e+01 2.692318148916436615e-01 1.740894011496454841e+00 1.000000000000000056e-01
1.701000000000000156e+01 2.713417072377961592e-01 2.030340982872500533e+00 1.000000000000000056e-01
1.701999999999999957e+01 2.731892215454799211e-01 7.909517551990794676e-03 -1.000000000000000056e-01
1.703000000000000114e+01 2.745394824105482634e-01 3.161341242664959417e+00 1.000000000000000056e-01
1.703999999999999915e+01 2.772437002430108710e-01 1.730152128674210310e+00 1.000000000000000056e-01
1.705000000000000071e+01 2.788182158539104782e-01 -1.531945288031462231e-03 -1.000000000000000056e-01
1.705999999999999872e+01 2.801570021494571572e-01 3.152809613029044833e+00 1.000000000000000056e-01
1.707000000000000028e+01 2.825438430430384784e-01 1.720917621524695518e+00 1.000000000000000056e-01
1.708000000000000185e+01 2.840638484809940301e-01 -8.733683204623452628e-03 -1.000000000000000056e-01
1.708999999999999986e+01 2.851871548305978110e-01 1.128892944375492258e+00 -1.000000000000000056e-01
1.710000000000000142e+01 2.868981190467973508e-01 2.854113306165714903e+00 1.000000000000000056e-01
1.710999999999999943e+01 2.886749145526922855e-01 1.715012473787413283e+00 1.000000000000000056e-01
1.712000000000000099e+01 2.902409914698124149e-01 -1.076569405597272919e-02 -1.000000000000000056e-01
1.712999999999999901e+01 2.914292203164188799e-01 1.130646006737891840e+00 -1.000000000000000056e-01
1.714000000000000057e+01 2.929318079563792421e-01 2.857553413967859779e+00 1.000000000000000056e-01
1.715000000000000213e+01 2.943730872630987982e-01 1.719020200522517694e+00 1.000000000000000056e-01
1.716000000000000014e+01 2.958781249245408529e-01 -5.604813752559079446e-03 -1.000000000000000056e-01
1.717000000000000171e+01 2.972019610795805233e-01 3.154879427826249305e+00 1.000000000000000056e-01
1.717999999999999972e+01 2.984459700852707398e-01 1.722682331864394456e+00 1.000000000000000056e-01
1.719000000000000128e+01 2.998088498988242812e-01 -3.061109297481987620e-03 -1.000000000000000056e-01
1.719999999999999929e+01 3.011206548487538326e-01 1.137911244292112878e+00 -1.000000000000000056e-01
1.721000000000000085e+01 3.022154244153657521e-01 8.440850303777054364e-01 -1.000000000000000056e-01
1.721999999999999886e+01 3.032232459233992206e-01 8.477749710360086288e-01 -1.000000000000000056e-01
1.723000000000000043e+01 3.043854004979854588e-01 8.521531579261153455e-01 -1.000000000000000056e-01
1.724000000000000199e+01 3.054161302299759906e-01 2.877045145573621010e+00 1.000000000000000056e-01
1.725000000000000000e+01 3.060443204961397767e-01 1.739690055366133636e+00 1.000000000000000056e-01
1.726000000000000156e+01 3.073045024925689650e-01 1.785252068985209578e-02 -1.000000000000000056e-01
1.726999999999999957e+01 3.087132775824308339e-01 1.161605952469378034e+00 -1.000000000000000056e-01
1.728000000000000114e+01 3.095226012475540411e-01 8.701587935739280022e-01 -1.000000000000000056e-01
1.728999999999999915e+01 3.102296896159774664e-01 2.894576235236931083e+00 1.000000000000000056e-01
1.730000000000000071e+01 3.104512410613623485e-01 1.756666830311370164e+00 1.000000000000000056e-01
1.730999999999999872e+01 3.114514626017492738e-01 2.051470043875229798e+00 1.000000000000000056e-01
1.732000000000000028e+01 3.120742851066375390e-01 2.052448594651468561e+00 1.000000000000000056e-01
1.733000000000000185e+01 3.126611472550585580e-01 2.051636334343843959e+00 1.000000000000000056e-01
1.733999999999999986e+01 3.132091865137612841e-01 2.048485265528325439e+00 1.000000000000000056e-01
1.735000000000000142e+01 3.139137000157472546e-01 2.460084773779535119e-02 -1.000000000000000056e-01
1.735999999999999943e+01 3.151712501000376587e-01 3.177781411277774470e+00 1.000000000000000056e-01
1.737000000000000099e+01 3.143732612768419532e-01 1.739763816149440423e+00 1.000000000000000056e-01
1.737999999999999901e+01 3.154105958970455093e-01 1.085494153782033677e-02 -1.000000000000000056e-01
1.739000000000000057e+01 3.166286092994943790e-01 3.167978562514841112e+00 1.000000000000000056e-01
1.740000000000000213e+01 3.155044884323034426e-01 1.730791102506373580e+00 1.000000000000000056e-01
1.741000000000000014e+01 3.164668239531834293e-01 5.034854904513172760e-03 -1.000000000000000056e-01
1.742000000000000171e+01 3.176515857404016985e-01 3.164916577114754936e+00 1.000000000000000056e-01
1.742999999999999972e+01 3.165289527158387517e-01 -2.916013697990767484e-01 -1.000000000000000056e-01
1.744000000000000128e+01 3.181822754588672364e-01 3.167226555568355639e+00 1.000000000000000056e-01
1.744999999999999929e+01 3.165778613094089589e-01 1.728445550963279675e+00 1.000000000000000056e-01
1.746000000000000085e+01 3.173906895834975872e-01 5.456602992591296983e-03 -1.000000000000000056e-01
1.746999999999999886e+01 3.185204483967205569e-01 3.168206859944594722e+00 1.000000000000000056e-01
1.748000000000000043e+01 3.168929065579815241e-01 -2.883333180081001368e-01 -1.000000000000000056e-01
1.749000000000000199e+01 3.186605220002129979e-01 3.172355724076926009e+00 1.000000000000000056e-01
1.750000000000000000e+01 3.164426059349110809e-01 1.732943909179901265e+00 1.000000000000000056e-01
1.751000000000000156e+01 3.171612738790957620e-01 1.088979987704606807e-02 -1.000000000000000056e-01
1.751999999999999957e+01 3.187333274430433350e-01 1.158335709436307370e+00 -1.000000000000000056e-01
1.753000000000000114e+01 3.178568926873336919e-01 2.881860223353651218e+00 1.000000000000000056e-01
1.753999999999999915e+01 3.157364252595126208e-01 1.738416714121347129e+00 1.000000000000000056e-01
1.755000000000000071e+01 3.163990537819049154e-01 1.818732712853467562e-02 -1.000000000000000056e-01
1.755999999999999872e+01 3.174121648192956835e-01 3.182848619466297269e+00 1.000000000000000056e-01
1.757000000000000028e+01 3.144124638226414303e-01 1.743814379604325726e+00 1.000000000000000056e-01
1.758000000000000185e+01 3.144039900731857018e-01 2.039381564119447710e+00 1.000000000000000056e-01
1.758999999999999986e+01 3.141558897032179498e-01 2.221711631670745743e-02 -1.000000000000000056e-01
1.760000000000000142e+01 3.158442385798403418e-01 1.168979752173674669e+00 -1.000000000000000056e-01
1.760999999999999943e+01 3.145109133306654425e-01 2.890009031748635770e+00 1.000000000000000056e-01
1.762000000000000099e+01 3.116804282232788492e-01 1.744423051614911957e+00 1.000000000000000056e-01
1.762999999999999901e+01 3.115477840064046489e-01 2.040924442185544141e+00 1.000000000000000056e-01
1.764000000000000057e+01 3.104184210659921006e-01 2.041456066722093787e+00 1.000000000000000056e-01
1.765000000000000213e+01 3.093104864168100820e-01 2.040862766003238793e+00 1.000000000000000056e-01
1.766000000000000014e+01 3.082050664868433709e-01 2.038698349926587827e+00 1.000000000000000056e-01
1.767000000000000171e+01 3.070919863544970818e-01 2.035382391374910949e+00 1.000000000000000056e-01
1.767999999999999972e+01 3.059710207230050272e-01 2.031493823751709726e+00 1.000000000000000056e-01
1.769000000000000128e+01 3.048353603747504526e-01 2.027363301522935313e+00 1.000000000000000056e-01
1.769999999999999929e+01 3.036863643539169932e-01 2.023199647423330472e+00 1.000000000000000056e-01
1.771000000000000085e+01 3.032368194849763277e-01 4.087032322313969776e-03 -1.000000000000000056e-01
1.771999999999999886e+01 3.044252975898510960e-01 3.168207194121016368e+00 1.000000000000000056e-01
1.773000000000000043e+01 3.000416568842292908e-01 1.719824767534987142e+00 1.000000000000000056e-01
1.774000000000000199e+01 2.997068542165850502e-01 2.015968034130513509e+00 1.000000000000000056e-01
1.775000000000000000e+01 2.982703059558801106e-01 2.015664858932501691e+00 1.000000000000000056e-01
1.776000000000000156e+01 2.968167484140264989e-01 2.015148498904317798e+00 1.000000000000000056e-01
1.776999999999999957e+01 2.953365119568387986e-01 2.014102409093650792e+00 1.000000000000000056e-01
1.778000000000000114e+01 2.946479427819506114e-01 -1.586533578322177904e-03 -1.000000000000000056e-01
1.778999999999999915e+01 2.957204849834837446e-01 3.167347302612159243e+00 1.000000000000000056e-01
1.780000000000000071e+01 2.907489436148890660e-01 1.717056837666277813e+00 1.000000000000000056e-01
1.780999999999999872e+01 2.909930729620360812e-01 1.836032609548359515e-03 -1.000000000000000056e-01
1.782000000000000028e+01 2.919033713791327478e-01 3.174449861670577633e+00 1.000000000000000056e-01
1.783000000000000185e+01 2.865848767378320616e-01 1.724913516439219752e+00 1.000000000000000056e-01
1.783999999999999986e+01 2.866611590130614395e-01 1.162412579524438674e-02 -1.000000000000000056e-01
1.785000000000000142e+01 2.884104267688467060e-01 1.173479207302013050e+00 -1.000000000000000056e-01
1.785999999999999943e+01 2.866615838578599473e-01 8.827754933838958262e-01 -1.000000000000000056e-01
1.787000000000000099e+01 2.847849910344922297e-01 2.907698779443062875e+00 1.000000000000000056e-01
1.787999999999999901e+01 2.808973902596682004e-01 -2.594998879297068517e-01 -1.000000000000000056e-01
1.789000000000000057e+01 2.826809115243014148e-01 3.219530923142781109e+00 1.000000000000000056e-01
1.790000000000000213e+01 2.763513664274608317e-01 1.767615762638200749e+00 1.000000000000000056e-01
1.791000000000000014e+01 2.759965994149615187e-01 5.455769922467873512e-02 -1.000000000000000056e-01
1.792000000000000171e+01 2.765659685770409659e-01 3.228075221418544860e+00 1.000000000000000056e-01
1.792999999999999972e+01 2.710157345539119800e-01 -2.380911940740838006e-01 -1.000000000000000056e-01
1.794000000000000128e+01 2.740004851886401749e-01 1.222611021950149812e+00 -1.000000000000000056e-01
1.794999999999999929e+01 2.706354555723454181e-01 2.941045777752334001e+00 1.000000000000000056e-01
1.796000000000000085e+01 2.659241595654461832e-01 -2.262067807256525898e-01 -1.000000000000000056e-01
1.796999999999999886e+01 2.689713171938984959e-01 1.234581680545679960e+00 -1.000000000000000056e-01
1.798000000000000043e+01 2.652476391146495471e-01 2.953514215855065128e+00 1.000000000000000056e-01
1.799000000000000199e+01 2.592043637353896313e-01 1.801919940483255100e+00 1.000000000000000056e-01
1.800000000000000000e+01 2.574422121443009637e-01 2.101035794390138101e+00 1.000000000000000056e-01
1.801000000000000156e+01 2.554289784237687155e-01 8.637295441606125668e-02 -1.000000000000000056e-01
1.801999999999999957e+01 2.559335458628863580e-01 3.254456988882172830e+00 1.000000000000000056e-01
1.803000000000000114e+01 2.484871842952964260e-01 1.802260356554876708e+00 1.000000000000000056e-01
1.803999999999999915e+01 2.467943787550107015e-01 2.098023280140476121e+00 1.000000000000000056e-01
1.805000000000000071e+01 2.448621954919009136e-01 8.144299898493102818e-02 -1.000000000000000056e-01
1.805999999999999872e+01 2.454858912239732960e-01 3.247626000501458332e+00 1.000000000000000056e-01
1.807000000000000028e+01 2.391102584666917608e-01 -2.205693002382771162e-01 -1.000000000000000056e-01
1.808000000000000185e+01 2.423328598438183601e-01 1.235800248900118303e+00 -1.000000000000000056e-01
1.808999999999999986e+01 2.397330705577494780e-01 9.380219267999179156e-01 -1.000000000000000056e-01
1.810000000000000142e+01 2.369207554266687110e-01 2.957027395975548867e+00 1.000000000000000056e-01
1.810999999999999943e+01 2.302828366050452269e-01 1.803666278131657696e+00 1.000000000000000056e-01
1.812000000000000099e+01 2.281776720738714348e-01 2.102805400170022487e+00 1.000000000000000056e-01
1.812999999999999901e+01 2.258399628295910400e-01 8.862914270068064648e-02 -1.000000000000000056e-01
1.814000000000000057e+01 2.262021213864499336e-01 3.257090299392500388e+00 1.000000000000000056e-01
1.815000000000000213e+01 2.192846299953023770e-01 -2.107477249493646121e-01 -1.000000000000000056e-01
1.816000000000000014e+01 2.224560530636356670e-01 1.245342114004314826e+00 -1.000000000000000056e-01
1.817000000000000171e+01 2.194736706209340082e-01 9.473092931634591318e-01 -1.000000000000000056e-01
1.817999999999999972e+01 2.176786155191201000e-01 9.523604228508808500e-01 -1.000000000000000056e-01
1.819000000000000128e+01 2.145818824466124985e-01 2.971611806261925448e+00 1.000000000000000056e-01
1.819999999999999929e+01 2.085456080303620119e-01 -1.960377630054110365e-01 -1.000000000000000056e-01
1.821000000000000085e+01 2.100417397171956135e-01 3.275772695807065649e+00 1.000000000000000056e-01
1.821999999999999886e+01 2.011807318281352841e-01 1.824338891728114698e+00 1.000000000000000056e-01
1.823000000000000043e+01 1.999545172107715096e-01 1.074454291822890956e-01 -1.000000000000000056e-01
1.824000000000000199e+01 1.999658597868516074e-01 3.273792986396314220e+00 1.000000000000000056e-01
1.825000000000000000e+01 1.911986955375418462e-01 1.822205250051487369e+00 1.000000000000000056e-01
1.826000000000000156e+01 1.887854648933950386e-01 2.117011334223503738e+00 1.000000000000000056e-01
1.826999999999999957e+01 1.848574840735848213e-01 2.112816524010886265e+00 1.000000000000000056e-01
1.828000000000000114e+01 1.823490939946389444e-01 9.382182106368330832e-02 -1.000000000000000056e-01
1.828999999999999915e+01 1.826185299488974345e-01 3.256885056570401726e+00 1.000000000000000056e-01
1.830000000000000071e+01 1.753262211237498758e-01 -2.125849876142115735e-01 -1.000000000000000056e-01
1.830999999999999872e+01 1.770724594478763347e-01 3.253170499587015208e+00 1.000000000000000056e-01
1.832000000000000028e+01 1.683709772449240305e-01 1.798579094465498462e+00 1.000000000000000056e-01
1.833000000000000185e+01 1.659957455786064684e-01 2.093799529678976423e+00 1.000000000000000056e-01
1.833999999999999986e+01 1.634000127417884751e-01 7.701100430856648582e-02 -1.000000000000000056e-01
1.835000000000000142e+01 1.649254851504413921e-01 1.231220268441171273e+00 -1.000000000000000056e-01
1.835999999999999943e+01 1.616940203991692748e-01 9.330225567791504693e-01 -1.000000000000000056e-01
1.837000000000000099e+01 1.583022228641862983e-01 2.950753208805854122e+00 1.000000000000000056e-01
1.837999999999999901e+01 1.508444465859662686e-01 1.795646785253352862e+00 1.000000000000000056e-01
1.839000000000000057e+01 1.481514714808628841e-01 2.093739633214570350e+00 1.000000000000000056e-01
1.840000000000000213e+01 1.452481503447008993e-01 7.893004678815825070e-02 -1.000000000000000056e-01
1.841000000000000014e+01 1.465249583124217103e-01 1.235111993265084029e+00 -1.000000000000000056e-01
1.842000000000000171e+01 1.430387805999116246e-01 9.374225239808483545e-01 -1.000000000000000056e-01
1.842999999999999972e+01 1.408243982717135856e-01 9.421595527531474445e-01 -1.000000000000000056e-01
1.844000000000000128e+01 1.385933560162277978e-01 9.470800439038234986e-01 -1.000000000000000056e-01
1.844999999999999929e+01 1.348068350056154663e-01 2.966408980721698452e+00 1.000000000000000056e-01
1.846000000000000085e+01 1.280802946439663914e-01 -2.019571713579017269e-01 -1.000000000000000056e-01
1.846999999999999886e+01 1.304388125263836740e-01 1.256953330079703113e+00 -1.000000000000000056e-01
1.848000000000000043e+01 1.249892339601017532e-01 2.974965761317067692e+00 1.000000000000000056e-01
1.849000000000000199e+01 1.168431700100376475e-01 1.823156837154196852e+00 1.000000000000000056e-01
1.850000000000000000e+01 1.150099830865037587e-01 1.052580638374643884e-01 -1.000000000000000056e-01
1.851000000000000156e+01 1.144086491431871855e-01 3.271184897556960181e+00 1.000000000000000056e-01
1.851999999999999957e+01 1.062752957842143103e-01 -1.953138414213610174e-01 -1.000000000000000056e-01
1.853000000000000114e+01 1.073152750008498774e-01 3.269364888086413679e+00 1.000000000000000056e-01
1.853999999999999915e+01 9.790975951710698122e-02 1.817455579199566129e+00 1.000000000000000056e-01
1.855000000000000071e+01 9.487741447602864031e-02 2.110807324964514731e+00 1.000000000000000056e-01
1.855999999999999872e+01 9.037540843762108256e-02 2.106174770952019770e+00 1.000000000000000056e-01
1.857000000000000028e+01 8.599216604222650884e-02 2.100531182352643800e+00 1.000000000000000056e-01
1.858000000000000185e+01 8.301548236748224063e-02 7.963551939902153987e-02 -1.000000000000000056e-01
1.858999999999999986e+01 8.410809658439441505e-02 1.227904719865703820e+00 -1.000000000000000056e-01
1.860000000000000142e+01 7.922028270109132686e-02 2.940804920309250559e+00 1.000000000000000056e-01
1.860999999999999943e+01 7.280843140604996433e-02 -2.290269242388586202e-01 -1.000000000000000056e-01
1.862000000000000099e+01 7.526027945761953886e-02 1.224949220525826776e+00 -1.000000000000000056e-01
1.862999999999999901e+01 7.144294157451579197e-02 9.273583029589620441e-01 -1.000000000000000056e-01
1.864000000000000057e+01 6.752190566960869500e-02 2.946551909476704534e+00 1.000000000000000056e-01
1.865000000000000213e+01 5.963628634562046643e-02 1.793636361132217028e+00 1.000000000000000056e-01
1.866000000000000014e+01 5.640400930952253061e-02 2.091111438376546783e+00 1.000000000000000056e-01
1.867000000000000171e+01 5.173736201846872163e-02 2.089324551485861825e+00 1.000000000000000056e-01
1.867999999999999972e+01 4.848983536878392897e-02 7.202856759083772764e-02 -1.000000000000000056e-01
1.869000000000000128e+01 4.793670558434454804e-02 3.236303396613449124e+00 1.000000000000000056e-01
1.869999999999999929e+01 3.895252669765518483e-02 1.782509989318405541e+00 1.000000000000000056e-01
1.871000000000000085e+01 3.599020134828172235e-02 2.075922686952856200e+00 1.000000000000000056e-01
1.871999999999999886e+01 3.285764302624254174e-02 5.745418702738770006e-02 -1.000000000000000056e-01
1.873000000000000043e+01 3.236212032526730037e-02 3.222065793723718485e+00 1.000000000000000056e-01
1.874000000000000199e+01 2.479982717737328271e-02 -2.470314624141485838e-01 -1.000000000000000056e-01
1.875000000000000000e+01 2.686051925056974835e-02 1.207919637426572601e+00 -1.000000000000000056e-01
1.876000000000000156e+01 2.318388620361437266e-02 9.095723258859736982e-01 -1.000000000000000056e-01
1.876999999999999957e+01 1.927736671235314586e-02 2.928241508972774021e+00 1.000000000000000056e-01
1.878000000000000114e+01 1.163918262397740412e-02 1.774088245920907303e+00 1.000000000000000056e-01
1.878999999999999915e+01 9.600166911565078884e-03 5.841127443301214611e-02 -1.000000000000000056e-01
1.880000000000000071e+01 8.687085033327152442e-03 3.227732070287291588e+00 1.000000000000000056e-01
1.880999999999999872e+01 9.447937575866410765e-04 -2.391319347643929560e-01 -1.000000000000000056e-01
1.882000000000000028e+01 1.438749053533657776e-03 3.229952289142313582e+00 1.000000000000000056e-01
1.883000000000000185e+01 -7.440198587555606029e-03 1.776301831826126998e+00 1.000000000000000056e-01
1.883999999999999986e+01 -1.065121133006664313e-02 2.071854422680836638e+00 1.000000000000000056e-01
1.885000000000000142e+01 -1.515560864423761561e-02 2.068684191749289081e+00 1.000000000000000056e-01
1.885999999999999943e+01 -1.838861155334865077e-02 5.089985380917790014e-02 -1.000000000000000056e-01
1.887000000000000099e+01 -1.915880378383841981e-02 3.215862542857485629e+00 1.000000000000000056e-01
1.887999999999999901e+01 -2.648456177707928308e-02 -2.539327709697257740e-01 -1.000000000000000056e-01
1.889000000000000057e+01 -2.602832246798728044e-02 3.213771419449201527e+00 1.000000000000000056e-01
1.890000000000000213e+01 -3.446747941674970644e-02 1.758470190761953544e+00 1.000000000000000056e-01
1.891000000000000014e+01 -3.757145812221053538e-02 2.054390940831429813e+00 1.000000000000000056e-01
1.892000000000000171e+01 -4.078906302522419813e-02 3.824134599581140159e-02 -1.000000000000000056e-01
1.892999999999999972e+01 -4.164293640393204599e-02 3.205892909807429358e+00 1.000000000000000056e-01
1.894000000000000128e+01 -4.989330197802090833e-02 1.750300128435121616e+00 1.000000000000000056e-01
1.894999999999999929e+01 -5.183130104142998074e-02 3.315836519955884382e-02 -1.000000000000000056e-01
1.896000000000000085e+01 -5.274411806580938528e-02 3.201793207379520556e+00 1.000000000000000056e-01
1.896999999999999886e+01 -6.087748530170718902e-02 1.746274180583198055e+00 1.000000000000000056e-01
1.898000000000000043e+01 -6.393162074861639954e-02 2.043121548549873268e+00 1.000000000000000056e-01
1.899000000000000199e+01 -6.710331469144262262e-02 2.761256654704848795e-02 -1.000000000000000056e-01
1.900000000000000000e+01 -6.698552263804584406e-02 1.185620561551230967e+00 -1.000000000000000056e-01
1.901000000000000156e+01 -7.054010332515818493e-02 8.887439220490996883e-01 -1.000000000000000056e-01
1.901999999999999957e+01 -7.431610955247144878e-02 2.907833893264219149e+00 1.000000000000000056e-01
1.903000000000000114e+01 -8.118119592457231914e-02 1.751113126011075938e+00 1.000000000000000056e-01
1.903999999999999915e+01 -8.340037191694034402e-02 3.772983292079903905e-02 -1.000000000000000056e-01
1.905000000000000071e+01 -8.464476557114244959e-02 3.210361062769439666e+00 1.000000000000000056e-01
1.905999999999999872e+01 -9.255844636065103936e-02 1.755149936061597193e+00 1.000000000000000056e-01
1.907000000000000028e+01 -9.476517251558572164e-02 4.037228370158278679e-02 -1.000000000000000056e-01
1.908000000000000185e+01 -9.501124082831642614e-02 1.198839941704039846e+00 -1.000000000000000056e-01
1.908999999999999986e+01 -9.966955866428864330e-02 2.914421120329782511e+00 1.000000000000000056e-01
1.910000000000000142e+01 -1.055236549085844383e-01 -2.548718829451505075e-01 -1.000000000000000056e-01
1.910999999999999943e+01 -1.047496479759067872e-01 1.206691030670731690e+00 -1.000000000000000056e-01
1.912000000000000099e+01 -1.095543190933687266e-01 2.922695367020691659e+00 1.000000000000000056e-01
1.912999999999999901e+01 -1.162701549686196711e-01 1.768001805680644800e+00 1.000000000000000056e-01
1.914000000000000057e+01 -1.186265601206576148e-01 5.368061560133340071e-02 -1.000000000000000056e-01
1.915000000000000213e+01 -1.200953266503941158e-01 3.223627821262059712e+00 1.000000000000000056e-01
1.916000000000000014e+01 -1.266933781574929585e-01 -2.450075158324794555e-01 -1.000000000000000056e-01
1.917000000000000171e+01 -1.262600794157442974e-01 1.213487203255285696e+00 -1.000000000000000056e-01
1.917999999999999972e+01 -1.308087571404716043e-01 2.928123458748420838e+00 1.000000000000000056e-01
1.919000000000000128e+01 -1.364832351604525207e-01 -2.407326285611539884e-01 -1.000000000000000056e-01
1.919999999999999929e+01 -1.370011511175662222e-01 3.230453377402412674e+00 1.000000000000000056e-01
1.921000000000000085e+01 -1.434418846710370787e-01 -2.381926760488047856e-01 -1.000000000000000056e-01
1.921999999999999886e+01 -1.440823087778517753e-01 3.231904094937649408e+00 1.000000000000000056e-01
1.923000000000000043e+01 -1.503832713063881221e-01 -2.366595525026327917e-01 -1.000000000000000056e-01
1.924000000000000199e+01 -1.510611845513450957e-01 3.232089204489457579e+00 1.000000000000000056e-01
1.925000000000000000e+01 -1.580116680666513174e-01 1.778126395612489752e+00 1.000000000000000056e-01
1.926000000000000156e+01 -1.611828523367860311e-01 2.073946178375221994e+00 1.000000000000000056e-01
1.926999999999999957e+01 -1.651349183654811648e-01 2.070445132144167477e+00 1.000000000000000056e-01
1.928000000000000114e+01 -1.689988659973433727e-01 2.065881500274818539e+00 1.000000000000000056e-01
1.928999999999999915e+01 -1.720435567608989413e-01 4.705335619871961472e-02 -1.000000000000000056e-01
1.930000000000000071e+01 -1.727799907309933714e-01 1.199374141054666332e+00 -1.000000000000000056e-01
1.930999999999999872e+01 -1.759768156103306280e-01 8.992597805411945977e-01 -1.000000000000000056e-01
1.932000000000000028e+01 -1.794322605369693957e-01 2.915709491429081091e+00 1.000000000000000056e-01
1.933000000000000185e+01 -1.848904032312219947e-01 1.759847380179781373e+00 1.000000000000000056e-01
1.933999999999999986e+01 -1.872186987373390121e-01 4.476911746938333492e-02 -1.000000000000000056e-01
1.935000000000000142e+01 -1.881677582476106725e-01 1.202432148859855277e+00 -1.000000000000000056e-01
1.935999999999999943e+01 -1.920923210263223990e-01 2.918901156242774686e+00 1.000000000000000056e-01
1.937000000000000099e+01 -1.975251397504153572e-01 1.764607963441917393e+00 1.000000000000000056e-01
1.937999999999999901e+01 -2.004491048996775715e-01 2.062355516708943348e+00 1.000000000000000056e-01
1.939000000000000057e+01 -2.034323402860245822e-01 4.682495317091345255e-02 -1.000000000000000056e-01
1.940000000000000213e+01 -2.050724981666594005e-01 3.214748673157185710e+00 1.000000000000000056e-01
1.941000000000000014e+01 -2.106848294268089394e-01 1.759353323298181282e+00 1.000000000000000056e-01
1.942000000000000171e+01 -2.135228794579788481e-01 2.054888807477500912e+00 1.000000000000000056e-01
1.942999999999999972e+01 -2.169131845486980126e-01 2.051069767909091901e+00 1.000000000000000056e-01
1.944000000000000128e+01 -2.196906430988612435e-01 3.387385313386891833e-02 -1.000000000000000056e-01
1.944999999999999929e+01 -2.213006174798533565e-01 3.200793503676975238e+00 1.000000000000000056e-01
1.946000000000000085e+01 -2.263935683437045820e-01 1.743195444049234988e+00 1.000000000000000056e-01
1.946999999999999886e+01 -2.290884801976684482e-01 2.038863352390577255e+00 1.000000000000000056e-01
1.948000000000000043e+01 -2.322582298001354684e-01 2.035331417883952110e+00 1.000000000000000056e-01
1.949000000000000199e+01 -2.349017857883660965e-01 1.920190585205906741e-02 -1.000000000000000056e-01
1.950000000000000000e+01 -2.365259556695127885e-01 3.188546754087918877e+00 1.000000000000000056e-01
1.951000000000000156e+01 -2.411504709354893861e-01 1.729853966178491298e+00 1.000000000000000056e-01
1.951999999999999957e+01 -2.433236130212681758e-01 1.487138822883678560e-02 -1.000000000000000056e-01
1.953000000000000114e+01 -2.445606797383483855e-01 1.175993290325789919e+00 -1.000000000000000056e-01
1.953999999999999915e+01 -2.475601330912310105e-01 2.892236421609406527e+00 1.000000000000000056e-01
1.955000000000000071e+01 -2.512988346329798062e-01 -2.775440535315781831e-01 -1.000000000000000056e-01
1.955999999999999872e+01 -2.525458252116613012e-01 3.200929001698549214e+00 1.000000000000000056e-01
1.957000000000000028e+01 -2.564220144189263695e-01 -2.702829602319312130e-01 -1.000000000000000056e-01
1.958000000000000185e+01 -2.578162066309089284e-01 3.207784348000870089e+00 1.000000000000000056e-01
1.958999999999999986e+01 -2.615523280684218799e-01 -2.637621918671138044e-01 -1.000000000000000056e-01
1.960000000000000142e+01 -2.627110914698868593e-01 1.201937636213917138e+00 -1.000000000000000056e-01
1.960999999999999943e+01 -2.654981192004947088e-01 2.917804221248196939e+00 1.000000000000000056e-01
1.962000000000000099e+01 -2.691695330151016585e-01 1.760779798025496001e+00 1.000000000000000056e-01
1.962999999999999901e+01 -2.712987900746833825e-01 4.788398262126716820e-02 -1.000000000000000056e-01
1.964000000000000057e+01 -2.731274492137936716e-01 3.220300236480770462e+00 1.000000000000000056e-01
1.965000000000000213e+01 -2.764360083586459016e-01 -2.498949705662661391e-01 -1.000000000000000056e-01
1.966000000000000014e+01 -2.780558812055640150e-01 3.223990251477641511e+00 1.000000000000000056e-01
1.967000000000000171e+01 -2.813471900468894615e-01 1.765846109259795682e+00 1.000000000000000056e-01
1.967999999999999972e+01 -2.834972478176064903e-01 5.072441501094909766e-02 -1.000000000000000056e-01
1.969000000000000128e+01 -2.851872243010990515e-01 1.209310072697169947e+00 -1.000000000000000056e-01
1.969999999999999929e+01 -2.873923312930201646e-01 9.116844600368879670e-01 -1.000000000000000056e-01
1.971000000000000085e+01 -2.896898493093144622e-01 9.177545221066475412e-01 -1.000000000000000056e-01
1.971999999999999886e+01 -2.919064093731545406e-01 2.936087944164771368e+00 1.000000000000000056e-01
1.973000000000000043e+01 -2.945898031507505621e-01 1.779917269612850017e+00 1.000000000000000056e-01
1.974000000000000199e+01 -2.966608331953000111e-01 6.634966156746771593e-02 -1.000000000000000056e-01
1.975000000000000000e+01 -2.985327308068686514e-01 3.236927844289695599e+00 1.000000000000000056e-01
1.976000000000000156e+01 -3.009496192430725636e-01 -2.320041618257856486e-01 -1.000000000000000056e-01
1.976999999999999957e+01 -3.027511023291430403e-01 1.226710617017854332e+00 -1.000000000000000056e-01
1.978000000000000114e+01 -3.048009072586306267e-01 2.940830948261851763e+00 1.000000000000000056e-01
1.978999999999999915e+01 -3.069959016323575152e-01 1.785751147783360082e+00 1.000000000000000056e-01
1.980000000000000071e+01 -3.089663093958107676e-01 2.083126417475730463e+00 1.000000000000000056e-01
1.980999999999999872e+01 -3.108628498496186499e-01 2.080152025911695457e+00 1.000000000000000056e-01
1.982000000000000028e+01 -3.127275781480415295e-01 2.076266954390649122e+00 1.000000000000000056e-01
1.983000000000000185e+01 -3.146252377935508937e-01 5.806791685721721108e-02 -1.000000000000000056e-01
1.983999999999999986e+01 -3.166514887565090031e-01 1.211359728889493503e+00 -1.000000000000000056e-01
1.985000000000000142e+01 -3.182769827512837990e-01 9.110216140446835142e-01 -1.000000000000000056e-01
1.985999999999999943e+01 -3.202084884288776134e-01 2.927204407852148638e+00 1.000000000000000056e-01
1.987000000000000099e+01 -3.215771228580693308e-01 1.770777353073766269e+00 1.000000000000000056e-01
1.987999999999999901e+01 -3.234506387337258149e-01 5.598935054594480348e-02 -1.000000000000000056e-01
1.989000000000000057e+01 -3.254503731228426400e-01 1.213925851627666530e+00 -1.000000000000000056e-01
1.990000000000000213e+01 -3.267349632781955671e-01 2.929767510207793801e+00 1.000000000000000056e-01
1.991000000000000014e+01 -3.279782400450958479e-01 1.774921629465962658e+00 1.000000000000000056e-01
1.992000000000000171e+01 -3.295350872123293251e-01 2.072699238793440202e+00 1.000000000000000056e-01
1.992999999999999972e+01 -3.308352137450839003e-01 2.070154043766469609e+00 1.000000000000000056e-01
1.994000000000000128e+01 -3.323579378635142523e-01 5.384503483457220990e-02 -1.000000000000000056e-01
1.994999999999999929e+01 -3.345357055680231451e-01 1.209129949313201946e+00 -1.000000000000000056e-01
1.996000000000000085e+01 -3.357249557290242215e-01 9.097600396995692007e-01 -1.000000000000000056e-01
1.996999999999999886e+01 -3.374915693390579396e-01 9.140909744833883854e-01 -1.000000000000000056e-01
1.998000000000000043e+01 -3.389229287429122439e-01 9.191055465899697907e-01 -1.000000000000000056e-01
1.999000000000000199e+01 -3.403989286546950099e-01 9.250508400611192616e-01 -1.000000000000000056e-01
2.000000000000000000e+01 -3.418034647298181516e-01 9.318841249505858126e-01 -1.000000000000000056e-01
2.001000000000000156e+01 -3.428513741505151424e-01 2.952686992285499468e+00 1.000000000000000056e-01
2.001999999999999957e+01 -3.433311087668403649e-01 -2.160146343611723252e-01 -1.000000000000000056e-01
2.003000000000000114e+01 -3.453723713215148816e-01 3.257643632423492086e+00 1.000000000000000056e-01
2.003999999999999915e+01 -3.448257025244697016e-01 1.804204663619511928e+00 1.000000000000000056e-01
2.005000000000000071e+01 -3.459830038473074576e-01 2.100752213771893029e+00 1.000000000000000056e-01
2.005999999999999872e+01 -3.469671720516895319e-01 8.272910133772132246e-02 -1.000000000000000056e-01
2.007000000000000028e+01 -3.491623846202620007e-01 1.233647373403534919e+00 -1.000000000000000056e-01
2.008000000000000185e+01 -3.498352118698395685e-01 9.337481313859390397e-01 -1.000000000000000056e-01
2.008999999999999986e+01 -3.507750314934815483e-01 2.950280990328073116e+00 1.000000000000000056e-01
2.010000000000000142e+01 -3.501694401290284531e-01 1.796691014412157505e+00 1.000000000000000056e-01
2.010999999999999943e+01 -3.510624675727669342e-01 2.092325935626476952e+00 1.000000000000000056e-01
2.012000000000000099e+01 -3.513491565417703466e-01 2.089161888886188478e+00 1.000000000000000056e-01
2.012999999999999901e+01 -3.516656056076928882e-01 2.084868292954588309e+00 1.000000000000000056e-01
2.014000000000000057e+01 -3.525206991350738894e-01 6.490630971360453194e-02 -1.000000000000000056e-01
2.015000000000000213e+01 -3.543396682231266248e-01 3.226947829683257662e+00 1.000000000000000056e-01
2.016000000000000014e+01 -3.533066156227294141e-01 -2.430298252784270918e-01 -1.000000000000000056e-01
2.017000000000000171e+01 -3.564110288049955333e-01 1.209186999122147554e+00 -1.000000000000000056e-01
2.017999999999999972e+01 -3.565674504335365480e-01 9.097154688661435173e-01 -1.000000000000000056e-01
2.019000000000000128e+01 -3.577335331969738741e-01 9.139425032176258235e-01 -1.000000000000000056e-01
2.019999999999999929e+01 -3.585349966987839143e-01 9.188261399169177501e-01 -1.000000000000000056e-01
2.021000000000000085e+01 -3.587203755680047346e-01 2.938470404451295259e+00 1.000000000000000056e-01
2.021999999999999886e+01 -3.577150865628017651e-01 -2.289792741512627905e-01 -1.000000000000000056e-01
2.023000000000000043e+01 -3.604705764406683222e-01 1.228649099819089985e+00 -1.000000000000000056e-01
2.024000000000000199e+01 -3.603255763893625230e-01 9.326798389170827264e-01 -1.000000000000000056e-01
2.025000000000000000e+01 -3.610132740032955256e-01 9.391730885508011717e-01 -1.000000000000000056e-01
2.026000000000000156e+01 -3.608469727041007102e-01 2.960090588052496141e+00 1.000000000000000056e-01
2.026999999999999957e+01 -3.594352834333679469e-01 -2.076772060076521598e-01 -1.000000000000000056e-01
2.028000000000000114e+01 -3.621559332453757607e-01 1.245662925125250675e+00 -1.000000000000000056e-01
2.028999999999999915e+01 -3.610111234289561377e-01 2.965416361478566909e+00 1.000000000000000056e-01
2.030000000000000071e+01 -3.594847489173976784e-01 -2.007428711447243330e-01 -1.000000000000000056e-01
2.030999999999999872e+01 -3.622455596892729113e-01 1.248922615128664759e+00 -1.000000000000000056e-01
2.032000000000000028e+01 -3.609503465870655403e-01 2.967998551523086892e+00 1.000000000000000056e-01
2.033000000000000185e+01 -3.584349730175946380e-01 1.818960042762388207e+00 1.000000000000000056e-01
2.033999999999999986e+01 -3.591274790560248231e-01 9.566785923777193501e-02 -1.000000000000000056e-01
2.035000000000000142e+01 -3.603486866468649241e-01 3.257039427924263819e+00 1.000000000000000056e-01
2.035999999999999943e+01 -3.575399159521135961e-01 -2.066303195930349335e-01 -1.000000000000000056e-01
2.037000000000000099e+01 -3.605800978910365662e-01 1.236524579235286136e+00 -1.000000000000000056e-01
2.037999999999999901e+01 -3.590727228393739701e-01 2.953659292907706568e+00 1.000000000000000056e-01
2.039000000000000057e+01 -3.570312724166506690e-01 -2.127591378897397689e-01 -1.000000000000000056e-01
2.040000000000000213e+01 -3.591491058596123498e-01 3.247372693163787183e+00 1.000000000000000056e-01
2.041000000000000014e+01 -3.549725080991562587e-01 1.802058578829106361e+00 1.000000000000000056e-01
2.042000000000000171e+01 -3.547460056090357972e-01 2.094280319818503600e+00 1.000000000000000056e-01
2.042999999999999972e+01 -3.543308539779587152e-01 7.322176624584673943e-02 -1.000000000000000056e-01
2.044000000000000128e+01 -3.556717874500340271e-01 3.231931248297462478e+00 1.000000000000000056e-01
2.044999999999999929e+01 -3.522772789652532932e-01 -2.325417051692676984e-01 -1.000000000000000056e-01
2.046000000000000085e+01 -3.556487469108889909e-01 1.209916923394368959e+00 -1.000000000000000056e-01
2.046999999999999886e+01 -3.536037134566074602e-01 2.926542664078860323e+00 1.000000000000000056e-01
2.048000000000000043e+01 -3.501407227516276088e-01 1.777451699526898521e+00 1.000000000000000056e-01
2.049000000000000199e+01 -3.495999196439235068e-01 2.071419533579716976e+00 1.000000000000000056e-01
2.050000000000000000e+01 -3.489685623739128273e-01 5.234809279355852329e-02 -1.000000000000000056e-01
2.051000000000000156e+01 -3.512782114895285912e-01 1.198926496765800431e+00 -1.000000000000000056e-01
2.051999999999999957e+01 -3.500807876965087995e-01 9.003617639765080227e-01 -1.000000000000000056e-01
2.053000000000000114e+01 -3.491767482664568378e-01 2.918128605210461135e+00 1.000000000000000056e-01
2.053999999999999915e+01 -3.460374461657380607e-01 -2.479908710682289241e-01 -1.000000000000000056e-01
2.055000000000000071e+01 -3.482012478631429375e-01 3.215994675860493590e+00 1.000000000000000056e-01
2.055999999999999872e+01 -3.436995725568133819e-01 -2.460014295903860393e-01 -1.000000000000000056e-01
2.057000000000000028e+01 -3.469776720436336115e-01 1.202196617769008435e+00 -1.000000000000000056e-01
2.058000000000000185e+01 -3.443216351467893732e-01 2.921715356912285788e+00 1.000000000000000056e-01
2.058999999999999986e+01 -3.409029558825051875e-01 -2.428246137123148685e-01 -1.000000000000000056e-01
2.060000000000000142e+01 -3.429863794920909315e-01 3.220565590054205618e+00 1.000000000000000056e-01
2.060999999999999943e+01 -3.380543169273118598e-01 -2.412671934541062158e-01 -1.000000000000000056e-01
2.062000000000000099e+01 -3.402340276336836000e-01 3.220691086843585182e+00 1.000000000000000056e-01
2.062999999999999901e+01 -3.351779946557753576e-01 -2.411925404651767968e-01 -1.000000000000000056e-01
2.064000000000000057e+01 -3.373776599483123695e-01 3.219352735507360563e+00 1.000000000000000056e-01
2.065000000000000213e+01 -3.309816478828133679e-01 1.774795109872885135e+00 1.000000000000000056e-01
2.066000000000000014e+01 -3.298765194001134771e-01 2.067778919781469327e+00 1.000000000000000056e-01
2.067000000000000171e+01 -3.273871532329976075e-01 2.064273539465914631e+00 1.000000000000000056e-01
2.067999999999999972e+01 -3.249917896905833437e-01 2.059448278379160779e+00 1.000000000000000056e-01
2.069000000000000128e+01 -3.238893432411665274e-01 3.753883463584229557e-02 -1.000000000000000056e-01
2.069999999999999929e+01 -3.263764881369571325e-01 1.181561484133763607e+00 -1.000000000000000056e-01
2.071000000000000085e+01 -3.232947730726227209e-01 2.897045707988262997e+00 1.000000000000000056e-01
2.071999999999999886e+01 -3.194260086870012727e-01 -2.702974880938918689e-01 -1.000000000000000056e-01
2.073000000000000043e+01 -3.230362789923194589e-01 1.178571089270587624e+00 -1.000000000000000056e-01
2.074000000000000199e+01 -3.207534637557130086e-01 8.821250860654612502e-01 -1.000000000000000056e-01
2.075000000000000000e+01 -3.188894043584829530e-01 2.903053257645129115e+00 1.000000000000000056e-01
2.076000000000000156e+01 -3.129385542644347873e-01 1.754633255137557857e+00 1.000000000000000056e-01
2.076999999999999957e+01 -3.125900294891427178e-01 3.591840709029269635e-02 -1.000000000000000056e-01
2.078000000000000114e+01 -3.132322431276403085e-01 3.201834813346975839e+00 1.000000000000000056e-01
2.078999999999999915e+01 -3.070952479400292923e-01 -2.597606228334612966e-01 -1.000000000000000056e-01
2.080000000000000071e+01 -3.106106556705868771e-01 1.188652553277671275e+00 -1.000000000000000056e-01
2.080999999999999872e+01 -3.067735000011203028e-01 2.907429631615170873e+00 1.000000000000000056e-01
2.082000000000000028e+01 -3.019354081445373983e-01 -2.574634096803505301e-01 -1.000000000000000056e-01
2.083000000000000185e+01 -3.052497368881108009e-01 1.191412893805235962e+00 -1.000000000000000056e-01
2.083999999999999986e+01 -3.025076619043240433e-01 8.954960772685834902e-01 -1.000000000000000056e-01
2.085000000000000142e+01 -2.999396502446189383e-01 2.916942549014147179e+00 1.000000000000000056e-01
2.085999999999999943e+01 -2.946181227702532879e-01 -2.469821885922896809e-01 -1.000000000000000056e-01
2.087000000000000099e+01 -2.963893246793331548e-01 3.217498456820873987e+00 1.000000000000000056e-01
2.087999999999999901e+01 -2.893725899384330669e-01 -2.432059844347812805e-01 -1.000000000000000056e-01
2.089000000000000057e+01 -2.912669866207399649e-01 3.219140636685420720e+00 1.000000000000000056e-01
2.090000000000000213e+01 -2.827341583604337516e-01 1.775801367787609664e+00 1.000000000000000056e-01
2.091000000000000014e+01 -2.806253890653094274e-01 2.069038472464532319e+00 1.000000000000000056e-01
2.092000000000000171e+01 -2.769048784219924619e-01 2.065758495608589929e+00 1.000000000000000056e-01
2.092999999999999972e+01 -2.733215162666456366e-01 2.061079043026063484e+00 1.000000000000000056e-01
2.094000000000000128e+01 -2.698421356348025824e-01 2.055062760666019006e+00 1.000000000000000056e-01
2.094999999999999929e+01 -2.679125161035622038e-01 3.199805997892354870e-02 -1.000000000000000056e-01
2.096000000000000085e+01 -2.702918881432337939e-01 1.175069609522014558e+00 -1.000000000000000056e-01
2.096999999999999886e+01 -2.660615752655973720e-01 2.890588783645158255e+00 1.000000000000000056e-01
2.098000000000000043e+01 -2.608244045380573861e-01 -2.766697095478455881e-01 -1.000000000000000056e-01
2.099000000000000199e+01 -2.644876846896475064e-01 1.171972870184099902e+00 -1.000000000000000056e-01
2.100000000000000000e+01 -2.612550786043220108e-01 8.758173221613037018e-01 -1.000000000000000056e-01
2.101000000000000156e+01 -2.584311058052497501e-01 2.896990419401445749e+00 1.000000000000000056e-01
2.101999999999999957e+01 -2.508657251533732424e-01 1.748808140998184602e+00 1.000000000000000056e-01
2.103000000000000114e+01 -2.483146709922197937e-01 2.046065720712181957e+00 1.000000000000000056e-01
2.103999999999999915e+01 -2.456405942212346316e-01 2.983471650263469846e-02 -1.000000000000000056e-01
2.105000000000000071e+01 -2.475261302157910626e-01 1.179383977775653403e+00 -1.000000000000000056e-01
2.105999999999999872e+01 -2.441919926694446630e-01 8.825692155790341165e-01 -1.000000000000000056e-01
2.107000000000000028e+01 -2.411340370330156413e-01 2.901747291991150224e+00 1.000000000000000056e-01
2.108000000000000185e+01 -2.332555051696405812e-01 1.753165703048648050e+00 1.000000000000000056e-01
2.108999999999999986e+01 -2.305028386461823176e-01 2.049471287112936135e+00 1.000000000000000056e-01
2.110000000000000142e+01 -2.276467908749922053e-01 3.266568284324387200e-02 -1.000000000000000056e-01
2.110999999999999943e+01 -2.278889360580993451e-01 3.195973955085638529e+00 1.000000000000000056e-01
2.112000000000000099e+01 -2.183719675138059702e-01 1.749922814442926633e+00 1.000000000000000056e-01
2.112999999999999901e+01 -2.158605294909363426e-01 2.043079642260367645e+00 1.000000000000000056e-01
2.114000000000000057e+01 -2.131595316422578712e-01 2.402958749942086039e-02 -1.000000000000000056e-01
2.115000000000000213e+01 -2.151622926389560042e-01 1.171416482456456354e+00 -1.000000000000000056e-01
2.116000000000000014e+01 -2.101290200547452358e-01 2.888547493675408084e+00 1.000000000000000056e-01
2.117000000000000171e+01 -2.023585286108475767e-01 1.738537217037894766e+00 1.000000000000000056e-01
2.117999999999999972e+01 -2.011820166678896515e-01 1.877593062873866500e-02 -1.000000000000000056e-01
2.119000000000000128e+01 -2.029423809355064834e-01 1.169622085440968462e+00 -1.000000000000000056e-01
2.119999999999999929e+01 -1.976513895247589692e-01 2.889089677368360309e+00 1.000000000000000056e-01
2.121000000000000085e+01 -1.912747910096175841e-01 -2.758736950101596253e-01 -1.000000000000000056e-01
2.121999999999999886e+01 -1.944531386656488392e-01 1.176082273570838943e+00 -1.000000000000000056e-01
2.123000000000000043e+01 -1.905392997038854452e-01 8.806306075911514153e-01 -1.000000000000000056e-01
2.124000000000000199e+01 -1.883641163622365167e-01 8.866851587943669344e-01 -1.000000000000000056e-01
2.125000000000000000e+01 -1.859346202161972772e-01 8.926125007495453456e-01 -1.000000000000000056e-01
2.126000000000000156e+01 -1.817510735012227152e-01 2.914781493825167935e+00 1.000000000000000056e-01
2.126999999999999957e+01 -1.744602634068432023e-01 -2.495434143510767144e-01 -1.000000000000000056e-01
2.128000000000000114e+01 -1.770776086178707243e-01 1.202639250604333743e+00 -1.000000000000000056e-01
2.128999999999999915e+01 -1.709444141021886909e-01 2.925122138016089224e+00 1.000000000000000056e-01
2.130000000000000071e+01 -1.620027251173827010e-01 1.779403561465689121e+00 1.000000000000000056e-01
2.130999999999999872e+01 -1.600010805428585536e-01 5.821599626385769166e-02 -1.000000000000000056e-01
2.132000000000000028e+01 -1.593844934789052648e-01 3.221030816344546466e+00 1.000000000000000056e-01
2.133000000000000185e+01 -1.504192298074026324e-01 -2.397633918168414480e-01 -1.000000000000000056e-01
2.133999999999999986e+01 -1.517243766858288045e-01 3.219452176097520990e+00 1.000000000000000056e-01
2.135000000000000142e+01 -1.427446874245054675e-01 -2.425116436868333114e-01 -1.000000000000000056e-01
2.135999999999999943e+01 -1.456372251801563156e-01 1.199522660686079378e+00 -1.000000000000000056e-01
2.137000000000000099e+01 -1.412915039387689919e-01 9.018561274886295331e-01 -1.000000000000000056e-01
2.137999999999999901e+01 -1.371084514911996288e-01 2.921500691758238677e+00 1.000000000000000056e-01
2.139000000000000057e+01 -1.280309773825867303e-01 1.776070033312385998e+00 1.000000000000000056e-01
2.140000000000000213e+01 -1.259627554932703231e-01 5.366830694451002470e-02 -1.000000000000000056e-01
2.141000000000000014e+01 -1.252739701736474420e-01 3.215120722238011375e+00 1.000000000000000056e-01
2.142000000000000171e+01 -1.162534162305308288e-01 -2.440957722586179490e-01 -1.000000000000000056e-01
2.142999999999999972e+01 -1.190347807720734813e-01 1.197473346048750553e+00 -1.000000000000000056e-01
2.144000000000000128e+01 -1.129896651662632423e-01 2.916852459206107362e+00 1.000000000000000056e-01
2.144999999999999929e+01 -1.040674237337650132e-01 1.771343955608691179e+00 1.000000000000000056e-01
2.146000000000000085e+01 -1.003846124618615610e-01 2.065117890849096582e+00 1.000000000000000056e-01
2.146999999999999886e+01 -9.668570507129992109e-02 4.545394661911242307e-02 -1.000000000000000056e-01
2.148000000000000043e+01 -9.781519512319956922e-02 1.188505031883798413e+00 -1.000000000000000056e-01
2.149000000000000199e+01 -9.189709050432248727e-02 2.907022955281208798e+00 1.000000000000000056e-01
2.150000000000000000e+01 -8.322155359052803292e-02 1.760159906017788156e+00 1.000000000000000056e-01
2.151000000000000156e+01 -7.959279254171755524e-02 2.053278099816441937e+00 1.000000000000000056e-01
2.151999999999999957e+01 -7.435555761966251842e-02 2.050499780417786244e+00 1.000000000000000056e-01
2.153000000000000114e+01 -7.088618614188342548e-02 3.012338725422938554e-02 -1.000000000000000056e-01
2.153999999999999915e+01 -7.055353789363681682e-02 3.188881729068905990e+00 1.000000000000000056e-01
2.155000000000000071e+01 -6.029189546736193894e-02 1.742747474603485225e+00 1.000000000000000056e-01
2.155999999999999872e+01 -5.865551939142236992e-02 1.788202437862198083e-02 -1.000000000000000056e-01
2.157000000000000028e+01 -5.825268604040993031e-02 3.178664614385946940e+00 1.000000000000000056e-01
2.158000000000000185e+01 -4.962983156476181990e-02 -2.839700163827656443e-01 -1.000000000000000056e-01
2.158999999999999986e+01 -5.095133062782331718e-02 3.177895743650351434e+00 1.000000000000000056e-01
2.160000000000000142e+01 -4.055921199889278572e-02 1.731369770307858547e+00 1.000000000000000056e-01
2.160999999999999943e+01 -3.876951387518685205e-02 9.983904922721950972e-03 -1.000000000000000056e-01
2.162000000000000099e+01 -3.820200265209740959e-02 3.174203562725226302e+00 1.000000000000000056e-01
2.162999999999999901e+01 -2.959025405715613732e-02 -2.881700700810546079e-01 -1.000000000000000056e-01
2.164000000000000057e+01 -3.223210259630335944e-02 1.161418663833635456e+00 -1.000000000000000056e-01
2.165000000000000213e+01 -2.783645145328336734e-02 8.654542218925325159e-01 -1.000000000000000056e-01
2.166000000000000014e+01 -2.526672085648444532e-02 8.707082453002733535e-01 -1.000000000000000056e-01
2.167000000000000171e+01 -2.230283025793521751e-02 8.766004136120727486e-01 -1.000000000000000056e-01
2.167999999999999972e+01 -1.770569035922121837e-02 2.898907673733194468e+00 1.000000000000000056e-01
2.169000000000000128e+01 -8.598855095140633953e-03 1.751563472382084319e+00 1.000000000000000056e-01
2.169999999999999929e+01 -6.023387915706597193e-03 3.367797728978071808e-02 -1.000000000000000056e-01
2.171000000000000085e+01 -6.294169495482440299e-03 1.184892772330013333e+00 -1.000000000000000056e-01
2.171999999999999886e+01 -1.570069995006610200e-03 8.906211632577868409e-01 -1.000000000000000056e-01
2.173000000000000043e+01 1.395366306653452945e-03 8.956114640094451351e-01 -1.000000000000000056e-01
2.174000000000000199e+01 4.678368549556239514e-03 8.999943492967296121e-01 -1.000000000000000056e-01
2.175000000000000000e+01 8.034105059851529701e-03 9.050742883174182074e-01 -1.000000000000000056e-01
2.176000000000000156e+01 1.296836746291434549e-02 2.928663814745833704e+00 1.000000000000000056e-01
2.176999999999999957e+01 2.218849470872412064e-02 1.783600330420931357e+00 1.000000000000000056e-01
2.178000000000000114e+01 2.505127958216351453e-02 6.191433920502942972e-02 -1.000000000000000056e-01
2.178999999999999915e+01 2.517083540795235497e-02 1.208130885608340144e+00 -1.000000000000000056e-01
2.180000000000000071e+01 3.143734844703553050e-02 2.931324552404758421e+00 1.000000000000000056e-01
2.180999999999999872e+01 4.022908861721069540e-02 1.786688327326271919e+00 1.000000000000000056e-01
2.182000000000000028e+01 4.292254727049227281e-02 6.098127772752545001e-02 -1.000000000000000056e-01
2.183000000000000185e+01 4.431612893407334969e-02 3.219961734793511443e+00 1.000000000000000056e-01
2.183999999999999986e+01 5.444369269457140226e-02 1.779598608446031349e+00 1.000000000000000056e-01
2.185000000000000142e+01 5.684026833870845646e-02 5.257875268694996163e-02 -1.000000000000000056e-01
2.185999999999999943e+01 5.664270696090972779e-02 1.192993926474562594e+00 -1.000000000000000056e-01
2.187000000000000099e+01 6.109452753432686317e-02 8.947405528395568908e-01 -1.000000000000000056e-01
2.187999999999999901e+01 6.531480531612325613e-02 2.913307841084257443e+00 1.000000000000000056e-01
2.189000000000000057e+01 7.233795070036631858e-02 -2.501057571004672853e-01 -1.000000000000000056e-01
2.190000000000000213e+01 7.108164849857583067e-02 1.191494149377139156e+00 -1.000000000000000056e-01
2.191000000000000014e+01 7.567605959570543328e-02 8.962275931883567637e-01 -1.000000000000000056e-01
2.192000000000000171e+01 7.877867208474227667e-02 9.005173038591584023e-01 -1.000000000000000056e-01
2.192999999999999972e+01 8.342199792674329095e-02 2.923184251692938940e+00 1.000000000000000056e-01
2.194000000000000128e+01 9.051757625816107822e-02 -2.384123323667973471e-01 -1.000000000000000056e-01
2.194999999999999929e+01 9.093859895045391939e-02 3.222065062226725285e+00 1.000000000000000056e-01
2.196000000000000085e+01 1.007346189671467634e-01 1.784958163290050415e+00 1.000000000000000056e-01
2.196999999999999886e+01 1.033938780768724197e-01 5.925970187132809791e-02 -1.000000000000000056e-01
2.198000000000000043e+01 1.036509094584830287e-01 1.199622138867111998e+00 -1.000000000000000056e-01
2.199000000000000199e+01 1.081050153140532266e-01 9.029796072618251346e-01 -1.000000000000000056e-01
2.200000000000000000e+01 1.110506555398823592e-01 9.043253162910070975e-01 -1.000000000000000056e-01
2.201000000000000156e+01 1.155398309663808742e-01 2.925221927313092163e+00 1.000000000000000056e-01
2.201999999999999957e+01 1.222864672681116260e-01 -2.363511439909527223e-01 -1.000000000000000056e-01
2.203000000000000114e+01 1.228165890168948921e-01 3.221239084749659476e+00 1.000000000000000056e-01
2.203999999999999915e+01 1.320762485584340840e-01 1.785881818059440462e+00 1.000000000000000056e-01
2.205000000000000071e+01 1.359386997346096471e-01 2.077785614428209193e+00 1.000000000000000056e-01
2.205999999999999872e+01 1.397494663571214324e-01 5.553202353566421418e-02 -1.000000000000000056e-01
2.207000000000000028e+01 1.411621329322520491e-01 3.210470656091699126e+00 1.000000000000000056e-01
2.208000000000000185e+01 1.485143720216459406e-01 -2.477680822442343556e-01 -1.000000000000000056e-01
2.208999999999999986e+01 1.475173571394825245e-01 1.185098914379539403e+00 -1.000000000000000056e-01
2.210000000000000142e+01 1.527799426094601232e-01 2.905570241840345069e+00 1.000000000000000056e-01
2.210999999999999943e+01 1.598951448737030157e-01 1.762658634206006880e+00 1.000000000000000056e-01
2.212000000000000099e+01 1.624241847870903921e-01 3.636324415786570952e-02 -1.000000000000000056e-01
2.212999999999999901e+01 1.638614805319264234e-01 3.194317161262888227e+00 1.000000000000000056e-01
2.214000000000000057e+01 1.708389284308824696e-01 -2.620275303553255553e-01 -1.000000000000000056e-01
2.215000000000000213e+01 1.711629854585480781e-01 3.192250240834371589e+00 1.000000000000000056e-01
2.216000000000000014e+01 1.791855425605737850e-01 1.753800451944494299e+00 1.000000000000000056e-01
2.217000000000000171e+01 1.826053083164631552e-01 2.044941286758553467e+00 1.000000000000000056e-01
2.217999999999999972e+01 1.859413573135305087e-01 2.404985893175057982e-02 -1.000000000000000056e-01
2.219000000000000128e+01 1.861830345523393659e-01 1.164387057232194378e+00 -1.000000000000000056e-01
2.219999999999999929e+01 1.898012444610270300e-01 8.668293055520417401e-01 -1.000000000000000056e-01
2.221000000000000085e+01 1.921964174663040037e-01 8.679950726796364924e-01 -1.000000000000000056e-01
2.221999999999999886e+01 1.959670034576598552e-01 2.888354242025229279e+00 1.000000000000000056e-01
2.223000000000000043e+01 2.024845165834598115e-01 1.745624237552000579e+00 1.000000000000000056e-01
2.224000000000000199e+01 2.049798422281317312e-01 2.377695267023724468e-02 -1.000000000000000056e-01
2.225000000000000000e+01 2.056021363448508055e-01 1.169008737861609637e+00 -1.000000000000000056e-01
2.226000000000000156e+01 2.102138985483706646e-01 2.893240220495770565e+00 1.000000000000000056e-01
2.226999999999999957e+01 2.153096921960665211e-01 -2.677093886705241288e-01 -1.000000000000000056e-01
2.228000000000000114e+01 2.161666084231576024e-01 3.190964756800450886e+00 1.000000000000000056e-01
2.228999999999999915e+01 2.222171973796851496e-01 -2.655851895091809745e-01 -1.000000000000000056e-01
2.230000000000000071e+01 2.221301851819022788e-01 1.174713680787079051e+00 -1.000000000000000056e-01
2.230999999999999872e+01 2.256468482491208460e-01 8.795914807384691558e-01 -1.000000000000000056e-01
2.232000000000000028e+01 2.282208392159724430e-01 8.832292517525943687e-01 -1.000000000000000056e-01
2.233000000000000185e+01 2.309521152964262303e-01 8.874704764445464633e-01 -1.000000000000000056e-01
2.233999999999999986e+01 2.337084745950148701e-01 8.926016716766325132e-01 -1.000000000000000056e-01
2.235000000000000142e+01 2.373153987338442739e-01 2.918209363085370267e+00 1.000000000000000056e-01
2.235999999999999943e+01 2.422805164336002681e-01 -2.412409115215430333e-01 -1.000000000000000056e-01
2.237000000000000099e+01 2.434624058078607156e-01 3.219660207612123681e+00 1.000000000000000056e-01
2.237999999999999901e+01 2.490739431816079708e-01 -2.349545189236744436e-01 -1.000000000000000056e-01
2.239000000000000057e+01 2.493968671551381466e-01 1.202645708506136391e+00 -1.000000000000000056e-01
2.240000000000000213e+01 2.535262709731337938e-01 2.928430057791873597e+00 1.000000000000000056e-01
2.241000000000000014e+01 2.588267818243718543e-01 1.788708128575956069e+00 1.000000000000000056e-01
2.242000000000000171e+01 2.612298236276288654e-01 6.024591715519027335e-02 -1.000000000000000056e-01
2.242999999999999972e+01 2.628978812408901411e-01 3.216855579590927050e+00 1.000000000000000056e-01
2.244000000000000128e+01 2.685874175658966023e-01 1.783352392026511968e+00 1.000000000000000056e-01
2.244999999999999929e+01 2.714542882884861674e-01 2.072412623171225210e+00 1.000000000000000056e-01
2.246000000000000085e+01 2.741707976561866822e-01 4.840962542465524626e-02 -1.000000000000000056e-01
2.246999999999999886e+01 2.749742175795478194e-01 1.183127191466633032e+00 -1.000000000000000056e-01
2.248000000000000043e+01 2.783651582230620147e-01 2.903955052055836816e+00 1.000000000000000056e-01
2.249000000000000199e+01 2.819808712172129361e-01 -2.585710196609503631e-01 -1.000000000000000056e-01
2.250000000000000000e+01 2.830941687768863124e-01 3.194044572829858986e+00 1.000000000000000056e-01
2.251000000000000156e+01 2.872533286001309749e-01 -2.608570037503759043e-01 -1.000000000000000056e-01
2.251999999999999957e+01 2.883082236159760781e-01 3.192962809219571874e+00 1.000000000000000056e-01
2.253000000000000114e+01 2.929243527652019008e-01 1.757920130376968926e+00 1.000000000000000056e-01
2.253999999999999915e+01 2.954505958683618649e-01 2.049505986878236374e+00 1.000000000000000056e-01
2.255000000000000071e+01 2.983469652713666709e-01 2.047316905662416531e+00 1.000000000000000056e-01
2.255999999999999872e+01 3.006068666315247495e-01 2.521061599161511513e-02 -1.000000000000000056e-01
2.257000000000000028e+01 3.019785313093026891e-01 3.180703514320589953e+00 1.000000000000000056e-01
2.258000000000000185e+01 3.053742257014723793e-01 -2.781577245181344193e-01 -1.000000000000000056e-01
2.258999999999999986e+01 3.063570929034372115e-01 3.175788248287367388e+00 1.000000000000000056e-01
2.260000000000000142e+01 3.101262170102422888e-01 1.736345358212446843e+00 1.000000000000000056e-01
2.260999999999999943e+01 3.123293841264954684e-01 2.028462730923803026e+00 1.000000000000000056e-01
2.262000000000000099e+01 3.143638207333327439e-01 9.012166741219207813e-03 -1.000000000000000056e-01
2.262999999999999901e+01 3.157141177429514944e-01 3.168593537851041031e+00 1.000000000000000056e-01
2.264000000000000057e+01 3.189062282325764719e-01 1.727997620309331239e+00 1.000000000000000056e-01
2.265000000000000213e+01 3.209727110034469866e-01 2.020251143561432983e+00 1.000000000000000056e-01
2.266000000000000014e+01 3.231974099897224617e-01 2.018082675839106166e+00 1.000000000000000056e-01
2.267000000000000171e+01 3.250149010482213385e-01 -1.609866573507082914e-03 -1.000000000000000056e-01
2.267999999999999972e+01 3.263268994219640229e-01 3.159068391365869033e+00 1.000000000000000056e-01
2.269000000000000128e+01 3.288991148264555631e-01 1.715594550143497488e+00 1.000000000000000056e-01
2.269999999999999929e+01 3.307876980933067701e-01 2.008787515663014833e+00 1.000000000000000056e-01
2.271000000000000085e+01 3.327307200321938385e-01 2.007177136842225984e+00 1.000000000000000056e-01
2.271999999999999886e+01 3.343600387984496103e-01 -1.099200019135061768e-02 -1.000000000000000056e-01
2.273000000000000043e+01 3.354482760843207068e-01 1.137766152528352448e+00 -1.000000000000000056e-01
2.274000000000000199e+01 3.370612262578921992e-01 2.858593039857590057e+00 1.000000000000000056e-01
2.275000000000000000e+01 3.385957818531952768e-01 -3.057672866758067154e-01 -1.000000000000000056e-01
2.276000000000000156e+01 3.398413240042629235e-01 1.147636636804539201e+00 -1.000000000000000056e-01
2.276999999999999957e+01 3.413954832482385959e-01 2.871553734609971986e+00 1.000000000000000056e-01
2.278000000000000114e+01 3.428264926387298295e-01 1.725518459844078700e+00 1.000000000000000056e-01
2.278999999999999915e+01 3.444097876693831273e-01 8.834389469639504153e-03 -1.000000000000000056e-01
2.280000000000000071e+01 3.457754089971383782e-01 3.178287256085777557e+00 1.000000000000000056e-01
2.280999999999999872e+01 3.469771355662011336e-01 1.735239369928046838e+00 1.000000000000000056e-01
2.282000000000000028e+01 3.484258924235431043e-01 1.648330754869037698e-02 -1.000000000000000056e-01
2.283000000000000185e+01 3.498301337836540181e-01 3.183087957602764195e+00 1.000000000000000056e-01
2.283999999999999986e+01 3.505847685185577434e-01 -2.777851028702156277e-01 -1.000000000000000056e-01
2.285000000000000142e+01 3.522798734739980842e-01 1.173166726278742411e+00 -1.000000000000000056e-01
2.285999999999999943e+01 3.532278014592339921e-01 2.894232423160711054e+00 1.000000000000000056e-01
2.287000000000000099e+01 3.537188706381876324e-01 1.747131430989862233e+00 1.000000000000000056e-01
2.287999999999999901e+01 3.550604197073281565e-01 2.045347942514884831e+00 1.000000000000000056e-01
2.289000000000000057e+01 3.560796207443863159e-01 3.044961035244633102e-02 -1.000000000000000056e-01
2.290000000000000213e+01 3.575110299126760260e-01 3.196423294037676222e+00 1.000000000000000056e-01
2.291000000000000014e+01 3.575029716641291988e-01 -2.653580536295384595e-01 -1.000000000000000056e-01
2.292000000000000171e+01 3.593446926788244622e-01 3.199110707118236530e+00 1.000000000000000056e-01
2.292999999999999972e+01 3.589635379368558143e-01 1.753113001823789485e+00 1.000000000000000056e-01
2.294000000000000128e+01 3.600297114466590176e-01 2.049184289855127350e+00 1.000000000000000056e-01
2.294999999999999929e+01 3.608370072991458621e-01 3.329112435149246541e-02 -1.000000000000000056e-01
2.296000000000000085e+01 3.622759218868350506e-01 3.198379520937844056e+00 1.000000000000000056e-01
2.296999999999999886e+01 3.616691266421936946e-01 -2.648076428215875855e-01 -1.000000000000000056e-01
2.298000000000000043e+01 3.638412986555010775e-01 1.186851896281509111e+00 -1.000000000000000056e-01
2.299000000000000199e+01 3.639615291513692008e-01 2.905852250040890095e+00 1.000000000000000056e-01
2.300000000000000000e+01 3.630344515045089704e-01 1.757196978862552772e+00 1.000000000000000056e-01
2.301000000000000156e+01 3.642140160464268361e-01 4.074007381866141808e-02 -1.000000000000000056e-01
2.301999999999999957e+01 3.659382659164955309e-01 1.194787611012739781e+00 -1.000000000000000056e-01
2.303000000000000114e+01 3.656875145213501210e-01 2.915671579569869554e+00 1.000000000000000056e-01
2.303999999999999915e+01 3.647325531868360060e-01 -2.484774929134169474e-01 -1.000000000000000056e-01
2.305000000000000071e+01 3.668148770091939626e-01 3.219993207118074796e+00 1.000000000000000056e-01
2.305999999999999872e+01 3.647631305742035090e-01 1.773513569371175658e+00 1.000000000000000056e-01
2.307000000000000028e+01 3.652632918325096067e-01 2.071062966288196083e+00 1.000000000000000056e-01
2.308000000000000185e+01 3.655125034778696214e-01 5.549313134131791947e-02 -1.000000000000000056e-01
2.308999999999999986e+01 3.668737195985211641e-01 3.220721289435046319e+00 1.000000000000000056e-01
2.310000000000000142e+01 3.644358023265922286e-01 1.772785153005332015e+00 1.000000000000000056e-01
2.310999999999999943e+01 3.653724002101251811e-01 5.311308514372024836e-02 -1.000000000000000056e-01
2.312000000000000099e+01 3.672716838256562255e-01 1.204446470938912661e+00 -1.000000000000000056e-01
2.312999999999999901e+01 3.663860353934742520e-01 2.922869905529542400e+00 1.000000000000000056e-01
2.314000000000000057e+01 3.646229326667042026e-01 -2.424113269526677050e-01 -1.000000000000000056e-01
2.315000000000000213e+01 3.668349784602955022e-01 3.225689556300355587e+00 1.000000000000000056e-01
2.316000000000000014e+01 3.635917963872572489e-01 1.778051920010622844e+00 1.000000000000000056e-01
2.317000000000000171e+01 3.643242743231354663e-01 6.081109607774458359e-02 -1.000000000000000056e-01
2.317999999999999972e+01 3.655717683797478634e-01 3.227827929102494942e+00 1.000000000000000056e-01
2.319000000000000128e+01 3.626780256149712001e-01 -2.356730745136944583e-01 -1.000000000000000056e-01
2.319999999999999929e+01 3.655584472726063350e-01 1.217214851174117207e+00 -1.000000000000000056e-01
2.321000000000000085e+01 3.641066700528781674e-01 2.935498715474363252e+00 1.000000000000000056e-01
2.321999999999999886e+01 3.609883173307522064e-01 1.785823127692456103e+00 1.000000000000000056e-01
2.323000000000000043e+01 3.608718037613795060e-01 2.083846166066125605e+00 1.000000000000000056e-01
2.324000000000000199e+01 3.596683261271927945e-01 2.083343270749968390e+00 1.000000000000000056e-01
2.325000000000000000e+01 3.592507010882534102e-01 6.702958691479073139e-02 -1.000000000000000056e-01
2.326000000000000156e+01 3.612957584605779315e-01 1.218169046944904688e+00 -1.000000000000000056e-01
2.326999999999999957e+01 3.595343603185299775e-01 2.934688134984861030e+00 1.000000000000000056e-01
2.328000000000000114e+01 3.559438827660142968e-01 1.783209540294540041e+00 1.000000000000000056e-01
2.328999999999999915e+01 3.564774036412104441e-01 6.564497735165478187e-02 -1.000000000000000056e-01
2.330000000000000071e+01 3.575899350868398940e-01 3.232758088016937759e+00 1.000000000000000056e-01
2.330999999999999872e+01 3.527755600897555799e-01 1.784062248560605912e+00 1.000000000000000056e-01
2.332000000000000028e+01 3.523487150870130979e-01 2.080579385905671153e+00 1.000000000000000056e-01
2.333000000000000185e+01 3.507608394063616575e-01 2.078584998703909115e+00 1.000000000000000056e-01
2.333999999999999986e+01 3.500781509920373180e-01 6.156520251842068081e-02 -1.000000000000000056e-01
2.335000000000000142e+01 3.513193448697417565e-01 3.226965917462946809e+00 1.000000000000000056e-01
2.335999999999999943e+01 3.461213812556015457e-01 1.774635040505113448e+00 1.000000000000000056e-01
2.337000000000000099e+01 3.456399949766346680e-01 2.069949313999681184e+00 1.000000000000000056e-01
2.337999999999999901e+01 3.448277466180990070e-01 5.374113590150755848e-02 -1.000000000000000056e-01
2.339000000000000057e+01 3.460396869392255992e-01 3.221188717729577267e+00 1.000000000000000056e-01
2.340000000000000213e+01 3.404768309692823292e-01 1.768365683144712097e+00 1.000000000000000056e-01
2.341000000000000014e+01 3.408289799756743510e-01 5.139400657466096367e-02 -1.000000000000000056e-01
2.342000000000000171e+01 3.429681210888899656e-01 1.208492886922498677e+00 -1.000000000000000056e-01
2.342999999999999972e+01 3.413191284613119603e-01 9.137199225507327549e-01 -1.000000000000000056e-01
2.344000000000000128e+01 3.395559147109175058e-01 2.934825403703023028e+00 1.000000000000000056e-01
2.344999999999999929e+01 3.346013632524492132e-01 1.780918292049544327e+00 1.000000000000000056e-01
2.346000000000000085e+01 3.335042643299516718e-01 2.080685001651012556e+00 1.000000000000000056e-01
2.346999999999999886e+01 3.321126167521808448e-01 6.755024575742440973e-02 -1.000000000000000056e-01
2.348000000000000043e+01 3.330310739954567834e-01 3.238414557091398027e+00 1.000000000000000056e-01
2.349000000000000199e+01 3.264701647710029353e-01 1.785269437751928701e+00 1.000000000000000056e-01
2.350000000000000000e+01 3.253674729421003331e-01 2.082171345238054805e+00 1.000000000000000056e-01
2.351000000000000156e+01 3.228518793546030219e-01 2.080039468410650016e+00 1.000000000000000056e-01
2.351999999999999957e+01 3.215003120343561394e-01 6.409824503283588493e-02 -1.000000000000000056e-01
2.353000000000000114e+01 3.237025618267092009e-01 1.220184392037572119e+00 -1.000000000000000056e-01
2.353999999999999915e+01 3.204577557425330459e-01 2.935743881201084982e+00 1.000000000000000056e-01
2.355000000000000071e+01 3.146695529298825789e-01 1.780650882486353170e+00 1.000000000000000056e-01
2.355999999999999872e+01 3.145841450372644510e-01 6.618913273428166100e-02 -1.000000000000000056e-01
2.357000000000000028e+01 3.166041261005874130e-01 1.225617322452959623e+00 -1.000000000000000056e-01
2.358000000000000185e+01 3.142493841866773607e-01 9.309673485595875153e-01 -1.000000000000000056e-01
2.358999999999999986e+01 3.130173490600834940e-01 9.388709103209662565e-01 -1.000000000000000056e-01
2.360000000000000142e+01 3.105943848709269428e-01 2.959290176975502895e+00 1.000000000000000056e-01
2.360999999999999943e+01 3.040405830522617814e-01 1.804400048466753059e+00 1.000000000000000056e-01
2.362000000000000099e+01 3.021622664229451360e-01 2.104302613054284787e+00 1.000000000000000056e-01
2.362999999999999901e+01 3.000221953066124492e-01 9.045896370122094576e-02 -1.000000000000000056e-01
2.364000000000000057e+01 3.019239204883303329e-01 1.247670713277982957e+00 -1.000000000000000056e-01
2.365000000000000213e+01 2.978657929381808844e-01 2.963880996591783390e+00 1.000000000000000056e-01
2.366000000000000014e+01 2.923167400313726461e-01 -2.048174714822420805e-01 -1.000000000000000056e-01
2.367000000000000171e+01 2.944914325347476325e-01 3.265529483518792464e+00 1.000000000000000056e-01
2.367999999999999972e+01 2.872896682881991293e-01 -2.022946337099509329e-01 -1.000000000000000056e-01
2.369000000000000128e+01 2.893834553564362255e-01 3.267503218988907054e+00 1.000000000000000056e-01
2.369999999999999929e+01 2.807805365191695657e-01 1.814484581070100244e+00 1.000000000000000056e-01
2.371000000000000085e+01 2.787286135634334805e-01 2.110841943312335545e+00 1.000000000000000056e-01
2.371999999999999886e+01 2.764334278414458113e-01 9.436582318255835877e-02 -1.000000000000000056e-01
2.373000000000000043e+01 2.784002078326025531e-01 1.247575756255569601e+00 -1.000000000000000056e-01
2.374000000000000199e+01 2.740366516840649358e-01 2.962189638030393368e+00 1.000000000000000056e-01
2.375000000000000000e+01 2.667544102068741263e-01 1.807885934593811639e+00 1.000000000000000056e-01
2.376000000000000156e+01 2.660537172656373683e-01 9.092877486036952950e-02 -1.000000000000000056e-01
2.376999999999999957e+01 2.664759134211992508e-01 3.258203650360734560e+00 1.000000000000000056e-01
2.378000000000000114e+01 2.575332261726183125e-01 1.805405685482077471e+00 1.000000000000000056e-01
2.378999999999999915e+01 2.567851517870840539e-01 8.803931797771527568e-02 -1.000000000000000056e-01
2.380000000000000071e+01 2.572520347547240238e-01 3.254729913320084211e+00 1.000000000000000056e-01
2.380999999999999872e+01 2.482175641689954859e-01 1.800804453389051263e+00 1.000000000000000056e-01
2.382000000000000028e+01 2.474599252431856633e-01 8.322703515262873386e-02 -1.000000000000000056e-01
2.383000000000000185e+01 2.479169673621195169e-01 3.250188192722592184e+00 1.000000000000000056e-01
2.383999999999999986e+01 2.387745857908701863e-01 1.795795908526103490e+00 1.000000000000000056e-01
2.385000000000000142e+01 2.365537328116460725e-01 2.091753260280194482e+00 1.000000000000000056e-01
2.385999999999999943e+01 2.340442458153312033e-01 7.527814000535662520e-02 -1.000000000000000056e-01
2.387000000000000099e+01 2.360051848541404595e-01 1.230679316407147450e+00 -1.000000000000000056e-01
2.387999999999999901e+01 2.312768920661217864e-01 2.945402320006321961e+00 1.000000000000000056e-01
2.389000000000000057e+01 2.248966477905405548e-01 -2.241332739761426607e-01 -1.000000000000000056e-01
2.390000000000000213e+01 2.269668627647429548e-01 3.248093702344514888e+00 1.000000000000000056e-01
2.391000000000000014e+01 2.187713238246451197e-01 -2.208274672914441461e-01 -1.000000000000000056e-01
2.392000000000000171e+01 2.221571610004381969e-01 1.239473300993123361e+00 -1.000000000000000056e-01
2.392999999999999972e+01 2.169934999143910137e-01 2.955705650575120469e+00 1.000000000000000056e-01
2.394000000000000128e+01 2.087396211029130810e-01 1.801096945016317674e+00 1.000000000000000056e-01
2.394999999999999929e+01 2.059876262952193005e-01 2.099502800519013057e+00 1.000000000000000056e-01
2.396000000000000085e+01 2.029358692676261622e-01 8.434890290161366211e-02 -1.000000000000000056e-01
2.396999999999999886e+01 2.030420482979503893e-01 3.252662098343224617e+00 1.000000000000000056e-01
2.398000000000000043e+01 1.946948325051395812e-01 -2.165733892066792343e-01 -1.000000000000000056e-01
2.399000000000000199e+01 1.965689599156998368e-01 3.252418587086689072e+00 1.000000000000000056e-01
2.400000000000000000e+01 1.881042723461361088e-01 -2.172041660832298715e-01 -1.000000000000000056e-01
2.401000000000000156e+01 1.913988221154122593e-01 1.239972661488626837e+00 -1.000000000000000056e-01
2.401999999999999957e+01 1.875326597084156222e-01 9.421458508491710182e-01 -1.000000000000000056e-01
2.403000000000000114e+01 1.850952157671673093e-01 9.474897884597416331e-01 -1.000000000000000056e-01
2.403999999999999915e+01 1.826466839445335943e-01 9.531177024357296856e-01 -1.000000000000000056e-01
2.405000000000000071e+01 1.799954092440401998e-01 9.590099595793587506e-01 -1.000000000000000056e-01
2.406000000000000227e+01 1.756831308695544214e-01 2.979572990113749764e+00 1.000000000000000056e-01
2.407000000000000028e+01 1.666178962939836861e-01 1.826546397414955170e+00 1.000000000000000056e-01
2.408000000000000185e+01 1.645944497596102396e-01 1.101772119882659384e-01 -1.000000000000000056e-01
2.408999999999999986e+01 1.639963384259688628e-01 3.278005770045639533e+00 1.000000000000000056e-01
2.410000000000000142e+01 1.534538466701146353e-01 1.827057278554289343e+00 1.000000000000000056e-01
2.410999999999999943e+01 1.501500538559348286e-01 2.121439266662006329e+00 1.000000000000000056e-01
2.412000000000000099e+01 1.451920138292753515e-01 2.116468889408115395e+00 1.000000000000000056e-01
2.412999999999999901e+01 1.403805086753751874e-01 2.110559241771244210e+00 1.000000000000000056e-01
2.414000000000000057e+01 1.356841857042254129e-01 2.103669737635676551e+00 1.000000000000000056e-01
2.415000000000000213e+01 1.310923742511410917e-01 2.095952333649736321e+00 1.000000000000000056e-01
2.416000000000000014e+01 1.280727571414355670e-01 7.401431360879914823e-02 -1.000000000000000056e-01
2.417000000000000171e+01 1.281472480247319579e-01 3.235695283813310397e+00 1.000000000000000056e-01
2.417999999999999972e+01 1.197627421721941532e-01 -2.351919815969744088e-01 -1.000000000000000056e-01
2.419000000000000128e+01 1.214152448251422795e-01 3.231248113682402057e+00 1.000000000000000056e-01
2.419999999999999929e+01 1.129106429906866771e-01 -2.387174931059848071e-01 -1.000000000000000056e-01
2.421000000000000085e+01 1.159078986735059269e-01 1.218120525384877473e+00 -1.000000000000000056e-01
2.421999999999999886e+01 1.103723895232283092e-01 2.934264035891429589e+00 1.000000000000000056e-01
2.423000000000000043e+01 1.017176226610077699e-01 1.779631076843520399e+00 1.000000000000000056e-01
2.424000000000000199e+01 9.850648873934100824e-02 2.077508010350744616e+00 1.000000000000000056e-01
2.425000000000000000e+01 9.354664936216237903e-02 2.075653435363558064e+00 1.000000000000000056e-01
2.426000000000000156e+01 8.872487213440399811e-02 2.072827541168857923e+00 1.000000000000000056e-01
2.426999999999999957e+01 8.399580553243279901e-02 2.068567004149559185e+00 1.000000000000000056e-01
2.428000000000000114e+01 7.934439381507592259e-02 2.063276928648523079e+00 1.000000000000000056e-01
2.428999999999999915e+01 7.477001783722750372e-02 2.057540978244445373e+00 1.000000000000000056e-01
2.430000000000000071e+01 7.168784237543436577e-02 3.883334154793111059e-02 -1.000000000000000056e-01
2.431000000000000227e+01 7.157845526132755598e-02 3.205685898681823520e+00 1.000000000000000056e-01
2.432000000000000028e+01 6.330084521070883374e-02 -2.657340874687533216e-01 -1.000000000000000056e-01
2.433000000000000185e+01 6.465752215830827820e-02 3.206998359423912870e+00 1.000000000000000056e-01
2.433999999999999986e+01 5.628335677611374238e-02 -2.640946086919040980e-01 -1.000000000000000056e-01
2.435000000000000142e+01 5.742312340934069281e-02 3.211285334541520431e+00 1.000000000000000056e-01
2.435999999999999943e+01 4.891263260111866629e-02 -2.594383239310941724e-01 -1.000000000000000056e-01
2.437000000000000099e+01 4.995076841470146023e-02 3.216778362993446994e+00 1.000000000000000056e-01
2.437999999999999901e+01 3.992874637281418337e-02 1.759393590164489485e+00 1.000000000000000056e-01
2.439000000000000057e+01 3.797008190893361862e-02 4.545636737618406753e-02 -1.000000000000000056e-01
2.440000000000000213e+01 3.871034283580760543e-02 1.206852506392938285e+00 -1.000000000000000056e-01
2.441000000000000014e+01 3.306139291980722539e-02 2.923627450699174180e+00 1.000000000000000056e-01
2.442000000000000171e+01 2.583320773541865692e-02 -2.461125247949222661e-01 -1.000000000000000056e-01
2.442999999999999972e+01 2.802965927012425820e-02 1.218244666433415446e+00 -1.000000000000000056e-01
2.444000000000000128e+01 2.359046555579887364e-02 9.224234962475761357e-01 -1.000000000000000056e-01
2.444999999999999929e+01 2.046232361656856805e-02 9.306202256195933442e-01 -1.000000000000000056e-01
2.446000000000000085e+01 1.593662513433623251e-02 2.950917325366201105e+00 1.000000000000000056e-01
2.446999999999999886e+01 8.364624901434265097e-03 -2.198876786235395842e-01 -1.000000000000000056e-01
2.448000000000000043e+01 1.005394849004558402e-02 1.243025749846737638e+00 -1.000000000000000056e-01
2.449000000000000199e+01 5.242308685608182417e-03 9.467988226785193362e-01 -1.000000000000000056e-01
2.450000000000000000e+01 4.545770792808330463e-04 2.967799778716738501e+00 1.000000000000000056e-01
2.451000000000000156e+01 -7.172962794224435092e-03 -2.024559902683249202e-01 -1.000000000000000056e-01
2.451999999999999957e+01 -7.080231323534791170e-03 3.269218877588458749e+00 1.000000000000000056e-01
2.453000000000000114e+01 -1.744849820644430935e-02 1.814970457359157852e+00 1.000000000000000056e-01
2.453999999999999915e+01 -2.010123027415631342e-02 9.615533393829465980e-02 -1.000000000000000056e-01
2.455000000000000071e+01 -2.140804299884786072e-02 3.261640873017046083e+00 1.000000000000000056e-01
2.456000000000000227e+01 -3.141831275019991987e-02 1.808632337878620433e+00 1.000000000000000056e-01
2.457000000000000028e+01 -3.386522941578876816e-02 8.775355675380533405e-02 -1.000000000000000056e-01
2.458000000000000185e+01 -3.375014135955156647e-02 1.237567099954584915e+00 -1.000000000000000056e-01
2.458999999999999986e+01 -3.816600386499260922e-02 9.377400915271009163e-01 -1.000000000000000056e-01
2.460000000000000142e+01 -4.267976255726760315e-02 2.954500537886162181e+00 1.000000000000000056e-01
2.460999999999999943e+01 -5.106682727781580722e-02 1.801210206343147213e+00 1.000000000000000056e-01
2.462000000000000099e+01 -5.488830073103052876e-02 2.096956000777119744e+00 1.000000000000000056e-01
2.462999999999999901e+01 -5.880788264717554809e-02 7.946151189877617704e-02 -1.000000000000000056e-01
2.464000000000000057e+01 -5.881421804897302846e-02 1.230159219638020662e+00 -1.000000000000000056e-01
2.465000000000000213e+01 -6.313602519320876683e-02 9.306089760872009453e-01 -1.000000000000000056e-01
2.466000000000000014e+01 -6.632338736171514149e-02 9.328286535058980533e-01 -1.000000000000000056e-01
2.467000000000000171e+01 -6.947579198468696593e-02 9.355844313963408432e-01 -1.000000000000000056e-01
2.467999999999999972e+01 -7.401723252047963386e-02 2.954353046744388145e+00 1.000000000000000056e-01
2.469000000000000128e+01 -8.114125767849011961e-02 -2.122306323781624482e-01 -1.000000000000000056e-01
2.469999999999999929e+01 -8.143139243265483385e-02 3.255988963961042870e+00 1.000000000000000056e-01
2.471000000000000085e+01 -9.089501415644662963e-02 1.807134261104832440e+00 1.000000000000000056e-01
2.471999999999999886e+01 -9.478279590582318337e-02 2.102417829649024572e+00 1.000000000000000056e-01
2.473000000000000043e+01 -9.981767188825607651e-02 2.098620487247383704e+00 1.000000000000000056e-01
2.474000000000000199e+01 -1.035733596814649715e-01 7.819425804372683031e-02 -1.000000000000000056e-01
2.475000000000000000e+01 -1.037931756843353259e-01 1.224463803886572499e+00 -1.000000000000000056e-01
2.476000000000000156e+01 -1.078941148850017240e-01 9.234067510940122681e-01 -1.000000000000000056e-01
2.476999999999999957e+01 -1.110152724677478941e-01 9.241626829294988799e-01 -1.000000000000000056e-01
2.478000000000000114e+01 -1.140788939168202176e-01 9.260300187458130328e-01 -1.000000000000000056e-01
2.478999999999999915e+01 -1.184027663465553742e-01 2.944751815316561050e+00 1.000000000000000056e-01
2.480000000000000071e+01 -1.250541574297934500e-01 -2.210394809501969871e-01 -1.000000000000000056e-01
2.481000000000000227e+01 -1.255568145429645233e-01 3.245758177254554067e+00 1.000000000000000056e-01
2.482000000000000028e+01 -1.342721762585388223e-01 1.798802993675933326e+00 1.000000000000000056e-01
2.483000000000000185e+01 -1.369758019068363086e-01 7.806778572104994263e-02 -1.000000000000000056e-01
2.483999999999999986e+01 -1.375503128810010300e-01 1.225698655520928826e+00 -1.000000000000000056e-01
2.485000000000000142e+01 -1.427224600331228888e-01 2.943217291056002605e+00 1.000000000000000056e-01
2.485999999999999943e+01 -1.500227972143739208e-01 1.793775676792931817e+00 1.000000000000000056e-01
2.487000000000000099e+01 -1.535620559526186812e-01 2.087367068785441759e+00 1.000000000000000056e-01
2.487999999999999901e+01 -1.581571087556422617e-01 2.083476311538362324e+00 1.000000000000000056e-01
2.489000000000000057e+01 -1.616538035507161242e-01 6.298358206332124731e-02 -1.000000000000000056e-01
2.490000000000000213e+01 -1.621791327865522159e-01 1.208154503796828205e+00 -1.000000000000000056e-01
2.491000000000000014e+01 -1.668823507969802722e-01 2.922983599866964433e+00 1.000000000000000056e-01
2.492000000000000171e+01 -1.727369108365465200e-01 -2.448368468439209578e-01 -1.000000000000000056e-01
2.492999999999999972e+01 -1.723046746357827230e-01 1.203080354770184712e+00 -1.000000000000000056e-01
2.494000000000000128e+01 -1.760878779931870919e-01 9.054878173737895830e-01 -1.000000000000000056e-01
2.494999999999999929e+01 -1.791615840245991409e-01 9.096341166179868765e-01 -1.000000000000000056e-01
2.496000000000000085e+01 -1.830105879175583650e-01 2.929738015381660787e+00 1.000000000000000056e-01
2.496999999999999886e+01 -1.896403026911179512e-01 1.781215792801249975e+00 1.000000000000000056e-01
2.498000000000000043e+01 -1.922625663972790111e-01 6.201795955052411685e-02 -1.000000000000000056e-01
2.499000000000000199e+01 -1.940081735870650415e-01 3.226794533104031082e+00 1.000000000000000056e-01
2.500000000000000000e+01 -2.003904139649704819e-01 -2.351835166408766664e-01 -1.000000000000000056e-01
2.501000000000000156e+01 -2.012094181152874750e-01 3.226487101983555483e+00 1.000000000000000056e-01
2.501999999999999957e+01 -2.074021911833675569e-01 -2.371196928537679105e-01 -1.000000000000000056e-01
2.503000000000000114e+01 -2.082439517565800036e-01 3.223245035325927876e+00 1.000000000000000056e-01
2.503999999999999915e+01 -2.142740858998061770e-01 -2.397520337066776086e-01 -1.000000000000000056e-01
2.505000000000000071e+01 -2.143771511683942588e-01 1.205322260901631415e+00 -1.000000000000000056e-01
2.506000000000000227e+01 -2.186964934153015627e-01 2.923741535664670099e+00 1.000000000000000056e-01
2.507000000000000028e+01 -2.245183979890464088e-01 1.776216011428861874e+00 1.000000000000000056e-01
2.508000000000000185e+01 -2.269549042205152578e-01 5.476689831938658798e-02 -1.000000000000000056e-01
2.508999999999999986e+01 -2.286665916407000787e-01 3.216864757098417904e+00 1.000000000000000056e-01
2.510000000000000142e+01 -2.342213504825360892e-01 -2.447330268265963116e-01 -1.000000000000000056e-01
2.510999999999999943e+01 -2.345123799100666817e-01 1.200146948619947418e+00 -1.000000000000000056e-01
2.512000000000000099e+01 -2.378443509246842558e-01 9.019933067441668895e-01 -1.000000000000000056e-01
2.512999999999999901e+01 -2.412227940463439191e-01 2.921015378508629468e+00 1.000000000000000056e-01
2.514000000000000057e+01 -2.464905108888416629e-01 1.774100555133078627e+00 1.000000000000000056e-01
2.515000000000000213e+01 -2.488973661533795123e-01 5.318363038317978908e-02 -1.000000000000000056e-01
2.516000000000000014e+01 -2.500498091029235148e-01 1.200375612350384591e+00 -1.000000000000000056e-01
2.517000000000000171e+01 -2.531855003789850733e-01 9.042466168767097079e-01 -1.000000000000000056e-01
2.517999999999999972e+01 -2.564875625978741414e-01 2.924347618198811727e+00 1.000000000000000056e-01
2.519000000000000128e+01 -2.608368199299969103e-01 -2.398471742926281125e-01 -1.000000000000000056e-01
2.519999999999999929e+01 -2.620222255159596059e-01 3.222068116598113985e+00 1.000000000000000056e-01
2.521000000000000085e+01 -2.672724942676878990e-01 1.780039344205768037e+00 1.000000000000000056e-01
2.521999999999999886e+01 -2.701124681259663984e-01 2.074202575001572679e+00 1.000000000000000056e-01
2.523000000000000043e+01 -2.733343489091180079e-01 2.071364836905331241e+00 1.000000000000000056e-01
2.524000000000000199e+01 -2.760205202402381541e-01 5.021170021942936851e-02 -1.000000000000000056e-01
2.525000000000000000e+01 -2.776840844642787798e-01 3.208085295020664418e+00 1.000000000000000056e-01
2.526000000000000156e+01 -2.818361357428856295e-01 -2.554140463744776213e-01 -1.000000000000000056e-01
2.526999999999999957e+01 -2.826653278608738940e-01 1.186291895856051104e+00 -1.000000000000000056e-01
2.528000000000000114e+01 -2.856215572109135903e-01 2.904050317915728652e+00 1.000000000000000056e-01
2.528999999999999915e+01 -2.893137177939386073e-01 -2.606955481090581506e-01 -1.000000000000000056e-01
2.530000000000000071e+01 -2.905267487816280969e-01 3.201388831993194461e+00 1.000000000000000056e-01
2.531000000000000227e+01 -2.946062780076120213e-01 1.757858154574268417e+00 1.000000000000000056e-01
2.532000000000000028e+01 -2.970570845809307747e-01 2.052595735114451259e+00 1.000000000000000056e-01
2.533000000000000185e+01 -2.997269614394539872e-01 2.050499875546680340e+00 1.000000000000000056e-01
2.533999999999999986e+01 -3.023388566252732668e-01 2.046974343875851421e+00 1.000000000000000056e-01
2.535000000000000142e+01 -3.046166658710841579e-01 2.622959758262334573e-02 -1.000000000000000056e-01
2.535999999999999943e+01 -3.062516761532951270e-01 3.186045659725425416e+00 1.000000000000000056e-01
2.537000000000000099e+01 -3.093189468638302131e-01 -2.787937267584351675e-01 -1.000000000000000056e-01
2.537999999999999901e+01 -3.105883216878519426e-01 1.168249730364578021e+00 -1.000000000000000056e-01
2.539000000000000057e+01 -3.128039280068768968e-01 2.886365107334200708e+00 1.000000000000000056e-01
2.540000000000000213e+01 -3.156606798666184988e-01 -2.788178697783181836e-01 -1.000000000000000056e-01
2.541000000000000014e+01 -3.170446435486363179e-01 3.187867909686073808e+00 1.000000000000000056e-01
2.542000000000000171e+01 -3.198461489042377370e-01 1.742018956174129940e+00 1.000000000000000056e-01
2.542999999999999972e+01 -3.219194451576473104e-01 2.038568128161993176e+00 1.000000000000000056e-01
2.544000000000000128e+01 -3.238769733892618574e-01 2.212043158833053649e-02 -1.000000000000000056e-01
2.544999999999999929e+01 -3.255188354498938508e-01 3.186808678702818476e+00 1.000000000000000056e-01
2.546000000000000085e+01 -3.278439289888768204e-01 1.739363565687529478e+00 1.000000000000000056e-01
2.546999999999999886e+01 -3.297194996806303013e-01 1.860358318345440437e-02 -1.000000000000000056e-01
2.548000000000000043e+01 -3.313057539351554337e-01 1.169249410881889384e+00 -1.000000000000000056e-01
2.549000000000000199e+01 -3.329391671235539807e-01 8.734273334176996251e-01 -1.000000000000000056e-01
2.550000000000000000e+01 -3.348796110237368118e-01 2.893812838108031915e+00 1.000000000000000056e-01
2.551000000000000156e+01 -3.366688805068462353e-01 -2.717095843496251106e-01 -1.000000000000000056e-01
2.551999999999999957e+01 -3.383107270702693237e-01 3.197041531194134478e+00 1.000000000000000056e-01
2.553000000000000114e+01 -3.398225453895755144e-01 1.750968901965114233e+00 1.000000000000000056e-01
2.553999999999999915e+01 -3.415720653171131493e-01 3.312366052402575950e-02 -1.000000000000000056e-01
2.555000000000000071e+01 -3.431706200843549492e-01 3.199561674887150708e+00 1.000000000000000056e-01
2.556000000000000227e+01 -3.443430128528187639e-01 1.753143855361298797e+00 1.000000000000000056e-01
2.557000000000000028e+01 -3.460502265946017175e-01 3.342414592647405952e-02 -1.000000000000000056e-01
2.558000000000000185e+01 -3.476588119327565507e-01 3.197998709742240653e+00 1.000000000000000056e-01
2.558999999999999986e+01 -3.486524428692897026e-01 -2.652610662932952112e-01 -1.000000000000000056e-01
2.560000000000000142e+01 -3.505072897933347309e-01 3.199357721193051063e+00 1.000000000000000056e-01
2.560999999999999943e+01 -3.510459748313508599e-01 1.751539867026248087e+00 1.000000000000000056e-01
2.562000000000000099e+01 -3.524394775762463849e-01 2.047069011523634519e+00 1.000000000000000056e-01
2.562999999999999901e+01 -3.534651822035678181e-01 2.045380682019248386e+00 1.000000000000000056e-01
2.564000000000000057e+01 -3.544739330439548031e-01 2.042646863342782115e+00 1.000000000000000056e-01
2.565000000000000213e+01 -3.554631508996616840e-01 2.038822105058041512e+00 1.000000000000000056e-01
2.566000000000000014e+01 -3.567083622083225825e-01 1.970496586119979340e-02 -1.000000000000000056e-01
2.567000000000000171e+01 -3.584118404984898421e-01 3.183443062577908211e+00 1.000000000000000056e-01
2.567999999999999972e+01 -3.581762980812243091e-01 1.731665428183421174e+00 1.000000000000000056e-01
2.569000000000000128e+01 -3.594217952612021594e-01 2.026642219175681880e+00 1.000000000000000056e-01
2.569999999999999929e+01 -3.604768004357050692e-01 1.042442953601205140e-02 -1.000000000000000056e-01
2.571000000000000085e+01 -3.625207887863191036e-01 1.165680432125165256e+00 -1.000000000000000056e-01
2.571999999999999886e+01 -3.627477165489560451e-01 2.883935430831811697e+00 1.000000000000000056e-01
2.573000000000000043e+01 -3.625704465249204311e-01 1.731338330851060814e+00 1.000000000000000056e-01
2.574000000000000199e+01 -3.638709933961717935e-01 1.650474514672108789e-02 -1.000000000000000056e-01
2.575000000000000000e+01 -3.653914788117518242e-01 3.188296998471693566e+00 1.000000000000000056e-01
2.576000000000000156e+01 -3.641728131023607706e-01 1.737723844706438925e+00 1.000000000000000056e-01
2.576999999999999957e+01 -3.655182023698904104e-01 2.260202663239077245e-02 -1.000000000000000056e-01
2.578000000000000114e+01 -3.670283931952093570e-01 3.193412721638074547e+00 1.000000000000000056e-01
2.578999999999999915e+01 -3.654563815771939006e-01 1.741715933857360898e+00 1.000000000000000056e-01
2.580000000000000071e+01 -3.667400848968397908e-01 2.628631572763006491e-02 -1.000000000000000056e-01
2.581000000000000227e+01 -3.682469004386911826e-01 3.196755742154342883e+00 1.000000000000000056e-01
2.582000000000000028e+01 -3.663148661299109321e-01 1.744592113058762273e+00 1.000000000000000056e-01
2.583000000000000185e+01 -3.675411768360820619e-01 2.933894355611760610e-02 -1.000000000000000056e-01
2.583999999999999986e+01 -3.696611279023120367e-01 1.187699170193538878e+00 -1.000000000000000056e-01
2.585000000000000142e+01 -3.695940430440305957e-01 8.930959704109684427e-01 -1.000000000000000056e-01
2.585999999999999943e+01 -3.704900475255158976e-01 9.013369903382274506e-01 -1.000000000000000056e-01
2.587000000000000099e+01 -3.703685404986346019e-01 2.922601744006106728e+00 1.000000000000000056e-01
2.587999999999999901e+01 -3.683812128566615884e-01 1.769028540425852114e+00 1.000000000000000056e-01
2.589000000000000057e+01 -3.692019262440346949e-01 5.583342373949674864e-02 -1.000000000000000056e-01
2.590000000000000213e+01 -3.712055826983025608e-01 1.215227463479164438e+00 -1.000000000000000056e-01
2.591000000000000014e+01 -3.700604955154351838e-01 2.934621868099298148e+00 1.000000000000000056e-01
2.592000000000000171e+01 -3.685932984021097480e-01 -2.321679321699450238e-01 -1.000000000000000056e-01
2.592999999999999972e+01 -3.706353810499872781e-01 3.239402024336511143e+00 1.000000000000000056e-01
2.594000000000000128e+01 -3.671010499959820317e-01 1.787599422629259083e+00 1.000000000000000056e-01
2.594999999999999929e+01 -3.678791903829029541e-01 7.104077296947450271e-02 -1.000000000000000056e-01
2.596000000000000085e+01 -3.691614590324263090e-01 3.238713291192533372e+00 1.000000000000000056e-01
2.596999999999999886e+01 -3.662512106127689959e-01 -2.274174074413131963e-01 -1.000000000000000056e-01
2.598000000000000043e+01 -3.685474872705438720e-01 3.240270008145210046e+00 1.000000000000000056e-01
2.599000000000000199e+01 -3.654004863099756251e-01 -2.265658537038587328e-01 -1.000000000000000056e-01
2.600000000000000000e+01 -3.676892070019431857e-01 3.240796581400932741e+00 1.000000000000000056e-01
2.601000000000000156e+01 -3.643441558234802868e-01 -2.254957488438082691e-01 -1.000000000000000056e-01
2.601999999999999957e+01 -3.666365487036704618e-01 3.242072953099679467e+00 1.000000000000000056e-01
2.603000000000000114e+01 -3.630995292110920092e-01 -2.240505045988241961e-01 -1.000000000000000056e-01
2.603999999999999915e+01 -3.662990602413601082e-01 1.230265101899998603e+00 -1.000000000000000056e-01
2.605000000000000071e+01 -3.643060089645959176e-01 2.947086460596054280e+00 1.000000000000000056e-01
2.606000000000000227e+01 -3.606198092338504524e-01 1.795887802800212096e+00 1.000000000000000056e-01
2.607000000000000028e+01 -3.610167945525956101e-01 7.934105521926326787e-02 -1.000000000000000056e-01
2.608000000000000185e+01 -3.621327731916936243e-01 3.246104692095859168e+00 1.000000000000000056e-01
2.608999999999999986e+01 -3.581026351784417638e-01 -2.189938748403357227e-01 -1.000000000000000056e-01
2.610000000000000142e+01 -3.614161341039438535e-01 1.234293073454668432e+00 -1.000000000000000056e-01
2.610999999999999943e+01 -3.590628001103081113e-01 2.950536207294976787e+00 1.000000000000000056e-01
2.612000000000000099e+01 -3.559557705332802025e-01 -2.160107446565117384e-01 -1.000000000000000056e-01
2.612999999999999901e+01 -3.580932236362097676e-01 3.251830072093631507e+00 1.000000000000000056e-01
2.614000000000000057e+01 -3.535183388159752194e-01 -2.133347157310231390e-01 -1.000000000000000056e-01
2.615000000000000213e+01 -3.557302615000650925e-01 3.253569492236488614e+00 1.000000000000000056e-01
2.616000000000000014e+01 -3.510100764474216595e-01 -2.116428295550070726e-01 -1.000000000000000056e-01
2.617000000000000171e+01 -3.543028039426935338e-01 1.240224839881529872e+00 -1.000000000000000056e-01
2.617999999999999972e+01 -3.525771057688601440e-01 9.425426064189740272e-01 -1.000000000000000056e-01
2.619000000000000128e+01 -3.509999086843507698e-01 2.961712550545926081e+00 1.000000000000000056e-01
2.619999999999999929e+01 -3.459760360602830986e-01 1.811784774682250188e+00 1.000000000000000056e-01
2.621000000000000085e+01 -3.447195464139433119e-01 2.108817127599861507e+00 1.000000000000000056e-01
2.621999999999999886e+01 -3.433345002144546632e-01 9.202221869373766738e-02 -1.000000000000000056e-01
2.623000000000000043e+01 -3.442620619489730194e-01 3.255831456950932346e+00 1.000000000000000056e-01
2.624000000000000199e+01 -3.378407865764384566e-01 1.806565980970110896e+00 1.000000000000000056e-01
2.625000000000000000e+01 -3.379625908084762376e-01 8.487945019683355852e-02 -1.000000000000000056e-01
2.626000000000000156e+01 -3.401297567840928515e-01 1.233349202186093452e+00 -1.000000000000000056e-01
2.626999999999999957e+01 -3.381149816988918144e-01 9.345941483715021203e-01 -1.000000000000000056e-01
2.628000000000000114e+01 -3.364156926178600848e-01 2.952344304921844298e+00 1.000000000000000056e-01
2.628999999999999915e+01 -3.307988929841693682e-01 1.801516202958551860e+00 1.000000000000000056e-01
2.630000000000000071e+01 -3.293073582144484535e-01 2.098053923297703793e+00 1.000000000000000056e-01
2.631000000000000227e+01 -3.276719528150086047e-01 8.138059550614883120e-02 -1.000000000000000056e-01
2.632000000000000028e+01 -3.298098811771063565e-01 1.231650161667453114e+00 -1.000000000000000056e-01
2.633000000000000185e+01 -3.262830203276023133e-01 2.948110099894821090e+00 1.000000000000000056e-01
2.633999999999999986e+01 -3.219715200720317805e-01 -2.188242983186592105e-01 -1.000000000000000056e-01
2.635000000000000142e+01 -3.240045905423068473e-01 3.246192475103105934e+00 1.000000000000000056e-01
2.635999999999999943e+01 -3.178456777025265856e-01 -2.183294068045679714e-01 -1.000000000000000056e-01
2.637000000000000099e+01 -3.199622372336695664e-01 3.246763023587968977e+00 1.000000000000000056e-01
2.637999999999999901e+01 -3.136719094137798147e-01 -2.177364957700483605e-01 -1.000000000000000056e-01
2.639000000000000057e+01 -3.170721776468239939e-01 1.232493688234045148e+00 -1.000000000000000056e-01
2.640000000000000213e+01 -3.144496438333928556e-01 9.349795168871761764e-01 -1.000000000000000056e-01
2.641000000000000014e+01 -3.119779765211226352e-01 2.954248318579245414e+00 1.000000000000000056e-01
2.642000000000000171e+01 -3.068026001384552837e-01 -2.113043208128206341e-01 -1.000000000000000056e-01
2.642999999999999972e+01 -3.098964066886477631e-01 1.240049900236078750e+00 -1.000000000000000056e-01
2.644000000000000128e+01 -3.069159007659553184e-01 9.439917129928458994e-01 -1.000000000000000056e-01
2.644999999999999929e+01 -3.041394822091897376e-01 2.965357952464142244e+00 1.000000000000000056e-01
2.646000000000000085e+01 -2.986255023595056346e-01 -1.995874130845489425e-01 -1.000000000000000056e-01
2.646999999999999886e+01 -3.002091804247066786e-01 3.265496485019898643e+00 1.000000000000000056e-01
2.648000000000000043e+01 -2.930344385264777030e-01 -1.969916198389247142e-01 -1.000000000000000056e-01
2.649000000000000199e+01 -2.947529125156891916e-01 3.265660230361715932e+00 1.000000000000000056e-01
2.650000000000000000e+01 -2.875572124970169896e-01 -1.970495990485003901e-01 -1.000000000000000056e-01
2.651000000000000156e+01 -2.906971745687914610e-01 1.247269019546819235e+00 -1.000000000000000056e-01
2.651999999999999957e+01 -2.874717854439544640e-01 9.492765275502720312e-01 -1.000000000000000056e-01
2.653000000000000114e+01 -2.844440812448940648e-01 2.968723384761539297e+00 1.000000000000000056e-01
2.653999999999999915e+01 -2.785903536946790493e-01 -1.959081227173170292e-01 -1.000000000000000056e-01
2.655000000000000071e+01 -2.800656288736890209e-01 3.265372618096310298e+00 1.000000000000000056e-01
2.656000000000000227e+01 -2.725159183622881121e-01 -1.954661260179741955e-01 -1.000000000000000056e-01
2.657000000000000028e+01 -2.755278205188279594e-01 1.247618535764543957e+00 -1.000000000000000056e-01
2.658000000000000185e+01 -2.720536824445798918e-01 9.502776777436926503e-01 -1.000000000000000056e-01
2.658999999999999986e+01 -2.702300772521666339e-01 9.527675261170113208e-01 -1.000000000000000056e-01
2.660000000000000142e+01 -2.667401537025897995e-01 2.973663715449326173e+00 1.000000000000000056e-01
2.660999999999999943e+01 -2.590153438988509471e-01 1.828594222024766625e+00 1.000000000000000056e-01
2.662000000000000099e+01 -2.575880825105139049e-01 1.044148431412712380e-01 -1.000000000000000056e-01
2.662999999999999901e+01 -2.573412088636510830e-01 3.264759599613513696e+00 1.000000000000000056e-01
2.664000000000000057e+01 -2.496006038760983370e-01 -1.943931675002029402e-01 -1.000000000000000056e-01
2.665000000000000213e+01 -2.525843010247728615e-01 1.243722256706589313e+00 -1.000000000000000056e-01
2.666000000000000014e+01 -2.474966442208203221e-01 2.963312086554055647e+00 1.000000000000000056e-01
2.667000000000000171e+01 -2.398396738587366683e-01 1.818036455704042709e+00 1.000000000000000056e-01
2.667999999999999972e+01 -2.369939864978808097e-01 2.109473217445155147e+00 1.000000000000000056e-01
2.669000000000000128e+01 -2.340629477325155972e-01 8.744656148217050395e-02 -1.000000000000000056e-01
2.669999999999999929e+01 -2.355840835028452651e-01 1.227107751051690787e+00 -1.000000000000000056e-01
2.671000000000000085e+01 -2.305449552702075744e-01 2.945612246685862523e+00 1.000000000000000056e-01
2.671999999999999886e+01 -2.229946524779176376e-01 1.799186784806168671e+00 1.000000000000000056e-01
2.673000000000000043e+01 -2.216654578043391333e-01 7.266468011107921066e-02 -1.000000000000000056e-01
2.674000000000000199e+01 -2.215794474819618720e-01 3.230710216354184094e+00 1.000000000000000056e-01
2.675000000000000000e+01 -2.121504855518497601e-01 1.789558261920011439e+00 1.000000000000000056e-01
2.676000000000000156e+01 -2.110079643504230995e-01 6.302582709798702776e-02 -1.000000000000000056e-01
2.676999999999999957e+01 -2.109902311106500727e-01 3.220905428487429223e+00 1.000000000000000056e-01
2.678000000000000114e+01 -2.031174965695753676e-01 -2.399170764051825055e-01 -1.000000000000000056e-01
2.678999999999999915e+01 -2.063329838017003426e-01 1.200340120102171726e+00 -1.000000000000000056e-01
2.680000000000000071e+01 -2.010169568006069662e-01 2.919417703065348313e+00 1.000000000000000056e-01
2.681000000000000227e+01 -1.947736763768017076e-01 -2.446309141152119560e-01 -1.000000000000000056e-01
2.682000000000000028e+01 -1.975566770017095075e-01 1.199138561215593812e+00 -1.000000000000000056e-01
2.683000000000000185e+01 -1.936390011634290531e-01 9.033489042384638124e-01 -1.000000000000000056e-01
2.683999999999999986e+01 -1.913899873530263418e-01 9.075060637766677596e-01 -1.000000000000000056e-01
2.685000000000000142e+01 -1.873831874668470121e-01 2.929368716493081948e+00 1.000000000000000056e-01
2.685999999999999943e+01 -1.804503476699759468e-01 -2.332343927611323087e-01 -1.000000000000000056e-01
2.687000000000000099e+01 -1.813422091894834887e-01 3.229087542921379228e+00 1.000000000000000056e-01
2.687999999999999901e+01 -1.710696214360892531e-01 1.790082946012717002e+00 1.000000000000000056e-01
2.689000000000000057e+01 -1.692832076532654606e-01 6.599685528072608831e-02 -1.000000000000000056e-01
2.690000000000000213e+01 -1.702367762055144729e-01 1.208501061961015699e+00 -1.000000000000000056e-01
2.691000000000000014e+01 -1.645259416403691277e-01 2.929858421137143232e+00 1.000000000000000056e-01
2.692000000000000171e+01 -1.578257809150150071e-01 -2.330666493164841868e-01 -1.000000000000000056e-01
2.692999999999999972e+01 -1.587712044838424097e-01 3.223547601484094915e+00 1.000000000000000056e-01
2.694000000000000128e+01 -1.485400514858730425e-01 1.784399381912977978e+00 1.000000000000000056e-01
2.694999999999999929e+01 -1.467667480278759262e-01 5.844643454632277024e-02 -1.000000000000000056e-01
2.696000000000000085e+01 -1.477574646894806998e-01 1.199397962775213600e+00 -1.000000000000000056e-01
2.696999999999999886e+01 -1.420433779405374519e-01 2.920096172087014885e+00 1.000000000000000056e-01
2.698000000000000043e+01 -1.337293304211584766e-01 1.776125822948311006e+00 1.000000000000000056e-01
2.699000000000000199e+01 -1.318152308052760180e-01 5.068338897720064268e-02 -1.000000000000000056e-01
2.700000000000000000e+01 -1.327657630739543237e-01 1.192253017631138778e+00 -1.000000000000000056e-01
2.701000000000000156e+01 -1.285436062916932576e-01 8.957623723198815391e-01 -1.000000000000000056e-01
2.701999999999999957e+01 -1.245986373653209800e-01 2.915630781240340141e+00 1.000000000000000056e-01
2.703000000000000114e+01 -1.159040057980961214e-01 1.772101112228555930e+00 1.000000000000000056e-01
2.703999999999999915e+01 -1.138236324870196686e-01 4.816940903869017937e-02 -1.000000000000000056e-01
2.705000000000000071e+01 -1.145659164401461871e-01 1.191088367122890013e+00 -1.000000000000000056e-01
2.706000000000000227e+01 -1.101951786622101664e-01 8.956820237807395779e-01 -1.000000000000000056e-01
2.707000000000000028e+01 -1.060999196541313611e-01 2.916471706968703170e+00 1.000000000000000056e-01
2.708000000000000185e+01 -9.888528182553071866e-02 -2.455194653297319840e-01 -1.000000000000000056e-01
2.708999999999999986e+01 -1.009546027769685494e-01 1.194905891891820282e+00 -1.000000000000000056e-01
2.710000000000000142e+01 -9.485273553450444817e-02 2.919000003754557593e+00 1.000000000000000056e-01
2.710999999999999943e+01 -8.610902281843992034e-02 1.778373274587605968e+00 1.000000000000000056e-01
2.712000000000000099e+01 -8.379895445890547800e-02 5.372945503313970167e-02 -1.000000000000000056e-01
2.712999999999999901e+01 -8.430538269791680583e-02 1.194741762973602350e+00 -1.000000000000000056e-01
2.714000000000000057e+01 -7.978432685293607163e-02 8.991733188362583951e-01 -1.000000000000000056e-01
2.715000000000000213e+01 -7.704448707993230561e-02 9.012231010699623956e-01 -1.000000000000000056e-01
2.716000000000000014e+01 -7.248200275176946983e-02 2.922586915911769001e+00 1.000000000000000056e-01
2.717000000000000171e+01 -6.356687812186724573e-02 1.781658948814236032e+00 1.000000000000000056e-01
2.717999999999999972e+01 -5.959900390857817559e-02 2.075678623261459244e+00 1.000000000000000056e-01
2.719000000000000128e+01 -5.557733378581124206e-02 5.550393533407661090e-02 -1.000000000000000056e-01
2.719999999999999929e+01 -5.612650750975327341e-02 1.194173222644049126e+00 -1.000000000000000056e-01
2.721000000000000085e+01 -5.164841656695740024e-02 8.969081445361666294e-01 -1.000000000000000056e-01
2.721999999999999886e+01 -4.892023814919257974e-02 8.969450098952447270e-01 -1.000000000000000056e-01
2.723000000000000043e+01 -4.438680592010184334e-02 2.917343851354488038e+00 1.000000000000000056e-01
2.724000000000000199e+01 -3.558267726954281868e-02 1.776938985938449012e+00 1.000000000000000056e-01
2.725000000000000000e+01 -3.158935312288740915e-02 2.070625064723824682e+00 1.000000000000000056e-01
2.726000000000000156e+01 -2.762150830812398067e-02 5.030146558069537033e-02 -1.000000000000000056e-01
2.726999999999999957e+01 -2.656903586335256778e-02 3.206708613183526069e+00 1.000000000000000056e-01
2.728000000000000114e+01 -1.808765731665056345e-02 -2.496212788514131087e-01 -1.000000000000000056e-01
2.728999999999999915e+01 -1.862178649994244636e-02 3.200981094578856823e+00 1.000000000000000056e-01
2.730000000000000071e+01 -8.637095717938131703e-03 1.763925159707357304e+00 1.000000000000000056e-01
2.731000000000000227e+01 -5.016859930482064911e-03 2.053606379733353027e+00 1.000000000000000056e-01
2.732000000000000028e+01 9.639871264538311555e-05 2.049999646178955803e+00 1.000000000000000056e-01
2.733000000000000185e+01 3.619770504866899608e-03 2.682246322390333115e-02 -1.000000000000000056e-01
2.733999999999999986e+01 4.366499013391886806e-03 3.181369885561736499e+00 1.000000000000000056e-01
2.735000000000000142e+01 1.386791933559817017e-02 1.740517362363372289e+00 1.000000000000000056e-01
2.735999999999999943e+01 1.578248186947587423e-02 1.188318724509615336e-02 -1.000000000000000056e-01
2.737000000000000099e+01 1.659424780257955437e-02 3.169345193543203099e+00 1.000000000000000056e-01
2.737999999999999901e+01 2.459353403619482861e-02 -2.894797066333202884e-01 -1.000000000000000056e-01
2.739000000000000057e+01 2.249890279234443777e-02 1.151217935667252279e+00 -1.000000000000000056e-01
2.740000000000000213e+01 2.815939056352927128e-02 2.872474151134062126e+00 1.000000000000000056e-01
2.741000000000000014e+01 3.602509416058311681e-02 1.728242795654956865e+00 1.000000000000000056e-01
2.742000000000000171e+01 3.974276417763029923e-02 2.023536961738787721e+00 1.000000000000000056e-01
2.742999999999999972e+01 4.337273341250560271e-02 5.981549528802575580e-03 -1.000000000000000056e-01
2.744000000000000128e+01 4.436554310918079669e-02 3.167752058690171957e+00 1.000000000000000056e-01
2.744999999999999929e+01 5.225812492455718383e-02 -2.913813080975412029e-01 -1.000000000000000056e-01
2.746000000000000085e+01 5.045087157379079396e-02 1.151734915034218654e+00 -1.000000000000000056e-01
2.746999999999999886e+01 5.475353771896311617e-02 8.560137406901681123e-01 -1.000000000000000056e-01
2.748000000000000043e+01 5.871107262446613462e-02 2.877502323693145403e+00 1.000000000000000056e-01
2.749000000000000199e+01 6.539479327595230929e-02 -2.847079772756568317e-01 -1.000000000000000056e-01
2.750000000000000000e+01 6.424714433684969306e-02 1.162404826144412207e+00 -1.000000000000000056e-01
2.751000000000000156e+01 6.865138632521902706e-02 8.695728909005467910e-01 -1.000000000000000056e-01
2.751999999999999957e+01 7.293687330182349604e-02 2.893837022769346845e+00 1.000000000000000056e-01
2.753000000000000114e+01 8.104479141745273008e-02 1.751039873686677906e+00 1.000000000000000056e-01
2.753999999999999915e+01 8.502576356250216016e-02 2.047678502329851380e+00 1.000000000000000056e-01
2.755000000000000071e+01 9.020907800915324570e-02 2.048196927897466768e+00 1.000000000000000056e-01
2.756000000000000227e+01 9.394030034804622120e-02 2.940844613398059526e-02 -1.000000000000000056e-01
2.757000000000000028e+01 9.395938566643043111e-02 1.171540521224742504e+00 -1.000000000000000056e-01
2.758000000000000185e+01 9.931880956553437723e-02 2.891314313308058992e+00 1.000000000000000056e-01
2.758999999999999986e+01 1.067256929426359247e-01 1.746274346869011396e+00 1.000000000000000056e-01
2.760000000000000142e+01 1.092119022203815459e-01 2.251962567353756398e-02 -1.000000000000000056e-01
2.760999999999999943e+01 1.093563951998060557e-01 1.166666024397357004e+00 -1.000000000000000056e-01
2.762000000000000099e+01 1.134521748128234364e-01 8.714450738918422257e-01 -1.000000000000000056e-01
2.762999999999999901e+01 1.161595922411230164e-01 8.748838998023290570e-01 -1.000000000000000056e-01
2.764000000000000057e+01 1.191863728482986107e-01 8.786713889567628888e-01 -1.000000000000000056e-01
2.765000000000000213e+01 1.222696355842190497e-01 8.835885092704179877e-01 -1.000000000000000056e-01
2.766000000000000014e+01 1.265939935111888570e-01 2.907944987906278644e+00 1.000000000000000056e-01
2.767000000000000171e+01 1.329870609947479965e-01 -2.519756007730183378e-01 -1.000000000000000056e-01
2.767999999999999972e+01 1.337553226562077091e-01 3.211276418203897531e+00 1.000000000000000056e-01
2.769000000000000128e+01 1.412498235274254055e-01 -2.443574733152238110e-01 -1.000000000000000056e-01
2.769999999999999929e+01 1.418976731770575372e-01 3.215084211331891151e+00 1.000000000000000056e-01
2.771000000000000085e+01 1.492115781228832705e-01 -2.412517743862272468e-01 -1.000000000000000056e-01
2.771999999999999886e+01 1.498296458246519136e-01 3.214790138546094855e+00 1.000000000000000056e-01
2.773000000000000043e+01 1.569585063804159186e-01 -2.416344689047396632e-01 -1.000000000000000056e-01
2.774000000000000199e+01 1.565137810568299759e-01 1.194831948599791582e+00 -1.000000000000000056e-01
2.775000000000000000e+01 1.616041454272766631e-01 2.917864303285603977e+00 1.000000000000000056e-01
2.776000000000000156e+01 1.673584863453282667e-01 -2.427119923359870313e-01 -1.000000000000000056e-01
2.776999999999999957e+01 1.671144679350887730e-01 1.194836291536857997e+00 -1.000000000000000056e-01
2.778000000000000114e+01 1.721180454900312906e-01 2.919167522919306368e+00 1.000000000000000056e-01
2.778999999999999915e+01 1.788390816005772099e-01 1.779794166245805886e+00 1.000000000000000056e-01
2.780000000000000071e+01 1.824667938166796011e-01 2.073281974118902138e+00 1.000000000000000056e-01
2.781000000000000227e+01 1.869426250669417033e-01 2.071677779208600967e+00 1.000000000000000056e-01
2.782000000000000028e+01 1.912705164222228138e-01 2.068520095821909877e+00 1.000000000000000056e-01
2.783000000000000185e+01 1.944613431101767098e-01 4.488879005357172824e-02 -1.000000000000000056e-01
2.783999999999999986e+01 1.958167319131544071e-01 3.198432592463280155e+00 1.000000000000000056e-01
2.785000000000000142e+01 2.027677520107295517e-01 1.757855511742170584e+00 1.000000000000000056e-01
2.785999999999999943e+01 2.058509060048315520e-01 2.046549076740345807e+00 1.000000000000000056e-01
2.787000000000000099e+01 2.097875008200053293e-01 2.042031669491551682e+00 1.000000000000000056e-01
2.787999999999999901e+01 2.126982837472522481e-01 1.950166538411948064e-02 -1.000000000000000056e-01
2.789000000000000057e+01 2.130149379606598725e-01 1.160263002550749434e+00 -1.000000000000000056e-01
2.790000000000000213e+01 2.170205122934215913e-01 2.879567537596837479e+00 1.000000000000000056e-01
2.791000000000000014e+01 2.224238399365232877e-01 1.733147382141045023e+00 1.000000000000000056e-01
2.792000000000000171e+01 2.254949676399142511e-01 2.027234378895598432e+00 1.000000000000000056e-01
2.792999999999999972e+01 2.292108712822989725e-01 2.026431490199076979e+00 1.000000000000000056e-01
2.794000000000000128e+01 2.319954663091441938e-01 7.909502609823530761e-03 -1.000000000000000056e-01
2.794999999999999929e+01 2.332624891540977519e-01 3.169408765985399778e+00 1.000000000000000056e-01
2.796000000000000085e+01 2.391434685674115046e-01 1.725723781493605946e+00 1.000000000000000056e-01
2.796999999999999886e+01 2.419192034458581830e-01 2.018893859515341394e+00 1.000000000000000056e-01
2.798000000000000043e+01 2.453778362868062890e-01 2.017055412978124629e+00 1.000000000000000056e-01
2.799000000000000199e+01 2.487543255519749918e-01 2.014680598472375905e+00 1.000000000000000056e-01
2.800000000000000000e+01 2.520482537424009184e-01 2.011549071528098143e+00 1.000000000000000056e-01
2.801000000000000156e+01 2.552802105195109972e-01 2.007809419175177190e+00 1.000000000000000056e-01
2.801999999999999957e+01 2.584580213586053499e-01 2.003879246214008703e+00 1.000000000000000056e-01
2.803000000000000114e+01 2.615714086029916063e-01 2.000007565839654333e+00 1.000000000000000056e-01
2.803999999999999915e+01 2.639248848773522726e-01 -1.887729861079974827e-02 -1.000000000000000056e-01
2.805000000000000071e+01 2.650932073407104017e-01 3.145993823111327803e+00 1.000000000000000056e-01
2.806000000000000227e+01 2.691909768145223647e-01 -3.178835900757980282e-01 -1.000000000000000056e-01
2.807000000000000028e+01 2.691796125219618752e-01 1.137909774987858169e+00 -1.000000000000000056e-01
2.808000000000000185e+01 2.723363329508562969e-01 2.860132025859450700e+00 1.000000000000000056e-01
2.808999999999999986e+01 2.763147942871684859e-01 1.711131361636490267e+00 1.000000000000000056e-01
2.810000000000000142e+01 2.789039278235777020e-01 2.011471251727039000e+00 1.000000000000000056e-01
2.810999999999999943e+01 2.812530159013409414e-01 -6.833241417946846284e-04 -1.000000000000000056e-01
2.812000000000000099e+01 2.820716172820882939e-01 1.158057464028463102e+00 -1.000000000000000056e-01
2.812999999999999901e+01 2.844531284914519897e-01 8.662798473188907389e-01 -1.000000000000000056e-01
2.814000000000000057e+01 2.867052216028745382e-01 2.889916271422363181e+00 1.000000000000000056e-01
2.815000000000000213e+01 2.904981840049070674e-01 1.739067844263188167e+00 1.000000000000000056e-01
2.816000000000000014e+01 2.929615848254937815e-01 2.039111594009137995e+00 1.000000000000000056e-01
2.817000000000000171e+01 2.956985415628846647e-01 2.041033985223822622e+00 1.000000000000000056e-01
2.817999999999999972e+01 2.978987143433560747e-01 2.723419127339601897e-02 -1.000000000000000056e-01
2.819000000000000128e+01 2.989980685315529185e-01 1.182611528011869195e+00 -1.000000000000000056e-01
2.819999999999999929e+01 3.015560960655301326e-01 2.901637934730131541e+00 1.000000000000000056e-01
2.821000000000000085e+01 3.041030477147716460e-01 -2.646459741929270693e-01 -1.000000000000000056e-01
2.821999999999999886e+01 3.055930891228869628e-01 3.206348224671081937e+00 1.000000000000000056e-01
2.823000000000000043e+01 3.087530915873418214e-01 1.757536300191669953e+00 1.000000000000000056e-01
2.824000000000000199e+01 3.109447852188297334e-01 2.056099726611253065e+00 1.000000000000000056e-01
2.825000000000000000e+01 3.129550080309931315e-01 4.186675267489742280e-02 -1.000000000000000056e-01
2.826000000000000156e+01 3.145404452845286247e-01 3.209989768028805646e+00 1.000000000000000056e-01
2.826999999999999957e+01 3.168895178624052122e-01 -2.551797891668393103e-01 -1.000000000000000056e-01
2.828000000000000114e+01 3.184289326363908268e-01 3.213457683875164950e+00 1.000000000000000056e-01
2.828999999999999915e+01 3.205980645324131295e-01 -2.520705048617021826e-01 -1.000000000000000056e-01
2.830000000000000071e+01 3.220153642570309227e-01 1.204402138286436719e+00 -1.000000000000000056e-01
2.831000000000000227e+01 3.238226620353973351e-01 9.093063036441940694e-01 -1.000000000000000056e-01
2.832000000000000028e+01 3.254736788589125407e-01 2.930402363515070885e+00 1.000000000000000056e-01
2.833000000000000185e+01 3.274899720516560864e-01 1.779643431709206025e+00 1.000000000000000056e-01
2.833999999999999986e+01 3.293970130413973463e-01 2.079306760394959763e+00 1.000000000000000056e-01
2.835000000000000142e+01 3.310859035278235774e-01 6.551840865525269952e-02 -1.000000000000000056e-01
2.835999999999999943e+01 3.327297258029712768e-01 3.233697316672260236e+00 1.000000000000000056e-01
2.837000000000000099e+01 3.342609188228271022e-01 1.783552777823277369e+00 1.000000000000000056e-01
2.837999999999999901e+01 3.360003089167932777e-01 2.079589239415384760e+00 1.000000000000000056e-01
2.839000000000000057e+01 3.375312728532219309e-01 6.321392644979170750e-02 -1.000000000000000056e-01
2.840000000000000213e+01 3.391445300314531175e-01 1.216233778796087739e+00 -1.000000000000000056e-01
2.841000000000000014e+01 3.404843259368475206e-01 9.189713968605512928e-01 -1.000000000000000056e-01
2.842000000000000171e+01 3.416520158848815325e-01 2.937582297465983316e+00 1.000000000000000056e-01
2.842999999999999972e+01 3.427027783548155515e-01 1.785466312208922268e+00 1.000000000000000056e-01
2.844000000000000128e+01 3.442804145459768539e-01 7.021307606198400053e-02 -1.000000000000000056e-01
2.844999999999999929e+01 3.458728477531188283e-01 3.239485887020736143e+00 1.000000000000000056e-01
2.846000000000000085e+01 3.463479928110573813e-01 1.789808785242569922e+00 1.000000000000000056e-01
2.846999999999999886e+01 3.477582988410930498e-01 2.087068405306723218e+00 1.000000000000000056e-01
2.848000000000000043e+01 3.488326537941104366e-01 2.085081870859175179e+00 1.000000000000000056e-01
2.849000000000000199e+01 3.498691504177646183e-01 2.082135873720019958e+00 1.000000000000000056e-01
2.850000000000000000e+01 3.510109378517616840e-01 6.454276314139648085e-02 -1.000000000000000056e-01
2.851000000000000156e+01 3.527869746344708402e-01 1.217489734059373996e+00 -1.000000000000000056e-01
2.851999999999999957e+01 3.534050246936581985e-01 2.932617280527995085e+00 1.000000000000000056e-01
2.853000000000000114e+01 3.535031270710617957e-01 -2.359368273000168326e-01 -1.000000000000000056e-01
2.853999999999999915e+01 3.555298664634471417e-01 3.235766992601043501e+00 1.000000000000000056e-01
2.855000000000000071e+01 3.549776103100851787e-01 1.782926418774372079e+00 1.000000000000000056e-01
2.856000000000000227e+01 3.562919822015623295e-01 6.795928425704544917e-02 -1.000000000000000056e-01
2.857000000000000028e+01 3.581062321764030831e-01 1.225581963198351110e+00 -1.000000000000000056e-01
2.858000000000000185e+01 3.583193260915979450e-01 2.943283701265049679e+00 1.000000000000000056e-01
2.858999999999999986e+01 3.578919506129766281e-01 -2.241344587769684149e-01 -1.000000000000000056e-01
2.860000000000000142e+01 3.603710524109902114e-01 1.235676820758637717e+00 -1.000000000000000056e-01
2.860999999999999943e+01 3.603558963250963476e-01 2.953612462155969176e+00 1.000000000000000056e-01
2.862000000000000099e+01 3.596565245274677691e-01 -2.132160819740843427e-01 -1.000000000000000056e-01
2.862999999999999901e+01 3.618046424056829413e-01 3.259444951308294147e+00 1.000000000000000056e-01
2.864000000000000057e+01 3.604798862506313761e-01 -2.074944249549880992e-01 -1.000000000000000056e-01
2.865000000000000213e+01 3.630294975723208362e-01 1.250075015579005022e+00 -1.000000000000000056e-01
2.866000000000000014e+01 3.626231433418285466e-01 2.967432991707465995e+00 1.000000000000000056e-01
2.867000000000000171e+01 3.611790318408925060e-01 1.815566944193472088e+00 1.000000000000000056e-01
2.867999999999999972e+01 3.622084043024386135e-01 9.903685215513695350e-02 -1.000000000000000056e-01
2.869000000000000128e+01 3.635963114013986419e-01 3.266297766458925000e+00 1.000000000000000056e-01
2.869999999999999929e+01 3.617421415228459503e-01 -1.993292180397959468e-01 -1.000000000000000056e-01
2.871000000000000085e+01 3.644364112523961197e-01 1.254126549469483098e+00 -1.000000000000000056e-01
2.871999999999999886e+01 3.637364275580983741e-01 2.970288326815052837e+00 1.000000000000000056e-01
2.873000000000000043e+01 3.616651248629192406e-01 1.818557580435211873e+00 1.000000000000000056e-01
2.874000000000000199e+01 3.620363270504223241e-01 2.115410093157548577e+00 1.000000000000000056e-01
2.875000000000000000e+01 3.615083751009119384e-01 2.113178045177588782e+00 1.000000000000000056e-01
2.876000000000000156e+01 3.615876687093791952e-01 9.562283463531320860e-02 -1.000000000000000056e-01
2.876999999999999957e+01 3.630253675519176659e-01 3.259287510336927873e+00 1.000000000000000056e-01
2.878000000000000114e+01 3.599286094610421038e-01 1.806304662570064057e+00 1.000000000000000056e-01
2.878999999999999915e+01 3.608291563388407730e-01 8.607532215230975781e-02 -1.000000000000000056e-01
2.880000000000000071e+01 3.628803422169218362e-01 1.237986991926802727e+00 -1.000000000000000056e-01
2.881000000000000227e+01 3.616910504222716760e-01 2.953708836422151762e+00 1.000000000000000056e-01
2.882000000000000028e+01 3.588894388215607134e-01 1.800564768446447417e+00 1.000000000000000056e-01
2.883000000000000185e+01 3.596866584802720368e-01 8.365169076644490831e-02 -1.000000000000000056e-01
2.883999999999999986e+01 3.616732436862639122e-01 1.238490349593216244e+00 -1.000000000000000056e-01
2.885000000000000142e+01 3.609328896783379204e-01 9.421917922922762312e-01 -1.000000000000000056e-01
2.885999999999999943e+01 3.608616682135362130e-01 9.477297562238790052e-01 -1.000000000000000056e-01
2.887000000000000099e+01 3.600910097385274233e-01 2.967056888232376455e+00 1.000000000000000056e-01
2.887999999999999901e+01 3.566821789390199893e-01 1.814510015500021778e+00 1.000000000000000056e-01
2.889000000000000057e+01 3.563236584987915512e-01 2.113101347924800866e+00 1.000000000000000056e-01
2.890000000000000213e+01 3.549138174131192813e-01 2.112176948189756320e+00 1.000000000000000056e-01
2.891000000000000014e+01 3.543500472447143057e-01 9.554809684150321336e-02 -1.000000000000000056e-01
2.892000000000000171e+01 3.564087061217187102e-01 1.246978297283732884e+00 -1.000000000000000056e-01
2.892999999999999972e+01 3.544823926299595085e-01 2.961855508941641180e+00 1.000000000000000056e-01
2.894000000000000128e+01 3.514447462181359283e-01 -2.066163891095282035e-01 -1.000000000000000056e-01
2.894999999999999929e+01 3.537824472382929963e-01 3.260399454733593938e+00 1.000000000000000056e-01
2.896000000000000085e+01 3.495456870605718747e-01 -2.059064139970851748e-01 -1.000000000000000056e-01
2.896999999999999886e+01 3.518008170306795579e-01 3.261443747997146758e+00 1.000000000000000056e-01
2.898000000000000043e+01 3.474211997085149273e-01 -2.048190473729444294e-01 -1.000000000000000056e-01
2.899000000000000199e+01 3.496743607103064977e-01 3.261901769124019523e+00 1.000000000000000056e-01
2.900000000000000000e+01 3.442391947754347981e-01 1.810912690915789325e+00 1.000000000000000056e-01
2.901000000000000156e+01 3.435431402576497595e-01 2.106383161145806149e+00 1.000000000000000056e-01
2.901999999999999957e+01 3.416302589952481816e-01 2.103405109514753235e+00 1.000000000000000056e-01
2.903000000000000114e+01 3.397597807473991538e-01 2.099280828217027217e+00 1.000000000000000056e-01
2.903999999999999915e+01 3.388882524416428899e-01 8.005610040072393130e-02 -1.000000000000000056e-01
2.905000000000000071e+01 3.410989727440690844e-01 1.230548380309377521e+00 -1.000000000000000056e-01
2.906000000000000227e+01 3.395984251942763543e-01 9.311071740174248212e-01 -1.000000000000000056e-01
2.907000000000000028e+01 3.389760279241947338e-01 9.345863309729296464e-01 -1.000000000000000056e-01
2.908000000000000185e+01 3.384421078763839574e-01 9.392375051893624427e-01 -1.000000000000000056e-01
2.908999999999999986e+01 3.376707236393966527e-01 9.449516643448910846e-01 -1.000000000000000056e-01
2.910000000000000142e+01 3.357273349183860223e-01 2.965756314468130928e+00 1.000000000000000056e-01
2.910999999999999943e+01 3.303228787962248503e-01 1.813730678258997031e+00 1.000000000000000056e-01
2.912000000000000099e+01 3.300303597155050395e-01 9.799577778932740124e-02 -1.000000000000000056e-01
2.912999999999999901e+01 3.306904721289166127e-01 3.266677690384150790e+00 1.000000000000000056e-01
2.914000000000000057e+01 3.239386957095745090e-01 1.817032924405137528e+00 1.000000000000000056e-01
2.915000000000000213e+01 3.237333052828809121e-01 9.762465431343740618e-02 -1.000000000000000056e-01
2.916000000000000014e+01 3.256318046385663911e-01 1.248018411015580087e+00 -1.000000000000000056e-01
2.917000000000000171e+01 3.222966545605523425e-01 2.964341580794296327e+00 1.000000000000000056e-01
2.917999999999999972e+01 3.176198707073779604e-01 -2.029819347800166096e-01 -1.000000000000000056e-01
2.919000000000000128e+01 3.209818947178800230e-01 1.248459703048650393e+00 -1.000000000000000056e-01
2.919999999999999929e+01 3.184963342864655655e-01 9.507190601012279751e-01 -1.000000000000000056e-01
2.921000000000000085e+01 3.172743423550334896e-01 9.552745657737621299e-01 -1.000000000000000056e-01
2.921999999999999886e+01 3.160038868716740779e-01 9.598326507683095921e-01 -1.000000000000000056e-01
2.923000000000000043e+01 3.145932785799648856e-01 9.648006372102462258e-01 -1.000000000000000056e-01
2.924000000000000199e+01 3.118678081960465920e-01 2.986565624912747907e+00 1.000000000000000056e-01
2.925000000000000000e+01 3.053214925393719636e-01 1.837926947012278767e+00 1.000000000000000056e-01
2.926000000000000156e+01 3.032678791188417877e-01 2.134351239193529093e+00 1.000000000000000056e-01
2.926999999999999957e+01 3.010926713731290616e-01 1.156695361640203285e-01 -1.000000000000000056e-01
2.928000000000000114e+01 3.026951562505620918e-01 1.262085903137039944e+00 -1.000000000000000056e-01
2.928999999999999915e+01 2.999564573446515392e-01 9.632848999810628143e-01 -1.000000000000000056e-01
2.930000000000000071e+01 2.984267831609873078e-01 9.642443473406218102e-01 -1.000000000000000056e-01
2.931000000000000227e+01 2.969051162893043272e-01 9.657879802860523943e-01 -1.000000000000000056e-01
2.932000000000000028e+01 2.939541709925837520e-01 2.985654868111710769e+00 1.000000000000000056e-01
2.933000000000000185e+01 2.870495273124901714e-01 1.838636523267703771e+00 1.000000000000000056e-01
2.933999999999999986e+01 2.847915712423846335e-01 2.133206301735413479e+00 1.000000000000000056e-01
2.935000000000000142e+01 2.823969202550458690e-01 1.131481093589539050e-01 -1.000000000000000056e-01
2.935999999999999943e+01 2.826317006444815094e-01 3.272667668831763965e+00 1.000000000000000056e-01
2.937000000000000099e+01 2.744576274046492403e-01 1.827656036028626474e+00 1.000000000000000056e-01
2.937999999999999901e+01 2.737226206492811009e-01 1.003584860182841765e-01 -1.000000000000000056e-01
2.939000000000000057e+01 2.740920394833004092e-01 3.257603495361816925e+00 1.000000000000000056e-01
2.940000000000000213e+01 2.670883499069404698e-01 -2.057389972225146246e-01 -1.000000000000000056e-01
2.941000000000000014e+01 2.703383325578069263e-01 1.235087766813645738e+00 -1.000000000000000056e-01
2.942000000000000171e+01 2.673059702505001800e-01 9.357259714663880290e-01 -1.000000000000000056e-01
2.942999999999999972e+01 2.642111631854439091e-01 2.953516211621306287e+00 1.000000000000000056e-01
2.944000000000000128e+01 2.570904761322750920e-01 1.806252279957428764e+00 1.000000000000000056e-01
2.944999999999999929e+01 2.547525121913207236e-01 2.100633150837906804e+00 1.000000000000000056e-01
2.946000000000000085e+01 2.521646293980326359e-01 8.161656000444522663e-02 -1.000000000000000056e-01
2.946999999999999886e+01 2.537278449409638426e-01 1.226217214343122253e+00 -1.000000000000000056e-01
2.948000000000000043e+01 2.505339218063081796e-01 9.276417185573254676e-01 -1.000000000000000056e-01
2.949000000000000199e+01 2.473135323624076343e-01 2.945242667856512675e+00 1.000000000000000056e-01
2.950000000000000000e+01 2.399547056850124260e-01 1.797531401506834436e+00 1.000000000000000056e-01
2.951000000000000156e+01 2.374767493964698717e-01 2.091779296862378068e+00 1.000000000000000056e-01
2.951999999999999957e+01 2.334075589797938444e-01 2.089552140261371704e+00 1.000000000000000056e-01
2.953000000000000114e+01 2.308104668813944493e-01 6.939460083003082258e-02 -1.000000000000000056e-01
2.953999999999999915e+01 2.310605760796486385e-01 3.228175707349904222e+00 1.000000000000000056e-01
2.955000000000000071e+01 2.222274546100229398e-01 1.781328176304424860e+00 1.000000000000000056e-01
2.956000000000000227e+01 2.213133471949301212e-01 5.588591696464384473e-02 -1.000000000000000056e-01
2.957000000000000028e+01 2.215508218346184666e-01 3.215761205606955553e+00 1.000000000000000056e-01
2.958000000000000185e+01 2.126181744155361819e-01 1.769188452434792280e+00 1.000000000000000056e-01
2.958999999999999986e+01 2.103031545875966857e-01 2.061476556083289058e+00 1.000000000000000056e-01
2.960000000000000142e+01 2.063395183060714178e-01 2.057372367400015278e+00 1.000000000000000056e-01
2.960999999999999943e+01 2.038210334237230970e-01 3.709235366417371060e-02 -1.000000000000000056e-01
2.962000000000000099e+01 2.055445940801159666e-01 1.184183314722464964e+00 -1.000000000000000056e-01
2.962999999999999901e+01 2.008690863792739756e-01 2.900851777523590247e+00 1.000000000000000056e-01
2.964000000000000057e+01 1.932704739040785047e-01 1.749525025240885823e+00 1.000000000000000056e-01
2.965000000000000213e+01 1.908342231033185454e-01 2.044794023622429791e+00 1.000000000000000056e-01
2.966000000000000014e+01 1.880413054434806885e-01 2.799181402672611466e-02 -1.000000000000000056e-01
2.967000000000000171e+01 1.895870545236148785e-01 1.179686420470223540e+00 -1.000000000000000056e-01
2.967999999999999972e+01 1.861122760853081981e-01 8.835395447720229001e-01 -1.000000000000000056e-01
2.969000000000000128e+01 1.825190297691727526e-01 2.903286789352248487e+00 1.000000000000000056e-01
2.969999999999999929e+01 1.759944723625691820e-01 -2.636015618855995224e-01 -1.000000000000000056e-01
2.971000000000000085e+01 1.788884076112534915e-01 1.191214107471356920e+00 -1.000000000000000056e-01
2.971999999999999886e+01 1.734692979628683351e-01 2.912085454199213608e+00 1.000000000000000056e-01
2.973000000000000043e+01 1.665901503482305201e-01 -2.527776362724074022e-01 -1.000000000000000056e-01
2.974000000000000199e+01 1.679137069625833700e-01 3.216054902120963011e+00 1.000000000000000056e-01
2.975000000000000000e+01 1.579551203089386013e-01 1.768661417986479245e+00 1.000000000000000056e-01
2.976000000000000156e+01 1.562850177379808969e-01 4.922946498133545790e-02 -1.000000000000000056e-01
2.976999999999999957e+01 1.559432530298449915e-01 3.214309765847321199e+00 1.000000000000000056e-01
2.978000000000000114e+01 1.460753158417414377e-01 1.767375370814479263e+00 1.000000000000000056e-01
2.978999999999999915e+01 1.430798953760137326e-01 2.061592253118186946e+00 1.000000000000000056e-01
2.980000000000000071e+01 1.384462688872471203e-01 2.058265877472356120e+00 1.000000000000000056e-01
2.981000000000000227e+01 1.339250517401154583e-01 2.054041713866276098e+00 1.000000000000000056e-01
2.982000000000000028e+01 1.294820967894569907e-01 2.048809338804984392e+00 1.000000000000000056e-01
2.983000000000000185e+01 1.251190357883507631e-01 2.042789681006870417e+00 1.000000000000000056e-01
2.983999999999999986e+01 1.208181377469259993e-01 2.036395795178444601e+00 1.000000000000000056e-01
2.985000000000000142e+01 1.179925285349558151e-01 1.555916111154027719e-02 -1.000000000000000056e-01
2.985999999999999943e+01 1.195427057578320323e-01 1.165356897582130458e+00 -1.000000000000000056e-01
2.987000000000000099e+01 1.145058760065614245e-01 2.881236366322426079e+00 1.000000000000000056e-01
2.987999999999999901e+01 1.064183909615350060e-01 1.727953362406687621e+00 1.000000000000000056e-01
2.989000000000000057e+01 1.049954692447774562e-01 1.081698389378901032e-02 -1.000000000000000056e-01
2.990000000000000213e+01 1.061666740483518806e-01 1.167825668033528164e+00 -1.000000000000000056e-01
2.991000000000000014e+01 1.022660438008568817e-01 8.742264676831789094e-01 -1.000000000000000056e-01
2.992000000000000171e+01 9.822710222663752488e-02 2.896148073558942659e+00 1.000000000000000056e-01
2.992999999999999972e+01 8.983515079422112193e-02 1.743031824414355668e+00 1.000000000000000056e-01
2.994000000000000128e+01 8.650203437518105831e-02 2.041941798251190932e+00 1.000000000000000056e-01
2.994999999999999929e+01 8.155059855198598662e-02 2.042056517223837631e+00 1.000000000000000056e-01
2.996000000000000085e+01 7.672793761189526662e-02 2.040972624728892182e+00 1.000000000000000056e-01
2.996999999999999886e+01 7.200051539528841416e-02 2.038154208485218444e+00 1.000000000000000056e-01
2.998000000000000043e+01 6.735462322644292232e-02 2.034095569967027561e+00 1.000000000000000056e-01
2.999000000000000199e+01 6.420022204299874469e-02 1.579347710808144331e-02 -1.000000000000000056e-01
3.000000000000000000e+01 6.537180354069684063e-02 1.169266920075196614e+00 -1.000000000000000056e-01
3.001000000000000156e+01 6.154965188200422349e-02 8.719826340565355327e-01 -1.000000000000000056e-01
3.001999999999999957e+01 5.894836816575345362e-02 8.782480778340854277e-01 -1.000000000000000056e-01
3.003000000000000114e+01 5.637305714444386384e-02 8.854775945460524600e-01 -1.000000000000000056e-01
3.003999999999999915e+01 5.209586688237943103e-02 2.906879864695759874e+00 1.000000000000000056e-01
3.005000000000000071e+01 4.337691373710840514e-02 1.753265404104589864e+00 1.000000000000000056e-01
3.006000000000000227e+01 4.113153171565496480e-02 3.957563045865692547e-02 -1.000000000000000056e-01
3.007000000000000028e+01 4.160144920910922167e-02 1.198564140208540074e+00 -1.000000000000000056e-01
3.008000000000000185e+01 3.715726208699702410e-02 9.041599835499312121e-01 -1.000000000000000056e-01
3.008999999999999986e+01 3.407808425328658075e-02 9.111211074259880638e-01 -1.000000000000000056e-01
3.010000000000000142e+01 3.099717210743216031e-02 9.170684636745077833e-01 -1.000000000000000056e-01
3.010999999999999943e+01 2.633833216368193161e-02 2.937868845401797380e+00 1.000000000000000056e-01
3.012000000000000099e+01 1.733379612567169034e-02 1.785659353361494839e+00 1.000000000000000056e-01
3.012999999999999901e+01 1.475155209927914504e-02 6.871681043954502854e-02 -1.000000000000000056e-01
3.014000000000000057e+01 1.350688822756251385e-02 3.236684843352071184e+00 1.000000000000000056e-01
3.015000000000000213e+01 3.255089018190699453e-03 1.787817318072104644e+00 1.000000000000000056e-01
3.016000000000000014e+01 8.741819986047168461e-04 6.750250935305111832e-02 -1.000000000000000056e-01
3.017000000000000171e+01 -1.878091475438963074e-04 3.230890273558205461e+00 1.000000000000000056e-01
3.017999999999999972e+01 -8.839585729984389406e-03 -2.348617918710404762e-01 -1.000000000000000056e-01
3.019000000000000128e+01 -6.954260823006061173e-03 1.214072453439713817e+00 -1.000000000000000056e-01
3.019999999999999929e+01 -1.143028990049152656e-02 9.151279763676600787e-01 -1.000000000000000056e-01
3.021000000000000085e+01 -1.453955810297287952e-02 9.182198313535487877e-01 -1.000000000000000056e-01
3.021999999999999886e+01 -1.905487484639009632e-02 2.937400435001455090e+00 1.000000000000000056e-01
3.023000000000000043e+01 -2.644121371559830791e-02 -2.282696950168559835e-01 -1.000000000000000056e-01
3.024000000000000199e+01 -2.631599062133520642e-02 3.238503232070376825e+00 1.000000000000000056e-01
3.025000000000000000e+01 -3.635181520850493120e-02 1.791925020038861005e+00 1.000000000000000056e-01
3.026000000000000156e+01 -3.890920930218619983e-02 7.169760849990369778e-02 -1.000000000000000056e-01
3.026999999999999957e+01 -3.887643677694084532e-02 1.219725569905800500e+00 -1.000000000000000056e-01
3.028000000000000114e+01 -4.463501246351583851e-02 2.937433790266207989e+00 1.000000000000000056e-01
3.028999999999999915e+01 -5.301646714751377665e-02 1.788346220959031729e+00 1.000000000000000056e-01
3.030000000000000071e+01 -5.669811456105224717e-02 2.082474718101156697e+00 1.000000000000000056e-01
3.031000000000000227e+01 -6.176830767617709494e-02 2.079030076702737428e+00 1.000000000000000056e-01
3.032000000000000028e+01 -6.667560516801966652e-02 2.074564654227664118e+00 1.000000000000000056e-01
3.033000000000000185e+01 -7.024459624929971224e-02 5.332193464929989302e-02 -1.000000000000000056e-01
3.033999999999999986e+01 -7.123559063942577763e-02 3.212714461334261973e+00 1.000000000000000056e-01
3.035000000000000142e+01 -7.900449967067761647e-02 -2.544500407616353543e-01 -1.000000000000000056e-01
3.035999999999999943e+01 -7.872441813375068154e-02 3.206970158186323694e+00 1.000000000000000056e-01
3.037000000000000099e+01 -8.645355057203095439e-02 -2.594025209699596934e-01 -1.000000000000000056e-01
3.037999999999999901e+01 -8.508009733042781741e-02 1.190726093518529538e+00 -1.000000000000000056e-01
3.039000000000000057e+01 -9.031303690935564565e-02 2.908029546244656594e+00 1.000000000000000056e-01
3.040000000000000213e+01 -9.807479249905391716e-02 1.757368333743390743e+00 1.000000000000000056e-01
3.041000000000000014e+01 -1.015346201206955568e-01 2.054135991265653161e+00 1.000000000000000056e-01
3.042000000000000171e+01 -1.062841785509541781e-01 2.052471573090726142e+00 1.000000000000000056e-01
3.042999999999999972e+01 -1.097775847083404671e-01 3.502141545805245032e-02 -1.000000000000000056e-01
3.044000000000000128e+01 -1.098121921821122171e-01 1.185506924896836844e+00 -1.000000000000000056e-01
3.044999999999999929e+01 -1.147966513320499565e-01 2.901342682778719873e+00 1.000000000000000056e-01
3.046000000000000085e+01 -1.211029589341926088e-01 -2.664363285106198798e-01 -1.000000000000000056e-01
3.046999999999999886e+01 -1.211067785275954795e-01 3.200879922947789780e+00 1.000000000000000056e-01
3.048000000000000043e+01 -1.284885220654955751e-01 -2.643485355288562322e-01 -1.000000000000000056e-01
3.049000000000000199e+01 -1.275988959639783316e-01 1.189947165295733855e+00 -1.000000000000000056e-01
3.050000000000000000e+01 -1.326234829162708795e-01 2.908088704425811688e+00 1.000000000000000056e-01
3.051000000000000156e+01 -1.399275417527687249e-01 1.757406953748878120e+00 1.000000000000000056e-01
3.051999999999999957e+01 -1.433498421436186498e-01 2.054894852556109708e+00 1.000000000000000056e-01
3.053000000000000114e+01 -1.478970258852611852e-01 2.053528509221046239e+00 1.000000000000000056e-01
3.053999999999999915e+01 -1.513147314245802399e-01 3.648238252030669426e-02 -1.000000000000000056e-01
3.055000000000000071e+01 -1.516575566790382690e-01 1.187363725038319551e+00 -1.000000000000000056e-01
3.056000000000000227e+01 -1.553439726041523083e-01 8.887850290925423113e-01 -1.000000000000000056e-01
3.057000000000000028e+01 -1.582818428917028564e-01 8.922740165055879080e-01 -1.000000000000000056e-01
3.058000000000000185e+01 -1.620510857033735375e-01 2.911076323660746201e+00 1.000000000000000056e-01
3.058999999999999986e+01 -1.688877617875898796e-01 1.759985909419368832e+00 1.000000000000000056e-01
3.060000000000000142e+01 -1.713767620606436448e-01 4.362874297085880121e-02 -1.000000000000000056e-01
3.060999999999999943e+01 -1.729529736871457113e-01 3.211433819097866849e+00 1.000000000000000056e-01
3.062000000000000099e+01 -1.804686789998359575e-01 1.763238793413919758e+00 1.000000000000000056e-01
3.062999999999999901e+01 -1.837677690548313592e-01 2.059041082159434932e+00 1.000000000000000056e-01
3.064000000000000057e+01 -1.870673679177376481e-01 4.137836612466200964e-02 -1.000000000000000056e-01
3.065000000000000213e+01 -1.885189228412135209e-01 3.205178504875650258e+00 1.000000000000000056e-01
3.066000000000000014e+01 -1.947359344448952867e-01 -2.611149717919629687e-01 -1.000000000000000056e-01
3.067000000000000171e+01 -1.952787429908729999e-01 3.203363801806061506e+00 1.000000000000000056e-01
3.067999999999999972e+01 -2.013690809371920243e-01 -2.629150265234665440e-01 -1.000000000000000056e-01
3.069000000000000128e+01 -2.019840788630441752e-01 3.202926076209490436e+00 1.000000000000000056e-01
3.069999999999999929e+01 -2.079599176454341725e-01 -2.627316751128529471e-01 -1.000000000000000056e-01
3.071000000000000085e+01 -2.078943671714652830e-01 1.190661131554941798e+00 -1.000000000000000056e-01
3.071999999999999886e+01 -2.120488542939797383e-01 2.908067744804231580e+00 1.000000000000000056e-01
3.073000000000000043e+01 -2.179468966087425019e-01 1.757235631921001628e+00 1.000000000000000056e-01
3.074000000000000199e+01 -2.202567060315163416e-01 4.035161719706568950e-02 -1.000000000000000056e-01
3.075000000000000000e+01 -2.211629432798462025e-01 1.193729085834685844e+00 -1.000000000000000056e-01
3.076000000000000156e+01 -2.251909608529167883e-01 2.911969245980145171e+00 1.000000000000000056e-01
3.076999999999999957e+01 -2.301459600238774383e-01 -2.539958175333850154e-01 -1.000000000000000056e-01
3.078000000000000114e+01 -2.302986590435661951e-01 1.199764609703706686e+00 -1.000000000000000056e-01
3.078999999999999915e+01 -2.336498746961537532e-01 9.031803400038771468e-01 -1.000000000000000056e-01
3.080000000000000071e+01 -2.370368623939648756e-01 2.923757213966788893e+00 1.000000000000000056e-01
3.081000000000000227e+01 -2.417518403361076096e-01 -2.419445978273259135e-01 -1.000000000000000056e-01
3.082000000000000028e+01 -2.421663367555506596e-01 1.211608381787586008e+00 -1.000000000000000056e-01
3.083000000000000185e+01 -2.454532972592693985e-01 9.158645745431358565e-01 -1.000000000000000056e-01
3.083999999999999986e+01 -2.481948627942376362e-01 9.219747208226088953e-01 -1.000000000000000056e-01
3.085000000000000142e+01 -2.508618838413433916e-01 9.275805787797669621e-01 -1.000000000000000056e-01
3.085999999999999943e+01 -2.541535060988350248e-01 2.949560422030803597e+00 1.000000000000000056e-01
3.087000000000000099e+01 -2.586703034261705891e-01 -2.157470869867683660e-01 -1.000000000000000056e-01
3.087999999999999901e+01 -2.593375088354843427e-01 1.235008831827163478e+00 -1.000000000000000056e-01
3.089000000000000057e+01 -2.624780905509250251e-01 9.399132517666854980e-01 -1.000000000000000056e-01
3.090000000000000213e+01 -2.657053929171694917e-01 2.963069605912186599e+00 1.000000000000000056e-01
3.091000000000000014e+01 -2.704236502476985993e-01 1.815449187823176214e+00 1.000000000000000056e-01
3.092000000000000171e+01 -2.727757096600938458e-01 9.150163051664933489e-02 -1.000000000000000056e-01
3.092999999999999972e+01 -2.745016165806025144e-01 3.253189587303616737e+00 1.000000000000000056e-01
3.094000000000000128e+01 -2.793321321065958540e-01 1.810153878796970206e+00 1.000000000000000056e-01
3.094999999999999929e+01 -2.819951064596652457e-01 2.100739133241083412e+00 1.000000000000000056e-01
3.096000000000000085e+01 -2.849708466037442212e-01 2.094749521797201641e+00 1.000000000000000056e-01
3.097000000000000242e+01 -2.874595265006239520e-01 7.092041962466207050e-02 -1.000000000000000056e-01
3.098000000000000043e+01 -2.886797485793872187e-01 1.211155307906533807e+00 -1.000000000000000056e-01
3.099000000000000199e+01 -2.915003888405967025e-01 2.926795873917428459e+00 1.000000000000000056e-01
3.100000000000000000e+01 -2.949795853974280790e-01 -2.402718615542980829e-01 -1.000000000000000056e-01
3.101000000000000156e+01 -2.957701181606403051e-01 1.202572513655314923e+00 -1.000000000000000056e-01
3.101999999999999957e+01 -2.985436809879767339e-01 2.921714362046101687e+00 1.000000000000000056e-01
3.103000000000000114e+01 -3.017598965275973821e-01 -2.422482301799984972e-01 -1.000000000000000056e-01
3.103999999999999915e+01 -3.030222626497006688e-01 3.219619308222711584e+00 1.000000000000000056e-01
3.105000000000000071e+01 -3.065377951452306626e-01 1.776288896805621631e+00 1.000000000000000056e-01
3.106000000000000227e+01 -3.085219241824483372e-01 5.362980667728848433e-02 -1.000000000000000056e-01
3.107000000000000028e+01 -3.098507212153876478e-01 1.199326852188323800e+00 -1.000000000000000056e-01
3.108000000000000185e+01 -3.119426793880173410e-01 9.021702920741248022e-01 -1.000000000000000056e-01
3.108999999999999986e+01 -3.140462480976548010e-01 9.048425480221902184e-01 -1.000000000000000056e-01
3.110000000000000142e+01 -3.161469145744303377e-01 2.924716140686820953e+00 1.000000000000000056e-01
3.110999999999999943e+01 -3.189327128519283683e-01 1.778927134711837610e+00 1.000000000000000056e-01
3.112000000000000099e+01 -3.207832913543727793e-01 5.791432242722285156e-02 -1.000000000000000056e-01
3.112999999999999901e+01 -3.221932527259777634e-01 1.204612493475314183e+00 -1.000000000000000056e-01
3.114000000000000057e+01 -3.242109547690205096e-01 2.926347039202758626e+00 1.000000000000000056e-01
3.115000000000000213e+01 -3.267147727711218197e-01 1.781265644269129700e+00 1.000000000000000056e-01
3.116000000000000014e+01 -3.284460564611630939e-01 5.790425411930988364e-02 -1.000000000000000056e-01
3.117000000000000171e+01 -3.299714493302748353e-01 3.218496549485481140e+00 1.000000000000000056e-01
3.117999999999999972e+01 -3.320305745907898842e-01 -2.412387427380980054e-01 -1.000000000000000056e-01
3.119000000000000128e+01 -3.335574110732547060e-01 3.216670070772174483e+00 1.000000000000000056e-01
3.119999999999999929e+01 -3.353820634422519098e-01 1.773660699012908237e+00 1.000000000000000056e-01
3.121000000000000085e+01 -3.370760894083656423e-01 4.886705898365404505e-02 -1.000000000000000056e-01
3.122000000000000242e+01 -3.385639323759980779e-01 3.208604833719496341e+00 1.000000000000000056e-01
3.123000000000000043e+01 -3.400420115985198222e-01 1.765519777232449128e+00 1.000000000000000056e-01
3.124000000000000199e+01 -3.416388756747101296e-01 2.057610028025690596e+00 1.000000000000000056e-01
3.125000000000000000e+01 -3.430301857344836836e-01 2.053684439755985913e+00 1.000000000000000056e-01
3.126000000000000156e+01 -3.444688368078147045e-01 3.262809454012535748e-02 -1.000000000000000056e-01
3.126999999999999957e+01 -3.460007276802190002e-01 3.191799025198911455e+00 1.000000000000000056e-01
3.128000000000000114e+01 -3.470075113129689748e-01 -2.723055000699812767e-01 -1.000000000000000056e-01
3.128999999999999915e+01 -3.489300970487498321e-01 1.173103411876315727e+00 -1.000000000000000056e-01
3.130000000000000071e+01 -3.498678905094616542e-01 8.757965363263924274e-01 -1.000000000000000056e-01
3.131000000000000227e+01 -3.512110861035908083e-01 2.895900489108289122e+00 1.000000000000000056e-01
3.132000000000000028e+01 -3.518135589597955470e-01 1.747937974761242019e+00 1.000000000000000056e-01
3.133000000000000185e+01 -3.532033455445889314e-01 2.917684637325754574e-02 -1.000000000000000056e-01
3.133999999999999986e+01 -3.548229597175690531e-01 1.180445783540794435e+00 -1.000000000000000056e-01
3.135000000000000142e+01 -3.556255563612110149e-01 8.862044974278173726e-01 -1.000000000000000056e-01
3.135999999999999943e+01 -3.566971125293577627e-01 2.907669765486104563e+00 1.000000000000000056e-01
3.137000000000000099e+01 -3.568157600053452616e-01 1.760109113156303584e+00 1.000000000000000056e-01
3.137999999999999901e+01 -3.577823070436525477e-01 2.056899969350786339e+00 1.000000000000000056e-01
3.139000000000000057e+01 -3.583181090530944690e-01 2.056571903248978650e+00 1.000000000000000056e-01
3.140000000000000213e+01 -3.591895925771867448e-01 3.870561834940699358e-02 -1.000000000000000056e-01
3.141000000000000014e+01 -3.606396375760043682e-01 3.200303460236117559e+00 1.000000000000000056e-01
3.142000000000000171e+01 -3.598912156277676022e-01 1.753783093747200761e+00 1.000000000000000056e-01
3.142999999999999972e+01 -3.607979476340977820e-01 2.046375216712192913e+00 1.000000000000000056e-01
3.144000000000000128e+01 -3.611247342424243056e-01 2.042871629102382514e+00 1.000000000000000056e-01
3.144999999999999929e+01 -3.614386796132794677e-01 2.038782208912770066e+00 1.000000000000000056e-01
3.146000000000000085e+01 -3.617507376379222594e-01 2.033913255519697927e+00 1.000000000000000056e-01
3.147000000000000242e+01 -3.625018575590689407e-01 1.338036442614819188e-02 -1.000000000000000056e-01
3.148000000000000043e+01 -3.645532053015416163e-01 1.161835173928017717e+00 -1.000000000000000056e-01
3.149000000000000199e+01 -3.647415362677054462e-01 8.644320200230825035e-01 -1.000000000000000056e-01
3.150000000000000000e+01 -3.657658334651130994e-01 8.696021886484791574e-01 -1.000000000000000056e-01
3.151000000000000156e+01 -3.664028378191082069e-01 8.760696538197397798e-01 -1.000000000000000056e-01
3.151999999999999957e+01 -3.670473182935279355e-01 8.837003043595672569e-01 -1.000000000000000056e-01
3.153000000000000114e+01 -3.675918423958989267e-01 8.922344720331142343e-01 -1.000000000000000056e-01
3.153999999999999915e+01 -3.680709302088980284e-01 9.010619079648186647e-01 -1.000000000000000056e-01
3.155000000000000071e+01 -3.684823977519871563e-01 9.098568628500012245e-01 -1.000000000000000056e-01
3.156000000000000227e+01 -3.688282729565376949e-01 9.184972335407831645e-01 -1.000000000000000056e-01
3.157000000000000028e+01 -3.691104874346307629e-01 9.269588828739799835e-01 -1.000000000000000056e-01
3.158000000000000185e+01 -3.693304946164635005e-01 9.352488301008752281e-01 -1.000000000000000056e-01
3.158999999999999986e+01 -3.694895377553198967e-01 9.433747323007869445e-01 -1.000000000000000056e-01
3.160000000000000142e+01 -3.695888994473404132e-01 9.513344050948754349e-01 -1.000000000000000056e-01
3.160999999999999943e+01 -3.689979698371715355e-01 2.976929270623712487e+00 1.000000000000000056e-01
3.162000000000000099e+01 -3.672210884334098924e-01 -1.911430212078322477e-01 -1.000000000000000056e-01
3.162999999999999901e+01 -3.694032487069767168e-01 1.257735888020325543e+00 -1.000000000000000056e-01
3.164000000000000057e+01 -3.678408398389062528e-01 2.982536611567699225e+00 1.000000000000000056e-01
3.165000000000000213e+01 -3.652689217336160254e-01 1.835966280997148870e+00 1.000000000000000056e-01
3.166000000000000014e+01 -3.649121911201221313e-01 2.126727218830432697e+00 1.000000000000000056e-01
3.167000000000000171e+01 -3.636344638012083408e-01 2.121437575344599313e+00 1.000000000000000056e-01
3.167999999999999972e+01 -3.632610965548935256e-01 9.682829808369071423e-02 -1.000000000000000056e-01
3.169000000000000128e+01 -3.650358207441135039e-01 1.234307852091691249e+00 -1.000000000000000056e-01
3.169999999999999929e+01 -3.633740228209813572e-01 2.952506097662845441e+00 1.000000000000000056e-01
3.171000000000000085e+01 -3.613692633014806144e-01 -2.136494048899842402e-01 -1.000000000000000056e-01
3.172000000000000242e+01 -3.638883475738973750e-01 1.222768438638630384e+00 -1.000000000000000056e-01
3.173000000000000043e+01 -3.620269926002998018e-01 2.943816832224908087e+00 1.000000000000000056e-01
3.174000000000000199e+01 -3.587792352229925430e-01 1.800251527689001652e+00 1.000000000000000056e-01
3.175000000000000000e+01 -3.590225201686988443e-01 7.441518493741675067e-02 -1.000000000000000056e-01
3.176000000000000156e+01 -3.607041566023613810e-01 1.215643498375125420e+00 -1.000000000000000056e-01
3.176999999999999957e+01 -3.585752367904397886e-01 2.937502162746775003e+00 1.000000000000000056e-01
3.178000000000000114e+01 -3.560226877038015769e-01 -2.250951342619185724e-01 -1.000000000000000056e-01
3.178999999999999915e+01 -3.577442249625010784e-01 3.231280874991460106e+00 1.000000000000000056e-01
3.180000000000000071e+01 -3.537815152778911454e-01 -2.265908632819909896e-01 -1.000000000000000056e-01
3.181000000000000227e+01 -3.556228456152768502e-01 3.229504161942185814e+00 1.000000000000000056e-01
3.182000000000000028e+01 -3.505233497666682685e-01 1.790680050754788200e+00 1.000000000000000056e-01
3.183000000000000185e+01 -3.497268648374997624e-01 2.082129087210059293e+00 1.000000000000000056e-01
3.183999999999999986e+01 -3.477514586584551370e-01 2.078726850643974888e+00 1.000000000000000056e-01
3.185000000000000142e+01 -3.458478295482046438e-01 2.073875343501641044e+00 1.000000000000000056e-01
3.185999999999999943e+01 -3.449956988541163505e-01 5.030820835126706414e-02 -1.000000000000000056e-01
3.187000000000000099e+01 -3.470806134206180782e-01 1.189708745221483177e+00 -1.000000000000000056e-01
3.187999999999999901e+01 -3.445231893029684356e-01 2.907030730741772651e+00 1.000000000000000056e-01
3.189000000000000057e+01 -3.403171994084882579e-01 1.759372209674113563e+00 1.000000000000000056e-01
3.190000000000000213e+01 -3.393119788135709469e-01 2.052205662735141711e+00 1.000000000000000056e-01
3.191000000000000014e+01 -3.381688002212930311e-01 3.316555492844033837e-02 -1.000000000000000056e-01
3.192000000000000171e+01 -3.401885549276978948e-01 1.178752275048114306e+00 -1.000000000000000056e-01
3.192999999999999972e+01 -3.383850055480585040e-01 8.821429359143441173e-01 -1.000000000000000056e-01
3.194000000000000128e+01 -3.369150323367912647e-01 2.901783327731259465e+00 1.000000000000000056e-01
3.194999999999999929e+01 -3.329834278255466296e-01 -2.625499330671792197e-01 -1.000000000000000056e-01
3.196000000000000085e+01 -3.348159431885922022e-01 3.201470763751996795e+00 1.000000000000000056e-01
3.197000000000000242e+01 -3.294212245662523908e-01 -2.577466993204709511e-01 -1.000000000000000056e-01
3.198000000000000043e+01 -3.313103242648093860e-01 3.205610752185321655e+00 1.000000000000000056e-01
3.199000000000000199e+01 -3.257671844595922961e-01 -2.541744077738256058e-01 -1.000000000000000056e-01
3.200000000000000000e+01 -3.288096171560601078e-01 1.191503094347857727e+00 -1.000000000000000056e-01
3.200999999999999801e+01 -3.264775134062155026e-01 8.961464899333618783e-01 -1.000000000000000056e-01
3.202000000000000313e+01 -3.243099232224120887e-01 2.917659145759571526e+00 1.000000000000000056e-01
3.203000000000000114e+01 -3.184569255536054411e-01 1.772880963533052689e+00 1.000000000000000056e-01
3.203999999999999915e+01 -3.166276628346930133e-01 2.069079854143538455e+00 1.000000000000000056e-01
3.204999999999999716e+01 -3.134227462422352617e-01 2.068793381506955686e+00 1.000000000000000056e-01
3.206000000000000227e+01 -3.103428853137102927e-01 2.066882418349787809e+00 1.000000000000000056e-01
3.207000000000000028e+01 -3.086265390002560505e-01 4.610765223092612441e-02 -1.000000000000000056e-01
3.207999999999999829e+01 -3.106657198602951198e-01 1.188551707356488407e+00 -1.000000000000000056e-01
3.209000000000000341e+01 -3.082073264731004514e-01 8.895247422246824742e-01 -1.000000000000000056e-01
3.210000000000000142e+01 -3.060819504938033786e-01 2.907326811546950829e+00 1.000000000000000056e-01
3.210999999999999943e+01 -2.997376351479631440e-01 1.760511025549411412e+00 1.000000000000000056e-01
3.211999999999999744e+01 -2.991190995757791460e-01 3.958952947557674990e-02 -1.000000000000000056e-01
3.213000000000000256e+01 -3.008324074145806715e-01 1.187518196149208061e+00 -1.000000000000000056e-01
3.214000000000000057e+01 -2.966764127433176301e-01 2.909125379760075347e+00 1.000000000000000056e-01
3.214999999999999858e+01 -2.916741210010203589e-01 -2.536585833752593167e-01 -1.000000000000000056e-01
3.216000000000000369e+01 -2.946947927871271244e-01 1.192734950276270967e+00 -1.000000000000000056e-01
3.217000000000000171e+01 -2.903236188729213518e-01 2.914265174309092377e+00 1.000000000000000056e-01
3.217999999999999972e+01 -2.835179310367882954e-01 1.769888011484213264e+00 1.000000000000000056e-01
3.218999999999999773e+01 -2.825886037297038467e-01 4.920938628933312076e-02 -1.000000000000000056e-01
3.220000000000000284e+01 -2.827524779297733160e-01 3.212043036691014208e+00 1.000000000000000056e-01
3.221000000000000085e+01 -2.756844925841455685e-01 -2.468700973332607351e-01 -1.000000000000000056e-01
3.221999999999999886e+01 -2.775099250028168485e-01 3.212819806569132464e+00 1.000000000000000056e-01
3.223000000000000398e+01 -2.688173083178763134e-01 1.770278609079254606e+00 1.000000000000000056e-01
3.224000000000000199e+01 -2.665499282911695245e-01 2.063536700709922123e+00 1.000000000000000056e-01
3.225000000000000000e+01 -2.626543150723359421e-01 2.061095026575523903e+00 1.000000000000000056e-01
3.225999999999999801e+01 -2.603337891038619012e-01 4.094779010941484304e-02 -1.000000000000000056e-01
3.227000000000000313e+01 -2.608392857109325669e-01 3.200102047552867646e+00 1.000000000000000056e-01
3.228000000000000114e+01 -2.521726751098317121e-01 1.754216010310438723e+00 1.000000000000000056e-01
3.228999999999999915e+01 -2.500616466323907217e-01 2.046058697686756744e+00 1.000000000000000056e-01
3.229999999999999716e+01 -2.477174915270244082e-01 2.659208053702274283e-02 -1.000000000000000056e-01
3.231000000000000227e+01 -2.482424857653737493e-01 3.188044419882190450e+00 1.000000000000000056e-01
3.232000000000000028e+01 -2.409387902501057832e-01 -2.753686454494279068e-01 -1.000000000000000056e-01
3.232999999999999829e+01 -2.446261657878104068e-01 1.172891509082437889e+00 -1.000000000000000056e-01
3.234000000000000341e+01 -2.411772406794121526e-01 8.765399455899934855e-01 -1.000000000000000056e-01
3.235000000000000142e+01 -2.396851074002455673e-01 8.820383196442376228e-01 -1.000000000000000056e-01
3.235999999999999943e+01 -2.376711711869845811e-01 8.882260195691547011e-01 -1.000000000000000056e-01
3.236999999999999744e+01 -2.340816164890715811e-01 2.910728432771477081e+00 1.000000000000000056e-01
3.238000000000000256e+01 -2.259501910191336338e-01 1.763289701708105062e+00 1.000000000000000056e-01
3.239000000000000057e+01 -2.243892200173090434e-01 4.584877836697042602e-02 -1.000000000000000056e-01
3.239999999999999858e+01 -2.256034126332815692e-01 1.197871063830788563e+00 -1.000000000000000056e-01
3.241000000000000369e+01 -2.201495499028660319e-01 2.920222707381476823e+00 1.000000000000000056e-01
3.242000000000000171e+01 -2.136834697134659400e-01 -2.434908823307434800e-01 -1.000000000000000056e-01
3.242999999999999972e+01 -2.149357564783675179e-01 3.220344991479143104e+00 1.000000000000000056e-01
3.243999999999999773e+01 -2.064709787879231428e-01 -2.407956410663912306e-01 -1.000000000000000056e-01
3.245000000000000284e+01 -2.093765343953685465e-01 1.205665676066294267e+00 -1.000000000000000056e-01
3.246000000000000085e+01 -2.037612167826760023e-01 2.926334138116089001e+00 1.000000000000000056e-01
3.246999999999999886e+01 -1.953802058374430606e-01 1.780602082037900491e+00 1.000000000000000056e-01
3.248000000000000398e+01 -1.936760411214021871e-01 5.913646370164672011e-02 -1.000000000000000056e-01
3.249000000000000199e+01 -1.932739268499926166e-01 3.221287766626660165e+00 1.000000000000000056e-01
3.250000000000000000e+01 -1.831200728427607449e-01 1.779202326813583701e+00 1.000000000000000056e-01
3.250999999999999801e+01 -1.800459207272138429e-01 2.072352170405363569e+00 1.000000000000000056e-01
3.252000000000000313e+01 -1.768163089558807133e-01 5.244220944408229529e-02 -1.000000000000000056e-01
3.253000000000000114e+01 -1.767164709330501515e-01 3.211721541741564767e+00 1.000000000000000056e-01
3.253999999999999915e+01 -1.683675553788843982e-01 -2.506946917618906312e-01 -1.000000000000000056e-01
3.254999999999999716e+01 -1.716024133428666887e-01 1.192510724047370019e+00 -1.000000000000000056e-01
3.256000000000000227e+01 -1.675083777507221094e-01 8.946153645033210200e-01 -1.000000000000000056e-01
3.257000000000000028e+01 -1.653433933275104961e-01 8.975743689493070887e-01 -1.000000000000000056e-01
3.257999999999999829e+01 -1.627601175054027294e-01 9.015777618927418580e-01 -1.000000000000000056e-01
3.259000000000000341e+01 -1.600638086397055126e-01 9.065339413693631609e-01 -1.000000000000000056e-01
3.260000000000000142e+01 -1.556312442520809969e-01 2.929491286767169633e+00 1.000000000000000056e-01
3.260999999999999943e+01 -1.481637713361450281e-01 -2.327954918327604095e-01 -1.000000000000000056e-01
3.261999999999999744e+01 -1.488586878339470121e-01 3.232704279472927489e+00 1.000000000000000056e-01
3.263000000000000256e+01 -1.396105319859933802e-01 -2.263555922693304967e-01 -1.000000000000000056e-01
3.264000000000000057e+01 -1.420252579605204846e-01 1.218575711205940326e+00 -1.000000000000000056e-01
3.264999999999999858e+01 -1.373559441865642716e-01 9.228893068825498869e-01 -1.000000000000000056e-01
3.266000000000000369e+01 -1.329165129172576176e-01 2.944622854942458900e+00 1.000000000000000056e-01
3.267000000000000171e+01 -1.253663548216434886e-01 -2.184126180709189402e-01 -1.000000000000000056e-01
3.267999999999999972e+01 -1.259558125960485442e-01 3.241628286838955653e+00 1.000000000000000056e-01
3.268999999999999773e+01 -1.150308372196920392e-01 1.802474289593116286e+00 1.000000000000000056e-01
3.270000000000000284e+01 -1.128675027188007773e-01 7.699010649648548033e-02 -1.000000000000000056e-01
3.271000000000000085e+01 -1.119700613283414747e-01 3.235442982282267455e+00 1.000000000000000056e-01
3.271999999999999886e+01 -1.029910036842780902e-01 -2.233173855653644568e-01 -1.000000000000000056e-01
3.273000000000000398e+01 -1.054829204751346478e-01 1.213484350326162531e+00 -1.000000000000000056e-01
3.274000000000000199e+01 -1.009633217683585382e-01 9.152953256683110661e-01 -1.000000000000000056e-01
3.275000000000000000e+01 -9.817255611649372549e-02 9.163828449667656972e-01 -1.000000000000000056e-01
3.275999999999999801e+01 -9.514631947886981189e-02 9.186655821406733979e-01 -1.000000000000000056e-01
3.277000000000000313e+01 -9.199667316982676479e-02 9.222060777139394760e-01 -1.000000000000000056e-01
3.278000000000000114e+01 -8.873122001414743276e-02 9.271522700260501626e-01 -1.000000000000000056e-01
3.278999999999999915e+01 -8.536822192029865086e-02 9.330645880652252977e-01 -1.000000000000000056e-01
3.279999999999999716e+01 -8.191927432822385113e-02 9.395594540342885326e-01 -1.000000000000000056e-01
3.281000000000000227e+01 -7.840218484334338100e-02 9.463914834024373945e-01 -1.000000000000000056e-01
3.282000000000000028e+01 -7.327698353588171787e-02 2.973789753883612441e+00 1.000000000000000056e-01
3.282999999999999829e+01 -6.377710347516359068e-02 1.832495395539159189e+00 1.000000000000000056e-01
3.284000000000000341e+01 -6.094245136323644257e-02 1.037204036748947400e-01 -1.000000000000000056e-01
3.285000000000000142e+01 -6.090646699486896437e-02 1.242475949841179261e+00 -1.000000000000000056e-01
3.285999999999999943e+01 -5.599213222247024363e-02 9.486406862266943962e-01 -1.000000000000000056e-01
3.286999999999999744e+01 -5.129119421866424472e-02 2.971578959035546585e+00 1.000000000000000056e-01
3.288000000000000256e+01 -4.210596370085931822e-02 1.829196971150115036e+00 1.000000000000000056e-01
3.289000000000000057e+01 -3.944773258729301901e-02 9.597921497947417557e-02 -1.000000000000000056e-01
3.289999999999999858e+01 -3.955962778412061565e-02 1.230300099045356532e+00 -1.000000000000000056e-01
3.291000000000000369e+01 -3.484440073998908149e-02 9.348425260009213256e-01 -1.000000000000000056e-01
3.292000000000000171e+01 -3.178463704059190931e-02 9.351673595460634481e-01 -1.000000000000000056e-01
3.292999999999999972e+01 -2.703921217504388561e-02 2.956988583033513862e+00 1.000000000000000056e-01
3.293999999999999773e+01 -1.802203972005068239e-02 1.817388982074372938e+00 1.000000000000000056e-01
3.295000000000000284e+01 -1.534932387406322263e-02 8.545728482905497192e-02 -1.000000000000000056e-01
3.296000000000000085e+01 -1.395740019972160212e-02 3.240389259819992152e+00 1.000000000000000056e-01
3.296999999999999886e+01 -3.665126931294045674e-03 1.809475823488805757e+00 1.000000000000000056e-01
3.298000000000000398e+01 -1.329257608084948852e-03 7.492969206997827925e-02 -1.000000000000000056e-01
3.299000000000000199e+01 -1.616905819710007415e-03 1.205854154696825775e+00 -1.000000000000000056e-01
3.300000000000000000e+01 4.297739892971678445e-03 2.928921773261326411e+00 1.000000000000000056e-01
3.300999999999999801e+01 1.111781687973120367e-02 -2.326512355819508604e-01 -1.000000000000000056e-01
3.302000000000000313e+01 9.529530949592692271e-03 1.195333777160558331e+00 -1.000000000000000056e-01
3.303000000000000114e+01 1.404824974959285877e-02 8.995232200190658167e-01 -1.000000000000000056e-01
3.303999999999999915e+01 1.841885802983294490e-02 2.921874230625715274e+00 1.000000000000000056e-01
3.304999999999999716e+01 2.551667156668382258e-02 -2.372483717140198567e-01 -1.000000000000000056e-01
3.306000000000000227e+01 2.417943092264647487e-02 1.194250039688754539e+00 -1.000000000000000056e-01
3.307000000000000028e+01 3.022043039776256892e-02 2.922307708014675320e+00 1.000000000000000056e-01
3.307999999999999829e+01 3.718035620533986785e-02 -2.354108287203778016e-01 -1.000000000000000056e-01
3.309000000000000341e+01 3.594352123612278710e-02 1.195511225490348162e+00 -1.000000000000000056e-01
3.310000000000000142e+01 4.058349436583676140e-02 9.018131046431994147e-01 -1.000000000000000056e-01
3.310999999999999943e+01 4.502978127042778916e-02 2.926514493113766324e+00 1.000000000000000056e-01
3.311999999999999744e+01 5.348726943524042404e-02 1.790383746561202249e+00 1.000000000000000056e-01
3.313000000000000256e+01 5.750132531817756659e-02 2.081057856466082878e+00 1.000000000000000056e-01
3.314000000000000057e+01 6.151320124322685878e-02 5.770498690454021334e-02 -1.000000000000000056e-01
3.314999999999999858e+01 6.143762274653812722e-02 1.189753443459862670e+00 -1.000000000000000056e-01
3.316000000000000369e+01 6.708373178802080894e-02 2.914481586883838737e+00 1.000000000000000056e-01
3.317000000000000171e+01 7.489913434999656561e-02 1.775964516802413184e+00 1.000000000000000056e-01
3.317999999999999972e+01 7.867740686821561580e-02 2.064033179239441740e+00 1.000000000000000056e-01
3.318999999999999773e+01 8.234013875012138883e-02 3.967112535196747752e-02 -1.000000000000000056e-01
3.320000000000000284e+01 8.347020640632731026e-02 3.191249853762032185e+00 1.000000000000000056e-01
3.321000000000000085e+01 9.102834850228486152e-02 -2.626746705195752152e-01 -1.000000000000000056e-01
3.321999999999999886e+01 9.084048512384079732e-02 3.183270668561050343e+00 1.000000000000000056e-01
3.323000000000000398e+01 9.968661098963456368e-02 1.750438155668637030e+00 1.000000000000000056e-01
3.324000000000000199e+01 1.018455966593027756e-01 1.867832136854546965e-02 -1.000000000000000056e-01
3.325000000000000000e+01 1.017304647464965517e-01 1.153732625191620231e+00 -1.000000000000000056e-01
3.325999999999999801e+01 1.056399036716609702e-01 8.578478227193054861e-01 -1.000000000000000056e-01
3.327000000000000313e+01 1.093741742957527741e-01 2.878652060669027790e+00 1.000000000000000056e-01
3.328000000000000114e+01 1.168058686934712459e-01 1.739805920588733512e+00 1.000000000000000056e-01
3.328999999999999915e+01 1.191905643772516177e-01 1.314292810201831557e-02 -1.000000000000000056e-01
3.329999999999999716e+01 1.205100579356760127e-01 3.171474068399808832e+00 1.000000000000000056e-01
3.331000000000000227e+01 1.289241406668625023e-01 1.740466706497845850e+00 1.000000000000000056e-01
3.332000000000000028e+01 1.311166606954300429e-01 1.210396969525908209e-02 -1.000000000000000056e-01
3.332999999999999829e+01 1.311993940428636263e-01 1.149426426776725352e+00 -1.000000000000000056e-01
3.334000000000000341e+01 1.361384302533082680e-01 2.873533038619857205e+00 1.000000000000000056e-01
3.335000000000000142e+01 1.429462075736696036e-01 1.734095262196466480e+00 1.000000000000000056e-01
3.335999999999999943e+01 1.452700027953718331e-01 7.329565439271912806e-03 -1.000000000000000056e-01
3.336999999999999744e+01 1.465484599977991409e-01 3.165225525917701788e+00 1.000000000000000056e-01
3.338000000000000256e+01 1.544233469133466652e-01 1.732476458513741102e+00 1.000000000000000056e-01
3.339000000000000057e+01 1.576557124822908218e-01 2.024093547403683413e+00 1.000000000000000056e-01
3.339999999999999858e+01 1.619395205442746566e-01 2.022062580755538352e+00 1.000000000000000056e-01
3.341000000000000369e+01 1.650143398381868909e-01 9.597311237723583736e-05 -1.000000000000000056e-01
3.342000000000000171e+01 1.660736703798675329e-01 3.155591593674921924e+00 1.000000000000000056e-01
3.342999999999999972e+01 1.733484129030501975e-01 1.717366205948344993e+00 1.000000000000000056e-01
3.343999999999999773e+01 1.763421228590815737e-01 2.007644375091002686e+00 1.000000000000000056e-01
3.345000000000000284e+01 1.803247757726591793e-01 2.004961189243841702e+00 1.000000000000000056e-01
3.346000000000000085e+01 1.831851105002265112e-01 -1.612678861378918221e-02 -1.000000000000000056e-01
3.346999999999999886e+01 1.831699127584402731e-01 1.125613486606827918e+00 -1.000000000000000056e-01
3.348000000000000398e+01 1.863191261953257016e-01 8.297414506088682806e-01 -1.000000000000000056e-01
3.349000000000000199e+01 1.893132630797745020e-01 2.850698553342398522e+00 1.000000000000000056e-01
3.350000000000000000e+01 1.953282299722194915e-01 1.706906972841925496e+00 1.000000000000000056e-01
3.350999999999999801e+01 1.974449013532755259e-01 -1.392360908127003236e-02 -1.000000000000000056e-01
3.352000000000000313e+01 1.987426055643071177e-01 3.151752984975082050e+00 1.000000000000000056e-01
3.353000000000000114e+01 2.053923383364416877e-01 1.714389503981321949e+00 1.000000000000000056e-01
3.353999999999999915e+01 2.074207687187341331e-01 -7.519707715551643586e-03 -1.000000000000000056e-01
3.354999999999999716e+01 2.078331379892521813e-01 1.139412587546504874e+00 -1.000000000000000056e-01
3.356000000000000227e+01 2.109778443083103472e-01 8.459918319141466192e-01 -1.000000000000000056e-01
3.357000000000000028e+01 2.139891487701531536e-01 2.868645325701577153e+00 1.000000000000000056e-01
3.357999999999999829e+01 2.186430434732925809e-01 -2.930171248139906148e-01 -1.000000000000000056e-01
3.359000000000000341e+01 2.186543783336227786e-01 1.154231814169451420e+00 -1.000000000000000056e-01
3.360000000000000142e+01 2.218487000184436730e-01 8.624271426376086680e-01 -1.000000000000000056e-01
3.360999999999999943e+01 2.249843453337597443e-01 2.887642165625289081e+00 1.000000000000000056e-01
3.361999999999999744e+01 2.295295118939004175e-01 -2.728672465864746544e-01 -1.000000000000000056e-01
3.363000000000000256e+01 2.297978427840677851e-01 1.173367269451780048e+00 -1.000000000000000056e-01
3.364000000000000057e+01 2.329926257405049161e-01 8.813869441604617050e-01 -1.000000000000000056e-01
3.364999999999999858e+01 2.360859454448688832e-01 2.906977561164907353e+00 1.000000000000000056e-01
3.366000000000000369e+01 2.412419970367432331e-01 1.766123219098703956e+00 1.000000000000000056e-01
3.367000000000000171e+01 2.435249658844521881e-01 4.346583689440888104e-02 -1.000000000000000056e-01
3.367999999999999972e+01 2.444738791974136460e-01 1.187609926657808179e+00 -1.000000000000000056e-01
3.368999999999999773e+01 2.481381027466357803e-01 2.913380138773612682e+00 1.000000000000000056e-01
3.370000000000000284e+01 2.527640417951905194e-01 1.773063695147281571e+00 1.000000000000000056e-01
3.371000000000000085e+01 2.556157950521409927e-01 2.066564868213833783e+00 1.000000000000000056e-01
3.371999999999999886e+01 2.582373885692570981e-01 4.662419329686173092e-02 -1.000000000000000056e-01
3.373000000000000398e+01 2.590724267780954992e-01 1.186458809039092621e+00 -1.000000000000000056e-01
3.374000000000000199e+01 2.617317193333495995e-01 8.897978245316718882e-01 -1.000000000000000056e-01
3.375000000000000000e+01 2.642561164895102510e-01 2.909527235616125473e+00 1.000000000000000056e-01
3.375999999999999801e+01 2.684830522347232407e-01 1.768147077661731403e+00 1.000000000000000056e-01
3.377000000000000313e+01 2.710705740875520298e-01 2.062493827814062985e+00 1.000000000000000056e-01
3.378000000000000114e+01 2.740214550599073817e-01 2.062346492892555005e+00 1.000000000000000056e-01
3.378999999999999915e+01 2.768629602584429250e-01 2.060552386410253067e+00 1.000000000000000056e-01
3.379999999999999716e+01 2.790741918922410858e-01 3.866505959049431479e-02 -1.000000000000000056e-01
3.381000000000000227e+01 2.798781732082763485e-01 1.177389975499676833e+00 -1.000000000000000056e-01
3.382000000000000028e+01 2.825623912828201245e-01 2.896696855697068251e+00 1.000000000000000056e-01
3.382999999999999829e+01 2.858748728290579910e-01 1.752018576595836263e+00 1.000000000000000056e-01
3.384000000000000341e+01 2.877097217948113572e-01 2.784546913420619246e-02 -1.000000000000000056e-01
3.385000000000000142e+01 2.890267534110646519e-01 3.188677917066560674e+00 1.000000000000000056e-01
3.385999999999999943e+01 2.920633714727481345e-01 -2.680405950457534492e-01 -1.000000000000000056e-01
3.386999999999999744e+01 2.931286523941594169e-01 3.190679301180102012e+00 1.000000000000000056e-01
3.388000000000000256e+01 2.964589822484200443e-01 1.750985253803143848e+00 1.000000000000000056e-01
3.389000000000000057e+01 2.981322618114347622e-01 2.763025325114397759e-02 -1.000000000000000056e-01
3.389999999999999858e+01 2.991042989503917005e-01 1.173158306811691087e+00 -1.000000000000000056e-01
3.391000000000000369e+01 3.009685151212167509e-01 8.785138261021211425e-01 -1.000000000000000056e-01
3.392000000000000171e+01 3.027286138863755638e-01 2.899995918778214055e+00 1.000000000000000056e-01
3.392999999999999972e+01 3.053713522712916406e-01 1.756285860632229134e+00 1.000000000000000056e-01
3.393999999999999773e+01 3.073341201466700534e-01 2.053161744737197481e+00 1.000000000000000056e-01
3.395000000000000284e+01 3.090732526331685937e-01 3.701141014611272761e-02 -1.000000000000000056e-01
3.396000000000000085e+01 3.101541693839108826e-01 1.183251640963226992e+00 -1.000000000000000056e-01
3.396999999999999886e+01 3.120107439419510520e-01 2.905006843824935459e+00 1.000000000000000056e-01
3.398000000000000398e+01 3.140137643544347323e-01 1.760628182918268392e+00 1.000000000000000056e-01
3.399000000000000199e+01 3.156173973431397606e-01 3.884175085822301476e-02 -1.000000000000000056e-01
3.400000000000000000e+01 3.167536544082623085e-01 1.185245511541983099e+00 -1.000000000000000056e-01
3.400999999999999801e+01 3.182121136282337059e-01 8.909880171016817396e-01 -1.000000000000000056e-01
3.402000000000000313e+01 3.194246985619174639e-01 8.955122398853120336e-01 -1.000000000000000056e-01
3.403000000000000114e+01 3.208084243068620722e-01 9.001800538831709053e-01 -1.000000000000000056e-01
3.403999999999999915e+01 3.221283923630481327e-01 9.058393474175997495e-01 -1.000000000000000056e-01
3.404999999999999716e+01 3.234397922574121509e-01 9.126930192901157035e-01 -1.000000000000000056e-01
3.406000000000000227e+01 3.247267190748199250e-01 9.203162267328609536e-01 -1.000000000000000056e-01
3.407000000000000028e+01 3.259904443007543007e-01 9.283671123006340675e-01 -1.000000000000000056e-01
3.407999999999999829e+01 3.272698073153687548e-01 2.955546152142894734e+00 1.000000000000000056e-01
3.409000000000000341e+01 3.284506024266255486e-01 1.814538175020195654e+00 1.000000000000000056e-01
3.410000000000000142e+01 3.298127432794125125e-01 2.110598549538379665e+00 1.000000000000000056e-01
3.410999999999999943e+01 3.310664168705046428e-01 2.110399275775187267e+00 1.000000000000000056e-01
3.411999999999999744e+01 3.321557226701759569e-01 8.922976335491643318e-02 -1.000000000000000056e-01
3.413000000000000256e+01 3.334082106572784365e-01 3.245299374443796570e+00 1.000000000000000056e-01
3.414000000000000057e+01 3.339500787288438022e-01 -2.130706198227465265e-01 -1.000000000000000056e-01
3.414999999999999858e+01 3.353972235623566278e-01 3.237829500973933072e+00 1.000000000000000056e-01
3.416000000000000369e+01 3.357288516450246396e-01 -2.199837133818494106e-01 -1.000000000000000056e-01
3.417000000000000171e+01 3.372605316479604931e-01 1.214680756178182719e+00 -1.000000000000000056e-01
3.417999999999999972e+01 3.379539319107467410e-01 9.180799704998988675e-01 -1.000000000000000056e-01
3.418999999999999773e+01 3.386442163035474628e-01 9.200070487278770859e-01 -1.000000000000000056e-01
3.420000000000000284e+01 3.393398027435229891e-01 2.942076229191458392e+00 1.000000000000000056e-01
3.421000000000000085e+01 3.393368273905299493e-01 1.802156911089700220e+00 1.000000000000000056e-01
3.421999999999999886e+01 3.401975399036435976e-01 2.097389452962892697e+00 1.000000000000000056e-01
3.423000000000000398e+01 3.408101296181143547e-01 7.846472527493740523e-02 -1.000000000000000056e-01
3.424000000000000199e+01 3.418888137030223762e-01 3.236429948546071245e+00 1.000000000000000056e-01
3.425000000000000000e+01 3.413759774062420371e-01 -2.197543591589714851e-01 -1.000000000000000056e-01
3.425999999999999801e+01 3.428761924218067247e-01 3.232545096118287997e+00 1.000000000000000056e-01
3.427000000000000313e+01 3.419849129505089236e-01 1.795249057907253754e+00 1.000000000000000056e-01
3.428000000000000114e+01 3.428535312779092403e-01 6.758554586080733895e-02 -1.000000000000000056e-01
3.428999999999999915e+01 3.441452054395264248e-01 1.207152090240560582e+00 -1.000000000000000056e-01
3.430000000000000426e+01 3.442263776529373431e-01 9.107176168352820733e-01 -1.000000000000000056e-01
3.431000000000000227e+01 3.442320542822490670e-01 2.930806936614911873e+00 1.000000000000000056e-01
3.432000000000000028e+01 3.432401517160429405e-01 1.789065971151735379e+00 1.000000000000000056e-01
3.432999999999999829e+01 3.436506998427460435e-01 2.083607576131179862e+00 1.000000000000000056e-01
3.434000000000000341e+01 3.434669471450269573e-01 2.083425017034960192e+00 1.000000000000000056e-01
3.435000000000000142e+01 3.436006325130258054e-01 6.338384529523490019e-02 -1.000000000000000056e-01
3.435999999999999943e+01 3.449621121884375308e-01 1.203268798372661763e+00 -1.000000000000000056e-01
3.436999999999999744e+01 3.443242140951332519e-01 2.923285786550195109e+00 1.000000000000000056e-01
3.438000000000000256e+01 3.426726864159903019e-01 1.779041233451110093e+00 1.000000000000000056e-01
3.439000000000000057e+01 3.429382952255791706e-01 2.072167684294170531e+00 1.000000000000000056e-01
3.439999999999999858e+01 3.424329566026295124e-01 2.070790922200290485e+00 1.000000000000000056e-01
3.441000000000000369e+01 3.419267394736650312e-01 2.068257833289610659e+00 1.000000000000000056e-01
3.442000000000000171e+01 3.414082196452106754e-01 2.064135320698271769e+00 1.000000000000000056e-01
3.442999999999999972e+01 3.408656020927748886e-01 2.058849332960589251e+00 1.000000000000000056e-01
3.443999999999999773e+01 3.403005361074115664e-01 2.053008172255429642e+00 1.000000000000000056e-01
3.445000000000000284e+01 3.397082166103600476e-01 2.046975206374058498e+00 1.000000000000000056e-01
3.446000000000000085e+01 3.390879645268254916e-01 2.040989467935750756e+00 1.000000000000000056e-01
3.446999999999999886e+01 3.384426696446728444e-01 2.035205524323401516e+00 1.000000000000000056e-01
3.448000000000000398e+01 3.382649615069332483e-01 1.374870255126349472e-02 -1.000000000000000056e-01
3.449000000000000199e+01 3.392848996505652970e-01 3.175158031169030171e+00 1.000000000000000056e-01
3.450000000000000000e+01 3.365843365303158863e-01 -2.880661240942515300e-01 -1.000000000000000056e-01
3.450999999999999801e+01 3.388422002362427854e-01 1.162921133865669754e+00 -1.000000000000000056e-01
3.452000000000000313e+01 3.373461371914378559e-01 2.885117142915631483e+00 1.000000000000000056e-01
3.453000000000000114e+01 3.343677095348858708e-01 1.737213618296554074e+00 1.000000000000000056e-01
3.453999999999999915e+01 3.346838085964502496e-01 2.057584476714459029e-02 -1.000000000000000056e-01
3.455000000000000426e+01 3.360092960904529358e-01 1.177257854649925495e+00 -1.000000000000000056e-01
3.456000000000000227e+01 3.341198484490056630e-01 2.901924801290347578e+00 1.000000000000000056e-01
3.457000000000000028e+01 3.307281149388335839e-01 1.754066836746356772e+00 1.000000000000000056e-01
3.457999999999999829e+01 3.308706762766051579e-01 3.705988996719358081e-02 -1.000000000000000056e-01
3.459000000000000341e+01 3.322255926225157197e-01 1.192578083636464115e+00 -1.000000000000000056e-01
3.460000000000000142e+01 3.308172329856286509e-01 9.008310036893202311e-01 -1.000000000000000056e-01
3.460999999999999943e+01 3.293734403229045538e-01 2.924343189250317554e+00 1.000000000000000056e-01
3.461999999999999744e+01 3.254873854773632225e-01 1.775427146808982615e+00 1.000000000000000056e-01
3.463000000000000256e+01 3.253803393438366998e-01 5.796297234329710751e-02 -1.000000000000000056e-01
3.464000000000000057e+01 3.267646638107264967e-01 1.211923178936668233e+00 -1.000000000000000056e-01
3.464999999999999858e+01 3.242339167965243574e-01 2.934642628775877338e+00 1.000000000000000056e-01
3.466000000000000369e+01 3.206339166925236128e-01 -2.293186463219979432e-01 -1.000000000000000056e-01
3.467000000000000171e+01 3.232712523289906770e-01 1.222281428540817672e+00 -1.000000000000000056e-01
3.467999999999999972e+01 3.204263268309188173e-01 2.943695618284882798e+00 1.000000000000000056e-01
3.468999999999999773e+01 3.157251604080279495e-01 1.797276275623055586e+00 1.000000000000000056e-01
3.470000000000000284e+01 3.154405620353698536e-01 7.830499633236846779e-02 -1.000000000000000056e-01
3.471000000000000085e+01 3.159182417738082838e-01 3.243503591405946018e+00 1.000000000000000056e-01
3.471999999999999886e+01 3.099481497230601179e-01 1.799886961914599848e+00 1.000000000000000056e-01
3.473000000000000398e+01 3.087223390500413722e-01 2.094666138021880286e+00 1.000000000000000056e-01
3.474000000000000199e+01 3.072498256455088450e-01 7.629920270638784752e-02 -1.000000000000000056e-01
3.475000000000000000e+01 3.078786361693101048e-01 3.237948919069370213e+00 1.000000000000000056e-01
3.475999999999999801e+01 3.016736745981005718e-01 1.791491663553634428e+00 1.000000000000000056e-01
3.477000000000000313e+01 3.014545948869628011e-01 6.917131226210379569e-02 -1.000000000000000056e-01
3.478000000000000114e+01 3.030925208683495908e-01 1.217187731744790558e+00 -1.000000000000000056e-01
3.478999999999999915e+01 2.998992531040736709e-01 2.935529585577268286e+00 1.000000000000000056e-01
3.480000000000000426e+01 2.954372891781901767e-01 -2.294779772435336096e-01 -1.000000000000000056e-01
3.481000000000000227e+01 2.973120152844733188e-01 3.235783278285121245e+00 1.000000000000000056e-01
3.482000000000000028e+01 2.914619595621469328e-01 -2.264255121879795163e-01 -1.000000000000000056e-01
3.482999999999999829e+01 2.943082570520351160e-01 1.224388439033812670e+00 -1.000000000000000056e-01
3.484000000000000341e+01 2.907107384148474583e-01 2.944153175719145477e+00 1.000000000000000056e-01
3.485000000000000142e+01 2.858085836464650531e-01 -2.200265121593122097e-01 -1.000000000000000056e-01
3.485999999999999943e+01 2.886602088073642602e-01 1.231315924144946727e+00 -1.000000000000000056e-01
3.486999999999999744e+01 2.847426043660227779e-01 2.951734948541387293e+00 1.000000000000000056e-01
3.488000000000000256e+01 2.796391817129508239e-01 -2.115649014967144192e-01 -1.000000000000000056e-01
3.489000000000000057e+01 2.824010762280030340e-01 1.238882281395929263e+00 -1.000000000000000056e-01
3.489999999999999858e+01 2.782936235219659049e-01 2.959540888295427052e+00 1.000000000000000056e-01
3.491000000000000369e+01 2.718630298875462370e-01 1.813530236280761931e+00 1.000000000000000056e-01
3.492000000000000171e+01 2.698103327516102046e-01 2.109967577508665926e+00 1.000000000000000056e-01
3.492999999999999972e+01 2.663334437126174681e-01 2.108546707499836526e+00 1.000000000000000056e-01
3.493999999999999773e+01 2.629710264246687967e-01 2.105781112869475002e+00 1.000000000000000056e-01
3.495000000000000284e+01 2.596823147144844413e-01 2.101202661438303032e+00 1.000000000000000056e-01
3.496000000000000085e+01 2.576321190559785479e-01 7.950475307818090365e-02 -1.000000000000000056e-01
3.496999999999999886e+01 2.580847823436751565e-01 3.238294963253673053e+00 1.000000000000000056e-01
3.498000000000000398e+01 2.515646389233044955e-01 -2.273385129095648882e-01 -1.000000000000000056e-01
3.499000000000000199e+01 2.533855543166816382e-01 3.233482665124860489e+00 1.000000000000000056e-01
3.500000000000000000e+01 2.455149794226411109e-01 1.784860286128617357e+00 1.000000000000000056e-01
3.500999999999999801e+01 2.447569750498277130e-01 6.380033725188877236e-02 -1.000000000000000056e-01
3.502000000000000313e+01 2.462660753472298292e-01 1.214159732813536285e+00 -1.000000000000000056e-01
3.503000000000000114e+01 2.432944688155903312e-01 9.179996228820718196e-01 -1.000000000000000056e-01
3.503999999999999915e+01 2.402081417122810258e-01 2.937830040104117302e+00 1.000000000000000056e-01
3.505000000000000426e+01 2.333104523529617447e-01 1.787820688300959304e+00 1.000000000000000056e-01
3.506000000000000227e+01 2.321950464050050733e-01 7.002318210329415427e-02 -1.000000000000000056e-01
3.507000000000000028e+01 2.334374142801315388e-01 1.222889184243448168e+00 -1.000000000000000056e-01
3.507999999999999829e+01 2.288332280607314750e-01 2.943232228910925397e+00 1.000000000000000056e-01
3.509000000000000341e+01 2.215739341473893509e-01 1.794396776795489590e+00 1.000000000000000056e-01
3.510000000000000142e+01 2.191350184487484420e-01 2.090919110739184905e+00 1.000000000000000056e-01
3.510999999999999943e+01 2.163941695250206354e-01 7.418968725245662921e-02 -1.000000000000000056e-01
3.511999999999999744e+01 2.177105252367022847e-01 1.224206990027566055e+00 -1.000000000000000056e-01
3.513000000000000256e+01 2.130404722629043734e-01 2.941949852354599049e+00 1.000000000000000056e-01
3.514000000000000057e+01 2.056378207556011362e-01 1.791847601995972594e+00 1.000000000000000056e-01
3.514999999999999858e+01 2.031433656190918813e-01 2.087526293847415726e+00 1.000000000000000056e-01
3.516000000000000369e+01 1.990241609867147432e-01 2.085705514369987856e+00 1.000000000000000056e-01
3.517000000000000171e+01 1.950197681627442725e-01 2.082885925355306700e+00 1.000000000000000056e-01
3.517999999999999972e+01 1.923990571915678571e-01 6.373899672181582154e-02 -1.000000000000000056e-01
3.518999999999999773e+01 1.925441684535272868e-01 3.225963709475697438e+00 1.000000000000000056e-01
3.520000000000000284e+01 1.850748805762480742e-01 -2.407825357692988111e-01 -1.000000000000000056e-01
3.521000000000000085e+01 1.866907293894076725e-01 3.223811614831014971e+00 1.000000000000000056e-01
3.521999999999999886e+01 1.790712503264770272e-01 -2.423706102416021135e-01 -1.000000000000000056e-01
3.523000000000000398e+01 1.819476859022919335e-01 1.210956178113585580e+00 -1.000000000000000056e-01
3.524000000000000199e+01 1.783665510307749225e-01 9.149705471665823264e-01 -1.000000000000000056e-01
3.525000000000000000e+01 1.746839934997955202e-01 2.935384106617253686e+00 1.000000000000000056e-01
3.525999999999999801e+01 1.668340064075917450e-01 1.784372003244895977e+00 1.000000000000000056e-01
3.527000000000000313e+01 1.652270183012461147e-01 6.795860834753701674e-02 -1.000000000000000056e-01
3.528000000000000114e+01 1.648093089779963383e-01 3.236518864635161474e+00 1.000000000000000056e-01
3.528999999999999915e+01 1.566894654351259630e-01 -2.273125822595947476e-01 -1.000000000000000056e-01
3.530000000000000426e+01 1.579378204926372153e-01 3.239711655514600164e+00 1.000000000000000056e-01
3.531000000000000227e+01 1.484268035721002799e-01 1.789977378895245774e+00 1.000000000000000056e-01
3.532000000000000028e+01 1.454751921047730268e-01 2.085321698526797274e+00 1.000000000000000056e-01
3.532999999999999829e+01 1.409578657992345829e-01 2.082922862068229186e+00 1.000000000000000056e-01
3.534000000000000341e+01 1.379032828046515835e-01 6.487257283475464376e-02 -1.000000000000000056e-01
3.535000000000000142e+01 1.377123595008430124e-01 3.228322304254544584e+00 1.000000000000000056e-01
3.535999999999999943e+01 1.283786507279073841e-01 1.776548756334429990e+00 1.000000000000000056e-01
3.536999999999999744e+01 1.255984960510829196e-01 2.070443596553332988e+00 1.000000000000000056e-01
3.538000000000000256e+01 1.225702601107953454e-01 5.275997417191163191e-02 -1.000000000000000056e-01
3.539000000000000057e+01 1.223934254547726364e-01 3.217924028007296045e+00 1.000000000000000056e-01
3.539999999999999858e+01 1.130715552527645079e-01 1.765516999396458786e+00 1.000000000000000056e-01
3.541000000000000369e+01 1.102758118295145279e-01 2.060587430287598831e+00 1.000000000000000056e-01
3.542000000000000171e+01 1.072323691739570234e-01 4.394715658652793150e-02 -1.000000000000000056e-01
3.542999999999999972e+01 1.070197872360829638e-01 3.211037623658446361e+00 1.000000000000000056e-01
3.543999999999999773e+01 9.905745752432344731e-02 -2.568140432798625139e-01 -1.000000000000000056e-01
3.545000000000000284e+01 1.002944830994602632e-01 3.213367392698480263e+00 1.000000000000000056e-01
3.546000000000000085e+01 9.222389843416811672e-02 -2.548357370202408156e-01 -1.000000000000000056e-01
3.546999999999999886e+01 9.471842431470409163e-02 1.204294196414458451e+00 -1.000000000000000056e-01
3.548000000000000398e+01 9.075599259827164811e-02 9.090706134092995105e-01 -1.000000000000000056e-01
3.549000000000000199e+01 8.666650514620785617e-02 2.930139964709481237e+00 1.000000000000000056e-01
3.550000000000000000e+01 7.840275494784604282e-02 1.776315803408543115e+00 1.000000000000000056e-01
3.550999999999999801e+01 7.501290590794175428e-02 2.075586284214218757e+00 1.000000000000000056e-01
3.552000000000000313e+01 7.008431000371098674e-02 2.075313149903592169e+00 1.000000000000000056e-01
3.553000000000000114e+01 6.664183794012711048e-02 6.012744970276871076e-02 -1.000000000000000056e-01
3.553999999999999915e+01 6.738871714446917349e-02 1.215082466867155153e+00 -1.000000000000000056e-01
3.555000000000000426e+01 6.199706878401121252e-02 2.930567930031314550e+00 1.000000000000000056e-01
3.556000000000000227e+01 5.376876529326906490e-02 1.776216854296952974e+00 1.000000000000000056e-01
3.557000000000000028e+01 5.050942867863647545e-02 2.073393084885318594e+00 1.000000000000000056e-01
3.557999999999999829e+01 4.566328811892210460e-02 2.071613460079338775e+00 1.000000000000000056e-01
3.559000000000000341e+01 4.227200254225246812e-02 5.561016280303582304e-02 -1.000000000000000056e-01
3.560000000000000142e+01 4.166548303602467251e-02 3.222514498159099183e+00 1.000000000000000056e-01
3.560999999999999943e+01 3.356170942712364408e-02 -2.467901696424449343e-01 -1.000000000000000056e-01
3.561999999999999744e+01 3.438273260338557680e-02 3.222707671719925226e+00 1.000000000000000056e-01
3.563000000000000256e+01 2.622840191359520831e-02 -2.464761863468644676e-01 -1.000000000000000056e-01
3.564000000000000057e+01 2.827628516291269892e-02 1.212299009739686184e+00 -1.000000000000000056e-01
3.564999999999999858e+01 2.281844717306739587e-02 2.928704274081128656e+00 1.000000000000000056e-01
3.566000000000000369e+01 1.583420520383851948e-02 -2.393874425698905850e-01 -1.000000000000000056e-01
3.567000000000000171e+01 1.773536216899223097e-02 1.221459699834577917e+00 -1.000000000000000056e-01
3.567999999999999972e+01 1.333156250378849696e-02 9.254679153517332280e-01 -1.000000000000000056e-01
3.568999999999999773e+01 1.027399944817896336e-02 9.327614806659307867e-01 -1.000000000000000056e-01
3.570000000000000284e+01 7.157691103879264445e-03 9.394621673596577072e-01 -1.000000000000000056e-01
3.571000000000000085e+01 2.603622139878017903e-03 2.960051954049829792e+00 1.000000000000000056e-01
3.571999999999999886e+01 -5.965904525507045170e-03 1.806736420524511777e+00 1.000000000000000056e-01
3.573000000000000398e+01 -9.881824526040893994e-03 2.105276172457014816e+00 1.000000000000000056e-01
3.574000000000000199e+01 -1.380810492164676398e-02 8.925358864952670501e-02 -1.000000000000000056e-01
3.575000000000000000e+01 -1.511133710084081733e-02 3.255579799804439123e+00 1.000000000000000056e-01
3.575999999999999801e+01 -2.337554247814035632e-02 -2.117043505607564269e-01 -1.000000000000000056e-01
3.577000000000000313e+01 -2.187912686237938886e-02 1.239228983585036081e+00 -1.000000000000000056e-01
3.578000000000000114e+01 -2.627029737330775078e-02 9.397403203425250817e-01 -1.000000000000000056e-01
3.578999999999999915e+01 -3.064648105780103451e-02 2.957443012527431137e+00 1.000000000000000056e-01
3.580000000000000426e+01 -3.880428917269805600e-02 1.805716672909875253e+00 1.000000000000000056e-01
3.581000000000000227e+01 -4.253789634699003258e-02 2.102055354589495550e+00 1.000000000000000056e-01
3.582000000000000028e+01 -4.636747877591003431e-02 8.483474889524514340e-02 -1.000000000000000056e-01
3.582999999999999829e+01 -4.643607924059812986e-02 1.234886118776750141e+00 -1.000000000000000056e-01
3.584000000000000341e+01 -5.186362955132274577e-02 2.950389377011312764e+00 1.000000000000000056e-01
3.585000000000000142e+01 -5.862321591139079552e-02 -2.173193033144074637e-01 -1.000000000000000056e-01
3.585999999999999943e+01 -5.736933098912506274e-02 1.233197997355391928e+00 -1.000000000000000056e-01
3.586999999999999744e+01 -6.173242838749207900e-02 9.349942468935772411e-01 -1.000000000000000056e-01
3.588000000000000256e+01 -6.607077977965633564e-02 2.954133681715905180e+00 1.000000000000000056e-01
3.589000000000000057e+01 -7.282185843349135712e-02 -2.120051379485949627e-01 -1.000000000000000056e-01
3.589999999999999858e+01 -7.190358908688905537e-02 1.239652296447234958e+00 -1.000000000000000056e-01
3.591000000000000369e+01 -7.749855897372029401e-02 2.958388334307628931e+00 1.000000000000000056e-01
3.592000000000000171e+01 -8.425121497938162229e-02 -2.065318709493568772e-01 -1.000000000000000056e-01
3.592999999999999972e+01 -8.343129161198342691e-02 1.243514642197743880e+00 -1.000000000000000056e-01
3.593999999999999773e+01 -8.896982577320247665e-02 2.962138237047912348e+00 1.000000000000000056e-01
3.595000000000000284e+01 -9.668942553935341855e-02 1.813928854842364657e+00 1.000000000000000056e-01
3.596000000000000085e+01 -9.930517573495567518e-02 9.266633685400266218e-02 -1.000000000000000056e-01
3.596999999999999886e+01 -1.008883088972244296e-01 3.254777442528607345e+00 1.000000000000000056e-01
3.598000000000000398e+01 -1.083897761736647564e-01 -2.084318138198954229e-01 -1.000000000000000056e-01
3.599000000000000199e+01 -1.087253276032988381e-01 3.251507632433086492e+00 1.000000000000000056e-01
3.600000000000000000e+01 -1.170772145410483994e-01 1.804121380364261285e+00 1.000000000000000056e-01
3.600999999999999801e+01 -1.205537809385095194e-01 2.095973229701219687e+00 1.000000000000000056e-01
3.602000000000000313e+01 -1.240668775353127723e-01 7.534610002364071357e-02 -1.000000000000000056e-01
3.603000000000000114e+01 -1.244716354335341363e-01 1.220044350752951479e+00 -1.000000000000000056e-01
3.603999999999999915e+01 -1.292921013774160077e-01 2.935604393844414073e+00 1.000000000000000056e-01
3.605000000000000426e+01 -1.352855563877916056e-01 -2.315983265189627827e-01 -1.000000000000000056e-01
3.606000000000000227e+01 -1.346278927602893305e-01 1.215165035315277642e+00 -1.000000000000000056e-01
3.607000000000000028e+01 -1.395473107764632903e-01 2.933079336318071828e+00 1.000000000000000056e-01
3.607999999999999829e+01 -1.454559347412935078e-01 -2.318463847798413191e-01 -1.000000000000000056e-01
3.609000000000000341e+01 -1.459640715289674262e-01 3.232111217310588369e+00 1.000000000000000056e-01
3.610000000000000142e+01 -1.527599668789361431e-01 -2.307810176167462701e-01 -1.000000000000000056e-01
3.610999999999999943e+01 -1.533533346646682172e-01 3.232004998364343518e+00 1.000000000000000056e-01
3.611999999999999744e+01 -1.599932211325718889e-01 -2.309788536032743034e-01 -1.000000000000000056e-01
3.613000000000000256e+01 -1.606152587159870304e-01 3.230600917386188264e+00 1.000000000000000056e-01
3.614000000000000057e+01 -1.671156461927646997e-01 -2.324213505943538982e-01 -1.000000000000000056e-01
3.614999999999999858e+01 -1.668951956564632411e-01 1.213441775321853378e+00 -1.000000000000000056e-01
3.616000000000000369e+01 -1.715019208440698439e-01 2.931757804475935814e+00 1.000000000000000056e-01
3.617000000000000171e+01 -1.770168082024628498e-01 -2.329959668968605013e-01 -1.000000000000000056e-01
3.617999999999999972e+01 -1.768924322659412574e-01 1.214068752463033585e+00 -1.000000000000000056e-01
3.618999999999999773e+01 -1.814484265765080040e-01 2.933625455545546323e+00 1.000000000000000056e-01
3.620000000000000284e+01 -1.876187229998649286e-01 1.787251209665549956e+00 1.000000000000000056e-01
3.621000000000000085e+01 -1.900704833102620228e-01 6.600599764008392711e-02 -1.000000000000000056e-01
3.621999999999999886e+01 -1.909821454846694910e-01 1.212374856928802203e+00 -1.000000000000000056e-01
3.623000000000000398e+01 -1.944939434366083630e-01 9.154320666065898227e-01 -1.000000000000000056e-01
3.624000000000000199e+01 -1.973973165221798720e-01 9.181915202569440604e-01 -1.000000000000000056e-01
3.625000000000000000e+01 -2.001738682033575023e-01 9.209816248113661397e-01 -1.000000000000000056e-01
3.625999999999999801e+01 -2.037735788600038567e-01 2.942021535244230712e+00 1.000000000000000056e-01
3.627000000000000313e+01 -2.095773866743448621e-01 1.796881715775913602e+00 1.000000000000000056e-01
3.628000000000000114e+01 -2.120863715929274529e-01 7.525735081072917887e-02 -1.000000000000000056e-01
3.628999999999999915e+01 -2.131370648980678573e-01 1.220853209307083631e+00 -1.000000000000000056e-01
3.630000000000000426e+01 -2.172623860174381083e-01 2.942697173299992919e+00 1.000000000000000056e-01
3.631000000000000227e+01 -2.221068012141698411e-01 -2.208124842275467903e-01 -1.000000000000000056e-01
3.632000000000000028e+01 -2.224407827356063849e-01 1.220556534600367726e+00 -1.000000000000000056e-01
3.632999999999999829e+01 -2.264080673170811575e-01 2.941515944348235934e+00 1.000000000000000056e-01
3.634000000000000341e+01 -2.310875028381167984e-01 -2.213532254315219716e-01 -1.000000000000000056e-01
3.635000000000000142e+01 -2.315102588220560864e-01 1.219917311258600590e+00 -1.000000000000000056e-01
3.635999999999999943e+01 -2.347315783047013993e-01 9.235645591811634247e-01 -1.000000000000000056e-01
3.636999999999999744e+01 -2.374223816717220270e-01 9.269848578991418675e-01 -1.000000000000000056e-01
3.638000000000000256e+01 -2.400326576374003096e-01 9.305748969550331484e-01 -1.000000000000000056e-01
3.639000000000000057e+01 -2.432452930550043080e-01 2.953745238277133200e+00 1.000000000000000056e-01
3.639999999999999858e+01 -2.481519313035722429e-01 1.811179985357926681e+00 1.000000000000000056e-01
3.641000000000000369e+01 -2.505051096733968419e-01 8.563004645435924600e-02 -1.000000000000000056e-01
3.642000000000000171e+01 -2.522203165673770342e-01 3.245457230345582644e+00 1.000000000000000056e-01
3.642999999999999972e+01 -2.572629147327955557e-01 1.808199563607421068e+00 1.000000000000000056e-01
3.643999999999999773e+01 -2.594917055439704412e-01 7.859212219257706578e-02 -1.000000000000000056e-01
3.645000000000000284e+01 -2.606478972686844808e-01 1.215462031223981665e+00 -1.000000000000000056e-01
3.646000000000000085e+01 -2.638160271265846402e-01 2.936003222936744983e+00 1.000000000000000056e-01
3.646999999999999886e+01 -2.676594019074103881e-01 -2.275496757466145825e-01 -1.000000000000000056e-01
3.648000000000000398e+01 -2.683200113862264646e-01 1.207528161057834115e+00 -1.000000000000000056e-01
3.649000000000000199e+01 -2.709773188450430026e-01 9.107276187431558867e-01 -1.000000000000000056e-01
3.650000000000000000e+01 -2.732988722816929728e-01 9.128929683215059043e-01 -1.000000000000000056e-01
3.650999999999999801e+01 -2.755338689642928829e-01 9.156654768474754569e-01 -1.000000000000000056e-01
3.652000000000000313e+01 -2.777947109892162647e-01 9.193885160592721872e-01 -1.000000000000000056e-01
3.653000000000000114e+01 -2.804134599757306390e-01 2.944382800138526157e+00 1.000000000000000056e-01
3.653999999999999915e+01 -2.838358542554176300e-01 -2.159823019963879875e-01 -1.000000000000000056e-01
3.655000000000000426e+01 -2.851166389829888348e-01 3.242520431945021819e+00 1.000000000000000056e-01
3.656000000000000227e+01 -2.886324383258321302e-01 -2.126723404089956027e-01 -1.000000000000000056e-01
3.657000000000000028e+01 -2.899586151333969353e-01 3.241777334125382382e+00 1.000000000000000056e-01
3.657999999999999829e+01 -2.935068200567522712e-01 1.806971060564157794e+00 1.000000000000000056e-01
3.659000000000000341e+01 -2.954685943459087194e-01 7.517071219434916240e-02 -1.000000000000000056e-01
3.660000000000000142e+01 -2.969693905148250157e-01 3.229147415462708448e+00 1.000000000000000056e-01
3.660999999999999943e+01 -2.999512636741804572e-01 -2.268379109150123474e-01 -1.000000000000000056e-01
3.661999999999999744e+01 -3.010121911655008753e-01 1.202452706822684236e+00 -1.000000000000000056e-01
3.663000000000000256e+01 -3.032577218715889478e-01 2.924601156432347526e+00 1.000000000000000056e-01
3.664000000000000057e+01 -3.058536551679107429e-01 -2.370440262517099494e-01 -1.000000000000000056e-01
3.664999999999999858e+01 -3.071198047913635820e-01 3.214566892888202521e+00 1.000000000000000056e-01
3.666000000000000369e+01 -3.096149582035916947e-01 -2.398293597904654073e-01 -1.000000000000000056e-01
3.667000000000000171e+01 -3.108047320180035156e-01 1.192524610984314393e+00 -1.000000000000000056e-01
3.667999999999999972e+01 -3.125943701089666793e-01 8.967836111897115048e-01 -1.000000000000000056e-01
3.668999999999999773e+01 -3.143692071560604262e-01 8.984519940306100461e-01 -1.000000000000000056e-01
3.670000000000000284e+01 -3.160247077250836756e-01 9.010730003507411157e-01 -1.000000000000000056e-01
3.671000000000000085e+01 -3.176835060328431770e-01 9.048898677476000518e-01 -1.000000000000000056e-01
3.671999999999999886e+01 -3.193104125131833726e-01 9.101577344809785863e-01 -1.000000000000000056e-01
3.673000000000000398e+01 -3.209139455128576235e-01 9.164389057074847633e-01 -1.000000000000000056e-01
3.674000000000000199e+01 -3.225565978926508426e-01 2.944911438734212794e+00 1.000000000000000056e-01
3.675000000000000000e+01 -3.243971581352548261e-01 -2.142349335711973002e-01 -1.000000000000000056e-01
3.675999999999999801e+01 -3.256793460531302031e-01 1.221182359943458806e+00 -1.000000000000000056e-01
3.677000000000000313e+01 -3.271008683402641948e-01 2.952341441266960853e+00 1.000000000000000056e-01
3.678000000000000114e+01 -3.287842491897931541e-01 -2.070836535555749258e-01 -1.000000000000000056e-01
3.678999999999999915e+01 -3.300732833395355614e-01 1.223154894165472406e+00 -1.000000000000000056e-01
3.680000000000000426e+01 -3.313010488270192178e-01 9.298977826719608819e-01 -1.000000000000000056e-01
3.681000000000000227e+01 -3.326882287484996259e-01 2.955919729192615364e+00 1.000000000000000056e-01
3.682000000000000028e+01 -3.338968172203890528e-01 1.818347972803436630e+00 1.000000000000000056e-01
3.682999999999999829e+01 -3.351626782089366374e-01 2.105896949519883599e+00 1.000000000000000056e-01
3.684000000000000341e+01 -3.361400816081780429e-01 2.101873019890368344e+00 1.000000000000000056e-01
3.685000000000000142e+01 -3.371782404189681559e-01 2.096217425572448168e+00 1.000000000000000056e-01
3.685999999999999943e+01 -3.382406967902581996e-01 6.664913178508784231e-02 -1.000000000000000056e-01
3.686999999999999744e+01 -3.396270286487051981e-01 1.192460445380614464e+00 -1.000000000000000056e-01
3.688000000000000256e+01 -3.402724503611325169e-01 2.913685204591089928e+00 1.000000000000000056e-01
3.689000000000000057e+01 -3.408831560621873313e-01 1.773030305227895731e+00 1.000000000000000056e-01
3.689999999999999858e+01 -3.419806934342076166e-01 3.861525860371552155e-02 -1.000000000000000056e-01
3.691000000000000369e+01 -3.431248528001710207e-01 3.190823688888968945e+00 1.000000000000000056e-01
3.692000000000000171e+01 -3.429668567142604707e-01 1.760267021482605054e+00 1.000000000000000056e-01
3.692999999999999972e+01 -3.438598833184408621e-01 2.047838827604080425e+00 1.000000000000000056e-01
3.693999999999999773e+01 -3.445757396524372629e-01 2.329442256185728158e-02 -1.000000000000000056e-01
3.695000000000000284e+01 -3.460563421282741303e-01 1.156572551220103051e+00 -1.000000000000000056e-01
3.696000000000000085e+01 -3.464362363658359256e-01 8.594790541468980694e-01 -1.000000000000000056e-01
3.696999999999999886e+01 -3.474348840895452595e-01 8.594107871348095617e-01 -1.000000000000000056e-01
3.698000000000000398e+01 -3.477785405216446968e-01 2.881010131960262122e+00 1.000000000000000056e-01
3.699000000000000199e+01 -3.472227146529638375e-01 1.742981247486013352e+00 1.000000000000000056e-01
3.700000000000000000e+01 -3.480720507362130012e-01 1.735087767045043888e-02 -1.000000000000000056e-01
3.700999999999999801e+01 -3.490859108890593809e-01 3.176960331981017127e+00 1.000000000000000056e-01
3.702000000000000313e+01 -3.481699748012972995e-01 -2.740097190216743694e-01 -1.000000000000000056e-01
3.703000000000000114e+01 -3.497492537291895798e-01 3.178587118257160338e+00 1.000000000000000056e-01
3.703999999999999915e+01 -3.485894103601607785e-01 -2.743839287501987911e-01 -1.000000000000000056e-01
3.705000000000000426e+01 -3.501806769007113629e-01 3.177355355065144771e+00 1.000000000000000056e-01
3.706000000000000227e+01 -3.488144534045030665e-01 -2.751614586501673343e-01 -1.000000000000000056e-01
3.707000000000000028e+01 -3.504266010752172256e-01 3.176914928871749311e+00 1.000000000000000056e-01
3.707999999999999829e+01 -3.488572555737423642e-01 -2.754955075838926293e-01 -1.000000000000000056e-01
3.709000000000000341e+01 -3.504882127331289121e-01 3.176793660492981619e+00 1.000000000000000056e-01
3.710000000000000142e+01 -3.481316322976297783e-01 1.744960193525797676e+00 1.000000000000000056e-01
3.710999999999999943e+01 -3.482599586213571685e-01 2.036676410330405584e+00 1.000000000000000056e-01
3.711999999999999744e+01 -3.476184194598833654e-01 2.035390751763825001e+00 1.000000000000000056e-01
3.713000000000000256e+01 -3.476061608386182833e-01 1.339570114699822900e-02 -1.000000000000000056e-01
3.714000000000000057e+01 -3.487168646902807922e-01 3.168001595809669890e+00 1.000000000000000056e-01
3.714999999999999858e+01 -3.459013681758998371e-01 1.731269548849892370e+00 1.000000000000000056e-01
3.716000000000000369e+01 -3.459643955977069751e-01 2.020991439166130998e+00 1.000000000000000056e-01
3.717000000000000171e+01 -3.451407333270823385e-01 2.018063017205666387e+00 1.000000000000000056e-01
3.717999999999999972e+01 -3.443247992198545382e-01 2.014493984996690745e+00 1.000000000000000056e-01
3.718999999999999773e+01 -3.442305721901106619e-01 -7.882383529083729704e-03 -1.000000000000000056e-01
3.720000000000000284e+01 -3.461550722211940156e-01 1.132374007823922835e+00 -1.000000000000000056e-01
3.721000000000000085e+01 -3.454159343099625912e-01 8.360941106983613702e-01 -1.000000000000000056e-01
3.721999999999999886e+01 -3.457322337388349376e-01 8.396803688204153016e-01 -1.000000000000000056e-01
3.723000000000000398e+01 -3.456364033661476487e-01 8.449609017242201148e-01 -1.000000000000000056e-01
3.724000000000000199e+01 -3.455157438239606082e-01 8.518216167428767083e-01 -1.000000000000000056e-01
3.725000000000000000e+01 -3.452700749621748777e-01 8.599387205675007584e-01 -1.000000000000000056e-01
3.725999999999999801e+01 -3.449361012834625262e-01 8.686368602295393426e-01 -1.000000000000000056e-01
3.727000000000000313e+01 -3.445142063612897099e-01 8.775383457733609838e-01 -1.000000000000000056e-01
3.728000000000000114e+01 -3.440089435446471722e-01 8.864789653873006436e-01 -1.000000000000000056e-01
3.728999999999999915e+01 -3.425996079989079290e-01 2.914575298790257563e+00 1.000000000000000056e-01
3.730000000000000426e+01 -3.396140775342464946e-01 -2.466347715366197513e-01 -1.000000000000000056e-01
3.731000000000000227e+01 -3.409320852251850886e-01 3.217736244074358432e+00 1.000000000000000056e-01
3.732000000000000028e+01 -3.367657659154619232e-01 -2.375089841628288401e-01 -1.000000000000000056e-01
3.732999999999999829e+01 -3.391155712896219976e-01 1.202239352107574488e+00 -1.000000000000000056e-01
3.734000000000000341e+01 -3.373468767994290407e-01 9.092394291527996497e-01 -1.000000000000000056e-01
3.735000000000000142e+01 -3.358033691809985677e-01 2.934134514828509399e+00 1.000000000000000056e-01
3.735999999999999943e+01 -3.314454789031282544e-01 1.794566321795665109e+00 1.000000000000000056e-01
3.736999999999999744e+01 -3.311155369542895799e-01 6.638764218000176021e-02 -1.000000000000000056e-01
3.738000000000000256e+01 -3.314490582008016162e-01 3.224645380125924277e+00 1.000000000000000056e-01
3.739000000000000057e+01 -3.268909940119541502e-01 -2.277436056937438558e-01 -1.000000000000000056e-01
3.739999999999999858e+01 -3.284726689590211635e-01 3.222955666778339445e+00 1.000000000000000056e-01
3.741000000000000369e+01 -3.237322183154390243e-01 -2.311234161126995978e-01 -1.000000000000000056e-01
3.742000000000000171e+01 -3.263100617689158600e-01 1.198727426614113023e+00 -1.000000000000000056e-01
3.742999999999999972e+01 -3.242778891797781227e-01 9.031830995525925720e-01 -1.000000000000000056e-01
3.743999999999999773e+01 -3.234451955119160282e-01 9.048346393900231766e-01 -1.000000000000000056e-01
3.745000000000000284e+01 -3.223905202757419430e-01 9.076362503847857921e-01 -1.000000000000000056e-01
3.746000000000000085e+01 -3.202135366262365834e-01 2.932749460425225774e+00 1.000000000000000056e-01
3.746999999999999886e+01 -3.160459862808278064e-01 -2.244205046056285124e-01 -1.000000000000000056e-01
3.748000000000000398e+01 -3.182948711729826075e-01 1.210580657054492582e+00 -1.000000000000000056e-01
3.749000000000000199e+01 -3.157576328684463807e-01 9.194134567840708261e-01 -1.000000000000000056e-01
3.750000000000000000e+01 -3.134719968265686774e-01 2.946551293528843374e+00 1.000000000000000056e-01
3.750999999999999801e+01 -3.090316594863687927e-01 -2.114775805175505563e-01 -1.000000000000000056e-01
3.752000000000000313e+01 -3.112393767526306920e-01 1.220228150158139124e+00 -1.000000000000000056e-01
3.753000000000000114e+01 -3.085061191024239258e-01 9.284690466005536269e-01 -1.000000000000000056e-01
3.753999999999999915e+01 -3.071400734846038150e-01 9.331187355140241335e-01 -1.000000000000000056e-01
3.755000000000000426e+01 -3.055604676440096812e-01 9.373845241265220674e-01 -1.000000000000000056e-01
3.756000000000000227e+01 -3.039158807115804883e-01 9.420541253812900750e-01 -1.000000000000000056e-01
3.757000000000000028e+01 -3.021847054868813109e-01 9.477801225329237633e-01 -1.000000000000000056e-01
3.757999999999999829e+01 -2.992739574493711863e-01 2.977807422549547223e+00 1.000000000000000056e-01
3.759000000000000341e+01 -2.931044864508295933e-01 1.842533769455497961e+00 1.000000000000000056e-01
3.760000000000000142e+01 -2.907624567783278491e-01 2.131697075843121958e+00 1.000000000000000056e-01
3.760999999999999943e+01 -2.882335342762996078e-01 1.052708005544680248e-01 -1.000000000000000056e-01
3.761999999999999744e+01 -2.892681038744802091e-01 1.234252273213078288e+00 -1.000000000000000056e-01
3.763000000000000256e+01 -2.863842221231620577e-01 9.388666529012846818e-01 -1.000000000000000056e-01
3.764000000000000057e+01 -2.836955861370726306e-01 2.960415271946291949e+00 1.000000000000000056e-01
3.764999999999999858e+01 -2.774143899168839966e-01 1.823996298084432421e+00 1.000000000000000056e-01
3.766000000000000369e+01 -2.762752112107201841e-01 8.703082297466030459e-02 -1.000000000000000056e-01
3.767000000000000171e+01 -2.760415225026059960e-01 3.237964371275725117e+00 1.000000000000000056e-01
3.767999999999999972e+01 -2.683513885140136335e-01 1.813305095077943019e+00 1.000000000000000056e-01
3.768999999999999773e+01 -2.674137512770940472e-01 7.557674595875904511e-02 -1.000000000000000056e-01
3.770000000000000284e+01 -2.685739052626627821e-01 1.202161898184473499e+00 -1.000000000000000056e-01
3.771000000000000085e+01 -2.655302154771908563e-01 9.055424804719623966e-01 -1.000000000000000056e-01
3.771999999999999886e+01 -2.640295871893512669e-01 9.037969916558379335e-01 -1.000000000000000056e-01
3.773000000000000398e+01 -2.621765487290471097e-01 9.033799711493205598e-01 -1.000000000000000056e-01
3.774000000000000199e+01 -2.602399092727312735e-01 9.051366503404575381e-01 -1.000000000000000056e-01
3.775000000000000000e+01 -2.581796151919140692e-01 9.090384598500775848e-01 -1.000000000000000056e-01
3.775999999999999801e+01 -2.560185296726193438e-01 9.144245193646731718e-01 -1.000000000000000056e-01
3.777000000000000313e+01 -2.525004212529276537e-01 2.944526772795208469e+00 1.000000000000000056e-01
3.778000000000000114e+01 -2.452583136435968203e-01 1.813830569720943586e+00 1.000000000000000056e-01
3.778999999999999915e+01 -2.423288412235753975e-01 2.105184434173875463e+00 1.000000000000000056e-01
3.780000000000000426e+01 -2.392402142177106894e-01 8.098417745294916870e-02 -1.000000000000000056e-01
3.781000000000000227e+01 -2.401858925294317326e-01 1.209511256076965857e+00 -1.000000000000000056e-01
3.782000000000000028e+01 -2.366372946152241197e-01 9.147832335082380917e-01 -1.000000000000000056e-01
3.782999999999999829e+01 -2.347266688293610237e-01 9.132357309261147638e-01 -1.000000000000000056e-01
3.784000000000000341e+01 -2.324813874321441098e-01 9.127347932461707947e-01 -1.000000000000000056e-01
3.785000000000000142e+01 -2.288539773481237383e-01 2.938516259793641616e+00 1.000000000000000056e-01
3.785999999999999943e+01 -2.227090896486836613e-01 -2.169163775192920196e-01 -1.000000000000000056e-01
3.786999999999999744e+01 -2.233852337376511510e-01 3.231040564663731907e+00 1.000000000000000056e-01
3.788000000000000256e+01 -2.156721632842670822e-01 -2.143021246774425570e-01 -1.000000000000000056e-01
3.789000000000000057e+01 -2.165168391904545298e-01 3.230298682905371255e+00 1.000000000000000056e-01
3.789999999999999858e+01 -2.088169252269435339e-01 -2.162403173622615138e-01 -1.000000000000000056e-01
3.791000000000000369e+01 -2.097266757478282728e-01 3.225186553718693006e+00 1.000000000000000056e-01
3.792000000000000171e+01 -2.020170474212519551e-01 -2.216940784469597636e-01 -1.000000000000000056e-01
3.792999999999999972e+01 -2.043202993920862354e-01 1.195492921794383712e+00 -1.000000000000000056e-01
3.793999999999999773e+01 -2.004615749940623082e-01 9.013235532352363855e-01 -1.000000000000000056e-01
3.795000000000000284e+01 -1.981847898549737863e-01 9.012297022175065342e-01 -1.000000000000000056e-01
3.796000000000000085e+01 -1.943140284261185846e-01 2.926794345830670885e+00 1.000000000000000056e-01
3.796999999999999886e+01 -1.864014884884261369e-01 1.797019691477759196e+00 1.000000000000000056e-01
3.798000000000000398e+01 -1.844756652279981035e-01 6.273419545826010302e-02 -1.000000000000000056e-01
3.799000000000000199e+01 -1.850427116335482680e-01 1.191428911651964961e+00 -1.000000000000000056e-01
3.800000000000000000e+01 -1.810695507068574572e-01 8.998095037810123209e-01 -1.000000000000000056e-01
3.800999999999999801e+01 -1.786646389964743342e-01 9.005653733696642460e-01 -1.000000000000000056e-01
3.802000000000000313e+01 -1.760274775108488232e-01 9.015290130082291853e-01 -1.000000000000000056e-01
3.803000000000000114e+01 -1.719009337047780195e-01 2.928936615920125774e+00 1.000000000000000056e-01
3.803999999999999915e+01 -1.651340335001572623e-01 -2.250308061909960800e-01 -1.000000000000000056e-01
3.805000000000000426e+01 -1.669436946343166306e-01 1.197785019814361585e+00 -1.000000000000000056e-01
3.806000000000000227e+01 -1.625389574867708853e-01 9.088553301346389279e-01 -1.000000000000000056e-01
3.807000000000000028e+01 -1.584160993171117027e-01 2.938660370295893109e+00 1.000000000000000056e-01
3.807999999999999829e+01 -1.515401349334216385e-01 -2.163155755909679512e-01 -1.000000000000000056e-01
3.809000000000000341e+01 -1.532868233080116604e-01 1.203640734145429159e+00 -1.000000000000000056e-01
3.810000000000000142e+01 -1.474072333757050768e-01 2.939754184466516929e+00 1.000000000000000056e-01
3.810999999999999943e+01 -1.406412080846648482e-01 -2.144318270769247914e-01 -1.000000000000000056e-01
3.811999999999999744e+01 -1.423978719020804751e-01 1.203337656893731955e+00 -1.000000000000000056e-01
3.813000000000000256e+01 -1.379290222402227151e-01 9.125177994360015310e-01 -1.000000000000000056e-01
3.814000000000000057e+01 -1.337252834107379995e-01 2.940887249362214462e+00 1.000000000000000056e-01
3.814999999999999858e+01 -1.267619067165463853e-01 -2.144758561450341994e-01 -1.000000000000000056e-01
3.816000000000000369e+01 -1.270483317430622094e-01 3.227939316825910954e+00 1.000000000000000056e-01
3.817000000000000171e+01 -1.185227153723827920e-01 -2.152884102229186136e-01 -1.000000000000000056e-01
3.817999999999999972e+01 -1.189795546224458739e-01 3.224492402717875628e+00 1.000000000000000056e-01
3.818999999999999773e+01 -1.105359062003358206e-01 -2.193878579135292717e-01 -1.000000000000000056e-01
3.820000000000000284e+01 -1.110647372102331193e-01 3.217571173153585651e+00 1.000000000000000056e-01
3.821000000000000085e+01 -1.011964870637987318e-01 1.799808924430224222e+00 1.000000000000000056e-01
3.821999999999999886e+01 -9.917275799906406786e-02 5.762967339829227348e-02 -1.000000000000000056e-01
3.823000000000000398e+01 -9.827772291366888846e-02 3.202870733102212153e+00 1.000000000000000056e-01
3.824000000000000199e+01 -8.859604978448763768e-02 1.784094957310994989e+00 1.000000000000000056e-01
3.825000000000000000e+01 -8.673769466589462129e-02 4.230436115394784619e-02 -1.000000000000000056e-01
3.825999999999999801e+01 -8.598606090481504538e-02 3.187031513458339571e+00 1.000000000000000056e-01
3.827000000000000313e+01 -7.639638239496555905e-02 1.766272602714893836e+00 1.000000000000000056e-01
3.828000000000000114e+01 -7.462491332148134260e-02 2.605437917445853693e-02 -1.000000000000000056e-01
3.828999999999999915e+01 -7.538491769428494471e-02 1.149608368165966121e+00 -1.000000000000000056e-01
3.830000000000000426e+01 -7.134529253757414258e-02 8.543381305484805122e-01 -1.000000000000000056e-01
3.831000000000000227e+01 -6.896032293488915665e-02 8.528294953434055747e-01 -1.000000000000000056e-01
3.832000000000000028e+01 -6.622188317295722715e-02 8.529203890340042449e-01 -1.000000000000000056e-01
3.832999999999999829e+01 -6.195488859681858029e-02 2.879085841699959403e+00 1.000000000000000056e-01
3.834000000000000341e+01 -5.497250359825505556e-02 -2.731512530488386381e-01 -1.000000000000000056e-01
3.835000000000000142e+01 -5.522284940425842975e-02 3.175790593174047327e+00 1.000000000000000056e-01
3.835999999999999943e+01 -4.517254793345439751e-02 1.758934055561351961e+00 1.000000000000000056e-01
3.836999999999999744e+01 -4.151198051627093960e-02 2.049561868766341277e+00 1.000000000000000056e-01
3.838000000000000256e+01 -3.778425051773120352e-02 2.604017429526501309e-02 -1.000000000000000056e-01
3.839000000000000057e+01 -3.832141038676072087e-02 1.152406526529893283e+00 -1.000000000000000056e-01
3.839999999999999858e+01 -3.269340349933394507e-02 2.881089224243283731e+00 1.000000000000000056e-01
3.841000000000000369e+01 -2.465442545744603656e-02 1.749397625434415016e+00 1.000000000000000056e-01
3.842000000000000171e+01 -2.247160573553941970e-02 1.475285137873427396e-02 -1.000000000000000056e-01
3.842999999999999972e+01 -2.294929904117977079e-02 1.143218617300162609e+00 -1.000000000000000056e-01
3.843999999999999773e+01 -1.731576457009154080e-02 2.873425544040805413e+00 1.000000000000000056e-01
3.845000000000000284e+01 -1.077092182012677306e-02 -2.809505057251235338e-01 -1.000000000000000056e-01
3.846000000000000085e+01 -1.250060346195128527e-02 1.141872950866946290e+00 -1.000000000000000056e-01
3.846999999999999886e+01 -8.174191040700953814e-03 8.501669063169771112e-01 -1.000000000000000056e-01
3.848000000000000398e+01 -5.381525484783794555e-03 8.531168266054873772e-01 -1.000000000000000056e-01
3.849000000000000199e+01 -9.802868169951433307e-04 2.880211077741905878e+00 1.000000000000000056e-01
3.850000000000000000e+01 7.472077126817631629e-03 1.752085643875509247e+00 1.000000000000000056e-01
3.850999999999999801e+01 1.135969951197969390e-02 2.045756662597582043e+00 1.000000000000000056e-01
3.852000000000000313e+01 1.527398876316739783e-02 2.511942222775650005e-02 -1.000000000000000056e-01
3.853000000000000114e+01 1.494872694087676958e-02 1.154823205762622651e+00 -1.000000000000000056e-01
3.853999999999999915e+01 1.924419725633601599e-02 8.613795046644411313e-01 -1.000000000000000056e-01
3.855000000000000426e+01 2.330475633852138045e-02 2.884429644065596765e+00 1.000000000000000056e-01
3.856000000000000227e+01 3.011660842726230497e-02 -2.700157495569664445e-01 -1.000000000000000056e-01
3.857000000000000028e+01 2.870492071650361868e-02 1.153535987486508319e+00 -1.000000000000000056e-01
3.857999999999999829e+01 3.449280069648526237e-02 2.886772577726720357e+00 1.000000000000000056e-01
3.859000000000000341e+01 4.119254873854500537e-02 -2.649853655347054193e-01 -1.000000000000000056e-01
3.860000000000000142e+01 4.121156122343235667e-02 3.182143271990516720e+00 1.000000000000000056e-01
3.860999999999999943e+01 5.081891882909536640e-02 1.763301568044527201e+00 1.000000000000000056e-01
3.861999999999999744e+01 5.314188522533384168e-02 3.016700409946950975e-02 -1.000000000000000056e-01
3.863000000000000256e+01 5.435658527927645506e-02 3.181456945938115677e+00 1.000000000000000056e-01
3.864000000000000057e+01 6.364157302184940412e-02 1.760740618954005798e+00 1.000000000000000056e-01
3.864999999999999858e+01 6.711980179932297563e-02 2.048265757995856085e+00 1.000000000000000056e-01
3.866000000000000369e+01 7.194401648198033017e-02 2.045911168046032014e+00 1.000000000000000056e-01
3.867000000000000171e+01 7.662288085329523046e-02 2.042076662626489014e+00 1.000000000000000056e-01
3.867999999999999972e+01 8.116557014545758286e-02 2.036768768660776274e+00 1.000000000000000056e-01
3.868999999999999773e+01 8.560376989755519306e-02 2.030303407785682523e+00 1.000000000000000056e-01
3.870000000000000284e+01 8.863439159254395128e-02 2.036128318088139492e-03 -1.000000000000000056e-01
3.871000000000000085e+01 8.922378742759665138e-02 3.149991687726802603e+00 1.000000000000000056e-01
3.871999999999999886e+01 9.631020623564756633e-02 -3.031388199475771317e-01 -1.000000000000000056e-01
3.873000000000000398e+01 9.434839596734714839e-02 1.123831298019217773e+00 -1.000000000000000056e-01
3.874000000000000199e+01 9.936289981422394280e-02 2.850118839745387156e+00 1.000000000000000056e-01
3.875000000000000000e+01 1.051117735256215935e-01 -3.076425771848811941e-01 -1.000000000000000056e-01
3.875999999999999801e+01 1.048838984765122356e-01 3.147318451477934875e+00 1.000000000000000056e-01
3.877000000000000313e+01 1.134817929485845145e-01 1.719553521087918480e+00 1.000000000000000056e-01
3.878000000000000114e+01 1.167318423355999946e-01 2.013582719597305282e+00 1.000000000000000056e-01
3.878999999999999915e+01 1.199989598317714318e-01 -5.050633218873805050e-03 -1.000000000000000056e-01
3.880000000000000426e+01 1.197131150202694339e-01 1.133465476761775337e+00 -1.000000000000000056e-01
3.881000000000000227e+01 1.245451235581647997e-01 2.860328625302755334e+00 1.000000000000000056e-01
3.882000000000000028e+01 1.313961986141811422e-01 1.723023429014695740e+00 1.000000000000000056e-01
3.882999999999999829e+01 1.335367529180050972e-01 -2.819187649280095308e-03 -1.000000000000000056e-01
3.884000000000000341e+01 1.334333201590063300e-01 1.137964707193236391e+00 -1.000000000000000056e-01
3.885000000000000142e+01 1.371026564647918056e-01 8.468260744452835720e-01 -1.000000000000000056e-01
3.885999999999999943e+01 1.406189645838600011e-01 2.871484532491124675e+00 1.000000000000000056e-01
3.886999999999999744e+01 1.464068351074322982e-01 -2.856859874732813886e-01 -1.000000000000000056e-01
3.888000000000000256e+01 1.466681951606395307e-01 3.171990227581855226e+00 1.000000000000000056e-01
3.889000000000000057e+01 1.535578913171938842e-01 -2.769565560492809886e-01 -1.000000000000000056e-01
3.889999999999999858e+01 1.526966593619703827e-01 1.160017981676551457e+00 -1.000000000000000056e-01
3.891000000000000369e+01 1.564674121728209799e-01 8.685732617476658035e-01 -1.000000000000000056e-01
3.892000000000000171e+01 1.590505416390863291e-01 8.737213370936114387e-01 -1.000000000000000056e-01
3.892999999999999972e+01 1.628833390265591596e-01 2.899901915515858519e+00 1.000000000000000056e-01
3.893999999999999773e+01 1.685865330275950202e-01 -2.558762309842952942e-01 -1.000000000000000056e-01
3.895000000000000284e+01 1.691589788340299716e-01 3.201613951551541160e+00 1.000000000000000056e-01
3.896000000000000085e+01 1.769507756616874317e-01 1.775376711447179456e+00 1.000000000000000056e-01
3.896999999999999886e+01 1.802715175526552749e-01 2.069627852308613569e+00 1.000000000000000056e-01
3.898000000000000398e+01 1.845553660912034599e-01 2.070324185635608938e+00 1.000000000000000056e-01
3.899000000000000199e+01 1.876352956029333774e-01 4.842946688658168741e-02 -1.000000000000000056e-01
3.900000000000000000e+01 1.887817765967405859e-01 3.201151421312700140e+00 1.000000000000000056e-01
3.900999999999999801e+01 1.947662702140049440e-01 -2.518422354211279912e-01 -1.000000000000000056e-01
3.902000000000000313e+01 1.939048689634619849e-01 1.176925293530179051e+00 -1.000000000000000056e-01
3.903000000000000114e+01 1.982445533780520519e-01 2.901035314307312873e+00 1.000000000000000056e-01
3.903999999999999915e+01 2.039671599235946819e-01 1.764011410240580613e+00 1.000000000000000056e-01
3.905000000000000426e+01 2.060786305030299914e-01 3.773158471109179513e-02 -1.000000000000000056e-01
3.906000000000000227e+01 2.063594696018651031e-01 1.176366744088951366e+00 -1.000000000000000056e-01
3.907000000000000028e+01 2.095371927038152116e-01 8.832685464579509427e-01 -1.000000000000000056e-01
3.907999999999999829e+01 2.125656038056247532e-01 2.906245429477329889e+00 1.000000000000000056e-01
3.909000000000000341e+01 2.182538382563360968e-01 1.769798456346370674e+00 1.000000000000000056e-01
3.910000000000000142e+01 2.212316337763268470e-01 2.064986278965170730e+00 1.000000000000000056e-01
3.910999999999999943e+01 2.249220522609422512e-01 2.066860639282059875e+00 1.000000000000000056e-01
3.911999999999999744e+01 2.276083534171457479e-01 4.714324104911563063e-02 -1.000000000000000056e-01
3.913000000000000256e+01 2.278866446618580677e-01 1.183770975311098761e+00 -1.000000000000000056e-01
3.914000000000000057e+01 2.307495378016635734e-01 8.874362163759648148e-01 -1.000000000000000056e-01
3.914999999999999858e+01 2.326353102219405611e-01 8.882622284356801456e-01 -1.000000000000000056e-01
3.916000000000000369e+01 2.356242714171212227e-01 2.910365726369321671e+00 1.000000000000000056e-01
3.917000000000000171e+01 2.406650711276820398e-01 1.773536841187628443e+00 1.000000000000000056e-01
3.917999999999999972e+01 2.426648487928514120e-01 5.017316023200699832e-02 -1.000000000000000056e-01
3.918999999999999773e+01 2.432060234660691767e-01 1.191637953479754986e+00 -1.000000000000000056e-01
3.920000000000000284e+01 2.460117540254244395e-01 8.995944454805713253e-01 -1.000000000000000056e-01
3.921000000000000085e+01 2.479562651518442129e-01 9.035029596341358493e-01 -1.000000000000000056e-01
3.921999999999999886e+01 2.508164555596098522e-01 2.927589541623563996e+00 1.000000000000000056e-01
3.923000000000000398e+01 2.547511024002152569e-01 -2.293131579621402183e-01 -1.000000000000000056e-01
3.924000000000000199e+01 2.555947792891593018e-01 3.227714564747627968e+00 1.000000000000000056e-01
3.925000000000000000e+01 2.600518855212918812e-01 -2.217363378291769549e-01 -1.000000000000000056e-01
3.925999999999999801e+01 2.601841294048145015e-01 1.212825904039716685e+00 -1.000000000000000056e-01
3.927000000000000313e+01 2.634357221636549062e-01 2.940767317787867263e+00 1.000000000000000056e-01
3.928000000000000114e+01 2.669525464977950402e-01 -2.160150149742019743e-01 -1.000000000000000056e-01
3.928999999999999915e+01 2.678162654931947606e-01 3.237081328062420216e+00 1.000000000000000056e-01
3.930000000000000426e+01 2.718229347247946848e-01 -2.129285351282821093e-01 -1.000000000000000056e-01
3.931000000000000227e+01 2.725930669507186099e-01 3.238386069227495945e+00 1.000000000000000056e-01
3.932000000000000028e+01 2.770391011047492746e-01 1.809747126124108041e+00 1.000000000000000056e-01
3.932999999999999829e+01 2.786954595711617633e-01 7.989742617890704945e-02 -1.000000000000000056e-01
3.934000000000000341e+01 2.793209462114201180e-01 1.214403718104162699e+00 -1.000000000000000056e-01
3.935000000000000142e+01 2.820039131586984937e-01 2.939863736804316119e+00 1.000000000000000056e-01
3.935999999999999943e+01 2.847943053531838409e-01 -2.181997037005146967e-01 -1.000000000000000056e-01
3.936999999999999744e+01 2.851916999718016599e-01 1.212382468092533028e+00 -1.000000000000000056e-01
3.938000000000000256e+01 2.872080420185670890e-01 9.184416480702030094e-01 -1.000000000000000056e-01
3.939000000000000057e+01 2.887318239371137740e-01 9.215549018818767202e-01 -1.000000000000000056e-01
3.939999999999999858e+01 2.903693000474535379e-01 9.252688078780463288e-01 -1.000000000000000056e-01
3.941000000000000369e+01 2.924169662930368729e-01 2.951341389830121731e+00 1.000000000000000056e-01
3.942000000000000171e+01 2.955218968221924314e-01 1.818077733201086232e+00 1.000000000000000056e-01
3.942999999999999972e+01 2.970774909792504581e-01 9.144473238685495164e-02 -1.000000000000000056e-01
3.943999999999999773e+01 2.982156303052696522e-01 3.249277357422151180e+00 1.000000000000000056e-01
3.945000000000000284e+01 3.013275178319858028e-01 1.823062142506256533e+00 1.000000000000000056e-01
3.946000000000000085e+01 3.026954002883987527e-01 9.169080554076342038e-02 -1.000000000000000056e-01
3.946999999999999886e+01 3.037180391335347895e-01 3.244263960449309536e+00 1.000000000000000056e-01
3.948000000000000398e+01 3.060161877559589017e-01 -2.068455868932890518e-01 -1.000000000000000056e-01
3.949000000000000199e+01 3.068096586656487434e-01 3.239295780088471410e+00 1.000000000000000056e-01
3.950000000000000000e+01 3.092791882334454678e-01 1.809460234091178288e+00 1.000000000000000056e-01
3.950999999999999801e+01 3.107971646800060106e-01 2.098177952407398461e+00 1.000000000000000056e-01
3.952000000000000313e+01 3.124001519194956056e-01 2.095482718463123284e+00 1.000000000000000056e-01
3.953000000000000114e+01 3.136304850771223784e-01 7.119561798741556868e-02 -1.000000000000000056e-01
3.953999999999999915e+01 3.144691307241949119e-01 3.222610130426418973e+00 1.000000000000000056e-01
3.955000000000000426e+01 3.162522944875321707e-01 1.788095061133452957e+00 1.000000000000000056e-01
3.956000000000000227e+01 3.172927809282271583e-01 5.641126600408803704e-02 -1.000000000000000056e-01
3.957000000000000028e+01 3.179085029759388115e-01 1.192395052534831246e+00 -1.000000000000000056e-01
3.957999999999999829e+01 3.188649642689226349e-01 8.969358738197640291e-01 -1.000000000000000056e-01
3.959000000000000341e+01 3.196946664811951555e-01 2.918085503803714342e+00 1.000000000000000056e-01
3.960000000000000142e+01 3.207915974161726358e-01 -2.416159775861678738e-01 -1.000000000000000056e-01
3.960999999999999943e+01 3.216187679009976930e-01 1.196729440089937535e+00 -1.000000000000000056e-01
3.961999999999999744e+01 3.224109303797057513e-01 9.050224592959364989e-01 -1.000000000000000056e-01
3.963000000000000256e+01 3.231274094535657726e-01 9.108416842204635211e-01 -1.000000000000000056e-01
3.964000000000000057e+01 3.239975084346413126e-01 2.936273390972921948e+00 1.000000000000000056e-01
3.964999999999999858e+01 3.247967413017962546e-01 1.799093090010124740e+00 1.000000000000000056e-01
3.966000000000000369e+01 3.257457691213334061e-01 2.095180116932728431e+00 1.000000000000000056e-01
3.967000000000000171e+01 3.265167656608635727e-01 7.702772321083542484e-02 -1.000000000000000056e-01
3.967999999999999972e+01 3.272774591073245865e-01 3.234989763842889055e+00 1.000000000000000056e-01
3.968999999999999773e+01 3.275838467266075082e-01 1.803116634535551599e+00 1.000000000000000056e-01
3.970000000000000284e+01 3.283555401791525274e-01 2.093173141465228593e+00 1.000000000000000056e-01
3.971000000000000085e+01 3.289020545779739457e-01 7.094458968258159082e-02 -1.000000000000000056e-01
3.971999999999999886e+01 3.297126561742492745e-01 1.206678183509415581e+00 -1.000000000000000056e-01
3.973000000000000398e+01 3.300121970673809413e-01 9.098285228304873185e-01 -1.000000000000000056e-01
3.974000000000000199e+01 3.302827619569839168e-01 9.102320045975179630e-01 -1.000000000000000056e-01
3.975000000000000000e+01 3.307572875013504721e-01 9.122256339067060793e-01 -1.000000000000000056e-01
3.975999999999999801e+01 3.309640740362678191e-01 2.935670419621831506e+00 1.000000000000000056e-01
3.977000000000000313e+01 3.306253779778305368e-01 -2.216345656765806582e-01 -1.000000000000000056e-01
3.978000000000000114e+01 3.318807081310751195e-01 1.217563875434261700e+00 -1.000000000000000056e-01
3.978999999999999915e+01 3.316589169185031327e-01 2.946527062883492309e+00 1.000000000000000056e-01
3.980000000000000426e+01 3.309142139828252227e-01 1.811169534167412776e+00 1.000000000000000056e-01
3.981000000000000227e+01 3.314366858594862131e-01 8.560398581855545308e-02 -1.000000000000000056e-01
3.982000000000000028e+01 3.320594615905047009e-01 3.243821618006449636e+00 1.000000000000000056e-01
3.982999999999999829e+01 3.309304831579021333e-01 -2.073716795503320887e-01 -1.000000000000000056e-01
3.984000000000000341e+01 3.322750803957920662e-01 1.224357073561991749e+00 -1.000000000000000056e-01
3.985000000000000142e+01 3.316810443785137563e-01 2.949208245410133600e+00 1.000000000000000056e-01
3.985999999999999943e+01 3.304040731850897972e-01 1.811757335842953953e+00 1.000000000000000056e-01
3.986999999999999744e+01 3.307827680165780215e-01 8.414141085854973112e-02 -1.000000000000000056e-01
3.988000000000000256e+01 3.316325812362604375e-01 1.221058941085972460e+00 -1.000000000000000056e-01
3.989000000000000057e+01 3.311475042217781883e-01 9.267589455385574215e-01 -1.000000000000000056e-01
3.989999999999999858e+01 3.309372783028945442e-01 9.285291044185458587e-01 -1.000000000000000056e-01
3.991000000000000369e+01 3.308267721592226263e-01 9.308104780963716296e-01 -1.000000000000000056e-01
3.992000000000000171e+01 3.306061162925387209e-01 9.345292052700238106e-01 -1.000000000000000056e-01
3.992999999999999972e+01 3.299511335361045017e-01 2.960920917437175781e+00 1.000000000000000056e-01
3.993999999999999773e+01 3.279204428257968540e-01 1.826682361757829609e+00 1.000000000000000056e-01
3.995000000000000284e+01 3.279629256564666195e-01 1.003554886294050208e-01 -1.000000000000000056e-01
3.996000000000000085e+01 3.283237769079040969e-01 3.258634452565547068e+00 1.000000000000000056e-01
3.996999999999999886e+01 3.259288199215124582e-01 -1.909982253799268337e-01 -1.000000000000000056e-01
3.998000000000000398e+01 3.274135680590648523e-01 1.237616369285809093e+00 -1.000000000000000056e-01
3.999000000000000199e+01 3.264062815046441246e-01 9.422072744524335741e-01 -1.000000000000000056e-01
4.000000000000000000e+01 3.258667069534564864e-01 9.433077204064912458e-01 -1.000000000000000056e-01
4.000999999999999801e+01 3.253550961764218874e-01 9.455485884784879946e-01 -1.000000000000000056e-01
4.002000000000000313e+01 3.242597093762520366e-01 2.971156201861588464e+00 1.000000000000000056e-01
4.003000000000000114e+01 3.214864927278803797e-01 1.837473685181739480e+00 1.000000000000000056e-01
4.003999999999999915e+01 3.212532867057452113e-01 1.082603822535595228e-01 -1.000000000000000056e-01
4.005000000000000426e+01 3.214238711204486787e-01 3.264424031265416026e+00 1.000000000000000056e-01
4.006000000000000227e+01 3.178357662841677644e-01 1.838413131871874606e+00 1.000000000000000056e-01
4.007000000000000028e+01 3.176064442195760118e-01 1.047609185063338444e-01 -1.000000000000000056e-01
4.007999999999999829e+01 3.183686095041167174e-01 1.234749115329868863e+00 -1.000000000000000056e-01
4.009000000000000341e+01 3.169553195239200316e-01 9.384826612638843546e-01 -1.000000000000000056e-01
4.010000000000000142e+01 3.160802956323880974e-01 9.375638210683368001e-01 -1.000000000000000056e-01
4.010999999999999943e+01 3.146819656003573273e-01 2.959809624348458623e+00 1.000000000000000056e-01
4.011999999999999744e+01 3.112291190481771830e-01 1.825470517122415925e+00 1.000000000000000056e-01
4.013000000000000256e+01 3.107947711427204163e-01 9.540433116965857385e-02 -1.000000000000000056e-01
4.014000000000000057e+01 3.108341917752932004e-01 3.250240013057980715e+00 1.000000000000000056e-01
4.014999999999999858e+01 3.064399486937398609e-01 1.824530265950545571e+00 1.000000000000000056e-01
4.016000000000000369e+01 3.060041879830989187e-01 9.131743840022625569e-02 -1.000000000000000056e-01
4.017000000000000171e+01 3.060965155134562909e-01 3.242392766270125737e+00 1.000000000000000056e-01
4.017999999999999972e+01 3.020982705762403908e-01 -2.085849124469995874e-01 -1.000000000000000056e-01
4.018999999999999773e+01 3.038127107187741927e-01 1.215716762109481985e+00 -1.000000000000000056e-01
4.020000000000000284e+01 3.019579649547098898e-01 9.194572315167990340e-01 -1.000000000000000056e-01
4.021000000000000085e+01 3.000448044906145473e-01 2.940763462272538931e+00 1.000000000000000056e-01
4.021999999999999886e+01 2.965634885883771110e-01 -2.163952557598163295e-01 -1.000000000000000056e-01
4.023000000000000398e+01 2.982542228011151320e-01 1.213405578755526903e+00 -1.000000000000000056e-01
4.024000000000000199e+01 2.960818045902839368e-01 9.211492564642853598e-01 -1.000000000000000056e-01
4.025000000000000000e+01 2.939546668080805780e-01 2.946762784116495837e+00 1.000000000000000056e-01
4.025999999999999801e+01 2.894285332083020856e-01 1.813436112043011139e+00 1.000000000000000056e-01
4.027000000000000313e+01 2.878355131722934446e-01 2.105990041491477172e+00 1.000000000000000056e-01
4.028000000000000114e+01 2.860631300286940459e-01 8.449770986320601085e-02 -1.000000000000000056e-01
4.028999999999999915e+01 2.859266642281120263e-01 3.237495635917971182e+00 1.000000000000000056e-01
4.030000000000000426e+01 2.810654310995369665e-01 -2.129924018933368191e-01 -1.000000000000000056e-01
4.031000000000000227e+01 2.820708921057913932e-01 3.231559140157487242e+00 1.000000000000000056e-01
4.032000000000000028e+01 2.762684831339199398e-01 1.802467174259085425e+00 1.000000000000000056e-01
4.032999999999999829e+01 2.746783013164223464e-01 2.090428663586933578e+00 1.000000000000000056e-01
4.034000000000000341e+01 2.719903508159346450e-01 2.087419663085213095e+00 1.000000000000000056e-01
4.035000000000000142e+01 2.701752706608119836e-01 6.246793129879673473e-02 -1.000000000000000056e-01
4.035999999999999943e+01 2.702009626242799500e-01 3.212882144355196257e+00 1.000000000000000056e-01
4.036999999999999744e+01 2.650168936866890701e-01 -2.419611788386371309e-01 -1.000000000000000056e-01
4.038000000000000256e+01 2.669929629458875353e-01 1.186068033521222143e+00 -1.000000000000000056e-01
4.039000000000000057e+01 2.645611396121060332e-01 8.896634849583633375e-01 -1.000000000000000056e-01
4.039999999999999858e+01 2.619859447283741094e-01 2.910976448010174078e+00 1.000000000000000056e-01
4.041000000000000369e+01 2.565772548863683999e-01 1.773259763813264334e+00 1.000000000000000056e-01
4.042000000000000171e+01 2.555591299236257274e-01 4.738681159687924832e-02 -1.000000000000000056e-01
4.042999999999999972e+01 2.552985808708882476e-01 3.206468091320706204e+00 1.000000000000000056e-01
4.043999999999999773e+01 2.485664146997939306e-01 1.776616581239634174e+00 1.000000000000000056e-01
4.045000000000000284e+01 2.466065418419918776e-01 2.068449635333271974e+00 1.000000000000000056e-01
4.046000000000000085e+01 2.443977321445105488e-01 4.729163077363489343e-02 -1.000000000000000056e-01
4.046999999999999886e+01 2.452616706427531157e-01 1.183845333476545969e+00 -1.000000000000000056e-01
4.048000000000000398e+01 2.414652325293999147e-01 2.907095772723279570e+00 1.000000000000000056e-01
4.049000000000000199e+01 2.355407117089108882e-01 1.766962598230437997e+00 1.000000000000000056e-01
4.050000000000000000e+01 2.345126276216648320e-01 4.029736047443298330e-02 -1.000000000000000056e-01
4.050999999999999801e+01 2.352866074281805275e-01 1.180197484107729178e+00 -1.000000000000000056e-01
4.052000000000000313e+01 2.312584471671903785e-01 2.905709465034966410e+00 1.000000000000000056e-01
4.053000000000000114e+01 2.260283544413900780e-01 -2.532796668131866991e-01 -1.000000000000000056e-01
4.053999999999999915e+01 2.270724705969670298e-01 3.202577602375158872e+00 1.000000000000000056e-01
4.055000000000000426e+01 2.194879184521918436e-01 1.770047120738218016e+00 1.000000000000000056e-01
4.056000000000000227e+01 2.171632242705298921e-01 2.063746648617997170e+00 1.000000000000000056e-01
4.057000000000000028e+01 2.146106997275736561e-01 4.454598313666537773e-02 -1.000000000000000056e-01
4.057999999999999829e+01 2.154448041058211194e-01 1.183788452081286469e+00 -1.000000000000000056e-01
4.059000000000000341e+01 2.111962186067583014e-01 2.906757527124032681e+00 1.000000000000000056e-01
4.060000000000000142e+01 2.046292982208599009e-01 1.765841435481174670e+00 1.000000000000000056e-01
4.060999999999999943e+01 2.033723347293580341e-01 4.060220102754567156e-02 -1.000000000000000056e-01
4.061999999999999744e+01 2.029849312171640996e-01 3.199889433615532131e+00 1.000000000000000056e-01
4.063000000000000256e+01 1.961284733773615285e-01 -2.537756171278665041e-01 -1.000000000000000056e-01
4.064000000000000057e+01 1.982918211940929432e-01 1.183886772278562427e+00 -1.000000000000000056e-01
4.064999999999999858e+01 1.949230136967156080e-01 8.889972519345934465e-01 -1.000000000000000056e-01
4.066000000000000369e+01 1.926445934771570945e-01 8.923403483863139307e-01 -1.000000000000000056e-01
4.067000000000000171e+01 1.892092235198498673e-01 2.915578990635501633e+00 1.000000000000000056e-01
4.067999999999999972e+01 1.831425624839619903e-01 -2.431415252448607678e-01 -1.000000000000000056e-01
4.068999999999999773e+01 1.838563799657275954e-01 3.216953485065138896e+00 1.000000000000000056e-01
4.070000000000000284e+01 1.752482103054055496e-01 1.784716615423087793e+00 1.000000000000000056e-01
4.071000000000000085e+01 1.735197199053021555e-01 6.047993838188202992e-02 -1.000000000000000056e-01
4.071999999999999886e+01 1.740842370708497733e-01 1.201149575390943802e+00 -1.000000000000000056e-01
4.073000000000000398e+01 1.691817256014587767e-01 2.925875835355530530e+00 1.000000000000000056e-01
4.074000000000000199e+01 1.629760774777974930e-01 -2.334373040397613730e-01 -1.000000000000000056e-01
4.075000000000000000e+01 1.637813978050607078e-01 3.221246485118972824e+00 1.000000000000000056e-01
4.075999999999999801e+01 1.550151917607201779e-01 1.788238674014235086e+00 1.000000000000000056e-01
4.077000000000000313e+01 1.532754665836803254e-01 6.194481441425912782e-02 -1.000000000000000056e-01
4.078000000000000114e+01 1.538408384439347576e-01 1.200842472575358810e+00 -1.000000000000000056e-01
4.078999999999999915e+01 1.500704306535302623e-01 9.053491543906204697e-01 -1.000000000000000056e-01
4.080000000000000426e+01 1.474983246694845651e-01 9.070920345969986087e-01 -1.000000000000000056e-01
4.081000000000000227e+01 1.437000285736522165e-01 2.928989900424797455e+00 1.000000000000000056e-01
4.082000000000000028e+01 1.371844128139721730e-01 -2.294514060580883641e-01 -1.000000000000000056e-01
4.082999999999999829e+01 1.389583915674180714e-01 1.208557562141854280e+00 -1.000000000000000056e-01
4.084000000000000341e+01 1.348157334779555849e-01 9.161664084835350330e-01 -1.000000000000000056e-01
4.085000000000000142e+01 1.307193401247005726e-01 2.941495737160008783e+00 1.000000000000000056e-01
4.085999999999999943e+01 1.240527379526421420e-01 -2.163467999421647969e-01 -1.000000000000000056e-01
4.086999999999999744e+01 1.256831994396471752e-01 1.219767229009026233e+00 -1.000000000000000056e-01
4.088000000000000256e+01 1.201744439953388310e-01 2.948012302242939864e+00 1.000000000000000056e-01
4.089000000000000057e+01 1.134064883531662460e-01 -2.091512159853832209e-01 -1.000000000000000056e-01
4.089999999999999858e+01 1.150349575218794773e-01 1.224649921198394553e+00 -1.000000000000000056e-01
4.091000000000000369e+01 1.107446741866592310e-01 9.312358719162983078e-01 -1.000000000000000056e-01
4.092000000000000171e+01 1.077377421780005701e-01 9.350057187262321712e-01 -1.000000000000000056e-01
4.092999999999999972e+01 1.034987698626017444e-01 2.960301110398662061e+00 1.000000000000000056e-01
4.093999999999999773e+01 9.660987587207189864e-02 -1.980948263023490363e-01 -1.000000000000000056e-01
4.095000000000000284e+01 9.801703896554030127e-02 1.234489126025039463e+00 -1.000000000000000056e-01
4.096000000000000085e+01 9.359582063510656080e-02 9.426881517119061193e-01 -1.000000000000000056e-01
4.096999999999999886e+01 9.044655362121224729e-02 9.473104551835611620e-01 -1.000000000000000056e-01
4.098000000000000398e+01 8.732196097722846884e-02 9.513387268895270310e-01 -1.000000000000000056e-01
4.099000000000000199e+01 8.410945315162268732e-02 9.556945469223649958e-01 -1.000000000000000056e-01
4.100000000000000000e+01 7.961642252065355418e-02 2.984152703032395326e+00 1.000000000000000056e-01
4.100999999999999801e+01 7.140067753688755792e-02 1.848775303684777827e+00 1.000000000000000056e-01
4.102000000000000313e+01 6.885736672226909494e-02 1.153281031377796501e-01 -1.000000000000000056e-01
4.103000000000000114e+01 6.869988965769470435e-02 1.247882529784009709e+00 -1.000000000000000056e-01
4.103999999999999915e+01 6.308261811461722546e-02 2.978933175998750738e+00 1.000000000000000056e-01
4.105000000000000426e+01 5.514933907907677846e-02 1.843317662013317815e+00 1.000000000000000056e-01
4.106000000000000227e+01 5.166711556691673535e-02 2.128597702008351078e+00 1.000000000000000056e-01
4.107000000000000028e+01 4.691448059371773616e-02 2.123349684148895022e+00 1.000000000000000056e-01
4.107999999999999829e+01 4.224009092862564957e-02 2.116892400077773129e+00 1.000000000000000056e-01
4.109000000000000341e+01 3.774066543991300843e-02 2.108579178742355786e+00 1.000000000000000056e-01
4.110000000000000142e+01 3.448591598277310488e-02 7.714428535232895068e-02 -1.000000000000000056e-01
4.110999999999999943e+01 3.484237146691961801e-02 1.201397224787503992e+00 -1.000000000000000056e-01
4.111999999999999744e+01 3.106516125683575144e-02 9.008112802734827840e-01 -1.000000000000000056e-01
4.113000000000000256e+01 2.833065228168527364e-02 8.968322462005571261e-01 -1.000000000000000056e-01
4.114000000000000057e+01 2.567284764285846649e-02 8.953987068145023986e-01 -1.000000000000000056e-01
4.114999999999999858e+01 2.280273843031734721e-02 8.965182289682239736e-01 -1.000000000000000056e-01
4.116000000000000369e+01 1.984890465084442057e-02 8.998713816457977188e-01 -1.000000000000000056e-01
4.117000000000000171e+01 1.679928363018181117e-02 9.046978999349343242e-01 -1.000000000000000056e-01
4.117999999999999972e+01 1.250528009207904634e-02 2.932733422684235425e+00 1.000000000000000056e-01
4.118999999999999773e+01 5.748328014172596721e-03 -2.232989324512587859e-01 -1.000000000000000056e-01
4.120000000000000284e+01 6.771812184892925940e-03 1.209175906837268499e+00 -1.000000000000000056e-01
4.121000000000000085e+01 1.229570899781269600e-03 2.942085833372950709e+00 1.000000000000000056e-01
4.121999999999999886e+01 -5.493148123925278674e-03 -2.137725669238025317e-01 -1.000000000000000056e-01
4.123000000000000398e+01 -4.437076470419407288e-03 1.214075700904887034e+00 -1.000000000000000056e-01
4.124000000000000199e+01 -8.763593860540873012e-03 9.220902216221503744e-01 -1.000000000000000056e-01
4.125000000000000000e+01 -1.306528163868313219e-02 2.948919900282223949e+00 1.000000000000000056e-01
4.125999999999999801e+01 -1.966221826454345525e-02 -2.085610477515202621e-01 -1.000000000000000056e-01
4.127000000000000313e+01 -1.871127639846188739e-02 1.216855165834779040e+00 -1.000000000000000056e-01
4.128000000000000114e+01 -2.414542735635327383e-02 2.949330561947649532e+00 1.000000000000000056e-01
4.128999999999999915e+01 -3.071571055961183627e-02 -2.067926584027515724e-01 -1.000000000000000056e-01
4.130000000000000426e+01 -2.974782147090522175e-02 1.216627565055968363e+00 -1.000000000000000056e-01
4.131000000000000227e+01 -3.398889551143494808e-02 9.243072156235662140e-01 -1.000000000000000056e-01
4.132000000000000028e+01 -3.820604626614575172e-02 2.950962669898356427e+00 1.000000000000000056e-01
4.132999999999999829e+01 -4.567189753119260676e-02 1.818634950811826245e+00 1.000000000000000056e-01
4.134000000000000341e+01 -4.811825609711284368e-02 8.246417851522033771e-02 -1.000000000000000056e-01
4.135000000000000142e+01 -4.951684223314786054e-02 3.233973077267945584e+00 1.000000000000000056e-01
4.135999999999999943e+01 -5.787383144342026636e-02 1.812118358820359987e+00 1.000000000000000056e-01
4.136999999999999744e+01 -6.115140546727249049e-02 2.096682874751935710e+00 1.000000000000000056e-01
4.138000000000000256e+01 -6.448678565682305908e-02 6.802097926608995093e-02 -1.000000000000000056e-01
4.139000000000000057e+01 -6.459223821506514251e-02 1.191609038277186006e+00 -1.000000000000000056e-01
4.139999999999999858e+01 -6.830388856220161176e-02 8.936814410855986601e-01 -1.000000000000000056e-01
4.141000000000000369e+01 -7.106168903542259274e-02 8.901393819473897295e-01 -1.000000000000000056e-01
4.142000000000000171e+01 -7.479408170723424176e-02 2.911664816422678381e+00 1.000000000000000056e-01
4.142999999999999972e+01 -8.171802450452869682e-02 1.779467482952934665e+00 1.000000000000000056e-01
4.143999999999999773e+01 -8.396016467201657119e-02 4.721896748061963495e-02 -1.000000000000000056e-01
4.145000000000000284e+01 -8.525307590112002343e-02 3.200329920396867589e+00 1.000000000000000056e-01
4.146000000000000085e+01 -9.207394350017203410e-02 -2.455155481381020022e-01 -1.000000000000000056e-01
4.146999999999999886e+01 -9.219229916287302595e-02 3.197952134773205390e+00 1.000000000000000056e-01
4.148000000000000398e+01 -9.981212238149642091e-02 1.773399205172945248e+00 1.000000000000000056e-01
4.149000000000000199e+01 -1.028548491007000854e-01 2.060515988010532595e+00 1.000000000000000056e-01
4.150000000000000000e+01 -1.068810474417892925e-01 2.057657815198863371e+00 1.000000000000000056e-01
4.150999999999999801e+01 -1.098806475354312390e-01 3.143711032796994015e-02 -1.000000000000000056e-01
4.152000000000000313e+01 -1.099998864844035362e-01 1.158909481702729671e+00 -1.000000000000000056e-01
4.153000000000000114e+01 -1.133120809245970334e-01 8.609926771044725813e-01 -1.000000000000000056e-01
4.153999999999999915e+01 -1.158836945453886325e-01 8.589753247363821620e-01 -1.000000000000000056e-01
4.155000000000000426e+01 -1.192406017598783563e-01 2.880668621554582032e+00 1.000000000000000056e-01
4.156000000000000227e+01 -1.246502254109862068e-01 -2.756990807605811944e-01 -1.000000000000000056e-01
4.157000000000000028e+01 -1.239936958662024857e-01 1.155326130832442066e+00 -1.000000000000000056e-01
4.157999999999999829e+01 -1.275442209734119203e-01 8.647256089839651105e-01 -1.000000000000000056e-01
4.159000000000000341e+01 -1.311143168851427454e-01 2.891622718373355827e+00 1.000000000000000056e-01
4.160000000000000142e+01 -1.372950225087332943e-01 1.759483555176854619e+00 1.000000000000000056e-01
4.160999999999999943e+01 -1.394813295905792117e-01 3.097083156834942730e-02 -1.000000000000000056e-01
4.161999999999999744e+01 -1.408005874255832124e-01 3.187416100223339210e+00 1.000000000000000056e-01
4.163000000000000256e+01 -1.476222645964616331e-01 1.763773424197150108e+00 1.000000000000000056e-01
4.164000000000000057e+01 -1.504866410018591005e-01 2.053498434426610064e+00 1.000000000000000056e-01
4.164999999999999858e+01 -1.541517697444587387e-01 2.051372896867245998e+00 1.000000000000000056e-01
4.166000000000000369e+01 -1.569256690179079983e-01 2.641910219162335247e-02 -1.000000000000000056e-01
4.167000000000000171e+01 -1.580189877892391459e-01 3.175957985416533180e+00 1.000000000000000056e-01
4.167999999999999972e+01 -1.642307171062932780e-01 1.745195159496331527e+00 1.000000000000000056e-01
4.168999999999999773e+01 -1.668045973266969462e-01 2.032042183107704680e+00 1.000000000000000056e-01
4.170000000000000284e+01 -1.694131165813446971e-01 8.037543193735669292e-03 -1.000000000000000056e-01
4.171000000000000085e+01 -1.704375403319264015e-01 3.160250393401764946e+00 1.000000000000000056e-01
4.171999999999999886e+01 -1.762921466152643502e-01 1.727866617812782835e+00 1.000000000000000056e-01
4.173000000000000398e+01 -1.780565246233067889e-01 -3.090382341869628118e-03 -1.000000000000000056e-01
4.174000000000000199e+01 -1.783891035232734179e-01 1.133571745786462914e+00 -1.000000000000000056e-01
4.175000000000000000e+01 -1.811192546868176378e-01 8.393968651275395265e-01 -1.000000000000000056e-01
4.175999999999999801e+01 -1.833869130776741851e-01 8.424666339661629477e-01 -1.000000000000000056e-01
4.177000000000000313e+01 -1.861802098919289605e-01 2.866123552874801472e+00 1.000000000000000056e-01
4.178000000000000114e+01 -1.911706977246619699e-01 1.728641056402615561e+00 1.000000000000000056e-01
4.178999999999999915e+01 -1.936963953138848005e-01 2.025230491812363809e+00 1.000000000000000056e-01
4.180000000000000426e+01 -1.962450445932975296e-01 8.354907129421034612e-03 -1.000000000000000056e-01
4.181000000000000227e+01 -1.968017203204470711e-01 1.149224445976490872e+00 -1.000000000000000056e-01
4.182000000000000028e+01 -2.001112996153389112e-01 2.875242762442524302e+00 1.000000000000000056e-01
4.182999999999999829e+01 -2.047970412063228052e-01 1.736849589708955977e+00 1.000000000000000056e-01
4.184000000000000341e+01 -2.065496053592511261e-01 1.102560311864277109e-02 -1.000000000000000056e-01
4.185000000000000142e+01 -2.071614089359919142e-01 1.151351292394266146e+00 -1.000000000000000056e-01
4.185999999999999943e+01 -2.097334715227285595e-01 8.585566500473524876e-01 -1.000000000000000056e-01
4.186999999999999744e+01 -2.124674895192978918e-01 2.881856269999006237e+00 1.000000000000000056e-01
4.188000000000000256e+01 -2.167554461218849926e-01 1.744222195741381931e+00 1.000000000000000056e-01
4.189000000000000057e+01 -2.190641717937626964e-01 2.039710978418515452e+00 1.000000000000000056e-01
4.189999999999999858e+01 -2.213663743437813414e-01 2.203163857163907904e-02 -1.000000000000000056e-01
4.191000000000000369e+01 -2.220665464304771852e-01 1.161761825056896180e+00 -1.000000000000000056e-01
4.192000000000000171e+01 -2.244427569003802359e-01 8.670918415731383444e-01 -1.000000000000000056e-01
4.192999999999999972e+01 -2.269828324780458761e-01 2.888651241621102983e+00 1.000000000000000056e-01
4.193999999999999773e+01 -2.308288171765297270e-01 1.750467446968605678e+00 1.000000000000000056e-01
4.195000000000000284e+01 -2.325329579428966065e-01 2.607194870708776091e-02 -1.000000000000000056e-01
4.196000000000000085e+01 -2.332993244794976939e-01 1.167058185537712234e+00 -1.000000000000000056e-01
4.196999999999999886e+01 -2.355445456595872677e-01 8.743050674846271075e-01 -1.000000000000000056e-01
4.198000000000000398e+01 -2.379539317617601069e-01 2.897631648766213708e+00 1.000000000000000056e-01
4.199000000000000199e+01 -2.411117271044888877e-01 -2.602682590315261724e-01 -1.000000000000000056e-01
4.200000000000000000e+01 -2.414808564584695061e-01 1.176869465767265588e+00 -1.000000000000000056e-01
4.200999999999999801e+01 -2.440713627978505773e-01 2.904986438926143055e+00 1.000000000000000056e-01
4.202000000000000313e+01 -2.471676071450576440e-01 -2.510193862276997590e-01 -1.000000000000000056e-01
4.203000000000000114e+01 -2.479615068721729709e-01 3.204976492311067737e+00 1.000000000000000056e-01
4.203999999999999915e+01 -2.511852743584334080e-01 -2.458207371201136526e-01 -1.000000000000000056e-01
4.205000000000000426e+01 -2.517073622546881495e-01 1.188345789827220944e+00 -1.000000000000000056e-01
4.206000000000000227e+01 -2.540239081443649849e-01 2.915234373228882792e+00 1.000000000000000056e-01
4.207000000000000028e+01 -2.570577522876199561e-01 1.779194549194378139e+00 1.000000000000000056e-01
4.207999999999999829e+01 -2.585599222480524650e-01 5.239620866763464863e-02 -1.000000000000000056e-01
4.209000000000000341e+01 -2.596943505779195083e-01 3.209149912062605914e+00 1.000000000000000056e-01
4.210000000000000142e+01 -2.624163419097423899e-01 -2.416458999724599155e-01 -1.000000000000000056e-01
4.210999999999999943e+01 -2.630336960968765458e-01 1.189418496935354286e+00 -1.000000000000000056e-01
4.211999999999999744e+01 -2.647517319953085480e-01 8.939705275456008016e-01 -1.000000000000000056e-01
4.213000000000000256e+01 -2.663251000478204511e-01 8.957030911779487736e-01 -1.000000000000000056e-01
4.214000000000000057e+01 -2.678012431470522259e-01 8.987169195459726589e-01 -1.000000000000000056e-01
4.214999999999999858e+01 -2.695002949561533523e-01 2.923912999497394249e+00 1.000000000000000056e-01
4.216000000000000369e+01 -2.716790115787324766e-01 -2.319779431727210517e-01 -1.000000000000000056e-01
4.217000000000000171e+01 -2.723729691737998837e-01 1.203763718487368406e+00 -1.000000000000000056e-01
4.217999999999999972e+01 -2.738866526809074498e-01 9.129587691918641390e-01 -1.000000000000000056e-01
4.218999999999999773e+01 -2.753577898799881574e-01 9.187074851836938283e-01 -1.000000000000000056e-01
4.220000000000000284e+01 -2.768492333108315551e-01 2.945789519314417237e+00 1.000000000000000056e-01
4.221000000000000085e+01 -2.788514870410492841e-01 1.811118693134628588e+00 1.000000000000000056e-01
4.221999999999999886e+01 -2.802365290744644466e-01 2.103956274332313914e+00 1.000000000000000056e-01
4.223000000000000398e+01 -2.815673789598124310e-01 2.103683512615491136e+00 1.000000000000000056e-01
4.224000000000000199e+01 -2.828553600379054012e-01 7.978292185111947321e-02 -1.000000000000000056e-01
4.225000000000000000e+01 -2.837638444261157411e-01 1.210013481818165593e+00 -1.000000000000000056e-01
4.225999999999999801e+01 -2.849341789418627924e-01 2.933412921232906534e+00 1.000000000000000056e-01
4.227000000000000313e+01 -2.864480148493824818e-01 -2.269247037499463049e-01 -1.000000000000000056e-01
4.228000000000000114e+01 -2.872857870844340855e-01 3.219791389776006429e+00 1.000000000000000056e-01
4.228999999999999915e+01 -2.884816565580330394e-01 -2.308132886690908991e-01 -1.000000000000000056e-01
4.230000000000000426e+01 -2.893993901530491075e-01 1.196897082911907662e+00 -1.000000000000000056e-01
4.231000000000000227e+01 -2.903115930302095360e-01 9.021907864205597205e-01 -1.000000000000000056e-01
4.232000000000000028e+01 -2.913339634682058366e-01 2.924928969282470259e+00 1.000000000000000056e-01
4.232999999999999829e+01 -2.922284859300859905e-01 1.790040826164523313e+00 1.000000000000000056e-01
4.234000000000000341e+01 -2.931636211496292943e-01 6.156437003339436387e-02 -1.000000000000000056e-01
4.235000000000000142e+01 -2.939874398711666559e-01 3.217520856780740957e+00 1.000000000000000056e-01
4.235999999999999943e+01 -2.945004509338350895e-01 1.790375564572924683e+00 1.000000000000000056e-01
4.236999999999999744e+01 -2.954334867071157222e-01 5.929571029786199349e-02 -1.000000000000000056e-01
4.238000000000000256e+01 -2.963646727272758463e-01 1.192242317274951446e+00 -1.000000000000000056e-01
4.239000000000000057e+01 -2.967739772347531835e-01 2.917121761880866693e+00 1.000000000000000056e-01
4.239999999999999858e+01 -2.972014906932142764e-01 1.780097925927240254e+00 1.000000000000000056e-01
4.241000000000000369e+01 -2.979522911642688565e-01 5.053219506729225013e-02 -1.000000000000000056e-01
4.242000000000000171e+01 -2.989065996109048773e-01 1.185761747074641770e+00 -1.000000000000000056e-01
4.242999999999999972e+01 -2.990809267518466097e-01 2.911765332377344695e+00 1.000000000000000056e-01
4.243999999999999773e+01 -2.991669787027801952e-01 1.775042766232310720e+00 1.000000000000000056e-01
4.245000000000000284e+01 -2.998308842158301513e-01 4.668534251252033640e-02 -1.000000000000000056e-01
4.246000000000000085e+01 -3.008037320716907548e-01 1.183160815284403977e+00 -1.000000000000000056e-01
4.246999999999999886e+01 -3.009691892002014368e-01 8.890305573294253749e-01 -1.000000000000000056e-01
4.248000000000000398e+01 -3.013775600567208945e-01 2.911303649106216529e+00 1.000000000000000056e-01
4.249000000000000199e+01 -3.011579154325271790e-01 -2.466974617405483516e-01 -1.000000000000000056e-01
4.250000000000000000e+01 -3.023794125748124340e-01 1.187252233583634187e+00 -1.000000000000000056e-01
4.250999999999999801e+01 -3.023768532449521707e-01 8.950901901935752747e-01 -1.000000000000000056e-01
4.252000000000000313e+01 -3.025127546711409710e-01 2.920564055753045896e+00 1.000000000000000056e-01
4.253000000000000114e+01 -3.016787984854393811e-01 1.785664247393663029e+00 1.000000000000000056e-01
4.253999999999999915e+01 -3.021267136308824486e-01 5.895286653732084020e-02 -1.000000000000000056e-01
4.255000000000000426e+01 -3.026999182080753470e-01 3.216592360222461977e+00 1.000000000000000056e-01
4.256000000000000227e+01 -3.016176727915513278e-01 -2.328716508297566101e-01 -1.000000000000000056e-01
4.257000000000000028e+01 -3.026877579990255862e-01 3.216754969907863249e+00 1.000000000000000056e-01
4.257999999999999829e+01 -3.009784167829417378e-01 1.786801678582748965e+00 1.000000000000000056e-01
4.259000000000000341e+01 -3.010060268684994211e-01 2.076508806173681165e+00 1.000000000000000056e-01
4.260000000000000142e+01 -3.004586965432428647e-01 2.074200939691177137e+00 1.000000000000000056e-01
4.260999999999999943e+01 -3.003663067268287912e-01 5.031984872108105633e-02 -1.000000000000000056e-01
4.261999999999999744e+01 -3.015261663351933019e-01 1.183149053745866430e+00 -1.000000000000000056e-01
4.263000000000000256e+01 -3.006074873163904759e-01 2.904581999798983460e+00 1.000000000000000056e-01
4.264000000000000057e+01 -2.990870382648362358e-01 1.764010995462988562e+00 1.000000000000000056e-01
4.264999999999999858e+01 -2.988553142973667809e-01 2.055251051771705750e+00 1.000000000000000056e-01
4.266000000000000369e+01 -2.985528436253483964e-01 3.462189821277103507e-02 -1.000000000000000056e-01
4.267000000000000171e+01 -2.991875882745133608e-01 3.190734888476885800e+00 1.000000000000000056e-01
4.267999999999999972e+01 -2.971409458743496379e-01 -2.641733093210303918e-01 -1.000000000000000056e-01
4.268999999999999773e+01 -2.984532041549186054e-01 3.188347200527589909e+00 1.000000000000000056e-01
4.270000000000000284e+01 -2.961556054178672293e-01 -2.668544729251107195e-01 -1.000000000000000056e-01
4.271000000000000085e+01 -2.979918086013623180e-01 1.169531446064622449e+00 -1.000000000000000056e-01
4.271999999999999886e+01 -2.970179730608730195e-01 8.752952349946173660e-01 -1.000000000000000056e-01
4.273000000000000398e+01 -2.963904274541855344e-01 2.898051547591757426e+00 1.000000000000000056e-01
4.274000000000000199e+01 -2.937681280489609636e-01 1.758741799506233772e+00 1.000000000000000056e-01
4.275000000000000000e+01 -2.937554426049556744e-01 3.574181408874053945e-02 -1.000000000000000056e-01
4.275999999999999801e+01 -2.947725292796537500e-01 1.179124920554224909e+00 -1.000000000000000056e-01
4.277000000000000313e+01 -2.929924104511474336e-01 2.905566939922440195e+00 1.000000000000000056e-01
4.278000000000000114e+01 -2.902485709587439011e-01 1.766715195941686911e+00 1.000000000000000056e-01
4.278999999999999915e+01 -2.894421317276664185e-01 2.061106072592769678e+00 1.000000000000000056e-01
4.280000000000000426e+01 -2.878704688151673130e-01 2.061194471694395070e+00 1.000000000000000056e-01
4.281000000000000227e+01 -2.870515981333953692e-01 4.110199836018709613e-02 -1.000000000000000056e-01
4.282000000000000028e+01 -2.875743601196917298e-01 3.197428260728920613e+00 1.000000000000000056e-01
4.282999999999999829e+01 -2.835856585095934967e-01 1.759867715252974252e+00 1.000000000000000056e-01
4.284000000000000341e+01 -2.828704458951886713e-01 2.050427665375943675e+00 1.000000000000000056e-01
4.285000000000000142e+01 -2.819734570404828777e-01 2.966257117689781453e-02 -1.000000000000000056e-01
4.285999999999999943e+01 -2.833084024451073546e-01 1.170335888589312034e+00 -1.000000000000000056e-01
4.286999999999999744e+01 -2.819009993361434319e-01 8.739552391075656734e-01 -1.000000000000000056e-01
4.288000000000000256e+01 -2.807957545564524482e-01 2.894125902889207236e+00 1.000000000000000056e-01
4.289000000000000057e+01 -2.770278047282183076e-01 1.751184066361311631e+00 1.000000000000000056e-01
4.289999999999999858e+01 -2.759331743203198295e-01 2.047345660752956320e+00 1.000000000000000056e-01
4.291000000000000369e+01 -2.738697964875094204e-01 2.048621874083696781e+00 1.000000000000000056e-01
4.292000000000000171e+01 -2.727192920020117262e-01 3.072250665436465286e-02 -1.000000000000000056e-01
4.292999999999999972e+01 -2.731753877986987655e-01 3.190703985238338980e+00 1.000000000000000056e-01
4.293999999999999773e+01 -2.691430703837884297e-01 -2.681600663009022778e-01 -1.000000000000000056e-01
4.295000000000000284e+01 -2.706081303578460884e-01 3.189912408720736003e+00 1.000000000000000056e-01
4.296000000000000085e+01 -2.653900133501372327e-01 1.749332415302543575e+00 1.000000000000000056e-01
4.296999999999999886e+01 -2.642384622320387844e-01 2.043484992140754741e+00 1.000000000000000056e-01
4.298000000000000398e+01 -2.619736945765195335e-01 2.042775019492482080e+00 1.000000000000000056e-01
4.299000000000000199e+01 -2.597549293606512544e-01 2.040955895613338011e+00 1.000000000000000056e-01
4.300000000000000000e+01 -2.585261132036651976e-01 2.135344544111553861e-02 -1.000000000000000056e-01
4.300999999999999801e+01 -2.600188094797349914e-01 1.166529458970307243e+00 -1.000000000000000056e-01
4.302000000000000313e+01 -2.571897247106730844e-01 2.886119125647353290e+00 1.000000000000000056e-01
4.303000000000000114e+01 -2.538112359690233300e-01 -2.780660550668549447e-01 -1.000000000000000056e-01
4.303999999999999915e+01 -2.561252020788082895e-01 1.171542842703620080e+00 -1.000000000000000056e-01
4.305000000000000426e+01 -2.538623623264796292e-01 8.784437061465418806e-01 -1.000000000000000056e-01
4.306000000000000227e+01 -2.529559912596582860e-01 8.863038703417185360e-01 -1.000000000000000056e-01
4.307000000000000028e+01 -2.516868142413964948e-01 8.938429963802640987e-01 -1.000000000000000056e-01
4.307999999999999829e+01 -2.503595364833897663e-01 9.015072088883347989e-01 -1.000000000000000056e-01
4.309000000000000341e+01 -2.479105427270906770e-01 2.926569284975776064e+00 1.000000000000000056e-01
4.310000000000000142e+01 -2.424578544468365959e-01 1.781689046464461024e+00 1.000000000000000056e-01
4.310999999999999943e+01 -2.403903773482694572e-01 2.080254921703988735e+00 1.000000000000000056e-01
4.311999999999999744e+01 -2.371248354371026379e-01 2.081573597772178541e+00 1.000000000000000056e-01
4.313000000000000256e+01 -2.351353429672732032e-01 6.385245031736164201e-02 -1.000000000000000056e-01
4.314000000000000057e+01 -2.351677489101879071e-01 3.224518996231970469e+00 1.000000000000000056e-01
4.314999999999999858e+01 -2.296709877921927490e-01 -2.359959061192276331e-01 -1.000000000000000056e-01
4.316000000000000369e+01 -2.320415252811949269e-01 1.205203278188448524e+00 -1.000000000000000056e-01
4.317000000000000171e+01 -2.293343131038266536e-01 9.080284453881720674e-01 -1.000000000000000056e-01
4.317999999999999972e+01 -2.269722712020810773e-01 2.928064243141903500e+00 1.000000000000000056e-01
4.318999999999999773e+01 -2.222593997751232398e-01 -2.341766213714011058e-01 -1.000000000000000056e-01
4.320000000000000284e+01 -2.242858122142455390e-01 1.211326283220368172e+00 -1.000000000000000056e-01
4.321000000000000085e+01 -2.202686404002159037e-01 2.934618410732736660e+00 1.000000000000000056e-01
4.321999999999999886e+01 -2.143090177249217243e-01 1.792390873554304376e+00 1.000000000000000056e-01
4.323000000000000398e+01 -2.131152435502351727e-01 7.101892250790270422e-02 -1.000000000000000056e-01
4.324000000000000199e+01 -2.139676981346024798e-01 1.216040638698723697e+00 -1.000000000000000056e-01
4.325000000000000000e+01 -2.109849860857291037e-01 9.207599404702773160e-01 -1.000000000000000056e-01
4.325999999999999801e+01 -2.082710195742402404e-01 2.941758876563157710e+00 1.000000000000000056e-01
4.327000000000000313e+01 -2.031654387229227809e-01 -2.203187224997374127e-01 -1.000000000000000056e-01
4.328000000000000114e+01 -2.050783991910484494e-01 1.222284565566344572e+00 -1.000000000000000056e-01
4.328999999999999915e+01 -2.007229131539799705e-01 2.945845072884982763e+00 1.000000000000000056e-01
4.330000000000000426e+01 -1.955979435015365586e-01 -2.143920121849663962e-01 -1.000000000000000056e-01
4.331000000000000227e+01 -1.974511793579575014e-01 1.227420262926569583e+00 -1.000000000000000056e-01
4.332000000000000028e+01 -1.941443522962937041e-01 9.323857821695643588e-01 -1.000000000000000056e-01
4.332999999999999829e+01 -1.910347321703363688e-01 2.955244214598483410e+00 1.000000000000000056e-01
4.334000000000000341e+01 -1.856135057982177539e-01 -2.057427664820405955e-01 -1.000000000000000056e-01
4.335000000000000142e+01 -1.861864369946689690e-01 3.252773398810016037e+00 1.000000000000000056e-01
4.335999999999999943e+01 -1.793951799416351189e-01 -2.032655400052327532e-01 -1.000000000000000056e-01
4.336999999999999744e+01 -1.812587218762809760e-01 1.234649370085334708e+00 -1.000000000000000056e-01
4.338000000000000256e+01 -1.766411419360439661e-01 2.958129947686923167e+00 1.000000000000000056e-01
4.339000000000000057e+01 -1.700141307094943932e-01 1.816891066079775463e+00 1.000000000000000056e-01
4.339999999999999858e+01 -1.684267811701433692e-01 8.997237991661860557e-02 -1.000000000000000056e-01
4.341000000000000369e+01 -1.690053907155733559e-01 1.228708490150828059e+00 -1.000000000000000056e-01
4.342000000000000171e+01 -1.644023738483713359e-01 2.951664026241078709e+00 1.000000000000000056e-01
4.342999999999999972e+01 -1.578445591863195108e-01 1.810197185916864404e+00 1.000000000000000056e-01
4.343999999999999773e+01 -1.550461285610439111e-01 2.101322012550432383e+00 1.000000000000000056e-01
4.345000000000000284e+01 -1.522295641641198405e-01 7.923659668063574857e-02 -1.000000000000000056e-01
4.346000000000000085e+01 -1.530105573044196199e-01 1.216587281143569177e+00 -1.000000000000000056e-01
4.346999999999999886e+01 -1.484917407625732655e-01 2.936756585724834334e+00 1.000000000000000056e-01
4.348000000000000398e+01 -1.432416495945948998e-01 -2.262246523953536925e-01 -1.000000000000000056e-01
4.349000000000000199e+01 -1.450804963406675530e-01 1.209567132081025953e+00 -1.000000000000000056e-01
4.350000000000000000e+01 -1.404316203483476910e-01 2.931898291160571546e+00 1.000000000000000056e-01
4.350999999999999801e+01 -1.349320671164370433e-01 -2.287012564098830081e-01 -1.000000000000000056e-01
4.352000000000000313e+01 -1.354773469768420224e-01 3.227597846761084632e+00 1.000000000000000056e-01
4.353000000000000114e+01 -1.284764646032655333e-01 -2.280989188615459295e-01 -1.000000000000000056e-01
4.353999999999999915e+01 -1.290995469762079295e-01 3.227055961143799223e+00 1.000000000000000056e-01
4.355000000000000426e+01 -1.208201084325818547e-01 1.790640534459672306e+00 1.000000000000000056e-01
4.356000000000000227e+01 -1.192309453861240959e-01 6.355500977085193348e-02 -1.000000000000000056e-01
4.357000000000000028e+01 -1.197936721669394106e-01 1.202883307096429988e+00 -1.000000000000000056e-01
4.357999999999999829e+01 -1.150613843406615711e-01 2.924453205437414827e+00 1.000000000000000056e-01
4.359000000000000341e+01 -1.083180863875249089e-01 1.782094632243195198e+00 1.000000000000000056e-01
4.360000000000000142e+01 -1.053571069801051974e-01 2.074419279465579802e+00 1.000000000000000056e-01
4.360999999999999943e+01 -1.023972211225654683e-01 5.386840297176887643e-02 -1.000000000000000056e-01
4.361999999999999744e+01 -1.030629688322954735e-01 1.193584780401679701e+00 -1.000000000000000056e-01
4.363000000000000256e+01 -9.838603249282236451e-02 2.913823191285860759e+00 1.000000000000000056e-01
4.364000000000000057e+01 -9.167874911945703142e-02 1.769772343496735179e+00 1.000000000000000056e-01
4.364999999999999858e+01 -8.995783720132377592e-02 4.432049177078137281e-02 -1.000000000000000056e-01
4.366000000000000369e+01 -9.049642048549409734e-02 1.186248832550026444e+00 -1.000000000000000056e-01
4.367000000000000171e+01 -8.694740448271780220e-02 8.904166794949510688e-01 -1.000000000000000056e-01
4.367999999999999972e+01 -8.363659095842607138e-02 2.910780365589751728e+00 1.000000000000000056e-01
4.368999999999999773e+01 -7.782351555253816389e-02 -2.511753853218842703e-01 -1.000000000000000056e-01
4.370000000000000284e+01 -7.931476595464385937e-02 1.190550811253769048e+00 -1.000000000000000056e-01
4.371000000000000085e+01 -7.553633982813615089e-02 8.964266807124806613e-01 -1.000000000000000056e-01
4.371999999999999886e+01 -7.191488593063180557e-02 2.919670142499055654e+00 1.000000000000000056e-01
4.373000000000000398e+01 -6.594155622071926071e-02 -2.409218158208562832e-01 -1.000000000000000056e-01
4.374000000000000199e+01 -6.603555918773904021e-02 3.218574735830002087e+00 1.000000000000000056e-01
4.375000000000000000e+01 -5.747546479278557718e-02 1.782727210467111911e+00 1.000000000000000056e-01
4.375999999999999801e+01 -5.429215429828914558e-02 2.076223286785365385e+00 1.000000000000000056e-01
4.377000000000000313e+01 -4.983513492837152170e-02 2.074246234124864863e+00 1.000000000000000056e-01
4.378000000000000114e+01 -4.674389937758196417e-02 5.204909613625800097e-02 -1.000000000000000056e-01
4.378999999999999915e+01 -4.599652442977698180e-02 3.206895933301089130e+00 1.000000000000000056e-01
4.380000000000000426e+01 -3.912442806862900802e-02 -2.527828477409330143e-01 -1.000000000000000056e-01
4.381000000000000227e+01 -4.090530861681546809e-02 1.182681348599451177e+00 -1.000000000000000056e-01
4.382000000000000028e+01 -3.600083005271099978e-02 2.902274874628055112e+00 1.000000000000000056e-01
4.382999999999999829e+01 -3.052156996633455938e-02 -2.601085937397201175e-01 -1.000000000000000056e-01
4.384000000000000341e+01 -3.183232061553397524e-02 1.180241215002155952e+00 -1.000000000000000056e-01
4.385000000000000142e+01 -2.812788508084350728e-02 8.849975850257343346e-01 -1.000000000000000056e-01
4.385999999999999943e+01 -2.452690403508031927e-02 2.907045310621697354e+00 1.000000000000000056e-01
4.386999999999999744e+01 -1.866118022169229243e-02 -2.537481603769116134e-01 -1.000000000000000056e-01
4.388000000000000256e+01 -1.860021460211901123e-02 3.206032140585240331e+00 1.000000000000000056e-01
4.389000000000000057e+01 -1.146853495472986012e-02 -2.495696041141191590e-01 -1.000000000000000056e-01
4.389999999999999858e+01 -1.261950249039478500e-02 1.190588085394282958e+00 -1.000000000000000056e-01
4.391000000000000369e+01 -8.755780562160520725e-03 8.954720202029403664e-01 -1.000000000000000056e-01
4.392000000000000171e+01 -5.048781272780662223e-03 2.917569361736897626e+00 1.000000000000000056e-01
4.392999999999999972e+01 2.047007102058752501e-03 1.776584170224792869e+00 1.000000000000000056e-01
4.393999999999999773e+01 4.308772343147449467e-03 5.196159336275717189e-02 -1.000000000000000056e-01
4.395000000000000284e+01 5.602257775079686440e-03 3.211439706194462396e+00 1.000000000000000056e-01
4.396000000000000085e+01 1.251776045319361735e-02 -2.435226596534774968e-01 -1.000000000000000056e-01
4.396999999999999886e+01 1.144336288451470313e-02 1.192205602484176508e+00 -1.000000000000000056e-01
4.398000000000000398e+01 1.631867173718817496e-02 2.914270271691570269e+00 1.000000000000000056e-01
4.399000000000000199e+01 2.192111131156380954e-02 -2.468620912229297082e-01 -1.000000000000000056e-01
4.400000000000000000e+01 2.214274403874327835e-02 3.208172411533697588e+00 1.000000000000000056e-01
4.400999999999999801e+01 2.898443341731875289e-02 -2.470433730773409220e-01 -1.000000000000000056e-01
4.402000000000000313e+01 2.806451225653910572e-02 1.189061209860022394e+00 -1.000000000000000056e-01
4.403000000000000114e+01 3.182993740928592025e-02 8.932670367141225531e-01 -1.000000000000000056e-01
4.403999999999999915e+01 3.438942265035280915e-02 8.955479453653257815e-01 -1.000000000000000056e-01
4.405000000000000426e+01 3.818582022001187903e-02 2.918101800640210630e+00 1.000000000000000056e-01
4.406000000000000227e+01 4.501694420961978998e-02 1.778825952836309066e+00 1.000000000000000056e-01
4.407000000000000028e+01 4.737506155654344631e-02 5.362048378705494556e-02 -1.000000000000000056e-01
4.407999999999999829e+01 4.777582565689864752e-02 1.193622649449516793e+00 -1.000000000000000056e-01
4.409000000000000341e+01 5.258872796779180681e-02 2.919051099695149976e+00 1.000000000000000056e-01
4.410000000000000142e+01 5.795637984128983178e-02 -2.409010615000810318e-01 -1.000000000000000056e-01
4.410999999999999943e+01 5.742212125620823476e-02 1.193238006108497951e+00 -1.000000000000000056e-01
4.411999999999999744e+01 6.217013142604539688e-02 2.917855082615638640e+00 1.000000000000000056e-01
4.413000000000000256e+01 6.861945359932716815e-02 1.779160989997993880e+00 1.000000000000000056e-01
4.414000000000000057e+01 7.193223031810599966e-02 2.071262814058212776e+00 1.000000000000000056e-01
4.414999999999999858e+01 7.616304225055776922e-02 2.068978891762624173e+00 1.000000000000000056e-01
4.416000000000000369e+01 8.026069387301844327e-02 2.065112229783909736e+00 1.000000000000000056e-01
4.417000000000000171e+01 8.321921055203404527e-02 4.014619880256070639e-02 -1.000000000000000056e-01
4.417999999999999972e+01 8.331827345983855437e-02 1.174000409398303413e+00 -1.000000000000000056e-01
4.418999999999999773e+01 8.662716409848685017e-02 8.741352835674983668e-01 -1.000000000000000056e-01
4.420000000000000284e+01 8.970597036224556287e-02 2.891425692632644040e+00 1.000000000000000056e-01
4.421000000000000085e+01 9.579650196630744297e-02 1.748795266362021428e+00 1.000000000000000056e-01
4.421999999999999886e+01 9.790028093755986927e-02 2.307154422495105717e-02 -1.000000000000000056e-01
4.423000000000000398e+01 9.919891950266608582e-02 3.182173996611082689e+00 1.000000000000000056e-01
4.424000000000000199e+01 1.060269451951798697e-01 1.746712648129184364e+00 1.000000000000000056e-01
4.425000000000000000e+01 1.079996427106621748e-01 2.007673931429486067e-02 -1.000000000000000056e-01
4.425999999999999801e+01 1.092480486358554520e-01 3.177671343452888930e+00 1.000000000000000056e-01
4.427000000000000313e+01 1.148930402677633134e-01 -2.791529729897252454e-01 -1.000000000000000056e-01
4.428000000000000114e+01 1.143532211942637905e-01 1.158201962463646373e+00 -1.000000000000000056e-01
4.428999999999999915e+01 1.176384852196433184e-01 8.619583321079307137e-01 -1.000000000000000056e-01
4.430000000000000426e+01 1.207022212976050224e-01 2.882760534579399625e+00 1.000000000000000056e-01
4.431000000000000227e+01 1.254828195465886032e-01 -2.780467518206185540e-01 -1.000000000000000056e-01
4.432000000000000028e+01 1.261739619189140849e-01 3.181471135959611729e+00 1.000000000000000056e-01
4.432999999999999829e+01 1.326433885716722938e-01 1.745918679533831064e+00 1.000000000000000056e-01
4.434000000000000341e+01 1.355787880497078268e-01 2.040395828900185560e+00 1.000000000000000056e-01
4.435000000000000142e+01 1.392995695175176518e-01 2.039488281399985059e+00 1.000000000000000056e-01
4.435999999999999943e+01 1.420696523368005226e-01 1.871197092432442394e-02 -1.000000000000000056e-01
4.436999999999999744e+01 1.425132876244444291e-01 1.158437501591222052e+00 -1.000000000000000056e-01
4.438000000000000256e+01 1.455151768591921579e-01 8.603894048573295095e-01 -1.000000000000000056e-01
4.439000000000000057e+01 1.475353779534598619e-01 8.612589733885200882e-01 -1.000000000000000056e-01
4.439999999999999858e+01 1.498960309776410926e-01 8.636770860690066165e-01 -1.000000000000000056e-01
4.441000000000000369e+01 1.529783234548595938e-01 2.885901823703701297e+00 1.000000000000000056e-01
4.442000000000000171e+01 1.581594282407652596e-01 1.745031323094524023e+00 1.000000000000000056e-01
4.442999999999999972e+01 1.610950683438824582e-01 2.042102943130556625e+00 1.000000000000000056e-01
4.443999999999999773e+01 1.639080749079300792e-01 2.487468595199197538e-02 -1.000000000000000056e-01
4.445000000000000284e+01 1.646407924304921222e-01 1.167761791580256503e+00 -1.000000000000000056e-01
4.446000000000000085e+01 1.675900811410301339e-01 8.718216577560831126e-01 -1.000000000000000056e-01
4.446999999999999886e+01 1.696928919223705534e-01 8.737049114545214490e-01 -1.000000000000000056e-01
4.448000000000000398e+01 1.726931891760246085e-01 2.894852712257997673e+00 1.000000000000000056e-01
4.449000000000000199e+01 1.774826735500292796e-01 1.753819626576552437e+00 1.000000000000000056e-01
4.450000000000000000e+01 1.802999679999091331e-01 2.049595864801374123e+00 1.000000000000000056e-01
4.450999999999999801e+01 1.829763258990938224e-01 3.139618164294012692e-02 -1.000000000000000056e-01
4.452000000000000313e+01 1.838098517627553274e-01 1.172726412535511020e+00 -1.000000000000000056e-01
4.453000000000000114e+01 1.865848081728783692e-01 8.763217127671941720e-01 -1.000000000000000056e-01
4.453999999999999915e+01 1.885975071895836797e-01 8.776260728538048950e-01 -1.000000000000000056e-01
4.455000000000000426e+01 1.914174959563756662e-01 2.898565546987016628e+00 1.000000000000000056e-01
4.456000000000000227e+01 1.951357196711834274e-01 -2.615668704748505546e-01 -1.000000000000000056e-01
4.457000000000000028e+01 1.957333232958977376e-01 1.179027267850083271e+00 -1.000000000000000056e-01
4.457999999999999829e+01 1.984789866044046058e-01 8.859203879333713560e-01 -1.000000000000000056e-01
4.459000000000000341e+01 2.005829613223458208e-01 8.912780790461084512e-01 -1.000000000000000056e-01
4.460000000000000142e+01 2.033464947303159076e-01 2.915919359116954990e+00 1.000000000000000056e-01
4.460999999999999943e+01 2.069019861471172173e-01 -2.436676688028082682e-01 -1.000000000000000056e-01
4.461999999999999744e+01 2.076601672374480401e-01 1.195626838061227604e+00 -1.000000000000000056e-01
4.463000000000000256e+01 2.103344796490778656e-01 9.032129914160744732e-01 -1.000000000000000056e-01
4.464000000000000057e+01 2.123881902991106851e-01 9.087921457790602009e-01 -1.000000000000000056e-01
4.464999999999999858e+01 2.150455075689411688e-01 2.934401514573118153e+00 1.000000000000000056e-01
4.466000000000000369e+01 2.183789338068670149e-01 -2.259862797827589809e-01 -1.000000000000000056e-01
4.467000000000000171e+01 2.196788771236123650e-01 3.230553854463027452e+00 1.000000000000000056e-01
4.467999999999999972e+01 2.233361799053642238e-01 -2.230825197045495090e-01 -1.000000000000000056e-01
4.468999999999999773e+01 2.241132501931619725e-01 1.209517598635656332e+00 -1.000000000000000056e-01
4.470000000000000284e+01 2.265361328479021663e-01 9.150337359044932173e-01 -1.000000000000000056e-01
4.471000000000000085e+01 2.288338731525621506e-01 2.938764323411392709e+00 1.000000000000000056e-01
4.471999999999999886e+01 2.318261366794930889e-01 -2.218431759736581299e-01 -1.000000000000000056e-01
4.473000000000000398e+01 2.327305191166959553e-01 1.209240728704155332e+00 -1.000000000000000056e-01
4.474000000000000199e+01 2.353778963081405440e-01 2.937803485659025604e+00 1.000000000000000056e-01
4.475000000000000000e+01 2.385312751382716867e-01 1.801329561294347625e+00 1.000000000000000056e-01
4.475999999999999801e+01 2.407405270800188068e-01 2.090712959517246894e+00 1.000000000000000056e-01
4.477000000000000313e+01 2.431849569338282724e-01 2.087073277898980006e+00 1.000000000000000056e-01
4.478000000000000114e+01 2.450839216493524708e-01 6.090682124154737920e-02 -1.000000000000000056e-01
4.478999999999999915e+01 2.464378670691206030e-01 3.210622809038489400e+00 1.000000000000000056e-01
4.480000000000000426e+01 2.490085998499037001e-01 -2.452909102604205194e-01 -1.000000000000000056e-01
4.481000000000000227e+01 2.498357913384186002e-01 1.179415033556103998e+00 -1.000000000000000056e-01
4.482000000000000028e+01 2.516846577253315509e-01 8.814347215421488579e-01 -1.000000000000000056e-01
4.482999999999999829e+01 2.533724840357388652e-01 2.901256266803358130e+00 1.000000000000000056e-01
4.484000000000000341e+01 2.558417749742321612e-01 1.762978477320098936e+00 1.000000000000000056e-01
4.485000000000000142e+01 2.577039257925031746e-01 2.054801674855641469e+00 1.000000000000000056e-01
4.485999999999999943e+01 2.596229704808954430e-01 2.053729817581262829e+00 1.000000000000000056e-01
4.486999999999999744e+01 2.612273419487275983e-01 3.092463724039026807e-02 -1.000000000000000056e-01
4.488000000000000256e+01 2.625042179730822656e-01 3.183816077445834392e+00 1.000000000000000056e-01
4.489000000000000057e+01 2.643698336543228722e-01 -2.723804403209160174e-01 -1.000000000000000056e-01
4.489999999999999858e+01 2.653376770942931229e-01 1.158031908156377909e+00 -1.000000000000000056e-01
4.491000000000000369e+01 2.670385824682162124e-01 2.880377369593331682e+00 1.000000000000000056e-01
4.492000000000000171e+01 2.686370187594425141e-01 1.740126818628566774e+00 1.000000000000000056e-01
4.492999999999999972e+01 2.702809933711640134e-01 2.032800073750220982e+00 1.000000000000000056e-01
4.493999999999999773e+01 2.716441739967454527e-01 1.275591376681475472e-02 -1.000000000000000056e-01
4.495000000000000284e+01 2.727957019955599693e-01 1.151837102238720600e+00 -1.000000000000000056e-01
4.496000000000000085e+01 2.740392066880394384e-01 8.559141938711434250e-01 -1.000000000000000056e-01
4.496999999999999886e+01 2.751901694616231131e-01 2.876259945456666411e+00 1.000000000000000056e-01
4.498000000000000398e+01 2.763749510560170042e-01 -2.843290920008545997e-01 -1.000000000000000056e-01
4.499000000000000199e+01 2.777931763934547993e-01 1.154748232729533530e+00 -1.000000000000000056e-01
4.500000000000000000e+01 2.788952523951522267e-01 2.881223143995164104e+00 1.000000000000000056e-01
4.500999999999999801e+01 2.798703633216678144e-01 1.743142570649630407e+00 1.000000000000000056e-01
4.502000000000000313e+01 2.811892011410201397e-01 1.915029079532641967e-02 -1.000000000000000056e-01
4.503000000000000114e+01 2.824487603883498177e-01 3.179111185944490270e+00 1.000000000000000056e-01
4.503999999999999915e+01 2.830845121668267295e-01 -2.741946436585740443e-01 -1.000000000000000056e-01
4.505000000000000426e+01 2.845873039587015763e-01 1.161914280219826123e+00 -1.000000000000000056e-01
4.506000000000000227e+01 2.854405232767837641e-01 2.885720715793266944e+00 1.000000000000000056e-01
4.507000000000000028e+01 2.858724022254787722e-01 -2.739807091465288891e-01 -1.000000000000000056e-01
4.507999999999999829e+01 2.875673825141751849e-01 1.163699195677122988e+00 -1.000000000000000056e-01
4.509000000000000341e+01 2.882775587537350637e-01 8.699647576086300127e-01 -1.000000000000000056e-01
4.510000000000000142e+01 2.891105607349040985e-01 8.744779242257171292e-01 -1.000000000000000056e-01
4.510999999999999943e+01 2.898672279027517118e-01 2.898872858248486839e+00 1.000000000000000056e-01
4.511999999999999744e+01 2.899638402959929251e-01 1.761094857380980816e+00 1.000000000000000056e-01
4.513000000000000256e+01 2.910281172208261102e-01 3.682147796159159631e-02 -1.000000000000000056e-01
4.514000000000000057e+01 2.923812827444347007e-01 1.177685781427944223e+00 -1.000000000000000056e-01
4.514999999999999858e+01 2.927079618523485971e-01 2.904752844337799456e+00 1.000000000000000056e-01
4.516000000000000369e+01 2.924158287081679575e-01 1.766766843517486363e+00 1.000000000000000056e-01
4.517000000000000171e+01 2.932605821689575620e-01 2.059023303422896412e+00 1.000000000000000056e-01
4.517999999999999972e+01 2.938318190107102046e-01 3.775181557601352267e-02 -1.000000000000000056e-01
4.518999999999999773e+01 2.949751346685440812e-01 3.192962320023596590e+00 1.000000000000000056e-01
4.520000000000000284e+01 2.943037718402177760e-01 -2.619719367028685020e-01 -1.000000000000000056e-01
4.521000000000000085e+01 2.958977677308964327e-01 3.187976392723086860e+00 1.000000000000000056e-01
4.521999999999999886e+01 2.948336182879550682e-01 1.752824183169452432e+00 1.000000000000000056e-01
4.523000000000000398e+01 2.957196655481901248e-01 2.409835678851763446e-02 -1.000000000000000056e-01
4.524000000000000199e+01 2.968265193361759868e-01 3.180301653200821477e+00 1.000000000000000056e-01
4.525000000000000000e+01 2.954717286554569555e-01 1.744887932168108557e+00 1.000000000000000056e-01
4.525999999999999801e+01 2.963057490847706976e-01 1.716387940335520335e-02 -1.000000000000000056e-01
4.527000000000000313e+01 2.974014241533574077e-01 3.174046590130691570e+00 1.000000000000000056e-01
4.528000000000000114e+01 2.957643067766196898e-01 1.737252194381085468e+00 1.000000000000000056e-01
4.528999999999999915e+01 2.962015133217039686e-01 2.028626123766860800e+00 1.000000000000000056e-01
4.530000000000000426e+01 2.964013688126445056e-01 8.048092410012305103e-03 -1.000000000000000056e-01
4.531000000000000227e+01 2.978961905018343015e-01 1.148989370372246466e+00 -1.000000000000000056e-01
4.532000000000000028e+01 2.973037864444585399e-01 2.870232370757807683e+00 1.000000000000000056e-01
4.532999999999999829e+01 2.960171835102737847e-01 -2.922715103128221692e-01 -1.000000000000000056e-01
4.534000000000000341e+01 2.982302488671054186e-01 1.150091641200231107e+00 -1.000000000000000056e-01
4.535000000000000142e+01 2.974129072307988286e-01 2.874199127212003990e+00 1.000000000000000056e-01
4.535999999999999943e+01 2.958632211259365485e-01 -2.860621047584704923e-01 -1.000000000000000056e-01
4.536999999999999744e+01 2.981151898775508680e-01 1.158902330973599959e+00 -1.000000000000000056e-01
4.538000000000000256e+01 2.970370581906176533e-01 2.883829781650032231e+00 1.000000000000000056e-01
4.539000000000000057e+01 2.948448685147777582e-01 1.742873774562790246e+00 1.000000000000000056e-01
4.539999999999999858e+01 2.948295367156281155e-01 2.039361490140876754e+00 1.000000000000000056e-01
4.541000000000000369e+01 2.940208261988163652e-01 2.039932977586150109e+00 1.000000000000000056e-01
4.542000000000000171e+01 2.937687618592614847e-01 2.121391032385728723e-02 -1.000000000000000056e-01
4.542999999999999972e+01 2.947702263317598659e-01 3.180051514153671377e+00 1.000000000000000056e-01
4.543999999999999773e+01 2.915971907445830125e-01 1.739510089452367181e+00 1.000000000000000056e-01
4.545000000000000284e+01 2.920962857781443933e-01 1.390087607407711895e-02 -1.000000000000000056e-01
4.546000000000000085e+01 2.936966147272522809e-01 1.157250582239053749e+00 -1.000000000000000056e-01
4.546999999999999886e+01 2.929348442576705791e-01 8.615209834087208529e-01 -1.000000000000000056e-01
4.548000000000000398e+01 2.920357581396177404e-01 2.882122092619642917e+00 1.000000000000000056e-01
4.549000000000000199e+01 2.897673375913986660e-01 -2.799334459373675754e-01 -1.000000000000000056e-01
4.550000000000000000e+01 2.922145391013250548e-01 1.166214486372859183e+00 -1.000000000000000056e-01
4.550999999999999801e+01 2.910962449002674202e-01 8.732150765119017777e-01 -1.000000000000000056e-01
4.552000000000000313e+01 2.907139268538193044e-01 8.797723424599643849e-01 -1.000000000000000056e-01
4.553000000000000114e+01 2.896180863506681580e-01 2.903700988280331963e+00 1.000000000000000056e-01
4.553999999999999915e+01 2.861149653914116797e-01 1.761544031603681004e+00 1.000000000000000056e-01
4.555000000000000426e+01 2.854112630407045770e-01 2.058979052179599201e+00 1.000000000000000056e-01
4.556000000000000227e+01 2.845572142742263111e-01 4.209335093278006312e-02 -1.000000000000000056e-01
4.557000000000000028e+01 2.852671103296193778e-01 3.203192288937654730e+00 1.000000000000000056e-01
4.557999999999999829e+01 2.807574615359281212e-01 1.764454794820547123e+00 1.000000000000000056e-01
4.559000000000000341e+01 2.808729680665064676e-01 3.864243368282736790e-02 -1.000000000000000056e-01
4.560000000000000142e+01 2.824550910638433665e-01 1.180221705513857300e+00 -1.000000000000000056e-01
4.560999999999999943e+01 2.802712282543334821e-01 2.901024655892637139e+00 1.000000000000000056e-01
4.561999999999999744e+01 2.762817525092430282e-01 1.757288547037338056e+00 1.000000000000000056e-01
4.563000000000000256e+01 2.763560752066597237e-01 3.392212851508321497e-02 -1.000000000000000056e-01
4.564000000000000057e+01 2.770534624113841216e-01 3.194506163444216895e+00 1.000000000000000056e-01
4.564999999999999858e+01 2.727628759276709558e-01 -2.627887142182082636e-01 -1.000000000000000056e-01
4.566000000000000369e+01 2.745850009073420028e-01 3.195203649257417844e+00 1.000000000000000056e-01
4.567000000000000171e+01 2.701424495840475948e-01 -2.633432489016686029e-01 -1.000000000000000056e-01
4.567999999999999972e+01 2.719522629314300999e-01 3.194847299292068232e+00 1.000000000000000056e-01
4.568999999999999773e+01 2.673582350500222637e-01 -2.633359569749275653e-01 -1.000000000000000056e-01
4.570000000000000284e+01 2.691503488167430458e-01 3.195538091484003473e+00 1.000000000000000056e-01
4.571000000000000085e+01 2.644117022642955006e-01 -2.626316025792283515e-01 -1.000000000000000056e-01
4.571999999999999886e+01 2.671105297673112000e-01 1.180243800371794105e+00 -1.000000000000000056e-01
4.573000000000000398e+01 2.642954543874247442e-01 2.901913354588477656e+00 1.000000000000000056e-01
4.574000000000000199e+01 2.603102587996721229e-01 -2.596308162037522238e-01 -1.000000000000000056e-01
4.575000000000000000e+01 2.620731268561425908e-01 3.201618075290133092e+00 1.000000000000000056e-01
4.575999999999999801e+01 2.559844591839052219e-01 1.762343642897811868e+00 1.000000000000000056e-01
4.577000000000000313e+01 2.546807191149733640e-01 2.057416865956501972e+00 1.000000000000000056e-01
4.578000000000000114e+01 2.522049959117278473e-01 2.056321262708343145e+00 1.000000000000000056e-01
4.578999999999999915e+01 2.497837865658436018e-01 2.053584034033154371e+00 1.000000000000000056e-01
4.580000000000000426e+01 2.483825892340076613e-01 3.255951845752674129e-02 -1.000000000000000056e-01
4.581000000000000227e+01 2.500926391202869525e-01 1.174990954633897910e+00 -1.000000000000000056e-01
4.582000000000000028e+01 2.470846126859660152e-01 2.892681546203591747e+00 1.000000000000000056e-01
4.582999999999999829e+01 2.418560809343704987e-01 1.745040266707239329e+00 1.000000000000000056e-01
4.584000000000000341e+01 2.405750818973928784e-01 2.039630571189864128e+00 1.000000000000000056e-01
4.585000000000000142e+01 2.389491348328287301e-01 2.220240760059558754e-02 -1.000000000000000056e-01
4.585999999999999943e+01 2.395470230686082558e-01 3.184934145905168545e+00 1.000000000000000056e-01
4.586999999999999744e+01 2.340390163509223076e-01 -2.766756127368600882e-01 -1.000000000000000056e-01
4.588000000000000256e+01 2.369027608170837795e-01 1.170506345436712614e+00 -1.000000000000000056e-01
4.589000000000000057e+01 2.335850576179007709e-01 2.890144132550626299e+00 1.000000000000000056e-01
4.589999999999999858e+01 2.278438047611214823e-01 1.743044126446140929e+00 1.000000000000000056e-01
4.591000000000000369e+01 2.273484674048363019e-01 2.414482352766549045e-02 -1.000000000000000056e-01
4.592000000000000171e+01 2.288072106392358140e-01 1.174981232214395321e+00 -1.000000000000000056e-01
4.592999999999999972e+01 2.263074498053521677e-01 8.808358132823823627e-01 -1.000000000000000056e-01
4.593999999999999773e+01 2.248726409866765585e-01 8.864584091366664031e-01 -1.000000000000000056e-01
4.595000000000000284e+01 2.223134939096859386e-01 2.907952849641241677e+00 1.000000000000000056e-01
4.596000000000000085e+01 2.171753653305577292e-01 -2.558156386459121689e-01 -1.000000000000000056e-01
4.596999999999999886e+01 2.198081712950285260e-01 1.195473239011949351e+00 -1.000000000000000056e-01
4.598000000000000398e+01 2.168494793255434372e-01 9.019560504633262754e-01 -1.000000000000000056e-01
4.599000000000000199e+01 2.139250961471455825e-01 2.925704291233565346e+00 1.000000000000000056e-01
4.600000000000000000e+01 2.085240941229911382e-01 -2.374472921605513820e-01 -1.000000000000000056e-01
4.600999999999999801e+01 2.098561620672068084e-01 3.227238704614370235e+00 1.000000000000000056e-01
4.602000000000000313e+01 2.019182406281778419e-01 1.785755144313320830e+00 1.000000000000000056e-01
4.603000000000000114e+01 2.008276672862431833e-01 6.352407663175688168e-02 -1.000000000000000056e-01
4.603999999999999915e+01 2.008574109295018506e-01 3.224990359617176949e+00 1.000000000000000056e-01
4.605000000000000426e+01 1.929802856764083197e-01 1.783330387476309786e+00 1.000000000000000056e-01
4.606000000000000227e+01 1.920244626103564667e-01 5.857177138465973626e-02 -1.000000000000000056e-01
4.607000000000000028e+01 1.921422282047103580e-01 3.217547616052588211e+00 1.000000000000000056e-01
4.607999999999999829e+01 1.854144794901839977e-01 -2.430298129312145061e-01 -1.000000000000000056e-01
4.609000000000000341e+01 1.869940491219987955e-01 3.214266545881337311e+00 1.000000000000000056e-01
4.610000000000000142e+01 1.801771949182328358e-01 -2.466287387256291541e-01 -1.000000000000000056e-01
4.610999999999999943e+01 1.817187697899481091e-01 3.211507972946205047e+00 1.000000000000000056e-01
4.611999999999999744e+01 1.736425214590005539e-01 1.768759417659878652e+00 1.000000000000000056e-01
4.613000000000000256e+01 1.726335044841475208e-01 4.544979030969808348e-02 -1.000000000000000056e-01
4.614000000000000057e+01 1.727078747672034509e-01 3.206329544387451325e+00 1.000000000000000056e-01
4.614999999999999858e+01 1.657934283752348359e-01 -2.543633534314392319e-01 -1.000000000000000056e-01
4.616000000000000369e+01 1.673336678475423056e-01 3.205137637959627916e+00 1.000000000000000056e-01
4.617000000000000171e+01 1.603301518489932409e-01 -2.562421482564062880e-01 -1.000000000000000056e-01
4.617999999999999972e+01 1.630458251836254535e-01 1.188525417190943845e+00 -1.000000000000000056e-01
4.618999999999999773e+01 1.585987496639862659e-01 2.908208113354165736e+00 1.000000000000000056e-01
4.620000000000000284e+01 1.515194293359034550e-01 1.761980566780673385e+00 1.000000000000000056e-01
4.621000000000000085e+01 1.503313236626213079e-01 4.163000549196873429e-02 -1.000000000000000056e-01
4.621999999999999886e+01 1.514368735875131489e-01 1.189426455597995202e+00 -1.000000000000000056e-01
4.623000000000000398e+01 1.468652655177852540e-01 2.910036654004481971e+00 1.000000000000000056e-01
4.624000000000000199e+01 1.396861541938506923e-01 1.763885037579589810e+00 1.000000000000000056e-01
4.625000000000000000e+01 1.371782141737471761e-01 2.059291481186881434e+00 1.000000000000000056e-01
4.625999999999999801e+01 1.331728609241147054e-01 2.057790462270252974e+00 1.000000000000000056e-01
4.627000000000000313e+01 1.292924198687989135e-01 2.055071320453832673e+00 1.000000000000000056e-01
4.628000000000000114e+01 1.267290787790494588e-01 3.477496701529199374e-02 -1.000000000000000056e-01
4.628999999999999915e+01 1.267887575680793633e-01 3.194397909331022856e+00 1.000000000000000056e-01
4.630000000000000426e+01 1.197206134822822315e-01 -2.701595544508906821e-01 -1.000000000000000056e-01
4.631000000000000227e+01 1.211495327939866584e-01 3.190800790129810771e+00 1.000000000000000056e-01
4.632000000000000028e+01 1.139817673487721200e-01 -2.731061673101690124e-01 -1.000000000000000056e-01
4.632999999999999829e+01 1.165947618006351189e-01 1.175832614324779701e+00 -1.000000000000000056e-01
4.634000000000000341e+01 1.132412198512538770e-01 8.798441816806248372e-01 -1.000000000000000056e-01
4.635000000000000142e+01 1.097597685708948945e-01 2.900416467803717868e+00 1.000000000000000056e-01
4.635999999999999943e+01 1.024162046533941689e-01 1.752020893632179277e+00 1.000000000000000056e-01
4.636999999999999744e+01 1.008600862855963953e-01 3.411530069268908089e-02 -1.000000000000000056e-01
4.638000000000000256e+01 1.017093661837845386e-01 1.186065062532577485e+00 -1.000000000000000056e-01
4.639000000000000057e+01 9.682537184217240855e-02 2.907005848806249126e+00 1.000000000000000056e-01
4.639999999999999858e+01 9.053792942512213504e-02 -2.572391686348117767e-01 -1.000000000000000056e-01
4.641000000000000369e+01 9.286358070536890330e-02 1.192900845280981725e+00 -1.000000000000000056e-01
4.642000000000000171e+01 8.778583861511593533e-02 2.913077184230578265e+00 1.000000000000000056e-01
4.642999999999999972e+01 8.017841939915383576e-02 1.766283048966691860e+00 1.000000000000000056e-01
4.643999999999999773e+01 7.846714912954480536e-02 4.683834400379231766e-02 -1.000000000000000056e-01
4.645000000000000284e+01 7.915804122119447783e-02 1.195751097729376378e+00 -1.000000000000000056e-01
4.646000000000000085e+01 7.542156185778491062e-02 8.998394285935992221e-01 -1.000000000000000056e-01
4.646999999999999886e+01 7.163264388329448895e-02 2.919987378169332182e+00 1.000000000000000056e-01
4.648000000000000398e+01 6.522681918481162966e-02 -2.445160895823070557e-01 -1.000000000000000056e-01
4.649000000000000199e+01 6.724468463347155200e-02 1.203338736300052503e+00 -1.000000000000000056e-01
4.650000000000000000e+01 6.199263878117890203e-02 2.924542908919536277e+00 1.000000000000000056e-01
4.650999999999999801e+01 5.544577579587667976e-02 -2.380444055071008758e-01 -1.000000000000000056e-01
4.652000000000000313e+01 5.611749292979235221e-02 3.224962947855718021e+00 1.000000000000000056e-01
4.653000000000000114e+01 4.702977909496644515e-02 1.782080851533838883e+00 1.000000000000000056e-01
4.653999999999999915e+01 4.511162471625384390e-02 5.943424904548633148e-02 -1.000000000000000056e-01
4.655000000000000426e+01 4.564305588671443287e-02 1.204226934639650581e+00 -1.000000000000000056e-01
4.656000000000000227e+01 4.057125190663823933e-02 2.923607313858934020e+00 1.000000000000000056e-01
4.657000000000000028e+01 3.414343232279501428e-02 -2.403639107064916569e-01 -1.000000000000000056e-01
4.657999999999999829e+01 3.484072825857952721e-02 3.219130499697896663e+00 1.000000000000000056e-01
4.659000000000000341e+01 2.592295609909358450e-02 1.776509352853673063e+00 1.000000000000000056e-01
4.660000000000000142e+01 2.282823113428288087e-02 2.069889179508666466e+00 1.000000000000000056e-01
4.660999999999999943e+01 1.842961104887854556e-02 2.066791902828034377e+00 1.000000000000000056e-01
4.661999999999999744e+01 1.534388052340587318e-02 4.574174122274649035e-02 -1.000000000000000056e-01
4.663000000000000256e+01 1.597332881325031623e-02 1.188456199715040018e+00 -1.000000000000000056e-01
4.664000000000000057e+01 1.242301370680185500e-02 8.886459475184912415e-01 -1.000000000000000056e-01
4.664999999999999858e+01 9.901356012797757691e-03 8.893799213022911543e-01 -1.000000000000000056e-01
4.666000000000000369e+01 7.463505954346297787e-03 8.915372446141589524e-01 -1.000000000000000056e-01
4.667000000000000171e+01 3.608923167608915454e-03 2.911791591910641852e+00 1.000000000000000056e-01
4.667999999999999972e+01 -3.935668398125863679e-03 1.766245941470338199e+00 1.000000000000000056e-01
4.668999999999999773e+01 -7.201497703800459164e-03 2.063417884172213501e+00 1.000000000000000056e-01
4.670000000000000284e+01 -1.056615468991272018e-02 4.627598283620149022e-02 -1.000000000000000056e-01
4.671000000000000085e+01 -1.144575745285272145e-02 3.208179082307771601e+00 1.000000000000000056e-01
4.671999999999999886e+01 -1.991973499146846086e-02 1.764316992858742328e+00 1.000000000000000056e-01
4.673000000000000398e+01 -2.180819483923536126e-02 3.990294729414851915e-02 -1.000000000000000056e-01
4.674000000000000199e+01 -2.261364319140428750e-02 3.199659924197156613e+00 1.000000000000000056e-01
4.675000000000000000e+01 -3.090523346166999807e-02 1.754891681216647736e+00 1.000000000000000056e-01
4.675999999999999801e+01 -3.274579332975926377e-02 3.112137186418292151e-02 -1.000000000000000056e-01
4.677000000000000313e+01 -3.353487690869345894e-02 3.191743431417895405e+00 1.000000000000000056e-01
4.678000000000000114e+01 -4.059660253751229408e-02 -2.706733374538146664e-01 -1.000000000000000056e-01
4.678999999999999915e+01 -3.905299873589548193e-02 1.174967363442296353e+00 -1.000000000000000056e-01
4.680000000000000426e+01 -4.374129272461349527e-02 2.893327125261606625e+00 1.000000000000000056e-01
4.681000000000000227e+01 -4.975452838407659617e-02 -2.713881968165731129e-01 -1.000000000000000056e-01
4.682000000000000028e+01 -4.832147337351146155e-02 1.177553574108702206e+00 -1.000000000000000056e-01
4.682999999999999829e+01 -5.210697052352955549e-02 8.819679407365684787e-01 -1.000000000000000056e-01
4.684000000000000341e+01 -5.480035457208353583e-02 8.873367619561751685e-01 -1.000000000000000056e-01
4.685000000000000142e+01 -5.752077719391226335e-02 8.926096448199117850e-01 -1.000000000000000056e-01
4.685999999999999943e+01 -6.034273994428367843e-02 8.982422533361307249e-01 -1.000000000000000056e-01
4.686999999999999744e+01 -6.323608041386361012e-02 9.046781374224268646e-01 -1.000000000000000056e-01
4.688000000000000256e+01 -6.619392172387592033e-02 9.116684040498502783e-01 -1.000000000000000056e-01
4.689000000000000057e+01 -6.920423763999024314e-02 9.189508617813484381e-01 -1.000000000000000056e-01
4.689999999999999858e+01 -7.225775053452472563e-02 9.263582615085425020e-01 -1.000000000000000056e-01
4.691000000000000369e+01 -7.535370841402543041e-02 9.337981433620894389e-01 -1.000000000000000056e-01
4.692000000000000171e+01 -7.846210971114399302e-02 9.411553582788312333e-01 -1.000000000000000056e-01
4.692999999999999972e+01 -8.264251816504014636e-02 2.967626533864129001e+00 1.000000000000000056e-01
4.693999999999999773e+01 -8.994294168915324683e-02 1.821620485483845364e+00 1.000000000000000056e-01
4.695000000000000284e+01 -9.352824620603242267e-02 2.113761175837105544e+00 1.000000000000000056e-01
4.696000000000000085e+01 -9.798633336138022620e-02 2.109679230765273417e+00 1.000000000000000056e-01
4.696999999999999886e+01 -1.013887498804211251e-01 8.488252372068257057e-02 -1.000000000000000056e-01
4.698000000000000398e+01 -1.026304541078786464e-01 3.239184027028349178e+00 1.000000000000000056e-01
4.699000000000000199e+01 -1.101681536080074686e-01 1.797695335795329141e+00 1.000000000000000056e-01
4.700000000000000000e+01 -1.131798826885162673e-01 2.083050451807189507e+00 1.000000000000000056e-01
4.700999999999999801e+01 -1.162229789319733364e-01 5.683227651907698380e-02 -1.000000000000000056e-01
4.702000000000000313e+01 -1.163755658416221750e-01 1.192456909928953479e+00 -1.000000000000000056e-01
4.703000000000000114e+01 -1.197036100102920331e-01 8.922925168906697957e-01 -1.000000000000000056e-01
4.703999999999999915e+01 -1.231724099961815921e-01 2.909180252605974903e+00 1.000000000000000056e-01
4.705000000000000426e+01 -1.293081601581931306e-01 1.763903581097198359e+00 1.000000000000000056e-01
4.706000000000000227e+01 -1.313740482242091723e-01 3.802322493825000677e-02 -1.000000000000000056e-01
4.707000000000000028e+01 -1.325815224271389425e-01 3.197284910828233073e+00 1.000000000000000056e-01
4.707999999999999829e+01 -1.394715785508321426e-01 1.758607138953166338e+00 1.000000000000000056e-01
4.709000000000000341e+01 -1.423273712033381322e-01 2.049808596973958785e+00 1.000000000000000056e-01
4.710000000000000142e+01 -1.452021748358729436e-01 2.809713685124444471e-02 -1.000000000000000056e-01
4.710999999999999943e+01 -1.463066546759853870e-01 3.185192260803901387e+00 1.000000000000000056e-01
4.711999999999999744e+01 -1.527897571323236225e-01 1.742747821823531273e+00 1.000000000000000056e-01
4.713000000000000256e+01 -1.554888380424446770e-01 2.032904812066733680e+00 1.000000000000000056e-01
4.714000000000000057e+01 -1.590000172883668239e-01 2.028490001841852575e+00 1.000000000000000056e-01
4.714999999999999858e+01 -1.624312166130149337e-01 2.023450633899530171e+00 1.000000000000000056e-01
4.716000000000000369e+01 -1.658100373717084908e-01 2.017612616224022215e+00 1.000000000000000056e-01
4.717000000000000171e+01 -1.683886966288988263e-01 -5.146142285603378004e-03 -1.000000000000000056e-01
4.717999999999999972e+01 -1.686707341138743987e-01 1.138873311290478751e+00 -1.000000000000000056e-01
4.718999999999999773e+01 -1.714137979634737241e-01 8.412584494358956722e-01 -1.000000000000000056e-01
4.720000000000000284e+01 -1.737022852988562571e-01 8.452204116368539077e-01 -1.000000000000000056e-01
4.721000000000000085e+01 -1.765586400319008598e-01 2.866425687875294059e+00 1.000000000000000056e-01
4.721999999999999886e+01 -1.817350200213814493e-01 1.718200123383351707e+00 1.000000000000000056e-01
4.723000000000000398e+01 -1.843769740899586784e-01 2.016283252344084342e+00 1.000000000000000056e-01
4.724000000000000199e+01 -1.877155391026027187e-01 2.017240576136882346e+00 1.000000000000000056e-01
4.725000000000000000e+01 -1.903250070753124412e-01 7.474428013629650985e-04 -1.000000000000000056e-01
4.725999999999999801e+01 -1.915351908400529657e-01 3.164939115799458413e+00 1.000000000000000056e-01
4.727000000000000313e+01 -1.969169710966162390e-01 1.718380884673644138e+00 1.000000000000000056e-01
4.728000000000000114e+01 -1.993987304435370367e-01 2.012166654237673491e+00 1.000000000000000056e-01
4.728999999999999915e+01 -2.024694556798302403e-01 2.009751317454071096e+00 1.000000000000000056e-01
4.730000000000000426e+01 -2.048978139464185666e-01 -8.500069909863870732e-03 -1.000000000000000056e-01
4.731000000000000227e+01 -2.060915980724006558e-01 3.155128369784624187e+00 1.000000000000000056e-01
4.732000000000000028e+01 -2.104536072720855633e-01 -3.095192214955204690e-01 -1.000000000000000056e-01
4.732999999999999829e+01 -2.111434422726429228e-01 3.156102025315670634e+00 1.000000000000000056e-01
4.734000000000000341e+01 -2.158763263069804483e-01 1.707480193650255718e+00 1.000000000000000056e-01
4.735000000000000142e+01 -2.177370273994117256e-01 -1.094228196531622441e-02 -1.000000000000000056e-01
4.735999999999999943e+01 -2.185010992651190420e-01 1.143375100831254487e+00 -1.000000000000000056e-01
4.736999999999999744e+01 -2.214433413333794787e-01 2.863753604438483702e+00 1.000000000000000056e-01
4.738000000000000256e+01 -2.251665256827885264e-01 -3.014727000424071157e-01 -1.000000000000000056e-01
4.739000000000000057e+01 -2.259398267664457227e-01 3.169143121091648752e+00 1.000000000000000056e-01
4.739999999999999858e+01 -2.303282677394354050e-01 1.721005301376008267e+00 1.000000000000000056e-01
4.741000000000000369e+01 -2.322167723797054495e-01 4.375293756122369294e-03 -1.000000000000000056e-01
4.742000000000000171e+01 -2.331660108473863624e-01 1.159434981243480101e+00 -1.000000000000000056e-01
4.742999999999999972e+01 -2.359288293894068744e-01 2.879391311803087383e+00 1.000000000000000056e-01
4.743999999999999773e+01 -2.397169364207895337e-01 1.729561594683012293e+00 1.000000000000000056e-01
4.745000000000000284e+01 -2.415234794475349667e-01 1.283856808513111035e-02 -1.000000000000000056e-01
4.746000000000000085e+01 -2.425855914356821186e-01 1.167337548860217789e+00 -1.000000000000000056e-01
4.746999999999999886e+01 -2.448318714160201415e-01 8.727448961647342740e-01 -1.000000000000000056e-01
4.748000000000000398e+01 -2.469504600274271822e-01 8.792367587478455704e-01 -1.000000000000000056e-01
4.749000000000000199e+01 -2.488944296014830859e-01 8.853324532360946630e-01 -1.000000000000000056e-01
4.750000000000000000e+01 -2.509072461608938265e-01 8.920372609973833411e-01 -1.000000000000000056e-01
4.750999999999999801e+01 -2.532261470663474401e-01 2.914953489830942157e+00 1.000000000000000056e-01
4.752000000000000313e+01 -2.564869854759104784e-01 1.766494108164635479e+00 1.000000000000000056e-01
4.753000000000000114e+01 -2.583593657496222051e-01 4.951075328927206226e-02 -1.000000000000000056e-01
4.753999999999999915e+01 -2.598477900036220145e-01 3.216963330256129794e+00 1.000000000000000056e-01
4.755000000000000426e+01 -2.628424335490818775e-01 -2.450350809265145757e-01 -1.000000000000000056e-01
4.756000000000000227e+01 -2.641116219500039275e-01 3.218839255561309454e+00 1.000000000000000056e-01
4.757000000000000028e+01 -2.670738405167890073e-01 1.772051330279926562e+00 1.000000000000000056e-01
4.757999999999999829e+01 -2.690456952191537243e-01 2.065796745183597682e+00 1.000000000000000056e-01
4.759000000000000341e+01 -2.710976332358646101e-01 2.062622123037033628e+00 1.000000000000000056e-01
4.760000000000000142e+01 -2.729571878851314581e-01 4.281014388621947470e-02 -1.000000000000000056e-01
4.760999999999999943e+01 -2.742973222654917498e-01 1.188930226597020079e+00 -1.000000000000000056e-01
4.761999999999999744e+01 -2.761641626010405970e-01 2.904625255760604929e+00 1.000000000000000056e-01
4.763000000000000256e+01 -2.784783195876098238e-01 -2.621042976015053316e-01 -1.000000000000000056e-01
4.764000000000000057e+01 -2.797450862264823646e-01 3.201620471385961952e+00 1.000000000000000056e-01
4.764999999999999858e+01 -2.818355234890858041e-01 -2.615308613917259883e-01 -1.000000000000000056e-01
4.766000000000000369e+01 -2.832226896547183070e-01 3.203237013833485580e+00 1.000000000000000056e-01
4.767000000000000171e+01 -2.851447257260036894e-01 -2.599570420095828616e-01 -1.000000000000000056e-01
4.767999999999999972e+01 -2.864947895952547063e-01 1.190260319452713489e+00 -1.000000000000000056e-01
4.768999999999999773e+01 -2.880385181203584666e-01 8.937013501819722761e-01 -1.000000000000000056e-01
4.770000000000000284e+01 -2.896711645960780013e-01 2.913856632587850992e+00 1.000000000000000056e-01
4.771000000000000085e+01 -2.913467681613293725e-01 -2.507632520249202246e-01 -1.000000000000000056e-01
4.771999999999999886e+01 -2.927533338940462859e-01 3.215976417878418925e+00 1.000000000000000056e-01
4.773000000000000398e+01 -2.942157298353480499e-01 -2.459482503032433820e-01 -1.000000000000000056e-01
4.774000000000000199e+01 -2.957204870678573627e-01 1.204124669483062959e+00 -1.000000000000000056e-01
4.775000000000000000e+01 -2.970001318928293110e-01 2.923803935372286666e+00 1.000000000000000056e-01
4.775999999999999801e+01 -2.984201199820850081e-01 -2.403094821646498125e-01 -1.000000000000000056e-01
4.777000000000000313e+01 -2.998613484211721802e-01 3.223965372915679417e+00 1.000000000000000056e-01
4.778000000000000114e+01 -3.009224930168642453e-01 -2.378725604913586034e-01 -1.000000000000000056e-01
4.778999999999999915e+01 -3.025368169668629093e-01 1.209378599076755600e+00 -1.000000000000000056e-01
4.780000000000000426e+01 -3.036440371921459436e-01 9.126031352491895676e-01 -1.000000000000000056e-01
4.781000000000000227e+01 -3.048651367947507462e-01 2.932988666217500651e+00 1.000000000000000056e-01
4.782000000000000028e+01 -3.058180361251834345e-01 -2.308667117336594132e-01 -1.000000000000000056e-01
4.782999999999999829e+01 -3.074232764654859507e-01 1.216277377623753209e+00 -1.000000000000000056e-01
4.784000000000000341e+01 -3.083472667672991774e-01 9.208339901829553087e-01 -1.000000000000000056e-01
4.785000000000000142e+01 -3.095767064090883536e-01 9.260554616031670960e-01 -1.000000000000000056e-01
4.785999999999999943e+01 -3.104826960018698956e-01 2.948477969954283573e+00 1.000000000000000056e-01
4.787000000000000455e+01 -3.109017210882539239e-01 1.803240486410538912e+00 1.000000000000000056e-01
4.788000000000000256e+01 -3.118775078071826523e-01 2.098315957842483481e+00 1.000000000000000056e-01
4.789000000000000057e+01 -3.126932425330460896e-01 7.870096172086536723e-02 -1.000000000000000056e-01
4.789999999999999858e+01 -3.142616698723271207e-01 1.221653206283843440e+00 -1.000000000000000056e-01
4.791000000000000369e+01 -3.146295288502518050e-01 2.941138145461740017e+00 1.000000000000000056e-01
4.792000000000000171e+01 -3.151030709268823893e-01 -2.237121918787003116e-01 -1.000000000000000056e-01
4.792999999999999972e+01 -3.168348092657032322e-01 1.216420966299421869e+00 -1.000000000000000056e-01
4.793999999999999773e+01 -3.170849442384956474e-01 2.936877111984844468e+00 1.000000000000000056e-01
4.795000000000000284e+01 -3.169139413202145539e-01 1.792569769803521451e+00 1.000000000000000056e-01
4.796000000000000085e+01 -3.179316131491826680e-01 6.833805278598981126e-02 -1.000000000000000056e-01
4.796999999999999886e+01 -3.194290348386231715e-01 1.211075361812729234e+00 -1.000000000000000056e-01
4.798000000000000398e+01 -3.194136046912850468e-01 2.931979151393695027e+00 1.000000000000000056e-01
4.799000000000000199e+01 -3.190070630540433050e-01 1.787267090240945766e+00 1.000000000000000056e-01
4.800000000000000000e+01 -3.195417224153201396e-01 2.079845831181337701e+00 1.000000000000000056e-01
4.800999999999999801e+01 -3.196137578073481866e-01 2.076585090879626616e+00 1.000000000000000056e-01
4.802000000000000313e+01 -3.201092077425867211e-01 5.496131077435268547e-02 -1.000000000000000056e-01
4.803000000000000114e+01 -3.213506213913753795e-01 3.211900964062658570e+00 1.000000000000000056e-01
4.803999999999999915e+01 -3.204068567373685728e-01 -2.507401030260469899e-01 -1.000000000000000056e-01
4.805000000000000426e+01 -3.221695369850932633e-01 3.205047773484207330e+00 1.000000000000000056e-01
4.806000000000000227e+01 -3.204811797135294071e-01 1.760664965432550355e+00 1.000000000000000056e-01
4.807000000000000028e+01 -3.214259832835991704e-01 3.594608189550357186e-02 -1.000000000000000056e-01
4.807999999999999829e+01 -3.225813891164420188e-01 3.196715771282497176e+00 1.000000000000000056e-01
4.809000000000000341e+01 -3.206383250220476988e-01 1.752546548136253657e+00 1.000000000000000056e-01
4.810000000000000142e+01 -3.215577051747187665e-01 2.912339704861890977e-02 -1.000000000000000056e-01
4.810999999999999943e+01 -3.227100303724295682e-01 3.190791701869815533e+00 1.000000000000000056e-01
4.812000000000000455e+01 -3.204736509075293838e-01 1.745676215873118720e+00 1.000000000000000056e-01
4.813000000000000256e+01 -3.213479019949267990e-01 2.312815840604913811e-02 -1.000000000000000056e-01
4.814000000000000057e+01 -3.224894489760371519e-01 3.185924025606716725e+00 1.000000000000000056e-01
4.814999999999999858e+01 -3.206033041041369547e-01 -2.764926231805405754e-01 -1.000000000000000056e-01
4.816000000000000369e+01 -3.224771192277771092e-01 3.186585304207486313e+00 1.000000000000000056e-01
4.817000000000000171e+01 -3.196962416600065415e-01 1.740085729303435524e+00 1.000000000000000056e-01
4.817999999999999972e+01 -3.197836484656055300e-01 2.034809820113169021e+00 1.000000000000000056e-01
4.818999999999999773e+01 -3.190294992117568840e-01 2.033032453340627654e+00 1.000000000000000056e-01
4.820000000000000284e+01 -3.189793900022213635e-01 1.495266257598768661e-02 -1.000000000000000056e-01
4.821000000000000085e+01 -3.201942571038806085e-01 3.178449008591569314e+00 1.000000000000000056e-01
4.821999999999999886e+01 -3.177593539828003077e-01 -2.865809008424416437e-01 -1.000000000000000056e-01
4.823000000000000398e+01 -3.205515923673429857e-01 1.164567123436789808e+00 -1.000000000000000056e-01
4.824000000000000199e+01 -3.197142881828927696e-01 8.685040192594482011e-01 -1.000000000000000056e-01
4.825000000000000000e+01 -3.200632860461082863e-01 8.748928806930454938e-01 -1.000000000000000056e-01
4.825999999999999801e+01 -3.199931265433557104e-01 8.818598949110830754e-01 -1.000000000000000056e-01
4.827000000000000313e+01 -3.191762521685407861e-01 2.904384872995038336e+00 1.000000000000000056e-01
4.828000000000000114e+01 -3.168686570821195869e-01 -2.609884110244337085e-01 -1.000000000000000056e-01
4.828999999999999915e+01 -3.192249753902141607e-01 1.195411917909691812e+00 -1.000000000000000056e-01
4.830000000000000426e+01 -3.180479574161317324e-01 9.020031881822692110e-01 -1.000000000000000056e-01
4.831000000000000227e+01 -3.170448025692577665e-01 2.925726723727694267e+00 1.000000000000000056e-01
4.832000000000000028e+01 -3.135236843935668705e-01 1.777240589074662758e+00 1.000000000000000056e-01
4.832999999999999829e+01 -3.135780435468489835e-01 5.768082420010039318e-02 -1.000000000000000056e-01
4.834000000000000341e+01 -3.150909273771776986e-01 1.207791185305425063e+00 -1.000000000000000056e-01
4.835000000000000142e+01 -3.137128318452778730e-01 9.128083105869183589e-01 -1.000000000000000056e-01
4.835999999999999943e+01 -3.134853530691046886e-01 9.173819048410094545e-01 -1.000000000000000056e-01
4.837000000000000455e+01 -3.120714284463511623e-01 2.938245156488097809e+00 1.000000000000000056e-01
4.838000000000000256e+01 -3.090309657058272763e-01 -2.265809589756062059e-01 -1.000000000000000056e-01
4.839000000000000057e+01 -3.113937992258850596e-01 1.220895948097785455e+00 -1.000000000000000056e-01
4.839999999999999858e+01 -3.088064258397428263e-01 2.943617527804768930e+00 1.000000000000000056e-01
4.841000000000000369e+01 -3.056657183358439944e-01 -2.192588155462898702e-01 -1.000000000000000056e-01
4.842000000000000171e+01 -3.080478987543013858e-01 1.225604897867249354e+00 -1.000000000000000056e-01
4.842999999999999972e+01 -3.062450348831147195e-01 9.298191525419130521e-01 -1.000000000000000056e-01
4.843999999999999773e+01 -3.046482331535423360e-01 2.952282612810410711e+00 1.000000000000000056e-01
4.845000000000000284e+01 -3.011562071103157101e-01 -2.114708257448918716e-01 -1.000000000000000056e-01
4.846000000000000085e+01 -3.025466949084796298e-01 3.248710960241492973e+00 1.000000000000000056e-01
4.846999999999999886e+01 -2.968130838823369588e-01 1.808481788098942777e+00 1.000000000000000056e-01
4.848000000000000398e+01 -2.955748111566854908e-01 2.100359199669990851e+00 1.000000000000000056e-01
4.849000000000000199e+01 -2.941604113075120819e-01 7.812584936072056174e-02 -1.000000000000000056e-01
4.850000000000000000e+01 -2.957618304586807634e-01 1.217391916965091303e+00 -1.000000000000000056e-01
4.850999999999999801e+01 -2.928584001448144014e-01 2.936122171261233316e+00 1.000000000000000056e-01
4.852000000000000313e+01 -2.883146396894787356e-01 1.789917625955626201e+00 1.000000000000000056e-01
4.853000000000000114e+01 -2.879982888235657068e-01 6.304063362942916027e-02 -1.000000000000000056e-01
4.853999999999999915e+01 -2.884927255828350634e-01 3.220884898741124047e+00 1.000000000000000056e-01
4.855000000000000426e+01 -2.824563069422958428e-01 1.780114668767207364e+00 1.000000000000000056e-01
4.856000000000000227e+01 -2.812041127593146728e-01 2.070822011671413332e+00 1.000000000000000056e-01
4.857000000000000028e+01 -2.797608195548032528e-01 4.893226804984988909e-02 -1.000000000000000056e-01
4.857999999999999829e+01 -2.804220171361597180e-01 3.206159684182448899e+00 1.000000000000000056e-01
4.859000000000000341e+01 -2.742386056756798696e-01 1.762044965147492537e+00 1.000000000000000056e-01
4.860000000000000142e+01 -2.741240308575670914e-01 3.558690982606518144e-02 -1.000000000000000056e-01
4.860999999999999943e+01 -2.758719897969020285e-01 1.179163382207183641e+00 -1.000000000000000056e-01
4.862000000000000455e+01 -2.726231185143764835e-01 2.898110079219461621e+00 1.000000000000000056e-01
4.863000000000000256e+01 -2.675301475191458334e-01 1.750757693596996178e+00 1.000000000000000056e-01
4.864000000000000057e+01 -2.659510257964684543e-01 2.045015892501936605e+00 1.000000000000000056e-01
4.864999999999999858e+01 -2.631113530588172766e-01 2.043144081552644042e+00 1.000000000000000056e-01
4.866000000000000369e+01 -2.603466985491077468e-01 2.040198850954030529e+00 1.000000000000000056e-01
4.867000000000000171e+01 -2.588342759922073744e-01 1.977461721443310796e-02 -1.000000000000000056e-01
4.867999999999999972e+01 -2.595567684955769061e-01 3.180187939950796849e+00 1.000000000000000056e-01
4.868999999999999773e+01 -2.528056009075688171e-01 1.732412707047249256e+00 1.000000000000000056e-01
4.870000000000000284e+01 -2.513989551043961379e-01 2.024871487774605683e+00 1.000000000000000056e-01
4.871000000000000085e+01 -2.497581838721640857e-01 6.207803978762362410e-03 -1.000000000000000056e-01
4.871999999999999886e+01 -2.516725664836944043e-01 1.155842784905338094e+00 -1.000000000000000056e-01
4.873000000000000398e+01 -2.481027972654413494e-01 2.874607546450959283e+00 1.000000000000000056e-01
4.874000000000000199e+01 -2.424851164262468439e-01 1.724347088641321024e+00 1.000000000000000056e-01
4.875000000000000000e+01 -2.406670121817925112e-01 2.020999140867164812e+00 1.000000000000000056e-01
4.875999999999999801e+01 -2.374854112615668034e-01 2.020480189574014318e+00 1.000000000000000056e-01
4.877000000000000313e+01 -2.356442189257821618e-01 4.183054713810535272e-03 -1.000000000000000056e-01
4.878000000000000114e+01 -2.375073805930332516e-01 1.156619334217451112e+00 -1.000000000000000056e-01
4.878999999999999915e+01 -2.336734317739227462e-01 2.874985123600327430e+00 1.000000000000000056e-01
4.880000000000000426e+01 -2.289954878187301368e-01 -2.917614018737501591e-01 -1.000000000000000056e-01
4.881000000000000227e+01 -2.319669636221811382e-01 1.164527178774413363e+00 -1.000000000000000056e-01
4.882000000000000028e+01 -2.289781760805998378e-01 8.705626797101643222e-01 -1.000000000000000056e-01
4.882999999999999829e+01 -2.276637214871655712e-01 8.790503511780991541e-01 -1.000000000000000056e-01
4.884000000000000341e+01 -2.259568369293167567e-01 8.869647395576366611e-01 -1.000000000000000056e-01
4.885000000000000142e+01 -2.241644216609934570e-01 8.948145845051036495e-01 -1.000000000000000056e-01
4.885999999999999943e+01 -2.209273452479612321e-01 2.918355802096459506e+00 1.000000000000000056e-01
4.887000000000000455e+01 -2.137894918573864100e-01 1.768382461307090869e+00 1.000000000000000056e-01
4.888000000000000256e+01 -2.110535688048098546e-01 2.066895046191963292e+00 1.000000000000000056e-01
4.889000000000000057e+01 -2.081892028545759277e-01 5.080352193142775863e-02 -1.000000000000000056e-01
4.889999999999999858e+01 -2.081152323558254358e-01 3.216465453019846876e+00 1.000000000000000056e-01
4.891000000000000369e+01 -2.010045334177265886e-01 -2.471891724620543518e-01 -1.000000000000000056e-01
4.892000000000000171e+01 -2.024454489215487818e-01 3.214843621275597751e+00 1.000000000000000056e-01
4.892999999999999972e+01 -1.952358058757263926e-01 -2.492805817259206580e-01 -1.000000000000000056e-01
4.893999999999999773e+01 -1.979926202804021540e-01 1.197688435854405986e+00 -1.000000000000000056e-01
4.895000000000000284e+01 -1.932521395170224143e-01 2.916118842090032803e+00 1.000000000000000056e-01
4.896000000000000085e+01 -1.860473250326493688e-01 1.767953924371179930e+00 1.000000000000000056e-01
4.896999999999999886e+01 -1.847029308352572674e-01 4.792740413778017600e-02 -1.000000000000000056e-01
4.898000000000000398e+01 -1.844969977923070215e-01 3.211496015999002474e+00 1.000000000000000056e-01
4.899000000000000199e+01 -1.771312033135340747e-01 -2.504734963977741646e-01 -1.000000000000000056e-01
4.900000000000000000e+01 -1.785190381727170539e-01 3.211543789317484521e+00 1.000000000000000056e-01
4.900999999999999801e+01 -1.710525482255385865e-01 -2.516245709100614070e-01 -1.000000000000000056e-01
4.902000000000000313e+01 -1.723897153939214499e-01 3.210068268728412555e+00 1.000000000000000056e-01
4.903000000000000114e+01 -1.648583303125469024e-01 -2.526727285396990208e-01 -1.000000000000000056e-01
4.903999999999999915e+01 -1.661604880161511311e-01 3.209435542464357471e+00 1.000000000000000056e-01
4.905000000000000426e+01 -1.571027820842013090e-01 1.763360369281378182e+00 1.000000000000000056e-01
4.906000000000000227e+01 -1.557757467985260158e-01 4.216535500527913982e-02 -1.000000000000000056e-01
4.907000000000000028e+01 -1.569697775021652308e-01 1.190406562760165654e+00 -1.000000000000000056e-01
4.907999999999999829e+01 -1.533836338751573269e-01 8.929514011888507463e-01 -1.000000000000000056e-01
4.909000000000000341e+01 -1.500555940446558489e-01 2.911837876339279596e+00 1.000000000000000056e-01
4.910000000000000142e+01 -1.437819910317831018e-01 -2.532438142009949544e-01 -1.000000000000000056e-01
4.910999999999999943e+01 -1.461247254160686626e-01 1.196641724790461936e+00 -1.000000000000000056e-01
4.912000000000000455e+01 -1.408312017080100564e-01 2.916951260992358907e+00 1.000000000000000056e-01
4.913000000000000256e+01 -1.345216788192694357e-01 -2.462369778235599105e-01 -1.000000000000000056e-01
4.914000000000000057e+01 -1.353368118902239237e-01 3.218600399196575257e+00 1.000000000000000056e-01
4.914999999999999858e+01 -1.273230332506356810e-01 -2.431046764810318728e-01 -1.000000000000000056e-01
4.916000000000000369e+01 -1.296210736433852651e-01 1.204130951545698380e+00 -1.000000000000000056e-01
4.917000000000000171e+01 -1.256315528367927259e-01 9.073538406374458409e-01 -1.000000000000000056e-01
4.917999999999999972e+01 -1.218127347590487325e-01 2.927660820852375334e+00 1.000000000000000056e-01
4.918999999999999773e+01 -1.152159306276224482e-01 -2.362769807422255008e-01 -1.000000000000000056e-01
4.920000000000000284e+01 -1.158178188709588219e-01 3.226673473379077173e+00 1.000000000000000056e-01
4.921000000000000085e+01 -1.076440550452238826e-01 -2.337894136346904406e-01 -1.000000000000000056e-01
4.921999999999999886e+01 -1.083602634194597708e-01 3.227275473757727386e+00 1.000000000000000056e-01
4.923000000000000398e+01 -9.878130071555449310e-02 1.784266557518594309e+00 1.000000000000000056e-01
4.924000000000000199e+01 -9.694640536715247447e-02 6.008860078846390423e-02 -1.000000000000000056e-01
4.925000000000000000e+01 -9.622959507882936081e-02 3.219757921972548065e+00 1.000000000000000056e-01
4.925999999999999801e+01 -8.687064251395228143e-02 1.776180077274011504e+00 1.000000000000000056e-01
4.927000000000000313e+01 -8.517647359251769024e-02 5.108701563303051640e-02 -1.000000000000000056e-01
4.928000000000000114e+01 -8.457769196287313884e-02 3.209856445439169370e+00 1.000000000000000056e-01
4.928999999999999915e+01 -7.534538012879773983e-02 1.765119641490459301e+00 1.000000000000000056e-01
4.930000000000000426e+01 -7.230544639777644611e-02 2.056643179457907866e+00 1.000000000000000056e-01
4.931000000000000227e+01 -6.915439246669836948e-02 3.595830712303660359e-02 -1.000000000000000056e-01
4.932000000000000028e+01 -7.013949297140095740e-02 1.180355066300318390e+00 -1.000000000000000056e-01
4.932999999999999829e+01 -6.639340975629531849e-02 8.814565692802410757e-01 -1.000000000000000056e-01
4.934000000000000341e+01 -6.291990662317104022e-02 2.899025571801196577e+00 1.000000000000000056e-01
4.935000000000000142e+01 -5.649468930557063201e-02 -2.665421708408772239e-01 -1.000000000000000056e-01
4.935999999999999943e+01 -5.843567115351133712e-02 1.182161095115814575e+00 -1.000000000000000056e-01
4.937000000000000455e+01 -5.300708748138196341e-02 2.902994315105660750e+00 1.000000000000000056e-01
4.938000000000000256e+01 -4.659189902656632465e-02 -2.602194282948058768e-01 -1.000000000000000056e-01
4.939000000000000057e+01 -4.698219549018495950e-02 3.204492599317561030e+00 1.000000000000000056e-01
4.939999999999999858e+01 -3.896347827152614463e-02 -2.567544121208505947e-01 -1.000000000000000056e-01
4.941000000000000369e+01 -3.941958031418709568e-02 3.205950208578891125e+00 1.000000000000000056e-01
4.942000000000000171e+01 -3.003369889151475194e-02 1.761971348449423269e+00 1.000000000000000056e-01
4.942999999999999972e+01 -2.664646940222607785e-02 2.055876380318687247e+00 1.000000000000000056e-01
4.943999999999999773e+01 -2.321080246721934567e-02 3.686358421921729495e-02 -1.000000000000000056e-01
4.945000000000000284e+01 -2.242222619828878813e-02 3.197230523799611923e+00 1.000000000000000056e-01
4.946000000000000085e+01 -1.340553211326663344e-02 1.751318994567555132e+00 1.000000000000000056e-01
4.946999999999999886e+01 -1.023182321119255056e-02 2.043245398308189742e+00 1.000000000000000056e-01
4.948000000000000398e+01 -6.987421245642787097e-03 2.330349857633088120e-02 -1.000000000000000056e-01
4.949000000000000199e+01 -7.655297246807306506e-03 1.169346422088384685e+00 -1.000000000000000056e-01
4.950000000000000000e+01 -2.568979861016744328e-03 2.886362878425191347e+00 1.000000000000000056e-01
4.950999999999999801e+01 3.365616825751686306e-03 -2.798693024316324385e-01 -1.000000000000000056e-01
4.952000000000000313e+01 1.692357810972128229e-03 1.169392561993141122e+00 -1.000000000000000056e-01
4.953000000000000114e+01 7.014725758392350088e-03 2.889000780426683512e+00 1.000000000000000056e-01
4.953999999999999915e+01 1.446673960548359485e-02 1.741254293920135421e+00 1.000000000000000056e-01
4.955000000000000426e+01 1.798007988061241236e-02 2.038257994983258214e+00 1.000000000000000056e-01
4.956000000000000227e+01 2.141666459526562691e-02 2.170689552683918375e-02 -1.000000000000000056e-01
4.957000000000000028e+01 2.236876443018235086e-02 3.185844236225030990e+00 1.000000000000000056e-01
4.957999999999999829e+01 2.974681487674389613e-02 -2.775860813281484929e-01 -1.000000000000000056e-01
4.959000000000000341e+01 2.939977738608076305e-02 3.185102803315931652e+00 1.000000000000000056e-01
4.960000000000000142e+01 3.811648113934634069e-02 1.737549105391911430e+00 1.000000000000000056e-01
4.960999999999999943e+01 4.014085263605383230e-02 1.677625814969940440e-02 -1.000000000000000056e-01
4.962000000000000455e+01 4.115461750229413435e-02 3.181064448167491232e+00 1.000000000000000056e-01
4.963000000000000256e+01 4.968564306996853253e-02 1.733797543671343311e+00 1.000000000000000056e-01
4.964000000000000057e+01 5.166479902727656726e-02 1.353737761158128015e-02 -1.000000000000000056e-01
4.964999999999999858e+01 5.267519124300808209e-02 3.177935553525050860e+00 1.000000000000000056e-01
4.966000000000000369e+01 5.978156790138225429e-02 -2.860330072092336362e-01 -1.000000000000000056e-01
4.967000000000000171e+01 5.958003567185068960e-02 3.179021841391747927e+00 1.000000000000000056e-01
4.967999999999999972e+01 6.669809573615637088e-02 -2.854731389651755102e-01 -1.000000000000000056e-01
4.968999999999999773e+01 6.661728356983599719e-02 3.180343591645621082e+00 1.000000000000000056e-01
4.970000000000000284e+01 7.371232609737282671e-02 -2.837436005726811095e-01 -1.000000000000000056e-01
4.971000000000000085e+01 7.254489115570372793e-02 1.168895804597406052e+00 -1.000000000000000056e-01
4.971999999999999886e+01 7.647969208334741420e-02 8.730054805175718746e-01 -1.000000000000000056e-01
4.973000000000000398e+01 7.902975600080562602e-02 8.787255041869392880e-01 -1.000000000000000056e-01
4.974000000000000199e+01 8.302338754797346232e-02 2.899818661655188201e+00 1.000000000000000056e-01
4.975000000000000000e+01 9.022865764618506756e-02 1.750612117129265677e+00 1.000000000000000056e-01
4.975999999999999801e+01 9.387233185553554848e-02 2.049181459192923160e+00 1.000000000000000056e-01
4.977000000000000313e+01 9.743346752313215842e-02 3.365916101045045294e-02 -1.000000000000000056e-01
4.978000000000000114e+01 9.882886166573934261e-02 3.198895004756296956e+00 1.000000000000000056e-01
4.978999999999999915e+01 1.068025450862526288e-01 1.751381949076908029e+00 1.000000000000000056e-01
4.980000000000000426e+01 1.101213727075791016e-01 2.045253056906458866e+00 1.000000000000000056e-01
4.981000000000000227e+01 1.134179444110266777e-01 2.665046617019905389e-02 -1.000000000000000056e-01
4.982000000000000028e+01 1.135924712329240416e-01 1.175089194062798770e+00 -1.000000000000000056e-01
4.982999999999999829e+01 1.182652009668667403e-01 2.891502279476455328e+00 1.000000000000000056e-01
4.984000000000000341e+01 1.235312099724323182e-01 -2.751470193499100381e-01 -1.000000000000000056e-01
4.985000000000000142e+01 1.229850868117734752e-01 1.176263799526559017e+00 -1.000000000000000056e-01
4.985999999999999943e+01 1.267510355422417634e-01 8.800157680345896960e-01 -1.000000000000000056e-01
4.987000000000000455e+01 1.302977190966840837e-01 2.900629957711606810e+00 1.000000000000000056e-01
4.988000000000000256e+01 1.368885932067563926e-01 1.751681394509244649e+00 1.000000000000000056e-01
4.989000000000000057e+01 1.393556152260091996e-01 3.421106837496868530e-02 -1.000000000000000056e-01
4.989999999999999858e+01 1.399903778977072688e-01 1.186200497231922668e+00 -1.000000000000000056e-01
4.991000000000000369e+01 1.437173237367658785e-01 8.907026935565613979e-01 -1.000000000000000056e-01
4.992000000000000171e+01 1.472536930870214922e-01 2.911027717299785156e+00 1.000000000000000056e-01
4.992999999999999972e+01 1.536312633860430765e-01 1.762177640256138433e+00 1.000000000000000056e-01
4.993999999999999773e+01 1.561332145168888297e-01 4.310883466090187355e-02 -1.000000000000000056e-01
4.995000000000000284e+01 1.578073988429086194e-01 3.207997009256274179e+00 1.000000000000000056e-01
4.996000000000000085e+01 1.648214645202306927e-01 1.762730922294355462e+00 1.000000000000000056e-01
4.996999999999999886e+01 1.680438234149498888e-01 2.057175660699491981e+00 1.000000000000000056e-01
4.998000000000000398e+01 1.721009725995261697e-01 2.053780647840327322e+00 1.000000000000000056e-01
4.999000000000000199e+01 1.751489540541623924e-01 3.393190481958128363e-02 -1.000000000000000056e-01
5.000000000000000000e+01 1.757012817749649680e-01 1.180449580496596651e+00 -1.000000000000000056e-01
