1.000000000000000021e-02 2.344739304968443683e-01 1.696219570078827621e+00 2.739233746429087235e-02
2.000000000000000042e-02 2.368898631583229442e-01 1.203062974464830681e+00 -4.604265724722594183e-02
2.999999999999999889e-02 2.400770742104681998e-01 8.145368104740020598e-01 -9.180529521276106775e-02
4.000000000000000083e-02 2.421075414512710855e-01 9.520590785039385606e-01 -9.669447289429418391e-02
5.000000000000000278e-02 2.449424722549589928e-01 2.521276508851045595e+00 6.265404784005448868e-02
5.999999999999999778e-02 2.489337016684933790e-01 1.802117911105091785e+00 8.255111545554436048e-02
7.000000000000000666e-02 2.516458981796149130e-01 1.308077564789380975e+00 2.132715515343597268e-02
8.000000000000000167e-02 2.541569698158454571e-01 1.936162999955716169e+00 4.589931219679968533e-02
8.999999999999999667e-02 2.571294940808398488e-01 1.329578512202000296e+00 8.724998293084568202e-03
1.000000000000000056e-01 2.597058716111804166e-01 2.367111237542948832e+00 8.701448475755366174e-02
1.100000000000000006e-01 2.629644623488903155e-01 1.621091997664100948e+00 6.317071082430644746e-02
1.199999999999999956e-01 2.650648177325753418e-01 2.312519278988526272e-01 -9.945229996597038102e-02
1.300000000000000044e-01 2.668025301788590209e-01 2.849986451060209980e+00 7.148085531751388610e-02
1.400000000000000133e-01 2.700243523582304683e-01 -3.505529210295122572e-02 -9.328288493890712907e-02
1.499999999999999944e-01 2.714240362230152526e-01 2.568386488630838738e+00 4.593108928598882423e-02
1.600000000000000033e-01 2.744487062598575666e-01 4.066300480757108482e-01 -6.486887587948819700e-02
1.700000000000000122e-01 2.762186436775991849e-01 2.636998665031278666e+00 7.263578446997731586e-02
1.799999999999999933e-01 2.792206353359675264e-01 1.034877368046758894e+00 8.292244049818348062e-03
1.900000000000000022e-01 2.810453184556674922e-01 1.121159261428155585e+00 -4.005762189252304317e-02
2.000000000000000111e-01 2.831299939848827552e-01 1.551744389501785282e+00 -1.546255576046831615e-02
2.099999999999999922e-01 2.852211598733647713e-01 5.446814163112497775e-01 -9.433606577090741796e-02
2.200000000000000011e-01 2.869028680299247624e-01 1.230846539669272044e+00 -7.514334470008721123e-02
2.300000000000000100e-01 2.891889272889873741e-01 2.107170451540064882e+00 3.412488293872606437e-02
2.399999999999999911e-01 2.915269203745411986e-01 1.463013412158703508e+00 2.943790231485002296e-02
2.500000000000000000e-01 2.936192534342821903e-01 1.589787442390254268e+00 2.307702229625077650e-02
2.600000000000000089e-01 2.956573806690466211e-01 1.153213984263389946e+00 -2.326448914762331566e-02
2.700000000000000178e-01 2.976717859349976014e-01 2.647787561390326339e+00 9.944198715784222098e-02
2.800000000000000266e-01 3.000387763694101206e-01 1.842712095031108221e+00 9.616706775524602735e-02
2.899999999999999800e-01 3.020427969785708378e-01 1.445765111458971575e+00 3.710839689613892878e-02
2.999999999999999889e-01 3.038934583031837611e-01 1.705774900251541215e+00 3.009185525356325441e-02
3.099999999999999978e-01 3.057524461585300890e-01 1.732372205365314111e+00 3.768934611418800484e-02
3.200000000000000067e-01 3.075079492261120762e-01 1.071751486066752745e+00 -2.221571520417923995e-02
3.300000000000000155e-01 3.091140899148566712e-01 9.131462512080483762e-01 -7.298069899551776207e-02
3.400000000000000244e-01 3.107693858393731912e-01 2.297285882158713211e+00 4.429766803881635129e-02
3.500000000000000333e-01 3.123862594966434481e-01 1.152452813698298772e+00 5.070864495145183115e-03
3.599999999999999867e-01 3.140430761317561381e-01 1.118695794848324043e+00 -3.795162488820887081e-02
3.699999999999999956e-01 3.155843190233795781e-01 1.662467900538945553e+00 -2.832928233642187377e-03
3.800000000000000044e-01 3.170928308476717583e-01 2.211797921564200742e+00 7.789756686980006672e-02
3.900000000000000133e-01 3.186337975484714313e-01 1.890923165358440405e+00 8.680870319124994738e-02
4.000000000000000222e-01 3.201017578554321563e-01 7.973560523143210510e-01 -2.844096065818595143e-02
4.100000000000000311e-01 3.216984322810225727e-01 1.902614045789650765e+00 1.430596614595218419e-02
4.199999999999999845e-01 3.228946380330289800e-01 9.821819357470229495e-01 -3.562612178481157355e-02
4.299999999999999933e-01 3.243187862438772773e-01 1.882436754357691866e+00 1.886000603993935598e-02
4.400000000000000022e-01 3.254775382982346699e-01 9.782594749917200572e-01 -3.241775489857334769e-02
4.500000000000000111e-01 3.269004755115308414e-01 1.463552653732788533e+00 -2.167619989436775363e-02
4.600000000000000200e-01 3.279910098071853741e-01 2.331899529987988551e+00 7.805487040095845930e-02
4.700000000000000289e-01 3.289506175233006813e-01 4.390150020427198707e-01 -5.456848129332406150e-02
4.799999999999999822e-01 3.305727169122043008e-01 2.149153747537805970e+00 2.463742893720848037e-02
4.899999999999999911e-01 3.312958234889473164e-01 4.104953803258471479e-01 -8.319693128352304012e-02
5.000000000000000000e-01 3.327226330503376683e-01 2.660095533680674862e+00 6.652882953067956739e-02
5.100000000000000089e-01 3.330592934166789476e-01 1.547947992621356628e+00 5.741966149773666817e-02
5.200000000000000178e-01 3.343477318082913596e-01 7.189032153907604084e-01 -5.212611140140957500e-02
5.300000000000000266e-01 3.355734812477879081e-01 2.619463722332465050e+00 7.529684616214077364e-02
5.400000000000000355e-01 3.358212135020383626e-01 7.618533942336273845e-02 -8.828639303896113066e-02
5.500000000000000444e-01 3.376734187754442118e-01 1.767029923292256610e+00 -3.277658789086793090e-02
5.600000000000000533e-01 3.380154489199083678e-01 8.301925100396853052e-01 -6.994410662103218990e-02
5.700000000000000622e-01 3.390719481071249319e-01 1.734511336791428660e+00 -9.932126670142607527e-03
5.799999999999999600e-01 3.393580489474956052e-01 2.033440838477905022e+00 5.926485405745884893e-02
5.899999999999999689e-01 3.398566237795918044e-01 5.864093069531410851e-01 -5.387155820125051620e-02
5.999999999999999778e-01 3.413704390334461602e-01 9.812652695488343069e-01 -8.959573978711808662e-02
6.099999999999999867e-01 3.419725637130086593e-01 1.731575875684751464e+00 -1.908963203569435940e-02
6.199999999999999956e-01 3.421016048786209574e-01 8.603831236310152120e-01 -6.029739109814893916e-02
6.300000000000000044e-01 3.431974832067040126e-01 9.881581055253624291e-01 -8.184939087617562614e-02
6.400000000000000133e-01 3.436738335110121612e-01 2.041056279006957297e+00 1.606647719737012980e-02
6.500000000000000222e-01 3.434520258334129994e-01 8.812183040778557297e-01 -4.026077343621548010e-02
6.600000000000000311e-01 3.443557224715512732e-01 2.105724565683670058e+00 3.439897559127186311e-02
6.700000000000000400e-01 3.440829486679935489e-01 6.420251042808843289e-01 -6.009691120635734379e-02
6.800000000000000488e-01 3.450109686912927742e-01 2.794333544828379257e+00 8.842262210129955835e-02
6.900000000000000577e-01 3.439134348689887322e-01 6.391958795247398850e-01 -2.697796635103429097e-02
7.000000000000000666e-01 3.455438207161362629e-01 9.965442994384773323e-01 -7.890094408595410558e-02
7.099999999999999645e-01 3.457058171372427990e-01 2.178843088651349458e+00 2.582163030794185077e-02
7.199999999999999734e-01 3.446255731047466186e-01 2.102823889515020195e+00 8.543091061357349636e-02
7.299999999999999822e-01 3.445244302298741679e-01 9.337048434349120019e-01 -1.192456905684320667e-02
7.399999999999999911e-01 3.452577168555536202e-01 2.614435667117043227e+00 9.091809873814746257e-02
7.500000000000000000e-01 3.439776993282338546e-01 9.629327272011947159e-01 -2.083726247059658476e-05
7.600000000000000089e-01 3.450928416899207152e-01 1.482434699411666168e+00 -1.495427503018489923e-02
7.700000000000000178e-01 3.447248258877112503e-01 1.823859459236454983e+00 2.404269040307556449e-02
7.800000000000000266e-01 3.439483984095828562e-01 2.332126706416238537e+00 9.901930104706482827e-02
7.900000000000000355e-01 3.429565954399285133e-01 1.864991998904875548e+00 8.978873498755307603e-02
8.000000000000000444e-01 3.430710907790127107e-01 1.039281047263149960e+00 -7.990972138180785223e-03
8.100000000000000533e-01 3.435014936941743757e-01 2.182540473759300603e+00 5.154576906165828087e-02
8.200000000000000622e-01 3.422720741451401039e-01 1.168467804547836497e+00 -5.154609024762002445e-04
8.300000000000000711e-01 3.427363756534351213e-01 1.616892864782506267e+00 5.862432039354076307e-03
8.399999999999999689e-01 3.419456438970087109e-01 2.017885289266040161e+00 5.715714014276149224e-02
8.499999999999999778e-01 3.411199088772137178e-01 9.830497901873364031e-01 -1.706883012886584172e-02
8.599999999999999867e-01 3.415330256199045622e-01 2.128845740746057480e+00 4.689671435774586672e-02
8.699999999999999956e-01 3.399021169837868617e-01 1.603403459906236117e+00 4.222857559794995774e-02
8.800000000000000044e-01 3.394030736466230325e-01 2.169350196090237048e+00 8.641193732267565819e-02
8.900000000000000133e-01 3.385549963598907808e-01 2.602705122395398973e-01 -7.701347334381897225e-02
9.000000000000000222e-01 3.398029335471802748e-01 2.502519889783966001e+00 4.580302341526187870e-02
9.100000000000000311e-01 3.367863413292451202e-01 1.952809967120076484e+00 8.548478572491199912e-02
9.200000000000000400e-01 3.358393023339463213e-01 1.987920755307577503e+00 9.358523798492929258e-02
9.300000000000000488e-01 3.354646077709573238e-01 7.763968788235994789e-02 -9.705873900692614520e-02
9.400000000000000577e-01 3.367258547464171414e-01 2.896790057250248740e+00 7.272801804911516177e-02
9.500000000000000666e-01 3.326514710074107706e-01 1.873090203883409188e+00 9.623900801326887300e-02
9.599999999999999645e-01 3.319433339240848713e-01 1.940552350601609799e+00 9.144203592219271592e-02
9.699999999999999734e-01 3.314096132684342111e-01 3.723040500261878272e-01 -7.024719755350042338e-02
9.799999999999999822e-01 3.321037867072194061e-01 2.954926279139248990e+00 9.452576276459098703e-02
9.899999999999999911e-01 3.279293638512202902e-01 1.598986906325294832e+00 7.798711114410414313e-02
1.000000000000000000e+00 3.277127132264022191e-01 1.801154220329618028e+00 6.447476550861408473e-02
1.010000000000000009e+00 3.266985316700231623e-01 1.162948951585727198e+00 -4.002415238433559841e-03
1.020000000000000018e+00 3.267261609487399077e-01 1.037890624137976614e+00 -5.352541607213923136e-02
1.030000000000000027e+00 3.258136320639962724e-01 2.369649976544947023e+00 6.037611574366158473e-02
1.040000000000000036e+00 3.224841374624520807e-01 1.885055179242585144e+00 8.470603195669390573e-02
1.050000000000000044e+00 3.217731035965765152e-01 5.902517348369525907e-01 -4.677394554154148953e-02
1.060000000000000053e+00 3.224640146003044938e-01 1.935450834444472967e+00 7.786881524437377911e-03
1.070000000000000062e+00 3.197828617883483604e-01 1.232652341303208887e+00 -1.144943420509370036e-02
1.080000000000000071e+00 3.186906020283105101e-01 2.411255155757037194e+00 8.620346319623101161e-02
1.090000000000000080e+00 3.161786875653461171e-01 2.663202026200898326e-02 -9.189785776231307324e-02
1.100000000000000089e+00 3.177605562993022770e-01 2.596317277787204780e+00 4.640123913131216637e-02
1.110000000000000098e+00 3.131046795422692819e-01 1.296767431657526393e+00 2.287464938979932860e-02
1.120000000000000107e+00 3.132342922364227400e-01 4.608361934532206883e-01 -9.432692697729579134e-02
1.130000000000000115e+00 3.131666625568703122e-01 2.497323655529812392e+00 4.384395456534806446e-02
1.140000000000000124e+00 3.092444401662756137e-01 1.103314880008843951e-01 -9.680165409528561360e-02
1.150000000000000133e+00 3.104658367430209176e-01 2.628373880243509930e+00 5.159020047128562436e-02
1.159999999999999920e+00 3.054830761428352082e-01 1.069583294831066178e+00 2.551744652415616210e-03
1.169999999999999929e+00 3.048805607813625529e-01 2.414833591277699476e+00 8.582084415940124944e-02
1.179999999999999938e+00 3.016787574706185082e-01 1.240764924643348449e-01 -8.678350065518505851e-02
1.189999999999999947e+00 3.028316563184410004e-01 2.807175724986390897e+00 6.826345592247665128e-02
1.199999999999999956e+00 2.977072898694350656e-01 9.566383859166416315e-02 -8.666199824657971895e-02
1.209999999999999964e+00 2.996843988098487066e-01 1.782475513701357261e+00 -3.113800423917496840e-02
1.219999999999999973e+00 2.959577345175024021e-01 1.405216577696154934e+00 -1.394025361043334243e-02
1.229999999999999982e+00 2.934997985988856417e-01 2.470755864764829113e+00 9.321241615681405412e-02
1.239999999999999991e+00 2.894593548522877979e-01 1.066393473844621020e+00 1.244636844569139977e-02
1.250000000000000000e+00 2.896095092816785566e-01 1.080192020448425216e+00 -4.822708136581355109e-02
1.260000000000000009e+00 2.883015426288271232e-01 1.275503107782841150e+00 -5.166485718113100756e-02
1.270000000000000018e+00 2.854473974934841340e-01 2.508817336526603547e+00 7.762366413183596769e-02
1.280000000000000027e+00 2.811852457781065517e-01 4.251044140882164757e-01 -5.482611431653512668e-02
1.290000000000000036e+00 2.826760985922449065e-01 1.177846679041337774e+00 -7.508905883294331174e-02
1.300000000000000044e+00 2.802818865194031117e-01 1.428332580865331103e+00 -4.233384859848448450e-02
1.310000000000000053e+00 2.772052385544999664e-01 1.811993578609539135e+00 1.722461296254655660e-02
1.320000000000000062e+00 2.738986590387588738e-01 1.455035097416777390e+00 1.081810043465356030e-02
1.330000000000000071e+00 2.714869483828289964e-01 2.096797286099352675e+00 6.194215518255555275e-02
1.340000000000000080e+00 2.677481821997332867e-01 1.291134748734946047e+00 1.209519040123716027e-02
1.350000000000000089e+00 2.666829954171348604e-01 1.105482508554033849e+00 -4.231575711375790139e-02
1.360000000000000098e+00 2.649419241234904909e-01 1.594900138466043726e+00 -1.742073146382146220e-02
1.370000000000000107e+00 2.612271810745166456e-01 2.187115401369609469e+00 6.362419419418208211e-02
1.380000000000000115e+00 2.570731807697314020e-01 1.371286414366305717e+00 2.530129248395068808e-02
1.390000000000000124e+00 2.550544121260422958e-01 2.380917251252606892e+00 9.181552853948846127e-02
1.400000000000000133e+00 2.508499802946960733e-01 7.516252553320804664e-01 -2.611911778166382814e-02
1.409999999999999920e+00 2.508615989912649780e-01 1.895942765273947339e+00 1.052230210425744716e-02
1.419999999999999929e+00 2.465570670641701045e-01 1.590937401928956385e+00 1.878484032263365300e-02
1.429999999999999938e+00 2.435912135811970913e-01 2.108963577971235459e+00 6.965824165501199872e-02
1.439999999999999947e+00 2.403861171803320929e-01 4.106146959683660280e-01 -7.090529236269366153e-02
1.449999999999999956e+00 2.409753995840753782e-01 1.820835813254467306e+00 -1.869793265037467123e-02
1.459999999999999964e+00 2.357923462744244691e-01 2.324306899117130953e+00 8.199179233245940113e-02
1.469999999999999973e+00 2.320380570106268803e-01 7.541780735720142459e-02 -9.138662228635917317e-02
1.479999999999999982e+00 2.329854851747883426e-01 2.795393734188294399e+00 6.454125603630039842e-02
1.489999999999999991e+00 2.259202030486616997e-01 8.178605028062336801e-01 -1.692319252575506805e-02
1.500000000000000000e+00 2.253705133037166297e-01 2.354552289501322448e+00 6.596079705562055140e-02
1.510000000000000009e+00 2.207823454720683753e-01 1.035380918845202891e-01 -9.800908783854161976e-02
1.520000000000000018e+00 2.220249668919954955e-01 1.888406260365497635e+00 -2.699076844834587263e-02
1.530000000000000027e+00 2.172236622334502987e-01 6.575841079393014432e-01 -8.427399256687202744e-02
1.540000000000000036e+00 2.158868673459053422e-01 2.253509151014732925e+00 3.052291526732769933e-02
1.550000000000000044e+00 2.104675822763228399e-01 7.443043637433404136e-01 -4.523018028008856523e-02
1.560000000000000053e+00 2.094611918448932852e-01 2.217951290832022249e+00 4.053041413195726528e-02
1.570000000000000062e+00 2.032934337969728722e-01 2.098193462477055959e+00 8.876028538841815307e-02
1.580000000000000071e+00 2.000552358057735014e-01 3.019661564127378295e-01 -7.463657954775045067e-02
1.590000000000000080e+00 1.999634449395956970e-01 2.800612406736604054e+00 7.295565908015483325e-02
1.600000000000000089e+00 1.930991327571849880e-01 8.440079064252277441e-02 -8.810716967993231785e-02
1.610000000000000098e+00 1.945787623667127320e-01 1.879167226948068370e+00 -2.384589833782210788e-02
1.620000000000000107e+00 1.890590903853105464e-01 1.367284748729812982e+00 -1.404518776428467786e-02
1.630000000000000115e+00 1.861828841877247454e-01 1.526442322984790767e+00 -2.230090633307146852e-03
1.640000000000000124e+00 1.820272305052084427e-01 2.456069520447343724e+00 9.529246438720892498e-02
1.650000000000000133e+00 1.761921385878351398e-01 1.508062674557440364e+00 5.513823762036568210e-02
1.660000000000000142e+00 1.744433466832046309e-01 9.411475697986354527e-01 -3.822852745614779835e-02
1.669999999999999929e+00 1.729647583488081453e-01 1.338003102873934536e+00 -4.603264289983997198e-02
1.679999999999999938e+00 1.687425070486593126e-01 2.438699197593772183e+00 7.262404083786355713e-02
1.689999999999999947e+00 1.623242804725140154e-01 1.780391365316881247e+00 7.626143454753797624e-02
1.699999999999999956e+00 1.596021102610226394e-01 1.186734853920031751e+00 2.141301108729051772e-03
1.709999999999999964e+00 1.578547239716589501e-01 1.280535315011610997e+00 -3.114085380753495169e-02
1.719999999999999973e+00 1.539600997943815497e-01 2.671266792671508572e+00 9.898346963218357386e-02
1.729999999999999982e+00 1.478500114789577102e-01 5.035792620204728731e-01 -3.681129092645996082e-02
1.739999999999999991e+00 1.487116711073263320e-01 1.208328015550218737e+00 -6.345752421468750515e-02
1.750000000000000000e+00 1.444799537223823149e-01 2.563769141289164111e+00 7.601962426081396162e-02
1.760000000000000009e+00 1.375139799058192058e-01 1.584477195864076871e+00 6.246707962225081512e-02
1.770000000000000018e+00 1.350411261312883526e-01 1.577452491379860211e+00 3.357788111427023603e-02
1.780000000000000027e+00 1.312116754965310383e-01 2.306930713172245628e+00 9.168272635559038264e-02
1.790000000000000036e+00 1.255558050512098900e-01 1.862031388804977983e+00 8.514291544288374314e-02
1.800000000000000044e+00 1.221254097323479643e-01 1.625058142445397369e+00 4.964970066035082064e-02
1.810000000000000053e+00 1.186977524602685630e-01 2.042068942486960470e+00 7.214028190953555852e-02
1.820000000000000062e+00 1.148300190736605553e-01 6.201664405373563671e-01 -5.057065193557850474e-02
1.830000000000000071e+00 1.147056718014712040e-01 1.145392244735213394e+00 -7.175068861979368162e-02
1.840000000000000080e+00 1.109278939225230021e-01 2.149263989328129121e+00 3.401236986298719622e-02
1.850000000000000089e+00 1.049912031962257769e-01 1.597613338221803181e+00 4.292370733095055013e-02
1.860000000000000098e+00 1.025911755944968196e-01 6.012194861903881193e-01 -6.658941424354555827e-02
1.870000000000000107e+00 1.015486211825469554e-01 1.708472352395148164e+00 -2.088854537902480601e-02
1.880000000000000115e+00 9.580002406055439235e-02 2.319864161830091920e+00 8.205115324321096693e-02
1.890000000000000124e+00 9.030167513717102246e-02 1.092862062072865292e+00 1.228015351004459188e-02
1.900000000000000133e+00 8.861856075344340389e-02 1.682992580566711416e+00 1.566718298525453246e-02
1.910000000000000142e+00 8.473807074510486537e-02 7.859098293338349084e-01 -6.117404542184128741e-02
1.919999999999999929e+00 8.273869773215651591e-02 1.904754175500754876e+00 5.204449723575033104e-03
1.929999999999999938e+00 7.723478429951576019e-02 1.402776856717684151e+00 4.686945478983989277e-03
1.939999999999999947e+00 7.465338090918743896e-02 6.309469553364743799e-01 -8.221287195074561405e-02
1.949999999999999956e+00 7.208578350088033770e-02 2.932697054583053742e+00 9.638853862534124683e-02
1.959999999999999964e+00 6.394307653576311590e-02 9.468876922950293373e-01 1.427912009115488157e-02
1.969999999999999973e+00 6.369938911733119546e-02 5.487510041121497206e-01 -9.871822346713797491e-02
1.979999999999999982e+00 6.121861939341213810e-02 2.622615337976109462e+00 5.452984024507773197e-02
1.989999999999999991e+00 5.294676091051641470e-02 1.985773706668768845e+00 9.565314276802913684e-02
2.000000000000000000e+00 4.908904033792087229e-02 1.194377775548935539e+00 1.797400566419009305e-02
2.010000000000000231e+00 4.715754256560800162e-02 1.157338274067298833e+00 -3.606367274346700125e-02
2.020000000000000018e+00 4.429610837073454099e-02 1.086413027430780387e+00 -6.249845685444302412e-02
2.030000000000000249e+00 4.062485329345615764e-02 2.136181782100905924e+00 3.450532678337386860e-02
2.040000000000000036e+00 3.518617561933654742e-02 5.759610804364342362e-01 -6.097852030863899764e-02
2.049999999999999822e+00 3.391483882676185613e-02 2.043277189948962125e+00 1.553757850357184722e-02
2.060000000000000053e+00 2.775496731154509372e-02 1.509716836909717808e+00 2.044783527592515526e-02
2.069999999999999840e+00 2.363536765849300059e-02 2.321955721424663110e+00 9.248461862487619700e-02
2.080000000000000071e+00 1.876514943208081737e-02 1.206362358493184572e-01 -8.554694689402464469e-02
2.089999999999999858e+00 1.881062903618607382e-02 2.115696170521640607e+00 -5.435268276302029911e-06
2.100000000000000089e+00 1.186008881368946256e-02 1.848582298502645660e+00 4.881949585652964330e-02
2.109999999999999876e+00 7.979060438814935402e-03 5.528638307276217967e-01 -6.455465190506823325e-02
2.120000000000000107e+00 6.845098616942100686e-03 1.704172858371365784e+00 -2.238665364309615213e-02
2.129999999999999893e+00 2.050350508322839379e-03 6.372438763709932230e-01 -8.742090030900573350e-02
2.140000000000000124e+00 -4.541180294635563689e-04 2.413653870100962440e+00 4.517617275515534159e-02
2.149999999999999911e+00 -6.750013781260174629e-03 2.674320363573525206e-01 -8.244642264810264631e-02
2.160000000000000142e+00 -7.209817472762662660e-03 1.822339700278132968e+00 -2.098165832840648282e-02
2.169999999999999929e+00 -1.362322229683974630e-02 2.242972098347641996e+00 7.470452622414644472e-02
2.180000000000000160e+00 -1.904063569152398758e-02 9.764181944900750532e-01 -5.539932649997705849e-03
2.189999999999999947e+00 -2.160841860198979211e-02 2.467543232703172773e+00 8.252438672817713483e-02
2.200000000000000178e+00 -2.826140988140596680e-02 1.545258461283896656e+00 5.318342354777447212e-02
2.209999999999999964e+00 -3.180670132205173917e-02 2.143727806966853056e+00 8.306479202235317327e-02
2.220000000000000195e+00 -3.617593241680144844e-02 3.376091327669432096e-01 -7.451939819021874412e-02
2.229999999999999982e+00 -3.646523719982004003e-02 1.178178985637212683e+00 -8.528741893387359330e-02
2.240000000000000213e+00 -4.021839951720733441e-02 9.975904036426276322e-01 -8.593474928615639497e-02
2.250000000000000000e+00 -4.435885314882588581e-02 2.595678193514869836e+00 7.377085886946385673e-02
2.260000000000000231e+00 -5.115008974970933903e-02 1.202245790287303162e+00 2.681399586948865488e-02
2.270000000000000018e+00 -5.334836265432699870e-02 1.432966960105247711e+00 -6.856612402293960074e-04
2.280000000000000249e+00 -5.675651776198598064e-02 8.501069080068824890e-01 -6.729131676070394807e-02
2.290000000000000036e+00 -5.978441904594917339e-02 2.221675977034198279e+00 3.474668754545473526e-02
2.300000000000000266e+00 -6.556859978783295684e-02 8.185239681965041925e-01 -3.639652243084039174e-02
2.310000000000000053e+00 -6.782732359462094462e-02 2.171971124607209536e+00 4.217597265318898114e-02
2.319999999999999840e+00 -7.346684363220673530e-02 1.108722135395423081e+00 -7.928934226535039320e-03
2.330000000000000071e+00 -7.605658083337171749e-02 1.608582753654905773e+00 1.493972108905422536e-03
2.339999999999999858e+00 -8.072781819445042084e-02 2.047975648292319040e+00 5.793314649197409127e-02
2.350000000000000089e+00 -8.503544254323171236e-02 3.320903001350428152e-01 -8.145090489532386124e-02
2.359999999999999876e+00 -8.629530775042387747e-02 2.197278640591834087e+00 1.575170066470051033e-02
2.370000000000000107e+00 -9.206407704311618534e-02 6.607472688345470413e-01 -6.055301054082629086e-02
2.379999999999999893e+00 -9.433246747993852266e-02 2.476655202031496472e+00 6.162735036271363431e-02
2.390000000000000124e+00 -1.005336572135541590e-01 1.016497056272416710e+00 -2.230792774148018798e-03
2.399999999999999911e+00 -1.032353740148903992e-01 2.572236058077624232e+00 9.773906667356394018e-02
2.410000000000000142e+00 -1.087513127882225039e-01 2.778160121176682096e-01 -6.341133506485625848e-02
2.419999999999999929e+00 -1.099678609335556778e-01 2.923707454087081992e+00 9.260382802485345177e-02
2.430000000000000160e+00 -1.173362631716478033e-01 1.459235815723032292e+00 6.018340732172181018e-02
2.439999999999999947e+00 -1.197848884383392182e-01 1.230288180427454803e+00 -3.747900684946278704e-03
2.450000000000000178e+00 -1.230730141726048277e-01 2.216360050405378868e+00 6.270681283592710598e-02
2.459999999999999964e+00 -1.281559901134294022e-01 1.312499113295082065e+00 2.056978104822326792e-02
2.470000000000000195e+00 -1.309744625541315877e-01 1.756361329189440212e+00 3.102421279827605183e-02
2.479999999999999982e+00 -1.353664779872490731e-01 2.152103630225084441e+00 8.273815254147778853e-02
2.490000000000000213e+00 -1.392274446827467815e-01 1.582981330435046519e-01 -8.694591671774172525e-02
2.500000000000000000e+00 -1.403720423855538968e-01 2.761839980942769390e+00 6.699764079168010755e-02
2.510000000000000231e+00 -1.466791555055498852e-01 7.080985546057455560e-01 -2.363704400675223360e-02
2.520000000000000018e+00 -1.479522117159719763e-01 1.346059778930601247e+00 -3.489087677985912295e-02
2.530000000000000249e+00 -1.521193881861145347e-01 2.622643864841508243e+00 9.880535424199685113e-02
2.540000000000000036e+00 -1.577433471072460791e-01 1.407233343520980950e+00 5.623810041527563253e-02
2.550000000000000266e+00 -1.601326331956179905e-01 1.254568479553266558e+00 -2.892972244082442357e-03
2.560000000000000053e+00 -1.629804058473494355e-01 1.404241289688127337e+00 -1.547432071504376005e-02
2.569999999999999840e+00 -1.667732744960628566e-01 2.305011415747044268e+00 7.550578117435921555e-02
2.580000000000000071e+00 -1.710498188042793855e-01 1.686662012272738542e-01 -8.263702555702118202e-02
2.589999999999999858e+00 -1.721655130431880565e-01 2.469140186904537959e+00 4.168375138277319314e-02
2.600000000000000089e+00 -1.779362136729465138e-01 1.679074157311923443e+00 5.783092474102921599e-02
2.609999999999999876e+00 -1.812797949961932331e-01 1.791633201294332123e+00 5.983927594322296928e-02
2.620000000000000107e+00 -1.845055028298684952e-01 8.428232851461860964e-01 -3.554265505203364761e-02
2.629999999999999893e+00 -1.869470687008151777e-01 2.351007339507191318e+00 5.932783654921092165e-02
2.640000000000000124e+00 -1.915005471044395058e-01 5.109370922779395974e-01 -5.493431162486697716e-02
2.649999999999999911e+00 -1.928979589326972055e-01 1.588469162946501090e+00 -2.753840990308618897e-02
2.660000000000000142e+00 -1.967458763975417912e-01 1.371788858520272436e+00 -1.651037755912403149e-02
2.669999999999999929e+00 -1.999604652702889063e-01 1.600850521367252588e+00 8.281996726032914147e-03
2.680000000000000160e+00 -2.030946925221878696e-01 6.123083120240233601e-01 -7.747726689188856597e-02
2.689999999999999947e+00 -2.051651731907573606e-01 1.740417877792529433e+00 -1.861043987213877038e-02
2.700000000000000178e+00 -2.088625916396716353e-01 4.558869544453330591e-01 -9.993986197861542964e-02
2.709999999999999964e+00 -2.110985939658222565e-01 2.517314160453834937e+00 4.887614526947980931e-02
2.720000000000000195e+00 -2.163222197938000912e-01 1.755873923136086479e+00 7.037518244685139757e-02
2.729999999999999982e+00 -2.190937295529705453e-01 4.186315622629514510e-01 -7.221366417596049303e-02
2.740000000000000213e+00 -2.209498877920888504e-01 2.411769821506442479e+00 4.075715385335956786e-02
2.750000000000000000e+00 -2.258469237874713709e-01 1.785656917907882502e+00 6.422061767892775497e-02
2.760000000000000231e+00 -2.292058399965590521e-01 2.142638679089779341e+00 9.636566457435877253e-02
2.770000000000000018e+00 -2.328265191800213685e-01 1.712839208706739669e+00 6.875811247374535862e-02
2.780000000000000249e+00 -2.355749373777658584e-01 1.071098203908819935e+00 -1.517870291119742532e-02
2.790000000000000036e+00 -2.382120515661458604e-01 2.629620904358582756e+00 9.593774170193131168e-02
2.800000000000000266e+00 -2.426250009380096218e-01 1.851301876898888699e+00 9.479688097047103690e-02
2.810000000000000053e+00 -2.452797548487959112e-01 1.071817596032034414e+00 7.353958401157961733e-04
2.819999999999999840e+00 -2.475546999658934100e-01 2.111173490412278753e+00 5.068930771678104019e-02
2.830000000000000071e+00 -2.511913684529371582e-01 2.003793722611930228e+00 8.276753353463259244e-02
2.839999999999999858e+00 -2.541404851842823387e-01 1.009119877218811245e+00 -4.770585606249391764e-03
2.850000000000000089e+00 -2.563197707375567957e-01 2.339725955145909975e+00 7.275724821941698117e-02
2.859999999999999876e+00 -2.598905043692457673e-01 1.433806300979780790e+00 4.031371321237456340e-02
2.870000000000000107e+00 -2.620769998303427717e-01 9.139932296103033815e-01 -4.121514880508847511e-02
2.879999999999999893e+00 -2.643233677385602998e-01 2.289846504970060259e+00 5.353045399669473237e-02
2.890000000000000124e+00 -2.677229881311944948e-01 1.224595333666421038e+00 1.413695717189981937e-02
2.899999999999999911e+00 -2.696802627287996357e-01 6.341520075271916967e-01 -8.123096931333875781e-02
2.910000000000000142e+00 -2.716152209910077664e-01 1.728348118170224934e+00 -2.172391473906716552e-02
2.919999999999999929e+00 -2.744231774391394096e-01 6.050725467812865244e-01 -8.525179732043881853e-02
2.930000000000000160e+00 -2.763874017468420097e-01 1.877967820359733642e+00 -4.766607356600879863e-03
2.939999999999999947e+00 -2.793510702300537329e-01 1.224710924870144657e+00 -1.429207837141524551e-02
2.950000000000000178e+00 -2.816104454652566536e-01 1.394728629244559537e+00 -1.525251140591052379e-02
2.959999999999999964e+00 -2.840860487391722033e-01 1.716786393556593904e+00 1.726007071815686966e-02
2.970000000000000195e+00 -2.865647786775195049e-01 5.965899201659536910e-01 -7.546186796478532299e-02
2.979999999999999982e+00 -2.886074264563127656e-01 2.818248049580781789e+00 8.675378199136854485e-02
2.990000000000000213e+00 -2.918771237422055909e-01 1.241462676232706341e+00 3.681008961500659149e-02
3.000000000000000000e+00 -2.939375177156891006e-01 2.053227608525036718e+00 6.475627167855432798e-02
3.010000000000000231e+00 -2.965133594595869004e-01 1.963989746299674488e+00 7.936024645275197020e-02
3.020000000000000018e+00 -2.988775830413757939e-01 1.288693716866689654e+00 1.666400938469518589e-02
3.030000000000000249e+00 -3.007660913475025399e-01 5.763135288065798223e-01 -9.195635581907986300e-02
3.040000000000000036e+00 -3.026786437034245103e-01 2.461267042909956793e+00 4.229736482355159199e-02
3.050000000000000266e+00 -3.052999621635903993e-01 1.237110603705797729e+00 1.380517085267163324e-02
3.060000000000000053e+00 -3.072860385425018603e-01 2.119387508621573879e+00 6.519144443407984268e-02
3.070000000000000284e+00 -3.095080995420403935e-01 1.188310399617792612e+00 6.432094694868828455e-03
3.080000000000000071e+00 -3.114095760649117639e-01 2.169471146589313282e+00 6.264881907283847973e-02
3.089999999999999858e+00 -3.135874609141454661e-01 2.127021369829075415e+00 9.940205861449835645e-02
3.100000000000000089e+00 -3.156127948389506610e-01 6.953977524222170192e-01 -2.988903772642237389e-02
3.109999999999999876e+00 -3.173176198553451233e-01 1.133428265130136836e+00 -6.579571199586517483e-02
3.120000000000000107e+00 -3.190624911642199746e-01 1.592226872807970706e+00 -2.166504010921943557e-02
3.129999999999999893e+00 -3.210455039432295044e-01 2.012906431000359042e+00 5.060999797313528448e-02
3.140000000000000124e+00 -3.228826203244768989e-01 1.030510926971196284e+00 -1.215421362833871144e-02
3.149999999999999911e+00 -3.245968600362887924e-01 1.802438450863658836e+00 1.767602188584296852e-02
3.160000000000000142e+00 -3.263173064627049591e-01 6.092283171381812634e-01 -7.452830561566579914e-02
3.169999999999999929e+00 -3.279955977257936750e-01 2.395243657247154268e+00 4.522470218679605636e-02
3.180000000000000160e+00 -3.296220553029945433e-01 6.685602802092422969e-01 -4.398351962670010717e-02
3.189999999999999947e+00 -3.313528209289522408e-01 1.185387982624779291e+00 -6.187648791919635877e-02
3.200000000000000178e+00 -3.327807031957446537e-01 2.511559787335741589e+00 7.258999971663890327e-02
3.209999999999999964e+00 -3.342780870540270066e-01 1.108850264149459308e+00 1.288256422411881985e-02
3.220000000000000195e+00 -3.358722952306459342e-01 1.494328587581563728e+00 -3.100211530749935607e-03
3.229999999999999982e+00 -3.372348616956882816e-01 2.332220278444468331e+00 7.976475304969690705e-02
3.240000000000000213e+00 -3.385810670740492245e-01 1.935191938678280932e-01 -8.279751278779948209e-02
3.250000000000000000e+00 -3.402634194129372514e-01 2.484999980594488900e+00 3.923089006817853663e-02
3.260000000000000231e+00 -3.412405517792415632e-01 7.961888087075150722e-01 -3.440354204707950225e-02
3.270000000000000018e+00 -3.429351312814528097e-01 1.097504765205300714e+00 -6.491805000298378481e-02
3.280000000000000249e+00 -3.440796605454427004e-01 2.170667027284602923e+00 3.495972999345578480e-02
3.290000000000000036e+00 -3.451083430962209597e-01 9.216328522765766529e-01 -2.743560982741277687e-02
3.300000000000000266e+00 -3.465908380642986342e-01 1.366267301766602937e+00 -3.402083350121283545e-02
3.310000000000000053e+00 -3.475346069016068684e-01 2.548600663204787065e+00 8.873555304583755077e-02
3.320000000000000284e+00 -3.482949323373631390e-01 3.322619766665588226e-01 -6.014033186410277371e-02
3.330000000000000071e+00 -3.500017791743693096e-01 2.005036337984359207e+00 2.434731567547004927e-03
3.339999999999999858e+00 -3.506721829689865011e-01 4.386152568941857899e-01 -9.519735986573014952e-02
3.350000000000000089e+00 -3.522845353937117951e-01 1.379123729023054690e+00 -6.732638177260877321e-02
3.359999999999999876e+00 -3.528264967433783483e-01 2.524813710308164705e+00 7.668374672671238179e-02
3.370000000000000107e+00 -3.530409364121533944e-01 1.547971617802055500e+00 5.784950965053525795e-02
3.379999999999999893e+00 -3.541222718634320921e-01 1.402753049060641244e+00 1.136709801079804905e-02
3.390000000000000124e+00 -3.551039646621518275e-01 9.680568748332888385e-01 -5.550932080172794880e-02
3.399999999999999911e+00 -3.560724888552966871e-01 1.959816571740502056e+00 1.154951652426128295e-02
3.410000000000000142e+00 -3.565342413341318073e-01 3.744144186823702980e-01 -9.757069477727749185e-02
3.419999999999999929e+00 -3.579000255668930430e-01 2.516946676893332402e+00 4.259872618758414609e-02
3.430000000000000160e+00 -3.573818840800904728e-01 1.554109962712488358e+00 4.335013611274562972e-02
3.439999999999999947e+00 -3.582047082543659555e-01 1.616017540624151705e+00 2.920900471327098069e-02
3.450000000000000178e+00 -3.586502220528805518e-01 1.627661354358009405e+00 2.226773685504024325e-02
3.459999999999999964e+00 -3.593330275653159878e-01 5.623854316187743008e-01 -8.525671347509250486e-02
3.470000000000000195e+00 -3.606112146052991019e-01 1.519546232974493982e+00 -5.071880618980489225e-02
3.479999999999999982e+00 -3.605590073874033186e-01 1.821231199544429691e+00 1.487560961958638017e-02
3.490000000000000213e+00 -3.606899274025966440e-01 1.132559763448124590e+00 -2.116264679422048822e-02
3.500000000000000000e+00 -3.611548233579100486e-01 2.642994996691335530e+00 9.840464571628901314e-02
3.510000000000000231e+00 -3.601037526648936948e-01 1.763759132657548800e+00 8.474907147503626947e-02
3.520000000000000018e+00 -3.608738407871318610e-01 4.632481371927736347e-01 -6.959841949549259998e-02
3.530000000000000249e+00 -3.620946542234724230e-01 2.211736263525346580e+00 1.799211852990614813e-02
3.540000000000000036e+00 -3.610037794722528171e-01 1.690487678226124002e+00 3.924302122069131538e-02
3.550000000000000266e+00 -3.615095487513260153e-01 5.696670905143833563e-01 -7.269131713982278364e-02
3.560000000000000053e+00 -3.627012834676854869e-01 1.600067328366857611e+00 -3.748087057976574876e-02
3.570000000000000284e+00 -3.619974304370553453e-01 2.043032166471213440e+00 4.318356938509887444e-02
3.580000000000000071e+00 -3.611736273603109448e-01 2.004737166250209146e+00 8.022161868456731404e-02
3.589999999999999858e+00 -3.610746360795892285e-01 7.838135989106836954e-01 -3.165146995877295144e-02
3.600000000000000089e+00 -3.622362287885918519e-01 1.274827603082782757e+00 -5.221125766174388588e-02
3.609999999999999876e+00 -3.616215296730572182e-01 2.400923370010841662e+00 6.435840054604291538e-02
3.620000000000000107e+00 -3.603108520382269919e-01 1.221989356700849072e+00 1.699653604513566563e-02
3.629999999999999893e+00 -3.609179267835845306e-01 1.448796738808774354e+00 -4.682315658845914719e-03
3.640000000000000124e+00 -3.608092207400243612e-01 1.058038209331042312e+00 -4.876999571442153236e-02
3.649999999999999911e+00 -3.612600474664908190e-01 9.104301561876314564e-01 -8.546833027033580443e-02
3.660000000000000142e+00 -3.615957663725866689e-01 9.476649021059745381e-01 -9.642171582060495016e-02
3.669999999999999929e+00 -3.612758086259478807e-01 2.091464862960487281e+00 1.599403611281895177e-02
3.680000000000000160e+00 -3.599080860269250892e-01 6.457477649114576890e-01 -6.177794530798504102e-02
3.689999999999999947e+00 -3.602827545384745256e-01 2.845046222157561200e+00 9.510659568536408703e-02
3.700000000000000178e+00 -3.578646144987190358e-01 7.777606784568458220e-02 -7.850455432277055057e-02
3.709999999999999964e+00 -3.597932153189500881e-01 2.006562401722822298e+00 -9.582242334578314202e-03
3.720000000000000195e+00 -3.576584871984780367e-01 1.235973258769468508e+00 -2.106804058580799555e-02
3.729999999999999982e+00 -3.576927969214139802e-01 1.078767003845780614e+00 -5.353770494289381010e-02
3.740000000000000213e+00 -3.570451332784408960e-01 2.290334167431540280e+00 4.975114500078700597e-02
3.750000000000000000e+00 -3.547128685779902812e-01 1.436701810954905012e+00 2.874095241606205997e-02
3.760000000000000231e+00 -3.542790340409803784e-01 1.875690284888257953e+00 4.515153701037397105e-02
3.770000000000000018e+00 -3.533232168399879636e-01 4.527001148700633970e-01 -8.343828482070106412e-02
3.780000000000000249e+00 -3.542258776666748488e-01 1.759635897172237229e+00 -2.945131686071898736e-02
3.790000000000000036e+00 -3.520709616183906876e-01 1.594203102590110221e+00 3.966614866846351894e-03
3.800000000000000266e+00 -3.511102370512516613e-01 1.294634935431788758e+00 -1.465577125395178815e-02
3.810000000000000053e+00 -3.508697243701877078e-01 6.725789931432047952e-01 -9.187648762545096159e-02
3.820000000000000284e+00 -3.510619534298629052e-01 1.398968726584865374e+00 -6.119450901984135882e-02
3.830000000000000071e+00 -3.488436992671724579e-01 2.623426943930288857e+00 8.900492966092529712e-02
3.839999999999999858e+00 -3.461624542023157836e-01 2.293477772407158111e-01 -6.748605504933635757e-02
3.850000000000000089e+00 -3.473122294707089441e-01 2.741344983163317206e+00 7.041046649255505718e-02
3.859999999999999876e+00 -3.428817604413819664e-01 1.657126460521658462e+00 6.442743181288801413e-02
3.870000000000000107e+00 -3.423754242264650527e-01 1.025554869726553520e+00 -2.174124858437839758e-02
3.879999999999999893e+00 -3.420983864470024671e-01 1.660903359292031478e+00 -6.643296031147299940e-03
3.890000000000000124e+00 -3.397514535982559813e-01 2.164728990689444021e+00 6.480036152998386312e-02
3.899999999999999911e+00 -3.372241551927768755e-01 1.486279878658838705e+00 3.613726511404249941e-02
3.910000000000000142e+00 -3.361386280914617775e-01 2.068497679816123203e+00 6.738874728581420448e-02
3.919999999999999929e+00 -3.336409281442902497e-01 1.683686158113179454e+00 5.151931716642474401e-02
3.930000000000000160e+00 -3.322776759894187082e-01 1.683605262833786309e+00 3.825429588812093162e-02
3.939999999999999947e+00 -3.303583592469200858e-01 2.179178786722910655e+00 8.259482120137562333e-02
3.950000000000000178e+00 -3.276686152436452670e-01 1.719360645844720370e+00 6.456142661891775547e-02
3.959999999999999964e+00 -3.269665194630396177e-01 5.865417084448201201e-01 -6.418746248340134741e-02
3.970000000000000195e+00 -3.270850880219776657e-01 2.443392619159713952e+00 4.964485501624898989e-02
3.979999999999999982e+00 -3.236184062248908533e-01 2.617432774504744875e-01 -8.266373537709144348e-02
3.990000000000000213e+00 -3.250568625204769413e-01 1.876113964560911507e+00 -1.482875194119567808e-02
4.000000000000000000e+00 -3.217949421569776813e-01 1.229579477654328956e+00 -2.064962256931494877e-02
4.009999999999999787e+00 -3.210900562562615246e-01 9.735738646273714991e-01 -5.956638120490307525e-02
4.020000000000000462e+00 -3.194683011031910769e-01 2.673837756634546370e+00 8.758102172719786638e-02
4.030000000000000249e+00 -3.154615260661869369e-01 7.082330822862067943e-02 -8.104466432776660789e-02
4.040000000000000036e+00 -3.178202274159657725e-01 1.081847190580866203e+00 -9.902011700228488533e-02
4.049999999999999822e+00 -3.153927914954768874e-01 1.577460215734550752e+00 -3.541583926720433262e-02
4.060000000000000497e+00 -3.119545398941942493e-01 2.533986435446710317e+00 9.814894364824441886e-02
4.070000000000000284e+00 -3.082198906406080630e-01 3.981898253835358115e-01 -4.706097432231202277e-02
4.080000000000000071e+00 -3.087629345713295281e-01 2.573473355994878364e+00 6.613885310354619684e-02
4.089999999999999858e+00 -3.040197337752143514e-01 3.819368252692555976e-01 -6.537727259590692119e-02
4.099999999999999645e+00 -3.047063110198448554e-01 2.140243745270320019e+00 1.727567095967555422e-02
4.110000000000000320e+00 -2.996074818575907850e-01 2.219417561134422900e+00 9.168186703587841158e-02
4.120000000000000107e+00 -2.961906535789121109e-01 1.426439542143672634e+00 4.330264691316140779e-02
4.129999999999999893e+00 -2.943566131489228077e-01 2.344475083442336683e+00 9.610159503569726258e-02
4.139999999999999680e+00 -2.904366290159095532e-01 1.149186298750944024e+00 1.491132981780793343e-02
4.150000000000000355e+00 -2.891680722168811779e-01 2.514005438671868209e+00 9.666694131068429008e-02
4.160000000000000142e+00 -2.842651858038076629e-01 1.626169073366807494e+00 6.740940634400077736e-02
4.169999999999999929e+00 -2.825323596286382632e-01 1.792262351075751825e+00 5.564964522038565176e-02
4.179999999999999716e+00 -2.795802281218801033e-01 2.034192522887662946e+00 7.769797738230005413e-02
4.190000000000000391e+00 -2.765245558044881480e-01 1.368008991526977969e+00 2.629830345232334055e-02
4.200000000000000178e+00 -2.754949446216030107e-01 1.138058056572616161e+00 -2.872709072468571101e-02
4.209999999999999964e+00 -2.739320869771494360e-01 1.722385201394746268e+00 5.656488011398591587e-03
4.219999999999999751e+00 -2.711334693691636599e-01 8.335310681465172289e-01 -5.469992086352729044e-02
4.230000000000000426e+00 -2.699300225719075685e-01 2.343851917329771606e+00 5.550882477634108692e-02
4.240000000000000213e+00 -2.655074640755272219e-01 3.952598111224328581e-01 -6.598429967702670873e-02
4.250000000000000000e+00 -2.660131572560130442e-01 2.082634860972838897e+00 1.543958979731814563e-02
4.259999999999999787e+00 -2.610140549100257723e-01 1.350318888606091949e+00 7.179785915822869957e-03
4.270000000000000462e+00 -2.588916836189664172e-01 1.795386909272453257e+00 3.438056069553810379e-02
4.280000000000000249e+00 -2.551164674788352071e-01 1.805986049208988531e+00 5.209731973305001262e-02
4.290000000000000036e+00 -2.526483167034730970e-01 4.341445437685711450e-01 -7.803442278721822722e-02
4.299999999999999822e+00 -2.523719654183915195e-01 2.250238355382843558e+00 2.498819233359669822e-02
4.310000000000000497e+00 -2.468355017544880403e-01 1.038140365886359717e+00 -1.720882350696144314e-02
4.320000000000000284e+00 -2.454641759499861797e-01 1.840088167625738569e+00 2.284028713359073648e-02
4.330000000000000071e+00 -2.411091975715702884e-01 1.707973945031478369e+00 3.879690862929904838e-02
4.339999999999999858e+00 -2.379360239637962338e-01 1.457685738151471178e+00 1.709591715212437080e-02
4.350000000000000533e+00 -2.350200401744857170e-01 1.903619395331704434e+00 4.657721537174303039e-02
4.360000000000000320e+00 -2.311351329620656148e-01 1.272509633016092545e+00 4.005051440929593976e-03
4.370000000000000107e+00 -2.292044372509848271e-01 1.446123102347414369e+00 -7.426438174145649773e-03
4.379999999999999893e+00 -2.264026474901561503e-01 1.093745335879878100e+00 -4.264622691029296142e-02
4.389999999999999680e+00 -2.245702807819568436e-01 1.164652390661419457e+00 -5.416966600065869358e-02
4.400000000000000355e+00 -2.213306406931797032e-01 2.119370820760122065e+00 3.906042121836367231e-02
4.410000000000000142e+00 -2.159660741459894506e-01 1.566970692901280771e+00 3.914227056249153236e-02
4.419999999999999929e+00 -2.137847665891195181e-01 6.982826155030387172e-01 -6.090349740468073425e-02
4.429999999999999716e+00 -2.118198230167188667e-01 2.840061982766375781e+00 9.436748332222241742e-02
4.440000000000000391e+00 -2.042556985215240317e-01 1.191764235400913918e+00 3.423015605787921301e-02
4.450000000000000178e+00 -2.031396896883218839e-01 1.486415140432028714e+00 6.243224641965250399e-03
4.459999999999999964e+00 -1.992830217282196559e-01 2.181493532647990286e+00 6.823507030899353398e-02
4.469999999999999751e+00 -1.944069889101901760e-01 1.067533233072119447e+00 -2.695913339369027106e-03
4.480000000000000426e+00 -1.930142019160751288e-01 1.545731921863942038e+00 -4.811025979934629992e-03
4.490000000000000213e+00 -1.896146365549215840e-01 1.012856615196716215e+00 -4.834511998449262521e-02
4.500000000000000000e+00 -1.878983635430848398e-01 1.055551531156384337e+00 -6.877290372186153911e-02
4.509999999999999787e+00 -1.845374138279170795e-01 2.228976101915823627e+00 4.232411577618350185e-02
4.520000000000000462e+00 -1.781483928289498697e-01 1.826271512622879900e+00 6.882219364780850501e-02
4.530000000000000249e+00 -1.745489613994987699e-01 1.504440190231674190e+00 3.555975561919180739e-02
4.540000000000000036e+00 -1.717919643951388020e-01 1.112657609811107395e+00 -2.623569666080996510e-02
4.549999999999999822e+00 -1.691667916010033412e-01 1.835943780124178248e+00 1.514441824381043689e-02
4.560000000000000497e+00 -1.642536418325708236e-01 1.480740844844623094e+00 1.268249473479798883e-02
4.570000000000000284e+00 -1.603997042598271361e-01 2.308138866260618371e+00 8.731321669485878068e-02
4.580000000000000071e+00 -1.552446431623327183e-01 7.680358539295284448e-01 -2.246515760886214075e-02
4.589999999999999858e+00 -1.549899722203761931e-01 1.061725624103401655e+00 -6.704346958679929802e-02
4.600000000000000533e+00 -1.510035370231246898e-01 2.589659822640637543e+00 7.538657866580217304e-02
4.610000000000000320e+00 -1.435582415835144343e-01 1.738720104635979702e+00 7.894569937737369592e-02
4.620000000000000107e+00 -1.414165093477156576e-01 2.240806015714357780e-01 -9.034688099962094598e-02
4.629999999999999893e+00 -1.417972104168455927e-01 1.507497754834668857e+00 -6.035519383210352640e-02
4.639999999999999680e+00 -1.362768049300114581e-01 1.965345951892744081e+00 2.725673071989195839e-02
4.650000000000000355e+00 -1.307009413643523965e-01 1.813997519378824697e+00 5.776903112696760156e-02
4.660000000000000142e+00 -1.266765756236686302e-01 1.402227777144520626e+00 2.133850134811007826e-02
4.669999999999999929e+00 -1.241310551509309246e-01 8.212718516006745073e-01 -6.168216077468835490e-02
4.679999999999999716e+00 -1.224827189553869822e-01 1.097725351461481313e+00 -7.647168494756018120e-02
4.690000000000000391e+00 -1.185953700340938305e-01 1.843454490055971062e+00 1.194526813036708712e-03
4.700000000000000178e+00 -1.127362268131515688e-01 1.998934975366484901e+00 6.310208133180228440e-02
4.709999999999999964e+00 -1.084886211840060816e-01 5.530923220885668457e-01 -5.658656378557476441e-02
4.719999999999999751e+00 -1.080877099052375973e-01 1.050372367083745706e+00 -8.497346102544328650e-02
4.730000000000000426e+00 -1.038877303278667313e-01 1.996331221692370539e+00 1.020899915866094187e-02
4.740000000000000213e+00 -9.845752939808963267e-02 6.836550137603892852e-01 -6.163657037294907604e-02
4.750000000000000000e+00 -9.739576632407631607e-02 9.917396657061104959e-01 -8.651525590314608494e-02
4.759999999999999787e+00 -9.300486652160125378e-02 2.452756987866022698e+00 5.465291960825366391e-02
4.770000000000000462e+00 -8.535394922987976640e-02 1.701293140146691085e+00 6.424532121558448883e-02
4.780000000000000249e+00 -8.195636671142107754e-02 1.004396587450802736e+00 -2.033288978035292793e-02
4.790000000000000036e+00 -7.973827578243511405e-02 1.294599193192444764e+00 -4.118472796634312094e-02
4.799999999999999822e+00 -7.578587206305809065e-02 1.254788096585076174e+00 -4.457582211260844446e-02
4.810000000000000497e+00 -7.203196961244667795e-02 1.413035154528480719e+00 -2.780571483432983659e-02
4.820000000000000284e+00 -6.752997172914046442e-02 1.747277080140441363e+00 1.538152862325241343e-02
4.830000000000000071e+00 -6.259157182497665506e-02 1.425015146318185488e+00 5.564015622495463442e-03
4.839999999999999858e+00 -5.907087057959186510e-02 1.197898097954793961e+00 -2.893016376546074520e-02
4.850000000000000533e+00 -5.529042863389128926e-02 1.950064831008839983e+00 2.748419584763628354e-02
4.860000000000000320e+00 -4.941304119798662492e-02 1.651595084724019946e+00 3.515348838949200472e-02
4.870000000000000107e+00 -4.535650322552425145e-02 1.453448313974454509e+00 1.165578959500686296e-02
4.879999999999999893e+00 -4.172687529325546513e-02 1.253457134591040134e+00 -2.254101698962521216e-02
4.889999999999999680e+00 -3.794758893717790210e-02 1.890471038895019884e+00 2.478055638782686310e-02
4.900000000000000355e+00 -3.252138142940608906e-02 1.501908123445983678e+00 1.838055664282209345e-02
4.910000000000000142e+00 -2.907535578468250018e-02 1.100177308408334831e+00 -3.193522852386672384e-02
4.919999999999999929e+00 -2.624040529840735575e-02 1.303566309996597505e+00 -3.935979746715095179e-02
4.929999999999999716e+00 -2.197273223495480043e-02 1.759704258792549325e+00 9.149775803857312928e-03
4.940000000000000391e+00 -1.680542334929115145e-02 1.603781203665037181e+00 2.246834780037014478e-02
4.950000000000000178e+00 -1.256493288504657163e-02 1.595596428139907985e+00 2.215968778436175346e-02
4.959999999999999964e+00 -8.583135313294243396e-03 1.156702276990582590e+00 -2.343239822042901543e-02
4.969999999999999751e+00 -5.225602417599622615e-03 1.786158550003487777e+00 1.315478144325103738e-02
4.980000000000000426e+00 5.979394338167442688e-04 2.354066267258521084e+00 9.715392703928382723e-02
4.990000000000000213e+00 6.095832625504070228e-03 8.004143917107267026e-01 -1.439509619120966921e-02
5.000000000000000000e+00 8.168820286741918651e-03 2.399616212984023722e+00 6.860294291799812205e-02
5.009999999999999787e+00 1.404870193743865299e-02 2.199172448190158669e-01 -8.373526173860862398e-02
5.020000000000000462e+00 1.506793869625329060e-02 2.817630267361069585e+00 7.504565074039437622e-02
5.030000000000000249e+00 2.373305165340238929e-02 1.811077732112393868e+00 8.834123110597727480e-02
5.040000000000000036e+00 2.676620770579577271e-02 5.976349401495235636e-01 -4.762719682921254943e-02
5.049999999999999822e+00 2.756283974606359155e-02 8.937715336296278013e-01 -9.757971686556146662e-02
5.060000000000000497e+00 3.128283420683455190e-02 1.927788121311055036e+00 -3.398317313240140081e-03
5.070000000000000284e+00 3.650709342769391935e-02 7.068432965574924509e-01 -6.345754846754442235e-02
5.080000000000000071e+00 3.935378206813955337e-02 2.784529131488548082e+00 9.432625085705356738e-02
5.089999999999999858e+00 4.730406254285896700e-02 1.639446549411484488e+00 7.953968702350966424e-02
5.100000000000000533e+00 5.105837986812990920e-02 2.084769602181476778e+00 9.213297718605434339e-02
5.110000000000000320e+00 5.592892801581083456e-02 1.269953254012361255e+00 2.077393154815054821e-02
5.120000000000000107e+00 5.879415046132679956e-02 1.517276083618469329e+00 3.032073380528424456e-03
5.129999999999999893e+00 6.335869175369628070e-02 2.150782877930912829e+00 6.654356987604617690e-02
5.139999999999999680e+00 6.866480040715880473e-02 1.393356257237221119e+00 3.046979313780423526e-02
5.150000000000000355e+00 7.132563164398536548e-02 8.788215413876208082e-01 -5.028846472655097710e-02
5.160000000000000142e+00 7.453107557050288323e-02 2.670001955537069538e+00 8.685720765157242673e-02
5.169999999999999929e+00 8.109640433594851594e-02 7.630731258932871297e-01 -1.206011000689373447e-02
5.179999999999999716e+00 8.289345927526689528e-02 2.207808716530618387e+00 5.471124566185980864e-02
5.190000000000000391e+00 8.849684274381210136e-02 1.126101088822208274e+00 1.875913976973481168e-04
5.200000000000000178e+00 9.065708479413234211e-02 8.990967627681033525e-01 -6.332875137897449325e-02
5.209999999999999964e+00 9.339186600116303194e-02 1.411513168836186827e+00 -4.081463059811734490e-02
5.219999999999999751e+00 9.784351839347184276e-02 1.749754718701517886e+00 1.488215376056342687e-02
5.230000000000000426e+00 1.018856065729318305e-01 5.947721223148745295e-01 -7.139958314714389687e-02
5.240000000000000213e+00 1.034145540261626472e-01 9.181248605768679294e-01 -9.725242827670428636e-02
5.250000000000000000e+00 1.071355795685708240e-01 1.788859517070651384e+00 -1.322175513001370983e-02
5.259999999999999787e+00 1.126487220053069976e-01 1.930878459591430785e+00 5.243943437184392375e-02
5.270000000000000462e+00 1.173441057012648142e-01 1.381912672361963024e+00 2.283145474857758983e-02
5.280000000000000249e+00 1.205556921586063979e-01 1.066862368604075462e+00 -3.517072483852479170e-02
5.290000000000000036e+00 1.240921045600656553e-01 2.150265719675184872e+00 4.344818785909865255e-02
5.299999999999999822e+00 1.295164674422133455e-01 1.143322096550234646e+00 -3.097073378025338997e-03
5.310000000000000497e+00 1.329679168928861732e-01 2.565955369018801502e+00 9.990027045140537076e-02
5.320000000000000284e+00 1.390936049938001351e-01 1.453426145272926018e+00 5.520633048895612349e-02
5.330000000000000071e+00 1.423886354582074576e-01 1.970906971003510977e+00 6.612628825435182267e-02
5.339999999999999858e+00 1.464711904344669080e-01 6.883962949447448576e-01 -4.809021877224437663e-02
5.350000000000000533e+00 1.481187559481078886e-01 1.143695814377495124e+00 -6.954100743023722275e-02
5.360000000000000320e+00 1.516015495462529616e-01 1.191154738658183332e+00 -6.013921817859999713e-02
5.370000000000000107e+00 1.551203083999072863e-01 1.575539355911780737e+00 -1.354700713074678819e-02
5.379999999999999893e+00 1.593260899426804933e-01 1.483510055858682897e+00 2.429823924180077310e-03
5.389999999999999680e+00 1.626913136076173494e-01 8.225399181060188969e-01 -6.107813045355310611e-02
5.400000000000000355e+00 1.657771111679189058e-01 2.393908004979870885e+00 5.598895419771632298e-02
5.410000000000000142e+00 1.717232655778553885e-01 1.805528670651397771e+00 7.368623088344591898e-02
5.419999999999999929e+00 1.751168571830071796e-01 7.648322460996248573e-01 -3.679900284795183107e-02
5.429999999999999716e+00 1.774501403380173703e-01 1.813374679279315727e+00 1.612839351257999709e-03
5.440000000000000391e+00 1.821086617309387312e-01 1.601961369214736308e+00 1.887492050255176745e-02
5.450000000000000178e+00 1.859694198655120478e-01 1.817777158593582687e+00 4.447563478622473809e-02
5.459999999999999964e+00 1.895467099783470499e-01 5.368120584188076361e-01 -7.050550910692872375e-02
5.469999999999999751e+00 1.913949291793671514e-01 1.505368908633551550e+00 -4.382578771936871537e-02
5.480000000000000426e+00 1.957984477750060182e-01 2.087581239061891747e+00 4.614119917168055252e-02
5.490000000000000213e+00 2.002493292986547158e-01 1.283005725758741722e+00 1.363846285852532425e-02
5.500000000000000000e+00 2.035050871927697735e-01 2.272301547952057188e+00 7.998915868778969096e-02
5.509999999999999787e+00 2.079418817769466965e-01 9.310734988864450834e-01 -1.042832760225131938e-02
5.520000000000000462e+00 2.101744063646986960e-01 1.465520512100254580e+00 -1.867743099323040945e-02
5.530000000000000249e+00 2.136131405862871646e-01 1.176063669923346433e+00 -3.869855649385955942e-02
5.540000000000000036e+00 2.164591907837218887e-01 1.127936433341751643e+00 -5.372548546905089872e-02
5.549999999999999822e+00 2.197682570162532434e-01 2.030716155469316497e+00 3.015326695267966928e-02
5.560000000000000497e+00 2.237426310175268385e-01 7.483447791548788475e-01 -4.706279963546089462e-02
5.570000000000000284e+00 2.263325728795621550e-01 2.523119716085281183e+00 7.245510412860947658e-02
5.580000000000000071e+00 2.309115630370425221e-01 5.291391887033430885e-01 -4.587032086957834598e-02
5.589999999999999858e+00 2.328805353787762045e-01 2.199665065850246126e+00 3.467192624502954401e-02
5.600000000000000533e+00 2.373150347157470530e-01 1.348661884813911138e+00 1.363682838034638301e-02
5.610000000000000320e+00 2.402347706277669637e-01 1.710737946068896287e+00 2.569175957578168079e-02
5.620000000000000107e+00 2.439364270276350166e-01 2.147625969999106488e+00 7.908335512636763265e-02
5.629999999999999893e+00 2.473811689673658387e-01 3.955695034431273016e-01 -6.600230970611745129e-02
5.639999999999999680e+00 2.488423400417864306e-01 1.267819826832245589e+00 -7.003689082490759110e-02
5.650000000000000355e+00 2.519895657829234747e-01 1.018794337848041964e+00 -7.561955573293875632e-02
5.660000000000000142e+00 2.544309300511546912e-01 9.555336002385179661e-01 -8.471219581635661133e-02
5.669999999999999929e+00 2.573589858289065391e-01 1.925236965403214429e+00 6.846204720748122474e-03
5.679999999999999716e+00 2.608004693618134473e-01 6.442371963493535025e-01 -6.685376960954556025e-02
5.690000000000000391e+00 2.632396088266666934e-01 2.501033979469150736e+00 6.143358601869797209e-02
5.700000000000000178e+00 2.670717539761650050e-01 7.392111548914859220e-02 -9.547789389062398546e-02
5.709999999999999964e+00 2.686118738145520934e-01 1.879514305400084462e+00 -2.507860565302846845e-02
5.719999999999999751e+00 2.723388518419485038e-01 1.441522701073216783e+00 -5.359205722286236595e-03
5.730000000000000426e+00 2.750128166350344072e-01 9.174320061820609995e-01 -5.669433986463510294e-02
5.740000000000000213e+00 2.774707876371482196e-01 1.524408408800036252e+00 -2.881875609654190040e-02
5.750000000000000000e+00 2.804204296329299573e-01 1.021025355876268748e+00 -5.544171289430957494e-02
5.759999999999999787e+00 2.828713360694251056e-01 1.336674861358070121e+00 -4.363437873305484743e-02
5.770000000000000462e+00 2.859611252391541791e-01 2.532105340488678635e+00 8.537421214571830341e-02
5.780000000000000249e+00 2.893980167673788628e-01 7.822573863911164160e-01 -1.656492673803477977e-02
5.790000000000000036e+00 2.914232987183479340e-01 1.494314895914205854e+00 -2.282701174785599363e-02
5.799999999999999822e+00 2.942681087581935362e-01 1.832914182888683241e+00 2.223489048683484348e-02
5.810000000000000497e+00 2.972092617047537577e-01 1.671766888767648895e+00 3.282837134970112425e-02
5.820000000000000284e+00 2.998538981193246689e-01 1.668475398238656870e+00 3.205530898553693442e-02
5.830000000000000071e+00 3.022728347933499871e-01 5.255705002092335709e-01 -8.304820655519723482e-02
5.839999999999999858e+00 3.042635973036516006e-01 2.185445113615437585e+00 1.638051580693784814e-02
5.850000000000000533e+00 3.072865113539400839e-01 1.754263783602132420e+00 4.718471997959511333e-02
5.860000000000000320e+00 3.098090533426766102e-01 1.843892295911843116e+00 5.911367322868990581e-02
5.870000000000000107e+00 3.122822923529920969e-01 1.401483915354826859e+00 1.770685038787052357e-02
5.879999999999999893e+00 3.143623017708246370e-01 7.303105081164408263e-01 -7.388538835308842978e-02
5.889999999999999680e+00 3.161858555391309222e-01 1.098220835004697360e+00 -8.325193522064421037e-02
5.900000000000000355e+00 3.183249224474501426e-01 1.498344753154762232e+00 -3.538926137883642575e-02
5.910000000000000142e+00 3.206403370423578925e-01 2.429565841311680074e+00 8.551176189319253940e-02
5.919999999999999929e+00 3.230618422222453212e-01 8.899936971066586544e-01 -5.476494233303513814e-03
5.929999999999999716e+00 3.250826826309028417e-01 2.442691702685526600e+00 7.909478142952960922e-02
5.940000000000000391e+00 3.273424068677217025e-01 9.442541902100012319e-01 -8.065009344595017171e-03
5.950000000000000178e+00 3.292918378779332578e-01 2.163146701438404929e+00 5.102362131202539675e-02
5.959999999999999964e+00 3.313446976177669701e-01 1.149294679203951342e+00 -2.974564862071926719e-03
5.969999999999999751e+00 3.332607335887231570e-01 1.994921736499509102e+00 4.174045228647677019e-02
5.980000000000000426e+00 3.351313396056534999e-01 8.670863666609767151e-01 -3.656414466656408846e-02
5.990000000000000213e+00 3.369688815440762264e-01 2.535459322682913630e+00 7.797305272734075809e-02
6.000000000000000000e+00 3.387424177128010028e-01 5.026856532307216741e-01 -4.685838625268337609e-02
6.009999999999999787e+00 3.404560929080794329e-01 8.642969070145688493e-01 -9.876463424314436967e-02
6.020000000000000462e+00 3.421106341963182085e-01 2.418779120772776903e+00 4.423315722336840228e-02
6.030000000000000249e+00 3.436508753499332158e-01 1.431645322063538561e+00 3.532089264891591363e-02
6.040000000000000036e+00 3.453991664751931423e-01 1.655376433849463202e+00 3.138028998513542334e-02
6.049999999999999822e+00 3.469888070535594449e-01 1.726190746562200173e+00 3.748300046266531127e-02
6.060000000000000497e+00 3.485125295755470143e-01 1.481163279769203811e+00 1.725284220369663335e-02
6.070000000000000284e+00 3.500365772494112293e-01 6.559527534033821050e-01 -7.694420938429712142e-02
6.080000000000000071e+00 3.515681330767401191e-01 2.283508711436178285e+00 3.384074447601026492e-02
6.089999999999999858e+00 3.526998512028975408e-01 1.712973554878096105e-01 -9.868029524385904527e-02
6.100000000000000533e+00 3.544249991969468105e-01 1.454525153465620946e+00 -6.343142420905986678e-02
6.110000000000000320e+00 3.555516967090817659e-01 1.536220420115057328e+00 -1.582431896093035306e-02
6.120000000000000107e+00 3.567013999503223509e-01 1.232224238404812988e+00 -2.432612391826907694e-02
6.129999999999999893e+00 3.580760770619514921e-01 8.312764672109560493e-01 -7.620696751709649108e-02
6.140000000000000568e+00 3.593951584224305829e-01 1.740953280705659578e+00 -1.460847919202253042e-02
6.150000000000000355e+00 3.602536918617013084e-01 1.709737853146966913e+00 2.472344872466847310e-02
6.160000000000000142e+00 3.612896305637292582e-01 1.081257175411144633e+00 -2.450731369351319411e-02
6.169999999999999929e+00 3.625551674203177366e-01 2.091049061832501277e+00 4.169989665734180617e-02
6.179999999999999716e+00 3.632357262756006344e-01 6.761188242914771829e-01 -5.381558092434460261e-02
6.190000000000000391e+00 3.647711501647860621e-01 1.147029663124047305e+00 -7.123494554581531746e-02
6.200000000000000178e+00 3.655652365648441871e-01 2.326705008550568721e+00 4.977996889769728539e-02
6.209999999999999964e+00 3.657572837591475112e-01 1.446338723401829673e+00 3.374562595241098473e-02
6.219999999999999751e+00 3.669350293294250109e-01 1.234184880743783408e+00 -1.412586134104749924e-02
6.230000000000000426e+00 3.679741141933836057e-01 8.937796088482863333e-01 -7.264654303645740052e-02
6.240000000000000213e+00 3.688397570863957142e-01 2.221459497342691769e+00 3.273674786579544582e-02
6.250000000000000000e+00 3.687495195809095683e-01 1.705362130250351438e+00 4.999114998524284426e-02
6.259999999999999787e+00 3.696262918721651136e-01 5.795358772557026583e-01 -6.721146935843480552e-02
6.270000000000000462e+00 3.708480718579550417e-01 2.335339274297211887e+00 3.786034738603683003e-02
6.280000000000000249e+00 3.704927227168974269e-01 8.866435588512423527e-01 -2.887258272364282008e-02
6.290000000000000036e+00 3.715298254829493274e-01 2.552523441943693516e+00 8.302372297793661482e-02
6.299999999999999822e+00 3.709293206410150812e-01 1.482723384553128465e+00 5.030793752167825317e-02
6.310000000000000497e+00 3.719426480481756170e-01 8.693800005538973030e-01 -4.525376595332073620e-02
6.320000000000000284e+00 3.726321939545754192e-01 2.706013790538611019e+00 8.760526392756082248e-02
6.330000000000000071e+00 3.719056491329047476e-01 -3.877283880700493207e-02 -9.495344877907310743e-02
6.339999999999999858e+00 3.740835704568731823e-01 1.524905347387992771e+00 -6.303519710432034517e-02
6.350000000000000533e+00 3.737108273155846927e-01 1.185169085755322316e+00 -5.161940577057300139e-02
6.360000000000000320e+00 3.737941153202673505e-01 2.157232656915038405e+00 4.641601667397685094e-02
6.370000000000000107e+00 3.731480321008464052e-01 1.197790478920617740e+00 5.233606100324306176e-03
6.379999999999999893e+00 3.738671279959798754e-01 1.454865853837707057e+00 -7.124918421186746120e-03
6.390000000000000568e+00 3.739501275381495460e-01 9.775780024373844634e-01 -5.549333224556329824e-02
6.400000000000000355e+00 3.741550053133365639e-01 2.314673595889018998e+00 5.129342207192225112e-02
6.410000000000000142e+00 3.731423310732669418e-01 3.420225669974286675e-01 -7.657871838968142997e-02
6.419999999999999929e+00 3.747611223277501069e-01 1.496487215934789283e+00 -5.053175591902883679e-02
6.429999999999999716e+00 3.737113273150667325e-01 2.286136868195571825e+00 6.127206391499523397e-02
6.440000000000000391e+00 3.725066969328296174e-01 9.686499685064524634e-01 -9.790507106781601299e-03
6.450000000000000178e+00 3.730947411250279955e-01 2.400049877527971276e+00 7.536354731992178646e-02
6.459999999999999964e+00 3.714599080256301700e-01 1.252655592343924429e+00 2.033282084645120225e-02
6.469999999999999751e+00 3.717728178107985726e-01 2.071109884678635105e+00 5.790892939167641140e-02
6.480000000000000426e+00 3.708718237266282469e-01 5.585215080373301388e-01 -6.251934541417578095e-02
6.490000000000000213e+00 3.720157482579635744e-01 1.561925537061243041e+00 -3.675562646470664774e-02
6.500000000000000000e+00 3.709040224636293015e-01 1.356688241391401428e+00 -2.465878963986348205e-02
6.509999999999999787e+00 3.704085757180181626e-01 1.562537814660228008e+00 -1.160158823593063215e-03
6.520000000000000462e+00 3.696666655184563943e-01 1.402136442414455786e+00 -5.506595104493916537e-03
6.530000000000000249e+00 3.689157664527597524e-01 2.168319006599043419e+00 6.449323151649438701e-02
6.540000000000000036e+00 3.675706965703181006e-01 4.516653842626709991e-01 -6.536189361759148220e-02
6.549999999999999822e+00 3.684213801136852484e-01 2.667314440342337001e+00 7.029718292593042928e-02
6.560000000000000497e+00 3.650426905067387096e-01 1.774380696559498594e+00 7.780925882868192089e-02
6.570000000000000284e+00 3.650566906209009588e-01 2.895870112008705477e-01 -8.489619288778048334e-02
6.580000000000000071e+00 3.666298826506320663e-01 1.098388824770401673e+00 -9.812192607576353254e-02
6.589999999999999858e+00 3.654819476622577223e-01 1.504818492584850675e+00 -4.144940543609296896e-02
6.600000000000000533e+00 3.639100930732558359e-01 1.379678692114031380e+00 -1.985104644768713456e-02
6.610000000000000320e+00 3.625493857059304270e-01 2.490917119886093989e+00 9.408988134970142081e-02
6.620000000000000107e+00 3.603281072700781906e-01 5.779871411440990620e-02 -8.571828058930344718e-02
6.629999999999999893e+00 3.619196963325573835e-01 2.689466575257534409e+00 5.626105304566028642e-02
6.640000000000000568e+00 3.578340095858894565e-01 9.940899518847855498e-01 -4.915009282454252393e-03
6.650000000000000355e+00 3.585562932178868456e-01 8.575801561344167379e-01 -7.402529504537308513e-02
6.660000000000000142e+00 3.580893188152715623e-01 1.639590450918580800e+00 -2.678393826586829285e-02
6.669999999999999929e+00 3.559462110752855679e-01 1.297352809259310291e+00 -2.381971858381785878e-02
6.679999999999999716e+00 3.551055513484468462e-01 1.074553967815241373e+00 -5.128549993957083608e-02
6.690000000000000391e+00 3.543478716675448892e-01 1.340106111233759334e+00 -4.112724849522404746e-02
6.700000000000000178e+00 3.527344173859148224e-01 1.496415186867104063e+00 -1.601623375948499350e-02
6.709999999999999964e+00 3.504154369618934783e-01 2.464030844478156901e+00 9.245227898295085844e-02
6.719999999999999751e+00 3.472633845221114179e-01 8.659727045640572829e-01 -8.227886203683393296e-03
6.730000000000000426e+00 3.472245078566073007e-01 2.592532521452347805e+00 9.002700242246350348e-02
6.740000000000000213e+00 3.437709664724739045e-01 2.615778115988196678e-02 -9.389358568328889931e-02
6.750000000000000000e+00 3.460803917501341642e-01 1.294055903054388112e+00 -8.677794828535610738e-02
6.759999999999999787e+00 3.438677716700683784e-01 9.028187858939460408e-01 -9.443681876054615953e-02
6.770000000000000462e+00 3.423156519613001492e-01 2.246480697609313015e+00 3.318892765247086207e-02
6.780000000000000249e+00 3.387850771839066022e-01 6.060318546045357913e-01 -5.595346177724096898e-02
6.790000000000000036e+00 3.390416084316522083e-01 2.025127286831028606e+00 1.528403625860970394e-02
6.799999999999999822e+00 3.350094752267091525e-01 1.929212905153836477e+00 5.907322712108492579e-02
6.810000000000000497e+00 3.327954356160644500e-01 8.495058044909840067e-01 -3.363721626829925537e-02
6.820000000000000284e+00 3.328172655671999269e-01 1.269826395770142780e+00 -5.086450145818264407e-02
6.830000000000000071e+00 3.302899128806754958e-01 2.199489020509764359e+00 4.508171742811498128e-02
6.839999999999999858e+00 3.264681474453888232e-01 1.121917962500315724e+00 -4.820441340085926396e-03
6.850000000000000533e+00 3.262357140650594123e-01 8.883495181597448331e-01 -7.015797079013988413e-02
6.860000000000000320e+00 3.253996127842981867e-01 1.062817793357028417e+00 -8.251097650606227518e-02
6.870000000000000107e+00 3.229046927343735551e-01 2.349100173720517937e+00 4.743350022788411779e-02
6.879999999999999893e+00 3.179376370075607805e-01 1.837603713433405117e+00 7.208246697578496454e-02
6.890000000000000568e+00 3.153523291606993295e-01 1.948562462900282677e+00 7.807241565670258732e-02
6.900000000000000355e+00 3.128957991509154213e-01 1.181965308557706207e+00 2.017801496940724304e-03
6.910000000000000142e+00 3.122192011270201184e-01 9.029378140910088169e-01 -6.930908672707057627e-02
6.919999999999999929e+00 3.110458966245349677e-01 1.341926034341308416e+00 -5.486851754430439876e-02
6.929999999999999716e+00 3.082477757688792397e-01 1.612586360771234073e+00 -9.295222195812982702e-03
6.940000000000000391e+00 3.047585587219285297e-01 2.176595449652925396e+00 7.037147472112273427e-02
6.950000000000000178e+00 3.008845108661498680e-01 1.381240921698089208e+00 3.003948376705373180e-02
6.959999999999999964e+00 2.998183291304857279e-01 9.690122833924784684e-01 -4.515860860933516158e-02
6.969999999999999751e+00 2.980247199990327389e-01 2.310369381292675328e+00 5.118772831143589275e-02
6.980000000000000426e+00 2.932068271773251578e-01 1.001399079975992201e+00 -1.291196493587795646e-02
6.990000000000000213e+00 2.918897520385756450e-01 2.612778072570687726e+00 9.655278903883307562e-02
7.000000000000000000e+00 2.866774521008486620e-01 7.736281889777734122e-01 -1.425457250303893697e-02
7.009999999999999787e+00 2.864584190757658577e-01 2.389691839009615570e+00 6.743926978070924338e-02
7.020000000000000462e+00 2.819708788439156955e-01 9.745038962874907895e-02 -9.709167372779613225e-02
7.030000000000000249e+00 2.828842384566979118e-01 2.577378264877276060e+00 4.364425301863364415e-02
7.040000000000000036e+00 2.764843379872203855e-01 8.823504519823693881e-01 -2.030431144301758639e-02
7.049999999999999822e+00 2.760851480970731853e-01 1.658084460695430584e+00 -1.981384020330462237e-04
7.060000000000000497e+00 2.728482817619808376e-01 8.423664863612447817e-01 -6.023483992688423438e-02
7.070000000000000284e+00 2.708554697348273255e-01 2.690581779549209962e+00 8.590230274539778499e-02
7.080000000000000071e+00 2.649802384748741191e-01 2.935000442114909514e-01 -6.007099732376251083e-02
7.089999999999999858e+00 2.660015473271040154e-01 2.075067044407349570e+00 1.231734081502869338e-02
7.100000000000000533e+00 2.603455580771140143e-01 1.517297928501573079e+00 1.946912471536062228e-02
7.110000000000000320e+00 2.572328626487266900e-01 2.110465619775610868e+00 7.168868545990234042e-02
7.120000000000000107e+00 2.530881058701971442e-01 1.031728611831149944e+00 -6.666692062878024072e-03
7.129999999999999893e+00 2.514693951261134930e-01 2.288578237633258627e+00 6.597825623218975255e-02
7.140000000000000568e+00 2.461555211191094883e-01 1.139255203949558259e+00 4.779312845380939700e-03
7.150000000000000355e+00 2.442087013941718898e-01 2.467056550747231736e+00 9.126693188452378314e-02
7.160000000000000142e+00 2.383867095670364755e-01 1.397025930603255972e+00 4.332156674645373795e-02
7.169999999999999929e+00 2.362432614135147602e-01 2.190250843822125315e+00 8.242105219680304073e-02
7.179999999999999716e+00 2.311461905195694722e-01 1.954355540576348416e+00 8.847210646173089832e-02
7.190000000000000391e+00 2.275596396116537912e-01 1.691352884382370192e+00 6.044923126361176346e-02
7.200000000000000178e+00 2.255531628439445824e-01 4.856021003060801422e-01 -7.552649068089865858e-02
7.209999999999999964e+00 2.257354750201846783e-01 1.225398129867385055e+00 -7.511428035313012785e-02
7.219999999999999751e+00 2.217729973587793668e-01 2.012456726288328390e+00 2.324835005941024157e-02
7.230000000000000426e+00 2.170108438560373609e-01 7.530106933592430885e-01 -4.575866344760681770e-02
7.240000000000000213e+00 2.163352580112476997e-01 1.526729059486143569e+00 -2.296953515474550733e-02
7.250000000000000000e+00 2.125538649211918263e-01 8.695530289508545119e-01 -6.523436467527451987e-02
7.259999999999999787e+00 2.100057317561472570e-01 2.336444077263787999e+00 5.243433261207752771e-02
7.270000000000000462e+00 2.031452373660556088e-01 1.786859043600191432e+00 7.089954072910942262e-02
7.280000000000000249e+00 2.005286905881690229e-01 4.012299167960806656e-01 -7.343907458714236947e-02
7.290000000000000036e+00 2.001720116753771816e-01 2.032958615606052621e+00 3.366987352806938283e-03
7.299999999999999822e+00 1.940196188403756072e-01 1.133942039147359138e+00 -2.099741400048260598e-02
7.310000000000000497e+00 1.912046765398023040e-01 2.186189386612420460e+00 5.800306359616000385e-02
7.320000000000000284e+00 1.856056860842564549e-01 1.042249756718807152e+00 -7.001539964904560098e-03
7.330000000000000071e+00 1.835810363222058206e-01 2.068492728512693724e+00 4.616180982963455359e-02
7.339999999999999858e+00 1.779766722467759632e-01 1.335673491901272047e+00 1.322077531588136678e-02
7.350000000000000533e+00 1.746325221784902626e-01 2.434105547628707011e+00 9.564962280390953975e-02
7.360000000000000320e+00 1.687700235921842651e-01 7.859785824641442042e-01 -1.607338481041058198e-02
7.370000000000000107e+00 1.673829006157415700e-01 2.691911847063888530e+00 9.753417393201455066e-02
7.379999999999999893e+00 1.602243589521614997e-01 7.205065081269120819e-01 -1.691228334137302725e-02
7.390000000000000568e+00 1.604863517228765080e-01 1.073646088398406695e+00 -6.346626972183824766e-02
7.400000000000000355e+00 1.566262590704093904e-01 2.378744700872488682e+00 5.641621208748201499e-02
7.410000000000000142e+00 1.502636944077478942e-01 5.925088185318618805e-01 -4.565619952936823822e-02
7.419999999999999929e+00 1.497669304607352758e-01 1.949590055932556520e+00 1.315094616701117936e-02
7.429999999999999716e+00 1.436060168003434612e-01 1.622906715885885864e+00 2.920301597826532869e-02
7.440000000000000391e+00 1.403513499904385786e-01 7.189981594719174751e-01 -6.006454836939803532e-02
7.450000000000000178e+00 1.394089701300256501e-01 9.238552652380693786e-01 -9.311861286439510055e-02
7.459999999999999964e+00 1.350087043191998126e-01 2.904192117650849170e+00 9.740666871199152310e-02
7.469999999999999751e+00 1.260049635848644600e-01 1.421103330703802570e+00 6.347802861558127230e-02
7.480000000000000426e+00 1.247097420362242443e-01 4.998588116570686357e-01 -7.525894900810459198e-02
7.490000000000000213e+00 1.228646410665673594e-01 2.706629106732962864e+00 6.959388602463167928e-02
7.500000000000000000e+00 1.148448652626280209e-01 4.812474565479239463e-01 -4.837395964967821510e-02
7.509999999999999787e+00 1.151104064494416906e-01 1.352295887997982504e+00 -5.054305192233479738e-02
7.520000000000000462e+00 1.098483360917508062e-01 2.249321901819228753e+00 5.452327007663249070e-02
7.530000000000000249e+00 1.030183710674068831e-01 1.613381361560964677e+00 5.147240247142442771e-02
7.540000000000000036e+00 9.914355291405847759e-02 1.965427575461812237e+00 6.919146878640813902e-02
7.549999999999999822e+00 9.493126573513285815e-02 4.286868102227781585e-01 -7.266959842266824954e-02
7.560000000000000497e+00 9.375545702936184667e-02 2.500353482349676248e+00 4.951723504501712170e-02
7.570000000000000284e+00 8.589284578376543688e-02 1.028284545752737866e+00 -6.035225145358771859e-03
7.580000000000000071e+00 8.432304572862672765e-02 1.237746615023284091e+00 -3.482331837452290468e-02
7.589999999999999858e+00 8.011767525681713631e-02 2.143827511241908734e+00 4.686057550978148245e-02
7.600000000000000533e+00 7.341282419492151101e-02 1.856204309614595926e+00 6.902861619164030182e-02
7.610000000000000320e+00 6.950423109717515646e-02 7.959397230773199716e-01 -3.550784848736547594e-02
7.620000000000000107e+00 6.836826709447337003e-02 1.090445636467404222e+00 -6.903768866790760406e-02
7.629999999999999893e+00 6.354076100204975042e-02 2.815395547320760361e+00 9.833694366677761534e-02
7.640000000000000568e+00 5.474642894994850156e-02 1.659487505290725196e+00 8.383799784757964280e-02
7.650000000000000355e+00 5.233189463022325238e-02 7.208262726441472257e-01 -4.203177003679253038e-02
7.660000000000000142e+00 5.017043377476779892e-02 2.478030151882396837e+00 6.288286159993303204e-02
7.669999999999999929e+00 4.332671995409082683e-02 2.276396204478347840e-01 -8.206135555672269821e-02
7.679999999999999716e+00 4.267700572219405852e-02 2.874888293365146730e+00 8.250918149073094288e-02
7.690000000000000391e+00 3.337107731479757589e-02 1.436313631251133760e+00 5.493044705300076380e-02
7.700000000000000178e+00 3.142769218358746480e-02 6.728693783667898387e-01 -6.062737704789469828e-02
7.709999999999999964e+00 2.984059091449011922e-02 1.494778898593393190e+00 -4.086255060046015825e-02
7.719999999999999751e+00 2.438720998392701275e-02 1.814737738797844724e+00 1.911097096819987240e-02
7.730000000000000426e+00 1.937396705631221419e-02 1.017271219120631676e+00 -2.884846715372139936e-02
7.740000000000000213e+00 1.633405974148099959e-02 2.150241563003389089e+00 4.724676318949089238e-02
7.750000000000000000e+00 9.878992468037400138e-03 1.352756359841633005e+00 1.847257386879871954e-02
7.759999999999999787e+00 7.167460996456792577e-03 8.549971988362786712e-01 -5.859426948640207578e-02
7.770000000000000462e+00 4.187838053046574228e-03 2.068666877902674006e+00 2.202190197679512740e-02
7.780000000000000249e+00 -1.577980637410194165e-03 2.901646148998837105e-01 -9.718818297021764030e-02
7.790000000000000036e+00 -1.993710039225277640e-03 1.295186539982787544e+00 -7.765043693939116531e-02
7.799999999999999822e+00 -6.821458007904863258e-03 1.107164994161384364e+00 -6.775843657866967296e-02
7.810000000000000497e+00 -1.079436144408026793e-02 1.471391171167220513e+00 -2.926445759611721875e-02
7.820000000000000284e+00 -1.507888701505588798e-02 5.789876681097461120e-01 -9.761805233179643437e-02
7.830000000000000071e+00 -1.833331122738603158e-02 2.885009768843213251e+00 8.598150473273566408e-02
7.839999999999999858e+00 -2.686252899136374814e-02 3.389383926623582566e-01 -5.209820890554772710e-02
7.850000000000000533e+00 -2.691140755549759067e-02 1.469364022763010036e+00 -4.587228991098864228e-02
7.860000000000000320e+00 -3.234782850380170383e-02 1.441811706182533293e+00 -2.487153485894917637e-02
7.870000000000000107e+00 -3.780901981380976190e-02 2.472732900386021448e+00 8.814774314568837865e-02
7.879999999999999893e+00 -4.436373753027104266e-02 6.686709829383751247e-01 -2.963613417039238918e-02
7.890000000000000568e+00 -4.567419354933466985e-02 1.670233440024576188e+00 -1.377342875908053876e-02
7.900000000000000355e+00 -5.100589879953529304e-02 1.136705917557664369e+00 -4.029854549951033399e-02
7.910000000000000142e+00 -5.535951665336748956e-02 2.679437846649139310e+00 9.524900701035873829e-02
7.919999999999999929e+00 -6.253740506676801203e-02 6.298051474514458903e-01 -2.702855502654992470e-02
7.930000000000000604e+00 -6.305537607084289731e-02 9.614311550548061414e-01 -8.329251580207364114e-02
7.940000000000000391e+00 -6.722755682172043556e-02 2.260319708606389089e+00 3.159647884781532912e-02
7.950000000000000178e+00 -7.439927057514332531e-02 1.636952616320541232e+00 4.332098414309526468e-02
7.959999999999999964e+00 -7.804930149050250121e-02 1.044234747267094088e+00 -2.555179516099621850e-02
7.969999999999999751e+00 -8.062069496705936977e-02 1.130262340753097394e+00 -5.772296891002251518e-02
7.980000000000000426e+00 -8.451796376599020333e-02 1.611318559618209356e+00 -1.814970976328438013e-02
7.990000000000000213e+00 -8.954514881584345332e-02 1.397220655859024996e+00 -1.218635789752724186e-02
8.000000000000000000e+00 -9.425962478627970820e-02 2.543856689704115048e+00 9.905996067757222301e-02
8.009999999999999787e+00 -1.011581322570576646e-01 1.639698412127460481e+00 7.168706511083744459e-02
8.019999999999999574e+00 -1.045653635294304107e-01 1.479548222939307101e+00 2.418177968399026767e-02
8.029999999999999361e+00 -1.078579278122020063e-01 8.471768767353270446e-01 -6.121641042634906604e-02
8.040000000000000924e+00 -1.109012099280920899e-01 2.260127503017543837e+00 3.758290427780680565e-02
8.050000000000000711e+00 -1.175596435850748828e-01 1.709370825475037714e+00 5.179980045641272013e-02
8.060000000000000497e+00 -1.207750448410770672e-01 3.929861902004986307e-01 -8.492225226113046810e-02
8.070000000000000284e+00 -1.221224067176085448e-01 1.809502190934556776e+00 -2.410269665956858709e-02
8.080000000000000071e+00 -1.276766581843425119e-01 1.151333877655259075e+00 -3.463044049083822962e-02
8.089999999999999858e+00 -1.311111158756312067e-01 1.793948662048660880e+00 1.408626452229333470e-02
8.099999999999999645e+00 -1.361968268858135822e-01 1.666101421567792062e+00 3.061064367365759487e-02
8.109999999999999432e+00 -1.399286721981598536e-01 6.924940160706599679e-01 -6.372244232232773808e-02
8.120000000000000995e+00 -1.421856065895102106e-01 1.839827070965182054e+00 -6.068112777257134161e-03
8.130000000000000782e+00 -1.482217822964448928e-01 2.424155785768000726e+00 9.843357730717891552e-02
8.140000000000000568e+00 -1.531604945918834115e-01 -5.819629661032965640e-02 -9.682947215452518408e-02
8.150000000000000355e+00 -1.531888607684672998e-01 1.931655112613198888e+00 -2.580127763419262643e-02
8.160000000000000142e+00 -1.590722533687848050e-01 1.160983681221124941e+00 -3.313750722873902432e-02
8.169999999999999929e+00 -1.622881032424053349e-01 1.453468604082902571e+00 -1.888339599549011816e-02
8.179999999999999716e+00 -1.668365042575409574e-01 2.296929300761130222e+00 7.383874310493629411e-02
8.189999999999999503e+00 -1.721517641340735150e-01 9.183276490447429552e-01 -1.233899234010522872e-02
8.199999999999999289e+00 -1.747171000104982552e-01 2.445784829017938478e+00 7.661560029919953219e-02
8.210000000000000853e+00 -1.805960701472798802e-01 1.188563163117686283e+00 1.510796860604772529e-02
8.220000000000000639e+00 -1.830329361688116940e-01 1.365982694557006383e+00 -1.507646101307331954e-02
8.230000000000000426e+00 -1.863780273097308815e-01 1.098563994885619621e+00 -4.953938246845084742e-02
8.240000000000000213e+00 -1.900216345942616625e-01 2.402651263586576214e+00 6.472277106432608451e-02
8.250000000000000000e+00 -1.956724145805348314e-01 1.334592235294082219e+00 2.884010360065497602e-02
8.259999999999999787e+00 -1.980507379580338234e-01 8.363088756164430704e-01 -5.755478602356814410e-02
8.269999999999999574e+00 -2.002739295885370696e-01 1.111761572599864634e+00 -7.398590130898330397e-02
8.279999999999999361e+00 -2.035137886801346718e-01 1.069122054339656680e+00 -7.491373426936941138e-02
8.290000000000000924e+00 -2.074209875472883546e-01 2.632601192662387124e+00 8.181439256986103303e-02
8.300000000000000711e+00 -2.130674847803749883e-01 7.139048636441200912e-01 -1.932169248078834112e-02
8.310000000000000497e+00 -2.149444127302137797e-01 2.366793998214875572e+00 6.406155887219117107e-02
8.320000000000000284e+00 -2.204850386307575238e-01 1.891908297001924311e+00 7.907241855195537572e-02
8.330000000000000071e+00 -2.238237974456076251e-01 5.790553549869773553e-01 -5.473339044114316349e-02
8.339999999999999858e+00 -2.250797665426850780e-01 9.756324060791555786e-01 -9.348553003707781028e-02
8.349999999999999645e+00 -2.281507756890515659e-01 1.297122099904643777e+00 -6.393278269086344334e-02
8.359999999999999432e+00 -2.321494436962300290e-01 2.266795075042967067e+00 5.459574113222123715e-02
8.370000000000000995e+00 -2.364445949712218331e-01 1.037194690774439487e-01 -9.691736477576760878e-02
8.380000000000000782e+00 -2.375284122913366436e-01 2.256323193495261226e+00 1.282641200357204081e-02
8.390000000000000568e+00 -2.424861650210463349e-01 6.519526056835225347e-01 -6.174664688239064891e-02
8.400000000000000355e+00 -2.447261224921627731e-01 2.405188767170269415e+00 5.333213647604687080e-02
8.410000000000000142e+00 -2.496330432740838934e-01 1.057355394592262021e+00 -4.124860714109029880e-03
8.419999999999999929e+00 -2.519427106741630173e-01 1.697590614565735567e+00 9.815987815353449664e-03
8.429999999999999716e+00 -2.554291186910996325e-01 1.017138263492667782e+00 -4.131834861994330282e-02
8.439999999999999503e+00 -2.579828873046822735e-01 1.659967072153933687e+00 -8.684299260372549401e-03
8.449999999999999289e+00 -2.613048838167988941e-01 5.685403023155601865e-01 -9.085747941084035273e-02
8.460000000000000853e+00 -2.636239285041530600e-01 2.629576368120992491e+00 6.190392941398403792e-02
8.470000000000000639e+00 -2.687986746487514567e-01 1.832142265612392906e+00 8.149978467522681069e-02
8.480000000000000426e+00 -2.718433871425183779e-01 1.632773269157587581e+00 5.052950394367328180e-02
8.490000000000000213e+00 -2.746316846669453748e-01 1.318726494509502967e+00 -8.755455104297038549e-04
8.500000000000000000e+00 -2.774633890151480542e-01 2.267481223381808242e+00 6.875686988880536088e-02
8.509999999999999787e+00 -2.808832615182685899e-01 9.666429410925719834e-02 -9.923582484016862937e-02
8.519999999999999574e+00 -2.821098123643140387e-01 2.494855580837763043e+00 3.319148139764216410e-02
8.529999999999999361e+00 -2.866125736798951218e-01 1.691198861703629985e+00 5.347718346311003401e-02
8.540000000000000924e+00 -2.891378753136349400e-01 8.802440572518412942e-01 -3.466875256154598739e-02
8.550000000000000711e+00 -2.912899448582033091e-01 2.482367108220280283e+00 7.131433818879559516e-02
8.560000000000000497e+00 -2.947866943947036744e-01 1.720078601319936090e-02 -9.996199967853131030e-02
8.570000000000000284e+00 -2.958982453063790929e-01 2.429688033162289873e+00 2.642404228772748942e-02
8.580000000000000071e+00 -2.996907166492684960e-01 7.835061531508950017e-01 -3.979520380387688988e-02
8.589999999999999858e+00 -3.015449452590404089e-01 2.011396503630217492e+00 2.572558475203048922e-02
8.599999999999999645e+00 -3.045616641262449131e-01 7.773717975193595864e-01 -4.972826808994133124e-02
8.609999999999999432e+00 -3.062772538695927027e-01 1.223843279603737733e+00 -5.804402598261024920e-02
8.620000000000000995e+00 -3.087901190486905811e-01 2.001082480931004604e+00 2.523207736110699706e-02
8.630000000000000782e+00 -3.118186198820372956e-01 1.252568253892235139e+00 -6.130358767640203821e-04
8.640000000000000568e+00 -3.137631910156134518e-01 9.002559843958692909e-01 -6.254386233819361762e-02
8.650000000000000355e+00 -3.159461120039467885e-01 2.628013360234367379e+00 7.723498598246023028e-02
8.660000000000000142e+00 -3.193162628048845098e-01 1.730098173379396753e+00 7.647733239747195322e-02
8.669999999999999929e+00 -3.214516628577975266e-01 1.269125890173742777e+00 9.913681005896846088e-03
8.679999999999999716e+00 -3.234385362047622059e-01 1.963137740353032346e+00 4.121920550741181577e-02
8.689999999999999503e+00 -3.258686888322084307e-01 1.170738091870997755e+00 -9.722652989292784875e-03
8.700000000000001066e+00 -3.278070229271751734e-01 2.212918543611175348e+00 6.028867287417358223e-02
8.710000000000000853e+00 -3.303566382626182407e-01 1.800821009781465865e+00 6.677124925620489537e-02
8.720000000000000639e+00 -3.324284395854146812e-01 1.724226231067361281e+00 5.283193985677347992e-02
8.730000000000000426e+00 -3.342986879622512619e-01 7.601968602133084563e-01 -5.137023214370966401e-02
8.740000000000000213e+00 -3.357589708294821951e-01 8.937091317133997181e-01 -9.510230796040337886e-02
8.750000000000000000e+00 -3.375252735319428932e-01 2.267905589126007371e+00 3.165061565826216006e-02
8.759999999999999787e+00 -3.398102439499002814e-01 9.783257588894193058e-01 -1.774846110331437798e-02
8.769999999999999574e+00 -3.414209833499946001e-01 2.424272423934981546e+00 7.885216902278094353e-02
8.779999999999999361e+00 -3.435161768422172468e-01 1.729278280583811833e+00 7.196950550934175239e-02
8.790000000000000924e+00 -3.451951114551636279e-01 1.253763210598631161e+00 6.750418799047613883e-03
8.800000000000000711e+00 -3.467203039747993598e-01 1.301350514843317985e+00 -2.451116986889749494e-02
8.810000000000000497e+00 -3.482916560606575951e-01 2.060292549993779421e+00 4.259790818507108723e-02
8.820000000000000284e+00 -3.500291478350972540e-01 1.621723718061296227e+00 4.187393910248080053e-02
8.830000000000000071e+00 -3.515622266419842212e-01 1.669775760891938576e+00 3.645657862760287582e-02
8.839999999999999858e+00 -3.530347859854461867e-01 2.021853107520290127e+00 6.848481086806712526e-02
8.849999999999999645e+00 -3.545072510901510765e-01 1.294856999003930698e+00 1.546371704896534749e-02
8.859999999999999432e+00 -3.558699143355231742e-01 1.521379468303917237e+00 3.208695968041047619e-03
8.870000000000000995e+00 -3.571886619283531350e-01 1.513987996439142281e+00 3.381626721480318620e-03
8.880000000000000782e+00 -3.584793533924640618e-01 2.244629528342221736e+00 7.779613160386930626e-02
8.890000000000000568e+00 -3.597229360828394507e-01 7.646498290808214637e-01 -2.664977331447437869e-02
8.900000000000000355e+00 -3.609808974431232831e-01 2.431967069770540668e+00 6.838317196208096305e-02
8.910000000000000142e+00 -3.619925747174965736e-01 1.052306167871104536e+00 9.779127516358621097e-04
8.919999999999999929e+00 -3.632826260472923341e-01 7.345752425728448998e-01 -8.293220984613465518e-02
8.929999999999999716e+00 -3.644015761689319843e-01 1.851148642188715998e+00 -1.020360253748073265e-02
8.939999999999999503e+00 -3.652909275950301238e-01 9.921585313180043553e-01 -4.176072047082540067e-02
8.950000000000001066e+00 -3.664030607637456805e-01 1.761968715793421625e+00 5.577008932768051652e-03
8.960000000000000853e+00 -3.671352430556323876e-01 2.101435682504750879e+00 7.066197106707891584e-02
8.970000000000000639e+00 -3.679427164398785810e-01 4.414575984111041573e-01 -6.410889455590854102e-02
8.980000000000000426e+00 -3.691774132196779523e-01 1.910970480039077657e+00 -4.955075141595280397e-03
8.990000000000000213e+00 -3.695842095983987718e-01 1.589173015111501108e+00 1.650045034703821745e-02
9.000000000000000000e+00 -3.703041197388912686e-01 1.933510099453291442e+00 5.396406230016381755e-02
9.009999999999999787e+00 -3.707342838777596961e-01 2.096394546270107906e+00 8.819539250027494393e-02
9.019999999999999574e+00 -3.712349968334466288e-01 1.168690830445510587e+00 1.012157624701534586e-02
9.029999999999999361e+00 -3.720068336358900440e-01 2.414442358668476007e+00 8.432360377247580252e-02
9.040000000000000924e+00 -3.721415019269522229e-01 6.928215483786858142e-01 -3.268820753089189679e-02
9.050000000000000711e+00 -3.732027647779934121e-01 2.335506590682942196e+00 5.286395426353202032e-02
9.060000000000000497e+00 -3.729382229167863549e-01 1.668550128734046289e+00 5.274509166354687806e-02
9.070000000000000284e+00 -3.735177551275410401e-01 1.366632677503205828e+00 1.025579615425549485e-02
9.080000000000000071e+00 -3.742126579748862869e-01 8.487029062791637823e-01 -6.524225625450180699e-02
9.089999999999999858e+00 -3.749240439498134347e-01 1.648330042759368785e+00 -2.275914086794499080e-02
9.099999999999999645e+00 -3.749549367821851664e-01 1.100849731163209944e+00 -4.182997635215466442e-02
9.109999999999999432e+00 -3.752475785360548932e-01 2.638742872703037090e+00 9.337572385301692868e-02
9.120000000000000995e+00 -3.744386851819324069e-01 1.185140183078129184e+00 2.892449219509216074e-02
9.130000000000000782e+00 -3.750389784342549326e-01 2.289772182726619310e+00 8.180756735239833044e-02
9.140000000000000568e+00 -3.745814835199842707e-01 6.555264866058622131e-01 -4.076804607312254497e-02
9.150000000000000355e+00 -3.756111060293479409e-01 1.706563520390027122e+00 -1.421198828284231386e-02
9.160000000000000142e+00 -3.750557213750314034e-01 1.651041550168891092e+00 1.347446513971257975e-02
9.169999999999999929e+00 -3.750164440385350684e-01 1.103629803645661545e+00 -2.905436332193814253e-02
9.179999999999999716e+00 -3.753358610106192761e-01 1.595802631004881622e+00 -8.700074569210250464e-03
9.189999999999999503e+00 -3.748383947705076769e-01 1.704835502086825327e+00 1.986141144022619820e-02
9.200000000000001066e+00 -3.747478342016314357e-01 4.216671846201512919e-01 -9.434280512988453549e-02
9.210000000000000853e+00 -3.756385558059536778e-01 1.752308347681539091e+00 -3.203776902056508502e-02
9.220000000000000639e+00 -3.748003744491574807e-01 5.415971243551749303e-01 -9.995566005794037645e-02
9.230000000000000426e+00 -3.753457095433305191e-01 2.002711316821239151e+00 -3.492475599665409436e-03
9.240000000000000213e+00 -3.737405016148240278e-01 1.602302174190370243e+00 2.160013301608805503e-02
9.250000000000000000e+00 -3.736788066225045224e-01 5.661594817315075412e-01 -8.140190798686648688e-02
9.259999999999999787e+00 -3.742208303359799149e-01 1.499830127343810604e+00 -5.158111957104066086e-02
9.269999999999999574e+00 -3.727953598516426936e-01 2.311302480709208407e+00 6.079836421180273565e-02
9.279999999999999361e+00 -3.708648465843730202e-01 1.785913675268493428e+00 6.805631196991954179e-02
9.290000000000000924e+00 -3.705214756723700931e-01 9.988727332202756992e-01 -2.245334914592707343e-02
9.300000000000000711e+00 -3.702466368263080398e-01 2.388611195747589733e+00 6.284474610824536400e-02
9.310000000000000497e+00 -3.683619825584353857e-01 6.819703246102943872e-01 -4.457194939357145280e-02
9.320000000000000284e+00 -3.688400028179519841e-01 2.288809204455169777e+00 4.122164446269632743e-02
9.330000000000000071e+00 -3.665574121891009840e-01 1.312276517702330780e+00 9.091324731422892325e-03
9.339999999999999858e+00 -3.664247486363870765e-01 1.410028342241906207e+00 -1.198018421946751844e-02
9.349999999999999645e+00 -3.653905067312537835e-01 1.918363316705684607e+00 3.128845523475531909e-02
9.359999999999999432e+00 -3.642705631761893881e-01 3.414313165932781891e-01 -9.732186418056201771e-02
9.370000000000000995e+00 -3.652628117274561714e-01 1.445068259630859719e+00 -6.751131145832894864e-02
9.380000000000000782e+00 -3.635858990465092866e-01 1.348202298900701868e+00 -4.123530712240870699e-02
9.390000000000000568e+00 -3.622901591041730596e-01 2.023636010825306641e+00 3.611252195391961850e-02
9.400000000000000355e+00 -3.600338300606062969e-01 1.672000006071606260e+00 4.124706267227484791e-02
9.410000000000000142e+00 -3.588208977649036679e-01 1.706614793194476176e+00 3.615216483720534724e-02
9.419999999999999929e+00 -3.571630307970978246e-01 1.918725981873575570e+00 5.352342131274848147e-02
9.429999999999999716e+00 -3.558496280879862028e-01 4.234280915094909559e-01 -8.408968779725307929e-02
9.439999999999999503e+00 -3.567809664116201041e-01 1.291102885722898108e+00 -7.882221831692906577e-02
9.450000000000001066e+00 -3.543636772768970489e-01 2.567682794473596708e+00 7.107023205242277153e-02
9.460000000000000853e+00 -3.513218014993432781e-01 7.105262391240109165e-01 -2.863244940777312508e-02
9.470000000000000639e+00 -3.517170287363491910e-01 1.930877830155305119e+00 1.367425809670194670e-02
9.480000000000000426e+00 -3.490205099504480324e-01 1.409566805285983992e+00 7.005611466828487455e-04
9.490000000000000213e+00 -3.477028914388146097e-01 1.795236217496670728e+00 2.533251426752491930e-02
9.500000000000000000e+00 -3.460551323966900017e-01 5.257665889958308414e-01 -8.461065775440955450e-02
9.509999999999999787e+00 -3.458220376739020718e-01 2.590202331168891980e+00 5.395804527328287858e-02
9.519999999999999574e+00 -3.420186048526773215e-01 3.286441224838188568e-01 -7.531953436736926744e-02
9.529999999999999361e+00 -3.427047486712252455e-01 2.401229199871231845e+00 3.627489236680703222e-02
9.540000000000000924e+00 -3.386761294888182006e-01 1.006394449358668508e+00 -1.957158016985785509e-02
9.550000000000000711e+00 -3.382765927992412158e-01 1.673853098321771649e+00 -1.547672787572326736e-03
9.560000000000000497e+00 -3.355802276202575762e-01 1.849597430032547507e+00 3.433874687214891197e-02
9.570000000000000284e+00 -3.333196207839945191e-01 1.064045037947315198e+00 -2.579944986087263914e-02
9.580000000000000071e+00 -3.329377357468875087e-01 8.060641937263406387e-01 -9.079250572970556932e-02
9.589999999999999858e+00 -3.311597400174224326e-01 2.941624700587962771e+00 9.284231034432111063e-02
9.599999999999999645e+00 -3.259427712235106744e-01 9.027572322514392233e-01 4.535379881583187500e-03
9.609999999999999432e+00 -3.258767091657245318e-01 2.121896266931651898e+00 4.842892821217217869e-02
9.620000000000000995e+00 -3.223400493884536200e-01 1.313611252312161692e+00 6.258966744834504325e-03
9.630000000000000782e+00 -3.206809523633596948e-01 2.200286853032213052e+00 6.393738053399444787e-02
9.640000000000000568e+00 -3.171668954039934540e-01 1.291421504448355240e+00 1.292323581754517559e-02
9.650000000000000355e+00 -3.165351764943143409e-01 7.753964328758671254e-01 -7.544862432256081719e-02
9.660000000000000142e+00 -3.153461783567647614e-01 2.251623924907738328e+00 2.838131293116105680e-02
9.669999999999999929e+00 -3.114170256596432984e-01 5.779644125483209827e-01 -6.545186611260314646e-02
9.679999999999999716e+00 -3.110185635166272666e-01 2.582629465949914049e+00 6.473082700332552508e-02
9.689999999999999503e+00 -3.056781672777565961e-01 1.409395712780051380e+00 3.621232009456307188e-02
9.700000000000001066e+00 -3.039226407042426303e-01 2.286468215028868212e+00 8.796172762862153327e-02
9.710000000000000853e+00 -3.000379303390282582e-01 1.320232943995988562e+00 2.581615790830210644e-02
9.720000000000000639e+00 -2.991710029251400393e-01 9.361913124928037400e-01 -5.496738050904579481e-02
9.730000000000000426e+00 -2.977024789287420758e-01 1.974947969178447504e+00 1.142750916505660963e-02
9.740000000000000213e+00 -2.933306938184885304e-01 1.905964989626801387e+00 5.435445539197941711e-02
9.750000000000000000e+00 -2.902714155484383829e-01 1.636149103307197539e+00 4.237765950501526380e-02
9.759999999999999787e+00 -2.882541710953603342e-01 1.021601356813175654e+00 -3.154065879970298358e-02
9.769999999999999574e+00 -2.866643323785366126e-01 2.058013625647310274e+00 3.107023012076085000e-02
9.779999999999999361e+00 -2.819239772065551541e-01 2.152934554569616132e+00 8.705381226021488561e-02
9.790000000000000924e+00 -2.783664147254943932e-01 1.418482535945318368e+00 3.696200861990708852e-02
9.800000000000000711e+00 -2.769595048790218783e-01 1.146468166018941082e+00 -2.653971954950624934e-02
9.810000000000000497e+00 -2.745214981851368252e-01 2.530668314982600364e+00 8.215166607668569765e-02
9.820000000000000284e+00 -2.689525035327286484e-01 1.644192055465261371e+00 6.552483854563453947e-02
9.830000000000000071e+00 -2.666527267202396523e-01 1.953754931225341718e+00 7.103675205343354393e-02
9.839999999999999858e+00 -2.640281479531589870e-01 3.866310652741423715e-01 -7.863172466133967753e-02
9.849999999999999645e+00 -2.644264336054019116e-01 1.624581763290086300e+00 -4.183423327186239910e-02
9.859999999999999432e+00 -2.597870189374087424e-01 2.196604708071566936e+00 5.802556053204047104e-02
9.870000000000000995e+00 -2.558297050502089665e-01 6.387298578677754746e-01 -4.503850082306315450e-02
9.880000000000000782e+00 -2.561603506810222197e-01 9.756830217289104157e-01 -8.525881288842879213e-02
9.890000000000000568e+00 -2.530824614162796027e-01 2.284744462736648885e+00 3.665320249451717305e-02
9.900000000000000355e+00 -2.472535136659096133e-01 1.759764574213278809e+00 5.985399129580779021e-02
9.910000000000000142e+00 -2.442418364676506581e-01 1.491276496289235531e+00 2.835356162807292635e-02
9.919999999999999929e+00 -2.418639190180749410e-01 1.108731583002796395e+00 -3.103133271499909640e-02
9.929999999999999716e+00 -2.395030583056825535e-01 1.837433086597963117e+00 1.195466379350973440e-02
9.939999999999999503e+00 -2.358461115882937165e-01 4.178509062987593170e-01 -9.569600971050791494e-02
9.950000000000001066e+00 -2.351250096433193382e-01 2.193986917577721574e+00 1.253233115061162806e-02
9.960000000000000853e+00 -2.285751857162571787e-01 2.005288102305102349e+00 7.136023494301563241e-02
9.970000000000000639e+00 -2.255008778796716296e-01 2.589207190175990547e-01 -8.438935299708599791e-02
9.980000000000000426e+00 -2.256766532511899348e-01 1.858366174215741573e+00 -2.333612069043360104e-02
9.990000000000000213e+00 -2.206001020973378801e-01 8.366033227934351890e-01 -6.702725649470267499e-02
1.000000000000000000e+01 -2.188974870193942934e-01 1.615490639832202424e+00 -2.399842067334870266e-02
1.000999999999999979e+01 -2.150803520715803829e-01 5.649923748972666138e-01 -9.739846532502294263e-02
1.001999999999999957e+01 -2.130020750025105325e-01 2.697291833696947361e+00 6.555258396622906658e-02
1.002999999999999936e+01 -2.056242265842481431e-01 9.852907002974167217e-01 -7.513379317464208285e-04
1.004000000000000092e+01 -2.044396286446614475e-01 1.487390925703562461e+00 -1.281638688754424549e-02
1.005000000000000071e+01 -2.002337885504233139e-01 1.793396704013906939e+00 2.035894312729025213e-02
1.006000000000000050e+01 -1.952446809884267886e-01 2.086390735533410812e+00 7.000564085098009981e-02
1.007000000000000028e+01 -1.909423353525044886e-01 7.235851797782543171e-01 -4.174785503512246088e-02
1.008000000000000007e+01 -1.901227433515548793e-01 1.388813682064086397e+00 -4.649660551894410632e-02
1.008999999999999986e+01 -1.865056458652525617e-01 8.098570758478532694e-01 -9.010115845756766495e-02
1.009999999999999964e+01 -1.843133304819980778e-01 1.491514559630394032e+00 -4.672018125334183314e-02
1.010999999999999943e+01 -1.802710689302110536e-01 7.748917917655613330e-01 -8.675763035904743292e-02
1.012000000000000099e+01 -1.785156627550776864e-01 1.022051291290615671e+00 -9.168830256522253475e-02
1.013000000000000078e+01 -1.745557453940205506e-01 2.024980884887922716e+00 1.054611244207341592e-02
1.014000000000000057e+01 -1.691257316072338757e-01 6.895898046435302575e-01 -6.323302251928908380e-02
1.015000000000000036e+01 -1.680044575425014286e-01 1.046381598395819346e+00 -8.514845558691573613e-02
1.016000000000000014e+01 -1.632659036674538044e-01 2.765309519058382293e+00 8.334294828266805566e-02
1.016999999999999993e+01 -1.562168790780943950e-01 2.195372010693610598e-01 -7.025322150587534620e-02
1.017999999999999972e+01 -1.568950091612922593e-01 1.240906009112285879e+00 -8.103384185520644267e-02
1.018999999999999950e+01 -1.512387600346918048e-01 2.843363421880113151e+00 9.413561166544054393e-02
1.020000000000000107e+01 -1.433196856602000357e-01 1.212854068136459462e+00 3.339339278032721348e-02
1.021000000000000085e+01 -1.410774238756329069e-01 1.935357814952044508e+00 4.515080833396623028e-02
1.022000000000000064e+01 -1.359217972893735082e-01 1.447930495397853345e+00 1.264079916403910986e-02
1.023000000000000043e+01 -1.331477334861301820e-01 6.535512136075612988e-01 -8.592205717596415604e-02
1.024000000000000021e+01 -1.304735559295202851e-01 2.723215011822855747e+00 6.837544808250892170e-02
1.025000000000000000e+01 -1.228774627904601485e-01 8.375248294300052798e-01 -1.639419915894843593e-02
1.025999999999999979e+01 -1.218096820188259155e-01 1.495109083487270896e+00 -2.150643512476524410e-02
1.026999999999999957e+01 -1.178238385997266574e-01 8.776100757336959823e-01 -7.293815119912215594e-02
1.027999999999999936e+01 -1.155868861645764911e-01 1.118731395446829868e+00 -7.735602283374390375e-02
1.029000000000000092e+01 -1.114715717174575710e-01 1.893128742593210845e+00 4.449186582059685979e-03
1.030000000000000071e+01 -1.058114161714062140e-01 1.512501002014377427e+00 1.374871791382252517e-02
1.031000000000000050e+01 -1.019971796318586699e-01 1.479047391583282023e+00 3.737108549215856224e-03
1.032000000000000028e+01 -9.781708851530220017e-02 1.740232642763088089e+00 2.262493559084285955e-02
1.033000000000000007e+01 -9.255557476140678641e-02 2.150797306983001089e+00 7.552869261748804131e-02
1.033999999999999986e+01 -8.732894450679394571e-02 1.121412982492206112e+00 8.409689889107702099e-04
1.034999999999999964e+01 -8.508850920064131573e-02 1.370696178700377743e+00 -2.417046426002629478e-02
1.035999999999999943e+01 -8.130339994982754837e-02 1.153337326043610389e+00 -4.868545948391445055e-02
1.037000000000000099e+01 -7.806300118805306609e-02 1.356011659735020025e+00 -3.863067150901505070e-02
1.038000000000000078e+01 -7.367920176496713103e-02 1.773406359917766517e+00 1.216141067180684376e-02
1.039000000000000057e+01 -6.832561133645098650e-02 1.970258006807325657e+00 5.907446823327280883e-02
1.040000000000000036e+01 -6.358541542630423427e-02 1.061258885571487065e+00 -1.177579401359207800e-02
1.041000000000000014e+01 -6.168734363666178444e-02 7.259991320623004896e-01 -9.184753453827712577e-02
1.041999999999999993e+01 -5.924725632055812680e-02 1.376083430563477261e+00 -6.236909925144595856e-02
1.042999999999999972e+01 -5.482864879452045703e-02 8.924132952335467328e-01 -8.186955331500825328e-02
1.043999999999999950e+01 -5.183914309159021877e-02 1.538849201205080286e+00 -3.333131719404434923e-02
1.045000000000000107e+01 -4.642067278029390204e-02 1.942080837594925002e+00 3.687533161418851679e-02
1.046000000000000085e+01 -4.099840606128751092e-02 1.424709280511007536e+00 1.814294638097395385e-02
1.047000000000000064e+01 -3.712969358384476948e-02 1.779998140498366244e+00 3.242551799164813953e-02
1.048000000000000043e+01 -3.234391684893585250e-02 1.251840103698805606e+00 -9.080973815908180424e-03
1.049000000000000021e+01 -2.945713423445604079e-02 8.130078704230773168e-01 -7.804389260977860621e-02
1.050000000000000000e+01 -2.666113116522670495e-02 1.521348401284280394e+00 -4.074880899213143004e-02
1.050999999999999979e+01 -2.148390251204155763e-02 1.639187403610937732e+00 2.192095784290054583e-03
1.051999999999999957e+01 -1.682281193237112130e-02 1.420755077472009464e+00 -5.670069854692705302e-04
1.052999999999999936e+01 -1.323239330423519808e-02 9.875413504321537417e-01 -5.126772242341213343e-02
1.054000000000000092e+01 -9.462556824375072118e-03 2.447119787659657320e+00 6.506031163337172574e-02
1.055000000000000071e+01 -2.813714379607266339e-03 9.168384315693892672e-01 -1.333733280259200016e-02
1.056000000000000050e+01 -1.834409415311990805e-04 2.366353541565407781e+00 6.909122503213604993e-02
1.057000000000000028e+01 5.850654777189501395e-03 6.084141565790357475e-01 -4.690147393369770157e-02
1.058000000000000007e+01 8.049266510272852851e-03 2.754805947984621195e+00 8.838791717462599062e-02
1.058999999999999986e+01 1.490555218915590001e-02 1.344809525221683510e-01 -7.762853071975497898e-02
1.059999999999999964e+01 1.554970589422625601e-02 2.605372125119066684e+00 5.383649810295113025e-02
1.060999999999999943e+01 2.236888249514890764e-02 9.597021839246644426e-02 -9.596270939805613687e-02
1.062000000000000099e+01 2.249620240783506073e-02 1.580434089821336041e+00 -5.273586729169779663e-02
1.063000000000000078e+01 2.861513781259360234e-02 2.391384410322445753e+00 7.411066086203865755e-02
1.064000000000000057e+01 3.438685508542917851e-02 6.800625848069451473e-01 -2.997900003774256472e-02
1.065000000000000036e+01 3.663285106282242881e-02 2.636096130868127219e+00 8.649589861175721595e-02
1.066000000000000014e+01 4.414626540242951036e-02 1.811962114331687745e+00 8.588340012457135186e-02
1.066999999999999993e+01 4.816906311001206697e-02 1.724031410786372343e+00 6.003851537870105726e-02
1.067999999999999972e+01 5.189997446613296705e-02 1.052040845794787405e+00 -2.077891015503685601e-02
1.068999999999999950e+01 5.518965010628231610e-02 2.404291972277909917e+00 7.165370068719548180e-02
1.070000000000000107e+01 6.111066331223750231e-02 9.446941300026415744e-01 -8.579132614236123500e-03
1.071000000000000085e+01 6.267915412473598624e-02 8.679161415511951194e-01 -7.476556098287444330e-02
1.072000000000000064e+01 6.623535613985778725e-02 2.590032505613418135e+00 7.039167378383567875e-02
1.073000000000000043e+01 7.321867695344723426e-02 1.589214887795266096e+00 6.324934088437916824e-02
1.074000000000000021e+01 7.584006278569459247e-02 4.689271344219155258e-01 -7.288691190953913712e-02
1.075000000000000000e+01 7.803158425955490640e-02 2.710682675905688566e+00 7.330530339569157894e-02
1.075999999999999979e+01 8.503400337099181749e-02 9.718466435866248698e-01 3.792610620750244688e-03
1.076999999999999957e+01 8.730821791035496549e-02 2.037397263379934209e+00 4.871815170243520843e-02
1.077999999999999936e+01 9.207525582185951962e-02 7.177073111409637551e-01 -4.636479584006811955e-02
1.079000000000000092e+01 9.376459221426260149e-02 1.221608503377472399e+00 -5.690770323567007072e-02
1.080000000000000071e+01 9.827182838030976142e-02 2.418170276116848871e+00 6.966256298153561399e-02
1.081000000000000050e+01 1.041067035452212103e-01 1.177816266875285622e+00 2.004275961171944620e-02
1.082000000000000028e+01 1.062556577802952901e-01 7.359984292654850879e-01 -7.045890687826970866e-02
1.083000000000000007e+01 1.087892544116373650e-01 1.621797282326467249e+00 -2.682598274965866669e-02
1.083999999999999986e+01 1.140114154314672695e-01 2.234187304812445429e+00 7.180716364429240439e-02
1.084999999999999964e+01 1.190227042369455118e-01 9.468091060976274731e-01 -6.343283657170697976e-03
1.085999999999999943e+01 1.211331048641796360e-01 1.275162827350339478e+00 -3.262942087752132569e-02
1.087000000000000099e+01 1.248170948346591785e-01 1.319185350202005447e+00 -3.180922702319381734e-02
1.088000000000000078e+01 1.289618059918187232e-01 2.252763550860312769e+00 6.492884044679356204e-02
1.089000000000000057e+01 1.341050444525797580e-01 9.538336769494980549e-01 -9.140194492042022500e-03
1.090000000000000036e+01 1.369668517204899738e-01 2.517560525725874854e+00 8.967070054694523118e-02
1.091000000000000014e+01 1.423780881647228880e-01 5.597289553514016580e-01 -3.755996981968532517e-02
1.091999999999999993e+01 1.442403416233991043e-01 2.329365177224428596e+00 5.129606583381704499e-02
1.092999999999999972e+01 1.495209587904396120e-01 6.824818514527288826e-01 -4.285890146186275423e-02
1.093999999999999950e+01 1.517621094990210528e-01 2.324962513184560819e+00 5.356776039516358834e-02
1.095000000000000107e+01 1.566220831837018268e-01 1.196680444008210581e-01 -9.648040470453903006e-02
1.096000000000000085e+01 1.573616382705185501e-01 1.349506427612689352e+00 -7.403580368768328257e-02
1.097000000000000064e+01 1.615408845311449015e-01 1.260334153908932997e+00 -4.814861869409421680e-02
1.098000000000000043e+01 1.655138132929758199e-01 2.380262870905168970e+00 7.401839292628720202e-02
1.099000000000000021e+01 1.704412295181780557e-01 6.160126231249566375e-01 -3.550032473068143180e-02
1.100000000000000000e+01 1.723027870642964976e-01 1.750536156891903117e+00 -3.294891759836771072e-03
1.100999999999999979e+01 1.764160342215748412e-01 6.460973165911068072e-01 -7.859109599105225386e-02
1.101999999999999957e+01 1.789157399760422928e-01 2.055107096066927763e+00 1.333565720393373177e-02
1.102999999999999936e+01 1.834660892487469386e-01 4.687733772230568974e-01 -8.080109321132332434e-02
1.104000000000000092e+01 1.851614476402234089e-01 1.238598801870424371e+00 -7.167953243537530938e-02
1.105000000000000071e+01 1.893801181865246153e-01 2.379666453278679761e+00 6.019447903821523171e-02
1.106000000000000050e+01 1.941105169451078083e-01 5.164263792198241498e-01 -5.121794275147772968e-02
1.107000000000000028e+01 1.955841717181516781e-01 9.823570939381000011e-01 -8.774925778170404589e-02
1.108000000000000007e+01 1.991863600078526142e-01 2.119575212413927101e+00 2.036497604705533870e-02
1.108999999999999986e+01 2.035469009962742604e-01 5.302386736094054642e-01 -7.069996879586402938e-02
1.109999999999999964e+01 2.052661599223741251e-01 1.024400149898225365e+00 -8.943665525124010196e-02
1.110999999999999943e+01 2.090889268918751653e-01 2.569019509730861905e+00 6.611046330576308971e-02
1.112000000000000099e+01 2.140299341517472864e-01 7.792939514768538745e-01 -2.056343580916793201e-02
1.113000000000000078e+01 2.164572353073584976e-01 2.450304495935505589e+00 7.309501521434752513e-02
1.114000000000000057e+01 2.213840973946621937e-01 1.543179031946126711e+00 4.880629361057786664e-02
1.115000000000000036e+01 2.240757293400120753e-01 7.222851157526284371e-01 -5.980719400201022634e-02
1.116000000000000014e+01 2.260696972508755009e-01 1.070483805066980487e+00 -8.303774082280142299e-02
1.116999999999999993e+01 2.290589256133121476e-01 1.216617509910006278e+00 -6.572854951860532258e-02
1.117999999999999972e+01 2.322562959739191690e-01 1.736153664709051192e+00 -1.083967106564692751e-03
1.118999999999999950e+01 2.357902492513771486e-01 1.116492266750812812e+00 -2.845037208548027718e-02
1.120000000000000107e+01 2.387475047470935530e-01 2.326318159449609180e+00 6.639640863381268687e-02
1.121000000000000085e+01 2.428186815337221027e-01 1.013108705573924295e+00 -6.151831389284836971e-03
1.122000000000000064e+01 2.451568840091014334e-01 1.739059459999885426e+00 1.094994008876452873e-02
1.123000000000000043e+01 2.484833618962981605e-01 1.196201537070761933e+00 -2.250955110851964036e-02
1.124000000000000021e+01 2.513175314737426946e-01 2.153211391879388703e+00 5.098006767299897990e-02
1.125000000000000000e+01 2.550741702240271191e-01 1.550438547895520491e+00 3.778795825723479940e-02
1.125999999999999979e+01 2.578891124713011962e-01 1.725360095488666312e+00 3.715446681504469550e-02
1.126999999999999957e+01 2.610098343389030129e-01 1.880591860901382528e+00 5.431887768047757858e-02
1.127999999999999936e+01 2.639351079990182591e-01 1.026363207329505478e+00 -2.027877425657886867e-02
1.129000000000000092e+01 2.659094819730612458e-01 9.102696755245798244e-01 -7.618283175204756952e-02
1.130000000000000071e+01 2.684558174078249260e-01 2.527952070911484661e+00 6.358668882965098912e-02
1.131000000000000050e+01 2.720127786642679846e-01 6.924399238179071991e-01 -3.089550288778530884e-02
1.132000000000000028e+01 2.738880591719728974e-01 2.135718003424392553e+00 3.835252321129159481e-02
1.133000000000000007e+01 2.773778571510113200e-01 2.199221972184959739e+00 9.769318187491346506e-02
1.133999999999999986e+01 2.803366346300584788e-01 1.383199620377753236e+00 4.035234708895701905e-02
1.134999999999999964e+01 2.827434395244465826e-01 2.209203922511966844e+00 8.133714622625115576e-02
1.135999999999999943e+01 2.853574856841191165e-01 8.592319718278140783e-02 -9.732901027310239539e-02
1.137000000000000099e+01 2.867311328962504069e-01 2.356933143813215281e+00 2.074349397068402101e-02
1.138000000000000078e+01 2.897363778015637492e-01 3.935903047086251605e-01 -8.053546156236318643e-02
1.139000000000000057e+01 2.914239019562601674e-01 2.712146258243428587e+00 7.450092616488809827e-02
1.140000000000000036e+01 2.948259355312902730e-01 1.852678023365033511e+00 9.204955060625705232e-02
1.141000000000000014e+01 2.968710191460466330e-01 1.121069431809154360e-01 -9.316928449286342173e-02
1.141999999999999993e+01 2.981373143887004473e-01 1.398156928085217743e+00 -7.334772992621839405e-02
1.142999999999999972e+01 3.007362080203292987e-01 2.422886640280661030e+00 6.655220702987912906e-02
1.143999999999999950e+01 3.032954467354390671e-01 1.358469642150315959e+00 3.737728539792334326e-02
1.145000000000000107e+01 3.054760549563216299e-01 2.327230862123239596e+00 9.633155531720186127e-02
1.146000000000000085e+01 3.079368434551974509e-01 1.493395420153621700e+00 5.130183897048698483e-02
1.147000000000000064e+01 3.099116963080069675e-01 1.509374841040474591e+00 1.883801490491346375e-02
1.148000000000000043e+01 3.118673156277997349e-01 1.516277886103498451e+00 7.848650741311732904e-03
1.149000000000000021e+01 3.136526228481140155e-01 4.619443531163617833e-01 -9.802652805849690343e-02
1.150000000000000000e+01 3.153101103380963610e-01 2.613410030254771588e+00 5.676294084325891887e-02
1.150999999999999979e+01 3.174666760323565096e-01 7.631443214414730392e-01 -2.319964271846249038e-02
1.151999999999999957e+01 3.190216870253929637e-01 8.917273920823995947e-01 -7.866936009697947374e-02
1.152999999999999936e+01 3.207359952507499168e-01 1.980900764499248012e+00 9.366959422548129521e-03
1.154000000000000092e+01 3.225245096683781454e-01 1.039546612055007202e+00 -2.600745197765001737e-02
1.155000000000000071e+01 3.242202866124578864e-01 1.851211888154769225e+00 2.117159099049754911e-02
1.156000000000000050e+01 3.258732997016565713e-01 3.418218325496767407e-01 -9.666557465555192241e-02
1.157000000000000028e+01 3.273878585659408258e-01 1.389868257440321386e+00 -6.700477768497595243e-02
1.158000000000000007e+01 3.289778148716464568e-01 1.804123497971662271e+00 7.966185963713748319e-03
1.158999999999999986e+01 3.305479976556641164e-01 1.562991862873189364e+00 2.198148324479505533e-02
1.159999999999999964e+01 3.320480111194630268e-01 5.313012281681079862e-01 -8.355716814543495685e-02
1.160999999999999943e+01 3.336122812071050658e-01 2.277440362999131995e+00 2.727557508898834082e-02
1.162000000000000099e+01 3.349925573885737529e-01 1.902346437645253019e+00 6.824422967342208546e-02
1.163000000000000078e+01 3.363300532873157445e-01 7.143852128682062208e-01 -4.264327481761374244e-02
1.164000000000000057e+01 3.379268655819663847e-01 1.882736822033262536e+00 4.266155728042161921e-03
1.165000000000000036e+01 3.390424999416282725e-01 2.227474402819260568e+00 8.122385498462955655e-02
1.166000000000000014e+01 3.402537997185323126e-01 1.447096651223928720e+00 4.059193704915337042e-02
1.166999999999999993e+01 3.416403464964170023e-01 7.900989259903330453e-01 -5.865553440830664766e-02
1.167999999999999972e+01 3.429018384422635179e-01 2.829212491990984013e+00 9.329853499970075514e-02
1.168999999999999950e+01 3.435819510032334101e-01 5.532431864317988168e-01 -3.158499120752393530e-02
1.170000000000000107e+01 3.451425065493121114e-01 2.462695700456363657e+00 6.484048816578588670e-02
1.171000000000000085e+01 3.457285200241176915e-01 9.757778031727245560e-01 -9.496504855301360348e-03
1.172000000000000064e+01 3.470470342293439647e-01 2.222193458899345053e+00 5.795351244069893437e-02
1.173000000000000043e+01 3.476172694012408249e-01 1.990135607368918258e+00 8.418453482614982053e-02
1.174000000000000021e+01 3.484267239382044523e-01 1.901258960690179745e+00 8.054466678232233279e-02
1.175000000000000000e+01 3.493196989251630136e-01 1.760439551911491041e+00 6.092049213085345971e-02
1.175999999999999979e+01 3.501837270082545084e-01 8.929312549728487536e-01 -3.540553381997926796e-02
1.176999999999999957e+01 3.511999391861843622e-01 2.601916270765442185e+00 8.252593289275991784e-02
1.177999999999999936e+01 3.513038067184900415e-01 2.504031919105363380e-01 -6.933204518158392338e-02
1.179000000000000092e+01 3.529360344781219405e-01 1.510447767154228238e+00 -4.796100467546426938e-02
1.180000000000000071e+01 3.531380807076302530e-01 1.941067011624007854e+00 2.927064481431482235e-02
1.181000000000000050e+01 3.533148857667942067e-01 1.736173481690456821e+00 4.963622404838982649e-02
1.182000000000000028e+01 3.539926909774449570e-01 3.275391816482804974e-01 -8.993274336089170096e-02
1.183000000000000007e+01 3.553617726800621934e-01 1.602025201705356672e+00 -4.622716559556199617e-02
1.183999999999999986e+01 3.552742140657227932e-01 1.348320560127581169e+00 -2.619335726804528086e-02
1.184999999999999964e+01 3.555159354342849465e-01 2.266051995178826051e+00 6.944930487218395343e-02
1.185999999999999943e+01 3.554939809915924620e-01 4.406177722166791655e-02 -9.961652849444598001e-02
1.187000000000000099e+01 3.569035545548324140e-01 2.950458468472536566e+00 7.799911602840980951e-02
1.188000000000000078e+01 3.555980294834571453e-01 5.625861260158018240e-01 -3.305388830634113650e-02
1.189000000000000057e+01 3.569727701315745239e-01 2.033126125245990679e+00 2.331471074856854286e-02
1.190000000000000036e+01 3.561897043729859158e-01 2.190072516771915723e+00 8.715215744566964795e-02
1.191000000000000014e+01 3.561494338536613236e-01 1.452815350205852729e-01 -8.768029102052143919e-02
1.191999999999999993e+01 3.576571427981731222e-01 2.218309447236906706e+00 9.050690893848134522e-03
1.192999999999999972e+01 3.565452068460301938e-01 7.530037121935277966e-01 -5.555650159005427746e-02
1.193999999999999950e+01 3.572524556742695534e-01 2.236915391321768531e+00 4.044949720261389881e-02
1.195000000000000107e+01 3.560512210868632121e-01 1.824604187258055399e+00 6.356366593824955280e-02
1.196000000000000085e+01 3.560478185377707327e-01 6.820039247087992251e-01 -5.075011121589470542e-02
1.197000000000000064e+01 3.567660423799993152e-01 2.609335214266113034e+00 7.197891425388888709e-02
1.198000000000000043e+01 3.551701353222303514e-01 3.606114576155345364e-01 -6.451730589370971436e-02
1.199000000000000021e+01 3.566356590674836791e-01 1.935834069511374267e+00 -3.985546167498063563e-03
1.200000000000000000e+01 3.555016224744880216e-01 6.828653808553086790e-01 -7.374347776024280099e-02
1.200999999999999979e+01 3.561963012106003079e-01 1.530145821430707320e+00 -3.849665855658734870e-02
1.201999999999999957e+01 3.553368415842426686e-01 1.360198720203229961e+00 -2.517462241243502430e-02
1.203000000000000114e+01 3.547587671085580263e-01 1.986178600083776447e+00 3.905338300811755925e-02
1.204000000000000092e+01 3.537327462455315263e-01 8.762181147679771742e-01 -3.662997615976566756e-02
1.205000000000000071e+01 3.541553414003346667e-01 1.836115274004669118e+00 5.931065029676468869e-03
1.206000000000000050e+01 3.526599219173127686e-01 1.726824177135934724e+00 3.026404262548382240e-02
1.207000000000000028e+01 3.516524462519665661e-01 1.922543492265335718e+00 5.714706446364625769e-02
1.208000000000000007e+01 3.508601300393488498e-01 8.117373603060654697e-01 -4.129231415680141570e-02
1.208999999999999986e+01 3.516101514248763937e-01 9.364470505622969343e-01 -8.873011218791121424e-02
1.209999999999999964e+01 3.512072168831453789e-01 1.427345136482323085e+00 -5.258958462515850307e-02
1.210999999999999943e+01 3.498608780914038707e-01 1.774190690086985489e+00 9.189395427668695104e-03
1.212000000000000099e+01 3.481264514515715058e-01 2.144210433536767990e+00 7.553545155285532053e-02
1.213000000000000078e+01 3.465185186924747973e-01 1.412585276794173561e+00 3.150897378349448719e-02
1.214000000000000057e+01 3.461380922748903965e-01 1.660912860249834422e+00 2.145576209372419829e-02
1.215000000000000036e+01 3.453400697759263505e-01 4.919756423908567267e-01 -9.364551498632166238e-02
1.216000000000000014e+01 3.457090545424119088e-01 2.076852440894220830e+00 -3.926361607970163536e-04
1.216999999999999993e+01 3.431379902263381743e-01 1.034454831516577578e+00 -3.381964038729681765e-02
1.217999999999999972e+01 3.430658892396504234e-01 1.397816908609020636e+00 -3.051671467005155625e-02
1.218999999999999950e+01 3.413045251677057634e-01 2.564417184250959547e+00 9.187760910036255058e-02
1.220000000000000107e+01 3.386963033799990641e-01 2.636069020924425299e-01 -6.730651900602391269e-02
1.221000000000000085e+01 3.404769984402010174e-01 1.204806954663243612e+00 -8.232645644829868214e-02
1.222000000000000064e+01 3.388601393342465240e-01 1.492748120662991340e+00 -3.898216786473478884e-02
1.223000000000000043e+01 3.367564388653244145e-01 1.905054878496112103e+00 2.853966845746874759e-02
1.224000000000000021e+01 3.348656113798666456e-01 8.309944735952095041e-01 -4.607828304336288039e-02
1.225000000000000000e+01 3.345669909744022341e-01 2.239161910132912769e+00 4.116417208399253402e-02
1.225999999999999979e+01 3.311826794180907085e-01 1.608880288862837515e+00 3.901837391101253827e-02
1.226999999999999957e+01 3.300935317117855705e-01 1.231746676220730308e+00 -1.236118478753904515e-02
1.228000000000000114e+01 3.288244460750142095e-01 2.321621044283434632e+00 6.693985856138970347e-02
1.229000000000000092e+01 3.258670883706877297e-01 7.604341012611658401e-01 -3.524329157611282015e-02
1.230000000000000071e+01 3.260352236249787761e-01 2.064307093652520742e+00 2.463875871411477791e-02
1.231000000000000050e+01 3.228422622708433387e-01 1.401289034675940126e+00 8.004594482264607014e-03
1.232000000000000028e+01 3.221720353357110933e-01 6.384245286019647470e-01 -8.566117546575904851e-02
1.233000000000000007e+01 3.219742876440244150e-01 1.705065853629341044e+00 -3.055484618568249378e-02
1.233999999999999986e+01 3.188852170866736668e-01 1.686239091235258503e+00 1.262771049681984947e-02
1.234999999999999964e+01 3.162251993671377215e-01 2.354210214451152083e+00 9.521148894753048153e-02
1.235999999999999943e+01 3.128944691221681174e-01 1.557618024940542911e+00 5.673032937448549418e-02
1.237000000000000099e+01 3.118938738302788893e-01 1.287216134857832817e+00 -3.818600777855563067e-03
1.238000000000000078e+01 3.109008295995652205e-01 1.001175731825331816e+00 -6.070590548601133979e-02
1.239000000000000057e+01 3.097814893282291870e-01 1.384175863830044761e+00 -4.600750597821368082e-02
1.240000000000000036e+01 3.079308505176056032e-01 7.561067243408167160e-01 -9.151519561625412469e-02
1.241000000000000014e+01 3.067777475231029949e-01 2.127136940129508158e+00 1.631616242229676217e-02
1.241999999999999993e+01 3.028220134049735557e-01 1.125238232947874728e+00 -1.515395462647592395e-02
1.242999999999999972e+01 3.016451390973998170e-01 1.938993261802165025e+00 3.170854945682399784e-02
1.243999999999999950e+01 2.983242725949569185e-01 1.368821816602152186e+00 6.292506623421845191e-03
1.245000000000000107e+01 2.968085492643561807e-01 1.352669312616589181e+00 -1.664317236228514407e-02
1.246000000000000085e+01 2.948869937988087275e-01 1.315752863094662661e+00 -2.959480500857006313e-02
1.247000000000000064e+01 2.932308088252182920e-01 7.277372021984189754e-01 -9.187555069581904155e-02
1.248000000000000043e+01 2.914173966564891360e-01 2.967395222863923543e+00 9.659341411576977121e-02
1.249000000000000021e+01 2.858535912980267879e-01 -3.455482979689233208e-02 -8.496054230272696850e-02
1.250000000000000000e+01 2.883678396927452647e-01 1.182950759804958007e+00 -9.490678203455844841e-02
1.250999999999999979e+01 2.853740496110928615e-01 1.354722087417315146e+00 -5.693941639878879329e-02
1.251999999999999957e+01 2.827262479674482187e-01 9.654953023396686262e-01 -7.276275066651130552e-02
1.253000000000000114e+01 2.804498687078871844e-01 2.443724148344614822e+00 5.888656742444531300e-02
1.254000000000000092e+01 2.757065450508965343e-01 3.712491971355015297e-01 -6.967406710786910873e-02
1.255000000000000071e+01 2.763361548582307092e-01 1.682855123532554176e+00 -3.200998660571507948e-02
1.256000000000000050e+01 2.726952963856979495e-01 6.191051709145890536e-01 -9.735032380329722290e-02
1.257000000000000028e+01 2.709215986351799499e-01 2.905337321619046786e+00 8.631381754127623318e-02
1.258000000000000007e+01 2.645016888098148944e-01 5.274669106752920555e-01 -3.579192108709874920e-02
1.258999999999999986e+01 2.646106915002725546e-01 2.548754758013311417e+00 6.857568254078974523e-02
1.259999999999999964e+01 2.582983540325472505e-01 2.013277910517468960e+00 9.238696826921835581e-02
1.260999999999999943e+01 2.550926525252885657e-01 1.555637783257683537e+00 4.549040416359617645e-02
1.262000000000000099e+01 2.534311931603308587e-01 9.122323280121148459e-01 -4.785162914925822353e-02
1.263000000000000078e+01 2.519251588827471355e-01 1.838889763637836960e+00 -1.570905052688337245e-03
1.264000000000000057e+01 2.473393212626649462e-01 2.020113746489689444e+00 5.653038780309524447e-02
1.265000000000000036e+01 2.434406029470896626e-01 1.583964203643838609e+00 3.972923141018194770e-02
1.266000000000000014e+01 2.407788306277191814e-01 2.021981824058857402e+00 6.551433964616046324e-02
1.266999999999999993e+01 2.370657456946929642e-01 1.275793556052693178e+00 8.914848544360115534e-03
1.267999999999999972e+01 2.351499208583521516e-01 1.861002496733364930e+00 3.150052102995073988e-02
1.268999999999999950e+01 2.315700924159308227e-01 1.051284286915364019e+00 -2.736075518949154795e-02
1.270000000000000107e+01 2.304056336437662056e-01 1.071437589451575301e+00 -6.171874255058036607e-02
1.271000000000000085e+01 2.276043836197458314e-01 2.199723858004008825e+00 3.944805315478400187e-02
1.272000000000000064e+01 2.231959846005828196e-01 1.678792396681559052e-01 -9.942353178923953039e-02
1.273000000000000043e+01 2.232845813708585758e-01 2.688494600986996552e+00 5.677618825987901241e-02
1.274000000000000021e+01 2.169050327605592798e-01 2.191157760001052543e-02 -9.855335592038610981e-02
1.275000000000000000e+01 2.178353433995083577e-01 2.373464768443486417e+00 2.336018412632259733e-02
1.275999999999999979e+01 2.111131117563595783e-01 1.401812144902599533e+00 1.892277013213465586e-02
1.276999999999999957e+01 2.093411085104840419e-01 6.210886608889740756e-01 -7.889751584024787268e-02
1.278000000000000114e+01 2.078689558514989488e-01 2.157385866238838545e+00 1.844045835999789940e-02
1.279000000000000092e+01 2.016988913619660595e-01 1.791181946229404298e+00 5.156941265466957747e-02
1.280000000000000071e+01 1.982076626755587545e-01 1.298238451415152372e+00 7.198391643338020174e-03
1.281000000000000050e+01 1.956743169674943772e-01 1.876164288114607004e+00 3.455211012314768348e-02
1.282000000000000028e+01 1.910466503451920817e-01 1.726261879097119367e+00 4.173434254110006125e-02
1.283000000000000007e+01 1.880293759286184030e-01 7.097110270990384384e-01 -5.881802352290554925e-02
1.283999999999999986e+01 1.861685345005930636e-01 2.747820958796851620e+00 8.532330128266210623e-02
1.284999999999999964e+01 1.793864053677790837e-01 5.653728328639407996e-01 -3.449171019175552300e-02
1.285999999999999943e+01 1.793476051459750031e-01 1.978062804979731748e+00 1.674039121860590451e-02
1.287000000000000099e+01 1.745815655870505967e-01 5.370889193767678371e-01 -7.936342233704254956e-02
1.288000000000000078e+01 1.728985689384224256e-01 2.964677389332779356e+00 9.928100340782594624e-02
1.289000000000000057e+01 1.649226886622618682e-01 1.110229579846274239e+00 3.082822170847626664e-02
1.290000000000000036e+01 1.640687496826806202e-01 1.375482686119388509e+00 -7.642873306363179298e-03
1.291000000000000014e+01 1.606405008793527489e-01 1.703731562031934432e+00 1.322394925822927003e-02
1.291999999999999993e+01 1.571284182051686240e-01 4.393982245620418059e-01 -9.456233554146489806e-02
1.292999999999999972e+01 1.564857480277849766e-01 1.517150988695199709e+00 -5.198407078728269071e-02
1.293999999999999950e+01 1.508610349045385324e-01 2.595937502654669604e+00 9.493781131675835261e-02
1.295000000000000107e+01 1.451493465179420350e-01 1.556230786139218246e-02 -8.379369599417590964e-02
1.296000000000000085e+01 1.467542033855555594e-01 1.379180000450985100e+00 -7.165982119086122815e-02
1.297000000000000064e+01 1.415688012125311535e-01 1.916556787564747566e+00 1.461545223354399070e-02
1.298000000000000043e+01 1.359141626608282027e-01 1.848117737738530719e+00 5.479442506822404524e-02
1.299000000000000021e+01 1.313914086108436685e-01 1.906087972988109280e+00 7.057463205684430529e-02
1.300000000000000000e+01 1.268123813862866711e-01 1.892095186105507310e+00 7.224565656844367245e-02
1.300999999999999979e+01 1.225502080277680456e-01 1.701135483134938342e+00 5.204443128097466231e-02
1.301999999999999957e+01 1.192231131172689640e-01 9.844729409388469632e-01 -3.046845285065578890e-02
1.303000000000000114e+01 1.169514218624133212e-01 1.895712429144003064e+00 1.631623078099479762e-02
1.304000000000000092e+01 1.113296870566679309e-01 1.970892982374378377e+00 6.262462368813048741e-02
1.305000000000000071e+01 1.075411951914865827e-01 4.126244411553455782e-01 -7.223083169710582674e-02
1.306000000000000050e+01 1.075595829828395605e-01 1.135923362129678926e+00 -8.371588536906678091e-02
1.307000000000000028e+01 1.034578121155271119e-01 1.762580268997756772e+00 -8.282960830997027069e-03
1.308000000000000007e+01 9.851796905520521230e-02 1.015231929795711308e+00 -3.793193271428878938e-02
1.308999999999999986e+01 9.672077865282520392e-02 6.800550025288460976e-01 -9.925305399472356127e-02
1.309999999999999964e+01 9.400599269467020680e-02 2.025411359169595471e+00 3.372703537848797950e-03
1.310999999999999943e+01 8.789479206688864676e-02 1.058677715955206322e+00 -2.540444471558274409e-02
1.312000000000000099e+01 8.472473217727578831e-02 2.407571826854116193e+00 7.662690886839734761e-02
1.313000000000000078e+01 7.853063941081148136e-02 6.749948854294655076e-01 -3.316479486021890744e-02
1.314000000000000057e+01 7.716711128239103767e-02 2.117599951316417428e+00 3.253421271629183820e-02
1.315000000000000036e+01 7.087266757285164143e-02 1.389057388036005092e+00 1.361567608566482956e-02
1.316000000000000014e+01 6.797955743137289175e-02 1.052393890642504548e+00 -4.006667797236809769e-02
1.316999999999999993e+01 6.501249959105841192e-02 1.669758167298310392e+00 -6.477588714800058822e-03
1.317999999999999972e+01 6.023332534203754141e-02 1.196138416965871976e+00 -2.646800784290115338e-02
1.318999999999999950e+01 5.733507320741591112e-02 1.097680400213600471e+00 -5.248279000508415670e-02
1.320000000000000107e+01 5.442819590563940935e-02 9.157708354064860723e-01 -8.237549241813968415e-02
1.321000000000000085e+01 5.162383534421285253e-02 9.771798620797468304e-01 -8.957573483743015708e-02
1.322000000000000064e+01 4.815635976515370703e-02 1.320932277024639445e+00 -5.545937553757296357e-02
1.323000000000000043e+01 4.409609429976588807e-02 8.364983582556413388e-01 -8.333614297703405283e-02
1.324000000000000021e+01 4.138296233884071473e-02 1.186337766747848965e+00 -6.987375095689270232e-02
1.325000000000000000e+01 3.739885781444438062e-02 1.020015752624407357e+00 -7.501602290169905041e-02
1.325999999999999979e+01 3.364765453879901141e-02 1.575507052539353969e+00 -2.534022395304624808e-02
1.326999999999999957e+01 2.877612139201387795e-02 1.014525181204641413e+00 -5.236522979821456314e-02
1.328000000000000114e+01 2.605614763602024167e-02 7.738395520186103216e-01 -9.911822673551139162e-02
1.329000000000000092e+01 2.321286155189553058e-02 1.062654266029548378e+00 -9.341757645613271710e-02
1.330000000000000071e+01 1.797066499339620635e-02 2.898985549957707963e+00 9.801072307102151604e-02
1.331000000000000050e+01 1.017550986637167504e-02 3.110037946781951668e-01 -5.097110329097542802e-02
1.332000000000000028e+01 1.052341436594809304e-02 1.030050147799251192e+00 -9.183447972142740057e-02
1.333000000000000007e+01 5.860327266716027113e-03 2.226808127814384974e+00 2.520195796162263968e-02
1.333999999999999986e+01 -1.006014447742920818e-03 1.349827149412443861e+00 1.032820947810224321e-02
1.334999999999999964e+01 -4.127183980816817067e-03 1.276498388485004076e+00 -2.222969615663679399e-02
1.335999999999999943e+01 -8.243429736810855418e-03 2.134116085450509459e+00 4.666636673510660138e-02
1.337000000000000099e+01 -1.465704350954982402e-02 2.103726274136894503e+00 8.739658031103891833e-02
1.338000000000000078e+01 -1.918766215270956144e-02 8.774557932325330878e-01 -2.072894952103340738e-02
1.339000000000000057e+01 -2.099806846592025197e-02 1.504839392499436546e+00 -2.493483461691978209e-02
1.340000000000000036e+01 -2.569075190152243088e-02 1.646506260922363740e+00 2.836669578115569301e-03
1.341000000000000014e+01 -2.983178776233428794e-02 9.134034153277632573e-01 -5.310478005507193733e-02
1.341999999999999993e+01 -3.213731946283610724e-02 1.147206755169986048e+00 -6.520521783190927345e-02
1.342999999999999972e+01 -3.595386653913935915e-02 1.565287714585128054e+00 -2.226379677692524872e-02
1.343999999999999950e+01 -4.094068776944612131e-02 1.884285538258419823e+00 3.540380548439336916e-02
1.345000000000000107e+01 -4.512826299815678177e-02 2.801033074737941941e-01 -9.704599901610998225e-02
1.346000000000000085e+01 -4.591180461748155944e-02 1.368773442687644781e+00 -7.232095046477114708e-02
1.347000000000000064e+01 -5.140794976352165008e-02 2.386164682461527242e+00 6.162162427411668753e-02
1.348000000000000043e+01 -5.746126488223698980e-02 6.986656656935021914e-01 -3.357094167204680013e-02
1.349000000000000021e+01 -5.909929998527223977e-02 1.895308384012797553e+00 1.183118284517321872e-02
1.350000000000000000e+01 -6.401368071334621879e-02 4.789213229508125225e-01 -8.890126290562905265e-02
1.350999999999999979e+01 -6.596167132498262364e-02 2.119895464441318822e+00 1.015470200670372247e-02
1.351999999999999957e+01 -7.162055701312278200e-02 3.504273681382261696e-01 -9.445238132822592059e-02
1.353000000000000114e+01 -7.274346623739622042e-02 1.454759957191690045e+00 -5.854831275771357757e-02
1.354000000000000092e+01 -7.772735697031013524e-02 1.582891774474945112e+00 -1.042064029221038968e-02
1.355000000000000071e+01 -8.230257078587288611e-02 1.516037006420606570e+00 4.762460300499204990e-03
1.356000000000000050e+01 -8.584379331492678067e-02 6.955190670011076604e-01 -7.493832210072251532e-02
1.357000000000000028e+01 -8.832572322496275163e-02 1.846426088401942556e+00 -8.192660421431033346e-03
1.358000000000000007e+01 -9.413737025791289736e-02 2.000019370768908900e+00 5.609670030643082450e-02
1.358999999999999986e+01 -9.903659565414632548e-02 1.581414540292371829e+00 4.115748310645939156e-02
1.359999999999999964e+01 -1.024234367496078407e-01 1.078212780577710195e+00 -2.618407116137720647e-02
1.360999999999999943e+01 -1.052882904842521450e-01 1.693547187418099620e+00 -7.710637413626264536e-04
1.362000000000000099e+01 -1.102395237224851610e-01 2.060338024063737450e+00 5.980055851808616096e-02
1.363000000000000078e+01 -1.146247162046626772e-01 6.679868689779264734e-01 -4.736478748470982630e-02
1.364000000000000057e+01 -1.159678420621804151e-01 1.114033401650732724e+00 -7.195590432318876850e-02
1.365000000000000036e+01 -1.202281940808223315e-01 2.768888586794417517e+00 9.380144447018651244e-02
1.366000000000000014e+01 -1.270431565831816600e-01 1.595466610763639714e+00 7.460146968214281804e-02
1.366999999999999993e+01 -1.300694970890317881e-01 1.946657782375969648e+00 7.483756949247810653e-02
1.367999999999999972e+01 -1.339965343842731416e-01 1.112407117384116795e+00 -4.565547701700672922e-03
1.368999999999999950e+01 -1.359404906927456913e-01 6.677600498047713273e-01 -9.292958236230788871e-02
1.370000000000000107e+01 -1.387283066912039231e-01 2.479834487233628870e+00 4.859270165462772906e-02
1.371000000000000085e+01 -1.448878747618065621e-01 1.637255981586671405e+00 5.803157169657760517e-02
1.372000000000000064e+01 -1.483235327505455226e-01 2.141778003979177392e+00 9.302615772238995162e-02
1.373000000000000043e+01 -1.519277966587684880e-01 7.754410225691822645e-02 -9.284388812756844134e-02
1.374000000000000021e+01 -1.528665321473900163e-01 2.753850647862446710e+00 6.256233165940267016e-02
1.375000000000000000e+01 -1.590905823643238848e-01 6.322324203881136695e-01 -3.264037565883086411e-02
1.375999999999999979e+01 -1.605175704893900268e-01 2.067018551825580364e+00 3.331794275232372038e-02
1.376999999999999957e+01 -1.655656489625989825e-01 2.022403552371684565e+00 8.011205921123401574e-02
1.378000000000000114e+01 -1.690790488593807150e-01 5.411256074051262743e-01 -4.967637906400031167e-02
1.379000000000000092e+01 -1.708978145116317460e-01 2.845812206273521827e+00 9.868564391631384769e-02
1.380000000000000071e+01 -1.763217844697698711e-01 -1.208109854996783222e-01 -9.243026171742528552e-02
1.381000000000000050e+01 -1.760105656565961463e-01 1.342244480881249036e+00 -7.705688285412340410e-02
1.382000000000000028e+01 -1.800636577492289447e-01 1.710919526513039246e+00 -3.864451776184774090e-03
1.383000000000000007e+01 -1.842167979140357792e-01 1.797717736000904898e+00 4.379016330863344519e-02
1.383999999999999986e+01 -1.880969826762010355e-01 2.053903684313944655e+00 8.529878646025704225e-02
1.384999999999999964e+01 -1.919842127723669634e-01 1.728510799553643063e+00 6.945428951001555995e-02
1.385999999999999943e+01 -1.954200894454020676e-01 2.128595120457347889e+00 9.410266831819294464e-02
1.387000000000000099e+01 -1.989449961268212885e-01 8.959129714329258087e-01 -1.172827211506258238e-02
1.388000000000000078e+01 -2.006731129571915073e-01 1.462534522357716416e+00 -1.873692159752900210e-02
1.389000000000000057e+01 -2.040485130290072280e-01 1.714175604200809611e+00 1.789001845889123810e-02
1.390000000000000036e+01 -2.075677143152957205e-01 1.700073928060787498e+00 3.838979540228112941e-02
1.391000000000000014e+01 -2.109358481156328458e-01 2.061666595521112200e+00 8.057623103489619520e-02
1.391999999999999993e+01 -2.144001144948258220e-01 1.222942900078419326e+00 1.840468515370485836e-02
1.392999999999999972e+01 -2.168436417169535280e-01 2.272346741651043889e+00 8.119358991641711931e-02
1.393999999999999950e+01 -2.206043076847840068e-01 8.320403430234230013e-01 -1.686432683055760773e-02
1.395000000000000107e+01 -2.224010651676093242e-01 2.201092376825081409e+00 5.427168700957310521e-02
1.396000000000000085e+01 -2.265806706318060082e-01 2.106336529388603385e+00 9.961349134660227311e-02
1.397000000000000064e+01 -2.293866464629099877e-01 9.601429756617026190e-02 -8.424605905436338693e-02
1.398000000000000043e+01 -2.302905695679573483e-01 2.482182221486648022e+00 4.144880738876105530e-02
1.399000000000000021e+01 -2.349539369813374023e-01 1.886031658397274713e+00 8.063197177651301728e-02
1.400000000000000000e+01 -2.379084758131392030e-01 1.829961037463148088e+00 7.889818086936148389e-02
1.400999999999999979e+01 -2.407487940249257719e-01 1.853508358301902303e+00 7.455171810128238818e-02
1.401999999999999957e+01 -2.432851921358875347e-01 6.770323595593135124e-01 -4.425056866367447356e-02
1.403000000000000114e+01 -2.447847382695431118e-01 1.608146733106703419e+00 -1.873981903387703096e-02
1.404000000000000092e+01 -2.477934971597347824e-01 1.491637840720359875e+00 1.619339235084726880e-03
1.405000000000000071e+01 -2.506294534996696410e-01 2.344820505142488631e+00 9.393456251639209498e-02
1.406000000000000050e+01 -2.537145593036905789e-01 4.268691950135928281e-01 -4.688748585996389828e-02
1.407000000000000028e+01 -2.549333653946599942e-01 2.169009771260063779e+00 3.209922016830679681e-02
1.408000000000000007e+01 -2.584373835829005817e-01 1.709420213239004172e+00 5.195582829119826940e-02
1.408999999999999986e+01 -2.606654036711236189e-01 4.777970934371160161e-01 -7.066235361808666238e-02
1.409999999999999964e+01 -2.622872292743073097e-01 2.672405252895124317e+00 7.406875930422374132e-02
1.410999999999999943e+01 -2.659122617348439466e-01 9.257258178017484518e-01 1.045804565871583103e-03
1.412000000000000099e+01 -2.676656297060314160e-01 2.470194750631118374e+00 9.125917529775345871e-02
1.413000000000000078e+01 -2.709143877064708050e-01 1.711923068424013650e+00 7.793823145927908369e-02
1.414000000000000057e+01 -2.731654175703609466e-01 2.038216453230111913e+00 8.948779437297510464e-02
1.415000000000000036e+01 -2.754295692355975822e-01 4.103417500603848689e-01 -6.343641098740829265e-02
1.416000000000000014e+01 -2.768436156666750358e-01 2.618848411979091573e+00 6.692981339451276046e-02
1.416999999999999993e+01 -2.800717530953651391e-01 1.700528792611799789e+00 7.256386962323299605e-02
1.417999999999999972e+01 -2.821960272694985505e-01 2.031128477856888104e+00 8.945566266940838118e-02
1.418999999999999950e+01 -2.844464292164231023e-01 1.341882083783726642e+00 2.990940826576898859e-02
1.420000000000000107e+01 -2.861488512107873694e-01 1.141668414040449608e+00 -2.629358743515344821e-02
1.421000000000000085e+01 -2.879789836414666238e-01 1.816730475413257384e+00 1.737841732933911865e-02
1.422000000000000064e+01 -2.900847767601144045e-01 6.185558825830229646e-01 -6.842358085501851206e-02
1.423000000000000043e+01 -2.917030548331651651e-01 2.869568544807775901e+00 9.923723511595031188e-02
1.424000000000000021e+01 -2.943962277894731083e-01 1.227353140420696320e+00 4.444399786539882102e-02
1.425000000000000000e+01 -2.958769662982946302e-01 1.021476318852261977e+00 -3.208865808225273841e-02
1.425999999999999979e+01 -2.975675474585751656e-01 2.549815768001367999e+00 8.377494324687351224e-02
1.426999999999999957e+01 -2.998596807465508940e-01 1.355704067125109491e+00 4.247817495461114756e-02
1.428000000000000114e+01 -3.013827642131586826e-01 1.002117298456398409e+00 -3.337509120801422646e-02
1.429000000000000092e+01 -3.030096909700156771e-01 2.580011873493597285e+00 8.587690109166207231e-02
1.430000000000000071e+01 -3.050114773822653613e-01 5.634079017460413841e-01 -3.513162530985891596e-02
1.431000000000000050e+01 -3.062868200232489180e-01 1.430414826840462172e+00 -3.600779530994273336e-02
1.432000000000000028e+01 -3.078727313267867749e-01 6.729243861631686308e-01 -9.405506082215767116e-02
1.433000000000000007e+01 -3.093470149177519612e-01 2.363820702484864533e+00 4.018161857332605558e-02
1.433999999999999986e+01 -3.111012580458596410e-01 3.119515029211566981e-01 -7.839968460996329935e-02
1.434999999999999964e+01 -3.123851731534785237e-01 1.081547456413123109e+00 -9.026555067224809048e-02
1.435999999999999943e+01 -3.137599013782271240e-01 2.202158234594273178e+00 3.121355125648933582e-02
1.437000000000000099e+01 -3.154312308122410036e-01 2.118467188152593383e+00 9.367104137813267450e-02
1.438000000000000078e+01 -3.168699935738867324e-01 1.203273447382923883e-01 -8.716474190255106558e-02
1.439000000000000057e+01 -3.181150868551153033e-01 2.659000610399837594e+00 5.196935342843692074e-02
1.440000000000000036e+01 -3.194536695225585476e-01 5.208567567765378659e-01 -5.426790159067163000e-02
1.441000000000000014e+01 -3.207852836021887755e-01 2.616897331933717208e+00 7.224660976115634958e-02
1.441999999999999993e+01 -3.219940917101211664e-01 2.078511396397421732e-02 -9.757114285591475533e-02
1.442999999999999972e+01 -3.233258373288203091e-01 1.555307599405544083e+00 -6.117014977969719575e-02
1.443999999999999950e+01 -3.243442343158425278e-01 2.668979403647488979e+00 9.502905420933727143e-02
1.445000000000000107e+01 -3.253988590529958147e-01 1.021357591747667826e+00 1.507809496673792604e-02
1.446000000000000085e+01 -3.266894978229977764e-01 8.193456440758490888e-01 -7.365617629020292101e-02
1.447000000000000064e+01 -3.277651803032889388e-01 9.559282292856436936e-01 -9.905612856799912713e-02
1.448000000000000043e+01 -3.288312754919398007e-01 1.788110662216958469e+00 -1.819355711551313981e-02
1.449000000000000021e+01 -3.296825634360129320e-01 1.339185890907878429e+00 -1.311471171120218160e-02
1.450000000000000000e+01 -3.306694335715666955e-01 1.631093659237393911e+00 6.560679289516355150e-03
1.450999999999999979e+01 -3.314428643261142504e-01 1.825804127784270481e+00 3.615958247400216652e-02
1.451999999999999957e+01 -3.322628757265032595e-01 6.244212697580786564e-01 -6.920497236640410499e-02
1.453000000000000114e+01 -3.333816992595175499e-01 1.606542183947189617e+00 -3.632745736586488750e-02
1.454000000000000092e+01 -3.340220551687617667e-01 7.272612425343270015e-01 -8.940285569613973249e-02
1.455000000000000071e+01 -3.348593162555990599e-01 2.986436744656293829e+00 9.930077308546489401e-02
1.456000000000000050e+01 -3.348862406596666563e-01 6.706062213379179182e-01 -1.522993772598738027e-02
1.457000000000000028e+01 -3.360419725560870874e-01 2.121085247205391600e+00 3.569702221081033633e-02
1.458000000000000007e+01 -3.362753500107733551e-01 8.659651652650816045e-01 -4.294735718990110723e-02
1.458999999999999986e+01 -3.373103562758905660e-01 1.104394794980174010e+00 -7.155642460198777255e-02
1.459999999999999964e+01 -3.378670505793467393e-01 1.255583201673697857e+00 -6.129308918654863270e-02
1.460999999999999943e+01 -3.384698679262521104e-01 7.956966863474052021e-01 -9.696193131879798921e-02
1.462000000000000099e+01 -3.390393131465948007e-01 2.375701132700781315e+00 3.765572022630628291e-02
1.463000000000000078e+01 -3.385549655319636808e-01 2.160106974076707154e+00 9.793790833307911003e-02
1.464000000000000057e+01 -3.389734460704859065e-01 2.031662995686224771e-01 -8.167981258057832594e-02
1.465000000000000036e+01 -3.402162771474422365e-01 1.470441072309554231e+00 -6.695200190516023553e-02
1.466000000000000014e+01 -3.399187689222762931e-01 2.404042633512398552e+00 6.033936517620189233e-02
1.466999999999999993e+01 -3.394993453084765300e-01 1.363731014390995533e+00 2.727779264751123423e-02
1.467999999999999972e+01 -3.398495127875226784e-01 2.368560458995604190e+00 8.955996224041962162e-02
1.468999999999999950e+01 -3.394833662018869047e-01 7.854332632057784425e-01 -2.705758689116928573e-02
1.470000000000000107e+01 -3.403424531496769267e-01 1.670575462572241099e+00 -1.438752745415335099e-02
1.471000000000000085e+01 -3.401351522538494376e-01 1.137409235134355212e+00 -4.271949495619591780e-02
1.472000000000000064e+01 -3.402633857599021150e-01 2.361893268306130000e+00 6.087783863437432053e-02
1.473000000000000043e+01 -3.396597600817047868e-01 4.805723980218250535e-01 -6.249673702555363225e-02
1.474000000000000021e+01 -3.406806623841897030e-01 1.727733120014800505e+00 -2.403982261129503084e-02
1.475000000000000000e+01 -3.398886695456676543e-01 1.887648174033983217e+00 3.187960749246884773e-02
1.475999999999999979e+01 -3.392755780101949781e-01 2.136346287909713038e+00 8.267682761802711000e-02
1.476999999999999957e+01 -3.385567623059312359e-01 1.724612224584695985e+00 6.256592325045051695e-02
1.478000000000000114e+01 -3.387329549203643708e-01 4.446303643658271465e-01 -8.300747682541970152e-02
1.479000000000000092e+01 -3.392260871330397554e-01 2.818331832302841011e+00 7.281589889613898636e-02
1.480000000000000071e+01 -3.371231592265468424e-01 1.561668267398419463e+00 5.826513314128564658e-02
1.481000000000000050e+01 -3.373639465525857806e-01 1.226410558104680915e+00 -5.853126505909370114e-03
1.482000000000000028e+01 -3.373190579132544498e-01 1.737161940592770737e+00 1.075531844281878147e-02
1.483000000000000007e+01 -3.365813839367980953e-01 1.322259170677224205e+00 -1.135735246746508165e-02
1.483999999999999986e+01 -3.366818519859458014e-01 6.905966172867010755e-01 -8.890753433685560925e-02
1.484999999999999964e+01 -3.369504831815807733e-01 1.636965314446407360e+00 -3.594361529804279698e-02
1.485999999999999943e+01 -3.354913870887658023e-01 2.413631951053360147e+00 8.261690503635682470e-02
1.487000000000000099e+01 -3.339418532491663094e-01 1.178541739777791530e+00 1.972765761242771532e-02
1.488000000000000078e+01 -3.344223914918954543e-01 7.055387266577594074e-01 -8.036362156472467988e-02
1.489000000000000057e+01 -3.343509508933906194e-01 2.101205237911094592e+00 1.028818124785446653e-02
1.490000000000000036e+01 -3.323622442868445770e-01 1.568417666853786585e+00 2.368622759899477459e-02
1.491000000000000014e+01 -3.315679871565644921e-01 2.015216961718503175e+00 6.224772597552977182e-02
1.491999999999999993e+01 -3.302183839549549527e-01 1.350398915565577562e+00 1.631715246379709938e-02
1.492999999999999972e+01 -3.300881803178919993e-01 9.031527929369999041e-01 -5.973124070968145738e-02
1.493999999999999950e+01 -3.294200380603979350e-01 2.820517769714636191e+00 9.398568769223086816e-02
1.495000000000000107e+01 -3.267597573732501370e-01 4.672120459972747275e-01 -4.074702215602774708e-02
1.496000000000000085e+01 -3.276083662993649059e-01 2.331748457735396851e+00 4.507278665804609341e-02
1.497000000000000064e+01 -3.249065087518198669e-01 1.562907662995452585e+00 3.754508936927156149e-02
1.498000000000000043e+01 -3.239177683644081651e-01 2.206890035358140434e+00 8.465534964999646417e-02
1.499000000000000021e+01 -3.219066168789769256e-01 1.605015109872294010e+00 5.300536852295742452e-02
1.500000000000000000e+01 -3.213355405788779762e-01 1.092873235946765220e+00 -2.245900784065017752e-02
1.500999999999999979e+01 -3.212782764012726000e-01 7.920548692987293693e-01 -9.039651531641926252e-02
1.501999999999999957e+01 -3.205996697640003390e-01 2.296013041133147858e+00 3.126756136731911884e-02
1.503000000000000114e+01 -3.182281644635425177e-01 1.963765010885013540e-01 -9.762293199416299805e-02
1.504000000000000092e+01 -3.196083074729647588e-01 1.202063269747766228e+00 -8.951941778420260953e-02
1.505000000000000071e+01 -3.180457529863720545e-01 9.067371345994229559e-01 -9.536775204536991624e-02
1.506000000000000050e+01 -3.170244833801031947e-01 2.066109092528748636e+00 1.462609651340192329e-02
1.507000000000000028e+01 -3.139048955575636790e-01 1.860276456027082359e+00 5.748850229199106709e-02
1.508000000000000007e+01 -3.126797312864689760e-01 3.334200674489444793e-01 -8.594958816686666669e-02
1.508999999999999986e+01 -3.131419309193860245e-01 1.725585030323568247e+00 -3.614070174797538726e-02
1.509999999999999964e+01 -3.103615745044090990e-01 1.349520620681702088e+00 -2.416409900800538246e-02
1.510999999999999943e+01 -3.085010007169433077e-01 2.406608385850090404e+00 7.988627650806665037e-02
1.512000000000000099e+01 -3.052144631178101419e-01 1.317813233119891736e+00 2.926721582503560848e-02
1.513000000000000078e+01 -3.045657429934898186e-01 1.274017900915319856e+00 -1.904980038765760608e-02
1.514000000000000057e+01 -3.026433165822017823e-01 2.518311454301122243e+00 8.440175175144656872e-02
1.515000000000000036e+01 -2.989508369770979557e-01 1.379499163856900523e+00 3.742624161646884717e-02
1.516000000000000014e+01 -2.980149057176645910e-01 1.768865153674411994e+00 3.444929377243879931e-02
1.516999999999999993e+01 -2.956395074343730611e-01 1.793805372815765464e+00 4.241865539412376096e-02
1.517999999999999972e+01 -2.935930660838934614e-01 1.397406880206312207e+00 8.365577557783304696e-03
1.518999999999999950e+01 -2.922762667900051792e-01 1.451369558520555048e+00 -6.500293525807054884e-03
1.520000000000000107e+01 -2.899458534505139351e-01 2.501795620224697370e+00 9.449832465493379630e-02
1.521000000000000085e+01 -2.864085103667526333e-01 1.090694735993356979e+00 1.436540301784956786e-02
1.522000000000000064e+01 -2.862233835885337196e-01 1.362790053752562569e+00 -1.876047452206361377e-02
1.523000000000000043e+01 -2.847033287088722164e-01 8.018025545390335962e-01 -8.128479389345595607e-02
1.524000000000000021e+01 -2.840872423945238756e-01 1.310724109032867624e+00 -6.154813063987392419e-02
1.525000000000000000e+01 -2.810378531418088466e-01 2.699946857380149279e+00 9.665791697162628981e-02
1.525999999999999979e+01 -2.762341980119757956e-01 1.777969133218733067e+00 9.234091541546715631e-02
1.526999999999999957e+01 -2.753430098462032460e-01 1.035127493844390928e-01 -9.940477261979932533e-02
1.528000000000000114e+01 -2.764805656212259155e-01 1.349280090161004475e+00 -8.444096904718315089e-02
1.529000000000000092e+01 -2.728741385402960185e-01 2.191321948502939598e+00 3.577809292701517041e-02
1.530000000000000071e+01 -2.695131249385243066e-01 5.950171342149168652e-01 -5.639667674339987613e-02
1.531000000000000050e+01 -2.691020065213338697e-01 2.203256705183839426e+00 3.273060371779640265e-02
1.532000000000000028e+01 -2.651180051149945038e-01 6.402959457168959645e-01 -5.803560038883930766e-02
1.533000000000000007e+01 -2.648121199998070829e-01 1.672970833958063563e+00 -2.063146969612075776e-02
1.533999999999999986e+01 -2.614884769591965252e-01 1.181491924879384481e+00 -3.482276101071742069e-02
1.534999999999999964e+01 -2.598501636675449866e-01 1.160309866125172951e+00 -5.070327018249796286e-02
1.535999999999999943e+01 -2.572075559803116973e-01 2.298222992827070321e+00 5.502288468369856411e-02
1.537000000000000099e+01 -2.530497212752971237e-01 7.185022029545585776e-01 -3.923723455727652631e-02
1.538000000000000078e+01 -2.520037779132555666e-01 2.648673509210102139e+00 8.293103046510633125e-02
1.539000000000000057e+01 -2.470431656622852912e-01 3.445795183400410799e-01 -6.225583827990621710e-02
1.540000000000000036e+01 -2.469629474146856907e-01 2.781827208748141267e+00 7.898722176720576749e-02
1.541000000000000014e+01 -2.414261454333989643e-01 2.609086679562922506e-01 -6.930228942064908804e-02
1.541999999999999993e+01 -2.423192928047006867e-01 1.606901239583783170e+00 -4.081109468482167074e-02
1.542999999999999972e+01 -2.376949868183461656e-01 2.609761803964010252e+00 9.674058832128315522e-02
1.543999999999999950e+01 -2.334262484153393213e-01 -2.547623868710139836e-02 -9.053641192210148958e-02
1.545000000000000107e+01 -2.341506315114314229e-01 2.846493519035150133e+00 6.765889805118818767e-02
1.546000000000000085e+01 -2.278997856186896487e-01 3.008204811744961127e-01 -6.726332103307344767e-02
1.547000000000000064e+01 -2.283846713860021582e-01 2.025405548675675238e+00 3.819149358109300008e-03
1.548000000000000043e+01 -2.228749852441078705e-01 2.302863067397173946e+00 9.163999598475758290e-02
1.549000000000000021e+01 -2.194075336171331381e-01 2.115327726075705850e-01 -7.621402086386719343e-02
1.550000000000000000e+01 -2.199571968641988451e-01 1.823047897105326776e+00 -2.461929763999473608e-02
1.550999999999999979e+01 -2.151734209386997332e-01 1.542370706117613732e+00 1.635992875942321456e-03
1.551999999999999957e+01 -2.120354086537921401e-01 1.759035109191428914e+00 3.044650272582666295e-02
1.553000000000000114e+01 -2.088530177706385271e-01 9.950134397543113352e-01 -3.275237960940267923e-02
1.554000000000000092e+01 -2.074234676798238641e-01 1.223070851736871800e+00 -5.025064650398061716e-02
1.555000000000000071e+01 -2.037946540961499409e-01 2.559086202637529173e+00 8.156406176428573906e-02
1.556000000000000050e+01 -1.990079821328945286e-01 -3.716309868617750922e-02 -9.838637841698841258e-02
1.557000000000000028e+01 -1.992469621169215277e-01 3.152345815446221611e+00 9.624463371139010959e-02
1.558000000000000007e+01 -1.919502034317476513e-01 9.202567415589234245e-02 -7.013920550333714587e-02
1.558999999999999986e+01 -1.933492459270404196e-01 1.498373748101707204e+00 -5.379396663315449967e-02
1.559999999999999964e+01 -1.885893201821454424e-01 2.167103943194308879e+00 4.632624704093249446e-02
1.561000000000000121e+01 -1.834868650117460198e-01 1.661115897819487097e+00 5.061223903897058007e-02
1.562000000000000099e+01 -1.806521720037004286e-01 1.299965320064502494e+00 2.603822057348617602e-03
1.563000000000000078e+01 -1.787624929465475854e-01 5.888177104350800217e-01 -9.569050107652865567e-02
1.564000000000000057e+01 -1.774397975920376513e-01 1.486660946444794629e+00 -5.546793509445744480e-02
1.565000000000000036e+01 -1.734755380417402348e-01 1.080902930074010504e+00 -5.840273092374890368e-02
1.566000000000000014e+01 -1.701993278837262979e-01 2.539219911303377319e+00 7.846345812790644914e-02
1.566999999999999993e+01 -1.643700611318941740e-01 8.767277615223404430e-01 -8.233056024511187232e-03
1.567999999999999972e+01 -1.628674032204666666e-01 2.198190808646736105e+00 5.348861031418891687e-02
1.568999999999999950e+01 -1.570261906578506728e-01 1.996476210844720045e+00 8.124712556011257081e-02
1.570000000000000107e+01 -1.535254313167008777e-01 8.925586069676340051e-01 -2.136979458753593408e-02
1.571000000000000085e+01 -1.513986985306893240e-01 2.588696564532409372e+00 8.477688282651923979e-02
1.572000000000000064e+01 -1.451226086886489020e-01 1.336182195924216831e+00 3.608288625048866605e-02
1.573000000000000043e+01 -1.430690833508964088e-01 1.615603490423250577e+00 2.097198695534981117e-02
1.574000000000000021e+01 -1.396533204626607960e-01 1.315742344947790077e+00 -9.863742099272182484e-03
1.575000000000000000e+01 -1.369078696270565054e-01 1.449881790743515531e+00 -1.157770052585113674e-02
1.575999999999999979e+01 -1.337156070566006272e-01 1.173731974006808398e+00 -3.520267712682190187e-02
1.576999999999999957e+01 -1.312333570162681484e-01 1.214691000317299041e+00 -4.421929707709464780e-02
1.578000000000000114e+01 -1.280128181910628327e-01 1.647178519191769830e+00 -2.971137804444065611e-03
1.579000000000000092e+01 -1.240135848476472680e-01 1.241330052984497945e+00 -1.846790145219771861e-02
1.580000000000000071e+01 -1.214342937066279909e-01 1.099216183488469056e+00 -4.753656478734918228e-02
1.581000000000000050e+01 -1.189741639161654846e-01 8.640909525999606045e-01 -8.525478803701169728e-02
1.582000000000000028e+01 -1.154586912531147397e-01 2.854024774803336495e+00 9.465385801300987834e-02
1.583000000000000007e+01 -1.082696217893396040e-01 9.597749834538228386e-01 1.454629123230330445e-02
1.583999999999999986e+01 -1.072665237523117987e-01 1.207973680186176901e+00 -3.280659664720619872e-02
1.584999999999999964e+01 -1.033407705325465054e-01 2.377944942215970858e+00 6.806156292241286043e-02
1.586000000000000121e+01 -9.760613531909491380e-02 1.017516260856136556e+00 -2.590462967465276267e-03
1.587000000000000099e+01 -9.531189931434284890e-02 2.274008332656587861e+00 6.716933720299875232e-02
1.588000000000000078e+01 -9.030821506095709772e-02 4.149269614091615210e-01 -6.704667782043879920e-02
1.589000000000000057e+01 -9.004969844214817665e-02 1.247660389446016538e+00 -7.088053198646371289e-02
1.590000000000000036e+01 -8.612043092675614187e-02 1.250829050974784584e+00 -5.294768765947215766e-02
1.591000000000000014e+01 -8.199855507091013962e-02 2.403628075966313560e+00 7.204549111354305313e-02
1.591999999999999993e+01 -7.581018981058083861e-02 1.521400695896888644e+00 5.292402611460342299e-02
1.592999999999999972e+01 -7.322572441120112074e-02 9.349869279060084581e-01 -3.439183065148457286e-02
1.593999999999999950e+01 -7.021455254596138673e-02 2.627540657858843609e+00 8.670708467311630252e-02
1.595000000000000107e+01 -6.322688383390641376e-02 1.657006670154723693e+00 7.207084128354343533e-02
1.596000000000000085e+01 -6.051024618628387391e-02 9.651526150800427972e-01 -2.238389414888979079e-02
1.597000000000000064e+01 -5.816075954792271352e-02 1.909024137240711516e+00 1.997144647494146497e-02
1.598000000000000043e+01 -5.255848635154188042e-02 2.300719517029806926e+00 9.696656080612453543e-02
1.599000000000000021e+01 -4.745148739207866173e-02 1.358578894274243831e+00 4.125976657504124012e-02
1.600000000000000000e+01 -4.550535680453634407e-02 7.629604314545148647e-01 -6.045188581141243411e-02
1.601000000000000156e+01 -4.321396380570183965e-02 2.069949993823127610e+00 1.972603390294724868e-02
1.601999999999999957e+01 -3.718728109412205302e-02 2.047818160079580618e+00 7.825021514245650289e-02
1.603000000000000114e+01 -3.302407937321204245e-02 1.105950666514394776e+00 6.465469794941267057e-03
1.603999999999999915e+01 -3.086135300770313436e-02 1.471864605555565975e+00 -6.524900418144685688e-03
1.605000000000000071e+01 -2.670829820430857537e-02 1.999635562088877050e+00 4.907879810937704201e-02
1.605999999999999872e+01 -2.212711733082729781e-02 1.073241109350857370e+00 -9.191154410160870536e-03
1.607000000000000028e+01 -1.962756585231067996e-02 1.850671070379927619e+00 2.662871290684001857e-02
1.608000000000000185e+01 -1.565956409609426878e-02 2.958154491702216227e-01 -9.859463728704785657e-02
1.608999999999999986e+01 -1.417685090096103967e-02 2.593814565552510665e+00 5.256219625670019435e-02
1.610000000000000142e+01 -6.662871209306383755e-03 1.939147943295097765e+00 9.220586210833989216e-02
1.610999999999999943e+01 -2.611105863496626916e-03 1.702281682152490871e+00 6.904436593907653519e-02
1.612000000000000099e+01 1.157327963803076289e-03 1.835584115392878024e+00 6.334227792646107691e-02
1.612999999999999901e+01 5.105919673057510329e-03 1.141085241782537230e+00 -5.282466783558328882e-03
1.614000000000000057e+01 7.975857827566538993e-03 2.052790625951832926e+00 4.707190332151645062e-02
1.614999999999999858e+01 1.284924112685796767e-02 1.152362144647211872e+00 -2.168179310913870284e-03
1.616000000000000014e+01 1.486033043292810281e-02 7.550866044669705124e-01 -7.729151040420925711e-02
1.617000000000000171e+01 1.675809370447628802e-02 9.536142959535091057e-01 -9.329294221016666555e-02
1.617999999999999972e+01 2.010560682680607308e-02 1.570804430882238645e+00 -3.036080461675352837e-02
1.619000000000000128e+01 2.502616155769655723e-02 2.171941088837883616e+00 6.732609154560195708e-02
1.619999999999999929e+01 2.996337755368272057e-02 9.670130164982896348e-01 -5.966998947336737968e-03
1.621000000000000085e+01 3.169153298931976642e-02 8.120354758905223846e-01 -7.779526287435284404e-02
1.621999999999999886e+01 3.418096195584453822e-02 9.632413305096851897e-01 -9.328894011674332409e-02
1.623000000000000043e+01 3.785853176040578083e-02 1.946142327260039107e+00 5.571688991412887537e-03
1.624000000000000199e+01 4.284958306457656990e-02 7.936185953873896581e-01 -5.031817061978749450e-02
1.625000000000000000e+01 4.542072623826663713e-02 2.052392844698899044e+00 2.774364383236455067e-02
1.626000000000000156e+01 5.061576197721415898e-02 8.308878553815695067e-01 -4.085425591697727093e-02
1.626999999999999957e+01 5.297504802199411167e-02 1.641879589505550685e+00 -1.128124992453036213e-02
1.628000000000000114e+01 5.725366612612232953e-02 7.622875950516213583e-01 -7.172190838664434243e-02
1.628999999999999915e+01 5.983686146396904187e-02 1.689427148928350109e+00 -1.883569116408179145e-02
1.630000000000000071e+01 6.484028258951050894e-02 1.625629304413826137e+00 1.372574549635097174e-02
1.630999999999999872e+01 6.895177208156109960e-02 1.441675702242076307e+00 6.094252572324321271e-03
1.632000000000000028e+01 7.216835173369458289e-02 6.706996432329315194e-01 -7.956539479661955960e-02
1.633000000000000185e+01 7.520142669222221188e-02 2.680603468175711157e+00 7.200810551108577373e-02
1.633999999999999986e+01 8.194549267551719252e-02 1.389956738529674940e+00 4.277572068955776130e-02
1.635000000000000142e+01 8.434083798559505185e-02 6.416234205031561277e-01 -7.023373810223841607e-02
1.635999999999999943e+01 8.627409722010358217e-02 1.167758560262884160e+00 -7.794946977273187194e-02
1.637000000000000099e+01 9.000465390213024941e-02 1.171965528928511580e+00 -6.532715875038400122e-02
1.637999999999999901e+01 9.360982809682220906e-02 1.567425280202693783e+00 -1.795136140855595197e-02
1.639000000000000057e+01 9.761131613736236112e-02 9.818438222039996832e-01 -5.103367636250604605e-02
1.639999999999999858e+01 1.003778986165504983e-01 1.210926182708061738e+00 -5.426978634787791439e-02
1.641000000000000014e+01 1.043853840628020113e-01 1.987303630955076894e+00 2.552963048708623006e-02
1.642000000000000171e+01 1.088220165494329789e-01 5.012925026099800396e-01 -7.611817388757134706e-02
1.642999999999999972e+01 1.105955598341228641e-01 1.392841192189312016e+00 -5.739796910619137521e-02
1.644000000000000128e+01 1.154387910266241601e-01 2.551495841228066830e+00 8.288987938076231021e-02
1.644999999999999929e+01 1.205436417203136767e-01 1.689850195417190171e-01 -7.646039284665454017e-02
1.646000000000000085e+01 1.214176996696584021e-01 1.501201536622380317e+00 -5.544532080971578680e-02
1.646999999999999886e+01 1.264713231958335682e-01 2.528646207606644047e+00 8.169905531983234770e-02
1.648000000000000043e+01 1.320689905979484657e-01 1.518259650567713726e+00 5.621267198902990536e-02
1.649000000000000199e+01 1.349852422687549680e-01 1.192946436595905491e+00 -1.034628578879707994e-02
1.650000000000000000e+01 1.384742554127086356e-01 2.585056562726550045e+00 9.390947377936273432e-02
1.651000000000000156e+01 1.435247913190964009e-01 5.919508746685667733e-01 -3.461435211872816720e-02
1.651999999999999957e+01 1.452165165459052276e-01 2.015259050298513266e+00 1.874095129039836383e-02
1.653000000000000114e+01 1.495549087529495225e-01 7.291449494442944212e-01 -5.932653289061802504e-02
1.653999999999999915e+01 1.517018307244226427e-01 1.768708794791082894e+00 -8.154203422985825678e-03
1.655000000000000071e+01 1.557113862544795280e-01 9.265908695450587595e-01 -5.093927651435497389e-02
1.655999999999999872e+01 1.585160813568364246e-01 2.205816663748049411e+00 4.415236580959397417e-02
1.657000000000000028e+01 1.628523795144535269e-01 5.149527010520974502e-01 -6.315953377839636507e-02
1.658000000000000185e+01 1.650113669239249292e-01 2.685590441230799374e+00 7.720017833780409844e-02
1.658999999999999986e+01 1.707146869916165988e-01 1.745751753547268637e+00 7.938792839798544665e-02
1.660000000000000142e+01 1.739494483975353722e-01 1.679773735873494767e+00 5.371207922123488743e-02
1.660999999999999943e+01 1.774653845712513833e-01 2.064064127020386330e+00 7.718629557829143062e-02
1.662000000000000099e+01 1.810250507915623919e-01 7.117452221531463952e-01 -3.952325433557431211e-02
1.662999999999999901e+01 1.825443843363298568e-01 9.056958987955575635e-01 -8.964202309202547181e-02
1.664000000000000057e+01 1.857921920295168561e-01 2.745252819600117800e+00 8.166283851054698117e-02
1.664999999999999858e+01 1.906946293821550897e-01 1.019658225727389622e+00 1.537410940505479218e-02
1.666000000000000014e+01 1.923635281338980652e-01 5.762519172383432364e-01 -9.121091394196051416e-02
1.667000000000000171e+01 1.947723206867024714e-01 2.564857307221962479e+00 5.518766978672015600e-02
1.667999999999999972e+01 1.993608266226365444e-01 6.515232619716986306e-01 -3.569699024567100920e-02
1.669000000000000128e+01 2.014542209279423235e-01 2.661254845150500703e+00 9.040147911397175551e-02
1.669999999999999929e+01 2.063410379402663419e-01 1.870132593911643326e+00 9.692299532993045585e-02
1.671000000000000085e+01 2.092885791324011757e-01 1.247297261395768908e+00 2.052819328693855638e-02
1.671999999999999886e+01 2.120003427551601649e-01 2.307562330402601614e+00 8.156761890138572446e-02
1.673000000000000043e+01 2.155983901746820475e-01 7.321065971698466068e-01 -2.859136892443180089e-02
1.674000000000000199e+01 2.172503321213593575e-01 1.285346677626389322e+00 -4.506930210410007437e-02
1.675000000000000000e+01 2.203572322919891691e-01 2.133447013323596320e+00 4.603440467008054759e-02
1.676000000000000156e+01 2.238258014550256469e-01 1.239954358438740467e+00 1.177094170034062581e-02
1.676999999999999957e+01 2.258942275383320208e-01 4.941933349126694797e-01 -9.506055662695500619e-02
1.678000000000000114e+01 2.277866673891716653e-01 1.711493910187003475e+00 -3.025420372197787366e-02
1.678999999999999915e+01 2.308483150013158069e-01 4.963512435510504806e-01 -9.827275816693976929e-02
1.680000000000000071e+01 2.327067832414714543e-01 1.593811818475436182e+00 -3.818978336261087680e-02
1.680999999999999872e+01 2.359457147612985528e-01 1.469919205058354050e+00 -6.462084458198333325e-03
1.682000000000000028e+01 2.386099731162582838e-01 1.167112529350649464e+00 -2.760966810508085068e-02
1.683000000000000185e+01 2.411980942459007460e-01 1.665951388420561008e+00 4.828688764776961628e-03
1.683999999999999986e+01 2.439137540513043600e-01 4.532990431192974734e-01 -9.410491226216753657e-02
1.685000000000000142e+01 2.461216852389349619e-01 2.927395757843246571e+00 8.978302640334037688e-02
1.685999999999999943e+01 2.499082460833143282e-01 2.389643445013369116e-01 -5.777797625590324476e-02
1.687000000000000099e+01 2.512130410434823546e-01 1.103227147676445918e+00 -8.317530713960680222e-02
1.687999999999999901e+01 2.540132171633910918e-01 2.084087828191608871e+00 2.121162972208874564e-02
1.689000000000000057e+01 2.571135441975138103e-01 1.580781290618075374e+00 3.420941482848474657e-02
1.689999999999999858e+01 2.595417822663245722e-01 9.553487122456598701e-01 -3.582434977819930200e-02
1.691000000000000014e+01 2.619006512665809638e-01 2.575429522064020649e+00 8.309109201933473354e-02
1.692000000000000171e+01 2.648853175118331960e-01 2.559105316373583294e-01 -6.909440054530979758e-02
1.692999999999999972e+01 2.663994654398676998e-01 1.338701365643684804e+00 -6.559935935436070342e-02
1.694000000000000128e+01 2.690575511937136066e-01 2.447674973519301744e+00 6.872678980836949281e-02
1.694999999999999929e+01 2.718679549494372738e-01 8.878736111780479723e-01 -1.017326800543358334e-02
1.696000000000000085e+01 2.738267996056988896e-01 1.760945320284870164e+00 1.195659186132094765e-02
1.696999999999999886e+01 2.763564173977138827e-01 1.936483098296079008e+00 5.355790605704952023e-02
1.698000000000000043e+01 2.787260244434248690e-01 1.140920217640679857e+00 -4.896457707204662779e-03
1.699000000000000199e+01 2.808466661862694669e-01 2.372453428821402088e+00 7.809146780607997829e-02
1.700000000000000000e+01 2.832172468591714343e-01 4.649463442169627370e-01 -5.521958321060099067e-02
1.701000000000000156e+01 2.849194302390350431e-01 1.884992286519419968e+00 -2.090965951585491145e-03
1.701999999999999957e+01 2.870725100005563912e-01 7.369089514102825644e-01 -6.601879894718612474e-02
1.703000000000000114e+01 2.887685020649796708e-01 1.319341183899310321e+00 -5.241419996821783389e-02
1.703999999999999915e+01 2.908725833507975755e-01 1.904214890957957929e+00 2.267774848402726029e-02
1.705000000000000071e+01 2.929074835332229343e-01 1.471943315068529490e+00 2.039968775427394854e-02
1.705999999999999872e+01 2.948297851650630297e-01 1.151723962236721466e+00 -2.373842234756758096e-02
1.707000000000000028e+01 2.965732835108364496e-01 6.512475118916162264e-01 -9.816958393947661232e-02
1.708000000000000185e+01 2.982876516806998723e-01 1.900187445394199814e+00 -1.033547828399447588e-02
1.708999999999999986e+01 3.001423056142161760e-01 9.274569762560540553e-01 -4.605572525810939372e-02
1.710000000000000142e+01 3.019347546845511099e-01 2.728131095276705942e+00 9.905595071759484838e-02
1.710999999999999943e+01 3.038106411905747706e-01 1.004538655378404144e+00 1.569209669955529129e-02
1.712000000000000099e+01 3.056164954812365941e-01 2.315479868602204672e+00 7.713580245300241667e-02
1.712999999999999901e+01 3.073013401321860738e-01 1.448141964360811995e+00 3.825046394084855028e-02
1.714000000000000057e+01 3.089567565239529356e-01 5.493733827381920287e-01 -8.171509356676778801e-02
1.715000000000000213e+01 3.105092099716905696e-01 1.982356821247154954e+00 -1.860853134530743302e-03
1.716000000000000014e+01 3.119679089700870822e-01 2.271888862172274148e+00 8.994129647259235805e-02
1.717000000000000171e+01 3.134404296021732761e-01 1.019561718852268761e+00 6.272827225083932312e-03
1.717999999999999972e+01 3.150674692743584138e-01 8.458072051300696836e-01 -7.172291114367733422e-02
1.719000000000000128e+01 3.164562717461708585e-01 2.420664811628327140e+00 5.249586848547191376e-02
1.719999999999999929e+01 3.176003294180508307e-01 1.624826275733206593e+00 5.560147872301632321e-02
1.721000000000000085e+01 3.190455483037497597e-01 1.702073116210413906e+00 4.690736806488504662e-02
1.721999999999999886e+01 3.203619694715548194e-01 1.606148638616338165e+00 3.214345219517666941e-02
1.723000000000000043e+01 3.215938567514307067e-01 2.059733730487010916e+00 7.017741658751930345e-02
1.724000000000000199e+01 3.227137523577207068e-01 9.701136704404358380e-01 -1.393624997594491988e-02
1.725000000000000000e+01 3.241281161429612201e-01 1.324754794119579415e+00 -3.193459149255543916e-02
1.726000000000000156e+01 3.251762403637730170e-01 2.421677783896746039e+00 7.912231953980070065e-02
1.726999999999999957e+01 3.259270363486816979e-01 1.240024712647303379e-01 -8.284878150873792313e-02
1.728000000000000114e+01 3.275500069357666355e-01 2.999156337275463269e+00 9.382237341241286832e-02
1.728999999999999915e+01 3.277785525429420255e-01 1.506434080160661271e-01 -6.431876380004067362e-02
1.730000000000000071e+01 3.296259171651090281e-01 1.635392650138624004e+00 -3.313689020344127989e-02
1.730999999999999872e+01 3.300982638866956087e-01 2.164827932721846260e+00 6.037209363991388744e-02
1.732000000000000028e+01 3.307244411123962391e-01 3.104816373857826051e-01 -7.501675490078150987e-02
1.733000000000000185e+01 3.323251544869861296e-01 1.728747361191453447e+00 -2.542194896619476285e-02
1.733999999999999986e+01 3.326325140973041550e-01 1.800551311622079265e+00 2.976398635940241677e-02
1.735000000000000142e+01 3.332286455109938483e-01 9.177406736797779629e-01 -3.388242452042571073e-02
1.735999999999999943e+01 3.342862533443694550e-01 2.403930532396699959e+00 6.899573903863451263e-02
1.737000000000000099e+01 3.343086773820071467e-01 6.101394290590353986e-01 -4.111938799405572692e-02
1.737999999999999901e+01 3.357352049382785752e-01 1.991406999771318409e+00 1.796563005882989561e-02
1.739000000000000057e+01 3.357586302685922064e-01 1.011247996284561523e+00 -2.947483807015670310e-02
1.740000000000000213e+01 3.368484762574531222e-01 8.825197921854421867e-01 -7.806757944824911644e-02
1.741000000000000014e+01 3.376603887313054386e-01 1.433085249242537440e+00 -4.431448739255364200e-02
1.742000000000000171e+01 3.376661436971800656e-01 2.253616429982681524e+00 6.323229415247513807e-02
1.742999999999999972e+01 3.375276522717078342e-01 6.814762439048757114e-01 -3.661141631646469552e-02
1.744000000000000128e+01 3.389037130106131168e-01 1.472502033821678991e+00 -3.093840486822317659e-02
1.744999999999999929e+01 3.387215869006902080e-01 2.388832429088604936e+00 7.771284664119049168e-02
1.746000000000000085e+01 3.380530057486531015e-01 1.830555805072493047e+00 8.315119606872492519e-02
1.746999999999999886e+01 3.384750508103926414e-01 1.270561897429438147e+00 1.480779278016952638e-02
1.748000000000000043e+01 3.393203047455726207e-01 7.338202363793779881e-01 -7.791999648409936308e-02
1.749000000000000199e+01 3.401008343166884162e-01 1.463868486719501982e+00 -4.815788092818576449e-02
1.750000000000000000e+01 3.396242790475418327e-01 2.228936073828452269e+00 5.830107465243145048e-02
1.751000000000000156e+01 3.389932362226405482e-01 8.311373743880534626e-01 -2.415401399135215510e-02
1.751999999999999957e+01 3.398413678066043442e-01 2.568745289801114495e+00 8.564223518546604241e-02
1.753000000000000114e+01 3.386015678489853187e-01 7.102046897831232330e-01 -2.416354450555027733e-02
1.753999999999999915e+01 3.396114535420394209e-01 2.727387401070173745e+00 9.740661433982578110e-02
1.755000000000000071e+01 3.378875703058107915e-01 1.199074922771168783e+00 3.111194333834194081e-02
1.755999999999999872e+01 3.389219242281354405e-01 9.971725318013736628e-01 -4.424903465174195166e-02
1.757000000000000028e+01 3.391650288446054207e-01 1.870893275929103039e+00 9.438950975437523927e-03
1.758000000000000185e+01 3.380277428577792009e-01 1.960580972685566525e+00 6.006676972887692312e-02
1.758999999999999986e+01 3.376510518315651299e-01 6.357150838326320885e-01 -5.036236282105599482e-02
1.760000000000000142e+01 3.387911476801395705e-01 1.439190655094346072e+00 -4.095334508757169506e-02
1.760999999999999943e+01 3.380423467074250010e-01 1.465835197353736019e+00 -1.671697409308907367e-02
1.762000000000000099e+01 3.375866713384464424e-01 1.234134944490688168e+00 -2.742637058417618512e-02
1.762999999999999901e+01 3.371064951855857750e-01 2.495737148596690158e+00 8.789490934629612395e-02
1.764000000000000057e+01 3.351982249125593505e-01 1.229611307403172482e+00 2.943318728536820084e-02
1.765000000000000213e+01 3.356705966710373801e-01 1.620469311717852579e+00 1.797020757630921062e-02
1.766000000000000014e+01 3.345701473219963029e-01 2.318875089732844952e+00 8.934887734703125806e-02
1.767000000000000171e+01 3.331370281922369503e-01 7.934946105238090963e-01 -1.960770797428348922e-02
1.767999999999999972e+01 3.339210017137445030e-01 2.096049092247890044e+00 3.723984336605196122e-02
1.769000000000000128e+01 3.323435627907289636e-01 5.631958903420654083e-01 -6.628999044400743501e-02
1.769999999999999929e+01 3.329269622155989206e-01 2.583421845874505518e+00 6.677543984943343225e-02
1.771000000000000085e+01 3.302686163899433147e-01 6.453280532035526873e-01 -3.437078163758407190e-02
1.771999999999999886e+01 3.314025509403109582e-01 1.726494245414364137e+00 -4.378947721545525806e-03
1.773000000000000043e+01 3.301206194525170834e-01 4.958263146528612553e-01 -9.450858335398654164e-02
1.774000000000000199e+01 3.309065147902692794e-01 1.302327613681460328e+00 -7.062469127495736576e-02
1.775000000000000000e+01 3.291743409717169944e-01 2.378911091698134861e+00 6.287370034209185943e-02
1.776000000000000156e+01 3.263678178968740795e-01 1.369838747572878157e+00 3.515589152492243352e-02
1.776999999999999957e+01 3.267326996224216851e-01 3.763114599785704617e-01 -9.901466233821792917e-02
1.778000000000000114e+01 3.270104163356386540e-01 2.634012568265598375e+00 5.235058082118876355e-02
1.778999999999999915e+01 3.230723867103763025e-01 1.294728701900891288e+00 2.536235640360745558e-02
1.780000000000000071e+01 3.225871395773750594e-01 2.322717216513198402e+00 8.959729026196525115e-02
1.780999999999999872e+01 3.198039587869948019e-01 1.878588417430353763e+00 8.608915728278895840e-02
1.782000000000000028e+01 3.188688784541862109e-01 9.668241651184723562e-01 -1.564322432992049094e-02
1.783000000000000185e+01 3.193401662517160178e-01 9.172149863409700954e-01 -7.777187127842653813e-02
1.783999999999999986e+01 3.185768318459082926e-01 1.743771493110610749e+00 -1.609586592134278071e-02
1.785000000000000142e+01 3.162936198618113148e-01 1.251093296633523977e+00 -2.063663870275808665e-02
1.785999999999999943e+01 3.154340793178534996e-01 1.577587869242335072e+00 4.425346375541705513e-06
1.787000000000000099e+01 3.139647224390266778e-01 9.474988993842639040e-01 -5.014538248671096543e-02
1.787999999999999901e+01 3.135870805258676453e-01 1.423408350713445847e+00 -3.475377141582046414e-02
1.789000000000000057e+01 3.120811468367051256e-01 7.337200281790373646e-01 -8.719464386625053187e-02
1.790000000000000213e+01 3.112484984279961786e-01 2.449265681535660377e+00 5.048174572539412819e-02
1.791000000000000014e+01 3.074372394162218081e-01 6.281100916222743802e-01 -4.413048374150172620e-02
1.792000000000000171e+01 3.078218378814543965e-01 2.187630636023278008e+00 3.616465102845706214e-02
1.792999999999999972e+01 3.044380307723649204e-01 7.723760821623744111e-01 -4.465433972011841057e-02
1.794000000000000128e+01 3.040584599289594125e-01 2.495435520970449073e+00 6.827238832421766990e-02
1.794999999999999929e+01 3.001732723940174208e-01 5.117138166196235627e-01 -5.235083624650416212e-02
1.796000000000000085e+01 3.013849036183888774e-01 1.134482853149836989e+00 -7.587931264282520016e-02
1.796999999999999886e+01 2.990047526246571441e-01 2.422523431600904775e+00 5.620131627798860552e-02
1.798000000000000043e+01 2.950705887345670964e-01 5.151683082153767357e-01 -5.438194955957072196e-02
1.799000000000000199e+01 2.961981371525524431e-01 1.238541183390895473e+00 -6.508698637854190561e-02
1.800000000000000000e+01 2.936932828611139024e-01 1.935789892638825727e+00 1.419103875351060418e-02
1.801000000000000156e+01 2.908154967679193459e-01 4.408107523031995489e-01 -8.750658422737156439e-02
1.801999999999999957e+01 2.909721184691276830e-01 2.144469151236173321e+00 1.170273089941890887e-02
1.803000000000000114e+01 2.871217012772924737e-01 3.356538966238176158e-01 -9.632685789472837656e-02
1.803999999999999915e+01 2.875968662437745627e-01 1.932341231778636592e+00 -1.432124949487045829e-02
1.805000000000000071e+01 2.834722534612399425e-01 1.276422372929765237e+00 -1.694219946117472841e-02
1.805999999999999872e+01 2.822696439034545479e-01 7.494207836766214603e-01 -8.291193461202715775e-02
1.807000000000000028e+01 2.816595946240553205e-01 1.118924832165960170e+00 -8.358600652967657085e-02
1.808000000000000185e+01 2.789552110371201210e-01 2.046405340948781237e+00 1.740886895092137732e-02
1.808999999999999986e+01 2.753792536699538052e-01 2.921375309320388691e-01 -9.917603436113842097e-02
1.810000000000000142e+01 2.754213909750097278e-01 2.580680894193812858e+00 4.634421905218949478e-02
1.810999999999999943e+01 2.697228881362860875e-01 8.425418109221691765e-01 -2.628856676989525798e-02
1.812000000000000099e+01 2.696685938028027807e-01 1.260720801140790437e+00 -4.743485920561454905e-02
1.812999999999999901e+01 2.664571501628060779e-01 2.663335498009987035e+00 9.020859242551723667e-02
1.814000000000000057e+01 2.617547926877047404e-01 -2.990406446800432036e-02 -9.552572025491334884e-02
1.815000000000000213e+01 2.632839761170065462e-01 2.454682103487639377e+00 2.539287439943746505e-02
1.816000000000000014e+01 2.578841414222105000e-01 2.575043744308396776e-01 -9.642672951847307272e-02
1.817000000000000171e+01 2.585484803898290274e-01 1.867780039632793487e+00 -2.359948131563907592e-02
1.817999999999999972e+01 2.541353159362443881e-01 1.129919439971464268e+00 -3.748818281404901753e-02
1.819000000000000128e+01 2.527999640794454939e-01 8.482616273469120172e-01 -8.393160102542998602e-02
1.819999999999999929e+01 2.505732893591499089e-01 2.512785190140699232e+00 5.663795804325919003e-02
1.821000000000000085e+01 2.448003202015349988e-01 1.214394205890866996e+00 1.437184649946346426e-02
1.821999999999999886e+01 2.441791584209939137e-01 6.637938456312594271e-01 -8.453273081010573287e-02
1.823000000000000043e+01 2.422652962216832739e-01 2.982067882490116340e+00 9.543391261629313727e-02
1.824000000000000199e+01 2.358715565696274385e-01 5.862268120631026341e-02 -7.785174421557711222e-02
1.825000000000000000e+01 2.375225285032062095e-01 2.081301980450461997e+00 -1.584313603376852342e-03
1.826000000000000156e+01 2.327020234747494698e-01 4.559241540319853847e-01 -9.389808050196782330e-02
1.826999999999999957e+01 2.323575578871192870e-01 1.853145577496949636e+00 -1.883590595912656984e-02
1.828000000000000114e+01 2.275674787944550193e-01 1.460321777907937824e+00 -1.684842219034643485e-03
1.828999999999999915e+01 2.243614321698422787e-01 2.209029163925865902e+00 7.126148966721126965e-02
1.830000000000000071e+01 2.197593940866522655e-01 1.456176159955776317e+00 3.550913162833194137e-02
1.830999999999999872e+01 2.179640571116789605e-01 1.108388982087949115e+00 -2.954448865154515880e-02
1.832000000000000028e+01 2.163216433992316001e-01 1.085203439104983403e+00 -6.313977942230564189e-02
1.833000000000000185e+01 2.142693360607013653e-01 8.982529081755626921e-01 -9.095621478248350211e-02
1.833999999999999986e+01 2.120318178390178387e-01 1.578548122956196620e+00 -3.429749857481477482e-02
1.835000000000000142e+01 2.085201352372325345e-01 6.767160930570284005e-01 -8.743476219062273902e-02
1.835999999999999943e+01 2.074352483393221147e-01 1.293316124354641383e+00 -6.481884335912332928e-02
1.837000000000000099e+01 2.034508815037046892e-01 2.045924886372230578e+00 3.014947080205315766e-02
1.837999999999999901e+01 1.989553729538677818e-01 6.313497623527478675e-01 -5.968989626655327868e-02
1.839000000000000057e+01 1.982771260392370838e-01 1.633414493982636051e+00 -2.521632435124750160e-02
1.840000000000000213e+01 1.944004968001825095e-01 5.639905821189470370e-01 -9.858241755951611951e-02
1.841000000000000014e+01 1.923382227623711138e-01 2.864895575023787444e+00 8.253512814866650893e-02
1.842000000000000171e+01 1.844859472758065000e-01 1.579128307331986170e+00 6.817142399053813251e-02
1.842999999999999972e+01 1.830554256198105301e-01 4.178488293668812803e-01 -8.107603185288213277e-02
1.844000000000000128e+01 1.821469066370182410e-01 2.436460164965660091e+00 3.691372429468783856e-02
1.844999999999999929e+01 1.755210305710839802e-01 1.153758566919188544e+00 -1.642663878687861123e-03
1.846000000000000085e+01 1.733544227008117500e-01 2.210897187250843832e+00 6.437837256478820547e-02
1.846999999999999886e+01 1.687920657977027561e-01 4.761530661157334920e-01 -6.425148551982420853e-02
1.848000000000000043e+01 1.689241835279621518e-01 1.305426288324403883e+00 -6.397913958875223184e-02
1.849000000000000199e+01 1.642366207428669345e-01 2.675054399071395306e+00 9.080054156279815381e-02
1.850000000000000000e+01 1.582749997209223769e-01 2.854648992292590504e-01 -5.834730156984771487e-02
1.851000000000000156e+01 1.590546731780221323e-01 1.818183766841467763e+00 -1.300142426280156971e-02
1.851999999999999957e+01 1.542309197890383843e-01 7.974468730640780212e-01 -6.655506581174859548e-02
1.853000000000000114e+01 1.526188814599546972e-01 1.487555577437835730e+00 -3.500286183700072884e-02
1.853999999999999915e+01 1.486044426475525981e-01 1.239049542864427256e+00 -3.391071266824166597e-02
1.855000000000000071e+01 1.453171979621482313e-01 1.839213897002774933e+00 2.154129705723442645e-02
1.855999999999999872e+01 1.407104131144830683e-01 1.365940297704944406e+00 5.825944132083010762e-03
1.857000000000000028e+01 1.372146785886353415e-01 2.400354922931593471e+00 9.135536542575478647e-02
1.858000000000000185e+01 1.313080970062780461e-01 1.588881604552035087e+00 6.156626553107436006e-02
1.858999999999999986e+01 1.284497505263064165e-01 1.751229056644859394e+00 4.868971228833321452e-02
1.860000000000000142e+01 1.251075720057288343e-01 8.752706633925673163e-01 -4.065703818530530533e-02
1.860999999999999943e+01 1.235996086187229476e-01 1.373859799281229366e+00 -3.942542088642105036e-02
1.862000000000000099e+01 1.197893749826835635e-01 1.544068846628292579e+00 -8.499117316910845266e-03
1.862999999999999901e+01 1.161673835752595890e-01 1.035510696227718963e+00 -4.132675123349047880e-02
1.864000000000000057e+01 1.141447975706373769e-01 1.049607912744217275e+00 -6.284321213839316744e-02
1.865000000000000213e+01 1.114218590811926757e-01 1.145643031933002653e+00 -6.066391580106986897e-02
1.866000000000000014e+01 1.080540245729908755e-01 1.470659338375252201e+00 -2.418043036214490016e-02
1.867000000000000171e+01 1.041236380269035533e-01 1.180239373541636549e+00 -3.275879014052796023e-02
1.867999999999999972e+01 1.003719476155892215e-01 2.506045472004923891e+00 8.822002550103982821e-02
1.869000000000000128e+01 9.399894049444162958e-02 1.126209619018715191e+00 2.100526175576614141e-02
1.869999999999999929e+01 9.181316491962482340e-02 2.221377680144821731e+00 7.396477629613371074e-02
1.871000000000000085e+01 8.697927395193071065e-02 2.628043497864452904e-01 -8.027622987558563628e-02
1.871999999999999886e+01 8.737689973392834264e-02 1.098586827314144365e+00 -9.217359315407749887e-02
1.873000000000000043e+01 8.275630697249947154e-02 2.542061205659057688e+00 6.674619201281550840e-02
1.874000000000000199e+01 7.606565125276112949e-02 8.169336293331918020e-01 -1.253492895636540427e-02
1.875000000000000000e+01 7.500070444910274248e-02 1.730681322316291570e+00 1.013386307265914943e-02
1.876000000000000156e+01 7.056279593153924612e-02 9.228874108559151912e-01 -4.545699053472687656e-02
1.876999999999999957e+01 6.828200858698990627e-02 1.597303440439630906e+00 -1.335700359036622042e-02
1.878000000000000114e+01 6.417697028684371530e-02 7.252173258538434641e-01 -7.346017359936685143e-02
1.878999999999999915e+01 6.133631976119773010e-02 2.850292339816127729e+00 9.832620067973912859e-02
1.880000000000000071e+01 5.375095693289692195e-02 8.900790341165071284e-01 9.930147816095580282e-03
1.880999999999999872e+01 5.335858068230414641e-02 7.353506101319511323e-01 -8.023637527796577407e-02
1.882000000000000028e+01 5.027164873339216855e-02 2.638565993404500265e+00 7.031546463375348832e-02
1.883000000000000185e+01 4.317355127809532206e-02 7.964115281279912084e-01 -1.398407817648676665e-02
1.883999999999999986e+01 4.189847778866843953e-02 1.911472666204276694e+00 2.703945691239212357e-02
1.885000000000000142e+01 3.721398408214123682e-02 5.873474656120009074e-01 -6.854970695263062908e-02
1.885999999999999943e+01 3.583002222367301370e-02 1.673617002714327340e+00 -2.088229558391110907e-02
1.887000000000000099e+01 3.069835489554531560e-02 1.466888399304960622e+00 -4.026078978648095497e-04
1.887999999999999901e+01 2.697181510091667400e-02 1.418768717815914071e+00 -5.494806819646980145e-04
1.889000000000000057e+01 2.293096951367941047e-02 2.100920416828870874e+00 6.395121889795327141e-02
1.890000000000000213e+01 1.786192355363420275e-02 1.078893656413606683e+00 -8.421121215601568011e-04
1.891000000000000014e+01 1.593083043889394548e-02 1.152150789258716612e+00 -3.950004326149561540e-02
1.892000000000000171e+01 1.283922045717778015e-02 1.206281025875448609e+00 -4.644897495270810389e-02
1.892999999999999972e+01 9.376328696638697863e-03 1.269334105150764946e+00 -3.845962869302610443e-02
1.894000000000000128e+01 5.638658029527227403e-03 1.546046533905595988e+00 -5.533148648171934414e-03
1.894999999999999929e+01 1.698156261428915986e-03 9.502939994144193880e-01 -4.714104696562027019e-02
1.896000000000000085e+01 -4.252681423721243656e-04 7.662561460285185477e-01 -9.381070204188113326e-02
1.896999999999999886e+01 -3.034905743690204973e-03 1.313138616686756910e+00 -6.015277233413336699e-02
1.898000000000000043e+01 -7.711888076192931381e-03 1.819788514773488686e+00 1.563115078612251074e-02
1.899000000000000199e+01 -1.239277092357750527e-02 8.179629801578027770e-01 -4.589330182053113355e-02
1.900000000000000000e+01 -1.444679152075589376e-02 1.406628632907598320e+00 -3.363411741857291748e-02
1.901000000000000156e+01 -1.860669777776085762e-02 1.100129281920305901e+00 -4.828444940871112756e-02
1.901999999999999957e+01 -2.155742854150068458e-02 8.773896444142146311e-01 -8.064532187762170345e-02
1.903000000000000114e+01 -2.443886744949828188e-02 1.211776413483064863e+00 -6.392135097682713485e-02
1.903999999999999915e+01 -2.836327121493101983e-02 1.220925948957924279e+00 -4.910385474218077750e-02
1.905000000000000071e+01 -3.278328176948465400e-02 2.345547059715372029e+00 6.786999793152387328e-02
1.905999999999999872e+01 -3.845490368482647886e-02 4.536123395166591354e-01 -5.575485614188999822e-02
1.907000000000000028e+01 -3.995673758274199266e-02 2.557108388312038905e+00 6.567956377599631912e-02
1.908000000000000185e+01 -4.716596504712733395e-02 1.513195318719725568e+00 4.865992164193216896e-02
1.908999999999999986e+01 -5.073943992791409008e-02 2.253321869056370996e+00 9.485890372360120115e-02
1.910000000000000142e+01 -5.599790565651780599e-02 1.517852985279108058e+00 5.071802884563711422e-02
1.910999999999999943e+01 -5.844334911481614131e-02 5.424768840496377864e-01 -7.697738918620844473e-02
1.912000000000000099e+01 -6.073332339849774747e-02 2.865943095217513559e+00 8.800855062991339017e-02
1.912999999999999901e+01 -6.831214334231155982e-02 1.538686715652186843e+00 6.841892420331199820e-02
1.914000000000000057e+01 -7.065940567525794136e-02 1.082434744372317903e+00 -1.127427966621963318e-02
1.915000000000000213e+01 -7.303177067232026476e-02 1.482766404756244105e+00 -1.328221135333011726e-02
1.916000000000000014e+01 -7.640404253696334025e-02 5.608612522804026224e-01 -9.380914329961463627e-02
1.917000000000000171e+01 -7.809526873866642904e-02 1.392537112815660283e+00 -5.647169235997604592e-02
1.917999999999999972e+01 -8.271822092492851775e-02 2.063852302425456475e+00 4.297722307713555678e-02
1.919000000000000128e+01 -8.720033635934514027e-02 3.311587527044215218e-01 -7.789464011866581439e-02
1.919999999999999929e+01 -8.876353673532419442e-02 2.947398541860054788e+00 9.834897858958691064e-02
1.921000000000000085e+01 -9.540146744093705444e-02 -1.930425952517716703e-01 -9.566350525521648274e-02
1.921999999999999886e+01 -9.544424455112415773e-02 3.130598021789880558e+00 9.819469214866524687e-02
1.923000000000000043e+01 -1.029659604500598596e-01 3.376358388792133347e-01 -4.075848552783199047e-02
1.924000000000000199e+01 -1.032608988248228804e-01 1.746659077252271208e+00 -7.826957193824826686e-03
1.925000000000000000e+01 -1.080861057458090690e-01 1.524785819372229456e+00 9.094290462361612204e-03
1.926000000000000156e+01 -1.114366777021613825e-01 9.598985787896550104e-01 -4.208936278076716442e-02
1.926999999999999957e+01 -1.137138003545491161e-01 1.137341057815171474e+00 -5.590048594185255404e-02
1.928000000000000114e+01 -1.166496047039853740e-01 7.980759149738740899e-01 -8.988616095462212408e-02
1.928999999999999915e+01 -1.198907485827939018e-01 2.534178300218725255e+00 6.468660088628089277e-02
1.930000000000000071e+01 -1.262761175683345949e-01 1.904728042189807180e+00 9.446187420885251984e-02
1.930999999999999872e+01 -1.293470262922175040e-01 2.531650327128686651e-01 -7.488850481780980062e-02
1.932000000000000028e+01 -1.305306867272003346e-01 2.744812918016004577e+00 7.196616771001509982e-02
1.933000000000000185e+01 -1.372286683256588036e-01 1.378145108106548111e+00 4.410788942346741126e-02
1.933999999999999986e+01 -1.398313584658232578e-01 1.811397486484945363e+00 5.004506823532711701e-02
1.935000000000000142e+01 -1.434212657620232978e-01 1.003252982291106488e+00 -2.243890791954930575e-02
1.935999999999999943e+01 -1.452599139546154328e-01 7.564840962019392379e-01 -8.848501799642818910e-02
1.937000000000000099e+01 -1.480344177210852208e-01 2.302935382839105483e+00 3.808462472156598499e-02
1.937999999999999901e+01 -1.536584088660485070e-01 2.031480545437242213e+00 9.242528571963701256e-02
1.939000000000000057e+01 -1.573857461615164599e-01 1.294860368315467580e+00 3.175164933788796051e-02
1.940000000000000213e+01 -1.593717979515696936e-01 8.622584128135188930e-01 -5.318953728377093931e-02
1.941000000000000014e+01 -1.617739882168824084e-01 1.867778150060910081e+00 7.347052819863392203e-03
1.942000000000000171e+01 -1.656916228060238416e-01 5.586468928726655570e-01 -7.566497138979387527e-02
1.942999999999999972e+01 -1.675913413630013282e-01 2.325978652603295060e+00 4.357570922991796381e-02
1.944000000000000128e+01 -1.727204666316244919e-01 1.431897477282509934e+00 3.457283877776270997e-02
1.944999999999999929e+01 -1.752296888062626623e-01 1.203049092497578743e+00 -1.064120012608060772e-02
1.946000000000000085e+01 -1.774240568668492557e-01 5.640955685397938124e-01 -9.826710125944611296e-02
1.946999999999999886e+01 -1.791549747109641433e-01 1.104083355729293947e+00 -8.792678562130545883e-02
1.948000000000000043e+01 -1.826459249656588457e-01 2.172318129617202498e+00 3.639553727384076121e-02
1.949000000000000199e+01 -1.873155321088665337e-01 1.500233683264365014e+00 3.848266866559471588e-02
1.950000000000000000e+01 -1.900278613024788399e-01 1.436815363196095374e+00 1.504186537640259114e-02
1.951000000000000156e+01 -1.926626557965337994e-01 8.736196897425339003e-01 -5.446175544247547351e-02
1.951999999999999957e+01 -1.950994519894606316e-01 2.116459764046791925e+00 3.262631743539262663e-02
1.953000000000000114e+01 -1.990281157064491269e-01 3.919852197745135602e-01 -7.889895968795995751e-02
1.953999999999999915e+01 -2.004627080827597607e-01 2.212637654453264435e+00 2.553611497545246745e-02
1.955000000000000071e+01 -2.049815532868345946e-01 1.340652963771120865e+00 1.446358159084963624e-02
1.955999999999999872e+01 -2.073232189335930120e-01 1.120838228654255753e+00 -2.890127266099638825e-02
1.957000000000000028e+01 -2.095847756999856260e-01 1.077524323178377985e+00 -5.616679167684286711e-02
1.958000000000000185e+01 -2.124162427029268607e-01 2.190717426925624878e+00 4.491654066561240333e-02
1.958999999999999986e+01 -2.161660261292378815e-01 4.770710451615255421e-01 -6.380160899743866909e-02
1.960000000000000142e+01 -2.172622856679151115e-01 1.200275447381110139e+00 -6.852906838654365673e-02
1.960999999999999943e+01 -2.203696989731605826e-01 2.027794300457970156e+00 2.655282381314605367e-02
1.962000000000000099e+01 -2.241691237300600936e-01 1.536066702117542704e+00 3.212490617409011207e-02
1.962999999999999901e+01 -2.264425773543333742e-01 5.176067800870918223e-01 -7.960618035267452708e-02
1.964000000000000057e+01 -2.279090822015291118e-01 1.488345166771024575e+00 -4.754233859287829156e-02
1.965000000000000213e+01 -2.308943143031736978e-01 8.113162518608122431e-01 -8.028079318294925604e-02
1.966000000000000014e+01 -2.333433163118689424e-01 2.694429244078464514e+00 8.276629247631878128e-02
1.967000000000000171e+01 -2.372534143821475594e-01 -1.112840074941700980e-01 -9.832269697905729466e-02
1.967999999999999972e+01 -2.377005628682989369e-01 1.855891149073647162e+00 -2.979768445595258608e-02
1.969000000000000128e+01 -2.410991299349409256e-01 8.067918864838351523e-01 -6.863579851373571850e-02
1.969999999999999929e+01 -2.430910119277555070e-01 1.758784331627192055e+00 -6.601024596826848834e-03
1.971000000000000085e+01 -2.464269219230599550e-01 2.237809050289795820e+00 8.136747147785977630e-02
1.971999999999999886e+01 -2.496031860696222848e-01 1.426413497122508645e+00 4.147527526332264736e-02
1.973000000000000043e+01 -2.515682029242118922e-01 1.081304499594710311e+00 -2.796524907745955024e-02
1.974000000000000199e+01 -2.533859261522177220e-01 1.067122113829604535e+00 -6.266926091276198152e-02
1.975000000000000000e+01 -2.557024996266160644e-01 2.209001514302741498e+00 4.100242675596182940e-02
1.976000000000000156e+01 -2.588621290150427967e-01 1.237161876625761270e+00 8.383174597527978666e-03
1.976999999999999957e+01 -2.607904280090505567e-01 1.934279389229257795e+00 4.405799392961934347e-02
1.978000000000000114e+01 -2.631454774566487909e-01 3.179337332123357562e-01 -9.102894278345351198e-02
1.978999999999999915e+01 -2.641867922383590583e-01 1.398841406397018483e+00 -6.537187516793865893e-02
1.980000000000000071e+01 -2.666064560923688820e-01 1.349235325671777730e+00 -3.602533966401147425e-02
1.980999999999999872e+01 -2.688227211072918288e-01 1.516642520450217191e+00 -6.692660641482467421e-03
1.982000000000000028e+01 -2.710256230424036850e-01 1.601326391665570226e+00 1.388920406541942210e-02
1.983000000000000185e+01 -2.731825299655961103e-01 1.513355721399603615e+00 1.241879894907235715e-02
1.983999999999999986e+01 -2.751964981774125407e-01 1.514069696923410424e+00 8.583132385886038662e-03
1.985000000000000142e+01 -2.772024037639828631e-01 1.580904042625181471e+00 1.322326821228855809e-02
1.985999999999999943e+01 -2.791405004386783295e-01 1.248376932761122493e+00 -1.650487537445184671e-02
1.987000000000000099e+01 -2.808118661353005696e-01 1.143781072980228020e+00 -4.423743023979187505e-02
1.987999999999999901e+01 -2.825451357608883551e-01 1.740770697148860569e+00 3.625908176257713889e-03
1.989000000000000057e+01 -2.844950437571418522e-01 6.264845085978679728e-01 -7.562789734493809146e-02
1.990000000000000213e+01 -2.858981851331940383e-01 2.416208721957402883e+00 4.985427395379787852e-02
1.991000000000000014e+01 -2.883352265622671773e-01 1.996317615072666918e+00 9.058714476420212658e-02
1.992000000000000171e+01 -2.900847521156080244e-01 1.332502573094791476e-01 -8.918070250999143855e-02
1.992999999999999972e+01 -2.909869726335734819e-01 2.687061331940367115e+00 5.646542822224573377e-02
1.994000000000000128e+01 -2.932552216294613268e-01 4.643999786860277812e-01 -5.523342176640533285e-02
1.994999999999999929e+01 -2.942791151649115089e-01 1.542079754512759360e+00 -3.271772901312600124e-02
1.996000000000000085e+01 -2.958362046972352610e-01 6.367861078956186249e-01 -9.329236488357031676e-02
1.996999999999999886e+01 -2.971988479873782230e-01 2.905736703728454717e+00 9.381715938382581554e-02
1.998000000000000043e+01 -2.992274785268456139e-01 9.290353560556774415e-01 1.241912107852320701e-02
1.999000000000000199e+01 -3.002588010670166341e-01 6.973855066719312212e-01 -8.368371355116457910e-02
2.000000000000000000e+01 -3.013825187258902250e-01 1.610288190040523260e+00 -3.568887308986685991e-02
2.001000000000000156e+01 -3.029152573128492953e-01 2.520424987074546763e+00 9.545621324381256545e-02
2.001999999999999957e+01 -3.044439674380179928e-01 -7.926515088472346066e-03 -8.799174848752536193e-02
2.003000000000000114e+01 -3.053374781436826169e-01 2.962633991851082005e+00 8.358122109379315101e-02
2.003999999999999915e+01 -3.068149970696581463e-01 4.263369081312499143e-01 -4.409791020005782158e-02
2.005000000000000071e+01 -3.077992929264717903e-01 9.987445664563924241e-01 -8.442257978019335196e-02
2.005999999999999872e+01 -3.087753067751095593e-01 2.144418958981496370e+00 2.492916144299653358e-02
2.007000000000000028e+01 -3.100445587054164176e-01 2.010729668624441135e+00 7.924729405172034613e-02
2.008000000000000185e+01 -3.111343026787670718e-01 7.923429050825393505e-01 -2.671685913834490056e-02
2.008999999999999986e+01 -3.120289636328402727e-01 1.435263720748686467e+00 -3.067582027890347618e-02
2.010000000000000142e+01 -3.129526887479774366e-01 1.131585165937075699e+00 -4.752609552559592526e-02
2.010999999999999943e+01 -3.138976790597785560e-01 1.320851908435878297e+00 -3.775056230056453299e-02
2.012000000000000099e+01 -3.147461103441547836e-01 7.484821341619760648e-01 -8.649365303669814820e-02
2.012999999999999901e+01 -3.156140308924549887e-01 1.926408005614340890e+00 1.054215658157622859e-03
2.014000000000000057e+01 -3.163310880352155352e-01 1.026085397436932167e+00 -3.168638386450932376e-02
2.015000000000000213e+01 -3.171802373983969581e-01 9.895209025592910379e-01 -6.677154024899595308e-02
2.016000000000000014e+01 -3.178342626457492659e-01 2.266981498258045846e+00 4.447404578719174606e-02
2.017000000000000171e+01 -3.182851992043959632e-01 1.928631751084783241e+00 7.864742772282459771e-02
2.017999999999999972e+01 -3.189260643172812659e-01 1.724594472186137928e+00 6.143088090613549324e-02
2.019000000000000128e+01 -3.195103951956670407e-01 5.157303459465119033e-01 -7.289069237749637442e-02
2.019999999999999929e+01 -3.201698324231810333e-01 2.825134115060918383e+00 8.270801452185921887e-02
2.021000000000000085e+01 -3.202375079113258249e-01 7.212599801524245402e-01 -1.823838754309448085e-02
2.021999999999999886e+01 -3.209912674678453981e-01 2.543373065410496903e+00 8.291742279404731852e-02
2.023000000000000043e+01 -3.210838949575077206e-01 1.392855132435756871e-01 -8.327267277703707948e-02
2.024000000000000199e+01 -3.218875646753889819e-01 3.050031264295905764e+00 9.675798463991405751e-02
2.025000000000000000e+01 -3.215573443417091837e-01 -1.272653768538742347e-02 -8.065209836314105041e-02
2.026000000000000156e+01 -3.225760061123429390e-01 2.571253189805214223e+00 4.908496160166697653e-02
2.026999999999999957e+01 -3.220116539185483018e-01 1.506828403879309386e+00 4.288259579010408884e-02
2.028000000000000114e+01 -3.223649885566441387e-01 1.817919860578983915e+00 5.143350720833261835e-02
2.028999999999999915e+01 -3.224709452092089368e-01 7.242783650088545633e-01 -5.106718910773142689e-02
2.030000000000000071e+01 -3.228985848411906057e-01 2.336116248212045221e+00 4.958593034383701470e-02
2.030999999999999872e+01 -3.223569339438390746e-01 1.135592713042010038e+00 2.580238615192104179e-03
2.032000000000000028e+01 -3.229337093090443034e-01 6.105727123249935495e-01 -9.059011176700471069e-02
2.033000000000000185e+01 -3.234122284264951408e-01 1.175221682267864498e+00 -8.049418076742438644e-02
2.033999999999999986e+01 -3.232076398330794853e-01 1.349842240598594145e+00 -4.395253860050088446e-02
2.035000000000000142e+01 -3.229179181773371710e-01 2.303170096870715611e+00 6.948978933503627275e-02
2.035999999999999943e+01 -3.222468967258752537e-01 8.594823103965993916e-01 -1.488344681834989636e-02
2.037000000000000099e+01 -3.227631546082249114e-01 1.204175795068331389e+00 -4.519121773068433129e-02
2.037999999999999901e+01 -3.223622958448053577e-01 1.781299661272489843e+00 6.980303905303394951e-03
2.039000000000000057e+01 -3.218436645453228717e-01 1.027355294372526151e+00 -3.395620653981908099e-02
2.040000000000000213e+01 -3.219367571229604930e-01 1.294811844427329550e+00 -3.838470908080768990e-02
2.041000000000000014e+01 -3.216069038495587562e-01 1.039114298614002729e+00 -6.035959111836300406e-02
2.042000000000000171e+01 -3.214156980973694733e-01 1.469183267424468697e+00 -2.974066611252412784e-02
2.042999999999999972e+01 -3.208659517051029586e-01 8.891576030464801716e-01 -6.686129197510196076e-02
2.044000000000000128e+01 -3.206506442004925517e-01 1.973652065935565192e+00 1.482084082456296137e-02
2.044999999999999929e+01 -3.194612253094722965e-01 1.056456893440288036e+00 -2.463234387313521789e-02
2.046000000000000085e+01 -3.195544077582568865e-01 7.227006317239597077e-01 -9.211504798584942144e-02
2.046999999999999886e+01 -3.194071872688422076e-01 1.408832089308176938e+00 -5.677590143730542466e-02
2.048000000000000043e+01 -3.183006785249947734e-01 1.640082692975533218e+00 -4.317454612980983764e-03
2.049000000000000199e+01 -3.174057349769923153e-01 9.905621519552878507e-01 -4.439438481419162585e-02
2.050000000000000000e+01 -3.168060723317839833e-01 2.519049311028876303e+00 7.646685299728706031e-02
2.051000000000000156e+01 -3.150653037784274524e-01 1.080663887751559943e-01 -8.835235704250701816e-02
2.051999999999999957e+01 -3.157077374737573550e-01 2.416998841047872215e+00 2.958531929802982186e-02
2.053000000000000114e+01 -3.129658695875850438e-01 1.933562172841001514e+00 7.219709837164453581e-02
2.053999999999999915e+01 -3.117970663799345954e-01 1.984407032643330515e+00 8.416183110978800452e-02
2.055000000000000071e+01 -3.106160070961886954e-01 1.095289456144787898e+00 -3.159133176154862999e-03
2.055999999999999872e+01 -3.103245308824952864e-01 1.442697566964203704e+00 -1.937931281848585818e-02
2.057000000000000028e+01 -3.094421482066690432e-01 6.617436524506981055e-01 -9.286976413432777855e-02
2.058000000000000185e+01 -3.091108972437204283e-01 1.920987416159476879e+00 -7.070784817404890399e-03
2.058999999999999986e+01 -3.069065303097415764e-01 1.696253206058713658e+00 2.998064492367236156e-02
2.060000000000000142e+01 -3.058720417548677628e-01 9.809047504208668888e-01 -3.235560770384178497e-02
2.060999999999999943e+01 -3.055238116353363176e-01 1.033663186055416405e+00 -6.765180649541618907e-02
2.062000000000000099e+01 -3.044260587759964887e-01 1.767222422495348555e+00 -5.875475878020022802e-03
2.062999999999999901e+01 -3.027103992728220616e-01 7.411463611144509800e-01 -6.753627127037112321e-02
2.064000000000000057e+01 -3.022037490474219212e-01 1.983798193066333759e+00 1.158687250617720932e-02
2.065000000000000213e+01 -2.997774961931975457e-01 1.239018180432045257e+00 -8.600787675423909873e-03
2.066000000000000014e+01 -2.984444827973424808e-01 2.557631373330633284e+00 9.896145143523424337e-02
2.067000000000000171e+01 -2.958742970264542360e-01 2.359520431662238404e-01 -6.742089951528892899e-02
2.067999999999999972e+01 -2.963518011681454678e-01 2.294446530237796988e+00 2.704251592833947782e-02
2.069000000000000128e+01 -2.933199058623134903e-01 6.308448572409981470e-01 -6.011693929931277020e-02
2.069999999999999929e+01 -2.932290928356878768e-01 1.708019813579993107e+00 -1.630572238093042081e-02
2.071000000000000085e+01 -2.905733820757646635e-01 1.993799992626668960e+00 4.948756099062129321e-02
2.071999999999999886e+01 -2.883425326382725307e-01 1.177665681137929576e+00 -5.679828156229110858e-04
2.073000000000000043e+01 -2.875471857007256826e-01 1.282862682544366528e+00 -2.786016060716965670e-02
2.074000000000000199e+01 -2.855027776137887829e-01 2.431271596661064294e+00 7.782665053132145627e-02
2.075000000000000000e+01 -2.820236427204720897e-01 1.754785764491177291e+00 7.442591788783881057e-02
2.076000000000000156e+01 -2.807057950038033267e-01 9.386894893442699894e-01 -2.349419006871449056e-02
2.076999999999999957e+01 -2.803012726890095618e-01 9.075585276729462025e-01 -8.106740078045021614e-02
2.078000000000000114e+01 -2.789591742913767880e-01 1.591046137063007349e+00 -3.142672531358658983e-02
2.078999999999999915e+01 -2.767062561475250870e-01 9.066147298245744723e-01 -6.267645568475430085e-02
2.080000000000000071e+01 -2.753110252120851142e-01 2.285504771329117002e+00 4.897444992459779045e-02
2.080999999999999872e+01 -2.716418890359324489e-01 1.388659998063852319e+00 2.771198188266360551e-02
2.082000000000000028e+01 -2.703203009158444137e-01 1.404993534625476270e+00 1.028681296664182843e-03
2.083000000000000185e+01 -2.688381617177955651e-01 5.390749215262268246e-01 -9.672509935855913565e-02
2.083999999999999986e+01 -2.675152949252971313e-01 2.975609253037296842e+00 9.321845047144339258e-02
2.085000000000000142e+01 -2.629549792501039152e-01 -1.746428174423957369e-01 -9.730649201472396648e-02
2.085999999999999943e+01 -2.642230414716849052e-01 2.229349424840753269e+00 5.489903819064223534e-03
2.087000000000000099e+01 -2.597578802121709995e-01 1.168810646744144810e+00 -1.367112509544354815e-02
2.087999999999999901e+01 -2.586304601921675661e-01 1.087303974177167287e+00 -4.762114756449280922e-02
2.089000000000000057e+01 -2.562978513055901852e-01 2.521724349707652912e+00 7.799941830329223946e-02
2.090000000000000213e+01 -2.522131725151146586e-01 6.520768845997998442e-01 -3.138789990961857179e-02
2.091000000000000014e+01 -2.518543755599584877e-01 1.908466345653358598e+00 1.302150671126697801e-02
2.092000000000000171e+01 -2.486230233364994935e-01 6.166069438329787600e-01 -7.388747978366026758e-02
2.092999999999999972e+01 -2.482590838005928058e-01 1.020230402123661007e+00 -8.951220701546352965e-02
2.094000000000000128e+01 -2.453308823625934554e-01 2.572580977460927176e+00 6.804508225479727335e-02
2.094999999999999929e+01 -2.410578007310052728e-01 2.152809658719871400e-01 -7.422615868979975939e-02
2.096000000000000085e+01 -2.417196106999155159e-01 1.272394922583106602e+00 -7.294929239706052226e-02
2.096999999999999886e+01 -2.382437656617537869e-01 2.109995120252377898e+00 3.136788120768591037e-02
2.098000000000000043e+01 -2.345478351414987950e-01 6.263694067472168614e-01 -5.701966200145556357e-02
2.099000000000000199e+01 -2.334076215133014109e-01 2.428328367146250333e+00 5.617466033929816027e-02
2.100000000000000000e+01 -2.289587005531330266e-01 2.277958404200534637e-01 -8.506842720202122121e-02
2.101000000000000156e+01 -2.294981927577554315e-01 1.112334031644734766e+00 -9.376360127523093724e-02
2.101999999999999957e+01 -2.262726544053055289e-01 1.657828860367219104e+00 -2.414412980209042214e-02
2.103000000000000114e+01 -2.222546586902332255e-01 2.235172734480954215e+00 7.339207197018912665e-02
2.103999999999999915e+01 -2.186623203902430257e-01 3.033485217772671771e-01 -7.310721665851988016e-02
2.105000000000000071e+01 -2.190061102740085142e-01 1.020433408434954226e+00 -9.894221138474548760e-02
2.105999999999999872e+01 -2.157319246948858071e-01 1.916526279529679799e+00 -3.582875192250201124e-03
2.107000000000000028e+01 -2.115240774787607858e-01 1.269957003670735274e+00 -1.022264094122078693e-02
2.108000000000000185e+01 -2.092533454354154054e-01 1.426738007737478497e+00 -1.240663800828796515e-02
2.108999999999999986e+01 -2.064774324062229882e-01 1.009270107019857976e+00 -5.402982243504737131e-02
2.110000000000000142e+01 -2.038691706223957067e-01 2.214574326103040391e+00 4.205634534084273790e-02
2.110999999999999943e+01 -1.986445532775920897e-01 1.893020173172840881e+00 7.033182027826101468e-02
2.112000000000000099e+01 -1.956513831561237649e-01 1.068565499895980153e+00 -9.218248322321015431e-03
2.112999999999999901e+01 -1.932665134528704087e-01 2.513506350304032910e+00 8.518170371095085125e-02
2.114000000000000057e+01 -1.878941135546915719e-01 1.436167009472797185e+00 4.333794258135009736e-02
2.115000000000000213e+01 -1.864263457969506099e-01 5.155685959032728638e-01 -8.464338656546264994e-02
2.116000000000000014e+01 -1.846750112860237047e-01 2.922593120289912250e+00 8.808752969411928757e-02
2.117000000000000171e+01 -1.783480308685142790e-01 6.435189707860985431e-01 -2.142202914963275973e-02
2.117999999999999972e+01 -1.778982352947205137e-01 1.991364376362491306e+00 2.565311476653825418e-02
2.119000000000000128e+01 -1.737865284319739523e-01 6.454918215267149151e-01 -6.490505857959055769e-02
2.119999999999999929e+01 -1.725356576992985447e-01 1.926621888725499110e+00 4.247592427126994918e-03
2.121000000000000085e+01 -1.682289457138559652e-01 7.905101907137300765e-01 -5.590477676684229430e-02
2.121999999999999886e+01 -1.664197865866727521e-01 2.111474770934433476e+00 3.096052854417077893e-02
2.123000000000000043e+01 -1.617444855047091568e-01 8.230953510236102000e-01 -3.882782676215384282e-02
2.124000000000000199e+01 -1.595994426097723795e-01 2.743816948687564317e+00 9.936458321682828387e-02
2.125000000000000000e+01 -1.540812497266781100e-01 6.133662227431085218e-02 -7.822147551323332948e-02
2.126000000000000156e+01 -1.544170868227366378e-01 2.194338846405092358e+00 1.280142292470502763e-02
2.126999999999999957e+01 -1.490341200112876019e-01 6.454580419851472239e-01 -6.328630952284482192e-02
2.128000000000000114e+01 -1.479609585249594406e-01 1.439057274913446927e+00 -4.091164131591584763e-02
2.128999999999999915e+01 -1.434795549849034457e-01 2.340537530901800611e+00 7.207224783049279160e-02
2.130000000000000071e+01 -1.384171659608679772e-01 1.005124417271988424e+00 2.551830198510157688e-04
2.130999999999999872e+01 -1.372777699855635136e-01 7.474684224457650572e-01 -8.219766602021508217e-02
2.132000000000000028e+01 -1.345345427185011267e-01 2.403520997502324619e+00 4.572242832851761141e-02
2.133000000000000185e+01 -1.287138045080703785e-01 9.792769936475665959e-01 -1.118022050311066884e-02
2.133999999999999986e+01 -1.275110229348250246e-01 7.614709918030834190e-01 -8.346286995559754063e-02
2.135000000000000142e+01 -1.249920555276719525e-01 1.901396513776677066e+00 -3.088596901894849478e-03
2.135999999999999943e+01 -1.199766047917611989e-01 1.258688222610196750e+00 -1.089442408687249508e-02
2.137000000000000099e+01 -1.170503098960885835e-01 1.701482987275243941e+00 1.675753219714286313e-02
2.137999999999999901e+01 -1.130358372350306062e-01 1.231199588505666132e+00 -1.312442174213172830e-02
2.139000000000000057e+01 -1.100000300207004816e-01 1.778719941226154289e+00 2.018033651878628487e-02
2.140000000000000213e+01 -1.054193520152919283e-01 1.753239123746133110e+00 4.076795692591658749e-02
2.141000000000000014e+01 -1.010236917283145741e-01 2.261414332406755712e+00 9.789244900987045805e-02
2.142000000000000171e+01 -9.636616787081118962e-02 1.093543411939411181e+00 1.152500216786871146e-02
2.142999999999999972e+01 -9.451886561383082697e-02 1.429811973336374109e+00 -1.187651883379936546e-02
2.144000000000000128e+01 -9.062226425619047954e-02 1.981641603088936332e+00 4.240928907958754768e-02
2.144999999999999929e+01 -8.560839790302240959e-02 2.043164179214862486e+00 8.277180334499140146e-02
2.146000000000000085e+01 -8.228158736415303043e-02 9.164401304783498237e-02 -9.539836273632201769e-02
2.146999999999999886e+01 -8.266713839141698328e-02 1.190977767905031515e+00 -9.278791179568890435e-02
2.148000000000000043e+01 -7.765846968805363570e-02 2.812363826173360781e+00 9.546466453587540424e-02
2.149000000000000199e+01 -7.124490202649060022e-02 8.714507474105794849e-01 9.201711129234180220e-03
2.150000000000000000e+01 -7.062398892092641711e-02 6.422264606294412204e-01 -8.964466811972987559e-02
2.151000000000000156e+01 -6.803122086921579992e-02 2.308172416554710171e+00 3.207459390991457271e-02
2.151999999999999957e+01 -6.248521149257141999e-02 3.304302931737026494e-01 -8.069446536946767168e-02
2.153000000000000114e+01 -6.212262013238863123e-02 1.174935700138194594e+00 -7.877123949653282164e-02
2.153999999999999915e+01 -5.799172620933926853e-02 1.597631689764282159e+00 -1.945336929257326930e-02
2.155000000000000071e+01 -5.340745901405179186e-02 1.790991556266499307e+00 3.274051107781364434e-02
2.155999999999999872e+01 -4.869538979333168371e-02 1.898678681189983397e+00 6.402410611884098990e-02
2.157000000000000028e+01 -4.412329791141601787e-02 1.866739140563156374e+00 7.077389408168593965e-02
2.158000000000000185e+01 -4.032575163523587775e-02 9.317866082121534221e-01 -2.264416748421993475e-02
2.158999999999999986e+01 -3.747412336924753340e-02 2.671207673775487734e+00 9.603637891557101347e-02
2.160000000000000142e+01 -3.169428230016013009e-02 1.592147124040387551e-01 -7.210691184570985901e-02
2.160999999999999943e+01 -3.127204152447365937e-02 2.362795131472493093e+00 3.414273106105991662e-02
2.162000000000000099e+01 -2.531835592640410346e-02 6.208206564808407268e-01 -5.367420939510923056e-02
2.162999999999999901e+01 -2.359822926377938557e-02 2.239433250741020398e+00 4.164648302968668170e-02
2.164000000000000057e+01 -1.795330654082526178e-02 1.083289013901493014e+00 -6.132004857079251248e-03
2.165000000000000213e+01 -1.617812328255798654e-02 6.096290072171636210e-01 -9.394136850267763295e-02
2.166000000000000014e+01 -1.436657466004345046e-02 1.070140568079355647e+00 -9.106841494923866021e-02
2.167000000000000171e+01 -1.061000903013908925e-02 1.432891685802020865e+00 -4.081945160584363880e-02
2.167999999999999972e+01 -6.893561078959940455e-03 7.515598656200280780e-01 -8.051674968983438263e-02
2.169000000000000128e+01 -3.950570538344590731e-03 2.248545450331933093e+00 3.761512702923802687e-02
2.169999999999999929e+01 1.908194293789698941e-03 1.059079152954441660e+00 -7.849347223692987319e-03
2.171000000000000085e+01 4.613483011658594049e-03 1.865237076791666393e+00 2.880319087671417977e-02
2.171999999999999886e+01 9.637364213775190952e-03 1.636691081514883184e+00 3.332023494710323330e-02
2.173000000000000043e+01 1.284270865418391146e-02 4.156109255379177303e-01 -9.050062876051917504e-02
2.174000000000000199e+01 1.458957225729692365e-02 1.870218317864271729e+00 -1.708302080645249243e-02
2.175000000000000000e+01 2.027805312405771276e-02 1.810807925626292558e+00 3.657663525977347674e-02
2.176000000000000156e+01 2.489291173811379251e-02 2.058026116641308079e+00 8.062311676502628699e-02
2.176999999999999957e+01 2.983471273824877049e-02 1.972350521261584388e+00 8.919973746030021577e-02
2.178000000000000114e+01 3.357124968644040891e-02 8.495682402530538857e-01 -2.345861532644763492e-02
2.178999999999999915e+01 3.575592100353509190e-02 1.892284800259067312e+00 1.526938658878736199e-02
2.180000000000000071e+01 4.105063148299986642e-02 2.225577201482561218e+00 8.680377056959734383e-02
2.180999999999999872e+01 4.507177082619970299e-02 7.777023930080455283e-02 -9.096438516312908840e-02
2.182000000000000028e+01 4.611849192086397986e-02 3.073469364319390440e+00 9.523762478411823551e-02
2.183000000000000185e+01 5.337062086916132680e-02 6.954829450381658784e-01 -9.042143899287410913e-03
2.183999999999999986e+01 5.484694258890016744e-02 2.358322295075907071e+00 6.986965915319728881e-02
2.185000000000000142e+01 5.983024813748977211e-02 3.775816485158386415e-01 -6.643378289985582552e-02
2.185999999999999943e+01 6.140042575260330066e-02 2.820574450794820720e+00 8.716868125970198000e-02
2.187000000000000099e+01 6.819253632435183510e-02 1.416262552989207890e+00 5.489123911766546904e-02
2.187999999999999901e+01 7.074774143974295326e-02 1.579372562371614608e+00 3.058583701889366901e-02
2.189000000000000057e+01 7.382779386883200901e-02 7.006442441520689401e-01 -6.538750781195903916e-02
2.190000000000000213e+01 7.591234348834330348e-02 1.747603576275198911e+00 -1.234552799729185524e-02
2.191000000000000014e+01 8.052224890590752027e-02 1.599485651904417161e+00 1.713789203534361871e-02
2.192000000000000171e+01 8.394096853747251563e-02 1.138572132200234677e+00 -1.961010887925070112e-02
2.192999999999999972e+01 8.719786215545922980e-02 2.383404335991282874e+00 7.857404720074143145e-02
2.194000000000000128e+01 9.232098223449465568e-02 1.078410172154413482e+00 1.015741275860264359e-02
2.194999999999999929e+01 9.409599778812534343e-02 6.830682871933647649e-01 -8.218934250996963453e-02
2.196000000000000085e+01 9.691913904225858689e-02 2.697343483199952541e+00 7.506729165268835602e-02
2.196999999999999886e+01 1.026491836742238761e-01 5.240069870824834997e-01 -3.773851386642943645e-02
2.198000000000000043e+01 1.035326710231873754e-01 1.120577334787293600e+00 -6.568582500604974728e-02
2.199000000000000199e+01 1.072545629740592893e-01 2.065753441708607419e+00 2.857604070660607620e-02
2.200000000000000000e+01 1.122311942761866077e-01 1.819767147809218777e+00 6.159471660266296889e-02
2.201000000000000156e+01 1.155114471947988330e-01 7.268651276387793070e-01 -4.193909823346855803e-02
2.201999999999999957e+01 1.176163226246286775e-01 1.766409764072360833e+00 -2.523081637797547350e-03
2.203000000000000114e+01 1.223866083910011560e-01 2.358667179753524135e+00 9.359627955194085858e-02
2.203999999999999915e+01 1.267998091577700881e-01 8.067411014839306338e-01 -1.160768587103425120e-02
2.205000000000000071e+01 1.284998915064131386e-01 1.410841833920452038e+00 -2.538927371375546138e-02
2.205999999999999872e+01 1.321453154918443840e-01 1.692025727893881948e+00 1.008437510181732499e-02
2.207000000000000028e+01 1.360912708034943408e-01 1.785161170404842457e+00 4.141607436047017865e-02
2.208000000000000185e+01 1.397865163828283241e-01 1.529602701089195937e+00 2.864611337482858566e-02
2.208999999999999986e+01 1.424767981147306295e-01 4.180794837072253634e-01 -9.336076876334818697e-02
2.210000000000000142e+01 1.447107962098986567e-01 2.926890541108428945e+00 8.793288260617557195e-02
2.210999999999999943e+01 1.504505250623401069e-01 7.387120765195270833e-01 -8.296022711375902747e-03
2.212000000000000099e+01 1.521545834260113195e-01 2.052931273379858812e+00 4.084419328065508337e-02
2.212999999999999901e+01 1.564457554761538027e-01 1.416711013023421728e+00 1.973237648557832347e-02
2.214000000000000057e+01 1.589854192728744342e-01 7.338219929201345026e-01 -6.715415040504274513e-02
2.215000000000000213e+01 1.616613318977849767e-01 2.875699718085836132e+00 9.894824540602323304e-02
2.216000000000000014e+01 1.671573562220061149e-01 1.378079079202591650e+00 5.742354369760485633e-02
2.217000000000000171e+01 1.695584860219948309e-01 1.629326925704353002e+00 3.454489204294036719e-02
2.217999999999999972e+01 1.724915127084212241e-01 8.851798189415768237e-01 -4.606078758012135954e-02
2.219000000000000128e+01 1.745175276765883465e-01 1.155036337006990710e+00 -6.170569073933425408e-02
2.219999999999999929e+01 1.772369131686840904e-01 9.204706159689750589e-01 -8.207186469311321397e-02
2.221000000000000085e+01 1.799025105579821759e-01 1.959937671208377141e+00 1.152738909907827236e-02
2.221999999999999886e+01 1.836167511348469339e-01 6.956989591271766082e-01 -5.777978428194405908e-02
2.223000000000000043e+01 1.855974574030201107e-01 1.658240299082320179e+00 -1.581723419637301453e-02
2.224000000000000199e+01 1.894104520671159309e-01 2.003684483909505598e+00 5.220968655528610003e-02
2.225000000000000000e+01 1.930541989733824959e-01 1.367167790536357064e+00 2.131382640018449071e-02
2.226000000000000156e+01 1.955419253075927621e-01 1.063180397592568882e+00 -3.649796878625288787e-02
2.226999999999999957e+01 1.978318516655269976e-01 8.967968576391055491e-01 -8.143201912332397041e-02
2.228000000000000114e+01 2.003582141178508191e-01 1.505110622578101021e+00 -3.836473371114149100e-02
2.228999999999999915e+01 2.034252275909433916e-01 9.699594060863309108e-01 -6.053918472603918993e-02
2.230000000000000071e+01 2.059917678450353118e-01 1.865632738047698691e+00 9.053219855978483777e-03
2.230999999999999872e+01 2.094621962486148681e-01 1.188299773122338143e+00 -1.551929660378445486e-02
2.232000000000000028e+01 2.119006090748921656e-01 1.306029865846436655e+00 -2.823950517609062627e-02
2.233000000000000185e+01 2.146865659931667392e-01 1.400118654671232976e+00 -2.272601076436760181e-02
2.233999999999999986e+01 2.175146434597184375e-01 1.395345700251116261e+00 -1.840157203281569953e-02
2.235000000000000142e+01 2.202874319498144273e-01 1.417120738338371044e+00 -1.475717893937125713e-02
2.235999999999999943e+01 2.229898552620759866e-01 1.203908500100118184e+00 -3.457335156156263190e-02
2.237000000000000099e+01 2.257278163104412261e-01 2.196748782760375995e+00 5.193703440991445652e-02
2.237999999999999901e+01 2.291392500541627186e-01 1.208321772248850179e+00 5.834414481233965444e-03
2.239000000000000057e+01 2.311268502183506934e-01 5.543491106720362938e-01 -9.774155893211529389e-02
2.240000000000000213e+01 2.331103834377589723e-01 1.884754716446936929e+00 -1.786874300386527559e-02
2.241000000000000014e+01 2.362233583064049791e-01 9.005291316744360453e-01 -5.499980132268866839e-02
2.242000000000000171e+01 2.383959597302305056e-01 1.980018083369021298e+00 1.908911642536612052e-02
2.242999999999999972e+01 2.416662693503654480e-01 1.994626637168391614e+00 6.787587906040012942e-02
2.244000000000000128e+01 2.445548505357722224e-01 1.631910839699751259e+00 4.867337569936902586e-02
2.244999999999999929e+01 2.467204514810241445e-01 5.605543313764148605e-01 -7.539857080177524151e-02
2.246000000000000085e+01 2.485722731467646940e-01 2.001881477622365235e+00 1.003977765692276591e-04
2.246999999999999886e+01 2.514868003543851427e-01 1.315663307133938531e+00 -6.897079311818127278e-03
2.248000000000000043e+01 2.536276998056926080e-01 1.414004831043067734e+00 -1.208261731034829256e-02
2.249000000000000199e+01 2.559053129105564595e-01 1.290061447592237398e+00 -2.618817915857696299e-02
2.250000000000000000e+01 2.581799168065816996e-01 2.003716344848862629e+00 3.733926983581276060e-02
2.251000000000000156e+01 2.605933463578564147e-01 4.793857126115597111e-01 -7.566239159849466600e-02
2.251999999999999957e+01 2.620630168589870856e-01 1.074255499828846716e+00 -9.002203280287318643e-02
2.253000000000000114e+01 2.643606563500386364e-01 2.187965897698138207e+00 2.869499144482781650e-02
2.253999999999999915e+01 2.667777518236933987e-01 5.950095125877621349e-01 -5.989284560165924337e-02
2.255000000000000071e+01 2.684360903111730479e-01 1.597231166940585645e+00 -2.827175095885840761e-02
2.255999999999999872e+01 2.708717768951304783e-01 2.424063902155243255e+00 8.441191235897768652e-02
2.257000000000000028e+01 2.731618044179008886e-01 2.535297137249101773e-01 -7.162041903963856093e-02
2.258000000000000185e+01 2.747595026767525872e-01 2.739744156381769713e+00 6.995806264243903394e-02
2.258999999999999986e+01 2.772750781271053899e-01 8.050107831001064307e-01 -1.884928616916878297e-02
2.260000000000000142e+01 2.788007567896933492e-01 1.087678396643675383e+00 -6.165133162072647388e-02
2.260999999999999943e+01 2.807920190992884701e-01 2.801127787311465056e+00 9.697683928376213403e-02
2.262000000000000099e+01 2.830414461296306694e-01 1.070702026422711173e+00 2.153278213417227083e-02
2.262999999999999901e+01 2.846558252377451304e-01 9.548990966935620994e-01 -5.555255293413712686e-02
2.264000000000000057e+01 2.863341896229711359e-01 2.374166207326657396e+00 5.268306545723691614e-02
2.265000000000000213e+01 2.882389122226445277e-01 8.485358614047731063e-01 -2.589328317981114125e-02
2.266000000000000014e+01 2.898050128526558078e-01 1.781685593491091346e+00 6.451669663214865125e-03
2.267000000000000171e+01 2.914736730026635247e-01 1.125008922783256482e+00 -2.868703397672954514e-02
2.267999999999999972e+01 2.929725305110630340e-01 9.830778085764060314e-01 -6.729741637290206913e-02
2.269000000000000128e+01 2.945477146545203428e-01 2.492808321808390293e+00 6.558955005595332177e-02
2.269999999999999929e+01 2.961852092975955086e-01 1.431988760228572133e+00 4.133027608955955334e-02
2.271000000000000085e+01 2.977067214763157166e-01 8.655138285201934290e-01 -4.788086509489635628e-02
2.271999999999999886e+01 2.991290839552189218e-01 1.877729453733409049e+00 5.537515550265464936e-03
2.273000000000000043e+01 3.004722283131674998e-01 4.012020555433037372e-01 -9.745323033563245418e-02
2.274000000000000199e+01 3.018575349529931118e-01 2.749092769576985340e+00 6.896573068672154361e-02
2.275000000000000000e+01 3.030935066830900970e-01 3.892869369028832405e-01 -5.553341962716593777e-02
2.276000000000000156e+01 3.045516471375263046e-01 1.519067285722340177e+00 -3.846238241387092693e-02
2.276999999999999957e+01 3.057361109400198451e-01 2.414598499979018875e+00 7.812914841744569849e-02
2.278000000000000114e+01 3.068272159864737225e-01 3.735846277626707623e-01 -6.069189892601500880e-02
2.278999999999999915e+01 3.082852889681916841e-01 2.307325070211903473e+00 3.527832504437361516e-02
2.280000000000000071e+01 3.091762695384863147e-01 3.002330724234906212e-01 -8.895982638463845182e-02
2.280999999999999872e+01 3.105488602547275545e-01 2.196204998123997498e+00 1.444082202014791705e-02
2.282000000000000028e+01 3.113519196383173204e-01 1.821465808038006617e+00 5.402764841685467334e-02
2.283000000000000185e+01 3.122924373074208448e-01 1.337162553288918421e+00 1.332123121360968832e-02
2.283999999999999986e+01 3.134489585864059791e-01 2.491147459397073494e+00 9.892255823909909540e-02
2.285000000000000142e+01 3.140910197041117402e-01 1.127237560655485415e+00 1.816584408680302354e-02
2.285999999999999943e+01 3.153158643354430635e-01 1.367987499334366364e+00 -1.591343413768857296e-02
2.287000000000000099e+01 3.162068580261215844e-01 1.190105579634044952e+00 -4.079813027380918555e-02
2.287999999999999901e+01 3.169643381490402922e-01 1.961321067421087694e+00 2.670235465862738633e-02
2.289000000000000057e+01 3.175025022645569517e-01 1.712583610753292795e+00 4.404970289380541471e-02
2.290000000000000213e+01 3.182268983693217201e-01 1.081624764871731870e+00 -1.840789323301286751e-02
2.291000000000000014e+01 3.191292169082357577e-01 2.557857596525164645e+00 9.010333946697296481e-02
2.292000000000000171e+01 3.191690830298835047e-01 1.315170974422772199e+00 3.756357266339827028e-02
2.292999999999999972e+01 3.201797240650297027e-01 1.615641867511888430e+00 2.192471937623099998e-02
2.294000000000000128e+01 3.207216737294177888e-01 9.801753661687072627e-01 -4.206359832937672100e-02
2.294999999999999929e+01 3.213785626523899541e-01 2.721498583240471003e+00 9.671027142503796359e-02
2.296000000000000085e+01 3.211213945224967170e-01 3.370435058050970101e-01 -5.149467324812424807e-02
2.296999999999999886e+01 3.226255184216204608e-01 1.895341964025470949e+00 -1.284257444886471866e-03
2.298000000000000043e+01 3.224353464451932272e-01 1.319463780142945630e+00 -8.079130594929623266e-03
2.299000000000000199e+01 3.229538265597505231e-01 1.454318720178726432e+00 -5.968011816358601007e-03
2.300000000000000000e+01 3.233045493369773871e-01 1.211991623181919886e+00 -2.785260418585966402e-02
2.301000000000000156e+01 3.236218477164586882e-01 2.051824513184555165e+00 4.257066063182354809e-02
2.301999999999999957e+01 3.232846052881659937e-01 1.823125859426595330e+00 6.298990775899351857e-02
2.303000000000000114e+01 3.235754486986863188e-01 4.402991054584064479e-01 -7.288613036204037721e-02
2.303999999999999915e+01 3.248375614449210413e-01 1.058626247540781051e+00 -9.183893251085349652e-02
2.305000000000000071e+01 3.248038215721240629e-01 1.781906858017758388e+00 -1.109189978837143986e-02
2.305999999999999872e+01 3.240413265319576075e-01 2.412654497960793787e+00 9.991144979836558138e-02
2.307000000000000028e+01 3.234110976104480617e-01 1.227079235754497955e+00 3.339420557785247046e-02
2.308000000000000185e+01 3.240807247610676400e-01 1.656455037973503464e+00 2.193924972376566640e-02
2.308999999999999986e+01 3.238387982729685199e-01 1.295785858864925810e+00 -1.061170830693872191e-02
2.310000000000000142e+01 3.237948822124877002e-01 2.171798324448800610e+00 5.944453593313342443e-02
2.310999999999999943e+01 3.231890181875822221e-01 2.459289974007884960e-01 -8.690555903932623005e-02
2.312000000000000099e+01 3.243613284289704191e-01 2.301505127870655087e+00 2.349711929796023668e-02
2.312999999999999901e+01 3.226251952154200464e-01 1.849313921703736874e+00 6.289712896507937412e-02
2.314000000000000057e+01 3.224210318751341564e-01 8.767549117154598282e-01 -2.736827135325028970e-02
2.315000000000000213e+01 3.230432858170806387e-01 1.628052427615531039e+00 -9.910003299532579857e-03
2.316000000000000014e+01 3.223201377881606544e-01 1.096744865077712516e+00 -3.946080571887360805e-02
2.317000000000000171e+01 3.223142056177431547e-01 1.602797025814443055e+00 -8.761643280262340627e-03
2.317999999999999972e+01 3.214110029032418714e-01 1.790939343977045128e+00 3.159578697406811854e-02
2.319000000000000128e+01 3.209556090583687293e-01 2.796695256308993072e-01 -9.992438302356992930e-02
2.319999999999999929e+01 3.221416391179132699e-01 1.179582087503236787e+00 -9.161461821694323604e-02
2.321000000000000085e+01 3.211327930722726043e-01 1.907708163774387122e+00 4.420685638902813186e-03
2.321999999999999886e+01 3.197443249252781006e-01 7.203842268322560027e-01 -6.019195863844531424e-02
2.323000000000000043e+01 3.203350444373407879e-01 1.284824377481045055e+00 -5.540447847996679553e-02
2.324000000000000199e+01 3.193568467039232250e-01 1.598830647647225378e+00 -1.234991495254669780e-02
2.325000000000000000e+01 3.180980602770436261e-01 1.596269256479026621e+00 1.081914888997825841e-02
2.326000000000000156e+01 3.169614485301759377e-01 1.909728630406644090e+00 4.848466716133573162e-02
2.326999999999999957e+01 3.159006039347852512e-01 6.352600761498993220e-01 -5.998878815277453036e-02
2.328000000000000114e+01 3.160303567478471298e-01 2.659444920921398836e+00 7.352828989489826328e-02
2.328999999999999915e+01 3.128181983000742905e-01 1.695638772537679362e+00 6.952216338129821316e-02
2.330000000000000071e+01 3.123205594445785382e-01 1.371789121765740305e+00 1.576164488412283571e-02
2.330999999999999872e+01 3.120978671247925385e-01 7.673597949137538343e-01 -7.381006162630705802e-02
2.332000000000000028e+01 3.119517919338117840e-01 1.809040454392605746e+00 -1.330705855562937245e-02
2.333000000000000185e+01 3.102005678928459464e-01 5.867613562392008930e-01 -8.689108369635817342e-02
2.333999999999999986e+01 3.099731522910917914e-01 2.916206463246494796e+00 9.335241851578529593e-02
2.335000000000000142e+01 3.065436119616202215e-01 1.342675118971924375e-01 -6.936887713137861178e-02
2.335999999999999943e+01 3.078917378644122627e-01 2.794573611239488997e+00 7.566141153228203575e-02
2.337000000000000099e+01 3.039698414716874297e-01 1.012579786454455899e+00 5.059665864130064028e-03
2.337999999999999901e+01 3.043998832640060770e-01 1.207722162030397950e+00 -3.676720123219959224e-02
2.339000000000000057e+01 3.036683767069128237e-01 8.657279552615492202e-01 -8.396835457973557404e-02
2.340000000000000213e+01 3.027478631364880490e-01 2.052399747626359350e+00 1.298367195133232066e-02
2.341000000000000014e+01 3.000441875574714756e-01 1.081815686194200099e+00 -2.132623701921890214e-02
2.342000000000000171e+01 2.999147910036398246e-01 8.675781948292075052e-01 -7.629514889883946827e-02
2.342999999999999972e+01 2.994235409930523506e-01 1.057050573828581808e+00 -8.377964542193434838e-02
2.344000000000000128e+01 2.978818769138971700e-01 1.805288677917432416e+00 -6.041999378308141044e-03
2.344999999999999929e+01 2.955862563504968454e-01 6.776208199018411982e-01 -7.281117275535875510e-02
2.346000000000000085e+01 2.955427669063127039e-01 1.442295842350060697e+00 -4.657492450546525664e-02
2.346999999999999886e+01 2.927350662418713445e-01 2.636068916251484762e+00 9.614311557099589067e-02
2.348000000000000043e+01 2.888298900786956391e-01 1.308373367282781308e+00 4.137153116706041023e-02
2.349000000000000199e+01 2.882206350953426255e-01 1.864453743734141744e+00 4.466308538889784963e-02
2.350000000000000000e+01 2.854456041671346034e-01 2.274866734797179380e+00 9.528939052977122848e-02
2.351000000000000156e+01 2.831101695684921649e-01 3.907581318760511846e-01 -6.306973607054736086e-02
2.351999999999999957e+01 2.834467545905046126e-01 2.807529506974034472e+00 7.978470904700896149e-02
2.353000000000000114e+01 2.790729609938356059e-01 1.062288664643077779e-01 -8.360164357877274133e-02
2.353999999999999915e+01 2.803731157668302165e-01 2.450218258864008458e+00 3.557693262616051788e-02
2.355000000000000071e+01 2.760889974397871538e-01 7.146200657658414723e-01 -4.475889822627385911e-02
2.355999999999999872e+01 2.758061815902710379e-01 2.487666604764601885e+00 6.816762469884229958e-02
2.357000000000000028e+01 2.712532822286729539e-01 1.851474457455305034e+00 8.092175745027996303e-02
2.358000000000000185e+01 2.696011305831875760e-01 1.177762618225153490e+00 5.050186421018329486e-03
2.358999999999999986e+01 2.688484757352833654e-01 1.356773100707527879e+00 -2.181400186327939195e-02
2.360000000000000142e+01 2.670134620362666911e-01 1.327805599926215496e+00 -2.862019780843186312e-02
2.360999999999999943e+01 2.645485064211056669e-01 2.503276178089226978e+00 8.811479615900591478e-02
2.362000000000000099e+01 2.602118663992449288e-01 1.660141181231961527e+00 7.182851391636782545e-02
2.362999999999999901e+01 2.585546789205596663e-01 1.950601855133027973e+00 7.454527221611417787e-02
2.364000000000000057e+01 2.559172209310824897e-01 1.511251503920401085e+00 3.513401190973503008e-02
2.365000000000000213e+01 2.548962572015353034e-01 4.125011899037545615e-01 -9.626875464898153323e-02
2.366000000000000014e+01 2.548274605715497576e-01 1.943998127254965791e+00 -1.309412006175598997e-02
2.367000000000000171e+01 2.502369402188435732e-01 2.253601083843938646e+00 8.431333619028422155e-02
2.367999999999999972e+01 2.474167410424295555e-01 1.425482276394519077e-01 -8.181192738323583846e-02
2.369000000000000128e+01 2.486817221654062104e-01 1.787878204154496276e+00 -2.741168453470631261e-02
2.369999999999999929e+01 2.441041370231596397e-01 2.329120843039186539e+00 8.154280520526588361e-02
2.371000000000000085e+01 2.404874906256860567e-01 5.228703268636758494e-01 -4.374551706421928032e-02
2.371999999999999886e+01 2.405647763364219260e-01 2.408072363995590326e+00 5.593900026961881600e-02
2.373000000000000043e+01 2.358295756357271789e-01 6.660178844356964278e-01 -4.180978145239433452e-02
2.374000000000000199e+01 2.358200917445879286e-01 1.638242158684743988e+00 -1.568269057737092798e-02
2.375000000000000000e+01 2.327034589635447737e-01 8.554501977082374919e-01 -6.413122037211355098e-02
2.376000000000000156e+01 2.308550266980328447e-01 2.589739294119840274e+00 7.627907497744340626e-02
2.376999999999999957e+01 2.250154322117352002e-01 1.819357352342959810e+00 8.671642599902032456e-02
2.378000000000000114e+01 2.227859520230419110e-01 1.378487812261183887e+00 2.835265362409811196e-02
2.378999999999999915e+01 2.205807543970114137e-01 2.224360087274913855e+00 7.765497554966580007e-02
2.380000000000000071e+01 2.167118147810385420e-01 8.086739104763952524e-01 -2.608188070530932656e-02
2.380999999999999872e+01 2.156395700151300387e-01 2.738878813558222269e+00 9.936783118873668275e-02
2.382000000000000028e+01 2.095995077386968164e-01 1.539890880557893471e+00 6.711959983781562444e-02
2.383000000000000185e+01 2.080040229878220570e-01 1.683750377250281094e+00 4.498415819085341272e-02
2.383999999999999986e+01 2.059396456034076062e-01 4.364603481805003349e-01 -8.632097048033914033e-02
2.385000000000000142e+01 2.051131349792843228e-01 2.834523504924017612e+00 8.021581993309606640e-02
2.385999999999999943e+01 1.982133337683024965e-01 1.547013026020666482e+00 6.672593984784239152e-02
2.387000000000000099e+01 1.970206273695776777e-01 8.808886435324156938e-01 -3.134779458405760610e-02
2.387999999999999901e+01 1.959545754377186311e-01 1.697885128931378107e+00 -4.091492077907404878e-03
2.389000000000000057e+01 1.926623701886232554e-01 5.831838313257380335e-01 -8.474103181898953729e-02
2.390000000000000213e+01 1.919954990243656623e-01 1.539009115962822305e+00 -4.019696636429943848e-02
2.391000000000000014e+01 1.881343927809242811e-01 1.360164730213403672e+00 -2.081108016264440752e-02
2.392000000000000171e+01 1.854455063202482545e-01 1.282876145852219540e+00 -2.428636052239038778e-02
2.392999999999999972e+01 1.823598366783888425e-01 2.126262699558077784e+00 5.424696357704392180e-02
2.394000000000000128e+01 1.772744708808607628e-01 1.920979354892660140e+00 7.893416115698626001e-02
2.394999999999999929e+01 1.741338730298717941e-01 9.413873328066948432e-01 -1.586148886586549733e-02
2.396000000000000085e+01 1.733680733254656381e-01 1.003898216672249655e+00 -6.734331413567196112e-02
2.396999999999999886e+01 1.701317916942848840e-01 2.657128140516912040e+00 8.118451136880647234e-02
2.398000000000000043e+01 1.643422403350264238e-01 1.912692220586487690e-01 -7.127982169681962299e-02
2.399000000000000199e+01 1.650561968143666181e-01 2.225176414287092896e+00 2.165128635749621888e-02
2.400000000000000000e+01 1.590675947368768439e-01 1.282644083888899500e+00 3.539956262044369195e-03
2.401000000000000156e+01 1.570220678457149577e-01 1.288125222535472680e+00 -2.001851762103931676e-02
2.401999999999999957e+01 1.546201453709987461e-01 8.839484698618716996e-01 -7.095367132475290106e-02
2.403000000000000114e+01 1.521650741788471151e-01 2.083735242403416787e+00 2.233491394471842639e-02
2.403999999999999915e+01 1.462547555205517824e-01 2.104689262908461256e+00 8.493375811387599006e-02
2.405000000000000071e+01 1.425981689437708644e-01 5.071316330703484754e-01 -5.169274533045689624e-02
2.406000000000000227e+01 1.416521289146797091e-01 2.806735906914550771e+00 8.943478625762724121e-02
2.407000000000000028e+01 1.345059503928827116e-01 9.397852187505977284e-01 4.638326742101114841e-03
2.408000000000000185e+01 1.334572071954386874e-01 2.013199686524245191e+00 4.221094666485286639e-02
2.408999999999999986e+01 1.286712254258799704e-01 1.279659012153219644e+00 3.424601095479706814e-03
2.410000000000000142e+01 1.268084186190629181e-01 8.447141482322232386e-01 -6.721509185095062011e-02
2.410999999999999943e+01 1.252508544370379007e-01 1.026879947271131188e+00 -8.365571340971916792e-02
2.412000000000000099e+01 1.226209330834155259e-01 9.215072497275855756e-01 -9.316963370433745117e-02
2.412999999999999901e+01 1.202417638732351246e-01 9.787650398343532565e-01 -9.077065869924422215e-02
2.414000000000000057e+01 1.169920667832039518e-01 1.765417427147014884e+00 -1.032451980069666597e-02
2.415000000000000213e+01 1.122428070224558011e-01 1.107680429897277330e+00 -3.037043370773880036e-02
2.416000000000000014e+01 1.092863681570506035e-01 2.088430897406553743e+00 4.326547084008147692e-02
2.417000000000000171e+01 1.040842024700605328e-01 1.003906870687502950e+00 -1.964353172208750664e-02
2.417999999999999972e+01 1.020748816267447040e-01 1.650001960735543394e+00 -2.380564237946039552e-03
2.419000000000000128e+01 9.808808978661723299e-02 7.466012574245645128e-01 -7.297560160350782810e-02
2.419999999999999929e+01 9.568985552283088003e-02 2.356586243273122161e+00 4.383450645500525100e-02
2.421000000000000085e+01 8.955485582238732756e-02 7.482054637204689218e-01 -3.885944135899208757e-02
2.421999999999999886e+01 8.791591027680652204e-02 2.319053159172171696e+00 5.272003520939036458e-02
2.423000000000000043e+01 8.156896608539133953e-02 1.510622213844947659e+00 3.677949940258004591e-02
2.424000000000000199e+01 7.851099994768537260e-02 1.654016217789605392e+00 2.863177628227847604e-02
2.425000000000000000e+01 7.541894198619938927e-02 4.061630197953950416e-01 -9.721003467308449164e-02
2.426000000000000156e+01 7.377963792377423280e-02 2.732669299772285232e+00 6.329488188637616419e-02
2.426999999999999957e+01 6.613659621580920966e-02 1.226496412174624684e+00 2.374724494898053373e-02
2.428000000000000114e+01 6.414919295515691955e-02 1.664110888806441979e+00 2.131269982432366927e-02
2.428999999999999915e+01 5.972845795785217821e-02 2.079790101224320509e+00 6.714846084094905354e-02
2.430000000000000071e+01 5.549711584575481998e-02 5.502213000727508296e-01 -5.795552825104675204e-02
2.431000000000000227e+01 5.443219973317955929e-02 2.105996781203932855e+00 1.871076106601957112e-02
2.432000000000000028e+01 4.799089825996539355e-02 2.246431032726661225e+00 9.478485475895523371e-02
2.433000000000000185e+01 4.296982507633578807e-02 1.631718613853092803e+00 6.595705904090407024e-02
2.433999999999999986e+01 3.966678607146306712e-02 2.087869155631259854e+00 8.397702529464623478e-02
2.435000000000000142e+01 3.532301006156720463e-02 1.139834900378545068e+00 4.719047894613082050e-03
2.435999999999999943e+01 3.387263359825203740e-02 7.148168424932256348e-01 -8.480230376798569836e-02
2.437000000000000099e+01 3.139560937209295854e-02 2.291350991869520293e+00 3.251414371256780567e-02
2.437999999999999901e+01 2.490731592203718203e-02 1.817305325997735421e+00 6.563404663374219905e-02
2.439000000000000057e+01 2.176595306601155841e-02 7.076123674419551035e-01 -4.270177858607140942e-02
2.440000000000000213e+01 2.043576391196231731e-02 1.728750441025031614e+00 -7.907371846280250582e-03
2.441000000000000014e+01 1.589683969863230767e-02 1.011207740027805224e+00 -4.330890028186271806e-02
2.442000000000000171e+01 1.372488443895900252e-02 1.059368294438821412e+00 -6.399184519010631123e-02
2.442999999999999972e+01 9.988659094427603316e-03 2.483400561587584487e+00 7.055158341673473110e-02
2.444000000000000128e+01 3.574273179880775413e-03 1.329436130650465397e+00 3.570548384178190426e-02
2.444999999999999929e+01 1.238512674240677819e-03 1.444727439493750154e+00 7.446677892220240902e-03
2.446000000000000085e+01 -2.675795637799932569e-03 2.142630021997450118e+00 6.570858119053302193e-02
2.446999999999999886e+01 -7.326472887850882763e-03 5.916704252724653834e-01 -5.080650931150501592e-02
2.448000000000000043e+01 -8.731319172526463140e-03 2.210163928995363847e+00 3.483186447220837367e-02
2.449000000000000199e+01 -1.511159757651915451e-02 2.100213282252834546e+00 8.994310620133311174e-02
2.450000000000000000e+01 -1.969306694866207810e-02 1.623644347543893751e+00 6.154697575786452490e-02
2.451000000000000156e+01 -2.286199225654739209e-02 1.651841280280218704e+00 4.028363452999453309e-02
2.451999999999999957e+01 -2.683054069626837623e-02 2.044780021909821777e+00 7.156011436175599427e-02
2.453000000000000114e+01 -3.096102768542902464e-02 7.818038760120420427e-01 -3.258057183085845410e-02
2.453999999999999915e+01 -3.233607824835470212e-02 1.469521700497002259e+00 -2.812399470779934629e-02
2.455000000000000071e+01 -3.583121963613983274e-02 5.832257476049685918e-01 -9.806584647528765464e-02
2.456000000000000227e+01 -3.813236668607762614e-02 2.373477760271316850e+00 3.880268705075087809e-02
2.457000000000000028e+01 -4.469731740624213745e-02 1.821389341358382818e+00 7.244149438234448457e-02
2.458000000000000185e+01 -4.804100922878511842e-02 9.411191487951139356e-01 -1.596980043467399746e-02
2.458999999999999986e+01 -5.050819189902311379e-02 2.435130060161271537e+00 7.683376143954312454e-02
2.460000000000000142e+01 -5.662146547131405999e-02 1.651288527221225211e+00 6.496237758656051020e-02
2.460999999999999943e+01 -5.989980640960879121e-02 1.740267792158822546e+00 5.343346367795506757e-02
2.462000000000000099e+01 -6.330465122437801961e-02 9.739371252616861874e-01 -2.729600510479197883e-02
2.462999999999999901e+01 -6.593150216430709865e-02 2.275217136431153975e+00 5.759686044248743531e-02
2.464000000000000057e+01 -7.136787060495271284e-02 1.314852662842940445e+00 2.275879048853268749e-02
2.465000000000000213e+01 -7.435086735237592115e-02 2.323890068119109920e+00 9.061556476399554305e-02
2.466000000000000014e+01 -7.881107923487366829e-02 2.488712392427817333e-01 -7.133659566073594083e-02
2.467000000000000171e+01 -7.968099895531230437e-02 2.596304876072960344e+00 5.913968977973202423e-02
2.467999999999999972e+01 -8.593250265665922094e-02 8.846269606847136924e-01 -1.220669405967503285e-02
2.469000000000000128e+01 -8.729469592627835117e-02 1.116876796754400214e+00 -4.929059935078603655e-02
2.469999999999999929e+01 -8.991547874822404529e-02 7.779612927095891362e-01 -9.373917092452786759e-02
2.471000000000000085e+01 -9.323004649457222737e-02 2.790874510948952558e+00 8.578304767863140223e-02
2.471999999999999886e+01 -9.910861631665512927e-02 -9.541123439915698279e-02 -9.159145193001612395e-02
2.473000000000000043e+01 -9.937672640636470434e-02 2.852060102892731486e+00 7.259707238994880796e-02
2.474000000000000199e+01 -1.061493516336387694e-01 6.728405998620108353e-01 -2.369776652688695973e-02
2.475000000000000000e+01 -1.078503952645590847e-01 2.509171331578220254e+00 7.904953692554814171e-02
2.476000000000000156e+01 -1.132672702971658646e-01 6.031179025129124183e-01 -3.726275449358806835e-02
2.476999999999999957e+01 -1.147534831766393315e-01 2.133727396318001457e+00 3.293767524193466634e-02
2.478000000000000114e+01 -1.197009796981694518e-01 9.526924566016713447e-01 -2.699794770796071219e-02
2.478999999999999915e+01 -1.217926637191803080e-01 1.343003633463843105e+00 -3.298521605873024065e-02
2.480000000000000071e+01 -1.254801464450616688e-01 1.916979038354438725e+00 2.934469210736226352e-02
2.481000000000000227e+01 -1.300936819939320366e-01 1.809599115938382852e+00 5.510689823392853071e-02
2.482000000000000028e+01 -1.333309279431605376e-01 4.763859949488299383e-01 -7.174663121274489630e-02
2.483000000000000185e+01 -1.345156333377853231e-01 1.131985106954648712e+00 -8.311194365056229216e-02
2.483999999999999986e+01 -1.379141125638354837e-01 1.318758709725069700e+00 -5.248697097921304483e-02
2.485000000000000142e+01 -1.413370542546296960e-01 9.444948292886248264e-01 -7.075167001563616165e-02
2.485999999999999943e+01 -1.440047971091715506e-01 1.294127324333321338e+00 -5.139963831213570367e-02
2.487000000000000099e+01 -1.480630592214938757e-01 2.529948122659490650e+00 8.467784925619639691e-02
2.487999999999999901e+01 -1.535998613439711891e-01 1.743774822941010383e+00 8.128644125461778613e-02
2.489000000000000057e+01 -1.566997837962136875e-01 1.384497421776010651e+00 2.358416696694790038e-02
2.490000000000000213e+01 -1.599156442952601176e-01 2.291686920882114453e+00 8.128435032859820941e-02
2.491000000000000014e+01 -1.641685514359993159e-01 6.362681352731031081e-01 -4.146914691252104324e-02
2.492000000000000171e+01 -1.654373183263866676e-01 1.026076633817413652e+00 -8.116515749699165783e-02
2.492999999999999972e+01 -1.684504530404973000e-01 1.617927263963914619e+00 -2.685470588239227685e-02
2.494000000000000128e+01 -1.727277642305417305e-01 2.282158999562334145e+00 7.592074674287338509e-02
2.494999999999999929e+01 -1.765741633684792256e-01 5.584038558152974036e-02 -9.435602980345403346e-02
2.496000000000000085e+01 -1.777245196467399924e-01 2.895182439132312435e+00 7.499524869021215179e-02
2.496999999999999886e+01 -1.834678038374117637e-01 8.272510748407803094e-01 -8.458590057340037438e-03
2.498000000000000043e+01 -1.853107849146833075e-01 2.136692837078051355e+00 4.888917625418762181e-02
2.499000000000000199e+01 -1.894878235211042150e-01 1.244358418061123572e+00 5.427729423889721128e-03
2.500000000000000000e+01 -1.916639493987025711e-01 6.981845154986100477e-01 -8.194576970898059809e-02
2.501000000000000156e+01 -1.941117141394540502e-01 2.432844392017811330e+00 4.675381574368031590e-02
2.501999999999999957e+01 -1.985328497224009003e-01 3.406535813309483074e-01 -7.448095647998261015e-02
2.503000000000000114e+01 -2.001726218289817116e-01 2.877806207047122200e+00 8.900543811657835036e-02
2.503999999999999915e+01 -2.052893895435268790e-01 8.840241333799124801e-01 2.335433062949074379e-03
2.505000000000000071e+01 -2.070563607336509682e-01 1.893841456165704873e+00 2.906549186914275662e-02
2.506000000000000227e+01 -2.103065843653004197e-01 3.391864654976141646e-01 -9.709951141950004527e-02
2.507000000000000028e+01 -2.116842952590904936e-01 1.353089514006833083e+00 -7.255273357296149195e-02
2.508000000000000185e+01 -2.153110682495726902e-01 2.395526189757458901e+00 6.348122036682188329e-02
2.508999999999999986e+01 -2.191270856376502096e-01 1.200789381527193889e-01 -8.836948420374655944e-02
2.510000000000000142e+01 -2.199364265931827433e-01 1.165515830146927945e+00 -9.160432629467221699e-02
2.510999999999999943e+01 -2.228752416448919471e-01 1.049815400621075367e+00 -8.267932372211908576e-02
2.512000000000000099e+01 -2.255778635134494947e-01 1.174833189754789231e+00 -6.513331571870004111e-02
2.512999999999999901e+01 -2.286122573447149642e-01 2.252949105184980372e+00 5.012194020793928062e-02
2.514000000000000057e+01 -2.325082266172993906e-01 1.446368508843091538e+00 3.302994701550668322e-02
2.515000000000000213e+01 -2.351443170751980893e-01 1.970191200483003335e+00 5.815559788549692910e-02
2.516000000000000014e+01 -2.384026691235426598e-01 1.742257371137939437e+00 5.236303119377011539e-02
2.517000000000000171e+01 -2.409541648770497368e-01 4.060268163746815762e-01 -8.704726496308112793e-02
2.517999999999999972e+01 -2.424698632874939530e-01 1.564464087358044653e+00 -5.055336779500341216e-02
2.519000000000000128e+01 -2.458894909217257396e-01 2.520845337584204149e+00 8.574135018755837945e-02
2.519999999999999929e+01 -2.494521644972566288e-01 9.990914873572354082e-01 7.089400909955800856e-03
2.521000000000000085e+01 -2.513335363787557175e-01 1.990099758453825141e+00 4.079747178749149050e-02
2.521999999999999886e+01 -2.545496254363359134e-01 2.228952173191546926e+00 9.540669194652259821e-02
2.523000000000000043e+01 -2.575492437133594104e-01 1.862641516559358834e+00 8.538080805862810485e-02
2.524000000000000199e+01 -2.602048682873095986e-01 1.996798531254057263e+00 8.536769543189268172e-02
2.525000000000000000e+01 -2.625968737820064680e-01 9.362807161766654174e-01 -1.792613642953908015e-02
2.526000000000000156e+01 -2.644647665958508309e-01 1.776932512810063702e+00 7.143824913690283163e-03
2.526999999999999957e+01 -2.669256026525697600e-01 5.315281271219620685e-01 -8.656280979855153490e-02
2.528000000000000114e+01 -2.684986399364638343e-01 1.067596748127267015e+00 -9.045522495971801413e-02
2.528999999999999915e+01 -2.707468899952663599e-01 1.931836274825694755e+00 6.901212241822343718e-03
2.530000000000000071e+01 -2.734316331046275916e-01 7.531899614712704860e-01 -5.399208636865193700e-02
2.531000000000000227e+01 -2.751209461711019433e-01 1.497477651826166989e+00 -2.953087197212160564e-02
2.532000000000000028e+01 -2.774262376215451686e-01 1.060755078296790277e+00 -5.012067740007340039e-02
2.533000000000000185e+01 -2.794654825363041550e-01 1.657329556812175975e+00 -6.628471205311819991e-03
2.533999999999999986e+01 -2.819385950997999601e-01 2.307183264338195983e+00 8.546277535191160180e-02
2.535000000000000142e+01 -2.843605233996825410e-01 4.386088462318233350e-01 -5.393703870319710436e-02
2.535999999999999943e+01 -2.857555715622826509e-01 1.077325288939456449e+00 -8.369027627534489366e-02
2.537000000000000099e+01 -2.878549653009173093e-01 2.799766919288324551e+00 9.065228304983388719e-02
2.537999999999999901e+01 -2.906185212346610869e-01 1.117706906450618431e+00 2.742505467467543090e-02
2.539000000000000057e+01 -2.922406367000799365e-01 1.200690900075898293e+00 -2.593926652049934056e-02
2.540000000000000213e+01 -2.940547257627784128e-01 1.679698310004198003e+00 5.818085135399081453e-04
2.541000000000000014e+01 -2.960469236117376779e-01 6.294423602961278785e-01 -8.062165186589437260e-02
2.542000000000000171e+01 -2.976577278838534735e-01 1.568085444064773126e+00 -3.778187602355138897e-02
2.542999999999999972e+01 -2.995652622860443537e-01 6.522252121247085199e-01 -9.227401378136307342e-02
2.544000000000000128e+01 -3.011889751522207614e-01 1.256493322935773538e+00 -6.998343041348685512e-02
2.544999999999999929e+01 -3.030018007788315426e-01 1.703600380984614304e+00 -5.133293405321134872e-03
2.546000000000000085e+01 -3.048296793941953631e-01 5.765946667822005045e-01 -8.349944684846966059e-02
2.546999999999999886e+01 -3.063701493510002094e-01 1.612416829250656436e+00 -3.531361191644839803e-02
2.548000000000000043e+01 -3.081153672493253670e-01 1.763960285088463031e+00 1.843592455870682323e-02
2.549000000000000199e+01 -3.098793506564445077e-01 2.074001590525632377e+00 7.243429308871515704e-02
2.550000000000000000e+01 -3.114893958974953025e-01 5.663812023556509256e-01 -5.429351419660177758e-02
2.551000000000000156e+01 -3.129591730057025845e-01 1.643136790102082134e+00 -2.743129208361143323e-02
2.551999999999999957e+01 -3.144675569040905061e-01 1.128464702032861977e+00 -4.454669261205893016e-02
2.553000000000000114e+01 -3.159890924957618474e-01 1.285049555885993566e+00 -4.273256381440149188e-02
2.553999999999999915e+01 -3.173934307392241583e-01 2.608709544891209653e+00 9.202969916099226766e-02
2.555000000000000071e+01 -3.188224934272289035e-01 7.756988737017795899e-01 -1.338307435093966102e-02
2.556000000000000227e+01 -3.202069302240281856e-01 2.335839359325121212e+00 6.188505933671306636e-02
2.557000000000000028e+01 -3.214553710588884394e-01 4.166641013279386851e-01 -7.004771705071517751e-02
2.558000000000000185e+01 -3.228617553402874929e-01 1.910380914431381028e+00 -7.721374690205465297e-03
2.558999999999999986e+01 -3.239707169522174079e-01 1.368735350075729773e+00 -6.484859759718547556e-03
2.560000000000000142e+01 -3.252274097610104442e-01 1.764794857980313436e+00 2.446580678438214917e-02
2.560999999999999943e+01 -3.262972838282502952e-01 1.689641242495895312e+00 3.454741637268532450e-02
2.562000000000000099e+01 -3.274292530198382178e-01 1.110414377726668178e+00 -2.153071088163345526e-02
2.562999999999999901e+01 -3.286361192748937232e-01 1.053319650059348467e+00 -6.034272193504668785e-02
2.564000000000000057e+01 -3.296225974004363679e-01 2.697384484980601016e+00 8.894787157816705370e-02
2.565000000000000213e+01 -3.303026458806183618e-01 6.256293636081269316e-01 -2.591396250885276420e-02
2.566000000000000014e+01 -3.317669874016088705e-01 1.007396734723191578e+00 -7.501030424947846553e-02
2.567000000000000171e+01 -3.325752504995416192e-01 1.958252314566293562e+00 8.342704048271934458e-03
2.567999999999999972e+01 -3.333345464223412824e-01 7.325101217591070135e-01 -5.862052814123300259e-02
2.569000000000000128e+01 -3.343895586661681518e-01 2.438238974249296032e+00 6.015086290946305980e-02
2.569999999999999929e+01 -3.346267831700029949e-01 1.436849081926390381e+00 3.814331700079182097e-02
2.571000000000000085e+01 -3.355700674248830451e-01 1.554570013053380606e+00 1.998631701261807669e-02
2.571999999999999886e+01 -3.363796449302647318e-01 4.458319081453704924e-01 -9.690754936690500199e-02
2.573000000000000043e+01 -3.375049495520192622e-01 1.909605136076968801e+00 -1.548943211452355473e-02
2.574000000000000199e+01 -3.376278033713132620e-01 1.530905151787802954e+00 1.043249078448178768e-02
2.575000000000000000e+01 -3.381997342071738633e-01 1.930017736894629854e+00 5.276514795726708340e-02
2.576000000000000156e+01 -3.385930903216417542e-01 8.723323972001791882e-01 -3.181774036448259402e-02
2.576999999999999957e+01 -3.393632193448994361e-01 2.618233115882376616e+00 8.712592702917143495e-02
2.578000000000000114e+01 -3.390488041117887263e-01 8.250274903186284314e-01 -1.071096399115625819e-02
2.578999999999999915e+01 -3.403559116973931542e-01 8.326783792032644849e-01 -8.276398309932286868e-02
2.580000000000000071e+01 -3.409277287231008979e-01 1.805141996749190403e+00 -1.280005820775713399e-02
2.581000000000000227e+01 -3.406617619660095575e-01 2.114483805224879998e+00 6.822606348497520234e-02
2.582000000000000028e+01 -3.407897518418947502e-01 4.364105373581428360e-01 -6.238109147760917406e-02
2.583000000000000185e+01 -3.420470762453287628e-01 1.575350013015944128e+00 -3.550193983595373304e-02
2.583999999999999986e+01 -3.415423946065493932e-01 2.549436082935485626e+00 9.550724069303070940e-02
2.585000000000000142e+01 -3.411864158554007154e-01 1.545419878834109438e-02 -8.531322434277147093e-02
2.585999999999999943e+01 -3.428537477540445355e-01 1.780886927554596433e+00 -3.222202317860829723e-02
2.587000000000000099e+01 -3.421299141872040095e-01 1.411257490749714627e+00 -1.212378461000326868e-02
2.587999999999999901e+01 -3.422754178500379552e-01 1.460486447901479856e+00 -3.738101949913710809e-03
2.589000000000000057e+01 -3.422065947534558283e-01 1.578222215130275163e+00 9.685676954535260563e-03
2.590000000000000213e+01 -3.419280439799976534e-01 1.789778421594692803e+00 3.700911554751182275e-02
2.591000000000000014e+01 -3.416752838811274451e-01 1.060093488624743285e+00 -2.180397397460398512e-02
2.592000000000000171e+01 -3.423008833087364811e-01 7.180322485729818682e-01 -9.310287459468268023e-02
2.592999999999999972e+01 -3.426667822111721384e-01 1.653670441055546281e+00 -3.225739951371915659e-02
2.594000000000000128e+01 -3.421147044804312420e-01 5.596932567804920877e-01 -9.574942978586130360e-02
2.594999999999999929e+01 -3.426656088536270683e-01 1.984112894632358959e+00 1.789755925104968837e-04
2.596000000000000085e+01 -3.410968726396369499e-01 2.084829752521693891e+00 7.382686722804007728e-02
2.596999999999999886e+01 -3.406254429053466870e-01 2.227563191022431111e-01 -8.315941469861454216e-02
2.598000000000000043e+01 -3.417991459706666846e-01 1.882248662355094249e+00 -1.864950974953842600e-02
2.599000000000000199e+01 -3.399276761410838787e-01 2.303236330634657048e+00 8.261287064709374461e-02
2.600000000000000000e+01 -3.384606655417547461e-01 1.653205058888335577e+00 6.606074024772734532e-02
2.601000000000000156e+01 -3.381269981759398857e-01 1.710068900966255523e+00 4.766167902555945579e-02
2.601999999999999957e+01 -3.373163048502078598e-01 1.732776769619498447e+00 4.212507204942567141e-02
2.603000000000000114e+01 -3.370202730446614225e-01 3.163403723567793646e-01 -9.845662137400737479e-02
2.603999999999999915e+01 -3.378796635510050717e-01 1.973961405309037964e+00 -1.284862419687735069e-02
2.605000000000000071e+01 -3.356102838372907460e-01 2.189124582319363466e+00 7.789496714247526321e-02
2.606000000000000227e+01 -3.342094775439190535e-01 1.457746921789929040e+00 4.444268148977320587e-02
2.607000000000000028e+01 -3.341300446493464249e-01 1.034159677552271228e+00 -2.961208777553032967e-02
2.608000000000000185e+01 -3.339031270711868005e-01 1.827884934340252343e+00 1.211923402288776763e-02
2.608999999999999986e+01 -3.322595099151448572e-01 1.596663242615052214e+00 2.383572539021731884e-02
2.610000000000000142e+01 -3.311682717573997681e-01 2.083244130578143061e+00 7.272970414045293319e-02
2.610999999999999943e+01 -3.296419628383308043e-01 1.183824549434991047e+00 9.729673316670989225e-03
2.612000000000000099e+01 -3.292595895293203290e-01 2.231203910513828159e+00 7.087189470356314303e-02
2.612999999999999901e+01 -3.270151745282996458e-01 1.549323791583708143e+00 4.736477682716139226e-02
2.614000000000000057e+01 -3.260712921943910159e-01 2.295702925854691046e+00 9.934267085195000457e-02
2.615000000000000213e+01 -3.243321983731076719e-01 6.386757505745630503e-01 -3.175885405239001202e-02
2.616000000000000014e+01 -3.251224399876052051e-01 1.815668915842423958e+00 3.137345865824744950e-03
2.617000000000000171e+01 -3.229371606224269997e-01 1.651728805459100391e+00 2.620341568536585508e-02
2.617999999999999972e+01 -3.222839925897793001e-01 3.275527040880301666e-01 -9.702390184017516128e-02
2.619000000000000128e+01 -3.228841547148240121e-01 2.127284616747077806e+00 7.832270191777096491e-03
2.619999999999999929e+01 -3.198700507332601917e-01 1.203251942624917081e+00 -5.987284500692122147e-03
2.621000000000000085e+01 -3.196107789339591165e-01 1.054331797467269904e+00 -4.425747596747409141e-02
2.621999999999999886e+01 -3.186082848586322402e-01 1.935022909627745813e+00 2.312320731481629088e-02
2.623000000000000043e+01 -3.159046278529570317e-01 1.706408704420562250e+00 4.425767335618616127e-02
2.624000000000000199e+01 -3.143189059260296792e-01 1.583499148490837394e+00 3.404449219030086793e-02
2.625000000000000000e+01 -3.125012872020768162e-01 2.150132522677870917e+00 8.127121978398382796e-02
2.626000000000000156e+01 -3.101624582309308598e-01 9.742924123689261640e-01 -6.994194329535449728e-03
2.626999999999999957e+01 -3.098138155018483886e-01 2.047839987453266897e+00 4.241496529587801545e-02
2.628000000000000114e+01 -3.073933034559486743e-01 5.588304078814947395e-01 -6.410139663522043674e-02
2.628999999999999915e+01 -3.075523225952997430e-01 2.198223680292225257e+00 3.057636921617523651e-02
2.630000000000000071e+01 -3.044416338988713000e-01 4.458845693168578816e-01 -7.359973601738288573e-02
2.631000000000000227e+01 -3.046291891144775610e-01 2.525082933217520864e+00 5.919588679761950134e-02
2.632000000000000028e+01 -2.999684110892583688e-01 1.640725243676114831e+00 6.239512681129832927e-02
2.633000000000000185e+01 -2.992186653920754780e-01 4.634180249499599280e-01 -7.214569886348587424e-02
2.633999999999999986e+01 -2.989327263477639662e-01 2.825423938796213008e+00 8.498899794737468927e-02
2.635000000000000142e+01 -2.938830011076495885e-01 8.455741646624402863e-01 -2.172563934939558683e-03
2.635999999999999943e+01 -2.937521618090295772e-01 2.433919576224582215e+00 8.264639453814098813e-02
2.637000000000000099e+01 -2.893917730794131615e-01 1.720419679099596033e+00 7.300987978294753988e-02
2.637999999999999901e+01 -2.881304337916263947e-01 8.685605463842741569e-01 -2.931926980566475216e-02
2.639000000000000057e+01 -2.874235378983390765e-01 2.197508412104311581e+00 4.579681448051037274e-02
2.640000000000000213e+01 -2.831484016687415006e-01 1.920709410846233034e+00 7.630539590023396879e-02
2.641000000000000014e+01 -2.804985768289114945e-01 2.092139528955731631e+00 9.978842851848462869e-02
2.642000000000000171e+01 -2.783007813548922238e-01 4.979538474217167221e-01 -4.932282872276299440e-02
2.642999999999999972e+01 -2.785339578473016720e-01 2.467281455838283843e+00 5.779695146854002541e-02
2.644000000000000128e+01 -2.739359205864495550e-01 8.187274073167728483e-01 -2.259389465586547630e-02
2.644999999999999929e+01 -2.745467302963489620e-01 7.977889336438291901e-01 -8.639055714097065852e-02
2.646000000000000085e+01 -2.734430064991336118e-01 1.475788297020121043e+00 -4.384086880703841338e-02
2.646999999999999886e+01 -2.708534965570487119e-01 8.933935252815498052e-01 -6.815632622859316148e-02
2.648000000000000043e+01 -2.692182522710939163e-01 2.235812558948599094e+00 4.443206205002953046e-02
2.649000000000000199e+01 -2.647137042004882868e-01 1.197270454108521731e+00 9.060305714894509310e-03
2.650000000000000000e+01 -2.639917101371941355e-01 7.786376852751683009e-01 -6.960276302576084984e-02
2.651000000000000156e+01 -2.625146123578252499e-01 2.094487970290828116e+00 2.093399411499805018e-02
2.651999999999999957e+01 -2.584060825926517979e-01 5.642191916381715799e-01 -6.783379862300001339e-02
2.653000000000000114e+01 -2.580031455147923647e-01 2.042428860121090928e+00 1.441266728426970900e-02
2.653999999999999915e+01 -2.535503160732812677e-01 9.787725814888771358e-01 -3.121788281932606768e-02
2.655000000000000071e+01 -2.519361815032631902e-01 2.201880215271970531e+00 5.171020544362239790e-02
2.656000000000000227e+01 -2.473254948366009343e-01 1.124341056377206938e+00 -1.284668108466835434e-03
2.657000000000000028e+01 -2.455646298638757830e-01 2.218762932317474235e+00 6.477967291881400747e-02
2.658000000000000185e+01 -2.412776517251538910e-01 8.089977308086226948e-01 -2.963144328050802689e-02
2.658999999999999986e+01 -2.407720899570234274e-01 1.556553645746523884e+00 -1.900880889018057018e-02
2.660000000000000142e+01 -2.375250810204588281e-01 1.089079582062467466e+00 -4.539170814670392962e-02
2.660999999999999943e+01 -2.351777064866377442e-01 2.105239505011802237e+00 3.873866674060996718e-02
2.662000000000000099e+01 -2.299886517355875237e-01 2.054709578157947192e+00 8.554910578847604863e-02
2.662999999999999901e+01 -2.272402428007122277e-01 1.824443305611057053e-01 -8.588901501522411275e-02
2.664000000000000057e+01 -2.277129667978581851e-01 2.271718110512166433e+00 1.678330662811866603e-02
2.665000000000000213e+01 -2.216884851105755394e-01 1.326046400126773328e+00 6.798159537037593014e-03
2.666000000000000014e+01 -2.192501018600760687e-01 2.157522201486901103e+00 6.842888188626530810e-02
2.667000000000000171e+01 -2.148964503451684660e-01 1.051738133017742438e+00 -4.639791330763240462e-03
2.667999999999999972e+01 -2.134281932879053545e-01 1.872395207756591073e+00 2.616123200611802924e-02
2.669000000000000128e+01 -2.095670275425741136e-01 9.154290545475611829e-01 -4.038943059030482285e-02
2.669999999999999929e+01 -2.079593516107406947e-01 1.985808047391310671e+00 2.335951605938628439e-02
2.671000000000000085e+01 -2.027896064932955267e-01 1.931003156397960829e+00 6.413417900555415385e-02
2.671999999999999886e+01 -1.998846290660688807e-01 3.758430698066520526e-01 -7.625723690658442466e-02
2.673000000000000043e+01 -1.995453030462633337e-01 2.357810718856935495e+00 3.433543665707428083e-02
2.674000000000000199e+01 -1.939219513677683804e-01 3.955377092165600628e-01 -7.654342439458979019e-02
2.675000000000000000e+01 -1.934789564565580211e-01 2.536417728418014050e+00 5.615889656309833167e-02
2.676000000000000156e+01 -1.868706156777885652e-01 1.086754741713046757e+00 4.364698542467210229e-03
2.676999999999999957e+01 -1.853930387104561206e-01 1.755315842316982122e+00 2.157467299840798436e-02
2.678000000000000114e+01 -1.814714381351631711e-01 1.157967475404256152e+00 -2.024678600868363987e-02
2.678999999999999915e+01 -1.791869104571515714e-01 1.591047321167554873e+00 -3.696135107690137755e-03
2.680000000000000071e+01 -1.758054011283380347e-01 8.209686603331749488e-01 -6.452230118233642786e-02
2.681000000000000227e+01 -1.734833659485967849e-01 2.491146242648361930e+00 6.394749550232514679e-02
2.682000000000000028e+01 -1.675567701025873490e-01 5.071362360470020869e-01 -5.068330195914927394e-02
2.683000000000000185e+01 -1.671913127996750847e-01 2.075060317395872378e+00 2.048054432080878562e-02
2.683999999999999986e+01 -1.612392848360053033e-01 1.662836585121915345e+00 3.705202591579231930e-02
2.685000000000000142e+01 -1.582556819320035668e-01 8.885295889559171600e-01 -4.084247771711024821e-02
2.685999999999999943e+01 -1.570026626053778185e-01 1.008002655665071412e+00 -7.588636654974589835e-02
2.687000000000000099e+01 -1.543486966253807824e-01 1.172002854525083348e+00 -6.820951999636643004e-02
2.687999999999999901e+01 -1.512781192982266820e-01 1.044790108911814785e+00 -7.149261443119928061e-02
2.689000000000000057e+01 -1.481493402294901396e-01 1.753235280228329085e+00 -4.494510788299946324e-03
2.690000000000000213e+01 -1.434860820340320975e-01 1.095243213303579433e+00 -3.128346750862512349e-02
2.691000000000000014e+01 -1.413520196639716509e-01 9.567247540379628656e-01 -7.043496774495344726e-02
2.692000000000000171e+01 -1.376826566524022299e-01 2.646986330252596886e+00 7.859192978185816636e-02
2.692999999999999972e+01 -1.310202542434483197e-01 4.518337770280415611e-01 -4.862870829642047810e-02
2.694000000000000128e+01 -1.314767879884947976e-01 8.873658934827128864e-01 -9.993412203453791443e-02
2.694999999999999929e+01 -1.281374073325212692e-01 1.628609015114527381e+00 -3.699345427746925097e-02
2.696000000000000085e+01 -1.234066365224208706e-01 1.077466402828440195e+00 -4.844579517066356644e-02
2.696999999999999886e+01 -1.205354141804867024e-01 1.517733452689493667e+00 -2.079394035380914552e-02
2.698000000000000043e+01 -1.164492582384948488e-01 1.021660618723329916e+00 -5.267443787177755049e-02
2.699000000000000199e+01 -1.136693246302699911e-01 1.452046791044485863e+00 -3.238606817741603028e-02
2.700000000000000000e+01 -1.090892602426304925e-01 1.730147053786641465e+00 1.126318626198671846e-02
2.701000000000000156e+01 -1.050822002597159854e-01 5.243777813232252116e-01 -8.652360051799330709e-02
2.701999999999999957e+01 -1.040446375777147880e-01 1.152726291163640227e+00 -8.634629438646211630e-02
2.703000000000000114e+01 -9.988421238730899043e-02 1.384680860162243343e+00 -4.902672199963123423e-02
2.703999999999999915e+01 -9.555101354892692189e-02 1.548268842156015790e+00 -1.185232118468579343e-02
2.705000000000000071e+01 -9.104389470017514030e-02 1.565899842327760583e+00 5.404424319717035519e-03
2.706000000000000227e+01 -8.713606301495092910e-02 1.072441693802964169e+00 -3.917558678342858425e-02
2.707000000000000028e+01 -8.469225281124333204e-02 7.976897298244733925e-01 -9.423528088087472498e-02
2.708000000000000185e+01 -8.099097356613392529e-02 2.777228621585001722e+00 7.710519382822686452e-02
2.708999999999999986e+01 -7.360910986274445122e-02 5.032169563389640166e-01 -4.297590621710858927e-02
2.710000000000000142e+01 -7.294176691306619720e-02 1.876435205926998195e+00 1.273022422754455096e-04
2.710999999999999943e+01 -6.778063658705618666e-02 6.351049569553922636e-01 -8.067726168602923353e-02
2.712000000000000099e+01 -6.626415541862766545e-02 1.253675770612880491e+00 -7.143559936934502919e-02
2.712999999999999901e+01 -6.146439222720708612e-02 2.153651215633448412e+00 3.482888285392979344e-02
2.714000000000000057e+01 -5.598129872680559366e-02 6.791727328901705496e-01 -5.232607643428264371e-02
2.715000000000000213e+01 -5.410515468613517204e-02 2.086573938108811532e+00 2.231520776981484044e-02
2.716000000000000014e+01 -4.797967480765733678e-02 1.355859304038964375e+00 5.027488293235030103e-03
2.717000000000000171e+01 -4.469149071012147589e-02 1.576233460290552113e+00 6.339304225535441484e-03
2.717999999999999972e+01 -3.987924632886760690e-02 2.284462115404358507e+00 7.998629811129986944e-02
2.719000000000000128e+01 -3.442591701225278938e-02 1.001335114162269946e+00 -5.410641539249083642e-03
2.719999999999999929e+01 -3.181259447182594596e-02 2.482540918513463257e+00 8.275485092915810248e-02
2.721000000000000085e+01 -2.542603736006106979e-02 1.219396509241399640e+00 2.026740750712459349e-02
2.721999999999999886e+01 -2.282392715172067155e-02 1.984710875060541557e+00 4.845743631380988736e-02
2.723000000000000043e+01 -1.802435651690328239e-02 1.179318614823399836e+00 -5.801602626332086343e-03
2.724000000000000199e+01 -1.521960591313795304e-02 1.855127341805136609e+00 2.686336567928554464e-02
2.725000000000000000e+01 -9.991709424503633294e-03 2.118410077195716390e+00 7.981103439055861615e-02
2.726000000000000156e+01 -5.274376846856386122e-03 1.236204267596426210e+00 1.799357776298830813e-02
2.726999999999999957e+01 -2.617434025511896495e-03 1.880050147543534056e+00 3.953926926069883940e-02
2.728000000000000114e+01 1.500073998889868811e-03 6.454856994781544843e-01 -6.120892507000903759e-02
2.728999999999999915e+01 2.520630700107000417e-03 1.018419845402637414e+00 -8.428098617740238663e-02
2.730000000000000071e+01 6.799076769256329894e-03 2.763745957303602285e+00 9.057579386685285505e-02
2.731000000000000227e+01 1.310849495365865557e-02 1.742564456158589570e-01 -6.336819903646058461e-02
2.732000000000000028e+01 1.288108838016649611e-02 1.576883746270895781e+00 -3.732051679336496897e-02
2.733000000000000185e+01 1.782244372498814969e-02 1.389836914912428778e+00 -1.848308955155472666e-02
2.733999999999999986e+01 2.200482215756013882e-02 2.147869112723902685e+00 6.340712408451251725e-02
2.735000000000000142e+01 2.689155728658493630e-02 6.573565200471815917e-01 -4.066892374508843805e-02
2.735999999999999943e+01 2.803126926706240793e-02 1.093373133966674571e+00 -6.856364829173550168e-02
2.737000000000000099e+01 3.182358731152150344e-02 1.645262113383100466e+00 -1.450688424561270840e-02
2.737999999999999901e+01 3.692047230776799444e-02 2.097953939559095371e+00 6.503489469279721824e-02
2.739000000000000057e+01 4.124728610448965410e-02 1.468960224335724429e-01 -9.119235712212717115e-02
2.740000000000000213e+01 4.204977332329327966e-02 2.147844714700399393e+00 6.721547841391672939e-03
2.741000000000000014e+01 4.865719122460546858e-02 1.700289207892141219e+00 4.080807569786601419e-02
2.742000000000000171e+01 5.241941186960562965e-02 1.171277202588147492e+00 -6.697661615643488164e-03
2.742999999999999972e+01 5.587243651500143488e-02 2.312326381757589200e+00 7.450679386257166859e-02
2.744000000000000128e+01 6.125724786549825718e-02 7.859240548560331163e-01 -2.375200694721313344e-02
2.744999999999999929e+01 6.333718744458345651e-02 2.123760413189553997e+00 4.139300454506547600e-02
2.746000000000000085e+01 6.830862571822056417e-02 5.186034415853733037e-01 -6.624600023621005085e-02
2.746999999999999886e+01 6.942111392991207053e-02 1.164750828981505615e+00 -7.273557598119682888e-02
2.748000000000000043e+01 7.366225272503935939e-02 2.046277211645206151e+00 2.680506562937129411e-02
2.749000000000000199e+01 7.870131379862974064e-02 1.055402450837346739e+00 -1.398858718664286460e-02
2.750000000000000000e+01 8.136848960536342823e-02 1.658300883799668002e+00 7.988953400856230180e-03
2.751000000000000156e+01 8.586522010942564120e-02 1.627226285692072949e+00 2.332219127998569341e-02
2.751999999999999957e+01 8.949933729708674235e-02 8.957885552901291293e-01 -4.374349820825212259e-02
2.753000000000000114e+01 9.211337032834437943e-02 1.721032799838675853e+00 -2.258908386418026493e-03
2.753999999999999915e+01 9.714901307922887974e-02 2.095256007906774354e+00 6.820425819535469447e-02
2.755000000000000071e+01 1.012645357891835268e-01 2.390086104500614983e-01 -8.189404696541327522e-02
2.756000000000000227e+01 1.024508404265363909e-01 2.171852373032952421e+00 1.424526407902612646e-02
2.757000000000000028e+01 1.086649098983798190e-01 1.917793430657479314e+00 6.564602992258647407e-02
2.758000000000000185e+01 1.119808120413877811e-01 1.363369216995590771e-01 -9.585428011618897515e-02
2.758999999999999986e+01 1.133461215425114188e-01 2.538129179013085324e+00 4.309210525345433251e-02
2.760000000000000142e+01 1.193446919993376293e-01 4.673247637421718559e-01 -5.963230217804369598e-02
2.760999999999999943e+01 1.205705934844579774e-01 1.524887797007599799e+00 -3.353519568143507878e-02
2.762000000000000099e+01 1.244333191865122090e-01 5.606604348253469983e-01 -9.924759432325908071e-02
2.762999999999999901e+01 1.266296215671799952e-01 1.658799719597649602e+00 -3.177326227498825095e-02
2.764000000000000057e+01 1.317020369423089199e-01 2.173860993486614657e+00 6.704786960239697557e-02
2.765000000000000213e+01 1.359036509629330536e-01 1.861626065398798435e-01 -8.396325430990070338e-02
2.766000000000000014e+01 1.375678078265837601e-01 2.886168244712440600e+00 8.337052624006788260e-02
2.767000000000000171e+01 1.440632990845503447e-01 7.249190146764996623e-01 -1.398525715331919161e-02
2.767999999999999972e+01 1.457008232390674396e-01 1.658504115063295536e+00 -1.107340552845295645e-03
2.769000000000000128e+01 1.496712945009454065e-01 1.017921977259531818e+00 -4.298558902971005846e-02
2.769999999999999929e+01 1.529617277724653335e-01 2.588561989727855561e+00 8.707363143883153911e-02
2.771000000000000085e+01 1.579873793342417287e-01 2.946321899815469991e-01 -6.040903999640245825e-02
2.771999999999999886e+01 1.594051269929276371e-01 2.501172055580345166e+00 5.581762286044381072e-02
2.773000000000000043e+01 1.649179753402383597e-01 1.108154671647377132e+00 5.270729020852821245e-03
2.774000000000000199e+01 1.670830817696964399e-01 1.141239144756605706e+00 -3.695275207870001022e-02
2.775000000000000000e+01 1.703166138140883856e-01 2.039463441701696134e+00 3.567083990614478006e-02
2.776000000000000156e+01 1.749334899109581953e-01 1.792294645183707624e+00 5.858058637797194934e-02
2.776999999999999957e+01 1.786010101857438692e-01 1.940305933484149481e+00 7.572758129188730813e-02
2.778000000000000114e+01 1.818205750468870341e-01 2.266703161316543924e-01 -8.759151063970063711e-02
2.778999999999999915e+01 1.826625713250381866e-01 1.096821305453727247e+00 -9.630734141686117522e-02
2.780000000000000071e+01 1.860309496155457820e-01 1.414878920659573991e+00 -4.569694435598217752e-02
2.781000000000000227e+01 1.893388016984357825e-01 1.229049395905439379e+00 -3.419707896882716314e-02
2.782000000000000028e+01 1.921941815001535214e-01 1.117028806111109551e+00 -4.635969247467080362e-02
2.783000000000000185e+01 1.949126120543012985e-01 1.045761144459053105e+00 -6.222700392751256970e-02
2.783999999999999986e+01 1.977522526164003647e-01 1.307865479923067564e+00 -4.378504135298906530e-02
2.785000000000000142e+01 2.012851845055917410e-01 2.090012399887251515e+00 4.619944744203063891e-02
2.785999999999999943e+01 2.052114647500107580e-01 8.543083628192401635e-01 -2.817125348076310321e-02
2.787000000000000099e+01 2.075144774708064521e-01 1.873857890871637233e+00 1.737522669003407905e-02
2.787999999999999901e+01 2.114158122876187429e-01 1.432920472170147397e+00 1.026413054212046982e-02
2.789000000000000057e+01 2.145891528879952381e-01 2.075501686488284481e+00 6.319647814764706162e-02
2.790000000000000213e+01 2.183941423298768336e-01 1.460420353211929534e+00 3.328730383585992714e-02
2.791000000000000014e+01 2.213364981691391953e-01 2.021067536620658966e+00 6.435671776791795917e-02
2.792000000000000171e+01 2.248089472372489517e-01 1.254704611967043970e+00 1.056008961443752336e-02
2.792999999999999972e+01 2.269182980257272164e-01 5.895044628725858438e-01 -9.008082228680630577e-02
2.794000000000000128e+01 2.288885265258588930e-01 1.715543868805840422e+00 -2.742967395594844704e-02
2.794999999999999929e+01 2.322166076562569015e-01 1.031232172749637854e+00 -4.485657359674926487e-02
2.796000000000000085e+01 2.344122735921771172e-01 1.087390649892856498e+00 -5.837817135364373883e-02
2.796999999999999886e+01 2.371784812850958601e-01 2.031401306008402408e+00 2.998145544814045937e-02
2.798000000000000043e+01 2.408814279084777188e-01 1.867658170459546740e+00 6.568130620127066166e-02
2.799000000000000199e+01 2.439382693829742488e-01 1.686050302356203012e+00 5.488163025276240892e-02
2.800000000000000000e+01 2.465277844099885984e-01 8.553546521785972967e-01 -3.876349863928663098e-02
2.801000000000000156e+01 2.485883341070700692e-01 1.672184621988018094e+00 -9.211751530043651992e-03
2.801999999999999957e+01 2.514586489066089059e-01 1.042480600263467894e+00 -4.110014696619195690e-02
2.803000000000000114e+01 2.536438695333045890e-01 1.414159383952362958e+00 -2.665234932700284720e-02
2.803999999999999915e+01 2.563034359722608513e-01 1.451196694463010362e+00 -1.011456251407596985e-02
2.805000000000000071e+01 2.591551947552108714e-01 2.467835285367796061e+00 9.784359784582549735e-02
2.806000000000000227e+01 2.621320487698409196e-01 4.231891346862197423e-02 -8.385508083130624457e-02
2.807000000000000028e+01 2.633744592890194802e-01 1.902614355560302117e+00 -1.826115821019258512e-02
2.808000000000000185e+01 2.666671307133595681e-01 2.282364095732999143e+00 8.316678005134589546e-02
2.808999999999999986e+01 2.695539283915751594e-01 1.119087027371316267e+00 1.567924972812191620e-02
2.810000000000000142e+01 2.714544172861119709e-01 1.210505882464446792e+00 -2.823344323672945244e-02
2.810999999999999943e+01 2.738061803421119600e-01 2.164636298885465937e+00 5.139582883172885697e-02
2.812000000000000099e+01 2.767603633411137576e-01 2.096552409631964320e+00 9.621497960944094818e-02
2.812999999999999901e+01 2.792772158307426089e-01 1.490645033006158471e+00 5.001685668629166082e-02
2.814000000000000057e+01 2.815358005322149415e-01 2.143318776214027999e+00 8.225546034981548460e-02
2.815000000000000213e+01 2.839626229126658852e-01 1.188180848613412222e+00 1.282326606315056794e-02
2.816000000000000014e+01 2.857379812729792801e-01 1.098742852883217935e+00 -3.980756420141878110e-02
2.817000000000000171e+01 2.874860164742739643e-01 9.602687213278799927e-01 -7.300180609585237013e-02
2.817999999999999972e+01 2.895027012127473487e-01 2.700939298729077453e+00 8.852477418850601687e-02
2.819000000000000128e+01 2.918947810062944015e-01 2.166240823483204514e-01 -6.113241100289119878e-02
2.819999999999999929e+01 2.934174018208709489e-01 2.526002601176134732e+00 5.909187639886928634e-02
2.821000000000000085e+01 2.958125636113086432e-01 1.209810709340757739e+00 1.877712151901407556e-02
2.821999999999999886e+01 2.975388440351948161e-01 1.241865889743943407e+00 -1.864052951402084268e-02
2.823000000000000043e+01 2.992838992584748725e-01 1.196205914391621494e+00 -3.858417462125680875e-02
2.824000000000000199e+01 3.009473254072702608e-01 6.700452220763568612e-01 -9.674805797404972818e-02
2.825000000000000000e+01 3.026349145849279720e-01 2.771049269983814511e+00 8.115902061216839769e-02
2.826000000000000156e+01 3.047319967987038858e-01 9.748679006776209688e-01 1.260295134051130084e-02
2.826999999999999957e+01 3.064394206361821249e-01 2.046575657008940841e+00 5.368188502155210595e-02
2.828000000000000114e+01 3.082362327266524038e-01 1.491050977448018733e+00 3.187607146995991014e-02
2.828999999999999915e+01 3.099727077778423601e-01 2.146440504555686246e+00 7.841091210720391169e-02
2.830000000000000071e+01 3.115979268530436053e-01 2.566720008011080800e-01 -7.932944178843814864e-02
2.831000000000000227e+01 3.130854592105193901e-01 2.416938957899752438e+00 3.844453451600976512e-02
2.832000000000000028e+01 3.146414318161093182e-01 1.530158791382982830e+00 4.068327345906122550e-02
2.833000000000000185e+01 3.161674322680674831e-01 1.222461814192538299e+00 -5.825937685598317484e-03
2.833999999999999986e+01 3.176231008830049940e-01 9.318982721780182388e-01 -6.141264233238512976e-02
2.835000000000000142e+01 3.189818394490105957e-01 1.681337952359112320e+00 -1.197030048334282726e-02
2.835999999999999943e+01 3.202670869139446763e-01 4.677995048717516480e-01 -9.615963817564375515e-02
2.837000000000000099e+01 3.216661371876365361e-01 2.439092055308669682e+00 4.381311633569923147e-02
2.837999999999999901e+01 3.228143953470054006e-01 2.053920076285001173e+00 9.747205140111148136e-02
2.839000000000000057e+01 3.240515030941210073e-01 1.677419603040370299e+00 6.991517192296090033e-02
2.840000000000000213e+01 3.254055185584362464e-01 1.200181979168700286e+00 -9.738555503699536375e-04
2.841000000000000014e+01 3.266883803738300784e-01 2.006764460381172288e+00 4.280275898700250381e-02
2.842000000000000171e+01 3.276270977239803539e-01 8.577626515846487054e-01 -3.581536641046607905e-02
2.842999999999999972e+01 3.289813601066232662e-01 1.421628962089436898e+00 -3.100204582337746928e-02
2.844000000000000128e+01 3.299204670798439043e-01 1.353130724372570093e+00 -2.348377003432070009e-02
2.844999999999999929e+01 3.308630903215875607e-01 2.117487915841671509e+00 5.580612413721433573e-02
2.846000000000000085e+01 3.316271828926147802e-01 8.176924335005887334e-01 -2.918901974966957302e-02
2.846999999999999886e+01 3.329343114272196313e-01 1.924639676434291458e+00 2.046670778308827543e-02
2.848000000000000043e+01 3.334524126513020437e-01 1.901160457588781938e+00 5.879094860128467048e-02
2.849000000000000199e+01 3.341526685035328126e-01 2.030445152463251635e+00 8.603410581129242174e-02
2.850000000000000000e+01 3.348535005286595867e-01 1.464268212061776708e+00 3.976261531810518224e-02
2.851000000000000156e+01 3.358527117541466045e-01 1.444570213755322907e+00 7.614845758032576239e-03
2.851999999999999957e+01 3.365169053640769126e-01 2.118721783019624549e+00 6.312767949692621450e-02
2.853000000000000114e+01 3.368894610168421955e-01 8.930982154218951585e-01 -2.202394725319731239e-02
2.853999999999999915e+01 3.380808755590215542e-01 1.618011828262321705e+00 -6.659226280129201814e-03
2.855000000000000071e+01 3.383002170456013702e-01 2.185846734810525049e+00 7.101442093382379084e-02
2.856000000000000227e+01 3.386116425830512089e-01 1.556621511528577251e-01 -8.841019712146061527e-02
2.857000000000000028e+01 3.400434529267394312e-01 2.760011700153941483e+00 6.753540715832653807e-02
2.858000000000000185e+01 3.391744604381288219e-01 1.514062871176647729e+00 5.625413494156197847e-02
2.858999999999999986e+01 3.398744602032586215e-01 2.193054910849319583e+00 9.420433143070489068e-02
2.860000000000000142e+01 3.400245214362920265e-01 5.838708316701840539e-01 -4.216971191949690084e-02
2.860999999999999943e+01 3.412526257213578940e-01 2.033798572900324508e+00 1.837919354553560480e-02
2.862000000000000099e+01 3.406481282769997510e-01 2.090929524971920639e+00 7.869090364565800577e-02
2.862999999999999901e+01 3.408301477828101222e-01 7.997430521119165692e-02 -9.538247359192071617e-02
2.864000000000000057e+01 3.423019234712925130e-01 2.784412676604685277e+00 6.464298431942672174e-02
2.865000000000000213e+01 3.406889205220466899e-01 1.590654805830645779e+00 6.313881132605611568e-02
2.866000000000000014e+01 3.412240274447541633e-01 1.504817341242238982e+00 3.012983189489604197e-02
2.867000000000000171e+01 3.414633810543749037e-01 1.546549077837091835e+00 1.564614836158606526e-02
2.867999999999999972e+01 3.412565277353609705e-01 2.344251921383297965e+00 9.138722978798316521e-02
2.869000000000000128e+01 3.406148250155098256e-01 7.555259681770525315e-01 -2.093681613609563175e-02
2.869999999999999929e+01 3.418335720979645553e-01 1.505465876840244466e+00 -2.178719971812337342e-02
2.871000000000000085e+01 3.414459651921470384e-01 1.288503232990217739e+00 -2.727649838716846020e-02
2.871999999999999886e+01 3.414074460661973287e-01 1.603154168245066069e+00 7.462273510670802690e-04
2.873000000000000043e+01 3.408765341830819473e-01 1.840561926180605434e+00 4.095182852836329324e-02
2.874000000000000199e+01 3.404017628931647610e-01 1.117720929601133895e+00 -1.212708750218025044e-02
2.875000000000000000e+01 3.408064780470502764e-01 1.472616264736299918e+00 -1.337288772030127693e-02
2.876000000000000156e+01 3.404861740709004270e-01 9.095662082470308274e-01 -6.235071192612327146e-02
2.876999999999999957e+01 3.406109013677254271e-01 1.921307757065339628e+00 9.906447132538034883e-03
2.878000000000000114e+01 3.394885473524026920e-01 7.568370096325873764e-01 -5.734591370305162222e-02
2.878999999999999915e+01 3.399587604003528885e-01 2.079588033644682366e+00 2.443988223669273097e-02
2.880000000000000071e+01 3.379696639102804934e-01 2.231371754030862409e+00 9.596862193165547894e-02
2.881000000000000227e+01 3.369187042391096343e-01 8.662256399025684006e-01 -1.090548586656914232e-02
2.882000000000000028e+01 3.379585732582373048e-01 9.972429380664954435e-01 -6.955083493650773829e-02
2.883000000000000185e+01 3.371671532350890010e-01 2.870460264494817615e+00 9.851010781468103050e-02
2.883999999999999986e+01 3.343496731950845180e-01 6.031263094994131491e-01 -2.197831506342236285e-02
2.885000000000000142e+01 3.357958189494254508e-01 1.767650191155995421e+00 -3.708523144496655988e-05
2.885999999999999943e+01 3.338804355285896475e-01 2.215254982769460312e+00 7.470532502334570335e-02
2.887000000000000099e+01 3.320914805229259747e-01 1.485710709396751872e+00 4.168451852320648188e-02
2.887999999999999901e+01 3.319672775523480057e-01 1.296052895052320242e+00 -6.931918927149727239e-03
2.889000000000000057e+01 3.311705203532048225e-01 2.326883454960933406e+00 7.258945909160122167e-02
2.890000000000000213e+01 3.292088068387161170e-01 5.583188810660605350e-01 -5.031569182968061160e-02
2.891000000000000014e+01 3.305096334402118363e-01 1.249412812964174391e+00 -6.366160175804752575e-02
2.892000000000000171e+01 3.291123396884325092e-01 2.091172864557050204e+00 3.038461865558420016e-02
2.892999999999999972e+01 3.268914243987995349e-01 9.870655082237219657e-01 -2.358498137554949914e-02
2.894000000000000128e+01 3.270263739405929182e-01 1.747340863244969622e+00 6.969461705419899289e-03
2.894999999999999929e+01 3.249481237738720552e-01 1.928276013513004372e+00 5.025139908306383574e-02
2.896000000000000085e+01 3.233145295731382762e-01 1.163290233388397654e+00 -5.584250163853970994e-03
2.896999999999999886e+01 3.226284337057850893e-01 2.491917980275888400e+00 8.795474286872315139e-02
2.898000000000000043e+01 3.199899705957657270e-01 2.733758492071683976e-01 -7.058719523440203092e-02
2.899000000000000199e+01 3.211380700028119151e-01 2.719533028729025581e+00 6.780189364656161177e-02
2.900000000000000000e+01 3.166837727130176194e-01 1.585944450319272336e+00 5.779186750592343880e-02
2.901000000000000156e+01 3.165596115628402374e-01 4.966801290859290674e-01 -7.639232181281788159e-02
2.901999999999999957e+01 3.170013704116775854e-01 2.127148655818476009e+00 1.024768195992267761e-02
2.903000000000000114e+01 3.133673367471798143e-01 1.897449472113423186e+00 5.678982947352795296e-02
2.903999999999999915e+01 3.116916652542928712e-01 1.015178176681781119e+00 -1.703996826440204448e-02
2.905000000000000071e+01 3.115932105892932902e-01 1.651457550149614484e+00 -2.959174125804486799e-03
2.906000000000000227e+01 3.091147091337079211e-01 1.985267283531815252e+00 4.909866233981483030e-02
2.907000000000000028e+01 3.064203472839927000e-01 1.940810757630611949e+00 7.231124878056435779e-02
2.908000000000000185e+01 3.047109836892184509e-01 9.412580020862834074e-01 -2.127919766198618778e-02
2.908999999999999986e+01 3.042565857667339779e-01 2.407184448420798706e+00 6.742330253010936358e-02
2.910000000000000142e+01 3.002096483652120784e-01 1.706752481143775313e+00 6.246677851832288519e-02
2.910999999999999943e+01 2.994671388087494224e-01 4.682392311155772480e-01 -7.627542123290087517e-02
2.912000000000000099e+01 2.997430317310250114e-01 2.368067761086509737e+00 3.376757547421599392e-02
2.912999999999999901e+01 2.950620203388607532e-01 1.839041476906575490e+00 6.475500079965418321e-02
2.914000000000000057e+01 2.930193935836866714e-01 1.850856816171987829e+00 6.740882439958986727e-02
2.915000000000000213e+01 2.912549670157918436e-01 1.036749127733707310e+00 -1.636895457539759569e-02
2.916000000000000014e+01 2.910512530388703611e-01 1.114691459035560772e+00 -5.689658141322280482e-02
2.917000000000000171e+01 2.898031177102764477e-01 1.134281697472693029e+00 -6.584165152642992846e-02
2.917999999999999972e+01 2.875129769005685398e-01 2.500944716414380764e+00 7.051646290513072235e-02
2.919000000000000128e+01 2.833553574623048354e-01 6.566328431285420875e-01 -3.329541562429390311e-02
2.919999999999999929e+01 2.835715937731227432e-01 2.411437213931912904e+00 6.116355662130418258e-02
2.921000000000000085e+01 2.789111090267207826e-01 1.315022801048122414e+00 2.164685351253489709e-02
2.921999999999999886e+01 2.783379078389942030e-01 8.967036648787645170e-01 -5.654293050097772277e-02
2.923000000000000043e+01 2.773645276120384473e-01 1.697461879191657586e+00 -1.606113571153118535e-02
2.924000000000000199e+01 2.736498132083503565e-01 2.128283188577070995e+00 6.135023959220861633e-02
2.925000000000000000e+01 2.698241963809639987e-01 1.870942309215817501e+00 7.402432061583716361e-02
2.926000000000000156e+01 2.677707584503124516e-01 8.705046472702459015e-01 -2.944685939658005236e-02
2.926999999999999957e+01 2.669832611743708228e-01 2.346663566213948560e+00 5.609456573227097897e-02
2.928000000000000114e+01 2.628910435734300721e-01 2.422130833812124739e-01 -8.854960558550753480e-02
2.928999999999999915e+01 2.637885328100449955e-01 2.154981813398091806e+00 5.753174929560733730e-03
2.930000000000000071e+01 2.592563997119412544e-01 6.087645434998755212e-01 -7.231836272761410500e-02
2.931000000000000227e+01 2.584280382703814660e-01 2.862274981044603539e+00 9.249146807996860842e-02
2.932000000000000028e+01 2.520230387677543371e-01 1.264480573472808844e+00 3.967407139794204562e-02
2.933000000000000185e+01 2.516386985787654740e-01 1.121337344588684060e+00 -2.910083869230553621e-02
2.933999999999999986e+01 2.492631155424972211e-01 2.661259411872418212e+00 9.227757689889762305e-02
2.935000000000000142e+01 2.443272075434124446e-01 1.244822299561725298e-01 -7.996138852716767886e-02
2.935999999999999943e+01 2.459451862929548371e-01 2.001522651811707743e+00 -1.016568781847390635e-02
2.937000000000000099e+01 2.411111041497783769e-01 1.058460776454570373e+00 -3.828669647542597837e-02
2.937999999999999901e+01 2.389344132404367382e-01 2.703823652224937479e+00 9.848621009620181499e-02
2.939000000000000057e+01 2.338261218255258123e-01 5.265943768759833582e-02 -8.230700472737184636e-02
2.940000000000000213e+01 2.354871600326476633e-01 2.184034546858617087e+00 5.519346439778721747e-03
2.941000000000000014e+01 2.301177791822899554e-01 7.942475754414078937e-01 -5.543307201150243085e-02
2.942000000000000171e+01 2.289453587370730014e-01 2.230949251081743689e+00 3.909420772825999979e-02
2.942999999999999972e+01 2.238319707753309296e-01 1.142860542007416269e+00 -5.871380458927794033e-03
2.944000000000000128e+01 2.219496064107173705e-01 2.313493035803843689e+00 7.058736217254732437e-02
2.944999999999999929e+01 2.167367994494985017e-01 1.530405599927936677e+00 4.322395159933295483e-02
2.946000000000000085e+01 2.143582834860405240e-01 1.891494586924742372e+00 5.225690090652942987e-02
2.946999999999999886e+01 2.111025270915737884e-01 8.973039255978219053e-01 -3.705694264434807039e-02
2.948000000000000043e+01 2.104339230935184657e-01 1.104730664518682515e+00 -6.873682201148431647e-02
2.949000000000000199e+01 2.078068138852453561e-01 1.617126867945926305e+00 -2.273672747893529245e-02
2.950000000000000000e+01 2.044813059423612467e-01 6.023694370710289681e-01 -9.251141335587582948e-02
2.951000000000000156e+01 2.037203451622697781e-01 1.491006561989732582e+00 -5.130421317954323573e-02
2.951999999999999957e+01 1.993146880791193398e-01 1.898253728472165003e+00 2.285774822259781236e-02
2.953000000000000114e+01 1.953740348866817023e-01 7.033724495757472939e-01 -5.963686833896908457e-02
2.953999999999999915e+01 1.949882212944549498e-01 9.631389506295079395e-01 -9.226745355182884578e-02
2.955000000000000071e+01 1.918041272576554435e-01 2.088352004914368898e+00 1.267487681283123446e-02
2.956000000000000227e+01 1.858201638275555345e-01 1.875252363882394802e+00 5.610166232496824334e-02
2.957000000000000028e+01 1.825939176205085279e-01 5.906925966361483704e-01 -6.217067292545937207e-02
2.958000000000000185e+01 1.812358016909559610e-01 2.815392546803195284e+00 8.462718646087677432e-02
2.958999999999999986e+01 1.740967169945139004e-01 6.233713195241712413e-01 -3.165397294429027342e-02
2.960000000000000142e+01 1.740138658268008121e-01 1.889425246461633234e+00 6.072566012799734958e-03
2.960999999999999943e+01 1.687836753163618753e-01 1.704898423862617030e+00 2.659651149102315593e-02
2.962000000000000099e+01 1.651071005441695216e-01 1.471140296012657167e+00 9.682544112828983529e-03
2.962999999999999901e+01 1.620477815862362003e-01 1.665748563343851796e+00 1.651291268536850265e-02
2.964000000000000057e+01 1.588726361050353808e-01 6.336670761998446366e-01 -7.930820953147750541e-02
2.965000000000000213e+01 1.575360581930267956e-01 1.993704048810235330e+00 5.625697435260312851e-05
2.966000000000000014e+01 1.515947208137376490e-01 1.896900034679262825e+00 4.996743675286532960e-02
2.967000000000000171e+01 1.481439809377591288e-01 5.008389941453016414e-01 -7.170591404916720757e-02
2.967999999999999972e+01 1.468976972671534875e-01 2.860463651589048695e+00 8.574541321217962753e-02
2.969000000000000128e+01 1.398771607663673588e-01 2.970532101240961481e-02 -8.731105583085374544e-02
2.969999999999999929e+01 1.406571506807869909e-01 2.702326816279351451e+00 5.599839481264551333e-02
2.971000000000000085e+01 1.331391424118101297e-01 8.279091257516177915e-01 -2.260880114416871645e-02
2.971999999999999886e+01 1.325253427084288338e-01 1.303611985475103152e+00 -4.127105390837396137e-02
2.973000000000000043e+01 1.283316726962069054e-01 2.413659159090521200e+00 6.990755675628232413e-02
2.974000000000000199e+01 1.219137278002873637e-01 1.688895317426662990e+00 6.418009314972494828e-02
2.975000000000000000e+01 1.189368657400126095e-01 1.453759026992084591e+00 2.140491451190844330e-02
2.976000000000000156e+01 1.161723553778645918e-01 1.233176904990010980e+00 -2.375570582598698910e-02
2.976999999999999957e+01 1.127813631371119563e-01 2.250033685821780427e+00 5.792085070414018655e-02
2.978000000000000114e+01 1.077756314715688363e-01 4.237936631598794301e-01 -6.986282697095776151e-02
2.978999999999999915e+01 1.075585754549553408e-01 1.780839630175603094e+00 -2.000481105011449323e-02
2.980000000000000071e+01 1.023368029718825373e-01 1.345579094226261097e+00 -1.574543432768409079e-02
2.981000000000000227e+01 9.959824353939973618e-02 8.668081644580757361e-01 -6.819607532755074530e-02
2.982000000000000028e+01 9.730740776335873587e-02 1.667911134549168839e+00 -1.935120064930047346e-02
2.983000000000000185e+01 9.259920671539557946e-02 1.237997943893441866e+00 -2.647205721646604670e-02
2.983999999999999986e+01 8.994270316141467214e-02 9.011452729774095394e-01 -7.132243715642100357e-02
2.985000000000000142e+01 8.762894536710230664e-02 1.160303389487387538e+00 -7.034443222692694786e-02
2.985999999999999943e+01 8.303785152322608332e-02 2.737923987298600981e+00 9.310366883749540690e-02
2.987000000000000099e+01 7.650680975993381927e-02 -6.901822928760926838e-03 -8.624863249780900798e-02
2.987999999999999901e+01 7.783999602499343251e-02 1.378992786372948975e+00 -7.522411540815479580e-02
2.989000000000000057e+01 7.199298437604172152e-02 2.749321503479454254e+00 9.335629306080076018e-02
2.990000000000000213e+01 6.424792857244174260e-02 1.765960709138115092e+00 9.006534117510925364e-02
2.991000000000000014e+01 6.157140525085273014e-02 7.932000371264630312e-01 -3.291810579993929842e-02
2.992000000000000171e+01 6.042424281420397114e-02 1.022431519518933518e+00 -7.944212036048817205e-02
2.992999999999999972e+01 5.663959159785311032e-02 2.125988226844685247e+00 2.173205190276321364e-02
2.994000000000000128e+01 5.074204279687508090e-02 1.131499221526137466e+00 -1.238055649178151918e-02
2.994999999999999929e+01 4.769576389187815679e-02 2.512501508533490302e+00 9.041140669695948984e-02
2.996000000000000085e+01 4.200092216550892210e-02 2.097148087918959125e-01 -7.433292554832970911e-02
2.996999999999999886e+01 4.163754762970330731e-02 2.615849589990426605e+00 5.564336172488890120e-02
2.998000000000000043e+01 3.484347080835074190e-02 1.049848140493873927e-01 -9.503310405421400153e-02
2.999000000000000199e+01 3.528716225080127944e-02 1.530904954207761071e+00 -5.846941019156979419e-02
3.000000000000000000e+01 3.023993824449286438e-02 1.283590863838283136e+00 -3.989427391277329538e-02
3.001000000000000156e+01 2.690184981963365113e-02 9.577463397805816570e-01 -6.711454126571654577e-02
3.001999999999999957e+01 2.341603410708222727e-02 2.414698576335751135e+00 5.899407772980261311e-02
3.003000000000000114e+01 1.735432044064495402e-02 3.981328450562781618e-01 -6.528234398149335149e-02
3.003999999999999915e+01 1.662009491225131808e-02 1.878264954041493739e+00 -7.850734758067440255e-03
3.005000000000000071e+01 1.130982742634290862e-02 6.962188944089103826e-01 -7.413157964844602210e-02
3.006000000000000227e+01 8.711623573456634545e-03 2.467513404386227016e+00 5.520310564927474739e-02
3.007000000000000028e+01 1.745652231802675676e-03 1.416710474603345871e+00 3.425425153410471824e-02
3.008000000000000185e+01 -5.327929835951916542e-04 4.718778553495454053e-01 -9.019952383387591643e-02
3.008999999999999986e+01 -1.915434771178458262e-03 1.416997734227765759e+00 -6.407024446209903801e-02
3.010000000000000142e+01 -7.067451086458650771e-03 1.980688484966280694e+00 2.494761008016761761e-02
3.010999999999999943e+01 -1.226141509067929514e-02 1.101594849907623574e+00 -1.549874822381094863e-02
3.012000000000000099e+01 -1.467513436502512238e-02 1.221645636661590650e+00 -3.957766419971502775e-02
3.012999999999999901e+01 -1.856569926138366272e-02 1.960109563570833435e+00 2.593098322815670653e-02
3.014000000000000057e+01 -2.429252075080417031e-02 2.062949775159319543e+00 7.685573054639810442e-02
3.015000000000000213e+01 -2.877722943943414671e-02 1.030477552314325917e+00 -6.085457197641641613e-03
3.016000000000000014e+01 -3.069156492421994467e-02 1.080682441929363247e+00 -5.535079700925893409e-02
3.017000000000000171e+01 -3.418239094560261010e-02 1.864759627797690111e+00 6.784255259832991380e-03
3.017999999999999972e+01 -3.941481798037237833e-02 1.560235158734929684e+00 1.923614661553785243e-02
3.019000000000000128e+01 -4.271373302699394553e-02 7.989930240057894206e-01 -5.808480179627289325e-02
3.019999999999999929e+01 -4.537586978348908534e-02 2.312793571354950117e+00 4.642938557052073145e-02
3.021000000000000085e+01 -5.144319150118292772e-02 1.216071687587360062e+00 8.465036591122271359e-03
3.021999999999999886e+01 -5.420586198656417859e-02 1.817065548178205647e+00 3.134844739872985619e-02
3.023000000000000043e+01 -5.861220060585997649e-02 1.217278062842533704e+00 -9.386250933727996459e-03
3.024000000000000199e+01 -6.150296804497175363e-02 1.453315655373062176e+00 -1.226255047838438472e-02
3.025000000000000000e+01 -6.506345849166386697e-02 9.467424719688208867e-01 -5.797289322351317775e-02
3.026000000000000156e+01 -6.839551158279041920e-02 2.578041364256649537e+00 7.832416721169185858e-02
3.026999999999999957e+01 -7.425035672828253497e-02 3.283227370404132595e-01 -6.052857850089102265e-02
3.028000000000000114e+01 -7.466060661891281425e-02 1.429066411228381739e+00 -5.012595377414344466e-02
3.028999999999999915e+01 -7.905321624092512267e-02 1.393478241390178507e+00 -2.729094938315272667e-02
3.030000000000000071e+01 -8.347981849487308426e-02 2.508389877374425314e+00 9.461058984891132506e-02
3.031000000000000227e+01 -8.908746309753964865e-02 9.947010620580462037e-01 1.037639864401999901e-02
3.032000000000000028e+01 -9.055440200598517675e-02 8.371226705310745864e-01 -7.076670467017649735e-02
3.033000000000000185e+01 -9.379457897817208845e-02 2.574968462250282197e+00 6.790639984836008280e-02
3.033999999999999986e+01 -9.974915072475831757e-02 5.526998101897288018e-01 -4.193182058396571765e-02
3.035000000000000142e+01 -1.004793749582709728e-01 8.424559490393600525e-01 -9.581030505829774002e-02
3.035999999999999943e+01 -1.039526449051481616e-01 2.423031136931726781e+00 4.645662613011108943e-02
3.037000000000000099e+01 -1.103435928001312155e-01 1.991795786288861558e+00 9.233301032640225947e-02
3.037999999999999901e+01 -1.145144461651620149e-01 1.804187651284498317e+00 7.896365343517597335e-02
3.039000000000000057e+01 -1.173801314121942496e-01 2.176406799824289751e-01 -9.245858848100414751e-02
3.040000000000000213e+01 -1.185297176535545643e-01 2.033296570934171488e+00 -7.621729266932802949e-03
3.041000000000000014e+01 -1.236753406583975395e-01 7.454187840674244558e-01 -6.182446290867016359e-02
3.042000000000000171e+01 -1.256713370379976824e-01 1.408607092754130097e+00 -3.933877557783301004e-02
3.042999999999999972e+01 -1.293226570312007717e-01 9.653396401774806401e-01 -6.254177039685988870e-02
3.044000000000000128e+01 -1.325651403020326191e-01 2.337019433103587840e+00 5.680841992930171780e-02
3.044999999999999929e+01 -1.376250534381086021e-01 6.036397507779504013e-01 -4.395276758126405448e-02
3.046000000000000085e+01 -1.396727825278501200e-01 2.741500220244070807e+00 9.317272316843155933e-02
3.046999999999999886e+01 -1.455859631787043418e-01 9.188413436794407030e-01 4.984454411466707202e-03
3.048000000000000043e+01 -1.474176428289047658e-01 1.720160404896551087e+00 1.441416941199077928e-02
3.049000000000000199e+01 -1.516961110073248853e-01 1.969985948952903021e+00 5.756790480527881892e-02
3.050000000000000000e+01 -1.557909932915960971e-01 1.519426910762935012e+00 3.613316860584825374e-02
3.051000000000000156e+01 -1.591000151121199080e-01 2.069680682466250587e+00 7.245554097248632641e-02
3.051999999999999957e+01 -1.627214614254960945e-01 3.451244100813426474e-01 -7.453275556845964656e-02
3.053000000000000114e+01 -1.640158658654957691e-01 1.980910999147189822e+00 -8.879707076057813397e-04
3.053999999999999915e+01 -1.687121758689693607e-01 1.444216689578312396e+00 9.495435921187581063e-03
3.055000000000000071e+01 -1.713993191940946514e-01 6.087580592798236268e-01 -7.817157448000354447e-02
3.056000000000000227e+01 -1.736510721035444127e-01 2.384327781356640585e+00 4.652402059398841327e-02
3.057000000000000028e+01 -1.785865388409183796e-01 9.780720283674120274e-01 -9.201583337139676577e-03
3.058000000000000185e+01 -1.807576210785137860e-01 1.817684901506925854e+00 2.403061974344833374e-02
3.058999999999999986e+01 -1.848505700264620188e-01 2.035624037680100251e+00 7.267391042745874330e-02
3.060000000000000142e+01 -1.886391738248709149e-01 1.493762199426695636e+00 4.168694522973959149e-02
3.060999999999999943e+01 -1.915537971504898684e-01 1.868308741560555486e+00 5.422677424572169835e-02
3.062000000000000099e+01 -1.948069684046912220e-01 7.844850958301811117e-01 -4.143682460447115773e-02
3.062999999999999901e+01 -1.967571831848183572e-01 1.661287517851331774e+00 -1.054705339031576650e-02
3.064000000000000057e+01 -2.006659818366101633e-01 2.301136258064513385e+00 8.464051900433677833e-02
3.065000000000000213e+01 -2.044725462223048740e-01 7.232479285548990555e-01 -2.219599631036923981e-02
3.066000000000000014e+01 -2.060423726738501160e-01 1.641318847751775278e+00 -5.761911705273320417e-03
3.067000000000000171e+01 -2.092289280554698039e-01 7.006217590095950021e-01 -7.398386632873353574e-02
3.067999999999999972e+01 -2.114675580067008620e-01 2.204926041507129675e+00 3.382183655434362057e-02
3.069000000000000128e+01 -2.153883471830167207e-01 5.926031521930783530e-01 -5.475043764528129270e-02
3.069999999999999929e+01 -2.168887022846377188e-01 1.138443629846864091e+00 -6.709523170857353835e-02
3.071000000000000085e+01 -2.200135127607318608e-01 2.501461349430356584e+00 7.389100437171075564e-02
3.071999999999999886e+01 -2.240479151955554471e-01 2.794214585424574793e-01 -6.461911598190425710e-02
3.073000000000000043e+01 -2.252919977652360350e-01 2.117017311802308566e+00 1.784805987093288082e-02
3.074000000000000199e+01 -2.290734769903535473e-01 7.881818215375835379e-01 -4.676591377841776698e-02
3.075000000000000000e+01 -2.310795332326373019e-01 1.722640268855921697e+00 -3.218118245658180276e-03
3.076000000000000156e+01 -2.345927671607604126e-01 2.252710721401168570e+00 8.347748471729110609e-02
3.076999999999999957e+01 -2.381116305647408560e-01 1.532329923508423342e+00 5.481392121836151099e-02
3.078000000000000114e+01 -2.406104305797264753e-01 1.811558581516479416e+00 5.355145976974970412e-02
3.078999999999999915e+01 -2.432019327597902680e-01 4.137580268300743436e-01 -8.148678060099925902e-02
3.080000000000000071e+01 -2.446625394325548375e-01 1.214858482202803680e+00 -7.859462985334042529e-02
3.081000000000000227e+01 -2.475446875825717818e-01 2.336549784456518619e+00 5.417034698593112263e-02
3.082000000000000028e+01 -2.510718530905760026e-01 9.903572171783384670e-01 -4.288774900048170080e-03
3.083000000000000185e+01 -2.530557342745309302e-01 2.264920048763235716e+00 6.933193115823463315e-02
3.083999999999999986e+01 -2.561653862202112331e-01 8.066320261686932280e-01 -2.490089361844574634e-02
3.085000000000000142e+01 -2.579568283080094782e-01 1.967460065682355319e+00 2.583881093130643847e-02
3.085999999999999943e+01 -2.608082045123043535e-01 8.076159634430803980e-01 -4.648375253433616877e-02
3.087000000000000099e+01 -2.626226400423722906e-01 1.567062626301425787e+00 -1.979401854548461237e-02
3.087999999999999901e+01 -2.652452324011464468e-01 1.503142097300639968e+00 -3.441358862960874898e-04
3.089000000000000057e+01 -2.675187248126442152e-01 7.796392102113691713e-01 -6.504480775908480505e-02
3.090000000000000213e+01 -2.693758822505767925e-01 1.608668886159750677e+00 -2.266917971809093157e-02
3.091000000000000014e+01 -2.719000787753969584e-01 1.208982433418470226e+00 -2.883567097495379206e-02
3.092000000000000171e+01 -2.739669189126033300e-01 1.077442340681622923e+00 -5.186062855570108820e-02
3.092999999999999972e+01 -2.761473851728416529e-01 2.248565591299574784e+00 5.184289157641777668e-02
3.094000000000000128e+01 -2.788888099158446376e-01 1.313786585119034900e+00 2.130518491889195343e-02
3.094999999999999929e+01 -2.807953451921909038e-01 1.294025052324945912e+00 -1.334189066353197450e-02
3.096000000000000085e+01 -2.828321386884206645e-01 1.732024159391490459e+00 1.483770663917986787e-02
3.097000000000000242e+01 -2.850689226421650457e-01 1.264093034531016180e+00 -1.051275514048211068e-02
3.098000000000000043e+01 -2.869590125418279847e-01 1.218595967893703280e+00 -3.357703224331454184e-02
3.099000000000000199e+01 -2.888260207327444373e-01 1.089904478750964856e+00 -5.573091850168703648e-02
3.100000000000000000e+01 -2.907766636933475368e-01 2.147834478302393713e+00 3.988396288573384241e-02
3.101000000000000156e+01 -2.929459609176383594e-01 1.838041506646076462e-01 -9.733402375172456322e-02
3.101999999999999957e+01 -2.942686257277083994e-01 1.291782884533270837e+00 -7.968948259829984615e-02
3.103000000000000114e+01 -2.962447740697107812e-01 1.928247022978448078e+00 1.345258023691615901e-02
3.103999999999999915e+01 -2.983038892561819533e-01 8.620377276464732397e-01 -4.215586306229762020e-02
3.105000000000000071e+01 -2.998670949830554711e-01 1.316974189017486863e+00 -4.255405380371040519e-02
3.106000000000000227e+01 -3.016683303152013496e-01 2.210299509573625532e+00 5.373901643901177194e-02
3.107000000000000028e+01 -3.036460155099063862e-01 2.110128476957273236e+00 9.830909389952655064e-02
3.108000000000000185e+01 -3.053917500521436401e-01 1.070492078367581312e+00 6.401091619412824230e-03
3.108999999999999986e+01 -3.068146272510373640e-01 5.922693404348158275e-01 -9.948328728224481443e-02
3.110000000000000142e+01 -3.083191813263321812e-01 2.269616253054949073e+00 2.028078667646024402e-02
3.110999999999999943e+01 -3.100054609708821629e-01 1.738775821065225990e+00 5.117274073208016860e-02
3.112000000000000099e+01 -3.115742107165080932e-01 5.788025531831885173e-01 -6.372964117106502679e-02
3.112999999999999901e+01 -3.129187395881904976e-01 1.405357489237740509e+00 -5.141625612767955489e-02
3.114000000000000057e+01 -3.143295002966337015e-01 1.095224587771120417e+00 -5.831488609159243830e-02
3.115000000000000213e+01 -3.157478786700587126e-01 2.316112836992274104e+00 5.683700738171901246e-02
3.116000000000000014e+01 -3.170471386311172757e-01 1.944188067270356202e+00 8.621698820838563648e-02
3.117000000000000171e+01 -3.184210054250731226e-01 1.686669943430437524e+00 6.050604222539626709e-02
3.117999999999999972e+01 -3.196425262874294515e-01 1.030938810144071072e+00 -2.323088795553981956e-02
3.119000000000000128e+01 -3.208564432855280368e-01 2.271366798226498673e+00 5.622056902193170447e-02
3.119999999999999929e+01 -3.219356757469569730e-01 1.216804095000128205e+00 9.161030391422173014e-03
3.121000000000000085e+01 -3.232000091589102286e-01 1.326201005189365345e+00 -1.805760291559084518e-02
3.122000000000000242e+01 -3.242673608441424271e-01 1.504391508950094769e+00 -8.722197991113136983e-03
3.123000000000000043e+01 -3.253508777711993094e-01 7.586104849211871004e-01 -7.324576794200876595e-02
3.124000000000000199e+01 -3.264376083779809701e-01 2.832434422099105564e+00 9.435446020112223109e-02
3.125000000000000000e+01 -3.269537651619964791e-01 1.478421518743695318e+00 6.470273171544116408e-02
3.126000000000000156e+01 -3.281495798971312272e-01 6.540611583211262126e-01 -5.829540384439377970e-02
3.126999999999999957e+01 -3.292135757427621101e-01 2.193923913472708431e+00 2.898284337736212191e-02
3.128000000000000114e+01 -3.297925662850433870e-01 4.230712502192092717e-01 -7.895572339011998342e-02
3.128999999999999915e+01 -3.311619408608790227e-01 1.151768796439579523e+00 -8.096644177684436672e-02
3.130000000000000071e+01 -3.318063387051083390e-01 1.107798905505361420e+00 -7.068819907887283205e-02
3.131000000000000227e+01 -3.326061479877938654e-01 1.903370064820871566e+00 1.406015491103743131e-02
3.132000000000000028e+01 -3.330435625017498791e-01 9.280805338002116045e-01 -3.619877682287774012e-02
3.133000000000000185e+01 -3.338609113107217086e-01 2.388171998557232723e+00 6.728160660637647061e-02
3.133999999999999986e+01 -3.338749973719303821e-01 1.261853819406255184e+00 2.155279172217743067e-02
3.135000000000000142e+01 -3.346055951043350740e-01 2.178585296368826807e+00 7.122892668874120092e-02
3.135999999999999943e+01 -3.345452911549150476e-01 2.042878813000144511e+00 9.264178374287501683e-02
3.137000000000000099e+01 -3.351036507803651920e-01 2.773813471673720610e-01 -7.737538589990844429e-02
3.137999999999999901e+01 -3.363640830305164031e-01 1.707088720580807850e+00 -3.504918547395806383e-02
3.139000000000000057e+01 -3.362898565347891555e-01 1.363347779515567959e+00 -1.997807182921293445e-02
3.140000000000000213e+01 -3.367927148776479473e-01 1.270425973249015517e+00 -2.682957021306718592e-02
3.141000000000000014e+01 -3.372612360051158720e-01 1.076620837862496849e+00 -5.216821535862470327e-02
3.142000000000000171e+01 -3.375689796277639432e-01 2.156971751334360921e+00 4.144622010509688148e-02
3.142999999999999972e+01 -3.373178427287337189e-01 5.186996250212562165e-01 -6.421065599779973709e-02
3.144000000000000128e+01 -3.382017423787017085e-01 2.324092606724670329e+00 4.087720119156440512e-02
3.144999999999999929e+01 -3.374322980066877253e-01 9.301790547659750663e-01 -2.223736328043797450e-02
3.146000000000000085e+01 -3.381308346676054621e-01 1.732565387843337357e+00 5.971350659209534451e-03
3.147000000000000242e+01 -3.376799910802167903e-01 1.733505964978268032e+00 3.128707546687214958e-02
3.148000000000000043e+01 -3.374540843820972302e-01 1.614246256829192205e+00 2.966492729092776170e-02
3.149000000000000199e+01 -3.375566217428883076e-01 8.383571193502719066e-01 -5.184592523982827633e-02
3.150000000000000000e+01 -3.380149833855695118e-01 1.756672432407342832e+00 -6.796343771166626913e-03
3.151000000000000156e+01 -3.374370642770639916e-01 1.117245973991570995e+00 -3.263877451723139200e-02
3.151999999999999957e+01 -3.373401476838840951e-01 2.628068523050493877e+00 9.581821214536972997e-02
3.153000000000000114e+01 -3.358960940669700745e-01 1.148785139497357388e+00 2.581918173025479768e-02
3.153999999999999915e+01 -3.365748643654756789e-01 1.137003318430201970e+00 -3.376010647863628145e-02
3.155000000000000071e+01 -3.366023943713031819e-01 1.209425013339298305e+00 -5.004335992154256701e-02
3.156000000000000227e+01 -3.365834004232057253e-01 7.372464204120098286e-01 -9.736878795265176134e-02
3.157000000000000028e+01 -3.369609251659380633e-01 1.119990130418886620e+00 -8.406653037521819027e-02
3.158000000000000185e+01 -3.361122038289426905e-01 2.453211291682828143e+00 6.242542635632555847e-02
3.158999999999999986e+01 -3.346131321602736075e-01 4.806974169014735510e-01 -5.204009552229902497e-02
3.160000000000000142e+01 -3.353856218996688066e-01 2.166975318850910881e+00 2.844146318379203731e-02
3.160999999999999943e+01 -3.332262954273323974e-01 2.161806752531071130e+00 9.021631752240452662e-02
3.162000000000000099e+01 -3.324755710266299458e-01 2.531384993560533703e-01 -7.583034590688875198e-02
3.162999999999999901e+01 -3.331857749574111960e-01 2.934957772237524409e+00 8.683881137823593055e-02
3.164000000000000057e+01 -3.304448405528362387e-01 2.563693227699677668e-01 -6.208133332744145833e-02
3.165000000000000213e+01 -3.315017473125441150e-01 2.751170573977457234e+00 7.704900055041269402e-02
3.166000000000000014e+01 -3.284668533072579999e-01 1.418485352163393998e+00 4.572839066924530571e-02
3.167000000000000171e+01 -3.281928719361781877e-01 1.987340877925186877e+00 6.422122427785978416e-02
3.167999999999999972e+01 -3.269731749332794868e-01 8.949088049186206817e-01 -2.881437257083761805e-02
3.169000000000000128e+01 -3.273236436130328997e-01 1.318622010430033908e+00 -4.206019930964577380e-02
3.169999999999999929e+01 -3.260911363376002847e-01 1.864377922967461298e+00 1.833991431580531128e-02
3.171000000000000085e+01 -3.244641036174403803e-01 1.551390054172102850e+00 2.363873042626651877e-02
3.172000000000000242e+01 -3.233065835747422345e-01 2.096938337469217650e+00 7.196442693984403394e-02
3.173000000000000043e+01 -3.219414326394986481e-01 3.386175296301104920e-01 -7.564102731803755419e-02
3.174000000000000199e+01 -3.228400119782168232e-01 1.826341170593874130e+00 -1.901827316323076444e-02
3.175000000000000000e+01 -3.207157116069555003e-01 9.200942815067886249e-01 -5.498950670705980009e-02
3.176000000000000156e+01 -3.205037629265521382e-01 1.477851761586319368e+00 -2.859475781136884553e-02
3.176999999999999957e+01 -3.190671321168381813e-01 1.085860850864629690e+00 -4.728294938805375353e-02
3.178000000000000114e+01 -3.185471635914111088e-01 9.444833690755986000e-01 -7.602367943050636345e-02
3.178999999999999915e+01 -3.177239248414955863e-01 1.458700433387514206e+00 -3.892641698206775885e-02
3.180000000000000071e+01 -3.153354715637503580e-01 2.597545784194809748e+00 9.897938950096987765e-02
3.181000000000000227e+01 -3.120277203646167896e-01 1.254226294228711236e+00 3.843963946251430230e-02
3.182000000000000028e+01 -3.116289251210825895e-01 1.598971301472580153e+00 1.802597211719428327e-02
3.183000000000000185e+01 -3.095718435231293864e-01 2.049983282884284996e+00 6.003177605119824900e-02
3.183999999999999986e+01 -3.071173946421469902e-01 1.463834422454861839e+00 2.878931673904724931e-02
3.185000000000000142e+01 -3.061136960859923151e-01 1.339768433947007731e+00 -7.186094779939727895e-03
3.185999999999999943e+01 -3.047875581934834099e-01 1.602685070428671033e+00 3.269968620371127566e-03
3.187000000000000099e+01 -3.033470930298756141e-01 5.439766392153961849e-01 -9.031530213464022960e-02
3.187999999999999901e+01 -3.029199091259920373e-01 2.497492008145952624e+00 4.872550084970991846e-02
3.189000000000000057e+01 -2.990222466857816452e-01 7.824028190767312596e-01 -2.855906930885261652e-02
3.190000000000000213e+01 -2.987464456903027865e-01 2.390982859024865181e+00 6.663511335272354064e-02
3.191000000000000014e+01 -2.951692836619801974e-01 8.835564890166894836e-01 -1.745713753060847140e-02
3.192000000000000171e+01 -2.947918600164754488e-01 2.048078519123953889e+00 3.633775654224341567e-02
3.192999999999999972e+01 -2.916981183206886485e-01 1.119989480010540550e+00 -1.277410669433801105e-02
3.194000000000000128e+01 -2.911969313088194067e-01 9.142796392788221649e-01 -6.891245086084528404e-02
3.194999999999999929e+01 -2.898873610449884675e-01 1.897033876232361527e+00 3.841883830665859811e-03
3.196000000000000085e+01 -2.861073158040335906e-01 2.296269802421773587e+00 9.296956846935391927e-02
3.197000000000000242e+01 -2.833465775649132712e-01 4.437086191516734224e-01 -5.080948395524529509e-02
3.198000000000000043e+01 -2.842081744822533285e-01 1.288478578655646523e+00 -6.175877272856900024e-02
3.199000000000000199e+01 -2.811437555006207067e-01 2.453715725228336808e+00 6.863244004418797561e-02
3.200000000000000000e+01 -2.771627706860438911e-01 7.573631502473002763e-01 -2.395590224211383013e-02
3.200999999999999801e+01 -2.770936680298969890e-01 1.744293531267061104e+00 2.155520909666891471e-03
3.202000000000000313e+01 -2.738058346694977607e-01 1.560795629431442677e+00 1.238493813902821761e-02
3.203000000000000114e+01 -2.714625798463777273e-01 1.580797762219228186e+00 1.630971481131840428e-02
3.203999999999999915e+01 -2.687514749676638837e-01 2.028048773446032182e+00 6.139470609344943597e-02
3.204999999999999716e+01 -2.657351400733251601e-01 9.701641083974308355e-01 -1.842850916811118733e-02
3.206000000000000227e+01 -2.648781299968819836e-01 1.691724469620022875e+00 1.269918035268907675e-03
3.207000000000000028e+01 -2.622477843026009281e-01 6.057461929073507667e-01 -8.343264313519740960e-02
3.207999999999999829e+01 -2.610697404817977074e-01 2.721838391833540260e+00 7.531576915616122747e-02
3.209000000000000341e+01 -2.553107739784331032e-01 1.276113279918601018e+00 3.460546472257530759e-02
3.210000000000000142e+01 -2.545809349547156208e-01 1.059281761868023253e+00 -3.325475547150887057e-02
3.210999999999999943e+01 -2.532768079504442715e-01 1.072370010656208628e+00 -6.451332619281480163e-02
3.211999999999999744e+01 -2.509508377623602127e-01 1.861075294651521439e+00 5.818823351927029930e-03
3.213000000000000256e+01 -2.475731578154361789e-01 6.976079933116724474e-01 -6.504984658797616226e-02
3.214000000000000057e+01 -2.468583146077335255e-01 1.594766328218323537e+00 -2.688442926943222788e-02
3.214999999999999858e+01 -2.430955198461271227e-01 1.643040148803224465e+00 9.893218486313332116e-03
3.216000000000000369e+01 -2.400246118792171701e-01 1.370250366535445297e+00 -2.036215689128012540e-03
3.217000000000000171e+01 -2.375497909309804423e-01 1.625147023247222045e+00 1.092752033298378944e-02
3.217999999999999972e+01 -2.336949287369045059e-01 2.429427655277934583e+00 9.969447842651377178e-02
3.218999999999999773e+01 -2.295960687742047701e-01 3.610580538597559785e-01 -5.692684556595750678e-02
3.220000000000000284e+01 -2.300110921060622704e-01 1.852262357616502264e+00 -1.092581275040087341e-02
3.221000000000000085e+01 -2.259840626642166395e-01 5.659432157680637232e-01 -8.925863491759521151e-02
3.221999999999999886e+01 -2.246238521576812974e-01 2.608774343742104040e+00 6.192927370286524513e-02
3.223000000000000398e+01 -2.184304884698370641e-01 1.174552536418142390e+00 1.711208231727731621e-02
3.224000000000000199e+01 -2.165870957343541126e-01 2.341128550152701493e+00 8.519961744958925998e-02
3.225000000000000000e+01 -2.116077783742048302e-01 1.343578903772190802e+00 3.153069419398951689e-02
3.225999999999999801e+01 -2.098844779050510201e-01 1.383517035381957916e+00 -4.779300620197018956e-03
3.227000000000000313e+01 -2.070680911335068264e-01 1.618521502251675681e+00 5.967385429532234831e-03
3.228000000000000114e+01 -2.037917482722148566e-01 1.343266366386621113e+00 -9.725423272205976910e-03
3.228999999999999915e+01 -2.014379611681208493e-01 1.210522958640693592e+00 -3.324131571862368184e-02
3.229999999999999716e+01 -1.986908131647177611e-01 1.867249192614953923e+00 2.090849673478552273e-02
3.231000000000000227e+01 -1.946491412059594139e-01 1.143392970805592990e+00 -1.660946813143468481e-02
3.232000000000000028e+01 -1.921676799344988473e-01 2.252497262857910076e+00 6.410510536555288907e-02
3.232999999999999829e+01 -1.866801410480293522e-01 1.830752747495138166e+00 7.364742937743612439e-02
3.234000000000000341e+01 -1.839202295155107081e-01 8.249422268046627815e-01 -3.241860217077385808e-02
3.235000000000000142e+01 -1.824063307234130571e-01 2.158915282255708501e+00 3.834000574498022673e-02
3.235999999999999943e+01 -1.773218853116961535e-01 1.069032198469215267e+00 -1.384497928136738110e-02
3.236999999999999744e+01 -1.760132758762186223e-01 1.094338057024809352e+00 -5.131803595011970309e-02
3.238000000000000256e+01 -1.725612658279311040e-01 2.735717969448669962e+00 9.788070852944494304e-02
3.239000000000000057e+01 -1.666793015984356918e-01 3.094212276098406988e-01 -5.237686606231395370e-02
3.239999999999999858e+01 -1.669343016411141412e-01 2.243194324651440752e+00 3.205899893453462157e-02
3.241000000000000369e+01 -1.606379649734995252e-01 1.742001320176556511e+00 5.249071027429039193e-02
3.242000000000000171e+01 -1.571957130181849405e-01 1.613405645003019417e+00 3.898084606313309552e-02
3.242999999999999972e+01 -1.546909855592182303e-01 4.972627321329519678e-01 -8.232582933545024018e-02
3.243999999999999773e+01 -1.539036676246808844e-01 1.572064824013009510e+00 -4.278764206268181880e-02
3.245000000000000284e+01 -1.489602302638067255e-01 1.966472613050399998e+00 3.667304989536770976e-02
3.246000000000000085e+01 -1.448283526355535755e-01 7.064899961640466186e-01 -4.896252265920095909e-02
3.246999999999999886e+01 -1.428637087879424949e-01 2.754876835049723915e+00 9.365890619603736700e-02
3.248000000000000398e+01 -1.360698662406569781e-01 7.495808389572166108e-01 -1.157976501598775854e-02
3.249000000000000199e+01 -1.353206818203433748e-01 1.786547899986261845e+00 1.043174632124130308e-02
3.250000000000000000e+01 -1.306053683319648162e-01 1.406602013679139951e+00 7.532209752580676376e-04
3.250999999999999801e+01 -1.275593366763638215e-01 1.349126967149024692e+00 -1.370491109184016065e-02
3.252000000000000313e+01 -1.243138260241878207e-01 1.486318406578021056e+00 -6.907978189593433349e-03
3.253000000000000114e+01 -1.199720177024965195e-01 2.336887412120096652e+00 8.343874957546215665e-02
3.253999999999999915e+01 -1.153313362734658815e-01 2.635347949333274181e-02 -9.531646022987561029e-02
3.254999999999999716e+01 -1.150917347581249250e-01 3.094654757948243962e+00 9.395510801746842500e-02
3.256000000000000227e+01 -1.071971073716644768e-01 1.889153101324068246e-02 -7.707847620986701953e-02
3.257000000000000028e+01 -1.082583450547368042e-01 1.918874349523281619e+00 -1.389739648641138969e-02
3.257999999999999829e+01 -1.020297296120954295e-01 1.830616708279164007e+00 3.851904219957533182e-02
3.259000000000000341e+01 -9.746380364211733316e-02 1.841370569237766208e+00 6.005382033028336397e-02
3.260000000000000142e+01 -9.327214578714307369e-02 1.508652041921798137e+00 3.159692842928940593e-02
3.260999999999999943e+01 -9.008276215367128081e-02 1.364689986103244435e+00 -1.961593316501503148e-03
3.261999999999999744e+01 -8.622414620402907293e-02 2.320972567522816554e+00 7.806911632301202775e-02
3.263000000000000256e+01 -8.081987217738263729e-02 8.925693702322787804e-01 -1.305376088057016992e-02
3.264000000000000057e+01 -7.971762597569279074e-02 1.154915898077620406e+00 -5.051781245807356741e-02
3.264999999999999858e+01 -7.579241348110941912e-02 2.309271695619816711e+00 5.616926371329625245e-02
3.266000000000000369e+01 -6.990499866387321626e-02 1.204705689623660092e+00 1.289708798244312837e-02
3.267000000000000171e+01 -6.816526567404287973e-02 7.436729792609813039e-01 -7.314553794956453470e-02
3.267999999999999972e+01 -6.607581856926474095e-02 1.568383398435110987e+00 -3.403653719951744983e-02
3.268999999999999773e+01 -6.183186996151091713e-02 7.321094122921014691e-01 -8.214263398631899138e-02
3.270000000000000284e+01 -5.941754367948232085e-02 1.981066463525889665e+00 8.253763896550012080e-03
3.271000000000000085e+01 -5.419356511656860109e-02 6.026555252883437630e-01 -7.001237951138430948e-02
3.271999999999999886e+01 -5.214498164251901019e-02 2.331064411194136099e+00 4.317791837985054948e-02
3.273000000000000398e+01 -4.550145268532693188e-02 1.243159016391722549e+00 1.110147800800367901e-02
3.274000000000000199e+01 -4.213445363599513382e-02 2.434687885117557293e+00 9.421562840677841222e-02
3.275000000000000000e+01 -3.687085416244176989e-02 -2.389383773663479246e-02 -9.767175715278209047e-02
3.275999999999999801e+01 -3.668539102145549485e-02 2.621390360001304209e+00 4.322227963302033293e-02
3.277000000000000313e+01 -2.939143557991067898e-02 4.941521884465664982e-01 -5.926400346979039668e-02
3.278000000000000114e+01 -2.904809782777066640e-02 9.510618454025312474e-01 -9.310407129927684988e-02
3.278999999999999915e+01 -2.501862226832691008e-02 2.190969156476909596e+00 2.563418134438816276e-02
3.279999999999999716e+01 -1.885529512356996437e-02 1.294133448293663058e+00 9.143071887136783316e-03
3.281000000000000227e+01 -1.612409832258336270e-02 1.075198175704021875e+00 -3.952678366194422449e-02
3.282000000000000028e+01 -1.284542994918466685e-02 1.744040327118704159e+00 1.466007943066144348e-03
3.282999999999999829e+01 -8.437161722610440548e-03 5.256611960831850672e-01 -8.898182596949932854e-02
3.284000000000000341e+01 -6.539641494478575824e-03 1.857828362592801819e+00 -1.456418814733977107e-02
3.285000000000000142e+01 -6.262157718748247517e-04 1.599432189727734821e+00 1.537158614814608526e-02
3.285999999999999943e+01 3.887621920539843529e-03 2.140053954948808457e+00 7.494206987236615158e-02
3.286999999999999744e+01 9.540778110766784392e-03 1.787776025634003618e+00 6.943610737977154446e-02
3.288000000000000256e+01 1.370653087406429813e-02 1.805383660295810877e+00 5.944310026226537480e-02
3.289000000000000057e+01 1.840905174833848412e-02 2.103862066785834539e+00 8.439871498193168842e-02
3.289999999999999858e+01 2.290773041056620024e-02 9.268418508499779440e-01 -1.638330821271431759e-02
3.291000000000000369e+01 2.490763293284697574e-02 1.599296956771289580e+00 -1.019008956426641077e-02
3.292000000000000171e+01 2.869417832028698170e-02 5.242198850357070450e-01 -9.816074822523440657e-02
3.292999999999999972e+01 3.063333004861719736e-02 1.940714076164333779e+00 -8.532532210339643930e-03
3.293999999999999773e+01 3.627412107734740571e-02 1.399174900330673488e+00 1.818943869038774919e-03
3.295000000000000284e+01 3.974121575506048970e-02 1.565881478673687210e+00 1.103632215220488877e-02
3.296000000000000085e+01 4.434523567617452977e-02 2.332306916229813787e+00 9.074356225317056768e-02
3.296999999999999886e+01 4.912197176570893414e-02 1.316686035094738472e-01 -8.354934234962006767e-02
3.298000000000000398e+01 4.945268589776808527e-02 1.710234497618029037e+00 -3.788098294594639814e-02
3.299000000000000199e+01 5.482700546569643091e-02 1.421893446774281866e+00 -1.480570435419073516e-02
3.300000000000000000e+01 5.899391238964166173e-02 2.167131601285484432e+00 6.540829098870323821e-02
3.300999999999999801e+01 6.429516592363149208e-02 1.390886504110260047e+00 3.063263413645819777e-02
3.302000000000000313e+01 6.771216020373087285e-02 2.014015930032418744e+00 6.093878084011494778e-02
3.303000000000000114e+01 7.191997838299621360e-02 3.717522464162497098e-01 -7.952476203696877410e-02
3.303999999999999915e+01 7.311408781831958692e-02 1.683229125970151729e+00 -3.377834781098372485e-02
3.304999999999999716e+01 7.764157911369704013e-02 5.800612099896168550e-01 -9.641360970707489597e-02
3.306000000000000227e+01 8.042901308768544977e-02 2.835540317816680478e+00 8.470215576816247927e-02
3.307000000000000028e+01 8.760928566190066824e-02 1.291763693728856355e+00 4.381622428719936235e-02
3.307999999999999829e+01 8.987964965727117395e-02 1.070545022215796838e+00 -2.796297514743750767e-02
3.309000000000000341e+01 9.293871136788130205e-02 1.713132225143151555e+00 9.734018092458079918e-04
3.310000000000000142e+01 9.693027871142427532e-02 4.426594126558512365e-01 -9.805063514271612768e-02
3.310999999999999943e+01 9.923202727152020952e-02 2.615574117572011303e+00 5.670210594046168340e-02
3.311999999999999744e+01 1.062141526497558663e-01 1.852691901702258725e+00 8.362536075223522825e-02
3.313000000000000256e+01 1.094616511201754738e-01 5.941803458701402363e-01 -4.855698056417830089e-02
3.314000000000000057e+01 1.115274752102561467e-01 2.287357822140905217e+00 4.034405715183325691e-02
3.314999999999999858e+01 1.171836677173082875e-01 1.199726876302698919e+00 2.485499560446344236e-03
3.316000000000000369e+01 1.200887468376656553e-01 1.859037162561214762e+00 3.335438209884955540e-02
3.317000000000000171e+01 1.244991174346514601e-01 1.434700978555099482e+00 1.450002077289962166e-02
3.317999999999999972e+01 1.278105664361002258e-01 1.491943344263661819e+00 5.048061189785332803e-03
3.318999999999999773e+01 1.315052750243748958e-01 1.649267760316424303e+00 1.816244972940098124e-02
3.320000000000000284e+01 1.349016315676353217e-01 5.834575410563959119e-01 -7.860460281371979552e-02
3.321000000000000085e+01 1.365887692142526422e-01 1.121033074920516404e+00 -8.232277940200641297e-02
3.321999999999999886e+01 1.401851877661966228e-01 1.453010393770315600e+00 -3.734775379503499360e-02
3.323000000000000398e+01 1.437069658179560006e-01 7.387043255993019919e-01 -8.222328182144474085e-02
3.324000000000000199e+01 1.462720161480035030e-01 1.650381610755537132e+00 -2.431745721582015407e-02
3.325000000000000000e+01 1.503222808486510964e-01 6.550972124281734255e-01 -8.368406567727411371e-02
3.325999999999999801e+01 1.525309565062565320e-01 1.256857167777375439e+00 -6.677248265218643786e-02
3.327000000000000313e+01 1.567340666881719691e-01 2.163183474217067026e+00 4.109710042454975398e-02
3.328000000000000114e+01 1.611136895881480346e-01 1.977181614710915025e-01 -9.517006844587461156e-02
3.328999999999999915e+01 1.627841105917409437e-01 2.281860287008916188e+00 1.777865135125933360e-02
3.329999999999999716e+01 1.681708441851535174e-01 9.503368295237850649e-01 -3.015479076835454741e-02
3.331000000000000227e+01 1.709628680840183657e-01 2.206444567777337440e+00 5.035368307702572932e-02
3.332000000000000028e+01 1.760718575886139337e-01 1.774629500833383666e+00 6.023637882978524760e-02
3.332999999999999829e+01 1.791256195395299067e-01 4.532290958924042878e-01 -7.683988031034649779e-02
3.334000000000000341e+01 1.810613672662833018e-01 1.823999655896550554e+00 -2.005200849965518839e-02
3.335000000000000142e+01 1.854062888354729155e-01 1.203786764350574412e+00 -2.910474509375986230e-02
3.335999999999999943e+01 1.885176092040520279e-01 1.910541476128897243e+00 2.751482162689783406e-02
3.336999999999999744e+01 1.924040593033831126e-01 9.395428159562029258e-01 -3.519271078043249845e-02
3.338000000000000256e+01 1.950456127082133284e-01 2.032250871806221770e+00 2.934183590161151822e-02
3.339000000000000057e+01 1.995606543937376021e-01 1.944808484810016447e+00 6.650536221070654785e-02
3.339999999999999858e+01 2.029264533730116282e-01 8.243584944619541943e-01 -3.280588121362178200e-02
3.341000000000000369e+01 2.052327233461798683e-01 1.954843864478075233e+00 1.774196897203772494e-02
3.342000000000000171e+01 2.094853963400297725e-01 1.977275847292734756e+00 6.332822239617150184e-02
3.342999999999999972e+01 2.133518566620407342e-01 2.125698880972529459e+00 9.666990740456501974e-02
3.343999999999999773e+01 2.170637211048370152e-01 1.767525786449883007e+00 7.367787503835446228e-02
3.345000000000000284e+01 2.203807322271244262e-01 2.157993599238929416e+00 9.489468360859720786e-02
3.346000000000000085e+01 2.241625140912704151e-01 2.026093481219182202e+00 9.763750787485644955e-02
3.346999999999999886e+01 2.268577038952433733e-01 1.728303017368545136e-01 -8.711472758008385886e-02
3.348000000000000398e+01 2.281893621516464521e-01 2.304451249545881097e+00 1.944147061637598040e-02
3.349000000000000199e+01 2.319513367064472142e-01 2.351718287963633913e-01 -9.768167793332278859e-02
3.350000000000000000e+01 2.330110162817482233e-01 1.231009832025196093e+00 -8.125085479698655744e-02
3.350999999999999801e+01 2.359709484180355643e-01 1.075647717350443289e+00 -7.010298901531888949e-02
3.352000000000000313e+01 2.388262722614803435e-01 2.718140895891736353e+00 9.642706953944965576e-02
3.353000000000000114e+01 2.430387664988054308e-01 1.146181496027437241e+00 3.348345570840507990e-02
3.353999999999999915e+01 2.452175217021042852e-01 1.699558429881561139e+00 2.801854068129713826e-02
3.354999999999999716e+01 2.478978909575954570e-01 4.483591499410409242e-01 -9.002133263793184181e-02
3.356000000000000227e+01 2.497301067138400221e-01 1.896176247355059186e+00 -1.299385364828228862e-02
3.357000000000000028e+01 2.533039226428706048e-01 2.009331907815523177e+00 5.933360866878378825e-02
3.357999999999999829e+01 2.562391946889863159e-01 1.011327651936963834e+00 -9.892190130404654447e-03
3.359000000000000341e+01 2.581606659718769792e-01 6.730504029447934577e-01 -9.345195619775313600e-02
3.360000000000000142e+01 2.602474089594873363e-01 1.720710646651789189e+00 -2.706859290038735044e-02
3.360999999999999943e+01 2.630682649744293666e-01 5.423373350993161424e-01 -9.403760794372249820e-02
3.361999999999999744e+01 2.649158425396395677e-01 1.506056722204374365e+00 -4.671898034058563631e-02
3.363000000000000256e+01 2.679749962664892959e-01 2.340368223190994357e+00 7.254191853696945191e-02
3.364000000000000057e+01 2.711504654764979594e-01 1.413431777849363025e+00 4.123213430904043575e-02
3.364999999999999858e+01 2.733338707091542141e-01 8.828699059580966679e-01 -4.673839227470599766e-02
3.366000000000000369e+01 2.754719607245622592e-01 1.913657839874295608e+00 1.001679635055323370e-02
3.367000000000000171e+01 2.782150718837031467e-01 1.159251695712931962e+00 -1.970827045864032012e-02
3.367999999999999972e+01 2.804627155114354786e-01 2.020732653208971108e+00 4.045618306462267499e-02
3.368999999999999773e+01 2.830851161654127646e-01 1.110641266004626315e+00 -1.121761138096535881e-02
3.370000000000000284e+01 2.852829906306187380e-01 2.359863348758800772e+00 7.454857350528998339e-02
3.371000000000000085e+01 2.881142891833404218e-01 1.902050714730153747e+00 8.544938736643414856e-02
3.371999999999999886e+01 2.905058682013118010e-01 1.821913430315440730e+00 7.131827158147879819e-02
3.373000000000000398e+01 2.925620595006199198e-01 4.471980003257549074e-01 -7.431499129471140497e-02
3.374000000000000199e+01 2.941583403128598673e-01 1.567654992792267610e+00 -4.357581043225364908e-02
3.375000000000000000e+01 2.964508966223838859e-01 2.429438212535947272e+00 8.092508448061216941e-02
3.375999999999999801e+01 2.988798209976998299e-01 1.828995705306402764e+00 8.768953783455021855e-02
3.377000000000000313e+01 3.010311574422651071e-01 1.998312695511014203e+00 9.025590696601068497e-02
3.378000000000000114e+01 3.029562339438839902e-01 9.699506219466140500e-02 -9.763625904807907152e-02
3.378999999999999915e+01 3.044013605393395827e-01 1.847186967580157990e+00 -3.112047947194696018e-02
3.379999999999999716e+01 3.063592030382105702e-01 1.375343439315304561e+00 -1.231403638968650571e-02
3.381000000000000227e+01 3.080953946310474034e-01 1.292078868008610604e+00 -1.971174098067669800e-02
3.382000000000000028e+01 3.097865412037686950e-01 6.115265437591028697e-01 -9.427462441070658117e-02
3.382999999999999829e+01 3.113929609883103189e-01 1.467806894890148817e+00 -5.100483852873177043e-02
3.384000000000000341e+01 3.131743864708454450e-01 2.523185888345723882e+00 8.900159484869957227e-02
3.385000000000000142e+01 3.149989580188615190e-01 1.714012647832314551e+00 8.180727111910643390e-02
3.385999999999999943e+01 3.167154951355115600e-01 3.922737163406793126e-01 -7.399770318514020673e-02
3.386999999999999744e+01 3.182379966477613120e-01 1.114366644073680135e+00 -9.005097514092384736e-02
3.388000000000000256e+01 3.197972291736168038e-01 2.312096490713318353e+00 4.233688991347692165e-02
3.389000000000000057e+01 3.211507464372303500e-01 4.502046078781504757e-01 -6.476029921456723237e-02
3.389999999999999858e+01 3.228185441270478573e-01 1.507957885110758456e+00 -4.046297335525975147e-02
3.391000000000000369e+01 3.241900929379100127e-01 2.625677824307268704e+00 9.979513428676042852e-02
3.392000000000000171e+01 3.254898664407159803e-01 1.625980691213577245e+00 7.661814285064111330e-02
3.392999999999999972e+01 3.270540496840693145e-01 4.977880441093477937e-01 -6.896537747714413802e-02
3.393999999999999773e+01 3.285521417809980638e-01 1.733915011287871177e+00 -2.566667139253156482e-02
3.395000000000000284e+01 3.296277980109985628e-01 1.341764798711413853e+00 -1.855236047627790985e-02
3.396000000000000085e+01 3.309023221418927463e-01 6.638659690629350463e-01 -8.816536246956999112e-02
3.396999999999999886e+01 3.322700747379551123e-01 1.942443400074860271e+00 -2.148239985303931898e-03
3.398000000000000398e+01 3.331721045626123145e-01 7.461568095179043070e-01 -6.172827536092249240e-02
3.399000000000000199e+01 3.345055595319699759e-01 2.480022596032388726e+00 6.341740576446511235e-02
3.400000000000000000e+01 3.351163616054619876e-01 1.817862273791140071e+00 7.745078376258165975e-02
3.400999999999999801e+01 3.362618759168172766e-01 1.384987706883488823e+00 2.410785894983875910e-02
3.402000000000000313e+01 3.374734169545432483e-01 9.075748294164813768e-01 -5.549068044998906046e-02
3.403000000000000114e+01 3.385844988697835900e-01 1.886126332191838006e+00 4.219650368288280218e-03
3.403999999999999915e+01 3.391528935458482108e-01 1.225239616700016798e+00 -1.565651845204334147e-02
3.404999999999999716e+01 3.401109078137408148e-01 2.441084080475801610e+00 8.488273583547384371e-02
3.406000000000000227e+01 3.403909364851203101e-01 1.854115543843404490e+00 8.671888034177394067e-02
3.407000000000000028e+01 3.413291176806014793e-01 1.198517553868359897e+00 8.189667956451443520e-03
3.407999999999999829e+01 3.424374508513225446e-01 1.081841958936644144e+00 -4.800357054221702363e-02
3.409000000000000341e+01 3.433078073803867425e-01 1.263304370227435580e+00 -5.025540157074124409e-02
3.410000000000000142e+01 3.439468293351144457e-01 1.084377888876371321e+00 -6.097255544314383879e-02
3.410999999999999943e+01 3.446182523004160947e-01 1.648345639147910102e+00 -1.086515480933529509e-02
3.411999999999999744e+01 3.448421969749240201e-01 1.905162997401254055e+00 4.457894449255148106e-02
3.413000000000000256e+01 3.452967594890453684e-01 2.732608788534229838e-01 -9.319553211002873372e-02
3.414000000000000057e+01 3.465889983088102921e-01 2.517706238032711763e+00 4.268390615737158167e-02
3.414999999999999858e+01 3.459154303845050626e-01 7.346902200282647843e-01 -3.674120566757413386e-02
3.416000000000000369e+01 3.471773103713015063e-01 1.484027319696188396e+00 -2.771967273400273435e-02
3.417000000000000171e+01 3.470294418296835381e-01 2.602839454679796827e+00 9.991318352107608769e-02
3.417999999999999972e+01 3.465581632358139541e-01 2.442326327881786108e-01 -6.286538045064016256e-02
3.418999999999999773e+01 3.481693143051639017e-01 2.508469420142818151e+00 5.045692517712582759e-02
3.420000000000000284e+01 3.470950725418052718e-01 8.897710642625884514e-01 -2.177545439523762005e-02
3.421000000000000085e+01 3.479520900299549191e-01 2.433085420044023728e+00 7.362676102904483488e-02
3.421999999999999886e+01 3.469427886524735771e-01 1.645067985869667071e+00 6.029604404445740307e-02
3.423000000000000398e+01 3.475322623700257685e-01 6.458084688131802142e-01 -6.016768386859168427e-02
3.424000000000000199e+01 3.486795438942538738e-01 9.337896290250797815e-01 -9.796231526964671588e-02
3.425000000000000000e+01 3.484302727191410098e-01 2.945047277700558297e+00 9.771275807625942611e-02
3.425999999999999801e+01 3.463309577301239006e-01 1.772832127606523089e+00 9.817535114354580816e-02
3.427000000000000313e+01 3.470148611947629913e-01 5.526366533921578394e-01 -5.113550668609938982e-02
3.428000000000000114e+01 3.481837405858085321e-01 1.418001531164034601e+00 -5.009860393265078149e-02
3.428999999999999915e+01 3.474217141973102163e-01 2.243013999388299595e+00 5.424380728539354712e-02
3.430000000000000426e+01 3.459922207867303090e-01 1.713573052332575397e+00 6.087799836227741901e-02
3.431000000000000227e+01 3.460819893139915893e-01 1.091940810261422756e+00 -1.223884573859193581e-02
3.432000000000000028e+01 3.462895100051855968e-01 2.113303580973818541e+00 4.662788637129128277e-02
3.432999999999999829e+01 3.447616809579231445e-01 2.114727828762811512e+00 9.101136654737804199e-02
3.434000000000000341e+01 3.438925031776372543e-01 1.642597231975729155e+00 6.088807786234570751e-02
3.435000000000000142e+01 3.439253554817117142e-01 1.158793980419866143e+00 -1.048181575681761402e-02
3.435999999999999943e+01 3.437831727931234260e-01 2.363732920938090842e+00 7.311140821361974962e-02
3.436999999999999744e+01 3.421961096527089685e-01 6.827177007535881748e-01 -3.541923492008562657e-02
3.438000000000000256e+01 3.435385620849790156e-01 9.016889794009542713e-01 -8.764602858600556434e-02
3.439000000000000057e+01 3.435513938912645449e-01 9.303170714969538624e-01 -9.862871483792901017e-02
3.439999999999999858e+01 3.427079750877715658e-01 2.507588964215360150e+00 5.901898021461057797e-02
3.441000000000000369e+01 3.404081943010374145e-01 4.918544688525536834e-01 -4.960516696193928432e-02
3.442000000000000171e+01 3.417034389300141473e-01 1.663891810307940755e+00 -1.876797461758816787e-02
3.442999999999999972e+01 3.398501459186882845e-01 1.914859767458688022e+00 3.946894038357923185e-02
3.443999999999999773e+01 3.387790906607777153e-01 2.688485457636242693e-01 -9.542104052313581108e-02
3.445000000000000284e+01 3.397756623687396837e-01 2.125093192178737933e+00 2.937065492795126742e-03
3.446000000000000085e+01 3.373196921935759374e-01 5.678380266670993715e-01 -7.575617145201817004e-02
3.446999999999999886e+01 3.381188742614255616e-01 1.177553649718080964e+00 -7.498337414686429003e-02
3.448000000000000398e+01 3.367394101921339367e-01 1.957307107529531409e+00 1.409579064100700829e-02
3.449000000000000199e+01 3.342425789040402440e-01 1.772765639190880371e+00 4.612782005390664297e-02
3.450000000000000000e+01 3.330939003143651989e-01 9.786403652736098691e-01 -2.768646981011069208e-02
3.450999999999999801e+01 3.332028506554335912e-01 1.153697474531704792e+00 -5.713361882936576763e-02
3.452000000000000313e+01 3.320050236866422533e-01 1.727204749223246072e+00 -6.326525136555002926e-03
3.453000000000000114e+01 3.299578276455260584e-01 1.275283252169893800e+00 -1.806217793438688601e-02
3.453999999999999915e+01 3.290565245566833275e-01 1.589198058550958415e+00 -1.176091101313295195e-03
3.455000000000000426e+01 3.269285553643764275e-01 2.362485784760812280e+00 8.675855467149543032e-02
3.456000000000000227e+01 3.240915458753166889e-01 1.286046409435407156e+00 2.746238287924165911e-02
3.457000000000000028e+01 3.242239792047146296e-01 6.614121499831361328e-01 -8.087904811918665560e-02
3.457999999999999829e+01 3.243235827901589374e-01 1.248602918616174673e+00 -7.540251773487170739e-02
3.459000000000000341e+01 3.228069102190695427e-01 8.718918595817587436e-01 -9.372991398748285741e-02
3.460000000000000142e+01 3.215833299835904047e-01 2.145304961672511279e+00 2.112184606413140819e-02
3.460999999999999943e+01 3.179835891691780159e-01 1.797530575137740838e+00 5.448868362636546947e-02
3.461999999999999744e+01 3.162684109565855883e-01 1.207024060837745605e+00 -2.033839978774418245e-03
3.463000000000000256e+01 3.156082278747646130e-01 1.418040068573023893e+00 -1.808593915898119853e-02
3.464000000000000057e+01 3.132845877005552837e-01 2.396237218796743118e+00 7.804473815662676950e-02
3.464999999999999858e+01 3.103314604973847479e-01 8.534635911641511030e-02 -9.410991824897801949e-02
3.466000000000000369e+01 3.112966875692798063e-01 3.104416932431783405e+00 9.351126777832638459e-02
3.467000000000000171e+01 3.053029221498186896e-01 1.117876457776056043e+00 2.833911357773605255e-02
3.467999999999999972e+01 3.051756615866560995e-01 2.136578959603032679e+00 6.514625021394193638e-02
3.468999999999999773e+01 3.018317037801269698e-01 1.714368706664000763e+00 5.391135097188012870e-02
3.470000000000000284e+01 2.998131462721463358e-01 2.062731706587222380e+00 7.699491963230092884e-02
3.471000000000000085e+01 2.977590158208685001e-01 3.356390856113152243e-01 -7.917772767822645053e-02
3.471999999999999886e+01 2.987645784885999412e-01 1.696559760475851331e+00 -3.599146564779147350e-02
3.473000000000000398e+01 2.951964166236265008e-01 1.775678413435880287e+00 1.958172493405833936e-02
3.474000000000000199e+01 2.928718479681102771e-01 9.051941622686376920e-01 -4.139644259052526615e-02
3.475000000000000000e+01 2.921533689380129140e-01 1.940643081225913669e+00 1.847870392463993316e-02
3.475999999999999801e+01 2.882051716862978341e-01 2.129686486862956585e+00 8.021161104505808437e-02
3.477000000000000313e+01 2.850697644181634516e-01 1.405100096225730066e+00 3.463906116124165768e-02
3.478000000000000114e+01 2.844577385439940320e-01 5.232559005560585286e-01 -8.766553744723565300e-02
3.478999999999999915e+01 2.845232299685774846e-01 1.280939952436393137e+00 -7.537679221258618278e-02
3.480000000000000426e+01 2.809804555809270465e-01 2.744689125952592956e+00 9.470246520283165381e-02
3.481000000000000227e+01 2.762591090981495467e-01 -3.347891000260604100e-02 -8.591041805410500054e-02
3.482000000000000028e+01 2.778610889467392764e-01 2.812224682254714114e+00 6.849404321753960190e-02
3.482999999999999829e+01 2.708776041332007778e-01 1.950860094719430116e+00 9.732810643944231344e-02
3.484000000000000341e+01 2.692173939793865434e-01 3.509618703878403245e-01 -6.756254517682752647e-02
3.485000000000000142e+01 2.695725393337694564e-01 2.430650615318445951e+00 4.081223804293027113e-02
3.485999999999999943e+01 2.636727542767645094e-01 1.774240739482609408e+00 6.160496114169131121e-02
3.486999999999999744e+01 2.609195964250716204e-01 2.103653478601627214e+00 9.028743427585661507e-02
3.488000000000000256e+01 2.573975837618128759e-01 1.749796908060197831e+00 6.861906347716850707e-02
3.489000000000000057e+01 2.549707555091237920e-01 1.723192891713336561e+00 4.975198574521616512e-02
3.489999999999999858e+01 2.521633880763212154e-01 1.839640954526045924e+00 5.407190128993327738e-02
3.491000000000000369e+01 2.490270557388719608e-01 1.799194767328256672e+00 5.562272689045746898e-02
3.492000000000000171e+01 2.469565309046458934e-01 4.082896467654935635e-01 -8.177745506438889589e-02
3.492999999999999972e+01 2.473491176137672387e-01 1.695346868311847555e+00 -3.244331189981590480e-02
3.493999999999999773e+01 2.426401262403340142e-01 2.249897902220004298e+00 7.103208868881233373e-02
3.495000000000000284e+01 2.381368530327930833e-01 1.492404409843400170e+00 4.758016536702552868e-02
3.496000000000000085e+01 2.359362011628687306e-01 2.210843662932058695e+00 9.031931856681907345e-02
3.496999999999999886e+01 2.315645497089200977e-01 1.707914281801578893e+00 6.825021956420915248e-02
3.498000000000000398e+01 2.291833863254458259e-01 1.515114730829244971e+00 3.040746590164075669e-02
3.499000000000000199e+01 2.268544787848607858e-01 1.458754633681356161e+00 6.669761446047500764e-03
3.500000000000000000e+01 2.248511429794088912e-01 6.802792325604430923e-01 -7.843224700417206208e-02
3.500999999999999801e+01 2.238369145871534349e-01 1.792551861565327975e+00 -1.323603363155470558e-02
3.502000000000000313e+01 2.187113232052286249e-01 2.355874798385043878e+00 9.238943820519046612e-02
3.503000000000000114e+01 2.148177298318081074e-01 7.617063031951735183e-04 -9.071615665306394238e-02
3.503999999999999915e+01 2.156164709918323985e-01 3.063721926093739167e+00 9.285923982708019220e-02
3.505000000000000426e+01 2.081844713569707128e-01 -1.841283194768643036e-02 -8.124386006594885856e-02
3.506000000000000227e+01 2.096758560589542519e-01 2.613509376964369135e+00 5.311129572901648888e-02
3.507000000000000028e+01 2.031506832748340152e-01 3.004824470909285838e-01 -7.405210094063158222e-02
3.507999999999999829e+01 2.039628977251921882e-01 1.611740137914464466e+00 -3.673882647107584720e-02
3.509000000000000341e+01 1.995297814467932029e-01 1.189381093593509187e+00 -3.874436240579653273e-02
3.510000000000000142e+01 1.969776956264910617e-01 1.358453876466468646e+00 -2.898034469177412920e-02
3.510999999999999943e+01 1.930781107383131578e-01 2.317370951948258373e+00 7.174629439274479714e-02
3.511999999999999744e+01 1.881027882449284039e-01 3.879305862992029619e-01 -6.382371335266086299e-02
3.513000000000000256e+01 1.877045472222345912e-01 2.711480514424011723e+00 7.426955824739778222e-02
3.514000000000000057e+01 1.805325744223195417e-01 7.164940052257330327e-01 -2.499582667687871851e-02
3.514999999999999858e+01 1.807982411496373010e-01 8.817880281202665760e-01 -8.569203254835847106e-02
3.516000000000000369e+01 1.774424149661944783e-01 2.710168485010001405e+00 7.562991174239075409e-02
3.517000000000000171e+01 1.698277703551755446e-01 1.469845934823673206e+00 5.342732456034035571e-02
3.517999999999999972e+01 1.679539980463287396e-01 1.191589123607881939e+00 -1.057064162965246079e-02
3.518999999999999773e+01 1.652432532806325516e-01 1.942364894365001371e+00 3.078488641821847116e-02
3.520000000000000284e+01 1.601027332509221135e-01 1.656477240305721521e+00 3.545000381606216999e-02
3.521000000000000085e+01 1.569120064680682991e-01 1.131167912010668353e+00 -2.002347818336389085e-02
3.521999999999999886e+01 1.545236089226721121e-01 1.754906295131431149e+00 9.659301341915324524e-03
3.523000000000000398e+01 1.501439038586647456e-01 1.209885483873512246e+00 -1.924441339233559645e-02
3.524000000000000199e+01 1.475453938674097243e-01 1.571598420075360325e+00 -4.202037106194642102e-03
3.525000000000000000e+01 1.432095840963538147e-01 1.894273224538808753e+00 4.066627942228726034e-02
3.525999999999999801e+01 1.388946297741155689e-01 1.077687535543182751e+00 -1.698951513374127864e-02
3.527000000000000313e+01 1.369600237936320630e-01 1.453596454517617209e+00 -1.918653640828982265e-02
3.528000000000000114e+01 1.325842232935850185e-01 2.121925113269766516e+00 5.436332666714169259e-02
3.528999999999999915e+01 1.276553879734735608e-01 7.294513437500271813e-01 -4.154990412832020724e-02
3.530000000000000426e+01 1.268058779455259744e-01 1.498392164998036513e+00 -3.083153110261981078e-02
3.531000000000000227e+01 1.223690858835681655e-01 1.459366989801033521e+00 -1.446432655415112734e-02
3.532000000000000028e+01 1.188920782094267103e-01 9.795676036942128073e-01 -5.443016163884228931e-02
3.532999999999999829e+01 1.156937617402618163e-01 2.531615427406737506e+00 7.419772511671490767e-02
3.534000000000000341e+01 1.089964231688183988e-01 7.845233540882037282e-01 -1.996301085837579037e-02
3.535000000000000142e+01 1.083293871330403696e-01 1.372446279002131675e+00 -3.433626049503706035e-02
3.535999999999999943e+01 1.047544272996926568e-01 7.790276302293775990e-01 -8.756538707897254525e-02
3.536999999999999744e+01 1.025338313687835790e-01 1.391442315002050290e+00 -5.527414467234217921e-02
3.538000000000000256e+01 9.767818906581175742e-02 1.894853386045664889e+00 2.075498518071113019e-02
3.539000000000000057e+01 9.312020691993881660e-02 3.873804538747188664e-01 -9.035753631025951471e-02
3.539999999999999858e+01 9.141606118347872512e-02 3.002599789990529899e+00 9.426492948293305196e-02
3.541000000000000369e+01 8.196310938845587091e-02 1.828051883668999844e+00 9.914309689109004897e-02
3.542000000000000171e+01 7.945784382133221080e-02 3.501702499242815292e-01 -7.175876817763522653e-02
3.542999999999999972e+01 7.954006987562690922e-02 1.153898001215277969e+00 -8.993634969122475675e-02
3.543999999999999773e+01 7.508168824638107586e-02 1.749259969772881451e+00 -1.604137211792629192e-02
3.545000000000000284e+01 6.997458505623702085e-02 9.881353390361379274e-01 -4.684259956570584887e-02
3.546000000000000085e+01 6.780343945201677824e-02 1.073133874315500114e+00 -6.693928687314117110e-02
3.546999999999999886e+01 6.466253826140405669e-02 1.018144220818908874e+00 -7.942177627461576017e-02
3.548000000000000398e+01 6.092707594618217842e-02 1.838953428495672560e+00 -2.434585351143936371e-03
3.549000000000000199e+01 5.468379067446440395e-02 2.165206534413453898e+00 7.536344040614770257e-02
3.550000000000000000e+01 4.869208708188276641e-02 2.054592995525231558e+00 9.719483371277681805e-02
3.550999999999999801e+01 4.454466336874716992e-02 7.384685660407116492e-01 -3.223874656233301217e-02
3.552000000000000313e+01 4.320328801015277387e-02 1.627166277100663416e+00 -2.064484977330034721e-02
3.553000000000000114e+01 3.780506070975540173e-02 1.884417330879855967e+00 3.063583625979091063e-02
3.553999999999999915e+01 3.303899991626145505e-02 1.063169490956362262e+00 -2.318101452426994669e-02
3.555000000000000426e+01 2.992223726844034370e-02 2.496764280989210327e+00 8.108867247565054726e-02
3.556000000000000227e+01 2.295633553408668245e-02 1.591355541524881678e+00 5.863175877387513668e-02
3.557000000000000028e+01 1.987247354110684497e-02 1.463181953291823767e+00 1.817349813267492287e-02
3.557999999999999829e+01 1.618140858734310600e-02 1.795674654611267185e+00 3.179451092026880366e-02
3.559000000000000341e+01 1.138331321162696849e-02 1.763194553801248787e+00 4.256045380826783964e-02
3.560000000000000142e+01 7.099092844632554425e-03 1.613625114713204578e+00 3.217072857564934329e-02
3.560999999999999943e+01 3.628147708849227982e-03 1.060844934227227032e+00 -2.981026700417015174e-02
3.561999999999999744e+01 9.044124025794312172e-04 1.780904112780306692e+00 8.141352061094592196e-03
3.563000000000000256e+01 -3.753154603528256316e-03 9.749784523499192002e-01 -4.089274827740141394e-02
3.564000000000000057e+01 -6.016670483613301319e-03 1.288411854117656796e+00 -4.325474790967483163e-02
3.564999999999999858e+01 -1.022764391761611484e-02 2.016042560476946299e+00 3.481262659069003784e-02
3.566000000000000369e+01 -1.552154661263892114e-02 1.067109325232450168e+00 -1.453017430528466547e-02
3.567000000000000171e+01 -1.843538562652837984e-02 2.300134219701766014e+00 6.815228058811489964e-02
3.567999999999999972e+01 -2.400601477822474419e-02 5.009288849328447091e-01 -5.598723066281457300e-02
3.568999999999999773e+01 -2.473910376188694429e-02 1.418907965768251733e+00 -4.783281266272450261e-02
3.570000000000000284e+01 -3.000118298200451020e-02 2.406179322113811025e+00 7.300685658517008791e-02
3.571000000000000085e+01 -3.594006973057829041e-02 7.026441915670605942e-01 -2.838552794723428474e-02
3.571999999999999886e+01 -3.787298994926214385e-02 2.702105632497559196e+00 9.445675646144993665e-02
3.573000000000000398e+01 -4.439926686561321278e-02 1.528545529901118583e-01 -7.354397033056259136e-02
3.574000000000000199e+01 -4.492296705791572892e-02 2.760342612102092197e+00 7.143004758755389094e-02
3.575000000000000000e+01 -5.261212411639169806e-02 1.063956325331789188e+00 1.049374884107812100e-02
3.575999999999999801e+01 -5.457977217371222378e-02 1.595517685989422452e+00 7.335936274460899686e-03
3.577000000000000313e+01 -5.887710085240684121e-02 1.515517709125352663e+00 6.684126713132371167e-03
3.578000000000000114e+01 -6.235415496454179557e-02 8.062266829360775766e-01 -6.351483532400928333e-02
3.578999999999999915e+01 -6.521747573260047726e-02 2.404305673365834561e+00 5.510947265842616738e-02
3.580000000000000426e+01 -7.143529206565725487e-02 8.686666535524474320e-01 -1.928454688529772365e-02
3.581000000000000227e+01 -7.343485623490592085e-02 1.920852359484388039e+00 2.525124542706833064e-02
3.582000000000000028e+01 -7.872519124484146646e-02 1.585664018063525971e+00 2.833844555742345839e-02
3.582999999999999829e+01 -8.284419250881347452e-02 2.089416668352980011e+00 7.353779238320845568e-02
3.584000000000000341e+01 -8.804776265436899119e-02 1.952903063473927281e+00 8.535006707574741003e-02
3.585000000000000142e+01 -9.206156623738001588e-02 1.164962253754740384e+00 7.443812313409292614e-03
3.585999999999999943e+01 -9.421525868169791651e-02 9.597265563112266085e-01 -5.878691777265019486e-02
3.586999999999999744e+01 -9.723259570000365726e-02 1.866917662458570604e+00 5.074315040212315497e-03
3.588000000000000256e+01 -1.028410512485004452e-01 2.355610873548763973e+00 9.982075065715301232e-02
3.589000000000000057e+01 -1.075534084002655183e-01 4.802579188367184226e-01 -4.157720855735407700e-02
3.589999999999999858e+01 -1.082394924562518346e-01 1.320597787704386183e+00 -5.270745253433409272e-02
3.591000000000000369e+01 -1.126304630820313818e-01 2.190216266229827902e+00 4.805988466620436661e-02
3.592000000000000171e+01 -1.183978743102123699e-01 1.897966286075198461e+00 7.810260936014662425e-02
3.592999999999999972e+01 -1.218302316481896796e-01 4.735456261299124670e-01 -6.093673344819612592e-02
3.593999999999999773e+01 -1.234258747560258995e-01 2.360633058077934887e+00 4.256666004400097569e-02
3.595000000000000284e+01 -1.298581992981546473e-01 2.044253844111964202e+00 9.070272002536103328e-02
3.596000000000000085e+01 -1.339539789556602745e-01 1.134851790250653414e+00 1.269927619461526380e-02
3.596999999999999886e+01 -1.366066189251644580e-01 2.300670688022426358e+00 7.696378344463339349e-02
3.598000000000000398e+01 -1.418878450249983492e-01 1.410089633617520821e+00 3.683059501566246507e-02
3.599000000000000199e+01 -1.447773533079484698e-01 1.701080356097930402e+00 3.353592674038444188e-02
3.600000000000000000e+01 -1.481600801407114143e-01 5.857270139617934968e-01 -7.295564884888194879e-02
3.600999999999999801e+01 -1.498295270772297960e-01 1.377573046163666604e+00 -5.473471680014614649e-02
3.602000000000000313e+01 -1.535708443148287028e-01 1.142320707589189244e+00 -5.202020877018849465e-02
3.603000000000000114e+01 -1.568050205612899206e-01 1.422468572711449442e+00 -2.563911260088218291e-02
3.603999999999999915e+01 -1.601754750312973097e-01 7.855205376109545279e-01 -7.445027833881137647e-02
3.605000000000000426e+01 -1.625502531473661250e-01 1.245725719168361945e+00 -6.103713928540899225e-02
3.606000000000000227e+01 -1.666547399431085874e-01 2.354979166055021444e+00 6.352689894930985126e-02
3.607000000000000028e+01 -1.716820593743522416e-01 5.423102407614699416e-01 -4.743347591935123675e-02
3.607999999999999829e+01 -1.728465694460114277e-01 9.584449748762805532e-01 -8.824579962882737882e-02
3.609000000000000341e+01 -1.759614956659577012e-01 1.255174433566118131e+00 -6.604090548334569377e-02
3.610000000000000142e+01 -1.796422656434132625e-01 1.226611870941562765e+00 -5.058468755507494752e-02
3.610999999999999943e+01 -1.828977591114524792e-01 9.874236132859133264e-01 -6.916279448194372070e-02
3.611999999999999744e+01 -1.859294419769284556e-01 1.478676851268551529e+00 -3.370570395424843380e-02
3.613000000000000256e+01 -1.897791887731423432e-01 1.179313393581205682e+00 -4.075871310119072444e-02
3.614000000000000057e+01 -1.933315653830145753e-01 2.256638192695365142e+00 5.648823138692465884e-02
3.614999999999999858e+01 -1.980708518279934716e-01 9.416503948037489025e-01 -1.764232046376960905e-02
3.616000000000000369e+01 -2.006014053775427297e-01 2.210151013728279157e+00 5.156458390263918279e-02
3.617000000000000171e+01 -2.054310339153469223e-01 1.617593859151338131e+00 4.309727835887985914e-02
3.617999999999999972e+01 -2.084586006461230379e-01 1.003358414286722455e+00 -3.266763082412775521e-02
3.618999999999999773e+01 -2.108465583267323529e-01 1.247485323631008614e+00 -5.011051066973748469e-02
3.620000000000000284e+01 -2.145301404479928176e-01 2.677778822583629648e+00 9.307331099798593632e-02
3.621000000000000085e+01 -2.196125079673124925e-01 1.210631802479464225e+00 3.166193407401060589e-02
3.621999999999999886e+01 -2.214572381285609959e-01 6.527503163650770768e-01 -7.931871598102578635e-02
3.623000000000000398e+01 -2.239022651987289669e-01 2.536303372320425797e+00 5.360740418539985952e-02
3.624000000000000199e+01 -2.284660158804908414e-01 1.195487330202637255e-01 -9.403856091288315122e-02
3.625000000000000000e+01 -2.296738670591437770e-01 2.348587844557519233e+00 2.350399469945425868e-02
3.625999999999999801e+01 -2.345901607141399892e-01 1.965169653700271635e+00 7.415107458963499099e-02
3.627000000000000313e+01 -2.376394404013227879e-01 1.963616560267966715e-01 -8.965303594880441596e-02
3.628000000000000114e+01 -2.389265065222349604e-01 2.233144759359663833e+00 1.178704484988776779e-02
3.628999999999999915e+01 -2.430914342555774710e-01 4.054718649724409762e-01 -8.760845652726988175e-02
3.630000000000000426e+01 -2.450082272307963771e-01 2.663904487901934459e+00 6.474470089804293393e-02
3.631000000000000227e+01 -2.497621813515482903e-01 1.542443409095322737e+00 5.478846568506798298e-02
3.632000000000000028e+01 -2.520466942888989204e-01 5.645094993451201804e-01 -7.015027839947270138e-02
3.632999999999999829e+01 -2.538098283628189566e-01 1.626240887773790833e+00 -3.438850045346238116e-02
3.634000000000000341e+01 -2.571195260543194805e-01 1.124206690030153055e+00 -4.546548440416203068e-02
3.635000000000000142e+01 -2.597162233249441510e-01 1.684611233499586413e+00 -1.567189840211827279e-03
3.635999999999999943e+01 -2.628708115673147327e-01 1.496201202059938895e+00 6.299188721112833345e-03
3.636999999999999744e+01 -2.655195745459741352e-01 1.002804422429233844e+00 -4.465324502138210555e-02
3.638000000000000256e+01 -2.679365785113191900e-01 2.181735722753988860e+00 4.205909850565434094e-02
3.639000000000000057e+01 -2.712787236086268150e-01 5.682675067351552478e-01 -6.119989932842082730e-02
3.639999999999999858e+01 -2.728154138610721091e-01 9.996000399503855993e-01 -8.993028773378781981e-02
3.641000000000000369e+01 -2.755159443134916897e-01 2.539722050544692689e+00 6.154231652327804558e-02
3.642000000000000171e+01 -2.791120377174373668e-01 3.241538825040070626e-01 -6.789632434093820224e-02
3.642999999999999972e+01 -2.807110989023480774e-01 2.891358949427737191e+00 9.075652895483155014e-02
3.643999999999999773e+01 -2.846026687090635887e-01 1.239053730632471151e+00 3.598404534802562837e-02
3.645000000000000284e+01 -2.864894804275597839e-01 1.124651192685527379e+00 -2.957171353197070307e-02
3.646000000000000085e+01 -2.885766625272518926e-01 1.211970847401031337e+00 -4.994731329820998461e-02
3.646999999999999886e+01 -2.909254856262717404e-01 1.596047938319322901e+00 -1.374574071216136395e-02
3.648000000000000398e+01 -2.934112248805256784e-01 8.728903382921544551e-01 -6.184147480607726788e-02
3.649000000000000199e+01 -2.953415568835761618e-01 1.454897775187877995e+00 -3.680522398652463778e-02
3.650000000000000000e+01 -2.977048343439773204e-01 9.895401710972560050e-01 -6.169553883097503300e-02
3.650999999999999801e+01 -2.996461171729203343e-01 8.244239506884780688e-01 -9.605988879563638616e-02
3.652000000000000313e+01 -3.017055312937345080e-01 1.910167280015435898e+00 -4.558534125222071798e-03
3.653000000000000114e+01 -3.044242330737320090e-01 1.875918257218149865e+00 4.882399221132804890e-02
3.653999999999999915e+01 -3.068330592314230110e-01 1.846419725518329225e+00 6.260785091633402910e-02
3.655000000000000426e+01 -3.089493146709147431e-01 7.826587835640087532e-01 -4.283493989007978314e-02
3.656000000000000227e+01 -3.107221131291230676e-01 2.504644750307434276e+00 6.611710238420179242e-02
3.657000000000000028e+01 -3.133112488431708531e-01 1.514142484728236981e+00 4.518410554097002096e-02
3.657999999999999829e+01 -3.152241489537224162e-01 1.752647242187856280e+00 4.128244179972140326e-02
3.659000000000000341e+01 -3.171742518836931368e-01 1.256638260397043405e+00 -6.726390707636614730e-03
3.660000000000000142e+01 -3.189510789505290989e-01 1.650141339590302181e+00 5.959457193512832096e-03
3.660999999999999943e+01 -3.208063133899290986e-01 6.930526798040134162e-01 -7.441575595488050809e-02
3.661999999999999744e+01 -3.224597240092726413e-01 2.641047587969731936e+00 7.140567525042998409e-02
3.663000000000000256e+01 -3.245812459437179553e-01 1.280202770122692346e+00 3.114309804951514993e-02
3.664000000000000057e+01 -3.261767197875904412e-01 1.146731478326193931e+00 -2.608750377035151669e-02
3.664999999999999858e+01 -3.277377796470192228e-01 1.469554839694360515e+00 -2.050734929366312964e-02
3.666000000000000369e+01 -3.293906018576058803e-01 1.407664835856406782e+00 -1.502306862565649936e-02
3.667000000000000171e+01 -3.309938164342176581e-01 1.370595551909508547e+00 -1.637848040075440270e-02
3.667999999999999972e+01 -3.325233876677547440e-01 8.890696163148760212e-01 -6.568138853496392759e-02
3.668999999999999773e+01 -3.340075635049369329e-01 1.286926806743885265e+00 -5.413000244764967772e-02
3.670000000000000284e+01 -3.354148478999297578e-01 1.017912156273527602e+00 -6.714267298508341808e-02
3.671000000000000085e+01 -3.369056811282075681e-01 2.239749321858352182e+00 4.463620198612880396e-02
3.671999999999999886e+01 -3.383074710694110587e-01 2.137912192958615620e-01 -9.096101566174774611e-02
3.673000000000000398e+01 -3.396899621009578096e-01 1.939020779012547546e+00 -1.360264245624646928e-02
3.674000000000000199e+01 -3.409238686437441324e-01 5.121506819183264669e-01 -9.136170428785357622e-02
3.675000000000000000e+01 -3.423225035744634215e-01 1.280684827696794592e+00 -7.104615570359250343e-02
3.675999999999999801e+01 -3.434779216073738373e-01 1.574174792353832064e+00 -1.927501733363168324e-02
3.677000000000000313e+01 -3.446807363329534302e-01 9.792800766333832341e-01 -5.211148864042212253e-02
3.678000000000000114e+01 -3.459196647995783080e-01 1.141546054429343648e+00 -6.252921880390334419e-02
3.678999999999999915e+01 -3.469733150747686956e-01 1.694345461798294261e+00 -9.138484686087328113e-03
3.680000000000000426e+01 -3.479789710768206867e-01 1.182254529449455083e+00 -2.833564843181138326e-02
3.681000000000000227e+01 -3.491040150706276601e-01 1.042271961761278343e+00 -6.107467153292603368e-02
3.682000000000000028e+01 -3.501129962459431089e-01 1.373980561586246818e+00 -4.411068279314174501e-02
3.682999999999999829e+01 -3.510284359023827516e-01 9.530123643266474875e-01 -7.159001247025723047e-02
3.684000000000000341e+01 -3.519785797576423514e-01 2.055283361432650224e+00 1.932156794086288543e-02
3.685000000000000142e+01 -3.525583828418150101e-01 1.176575062792251103e+00 -1.233998688517881637e-02
3.685999999999999943e+01 -3.535052024665390480e-01 1.691001693545121309e+00 7.413353875927120029e-03
3.686999999999999744e+01 -3.540690526987954057e-01 1.604299750586943407e+00 1.464646047642015336e-02
3.688000000000000256e+01 -3.546488805118472865e-01 2.184820509655341692e+00 7.342857363024624107e-02
3.689000000000000057e+01 -3.551088639787206014e-01 8.094631221844538205e-01 -3.045343677108662550e-02
3.689999999999999858e+01 -3.560887283430153594e-01 1.911960547413411593e+00 1.187931065619092508e-02
3.691000000000000369e+01 -3.563614597353531588e-01 9.881794375949947140e-01 -4.028786017050525747e-02
3.692000000000000171e+01 -3.572338962727641398e-01 1.334197218457269685e+00 -4.137083726504917763e-02
3.692999999999999972e+01 -3.576520335619294277e-01 1.478635168618309459e+00 -1.984285413711384116e-02
3.693999999999999773e+01 -3.580500561416889993e-01 1.255524383673875644e+00 -2.947161928989523727e-02
3.695000000000000284e+01 -3.584502996078897663e-01 2.017928525325133560e+00 3.754646396862387769e-02
3.696000000000000085e+01 -3.584336850018495779e-01 1.086531585037286973e+00 -1.537241831348326593e-02
3.696999999999999886e+01 -3.592366494127102183e-01 7.323297102987673668e-01 -8.999280683743988984e-02
3.698000000000000398e+01 -3.599550751783173741e-01 9.790590360241837597e-01 -9.995030626270431928e-02
3.699000000000000199e+01 -3.600939295085986980e-01 1.781866028097998322e+00 -1.527962057134268914e-02
3.700000000000000000e+01 -3.598820365701172475e-01 1.257341293645853453e+00 -1.802774357735099919e-02
3.700999999999999801e+01 -3.601154139958029354e-01 1.774871052473015132e+00 1.920978560193767337e-02
3.702000000000000313e+01 -3.599163875122713963e-01 1.043663318861433487e+00 -3.184603666561801327e-02
3.703000000000000114e+01 -3.600861906416499836e-01 2.460576546440840229e+00 7.414821958128003931e-02
3.703999999999999915e+01 -3.590973944238112225e-01 1.258774339629250338e+00 2.234331420454187256e-02
3.705000000000000426e+01 -3.594215645101760392e-01 1.944938563914828444e+00 4.585680658372429108e-02
3.706000000000000227e+01 -3.590560858147291978e-01 5.634619086982947112e-01 -6.992056993973512491e-02
3.707000000000000028e+01 -3.598842447734932892e-01 1.433258957480799900e+00 -5.227098662477824842e-02
3.707999999999999829e+01 -3.593122523209468788e-01 1.496368161143871722e+00 -1.896935227374405009e-02
3.709000000000000341e+01 -3.588918638143583917e-01 1.747556799289673002e+00 2.225013773041203957e-02
3.710000000000000142e+01 -3.585179314617323865e-01 6.846901599576155073e-01 -6.449022836650866730e-02
3.710999999999999943e+01 -3.587623789963135801e-01 2.458873688766759713e+00 5.629523494298122044e-02
3.711999999999999744e+01 -3.571846406274755137e-01 7.237984194109730041e-01 -3.473733562465866620e-02
3.713000000000000256e+01 -3.576754584539656445e-01 2.276170081676702317e+00 5.012514997923497861e-02
3.714000000000000057e+01 -3.559682455330802631e-01 1.483118367465648735e+00 3.276840191258234558e-02
3.714999999999999858e+01 -3.560784106612462918e-01 5.453720536225145077e-01 -8.206504351098758976e-02
3.716000000000000369e+01 -3.562958558790332853e-01 2.351710536836613130e+00 3.470275788989318766e-02
3.717000000000000171e+01 -3.540256451751278011e-01 1.768863131385796983e+00 5.970863444772567252e-02
3.717999999999999972e+01 -3.531651428602710641e-01 2.197177718436704730e+00 9.939145976689853224e-02
3.718999999999999773e+01 -3.520938407072374821e-01 6.775799529268429211e-01 -3.219919166258332355e-02
3.720000000000000284e+01 -3.530320160733390056e-01 8.705583090752514464e-01 -9.282580472613087552e-02
3.721000000000000085e+01 -3.524744465607301258e-01 1.671976070673228065e+00 -2.830199801501752377e-02
3.721999999999999886e+01 -3.509344650729874227e-01 1.671025407337164648e+00 1.702800811303625816e-02
3.723000000000000398e+01 -3.498421686533357278e-01 1.417618828074561410e+00 8.174663487928460204e-03
3.724000000000000199e+01 -3.494934332749939920e-01 5.057264309870832530e-01 -9.374475147034913580e-02
3.725000000000000000e+01 -3.499582230230285917e-01 1.075313330845254933e+00 -9.376563998000389533e-02
3.725999999999999801e+01 -3.486308457586717591e-01 1.751010691080430837e+00 -1.213522795449251124e-02
3.727000000000000313e+01 -3.465100847694671526e-01 2.172541282436672549e+00 7.555056182314648372e-02
3.728000000000000114e+01 -3.449536009684051607e-01 1.658960571396696781e-01 -8.572145318438212369e-02
3.728999999999999915e+01 -3.455871301926511929e-01 2.747083856179288297e+00 6.591784501151393139e-02
3.730000000000000426e+01 -3.417342209587007629e-01 1.054115644143446939e+00 7.226586268190976492e-03
3.731000000000000227e+01 -3.414332226144778382e-01 2.311468672021866677e+00 7.654788468233461596e-02
3.732000000000000028e+01 -3.389475835849423691e-01 7.669543037928937546e-01 -2.872255277740674850e-02
3.732999999999999829e+01 -3.388221980493855701e-01 2.394872136848959610e+00 6.320087214345146420e-02
3.734000000000000341e+01 -3.356749129842061530e-01 1.191814558902533072e+00 1.137886264336403219e-02
3.735000000000000142e+01 -3.356237158209099958e-01 8.113431340880753462e-01 -6.869750360132115263e-02
3.735999999999999943e+01 -3.352988660102607099e-01 1.279781763073542411e+00 -5.978368309705271028e-02
3.736999999999999744e+01 -3.329227984005470597e-01 2.663400717552784069e+00 9.407347541814620184e-02
3.738000000000000256e+01 -3.297012007209277340e-01 4.540600512629796026e-01 -3.913541900278103697e-02
3.739000000000000057e+01 -3.309988352402247203e-01 9.129284643153559031e-01 -9.131809112938707451e-02
3.739999999999999858e+01 -3.294136029456165016e-01 1.817508024643651021e+00 -1.178715759822743236e-02
3.741000000000000369e+01 -3.265040975631563480e-01 1.574151031179314097e+00 1.656162987888243343e-02
3.742000000000000171e+01 -3.246128661699028695e-01 1.749501415872906973e+00 3.823372972568889194e-02
3.742999999999999972e+01 -3.229941302999700947e-01 2.739277905219846820e-01 -9.988263292497762125e-02
3.743999999999999773e+01 -3.235581929627187048e-01 1.476351947094848960e+00 -6.213029260324350045e-02
3.745000000000000284e+01 -3.210591925155817927e-01 6.879240824295886902e-01 -9.880703664580525736e-02
3.746000000000000085e+01 -3.204052315271284090e-01 1.366200594189985074e+00 -5.820887961260534649e-02
3.746999999999999886e+01 -3.175760717252906207e-01 1.949338774779268979e+00 2.760607733761655247e-02
3.748000000000000398e+01 -3.146719737234058289e-01 8.504826072109462620e-01 -3.891017112179071674e-02
3.749000000000000199e+01 -3.142428642556249763e-01 1.134572844689114790e+00 -6.111362517238767833e-02
3.750000000000000000e+01 -3.116470613839827930e-01 2.313389915110225292e+00 5.250890452564652144e-02
3.750999999999999801e+01 -3.075593763772878075e-01 1.172368923753663417e+00 6.675332991776250502e-03
3.752000000000000313e+01 -3.063253041410518018e-01 1.811740790084726882e+00 2.755325634994615358e-02
3.753000000000000114e+01 -3.029077626634231746e-01 1.960063145473820434e+00 6.069484073719275119e-02
3.753999999999999915e+01 -3.003943484026231348e-01 6.581747486185827167e-01 -5.247183377579985042e-02
3.755000000000000426e+01 -3.004810340955869630e-01 9.884362134203034111e-01 -8.819817152145986716e-02
3.756000000000000227e+01 -2.979445321959052762e-01 2.245062445355457292e+00 3.270427004183615316e-02
3.757000000000000028e+01 -2.932234861573039253e-01 1.770668122094272601e+00 5.917979779232310222e-02
3.757999999999999829e+01 -2.910332977042116576e-01 1.234387972202579453e+00 3.539782266618746176e-03
3.759000000000000341e+01 -2.889961953895764935e-01 2.176363962254885820e+00 6.175535240632853973e-02
3.760000000000000142e+01 -2.852849381995666289e-01 8.585382474186585844e-01 -2.773795510758052252e-02
3.760999999999999943e+01 -2.843119341841146008e-01 2.165876098379261983e+00 4.303153889372221541e-02
3.761999999999999744e+01 -2.800038239108783578e-01 1.249289556797634537e+00 5.386641485776916261e-03
3.763000000000000256e+01 -2.787471109779110501e-01 1.162279884115133388e+00 -3.451081405429479165e-02
3.764000000000000057e+01 -2.764179651394516046e-01 2.024861655573644281e+00 3.409601879387716417e-02
3.764999999999999858e+01 -2.729391458741110554e-01 4.675716491513641215e-01 -7.546881845149433499e-02
3.766000000000000369e+01 -2.727058993917170215e-01 1.948186970291759135e+00 -6.223493440883770544e-04
3.767000000000000171e+01 -2.678467055173852085e-01 1.756233574698206068e+00 3.867464504044251794e-02
3.767999999999999972e+01 -2.646837864055933132e-01 1.688924286247333262e+00 4.328416638314061538e-02
3.768999999999999773e+01 -2.623887781148189213e-01 5.165747887651054304e-01 -7.593174934502198992e-02
3.770000000000000284e+01 -2.613945350690975444e-01 2.460869838968747558e+00 4.867896908221103214e-02
3.771000000000000085e+01 -2.561582215933692064e-01 2.929704043852510709e-01 -7.826853361261745801e-02
3.771999999999999886e+01 -2.560749811702240919e-01 2.591363019324491201e+00 5.948143855643880928e-02
3.773000000000000398e+01 -2.496045906822086935e-01 1.343030631551969778e+00 3.214725239627405640e-02
3.774000000000000199e+01 -2.483449399143112246e-01 8.489862778949368582e-01 -5.224670830660210069e-02
3.775000000000000000e+01 -2.465566844555929227e-01 1.957571934831086491e+00 1.390929459118298017e-02
3.775999999999999801e+01 -2.412715567201388911e-01 2.163153594108315758e+00 8.394061811460487577e-02
3.777000000000000313e+01 -2.379338712672888212e-01 1.048986505003752234e-01 -9.000274179182120304e-02
3.778000000000000114e+01 -2.382509942163243688e-01 2.536410621389951103e+00 4.242716870761922832e-02
3.778999999999999915e+01 -2.312860998483294572e-01 1.454305129556374920e+00 3.548696448134017190e-02
3.780000000000000426e+01 -2.290474312117453670e-01 1.581054589958948542e+00 2.486856212466190263e-02
3.781000000000000227e+01 -2.257147793834662630e-01 1.640503950565856295e+00 2.584769613616741402e-02
3.782000000000000028e+01 -2.226414638917443289e-01 9.871180334804326995e-01 -3.670008675328298442e-02
3.782999999999999829e+01 -2.214095885532215147e-01 7.510774120125065512e-01 -9.552878877916071154e-02
3.784000000000000341e+01 -2.192428677360501454e-01 1.727410394651886838e+00 -2.295473705559773758e-02
3.785000000000000142e+01 -2.139925114332201228e-01 2.185703749657537998e+00 7.206561211545067791e-02
3.785999999999999943e+01 -2.093067810447319377e-01 1.067794707150357736e+00 4.344296004281406054e-03
3.786999999999999744e+01 -2.080551768655275191e-01 1.092895167499910114e+00 -4.538016970430180930e-02
3.788000000000000256e+01 -2.055050652664048849e-01 1.192817702460237772e+00 -5.380854939209352150e-02
3.789000000000000057e+01 -2.020684040576724572e-01 1.758364138173632796e+00 4.580697647421819174e-03
3.789999999999999858e+01 -1.971004130215177896e-01 2.001135963964232545e+00 6.277994990977317502e-02
3.791000000000000369e+01 -1.934417503653074744e-01 1.986116786336339368e-01 -9.148400009311533077e-02
3.792000000000000171e+01 -1.939378540961794462e-01 1.252196215297177950e+00 -8.296671846430454800e-02
3.792999999999999972e+01 -1.893576510357244946e-01 1.776229664182924273e+00 -3.792812151922703157e-03
3.793999999999999773e+01 -1.841090023919391694e-01 1.929623920638314338e+00 5.473596207667161262e-02
3.795000000000000284e+01 -1.795373830163451145e-01 1.504714972984188215e+00 3.402229024016703574e-02
3.796000000000000085e+01 -1.762029317494165359e-01 1.654616188957919620e+00 2.857389326354581316e-02
3.796999999999999886e+01 -1.718349098747617987e-01 1.970005699564139068e+00 5.973088750622643217e-02
3.798000000000000398e+01 -1.677775744785119372e-01 5.988275088922652145e-01 -5.765885919174865148e-02
3.799000000000000199e+01 -1.666031419941906844e-01 1.999014241199107200e+00 1.032136130835925591e-02
3.800000000000000000e+01 -1.609429564068947660e-01 1.169011252891798192e+00 -1.619945410661824403e-02
3.800999999999999801e+01 -1.579299064680410869e-01 2.215581226680872984e+00 6.266411190190418479e-02
3.802000000000000313e+01 -1.516272866217501791e-01 2.036132631574938401e+00 9.338443665341028543e-02
3.803000000000000114e+01 -1.471689707535143721e-01 1.691919993986717108e+00 6.524474929021326086e-02
3.803999999999999915e+01 -1.438031501352625141e-01 1.367033055066774416e+00 1.289431470336206698e-02
3.805000000000000426e+01 -1.402196724068647538e-01 2.336740458972173418e+00 8.377663555880213164e-02
3.806000000000000227e+01 -1.352591316594310422e-01 2.203531907960571412e-01 -7.796138081011312615e-02
3.807000000000000028e+01 -1.353848518954192948e-01 2.192926240074891009e+00 1.587807225190843163e-02
3.807999999999999829e+01 -1.281569035919900290e-01 2.049239335574936316e+00 7.866647490327446923e-02
3.809000000000000341e+01 -1.237458153582710191e-01 1.335643238316630121e+00 2.990634147618917438e-02
3.810000000000000142e+01 -1.210925803125929012e-01 1.598825916569803551e+00 1.934980536877148327e-02
3.810999999999999943e+01 -1.171530517731142890e-01 1.406478309137416227e+00 1.521645075552566229e-03
3.811999999999999744e+01 -1.143916963386473612e-01 6.435205813620089588e-01 -8.261712276584581849e-02
3.813000000000000256e+01 -1.130223377609965996e-01 1.180500652776010018e+00 -7.459766120220610863e-02
3.814000000000000057e+01 -1.083660914031522038e-01 2.274289010558466106e+00 5.059447183327214770e-02
3.814999999999999858e+01 -1.026612869946470080e-01 5.372131150780433684e-01 -5.184543466608240725e-02
3.816000000000000369e+01 -1.012261396181252104e-01 2.439604367035821397e+00 5.999767220591639694e-02
3.817000000000000171e+01 -9.480792983783009609e-02 2.261064659679884459e-01 -8.113289140119604725e-02
3.817999999999999972e+01 -9.411528566897189862e-02 2.568293376007921403e+00 5.429422425221305804e-02
3.818999999999999773e+01 -8.641798831642495682e-02 9.240407697076301607e-01 -1.131200582485439310e-02
3.820000000000000284e+01 -8.420996493796646665e-02 2.227867859624800939e+00 6.077000849931399329e-02
3.821000000000000085e+01 -7.882116705503093568e-02 1.269403311675557644e-01 -9.707635906027796413e-02
3.821999999999999886e+01 -7.818018911729585074e-02 2.623015288315850402e+00 5.011775557885592147e-02
3.823000000000000398e+01 -7.019258894806509885e-02 8.631307355831144834e-01 -1.774528476550707445e-02
3.824000000000000199e+01 -6.786926672296805796e-02 2.595691454401508835e+00 9.389165439573890493e-02
3.825000000000000000e+01 -6.124147776513287622e-02 4.091158296926790672e-01 -4.969601321253505621e-02
3.825999999999999801e+01 -6.088516765078053061e-02 1.707024576299455809e+00 -1.876458657741605918e-02
3.827000000000000313e+01 -5.497491449385493584e-02 1.840652676149504563e+00 3.306375858112764465e-02
3.828000000000000114e+01 -4.985640164356030385e-02 1.671891789526804839e+00 4.116158919899340352e-02
3.828999999999999915e+01 -4.555742313329993326e-02 1.665817251937336652e+00 3.757301954598749050e-02
3.830000000000000426e+01 -4.091437440613360926e-02 1.987259363897937892e+00 6.626721477572047880e-02
3.831000000000000227e+01 -3.538792868994094371e-02 2.030115140882827074e+00 8.737653112807206024e-02
3.832000000000000028e+01 -3.054024083292084663e-02 1.517921681398193279e+00 4.451827661060542285e-02
3.832999999999999829e+01 -2.727974604689340637e-02 1.369522839295216343e+00 2.686626811111869628e-03
3.834000000000000341e+01 -2.342724787116567953e-02 2.013346811790499125e+00 4.932830924721537391e-02
3.835000000000000142e+01 -1.752555698213099228e-02 2.156007278888315337e+00 9.628439306101463369e-02
3.835999999999999943e+01 -1.360144207858926188e-02 -1.762149088012987877e-02 -9.920855054128574491e-02
3.836999999999999744e+01 -1.347511853143028814e-02 2.703899427306885705e+00 5.283510759569906567e-02
3.838000000000000256e+01 -5.440056708086738954e-03 8.729963009502552662e-01 -1.348053853938854796e-02
3.839000000000000057e+01 -3.658939240766051135e-03 1.985233236290779413e+00 3.676464231973039509e-02
3.839999999999999858e+01 1.385687463488859301e-03 6.559232955699140222e-01 -5.678513657971833578e-02
3.841000000000000369e+01 2.726090407879184878e-03 1.294617562185897519e+00 -5.424272887208062000e-02
3.842000000000000171e+01 7.716483982106761043e-03 2.240209987492178367e+00 5.455879851266606795e-02
3.842999999999999972e+01 1.406970500189399023e-02 1.596850491894852508e+00 5.211264635721504779e-02
3.843999999999999773e+01 1.784028849291638755e-02 1.578547469048086072e+00 3.279096868607422888e-02
3.845000000000000284e+01 2.113586832330522150e-02 4.365539096779866290e-01 -9.120283024069637812e-02
3.846000000000000085e+01 2.284678065040435593e-02 1.916756838227575255e+00 -1.234635215170598599e-02
3.846999999999999886e+01 2.869082145184364066e-02 9.267237472885759830e-01 -4.752776371122902077e-02
3.848000000000000398e+01 3.082084430434392508e-02 8.442509838494187679e-01 -8.764425754303771521e-02
3.849000000000000199e+01 3.384786928373973575e-02 1.308175738774804753e+00 -5.963314535539614852e-02
3.850000000000000000e+01 3.882769992879577664e-02 1.965095165518115694e+00 2.699035008575134675e-02
3.850999999999999801e+01 4.412398039752132850e-02 8.687825496454977259e-01 -3.685912486860239146e-02
3.852000000000000313e+01 4.726421351334739174e-02 2.454918024674857868e+00 7.103121209169896422e-02
3.853000000000000114e+01 5.437531565617348406e-02 1.458348415977630763e+00 4.270906235557053732e-02
3.853999999999999915e+01 5.731124663608463954e-02 8.096216780528954216e-01 -5.363890390586206064e-02
3.855000000000000426e+01 6.058364233874650312e-02 2.612535227678139726e+00 7.451321642014904767e-02
3.856000000000000227e+01 6.709645318576672179e-02 9.400244532542417764e-02 -8.828695440976980224e-02
3.857000000000000028e+01 6.738492517917923919e-02 1.834488149215565134e+00 -2.707504884740626061e-02
3.857999999999999829e+01 7.360921362474805163e-02 1.644560716843988191e+00 1.282857356350312894e-02
3.859000000000000341e+01 7.809178811259143149e-02 1.528978099702304361e+00 1.496400819299162355e-02
3.860000000000000142e+01 8.158505465153156888e-02 5.986276691552249174e-01 -8.197388277886663577e-02
3.860999999999999943e+01 8.432533793259454347e-02 2.429840266403797244e+00 4.409238707303014815e-02
3.861999999999999744e+01 9.183244948208564573e-02 2.024535099025441376e+00 8.963106002909568271e-02
3.863000000000000256e+01 9.636358014692747442e-02 1.493538129230508327e+00 4.432534182283637270e-02
3.864000000000000057e+01 9.996814746590036715e-02 1.568624596738179777e+00 1.952038303547727616e-02
3.864999999999999858e+01 1.037205629177106875e-01 9.983220638878088637e-01 -4.432324605194146866e-02
3.866000000000000369e+01 1.065655924170545304e-01 1.477483594567291503e+00 -2.930675779146081628e-02
3.867000000000000171e+01 1.104255924268987832e-01 6.424833241913803228e-01 -9.410052093878509827e-02
3.867999999999999972e+01 1.127495728720427637e-01 1.525815753274685882e+00 -4.564646685288797912e-02
3.868999999999999773e+01 1.178150459499970742e-01 1.792348575074321770e+00 1.776058448597284123e-02
3.870000000000000284e+01 1.225366387789654510e-01 1.362348708371801997e+00 3.862887732978964594e-03
3.871000000000000085e+01 1.256496878628279579e-01 7.382197135256181042e-01 -7.537557774691555634e-02
3.871999999999999886e+01 1.283188320952061423e-01 1.621930356082165625e+00 -3.094654934521463840e-02
3.873000000000000398e+01 1.334238164974093088e-01 1.667652815468427363e+00 1.026732794532865534e-02
3.874000000000000199e+01 1.378418493017160851e-01 1.446772129140577956e+00 5.064806510288025199e-03
3.875000000000000000e+01 1.411990814822778051e-01 7.556146394425844459e-01 -7.254291473245325084e-02
3.875999999999999801e+01 1.444545863004011166e-01 2.593063844377195615e+00 6.618142594415191149e-02
3.877000000000000313e+01 1.513500727158315629e-01 1.738116326715777538e+00 7.140369630318310623e-02
3.878000000000000114e+01 1.552772705825272714e-01 1.915264891430481953e+00 7.166621853379878671e-02
3.878999999999999915e+01 1.596321541860518389e-01 1.476957297742333752e+00 2.774535530038871323e-02
3.880000000000000426e+01 1.632954991826594537e-01 1.976285727981651252e+00 5.257099453587235627e-02
3.881000000000000227e+01 1.680896994762403063e-01 1.821802323035066173e+00 5.803000065185856537e-02
3.882000000000000028e+01 1.718337597029324648e-01 1.233576160537429800e+00 -4.747064160700587010e-04
3.882999999999999829e+01 1.744046963108092929e-01 9.020757451769074731e-01 -6.698895270005042479e-02
3.884000000000000341e+01 1.771033458688750228e-01 1.651029458093919100e+00 -2.169105879434030104e-02
3.885000000000000142e+01 1.816583940239847039e-01 1.877906276760596960e+00 3.642226582778482213e-02
3.885999999999999943e+01 1.860522794048522222e-01 1.729021042571954769e+00 4.806795797416851812e-02
3.886999999999999744e+01 1.892099087701809568e-01 4.793218855260351630e-01 -7.770945078501152736e-02
3.888000000000000256e+01 1.907176452775221631e-01 1.227993438618800504e+00 -7.672973091959514602e-02
3.889000000000000057e+01 1.945283241008139707e-01 1.478997033863772792e+00 -3.291048520329929727e-02
3.889999999999999858e+01 1.988619828874302886e-01 2.537179427680210875e+00 9.658103700830980576e-02
3.891000000000000369e+01 2.035550286017269173e-01 1.612510689128180408e-01 -7.196600151333930329e-02
3.892000000000000171e+01 2.041796881368886929e-01 1.125959535903099162e+00 -9.125385932892458862e-02
3.892999999999999972e+01 2.078348576156351657e-01 1.308488052617314379e+00 -5.953593532133164001e-02
3.893999999999999773e+01 2.117352429425294336e-01 2.196995880364370990e+00 4.909564742971747608e-02
3.895000000000000284e+01 2.168424234323995392e-01 2.020474950482706866e+00 8.844819299136852386e-02
3.896000000000000085e+01 2.201133964688880840e-01 1.256297860286485213e-01 -9.307447620924463871e-02
3.896999999999999886e+01 2.211350035185934149e-01 1.308272431330967933e+00 -8.476073611726533952e-02
3.898000000000000398e+01 2.254154798239480506e-01 2.363452074429283734e+00 5.109998100167501001e-02
3.899000000000000199e+01 2.300617040445201711e-01 9.520919138324569486e-01 -1.303924697712735559e-02
3.900000000000000000e+01 2.320838160716242882e-01 9.424869869056291538e-01 -7.037235030264654689e-02
3.900999999999999801e+01 2.353019549785741460e-01 2.527052381662578284e+00 6.349943297187551905e-02
3.902000000000000313e+01 2.398544207838937126e-01 2.648569898597077921e-01 -7.648134771300607593e-02
3.903000000000000114e+01 2.412845931123261400e-01 1.951959551556377681e+00 -8.382113533800181204e-03
3.903999999999999915e+01 2.454299128719331924e-01 8.933140425941062945e-01 -5.415727466279072339e-02
3.905000000000000426e+01 2.481902435381546645e-01 2.517033497922749330e+00 7.069000028077768172e-02
3.906000000000000227e+01 2.527061773073875361e-01 9.089334538800228902e-01 -1.125182909963946820e-02
3.907000000000000028e+01 2.551734248801408311e-01 2.568722223923511461e+00 8.859040903257875410e-02
3.907999999999999829e+01 2.596668328445743690e-01 1.333828080690617979e+00 3.476280164403927619e-02
3.909000000000000341e+01 2.618506826332310800e-01 7.009443784688251800e-01 -7.283851840111912890e-02
3.910000000000000142e+01 2.640420078067168830e-01 1.931870909563988992e+00 -3.735350617918603566e-03
3.910999999999999943e+01 2.680194201649891972e-01 2.088736721762404880e+00 6.689530921361888649e-02
3.911999999999999744e+01 2.710871217157389546e-01 3.841892190218637593e-01 -7.201599100292294109e-02
3.913000000000000256e+01 2.728834437168308757e-01 2.578931546199484615e+00 5.656399165703482335e-02
3.914000000000000057e+01 2.774122301546609881e-01 2.073711951290809541e+00 9.977298490574590395e-02
3.914999999999999858e+01 2.801773545595324655e-01 5.393420706058141834e-01 -4.651625074573906282e-02
3.916000000000000369e+01 2.816164244958373475e-01 1.267366404370010136e+00 -6.342142742011820655e-02
3.917000000000000171e+01 2.846114729710350622e-01 2.084862838120288497e+00 2.958651609952669959e-02
3.917999999999999972e+01 2.875535548329841151e-01 4.342956270762694526e-01 -7.873941520534402660e-02
3.918999999999999773e+01 2.894283972690602780e-01 2.575377344306867489e+00 5.833051054863813700e-02
3.920000000000000284e+01 2.929474997767551603e-01 3.961441120189788112e-01 -6.402617333676147160e-02
3.921000000000000085e+01 2.945589956009461163e-01 2.090710706066541302e+00 1.432499844938468769e-02
3.921999999999999886e+01 2.975422406603574488e-01 3.640938217508927210e-01 -9.445799971703738862e-02
3.923000000000000398e+01 2.990758347294993902e-01 1.439116058231535211e+00 -6.137746629021727934e-02
3.924000000000000199e+01 3.019686356061161980e-01 2.104282173077130391e+00 3.916575479281106387e-02
3.925000000000000000e+01 3.048932000231394657e-01 1.404591776323601993e+00 2.181403302092599361e-02
3.925999999999999801e+01 3.070048923814838737e-01 7.096923737279965394e-01 -7.174017929183090780e-02
3.927000000000000313e+01 3.088278068475942550e-01 1.319302575968700042e+00 -6.197349131567304881e-02
3.928000000000000114e+01 3.114314332539060981e-01 2.225164727788357055e+00 4.687487068006512825e-02
3.928999999999999915e+01 3.143369098217123070e-01 2.152239260716487301e+00 9.976809757708751669e-02
3.930000000000000426e+01 3.166993539712186778e-01 5.268496333903445183e-01 -4.728967330550162829e-02
3.931000000000000227e+01 3.184918605130157010e-01 2.512537656802951602e+00 5.861074160769891295e-02
3.932000000000000028e+01 3.210066599522119479e-01 2.031660857667040854e-01 -8.871457228863421918e-02
3.932999999999999829e+01 3.225147845753468245e-01 2.038839352991493659e+00 -5.711864070888708622e-03
3.934000000000000341e+01 3.250722337459376332e-01 2.259264767112765693e+00 8.486190064984050485e-02
3.935000000000000142e+01 3.273295265591220082e-01 1.204216697730364105e+00 1.951046782554284598e-02
3.935999999999999943e+01 3.291279578288444640e-01 1.208955021376032279e+00 -3.011344616232312921e-02
3.936999999999999744e+01 3.310180066932884579e-01 2.141471403056425693e+00 4.388022758862536454e-02
3.938000000000000256e+01 3.330806286459230825e-01 1.342282524327460980e+00 1.392682254830099331e-02
3.939000000000000057e+01 3.348631151033460429e-01 1.490657517886310179e+00 9.862966177813375923e-04
3.939999999999999858e+01 3.367037532911739128e-01 2.139664847226068645e+00 6.251248587645369392e-02
3.941000000000000369e+01 3.386091279983221014e-01 1.701493009747699015e+00 5.595414889771771483e-02
3.942000000000000171e+01 3.403233175885967965e-01 1.145628726525444341e+00 -1.167586824650448940e-02
3.942999999999999972e+01 3.419341279365391006e-01 1.979238598238099778e+00 3.379496861864050850e-02
3.943999999999999773e+01 3.435499612850573259e-01 1.455419916518515766e+00 1.771526032226541925e-02
3.945000000000000284e+01 3.450928429945681608e-01 1.107096100296026897e+00 -3.243788894820941182e-02
3.946000000000000085e+01 3.465282754324461312e-01 1.051221109766112605e+00 -6.399053688169160925e-02
3.946999999999999886e+01 3.479332685916100565e-01 1.910950801298701540e+00 1.067089036023918802e-02
3.948000000000000398e+01 3.492738230510297193e-01 9.737627341754757637e-01 -3.526509461561773418e-02
3.949000000000000199e+01 3.507263733947447726e-01 2.236433949468179083e+00 5.273756148038710734e-02
3.950000000000000000e+01 3.520155798544011838e-01 1.828818995140603976e+00 6.891598029259418667e-02
3.950999999999999801e+01 3.532960096589127796e-01 1.494052806362634822e+00 3.196209993429569018e-02
3.952000000000000313e+01 3.546889326279595855e-01 9.260456501963700848e-01 -4.766493231420803472e-02
3.953000000000000114e+01 3.559215164572180345e-01 1.782502214109017880e+00 -2.525369764810242446e-03
3.953999999999999915e+01 3.568889657964889883e-01 2.310509568536404323e+00 8.715573340975349415e-02
3.955000000000000426e+01 3.578667746250703829e-01 8.447834990718561254e-01 -1.385706527397119470e-02
3.956000000000000227e+01 3.592843955605055650e-01 1.270197214114380024e+00 -4.210044794819243347e-02
3.957000000000000028e+01 3.602361613174500654e-01 2.297380119965937162e+00 5.853004736437428246e-02
3.957999999999999829e+01 3.608144975042775759e-01 2.015754833730311724e+00 9.186543871673288897e-02
3.959000000000000341e+01 3.617314872609340148e-01 1.202395592003797864e+00 1.543802519863694822e-02
3.960000000000000142e+01 3.629539832276657552e-01 1.757682060012976333e+00 2.235693608684304057e-02
3.960999999999999943e+01 3.635599594307190596e-01 1.541834406794557299e+00 1.618054614332400942e-02
3.961999999999999744e+01 3.643605769386289439e-01 1.641328675359596145e+00 2.161360249565791314e-02
3.963000000000000256e+01 3.650107794475651035e-01 1.936189644736833415e+00 5.495002273134130810e-02
3.964000000000000057e+01 3.655783879650684742e-01 1.048312289901446315e+00 -1.487261171569012608e-02
3.964999999999999858e+01 3.666068844447851194e-01 1.670872888400467993e+00 2.331582386564917675e-03
3.966000000000000369e+01 3.670571341023007861e-01 6.798421195598191025e-01 -7.591291779060363454e-02
3.967000000000000171e+01 3.680415013310004979e-01 1.947247225927453584e+00 2.541699292738591742e-03
3.967999999999999972e+01 3.678731543930412462e-01 2.072010815666768035e+00 7.099563809598674613e-02
3.968999999999999773e+01 3.682424999878861072e-01 2.439540928612368431e-01 -8.302666310163663022e-02
3.970000000000000284e+01 3.695380426574253474e-01 2.890268290663760453e+00 8.150402934763498197e-02
3.971000000000000085e+01 3.686282399838461954e-01 1.680760613576445517e-01 -7.231407784687049478e-02
3.971999999999999886e+01 3.703658201818622597e-01 1.933769266313226654e+00 -9.185656688375232193e-03
3.973000000000000398e+01 3.697788266524074663e-01 1.592842978659157360e+00 1.547912166015601165e-02
3.974000000000000199e+01 3.697947380152403207e-01 2.357521514659128403e+00 9.589318835441859590e-02
3.975000000000000000e+01 3.693608813248615008e-01 1.330080715585708839e+00 3.600039073666985723e-02
3.975999999999999801e+01 3.700625019045120645e-01 1.620361299608054084e+00 1.896627285343502334e-02
3.977000000000000313e+01 3.699602999979081930e-01 1.719593598809462609e+00 2.795699567135273567e-02
3.978000000000000114e+01 3.699262531008010724e-01 1.084113244860301917e+00 -2.740268368555930090e-02
3.978999999999999915e+01 3.701607907903536332e-01 2.636561658493191462e+00 9.381729722362414092e-02
3.980000000000000426e+01 3.686916923233320431e-01 1.811510445596667074e+00 8.912094757003308221e-02
3.981000000000000227e+01 3.691398154442610546e-01 6.736629783778556035e-01 -4.406166671485887282e-02
3.982000000000000028e+01 3.703086101284581710e-01 9.798987947679144161e-01 -8.871487489279301919e-02
3.982999999999999829e+01 3.703183491257083793e-01 1.363961136189890011e+00 -5.651138258867469816e-02
3.984000000000000341e+01 3.699644100831609994e-01 7.795790869588449246e-01 -8.974820917324095870e-02
3.985000000000000142e+01 3.699780400329107932e-01 2.654035018813645674e+00 7.212696191372255927e-02
3.985999999999999943e+01 3.680330395169621460e-01 6.600681879569048061e-01 -2.869311097489200824e-02
3.986999999999999744e+01 3.689565090719234552e-01 2.571035376349410484e+00 7.932209620442051690e-02
3.988000000000000256e+01 3.668940986446851960e-01 1.007020005600256729e+00 3.289590441930556608e-04
3.989000000000000057e+01 3.678830219763832288e-01 7.321955404095911168e-01 -8.792176534278489664e-02
3.989999999999999858e+01 3.677001538887562093e-01 2.765976393258284816e+00 7.503848097624371549e-02
3.991000000000000369e+01 3.651564819387789207e-01 3.831392888884441184e-01 -5.560819717257417527e-02
3.992000000000000171e+01 3.665154441106594496e-01 2.384292645736004967e+00 4.439960510989135467e-02
3.992999999999999972e+01 3.644233782109886910e-01 2.298741328437948483e-01 -9.316336618496097455e-02
3.993999999999999773e+01 3.660972351632152955e-01 1.147104832407779496e+00 -9.548478906042819070e-02
3.995000000000000284e+01 3.650128598388717172e-01 1.601906625290024477e+00 -3.162615686138540994e-02
3.996000000000000085e+01 3.634054326110673361e-01 1.646373080613147133e+00 9.209122076412445956e-03
3.996999999999999886e+01 3.620447467516068052e-01 2.062563412458429113e+00 6.406282306163443852e-02
3.998000000000000398e+01 3.601337517184142190e-01 2.083475531963704608e+00 9.116128095897624295e-02
3.999000000000000199e+01 3.592332166309358810e-01 1.839525409011829038e-01 -8.991722052990960834e-02
4.000000000000000000e+01 3.607909863544369600e-01 1.547148845285436947e+00 -6.168623956562768740e-02
4.000999999999999801e+01 3.584995087531814839e-01 1.947315703066586856e+00 2.069491164589057353e-02
4.002000000000000313e+01 3.564814221551578788e-01 1.333749392888196494e+00 2.465996499361883254e-03
4.003000000000000114e+01 3.559916480963771224e-01 1.453038956345111377e+00 -8.187621046350887499e-03
4.003999999999999915e+01 3.544480194353182290e-01 2.314278337179644485e+00 7.382210972023736661e-02
4.005000000000000426e+01 3.516743626990175287e-01 1.694579092162156186e+00 6.049658262677878873e-02
4.006000000000000227e+01 3.509134206075870122e-01 1.185444477746557368e+00 -9.467365068582214715e-03
4.007000000000000028e+01 3.506542913848508802e-01 1.093682304065215716e+00 -5.618125071422275241e-02
4.007999999999999829e+01 3.501221873355403469e-01 8.753159974950655009e-01 -9.401165221508128722e-02
4.009000000000000341e+01 3.492859459330147076e-01 1.666476466843340720e+00 -3.024462947114357758e-02
4.010000000000000142e+01 3.466219563548364468e-01 2.110824903875644587e+00 5.558994371335043705e-02
4.010999999999999943e+01 3.445785829001812295e-01 3.081461661983995182e-01 -8.381710413109361157e-02
4.011999999999999744e+01 3.452467657897623221e-01 2.658822902783685382e+00 5.728154820785075207e-02
4.013000000000000256e+01 3.410137625971204067e-01 4.391538254650400042e-01 -6.223230502413790166e-02
4.014000000000000057e+01 3.415469047866914187e-01 2.777312785433271980e+00 8.084373077513198891e-02
4.014999999999999858e+01 3.372839756513799081e-01 2.054155100772174225e-01 -7.535651395190151591e-02
4.016000000000000369e+01 3.389767277859014882e-01 1.712728494257103939e+00 -3.566830348263530515e-02
4.017000000000000171e+01 3.359258896627518864e-01 1.247721948844896289e+00 -3.625087061872776795e-02
4.017999999999999972e+01 3.338876244200486010e-01 2.680541745345159210e+00 9.952975231235736131e-02
4.018999999999999773e+01 3.299273307607479833e-01 6.145709633310119102e-01 -2.815781981722191574e-02
4.020000000000000284e+01 3.305189406486221948e-01 2.321561845383149691e+00 4.878848186471979043e-02
4.021000000000000085e+01 3.266122832812700105e-01 8.853601890124537244e-01 -3.114403722608108382e-02
4.021999999999999886e+01 3.264741891497102699e-01 1.687438557872578793e+00 -8.190079037130010287e-03
4.023000000000000398e+01 3.234760274409688718e-01 1.804528464151659906e+00 2.829364478511867120e-02
4.024000000000000199e+01 3.209507898175952278e-01 1.365243541327679777e+00 2.181358231624602739e-03
4.025000000000000000e+01 3.198488240027576590e-01 9.918545984093177781e-01 -5.489908789046804571e-02
4.025999999999999801e+01 3.189489924923385455e-01 1.161433997803022589e+00 -6.661526897864833430e-02
4.027000000000000313e+01 3.162759449702394754e-01 2.711291467979233705e+00 8.873906020142618978e-02
4.028000000000000114e+01 3.112031846206276819e-01 1.114996058993027672e+00 2.037195478412201499e-02
4.028999999999999915e+01 3.111039728036688601e-01 1.434377019666916997e+00 -9.448117166867706085e-03
4.030000000000000426e+01 3.088677267423891593e-01 1.452467667939225882e+00 -1.447134270888553176e-02
4.031000000000000227e+01 3.059987321594051513e-01 2.410245907744623661e+00 8.205216768854611820e-02
4.032000000000000028e+01 3.021893016927432729e-01 4.881083362808413817e-01 -5.291545649524320716e-02
4.032999999999999829e+01 3.032059183957256376e-01 1.373930593691579105e+00 -5.573399822872074361e-02
4.034000000000000341e+01 2.998019647531591225e-01 2.176282120849092117e+00 4.212534292865827146e-02
4.035000000000000142e+01 2.958248206805575986e-01 8.955042022840387084e-01 -2.885287706590929091e-02
4.035999999999999943e+01 2.952257071462826565e-01 1.887960350250797559e+00 1.489742636232123385e-02
4.036999999999999744e+01 2.917338368501198875e-01 8.305897820468289838e-01 -5.464516531736154925e-02
4.038000000000000256e+01 2.902689425396420830e-01 2.708427676304011822e+00 8.557549965315414120e-02
4.039000000000000057e+01 2.841483178614155891e-01 1.595522766562402772e+00 6.501710125861684397e-02
4.039999999999999858e+01 2.823089841089506669e-01 1.908640092823586487e+00 6.400555366338922525e-02
4.041000000000000369e+01 2.799015725266654209e-01 3.132334730508876119e-01 -9.156359441866120108e-02
4.042000000000000171e+01 2.808080462616813766e-01 1.158568893121418419e+00 -9.582364983000749015e-02
4.042999999999999972e+01 2.780480333381899483e-01 1.052998362582095560e+00 -8.577850864099981210e-02
4.043999999999999773e+01 2.755706942576919838e-01 1.541380196162504879e+00 -3.115773374145583419e-02
4.045000000000000284e+01 2.722688072894970390e-01 1.205838407487775488e+00 -3.499771514643697234e-02
4.046000000000000085e+01 2.694273903001170312e-01 2.372335576775834287e+00 7.020682040603284935e-02
4.046999999999999886e+01 2.638560882203151992e-01 1.748292941639336240e+00 6.844828898999111289e-02
4.048000000000000398e+01 2.609670953264828230e-01 1.899408637504014674e+00 6.695794034557486785e-02
4.049000000000000199e+01 2.577559671794541485e-01 1.195041332696012981e+00 -3.394762833317854778e-03
4.050000000000000000e+01 2.559265566646547474e-01 1.746522823161675175e+00 1.178574535464234352e-02
4.050999999999999801e+01 2.522319629988908907e-01 1.306363227552968631e+00 -1.271867921597161222e-02
4.052000000000000313e+01 2.500900607957096122e-01 1.331784747252089174e+00 -2.612253168845361795e-02
4.053000000000000114e+01 2.478414411743319612e-01 7.968390120087377460e-01 -8.301720952821589616e-02
4.053999999999999915e+01 2.455986989206924431e-01 2.548280834259359917e+00 6.030209915945375365e-02
4.055000000000000426e+01 2.391881351147393253e-01 1.196437315482372421e+00 1.602276161932011944e-02
4.056000000000000227e+01 2.378667244620468746e-01 1.591505756388903459e+00 9.085004682679392873e-03
4.057000000000000028e+01 2.343658888566194642e-01 1.531887216787951367e+00 5.774479593243869724e-03
4.057999999999999829e+01 2.316441747236108462e-01 7.987042359494730404e-01 -6.774666588890079777e-02
4.059000000000000341e+01 2.295392237965880600e-01 2.561424492516705342e+00 6.575578210465968243e-02
4.060000000000000142e+01 2.228157188172960879e-01 1.379632094649237084e+00 3.520240141393371491e-02
4.060999999999999943e+01 2.211567278239474355e-01 1.287628582713228775e+00 -1.071886218220756415e-02
4.061999999999999744e+01 2.186919034612823942e-01 1.319107139172536858e+00 -2.907141129036867888e-02
4.063000000000000256e+01 2.161102382032279723e-01 7.853209158845723126e-01 -8.563577708335312622e-02
4.064000000000000057e+01 2.134834345936625633e-01 2.678315837338401728e+00 7.256277033616484462e-02
4.064999999999999858e+01 2.063084841713049844e-01 1.205838061725023946e+00 2.471479668223512671e-02
4.066000000000000369e+01 2.046034438364966734e-01 1.998400876258701331e+00 5.300640715123935975e-02
4.067000000000000171e+01 1.995052557122628245e-01 1.961860000065105414e+00 7.250996479493077018e-02
4.067999999999999972e+01 1.959042979044705590e-01 8.597605192585946465e-01 -2.971785011999532322e-02
4.068999999999999773e+01 1.948508942887618445e-01 1.582119518424302429e+00 -1.877714750233701324e-02
4.070000000000000284e+01 1.898934916387994554e-01 2.393518398874582509e+00 8.306933692390958135e-02
4.071000000000000085e+01 1.849797877663486578e-01 1.964197252873327026e-01 -7.840130146259471910e-02
4.071999999999999886e+01 1.857829155063725202e-01 1.956436928741750680e+00 -1.047832171909164611e-02
4.073000000000000398e+01 1.795909528603369665e-01 1.722628281250874860e+00 2.876735451420389666e-02
4.074000000000000199e+01 1.762804064898673695e-01 5.816267081319662635e-01 -7.205747061705161660e-02
4.075000000000000000e+01 1.755093224268008401e-01 1.614220260214673131e+00 -3.283419816264357416e-02
4.075999999999999801e+01 1.707924073464923420e-01 1.095688105793342526e+00 -4.719326763154026161e-02
4.077000000000000313e+01 1.672357004573928607e-01 2.615610933367569224e+00 8.937576454628989864e-02
4.078000000000000114e+01 1.611797081286015509e-01 -9.516121809990467362e-02 -9.976990727496713729e-02
4.078999999999999915e+01 1.629682454535227865e-01 1.596239579675319487e+00 -5.979272802861557157e-02
4.080000000000000426e+01 1.563601003105130338e-01 2.666582093599302539e+00 9.676553380567237683e-02
4.081000000000000227e+01 1.498078206267034751e-01 4.362263564650926684e-01 -4.144712808210009730e-02
4.082000000000000028e+01 1.504947822233003996e-01 1.281334292310132073e+00 -5.916472674315886859e-02
4.082999999999999829e+01 1.455320834202455671e-01 2.417750370439713858e+00 6.369174726193313485e-02
4.084000000000000341e+01 1.385260742377404097e-01 1.603708899296798052e+00 5.523906377951842694e-02
4.085000000000000142e+01 1.357827799900462595e-01 1.056780934694480978e+00 -2.172418896074299055e-02
4.085999999999999943e+01 1.334451900552118264e-01 1.575039317466732092e+00 -1.264960014595239990e-02
4.086999999999999744e+01 1.290966184207721357e-01 1.184309007447963635e+00 -3.487090619512721312e-02
4.088000000000000256e+01 1.253910480499127733e-01 2.346868119039418055e+00 6.648258788325026036e-02
4.089000000000000057e+01 1.196529041288886402e-01 3.771840094611784155e-01 -6.792220232699261451e-02
4.089999999999999858e+01 1.193962122667121123e-01 2.013541133735926358e+00 3.207800618295245099e-03
4.091000000000000369e+01 1.132458973734727925e-01 1.047088870011029904e+00 -3.244017156134355873e-02
4.092000000000000171e+01 1.113957260345987549e-01 7.617327610556088313e-01 -9.145456894758129118e-02
4.092999999999999972e+01 1.079794815034918615e-01 2.762239883142670216e+00 7.851026853097017866e-02
4.093999999999999773e+01 1.001824138842794809e-01 6.297542743676542987e-01 -2.782432249540381375e-02
4.095000000000000284e+01 9.959587682612169868e-02 1.823898704041613250e+00 5.277879201820809274e-03
4.096000000000000085e+01 9.423786476929840727e-02 1.084556721266899837e+00 -3.363527815899736151e-02
4.096999999999999886e+01 9.179857397745110059e-02 1.047274093430242470e+00 -6.431942317532216014e-02
4.098000000000000398e+01 8.820900798962585942e-02 1.843098818445646270e+00 2.809474726107971665e-03
4.099000000000000199e+01 8.264446439323513971e-02 1.316567036990394790e+00 -6.838038082487618574e-03
4.100000000000000000e+01 7.889888719906408554e-02 2.026918494092730949e+00 4.821017801484711596e-02
4.100999999999999801e+01 7.303053788745286767e-02 1.807822831888697079e+00 5.910656513516127086e-02
4.102000000000000313e+01 6.866055935393951259e-02 1.519189966748248688e+00 2.868700361455817083e-02
4.103000000000000114e+01 6.576543280208808906e-02 5.700027560270247706e-01 -8.405989557191551054e-02
4.103999999999999915e+01 6.423550452556318902e-02 1.510939118732971709e+00 -5.013178479057725512e-02
4.105000000000000426e+01 5.936191570270506895e-02 1.005346482622811122e+00 -6.435130010810183321e-02
4.106000000000000227e+01 5.670996214596869811e-02 8.822241617879492681e-01 -8.965547097879010552e-02
4.107000000000000028e+01 5.294664641295756397e-02 2.357988668107756425e+00 4.421057074290765665e-02
4.107999999999999829e+01 4.611871413201176773e-02 7.676487645747782640e-01 -3.388311371678363881e-02
4.109000000000000341e+01 4.443887723255988270e-02 1.789596937033975488e+00 3.369362086879656992e-03
4.110000000000000142e+01 3.884620769245320654e-02 1.410365290081549983e+00 -1.750355783246185237e-03
4.110999999999999943e+01 3.506124993790059319e-02 1.380003685788954826e+00 -1.319456506905145043e-02
4.111999999999999744e+01 3.041815785714329506e-02 2.435762565517932465e+00 8.568465177285128354e-02
4.113000000000000256e+01 2.393883516590144395e-02 1.063562536559291560e+00 7.399058303470831821e-03
4.114000000000000057e+01 2.242762070365339477e-02 8.496781374686210864e-01 -7.236759219170030288e-02
4.114999999999999858e+01 1.993946021580154590e-02 1.092666191671834097e+00 -8.185475144863457730e-02
4.116000000000000369e+01 1.571438380478113947e-02 1.816229361283526522e+00 -3.797542045056070958e-03
4.117000000000000171e+01 1.063669161404807301e-02 6.115103197025509862e-01 -7.754112105819804812e-02
4.117999999999999972e+01 8.466565434488029437e-03 2.139278704991613989e+00 2.054520880692564666e-02
4.118999999999999773e+01 1.827066572729723910e-03 1.271243375189584857e+00 8.287205305256978294e-04
4.120000000000000284e+01 -1.856287199735123274e-03 2.219023880929009263e+00 6.915866373654933064e-02
4.121000000000000085e+01 -7.923887701770613093e-03 1.403440569606817956e+00 2.987538648845142197e-02
4.121999999999999886e+01 -1.161315500608799123e-02 2.249739238837596300e+00 8.167407118419109380e-02
4.123000000000000398e+01 -1.746014716354317778e-02 1.392982638021755371e+00 3.197690868172281542e-02
4.124000000000000199e+01 -2.083068149754606704e-02 2.072372667763161314e+00 6.399289550620088085e-02
4.125000000000000000e+01 -2.605358348759266932e-02 1.290568830014172219e+00 1.224187459262633670e-02
4.125999999999999801e+01 -2.888763638502940545e-02 1.458659470854364981e+00 -4.631336029912086483e-03
4.127000000000000313e+01 -3.323970840786773240e-02 2.134719940177174813e+00 6.076911176572172280e-02
4.128000000000000114e+01 -3.901824586271226275e-02 1.851438757763605114e+00 7.250544980611958734e-02
4.128999999999999915e+01 -4.296775885514997340e-02 1.235018961002683380e+00 8.831931765343997709e-03
4.130000000000000426e+01 -4.616763921205097737e-02 2.320978640913497149e+00 7.903665614449126298e-02
4.131000000000000227e+01 -5.191874553767387990e-02 1.080910423134860965e+00 5.471902179056770121e-03
4.132000000000000028e+01 -5.426332886671657307e-02 1.973005037938672546e+00 4.225229632153210124e-02
4.132999999999999829e+01 -5.902896283478618195e-02 8.169773859486886280e-01 -4.046593110463490156e-02
4.134000000000000341e+01 -6.145392578060296374e-02 2.393913523569457968e+00 6.370086302864194638e-02
4.135000000000000142e+01 -6.710076977996973224e-02 1.494703901017643277e-01 -8.740555757666107484e-02
4.135999999999999943e+01 -6.767085667083351519e-02 2.355807397409936055e+00 3.014435603797810392e-02
4.136999999999999744e+01 -7.486395619638848420e-02 1.854034080920412775e+00 6.943589441126393758e-02
4.138000000000000256e+01 -7.834633008083800865e-02 4.368563617350281203e-01 -6.603716783487829922e-02
4.139000000000000057e+01 -7.920415682767231735e-02 1.252905597833382068e+00 -6.803136821880981233e-02
4.139999999999999858e+01 -8.299601746843836281e-02 7.436508931591827576e-01 -9.993237298786653011e-02
4.141000000000000369e+01 -8.599515565803790562e-02 1.705464413950516178e+00 -2.284912216715925815e-02
4.142000000000000171e+01 -9.101821897837328312e-02 1.109392733598661751e+00 -3.364782563457746623e-02
4.142999999999999972e+01 -9.475824738057778140e-02 2.438992856130313136e+00 8.034887288088948809e-02
4.143999999999999773e+01 -1.013357638295029478e-01 1.780023003888305810e+00 8.114998340115997522e-02
4.145000000000000284e+01 -1.050938535273717445e-01 1.454451583491064071e+00 3.249671107244953006e-02
4.146000000000000085e+01 -1.085911965444433802e-01 1.667370805647757859e+00 2.587974844820359333e-02
4.146999999999999886e+01 -1.131970215895520965e-01 2.137165898908692796e+00 7.590148587657141732e-02
4.148000000000000398e+01 -1.181878130222248496e-01 1.395063642471515708e+00 3.182123753366677965e-02
4.149000000000000199e+01 -1.206903297118100543e-01 6.828691692935975333e-01 -7.091356836193857260e-02
4.150000000000000000e+01 -1.226664700814167203e-01 1.297790876363133172e+00 -6.170615277170097418e-02
4.150999999999999801e+01 -1.266667264892648581e-01 1.358881590947987217e+00 -3.528713382550366373e-02
4.152000000000000313e+01 -1.310254733120372050e-01 2.249365698245548995e+00 6.658775751294720990e-02
4.153000000000000114e+01 -1.366162768924695237e-01 1.817553085351611974e+00 7.770682738319686922e-02
4.153999999999999915e+01 -1.405136880804663535e-01 1.604987708863879758e+00 4.797034339418318472e-02
4.155000000000000426e+01 -1.441790946567662879e-01 1.876734161615217777e+00 5.643556053300310960e-02
4.156000000000000227e+01 -1.478634903191693994e-01 3.965857263955616108e-01 -8.110182393512893606e-02
4.157000000000000028e+01 -1.494969572917270728e-01 2.236338557287274487e+00 2.196986050582087902e-02
4.157999999999999829e+01 -1.553417043448870882e-01 1.400966979914322730e+00 1.805822844567059327e-02
4.159000000000000341e+01 -1.581423334725501895e-01 9.654052613993089338e-01 -4.249840813464594164e-02
4.160000000000000142e+01 -1.613645384980956221e-01 2.728036792462066540e+00 9.841999970643658391e-02
4.160999999999999943e+01 -1.668494933448915196e-01 -1.397120696890315483e-01 -9.699883311630093374e-02
4.161999999999999744e+01 -1.667657169023895325e-01 1.830555355221761271e+00 -3.365188591730901291e-02
4.163000000000000256e+01 -1.722919977190846552e-01 2.076568682243977726e+00 5.552295354567524099e-02
4.164000000000000057e+01 -1.766405999133337512e-01 7.433462150113482325e-01 -3.541895863401618716e-02
4.164999999999999858e+01 -1.781140165262589115e-01 9.049969774885333607e-01 -8.441874136564318787e-02
4.166000000000000369e+01 -1.814545734536856803e-01 2.210087908685460789e+00 3.031031494169780793e-02
4.167000000000000171e+01 -1.866261147866125902e-01 1.012917907109475824e+00 -1.612166825894531530e-02
4.167999999999999972e+01 -1.888248802463181886e-01 1.161341949362463266e+00 -4.490246379974978386e-02
4.168999999999999773e+01 -1.917665915574996993e-01 9.471542348370995956e-01 -7.587492028040881964e-02
4.170000000000000284e+01 -1.953394977831032220e-01 2.749912044629084118e+00 8.921345672340830202e-02
4.171000000000000085e+01 -2.012165822054670927e-01 1.252004551425964118e+00 3.890977407566781343e-02
4.171999999999999886e+01 -2.038663226322731392e-01 2.267594707053431247e+00 8.676588226726120179e-02
4.173000000000000398e+01 -2.085903212742711843e-01 1.922363273641499504e+00 8.707987997925670243e-02
4.174000000000000199e+01 -2.118120830667531151e-01 6.301688773607164729e-01 -4.775382642846122405e-02
4.175000000000000000e+01 -2.132021526756700813e-01 1.035638348207999382e+00 -8.400377077405292436e-02
4.175999999999999801e+01 -2.167466194890586006e-01 2.715867297034726402e+00 8.198139640041579579e-02
4.177000000000000313e+01 -2.221334719411762193e-01 1.149695980655568217e+00 2.641190007192081857e-02
4.178000000000000114e+01 -2.239618747397851550e-01 1.021363823590485165e+00 -4.216635716831334396e-02
4.178999999999999915e+01 -2.265131174147556603e-01 1.498484911785711748e+00 -2.564056874736005132e-02
4.180000000000000426e+01 -2.300271073243487507e-01 1.539007407815368156e+00 -2.209662161370196110e-03
4.181000000000000227e+01 -2.334129509123320789e-01 1.678342022176121828e+00 2.242015306012426490e-02
4.182000000000000028e+01 -2.363800040012076775e-01 4.821880235079058497e-01 -8.571004383137735549e-02
4.182999999999999829e+01 -2.380634536155198933e-01 1.467585400311183896e+00 -5.331841957647918268e-02
4.184000000000000341e+01 -2.414565379178369720e-01 9.177680591335874993e-01 -7.366032605581310233e-02
4.185000000000000142e+01 -2.443857787372451795e-01 2.590376765194463360e+00 7.550841239457636855e-02
4.185999999999999943e+01 -2.489368425482346714e-01 8.759808273800235856e-01 -6.832635831701835971e-03
4.186999999999999744e+01 -2.509356791191486580e-01 2.146547679331949343e+00 5.028958495782087645e-02
4.188000000000000256e+01 -2.549155278374897193e-01 1.616578531369993410e+00 4.218591993304618426e-02
4.189000000000000057e+01 -2.575095553388612180e-01 6.999570250471445210e-01 -6.170618556243195191e-02
4.189999999999999858e+01 -2.595735578325594761e-01 2.068499788164261055e+00 1.617404319090756659e-02
4.191000000000000369e+01 -2.631674241714251905e-01 5.664884255785227474e-01 -7.319373271627412081e-02
4.192000000000000171e+01 -2.648369844173713017e-01 1.434713579699635977e+00 -4.944547478494337039e-02
4.192999999999999972e+01 -2.681311119309055524e-01 2.130257650967128935e+00 4.610720804821560881e-02
4.193999999999999773e+01 -2.715194756888552052e-01 7.691671736606886522e-01 -3.814457897901919747e-02
4.195000000000000284e+01 -2.734887858025603635e-01 2.231585455011555474e+00 4.484647427532184594e-02
4.196000000000000085e+01 -2.769328828337440651e-01 6.401217566553266680e-01 -5.350600732081145505e-02
4.196999999999999886e+01 -2.788599430302159954e-01 2.554295688905738437e+00 6.814922638486661799e-02
4.198000000000000398e+01 -2.826979246120964739e-01 1.392033837159288412e+00 3.639480779869286309e-02
4.199000000000000199e+01 -2.849912113201563679e-01 1.928381156904144911e+00 5.380144830979541326e-02
4.200000000000000000e+01 -2.879382882840183511e-01 1.985268765520403322e+00 7.409986317116373788e-02
4.200999999999999801e+01 -2.906181075462397900e-01 1.257101215705522135e+00 1.104914393176500975e-02
4.202000000000000313e+01 -2.925715238364631210e-01 1.045445691520332732e+00 -4.844540001064017581e-02
4.203000000000000114e+01 -2.947035118207463888e-01 1.709892025361701817e+00 -6.894711880029880113e-03
4.203999999999999915e+01 -2.971907617304269666e-01 4.931112179352881708e-01 -9.507728972574303050e-02
4.205000000000000426e+01 -2.988842485053680442e-01 1.910085735313061583e+00 -1.091680329522251580e-02
4.206000000000000227e+01 -3.016827294215441158e-01 1.207700258522133474e+00 -1.975776512390567397e-02
4.207000000000000028e+01 -3.036145751984182239e-01 6.729529090910435496e-01 -9.038507358088992971e-02
4.207999999999999829e+01 -3.053568949564128832e-01 1.165606866466228686e+00 -8.069914053985545455e-02
4.209000000000000341e+01 -3.076575626512668693e-01 2.108680206706344151e+00 2.837884220533401503e-02
4.210000000000000142e+01 -3.102534488458909556e-01 3.160651887187657660e-01 -8.902388003537330119e-02
4.210999999999999943e+01 -3.116858308024826330e-01 1.832274062569231754e+00 -2.186955396339443358e-02
4.211999999999999744e+01 -3.141429130526670610e-01 1.114046819890106343e+00 -3.787245926011100633e-02
4.213000000000000256e+01 -3.159873050398091521e-01 7.017257707249539012e-01 -9.804666227088160158e-02
4.214000000000000057e+01 -3.176991965718894972e-01 1.156875682149948181e+00 -8.512208491827094603e-02
4.214999999999999858e+01 -3.198226052964124322e-01 2.516294108118457107e+00 6.540706110762228853e-02
4.216000000000000369e+01 -3.224104418925236581e-01 1.495114582771189582e+00 4.748611280745793084e-02
4.217000000000000171e+01 -3.241457506647782427e-01 8.717836353173200603e-01 -4.654930952326494925e-02
4.217999999999999972e+01 -3.258036345516299170e-01 2.288905379007089902e+00 4.320238957165672966e-02
4.218999999999999773e+01 -3.279151230454263044e-01 4.738276181927039143e-01 -7.206561635579451786e-02
4.220000000000000284e+01 -3.294078280803595105e-01 2.455083180698799605e+00 4.584720359032515291e-02
4.221000000000000085e+01 -3.314299786220369359e-01 3.846015794801902477e-01 -7.552921795007234984e-02
4.221999999999999886e+01 -3.328418541498868177e-01 2.201306926826582355e+00 1.855418580013375174e-02
4.223000000000000398e+01 -3.347423983834874606e-01 2.300875573176961897e+00 9.954009687875989276e-02
4.224000000000000199e+01 -3.364741809696101815e-01 1.860308734237478445e+00 8.805913479135593636e-02
4.225000000000000000e+01 -3.380656032604764105e-01 3.079669015032288071e-01 -8.380845459290196808e-02
4.225999999999999801e+01 -3.392997233901777765e-01 2.305190065283778011e+00 1.880805079377542710e-02
4.227000000000000313e+01 -3.408791179955110162e-01 1.224604750405878795e+00 -4.780567152470549530e-03
4.228000000000000114e+01 -3.423113085376107700e-01 6.518231314827196421e-01 -8.971303468052410635e-02
4.228999999999999915e+01 -3.436164730672841561e-01 2.418981425823195419e+00 4.087907788253131169e-02
4.230000000000000426e+01 -3.449508087224973929e-01 1.145212662756026178e+00 1.142831133973884472e-03
4.231000000000000227e+01 -3.462771314478633733e-01 1.808086348890265427e+00 2.526843275137818923e-02
4.232000000000000028e+01 -3.474820325101516949e-01 6.211456796018338666e-01 -7.282313816487871738e-02
4.232999999999999829e+01 -3.487424525661466657e-01 1.333375572739852855e+00 -6.138219220687968214e-02
4.234000000000000341e+01 -3.498161925037610587e-01 2.172877990792559277e+00 4.264637930817796740e-02
4.235000000000000142e+01 -3.508031598360807357e-01 2.025908808961000673e+00 8.529176735781043850e-02
4.235999999999999943e+01 -3.519078941559030671e-01 7.842612474660179966e-01 -2.880294047182499484e-02
4.236999999999999744e+01 -3.529751255066221893e-01 2.765086372944969284e+00 9.679128663483013706e-02
4.238000000000000256e+01 -3.536707427101070667e-01 3.352329294918457991e-01 -5.618873685178951694e-02
4.239000000000000057e+01 -3.550376433561344136e-01 1.330628217489356446e+00 -6.239430891569155979e-02
4.239999999999999858e+01 -3.557288156406183677e-01 2.228922322378877219e+00 4.568357243889031860e-02
4.241000000000000369e+01 -3.564051780857560581e-01 6.504328413994222569e-01 -4.852168490831796493e-02
4.242000000000000171e+01 -3.574459822569582279e-01 2.754836186180400937e+00 9.086103542913590014e-02
4.242999999999999972e+01 -3.577586139223563610e-01 -1.186163565192525048e-02 -9.056584593180252996e-02
4.243999999999999773e+01 -3.591543974007367357e-01 2.282634790143676540e+00 1.360566271121736726e-02
4.245000000000000284e+01 -3.590606886849220802e-01 1.891255358067820636e+00 6.048241783406382854e-02
4.246000000000000085e+01 -3.596882913202390508e-01 1.653224940672724852e+00 4.822792817342558269e-02
4.246999999999999886e+01 -3.601124674832871242e-01 2.232565587941949481e+00 9.194624609841542395e-02
4.248000000000000398e+01 -3.604394469395810208e-01 4.885958411797516887e-01 -5.423855115537978833e-02
4.249000000000000199e+01 -3.615562204060860374e-01 2.168425579308618900e+00 2.322857013394208359e-02
4.250000000000000000e+01 -3.614955150921554949e-01 5.267641081287922633e-01 -7.396408589096513386e-02
4.250999999999999801e+01 -3.627252745532801304e-01 1.228525711148460209e+00 -7.089606852797745995e-02
4.252000000000000313e+01 -3.627040479628969583e-01 2.266485288161730782e+00 4.801899378190566114e-02
4.253000000000000114e+01 -3.624265489797961481e-01 1.500831117064939324e+00 3.908557803351700444e-02
4.253999999999999915e+01 -3.627716640396002057e-01 1.888877268742059634e+00 5.500362735430597283e-02
4.255000000000000426e+01 -3.625919594126942869e-01 1.982642761849239266e+00 7.460616612705237016e-02
4.256000000000000227e+01 -3.626884959284388810e-01 5.091644213232865424e-01 -6.263972688606873895e-02
4.257000000000000028e+01 -3.635808265826650509e-01 2.388406783423550728e+00 4.303108290005344672e-02
4.257999999999999829e+01 -3.624608788667555426e-01 1.773684319232331941e+00 6.228084633453936925e-02
4.259000000000000341e+01 -3.627767808150040851e-01 6.717517618259969403e-01 -5.139460984965955881e-02
4.260000000000000142e+01 -3.635304588950448723e-01 1.846854241622465365e+00 -2.140620537619986052e-03
4.260999999999999943e+01 -3.629242823641898874e-01 1.054246757300324244e+00 -3.603116378079822268e-02
4.261999999999999744e+01 -3.634924074448769304e-01 8.753922009424797146e-01 -8.034055080331439780e-02
4.263000000000000256e+01 -3.633690459898083480e-01 2.617710178371131846e+00 7.205923782195711169e-02
4.264000000000000057e+01 -3.617368601123103211e-01 1.462043019822412582e+00 5.043855895014426327e-02
4.264999999999999858e+01 -3.623085493103138099e-01 3.164554090780134499e-01 -9.783869042502640889e-02
4.266000000000000369e+01 -3.631101993084562274e-01 1.921703574073623688e+00 -1.988194423278780154e-02
4.267000000000000171e+01 -3.614771572206103012e-01 2.098417914715271504e+00 6.358307874966082074e-02
4.267999999999999972e+01 -3.603313803611863930e-01 2.021012260199874344e+00 9.171562075233449796e-02
4.268999999999999773e+01 -3.599258174865420656e-01 5.441957312741895203e-01 -5.096985659166750754e-02
4.270000000000000284e+01 -3.603798321789061787e-01 2.827794567677414772e+00 9.039126699962049538e-02
4.271000000000000085e+01 -3.580001986949191695e-01 8.302883046527579358e-01 -6.492554146783263702e-03
4.271999999999999886e+01 -3.591566998651625209e-01 7.498426817294997493e-01 -9.009385160046767815e-02
4.273000000000000398e+01 -3.593642789942241289e-01 1.014919309081677268e+00 -9.706193348331021431e-02
4.274000000000000199e+01 -3.589213871443087678e-01 1.096547545063757401e+00 -8.079266733583828630e-02
4.275000000000000000e+01 -3.581742589484709360e-01 1.914146569419917565e+00 1.026659976653003514e-02
4.275999999999999801e+01 -3.561890458425340245e-01 2.310244876588087415e+00 9.867025795141157185e-02
4.277000000000000313e+01 -3.543322861354128994e-01 1.612839089188930375e+00 6.613292166746573275e-02
4.278000000000000114e+01 -3.535316716262673631e-01 2.203462848793158457e+00 9.322248735684640630e-02
4.278999999999999915e+01 -3.515245312037685865e-01 1.928440908008064225e+00 8.607632239219420445e-02
4.280000000000000426e+01 -3.502927347469618757e-01 1.936970243491380028e+00 7.912380668847993070e-02
4.281000000000000227e+01 -3.489122974689794487e-01 1.796615340617233825e+00 6.266189321491352771e-02
4.282000000000000028e+01 -3.479005784326694717e-01 1.475396271803003145e+00 2.292906518914883396e-02
4.282999999999999829e+01 -3.470791835166617267e-01 1.832350668616950617e+00 3.861856548304087866e-02
4.284000000000000341e+01 -3.452912809642106340e-01 2.189875527331238025e+00 8.919039516342111562e-02
4.285000000000000142e+01 -3.435211586862171318e-01 1.317640146315595340e+00 2.943921921068526348e-02
4.285999999999999943e+01 -3.437235994182724630e-01 6.004715224275293250e-01 -8.279659019830232225e-02
4.286999999999999744e+01 -3.437497795937076717e-01 2.054372958279325978e+00 6.392636816934874067e-03
4.288000000000000256e+01 -3.407650026980003632e-01 1.897529443609464961e+00 5.819738791851214454e-02
4.289000000000000057e+01 -3.397749926494643691e-01 3.660352844761651792e-01 -7.737599048788290634e-02
4.289999999999999858e+01 -3.408806091116429737e-01 1.153593326034247912e+00 -8.440523107216627019e-02
4.291000000000000369e+01 -3.386549101308279353e-01 2.549946803791390160e+00 6.981288427868587165e-02
4.292000000000000171e+01 -3.357550084035873517e-01 1.235057914510497012e-01 -8.213834178039176870e-02
4.292999999999999972e+01 -3.373737624170346505e-01 1.360750543034646043e+00 -6.923619249317669588e-02
4.293999999999999773e+01 -3.349040437749541965e-01 1.795607909601802277e+00 3.351144175285106219e-03
4.295000000000000284e+01 -3.323956766257101791e-01 1.499415630941754785e+00 1.308404475387554833e-02
4.296000000000000085e+01 -3.305903589168087686e-01 1.998819581139370305e+00 5.718329419817472226e-02
4.296999999999999886e+01 -3.278385686948421252e-01 1.638558127927705055e+00 4.496026762241453478e-02
4.298000000000000398e+01 -3.267557604962568196e-01 4.637222945075076819e-01 -8.510568845556815143e-02
4.299000000000000199e+01 -3.266720952466182770e-01 2.175189712113891005e+00 1.223835387293321919e-02
4.300000000000000000e+01 -3.225450183485767397e-01 1.678943781517734601e+00 3.753584382212510340e-02
4.300999999999999801e+01 -3.202789463478906140e-01 2.286823966871537994e+00 9.785129366093628378e-02
4.302000000000000313e+01 -3.169935240150352218e-01 1.592100519906056943e+00 5.955786579885088972e-02
4.303000000000000114e+01 -3.152653703719036082e-01 2.104836199050200030e+00 7.995050596039887658e-02
4.303999999999999915e+01 -3.127411520227630359e-01 7.768218241939357505e-01 -3.438158393306038618e-02
4.305000000000000426e+01 -3.126425229601064726e-01 1.851440867406674240e+00 4.372129328772622614e-03
4.306000000000000227e+01 -3.099895892303127787e-01 5.155428122614037489e-01 -8.907719206829421699e-02
4.307000000000000028e+01 -3.095551413921775463e-01 2.613453761859835467e+00 6.003351718081451072e-02
4.307999999999999829e+01 -3.044697522417192936e-01 1.200495547556438947e+00 1.862740540094756647e-02
4.309000000000000341e+01 -3.036176851980948443e-01 1.870604702477706827e+00 3.955291400651800293e-02
4.310000000000000142e+01 -3.000623545964980488e-01 2.293585420643522443e+00 9.951542790286613260e-02
4.310999999999999943e+01 -2.963917807650896519e-01 1.616003275747177392e+00 6.336905248180368933e-02
4.311999999999999744e+01 -2.952644365670568649e-01 7.181382975066455954e-01 -5.495318265256930040e-02
4.313000000000000256e+01 -2.953119283623852898e-01 1.067074733827362287e+00 -8.236842610797677489e-02
4.314000000000000057e+01 -2.931675606299516956e-01 1.555492203596618328e+00 -3.214070382678051174e-02
4.314999999999999858e+01 -2.899403449452743198e-01 1.907124930299852750e+00 3.531829240840633766e-02
4.316000000000000369e+01 -2.873379502177066391e-01 3.106283646612885141e-01 -9.213576785628736776e-02
4.317000000000000171e+01 -2.871646775700696375e-01 2.681846547192296981e+00 6.014870137562114416e-02
4.317999999999999972e+01 -2.809986324513529810e-01 1.211643732052565037e+00 1.979070823075868013e-02
4.318999999999999773e+01 -2.796120314376356331e-01 2.138007026091808704e+00 6.609022319141391599e-02
4.320000000000000284e+01 -2.758855943463461857e-01 8.270746486316478130e-01 -3.169773439048594044e-02
4.321000000000000085e+01 -2.754572456935603930e-01 1.422574249096479893e+00 -3.523429089893426180e-02
4.321999999999999886e+01 -2.728127635428194697e-01 8.832567798866486353e-01 -7.640593618524425812e-02
4.323000000000000398e+01 -2.715549485586152278e-01 1.195668430128957516e+00 -6.859321060966147576e-02
4.324000000000000199e+01 -2.688674989631872347e-01 1.362108924065738025e+00 -4.177693637773203378e-02
4.325000000000000000e+01 -2.660410469529101429e-01 1.294675399227816603e+00 -3.460590525291414032e-02
4.325999999999999801e+01 -2.633829009593939841e-01 1.472209266185180221e+00 -1.716725246362874047e-02
4.327000000000000313e+01 -2.601807814248526807e-01 1.483236452739341571e+00 -7.467296733970993361e-03
4.328000000000000114e+01 -2.564549238031774148e-01 2.424416344440674997e+00 8.859563938742140432e-02
4.328999999999999915e+01 -2.508662534679934608e-01 1.834787618732472980e+00 8.323219033423986946e-02
4.330000000000000426e+01 -2.488008143927891713e-01 3.458222099510315783e-01 -8.154920112817215516e-02
4.331000000000000227e+01 -2.491339034684984799e-01 1.444763811096802186e+00 -6.545390097496428528e-02
4.332000000000000028e+01 -2.447803325168936561e-01 1.867598468302141157e+00 9.960533626839490617e-03
4.332999999999999829e+01 -2.409206139534048330e-01 9.143608264755609394e-01 -4.404886762169968328e-02
4.334000000000000341e+01 -2.396118562720964407e-01 1.448252787791645124e+00 -3.298597982657801297e-02
4.335000000000000142e+01 -2.351714383699208266e-01 2.641194123072268862e+00 9.952079000754368576e-02
4.335999999999999943e+01 -2.287095823748448442e-01 1.820359826245747881e+00 9.176153252327706733e-02
4.336999999999999744e+01 -2.268017779511312948e-01 3.008473782267596652e-01 -8.266725428481758176e-02
4.338000000000000256e+01 -2.265070771011487016e-01 2.447595217899837916e+00 3.237862306123737155e-02
4.339000000000000057e+01 -2.191841642677413715e-01 2.117028155562633795e+00 9.078624055904638279e-02
4.339999999999999858e+01 -2.161128447065416014e-01 4.229041323024281818e-01 -6.074937244748295634e-02
4.341000000000000369e+01 -2.159496814241490537e-01 2.145986503193599404e+00 1.560184946491731395e-02
4.342000000000000171e+01 -2.102639240263083353e-01 1.227577828621935652e+00 -9.597012998710768850e-03
4.342999999999999972e+01 -2.086136537225388166e-01 9.181842650230502834e-01 -6.579040688531473391e-02
4.343999999999999773e+01 -2.059537832486049991e-01 2.411005064839531364e+00 5.404250218254322280e-02
4.345000000000000284e+01 -1.993288753348829712e-01 1.824332203733072921e+00 7.232455347826913239e-02
4.346000000000000085e+01 -1.957430740968240102e-01 1.900210512584270983e+00 7.272073467707076966e-02
4.346999999999999886e+01 -1.921282093861510498e-01 1.194125435303051042e+00 3.775569773285525343e-04
4.348000000000000398e+01 -1.903570348487630959e-01 1.170269570090998190e+00 -4.300008974642111070e-02
4.349000000000000199e+01 -1.876046610348158783e-01 1.501951104850761665e+00 -2.400287022996047681e-02
4.350000000000000000e+01 -1.838018267147764062e-01 1.428541721480751869e+00 -1.399607676819439317e-02
4.350999999999999801e+01 -1.804073574637253541e-01 1.660318685024575691e+00 1.192527496847965718e-02
4.352000000000000313e+01 -1.762110981693781886e-01 1.765132289060052040e+00 3.562164587405966532e-02
4.353000000000000114e+01 -1.723184619199396306e-01 1.314127302847381884e+00 5.621200614037008547e-04
4.353999999999999915e+01 -1.690374301833222070e-01 2.252110823928025862e+00 7.018559267730881124e-02
4.355000000000000426e+01 -1.635747080974394030e-01 1.256910243683953654e+00 1.630306315260046657e-02
4.356000000000000227e+01 -1.608345217640576585e-01 2.348529614250534525e+00 8.382431708890122901e-02
4.357000000000000028e+01 -1.547768823583961229e-01 1.771615899034783004e+00 7.310535311044843998e-02
4.357999999999999829e+01 -1.521342286963157653e-01 6.453881443694253761e-01 -5.438760776612486247e-02
4.359000000000000341e+01 -1.514818268192165696e-01 1.381370439324278498e+00 -5.221598142351864535e-02
4.360000000000000142e+01 -1.470220455682897387e-01 1.859200508581094535e+00 1.533583862518231311e-02
4.360999999999999943e+01 -1.420581294506478021e-01 1.791208956311004963e+00 4.680738586583976790e-02
4.361999999999999744e+01 -1.385841726439791255e-01 7.826241679499217341e-01 -4.524596589464389279e-02
4.363000000000000256e+01 -1.363203113483238693e-01 2.669127028630136955e+00 8.478253887774289677e-02
4.364000000000000057e+01 -1.294543886841965363e-01 7.373356613632345846e-01 -1.921648919509581777e-02
4.364999999999999858e+01 -1.289172800045576550e-01 1.448544043245286295e+00 -2.710434402514881602e-02
4.366000000000000369e+01 -1.241729906210960743e-01 2.249160317789565156e+00 6.317938093126379551e-02
4.367000000000000171e+01 -1.191712265207394011e-01 3.246867577700160434e-01 -7.512174921646126713e-02
4.367999999999999972e+01 -1.181463210940168068e-01 3.011860398001915406e+00 9.922244160678225788e-02
4.368999999999999773e+01 -1.091051074283080485e-01 1.689123630078670724e+00 8.778033237247387377e-02
4.370000000000000284e+01 -1.059789737185425351e-01 1.898095743530646473e+00 7.647968596513932127e-02
4.371000000000000085e+01 -1.019941345201166027e-01 1.154297494443821348e+00 -1.893211209162942721e-03
4.371999999999999886e+01 -9.902027980050796818e-02 2.379257919129004417e+00 7.688546708918331252e-02
4.373000000000000398e+01 -9.319899768742809232e-02 9.274763349262931111e-01 -1.051311183831755980e-02
4.374000000000000199e+01 -9.232251050285657235e-02 9.314623801758586952e-01 -7.141213490682046805e-02
4.375000000000000000e+01 -8.880362198832193743e-02 2.605535842939742608e+00 7.292934282728591455e-02
4.375999999999999801e+01 -8.178028501775483350e-02 1.113699412706216973e+00 1.631778612461873279e-02
4.377000000000000313e+01 -8.052700821801765663e-02 8.764822528261685397e-01 -6.084733162973077203e-02
4.378000000000000114e+01 -7.824380458232887969e-02 1.354356828522204736e+00 -4.926572657445121156e-02
4.378999999999999915e+01 -7.370137047623291637e-02 1.861319373256231202e+00 1.887022290014736536e-02
4.380000000000000426e+01 -6.905201831870652618e-02 8.865476003667827065e-01 -4.083649785997037207e-02
4.381000000000000227e+01 -6.727133097332277378e-02 1.096882668003978711e+00 -6.442034210136454719e-02
4.382000000000000028e+01 -6.374301107419991230e-02 1.394406848049748238e+00 -3.983452983282809168e-02
4.382999999999999829e+01 -5.988461730008017708e-02 7.945762766644351993e-01 -8.215881695065532786e-02
4.384000000000000341e+01 -5.677256533002619093e-02 2.244525115011725358e+00 3.345988826034784758e-02
4.385000000000000142e+01 -4.980520552693872005e-02 1.615741043028452228e+00 4.316378613995636160e-02
4.385999999999999943e+01 -4.646947809513555377e-02 8.046778309293176612e-01 -4.900266332503155908e-02
4.386999999999999744e+01 -4.355438723283745761e-02 2.471957463511408992e+00 6.226932490662601127e-02
4.388000000000000256e+01 -3.591395118808636544e-02 1.901278751218373531e+00 8.261519234165357051e-02
4.389000000000000057e+01 -3.131687895421075146e-02 1.944191054680719954e+00 8.215439559078779874e-02
4.389999999999999858e+01 -2.672338762760267591e-02 1.478213793917017682e+00 3.289669905012088114e-02
4.391000000000000369e+01 -2.345969664929434262e-02 1.316840588355542074e+00 -1.082735921395756862e-02
4.392000000000000171e+01 -2.058709915032548576e-02 7.076464997441601623e-01 -8.869295879953265072e-02
4.392999999999999972e+01 -1.733063677948574327e-02 2.948598412588234297e+00 9.582343078895969035e-02
4.393999999999999773e+01 -8.974472904823097355e-03 1.419005442057388322e+00 6.089299363341735272e-02
4.395000000000000284e+01 -7.010104064779301355e-03 7.720256554176156971e-01 -5.020937703901558191e-02
4.396000000000000085e+01 -4.338676672632772041e-03 2.467906685071602269e+00 5.999624702265110576e-02
4.396999999999999886e+01 1.787073649353060605e-03 1.724395339291440177e-01 -8.846023585881734874e-02
4.398000000000000398e+01 2.825618480639606901e-03 3.061533751994453656e+00 9.716828759182813413e-02
4.399000000000000199e+01 1.071247005154387158e-02 3.310595221121304110e-02 -7.540340224165718863e-02
4.400000000000000000e+01 9.796854739391899075e-03 1.263248579116614811e+00 -7.935223822160893115e-02
4.400999999999999801e+01 1.515138832864415010e-02 2.508020710384682328e+00 6.737012733621791649e-02
4.402000000000000313e+01 2.111526747837094709e-02 1.118988281948204294e-01 -8.615159564694740979e-02
4.403000000000000114e+01 2.127608056490029945e-02 1.723123989318791072e+00 -3.587731576270096479e-02
4.403999999999999915e+01 2.676185250865885379e-02 1.004560484641409346e+00 -5.589490669986359184e-02
4.405000000000000426e+01 2.965158517518920456e-02 1.245995287322972933e+00 -5.114482236611435362e-02
4.406000000000000227e+01 3.376026119671804437e-02 1.446676635306037406e+00 -2.583422845360208719e-02
4.407000000000000028e+01 3.838761840985414203e-02 1.770261836377628129e+00 1.976072290626833261e-02
4.407999999999999829e+01 4.332458910048468670e-02 1.399276534803051142e+00 5.040452348212348666e-03
4.409000000000000341e+01 4.776596742245646510e-02 2.476474204111163591e+00 9.667815644014890464e-02
4.410000000000000142e+01 5.440818847934775215e-02 1.756072760426083290e+00 7.955252251765762561e-02
4.410999999999999943e+01 5.791949600109336932e-02 9.907400951712920234e-01 -1.941644927714000768e-02
4.411999999999999744e+01 6.079302756081528258e-02 2.001170455719749164e+00 2.725725994582905987e-02
4.413000000000000256e+01 6.657322928666280226e-02 1.837055422301578256e+00 5.235690746627660874e-02
4.414000000000000057e+01 7.022028785162830189e-02 4.398076411990681223e-01 -7.858476432164485104e-02
4.414999999999999858e+01 7.203191059321362166e-02 2.261280503087685023e+00 2.399657908211882962e-02
4.416000000000000369e+01 7.863167372466511873e-02 1.692376484622757582e+00 4.548688367717940162e-02
4.417000000000000171e+01 8.261964207678641758e-02 1.647906742664416502e+00 3.832157867529389916e-02
4.417999999999999972e+01 8.590580864224467428e-02 3.886737168435103751e-01 -9.372340789856348220e-02
4.418999999999999773e+01 8.824589155098985782e-02 2.979268893056421508e+00 8.912201395521462954e-02
4.420000000000000284e+01 9.513611198368185362e-02 -1.726266891375333457e-01 -9.980768988410111675e-02
4.421000000000000085e+01 9.455516383032093464e-02 1.377501523534223615e+00 -8.086282071966982565e-02
4.421999999999999886e+01 9.928889924332602590e-02 1.235028274872270071e+00 -5.631343455380080631e-02
4.423000000000000398e+01 1.033897395575214123e-01 2.005181738281681447e+00 3.102936503699024740e-02
4.424000000000000199e+01 1.085538284824617561e-01 1.232394962843649244e+00 3.885009156368302019e-04
4.425000000000000000e+01 1.111703513937853660e-01 5.662201977570360256e-01 -9.620009268711354755e-02
4.425999999999999801e+01 1.136175946106229850e-01 1.663654070292589715e+00 -3.813185835747057162e-02
4.427000000000000313e+01 1.184728141857037953e-01 9.648631859161386215e-01 -6.030260151575381894e-02
4.428000000000000114e+01 1.219038648529749552e-01 2.170947456111643969e+00 3.781099273029309149e-02
4.428999999999999915e+01 1.279292907522816547e-01 1.934777294415245263e+00 7.342151932066634523e-02
4.430000000000000426e+01 1.324856539290789337e-01 1.828271757409818399e+00 6.865538289305059272e-02
4.431000000000000227e+01 1.361277718828601546e-01 4.993257202032615472e-01 -7.098688909660566537e-02
4.432000000000000028e+01 1.379693811473143572e-01 1.678501762768225936e+00 -3.267388345883177891e-02
4.432999999999999829e+01 1.425103031587454383e-01 8.327325901476336778e-01 -7.408437054458694160e-02
4.434000000000000341e+01 1.457589948864099205e-01 2.593325950558253545e+00 7.126226057374104861e-02
4.435000000000000142e+01 1.521932368388131396e-01 1.761283656788252827e+00 7.757905527133668322e-02
4.435999999999999943e+01 1.559122861017840644e-01 1.691413783134619875e+00 5.304028961185486279e-02
4.436999999999999744e+01 1.597656602921492808e-01 1.672271124241031304e+00 3.647869492976571482e-02
4.438000000000000256e+01 1.635473300698446486e-01 1.414543524651969086e+00 5.352929644220891237e-03
4.439000000000000057e+01 1.673337184137664302e-01 2.335287864671621971e+00 8.170716184364926193e-02
4.439999999999999858e+01 1.717225480057245623e-01 1.993076787420012819e-01 -8.185240008942940015e-02
4.441000000000000369e+01 1.732131786178029709e-01 2.764175699020501309e+00 6.850706573347550843e-02
4.442000000000000171e+01 1.792107164378301254e-01 7.958623835039316807e-01 -1.684545421805865029e-02
4.442999999999999972e+01 1.812085410626028958e-01 1.952445031387500807e+00 2.734078507189138807e-02
4.443999999999999773e+01 1.857862582158428255e-01 1.661186186580328794e+00 3.631693648600581303e-02
4.445000000000000284e+01 1.891667721939999935e-01 1.148018711441967765e+00 -1.586451602141036865e-02
4.446000000000000085e+01 1.916975864234845284e-01 9.122377577038304208e-01 -7.022956881967273857e-02
4.446999999999999886e+01 1.947546565385139261e-01 2.229723403769392931e+00 3.716620122186334307e-02
4.448000000000000398e+01 1.995194508860430038e-01 1.170716206027061723e+00 1.315736789366361847e-03
4.449000000000000199e+01 2.021268662426195795e-01 1.423908415246265324e+00 -9.853121914638648948e-03
4.450000000000000000e+01 2.058727879984094955e-01 2.268381983490787679e+00 7.281726444622402261e-02
4.450999999999999801e+01 2.105809262116555280e-01 1.848710394268921808e+00 7.990062337209000165e-02
4.452000000000000313e+01 2.136507822358905961e-01 5.485138992958098481e-01 -5.712539971794936694e-02
4.453000000000000114e+01 2.155549704438402547e-01 1.856009149749560549e+00 -6.436570084415005333e-03
4.453999999999999915e+01 2.194585124529525866e-01 7.757677514137195640e-01 -6.445564442585646758e-02
4.455000000000000426e+01 2.218851027431617551e-01 1.992002681983941370e+00 1.551583484012349079e-02
4.456000000000000227e+01 2.260000259421227620e-01 1.214860426021849182e+00 -7.444281527645618679e-03
4.457000000000000028e+01 2.289135780612388815e-01 1.943760534703146803e+00 3.988972632020965081e-02
4.457999999999999829e+01 2.330080848896939338e-01 2.064876150200299243e+00 8.220821719233384339e-02
4.459000000000000341e+01 2.364705508919485166e-01 9.662321380178325869e-01 -9.652273069462660726e-03
4.460000000000000142e+01 2.391631297935759848e-01 2.582263573488917885e+00 9.221671603020262231e-02
4.460999999999999943e+01 2.432385286946177338e-01 4.183072727124194645e-01 -5.083660391692745861e-02
4.461999999999999744e+01 2.451222158142809526e-01 2.608716379907154881e+00 7.009420251116948997e-02
4.463000000000000256e+01 2.495654539213557899e-01 1.227364292139006441e+00 2.317191663732984241e-02
4.464000000000000057e+01 2.518404330194494167e-01 1.146263256755021498e+00 -2.929146257766983286e-02
4.464999999999999858e+01 2.542442957526629965e-01 8.569845675095386639e-01 -8.094348643834910206e-02
4.466000000000000369e+01 2.567876426586484517e-01 1.989646994951020931e+00 9.604084906508630892e-03
4.467000000000000171e+01 2.606258214763440550e-01 2.071143246352187717e+00 7.690050286148594760e-02
4.467999999999999972e+01 2.638066201330493410e-01 1.077452912983814182e+00 3.263246468604125150e-03
4.468999999999999773e+01 2.659882550319264127e-01 1.002822892848699299e+00 -5.609941403613669803e-02
4.470000000000000284e+01 2.684813781058770221e-01 1.615095781766908267e+00 -1.847681482118972152e-02
4.471000000000000085e+01 2.718168582432810565e-01 2.474912959814862479e+00 9.692562246954494753e-02
4.471999999999999886e+01 2.753520312269213122e-01 1.289850158687493531e+00 3.954479178503861325e-02
4.473000000000000398e+01 2.778801427802575774e-01 2.187348063641437967e+00 7.896374154639962395e-02
4.474000000000000199e+01 2.807479420576743934e-01 7.897289758654280067e-02 -9.924885294639521072e-02
4.475000000000000000e+01 2.820898940153599987e-01 1.238707502228046708e+00 -9.176195595208874733e-02
4.475999999999999801e+01 2.850205290517202061e-01 2.001090853500312683e+00 1.444577892127893448e-02
4.477000000000000313e+01 2.878156529841049416e-01 8.591074739933067805e-01 -3.947597295412885732e-02
4.478000000000000114e+01 2.901548589508329279e-01 2.363528239106789997e+00 6.310756561496075334e-02
4.478999999999999915e+01 2.933159165062005358e-01 1.377997507678137001e+00 3.167505119492980414e-02
4.480000000000000426e+01 2.956174933479008837e-01 1.215975351285222938e+00 -1.755420299360307967e-02
4.481000000000000227e+01 2.979768431567436093e-01 1.827239403864923784e+00 1.959965407393068904e-02
4.482000000000000028e+01 3.007262106225474518e-01 1.964646084238153234e+00 6.163354856038946727e-02
4.482999999999999829e+01 3.032702049591832205e-01 1.272494582386490825e+00 1.147059597034065515e-02
4.484000000000000341e+01 3.053477181735381740e-01 6.231193993373396189e-01 -8.769988088064424592e-02
4.485000000000000142e+01 3.073024327690953572e-01 1.730887903474519263e+00 -2.701751851254967363e-02
4.485999999999999943e+01 3.097393294219911164e-01 1.372876729646684613e+00 -1.334083331016204521e-02
4.486999999999999744e+01 3.118762802493995068e-01 1.120407892990815224e+00 -3.971721830522392804e-02
4.488000000000000256e+01 3.140296612856333103e-01 1.820256247302716179e+00 1.247727764999428945e-02
4.489000000000000057e+01 3.163837891511819822e-01 1.769429378868640823e+00 4.094133503221869530e-02
4.489999999999999858e+01 3.186155602150385624e-01 1.553337244275468265e+00 2.790847028674534047e-02
4.491000000000000369e+01 3.206703631169927071e-01 1.051195058795129977e+00 -3.357588800310247479e-02
4.492000000000000171e+01 3.227334935009242289e-01 2.342843496193961705e+00 6.141711253473200460e-02
4.492999999999999972e+01 3.248738111685814389e-01 1.234847343040871293e+00 1.468939097035396046e-02
4.493999999999999773e+01 3.268465191535505077e-01 1.478310901528208765e+00 -1.707734526760873450e-03
4.495000000000000284e+01 3.287215403874411135e-01 8.877662303888594897e-01 -6.268988925808899326e-02
4.496000000000000085e+01 3.306013863021776134e-01 2.754732258251462618e+00 9.017111313938525052e-02
4.496999999999999886e+01 3.324183954010985209e-01 1.526281204217937171e-01 -7.185291892451098339e-02
4.498000000000000398e+01 3.343063445425236702e-01 1.684992742749881645e+00 -3.479157056082360366e-02
4.499000000000000199e+01 3.359862423738359527e-01 1.875398928819820732e+00 2.913661093905262067e-02
4.500000000000000000e+01 3.376996735292245866e-01 1.735140821813364820e+00 4.608664635266696008e-02
4.500999999999999801e+01 3.393991218982559399e-01 5.125118571421690694e-01 -7.501269015336436974e-02
4.502000000000000313e+01 3.411784025023411604e-01 2.836286635246145327e+00 8.393583735126583512e-02
4.503000000000000114e+01 3.425255420189923794e-01 1.842293578545720623e+00 9.370494809611715215e-02
4.503999999999999915e+01 3.442479091458356955e-01 1.782979035560755765e+00 7.009798595227023643e-02
4.505000000000000426e+01 3.458068895249249985e-01 1.496872607540780109e+00 2.704027426786420607e-02
4.506000000000000227e+01 3.473462157247080295e-01 1.523887335351939543e+00 8.907415295645162989e-03
4.507000000000000028e+01 3.487193897587573255e-01 2.392695372505163398e+00 9.136254678894328851e-02
4.507999999999999829e+01 3.498880653590248357e-01 1.369975167228951740e+00 3.978278142990282484e-02
4.509000000000000341e+01 3.514665685114395366e-01 2.165565284791167500e+00 7.750122095415404311e-02
4.510000000000000142e+01 3.525459011400047804e-01 1.492534588046392496e+00 4.007501827849727083e-02
4.510999999999999943e+01 3.540633806177583831e-01 3.802020228733493656e-01 -9.698517719753040056e-02
4.511999999999999744e+01 3.556744843849661830e-01 1.563674310404141510e+00 -5.230794055268797593e-02
4.513000000000000256e+01 3.564413024663848906e-01 1.886244796842605931e+00 2.547411926393383652e-02
4.514000000000000057e+01 3.572839444315295543e-01 1.932455296244423470e+00 6.777651158509606644e-02
4.514999999999999858e+01 3.582856964505228836e-01 1.568108293544109300e+00 4.420566063026409864e-02
4.516000000000000369e+01 3.594794394551282801e-01 1.479245839841851096e+00 1.562442293232720048e-02
4.517000000000000171e+01 3.606061626829874522e-01 6.779832089732313882e-01 -7.684284898172009937e-02
4.517999999999999972e+01 3.619064779966637557e-01 2.063138355105852639e+00 1.177849854975390742e-02
4.518999999999999773e+01 3.622247511525977237e-01 9.832190335105616130e-01 -3.116351409806054906e-02
4.520000000000000284e+01 3.635020188584281997e-01 1.785498694898427496e+00 1.055016431997117532e-02
4.521000000000000085e+01 3.639711993010730784e-01 1.437008548709665323e+00 6.005157166448310546e-03
4.521999999999999886e+01 3.647596306240074582e-01 2.042798346740167137e+00 5.717417062652108140e-02
4.523000000000000398e+01 3.650397353677420909e-01 1.892408408874940440e+00 7.205426492261599036e-02
4.524000000000000199e+01 3.658620705069600132e-01 1.525472734400899200e-01 -9.971933689171552651e-02
4.525000000000000000e+01 3.676648360709386387e-01 2.095766690160636880e+00 -7.380917970848527299e-03
4.525999999999999801e+01 3.671350662202007009e-01 1.754067280207322943e+00 3.685321130147359292e-02
4.527000000000000313e+01 3.676776973881038524e-01 9.744257619524829828e-01 -2.903919038210948933e-02
4.528000000000000114e+01 3.686591676009673968e-01 2.299482296697696437e+00 5.817072771595457881e-02
4.528999999999999915e+01 3.684580044896943463e-01 1.208623904643449792e-01 -9.856764500089515435e-02
4.530000000000000426e+01 3.705015362201055651e-01 1.474490567956684872e+00 -6.702769947215909963e-02
4.531000000000000227e+01 3.701847466368292094e-01 1.823944105236129154e+00 8.731890681727486059e-03
4.532000000000000028e+01 3.702064168703350644e-01 4.648527412598420505e-01 -8.777540042063942949e-02
4.532999999999999829e+01 3.714547704689994956e-01 2.364624007146749474e+00 3.400011799383179101e-02
4.534000000000000341e+01 3.701044928785615640e-01 2.030140105727596289e+00 8.448155127974174561e-02
4.535000000000000142e+01 3.699125034464009754e-01 1.744795980119934864e+00 6.685819076539689654e-02
4.535999999999999943e+01 3.701535733099580727e-01 1.650156762870242932e+00 4.001415061454102751e-02
4.536999999999999744e+01 3.700798155270473289e-01 2.207482347226441988e+00 8.273342577112405283e-02
4.538000000000000256e+01 3.694159978109423648e-01 1.535569294331757595e+00 4.455328896800628269e-02
4.539000000000000057e+01 3.697964619422137722e-01 1.765313713493100733e+00 3.959444612353074655e-02
4.539999999999999858e+01 3.699553319006205210e-01 3.346347067314428547e-01 -9.930813445495750846e-02
4.541000000000000369e+01 3.715470676060138033e-01 1.502548208047565392e+00 -6.194542692081166785e-02
4.542000000000000171e+01 3.705198570737704977e-01 2.056347314234646007e+00 3.495852313745934081e-02
4.542999999999999972e+01 3.693706718881969997e-01 1.780436611078688003e+00 5.735263244164079399e-02
4.543999999999999773e+01 3.689037137448425985e-01 2.159209027282336546e+00 9.340205684488309124e-02
4.545000000000000284e+01 3.680734436323221392e-01 1.607993581433210695e+00 5.599797171724671396e-02
4.546000000000000085e+01 3.683941184772567823e-01 8.429729033521770054e-01 -4.648395673569654524e-02
4.546999999999999886e+01 3.691471274329912733e-01 1.555485709755465962e+00 -2.872160581504819288e-02
4.548000000000000398e+01 3.679618579189732341e-01 2.189174906288679168e+00 5.951874772813275927e-02
4.549000000000000199e+01 3.665864544275143633e-01 1.175156607516227414e+00 6.691719263600306999e-03
4.550000000000000000e+01 3.673612780258666555e-01 1.019462687019727420e+00 -5.199084351658998099e-02
4.550999999999999801e+01 3.674688973433365424e-01 1.465057908543062615e+00 -3.360063115473525819e-02
4.552000000000000313e+01 3.666310203562145320e-01 1.298802266981811115e+00 -3.108537002019333417e-02
4.553000000000000114e+01 3.661318395360354527e-01 1.570601719257191498e+00 -5.628367799120542747e-03
4.553999999999999915e+01 3.647737143009834870e-01 2.464563294954490669e+00 9.711011057933252588e-02
4.555000000000000426e+01 3.628437138401132134e-01 6.743248996124485695e-01 -2.572819670756053279e-02
4.556000000000000227e+01 3.643278125579521576e-01 1.330735187217536142e+00 -4.603298718087476399e-02
4.557000000000000028e+01 3.633210987156627048e-01 1.511674509300317881e+00 -2.162161098398204806e-02
4.557999999999999829e+01 3.617613621285225012e-01 2.186106990462237221e+00 6.211451208384899392e-02
4.559000000000000341e+01 3.602177910070974987e-01 2.632571517091879532e-01 -8.454992890530613203e-02
4.560000000000000142e+01 3.615091580097138380e-01 2.596116065885475166e+00 5.062844838783298052e-02
4.560999999999999943e+01 3.574396903529654668e-01 1.887712408817485032e+00 7.920458106272473819e-02
4.561999999999999744e+01 3.567745796713844841e-01 7.782435076882189273e-01 -3.455763740741753243e-02
4.563000000000000256e+01 3.569814291826921560e-01 2.730036849442204705e+00 9.005438522858713601e-02
4.564000000000000057e+01 3.529109915569064171e-01 1.733784736836806895e+00 7.915821948218748627e-02
4.564999999999999858e+01 3.520694306092939652e-01 2.137093646273797720e+00 9.481233591573548503e-02
4.566000000000000369e+01 3.499517664636683234e-01 2.002154421164532128e+00 9.225265019496381447e-02
4.567000000000000171e+01 3.489129866960805071e-01 7.380035511500564471e-01 -3.662191038605203119e-02
4.567999999999999972e+01 3.492333592569327183e-01 2.723985679575992691e+00 8.764772974196130551e-02
4.568999999999999773e+01 3.456298713137432310e-01 3.496103156321547223e-01 -5.770614737257282606e-02
4.570000000000000284e+01 3.473642504586618718e-01 2.199291340303735964e+00 2.453085392951206978e-02
4.571000000000000085e+01 3.438605030109737615e-01 1.458253246178768947e+00 1.967525633842151511e-02
4.571999999999999886e+01 3.433911175493784551e-01 9.660945513681645780e-01 -4.415538958750673398e-02
4.573000000000000398e+01 3.426842057709543754e-01 2.431200789011306984e+00 6.538832579255543509e-02
4.574000000000000199e+01 3.395184182306018039e-01 1.887823884853391254e-01 -8.513631423940236365e-02
4.575000000000000000e+01 3.407645764011336675e-01 2.928434683665219307e+00 8.416086055481955541e-02
4.575999999999999801e+01 3.358664855945767691e-01 6.919923496834393117e-02 -8.049101742298447881e-02
4.577000000000000313e+01 3.376813988712793480e-01 2.949916783384207708e+00 8.587111597676283514e-02
4.578000000000000114e+01 3.325455681519907669e-01 1.696838191954779321e-02 -8.570162022557606396e-02
4.578999999999999915e+01 3.346695342493150038e-01 2.589977442670235330e+00 4.658238177454601670e-02
4.580000000000000426e+01 3.298891390692958447e-01 3.928379367799612609e-01 -7.042168670967877131e-02
4.581000000000000227e+01 3.315406814283518022e-01 1.220164781093387552e+00 -7.523441534648939166e-02
4.582000000000000028e+01 3.293763506375083638e-01 1.527586796516311685e+00 -3.038199018091887471e-02
4.582999999999999829e+01 3.271781349532991712e-01 7.903062849673675450e-01 -7.749956610895887554e-02
4.584000000000000341e+01 3.270703737273519818e-01 9.711955358200660138e-01 -9.365668715044075943e-02
4.585000000000000142e+01 3.256518481794360431e-01 1.142308799659602192e+00 -7.939867563590462252e-02
4.585999999999999943e+01 3.238391787608363437e-01 1.002413911495870558e+00 -8.325739293432110610e-02
4.586999999999999744e+01 3.213476959054825111e-01 2.756582053093826534e+00 8.595512409151126465e-02
4.588000000000000256e+01 3.151685804893927245e-01 1.809423082708335961e+00 8.906984695912778527e-02
4.589000000000000057e+01 3.139429439588087845e-01 6.036289279654584172e-01 -5.380515525491327833e-02
4.589999999999999858e+01 3.138742138451943164e-01 2.281281508850712125e+00 3.068724343147338773e-02
4.591000000000000369e+01 3.093797782185693790e-01 4.193692078842757298e-01 -8.472412874890514201e-02
4.592000000000000171e+01 3.099718911178610536e-01 1.969249489526485153e+00 -9.364295525883498117e-03
4.592999999999999972e+01 3.052631158959516200e-01 1.682143444318694447e+00 2.228920427399398718e-02
4.593999999999999773e+01 3.022612322584100064e-01 1.991572597919028409e+00 5.997774184854001711e-02
4.595000000000000284e+01 2.986421647545703939e-01 2.001326435893966416e+00 7.790236851703827292e-02
4.596000000000000085e+01 2.963674649662579319e-01 3.294682010274800343e-01 -8.307889226030754082e-02
4.596999999999999886e+01 2.970722715546931236e-01 2.188073732838948349e+00 7.126351626571159059e-03
4.598000000000000398e+01 2.913136470894044927e-01 1.979405860621853197e+00 6.178451699956410970e-02
4.599000000000000199e+01 2.885943270541473371e-01 6.864241940917341633e-01 -4.846685507676937871e-02
4.600000000000000000e+01 2.890533636207295864e-01 1.322721956822386691e+00 -5.606059974067714724e-02
4.600999999999999801e+01 2.852759968428604243e-01 2.722352154421653125e+00 9.483497258513398642e-02
4.602000000000000313e+01 2.792052457171429469e-01 1.284767299844098432e+00 3.939191943962300213e-02
4.603000000000000114e+01 2.791496944371941180e-01 7.454007052996152183e-01 -6.774356351978089164e-02
4.603999999999999915e+01 2.785754284029692829e-01 1.361916215191857571e+00 -5.934477389870858322e-02
4.605000000000000426e+01 2.750044224888853472e-01 1.946758205863072799e+00 1.929539211233891050e-02
4.606000000000000227e+01 2.703833357852201136e-01 1.883270588751680297e+00 5.660241057434187151e-02
4.607000000000000028e+01 2.666609169912477761e-01 2.128166308743120183e+00 9.064954946958556081e-02
4.607999999999999829e+01 2.630991919713435157e-01 1.189642299337990261e+00 1.158664547705282044e-02
4.609000000000000341e+01 2.623139096289200944e-01 1.062551461014716425e+00 -5.085442831352009890e-02
4.610000000000000142e+01 2.605999535866022621e-01 1.314555873102759342e+00 -4.963755402232006286e-02
4.610999999999999943e+01 2.567320688440920540e-01 2.700341864843499362e+00 9.784662039141317491e-02
4.611999999999999744e+01 2.501740092154576267e-01 1.673814009701591887e+00 8.000577614678883176e-02
4.613000000000000256e+01 2.484697700892155026e-01 1.305592217338491512e+00 1.182490690778123521e-02
4.614000000000000057e+01 2.466068931952378751e-01 1.536109377680883847e+00 -1.288496713429163054e-03
4.614999999999999858e+01 2.438972511923532538e-01 9.030287602409261538e-01 -6.137597580118525631e-02
4.616000000000000369e+01 2.423215227443537845e-01 1.757843574651958951e+00 -8.850464660368678738e-03
4.617000000000000171e+01 2.376174551007465274e-01 1.892937333637720654e+00 4.348240617538817743e-02
4.617999999999999972e+01 2.342836075973126209e-01 6.708055282475857695e-01 -5.563442490636965471e-02
4.618999999999999773e+01 2.339857128230097838e-01 1.574860855304468066e+00 -3.028654912639194841e-02
4.620000000000000284e+01 2.298950054648060404e-01 1.259199965832015211e+00 -3.255619947479748699e-02
4.621000000000000085e+01 2.277671257735229271e-01 7.486585515760990628e-01 -8.844710092276815427e-02
4.621999999999999886e+01 2.256689440740599906e-01 2.280797478923435317e+00 3.174935666956552049e-02
4.623000000000000398e+01 2.198302019336298985e-01 6.237339654708058401e-01 -5.590284438039554854e-02
4.624000000000000199e+01 2.187362582547237588e-01 2.692377542228274745e+00 8.135494042112928481e-02
4.625000000000000000e+01 2.108012418146335276e-01 1.937437024078789261e+00 9.758396075210554188e-02
4.625999999999999801e+01 2.085206532140420621e-01 1.500475422965713290e-01 -9.062683442871465045e-02
4.627000000000000313e+01 2.087451751162949787e-01 2.791248078986038550e+00 6.185416611843513879e-02
4.628000000000000114e+01 2.008648617030648897e-01 5.858767390264916219e-01 -4.216443625424009384e-02
4.628999999999999915e+01 2.009943768488409999e-01 1.861097465503337212e+00 2.642942353766872254e-03
4.630000000000000426e+01 1.954570943412146655e-01 1.851154891018655935e+00 4.267606239345339558e-02
4.631000000000000227e+01 1.911604486955625348e-01 1.647267100552561203e+00 3.875430139030255905e-02
4.632000000000000028e+01 1.876999657141468769e-01 1.646227581176146648e+00 3.067270662807325410e-02
4.632999999999999829e+01 1.846656029721280290e-01 8.570449127577718373e-01 -5.148437959994543039e-02
4.634000000000000341e+01 1.836838587112291366e-01 8.995324497114244311e-01 -9.283059865492329643e-02
4.635000000000000142e+01 1.801838869779924523e-01 2.629416668972040405e+00 6.734654065535414236e-02
4.635999999999999943e+01 1.730576949992982116e-01 7.346948426427217793e-01 -2.317208090959518851e-02
4.636999999999999744e+01 1.721734563713720467e-01 2.463874063104507517e+00 7.318920681545781903e-02
4.638000000000000256e+01 1.652337022238169750e-01 1.424725197039866220e+00 3.838247082754403516e-02
4.639000000000000057e+01 1.632516027019647875e-01 1.053925232945116530e+00 -3.231260504213460949e-02
4.639999999999999858e+01 1.611287941287627978e-01 1.369836514901332958e+00 -3.602279775483969992e-02
4.641000000000000369e+01 1.573041807368055489e-01 1.490069738385556786e+00 -1.572583067942481816e-02
4.642000000000000171e+01 1.531181846617889752e-01 1.762256694792404987e+00 2.341255139157057130e-02
4.642999999999999972e+01 1.486725935837178436e-01 1.441135057812491738e+00 1.090505459790343246e-02
4.643999999999999773e+01 1.450657300129007676e-01 2.005808352913131642e+00 5.407376678164441119e-02
4.645000000000000284e+01 1.397114686791241234e-01 1.785058135914628918e+00 5.868118474531142104e-02
4.646000000000000085e+01 1.362743275040045332e-01 8.675731004430152771e-01 -3.594503316243738422e-02
4.646999999999999886e+01 1.349935535269342068e-01 1.323802885765033688e+00 -4.516511022499623135e-02
4.648000000000000398e+01 1.308729226153648173e-01 1.717350262513041459e+00 2.663116181759336842e-03
4.649000000000000199e+01 1.265535261610316875e-01 8.172132763935342492e-01 -5.798861248616735825e-02
4.650000000000000000e+01 1.246389781836979849e-01 1.812941086772685617e+00 -9.316571270523016368e-04
4.650999999999999801e+01 1.190841959203466777e-01 1.503059673738209590e+00 9.786033257875415003e-03
4.652000000000000313e+01 1.158800552433631587e-01 8.456363262122870150e-01 -5.783522627376967012e-02
4.653000000000000114e+01 1.134577013469321022e-01 2.013202209477824134e+00 1.773630443583548710e-02
4.653999999999999915e+01 1.071568400463204784e-01 1.585207428925287765e+00 2.827062668915275578e-02
4.655000000000000426e+01 1.041002046038394385e-01 5.737446263874178554e-01 -7.725774609042775076e-02
4.656000000000000227e+01 1.020532968735023693e-01 2.630721064622667527e+00 6.503543790340668429e-02
4.657000000000000028e+01 9.417184594075393711e-02 9.393868488610698231e-01 -6.115100389969721495e-03
4.657999999999999829e+01 9.300603848383141858e-02 1.341804970839272304e+00 -2.766965051155186039e-02
4.659000000000000341e+01 8.881793890247817458e-02 1.755475242569126459e+00 1.162599354878227076e-02
4.660000000000000142e+01 8.441731762839548014e-02 6.050383762511889474e-01 -7.692237404423646341e-02
4.660999999999999943e+01 8.275191068408081774e-02 1.945505381936882161e+00 -2.808210957336854108e-04
4.661999999999999744e+01 7.708068621159723521e-02 5.839651018008629180e-01 -7.860551994871090020e-02
4.663000000000000256e+01 7.605594497331419346e-02 1.136295041623080149e+00 -7.994832339342888838e-02
4.664000000000000057e+01 7.102430150578169232e-02 2.632468678393496297e+00 7.907761468637652946e-02
4.664999999999999858e+01 6.325548583979775930e-02 1.098742843976696193e+00 1.758380238833727460e-02
4.666000000000000369e+01 6.110471530186833283e-02 1.995042335112485299e+00 4.808794204824448637e-02
4.667000000000000171e+01 5.610233221532196640e-02 5.363855660524624591e-01 -7.012916124966168951e-02
4.667999999999999972e+01 5.539888356236862682e-02 1.074593571455746632e+00 -8.849626794612031055e-02
4.668999999999999773e+01 5.109007337197913473e-02 1.818947613722421419e+00 -7.724265814251202178e-03
4.670000000000000284e+01 4.553814895462357515e-02 1.022929133702784377e+00 -3.802678801174433354e-02
4.671000000000000085e+01 4.332510464730950778e-02 8.620760988711316797e-01 -8.319239792850470494e-02
4.671999999999999886e+01 4.048418030378265337e-02 1.259284965095143871e+00 -6.518833857866354609e-02
4.673000000000000398e+01 3.559174819001636320e-02 1.932435160148508357e+00 1.821958843281996920e-02
4.674000000000000199e+01 3.035163710910110044e-02 4.465517642278992727e-01 -8.447894143689863022e-02
4.675000000000000000e+01 2.821593608535606645e-02 2.905969976602326810e+00 8.849336731390497479e-02
4.675999999999999801e+01 2.015949170436049862e-02 -1.164368806431682751e-01 -9.782585047328698491e-02
4.677000000000000313e+01 2.117103343488067890e-02 1.926502179317223007e+00 -2.662272100309547029e-02
4.678000000000000114e+01 1.429270295972182372e-02 1.325569012820837722e+00 -1.834252429555785491e-02
4.678999999999999915e+01 1.084082951935654189e-02 9.537407177933585611e-01 -6.101804330868317028e-02
4.680000000000000426e+01 7.266370806641474396e-03 2.249030044777662773e+00 4.188621240897977271e-02
4.681000000000000227e+01 -1.052406737801068510e-04 2.086339784318896218e+00 9.041170321973601709e-02
4.682000000000000028e+01 -4.633784937964417240e-03 7.011024925757772808e-01 -3.431355557450420368e-02
4.682999999999999829e+01 -5.579187092419889658e-03 9.816675346601365648e-01 -8.404641578997058826e-02
4.684000000000000341e+01 -9.256876735018806923e-03 1.519779771880805930e+00 -4.048305489245820898e-02
4.685000000000000142e+01 -1.394744561214918827e-02 8.580897381293888238e-01 -7.398673895897596442e-02
4.685999999999999943e+01 -1.746670643085426397e-02 2.563690634424844905e+00 6.963126963588484042e-02
4.686999999999999744e+01 -2.449318629262181232e-02 5.581434963943091576e-01 -4.271309577448337280e-02
4.688000000000000256e+01 -2.570655583375556705e-02 2.047222233769363520e+00 2.023512192403723042e-02
4.689000000000000057e+01 -3.165231558176408166e-02 8.234833892979954717e-01 -4.882959297697602591e-02
4.689999999999999858e+01 -3.340370540432981844e-02 8.710088292819471167e-01 -9.242987823652835944e-02
4.691000000000000369e+01 -3.707379133080589834e-02 1.994335886329118290e+00 4.307660286065911892e-03
4.692000000000000171e+01 -4.362714158795824582e-02 1.855638051503678554e+00 5.176969735768399694e-02
4.692999999999999972e+01 -4.862471334850720917e-02 1.896396855606501175e+00 6.859034088711044030e-02
4.693999999999999773e+01 -5.280442233715211542e-02 7.728249939890219355e-01 -3.999754880338751012e-02
4.695000000000000284e+01 -5.429686592653723554e-02 9.579122159146176152e-01 -8.536749858879927322e-02
4.696000000000000085e+01 -5.780334345900172560e-02 1.439007700517760835e+00 -4.736754846950008702e-02
4.696999999999999886e+01 -6.266695086968289419e-02 1.596368650800346733e+00 -3.538107907417223363e-03
4.698000000000000398e+01 -6.773182418765932855e-02 2.237612128395253031e+00 7.930953471339891037e-02
4.699000000000000199e+01 -7.361852203904845071e-02 1.690824096307978364e+00 6.568927544462796475e-02
4.700000000000000000e+01 -7.676299040455955569e-02 5.864355059131828307e-01 -6.334353013817248246e-02
4.700999999999999801e+01 -7.869277889943725179e-02 2.036491713588935770e+00 9.530697338556118337e-03
4.702000000000000313e+01 -8.480890806830999884e-02 1.450048052917113361e+00 1.173420170454746170e-02
4.703000000000000114e+01 -8.820181892861378437e-02 1.189357565706149700e+00 -2.329743246716249605e-02
4.703999999999999915e+01 -9.161167391420833861e-02 1.786664077093066849e+00 1.595245484501287003e-02
4.705000000000000426e+01 -9.696885984912577416e-02 2.219072767754858511e+00 8.630619312486062511e-02
4.706000000000000227e+01 -1.015047459671323399e-01 2.092681816702867126e-01 -7.860253511267184523e-02
4.707000000000000028e+01 -1.027197594288699889e-01 2.932301298600251460e+00 8.781448759666640735e-02
4.707999999999999829e+01 -1.104437970040694633e-01 9.250826144353030411e-01 7.395810411021774833e-03
4.709000000000000341e+01 -1.122786259052488689e-01 2.004220033009249224e+00 4.476331781461612147e-02
4.710000000000000142e+01 -1.171091744018744191e-01 9.177283773787456855e-01 -2.977139014026264352e-02
4.710999999999999943e+01 -1.188868325071398974e-01 7.866917386979743743e-01 -9.025889764767294765e-02
4.711999999999999744e+01 -1.215980636908962770e-01 1.332779791479658194e+00 -5.942404584260958800e-02
4.713000000000000256e+01 -1.255516033019473676e-01 1.030730186085836220e+00 -6.300434251496467297e-02
4.714000000000000057e+01 -1.289456048952378753e-01 1.704936209909789779e+00 -2.888327947232816051e-03
4.714999999999999858e+01 -1.336130638388914882e-01 1.352949233665838857e+00 -3.286211327041141383e-03
4.716000000000000369e+01 -1.372463976538791930e-01 1.712798343916374755e+00 2.316624416571896883e-02
4.717000000000000171e+01 -1.415910736773627610e-01 1.413895165356671590e+00 8.458438594097783536e-03
4.717999999999999972e+01 -1.455275590595779545e-01 2.255466863041695635e+00 7.958337864474693268e-02
4.718999999999999773e+01 -1.509284909585372203e-01 1.678095219412954586e+00 6.478433126402793896e-02
4.720000000000000284e+01 -1.545832836213760220e-01 1.886929626643132130e+00 6.689049495391249933e-02
4.721000000000000085e+01 -1.586658658247512010e-01 1.447110605373163050e+00 2.690547804658349751e-02
4.721999999999999886e+01 -1.622542806523369074e-01 2.348760720774060839e+00 9.368016932089917592e-02
4.723000000000000398e+01 -1.675722360965621327e-01 1.953269179979803205e+00 9.846719408179266386e-02
4.724000000000000199e+01 -1.704786022217011643e-01 2.162394005314578760e-02 -9.961101576657378776e-02
4.725000000000000000e+01 -1.710841386340915260e-01 2.164433661484175708e+00 1.436494410974875624e-04
4.725999999999999801e+01 -1.763603656374191364e-01 6.461169216919975256e-01 -6.440565316766624915e-02
4.727000000000000313e+01 -1.786470973708275956e-01 2.667401729420566525e+00 8.469749869965353950e-02
4.728000000000000114e+01 -1.841481203974261738e-01 3.635540455078621336e-01 -4.951631851198954465e-02
4.728999999999999915e+01 -1.853535186533112056e-01 2.522343588268728620e+00 6.640515203706218172e-02
4.730000000000000426e+01 -1.908282173475283894e-01 7.775769829791846499e-01 -2.110830919586018095e-02
4.731000000000000227e+01 -1.921428065566027354e-01 7.961889846756516897e-01 -8.606255261356191011e-02
4.732000000000000028e+01 -1.948777986257738681e-01 1.787543857035551298e+00 -1.197001590675952909e-02
4.732999999999999829e+01 -1.994674553024800290e-01 1.725368846154895497e+00 3.338268917674735992e-02
4.734000000000000341e+01 -2.031672512225859983e-01 1.492397332817286149e+00 2.501608707767774553e-02
4.735000000000000142e+01 -2.062862586831688549e-01 1.363617611326600310e+00 7.321733269332886263e-04
4.735999999999999943e+01 -2.090717253098078043e-01 8.147606793015477189e-01 -6.637363346979749390e-02
4.736999999999999744e+01 -2.120062095615775077e-01 2.822588984090260489e+00 9.798107650016887882e-02
4.738000000000000256e+01 -2.176281792828410888e-01 1.148416809458095100e+00 3.508852668099729510e-02
4.739000000000000057e+01 -2.197214236551094380e-01 1.755708445114046334e+00 3.556032643819723171e-02
4.739999999999999858e+01 -2.229817211708104152e-01 6.171726644085511193e-01 -6.779912503121739153e-02
4.741000000000000369e+01 -2.252285999396310412e-01 2.643367342098873696e+00 7.431528761719191634e-02
4.742000000000000171e+01 -2.300701412493608156e-01 3.755717451032331566e-01 -5.461235823221655128e-02
4.742999999999999972e+01 -2.312444785417681059e-01 1.910350057005103963e+00 3.433515690938054865e-03
4.743999999999999773e+01 -2.350110354734289420e-01 4.663442181321008073e-01 -8.782139169961028502e-02
4.745000000000000284e+01 -2.369145736416273795e-01 2.223223707730871634e+00 2.574161320801432451e-02
4.746000000000000085e+01 -2.414580536585940462e-01 1.526770786634621180e+00 3.455433568551682932e-02
4.746999999999999886e+01 -2.444873611605855590e-01 2.082264113278248452e+00 7.783475890072663606e-02
4.748000000000000398e+01 -2.480858094028476624e-01 1.474298071463655324e+00 4.075545240726463625e-02
4.749000000000000199e+01 -2.508543077366816032e-01 2.014779948480018401e+00 6.698513364748301391e-02
4.750000000000000000e+01 -2.540722996802254330e-01 7.764131645196704623e-01 -3.541029945969378923e-02
4.750999999999999801e+01 -2.561901054182222914e-01 2.638921858510772989e+00 8.741527753367719922e-02
4.752000000000000313e+01 -2.602209992613286893e-01 2.868727577765597392e-01 -6.089660511458686032e-02
4.753000000000000114e+01 -2.610779644892533558e-01 9.673549476118443735e-01 -9.573277750878327053e-02
4.753999999999999915e+01 -2.638582188621104718e-01 2.387107307597071681e+00 4.705730692707535412e-02
4.755000000000000426e+01 -2.680164890089837271e-01 1.654034240496069286e+00 6.061945210900204772e-02
4.756000000000000227e+01 -2.706502852699363970e-01 1.882336907582061070e+00 6.991066180087152082e-02
4.757000000000000028e+01 -2.732648715172842913e-01 5.272957446663661951e-01 -6.123376291539999600e-02
4.757999999999999829e+01 -2.750960622226595875e-01 2.724231935927819315e+00 8.065612062161339746e-02
4.759000000000000341e+01 -2.790744873705911511e-01 1.177279907993208363e+00 2.717737936958869449e-02
4.760000000000000142e+01 -2.807550781091386338e-01 5.515728629670813010e-01 -8.611099166309355013e-02
4.760999999999999943e+01 -2.827718309450154566e-01 2.886540125427983661e+00 8.886035253060811656e-02
4.761999999999999744e+01 -2.865489347933027897e-01 5.136993501408735341e-01 -3.029597293551473947e-02
4.763000000000000256e+01 -2.877781166576718896e-01 1.132308428905603126e+00 -6.258907565622595648e-02
4.764000000000000057e+01 -2.900207717220332770e-01 1.552529734760707880e+00 -2.186630387912158469e-02
4.764999999999999858e+01 -2.928225842497231834e-01 1.970738620040924927e+00 4.734654902199730842e-02
4.766000000000000369e+01 -2.954935084306072324e-01 1.304837116231428951e+00 1.452405202835427289e-02
4.767000000000000171e+01 -2.976552091376474807e-01 2.095542667619527677e+00 6.396633689698666414e-02
4.767999999999999972e+01 -3.002944190155047433e-01 1.270561464130235185e+00 1.499733030642105835e-02
4.768999999999999773e+01 -3.023653311520166920e-01 2.234489015116063904e+00 7.545907975330629069e-02
4.770000000000000284e+01 -3.048633461813305967e-01 5.207812386799660631e-01 -5.290755904655941588e-02
4.771000000000000085e+01 -3.063223560073530249e-01 1.755048365135578159e+00 -1.242920901925104182e-02
4.771999999999999886e+01 -3.087407243417905067e-01 1.508389712577270725e+00 5.070792372716459440e-03
4.773000000000000398e+01 -3.107349260751494091e-01 6.375944332000844650e-01 -7.738873347896753352e-02
4.774000000000000199e+01 -3.124417896859957855e-01 2.320771553765050399e+00 3.982123823248601147e-02
4.775000000000000000e+01 -3.149675455542833014e-01 1.465247143724832890e+00 3.374661954023511212e-02
4.775999999999999801e+01 -3.167867966098332211e-01 9.318406742807754384e-01 -4.003334301931123218e-02
4.777000000000000313e+01 -3.184604241991335627e-01 1.699548945404261380e+00 -5.156654324016018975e-03
4.778000000000000114e+01 -3.205768875028294773e-01 2.382251404640558956e+00 9.313687546570745268e-02
4.778999999999999915e+01 -3.227176901855224322e-01 1.304180369298149067e+00 3.690103603185110326e-02
4.780000000000000426e+01 -3.243643473133787647e-01 1.658594375126230869e+00 2.564026419116255395e-02
4.781000000000000227e+01 -3.261160231638910445e-01 1.184017461865460863e+00 -1.954032823153437071e-02
4.782000000000000028e+01 -3.277529232001104575e-01 1.635665565372923957e+00 1.201966170839369186e-03
4.782999999999999829e+01 -3.295148863779824855e-01 2.293008241842805717e+00 8.489230818625245756e-02
4.784000000000000341e+01 -3.312875012384431939e-01 1.301704180098888664e+00 3.117406040724496341e-02
4.785000000000000142e+01 -3.328174992300025337e-01 2.039226717101398467e+00 6.154991546182164708e-02
4.785999999999999943e+01 -3.343996919640560561e-01 1.490184452936014647e+00 3.235689074214664895e-02
4.787000000000000455e+01 -3.358826306461217270e-01 5.053477430660583414e-01 -8.635925020665460861e-02
4.788000000000000256e+01 -3.373154719601397233e-01 1.346415888998110377e+00 -6.636414496019116260e-02
4.789000000000000057e+01 -3.386205130179039124e-01 8.291709670190251513e-01 -8.887614670873136835e-02
4.789999999999999858e+01 -3.401425293663768445e-01 1.318406182997882592e+00 -5.653874798209155422e-02
4.791000000000000369e+01 -3.413827565681519793e-01 7.778190279171122157e-01 -8.875108129468599338e-02
4.792000000000000171e+01 -3.427502452445742587e-01 2.518816840354784592e+00 6.026013369573143819e-02
4.792999999999999972e+01 -3.437844972342627425e-01 1.912842568425870748e+00 8.957799939357086183e-02
4.793999999999999773e+01 -3.452026935403212371e-01 5.194584824752622731e-01 -5.412836054483747411e-02
4.795000000000000284e+01 -3.464532336895472797e-01 1.163511718585332533e+00 -7.664051026465706906e-02
4.796000000000000085e+01 -3.474728386169672611e-01 1.707101592718857530e+00 -1.460761341564661975e-02
4.796999999999999886e+01 -3.485607791347224427e-01 1.446590533295456948e+00 -2.028845199112352948e-03
4.798000000000000398e+01 -3.495751608412779876e-01 2.063074394665528999e+00 5.697012519549229936e-02
4.799000000000000199e+01 -3.504540771698139712e-01 9.670166530834430896e-01 -2.008951639894965280e-02
4.800000000000000000e+01 -3.515407654983265240e-01 2.387610210096031693e+00 6.822326845526707761e-02
4.800999999999999801e+01 -3.519801513919475489e-01 2.006794300079257631e+00 9.198369486100463344e-02
4.802000000000000313e+01 -3.529791255003683070e-01 8.319147373346333918e-01 -2.389158338980604257e-02
4.803000000000000114e+01 -3.539455225127918214e-01 2.675390935399788894e+00 8.979271728087176441e-02
4.803999999999999915e+01 -3.542443829725375193e-01 7.473817917974596714e-01 -1.960040150241534884e-02
4.805000000000000426e+01 -3.554487096316197858e-01 2.261130035251128767e+00 5.184599681975129992e-02
4.806000000000000227e+01 -3.556342972982282635e-01 1.575142484021698319e+00 4.074338396317828126e-02
4.807000000000000028e+01 -3.565257977913142140e-01 8.752745858433561565e-01 -4.531501270997606579e-02
4.807999999999999829e+01 -3.576196947477270349e-01 8.808328054445085931e-01 -9.206736916698619877e-02
4.809000000000000341e+01 -3.583385682538910988e-01 1.526343986426476285e+00 -4.206233337689040813e-02
4.810000000000000142e+01 -3.587864848600456624e-01 8.124618762750012158e-01 -7.763458890605592910e-02
4.810999999999999943e+01 -3.595357429973101149e-01 2.053244623091027510e+00 1.744857130035286363e-02
4.812000000000000455e+01 -3.596034316922651630e-01 3.070624980127290016e-01 -9.651359055203106996e-02
4.813000000000000256e+01 -3.606696998113256281e-01 2.484771060059824510e+00 4.005928431286129299e-02
4.814000000000000057e+01 -3.599404224822098652e-01 1.254538047874362627e+00 1.244719458294814285e-02
4.814999999999999858e+01 -3.606724662476204490e-01 1.420089809987714613e+00 -7.198383744016489949e-03
4.816000000000000369e+01 -3.606314573256558798e-01 2.518040156202459023e+00 9.445801971760336979e-02
4.817000000000000171e+01 -3.599316300334142182e-01 1.593138605867369106e+00 6.336424506470245133e-02
4.817999999999999972e+01 -3.606576346936580801e-01 2.961507739314437893e-01 -9.778644191813037900e-02
4.818999999999999773e+01 -3.619269004675118029e-01 1.259698253540959989e+00 -8.930630656652149835e-02
4.820000000000000284e+01 -3.614481368175566089e-01 2.112746104420408777e+00 2.386458328122913197e-02
4.821000000000000085e+01 -3.607517880518263942e-01 1.705279340364914020e+00 4.654402769438631404e-02
4.821999999999999886e+01 -3.607534637036307612e-01 1.626396387700171475e+00 3.495605769401910479e-02
4.823000000000000398e+01 -3.608522049427188017e-01 6.079440517139910183e-01 -7.597348358800111445e-02
4.824000000000000199e+01 -3.613861966714763674e-01 2.442922608346677293e+00 4.455290319558849466e-02
4.825000000000000000e+01 -3.597542181968618746e-01 1.809177047682643424e+00 6.656666168335434453e-02
4.825999999999999801e+01 -3.596274735095891795e-01 1.456229767244736850e+00 2.642895446024864925e-02
4.827000000000000313e+01 -3.594708220793533804e-01 1.989336359288189193e+00 5.340166563479395445e-02
4.828000000000000114e+01 -3.587998010699023910e-01 1.049717786893960003e+00 -1.841862391319297465e-02
4.828999999999999915e+01 -3.593726462521759091e-01 1.041970166222536465e+00 -6.386764599039114476e-02
4.830000000000000426e+01 -3.590134352150727848e-01 2.394938151047762531e+00 5.513327388853472844e-02
4.831000000000000227e+01 -3.577336890928944357e-01 2.814276031158091107e-01 -8.001059686493849910e-02
4.832000000000000028e+01 -3.591916446410458041e-01 1.287209499487385056e+00 -7.482576268118201757e-02
4.832999999999999829e+01 -3.580073907609156447e-01 2.369844928078772117e+00 5.535026080225410872e-02
4.834000000000000341e+01 -3.566494824235916794e-01 1.060145937111608566e-01 -9.595359830308135274e-02
4.835000000000000142e+01 -3.581886077088201614e-01 1.471757240732970207e+00 -6.614362031181150736e-02
4.835999999999999943e+01 -3.565632450886448979e-01 2.038480415904093235e+00 2.916834534256446121e-02
4.837000000000000455e+01 -3.550368954122303244e-01 1.283242498464459924e+00 3.885737334823960443e-03
4.838000000000000256e+01 -3.546261608084931849e-01 1.971003367421010344e+00 4.351677209051155182e-02
4.839000000000000057e+01 -3.532818934370972053e-01 8.848784748085966045e-01 -3.800905660444926781e-02
4.839999999999999858e+01 -3.531222761632082374e-01 2.424777874293145175e+00 6.245496491277324758e-02
4.841000000000000369e+01 -3.505396397578995349e-01 1.522456058196234308e+00 4.206668622707712690e-02
4.842000000000000171e+01 -3.501208916313118258e-01 1.444586867316379974e+00 8.137839361430462826e-03
4.842999999999999972e+01 -3.495890534767480684e-01 8.826308453315168112e-01 -6.371952078203763081e-02
4.843999999999999773e+01 -3.494154215752959258e-01 1.585849485077586607e+00 -2.976657366456358922e-02
4.845000000000000284e+01 -3.480303522883689271e-01 9.800801873655256014e-01 -5.991451722763244114e-02
4.846000000000000085e+01 -3.474480651189327252e-01 2.038894537213201463e+00 2.286066590728000336e-02
4.846999999999999886e+01 -3.448827802297801948e-01 1.937778508330262772e+00 6.430622220122744759e-02
4.848000000000000398e+01 -3.436928378841938025e-01 6.728584723212699403e-01 -4.975572045149232597e-02
4.849000000000000199e+01 -3.435166520239991139e-01 2.744906390294662213e+00 8.481992052140904792e-02
4.850000000000000000e+01 -3.398493792109660294e-01 1.138677165447832484e+00 1.875999439779377220e-02
4.850999999999999801e+01 -3.396154357664329382e-01 2.159554841803585479e+00 6.287252388796424341e-02
4.852000000000000313e+01 -3.370922080271752108e-01 1.468423488598345150e+00 2.926236912942214996e-02
4.853000000000000114e+01 -3.365104499967674911e-01 9.725139365925578039e-01 -4.525247047892566599e-02
4.853999999999999915e+01 -3.355030346824912080e-01 2.668764949451987167e+00 8.577001242166543138e-02
4.855000000000000426e+01 -3.315191637595906737e-01 1.784635788511449439e+00 8.367485085352616148e-02
4.856000000000000227e+01 -3.307164786992773942e-01 9.716189512471071765e-01 -1.710902963064890592e-02
4.857000000000000028e+01 -3.301964064929178710e-01 2.237378991555627028e+00 5.171212264929014868e-02
4.857999999999999829e+01 -3.268619093228773975e-01 1.772924340054141679e+00 5.980165221132063835e-02
4.859000000000000341e+01 -3.254473718411096672e-01 1.387850341694538248e+00 1.632628644375097582e-02
4.860000000000000142e+01 -3.244532933635004279e-01 1.492631782354715719e+00 1.025020214852845335e-03
4.860999999999999943e+01 -3.229029541591124652e-01 1.308864279047888823e+00 -1.936752098319283188e-02
4.862000000000000455e+01 -3.215331354353325177e-01 1.702567681672781719e+00 1.038890636610592666e-02
4.863000000000000256e+01 -3.195434349769324944e-01 1.007367097839312553e+00 -3.859789581307795925e-02
4.864000000000000057e+01 -3.190816179026838006e-01 1.154222498679689179e+00 -5.645864048981814876e-02
4.864999999999999858e+01 -3.172363378030106373e-01 1.934338795666382449e+00 1.780689957105068000e-02
4.866000000000000369e+01 -3.147825826760000112e-01 3.831210095628539425e-01 -9.126113003097258147e-02
4.867000000000000171e+01 -3.149753047010005469e-01 2.061640393715787223e+00 1.702194806135426397e-03
4.867999999999999972e+01 -3.105759678977909610e-01 2.030181492144728317e+00 6.753316850691168383e-02
4.868999999999999773e+01 -3.085356279666094381e-01 1.622096209130410582e-01 -9.412671232865542359e-02
4.870000000000000284e+01 -3.088628462276747366e-01 2.815843782917462068e+00 6.701614440443939835e-02
4.871000000000000085e+01 -3.025929869329787025e-01 1.904959856229351045e+00 9.219744817257233271e-02
4.871999999999999886e+01 -3.013148519543107362e-01 2.555943445337105491e-01 -8.078729654022571982e-02
4.873000000000000398e+01 -3.024294112060429418e-01 1.239300754476040156e+00 -8.547966329564682386e-02
4.874000000000000199e+01 -2.998753896409594444e-01 9.247934361320916397e-01 -9.393963570700024357e-02
4.875000000000000000e+01 -2.980410001125281538e-01 2.081863759897113475e+00 1.637422258181468748e-02
4.875999999999999801e+01 -2.940071214674374045e-01 1.081002584466748129e+00 -1.893292310616653817e-02
4.877000000000000313e+01 -2.925833653849549409e-01 1.990426990139152030e+00 3.470799033409374679e-02
4.878000000000000114e+01 -2.892323264526112103e-01 6.427229210726608244e-01 -6.335572842105703650e-02
4.878999999999999915e+01 -2.884114021968174901e-01 2.327872952191255340e+00 3.987117141820575861e-02
4.880000000000000426e+01 -2.835537115339517023e-01 1.035772414691845889e+00 -1.517173506927509130e-02
4.881000000000000227e+01 -2.819509278387458684e-01 2.563918788700462414e+00 8.985806077140406911e-02
4.882000000000000028e+01 -2.767344902571340359e-01 1.356348618865111266e+00 3.794368662939812120e-02
4.882999999999999829e+01 -2.753605122669215421e-01 1.596000607525104087e+00 1.697880447576811946e-02
4.884000000000000341e+01 -2.725617623628076025e-01 1.530802419680982185e+00 6.436608219215989024e-03
4.885000000000000142e+01 -2.700874778781850449e-01 1.320765762897887274e+00 -1.710177903030266067e-02
4.885999999999999943e+01 -2.683581053639240155e-01 8.241347045304374674e-01 -7.802424766056115235e-02
4.887000000000000455e+01 -2.663735082770199436e-01 2.535675269058870196e+00 6.060121807272084160e-02
4.888000000000000256e+01 -2.606550027266507641e-01 1.336589531529248420e+00 2.956845700529769916e-02
4.889000000000000057e+01 -2.596574047489186854e-01 8.262185724116685170e-01 -5.899517405061891623e-02
4.889999999999999858e+01 -2.588155734983736411e-01 9.531205106811725392e-01 -9.222291814098770857e-02
4.891000000000000369e+01 -2.567523588235868792e-01 1.148675285421796533e+00 -7.882950407769724610e-02
4.892000000000000171e+01 -2.543777684657979044e-01 8.410117133512813314e-01 -9.705002021094832898e-02
4.892999999999999972e+01 -2.514907156645582731e-01 2.886008051119503204e+00 9.306479333121217556e-02
4.893999999999999773e+01 -2.447010375411050875e-01 1.008209306235270164e+00 1.755083331667724178e-02
4.895000000000000284e+01 -2.441187366546630488e-01 1.376610443383474269e+00 -1.687888339142169791e-02
4.896000000000000085e+01 -2.411043240879194027e-01 1.375497041168691537e+00 -2.551297375406123835e-02
4.896999999999999886e+01 -2.374863346550334930e-01 2.278498112589824931e+00 6.409050597326060306e-02
4.898000000000000398e+01 -2.326207839412153811e-01 1.035169852540420043e+00 -6.996017779844154738e-03
4.899000000000000199e+01 -2.306678967317935813e-01 2.512764039724223242e+00 8.613758413934352598e-02
4.900000000000000000e+01 -2.248560479305209969e-01 1.312023845102705311e+00 3.053360000897051285e-02
4.900999999999999801e+01 -2.236073866385493436e-01 8.806686244680558273e-01 -5.720005787433066896e-02
4.902000000000000313e+01 -2.211696601397293571e-01 2.648939092737285783e+00 7.673227753407793617e-02
4.903000000000000114e+01 -2.145550727977071082e-01 1.458910393088369783e+00 4.786722178603797229e-02
4.903999999999999915e+01 -2.131539589311763627e-01 7.470806625519291755e-01 -5.848304151825043512e-02
4.905000000000000426e+01 -2.115856789788667369e-01 2.127945055299240718e+00 2.248835002542673434e-02
4.906000000000000227e+01 -2.061614331662997568e-01 1.330755904776426135e+00 5.242470787501146701e-03
4.907000000000000028e+01 -2.043609425928619161e-01 8.322472303130225013e-01 -6.579668917578314347e-02
4.907999999999999829e+01 -2.023906864667678884e-01 1.896964118595054982e+00 1.968932779444904080e-03
4.909000000000000341e+01 -1.968521069123124190e-01 2.168531675041577067e+00 7.791182163684490236e-02
4.910000000000000142e+01 -1.919749329666940729e-01 1.689863577816035800e+00 6.366278103500472296e-02
4.910999999999999943e+01 -1.885830149788719767e-01 2.010055308979450839e+00 7.630752903334434012e-02
4.912000000000000455e+01 -1.838698300503194827e-01 2.107666183652845859e+00 9.543386190896466226e-02
4.913000000000000256e+01 -1.791954259560642193e-01 2.055166585197993889e+00 9.952935784035532585e-02
4.914000000000000057e+01 -1.752963203829926708e-01 1.573498585156494212e+00 5.168226955657764798e-02
4.914999999999999858e+01 -1.720309013513487140e-01 2.299074383370593999e+00 9.637877838314110046e-02
4.916000000000000369e+01 -1.679338001350602627e-01 2.695480238529736616e-01 -7.204259767746218346e-02
4.917000000000000171e+01 -1.684652685468813471e-01 1.924391661082734517e+00 -1.004395878852278046e-02
4.917999999999999972e+01 -1.635729228544298419e-01 6.655637631620017203e-01 -7.452032211106354720e-02
4.918999999999999773e+01 -1.624100611739918154e-01 1.767492001972694071e+00 -1.127410259191843900e-02
4.920000000000000284e+01 -1.581929386239947499e-01 5.145002594017024089e-01 -9.005635012304598341e-02
4.921000000000000085e+01 -1.576816803512720577e-01 1.006498634956668470e+00 -9.603472395693438135e-02
4.921999999999999886e+01 -1.539145224237736531e-01 1.902894625090825187e+00 6.985418014577443602e-04
4.923000000000000398e+01 -1.487277286449014135e-01 1.161102351119798204e+00 -1.712025728982798090e-02
4.924000000000000199e+01 -1.456064617965431018e-01 2.147717157888436645e+00 5.592946222961056590e-02
4.925000000000000000e+01 -1.405493260500117747e-01 5.320003272493248891e-01 -6.026104070440821414e-02
4.925999999999999801e+01 -1.400233907499178199e-01 1.175622277038803842e+00 -7.375670241756127066e-02
4.927000000000000313e+01 -1.362541567183043201e-01 1.074501437263853498e+00 -7.461335530116522397e-02
4.928000000000000114e+01 -1.324473692537503355e-01 2.134020758734005430e+00 3.161489117966992390e-02
4.928999999999999915e+01 -1.269715343550947839e-01 5.568459360172379746e-01 -6.429198367976071693e-02
4.930000000000000426e+01 -1.259507478038820183e-01 1.471244761378300847e+00 -4.416508379738819795e-02
4.931000000000000227e+01 -1.206667801177022936e-01 2.030533257227774335e+00 3.670139649494846834e-02
4.932000000000000028e+01 -1.152584279353355001e-01 1.202086255827450323e+00 -2.557782667822181000e-03
4.932999999999999829e+01 -1.127805622726386486e-01 1.110820757990240715e+00 -4.590452492457561956e-02
4.934000000000000341e+01 -1.092426794759657205e-01 1.793358727598236779e+00 2.845746939280940913e-03
4.935000000000000142e+01 -1.045443265810129946e-01 7.148649549643455448e-01 -7.004187305773056094e-02
4.935999999999999943e+01 -1.026192690280598036e-01 1.547694940523806073e+00 -3.618023566963275706e-02
4.937000000000000455e+01 -9.703911025960043624e-02 2.243183013159184114e+00 6.269856607199550402e-02
4.938000000000000256e+01 -9.064635971067805387e-02 1.868254291040913451e+00 7.669551023833606762e-02
4.939000000000000057e+01 -8.609327916961805049e-02 2.065702442546524686e+00 8.983969552312850992e-02
4.939999999999999858e+01 -8.159649025341106365e-02 8.437755178991831473e-01 -2.568942730619581949e-02
4.941000000000000369e+01 -8.015957911803474334e-02 1.311225921953393492e+00 -4.652115849401958908e-02
4.942000000000000171e+01 -7.653549331677121648e-02 7.902492169405272993e-01 -9.279727843659334174e-02
4.942999999999999972e+01 -7.354804249545582318e-02 2.205382145411075356e+00 2.438018370633636411e-02
4.943999999999999773e+01 -6.739520157656161969e-02 8.783564173317668367e-01 -3.368884929623182367e-02
4.945000000000000284e+01 -6.598197857602222660e-02 8.042334862704801912e-01 -9.123474432536843315e-02
4.946000000000000085e+01 -6.269851062112707929e-02 2.043358169896286380e+00 7.377495516165483158e-03
4.946999999999999886e+01 -5.696500712898847074e-02 6.563787106276605110e-01 -6.574935041795929025e-02
4.948000000000000398e+01 -5.548632299752807168e-02 1.198821374319989141e+00 -6.821124686597315745e-02
4.949000000000000199e+01 -5.163538865822656782e-02 8.838280344951898737e-01 -9.023877757182369175e-02
4.950000000000000000e+01 -4.751779503219499823e-02 2.746351966735260497e+00 8.190800315607418836e-02
4.950999999999999801e+01 -3.983817031440070600e-02 9.955123045884421984e-01 9.174990413155392766e-03
4.952000000000000313e+01 -3.840320755609571979e-02 8.204526709830981535e-01 -7.468151751949898831e-02
4.953000000000000114e+01 -3.570254427613180764e-02 1.234658993169262420e+00 -7.055157893041275052e-02
4.953999999999999915e+01 -3.040531773183378222e-02 2.683870343860049967e+00 8.757094257331929366e-02
4.955000000000000426e+01 -2.397337609645679851e-02 4.535793290831515584e-02 -8.487543655712702362e-02
4.956000000000000227e+01 -2.368832508120262068e-02 2.358443962794429360e+00 2.349980633710506417e-02
4.957000000000000028e+01 -1.699904303083357021e-02 2.968199915246505505e-01 -9.402014973274448739e-02
4.957999999999999829e+01 -1.596123859962920305e-02 1.839880226031475274e+00 -2.366443993087227748e-02
4.959000000000000341e+01 -9.208406115524214036e-03 2.395192749923146458e+00 8.847695092413565554e-02
4.960000000000000142e+01 -3.530694378383253569e-03 6.963055528284309847e-01 -2.662086851227574158e-02
4.960999999999999943e+01 -2.011744206615992316e-03 1.674163796423987938e+00 -1.108693118615237949e-02
4.962000000000000455e+01 2.642555149053516482e-03 6.598785012524064353e-01 -8.582323994980210757e-02
4.963000000000000256e+01 4.585839563315888268e-03 1.111541999914258838e+00 -8.565773909083990167e-02
4.964000000000000057e+01 9.107729998454435622e-03 2.013412856794563055e+00 1.474866115469657124e-02
4.964999999999999858e+01 1.551273347235848296e-02 2.207537019384449462e+00 9.079126537116186113e-02
4.966000000000000369e+01 2.107132284951905576e-02 1.745817027836940039e+00 7.343160989856534204e-02
4.967000000000000171e+01 2.503084622425990127e-02 1.517383028457797378e+00 3.009169518805135390e-02
4.967999999999999972e+01 2.940508029113620553e-02 2.398565333157627766e+00 9.571281371407902583e-02
4.968999999999999773e+01 3.495677361318177273e-02 8.534476194730624687e-01 -1.365004761299118408e-02
4.970000000000000284e+01 3.738181069152758662e-02 2.630495153185851365e+00 9.155462247174378509e-02
4.971000000000000085e+01 4.388619871473465467e-02 9.893300797872983665e-01 4.823881443486804921e-03
4.971999999999999886e+01 4.520312872154785833e-02 7.047413892311592543e-01 -8.730941354403497223e-02
4.973000000000000398e+01 4.785492264650863942e-02 1.909214690509297041e+00 -7.091013657762462730e-03
4.974000000000000199e+01 5.393102028232779621e-02 2.325199900279023790e+00 9.336263022846871817e-02
4.975000000000000000e+01 5.892605114487139972e-02 7.577625307185273940e-01 -1.665012578497246376e-02
4.975999999999999801e+01 6.116708781894468483e-02 2.680051631583674432e+00 9.708606365433058993e-02
4.977000000000000313e+01 6.751444573203919941e-02 6.628898958755962134e-01 -2.221524938093447088e-02
4.978000000000000114e+01 6.841501972647316687e-02 1.052603461853217626e+00 -6.767149776458697419e-02
4.978999999999999915e+01 7.178603485588871957e-02 1.322572046263797763e+00 -4.909377050482843785e-02
4.980000000000000426e+01 7.553447308627754542e-02 1.118949072606884476e+00 -5.206057705944109465e-02
4.981000000000000227e+01 7.911553092756046235e-02 1.856086976037709002e+00 1.649263081714284762e-02
4.982000000000000028e+01 8.360603254999207645e-02 6.063350527545788848e-01 -6.811906784344398669e-02
4.982999999999999829e+01 8.560302380532901212e-02 1.596285878702446537e+00 -2.832200621769798143e-02
4.984000000000000341e+01 9.106580734226640828e-02 2.479940565276709030e+00 9.410031992581410765e-02
4.985000000000000142e+01 9.621660345597764230e-02 1.144691483650886882e-01 -7.689330280247902438e-02
4.985999999999999943e+01 9.719116769752220164e-02 2.358594716951337045e+00 3.050247541672912455e-02
4.987000000000000455e+01 1.032744516082974434e-01 6.317732612701185690e-01 -5.470637567628105352e-02
4.988000000000000256e+01 1.051398047606303815e-01 1.640263446394042424e+00 -1.894392223848070933e-02
4.989000000000000057e+01 1.094445240210091125e-01 6.490563873817494223e-01 -8.443355466463534076e-02
4.989999999999999858e+01 1.122926705906262673e-01 2.444587960268047588e+00 5.094371253519913711e-02
4.991000000000000369e+01 1.188331190808959714e-01 1.765110883616195059e+00 6.987522004847887547e-02
4.992000000000000171e+01 1.227379173579649929e-01 1.673388028301929786e+00 5.169015122468537116e-02
4.992999999999999972e+01 1.262675502132315775e-01 9.371753562300431106e-01 -3.427186126902413699e-02
4.993999999999999773e+01 1.290472826734638812e-01 1.829258450229302113e+00 8.218626319589542040e-03
4.995000000000000284e+01 1.335219184692482131e-01 9.991748728376715905e-01 -3.726838934563139749e-02
4.996000000000000085e+01 1.368324943363937451e-01 2.664363275438512701e+00 9.587790880242116898e-02
4.996999999999999886e+01 1.425073046502788598e-01 7.206388181973734097e-01 -1.456991503707812108e-02
4.998000000000000398e+01 1.445401996451534110e-01 2.335939479779970629e+00 6.367596609860476375e-02
4.999000000000000199e+01 1.493570265572189415e-01 2.542130600697279363e-01 -8.203275669523341085e-02
5.000000000000000000e+01 1.510684134808825130e-01 2.931739211210221629e+00 8.941186791956901025e-02
