1.000000000000000021e-02 2.340624140613138116e-01 6.307605487917621323e-01 -1.000000000000000056e-01
2.000000000000000042e-02 2.359773004751908321e-01 8.813040488257508631e-01 -1.000000000000000056e-01
2.999999999999999889e-02 2.389279042340847203e-01 8.795918492472920569e-01 -1.000000000000000056e-01
4.000000000000000083e-02 2.412977202197880977e-01 8.872592912727524928e-01 -1.000000000000000056e-01
5.000000000000000278e-02 2.436849166124215038e-01 8.937482577514254123e-01 -1.000000000000000056e-01
5.999999999999999778e-02 2.460937732638001363e-01 9.004656336186259713e-01 -1.000000000000000056e-01
7.000000000000000666e-02 2.485234673199019362e-01 9.076384789135878428e-01 -1.000000000000000056e-01
8.000000000000000167e-02 2.509618708805559373e-01 9.151872822502273852e-01 -1.000000000000000056e-01
8.999999999999999667e-02 2.534036433671824073e-01 9.229984231863603839e-01 -1.000000000000000056e-01
1.000000000000000056e-01 2.558425928746499989e-01 9.309380253470843636e-01 -1.000000000000000056e-01
1.100000000000000006e-01 2.582738515069161744e-01 9.388905834220178104e-01 -1.000000000000000056e-01
1.199999999999999956e-01 2.606919348880493703e-01 9.467607205211588939e-01 -1.000000000000000056e-01
1.300000000000000044e-01 2.630974122113882152e-01 9.544908216536267531e-01 -1.000000000000000056e-01
1.400000000000000133e-01 2.654814680787586645e-01 9.620122640438666384e-01 -1.000000000000000056e-01
1.499999999999999944e-01 2.678458260557332604e-01 9.692915603418185144e-01 -1.000000000000000056e-01
1.600000000000000033e-01 2.701864643672495236e-01 9.762938990005914919e-01 -1.000000000000000056e-01
1.700000000000000122e-01 2.725020291432064812e-01 9.829989132562385601e-01 -1.000000000000000056e-01
1.799999999999999933e-01 2.747908165388243673e-01 9.893922666000271038e-01 -1.000000000000000056e-01
1.900000000000000022e-01 2.770514813078694405e-01 9.954668183135453319e-01 -1.000000000000000056e-01
2.000000000000000111e-01 2.792828075705722224e-01 1.001220580386174674e+00 -1.000000000000000056e-01
2.099999999999999922e-01 2.814837373924319319e-01 1.006655686339617217e+00 -1.000000000000000056e-01
2.200000000000000011e-01 2.836533329010320625e-01 1.011777425407423436e+00 -1.000000000000000056e-01
2.300000000000000100e-01 2.857907588706573576e-01 1.016593440872964216e+00 -1.000000000000000056e-01
2.399999999999999911e-01 2.878952660212282244e-01 1.021113084377251568e+00 -1.000000000000000056e-01
2.500000000000000000e-01 2.899661776357724818e-01 1.025346891756911738e+00 -1.000000000000000056e-01
2.600000000000000089e-01 2.920028784050116011e-01 1.029306163286521247e+00 -1.000000000000000056e-01
2.700000000000000178e-01 2.940048051176049615e-01 1.033002632465940041e+00 -1.000000000000000056e-01
2.800000000000000266e-01 2.959714390353473390e-01 1.036448209993963143e+00 -1.000000000000000056e-01
2.899999999999999800e-01 2.979022999931441040e-01 1.039654791142703649e+00 -1.000000000000000056e-01
2.999999999999999889e-01 2.997964308739402561e-01 1.042635203782521502e+00 -1.000000000000000056e-01
3.099999999999999978e-01 3.016557606511097167e-01 1.045399889491997358e+00 -1.000000000000000056e-01
3.200000000000000067e-01 3.034758620839047016e-01 1.047957618061951646e+00 -1.000000000000000056e-01
3.300000000000000155e-01 3.052596405096926757e-01 1.050322742563455813e+00 -1.000000000000000056e-01
3.400000000000000244e-01 3.070054921002284831e-01 1.052504285934634298e+00 -1.000000000000000056e-01
3.500000000000000333e-01 3.087133148203486943e-01 1.054512108543524729e+00 -1.000000000000000056e-01
3.599999999999999867e-01 3.103827938372114570e-01 1.056355817934084396e+00 -1.000000000000000056e-01
3.699999999999999956e-01 3.120136421375913627e-01 1.058044378128621288e+00 -1.000000000000000056e-01
3.800000000000000044e-01 3.136055781813525400e-01 1.059586335852038985e+00 -1.000000000000000056e-01
3.900000000000000133e-01 3.151583375489188654e-01 1.060989828317120409e+00 -1.000000000000000056e-01
4.000000000000000222e-01 3.166716665226181893e-01 1.062262576346323151e+00 -1.000000000000000056e-01
4.100000000000000311e-01 3.181453225811365915e-01 1.063411909631157171e+00 -1.000000000000000056e-01
4.199999999999999845e-01 3.195790734604279648e-01 1.064444783303202469e+00 -1.000000000000000056e-01
4.299999999999999933e-01 3.209726963900223495e-01 1.065367796191387439e+00 -1.000000000000000056e-01
4.400000000000000022e-01 3.223259774979525538e-01 1.066187209215175846e+00 -1.000000000000000056e-01
4.500000000000000111e-01 3.236387112557986834e-01 1.066908963434975099e+00 -1.000000000000000056e-01
4.600000000000000200e-01 3.249106999950226449e-01 1.067538697653054758e+00 -1.000000000000000056e-01
4.700000000000000289e-01 3.261417534837207644e-01 1.068081765373630976e+00 -1.000000000000000056e-01
4.799999999999999822e-01 3.273316885592845726e-01 1.068543250985263482e+00 -1.000000000000000056e-01
4.899999999999999911e-01 3.284803288108770203e-01 1.068927985083060861e+00 -1.000000000000000056e-01
5.000000000000000000e-01 3.295875043090243373e-01 1.069240558892293524e+00 -1.000000000000000056e-01
5.100000000000000089e-01 3.306530513767975688e-01 1.069485337783813605e+00 -1.000000000000000056e-01
5.200000000000000178e-01 3.316768124015287977e-01 1.069666473893998715e+00 -1.000000000000000056e-01
5.300000000000000266e-01 3.326586356787493703e-01 1.069787917879085670e+00 -1.000000000000000056e-01
5.400000000000000355e-01 3.335983752903642352e-01 1.069853429844761505e+00 -1.000000000000000056e-01
5.500000000000000444e-01 3.344958910081617942e-01 1.069866589501233811e+00 -1.000000000000000056e-01
5.600000000000000533e-01 3.353510482222724631e-01 1.069830805594552903e+00 -1.000000000000000056e-01
5.700000000000000622e-01 3.361637178908711276e-01 1.069749324672891078e+00 -1.000000000000000056e-01
5.799999999999999600e-01 3.369337765065569257e-01 1.069625239238809922e+00 -1.000000000000000056e-01
5.899999999999999689e-01 3.376611060793606733e-01 1.069461495340661816e+00 -1.000000000000000056e-01
5.999999999999999778e-01 3.383455941310330450e-01 1.069260899653283969e+00 -1.000000000000000056e-01
6.099999999999999867e-01 3.389871337009734420e-01 1.069026126091918716e+00 -1.000000000000000056e-01
6.199999999999999956e-01 3.395856233614775732e-01 1.068759722001364043e+00 -1.000000000000000056e-01
6.300000000000000044e-01 3.401409672396759620e-01 1.068464113959335382e+00 -1.000000000000000056e-01
6.400000000000000133e-01 3.406530750467973712e-01 1.068141613224860009e+00 -1.000000000000000056e-01
6.500000000000000222e-01 3.411218621130481243e-01 1.067794420866328808e+00 -1.000000000000000056e-01
6.600000000000000311e-01 3.415472494265610059e-01 1.067424632593319433e+00 -1.000000000000000056e-01
6.700000000000000400e-01 3.419291636772188170e-01 1.067034243318017772e+00 -1.000000000000000056e-01
6.800000000000000488e-01 3.422675373043342351e-01 1.066625151469406285e+00 -1.000000000000000056e-01
6.900000000000000577e-01 3.425623085460186568e-01 1.066199163077377499e+00 -1.000000000000000056e-01
7.000000000000000666e-01 3.428134214934472901e-01 1.065757995648055401e+00 -1.000000000000000056e-01
7.099999999999999645e-01 3.430208261452809548e-01 1.065303281844350858e+00 -1.000000000000000056e-01
7.199999999999999734e-01 3.431844784652702263e-01 1.064836572987587049e+00 -1.000000000000000056e-01
7.299999999999999822e-01 3.433043404411137978e-01 1.064359342392121821e+00 -1.000000000000000056e-01
7.399999999999999911e-01 3.433803801435461045e-01 1.063872988549185106e+00 -1.000000000000000056e-01
7.500000000000000000e-01 3.434125717873976469e-01 1.063378838163696605e+00 -1.000000000000000056e-01
7.600000000000000089e-01 3.434008957914538862e-01 1.062878149064111488e+00 -1.000000000000000056e-01
7.700000000000000178e-01 3.433453388393446493e-01 1.062372112983910766e+00 -1.000000000000000056e-01
7.800000000000000266e-01 3.432458939391729302e-01 1.061861858232113986e+00 -1.000000000000000056e-01
7.900000000000000355e-01 3.431025604823911834e-01 1.061348452254567309e+00 -1.000000000000000056e-01
8.000000000000000444e-01 3.429153443016711988e-01 1.060832904096247420e+00 -1.000000000000000056e-01
8.100000000000000533e-01 3.426842577271525525e-01 1.060316166768777046e+00 -1.000000000000000056e-01
8.200000000000000622e-01 3.424093196406418071e-01 1.059799139531027556e+00 -1.000000000000000056e-01
8.300000000000000711e-01 3.420905555283427768e-01 1.059282670086305833e+00 -1.000000000000000056e-01
8.399999999999999689e-01 3.417279975309767681e-01 1.058767556702049806e+00 -1.000000000000000056e-01
8.499999999999999778e-01 3.413216844914021553e-01 1.058254550255208759e+00 -1.000000000000000056e-01
8.599999999999999867e-01 3.408716620010714959e-01 1.057744356208957015e+00 -1.000000000000000056e-01
8.699999999999999956e-01 3.403779824415139599e-01 1.057237636522228907e+00 -1.000000000000000056e-01
8.800000000000000044e-01 3.398407050263364537e-01 1.056735011496735321e+00 -1.000000000000000056e-01
8.900000000000000133e-01 3.392598958380996788e-01 1.056237061562564916e+00 -1.000000000000000056e-01
9.000000000000000222e-01 3.386356278638569806e-01 1.055744329008140747e+00 -1.000000000000000056e-01
9.100000000000000311e-01 3.379679810286703168e-01 1.055257319650974912e+00 -1.000000000000000056e-01
9.200000000000000400e-01 3.372570422252826328e-01 1.054776504457896058e+00 -1.000000000000000056e-01
9.300000000000000488e-01 3.365029053432467832e-01 1.054302321110590634e+00 -1.000000000000000056e-01
9.400000000000000577e-01 3.357056712939250898e-01 1.053835175521880441e+00 -1.000000000000000056e-01
9.500000000000000666e-01 3.348654480358173036e-01 1.053375443301427072e+00 -1.000000000000000056e-01
9.599999999999999645e-01 3.339823505950432203e-01 1.052923471174089132e+00 -1.000000000000000056e-01
9.699999999999999734e-01 3.330565010866864406e-01 1.052479578349595268e+00 -1.000000000000000056e-01
9.799999999999999822e-01 3.320880287324335933e-01 1.052044057848213088e+00 -1.000000000000000056e-01
9.899999999999999911e-01 3.310770698778218168e-01 1.051617177777820489e+00 -1.000000000000000056e-01
1.000000000000000000e+00 3.300237680065651324e-01 1.051199182569878099e+00 -1.000000000000000056e-01
1.010000000000000009e+00 3.289282737550930924e-01 1.050790294168615135e+00 -1.000000000000000056e-01
1.020000000000000018e+00 3.277907449243563365e-01 1.050390713180261892e+00 -1.000000000000000056e-01
1.030000000000000027e+00 3.266113464899044749e-01 1.050000619978067151e+00 -1.000000000000000056e-01
1.040000000000000036e+00 3.253902506128741323e-01 1.049620175767361774e+00 -1.000000000000000056e-01
1.050000000000000044e+00 3.241276366461525726e-01 1.049249523610878532e+00 -1.000000000000000056e-01
1.060000000000000053e+00 3.228236911425041433e-01 1.048888789414084144e+00 -1.000000000000000056e-01
1.070000000000000062e+00 3.214786078589880192e-01 1.048538082872349841e+00 -1.000000000000000056e-01
1.080000000000000071e+00 3.200925877612487147e-01 1.048197498381792769e+00 -1.000000000000000056e-01
1.090000000000000080e+00 3.186658390259634044e-01 1.047867115912344493e+00 -1.000000000000000056e-01
1.100000000000000089e+00 3.171985770416934081e-01 1.047547001847080939e+00 -1.000000000000000056e-01
1.110000000000000098e+00 3.156910244086439388e-01 1.047237209786154422e+00 -1.000000000000000056e-01
1.120000000000000107e+00 3.141434109364738547e-01 1.046937781317972549e+00 -1.000000000000000056e-01
1.130000000000000115e+00 3.125559736413248135e-01 1.046648746757464110e+00 -1.000000000000000056e-01
1.140000000000000124e+00 3.109289567397832688e-01 1.046370125854289901e+00 -1.000000000000000056e-01
1.150000000000000133e+00 3.092626116433166983e-01 1.046101928469185705e+00 -1.000000000000000056e-01
1.159999999999999920e+00 3.075571969490278335e-01 1.045844155221858474e+00 -1.000000000000000056e-01
1.169999999999999929e+00 3.058129784300419596e-01 1.045596798109958092e+00 -1.000000000000000056e-01
1.179999999999999938e+00 3.040302290237594796e-01 1.045359841101036080e+00 -1.000000000000000056e-01
1.189999999999999947e+00 3.022092288181363329e-01 1.045133260696668565e+00 -1.000000000000000056e-01
1.199999999999999956e+00 3.003502650367891880e-01 1.044917026472229171e+00 -1.000000000000000056e-01
1.209999999999999964e+00 2.984536320214266625e-01 1.044711101590189539e+00 -1.000000000000000056e-01
1.219999999999999973e+00 2.965196312133278611e-01 1.044515443290375378e+00 -1.000000000000000056e-01
1.229999999999999982e+00 2.945485711321694233e-01 1.044330003355848246e+00 -1.000000000000000056e-01
1.239999999999999991e+00 2.925407673532741670e-01 1.044154728556803136e+00 -1.000000000000000056e-01
1.250000000000000000e+00 2.904965424827131160e-01 1.043989561072239614e+00 -1.000000000000000056e-01
1.260000000000000009e+00 2.884162261301708163e-01 1.043834438890355543e+00 -1.000000000000000056e-01
1.270000000000000018e+00 2.863001548797285967e-01 1.043689296189166615e+00 -1.000000000000000056e-01
1.280000000000000027e+00 2.841486722582679536e-01 1.043554063696456202e+00 -1.000000000000000056e-01
1.290000000000000036e+00 2.819621287012724076e-01 1.043428669031769340e+00 -1.000000000000000056e-01
1.300000000000000044e+00 2.797408815167148344e-01 1.043313037030251911e+00 -1.000000000000000056e-01
1.310000000000000053e+00 2.774852948447175116e-01 1.043207090048797747e+00 -1.000000000000000056e-01
1.320000000000000062e+00 2.751957396167454273e-01 1.043110748256704134e+00 -1.000000000000000056e-01
1.330000000000000071e+00 2.728725935098158528e-01 1.043023929910105618e+00 -1.000000000000000056e-01
1.340000000000000080e+00 2.705162408989015832e-01 1.042946551613317174e+00 -1.000000000000000056e-01
1.350000000000000089e+00 2.681270728065524578e-01 1.042878528564901819e+00 -1.000000000000000056e-01
1.360000000000000098e+00 2.657054868496391831e-01 1.042819774792596910e+00 -1.000000000000000056e-01
1.370000000000000107e+00 2.632518871844224950e-01 1.042770203375585680e+00 -1.000000000000000056e-01
1.380000000000000115e+00 2.607666844493137792e-01 1.042729726653476519e+00 -1.000000000000000056e-01
1.390000000000000124e+00 2.582502957080307082e-01 1.042698256424947401e+00 -1.000000000000000056e-01
1.400000000000000133e+00 2.557031443915859792e-01 1.042675704131671210e+00 -1.000000000000000056e-01
1.409999999999999920e+00 2.531256602422770619e-01 1.042661981028202289e+00 -1.000000000000000056e-01
1.419999999999999929e+00 2.505182792586535534e-01 1.042656998335825147e+00 -1.000000000000000056e-01
1.429999999999999938e+00 2.478814436425633982e-01 1.042660667379217143e+00 -1.000000000000000056e-01
1.439999999999999947e+00 2.452156017467785887e-01 1.042672899704030876e+00 -1.000000000000000056e-01
1.449999999999999956e+00 2.425212080239178558e-01 1.042693607177807236e+00 -1.000000000000000056e-01
1.459999999999999964e+00 2.397987229712714163e-01 1.042722702073700436e+00 -1.000000000000000056e-01
1.469999999999999973e+00 2.370486130743378050e-01 1.042760097141205211e+00 -1.000000000000000056e-01
1.479999999999999982e+00 2.342713507421766428e-01 1.042805705667124494e+00 -1.000000000000000056e-01
1.489999999999999991e+00 2.314674142376496047e-01 1.042859441528074971e+00 -1.000000000000000056e-01
1.500000000000000000e+00 2.286372875999110321e-01 1.042921219240489528e+00 -1.000000000000000056e-01
1.510000000000000009e+00 2.257814605612223080e-01 1.042990954004925808e+00 -1.000000000000000056e-01
1.520000000000000018e+00 2.229004284582429274e-01 1.043068561749146417e+00 -1.000000000000000056e-01
1.530000000000000027e+00 2.199946921402781697e-01 1.043153959166438938e+00 -1.000000000000000056e-01
1.540000000000000036e+00 2.170647578754472118e-01 1.043247063750406545e+00 -1.000000000000000056e-01
1.550000000000000044e+00 2.141111372550798531e-01 1.043347793825132541e+00 -1.000000000000000056e-01
1.560000000000000053e+00 2.111343470982913473e-01 1.043456068569556860e+00 -1.000000000000000056e-01
1.570000000000000062e+00 2.081349093549043905e-01 1.043571808036679593e+00 -1.000000000000000056e-01
1.580000000000000071e+00 2.051133510095832779e-01 1.043694933167366390e+00 -1.000000000000000056e-01
1.590000000000000080e+00 2.020702039833430219e-01 1.043825365797479643e+00 -1.000000000000000056e-01
1.600000000000000089e+00 1.990060050355646204e-01 1.043963028661230696e+00 -1.000000000000000056e-01
1.610000000000000098e+00 1.959212956641868952e-01 1.044107845387722389e+00 -1.000000000000000056e-01
1.620000000000000107e+00 1.928166220042522583e-01 1.044259740493167055e+00 -1.000000000000000056e-01
1.630000000000000115e+00 1.896925347251678384e-01 1.044418639369513846e+00 -1.000000000000000056e-01
1.640000000000000124e+00 1.865495889254306372e-01 1.044584468266277266e+00 -1.000000000000000056e-01
1.650000000000000133e+00 1.833883440263027187e-01 1.044757154271900079e+00 -1.000000000000000056e-01
1.660000000000000142e+00 1.802093636623922079e-01 1.044936625287550935e+00 -1.000000000000000056e-01
1.669999999999999929e+00 1.770132155710465449e-01 1.045122810000989944e+00 -1.000000000000000056e-01
1.679999999999999938e+00 1.738004714787801386e-01 1.045315637855061652e+00 -1.000000000000000056e-01
1.689999999999999947e+00 1.705717069864274571e-01 1.045515039014615510e+00 -1.000000000000000056e-01
1.699999999999999956e+00 1.673275014512674852e-01 1.045720944330366109e+00 -1.000000000000000056e-01
1.709999999999999964e+00 1.640684378679393152e-01 1.045933285300637117e+00 -1.000000000000000056e-01
1.719999999999999973e+00 1.607951027466972549e-01 1.046151994031074395e+00 -1.000000000000000056e-01
1.729999999999999982e+00 1.575080859900078456e-01 1.046377003192728194e+00 -1.000000000000000056e-01
1.739999999999999991e+00 1.542079807665460156e-01 1.046608245978273066e+00 -1.000000000000000056e-01
1.750000000000000000e+00 1.508953833846571890e-01 1.046845656057195928e+00 -1.000000000000000056e-01
1.760000000000000009e+00 1.475708931619708897e-01 1.047089167528973075e+00 -1.000000000000000056e-01
1.770000000000000018e+00 1.442351122949273312e-01 1.047338714877582344e+00 -1.000000000000000056e-01
1.780000000000000027e+00 1.408886457256879332e-01 1.047594232921026158e+00 -1.000000000000000056e-01
1.790000000000000036e+00 1.375321010073484729e-01 1.047855656765612098e+00 -1.000000000000000056e-01
1.800000000000000044e+00 1.341660881678164996e-01 1.048122921754702563e+00 -1.000000000000000056e-01
1.810000000000000053e+00 1.307912195715063008e-01 1.048395963420806654e+00 -1.000000000000000056e-01
1.820000000000000062e+00 1.274081097805682961e-01 1.048674717435386983e+00 -1.000000000000000056e-01
1.830000000000000071e+00 1.240173754132393447e-01 1.048959119559849995e+00 -1.000000000000000056e-01
1.840000000000000080e+00 1.206196350016786878e-01 1.049249105595759568e+00 -1.000000000000000056e-01
1.850000000000000089e+00 1.172155088486333402e-01 1.049544611336510780e+00 -1.000000000000000056e-01
1.860000000000000098e+00 1.138056188814780129e-01 1.049845572517431158e+00 -1.000000000000000056e-01
1.870000000000000107e+00 1.103905885069798309e-01 1.050151924769198830e+00 -1.000000000000000056e-01
1.880000000000000115e+00 1.069710424626681700e-01 1.050463603568602799e+00 -1.000000000000000056e-01
1.890000000000000124e+00 1.035476066691791569e-01 1.050780544192909893e+00 -1.000000000000000056e-01
1.900000000000000133e+00 1.001209080797477863e-01 1.051102681673248940e+00 -1.000000000000000056e-01
1.910000000000000142e+00 9.669157452973339839e-02 1.051429950749652287e+00 -1.000000000000000056e-01
1.919999999999999929e+00 9.326023458524188015e-02 1.051762285827059440e+00 -1.000000000000000056e-01
1.929999999999999938e+00 8.982751738960434440e-02 1.052099620931955970e+00 -1.000000000000000056e-01
1.939999999999999947e+00 8.639405251096997362e-02 1.052441889671152486e+00 -1.000000000000000056e-01
1.949999999999999956e+00 8.296046978709480102e-02 1.052789025190975281e+00 -1.000000000000000056e-01
1.959999999999999964e+00 7.952739917100322409e-02 1.053140960137694204e+00 -1.000000000000000056e-01
1.969999999999999973e+00 7.609547057527606129e-02 1.053497626620976568e+00 -1.000000000000000056e-01
1.979999999999999982e+00 7.266531371540750628e-02 1.053858956175881323e+00 -1.000000000000000056e-01
1.989999999999999991e+00 6.923755795380495681e-02 1.054224879730013331e+00 -1.000000000000000056e-01
2.000000000000000000e+00 6.581283214216197830e-02 1.054595327568718544e+00 -1.000000000000000056e-01
2.010000000000000231e+00 6.239176446384078756e-02 1.054970229305086882e+00 -1.000000000000000056e-01
2.020000000000000018e+00 5.897498227692521411e-02 1.055349513848943932e+00 -1.000000000000000056e-01
2.030000000000000249e+00 5.556311195482055432e-02 1.055733109380049273e+00 -1.000000000000000056e-01
2.040000000000000036e+00 5.215677872979201934e-02 1.056120943320833394e+00 -1.000000000000000056e-01
2.049999999999999822e+00 4.875660653290913443e-02 1.056512942312723968e+00 -1.000000000000000056e-01
2.060000000000000053e+00 4.536321783772104960e-02 1.056909032193190212e+00 -1.000000000000000056e-01
2.069999999999999840e+00 4.197723350067610049e-02 1.057309137975775082e+00 -1.000000000000000056e-01
2.080000000000000071e+00 3.859927260378860636e-02 1.057713183829987580e+00 -1.000000000000000056e-01
2.089999999999999858e+00 3.522995229717231641e-02 1.058121093066484830e+00 -1.000000000000000056e-01
2.100000000000000089e+00 3.186988764097657689e-02 1.058532788119852519e+00 -1.000000000000000056e-01
2.109999999999999876e+00 2.851969144923520091e-02 1.058948190537942313e+00 -1.000000000000000056e-01
2.120000000000000107e+00 2.517997413234522933e-02 1.059367220969034795e+00 -1.000000000000000056e-01
2.129999999999999893e+00 2.185134354204345056e-02 1.059789799154045253e+00 -1.000000000000000056e-01
2.140000000000000124e+00 1.853440481531976047e-02 1.060215843918492107e+00 -1.000000000000000056e-01
2.149999999999999911e+00 1.522976022011590484e-02 1.060645273168218328e+00 -1.000000000000000056e-01
2.160000000000000142e+00 1.193800900108823657e-02 1.061078003885559173e+00 -1.000000000000000056e-01
2.169999999999999929e+00 8.659747226938387110e-03 1.061513952128299243e+00 -1.000000000000000056e-01
2.180000000000000160e+00 5.395567637655591074e-03 1.061953033030122784e+00 -1.000000000000000056e-01
2.189999999999999947e+00 2.146059493932337379e-03 1.062395160803901062e+00 -1.000000000000000056e-01
2.200000000000000178e+00 -1.088191573415091739e-03 1.062840248744747251e+00 -1.000000000000000056e-01
2.209999999999999964e+00 -4.306603712380161798e-03 1.063288209237762905e+00 -1.000000000000000056e-01
2.220000000000000195e+00 -7.508598997424923045e-03 1.063738953765308803e+00 -1.000000000000000056e-01
2.229999999999999982e+00 -1.069360357608934754e-02 1.064192392916929464e+00 -1.000000000000000056e-01
2.240000000000000213e+00 -1.386104781441772037e-02 1.064648436401879117e+00 -1.000000000000000056e-01
2.250000000000000000e+00 -1.701036644033775830e-02 1.065106993061505358e+00 -1.000000000000000056e-01
2.260000000000000231e+00 -2.014099868655961148e-02 1.065567970885563431e+00 -1.000000000000000056e-01
2.270000000000000018e+00 -2.325238843103537983e-02 1.066031277028119062e+00 -1.000000000000000056e-01
2.280000000000000249e+00 -2.634398433649546428e-02 1.066496817827265575e+00 -1.000000000000000056e-01
2.290000000000000036e+00 -2.941523998778829488e-02 1.066964498824216179e+00 -1.000000000000000056e-01
2.300000000000000266e+00 -3.246561402855421830e-02 1.067434224785794195e+00 -1.000000000000000056e-01
2.310000000000000053e+00 -3.549457029489322402e-02 1.067905899728060382e+00 -1.000000000000000056e-01
2.319999999999999840e+00 -3.850157794827673702e-02 1.068379426940046839e+00 -1.000000000000000056e-01
2.330000000000000071e+00 -4.148611160631782840e-02 1.068854709011453075e+00 -1.000000000000000056e-01
2.339999999999999858e+00 -4.444765147201160116e-02 1.069331647859534717e+00 -1.000000000000000056e-01
2.350000000000000089e+00 -4.738568346025621297e-02 1.069810144758889026e+00 -1.000000000000000056e-01
2.359999999999999876e+00 -5.029969932381138376e-02 1.070290100371103392e+00 -1.000000000000000056e-01
2.370000000000000107e+00 -5.318919677649981692e-02 1.070771414777851760e+00 -1.000000000000000056e-01
2.379999999999999893e+00 -5.605367961397771798e-02 1.071253987512827965e+00 -1.000000000000000056e-01
2.390000000000000124e+00 -5.889265783414349836e-02 1.071737717596700445e+00 -1.000000000000000056e-01
2.399999999999999911e+00 -6.170564775372341243e-02 1.072222503572431540e+00 -1.000000000000000056e-01
2.410000000000000142e+00 -6.449217212389396492e-02 1.072708243541576234e+00 -1.000000000000000056e-01
2.419999999999999929e+00 -6.725176024331354363e-02 1.073194835202633701e+00 -1.000000000000000056e-01
2.430000000000000160e+00 -6.998394806913033062e-02 1.073682175888846846e+00 -1.000000000000000056e-01
2.439999999999999947e+00 -7.268827832570008696e-02 1.074170162608637735e+00 -1.000000000000000056e-01
2.450000000000000178e+00 -7.536430061128658597e-02 1.074658692085776579e+00 -1.000000000000000056e-01
2.459999999999999964e+00 -7.801157150168465393e-02 1.075147660800591431e+00 -1.000000000000000056e-01
2.470000000000000195e+00 -8.062965465256044517e-02 1.075636965033275771e+00 -1.000000000000000056e-01
2.479999999999999982e+00 -8.321812089827558545e-02 1.076126500905251859e+00 -1.000000000000000056e-01
2.490000000000000213e+00 -8.577654834918053972e-02 1.076616164425031386e+00 -1.000000000000000056e-01
2.500000000000000000e+00 -8.830452248542167148e-02 1.077105851530424152e+00 -1.000000000000000056e-01
2.510000000000000231e+00 -9.080163624890445762e-02 1.077595458135490736e+00 -1.000000000000000056e-01
2.520000000000000018e+00 -9.326749013269197697e-02 1.078084880174887905e+00 -1.000000000000000056e-01
2.530000000000000249e+00 -9.570169226671293439e-02 1.078574013650909436e+00 -1.000000000000000056e-01
2.540000000000000036e+00 -9.810385850222091975e-02 1.079062754679070535e+00 -1.000000000000000056e-01
2.550000000000000266e+00 -1.004736124924384411e-01 1.079550999536043276e+00 -1.000000000000000056e-01
2.560000000000000053e+00 -1.028105857711650306e-01 1.080038644706538875e+00 -1.000000000000000056e-01
2.569999999999999840e+00 -1.051144178279893177e-01 1.080525586931136095e+00 -1.000000000000000056e-01
2.580000000000000071e+00 -1.073847561814754714e-01 1.081011723253667123e+00 -1.000000000000000056e-01
2.589999999999999858e+00 -1.096212564489957159e-01 1.081496951070263668e+00 -1.000000000000000056e-01
2.600000000000000089e+00 -1.118235824142272128e-01 1.081981168176664898e+00 -1.000000000000000056e-01
2.609999999999999876e+00 -1.139914060913167354e-01 1.082464272817045270e+00 -1.000000000000000056e-01
2.620000000000000107e+00 -1.161244077870008384e-01 1.082946163732367184e+00 -1.000000000000000056e-01
2.629999999999999893e+00 -1.182222761593338389e-01 1.083426740208567329e+00 -1.000000000000000056e-01
2.640000000000000124e+00 -1.202847082739540302e-01 1.083905902124874032e+00 -1.000000000000000056e-01
2.649999999999999911e+00 -1.223114096576314036e-01 1.084383550002122831e+00 -1.000000000000000056e-01
2.660000000000000142e+00 -1.243020943482732593e-01 1.084859585050770958e+00 -1.000000000000000056e-01
2.669999999999999929e+00 -1.262564849437809722e-01 1.085333909218369364e+00 -1.000000000000000056e-01
2.680000000000000160e+00 -1.281743126460831439e-01 1.085806425237457740e+00 -1.000000000000000056e-01
2.689999999999999947e+00 -1.300553173038716814e-01 1.086277036672851803e+00 -1.000000000000000056e-01
2.700000000000000178e+00 -1.318992474522517055e-01 1.086745647968010875e+00 -1.000000000000000056e-01
2.709999999999999964e+00 -1.337058603485614117e-01 1.087212164491759392e+00 -1.000000000000000056e-01
2.720000000000000195e+00 -1.354749220071979621e-01 1.087676492584483956e+00 -1.000000000000000056e-01
2.729999999999999982e+00 -1.372062072298642632e-01 1.088138539603377586e+00 -1.000000000000000056e-01
2.740000000000000213e+00 -1.388994996342659827e-01 1.088598213967008732e+00 -1.000000000000000056e-01
2.750000000000000000e+00 -1.405545916791945960e-01 1.089055425200549765e+00 -1.000000000000000056e-01
2.760000000000000231e+00 -1.421712846875153591e-01 1.089510083978573407e+00 -1.000000000000000056e-01
2.770000000000000018e+00 -1.437493888660207053e-01 1.089962102168752445e+00 -1.000000000000000056e-01
2.780000000000000249e+00 -1.452887233219749830e-01 1.090411392873650076e+00 -1.000000000000000056e-01
2.790000000000000036e+00 -1.467891160785692595e-01 1.090857870472635494e+00 -1.000000000000000056e-01
2.800000000000000266e+00 -1.482504040855612548e-01 1.091301450662779615e+00 -1.000000000000000056e-01
2.810000000000000053e+00 -1.496724332293245530e-01 1.091742050497992222e+00 -1.000000000000000056e-01
2.819999999999999840e+00 -1.510550583382012091e-01 1.092179588429431636e+00 -1.000000000000000056e-01
2.830000000000000071e+00 -1.523981431870767289e-01 1.092613984342147848e+00 -1.000000000000000056e-01
2.839999999999999858e+00 -1.537015604984036110e-01 1.093045159594224325e+00 -1.000000000000000056e-01
2.850000000000000089e+00 -1.549651919404433920e-01 1.093473037050522345e+00 -1.000000000000000056e-01
2.859999999999999876e+00 -1.561889281237422711e-01 1.093897541120938399e+00 -1.000000000000000056e-01
2.870000000000000107e+00 -1.573726685948566018e-01 1.094318597792505399e+00 -1.000000000000000056e-01
2.879999999999999893e+00 -1.585163218272938879e-01 1.094736134663375493e+00 -1.000000000000000056e-01
2.890000000000000124e+00 -1.596198052102681120e-01 1.095150080975111573e+00 -1.000000000000000056e-01
2.899999999999999911e+00 -1.606830450352924877e-01 1.095560367643821031e+00 -1.000000000000000056e-01
2.910000000000000142e+00 -1.617059764801163091e-01 1.095966927289837134e+00 -1.000000000000000056e-01
2.919999999999999929e+00 -1.626885435902720167e-01 1.096369694266515094e+00 -1.000000000000000056e-01
2.930000000000000160e+00 -1.636306992588267561e-01 1.096768604688318716e+00 -1.000000000000000056e-01
2.939999999999999947e+00 -1.645324052032821616e-01 1.097163596457001677e+00 -1.000000000000000056e-01
2.950000000000000178e+00 -1.653936319402524724e-01 1.097554609286727656e+00 -1.000000000000000056e-01
2.959999999999999964e+00 -1.662143587590681204e-01 1.097941584728544751e+00 -1.000000000000000056e-01
2.970000000000000195e+00 -1.669945736913006351e-01 1.098324466192862836e+00 -1.000000000000000056e-01
2.979999999999999982e+00 -1.677342734797639678e-01 1.098703198971325401e+00 -1.000000000000000056e-01
2.990000000000000213e+00 -1.684334635448260786e-01 1.099077730256815988e+00 -1.000000000000000056e-01
3.000000000000000000e+00 -1.690921579482339010e-01 1.099448009162949935e+00 -1.000000000000000056e-01
3.010000000000000231e+00 -1.697103793558511209e-01 1.099813986741110083e+00 -1.000000000000000056e-01
3.020000000000000018e+00 -1.702881589971432241e-01 1.100175615997988077e+00 -1.000000000000000056e-01
3.030000000000000249e+00 -1.708255366238911610e-01 1.100532851909642673e+00 -1.000000000000000056e-01
3.040000000000000036e+00 -1.713225604658650814e-01 1.100885651435850043e+00 -1.000000000000000056e-01
3.050000000000000266e+00 -1.717792871853846826e-01 1.101233973533223942e+00 -1.000000000000000056e-01
3.060000000000000053e+00 -1.721957818289750475e-01 1.101577779164733206e+00 -1.000000000000000056e-01
3.070000000000000284e+00 -1.725721177786553040e-01 1.101917031311686168e+00 -1.000000000000000056e-01
3.080000000000000071e+00 -1.729083766991358906e-01 1.102251694980596275e+00 -1.000000000000000056e-01
3.089999999999999858e+00 -1.732046484854993240e-01 1.102581737210993174e+00 -1.000000000000000056e-01
3.100000000000000089e+00 -1.734610312072837057e-01 1.102907127081278915e+00 -1.000000000000000056e-01
3.109999999999999876e+00 -1.736776310516870980e-01 1.103227835713452620e+00 -1.000000000000000056e-01
3.120000000000000107e+00 -1.738545622641915200e-01 1.103543836275313827e+00 -1.000000000000000056e-01
3.129999999999999893e+00 -1.739919470892778985e-01 1.103855103983515162e+00 -1.000000000000000056e-01
3.140000000000000124e+00 -1.740899157066039815e-01 1.104161616102922627e+00 -1.000000000000000056e-01
3.149999999999999911e+00 -1.741486061678878816e-01 1.104463351946834537e+00 -1.000000000000000056e-01
3.160000000000000142e+00 -1.741681643317598283e-01 1.104760292873437022e+00 -1.000000000000000056e-01
3.169999999999999929e+00 -1.741487437956763251e-01 1.105052422283693936e+00 -1.000000000000000056e-01
3.180000000000000160e+00 -1.740905058282465057e-01 1.105339725615456237e+00 -1.000000000000000056e-01
3.189999999999999947e+00 -1.739936192987120711e-01 1.105622190337833377e+00 -1.000000000000000056e-01
3.200000000000000178e+00 -1.738582606055102397e-01 1.105899805943740821e+00 -1.000000000000000056e-01
3.209999999999999964e+00 -1.736846136037809574e-01 1.106172563940818643e+00 -1.000000000000000056e-01
3.220000000000000195e+00 -1.734728695307354573e-01 1.106440457842196023e+00 -1.000000000000000056e-01
3.229999999999999982e+00 -1.732232269307983075e-01 1.106703483154175993e+00 -1.000000000000000056e-01
3.240000000000000213e+00 -1.729358915783415773e-01 1.106961637364696438e+00 -1.000000000000000056e-01
3.250000000000000000e+00 -1.726110764004748221e-01 1.107214919929324193e+00 -1.000000000000000056e-01
3.260000000000000231e+00 -1.722490013974186385e-01 1.107463332256003685e+00 -1.000000000000000056e-01
3.270000000000000018e+00 -1.718498935632296609e-01 1.107706877689302205e+00 -1.000000000000000056e-01
3.280000000000000249e+00 -1.714139868032782121e-01 1.107945561492970965e+00 -1.000000000000000056e-01
3.290000000000000036e+00 -1.709415218533218705e-01 1.108179390831678379e+00 -1.000000000000000056e-01
3.300000000000000266e+00 -1.704327461952578893e-01 1.108408374750699865e+00 -1.000000000000000056e-01
3.310000000000000053e+00 -1.698879139728375898e-01 1.108632524156482058e+00 -1.000000000000000056e-01
3.320000000000000284e+00 -1.693072859066675484e-01 1.108851851793175136e+00 -1.000000000000000056e-01
3.330000000000000071e+00 -1.686911292070686075e-01 1.109066372221383157e+00 -1.000000000000000056e-01
3.339999999999999858e+00 -1.680397174876319122e-01 1.109276101792903146e+00 -1.000000000000000056e-01
3.350000000000000089e+00 -1.673533306758247519e-01 1.109481058626519356e+00 -1.000000000000000056e-01
3.359999999999999876e+00 -1.666322549247193918e-01 1.109681262581428074e+00 -1.000000000000000056e-01
3.370000000000000107e+00 -1.658767825216536373e-01 1.109876735231218658e+00 -1.000000000000000056e-01
3.379999999999999893e+00 -1.650872117983934739e-01 1.110067499834565208e+00 -1.000000000000000056e-01
3.390000000000000124e+00 -1.642638470379259585e-01 1.110253581307583781e+00 -1.000000000000000056e-01
3.399999999999999911e+00 -1.634069983823982497e-01 1.110435006193731144e+00 -1.000000000000000056e-01
3.410000000000000142e+00 -1.625169817391476645e-01 1.110611802632824663e+00 -1.000000000000000056e-01
3.419999999999999929e+00 -1.615941186859708167e-01 1.110784000330138577e+00 -1.000000000000000056e-01
3.430000000000000160e+00 -1.606387363762795673e-01 1.110951630523789202e+00 -1.000000000000000056e-01
3.439999999999999947e+00 -1.596511674425482863e-01 1.111114725951981130e+00 -1.000000000000000056e-01
3.450000000000000178e+00 -1.586317498998783548e-01 1.111273320818957355e+00 -1.000000000000000056e-01
3.459999999999999964e+00 -1.575808270482410567e-01 1.111427450761094171e+00 -1.000000000000000056e-01
3.470000000000000195e+00 -1.564987473743864599e-01 1.111577152811013436e+00 -1.000000000000000056e-01
3.479999999999999982e+00 -1.553858644530044242e-01 1.111722465362287471e+00 -1.000000000000000056e-01
3.490000000000000213e+00 -1.542425368472288560e-01 1.111863428133192944e+00 -1.000000000000000056e-01
3.500000000000000000e+00 -1.530691280087993489e-01 1.112000082129317002e+00 -1.000000000000000056e-01
3.510000000000000231e+00 -1.518660061774447789e-01 1.112132469606474938e+00 -1.000000000000000056e-01
3.520000000000000018e+00 -1.506335442796451485e-01 1.112260634032486539e+00 -1.000000000000000056e-01
3.530000000000000249e+00 -1.493721198278064599e-01 1.112384620049214901e+00 -1.000000000000000056e-01
3.540000000000000036e+00 -1.480821148176318935e-01 1.112504473433002072e+00 -1.000000000000000056e-01
3.550000000000000266e+00 -1.467639156265815592e-01 1.112620241056074377e+00 -1.000000000000000056e-01
3.560000000000000053e+00 -1.454179129110183266e-01 1.112731970847086860e+00 -1.000000000000000056e-01
3.570000000000000284e+00 -1.440445015032750242e-01 1.112839711750558402e+00 -1.000000000000000056e-01
3.580000000000000071e+00 -1.426440803088408760e-01 1.112943513687356001e+00 -1.000000000000000056e-01
3.589999999999999858e+00 -1.412170522028469988e-01 1.113043427514611272e+00 -1.000000000000000056e-01
3.600000000000000089e+00 -1.397638239263447602e-01 1.113139504984019590e+00 -1.000000000000000056e-01
3.609999999999999876e+00 -1.382848059826292109e-01 1.113231798702588371e+00 -1.000000000000000056e-01
3.620000000000000107e+00 -1.367804125332379162e-01 1.113320362090628235e+00 -1.000000000000000056e-01
3.629999999999999893e+00 -1.352510612930938605e-01 1.113405249341318015e+00 -1.000000000000000056e-01
3.640000000000000124e+00 -1.336971734268397327e-01 1.113486515379213726e+00 -1.000000000000000056e-01
3.649999999999999911e+00 -1.321191734428308340e-01 1.113564215819581760e+00 -1.000000000000000056e-01
3.660000000000000142e+00 -1.305174890889407857e-01 1.113638406925923530e+00 -1.000000000000000056e-01
3.669999999999999929e+00 -1.288925512465116663e-01 1.113709145569709902e+00 -1.000000000000000056e-01
3.680000000000000160e+00 -1.272447938245810095e-01 1.113776489187388696e+00 -1.000000000000000056e-01
3.689999999999999947e+00 -1.255746536544362912e-01 1.113840495738986247e+00 -1.000000000000000056e-01
3.700000000000000178e+00 -1.238825703822661189e-01 1.113901223665991980e+00 -1.000000000000000056e-01
3.709999999999999964e+00 -1.221689863636706008e-01 1.113958731847801920e+00 -1.000000000000000056e-01
3.720000000000000195e+00 -1.204343465558025406e-01 1.114013079559555974e+00 -1.000000000000000056e-01
3.729999999999999982e+00 -1.186790984117580966e-01 1.114064326428162666e+00 -1.000000000000000056e-01
3.740000000000000213e+00 -1.169036917723977748e-01 1.114112532387623533e+00 -1.000000000000000056e-01
3.750000000000000000e+00 -1.151085787612296657e-01 1.114157757635871882e+00 -1.000000000000000056e-01
3.760000000000000231e+00 -1.132942136763944035e-01 1.114200062588243778e+00 -1.000000000000000056e-01
3.770000000000000018e+00 -1.114610528858762661e-01 1.114239507833046483e+00 -1.000000000000000056e-01
3.780000000000000249e+00 -1.096095547214420707e-01 1.114276154085355852e+00 -1.000000000000000056e-01
3.790000000000000036e+00 -1.077401793735909830e-01 1.114310062142101598e+00 -1.000000000000000056e-01
3.800000000000000266e+00 -1.058533887877810692e-01 1.114341292835892894e+00 -1.000000000000000056e-01
3.810000000000000053e+00 -1.039496465604805575e-01 1.114369906990765768e+00 -1.000000000000000056e-01
3.820000000000000284e+00 -1.020294178360062337e-01 1.114395965378253583e+00 -1.000000000000000056e-01
3.830000000000000071e+00 -1.000931692049689542e-01 1.114419528674140292e+00 -1.000000000000000056e-01
3.839999999999999858e+00 -9.814136860099879900e-02 1.114440657417771652e+00 -1.000000000000000056e-01
3.850000000000000089e+00 -9.617448520028966386e-02 1.114459411971705061e+00 -1.000000000000000056e-01
3.859999999999999876e+00 -9.419298931901011473e-02 1.114475852483437501e+00 -1.000000000000000056e-01
3.870000000000000107e+00 -9.219735231189910007e-02 1.114490038849639042e+00 -1.000000000000000056e-01
3.879999999999999893e+00 -9.018804647091517579e-02 1.114502030679554556e+00 -1.000000000000000056e-01
3.890000000000000124e+00 -8.816554492222894446e-02 1.114511887262517265e+00 -1.000000000000000056e-01
3.899999999999999911e+00 -8.613032152475737224e-02 1.114519667534983771e+00 -1.000000000000000056e-01
3.910000000000000142e+00 -8.408285076707680550e-02 1.114525430047853094e+00 -1.000000000000000056e-01
3.919999999999999929e+00 -8.202360766507398038e-02 1.114529232936521508e+00 -1.000000000000000056e-01
3.930000000000000160e+00 -7.995306765886461831e-02 1.114531133889695713e+00 -1.000000000000000056e-01
3.939999999999999947e+00 -7.787170651035764390e-02 1.114531190118859039e+00 -1.000000000000000056e-01
3.950000000000000178e+00 -7.578000020058284214e-02 1.114529458329458045e+00 -1.000000000000000056e-01
3.959999999999999964e+00 -7.367842482733258369e-02 1.114525994689838484e+00 -1.000000000000000056e-01
3.970000000000000195e+00 -7.156745650353016353e-02 1.114520854803458860e+00 -1.000000000000000056e-01
3.979999999999999982e+00 -6.944757125499304018e-02 1.114514093678413698e+00 -1.000000000000000056e-01
3.990000000000000213e+00 -6.731924492053356635e-02 1.114505765700161355e+00 -1.000000000000000056e-01
4.000000000000000000e+00 -6.518295305061412581e-02 1.114495924602417309e+00 -1.000000000000000056e-01
4.009999999999999787e+00 -6.303917080748663859e-02 1.114484623440022526e+00 -1.000000000000000056e-01
4.020000000000000462e+00 -6.088837286667436732e-02 1.114471914561427246e+00 -1.000000000000000056e-01
4.030000000000000249e+00 -5.873103331733722787e-02 1.114457849582774829e+00 -1.000000000000000056e-01
4.040000000000000036e+00 -5.656762556495508604e-02 1.114442479362026450e+00 -1.000000000000000056e-01
4.049999999999999822e+00 -5.439862223371293853e-02 1.114425853973891378e+00 -1.000000000000000056e-01
4.060000000000000497e+00 -5.222449506959334076e-02 1.114408022685883681e+00 -1.000000000000000056e-01
4.070000000000000284e+00 -5.004571484492138095e-02 1.114389033935292206e+00 -1.000000000000000056e-01
4.080000000000000071e+00 -4.786275126210990521e-02 1.114368935306773611e+00 -1.000000000000000056e-01
4.089999999999999858e+00 -4.567607286014750689e-02 1.114347773510704576e+00 -1.000000000000000056e-01
4.099999999999999645e+00 -4.348614691947085692e-02 1.114325594363612115e+00 -1.000000000000000056e-01
4.110000000000000320e+00 -4.129343936923508818e-02 1.114302442767966195e+00 -1.000000000000000056e-01
4.120000000000000107e+00 -3.909841469484023890e-02 1.114278362694163471e+00 -1.000000000000000056e-01
4.129999999999999893e+00 -3.690153584560492556e-02 1.114253397163553538e+00 -1.000000000000000056e-01
4.139999999999999680e+00 -3.470326414370011187e-02 1.114227588231316401e+00 -1.000000000000000056e-01
4.150000000000000355e+00 -3.250405919394764448e-02 1.114200976971913004e+00 -1.000000000000000056e-01
4.160000000000000142e+00 -3.030437879353974767e-02 1.114173603464417406e+00 -1.000000000000000056e-01
4.169999999999999929e+00 -2.810467884344011041e-02 1.114145506779431694e+00 -1.000000000000000056e-01
4.179999999999999716e+00 -2.590541325987620949e-02 1.114116724967199046e+00 -1.000000000000000056e-01
4.190000000000000391e+00 -2.370703388719518079e-02 1.114087295045373294e+00 -1.000000000000000056e-01
4.200000000000000178e+00 -2.150999041071484374e-02 1.114057252990720892e+00 -1.000000000000000056e-01
4.209999999999999964e+00 -1.931473027150059849e-02 1.114026633728251614e+00 -1.000000000000000056e-01
4.219999999999999751e+00 -1.712169858103587683e-02 1.113995471124156866e+00 -1.000000000000000056e-01
4.230000000000000426e+00 -1.493133803740593832e-02 1.113963797978361203e+00 -1.000000000000000056e-01
4.240000000000000213e+00 -1.274408884228689191e-02 1.113931646018790467e+00 -1.000000000000000056e-01
4.250000000000000000e+00 -1.056038861857388003e-02 1.113899045895602846e+00 -1.000000000000000056e-01
4.259999999999999787e+00 -8.380672329743181145e-03 1.113866027177954132e+00 -1.000000000000000056e-01
4.270000000000000462e+00 -6.205372199619426689e-03 1.113832618350189874e+00 -1.000000000000000056e-01
4.280000000000000249e+00 -4.034917632826619076e-03 1.113798846809740173e+00 -1.000000000000000056e-01
4.290000000000000036e+00 -1.869735137911816055e-03 1.113764738866184656e+00 -1.000000000000000056e-01
4.299999999999999822e+00 2.897517505979369792e-04 1.113730319740602992e+00 -1.000000000000000056e-01
4.310000000000000497e+00 2.443122547459697196e-03 1.113695613566233478e+00 -1.000000000000000056e-01
4.320000000000000284e+00 4.589959891710474783e-03 1.113660643389590366e+00 -1.000000000000000056e-01
4.330000000000000071e+00 6.729849620075395097e-03 1.113625431173747460e+00 -1.000000000000000056e-01
4.339999999999999858e+00 8.862380840061908488e-03 1.113589997799941500e+00 -1.000000000000000056e-01
4.350000000000000533e+00 1.098714600096875431e-02 1.113554363073387954e+00 -1.000000000000000056e-01
4.360000000000000320e+00 1.310374096485143226e-02 1.113518545726291942e+00 -1.000000000000000056e-01
4.370000000000000107e+00 1.521176507551717620e-02 1.113482563425204130e+00 -1.000000000000000056e-01
4.379999999999999893e+00 1.731082122721413000e-02 1.113446432775925921e+00 -1.000000000000000056e-01
4.389999999999999680e+00 1.940051593172940209e-02 1.113410169332196498e+00 -1.000000000000000056e-01
4.400000000000000355e+00 2.148045938431487889e-02 1.113373787601604770e+00 -1.000000000000000056e-01
4.410000000000000142e+00 2.355026552935343340e-02 1.113337301056998685e+00 -1.000000000000000056e-01
4.419999999999999929e+00 2.560955212347136925e-02 1.113300722143436783e+00 -1.000000000000000056e-01
4.429999999999999716e+00 2.765794079927399660e-02 1.113264062289465617e+00 -1.000000000000000056e-01
4.440000000000000391e+00 2.969505712587072396e-02 1.113227331917790774e+00 -1.000000000000000056e-01
4.450000000000000178e+00 3.172053067034780183e-02 1.113190540456808764e+00 -1.000000000000000056e-01
4.459999999999999964e+00 3.373399505630228501e-02 1.113153696352123800e+00 -1.000000000000000056e-01
4.469999999999999751e+00 3.573508802220913549e-02 1.113116807080166693e+00 -1.000000000000000056e-01
4.480000000000000426e+00 3.772345147775677671e-02 1.113079879160667751e+00 -1.000000000000000056e-01
4.490000000000000213e+00 3.969873155994774888e-02 1.113042918170946471e+00 -1.000000000000000056e-01
4.500000000000000000e+00 4.166057868670653558e-02 1.113005928760607333e+00 -1.000000000000000056e-01
4.509999999999999787e+00 4.360864761024523667e-02 1.112968914665763309e+00 -1.000000000000000056e-01
4.520000000000000462e+00 4.554259746842807127e-02 1.112931878725322843e+00 -1.000000000000000056e-01
4.530000000000000249e+00 4.746209183518900615e-02 1.112894822896611791e+00 -1.000000000000000056e-01
4.540000000000000036e+00 4.936679876973868591e-02 1.112857748271442571e+00 -1.000000000000000056e-01
4.549999999999999822e+00 5.125639086404444600e-02 1.112820655093994304e+00 -1.000000000000000056e-01
4.560000000000000497e+00 5.313054528941733162e-02 1.112783542776953016e+00 -1.000000000000000056e-01
4.570000000000000284e+00 5.498894384148550474e-02 1.112746409919984192e+00 -1.000000000000000056e-01
4.580000000000000071e+00 5.683127298450642989e-02 1.112709254327529873e+00 -1.000000000000000056e-01
4.589999999999999858e+00 5.865722389276430832e-02 1.112672073027231034e+00 -1.000000000000000056e-01
4.600000000000000533e+00 6.046649249332367720e-02 1.112634862288647053e+00 -1.000000000000000056e-01
4.610000000000000320e+00 6.225877950419169554e-02 1.112597617642417269e+00 -1.000000000000000056e-01
4.620000000000000107e+00 6.403379047405312330e-02 1.112560333899450526e+00 -1.000000000000000056e-01
4.629999999999999893e+00 6.579123581895977846e-02 1.112523005170845680e+00 -1.000000000000000056e-01
4.639999999999999680e+00 6.753083085762910664e-02 1.112485624887128211e+00 -1.000000000000000056e-01
4.650000000000000355e+00 6.925229584703071484e-02 1.112448185819252977e+00 -1.000000000000000056e-01
4.660000000000000142e+00 7.095535601404805159e-02 1.112410680097645432e+00 -1.000000000000000056e-01
4.669999999999999929e+00 7.263974158777990187e-02 1.112373099234063245e+00 -1.000000000000000056e-01
4.679999999999999716e+00 7.430518783015779838e-02 1.112335434140964807e+00 -1.000000000000000056e-01
4.690000000000000391e+00 7.595143506377322051e-02 1.112297675153027132e+00 -1.000000000000000056e-01
4.700000000000000178e+00 7.757822869984046243e-02 1.112259812047731167e+00 -1.000000000000000056e-01
4.709999999999999964e+00 7.918531926460561920e-02 1.112221834066372317e+00 -1.000000000000000056e-01
4.719999999999999751e+00 8.077246242323499192e-02 1.112183729935043663e+00 -1.000000000000000056e-01
4.730000000000000426e+00 8.233941900350394416e-02 1.112145487885931594e+00 -1.000000000000000056e-01
4.740000000000000213e+00 8.388595501790738207e-02 1.112107095678042334e+00 -1.000000000000000056e-01
4.750000000000000000e+00 8.541184168374765795e-02 1.112068540619138624e+00 -1.000000000000000056e-01
4.759999999999999787e+00 8.691685544315944090e-02 1.112029809586207785e+00 -1.000000000000000056e-01
4.770000000000000462e+00 8.840077798035868295e-02 1.111990889047020259e+00 -1.000000000000000056e-01
4.780000000000000249e+00 8.986339623908203011e-02 1.111951765081904853e+00 -1.000000000000000056e-01
4.790000000000000036e+00 9.130450243767858354e-02 1.111912423403688122e+00 -1.000000000000000056e-01
4.799999999999999822e+00 9.272389408380757314e-02 1.111872849381290163e+00 -1.000000000000000056e-01
4.810000000000000497e+00 9.412137398726695692e-02 1.111833028058510697e+00 -1.000000000000000056e-01
4.820000000000000284e+00 9.549675027239268310e-02 1.111792944177875553e+00 -1.000000000000000056e-01
4.830000000000000071e+00 9.684983638855346189e-02 1.111752582200682404e+00 -1.000000000000000056e-01
4.839999999999999858e+00 9.818045112041719202e-02 1.111711926328925681e+00 -1.000000000000000056e-01
4.850000000000000533e+00 9.948841859609765248e-02 1.111670960527800123e+00 -1.000000000000000056e-01
4.860000000000000320e+00 1.007735682953214973e-01 1.111629668545899063e+00 -1.000000000000000056e-01
4.870000000000000107e+00 1.020357350554604164e-01 1.111588033938504472e+00 -1.000000000000000056e-01
4.879999999999999893e+00 1.032747590772189888e-01 1.111546040087799003e+00 -1.000000000000000056e-01
4.889999999999999680e+00 1.044904859284973703e-01 1.111503670224896378e+00 -1.000000000000000056e-01
4.900000000000000355e+00 1.056827665477992062e-01 1.111460907451146118e+00 -1.000000000000000056e-01
4.910000000000000142e+00 1.068514572453846817e-01 1.111417734757359721e+00 -1.000000000000000056e-01
4.919999999999999929e+00 1.079964197037608237e-01 1.111374135045281264e+00 -1.000000000000000056e-01
4.929999999999999716e+00 1.091175209764597837e-01 1.111330091145313448e+00 -1.000000000000000056e-01
4.940000000000000391e+00 1.102146334852126819e-01 1.111285585835646517e+00 -1.000000000000000056e-01
4.950000000000000178e+00 1.112876350153121086e-01 1.111240601858879851e+00 -1.000000000000000056e-01
4.959999999999999964e+00 1.123364087104386649e-01 1.111195121939744679e+00 -1.000000000000000056e-01
4.969999999999999751e+00 1.133608430646622645e-01 1.111149128800337893e+00 -1.000000000000000056e-01
4.980000000000000426e+00 1.143608319146201396e-01 1.111102605176679026e+00 -1.000000000000000056e-01
4.990000000000000213e+00 1.153362744292842634e-01 1.111055533834690801e+00 -1.000000000000000056e-01
5.000000000000000000e+00 1.162870751001268410e-01 1.111007897586322457e+00 -1.000000000000000056e-01
5.009999999999999787e+00 1.172131437295838297e-01 1.110959679306361192e+00 -1.000000000000000056e-01
5.020000000000000462e+00 1.181143954195267298e-01 1.110910861949837125e+00 -1.000000000000000056e-01
5.030000000000000249e+00 1.189907505587491227e-01 1.110861428569304588e+00 -1.000000000000000056e-01
5.040000000000000036e+00 1.198421348102620132e-01 1.110811362332612129e+00 -1.000000000000000056e-01
5.049999999999999822e+00 1.206684790976534499e-01 1.110760646541130159e+00 -1.000000000000000056e-01
5.060000000000000497e+00 1.214697195905827393e-01 1.110709264647221417e+00 -1.000000000000000056e-01
5.070000000000000284e+00 1.222457976893941839e-01 1.110657200271285339e+00 -1.000000000000000056e-01
5.080000000000000071e+00 1.229966600097274210e-01 1.110604437219586016e+00 -1.000000000000000056e-01
5.089999999999999858e+00 1.237222583637938161e-01 1.110550959499588819e+00 -1.000000000000000056e-01
5.100000000000000533e+00 1.244225497436713818e-01 1.110496751337412435e+00 -1.000000000000000056e-01
5.110000000000000320e+00 1.250974963005127283e-01 1.110441797192429636e+00 -1.000000000000000056e-01
5.120000000000000107e+00 1.257470653250405968e-01 1.110386081773019340e+00 -1.000000000000000056e-01
5.129999999999999893e+00 1.263712292258001024e-01 1.110329590051327253e+00 -1.000000000000000056e-01
5.139999999999999680e+00 1.269699655065039401e-01 1.110272307278024284e+00 -1.000000000000000056e-01
5.150000000000000355e+00 1.275432567430730968e-01 1.110214218996199875e+00 -1.000000000000000056e-01
5.160000000000000142e+00 1.280910905591057802e-01 1.110155311055653238e+00 -1.000000000000000056e-01
5.169999999999999929e+00 1.286134596013820408e-01 1.110095569626422751e+00 -1.000000000000000056e-01
5.179999999999999716e+00 1.291103615129895188e-01 1.110034981211910576e+00 -1.000000000000000056e-01
5.190000000000000391e+00 1.295817989081453070e-01 1.109973532662220430e+00 -1.000000000000000056e-01
5.200000000000000178e+00 1.300277793437311924e-01 1.109911211186870306e+00 -1.000000000000000056e-01
5.209999999999999964e+00 1.304483152924070799e-01 1.109848004366626784e+00 -1.000000000000000056e-01
5.219999999999999751e+00 1.308434241131804232e-01 1.109783900166640525e+00 -1.000000000000000056e-01
5.230000000000000426e+00 1.312131280231158270e-01 1.109718886946328587e+00 -1.000000000000000056e-01
5.240000000000000213e+00 1.315574540671702042e-01 1.109652953473246217e+00 -1.000000000000000056e-01
5.250000000000000000e+00 1.318764340877289498e-01 1.109586088931311831e+00 -1.000000000000000056e-01
5.259999999999999787e+00 1.321701046943772884e-01 1.109518282933457334e+00 -1.000000000000000056e-01
5.270000000000000462e+00 1.324385072320190260e-01 1.109449525530654457e+00 -1.000000000000000056e-01
5.280000000000000249e+00 1.326816877486389212e-01 1.109379807222012460e+00 -1.000000000000000056e-01
5.290000000000000036e+00 1.328996969637206427e-01 1.109309118964246332e+00 -1.000000000000000056e-01
5.299999999999999822e+00 1.330925902339056277e-01 1.109237452180737771e+00 -1.000000000000000056e-01
5.310000000000000497e+00 1.332604275200094945e-01 1.109164798769121107e+00 -1.000000000000000056e-01
5.320000000000000284e+00 1.334032733527008852e-01 1.109091151111014195e+00 -1.000000000000000056e-01
5.330000000000000071e+00 1.335211967969715807e-01 1.109016502078048472e+00 -1.000000000000000056e-01
5.339999999999999858e+00 1.336142714173811086e-01 1.108940845040254475e+00 -1.000000000000000056e-01
5.350000000000000533e+00 1.336825752410855384e-01 1.108864173871928926e+00 -1.000000000000000056e-01
5.360000000000000320e+00 1.337261907219675083e-01 1.108786482958938224e+00 -1.000000000000000056e-01
5.370000000000000107e+00 1.337452047023976187e-01 1.108707767203582994e+00 -1.000000000000000056e-01
5.379999999999999893e+00 1.337397083763304795e-01 1.108628022030776039e+00 -1.000000000000000056e-01
5.389999999999999680e+00 1.337097972493124787e-01 1.108547243392777215e+00 -1.000000000000000056e-01
5.400000000000000355e+00 1.336555711013517889e-01 1.108465427773370982e+00 -1.000000000000000056e-01
5.410000000000000142e+00 1.335771339453240003e-01 1.108382572192346593e+00 -1.000000000000000056e-01
5.419999999999999929e+00 1.334745939888420663e-01 1.108298674209120760e+00 -1.000000000000000056e-01
5.429999999999999716e+00 1.333480635915484658e-01 1.108213731924906353e+00 -1.000000000000000056e-01
5.440000000000000391e+00 1.331976592261601422e-01 1.108127743986865088e+00 -1.000000000000000056e-01
5.450000000000000178e+00 1.330235014349645251e-01 1.108040709588547612e+00 -1.000000000000000056e-01
5.459999999999999964e+00 1.328257147896435841e-01 1.107952628473088952e+00 -1.000000000000000056e-01
5.469999999999999751e+00 1.326044278471712745e-01 1.107863500933307765e+00 -1.000000000000000056e-01
5.480000000000000426e+00 1.323597731080836948e-01 1.107773327812694442e+00 -1.000000000000000056e-01
5.490000000000000213e+00 1.320918869728881229e-01 1.107682110506128970e+00 -1.000000000000000056e-01
5.500000000000000000e+00 1.318009096979326222e-01 1.107589850958881073e+00 -1.000000000000000056e-01
5.509999999999999787e+00 1.314869853518338128e-01 1.107496551666123930e+00 -1.000000000000000056e-01
5.520000000000000462e+00 1.311502617706492291e-01 1.107402215672491197e+00 -1.000000000000000056e-01
5.530000000000000249e+00 1.307908905122337762e-01 1.107306846568633318e+00 -1.000000000000000056e-01
5.540000000000000036e+00 1.304090268122579943e-01 1.107210448491318111e+00 -1.000000000000000056e-01
5.549999999999999822e+00 1.300048295363458173e-01 1.107113026118937471e+00 -1.000000000000000056e-01
5.560000000000000497e+00 1.295784611351224191e-01 1.107014584669546275e+00 -1.000000000000000056e-01
5.570000000000000284e+00 1.291300875968504625e-01 1.106915129896929306e+00 -1.000000000000000056e-01
5.580000000000000071e+00 1.286598783997691120e-01 1.106814668086815390e+00 -1.000000000000000056e-01
5.589999999999999858e+00 1.281680064649661221e-01 1.106713206052690746e+00 -1.000000000000000056e-01
5.600000000000000533e+00 1.276546481076381301e-01 1.106610751130304715e+00 -1.000000000000000056e-01
5.610000000000000320e+00 1.271199829887842414e-01 1.106507311173289931e+00 -1.000000000000000056e-01
5.620000000000000107e+00 1.265641940657815934e-01 1.106402894547138915e+00 -1.000000000000000056e-01
5.629999999999999893e+00 1.259874675434276281e-01 1.106297510122840722e+00 -1.000000000000000056e-01
5.639999999999999680e+00 1.253899928236864858e-01 1.106191167271216136e+00 -1.000000000000000056e-01
5.650000000000000355e+00 1.247719624556452439e-01 1.106083875855048637e+00 -1.000000000000000056e-01
5.660000000000000142e+00 1.241335720852393965e-01 1.105975646222953968e+00 -1.000000000000000056e-01
5.669999999999999929e+00 1.234750204039963689e-01 1.105866489200200808e+00 -1.000000000000000056e-01
5.679999999999999716e+00 1.227965090986011809e-01 1.105756416082799731e+00 -1.000000000000000056e-01
5.690000000000000391e+00 1.220982427986515156e-01 1.105645438626581489e+00 -1.000000000000000056e-01
5.700000000000000178e+00 1.213804290260027396e-01 1.105533569040525466e+00 -1.000000000000000056e-01
5.709999999999999964e+00 1.206432781423579376e-01 1.105420819976267621e+00 -1.000000000000000056e-01
5.719999999999999751e+00 1.198870032972466082e-01 1.105307204518958253e+00 -1.000000000000000056e-01
5.730000000000000426e+00 1.191118203760293398e-01 1.105192736177430968e+00 -1.000000000000000056e-01
5.740000000000000213e+00 1.183179479474323753e-01 1.105077428873725065e+00 -1.000000000000000056e-01
5.750000000000000000e+00 1.175056072107156790e-01 1.104961296932340131e+00 -1.000000000000000056e-01
5.759999999999999787e+00 1.166750219428680790e-01 1.104844355069628969e+00 -1.000000000000000056e-01
5.770000000000000462e+00 1.158264184462566571e-01 1.104726618382118941e+00 -1.000000000000000056e-01
5.780000000000000249e+00 1.149600254943499572e-01 1.104608102334881714e+00 -1.000000000000000056e-01
5.790000000000000036e+00 1.140760742800060318e-01 1.104488822750033350e+00 -1.000000000000000056e-01
5.799999999999999822e+00 1.131747983604736441e-01 1.104368795793523095e+00 -1.000000000000000056e-01
5.810000000000000497e+00 1.122564336050513034e-01 1.104248037963845297e+00 -1.000000000000000056e-01
5.820000000000000284e+00 1.113212181408234636e-01 1.104126566077977323e+00 -1.000000000000000056e-01
5.830000000000000071e+00 1.103693922991397514e-01 1.104004397259268355e+00 -1.000000000000000056e-01
5.839999999999999858e+00 1.094011985615278432e-01 1.103881548923646205e+00 -1.000000000000000056e-01
5.850000000000000533e+00 1.084168815055969737e-01 1.103758038766406546e+00 -1.000000000000000056e-01
5.860000000000000320e+00 1.074166877515052299e-01 1.103633884747983185e+00 -1.000000000000000056e-01
5.870000000000000107e+00 1.064008659069692192e-01 1.103509105081138975e+00 -1.000000000000000056e-01
5.879999999999999893e+00 1.053696665132136251e-01 1.103383718215926956e+00 -1.000000000000000056e-01
5.889999999999999680e+00 1.043233419911004517e-01 1.103257742826481369e+00 -1.000000000000000056e-01
5.900000000000000355e+00 1.032621465856362469e-01 1.103131197796623386e+00 -1.000000000000000056e-01
5.910000000000000142e+00 1.021863363124509566e-01 1.103004102205983994e+00 -1.000000000000000056e-01
5.919999999999999929e+00 1.010961689024606341e-01 1.102876475315933691e+00 -1.000000000000000056e-01
5.929999999999999716e+00 9.999190374775773771e-02 1.102748336555795960e+00 -1.000000000000000056e-01
5.940000000000000391e+00 9.887380184671118455e-02 1.102619705509793491e+00 -1.000000000000000056e-01
5.950000000000000178e+00 9.774212574963986322e-02 1.102490601902167411e+00 -1.000000000000000056e-01
5.959999999999999964e+00 9.659713950444384634e-02 1.102361045585956489e+00 -1.000000000000000056e-01
5.969999999999999751e+00 9.543910860252205475e-02 1.102231056528240050e+00 -1.000000000000000056e-01
5.980000000000000426e+00 9.426829992424336224e-02 1.102100654798751966e+00 -1.000000000000000056e-01
5.990000000000000213e+00 9.308498168635330472e-02 1.101969860556964109e+00 -1.000000000000000056e-01
6.000000000000000000e+00 9.188942338755662353e-02 1.101838694039746214e+00 -1.000000000000000056e-01
6.009999999999999787e+00 9.068189575683503756e-02 1.101707175549555107e+00 -1.000000000000000056e-01
6.020000000000000462e+00 8.946267069998015131e-02 1.101575325442030184e+00 -1.000000000000000056e-01
6.030000000000000249e+00 8.823202124858466056e-02 1.101443164113818707e+00 -1.000000000000000056e-01
6.040000000000000036e+00 8.699022150732792225e-02 1.101310711990545199e+00 -1.000000000000000056e-01
6.049999999999999822e+00 8.573754660392406135e-02 1.101177989513485223e+00 -1.000000000000000056e-01
6.060000000000000497e+00 8.447427263691976995e-02 1.101045017126951908e+00 -1.000000000000000056e-01
6.070000000000000284e+00 8.320067662502902972e-02 1.100911815265081417e+00 -1.000000000000000056e-01
6.080000000000000071e+00 8.191703645637604669e-02 1.100778404337569016e+00 -1.000000000000000056e-01
6.089999999999999858e+00 8.062363083627505089e-02 1.100644804716183422e+00 -1.000000000000000056e-01
6.100000000000000533e+00 7.932073923691984607e-02 1.100511036720418501e+00 -1.000000000000000056e-01
6.110000000000000320e+00 7.800864184443950800e-02 1.100377120603106107e+00 -1.000000000000000056e-01
6.120000000000000107e+00 7.668761950725110077e-02 1.100243076536087994e+00 -1.000000000000000056e-01
6.129999999999999893e+00 7.535795368360792557e-02 1.100108924596277182e+00 -1.000000000000000056e-01
6.140000000000000568e+00 7.401992638863638674e-02 1.099974684751084952e+00 -1.000000000000000056e-01
6.150000000000000355e+00 7.267382014144954661e-02 1.099840376845217849e+00 -1.000000000000000056e-01
6.160000000000000142e+00 7.131991791184588703e-02 1.099706020586772803e+00 -1.000000000000000056e-01
6.169999999999999929e+00 6.995850306733301938e-02 1.099571635534049685e+00 -1.000000000000000056e-01
6.179999999999999716e+00 6.858985931992331309e-02 1.099437241082550587e+00 -1.000000000000000056e-01
6.190000000000000391e+00 6.721427067255657251e-02 1.099302856453247434e+00 -1.000000000000000056e-01
6.200000000000000178e+00 6.583202136676070959e-02 1.099168500678964211e+00 -1.000000000000000056e-01
6.209999999999999964e+00 6.444339582908165109e-02 1.099034192594246617e+00 -1.000000000000000056e-01
6.219999999999999751e+00 6.304867861870575019e-02 1.098899950822190830e+00 -1.000000000000000056e-01
6.230000000000000426e+00 6.164815437490443056e-02 1.098765793764698406e+00 -1.000000000000000056e-01
6.240000000000000213e+00 6.024210776478292756e-02 1.098631739590811618e+00 -1.000000000000000056e-01
6.250000000000000000e+00 5.883082343059136549e-02 1.098497806226799156e+00 -1.000000000000000056e-01
6.259999999999999787e+00 5.741458593891397150e-02 1.098364011345071667e+00 -1.000000000000000056e-01
6.270000000000000462e+00 5.599367972783184100e-02 1.098230372356093998e+00 -1.000000000000000056e-01
6.280000000000000249e+00 5.456838905644701559e-02 1.098096906396975436e+00 -1.000000000000000056e-01
6.290000000000000036e+00 5.313899795276653959e-02 1.097963630323514517e+00 -1.000000000000000056e-01
6.299999999999999822e+00 5.170579016369643982e-02 1.097830560701146041e+00 -1.000000000000000056e-01
6.310000000000000497e+00 5.026904910337225141e-02 1.097697713796037755e+00 -1.000000000000000056e-01
6.320000000000000284e+00 4.882905780323385653e-02 1.097565105567716248e+00 -1.000000000000000056e-01
6.330000000000000071e+00 4.738609886144089234e-02 1.097432751659581873e+00 -1.000000000000000056e-01
6.339999999999999858e+00 4.594045439302446576e-02 1.097300667393773521e+00 -1.000000000000000056e-01
6.350000000000000533e+00 4.449240597994422869e-02 1.097168867761166622e+00 -1.000000000000000056e-01
6.360000000000000320e+00 4.304223462183372206e-02 1.097037367416676679e+00 -1.000000000000000056e-01
6.370000000000000107e+00 4.159022068623721008e-02 1.096906180670851993e+00 -1.000000000000000056e-01
6.379999999999999893e+00 4.013664386035312170e-02 1.096775321485139010e+00 -1.000000000000000056e-01
6.390000000000000568e+00 3.868178310194844011e-02 1.096644803463899143e+00 -1.000000000000000056e-01
6.400000000000000355e+00 3.722591659089154875e-02 1.096514639850625139e+00 -1.000000000000000056e-01
6.410000000000000142e+00 3.576932168167234333e-02 1.096384843520865848e+00 -1.000000000000000056e-01
6.419999999999999929e+00 3.431227485515667142e-02 1.096255426977708725e+00 -1.000000000000000056e-01
6.429999999999999716e+00 3.285505167161039547e-02 1.096126402347064932e+00 -1.000000000000000056e-01
6.440000000000000391e+00 3.139792672324907136e-02 1.095997781372426871e+00 -1.000000000000000056e-01
6.450000000000000178e+00 2.994117358863195022e-02 1.095869575411039243e+00 -1.000000000000000056e-01
6.459999999999999964e+00 2.848506478479116005e-02 1.095741795429737486e+00 -1.000000000000000056e-01
6.469999999999999751e+00 2.702987172281191841e-02 1.095614452001071992e+00 -1.000000000000000056e-01
6.480000000000000426e+00 2.557586466130058050e-02 1.095487555299766491e+00 -1.000000000000000056e-01
6.490000000000000213e+00 2.412331266161022239e-02 1.095361115100125238e+00 -1.000000000000000056e-01
6.500000000000000000e+00 2.267248354269799440e-02 1.095235140772395921e+00 -1.000000000000000056e-01
6.509999999999999787e+00 2.122364383671931226e-02 1.095109641280523682e+00 -1.000000000000000056e-01
6.520000000000000462e+00 1.977705874491503951e-02 1.094984625179855620e+00 -1.000000000000000056e-01
6.530000000000000249e+00 1.833299209315625983e-02 1.094860100615456133e+00 -1.000000000000000056e-01
6.540000000000000036e+00 1.689170628949412598e-02 1.094736075319529656e+00 -1.000000000000000056e-01
6.549999999999999822e+00 1.545346227932147334e-02 1.094612556610507603e+00 -1.000000000000000056e-01
6.560000000000000497e+00 1.401851950413744198e-02 1.094489551392818116e+00 -1.000000000000000056e-01
6.570000000000000284e+00 1.258713585756809569e-02 1.094367066153710599e+00 -1.000000000000000056e-01
6.580000000000000071e+00 1.115956764433320529e-02 1.094245106965439973e+00 -1.000000000000000056e-01
6.589999999999999858e+00 9.736069537365296331e-03 1.094123679483054890e+00 -1.000000000000000056e-01
6.600000000000000533e+00 8.316894537173935564e-03 1.094002788945240390e+00 -1.000000000000000056e-01
6.610000000000000320e+00 6.902293930415209604e-03 1.093882440174736903e+00 -1.000000000000000056e-01
6.620000000000000107e+00 5.492517249495834294e-03 1.093762637578942876e+00 -1.000000000000000056e-01
6.629999999999999893e+00 4.087812232454100803e-03 1.093643385150655067e+00 -1.000000000000000056e-01
6.640000000000000568e+00 2.688424783529468325e-03 1.093524686469653062e+00 -1.000000000000000056e-01
6.650000000000000355e+00 1.294598933899595563e-03 1.093406544704469185e+00 -1.000000000000000056e-01
6.660000000000000142e+00 -9.342319653739616990e-05 1.093288962613655269e+00 -1.000000000000000056e-01
6.669999999999999929e+00 -1.475401436921445954e-03 1.093171942548835762e+00 -1.000000000000000056e-01
6.679999999999999716e+00 -2.851097603237556181e-03 1.093055486456563585e+00 -1.000000000000000056e-01
6.690000000000000391e+00 -4.220275534167262400e-03 1.092939595881527337e+00 -1.000000000000000056e-01
6.700000000000000178e+00 -5.582701127985299251e-03 1.092824271969485839e+00 -1.000000000000000056e-01
6.709999999999999964e+00 -6.938142377286606044e-03 1.092709515470575710e+00 -1.000000000000000056e-01
6.719999999999999751e+00 -8.286369404288944363e-03 1.092595326743114104e+00 -1.000000000000000056e-01
6.730000000000000426e+00 -9.627154494874608920e-03 1.092481705757377020e+00 -1.000000000000000056e-01
6.740000000000000213e+00 -1.096027213243677169e-02 1.092368652099796389e+00 -1.000000000000000056e-01
6.750000000000000000e+00 -1.228549903080663856e-02 1.092256164977074118e+00 -1.000000000000000056e-01
6.759999999999999787e+00 -1.360261416713642521e-02 1.092144243221353062e+00 -1.000000000000000056e-01
6.770000000000000462e+00 -1.491139881373814216e-02 1.092032885294282218e+00 -1.000000000000000056e-01
6.780000000000000249e+00 -1.621163656986075036e-02 1.091922089292849174e+00 -1.000000000000000056e-01
6.790000000000000036e+00 -1.750311339274042768e-02 1.091811852953883388e+00 -1.000000000000000056e-01
6.799999999999999822e+00 -1.878561762808040464e-02 1.091702173660018982e+00 -1.000000000000000056e-01
6.810000000000000497e+00 -2.005894004048681262e-02 1.091593048445381520e+00 -1.000000000000000056e-01
6.820000000000000284e+00 -2.132287384305029190e-02 1.091484474000929072e+00 -1.000000000000000056e-01
6.830000000000000071e+00 -2.257721472615556793e-02 1.091376446680863088e+00 -1.000000000000000056e-01
6.839999999999999858e+00 -2.382176088692481569e-02 1.091268962509196028e+00 -1.000000000000000056e-01
6.850000000000000533e+00 -2.505631305664846389e-02 1.091162017185160815e+00 -1.000000000000000056e-01
6.860000000000000320e+00 -2.628067452893117009e-02 1.091055606090999497e+00 -1.000000000000000056e-01
6.870000000000000107e+00 -2.749465118646011660e-02 1.090949724297757717e+00 -1.000000000000000056e-01
6.879999999999999893e+00 -2.869805152799170464e-02 1.090844366573018975e+00 -1.000000000000000056e-01
6.890000000000000568e+00 -2.989068669378644461e-02 1.090739527387133423e+00 -1.000000000000000056e-01
6.900000000000000355e+00 -3.107237049120437425e-02 1.090635200921846293e+00 -1.000000000000000056e-01
6.910000000000000142e+00 -3.224291941965835157e-02 1.090531381075926287e+00 -1.000000000000000056e-01
6.919999999999999929e+00 -3.340215269432943862e-02 1.090428061474596033e+00 -1.000000000000000056e-01
6.929999999999999716e+00 -3.454989226992859208e-02 1.090325235476251375e+00 -1.000000000000000056e-01
6.940000000000000391e+00 -3.568596286360631309e-02 1.090222896180352619e+00 -1.000000000000000056e-01
6.950000000000000178e+00 -3.681019197686658667e-02 1.090121036436308755e+00 -1.000000000000000056e-01
6.959999999999999964e+00 -3.792240991784867621e-02 1.090019648850502065e+00 -1.000000000000000056e-01
6.969999999999999751e+00 -3.902244982144099233e-02 1.089918725795849141e+00 -1.000000000000000056e-01
6.980000000000000426e+00 -4.011014767071064552e-02 1.089818259418932511e+00 -1.000000000000000056e-01
6.990000000000000213e+00 -4.118534231622367897e-02 1.089718241650017294e+00 -1.000000000000000056e-01
7.000000000000000000e+00 -4.224787549519800484e-02 1.089618664210093124e+00 -1.000000000000000056e-01
7.009999999999999787e+00 -4.329759185088779411e-02 1.089519518621435035e+00 -1.000000000000000056e-01
7.020000000000000462e+00 -4.433433895024079668e-02 1.089420796214353393e+00 -1.000000000000000056e-01
7.030000000000000249e+00 -4.535796730165845420e-02 1.089322488137981937e+00 -1.000000000000000056e-01
7.040000000000000036e+00 -4.636833037247532763e-02 1.089224585368401721e+00 -1.000000000000000056e-01
7.049999999999999822e+00 -4.736528460508581534e-02 1.089127078717273100e+00 -1.000000000000000056e-01
7.060000000000000497e+00 -4.834868943321853074e-02 1.089029958841830181e+00 -1.000000000000000056e-01
7.070000000000000284e+00 -4.931840729734366519e-02 1.088933216253050951e+00 -1.000000000000000056e-01
7.080000000000000071e+00 -5.027430365954988628e-02 1.088836841325686366e+00 -1.000000000000000056e-01
7.089999999999999858e+00 -5.121624701763509424e-02 1.088740824306760890e+00 -1.000000000000000056e-01
7.100000000000000533e+00 -5.214410891948006999e-02 1.088645155324580394e+00 -1.000000000000000056e-01
7.110000000000000320e+00 -5.305776397463649735e-02 1.088549824399013266e+00 -1.000000000000000056e-01
7.120000000000000107e+00 -5.395708986856390804e-02 1.088454821448889165e+00 -1.000000000000000056e-01
7.129999999999999893e+00 -5.484196737240885217e-02 1.088360136303113013e+00 -1.000000000000000056e-01
7.140000000000000568e+00 -5.571228035586345273e-02 1.088265758707942066e+00 -1.000000000000000056e-01
7.150000000000000355e+00 -5.656791579591329000e-02 1.088171678337494841e+00 -1.000000000000000056e-01
7.160000000000000142e+00 -5.740876378746408853e-02 1.088077884801857298e+00 -1.000000000000000056e-01
7.169999999999999929e+00 -5.823471755223546403e-02 1.087984367656873896e+00 -1.000000000000000056e-01
7.179999999999999716e+00 -5.904567344634168574e-02 1.087891116412409209e+00 -1.000000000000000056e-01
7.190000000000000391e+00 -5.984153096894178486e-02 1.087798120541917601e+00 -1.000000000000000056e-01
7.200000000000000178e+00 -6.062219276833458875e-02 1.087705369490728158e+00 -1.000000000000000056e-01
7.209999999999999964e+00 -6.138756464845582933e-02 1.087612852685593934e+00 -1.000000000000000056e-01
7.219999999999999751e+00 -6.213755557518626377e-02 1.087520559542531906e+00 -1.000000000000000056e-01
7.230000000000000426e+00 -6.287207768025962484e-02 1.087428479476481691e+00 -1.000000000000000056e-01
7.240000000000000213e+00 -6.359104626680972538e-02 1.087336601909055345e+00 -1.000000000000000056e-01
7.250000000000000000e+00 -6.429437981240650191e-02 1.087244916277713580e+00 -1.000000000000000056e-01
7.259999999999999787e+00 -6.498199997299604347e-02 1.087153412043929901e+00 -1.000000000000000056e-01
7.270000000000000462e+00 -6.565383158494859928e-02 1.087062078701549694e+00 -1.000000000000000056e-01
7.280000000000000249e+00 -6.630980266782092458e-02 1.086970905785174857e+00 -1.000000000000000056e-01
7.290000000000000036e+00 -6.694984442538251534e-02 1.086879882878437398e+00 -1.000000000000000056e-01
7.299999999999999822e+00 -6.757389124712023798e-02 1.086788999621750795e+00 -1.000000000000000056e-01
7.310000000000000497e+00 -6.818188070831861236e-02 1.086698245720939759e+00 -1.000000000000000056e-01
7.320000000000000284e+00 -6.877375357013068569e-02 1.086607610954280156e+00 -1.000000000000000056e-01
7.330000000000000071e+00 -6.934945377891336971e-02 1.086517085181200049e+00 -1.000000000000000056e-01
7.339999999999999858e+00 -6.990892846499523194e-02 1.086426658349313179e+00 -1.000000000000000056e-01
7.350000000000000533e+00 -7.045212794076576024e-02 1.086336320502172326e+00 -1.000000000000000056e-01
7.360000000000000320e+00 -7.097900569832847617e-02 1.086246061786867445e+00 -1.000000000000000056e-01
7.370000000000000107e+00 -7.148951840710005001e-02 1.086155872461160410e+00 -1.000000000000000056e-01
7.379999999999999893e+00 -7.198362590899629043e-02 1.086065742900643727e+00 -1.000000000000000056e-01
7.390000000000000568e+00 -7.246129121602194745e-02 1.085975663605974306e+00 -1.000000000000000056e-01
7.400000000000000355e+00 -7.292248050440161555e-02 1.085885625209500605e+00 -1.000000000000000056e-01
7.410000000000000142e+00 -7.336716310967764110e-02 1.085795618482484404e+00 -1.000000000000000056e-01
7.419999999999999929e+00 -7.379531152151730389e-02 1.085705634340752956e+00 -1.000000000000000056e-01
7.429999999999999716e+00 -7.420690137624641469e-02 1.085615663852764534e+00 -1.000000000000000056e-01
7.440000000000000391e+00 -7.460191145137642921e-02 1.085525698243787751e+00 -1.000000000000000056e-01
7.450000000000000178e+00 -7.498032365682792688e-02 1.085435728903953345e+00 -1.000000000000000056e-01
7.459999999999999964e+00 -7.534212302795423311e-02 1.085345747393100524e+00 -1.000000000000000056e-01
7.469999999999999751e+00 -7.568729771634055692e-02 1.085255745446551234e+00 -1.000000000000000056e-01
7.480000000000000426e+00 -7.601583898119210203e-02 1.085165714981498164e+00 -1.000000000000000056e-01
7.490000000000000213e+00 -7.632774117928287083e-02 1.085075648101241574e+00 -1.000000000000000056e-01
7.500000000000000000e+00 -7.662300175526479129e-02 1.084985537101731401e+00 -1.000000000000000056e-01
7.509999999999999787e+00 -7.690162123042791620e-02 1.084895374475558727e+00 -1.000000000000000056e-01
7.520000000000000462e+00 -7.716360319176293614e-02 1.084805152917134530e+00 -1.000000000000000056e-01
7.530000000000000249e+00 -7.740895428041316695e-02 1.084714865327772726e+00 -1.000000000000000056e-01
7.540000000000000036e+00 -7.763768417870164917e-02 1.084624504819664104e+00 -1.000000000000000056e-01
7.549999999999999822e+00 -7.784980559792109567e-02 1.084534064720146684e+00 -1.000000000000000056e-01
7.560000000000000497e+00 -7.804533426504586813e-02 1.084443538576572053e+00 -1.000000000000000056e-01
7.570000000000000284e+00 -7.822428890828352077e-02 1.084352920159100897e+00 -1.000000000000000056e-01
7.580000000000000071e+00 -7.838669124376994313e-02 1.084262203465395036e+00 -1.000000000000000056e-01
7.589999999999999858e+00 -7.853256595981321364e-02 1.084171382723424060e+00 -1.000000000000000056e-01
7.600000000000000533e+00 -7.866194070273739569e-02 1.084080452395468352e+00 -1.000000000000000056e-01
7.610000000000000320e+00 -7.877484606030966952e-02 1.083989407180461439e+00 -1.000000000000000056e-01
7.620000000000000107e+00 -7.887131554644766229e-02 1.083898242017755864e+00 -1.000000000000000056e-01
7.629999999999999893e+00 -7.895138558430413178e-02 1.083806952089334308e+00 -1.000000000000000056e-01
7.640000000000000568e+00 -7.901509548971266672e-02 1.083715532822382199e+00 -1.000000000000000056e-01
7.650000000000000355e+00 -7.906248745355538843e-02 1.083623979891865874e+00 -1.000000000000000056e-01
7.660000000000000142e+00 -7.909360652454357210e-02 1.083532289222367995e+00 -1.000000000000000056e-01
7.669999999999999929e+00 -7.910850059090299147e-02 1.083440456990552470e+00 -1.000000000000000056e-01
7.679999999999999716e+00 -7.910722036184489325e-02 1.083348479626006666e+00 -1.000000000000000056e-01
7.690000000000000391e+00 -7.908981934928760449e-02 1.083256353813792705e+00 -1.000000000000000056e-01
7.700000000000000178e+00 -7.905635384758513684e-02 1.083164076495025441e+00 -1.000000000000000056e-01
7.709999999999999964e+00 -7.900688291552672438e-02 1.083071644868408345e+00 -1.000000000000000056e-01
7.719999999999999751e+00 -7.894146835448162536e-02 1.082979056390786177e+00 -1.000000000000000056e-01
7.730000000000000426e+00 -7.886017468939771069e-02 1.082886308778544082e+00 -1.000000000000000056e-01
7.740000000000000213e+00 -7.876306914767908229e-02 1.082793400007015183e+00 -1.000000000000000056e-01
7.750000000000000000e+00 -7.865022163741056116e-02 1.082700328312227400e+00 -1.000000000000000056e-01
7.759999999999999787e+00 -7.852170472681249680e-02 1.082607092189514564e+00 -1.000000000000000056e-01
7.770000000000000462e+00 -7.837759362120594320e-02 1.082513690394619976e+00 -1.000000000000000056e-01
7.780000000000000249e+00 -7.821796614169042317e-02 1.082420121942813784e+00 -1.000000000000000056e-01
7.790000000000000036e+00 -7.804290270178275424e-02 1.082326386108483529e+00 -1.000000000000000056e-01
7.799999999999999822e+00 -7.785248628450093522e-02 1.082232482424534403e+00 -1.000000000000000056e-01
7.810000000000000497e+00 -7.764680241946253503e-02 1.082138410681415142e+00 -1.000000000000000056e-01
7.820000000000000284e+00 -7.742593915820766837e-02 1.082044170926225846e+00 -1.000000000000000056e-01
7.830000000000000071e+00 -7.718998705110662051e-02 1.081949763461128367e+00 -1.000000000000000056e-01
7.839999999999999858e+00 -7.693903912235086628e-02 1.081855188842126392e+00 -1.000000000000000056e-01
7.850000000000000533e+00 -7.667319084546696251e-02 1.081760447877711862e+00 -1.000000000000000056e-01
7.860000000000000320e+00 -7.639254011833926383e-02 1.081665541626115612e+00 -1.000000000000000056e-01
7.870000000000000107e+00 -7.609718723770304838e-02 1.081570471394392774e+00 -1.000000000000000056e-01
7.879999999999999893e+00 -7.578723487351048116e-02 1.081475238735662758e+00 -1.000000000000000056e-01
7.890000000000000568e+00 -7.546278804354990266e-02 1.081379845446628352e+00 -1.000000000000000056e-01
7.900000000000000355e+00 -7.512395408606378777e-02 1.081284293565617505e+00 -1.000000000000000056e-01
7.910000000000000142e+00 -7.477084263417695109e-02 1.081188585369418975e+00 -1.000000000000000056e-01
7.919999999999999929e+00 -7.440356558847811830e-02 1.081092723370740138e+00 -1.000000000000000056e-01
7.930000000000000604e+00 -7.402223708984580208e-02 1.080996710314837017e+00 -1.000000000000000056e-01
7.940000000000000391e+00 -7.362697349206372144e-02 1.080900549177262304e+00 -1.000000000000000056e-01
7.950000000000000178e+00 -7.321789333356486240e-02 1.080804243159310341e+00 -1.000000000000000056e-01
7.959999999999999964e+00 -7.279511730942331282e-02 1.080707795685683870e+00 -1.000000000000000056e-01
7.969999999999999751e+00 -7.235876824300473131e-02 1.080611210400666211e+00 -1.000000000000000056e-01
7.980000000000000426e+00 -7.190897105645738252e-02 1.080514491164028534e+00 -1.000000000000000056e-01
7.990000000000000213e+00 -7.144585274256522178e-02 1.080417642047936555e+00 -1.000000000000000056e-01
8.000000000000000000e+00 -7.096954233384435151e-02 1.080320667332103302e+00 -1.000000000000000056e-01
8.009999999999999787e+00 -7.048017087451451113e-02 1.080223571501291113e+00 -1.000000000000000056e-01
8.019999999999999574e+00 -6.997787138898935166e-02 1.080126359239089506e+00 -1.000000000000000056e-01
8.029999999999999361e+00 -6.946277885280413567e-02 1.080029035425939199e+00 -1.000000000000000056e-01
8.040000000000000924e+00 -6.893503016153315621e-02 1.079931605132845807e+00 -1.000000000000000056e-01
8.050000000000000711e+00 -6.839476410024597497e-02 1.079834073618330281e+00 -1.000000000000000056e-01
8.060000000000000497e+00 -6.784212131325943751e-02 1.079736446323366295e+00 -1.000000000000000056e-01
8.070000000000000284e+00 -6.727724427262442297e-02 1.079638728866912478e+00 -1.000000000000000056e-01
8.080000000000000071e+00 -6.670027724701593774e-02 1.079540927041283682e+00 -1.000000000000000056e-01
8.089999999999999858e+00 -6.611136627128166854e-02 1.079443046807349926e+00 -1.000000000000000056e-01
8.099999999999999645e+00 -6.551065911411989295e-02 1.079345094290231177e+00 -1.000000000000000056e-01
8.109999999999999432e+00 -6.489830524710088477e-02 1.079247075773983600e+00 -1.000000000000000056e-01
8.120000000000000995e+00 -6.427445581316557077e-02 1.079148997696976142e+00 -1.000000000000000056e-01
8.130000000000000782e+00 -6.363926359426860802e-02 1.079050866647204066e+00 -1.000000000000000056e-01
8.140000000000000568e+00 -6.299288298006974762e-02 1.078952689356901917e+00 -1.000000000000000056e-01
8.150000000000000355e+00 -6.233546993519365614e-02 1.078854472698133282e+00 -1.000000000000000056e-01
8.160000000000000142e+00 -6.166718196707224320e-02 1.078756223677503234e+00 -1.000000000000000056e-01
8.169999999999999929e+00 -6.098817809342482743e-02 1.078657949430284146e+00 -1.000000000000000056e-01
8.179999999999999716e+00 -6.029861880927877421e-02 1.078559657216860090e+00 -1.000000000000000056e-01
8.189999999999999503e+00 -5.959866605370250925e-02 1.078461354415637174e+00 -1.000000000000000056e-01
8.199999999999999289e+00 -5.888848317679534761e-02 1.078363048518718115e+00 -1.000000000000000056e-01
8.210000000000000853e+00 -5.816823490561794097e-02 1.078264747125020184e+00 -1.000000000000000056e-01
8.220000000000000639e+00 -5.743808731072692214e-02 1.078166457935700873e+00 -1.000000000000000056e-01
8.230000000000000426e+00 -5.669820777164439468e-02 1.078068188746305500e+00 -1.000000000000000056e-01
8.240000000000000213e+00 -5.594876494336695205e-02 1.077969947441208554e+00 -1.000000000000000056e-01
8.250000000000000000e+00 -5.518992872110477926e-02 1.077871741985727327e+00 -1.000000000000000056e-01
8.259999999999999787e+00 -5.442187020669027320e-02 1.077773580419433497e+00 -1.000000000000000056e-01
8.269999999999999574e+00 -5.364476167419712088e-02 1.077675470847496486e+00 -1.000000000000000056e-01
8.279999999999999361e+00 -5.285877653533372494e-02 1.077577421432884819e+00 -1.000000000000000056e-01
8.290000000000000924e+00 -5.206408930622718340e-02 1.077479440387836940e+00 -1.000000000000000056e-01
8.300000000000000711e+00 -5.126087557294083108e-02 1.077381535964641479e+00 -1.000000000000000056e-01
8.310000000000000497e+00 -5.044931195902857546e-02 1.077283716447817286e+00 -1.000000000000000056e-01
8.320000000000000284e+00 -4.962957609143221760e-02 1.077185990144227112e+00 -1.000000000000000056e-01
8.330000000000000071e+00 -4.880184656862111142e-02 1.077088365376014156e+00 -1.000000000000000056e-01
8.339999999999999858e+00 -4.796630292724338163e-02 1.076990850471415184e+00 -1.000000000000000056e-01
8.349999999999999645e+00 -4.712312560946394641e-02 1.076893453758078101e+00 -1.000000000000000056e-01
8.359999999999999432e+00 -4.627249593088850199e-02 1.076796183556456565e+00 -1.000000000000000056e-01
8.370000000000000995e+00 -4.541459604701968134e-02 1.076699048172577111e+00 -1.000000000000000056e-01
8.380000000000000782e+00 -4.454960892022086921e-02 1.076602055893731258e+00 -1.000000000000000056e-01
8.390000000000000568e+00 -4.367771828625150593e-02 1.076505214982610203e+00 -1.000000000000000056e-01
8.400000000000000355e+00 -4.279910861988491660e-02 1.076408533672674084e+00 -1.000000000000000056e-01
8.410000000000000142e+00 -4.191396510059443997e-02 1.076312020164434724e+00 -1.000000000000000056e-01
8.419999999999999929e+00 -4.102247357748536188e-02 1.076215682620485392e+00 -1.000000000000000056e-01
8.429999999999999716e+00 -4.012482053375111823e-02 1.076119529161742472e+00 -1.000000000000000056e-01
8.439999999999999503e+00 -3.922119305127314687e-02 1.076023567863483299e+00 -1.000000000000000056e-01
8.449999999999999289e+00 -3.831177877444765650e-02 1.075927806750698323e+00 -1.000000000000000056e-01
8.460000000000000853e+00 -3.739676587411924075e-02 1.075832253794460236e+00 -1.000000000000000056e-01
8.470000000000000639e+00 -3.647634301167440585e-02 1.075736916906306018e+00 -1.000000000000000056e-01
8.480000000000000426e+00 -3.555069930237556020e-02 1.075641803935323049e+00 -1.000000000000000056e-01
8.490000000000000213e+00 -3.462002427973728813e-02 1.075546922661870575e+00 -1.000000000000000056e-01
8.500000000000000000e+00 -3.368450785896572042e-02 1.075452280793636861e+00 -1.000000000000000056e-01
8.509999999999999787e+00 -3.274434030094361403e-02 1.075357885960971815e+00 -1.000000000000000056e-01
8.519999999999999574e+00 -3.179971217671014733e-02 1.075263745711167784e+00 -1.000000000000000056e-01
8.529999999999999361e+00 -3.085081433128401135e-02 1.075169867504174981e+00 -1.000000000000000056e-01
8.540000000000000924e+00 -2.989783784788054705e-02 1.075076258707444277e+00 -1.000000000000000056e-01
8.550000000000000711e+00 -2.894097401252068019e-02 1.074982926590902776e+00 -1.000000000000000056e-01
8.560000000000000497e+00 -2.798041427871149345e-02 1.074889878322185188e+00 -1.000000000000000056e-01
8.570000000000000284e+00 -2.701635023178956124e-02 1.074797120961535013e+00 -1.000000000000000056e-01
8.580000000000000071e+00 -2.604897355382744875e-02 1.074704661456992394e+00 -1.000000000000000056e-01
8.589999999999999858e+00 -2.507847598892953139e-02 1.074612506640341580e+00 -1.000000000000000056e-01
8.599999999999999645e+00 -2.410504930762454034e-02 1.074520663221247396e+00 -1.000000000000000056e-01
8.609999999999999432e+00 -2.312888527295157287e-02 1.074429137783476484e+00 -1.000000000000000056e-01
8.620000000000000995e+00 -2.215017560488089648e-02 1.074337936780630942e+00 -1.000000000000000056e-01
8.630000000000000782e+00 -2.116911194671572752e-02 1.074247066531108130e+00 -1.000000000000000056e-01
8.640000000000000568e+00 -2.018588582973229045e-02 1.074156533214277287e+00 -1.000000000000000056e-01
8.650000000000000355e+00 -1.920068863994538882e-02 1.074066342866435653e+00 -1.000000000000000056e-01
8.660000000000000142e+00 -1.821371158318773817e-02 1.073976501376715742e+00 -1.000000000000000056e-01
8.669999999999999929e+00 -1.722514565146724547e-02 1.073887014482853841e+00 -1.000000000000000056e-01
8.679999999999999716e+00 -1.623518158912726564e-02 1.073797887768528581e+00 -1.000000000000000056e-01
8.689999999999999503e+00 -1.524400985915614140e-02 1.073709126658371371e+00 -1.000000000000000056e-01
8.700000000000001066e+00 -1.425182060932918965e-02 1.073620736416088572e+00 -1.000000000000000056e-01
8.710000000000000853e+00 -1.325880363934771149e-02 1.073532722139416640e+00 -1.000000000000000056e-01
8.720000000000000639e+00 -1.226514836700479290e-02 1.073445088758829158e+00 -1.000000000000000056e-01
8.730000000000000426e+00 -1.127104379534313652e-02 1.073357841032955617e+00 -1.000000000000000056e-01
8.740000000000000213e+00 -1.027667848018464294e-02 1.073270983546782853e+00 -1.000000000000000056e-01
8.750000000000000000e+00 -9.282240496355250933e-03 1.073184520708591050e+00 -1.000000000000000056e-01
8.759999999999999787e+00 -8.287917406336522269e-03 1.073098456747102247e+00 -1.000000000000000056e-01
8.769999999999999574e+00 -7.293896227088056926e-03 1.073012795709625156e+00 -1.000000000000000056e-01
8.779999999999999361e+00 -6.300363398298430492e-03 1.072927541459529621e+00 -1.000000000000000056e-01
8.790000000000000924e+00 -5.307504750621263277e-03 1.072842697674141865e+00 -1.000000000000000056e-01
8.800000000000000711e+00 -4.315505473602640474e-03 1.072758267842681690e+00 -1.000000000000000056e-01
8.810000000000000497e+00 -3.324550084717111265e-03 1.072674255264997045e+00 -1.000000000000000056e-01
8.820000000000000284e+00 -2.334822397767168448e-03 1.072590663049177273e+00 -1.000000000000000056e-01
8.830000000000000071e+00 -1.346505492329792180e-03 1.072507494110543913e+00 -1.000000000000000056e-01
8.839999999999999858e+00 -3.597816826130809586e-04 1.072424751170698798e+00 -1.000000000000000056e-01
8.849999999999999645e+00 6.251675124801870168e-04 1.072342436754714745e+00 -1.000000000000000056e-01
8.859999999999999432e+00 1.608161400117782969e-03 1.072260553192746935e+00 -1.000000000000000056e-01
8.870000000000000995e+00 2.589020143180937629e-03 1.072179102616641178e+00 -1.000000000000000056e-01
8.880000000000000782e+00 3.567564790196323370e-03 1.072098086960640462e+00 -1.000000000000000056e-01
8.890000000000000568e+00 4.543617304873325165e-03 1.072017507960414617e+00 -1.000000000000000056e-01
8.900000000000000355e+00 5.517000595069022038e-03 1.071937367152929532e+00 -1.000000000000000056e-01
8.910000000000000142e+00 6.487538542658956124e-03 1.071857665875503240e+00 -1.000000000000000056e-01
8.919999999999999929e+00 7.455056031409492030e-03 1.071778405266762046e+00 -1.000000000000000056e-01
8.929999999999999716e+00 8.419378976455100735e-03 1.071699586265457249e+00 -1.000000000000000056e-01
8.939999999999999503e+00 9.380334352014716576e-03 1.071621209612072523e+00 -1.000000000000000056e-01
8.950000000000001066e+00 1.033775022027509649e-02 1.071543275847720356e+00 -1.000000000000000056e-01
8.960000000000000853e+00 1.129145575846964358e-02 1.071465785315801833e+00 -1.000000000000000056e-01
8.970000000000000639e+00 1.224128128743112720e-02 1.071388738161890730e+00 -1.000000000000000056e-01
8.980000000000000426e+00 1.318705829815897471e-02 1.071312134335059341e+00 -1.000000000000000056e-01
8.990000000000000213e+00 1.412861947978931096e-02 1.071235973588283930e+00 -1.000000000000000056e-01
9.000000000000000000e+00 1.506579874592768944e-02 1.071160255479833179e+00 -1.000000000000000056e-01
9.009999999999999787e+00 1.599843126126318515e-02 1.071084979374609780e+00 -1.000000000000000056e-01
9.019999999999999574e+00 1.692635346835908577e-02 1.071010144444755285e+00 -1.000000000000000056e-01
9.029999999999999361e+00 1.784940311311044442e-02 1.070935749672152548e+00 -1.000000000000000056e-01
9.040000000000000924e+00 1.876741927056512632e-02 1.070861793848825405e+00 -1.000000000000000056e-01
9.050000000000000711e+00 1.968024237081684655e-02 1.070788275579911852e+00 -1.000000000000000056e-01
9.060000000000000497e+00 2.058771422302749579e-02 1.070715193284089484e+00 -1.000000000000000056e-01
9.070000000000000284e+00 2.148967804158747469e-02 1.070642545197082240e+00 -1.000000000000000056e-01
9.080000000000000071e+00 2.238597846904650732e-02 1.070570329371999252e+00 -1.000000000000000056e-01
9.089999999999999858e+00 2.327646160135534922e-02 1.070498543683139347e+00 -1.000000000000000056e-01
9.099999999999999645e+00 2.416097501087913560e-02 1.070427185827111272e+00 -1.000000000000000056e-01
9.109999999999999432e+00 2.503936777070381314e-02 1.070356253325858598e+00 -1.000000000000000056e-01
9.120000000000000995e+00 2.591149047642949191e-02 1.070285743528789135e+00 -1.000000000000000056e-01
9.130000000000000782e+00 2.677719527050595461e-02 1.070215653615860463e+00 -1.000000000000000056e-01
9.140000000000000568e+00 2.763633586352138780e-02 1.070145980599684021e+00 -1.000000000000000056e-01
9.150000000000000355e+00 2.848876755724428014e-02 1.070076721328781177e+00 -1.000000000000000056e-01
9.160000000000000142e+00 2.933434726567068357e-02 1.070007872490670309e+00 -1.000000000000000056e-01
9.169999999999999929e+00 3.017293353742052722e-02 1.069939430614156306e+00 -1.000000000000000056e-01
9.179999999999999716e+00 3.100438657639305665e-02 1.069871392073270533e+00 -1.000000000000000056e-01
9.189999999999999503e+00 3.182856826291698832e-02 1.069803753089995535e+00 -1.000000000000000056e-01
9.200000000000001066e+00 3.264534217445159980e-02 1.069736509737854391e+00 -1.000000000000000056e-01
9.210000000000000853e+00 3.345457360573150796e-02 1.069669657944837260e+00 -1.000000000000000056e-01
9.220000000000000639e+00 3.425612958876268072e-02 1.069603193497741911e+00 -1.000000000000000056e-01
9.230000000000000426e+00 3.504987891284797041e-02 1.069537112044861127e+00 -1.000000000000000056e-01
9.240000000000000213e+00 3.583569214296718208e-02 1.069471409099949533e+00 -1.000000000000000056e-01
9.250000000000000000e+00 3.661344164014343483e-02 1.069406080046666707e+00 -1.000000000000000056e-01
9.259999999999999787e+00 3.738300157860013212e-02 1.069341120140949064e+00 -1.000000000000000056e-01
9.269999999999999574e+00 3.814424796517171951e-02 1.069276524516227456e+00 -1.000000000000000056e-01
9.279999999999999361e+00 3.889705865662376749e-02 1.069212288187035176e+00 -1.000000000000000056e-01
9.290000000000000924e+00 3.964131337697086171e-02 1.069148406052323752e+00 -1.000000000000000056e-01
9.300000000000000711e+00 4.037689373559424227e-02 1.069084872900790018e+00 -1.000000000000000056e-01
9.310000000000000497e+00 4.110368324268132145e-02 1.069021683414125956e+00 -1.000000000000000056e-01
9.320000000000000284e+00 4.182156732678081468e-02 1.068958832171285955e+00 -1.000000000000000056e-01
9.330000000000000071e+00 4.253043335006727321e-02 1.068896313653703745e+00 -1.000000000000000056e-01
9.339999999999999858e+00 4.323017062412234240e-02 1.068834122248017549e+00 -1.000000000000000056e-01
9.349999999999999645e+00 4.392067042531406368e-02 1.068772252252399024e+00 -1.000000000000000056e-01
9.359999999999999432e+00 4.460182600946125536e-02 1.068710697878944016e+00 -1.000000000000000056e-01
9.370000000000000995e+00 4.527353262599659312e-02 1.068649453259981730e+00 -1.000000000000000056e-01
9.380000000000000782e+00 4.593568753262374654e-02 1.068588512451221773e+00 -1.000000000000000056e-01
9.390000000000000568e+00 4.658819000813265582e-02 1.068527869437036371e+00 -1.000000000000000056e-01
9.400000000000000355e+00 4.723094136642712326e-02 1.068467518134847305e+00 -1.000000000000000056e-01
9.410000000000000142e+00 4.786384496845761533e-02 1.068407452399640967e+00 -1.000000000000000056e-01
9.419999999999999929e+00 4.848680623560524400e-02 1.068347666028548026e+00 -1.000000000000000056e-01
9.429999999999999716e+00 4.909973266080618071e-02 1.068288152765837662e+00 -1.000000000000000056e-01
9.439999999999999503e+00 4.970253382079489746e-02 1.068228906306922132e+00 -1.000000000000000056e-01
9.450000000000001066e+00 5.029512138698039037e-02 1.068169920303873477e+00 -1.000000000000000056e-01
9.460000000000000853e+00 5.087740913637060075e-02 1.068111188369151865e+00 -1.000000000000000056e-01
9.470000000000000639e+00 5.144931296173868573e-02 1.068052704081219328e+00 -1.000000000000000056e-01
9.480000000000000426e+00 5.201075088192961410e-02 1.067994460988280991e+00 -1.000000000000000056e-01
9.490000000000000213e+00 5.256164305112349944e-02 1.067936452613793552e+00 -1.000000000000000056e-01
9.500000000000000000e+00 5.310191176788136430e-02 1.067878672460718104e+00 -1.000000000000000056e-01
9.509999999999999787e+00 5.363148148415476657e-02 1.067821114015955031e+00 -1.000000000000000056e-01
9.519999999999999574e+00 5.415027881314191105e-02 1.067763770755665753e+00 -1.000000000000000056e-01
9.529999999999999361e+00 5.465823253739026527e-02 1.067706636149132748e+00 -1.000000000000000056e-01
9.540000000000000924e+00 5.515527361588944133e-02 1.067649703663813066e+00 -1.000000000000000056e-01
9.550000000000000711e+00 5.564133519136538197e-02 1.067592966770190666e+00 -1.000000000000000056e-01
9.560000000000000497e+00 5.611635259633332429e-02 1.067536418945254084e+00 -1.000000000000000056e-01
9.570000000000000284e+00 5.658026335956347491e-02 1.067480053678257601e+00 -1.000000000000000056e-01
9.580000000000000071e+00 5.703300721141128099e-02 1.067423864474694506e+00 -1.000000000000000056e-01
9.589999999999999858e+00 5.747452608917604649e-02 1.067367844860444670e+00 -1.000000000000000056e-01
9.599999999999999645e+00 5.790476414183045456e-02 1.067311988386490551e+00 -1.000000000000000056e-01
9.609999999999999432e+00 5.832366773424225992e-02 1.067256288633597228e+00 -1.000000000000000056e-01
9.620000000000000995e+00 5.873118545121934486e-02 1.067200739215971916e+00 -1.000000000000000056e-01
9.630000000000000782e+00 5.912726810101247982e-02 1.067145333785940453e+00 -1.000000000000000056e-01
9.640000000000000568e+00 5.951186871813284041e-02 1.067090066038160812e+00 -1.000000000000000056e-01
9.650000000000000355e+00 5.988494256637973828e-02 1.067034929713471136e+00 -1.000000000000000056e-01
9.660000000000000142e+00 6.024644714067206586e-02 1.066979918603334188e+00 -1.000000000000000056e-01
9.669999999999999929e+00 6.059634216927023420e-02 1.066925026554103262e+00 -1.000000000000000056e-01
9.679999999999999716e+00 6.093458961465478274e-02 1.066870247469604349e+00 -1.000000000000000056e-01
9.689999999999999503e+00 6.126115367532108252e-02 1.066815575317326292e+00 -1.000000000000000056e-01
9.700000000000001066e+00 6.157600078504756047e-02 1.066761004129667345e+00 -1.000000000000000056e-01
9.710000000000000853e+00 6.187909961491593752e-02 1.066706528010107791e+00 -1.000000000000000056e-01
9.720000000000000639e+00 6.217042107090810926e-02 1.066652141134886378e+00 -1.000000000000000056e-01
9.730000000000000426e+00 6.244993829507802102e-02 1.066597837757923051e+00 -1.000000000000000056e-01
9.740000000000000213e+00 6.271762666323284219e-02 1.066543612213651349e+00 -1.000000000000000056e-01
9.750000000000000000e+00 6.297346378412961576e-02 1.066489458920804934e+00 -1.000000000000000056e-01
9.759999999999999787e+00 6.321742949716577242e-02 1.066435372385461822e+00 -1.000000000000000056e-01
9.769999999999999574e+00 6.344950587019082544e-02 1.066381347204848895e+00 -1.000000000000000056e-01
9.779999999999999361e+00 6.366967719664075320e-02 1.066327378069785281e+00 -1.000000000000000056e-01
9.790000000000000924e+00 6.387792999276890871e-02 1.066273459768796172e+00 -1.000000000000000056e-01
9.800000000000000711e+00 6.407425299340084590e-02 1.066219587189938034e+00 -1.000000000000000056e-01
9.810000000000000497e+00 6.425863714867084686e-02 1.066165755325283682e+00 -1.000000000000000056e-01
9.820000000000000284e+00 6.443107561925573434e-02 1.066111959272200371e+00 -1.000000000000000056e-01
9.830000000000000071e+00 6.459156377180619302e-02 1.066058194237492929e+00 -1.000000000000000056e-01
9.839999999999999858e+00 6.474009917368013511e-02 1.066004455539508511e+00 -1.000000000000000056e-01
9.849999999999999645e+00 6.487668158767316562e-02 1.065950738610515369e+00 -1.000000000000000056e-01
9.859999999999999432e+00 6.500131296598633812e-02 1.065897039000110569e+00 -1.000000000000000056e-01
9.870000000000000995e+00 6.511399744382771748e-02 1.065843352376843578e+00 -1.000000000000000056e-01
9.880000000000000782e+00 6.521474133349371149e-02 1.065789674531004261e+00 -1.000000000000000056e-01
9.890000000000000568e+00 6.530355311635137328e-02 1.065736001376887510e+00 -1.000000000000000056e-01
9.900000000000000355e+00 6.538044343669216496e-02 1.065682328954651314e+00 -1.000000000000000056e-01
9.910000000000000142e+00 6.544542509304497602e-02 1.065628653433140727e+00 -1.000000000000000056e-01
9.919999999999999929e+00 6.549851303115353240e-02 1.065574971110640368e+00 -1.000000000000000056e-01
9.929999999999999716e+00 6.553972433477020521e-02 1.065521278418118944e+00 -1.000000000000000056e-01
9.939999999999999503e+00 6.556907821767145317e-02 1.065467571919667344e+00 -1.000000000000000056e-01
9.950000000000001066e+00 6.558659601408710349e-02 1.065413848315441392e+00 -1.000000000000000056e-01
9.960000000000000853e+00 6.559230116999140159e-02 1.065360104442071965e+00 -1.000000000000000056e-01
9.970000000000000639e+00 6.558621923293232736e-02 1.065306337274605220e+00 -1.000000000000000056e-01
9.980000000000000426e+00 6.556837784188221385e-02 1.065252543927970086e+00 -1.000000000000000056e-01
9.990000000000000213e+00 6.553880671775892675e-02 1.065198721658114689e+00 -1.000000000000000056e-01
1.000000000000000000e+01 6.549753765167343200e-02 1.065144867862439115e+00 -1.000000000000000056e-01
1.000999999999999979e+01 6.544460449454564399e-02 1.065090980081862648e+00 -1.000000000000000056e-01
1.001999999999999957e+01 6.538004314561809971e-02 1.065037056000913251e+00 -1.000000000000000056e-01
1.002999999999999936e+01 6.530389154074890679e-02 1.064983093448722329e+00 -1.000000000000000056e-01
1.004000000000000092e+01 6.521618964009684438e-02 1.064929090399831191e+00 -1.000000000000000056e-01
1.005000000000000071e+01 6.511697941633384779e-02 1.064875044974494145e+00 -1.000000000000000056e-01
1.006000000000000050e+01 6.500630484114999774e-02 1.064820955439103489e+00 -1.000000000000000056e-01
1.007000000000000028e+01 6.488421187298329396e-02 1.064766820206821230e+00 -1.000000000000000056e-01
1.008000000000000007e+01 6.475074844295075627e-02 1.064712637837334830e+00 -1.000000000000000056e-01
1.008999999999999986e+01 6.460596444142652217e-02 1.064658407037663679e+00 -1.000000000000000056e-01
1.009999999999999964e+01 6.444991170405058034e-02 1.064604126660881445e+00 -1.000000000000000056e-01
1.010999999999999943e+01 6.428264399732636081e-02 1.064549795707769642e+00 -1.000000000000000056e-01
1.012000000000000099e+01 6.410421700344014206e-02 1.064495413324896500e+00 -1.000000000000000056e-01
1.013000000000000078e+01 6.391468830598383277e-02 1.064440978805428095e+00 -1.000000000000000056e-01
1.014000000000000057e+01 6.371411737431949274e-02 1.064386491588152017e+00 -1.000000000000000056e-01
1.015000000000000036e+01 6.350256554748763549e-02 1.064331951257244446e+00 -1.000000000000000056e-01
1.016000000000000014e+01 6.328009601909607984e-02 1.064277357541371538e+00 -1.000000000000000056e-01
1.016999999999999993e+01 6.304677382062716384e-02 1.064222710312955344e+00 -1.000000000000000056e-01
1.017999999999999972e+01 6.280266580493243378e-02 1.064168009587709074e+00 -1.000000000000000056e-01
1.018999999999999950e+01 6.254784062958350377e-02 1.064113255523219559e+00 -1.000000000000000056e-01
1.020000000000000107e+01 6.228236874000502021e-02 1.064058448418159220e+00 -1.000000000000000056e-01
1.021000000000000085e+01 6.200632235173836326e-02 1.064003588711107229e+00 -1.000000000000000056e-01
1.022000000000000064e+01 6.171977543344064204e-02 1.063948676979106445e+00 -1.000000000000000056e-01
1.023000000000000043e+01 6.142280368856969930e-02 1.063893713936774787e+00 -1.000000000000000056e-01
1.024000000000000021e+01 6.111548453762400551e-02 1.063838700434527329e+00 -1.000000000000000056e-01
1.025000000000000000e+01 6.079789709985245622e-02 1.063783637456750197e+00 -1.000000000000000056e-01
1.025999999999999979e+01 6.047012217466810752e-02 1.063728526120955253e+00 -1.000000000000000056e-01
1.026999999999999957e+01 6.013224222270944358e-02 1.063673367675429082e+00 -1.000000000000000056e-01
1.027999999999999936e+01 5.978434134728694699e-02 1.063618163497610514e+00 -1.000000000000000056e-01
1.029000000000000092e+01 5.942650527459104187e-02 1.063562915092085559e+00 -1.000000000000000056e-01
1.030000000000000071e+01 5.905882133473859541e-02 1.063507624088514625e+00 -1.000000000000000056e-01
1.031000000000000050e+01 5.868137844175885104e-02 1.063452292240232078e+00 -1.000000000000000056e-01
1.032000000000000028e+01 5.829426707397127733e-02 1.063396921420357799e+00 -1.000000000000000056e-01
1.033000000000000007e+01 5.789757925342386286e-02 1.063341513621793188e+00 -1.000000000000000056e-01
1.033999999999999986e+01 5.749140852617096176e-02 1.063286070952558227e+00 -1.000000000000000056e-01
1.034999999999999964e+01 5.707584994131537082e-02 1.063230595635100917e+00 -1.000000000000000056e-01
1.035999999999999943e+01 5.665100002996343448e-02 1.063175090002381307e+00 -1.000000000000000056e-01
1.037000000000000099e+01 5.621695678530234941e-02 1.063119556496247453e+00 -1.000000000000000056e-01
1.038000000000000078e+01 5.577381963990287600e-02 1.063063997663694193e+00 -1.000000000000000056e-01
1.039000000000000057e+01 5.532168944566904362e-02 1.063008416154766822e+00 -1.000000000000000056e-01
1.040000000000000036e+01 5.486066845145745607e-02 1.062952814719174688e+00 -1.000000000000000056e-01
1.041000000000000014e+01 5.439086028140325407e-02 1.062897196203506311e+00 -1.000000000000000056e-01
1.041999999999999993e+01 5.391236991295761394e-02 1.062841563547661794e+00 -1.000000000000000056e-01
1.042999999999999972e+01 5.342530365453839608e-02 1.062785919782348154e+00 -1.000000000000000056e-01
1.043999999999999950e+01 5.292976912317452071e-02 1.062730268025244840e+00 -1.000000000000000056e-01
1.045000000000000107e+01 5.242587522171782144e-02 1.062674611477809394e+00 -1.000000000000000056e-01
1.046000000000000085e+01 5.191373211594327297e-02 1.062618953422179269e+00 -1.000000000000000056e-01
1.047000000000000064e+01 5.139345121151393109e-02 1.062563297217212099e+00 -1.000000000000000056e-01
1.048000000000000043e+01 5.086514513066848348e-02 1.062507646296241504e+00 -1.000000000000000056e-01
1.049000000000000021e+01 5.032892768860871419e-02 1.062452004162003139e+00 -1.000000000000000056e-01
1.050000000000000000e+01 4.978491387002114549e-02 1.062396374384770414e+00 -1.000000000000000056e-01
1.050999999999999979e+01 4.923321980489312605e-02 1.062340760598746270e+00 -1.000000000000000056e-01
1.051999999999999957e+01 4.867396274490336933e-02 1.062285166498211364e+00 -1.000000000000000056e-01
1.052999999999999936e+01 4.810726103860605424e-02 1.062229595835316953e+00 -1.000000000000000056e-01
1.054000000000000092e+01 4.753323410824801531e-02 1.062174052416927639e+00 -1.000000000000000056e-01
1.055000000000000071e+01 4.695200242416440461e-02 1.062118540101619990e+00 -1.000000000000000056e-01
1.056000000000000050e+01 4.636368748133296719e-02 1.062063062797472313e+00 -1.000000000000000056e-01
1.057000000000000028e+01 4.576841177503906261e-02 1.062007624459440969e+00 -1.000000000000000056e-01
1.058000000000000007e+01 4.516629877585671277e-02 1.061952229087139044e+00 -1.000000000000000056e-01
1.058999999999999986e+01 4.455747290636838387e-02 1.061896880722635217e+00 -1.000000000000000056e-01
1.059999999999999964e+01 4.394205951658754217e-02 1.061841583448225323e+00 -1.000000000000000056e-01
1.060999999999999943e+01 4.332018486004293734e-02 1.061786341384393539e+00 -1.000000000000000056e-01
1.062000000000000099e+01 4.269197607010306872e-02 1.061731158687272192e+00 -1.000000000000000056e-01
1.063000000000000078e+01 4.205756113646852423e-02 1.061676039546098460e+00 -1.000000000000000056e-01
1.064000000000000057e+01 4.141706888054837860e-02 1.061620988181229297e+00 -1.000000000000000056e-01
1.065000000000000036e+01 4.077062893304182756e-02 1.061566008839619935e+00 -1.000000000000000056e-01
1.066000000000000014e+01 4.011837170889023807e-02 1.061511105793425891e+00 -1.000000000000000056e-01
1.066999999999999993e+01 3.946042838427713667e-02 1.061456283334323958e+00 -1.000000000000000056e-01
1.067999999999999972e+01 3.879693087161061732e-02 1.061401545771821553e+00 -1.000000000000000056e-01
1.068999999999999950e+01 3.812801179562978066e-02 1.061346897427172475e+00 -1.000000000000000056e-01
1.070000000000000107e+01 3.745380446817586639e-02 1.061292342630397512e+00 -1.000000000000000056e-01
1.071000000000000085e+01 3.677444286348090230e-02 1.061237885715772045e+00 -1.000000000000000056e-01
1.072000000000000064e+01 3.609006159223188126e-02 1.061183531017020343e+00 -1.000000000000000056e-01
1.073000000000000043e+01 3.540079587678339468e-02 1.061129282863411571e+00 -1.000000000000000056e-01
1.074000000000000021e+01 3.470678152431317526e-02 1.061075145575396173e+00 -1.000000000000000056e-01
1.075000000000000000e+01 3.400815490150711079e-02 1.061021123460663462e+00 -1.000000000000000056e-01
1.075999999999999979e+01 3.330505290822591974e-02 1.060967220809349909e+00 -1.000000000000000056e-01
1.076999999999999957e+01 3.259761295139618903e-02 1.060913441891196074e+00 -1.000000000000000056e-01
1.077999999999999936e+01 3.188597291837160647e-02 1.060859790950996029e+00 -1.000000000000000056e-01
1.079000000000000092e+01 3.117027115141129956e-02 1.060806272204973366e+00 -1.000000000000000056e-01
1.080000000000000071e+01 3.045064642120767079e-02 1.060752889837615509e+00 -1.000000000000000056e-01
1.081000000000000050e+01 2.972723790012220951e-02 1.060699647997864314e+00 -1.000000000000000056e-01
1.082000000000000028e+01 2.900018513737730522e-02 1.060646550795986798e+00 -1.000000000000000056e-01
1.083000000000000007e+01 2.826962803164520879e-02 1.060593602300116345e+00 -1.000000000000000056e-01
1.083999999999999986e+01 2.753570680627334677e-02 1.060540806533446734e+00 -1.000000000000000056e-01
1.084999999999999964e+01 2.679856198246364021e-02 1.060488167470692300e+00 -1.000000000000000056e-01
1.085999999999999943e+01 2.605833435374000501e-02 1.060435689035520435e+00 -1.000000000000000056e-01
1.087000000000000099e+01 2.531516496060027752e-02 1.060383375097701864e+00 -1.000000000000000056e-01
1.088000000000000078e+01 2.456919506376352078e-02 1.060331229469312575e+00 -1.000000000000000056e-01
1.089000000000000057e+01 2.382056611961191547e-02 1.060279255903710194e+00 -1.000000000000000056e-01
1.090000000000000036e+01 2.306941975371821357e-02 1.060227458091071329e+00 -1.000000000000000056e-01
1.091000000000000014e+01 2.231589773547496686e-02 1.060175839656898766e+00 -1.000000000000000056e-01
1.091999999999999993e+01 2.156014195310258438e-02 1.060124404158715894e+00 -1.000000000000000056e-01
1.092999999999999972e+01 2.080229438719562174e-02 1.060073155084416685e+00 -1.000000000000000056e-01
1.093999999999999950e+01 2.004249708622262219e-02 1.060022095848976331e+00 -1.000000000000000056e-01
1.095000000000000107e+01 1.928089214058327505e-02 1.059971229792379566e+00 -1.000000000000000056e-01
1.096000000000000085e+01 1.851762165780374697e-02 1.059920560177482596e+00 -1.000000000000000056e-01
1.097000000000000064e+01 1.775282773668285935e-02 1.059870090187873481e+00 -1.000000000000000056e-01
1.098000000000000043e+01 1.698665244283188019e-02 1.059819822924918054e+00 -1.000000000000000056e-01
1.099000000000000021e+01 1.621923778308205499e-02 1.059769761406605282e+00 -1.000000000000000056e-01
1.100000000000000000e+01 1.545072568072923015e-02 1.059719908564998203e+00 -1.000000000000000056e-01
1.100999999999999979e+01 1.468125795037267256e-02 1.059670267244088526e+00 -1.000000000000000056e-01
1.101999999999999957e+01 1.391097627349513303e-02 1.059620840198550074e+00 -1.000000000000000056e-01
1.102999999999999936e+01 1.314002217320269991e-02 1.059571630091355354e+00 -1.000000000000000056e-01
1.104000000000000092e+01 1.236853698974764784e-02 1.059522639491673690e+00 -1.000000000000000056e-01
1.105000000000000071e+01 1.159666185601020139e-02 1.059473870874438672e+00 -1.000000000000000056e-01
1.106000000000000050e+01 1.082453767309855472e-02 1.059425326617509322e+00 -1.000000000000000056e-01
1.107000000000000028e+01 1.005230508527896367e-02 1.059377009000477488e+00 -1.000000000000000056e-01
1.108000000000000007e+01 9.280104456581008202e-03 1.059328920203497448e+00 -1.000000000000000056e-01
1.108999999999999986e+01 8.508075846090716945e-03 1.059281062305648780e+00 -1.000000000000000056e-01
1.109999999999999964e+01 7.736358983565606168e-03 1.059233437283727319e+00 -1.000000000000000056e-01
1.110999999999999943e+01 6.965093246291089411e-03 1.059186047010685749e+00 -1.000000000000000056e-01
1.112000000000000099e+01 6.194417633723366991e-03 1.059138893255001435e+00 -1.000000000000000056e-01
1.113000000000000078e+01 5.424470745658939788e-03 1.059091977679222252e+00 -1.000000000000000056e-01
1.114000000000000057e+01 4.655390756537070539e-03 1.059045301839213193e+00 -1.000000000000000056e-01
1.115000000000000036e+01 3.887315393070017635e-03 1.058998867182941561e+00 -1.000000000000000056e-01
1.116000000000000014e+01 3.120381910491696123e-03 1.058952675049886993e+00 -1.000000000000000056e-01
1.116999999999999993e+01 2.354727069039459948e-03 1.058906726670384213e+00 -1.000000000000000056e-01
1.117999999999999972e+01 1.590487110745833748e-03 1.058861023164461290e+00 -1.000000000000000056e-01
1.118999999999999950e+01 8.277977364455251300e-04 1.058815565542011061e+00 -1.000000000000000056e-01
1.120000000000000107e+01 6.679408236329718342e-05 1.058770354701351835e+00 -1.000000000000000056e-01
1.121000000000000085e+01 -6.923893020425785170e-04 1.058725391430022755e+00 -1.000000000000000056e-01
1.122000000000000064e+01 -1.449618477784088942e-03 1.058680676402837806e+00 -1.000000000000000056e-01
1.123000000000000043e+01 -2.204760138106201875e-03 1.058636210183355075e+00 -1.000000000000000056e-01
1.124000000000000021e+01 -2.957681631729297111e-03 1.058591993222375738e+00 -1.000000000000000056e-01
1.125000000000000000e+01 -3.708250984587855431e-03 1.058548025858601305e+00 -1.000000000000000056e-01
1.125999999999999979e+01 -4.456336922913528564e-03 1.058504308318129583e+00 -1.000000000000000056e-01
1.126999999999999957e+01 -5.201808894063515536e-03 1.058460840715203410e+00 -1.000000000000000056e-01
1.127999999999999936e+01 -5.944537089947748640e-03 1.058417623051421952e+00 -1.000000000000000056e-01
1.129000000000000092e+01 -6.684392467864059932e-03 1.058374655216729687e+00 -1.000000000000000056e-01
1.130000000000000071e+01 -7.421246772369638998e-03 1.058331936989796107e+00 -1.000000000000000056e-01
1.131000000000000050e+01 -8.154972557000692013e-03 1.058289468037435732e+00 -1.000000000000000056e-01
1.132000000000000028e+01 -8.885443205698386956e-03 1.058247247916294320e+00 -1.000000000000000056e-01
1.133000000000000007e+01 -9.612532953515207784e-03 1.058205276072782919e+00 -1.000000000000000056e-01
1.133999999999999986e+01 -1.033611690821571207e-02 1.058163551843515959e+00 -1.000000000000000056e-01
1.134999999999999964e+01 -1.105607107108549578e-02 1.058122074456708361e+00 -1.000000000000000056e-01
1.135999999999999943e+01 -1.177227235704704326e-02 1.058080843032034535e+00 -1.000000000000000056e-01
1.137000000000000099e+01 -1.248459861599758927e-02 1.058039856582595695e+00 -1.000000000000000056e-01
1.138000000000000078e+01 -1.319292865271932264e-02 1.057999114014808395e+00 -1.000000000000000056e-01
1.139000000000000057e+01 -1.389714224686396452e-02 1.057958614130169561e+00 -1.000000000000000056e-01
1.140000000000000036e+01 -1.459712017334430234e-02 1.057918355625703688e+00 -1.000000000000000056e-01
1.141000000000000014e+01 -1.529274422174717665e-02 1.057878337095994103e+00 -1.000000000000000056e-01
1.141999999999999993e+01 -1.598389721587176876e-02 1.057838557033343729e+00 -1.000000000000000056e-01
1.142999999999999972e+01 -1.667046303321199907e-02 1.057799013830014179e+00 -1.000000000000000056e-01
1.143999999999999950e+01 -1.735232662392350092e-02 1.057759705778891446e+00 -1.000000000000000056e-01
1.145000000000000107e+01 -1.802937402967859370e-02 1.057720631075683260e+00 -1.000000000000000056e-01
1.146000000000000085e+01 -1.870149240229471502e-02 1.057681787819334751e+00 -1.000000000000000056e-01
1.147000000000000064e+01 -1.936857002183525744e-02 1.057643174014805787e+00 -1.000000000000000056e-01
1.148000000000000043e+01 -2.003049631537419037e-02 1.057604787573960259e+00 -1.000000000000000056e-01
1.149000000000000021e+01 -2.068716187381385366e-02 1.057566626317191671e+00 -1.000000000000000056e-01
1.150000000000000000e+01 -2.133845847051107567e-02 1.057528687976024839e+00 -1.000000000000000056e-01
1.150999999999999979e+01 -2.198427907762775038e-02 1.057490970193551538e+00 -1.000000000000000056e-01
1.151999999999999957e+01 -2.262451788381574999e-02 1.057453470527904393e+00 -1.000000000000000056e-01
1.152999999999999936e+01 -2.325907031056569790e-02 1.057416186452862839e+00 -1.000000000000000056e-01
1.154000000000000092e+01 -2.388783302855911408e-02 1.057379115360598698e+00 -1.000000000000000056e-01
1.155000000000000071e+01 -2.451070397423051744e-02 1.057342254563510053e+00 -1.000000000000000056e-01
1.156000000000000050e+01 -2.512758236502056486e-02 1.057305601296159914e+00 -1.000000000000000056e-01
1.157000000000000028e+01 -2.573836871513989974e-02 1.057269152717868366e+00 -1.000000000000000056e-01
1.158000000000000007e+01 -2.634296485114143160e-02 1.057232905914251342e+00 -1.000000000000000056e-01
1.158999999999999986e+01 -2.694127392611236210e-02 1.057196857900163378e+00 -1.000000000000000056e-01
1.159999999999999964e+01 -2.753320043474939346e-02 1.057161005621392258e+00 -1.000000000000000056e-01
1.160999999999999943e+01 -2.811865022773597095e-02 1.057125345957405926e+00 -1.000000000000000056e-01
1.162000000000000099e+01 -2.869753052507409072e-02 1.057089875723522310e+00 -1.000000000000000056e-01
1.163000000000000078e+01 -2.926974993061634209e-02 1.057054591673297850e+00 -1.000000000000000056e-01
1.164000000000000057e+01 -2.983521844495694297e-02 1.057019490501064141e+00 -1.000000000000000056e-01
1.165000000000000036e+01 -3.039384747817044582e-02 1.056984568844356653e+00 -1.000000000000000056e-01
1.166000000000000014e+01 -3.094554986327421181e-02 1.056949823286394974e+00 -1.000000000000000056e-01
1.166999999999999993e+01 -3.149023986831934324e-02 1.056915250358682057e+00 -1.000000000000000056e-01
1.167999999999999972e+01 -3.202783320801932954e-02 1.056880846543492458e+00 -1.000000000000000056e-01
1.168999999999999950e+01 -3.255824705661691798e-02 1.056846608276699184e+00 -1.000000000000000056e-01
1.170000000000000107e+01 -3.308140005852850535e-02 1.056812531949820055e+00 -1.000000000000000056e-01
1.171000000000000085e+01 -3.359721233980536570e-02 1.056778613913204712e+00 -1.000000000000000056e-01
1.172000000000000064e+01 -3.410560551925108375e-02 1.056744850478867903e+00 -1.000000000000000056e-01
1.173000000000000043e+01 -3.460650271871597988e-02 1.056711237922071556e+00 -1.000000000000000056e-01
1.174000000000000021e+01 -3.509982857367049264e-02 1.056677772485535405e+00 -1.000000000000000056e-01
1.175000000000000000e+01 -3.558550924302027185e-02 1.056644450380600952e+00 -1.000000000000000056e-01
1.175999999999999979e+01 -3.606347241899040407e-02 1.056611267791310871e+00 -1.000000000000000056e-01
1.176999999999999957e+01 -3.653364733618536669e-02 1.056578220876040364e+00 -1.000000000000000056e-01
1.177999999999999936e+01 -3.699596478143103023e-02 1.056545305771284804e+00 -1.000000000000000056e-01
1.179000000000000092e+01 -3.745035710169636323e-02 1.056512518592805039e+00 -1.000000000000000056e-01
1.180000000000000071e+01 -3.789675821323572336e-02 1.056479855440686677e+00 -1.000000000000000056e-01
1.181000000000000050e+01 -3.833510360984251214e-02 1.056447312399508620e+00 -1.000000000000000056e-01
1.182000000000000028e+01 -3.876533037039180118e-02 1.056414885543331073e+00 -1.000000000000000056e-01
1.183000000000000007e+01 -3.918737716677771210e-02 1.056382570936627907e+00 -1.000000000000000056e-01
1.183999999999999986e+01 -3.960118427159649984e-02 1.056350364638636741e+00 -1.000000000000000056e-01
1.184999999999999964e+01 -4.000669356436024893e-02 1.056318262704449618e+00 -1.000000000000000056e-01
1.185999999999999943e+01 -4.040384853932112857e-02 1.056286261189310904e+00 -1.000000000000000056e-01
1.187000000000000099e+01 -4.079259431138081843e-02 1.056254356150040596e+00 -1.000000000000000056e-01
1.188000000000000078e+01 -4.117287762229809855e-02 1.056222543648631440e+00 -1.000000000000000056e-01
1.189000000000000057e+01 -4.154464684725065610e-02 1.056190819754413424e+00 -1.000000000000000056e-01
1.190000000000000036e+01 -4.190785199955490703e-02 1.056159180546873522e+00 -1.000000000000000056e-01
1.191000000000000014e+01 -4.226244473697926551e-02 1.056127622118390619e+00 -1.000000000000000056e-01
1.191999999999999993e+01 -4.260837836633551284e-02 1.056096140576820774e+00 -1.000000000000000056e-01
1.192999999999999972e+01 -4.294560784819511506e-02 1.056064732047889088e+00 -1.000000000000000056e-01
1.193999999999999950e+01 -4.327408980201418592e-02 1.056033392678445981e+00 -1.000000000000000056e-01
1.195000000000000107e+01 -4.359378250958199225e-02 1.056002118637851428e+00 -1.000000000000000056e-01
1.196000000000000085e+01 -4.390464591989047538e-02 1.055970906122011499e+00 -1.000000000000000056e-01
1.197000000000000064e+01 -4.420664165169590348e-02 1.055939751354392442e+00 -1.000000000000000056e-01
1.198000000000000043e+01 -4.449973299817554240e-02 1.055908650589878262e+00 -1.000000000000000056e-01
1.199000000000000021e+01 -4.478388492894131573e-02 1.055877600115881609e+00 -1.000000000000000056e-01
1.200000000000000000e+01 -4.505906409337090412e-02 1.055846596256040604e+00 -1.000000000000000056e-01
1.200999999999999979e+01 -4.532523882327703368e-02 1.055815635371547767e+00 -1.000000000000000056e-01
1.201999999999999957e+01 -4.558237913458696583e-02 1.055784713864229341e+00 -1.000000000000000056e-01
1.203000000000000114e+01 -4.583045672980799040e-02 1.055753828178458420e+00 -1.000000000000000056e-01
1.204000000000000092e+01 -4.606944499933550430e-02 1.055722974803475989e+00 -1.000000000000000056e-01
1.205000000000000071e+01 -4.629931902305266245e-02 1.055692150275545194e+00 -1.000000000000000056e-01
1.206000000000000050e+01 -4.652005557104995498e-02 1.055661351180880336e+00 -1.000000000000000056e-01
1.207000000000000028e+01 -4.673163310503025691e-02 1.055630574156197321e+00 -1.000000000000000056e-01
1.208000000000000007e+01 -4.693403177775144763e-02 1.055599815892572568e+00 -1.000000000000000056e-01
1.208999999999999986e+01 -4.712723343442162816e-02 1.055569073136302549e+00 -1.000000000000000056e-01
1.209999999999999964e+01 -4.731122161151238292e-02 1.055538342691340947e+00 -1.000000000000000056e-01
1.210999999999999943e+01 -4.748598153721004383e-02 1.055507621421239772e+00 -1.000000000000000056e-01
1.212000000000000099e+01 -4.765150012990727185e-02 1.055476906250965463e+00 -1.000000000000000056e-01
1.213000000000000078e+01 -4.780776599812695121e-02 1.055446194168679908e+00 -1.000000000000000056e-01
1.214000000000000057e+01 -4.795476943835418060e-02 1.055415482227872737e+00 -1.000000000000000056e-01
1.215000000000000036e+01 -4.809250243421861470e-02 1.055384767548366742e+00 -1.000000000000000056e-01
1.216000000000000014e+01 -4.822095865411105825e-02 1.055354047319056798e+00 -1.000000000000000056e-01
1.216999999999999993e+01 -4.834013344935367273e-02 1.055323318798542687e+00 -1.000000000000000056e-01
1.217999999999999972e+01 -4.845002385166383152e-02 1.055292579317001822e+00 -1.000000000000000056e-01
1.218999999999999950e+01 -4.855062857040866320e-02 1.055261826278322657e+00 -1.000000000000000056e-01
1.220000000000000107e+01 -4.864194798994297270e-02 1.055231057160426422e+00 -1.000000000000000056e-01
1.221000000000000085e+01 -4.872398416570168644e-02 1.055200269517588829e+00 -1.000000000000000056e-01
1.222000000000000064e+01 -4.879674082128968027e-02 1.055169460981240981e+00 -1.000000000000000056e-01
1.223000000000000043e+01 -4.886022334451894933e-02 1.055138629261579419e+00 -1.000000000000000056e-01
1.224000000000000021e+01 -4.891443878259417455e-02 1.055107772148229817e+00 -1.000000000000000056e-01
1.225000000000000000e+01 -4.895939583911676496e-02 1.055076887512560235e+00 -1.000000000000000056e-01
1.225999999999999979e+01 -4.899510486795294328e-02 1.055045973306664830e+00 -1.000000000000000056e-01
1.226999999999999957e+01 -4.902157786913513560e-02 1.055015027567059116e+00 -1.000000000000000056e-01
1.228000000000000114e+01 -4.903882848354267077e-02 1.054984048413037945e+00 -1.000000000000000056e-01
1.229000000000000092e+01 -4.904687198722659791e-02 1.054953034049509242e+00 -1.000000000000000056e-01
1.230000000000000071e+01 -4.904572528557743505e-02 1.054921982766654498e+00 -1.000000000000000056e-01
1.231000000000000050e+01 -4.903540690743531799e-02 1.054890892941356295e+00 -1.000000000000000056e-01
1.232000000000000028e+01 -4.901593699903832729e-02 1.054859763036991138e+00 -1.000000000000000056e-01
1.233000000000000007e+01 -4.898733731635004224e-02 1.054828591605498911e+00 -1.000000000000000056e-01
1.233999999999999986e+01 -4.894963121982204290e-02 1.054797377286513127e+00 -1.000000000000000056e-01
1.234999999999999964e+01 -4.890284366552155593e-02 1.054766118808299957e+00 -1.000000000000000056e-01
1.235999999999999943e+01 -4.884700119914136413e-02 1.054734814988966818e+00 -1.000000000000000056e-01
1.237000000000000099e+01 -4.878213194726656321e-02 1.054703464735322616e+00 -1.000000000000000056e-01
1.238000000000000078e+01 -4.870826561011590283e-02 1.054672067044593042e+00 -1.000000000000000056e-01
1.239000000000000057e+01 -4.862543345289094959e-02 1.054640621003719581e+00 -1.000000000000000056e-01
1.240000000000000036e+01 -4.853366829747388089e-02 1.054609125790241908e+00 -1.000000000000000056e-01
1.241000000000000014e+01 -4.843300451370242260e-02 1.054577580671131720e+00 -1.000000000000000056e-01
1.241999999999999993e+01 -4.832347801003215176e-02 1.054545985004961661e+00 -1.000000000000000056e-01
1.242999999999999972e+01 -4.820512622490094601e-02 1.054514338239202598e+00 -1.000000000000000056e-01
1.243999999999999950e+01 -4.807798811654474813e-02 1.054482639912630138e+00 -1.000000000000000056e-01
1.245000000000000107e+01 -4.794210415358614308e-02 1.054450889653378409e+00 -1.000000000000000056e-01
1.246000000000000085e+01 -4.779751630477090812e-02 1.054419087179437664e+00 -1.000000000000000056e-01
1.247000000000000064e+01 -4.764426802917940545e-02 1.054387232298763521e+00 -1.000000000000000056e-01
1.248000000000000043e+01 -4.748240426493242905e-02 1.054355324907713110e+00 -1.000000000000000056e-01
1.249000000000000021e+01 -4.731197141902004216e-02 1.054323364991938794e+00 -1.000000000000000056e-01
1.250000000000000000e+01 -4.713301735621839433e-02 1.054291352625263745e+00 -1.000000000000000056e-01
1.250999999999999979e+01 -4.694559138762358780e-02 1.054259287968989822e+00 -1.000000000000000056e-01
1.251999999999999957e+01 -4.674974425924471183e-02 1.054227171271620467e+00 -1.000000000000000056e-01
1.253000000000000114e+01 -4.654552814032001523e-02 1.054195002868432152e+00 -1.000000000000000056e-01
1.254000000000000092e+01 -4.633299661170812295e-02 1.054162783179950269e+00 -1.000000000000000056e-01
1.255000000000000071e+01 -4.611220465268926066e-02 1.054130512712401657e+00 -1.000000000000000056e-01
1.256000000000000050e+01 -4.588320863013444634e-02 1.054098192055326288e+00 -1.000000000000000056e-01
1.257000000000000028e+01 -4.564606628411192052e-02 1.054065821882391951e+00 -1.000000000000000056e-01
1.258000000000000007e+01 -4.540083671666192422e-02 1.054033402949376308e+00 -1.000000000000000056e-01
1.258999999999999986e+01 -4.514758037756463199e-02 1.054000936093118845e+00 -1.000000000000000056e-01
1.259999999999999964e+01 -4.488635905155200639e-02 1.053968422231668978e+00 -1.000000000000000056e-01
1.260999999999999943e+01 -4.461723584476783716e-02 1.053935862361615738e+00 -1.000000000000000056e-01
1.262000000000000099e+01 -4.434027517108227179e-02 1.053903257558435502e+00 -1.000000000000000056e-01
1.263000000000000078e+01 -4.405554273789540759e-02 1.053870608974274425e+00 -1.000000000000000056e-01
1.264000000000000057e+01 -4.376310553229567635e-02 1.053837917837471272e+00 -1.000000000000000056e-01
1.265000000000000036e+01 -4.346303180658252913e-02 1.053805185450864323e+00 -1.000000000000000056e-01
1.266000000000000014e+01 -4.315539106371243244e-02 1.053772413191046864e+00 -1.000000000000000056e-01
1.266999999999999993e+01 -4.284025404239753809e-02 1.053739602506157613e+00 -1.000000000000000056e-01
1.267999999999999972e+01 -4.251769270246844035e-02 1.053706754915994637e+00 -1.000000000000000056e-01
1.268999999999999950e+01 -4.218778020932145711e-02 1.053673872009076140e+00 -1.000000000000000056e-01
1.270000000000000107e+01 -4.185059091866084185e-02 1.053640955442621596e+00 -1.000000000000000056e-01
1.271000000000000085e+01 -4.150620036120812595e-02 1.053608006939932507e+00 -1.000000000000000056e-01
1.272000000000000064e+01 -4.115468522627478004e-02 1.053575028290602456e+00 -1.000000000000000056e-01
1.273000000000000043e+01 -4.079612334649470456e-02 1.053542021347006141e+00 -1.000000000000000056e-01
1.274000000000000021e+01 -4.043059368100423295e-02 1.053508988024846049e+00 -1.000000000000000056e-01
1.275000000000000000e+01 -4.005817629954556980e-02 1.053475930300262986e+00 -1.000000000000000056e-01
1.275999999999999979e+01 -3.967895236554124655e-02 1.053442850209290294e+00 -1.000000000000000056e-01
1.276999999999999957e+01 -3.929300411936124254e-02 1.053409749845589660e+00 -1.000000000000000056e-01
1.278000000000000114e+01 -3.890041486143706179e-02 1.053376631359633553e+00 -1.000000000000000056e-01
1.279000000000000092e+01 -3.850126893488289154e-02 1.053343496956553160e+00 -1.000000000000000056e-01
1.280000000000000071e+01 -3.809565170829920522e-02 1.053310348894667792e+00 -1.000000000000000056e-01
1.281000000000000050e+01 -3.768364955791136256e-02 1.053277189484427945e+00 -1.000000000000000056e-01
1.282000000000000028e+01 -3.726534984995874544e-02 1.053244021085341764e+00 -1.000000000000000056e-01
1.283000000000000007e+01 -3.684084092262848026e-02 1.053210846105719245e+00 -1.000000000000000056e-01
1.283999999999999986e+01 -3.641021206804478938e-02 1.053177666999194795e+00 -1.000000000000000056e-01
1.284999999999999964e+01 -3.597355351358882958e-02 1.053144486264076196e+00 -1.000000000000000056e-01
1.285999999999999943e+01 -3.553095640393041238e-02 1.053111306439717287e+00 -1.000000000000000056e-01
1.287000000000000099e+01 -3.508251278219663011e-02 1.053078130105426169e+00 -1.000000000000000056e-01
1.288000000000000078e+01 -3.462831557135186838e-02 1.053044959876420217e+00 -1.000000000000000056e-01
1.289000000000000057e+01 -3.416845855533276466e-02 1.053011798402676780e+00 -1.000000000000000056e-01
1.290000000000000036e+01 -3.370303636105358852e-02 1.052978648364415903e+00 -1.000000000000000056e-01
1.291000000000000014e+01 -3.323214443867475443e-02 1.052945512469857459e+00 -1.000000000000000056e-01
1.291999999999999993e+01 -3.275587904384335419e-02 1.052912393451792106e+00 -1.000000000000000056e-01
1.292999999999999972e+01 -3.227433721863063459e-02 1.052879294064068105e+00 -1.000000000000000056e-01
1.293999999999999950e+01 -3.178761677347542725e-02 1.052846217077926472e+00 -1.000000000000000056e-01
1.295000000000000107e+01 -3.129581626823465385e-02 1.052813165279670837e+00 -1.000000000000000056e-01
1.296000000000000085e+01 -3.079903499441503240e-02 1.052780141465948116e+00 -1.000000000000000056e-01
1.297000000000000064e+01 -3.029737295645382189e-02 1.052747148442148006e+00 -1.000000000000000056e-01
1.298000000000000043e+01 -2.979093085368848468e-02 1.052714189018423951e+00 -1.000000000000000056e-01
1.299000000000000021e+01 -2.927981006150896792e-02 1.052681266007813088e+00 -1.000000000000000056e-01
1.300000000000000000e+01 -2.876411261336082881e-02 1.052648382223822843e+00 -1.000000000000000056e-01
1.300999999999999979e+01 -2.824394118131289336e-02 1.052615540477933376e+00 -1.000000000000000056e-01
1.301999999999999957e+01 -2.771939905766190870e-02 1.052582743578701852e+00 -1.000000000000000056e-01
1.303000000000000114e+01 -2.719059013507226646e-02 1.052549994328808802e+00 -1.000000000000000056e-01
1.304000000000000092e+01 -2.665761888750641656e-02 1.052517295525573937e+00 -1.000000000000000056e-01
1.305000000000000071e+01 -2.612059034985835665e-02 1.052484649957309726e+00 -1.000000000000000056e-01
1.306000000000000050e+01 -2.557961009842806693e-02 1.052452060403540557e+00 -1.000000000000000056e-01
1.307000000000000028e+01 -2.503478423007927597e-02 1.052419529633558559e+00 -1.000000000000000056e-01
1.308000000000000007e+01 -2.448621934219471705e-02 1.052387060404196051e+00 -1.000000000000000056e-01
1.308999999999999986e+01 -2.393402251161761210e-02 1.052354655459456723e+00 -1.000000000000000056e-01
1.309999999999999964e+01 -2.337830127443916994e-02 1.052322317528531226e+00 -1.000000000000000056e-01
1.310999999999999943e+01 -2.281916360489569945e-02 1.052290049324332344e+00 -1.000000000000000056e-01
1.312000000000000099e+01 -2.225671789431027392e-02 1.052257853541930022e+00 -1.000000000000000056e-01
1.313000000000000078e+01 -2.169107293138019046e-02 1.052225732857172247e+00 -1.000000000000000056e-01
1.314000000000000057e+01 -2.112233787982795499e-02 1.052193689924652009e+00 -1.000000000000000056e-01
1.315000000000000036e+01 -2.055062225880601931e-02 1.052161727376160316e+00 -1.000000000000000056e-01
1.316000000000000014e+01 -1.997603592157453506e-02 1.052129847818888742e+00 -1.000000000000000056e-01
1.316999999999999993e+01 -1.939868903515528167e-02 1.052098053833622204e+00 -1.000000000000000056e-01
1.317999999999999972e+01 -1.881869205888456881e-02 1.052066347972840488e+00 -1.000000000000000056e-01
1.318999999999999950e+01 -1.823615572469026655e-02 1.052034732759295155e+00 -1.000000000000000056e-01
1.320000000000000107e+01 -1.765119101550313360e-02 1.052003210683145618e+00 -1.000000000000000056e-01
1.321000000000000085e+01 -1.706390914551620883e-02 1.051971784201890525e+00 -1.000000000000000056e-01
1.322000000000000064e+01 -1.647442153856083433e-02 1.051940455736417812e+00 -1.000000000000000056e-01
1.323000000000000043e+01 -1.588283980837134485e-02 1.051909227671064206e+00 -1.000000000000000056e-01
1.324000000000000021e+01 -1.528927573763380447e-02 1.051878102350668920e+00 -1.000000000000000056e-01
1.325000000000000000e+01 -1.469384125744428553e-02 1.051847082079439666e+00 -1.000000000000000056e-01
1.325999999999999979e+01 -1.409664842664624940e-02 1.051816169118570565e+00 -1.000000000000000056e-01
1.326999999999999957e+01 -1.349780941164633631e-02 1.051785365685793172e+00 -1.000000000000000056e-01
1.328000000000000114e+01 -1.289743646573848941e-02 1.051754673951799779e+00 -1.000000000000000056e-01
1.329000000000000092e+01 -1.229564190874164915e-02 1.051724096040698608e+00 -1.000000000000000056e-01
1.330000000000000071e+01 -1.169253810617080537e-02 1.051693634027136781e+00 -1.000000000000000056e-01
1.331000000000000050e+01 -1.108823744957951329e-02 1.051663289934661849e+00 -1.000000000000000056e-01
1.332000000000000028e+01 -1.048285233563549072e-02 1.051633065735442241e+00 -1.000000000000000056e-01
1.333000000000000007e+01 -9.876495145805573236e-03 1.051602963347560094e+00 -1.000000000000000056e-01
1.333999999999999986e+01 -9.269278226572421134e-03 1.051572984634242536e+00 -1.000000000000000056e-01
1.334999999999999964e+01 -8.661313868520870152e-03 1.051543131402525866e+00 -1.000000000000000056e-01
1.335999999999999943e+01 -8.052714286789313530e-03 1.051513405401705459e+00 -1.000000000000000056e-01
1.337000000000000099e+01 -7.443591600341201500e-03 1.051483808322453584e+00 -1.000000000000000056e-01
1.338000000000000078e+01 -6.834057812524783719e-03 1.051454341795255987e+00 -1.000000000000000056e-01
1.339000000000000057e+01 -6.224224790267767447e-03 1.051425007389496624e+00 -1.000000000000000056e-01
1.340000000000000036e+01 -5.614204245024775886e-03 1.051395806612742678e+00 -1.000000000000000056e-01
1.341000000000000014e+01 -5.004107711969918611e-03 1.051366740908774799e+00 -1.000000000000000056e-01
1.341999999999999993e+01 -4.394046530749843790e-03 1.051337811657718557e+00 -1.000000000000000056e-01
1.342999999999999972e+01 -3.784131825617408681e-03 1.051309020174497455e+00 -1.000000000000000056e-01
1.343999999999999950e+01 -3.174474485633326567e-03 1.051280367707837282e+00 -1.000000000000000056e-01
1.345000000000000107e+01 -2.565185144791743040e-03 1.051251855440259231e+00 -1.000000000000000056e-01
1.346000000000000085e+01 -1.956374163323670434e-03 1.051223484486508486e+00 -1.000000000000000056e-01
1.347000000000000064e+01 -1.348151607163413854e-03 1.051195255893178082e+00 -1.000000000000000056e-01
1.348000000000000043e+01 -7.406272295614670532e-04 1.051167170638251713e+00 -1.000000000000000056e-01
1.349000000000000021e+01 -1.339104508866848376e-04 1.051139229630162042e+00 -1.000000000000000056e-01
1.350000000000000000e+01 4.718896593123598831e-04 1.051111433707537568e+00 -1.000000000000000056e-01
1.350999999999999979e+01 1.076664403042483899e-03 1.051083783638524283e+00 -1.000000000000000056e-01
1.351999999999999957e+01 1.680305471106274644e-03 1.051056280120554964e+00 -1.000000000000000056e-01
1.353000000000000114e+01 2.282704963122626340e-03 1.051028923779563806e+00 -1.000000000000000056e-01
1.354000000000000092e+01 2.883755406175505555e-03 1.051001715170443385e+00 -1.000000000000000056e-01
1.355000000000000071e+01 3.483349772400566851e-03 1.050974654775497230e+00 -1.000000000000000056e-01
1.356000000000000050e+01 4.081381499225560441e-03 1.050947743005896440e+00 -1.000000000000000056e-01
1.357000000000000028e+01 4.677744506124079452e-03 1.050920980199510524e+00 -1.000000000000000056e-01
1.358000000000000007e+01 5.272333214110802579e-03 1.050894366623026377e+00 -1.000000000000000056e-01
1.358999999999999986e+01 5.865042562918814859e-03 1.050867902469509785e+00 -1.000000000000000056e-01
1.359999999999999964e+01 6.455768029885917275e-03 1.050841587860599224e+00 -1.000000000000000056e-01
1.360999999999999943e+01 7.044405647167018870e-03 1.050815422845031266e+00 -1.000000000000000056e-01
1.362000000000000099e+01 7.630852019902542756e-03 1.050789407398980746e+00 -1.000000000000000056e-01
1.363000000000000078e+01 8.215004343496316169e-03 1.050763541427224057e+00 -1.000000000000000056e-01
1.364000000000000057e+01 8.796760421452486448e-03 1.050737824761859951e+00 -1.000000000000000056e-01
1.365000000000000036e+01 9.376018682431166984e-03 1.050712257163513907e+00 -1.000000000000000056e-01
1.366000000000000014e+01 9.952678197282282049e-03 1.050686838321693406e+00 -1.000000000000000056e-01
1.366999999999999993e+01 1.052663869665514465e-02 1.050661567854107803e+00 -1.000000000000000056e-01
1.367999999999999972e+01 1.109780058709253052e-02 1.050636445308795519e+00 -1.000000000000000056e-01
1.368999999999999950e+01 1.166606496840915698e-02 1.050611470162785110e+00 -1.000000000000000056e-01
1.370000000000000107e+01 1.223133364983978663e-02 1.050586641823787248e+00 -1.000000000000000056e-01
1.371000000000000085e+01 1.279350916637917931e-02 1.050561959630635700e+00 -1.000000000000000056e-01
1.372000000000000064e+01 1.335249479542080855e-02 1.050537422852757086e+00 -1.000000000000000056e-01
1.373000000000000043e+01 1.390819457234464783e-02 1.050513030693118077e+00 -1.000000000000000056e-01
1.374000000000000021e+01 1.446051330650356508e-02 1.050488782286178591e+00 -1.000000000000000056e-01
1.375000000000000000e+01 1.500935659714405790e-02 1.050464676700786582e+00 -1.000000000000000056e-01
1.375999999999999979e+01 1.555463084866176571e-02 1.050440712940245991e+00 -1.000000000000000056e-01
1.376999999999999957e+01 1.609624328574039975e-02 1.050416889942325849e+00 -1.000000000000000056e-01
1.378000000000000114e+01 1.663410196934905078e-02 1.050393206582188155e+00 -1.000000000000000056e-01
1.379000000000000092e+01 1.716811581039677514e-02 1.050369661670690125e+00 -1.000000000000000056e-01
1.380000000000000071e+01 1.769819458557056469e-02 1.050346253958091669e+00 -1.000000000000000056e-01
1.381000000000000050e+01 1.822424895153523100e-02 1.050322982132446903e+00 -1.000000000000000056e-01
1.382000000000000028e+01 1.874619045881556478e-02 1.050299844823106010e+00 -1.000000000000000056e-01
1.383000000000000007e+01 1.926393156698035306e-02 1.050276840599882577e+00 -1.000000000000000056e-01
1.383999999999999986e+01 1.977738565742620871e-02 1.050253967975179670e+00 -1.000000000000000056e-01
1.384999999999999964e+01 2.028646704803503675e-02 1.050231225405170887e+00 -1.000000000000000056e-01
1.385999999999999943e+01 2.079109100618407868e-02 1.050208611290816219e+00 -1.000000000000000056e-01
1.387000000000000099e+01 2.129117376212997376e-02 1.050186123978420039e+00 -1.000000000000000056e-01
1.388000000000000078e+01 2.178663252251105895e-02 1.050163761762935355e+00 -1.000000000000000056e-01
1.389000000000000057e+01 2.227738548233827373e-02 1.050141522886662182e+00 -1.000000000000000056e-01
1.390000000000000036e+01 2.276335183879347676e-02 1.050119405542781825e+00 -1.000000000000000056e-01
1.391000000000000014e+01 2.324445180256057633e-02 1.050097407875629107e+00 -1.000000000000000056e-01
1.391999999999999993e+01 2.372060661089361866e-02 1.050075527982333723e+00 -1.000000000000000056e-01
1.392999999999999972e+01 2.419173853901011167e-02 1.050053763914456484e+00 -1.000000000000000056e-01
1.393999999999999950e+01 2.465777091198408100e-02 1.050032113679314927e+00 -1.000000000000000056e-01
1.395000000000000107e+01 2.511862811655711514e-02 1.050010575241498989e+00 -1.000000000000000056e-01
1.396000000000000085e+01 2.557423561189512903e-02 1.049989146524451522e+00 -1.000000000000000056e-01
1.397000000000000064e+01 2.602451994113183162e-02 1.049967825412212008e+00 -1.000000000000000056e-01
1.398000000000000043e+01 2.646940874173610292e-02 1.049946609750426640e+00 -1.000000000000000056e-01
1.399000000000000021e+01 2.690883075626732818e-02 1.049925497348979331e+00 -1.000000000000000056e-01
1.400000000000000000e+01 2.734271584296552038e-02 1.049904485982154023e+00 -1.000000000000000056e-01
1.400999999999999979e+01 2.777099498542164036e-02 1.049883573391992453e+00 -1.000000000000000056e-01
1.401999999999999957e+01 2.819360030246797696e-02 1.049862757288620330e+00 -1.000000000000000056e-01
1.403000000000000114e+01 2.861046505819460004e-02 1.049842035352465786e+00 -1.000000000000000056e-01
1.404000000000000092e+01 2.902152367104701702e-02 1.049821405236027072e+00 -1.000000000000000056e-01
1.405000000000000071e+01 2.942671172277269709e-02 1.049800864565530567e+00 -1.000000000000000056e-01
1.406000000000000050e+01 2.982596596784505005e-02 1.049780410942267483e+00 -1.000000000000000056e-01
1.407000000000000028e+01 3.021922434176336353e-02 1.049760041945459133e+00 -1.000000000000000056e-01
1.408000000000000007e+01 3.060642596960757786e-02 1.049739755132173213e+00 -1.000000000000000056e-01
1.408999999999999986e+01 3.098751117431804841e-02 1.049719548041122996e+00 -1.000000000000000056e-01
1.409999999999999964e+01 3.136242148468761787e-02 1.049699418192728384e+00 -1.000000000000000056e-01
1.410999999999999943e+01 3.173109964310567160e-02 1.049679363092338891e+00 -1.000000000000000056e-01
1.412000000000000099e+01 3.209348961310332093e-02 1.049659380230715700e+00 -1.000000000000000056e-01
1.413000000000000078e+01 3.244953658684850833e-02 1.049639467086525224e+00 -1.000000000000000056e-01
1.414000000000000057e+01 3.279918699196865406e-02 1.049619621128562663e+00 -1.000000000000000056e-01
1.415000000000000036e+01 3.314238849900488088e-02 1.049599839816083291e+00 -1.000000000000000056e-01
1.416000000000000014e+01 3.347909002724915734e-02 1.049580120602420452e+00 -1.000000000000000056e-01
1.416999999999999993e+01 3.380924175238776697e-02 1.049560460935187622e+00 -1.000000000000000056e-01
1.417999999999999972e+01 3.413279511173143016e-02 1.049540858259031983e+00 -1.000000000000000056e-01
1.418999999999999950e+01 3.444970281105921850e-02 1.049521310017343279e+00 -1.000000000000000056e-01
1.420000000000000107e+01 3.475991882994909632e-02 1.049501813653215043e+00 -1.000000000000000056e-01
1.421000000000000085e+01 3.506339842808008783e-02 1.049482366612486173e+00 -1.000000000000000056e-01
1.422000000000000064e+01 3.536009815022975872e-02 1.049462966344368198e+00 -1.000000000000000056e-01
1.423000000000000043e+01 3.564997583171370527e-02 1.049443610303824936e+00 -1.000000000000000056e-01
1.424000000000000021e+01 3.593299060369369025e-02 1.049424295953481856e+00 -1.000000000000000056e-01
1.425000000000000000e+01 3.620910289781437835e-02 1.049405020764124785e+00 -1.000000000000000056e-01
1.425999999999999979e+01 3.647827445128106610e-02 1.049385782218557495e+00 -1.000000000000000056e-01
1.426999999999999957e+01 3.674046831060659435e-02 1.049366577811096546e+00 -1.000000000000000056e-01
1.428000000000000114e+01 3.699564883728783532e-02 1.049347405050879312e+00 -1.000000000000000056e-01
1.429000000000000092e+01 3.724378171035774843e-02 1.049328261462393774e+00 -1.000000000000000056e-01
1.430000000000000071e+01 3.748483393143348108e-02 1.049309144588156384e+00 -1.000000000000000056e-01
1.431000000000000050e+01 3.771877382802277939e-02 1.049290051989352435e+00 -1.000000000000000056e-01
1.432000000000000028e+01 3.794557105686827830e-02 1.049270981248494383e+00 -1.000000000000000056e-01
1.433000000000000007e+01 3.816519660780796214e-02 1.049251929969879704e+00 -1.000000000000000056e-01
1.433999999999999986e+01 3.837762280564377404e-02 1.049232895782116204e+00 -1.000000000000000056e-01
1.434999999999999964e+01 3.858282331475090116e-02 1.049213876339177620e+00 -1.000000000000000056e-01
1.435999999999999943e+01 3.878077313994125752e-02 1.049194869322072288e+00 -1.000000000000000056e-01
1.437000000000000099e+01 3.897144862996495401e-02 1.049175872440042845e+00 -1.000000000000000056e-01
1.438000000000000078e+01 3.915482747916241429e-02 1.049156883432629694e+00 -1.000000000000000056e-01
1.439000000000000057e+01 3.933088872951165382e-02 1.049137900070656881e+00 -1.000000000000000056e-01
1.440000000000000036e+01 3.949961277228492690e-02 1.049118920157384727e+00 -1.000000000000000056e-01
1.441000000000000014e+01 3.966098134925633012e-02 1.049099941530665214e+00 -1.000000000000000056e-01
1.441999999999999993e+01 3.981497755434393326e-02 1.049080962063620115e+00 -1.000000000000000056e-01
1.442999999999999972e+01 3.996158583365903849e-02 1.049061979666243261e+00 -1.000000000000000056e-01
1.443999999999999950e+01 4.010079198692042407e-02 1.049042992286546960e+00 -1.000000000000000056e-01
1.445000000000000107e+01 4.023258316778264426e-02 1.049023997912109429e+00 -1.000000000000000056e-01
1.446000000000000085e+01 4.035694788293798380e-02 1.049004994570734040e+00 -1.000000000000000056e-01
1.447000000000000064e+01 4.047387599339695441e-02 1.048985980332407086e+00 -1.000000000000000056e-01
1.448000000000000043e+01 4.058335871305934067e-02 1.048966953309719896e+00 -1.000000000000000056e-01
1.449000000000000021e+01 4.068538860797942663e-02 1.048947911659659615e+00 -1.000000000000000056e-01
1.450000000000000000e+01 4.077995959649570457e-02 1.048928853584090382e+00 -1.000000000000000056e-01
1.450999999999999979e+01 4.086706694614684193e-02 1.048909777331479054e+00 -1.000000000000000056e-01
1.451999999999999957e+01 4.094670727398701943e-02 1.048890681197254926e+00 -1.000000000000000056e-01
1.453000000000000114e+01 4.101887854371183417e-02 1.048871563525508588e+00 -1.000000000000000056e-01
1.454000000000000092e+01 4.108358006374664140e-02 1.048852422709376508e+00 -1.000000000000000056e-01
1.455000000000000071e+01 4.114081248541488073e-02 1.048833257192455903e+00 -1.000000000000000056e-01
1.456000000000000050e+01 4.119057779954311133e-02 1.048814065468998802e+00 -1.000000000000000056e-01
1.457000000000000028e+01 4.123287933445955039e-02 1.048794846086131605e+00 -1.000000000000000056e-01
1.458000000000000007e+01 4.126772175227286232e-02 1.048775597642797930e+00 -1.000000000000000056e-01
1.458999999999999986e+01 4.129511104559285828e-02 1.048756318792327002e+00 -1.000000000000000056e-01
1.459999999999999964e+01 4.131505453421636248e-02 1.048737008241925839e+00 -1.000000000000000056e-01
1.460999999999999943e+01 4.132756086089495878e-02 1.048717664754269308e+00 -1.000000000000000056e-01
1.462000000000000099e+01 4.133263998721312810e-02 1.048698287147038499e+00 -1.000000000000000056e-01
1.463000000000000078e+01 4.133030318949385690e-02 1.048678874295431607e+00 -1.000000000000000056e-01
1.464000000000000057e+01 4.132056305385980316e-02 1.048659425130040512e+00 -1.000000000000000056e-01
1.465000000000000036e+01 4.130343347159409761e-02 1.048639938640314018e+00 -1.000000000000000056e-01
1.466000000000000014e+01 4.127892963379642399e-02 1.048620413872629831e+00 -1.000000000000000056e-01
1.466999999999999993e+01 4.124706802637953529e-02 1.048600849932193935e+00 -1.000000000000000056e-01
1.467999999999999972e+01 4.120786642449168757e-02 1.048581245982847410e+00 -1.000000000000000056e-01
1.468999999999999950e+01 4.116134388624755752e-02 1.048561601247478103e+00 -1.000000000000000056e-01
1.470000000000000107e+01 4.110752074774564474e-02 1.048541915008473602e+00 -1.000000000000000056e-01
1.471000000000000085e+01 4.104641861584523710e-02 1.048522186607973916e+00 -1.000000000000000056e-01
1.472000000000000064e+01 4.097806036264401569e-02 1.048502415447602143e+00 -1.000000000000000056e-01
1.473000000000000043e+01 4.090247011842333691e-02 1.048482600989724123e+00 -1.000000000000000056e-01
1.474000000000000021e+01 4.081967326501032001e-02 1.048462742756135713e+00 -1.000000000000000056e-01
1.475000000000000000e+01 4.072969642915729577e-02 1.048442840329463666e+00 -1.000000000000000056e-01
1.475999999999999979e+01 4.063256747483769832e-02 1.048422893352450647e+00 -1.000000000000000056e-01
1.476999999999999957e+01 4.052831549642901821e-02 1.048402901528074027e+00 -1.000000000000000056e-01
1.478000000000000114e+01 4.041697081117676810e-02 1.048382864619584520e+00 -1.000000000000000056e-01
1.479000000000000092e+01 4.029856495132381339e-02 1.048362782450656727e+00 -1.000000000000000056e-01
1.480000000000000071e+01 4.017313065665655686e-02 1.048342654904227400e+00 -1.000000000000000056e-01
1.481000000000000050e+01 4.004070186620118516e-02 1.048322481924238270e+00 -1.000000000000000056e-01
1.482000000000000028e+01 3.990131371020380624e-02 1.048302263512926880e+00 -1.000000000000000056e-01
1.483000000000000007e+01 3.975500250235826372e-02 1.048281999732897818e+00 -1.000000000000000056e-01
1.483999999999999986e+01 3.960180573017388350e-02 1.048261690705186489e+00 -1.000000000000000056e-01
1.484999999999999964e+01 3.944176204783283318e-02 1.048241336609576413e+00 -1.000000000000000056e-01
1.485999999999999943e+01 3.927491126629784057e-02 1.048220937684365861e+00 -1.000000000000000056e-01
1.487000000000000099e+01 3.910129434507122331e-02 1.048200494225143498e+00 -1.000000000000000056e-01
1.488000000000000078e+01 3.892095338287544781e-02 1.048180006585227364e+00 -1.000000000000000056e-01
1.489000000000000057e+01 3.873393160864505719e-02 1.048159475174741617e+00 -1.000000000000000056e-01
1.490000000000000036e+01 3.854027337181256674e-02 1.048138900459486766e+00 -1.000000000000000056e-01
1.491000000000000014e+01 3.834002413360962369e-02 1.048118282961531866e+00 -1.000000000000000056e-01
1.491999999999999993e+01 3.813323045636084208e-02 1.048097623257249200e+00 -1.000000000000000056e-01
1.492999999999999972e+01 3.791993999471272164e-02 1.048076921977622700e+00 -1.000000000000000056e-01
1.493999999999999950e+01 3.770020148510294655e-02 1.048056179807102639e+00 -1.000000000000000056e-01
1.495000000000000107e+01 3.747406473602610949e-02 1.048035397482304454e+00 -1.000000000000000056e-01
1.496000000000000085e+01 3.724158061744047704e-02 1.048014575792507674e+00 -1.000000000000000056e-01
1.497000000000000064e+01 3.700280105104706424e-02 1.047993715577197005e+00 -1.000000000000000056e-01
1.498000000000000043e+01 3.675777899910399188e-02 1.047972817726359196e+00 -1.000000000000000056e-01
1.499000000000000021e+01 3.650656845419004981e-02 1.047951883178819710e+00 -1.000000000000000056e-01
1.500000000000000000e+01 3.624922442856797627e-02 1.047930912921926971e+00 -1.000000000000000056e-01
1.500999999999999979e+01 3.598580294251470246e-02 1.047909907989161837e+00 -1.000000000000000056e-01
1.501999999999999957e+01 3.571636101426241272e-02 1.047888869461036876e+00 -1.000000000000000056e-01
1.503000000000000114e+01 3.544095664776338722e-02 1.047867798462115640e+00 -1.000000000000000056e-01
1.504000000000000092e+01 3.515964882215603243e-02 1.047846696160746660e+00 -1.000000000000000056e-01
1.505000000000000071e+01 3.487249747948221318e-02 1.047825563767996071e+00 -1.000000000000000056e-01
1.506000000000000050e+01 3.457956351356714086e-02 1.047804402535712054e+00 -1.000000000000000056e-01
1.507000000000000028e+01 3.428090875772478452e-02 1.047783213755755449e+00 -1.000000000000000056e-01
1.508000000000000007e+01 3.397659597315611651e-02 1.047761998758636626e+00 -1.000000000000000056e-01
1.508999999999999986e+01 3.366668883633466142e-02 1.047740758911810399e+00 -1.000000000000000056e-01
1.509999999999999964e+01 3.335125192692457718e-02 1.047719495618678165e+00 -1.000000000000000056e-01
1.510999999999999943e+01 3.303035071524679234e-02 1.047698210317194567e+00 -1.000000000000000056e-01
1.512000000000000099e+01 3.270405154942136045e-02 1.047676904477778281e+00 -1.000000000000000056e-01
1.513000000000000078e+01 3.237242164298414354e-02 1.047655579603018694e+00 -1.000000000000000056e-01
1.514000000000000057e+01 3.203552906101452685e-02 1.047634237225307130e+00 -1.000000000000000056e-01
1.515000000000000036e+01 3.169344270797431334e-02 1.047612878905693101e+00 -1.000000000000000056e-01
1.516000000000000014e+01 3.134623231356543915e-02 1.047591506233360947e+00 -1.000000000000000056e-01
1.516999999999999993e+01 3.099396841977813608e-02 1.047570120822411077e+00 -1.000000000000000056e-01
1.517999999999999972e+01 3.063672236688792447e-02 1.047548724313337898e+00 -1.000000000000000056e-01
1.518999999999999950e+01 3.027456628016821430e-02 1.047527318369011029e+00 -1.000000000000000056e-01
1.520000000000000107e+01 2.990757305541223016e-02 1.047505904676111932e+00 -1.000000000000000056e-01
1.521000000000000085e+01 2.953581634563167552e-02 1.047484484942156291e+00 -1.000000000000000056e-01
1.522000000000000064e+01 2.915937054682835733e-02 1.047463060896237641e+00 -1.000000000000000056e-01
1.523000000000000043e+01 2.877831078384438315e-02 1.047441634287068712e+00 -1.000000000000000056e-01
1.524000000000000021e+01 2.839271289643886462e-02 1.047420206882792915e+00 -1.000000000000000056e-01
1.525000000000000000e+01 2.800265342539732735e-02 1.047398780470474078e+00 -1.000000000000000056e-01
1.525999999999999979e+01 2.760820959811257497e-02 1.047377356854884978e+00 -1.000000000000000056e-01
1.526999999999999957e+01 2.720945931511463065e-02 1.047355937858140074e+00 -1.000000000000000056e-01
1.528000000000000114e+01 2.680648113547943676e-02 1.047334525319213228e+00 -1.000000000000000056e-01
1.529000000000000092e+01 2.639935426347403760e-02 1.047313121092590116e+00 -1.000000000000000056e-01
1.530000000000000071e+01 2.598815853366097384e-02 1.047291727047133358e+00 -1.000000000000000056e-01
1.531000000000000050e+01 2.557297439773094719e-02 1.047270345066187325e+00 -1.000000000000000056e-01
1.532000000000000028e+01 2.515388290938104857e-02 1.047248977044292761e+00 -1.000000000000000056e-01
1.533000000000000007e+01 2.473096571052517748e-02 1.047227624887360653e+00 -1.000000000000000056e-01
1.533999999999999986e+01 2.430430501616272221e-02 1.047206290510365179e+00 -1.000000000000000056e-01
1.534999999999999964e+01 2.387398360011899062e-02 1.047184975835145249e+00 -1.000000000000000056e-01
1.535999999999999943e+01 2.344008477925032738e-02 1.047163682789795658e+00 -1.000000000000000056e-01
1.537000000000000099e+01 2.300269239852961722e-02 1.047142413304838593e+00 -1.000000000000000056e-01
1.538000000000000078e+01 2.256189081564944493e-02 1.047121169313461664e+00 -1.000000000000000056e-01
1.539000000000000057e+01 2.211776488453735812e-02 1.047099952747572171e+00 -1.000000000000000056e-01
1.540000000000000036e+01 2.167039994007963905e-02 1.047078765536977762e+00 -1.000000000000000056e-01
1.541000000000000014e+01 2.121988178129019520e-02 1.047057609607433770e+00 -1.000000000000000056e-01
1.541999999999999993e+01 2.076629665546997697e-02 1.047036486877910066e+00 -1.000000000000000056e-01
1.542999999999999972e+01 2.030973124161445861e-02 1.047015399260045720e+00 -1.000000000000000056e-01
1.543999999999999950e+01 1.985027263357417443e-02 1.046994348655291729e+00 -1.000000000000000056e-01
1.545000000000000107e+01 1.938800832409563399e-02 1.046973336953944234e+00 -1.000000000000000056e-01
1.546000000000000085e+01 1.892302618744667181e-02 1.046952366033200299e+00 -1.000000000000000056e-01
1.547000000000000064e+01 1.845541446328886545e-02 1.046931437755476590e+00 -1.000000000000000056e-01
1.548000000000000043e+01 1.798526173969663272e-02 1.046910553967745017e+00 -1.000000000000000056e-01
1.549000000000000021e+01 1.751265693609815183e-02 1.046889716498405010e+00 -1.000000000000000056e-01
1.550000000000000000e+01 1.703768928755747952e-02 1.046868927158182139e+00 -1.000000000000000056e-01
1.550999999999999979e+01 1.656044832642007344e-02 1.046848187736378444e+00 -1.000000000000000056e-01
1.551999999999999957e+01 1.608102386681481769e-02 1.046827500001636047e+00 -1.000000000000000056e-01
1.553000000000000114e+01 1.559950598711754705e-02 1.046806865699123845e+00 -1.000000000000000056e-01
1.554000000000000092e+01 1.511598501343065087e-02 1.046786286550212886e+00 -1.000000000000000056e-01
1.555000000000000071e+01 1.463055150228956096e-02 1.046765764251157194e+00 -1.000000000000000056e-01
1.556000000000000050e+01 1.414329622419659496e-02 1.046745300471406237e+00 -1.000000000000000056e-01
1.557000000000000028e+01 1.365431014642391055e-02 1.046724896853306497e+00 -1.000000000000000056e-01
1.558000000000000007e+01 1.316368441611015863e-02 1.046704555010161242e+00 -1.000000000000000056e-01
1.558999999999999986e+01 1.267151034340598982e-02 1.046684276525952084e+00 -1.000000000000000056e-01
1.559999999999999964e+01 1.217787938432693048e-02 1.046664062953523100e+00 -1.000000000000000056e-01
1.561000000000000121e+01 1.168288312382120483e-02 1.046643915814445380e+00 -1.000000000000000056e-01
1.562000000000000099e+01 1.118661325895403506e-02 1.046623836596878965e+00 -1.000000000000000056e-01
1.563000000000000078e+01 1.068916158131527801e-02 1.046603826756018263e+00 -1.000000000000000056e-01
1.564000000000000057e+01 1.019061996096509888e-02 1.046583887712046801e+00 -1.000000000000000056e-01
1.565000000000000036e+01 9.691080328222294316e-03 1.046564020849440446e+00 -1.000000000000000056e-01
1.566000000000000014e+01 9.190634657802435395e-03 1.046544227516788883e+00 -1.000000000000000056e-01
1.566999999999999993e+01 8.689374950833463757e-03 1.046524509024857608e+00 -1.000000000000000056e-01
1.567999999999999972e+01 8.187393218425367478e-03 1.046504866646756682e+00 -1.000000000000000056e-01
1.568999999999999950e+01 7.684781464667033053e-03 1.046485301616480568e+00 -1.000000000000000056e-01
1.570000000000000107e+01 7.181631669034335697e-03 1.046465815128557297e+00 -1.000000000000000056e-01
1.571000000000000085e+01 6.678035770458654909e-03 1.046446408336666023e+00 -1.000000000000000056e-01
1.572000000000000064e+01 6.174085649218227084e-03 1.046427082354231874e+00 -1.000000000000000056e-01
1.573000000000000043e+01 5.669873111074199071e-03 1.046407838251972588e+00 -1.000000000000000056e-01
1.574000000000000021e+01 5.165489869519525497e-03 1.046388677058690098e+00 -1.000000000000000056e-01
1.575000000000000000e+01 4.661027529843425957e-03 1.046369599760090807e+00 -1.000000000000000056e-01
1.575999999999999979e+01 4.156577571259720792e-03 1.046350607298066393e+00 -1.000000000000000056e-01
1.576999999999999957e+01 3.652231331184430281e-03 1.046331700570356515e+00 -1.000000000000000056e-01
1.578000000000000114e+01 3.148079987721005054e-03 1.046312880429852932e+00 -1.000000000000000056e-01
1.579000000000000092e+01 2.644214543805787927e-03 1.046294147684658560e+00 -1.000000000000000056e-01
1.580000000000000071e+01 2.140725809458602150e-03 1.046275503096174120e+00 -1.000000000000000056e-01
1.581000000000000050e+01 1.637704386716676936e-03 1.046256947380770796e+00 -1.000000000000000056e-01
1.582000000000000028e+01 1.135240651801250377e-03 1.046238481207538262e+00 -1.000000000000000056e-01
1.583000000000000007e+01 6.334247395743304327e-04 1.046220105198695904e+00 -1.000000000000000056e-01
1.583999999999999986e+01 1.323465269322944928e-04 1.046201819929702070e+00 -1.000000000000000056e-01
1.584999999999999964e+01 -3.679043836088016317e-04 1.046183625927624927e+00 -1.000000000000000056e-01
1.586000000000000121e+01 -8.672386797210354182e-04 1.046165523672477837e+00 -1.000000000000000056e-01
1.587000000000000099e+01 -1.365567355739972675e-03 1.046147513595740985e+00 -1.000000000000000056e-01
1.588000000000000078e+01 -1.862801728381352929e-03 1.046129596080745738e+00 -1.000000000000000056e-01
1.589000000000000057e+01 -2.358853452859686981e-03 1.046111771462522100e+00 -1.000000000000000056e-01
1.590000000000000036e+01 -2.853634538567577112e-03 1.046094040027076844e+00 -1.000000000000000056e-01
1.591000000000000014e+01 -3.347057364961908421e-03 1.046076402012525719e+00 -1.000000000000000056e-01
1.591999999999999993e+01 -3.839034697011933263e-03 1.046058857607405024e+00 -1.000000000000000056e-01
1.592999999999999972e+01 -4.329479700796269766e-03 1.046041406952360253e+00 -1.000000000000000056e-01
1.593999999999999950e+01 -4.818305959198165497e-03 1.046024050138279371e+00 -1.000000000000000056e-01
1.595000000000000107e+01 -5.305427486574035116e-03 1.046006787208522359e+00 -1.000000000000000056e-01
1.596000000000000085e+01 -5.790758744792411788e-03 1.045989618156776269e+00 -1.000000000000000056e-01
1.597000000000000064e+01 -6.274214657550529831e-03 1.045972542929090032e+00 -1.000000000000000056e-01
1.598000000000000043e+01 -6.755710626036415256e-03 1.045955561422334146e+00 -1.000000000000000056e-01
1.599000000000000021e+01 -7.235162543139947791e-03 1.045938673486060955e+00 -1.000000000000000056e-01
1.600000000000000000e+01 -7.712486808767638098e-03 1.045921878921221460e+00 -1.000000000000000056e-01
1.601000000000000156e+01 -8.187600344018145307e-03 1.045905177481321502e+00 -1.000000000000000056e-01
1.601999999999999957e+01 -8.660420606161555249e-03 1.045888568872447300e+00 -1.000000000000000056e-01
1.603000000000000114e+01 -9.130865602128905925e-03 1.045872052753669346e+00 -1.000000000000000056e-01
1.603999999999999915e+01 -9.598853904143455490e-03 1.045855628737097698e+00 -1.000000000000000056e-01
1.605000000000000071e+01 -1.006430466210805029e-02 1.045839296388663131e+00 -1.000000000000000056e-01
1.605999999999999872e+01 -1.052713761908745035e-02 1.045823055228281451e+00 -1.000000000000000056e-01
1.607000000000000028e+01 -1.098727312428640635e-02 1.045806904730510745e+00 -1.000000000000000056e-01
1.608000000000000185e+01 -1.144463214676815638e-02 1.045790844324548052e+00 -1.000000000000000056e-01
1.608999999999999986e+01 -1.189913628946205094e-02 1.045774873395681759e+00 -1.000000000000000056e-01
1.610000000000000142e+01 -1.235070780203234748e-02 1.045758991284570616e+00 -1.000000000000000056e-01
1.610999999999999943e+01 -1.279926959442062410e-02 1.045743197289047854e+00 -1.000000000000000056e-01
1.612000000000000099e+01 -1.324474524975199387e-02 1.045727490663833192e+00 -1.000000000000000056e-01
1.612999999999999901e+01 -1.368705903772731401e-02 1.045711870621614414e+00 -1.000000000000000056e-01
1.614000000000000057e+01 -1.412613592643549749e-02 1.045696336333783449e+00 -1.000000000000000056e-01
1.614999999999999858e+01 -1.456190159633864722e-02 1.045680886930290487e+00 -1.000000000000000056e-01
1.616000000000000014e+01 -1.499428245133800804e-02 1.045665521502055162e+00 -1.000000000000000056e-01
1.617000000000000171e+01 -1.542320563234143502e-02 1.045650239099584988e+00 -1.000000000000000056e-01
1.617999999999999972e+01 -1.584859902825273836e-02 1.045635038735410971e+00 -1.000000000000000056e-01
1.619000000000000128e+01 -1.627039128905163543e-02 1.045619919384292329e+00 -1.000000000000000056e-01
1.619999999999999929e+01 -1.668851183670600619e-02 1.045604879983699220e+00 -1.000000000000000056e-01
1.621000000000000085e+01 -1.710289087728466065e-02 1.045589919435276016e+00 -1.000000000000000056e-01
1.621999999999999886e+01 -1.751345941233082779e-02 1.045575036605258079e+00 -1.000000000000000056e-01
1.623000000000000043e+01 -1.792014925046504434e-02 1.045560230325574880e+00 -1.000000000000000056e-01
1.624000000000000199e+01 -1.832289301746276369e-02 1.045545499394680888e+00 -1.000000000000000056e-01
1.625000000000000000e+01 -1.872162416896370682e-02 1.045530842578415998e+00 -1.000000000000000056e-01
1.626000000000000156e+01 -1.911627699958913865e-02 1.045516258611175253e+00 -1.000000000000000056e-01
1.626999999999999957e+01 -1.950678665444772336e-02 1.045501746196659587e+00 -1.000000000000000056e-01
1.628000000000000114e+01 -1.989308913936679857e-02 1.045487304008827056e+00 -1.000000000000000056e-01
1.628999999999999915e+01 -2.027512133136705544e-02 1.045472930693392311e+00 -1.000000000000000056e-01
1.630000000000000071e+01 -2.065282098801791977e-02 1.045458624867986464e+00 -1.000000000000000056e-01
1.630999999999999872e+01 -2.102612675858548177e-02 1.045444385123955433e+00 -1.000000000000000056e-01
1.632000000000000028e+01 -2.139497819239375223e-02 1.045430210027152196e+00 -1.000000000000000056e-01
1.633000000000000185e+01 -2.175931574944367508e-02 1.045416098118943982e+00 -1.000000000000000056e-01
1.633999999999999986e+01 -2.211908080919886693e-02 1.045402047917122212e+00 -1.000000000000000056e-01
1.635000000000000142e+01 -2.247421567993571415e-02 1.045388057917716607e+00 -1.000000000000000056e-01
1.635999999999999943e+01 -2.282466360784581733e-02 1.045374126595025821e+00 -1.000000000000000056e-01
1.637000000000000099e+01 -2.317036878569665725e-02 1.045360252403944035e+00 -1.000000000000000056e-01
1.637999999999999901e+01 -2.351127636168104038e-02 1.045346433779676509e+00 -1.000000000000000056e-01
1.639000000000000057e+01 -2.384733244746866862e-02 1.045332669140526916e+00 -1.000000000000000056e-01
1.639999999999999858e+01 -2.417848412719311377e-02 1.045318956887500983e+00 -1.000000000000000056e-01
1.641000000000000014e+01 -2.450467946452872248e-02 1.045305295406541379e+00 -1.000000000000000056e-01
1.642000000000000171e+01 -2.482586751182748463e-02 1.045291683069134780e+00 -1.000000000000000056e-01
1.642999999999999972e+01 -2.514199831647262462e-02 1.045278118233744280e+00 -1.000000000000000056e-01
1.644000000000000128e+01 -2.545302292972461897e-02 1.045264599246777726e+00 -1.000000000000000056e-01
1.644999999999999929e+01 -2.575889341278102956e-02 1.045251124443985269e+00 -1.000000000000000056e-01
1.646000000000000085e+01 -2.605956284496825995e-02 1.045237692151438136e+00 -1.000000000000000056e-01
1.646999999999999886e+01 -2.635498533007185618e-02 1.045224300687047414e+00 -1.000000000000000056e-01
1.648000000000000043e+01 -2.664511600292182938e-02 1.045210948361200431e+00 -1.000000000000000056e-01
1.649000000000000199e+01 -2.692991103681691145e-02 1.045197633478637700e+00 -1.000000000000000056e-01
1.650000000000000000e+01 -2.720932764841221818e-02 1.045184354338920096e+00 -1.000000000000000056e-01
1.651000000000000156e+01 -2.748332410531878836e-02 1.045171109238365759e+00 -1.000000000000000056e-01
1.651999999999999957e+01 -2.775185973103810877e-02 1.045157896470709558e+00 -1.000000000000000056e-01
1.653000000000000114e+01 -2.801489491074296567e-02 1.045144714328267721e+00 -1.000000000000000056e-01
1.653999999999999915e+01 -2.827239109728733185e-02 1.045131561103779250e+00 -1.000000000000000056e-01
1.655000000000000071e+01 -2.852431081586647918e-02 1.045118435090632403e+00 -1.000000000000000056e-01
1.655999999999999872e+01 -2.877061766921677408e-02 1.045105334584973900e+00 -1.000000000000000056e-01
1.657000000000000028e+01 -2.901127634277626474e-02 1.045092257886024889e+00 -1.000000000000000056e-01
1.658000000000000185e+01 -2.924625260866258944e-02 1.045079203297995862e+00 -1.000000000000000056e-01
1.658999999999999986e+01 -2.947551333051602607e-02 1.045066169130826506e+00 -1.000000000000000056e-01
1.660000000000000142e+01 -2.969902646724892001e-02 1.045053153701448689e+00 -1.000000000000000056e-01
1.660999999999999943e+01 -2.991676107752347727e-02 1.045040155334945986e+00 -1.000000000000000056e-01
1.662000000000000099e+01 -3.012868732254750728e-02 1.045027172365516677e+00 -1.000000000000000056e-01
1.662999999999999901e+01 -3.033477647022094284e-02 1.045014203137947240e+00 -1.000000000000000056e-01
1.664000000000000057e+01 -3.053500089799792913e-02 1.045001246008519624e+00 -1.000000000000000056e-01
1.664999999999999858e+01 -3.072933409592885565e-02 1.044988299345932292e+00 -1.000000000000000056e-01
1.666000000000000014e+01 -3.091775066927905311e-02 1.044975361532936464e+00 -1.000000000000000056e-01
1.667000000000000171e+01 -3.110022634096910529e-02 1.044962430966650313e+00 -1.000000000000000056e-01
1.667999999999999972e+01 -3.127673795412859448e-02 1.044949506060351530e+00 -1.000000000000000056e-01
1.669000000000000128e+01 -3.144726347348666268e-02 1.044936585244258920e+00 -1.000000000000000056e-01
1.669999999999999929e+01 -3.161178198774423215e-02 1.044923666966274478e+00 -1.000000000000000056e-01
1.671000000000000085e+01 -3.177027371052951188e-02 1.044910749693350738e+00 -1.000000000000000056e-01
1.671999999999999886e+01 -3.192271998210383793e-02 1.044897831912740882e+00 -1.000000000000000056e-01
1.673000000000000043e+01 -3.206910327011189971e-02 1.044884912132101773e+00 -1.000000000000000056e-01
1.674000000000000199e+01 -3.220940717029839584e-02 1.044871988881512781e+00 -1.000000000000000056e-01
1.675000000000000000e+01 -3.234361640759077228e-02 1.044859060713580146e+00 -1.000000000000000056e-01
1.676000000000000156e+01 -3.247171683552821375e-02 1.044846126204987069e+00 -1.000000000000000056e-01
1.676999999999999957e+01 -3.259369543706620159e-02 1.044833183957019740e+00 -1.000000000000000056e-01
1.678000000000000114e+01 -3.270954032432677600e-02 1.044820232596555654e+00 -1.000000000000000056e-01
1.678999999999999915e+01 -3.281924073765574851e-02 1.044807270776934915e+00 -1.000000000000000056e-01
1.680000000000000071e+01 -3.292278704576713511e-02 1.044794297179079567e+00 -1.000000000000000056e-01
1.680999999999999872e+01 -3.302017074433642035e-02 1.044781310511802230e+00 -1.000000000000000056e-01
1.682000000000000028e+01 -3.311138445526911472e-02 1.044768309512847049e+00 -1.000000000000000056e-01
1.683000000000000185e+01 -3.319642192526516683e-02 1.044755292950085401e+00 -1.000000000000000056e-01
1.683999999999999986e+01 -3.327527802419794761e-02 1.044742259621327385e+00 -1.000000000000000056e-01
1.685000000000000142e+01 -3.334794874373718521e-02 1.044729208356169448e+00 -1.000000000000000056e-01
1.685999999999999943e+01 -3.341443119513327203e-02 1.044716138015573170e+00 -1.000000000000000056e-01
1.687000000000000099e+01 -3.347472360714711520e-02 1.044703047493668047e+00 -1.000000000000000056e-01
1.687999999999999901e+01 -3.352882532379995728e-02 1.044689935717410201e+00 -1.000000000000000056e-01
1.689000000000000057e+01 -3.357673680170136093e-02 1.044676801647746345e+00 -1.000000000000000056e-01
1.689999999999999858e+01 -3.361845960730170529e-02 1.044663644280278136e+00 -1.000000000000000056e-01
1.691000000000000014e+01 -3.365399641422496535e-02 1.044650462645226652e+00 -1.000000000000000056e-01
1.692000000000000171e+01 -3.368335099974038849e-02 1.044637255808977372e+00 -1.000000000000000056e-01
1.692999999999999972e+01 -3.370652824153880234e-02 1.044624022873475999e+00 -1.000000000000000056e-01
1.694000000000000128e+01 -3.372353411462508666e-02 1.044610762977578267e+00 -1.000000000000000056e-01
1.694999999999999929e+01 -3.373437568697891520e-02 1.044597475296880296e+00 -1.000000000000000056e-01
1.696000000000000085e+01 -3.373906111619632414e-02 1.044584159044740002e+00 -1.000000000000000056e-01
1.696999999999999886e+01 -3.373759964518788235e-02 1.044570813472156301e+00 -1.000000000000000056e-01
1.698000000000000043e+01 -3.373000159813730608e-02 1.044557437868441907e+00 -1.000000000000000056e-01
1.699000000000000199e+01 -3.371627837579087295e-02 1.044544031561338793e+00 -1.000000000000000056e-01
1.700000000000000000e+01 -3.369644245132339538e-02 1.044530593917745831e+00 -1.000000000000000056e-01
1.701000000000000156e+01 -3.367050736536367911e-02 1.044517124343329106e+00 -1.000000000000000056e-01
1.701999999999999957e+01 -3.363848772095408279e-02 1.044503622283401878e+00 -1.000000000000000056e-01
1.703000000000000114e+01 -3.360039917905951329e-02 1.044490087222686769e+00 -1.000000000000000056e-01
1.703999999999999915e+01 -3.355625845281119679e-02 1.044476518686110467e+00 -1.000000000000000056e-01
1.705000000000000071e+01 -3.350608330233554449e-02 1.044462916238089401e+00 -1.000000000000000056e-01
1.705999999999999872e+01 -3.344989252946371783e-02 1.044449279483482762e+00 -1.000000000000000056e-01
1.707000000000000028e+01 -3.338770597191620393e-02 1.044435608067106003e+00 -1.000000000000000056e-01
1.708000000000000185e+01 -3.331954449723940892e-02 1.044421901674328135e+00 -1.000000000000000056e-01
1.708999999999999986e+01 -3.324542999773840574e-02 1.044408160030789290e+00 -1.000000000000000056e-01
1.710000000000000142e+01 -3.316538538336649689e-02 1.044394382902215090e+00 -1.000000000000000056e-01
1.710999999999999943e+01 -3.307943457614619803e-02 1.044380570094958438e+00 -1.000000000000000056e-01
1.712000000000000099e+01 -3.298760250375622205e-02 1.044366721455879388e+00 -1.000000000000000056e-01
1.712999999999999901e+01 -3.288991509322920781e-02 1.044352836871375034e+00 -1.000000000000000056e-01
1.714000000000000057e+01 -3.278639926346180178e-02 1.044338916269021533e+00 -1.000000000000000056e-01
1.715000000000000213e+01 -3.267708292015247123e-02 1.044324959615402282e+00 -1.000000000000000056e-01
1.716000000000000014e+01 -3.256199494706100983e-02 1.044310966917869399e+00 -1.000000000000000056e-01
1.717000000000000171e+01 -3.244116520050847885e-02 1.044296938223039373e+00 -1.000000000000000056e-01
1.717999999999999972e+01 -3.231462450157860516e-02 1.044282873617123464e+00 -1.000000000000000056e-01
1.719000000000000128e+01 -3.218240462905719995e-02 1.044268773225986768e+00 -1.000000000000000056e-01
1.719999999999999929e+01 -3.204453831208259329e-02 1.044254637214108605e+00 -1.000000000000000056e-01
1.721000000000000085e+01 -3.190105922260080829e-02 1.044240465785115868e+00 -1.000000000000000056e-01
1.721999999999999886e+01 -3.175200196822234450e-02 1.044226259181277650e+00 -1.000000000000000056e-01
1.723000000000000043e+01 -3.159740208397188166e-02 1.044212017682633942e+00 -1.000000000000000056e-01
1.724000000000000199e+01 -3.143729602467804085e-02 1.044197741607374885e+00 -1.000000000000000056e-01
1.725000000000000000e+01 -3.127172115738692526e-02 1.044183431311447308e+00 -1.000000000000000056e-01
1.726000000000000156e+01 -3.110071575292311027e-02 1.044169087187420519e+00 -1.000000000000000056e-01
1.726999999999999957e+01 -3.092431897778802688e-02 1.044154709665018554e+00 -1.000000000000000056e-01
1.728000000000000114e+01 -3.074257088632905907e-02 1.044140299210108536e+00 -1.000000000000000056e-01
1.728999999999999915e+01 -3.055551241188478317e-02 1.044125856324347179e+00 -1.000000000000000056e-01
1.730000000000000071e+01 -3.036318535841406319e-02 1.044111381544945427e+00 -1.000000000000000056e-01
1.730999999999999872e+01 -3.016563239233249413e-02 1.044096875444098016e+00 -1.000000000000000056e-01
1.732000000000000028e+01 -2.996289703318294820e-02 1.044082338628131712e+00 -1.000000000000000056e-01
1.733000000000000185e+01 -2.975502364523388912e-02 1.044067771737544614e+00 -1.000000000000000056e-01
1.733999999999999986e+01 -2.954205742872786575e-02 1.044053175446311821e+00 -1.000000000000000056e-01
1.735000000000000142e+01 -2.932404441010318802e-02 1.044038550460992587e+00 -1.000000000000000056e-01
1.735999999999999943e+01 -2.910103143397885575e-02 1.044023897520520050e+00 -1.000000000000000056e-01
1.737000000000000099e+01 -2.887306615276123700e-02 1.044009217395962086e+00 -1.000000000000000056e-01
1.737999999999999901e+01 -2.864019701806113857e-02 1.043994510888918814e+00 -1.000000000000000056e-01
1.739000000000000057e+01 -2.840247327097835534e-02 1.043979778832362593e+00 -1.000000000000000056e-01
1.740000000000000213e+01 -2.815994493234259474e-02 1.043965022088567896e+00 -1.000000000000000056e-01
1.741000000000000014e+01 -2.791266279329288058e-02 1.043950241549819191e+00 -1.000000000000000056e-01
1.742000000000000171e+01 -2.766067840514362108e-02 1.043935438137033378e+00 -1.000000000000000056e-01
1.742999999999999972e+01 -2.740404406972948848e-02 1.043920612799234648e+00 -1.000000000000000056e-01
1.744000000000000128e+01 -2.714281282903330261e-02 1.043905766513622657e+00 -1.000000000000000056e-01
1.744999999999999929e+01 -2.687703845514645418e-02 1.043890900283647172e+00 -1.000000000000000056e-01
1.746000000000000085e+01 -2.660677544011192178e-02 1.043876015139977298e+00 -1.000000000000000056e-01
1.746999999999999886e+01 -2.633207898474699410e-02 1.043861112138311009e+00 -1.000000000000000056e-01
1.748000000000000043e+01 -2.605300498931171008e-02 1.043846192359793479e+00 -1.000000000000000056e-01
1.749000000000000199e+01 -2.576961004121184132e-02 1.043831256910042304e+00 -1.000000000000000056e-01
1.750000000000000000e+01 -2.548195140570947217e-02 1.043816306917692893e+00 -1.000000000000000056e-01
1.751000000000000156e+01 -2.519008701379817777e-02 1.043801343534392911e+00 -1.000000000000000056e-01
1.751999999999999957e+01 -2.489407545176735431e-02 1.043786367933928538e+00 -1.000000000000000056e-01
1.753000000000000114e+01 -2.459397594974978979e-02 1.043771381310266921e+00 -1.000000000000000056e-01
1.753999999999999915e+01 -2.428984837071602315e-02 1.043756384877518206e+00 -1.000000000000000056e-01
1.755000000000000071e+01 -2.398175319869176592e-02 1.043741379868248442e+00 -1.000000000000000056e-01
1.755999999999999872e+01 -2.366975152805291666e-02 1.043726367532332278e+00 -1.000000000000000056e-01
1.757000000000000028e+01 -2.335390505127971431e-02 1.043711349135152400e+00 -1.000000000000000056e-01
1.758000000000000185e+01 -2.303427604824714869e-02 1.043696325956680715e+00 -1.000000000000000056e-01
1.758999999999999986e+01 -2.271092737457540423e-02 1.043681299289510145e+00 -1.000000000000000056e-01
1.760000000000000142e+01 -2.238392244968382891e-02 1.043666270437038746e+00 -1.000000000000000056e-01
1.760999999999999943e+01 -2.205332524654132764e-02 1.043651240712318629e+00 -1.000000000000000056e-01
1.762000000000000099e+01 -2.171920027905697645e-02 1.043636211435796435e+00 -1.000000000000000056e-01
1.762999999999999901e+01 -2.138161259164935227e-02 1.043621183934072771e+00 -1.000000000000000056e-01
1.764000000000000057e+01 -2.104062774753444331e-02 1.043606159538246647e+00 -1.000000000000000056e-01
1.765000000000000213e+01 -2.069631181733643660e-02 1.043591139582474625e+00 -1.000000000000000056e-01
1.766000000000000014e+01 -2.034873136771439897e-02 1.043576125402939647e+00 -1.000000000000000056e-01
1.767000000000000171e+01 -1.999795344965417387e-02 1.043561118336453486e+00 -1.000000000000000056e-01
1.767999999999999972e+01 -1.964404558722327582e-02 1.043546119719929610e+00 -1.000000000000000056e-01
1.769000000000000128e+01 -1.928707576485078762e-02 1.043531130888979641e+00 -1.000000000000000056e-01
1.769999999999999929e+01 -1.892711241628237603e-02 1.043516153178400740e+00 -1.000000000000000056e-01
1.771000000000000085e+01 -1.856422441124062558e-02 1.043501187920081952e+00 -1.000000000000000056e-01
1.771999999999999886e+01 -1.819848104402601793e-02 1.043486236443770032e+00 -1.000000000000000056e-01
1.773000000000000043e+01 -1.782995201988024983e-02 1.043471300076095121e+00 -1.000000000000000056e-01
1.774000000000000199e+01 -1.745870744276143208e-02 1.043456380140036499e+00 -1.000000000000000056e-01
1.775000000000000000e+01 -1.708481780233110647e-02 1.043441477954526908e+00 -1.000000000000000056e-01
1.776000000000000156e+01 -1.670835396056172956e-02 1.043426594834167664e+00 -1.000000000000000056e-01
1.776999999999999957e+01 -1.632938713879540649e-02 1.043411732087992538e+00 -1.000000000000000056e-01
1.778000000000000114e+01 -1.594798890461865751e-02 1.043396891019797934e+00 -1.000000000000000056e-01
1.778999999999999915e+01 -1.556423115802293283e-02 1.043382072926804183e+00 -1.000000000000000056e-01
1.780000000000000071e+01 -1.517818611893953333e-02 1.043367279099089329e+00 -1.000000000000000056e-01
1.780999999999999872e+01 -1.478992631295971728e-02 1.043352510818928991e+00 -1.000000000000000056e-01
1.782000000000000028e+01 -1.439952455849917955e-02 1.043337769360137335e+00 -1.000000000000000056e-01
1.783000000000000185e+01 -1.400705395342350008e-02 1.043323055987120274e+00 -1.000000000000000056e-01
1.783999999999999986e+01 -1.361258786119390676e-02 1.043308371953906910e+00 -1.000000000000000056e-01
1.785000000000000142e+01 -1.321619989800542835e-02 1.043293718503426559e+00 -1.000000000000000056e-01
1.785999999999999943e+01 -1.281796391869982621e-02 1.043279096867053557e+00 -1.000000000000000056e-01
1.787000000000000099e+01 -1.241795400405525628e-02 1.043264508262703005e+00 -1.000000000000000056e-01
1.787999999999999901e+01 -1.201624444641611993e-02 1.043249953895155624e+00 -1.000000000000000056e-01
1.789000000000000057e+01 -1.161290973708076039e-02 1.043235434954209229e+00 -1.000000000000000056e-01
1.790000000000000213e+01 -1.120802455221881627e-02 1.043220952614282604e+00 -1.000000000000000056e-01
1.791000000000000014e+01 -1.080166373926335147e-02 1.043206508033710733e+00 -1.000000000000000056e-01
1.792000000000000171e+01 -1.039390230390828916e-02 1.043192102353147410e+00 -1.000000000000000056e-01
1.792999999999999972e+01 -9.984815395895046963e-03 1.043177736695641178e+00 -1.000000000000000056e-01
1.794000000000000128e+01 -9.574478295849651183e-03 1.043163412164863191e+00 -1.000000000000000056e-01
1.794999999999999929e+01 -9.162966401473569486e-03 1.043149129845281742e+00 -1.000000000000000056e-01
1.796000000000000085e+01 -8.750355213732647491e-03 1.043134890800335501e+00 -1.000000000000000056e-01
1.796999999999999886e+01 -8.336720323937304652e-03 1.043120696072499687e+00 -1.000000000000000056e-01
1.798000000000000043e+01 -7.922137398838402511e-03 1.043106546681946245e+00 -1.000000000000000056e-01
1.799000000000000199e+01 -7.506682168418075257e-03 1.043092443626041144e+00 -1.000000000000000056e-01
1.800000000000000000e+01 -7.090430410872726463e-03 1.043078387878704216e+00 -1.000000000000000056e-01
1.801000000000000156e+01 -6.673457939947259610e-03 1.043064380389478574e+00 -1.000000000000000056e-01
1.801999999999999957e+01 -6.255840590646194639e-03 1.043050422082868911e+00 -1.000000000000000056e-01
1.803000000000000114e+01 -5.837654205953096004e-03 1.043036513857920733e+00 -1.000000000000000056e-01
1.803999999999999915e+01 -5.418974622574844122e-03 1.043022656587397012e+00 -1.000000000000000056e-01
1.805000000000000071e+01 -4.999877658153169778e-03 1.043008851117211755e+00 -1.000000000000000056e-01
1.805999999999999872e+01 -4.580439096845097431e-03 1.042995098265568465e+00 -1.000000000000000056e-01
1.807000000000000028e+01 -4.160734675958357130e-03 1.042981398823262573e+00 -1.000000000000000056e-01
1.808000000000000185e+01 -3.740840072645384550e-03 1.042967753551778065e+00 -1.000000000000000056e-01
1.808999999999999986e+01 -3.320830889525139187e-03 1.042954163184185434e+00 -1.000000000000000056e-01
1.810000000000000142e+01 -2.900782641873668986e-03 1.042940628423488336e+00 -1.000000000000000056e-01
1.810999999999999943e+01 -2.480770744268925333e-03 1.042927149943165155e+00 -1.000000000000000056e-01
1.812000000000000099e+01 -2.060870495474776461e-03 1.042913728385859162e+00 -1.000000000000000056e-01
1.812999999999999901e+01 -1.641157067281657535e-03 1.042900364363328780e+00 -1.000000000000000056e-01
1.814000000000000057e+01 -1.221705489176140580e-03 1.042887058456458460e+00 -1.000000000000000056e-01
1.815000000000000213e+01 -8.025906361599171148e-04 1.042873811213941515e+00 -1.000000000000000056e-01
1.816000000000000014e+01 -3.838872143666419699e-04 1.042860623153349708e+00 -1.000000000000000056e-01
1.817000000000000171e+01 3.433025115556606252e-05 1.042847494758536442e+00 -1.000000000000000056e-01
1.817999999999999972e+01 4.519874305561923642e-04 1.042834426482755372e+00 -1.000000000000000056e-01
1.819000000000000128e+01 8.690102018381205742e-04 1.042821418744417139e+00 -1.000000000000000056e-01
1.819999999999999929e+01 1.285324664460657735e-03 1.042808471930438907e+00 -1.000000000000000056e-01
1.821000000000000085e+01 1.700857151889850804e-03 1.042795586393599150e+00 -1.000000000000000056e-01
1.821999999999999886e+01 2.115534245018754061e-03 1.042782762453463574e+00 -1.000000000000000056e-01
1.823000000000000043e+01 2.529282785069426887e-03 1.042770000395879970e+00 -1.000000000000000056e-01
1.824000000000000199e+01 2.942029886126879424e-03 1.042757300473220905e+00 -1.000000000000000056e-01
1.825000000000000000e+01 3.353702948453691091e-03 1.042744662903546615e+00 -1.000000000000000056e-01
1.826000000000000156e+01 3.764229670830691356e-03 1.042732087871430569e+00 -1.000000000000000056e-01
1.826999999999999957e+01 4.173538063498009876e-03 1.042719575526997344e+00 -1.000000000000000056e-01
1.828000000000000114e+01 4.581556460338990534e-03 1.042707125986619632e+00 -1.000000000000000056e-01
1.828999999999999915e+01 4.988213531977977316e-03 1.042694739332519660e+00 -1.000000000000000056e-01
1.830000000000000071e+01 5.393438297440202207e-03 1.042682415612937286e+00 -1.000000000000000056e-01
1.830999999999999872e+01 5.797160137381456024e-03 1.042670154841988772e+00 -1.000000000000000056e-01
1.832000000000000028e+01 6.199308805317513792e-03 1.042657956999875069e+00 -1.000000000000000056e-01
1.833000000000000185e+01 6.599814440592513716e-03 1.042645822033173575e+00 -1.000000000000000056e-01
1.833999999999999986e+01 6.998607580066046850e-03 1.042633749854420033e+00 -1.000000000000000056e-01
1.835000000000000142e+01 7.395619170023388575e-03 1.042621740342810188e+00 -1.000000000000000056e-01
1.835999999999999943e+01 7.790780578325951118e-03 1.042609793343850955e+00 -1.000000000000000056e-01
1.837000000000000099e+01 8.184023605705342125e-03 1.042597908670077844e+00 -1.000000000000000056e-01
1.837999999999999901e+01 8.575280497932196572e-03 1.042586086100929732e+00 -1.000000000000000056e-01
1.839000000000000057e+01 8.964483957193082261e-03 1.042574325382916500e+00 -1.000000000000000056e-01
1.840000000000000213e+01 9.351567153027222704e-03 1.042562626230085776e+00 -1.000000000000000056e-01
1.841000000000000014e+01 9.736463734703923456e-03 1.042550988324193018e+00 -1.000000000000000056e-01
1.842000000000000171e+01 1.011910784159855518e-02 1.042539411315302367e+00 -1.000000000000000056e-01
1.842999999999999972e+01 1.049943411453487484e-02 1.042527894821195344e+00 -1.000000000000000056e-01
1.844000000000000128e+01 1.087737770693295199e-02 1.042516438429096803e+00 -1.000000000000000056e-01
1.844999999999999929e+01 1.125287429561477523e-02 1.042505041695008350e+00 -1.000000000000000056e-01
1.846000000000000085e+01 1.162586009182439185e-02 1.042493704144084710e+00 -1.000000000000000056e-01
1.846999999999999886e+01 1.199627185097087816e-02 1.042482425271941571e+00 -1.000000000000000056e-01
1.848000000000000043e+01 1.236404688478527636e-02 1.042471204544131336e+00 -1.000000000000000056e-01
1.849000000000000199e+01 1.272912307008430832e-02 1.042460041397067494e+00 -1.000000000000000056e-01
1.850000000000000000e+01 1.309143886004176215e-02 1.042448935238231345e+00 -1.000000000000000056e-01
1.851000000000000156e+01 1.345093329431364462e-02 1.042437885447257129e+00 -1.000000000000000056e-01
1.851999999999999957e+01 1.380754600847841976e-02 1.042426891375409115e+00 -1.000000000000000056e-01
1.853000000000000114e+01 1.416121724462410594e-02 1.042415952347394592e+00 -1.000000000000000056e-01
1.853999999999999915e+01 1.451188786097271088e-02 1.042405067660467921e+00 -1.000000000000000056e-01
1.855000000000000071e+01 1.485949934116447858e-02 1.042394236586490441e+00 -1.000000000000000056e-01
1.855999999999999872e+01 1.520399380426043501e-02 1.042383458371233029e+00 -1.000000000000000056e-01
1.857000000000000028e+01 1.554531401387878979e-02 1.042372732235789856e+00 -1.000000000000000056e-01
1.858000000000000185e+01 1.588340338774734545e-02 1.042362057376845508e+00 -1.000000000000000056e-01
1.858999999999999986e+01 1.621820600613153862e-02 1.042351432967355773e+00 -1.000000000000000056e-01
1.860000000000000142e+01 1.654966662176839132e-02 1.042340858157331462e+00 -1.000000000000000056e-01
1.860999999999999943e+01 1.687773066821626755e-02 1.042330332074081545e+00 -1.000000000000000056e-01
1.862000000000000099e+01 1.720234426820929988e-02 1.042319853823660214e+00 -1.000000000000000056e-01
1.862999999999999901e+01 1.752345424320237571e-02 1.042309422490743209e+00 -1.000000000000000056e-01
1.864000000000000057e+01 1.784100812071612308e-02 1.042299037139592599e+00 -1.000000000000000056e-01
1.865000000000000213e+01 1.815495414345322245e-02 1.042288696815345528e+00 -1.000000000000000056e-01
1.866000000000000014e+01 1.846524127711209051e-02 1.042278400543537931e+00 -1.000000000000000056e-01
1.867000000000000171e+01 1.877181921828428510e-02 1.042268147332211514e+00 -1.000000000000000056e-01
1.867999999999999972e+01 1.907463840236711672e-02 1.042257936171615329e+00 -1.000000000000000056e-01
1.869000000000000128e+01 1.937365001168251527e-02 1.042247766035435896e+00 -1.000000000000000056e-01
1.869999999999999929e+01 1.966880598216729989e-02 1.042237635881519742e+00 -1.000000000000000056e-01
1.871000000000000085e+01 1.996005901189001897e-02 1.042227544652663651e+00 -1.000000000000000056e-01
1.871999999999999886e+01 2.024736256712111535e-02 1.042217491277203090e+00 -1.000000000000000056e-01
1.873000000000000043e+01 2.053067089049431110e-02 1.042207474669917033e+00 -1.000000000000000056e-01
1.874000000000000199e+01 2.080993900732764496e-02 1.042197493733401759e+00 -1.000000000000000056e-01
1.875000000000000000e+01 2.108512273249699143e-02 1.042187547357440014e+00 -1.000000000000000056e-01
1.876000000000000156e+01 2.135617867752548707e-02 1.042177634421565635e+00 -1.000000000000000056e-01
1.876999999999999957e+01 2.162306425640537696e-02 1.042167753794632112e+00 -1.000000000000000056e-01
1.878000000000000114e+01 2.188573769245040143e-02 1.042157904335992091e+00 -1.000000000000000056e-01
1.878999999999999915e+01 2.214415802447279244e-02 1.042148084896839633e+00 -1.000000000000000056e-01
1.880000000000000071e+01 2.239828511219462900e-02 1.042138294319925995e+00 -1.000000000000000056e-01
1.880999999999999872e+01 2.264807964328893058e-02 1.042128531441790740e+00 -1.000000000000000056e-01
1.882000000000000028e+01 2.289350313767406567e-02 1.042118795092239480e+00 -1.000000000000000056e-01
1.883000000000000185e+01 2.313451795441988368e-02 1.042109084096376925e+00 -1.000000000000000056e-01
1.883999999999999986e+01 2.337108729594064224e-02 1.042099397274361072e+00 -1.000000000000000056e-01
1.885000000000000142e+01 2.360317521446180650e-02 1.042089733443493760e+00 -1.000000000000000056e-01
1.885999999999999943e+01 2.383074661592995275e-02 1.042080091417582732e+00 -1.000000000000000056e-01
1.887000000000000099e+01 2.405376726571293797e-02 1.042070470009168748e+00 -1.000000000000000056e-01
1.887999999999999901e+01 2.427220379316448462e-02 1.042060868029565768e+00 -1.000000000000000056e-01
1.889000000000000057e+01 2.448602369602649251e-02 1.042051284289793989e+00 -1.000000000000000056e-01
1.890000000000000213e+01 2.469519534513919118e-02 1.042041717601797313e+00 -1.000000000000000056e-01
1.891000000000000014e+01 2.489968798860726917e-02 1.042032166778895208e+00 -1.000000000000000056e-01
1.892000000000000171e+01 2.509947175588320839e-02 1.042022630636532554e+00 -1.000000000000000056e-01
1.892999999999999972e+01 2.529451766166979781e-02 1.042013107993662757e+00 -1.000000000000000056e-01
1.894000000000000128e+01 2.548479761003771132e-02 1.042003597673154092e+00 -1.000000000000000056e-01
1.894999999999999929e+01 2.567028439757567532e-02 1.041994098502503130e+00 -1.000000000000000056e-01
1.896000000000000085e+01 2.585095171715701828e-02 1.041984609314850152e+00 -1.000000000000000056e-01
1.896999999999999886e+01 2.602677416123899343e-02 1.041975128949818474e+00 -1.000000000000000056e-01
1.898000000000000043e+01 2.619772722479200844e-02 1.041965656254290939e+00 -1.000000000000000056e-01
1.899000000000000199e+01 2.636378730855783170e-02 1.041956190082917066e+00 -1.000000000000000056e-01
1.900000000000000000e+01 2.652493172142389444e-02 1.041946729299337626e+00 -1.000000000000000056e-01
1.901000000000000156e+01 2.668113868379041673e-02 1.041937272776339185e+00 -1.000000000000000056e-01
1.901999999999999957e+01 2.683238732883994407e-02 1.041927819397476584e+00 -1.000000000000000056e-01
1.903000000000000114e+01 2.697865770642952563e-02 1.041918368056827804e+00 -1.000000000000000056e-01
1.903999999999999915e+01 2.711993078348362216e-02 1.041908917660265832e+00 -1.000000000000000056e-01
1.905000000000000071e+01 2.725618844750310812e-02 1.041899467126404799e+00 -1.000000000000000056e-01
1.905999999999999872e+01 2.738741350729805360e-02 1.041890015386531809e+00 -1.000000000000000056e-01
1.907000000000000028e+01 2.751358969510898922e-02 1.041880561386061999e+00 -1.000000000000000056e-01
1.908000000000000185e+01 2.763470166803271705e-02 1.041871104084766131e+00 -1.000000000000000056e-01
1.908999999999999986e+01 2.775073500909567767e-02 1.041861642457576398e+00 -1.000000000000000056e-01
1.910000000000000142e+01 2.786167622873570240e-02 1.041852175495075361e+00 -1.000000000000000056e-01
1.910999999999999943e+01 2.796751276543353593e-02 1.041842702204799354e+00 -1.000000000000000056e-01
1.912000000000000099e+01 2.806823298674915659e-02 1.041833221610562132e+00 -1.000000000000000056e-01
1.912999999999999901e+01 2.816382618999271545e-02 1.041823732754528109e+00 -1.000000000000000056e-01
1.914000000000000057e+01 2.825428260234044350e-02 1.041814234696782915e+00 -1.000000000000000056e-01
1.915000000000000213e+01 2.833959338198790631e-02 1.041804726516724511e+00 -1.000000000000000056e-01
1.916000000000000014e+01 2.841975061721331922e-02 1.041795207312513405e+00 -1.000000000000000056e-01
1.917000000000000171e+01 2.849474732737607846e-02 1.041785676203028199e+00 -1.000000000000000056e-01
1.917999999999999972e+01 2.856457746225083208e-02 1.041776132327573823e+00 -1.000000000000000056e-01
1.919000000000000128e+01 2.862923590190363798e-02 1.041766574846349824e+00 -1.000000000000000056e-01
1.919999999999999929e+01 2.868871845625153155e-02 1.041757002941603227e+00 -1.000000000000000056e-01
1.921000000000000085e+01 2.874302186426964945e-02 1.041747415817537048e+00 -1.000000000000000056e-01
1.921999999999999886e+01 2.879214379359999743e-02 1.041737812701262200e+00 -1.000000000000000056e-01
1.923000000000000043e+01 2.883608283921124116e-02 1.041728192842800382e+00 -1.000000000000000056e-01
1.924000000000000199e+01 2.887483852268083254e-02 1.041718555516178757e+00 -1.000000000000000056e-01
1.925000000000000000e+01 2.890841129057956926e-02 1.041708900019273853e+00 -1.000000000000000056e-01
1.926000000000000156e+01 2.893680251366464659e-02 1.041699225674495022e+00 -1.000000000000000056e-01
1.926999999999999957e+01 2.896001448447669407e-02 1.041689531829474546e+00 -1.000000000000000056e-01
1.928000000000000114e+01 2.897805041662402520e-02 1.041679817856717927e+00 -1.000000000000000056e-01
1.928999999999999915e+01 2.899091444196382969e-02 1.041670083155025406e+00 -1.000000000000000056e-01
1.930000000000000071e+01 2.899861160944326374e-02 1.041660327148566711e+00 -1.000000000000000056e-01
1.930999999999999872e+01 2.900114788213700723e-02 1.041650549288450689e+00 -1.000000000000000056e-01
1.932000000000000028e+01 2.899853013546841232e-02 1.041640749052216375e+00 -1.000000000000000056e-01
1.933000000000000185e+01 2.899076615461368064e-02 1.041630925944407426e+00 -1.000000000000000056e-01
1.933999999999999986e+01 2.897786463143341151e-02 1.041621079496668489e+00 -1.000000000000000056e-01
1.935000000000000142e+01 2.895983516231944235e-02 1.041611209268560323e+00 -1.000000000000000056e-01
1.935999999999999943e+01 2.893668824480567434e-02 1.041601314846761550e+00 -1.000000000000000056e-01
1.937000000000000099e+01 2.890843527441076810e-02 1.041591395846069190e+00 -1.000000000000000056e-01
1.937999999999999901e+01 2.887508854169474476e-02 1.041581451909775247e+00 -1.000000000000000056e-01
1.939000000000000057e+01 2.883666122853934324e-02 1.041571482708643970e+00 -1.000000000000000056e-01
1.940000000000000213e+01 2.879316740477771974e-02 1.041561487942479713e+00 -1.000000000000000056e-01
1.941000000000000014e+01 2.874462202421792026e-02 1.041551467339302040e+00 -1.000000000000000056e-01
1.942000000000000171e+01 2.869104092097720521e-02 1.041541420655447414e+00 -1.000000000000000056e-01
1.942999999999999972e+01 2.863244080552432638e-02 1.041531347676738051e+00 -1.000000000000000056e-01
1.944000000000000128e+01 2.856883926013919009e-02 1.041521248216496387e+00 -1.000000000000000056e-01
1.944999999999999929e+01 2.850025473506811666e-02 1.041511122118320865e+00 -1.000000000000000056e-01
1.946000000000000085e+01 2.842670654342152950e-02 1.041500969253129183e+00 -1.000000000000000056e-01
1.946999999999999886e+01 2.834821485738671029e-02 1.041490789521515303e+00 -1.000000000000000056e-01
1.948000000000000043e+01 2.826480070273060599e-02 1.041480582852561731e+00 -1.000000000000000056e-01
1.949000000000000199e+01 2.817648595409899537e-02 1.041470349204056678e+00 -1.000000000000000056e-01
1.950000000000000000e+01 2.808329333020425853e-02 1.041460088562250030e+00 -1.000000000000000056e-01
1.951000000000000156e+01 2.798524638840585443e-02 1.041449800942322312e+00 -1.000000000000000056e-01
1.951999999999999957e+01 2.788236951923268869e-02 1.041439486387598201e+00 -1.000000000000000056e-01
1.953000000000000114e+01 2.777468794133746907e-02 1.041429144969739262e+00 -1.000000000000000056e-01
1.953999999999999915e+01 2.766222769546269888e-02 1.041418776788714196e+00 -1.000000000000000056e-01
1.955000000000000071e+01 2.754501563867163549e-02 1.041408381972378061e+00 -1.000000000000000056e-01
1.955999999999999872e+01 2.742307943906842349e-02 1.041397960676463841e+00 -1.000000000000000056e-01
1.957000000000000028e+01 2.729644756873245148e-02 1.041387513084322869e+00 -1.000000000000000056e-01
1.958000000000000185e+01 2.716514929854017130e-02 1.041377039406583327e+00 -1.000000000000000056e-01
1.958999999999999986e+01 2.702921469123533565e-02 1.041366539881109610e+00 -1.000000000000000056e-01
1.960000000000000142e+01 2.688867459519081460e-02 1.041356014772745642e+00 -1.000000000000000056e-01
1.960999999999999943e+01 2.674356063787439869e-02 1.041345464372465779e+00 -1.000000000000000056e-01
1.962000000000000099e+01 2.659390521905691598e-02 1.041334888998173502e+00 -1.000000000000000056e-01
1.962999999999999901e+01 2.643974150405043952e-02 1.041324288993074276e+00 -1.000000000000000056e-01
1.964000000000000057e+01 2.628110341670939973e-02 1.041313664726357224e+00 -1.000000000000000056e-01
1.965000000000000213e+01 2.611802563218959886e-02 1.041303016592329156e+00 -1.000000000000000056e-01
1.966000000000000014e+01 2.595054357018994340e-02 1.041292345010000453e+00 -1.000000000000000056e-01
1.967000000000000171e+01 2.577869338698930701e-02 1.041281650422966720e+00 -1.000000000000000056e-01
1.967999999999999972e+01 2.560251196830165901e-02 1.041270933298563461e+00 -1.000000000000000056e-01
1.969000000000000128e+01 2.542203692203662616e-02 1.041260194127816119e+00 -1.000000000000000056e-01
1.969999999999999929e+01 2.523730656947700129e-02 1.041249433424717319e+00 -1.000000000000000056e-01
1.971000000000000085e+01 2.504835993898512844e-02 1.041238651725723274e+00 -1.000000000000000056e-01
1.971999999999999886e+01 2.485523675665989030e-02 1.041227849589098531e+00 -1.000000000000000056e-01
1.973000000000000043e+01 2.465797743871871173e-02 1.041217027594938616e+00 -1.000000000000000056e-01
1.974000000000000199e+01 2.445662308407460517e-02 1.041206186343802909e+00 -1.000000000000000056e-01
1.975000000000000000e+01 2.425121546440947573e-02 1.041195326456429315e+00 -1.000000000000000056e-01
1.976000000000000156e+01 2.404179701719367027e-02 1.041184448573761578e+00 -1.000000000000000056e-01
1.976999999999999957e+01 2.382841083637551871e-02 1.041173553354825643e+00 -1.000000000000000056e-01
1.978000000000000114e+01 2.361110066370112823e-02 1.041162641477608064e+00 -1.000000000000000056e-01
1.978999999999999915e+01 2.338991088031830076e-02 1.041151713637626930e+00 -1.000000000000000056e-01
1.980000000000000071e+01 2.316488649713622366e-02 1.041140770546839622e+00 -1.000000000000000056e-01
1.980999999999999872e+01 2.293607314660666904e-02 1.041129812934147747e+00 -1.000000000000000056e-01
1.982000000000000028e+01 2.270351707291699481e-02 1.041118841543373419e+00 -1.000000000000000056e-01
1.983000000000000185e+01 2.246726512255037972e-02 1.041107857133652725e+00 -1.000000000000000056e-01
1.983999999999999986e+01 2.222736473602177770e-02 1.041096860477840114e+00 -1.000000000000000056e-01
1.985000000000000142e+01 2.198386393661375462e-02 1.041085852362649833e+00 -1.000000000000000056e-01
1.985999999999999943e+01 2.173681132230682878e-02 1.041074833587484871e+00 -1.000000000000000056e-01
1.987000000000000099e+01 2.148625605503699451e-02 1.041063804964059258e+00 -1.000000000000000056e-01
1.987999999999999901e+01 2.123224785160392203e-02 1.041052767316158478e+00 -1.000000000000000056e-01
1.989000000000000057e+01 2.097483697313020160e-02 1.041041721478437543e+00 -1.000000000000000056e-01
1.990000000000000213e+01 2.071407421559860740e-02 1.041030668296739847e+00 -1.000000000000000056e-01
1.991000000000000014e+01 2.045001089991966420e-02 1.041019608627505644e+00 -1.000000000000000056e-01
1.992000000000000171e+01 2.018269886124412008e-02 1.041008543337471615e+00 -1.000000000000000056e-01
1.992999999999999972e+01 1.991219044006952918e-02 1.040997473303585386e+00 -1.000000000000000056e-01
1.994000000000000128e+01 1.963853847121006801e-02 1.040986399412314301e+00 -1.000000000000000056e-01
1.994999999999999929e+01 1.936179627442379675e-02 1.040975322560209859e+00 -1.000000000000000056e-01
1.996000000000000085e+01 1.908201764420236826e-02 1.040964243653544896e+00 -1.000000000000000056e-01
1.996999999999999886e+01 1.879925683999066066e-02 1.040953163607189369e+00 -1.000000000000000056e-01
1.998000000000000043e+01 1.851356857586893001e-02 1.040942083345838931e+00 -1.000000000000000056e-01
1.999000000000000199e+01 1.822500801114061014e-02 1.040931003802027854e+00 -1.000000000000000056e-01
2.000000000000000000e+01 1.793363073978795560e-02 1.040919925916822475e+00 -1.000000000000000056e-01
2.001000000000000156e+01 1.763949278049484204e-02 1.040908850638719851e+00 -1.000000000000000056e-01
2.001999999999999957e+01 1.734265056698000573e-02 1.040897778922574624e+00 -1.000000000000000056e-01
2.003000000000000114e+01 1.704316093651071437e-02 1.040886711729373415e+00 -1.000000000000000056e-01
2.003999999999999915e+01 1.674108112081407890e-02 1.040875650025074872e+00 -1.000000000000000056e-01
2.005000000000000071e+01 1.643646873444137152e-02 1.040864594779351782e+00 -1.000000000000000056e-01
2.005999999999999872e+01 1.612938176445954247e-02 1.040853546964620957e+00 -1.000000000000000056e-01
2.007000000000000028e+01 1.581987855949124749e-02 1.040842507555697960e+00 -1.000000000000000056e-01
2.008000000000000185e+01 1.550801781852223851e-02 1.040831477527546678e+00 -1.000000000000000056e-01
2.008999999999999986e+01 1.519385858009993616e-02 1.040820457855165859e+00 -1.000000000000000056e-01
2.010000000000000142e+01 1.487746021062190567e-02 1.040809449511967077e+00 -1.000000000000000056e-01
2.010999999999999943e+01 1.455888239356056997e-02 1.040798453469655716e+00 -1.000000000000000056e-01
2.012000000000000099e+01 1.423818511771539862e-02 1.040787470695766270e+00 -1.000000000000000056e-01
2.012999999999999901e+01 1.391542866576322805e-02 1.040776502154524774e+00 -1.000000000000000056e-01
2.014000000000000057e+01 1.359067360355138004e-02 1.040765548804834184e+00 -1.000000000000000056e-01
2.015000000000000213e+01 1.326398076751589272e-02 1.040754611599617130e+00 -1.000000000000000056e-01
2.016000000000000014e+01 1.293541125425174895e-02 1.040743691485269906e+00 -1.000000000000000056e-01
2.017000000000000171e+01 1.260502640859615352e-02 1.040732789400975467e+00 -1.000000000000000056e-01
2.017999999999999972e+01 1.227288781234906097e-02 1.040721906277645825e+00 -1.000000000000000056e-01
2.019000000000000128e+01 1.193905727230181769e-02 1.040711043037333416e+00 -1.000000000000000056e-01
2.019999999999999929e+01 1.160359680992486923e-02 1.040700200592858060e+00 -1.000000000000000056e-01
2.021000000000000085e+01 1.126656864864025026e-02 1.040689379846721829e+00 -1.000000000000000056e-01
2.021999999999999886e+01 1.092803520315932704e-02 1.040678581690827942e+00 -1.000000000000000056e-01
2.023000000000000043e+01 1.058805906793639125e-02 1.040667807005669410e+00 -1.000000000000000056e-01
2.024000000000000199e+01 1.024670300533820147e-02 1.040657056659894941e+00 -1.000000000000000056e-01
2.025000000000000000e+01 9.904029934686395947e-03 1.040646331509546663e+00 -1.000000000000000056e-01
2.026000000000000156e+01 9.560102920431858345e-03 1.040635632397829857e+00 -1.000000000000000056e-01
2.026999999999999957e+01 9.214985160735017500e-03 1.040624960154078682e+00 -1.000000000000000056e-01
2.028000000000000114e+01 8.868739976453354421e-03 1.040614315593680228e+00 -1.000000000000000056e-01
2.028999999999999915e+01 8.521430798834401382e-03 1.040603699517442804e+00 -1.000000000000000056e-01
2.030000000000000071e+01 8.173121158923482218e-03 1.040593112710710422e+00 -1.000000000000000056e-01
2.030999999999999872e+01 7.823874675343777188e-03 1.040582555943684762e+00 -1.000000000000000056e-01
2.032000000000000028e+01 7.473755043625115134e-03 1.040572029969882850e+00 -1.000000000000000056e-01
2.033000000000000185e+01 7.122826024052964985e-03 1.040561535526608905e+00 -1.000000000000000056e-01
2.033999999999999986e+01 6.771151430357814048e-03 1.040551073334101684e+00 -1.000000000000000056e-01
2.035000000000000142e+01 6.418795118781568491e-03 1.040540644094648748e+00 -1.000000000000000056e-01
2.035999999999999943e+01 6.065820975876495477e-03 1.040530248493358512e+00 -1.000000000000000056e-01
2.037000000000000099e+01 5.712292907785941794e-03 1.040519887196011739e+00 -1.000000000000000056e-01
2.037999999999999901e+01 5.358274828188687444e-03 1.040509560850485737e+00 -1.000000000000000056e-01
2.039000000000000057e+01 5.003830647558636831e-03 1.040499270084928929e+00 -1.000000000000000056e-01
2.040000000000000213e+01 4.649024261034189788e-03 1.040489015508009318e+00 -1.000000000000000056e-01
2.041000000000000014e+01 4.293919537865186625e-03 1.040478797708606962e+00 -1.000000000000000056e-01
2.042000000000000171e+01 3.938580309500450995e-03 1.040468617254996619e+00 -1.000000000000000056e-01
2.042999999999999972e+01 3.583070358244443924e-03 1.040458474695190594e+00 -1.000000000000000056e-01
2.044000000000000128e+01 3.227453406567997504e-03 1.040448370555717261e+00 -1.000000000000000056e-01
2.044999999999999929e+01 2.871793104938818141e-03 1.040438305342269887e+00 -1.000000000000000056e-01
2.046000000000000085e+01 2.516153021474151156e-03 1.040428279538440970e+00 -1.000000000000000056e-01
2.046999999999999886e+01 2.160596630149436408e-03 1.040418293606313771e+00 -1.000000000000000056e-01
2.048000000000000043e+01 1.805187299606467871e-03 1.040408347985688486e+00 -1.000000000000000056e-01
2.049000000000000199e+01 1.449988282562009742e-03 1.040398443093564884e+00 -1.000000000000000056e-01
2.050000000000000000e+01 1.095062704025493014e-03 1.040388579324897478e+00 -1.000000000000000056e-01
2.051000000000000156e+01 7.404735506827542354e-04 1.040378757051191316e+00 -1.000000000000000056e-01
2.051999999999999957e+01 3.862836595283704083e-04 1.040368976620798191e+00 -1.000000000000000056e-01
2.053000000000000114e+01 3.255570738993603184e-05 1.040359238359526151e+00 -1.000000000000000056e-01
2.053999999999999915e+01 -3.206478006661536251e-04 1.040349542568560715e+00 -1.000000000000000056e-01
2.055000000000000071e+01 -6.732645417232980796e-04 1.040339889526178618e+00 -1.000000000000000056e-01
2.055999999999999872e+01 -1.025232386192927517e-03 1.040330279486741727e+00 -1.000000000000000056e-01
2.057000000000000028e+01 -1.376489408259513273e-03 1.040320712680573800e+00 -1.000000000000000056e-01
2.058000000000000185e+01 -1.726973897029446085e-03 1.040311189313860352e+00 -1.000000000000000056e-01
2.058999999999999986e+01 -2.076624366996349114e-03 1.040301709568918653e+00 -1.000000000000000056e-01
2.060000000000000142e+01 -2.425379568652589503e-03 1.040292273603511175e+00 -1.000000000000000056e-01
2.060999999999999943e+01 -2.773178499172038181e-03 1.040282881551700012e+00 -1.000000000000000056e-01
2.062000000000000099e+01 -3.119960413012542316e-03 1.040273533522496407e+00 -1.000000000000000056e-01
2.062999999999999901e+01 -3.465664832039636652e-03 1.040264229601230106e+00 -1.000000000000000056e-01
2.064000000000000057e+01 -3.810231556219692561e-03 1.040254969848333211e+00 -1.000000000000000056e-01
2.065000000000000213e+01 -4.153600674205708103e-03 1.040245754300525238e+00 -1.000000000000000056e-01
2.066000000000000014e+01 -4.495712572747685883e-03 1.040236582969693790e+00 -1.000000000000000056e-01
2.067000000000000171e+01 -4.836507947835680908e-03 1.040227455843659721e+00 -1.000000000000000056e-01
2.067999999999999972e+01 -5.175927814319650211e-03 1.040218372886274167e+00 -1.000000000000000056e-01
2.069000000000000128e+01 -5.513913515908057221e-03 1.040209334036721334e+00 -1.000000000000000056e-01
2.069999999999999929e+01 -5.850406735722198277e-03 1.040200339210826552e+00 -1.000000000000000056e-01
2.071000000000000085e+01 -6.185349505255803050e-03 1.040191388300022890e+00 -1.000000000000000056e-01
2.071999999999999886e+01 -6.518684215359899468e-03 1.040182481172269302e+00 -1.000000000000000056e-01
2.073000000000000043e+01 -6.850353624912101230e-03 1.040173617671636297e+00 -1.000000000000000056e-01
2.074000000000000199e+01 -7.180300871213568872e-03 1.040164797618936765e+00 -1.000000000000000056e-01
2.075000000000000000e+01 -7.508469479467460780e-03 1.040156020811732640e+00 -1.000000000000000056e-01
2.076000000000000156e+01 -7.834803371795481114e-03 1.040147287024052014e+00 -1.000000000000000056e-01
2.076999999999999957e+01 -8.159246877587738797e-03 1.040138596007950778e+00 -1.000000000000000056e-01
2.078000000000000114e+01 -8.481744741679382235e-03 1.040129947491742701e+00 -1.000000000000000056e-01
2.078999999999999915e+01 -8.802242134980571911e-03 1.040121341182229431e+00 -1.000000000000000056e-01
2.080000000000000071e+01 -9.120684661995887357e-03 1.040112776763439051e+00 -1.000000000000000056e-01
2.080999999999999872e+01 -9.437018371794459945e-03 1.040104253898136211e+00 -1.000000000000000056e-01
2.082000000000000028e+01 -9.751189765063660378e-03 1.040095772226784510e+00 -1.000000000000000056e-01
2.083000000000000185e+01 -1.006314580458641389e-02 1.040087331369254908e+00 -1.000000000000000056e-01
2.083999999999999986e+01 -1.037283392299339496e-02 1.040078930924025036e+00 -1.000000000000000056e-01
2.085000000000000142e+01 -1.068020203219078278e-02 1.040070570469031841e+00 -1.000000000000000056e-01
2.085999999999999943e+01 -1.098519853107162575e-02 1.040062249562135221e+00 -1.000000000000000056e-01
2.087000000000000099e+01 -1.128777231517376356e-02 1.040053967740935947e+00 -1.000000000000000056e-01
2.087999999999999901e+01 -1.158787278393235039e-02 1.040045724523765314e+00 -1.000000000000000056e-01
2.089000000000000057e+01 -1.188544984979729609e-02 1.040037519409610978e+00 -1.000000000000000056e-01
2.090000000000000213e+01 -1.218045394616510887e-02 1.040029351878864361e+00 -1.000000000000000056e-01
2.091000000000000014e+01 -1.247283603490740959e-02 1.040021221393366391e+00 -1.000000000000000056e-01
2.092000000000000171e+01 -1.276254761566924904e-02 1.040013127397292569e+00 -1.000000000000000056e-01
2.092999999999999972e+01 -1.304954073216386436e-02 1.040005069316936481e+00 -1.000000000000000056e-01
2.094000000000000128e+01 -1.333376798125584899e-02 1.039997046561963456e+00 -1.000000000000000056e-01
2.094999999999999929e+01 -1.361518251976828395e-02 1.039989058525216725e+00 -1.000000000000000056e-01
2.096000000000000085e+01 -1.389373807239310463e-02 1.039981104583422855e+00 -1.000000000000000056e-01
2.096999999999999886e+01 -1.416938893910032853e-02 1.039973184097658487e+00 -1.000000000000000056e-01
2.098000000000000043e+01 -1.444209000231299299e-02 1.039965296413988050e+00 -1.000000000000000056e-01
2.099000000000000199e+01 -1.471179673429548473e-02 1.039957440863609861e+00 -1.000000000000000056e-01
2.100000000000000000e+01 -1.497846520408218848e-02 1.039949616763824913e+00 -1.000000000000000056e-01
2.101000000000000156e+01 -1.524205208441184282e-02 1.039941823417964928e+00 -1.000000000000000056e-01
2.101999999999999957e+01 -1.550251465891310486e-02 1.039934060116429748e+00 -1.000000000000000056e-01
2.103000000000000114e+01 -1.575981082837337940e-02 1.039926326137289747e+00 -1.000000000000000056e-01
2.103999999999999915e+01 -1.601389911752898812e-02 1.039918620745983180e+00 -1.000000000000000056e-01
2.105000000000000071e+01 -1.626473868187141431e-02 1.039910943197050575e+00 -1.000000000000000056e-01
2.105999999999999872e+01 -1.651228931347924894e-02 1.039903292733672657e+00 -1.000000000000000056e-01
2.107000000000000028e+01 -1.675651144755450211e-02 1.039895668588836752e+00 -1.000000000000000056e-01
2.108000000000000185e+01 -1.699736616862066937e-02 1.039888069985698937e+00 -1.000000000000000056e-01
2.108999999999999986e+01 -1.723481521625453566e-02 1.039880496138165800e+00 -1.000000000000000056e-01
2.110000000000000142e+01 -1.746882099120912815e-02 1.039872946251348518e+00 -1.000000000000000056e-01
2.110999999999999943e+01 -1.769934656110063939e-02 1.039865419522496781e+00 -1.000000000000000056e-01
2.112000000000000099e+01 -1.792635566576111436e-02 1.039857915141006783e+00 -1.000000000000000056e-01
2.112999999999999901e+01 -1.814981272308941601e-02 1.039850432289867177e+00 -1.000000000000000056e-01
2.114000000000000057e+01 -1.836968283436563390e-02 1.039842970145149925e+00 -1.000000000000000056e-01
2.115000000000000213e+01 -1.858593178894924966e-02 1.039835527877660315e+00 -1.000000000000000056e-01
2.116000000000000014e+01 -1.879852607044842430e-02 1.039828104652755769e+00 -1.000000000000000056e-01
2.117000000000000171e+01 -1.900743286033629992e-02 1.039820699631444301e+00 -1.000000000000000056e-01
2.117999999999999972e+01 -1.921262004398803167e-02 1.039813311970768872e+00 -1.000000000000000056e-01
2.119000000000000128e+01 -1.941405621466523249e-02 1.039805940824251929e+00 -1.000000000000000056e-01
2.119999999999999929e+01 -1.961171067811978350e-02 1.039798585343014947e+00 -1.000000000000000056e-01
2.121000000000000085e+01 -1.980555345779255391e-02 1.039791244675571491e+00 -1.000000000000000056e-01
2.121999999999999886e+01 -1.999555529752478772e-02 1.039783917969566485e+00 -1.000000000000000056e-01
2.123000000000000043e+01 -2.018168766789526711e-02 1.039776604370932001e+00 -1.000000000000000056e-01
2.124000000000000199e+01 -2.036392276795223957e-02 1.039769303025972924e+00 -1.000000000000000056e-01
2.125000000000000000e+01 -2.054223353091720952e-02 1.039762013080861802e+00 -1.000000000000000056e-01
2.126000000000000156e+01 -2.071659362703074866e-02 1.039754733682762833e+00 -1.000000000000000056e-01
2.126999999999999957e+01 -2.088697746722839935e-02 1.039747463980227327e+00 -1.000000000000000056e-01
2.128000000000000114e+01 -2.105336020691703572e-02 1.039740203124139839e+00 -1.000000000000000056e-01
2.128999999999999915e+01 -2.121571774913631400e-02 1.039732950267693745e+00 -1.000000000000000056e-01
2.130000000000000071e+01 -2.137402674756443827e-02 1.039725704567549425e+00 -1.000000000000000056e-01
2.130999999999999872e+01 -2.152826461018668425e-02 1.039718465184107377e+00 -1.000000000000000056e-01
2.132000000000000028e+01 -2.167840950120019511e-02 1.039711231282125947e+00 -1.000000000000000056e-01
2.133000000000000185e+01 -2.182444034500680141e-02 1.039704002031890173e+00 -1.000000000000000056e-01
2.133999999999999986e+01 -2.196633682794271042e-02 1.039696776607949902e+00 -1.000000000000000056e-01
2.135000000000000142e+01 -2.210407940095083373e-02 1.039689554192791077e+00 -1.000000000000000056e-01
2.135999999999999943e+01 -2.223764928234816043e-02 1.039682333973924511e+00 -1.000000000000000056e-01
2.137000000000000099e+01 -2.236702845951719573e-02 1.039675115147256079e+00 -1.000000000000000056e-01
2.137999999999999901e+01 -2.249219969132426611e-02 1.039667896915761114e+00 -1.000000000000000056e-01
2.139000000000000057e+01 -2.261314650986018943e-02 1.039660678491258761e+00 -1.000000000000000056e-01
2.140000000000000213e+01 -2.272985322245070841e-02 1.039653459094267207e+00 -1.000000000000000056e-01
2.141000000000000014e+01 -2.284230491277481484e-02 1.039646237954471975e+00 -1.000000000000000056e-01
2.142000000000000171e+01 -2.295048744317631020e-02 1.039639014312085497e+00 -1.000000000000000056e-01
2.142999999999999972e+01 -2.305438745543495968e-02 1.039631787417000908e+00 -1.000000000000000056e-01
2.144000000000000128e+01 -2.315399237192909687e-02 1.039624556530775790e+00 -1.000000000000000056e-01
2.144999999999999929e+01 -2.324929039728036023e-02 1.039617320925815713e+00 -1.000000000000000056e-01
2.146000000000000085e+01 -2.334027051857482174e-02 1.039610079886930549e+00 -1.000000000000000056e-01
2.146999999999999886e+01 -2.342692250682153546e-02 1.039602832711159497e+00 -1.000000000000000056e-01
2.148000000000000043e+01 -2.350923691718906708e-02 1.039595578708103485e+00 -1.000000000000000056e-01
2.149000000000000199e+01 -2.358720508942897115e-02 1.039588317201296741e+00 -1.000000000000000056e-01
2.150000000000000000e+01 -2.366081914873698760e-02 1.039581047527462054e+00 -1.000000000000000056e-01
2.151000000000000156e+01 -2.373007200560272797e-02 1.039573769037803741e+00 -1.000000000000000056e-01
2.151999999999999957e+01 -2.379495735582117660e-02 1.039566481098138429e+00 -1.000000000000000056e-01
2.153000000000000114e+01 -2.385546968091897466e-02 1.039559183089125538e+00 -1.000000000000000056e-01
2.153999999999999915e+01 -2.391160424734569551e-02 1.039551874407234955e+00 -1.000000000000000056e-01
2.155000000000000071e+01 -2.396335710671830196e-02 1.039544554464060910e+00 -1.000000000000000056e-01
2.155999999999999872e+01 -2.401072509491133933e-02 1.039537222688065476e+00 -1.000000000000000056e-01
2.157000000000000028e+01 -2.405370583181288754e-02 1.039529878523732132e+00 -1.000000000000000056e-01
2.158000000000000185e+01 -2.409229772037430051e-02 1.039522521432696411e+00 -1.000000000000000056e-01
2.158999999999999986e+01 -2.412649994566771691e-02 1.039515150893619788e+00 -1.000000000000000056e-01
2.160000000000000142e+01 -2.415631247417365790e-02 1.039507766402541389e+00 -1.000000000000000056e-01
2.160999999999999943e+01 -2.418173605246995775e-02 1.039500367473730646e+00 -1.000000000000000056e-01
2.162000000000000099e+01 -2.420277220571218774e-02 1.039492953639223005e+00 -1.000000000000000056e-01
2.162999999999999901e+01 -2.421942323668841573e-02 1.039485524449138554e+00 -1.000000000000000056e-01
2.164000000000000057e+01 -2.423169222390212513e-02 1.039478079473001415e+00 -1.000000000000000056e-01
2.165000000000000213e+01 -2.423958302021960234e-02 1.039470618298298454e+00 -1.000000000000000056e-01
2.166000000000000014e+01 -2.424310025049756373e-02 1.039463140532296936e+00 -1.000000000000000056e-01
2.167000000000000171e+01 -2.424224931047148576e-02 1.039455645801100170e+00 -1.000000000000000056e-01
2.167999999999999972e+01 -2.423703636367906950e-02 1.039448133750605185e+00 -1.000000000000000056e-01
2.169000000000000128e+01 -2.422746834043676759e-02 1.039440604046246497e+00 -1.000000000000000056e-01
2.169999999999999929e+01 -2.421355293406074818e-02 1.039433056373314956e+00 -1.000000000000000056e-01
2.171000000000000085e+01 -2.419529859995877413e-02 1.039425490437150712e+00 -1.000000000000000056e-01
2.171999999999999886e+01 -2.417271455182297066e-02 1.039417905963275324e+00 -1.000000000000000056e-01
2.173000000000000043e+01 -2.414581075930108747e-02 1.039410302697363342e+00 -1.000000000000000056e-01
2.174000000000000199e+01 -2.411459794568023354e-02 1.039402680405641544e+00 -1.000000000000000056e-01
2.175000000000000000e+01 -2.407908758369970564e-02 1.039395038874754595e+00 -1.000000000000000056e-01
2.176000000000000156e+01 -2.403929189388830795e-02 1.039387377911758614e+00 -1.000000000000000056e-01
2.176999999999999957e+01 -2.399522384011787760e-02 1.039379697344757103e+00 -1.000000000000000056e-01
2.178000000000000114e+01 -2.394689712707774587e-02 1.039371997021980576e+00 -1.000000000000000056e-01
2.178999999999999915e+01 -2.389432619619022077e-02 1.039364276812992927e+00 -1.000000000000000056e-01
2.180000000000000071e+01 -2.383752622264243351e-02 1.039356536607577874e+00 -1.000000000000000056e-01
2.180999999999999872e+01 -2.377651311109609325e-02 1.039348776316583400e+00 -1.000000000000000056e-01
2.182000000000000028e+01 -2.371130349212119751e-02 1.039340995871566475e+00 -1.000000000000000056e-01
2.183000000000000185e+01 -2.364191471825893148e-02 1.039333195224800610e+00 -1.000000000000000056e-01
2.183999999999999986e+01 -2.356836485996403538e-02 1.039325374349147513e+00 -1.000000000000000056e-01
2.185000000000000142e+01 -2.349067270106018276e-02 1.039317533238351521e+00 -1.000000000000000056e-01
2.185999999999999943e+01 -2.340885773528640634e-02 1.039309671906361254e+00 -1.000000000000000056e-01
2.187000000000000099e+01 -2.332294016054695801e-02 1.039301790388275304e+00 -1.000000000000000056e-01
2.187999999999999901e+01 -2.323294087575378947e-02 1.039293888738715310e+00 -1.000000000000000056e-01
2.189000000000000057e+01 -2.313888147536636089e-02 1.039285967033497959e+00 -1.000000000000000056e-01
2.190000000000000213e+01 -2.304078424475631409e-02 1.039278025367998293e+00 -1.000000000000000056e-01
2.191000000000000014e+01 -2.293867215540032131e-02 1.039270063857920645e+00 -1.000000000000000056e-01
2.192000000000000171e+01 -2.283256886008421319e-02 1.039262082638773732e+00 -1.000000000000000056e-01
2.192999999999999972e+01 -2.272249868743583812e-02 1.039254081865983448e+00 -1.000000000000000056e-01
2.194000000000000128e+01 -2.260848663702452396e-02 1.039246061714294678e+00 -1.000000000000000056e-01
2.194999999999999929e+01 -2.249055837379049586e-02 1.039238022378026871e+00 -1.000000000000000056e-01
2.196000000000000085e+01 -2.236874022329360737e-02 1.039229964070614631e+00 -1.000000000000000056e-01
2.196999999999999886e+01 -2.224305916497327715e-02 1.039221887024630364e+00 -1.000000000000000056e-01
2.198000000000000043e+01 -2.211354282789345163e-02 1.039213791491047534e+00 -1.000000000000000056e-01
2.199000000000000199e+01 -2.198021948402972825e-02 1.039205677740010714e+00 -1.000000000000000056e-01
2.200000000000000000e+01 -2.184311804292084908e-02 1.039197546059332344e+00 -1.000000000000000056e-01
2.201000000000000156e+01 -2.170226804574264257e-02 1.039189396755170858e+00 -1.000000000000000056e-01
2.201999999999999957e+01 -2.155769965897812862e-02 1.039181230151936974e+00 -1.000000000000000056e-01
2.203000000000000114e+01 -2.140944366856839184e-02 1.039173046590555538e+00 -1.000000000000000056e-01
2.203999999999999915e+01 -2.125753147356670286e-02 1.039164846430584044e+00 -1.000000000000000056e-01
2.205000000000000071e+01 -2.110199507999482860e-02 1.039156630047396668e+00 -1.000000000000000056e-01
2.205999999999999872e+01 -2.094286709412121819e-02 1.039148397833956849e+00 -1.000000000000000056e-01
2.207000000000000028e+01 -2.078018071614316439e-02 1.039140150199558521e+00 -1.000000000000000056e-01
2.208000000000000185e+01 -2.061396973350395137e-02 1.039131887569332058e+00 -1.000000000000000056e-01
2.208999999999999986e+01 -2.044426851431018974e-02 1.039123610384973473e+00 -1.000000000000000056e-01
2.210000000000000142e+01 -2.027111200018677159e-02 1.039115319103367518e+00 -1.000000000000000056e-01
2.210999999999999943e+01 -2.009453569976006604e-02 1.039107014197005574e+00 -1.000000000000000056e-01
2.212000000000000099e+01 -1.991457568137125836e-02 1.039098696153532009e+00 -1.000000000000000056e-01
2.212999999999999901e+01 -1.973126856599859147e-02 1.039090365475263011e+00 -1.000000000000000056e-01
2.214000000000000057e+01 -1.954465152026035532e-02 1.039082022679346906e+00 -1.000000000000000056e-01
2.215000000000000213e+01 -1.935476224864140365e-02 1.039073668297010311e+00 -1.000000000000000056e-01
2.216000000000000014e+01 -1.916163898657449391e-02 1.039065302873432906e+00 -1.000000000000000056e-01
2.217000000000000171e+01 -1.896532049259017083e-02 1.039056926967494299e+00 -1.000000000000000056e-01
2.217999999999999972e+01 -1.876584604083425187e-02 1.039048541151742944e+00 -1.000000000000000056e-01
2.219000000000000128e+01 -1.856325541332486811e-02 1.039040146011075638e+00 -1.000000000000000056e-01
2.219999999999999929e+01 -1.835758889192689799e-02 1.039031742143603498e+00 -1.000000000000000056e-01
2.221000000000000085e+01 -1.814888725096105646e-02 1.039023330159206449e+00 -1.000000000000000056e-01
2.221999999999999886e+01 -1.793719174852150683e-02 1.039014910679914250e+00 -1.000000000000000056e-01
2.223000000000000043e+01 -1.772254411905775651e-02 1.039006484338278913e+00 -1.000000000000000056e-01
2.224000000000000199e+01 -1.750498656465408059e-02 1.038998051778095011e+00 -1.000000000000000056e-01
2.225000000000000000e+01 -1.728456174723666181e-02 1.038989613652751443e+00 -1.000000000000000056e-01
2.226000000000000156e+01 -1.706131278022039038e-02 1.038981170624674322e+00 -1.000000000000000056e-01
2.226999999999999957e+01 -1.683528322008444669e-02 1.038972723364831818e+00 -1.000000000000000056e-01
2.228000000000000114e+01 -1.660651705834955555e-02 1.038964272551627266e+00 -1.000000000000000056e-01
2.228999999999999915e+01 -1.637505871304551289e-02 1.038955818869571779e+00 -1.000000000000000056e-01
2.230000000000000071e+01 -1.614095302051841638e-02 1.038947363009282920e+00 -1.000000000000000056e-01
2.230999999999999872e+01 -1.590424522744169483e-02 1.038938905665338419e+00 -1.000000000000000056e-01
2.232000000000000028e+01 -1.566498098203883416e-02 1.038930447535948209e+00 -1.000000000000000056e-01
2.233000000000000185e+01 -1.542320632631642360e-02 1.038921989321929473e+00 -1.000000000000000056e-01
2.233999999999999986e+01 -1.517896768765655477e-02 1.038913531725728756e+00 -1.000000000000000056e-01
2.235000000000000142e+01 -1.493231187059826208e-02 1.038905075450623272e+00 -1.000000000000000056e-01
2.235999999999999943e+01 -1.468328604822977460e-02 1.038896621199679515e+00 -1.000000000000000056e-01
2.237000000000000099e+01 -1.443193775453046994e-02 1.038888169676459805e+00 -1.000000000000000056e-01
2.237999999999999901e+01 -1.417831487489946973e-02 1.038879721582126603e+00 -1.000000000000000056e-01
2.239000000000000057e+01 -1.392246563842784723e-02 1.038871277618252487e+00 -1.000000000000000056e-01
2.240000000000000213e+01 -1.366443860869527918e-02 1.038862838483304518e+00 -1.000000000000000056e-01
2.241000000000000014e+01 -1.340428267475867255e-02 1.038854404874790749e+00 -1.000000000000000056e-01
2.242000000000000171e+01 -1.314204704279803293e-02 1.038845977487906636e+00 -1.000000000000000056e-01
2.242999999999999972e+01 -1.287778122612551895e-02 1.038837557015862778e+00 -1.000000000000000056e-01
2.244000000000000128e+01 -1.261153503648369985e-02 1.038829144148898820e+00 -1.000000000000000056e-01
2.244999999999999929e+01 -1.234335857476457667e-02 1.038820739575798457e+00 -1.000000000000000056e-01
2.246000000000000085e+01 -1.207330222076115518e-02 1.038812343981393438e+00 -1.000000000000000056e-01
2.246999999999999886e+01 -1.180141662474753009e-02 1.038803958048686304e+00 -1.000000000000000056e-01
2.248000000000000043e+01 -1.152775269725214019e-02 1.038795582456756739e+00 -1.000000000000000056e-01
2.249000000000000199e+01 -1.125236159945848004e-02 1.038787217881496083e+00 -1.000000000000000056e-01
2.250000000000000000e+01 -1.097529473374248693e-02 1.038778864995056006e+00 -1.000000000000000056e-01
2.251000000000000156e+01 -1.069660373434605689e-02 1.038770524465444156e+00 -1.000000000000000056e-01
2.251999999999999957e+01 -1.041634045688702610e-02 1.038762196956277029e+00 -1.000000000000000056e-01
2.253000000000000114e+01 -1.013455696953257691e-02 1.038753883126084077e+00 -1.000000000000000056e-01
2.253999999999999915e+01 -9.851305542913418520e-03 1.038745583628509106e+00 -1.000000000000000056e-01
2.255000000000000071e+01 -9.566638640480927547e-03 1.038737299111266443e+00 -1.000000000000000056e-01
2.255999999999999872e+01 -9.280608908842734664e-03 1.038729030216011040e+00 -1.000000000000000056e-01
2.257000000000000028e+01 -8.993269168178457187e-03 1.038720777577986976e+00 -1.000000000000000056e-01
2.258000000000000185e+01 -8.704672402339550669e-03 1.038712541825405955e+00 -1.000000000000000056e-01
2.258999999999999986e+01 -8.414871749392755299e-03 1.038704323578955036e+00 -1.000000000000000056e-01
2.260000000000000142e+01 -8.123920491456965154e-03 1.038696123451595676e+00 -1.000000000000000056e-01
2.260999999999999943e+01 -7.831872045762655957e-03 1.038687942047835877e+00 -1.000000000000000056e-01
2.262000000000000099e+01 -7.538779954029931236e-03 1.038679779963613603e+00 -1.000000000000000056e-01
2.262999999999999901e+01 -7.244697873198315333e-03 1.038671637785367752e+00 -1.000000000000000056e-01
2.264000000000000057e+01 -6.949679565985023011e-03 1.038663516090216454e+00 -1.000000000000000056e-01
2.265000000000000213e+01 -6.653778890266548798e-03 1.038655415445034036e+00 -1.000000000000000056e-01
2.266000000000000014e+01 -6.357049790266705407e-03 1.038647336406122168e+00 -1.000000000000000056e-01
2.267000000000000171e+01 -6.059546286042176780e-03 1.038639279519207870e+00 -1.000000000000000056e-01
2.267999999999999972e+01 -5.761322464407041613e-03 1.038631245318262453e+00 -1.000000000000000056e-01
2.269000000000000128e+01 -5.462432468495490370e-03 1.038623234326116362e+00 -1.000000000000000056e-01
2.269999999999999929e+01 -5.162930488474123600e-03 1.038615247053014556e+00 -1.000000000000000056e-01
2.271000000000000085e+01 -4.862870751683005810e-03 1.038607283997111219e+00 -1.000000000000000056e-01
2.271999999999999886e+01 -4.562307512776737559e-03 1.038599345643715699e+00 -1.000000000000000056e-01
2.273000000000000043e+01 -4.261295044121322928e-03 1.038591432464744280e+00 -1.000000000000000056e-01
2.274000000000000199e+01 -3.959887625848221814e-03 1.038583544918978863e+00 -1.000000000000000056e-01
2.275000000000000000e+01 -3.658139536379948192e-03 1.038575683451409937e+00 -1.000000000000000056e-01
2.276000000000000156e+01 -3.356105042733790317e-03 1.038567848492525592e+00 -1.000000000000000056e-01
2.276999999999999957e+01 -3.053838390335255996e-03 1.038560040458861300e+00 -1.000000000000000056e-01
2.278000000000000114e+01 -2.751393794037023614e-03 1.038552259752121509e+00 -1.000000000000000056e-01
2.278999999999999915e+01 -2.448825428013819226e-03 1.038544506758885211e+00 -1.000000000000000056e-01
2.280000000000000071e+01 -2.146187416059644991e-03 1.038536781850898150e+00 -1.000000000000000056e-01
2.280999999999999872e+01 -1.843533822463455695e-03 1.038529085384108708e+00 -1.000000000000000056e-01
2.282000000000000028e+01 -1.540918641589581872e-03 1.038521417698851979e+00 -1.000000000000000056e-01
2.283000000000000185e+01 -1.238395789155941540e-03 1.038513779119999647e+00 -1.000000000000000056e-01
2.283999999999999986e+01 -9.360190923985951339e-04 1.038506169955270675e+00 -1.000000000000000056e-01
2.285000000000000142e+01 -6.338422799745267646e-04 1.038498590497425766e+00 -1.000000000000000056e-01
2.285999999999999943e+01 -3.319189733570382015e-04 1.038491041021587291e+00 -1.000000000000000056e-01
2.287000000000000099e+01 -3.030267708100278142e-05 1.038483521786991659e+00 -1.000000000000000056e-01
2.287999999999999901e+01 2.709532312893018851e-04 1.038476033035527157e+00 -1.000000000000000056e-01
2.289000000000000057e+01 5.717955092738259606e-04 1.038468574992617910e+00 -1.000000000000000056e-01
2.290000000000000213e+01 8.721710602265668249e-04 1.038461147866154954e+00 -1.000000000000000056e-01
2.291000000000000014e+01 1.172026941575009858e-03 1.038453751847201234e+00 -1.000000000000000056e-01
2.292000000000000171e+01 1.471310374644760506e-03 1.038446387109348112e+00 -1.000000000000000056e-01
2.292999999999999972e+01 1.769968753691561003e-03 1.038439053808674295e+00 -1.000000000000000056e-01
2.294000000000000128e+01 2.067949654995379031e-03 1.038431752084206128e+00 -1.000000000000000056e-01
2.294999999999999929e+01 2.365200846246593228e-03 1.038424482056999221e+00 -1.000000000000000056e-01
2.296000000000000085e+01 2.661670295304101579e-03 1.038417243830621617e+00 -1.000000000000000056e-01
2.296999999999999886e+01 2.957306179544628988e-03 1.038410037491377391e+00 -1.000000000000000056e-01
2.298000000000000043e+01 3.252056894444522919e-03 1.038402863107509955e+00 -1.000000000000000056e-01
2.299000000000000199e+01 3.545871063067765339e-03 1.038395720729635929e+00 -1.000000000000000056e-01
2.300000000000000000e+01 3.838697544243175556e-03 1.038388610391072220e+00 -1.000000000000000056e-01
2.301000000000000156e+01 4.130485441883019471e-03 1.038381532107092609e+00 -1.000000000000000056e-01
2.301999999999999957e+01 4.421184113757184106e-03 1.038374485875544373e+00 -1.000000000000000056e-01
2.303000000000000114e+01 4.710743179596753143e-03 1.038367471676769904e+00 -1.000000000000000056e-01
2.303999999999999915e+01 4.999112530599054277e-03 1.038360489473288295e+00 -1.000000000000000056e-01
2.305000000000000071e+01 5.286242337256408588e-03 1.038353539210441046e+00 -1.000000000000000056e-01
2.305999999999999872e+01 5.572083058053459853e-03 1.038346620816074761e+00 -1.000000000000000056e-01
2.307000000000000028e+01 5.856585448525359304e-03 1.038339734200759645e+00 -1.000000000000000056e-01
2.308000000000000185e+01 6.139700568399303858e-03 1.038332879257689134e+00 -1.000000000000000056e-01
2.308999999999999986e+01 6.421379791240953462e-03 1.038326055863294073e+00 -1.000000000000000056e-01
2.310000000000000142e+01 6.701574811586673806e-03 1.038319263876710030e+00 -1.000000000000000056e-01
2.310999999999999943e+01 6.980237654003284067e-03 1.038312503140254028e+00 -1.000000000000000056e-01
2.312000000000000099e+01 7.257320680406290601e-03 1.038305773480058924e+00 -1.000000000000000056e-01
2.312999999999999901e+01 7.532776598706627386e-03 1.038299074704738256e+00 -1.000000000000000056e-01
2.314000000000000057e+01 7.806558470483999750e-03 1.038292406607732588e+00 -1.000000000000000056e-01
2.315000000000000213e+01 8.078619718589218068e-03 1.038285768965288458e+00 -1.000000000000000056e-01
2.316000000000000014e+01 8.348914135761491273e-03 1.038279161538327999e+00 -1.000000000000000056e-01
2.317000000000000171e+01 8.617395891312527173e-03 1.038272584071543658e+00 -1.000000000000000056e-01
2.317999999999999972e+01 8.884019539379827204e-03 1.038266036294382744e+00 -1.000000000000000056e-01
2.319000000000000128e+01 9.148740026850895463e-03 1.038259517920865793e+00 -1.000000000000000056e-01
2.319999999999999929e+01 9.411512699643831067e-03 1.038253028649581911e+00 -1.000000000000000056e-01
2.321000000000000085e+01 9.672293311148525558e-03 1.038246568164800987e+00 -1.000000000000000056e-01
2.321999999999999886e+01 9.931038029588475438e-03 1.038240136135823333e+00 -1.000000000000000056e-01
2.323000000000000043e+01 1.018770344422458528e-02 1.038233732217593630e+00 -1.000000000000000056e-01
2.324000000000000199e+01 1.044224657348059165e-02 1.038227356051160788e+00 -1.000000000000000056e-01
2.325000000000000000e+01 1.069462487181214137e-02 1.038221007263467000e+00 -1.000000000000000056e-01
2.326000000000000156e+01 1.094479623617357344e-02 1.038214685468684229e+00 -1.000000000000000056e-01
2.326999999999999957e+01 1.119271901341527785e-02 1.038208390266650127e+00 -1.000000000000000056e-01
2.328000000000000114e+01 1.143835200704333525e-02 1.038202121245433318e+00 -1.000000000000000056e-01
2.328999999999999915e+01 1.168165448343468256e-02 1.038195877979812165e+00 -1.000000000000000056e-01
2.330000000000000071e+01 1.192258617914979460e-02 1.038189660032699413e+00 -1.000000000000000056e-01
2.330999999999999872e+01 1.216110730674524118e-02 1.038183466954877954e+00 -1.000000000000000056e-01
2.332000000000000028e+01 1.239717856173134028e-02 1.038177298285733130e+00 -1.000000000000000056e-01
2.333000000000000185e+01 1.263076112845803838e-02 1.038171153553459902e+00 -1.000000000000000056e-01
2.333999999999999986e+01 1.286181668682025332e-02 1.038165032275069732e+00 -1.000000000000000056e-01
2.335000000000000142e+01 1.309030741799056471e-02 1.038158933957571861e+00 -1.000000000000000056e-01
2.335999999999999943e+01 1.331619601040264118e-02 1.038152858097679765e+00 -1.000000000000000056e-01
2.337000000000000099e+01 1.353944566618294279e-02 1.038146804182041638e+00 -1.000000000000000056e-01
2.337999999999999901e+01 1.376002010643879482e-02 1.038140771688537356e+00 -1.000000000000000056e-01
2.339000000000000057e+01 1.397788357719013247e-02 1.038134760085452690e+00 -1.000000000000000056e-01
2.340000000000000213e+01 1.419300085517151769e-02 1.038128768833253224e+00 -1.000000000000000056e-01
2.341000000000000014e+01 1.440533725311230265e-02 1.038122797383324025e+00 -1.000000000000000056e-01
2.342000000000000171e+01 1.461485862517430089e-02 1.038116845180232950e+00 -1.000000000000000056e-01
2.342999999999999972e+01 1.482153137249981809e-02 1.038110911660365288e+00 -1.000000000000000056e-01
2.344000000000000128e+01 1.502532244821390764e-02 1.038104996253793155e+00 -1.000000000000000056e-01
2.344999999999999929e+01 1.522619936250757706e-02 1.038099098383625796e+00 -1.000000000000000056e-01
2.346000000000000085e+01 1.542413018800165014e-02 1.038093217467194185e+00 -1.000000000000000056e-01
2.346999999999999886e+01 1.561908356392096783e-02 1.038087352916054362e+00 -1.000000000000000056e-01
2.348000000000000043e+01 1.581102870199529650e-02 1.038081504136334043e+00 -1.000000000000000056e-01
2.349000000000000199e+01 1.599993538986768660e-02 1.038075670529513772e+00 -1.000000000000000056e-01
2.350000000000000000e+01 1.618577399662943228e-02 1.038069851492925855e+00 -1.000000000000000056e-01
2.351000000000000156e+01 1.636851547695742162e-02 1.038064046419471254e+00 -1.000000000000000056e-01
2.351999999999999957e+01 1.654813137538478987e-02 1.038058254698878802e+00 -1.000000000000000056e-01
2.353000000000000114e+01 1.672459383057720711e-02 1.038052475717737178e+00 -1.000000000000000056e-01
2.353999999999999915e+01 1.689787557982235996e-02 1.038046708860114409e+00 -1.000000000000000056e-01
2.355000000000000071e+01 1.706794996223433281e-02 1.038040953507628705e+00 -1.000000000000000056e-01
2.355999999999999872e+01 1.723479092376110564e-02 1.038035209040544471e+00 -1.000000000000000056e-01
2.357000000000000028e+01 1.739837302007768774e-02 1.038029474837415478e+00 -1.000000000000000056e-01
2.358000000000000185e+01 1.755867142067652972e-02 1.038023750276489521e+00 -1.000000000000000056e-01
2.358999999999999986e+01 1.771566191228229198e-02 1.038018034734789596e+00 -1.000000000000000056e-01
2.360000000000000142e+01 1.786932090266012824e-02 1.038012327590585482e+00 -1.000000000000000056e-01
2.360999999999999943e+01 1.801962542360359409e-02 1.038006628221289418e+00 -1.000000000000000056e-01
2.362000000000000099e+01 1.816655313384016660e-02 1.038000936006186148e+00 -1.000000000000000056e-01
2.362999999999999901e+01 1.831008232346358067e-02 1.037995250325660646e+00 -1.000000000000000056e-01
2.364000000000000057e+01 1.845019191507757048e-02 1.037989570561705266e+00 -1.000000000000000056e-01
2.365000000000000213e+01 1.858686146826824676e-02 1.037983896098852554e+00 -1.000000000000000056e-01
2.366000000000000014e+01 1.872007118157149527e-02 1.037978226323871711e+00 -1.000000000000000056e-01
2.367000000000000171e+01 1.884980189508736123e-02 1.037972560627170138e+00 -1.000000000000000056e-01
2.367999999999999972e+01 1.897603509348382012e-02 1.037966898402313598e+00 -1.000000000000000056e-01
2.369000000000000128e+01 1.909875290796929706e-02 1.037961239046609085e+00 -1.000000000000000056e-01
2.369999999999999929e+01 1.921793811863893239e-02 1.037955581962245244e+00 -1.000000000000000056e-01
2.371000000000000085e+01 1.933357415703695556e-02 1.037949926555655100e+00 -1.000000000000000056e-01
2.371999999999999886e+01 1.944564510752288047e-02 1.037944272238656929e+00 -1.000000000000000056e-01
2.373000000000000043e+01 1.955413570980718205e-02 1.037938618428551285e+00 -1.000000000000000056e-01
2.374000000000000199e+01 1.965903136050060548e-02 1.037932964548615944e+00 -1.000000000000000056e-01
2.375000000000000000e+01 1.976031811473769745e-02 1.037927310028176286e+00 -1.000000000000000056e-01
2.376000000000000156e+01 1.985798268772204569e-02 1.037921654303739061e+00 -1.000000000000000056e-01
2.376999999999999957e+01 1.995201245658524691e-02 1.037915996818117526e+00 -1.000000000000000056e-01
2.378000000000000114e+01 2.004239546097079730e-02 1.037910337022438734e+00 -1.000000000000000056e-01
2.378999999999999915e+01 2.012912040494149735e-02 1.037904674374811265e+00 -1.000000000000000056e-01
2.380000000000000071e+01 2.021217665746635056e-02 1.037899008341806928e+00 -1.000000000000000056e-01
2.380999999999999872e+01 2.029155425388435782e-02 1.037893338398439225e+00 -1.000000000000000056e-01
2.382000000000000028e+01 2.036724389642695712e-02 1.037887664028545265e+00 -1.000000000000000056e-01
2.383000000000000185e+01 2.043923695488455983e-02 1.037881984724974727e+00 -1.000000000000000056e-01
2.383999999999999986e+01 2.050752546753200484e-02 1.037876299989903606e+00 -1.000000000000000056e-01
2.385000000000000142e+01 2.057210214112738245e-02 1.037870609335810768e+00 -1.000000000000000056e-01
2.385999999999999943e+01 2.063296035190051447e-02 1.037864912284576668e+00 -1.000000000000000056e-01
2.387000000000000099e+01 2.069009414490861898e-02 1.037859208369048103e+00 -1.000000000000000056e-01
2.387999999999999901e+01 2.074349823529185108e-02 1.037853497132252389e+00 -1.000000000000000056e-01
2.389000000000000057e+01 2.079316800713147326e-02 1.037847778128724530e+00 -1.000000000000000056e-01
2.390000000000000213e+01 2.083909951418545792e-02 1.037842050924121073e+00 -1.000000000000000056e-01
2.391000000000000014e+01 2.088128947924964771e-02 1.037836315095165274e+00 -1.000000000000000056e-01
2.392000000000000171e+01 2.091973529381926239e-02 1.037830570231263572e+00 -1.000000000000000056e-01
2.392999999999999972e+01 2.095443501783999726e-02 1.037824815933443778e+00 -1.000000000000000056e-01
2.394000000000000128e+01 2.098538737901947671e-02 1.037819051814933280e+00 -1.000000000000000056e-01
2.394999999999999929e+01 2.101259177202741135e-02 1.037813277502215747e+00 -1.000000000000000056e-01
2.396000000000000085e+01 2.103604825774985781e-02 1.037807492633839201e+00 -1.000000000000000056e-01
2.396999999999999886e+01 2.105575756250713942e-02 1.037801696862161283e+00 -1.000000000000000056e-01
2.398000000000000043e+01 2.107172107677629178e-02 1.037795889852349829e+00 -1.000000000000000056e-01
2.399000000000000199e+01 2.108394085419245528e-02 1.037790071283360538e+00 -1.000000000000000056e-01
2.400000000000000000e+01 2.109241961022509382e-02 1.037784240847692274e+00 -1.000000000000000056e-01
2.401000000000000156e+01 2.109716072058532774e-02 1.037778398251976153e+00 -1.000000000000000056e-01
2.401999999999999957e+01 2.109816822030806741e-02 1.037772543216605392e+00 -1.000000000000000056e-01
2.403000000000000114e+01 2.109544680131925434e-02 1.037766675476586631e+00 -1.000000000000000056e-01
2.403999999999999915e+01 2.108900181123838855e-02 1.037760794781024343e+00 -1.000000000000000056e-01
2.405000000000000071e+01 2.107883925142192694e-02 1.037754900893719912e+00 -1.000000000000000056e-01
2.406000000000000227e+01 2.106496577509117327e-02 1.037748993593242686e+00 -1.000000000000000056e-01
2.407000000000000028e+01 2.104738868458540593e-02 1.037743072672620004e+00 -1.000000000000000056e-01
2.408000000000000185e+01 2.102611593038928792e-02 1.037737137940269339e+00 -1.000000000000000056e-01
2.408999999999999986e+01 2.100115610766100163e-02 1.037731189219268879e+00 -1.000000000000000056e-01
2.410000000000000142e+01 2.097251845432688763e-02 1.037725226347753216e+00 -1.000000000000000056e-01
2.410999999999999943e+01 2.094021284875146119e-02 1.037719249179449355e+00 -1.000000000000000056e-01
2.412000000000000099e+01 2.090424980662223750e-02 1.037713257582773885e+00 -1.000000000000000056e-01
2.412999999999999901e+01 2.086464047843943070e-02 1.037707251441883249e+00 -1.000000000000000056e-01
2.414000000000000057e+01 2.082139664689651101e-02 1.037701230656023155e+00 -1.000000000000000056e-01
2.415000000000000213e+01 2.077453072316145719e-02 1.037695195139830329e+00 -1.000000000000000056e-01
2.416000000000000014e+01 2.072405574504313647e-02 1.037689144823349396e+00 -1.000000000000000056e-01
2.417000000000000171e+01 2.066998537240508430e-02 1.037683079652079510e+00 -1.000000000000000056e-01
2.417999999999999972e+01 2.061233388495891522e-02 1.037676999586917281e+00 -1.000000000000000056e-01
2.419000000000000128e+01 2.055111617839296828e-02 1.037670904603880340e+00 -1.000000000000000056e-01
2.419999999999999929e+01 2.048634776097057325e-02 1.037664794694705073e+00 -1.000000000000000056e-01
2.421000000000000085e+01 2.041804474985858472e-02 1.037658669866206029e+00 -1.000000000000000056e-01
2.421999999999999886e+01 2.034622386778869862e-02 1.037652530140600327e+00 -1.000000000000000056e-01
2.423000000000000043e+01 2.027090243878835671e-02 1.037646375555079326e+00 -1.000000000000000056e-01
2.424000000000000199e+01 2.019209838445905347e-02 1.037640206162427692e+00 -1.000000000000000056e-01
2.425000000000000000e+01 2.010983022033099518e-02 1.037634022029964020e+00 -1.000000000000000056e-01
2.426000000000000156e+01 2.002411705113934029e-02 1.037627823240278246e+00 -1.000000000000000056e-01
2.426999999999999957e+01 1.993497856725556794e-02 1.037621609890947871e+00 -1.000000000000000056e-01
2.428000000000000114e+01 1.984243504002165814e-02 1.037615382093956651e+00 -1.000000000000000056e-01
2.428999999999999915e+01 1.974650731759479763e-02 1.037609139976190420e+00 -1.000000000000000056e-01
2.430000000000000071e+01 1.964721682015328416e-02 1.037602883678842236e+00 -1.000000000000000056e-01
2.431000000000000227e+01 1.954458553602760398e-02 1.037596613357665287e+00 -1.000000000000000056e-01
2.432000000000000028e+01 1.943863601605253302e-02 1.037590329182306981e+00 -1.000000000000000056e-01
2.433000000000000185e+01 1.932939136984824363e-02 1.037584031336746815e+00 -1.000000000000000056e-01
2.433999999999999986e+01 1.921687526030985138e-02 1.037577720018464156e+00 -1.000000000000000056e-01
2.435000000000000142e+01 1.910111189890895469e-02 1.037571395438782629e+00 -1.000000000000000056e-01
2.435999999999999943e+01 1.898212604077731055e-02 1.037565057822320780e+00 -1.000000000000000056e-01
2.437000000000000099e+01 1.885994297939263056e-02 1.037558707407100878e+00 -1.000000000000000056e-01
2.437999999999999901e+01 1.873458854177474306e-02 1.037552344443531505e+00 -1.000000000000000056e-01
2.439000000000000057e+01 1.860608908263461717e-02 1.037545969195560858e+00 -1.000000000000000056e-01
2.440000000000000213e+01 1.847447147983503207e-02 1.037539581938764943e+00 -1.000000000000000056e-01
2.441000000000000014e+01 1.833976312805183848e-02 1.037533182961339229e+00 -1.000000000000000056e-01
2.442000000000000171e+01 1.820199193399618318e-02 1.037526772563348798e+00 -1.000000000000000056e-01
2.442999999999999972e+01 1.806118631040272079e-02 1.037520351055915890e+00 -1.000000000000000056e-01
2.444000000000000128e+01 1.791737517064251675e-02 1.037513918762042797e+00 -1.000000000000000056e-01
2.444999999999999929e+01 1.777058792242745475e-02 1.037507476015149477e+00 -1.000000000000000056e-01
2.446000000000000085e+01 1.762085446292845775e-02 1.037501023159358438e+00 -1.000000000000000056e-01
2.446999999999999886e+01 1.746820517136182110e-02 1.037494560548857248e+00 -1.000000000000000056e-01
2.448000000000000043e+01 1.731267090470257203e-02 1.037488088547847243e+00 -1.000000000000000056e-01
2.449000000000000199e+01 1.715428299029574458e-02 1.037481607529471272e+00 -1.000000000000000056e-01
2.450000000000000000e+01 1.699307321988508673e-02 1.037475117876430986e+00 -1.000000000000000056e-01
2.451000000000000156e+01 1.682907384417869218e-02 1.037468619979420525e+00 -1.000000000000000056e-01
2.451999999999999957e+01 1.666231756515799620e-02 1.037462114237881039e+00 -1.000000000000000056e-01
2.453000000000000114e+01 1.649283753072951220e-02 1.037455601058361321e+00 -1.000000000000000056e-01
2.453999999999999915e+01 1.632066732781580279e-02 1.037449080855665118e+00 -1.000000000000000056e-01
2.455000000000000071e+01 1.614584097561664808e-02 1.037442554050639787e+00 -1.000000000000000056e-01
2.456000000000000227e+01 1.596839291900746527e-02 1.037436021071409309e+00 -1.000000000000000056e-01
2.457000000000000028e+01 1.578835802207765801e-02 1.037429482352242749e+00 -1.000000000000000056e-01
2.458000000000000185e+01 1.560577156081779070e-02 1.037422938333268041e+00 -1.000000000000000056e-01
2.458999999999999986e+01 1.542066921659884272e-02 1.037416389460531718e+00 -1.000000000000000056e-01
2.460000000000000142e+01 1.523308706925942044e-02 1.037409836185584799e+00 -1.000000000000000056e-01
2.460999999999999943e+01 1.504306158985398156e-02 1.037403278965253195e+00 -1.000000000000000056e-01
2.462000000000000099e+01 1.485062963404802303e-02 1.037396718262046491e+00 -1.000000000000000056e-01
2.462999999999999901e+01 1.465582843471493861e-02 1.037390154543084142e+00 -1.000000000000000056e-01
2.464000000000000057e+01 1.445869559545470869e-02 1.037383588281473923e+00 -1.000000000000000056e-01
2.465000000000000213e+01 1.425926908292874523e-02 1.037377019954812463e+00 -1.000000000000000056e-01
2.466000000000000014e+01 1.405758722064905097e-02 1.037370450046658732e+00 -1.000000000000000056e-01
2.467000000000000171e+01 1.385368868137576426e-02 1.037363879045296589e+00 -1.000000000000000056e-01
2.467999999999999972e+01 1.364761248054131501e-02 1.037357307444449983e+00 -1.000000000000000056e-01
2.469000000000000128e+01 1.343939796918968387e-02 1.037350735743347352e+00 -1.000000000000000056e-01
2.469999999999999929e+01 1.322908482700178336e-02 1.037344164445788586e+00 -1.000000000000000056e-01
2.471000000000000085e+01 1.301671305532744669e-02 1.037337594060580015e+00 -1.000000000000000056e-01
2.471999999999999886e+01 1.280232297015641320e-02 1.037331025101182247e+00 -1.000000000000000056e-01
2.473000000000000043e+01 1.258595519493618635e-02 1.037324458085134182e+00 -1.000000000000000056e-01
2.474000000000000199e+01 1.236765065351881285e-02 1.037317893533391544e+00 -1.000000000000000056e-01
2.475000000000000000e+01 1.214745056255827314e-02 1.037311331970381056e+00 -1.000000000000000056e-01
2.476000000000000156e+01 1.192539642451296601e-02 1.037304773923062085e+00 -1.000000000000000056e-01
2.476999999999999957e+01 1.170153001961948477e-02 1.037298219919854825e+00 -1.000000000000000056e-01
2.478000000000000114e+01 1.147589339847382255e-02 1.037291670491152562e+00 -1.000000000000000056e-01
2.478999999999999915e+01 1.124852887454790007e-02 1.037285126167257099e+00 -1.000000000000000056e-01
2.480000000000000071e+01 1.101947901577292506e-02 1.037278587479225633e+00 -1.000000000000000056e-01
2.481000000000000227e+01 1.078878663689695691e-02 1.037272054956639211e+00 -1.000000000000000056e-01
2.482000000000000028e+01 1.055649479189196480e-02 1.037265529128609476e+00 -1.000000000000000056e-01
2.483000000000000185e+01 1.032264676503646082e-02 1.037259010522125768e+00 -1.000000000000000056e-01
2.483999999999999986e+01 1.008728606384066105e-02 1.037252499661747596e+00 -1.000000000000000056e-01
2.485000000000000142e+01 9.850456410136024590e-03 1.037245997069270453e+00 -1.000000000000000056e-01
2.485999999999999943e+01 9.612201732539731036e-03 1.037239503263556628e+00 -1.000000000000000056e-01
2.487000000000000099e+01 9.372566157821660832e-03 1.037233018758829450e+00 -1.000000000000000056e-01
2.487999999999999901e+01 9.131594003435872936e-03 1.037226544065829481e+00 -1.000000000000000056e-01
2.489000000000000057e+01 8.889329768496687795e-03 1.037220079690544194e+00 -1.000000000000000056e-01
2.490000000000000213e+01 8.645818126616963001e-03 1.037213626133503430e+00 -1.000000000000000056e-01
2.491000000000000014e+01 8.401103916607139191e-03 1.037207183890348050e+00 -1.000000000000000056e-01
2.492000000000000171e+01 8.155232135544442096e-03 1.037200753450810531e+00 -1.000000000000000056e-01
2.492999999999999972e+01 7.908247929668155152e-03 1.037194335298368353e+00 -1.000000000000000056e-01
2.494000000000000128e+01 7.660196586297804769e-03 1.037187929910374784e+00 -1.000000000000000056e-01
2.494999999999999929e+01 7.411123526330321704e-03 1.037181537757132288e+00 -1.000000000000000056e-01
2.496000000000000085e+01 7.161074295097362256e-03 1.037175159302336835e+00 -1.000000000000000056e-01
2.496999999999999886e+01 6.910094554826773372e-03 1.037168795001883304e+00 -1.000000000000000056e-01
2.498000000000000043e+01 6.658230076083707268e-03 1.037162445304500524e+00 -1.000000000000000056e-01
2.499000000000000199e+01 6.405526729614833756e-03 1.037156110650763186e+00 -1.000000000000000056e-01
2.500000000000000000e+01 6.152030478305912410e-03 1.037149791473135796e+00 -1.000000000000000056e-01
2.501000000000000156e+01 5.897787368366904509e-03 1.037143488195894747e+00 -1.000000000000000056e-01
2.501999999999999957e+01 5.642843521951643182e-03 1.037137201234230144e+00 -1.000000000000000056e-01
2.503000000000000114e+01 5.387245127962974126e-03 1.037130930994953237e+00 -1.000000000000000056e-01
2.503999999999999915e+01 5.131038434501695999e-03 1.037124677875235657e+00 -1.000000000000000056e-01
2.505000000000000071e+01 4.874269740026253468e-03 1.037118442263280427e+00 -1.000000000000000056e-01
2.506000000000000227e+01 4.616985385610385302e-03 1.037112224537159788e+00 -1.000000000000000056e-01
2.507000000000000028e+01 4.359231746354798147e-03 1.037106025065903658e+00 -1.000000000000000056e-01
2.508000000000000185e+01 4.101055222965319970e-03 1.037099844207630239e+00 -1.000000000000000056e-01
2.508999999999999986e+01 3.842502233903673150e-03 1.037093682310733067e+00 -1.000000000000000056e-01
2.510000000000000142e+01 3.583619206539258046e-03 1.037087539713115181e+00 -1.000000000000000056e-01
2.510999999999999943e+01 3.324452569904936487e-03 1.037081416741672646e+00 -1.000000000000000056e-01
2.512000000000000099e+01 3.065048744552768302e-03 1.037075313712977787e+00 -1.000000000000000056e-01
2.512999999999999901e+01 2.805454136764761602e-03 1.037069230932059494e+00 -1.000000000000000056e-01
2.514000000000000057e+01 2.545715128068740118e-03 1.037063168693198811e+00 -1.000000000000000056e-01
2.515000000000000213e+01 2.285878068373642987e-03 1.037057127278926627e+00 -1.000000000000000056e-01
2.516000000000000014e+01 2.025989267160179137e-03 1.037051106960440672e+00 -1.000000000000000056e-01
2.517000000000000171e+01 1.766094985430664540e-03 1.037045107997318638e+00 -1.000000000000000056e-01
2.517999999999999972e+01 1.506241427500262364e-03 1.037039130637103623e+00 -1.000000000000000056e-01
2.519000000000000128e+01 1.246474732644386584e-03 1.037033175115535499e+00 -1.000000000000000056e-01
2.519999999999999929e+01 9.868409675540838408e-04 1.037027241656166554e+00 -1.000000000000000056e-01
2.521000000000000085e+01 7.273861168913766826e-04 1.037021330470349278e+00 -1.000000000000000056e-01
2.521999999999999886e+01 4.681560770032297558e-04 1.037015441757299428e+00 -1.000000000000000056e-01
2.523000000000000043e+01 2.091966458977650490e-04 1.037009575703280895e+00 -1.000000000000000056e-01
2.524000000000000199e+01 -4.944648327710834842e-05 1.037003732482697504e+00 -1.000000000000000056e-01
2.525000000000000000e+01 -3.077277312136862696e-04 1.036997912256680587e+00 -1.000000000000000056e-01
2.526000000000000156e+01 -5.656016399934710821e-04 1.036992115174311779e+00 -1.000000000000000056e-01
2.526999999999999957e+01 -8.230228814711937476e-04 1.036986341371207043e+00 -1.000000000000000056e-01
2.528000000000000114e+01 -1.079946264737305026e-03 1.036980590970718596e+00 -1.000000000000000056e-01
2.528999999999999915e+01 -1.336326744389567008e-03 1.036974864082908176e+00 -1.000000000000000056e-01
2.530000000000000071e+01 -1.592119428533786928e-03 1.036969160805217172e+00 -1.000000000000000056e-01
2.531000000000000227e+01 -1.847279586051952692e-03 1.036963481221857108e+00 -1.000000000000000056e-01
2.532000000000000028e+01 -2.101762655015419583e-03 1.036957825404205336e+00 -1.000000000000000056e-01
2.533000000000000185e+01 -2.355524250353073241e-03 1.036952193410380252e+00 -1.000000000000000056e-01
2.533999999999999986e+01 -2.608520171143849549e-03 1.036946585285975164e+00 -1.000000000000000056e-01
2.535000000000000142e+01 -2.860706408773399864e-03 1.036941001062921197e+00 -1.000000000000000056e-01
2.535999999999999943e+01 -3.112039154596317123e-03 1.036935440760369254e+00 -1.000000000000000056e-01
2.537000000000000099e+01 -3.362474807015188895e-03 1.036929904384849221e+00 -1.000000000000000056e-01
2.537999999999999901e+01 -3.611969979484132287e-03 1.036924391929258116e+00 -1.000000000000000056e-01
2.539000000000000057e+01 -3.860481508254887638e-03 1.036918903373905243e+00 -1.000000000000000056e-01
2.540000000000000213e+01 -4.107966458616823559e-03 1.036913438686293709e+00 -1.000000000000000056e-01
2.541000000000000014e+01 -4.354382134251917266e-03 1.036907997820672778e+00 -1.000000000000000056e-01
2.542000000000000171e+01 -4.599686082382450220e-03 1.036902580718925826e+00 -1.000000000000000056e-01
2.542999999999999972e+01 -4.843836102921199142e-03 1.036897187309998580e+00 -1.000000000000000056e-01
2.544000000000000128e+01 -5.086790254444483600e-03 1.036891817510061209e+00 -1.000000000000000056e-01
2.544999999999999929e+01 -5.328506862261044898e-03 1.036886471223129380e+00 -1.000000000000000056e-01
2.546000000000000085e+01 -5.568944524537533351e-03 1.036881148340199621e+00 -1.000000000000000056e-01
2.546999999999999886e+01 -5.808062120552294830e-03 1.036875848740491435e+00 -1.000000000000000056e-01
2.548000000000000043e+01 -6.045818816669649119e-03 1.036870572290453207e+00 -1.000000000000000056e-01
2.549000000000000199e+01 -6.282174073711181000e-03 1.036865318844701012e+00 -1.000000000000000056e-01
2.550000000000000000e+01 -6.517087653916706774e-03 1.036860088245890488e+00 -1.000000000000000056e-01
2.551000000000000156e+01 -6.750519627471063787e-03 1.036854880324467487e+00 -1.000000000000000056e-01
2.551999999999999957e+01 -6.982430379515438580e-03 1.036849694899553587e+00 -1.000000000000000056e-01
2.553000000000000114e+01 -7.212780616452129159e-03 1.036844531778425837e+00 -1.000000000000000056e-01
2.553999999999999915e+01 -7.441531373089096436e-03 1.036839390757081869e+00 -1.000000000000000056e-01
2.555000000000000071e+01 -7.668644018544077366e-03 1.036834271620288739e+00 -1.000000000000000056e-01
2.556000000000000227e+01 -7.894080263268330247e-03 1.036829174141338683e+00 -1.000000000000000056e-01
2.557000000000000028e+01 -8.117802164959787500e-03 1.036824098083641843e+00 -1.000000000000000056e-01
2.558000000000000185e+01 -8.339772135382443607e-03 1.036819043198440093e+00 -1.000000000000000056e-01
2.558999999999999986e+01 -8.559952945902855187e-03 1.036814009227960964e+00 -1.000000000000000056e-01
2.560000000000000142e+01 -8.778307734599028259e-03 1.036808995902969821e+00 -1.000000000000000056e-01
2.560999999999999943e+01 -8.994800011454143901e-03 1.036804002944862857e+00 -1.000000000000000056e-01
2.562000000000000099e+01 -9.209393664914094016e-03 1.036799030064740723e+00 -1.000000000000000056e-01
2.562999999999999901e+01 -9.422052967615088953e-03 1.036794076964340672e+00 -1.000000000000000056e-01
2.564000000000000057e+01 -9.632742582411740057e-03 1.036789143335724361e+00 -1.000000000000000056e-01
2.565000000000000213e+01 -9.841427567822851052e-03 1.036784228861961310e+00 -1.000000000000000056e-01
2.566000000000000014e+01 -1.004807338409684919e-02 1.036779333217078491e+00 -1.000000000000000056e-01
2.567000000000000171e+01 -1.025264589881690405e-02 1.036774456066266836e+00 -1.000000000000000056e-01
2.567999999999999972e+01 -1.045511139188952908e-02 1.036769597066732995e+00 -1.000000000000000056e-01
2.569000000000000128e+01 -1.065543656187034095e-02 1.036764755866880439e+00 -1.000000000000000056e-01
2.569999999999999929e+01 -1.085358853065946511e-02 1.036759932107448767e+00 -1.000000000000000056e-01
2.571000000000000085e+01 -1.104953484891905806e-02 1.036755125421862544e+00 -1.000000000000000056e-01
2.571999999999999886e+01 -1.124324350155719507e-02 1.036750335435393966e+00 -1.000000000000000056e-01
2.573000000000000043e+01 -1.143468291254905525e-02 1.036745561766911683e+00 -1.000000000000000056e-01
2.574000000000000199e+01 -1.162382195004935115e-02 1.036740804028073892e+00 -1.000000000000000056e-01
2.575000000000000000e+01 -1.181062993147236756e-02 1.036736061824196087e+00 -1.000000000000000056e-01
2.576000000000000156e+01 -1.199507662796111228e-02 1.036731334753919764e+00 -1.000000000000000056e-01
2.576999999999999957e+01 -1.217713226983711816e-02 1.036726622410583554e+00 -1.000000000000000056e-01
2.578000000000000114e+01 -1.235676755042614677e-02 1.036721924381275528e+00 -1.000000000000000056e-01
2.578999999999999915e+01 -1.253395363137959663e-02 1.036717240248043792e+00 -1.000000000000000056e-01
2.580000000000000071e+01 -1.270866214672966912e-02 1.036712569587588284e+00 -1.000000000000000056e-01
2.581000000000000227e+01 -1.288086520756871224e-02 1.036707911972222229e+00 -1.000000000000000056e-01
2.582000000000000028e+01 -1.305053540599160518e-02 1.036703266969459802e+00 -1.000000000000000056e-01
2.583000000000000185e+01 -1.321764581996846995e-02 1.036698634142664277e+00 -1.000000000000000056e-01
2.583999999999999986e+01 -1.338217001661082955e-02 1.036694013051992602e+00 -1.000000000000000056e-01
2.585000000000000142e+01 -1.354408205704278265e-02 1.036689403252918584e+00 -1.000000000000000056e-01
2.585999999999999943e+01 -1.370335649974497097e-02 1.036684804298953377e+00 -1.000000000000000056e-01
2.587000000000000099e+01 -1.385996840489009743e-02 1.036680215739696820e+00 -1.000000000000000056e-01
2.587999999999999901e+01 -1.401389333737548988e-02 1.036675637123191551e+00 -1.000000000000000056e-01
2.589000000000000057e+01 -1.416510737164273018e-02 1.036671067993896189e+00 -1.000000000000000056e-01
2.590000000000000213e+01 -1.431358709390359064e-02 1.036666507896013556e+00 -1.000000000000000056e-01
2.591000000000000014e+01 -1.445930960664245854e-02 1.036661956370562576e+00 -1.000000000000000056e-01
2.592000000000000171e+01 -1.460225253150848092e-02 1.036657412958205127e+00 -1.000000000000000056e-01
2.592999999999999972e+01 -1.474239401268347648e-02 1.036652877198499079e+00 -1.000000000000000056e-01
2.594000000000000128e+01 -1.487971272012496814e-02 1.036648348630156757e+00 -1.000000000000000056e-01
2.594999999999999929e+01 -1.501418785250299356e-02 1.036643826791628697e+00 -1.000000000000000056e-01
2.596000000000000085e+01 -1.514579914038973255e-02 1.036639311221500215e+00 -1.000000000000000056e-01
2.596999999999999886e+01 -1.527452684901017821e-02 1.036634801458546029e+00 -1.000000000000000056e-01
2.598000000000000043e+01 -1.540035178091379332e-02 1.036630297042335336e+00 -1.000000000000000056e-01
2.599000000000000199e+01 -1.552325527905472867e-02 1.036625797513139213e+00 -1.000000000000000056e-01
2.600000000000000000e+01 -1.564321922891378711e-02 1.036621302412651380e+00 -1.000000000000000056e-01
2.601000000000000156e+01 -1.576022606131004949e-02 1.036616811284413409e+00 -1.000000000000000056e-01
2.601999999999999957e+01 -1.587425875464961236e-02 1.036612323673365310e+00 -1.000000000000000056e-01
2.603000000000000114e+01 -1.598530083714995095e-02 1.036607839127072106e+00 -1.000000000000000056e-01
2.603999999999999915e+01 -1.609333638937037250e-02 1.036603357195434949e+00 -1.000000000000000056e-01
2.605000000000000071e+01 -1.619835004574570608e-02 1.036598877431416543e+00 -1.000000000000000056e-01
2.606000000000000227e+01 -1.630032699701247992e-02 1.036594399390755594e+00 -1.000000000000000056e-01
2.607000000000000028e+01 -1.639925299198983707e-02 1.036589922633067040e+00 -1.000000000000000056e-01
2.608000000000000185e+01 -1.649511433918849496e-02 1.036585446721439707e+00 -1.000000000000000056e-01
2.608999999999999986e+01 -1.658789790870007774e-02 1.036580971223156622e+00 -1.000000000000000056e-01
2.610000000000000142e+01 -1.667759113365446799e-02 1.036576495709728096e+00 -1.000000000000000056e-01
2.610999999999999943e+01 -1.676418201170474728e-02 1.036572019757479479e+00 -1.000000000000000056e-01
2.612000000000000099e+01 -1.684765910641847914e-02 1.036567542947621767e+00 -1.000000000000000056e-01
2.612999999999999901e+01 -1.692801154853735418e-02 1.036563064866283579e+00 -1.000000000000000056e-01
2.614000000000000057e+01 -1.700522903714669562e-02 1.036558585105844976e+00 -1.000000000000000056e-01
2.615000000000000213e+01 -1.707930184064380963e-02 1.036554103263355620e+00 -1.000000000000000056e-01
2.616000000000000014e+01 -1.715022079781892625e-02 1.036549618943135576e+00 -1.000000000000000056e-01
2.617000000000000171e+01 -1.721797731886256372e-02 1.036545131754601945e+00 -1.000000000000000056e-01
2.617999999999999972e+01 -1.728256338547424706e-02 1.036540641315086164e+00 -1.000000000000000056e-01
2.619000000000000128e+01 -1.734397155236786642e-02 1.036536147247292039e+00 -1.000000000000000056e-01
2.619999999999999929e+01 -1.740219494717590645e-02 1.036531649182191428e+00 -1.000000000000000056e-01
2.621000000000000085e+01 -1.745722727117497014e-02 1.036527146757475926e+00 -1.000000000000000056e-01
2.621999999999999886e+01 -1.750906279969265122e-02 1.036522639618476349e+00 -1.000000000000000056e-01
2.623000000000000043e+01 -1.755769638191842855e-02 1.036518127418517787e+00 -1.000000000000000056e-01
2.624000000000000199e+01 -1.760312344169673651e-02 1.036513609818678461e+00 -1.000000000000000056e-01
2.625000000000000000e+01 -1.764533997697285972e-02 1.036509086488561104e+00 -1.000000000000000056e-01
2.626000000000000156e+01 -1.768434256007265712e-02 1.036504557105716762e+00 -1.000000000000000056e-01
2.626999999999999957e+01 -1.772012833744098653e-02 1.036500021357008805e+00 -1.000000000000000056e-01
2.628000000000000114e+01 -1.775269502920876971e-02 1.036495478937629722e+00 -1.000000000000000056e-01
2.628999999999999915e+01 -1.778204092922755150e-02 1.036490929551977969e+00 -1.000000000000000056e-01
2.630000000000000071e+01 -1.780816490418952666e-02 1.036486372913676179e+00 -1.000000000000000056e-01
2.631000000000000227e+01 -1.783106639316071537e-02 1.036481808745678634e+00 -1.000000000000000056e-01
2.632000000000000028e+01 -1.785074540725085229e-02 1.036477236780665612e+00 -1.000000000000000056e-01
2.633000000000000185e+01 -1.786720252813058657e-02 1.036472656760603073e+00 -1.000000000000000056e-01
2.633999999999999986e+01 -1.788043890804524513e-02 1.036468068437920165e+00 -1.000000000000000056e-01
2.635000000000000142e+01 -1.789045626814895693e-02 1.036463471574533335e+00 -1.000000000000000056e-01
2.635999999999999943e+01 -1.789725689757433111e-02 1.036458865942675667e+00 -1.000000000000000056e-01
2.637000000000000099e+01 -1.790084365288838533e-02 1.036454251325112264e+00 -1.000000000000000056e-01
2.637999999999999901e+01 -1.790121995553481393e-02 1.036449627514504757e+00 -1.000000000000000056e-01
2.639000000000000057e+01 -1.789838979205441577e-02 1.036444994314374757e+00 -1.000000000000000056e-01
2.640000000000000213e+01 -1.789235771118114285e-02 1.036440351538851390e+00 -1.000000000000000056e-01
2.641000000000000014e+01 -1.788312882332531231e-02 1.036435699012456579e+00 -1.000000000000000056e-01
2.642000000000000171e+01 -1.787070879849887023e-02 1.036431036571085595e+00 -1.000000000000000056e-01
2.642999999999999972e+01 -1.785510386416540654e-02 1.036426364060761163e+00 -1.000000000000000056e-01
2.644000000000000128e+01 -1.783632080437897241e-02 1.036421681339303236e+00 -1.000000000000000056e-01
2.644999999999999929e+01 -1.781436695684592009e-02 1.036416988274692752e+00 -1.000000000000000056e-01
2.646000000000000085e+01 -1.778925021151935709e-02 1.036412284746858647e+00 -1.000000000000000056e-01
2.646999999999999886e+01 -1.776097900817897798e-02 1.036407570646143084e+00 -1.000000000000000056e-01
2.648000000000000043e+01 -1.772956233426030773e-02 1.036402845874494272e+00 -1.000000000000000056e-01
2.649000000000000199e+01 -1.769500972243233730e-02 1.036398110344923795e+00 -1.000000000000000056e-01
2.650000000000000000e+01 -1.765733124860655381e-02 1.036393363981840565e+00 -1.000000000000000056e-01
2.651000000000000156e+01 -1.761653752876589374e-02 1.036388606720587191e+00 -1.000000000000000056e-01
2.651999999999999957e+01 -1.757263971682284515e-02 1.036383838508243560e+00 -1.000000000000000056e-01
2.653000000000000114e+01 -1.752564950182982847e-02 1.036379059302724226e+00 -1.000000000000000056e-01
2.653999999999999915e+01 -1.747557910535019882e-02 1.036374269073575105e+00 -1.000000000000000056e-01
2.655000000000000071e+01 -1.742244127786703178e-02 1.036369467801571131e+00 -1.000000000000000056e-01
2.656000000000000227e+01 -1.736624929705380196e-02 1.036364655478363206e+00 -1.000000000000000056e-01
2.657000000000000028e+01 -1.730701696348012700e-02 1.036359832107396128e+00 -1.000000000000000056e-01
2.658000000000000185e+01 -1.724475859824754070e-02 1.036354997702855663e+00 -1.000000000000000056e-01
2.658999999999999986e+01 -1.717948903966873275e-02 1.036350152290276272e+00 -1.000000000000000056e-01
2.660000000000000142e+01 -1.711122363946257843e-02 1.036345295906455188e+00 -1.000000000000000056e-01
2.660999999999999943e+01 -1.703997826005587343e-02 1.036340428598714336e+00 -1.000000000000000056e-01
2.662000000000000099e+01 -1.696576927059976342e-02 1.036335550426002561e+00 -1.000000000000000056e-01
2.662999999999999901e+01 -1.688861354369767392e-02 1.036330661457724123e+00 -1.000000000000000056e-01
2.664000000000000057e+01 -1.680852845133560050e-02 1.036325761774229859e+00 -1.000000000000000056e-01
2.665000000000000213e+01 -1.672553186191800059e-02 1.036320851466861148e+00 -1.000000000000000056e-01
2.666000000000000014e+01 -1.663964213543302900e-02 1.036315930637190519e+00 -1.000000000000000056e-01
2.667000000000000171e+01 -1.655087812071560568e-02 1.036310999397793475e+00 -1.000000000000000056e-01
2.667999999999999972e+01 -1.645925915028921549e-02 1.036306057871323905e+00 -1.000000000000000056e-01
2.669000000000000128e+01 -1.636480503728581642e-02 1.036301106191115151e+00 -1.000000000000000056e-01
2.669999999999999929e+01 -1.626753607088609124e-02 1.036296144500600258e+00 -1.000000000000000056e-01
2.671000000000000085e+01 -1.616747301200094009e-02 1.036291172953287543e+00 -1.000000000000000056e-01
2.671999999999999886e+01 -1.606463708939558088e-02 1.036286191712829652e+00 -1.000000000000000056e-01
2.673000000000000043e+01 -1.595904999494273183e-02 1.036281200952702708e+00 -1.000000000000000056e-01
2.674000000000000199e+01 -1.585073387917577958e-02 1.036276200856235619e+00 -1.000000000000000056e-01
2.675000000000000000e+01 -1.573971134760610707e-02 1.036271191616065401e+00 -1.000000000000000056e-01
2.676000000000000156e+01 -1.562600545459795834e-02 1.036266173434902571e+00 -1.000000000000000056e-01
2.676999999999999957e+01 -1.551011516470881049e-02 1.036261925672090634e+00 -1.000000000000000056e-01
2.678000000000000114e+01 -1.539045985708584890e-02 1.036255316145554106e+00 -1.000000000000000056e-01
2.678999999999999915e+01 -1.526920792054712976e-02 1.036251955569269523e+00 -1.000000000000000056e-01
2.680000000000000071e+01 -1.514486960130455306e-02 1.036245293678141444e+00 -1.000000000000000056e-01
2.681000000000000227e+01 -1.501820309412639845e-02 1.036241774195241439e+00 -1.000000000000000056e-01
2.682000000000000028e+01 -1.488879719724542534e-02 1.036235255537037547e+00 -1.000000000000000056e-01
2.683000000000000185e+01 -1.475710307562784832e-02 1.036231559029435090e+00 -1.000000000000000056e-01
2.683999999999999986e+01 -1.462270123356172041e-02 1.036225182133056366e+00 -1.000000000000000056e-01
2.685000000000000142e+01 -1.448606370219600141e-02 1.036221336072229438e+00 -1.000000000000000056e-01
2.685999999999999943e+01 -1.434677954796306776e-02 1.036215066017870168e+00 -1.000000000000000056e-01
2.687000000000000099e+01 -1.420530909186273720e-02 1.036211104683690376e+00 -1.000000000000000056e-01
2.687999999999999901e+01 -1.406124967249192809e-02 1.036204908915047795e+00 -1.000000000000000056e-01
2.689000000000000057e+01 -1.391506250913007552e-02 1.036200867329910125e+00 -1.000000000000000056e-01
2.690000000000000213e+01 -1.376633775525766545e-02 1.036194713971749115e+00 -1.000000000000000056e-01
2.691000000000000014e+01 -1.361555290322416685e-02 1.036190625528127018e+00 -1.000000000000000056e-01
2.692000000000000171e+01 -1.346227595343322397e-02 1.036184484614672829e+00 -1.000000000000000056e-01
2.692999999999999972e+01 -1.330701529694710943e-02 1.036180381108239956e+00 -1.000000000000000056e-01
2.694000000000000128e+01 -1.314930214442393969e-02 1.036174223891021651e+00 -1.000000000000000056e-01
2.694999999999999929e+01 -1.298969067003297520e-02 1.036170136627760696e+00 -1.000000000000000056e-01
2.696000000000000085e+01 -1.282765974617312670e-02 1.036163934172102286e+00 -1.000000000000000056e-01
2.696999999999999886e+01 -1.266382575063722433e-02 1.036159895526265640e+00 -1.000000000000000056e-01
2.698000000000000043e+01 -1.249759755751306788e-02 1.036153617045920683e+00 -1.000000000000000056e-01
2.699000000000000199e+01 -1.232967280558597625e-02 1.036149662172866970e+00 -1.000000000000000056e-01
2.700000000000000000e+01 -1.215936959539275566e-02 1.036143273281132204e+00 -1.000000000000000056e-01
2.701000000000000156e+01 -1.198748942626084828e-02 1.036139441855871146e+00 -1.000000000000000056e-01
2.701999999999999957e+01 -1.181323493653040069e-02 1.036132902849181470e+00 -1.000000000000000056e-01
2.703000000000000114e+01 -1.163753829766687661e-02 1.036129240694886766e+00 -1.000000000000000056e-01
2.703999999999999915e+01 -1.145945758137078413e-02 1.036122505056735532e+00 -1.000000000000000056e-01
2.705000000000000071e+01 -1.128008693022111014e-02 1.036119065400152417e+00 -1.000000000000000056e-01
2.706000000000000227e+01 -1.109830636520714453e-02 1.036112078890101706e+00 -1.000000000000000056e-01
2.707000000000000028e+01 -1.091540733196330257e-02 1.036108922753382400e+00 -1.000000000000000056e-01
2.708000000000000185e+01 -1.073005493752157355e-02 1.036101623728640675e+00 -1.000000000000000056e-01
2.708999999999999986e+01 -1.054377560317078417e-02 1.036098818653102160e+00 -1.000000000000000056e-01
2.710000000000000142e+01 -1.035498181911018514e-02 1.036091140577244385e+00 -1.000000000000000056e-01
2.710999999999999943e+01 -1.016547145529825627e-02 1.036088756624772955e+00 -1.000000000000000056e-01
2.712000000000000099e+01 -9.973370499872109482e-03 1.036080633833651454e+00 -1.000000000000000056e-01
2.712999999999999901e+01 -9.780777713690827838e-03 1.036078735942747242e+00 -1.000000000000000056e-01
2.714000000000000057e+01 -9.585509457792528581e-03 1.036070113209532684e+00 -1.000000000000000056e-01
2.715000000000000213e+01 -9.389979950695957409e-03 1.036068750007335781e+00 -1.000000000000000056e-01
2.716000000000000014e+01 -9.191691894929207227e-03 1.036059594833389053e+00 -1.000000000000000056e-01
2.717000000000000171e+01 -8.993366458741066868e-03 1.036058786137357801e+00 -1.000000000000000056e-01
2.717999999999999972e+01 -8.792215018821698466e-03 1.036049100258644051e+00 -1.000000000000000056e-01
2.719000000000000128e+01 -8.591228682109826320e-03 1.036048827791066884e+00 -1.000000000000000056e-01
2.719999999999999929e+01 -8.387768934540833915e-03 1.036038796289306729e+00 -1.000000000000000056e-01
2.721000000000000085e+01 -8.183562845669517180e-03 1.036036439794267627e+00 -1.000000000000000056e-01
2.721999999999999886e+01 -7.977715774653429751e-03 1.036032250975125857e+00 -1.000000000000000056e-01
2.723000000000000043e+01 -7.771354462369056519e-03 1.036025047510749975e+00 -1.000000000000000056e-01
2.724000000000000199e+01 -7.563026679775027537e-03 1.036021384558377667e+00 -1.000000000000000056e-01
2.725000000000000000e+01 -7.354378636107905889e-03 1.036015708058005469e+00 -1.000000000000000056e-01
2.726000000000000156e+01 -7.144014688281435932e-03 1.036010832479342447e+00 -1.000000000000000056e-01
2.726999999999999957e+01 -6.933080979372938969e-03 1.036005851896042218e+00 -1.000000000000000056e-01
2.728000000000000114e+01 -6.720811608063513749e-03 1.036000571239790613e+00 -1.000000000000000056e-01
2.728999999999999915e+01 -6.507828999823627759e-03 1.035995898179737029e+00 -1.000000000000000056e-01
2.730000000000000071e+01 -6.293729072962899254e-03 1.035990443244961812e+00 -1.000000000000000056e-01
2.731000000000000227e+01 -6.078910584259284919e-03 1.035985922695561223e+00 -1.000000000000000056e-01
2.732000000000000028e+01 -5.863581219124990376e-03 1.035979381768230789e+00 -1.000000000000000056e-01
2.733000000000000185e+01 -5.646587933590212736e-03 1.035976096924122736e+00 -1.000000000000000056e-01
2.733999999999999986e+01 -5.429497281267252687e-03 1.035970167170877421e+00 -1.000000000000000056e-01
2.735000000000000142e+01 -5.211413000881055455e-03 1.035965553813676943e+00 -1.000000000000000056e-01
2.735999999999999943e+01 -4.992685047763906724e-03 1.035960494216678240e+00 -1.000000000000000056e-01
2.737000000000000099e+01 -4.773317159312566622e-03 1.035955582013448284e+00 -1.000000000000000056e-01
2.737999999999999901e+01 -4.553342368709624617e-03 1.035950649139014246e+00 -1.000000000000000056e-01
2.739000000000000057e+01 -4.332801146529253848e-03 1.035945730845058366e+00 -1.000000000000000056e-01
2.740000000000000213e+01 -4.111733094070069670e-03 1.035940825244572761e+00 -1.000000000000000056e-01
2.741000000000000014e+01 -3.890177956370057238e-03 1.035935933902589312e+00 -1.000000000000000056e-01
2.742000000000000171e+01 -3.668175526462222856e-03 1.035931055404413215e+00 -1.000000000000000056e-01
2.742999999999999972e+01 -3.445765664409068934e-03 1.035926190694248517e+00 -1.000000000000000056e-01
2.744000000000000128e+01 -3.222988253151501913e-03 1.035921339991132895e+00 -1.000000000000000056e-01
2.744999999999999929e+01 -2.999883195396234846e-03 1.035916503500556418e+00 -1.000000000000000056e-01
2.746000000000000085e+01 -2.776490413736544104e-03 1.035911681481764157e+00 -1.000000000000000056e-01
2.746999999999999886e+01 -2.552849838931226401e-03 1.035906874181809822e+00 -1.000000000000000056e-01
2.748000000000000043e+01 -2.329001402016851047e-03 1.035902081829702004e+00 -1.000000000000000056e-01
2.749000000000000199e+01 -2.104985026431422778e-03 1.035897304651289375e+00 -1.000000000000000056e-01
2.750000000000000000e+01 -1.880840620637916870e-03 1.035892542863712240e+00 -1.000000000000000056e-01
2.751000000000000156e+01 -1.656608069602191584e-03 1.035887796675718509e+00 -1.000000000000000056e-01
2.751999999999999957e+01 -1.432327228576831674e-03 1.035883066287784482e+00 -1.000000000000000056e-01
2.753000000000000114e+01 -1.208037915114943588e-03 1.035878351891942994e+00 -1.000000000000000056e-01
2.753999999999999915e+01 -9.837799018546581741e-04 1.035873653671172123e+00 -1.000000000000000056e-01
2.755000000000000071e+01 -7.595929095319048840e-04 1.035868971800258942e+00 -1.000000000000000056e-01
2.756000000000000227e+01 -5.355165999990715723e-04 1.035864306444470362e+00 -1.000000000000000056e-01
2.757000000000000028e+01 -3.115905684535713680e-04 1.035859657760623387e+00 -1.000000000000000056e-01
2.758000000000000185e+01 -8.785433722300928531e-05 1.035855025895989989e+00 -1.000000000000000056e-01
2.758999999999999986e+01 1.356526518543643180e-04 1.035850410989065162e+00 -1.000000000000000056e-01
2.760000000000000142e+01 3.588910442130712093e-04 1.035845813168636553e+00 -1.000000000000000056e-01
2.760999999999999943e+01 5.818215795707069090e-04 1.035841232554530311e+00 -1.000000000000000056e-01
2.762000000000000099e+01 8.044050988568824312e-04 1.035836669256853915e+00 -1.000000000000000056e-01
2.762999999999999901e+01 1.026602551001345185e-03 1.035832123376470459e+00 -1.000000000000000056e-01
2.764000000000000057e+01 1.248374999925181729e-03 1.035827595004487733e+00 -1.000000000000000056e-01
2.765000000000000213e+01 1.469683631752703593e-03 1.035823084222545765e+00 -1.000000000000000056e-01
2.766000000000000014e+01 1.690489760600217672e-03 1.035818591102770858e+00 -1.000000000000000056e-01
2.767000000000000171e+01 1.910754836619918710e-03 1.035814115707330396e+00 -1.000000000000000056e-01
2.767999999999999972e+01 2.130440451739830810e-03 1.035809658088964635e+00 -1.000000000000000056e-01
2.769000000000000128e+01 2.349508347061478666e-03 1.035805218290757779e+00 -1.000000000000000056e-01
2.769999999999999929e+01 2.567920418929036872e-03 1.035800796345734298e+00 -1.000000000000000056e-01
2.771000000000000085e+01 2.785638726252172553e-03 1.035796392277589462e+00 -1.000000000000000056e-01
2.771999999999999886e+01 3.002625496619013359e-03 1.035792006100112017e+00 -1.000000000000000056e-01
2.773000000000000043e+01 3.218843132882911583e-03 1.035787637817428219e+00 -1.000000000000000056e-01
2.774000000000000199e+01 3.434254219974566206e-03 1.035783287424047794e+00 -1.000000000000000056e-01
2.775000000000000000e+01 3.648821531315184566e-03 1.035778954904714277e+00 -1.000000000000000056e-01
2.776000000000000156e+01 3.862508034826782691e-03 1.035774640234566446e+00 -1.000000000000000056e-01
2.776999999999999957e+01 4.075276900202612178e-03 1.035770343379240677e+00 -1.000000000000000056e-01
2.778000000000000114e+01 4.287091504342279563e-03 1.035766064294832756e+00 -1.000000000000000056e-01
2.778999999999999915e+01 4.497915438214514922e-03 1.035761802927865460e+00 -1.000000000000000056e-01
2.780000000000000071e+01 4.707712512934864903e-03 1.035757559215496171e+00 -1.000000000000000056e-01
2.781000000000000227e+01 4.916446766419534271e-03 1.035753333085312811e+00 -1.000000000000000056e-01
2.782000000000000028e+01 5.124082468383680221e-03 1.035749124456132542e+00 -1.000000000000000056e-01
2.783000000000000185e+01 5.330584128305019577e-03 1.035744933236938614e+00 -1.000000000000000056e-01
2.783999999999999986e+01 5.535916499314255841e-03 1.035740759327931970e+00 -1.000000000000000056e-01
2.785000000000000142e+01 5.740044586394682513e-03 1.035736602620215940e+00 -1.000000000000000056e-01
2.785999999999999943e+01 5.942933650472780743e-03 1.035732462995994974e+00 -1.000000000000000056e-01
2.787000000000000099e+01 6.144549215644246401e-03 1.035728340328435637e+00 -1.000000000000000056e-01
2.787999999999999901e+01 6.344857074353118902e-03 1.035724234482183759e+00 -1.000000000000000056e-01
2.789000000000000057e+01 6.543823293315090793e-03 1.035720145313042462e+00 -1.000000000000000056e-01
2.790000000000000213e+01 6.741414219399844907e-03 1.035716072668780185e+00 -1.000000000000000056e-01
2.791000000000000014e+01 6.937596485156315163e-03 1.035712016387936529e+00 -1.000000000000000056e-01
2.792000000000000171e+01 7.132337014527955973e-03 1.035707976301871946e+00 -1.000000000000000056e-01
2.792999999999999972e+01 7.325603028250487862e-03 1.035703952232809089e+00 -1.000000000000000056e-01
2.794000000000000128e+01 7.517362049690751169e-03 1.035699943995823658e+00 -1.000000000000000056e-01
2.794999999999999929e+01 7.707581909789117114e-03 1.035695951397501702e+00 -1.000000000000000056e-01
2.796000000000000085e+01 7.896230752783934756e-03 1.035691974237421764e+00 -1.000000000000000056e-01
2.796999999999999886e+01 8.083277041587087763e-03 1.035688012307025119e+00 -1.000000000000000056e-01
2.798000000000000043e+01 8.268689562487626862e-03 1.035684065390714892e+00 -1.000000000000000056e-01
2.799000000000000199e+01 8.452437431052221839e-03 1.035680133265761027e+00 -1.000000000000000056e-01
2.800000000000000000e+01 8.634490096723894392e-03 1.035676215702163949e+00 -1.000000000000000056e-01
2.801000000000000156e+01 8.814817347750799476e-03 1.035672312463522537e+00 -1.000000000000000056e-01
2.801999999999999957e+01 8.993389316855357127e-03 1.035668423306151276e+00 -1.000000000000000056e-01
2.803000000000000114e+01 9.170176485399288840e-03 1.035664547980284400e+00 -1.000000000000000056e-01
2.803999999999999915e+01 9.345149688160489174e-03 1.035660686230034155e+00 -1.000000000000000056e-01
2.805000000000000071e+01 9.518280119259720645e-03 1.035656837792920060e+00 -1.000000000000000056e-01
2.806000000000000227e+01 9.689539334978789983e-03 1.035653002400989342e+00 -1.000000000000000056e-01
2.807000000000000028e+01 9.858899260127056141e-03 1.035649179780251838e+00 -1.000000000000000056e-01
2.808000000000000185e+01 1.002633219137940429e-02 1.035645369651535752e+00 -1.000000000000000056e-01
2.808999999999999986e+01 1.019181080233598144e-02 1.035641571730130828e+00 -1.000000000000000056e-01
2.810000000000000142e+01 1.035530814781461702e-02 1.035637785726472249e+00 -1.000000000000000056e-01
2.810999999999999943e+01 1.051679766787368304e-02 1.035634011345741179e+00 -1.000000000000000056e-01
2.812000000000000099e+01 1.067625319247218416e-02 1.035630248288964328e+00 -1.000000000000000056e-01
2.812999999999999901e+01 1.083364894523866293e-02 1.035626496252265438e+00 -1.000000000000000056e-01
2.814000000000000057e+01 1.098895954784543522e-02 1.035622754927945310e+00 -1.000000000000000056e-01
2.815000000000000213e+01 1.114216002384612984e-02 1.035619024004066135e+00 -1.000000000000000056e-01
2.816000000000000014e+01 1.129322580264301330e-02 1.035615303164908019e+00 -1.000000000000000056e-01
2.817000000000000171e+01 1.144213272336070189e-02 1.035611592091480349e+00 -1.000000000000000056e-01
2.817999999999999972e+01 1.158885703840395812e-02 1.035607890461176073e+00 -1.000000000000000056e-01
2.819000000000000128e+01 1.173337541754419788e-02 1.035604197948460703e+00 -1.000000000000000056e-01
2.819999999999999929e+01 1.187566495133362231e-02 1.035600514225087254e+00 -1.000000000000000056e-01
2.821000000000000085e+01 1.201570315418170123e-02 1.035596838959927712e+00 -1.000000000000000056e-01
2.821999999999999886e+01 1.215346796865139113e-02 1.035593171819677361e+00 -1.000000000000000056e-01
2.823000000000000043e+01 1.228893776831266153e-02 1.035589512468897189e+00 -1.000000000000000056e-01
2.824000000000000199e+01 1.242209136080664293e-02 1.035585860570259031e+00 -1.000000000000000056e-01
2.825000000000000000e+01 1.255290799155132572e-02 1.035582215784652149e+00 -1.000000000000000056e-01
2.826000000000000156e+01 1.268136734668878080e-02 1.035578577771926412e+00 -1.000000000000000056e-01
2.826999999999999957e+01 1.280744955577289325e-02 1.035574946190188195e+00 -1.000000000000000056e-01
2.828000000000000114e+01 1.293113519536878524e-02 1.035571320697298070e+00 -1.000000000000000056e-01
2.828999999999999915e+01 1.305240529126682966e-02 1.035567700949884262e+00 -1.000000000000000056e-01
2.830000000000000071e+01 1.317124132163565234e-02 1.035564086604530143e+00 -1.000000000000000056e-01
2.831000000000000227e+01 1.328762521976563013e-02 1.035560477317424288e+00 -1.000000000000000056e-01
2.832000000000000028e+01 1.340153937616926812e-02 1.035556872744840762e+00 -1.000000000000000056e-01
2.833000000000000185e+01 1.351296664212084039e-02 1.035553272543547454e+00 -1.000000000000000056e-01
2.833999999999999986e+01 1.362189033073706902e-02 1.035549676370409955e+00 -1.000000000000000056e-01
2.835000000000000142e+01 1.372829422069700954e-02 1.035546083883704283e+00 -1.000000000000000056e-01
2.835999999999999943e+01 1.383216255741842246e-02 1.035542494742125674e+00 -1.000000000000000056e-01
2.837000000000000099e+01 1.393348005593492318e-02 1.035538908606136177e+00 -1.000000000000000056e-01
2.837999999999999901e+01 1.403223190286301443e-02 1.035535325137207474e+00 -1.000000000000000056e-01
2.839000000000000057e+01 1.412840375785182415e-02 1.035531743998987064e+00 -1.000000000000000056e-01
2.840000000000000213e+01 1.422198175659878348e-02 1.035528164856777344e+00 -1.000000000000000056e-01
2.841000000000000014e+01 1.431295251158095153e-02 1.035524587378293004e+00 -1.000000000000000056e-01
2.842000000000000171e+01 1.440130311440534876e-02 1.035521011233457189e+00 -1.000000000000000056e-01
2.842999999999999972e+01 1.448702113746967376e-02 1.035517436095129140e+00 -1.000000000000000056e-01
2.844000000000000128e+01 1.457009463529893023e-02 1.035513861638549082e+00 -1.000000000000000056e-01
2.844999999999999929e+01 1.465051214596823498e-02 1.035510287542650509e+00 -1.000000000000000056e-01
2.846000000000000085e+01 1.472826269303058669e-02 1.035506713489080965e+00 -1.000000000000000056e-01
2.846999999999999886e+01 1.480333578614909454e-02 1.035503139163442166e+00 -1.000000000000000056e-01
2.848000000000000043e+01 1.487572142271593838e-02 1.035499564254866334e+00 -1.000000000000000056e-01
2.849000000000000199e+01 1.494541008889507111e-02 1.035495988456074601e+00 -1.000000000000000056e-01
2.850000000000000000e+01 1.501239276052123740e-02 1.035492411464682405e+00 -1.000000000000000056e-01
2.851000000000000156e+01 1.507666090437631903e-02 1.035488832981668272e+00 -1.000000000000000056e-01
2.851999999999999957e+01 1.513820647864914763e-02 1.035485252713291615e+00 -1.000000000000000056e-01
2.853000000000000114e+01 1.519702193385067540e-02 1.035481670369971630e+00 -1.000000000000000056e-01
2.853999999999999915e+01 1.525310021383703869e-02 1.035478085667239867e+00 -1.000000000000000056e-01
2.855000000000000071e+01 1.530643475569704211e-02 1.035474498325702930e+00 -1.000000000000000056e-01
2.856000000000000227e+01 1.535701949083517759e-02 1.035470908070935225e+00 -1.000000000000000056e-01
2.857000000000000028e+01 1.540484884542858701e-02 1.035467314634369140e+00 -1.000000000000000056e-01
2.858000000000000185e+01 1.544991774001000691e-02 1.035463717752292734e+00 -1.000000000000000056e-01
2.858999999999999986e+01 1.549222159086170204e-02 1.035460117167660066e+00 -1.000000000000000056e-01
2.860000000000000142e+01 1.553175630897168404e-02 1.035456512628437409e+00 -1.000000000000000056e-01
2.860999999999999943e+01 1.556851830108374815e-02 1.035452903889376275e+00 -1.000000000000000056e-01
2.862000000000000099e+01 1.560250446911380824e-02 1.035449290710982018e+00 -1.000000000000000056e-01
2.862999999999999901e+01 1.563371221021987723e-02 1.035445672860304311e+00 -1.000000000000000056e-01
2.864000000000000057e+01 1.566213941644208421e-02 1.035442050111058387e+00 -1.000000000000000056e-01
2.865000000000000213e+01 1.568778447503065693e-02 1.035438422243435186e+00 -1.000000000000000056e-01
2.866000000000000014e+01 1.571064626705452952e-02 1.035434789044670456e+00 -1.000000000000000056e-01
2.867000000000000171e+01 1.573072416815827004e-02 1.035431150308607551e+00 -1.000000000000000056e-01
2.867999999999999972e+01 1.574801804663011895e-02 1.035427505836747919e+00 -1.000000000000000056e-01
2.869000000000000128e+01 1.576252826443267502e-02 1.035423855437293650e+00 -1.000000000000000056e-01
2.869999999999999929e+01 1.577425567491467021e-02 1.035420198925982138e+00 -1.000000000000000056e-01
2.871000000000000085e+01 1.578320162319526640e-02 1.035416536126356091e+00 -1.000000000000000056e-01
2.871999999999999886e+01 1.578936794442065139e-02 1.035412866868760773e+00 -1.000000000000000056e-01
2.873000000000000043e+01 1.579275696364002002e-02 1.035409190992290673e+00 -1.000000000000000056e-01
2.874000000000000199e+01 1.579337149386047037e-02 1.035405508342642111e+00 -1.000000000000000056e-01
2.875000000000000000e+01 1.579121483579210700e-02 1.035401818774470240e+00 -1.000000000000000056e-01
2.876000000000000156e+01 1.578629077583282650e-02 1.035398122149683076e+00 -1.000000000000000056e-01
2.876999999999999957e+01 1.577860358546297193e-02 1.035394418338579481e+00 -1.000000000000000056e-01
2.878000000000000114e+01 1.576815801923873647e-02 1.035390707219490114e+00 -1.000000000000000056e-01
2.878999999999999915e+01 1.575495931386045045e-02 1.035386988678924425e+00 -1.000000000000000056e-01
2.880000000000000071e+01 1.573901318628212823e-02 1.035383262611667021e+00 -1.000000000000000056e-01
2.881000000000000227e+01 1.572032583205375256e-02 1.035379528920939984e+00 -1.000000000000000056e-01
2.882000000000000028e+01 1.569890392390154571e-02 1.035375787518092894e+00 -1.000000000000000056e-01
2.883000000000000185e+01 1.567475460960082029e-02 1.035372038323015165e+00 -1.000000000000000056e-01
2.883999999999999986e+01 1.564788551021219221e-02 1.035368281264223755e+00 -1.000000000000000056e-01
2.885000000000000142e+01 1.561830471837996961e-02 1.035364516278335367e+00 -1.000000000000000056e-01
2.885999999999999943e+01 1.558602079555759974e-02 1.035360743310878018e+00 -1.000000000000000056e-01
2.887000000000000099e+01 1.555104277087622673e-02 1.035356962315604923e+00 -1.000000000000000056e-01
2.887999999999999901e+01 1.551338013803450593e-02 1.035353173254917714e+00 -1.000000000000000056e-01
2.889000000000000057e+01 1.547304285351890421e-02 1.035349376099929275e+00 -1.000000000000000056e-01
2.890000000000000213e+01 1.543004133427221779e-02 1.035345570829993456e+00 -1.000000000000000056e-01
2.891000000000000014e+01 1.538438645486452788e-02 1.035341757433163146e+00 -1.000000000000000056e-01
2.892000000000000171e+01 1.533608954528732117e-02 1.035337935906240237e+00 -1.000000000000000056e-01
2.892999999999999972e+01 1.528516238836171055e-02 1.035334106254159892e+00 -1.000000000000000056e-01
2.894000000000000128e+01 1.523161721689642381e-02 1.035330268490557426e+00 -1.000000000000000056e-01
2.894999999999999929e+01 1.517546671099219945e-02 1.035326422637596000e+00 -1.000000000000000056e-01
2.896000000000000085e+01 1.511672399531928043e-02 1.035322568725611125e+00 -1.000000000000000056e-01
2.896999999999999886e+01 1.505540263636061943e-02 1.035318706793755705e+00 -1.000000000000000056e-01
2.898000000000000043e+01 1.499151663863781611e-02 1.035314836889003942e+00 -1.000000000000000056e-01
2.899000000000000199e+01 1.492508044298477589e-02 1.035310959067079706e+00 -1.000000000000000056e-01
2.900000000000000000e+01 1.485610892237121047e-02 1.035307073391507959e+00 -1.000000000000000056e-01
2.901000000000000156e+01 1.478461737883867907e-02 1.035303179934278006e+00 -1.000000000000000056e-01
2.901999999999999957e+01 1.471062154120401748e-02 1.035299278775485776e+00 -1.000000000000000056e-01
2.903000000000000114e+01 1.463413756005847895e-02 1.035295370002706106e+00 -1.000000000000000056e-01
2.903999999999999915e+01 1.455518200616030301e-02 1.035291453712232190e+00 -1.000000000000000056e-01
2.905000000000000071e+01 1.447377186561695991e-02 1.035287530007469536e+00 -1.000000000000000056e-01
2.906000000000000227e+01 1.438992453712862295e-02 1.035283598999774179e+00 -1.000000000000000056e-01
2.907000000000000028e+01 1.430365782797910455e-02 1.035279660808171798e+00 -1.000000000000000056e-01
2.908000000000000185e+01 1.421498995067599531e-02 1.035275715559100806e+00 -1.000000000000000056e-01
2.908999999999999986e+01 1.412393951890206396e-02 1.035271763386293564e+00 -1.000000000000000056e-01
2.910000000000000142e+01 1.403052554415041078e-02 1.035267804430624494e+00 -1.000000000000000056e-01
2.910999999999999943e+01 1.393476743126567316e-02 1.035263838840413175e+00 -1.000000000000000056e-01
2.912000000000000099e+01 1.383668497518553836e-02 1.035259866770126491e+00 -1.000000000000000056e-01
2.912999999999999901e+01 1.373629835629421037e-02 1.035255888381883871e+00 -1.000000000000000056e-01
2.914000000000000057e+01 1.363362813721350972e-02 1.035251903843704913e+00 -1.000000000000000056e-01
2.915000000000000213e+01 1.352869525742567310e-02 1.035247913330177738e+00 -1.000000000000000056e-01
2.916000000000000014e+01 1.342152103060749967e-02 1.035243917022203863e+00 -1.000000000000000056e-01
2.917000000000000171e+01 1.331212713913111287e-02 1.035239915106529240e+00 -1.000000000000000056e-01
2.917999999999999972e+01 1.320053563032579438e-02 1.035235907775870823e+00 -1.000000000000000056e-01
2.919000000000000128e+01 1.308676891227539101e-02 1.035231895227989085e+00 -1.000000000000000056e-01
2.919999999999999929e+01 1.297084974881314301e-02 1.035227877666764718e+00 -1.000000000000000056e-01
2.921000000000000085e+01 1.285280125543609465e-02 1.035223855300456908e+00 -1.000000000000000056e-01
2.921999999999999886e+01 1.273264689486154101e-02 1.035219828342579085e+00 -1.000000000000000056e-01
2.923000000000000043e+01 1.261083881784678777e-02 1.035214856820777740e+00 -1.000000000000000056e-01
2.924000000000000199e+01 1.248592911493622351e-02 1.035212612051424674e+00 -1.000000000000000056e-01
2.925000000000000000e+01 1.235954265987046496e-02 1.035207841775263482e+00 -1.000000000000000056e-01
2.926000000000000156e+01 1.223167066217506482e-02 1.035203417516316504e+00 -1.000000000000000056e-01
2.926999999999999957e+01 1.210145789467958165e-02 1.035198756071343373e+00 -1.000000000000000056e-01
2.928000000000000114e+01 1.196869297431107405e-02 1.035196341458759495e+00 -1.000000000000000056e-01
2.928999999999999915e+01 1.183479258323591292e-02 1.035190611121921567e+00 -1.000000000000000056e-01
2.930000000000000071e+01 1.169852404851722330e-02 1.035188127947710424e+00 -1.000000000000000056e-01
2.931000000000000227e+01 1.156066885228004479e-02 1.035182466248920630e+00 -1.000000000000000056e-01
2.932000000000000028e+01 1.142063326274312708e-02 1.035180071819700842e+00 -1.000000000000000056e-01
2.933000000000000185e+01 1.127917576940377052e-02 1.035174248844864753e+00 -1.000000000000000056e-01
2.933999999999999986e+01 1.113544475833158458e-02 1.035172046649795563e+00 -1.000000000000000056e-01
2.935000000000000142e+01 1.099048299309466660e-02 1.035165974247804099e+00 -1.000000000000000056e-01
2.935999999999999943e+01 1.084316790873465254e-02 1.035164062493001413e+00 -1.000000000000000056e-01
2.937000000000000099e+01 1.069481915437241713e-02 1.035157649198841456e+00 -1.000000000000000056e-01
2.937999999999999901e+01 1.054402195115081847e-02 1.035156122614796947e+00 -1.000000000000000056e-01
2.939000000000000057e+01 1.039241268131315711e-02 1.035149274681394616e+00 -1.000000000000000056e-01
2.940000000000000213e+01 1.023823364652958097e-02 1.035148229770761708e+00 -1.000000000000000056e-01
2.941000000000000014e+01 1.008349389220469274e-02 1.035140854909606389e+00 -1.000000000000000056e-01
2.942000000000000171e+01 9.926036232810733426e-03 1.035140380813696748e+00 -1.000000000000000056e-01
2.942999999999999972e+01 9.768294837311881570e-03 1.035132402362293202e+00 -1.000000000000000056e-01
2.944000000000000128e+01 9.607669474366526199e-03 1.035132562135253842e+00 -1.000000000000000056e-01
2.944999999999999929e+01 9.446817998259816537e-03 1.035125980600675177e+00 -1.000000000000000056e-01
2.946000000000000085e+01 9.283788405184898937e-03 1.035121120965678765e+00 -1.000000000000000056e-01
2.946999999999999886e+01 9.119704169151766557e-03 1.035118961373224344e+00 -1.000000000000000056e-01
2.948000000000000043e+01 8.953631588554961801e-03 1.035113748656726118e+00 -1.000000000000000056e-01
2.949000000000000199e+01 8.787115058545189386e-03 1.035110082912471530e+00 -1.000000000000000056e-01
2.950000000000000000e+01 8.618323719143162337e-03 1.035106106717851526e+00 -1.000000000000000056e-01
2.951000000000000156e+01 8.449077642163920279e-03 1.035101593691282185e+00 -1.000000000000000056e-01
2.951999999999999957e+01 8.277818549871304027e-03 1.035098350414495050e+00 -1.000000000000000056e-01
2.953000000000000114e+01 8.106019292735716641e-03 1.035093188433985123e+00 -1.000000000000000056e-01
2.953999999999999915e+01 7.932347364914181520e-03 1.035090553556352821e+00 -1.000000000000000056e-01
2.955000000000000071e+01 7.758179625660627070e-03 1.035084824549122207e+00 -1.000000000000000056e-01
2.956000000000000227e+01 7.582179941134728832e-03 1.035082768167903344e+00 -1.000000000000000056e-01
2.957000000000000028e+01 7.405804886308348101e-03 1.035076475713151423e+00 -1.000000000000000056e-01
2.958000000000000185e+01 7.227584290993130205e-03 1.035075013634766172e+00 -1.000000000000000056e-01
2.958999999999999986e+01 7.049147352346643580e-03 1.035068137597813465e+00 -1.000000000000000056e-01
2.960000000000000142e+01 6.869197177519626232e-03 1.035067511251715144e+00 -1.000000000000000056e-01
2.960999999999999943e+01 6.688295099776412310e-03 1.035061311609546397e+00 -1.000000000000000056e-01
2.962000000000000099e+01 6.506572324301229497e-03 1.035057868423943539e+00 -1.000000000000000056e-01
2.962999999999999901e+01 6.323875432599443749e-03 1.035053889950928285e+00 -1.000000000000000056e-01
2.964000000000000057e+01 6.140290289718165762e-03 1.035049913886544548e+00 -1.000000000000000056e-01
2.965000000000000213e+01 5.955894281600600249e-03 1.035045893532873462e+00 -1.000000000000000056e-01
2.966000000000000014e+01 5.770680689685630041e-03 1.035041933083134191e+00 -1.000000000000000056e-01
2.967000000000000171e+01 5.584696828883413400e-03 1.035037975621824868e+00 -1.000000000000000056e-01
2.967999999999999972e+01 5.397974264087317814e-03 1.035034018648870457e+00 -1.000000000000000056e-01
2.969000000000000128e+01 5.210546596982163284e-03 1.035030072238630083e+00 -1.000000000000000056e-01
2.969999999999999929e+01 5.022447822686034076e-03 1.035026135065024055e+00 -1.000000000000000056e-01
2.971000000000000085e+01 4.833712042163795450e-03 1.035022205955348218e+00 -1.000000000000000056e-01
2.971999999999999886e+01 4.644373318845655858e-03 1.035018285785963332e+00 -1.000000000000000056e-01
2.973000000000000043e+01 4.454465825598201249e-03 1.035014374883392874e+00 -1.000000000000000056e-01
2.974000000000000199e+01 4.264023806335664503e-03 1.035010473357090621e+00 -1.000000000000000056e-01
2.975000000000000000e+01 4.073081558838769628e-03 1.035006581455585994e+00 -1.000000000000000056e-01
2.976000000000000156e+01 3.881673433660964324e-03 1.035002699421017969e+00 -1.000000000000000056e-01
2.976999999999999957e+01 3.689833826546586384e-03 1.034998827466364180e+00 -1.000000000000000056e-01
2.978000000000000114e+01 3.497597172004408405e-03 1.034994965806234291e+00 -1.000000000000000056e-01
2.978999999999999915e+01 3.304997935980966833e-03 1.034991114650391175e+00 -1.000000000000000056e-01
2.980000000000000071e+01 3.112070610589094243e-03 1.034987274202503249e+00 -1.000000000000000056e-01
2.981000000000000227e+01 2.918849706358122437e-03 1.034983444659583363e+00 -1.000000000000000056e-01
2.982000000000000028e+01 2.725369747559195158e-03 1.034979626213428983e+00 -1.000000000000000056e-01
2.983000000000000185e+01 2.531665264472876108e-03 1.034975819049161583e+00 -1.000000000000000056e-01
2.983999999999999986e+01 2.337770788447826424e-03 1.034972023346498293e+00 -1.000000000000000056e-01
2.985000000000000142e+01 2.143720844623516527e-03 1.034968239277819002e+00 -1.000000000000000056e-01
2.985999999999999943e+01 1.949549946620274211e-03 1.034964467010160094e+00 -1.000000000000000056e-01
2.987000000000000099e+01 1.755292590074080837e-03 1.034960706703194955e+00 -1.000000000000000056e-01
2.987999999999999901e+01 1.560983246204136450e-03 1.034956958510690583e+00 -1.000000000000000056e-01
2.989000000000000057e+01 1.366656356508936035e-03 1.034953222579498178e+00 -1.000000000000000056e-01
2.990000000000000213e+01 1.172346325699638809e-03 1.034949499049685029e+00 -1.000000000000000056e-01
2.991000000000000014e+01 9.780875164219970594e-04 1.034945788054542737e+00 -1.000000000000000056e-01
2.992000000000000171e+01 7.839142428918677817e-04 1.034942089720842784e+00 -1.000000000000000056e-01
2.992999999999999972e+01 5.898607646500172346e-04 1.034938404167835113e+00 -1.000000000000000056e-01
2.994000000000000128e+01 3.959612810847227301e-04 1.034934731508256878e+00 -1.000000000000000056e-01
2.994999999999999929e+01 2.022499247435751660e-04 1.034931071847768669e+00 -1.000000000000000056e-01
2.996000000000000085e+01 8.760755899047208798e-06 1.034927425284513536e+00 -1.000000000000000056e-01
2.996999999999999886e+01 -1.844722435652450449e-04 1.034923791910070001e+00 -1.000000000000000056e-01
2.998000000000000043e+01 -3.774151763901319699e-04 1.034920171808395795e+00 -1.000000000000000056e-01
2.999000000000000199e+01 -5.700342354590563028e-04 1.034916565056532400e+00 -1.000000000000000056e-01
3.000000000000000000e+01 -7.622957101379304124e-04 1.034912971723914499e+00 -1.000000000000000056e-01
