1.000000000000000021e-02 -4.781155050483649305e+00 1.469281837011544134e+00 1.000000000000000056e-01
2.000000000000000042e-02 -2.680420563883473939e+00 1.472177841674109811e+00 1.000000000000000056e-01
2.999999999999999889e-02 -2.063346032741668168e+00 1.475155064179950903e+00 1.000000000000000056e-01
4.000000000000000083e-02 -1.776508893627423591e+00 1.475456048543959842e+00 1.000000000000000056e-01
5.000000000000000278e-02 -1.509866043185315254e+00 1.476152855422351085e+00 1.000000000000000056e-01
5.999999999999999778e-02 -1.284353449559419991e+00 1.476498106657139209e+00 1.000000000000000056e-01
7.000000000000000666e-02 -1.094110773034200568e+00 1.476676991083061496e+00 1.000000000000000056e-01
8.000000000000000167e-02 -9.338455871952986431e-01 1.476788027401443326e+00 1.000000000000000056e-01
8.999999999999999667e-02 -7.989339741361405345e-01 1.476930032819651073e+00 1.000000000000000056e-01
1.000000000000000056e-01 -6.854231391881390190e-01 1.477144975098413138e+00 1.000000000000000056e-01
1.100000000000000006e-01 -5.899500707526518228e-01 1.477464637782297752e+00 1.000000000000000056e-01
1.199999999999999956e-01 -5.096600841087290945e-01 1.477901517524346175e+00 1.000000000000000056e-01
1.300000000000000044e-01 -4.421853014010808658e-01 1.478477542318954674e+00 1.000000000000000056e-01
1.400000000000000133e-01 -3.854385547818870994e-01 1.479166633616986637e+00 1.000000000000000056e-01
1.499999999999999944e-01 -3.377556831768007140e-01 1.479984516379850179e+00 1.000000000000000056e-01
1.600000000000000033e-01 -2.976874590637017537e-01 1.480914707376701944e+00 1.000000000000000056e-01
1.700000000000000122e-01 -2.640311717678060499e-01 1.481949246309218315e+00 1.000000000000000056e-01
1.799999999999999933e-01 -2.357764628697384679e-01 1.483077072967120325e+00 1.000000000000000056e-01
1.900000000000000022e-01 -2.120758116151449102e-01 1.484287405352313627e+00 1.000000000000000056e-01
2.000000000000000111e-01 -1.922188711902730607e-01 1.485569671032344274e+00 1.000000000000000056e-01
2.099999999999999922e-01 -1.756103576962005364e-01 1.486913853697191090e+00 1.000000000000000056e-01
2.200000000000000011e-01 -1.617514888727093481e-01 1.488310636117395225e+00 1.000000000000000056e-01
2.300000000000000100e-01 -1.502243473433816923e-01 1.489751486409768511e+00 1.000000000000000056e-01
2.399999999999999911e-01 -1.406787432880744482e-01 1.491228694576818725e+00 1.000000000000000056e-01
2.500000000000000000e-01 -1.328211880787473209e-01 1.492735371619268836e+00 1.000000000000000056e-01
2.600000000000000089e-01 -1.264056477854237914e-01 1.494265423204033105e+00 1.000000000000000056e-01
2.700000000000000178e-01 -1.212257949958179537e-01 1.495813506920368186e+00 1.000000000000000056e-01
2.800000000000000266e-01 -1.171085204963776133e-01 1.497374979818407503e+00 1.000000000000000056e-01
2.899999999999999800e-01 -1.139085032744436565e-01 1.498945840713138189e+00 1.000000000000000056e-01
2.999999999999999889e-01 -1.115036685020974888e-01 1.500522670328978680e+00 1.000000000000000056e-01
3.099999999999999978e-01 -1.097913897304014091e-01 1.502102571561965805e+00 1.000000000000000056e-01
3.200000000000000067e-01 -1.086853141732506550e-01 1.503683111610817580e+00 1.000000000000000056e-01
3.300000000000000155e-01 -1.081127092726044403e-01 1.505262267287366562e+00 1.000000000000000056e-01
3.400000000000000244e-01 -1.080122451092793284e-01 1.506838374371677336e+00 1.000000000000000056e-01
3.500000000000000333e-01 -1.083321410863595236e-01 1.508410081467283170e+00 1.000000000000000056e-01
3.599999999999999867e-01 -1.090286169779650510e-01 1.509976308446640658e+00 1.000000000000000056e-01
3.699999999999999956e-01 -1.100645982476415180e-01 1.511536209317863699e+00 1.000000000000000056e-01
3.800000000000000044e-01 -1.114086337485496736e-01 1.513089139187811405e+00 1.000000000000000056e-01
3.900000000000000133e-01 -1.130339907924546028e-01 1.514634624945264019e+00 1.000000000000000056e-01
4.000000000000000222e-01 -1.149178983141726923e-01 1.516172339306486316e+00 1.000000000000000056e-01
4.100000000000000311e-01 -1.170409136636596792e-01 1.517702077911695868e+00 1.000000000000000056e-01
4.199999999999999845e-01 -1.193863925914902535e-01 1.519223739199915046e+00 1.000000000000000056e-01
4.299999999999999933e-01 -1.219400453628789044e-01 1.520737306819244017e+00 1.000000000000000056e-01
4.400000000000000022e-01 -1.246895647809119212e-01 1.522242834328576100e+00 1.000000000000000056e-01
4.500000000000000111e-01 -1.276243142658172458e-01 1.523740431949077045e+00 1.000000000000000056e-01
4.600000000000000200e-01 -1.307350661269509606e-01 1.525230255122309142e+00 1.000000000000000056e-01
4.700000000000000289e-01 -1.340137818128409319e-01 1.526712494632257000e+00 1.000000000000000056e-01
4.799999999999999822e-01 -1.374534272979678895e-01 1.528187368079491293e+00 1.000000000000000056e-01
4.899999999999999911e-01 -1.410478179013283928e-01 1.529655112502347869e+00 1.000000000000000056e-01
5.000000000000000000e-01 -1.447914877760207719e-01 1.531115977983364962e+00 1.000000000000000056e-01
5.100000000000000089e-01 -1.486795800878145946e-01 1.532570222100106294e+00 1.000000000000000056e-01
5.200000000000000178e-01 -1.527077545523667645e-01 1.534018105107935792e+00 1.000000000000000056e-01
5.300000000000000266e-01 -1.568721095419055855e-01 1.535459885765156907e+00 1.000000000000000056e-01
5.400000000000000355e-01 -1.611691164219405392e-01 1.536895817729102109e+00 1.000000000000000056e-01
5.500000000000000444e-01 -1.655955641600691253e-01 1.538326146461607147e+00 1.000000000000000056e-01
5.600000000000000533e-01 -1.701485125610737725e-01 1.539751106597197605e+00 1.000000000000000056e-01
5.700000000000000622e-01 -1.748252527539055912e-01 1.541170919727942623e+00 1.000000000000000056e-01
5.799999999999999600e-01 -1.796232737737709362e-01 1.542585792562883862e+00 1.000000000000000056e-01
5.899999999999999689e-01 -1.845402342735864565e-01 1.543995915430892429e+00 1.000000000000000056e-01
5.999999999999999778e-01 -1.895739385534351562e-01 1.545401461081385319e+00 1.000000000000000056e-01
6.099999999999999867e-01 -1.947223162297668231e-01 1.546802583756818450e+00 1.000000000000000056e-01
6.199999999999999956e-01 -1.999834049753554666e-01 1.548199418500686209e+00 1.000000000000000056e-01
6.300000000000000044e-01 -2.053553358550832264e-01 1.549592080669114580e+00 1.000000000000000056e-01
6.400000000000000133e-01 -2.108363208537263056e-01 1.550980665623328258e+00 1.000000000000000056e-01
6.500000000000000222e-01 -2.164246422679629855e-01 1.552365248571849099e+00 1.000000000000000056e-01
6.600000000000000311e-01 -2.221186436715548995e-01 1.553745884547181655e+00 1.000000000000000056e-01
6.700000000000000400e-01 -2.279167222247353297e-01 1.555122608492003788e+00 1.000000000000000056e-01
6.800000000000000488e-01 -2.338173221209196018e-01 1.556495435443717268e+00 1.000000000000000056e-01
6.900000000000000577e-01 -2.398189290049396460e-01 1.557864360800539805e+00 1.000000000000000056e-01
7.000000000000000666e-01 -2.459200652166562417e-01 1.559229360659156738e+00 1.000000000000000056e-01
7.099999999999999645e-01 -2.521192857370284646e-01 1.560590392215645217e+00 1.000000000000000056e-01
7.199999999999999734e-01 -2.584151747335290961e-01 1.561947394216289142e+00 1.000000000000000056e-01
7.299999999999999822e-01 -2.648063426140164212e-01 1.563300287460334559e+00 1.000000000000000056e-01
7.399999999999999911e-01 -2.712914235123624063e-01 1.564648975337987302e+00 1.000000000000000056e-01
7.500000000000000000e-01 -2.778690731437076789e-01 1.565993344406553911e+00 1.000000000000000056e-01
7.600000000000000089e-01 -2.845379669687496671e-01 1.567333264995879771e+00 1.000000000000000056e-01
7.700000000000000178e-01 -2.912967986261445485e-01 1.568668591838493498e+00 1.000000000000000056e-01
7.800000000000000266e-01 -2.981442785866283418e-01 1.569999164723409724e+00 1.000000000000000056e-01
7.900000000000000355e-01 -3.050791330010905744e-01 1.571324809167073289e+00 1.000000000000000056e-01
8.000000000000000444e-01 -3.121001027085307244e-01 1.572645337100510243e+00 1.000000000000000056e-01
8.100000000000000533e-01 -3.192059423839662125e-01 1.573960547569592805e+00 1.000000000000000056e-01
8.200000000000000622e-01 -3.263954198030193932e-01 1.575270227446566640e+00 1.000000000000000056e-01
8.300000000000000711e-01 -3.336673152081963134e-01 1.576574152149639918e+00 1.000000000000000056e-01
8.399999999999999689e-01 -3.410204207589119796e-01 1.577872086372252847e+00 1.000000000000000056e-01
8.499999999999999778e-01 -3.484535400577923325e-01 1.579163784815067917e+00 1.000000000000000056e-01
8.599999999999999867e-01 -3.559654877373725212e-01 1.580448992926026808e+00 1.000000000000000056e-01
8.699999999999999956e-01 -3.635550891013242802e-01 1.581727447640326467e+00 1.000000000000000056e-01
8.800000000000000044e-01 -3.712211798128126627e-01 1.582998878124890041e+00 1.000000000000000056e-01
8.900000000000000133e-01 -3.789626056201880755e-01 1.584263006521483330e+00 1.000000000000000056e-01
9.000000000000000222e-01 -3.867782221181543245e-01 1.585519548690181857e+00 1.000000000000000056e-01
9.100000000000000311e-01 -3.946668945364306680e-01 1.586768214950617706e+00 1.000000000000000056e-01
9.200000000000000400e-01 -4.026274975532141975e-01 1.588008710820021818e+00 1.000000000000000056e-01
9.300000000000000488e-01 -4.106589151296953788e-01 1.589240737747620758e+00 1.000000000000000056e-01
9.400000000000000577e-01 -4.187600403605375998e-01 1.590463993842843760e+00 1.000000000000000056e-01
9.500000000000000666e-01 -4.269297753415203789e-01 1.591678174597164430e+00 1.000000000000000056e-01
9.599999999999999645e-01 -4.351670310465322600e-01 1.592882973600019403e+00 1.000000000000000056e-01
9.699999999999999734e-01 -4.434707272169922665e-01 1.594078083243245514e+00 1.000000000000000056e-01
9.799999999999999822e-01 -4.518397922579316384e-01 1.595263195418413771e+00 1.000000000000000056e-01
9.899999999999999911e-01 -4.602731631414807012e-01 1.596438002202646089e+00 1.000000000000000056e-01
1.000000000000000000e+00 -4.687697853151252536e-01 1.597602196532145857e+00 1.000000000000000056e-01
1.010000000000000009e+00 -4.773286126141286223e-01 1.598755472864922700e+00 1.000000000000000056e-01
1.020000000000000018e+00 -4.859486071758549741e-01 1.599897527827683463e+00 1.000000000000000056e-01
1.030000000000000027e+00 -4.946287393572954549e-01 1.601028060850963275e+00 1.000000000000000056e-01
1.040000000000000036e+00 -5.033679876513642570e-01 1.602146774787643224e+00 1.000000000000000056e-01
1.050000000000000044e+00 -5.121653386050444290e-01 1.603253376516090789e+00 1.000000000000000056e-01
1.060000000000000053e+00 -5.210197867359007695e-01 1.604347577527309943e+00 1.000000000000000056e-01
1.070000000000000062e+00 -5.299303344470416288e-01 1.605429094494196240e+00 1.000000000000000056e-01
1.080000000000000071e+00 -5.388959919409367361e-01 1.606497649824601082e+00 1.000000000000000056e-01
1.090000000000000080e+00 -5.479157771299788537e-01 1.607552972195346319e+00 1.000000000000000056e-01
1.100000000000000089e+00 -5.569887155455818251e-01 1.608594797067070870e+00 1.000000000000000056e-01
1.110000000000000098e+00 -5.661138402423792071e-01 1.609622867183193362e+00 1.000000000000000056e-01
1.120000000000000107e+00 -5.752901917009438648e-01 1.610636933045489494e+00 1.000000000000000056e-01
1.130000000000000115e+00 -5.845168177254592701e-01 1.611636753373708153e+00 1.000000000000000056e-01
1.140000000000000124e+00 -5.937927733389827267e-01 1.612622095543924328e+00 1.000000000000000056e-01
1.150000000000000133e+00 -6.031171206739130985e-01 1.613592736006475903e+00 1.000000000000000056e-01
1.159999999999999920e+00 -6.124889288587721525e-01 1.614548460685604647e+00 1.000000000000000056e-01
1.169999999999999929e+00 -6.219072739018713936e-01 1.615489065356658038e+00 1.000000000000000056e-01
1.179999999999999938e+00 -6.313712385699640217e-01 1.616414356005088537e+00 1.000000000000000056e-01
1.189999999999999947e+00 -6.408799122636520407e-01 1.617324149163885005e+00 1.000000000000000056e-01
1.199999999999999956e+00 -6.504323908889856343e-01 1.618218272231386701e+00 1.000000000000000056e-01
1.209999999999999964e+00 -6.600277767242562765e-01 1.619096563768082753e+00 1.000000000000000056e-01
1.219999999999999973e+00 -6.696651782844535994e-01 1.619958873774501429e+00 1.000000000000000056e-01
1.229999999999999982e+00 -6.793437101795108957e-01 1.620805063947712732e+00 1.000000000000000056e-01
1.239999999999999991e+00 -6.890624929713731195e-01 1.621635007918638127e+00 1.000000000000000056e-01
1.250000000000000000e+00 -6.988206530244140957e-01 1.622448591468979462e+00 1.000000000000000056e-01
1.260000000000000009e+00 -7.086173223535232601e-01 1.623245712728444756e+00 1.000000000000000056e-01
1.270000000000000018e+00 -7.184516384677360756e-01 1.624026282352605932e+00 1.000000000000000056e-01
1.280000000000000027e+00 -7.283227442088716641e-01 1.624790223680548928e+00 1.000000000000000056e-01
1.290000000000000036e+00 -7.382297875874729298e-01 1.625537472873180622e+00 1.000000000000000056e-01
1.300000000000000044e+00 -7.481719216129770755e-01 1.626267979032653299e+00 1.000000000000000056e-01
1.310000000000000053e+00 -7.581483041208995077e-01 1.626981704301734499e+00 1.000000000000000056e-01
1.320000000000000062e+00 -7.681580975946393774e-01 1.627678623944490033e+00 1.000000000000000056e-01
1.330000000000000071e+00 -7.782004689841112155e-01 1.628358726407575396e+00 1.000000000000000056e-01
1.340000000000000080e+00 -7.882745895191018981e-01 1.629022013362804389e+00 1.000000000000000056e-01
1.350000000000000089e+00 -7.983796345190536936e-01 1.629668499731045772e+00 1.000000000000000056e-01
1.360000000000000098e+00 -8.085147831985846079e-01 1.630298213686800057e+00 1.000000000000000056e-01
1.370000000000000107e+00 -8.186792184692843755e-01 1.630911196645213668e+00 1.000000000000000056e-01
1.380000000000000115e+00 -8.288721267364564937e-01 1.631507503230041234e+00 1.000000000000000056e-01
1.390000000000000124e+00 -8.390926976941791571e-01 1.632087201223606510e+00 1.000000000000000056e-01
1.400000000000000133e+00 -8.493401241145787095e-01 1.632650371499638764e+00 1.000000000000000056e-01
1.409999999999999920e+00 -8.596136016353846943e-01 1.633197107937260029e+00 1.000000000000000056e-01
1.419999999999999929e+00 -8.699123285434857689e-01 1.633727517318386946e+00 1.000000000000000056e-01
1.429999999999999938e+00 -8.802355055557140595e-01 1.634241719208330945e+00 1.000000000000000056e-01
1.439999999999999947e+00 -8.905823355972511957e-01 1.634739845818258930e+00 1.000000000000000056e-01
1.449999999999999956e+00 -9.009520235771393271e-01 1.635222041853416020e+00 1.000000000000000056e-01
1.459999999999999964e+00 -9.113437761619719302e-01 1.635688464342540893e+00 1.000000000000000056e-01
1.469999999999999973e+00 -9.217568015475128274e-01 1.636139282454586397e+00 1.000000000000000056e-01
1.479999999999999982e+00 -9.321903092285303005e-01 1.636574677297220504e+00 1.000000000000000056e-01
1.489999999999999991e+00 -9.426435097678825814e-01 1.636994841702924752e+00 1.000000000000000056e-01
1.500000000000000000e+00 -9.531156145631414223e-01 1.637399979999017097e+00 1.000000000000000056e-01
1.510000000000000009e+00 -9.636058356138389458e-01 1.637790307764356523e+00 1.000000000000000056e-01
1.520000000000000018e+00 -9.741133852863061993e-01 1.638166051572254922e+00 1.000000000000000056e-01
1.530000000000000027e+00 -9.846374760791275493e-01 1.638527448721035062e+00 1.000000000000000056e-01
1.540000000000000036e+00 -9.951773203873075513e-01 1.638874746949258165e+00 1.000000000000000056e-01
1.550000000000000044e+00 -1.005732130265926338e+00 1.639208204143181691e+00 1.000000000000000056e-01
1.560000000000000053e+00 -1.016301117193917136e+00 1.639528088026359409e+00 1.000000000000000056e-01
1.570000000000000062e+00 -1.026883491837140783e+00 1.639834675842360534e+00 1.000000000000000056e-01
1.580000000000000071e+00 -1.037478463811528195e+00 1.640128254022866328e+00 1.000000000000000056e-01
1.590000000000000080e+00 -1.048085241446737648e+00 1.640409117845362141e+00 1.000000000000000056e-01
1.600000000000000089e+00 -1.058703031549476981e+00 1.640677571079895092e+00 1.000000000000000056e-01
1.610000000000000098e+00 -1.069331039170084319e+00 1.640933925624015854e+00 1.000000000000000056e-01
1.620000000000000107e+00 -1.079968467368197960e+00 1.641178501128161216e+00 1.000000000000000056e-01
1.630000000000000115e+00 -1.090614516983932081e+00 1.641411624609762088e+00 1.000000000000000056e-01
1.640000000000000124e+00 -1.101268386410716671e+00 1.641633630058378923e+00 1.000000000000000056e-01
1.650000000000000133e+00 -1.111929271373418349e+00 1.641844858032123211e+00 1.000000000000000056e-01
1.660000000000000142e+00 -1.122596364711549555e+00 1.642045655243662416e+00 1.000000000000000056e-01
1.669999999999999929e+00 -1.133268856168509808e+00 1.642236374141442967e+00 1.000000000000000056e-01
1.679999999999999938e+00 -1.143945932186788417e+00 1.642417372481010496e+00 1.000000000000000056e-01
1.689999999999999947e+00 -1.154626775710663633e+00 1.642589012891613187e+00 1.000000000000000056e-01
1.699999999999999956e+00 -1.165310565995407055e+00 1.642751662436790605e+00 1.000000000000000056e-01
1.709999999999999964e+00 -1.175996478423801284e+00 1.642905692168916243e+00 1.000000000000000056e-01
1.719999999999999973e+00 -1.186683684330342770e+00 1.643051476680440715e+00 1.000000000000000056e-01
1.729999999999999982e+00 -1.197371350832471260e+00 1.643189393649636676e+00 1.000000000000000056e-01
1.739999999999999991e+00 -1.208058640669208650e+00 1.643319823384808087e+00 1.000000000000000056e-01
1.750000000000000000e+00 -1.218744712047983514e+00 1.643443148362080608e+00 1.000000000000000056e-01
1.760000000000000009e+00 -1.229428718498924988e+00 1.643559752765351378e+00 1.000000000000000056e-01
1.770000000000000018e+00 -1.240109808737414498e+00 1.643670022018799859e+00 1.000000000000000056e-01
1.780000000000000027e+00 -1.250787126535106264e+00 1.643774342323671256e+00 1.000000000000000056e-01
1.790000000000000036e+00 -1.261459810599597997e+00 1.643873100187951186e+00 1.000000000000000056e-01
1.800000000000000044e+00 -1.272126994463330441e+00 1.643966681961483323e+00 1.000000000000000056e-01
1.810000000000000053e+00 -1.282787806382085893e+00 1.644055473366599296e+00 1.000000000000000056e-01
1.820000000000000062e+00 -1.293441369242704919e+00 1.644139859031816142e+00 1.000000000000000056e-01
1.830000000000000071e+00 -1.304086800482039177e+00 1.644220222026271827e+00 1.000000000000000056e-01
1.840000000000000080e+00 -1.314723212014882847e+00 1.644296943395397115e+00 1.000000000000000056e-01
1.850000000000000089e+00 -1.325349710174752449e+00 1.644370401699351003e+00 1.000000000000000056e-01
1.860000000000000098e+00 -1.335965395663507360e+00 1.644440972554375158e+00 1.000000000000000056e-01
1.870000000000000107e+00 -1.346569363514057871e+00 1.644509028177197463e+00 1.000000000000000056e-01
1.880000000000000115e+00 -1.357160703064061780e+00 1.644574936933837161e+00 1.000000000000000056e-01
1.890000000000000124e+00 -1.367738497941117792e+00 1.644639062892921055e+00 1.000000000000000056e-01
1.900000000000000133e+00 -1.378301826060551516e+00 1.644701765383955738e+00 1.000000000000000056e-01
1.910000000000000142e+00 -1.388849759634914083e+00 1.644763398561658763e+00 1.000000000000000056e-01
1.919999999999999929e+00 -1.399381365196386673e+00 1.644824310976029214e+00 1.000000000000000056e-01
1.929999999999999938e+00 -1.409895703630458463e+00 1.644884845149573893e+00 1.000000000000000056e-01
1.939999999999999947e+00 -1.420391830223956653e+00 1.644945337162803778e+00 1.000000000000000056e-01
1.949999999999999956e+00 -1.430868794723314963e+00 1.645006116244556615e+00 1.000000000000000056e-01
1.959999999999999964e+00 -1.441325641407972258e+00 1.645067504375411716e+00 1.000000000000000056e-01
1.969999999999999973e+00 -1.451761409174429529e+00 1.645129815895364223e+00 1.000000000000000056e-01
1.979999999999999982e+00 -1.462175131633981051e+00 1.645193357124402622e+00 1.000000000000000056e-01
1.989999999999999991e+00 -1.472565837222910012e+00 1.645258425990662854e+00 1.000000000000000056e-01
2.000000000000000000e+00 -1.482932549324947891e+00 1.645325311670593038e+00 1.000000000000000056e-01
2.010000000000000231e+00 -1.493274286407119122e+00 1.645394294238555100e+00 1.000000000000000056e-01
2.020000000000000018e+00 -1.503590062166386021e+00 1.645465644329196619e+00 1.000000000000000056e-01
2.030000000000000249e+00 -1.513878885690798981e+00 1.645539622810069158e+00 1.000000000000000056e-01
2.040000000000000036e+00 -1.524139761630848522e+00 1.645616480467258169e+00 1.000000000000000056e-01
2.049999999999999822e+00 -1.534371690384170872e+00 1.645696457702959581e+00 1.000000000000000056e-01
2.060000000000000053e+00 -1.544573668291226998e+00 1.645779784247237254e+00 1.000000000000000056e-01
2.069999999999999840e+00 -1.554744687843973239e+00 1.645866678880110845e+00 1.000000000000000056e-01
2.080000000000000071e+00 -1.564883737903926431e+00 1.645957349170931394e+00 1.000000000000000056e-01
2.089999999999999858e+00 -1.574989803933696031e+00 1.646051991228405953e+00 1.000000000000000056e-01
2.100000000000000089e+00 -1.585061868238079930e+00 1.646150789467241360e+00 1.000000000000000056e-01
2.109999999999999876e+00 -1.595098910216339316e+00 1.646253916386592353e+00 1.000000000000000056e-01
2.120000000000000107e+00 -1.605099906624629869e+00 1.646361532366160230e+00 1.000000000000000056e-01
2.129999999999999893e+00 -1.615063831849402831e+00 1.646473785474918072e+00 1.000000000000000056e-01
2.140000000000000124e+00 -1.624989658189086583e+00 1.646590811295723489e+00 1.000000000000000056e-01
2.149999999999999911e+00 -1.634876356146729437e+00 1.646712732765641451e+00 1.000000000000000056e-01
2.160000000000000142e+00 -1.644722894730620721e+00 1.646839660030847696e+00 1.000000000000000056e-01
2.169999999999999929e+00 -1.654528241764640306e+00 1.646971690318011605e+00 1.000000000000000056e-01
2.180000000000000160e+00 -1.664291364205046531e+00 1.647108907820778567e+00 1.000000000000000056e-01
2.189999999999999947e+00 -1.674011228468042400e+00 1.647251383602099217e+00 1.000000000000000056e-01
2.200000000000000178e+00 -1.683686800761919899e+00 1.647399175513292402e+00 1.000000000000000056e-01
2.209999999999999964e+00 -1.693317047427802979e+00 1.647552328127571686e+00 1.000000000000000056e-01
2.220000000000000195e+00 -1.702900935287267048e+00 1.647710872690300921e+00 1.000000000000000056e-01
2.229999999999999982e+00 -1.712437431994914938e+00 1.647874827086413640e+00 1.000000000000000056e-01
2.240000000000000213e+00 -1.721925506397498529e+00 1.648044195820547619e+00 1.000000000000000056e-01
2.250000000000000000e+00 -1.731364128898838617e+00 1.648218970016849472e+00 1.000000000000000056e-01
2.260000000000000231e+00 -1.740752271827743725e+00 1.648399127431863231e+00 1.000000000000000056e-01
2.270000000000000018e+00 -1.750088909812912430e+00 1.648584632483840462e+00 1.000000000000000056e-01
2.280000000000000249e+00 -1.759373020158941037e+00 1.648775436298705932e+00 1.000000000000000056e-01
2.290000000000000036e+00 -1.768603583228599785e+00 1.648971476769699906e+00 1.000000000000000056e-01
2.300000000000000266e+00 -1.777779582825294025e+00 1.649172678633589184e+00 1.000000000000000056e-01
2.310000000000000053e+00 -1.786900006581231493e+00 1.649378953561798200e+00 1.000000000000000056e-01
2.319999999999999840e+00 -1.795963846343842318e+00 1.649590200265750539e+00 1.000000000000000056e-01
2.330000000000000071e+00 -1.804970098568271064e+00 1.649806304617598585e+00 1.000000000000000056e-01
2.339999999999999858e+00 -1.813917764706684865e+00 1.650027139785446684e+00 1.000000000000000056e-01
2.350000000000000089e+00 -1.822805851601967841e+00 1.650252566381533503e+00 1.000000000000000056e-01
2.359999999999999876e+00 -1.831633371878593985e+00 1.650482432626510620e+00 1.000000000000000056e-01
2.370000000000000107e+00 -1.840399344335943210e+00 1.650716574524558666e+00 1.000000000000000056e-01
2.379999999999999893e+00 -1.849102794339060551e+00 1.650954816053955554e+00 1.000000000000000056e-01
2.390000000000000124e+00 -1.857742754209117830e+00 1.651196969370046341e+00 1.000000000000000056e-01
2.399999999999999911e+00 -1.866318263611937756e+00 1.651442835019150124e+00 1.000000000000000056e-01
2.410000000000000142e+00 -1.874828369945278572e+00 1.651692202167888368e+00 1.000000000000000056e-01
2.419999999999999929e+00 -1.883272128722344396e+00 1.651944848840594116e+00 1.000000000000000056e-01
2.430000000000000160e+00 -1.891648603953577146e+00 1.652200542171093911e+00 1.000000000000000056e-01
2.439999999999999947e+00 -1.899956868524390385e+00 1.652459038664292779e+00 1.000000000000000056e-01
2.450000000000000178e+00 -1.908196004569814086e+00 1.652720084467435235e+00 1.000000000000000056e-01
2.459999999999999964e+00 -1.916365103843841622e+00 1.652983415653920929e+00 1.000000000000000056e-01
2.470000000000000195e+00 -1.924463268086170631e+00 1.653248758514189731e+00 1.000000000000000056e-01
2.479999999999999982e+00 -1.932489609381515372e+00 1.653515829857489461e+00 1.000000000000000056e-01
2.490000000000000213e+00 -1.940443250516283857e+00 1.653784337322024456e+00 1.000000000000000056e-01
2.500000000000000000e+00 -1.948323325327314448e+00 1.654053979693087095e+00 1.000000000000000056e-01
2.510000000000000231e+00 -1.956128979046490635e+00 1.654324447229757356e+00 1.000000000000000056e-01
2.520000000000000018e+00 -1.963859368637951075e+00 1.654595421997477223e+00 1.000000000000000056e-01
2.530000000000000249e+00 -1.971513663128898530e+00 1.654866578209809314e+00 1.000000000000000056e-01
2.540000000000000036e+00 -1.979091043934379623e+00 1.655137582574023991e+00 1.000000000000000056e-01
2.550000000000000266e+00 -1.986590705173854055e+00 1.655408094644418959e+00 1.000000000000000056e-01
2.560000000000000053e+00 -1.994011853980692361e+00 1.655677767179804416e+00 1.000000000000000056e-01
2.569999999999999840e+00 -2.001353710804532060e+00 1.655946246507080666e+00 1.000000000000000056e-01
2.580000000000000071e+00 -2.008615509705471869e+00 1.656213172887353924e+00 1.000000000000000056e-01
2.589999999999999858e+00 -2.015796498639117029e+00 1.656478180888166341e+00 1.000000000000000056e-01
2.600000000000000089e+00 -2.022895939735608550e+00 1.656740899756959706e+00 1.000000000000000056e-01
2.609999999999999876e+00 -2.029913109567063056e+00 1.657000953798848153e+00 1.000000000000000056e-01
2.620000000000000107e+00 -2.036847299409213274e+00 1.657257962756058856e+00 1.000000000000000056e-01
2.629999999999999893e+00 -2.043697815491745562e+00 1.657511542189808562e+00 1.000000000000000056e-01
2.640000000000000124e+00 -2.050463979240739310e+00 1.657761303862285818e+00 1.000000000000000056e-01
2.649999999999999911e+00 -2.057145127511363025e+00 1.658006856121748918e+00 1.000000000000000056e-01
2.660000000000000142e+00 -2.063740612811222341e+00 1.658247804285456484e+00 1.000000000000000056e-01
2.669999999999999929e+00 -2.070249803513669384e+00 1.658483751025329633e+00 1.000000000000000056e-01
2.680000000000000160e+00 -2.076672084062067825e+00 1.658714296750100070e+00 1.000000000000000056e-01
2.689999999999999947e+00 -2.083006855163039184e+00 1.658939039989246966e+00 1.000000000000000056e-01
2.700000000000000178e+00 -2.089253533970971688e+00 1.659157577774372339e+00 1.000000000000000056e-01
2.709999999999999964e+00 -2.095411554261525922e+00 1.659369506018051554e+00 1.000000000000000056e-01
2.720000000000000195e+00 -2.101480366595082749e+00 1.659574419891819863e+00 1.000000000000000056e-01
2.729999999999999982e+00 -2.107459438470653090e+00 1.659771914200851350e+00 1.000000000000000056e-01
2.740000000000000213e+00 -2.113348254468564225e+00 1.659961583755456882e+00 1.000000000000000056e-01
2.750000000000000000e+00 -2.119146316383585749e+00 1.660143023739224510e+00 1.000000000000000056e-01
2.760000000000000231e+00 -2.124853143347937401e+00 1.660315830073718191e+00 1.000000000000000056e-01
2.770000000000000018e+00 -2.130468271943148917e+00 1.660479599778462267e+00 1.000000000000000056e-01
2.780000000000000249e+00 -2.135991256302593122e+00 1.660633931326317647e+00 1.000000000000000056e-01
2.790000000000000036e+00 -2.141421668204120277e+00 1.660778424995095204e+00 1.000000000000000056e-01
2.800000000000000266e+00 -2.146759097150969353e+00 1.660912683212040220e+00 1.000000000000000056e-01
2.810000000000000053e+00 -2.152003150444764756e+00 1.661036310894743462e+00 1.000000000000000056e-01
2.819999999999999840e+00 -2.157153453247295793e+00 1.661148915784357083e+00 1.000000000000000056e-01
2.830000000000000071e+00 -2.162209648632364534e+00 1.661250108775097267e+00 1.000000000000000056e-01
2.839999999999999858e+00 -2.167171397628536944e+00 1.661339504234208952e+00 1.000000000000000056e-01
2.850000000000000089e+00 -2.172038379252103191e+00 1.661416720318235285e+00 1.000000000000000056e-01
2.859999999999999876e+00 -2.176810290529611169e+00 1.661481379280949744e+00 1.000000000000000056e-01
2.870000000000000107e+00 -2.181486846512426858e+00 1.661533107774207929e+00 1.000000000000000056e-01
2.879999999999999893e+00 -2.186067780280757322e+00 1.661571537141602661e+00 1.000000000000000056e-01
2.890000000000000124e+00 -2.190552842938529476e+00 1.661596303705371147e+00 1.000000000000000056e-01
2.899999999999999911e+00 -2.194941803600670482e+00 1.661607049044311557e+00 1.000000000000000056e-01
2.910000000000000142e+00 -2.199234449369068312e+00 1.661603420265002296e+00 1.000000000000000056e-01
2.919999999999999929e+00 -2.203430585301914491e+00 1.661585070264385511e+00 1.000000000000000056e-01
2.930000000000000160e+00 -2.207530034373051286e+00 1.661551657984620789e+00 1.000000000000000056e-01
2.939999999999999947e+00 -2.211532637423494041e+00 1.661502848659414111e+00 1.000000000000000056e-01
2.950000000000000178e+00 -2.215438253104286215e+00 1.661438314052212650e+00 1.000000000000000056e-01
2.959999999999999964e+00 -2.219246757811381254e+00 1.661357732685773136e+00 1.000000000000000056e-01
2.970000000000000195e+00 -2.222958045612114297e+00 1.661260790063684878e+00 1.000000000000000056e-01
2.979999999999999982e+00 -2.226572028164576444e+00 1.661147178883068731e+00 1.000000000000000056e-01
2.990000000000000213e+00 -2.230088634628311528e+00 1.661016599237772118e+00 1.000000000000000056e-01
3.000000000000000000e+00 -2.233507811568257395e+00 1.660868758815062352e+00 1.000000000000000056e-01
3.010000000000000231e+00 -2.236829522851406793e+00 1.660703373081918066e+00 1.000000000000000056e-01
3.020000000000000018e+00 -2.240053749535235283e+00 1.660520165462284758e+00 1.000000000000000056e-01
3.030000000000000249e+00 -2.243180489750610462e+00 1.660318867508250751e+00 1.000000000000000056e-01
3.040000000000000036e+00 -2.246209758577169868e+00 1.660099219059018694e+00 1.000000000000000056e-01
3.050000000000000266e+00 -2.249141587911712925e+00 1.659860968394600178e+00 1.000000000000000056e-01
3.060000000000000053e+00 -2.251976026331046210e+00 1.659603872378388134e+00 1.000000000000000056e-01
3.070000000000000284e+00 -2.254713138948371665e+00 1.659327696592792112e+00 1.000000000000000056e-01
3.080000000000000071e+00 -2.257353007262885569e+00 1.659032215465659599e+00 1.000000000000000056e-01
3.089999999999999858e+00 -2.259895729005112042e+00 1.658717212388518991e+00 1.000000000000000056e-01
3.100000000000000089e+00 -2.262341417975101798e+00 1.658382479826504996e+00 1.000000000000000056e-01
3.109999999999999876e+00 -2.264690203876099428e+00 1.658027819419961801e+00 1.000000000000000056e-01
3.120000000000000107e+00 -2.266942232143721370e+00 1.657653042078138350e+00 1.000000000000000056e-01
3.129999999999999893e+00 -2.269097663767736250e+00 1.657257968064834497e+00 1.000000000000000056e-01
3.140000000000000124e+00 -2.271156675112991241e+00 1.656842427075530644e+00 1.000000000000000056e-01
3.149999999999999911e+00 -2.273119457731525017e+00 1.656406258308156465e+00 1.000000000000000056e-01
3.160000000000000142e+00 -2.274986218174561259e+00 1.655949310524658991e+00 1.000000000000000056e-01
3.169999999999999929e+00 -2.276757177797080978e+00 1.655471442106252189e+00 1.000000000000000056e-01
3.180000000000000160e+00 -2.278432572560513680e+00 1.654972521100409377e+00 1.000000000000000056e-01
3.189999999999999947e+00 -2.280012652832008158e+00 1.654452425261837334e+00 1.000000000000000056e-01
3.200000000000000178e+00 -2.281497683178216551e+00 1.653911042085365102e+00 1.000000000000000056e-01
3.209999999999999964e+00 -2.282887942158959849e+00 1.653348268831879686e+00 1.000000000000000056e-01
3.220000000000000195e+00 -2.284183722115350701e+00 1.652764012549353678e+00 1.000000000000000056e-01
3.229999999999999982e+00 -2.285385328956646589e+00 1.652158190084511702e+00 1.000000000000000056e-01
3.240000000000000213e+00 -2.286493081944069417e+00 1.651530728091180400e+00 1.000000000000000056e-01
3.250000000000000000e+00 -2.287507313472900261e+00 1.650881563029631627e+00 1.000000000000000056e-01
3.260000000000000231e+00 -2.288428368851166184e+00 1.650210641162702441e+00 1.000000000000000056e-01
3.270000000000000018e+00 -2.289256606078363898e+00 1.649517918543426331e+00 1.000000000000000056e-01
3.280000000000000249e+00 -2.289992395620577437e+00 1.648803360999529621e+00 1.000000000000000056e-01
3.290000000000000036e+00 -2.290636120185858271e+00 1.648066944110327281e+00 1.000000000000000056e-01
3.300000000000000266e+00 -2.291188174496698426e+00 1.647308653180351579e+00 1.000000000000000056e-01
3.310000000000000053e+00 -2.291648965062924592e+00 1.646528483205935922e+00 1.000000000000000056e-01
3.320000000000000284e+00 -2.292018909952460604e+00 1.645726438838894357e+00 1.000000000000000056e-01
3.330000000000000071e+00 -2.292298438562344387e+00 1.644902534344144573e+00 1.000000000000000056e-01
3.339999999999999858e+00 -2.292487991388529878e+00 1.644056793552826079e+00 1.000000000000000056e-01
3.350000000000000089e+00 -2.292588019795974930e+00 1.643189249812692543e+00 1.000000000000000056e-01
3.359999999999999876e+00 -2.292598985787884569e+00 1.642299945931751770e+00 1.000000000000000056e-01
3.370000000000000107e+00 -2.292521361775583966e+00 1.641388934120666665e+00 1.000000000000000056e-01
3.379999999999999893e+00 -2.292355630348286155e+00 1.640456275929259577e+00 1.000000000000000056e-01
3.390000000000000124e+00 -2.292102284043298965e+00 1.639502042180291941e+00 1.000000000000000056e-01
3.399999999999999911e+00 -2.291761825116662710e+00 1.638526312900514315e+00 1.000000000000000056e-01
3.410000000000000142e+00 -2.291334765314470889e+00 1.637529177246315637e+00 1.000000000000000056e-01
3.419999999999999929e+00 -2.290821625645010684e+00 1.636510733428296449e+00 1.000000000000000056e-01
3.430000000000000160e+00 -2.290222936152297883e+00 1.635471088632557191e+00 1.000000000000000056e-01
3.439999999999999947e+00 -2.289539235689825425e+00 1.634410358936847274e+00 1.000000000000000056e-01
3.450000000000000178e+00 -2.288771071696447557e+00 1.633328669227991137e+00 1.000000000000000056e-01
3.459999999999999964e+00 -2.287918999973206802e+00 1.632226153113199629e+00 1.000000000000000056e-01
3.470000000000000195e+00 -2.286983584462219721e+00 1.631102952829986075e+00 1.000000000000000056e-01
3.479999999999999982e+00 -2.285965397026317625e+00 1.629959219155378003e+00 1.000000000000000056e-01
3.490000000000000213e+00 -2.284865017231693329e+00 1.628795111310413990e+00 1.000000000000000056e-01
3.500000000000000000e+00 -2.283683032131798019e+00 1.627610796863908638e+00 1.000000000000000056e-01
3.510000000000000231e+00 -2.282420036053126822e+00 1.626406451634887729e+00 1.000000000000000056e-01
3.520000000000000018e+00 -2.281076630384602844e+00 1.625182259590915779e+00 1.000000000000000056e-01
3.530000000000000249e+00 -2.279653423366854614e+00 1.623938412747589544e+00 1.000000000000000056e-01
3.540000000000000036e+00 -2.278151029887265366e+00 1.622675111063479170e+00 1.000000000000000056e-01
3.550000000000000266e+00 -2.276570071274174101e+00 1.621392562335819409e+00 1.000000000000000056e-01
3.560000000000000053e+00 -2.274911175096587357e+00 1.620090982093149723e+00 1.000000000000000056e-01
3.570000000000000284e+00 -2.273174974964842665e+00 1.618770593487607989e+00 1.000000000000000056e-01
3.580000000000000071e+00 -2.271362110335314544e+00 1.617431627184550802e+00 1.000000000000000056e-01
3.589999999999999858e+00 -2.269473226317204606e+00 1.616074321252900736e+00 1.000000000000000056e-01
3.600000000000000089e+00 -2.267508973483256529e+00 1.614698921051756608e+00 1.000000000000000056e-01
3.609999999999999876e+00 -2.265470007682947262e+00 1.613305679118409053e+00 1.000000000000000056e-01
3.620000000000000107e+00 -2.263356989859174551e+00 1.611894855053024544e+00 1.000000000000000056e-01
3.629999999999999893e+00 -2.261170585867978033e+00 1.610466715403922722e+00 1.000000000000000056e-01
3.640000000000000124e+00 -2.258911466302307325e+00 1.609021533550344163e+00 1.000000000000000056e-01
3.649999999999999911e+00 -2.256580306318118012e+00 1.607559589586039950e+00 1.000000000000000056e-01
3.660000000000000142e+00 -2.254177785464821504e+00 1.606081170199722630e+00 1.000000000000000056e-01
3.669999999999999929e+00 -2.251704587518545519e+00 1.604586568556075621e+00 1.000000000000000056e-01
3.680000000000000160e+00 -2.249161400320057069e+00 1.603076084175717897e+00 1.000000000000000056e-01
3.689999999999999947e+00 -2.246548915614483111e+00 1.601550022813343910e+00 1.000000000000000056e-01
3.700000000000000178e+00 -2.243867828896941141e+00 1.600008696335519343e+00 1.000000000000000056e-01
3.709999999999999964e+00 -2.241118839260001216e+00 1.598452422597915756e+00 1.000000000000000056e-01
3.720000000000000195e+00 -2.238302649245887732e+00 1.596881525320895001e+00 1.000000000000000056e-01
3.729999999999999982e+00 -2.235419964702897833e+00 1.595296333964456359e+00 1.000000000000000056e-01
3.740000000000000213e+00 -2.232471494644089560e+00 1.593697183602457601e+00 1.000000000000000056e-01
3.750000000000000000e+00 -2.229457951112091774e+00 1.592084414795653879e+00 1.000000000000000056e-01
3.760000000000000231e+00 -2.226380049046242426e+00 1.590458373463850883e+00 1.000000000000000056e-01
3.770000000000000018e+00 -2.223238506154289418e+00 1.588819410757140060e+00 1.000000000000000056e-01
3.780000000000000249e+00 -2.220034042788152640e+00 1.587167882926453277e+00 1.000000000000000056e-01
3.790000000000000036e+00 -2.216767381824256145e+00 1.585504151192312028e+00 1.000000000000000056e-01
3.800000000000000266e+00 -2.213439248546501759e+00 1.583828581613233366e+00 1.000000000000000056e-01
3.810000000000000053e+00 -2.210050370535450170e+00 1.582141544953969081e+00 1.000000000000000056e-01
3.820000000000000284e+00 -2.206601477559220648e+00 1.580443416549963676e+00 1.000000000000000056e-01
3.830000000000000071e+00 -2.203093301471076515e+00 1.578734576174411153e+00 1.000000000000000056e-01
3.839999999999999858e+00 -2.199526576108632892e+00 1.577015407900968169e+00 1.000000000000000056e-01
3.850000000000000089e+00 -2.195902037199312318e+00 1.575286299967517012e+00 1.000000000000000056e-01
3.859999999999999876e+00 -2.192220422267904922e+00 1.573547644637887100e+00 1.000000000000000056e-01
3.870000000000000107e+00 -2.188482470550456416e+00 1.571799838062625687e+00 1.000000000000000056e-01
3.879999999999999893e+00 -2.184688922909932440e+00 1.570043280138172737e+00 1.000000000000000056e-01
3.890000000000000124e+00 -2.180840521757747119e+00 1.568278374365642991e+00 1.000000000000000056e-01
3.899999999999999911e+00 -2.176938010978147098e+00 1.566505527708184520e+00 1.000000000000000056e-01
3.910000000000000142e+00 -2.172982135857407737e+00 1.564725150445865021e+00 1.000000000000000056e-01
3.919999999999999929e+00 -2.168973643016535835e+00 1.562937656031098799e+00 1.000000000000000056e-01
3.930000000000000160e+00 -2.164913280348314206e+00 1.561143460941667005e+00 1.000000000000000056e-01
3.939999999999999947e+00 -2.160801796957819487e+00 1.559342984532478882e+00 1.000000000000000056e-01
3.950000000000000178e+00 -2.156639943107566459e+00 1.557536648886506558e+00 1.000000000000000056e-01
3.959999999999999964e+00 -2.152428470165940411e+00 1.555724878663472088e+00 1.000000000000000056e-01
3.970000000000000195e+00 -2.148168130559868771e+00 1.553908100948242277e+00 1.000000000000000056e-01
3.979999999999999982e+00 -2.143859677731026814e+00 1.552086745096866061e+00 1.000000000000000056e-01
3.990000000000000213e+00 -2.139503866096208462e+00 1.550261242581779442e+00 1.000000000000000056e-01
4.000000000000000000e+00 -2.135101451010947837e+00 1.548432026835439235e+00 1.000000000000000056e-01
4.009999999999999787e+00 -2.130653188737299697e+00 1.546599533092393619e+00 1.000000000000000056e-01
4.020000000000000462e+00 -2.126159836414795112e+00 1.544764198230159424e+00 1.000000000000000056e-01
4.030000000000000249e+00 -2.121622152034814413e+00 1.542926460608600170e+00 1.000000000000000056e-01
4.040000000000000036e+00 -2.117040894419174091e+00 1.541086759907608350e+00 1.000000000000000056e-01
4.049999999999999822e+00 -2.112416823200963023e+00 1.539245536964711558e+00 1.000000000000000056e-01
4.060000000000000497e+00 -2.107750698809474521e+00 1.537403233608107600e+00 1.000000000000000056e-01
4.070000000000000284e+00 -2.103043282457778940e+00 1.535560292493552303e+00 1.000000000000000056e-01
4.080000000000000071e+00 -2.098295336133659816e+00 1.533717156933459114e+00 1.000000000000000056e-01
4.089999999999999858e+00 -2.093507622593442807e+00 1.531874270731389931e+00 1.000000000000000056e-01
4.099999999999999645e+00 -2.088680905358618389e+00 1.530032078009223140e+00 1.000000000000000056e-01
4.110000000000000320e+00 -2.083815948715157962e+00 1.528191023037688057e+00 1.000000000000000056e-01
4.120000000000000107e+00 -2.078913517715977211e+00 1.526351550063287599e+00 1.000000000000000056e-01
4.129999999999999893e+00 -2.073974378185410750e+00 1.524514103134265275e+00 1.000000000000000056e-01
4.139999999999999680e+00 -2.068999296726760306e+00 1.522679125927001387e+00 1.000000000000000056e-01
4.150000000000000355e+00 -2.063989040731618374e+00 1.520847061569060799e+00 1.000000000000000056e-01
4.160000000000000142e+00 -2.058944378392121521e+00 1.519018352463892496e+00 1.000000000000000056e-01
4.169999999999999929e+00 -2.053866078715080423e+00 1.517193440112419189e+00 1.000000000000000056e-01
4.179999999999999716e+00 -2.048754911538485324e+00 1.515372764935353667e+00 1.000000000000000056e-01
4.190000000000000391e+00 -2.043611647549292698e+00 1.513556766093968164e+00 1.000000000000000056e-01
4.200000000000000178e+00 -2.038437058304231719e+00 1.511745881310721185e+00 1.000000000000000056e-01
4.209999999999999964e+00 -2.033231916251126759e+00 1.509940546689894969e+00 1.000000000000000056e-01
4.219999999999999751e+00 -2.027996994752465199e+00 1.508141196535786488e+00 1.000000000000000056e-01
4.230000000000000426e+00 -2.022733068110678101e+00 1.506348263173906465e+00 1.000000000000000056e-01
4.240000000000000213e+00 -2.017440911593174846e+00 1.504562176768785564e+00 1.000000000000000056e-01
4.250000000000000000e+00 -2.012121301460508160e+00 1.502783365144040095e+00 1.000000000000000056e-01
4.259999999999999787e+00 -2.006775014993741113e+00 1.501012253601474722e+00 1.000000000000000056e-01
4.270000000000000462e+00 -2.001402830522789333e+00 1.499249264740959209e+00 1.000000000000000056e-01
4.280000000000000249e+00 -1.996005527456212292e+00 1.497494818279939022e+00 1.000000000000000056e-01
4.290000000000000036e+00 -1.990583886309764461e+00 1.495749330874915017e+00 1.000000000000000056e-01
4.299999999999999822e+00 -1.985138688735915258e+00 1.494013215942007866e+00 1.000000000000000056e-01
4.310000000000000497e+00 -1.979670717552674875e+00 1.492286883479719606e+00 1.000000000000000056e-01
4.320000000000000284e+00 -1.974180756773072920e+00 1.490570739891963425e+00 1.000000000000000056e-01
4.330000000000000071e+00 -1.968669591631453608e+00 1.488865187812483004e+00 1.000000000000000056e-01
4.339999999999999858e+00 -1.963138008612355989e+00 1.487170625931019563e+00 1.000000000000000056e-01
4.350000000000000533e+00 -1.957586795475362962e+00 1.485487448820539624e+00 1.000000000000000056e-01
4.360000000000000320e+00 -1.952016741280277135e+00 1.483816046765843000e+00 1.000000000000000056e-01
4.370000000000000107e+00 -1.946428636410114210e+00 1.482156805595495452e+00 1.000000000000000056e-01
4.379999999999999893e+00 -1.940823272592537618e+00 1.480510106514066004e+00 1.000000000000000056e-01
4.389999999999999680e+00 -1.935201442919905812e+00 1.478876325937032554e+00 1.000000000000000056e-01
4.400000000000000355e+00 -1.929563941865619636e+00 1.477255835329237321e+00 1.000000000000000056e-01
4.410000000000000142e+00 -1.923911565300335580e+00 1.475649001043686903e+00 1.000000000000000056e-01
4.419999999999999929e+00 -1.918245110503560280e+00 1.474056184164616701e+00 1.000000000000000056e-01
4.429999999999999716e+00 -1.912565376173947396e+00 1.472477740352329256e+00 1.000000000000000056e-01
4.440000000000000391e+00 -1.906873162436048208e+00 1.470914019692209473e+00 1.000000000000000056e-01
4.450000000000000178e+00 -1.901169270844135228e+00 1.469365366543454288e+00 1.000000000000000056e-01
4.459999999999999964e+00 -1.895454504382591221e+00 1.467832119396246693e+00 1.000000000000000056e-01
4.469999999999999751e+00 -1.889729667463615037e+00 1.466314610726271450e+00 1.000000000000000056e-01
4.480000000000000426e+00 -1.883995565919969195e+00 1.464813166856297144e+00 1.000000000000000056e-01
4.490000000000000213e+00 -1.878253006995903585e+00 1.463328107820617507e+00 1.000000000000000056e-01
4.500000000000000000e+00 -1.872502799332465218e+00 1.461859747230954909e+00 1.000000000000000056e-01
4.509999999999999787e+00 -1.866745752950278447e+00 1.460408392148903722e+00 1.000000000000000056e-01
4.520000000000000462e+00 -1.860982679227584979e+00 1.458974342959107329e+00 1.000000000000000056e-01
4.530000000000000249e+00 -1.855214390874139641e+00 1.457557893248645708e+00 1.000000000000000056e-01
4.540000000000000036e+00 -1.849441701901548107e+00 1.456159329688442972e+00 1.000000000000000056e-01
4.549999999999999822e+00 -1.843665427588656813e+00 1.454778931919811225e+00 1.000000000000000056e-01
4.560000000000000497e+00 -1.837886384442746213e+00 1.453416972444274480e+00 1.000000000000000056e-01
4.570000000000000284e+00 -1.832105390157147351e+00 1.452073716517807922e+00 1.000000000000000056e-01
4.580000000000000071e+00 -1.826323263562812382e+00 1.450749422049322002e+00 1.000000000000000056e-01
4.589999999999999858e+00 -1.820540824577544736e+00 1.449444339503396018e+00 1.000000000000000056e-01
4.600000000000000533e+00 -1.814758894148277735e+00 1.448158711807057575e+00 1.000000000000000056e-01
4.610000000000000320e+00 -1.808978294191331715e+00 1.446892774261198111e+00 1.000000000000000056e-01
4.620000000000000107e+00 -1.803199847525613464e+00 1.445646754456946459e+00 1.000000000000000056e-01
4.629999999999999893e+00 -1.797424377803233941e+00 1.444420872195743666e+00 1.000000000000000056e-01
4.639999999999999680e+00 -1.791652709434129020e+00 1.443215339414360310e+00 1.000000000000000056e-01
4.650000000000000355e+00 -1.785885667506475150e+00 1.442030360115137189e+00 1.000000000000000056e-01
4.660000000000000142e+00 -1.780124077702387453e+00 1.440866130299830017e+00 1.000000000000000056e-01
4.669999999999999929e+00 -1.774368766208423986e+00 1.439722837909448439e+00 1.000000000000000056e-01
4.679999999999999716e+00 -1.768620559621904675e+00 1.438600662767603566e+00 1.000000000000000056e-01
4.690000000000000391e+00 -1.762880284852377244e+00 1.437499776529561624e+00 1.000000000000000056e-01
4.700000000000000178e+00 -1.757148769017107703e+00 1.436420342636079095e+00 1.000000000000000056e-01
4.709999999999999964e+00 -1.751426839333788399e+00 1.435362516270908939e+00 1.000000000000000056e-01
4.719999999999999751e+00 -1.745715323006640229e+00 1.434326444324579120e+00 1.000000000000000056e-01
4.730000000000000426e+00 -1.740015047108822710e+00 1.433312265362377325e+00 1.000000000000000056e-01
4.740000000000000213e+00 -1.734326838459684827e+00 1.432320109595968116e+00 1.000000000000000056e-01
4.750000000000000000e+00 -1.728651523497735321e+00 1.431350098862220310e+00 1.000000000000000056e-01
4.759999999999999787e+00 -1.722989928148543681e+00 1.430402346603834696e+00 1.000000000000000056e-01
4.770000000000000462e+00 -1.717342877688814662e+00 1.429476957856827601e+00 1.000000000000000056e-01
4.780000000000000249e+00 -1.711711196605460783e+00 1.428574029241715060e+00 1.000000000000000056e-01
4.790000000000000036e+00 -1.706095708451107695e+00 1.427693648958734851e+00 1.000000000000000056e-01
4.799999999999999822e+00 -1.700497235694684361e+00 1.426835896788925195e+00 1.000000000000000056e-01
4.810000000000000497e+00 -1.694916599569096016e+00 1.426000844097706111e+00 1.000000000000000056e-01
4.820000000000000284e+00 -1.689354619913876698e+00 1.425188553845613271e+00 1.000000000000000056e-01
4.830000000000000071e+00 -1.683812115015552946e+00 1.424399080599379586e+00 1.000000000000000056e-01
4.839999999999999858e+00 -1.678289901443059451e+00 1.423632470551776885e+00 1.000000000000000056e-01
4.850000000000000533e+00 -1.672788793881673897e+00 1.422888761541414304e+00 1.000000000000000056e-01
4.860000000000000320e+00 -1.667309604961843883e+00 1.422167983079765552e+00 1.000000000000000056e-01
4.870000000000000107e+00 -1.661853145087081929e+00 1.421470156380481686e+00 1.000000000000000056e-01
4.879999999999999893e+00 -1.656420222257659836e+00 1.420795294393280672e+00 1.000000000000000056e-01
4.889999999999999680e+00 -1.651011641893090909e+00 1.420143401841169606e+00 1.000000000000000056e-01
4.900000000000000355e+00 -1.645628206651017500e+00 1.419514475262343645e+00 1.000000000000000056e-01
4.910000000000000142e+00 -1.640270716245497473e+00 1.418908503055381187e+00 1.000000000000000056e-01
4.919999999999999929e+00 -1.634939967262384997e+00 1.418325465527195961e+00 1.000000000000000056e-01
4.929999999999999716e+00 -1.629636752973614211e+00 1.417765334945985556e+00 1.000000000000000056e-01
4.940000000000000391e+00 -1.624361863149958785e+00 1.417228075597026571e+00 1.000000000000000056e-01
4.950000000000000178e+00 -1.619116083872917500e+00 1.416713643841405190e+00 1.000000000000000056e-01
4.959999999999999964e+00 -1.613900197344942722e+00 1.416221988178749003e+00 1.000000000000000056e-01
4.969999999999999751e+00 -1.608714981700234192e+00 1.415753049312520329e+00 1.000000000000000056e-01
4.980000000000000426e+00 -1.603561210813617688e+00 1.415306760219597226e+00 1.000000000000000056e-01
4.990000000000000213e+00 -1.598439654110246577e+00 1.414883046220815510e+00 1.000000000000000056e-01
5.000000000000000000e+00 -1.593351076375087549e+00 1.414481825057397613e+00 1.000000000000000056e-01
5.009999999999999787e+00 -1.588296237561965363e+00 1.414103006966899612e+00 1.000000000000000056e-01
5.020000000000000462e+00 -1.583275892604061097e+00 1.413746494765641737e+00 1.000000000000000056e-01
5.030000000000000249e+00 -1.578290791224249423e+00 1.413412183930598420e+00 1.000000000000000056e-01
5.040000000000000036e+00 -1.573341677746289191e+00 1.413099962686595656e+00 1.000000000000000056e-01
5.049999999999999822e+00 -1.568429290907869644e+00 1.412809712094889258e+00 1.000000000000000056e-01
5.060000000000000497e+00 -1.563554363673714587e+00 1.412541306144397879e+00 1.000000000000000056e-01
5.070000000000000284e+00 -1.558717623050444256e+00 1.412294611847518588e+00 1.000000000000000056e-01
5.080000000000000071e+00 -1.553919789904085080e+00 1.412069489334858208e+00 1.000000000000000056e-01
5.089999999999999858e+00 -1.549161578776782955e+00 1.411865791957363836e+00 1.000000000000000056e-01
5.100000000000000533e+00 -1.544443697708206553e+00 1.411683366386732752e+00 1.000000000000000056e-01
5.110000000000000320e+00 -1.539766848056714821e+00 1.411522052721503329e+00 1.000000000000000056e-01
5.120000000000000107e+00 -1.535131724323840929e+00 1.411381684593424168e+00 1.000000000000000056e-01
5.129999999999999893e+00 -1.530539013980608543e+00 1.411262089278468190e+00 1.000000000000000056e-01
5.139999999999999680e+00 -1.525989397296591665e+00 1.411163087807693284e+00 1.000000000000000056e-01
5.150000000000000355e+00 -1.521483547170875195e+00 1.411084495082907564e+00 1.000000000000000056e-01
5.160000000000000142e+00 -1.517022128967033812e+00 1.411026119992321748e+00 1.000000000000000056e-01
5.169999999999999929e+00 -1.512605800349202889e+00 1.410987765530267168e+00 1.000000000000000056e-01
5.179999999999999716e+00 -1.508235211122911368e+00 1.410969228917100970e+00 1.000000000000000056e-01
5.190000000000000391e+00 -1.503911003078211239e+00 1.410970301722297204e+00 1.000000000000000056e-01
5.200000000000000178e+00 -1.499633809836245835e+00 1.410990769988918370e+00 1.000000000000000056e-01
5.209999999999999964e+00 -1.495404256699105927e+00 1.411030414359535579e+00 1.000000000000000056e-01
5.219999999999999751e+00 -1.491222960503668871e+00 1.411089010203925742e+00 1.000000000000000056e-01
5.230000000000000426e+00 -1.487090529479732304e+00 1.411166327748911931e+00 1.000000000000000056e-01
5.240000000000000213e+00 -1.483007563109736582e+00 1.411262132208422226e+00 1.000000000000000056e-01
5.250000000000000000e+00 -1.478974651995300427e+00 1.411376183916113858e+00 1.000000000000000056e-01
5.259999999999999787e+00 -1.474992377725621306e+00 1.411508238458921483e+00 1.000000000000000056e-01
5.270000000000000462e+00 -1.471061312750898908e+00 1.411658046810959410e+00 1.000000000000000056e-01
5.280000000000000249e+00 -1.467182020259975461e+00 1.411825355471064469e+00 1.000000000000000056e-01
5.290000000000000036e+00 -1.463355054061235894e+00 1.412009906598001407e+00 1.000000000000000056e-01
5.299999999999999822e+00 -1.459580958469174572e+00 1.412211438149895137e+00 1.000000000000000056e-01
5.310000000000000497e+00 -1.455860268193881257e+00 1.412429684023583043e+00 1.000000000000000056e-01
5.320000000000000284e+00 -1.452193508235824160e+00 1.412664374193175032e+00 1.000000000000000056e-01
5.330000000000000071e+00 -1.448581193783906373e+00 1.412915234853478141e+00 1.000000000000000056e-01
5.339999999999999858e+00 -1.445023830119547270e+00 1.413181988560275437e+00 1.000000000000000056e-01
5.350000000000000533e+00 -1.441521912522648829e+00 1.413464354373823229e+00 1.000000000000000056e-01
5.360000000000000320e+00 -1.438075926184523512e+00 1.413762048002298100e+00 1.000000000000000056e-01
5.370000000000000107e+00 -1.434686346123301703e+00 1.414074781946623949e+00 1.000000000000000056e-01
5.379999999999999893e+00 -1.431353637104358034e+00 1.414402265644763901e+00 1.000000000000000056e-01
5.389999999999999680e+00 -1.428078253565651989e+00 1.414744205617839201e+00 1.000000000000000056e-01
5.400000000000000355e+00 -1.424860639545774799e+00 1.415100305616550536e+00 1.000000000000000056e-01
5.410000000000000142e+00 -1.421701228618644341e+00 1.415470266767046903e+00 1.000000000000000056e-01
5.419999999999999929e+00 -1.418600443830646318e+00 1.415853787719282275e+00 1.000000000000000056e-01
5.429999999999999716e+00 -1.415558697642277819e+00 1.416250564793408495e+00 1.000000000000000056e-01
5.440000000000000391e+00 -1.412576391875532522e+00 1.416660292128756549e+00 1.000000000000000056e-01
5.450000000000000178e+00 -1.409653917663574063e+00 1.417082661830850743e+00 1.000000000000000056e-01
5.459999999999999964e+00 -1.406791655405739139e+00 1.417517364120667756e+00 1.000000000000000056e-01
5.469999999999999751e+00 -1.403989974726558509e+00 1.417964087482678437e+00 1.000000000000000056e-01
5.480000000000000426e+00 -1.401249234438223690e+00 1.418422518813347022e+00 1.000000000000000056e-01
5.490000000000000213e+00 -1.398569782508109371e+00 1.418892343569629011e+00 1.000000000000000056e-01
5.500000000000000000e+00 -1.395951956028817387e+00 1.419373245917559423e+00 1.000000000000000056e-01
5.509999999999999787e+00 -1.393396081193864600e+00 1.419864908880398069e+00 1.000000000000000056e-01
5.520000000000000462e+00 -1.390902473275092754e+00 1.420367014486515700e+00 1.000000000000000056e-01
5.530000000000000249e+00 -1.388471436606087739e+00 1.420879243917432033e+00 1.000000000000000056e-01
5.540000000000000036e+00 -1.386103264567068116e+00 1.421401277654902984e+00 1.000000000000000056e-01
5.549999999999999822e+00 -1.383798239575039224e+00 1.421932795628192414e+00 1.000000000000000056e-01
5.560000000000000497e+00 -1.381556633077009710e+00 1.422473477360143512e+00 1.000000000000000056e-01
5.570000000000000284e+00 -1.379378705545933004e+00 1.423023002113008584e+00 1.000000000000000056e-01
5.580000000000000071e+00 -1.377264706481597045e+00 1.423581049034013279e+00 1.000000000000000056e-01
5.589999999999999858e+00 -1.375214874413513311e+00 1.424147297298996140e+00 1.000000000000000056e-01
5.600000000000000533e+00 -1.373229436908072199e+00 1.424721426257098855e+00 1.000000000000000056e-01
5.610000000000000320e+00 -1.371308610578697129e+00 1.425303115571989521e+00 1.000000000000000056e-01
5.620000000000000107e+00 -1.369452601098948952e+00 1.425892045364637761e+00 1.000000000000000056e-01
5.629999999999999893e+00 -1.367661603219895383e+00 1.426487896353416440e+00 1.000000000000000056e-01
5.639999999999999680e+00 -1.365935800788998788e+00 1.427090349993324958e+00 1.000000000000000056e-01
5.650000000000000355e+00 -1.364275366773942899e+00 1.427699088614589273e+00 1.000000000000000056e-01
5.660000000000000142e+00 -1.362680463288086674e+00 1.428313795558883825e+00 1.000000000000000056e-01
5.669999999999999929e+00 -1.361151241619671826e+00 1.428934155315082721e+00 1.000000000000000056e-01
5.679999999999999716e+00 -1.359687842263868962e+00 1.429559853653063151e+00 1.000000000000000056e-01
5.690000000000000391e+00 -1.358290394957234914e+00 1.430190577755754644e+00 1.000000000000000056e-01
5.700000000000000178e+00 -1.356959018715901300e+00 1.430826016349944441e+00 1.000000000000000056e-01
5.709999999999999964e+00 -1.355693821875294303e+00 1.431465859835413745e+00 1.000000000000000056e-01
5.719999999999999751e+00 -1.354494902133584588e+00 1.432109800411221823e+00 1.000000000000000056e-01
5.730000000000000426e+00 -1.353362346597029919e+00 1.432757532202045159e+00 1.000000000000000056e-01
5.740000000000000213e+00 -1.352296231827911255e+00 1.433408751380229385e+00 1.000000000000000056e-01
5.750000000000000000e+00 -1.351296623895194449e+00 1.434063156288834628e+00 1.000000000000000056e-01
5.759999999999999787e+00 -1.350363578426934108e+00 1.434720447558559098e+00 1.000000000000000056e-01
5.770000000000000462e+00 -1.349497140665676609e+00 1.435380328227535474e+00 1.000000000000000056e-01
5.780000000000000249e+00 -1.348697345524580982e+00 1.436042503854496388e+00 1.000000000000000056e-01
5.790000000000000036e+00 -1.347964217647617868e+00 1.436706682632730381e+00 1.000000000000000056e-01
5.799999999999999822e+00 -1.347297771469471162e+00 1.437372575500263316e+00 1.000000000000000056e-01
5.810000000000000497e+00 -1.346698011278868679e+00 1.438039896249303062e+00 1.000000000000000056e-01
5.820000000000000284e+00 -1.346164931282808341e+00 1.438708361630479882e+00 1.000000000000000056e-01
5.830000000000000071e+00 -1.345698515672861806e+00 1.439377691459721609e+00 1.000000000000000056e-01
5.839999999999999858e+00 -1.345298738692124907e+00 1.440047608716891414e+00 1.000000000000000056e-01
5.850000000000000533e+00 -1.344965564705229655e+00 1.440717839647168708e+00 1.000000000000000056e-01
5.860000000000000320e+00 -1.344698948267505578e+00 1.441388113856774789e+00 1.000000000000000056e-01
5.870000000000000107e+00 -1.344498834197504378e+00 1.442058164407880261e+00 1.000000000000000056e-01
5.879999999999999893e+00 -1.344365157649364928e+00 1.442727727910773750e+00 1.000000000000000056e-01
5.889999999999999680e+00 -1.344297844186739477e+00 1.443396544613007704e+00 1.000000000000000056e-01
5.900000000000000355e+00 -1.344296809857544295e+00 1.444064358487184174e+00 1.000000000000000056e-01
5.910000000000000142e+00 -1.344361961270454264e+00 1.444730917315105501e+00 1.000000000000000056e-01
5.919999999999999929e+00 -1.344493195671383923e+00 1.445395972770498805e+00 1.000000000000000056e-01
5.929999999999999716e+00 -1.344690401021326309e+00 1.446059280498181554e+00 1.000000000000000056e-01
5.940000000000000391e+00 -1.344953456075438813e+00 1.446720600192145767e+00 1.000000000000000056e-01
5.950000000000000178e+00 -1.345282230461913864e+00 1.447379695669176236e+00 1.000000000000000056e-01
5.959999999999999964e+00 -1.345676584763132899e+00 1.448036334942231163e+00 1.000000000000000056e-01
5.969999999999999751e+00 -1.346136370595861775e+00 1.448690290289242899e+00 1.000000000000000056e-01
5.980000000000000426e+00 -1.346661430693722794e+00 1.449341338320572214e+00 1.000000000000000056e-01
5.990000000000000213e+00 -1.347251598988492116e+00 1.449989260043818895e+00 1.000000000000000056e-01
6.000000000000000000e+00 -1.347906700694342819e+00 1.450633840925480200e+00 1.000000000000000056e-01
6.009999999999999787e+00 -1.348626552389402988e+00 1.451274870950610252e+00 1.000000000000000056e-01
6.020000000000000462e+00 -1.349410962100752620e+00 1.451912144679767147e+00 1.000000000000000056e-01
6.030000000000000249e+00 -1.350259729387555119e+00 1.452545461303117458e+00 1.000000000000000056e-01
6.040000000000000036e+00 -1.351172645425186669e+00 1.453174624692430639e+00 1.000000000000000056e-01
6.049999999999999822e+00 -1.352149493089305210e+00 1.453799443449691031e+00 1.000000000000000056e-01
6.060000000000000497e+00 -1.353190047040012445e+00 1.454419730954438439e+00 1.000000000000000056e-01
6.070000000000000284e+00 -1.354294073805679899e+00 1.455035305406226387e+00 1.000000000000000056e-01
6.080000000000000071e+00 -1.355461331866494312e+00 1.455645989867751400e+00 1.000000000000000056e-01
6.089999999999999858e+00 -1.356691571738329438e+00 1.456251612301600051e+00 1.000000000000000056e-01
6.100000000000000533e+00 -1.357984536055672375e+00 1.456852005607518263e+00 1.000000000000000056e-01
6.110000000000000320e+00 -1.359339959654661145e+00 1.457447007655179538e+00 1.000000000000000056e-01
6.120000000000000107e+00 -1.360757569655156152e+00 1.458036461315244559e+00 1.000000000000000056e-01
6.129999999999999893e+00 -1.362237085544107718e+00 1.458620214487276190e+00 1.000000000000000056e-01
6.140000000000000568e+00 -1.363778219255574964e+00 1.459198120125494214e+00 1.000000000000000056e-01
6.150000000000000355e+00 -1.365380675254410203e+00 1.459770036261467840e+00 1.000000000000000056e-01
6.160000000000000142e+00 -1.367044150616042009e+00 1.460335826024960815e+00 1.000000000000000056e-01
6.169999999999999929e+00 -1.368768335107959366e+00 1.460895357661293303e+00 1.000000000000000056e-01
6.179999999999999716e+00 -1.370552911271162300e+00 1.461448504546695837e+00 1.000000000000000056e-01
6.190000000000000391e+00 -1.372397554499923844e+00 1.461995145201505863e+00 1.000000000000000056e-01
6.200000000000000178e+00 -1.374301933123075026e+00 1.462535163299605756e+00 1.000000000000000056e-01
6.209999999999999964e+00 -1.376265708483846772e+00 1.463068447676895589e+00 1.000000000000000056e-01
6.219999999999999751e+00 -1.378288535020016470e+00 1.463594892335574382e+00 1.000000000000000056e-01
6.230000000000000426e+00 -1.380370060343891314e+00 1.464114396447738997e+00 1.000000000000000056e-01
6.240000000000000213e+00 -1.382509925321790067e+00 1.464626864354845681e+00 1.000000000000000056e-01
6.250000000000000000e+00 -1.384707764152763643e+00 1.465132205565385481e+00 1.000000000000000056e-01
6.259999999999999787e+00 -1.386963204447667852e+00 1.465630334750312569e+00 1.000000000000000056e-01
6.270000000000000462e+00 -1.389275867306555501e+00 1.466121171735923712e+00 1.000000000000000056e-01
6.280000000000000249e+00 -1.391645367396526334e+00 1.466604641492985417e+00 1.000000000000000056e-01
6.290000000000000036e+00 -1.394071313027174464e+00 1.467080674125522233e+00 1.000000000000000056e-01
6.299999999999999822e+00 -1.396553306226959723e+00 1.467549204855564948e+00 1.000000000000000056e-01
6.310000000000000497e+00 -1.399090942816847649e+00 1.468010174005933255e+00 1.000000000000000056e-01
6.320000000000000284e+00 -1.401683812483741187e+00 1.468463526980412048e+00 1.000000000000000056e-01
6.330000000000000071e+00 -1.404331498852826154e+00 1.468909214241888694e+00 1.000000000000000056e-01
6.339999999999999858e+00 -1.407033579557642744e+00 1.469347191288078669e+00 1.000000000000000056e-01
6.350000000000000533e+00 -1.409789626310803623e+00 1.469777418623659182e+00 1.000000000000000056e-01
6.360000000000000320e+00 -1.412599204971354050e+00 1.470199861732272462e+00 1.000000000000000056e-01
6.370000000000000107e+00 -1.415461875612840092e+00 1.470614491044087480e+00 1.000000000000000056e-01
6.379999999999999893e+00 -1.418377192589059810e+00 1.471021281902380018e+00 1.000000000000000056e-01
6.390000000000000568e+00 -1.421344704599750264e+00 1.471420214526721226e+00 1.000000000000000056e-01
6.400000000000000355e+00 -1.424363954754056749e+00 1.471811273975457190e+00 1.000000000000000056e-01
6.410000000000000142e+00 -1.427434480635030756e+00 1.472194450104135299e+00 1.000000000000000056e-01
6.419999999999999929e+00 -1.430555814361355260e+00 1.472569737522752664e+00 1.000000000000000056e-01
6.429999999999999716e+00 -1.433727482649891360e+00 1.472937135550805854e+00 1.000000000000000056e-01
6.440000000000000391e+00 -1.436949006876613977e+00 1.473296648169428291e+00 1.000000000000000056e-01
6.450000000000000178e+00 -1.440219903137685442e+00 1.473648283971638051e+00 1.000000000000000056e-01
6.459999999999999964e+00 -1.443539682308865313e+00 1.473992056110699167e+00 1.000000000000000056e-01
6.469999999999999751e+00 -1.446907850105450200e+00 1.474327982245318802e+00 1.000000000000000056e-01
6.480000000000000426e+00 -1.450323907140298907e+00 1.474656084483591201e+00 1.000000000000000056e-01
6.490000000000000213e+00 -1.453787348981746996e+00 1.474976389323388037e+00 1.000000000000000056e-01
6.500000000000000000e+00 -1.457297666210827680e+00 1.475288927592428356e+00 1.000000000000000056e-01
6.509999999999999787e+00 -1.460854344475980282e+00 1.475593734383217059e+00 1.000000000000000056e-01
6.520000000000000462e+00 -1.464456864548844273e+00 1.475890848988969273e+00 1.000000000000000056e-01
6.530000000000000249e+00 -1.468104702376815895e+00 1.476180314834037999e+00 1.000000000000000056e-01
6.540000000000000036e+00 -1.471797329134971744e+00 1.476462179405289010e+00 1.000000000000000056e-01
6.549999999999999822e+00 -1.475534211277359065e+00 1.476736494177768089e+00 1.000000000000000056e-01
6.560000000000000497e+00 -1.479314810585303785e+00 1.477003314541839085e+00 1.000000000000000056e-01
6.570000000000000284e+00 -1.483138584215385247e+00 1.477262699725458539e+00 1.000000000000000056e-01
6.580000000000000071e+00 -1.487004984745843972e+00 1.477514712715312317e+00 1.000000000000000056e-01
6.589999999999999858e+00 -1.490913460221334086e+00 1.477759420176997240e+00 1.000000000000000056e-01
6.600000000000000533e+00 -1.494863454196929897e+00 1.477996892371272075e+00 1.000000000000000056e-01
6.610000000000000320e+00 -1.498854405780798427e+00 1.478227203071307283e+00 1.000000000000000056e-01
6.620000000000000107e+00 -1.502885749676522220e+00 1.478450429475246297e+00 1.000000000000000056e-01
6.629999999999999893e+00 -1.506956916224577503e+00 1.478666652120098624e+00 1.000000000000000056e-01
6.640000000000000568e+00 -1.511067331443610717e+00 1.478875954792476799e+00 1.000000000000000056e-01
6.650000000000000355e+00 -1.515216417072162480e+00 1.479078424438960981e+00 1.000000000000000056e-01
6.660000000000000142e+00 -1.519403590609654797e+00 1.479274151074565058e+00 1.000000000000000056e-01
6.669999999999999929e+00 -1.523628265358999867e+00 1.479463227691327987e+00 1.000000000000000056e-01
6.679999999999999716e+00 -1.527889850469243971e+00 1.479645750164742646e+00 1.000000000000000056e-01
6.690000000000000391e+00 -1.532187750978590612e+00 1.479821817159685082e+00 1.000000000000000056e-01
6.700000000000000178e+00 -1.536521367859282394e+00 1.479991530035698943e+00 1.000000000000000056e-01
6.709999999999999964e+00 -1.540890098062142943e+00 1.480154992751029353e+00 1.000000000000000056e-01
6.719999999999999751e+00 -1.545293334563481169e+00 1.480312311764425015e+00 1.000000000000000056e-01
6.730000000000000426e+00 -1.549730466410891960e+00 1.480463595938984023e+00 1.000000000000000056e-01
6.740000000000000213e+00 -1.554200878771485606e+00 1.480608956440041313e+00 1.000000000000000056e-01
6.750000000000000000e+00 -1.558703952979978213e+00 1.480748506635910955e+00 1.000000000000000056e-01
6.759999999999999787e+00 -1.563239066586601167e+00 1.480882361994792173e+00 1.000000000000000056e-01
6.770000000000000462e+00 -1.567805593407292974e+00 1.481010639979623011e+00 1.000000000000000056e-01
6.780000000000000249e+00 -1.572402903571747723e+00 1.481133459944141473e+00 1.000000000000000056e-01
6.790000000000000036e+00 -1.577030363573932004e+00 1.481250943023016742e+00 1.000000000000000056e-01
6.799999999999999822e+00 -1.581687336321075055e+00 1.481363212024775944e+00 1.000000000000000056e-01
6.810000000000000497e+00 -1.586373181184078218e+00 1.481470391319900104e+00 1.000000000000000056e-01
6.820000000000000284e+00 -1.591087254046736232e+00 1.481572606729185448e+00 1.000000000000000056e-01
6.830000000000000071e+00 -1.595828907356608983e+00 1.481669985411496970e+00 1.000000000000000056e-01
6.839999999999999858e+00 -1.600597490174267445e+00 1.481762655748254831e+00 1.000000000000000056e-01
6.850000000000000533e+00 -1.605392348224627952e+00 1.481850747230279541e+00 1.000000000000000056e-01
6.860000000000000320e+00 -1.610212823947143157e+00 1.481934390341506758e+00 1.000000000000000056e-01
6.870000000000000107e+00 -1.615058256546936022e+00 1.482013716444108731e+00 1.000000000000000056e-01
6.879999999999999893e+00 -1.619927982046888815e+00 1.482088857662093861e+00 1.000000000000000056e-01
6.890000000000000568e+00 -1.624821333340153329e+00 1.482159946766409275e+00 1.000000000000000056e-01
6.900000000000000355e+00 -1.629737640243551944e+00 1.482227117059002675e+00 1.000000000000000056e-01
6.910000000000000142e+00 -1.634676229552682214e+00 1.482290502257178177e+00 1.000000000000000056e-01
6.919999999999999929e+00 -1.639636425097777073e+00 1.482350236379940345e+00 1.000000000000000056e-01
6.929999999999999716e+00 -1.644617547801569213e+00 1.482406453631971655e+00 1.000000000000000056e-01
6.940000000000000391e+00 -1.649618915739118563e+00 1.482459288291296140e+00 1.000000000000000056e-01
6.950000000000000178e+00 -1.654639844198280585e+00 1.482508874595062975e+00 1.000000000000000056e-01
6.959999999999999964e+00 -1.659679645743397103e+00 1.482555346627227211e+00 1.000000000000000056e-01
6.969999999999999751e+00 -1.664737630279802927e+00 1.482598838206349745e+00 1.000000000000000056e-01
6.980000000000000426e+00 -1.669813105120609320e+00 1.482639482774567918e+00 1.000000000000000056e-01
6.990000000000000213e+00 -1.674905375054885681e+00 1.482677413286688894e+00 1.000000000000000056e-01
7.000000000000000000e+00 -1.680013742417650890e+00 1.482712762100427240e+00 1.000000000000000056e-01
7.009999999999999787e+00 -1.685137507160837878e+00 1.482745660867009985e+00 1.000000000000000056e-01
7.020000000000000462e+00 -1.690275966926666928e+00 1.482776240422908565e+00 1.000000000000000056e-01
7.030000000000000249e+00 -1.695428417120590003e+00 1.482804630681753943e+00 1.000000000000000056e-01
7.040000000000000036e+00 -1.700594150987209785e+00 1.482830960528002340e+00 1.000000000000000056e-01
7.049999999999999822e+00 -1.705772459685911624e+00 1.482855357710241906e+00 1.000000000000000056e-01
7.060000000000000497e+00 -1.710962632368103753e+00 1.482877948736500695e+00 1.000000000000000056e-01
7.070000000000000284e+00 -1.716163956255771339e+00 1.482898858769475803e+00 1.000000000000000056e-01
7.080000000000000071e+00 -1.721375716720453752e+00 1.482918211524032026e+00 1.000000000000000056e-01
7.089999999999999858e+00 -1.726597197364352132e+00 1.482936129164084349e+00 1.000000000000000056e-01
7.100000000000000533e+00 -1.731827680101097888e+00 1.482952732202450052e+00 1.000000000000000056e-01
7.110000000000000320e+00 -1.737066445239804802e+00 1.482968139400500762e+00 1.000000000000000056e-01
7.120000000000000107e+00 -1.742312771568443441e+00 1.482982467669986093e+00 1.000000000000000056e-01
7.129999999999999893e+00 -1.747565936439812173e+00 1.482995831975344903e+00 1.000000000000000056e-01
7.140000000000000568e+00 -1.752825215858367480e+00 1.483008345238844061e+00 1.000000000000000056e-01
7.150000000000000355e+00 -1.758089884568395878e+00 1.483020118245634622e+00 1.000000000000000056e-01
7.160000000000000142e+00 -1.763359216143948194e+00 1.483031259551438108e+00 1.000000000000000056e-01
7.169999999999999929e+00 -1.768632483079274342e+00 1.483041875392022035e+00 1.000000000000000056e-01
7.179999999999999716e+00 -1.773908956881271592e+00 1.483052069593416844e+00 1.000000000000000056e-01
7.190000000000000391e+00 -1.779187908163177401e+00 1.483061943484840883e+00 1.000000000000000056e-01
7.200000000000000178e+00 -1.784468606738619512e+00 1.483071595813620469e+00 1.000000000000000056e-01
7.209999999999999964e+00 -1.789750321718129866e+00 1.483081122661187301e+00 1.000000000000000056e-01
7.219999999999999751e+00 -1.795032321605925407e+00 1.483090617362126329e+00 1.000000000000000056e-01
7.230000000000000426e+00 -1.800313874398026703e+00 1.483100170424525910e+00 1.000000000000000056e-01
7.240000000000000213e+00 -1.805594247682615228e+00 1.483109869453272944e+00 1.000000000000000056e-01
7.250000000000000000e+00 -1.810872708739844184e+00 1.483119799075397260e+00 1.000000000000000056e-01
7.259999999999999787e+00 -1.816148524645802897e+00 1.483130040867168375e+00 1.000000000000000056e-01
7.270000000000000462e+00 -1.821420962374640018e+00 1.483140673284602418e+00 1.000000000000000056e-01
7.280000000000000249e+00 -1.826689288905938291e+00 1.483151771595944801e+00 1.000000000000000056e-01
7.290000000000000036e+00 -1.831952771330397578e+00 1.483163407816857404e+00 1.000000000000000056e-01
7.299999999999999822e+00 -1.837210676960225442e+00 1.483175650647684307e+00 1.000000000000000056e-01
7.310000000000000497e+00 -1.842462273439041898e+00 1.483188565414603088e+00 1.000000000000000056e-01
7.320000000000000284e+00 -1.847706828855383510e+00 1.483202214012234066e+00 1.000000000000000056e-01
7.330000000000000071e+00 -1.852943611856661565e+00 1.483216654849817351e+00 1.000000000000000056e-01
7.339999999999999858e+00 -1.858171891766542849e+00 1.483231942799556169e+00 1.000000000000000056e-01
7.350000000000000533e+00 -1.863390938702502497e+00 1.483248129148101890e+00 1.000000000000000056e-01
7.360000000000000320e+00 -1.868600023696449730e+00 1.483265261551242276e+00 1.000000000000000056e-01
7.370000000000000107e+00 -1.873798418815819433e+00 1.483283383990459336e+00 1.000000000000000056e-01
7.379999999999999893e+00 -1.878985397287890713e+00 1.483302536732544308e+00 1.000000000000000056e-01
7.390000000000000568e+00 -1.884160233622967917e+00 1.483322756293447675e+00 1.000000000000000056e-01
7.400000000000000355e+00 -1.889322203741813588e+00 1.483344075402181605e+00 1.000000000000000056e-01
7.410000000000000142e+00 -1.894470585101603488e+00 1.483366522970677170e+00 1.000000000000000056e-01
7.419999999999999929e+00 -1.899604656824808169e+00 1.483390124063742599e+00 1.000000000000000056e-01
7.429999999999999716e+00 -1.904723699827714833e+00 1.483414899873796600e+00 1.000000000000000056e-01
7.440000000000000391e+00 -1.909826996950714229e+00 1.483440867697095378e+00 1.000000000000000056e-01
7.450000000000000178e+00 -1.914913833088272677e+00 1.483468040913930697e+00 1.000000000000000056e-01
7.459999999999999964e+00 -1.919983495320310984e+00 1.483496428970265013e+00 1.000000000000000056e-01
7.469999999999999751e+00 -1.925035273043178119e+00 1.483526037363714023e+00 1.000000000000000056e-01
7.480000000000000426e+00 -1.930068458101570128e+00 1.483556867630974274e+00 1.000000000000000056e-01
7.490000000000000213e+00 -1.935082344920077579e+00 1.483588917339133451e+00 1.000000000000000056e-01
7.500000000000000000e+00 -1.940076230635066290e+00 1.483622180079114949e+00 1.000000000000000056e-01
7.509999999999999787e+00 -1.945049415225653222e+00 1.483656645462491097e+00 1.000000000000000056e-01
7.520000000000000462e+00 -1.950001201646488935e+00 1.483692299120305202e+00 1.000000000000000056e-01
7.530000000000000249e+00 -1.954930895956785708e+00 1.483729122706259229e+00 1.000000000000000056e-01
7.540000000000000036e+00 -1.959837807452787350e+00 1.483767093900884460e+00 1.000000000000000056e-01
7.549999999999999822e+00 -1.964721248796741371e+00 1.483806186420638662e+00 1.000000000000000056e-01
7.560000000000000497e+00 -1.969580536147116367e+00 1.483846370027664507e+00 1.000000000000000056e-01
7.570000000000000284e+00 -1.974414989287679223e+00 1.483887610545121305e+00 1.000000000000000056e-01
7.580000000000000071e+00 -1.979223931756639576e+00 1.483929869872514296e+00 1.000000000000000056e-01
7.589999999999999858e+00 -1.984006690974576825e+00 1.483973106007161702e+00 1.000000000000000056e-01
7.600000000000000533e+00 -1.988762598373316370e+00 1.484017273065530995e+00 1.000000000000000056e-01
7.610000000000000320e+00 -1.993490989523905688e+00 1.484062321310020138e+00 1.000000000000000056e-01
7.620000000000000107e+00 -1.998191204264395227e+00 1.484108197177219646e+00 1.000000000000000056e-01
7.629999999999999893e+00 -2.002862586828648261e+00 1.484154843309965388e+00 1.000000000000000056e-01
7.640000000000000568e+00 -2.007504485974021868e+00 1.484202198591517474e+00 1.000000000000000056e-01
7.650000000000000355e+00 -2.012116255110455221e+00 1.484250198183914682e+00 1.000000000000000056e-01
7.660000000000000142e+00 -2.016697252428963694e+00 1.484298773567534147e+00 1.000000000000000056e-01
7.669999999999999929e+00 -2.021246841030583052e+00 1.484347852584871008e+00 1.000000000000000056e-01
7.679999999999999716e+00 -2.025764389055165093e+00 1.484397359486351320e+00 1.000000000000000056e-01
7.690000000000000391e+00 -2.030249269810873614e+00 1.484447214979275564e+00 1.000000000000000056e-01
7.700000000000000178e+00 -2.034700861902253077e+00 1.484497336278447932e+00 1.000000000000000056e-01
7.709999999999999964e+00 -2.039118549358666765e+00 1.484547637160654077e+00 1.000000000000000056e-01
7.719999999999999751e+00 -2.043501721762377876e+00 1.484598028020634342e+00 1.000000000000000056e-01
7.730000000000000426e+00 -2.047849774373998955e+00 1.484648415929465060e+00 1.000000000000000056e-01
7.740000000000000213e+00 -2.052162108259241613e+00 1.484698704695679217e+00 1.000000000000000056e-01
7.750000000000000000e+00 -2.056438130411667675e+00 1.484748794928702820e+00 1.000000000000000056e-01
7.759999999999999787e+00 -2.060677253875331960e+00 1.484798584102969166e+00 1.000000000000000056e-01
7.770000000000000462e+00 -2.064878897865554119e+00 1.484847966626765770e+00 1.000000000000000056e-01
7.780000000000000249e+00 -2.069042487886231907e+00 1.484896833910068548e+00 1.000000000000000056e-01
7.790000000000000036e+00 -2.073167455846751217e+00 1.484945074437247436e+00 1.000000000000000056e-01
7.799999999999999822e+00 -2.077253240175610305e+00 1.484992573838866070e+00 1.000000000000000056e-01
7.810000000000000497e+00 -2.081299285931603293e+00 1.485039214968494781e+00 1.000000000000000056e-01
7.820000000000000284e+00 -2.085305044914084416e+00 1.485084877978020357e+00 1.000000000000000056e-01
7.830000000000000071e+00 -2.089269975769148857e+00 1.485129440397802814e+00 1.000000000000000056e-01
7.839999999999999858e+00 -2.093193544095361958e+00 1.485172777216440032e+00 1.000000000000000056e-01
7.850000000000000533e+00 -2.097075222546092466e+00 1.485214760963575520e+00 1.000000000000000056e-01
7.860000000000000320e+00 -2.100914490930651635e+00 1.485255261793915649e+00 1.000000000000000056e-01
7.870000000000000107e+00 -2.104710836312938760e+00 1.485294147572581380e+00 1.000000000000000056e-01
7.879999999999999893e+00 -2.108463753108211769e+00 1.485331283963043036e+00 1.000000000000000056e-01
7.890000000000000568e+00 -2.112172743177794576e+00 1.485366534515444537e+00 1.000000000000000056e-01
7.900000000000000355e+00 -2.115837315921898831e+00 1.485399760756826781e+00 1.000000000000000056e-01
7.910000000000000142e+00 -2.119456988369919692e+00 1.485430822283695385e+00 1.000000000000000056e-01
7.919999999999999929e+00 -2.123031285269165291e+00 1.485459576853850328e+00 1.000000000000000056e-01
7.930000000000000604e+00 -2.126559739170240437e+00 1.485485880481757448e+00 1.000000000000000056e-01
7.940000000000000391e+00 -2.130041890511337410e+00 1.485509587532718889e+00 1.000000000000000056e-01
7.950000000000000178e+00 -2.133477287698307023e+00 1.485530550821036133e+00 1.000000000000000056e-01
7.959999999999999964e+00 -2.136865487183972512e+00 1.485548621705499173e+00 1.000000000000000056e-01
7.969999999999999751e+00 -2.140206053542784925e+00 1.485563650189136942e+00 1.000000000000000056e-01
7.980000000000000426e+00 -2.143498559543623561e+00 1.485575485017919473e+00 1.000000000000000056e-01
7.990000000000000213e+00 -2.146742586219847926e+00 1.485583973780531197e+00 1.000000000000000056e-01
8.000000000000000000e+00 -2.149937722935691298e+00 1.485588963009156549e+00 1.000000000000000056e-01
8.009999999999999787e+00 -2.153083567450128744e+00 1.485590298280338173e+00 1.000000000000000056e-01
8.019999999999999574e+00 -2.156179725977804384e+00 1.485587824317185390e+00 1.000000000000000056e-01
8.029999999999999361e+00 -2.159225813246707482e+00 1.485581385090904094e+00 1.000000000000000056e-01
8.040000000000000924e+00 -2.162221452553671597e+00 1.485570823923771488e+00 1.000000000000000056e-01
8.050000000000000711e+00 -2.165166275816157615e+00 1.485555983591920759e+00 1.000000000000000056e-01
8.060000000000000497e+00 -2.168059923621784790e+00 1.485536706428331577e+00 1.000000000000000056e-01
8.070000000000000284e+00 -2.170902045275552972e+00 1.485512834426542916e+00 1.000000000000000056e-01
8.080000000000000071e+00 -2.173692298842841542e+00 1.485484209343586492e+00 1.000000000000000056e-01
8.089999999999999858e+00 -2.176430351191569468e+00 1.485450672804163874e+00 1.000000000000000056e-01
8.099999999999999645e+00 -2.179115878030182252e+00 1.485412066403864362e+00 1.000000000000000056e-01
8.109999999999999432e+00 -2.181748563943376684e+00 1.485368231812974393e+00 1.000000000000000056e-01
8.120000000000000995e+00 -2.184328102425347140e+00 1.485319010879328605e+00 1.000000000000000056e-01
8.130000000000000782e+00 -2.186854195908788601e+00 1.485264245732667909e+00 1.000000000000000056e-01
8.140000000000000568e+00 -2.189326555793515539e+00 1.485203778886154957e+00 1.000000000000000056e-01
8.150000000000000355e+00 -2.191744902468701905e+00 1.485137453340917180e+00 1.000000000000000056e-01
8.160000000000000142e+00 -2.194108965335151318e+00 1.485065112686613231e+00 1.000000000000000056e-01
8.169999999999999929e+00 -2.196418482822319440e+00 1.484986601204774770e+00 1.000000000000000056e-01
8.179999999999999716e+00 -2.198673202403710558e+00 1.484901763969513011e+00 1.000000000000000056e-01
8.189999999999999503e+00 -2.200872880607870563e+00 1.484810446948996887e+00 1.000000000000000056e-01
8.199999999999999289e+00 -2.203017283027327800e+00 1.484712497105382889e+00 1.000000000000000056e-01
8.210000000000000853e+00 -2.205106184324038932e+00 1.484607762495143479e+00 1.000000000000000056e-01
8.220000000000000639e+00 -2.207139368231402443e+00 1.484496092367762587e+00 1.000000000000000056e-01
8.230000000000000426e+00 -2.209116627554484680e+00 1.484377337264400909e+00 1.000000000000000056e-01
8.240000000000000213e+00 -2.211037764166117192e+00 1.484251349115331742e+00 1.000000000000000056e-01
8.250000000000000000e+00 -2.212902589001053411e+00 1.484117981336733783e+00 1.000000000000000056e-01
8.259999999999999787e+00 -2.214710922047025132e+00 1.483977088927106669e+00 1.000000000000000056e-01
8.269999999999999574e+00 -2.216462592333339643e+00 1.483828528561357940e+00 1.000000000000000056e-01
8.279999999999999361e+00 -2.218157437916497443e+00 1.483672158685664266e+00 1.000000000000000056e-01
8.290000000000000924e+00 -2.219795305863665025e+00 1.483507839610125112e+00 1.000000000000000056e-01
8.300000000000000711e+00 -2.221376052233462683e+00 1.483335433600524889e+00 1.000000000000000056e-01
8.310000000000000497e+00 -2.222899542053437205e+00 1.483154804969033069e+00 1.000000000000000056e-01
8.320000000000000284e+00 -2.224365649296130343e+00 1.482965820164407589e+00 1.000000000000000056e-01
8.330000000000000071e+00 -2.225774256851491106e+00 1.482768347859042324e+00 1.000000000000000056e-01
8.339999999999999858e+00 -2.227125256496530259e+00 1.482562259037010222e+00 1.000000000000000056e-01
8.349999999999999645e+00 -2.228418548863214443e+00 1.482347427079141466e+00 1.000000000000000056e-01
8.359999999999999432e+00 -2.229654043402518937e+00 1.482123727847048045e+00 1.000000000000000056e-01
8.370000000000000995e+00 -2.230831658345497903e+00 1.481891039766257689e+00 1.000000000000000056e-01
8.380000000000000782e+00 -2.231951320662821203e+00 1.481649243907130264e+00 1.000000000000000056e-01
8.390000000000000568e+00 -2.233012966020142098e+00 1.481398224064569336e+00 1.000000000000000056e-01
8.400000000000000355e+00 -2.234016538731007806e+00 1.481137866835847694e+00 1.000000000000000056e-01
8.410000000000000142e+00 -2.234961991707387075e+00 1.480868061698370708e+00 1.000000000000000056e-01
8.419999999999999929e+00 -2.235849286407297853e+00 1.480588701082696357e+00 1.000000000000000056e-01
8.429999999999999716e+00 -2.236678392779741564e+00 1.480299680447577204e+00 1.000000000000000056e-01
8.439999999999999503e+00 -2.237449289206931979e+00 1.480000898350727123e+00 1.000000000000000056e-01
8.449999999999999289e+00 -2.238161962445789577e+00 1.479692256519280713e+00 1.000000000000000056e-01
8.460000000000000853e+00 -2.238816407564379052e+00 1.479373659918058692e+00 1.000000000000000056e-01
8.470000000000000639e+00 -2.239412627879701745e+00 1.479045016816035174e+00 1.000000000000000056e-01
8.480000000000000426e+00 -2.239950634890822467e+00 1.478706238852459220e+00 1.000000000000000056e-01
8.490000000000000213e+00 -2.240430448211904402e+00 1.478357241098673835e+00 1.000000000000000056e-01
8.500000000000000000e+00 -2.240852095503233166e+00 1.477997942121405783e+00 1.000000000000000056e-01
8.509999999999999787e+00 -2.241215612400671020e+00 1.477628264041569883e+00 1.000000000000000056e-01
8.519999999999999574e+00 -2.241521042443598510e+00 1.477248132593235619e+00 1.000000000000000056e-01
8.529999999999999361e+00 -2.241768437002201964e+00 1.476857477180005151e+00 1.000000000000000056e-01
8.540000000000000924e+00 -2.241957855203257299e+00 1.476456230929808600e+00 1.000000000000000056e-01
8.550000000000000711e+00 -2.242089363854536721e+00 1.476044330747324773e+00 1.000000000000000056e-01
8.560000000000000497e+00 -2.242163037368941403e+00 1.475621717366681462e+00 1.000000000000000056e-01
8.570000000000000284e+00 -2.242178957687212648e+00 1.475188335399350015e+00 1.000000000000000056e-01
8.580000000000000071e+00 -2.242137214200017326e+00 1.474744133382452915e+00 1.000000000000000056e-01
8.589999999999999858e+00 -2.242037903669241938e+00 1.474289063824761881e+00 1.000000000000000056e-01
8.599999999999999645e+00 -2.241881130148453138e+00 1.473823083250169752e+00 1.000000000000000056e-01
8.609999999999999432e+00 -2.241667004903285854e+00 1.473346152240274876e+00 1.000000000000000056e-01
8.620000000000000995e+00 -2.241395646330072822e+00 1.472858235474501898e+00 1.000000000000000056e-01
8.630000000000000782e+00 -2.241067179875804616e+00 1.472359301768186635e+00 1.000000000000000056e-01
8.640000000000000568e+00 -2.240681737955532604e+00 1.471849324109751223e+00 1.000000000000000056e-01
8.650000000000000355e+00 -2.240239459871233851e+00 1.471328279695035546e+00 1.000000000000000056e-01
8.660000000000000142e+00 -2.239740491729126592e+00 1.470796149959941790e+00 1.000000000000000056e-01
8.669999999999999929e+00 -2.239184986357114049e+00 1.470252920612244329e+00 1.000000000000000056e-01
8.679999999999999716e+00 -2.238573103222042171e+00 1.469698581659444780e+00 1.000000000000000056e-01
8.689999999999999503e+00 -2.237905008346723790e+00 1.469133127437119546e+00 1.000000000000000056e-01
8.700000000000001066e+00 -2.237180874226141203e+00 1.468556556633392240e+00 1.000000000000000056e-01
8.710000000000000853e+00 -2.236400879744631975e+00 1.467968872313035300e+00 1.000000000000000056e-01
8.720000000000000639e+00 -2.235565210092132382e+00 1.467370081938640380e+00 1.000000000000000056e-01
8.730000000000000426e+00 -2.234674056680115317e+00 1.466760197390210019e+00 1.000000000000000056e-01
8.740000000000000213e+00 -2.233727617058386183e+00 1.466139234983258266e+00 1.000000000000000056e-01
8.750000000000000000e+00 -2.232726094831501751e+00 1.465507215484411319e+00 1.000000000000000056e-01
8.759999999999999787e+00 -2.231669699574261756e+00 1.464864164125296186e+00 1.000000000000000056e-01
8.769999999999999574e+00 -2.230558646749389862e+00 1.464210110615124183e+00 1.000000000000000056e-01
8.779999999999999361e+00 -2.229393157623265509e+00 1.463545089149643985e+00 1.000000000000000056e-01
8.790000000000000924e+00 -2.228173459183373062e+00 1.462869138421163617e+00 1.000000000000000056e-01
8.800000000000000711e+00 -2.226899784055254905e+00 1.462182301622868774e+00 1.000000000000000056e-01
8.810000000000000497e+00 -2.225572370420198176e+00 1.461484626455010094e+00 1.000000000000000056e-01
8.820000000000000284e+00 -2.224191461933239911e+00 1.460776165126143722e+00 1.000000000000000056e-01
8.830000000000000071e+00 -2.222757307641789470e+00 1.460056974354156489e+00 1.000000000000000056e-01
8.839999999999999858e+00 -2.221270161904363771e+00 1.459327115365399274e+00 1.000000000000000056e-01
8.849999999999999645e+00 -2.219730284310650781e+00 1.458586653890580287e+00 1.000000000000000056e-01
8.859999999999999432e+00 -2.218137939601251940e+00 1.457835660160465618e+00 1.000000000000000056e-01
8.870000000000000995e+00 -2.216493397589395453e+00 1.457074208898137879e+00 1.000000000000000056e-01
8.880000000000000782e+00 -2.214796933081579766e+00 1.456302379310709938e+00 1.000000000000000056e-01
8.890000000000000568e+00 -2.213048825801365194e+00 1.455520255078184277e+00 1.000000000000000056e-01
8.900000000000000355e+00 -2.211249360311482448e+00 1.454727924340888601e+00 1.000000000000000056e-01
8.910000000000000142e+00 -2.209398825938683419e+00 1.453925479684763822e+00 1.000000000000000056e-01
8.919999999999999929e+00 -2.207497516699255868e+00 1.453113018125496758e+00 1.000000000000000056e-01
8.929999999999999716e+00 -2.205545731224729078e+00 1.452290641089585277e+00 1.000000000000000056e-01
8.939999999999999503e+00 -2.203543772689929181e+00 1.451458454395228692e+00 1.000000000000000056e-01
8.950000000000001066e+00 -2.201491948741104210e+00 1.450616568229385228e+00 1.000000000000000056e-01
8.960000000000000853e+00 -2.199390571427231933e+00 1.449765097125685687e+00 1.000000000000000056e-01
8.970000000000000639e+00 -2.197239957130247667e+00 1.448904159937341785e+00 1.000000000000000056e-01
8.980000000000000426e+00 -2.195040426499396347e+00 1.448033879811887692e+00 1.000000000000000056e-01
8.990000000000000213e+00 -2.192792304385618785e+00 1.447154384160808327e+00 1.000000000000000056e-01
9.000000000000000000e+00 -2.190495919778135292e+00 1.446265804630179064e+00 1.000000000000000056e-01
9.009999999999999787e+00 -2.188151605743236860e+00 1.445368277067968776e+00 1.000000000000000056e-01
9.019999999999999574e+00 -2.185759699364374420e+00 1.444461941490063239e+00 1.000000000000000056e-01
9.029999999999999361e+00 -2.183320541684412586e+00 1.443546942045154102e+00 1.000000000000000056e-01
9.040000000000000924e+00 -2.180834477649747694e+00 1.442623426977490242e+00 1.000000000000000056e-01
9.050000000000000711e+00 -2.178301856056453101e+00 1.441691548587454408e+00 1.000000000000000056e-01
9.060000000000000497e+00 -2.175723029497923733e+00 1.440751463192020410e+00 1.000000000000000056e-01
9.070000000000000284e+00 -2.173098354314918268e+00 1.439803331081926263e+00 1.000000000000000056e-01
9.080000000000000071e+00 -2.170428190546767055e+00 1.438847316478206295e+00 1.000000000000000056e-01
9.089999999999999858e+00 -2.167712901884643273e+00 1.437883587486630255e+00 1.000000000000000056e-01
9.099999999999999645e+00 -2.164952855626698813e+00 1.436912316051205396e+00 1.000000000000000056e-01
9.109999999999999432e+00 -2.162148422634336153e+00 1.435933677904929873e+00 1.000000000000000056e-01
9.120000000000000995e+00 -2.159299977290088712e+00 1.434947852519624645e+00 1.000000000000000056e-01
9.130000000000000782e+00 -2.156407897457649270e+00 1.433955023054856559e+00 1.000000000000000056e-01
9.140000000000000568e+00 -2.153472564442071580e+00 1.432955376303294726e+00 1.000000000000000056e-01
9.150000000000000355e+00 -2.150494362953180083e+00 1.431949102636703941e+00 1.000000000000000056e-01
9.160000000000000142e+00 -2.147473681068083451e+00 1.430936395949063078e+00 1.000000000000000056e-01
9.169999999999999929e+00 -2.144410910197295017e+00 1.429917453597842947e+00 1.000000000000000056e-01
9.179999999999999716e+00 -2.141306445050703999e+00 1.428892476345514639e+00 1.000000000000000056e-01
9.189999999999999503e+00 -2.138160683605411450e+00 1.427861668296992459e+00 1.000000000000000056e-01
9.200000000000001066e+00 -2.134974027075013936e+00 1.426825236838034527e+00 1.000000000000000056e-01
9.210000000000000853e+00 -2.131746879879984125e+00 1.425783392570464381e+00 1.000000000000000056e-01
9.220000000000000639e+00 -2.128479649619420933e+00 1.424736349246437772e+00 1.000000000000000056e-01
9.230000000000000426e+00 -2.125172747044815402e+00 1.423684323701736032e+00 1.000000000000000056e-01
9.240000000000000213e+00 -2.121826586034046613e+00 1.422627535787036823e+00 1.000000000000000056e-01
9.250000000000000000e+00 -2.118441583567856057e+00 1.421566208297257106e+00 1.000000000000000056e-01
9.259999999999999787e+00 -2.115018159707147571e+00 1.420500566901565564e+00 1.000000000000000056e-01
9.269999999999999574e+00 -2.111556737572188425e+00 1.419430840069305644e+00 1.000000000000000056e-01
9.279999999999999361e+00 -2.108057743322422795e+00 1.418357258996162829e+00 1.000000000000000056e-01
9.290000000000000924e+00 -2.104521606138872514e+00 1.417280057529289206e+00 1.000000000000000056e-01
9.300000000000000711e+00 -2.100948758206826028e+00 1.416199472089527900e+00 1.000000000000000056e-01
9.310000000000000497e+00 -2.097339634700770006e+00 1.415115741593459875e+00 1.000000000000000056e-01
9.320000000000000284e+00 -2.093694673770267300e+00 1.414029107374150662e+00 1.000000000000000056e-01
9.330000000000000071e+00 -2.090014316527372795e+00 1.412939813099750141e+00 1.000000000000000056e-01
9.339999999999999858e+00 -2.086299007035372188e+00 1.411848104691639127e+00 1.000000000000000056e-01
9.349999999999999645e+00 -2.082549192298409846e+00 1.410754230240199414e+00 1.000000000000000056e-01
9.359999999999999432e+00 -2.078765322253514736e+00 1.409658439920741468e+00 1.000000000000000056e-01
9.370000000000000995e+00 -2.074947849761740848e+00 1.408560985906369245e+00 1.000000000000000056e-01
9.380000000000000782e+00 -2.071097230602584105e+00 1.407462122281062378e+00 1.000000000000000056e-01
9.390000000000000568e+00 -2.067213923468232739e+00 1.406362104950117597e+00 1.000000000000000056e-01
9.400000000000000355e+00 -2.063298389958432288e+00 1.405261191550604583e+00 1.000000000000000056e-01
9.410000000000000142e+00 -2.059351094577289487e+00 1.404159641359173705e+00 1.000000000000000056e-01
9.419999999999999929e+00 -2.055372504729808369e+00 1.403057715199564903e+00 1.000000000000000056e-01
9.429999999999999716e+00 -2.051363090719856341e+00 1.401955675348603325e+00 1.000000000000000056e-01
9.439999999999999503e+00 -2.047323325747936629e+00 1.400853785441062094e+00 1.000000000000000056e-01
9.450000000000001066e+00 -2.043253685910311646e+00 1.399752310372616382e+00 1.000000000000000056e-01
9.460000000000000853e+00 -2.039154650197151586e+00 1.398651516203529122e+00 1.000000000000000056e-01
9.470000000000000639e+00 -2.035026700493056673e+00 1.397551670059006046e+00 1.000000000000000056e-01
9.480000000000000426e+00 -2.030870321575542814e+00 1.396453040030954940e+00 1.000000000000000056e-01
9.490000000000000213e+00 -2.026686001115044711e+00 1.395355895076730413e+00 1.000000000000000056e-01
9.500000000000000000e+00 -2.022474229674522839e+00 1.394260504919322408e+00 1.000000000000000056e-01
9.509999999999999787e+00 -2.018235500709257391e+00 1.393167139944663679e+00 1.000000000000000056e-01
9.519999999999999574e+00 -2.013970310565960986e+00 1.392076071100672108e+00 1.000000000000000056e-01
9.529999999999999361e+00 -2.009679158482555739e+00 1.390987569793798784e+00 1.000000000000000056e-01
9.540000000000000924e+00 -2.005362546586891614e+00 1.389901907786889712e+00 1.000000000000000056e-01
9.550000000000000711e+00 -2.001020979895776986e+00 1.388819357095158136e+00 1.000000000000000056e-01
9.560000000000000497e+00 -1.996654966313379020e+00 1.387740189883587938e+00 1.000000000000000056e-01
9.570000000000000284e+00 -1.992265016629203966e+00 1.386664678362677483e+00 1.000000000000000056e-01
9.580000000000000071e+00 -1.987851644515761240e+00 1.385593094684801185e+00 1.000000000000000056e-01
9.589999999999999858e+00 -1.983415366525715040e+00 1.384525710840523338e+00 1.000000000000000056e-01
9.599999999999999645e+00 -1.978956702088793707e+00 1.383462798553826367e+00 1.000000000000000056e-01
9.609999999999999432e+00 -1.974476173507284882e+00 1.382404629178751509e+00 1.000000000000000056e-01
9.620000000000000995e+00 -1.969974305952357119e+00 1.381351473594164547e+00 1.000000000000000056e-01
9.630000000000000782e+00 -1.965451627458639772e+00 1.380303602100419136e+00 1.000000000000000056e-01
9.640000000000000568e+00 -1.960908668918681430e+00 1.379261284313249902e+00 1.000000000000000056e-01
9.650000000000000355e+00 -1.956345964076848576e+00 1.378224789060360056e+00 1.000000000000000056e-01
9.660000000000000142e+00 -1.951764049522521915e+00 1.377194384276213768e+00 1.000000000000000056e-01
9.669999999999999929e+00 -1.947163464682290179e+00 1.376170336896888058e+00 1.000000000000000056e-01
9.679999999999999716e+00 -1.942544751812085968e+00 1.375152912754965095e+00 1.000000000000000056e-01
9.689999999999999503e+00 -1.937908455987844780e+00 1.374142376475560035e+00 1.000000000000000056e-01
9.700000000000001066e+00 -1.933255125096067895e+00 1.373138991369291517e+00 1.000000000000000056e-01
9.710000000000000853e+00 -1.928585309822703708e+00 1.372143019329792546e+00 1.000000000000000056e-01
9.720000000000000639e+00 -1.923899563642124555e+00 1.371154720726104337e+00 1.000000000000000056e-01
9.730000000000000426e+00 -1.919198442804120441e+00 1.370174354300215835e+00 1.000000000000000056e-01
9.740000000000000213e+00 -1.914482506320669852e+00 1.369202177060696357e+00 1.000000000000000056e-01
9.750000000000000000e+00 -1.909752315950914658e+00 1.368238444179139091e+00 1.000000000000000056e-01
9.759999999999999787e+00 -1.905008436185384069e+00 1.367283408885618945e+00 1.000000000000000056e-01
9.769999999999999574e+00 -1.900251434229103920e+00 1.366337322365795748e+00 1.000000000000000056e-01
9.779999999999999361e+00 -1.895481879982298556e+00 1.365400433655904244e+00 1.000000000000000056e-01
9.790000000000000924e+00 -1.890700346021144895e+00 1.364472989541975156e+00 1.000000000000000056e-01
9.800000000000000711e+00 -1.885907407575823092e+00 1.363555234455712917e+00 1.000000000000000056e-01
9.810000000000000497e+00 -1.881103642507414353e+00 1.362647410374214552e+00 1.000000000000000056e-01
9.820000000000000284e+00 -1.876289631283389880e+00 1.361749756718088289e+00 1.000000000000000056e-01
9.830000000000000071e+00 -1.871465956950774112e+00 1.360862510251763302e+00 1.000000000000000056e-01
9.839999999999999858e+00 -1.866633205107803617e+00 1.359985904983802785e+00 1.000000000000000056e-01
9.849999999999999645e+00 -1.861791963874455114e+00 1.359120172068548404e+00 1.000000000000000056e-01
9.859999999999999432e+00 -1.856942823859129899e+00 1.358265539708749969e+00 1.000000000000000056e-01
9.870000000000000995e+00 -1.852086378126189148e+00 1.357422233057942185e+00 1.000000000000000056e-01
9.880000000000000782e+00 -1.847223222159015910e+00 1.356590474126777579e+00 1.000000000000000056e-01
9.890000000000000568e+00 -1.842353953822308377e+00 1.355770481686597417e+00 1.000000000000000056e-01
9.900000000000000355e+00 -1.837479173322726478e+00 1.354962471177653782e+00 1.000000000000000056e-01
9.910000000000000142e+00 -1.832599483166426069e+00 1.354166654616179466e+00 1.000000000000000056e-01
9.919999999999999929e+00 -1.827715488115490228e+00 1.353383240504162144e+00 1.000000000000000056e-01
9.929999999999999716e+00 -1.822827795141907847e+00 1.352612433739139863e+00 1.000000000000000056e-01
9.939999999999999503e+00 -1.817937013379686606e+00 1.351854435527245046e+00 1.000000000000000056e-01
9.950000000000001066e+00 -1.813043754074817882e+00 1.351109443295112289e+00 1.000000000000000056e-01
9.960000000000000853e+00 -1.808148630533267687e+00 1.350377650605470992e+00 1.000000000000000056e-01
9.970000000000000639e+00 -1.803252258066967428e+00 1.349659247073119683e+00 1.000000000000000056e-01
9.980000000000000426e+00 -1.798355253937610421e+00 1.348954418282681145e+00 1.000000000000000056e-01
9.990000000000000213e+00 -1.793458237298524383e+00 1.348263345707714000e+00 1.000000000000000056e-01
1.000000000000000000e+01 -1.788561829134445169e+00 1.347586206632121364e+00 1.000000000000000056e-01
1.000999999999999979e+01 -1.783666652199106029e+00 1.346923174072021556e+00 1.000000000000000056e-01
1.001999999999999957e+01 -1.778773330951225473e+00 1.346274416701216170e+00 1.000000000000000056e-01
1.002999999999999936e+01 -1.773882491487411395e+00 1.345640098775529925e+00 1.000000000000000056e-01
1.004000000000000092e+01 -1.768994761474544042e+00 1.345020380062993626e+00 1.000000000000000056e-01
1.005000000000000071e+01 -1.764110770078388235e+00 1.344415415771135214e+00 1.000000000000000056e-01
1.006000000000000050e+01 -1.759231147891397784e+00 1.343825356480800037e+00 1.000000000000000056e-01
1.007000000000000028e+01 -1.754356526858053655e+00 1.343250348077968725e+00 1.000000000000000056e-01
1.008000000000000007e+01 -1.749487540197896429e+00 1.342690531690371891e+00 1.000000000000000056e-01
1.008999999999999986e+01 -1.744624822326872104e+00 1.342146043624905971e+00 1.000000000000000056e-01
1.009999999999999964e+01 -1.739769008776552717e+00 1.341617015306523886e+00 1.000000000000000056e-01
1.010999999999999943e+01 -1.734920736111501993e+00 1.341103573221054779e+00 1.000000000000000056e-01
1.012000000000000099e+01 -1.730080641844035760e+00 1.340605838858418775e+00 1.000000000000000056e-01
1.013000000000000078e+01 -1.725249364348251380e+00 1.340123928658257579e+00 1.000000000000000056e-01
1.014000000000000057e+01 -1.720427542770738061e+00 1.339657953959714209e+00 1.000000000000000056e-01
1.015000000000000036e+01 -1.715615816940341043e+00 1.339208020949784306e+00 1.000000000000000056e-01
1.016000000000000014e+01 -1.710814827276060379e+00 1.338774230618173799e+00 1.000000000000000056e-01
1.016999999999999993e+01 -1.706025214692090897e+00 1.338356678711015491e+00 1.000000000000000056e-01
1.017999999999999972e+01 -1.701247620503373525e+00 1.337955455688695006e+00 1.000000000000000056e-01
1.018999999999999950e+01 -1.696482686325544664e+00 1.337570646686210063e+00 1.000000000000000056e-01
1.020000000000000107e+01 -1.691731053978157151e+00 1.337202331474446781e+00 1.000000000000000056e-01
1.021000000000000085e+01 -1.686993365381667331e+00 1.336850584425371968e+00 1.000000000000000056e-01
1.022000000000000064e+01 -1.682270262455113574e+00 1.336515474479634813e+00 1.000000000000000056e-01
1.023000000000000043e+01 -1.677562387012887957e+00 1.336197065114704152e+00 1.000000000000000056e-01
1.024000000000000021e+01 -1.672870380656670042e+00 1.335895414318883478e+00 1.000000000000000056e-01
1.025000000000000000e+01 -1.668194884670300304e+00 1.335610574564042974e+00 1.000000000000000056e-01
1.025999999999999979e+01 -1.663536539908799350e+00 1.335342592784857674e+00 1.000000000000000056e-01
1.026999999999999957e+01 -1.658895986689048696e+00 1.335091510356160693e+00 1.000000000000000056e-01
1.027999999999999936e+01 -1.654273864677703543e+00 1.334857363078005177e+00 1.000000000000000056e-01
1.029000000000000092e+01 -1.649670812777160434e+00 1.334640181157924710e+00 1.000000000000000056e-01
1.030000000000000071e+01 -1.645087469011734527e+00 1.334439989201055887e+00 1.000000000000000056e-01
1.031000000000000050e+01 -1.640524470410847035e+00 1.334256806198563128e+00 1.000000000000000056e-01
1.032000000000000028e+01 -1.635982452892429384e+00 1.334090645521044172e+00 1.000000000000000056e-01
1.033000000000000007e+01 -1.631462051143439229e+00 1.333941514914603665e+00 1.000000000000000056e-01
1.033999999999999986e+01 -1.626963898500803252e+00 1.333809416498219713e+00 1.000000000000000056e-01
1.034999999999999964e+01 -1.622488626830690617e+00 1.333694346765135874e+00 1.000000000000000056e-01
1.035999999999999943e+01 -1.618036866405397900e+00 1.333596296586146090e+00 1.000000000000000056e-01
1.037000000000000099e+01 -1.613609245782196000e+00 1.333515251215900532e+00 1.000000000000000056e-01
1.038000000000000078e+01 -1.609206391677812986e+00 1.333451190301792044e+00 1.000000000000000056e-01
1.039000000000000057e+01 -1.604828928845121183e+00 1.333404087895338153e+00 1.000000000000000056e-01
1.040000000000000036e+01 -1.600477479946572634e+00 1.333373912466621070e+00 1.000000000000000056e-01
1.041000000000000014e+01 -1.596152665429196205e+00 1.333360626921129333e+00 1.000000000000000056e-01
1.041999999999999993e+01 -1.591855103396698778e+00 1.333364188618847646e+00 1.000000000000000056e-01
1.042999999999999972e+01 -1.587585409483232679e+00 1.333384549397707897e+00 1.000000000000000056e-01
1.043999999999999950e+01 -1.583344196724786768e+00 1.333421655596695787e+00 1.000000000000000056e-01
1.045000000000000107e+01 -1.579132075432022830e+00 1.333475448085173598e+00 1.000000000000000056e-01
1.046000000000000085e+01 -1.574949653060746302e+00 1.333545862291493966e+00 1.000000000000000056e-01
1.047000000000000064e+01 -1.570797534084093394e+00 1.333632828236844814e+00 1.000000000000000056e-01
1.048000000000000043e+01 -1.566676319863556932e+00 1.333736270570279769e+00 1.000000000000000056e-01
1.049000000000000021e+01 -1.562586608519461295e+00 1.333856108606490176e+00 1.000000000000000056e-01
1.050000000000000000e+01 -1.558528994802879541e+00 1.333992256366643092e+00 1.000000000000000056e-01
1.050999999999999979e+01 -1.554504069966071267e+00 1.334144622621243670e+00 1.000000000000000056e-01
1.051999999999999957e+01 -1.550512421633713833e+00 1.334313110936376834e+00 1.000000000000000056e-01
1.052999999999999936e+01 -1.546554633674796619e+00 1.334497619720921291e+00 1.000000000000000056e-01
1.054000000000000092e+01 -1.542631286073157471e+00 1.334698042278162688e+00 1.000000000000000056e-01
1.055000000000000071e+01 -1.538742954800634610e+00 1.334914266858299836e+00 1.000000000000000056e-01
1.056000000000000050e+01 -1.534890211687945039e+00 1.335146176714296695e+00 1.000000000000000056e-01
1.057000000000000028e+01 -1.531073624298545655e+00 1.335393650159970580e+00 1.000000000000000056e-01
1.058000000000000007e+01 -1.527293755801065300e+00 1.335656560629977285e+00 1.000000000000000056e-01
1.058999999999999986e+01 -1.523551164842933847e+00 1.335934776743090024e+00 1.000000000000000056e-01
1.059999999999999964e+01 -1.519846405425713254e+00 1.336228162366729810e+00 1.000000000000000056e-01
1.060999999999999943e+01 -1.516180026778698231e+00 1.336536576684955513e+00 1.000000000000000056e-01
1.062000000000000099e+01 -1.512552573236349396e+00 1.336859874267081194e+00 1.000000000000000056e-01
1.063000000000000078e+01 -1.508964584113521079e+00 1.337197905140905974e+00 1.000000000000000056e-01
1.064000000000000057e+01 -1.505416593584349316e+00 1.337550514865186058e+00 1.000000000000000056e-01
1.065000000000000036e+01 -1.501909130560214578e+00 1.337917544607035047e+00 1.000000000000000056e-01
1.066000000000000014e+01 -1.498442718569623855e+00 1.338298831219460361e+00 1.000000000000000056e-01
1.066999999999999993e+01 -1.495017875639023108e+00 1.338694207321730723e+00 1.000000000000000056e-01
1.067999999999999972e+01 -1.491635114175445587e+00 1.339103501382265415e+00 1.000000000000000056e-01
1.068999999999999950e+01 -1.488294940848964520e+00 1.339526537801638995e+00 1.000000000000000056e-01
1.070000000000000107e+01 -1.484997856478472711e+00 1.339963137000610649e+00 1.000000000000000056e-01
1.071000000000000085e+01 -1.481744355917305134e+00 1.340413115506249087e+00 1.000000000000000056e-01
1.072000000000000064e+01 -1.478534927941214105e+00 1.340876286043176435e+00 1.000000000000000056e-01
1.073000000000000043e+01 -1.475370055137512182e+00 1.341352457624589878e+00 1.000000000000000056e-01
1.074000000000000021e+01 -1.472250213796404417e+00 1.341841435645954483e+00 1.000000000000000056e-01
1.075000000000000000e+01 -1.469175873803113097e+00 1.342343021979445661e+00 1.000000000000000056e-01
1.075999999999999979e+01 -1.466147498532796467e+00 1.342857015071563298e+00 1.000000000000000056e-01
1.076999999999999957e+01 -1.463165544746370061e+00 1.343383210040173914e+00 1.000000000000000056e-01
1.077999999999999936e+01 -1.460230462488844250e+00 1.343921398775310028e+00 1.000000000000000056e-01
1.079000000000000092e+01 -1.457342694989374854e+00 1.344471370039145075e+00 1.000000000000000056e-01
1.080000000000000071e+01 -1.454502678563006857e+00 1.345032909570073265e+00 1.000000000000000056e-01
1.081000000000000050e+01 -1.451710842515111954e+00 1.345605800184598300e+00 1.000000000000000056e-01
1.082000000000000028e+01 -1.448967609047052907e+00 1.346189821884239413e+00 1.000000000000000056e-01
1.083000000000000007e+01 -1.446273393164807075e+00 1.346784751961050519e+00 1.000000000000000056e-01
1.083999999999999986e+01 -1.443628602589183352e+00 1.347390365104665699e+00 1.000000000000000056e-01
1.084999999999999964e+01 -1.441033637668449829e+00 1.348006433512123570e+00 1.000000000000000056e-01
1.085999999999999943e+01 -1.438488891293247640e+00 1.348632726996096043e+00 1.000000000000000056e-01
1.087000000000000099e+01 -1.435994748813775646e+00 1.349269013096498604e+00 1.000000000000000056e-01
1.088000000000000078e+01 -1.433551587959443818e+00 1.349915057190972156e+00 1.000000000000000056e-01
1.089000000000000057e+01 -1.431159778760110024e+00 1.350570622608279203e+00 1.000000000000000056e-01
1.090000000000000036e+01 -1.428819683471485913e+00 1.351235470740050459e+00 1.000000000000000056e-01
1.091000000000000014e+01 -1.426531656500431788e+00 1.351909361155438916e+00 1.000000000000000056e-01
1.091999999999999993e+01 -1.424296044335312539e+00 1.352592051715279187e+00 1.000000000000000056e-01
1.092999999999999972e+01 -1.422113185476768571e+00 1.353283298686103198e+00 1.000000000000000056e-01
1.093999999999999950e+01 -1.419983410372089638e+00 1.353982856857161909e+00 1.000000000000000056e-01
1.095000000000000107e+01 -1.417907041351940789e+00 1.354690479654520052e+00 1.000000000000000056e-01
1.096000000000000085e+01 -1.415884392568884653e+00 1.355405919258080738e+00 1.000000000000000056e-01
1.097000000000000064e+01 -1.413915769939739331e+00 1.356128926717763861e+00 1.000000000000000056e-01
1.098000000000000043e+01 -1.412001471088957683e+00 1.356859252070504063e+00 1.000000000000000056e-01
1.099000000000000021e+01 -1.410141785295756955e+00 1.357596644456079193e+00 1.000000000000000056e-01
1.100000000000000000e+01 -1.408336993443122243e+00 1.358340852234785734e+00 1.000000000000000056e-01
1.100999999999999979e+01 -1.406587367969178715e+00 1.359091623104512925e+00 1.000000000000000056e-01
1.101999999999999957e+01 -1.404893172822230252e+00 1.359848704216095383e+00 1.000000000000000056e-01
1.102999999999999936e+01 -1.403254663416567238e+00 1.360611842291717721e+00 1.000000000000000056e-01
1.104000000000000092e+01 -1.401672086592284483e+00 1.361380783740812728e+00 1.000000000000000056e-01
1.105000000000000071e+01 -1.400145680576915685e+00 1.362155274775242120e+00 1.000000000000000056e-01
1.106000000000000050e+01 -1.398675674949937831e+00 1.362935061527568603e+00 1.000000000000000056e-01
1.107000000000000028e+01 -1.397262290609132984e+00 1.363719890164223125e+00 1.000000000000000056e-01
1.108000000000000007e+01 -1.395905739740239460e+00 1.364509507002520383e+00 1.000000000000000056e-01
1.108999999999999986e+01 -1.394606225788957099e+00 1.365303658624488881e+00 1.000000000000000056e-01
1.109999999999999964e+01 -1.393363943434862140e+00 1.366102091990984535e+00 1.000000000000000056e-01
1.110999999999999943e+01 -1.392179078568488881e+00 1.366904554556241491e+00 1.000000000000000056e-01
1.112000000000000099e+01 -1.391051808270515888e+00 1.367710794379146444e+00 1.000000000000000056e-01
1.113000000000000078e+01 -1.389982300793870973e+00 1.368520560237337813e+00 1.000000000000000056e-01
1.114000000000000057e+01 -1.388970715547492851e+00 1.369333601737064310e+00 1.000000000000000056e-01
1.115000000000000036e+01 -1.388017203083562467e+00 1.370149669424853167e+00 1.000000000000000056e-01
1.116000000000000014e+01 -1.387121905086113660e+00 1.370968514896778734e+00 1.000000000000000056e-01
1.116999999999999993e+01 -1.386284954363284028e+00 1.371789890907207488e+00 1.000000000000000056e-01
1.117999999999999972e+01 -1.385506474840470625e+00 1.372613551477077198e+00 1.000000000000000056e-01
1.118999999999999950e+01 -1.384786581557517993e+00 1.373439252000168809e+00 1.000000000000000056e-01
1.120000000000000107e+01 -1.384125380666343164e+00 1.374266749349062788e+00 1.000000000000000056e-01
1.121000000000000085e+01 -1.383522969433008898e+00 1.375095801979423493e+00 1.000000000000000056e-01
1.122000000000000064e+01 -1.382979436240008297e+00 1.375926170033681561e+00 1.000000000000000056e-01
1.123000000000000043e+01 -1.382494860592129449e+00 1.376757615442803395e+00 1.000000000000000056e-01
1.124000000000000021e+01 -1.382069313123951204e+00 1.377589902026909119e+00 1.000000000000000056e-01
1.125000000000000000e+01 -1.381702855609372893e+00 1.378422795595179551e+00 1.000000000000000056e-01
1.125999999999999979e+01 -1.381395540973862301e+00 1.379256064043208996e+00 1.000000000000000056e-01
1.126999999999999957e+01 -1.381147413307511673e+00 1.380089477449880198e+00 1.000000000000000056e-01
1.127999999999999936e+01 -1.380958507881234532e+00 1.380922808172844407e+00 1.000000000000000056e-01
1.129000000000000092e+01 -1.380828851164699778e+00 1.381755830940478713e+00 1.000000000000000056e-01
1.130000000000000071e+01 -1.380758460844808466e+00 1.382588322945801584e+00 1.000000000000000056e-01
1.131000000000000050e+01 -1.380747345848259089e+00 1.383420063935047573e+00 1.000000000000000056e-01
1.132000000000000028e+01 -1.380795506363478697e+00 1.384250836296924358e+00 1.000000000000000056e-01
1.133000000000000007e+01 -1.380902933865888027e+00 1.385080425149576966e+00 1.000000000000000056e-01
1.133999999999999986e+01 -1.381069611144124742e+00 1.385908618425300221e+00 1.000000000000000056e-01
1.134999999999999964e+01 -1.381295512327722630e+00 1.386735206953730648e+00 1.000000000000000056e-01
1.135999999999999943e+01 -1.381580602916717693e+00 1.387559984543826008e+00 1.000000000000000056e-01
1.137000000000000099e+01 -1.381924839811991657e+00 1.388382748062545247e+00 1.000000000000000056e-01
1.138000000000000078e+01 -1.382328171348206292e+00 1.389203297513242230e+00 1.000000000000000056e-01
1.139000000000000057e+01 -1.382790537326421987e+00 1.390021436110753905e+00 1.000000000000000056e-01
1.140000000000000036e+01 -1.383311869049361320e+00 1.390836970355207036e+00 1.000000000000000056e-01
1.141000000000000014e+01 -1.383892089357342092e+00 1.391649710104014392e+00 1.000000000000000056e-01
1.141999999999999993e+01 -1.384531112665041919e+00 1.392459468640686593e+00 1.000000000000000056e-01
1.142999999999999972e+01 -1.385228845000052500e+00 1.393266062742978262e+00 1.000000000000000056e-01
1.143999999999999950e+01 -1.385985184041634843e+00 1.394069312747933775e+00 1.000000000000000056e-01
1.145000000000000107e+01 -1.386800019161439357e+00 1.394869042615248356e+00 1.000000000000000056e-01
1.146000000000000085e+01 -1.387673231463658841e+00 1.395665079988185342e+00 1.000000000000000056e-01
1.147000000000000064e+01 -1.388604693828095371e+00 1.396457256252010115e+00 1.000000000000000056e-01
1.148000000000000043e+01 -1.389594270951714394e+00 1.397245406592019012e+00 1.000000000000000056e-01
1.149000000000000021e+01 -1.390641819392808953e+00 1.398029370045593467e+00 1.000000000000000056e-01
1.150000000000000000e+01 -1.391747187614872150e+00 1.398808989556489246e+00 1.000000000000000056e-01
1.150999999999999979e+01 -1.392910216031656656e+00 1.399584112023040561e+00 1.000000000000000056e-01
1.151999999999999957e+01 -1.394130737051489710e+00 1.400354588346535589e+00 1.000000000000000056e-01
1.152999999999999936e+01 -1.395408575124994277e+00 1.401120273475447764e+00 1.000000000000000056e-01
1.154000000000000092e+01 -1.396743546789508850e+00 1.401881026448894563e+00 1.000000000000000056e-01
1.155000000000000071e+01 -1.398135460717634837e+00 1.402636710436631962e+00 1.000000000000000056e-01
1.156000000000000050e+01 -1.399584117763446711e+00 1.403387192776794246e+00 1.000000000000000056e-01
1.157000000000000028e+01 -1.401089311010480731e+00 1.404132345011505745e+00 1.000000000000000056e-01
1.158000000000000007e+01 -1.402650825820409786e+00 1.404872042920346953e+00 1.000000000000000056e-01
1.158999999999999986e+01 -1.404268439880261621e+00 1.405606166549941749e+00 1.000000000000000056e-01
1.159999999999999964e+01 -1.405941923252481018e+00 1.406334600243241528e+00 1.000000000000000056e-01
1.160999999999999943e+01 -1.407671038422746435e+00 1.407057232664566726e+00 1.000000000000000056e-01
1.162000000000000099e+01 -1.409455540350175839e+00 1.407773956822449213e+00 1.000000000000000056e-01
1.163000000000000078e+01 -1.411295176516236705e+00 1.408484670091329605e+00 1.000000000000000056e-01
1.164000000000000057e+01 -1.413189686974848591e+00 1.409189274228681565e+00 1.000000000000000056e-01
1.165000000000000036e+01 -1.415138804402307660e+00 1.409887675391184203e+00 1.000000000000000056e-01
1.166000000000000014e+01 -1.417142254147398139e+00 1.410579784148085825e+00 1.000000000000000056e-01
1.166999999999999993e+01 -1.419199754281675663e+00 1.411265515491059608e+00 1.000000000000000056e-01
1.167999999999999972e+01 -1.421311015650228438e+00 1.411944788843054965e+00 1.000000000000000056e-01
1.168999999999999950e+01 -1.423475741922275439e+00 1.412617528063530248e+00 1.000000000000000056e-01
1.170000000000000107e+01 -1.425693629641646032e+00 1.413283661451380846e+00 1.000000000000000056e-01
1.171000000000000085e+01 -1.427964368278169749e+00 1.413943121745455000e+00 1.000000000000000056e-01
1.172000000000000064e+01 -1.430287640278433692e+00 1.414595846122922884e+00 1.000000000000000056e-01
1.173000000000000043e+01 -1.432663121116507510e+00 1.415241776193716161e+00 1.000000000000000056e-01
1.174000000000000021e+01 -1.435090479345586756e+00 1.415880857994140873e+00 1.000000000000000056e-01
1.175000000000000000e+01 -1.437569376648510255e+00 1.416513041977183862e+00 1.000000000000000056e-01
1.175999999999999979e+01 -1.440099467888921403e+00 1.417138282999545362e+00 1.000000000000000056e-01
1.176999999999999957e+01 -1.442680401162284909e+00 1.417756540307427926e+00 1.000000000000000056e-01
1.177999999999999936e+01 -1.445311817846479885e+00 1.418367777518961592e+00 1.000000000000000056e-01
1.179000000000000092e+01 -1.447993352652753529e+00 1.418971962604191894e+00 1.000000000000000056e-01
1.180000000000000071e+01 -1.450724633675558817e+00 1.419569067862811673e+00 1.000000000000000056e-01
1.181000000000000050e+01 -1.453505282443704472e+00 1.420159069899175952e+00 1.000000000000000056e-01
1.182000000000000028e+01 -1.456334913969312472e+00 1.420741949594111153e+00 1.000000000000000056e-01
1.183000000000000007e+01 -1.459213136798574340e+00 1.421317692076092820e+00 1.000000000000000056e-01
1.183999999999999986e+01 -1.462139553060091135e+00 1.421886286687356726e+00 1.000000000000000056e-01
1.184999999999999964e+01 -1.465113758514776432e+00 1.422447726949736646e+00 1.000000000000000056e-01
1.185999999999999943e+01 -1.468135342604251603e+00 1.423002010526730921e+00 1.000000000000000056e-01
1.187000000000000099e+01 -1.471203888498704426e+00 1.423549139183402534e+00 1.000000000000000056e-01
1.188000000000000078e+01 -1.474318973146112821e+00 1.424089118744002347e+00 1.000000000000000056e-01
1.189000000000000057e+01 -1.477480167318315329e+00 1.424621959047208453e+00 1.000000000000000056e-01
1.190000000000000036e+01 -1.480687035659637552e+00 1.425147673898135681e+00 1.000000000000000056e-01
1.191000000000000014e+01 -1.483939136732946640e+00 1.425666281019285719e+00 1.000000000000000056e-01
1.191999999999999993e+01 -1.487236023066613955e+00 1.426177801998079087e+00 1.000000000000000056e-01
1.192999999999999972e+01 -1.490577241200863767e+00 1.426682262232462195e+00 1.000000000000000056e-01
1.193999999999999950e+01 -1.493962331733872828e+00 1.427179690873937812e+00 1.000000000000000056e-01
1.195000000000000107e+01 -1.497390829367523990e+00 1.427670120768727235e+00 1.000000000000000056e-01
1.196000000000000085e+01 -1.500862262953369664e+00 1.428153588396975149e+00 1.000000000000000056e-01
1.197000000000000064e+01 -1.504376155538410309e+00 1.428630133808167280e+00 1.000000000000000056e-01
1.198000000000000043e+01 -1.507932024410878924e+00 1.429099800556896005e+00 1.000000000000000056e-01
1.199000000000000021e+01 -1.511529381145382711e+00 1.429562635634832102e+00 1.000000000000000056e-01
1.200000000000000000e+01 -1.515167731650253202e+00 1.430018689400482934e+00 1.000000000000000056e-01
1.200999999999999979e+01 -1.518846576212164567e+00 1.430468015509838375e+00 1.000000000000000056e-01
1.201999999999999957e+01 -1.522565409543851001e+00 1.430910670840823684e+00 1.000000000000000056e-01
1.203000000000000114e+01 -1.526323720830084607e+00 1.431346715420442228e+00 1.000000000000000056e-01
1.204000000000000092e+01 -1.530120993775429206e+00 1.431776212347552146e+00 1.000000000000000056e-01
1.205000000000000071e+01 -1.533956706651190771e+00 1.432199227715127865e+00 1.000000000000000056e-01
1.206000000000000050e+01 -1.537830332343887330e+00 1.432615830531311696e+00 1.000000000000000056e-01
1.207000000000000028e+01 -1.541741338403427530e+00 1.433026092638737703e+00 1.000000000000000056e-01
1.208000000000000007e+01 -1.545689187091269901e+00 1.433430088632980492e+00 1.000000000000000056e-01
1.208999999999999986e+01 -1.549673335430238774e+00 1.433827895779135275e+00 1.000000000000000056e-01
1.209999999999999964e+01 -1.553693235252547211e+00 1.434219593928095948e+00 1.000000000000000056e-01
1.210999999999999943e+01 -1.557748333250337458e+00 1.434605265430367593e+00 1.000000000000000056e-01
1.212000000000000099e+01 -1.561838071024240104e+00 1.434984995049683798e+00 1.000000000000000056e-01
1.213000000000000078e+01 -1.565961885133516418e+00 1.435358869873785803e+00 1.000000000000000056e-01
1.214000000000000057e+01 -1.570119207146618345e+00 1.435726979224712929e+00 1.000000000000000056e-01
1.215000000000000036e+01 -1.574309463690238164e+00 1.436089414566686040e+00 1.000000000000000056e-01
1.216000000000000014e+01 -1.578532076502040304e+00 1.436446269412296139e+00 1.000000000000000056e-01
1.216999999999999993e+01 -1.582786462480736622e+00 1.436797639227311185e+00 1.000000000000000056e-01
1.217999999999999972e+01 -1.587072033739997501e+00 1.437143621332607202e+00 1.000000000000000056e-01
1.218999999999999950e+01 -1.591388197660898118e+00 1.437484314805772545e+00 1.000000000000000056e-01
1.220000000000000107e+01 -1.595734356948473653e+00 1.437819820379807600e+00 1.000000000000000056e-01
1.221000000000000085e+01 -1.600109909686070697e+00 1.438150240341800945e+00 1.000000000000000056e-01
1.222000000000000064e+01 -1.604514249394959124e+00 1.438475678428421167e+00 1.000000000000000056e-01
1.223000000000000043e+01 -1.608946765091909148e+00 1.438796239723046044e+00 1.000000000000000056e-01
1.224000000000000021e+01 -1.613406841350503607e+00 1.439112030549262400e+00 1.000000000000000056e-01
1.225000000000000000e+01 -1.617893858362202453e+00 1.439423158366141431e+00 1.000000000000000056e-01
1.225999999999999979e+01 -1.622407191999339027e+00 1.439729731661530066e+00 1.000000000000000056e-01
1.226999999999999957e+01 -1.626946213878969649e+00 1.440031859845300355e+00 1.000000000000000056e-01
1.228000000000000114e+01 -1.631510291426736092e+00 1.440329653143619826e+00 1.000000000000000056e-01
1.229000000000000092e+01 -1.636098787943470967e+00 1.440623222490840183e+00 1.000000000000000056e-01
1.230000000000000071e+01 -1.640711062670038078e+00 1.440912679423761888e+00 1.000000000000000056e-01
1.231000000000000050e+01 -1.645346470855636234e+00 1.441198135974435912e+00 1.000000000000000056e-01
1.232000000000000028e+01 -1.650004363824637554e+00 1.441479704563625619e+00 1.000000000000000056e-01
1.233000000000000007e+01 -1.654684089045932671e+00 1.441757497894566420e+00 1.000000000000000056e-01
1.233999999999999986e+01 -1.659384990202005916e+00 1.442031628846780045e+00 1.000000000000000056e-01
1.234999999999999964e+01 -1.664106407260392606e+00 1.442302210370122850e+00 1.000000000000000056e-01
1.235999999999999943e+01 -1.668847676544979342e+00 1.442569355379597296e+00 1.000000000000000056e-01
1.237000000000000099e+01 -1.673608130809570049e+00 1.442833176649825688e+00 1.000000000000000056e-01
1.238000000000000078e+01 -1.678387099312518949e+00 1.443093786710995641e+00 1.000000000000000056e-01
1.239000000000000057e+01 -1.683183907892918496e+00 1.443351297743681538e+00 1.000000000000000056e-01
1.240000000000000036e+01 -1.687997879048334537e+00 1.443605821476436679e+00 1.000000000000000056e-01
1.241000000000000014e+01 -1.692828332014419290e+00 1.443857469080947142e+00 1.000000000000000056e-01
1.241999999999999993e+01 -1.697674582846220526e+00 1.444106351071468008e+00 1.000000000000000056e-01
1.242999999999999972e+01 -1.702535944500947807e+00 1.444352577200798571e+00 1.000000000000000056e-01
1.243999999999999950e+01 -1.707411726923044659e+00 1.444596256360567432e+00 1.000000000000000056e-01
1.245000000000000107e+01 -1.712301237130977150e+00 1.444837496479952188e+00 1.000000000000000056e-01
1.246000000000000085e+01 -1.717203779305263023e+00 1.445076404425861050e+00 1.000000000000000056e-01
1.247000000000000064e+01 -1.722118654878860067e+00 1.445313085904637473e+00 1.000000000000000056e-01
1.248000000000000043e+01 -1.727045162629304853e+00 1.445547645363385980e+00 1.000000000000000056e-01
1.249000000000000021e+01 -1.731982598771820037e+00 1.445780185892978187e+00 1.000000000000000056e-01
1.250000000000000000e+01 -1.736930257054812632e+00 1.446010809132779684e+00 1.000000000000000056e-01
1.250999999999999979e+01 -1.741887428856826903e+00 1.446239615175003435e+00 1.000000000000000056e-01
1.251999999999999957e+01 -1.746853403284300832e+00 1.446466702471208121e+00 1.000000000000000056e-01
1.253000000000000114e+01 -1.751827467272121464e+00 1.446692167740374568e+00 1.000000000000000056e-01
1.254000000000000092e+01 -1.756808905684426048e+00 1.446916105877073422e+00 1.000000000000000056e-01
1.255000000000000071e+01 -1.761797001417796160e+00 1.447138609862650416e+00 1.000000000000000056e-01
1.256000000000000050e+01 -1.766791035505340446e+00 1.447359770676631463e+00 1.000000000000000056e-01
1.257000000000000028e+01 -1.771790287222816840e+00 1.447579677210390159e+00 1.000000000000000056e-01
1.258000000000000007e+01 -1.776794034195367633e+00 1.447798416182531467e+00 1.000000000000000056e-01
1.258999999999999986e+01 -1.781801552507303210e+00 1.448016072055433590e+00 1.000000000000000056e-01
1.259999999999999964e+01 -1.786812116811502982e+00 1.448232726954512106e+00 1.000000000000000056e-01
1.260999999999999943e+01 -1.791825000442076377e+00 1.448448460588559472e+00 1.000000000000000056e-01
1.262000000000000099e+01 -1.796839475527792551e+00 1.448663350172886499e+00 1.000000000000000056e-01
1.263000000000000078e+01 -1.801854813106665398e+00 1.448877470353437280e+00 1.000000000000000056e-01
1.264000000000000057e+01 -1.806870283243733111e+00 1.449090893133962554e+00 1.000000000000000056e-01
1.265000000000000036e+01 -1.811885155148368343e+00 1.449303687805294727e+00 1.000000000000000056e-01
1.266000000000000014e+01 -1.816898697294400344e+00 1.449515920875821484e+00 1.000000000000000056e-01
1.266999999999999993e+01 -1.821910177541989029e+00 1.449727656005551646e+00 1.000000000000000056e-01
1.267999999999999972e+01 -1.826918863259707759e+00 1.449938953941680486e+00 1.000000000000000056e-01
1.268999999999999950e+01 -1.831924021449168549e+00 1.450149872456514721e+00 1.000000000000000056e-01
1.270000000000000107e+01 -1.836924918870919798e+00 1.450360466288351136e+00 1.000000000000000056e-01
1.271000000000000085e+01 -1.841920822170714844e+00 1.450570787083802937e+00 1.000000000000000056e-01
1.272000000000000064e+01 -1.846910998008480576e+00 1.450780883344110928e+00 1.000000000000000056e-01
1.273000000000000043e+01 -1.851894713186944541e+00 1.450990800371927625e+00 1.000000000000000056e-01
1.274000000000000021e+01 -1.856871234783047608e+00 1.451200580222650638e+00 1.000000000000000056e-01
1.275000000000000000e+01 -1.861839830278761321e+00 1.451410261656904233e+00 1.000000000000000056e-01
1.275999999999999979e+01 -1.866799767694621304e+00 1.451619880096495896e+00 1.000000000000000056e-01
1.276999999999999957e+01 -1.871750315722890079e+00 1.451829467582594457e+00 1.000000000000000056e-01
1.278000000000000114e+01 -1.876690743863023814e+00 1.452039052736108893e+00 1.000000000000000056e-01
1.279000000000000092e+01 -1.881620322556823099e+00 1.452248660722531781e+00 1.000000000000000056e-01
1.280000000000000071e+01 -1.886538323325793964e+00 1.452458313217156238e+00 1.000000000000000056e-01
1.281000000000000050e+01 -1.891444018909009595e+00 1.452668028374784592e+00 1.000000000000000056e-01
1.282000000000000028e+01 -1.896336683401304901e+00 1.452877820801996345e+00 1.000000000000000056e-01
1.283000000000000007e+01 -1.901215592393537213e+00 1.453087701530770159e+00 1.000000000000000056e-01
1.283999999999999986e+01 -1.906080023113148947e+00 1.453297677997768877e+00 1.000000000000000056e-01
1.284999999999999964e+01 -1.910929254565322477e+00 1.453507754023328102e+00 1.000000000000000056e-01
1.285999999999999943e+01 -1.915762567675597161e+00 1.453717929795564689e+00 1.000000000000000056e-01
1.287000000000000099e+01 -1.920579245432921578e+00 1.453928201856638180e+00 1.000000000000000056e-01
1.288000000000000078e+01 -1.925378573033278196e+00 1.454138563091428527e+00 1.000000000000000056e-01
1.289000000000000057e+01 -1.930159838024615881e+00 1.454349002720314088e+00 1.000000000000000056e-01
1.290000000000000036e+01 -1.934922330451179784e+00 1.454559506293323867e+00 1.000000000000000056e-01
1.291000000000000014e+01 -1.939665343000095632e+00 1.454770055688564101e+00 1.000000000000000056e-01
1.291999999999999993e+01 -1.944388171146118172e+00 1.454980629112880619e+00 1.000000000000000056e-01
1.292999999999999972e+01 -1.949090113299186244e+00 1.455191201105438203e+00 1.000000000000000056e-01
1.293999999999999950e+01 -1.953770470950006333e+00 1.455401742544258470e+00 1.000000000000000056e-01
1.295000000000000107e+01 -1.958428548817566783e+00 1.455612220655808864e+00 1.000000000000000056e-01
1.296000000000000085e+01 -1.963063654995256702e+00 1.455822599027135622e+00 1.000000000000000056e-01
1.297000000000000064e+01 -1.967675101098272261e+00 1.456032837621243248e+00 1.000000000000000056e-01
1.298000000000000043e+01 -1.972262202409669651e+00 1.456242892794553878e+00 1.000000000000000056e-01
1.299000000000000021e+01 -1.976824278027217163e+00 1.456452717318431178e+00 1.000000000000000056e-01
1.300000000000000000e+01 -1.981360651009525187e+00 1.456662260401865305e+00 1.000000000000000056e-01
1.300999999999999979e+01 -1.985870648520916326e+00 1.456871467718522384e+00 1.000000000000000056e-01
1.301999999999999957e+01 -1.990353601977860931e+00 1.457080281434908198e+00 1.000000000000000056e-01
1.303000000000000114e+01 -1.994808847192052426e+00 1.457288640243108224e+00 1.000000000000000056e-01
1.304000000000000092e+01 -1.999235724515134205e+00 1.457496479393971311e+00 1.000000000000000056e-01
1.305000000000000071e+01 -2.003633578980996699e+00 1.457703730735008474e+00 1.000000000000000056e-01
1.306000000000000050e+01 -2.008001760447625461e+00 1.457910322749279119e+00 1.000000000000000056e-01
1.307000000000000028e+01 -2.012339623738117034e+00 1.458116180598035605e+00 1.000000000000000056e-01
1.308000000000000007e+01 -2.016646528779947101e+00 1.458321226164870366e+00 1.000000000000000056e-01
1.308999999999999986e+01 -2.020921840743235443e+00 1.458525378103339376e+00 1.000000000000000056e-01
1.309999999999999964e+01 -2.025164930177600908e+00 1.458728551885974722e+00 1.000000000000000056e-01
1.310999999999999943e+01 -2.029375173147647704e+00 1.458930659856801926e+00 1.000000000000000056e-01
1.312000000000000099e+01 -2.033551951366325383e+00 1.459131611285638286e+00 1.000000000000000056e-01
1.313000000000000078e+01 -2.037694652327220357e+00 1.459331312424312577e+00 1.000000000000000056e-01
1.314000000000000057e+01 -2.041802669435102580e+00 1.459529666566470762e+00 1.000000000000000056e-01
1.315000000000000036e+01 -2.045875402133695342e+00 1.459726574108531905e+00 1.000000000000000056e-01
1.316000000000000014e+01 -2.049912256033253666e+00 1.459921932612800788e+00 1.000000000000000056e-01
1.316999999999999993e+01 -2.053912643033980245e+00 1.460115636874016465e+00 1.000000000000000056e-01
1.317999999999999972e+01 -2.057875981449823310e+00 1.460307578986768329e+00 1.000000000000000056e-01
1.318999999999999950e+01 -2.061801696128089834e+00 1.460497648415139738e+00 1.000000000000000056e-01
1.320000000000000107e+01 -2.065689218567934748e+00 1.460685732065478248e+00 1.000000000000000056e-01
1.321000000000000085e+01 -2.069537987036760285e+00 1.460871714359334161e+00 1.000000000000000056e-01
1.322000000000000064e+01 -2.073347446683896589e+00 1.461055477310606587e+00 1.000000000000000056e-01
1.323000000000000043e+01 -2.077117049651904246e+00 1.461236900601805999e+00 1.000000000000000056e-01
1.324000000000000021e+01 -2.080846255186309612e+00 1.461415861665423588e+00 1.000000000000000056e-01
1.325000000000000000e+01 -2.084534529741796316e+00 1.461592235763408798e+00 1.000000000000000056e-01
1.325999999999999979e+01 -2.088181347087607609e+00 1.461765896071534065e+00 1.000000000000000056e-01
1.326999999999999957e+01 -2.091786188408641944e+00 1.461936713763526186e+00 1.000000000000000056e-01
1.328000000000000114e+01 -2.095348542405991221e+00 1.462104558097293339e+00 1.000000000000000056e-01
1.329000000000000092e+01 -2.098867905394266042e+00 1.462269296502330063e+00 1.000000000000000056e-01
1.330000000000000071e+01 -2.102343781396161404e+00 1.462430794669366430e+00 1.000000000000000056e-01
1.331000000000000050e+01 -2.105775682235925039e+00 1.462588916640233716e+00 1.000000000000000056e-01
1.332000000000000028e+01 -2.109163127629717138e+00 1.462743524899708714e+00 1.000000000000000056e-01
1.333000000000000007e+01 -2.112505645273211385e+00 1.462894480468249103e+00 1.000000000000000056e-01
1.333999999999999986e+01 -2.115802770928743026e+00 1.463041642996419256e+00 1.000000000000000056e-01
1.334999999999999964e+01 -2.119054048508122179e+00 1.463184870858875275e+00 1.000000000000000056e-01
1.335999999999999943e+01 -2.122259030154570514e+00 1.463324021251555029e+00 1.000000000000000056e-01
1.337000000000000099e+01 -2.125417276321922788e+00 1.463458950286937732e+00 1.000000000000000056e-01
1.338000000000000078e+01 -2.128528355851103893e+00 1.463589513093430661e+00 1.000000000000000056e-01
1.339000000000000057e+01 -2.131591846045394867e+00 1.463715563912081796e+00 1.000000000000000056e-01
1.340000000000000036e+01 -2.134607332741197627e+00 1.463836956196184813e+00 1.000000000000000056e-01
1.341000000000000014e+01 -2.137574410378678902e+00 1.463953542711045497e+00 1.000000000000000056e-01
1.341999999999999993e+01 -2.140492682067591357e+00 1.464065175633451510e+00 1.000000000000000056e-01
1.342999999999999972e+01 -2.143361759651085219e+00 1.464171706652052540e+00 1.000000000000000056e-01
1.343999999999999950e+01 -2.146181263767488190e+00 1.464272987068681697e+00 1.000000000000000056e-01
1.345000000000000107e+01 -2.148950823906885965e+00 1.464368867898257820e+00 1.000000000000000056e-01
1.346000000000000085e+01 -2.151670078467061042e+00 1.464459199970837400e+00 1.000000000000000056e-01
1.347000000000000064e+01 -2.154338674803898179e+00 1.464543834032717040e+00 1.000000000000000056e-01
1.348000000000000043e+01 -2.156956269280245309e+00 1.464622620846858458e+00 1.000000000000000056e-01
1.349000000000000021e+01 -2.159522527310102635e+00 1.464695411295425576e+00 1.000000000000000056e-01
1.350000000000000000e+01 -2.162037123400173400e+00 1.464762056479909536e+00 1.000000000000000056e-01
1.350999999999999979e+01 -2.164499741187355664e+00 1.464822407823129113e+00 1.000000000000000056e-01
1.351999999999999957e+01 -2.166910073473194753e+00 1.464876317168937403e+00 1.000000000000000056e-01
1.353000000000000114e+01 -2.169267822255013911e+00 1.464923636884120306e+00 1.000000000000000056e-01
1.354000000000000092e+01 -2.171572698751988550e+00 1.464964219957777702e+00 1.000000000000000056e-01
1.355000000000000071e+01 -2.173824423431076625e+00 1.464997920101648976e+00 1.000000000000000056e-01
1.356000000000000050e+01 -2.176022726025405252e+00 1.465024591849972246e+00 1.000000000000000056e-01
1.357000000000000028e+01 -2.178167345553156053e+00 1.465044090658028209e+00 1.000000000000000056e-01
1.358000000000000007e+01 -2.180258030330139096e+00 1.465056273000970632e+00 1.000000000000000056e-01
1.358999999999999986e+01 -2.182294537980933313e+00 1.465060996472667076e+00 1.000000000000000056e-01
1.359999999999999964e+01 -2.184276635446300574e+00 1.465058119881364362e+00 1.000000000000000056e-01
1.360999999999999943e+01 -2.186204098986446631e+00 1.465047503348819946e+00 1.000000000000000056e-01
1.362000000000000099e+01 -2.188076714182662030e+00 1.465029008403725852e+00 1.000000000000000056e-01
1.363000000000000078e+01 -2.189894275934249901e+00 1.465002498079919890e+00 1.000000000000000056e-01
1.364000000000000057e+01 -2.191656588453511745e+00 1.464967837007665086e+00 1.000000000000000056e-01
1.365000000000000036e+01 -2.193363465256420675e+00 1.464924891510100524e+00 1.000000000000000056e-01
1.366000000000000014e+01 -2.195014729151305133e+00 1.464873529693842213e+00 1.000000000000000056e-01
1.366999999999999993e+01 -2.196610212223593983e+00 1.464813621541405153e+00 1.000000000000000056e-01
1.367999999999999972e+01 -2.198149755817627060e+00 1.464745039001782656e+00 1.000000000000000056e-01
1.368999999999999950e+01 -2.199633210516626747e+00 1.464667656079538638e+00 1.000000000000000056e-01
1.370000000000000107e+01 -2.201060436117222352e+00 1.464581348923578608e+00 1.000000000000000056e-01
1.371000000000000085e+01 -2.202431301604530933e+00 1.464485995913861194e+00 1.000000000000000056e-01
1.372000000000000064e+01 -2.203745685121238029e+00 1.464381477747005667e+00 1.000000000000000056e-01
1.373000000000000043e+01 -2.205003473936084202e+00 1.464267677522371303e+00 1.000000000000000056e-01
1.374000000000000021e+01 -2.206204564409283808e+00 1.464144480822709538e+00 1.000000000000000056e-01
1.375000000000000000e+01 -2.207348861954599784e+00 1.464011775798849335e+00 1.000000000000000056e-01
1.375999999999999979e+01 -2.208436281000472512e+00 1.463869453248189734e+00 1.000000000000000056e-01
1.376999999999999957e+01 -2.209466744947391703e+00 1.463717406694617917e+00 1.000000000000000056e-01
1.378000000000000114e+01 -2.210440186123801443e+00 1.463555532465970810e+00 1.000000000000000056e-01
1.379000000000000092e+01 -2.211356545739602719e+00 1.463383729770039166e+00 1.000000000000000056e-01
1.380000000000000071e+01 -2.212215773837558519e+00 1.463201900769136810e+00 1.000000000000000056e-01
1.381000000000000050e+01 -2.213017829242012180e+00 1.463009950652942592e+00 1.000000000000000056e-01
1.382000000000000028e+01 -2.213762679506478204e+00 1.462807787710038943e+00 1.000000000000000056e-01
1.383000000000000007e+01 -2.214450300858120446e+00 1.462595323397670954e+00 1.000000000000000056e-01
1.383999999999999986e+01 -2.215080678141062354e+00 1.462372472409415813e+00 1.000000000000000056e-01
1.384999999999999964e+01 -2.215653804757043766e+00 1.462139152742123693e+00 1.000000000000000056e-01
1.385999999999999943e+01 -2.216169682604362645e+00 1.461895285760239860e+00 1.000000000000000056e-01
1.387000000000000099e+01 -2.216628322014900121e+00 1.461640796258715014e+00 1.000000000000000056e-01
1.388000000000000078e+01 -2.217029741689215072e+00 1.461375612524628886e+00 1.000000000000000056e-01
1.389000000000000057e+01 -2.217373968629571479e+00 1.461099666395946572e+00 1.000000000000000056e-01
1.390000000000000036e+01 -2.217661038071902624e+00 1.460812893319935135e+00 1.000000000000000056e-01
1.391000000000000014e+01 -2.217890993414693757e+00 1.460515232407974207e+00 1.000000000000000056e-01
1.391999999999999993e+01 -2.218063886148230246e+00 1.460206626491107773e+00 1.000000000000000056e-01
1.392999999999999972e+01 -2.218179775780482643e+00 1.459887022170027304e+00 1.000000000000000056e-01
1.393999999999999950e+01 -2.218238729762516126e+00 1.459556369867657244e+00 1.000000000000000056e-01
1.395000000000000107e+01 -2.218240823412673812e+00 1.459214623875672912e+00 1.000000000000000056e-01
1.396000000000000085e+01 -2.218186139838806525e+00 1.458861742402451478e+00 1.000000000000000056e-01
1.397000000000000064e+01 -2.218074769860371553e+00 1.458497687616342464e+00 1.000000000000000056e-01
1.398000000000000043e+01 -2.217906811928349153e+00 1.458122425689553969e+00 1.000000000000000056e-01
1.399000000000000021e+01 -2.217682372045364669e+00 1.457735926838218843e+00 1.000000000000000056e-01
1.400000000000000000e+01 -2.217401563683462307e+00 1.457338165361090621e+00 1.000000000000000056e-01
1.400999999999999979e+01 -2.217064507703057519e+00 1.456929119676792617e+00 1.000000000000000056e-01
1.401999999999999957e+01 -2.216671332269148920e+00 1.456508772358423132e+00 1.000000000000000056e-01
1.403000000000000114e+01 -2.216222172767544851e+00 1.456077110166379862e+00 1.000000000000000056e-01
1.404000000000000092e+01 -2.215717171721472312e+00 1.455634124079241198e+00 1.000000000000000056e-01
1.405000000000000071e+01 -2.215156478705758047e+00 1.455179809322884932e+00 1.000000000000000056e-01
1.406000000000000050e+01 -2.214540250261791243e+00 1.454714165396886916e+00 1.000000000000000056e-01
1.407000000000000028e+01 -2.213868649812146927e+00 1.454237196100428120e+00 1.000000000000000056e-01
1.408000000000000007e+01 -2.213141847573472099e+00 1.453748909553475022e+00 1.000000000000000056e-01
1.408999999999999986e+01 -2.212360020470700128e+00 1.453249318220095621e+00 1.000000000000000056e-01
1.409999999999999964e+01 -2.211523352050327240e+00 1.452738438924947584e+00 1.000000000000000056e-01
1.410999999999999943e+01 -2.210632032392901181e+00 1.452216292872710479e+00 1.000000000000000056e-01
1.412000000000000099e+01 -2.209686258027474093e+00 1.451682905660662604e+00 1.000000000000000056e-01
1.413000000000000078e+01 -2.208686231842989844e+00 1.451138307294578267e+00 1.000000000000000056e-01
1.414000000000000057e+01 -2.207632163003897308e+00 1.450582532196978747e+00 1.000000000000000056e-01
1.415000000000000036e+01 -2.206524266861660699e+00 1.450015619219162222e+00 1.000000000000000056e-01
1.416000000000000014e+01 -2.205362764870302250e+00 1.449437611646423818e+00 1.000000000000000056e-01
1.416999999999999993e+01 -2.204147884499878529e+00 1.448848557204772236e+00 1.000000000000000056e-01
1.417999999999999972e+01 -2.202879859152236719e+00 1.448248508063828321e+00 1.000000000000000056e-01
1.418999999999999950e+01 -2.201558928075377786e+00 1.447637520839076153e+00 1.000000000000000056e-01
1.420000000000000107e+01 -2.200185336280879422e+00 1.447015656590596056e+00 1.000000000000000056e-01
1.421000000000000085e+01 -2.198759334459643888e+00 1.446382980822036091e+00 1.000000000000000056e-01
1.422000000000000064e+01 -2.197281178900173604e+00 1.445739563475961109e+00 1.000000000000000056e-01
1.423000000000000043e+01 -2.195751131406142864e+00 1.445085478927520928e+00 1.000000000000000056e-01
1.424000000000000021e+01 -2.194169459216279261e+00 1.444420805977962852e+00 1.000000000000000056e-01
1.425000000000000000e+01 -2.192536434923721966e+00 1.443745627842971890e+00 1.000000000000000056e-01
1.425999999999999979e+01 -2.190852336396730937e+00 1.443060032142827742e+00 1.000000000000000056e-01
1.426999999999999957e+01 -2.189117446700960201e+00 1.442364110887607742e+00 1.000000000000000056e-01
1.428000000000000114e+01 -2.187332054021128513e+00 1.441657960462467969e+00 1.000000000000000056e-01
1.429000000000000092e+01 -2.185496451585379862e+00 1.440941681609827496e+00 1.000000000000000056e-01
1.430000000000000071e+01 -2.183610937588974732e+00 1.440215379410983987e+00 1.000000000000000056e-01
1.431000000000000050e+01 -2.181675815120501127e+00 1.439479163263573724e+00 1.000000000000000056e-01
1.432000000000000028e+01 -2.179691392087706792e+00 1.438733146860194267e+00 1.000000000000000056e-01
1.433000000000000007e+01 -2.177657981145892041e+00 1.437977448162524707e+00 1.000000000000000056e-01
1.433999999999999986e+01 -2.175575899626145837e+00 1.437212189375173699e+00 1.000000000000000056e-01
1.434999999999999964e+01 -2.173445469465403956e+00 1.436437496916630696e+00 1.000000000000000056e-01
1.435999999999999943e+01 -2.171267017138301281e+00 1.435653501389592579e+00 1.000000000000000056e-01
1.437000000000000099e+01 -2.169040873588826912e+00 1.434860337548323983e+00 1.000000000000000056e-01
1.438000000000000078e+01 -2.166767374164990656e+00 1.434058144264603207e+00 1.000000000000000056e-01
1.439000000000000057e+01 -2.164446858553814135e+00 1.433247064492396694e+00 1.000000000000000056e-01
1.440000000000000036e+01 -2.162079670718017432e+00 1.432427245230107227e+00 1.000000000000000056e-01
1.441000000000000014e+01 -2.159666158834664174e+00 1.431598837480989372e+00 1.000000000000000056e-01
1.441999999999999993e+01 -2.157206675234291993e+00 1.430761996212704279e+00 1.000000000000000056e-01
1.442999999999999972e+01 -2.154701576342960223e+00 1.429916880314259453e+00 1.000000000000000056e-01
1.443999999999999950e+01 -2.152151222624628435e+00 1.429063652551407548e+00 1.000000000000000056e-01
1.445000000000000107e+01 -2.149555978526165312e+00 1.428202479520821910e+00 1.000000000000000056e-01
1.446000000000000085e+01 -2.146916212423275905e+00 1.427333531602138050e+00 1.000000000000000056e-01
1.447000000000000064e+01 -2.144232296568381546e+00 1.426456982908676618e+00 1.000000000000000056e-01
1.448000000000000043e+01 -2.141504607040753960e+00 1.425573011235826471e+00 1.000000000000000056e-01
1.449000000000000021e+01 -2.138733523696984662e+00 1.424681798009076239e+00 1.000000000000000056e-01
1.450000000000000000e+01 -2.135919430124681551e+00 1.423783528228789619e+00 1.000000000000000056e-01
1.450999999999999979e+01 -2.133062713596832527e+00 1.422878390415341032e+00 1.000000000000000056e-01
1.451999999999999957e+01 -2.130163765028527223e+00 1.421966576550616645e+00 1.000000000000000056e-01
1.453000000000000114e+01 -2.127222978934609543e+00 1.421048282019423015e+00 1.000000000000000056e-01
1.454000000000000092e+01 -2.124240753389824210e+00 1.420123705549089177e+00 1.000000000000000056e-01
1.455000000000000071e+01 -2.121217489989756455e+00 1.419193049146669772e+00 1.000000000000000056e-01
1.456000000000000050e+01 -2.118153593814590785e+00 1.418256518036047797e+00 1.000000000000000056e-01
1.457000000000000028e+01 -2.115049473392224488e+00 1.417314320591989141e+00 1.000000000000000056e-01
1.458000000000000007e+01 -2.111905540665711012e+00 1.416366668274288587e+00 1.000000000000000056e-01
1.458999999999999986e+01 -2.108722210959270704e+00 1.415413775558916898e+00 1.000000000000000056e-01
1.459999999999999964e+01 -2.105499902948373858e+00 1.414455859869138576e+00 1.000000000000000056e-01
1.460999999999999943e+01 -2.102239038628229029e+00 1.413493141503478601e+00 1.000000000000000056e-01
1.462000000000000099e+01 -2.098940043286821933e+00 1.412525843564742756e+00 1.000000000000000056e-01
1.463000000000000078e+01 -2.095603345475958168e+00 1.411554191884537568e+00 1.000000000000000056e-01
1.464000000000000057e+01 -2.092229376986089573e+00 1.410578414949241521e+00 1.000000000000000056e-01
1.465000000000000036e+01 -2.088818572820391850e+00 1.409598743823005318e+00 1.000000000000000056e-01
1.466000000000000014e+01 -2.085371371171177213e+00 1.408615412068919825e+00 1.000000000000000056e-01
1.466999999999999993e+01 -2.081888213397043330e+00 1.407628655671632201e+00 1.000000000000000056e-01
1.467999999999999972e+01 -2.078369544000528535e+00 1.406638712954253023e+00 1.000000000000000056e-01
1.468999999999999950e+01 -2.074815810607822275e+00 1.405645824498192198e+00 1.000000000000000056e-01
1.470000000000000107e+01 -2.071227463948755787e+00 1.404650233058997832e+00 1.000000000000000056e-01
1.471000000000000085e+01 -2.067604957837946955e+00 1.403652183481826521e+00 1.000000000000000056e-01
1.472000000000000064e+01 -2.063948749157649143e+00 1.402651922615585356e+00 1.000000000000000056e-01
1.473000000000000043e+01 -2.060259297840416615e+00 1.401649699225931744e+00 1.000000000000000056e-01
1.474000000000000021e+01 -2.056537066854004170e+00 1.400645763905942642e+00 1.000000000000000056e-01
1.475000000000000000e+01 -2.052782522186087366e+00 1.399640368987534966e+00 1.000000000000000056e-01
1.475999999999999979e+01 -2.048996132831577999e+00 1.398633768449325743e+00 1.000000000000000056e-01
1.476999999999999957e+01 -2.045178370778012233e+00 1.397626217824988748e+00 1.000000000000000056e-01
1.478000000000000114e+01 -2.041329710995738456e+00 1.396617974109424676e+00 1.000000000000000056e-01
1.479000000000000092e+01 -2.037450631424956526e+00 1.395609295664207217e+00 1.000000000000000056e-01
1.480000000000000071e+01 -2.033541612966046852e+00 1.394600442121372907e+00 1.000000000000000056e-01
1.481000000000000050e+01 -2.029603139469773332e+00 1.393591674286969839e+00 1.000000000000000056e-01
1.482000000000000028e+01 -2.025635697728092932e+00 1.392583254042269125e+00 1.000000000000000056e-01
1.483000000000000007e+01 -2.021639777464591337e+00 1.391575444245453985e+00 1.000000000000000056e-01
1.483999999999999986e+01 -2.017615871327659072e+00 1.390568508631178091e+00 1.000000000000000056e-01
1.484999999999999964e+01 -2.013564474880652710e+00 1.389562711709996901e+00 1.000000000000000056e-01
1.485999999999999943e+01 -2.009486086595040799e+00 1.388558318666994085e+00 1.000000000000000056e-01
1.487000000000000099e+01 -2.005381207842535929e+00 1.387555595259551744e+00 1.000000000000000056e-01
1.488000000000000078e+01 -2.001250342886420341e+00 1.386554807715046911e+00 1.000000000000000056e-01
1.489000000000000057e+01 -1.997093998874498455e+00 1.385556222627911893e+00 1.000000000000000056e-01
1.490000000000000036e+01 -1.992912685830278585e+00 1.384560106855646122e+00 1.000000000000000056e-01
1.491000000000000014e+01 -1.988706916644693123e+00 1.383566727416737807e+00 1.000000000000000056e-01
1.491999999999999993e+01 -1.984477207067381954e+00 1.382576351385832680e+00 1.000000000000000056e-01
1.492999999999999972e+01 -1.980224075697163189e+00 1.381589245790509679e+00 1.000000000000000056e-01
1.493999999999999950e+01 -1.975948043973073442e+00 1.380605677507204865e+00 1.000000000000000056e-01
1.495000000000000107e+01 -1.971649636163060881e+00 1.379625913158083916e+00 1.000000000000000056e-01
1.496000000000000085e+01 -1.967329379355025720e+00 1.378650219006065658e+00 1.000000000000000056e-01
1.497000000000000064e+01 -1.962987803443829504e+00 1.377678860852219245e+00 1.000000000000000056e-01
1.498000000000000043e+01 -1.958625441121121247e+00 1.376712103930482378e+00 1.000000000000000056e-01
1.499000000000000021e+01 -1.954242827862561871e+00 1.375750212805192607e+00 1.000000000000000056e-01
1.500000000000000000e+01 -1.949840501914557489e+00 1.374793451266213440e+00 1.000000000000000056e-01
1.500999999999999979e+01 -1.945419004281937481e+00 1.373842082224858929e+00 1.000000000000000056e-01
1.501999999999999957e+01 -1.940978878713050415e+00 1.372896367610708213e+00 1.000000000000000056e-01
1.503000000000000114e+01 -1.936520671685568296e+00 1.371956568266985865e+00 1.000000000000000056e-01
1.504000000000000092e+01 -1.932044932390941883e+00 1.371022943846485376e+00 1.000000000000000056e-01
1.505000000000000071e+01 -1.927552212718790070e+00 1.370095752707748193e+00 1.000000000000000056e-01
1.506000000000000050e+01 -1.923043067239386561e+00 1.369175251811370453e+00 1.000000000000000056e-01
1.507000000000000028e+01 -1.918518053186245353e+00 1.368261696615432621e+00 1.000000000000000056e-01
1.508000000000000007e+01 -1.913977730437268709e+00 1.367355340972343569e+00 1.000000000000000056e-01
1.508999999999999986e+01 -1.909422661495395523e+00 1.366456437025254100e+00 1.000000000000000056e-01
1.509999999999999964e+01 -1.904853411466808533e+00 1.365565235103950670e+00 1.000000000000000056e-01
1.510999999999999943e+01 -1.900270548039834528e+00 1.364681983623081685e+00 1.000000000000000056e-01
1.512000000000000099e+01 -1.895674641460949550e+00 1.363806928978410271e+00 1.000000000000000056e-01
1.513000000000000078e+01 -1.891066264509997819e+00 1.362940315445162032e+00 1.000000000000000056e-01
1.514000000000000057e+01 -1.886445992474816924e+00 1.362082385075818580e+00 1.000000000000000056e-01
1.515000000000000036e+01 -1.881814403121960577e+00 1.361233377599577965e+00 1.000000000000000056e-01
1.516000000000000014e+01 -1.877172076669351153e+00 1.360393530321359234e+00 1.000000000000000056e-01
1.516999999999999993e+01 -1.872519595753745714e+00 1.359563078021797766e+00 1.000000000000000056e-01
1.517999999999999972e+01 -1.867857545399356223e+00 1.358742252859034050e+00 1.000000000000000056e-01
1.518999999999999950e+01 -1.863186512982829779e+00 1.357931284269773053e+00 1.000000000000000056e-01
1.520000000000000107e+01 -1.858507088197869361e+00 1.357130398872169019e+00 1.000000000000000056e-01
1.521000000000000085e+01 -1.853819863017048597e+00 1.356339820370106919e+00 1.000000000000000056e-01
1.522000000000000064e+01 -1.849125431652852480e+00 1.355559769457319597e+00 1.000000000000000056e-01
1.523000000000000043e+01 -1.844424390515868151e+00 1.354790463723794858e+00 1.000000000000000056e-01
1.524000000000000021e+01 -1.839717338172311978e+00 1.354032117562551818e+00 1.000000000000000056e-01
1.525000000000000000e+01 -1.835004875298690052e+00 1.353284942078532449e+00 1.000000000000000056e-01
1.525999999999999979e+01 -1.830287604635817855e+00 1.352549144997433395e+00 1.000000000000000056e-01
1.526999999999999957e+01 -1.825566130939925813e+00 1.351824930577386175e+00 1.000000000000000056e-01
1.528000000000000114e+01 -1.820841060932592903e+00 1.351112499521308852e+00 1.000000000000000056e-01
1.529000000000000092e+01 -1.816113003249050450e+00 1.350412048889992889e+00 1.000000000000000056e-01
1.530000000000000071e+01 -1.811382568384162894e+00 1.349723772018557977e+00 1.000000000000000056e-01
1.531000000000000050e+01 -1.806650368636985027e+00 1.349047858432590674e+00 1.000000000000000056e-01
1.532000000000000028e+01 -1.801917018053299735e+00 1.348384493766300762e+00 1.000000000000000056e-01
1.533000000000000007e+01 -1.797183132366853009e+00 1.347733859683816426e+00 1.000000000000000056e-01
1.533999999999999986e+01 -1.792449328937816277e+00 1.347096133799475348e+00 1.000000000000000056e-01
1.534999999999999964e+01 -1.787716226690418519e+00 1.346471489602194538e+00 1.000000000000000056e-01
1.535999999999999943e+01 -1.782984446048115235e+00 1.345860096380522286e+00 1.000000000000000056e-01
1.537000000000000099e+01 -1.778254608867132047e+00 1.345262119149216895e+00 1.000000000000000056e-01
1.538000000000000078e+01 -1.773527338368081852e+00 1.344677718578591419e+00 1.000000000000000056e-01
1.539000000000000057e+01 -1.768803259065824030e+00 1.344107050924749913e+00 1.000000000000000056e-01
1.540000000000000036e+01 -1.764082996696737071e+00 1.343550267962433153e+00 1.000000000000000056e-01
1.541000000000000014e+01 -1.759367178145333499e+00 1.343007516919390687e+00 1.000000000000000056e-01
1.541999999999999993e+01 -1.754656431367590086e+00 1.342478940412886512e+00 1.000000000000000056e-01
1.542999999999999972e+01 -1.749951385312975116e+00 1.341964676388491373e+00 1.000000000000000056e-01
1.543999999999999950e+01 -1.745252669844539861e+00 1.341464858060014587e+00 1.000000000000000056e-01
1.545000000000000107e+01 -1.740560915656644170e+00 1.340979613853098718e+00 1.000000000000000056e-01
1.546000000000000085e+01 -1.735876754191140181e+00 1.340509067348971906e+00 1.000000000000000056e-01
1.547000000000000064e+01 -1.731200817550931470e+00 1.340053337232159469e+00 1.000000000000000056e-01
1.548000000000000043e+01 -1.726533738412354690e+00 1.339612537239280421e+00 1.000000000000000056e-01
1.549000000000000021e+01 -1.721876149935071432e+00 1.339186776110232069e+00 1.000000000000000056e-01
1.550000000000000000e+01 -1.717228685669894617e+00 1.338776157542325818e+00 1.000000000000000056e-01
1.550999999999999979e+01 -1.712591979465675207e+00 1.338380780144994286e+00 1.000000000000000056e-01
1.551999999999999957e+01 -1.707966665373150006e+00 1.338000737399525297e+00 1.000000000000000056e-01
1.553000000000000114e+01 -1.703353377547774494e+00 1.337636117617789555e+00 1.000000000000000056e-01
1.554000000000000092e+01 -1.698752750151246049e+00 1.337287003906374228e+00 1.000000000000000056e-01
1.555000000000000071e+01 -1.694165417250100392e+00 1.336953474130793573e+00 1.000000000000000056e-01
1.556000000000000050e+01 -1.689592012714362212e+00 1.336635600883945285e+00 1.000000000000000056e-01
1.557000000000000028e+01 -1.685033170113388934e+00 1.336333451455130383e+00 1.000000000000000056e-01
1.558000000000000007e+01 -1.680489522611481323e+00 1.336047087802941569e+00 1.000000000000000056e-01
1.558999999999999986e+01 -1.675961702861219482e+00 1.335776566530680443e+00 1.000000000000000056e-01
1.559999999999999964e+01 -1.671450342896279917e+00 1.335521938862587410e+00 1.000000000000000056e-01
1.561000000000000121e+01 -1.666956074022656109e+00 1.335283250624686113e+00 1.000000000000000056e-01
1.562000000000000099e+01 -1.662479526709232935e+00 1.335060542227228808e+00 1.000000000000000056e-01
1.563000000000000078e+01 -1.658021330476290522e+00 1.334853848649155905e+00 1.000000000000000056e-01
1.564000000000000057e+01 -1.653582113784995311e+00 1.334663199426421532e+00 1.000000000000000056e-01
1.565000000000000036e+01 -1.649162503922853018e+00 1.334488618641624713e+00 1.000000000000000056e-01
1.566000000000000014e+01 -1.644763126892143656e+00 1.334330124917500360e+00 1.000000000000000056e-01
1.566999999999999993e+01 -1.640384607293160713e+00 1.334187731411784705e+00 1.000000000000000056e-01
1.567999999999999972e+01 -1.636027568210400629e+00 1.334061445816062896e+00 1.000000000000000056e-01
1.568999999999999950e+01 -1.631692631095410961e+00 1.333951270355537178e+00 1.000000000000000056e-01
1.570000000000000107e+01 -1.627380415649930745e+00 1.333857201793402503e+00 1.000000000000000056e-01
1.571000000000000085e+01 -1.623091539707528730e+00 1.333779231436404533e+00 1.000000000000000056e-01
1.572000000000000064e+01 -1.618826619115637744e+00 1.333717345143116129e+00 1.000000000000000056e-01
1.573000000000000043e+01 -1.614586267615565340e+00 1.333671523336100284e+00 1.000000000000000056e-01
1.574000000000000021e+01 -1.610371096722635897e+00 1.333641741014562010e+00 1.000000000000000056e-01
1.575000000000000000e+01 -1.606181715605438542e+00 1.333627967772347489e+00 1.000000000000000056e-01
1.575999999999999979e+01 -1.602018730964626769e+00 1.333630167814848999e+00 1.000000000000000056e-01
1.576999999999999957e+01 -1.597882746911099439e+00 1.333648299983098529e+00 1.000000000000000056e-01
1.578000000000000114e+01 -1.593774364843719482e+00 1.333682317775898740e+00 1.000000000000000056e-01
1.579000000000000092e+01 -1.589694183326676002e+00 1.333732169377606969e+00 1.000000000000000056e-01
1.580000000000000071e+01 -1.585642797966799078e+00 1.333797797687037656e+00 1.000000000000000056e-01
1.581000000000000050e+01 -1.581620801290004374e+00 1.333879140349456760e+00 1.000000000000000056e-01
1.582000000000000028e+01 -1.577628782618050396e+00 1.333976129790962695e+00 1.000000000000000056e-01
1.583000000000000007e+01 -1.573667327945438066e+00 1.334088693254597668e+00 1.000000000000000056e-01
1.583999999999999986e+01 -1.569737019815316659e+00 1.334216752840887921e+00 1.000000000000000056e-01
1.584999999999999964e+01 -1.565838437196419575e+00 1.334360225548251844e+00 1.000000000000000056e-01
1.586000000000000121e+01 -1.561972155359896197e+00 1.334519023318479380e+00 1.000000000000000056e-01
1.587000000000000099e+01 -1.558138745755620391e+00 1.334693053082065761e+00 1.000000000000000056e-01
1.588000000000000078e+01 -1.554338775889896107e+00 1.334882216808594535e+00 1.000000000000000056e-01
1.589000000000000057e+01 -1.550572809202477531e+00 1.335086411556890118e+00 1.000000000000000056e-01
1.590000000000000036e+01 -1.546841404944809817e+00 1.335305529529856816e+00 1.000000000000000056e-01
1.591000000000000014e+01 -1.543145118057766885e+00 1.335539458130091228e+00 1.000000000000000056e-01
1.591999999999999993e+01 -1.539484499051118060e+00 1.335788080017713320e+00 1.000000000000000056e-01
1.592999999999999972e+01 -1.535860093882457589e+00 1.336051273172432330e+00 1.000000000000000056e-01
1.593999999999999950e+01 -1.532272443837509046e+00 1.336328910955310922e+00 1.000000000000000056e-01
1.595000000000000107e+01 -1.528722085410985532e+00 1.336620862173818258e+00 1.000000000000000056e-01
1.596000000000000085e+01 -1.525209550187947460e+00 1.336926991150416688e+00 1.000000000000000056e-01
1.597000000000000064e+01 -1.521735364726533923e+00 1.337247157790185215e+00 1.000000000000000056e-01
1.598000000000000043e+01 -1.518300050441540039e+00 1.337581217653576182e+00 1.000000000000000056e-01
1.599000000000000021e+01 -1.514904123488125309e+00 1.337929022029532566e+00 1.000000000000000056e-01
1.600000000000000000e+01 -1.511548094648464513e+00 1.338290418011153671e+00 1.000000000000000056e-01
1.601000000000000156e+01 -1.508232469217476890e+00 1.338665248572870947e+00 1.000000000000000056e-01
1.601999999999999957e+01 -1.504957746891478543e+00 1.339053352650315221e+00 1.000000000000000056e-01
1.603000000000000114e+01 -1.501724421656860819e+00 1.339454565221461335e+00 1.000000000000000056e-01
1.603999999999999915e+01 -1.498532981681449661e+00 1.339868717389826269e+00 1.000000000000000056e-01
1.605000000000000071e+01 -1.495383909206060347e+00 1.340295636468872065e+00 1.000000000000000056e-01
1.605999999999999872e+01 -1.492277680438446552e+00 1.340735146069969241e+00 1.000000000000000056e-01
1.607000000000000028e+01 -1.489214765448511502e+00 1.341187066188876287e+00 1.000000000000000056e-01
1.608000000000000185e+01 -1.486195628065275276e+00 1.341651213297418099e+00 1.000000000000000056e-01
1.608999999999999986e+01 -1.483220725775330484e+00 1.342127400433939854e+00 1.000000000000000056e-01
1.610000000000000142e+01 -1.480290509623590323e+00 1.342615437296666547e+00 1.000000000000000056e-01
1.610999999999999943e+01 -1.477405424115319832e+00 1.343115130338803809e+00 1.000000000000000056e-01
1.612000000000000099e+01 -1.474565907119762098e+00 1.343626282863098709e+00 1.000000000000000056e-01
1.612999999999999901e+01 -1.471772389777165291e+00 1.344148695121012427e+00 1.000000000000000056e-01
1.614000000000000057e+01 -1.469025296405707559e+00 1.344682164409539471e+00 1.000000000000000056e-01
1.614999999999999858e+01 -1.466325044411565193e+00 1.345226485172409170e+00 1.000000000000000056e-01
1.616000000000000014e+01 -1.463672044201475009e+00 1.345781449100500460e+00 1.000000000000000056e-01
1.617000000000000171e+01 -1.461066699095367349e+00 1.346346845234053458e+00 1.000000000000000056e-01
1.617999999999999972e+01 -1.458509405243409551e+00 1.346922460066337646e+00 1.000000000000000056e-01
1.619000000000000128e+01 -1.456000551543519039e+00 1.347508077647336044e+00 1.000000000000000056e-01
1.619999999999999929e+01 -1.453540519561113520e+00 1.348103479689683137e+00 1.000000000000000056e-01
1.621000000000000085e+01 -1.451129683452155206e+00 1.348708445674142720e+00 1.000000000000000056e-01
1.621999999999999886e+01 -1.448768409886275421e+00 1.349322752957132110e+00 1.000000000000000056e-01
1.623000000000000043e+01 -1.446457057974570137e+00 1.349946176877936610e+00 1.000000000000000056e-01
1.624000000000000199e+01 -1.444195979196914781e+00 1.350578490867802017e+00 1.000000000000000056e-01
1.625000000000000000e+01 -1.441985517333987055e+00 1.351219466558208460e+00 1.000000000000000056e-01
1.626000000000000156e+01 -1.439826008399393897e+00 1.351868873891850287e+00 1.000000000000000056e-01
1.626999999999999957e+01 -1.437717780575528126e+00 1.352526481230492239e+00 1.000000000000000056e-01
1.628000000000000114e+01 -1.435661154150840613e+00 1.353192055469051525e+00 1.000000000000000056e-01
1.628999999999999915e+01 -1.433656441460011255e+00 1.353865362143168438e+00 1.000000000000000056e-01
1.630000000000000071e+01 -1.431703946825437335e+00 1.354546165542855229e+00 1.000000000000000056e-01
1.630999999999999872e+01 -1.429803966502510626e+00 1.355234228823319231e+00 1.000000000000000056e-01
1.632000000000000028e+01 -1.427956788625851958e+00 1.355929314116910200e+00 1.000000000000000056e-01
1.633000000000000185e+01 -1.426162693158306016e+00 1.356631182644945532e+00 1.000000000000000056e-01
1.633999999999999986e+01 -1.424421951843228618e+00 1.357339594830144769e+00 1.000000000000000056e-01
1.635000000000000142e+01 -1.422734828157403042e+00 1.358054310408239207e+00 1.000000000000000056e-01
1.635999999999999943e+01 -1.421101577267659399e+00 1.358775088540358889e+00 1.000000000000000056e-01
1.637000000000000099e+01 -1.419522445989559456e+00 1.359501687924852042e+00 1.000000000000000056e-01
1.637999999999999901e+01 -1.417997672748450899e+00 1.360233866908978628e+00 1.000000000000000056e-01
1.639000000000000057e+01 -1.416527487542243335e+00 1.360971383600251494e+00 1.000000000000000056e-01
1.639999999999999858e+01 -1.415112111908289894e+00 1.361713995978301117e+00 1.000000000000000056e-01
1.641000000000000014e+01 -1.413751758890194443e+00 1.362461462004858959e+00 1.000000000000000056e-01
1.642000000000000171e+01 -1.412446633009596830e+00 1.363213539735180335e+00 1.000000000000000056e-01
1.642999999999999972e+01 -1.411196930238809211e+00 1.363969987427595232e+00 1.000000000000000056e-01
1.644000000000000128e+01 -1.410002837975497636e+00 1.364730563652724715e+00 1.000000000000000056e-01
1.644999999999999929e+01 -1.408864535022054998e+00 1.365495027403600403e+00 1.000000000000000056e-01
1.646000000000000085e+01 -1.407782191564168395e+00 1.366263138202569838e+00 1.000000000000000056e-01
1.646999999999999886e+01 -1.406755969154941610e+00 1.367034656210261323e+00 1.000000000000000056e-01
1.648000000000000043e+01 -1.405786020698911232e+00 1.367809342331475886e+00 1.000000000000000056e-01
1.649000000000000199e+01 -1.404872490440362887e+00 1.368586958322434155e+00 1.000000000000000056e-01
1.650000000000000000e+01 -1.404015513952597383e+00 1.369367266895325397e+00 1.000000000000000056e-01
1.651000000000000156e+01 -1.403215218130808406e+00 1.370150031822614523e+00 1.000000000000000056e-01
1.651999999999999957e+01 -1.402471721186157483e+00 1.370935018042073184e+00 1.000000000000000056e-01
1.653000000000000114e+01 -1.401785132643101006e+00 1.371721991756887693e+00 1.000000000000000056e-01
1.653999999999999915e+01 -1.401155553338623738e+00 1.372510720539631857e+00 1.000000000000000056e-01
1.655000000000000071e+01 -1.400583075423680546e+00 1.373300973430781946e+00 1.000000000000000056e-01
1.655999999999999872e+01 -1.400067782366828384e+00 1.374092521038972503e+00 1.000000000000000056e-01
1.657000000000000028e+01 -1.399609748960618960e+00 1.374885135638755029e+00 1.000000000000000056e-01
1.658000000000000185e+01 -1.399209041328838499e+00 1.375678591267411432e+00 1.000000000000000056e-01
1.658999999999999986e+01 -1.398865716937363723e+00 1.376472663820397679e+00 1.000000000000000056e-01
1.660000000000000142e+01 -1.398579824606097866e+00 1.377267131145304413e+00 1.000000000000000056e-01
1.660999999999999943e+01 -1.398351404522198749e+00 1.378061773135446977e+00 1.000000000000000056e-01
1.662000000000000099e+01 -1.398180488257558807e+00 1.378856371819869198e+00 1.000000000000000056e-01
1.662999999999999901e+01 -1.398067098784853579e+00 1.379650711454125878e+00 1.000000000000000056e-01
1.664000000000000057e+01 -1.398011250498435443e+00 1.380444578608573947e+00 1.000000000000000056e-01
1.664999999999999858e+01 -1.398012949234574531e+00 1.381237762254222012e+00 1.000000000000000056e-01
1.666000000000000014e+01 -1.398072192295200633e+00 1.382030053848857021e+00 1.000000000000000056e-01
1.667000000000000171e+01 -1.398188968471272720e+00 1.382821247420166877e+00 1.000000000000000056e-01
1.667999999999999972e+01 -1.398363258069946102e+00 1.383611139646484522e+00 1.000000000000000056e-01
1.669000000000000128e+01 -1.398595032941104543e+00 1.384399529938889373e+00 1.000000000000000056e-01
1.669999999999999929e+01 -1.398884256506580659e+00 1.385186220516823274e+00 1.000000000000000056e-01
1.671000000000000085e+01 -1.399230883790506530e+00 1.385971016487331564e+00 1.000000000000000056e-01
1.671999999999999886e+01 -1.399634861450735013e+00 1.386753725917073465e+00 1.000000000000000056e-01
1.673000000000000043e+01 -1.400096127811548019e+00 1.387534159906411713e+00 1.000000000000000056e-01
1.674000000000000199e+01 -1.400614612898062550e+00 1.388312132660510123e+00 1.000000000000000056e-01
1.675000000000000000e+01 -1.401190238470833238e+00 1.389087461556626213e+00 1.000000000000000056e-01
1.676000000000000156e+01 -1.401822918063102330e+00 1.389859967213052050e+00 1.000000000000000056e-01
1.676999999999999957e+01 -1.402512557017143280e+00 1.390629473552023931e+00 1.000000000000000056e-01
1.678000000000000114e+01 -1.403259052523650574e+00 1.391395807864025835e+00 1.000000000000000056e-01
1.678999999999999915e+01 -1.404062293660485850e+00 1.392158800867896229e+00 1.000000000000000056e-01
1.680000000000000071e+01 -1.404922161433504346e+00 1.392918286769551983e+00 1.000000000000000056e-01
1.680999999999999872e+01 -1.405838528817836997e+00 1.393674103318791824e+00 1.000000000000000056e-01
1.682000000000000028e+01 -1.406811260799377017e+00 1.394426091863879336e+00 1.000000000000000056e-01
1.683000000000000185e+01 -1.407840214418766278e+00 1.395174097403183433e+00 1.000000000000000056e-01
1.683999999999999986e+01 -1.408925238814136005e+00 1.395917968636376516e+00 1.000000000000000056e-01
1.685000000000000142e+01 -1.410066175266226018e+00 1.396657558011179745e+00 1.000000000000000056e-01
1.685999999999999943e+01 -1.411262857243117619e+00 1.397392721770148949e+00 1.000000000000000056e-01
1.687000000000000099e+01 -1.412515110446042943e+00 1.398123319993084479e+00 1.000000000000000056e-01
1.687999999999999901e+01 -1.413822752855838472e+00 1.398849216639320714e+00 1.000000000000000056e-01
1.689000000000000057e+01 -1.415185594779690748e+00 1.399570279585444998e+00 1.000000000000000056e-01
1.689999999999999858e+01 -1.416603438898532907e+00 1.400286380663027241e+00 1.000000000000000056e-01
1.691000000000000014e+01 -1.418076080314954357e+00 1.400997395692241687e+00 1.000000000000000056e-01
1.692000000000000171e+01 -1.419603306601493697e+00 1.401703204513752521e+00 1.000000000000000056e-01
1.692999999999999972e+01 -1.421184897848858375e+00 1.402403691018899501e+00 1.000000000000000056e-01
1.694000000000000128e+01 -1.422820626715717296e+00 1.403098743176556917e+00 1.000000000000000056e-01
1.694999999999999929e+01 -1.424510258477164948e+00 1.403788253057915547e+00 1.000000000000000056e-01
1.696000000000000085e+01 -1.426253551074761372e+00 1.404472116859581066e+00 1.000000000000000056e-01
1.696999999999999886e+01 -1.428050255166480875e+00 1.405150234923018271e+00 1.000000000000000056e-01
1.698000000000000043e+01 -1.429900114176134940e+00 1.405822511752827131e+00 1.000000000000000056e-01
1.699000000000000199e+01 -1.431802864344465354e+00 1.406488856031846479e+00 1.000000000000000056e-01
1.700000000000000000e+01 -1.433758234778939933e+00 1.407149180634168495e+00 1.000000000000000056e-01
1.701000000000000156e+01 -1.435765947504425988e+00 1.407803402635774859e+00 1.000000000000000056e-01
1.701999999999999957e+01 -1.437825717514422008e+00 1.408451443322322749e+00 1.000000000000000056e-01
1.703000000000000114e+01 -1.439937252821070546e+00 1.409093228195264613e+00 1.000000000000000056e-01
1.703999999999999915e+01 -1.442100254506535117e+00 1.409728686975032508e+00 1.000000000000000056e-01
1.705000000000000071e+01 -1.444314416774211907e+00 1.410357753601437114e+00 1.000000000000000056e-01
1.705999999999999872e+01 -1.446579426998780837e+00 1.410980366232751582e+00 1.000000000000000056e-01
1.707000000000000028e+01 -1.448894965778701138e+00 1.411596467241500674e+00 1.000000000000000056e-01
1.708000000000000185e+01 -1.451260706985529003e+00 1.412206003207281624e+00 1.000000000000000056e-01
1.708999999999999986e+01 -1.453676317816379848e+00 1.412808924909320307e+00 1.000000000000000056e-01
1.710000000000000142e+01 -1.456141458844066650e+00 1.413405187313880429e+00 1.000000000000000056e-01
1.710999999999999943e+01 -1.458655784067950378e+00 1.413994749560978148e+00 1.000000000000000056e-01
1.712000000000000099e+01 -1.461218940965246738e+00 1.414577574948344241e+00 1.000000000000000056e-01
1.712999999999999901e+01 -1.463830570541055920e+00 1.415153630912855176e+00 1.000000000000000056e-01
1.714000000000000057e+01 -1.466490307379184843e+00 1.415722889008862673e+00 1.000000000000000056e-01
1.715000000000000213e+01 -1.469197779692358319e+00 1.416285324885655950e+00 1.000000000000000056e-01
1.716000000000000014e+01 -1.471952609372325416e+00 1.416840918261260240e+00 1.000000000000000056e-01
1.717000000000000171e+01 -1.474754412040019114e+00 1.417389652893441765e+00 1.000000000000000056e-01
1.717999999999999972e+01 -1.477602797094654141e+00 1.417931516550595017e+00 1.000000000000000056e-01
1.719000000000000128e+01 -1.480497367764232131e+00 1.418466500977209943e+00 1.000000000000000056e-01
1.719999999999999929e+01 -1.483437721153593181e+00 1.418994601859194793e+00 1.000000000000000056e-01
1.721000000000000085e+01 -1.486423448294343475e+00 1.419515818786445616e+00 1.000000000000000056e-01
1.721999999999999886e+01 -1.489454134193270107e+00 1.420030155211634115e+00 1.000000000000000056e-01
1.723000000000000043e+01 -1.492529357880718166e+00 1.420537618409292824e+00 1.000000000000000056e-01
1.724000000000000199e+01 -1.495648692459388585e+00 1.421038219429666905e+00 1.000000000000000056e-01
1.725000000000000000e+01 -1.498811705151961604e+00 1.421531973052871045e+00 1.000000000000000056e-01
1.726000000000000156e+01 -1.502017957349206290e+00 1.422018897738951182e+00 1.000000000000000056e-01
1.726999999999999957e+01 -1.505267004657975694e+00 1.422499015576829784e+00 1.000000000000000056e-01
1.728000000000000114e+01 -1.508558396948617153e+00 1.422972352230567505e+00 1.000000000000000056e-01
1.728999999999999915e+01 -1.511891678402511818e+00 1.423438936883290706e+00 1.000000000000000056e-01
1.730000000000000071e+01 -1.515266387559807804e+00 1.423898802180395107e+00 1.000000000000000056e-01
1.730999999999999872e+01 -1.518682057367129135e+00 1.424351984167625318e+00 1.000000000000000056e-01
1.732000000000000028e+01 -1.522138215224705382e+00 1.424798522231619513e+00 1.000000000000000056e-01
1.733000000000000185e+01 -1.525634383034598196e+00 1.425238459034026350e+00 1.000000000000000056e-01
1.733999999999999986e+01 -1.529170077248524162e+00 1.425671840446855354e+00 1.000000000000000056e-01
1.735000000000000142e+01 -1.532744808915914358e+00 1.426098715484934498e+00 1.000000000000000056e-01
1.735999999999999943e+01 -1.536358083732822566e+00 1.426519136236327867e+00 1.000000000000000056e-01
1.737000000000000099e+01 -1.540009402090020130e+00 1.426933157792453111e+00 1.000000000000000056e-01
1.737999999999999901e+01 -1.543698259122826988e+00 1.427340838174790072e+00 1.000000000000000056e-01
1.739000000000000057e+01 -1.547424144760304543e+00 1.427742238262477592e+00 1.000000000000000056e-01
1.740000000000000213e+01 -1.551186543775159743e+00 1.428137421716935807e+00 1.000000000000000056e-01
1.741000000000000014e+01 -1.554984935833756410e+00 1.428526454905767240e+00 1.000000000000000056e-01
1.742000000000000171e+01 -1.558818795546521141e+00 1.428909406825745743e+00 1.000000000000000056e-01
1.742999999999999972e+01 -1.562687592519027779e+00 1.429286349025133962e+00 1.000000000000000056e-01
1.744000000000000128e+01 -1.566590791401788696e+00 1.429657355522763407e+00 1.000000000000000056e-01
1.744999999999999929e+01 -1.570527851942041142e+00 1.430022502729195510e+00 1.000000000000000056e-01
1.746000000000000085e+01 -1.574498229033874264e+00 1.430381869363409164e+00 1.000000000000000056e-01
1.746999999999999886e+01 -1.578501372769547828e+00 1.430735536370522087e+00 1.000000000000000056e-01
1.748000000000000043e+01 -1.582536728490540501e+00 1.431083586836257027e+00 1.000000000000000056e-01
1.749000000000000199e+01 -1.586603736838531065e+00 1.431426105901344004e+00 1.000000000000000056e-01
1.750000000000000000e+01 -1.590701833807718124e+00 1.431763180672413371e+00 1.000000000000000056e-01
1.751000000000000156e+01 -1.594830450796114629e+00 1.432094900133553228e+00 1.000000000000000056e-01
1.751999999999999957e+01 -1.598989014659472296e+00 1.432421355053483225e+00 1.000000000000000056e-01
1.753000000000000114e+01 -1.603176947764576088e+00 1.432742637893385185e+00 1.000000000000000056e-01
1.753999999999999915e+01 -1.607393668044833079e+00 1.433058842711931735e+00 1.000000000000000056e-01
1.755000000000000071e+01 -1.611638589056152648e+00 1.433370065069107024e+00 1.000000000000000056e-01
1.755999999999999872e+01 -1.615911120034805970e+00 1.433676401929500077e+00 1.000000000000000056e-01
1.757000000000000028e+01 -1.620210665956970164e+00 1.433977951563627951e+00 1.000000000000000056e-01
1.758000000000000185e+01 -1.624536627597837013e+00 1.434274813449861741e+00 1.000000000000000056e-01
1.758999999999999986e+01 -1.628888401594495550e+00 1.434567088174072413e+00 1.000000000000000056e-01
1.760000000000000142e+01 -1.633265380507963993e+00 1.434854877330853817e+00 1.000000000000000056e-01
1.760999999999999943e+01 -1.637666952886716043e+00 1.435138283421929284e+00 1.000000000000000056e-01
1.762000000000000099e+01 -1.642092503332156728e+00 1.435417409757556051e+00 1.000000000000000056e-01
1.762999999999999901e+01 -1.646541412563285123e+00 1.435692360354980046e+00 1.000000000000000056e-01
1.764000000000000057e+01 -1.651013057483770696e+00 1.435963239838168315e+00 1.000000000000000056e-01
1.765000000000000213e+01 -1.655506811248884658e+00 1.436230153338311277e+00 1.000000000000000056e-01
1.766000000000000014e+01 -1.660022043333440944e+00 1.436493206393023581e+00 1.000000000000000056e-01
1.767000000000000171e+01 -1.664558119600949793e+00 1.436752504846458445e+00 1.000000000000000056e-01
1.767999999999999972e+01 -1.669114402373478301e+00 1.437008154749948252e+00 1.000000000000000056e-01
1.769000000000000128e+01 -1.673690250502405164e+00 1.437260262262546995e+00 1.000000000000000056e-01
1.769999999999999929e+01 -1.678285019440457937e+00 1.437508933551220114e+00 1.000000000000000056e-01
1.771000000000000085e+01 -1.682898061315125648e+00 1.437754274693232581e+00 1.000000000000000056e-01
1.771999999999999886e+01 -1.687528725003100138e+00 1.437996391576576549e+00 1.000000000000000056e-01
1.773000000000000043e+01 -1.692176356205567611e+00 1.438235389802805075e+00 1.000000000000000056e-01
1.774000000000000199e+01 -1.696840297526742036e+00 1.438471374589102014e+00 1.000000000000000056e-01
1.775000000000000000e+01 -1.701519888550947934e+00 1.438704450671142387e+00 1.000000000000000056e-01
1.776000000000000156e+01 -1.706214465924370094e+00 1.438934722206601124e+00 1.000000000000000056e-01
1.776999999999999957e+01 -1.710923363435638445e+00 1.439162292679554866e+00 1.000000000000000056e-01
1.778000000000000114e+01 -1.715645912099825976e+00 1.439387264804626199e+00 1.000000000000000056e-01
1.778999999999999915e+01 -1.720381440242735316e+00 1.439609740432173712e+00 1.000000000000000056e-01
1.780000000000000071e+01 -1.725129273587282963e+00 1.439829820455176934e+00 1.000000000000000056e-01
1.780999999999999872e+01 -1.729888735341420514e+00 1.440047604714841167e+00 1.000000000000000056e-01
1.782000000000000028e+01 -1.734659146286805065e+00 1.440263191909638252e+00 1.000000000000000056e-01
1.783000000000000185e+01 -1.739439824869421169e+00 1.440476679502690427e+00 1.000000000000000056e-01
1.783999999999999986e+01 -1.744230087292463427e+00 1.440688163631743457e+00 1.000000000000000056e-01
1.785000000000000142e+01 -1.749029247607581494e+00 1.440897739020437163e+00 1.000000000000000056e-01
1.785999999999999943e+01 -1.753836617811908027e+00 1.441105498889236669e+00 1.000000000000000056e-01
1.787000000000000099e+01 -1.758651507941837222e+00 1.441311534868547461e+00 1.000000000000000056e-01
1.787999999999999901e+01 -1.763473226172046271e+00 1.441515936913862816e+00 1.000000000000000056e-01
1.789000000000000057e+01 -1.768301078913059321e+00 1.441718793219931793e+00 1.000000000000000056e-01
1.790000000000000213e+01 -1.773134370911432667e+00 1.441920190139676761e+00 1.000000000000000056e-01
1.791000000000000014e+01 -1.777972405352005625e+00 1.442120212101042576e+00 1.000000000000000056e-01
1.792000000000000171e+01 -1.782814483959332730e+00 1.442318941528449194e+00 1.000000000000000056e-01
1.792999999999999972e+01 -1.787659907102879364e+00 1.442516458764504073e+00 1.000000000000000056e-01
1.794000000000000128e+01 -1.792507973902811358e+00 1.442712841992960904e+00 1.000000000000000056e-01
1.794999999999999929e+01 -1.797357982336228677e+00 1.442908167164790090e+00 1.000000000000000056e-01
1.796000000000000085e+01 -1.802209229346846353e+00 1.443102507925496880e+00 1.000000000000000056e-01
1.796999999999999886e+01 -1.807061010954245095e+00 1.443295935543762010e+00 1.000000000000000056e-01
1.798000000000000043e+01 -1.811912622366003589e+00 1.443488518842825696e+00 1.000000000000000056e-01
1.799000000000000199e+01 -1.816763358090238700e+00 1.443680324134189785e+00 1.000000000000000056e-01
1.800000000000000000e+01 -1.821612512050208688e+00 1.443871415151667170e+00 1.000000000000000056e-01
1.801000000000000156e+01 -1.826459377699966025e+00 1.444061852989855899e+00 1.000000000000000056e-01
1.801999999999999957e+01 -1.831303248141246121e+00 1.444251696042725630e+00 1.000000000000000056e-01
1.803000000000000114e+01 -1.836143416242137727e+00 1.444440999945832083e+00 1.000000000000000056e-01
1.803999999999999915e+01 -1.840979174755834613e+00 1.444629817519427650e+00 1.000000000000000056e-01
1.805000000000000071e+01 -1.845809816442178120e+00 1.444818198715394963e+00 1.000000000000000056e-01
1.805999999999999872e+01 -1.850634634188775829e+00 1.445006190564783521e+00 1.000000000000000056e-01
1.807000000000000028e+01 -1.855452921133933897e+00 1.445193837128895487e+00 1.000000000000000056e-01
1.808000000000000185e+01 -1.860263970790490440e+00 1.445381179452306153e+00 1.000000000000000056e-01
1.808999999999999986e+01 -1.865067077170987631e+00 1.445568255518049350e+00 1.000000000000000056e-01
1.810000000000000142e+01 -1.869861534912561352e+00 1.445755100205347476e+00 1.000000000000000056e-01
1.810999999999999943e+01 -1.874646639404679238e+00 1.445941745250343802e+00 1.000000000000000056e-01
1.812000000000000099e+01 -1.879421686916059819e+00 1.446128219208338450e+00 1.000000000000000056e-01
1.812999999999999901e+01 -1.884185974723185497e+00 1.446314547419093266e+00 1.000000000000000056e-01
1.814000000000000057e+01 -1.888938801240245047e+00 1.446500751975030363e+00 1.000000000000000056e-01
1.815000000000000213e+01 -1.893679466148795898e+00 1.446686851690849096e+00 1.000000000000000056e-01
1.816000000000000014e+01 -1.898407270528979396e+00 1.446872862077333899e+00 1.000000000000000056e-01
1.817000000000000171e+01 -1.903121516991588269e+00 1.447058795316326085e+00 1.000000000000000056e-01
1.817999999999999972e+01 -1.907821509810624372e+00 1.447244660238918845e+00 1.000000000000000056e-01
1.819000000000000128e+01 -1.912506555056616042e+00 1.447430462306531940e+00 1.000000000000000056e-01
1.819999999999999929e+01 -1.917175960730852058e+00 1.447616203594615625e+00 1.000000000000000056e-01
1.821000000000000085e+01 -1.921829036899892262e+00 1.447801882778142701e+00 1.000000000000000056e-01
1.821999999999999886e+01 -1.926465095831300767e+00 1.447987495121248358e+00 1.000000000000000056e-01
1.823000000000000043e+01 -1.931083452128869782e+00 1.448173032468399013e+00 1.000000000000000056e-01
1.824000000000000199e+01 -1.935683422869409309e+00 1.448358483238579186e+00 1.000000000000000056e-01
1.825000000000000000e+01 -1.940264327739471106e+00 1.448543832422674260e+00 1.000000000000000056e-01
1.826000000000000156e+01 -1.944825489171642552e+00 1.448729061582544775e+00 1.000000000000000056e-01
1.826999999999999957e+01 -1.949366232482866002e+00 1.448914148853801986e+00 1.000000000000000056e-01
1.828000000000000114e+01 -1.953885886010706230e+00 1.449099068950821190e+00 1.000000000000000056e-01
1.828999999999999915e+01 -1.958383781251997524e+00 1.449283793173551604e+00 1.000000000000000056e-01
1.830000000000000071e+01 -1.962859252999205939e+00 1.449468289419534317e+00 1.000000000000000056e-01
1.830999999999999872e+01 -1.967311639478892760e+00 1.449652522194557536e+00 1.000000000000000056e-01
1.832000000000000028e+01 -1.971740282488427365e+00 1.449836452630582029e+00 1.000000000000000056e-01
1.833000000000000185e+01 -1.976144527533176820e+00 1.450020038501889763e+00 1.000000000000000056e-01
1.833999999999999986e+01 -1.980523723963290017e+00 1.450203234246878026e+00 1.000000000000000056e-01
1.835000000000000142e+01 -1.984877225109928256e+00 1.450385990991263530e+00 1.000000000000000056e-01
1.835999999999999943e+01 -1.989204388421326408e+00 1.450568256573251169e+00 1.000000000000000056e-01
1.837000000000000099e+01 -1.993504575597319750e+00 1.450749975572461770e+00 1.000000000000000056e-01
1.837999999999999901e+01 -1.997777152724754757e+00 1.450931089340402602e+00 1.000000000000000056e-01
1.839000000000000057e+01 -2.002021490410142768e+00 1.451111536033448113e+00 1.000000000000000056e-01
1.840000000000000213e+01 -2.006236963913142546e+00 1.451291250648942155e+00 1.000000000000000056e-01
1.841000000000000014e+01 -2.010422953277763991e+00 1.451470165062707984e+00 1.000000000000000056e-01
1.842000000000000171e+01 -2.014578843463455726e+00 1.451648208069789669e+00 1.000000000000000056e-01
1.842999999999999972e+01 -2.018704024474045067e+00 1.451825305426992951e+00 1.000000000000000056e-01
1.844000000000000128e+01 -2.022797891486171729e+00 1.452001379897605693e+00 1.000000000000000056e-01
1.844999999999999929e+01 -2.026859844976190761e+00 1.452176351299327095e+00 1.000000000000000056e-01
1.846000000000000085e+01 -2.030889290845148576e+00 1.452350136553175242e+00 1.000000000000000056e-01
1.846999999999999886e+01 -2.034885640542934304e+00 1.452522649735281224e+00 1.000000000000000056e-01
1.848000000000000043e+01 -2.038848311190665008e+00 1.452693802131181711e+00 1.000000000000000056e-01
1.849000000000000199e+01 -2.042776725700861995e+00 1.452863502291573017e+00 1.000000000000000056e-01
1.850000000000000000e+01 -2.046670312896818444e+00 1.453031656089851076e+00 1.000000000000000056e-01
1.851000000000000156e+01 -2.050528507629679975e+00 1.453198166783683520e+00 1.000000000000000056e-01
1.851999999999999957e+01 -2.054350750893280342e+00 1.453362935075530604e+00 1.000000000000000056e-01
1.853000000000000114e+01 -2.058136489938549030e+00 1.453525859178134594e+00 1.000000000000000056e-01
1.853999999999999915e+01 -2.061885178383376704e+00 1.453686834879641010e+00 1.000000000000000056e-01
1.855000000000000071e+01 -2.065596276323846237e+00 1.453845755612134916e+00 1.000000000000000056e-01
1.855999999999999872e+01 -2.069269250439913055e+00 1.454002512521051171e+00 1.000000000000000056e-01
1.857000000000000028e+01 -2.072903574101609081e+00 1.454156994536519587e+00 1.000000000000000056e-01
1.858000000000000185e+01 -2.076498727471338235e+00 1.454309088447507170e+00 1.000000000000000056e-01
1.858999999999999986e+01 -2.080054197605555988e+00 1.454458678974850594e+00 1.000000000000000056e-01
1.860000000000000142e+01 -2.083569478552186105e+00 1.454605648850032074e+00 1.000000000000000056e-01
1.860999999999999943e+01 -2.087044071448001858e+00 1.454749878891167247e+00 1.000000000000000056e-01
1.862000000000000099e+01 -2.090477484612140113e+00 1.454891248083210353e+00 1.000000000000000056e-01
1.862999999999999901e+01 -2.093869233638071758e+00 1.455029633659174371e+00 1.000000000000000056e-01
1.864000000000000057e+01 -2.097218841483469376e+00 1.455164911181745957e+00 1.000000000000000056e-01
1.865000000000000213e+01 -2.100525838557483205e+00 1.455296954626771333e+00 1.000000000000000056e-01
1.866000000000000014e+01 -2.103789762806218988e+00 1.455425636468247852e+00 1.000000000000000056e-01
1.867000000000000171e+01 -2.107010159795748017e+00 1.455550827763960609e+00 1.000000000000000056e-01
1.867999999999999972e+01 -2.110186582793293741e+00 1.455672398242058740e+00 1.000000000000000056e-01
1.869000000000000128e+01 -2.113318592846117117e+00 1.455790216389602154e+00 1.000000000000000056e-01
1.869999999999999929e+01 -2.116405758858219244e+00 1.455904149540883319e+00 1.000000000000000056e-01
1.871000000000000085e+01 -2.119447657664712104e+00 1.456014063966885042e+00 1.000000000000000056e-01
1.871999999999999886e+01 -2.122443874105047534e+00 1.456119824966915610e+00 1.000000000000000056e-01
1.873000000000000043e+01 -2.125394001091793328e+00 1.456221296958088773e+00 1.000000000000000056e-01
1.874000000000000199e+01 -2.128297639679450182e+00 1.456318343568998364e+00 1.000000000000000056e-01
1.875000000000000000e+01 -2.131154399129845611e+00 1.456410827730943769e+00 1.000000000000000056e-01
1.876000000000000156e+01 -2.133963896973829488e+00 1.456498611770953078e+00 1.000000000000000056e-01
1.876999999999999957e+01 -2.136725759072904740e+00 1.456581557506404501e+00 1.000000000000000056e-01
1.878000000000000114e+01 -2.139439619676010373e+00 1.456659526336993693e+00 1.000000000000000056e-01
1.878999999999999915e+01 -2.142105121473806939e+00 1.456732379340542005e+00 1.000000000000000056e-01
1.880000000000000071e+01 -2.144721915651628841e+00 1.456799977365830001e+00 1.000000000000000056e-01
1.880999999999999872e+01 -2.147289661937172411e+00 1.456862181128439238e+00 1.000000000000000056e-01
1.882000000000000028e+01 -2.149808028646849500e+00 1.456918851304607188e+00 1.000000000000000056e-01
1.883000000000000185e+01 -2.152276692728290808e+00 1.456969848625868647e+00 1.000000000000000056e-01
1.883999999999999986e+01 -2.154695339799867604e+00 1.457015033974266460e+00 1.000000000000000056e-01
1.885000000000000142e+01 -2.157063664187219842e+00 1.457054268476506653e+00 1.000000000000000056e-01
1.885999999999999943e+01 -2.159381368956135638e+00 1.457087413599026382e+00 1.000000000000000056e-01
1.887000000000000099e+01 -2.161648165943419908e+00 1.457114331241574856e+00 1.000000000000000056e-01
1.887999999999999901e+01 -2.163863775782508103e+00 1.457134883832380323e+00 1.000000000000000056e-01
1.889000000000000057e+01 -2.166027927928926289e+00 1.457148934421577557e+00 1.000000000000000056e-01
1.890000000000000213e+01 -2.168140360679733369e+00 1.457156346774482358e+00 1.000000000000000056e-01
1.891000000000000014e+01 -2.170200821191865526e+00 1.457156985465751342e+00 1.000000000000000056e-01
1.892000000000000171e+01 -2.172209065496534919e+00 1.457150715971637034e+00 1.000000000000000056e-01
1.892999999999999972e+01 -2.174164858510876819e+00 1.457137404762518074e+00 1.000000000000000056e-01
1.894000000000000128e+01 -2.176067974046420161e+00 1.457116919394859433e+00 1.000000000000000056e-01
1.894999999999999929e+01 -2.177918194814874475e+00 1.457089128602883310e+00 1.000000000000000056e-01
1.896000000000000085e+01 -2.179715312430071439e+00 1.457053902388165678e+00 1.000000000000000056e-01
1.896999999999999886e+01 -2.181459127408138521e+00 1.457011112111695983e+00 1.000000000000000056e-01
1.898000000000000043e+01 -2.183149449163500400e+00 1.456960630581110472e+00 1.000000000000000056e-01
1.899000000000000199e+01 -2.184786096002704348e+00 1.456902332140529666e+00 1.000000000000000056e-01
1.900000000000000000e+01 -2.186368895114734645e+00 1.456836092758107659e+00 1.000000000000000056e-01
1.901000000000000156e+01 -2.187897682558633594e+00 1.456761790112545363e+00 1.000000000000000056e-01
1.901999999999999957e+01 -2.189372303248745322e+00 1.456679303679319526e+00 1.000000000000000056e-01
1.903000000000000114e+01 -2.190792610935681672e+00 1.456588514815829738e+00 1.000000000000000056e-01
1.903999999999999915e+01 -2.192158468186601983e+00 1.456489306844654497e+00 1.000000000000000056e-01
1.905000000000000071e+01 -2.193469746360675821e+00 1.456381565137655931e+00 1.000000000000000056e-01
1.905999999999999872e+01 -2.194726325583664206e+00 1.456265177196429228e+00 1.000000000000000056e-01
1.907000000000000028e+01 -2.195928094718970769e+00 1.456140032734076772e+00 1.000000000000000056e-01
1.908000000000000185e+01 -2.197074951336892124e+00 1.456006023754192968e+00 1.000000000000000056e-01
1.908999999999999986e+01 -2.198166801680370153e+00 1.455863044629276848e+00 1.000000000000000056e-01
1.910000000000000142e+01 -2.199203560630894838e+00 1.455710992177817298e+00 1.000000000000000056e-01
1.910999999999999943e+01 -2.200185151668819561e+00 1.455549765739773793e+00 1.000000000000000056e-01
1.912000000000000099e+01 -2.201111506834792841e+00 1.455379267251822872e+00 1.000000000000000056e-01
1.912999999999999901e+01 -2.201982566687019638e+00 1.455199401319592578e+00 1.000000000000000056e-01
1.914000000000000057e+01 -2.202798280257328489e+00 1.455010075289492777e+00 1.000000000000000056e-01
1.915000000000000213e+01 -2.203558605004793947e+00 1.454811199319894000e+00 1.000000000000000056e-01
1.916000000000000014e+01 -2.204263506768129766e+00 1.454602686448963844e+00 1.000000000000000056e-01
1.917000000000000171e+01 -2.204912959714959264e+00 1.454384452662317972e+00 1.000000000000000056e-01
1.917999999999999972e+01 -2.205506946290306747e+00 1.454156416959619280e+00 1.000000000000000056e-01
1.919000000000000128e+01 -2.206045457162429280e+00 1.453918501417775122e+00 1.000000000000000056e-01
1.919999999999999929e+01 -2.206528491166308559e+00 1.453670631254636803e+00 1.000000000000000056e-01
1.921000000000000085e+01 -2.206956055247532245e+00 1.453412734889956814e+00 1.000000000000000056e-01
1.921999999999999886e+01 -2.207328164400504278e+00 1.453144744004752464e+00 1.000000000000000056e-01
1.923000000000000043e+01 -2.207644841609079034e+00 1.452866593599503764e+00 1.000000000000000056e-01
1.924000000000000199e+01 -2.207906117782062250e+00 1.452578222050600054e+00 1.000000000000000056e-01
1.925000000000000000e+01 -2.208112031689332344e+00 1.452279571164452499e+00 1.000000000000000056e-01
1.926000000000000156e+01 -2.208262629895205276e+00 1.451970586231090987e+00 1.000000000000000056e-01
1.926999999999999957e+01 -2.208357966690575491e+00 1.451651216075222850e+00 1.000000000000000056e-01
1.928000000000000114e+01 -2.208398104024246855e+00 1.451321413104726288e+00 1.000000000000000056e-01
1.928999999999999915e+01 -2.208383111431714063e+00 1.450981133360565556e+00 1.000000000000000056e-01
1.930000000000000071e+01 -2.208313065964495170e+00 1.450630336560107647e+00 1.000000000000000056e-01
1.930999999999999872e+01 -2.208188052116411892e+00 1.450268986143617767e+00 1.000000000000000056e-01
1.932000000000000028e+01 -2.208008161750647069e+00 1.449897049315058029e+00 1.000000000000000056e-01
1.933000000000000185e+01 -2.207773494024380945e+00 1.449514497083442821e+00 1.000000000000000056e-01
1.933999999999999986e+01 -2.207484155313531371e+00 1.449121304301579372e+00 1.000000000000000056e-01
1.935000000000000142e+01 -2.207140259136379790e+00 1.448717449701883986e+00 1.000000000000000056e-01
1.935999999999999943e+01 -2.206741926076118077e+00 1.448302915933556534e+00 1.000000000000000056e-01
1.937000000000000099e+01 -2.206289283703080972e+00 1.447877689593489281e+00 1.000000000000000056e-01
1.937999999999999901e+01 -2.205782466496698291e+00 1.447441761258746684e+00 1.000000000000000056e-01
1.939000000000000057e+01 -2.205221615765637466e+00 1.446995125516295611e+00 1.000000000000000056e-01
1.940000000000000213e+01 -2.204606879569021238e+00 1.446537780989380018e+00 1.000000000000000056e-01
1.941000000000000014e+01 -2.203938412635991551e+00 1.446069730364631933e+00 1.000000000000000056e-01
1.942000000000000171e+01 -2.203216376285543454e+00 1.445590980414671822e+00 1.000000000000000056e-01
1.942999999999999972e+01 -2.202440938345494814e+00 1.445101542020938101e+00 1.000000000000000056e-01
1.944000000000000128e+01 -2.201612273072391712e+00 1.444601430193246161e+00 1.000000000000000056e-01
1.944999999999999929e+01 -2.200730561069617952e+00 1.444090664088099496e+00 1.000000000000000056e-01
1.946000000000000085e+01 -2.199795989206901670e+00 1.443569267025234470e+00 1.000000000000000056e-01
1.946999999999999886e+01 -2.198808750539072765e+00 1.443037266502190219e+00 1.000000000000000056e-01
1.948000000000000043e+01 -2.197769044225498014e+00 1.442494694206161165e+00 1.000000000000000056e-01
1.949000000000000199e+01 -2.196677075448961958e+00 1.441941586025956346e+00 1.000000000000000056e-01
1.950000000000000000e+01 -2.195533055335418204e+00 1.441377982060245699e+00 1.000000000000000056e-01
1.951000000000000156e+01 -2.194337200874701299e+00 1.440803926624396825e+00 1.000000000000000056e-01
1.951999999999999957e+01 -2.193089734839066995e+00 1.440219468256867863e+00 1.000000000000000056e-01
1.953000000000000114e+01 -2.191790885706752512e+00 1.439624659721298938e+00 1.000000000000000056e-01
1.953999999999999915e+01 -2.190440887580717977e+00 1.439019558008525435e+00 1.000000000000000056e-01
1.955000000000000071e+01 -2.189039980112138295e+00 1.438404224337567872e+00 1.000000000000000056e-01
1.955999999999999872e+01 -2.187588408422824759e+00 1.437778724151125953e+00 1.000000000000000056e-01
1.957000000000000028e+01 -2.186086423027585379e+00 1.437143127113662544e+00 1.000000000000000056e-01
1.958000000000000185e+01 -2.184534279758716391e+00 1.436497507105053417e+00 1.000000000000000056e-01
1.958999999999999986e+01 -2.182932239690624776e+00 1.435841942212206179e+00 1.000000000000000056e-01
1.960000000000000142e+01 -2.181280569063837493e+00 1.435176514720781338e+00 1.000000000000000056e-01
1.960999999999999943e+01 -2.179579539212310735e+00 1.434501311103123067e+00 1.000000000000000056e-01
1.962000000000000099e+01 -2.177829426489400255e+00 1.433816422005161906e+00 1.000000000000000056e-01
1.962999999999999901e+01 -2.176030512194825128e+00 1.433121942231823098e+00 1.000000000000000056e-01
1.964000000000000057e+01 -2.174183082503867936e+00 1.432417970729897405e+00 1.000000000000000056e-01
1.965000000000000213e+01 -2.172287428396002529e+00 1.431704610569562108e+00 1.000000000000000056e-01
1.966000000000000014e+01 -2.170343845585139597e+00 1.430981968923958680e+00 1.000000000000000056e-01
1.967000000000000171e+01 -2.168352634450501970e+00 1.430250157047181059e+00 1.000000000000000056e-01
1.967999999999999972e+01 -2.166314099969378848e+00 1.429509290249560305e+00 1.000000000000000056e-01
1.969000000000000128e+01 -2.164228551649698407e+00 1.428759487873001000e+00 1.000000000000000056e-01
1.969999999999999929e+01 -2.162096303464997149e+00 1.428000873262568637e+00 1.000000000000000056e-01
1.971000000000000085e+01 -2.159917673789927051e+00 1.427233573737364702e+00 1.000000000000000056e-01
1.971999999999999886e+01 -2.157692985337207325e+00 1.426457720559946907e+00 1.000000000000000056e-01
1.973000000000000043e+01 -2.155422565096259291e+00 1.425673448902885498e+00 1.000000000000000056e-01
1.974000000000000199e+01 -2.153106744272224482e+00 1.424880897814933656e+00 1.000000000000000056e-01
1.975000000000000000e+01 -2.150745858227861351e+00 1.424080210184408335e+00 1.000000000000000056e-01
1.976000000000000156e+01 -2.148340246425749722e+00 1.423271532701681608e+00 1.000000000000000056e-01
1.976999999999999957e+01 -2.145890252372360862e+00 1.422455015819315216e+00 1.000000000000000056e-01
1.978000000000000114e+01 -2.143396223563699632e+00 1.421630813711121988e+00 1.000000000000000056e-01
1.978999999999999915e+01 -2.140858511432282896e+00 1.420799084229594333e+00 1.000000000000000056e-01
1.980000000000000071e+01 -2.138277471296440524e+00 1.419959988860364231e+00 1.000000000000000056e-01
1.980999999999999872e+01 -2.135653462309413442e+00 1.419113692678115157e+00 1.000000000000000056e-01
1.982000000000000028e+01 -2.132986847412432052e+00 1.418260364296514142e+00 1.000000000000000056e-01
1.983000000000000185e+01 -2.130277993287044591e+00 1.417400175821147856e+00 1.000000000000000056e-01
1.983999999999999986e+01 -2.127527270310809904e+00 1.416533302797184257e+00 1.000000000000000056e-01
1.985000000000000142e+01 -2.124735052513618605e+00 1.415659924157802285e+00 1.000000000000000056e-01
1.985999999999999943e+01 -2.121901717535267462e+00 1.414780222170288315e+00 1.000000000000000056e-01
1.987000000000000099e+01 -2.119027646585967428e+00 1.413894382379748071e+00 1.000000000000000056e-01
1.987999999999999901e+01 -2.116113224406798388e+00 1.413002593553296160e+00 1.000000000000000056e-01
1.989000000000000057e+01 -2.113158839232385677e+00 1.412105047621225351e+00 1.000000000000000056e-01
1.990000000000000213e+01 -2.110164882755243276e+00 1.411201939616075096e+00 1.000000000000000056e-01
1.991000000000000014e+01 -2.107131750090734279e+00 1.410293467613187302e+00 1.000000000000000056e-01
1.992000000000000171e+01 -2.104059839744246485e+00 1.409379832665941024e+00 1.000000000000000056e-01
1.992999999999999972e+01 -2.100949553578900009e+00 1.408461238742276356e+00 1.000000000000000056e-01
1.994000000000000128e+01 -2.097801296785139158e+00 1.407537892659403767e+00 1.000000000000000056e-01
1.994999999999999929e+01 -2.094615477850974905e+00 1.406610004015690363e+00 1.000000000000000056e-01
1.996000000000000085e+01 -2.091392508533897132e+00 1.405677785122434020e+00 1.000000000000000056e-01
1.996999999999999886e+01 -2.088132803833071538e+00 1.404741450934743119e+00 1.000000000000000056e-01
1.998000000000000043e+01 -2.084836781964067853e+00 1.403801218978505849e+00 1.000000000000000056e-01
1.999000000000000199e+01 -2.081504864332457405e+00 1.402857309279823772e+00 1.000000000000000056e-01
2.000000000000000000e+01 -2.078137475510677401e+00 1.401909944289001286e+00 1.000000000000000056e-01
2.001000000000000156e+01 -2.074735043214092745e+00 1.400959348806765759e+00 1.000000000000000056e-01
2.001999999999999957e+01 -2.071297998278951891e+00 1.400005749906902297e+00 1.000000000000000056e-01
2.003000000000000114e+01 -2.067826774640868948e+00 1.399049376858109373e+00 1.000000000000000056e-01
2.003999999999999915e+01 -2.064321809314759726e+00 1.398090461045668587e+00 1.000000000000000056e-01
2.005000000000000071e+01 -2.060783542374466037e+00 1.397129235889944532e+00 1.000000000000000056e-01
2.005999999999999872e+01 -2.057212416935034316e+00 1.396165936765275006e+00 1.000000000000000056e-01
2.007000000000000028e+01 -2.053608879134455112e+00 1.395200800916736039e+00 1.000000000000000056e-01
2.008000000000000185e+01 -2.049973378116724199e+00 1.394234067375708319e+00 1.000000000000000056e-01
2.008999999999999986e+01 -2.046306366016502842e+00 1.393265976874855872e+00 1.000000000000000056e-01
2.010000000000000142e+01 -2.042608297943209639e+00 1.392296771760497487e+00 1.000000000000000056e-01
2.010999999999999943e+01 -2.038879631967490003e+00 1.391326695905633404e+00 1.000000000000000056e-01
2.012000000000000099e+01 -2.035120829107614160e+00 1.390355994620190216e+00 1.000000000000000056e-01
2.012999999999999901e+01 -2.031332353316457340e+00 1.389384914560565010e+00 1.000000000000000056e-01
2.014000000000000057e+01 -2.027514671470146190e+00 1.388413703638908592e+00 1.000000000000000056e-01
2.015000000000000213e+01 -2.023668253356728730e+00 1.387442610929902065e+00 1.000000000000000056e-01
2.016000000000000014e+01 -2.019793571664888709e+00 1.386471886577645751e+00 1.000000000000000056e-01
2.017000000000000171e+01 -2.015891101974873756e+00 1.385501781700894997e+00 1.000000000000000056e-01
2.017999999999999972e+01 -2.011961322747755521e+00 1.384532548298883725e+00 1.000000000000000056e-01
2.019000000000000128e+01 -2.008004715316639377e+00 1.383564439153192716e+00 1.000000000000000056e-01
2.019999999999999929e+01 -2.004021763877340323e+00 1.382597707733638215e+00 1.000000000000000056e-01
2.021000000000000085e+01 -2.000012955478924326e+00 1.381632608099496728e+00 1.000000000000000056e-01
2.021999999999999886e+01 -1.995978780015448484e+00 1.380669394801727901e+00 1.000000000000000056e-01
2.023000000000000043e+01 -1.991919730215754969e+00 1.379708322786506125e+00 1.000000000000000056e-01
2.024000000000000199e+01 -1.987836301634933633e+00 1.378749647295082426e+00 1.000000000000000056e-01
2.025000000000000000e+01 -1.983728992643850608e+00 1.377793623767044728e+00 1.000000000000000056e-01
2.026000000000000156e+01 -1.979598304420223887e+00 1.376840507740484387e+00 1.000000000000000056e-01
2.026999999999999957e+01 -1.975444740936654009e+00 1.375890554754338746e+00 1.000000000000000056e-01
2.028000000000000114e+01 -1.971268808950733531e+00 1.374944020248523913e+00 1.000000000000000056e-01
2.028999999999999915e+01 -1.967071017993563098e+00 1.374001159466790245e+00 1.000000000000000056e-01
2.030000000000000071e+01 -1.962851880356735634e+00 1.373062227355997811e+00 1.000000000000000056e-01
2.030999999999999872e+01 -1.958611911080822221e+00 1.372127478468948780e+00 1.000000000000000056e-01
2.032000000000000028e+01 -1.954351627941383951e+00 1.371197166864404737e+00 1.000000000000000056e-01
2.033000000000000185e+01 -1.950071551435589523e+00 1.370271546008340113e+00 1.000000000000000056e-01
2.033999999999999986e+01 -1.945772204767781011e+00 1.369350868675144994e+00 1.000000000000000056e-01
2.035000000000000142e+01 -1.941454113834137685e+00 1.368435386848236845e+00 1.000000000000000056e-01
2.035999999999999943e+01 -1.937117807207791031e+00 1.367525351620717311e+00 1.000000000000000056e-01
2.037000000000000099e+01 -1.932763816121539024e+00 1.366621013096467330e+00 1.000000000000000056e-01
2.037999999999999901e+01 -1.928392674452552358e+00 1.365722620290425127e+00 1.000000000000000056e-01
2.039000000000000057e+01 -1.924004918702806766e+00 1.364830421029414209e+00 1.000000000000000056e-01
2.040000000000000213e+01 -1.919601087982808485e+00 1.363944661852409368e+00 1.000000000000000056e-01
2.041000000000000014e+01 -1.915181723991044027e+00 1.363065587912426269e+00 1.000000000000000056e-01
2.042000000000000171e+01 -1.910747370994850591e+00 1.362193442875368365e+00 1.000000000000000056e-01
2.042999999999999972e+01 -1.906298575809195039e+00 1.361328468823178373e+00 1.000000000000000056e-01
2.044000000000000128e+01 -1.901835887775461753e+00 1.360470906153046222e+00 1.000000000000000056e-01
2.044999999999999929e+01 -1.897359858737551974e+00 1.359620993480375128e+00 1.000000000000000056e-01
2.046000000000000085e+01 -1.892871043019102251e+00 1.358778967539954419e+00 1.000000000000000056e-01
2.046999999999999886e+01 -1.888369997397594036e+00 1.357945063087730553e+00 1.000000000000000056e-01
2.048000000000000043e+01 -1.883857281077842671e+00 1.357119512804615624e+00 1.000000000000000056e-01
2.049000000000000199e+01 -1.879333455664873087e+00 1.356302547198882991e+00 1.000000000000000056e-01
2.050000000000000000e+01 -1.874799085134223775e+00 1.355494394509993539e+00 1.000000000000000056e-01
2.051000000000000156e+01 -1.870254735801466728e+00 1.354695280613942954e+00 1.000000000000000056e-01
2.051999999999999957e+01 -1.865700976290308732e+00 1.353905428927718146e+00 1.000000000000000056e-01
2.053000000000000114e+01 -1.861138377499082175e+00 1.353125060315522266e+00 1.000000000000000056e-01
2.053999999999999915e+01 -1.856567512564963218e+00 1.352354392996489851e+00 1.000000000000000056e-01
2.055000000000000071e+01 -1.851988956828524380e+00 1.351593642451377031e+00 1.000000000000000056e-01
2.055999999999999872e+01 -1.847403287793852877e+00 1.350843021332693850e+00 1.000000000000000056e-01
2.057000000000000028e+01 -1.842811085089827605e+00 1.350102739373809424e+00 1.000000000000000056e-01
2.058000000000000185e+01 -1.838212930428165581e+00 1.349373003300221141e+00 1.000000000000000056e-01
2.058999999999999986e+01 -1.833609407559464444e+00 1.348654016742017347e+00 1.000000000000000056e-01
2.060000000000000142e+01 -1.829001102229744324e+00 1.347945980146570522e+00 1.000000000000000056e-01
2.060999999999999943e+01 -1.824388602132072323e+00 1.347249090694495610e+00 1.000000000000000056e-01
2.062000000000000099e+01 -1.819772496860033950e+00 1.346563542213630837e+00 1.000000000000000056e-01
2.062999999999999901e+01 -1.815153377856171701e+00 1.345889525098328043e+00 1.000000000000000056e-01
2.064000000000000057e+01 -1.810531838361502555e+00 1.345227226226448192e+00 1.000000000000000056e-01
2.065000000000000213e+01 -1.805908473361218958e+00 1.344576828880505115e+00 1.000000000000000056e-01
2.066000000000000014e+01 -1.801283879530244603e+00 1.343938512668835461e+00 1.000000000000000056e-01
2.067000000000000171e+01 -1.796658655175769059e+00 1.343312453447770061e+00 1.000000000000000056e-01
2.067999999999999972e+01 -1.792033400179417590e+00 1.342698823248344109e+00 1.000000000000000056e-01
2.069000000000000128e+01 -1.787408715935954850e+00 1.342097790199449747e+00 1.000000000000000056e-01
2.069999999999999929e+01 -1.782785205292279684e+00 1.341509518458579020e+00 1.000000000000000056e-01
2.071000000000000085e+01 -1.778163472482729324e+00 1.340934168138834481e+00 1.000000000000000056e-01
2.071999999999999886e+01 -1.773544123064237255e+00 1.340371895241712297e+00 1.000000000000000056e-01
2.073000000000000043e+01 -1.768927763848560097e+00 1.339822851588901909e+00 1.000000000000000056e-01
2.074000000000000199e+01 -1.764315002833289237e+00 1.339287184757865568e+00 1.000000000000000056e-01
2.075000000000000000e+01 -1.759706449131556383e+00 1.338765038016928255e+00 1.000000000000000056e-01
2.076000000000000156e+01 -1.755102712898461981e+00 1.338256550265283895e+00 1.000000000000000056e-01
2.076999999999999957e+01 -1.750504405257685026e+00 1.337761855971782765e+00 1.000000000000000056e-01
2.078000000000000114e+01 -1.745912138224578802e+00 1.337281085117910884e+00 1.000000000000000056e-01
2.078999999999999915e+01 -1.741326524628853178e+00 1.336814363141360928e+00 1.000000000000000056e-01
2.080000000000000071e+01 -1.736748178034269952e+00 1.336361810882447321e+00 1.000000000000000056e-01
2.080999999999999872e+01 -1.732177712657665181e+00 1.335923544531909091e+00 1.000000000000000056e-01
2.082000000000000028e+01 -1.727615743285083605e+00 1.335499675581284684e+00 1.000000000000000056e-01
2.083000000000000185e+01 -1.723062885187566673e+00 1.335090310774810662e+00 1.000000000000000056e-01
2.083999999999999986e+01 -1.718519754033312807e+00 1.334695552064120161e+00 1.000000000000000056e-01
2.085000000000000142e+01 -1.713986965800114781e+00 1.334315496564113523e+00 1.000000000000000056e-01
2.085999999999999943e+01 -1.709465136684721775e+00 1.333950236512180254e+00 1.000000000000000056e-01
2.087000000000000099e+01 -1.704954883010981748e+00 1.333599859228042028e+00 1.000000000000000056e-01
2.087999999999999901e+01 -1.700456821136544283e+00 1.333264447077906478e+00 1.000000000000000056e-01
2.089000000000000057e+01 -1.695971567358095955e+00 1.332944077438143360e+00 1.000000000000000056e-01
2.090000000000000213e+01 -1.691499737814294857e+00 1.332638822663993139e+00 1.000000000000000056e-01
2.091000000000000014e+01 -1.687041948388615431e+00 1.332348750058372167e+00 1.000000000000000056e-01
2.092000000000000171e+01 -1.682598814609604032e+00 1.332073921844393771e+00 1.000000000000000056e-01
2.092999999999999972e+01 -1.678170951550689072e+00 1.331814395138996243e+00 1.000000000000000056e-01
2.094000000000000128e+01 -1.673758973727853094e+00 1.331570221930644671e+00 1.000000000000000056e-01
2.094999999999999929e+01 -1.669363494997582853e+00 1.331341449056936854e+00 1.000000000000000056e-01
2.096000000000000085e+01 -1.664985128451753393e+00 1.331128118187558718e+00 1.000000000000000056e-01
2.096999999999999886e+01 -1.660624486313278192e+00 1.330930265806797408e+00 1.000000000000000056e-01
2.098000000000000043e+01 -1.656282179829669188e+00 1.330747923200741312e+00 1.000000000000000056e-01
2.099000000000000199e+01 -1.651958819165657788e+00 1.330581116445620049e+00 1.000000000000000056e-01
2.100000000000000000e+01 -1.647655013295704407e+00 1.330429866399095440e+00 1.000000000000000056e-01
2.101000000000000156e+01 -1.643371369894385703e+00 1.330294188693696533e+00 1.000000000000000056e-01
2.101999999999999957e+01 -1.639108495226946127e+00 1.330174093733624385e+00 1.000000000000000056e-01
2.103000000000000114e+01 -1.634866994038657539e+00 1.330069586692694372e+00 1.000000000000000056e-01
2.103999999999999915e+01 -1.630647469442904729e+00 1.329980667515893389e+00 1.000000000000000056e-01
2.105000000000000071e+01 -1.626450522809640864e+00 1.329907330922683206e+00 1.000000000000000056e-01
2.105999999999999872e+01 -1.622276753651651360e+00 1.329849566413586981e+00 1.000000000000000056e-01
2.107000000000000028e+01 -1.618126759511151702e+00 1.329807358278065177e+00 1.000000000000000056e-01
2.108000000000000185e+01 -1.614001135845712032e+00 1.329780685606109403e+00 1.000000000000000056e-01
2.108999999999999986e+01 -1.609900475912414475e+00 1.329769522301656792e+00 1.000000000000000056e-01
2.110000000000000142e+01 -1.605825370653303219e+00 1.329773837097893985e+00 1.000000000000000056e-01
2.110999999999999943e+01 -1.601776408577811894e+00 1.329793593576710675e+00 1.000000000000000056e-01
2.112000000000000099e+01 -1.597754175647706720e+00 1.329828750188581044e+00 1.000000000000000056e-01
2.112999999999999901e+01 -1.593759255158499366e+00 1.329879260276288111e+00 1.000000000000000056e-01
2.114000000000000057e+01 -1.589792227622905285e+00 1.329945072100487957e+00 1.000000000000000056e-01
2.115000000000000213e+01 -1.585853670652723757e+00 1.330026128867794810e+00 1.000000000000000056e-01
2.116000000000000014e+01 -1.581944158840623338e+00 1.330122368761087914e+00 1.000000000000000056e-01
2.117000000000000171e+01 -1.578064263642333653e+00 1.330233724972589515e+00 1.000000000000000056e-01
2.117999999999999972e+01 -1.574214553257887506e+00 1.330360125739211252e+00 1.000000000000000056e-01
2.119000000000000128e+01 -1.570395592513531557e+00 1.330501494379586758e+00 1.000000000000000056e-01
2.119999999999999929e+01 -1.566607942743504234e+00 1.330657749334706930e+00 1.000000000000000056e-01
2.121000000000000085e+01 -1.562852161671343332e+00 1.330828804209688299e+00 1.000000000000000056e-01
2.121999999999999886e+01 -1.559128803292360033e+00 1.331014567818468830e+00 1.000000000000000056e-01
2.123000000000000043e+01 -1.555438417755763192e+00 1.331214944230825648e+00 1.000000000000000056e-01
2.124000000000000199e+01 -1.551781551246682600e+00 1.331429832821260817e+00 1.000000000000000056e-01
2.125000000000000000e+01 -1.548158745869917752e+00 1.331659128320630936e+00 1.000000000000000056e-01
2.126000000000000156e+01 -1.544570539532251319e+00 1.331902720869122758e+00 1.000000000000000056e-01
2.126999999999999957e+01 -1.541017465827142718e+00 1.332160496073251377e+00 1.000000000000000056e-01
2.128000000000000114e+01 -1.537500053918477549e+00 1.332432335061954687e+00 1.000000000000000056e-01
2.128999999999999915e+01 -1.534018828425817382e+00 1.332718114548461452e+00 1.000000000000000056e-01
2.130000000000000071e+01 -1.530574309310061221e+00 1.333017706891415965e+00 1.000000000000000056e-01
2.130999999999999872e+01 -1.527167011759533732e+00 1.333330980158766721e+00 1.000000000000000056e-01
2.132000000000000028e+01 -1.523797446077634898e+00 1.333657798195452049e+00 1.000000000000000056e-01
2.133000000000000185e+01 -1.520466117570437703e+00 1.333998020689876496e+00 1.000000000000000056e-01
2.133999999999999986e+01 -1.517173526435935393e+00 1.334351503245174708e+00 1.000000000000000056e-01
2.135000000000000142e+01 -1.513920167653977744e+00 1.334718097451153440e+00 1.000000000000000056e-01
2.135999999999999943e+01 -1.510706530877367282e+00 1.335097650957902005e+00 1.000000000000000056e-01
2.137000000000000099e+01 -1.507533100323709574e+00 1.335490007552009750e+00 1.000000000000000056e-01
2.137999999999999901e+01 -1.504400354669654050e+00 1.335895007233867560e+00 1.000000000000000056e-01
2.139000000000000057e+01 -1.501308766944777551e+00 1.336312486297291491e+00 1.000000000000000056e-01
2.140000000000000213e+01 -1.498258804427988311e+00 1.336742277410325919e+00 1.000000000000000056e-01
2.141000000000000014e+01 -1.495250928545576174e+00 1.337184209698073722e+00 1.000000000000000056e-01
2.142000000000000171e+01 -1.492285594769241053e+00 1.337638108827414074e+00 1.000000000000000056e-01
2.142999999999999972e+01 -1.489363252517616143e+00 1.338103797092149660e+00 1.000000000000000056e-01
2.144000000000000128e+01 -1.486484345058232792e+00 1.338581093501320707e+00 1.000000000000000056e-01
2.144999999999999929e+01 -1.483649309411169570e+00 1.339069813867546088e+00 1.000000000000000056e-01
2.146000000000000085e+01 -1.480858576255329462e+00 1.339569770897467205e+00 1.000000000000000056e-01
2.146999999999999886e+01 -1.478112569835380530e+00 1.340080774283856746e+00 1.000000000000000056e-01
2.148000000000000043e+01 -1.475411707871475464e+00 1.340602630798100048e+00 1.000000000000000056e-01
2.149000000000000199e+01 -1.472756401470238341e+00 1.341135144384775213e+00 1.000000000000000056e-01
2.150000000000000000e+01 -1.470147055037725137e+00 1.341678116257644549e+00 1.000000000000000056e-01
2.151000000000000156e+01 -1.467584066194890902e+00 1.342231344994975872e+00 1.000000000000000056e-01
2.151999999999999957e+01 -1.465067825693969317e+00 1.342794626639093547e+00 1.000000000000000056e-01
2.153000000000000114e+01 -1.462598717337834753e+00 1.343367754793918234e+00 1.000000000000000056e-01
2.153999999999999915e+01 -1.460177117900797406e+00 1.343950520724745301e+00 1.000000000000000056e-01
2.155000000000000071e+01 -1.457803397051262273e+00 1.344542713460505023e+00 1.000000000000000056e-01
2.155999999999999872e+01 -1.455477917277187450e+00 1.345144119892549339e+00 1.000000000000000056e-01
2.157000000000000028e+01 -1.453201033812371312e+00 1.345754524880794500e+00 1.000000000000000056e-01
2.158000000000000185e+01 -1.450973094566357702e+00 1.346373711352635283e+00 1.000000000000000056e-01
2.158999999999999986e+01 -1.448794440054428145e+00 1.347001460410904405e+00 1.000000000000000056e-01
2.160000000000000142e+01 -1.446665403331858002e+00 1.347637551434919478e+00 1.000000000000000056e-01
2.160999999999999943e+01 -1.444586309928366230e+00 1.348281762187886645e+00 1.000000000000000056e-01
2.162000000000000099e+01 -1.442557477786110098e+00 1.348933868921498913e+00 1.000000000000000056e-01
2.162999999999999901e+01 -1.440579217198747708e+00 1.349593646481221265e+00 1.000000000000000056e-01
2.164000000000000057e+01 -1.438651830753430616e+00 1.350260868414763893e+00 1.000000000000000056e-01
2.165000000000000213e+01 -1.436775613274879904e+00 1.350935307076417402e+00 1.000000000000000056e-01
2.166000000000000014e+01 -1.434950851770899982e+00 1.351616733735648168e+00 1.000000000000000056e-01
2.167000000000000171e+01 -1.433177825381200199e+00 1.352304918683967738e+00 1.000000000000000056e-01
2.167999999999999972e+01 -1.431456805327822490e+00 1.352999631341673892e+00 1.000000000000000056e-01
2.169000000000000128e+01 -1.429788054867991542e+00 1.353700640366197305e+00 1.000000000000000056e-01
2.169999999999999929e+01 -1.428171829248876978e+00 1.354407713759163912e+00 1.000000000000000056e-01
2.171000000000000085e+01 -1.426608375665492812e+00 1.355120618973610469e+00 1.000000000000000056e-01
2.171999999999999886e+01 -1.425097933219766411e+00 1.355839123022045678e+00 1.000000000000000056e-01
2.173000000000000043e+01 -1.423640732883187932e+00 1.356562992583198790e+00 1.000000000000000056e-01
2.174000000000000199e+01 -1.422236997460063046e+00 1.357291994109100841e+00 1.000000000000000056e-01
2.175000000000000000e+01 -1.420886941555047800e+00 1.358025893932446992e+00 1.000000000000000056e-01
2.176000000000000156e+01 -1.419590771541579199e+00 1.358764458372308859e+00 1.000000000000000056e-01
2.176999999999999957e+01 -1.418348685532808462e+00 1.359507453841024560e+00 1.000000000000000056e-01
2.178000000000000114e+01 -1.417160873355585160e+00 1.360254646949457635e+00 1.000000000000000056e-01
2.178999999999999915e+01 -1.416027516526049856e+00 1.361005804612898107e+00 1.000000000000000056e-01
2.180000000000000071e+01 -1.414948788227449405e+00 1.361760694154807050e+00 1.000000000000000056e-01
2.180999999999999872e+01 -1.413924853291191885e+00 1.362519083412097709e+00 1.000000000000000056e-01
2.182000000000000028e+01 -1.412955868179072816e+00 1.363280740838270999e+00 1.000000000000000056e-01
2.183000000000000185e+01 -1.412041980968267607e+00 1.364045435606186851e+00 1.000000000000000056e-01
2.183999999999999986e+01 -1.411183331339235902e+00 1.364812937710187191e+00 1.000000000000000056e-01
2.185000000000000142e+01 -1.410380050564237653e+00 1.365583018068308840e+00 1.000000000000000056e-01
2.185999999999999943e+01 -1.409632261500214145e+00 1.366355448621375590e+00 1.000000000000000056e-01
2.187000000000000099e+01 -1.408940078582073152e+00 1.367130002434403968e+00 1.000000000000000056e-01
2.187999999999999901e+01 -1.408303607819046732e+00 1.367906453793799271e+00 1.000000000000000056e-01
2.189000000000000057e+01 -1.407722946793193763e+00 1.368684578306361921e+00 1.000000000000000056e-01
2.190000000000000213e+01 -1.407198184659718798e+00 1.369464152995034878e+00 1.000000000000000056e-01
2.191000000000000014e+01 -1.406729402149381025e+00 1.370244956395565872e+00 1.000000000000000056e-01
2.192000000000000171e+01 -1.406316671573262456e+00 1.371026768649725502e+00 1.000000000000000056e-01
2.192999999999999972e+01 -1.405960056829117066e+00 1.371809371600156480e+00 1.000000000000000056e-01
2.194000000000000128e+01 -1.405659613409870223e+00 1.372592548881203189e+00 1.000000000000000056e-01
2.194999999999999929e+01 -1.405415388413670641e+00 1.373376086010485331e+00 1.000000000000000056e-01
2.196000000000000085e+01 -1.405227420556616869e+00 1.374159770478212472e+00 1.000000000000000056e-01
2.196999999999999886e+01 -1.405095740185307918e+00 1.374943391834954509e+00 1.000000000000000056e-01
2.198000000000000043e+01 -1.405020369294109894e+00 1.375726741779233375e+00 1.000000000000000056e-01
2.199000000000000199e+01 -1.405001321540592985e+00 1.376509614241455459e+00 1.000000000000000056e-01
2.200000000000000000e+01 -1.405038602265400671e+00 1.377291805469346153e+00 1.000000000000000056e-01
2.201000000000000156e+01 -1.405132208511770786e+00 1.378073114108672392e+00 1.000000000000000056e-01
2.201999999999999957e+01 -1.405282129047727757e+00 1.378853341284436151e+00 1.000000000000000056e-01
2.203000000000000114e+01 -1.405488344388668764e+00 1.379632290680314233e+00 1.000000000000000056e-01
2.203999999999999915e+01 -1.405750826822282695e+00 1.380409768615474153e+00 1.000000000000000056e-01
2.205000000000000071e+01 -1.406069540433819265e+00 1.381185584120198762e+00 1.000000000000000056e-01
2.205999999999999872e+01 -1.406444441133557044e+00 1.381959549010376875e+00 1.000000000000000056e-01
2.207000000000000028e+01 -1.406875476684503745e+00 1.382731477958989430e+00 1.000000000000000056e-01
2.208000000000000185e+01 -1.407362586732479715e+00 1.383501188566977236e+00 1.000000000000000056e-01
2.208999999999999986e+01 -1.407905702835903883e+00 1.384268501431689113e+00 1.000000000000000056e-01
2.210000000000000142e+01 -1.408504748498162540e+00 1.385033240213189965e+00 1.000000000000000056e-01
2.210999999999999943e+01 -1.409159639199643044e+00 1.385795231699643137e+00 1.000000000000000056e-01
2.212000000000000099e+01 -1.409870282432020838e+00 1.386554305869799553e+00 1.000000000000000056e-01
2.212999999999999901e+01 -1.410636577732783836e+00 1.387310295953692041e+00 1.000000000000000056e-01
2.214000000000000057e+01 -1.411458416720766440e+00 1.388063038492539869e+00 1.000000000000000056e-01
2.215000000000000213e+01 -1.412335683133069342e+00 1.388812373393868205e+00 1.000000000000000056e-01
2.216000000000000014e+01 -1.413268252862513563e+00 1.389558143988837147e+00 1.000000000000000056e-01
2.217000000000000171e+01 -1.414255993995585658e+00 1.390300197082704026e+00 1.000000000000000056e-01
2.217999999999999972e+01 -1.415298766852437717e+00 1.391038383006961032e+00 1.000000000000000056e-01
2.219000000000000128e+01 -1.416396424026178602e+00 1.391772555668113975e+00 1.000000000000000056e-01
2.219999999999999929e+01 -1.417548810423489236e+00 1.392502572592768439e+00 1.000000000000000056e-01
2.221000000000000085e+01 -1.418755763307123718e+00 1.393228294973994252e+00 1.000000000000000056e-01
2.221999999999999886e+01 -1.420017112336392495e+00 1.393949587711542870e+00 1.000000000000000056e-01
2.223000000000000043e+01 -1.421332679611130967e+00 1.394666319453590209e+00 1.000000000000000056e-01
2.224000000000000199e+01 -1.422702279714536555e+00 1.395378362633267866e+00 1.000000000000000056e-01
2.225000000000000000e+01 -1.424125719756735409e+00 1.396085593504743816e+00 1.000000000000000056e-01
2.226000000000000156e+01 -1.425602799419539712e+00 1.396787892177001833e+00 1.000000000000000056e-01
2.226999999999999957e+01 -1.427133311000915228e+00 1.397485142643720701e+00 1.000000000000000056e-01
2.228000000000000114e+01 -1.428717039460510874e+00 1.398177232813518467e+00 1.000000000000000056e-01
2.228999999999999915e+01 -1.430353762464593226e+00 1.398864054535550183e+00 1.000000000000000056e-01
2.230000000000000071e+01 -1.432043250432976089e+00 1.399545503624045839e+00 1.000000000000000056e-01
2.230999999999999872e+01 -1.433785266584593376e+00 1.400221479879997233e+00 1.000000000000000056e-01
2.232000000000000028e+01 -1.435579566983993027e+00 1.400891887111737732e+00 1.000000000000000056e-01
2.233000000000000185e+01 -1.437425900588904515e+00 1.401556633150687903e+00 1.000000000000000056e-01
2.233999999999999986e+01 -1.439324009296723661e+00 1.402215629868016400e+00 1.000000000000000056e-01
2.235000000000000142e+01 -1.441273627991997763e+00 1.402868793185816143e+00 1.000000000000000056e-01
2.235999999999999943e+01 -1.443274484594353924e+00 1.403516043088700815e+00 1.000000000000000056e-01
2.237000000000000099e+01 -1.445326300105505446e+00 1.404157303630713560e+00 1.000000000000000056e-01
2.237999999999999901e+01 -1.447428788658195797e+00 1.404792502941671684e+00 1.000000000000000056e-01
2.239000000000000057e+01 -1.449581657563157711e+00 1.405421573230234866e+00 1.000000000000000056e-01
2.240000000000000213e+01 -1.451784607358426182e+00 1.406044450783876520e+00 1.000000000000000056e-01
2.241000000000000014e+01 -1.454037331856866899e+00 1.406661075969610986e+00 1.000000000000000056e-01
2.242000000000000171e+01 -1.456339518195038263e+00 1.407271393227303324e+00 1.000000000000000056e-01
2.242999999999999972e+01 -1.458690846881810499e+00 1.407875351065860814e+00 1.000000000000000056e-01
2.244000000000000128e+01 -1.461090991846243359e+00 1.408472902053016451e+00 1.000000000000000056e-01
2.244999999999999929e+01 -1.463539620487380732e+00 1.409064002805176186e+00 1.000000000000000056e-01
2.246000000000000085e+01 -1.466036393721882103e+00 1.409648613973602860e+00 1.000000000000000056e-01
2.246999999999999886e+01 -1.468580966032836388e+00 1.410226700229189500e+00 1.000000000000000056e-01
2.248000000000000043e+01 -1.471172985519023202e+00 1.410798230243400342e+00 1.000000000000000056e-01
2.249000000000000199e+01 -1.473812093942266088e+00 1.411363176668924080e+00 1.000000000000000056e-01
2.250000000000000000e+01 -1.476497926777092573e+00 1.411921516115703934e+00 1.000000000000000056e-01
2.251000000000000156e+01 -1.479230113258056534e+00 1.412473229126414820e+00 1.000000000000000056e-01
2.251999999999999957e+01 -1.482008276429010341e+00 1.413018300148708661e+00 1.000000000000000056e-01
2.253000000000000114e+01 -1.484832033189606326e+00 1.413556717505001004e+00 1.000000000000000056e-01
2.253999999999999915e+01 -1.487700994345564354e+00 1.414088473360718634e+00 1.000000000000000056e-01
2.255000000000000071e+01 -1.490614764653777513e+00 1.414613563689071540e+00 1.000000000000000056e-01
2.255999999999999872e+01 -1.493572942872248399e+00 1.415131988234966887e+00 1.000000000000000056e-01
2.257000000000000028e+01 -1.496575121806157593e+00 1.415643750474982365e+00 1.000000000000000056e-01
2.258000000000000185e+01 -1.499620888355559734e+00 1.416148857576697395e+00 1.000000000000000056e-01
2.258999999999999986e+01 -1.502709823562834224e+00 1.416647320354614825e+00 1.000000000000000056e-01
2.260000000000000142e+01 -1.505841502658860298e+00 1.417139153224290293e+00 1.000000000000000056e-01
2.260999999999999943e+01 -1.509015495111010408e+00 1.417624374154508260e+00 1.000000000000000056e-01
2.262000000000000099e+01 -1.512231364669011535e+00 1.418103004616646290e+00 1.000000000000000056e-01
2.262999999999999901e+01 -1.515488669412010880e+00 1.418575069533019040e+00 1.000000000000000056e-01
2.264000000000000057e+01 -1.518786961795600465e+00 1.419040597221546740e+00 1.000000000000000056e-01
2.265000000000000213e+01 -1.522125788697737292e+00 1.419499619339977370e+00 1.000000000000000056e-01
2.266000000000000014e+01 -1.525504691466467166e+00 1.419952170827026405e+00 1.000000000000000056e-01
2.267000000000000171e+01 -1.528923205965919463e+00 1.420398289842610851e+00 1.000000000000000056e-01
2.267999999999999972e+01 -1.532380862624218354e+00 1.420838017704740830e+00 1.000000000000000056e-01
2.269000000000000128e+01 -1.535877186479673195e+00 1.421271398826086330e+00 1.000000000000000056e-01
2.269999999999999929e+01 -1.539411697229700948e+00 1.421698480648409424e+00 1.000000000000000056e-01
2.271000000000000085e+01 -1.542983909277016563e+00 1.422119313575070043e+00 1.000000000000000056e-01
2.271999999999999886e+01 -1.546593331778892910e+00 1.422533950902014732e+00 1.000000000000000056e-01
2.273000000000000043e+01 -1.550239468695227218e+00 1.422942448748145461e+00 1.000000000000000056e-01
2.274000000000000199e+01 -1.553921818836912161e+00 1.423344865983963370e+00 1.000000000000000056e-01
2.275000000000000000e+01 -1.557639875915286964e+00 1.423741264157766251e+00 1.000000000000000056e-01
2.276000000000000156e+01 -1.561393128591040069e+00 1.424131707423740290e+00 1.000000000000000056e-01
2.276999999999999957e+01 -1.565181060523829881e+00 1.424516262465040262e+00 1.000000000000000056e-01
2.278000000000000114e+01 -1.569003150421611759e+00 1.424894998419496739e+00 1.000000000000000056e-01
2.278999999999999915e+01 -1.572858872090457494e+00 1.425267986801060260e+00 1.000000000000000056e-01
2.280000000000000071e+01 -1.576747694484094575e+00 1.425635301422261580e+00 1.000000000000000056e-01
2.280999999999999872e+01 -1.580669081753800498e+00 1.425997018314139719e+00 1.000000000000000056e-01
2.282000000000000028e+01 -1.584622493297923596e+00 1.426353215645469907e+00 1.000000000000000056e-01
2.283000000000000185e+01 -1.588607383812447926e+00 1.426703973639264600e+00 1.000000000000000056e-01
2.283999999999999986e+01 -1.592623203340862714e+00 1.427049374489904210e+00 1.000000000000000056e-01
2.285000000000000142e+01 -1.596669397325365614e+00 1.427389502275596023e+00 1.000000000000000056e-01
2.285999999999999943e+01 -1.600745406658486303e+00 1.427724442872216448e+00 1.000000000000000056e-01
2.287000000000000099e+01 -1.604850667735537417e+00 1.428054283862809637e+00 1.000000000000000056e-01
2.287999999999999901e+01 -1.608984612507951661e+00 1.428379114447705378e+00 1.000000000000000056e-01
2.289000000000000057e+01 -1.613146668539290340e+00 1.428699025352072827e+00 1.000000000000000056e-01
2.290000000000000213e+01 -1.617336259060053960e+00 1.429014108731835764e+00 1.000000000000000056e-01
2.291000000000000014e+01 -1.621552803026290457e+00 1.429324458080783566e+00 1.000000000000000056e-01
2.292000000000000171e+01 -1.625795715178305567e+00 1.429630168133558810e+00 1.000000000000000056e-01
2.292999999999999972e+01 -1.630064406101133345e+00 1.429931334770792040e+00 1.000000000000000056e-01
2.294000000000000128e+01 -1.634358282285564679e+00 1.430228054922705994e+00 1.000000000000000056e-01
2.294999999999999929e+01 -1.638676746191169764e+00 1.430520426471803441e+00 1.000000000000000056e-01
2.296000000000000085e+01 -1.643019196309867258e+00 1.430808548156324189e+00 1.000000000000000056e-01
2.296999999999999886e+01 -1.647385027229737675e+00 1.431092519473052826e+00 1.000000000000000056e-01
2.298000000000000043e+01 -1.651773629701253965e+00 1.431372440579999239e+00 1.000000000000000056e-01
2.299000000000000199e+01 -1.656184390702191811e+00 1.431648412199744369e+00 1.000000000000000056e-01
2.300000000000000000e+01 -1.660616693505128527e+00 1.431920535521712612e+00 1.000000000000000056e-01
2.301000000000000156e+01 -1.665069917744731010e+00 1.432188912105872181e+00 1.000000000000000056e-01
2.301999999999999957e+01 -1.669543439486275371e+00 1.432453643785697839e+00 1.000000000000000056e-01
2.303000000000000114e+01 -1.674036631294224531e+00 1.432714832571678309e+00 1.000000000000000056e-01
2.303999999999999915e+01 -1.678548862303817391e+00 1.432972580555196052e+00 1.000000000000000056e-01
2.305000000000000071e+01 -1.683079498290327658e+00 1.433226989812168339e+00 1.000000000000000056e-01
2.305999999999999872e+01 -1.687627901743865122e+00 1.433478162307650461e+00 1.000000000000000056e-01
2.307000000000000028e+01 -1.692193431940449022e+00 1.433726199800696044e+00 1.000000000000000056e-01
2.308000000000000185e+01 -1.696775445019073292e+00 1.433971203748605205e+00 1.000000000000000056e-01
2.308999999999999986e+01 -1.701373294056660823e+00 1.434213275213265248e+00 1.000000000000000056e-01
2.310000000000000142e+01 -1.705986329145772640e+00 1.434452514766653808e+00 1.000000000000000056e-01
2.310999999999999943e+01 -1.710613897474746015e+00 1.434689022397212410e+00 1.000000000000000056e-01
2.312000000000000099e+01 -1.715255343406774768e+00 1.434922897416855303e+00 1.000000000000000056e-01
2.312999999999999901e+01 -1.719910008563001469e+00 1.435154238368885782e+00 1.000000000000000056e-01
2.314000000000000057e+01 -1.724577231905778163e+00 1.435383142935836354e+00 1.000000000000000056e-01
2.315000000000000213e+01 -1.729256349823504957e+00 1.435609707848603422e+00 1.000000000000000056e-01
2.316000000000000014e+01 -1.733946696217088856e+00 1.435834028796044270e+00 1.000000000000000056e-01
2.317000000000000171e+01 -1.738647602588281105e+00 1.436056200336068844e+00 1.000000000000000056e-01
2.317999999999999972e+01 -1.743358398128395548e+00 1.436276315806379600e+00 1.000000000000000056e-01
2.319000000000000128e+01 -1.748078409809269207e+00 1.436494467237762640e+00 1.000000000000000056e-01
2.319999999999999929e+01 -1.752806962475626396e+00 1.436710745266782441e+00 1.000000000000000056e-01
2.321000000000000085e+01 -1.757543378938314804e+00 1.436925239051460634e+00 1.000000000000000056e-01
2.321999999999999886e+01 -1.762286980068696662e+00 1.437138036186146772e+00 1.000000000000000056e-01
2.323000000000000043e+01 -1.767037084896058374e+00 1.437349222619511480e+00 1.000000000000000056e-01
2.324000000000000199e+01 -1.771793010703565541e+00 1.437558882572625540e+00 1.000000000000000056e-01
2.325000000000000000e+01 -1.776554073128511213e+00 1.437767098459031390e+00 1.000000000000000056e-01
2.326000000000000156e+01 -1.781319586261869148e+00 1.437973950806180401e+00 1.000000000000000056e-01
2.326999999999999957e+01 -1.786088862750022432e+00 1.438179518178578364e+00 1.000000000000000056e-01
2.328000000000000114e+01 -1.790861213898112592e+00 1.438383877102267672e+00 1.000000000000000056e-01
2.328999999999999915e+01 -1.795635949774308404e+00 1.438587101991179340e+00 1.000000000000000056e-01
2.330000000000000071e+01 -1.800412379315753153e+00 1.438789265075744783e+00 1.000000000000000056e-01
2.330999999999999872e+01 -1.805189810435718467e+00 1.438990436331875955e+00 1.000000000000000056e-01
2.332000000000000028e+01 -1.809967550132667968e+00 1.439190683413705818e+00 1.000000000000000056e-01
2.333000000000000185e+01 -1.814744904600098518e+00 1.439390071586555742e+00 1.000000000000000056e-01
2.333999999999999986e+01 -1.819521179338056571e+00 1.439588663663372570e+00 1.000000000000000056e-01
2.335000000000000142e+01 -1.824295679266276338e+00 1.439786519941241405e+00 1.000000000000000056e-01
2.335999999999999943e+01 -1.829067708837761819e+00 1.439983698142386581e+00 1.000000000000000056e-01
2.337000000000000099e+01 -1.833836572154708966e+00 1.440180253354847117e+00 1.000000000000000056e-01
2.337999999999999901e+01 -1.838601573085121732e+00 1.440376237977022633e+00 1.000000000000000056e-01
2.339000000000000057e+01 -1.843362015379942154e+00 1.440571701663266202e+00 1.000000000000000056e-01
2.340000000000000213e+01 -1.848117202793082336e+00 1.440766691272357125e+00 1.000000000000000056e-01
2.341000000000000014e+01 -1.852866439200381965e+00 1.440961250817758055e+00 1.000000000000000056e-01
2.342000000000000171e+01 -1.857609028721088906e+00 1.441155421420322380e+00 1.000000000000000056e-01
2.342999999999999972e+01 -1.862344275840059016e+00 1.441349241263262915e+00 1.000000000000000056e-01
2.344000000000000128e+01 -1.867071485530146457e+00 1.441542745549064808e+00 1.000000000000000056e-01
2.344999999999999929e+01 -1.871789963377015642e+00 1.441735966459852358e+00 1.000000000000000056e-01
2.346000000000000085e+01 -1.876499015702627338e+00 1.441928933118429068e+00 1.000000000000000056e-01
2.346999999999999886e+01 -1.881197949692669846e+00 1.442121671553104445e+00 1.000000000000000056e-01
2.348000000000000043e+01 -1.885886073521069850e+00 1.442314204664965738e+00 1.000000000000000056e-01
2.349000000000000199e+01 -1.890562696479317850e+00 1.442506552196008984e+00 1.000000000000000056e-01
2.350000000000000000e+01 -1.895227129103328689e+00 1.442698730702199450e+00 1.000000000000000056e-01
2.351000000000000156e+01 -1.899878683303350968e+00 1.442890753527048764e+00 1.000000000000000056e-01
2.351999999999999957e+01 -1.904516672492786000e+00 1.443082630778256714e+00 1.000000000000000056e-01
2.353000000000000114e+01 -1.909140411720074315e+00 1.443274369308077398e+00 1.000000000000000056e-01
2.353999999999999915e+01 -1.913749217798440982e+00 1.443465972694410349e+00 1.000000000000000056e-01
2.355000000000000071e+01 -1.918342409439062202e+00 1.443657441225622007e+00 1.000000000000000056e-01
2.355999999999999872e+01 -1.922919307382874310e+00 1.443848771888172511e+00 1.000000000000000056e-01
2.357000000000000028e+01 -1.927479234533846286e+00 1.444039958355596731e+00 1.000000000000000056e-01
2.358000000000000185e+01 -1.932021516092932378e+00 1.444230990981865581e+00 1.000000000000000056e-01
2.358999999999999986e+01 -1.936545479691341720e+00 1.444421856795661263e+00 1.000000000000000056e-01
2.360000000000000142e+01 -1.941050455525964447e+00 1.444612539498268289e+00 1.000000000000000056e-01
2.360999999999999943e+01 -1.945535776493677593e+00 1.444803019463965166e+00 1.000000000000000056e-01
2.362000000000000099e+01 -1.950000778325759354e+00 1.444993273742853024e+00 1.000000000000000056e-01
2.362999999999999901e+01 -1.954444799724673887e+00 1.445183276065645117e+00 1.000000000000000056e-01
2.364000000000000057e+01 -1.958867182497569859e+00 1.445372996852834824e+00 1.000000000000000056e-01
2.365000000000000213e+01 -1.963267271692987537e+00 1.445562403224421422e+00 1.000000000000000056e-01
2.366000000000000014e+01 -1.967644415735504859e+00 1.445751459012838414e+00 1.000000000000000056e-01
2.367000000000000171e+01 -1.971997966561076288e+00 1.445940124779589997e+00 1.000000000000000056e-01
2.367999999999999972e+01 -1.976327279751894483e+00 1.446128357832437095e+00 1.000000000000000056e-01
2.369000000000000128e+01 -1.980631714671361454e+00 1.446316112246349483e+00 1.000000000000000056e-01
2.369999999999999929e+01 -1.984910634597943480e+00 1.446503338886881318e+00 1.000000000000000056e-01
2.371000000000000085e+01 -1.989163406859322691e+00 1.446689985435370529e+00 1.000000000000000056e-01
2.371999999999999886e+01 -1.993389402965319857e+00 1.446875996417046117e+00 1.000000000000000056e-01
2.373000000000000043e+01 -1.997587998740717241e+00 1.447061313231346569e+00 1.000000000000000056e-01
2.374000000000000199e+01 -2.001758574456782291e+00 1.447245874184775349e+00 1.000000000000000056e-01
2.375000000000000000e+01 -2.005900514962515313e+00 1.447429614525878483e+00 1.000000000000000056e-01
2.376000000000000156e+01 -2.010013209814052626e+00 1.447612466482576021e+00 1.000000000000000056e-01
2.376999999999999957e+01 -2.014096053404373254e+00 1.447794359302088774e+00 1.000000000000000056e-01
2.378000000000000114e+01 -2.018148445090150567e+00 1.447975219292751747e+00 1.000000000000000056e-01
2.378999999999999915e+01 -2.022169789319028244e+00 1.448154969867980313e+00 1.000000000000000056e-01
2.380000000000000071e+01 -2.026159495754503936e+00 1.448333531593024581e+00 1.000000000000000056e-01
2.380999999999999872e+01 -2.030116979399797295e+00 1.448510822233475492e+00 1.000000000000000056e-01
2.382000000000000028e+01 -2.034041660720249833e+00 1.448686756805632747e+00 1.000000000000000056e-01
2.383000000000000185e+01 -2.037932965764359672e+00 1.448861247629614768e+00 1.000000000000000056e-01
2.383999999999999986e+01 -2.041790326282550971e+00 1.449034204383908842e+00 1.000000000000000056e-01
2.385000000000000142e+01 -2.045613179845189311e+00 1.449205534162789633e+00 1.000000000000000056e-01
2.385999999999999943e+01 -2.049400969958182106e+00 1.449375141534644973e+00 1.000000000000000056e-01
2.387000000000000099e+01 -2.053153146176891486e+00 1.449542928602552516e+00 1.000000000000000056e-01
2.387999999999999901e+01 -2.056869164218138035e+00 1.449708795068270550e+00 1.000000000000000056e-01
2.389000000000000057e+01 -2.060548486070838514e+00 1.449872638295008231e+00 1.000000000000000056e-01
2.390000000000000213e+01 -2.064190580103208550e+00 1.450034353375193596e+00 1.000000000000000056e-01
2.391000000000000014e+01 -2.067794921169694877e+00 1.450193833197801041e+00 1.000000000000000056e-01
2.392000000000000171e+01 -2.071360990714281147e+00 1.450350968518722139e+00 1.000000000000000056e-01
2.392999999999999972e+01 -2.074888276872462800e+00 1.450505648031518602e+00 1.000000000000000056e-01
2.394000000000000128e+01 -2.078376274570597815e+00 1.450657758441025624e+00 1.000000000000000056e-01
2.394999999999999929e+01 -2.081824485623486876e+00 1.450807184537896255e+00 1.000000000000000056e-01
2.396000000000000085e+01 -2.085232418828934176e+00 1.450953809274196038e+00 1.000000000000000056e-01
2.396999999999999886e+01 -2.088599590061218425e+00 1.451097513841558273e+00 1.000000000000000056e-01
2.398000000000000043e+01 -2.091925522360673195e+00 1.451238177749292646e+00 1.000000000000000056e-01
2.399000000000000199e+01 -2.095209746023038555e+00 1.451375678905025168e+00 1.000000000000000056e-01
2.400000000000000000e+01 -2.098451798684762615e+00 1.451509893696020681e+00 1.000000000000000056e-01
2.401000000000000156e+01 -2.101651225407515255e+00 1.451640697071234110e+00 1.000000000000000056e-01
2.401999999999999957e+01 -2.104807578759016362e+00 1.451767962625766684e+00 1.000000000000000056e-01
2.403000000000000114e+01 -2.107920418893714842e+00 1.451891562684855641e+00 1.000000000000000056e-01
2.403999999999999915e+01 -2.110989313629340280e+00 1.452011368389791057e+00 1.000000000000000056e-01
2.405000000000000071e+01 -2.114013838522711630e+00 1.452127249784711527e+00 1.000000000000000056e-01
2.406000000000000227e+01 -2.116993576942108213e+00 1.452239075904141918e+00 1.000000000000000056e-01
2.407000000000000028e+01 -2.119928120139416894e+00 1.452346714860344612e+00 1.000000000000000056e-01
2.408000000000000185e+01 -2.122817067317221973e+00 1.452450033933896600e+00 1.000000000000000056e-01
2.408999999999999986e+01 -2.125660025696633593e+00 1.452548899661894710e+00 1.000000000000000056e-01
2.410000000000000142e+01 -2.128456610580398145e+00 1.452643177928571561e+00 1.000000000000000056e-01
2.410999999999999943e+01 -2.131206445414846051e+00 1.452732734056707109e+00 1.000000000000000056e-01
2.412000000000000099e+01 -2.133909161848959624e+00 1.452817432897658412e+00 1.000000000000000056e-01
2.412999999999999901e+01 -2.136564399790745306e+00 1.452897138923747278e+00 1.000000000000000056e-01
2.414000000000000057e+01 -2.139171807461141217e+00 1.452971716320048401e+00 1.000000000000000056e-01
2.415000000000000213e+01 -2.141731041444770334e+00 1.453041029075655244e+00 1.000000000000000056e-01
2.416000000000000014e+01 -2.144241766738445687e+00 1.453104941077461243e+00 1.000000000000000056e-01
2.417000000000000171e+01 -2.146703656796219661e+00 1.453163316200897448e+00 1.000000000000000056e-01
2.417999999999999972e+01 -2.149116393571441463e+00 1.453216018403894472e+00 1.000000000000000056e-01
2.419000000000000128e+01 -2.151479667556658981e+00 1.453262911818066216e+00 1.000000000000000056e-01
2.419999999999999929e+01 -2.153793177818930094e+00 1.453303860842289463e+00 1.000000000000000056e-01
2.421000000000000085e+01 -2.156056632034145437e+00 1.453338730234130072e+00 1.000000000000000056e-01
2.421999999999999886e+01 -2.158269746515854681e+00 1.453367385202702922e+00 1.000000000000000056e-01
2.423000000000000043e+01 -2.160432246243944032e+00 1.453389691500038383e+00 1.000000000000000056e-01
2.424000000000000199e+01 -2.162543864887116030e+00 1.453405515513672253e+00 1.000000000000000056e-01
2.425000000000000000e+01 -2.164604344825209914e+00 1.453414724357048327e+00 1.000000000000000056e-01
2.426000000000000156e+01 -2.166613437166430067e+00 1.453417185961575431e+00 1.000000000000000056e-01
2.426999999999999957e+01 -2.168570901762911340e+00 1.453412769166863461e+00 1.000000000000000056e-01
2.428000000000000114e+01 -2.170476507222608653e+00 1.453401343810665658e+00 1.000000000000000056e-01
2.428999999999999915e+01 -2.172330030918248944e+00 1.453382780819661768e+00 1.000000000000000056e-01
2.430000000000000071e+01 -2.174131258993589277e+00 1.453356952297799154e+00 1.000000000000000056e-01
2.431000000000000227e+01 -2.175879986366631158e+00 1.453323731614722503e+00 1.000000000000000056e-01
2.432000000000000028e+01 -2.177576016729540598e+00 1.453282993495015107e+00 1.000000000000000056e-01
2.433000000000000185e+01 -2.179219162545963595e+00 1.453234614103844136e+00 1.000000000000000056e-01
2.433999999999999986e+01 -2.180809245045590927e+00 1.453178471134919381e+00 1.000000000000000056e-01
2.435000000000000142e+01 -2.182346094214588472e+00 1.453114443895167085e+00 1.000000000000000056e-01
2.435999999999999943e+01 -2.183829548785358288e+00 1.453042413389973309e+00 1.000000000000000056e-01
2.437000000000000099e+01 -2.185259456220845387e+00 1.452962262407703875e+00 1.000000000000000056e-01
2.437999999999999901e+01 -2.186635672697980315e+00 1.452873875601654818e+00 1.000000000000000056e-01
2.439000000000000057e+01 -2.187958063088033533e+00 1.452777139572913656e+00 1.000000000000000056e-01
2.440000000000000213e+01 -2.189226500933000974e+00 1.452671942951398787e+00 1.000000000000000056e-01
2.441000000000000014e+01 -2.190440868421553500e+00 1.452558176475443608e+00 1.000000000000000056e-01
2.442000000000000171e+01 -2.191601056360768851e+00 1.452435733070642110e+00 1.000000000000000056e-01
2.442999999999999972e+01 -2.192706964146060589e+00 1.452304507928485977e+00 1.000000000000000056e-01
2.444000000000000128e+01 -2.193758499729243194e+00 1.452164398581579752e+00 1.000000000000000056e-01
2.444999999999999929e+01 -2.194755579583445915e+00 1.452015304980047272e+00 1.000000000000000056e-01
2.446000000000000085e+01 -2.195698128666643711e+00 1.451857129565580218e+00 1.000000000000000056e-01
2.446999999999999886e+01 -2.196586080382579631e+00 1.451689777343390109e+00 1.000000000000000056e-01
2.448000000000000043e+01 -2.197419376540143077e+00 1.451513155955044265e+00 1.000000000000000056e-01
2.449000000000000199e+01 -2.198197967310157708e+00 1.451327175747693099e+00 1.000000000000000056e-01
2.450000000000000000e+01 -2.198921811180415631e+00 1.451131749843221908e+00 1.000000000000000056e-01
2.451000000000000156e+01 -2.199590874909281180e+00 1.450926794206127468e+00 1.000000000000000056e-01
2.451999999999999957e+01 -2.200205133476226926e+00 1.450712227708291779e+00 1.000000000000000056e-01
2.453000000000000114e+01 -2.200764570031833234e+00 1.450487972195319664e+00 1.000000000000000056e-01
2.453999999999999915e+01 -2.201269175844389636e+00 1.450253952547728042e+00 1.000000000000000056e-01
2.455000000000000071e+01 -2.201718950246462470e+00 1.450010096743654442e+00 1.000000000000000056e-01
2.456000000000000227e+01 -2.202113900577165939e+00 1.449756335918550798e+00 1.000000000000000056e-01
2.457000000000000028e+01 -2.202454042125721934e+00 1.449492604423324504e+00 1.000000000000000056e-01
2.458000000000000185e+01 -2.202739398069871068e+00 1.449218839881396326e+00 1.000000000000000056e-01
2.458999999999999986e+01 -2.202969999415733238e+00 1.448934983243687968e+00 1.000000000000000056e-01
2.460000000000000142e+01 -2.203145884933353393e+00 1.448640978842534066e+00 1.000000000000000056e-01
2.460999999999999943e+01 -2.203267101092988511e+00 1.448336774442701591e+00 1.000000000000000056e-01
2.462000000000000099e+01 -2.203333701997887584e+00 1.448022321292828041e+00 1.000000000000000056e-01
2.462999999999999901e+01 -2.203345749317330071e+00 1.447697574172740698e+00 1.000000000000000056e-01
2.464000000000000057e+01 -2.203303312217264498e+00 1.447362491440738808e+00 1.000000000000000056e-01
2.465000000000000213e+01 -2.203206467290229398e+00 1.447017035078869140e+00 1.000000000000000056e-01
2.466000000000000014e+01 -2.203055298484096536e+00 1.446661170735338064e+00 1.000000000000000056e-01
2.467000000000000171e+01 -2.202849897029741655e+00 1.446294867767151882e+00 1.000000000000000056e-01
2.467999999999999972e+01 -2.202590361367841698e+00 1.445918099278841407e+00 1.000000000000000056e-01
2.469000000000000128e+01 -2.202276797074689707e+00 1.445530842160790419e+00 1.000000000000000056e-01
2.469999999999999929e+01 -2.201909316786900828e+00 1.445133077126014909e+00 1.000000000000000056e-01
2.471000000000000085e+01 -2.201488040126979406e+00 1.444724788742463240e+00 1.000000000000000056e-01
2.471999999999999886e+01 -2.201013093625309391e+00 1.444305965468500430e+00 1.000000000000000056e-01
2.473000000000000043e+01 -2.200484610644957595e+00 1.443876599680492978e+00 1.000000000000000056e-01
2.474000000000000199e+01 -2.199902731302965542e+00 1.443436687703939070e+00 1.000000000000000056e-01
2.475000000000000000e+01 -2.199267602393481624e+00 1.442986229839119616e+00 1.000000000000000056e-01
2.476000000000000156e+01 -2.198579377308969907e+00 1.442525230386965784e+00 1.000000000000000056e-01
2.476999999999999957e+01 -2.197838215961884778e+00 1.442053697671527024e+00 1.000000000000000056e-01
2.478000000000000114e+01 -2.197044284705633288e+00 1.441571644062906277e+00 1.000000000000000056e-01
2.478999999999999915e+01 -2.196197756256350164e+00 1.441079085994606324e+00 1.000000000000000056e-01
2.480000000000000071e+01 -2.195298809612534097e+00 1.440576043984083343e+00 1.000000000000000056e-01
2.481000000000000227e+01 -2.194347629977602132e+00 1.440062542645885291e+00 1.000000000000000056e-01
2.482000000000000028e+01 -2.193344408679654745e+00 1.439538610708255506e+00 1.000000000000000056e-01
2.483000000000000185e+01 -2.192289343092975518e+00 1.439004281023269050e+00 1.000000000000000056e-01
2.483999999999999986e+01 -2.191182636559944275e+00 1.438459590578925029e+00 1.000000000000000056e-01
2.485000000000000142e+01 -2.190024498311994527e+00 1.437904580506669472e+00 1.000000000000000056e-01
2.485999999999999943e+01 -2.188815143391845908e+00 1.437339296089025442e+00 1.000000000000000056e-01
2.487000000000000099e+01 -2.187554792576559493e+00 1.436763786763601169e+00 1.000000000000000056e-01
2.487999999999999901e+01 -2.186243672299280405e+00 1.436178106127309118e+00 1.000000000000000056e-01
2.489000000000000057e+01 -2.184882014573627629e+00 1.435582311936653310e+00 1.000000000000000056e-01
2.490000000000000213e+01 -2.183470056917326207e+00 1.434976466107997117e+00 1.000000000000000056e-01
2.491000000000000014e+01 -2.182008042276355031e+00 1.434360634714934468e+00 1.000000000000000056e-01
2.492000000000000171e+01 -2.180496218950576548e+00 1.433734887983867390e+00 1.000000000000000056e-01
2.492999999999999972e+01 -2.178934840519218596e+00 1.433099300288676714e+00 1.000000000000000056e-01
2.494000000000000128e+01 -2.177324165767147157e+00 1.432453950142039245e+00 1.000000000000000056e-01
2.494999999999999929e+01 -2.175664458611933583e+00 1.431798920186891699e+00 1.000000000000000056e-01
2.496000000000000085e+01 -2.173955988031736730e+00 1.431134297183869641e+00 1.000000000000000056e-01
2.496999999999999886e+01 -2.172199027993833020e+00 1.430460171998744201e+00 1.000000000000000056e-01
2.498000000000000043e+01 -2.170393857383545733e+00 1.429776639587646336e+00 1.000000000000000056e-01
2.499000000000000199e+01 -2.168540759934581619e+00 1.429083798978876274e+00 1.000000000000000056e-01
2.500000000000000000e+01 -2.166640024160215283e+00 1.428381753256065423e+00 1.000000000000000056e-01
2.501000000000000156e+01 -2.164691943284653863e+00 1.427670609536316970e+00 1.000000000000000056e-01
2.501999999999999957e+01 -2.162696815176441412e+00 1.426950478948446843e+00 1.000000000000000056e-01
2.503000000000000114e+01 -2.160654942282034696e+00 1.426221476609778049e+00 1.000000000000000056e-01
2.503999999999999915e+01 -2.158566631561214422e+00 1.425483721598633124e+00 1.000000000000000056e-01
2.505000000000000071e+01 -2.156432194422986726e+00 1.424737336928770803e+00 1.000000000000000056e-01
2.506000000000000227e+01 -2.154251946662883999e+00 1.423982449519219040e+00 1.000000000000000056e-01
2.507000000000000028e+01 -2.152026208402098462e+00 1.423219190163208525e+00 1.000000000000000056e-01
2.508000000000000185e+01 -2.149755304027364478e+00 1.422447693496000642e+00 1.000000000000000056e-01
2.508999999999999986e+01 -2.147439562131645552e+00 1.421668097960571142e+00 1.000000000000000056e-01
2.510000000000000142e+01 -2.145079315457778524e+00 1.420880545771050718e+00 1.000000000000000056e-01
2.510999999999999943e+01 -2.142674900842082231e+00 1.420085182875662877e+00 1.000000000000000056e-01
2.512000000000000099e+01 -2.140226659159818468e+00 1.419282158917200665e+00 1.000000000000000056e-01
2.512999999999999901e+01 -2.137734935272699754e+00 1.418471627192012363e+00 1.000000000000000056e-01
2.514000000000000057e+01 -2.135200077976758148e+00 1.417653744606994781e+00 1.000000000000000056e-01
2.515000000000000213e+01 -2.132622439952810645e+00 1.416828671636492176e+00 1.000000000000000056e-01
2.516000000000000014e+01 -2.130002377717615580e+00 1.415996572275041832e+00 1.000000000000000056e-01
2.517000000000000171e+01 -2.127340251576760544e+00 1.415157613991145924e+00 1.000000000000000056e-01
2.517999999999999972e+01 -2.124636425579357280e+00 1.414311967677863713e+00 1.000000000000000056e-01
2.519000000000000128e+01 -2.121891267473654974e+00 1.413459807601725959e+00 1.000000000000000056e-01
2.519999999999999929e+01 -2.119105148664298444e+00 1.412601311351795674e+00 1.000000000000000056e-01
2.521000000000000085e+01 -2.116278444171947548e+00 1.411736659784947445e+00 1.000000000000000056e-01
2.521999999999999886e+01 -2.113411532591915609e+00 1.410866036971597293e+00 1.000000000000000056e-01
2.523000000000000043e+01 -2.110504796057909083e+00 1.409989630138323236e+00 1.000000000000000056e-01
2.524000000000000199e+01 -2.107558620203135114e+00 1.409107629610195866e+00 1.000000000000000056e-01
2.525000000000000000e+01 -2.104573394126128427e+00 1.408220228751503988e+00 1.000000000000000056e-01
2.526000000000000156e+01 -2.101549510355497308e+00 1.407327623903494862e+00 1.000000000000000056e-01
2.526999999999999957e+01 -2.098487364817655632e+00 1.406430014323374778e+00 1.000000000000000056e-01
2.528000000000000114e+01 -2.095387356804452317e+00 1.405527602119481134e+00 1.000000000000000056e-01
2.528999999999999915e+01 -2.092249888942774749e+00 1.404620592185911399e+00 1.000000000000000056e-01
2.530000000000000071e+01 -2.089075367165315278e+00 1.403709192136351147e+00 1.000000000000000056e-01
2.531000000000000227e+01 -2.085864200681508240e+00 1.402793612235423648e+00 1.000000000000000056e-01
2.532000000000000028e+01 -2.082616801950829544e+00 1.401874065329621111e+00 1.000000000000000056e-01
2.533000000000000185e+01 -2.079333586656189947e+00 1.400950766776104528e+00 1.000000000000000056e-01
2.533999999999999986e+01 -2.076014973678205866e+00 1.400023934370889567e+00 1.000000000000000056e-01
2.535000000000000142e+01 -2.072661385071076001e+00 1.399093788274979211e+00 1.000000000000000056e-01
2.535999999999999943e+01 -2.069273246039111225e+00 1.398160550940021896e+00 1.000000000000000056e-01
2.537000000000000099e+01 -2.065850984913233823e+00 1.397224447031985672e+00 1.000000000000000056e-01
2.537999999999999901e+01 -2.062395033130335342e+00 1.396285703353458363e+00 1.000000000000000056e-01
2.539000000000000057e+01 -2.058905825211190255e+00 1.395344548766081605e+00 1.000000000000000056e-01
2.540000000000000213e+01 -2.055383798740896939e+00 1.394401214109049159e+00 1.000000000000000056e-01
2.541000000000000014e+01 -2.051829394349938163e+00 1.393455932119595619e+00 1.000000000000000056e-01
2.542000000000000171e+01 -2.048243055694611403e+00 1.392508937349287157e+00 1.000000000000000056e-01
2.542999999999999972e+01 -2.044625229441028313e+00 1.391560466081091629e+00 1.000000000000000056e-01
2.544000000000000128e+01 -2.040976365247305857e+00 1.390610756244334167e+00 1.000000000000000056e-01
2.544999999999999929e+01 -2.037296915748110671e+00 1.389660047328466153e+00 1.000000000000000056e-01
2.546000000000000085e+01 -2.033587336539511181e+00 1.388708580295907380e+00 1.000000000000000056e-01
2.546999999999999886e+01 -2.029848086165238374e+00 1.387756597493290611e+00 1.000000000000000056e-01
2.548000000000000043e+01 -2.026079626102478048e+00 1.386804342562595105e+00 1.000000000000000056e-01
2.549000000000000199e+01 -2.022282420749732967e+00 1.385852060349274550e+00 1.000000000000000056e-01
2.550000000000000000e+01 -2.018456937414583319e+00 1.384899996812085865e+00 1.000000000000000056e-01
2.551000000000000156e+01 -2.014603646302163931e+00 1.383948398928509294e+00 1.000000000000000056e-01
2.551999999999999957e+01 -2.010723020504049607e+00 1.382997514603371059e+00 1.000000000000000056e-01
2.553000000000000114e+01 -2.006815535988203614e+00 1.382047592572780870e+00 1.000000000000000056e-01
2.553999999999999915e+01 -2.002881671588181867e+00 1.381098882309958142e+00 1.000000000000000056e-01
2.555000000000000071e+01 -1.998921908993302798e+00 1.380151633929625810e+00 1.000000000000000056e-01
2.556000000000000227e+01 -1.994936732738820995e+00 1.379206098091788624e+00 1.000000000000000056e-01
2.557000000000000028e+01 -1.990926630195742897e+00 1.378262525905559865e+00 1.000000000000000056e-01
2.558000000000000185e+01 -1.986892091560988449e+00 1.377321168832006171e+00 1.000000000000000056e-01
2.558999999999999986e+01 -1.982833609846411882e+00 1.376382278587996000e+00 1.000000000000000056e-01
2.560000000000000142e+01 -1.978751680869379914e+00 1.375446107048073241e+00 1.000000000000000056e-01
2.560999999999999943e+01 -1.974646803240070581e+00 1.374512906148533276e+00 1.000000000000000056e-01
2.562000000000000099e+01 -1.970519478351235199e+00 1.373582927789267716e+00 1.000000000000000056e-01
2.562999999999999901e+01 -1.966370210365683269e+00 1.372656423736707820e+00 1.000000000000000056e-01
2.564000000000000057e+01 -1.962199506203242683e+00 1.371733645526974188e+00 1.000000000000000056e-01
2.565000000000000213e+01 -1.958007875528261055e+00 1.370814844367573393e+00 1.000000000000000056e-01
2.566000000000000014e+01 -1.953795830735108208e+00 1.369900271041118334e+00 1.000000000000000056e-01
2.567000000000000171e+01 -1.949563886934578605e+00 1.368990175806852116e+00 1.000000000000000056e-01
2.567999999999999972e+01 -1.945312561937535545e+00 1.368084808303506206e+00 1.000000000000000056e-01
2.569000000000000128e+01 -1.941042376241007839e+00 1.367184417451662748e+00 1.000000000000000056e-01
2.569999999999999929e+01 -1.936753853010665827e+00 1.366289251355607082e+00 1.000000000000000056e-01
2.571000000000000085e+01 -1.932447518064299041e+00 1.365399557206312897e+00 1.000000000000000056e-01
2.571999999999999886e+01 -1.928123899854867762e+00 1.364515581182174753e+00 1.000000000000000056e-01
2.573000000000000043e+01 -1.923783529451986940e+00 1.363637568352709994e+00 1.000000000000000056e-01
2.574000000000000199e+01 -1.919426940523125680e+00 1.362765762578450834e+00 1.000000000000000056e-01
2.575000000000000000e+01 -1.915054669314518065e+00 1.361900406415646136e+00 1.000000000000000056e-01
2.576000000000000156e+01 -1.910667254630866729e+00 1.361041741015720952e+00 1.000000000000000056e-01
2.576999999999999957e+01 -1.906265237813864033e+00 1.360190006029408982e+00 1.000000000000000056e-01
2.578000000000000114e+01 -1.901849162721104713e+00 1.359345439507829711e+00 1.000000000000000056e-01
2.578999999999999915e+01 -1.897419575702587347e+00 1.358508277806522502e+00 1.000000000000000056e-01
2.580000000000000071e+01 -1.892977025577180727e+00 1.357678755486676714e+00 1.000000000000000056e-01
2.581000000000000227e+01 -1.888522063607279033e+00 1.356857105220300896e+00 1.000000000000000056e-01
2.582000000000000028e+01 -1.884055243473527153e+00 1.356043557692365509e+00 1.000000000000000056e-01
2.583000000000000185e+01 -1.879577121246265525e+00 1.355238341506068922e+00 1.000000000000000056e-01
2.583999999999999986e+01 -1.875088255357947098e+00 1.354441683087423742e+00 1.000000000000000056e-01
2.585000000000000142e+01 -1.870589206572627061e+00 1.353653806590496833e+00 1.000000000000000056e-01
2.585999999999999943e+01 -1.866080537954289520e+00 1.352874933803847490e+00 1.000000000000000056e-01
2.587000000000000099e+01 -1.861562814834921920e+00 1.352105284057536272e+00 1.000000000000000056e-01
2.587999999999999901e+01 -1.857036604778770306e+00 1.351345074130536172e+00 1.000000000000000056e-01
2.589000000000000057e+01 -1.852502477547685933e+00 1.350594518159756285e+00 1.000000000000000056e-01
2.590000000000000213e+01 -1.847961005062673134e+00 1.349853827549577945e+00 1.000000000000000056e-01
2.591000000000000014e+01 -1.843412761365590402e+00 1.349123210882140711e+00 1.000000000000000056e-01
2.592000000000000171e+01 -1.838858322577557658e+00 1.348402873829727122e+00 1.000000000000000056e-01
2.592999999999999972e+01 -1.834298266857392168e+00 1.347693019066494857e+00 1.000000000000000056e-01
2.594000000000000128e+01 -1.829733174357274450e+00 1.346993846183509147e+00 1.000000000000000056e-01
2.594999999999999929e+01 -1.825163627176734860e+00 1.346305551602914097e+00 1.000000000000000056e-01
2.596000000000000085e+01 -1.820590209316033992e+00 1.345628328494670400e+00 1.000000000000000056e-01
2.596999999999999886e+01 -1.816013506626374285e+00 1.344962366694356648e+00 1.000000000000000056e-01
2.598000000000000043e+01 -1.811434106759574947e+00 1.344307852621947630e+00 1.000000000000000056e-01
2.599000000000000199e+01 -1.806852599115486901e+00 1.343664969201785908e+00 1.000000000000000056e-01
2.600000000000000000e+01 -1.802269574788075035e+00 1.343033895785179732e+00 1.000000000000000056e-01
2.601000000000000156e+01 -1.797685626508939150e+00 1.342414808072610155e+00 1.000000000000000056e-01
2.601999999999999957e+01 -1.793101348590659949e+00 1.341807878039149138e+00 1.000000000000000056e-01
2.603000000000000114e+01 -1.788517336866687124e+00 1.341213273860387911e+00 1.000000000000000056e-01
2.603999999999999915e+01 -1.783934188630910356e+00 1.340631159840095066e+00 1.000000000000000056e-01
2.605000000000000071e+01 -1.779352502574707895e+00 1.340061696340008934e+00 1.000000000000000056e-01
2.606000000000000227e+01 -1.774772878722393088e+00 1.339505039710336964e+00 1.000000000000000056e-01
2.607000000000000028e+01 -1.770195918365785381e+00 1.338961342223122131e+00 1.000000000000000056e-01
2.608000000000000185e+01 -1.765622223995582107e+00 1.338430752006285029e+00 1.000000000000000056e-01
2.608999999999999986e+01 -1.761052399232061916e+00 1.337913412980048511e+00 1.000000000000000056e-01
2.610000000000000142e+01 -1.756487048754436175e+00 1.337409464794829583e+00 1.000000000000000056e-01
2.610999999999999943e+01 -1.751926778227018699e+00 1.336919042771575361e+00 1.000000000000000056e-01
2.612000000000000099e+01 -1.747372194225164987e+00 1.336442277842912363e+00 1.000000000000000056e-01
2.612999999999999901e+01 -1.742823904158768089e+00 1.335979296497384672e+00 1.000000000000000056e-01
2.614000000000000057e+01 -1.738282516193971006e+00 1.335530220724700623e+00 1.000000000000000056e-01
2.615000000000000213e+01 -1.733748639173733341e+00 1.335095167963654683e+00 1.000000000000000056e-01
2.616000000000000014e+01 -1.729222882535872641e+00 1.334674251051237936e+00 1.000000000000000056e-01
2.617000000000000171e+01 -1.724705856230051682e+00 1.334267578174821001e+00 1.000000000000000056e-01
2.617999999999999972e+01 -1.720198170633218560e+00 1.333875252825524882e+00 1.000000000000000056e-01
2.619000000000000128e+01 -1.715700436462087364e+00 1.333497373753681048e+00 1.000000000000000056e-01
2.619999999999999929e+01 -1.711213264685754076e+00 1.333134034927255129e+00 1.000000000000000056e-01
2.621000000000000085e+01 -1.706737266435691902e+00 1.332785325491196771e+00 1.000000000000000056e-01
2.621999999999999886e+01 -1.702273052913316098e+00 1.332451329730159229e+00 1.000000000000000056e-01
2.623000000000000043e+01 -1.697821235298734077e+00 1.332132127031809832e+00 1.000000000000000056e-01
2.624000000000000199e+01 -1.693382424654267693e+00 1.331827791854503173e+00 1.000000000000000056e-01
2.625000000000000000e+01 -1.688957231830069405e+00 1.331538393694802647e+00 1.000000000000000056e-01
2.626000000000000156e+01 -1.684546267365599981e+00 1.331263997059130455e+00 1.000000000000000056e-01
2.626999999999999957e+01 -1.680150141391995477e+00 1.331004661436705261e+00 1.000000000000000056e-01
2.628000000000000114e+01 -1.675769463530815351e+00 1.330760441274948080e+00 1.000000000000000056e-01
2.628999999999999915e+01 -1.671404842794445234e+00 1.330531385957683499e+00 1.000000000000000056e-01
2.630000000000000071e+01 -1.667056887482224248e+00 1.330317539784441783e+00 1.000000000000000056e-01
2.631000000000000227e+01 -1.662726205078048469e+00 1.330118941954212985e+00 1.000000000000000056e-01
2.632000000000000028e+01 -1.658413402145736182e+00 1.329935626549319849e+00 1.000000000000000056e-01
2.633000000000000185e+01 -1.654119084223051095e+00 1.329767622523421178e+00 1.000000000000000056e-01
2.633999999999999986e+01 -1.649843855716111918e+00 1.329614953690801293e+00 1.000000000000000056e-01
2.635000000000000142e+01 -1.645588319791427390e+00 1.329477638718709276e+00 1.000000000000000056e-01
2.635999999999999943e+01 -1.641353078268166010e+00 1.329355691122623861e+00 1.000000000000000056e-01
2.637000000000000099e+01 -1.637138731508865463e+00 1.329249119261964873e+00 1.000000000000000056e-01
2.637999999999999901e+01 -1.632945878310014143e+00 1.329157926340979401e+00 1.000000000000000056e-01
2.639000000000000057e+01 -1.628775115791128325e+00 1.329082110409833151e+00 1.000000000000000056e-01
2.640000000000000213e+01 -1.624627039283837115e+00 1.329021664369559153e+00 1.000000000000000056e-01
2.641000000000000014e+01 -1.620502242219590272e+00 1.328976575978380703e+00 1.000000000000000056e-01
2.642000000000000171e+01 -1.616401316017451073e+00 1.328946827861358537e+00 1.000000000000000056e-01
2.642999999999999972e+01 -1.612324849970369289e+00 1.328932397521992437e+00 1.000000000000000056e-01
2.644000000000000128e+01 -1.608273431131840958e+00 1.328933257356290421e+00 1.000000000000000056e-01
2.644999999999999929e+01 -1.604247644201019396e+00 1.328949374669489147e+00 1.000000000000000056e-01
2.646000000000000085e+01 -1.600248071408444384e+00 1.328980711694247807e+00 1.000000000000000056e-01
2.646999999999999886e+01 -1.596275292400281209e+00 1.329027225613241381e+00 1.000000000000000056e-01
2.648000000000000043e+01 -1.592329884122608119e+00 1.329088868581664196e+00 1.000000000000000056e-01
2.649000000000000199e+01 -1.588412420705877848e+00 1.329165587754017164e+00 1.000000000000000056e-01
2.650000000000000000e+01 -1.584523473348115719e+00 1.329257325312189542e+00 1.000000000000000056e-01
2.651000000000000156e+01 -1.580663610198651314e+00 1.329364018496507649e+00 1.000000000000000056e-01
2.651999999999999957e+01 -1.576833396241605678e+00 1.329485599638752014e+00 1.000000000000000056e-01
2.653000000000000114e+01 -1.573033393178970174e+00 1.329621996197677625e+00 1.000000000000000056e-01
2.653999999999999915e+01 -1.569264159314171847e+00 1.329773130796945146e+00 1.000000000000000056e-01
2.655000000000000071e+01 -1.565526249435407413e+00 1.329938921264645524e+00 1.000000000000000056e-01
2.656000000000000227e+01 -1.561820214699134235e+00 1.330119280676598237e+00 1.000000000000000056e-01
2.657000000000000028e+01 -1.558146602513637902e+00 1.330314117400449136e+00 1.000000000000000056e-01
2.658000000000000185e+01 -1.554505956423838819e+00 1.330523335141988506e+00 1.000000000000000056e-01
2.658999999999999986e+01 -1.550898815994445901e+00 1.330746832995666651e+00 1.000000000000000056e-01
2.660000000000000142e+01 -1.547325716695884035e+00 1.330984505494690051e+00 1.000000000000000056e-01
2.660999999999999943e+01 -1.543787189788739633e+00 1.331236242664795677e+00 1.000000000000000056e-01
2.662000000000000099e+01 -1.540283762209805563e+00 1.331501930080211116e+00 1.000000000000000056e-01
2.662999999999999901e+01 -1.536815956458502885e+00 1.331781448920822619e+00 1.000000000000000056e-01
2.664000000000000057e+01 -1.533384290483331247e+00 1.332074676032437122e+00 1.000000000000000056e-01
2.665000000000000213e+01 -1.529989277570325434e+00 1.332381483988393622e+00 1.000000000000000056e-01
2.666000000000000014e+01 -1.526631426230569799e+00 1.332701741153388575e+00 1.000000000000000056e-01
2.667000000000000171e+01 -1.523311240089920249e+00 1.333035311749695140e+00 1.000000000000000056e-01
2.667999999999999972e+01 -1.520029217779243380e+00 1.333382055924035248e+00 1.000000000000000056e-01
2.669000000000000128e+01 -1.516785852824725334e+00 1.333741829818945401e+00 1.000000000000000056e-01
2.669999999999999929e+01 -1.513581633540895588e+00 1.334114485642386772e+00 1.000000000000000056e-01
2.671000000000000085e+01 -1.510417042922943542e+00 1.334499871742619304e+00 1.000000000000000056e-01
2.671999999999999886e+01 -1.507292558541495353e+00 1.334897832682935492e+00 1.000000000000000056e-01
2.673000000000000043e+01 -1.504208652437967864e+00 1.335308209318649686e+00 1.000000000000000056e-01
2.674000000000000199e+01 -1.501165791021456419e+00 1.335730838875378579e+00 1.000000000000000056e-01
2.675000000000000000e+01 -1.498164434967065528e+00 1.336165555030460750e+00 1.000000000000000056e-01
2.676000000000000156e+01 -1.495205039115054646e+00 1.336612187993669210e+00 1.000000000000000056e-01
2.676999999999999957e+01 -1.492288052372773066e+00 1.337070564591867905e+00 1.000000000000000056e-01
2.678000000000000114e+01 -1.489413917616891680e+00 1.337540508353309399e+00 1.000000000000000056e-01
2.678999999999999915e+01 -1.486583071597521233e+00 1.338021839594767837e+00 1.000000000000000056e-01
2.680000000000000071e+01 -1.483795944845198056e+00 1.338514375509176846e+00 1.000000000000000056e-01
2.681000000000000227e+01 -1.481052961577604909e+00 1.339017930255649524e+00 1.000000000000000056e-01
2.682000000000000028e+01 -1.478354539609688878e+00 1.339532315049031475e+00 1.000000000000000056e-01
2.683000000000000185e+01 -1.475701090265195026e+00 1.340057338253761943e+00 1.000000000000000056e-01
2.683999999999999986e+01 -1.473093018289262757e+00 1.340592805475011140e+00 1.000000000000000056e-01
2.685000000000000142e+01 -1.470530721764068627e+00 1.341138519655262540e+00 1.000000000000000056e-01
2.685999999999999943e+01 -1.468014592025617127e+00 1.341694281168134051e+00 1.000000000000000056e-01
2.687000000000000099e+01 -1.465545013582438827e+00 1.342259887915997707e+00 1.000000000000000056e-01
2.687999999999999901e+01 -1.463122364036734346e+00 1.342835135427197013e+00 1.000000000000000056e-01
2.689000000000000057e+01 -1.460747014006978706e+00 1.343419816955341517e+00 1.000000000000000056e-01
2.690000000000000213e+01 -1.458419327052085546e+00 1.344013723577635933e+00 1.000000000000000056e-01
2.691000000000000014e+01 -1.456139659599542169e+00 1.344616644295976382e+00 1.000000000000000056e-01
2.692000000000000171e+01 -1.453908360871804417e+00 1.345228366138597531e+00 1.000000000000000056e-01
2.692999999999999972e+01 -1.451725772819262295e+00 1.345848674260454070e+00 1.000000000000000056e-01
2.694000000000000128e+01 -1.449592230051170327e+00 1.346477352047036335e+00 1.000000000000000056e-01
2.694999999999999929e+01 -1.447508059770830968e+00 1.347114181216981788e+00 1.000000000000000056e-01
2.696000000000000085e+01 -1.445473581712614752e+00 1.347758941925680576e+00 1.000000000000000056e-01
2.696999999999999886e+01 -1.443489108079984984e+00 1.348411412869557457e+00 1.000000000000000056e-01
2.698000000000000043e+01 -1.441554943486732521e+00 1.349071371390564211e+00 1.000000000000000056e-01
2.699000000000000199e+01 -1.439671384899920303e+00 1.349738593581358614e+00 1.000000000000000056e-01
2.700000000000000000e+01 -1.437838721584412838e+00 1.350412854390329098e+00 1.000000000000000056e-01
2.701000000000000156e+01 -1.436057235050242076e+00 1.351093927727266442e+00 1.000000000000000056e-01
2.701999999999999957e+01 -1.434327199002148223e+00 1.351781586568921556e+00 1.000000000000000056e-01
2.703000000000000114e+01 -1.432648879290413069e+00 1.352475603065247167e+00 1.000000000000000056e-01
2.703999999999999915e+01 -1.431022533864900748e+00 1.353175748644887211e+00 1.000000000000000056e-01
2.705000000000000071e+01 -1.429448412730776052e+00 1.353881794121637894e+00 1.000000000000000056e-01
2.706000000000000227e+01 -1.427926757906615718e+00 1.354593509800008144e+00 1.000000000000000056e-01
2.707000000000000028e+01 -1.426457803384271639e+00 1.355310665581244356e+00 1.000000000000000056e-01
2.708000000000000185e+01 -1.425041775092076080e+00 1.356033031069119099e+00 1.000000000000000056e-01
2.708999999999999986e+01 -1.423678890859097157e+00 1.356760375675508001e+00 1.000000000000000056e-01
2.710000000000000142e+01 -1.422369360382129910e+00 1.357492468725480128e+00 1.000000000000000056e-01
2.710999999999999943e+01 -1.421113385195507117e+00 1.358229079562158326e+00 1.000000000000000056e-01
2.712000000000000099e+01 -1.419911158642392035e+00 1.358969977652068062e+00 1.000000000000000056e-01
2.712999999999999901e+01 -1.418762865848306021e+00 1.359714932688387945e+00 1.000000000000000056e-01
2.714000000000000057e+01 -1.417668683698138921e+00 1.360463714695176352e+00 1.000000000000000056e-01
2.715000000000000213e+01 -1.416628780813747657e+00 1.361216094130949461e+00 1.000000000000000056e-01
2.716000000000000014e+01 -1.415643317535500101e+00 1.361971841990166521e+00 1.000000000000000056e-01
2.717000000000000171e+01 -1.414712445904612759e+00 1.362730729906765914e+00 1.000000000000000056e-01
2.717999999999999972e+01 -1.413836309649002754e+00 1.363492530254494683e+00 1.000000000000000056e-01
2.719000000000000128e+01 -1.413015044170753187e+00 1.364257016247415022e+00 1.000000000000000056e-01
2.719999999999999929e+01 -1.412248776535826478e+00 1.365023962040932126e+00 1.000000000000000056e-01
2.721000000000000085e+01 -1.411537625466438239e+00 1.365793142829239137e+00 1.000000000000000056e-01
2.721999999999999886e+01 -1.410881701335136018e+00 1.366564334944846193e+00 1.000000000000000056e-01
2.723000000000000043e+01 -1.410281106161431985e+00 1.367337315954831212e+00 1.000000000000000056e-01
2.724000000000000199e+01 -1.409735933610555270e+00 1.368111864757391549e+00 1.000000000000000056e-01
2.725000000000000000e+01 -1.409246268993976425e+00 1.368887761677616499e+00 1.000000000000000056e-01
2.726000000000000156e+01 -1.408812189272488302e+00 1.369664788560064572e+00 1.000000000000000056e-01
2.726999999999999957e+01 -1.408433763061013311e+00 1.370442728864052162e+00 1.000000000000000056e-01
2.728000000000000114e+01 -1.408111050635183936e+00 1.371221367752890830e+00 1.000000000000000056e-01
2.728999999999999915e+01 -1.407844103940640190e+00 1.372000492186458143e+00 1.000000000000000056e-01
2.730000000000000071e+01 -1.407632966602988533e+00 1.372779891009731967e+00 1.000000000000000056e-01
2.731000000000000227e+01 -1.407477673940759511e+00 1.373559355040415264e+00 1.000000000000000056e-01
2.732000000000000028e+01 -1.407378252978904953e+00 1.374338677156708322e+00 1.000000000000000056e-01
2.733000000000000185e+01 -1.407334722465480414e+00 1.375117652380680067e+00 1.000000000000000056e-01
2.733999999999999986e+01 -1.407347092887844431e+00 1.375896077964277486e+00 1.000000000000000056e-01
2.735000000000000142e+01 -1.407415366493150799e+00 1.376673753469749073e+00 1.000000000000000056e-01
2.735999999999999943e+01 -1.407539537307008759e+00 1.377450480851218906e+00 1.000000000000000056e-01
2.737000000000000099e+01 -1.407719591157121863e+00 1.378226064533651707e+00 1.000000000000000056e-01
2.737999999999999901e+01 -1.407955505695121179e+00 1.379000311490892638e+00 1.000000000000000056e-01
2.739000000000000057e+01 -1.408247250421944985e+00 1.379773031320305821e+00 1.000000000000000056e-01
2.740000000000000213e+01 -1.408594786713588842e+00 1.380544036318710699e+00 1.000000000000000056e-01
2.741000000000000014e+01 -1.408998067847875291e+00 1.381313141553256685e+00 1.000000000000000056e-01
2.742000000000000171e+01 -1.409457039032756098e+00 1.382080164933402910e+00 1.000000000000000056e-01
2.742999999999999972e+01 -1.409971637436210790e+00 1.382844927279129221e+00 1.000000000000000056e-01
2.744000000000000128e+01 -1.410541792215827650e+00 1.383607252388312725e+00 1.000000000000000056e-01
2.744999999999999929e+01 -1.411167424551291960e+00 1.384366967101981816e+00 1.000000000000000056e-01
2.746000000000000085e+01 -1.411848447675925211e+00 1.385123901368042754e+00 1.000000000000000056e-01
2.746999999999999886e+01 -1.412584766911263667e+00 1.385877888302032401e+00 1.000000000000000056e-01
2.748000000000000043e+01 -1.413376279700382154e+00 1.386628764247486156e+00 1.000000000000000056e-01
2.749000000000000199e+01 -1.414222875644396193e+00 1.387376368833148854e+00 1.000000000000000056e-01
2.750000000000000000e+01 -1.415124436537786190e+00 1.388120545028520114e+00 1.000000000000000056e-01
2.751000000000000156e+01 -1.416080836405797072e+00 1.388861139197381966e+00 1.000000000000000056e-01
2.751999999999999957e+01 -1.417091941542603317e+00 1.389598001150132767e+00 1.000000000000000056e-01
2.753000000000000114e+01 -1.418157610549507286e+00 1.390330984191749941e+00 1.000000000000000056e-01
2.753999999999999915e+01 -1.419277694374462273e+00 1.391059945170891377e+00 1.000000000000000056e-01
2.755000000000000071e+01 -1.420452036352225278e+00 1.391784744523780093e+00 1.000000000000000056e-01
2.756000000000000227e+01 -1.421680472244933879e+00 1.392505246318327172e+00 1.000000000000000056e-01
2.757000000000000028e+01 -1.422962830283584390e+00 1.393221318294568523e+00 1.000000000000000056e-01
2.758000000000000185e+01 -1.424298931209812658e+00 1.393932831903489822e+00 1.000000000000000056e-01
2.758999999999999986e+01 -1.425688588318319239e+00 1.394639662344648867e+00 1.000000000000000056e-01
2.760000000000000142e+01 -1.427131607499946053e+00 1.395341688598563890e+00 1.000000000000000056e-01
2.760999999999999943e+01 -1.428627787284891149e+00 1.396038793461421568e+00 1.000000000000000056e-01
2.762000000000000099e+01 -1.430176918886860049e+00 1.396730863573396597e+00 1.000000000000000056e-01
2.762999999999999901e+01 -1.431778786246813651e+00 1.397417789446594893e+00 1.000000000000000056e-01
2.764000000000000057e+01 -1.433433166078055487e+00 1.398099465491432714e+00 1.000000000000000056e-01
2.765000000000000213e+01 -1.435139827910665744e+00 1.398775790038807587e+00 1.000000000000000056e-01
2.766000000000000014e+01 -1.436898534137428074e+00 1.399446665361847586e+00 1.000000000000000056e-01
2.767000000000000171e+01 -1.438709040058333333e+00 1.400111997694002630e+00 1.000000000000000056e-01
2.767999999999999972e+01 -1.440571093927627944e+00 1.400771697245984271e+00 1.000000000000000056e-01
2.769000000000000128e+01 -1.442484436998537678e+00 1.401425678219019977e+00 1.000000000000000056e-01
2.769999999999999929e+01 -1.444448803570572037e+00 1.402073858817838969e+00 1.000000000000000056e-01
2.771000000000000085e+01 -1.446463921035428646e+00 1.402716161258593441e+00 1.000000000000000056e-01
2.771999999999999886e+01 -1.448529509923779601e+00 1.403352511777332445e+00 1.000000000000000056e-01
2.773000000000000043e+01 -1.450645283952078479e+00 1.403982840634012463e+00 1.000000000000000056e-01
2.774000000000000199e+01 -1.452810950069900686e+00 1.404607082115125527e+00 1.000000000000000056e-01
2.775000000000000000e+01 -1.455026208506226659e+00 1.405225174533804022e+00 1.000000000000000056e-01
2.776000000000000156e+01 -1.457290752817963497e+00 1.405837060227586477e+00 1.000000000000000056e-01
2.776999999999999957e+01 -1.459604269936062515e+00 1.406442685553946914e+00 1.000000000000000056e-01
2.778000000000000114e+01 -1.461966440213786633e+00 1.407042000883108823e+00 1.000000000000000056e-01
2.778999999999999915e+01 -1.464376937474072049e+00 1.407634960588894035e+00 1.000000000000000056e-01
2.780000000000000071e+01 -1.466835429057030904e+00 1.408221523036864653e+00 1.000000000000000056e-01
2.781000000000000227e+01 -1.469341575867519900e+00 1.408801650570928432e+00 1.000000000000000056e-01
2.782000000000000028e+01 -1.471895032422684491e+00 1.409375309495916495e+00 1.000000000000000056e-01
2.783000000000000185e+01 -1.474495446900163875e+00 1.409942470060003172e+00 1.000000000000000056e-01
2.783999999999999986e+01 -1.477142461184571154e+00 1.410503106432711151e+00 1.000000000000000056e-01
2.785000000000000142e+01 -1.479835710916067137e+00 1.411057196682112824e+00 1.000000000000000056e-01
2.785999999999999943e+01 -1.482574825537015251e+00 1.411604722748835972e+00 1.000000000000000056e-01
2.787000000000000099e+01 -1.485359428339755539e+00 1.412145670417939147e+00 1.000000000000000056e-01
2.787999999999999901e+01 -1.488189136513499822e+00 1.412680029288678307e+00 1.000000000000000056e-01
2.789000000000000057e+01 -1.491063561191850573e+00 1.413207792741905333e+00 1.000000000000000056e-01
2.790000000000000213e+01 -1.493982307499348128e+00 1.413728957904654804e+00 1.000000000000000056e-01
2.791000000000000014e+01 -1.496944974598481970e+00 1.414243525613880337e+00 1.000000000000000056e-01
2.792000000000000171e+01 -1.499951155736663599e+00 1.414751500375332594e+00 1.000000000000000056e-01
2.792999999999999972e+01 -1.503000438292478647e+00 1.415252890323802859e+00 1.000000000000000056e-01
2.794000000000000128e+01 -1.506092403822400172e+00 1.415747707177773762e+00 1.000000000000000056e-01
2.794999999999999929e+01 -1.509226628107133372e+00 1.416235966193803320e+00 1.000000000000000056e-01
2.796000000000000085e+01 -1.512402681198012688e+00 1.416717686118148078e+00 1.000000000000000056e-01
2.796999999999999886e+01 -1.515620127463390698e+00 1.417192889136848155e+00 1.000000000000000056e-01
2.798000000000000043e+01 -1.518878525634638210e+00 1.417661600822406331e+00 1.000000000000000056e-01
2.799000000000000199e+01 -1.522177428853030534e+00 1.418123850080138748e+00 1.000000000000000056e-01
2.800000000000000000e+01 -1.525516384715496443e+00 1.418579669090815454e+00 1.000000000000000056e-01
2.801000000000000156e+01 -1.528894935321559068e+00 1.419029093253389995e+00 1.000000000000000056e-01
2.801999999999999957e+01 -1.532312617320480408e+00 1.419472161123203291e+00 1.000000000000000056e-01
2.803000000000000114e+01 -1.535768961956890610e+00 1.419908914351062146e+00 1.000000000000000056e-01
2.803999999999999915e+01 -1.539263495119477465e+00 1.420339397619169164e+00 1.000000000000000056e-01
2.805000000000000071e+01 -1.542795737387305799e+00 1.420763658574881738e+00 1.000000000000000056e-01
2.806000000000000227e+01 -1.546365204078558708e+00 1.421181747764942438e+00 1.000000000000000056e-01
2.807000000000000028e+01 -1.549971405297794202e+00 1.421593718566168674e+00 1.000000000000000056e-01
2.808000000000000185e+01 -1.553613845985124753e+00 1.421999627116047327e+00 1.000000000000000056e-01
2.808999999999999986e+01 -1.557292025964791771e+00 1.422399532241691578e+00 1.000000000000000056e-01
2.810000000000000142e+01 -1.561005439994067157e+00 1.422793495387671747e+00 1.000000000000000056e-01
2.810999999999999943e+01 -1.564753577812885599e+00 1.423181580542758340e+00 1.000000000000000056e-01
2.812000000000000099e+01 -1.568535924193012798e+00 1.423563854165748710e+00 1.000000000000000056e-01
2.812999999999999901e+01 -1.572351958988047027e+00 1.423940385109332407e+00 1.000000000000000056e-01
2.814000000000000057e+01 -1.576201157182861801e+00 1.424311244543940091e+00 1.000000000000000056e-01
2.815000000000000213e+01 -1.580082988943139366e+00 1.424676505880483779e+00 1.000000000000000056e-01
2.816000000000000014e+01 -1.583996919666135428e+00 1.425036244689124709e+00 1.000000000000000056e-01
2.817000000000000171e+01 -1.587942410029415274e+00 1.425390538621042591e+00 1.000000000000000056e-01
2.817999999999999972e+01 -1.591918916042246668e+00 1.425739467324190990e+00 1.000000000000000056e-01
2.819000000000000128e+01 -1.595925889095726413e+00 1.426083112360539529e+00 1.000000000000000056e-01
2.819999999999999929e+01 -1.599962776014263399e+00 1.426421557120281181e+00 1.000000000000000056e-01
2.821000000000000085e+01 -1.604029019107781506e+00 1.426754886734010741e+00 1.000000000000000056e-01
2.821999999999999886e+01 -1.608124056224851772e+00 1.427083187985187518e+00 1.000000000000000056e-01
2.823000000000000043e+01 -1.612247320806922568e+00 1.427406549218363185e+00 1.000000000000000056e-01
2.824000000000000199e+01 -1.616398241944462466e+00 1.427725060249330991e+00 1.000000000000000056e-01
2.825000000000000000e+01 -1.620576244433079571e+00 1.428038812270791214e+00 1.000000000000000056e-01
2.826000000000000156e+01 -1.624780748833160260e+00 1.428347897760315899e+00 1.000000000000000056e-01
2.826999999999999957e+01 -1.629011171528389479e+00 1.428652410384614768e+00 1.000000000000000056e-01
2.828000000000000114e+01 -1.633266924787750707e+00 1.428952444905992714e+00 1.000000000000000056e-01
2.828999999999999915e+01 -1.637547416826872659e+00 1.429248097085936253e+00 1.000000000000000056e-01
2.830000000000000071e+01 -1.641852051871813600e+00 1.429539463590507209e+00 1.000000000000000056e-01
2.831000000000000227e+01 -1.646180230222927587e+00 1.429826641893450878e+00 1.000000000000000056e-01
2.832000000000000028e+01 -1.650531348319654867e+00 1.430109730181614358e+00 1.000000000000000056e-01
2.833000000000000185e+01 -1.654904798806558830e+00 1.430388827257895734e+00 1.000000000000000056e-01
2.833999999999999986e+01 -1.659299970599919849e+00 1.430664032446585354e+00 1.000000000000000056e-01
2.835000000000000142e+01 -1.663716248954778321e+00 1.430935445496367198e+00 1.000000000000000056e-01
2.835999999999999943e+01 -1.668153015532909178e+00 1.431203166486197054e+00 1.000000000000000056e-01
2.837000000000000099e+01 -1.672609648472703325e+00 1.431467295728115374e+00 1.000000000000000056e-01
2.837999999999999901e+01 -1.677085522457801625e+00 1.431727933674175501e+00 1.000000000000000056e-01
2.839000000000000057e+01 -1.681580008788952529e+00 1.431985180819491221e+00 1.000000000000000056e-01
2.840000000000000213e+01 -1.686092475455851059e+00 1.432239137608946278e+00 1.000000000000000056e-01
2.841000000000000014e+01 -1.690622287209930574e+00 1.432489904342259424e+00 1.000000000000000056e-01
2.842000000000000171e+01 -1.695168805638922471e+00 1.432737581080274047e+00 1.000000000000000056e-01
2.842999999999999972e+01 -1.699731389243086976e+00 1.432982267550660271e+00 1.000000000000000056e-01
2.844000000000000128e+01 -1.704309393511465043e+00 1.433224063056153463e+00 1.000000000000000056e-01
2.844999999999999929e+01 -1.708902171000853398e+00 1.433463066380184836e+00 1.000000000000000056e-01
2.846000000000000085e+01 -1.713509071415665996e+00 1.433699375695978828e+00 1.000000000000000056e-01
2.846999999999999886e+01 -1.718129441689137726e+00 1.433933088474097062e+00 1.000000000000000056e-01
2.848000000000000043e+01 -1.722762626066226321e+00 1.434164301392281349e+00 1.000000000000000056e-01
2.849000000000000199e+01 -1.727407966187906263e+00 1.434393110243755265e+00 1.000000000000000056e-01
2.850000000000000000e+01 -1.732064801176759428e+00 1.434619609849523636e+00 1.000000000000000056e-01
2.851000000000000156e+01 -1.736732467723945073e+00 1.434843893967776784e+00 1.000000000000000056e-01
2.851999999999999957e+01 -1.741410300178348747e+00 1.435066055206866809e+00 1.000000000000000056e-01
2.853000000000000114e+01 -1.746097630635493392e+00 1.435286184938447729e+00 1.000000000000000056e-01
2.853999999999999915e+01 -1.750793789029706060e+00 1.435504373210905182e+00 1.000000000000000056e-01
2.855000000000000071e+01 -1.755498103226037498e+00 1.435720708664753653e+00 1.000000000000000056e-01
2.856000000000000227e+01 -1.760209899114737242e+00 1.435935278449077313e+00 1.000000000000000056e-01
2.857000000000000028e+01 -1.764928500706320680e+00 1.436148168138437153e+00 1.000000000000000056e-01
2.858000000000000185e+01 -1.769653230227788088e+00 1.436359461652235492e+00 1.000000000000000056e-01
2.858999999999999986e+01 -1.774383408221179792e+00 1.436569241174535883e+00 1.000000000000000056e-01
2.860000000000000142e+01 -1.779118353642730188e+00 1.436777587075340534e+00 1.000000000000000056e-01
2.860999999999999943e+01 -1.783857383963084464e+00 1.436984577834868881e+00 1.000000000000000056e-01
2.862000000000000099e+01 -1.788599815269880322e+00 1.437190289966182366e+00 1.000000000000000056e-01
2.862999999999999901e+01 -1.793344962370687412e+00 1.437394797944026914e+00 1.000000000000000056e-01
2.864000000000000057e+01 -1.798092138898420123e+00 1.437598174130413131e+00 1.000000000000000056e-01
2.865000000000000213e+01 -1.802840657416577841e+00 1.437800488706161728e+00 1.000000000000000056e-01
2.866000000000000014e+01 -1.807589829527744163e+00 1.438001809601599845e+00 1.000000000000000056e-01
2.867000000000000171e+01 -1.812338965982016381e+00 1.438202202430094889e+00 1.000000000000000056e-01
2.867999999999999972e+01 -1.817087376787571040e+00 1.438401730423681579e+00 1.000000000000000056e-01
2.869000000000000128e+01 -1.821834371321793045e+00 1.438600454369993065e+00 1.000000000000000056e-01
2.869999999999999929e+01 -1.826579258445142351e+00 1.438798432551633866e+00 1.000000000000000056e-01
2.871000000000000085e+01 -1.831321346613978607e+00 1.438995720687719304e+00 1.000000000000000056e-01
2.871999999999999886e+01 -1.836059943997479627e+00 1.439192371876670373e+00 1.000000000000000056e-01
2.873000000000000043e+01 -1.840794358592861002e+00 1.439388436542161198e+00 1.000000000000000056e-01
2.874000000000000199e+01 -1.845523898343818248e+00 1.439583962380431625e+00 1.000000000000000056e-01
2.875000000000000000e+01 -1.850247871258875687e+00 1.439778994309874438e+00 1.000000000000000056e-01
2.876000000000000156e+01 -1.854965585531445971e+00 1.439973574423589531e+00 1.000000000000000056e-01
2.876999999999999957e+01 -1.859676349660226879e+00 1.440167741942348423e+00 1.000000000000000056e-01
2.878000000000000114e+01 -1.864379472571165763e+00 1.440361533172468622e+00 1.000000000000000056e-01
2.878999999999999915e+01 -1.869074263739943564e+00 1.440554981463169293e+00 1.000000000000000056e-01
2.880000000000000071e+01 -1.873760033315490237e+00 1.440748117168647813e+00 1.000000000000000056e-01
2.881000000000000227e+01 -1.878436092244327948e+00 1.440940967610772283e+00 1.000000000000000056e-01
2.882000000000000028e+01 -1.883101752396113326e+00 1.441133557045204627e+00 1.000000000000000056e-01
2.883000000000000185e+01 -1.887756326689073116e+00 1.441325906629740805e+00 1.000000000000000056e-01
2.883999999999999986e+01 -1.892399129217628984e+00 1.441518034394190240e+00 1.000000000000000056e-01
2.885000000000000142e+01 -1.897029475379638175e+00 1.441709955214963923e+00 1.000000000000000056e-01
2.885999999999999943e+01 -1.901646682004721089e+00 1.441901680789110518e+00 1.000000000000000056e-01
2.887000000000000099e+01 -1.906250067484055233e+00 1.442093219613392874e+00 1.000000000000000056e-01
2.887999999999999901e+01 -1.910838951899523241e+00 1.442284576965033871e+00 1.000000000000000056e-01
2.889000000000000057e+01 -1.915412657154996756e+00 1.442475754884424477e+00 1.000000000000000056e-01
2.890000000000000213e+01 -1.919970507106859570e+00 1.442666752161156918e+00 1.000000000000000056e-01
2.891000000000000014e+01 -1.924511827696434363e+00 1.442857564322687081e+00 1.000000000000000056e-01
2.892000000000000171e+01 -1.929035947081776614e+00 1.443048183624950243e+00 1.000000000000000056e-01
2.892999999999999972e+01 -1.933542195770627137e+00 1.443238599045703063e+00 1.000000000000000056e-01
2.894000000000000128e+01 -1.938029906753602205e+00 1.443428796281524429e+00 1.000000000000000056e-01
2.894999999999999929e+01 -1.942498415637734732e+00 1.443618757744983938e+00 1.000000000000000056e-01
2.896000000000000085e+01 -1.946947060779985028e+00 1.443808462567656603e+00 1.000000000000000056e-01
2.896999999999999886e+01 -1.951375183421534931e+00 1.443997886602339520e+00 1.000000000000000056e-01
2.898000000000000043e+01 -1.955782127821834138e+00 1.444187002430523448e+00 1.000000000000000056e-01
2.899000000000000199e+01 -1.960167241392419379e+00 1.444375779370622448e+00 1.000000000000000056e-01
2.900000000000000000e+01 -1.964529874831617784e+00 1.444564183489576825e+00 1.000000000000000056e-01
2.901000000000000156e+01 -1.968869382258149558e+00 1.444752177616957400e+00 1.000000000000000056e-01
2.901999999999999957e+01 -1.973185121345117476e+00 1.444939721360967599e+00 1.000000000000000056e-01
2.903000000000000114e+01 -1.977476453453762772e+00 1.445126771127637877e+00 1.000000000000000056e-01
2.903999999999999915e+01 -1.981742743766552239e+00 1.445313280141900858e+00 1.000000000000000056e-01
2.905000000000000071e+01 -1.985983361419836557e+00 1.445499198471350333e+00 1.000000000000000056e-01
2.906000000000000227e+01 -1.990197679636676265e+00 1.445684473052731400e+00 1.000000000000000056e-01
2.907000000000000028e+01 -1.994385075857872280e+00 1.445869047719731348e+00 1.000000000000000056e-01
2.908000000000000185e+01 -1.998544931873187824e+00 1.446052863234399410e+00 1.000000000000000056e-01
2.908999999999999986e+01 -2.002676633951308460e+00 1.446235857320545160e+00 1.000000000000000056e-01
2.910000000000000142e+01 -2.006779572969519698e+00 1.446417964698064162e+00 1.000000000000000056e-01
2.910999999999999943e+01 -2.010853144540988957e+00 1.446599117122551847e+00 1.000000000000000056e-01
2.912000000000000099e+01 -2.014896749142746746e+00 1.446779243423225392e+00 1.000000000000000056e-01
2.912999999999999901e+01 -2.018909792241097012e+00 1.446958269547287346e+00 1.000000000000000056e-01
2.914000000000000057e+01 -2.022891684416578517e+00 1.447136118602570631e+00 1.000000000000000056e-01
2.915000000000000213e+01 -2.026841841486922036e+00 1.447312710905170885e+00 1.000000000000000056e-01
2.916000000000000014e+01 -2.030759684629321882e+00 1.447487964027813767e+00 1.000000000000000056e-01
2.917000000000000171e+01 -2.034644640500713475e+00 1.447661792851102192e+00 1.000000000000000056e-01
2.917999999999999972e+01 -2.038496141356621827e+00 1.447834109615406595e+00 1.000000000000000056e-01
2.919000000000000128e+01 -2.042313625168294067e+00 1.448004823977123490e+00 1.000000000000000056e-01
2.919999999999999929e+01 -2.046096535738513467e+00 1.448173843064529454e+00 1.000000000000000056e-01
2.921000000000000085e+01 -2.049844322814899478e+00 1.448341071536946245e+00 1.000000000000000056e-01
2.921999999999999886e+01 -2.053556442202367549e+00 1.448506411645790859e+00 1.000000000000000056e-01
2.923000000000000043e+01 -2.057232355872622875e+00 1.448669763296758672e+00 1.000000000000000056e-01
2.924000000000000199e+01 -2.060871532072462653e+00 1.448831024114305421e+00 1.000000000000000056e-01
2.925000000000000000e+01 -2.064473445429786835e+00 1.448990089508321644e+00 1.000000000000000056e-01
2.926000000000000156e+01 -2.068037577057541654e+00 1.449146852741047597e+00 1.000000000000000056e-01
2.926999999999999957e+01 -2.071563414655270829e+00 1.449301204997894166e+00 1.000000000000000056e-01
2.928000000000000114e+01 -2.075050452609307872e+00 1.449453035457233696e+00 1.000000000000000056e-01
2.928999999999999915e+01 -2.078498192089506258e+00 1.449602231364570448e+00 1.000000000000000056e-01
2.930000000000000071e+01 -2.081906141145359879e+00 1.449748678105242439e+00 1.000000000000000056e-01
2.931000000000000227e+01 -2.085273814798190628e+00 1.449892259281319706e+00 1.000000000000000056e-01
2.932000000000000028e+01 -2.088600735132611241e+00 1.450032856788147528e+00 1.000000000000000056e-01
2.933000000000000185e+01 -2.091886431384977207e+00 1.450170350892310278e+00 1.000000000000000056e-01
2.933999999999999986e+01 -2.095130440029825625e+00 1.450304620312120818e+00 1.000000000000000056e-01
2.935000000000000142e+01 -2.098332304863866238e+00 1.450435542297523916e+00 1.000000000000000056e-01
2.935999999999999943e+01 -2.101491577089204643e+00 1.450562992712612909e+00 1.000000000000000056e-01
2.937000000000000099e+01 -2.104607815391747572e+00 1.450686846118942386e+00 1.000000000000000056e-01
2.937999999999999901e+01 -2.107680586020671765e+00 1.450806975858368819e+00 1.000000000000000056e-01
2.939000000000000057e+01 -2.110709462863498143e+00 1.450923254139647289e+00 1.000000000000000056e-01
2.940000000000000213e+01 -2.113694027519591678e+00 1.451035552123041805e+00 1.000000000000000056e-01
2.941000000000000014e+01 -2.116633869372527510e+00 1.451143740007738048e+00 1.000000000000000056e-01
2.942000000000000171e+01 -2.119528585658545072e+00 1.451247687119391561e+00 1.000000000000000056e-01
2.942999999999999972e+01 -2.122377781534436902e+00 1.451347261997360416e+00 1.000000000000000056e-01
2.944000000000000128e+01 -2.125181070142187156e+00 1.451442332485005648e+00 1.000000000000000056e-01
2.944999999999999929e+01 -2.127938072671221370e+00 1.451532765817431958e+00 1.000000000000000056e-01
2.946000000000000085e+01 -2.130648418418841228e+00 1.451618428712662334e+00 1.000000000000000056e-01
2.946999999999999886e+01 -2.133311744847556035e+00 1.451699187460860463e+00 1.000000000000000056e-01
2.948000000000000043e+01 -2.135927697640111145e+00 1.451774908015464272e+00 1.000000000000000056e-01
2.949000000000000199e+01 -2.138495930751440177e+00 1.451845456084101205e+00 1.000000000000000056e-01
2.950000000000000000e+01 -2.141016106458276447e+00 1.451910697219009450e+00 1.000000000000000056e-01
2.951000000000000156e+01 -2.143487895405905785e+00 1.451970496909608110e+00 1.000000000000000056e-01
2.951999999999999957e+01 -2.145910976651265845e+00 1.452024720671963420e+00 1.000000000000000056e-01
2.953000000000000114e+01 -2.148285037704152689e+00 1.452073234142268188e+00 1.000000000000000056e-01
2.953999999999999915e+01 -2.150609774564996801e+00 1.452115903166799393e+00 1.000000000000000056e-01
2.955000000000000071e+01 -2.152884891758657826e+00 1.452152593893549781e+00 1.000000000000000056e-01
2.956000000000000227e+01 -2.155110102367780556e+00 1.452183172864090821e+00 1.000000000000000056e-01
2.957000000000000028e+01 -2.157285128059893253e+00 1.452207507104184003e+00 1.000000000000000056e-01
2.958000000000000185e+01 -2.159409699113867820e+00 1.452225464213991790e+00 1.000000000000000056e-01
2.958999999999999986e+01 -2.161483554442956923e+00 1.452236912460575624e+00 1.000000000000000056e-01
2.960000000000000142e+01 -2.163506441613604725e+00 1.452241720866141561e+00 1.000000000000000056e-01
2.960999999999999943e+01 -2.165478116863083002e+00 1.452239759299415178e+00 1.000000000000000056e-01
2.962000000000000099e+01 -2.167398345112788505e+00 1.452230898564498274e+00 1.000000000000000056e-01
2.962999999999999901e+01 -2.169266899979417573e+00 1.452215010490459424e+00 1.000000000000000056e-01
2.964000000000000057e+01 -2.171083563782552517e+00 1.452191968019602486e+00 1.000000000000000056e-01
2.965000000000000213e+01 -2.172848127549869890e+00 1.452161645295424686e+00 1.000000000000000056e-01
2.966000000000000014e+01 -2.174560391019104255e+00 1.452123917751008131e+00 1.000000000000000056e-01
2.967000000000000171e+01 -2.176220162636989031e+00 1.452078662194335790e+00 1.000000000000000056e-01
2.967999999999999972e+01 -2.177827259555700667e+00 1.452025756895566566e+00 1.000000000000000056e-01
2.969000000000000128e+01 -2.179381507625678172e+00 1.451965081672081492e+00 1.000000000000000056e-01
2.969999999999999929e+01 -2.180882741386449997e+00 1.451896517972740330e+00 1.000000000000000056e-01
2.971000000000000085e+01 -2.182330804053842055e+00 1.451819948961968532e+00 1.000000000000000056e-01
2.971999999999999886e+01 -2.183725547504901776e+00 1.451735259602194406e+00 1.000000000000000056e-01
2.973000000000000043e+01 -2.185066832259832115e+00 1.451642336736257421e+00 1.000000000000000056e-01
2.974000000000000199e+01 -2.186354527461375596e+00 1.451541069167489928e+00 1.000000000000000056e-01
2.975000000000000000e+01 -2.187588510851505408e+00 1.451431347740595568e+00 1.000000000000000056e-01
2.976000000000000156e+01 -2.188768668746255308e+00 1.451313065419525872e+00 1.000000000000000056e-01
2.976999999999999957e+01 -2.189894896006459035e+00 1.451186117365858452e+00 1.000000000000000056e-01
2.978000000000000114e+01 -2.190967096008660686e+00 1.451050401015105518e+00 1.000000000000000056e-01
2.978999999999999915e+01 -2.191985180611474515e+00 1.450905816152234129e+00 1.000000000000000056e-01
2.980000000000000071e+01 -2.192949070121148036e+00 1.450752264985881279e+00 1.000000000000000056e-01
2.981000000000000227e+01 -2.193858693254324255e+00 1.450589652221312642e+00 1.000000000000000056e-01
2.982000000000000028e+01 -2.194713987099376595e+00 1.450417885132302853e+00 1.000000000000000056e-01
2.983000000000000185e+01 -2.195514897075086846e+00 1.450236873631266077e+00 1.000000000000000056e-01
2.983999999999999986e+01 -2.196261376887555627e+00 1.450046530338696460e+00 1.000000000000000056e-01
2.985000000000000142e+01 -2.196953388485591852e+00 1.449846770650983441e+00 1.000000000000000056e-01
2.985999999999999943e+01 -2.197590902013449199e+00 1.449637512805893813e+00 1.000000000000000056e-01
2.987000000000000099e+01 -2.198173895762227215e+00 1.449418677948722811e+00 1.000000000000000056e-01
2.987999999999999901e+01 -2.198702356118800161e+00 1.449190190194950656e+00 1.000000000000000056e-01
2.989000000000000057e+01 -2.199176277514114819e+00 1.448951976692221422e+00 1.000000000000000056e-01
2.990000000000000213e+01 -2.199595662367203719e+00 1.448703967680952776e+00 1.000000000000000056e-01
2.991000000000000014e+01 -2.199960521030609240e+00 1.448446096553810403e+00 1.000000000000000056e-01
2.992000000000000171e+01 -2.200270871730999112e+00 1.448178299911870193e+00 1.000000000000000056e-01
2.992999999999999972e+01 -2.200526740510197587e+00 1.447900517621210303e+00 1.000000000000000056e-01
2.994000000000000128e+01 -2.200728161163125307e+00 1.447612692867044748e+00 1.000000000000000056e-01
2.994999999999999929e+01 -2.200875175175441623e+00 1.447314772206039102e+00 1.000000000000000056e-01
2.996000000000000085e+01 -2.200967831658203089e+00 1.447006705616999733e+00 1.000000000000000056e-01
2.996999999999999886e+01 -2.201006187282315896e+00 1.446688446550603802e+00 1.000000000000000056e-01
2.998000000000000043e+01 -2.200990306211435765e+00 1.446359951976071256e+00 1.000000000000000056e-01
2.999000000000000199e+01 -2.200920260032649178e+00 1.446021182428261609e+00 1.000000000000000056e-01
3.000000000000000000e+01 -2.200796127687339343e+00 1.445672102049847307e+00 1.000000000000000056e-01
