/usr/local/lib/python3.12/dist-packages/stable_baselines3/ppo/ppo.py:155: UserWarning: You have specified a mini-batch size of 64, but because the `RolloutBuffer` is of size `n_steps * n_envs = 200`, after every 3 untruncated mini-batches, there will be a truncated mini-batch of size 8
We recommend using a `batch_size` that is a factor of `n_steps * n_envs`.
Info: (n_steps=200 and n_envs=1)
  warnings.warn(
/usr/local/lib/python3.12/dist-packages/stable_baselines3/common/on_policy_algorithm.py:150: UserWarning: You are trying to run PPO on the GPU, but it is primarily intended to run on the CPU when not using a CNN policy (you are using ActorCriticPolicy which should be a MlpPolicy). See https://github.com/DLR-RM/stable-baselines3/issues/1245 for more info. You can pass `device='cpu'` or `export CUDA_VISIBLE_DEVICES=` to force using the CPU.Note: The model will train, but the GPU utilization will be poor and the training might take longer than on CPU.
  warnings.warn(
======================================================================
Training SB3 Agent on Firedrake Environment
======================================================================
Algorithm: PPO
Environment: cylinder_znmf
Total timesteps: 100000
======================================================================

Environment configuration:
  Flow: cylinder_znmf
  Reynolds: 100
  Mesh: medium
  dt: 0.01
  num_substeps: 1
  Observation type: lift_drag

Environment created (Wrapped in Monitor, DummyVecEnv, VecNormalize):
  Observation space: Box(-inf, inf, (2,), float64)
  Action space: Box(-0.1, 0.1, (1,), float64)

Creating PPO model...
Using cuda device
✓ Model created

Log directory: /work/rl_logs/PPO_Firedrake_cylinder_znmf_20260923_033943

======================================================================
Starting training...
======================================================================

Logging to /work/rl_logs/PPO_Firedrake_cylinder_znmf_20260923_033943/PPO_run_1
----------------------------
| time/              |     |
|    fps             | 6   |
|    iterations      | 1   |
|    time_elapsed    | 29  |
|    total_timesteps | 200 |
----------------------------
-----------------------------------------
| time/                   |             |
|    fps                  | 6           |
|    iterations           | 2           |
|    time_elapsed         | 57          |
|    total_timesteps      | 400         |
| train/                  |             |
|    approx_kl            | 0.004544927 |
|    clip_fraction        | 0.0199      |
|    clip_range           | 0.2         |
|    entropy_loss         | -1.42       |
|    explained_variance   | -0.222      |
|    learning_rate        | 0.0003      |
|    loss                 | 0.954       |
|    n_updates            | 10          |
|    policy_gradient_loss | -0.00879    |
|    std                  | 1.01        |
|    value_loss           | 2.66        |
-----------------------------------------
------------------------------------------
| time/                   |              |
|    fps                  | 7            |
|    iterations           | 3            |
|    time_elapsed         | 85           |
|    total_timesteps      | 600          |
| train/                  |              |
|    approx_kl            | 0.0003842879 |
|    clip_fraction        | 0            |
|    clip_range           | 0.2          |
|    entropy_loss         | -1.43        |
|    explained_variance   | -1.53        |
|    learning_rate        | 0.0003       |
|    loss                 | 0.144        |
|    n_updates            | 20           |
|    policy_gradient_loss | -0.00056     |
|    std                  | 1.01         |
|    value_loss           | 0.438        |
------------------------------------------
-------------------------------------------
| time/                   |               |
|    fps                  | 7             |
|    iterations           | 4             |
|    time_elapsed         | 113           |
|    total_timesteps      | 800           |
| train/                  |               |
|    approx_kl            | 0.00014388794 |
|    clip_fraction        | 0             |
|    clip_range           | 0.2           |
|    entropy_loss         | -1.43         |
|    explained_variance   | -2.27         |
|    learning_rate        | 0.0003        |
|    loss                 | 0.0666        |
|    n_updates            | 30            |
|    policy_gradient_loss | -0.000782     |
|    std                  | 1             |
|    value_loss           | 0.239         |
-------------------------------------------
------------------------------------------
| time/                   |              |
|    fps                  | 7            |
|    iterations           | 5            |
|    time_elapsed         | 141          |
|    total_timesteps      | 1000         |
| train/                  |              |
|    approx_kl            | 0.0024946171 |
|    clip_fraction        | 0.00391      |
|    clip_range           | 0.2          |
|    entropy_loss         | -1.41        |
|    explained_variance   | 0.568        |
|    learning_rate        | 0.0003       |
|    loss                 | 0.0112       |
|    n_updates            | 40           |
|    policy_gradient_loss | -0.00273     |
|    std                  | 0.988        |
|    value_loss           | 0.0872       |
------------------------------------------
------------------------------------------
| time/                   |              |
|    fps                  | 7            |
|    iterations           | 6            |
|    time_elapsed         | 170          |
|    total_timesteps      | 1200         |
| train/                  |              |
|    approx_kl            | 0.0054917648 |
|    clip_fraction        | 0.0125       |
|    clip_range           | 0.2          |
|    entropy_loss         | -1.4         |
|    explained_variance   | -0.075       |
|    learning_rate        | 0.0003       |
|    loss                 | -0.0152      |
|    n_updates            | 50           |
|    policy_gradient_loss | -0.0057      |
|    std                  | 0.984        |
|    value_loss           | 0.156        |
------------------------------------------
------------------------------------------
| time/                   |              |
|    fps                  | 7            |
|    iterations           | 7            |
|    time_elapsed         | 198          |
|    total_timesteps      | 1400         |
| train/                  |              |
|    approx_kl            | 0.0032093285 |
|    clip_fraction        | 0.00313      |
|    clip_range           | 0.2          |
|    entropy_loss         | -1.4         |
|    explained_variance   | -4.75        |
|    learning_rate        | 0.0003       |
|    loss                 | -0.00321     |
|    n_updates            | 60           |
|    policy_gradient_loss | -0.00231     |
|    std                  | 0.983        |
|    value_loss           | 0.106        |
------------------------------------------
-----------------------------------------
| time/                   |             |
|    fps                  | 7           |
|    iterations           | 8           |
|    time_elapsed         | 226         |
|    total_timesteps      | 1600        |
| train/                  |             |
|    approx_kl            | 0.020689618 |
|    clip_fraction        | 0.119       |
|    clip_range           | 0.2         |
|    entropy_loss         | -1.4        |
|    explained_variance   | -0.408      |
|    learning_rate        | 0.0003      |
|    loss                 | -0.0148     |
|    n_updates            | 70          |
|    policy_gradient_loss | -0.0147     |
|    std                  | 0.988       |
|    value_loss           | 0.0748      |
-----------------------------------------
------------------------------------------
| time/                   |              |
|    fps                  | 7            |
|    iterations           | 9            |
|    time_elapsed         | 253          |
|    total_timesteps      | 1800         |
| train/                  |              |
|    approx_kl            | 0.0042412626 |
|    clip_fraction        | 0.0117       |
|    clip_range           | 0.2          |
|    entropy_loss         | -1.41        |
|    explained_variance   | -0.924       |
|    learning_rate        | 0.0003       |
|    loss                 | 0.033        |
|    n_updates            | 80           |
|    policy_gradient_loss | -0.000209    |
|    std                  | 0.988        |
|    value_loss           | 0.0782       |
------------------------------------------
------------------------------------------
| time/                   |              |
|    fps                  | 7            |
|    iterations           | 10           |
|    time_elapsed         | 281          |
|    total_timesteps      | 2000         |
| train/                  |              |
|    approx_kl            | 0.0027270212 |
|    clip_fraction        | 0.00469      |
|    clip_range           | 0.2          |
|    entropy_loss         | -1.41        |
|    explained_variance   | -2.39        |
|    learning_rate        | 0.0003       |
|    loss                 | 0.0179       |
|    n_updates            | 90           |
|    policy_gradient_loss | -0.00304     |
|    std                  | 0.996        |
|    value_loss           | 0.0683       |
------------------------------------------
-----------------------------------------
| time/                   |             |
|    fps                  | 7           |
|    iterations           | 11          |
|    time_elapsed         | 308         |
|    total_timesteps      | 2200        |
| train/                  |             |
|    approx_kl            | 0.009400235 |
|    clip_fraction        | 0.0402      |
|    clip_range           | 0.2         |
|    entropy_loss         | -1.42       |
|    explained_variance   | -2.04       |
|    learning_rate        | 0.0003      |
|    loss                 | 0.00735     |
|    n_updates            | 100         |
|    policy_gradient_loss | -0.0035     |
|    std                  | 1           |
|    value_loss           | 0.0637      |
-----------------------------------------
------------------------------------------
| time/                   |              |
|    fps                  | 7            |
|    iterations           | 12           |
|    time_elapsed         | 335          |
|    total_timesteps      | 2400         |
| train/                  |              |
|    approx_kl            | 0.0036609257 |
|    clip_fraction        | 0.00664      |
|    clip_range           | 0.2          |
|    entropy_loss         | -1.42        |
|    explained_variance   | 0.177        |
|    learning_rate        | 0.0003       |
|    loss                 | 0.03         |
|    n_updates            | 110          |
|    policy_gradient_loss | -0.00149     |
|    std                  | 0.995        |
|    value_loss           | 0.0436       |
------------------------------------------
-----------------------------------------
| time/                   |             |
|    fps                  | 7           |
|    iterations           | 13          |
|    time_elapsed         | 362         |
|    total_timesteps      | 2600        |
| train/                  |             |
|    approx_kl            | 0.001103506 |
|    clip_fraction        | 0.000391    |
|    clip_range           | 0.2         |
|    entropy_loss         | -1.41       |
|    explained_variance   | -0.686      |
|    learning_rate        | 0.0003      |
|    loss                 | -0.00393    |
|    n_updates            | 120         |
|    policy_gradient_loss | -0.00194    |
|    std                  | 0.986       |
|    value_loss           | 0.0455      |
-----------------------------------------
-----------------------------------------
| time/                   |             |
|    fps                  | 7           |
|    iterations           | 14          |
|    time_elapsed         | 389         |
|    total_timesteps      | 2800        |
| train/                  |             |
|    approx_kl            | 0.005932195 |
|    clip_fraction        | 0.0598      |
|    clip_range           | 0.2         |
|    entropy_loss         | -1.4        |
|    explained_variance   | -1.25       |
|    learning_rate        | 0.0003      |
|    loss                 | 0.0567      |
|    n_updates            | 130         |
|    policy_gradient_loss | -0.00618    |
|    std                  | 0.981       |
|    value_loss           | 0.0367      |
-----------------------------------------
-----------------------------------------
| time/                   |             |
|    fps                  | 7           |
|    iterations           | 15          |
|    time_elapsed         | 416         |
|    total_timesteps      | 3000        |
| train/                  |             |
|    approx_kl            | 0.008675717 |
|    clip_fraction        | 0.0379      |
|    clip_range           | 0.2         |
|    entropy_loss         | -1.4        |
|    explained_variance   | -1.68       |
|    learning_rate        | 0.0003      |
|    loss                 | -0.00453    |
|    n_updates            | 140         |
|    policy_gradient_loss | -0.00236    |
|    std                  | 0.983       |
|    value_loss           | 0.039       |
-----------------------------------------
------------------------------------------
| time/                   |              |
|    fps                  | 7            |
|    iterations           | 16           |
|    time_elapsed         | 443          |
|    total_timesteps      | 3200         |
| train/                  |              |
|    approx_kl            | 0.0025387271 |
|    clip_fraction        | 0.000781     |
|    clip_range           | 0.2          |
|    entropy_loss         | -1.4         |
|    explained_variance   | -0.889       |
|    learning_rate        | 0.0003       |
|    loss                 | 0.0193       |
|    n_updates            | 150          |
|    policy_gradient_loss | -0.000312    |
|    std                  | 0.984        |
|    value_loss           | 0.0329       |
------------------------------------------
------------------------------------------
| time/                   |              |
|    fps                  | 7            |
|    iterations           | 17           |
|    time_elapsed         | 471          |
|    total_timesteps      | 3400         |
| train/                  |              |
|    approx_kl            | 0.0018949015 |
|    clip_fraction        | 0.00664      |
|    clip_range           | 0.2          |
|    entropy_loss         | -1.4         |
|    explained_variance   | 0.355        |
|    learning_rate        | 0.0003       |
|    loss                 | -0.0146      |
|    n_updates            | 160          |
|    policy_gradient_loss | -0.00334     |
|    std                  | 0.982        |
|    value_loss           | 0.0303       |
------------------------------------------
------------------------------------------
| time/                   |              |
|    fps                  | 7            |
|    iterations           | 18           |
|    time_elapsed         | 498          |
|    total_timesteps      | 3600         |
| train/                  |              |
|    approx_kl            | 0.0019749731 |
|    clip_fraction        | 0.000391     |
|    clip_range           | 0.2          |
|    entropy_loss         | -1.4         |
|    explained_variance   | 0.174        |
|    learning_rate        | 0.0003       |
|    loss                 | 0.0126       |
|    n_updates            | 170          |
|    policy_gradient_loss | 0.000634     |
|    std                  | 0.981        |
|    value_loss           | 0.0382       |
------------------------------------------
------------------------------------------
| time/                   |              |
|    fps                  | 7            |
|    iterations           | 19           |
|    time_elapsed         | 525          |
|    total_timesteps      | 3800         |
| train/                  |              |
|    approx_kl            | 0.0011456455 |
|    clip_fraction        | 0            |
|    clip_range           | 0.2          |
|    entropy_loss         | -1.4         |
|    explained_variance   | -1.08        |
|    learning_rate        | 0.0003       |
|    loss                 | 0.000577     |
|    n_updates            | 180          |
|    policy_gradient_loss | -0.000941    |
|    std                  | 0.986        |
|    value_loss           | 0.0555       |
------------------------------------------
-----------------------------------------
| time/                   |             |
|    fps                  | 7           |
|    iterations           | 20          |
|    time_elapsed         | 552         |
|    total_timesteps      | 4000        |
| train/                  |             |
|    approx_kl            | 0.014937024 |
|    clip_fraction        | 0.122       |
|    clip_range           | 0.2         |
|    entropy_loss         | -1.4        |
|    explained_variance   | -9.93       |
|    learning_rate        | 0.0003      |
|    loss                 | -0.00964    |
|    n_updates            | 190         |
|    policy_gradient_loss | -0.0144     |
|    std                  | 0.985       |
|    value_loss           | 0.0244      |
-----------------------------------------
------------------------------------------
| time/                   |              |
|    fps                  | 7            |
|    iterations           | 21           |
|    time_elapsed         | 579          |
|    total_timesteps      | 4200         |
| train/                  |              |
|    approx_kl            | 0.0043736086 |
|    clip_fraction        | 0.0082       |
|    clip_range           | 0.2          |
|    entropy_loss         | -1.4         |
|    explained_variance   | -3.02        |
|    learning_rate        | 0.0003       |
|    loss                 | -0.0545      |
|    n_updates            | 200          |
|    policy_gradient_loss | -0.00229     |
|    std                  | 0.985        |
|    value_loss           | 0.0417       |
------------------------------------------
-----------------------------------------
| time/                   |             |
|    fps                  | 7           |
|    iterations           | 22          |
|    time_elapsed         | 607         |
|    total_timesteps      | 4400        |
| train/                  |             |
|    approx_kl            | 0.011051153 |
|    clip_fraction        | 0.0297      |
|    clip_range           | 0.2         |
|    entropy_loss         | -1.4        |
|    explained_variance   | -2.3        |
|    learning_rate        | 0.0003      |
|    loss                 | 0.00995     |
|    n_updates            | 210         |
|    policy_gradient_loss | -0.00338    |
|    std                  | 0.986       |
|    value_loss           | 0.0276      |
-----------------------------------------
------------------------------------------
| time/                   |              |
|    fps                  | 7            |
|    iterations           | 23           |
|    time_elapsed         | 634          |
|    total_timesteps      | 4600         |
| train/                  |              |
|    approx_kl            | 0.0037378985 |
|    clip_fraction        | 0.0156       |
|    clip_range           | 0.2          |
|    entropy_loss         | -1.41        |
|    explained_variance   | 0.164        |
|    learning_rate        | 0.0003       |
|    loss                 | -0.00853     |
|    n_updates            | 220          |
|    policy_gradient_loss | -0.0041      |
|    std                  | 0.987        |
|    value_loss           | 0.0257       |
------------------------------------------
------------------------------------------
| time/                   |              |
|    fps                  | 7            |
|    iterations           | 24           |
|    time_elapsed         | 661          |
|    total_timesteps      | 4800         |
| train/                  |              |
|    approx_kl            | 0.0030750758 |
|    clip_fraction        | 0.00625      |
|    clip_range           | 0.2          |
|    entropy_loss         | -1.4         |
|    explained_variance   | -0.188       |
|    learning_rate        | 0.0003       |
|    loss                 | 0.0442       |
|    n_updates            | 230          |
|    policy_gradient_loss | 0.000342     |
|    std                  | 0.984        |
|    value_loss           | 0.0284       |
------------------------------------------
------------------------------------------
| time/                   |              |
|    fps                  | 7            |
|    iterations           | 25           |
|    time_elapsed         | 688          |
|    total_timesteps      | 5000         |
| train/                  |              |
|    approx_kl            | 0.0036992847 |
|    clip_fraction        | 0.00859      |
|    clip_range           | 0.2          |
|    entropy_loss         | -1.4         |
|    explained_variance   | -0.191       |
|    learning_rate        | 0.0003       |
|    loss                 | -0.000505    |
|    n_updates            | 240          |
|    policy_gradient_loss | -0.00297     |
|    std                  | 0.982        |
|    value_loss           | 0.0228       |
------------------------------------------
-----------------------------------------
| rollout/                |             |
|    ep_len_mean          | 5e+03       |
|    ep_rew_mean          | -74.8       |
| time/                   |             |
|    fps                  | 7           |
|    iterations           | 26          |
|    time_elapsed         | 715         |
|    total_timesteps      | 5200        |
| train/                  |             |
|    approx_kl            | 0.004557441 |
|    clip_fraction        | 0.0379      |
|    clip_range           | 0.2         |
|    entropy_loss         | -1.4        |
|    explained_variance   | -0.394      |
|    learning_rate        | 0.0003      |
|    loss                 | 0.00466     |
|    n_updates            | 250         |
|    policy_gradient_loss | -0.0033     |
|    std                  | 0.984       |
|    value_loss           | 0.0177      |
-----------------------------------------
----------------------------------------
| rollout/                |            |
|    ep_len_mean          | 5e+03      |
|    ep_rew_mean          | -74.8      |
| time/                   |            |
|    fps                  | 7          |
|    iterations           | 27         |
|    time_elapsed         | 743        |
|    total_timesteps      | 5400       |
| train/                  |            |
|    approx_kl            | 0.00841603 |
|    clip_fraction        | 0.0477     |
|    clip_range           | 0.2        |
|    entropy_loss         | -1.41      |
|    explained_variance   | -1.18      |
|    learning_rate        | 0.0003     |
|    loss                 | -0.0368    |
|    n_updates            | 260        |
|    policy_gradient_loss | -0.0126    |
|    std                  | 0.991      |
|    value_loss           | 0.00544    |
----------------------------------------
------------------------------------------
| rollout/                |              |
|    ep_len_mean          | 5e+03        |
|    ep_rew_mean          | -74.8        |
| time/                   |              |
|    fps                  | 7            |
|    iterations           | 28           |
|    time_elapsed         | 770          |
|    total_timesteps      | 5600         |
| train/                  |              |
|    approx_kl            | 0.0014202471 |
|    clip_fraction        | 0.00156      |
|    clip_range           | 0.2          |
|    entropy_loss         | -1.41        |
|    explained_variance   | -2.83        |
|    learning_rate        | 0.0003       |
|    loss                 | -0.0147      |
|    n_updates            | 270          |
|    policy_gradient_loss | -0.00319     |
|    std                  | 1            |
|    value_loss           | 0.0158       |
------------------------------------------
------------------------------------------
| rollout/                |              |
|    ep_len_mean          | 5e+03        |
|    ep_rew_mean          | -74.8        |
| time/                   |              |
|    fps                  | 7            |
|    iterations           | 29           |
|    time_elapsed         | 797          |
|    total_timesteps      | 5800         |
| train/                  |              |
|    approx_kl            | 0.0072976076 |
|    clip_fraction        | 0.0262       |
|    clip_range           | 0.2          |
|    entropy_loss         | -1.42        |
|    explained_variance   | -28.1        |
|    learning_rate        | 0.0003       |
|    loss                 | -0.0349      |
|    n_updates            | 280          |
|    policy_gradient_loss | -0.00529     |
|    std                  | 1            |
|    value_loss           | 0.0137       |
------------------------------------------
-----------------------------------------
| rollout/                |             |
|    ep_len_mean          | 5e+03       |
|    ep_rew_mean          | -74.8       |
| time/                   |             |
|    fps                  | 7           |
|    iterations           | 30          |
|    time_elapsed         | 824         |
|    total_timesteps      | 6000        |
| train/                  |             |
|    approx_kl            | 0.014903874 |
|    clip_fraction        | 0.153       |
|    clip_range           | 0.2         |
|    entropy_loss         | -1.42       |
|    explained_variance   | -1.55       |
|    learning_rate        | 0.0003      |
|    loss                 | -0.0598     |
|    n_updates            | 290         |
|    policy_gradient_loss | -0.0149     |
|    std                  | 1.01        |
|    value_loss           | 0.0059      |
-----------------------------------------
-----------------------------------------
| rollout/                |             |
|    ep_len_mean          | 5e+03       |
|    ep_rew_mean          | -74.8       |
| time/                   |             |
|    fps                  | 7           |
|    iterations           | 31          |
|    time_elapsed         | 851         |
|    total_timesteps      | 6200        |
| train/                  |             |
|    approx_kl            | 0.006598664 |
|    clip_fraction        | 0.0563      |
|    clip_range           | 0.2         |
|    entropy_loss         | -1.42       |
|    explained_variance   | -23.6       |
|    learning_rate        | 0.0003      |
|    loss                 | -0.0217     |
|    n_updates            | 300         |
|    policy_gradient_loss | -0.00946    |
|    std                  | 1.01        |
|    value_loss           | 0.00585     |
-----------------------------------------
-----------------------------------------
| rollout/                |             |
|    ep_len_mean          | 5e+03       |
|    ep_rew_mean          | -74.8       |
| time/                   |             |
|    fps                  | 7           |
|    iterations           | 32          |
|    time_elapsed         | 878         |
|    total_timesteps      | 6400        |
| train/                  |             |
|    approx_kl            | 0.008537502 |
|    clip_fraction        | 0.0695      |
|    clip_range           | 0.2         |
|    entropy_loss         | -1.42       |
|    explained_variance   | -0.508      |
|    learning_rate        | 0.0003      |
|    loss                 | -0.0175     |
|    n_updates            | 310         |
|    policy_gradient_loss | -0.00644    |
|    std                  | 1.01        |
|    value_loss           | 0.00405     |
-----------------------------------------
-----------------------------------------
| rollout/                |             |
|    ep_len_mean          | 5e+03       |
|    ep_rew_mean          | -74.8       |
| time/                   |             |
|    fps                  | 7           |
|    iterations           | 33          |
|    time_elapsed         | 906         |
|    total_timesteps      | 6600        |
| train/                  |             |
|    approx_kl            | 0.010881832 |
|    clip_fraction        | 0.0926      |
|    clip_range           | 0.2         |
|    entropy_loss         | -1.43       |
|    explained_variance   | -0.644      |
|    learning_rate        | 0.0003      |
|    loss                 | -0.00894    |
|    n_updates            | 320         |
|    policy_gradient_loss | -0.0115     |
|    std                  | 1.01        |
|    value_loss           | 0.00531     |
-----------------------------------------
------------------------------------------
| rollout/                |              |
|    ep_len_mean          | 5e+03        |
|    ep_rew_mean          | -74.8        |
| time/                   |              |
|    fps                  | 7            |
|    iterations           | 34           |
|    time_elapsed         | 933          |
|    total_timesteps      | 6800         |
| train/                  |              |
|    approx_kl            | 0.0019184116 |
|    clip_fraction        | 0.00117      |
|    clip_range           | 0.2          |
|    entropy_loss         | -1.43        |
|    explained_variance   | 0.349        |
|    learning_rate        | 0.0003       |
|    loss                 | -0.0369      |
|    n_updates            | 330          |
|    policy_gradient_loss | -0.00271     |
|    std                  | 1.01         |
|    value_loss           | 0.00365      |
------------------------------------------
------------------------------------------
| rollout/                |              |
|    ep_len_mean          | 5e+03        |
|    ep_rew_mean          | -74.8        |
| time/                   |              |
|    fps                  | 7            |
|    iterations           | 35           |
|    time_elapsed         | 960          |
|    total_timesteps      | 7000         |
| train/                  |              |
|    approx_kl            | 0.0073138056 |
|    clip_fraction        | 0.107        |
|    clip_range           | 0.2          |
|    entropy_loss         | -1.43        |
|    explained_variance   | 0.0667       |
|    learning_rate        | 0.0003       |
|    loss                 | 0.0051       |
|    n_updates            | 340          |
|    policy_gradient_loss | -0.00624     |
|    std                  | 1.01         |
|    value_loss           | 0.0056       |
------------------------------------------
------------------------------------------
| rollout/                |              |
|    ep_len_mean          | 5e+03        |
|    ep_rew_mean          | -74.8        |
| time/                   |              |
|    fps                  | 7            |
|    iterations           | 36           |
|    time_elapsed         | 987          |
|    total_timesteps      | 7200         |
| train/                  |              |
|    approx_kl            | 0.0030924291 |
|    clip_fraction        | 0.0324       |
|    clip_range           | 0.2          |
|    entropy_loss         | -1.43        |
|    explained_variance   | -5.62        |
|    learning_rate        | 0.0003       |
|    loss                 | 0.0058       |
|    n_updates            | 350          |
|    policy_gradient_loss | -0.00359     |
|    std                  | 1.01         |
|    value_loss           | 0.00385      |
------------------------------------------
----------------------------------------
| rollout/                |            |
|    ep_len_mean          | 5e+03      |
|    ep_rew_mean          | -74.8      |
| time/                   |            |
|    fps                  | 7          |
|    iterations           | 37         |
|    time_elapsed         | 1014       |
|    total_timesteps      | 7400       |
| train/                  |            |
|    approx_kl            | 0.01588879 |
|    clip_fraction        | 0.104      |
|    clip_range           | 0.2        |
|    entropy_loss         | -1.43      |
|    explained_variance   | 0.062      |
|    learning_rate        | 0.0003     |
|    loss                 | -0.0598    |
|    n_updates            | 360        |
|    policy_gradient_loss | -0.0125    |
|    std                  | 1.01       |
|    value_loss           | 0.00435    |
----------------------------------------
-----------------------------------------
| rollout/                |             |
|    ep_len_mean          | 5e+03       |
|    ep_rew_mean          | -74.8       |
| time/                   |             |
|    fps                  | 7           |
|    iterations           | 38          |
|    time_elapsed         | 1042        |
|    total_timesteps      | 7600        |
| train/                  |             |
|    approx_kl            | 0.004985196 |
|    clip_fraction        | 0.0555      |
|    clip_range           | 0.2         |
|    entropy_loss         | -1.43       |
|    explained_variance   | 0.36        |
|    learning_rate        | 0.0003      |
|    loss                 | -0.0283     |
|    n_updates            | 370         |
|    policy_gradient_loss | -0.00283    |
|    std                  | 1.01        |
|    value_loss           | 0.00322     |
-----------------------------------------
-----------------------------------------
| rollout/                |             |
|    ep_len_mean          | 5e+03       |
|    ep_rew_mean          | -74.8       |
| time/                   |             |
|    fps                  | 7           |
|    iterations           | 39          |
|    time_elapsed         | 1069        |
|    total_timesteps      | 7800        |
| train/                  |             |
|    approx_kl            | 0.007751425 |
|    clip_fraction        | 0.108       |
|    clip_range           | 0.2         |
|    entropy_loss         | -1.42       |
|    explained_variance   | -2.75       |
|    learning_rate        | 0.0003      |
|    loss                 | 0.0072      |
|    n_updates            | 380         |
|    policy_gradient_loss | -0.0115     |
|    std                  | 1           |
|    value_loss           | 0.00516     |
-----------------------------------------
-----------------------------------------
| rollout/                |             |
|    ep_len_mean          | 5e+03       |
|    ep_rew_mean          | -74.8       |
| time/                   |             |
|    fps                  | 7           |
|    iterations           | 40          |
|    time_elapsed         | 1096        |
|    total_timesteps      | 8000        |
| train/                  |             |
|    approx_kl            | 0.007233304 |
|    clip_fraction        | 0.0695      |
|    clip_range           | 0.2         |
|    entropy_loss         | -1.42       |
|    explained_variance   | -4.65       |
|    learning_rate        | 0.0003      |
|    loss                 | -0.0385     |
|    n_updates            | 390         |
|    policy_gradient_loss | -0.00617    |
|    std                  | 1           |
|    value_loss           | 0.00259     |
-----------------------------------------
------------------------------------------
| rollout/                |              |
|    ep_len_mean          | 5e+03        |
|    ep_rew_mean          | -74.8        |
| time/                   |              |
|    fps                  | 7            |
|    iterations           | 41           |
|    time_elapsed         | 1123         |
|    total_timesteps      | 8200         |
| train/                  |              |
|    approx_kl            | 0.0032080445 |
|    clip_fraction        | 0.018        |
|    clip_range           | 0.2          |
|    entropy_loss         | -1.42        |
|    explained_variance   | -4.35        |
|    learning_rate        | 0.0003       |
|    loss                 | -0.0163      |
|    n_updates            | 400          |
|    policy_gradient_loss | -0.0005      |
|    std                  | 0.998        |
|    value_loss           | 0.00362      |
------------------------------------------
------------------------------------------
| rollout/                |              |
|    ep_len_mean          | 5e+03        |
|    ep_rew_mean          | -74.8        |
| time/                   |              |
|    fps                  | 7            |
|    iterations           | 42           |
|    time_elapsed         | 1151         |
|    total_timesteps      | 8400         |
| train/                  |              |
|    approx_kl            | 0.0021174182 |
|    clip_fraction        | 0.000391     |
|    clip_range           | 0.2          |
|    entropy_loss         | -1.42        |
|    explained_variance   | -9.64        |
|    learning_rate        | 0.0003       |
|    loss                 | -0.0047      |
|    n_updates            | 410          |
|    policy_gradient_loss | 6.82e-05     |
|    std                  | 0.994        |
|    value_loss           | 0.00521      |
------------------------------------------
-----------------------------------------
| rollout/                |             |
|    ep_len_mean          | 5e+03       |
|    ep_rew_mean          | -74.8       |
| time/                   |             |
|    fps                  | 7           |
|    iterations           | 43          |
|    time_elapsed         | 1178        |
|    total_timesteps      | 8600        |
| train/                  |             |
|    approx_kl            | 0.002565085 |
|    clip_fraction        | 0.0406      |
|    clip_range           | 0.2         |
|    entropy_loss         | -1.41       |
|    explained_variance   | -0.226      |
|    learning_rate        | 0.0003      |
|    loss                 | -0.000762   |
|    n_updates            | 420         |
|    policy_gradient_loss | -0.00525    |
|    std                  | 0.994       |
|    value_loss           | 0.00373     |
-----------------------------------------
-----------------------------------------
| rollout/                |             |
|    ep_len_mean          | 5e+03       |
|    ep_rew_mean          | -74.8       |
| time/                   |             |
|    fps                  | 7           |
|    iterations           | 44          |
|    time_elapsed         | 1205        |
|    total_timesteps      | 8800        |
| train/                  |             |
|    approx_kl            | 0.003998484 |
|    clip_fraction        | 0.0719      |
|    clip_range           | 0.2         |
|    entropy_loss         | -1.41       |
|    explained_variance   | -0.374      |
|    learning_rate        | 0.0003      |
|    loss                 | -0.03       |
|    n_updates            | 430         |
|    policy_gradient_loss | -0.00791    |
|    std                  | 0.99        |
|    value_loss           | 0.00333     |
-----------------------------------------
------------------------------------------
| rollout/                |              |
|    ep_len_mean          | 5e+03        |
|    ep_rew_mean          | -74.8        |
| time/                   |              |
|    fps                  | 7            |
|    iterations           | 45           |
|    time_elapsed         | 1232         |
|    total_timesteps      | 9000         |
| train/                  |              |
|    approx_kl            | 0.0044712573 |
|    clip_fraction        | 0.0164       |
|    clip_range           | 0.2          |
|    entropy_loss         | -1.41        |
|    explained_variance   | 0.548        |
|    learning_rate        | 0.0003       |
|    loss                 | 0.00957      |
|    n_updates            | 440          |
|    policy_gradient_loss | -0.00311     |
|    std                  | 0.983        |
|    value_loss           | 0.00254      |
------------------------------------------
-----------------------------------------
| rollout/                |             |
|    ep_len_mean          | 5e+03       |
|    ep_rew_mean          | -74.8       |
| time/                   |             |
|    fps                  | 7           |
|    iterations           | 46          |
|    time_elapsed         | 1259        |
|    total_timesteps      | 9200        |
| train/                  |             |
|    approx_kl            | 0.003871149 |
|    clip_fraction        | 0.0082      |
|    clip_range           | 0.2         |
|    entropy_loss         | -1.4        |
|    explained_variance   | 0.289       |
|    learning_rate        | 0.0003      |
|    loss                 | -0.0383     |
|    n_updates            | 450         |
|    policy_gradient_loss | -0.00136    |
|    std                  | 0.979       |
|    value_loss           | 0.0127      |
-----------------------------------------
------------------------------------------
| rollout/                |              |
|    ep_len_mean          | 5e+03        |
|    ep_rew_mean          | -74.8        |
| time/                   |              |
|    fps                  | 7            |
|    iterations           | 47           |
|    time_elapsed         | 1287         |
|    total_timesteps      | 9400         |
| train/                  |              |
|    approx_kl            | 0.0012893665 |
|    clip_fraction        | 0.0195       |
|    clip_range           | 0.2          |
|    entropy_loss         | -1.39        |
|    explained_variance   | -0.141       |
|    learning_rate        | 0.0003       |
|    loss                 | 0.0114       |
|    n_updates            | 460          |
|    policy_gradient_loss | 0.000516     |
|    std                  | 0.973        |
|    value_loss           | 0.005        |
------------------------------------------
-----------------------------------------
| rollout/                |             |
|    ep_len_mean          | 5e+03       |
|    ep_rew_mean          | -74.8       |
| time/                   |             |
|    fps                  | 7           |
|    iterations           | 48          |
|    time_elapsed         | 1314        |
|    total_timesteps      | 9600        |
| train/                  |             |
|    approx_kl            | 0.012708051 |
|    clip_fraction        | 0.0992      |
|    clip_range           | 0.2         |
|    entropy_loss         | -1.39       |
|    explained_variance   | -3.82       |
|    learning_rate        | 0.0003      |
|    loss                 | 0.0967      |
|    n_updates            | 470         |
|    policy_gradient_loss | -0.0105     |
|    std                  | 0.975       |
|    value_loss           | 0.00345     |
-----------------------------------------
-----------------------------------------
| rollout/                |             |
|    ep_len_mean          | 5e+03       |
|    ep_rew_mean          | -74.8       |
| time/                   |             |
|    fps                  | 7           |
|    iterations           | 49          |
|    time_elapsed         | 1341        |
|    total_timesteps      | 9800        |
| train/                  |             |
|    approx_kl            | 0.006452265 |
|    clip_fraction        | 0.0496      |
|    clip_range           | 0.2         |
|    entropy_loss         | -1.4        |
|    explained_variance   | -0.467      |
|    learning_rate        | 0.0003      |
|    loss                 | 0.0364      |
|    n_updates            | 480         |
|    policy_gradient_loss | -0.0063     |
|    std                  | 0.989       |
|    value_loss           | 0.00275     |
-----------------------------------------
------------------------------------------
| rollout/                |              |
|    ep_len_mean          | 5e+03        |
|    ep_rew_mean          | -74.8        |
| time/                   |              |
|    fps                  | 7            |
|    iterations           | 50           |
|    time_elapsed         | 1368         |
|    total_timesteps      | 10000        |
| train/                  |              |
|    approx_kl            | 0.0016554818 |
|    clip_fraction        | 0.0102       |
|    clip_range           | 0.2          |
|    entropy_loss         | -1.41        |
|    explained_variance   | -1.54        |
|    learning_rate        | 0.0003       |
|    loss                 | 0.0115       |
|    n_updates            | 490          |
|    policy_gradient_loss | -0.00253     |
|    std                  | 0.991        |
|    value_loss           | 0.00496      |
------------------------------------------
------------------------------------------
| rollout/                |              |
|    ep_len_mean          | 5e+03        |
|    ep_rew_mean          | -75          |
| time/                   |              |
|    fps                  | 7            |
|    iterations           | 51           |
|    time_elapsed         | 1396         |
|    total_timesteps      | 10200        |
| train/                  |              |
|    approx_kl            | 0.0068737487 |
|    clip_fraction        | 0.112        |
|    clip_range           | 0.2          |
|    entropy_loss         | -1.41        |
|    explained_variance   | -0.151       |
|    learning_rate        | 0.0003       |
|    loss                 | 0.0546       |
|    n_updates            | 500          |
|    policy_gradient_loss | -0.00639     |
|    std                  | 0.994        |
|    value_loss           | 0.00293      |
------------------------------------------
-----------------------------------------
| rollout/                |             |
|    ep_len_mean          | 5e+03       |
|    ep_rew_mean          | -75         |
| time/                   |             |
|    fps                  | 7           |
|    iterations           | 52          |
|    time_elapsed         | 1423        |
|    total_timesteps      | 10400       |
| train/                  |             |
|    approx_kl            | 0.003981452 |
|    clip_fraction        | 0.0168      |
|    clip_range           | 0.2         |
|    entropy_loss         | -1.42       |
|    explained_variance   | -6.29       |
|    learning_rate        | 0.0003      |
|    loss                 | 0.0425      |
|    n_updates            | 510         |
|    policy_gradient_loss | 0.00125     |
|    std                  | 1           |
|    value_loss           | 0.00525     |
-----------------------------------------
-----------------------------------------
| rollout/                |             |
|    ep_len_mean          | 5e+03       |
|    ep_rew_mean          | -75         |
| time/                   |             |
|    fps                  | 7           |
|    iterations           | 53          |
|    time_elapsed         | 1450        |
|    total_timesteps      | 10600       |
| train/                  |             |
|    approx_kl            | 0.007866772 |
|    clip_fraction        | 0.0328      |
|    clip_range           | 0.2         |
|    entropy_loss         | -1.42       |
|    explained_variance   | -4.74       |
|    learning_rate        | 0.0003      |
|    loss                 | 0.0206      |
|    n_updates            | 520         |
|    policy_gradient_loss | -0.000906   |
|    std                  | 0.998       |
|    value_loss           | 0.00335     |
-----------------------------------------
-----------------------------------------
| rollout/                |             |
|    ep_len_mean          | 5e+03       |
|    ep_rew_mean          | -75         |
| time/                   |             |
|    fps                  | 7           |
|    iterations           | 54          |
|    time_elapsed         | 1478        |
|    total_timesteps      | 10800       |
| train/                  |             |
|    approx_kl            | 0.007976327 |
|    clip_fraction        | 0.102       |
|    clip_range           | 0.2         |
|    entropy_loss         | -1.42       |
|    explained_variance   | -0.407      |
|    learning_rate        | 0.0003      |
|    loss                 | 0.0546      |
|    n_updates            | 530         |
|    policy_gradient_loss | -0.00604    |
|    std                  | 0.994       |
|    value_loss           | 0.00273     |
-----------------------------------------
------------------------------------------
| rollout/                |              |
|    ep_len_mean          | 5e+03        |
|    ep_rew_mean          | -75          |
| time/                   |              |
|    fps                  | 7            |
|    iterations           | 55           |
|    time_elapsed         | 1505         |
|    total_timesteps      | 11000        |
| train/                  |              |
|    approx_kl            | 0.0063857487 |
|    clip_fraction        | 0.0559       |
|    clip_range           | 0.2          |
|    entropy_loss         | -1.41        |
|    explained_variance   | -0.173       |
|    learning_rate        | 0.0003       |
|    loss                 | -0.0677      |
|    n_updates            | 540          |
|    policy_gradient_loss | -0.0104      |
|    std                  | 0.996        |
|    value_loss           | 0.00111      |
------------------------------------------
-----------------------------------------
| rollout/                |             |
|    ep_len_mean          | 5e+03       |
|    ep_rew_mean          | -75         |
| time/                   |             |
|    fps                  | 7           |
|    iterations           | 56          |
|    time_elapsed         | 1532        |
|    total_timesteps      | 11200       |
| train/                  |             |
|    approx_kl            | 0.004419486 |
|    clip_fraction        | 0.102       |
|    clip_range           | 0.2         |
|    entropy_loss         | -1.42       |
|    explained_variance   | 0.322       |
|    learning_rate        | 0.0003      |
|    loss                 | 0.00395     |
|    n_updates            | 550         |
|    policy_gradient_loss | -0.00877    |
|    std                  | 0.996       |
|    value_loss           | 0.000536    |
-----------------------------------------
----------------------------------------
| rollout/                |            |
|    ep_len_mean          | 5e+03      |
|    ep_rew_mean          | -75        |
| time/                   |            |
|    fps                  | 7          |
|    iterations           | 57         |
|    time_elapsed         | 1560       |
|    total_timesteps      | 11400      |
| train/                  |            |
|    approx_kl            | 0.00405691 |
|    clip_fraction        | 0.0746     |
|    clip_range           | 0.2        |
|    entropy_loss         | -1.41      |
|    explained_variance   | 0.17       |
|    learning_rate        | 0.0003     |
|    loss                 | -0.03      |
|    n_updates            | 560        |
|    policy_gradient_loss | -0.00449   |
|    std                  | 0.993      |
|    value_loss           | 0.000788   |
----------------------------------------
------------------------------------------
| rollout/                |              |
|    ep_len_mean          | 5e+03        |
|    ep_rew_mean          | -75          |
| time/                   |              |
|    fps                  | 7            |
|    iterations           | 58           |
|    time_elapsed         | 1587         |
|    total_timesteps      | 11600        |
| train/                  |              |
|    approx_kl            | 0.0041963225 |
|    clip_fraction        | 0.0988       |
|    clip_range           | 0.2          |
|    entropy_loss         | -1.41        |
|    explained_variance   | -1.81        |
|    learning_rate        | 0.0003       |
|    loss                 | -0.058       |
|    n_updates            | 570          |
|    policy_gradient_loss | -0.00969     |
|    std                  | 0.99         |
|    value_loss           | 0.000304     |
------------------------------------------
------------------------------------------
| rollout/                |              |
|    ep_len_mean          | 5e+03        |
|    ep_rew_mean          | -75          |
| time/                   |              |
|    fps                  | 7            |
|    iterations           | 59           |
|    time_elapsed         | 1614         |
|    total_timesteps      | 11800        |
| train/                  |              |
|    approx_kl            | 0.0008561781 |
|    clip_fraction        | 0            |
|    clip_range           | 0.2          |
|    entropy_loss         | -1.41        |
|    explained_variance   | -3.85        |
|    learning_rate        | 0.0003       |
|    loss                 | -0.00464     |
|    n_updates            | 580          |
|    policy_gradient_loss | -0.000198    |
|    std                  | 0.983        |
|    value_loss           | 0.000369     |
------------------------------------------
------------------------------------------
| rollout/                |              |
|    ep_len_mean          | 5e+03        |
|    ep_rew_mean          | -75          |
| time/                   |              |
|    fps                  | 7            |
|    iterations           | 60           |
|    time_elapsed         | 1642         |
|    total_timesteps      | 12000        |
| train/                  |              |
|    approx_kl            | 0.0061593177 |
|    clip_fraction        | 0.05         |
|    clip_range           | 0.2          |
|    entropy_loss         | -1.4         |
|    explained_variance   | -6.95        |
|    learning_rate        | 0.0003       |
|    loss                 | 0.0061       |
|    n_updates            | 590          |
|    policy_gradient_loss | -0.00893     |
|    std                  | 0.982        |
|    value_loss           | 0.00118      |
------------------------------------------
------------------------------------------
| rollout/                |              |
|    ep_len_mean          | 5e+03        |
|    ep_rew_mean          | -75          |
| time/                   |              |
|    fps                  | 7            |
|    iterations           | 61           |
|    time_elapsed         | 1669         |
|    total_timesteps      | 12200        |
| train/                  |              |
|    approx_kl            | 0.0012815252 |
|    clip_fraction        | 0.00195      |
|    clip_range           | 0.2          |
|    entropy_loss         | -1.4         |
|    explained_variance   | -3.6         |
|    learning_rate        | 0.0003       |
|    loss                 | 0.0124       |
|    n_updates            | 600          |
|    policy_gradient_loss | -0.00198     |
|    std                  | 0.974        |
|    value_loss           | 0.000357     |
------------------------------------------
-----------------------------------------
| rollout/                |             |
|    ep_len_mean          | 5e+03       |
|    ep_rew_mean          | -75         |
| time/                   |             |
|    fps                  | 7           |
|    iterations           | 62          |
|    time_elapsed         | 1696        |
|    total_timesteps      | 12400       |
| train/                  |             |
|    approx_kl            | 0.006053049 |
|    clip_fraction        | 0.0148      |
|    clip_range           | 0.2         |
|    entropy_loss         | -1.39       |
|    explained_variance   | -1.31       |
|    learning_rate        | 0.0003      |
|    loss                 | -0.000442   |
|    n_updates            | 610         |
|    policy_gradient_loss | -0.00167    |
|    std                  | 0.976       |
|    value_loss           | 0.000331    |
-----------------------------------------
------------------------------------------
| rollout/                |              |
|    ep_len_mean          | 5e+03        |
|    ep_rew_mean          | -75          |
| time/                   |              |
|    fps                  | 7            |
|    iterations           | 63           |
|    time_elapsed         | 1724         |
|    total_timesteps      | 12600        |
| train/                  |              |
|    approx_kl            | 0.0046561826 |
|    clip_fraction        | 0.0285       |
|    clip_range           | 0.2          |
|    entropy_loss         | -1.39        |
|    explained_variance   | -7.65        |
|    learning_rate        | 0.0003       |
|    loss                 | -0.025       |
|    n_updates            | 620          |
|    policy_gradient_loss | -0.00293     |
|    std                  | 0.974        |
|    value_loss           | 0.00118      |
------------------------------------------
------------------------------------------
| rollout/                |              |
|    ep_len_mean          | 5e+03        |
|    ep_rew_mean          | -75          |
| time/                   |              |
|    fps                  | 7            |
|    iterations           | 64           |
|    time_elapsed         | 1751         |
|    total_timesteps      | 12800        |
| train/                  |              |
|    approx_kl            | 0.0071719587 |
|    clip_fraction        | 0.0473       |
|    clip_range           | 0.2          |
|    entropy_loss         | -1.39        |
|    explained_variance   | 0.206        |
|    learning_rate        | 0.0003       |
|    loss                 | 0.0159       |
|    n_updates            | 630          |
|    policy_gradient_loss | -0.00266     |
|    std                  | 0.978        |
|    value_loss           | 0.000708     |
------------------------------------------
----------------------------------------
| rollout/                |            |
|    ep_len_mean          | 5e+03      |
|    ep_rew_mean          | -75        |
| time/                   |            |
|    fps                  | 7          |
|    iterations           | 65         |
|    time_elapsed         | 1778       |
|    total_timesteps      | 13000      |
| train/                  |            |
|    approx_kl            | 0.00929518 |
|    clip_fraction        | 0.0703     |
|    clip_range           | 0.2        |
|    entropy_loss         | -1.4       |
|    explained_variance   | 0.14       |
|    learning_rate        | 0.0003     |
|    loss                 | -0.00248   |
|    n_updates            | 640        |
|    policy_gradient_loss | -0.00527   |
|    std                  | 0.976      |
|    value_loss           | 0.00115    |
----------------------------------------
------------------------------------------
| rollout/                |              |
|    ep_len_mean          | 5e+03        |
|    ep_rew_mean          | -75          |
| time/                   |              |
|    fps                  | 7            |
|    iterations           | 66           |
|    time_elapsed         | 1806         |
|    total_timesteps      | 13200        |
| train/                  |              |
|    approx_kl            | 0.0006109916 |
|    clip_fraction        | 0.00117      |
|    clip_range           | 0.2          |
|    entropy_loss         | -1.39        |
|    explained_variance   | 0.731        |
|    learning_rate        | 0.0003       |
|    loss                 | 0.00626      |
|    n_updates            | 650          |
|    policy_gradient_loss | -0.000671    |
|    std                  | 0.97         |
|    value_loss           | 0.000536     |
------------------------------------------
------------------------------------------
| rollout/                |              |
|    ep_len_mean          | 5e+03        |
|    ep_rew_mean          | -75          |
| time/                   |              |
|    fps                  | 7            |
|    iterations           | 67           |
|    time_elapsed         | 1833         |
|    total_timesteps      | 13400        |
| train/                  |              |
|    approx_kl            | 0.0050479844 |
|    clip_fraction        | 0.0395       |
|    clip_range           | 0.2          |
|    entropy_loss         | -1.39        |
|    explained_variance   | 0.312        |
|    learning_rate        | 0.0003       |
|    loss                 | -0.0294      |
|    n_updates            | 660          |
|    policy_gradient_loss | -0.00297     |
|    std                  | 0.968        |
|    value_loss           | 0.00114      |
------------------------------------------
----------------------------------------
| rollout/                |            |
|    ep_len_mean          | 5e+03      |
|    ep_rew_mean          | -75        |
| time/                   |            |
|    fps                  | 7          |
|    iterations           | 68         |
|    time_elapsed         | 1860       |
|    total_timesteps      | 13600      |
| train/                  |            |
|    approx_kl            | 0.01043102 |
|    clip_fraction        | 0.0922     |
|    clip_range           | 0.2        |
|    entropy_loss         | -1.39      |
|    explained_variance   | -1.76      |
|    learning_rate        | 0.0003     |
|    loss                 | -0.0177    |
|    n_updates            | 670        |
|    policy_gradient_loss | -0.00599   |
|    std                  | 0.967      |
|    value_loss           | 0.0014     |
----------------------------------------
-----------------------------------------
| rollout/                |             |
|    ep_len_mean          | 5e+03       |
|    ep_rew_mean          | -75         |
| time/                   |             |
|    fps                  | 7           |
|    iterations           | 69          |
|    time_elapsed         | 1888        |
|    total_timesteps      | 13800       |
| train/                  |             |
|    approx_kl            | 0.002011177 |
|    clip_fraction        | 0.0234      |
|    clip_range           | 0.2         |
|    entropy_loss         | -1.38       |
|    explained_variance   | -0.15       |
|    learning_rate        | 0.0003      |
|    loss                 | 0.0354      |
|    n_updates            | 680         |
|    policy_gradient_loss | -0.00445    |
|    std                  | 0.962       |
|    value_loss           | 0.000948    |
-----------------------------------------
-----------------------------------------
| rollout/                |             |
|    ep_len_mean          | 5e+03       |
|    ep_rew_mean          | -75         |
| time/                   |             |
|    fps                  | 7           |
|    iterations           | 70          |
|    time_elapsed         | 1915        |
|    total_timesteps      | 14000       |
| train/                  |             |
|    approx_kl            | 0.006268066 |
|    clip_fraction        | 0.0113      |
|    clip_range           | 0.2         |
|    entropy_loss         | -1.37       |
|    explained_variance   | -0.205      |
|    learning_rate        | 0.0003      |
|    loss                 | 0.0473      |
|    n_updates            | 690         |
|    policy_gradient_loss | -0.00107    |
|    std                  | 0.951       |
|    value_loss           | 0.000986    |
-----------------------------------------
-----------------------------------------
| rollout/                |             |
|    ep_len_mean          | 5e+03       |
|    ep_rew_mean          | -75         |
| time/                   |             |
|    fps                  | 7           |
|    iterations           | 71          |
|    time_elapsed         | 1942        |
|    total_timesteps      | 14200       |
| train/                  |             |
|    approx_kl            | 0.006174288 |
|    clip_fraction        | 0.0418      |
|    clip_range           | 0.2         |
|    entropy_loss         | -1.37       |
|    explained_variance   | -0.789      |
|    learning_rate        | 0.0003      |
|    loss                 | 0.0582      |
|    n_updates            | 700         |
|    policy_gradient_loss | -0.00801    |
|    std                  | 0.949       |
|    value_loss           | 0.00129     |
-----------------------------------------
------------------------------------------
| rollout/                |              |
|    ep_len_mean          | 5e+03        |
|    ep_rew_mean          | -75          |
| time/                   |              |
|    fps                  | 7            |
|    iterations           | 72           |
|    time_elapsed         | 1970         |
|    total_timesteps      | 14400        |
| train/                  |              |
|    approx_kl            | 0.0069259703 |
|    clip_fraction        | 0.034        |
|    clip_range           | 0.2          |
|    entropy_loss         | -1.37        |
|    explained_variance   | -1.39        |
|    learning_rate        | 0.0003       |
|    loss                 | 0.0576       |
|    n_updates            | 710          |
|    policy_gradient_loss | -0.00375     |
|    std                  | 0.953        |
|    value_loss           | 0.000667     |
------------------------------------------
-------------------------------------------
| rollout/                |               |
|    ep_len_mean          | 5e+03         |
|    ep_rew_mean          | -75           |
| time/                   |               |
|    fps                  | 7             |
|    iterations           | 73            |
|    time_elapsed         | 1997          |
|    total_timesteps      | 14600         |
| train/                  |               |
|    approx_kl            | 0.00039965264 |
|    clip_fraction        | 0.00781       |
|    clip_range           | 0.2           |
|    entropy_loss         | -1.37         |
|    explained_variance   | -0.459        |
|    learning_rate        | 0.0003        |
|    loss                 | -0.00197      |
|    n_updates            | 720           |
|    policy_gradient_loss | -0.00103      |
|    std                  | 0.956         |
|    value_loss           | 0.000889      |
-------------------------------------------
-------------------------------------------
| rollout/                |               |
|    ep_len_mean          | 5e+03         |
|    ep_rew_mean          | -75           |
| time/                   |               |
|    fps                  | 7             |
|    iterations           | 74            |
|    time_elapsed         | 2025          |
|    total_timesteps      | 14800         |
| train/                  |               |
|    approx_kl            | 0.00011271634 |
|    clip_fraction        | 0             |
|    clip_range           | 0.2           |
|    entropy_loss         | -1.38         |
|    explained_variance   | -0.612        |
|    learning_rate        | 0.0003        |
|    loss                 | 0.00639       |
|    n_updates            | 730           |
|    policy_gradient_loss | 5.43e-05      |
|    std                  | 0.958         |
|    value_loss           | 0.00179       |
-------------------------------------------
------------------------------------------
| rollout/                |              |
|    ep_len_mean          | 5e+03        |
|    ep_rew_mean          | -75          |
| time/                   |              |
|    fps                  | 7            |
|    iterations           | 75           |
|    time_elapsed         | 2054         |
|    total_timesteps      | 15000        |
| train/                  |              |
|    approx_kl            | 0.0017564073 |
|    clip_fraction        | 0.018        |
|    clip_range           | 0.2          |
|    entropy_loss         | -1.38        |
|    explained_variance   | -1.11        |
|    learning_rate        | 0.0003       |
|    loss                 | -0.00502     |
|    n_updates            | 740          |
|    policy_gradient_loss | 0.00273      |
|    std                  | 0.96         |
|    value_loss           | 0.00113      |
------------------------------------------
------------------------------------------
| rollout/                |              |
|    ep_len_mean          | 5e+03        |
|    ep_rew_mean          | -74.8        |
| time/                   |              |
|    fps                  | 7            |
|    iterations           | 76           |
|    time_elapsed         | 2083         |
|    total_timesteps      | 15200        |
| train/                  |              |
|    approx_kl            | 0.0047591864 |
|    clip_fraction        | 0.0133       |
|    clip_range           | 0.2          |
|    entropy_loss         | -1.38        |
|    explained_variance   | -0.746       |
|    learning_rate        | 0.0003       |
|    loss                 | 0.0405       |
|    n_updates            | 750          |
|    policy_gradient_loss | -0.00173     |
|    std                  | 0.964        |
|    value_loss           | 0.000969     |
------------------------------------------
-----------------------------------------
| rollout/                |             |
|    ep_len_mean          | 5e+03       |
|    ep_rew_mean          | -74.8       |
| time/                   |             |
|    fps                  | 7           |
|    iterations           | 77          |
|    time_elapsed         | 2111        |
|    total_timesteps      | 15400       |
| train/                  |             |
|    approx_kl            | 0.008627435 |
|    clip_fraction        | 0.104       |
|    clip_range           | 0.2         |
|    entropy_loss         | -1.38       |
|    explained_variance   | -6.25       |
|    learning_rate        | 0.0003      |
|    loss                 | -0.0392     |
|    n_updates            | 760         |
|    policy_gradient_loss | -0.0112     |
|    std                  | 0.968       |
|    value_loss           | 0.00285     |
-----------------------------------------
-----------------------------------------
| rollout/                |             |
|    ep_len_mean          | 5e+03       |
|    ep_rew_mean          | -74.8       |
| time/                   |             |
|    fps                  | 7           |
|    iterations           | 78          |
|    time_elapsed         | 2141        |
|    total_timesteps      | 15600       |
| train/                  |             |
|    approx_kl            | 0.008507544 |
|    clip_fraction        | 0.0957      |
|    clip_range           | 0.2         |
|    entropy_loss         | -1.39       |
|    explained_variance   | -2.93       |
|    learning_rate        | 0.0003      |
|    loss                 | -0.00378    |
|    n_updates            | 770         |
|    policy_gradient_loss | -0.0147     |
|    std                  | 0.968       |
|    value_loss           | 0.00193     |
-----------------------------------------
-----------------------------------------
| rollout/                |             |
|    ep_len_mean          | 5e+03       |
|    ep_rew_mean          | -74.8       |
| time/                   |             |
|    fps                  | 7           |
|    iterations           | 79          |
|    time_elapsed         | 2171        |
|    total_timesteps      | 15800       |
| train/                  |             |
|    approx_kl            | 0.008494453 |
|    clip_fraction        | 0.0406      |
|    clip_range           | 0.2         |
|    entropy_loss         | -1.39       |
|    explained_variance   | -0.312      |
|    learning_rate        | 0.0003      |
|    loss                 | -0.0495     |
|    n_updates            | 780         |
|    policy_gradient_loss | -0.00877    |
|    std                  | 0.975       |
|    value_loss           | 0.00156     |
-----------------------------------------
----------------------------------------
| rollout/                |            |
|    ep_len_mean          | 5e+03      |
|    ep_rew_mean          | -74.8      |
| time/                   |            |
|    fps                  | 7          |
|    iterations           | 80         |
|    time_elapsed         | 2201       |
|    total_timesteps      | 16000      |
| train/                  |            |
|    approx_kl            | 0.00804845 |
|    clip_fraction        | 0.0422     |
|    clip_range           | 0.2        |
|    entropy_loss         | -1.4       |
|    explained_variance   | -7.23      |
|    learning_rate        | 0.0003     |
|    loss                 | -0.0477    |
|    n_updates            | 790        |
|    policy_gradient_loss | -0.00441   |
|    std                  | 0.984      |
|    value_loss           | 0.000847   |
----------------------------------------
-----------------------------------------
| rollout/                |             |
|    ep_len_mean          | 5e+03       |
|    ep_rew_mean          | -74.8       |
| time/                   |             |
|    fps                  | 7           |
|    iterations           | 81          |
|    time_elapsed         | 2231        |
|    total_timesteps      | 16200       |
| train/                  |             |
|    approx_kl            | 0.011251965 |
|    clip_fraction        | 0.041       |
|    clip_range           | 0.2         |
|    entropy_loss         | -1.41       |
|    explained_variance   | -10.5       |
|    learning_rate        | 0.0003      |
|    loss                 | 0.12        |
|    n_updates            | 800         |
|    policy_gradient_loss | -0.00165    |
|    std                  | 0.993       |
|    value_loss           | 0.000669    |
-----------------------------------------
------------------------------------------
| rollout/                |              |
|    ep_len_mean          | 5e+03        |
|    ep_rew_mean          | -74.8        |
| time/                   |              |
|    fps                  | 7            |
|    iterations           | 82           |
|    time_elapsed         | 2260         |
|    total_timesteps      | 16400        |
| train/                  |              |
|    approx_kl            | 0.0045763454 |
|    clip_fraction        | 0.0426       |
|    clip_range           | 0.2          |
|    entropy_loss         | -1.41        |
|    explained_variance   | -1.81        |
|    learning_rate        | 0.0003       |
|    loss                 | -0.0624      |
|    n_updates            | 810          |
|    policy_gradient_loss | -0.00636     |
|    std                  | 0.99         |
|    value_loss           | 0.000619     |
------------------------------------------
------------------------------------------
| rollout/                |              |
|    ep_len_mean          | 5e+03        |
|    ep_rew_mean          | -74.8        |
| time/                   |              |
|    fps                  | 7            |
|    iterations           | 83           |
|    time_elapsed         | 2290         |
|    total_timesteps      | 16600        |
| train/                  |              |
|    approx_kl            | 0.0029975956 |
|    clip_fraction        | 0.00859      |
|    clip_range           | 0.2          |
|    entropy_loss         | -1.41        |
|    explained_variance   | -4.62        |
|    learning_rate        | 0.0003       |
|    loss                 | -0.0376      |
|    n_updates            | 820          |
|    policy_gradient_loss | -0.00851     |
|    std                  | 0.986        |
|    value_loss           | 0.000523     |
------------------------------------------
------------------------------------------
| rollout/                |              |
|    ep_len_mean          | 5e+03        |
|    ep_rew_mean          | -74.8        |
| time/                   |              |
|    fps                  | 7            |
|    iterations           | 84           |
|    time_elapsed         | 2321         |
|    total_timesteps      | 16800        |
| train/                  |              |
|    approx_kl            | 0.0103108995 |
|    clip_fraction        | 0.0492       |
|    clip_range           | 0.2          |
|    entropy_loss         | -1.4         |
|    explained_variance   | -54.2        |
|    learning_rate        | 0.0003       |
|    loss                 | -0.101       |
|    n_updates            | 830          |
|    policy_gradient_loss | -0.00824     |
|    std                  | 0.979        |
|    value_loss           | 0.000855     |
------------------------------------------
------------------------------------------
| rollout/                |              |
|    ep_len_mean          | 5e+03        |
|    ep_rew_mean          | -74.8        |
| time/                   |              |
|    fps                  | 7            |
|    iterations           | 85           |
|    time_elapsed         | 2351         |
|    total_timesteps      | 17000        |
| train/                  |              |
|    approx_kl            | 0.0016459306 |
|    clip_fraction        | 0.0355       |
|    clip_range           | 0.2          |
|    entropy_loss         | -1.4         |
|    explained_variance   | 0.371        |
|    learning_rate        | 0.0003       |
|    loss                 | -0.0206      |
|    n_updates            | 840          |
|    policy_gradient_loss | -0.00431     |
|    std                  | 0.974        |
|    value_loss           | 0.000495     |
------------------------------------------
------------------------------------------
| rollout/                |              |
|    ep_len_mean          | 5e+03        |
|    ep_rew_mean          | -74.8        |
| time/                   |              |
|    fps                  | 7            |
|    iterations           | 86           |
|    time_elapsed         | 2381         |
|    total_timesteps      | 17200        |
| train/                  |              |
|    approx_kl            | 0.0121163055 |
|    clip_fraction        | 0.111        |
|    clip_range           | 0.2          |
|    entropy_loss         | -1.39        |
|    explained_variance   | 0.0854       |
|    learning_rate        | 0.0003       |
|    loss                 | 0.0715       |
|    n_updates            | 850          |
|    policy_gradient_loss | -0.0105      |
|    std                  | 0.976        |
|    value_loss           | 0.000719     |
------------------------------------------
-----------------------------------------
| rollout/                |             |
|    ep_len_mean          | 5e+03       |
|    ep_rew_mean          | -74.8       |
| time/                   |             |
|    fps                  | 7           |
|    iterations           | 87          |
|    time_elapsed         | 2411        |
|    total_timesteps      | 17400       |
| train/                  |             |
|    approx_kl            | 0.002156873 |
|    clip_fraction        | 0.00547     |
|    clip_range           | 0.2         |
|    entropy_loss         | -1.39       |
|    explained_variance   | 0.72        |
|    learning_rate        | 0.0003      |
|    loss                 | -0.0294     |
|    n_updates            | 860         |
|    policy_gradient_loss | -0.0018     |
|    std                  | 0.975       |
|    value_loss           | 0.000343    |
-----------------------------------------
-----------------------------------------
| rollout/                |             |
|    ep_len_mean          | 5e+03       |
|    ep_rew_mean          | -74.8       |
| time/                   |             |
|    fps                  | 7           |
|    iterations           | 88          |
|    time_elapsed         | 2441        |
|    total_timesteps      | 17600       |
| train/                  |             |
|    approx_kl            | 0.002463191 |
|    clip_fraction        | 0.0082      |
|    clip_range           | 0.2         |
|    entropy_loss         | -1.39       |
|    explained_variance   | 0.284       |
|    learning_rate        | 0.0003      |
|    loss                 | -0.0206     |
|    n_updates            | 870         |
|    policy_gradient_loss | -0.00176    |
|    std                  | 0.976       |
|    value_loss           | 0.000571    |
-----------------------------------------
------------------------------------------
| rollout/                |              |
|    ep_len_mean          | 5e+03        |
|    ep_rew_mean          | -74.8        |
| time/                   |              |
|    fps                  | 7            |
|    iterations           | 89           |
|    time_elapsed         | 2471         |
|    total_timesteps      | 17800        |
| train/                  |              |
|    approx_kl            | 0.0014285692 |
|    clip_fraction        | 0.023        |
|    clip_range           | 0.2          |
|    entropy_loss         | -1.4         |
|    explained_variance   | -1.92        |
|    learning_rate        | 0.0003       |
|    loss                 | -0.028       |
|    n_updates            | 880          |
|    policy_gradient_loss | -0.00235     |
|    std                  | 0.981        |
|    value_loss           | 0.000639     |
------------------------------------------
------------------------------------------
| rollout/                |              |
|    ep_len_mean          | 5e+03        |
|    ep_rew_mean          | -74.8        |
| time/                   |              |
|    fps                  | 7            |
|    iterations           | 90           |
|    time_elapsed         | 2501         |
|    total_timesteps      | 18000        |
| train/                  |              |
|    approx_kl            | 0.0006834266 |
|    clip_fraction        | 0            |
|    clip_range           | 0.2          |
|    entropy_loss         | -1.4         |
|    explained_variance   | -0.543       |
|    learning_rate        | 0.0003       |
|    loss                 | -0.00489     |
|    n_updates            | 890          |
|    policy_gradient_loss | -0.000651    |
|    std                  | 0.978        |
|    value_loss           | 0.000343     |
------------------------------------------
-----------------------------------------
| rollout/                |             |
|    ep_len_mean          | 5e+03       |
|    ep_rew_mean          | -74.8       |
| time/                   |             |
|    fps                  | 7           |
|    iterations           | 91          |
|    time_elapsed         | 2531        |
|    total_timesteps      | 18200       |
| train/                  |             |
|    approx_kl            | 0.003431817 |
|    clip_fraction        | 0.0645      |
|    clip_range           | 0.2         |
|    entropy_loss         | -1.4        |
|    explained_variance   | -1.06       |
|    learning_rate        | 0.0003      |
|    loss                 | -0.0242     |
|    n_updates            | 900         |
|    policy_gradient_loss | -0.00761    |
|    std                  | 0.983       |
|    value_loss           | 0.000533    |
-----------------------------------------
------------------------------------------
| rollout/                |              |
|    ep_len_mean          | 5e+03        |
|    ep_rew_mean          | -74.8        |
| time/                   |              |
|    fps                  | 7            |
|    iterations           | 92           |
|    time_elapsed         | 2561         |
|    total_timesteps      | 18400        |
| train/                  |              |
|    approx_kl            | 0.0044286945 |
|    clip_fraction        | 0.0238       |
|    clip_range           | 0.2          |
|    entropy_loss         | -1.4         |
|    explained_variance   | 0.264        |
|    learning_rate        | 0.0003       |
|    loss                 | 0.0309       |
|    n_updates            | 910          |
|    policy_gradient_loss | -0.00607     |
|    std                  | 0.977        |
|    value_loss           | 0.000757     |
------------------------------------------
----------------------------------------
| rollout/                |            |
|    ep_len_mean          | 5e+03      |
|    ep_rew_mean          | -74.8      |
| time/                   |            |
|    fps                  | 7          |
|    iterations           | 93         |
|    time_elapsed         | 2591       |
|    total_timesteps      | 18600      |
| train/                  |            |
|    approx_kl            | 0.01003312 |
|    clip_fraction        | 0.0465     |
|    clip_range           | 0.2        |
|    entropy_loss         | -1.4       |
|    explained_variance   | -2.71      |
|    learning_rate        | 0.0003     |
|    loss                 | 0.0227     |
|    n_updates            | 920        |
|    policy_gradient_loss | -0.0036    |
|    std                  | 0.977      |
|    value_loss           | 0.000573   |
----------------------------------------
------------------------------------------
| rollout/                |              |
|    ep_len_mean          | 5e+03        |
|    ep_rew_mean          | -74.8        |
| time/                   |              |
|    fps                  | 7            |
|    iterations           | 94           |
|    time_elapsed         | 2621         |
|    total_timesteps      | 18800        |
| train/                  |              |
|    approx_kl            | 0.0054560415 |
|    clip_fraction        | 0.102        |
|    clip_range           | 0.2          |
|    entropy_loss         | -1.4         |
|    explained_variance   | -5.55        |
|    learning_rate        | 0.0003       |
|    loss                 | -0.0476      |
|    n_updates            | 930          |
|    policy_gradient_loss | -0.0104      |
|    std                  | 0.98         |
|    value_loss           | 0.000641     |
------------------------------------------
------------------------------------------
| rollout/                |              |
|    ep_len_mean          | 5e+03        |
|    ep_rew_mean          | -74.8        |
| time/                   |              |
|    fps                  | 7            |
|    iterations           | 95           |
|    time_elapsed         | 2651         |
|    total_timesteps      | 19000        |
| train/                  |              |
|    approx_kl            | 0.0050880276 |
|    clip_fraction        | 0.1          |
|    clip_range           | 0.2          |
|    entropy_loss         | -1.4         |
|    explained_variance   | -0.776       |
|    learning_rate        | 0.0003       |
|    loss                 | 0.00348      |
|    n_updates            | 940          |
|    policy_gradient_loss | -0.011       |
|    std                  | 0.983        |
|    value_loss           | 0.000962     |
------------------------------------------
-----------------------------------------
| rollout/                |             |
|    ep_len_mean          | 5e+03       |
|    ep_rew_mean          | -74.8       |
| time/                   |             |
|    fps                  | 7           |
|    iterations           | 96          |
|    time_elapsed         | 2681        |
|    total_timesteps      | 19200       |
| train/                  |             |
|    approx_kl            | 0.007647466 |
|    clip_fraction        | 0.0879      |
|    clip_range           | 0.2         |
|    entropy_loss         | -1.4        |
|    explained_variance   | -1.55       |
|    learning_rate        | 0.0003      |
|    loss                 | 0.00426     |
|    n_updates            | 950         |
|    policy_gradient_loss | -0.00862    |
|    std                  | 0.986       |
|    value_loss           | 0.000662    |
-----------------------------------------
------------------------------------------
| rollout/                |              |
|    ep_len_mean          | 5e+03        |
|    ep_rew_mean          | -74.8        |
| time/                   |              |
|    fps                  | 7            |
|    iterations           | 97           |
|    time_elapsed         | 2711         |
|    total_timesteps      | 19400        |
| train/                  |              |
|    approx_kl            | 0.0038880329 |
|    clip_fraction        | 0.0141       |
|    clip_range           | 0.2          |
|    entropy_loss         | -1.41        |
|    explained_variance   | -0.913       |
|    learning_rate        | 0.0003       |
|    loss                 | -0.0138      |
|    n_updates            | 960          |
|    policy_gradient_loss | -0.0102      |
|    std                  | 0.995        |
|    value_loss           | 0.000737     |
------------------------------------------
-----------------------------------------
| rollout/                |             |
|    ep_len_mean          | 5e+03       |
|    ep_rew_mean          | -74.8       |
| time/                   |             |
|    fps                  | 7           |
|    iterations           | 98          |
|    time_elapsed         | 2741        |
|    total_timesteps      | 19600       |
| train/                  |             |
|    approx_kl            | 0.008414807 |
|    clip_fraction        | 0.0449      |
|    clip_range           | 0.2         |
|    entropy_loss         | -1.42       |
|    explained_variance   | -0.362      |
|    learning_rate        | 0.0003      |
|    loss                 | -0.0693     |
|    n_updates            | 970         |
|    policy_gradient_loss | -0.00339    |
|    std                  | 0.996       |
|    value_loss           | 0.000775    |
-----------------------------------------
------------------------------------------
| rollout/                |              |
|    ep_len_mean          | 5e+03        |
|    ep_rew_mean          | -74.8        |
| time/                   |              |
|    fps                  | 7            |
|    iterations           | 99           |
|    time_elapsed         | 2771         |
|    total_timesteps      | 19800        |
| train/                  |              |
|    approx_kl            | 0.0026556675 |
|    clip_fraction        | 0.0441       |
|    clip_range           | 0.2          |
|    entropy_loss         | -1.41        |
|    explained_variance   | 0.185        |
|    learning_rate        | 0.0003       |
|    loss                 | -0.0262      |
|    n_updates            | 980          |
|    policy_gradient_loss | -0.00771     |
|    std                  | 0.991        |
|    value_loss           | 0.00127      |
------------------------------------------
------------------------------------------
| rollout/                |              |
|    ep_len_mean          | 5e+03        |
|    ep_rew_mean          | -74.8        |
| time/                   |              |
|    fps                  | 7            |
|    iterations           | 100          |
|    time_elapsed         | 2801         |
|    total_timesteps      | 20000        |
| train/                  |              |
|    approx_kl            | 0.0040469198 |
|    clip_fraction        | 0.0379       |
|    clip_range           | 0.2          |
|    entropy_loss         | -1.41        |
|    explained_variance   | -1.12        |
|    learning_rate        | 0.0003       |
|    loss                 | -0.00957     |
|    n_updates            | 990          |
|    policy_gradient_loss | -0.00317     |
|    std                  | 0.99         |
|    value_loss           | 0.000907     |
------------------------------------------
-----------------------------------------
| rollout/                |             |
|    ep_len_mean          | 5e+03       |
|    ep_rew_mean          | -74.7       |
| time/                   |             |
|    fps                  | 7           |
|    iterations           | 101         |
|    time_elapsed         | 2832        |
|    total_timesteps      | 20200       |
| train/                  |             |
|    approx_kl            | 0.012262885 |
|    clip_fraction        | 0.0613      |
|    clip_range           | 0.2         |
|    entropy_loss         | -1.41       |
|    explained_variance   | 0.514       |
|    learning_rate        | 0.0003      |
|    loss                 | -0.0438     |
|    n_updates            | 1000        |
|    policy_gradient_loss | -0.00431    |
|    std                  | 0.992       |
|    value_loss           | 0.000544    |
-----------------------------------------
------------------------------------------
| rollout/                |              |
|    ep_len_mean          | 5e+03        |
|    ep_rew_mean          | -74.7        |
| time/                   |              |
|    fps                  | 7            |
|    iterations           | 102          |
|    time_elapsed         | 2862         |
|    total_timesteps      | 20400        |
| train/                  |              |
|    approx_kl            | 0.0031710214 |
|    clip_fraction        | 0.0125       |
|    clip_range           | 0.2          |
|    entropy_loss         | -1.41        |
|    explained_variance   | -11.2        |
|    learning_rate        | 0.0003       |
|    loss                 | 0.00676      |
|    n_updates            | 1010         |
|    policy_gradient_loss | -0.00263     |
|    std                  | 1            |
|    value_loss           | 0.00193      |
------------------------------------------
-----------------------------------------
| rollout/                |             |
|    ep_len_mean          | 5e+03       |
|    ep_rew_mean          | -74.7       |
| time/                   |             |
|    fps                  | 7           |
|    iterations           | 103         |
|    time_elapsed         | 2892        |
|    total_timesteps      | 20600       |
| train/                  |             |
|    approx_kl            | 0.005135604 |
|    clip_fraction        | 0.0328      |
|    clip_range           | 0.2         |
|    entropy_loss         | -1.42       |
|    explained_variance   | -0.00146    |
|    learning_rate        | 0.0003      |
|    loss                 | -0.0111     |
|    n_updates            | 1020        |
|    policy_gradient_loss | -0.00255    |
|    std                  | 0.999       |
|    value_loss           | 0.00153     |
-----------------------------------------
------------------------------------------
| rollout/                |              |
|    ep_len_mean          | 5e+03        |
|    ep_rew_mean          | -74.7        |
| time/                   |              |
|    fps                  | 7            |
|    iterations           | 104          |
|    time_elapsed         | 2921         |
|    total_timesteps      | 20800        |
| train/                  |              |
|    approx_kl            | 0.0053296722 |
|    clip_fraction        | 0.0219       |
|    clip_range           | 0.2          |
|    entropy_loss         | -1.42        |
|    explained_variance   | -0.0707      |
|    learning_rate        | 0.0003       |
|    loss                 | -0.0602      |
|    n_updates            | 1030         |
|    policy_gradient_loss | -0.00307     |
|    std                  | 1            |
|    value_loss           | 0.00138      |
------------------------------------------
------------------------------------------
| rollout/                |              |
|    ep_len_mean          | 5e+03        |
|    ep_rew_mean          | -74.7        |
| time/                   |              |
|    fps                  | 7            |
|    iterations           | 105          |
|    time_elapsed         | 2950         |
|    total_timesteps      | 21000        |
| train/                  |              |
|    approx_kl            | 0.0056333756 |
|    clip_fraction        | 0.0727       |
|    clip_range           | 0.2          |
|    entropy_loss         | -1.42        |
|    explained_variance   | 0.0421       |
|    learning_rate        | 0.0003       |
|    loss                 | -0.0245      |
|    n_updates            | 1040         |
|    policy_gradient_loss | -0.00837     |
|    std                  | 1            |
|    value_loss           | 0.000486     |
------------------------------------------
------------------------------------------
| rollout/                |              |
|    ep_len_mean          | 5e+03        |
|    ep_rew_mean          | -74.7        |
| time/                   |              |
|    fps                  | 7            |
|    iterations           | 106          |
|    time_elapsed         | 2978         |
|    total_timesteps      | 21200        |
| train/                  |              |
|    approx_kl            | 0.0030462402 |
|    clip_fraction        | 0.0312       |
|    clip_range           | 0.2          |
|    entropy_loss         | -1.42        |
|    explained_variance   | 0.0988       |
|    learning_rate        | 0.0003       |
|    loss                 | 0.0173       |
|    n_updates            | 1050         |
|    policy_gradient_loss | -0.00664     |
|    std                  | 1            |
|    value_loss           | 0.000411     |
------------------------------------------
------------------------------------------
| rollout/                |              |
|    ep_len_mean          | 5e+03        |
|    ep_rew_mean          | -74.7        |
| time/                   |              |
|    fps                  | 7            |
|    iterations           | 107          |
|    time_elapsed         | 3007         |
|    total_timesteps      | 21400        |
| train/                  |              |
|    approx_kl            | 0.0041239625 |
|    clip_fraction        | 0.0613       |
|    clip_range           | 0.2          |
|    entropy_loss         | -1.42        |
|    explained_variance   | -0.215       |
|    learning_rate        | 0.0003       |
|    loss                 | -0.0659      |
|    n_updates            | 1060         |
|    policy_gradient_loss | -0.0042      |
|    std                  | 1            |
|    value_loss           | 0.00029      |
------------------------------------------
------------------------------------------
| rollout/                |              |
|    ep_len_mean          | 5e+03        |
|    ep_rew_mean          | -74.7        |
| time/                   |              |
|    fps                  | 7            |
|    iterations           | 108          |
|    time_elapsed         | 3035         |
|    total_timesteps      | 21600        |
| train/                  |              |
|    approx_kl            | 0.0096987905 |
|    clip_fraction        | 0.0254       |
|    clip_range           | 0.2          |
|    entropy_loss         | -1.42        |
|    explained_variance   | -1.51        |
|    learning_rate        | 0.0003       |
|    loss                 | 0.0584       |
|    n_updates            | 1070         |
|    policy_gradient_loss | -0.00213     |
|    std                  | 1.01         |
|    value_loss           | 0.000241     |
------------------------------------------
------------------------------------------
| rollout/                |              |
|    ep_len_mean          | 5e+03        |
|    ep_rew_mean          | -74.7        |
| time/                   |              |
|    fps                  | 7            |
|    iterations           | 109          |
|    time_elapsed         | 3064         |
|    total_timesteps      | 21800        |
| train/                  |              |
|    approx_kl            | 0.0056681177 |
|    clip_fraction        | 0.0664       |
|    clip_range           | 0.2          |
|    entropy_loss         | -1.43        |
|    explained_variance   | -7.11        |
|    learning_rate        | 0.0003       |
|    loss                 | -0.025       |
|    n_updates            | 1080         |
|    policy_gradient_loss | -0.00442     |
|    std                  | 1.01         |
|    value_loss           | 0.00025      |
------------------------------------------
------------------------------------------
| rollout/                |              |
|    ep_len_mean          | 5e+03        |
|    ep_rew_mean          | -74.7        |
| time/                   |              |
|    fps                  | 7            |
|    iterations           | 110          |
|    time_elapsed         | 3092         |
|    total_timesteps      | 22000        |
| train/                  |              |
|    approx_kl            | 0.0075578177 |
|    clip_fraction        | 0.0906       |
|    clip_range           | 0.2          |
|    entropy_loss         | -1.42        |
|    explained_variance   | -1.68        |
|    learning_rate        | 0.0003       |
|    loss                 | -0.0803      |
|    n_updates            | 1090         |
|    policy_gradient_loss | -0.00412     |
|    std                  | 1.01         |
|    value_loss           | 0.000313     |
------------------------------------------
------------------------------------------
| rollout/                |              |
|    ep_len_mean          | 5e+03        |
|    ep_rew_mean          | -74.7        |
| time/                   |              |
|    fps                  | 7            |
|    iterations           | 111          |
|    time_elapsed         | 3121         |
|    total_timesteps      | 22200        |
| train/                  |              |
|    approx_kl            | 0.0072472687 |
|    clip_fraction        | 0.0414       |
|    clip_range           | 0.2          |
|    entropy_loss         | -1.42        |
|    explained_variance   | -0.89        |
|    learning_rate        | 0.0003       |
|    loss                 | -0.0363      |
|    n_updates            | 1100         |
|    policy_gradient_loss | -0.00723     |
|    std                  | 1            |
|    value_loss           | 0.000258     |
------------------------------------------
------------------------------------------
| rollout/                |              |
|    ep_len_mean          | 5e+03        |
|    ep_rew_mean          | -74.7        |
| time/                   |              |
|    fps                  | 7            |
|    iterations           | 112          |
|    time_elapsed         | 3150         |
|    total_timesteps      | 22400        |
| train/                  |              |
|    approx_kl            | 0.0042023743 |
|    clip_fraction        | 0.00508      |
|    clip_range           | 0.2          |
|    entropy_loss         | -1.42        |
|    explained_variance   | 0.569        |
|    learning_rate        | 0.0003       |
|    loss                 | -0.0185      |
|    n_updates            | 1110         |
|    policy_gradient_loss | -0.00186     |
|    std                  | 1            |
|    value_loss           | 0.000133     |
------------------------------------------
-----------------------------------------
| rollout/                |             |
|    ep_len_mean          | 5e+03       |
|    ep_rew_mean          | -74.7       |
| time/                   |             |
|    fps                  | 7           |
|    iterations           | 113         |
|    time_elapsed         | 3178        |
|    total_timesteps      | 22600       |
| train/                  |             |
|    approx_kl            | 0.007229583 |
|    clip_fraction        | 0.0891      |
|    clip_range           | 0.2         |
|    entropy_loss         | -1.42       |
|    explained_variance   | 0.418       |
|    learning_rate        | 0.0003      |
|    loss                 | -0.0295     |
|    n_updates            | 1120        |
|    policy_gradient_loss | -0.0064     |
|    std                  | 0.995       |
|    value_loss           | 0.000405    |
-----------------------------------------
------------------------------------------
| rollout/                |              |
|    ep_len_mean          | 5e+03        |
|    ep_rew_mean          | -74.7        |
| time/                   |              |
|    fps                  | 7            |
|    iterations           | 114          |
|    time_elapsed         | 3207         |
|    total_timesteps      | 22800        |
| train/                  |              |
|    approx_kl            | 0.0065363515 |
|    clip_fraction        | 0.0273       |
|    clip_range           | 0.2          |
|    entropy_loss         | -1.41        |
|    explained_variance   | -0.665       |
|    learning_rate        | 0.0003       |
|    loss                 | -0.0539      |
|    n_updates            | 1130         |
|    policy_gradient_loss | -0.00471     |
|    std                  | 0.992        |
|    value_loss           | 0.000531     |
------------------------------------------
------------------------------------------
| rollout/                |              |
|    ep_len_mean          | 5e+03        |
|    ep_rew_mean          | -74.7        |
| time/                   |              |
|    fps                  | 7            |
|    iterations           | 115          |
|    time_elapsed         | 3235         |
|    total_timesteps      | 23000        |
| train/                  |              |
|    approx_kl            | 0.0033166662 |
|    clip_fraction        | 0.0211       |
|    clip_range           | 0.2          |
|    entropy_loss         | -1.41        |
|    explained_variance   | -0.6         |
|    learning_rate        | 0.0003       |
|    loss                 | 0.00419      |
|    n_updates            | 1140         |
|    policy_gradient_loss | -0.00286     |
|    std                  | 0.995        |
|    value_loss           | 0.000487     |
------------------------------------------
------------------------------------------
| rollout/                |              |
|    ep_len_mean          | 5e+03        |
|    ep_rew_mean          | -74.7        |
| time/                   |              |
|    fps                  | 7            |
|    iterations           | 116          |
|    time_elapsed         | 3264         |
|    total_timesteps      | 23200        |
| train/                  |              |
|    approx_kl            | 0.0072399005 |
|    clip_fraction        | 0.0742       |
|    clip_range           | 0.2          |
|    entropy_loss         | -1.42        |
|    explained_variance   | -1.74        |
|    learning_rate        | 0.0003       |
|    loss                 | -0.000257    |
|    n_updates            | 1150         |
|    policy_gradient_loss | -0.00898     |
|    std                  | 1            |
|    value_loss           | 0.00053      |
------------------------------------------
------------------------------------------
| rollout/                |              |
|    ep_len_mean          | 5e+03        |
|    ep_rew_mean          | -74.7        |
| time/                   |              |
|    fps                  | 7            |
|    iterations           | 117          |
|    time_elapsed         | 3292         |
|    total_timesteps      | 23400        |
| train/                  |              |
|    approx_kl            | 0.0048167207 |
|    clip_fraction        | 0.00859      |
|    clip_range           | 0.2          |
|    entropy_loss         | -1.42        |
|    explained_variance   | 0.265        |
|    learning_rate        | 0.0003       |
|    loss                 | -0.038       |
|    n_updates            | 1160         |
|    policy_gradient_loss | -0.00207     |
|    std                  | 1.01         |
|    value_loss           | 0.000725     |
------------------------------------------
-----------------------------------------
| rollout/                |             |
|    ep_len_mean          | 5e+03       |
|    ep_rew_mean          | -74.7       |
| time/                   |             |
|    fps                  | 7           |
|    iterations           | 118         |
|    time_elapsed         | 3321        |
|    total_timesteps      | 23600       |
| train/                  |             |
|    approx_kl            | 0.009273156 |
|    clip_fraction        | 0.0195      |
|    clip_range           | 0.2         |
|    entropy_loss         | -1.43       |
|    explained_variance   | -0.338      |
|    learning_rate        | 0.0003      |
|    loss                 | -0.102      |
|    n_updates            | 1170        |
|    policy_gradient_loss | -0.0051     |
|    std                  | 1           |
|    value_loss           | 0.000412    |
-----------------------------------------
-----------------------------------------
| rollout/                |             |
|    ep_len_mean          | 5e+03       |
|    ep_rew_mean          | -74.7       |
| time/                   |             |
|    fps                  | 7           |
|    iterations           | 119         |
|    time_elapsed         | 3349        |
|    total_timesteps      | 23800       |
| train/                  |             |
|    approx_kl            | 0.005859119 |
|    clip_fraction        | 0.0645      |
|    clip_range           | 0.2         |
|    entropy_loss         | -1.42       |
|    explained_variance   | 0.323       |
|    learning_rate        | 0.0003      |
|    loss                 | 0.044       |
|    n_updates            | 1180        |
|    policy_gradient_loss | -0.00883    |
|    std                  | 1           |
|    value_loss           | 0.000335    |
-----------------------------------------
------------------------------------------
| rollout/                |              |
|    ep_len_mean          | 5e+03        |
|    ep_rew_mean          | -74.7        |
| time/                   |              |
|    fps                  | 7            |
|    iterations           | 120          |
|    time_elapsed         | 3378         |
|    total_timesteps      | 24000        |
| train/                  |              |
|    approx_kl            | 0.0036079355 |
|    clip_fraction        | 0.0285       |
|    clip_range           | 0.2          |
|    entropy_loss         | -1.42        |
|    explained_variance   | 0.374        |
|    learning_rate        | 0.0003       |
|    loss                 | -0.00982     |
|    n_updates            | 1190         |
|    policy_gradient_loss | -0.00217     |
|    std                  | 1.01         |
|    value_loss           | 0.000664     |
------------------------------------------
------------------------------------------
| rollout/                |              |
|    ep_len_mean          | 5e+03        |
|    ep_rew_mean          | -74.7        |
| time/                   |              |
|    fps                  | 7            |
|    iterations           | 121          |
|    time_elapsed         | 3406         |
|    total_timesteps      | 24200        |
| train/                  |              |
|    approx_kl            | 0.0023554638 |
|    clip_fraction        | 0.00156      |
|    clip_range           | 0.2          |
|    entropy_loss         | -1.43        |
|    explained_variance   | -1.18        |
|    learning_rate        | 0.0003       |
|    loss                 | 0.0204       |
|    n_updates            | 1200         |
|    policy_gradient_loss | 0.00133      |
|    std                  | 1.01         |
|    value_loss           | 0.000831     |
------------------------------------------
-----------------------------------------
| rollout/                |             |
|    ep_len_mean          | 5e+03       |
|    ep_rew_mean          | -74.7       |
| time/                   |             |
|    fps                  | 7           |
|    iterations           | 122         |
|    time_elapsed         | 3435        |
|    total_timesteps      | 24400       |
| train/                  |             |
|    approx_kl            | 0.009845712 |
|    clip_fraction        | 0.0316      |
|    clip_range           | 0.2         |
|    entropy_loss         | -1.43       |
|    explained_variance   | 0.148       |
|    learning_rate        | 0.0003      |
|    loss                 | -0.0104     |
|    n_updates            | 1210        |
|    policy_gradient_loss | -0.0016     |
|    std                  | 1.01        |
|    value_loss           | 0.000677    |
-----------------------------------------
------------------------------------------
| rollout/                |              |
|    ep_len_mean          | 5e+03        |
|    ep_rew_mean          | -74.7        |
| time/                   |              |
|    fps                  | 7            |
|    iterations           | 123          |
|    time_elapsed         | 3464         |
|    total_timesteps      | 24600        |
| train/                  |              |
|    approx_kl            | 0.0044520097 |
|    clip_fraction        | 0.0391       |
|    clip_range           | 0.2          |
|    entropy_loss         | -1.43        |
|    explained_variance   | 0.181        |
|    learning_rate        | 0.0003       |
|    loss                 | -0.0171      |
|    n_updates            | 1220         |
|    policy_gradient_loss | -0.0064      |
|    std                  | 1            |
|    value_loss           | 0.000599     |
------------------------------------------
-------------------------------------------
| rollout/                |               |
|    ep_len_mean          | 5e+03         |
|    ep_rew_mean          | -74.7         |
| time/                   |               |
|    fps                  | 7             |
|    iterations           | 124           |
|    time_elapsed         | 3492          |
|    total_timesteps      | 24800         |
| train/                  |               |
|    approx_kl            | 0.00016529579 |
|    clip_fraction        | 0             |
|    clip_range           | 0.2           |
|    entropy_loss         | -1.42         |
|    explained_variance   | -0.316        |
|    learning_rate        | 0.0003        |
|    loss                 | 0.000466      |
|    n_updates            | 1230          |
|    policy_gradient_loss | 0.000278      |
|    std                  | 1             |
|    value_loss           | 0.000808      |
-------------------------------------------
------------------------------------------
| rollout/                |              |
|    ep_len_mean          | 5e+03        |
|    ep_rew_mean          | -74.7        |
| time/                   |              |
|    fps                  | 7            |
|    iterations           | 125          |
|    time_elapsed         | 3521         |
|    total_timesteps      | 25000        |
| train/                  |              |
|    approx_kl            | 0.0039913575 |
|    clip_fraction        | 0.0363       |
|    clip_range           | 0.2          |
|    entropy_loss         | -1.42        |
|    explained_variance   | -1           |
|    learning_rate        | 0.0003       |
|    loss                 | 0.0445       |
|    n_updates            | 1240         |
|    policy_gradient_loss | -0.00373     |
|    std                  | 1            |
|    value_loss           | 0.000635     |
------------------------------------------
-----------------------------------------
| rollout/                |             |
|    ep_len_mean          | 5e+03       |
|    ep_rew_mean          | -74.6       |
| time/                   |             |
|    fps                  | 7           |
|    iterations           | 126         |
|    time_elapsed         | 3549        |
|    total_timesteps      | 25200       |
| train/                  |             |
|    approx_kl            | 0.005838166 |
|    clip_fraction        | 0.0328      |
|    clip_range           | 0.2         |
|    entropy_loss         | -1.42       |
|    explained_variance   | -0.026      |
|    learning_rate        | 0.0003      |
|    loss                 | 0.0279      |
|    n_updates            | 1250        |
|    policy_gradient_loss | -0.00424    |
|    std                  | 1           |
|    value_loss           | 0.000409    |
-----------------------------------------
-----------------------------------------
| rollout/                |             |
|    ep_len_mean          | 5e+03       |
|    ep_rew_mean          | -74.6       |
| time/                   |             |
|    fps                  | 7           |
|    iterations           | 127         |
|    time_elapsed         | 3578        |
|    total_timesteps      | 25400       |
| train/                  |             |
|    approx_kl            | 0.005407463 |
|    clip_fraction        | 0.0117      |
|    clip_range           | 0.2         |
|    entropy_loss         | -1.43       |
|    explained_variance   | -20.2       |
|    learning_rate        | 0.0003      |
|    loss                 | -0.0215     |
|    n_updates            | 1260        |
|    policy_gradient_loss | -0.00698    |
|    std                  | 1.01        |
|    value_loss           | 0.00105     |
-----------------------------------------
------------------------------------------
| rollout/                |              |
|    ep_len_mean          | 5e+03        |
|    ep_rew_mean          | -74.6        |
| time/                   |              |
|    fps                  | 7            |
|    iterations           | 128          |
|    time_elapsed         | 3606         |
|    total_timesteps      | 25600        |
| train/                  |              |
|    approx_kl            | 0.0116797155 |
|    clip_fraction        | 0.1          |
|    clip_range           | 0.2          |
|    entropy_loss         | -1.43        |
|    explained_variance   | -1.56        |
|    learning_rate        | 0.0003       |
|    loss                 | 0.061        |
|    n_updates            | 1270         |
|    policy_gradient_loss | -0.00518     |
|    std                  | 1.02         |
|    value_loss           | 0.00152      |
------------------------------------------
-----------------------------------------
| rollout/                |             |
|    ep_len_mean          | 5e+03       |
|    ep_rew_mean          | -74.6       |
| time/                   |             |
|    fps                  | 7           |
|    iterations           | 129         |
|    time_elapsed         | 3633        |
|    total_timesteps      | 25800       |
| train/                  |             |
|    approx_kl            | 0.008507602 |
|    clip_fraction        | 0.0527      |
|    clip_range           | 0.2         |
|    entropy_loss         | -1.44       |
|    explained_variance   | -6.55       |
|    learning_rate        | 0.0003      |
|    loss                 | 0.0932      |
|    n_updates            | 1280        |
|    policy_gradient_loss | -0.00243    |
|    std                  | 1.02        |
|    value_loss           | 0.00143     |
-----------------------------------------
------------------------------------------
| rollout/                |              |
|    ep_len_mean          | 5e+03        |
|    ep_rew_mean          | -74.6        |
| time/                   |              |
|    fps                  | 7            |
|    iterations           | 130          |
|    time_elapsed         | 3657         |
|    total_timesteps      | 26000        |
| train/                  |              |
|    approx_kl            | 0.0073836446 |
|    clip_fraction        | 0.0926       |
|    clip_range           | 0.2          |
|    entropy_loss         | -1.43        |
|    explained_variance   | 0.966        |
|    learning_rate        | 0.0003       |
|    loss                 | 0.0295       |
|    n_updates            | 1290         |
|    policy_gradient_loss | -0.0105      |
|    std                  | 1.01         |
|    value_loss           | 0.0257       |
------------------------------------------
------------------------------------------
| rollout/                |              |
|    ep_len_mean          | 5e+03        |
|    ep_rew_mean          | -74.6        |
| time/                   |              |
|    fps                  | 7            |
|    iterations           | 131          |
|    time_elapsed         | 3685         |
|    total_timesteps      | 26200        |
| train/                  |              |
|    approx_kl            | 0.0072470703 |
|    clip_fraction        | 0.0129       |
|    clip_range           | 0.2          |
|    entropy_loss         | -1.43        |
|    explained_variance   | 0.935        |
|    learning_rate        | 0.0003       |
|    loss                 | -0.0494      |
|    n_updates            | 1300         |
|    policy_gradient_loss | -0.0037      |
|    std                  | 1.01         |
|    value_loss           | 0.0709       |
------------------------------------------
------------------------------------------
| rollout/                |              |
|    ep_len_mean          | 5e+03        |
|    ep_rew_mean          | -74.6        |
| time/                   |              |
|    fps                  | 7            |
|    iterations           | 132          |
|    time_elapsed         | 3711         |
|    total_timesteps      | 26400        |
| train/                  |              |
|    approx_kl            | 0.0024222217 |
|    clip_fraction        | 0.0379       |
|    clip_range           | 0.2          |
|    entropy_loss         | -1.43        |
|    explained_variance   | -8.58        |
|    learning_rate        | 0.0003       |
|    loss                 | -0.00305     |
|    n_updates            | 1310         |
|    policy_gradient_loss | -0.00308     |
|    std                  | 1.01         |
|    value_loss           | 0.0796       |
------------------------------------------
------------------------------------------
| rollout/                |              |
|    ep_len_mean          | 5e+03        |
|    ep_rew_mean          | -74.6        |
| time/                   |              |
|    fps                  | 7            |
|    iterations           | 133          |
|    time_elapsed         | 3736         |
|    total_timesteps      | 26600        |
| train/                  |              |
|    approx_kl            | 0.0034088723 |
|    clip_fraction        | 0.0395       |
|    clip_range           | 0.2          |
|    entropy_loss         | -1.43        |
|    explained_variance   | 0.695        |
|    learning_rate        | 0.0003       |
|    loss                 | 0.0205       |
|    n_updates            | 1320         |
|    policy_gradient_loss | -0.00696     |
|    std                  | 1.01         |
|    value_loss           | 0.00444      |
------------------------------------------
----------------------------------------
| rollout/                |            |
|    ep_len_mean          | 5e+03      |
|    ep_rew_mean          | -74.6      |
| time/                   |            |
|    fps                  | 7          |
|    iterations           | 134        |
|    time_elapsed         | 3764       |
|    total_timesteps      | 26800      |
| train/                  |            |
|    approx_kl            | 0.01630697 |
|    clip_fraction        | 0.161      |
|    clip_range           | 0.2        |
|    entropy_loss         | -1.43      |
|    explained_variance   | -0.964     |
|    learning_rate        | 0.0003     |
|    loss                 | -0.00966   |
|    n_updates            | 1330       |
|    policy_gradient_loss | -0.0123    |
|    std                  | 1.01       |
|    value_loss           | 0.00628    |
----------------------------------------
----------------------------------------
| rollout/                |            |
|    ep_len_mean          | 5e+03      |
|    ep_rew_mean          | -74.6      |
| time/                   |            |
|    fps                  | 7          |
|    iterations           | 135        |
|    time_elapsed         | 3789       |
|    total_timesteps      | 27000      |
| train/                  |            |
|    approx_kl            | 0.01917193 |
|    clip_fraction        | 0.084      |
|    clip_range           | 0.2        |
|    entropy_loss         | -1.43      |
|    explained_variance   | -3.59      |
|    learning_rate        | 0.0003     |
|    loss                 | -0.0339    |
|    n_updates            | 1340       |
|    policy_gradient_loss | -0.0139    |
|    std                  | 1.01       |
|    value_loss           | 0.0164     |
----------------------------------------
-----------------------------------------
| rollout/                |             |
|    ep_len_mean          | 5e+03       |
|    ep_rew_mean          | -74.6       |
| time/                   |             |
|    fps                  | 7           |
|    iterations           | 136         |
|    time_elapsed         | 3814        |
|    total_timesteps      | 27200       |
| train/                  |             |
|    approx_kl            | 0.010842141 |
|    clip_fraction        | 0.0621      |
|    clip_range           | 0.2         |
|    entropy_loss         | -1.43       |
|    explained_variance   | -0.633      |
|    learning_rate        | 0.0003      |
|    loss                 | -0.0438     |
|    n_updates            | 1350        |
|    policy_gradient_loss | -0.0165     |
|    std                  | 1.02        |
|    value_loss           | 0.00305     |
-----------------------------------------
-------------------------------------------
| rollout/                |               |
|    ep_len_mean          | 5e+03         |
|    ep_rew_mean          | -74.6         |
| time/                   |               |
|    fps                  | 7             |
|    iterations           | 137           |
|    time_elapsed         | 3842          |
|    total_timesteps      | 27400         |
| train/                  |               |
|    approx_kl            | 0.00073378556 |
|    clip_fraction        | 0.00586       |
|    clip_range           | 0.2           |
|    entropy_loss         | -1.44         |
|    explained_variance   | -5.87         |
|    learning_rate        | 0.0003        |
|    loss                 | 0.0129        |
|    n_updates            | 1360          |
|    policy_gradient_loss | 0.00136       |
|    std                  | 1.02          |
|    value_loss           | 0.00289       |
-------------------------------------------
------------------------------------------
| rollout/                |              |
|    ep_len_mean          | 5e+03        |
|    ep_rew_mean          | -74.6        |
| time/                   |              |
|    fps                  | 7            |
|    iterations           | 138          |
|    time_elapsed         | 3867         |
|    total_timesteps      | 27600        |
| train/                  |              |
|    approx_kl            | 0.0075114826 |
|    clip_fraction        | 0.0766       |
|    clip_range           | 0.2          |
|    entropy_loss         | -1.44        |
|    explained_variance   | -3.43        |
|    learning_rate        | 0.0003       |
|    loss                 | 0.0184       |
|    n_updates            | 1370         |
|    policy_gradient_loss | -0.00262     |
|    std                  | 1.02         |
|    value_loss           | 0.00749      |
------------------------------------------
------------------------------------------
| rollout/                |              |
|    ep_len_mean          | 5e+03        |
|    ep_rew_mean          | -74.6        |
| time/                   |              |
|    fps                  | 7            |
|    iterations           | 139          |
|    time_elapsed         | 3893         |
|    total_timesteps      | 27800        |
| train/                  |              |
|    approx_kl            | 0.0056881597 |
|    clip_fraction        | 0.0746       |
|    clip_range           | 0.2          |
|    entropy_loss         | -1.44        |
|    explained_variance   | -2.51        |
|    learning_rate        | 0.0003       |
|    loss                 | 0.0178       |
|    n_updates            | 1380         |
|    policy_gradient_loss | -0.00326     |
|    std                  | 1.02         |
|    value_loss           | 0.0029       |
------------------------------------------
-----------------------------------------
| rollout/                |             |
|    ep_len_mean          | 5e+03       |
|    ep_rew_mean          | -74.6       |
| time/                   |             |
|    fps                  | 7           |
|    iterations           | 140         |
|    time_elapsed         | 3920        |
|    total_timesteps      | 28000       |
| train/                  |             |
|    approx_kl            | 0.001435172 |
|    clip_fraction        | 0           |
|    clip_range           | 0.2         |
|    entropy_loss         | -1.44       |
|    explained_variance   | -0.473      |
|    learning_rate        | 0.0003      |
|    loss                 | -0.0021     |
|    n_updates            | 1390        |
|    policy_gradient_loss | -0.00194    |
|    std                  | 1.02        |
|    value_loss           | 0.00398     |
-----------------------------------------
-----------------------------------------
| rollout/                |             |
|    ep_len_mean          | 5e+03       |
|    ep_rew_mean          | -74.6       |
| time/                   |             |
|    fps                  | 7           |
|    iterations           | 141         |
|    time_elapsed         | 3945        |
|    total_timesteps      | 28200       |
| train/                  |             |
|    approx_kl            | 0.004339191 |
|    clip_fraction        | 0.0367      |
|    clip_range           | 0.2         |
|    entropy_loss         | -1.43       |
|    explained_variance   | -2.87       |
|    learning_rate        | 0.0003      |
|    loss                 | 0.00509     |
|    n_updates            | 1400        |
|    policy_gradient_loss | 0.00166     |
|    std                  | 1.01        |
|    value_loss           | 0.00499     |
-----------------------------------------
------------------------------------------
| rollout/                |              |
|    ep_len_mean          | 5e+03        |
|    ep_rew_mean          | -74.6        |
| time/                   |              |
|    fps                  | 7            |
|    iterations           | 142          |
|    time_elapsed         | 3971         |
|    total_timesteps      | 28400        |
| train/                  |              |
|    approx_kl            | 0.0005324881 |
|    clip_fraction        | 0            |
|    clip_range           | 0.2          |
|    entropy_loss         | -1.43        |
|    explained_variance   | -1.72        |
|    learning_rate        | 0.0003       |
|    loss                 | -0.00874     |
|    n_updates            | 1410         |
|    policy_gradient_loss | -0.000147    |
|    std                  | 1.01         |
|    value_loss           | 0.00318      |
------------------------------------------
------------------------------------------
| rollout/                |              |
|    ep_len_mean          | 5e+03        |
|    ep_rew_mean          | -74.6        |
| time/                   |              |
|    fps                  | 7            |
|    iterations           | 143          |
|    time_elapsed         | 3998         |
|    total_timesteps      | 28600        |
| train/                  |              |
|    approx_kl            | 0.0074657626 |
|    clip_fraction        | 0.0457       |
|    clip_range           | 0.2          |
|    entropy_loss         | -1.43        |
|    explained_variance   | 0.0807       |
|    learning_rate        | 0.0003       |
|    loss                 | -0.0173      |
|    n_updates            | 1420         |
|    policy_gradient_loss | -0.00364     |
|    std                  | 1.01         |
|    value_loss           | 0.00464      |
------------------------------------------
------------------------------------------
| rollout/                |              |
|    ep_len_mean          | 5e+03        |
|    ep_rew_mean          | -74.6        |
| time/                   |              |
|    fps                  | 7            |
|    iterations           | 144          |
|    time_elapsed         | 4023         |
|    total_timesteps      | 28800        |
| train/                  |              |
|    approx_kl            | 0.0029874707 |
|    clip_fraction        | 0.032        |
|    clip_range           | 0.2          |
|    entropy_loss         | -1.43        |
|    explained_variance   | -0.778       |
|    learning_rate        | 0.0003       |
|    loss                 | -0.0196      |
|    n_updates            | 1430         |
|    policy_gradient_loss | -0.00266     |
|    std                  | 1.02         |
|    value_loss           | 0.00305      |
------------------------------------------
-----------------------------------------
| rollout/                |             |
|    ep_len_mean          | 5e+03       |
|    ep_rew_mean          | -74.6       |
| time/                   |             |
|    fps                  | 7           |
|    iterations           | 145         |
|    time_elapsed         | 4049        |
|    total_timesteps      | 29000       |
| train/                  |             |
|    approx_kl            | 0.015497081 |
|    clip_fraction        | 0.0723      |
|    clip_range           | 0.2         |
|    entropy_loss         | -1.44       |
|    explained_variance   | -0.431      |
|    learning_rate        | 0.0003      |
|    loss                 | 0.0505      |
|    n_updates            | 1440        |
|    policy_gradient_loss | -0.00236    |
|    std                  | 1.02        |
|    value_loss           | 0.00349     |
-----------------------------------------
-----------------------------------------
| rollout/                |             |
|    ep_len_mean          | 5e+03       |
|    ep_rew_mean          | -74.6       |
| time/                   |             |
|    fps                  | 7           |
|    iterations           | 146         |
|    time_elapsed         | 4077        |
|    total_timesteps      | 29200       |
| train/                  |             |
|    approx_kl            | 0.012633607 |
|    clip_fraction        | 0.125       |
|    clip_range           | 0.2         |
|    entropy_loss         | -1.44       |
|    explained_variance   | 0.328       |
|    learning_rate        | 0.0003      |
|    loss                 | -0.0359     |
|    n_updates            | 1450        |
|    policy_gradient_loss | -0.0138     |
|    std                  | 1.02        |
|    value_loss           | 0.00637     |
-----------------------------------------
-----------------------------------------
| rollout/                |             |
|    ep_len_mean          | 5e+03       |
|    ep_rew_mean          | -74.6       |
| time/                   |             |
|    fps                  | 7           |
|    iterations           | 147         |
|    time_elapsed         | 4102        |
|    total_timesteps      | 29400       |
| train/                  |             |
|    approx_kl            | 0.005579343 |
|    clip_fraction        | 0.0504      |
|    clip_range           | 0.2         |
|    entropy_loss         | -1.44       |
|    explained_variance   | 0.557       |
|    learning_rate        | 0.0003      |
|    loss                 | -0.00861    |
|    n_updates            | 1460        |
|    policy_gradient_loss | -0.00466    |
|    std                  | 1.02        |
|    value_loss           | 0.00132     |
-----------------------------------------
-----------------------------------------
| rollout/                |             |
|    ep_len_mean          | 5e+03       |
|    ep_rew_mean          | -74.6       |
| time/                   |             |
|    fps                  | 7           |
|    iterations           | 148         |
|    time_elapsed         | 4128        |
|    total_timesteps      | 29600       |
| train/                  |             |
|    approx_kl            | 0.006864266 |
|    clip_fraction        | 0.0156      |
|    clip_range           | 0.2         |
|    entropy_loss         | -1.44       |
|    explained_variance   | 0.206       |
|    learning_rate        | 0.0003      |
|    loss                 | -0.0573     |
|    n_updates            | 1470        |
|    policy_gradient_loss | -0.00208    |
|    std                  | 1.02        |
|    value_loss           | 0.00304     |
-----------------------------------------
-----------------------------------------
| rollout/                |             |
|    ep_len_mean          | 5e+03       |
|    ep_rew_mean          | -74.6       |
| time/                   |             |
|    fps                  | 7           |
|    iterations           | 149         |
|    time_elapsed         | 4155        |
|    total_timesteps      | 29800       |
| train/                  |             |
|    approx_kl            | 0.010338265 |
|    clip_fraction        | 0.0777      |
|    clip_range           | 0.2         |
|    entropy_loss         | -1.44       |
|    explained_variance   | 0.572       |
|    learning_rate        | 0.0003      |
|    loss                 | -0.036      |
|    n_updates            | 1480        |
|    policy_gradient_loss | -0.00729    |
|    std                  | 1.02        |
|    value_loss           | 0.00931     |
-----------------------------------------
------------------------------------------
| rollout/                |              |
|    ep_len_mean          | 5e+03        |
|    ep_rew_mean          | -74.6        |
| time/                   |              |
|    fps                  | 7            |
|    iterations           | 150          |
|    time_elapsed         | 4180         |
|    total_timesteps      | 30000        |
| train/                  |              |
|    approx_kl            | 0.0024054237 |
|    clip_fraction        | 0.0133       |
|    clip_range           | 0.2          |
|    entropy_loss         | -1.44        |
|    explained_variance   | 0.735        |
|    learning_rate        | 0.0003       |
|    loss                 | -0.00742     |
|    n_updates            | 1490         |
|    policy_gradient_loss | -0.00338     |
|    std                  | 1.02         |
|    value_loss           | 0.00124      |
------------------------------------------
-----------------------------------------
| rollout/                |             |
|    ep_len_mean          | 5e+03       |
|    ep_rew_mean          | -75.2       |
| time/                   |             |
|    fps                  | 7           |
|    iterations           | 151         |
|    time_elapsed         | 4209        |
|    total_timesteps      | 30200       |
| train/                  |             |
|    approx_kl            | 0.006627177 |
|    clip_fraction        | 0.0383      |
|    clip_range           | 0.2         |
|    entropy_loss         | -1.44       |
|    explained_variance   | 0.248       |
|    learning_rate        | 0.0003      |
|    loss                 | 0.0168      |
|    n_updates            | 1500        |
|    policy_gradient_loss | -0.00124    |
|    std                  | 1.02        |
|    value_loss           | 0.00117     |
-----------------------------------------
------------------------------------------
| rollout/                |              |
|    ep_len_mean          | 5e+03        |
|    ep_rew_mean          | -75.2        |
| time/                   |              |
|    fps                  | 7            |
|    iterations           | 152          |
|    time_elapsed         | 4237         |
|    total_timesteps      | 30400        |
| train/                  |              |
|    approx_kl            | 0.0019833983 |
|    clip_fraction        | 0.0082       |
|    clip_range           | 0.2          |
|    entropy_loss         | -1.44        |
|    explained_variance   | 0.137        |
|    learning_rate        | 0.0003       |
|    loss                 | -0.0239      |
|    n_updates            | 1510         |
|    policy_gradient_loss | -0.000893    |
|    std                  | 1.02         |
|    value_loss           | 0.00291      |
------------------------------------------
-----------------------------------------
| rollout/                |             |
|    ep_len_mean          | 5e+03       |
|    ep_rew_mean          | -75.2       |
| time/                   |             |
|    fps                  | 7           |
|    iterations           | 153         |
|    time_elapsed         | 4266        |
|    total_timesteps      | 30600       |
| train/                  |             |
|    approx_kl            | 0.003316186 |
|    clip_fraction        | 0.0938      |
|    clip_range           | 0.2         |
|    entropy_loss         | -1.44       |
|    explained_variance   | 0.0217      |
|    learning_rate        | 0.0003      |
|    loss                 | -0.0363     |
|    n_updates            | 1520        |
|    policy_gradient_loss | -0.00737    |
|    std                  | 1.02        |
|    value_loss           | 0.00164     |
-----------------------------------------
-----------------------------------------
| rollout/                |             |
|    ep_len_mean          | 5e+03       |
|    ep_rew_mean          | -75.2       |
| time/                   |             |
|    fps                  | 7           |
|    iterations           | 154         |
|    time_elapsed         | 4294        |
|    total_timesteps      | 30800       |
| train/                  |             |
|    approx_kl            | 0.014604715 |
|    clip_fraction        | 0.077       |
|    clip_range           | 0.2         |
|    entropy_loss         | -1.44       |
|    explained_variance   | -0.706      |
|    learning_rate        | 0.0003      |
|    loss                 | -0.00621    |
|    n_updates            | 1530        |
|    policy_gradient_loss | -0.00666    |
|    std                  | 1.02        |
|    value_loss           | 0.00244     |
-----------------------------------------
-----------------------------------------
| rollout/                |             |
|    ep_len_mean          | 5e+03       |
|    ep_rew_mean          | -75.2       |
| time/                   |             |
|    fps                  | 7           |
|    iterations           | 155         |
|    time_elapsed         | 4323        |
|    total_timesteps      | 31000       |
| train/                  |             |
|    approx_kl            | 0.008890484 |
|    clip_fraction        | 0.0363      |
|    clip_range           | 0.2         |
|    entropy_loss         | -1.44       |
|    explained_variance   | -0.815      |
|    learning_rate        | 0.0003      |
|    loss                 | 0.0521      |
|    n_updates            | 1540        |
|    policy_gradient_loss | -0.00529    |
|    std                  | 1.02        |
|    value_loss           | 0.00127     |
-----------------------------------------
-----------------------------------------
| rollout/                |             |
|    ep_len_mean          | 5e+03       |
|    ep_rew_mean          | -75.2       |
| time/                   |             |
|    fps                  | 7           |
|    iterations           | 156         |
|    time_elapsed         | 4351        |
|    total_timesteps      | 31200       |
| train/                  |             |
|    approx_kl            | 0.001142082 |
|    clip_fraction        | 0           |
|    clip_range           | 0.2         |
|    entropy_loss         | -1.44       |
|    explained_variance   | 0.287       |
|    learning_rate        | 0.0003      |
|    loss                 | -0.0199     |
|    n_updates            | 1550        |
|    policy_gradient_loss | -0.000242   |
|    std                  | 1.02        |
|    value_loss           | 0.000448    |
-----------------------------------------
-----------------------------------------
| rollout/                |             |
|    ep_len_mean          | 5e+03       |
|    ep_rew_mean          | -75.2       |
| time/                   |             |
|    fps                  | 7           |
|    iterations           | 157         |
|    time_elapsed         | 4380        |
|    total_timesteps      | 31400       |
| train/                  |             |
|    approx_kl            | 0.008413958 |
|    clip_fraction        | 0.0242      |
|    clip_range           | 0.2         |
|    entropy_loss         | -1.43       |
|    explained_variance   | -0.445      |
|    learning_rate        | 0.0003      |
|    loss                 | -0.0571     |
|    n_updates            | 1560        |
|    policy_gradient_loss | -0.00461    |
|    std                  | 1.01        |
|    value_loss           | 0.000664    |
-----------------------------------------
-----------------------------------------
| rollout/                |             |
|    ep_len_mean          | 5e+03       |
|    ep_rew_mean          | -75.2       |
| time/                   |             |
|    fps                  | 7           |
|    iterations           | 158         |
|    time_elapsed         | 4408        |
|    total_timesteps      | 31600       |
| train/                  |             |
|    approx_kl            | 0.013153172 |
|    clip_fraction        | 0.112       |
|    clip_range           | 0.2         |
|    entropy_loss         | -1.43       |
|    explained_variance   | 0.747       |
|    learning_rate        | 0.0003      |
|    loss                 | 0.0133      |
|    n_updates            | 1570        |
|    policy_gradient_loss | -0.00611    |
|    std                  | 1.02        |
|    value_loss           | 0.000301    |
-----------------------------------------
------------------------------------------
| rollout/                |              |
|    ep_len_mean          | 5e+03        |
|    ep_rew_mean          | -75.2        |
| time/                   |              |
|    fps                  | 7            |
|    iterations           | 159          |
|    time_elapsed         | 4436         |
|    total_timesteps      | 31800        |
| train/                  |              |
|    approx_kl            | 0.0013289524 |
|    clip_fraction        | 0            |
|    clip_range           | 0.2          |
|    entropy_loss         | -1.44        |
|    explained_variance   | -0.892       |
|    learning_rate        | 0.0003       |
|    loss                 | -0.0267      |
|    n_updates            | 1580         |
|    policy_gradient_loss | -0.00223     |
|    std                  | 1.02         |
|    value_loss           | 0.00045      |
------------------------------------------
------------------------------------------
| rollout/                |              |
|    ep_len_mean          | 5e+03        |
|    ep_rew_mean          | -75.2        |
| time/                   |              |
|    fps                  | 7            |
|    iterations           | 160          |
|    time_elapsed         | 4465         |
|    total_timesteps      | 32000        |
| train/                  |              |
|    approx_kl            | 0.0034445256 |
|    clip_fraction        | 0.0156       |
|    clip_range           | 0.2          |
|    entropy_loss         | -1.43        |
|    explained_variance   | 0.556        |
|    learning_rate        | 0.0003       |
|    loss                 | -0.0247      |
|    n_updates            | 1590         |
|    policy_gradient_loss | -0.00296     |
|    std                  | 1.01         |
|    value_loss           | 0.000542     |
------------------------------------------
-----------------------------------------
| rollout/                |             |
|    ep_len_mean          | 5e+03       |
|    ep_rew_mean          | -75.2       |
| time/                   |             |
|    fps                  | 7           |
|    iterations           | 161         |
|    time_elapsed         | 4493        |
|    total_timesteps      | 32200       |
| train/                  |             |
|    approx_kl            | 0.010818643 |
|    clip_fraction        | 0.0637      |
|    clip_range           | 0.2         |
|    entropy_loss         | -1.43       |
|    explained_variance   | -16.5       |
|    learning_rate        | 0.0003      |
|    loss                 | -0.0755     |
|    n_updates            | 1600        |
|    policy_gradient_loss | -0.00779    |
|    std                  | 1.02        |
|    value_loss           | 0.000498    |
-----------------------------------------
-----------------------------------------
| rollout/                |             |
|    ep_len_mean          | 5e+03       |
|    ep_rew_mean          | -75.2       |
| time/                   |             |
|    fps                  | 7           |
|    iterations           | 162         |
|    time_elapsed         | 4521        |
|    total_timesteps      | 32400       |
| train/                  |             |
|    approx_kl            | 0.014880476 |
|    clip_fraction        | 0.0867      |
|    clip_range           | 0.2         |
|    entropy_loss         | -1.44       |
|    explained_variance   | 0.497       |
|    learning_rate        | 0.0003      |
|    loss                 | 0.00883     |
|    n_updates            | 1610        |
|    policy_gradient_loss | -0.0119     |
|    std                  | 1.01        |
|    value_loss           | 0.000453    |
-----------------------------------------
------------------------------------------
| rollout/                |              |
|    ep_len_mean          | 5e+03        |
|    ep_rew_mean          | -75.2        |
| time/                   |              |
|    fps                  | 7            |
|    iterations           | 163          |
|    time_elapsed         | 4550         |
|    total_timesteps      | 32600        |
| train/                  |              |
|    approx_kl            | 0.0068776393 |
|    clip_fraction        | 0.0617       |
|    clip_range           | 0.2          |
|    entropy_loss         | -1.43        |
|    explained_variance   | 0.518        |
|    learning_rate        | 0.0003       |
|    loss                 | 0.00198      |
|    n_updates            | 1620         |
|    policy_gradient_loss | -0.00403     |
|    std                  | 1.01         |
|    value_loss           | 0.000577     |
------------------------------------------
-----------------------------------------
| rollout/                |             |
|    ep_len_mean          | 5e+03       |
|    ep_rew_mean          | -75.2       |
| time/                   |             |
|    fps                  | 7           |
|    iterations           | 164         |
|    time_elapsed         | 4578        |
|    total_timesteps      | 32800       |
| train/                  |             |
|    approx_kl            | 0.004561972 |
|    clip_fraction        | 0.0449      |
|    clip_range           | 0.2         |
|    entropy_loss         | -1.43       |
|    explained_variance   | -2.6        |
|    learning_rate        | 0.0003      |
|    loss                 | 0.0276      |
|    n_updates            | 1630        |
|    policy_gradient_loss | -0.00907    |
|    std                  | 1.01        |
|    value_loss           | 0.000802    |
-----------------------------------------
-------------------------------------------
| rollout/                |               |
|    ep_len_mean          | 5e+03         |
|    ep_rew_mean          | -75.2         |
| time/                   |               |
|    fps                  | 7             |
|    iterations           | 165           |
|    time_elapsed         | 4605          |
|    total_timesteps      | 33000         |
| train/                  |               |
|    approx_kl            | 0.00059889676 |
|    clip_fraction        | 0.000781      |
|    clip_range           | 0.2           |
|    entropy_loss         | -1.43         |
|    explained_variance   | -0.776        |
|    learning_rate        | 0.0003        |
|    loss                 | -0.00341      |
|    n_updates            | 1640          |
|    policy_gradient_loss | -2.38e-05     |
|    std                  | 1             |
|    value_loss           | 0.000518      |
-------------------------------------------
------------------------------------------
| rollout/                |              |
|    ep_len_mean          | 5e+03        |
|    ep_rew_mean          | -75.2        |
| time/                   |              |
|    fps                  | 7            |
|    iterations           | 166          |
|    time_elapsed         | 4631         |
|    total_timesteps      | 33200        |
| train/                  |              |
|    approx_kl            | 0.0025834409 |
|    clip_fraction        | 0.0043       |
|    clip_range           | 0.2          |
|    entropy_loss         | -1.42        |
|    explained_variance   | 0.526        |
|    learning_rate        | 0.0003       |
|    loss                 | -0.0148      |
|    n_updates            | 1650         |
|    policy_gradient_loss | -0.00235     |
|    std                  | 1            |
|    value_loss           | 0.00102      |
------------------------------------------
-----------------------------------------
| rollout/                |             |
|    ep_len_mean          | 5e+03       |
|    ep_rew_mean          | -75.2       |
| time/                   |             |
|    fps                  | 7           |
|    iterations           | 167         |
|    time_elapsed         | 4659        |
|    total_timesteps      | 33400       |
| train/                  |             |
|    approx_kl            | 0.003506911 |
|    clip_fraction        | 0.0508      |
|    clip_range           | 0.2         |
|    entropy_loss         | -1.42       |
|    explained_variance   | -1.38       |
|    learning_rate        | 0.0003      |
|    loss                 | -0.0155     |
|    n_updates            | 1660        |
|    policy_gradient_loss | -0.00318    |
|    std                  | 0.998       |
|    value_loss           | 0.00536     |
-----------------------------------------
-----------------------------------------
| rollout/                |             |
|    ep_len_mean          | 5e+03       |
|    ep_rew_mean          | -75.2       |
| time/                   |             |
|    fps                  | 7           |
|    iterations           | 168         |
|    time_elapsed         | 4685        |
|    total_timesteps      | 33600       |
| train/                  |             |
|    approx_kl            | 0.011275245 |
|    clip_fraction        | 0.0945      |
|    clip_range           | 0.2         |
|    entropy_loss         | -1.41       |
|    explained_variance   | -1.81       |
|    learning_rate        | 0.0003      |
|    loss                 | -0.0361     |
|    n_updates            | 1670        |
|    policy_gradient_loss | -0.0112     |
|    std                  | 0.992       |
|    value_loss           | 0.0029      |
-----------------------------------------
------------------------------------------
| rollout/                |              |
|    ep_len_mean          | 5e+03        |
|    ep_rew_mean          | -75.2        |
| time/                   |              |
|    fps                  | 7            |
|    iterations           | 169          |
|    time_elapsed         | 4711         |
|    total_timesteps      | 33800        |
| train/                  |              |
|    approx_kl            | 0.0013642039 |
|    clip_fraction        | 0.0129       |
|    clip_range           | 0.2          |
|    entropy_loss         | -1.41        |
|    explained_variance   | -0.256       |
|    learning_rate        | 0.0003       |
|    loss                 | 0.00346      |
|    n_updates            | 1680         |
|    policy_gradient_loss | -0.00138     |
|    std                  | 0.992        |
|    value_loss           | 0.00111      |
------------------------------------------
------------------------------------------
| rollout/                |              |
|    ep_len_mean          | 5e+03        |
|    ep_rew_mean          | -75.2        |
| time/                   |              |
|    fps                  | 7            |
|    iterations           | 170          |
|    time_elapsed         | 4738         |
|    total_timesteps      | 34000        |
| train/                  |              |
|    approx_kl            | 0.0035148114 |
|    clip_fraction        | 0.00273      |
|    clip_range           | 0.2          |
|    entropy_loss         | -1.41        |
|    explained_variance   | 0.116        |
|    learning_rate        | 0.0003       |
|    loss                 | -0.021       |
|    n_updates            | 1690         |
|    policy_gradient_loss | -0.00148     |
|    std                  | 0.983        |
|    value_loss           | 0.00184      |
------------------------------------------
-----------------------------------------
| rollout/                |             |
|    ep_len_mean          | 5e+03       |
|    ep_rew_mean          | -75.2       |
| time/                   |             |
|    fps                  | 7           |
|    iterations           | 171         |
|    time_elapsed         | 4764        |
|    total_timesteps      | 34200       |
| train/                  |             |
|    approx_kl            | 0.008132167 |
|    clip_fraction        | 0.0293      |
|    clip_range           | 0.2         |
|    entropy_loss         | -1.4        |
|    explained_variance   | -1.44       |
|    learning_rate        | 0.0003      |
|    loss                 | 0.0143      |
|    n_updates            | 1700        |
|    policy_gradient_loss | -0.00256    |
|    std                  | 0.976       |
|    value_loss           | 0.00149     |
-----------------------------------------
-----------------------------------------
| rollout/                |             |
|    ep_len_mean          | 5e+03       |
|    ep_rew_mean          | -75.2       |
| time/                   |             |
|    fps                  | 7           |
|    iterations           | 172         |
|    time_elapsed         | 4789        |
|    total_timesteps      | 34400       |
| train/                  |             |
|    approx_kl            | 0.022457901 |
|    clip_fraction        | 0.0867      |
|    clip_range           | 0.2         |
|    entropy_loss         | -1.4        |
|    explained_variance   | 0.281       |
|    learning_rate        | 0.0003      |
|    loss                 | -0.0496     |
|    n_updates            | 1710        |
|    policy_gradient_loss | -0.00951    |
|    std                  | 0.981       |
|    value_loss           | 0.00153     |
-----------------------------------------
------------------------------------------
| rollout/                |              |
|    ep_len_mean          | 5e+03        |
|    ep_rew_mean          | -75.2        |
| time/                   |              |
|    fps                  | 7            |
|    iterations           | 173          |
|    time_elapsed         | 4817         |
|    total_timesteps      | 34600        |
| train/                  |              |
|    approx_kl            | 0.0032386056 |
|    clip_fraction        | 0.000781     |
|    clip_range           | 0.2          |
|    entropy_loss         | -1.4         |
|    explained_variance   | 0.522        |
|    learning_rate        | 0.0003       |
|    loss                 | 0.00652      |
|    n_updates            | 1720         |
|    policy_gradient_loss | -0.000266    |
|    std                  | 0.983        |
|    value_loss           | 0.00336      |
------------------------------------------
------------------------------------------
| rollout/                |              |
|    ep_len_mean          | 5e+03        |
|    ep_rew_mean          | -75.2        |
| time/                   |              |
|    fps                  | 7            |
|    iterations           | 174          |
|    time_elapsed         | 4843         |
|    total_timesteps      | 34800        |
| train/                  |              |
|    approx_kl            | 0.0031138486 |
|    clip_fraction        | 0.0539       |
|    clip_range           | 0.2          |
|    entropy_loss         | -1.4         |
|    explained_variance   | -3.12        |
|    learning_rate        | 0.0003       |
|    loss                 | 0.0145       |
|    n_updates            | 1730         |
|    policy_gradient_loss | -0.00636     |
|    std                  | 0.976        |
|    value_loss           | 0.00389      |
------------------------------------------
------------------------------------------
| rollout/                |              |
|    ep_len_mean          | 5e+03        |
|    ep_rew_mean          | -75.2        |
| time/                   |              |
|    fps                  | 7            |
|    iterations           | 175          |
|    time_elapsed         | 4868         |
|    total_timesteps      | 35000        |
| train/                  |              |
|    approx_kl            | 0.0039065215 |
|    clip_fraction        | 0.00117      |
|    clip_range           | 0.2          |
|    entropy_loss         | -1.39        |
|    explained_variance   | -0.256       |
|    learning_rate        | 0.0003       |
|    loss                 | 0.0231       |
|    n_updates            | 1740         |
|    policy_gradient_loss | 0.000154     |
|    std                  | 0.978        |
|    value_loss           | 0.00181      |
------------------------------------------
------------------------------------------
| rollout/                |              |
|    ep_len_mean          | 5e+03        |
|    ep_rew_mean          | -75.4        |
| time/                   |              |
|    fps                  | 7            |
|    iterations           | 176          |
|    time_elapsed         | 4896         |
|    total_timesteps      | 35200        |
| train/                  |              |
|    approx_kl            | 0.0043452075 |
|    clip_fraction        | 0.0664       |
|    clip_range           | 0.2          |
|    entropy_loss         | -1.4         |
|    explained_variance   | 0.527        |
|    learning_rate        | 0.0003       |
|    loss                 | 0.0132       |
|    n_updates            | 1750         |
|    policy_gradient_loss | -0.00406     |
|    std                  | 0.977        |
|    value_loss           | 0.00288      |
------------------------------------------
------------------------------------------
| rollout/                |              |
|    ep_len_mean          | 5e+03        |
|    ep_rew_mean          | -75.4        |
| time/                   |              |
|    fps                  | 7            |
|    iterations           | 177          |
|    time_elapsed         | 4925         |
|    total_timesteps      | 35400        |
| train/                  |              |
|    approx_kl            | 0.0066995737 |
|    clip_fraction        | 0.0301       |
|    clip_range           | 0.2          |
|    entropy_loss         | -1.4         |
|    explained_variance   | -9.27        |
|    learning_rate        | 0.0003       |
|    loss                 | 0.0229       |
|    n_updates            | 1760         |
|    policy_gradient_loss | -0.00804     |
|    std                  | 0.983        |
|    value_loss           | 0.00271      |
------------------------------------------
------------------------------------------
| rollout/                |              |
|    ep_len_mean          | 5e+03        |
|    ep_rew_mean          | -75.4        |
| time/                   |              |
|    fps                  | 7            |
|    iterations           | 178          |
|    time_elapsed         | 4953         |
|    total_timesteps      | 35600        |
| train/                  |              |
|    approx_kl            | 0.0012067035 |
|    clip_fraction        | 0            |
|    clip_range           | 0.2          |
|    entropy_loss         | -1.4         |
|    explained_variance   | -0.475       |
|    learning_rate        | 0.0003       |
|    loss                 | 0.00196      |
|    n_updates            | 1770         |
|    policy_gradient_loss | -0.000544    |
|    std                  | 0.987        |
|    value_loss           | 0.00111      |
------------------------------------------
------------------------------------------
| rollout/                |              |
|    ep_len_mean          | 5e+03        |
|    ep_rew_mean          | -75.4        |
| time/                   |              |
|    fps                  | 7            |
|    iterations           | 179          |
|    time_elapsed         | 4982         |
|    total_timesteps      | 35800        |
| train/                  |              |
|    approx_kl            | 0.0061576627 |
|    clip_fraction        | 0.0129       |
|    clip_range           | 0.2          |
|    entropy_loss         | -1.41        |
|    explained_variance   | -0.136       |
|    learning_rate        | 0.0003       |
|    loss                 | 0.0243       |
|    n_updates            | 1780         |
|    policy_gradient_loss | -0.000315    |
|    std                  | 0.988        |
|    value_loss           | 0.00084      |
------------------------------------------
------------------------------------------
| rollout/                |              |
|    ep_len_mean          | 5e+03        |
|    ep_rew_mean          | -75.4        |
| time/                   |              |
|    fps                  | 7            |
|    iterations           | 180          |
|    time_elapsed         | 5010         |
|    total_timesteps      | 36000        |
| train/                  |              |
|    approx_kl            | 0.0063205617 |
|    clip_fraction        | 0.0434       |
|    clip_range           | 0.2          |
|    entropy_loss         | -1.41        |
|    explained_variance   | -0.0852      |
|    learning_rate        | 0.0003       |
|    loss                 | 0.0126       |
|    n_updates            | 1790         |
|    policy_gradient_loss | -0.00855     |
|    std                  | 0.988        |
|    value_loss           | 0.000422     |
------------------------------------------
------------------------------------------
| rollout/                |              |
|    ep_len_mean          | 5e+03        |
|    ep_rew_mean          | -75.4        |
| time/                   |              |
|    fps                  | 7            |
|    iterations           | 181          |
|    time_elapsed         | 5039         |
|    total_timesteps      | 36200        |
| train/                  |              |
|    approx_kl            | 0.0081750695 |
|    clip_fraction        | 0.118        |
|    clip_range           | 0.2          |
|    entropy_loss         | -1.41        |
|    explained_variance   | 0.392        |
|    learning_rate        | 0.0003       |
|    loss                 | 0.0331       |
|    n_updates            | 1800         |
|    policy_gradient_loss | -0.00696     |
|    std                  | 0.991        |
|    value_loss           | 0.000297     |
------------------------------------------
-----------------------------------------
| rollout/                |             |
|    ep_len_mean          | 5e+03       |
|    ep_rew_mean          | -75.4       |
| time/                   |             |
|    fps                  | 7           |
|    iterations           | 182         |
|    time_elapsed         | 5067        |
|    total_timesteps      | 36400       |
| train/                  |             |
|    approx_kl            | 0.016765729 |
|    clip_fraction        | 0.143       |
|    clip_range           | 0.2         |
|    entropy_loss         | -1.41       |
|    explained_variance   | -0.11       |
|    learning_rate        | 0.0003      |
|    loss                 | -0.0294     |
|    n_updates            | 1810        |
|    policy_gradient_loss | -0.0164     |
|    std                  | 0.994       |
|    value_loss           | 0.000434    |
-----------------------------------------
-----------------------------------------
| rollout/                |             |
|    ep_len_mean          | 5e+03       |
|    ep_rew_mean          | -75.4       |
| time/                   |             |
|    fps                  | 7           |
|    iterations           | 183         |
|    time_elapsed         | 5096        |
|    total_timesteps      | 36600       |
| train/                  |             |
|    approx_kl            | 0.001656671 |
|    clip_fraction        | 0.00625     |
|    clip_range           | 0.2         |
|    entropy_loss         | -1.41       |
|    explained_variance   | 0.277       |
|    learning_rate        | 0.0003      |
|    loss                 | 0.0349      |
|    n_updates            | 1820        |
|    policy_gradient_loss | 0.00104     |
|    std                  | 0.993       |
|    value_loss           | 0.000374    |
-----------------------------------------
------------------------------------------
| rollout/                |              |
|    ep_len_mean          | 5e+03        |
|    ep_rew_mean          | -75.4        |
| time/                   |              |
|    fps                  | 7            |
|    iterations           | 184          |
|    time_elapsed         | 5124         |
|    total_timesteps      | 36800        |
| train/                  |              |
|    approx_kl            | 0.0034519974 |
|    clip_fraction        | 0.016        |
|    clip_range           | 0.2          |
|    entropy_loss         | -1.41        |
|    explained_variance   | 0.063        |
|    learning_rate        | 0.0003       |
|    loss                 | -0.0236      |
|    n_updates            | 1830         |
|    policy_gradient_loss | -0.00473     |
|    std                  | 0.992        |
|    value_loss           | 0.000167     |
------------------------------------------
-----------------------------------------
| rollout/                |             |
|    ep_len_mean          | 5e+03       |
|    ep_rew_mean          | -75.4       |
| time/                   |             |
|    fps                  | 7           |
|    iterations           | 185         |
|    time_elapsed         | 5153        |
|    total_timesteps      | 37000       |
| train/                  |             |
|    approx_kl            | 0.007649539 |
|    clip_fraction        | 0.0379      |
|    clip_range           | 0.2         |
|    entropy_loss         | -1.41       |
|    explained_variance   | 0.159       |
|    learning_rate        | 0.0003      |
|    loss                 | -0.0465     |
|    n_updates            | 1840        |
|    policy_gradient_loss | -0.0019     |
|    std                  | 0.998       |
|    value_loss           | 0.000214    |
-----------------------------------------
------------------------------------------
| rollout/                |              |
|    ep_len_mean          | 5e+03        |
|    ep_rew_mean          | -75.4        |
| time/                   |              |
|    fps                  | 7            |
|    iterations           | 186          |
|    time_elapsed         | 5181         |
|    total_timesteps      | 37200        |
| train/                  |              |
|    approx_kl            | 0.0059007686 |
|    clip_fraction        | 0.0336       |
|    clip_range           | 0.2          |
|    entropy_loss         | -1.42        |
|    explained_variance   | -0.282       |
|    learning_rate        | 0.0003       |
|    loss                 | 0.015        |
|    n_updates            | 1850         |
|    policy_gradient_loss | -0.00233     |
|    std                  | 1            |
|    value_loss           | 0.000209     |
------------------------------------------
------------------------------------------
| rollout/                |              |
|    ep_len_mean          | 5e+03        |
|    ep_rew_mean          | -75.4        |
| time/                   |              |
|    fps                  | 7            |
|    iterations           | 187          |
|    time_elapsed         | 5209         |
|    total_timesteps      | 37400        |
| train/                  |              |
|    approx_kl            | 0.0017549708 |
|    clip_fraction        | 0.00117      |
|    clip_range           | 0.2          |
|    entropy_loss         | -1.42        |
|    explained_variance   | 0.298        |
|    learning_rate        | 0.0003       |
|    loss                 | -0.0197      |
|    n_updates            | 1860         |
|    policy_gradient_loss | -0.000795    |
|    std                  | 0.997        |
|    value_loss           | 0.000218     |
------------------------------------------
-------------------------------------------
| rollout/                |               |
|    ep_len_mean          | 5e+03         |
|    ep_rew_mean          | -75.4         |
| time/                   |               |
|    fps                  | 7             |
|    iterations           | 188           |
|    time_elapsed         | 5238          |
|    total_timesteps      | 37600         |
| train/                  |               |
|    approx_kl            | 0.00034982245 |
|    clip_fraction        | 0             |
|    clip_range           | 0.2           |
|    entropy_loss         | -1.42         |
|    explained_variance   | -0.09         |
|    learning_rate        | 0.0003        |
|    loss                 | -0.00557      |
|    n_updates            | 1870          |
|    policy_gradient_loss | -0.00107      |
|    std                  | 0.995         |
|    value_loss           | 0.000395      |
-------------------------------------------
-----------------------------------------
| rollout/                |             |
|    ep_len_mean          | 5e+03       |
|    ep_rew_mean          | -75.4       |
| time/                   |             |
|    fps                  | 7           |
|    iterations           | 189         |
|    time_elapsed         | 5266        |
|    total_timesteps      | 37800       |
| train/                  |             |
|    approx_kl            | 0.013052549 |
|    clip_fraction        | 0.121       |
|    clip_range           | 0.2         |
|    entropy_loss         | -1.41       |
|    explained_variance   | -2.72       |
|    learning_rate        | 0.0003      |
|    loss                 | -0.0987     |
|    n_updates            | 1880        |
|    policy_gradient_loss | -0.00775    |
|    std                  | 0.993       |
|    value_loss           | 0.000312    |
-----------------------------------------
-----------------------------------------
| rollout/                |             |
|    ep_len_mean          | 5e+03       |
|    ep_rew_mean          | -75.4       |
| time/                   |             |
|    fps                  | 7           |
|    iterations           | 190         |
|    time_elapsed         | 5295        |
|    total_timesteps      | 38000       |
| train/                  |             |
|    approx_kl            | 0.002361179 |
|    clip_fraction        | 0.00703     |
|    clip_range           | 0.2         |
|    entropy_loss         | -1.41       |
|    explained_variance   | -1          |
|    learning_rate        | 0.0003      |
|    loss                 | 0.0122      |
|    n_updates            | 1890        |
|    policy_gradient_loss | -0.00114    |
|    std                  | 0.984       |
|    value_loss           | 0.000423    |
-----------------------------------------
-----------------------------------------
| rollout/                |             |
|    ep_len_mean          | 5e+03       |
|    ep_rew_mean          | -75.4       |
| time/                   |             |
|    fps                  | 7           |
|    iterations           | 191         |
|    time_elapsed         | 5323        |
|    total_timesteps      | 38200       |
| train/                  |             |
|    approx_kl            | 0.010163328 |
|    clip_fraction        | 0.0641      |
|    clip_range           | 0.2         |
|    entropy_loss         | -1.4        |
|    explained_variance   | -0.113      |
|    learning_rate        | 0.0003      |
|    loss                 | 0.0149      |
|    n_updates            | 1900        |
|    policy_gradient_loss | -0.00178    |
|    std                  | 0.979       |
|    value_loss           | 0.000282    |
-----------------------------------------
------------------------------------------
| rollout/                |              |
|    ep_len_mean          | 5e+03        |
|    ep_rew_mean          | -75.4        |
| time/                   |              |
|    fps                  | 7            |
|    iterations           | 192          |
|    time_elapsed         | 5351         |
|    total_timesteps      | 38400        |
| train/                  |              |
|    approx_kl            | 0.0028668703 |
|    clip_fraction        | 0.0102       |
|    clip_range           | 0.2          |
|    entropy_loss         | -1.4         |
|    explained_variance   | -0.385       |
|    learning_rate        | 0.0003       |
|    loss                 | 0.000506     |
|    n_updates            | 1910         |
|    policy_gradient_loss | -0.00304     |
|    std                  | 0.974        |
|    value_loss           | 0.00043      |
------------------------------------------
-----------------------------------------
| rollout/                |             |
|    ep_len_mean          | 5e+03       |
|    ep_rew_mean          | -75.4       |
| time/                   |             |
|    fps                  | 7           |
|    iterations           | 193         |
|    time_elapsed         | 5379        |
|    total_timesteps      | 38600       |
| train/                  |             |
|    approx_kl            | 0.010536596 |
|    clip_fraction        | 0.126       |
|    clip_range           | 0.2         |
|    entropy_loss         | -1.39       |
|    explained_variance   | 0.484       |
|    learning_rate        | 0.0003      |
|    loss                 | 0.0544      |
|    n_updates            | 1920        |
|    policy_gradient_loss | -0.00751    |
|    std                  | 0.973       |
|    value_loss           | 0.000176    |
-----------------------------------------
------------------------------------------
| rollout/                |              |
|    ep_len_mean          | 5e+03        |
|    ep_rew_mean          | -75.4        |
| time/                   |              |
|    fps                  | 7            |
|    iterations           | 194          |
|    time_elapsed         | 5408         |
|    total_timesteps      | 38800        |
| train/                  |              |
|    approx_kl            | 0.0019394192 |
|    clip_fraction        | 0.00859      |
|    clip_range           | 0.2          |
|    entropy_loss         | -1.39        |
|    explained_variance   | -1.23        |
|    learning_rate        | 0.0003       |
|    loss                 | -0.0222      |
|    n_updates            | 1930         |
|    policy_gradient_loss | -0.00316     |
|    std                  | 0.971        |
|    value_loss           | 0.00109      |
------------------------------------------
----------------------------------------
| rollout/                |            |
|    ep_len_mean          | 5e+03      |
|    ep_rew_mean          | -75.4      |
| time/                   |            |
|    fps                  | 7          |
|    iterations           | 195        |
|    time_elapsed         | 5436       |
|    total_timesteps      | 39000      |
| train/                  |            |
|    approx_kl            | 0.00374502 |
|    clip_fraction        | 0.0137     |
|    clip_range           | 0.2        |
|    entropy_loss         | -1.39      |
|    explained_variance   | 0.0307     |
|    learning_rate        | 0.0003     |
|    loss                 | -0.00765   |
|    n_updates            | 1940       |
|    policy_gradient_loss | -0.00286   |
|    std                  | 0.967      |
|    value_loss           | 0.000717   |
----------------------------------------
------------------------------------------
| rollout/                |              |
|    ep_len_mean          | 5e+03        |
|    ep_rew_mean          | -75.4        |
| time/                   |              |
|    fps                  | 7            |
|    iterations           | 196          |
|    time_elapsed         | 5462         |
|    total_timesteps      | 39200        |
| train/                  |              |
|    approx_kl            | 0.0031747574 |
|    clip_fraction        | 0.016        |
|    clip_range           | 0.2          |
|    entropy_loss         | -1.38        |
|    explained_variance   | -1.38        |
|    learning_rate        | 0.0003       |
|    loss                 | 0.00103      |
|    n_updates            | 1950         |
|    policy_gradient_loss | -0.00161     |
|    std                  | 0.964        |
|    value_loss           | 0.000419     |
------------------------------------------
-----------------------------------------
| rollout/                |             |
|    ep_len_mean          | 5e+03       |
|    ep_rew_mean          | -75.4       |
| time/                   |             |
|    fps                  | 7           |
|    iterations           | 197         |
|    time_elapsed         | 5487        |
|    total_timesteps      | 39400       |
| train/                  |             |
|    approx_kl            | 0.008701229 |
|    clip_fraction        | 0.122       |
|    clip_range           | 0.2         |
|    entropy_loss         | -1.38       |
|    explained_variance   | 0.266       |
|    learning_rate        | 0.0003      |
|    loss                 | -0.0563     |
|    n_updates            | 1960        |
|    policy_gradient_loss | -0.014      |
|    std                  | 0.97        |
|    value_loss           | 0.00197     |
-----------------------------------------
------------------------------------------
| rollout/                |              |
|    ep_len_mean          | 5e+03        |
|    ep_rew_mean          | -75.4        |
| time/                   |              |
|    fps                  | 7            |
|    iterations           | 198          |
|    time_elapsed         | 5516         |
|    total_timesteps      | 39600        |
| train/                  |              |
|    approx_kl            | 0.0029381288 |
|    clip_fraction        | 0.0246       |
|    clip_range           | 0.2          |
|    entropy_loss         | -1.39        |
|    explained_variance   | 0.528        |
|    learning_rate        | 0.0003       |
|    loss                 | -0.0157      |
|    n_updates            | 1970         |
|    policy_gradient_loss | -0.00263     |
|    std                  | 0.976        |
|    value_loss           | 0.00272      |
------------------------------------------
-----------------------------------------
| rollout/                |             |
|    ep_len_mean          | 5e+03       |
|    ep_rew_mean          | -75.4       |
| time/                   |             |
|    fps                  | 7           |
|    iterations           | 199         |
|    time_elapsed         | 5541        |
|    total_timesteps      | 39800       |
| train/                  |             |
|    approx_kl            | 0.010581538 |
|    clip_fraction        | 0.0449      |
|    clip_range           | 0.2         |
|    entropy_loss         | -1.4        |
|    explained_variance   | -3.06       |
|    learning_rate        | 0.0003      |
|    loss                 | -0.107      |
|    n_updates            | 1980        |
|    policy_gradient_loss | -0.00841    |
|    std                  | 0.982       |
|    value_loss           | 0.00171     |
-----------------------------------------
------------------------------------------
| rollout/                |              |
|    ep_len_mean          | 5e+03        |
|    ep_rew_mean          | -75.4        |
| time/                   |              |
|    fps                  | 7            |
|    iterations           | 200          |
|    time_elapsed         | 5566         |
|    total_timesteps      | 40000        |
| train/                  |              |
|    approx_kl            | 0.0049194456 |
|    clip_fraction        | 0.0516       |
|    clip_range           | 0.2          |
|    entropy_loss         | -1.4         |
|    explained_variance   | 0.129        |
|    learning_rate        | 0.0003       |
|    loss                 | -0.0476      |
|    n_updates            | 1990         |
|    policy_gradient_loss | -0.00334     |
|    std                  | 0.982        |
|    value_loss           | 0.00273      |
------------------------------------------
-----------------------------------------
| rollout/                |             |
|    ep_len_mean          | 5e+03       |
|    ep_rew_mean          | -75.4       |
| time/                   |             |
|    fps                  | 7           |
|    iterations           | 201         |
|    time_elapsed         | 5594        |
|    total_timesteps      | 40200       |
| train/                  |             |
|    approx_kl            | 0.003406105 |
|    clip_fraction        | 0.00117     |
|    clip_range           | 0.2         |
|    entropy_loss         | -1.4        |
|    explained_variance   | 0.585       |
|    learning_rate        | 0.0003      |
|    loss                 | 0.00165     |
|    n_updates            | 2000        |
|    policy_gradient_loss | 0.000528    |
|    std                  | 0.981       |
|    value_loss           | 0.00448     |
-----------------------------------------
-----------------------------------------
| rollout/                |             |
|    ep_len_mean          | 5e+03       |
|    ep_rew_mean          | -75.4       |
| time/                   |             |
|    fps                  | 7           |
|    iterations           | 202         |
|    time_elapsed         | 5622        |
|    total_timesteps      | 40400       |
| train/                  |             |
|    approx_kl            | 0.006387893 |
|    clip_fraction        | 0.0746      |
|    clip_range           | 0.2         |
|    entropy_loss         | -1.4        |
|    explained_variance   | -3.66       |
|    learning_rate        | 0.0003      |
|    loss                 | -0.0337     |
|    n_updates            | 2010        |
|    policy_gradient_loss | -0.00785    |
|    std                  | 0.982       |
|    value_loss           | 0.00314     |
-----------------------------------------
------------------------------------------
| rollout/                |              |
|    ep_len_mean          | 5e+03        |
|    ep_rew_mean          | -75.4        |
| time/                   |              |
|    fps                  | 7            |
|    iterations           | 203          |
|    time_elapsed         | 5649         |
|    total_timesteps      | 40600        |
| train/                  |              |
|    approx_kl            | 0.0019090802 |
|    clip_fraction        | 0.00195      |
|    clip_range           | 0.2          |
|    entropy_loss         | -1.4         |
|    explained_variance   | 0.0948       |
|    learning_rate        | 0.0003       |
|    loss                 | 0.0272       |
|    n_updates            | 2020         |
|    policy_gradient_loss | 0.000466     |
|    std                  | 0.98         |
|    value_loss           | 0.00179      |
------------------------------------------
------------------------------------------
| rollout/                |              |
|    ep_len_mean          | 5e+03        |
|    ep_rew_mean          | -75.4        |
| time/                   |              |
|    fps                  | 7            |
|    iterations           | 204          |
|    time_elapsed         | 5676         |
|    total_timesteps      | 40800        |
| train/                  |              |
|    approx_kl            | 0.0018727246 |
|    clip_fraction        | 0            |
|    clip_range           | 0.2          |
|    entropy_loss         | -1.4         |
|    explained_variance   | 0.439        |
|    learning_rate        | 0.0003       |
|    loss                 | 0.044        |
|    n_updates            | 2030         |
|    policy_gradient_loss | 0.00154      |
|    std                  | 0.979        |
|    value_loss           | 0.000772     |
------------------------------------------
-----------------------------------------
| rollout/                |             |
|    ep_len_mean          | 5e+03       |
|    ep_rew_mean          | -75.4       |
| time/                   |             |
|    fps                  | 7           |
|    iterations           | 205         |
|    time_elapsed         | 5701        |
|    total_timesteps      | 41000       |
| train/                  |             |
|    approx_kl            | 0.004897435 |
|    clip_fraction        | 0.0121      |
|    clip_range           | 0.2         |
|    entropy_loss         | -1.4        |
|    explained_variance   | 0.553       |
|    learning_rate        | 0.0003      |
|    loss                 | 0.00619     |
|    n_updates            | 2040        |
|    policy_gradient_loss | -0.00381    |
|    std                  | 0.976       |
|    value_loss           | 0.0016      |
-----------------------------------------
-----------------------------------------
| rollout/                |             |
|    ep_len_mean          | 5e+03       |
|    ep_rew_mean          | -75.4       |
| time/                   |             |
|    fps                  | 7           |
|    iterations           | 206         |
|    time_elapsed         | 5727        |
|    total_timesteps      | 41200       |
| train/                  |             |
|    approx_kl            | 0.001583162 |
|    clip_fraction        | 0.0258      |
|    clip_range           | 0.2         |
|    entropy_loss         | -1.39       |
|    explained_variance   | 0.221       |
|    learning_rate        | 0.0003      |
|    loss                 | -0.00704    |
|    n_updates            | 2050        |
|    policy_gradient_loss | -0.00595    |
|    std                  | 0.972       |
|    value_loss           | 0.00453     |
-----------------------------------------
------------------------------------------
| rollout/                |              |
|    ep_len_mean          | 5e+03        |
|    ep_rew_mean          | -75.4        |
| time/                   |              |
|    fps                  | 7            |
|    iterations           | 207          |
|    time_elapsed         | 5752         |
|    total_timesteps      | 41400        |
| train/                  |              |
|    approx_kl            | 0.0027847348 |
|    clip_fraction        | 0.00508      |
|    clip_range           | 0.2          |
|    entropy_loss         | -1.39        |
|    explained_variance   | -1.29        |
|    learning_rate        | 0.0003       |
|    loss                 | -0.0045      |
|    n_updates            | 2060         |
|    policy_gradient_loss | -0.00385     |
|    std                  | 0.968        |
|    value_loss           | 0.00188      |
------------------------------------------
------------------------------------------
| rollout/                |              |
|    ep_len_mean          | 5e+03        |
|    ep_rew_mean          | -75.4        |
| time/                   |              |
|    fps                  | 7            |
|    iterations           | 208          |
|    time_elapsed         | 5779         |
|    total_timesteps      | 41600        |
| train/                  |              |
|    approx_kl            | 0.0025987735 |
|    clip_fraction        | 0.00352      |
|    clip_range           | 0.2          |
|    entropy_loss         | -1.39        |
|    explained_variance   | -0.525       |
|    learning_rate        | 0.0003       |
|    loss                 | -0.0231      |
|    n_updates            | 2070         |
|    policy_gradient_loss | 0.000592     |
|    std                  | 0.967        |
|    value_loss           | 0.00883      |
------------------------------------------
------------------------------------------
| rollout/                |              |
|    ep_len_mean          | 5e+03        |
|    ep_rew_mean          | -75.4        |
| time/                   |              |
|    fps                  | 7            |
|    iterations           | 209          |
|    time_elapsed         | 5805         |
|    total_timesteps      | 41800        |
| train/                  |              |
|    approx_kl            | 0.0022443733 |
|    clip_fraction        | 0.00195      |
|    clip_range           | 0.2          |
|    entropy_loss         | -1.38        |
|    explained_variance   | -17.6        |
|    learning_rate        | 0.0003       |
|    loss                 | -0.0116      |
|    n_updates            | 2080         |
|    policy_gradient_loss | -0.000903    |
|    std                  | 0.964        |
|    value_loss           | 0.00322      |
------------------------------------------
-----------------------------------------
| rollout/                |             |
|    ep_len_mean          | 5e+03       |
|    ep_rew_mean          | -75.4       |
| time/                   |             |
|    fps                  | 7           |
|    iterations           | 210         |
|    time_elapsed         | 5830        |
|    total_timesteps      | 42000       |
| train/                  |             |
|    approx_kl            | 0.006540465 |
|    clip_fraction        | 0.0949      |
|    clip_range           | 0.2         |
|    entropy_loss         | -1.38       |
|    explained_variance   | 0.315       |
|    learning_rate        | 0.0003      |
|    loss                 | 0.025       |
|    n_updates            | 2090        |
|    policy_gradient_loss | -0.0101     |
|    std                  | 0.966       |
|    value_loss           | 0.00827     |
-----------------------------------------
-----------------------------------------
| rollout/                |             |
|    ep_len_mean          | 5e+03       |
|    ep_rew_mean          | -75.4       |
| time/                   |             |
|    fps                  | 7           |
|    iterations           | 211         |
|    time_elapsed         | 5858        |
|    total_timesteps      | 42200       |
| train/                  |             |
|    approx_kl            | 0.009418405 |
|    clip_fraction        | 0.018       |
|    clip_range           | 0.2         |
|    entropy_loss         | -1.38       |
|    explained_variance   | -2.15       |
|    learning_rate        | 0.0003      |
|    loss                 | -0.0156     |
|    n_updates            | 2100        |
|    policy_gradient_loss | -0.0037     |
|    std                  | 0.965       |
|    value_loss           | 0.0214      |
-----------------------------------------
-----------------------------------------
| rollout/                |             |
|    ep_len_mean          | 5e+03       |
|    ep_rew_mean          | -75.4       |
| time/                   |             |
|    fps                  | 7           |
|    iterations           | 212         |
|    time_elapsed         | 5886        |
|    total_timesteps      | 42400       |
| train/                  |             |
|    approx_kl            | 0.005992952 |
|    clip_fraction        | 0.018       |
|    clip_range           | 0.2         |
|    entropy_loss         | -1.39       |
|    explained_variance   | 0.491       |
|    learning_rate        | 0.0003      |
|    loss                 | -0.0462     |
|    n_updates            | 2110        |
|    policy_gradient_loss | -0.00276    |
|    std                  | 0.975       |
|    value_loss           | 0.00246     |
-----------------------------------------
------------------------------------------
| rollout/                |              |
|    ep_len_mean          | 5e+03        |
|    ep_rew_mean          | -75.4        |
| time/                   |              |
|    fps                  | 7            |
|    iterations           | 213          |
|    time_elapsed         | 5914         |
|    total_timesteps      | 42600        |
| train/                  |              |
|    approx_kl            | 0.0069002025 |
|    clip_fraction        | 0.0367       |
|    clip_range           | 0.2          |
|    entropy_loss         | -1.4         |
|    explained_variance   | 0.322        |
|    learning_rate        | 0.0003       |
|    loss                 | -0.0149      |
|    n_updates            | 2120         |
|    policy_gradient_loss | -0.0019      |
|    std                  | 0.985        |
|    value_loss           | 0.00209      |
------------------------------------------
-----------------------------------------
| rollout/                |             |
|    ep_len_mean          | 5e+03       |
|    ep_rew_mean          | -75.4       |
| time/                   |             |
|    fps                  | 7           |
|    iterations           | 214         |
|    time_elapsed         | 5942        |
|    total_timesteps      | 42800       |
| train/                  |             |
|    approx_kl            | 0.005830026 |
|    clip_fraction        | 0.0129      |
|    clip_range           | 0.2         |
|    entropy_loss         | -1.41       |
|    explained_variance   | -3.67       |
|    learning_rate        | 0.0003      |
|    loss                 | -0.00398    |
|    n_updates            | 2130        |
|    policy_gradient_loss | -0.000856   |
|    std                  | 0.988       |
|    value_loss           | 0.000941    |
-----------------------------------------
-----------------------------------------
| rollout/                |             |
|    ep_len_mean          | 5e+03       |
|    ep_rew_mean          | -75.4       |
| time/                   |             |
|    fps                  | 7           |
|    iterations           | 215         |
|    time_elapsed         | 5971        |
|    total_timesteps      | 43000       |
| train/                  |             |
|    approx_kl            | 0.003010814 |
|    clip_fraction        | 0.0301      |
|    clip_range           | 0.2         |
|    entropy_loss         | -1.41       |
|    explained_variance   | -7.11       |
|    learning_rate        | 0.0003      |
|    loss                 | 0.0266      |
|    n_updates            | 2140        |
|    policy_gradient_loss | -0.00241    |
|    std                  | 0.993       |
|    value_loss           | 0.000934    |
-----------------------------------------
-----------------------------------------
| rollout/                |             |
|    ep_len_mean          | 5e+03       |
|    ep_rew_mean          | -75.4       |
| time/                   |             |
|    fps                  | 7           |
|    iterations           | 216         |
|    time_elapsed         | 5999        |
|    total_timesteps      | 43200       |
| train/                  |             |
|    approx_kl            | 0.008394329 |
|    clip_fraction        | 0.0617      |
|    clip_range           | 0.2         |
|    entropy_loss         | -1.41       |
|    explained_variance   | -0.438      |
|    learning_rate        | 0.0003      |
|    loss                 | 0.0255      |
|    n_updates            | 2150        |
|    policy_gradient_loss | -0.00931    |
|    std                  | 0.994       |
|    value_loss           | 0.00185     |
-----------------------------------------
------------------------------------------
| rollout/                |              |
|    ep_len_mean          | 5e+03        |
|    ep_rew_mean          | -75.4        |
| time/                   |              |
|    fps                  | 7            |
|    iterations           | 217          |
|    time_elapsed         | 6027         |
|    total_timesteps      | 43400        |
| train/                  |              |
|    approx_kl            | 0.0058074654 |
|    clip_fraction        | 0.0492       |
|    clip_range           | 0.2          |
|    entropy_loss         | -1.41        |
|    explained_variance   | -0.462       |
|    learning_rate        | 0.0003       |
|    loss                 | 0.0534       |
|    n_updates            | 2160         |
|    policy_gradient_loss | -0.0027      |
|    std                  | 0.999        |
|    value_loss           | 0.00145      |
------------------------------------------
------------------------------------------
| rollout/                |              |
|    ep_len_mean          | 5e+03        |
|    ep_rew_mean          | -75.4        |
| time/                   |              |
|    fps                  | 7            |
|    iterations           | 218          |
|    time_elapsed         | 6056         |
|    total_timesteps      | 43600        |
| train/                  |              |
|    approx_kl            | 0.0023045887 |
|    clip_fraction        | 0.000781     |
|    clip_range           | 0.2          |
|    entropy_loss         | -1.42        |
|    explained_variance   | -15          |
|    learning_rate        | 0.0003       |
|    loss                 | 0.0606       |
|    n_updates            | 2170         |
|    policy_gradient_loss | 0.000827     |
|    std                  | 0.998        |
|    value_loss           | 0.000739     |
------------------------------------------
------------------------------------------
| rollout/                |              |
|    ep_len_mean          | 5e+03        |
|    ep_rew_mean          | -75.4        |
| time/                   |              |
|    fps                  | 7            |
|    iterations           | 219          |
|    time_elapsed         | 6084         |
|    total_timesteps      | 43800        |
| train/                  |              |
|    approx_kl            | 0.0039576087 |
|    clip_fraction        | 0.00898      |
|    clip_range           | 0.2          |
|    entropy_loss         | -1.42        |
|    explained_variance   | 0.325        |
|    learning_rate        | 0.0003       |
|    loss                 | 0.0596       |
|    n_updates            | 2180         |
|    policy_gradient_loss | -0.00207     |
|    std                  | 0.997        |
|    value_loss           | 0.000575     |
------------------------------------------
------------------------------------------
| rollout/                |              |
|    ep_len_mean          | 5e+03        |
|    ep_rew_mean          | -75.4        |
| time/                   |              |
|    fps                  | 7            |
|    iterations           | 220          |
|    time_elapsed         | 6113         |
|    total_timesteps      | 44000        |
| train/                  |              |
|    approx_kl            | 0.0056910827 |
|    clip_fraction        | 0.0301       |
|    clip_range           | 0.2          |
|    entropy_loss         | -1.42        |
|    explained_variance   | -0.286       |
|    learning_rate        | 0.0003       |
|    loss                 | 0.0362       |
|    n_updates            | 2190         |
|    policy_gradient_loss | -0.00275     |
|    std                  | 0.996        |
|    value_loss           | 0.000445     |
------------------------------------------
------------------------------------------
| rollout/                |              |
|    ep_len_mean          | 5e+03        |
|    ep_rew_mean          | -75.4        |
| time/                   |              |
|    fps                  | 7            |
|    iterations           | 221          |
|    time_elapsed         | 6142         |
|    total_timesteps      | 44200        |
| train/                  |              |
|    approx_kl            | 0.0063306615 |
|    clip_fraction        | 0.0293       |
|    clip_range           | 0.2          |
|    entropy_loss         | -1.41        |
|    explained_variance   | 0.0556       |
|    learning_rate        | 0.0003       |
|    loss                 | 0.0261       |
|    n_updates            | 2200         |
|    policy_gradient_loss | -0.00371     |
|    std                  | 0.992        |
|    value_loss           | 0.000934     |
------------------------------------------
------------------------------------------
| rollout/                |              |
|    ep_len_mean          | 5e+03        |
|    ep_rew_mean          | -75.4        |
| time/                   |              |
|    fps                  | 7            |
|    iterations           | 222          |
|    time_elapsed         | 6170         |
|    total_timesteps      | 44400        |
| train/                  |              |
|    approx_kl            | 0.0055799866 |
|    clip_fraction        | 0.0719       |
|    clip_range           | 0.2          |
|    entropy_loss         | -1.41        |
|    explained_variance   | -2.25        |
|    learning_rate        | 0.0003       |
|    loss                 | -0.0521      |
|    n_updates            | 2210         |
|    policy_gradient_loss | -0.00844     |
|    std                  | 0.99         |
|    value_loss           | 0.00064      |
------------------------------------------
------------------------------------------
| rollout/                |              |
|    ep_len_mean          | 5e+03        |
|    ep_rew_mean          | -75.4        |
| time/                   |              |
|    fps                  | 7            |
|    iterations           | 223          |
|    time_elapsed         | 6199         |
|    total_timesteps      | 44600        |
| train/                  |              |
|    approx_kl            | 0.0022660536 |
|    clip_fraction        | 0.0168       |
|    clip_range           | 0.2          |
|    entropy_loss         | -1.41        |
|    explained_variance   | 0.301        |
|    learning_rate        | 0.0003       |
|    loss                 | -0.0133      |
|    n_updates            | 2220         |
|    policy_gradient_loss | -0.000105    |
|    std                  | 0.985        |
|    value_loss           | 0.000759     |
------------------------------------------
------------------------------------------
| rollout/                |              |
|    ep_len_mean          | 5e+03        |
|    ep_rew_mean          | -75.4        |
| time/                   |              |
|    fps                  | 7            |
|    iterations           | 224          |
|    time_elapsed         | 6227         |
|    total_timesteps      | 44800        |
| train/                  |              |
|    approx_kl            | 0.0064361626 |
|    clip_fraction        | 0.0332       |
|    clip_range           | 0.2          |
|    entropy_loss         | -1.4         |
|    explained_variance   | -1.31        |
|    learning_rate        | 0.0003       |
|    loss                 | -0.00433     |
|    n_updates            | 2230         |
|    policy_gradient_loss | -0.00287     |
|    std                  | 0.979        |
|    value_loss           | 0.000783     |
------------------------------------------
-----------------------------------------
| rollout/                |             |
|    ep_len_mean          | 5e+03       |
|    ep_rew_mean          | -75.4       |
| time/                   |             |
|    fps                  | 7           |
|    iterations           | 225         |
|    time_elapsed         | 6256        |
|    total_timesteps      | 45000       |
| train/                  |             |
|    approx_kl            | 0.009790571 |
|    clip_fraction        | 0.0828      |
|    clip_range           | 0.2         |
|    entropy_loss         | -1.39       |
|    explained_variance   | -0.954      |
|    learning_rate        | 0.0003      |
|    loss                 | -0.0973     |
|    n_updates            | 2240        |
|    policy_gradient_loss | -0.00811    |
|    std                  | 0.973       |
|    value_loss           | 0.000519    |
-----------------------------------------
----------------------------------------
| rollout/                |            |
|    ep_len_mean          | 5e+03      |
|    ep_rew_mean          | -75.4      |
| time/                   |            |
|    fps                  | 7          |
|    iterations           | 226        |
|    time_elapsed         | 6283       |
|    total_timesteps      | 45200      |
| train/                  |            |
|    approx_kl            | 0.02545682 |
|    clip_fraction        | 0.144      |
|    clip_range           | 0.2        |
|    entropy_loss         | -1.4       |
|    explained_variance   | -0.249     |
|    learning_rate        | 0.0003     |
|    loss                 | 0.0831     |
|    n_updates            | 2250       |
|    policy_gradient_loss | -0.013     |
|    std                  | 0.982      |
|    value_loss           | 0.000314   |
----------------------------------------
-----------------------------------------
| rollout/                |             |
|    ep_len_mean          | 5e+03       |
|    ep_rew_mean          | -75.4       |
| time/                   |             |
|    fps                  | 7           |
|    iterations           | 227         |
|    time_elapsed         | 6310        |
|    total_timesteps      | 45400       |
| train/                  |             |
|    approx_kl            | 0.011796013 |
|    clip_fraction        | 0.0574      |
|    clip_range           | 0.2         |
|    entropy_loss         | -1.4        |
|    explained_variance   | 0.0825      |
|    learning_rate        | 0.0003      |
|    loss                 | 0.0808      |
|    n_updates            | 2260        |
|    policy_gradient_loss | -0.00156    |
|    std                  | 0.985       |
|    value_loss           | 0.00164     |
-----------------------------------------
------------------------------------------
| rollout/                |              |
|    ep_len_mean          | 5e+03        |
|    ep_rew_mean          | -75.4        |
| time/                   |              |
|    fps                  | 7            |
|    iterations           | 228          |
|    time_elapsed         | 6335         |
|    total_timesteps      | 45600        |
| train/                  |              |
|    approx_kl            | 0.0056701945 |
|    clip_fraction        | 0.018        |
|    clip_range           | 0.2          |
|    entropy_loss         | -1.4         |
|    explained_variance   | 0.254        |
|    learning_rate        | 0.0003       |
|    loss                 | -0.082       |
|    n_updates            | 2270         |
|    policy_gradient_loss | -0.00356     |
|    std                  | 0.983        |
|    value_loss           | 0.00443      |
------------------------------------------
------------------------------------------
| rollout/                |              |
|    ep_len_mean          | 5e+03        |
|    ep_rew_mean          | -75.4        |
| time/                   |              |
|    fps                  | 7            |
|    iterations           | 229          |
|    time_elapsed         | 6362         |
|    total_timesteps      | 45800        |
| train/                  |              |
|    approx_kl            | 0.0052833203 |
|    clip_fraction        | 0.0195       |
|    clip_range           | 0.2          |
|    entropy_loss         | -1.4         |
|    explained_variance   | 0.336        |
|    learning_rate        | 0.0003       |
|    loss                 | 0.0364       |
|    n_updates            | 2280         |
|    policy_gradient_loss | -0.000308    |
|    std                  | 0.977        |
|    value_loss           | 0.0016       |
------------------------------------------
------------------------------------------
| rollout/                |              |
|    ep_len_mean          | 5e+03        |
|    ep_rew_mean          | -75.4        |
| time/                   |              |
|    fps                  | 7            |
|    iterations           | 230          |
|    time_elapsed         | 6387         |
|    total_timesteps      | 46000        |
| train/                  |              |
|    approx_kl            | 0.0011524255 |
|    clip_fraction        | 0            |
|    clip_range           | 0.2          |
|    entropy_loss         | -1.39        |
|    explained_variance   | -0.388       |
|    learning_rate        | 0.0003       |
|    loss                 | -0.00458     |
|    n_updates            | 2290         |
|    policy_gradient_loss | -0.000982    |
|    std                  | 0.972        |
|    value_loss           | 0.00463      |
------------------------------------------
-----------------------------------------
| rollout/                |             |
|    ep_len_mean          | 5e+03       |
|    ep_rew_mean          | -75.4       |
| time/                   |             |
|    fps                  | 7           |
|    iterations           | 231         |
|    time_elapsed         | 6415        |
|    total_timesteps      | 46200       |
| train/                  |             |
|    approx_kl            | 0.019788284 |
|    clip_fraction        | 0.0645      |
|    clip_range           | 0.2         |
|    entropy_loss         | -1.39       |
|    explained_variance   | 0.0986      |
|    learning_rate        | 0.0003      |
|    loss                 | -0.0836     |
|    n_updates            | 2300        |
|    policy_gradient_loss | -0.00517    |
|    std                  | 0.972       |
|    value_loss           | 0.0063      |
-----------------------------------------
-----------------------------------------
| rollout/                |             |
|    ep_len_mean          | 5e+03       |
|    ep_rew_mean          | -75.4       |
| time/                   |             |
|    fps                  | 7           |
|    iterations           | 232         |
|    time_elapsed         | 6443        |
|    total_timesteps      | 46400       |
| train/                  |             |
|    approx_kl            | 0.015998075 |
|    clip_fraction        | 0.0984      |
|    clip_range           | 0.2         |
|    entropy_loss         | -1.39       |
|    explained_variance   | -0.288      |
|    learning_rate        | 0.0003      |
|    loss                 | -0.022      |
|    n_updates            | 2310        |
|    policy_gradient_loss | -0.0136     |
|    std                  | 0.976       |
|    value_loss           | 0.00297     |
-----------------------------------------
------------------------------------------
| rollout/                |              |
|    ep_len_mean          | 5e+03        |
|    ep_rew_mean          | -75.4        |
| time/                   |              |
|    fps                  | 7            |
|    iterations           | 233          |
|    time_elapsed         | 6472         |
|    total_timesteps      | 46600        |
| train/                  |              |
|    approx_kl            | 0.0022052103 |
|    clip_fraction        | 0.00703      |
|    clip_range           | 0.2          |
|    entropy_loss         | -1.39        |
|    explained_variance   | 0.568        |
|    learning_rate        | 0.0003       |
|    loss                 | -0.000663    |
|    n_updates            | 2320         |
|    policy_gradient_loss | 0.000151     |
|    std                  | 0.971        |
|    value_loss           | 0.000247     |
------------------------------------------
-----------------------------------------
| rollout/                |             |
|    ep_len_mean          | 5e+03       |
|    ep_rew_mean          | -75.4       |
| time/                   |             |
|    fps                  | 7           |
|    iterations           | 234         |
|    time_elapsed         | 6500        |
|    total_timesteps      | 46800       |
| train/                  |             |
|    approx_kl            | 0.009483704 |
|    clip_fraction        | 0.0582      |
|    clip_range           | 0.2         |
|    entropy_loss         | -1.39       |
|    explained_variance   | -3.12       |
|    learning_rate        | 0.0003      |
|    loss                 | -0.0234     |
|    n_updates            | 2330        |
|    policy_gradient_loss | -0.00961    |
|    std                  | 0.967       |
|    value_loss           | 0.000438    |
-----------------------------------------
------------------------------------------
| rollout/                |              |
|    ep_len_mean          | 5e+03        |
|    ep_rew_mean          | -75.4        |
| time/                   |              |
|    fps                  | 7            |
|    iterations           | 235          |
|    time_elapsed         | 6527         |
|    total_timesteps      | 47000        |
| train/                  |              |
|    approx_kl            | 0.0056009153 |
|    clip_fraction        | 0.0504       |
|    clip_range           | 0.2          |
|    entropy_loss         | -1.38        |
|    explained_variance   | -0.903       |
|    learning_rate        | 0.0003       |
|    loss                 | -0.0137      |
|    n_updates            | 2340         |
|    policy_gradient_loss | -0.0043      |
|    std                  | 0.961        |
|    value_loss           | 0.000454     |
------------------------------------------
------------------------------------------
| rollout/                |              |
|    ep_len_mean          | 5e+03        |
|    ep_rew_mean          | -75.4        |
| time/                   |              |
|    fps                  | 7            |
|    iterations           | 236          |
|    time_elapsed         | 6552         |
|    total_timesteps      | 47200        |
| train/                  |              |
|    approx_kl            | 0.0047947806 |
|    clip_fraction        | 0.0312       |
|    clip_range           | 0.2          |
|    entropy_loss         | -1.38        |
|    explained_variance   | 0.831        |
|    learning_rate        | 0.0003       |
|    loss                 | 0.0368       |
|    n_updates            | 2350         |
|    policy_gradient_loss | -0.00165     |
|    std                  | 0.96         |
|    value_loss           | 0.00142      |
------------------------------------------
------------------------------------------
| rollout/                |              |
|    ep_len_mean          | 5e+03        |
|    ep_rew_mean          | -75.4        |
| time/                   |              |
|    fps                  | 7            |
|    iterations           | 237          |
|    time_elapsed         | 6581         |
|    total_timesteps      | 47400        |
| train/                  |              |
|    approx_kl            | 0.0057622585 |
|    clip_fraction        | 0.0348       |
|    clip_range           | 0.2          |
|    entropy_loss         | -1.37        |
|    explained_variance   | 0.668        |
|    learning_rate        | 0.0003       |
|    loss                 | 0.0289       |
|    n_updates            | 2360         |
|    policy_gradient_loss | -0.00145     |
|    std                  | 0.951        |
|    value_loss           | 0.00167      |
------------------------------------------
------------------------------------------
| rollout/                |              |
|    ep_len_mean          | 5e+03        |
|    ep_rew_mean          | -75.4        |
| time/                   |              |
|    fps                  | 7            |
|    iterations           | 238          |
|    time_elapsed         | 6607         |
|    total_timesteps      | 47600        |
| train/                  |              |
|    approx_kl            | 0.0041231047 |
|    clip_fraction        | 0.0465       |
|    clip_range           | 0.2          |
|    entropy_loss         | -1.37        |
|    explained_variance   | -4.51        |
|    learning_rate        | 0.0003       |
|    loss                 | -0.0275      |
|    n_updates            | 2370         |
|    policy_gradient_loss | -0.00832     |
|    std                  | 0.947        |
|    value_loss           | 0.00299      |
------------------------------------------
------------------------------------------
| rollout/                |              |
|    ep_len_mean          | 5e+03        |
|    ep_rew_mean          | -75.4        |
| time/                   |              |
|    fps                  | 7            |
|    iterations           | 239          |
|    time_elapsed         | 6632         |
|    total_timesteps      | 47800        |
| train/                  |              |
|    approx_kl            | 0.0012236154 |
|    clip_fraction        | 0.00117      |
|    clip_range           | 0.2          |
|    entropy_loss         | -1.36        |
|    explained_variance   | 0.565        |
|    learning_rate        | 0.0003       |
|    loss                 | -0.0351      |
|    n_updates            | 2380         |
|    policy_gradient_loss | -0.00237     |
|    std                  | 0.948        |
|    value_loss           | 0.00177      |
------------------------------------------
------------------------------------------
| rollout/                |              |
|    ep_len_mean          | 5e+03        |
|    ep_rew_mean          | -75.4        |
| time/                   |              |
|    fps                  | 7            |
|    iterations           | 240          |
|    time_elapsed         | 6660         |
|    total_timesteps      | 48000        |
| train/                  |              |
|    approx_kl            | 0.0052248286 |
|    clip_fraction        | 0.00469      |
|    clip_range           | 0.2          |
|    entropy_loss         | -1.36        |
|    explained_variance   | 0.556        |
|    learning_rate        | 0.0003       |
|    loss                 | 0.00633      |
|    n_updates            | 2390         |
|    policy_gradient_loss | -0.000376    |
|    std                  | 0.943        |
|    value_loss           | 0.00214      |
------------------------------------------
----------------------------------------
| rollout/                |            |
|    ep_len_mean          | 5e+03      |
|    ep_rew_mean          | -75.4      |
| time/                   |            |
|    fps                  | 7          |
|    iterations           | 241        |
|    time_elapsed         | 6686       |
|    total_timesteps      | 48200      |
| train/                  |            |
|    approx_kl            | 0.00815964 |
|    clip_fraction        | 0.0258     |
|    clip_range           | 0.2        |
|    entropy_loss         | -1.36      |
|    explained_variance   | -2.01      |
|    learning_rate        | 0.0003     |
|    loss                 | -0.0699    |
|    n_updates            | 2400       |
|    policy_gradient_loss | -0.00657   |
|    std                  | 0.937      |
|    value_loss           | 0.00265    |
----------------------------------------
-----------------------------------------
| rollout/                |             |
|    ep_len_mean          | 5e+03       |
|    ep_rew_mean          | -75.4       |
| time/                   |             |
|    fps                  | 7           |
|    iterations           | 242         |
|    time_elapsed         | 6712        |
|    total_timesteps      | 48400       |
| train/                  |             |
|    approx_kl            | 0.003709785 |
|    clip_fraction        | 0.018       |
|    clip_range           | 0.2         |
|    entropy_loss         | -1.35       |
|    explained_variance   | 0.386       |
|    learning_rate        | 0.0003      |
|    loss                 | -0.0299     |
|    n_updates            | 2410        |
|    policy_gradient_loss | -0.00405    |
|    std                  | 0.934       |
|    value_loss           | 0.00243     |
-----------------------------------------
-----------------------------------------
| rollout/                |             |
|    ep_len_mean          | 5e+03       |
|    ep_rew_mean          | -75.4       |
| time/                   |             |
|    fps                  | 7           |
|    iterations           | 243         |
|    time_elapsed         | 6740        |
|    total_timesteps      | 48600       |
| train/                  |             |
|    approx_kl            | 0.009218459 |
|    clip_fraction        | 0.068       |
|    clip_range           | 0.2         |
|    entropy_loss         | -1.35       |
|    explained_variance   | 0.455       |
|    learning_rate        | 0.0003      |
|    loss                 | -0.0638     |
|    n_updates            | 2420        |
|    policy_gradient_loss | -0.0108     |
|    std                  | 0.933       |
|    value_loss           | 0.00343     |
-----------------------------------------
----------------------------------------
| rollout/                |            |
|    ep_len_mean          | 5e+03      |
|    ep_rew_mean          | -75.4      |
| time/                   |            |
|    fps                  | 7          |
|    iterations           | 244        |
|    time_elapsed         | 6766       |
|    total_timesteps      | 48800      |
| train/                  |            |
|    approx_kl            | 0.00334252 |
|    clip_fraction        | 0.0383     |
|    clip_range           | 0.2        |
|    entropy_loss         | -1.35      |
|    explained_variance   | -0.791     |
|    learning_rate        | 0.0003     |
|    loss                 | -0.00774   |
|    n_updates            | 2430       |
|    policy_gradient_loss | -0.0052    |
|    std                  | 0.934      |
|    value_loss           | 0.00147    |
----------------------------------------
------------------------------------------
| rollout/                |              |
|    ep_len_mean          | 5e+03        |
|    ep_rew_mean          | -75.4        |
| time/                   |              |
|    fps                  | 7            |
|    iterations           | 245          |
|    time_elapsed         | 6791         |
|    total_timesteps      | 49000        |
| train/                  |              |
|    approx_kl            | 0.0062994184 |
|    clip_fraction        | 0.0117       |
|    clip_range           | 0.2          |
|    entropy_loss         | -1.35        |
|    explained_variance   | 0.441        |
|    learning_rate        | 0.0003       |
|    loss                 | -0.026       |
|    n_updates            | 2440         |
|    policy_gradient_loss | -0.00232     |
|    std                  | 0.935        |
|    value_loss           | 0.00187      |
------------------------------------------
-----------------------------------------
| rollout/                |             |
|    ep_len_mean          | 5e+03       |
|    ep_rew_mean          | -75.4       |
| time/                   |             |
|    fps                  | 7           |
|    iterations           | 246         |
|    time_elapsed         | 6819        |
|    total_timesteps      | 49200       |
| train/                  |             |
|    approx_kl            | 0.008598108 |
|    clip_fraction        | 0.0477      |
|    clip_range           | 0.2         |
|    entropy_loss         | -1.35       |
|    explained_variance   | 0.674       |
|    learning_rate        | 0.0003      |
|    loss                 | -0.0733     |
|    n_updates            | 2450        |
|    policy_gradient_loss | -0.00597    |
|    std                  | 0.934       |
|    value_loss           | 0.00235     |
-----------------------------------------
------------------------------------------
| rollout/                |              |
|    ep_len_mean          | 5e+03        |
|    ep_rew_mean          | -75.4        |
| time/                   |              |
|    fps                  | 7            |
|    iterations           | 247          |
|    time_elapsed         | 6845         |
|    total_timesteps      | 49400        |
| train/                  |              |
|    approx_kl            | 0.0016317205 |
|    clip_fraction        | 0.0125       |
|    clip_range           | 0.2          |
|    entropy_loss         | -1.35        |
|    explained_variance   | -2.24        |
|    learning_rate        | 0.0003       |
|    loss                 | -0.0089      |
|    n_updates            | 2460         |
|    policy_gradient_loss | -0.00109     |
|    std                  | 0.93         |
|    value_loss           | 0.0024       |
------------------------------------------
------------------------------------------
| rollout/                |              |
|    ep_len_mean          | 5e+03        |
|    ep_rew_mean          | -75.4        |
| time/                   |              |
|    fps                  | 7            |
|    iterations           | 248          |
|    time_elapsed         | 6870         |
|    total_timesteps      | 49600        |
| train/                  |              |
|    approx_kl            | 0.0075087612 |
|    clip_fraction        | 0.0813       |
|    clip_range           | 0.2          |
|    entropy_loss         | -1.35        |
|    explained_variance   | 0.251        |
|    learning_rate        | 0.0003       |
|    loss                 | -0.00836     |
|    n_updates            | 2470         |
|    policy_gradient_loss | -0.00568     |
|    std                  | 0.932        |
|    value_loss           | 0.00163      |
------------------------------------------
------------------------------------------
| rollout/                |              |
|    ep_len_mean          | 5e+03        |
|    ep_rew_mean          | -75.4        |
| time/                   |              |
|    fps                  | 7            |
|    iterations           | 249          |
|    time_elapsed         | 6898         |
|    total_timesteps      | 49800        |
| train/                  |              |
|    approx_kl            | 0.0018478602 |
|    clip_fraction        | 0.00508      |
|    clip_range           | 0.2          |
|    entropy_loss         | -1.35        |
|    explained_variance   | 0.581        |
|    learning_rate        | 0.0003       |
|    loss                 | 0.00497      |
|    n_updates            | 2480         |
|    policy_gradient_loss | -0.00173     |
|    std                  | 0.933        |
|    value_loss           | 0.00238      |
------------------------------------------
------------------------------------------
| rollout/                |              |
|    ep_len_mean          | 5e+03        |
|    ep_rew_mean          | -75.4        |
| time/                   |              |
|    fps                  | 7            |
|    iterations           | 250          |
|    time_elapsed         | 6924         |
|    total_timesteps      | 50000        |
| train/                  |              |
|    approx_kl            | 0.0022105484 |
|    clip_fraction        | 0.0426       |
|    clip_range           | 0.2          |
|    entropy_loss         | -1.35        |
|    explained_variance   | -1.65        |
|    learning_rate        | 0.0003       |
|    loss                 | -0.0148      |
|    n_updates            | 2490         |
|    policy_gradient_loss | -0.0127      |
|    std                  | 0.928        |
|    value_loss           | 0.00226      |
------------------------------------------
-----------------------------------------
| rollout/                |             |
|    ep_len_mean          | 5e+03       |
|    ep_rew_mean          | -75.7       |
| time/                   |             |
|    fps                  | 7           |
|    iterations           | 251         |
|    time_elapsed         | 6952        |
|    total_timesteps      | 50200       |
| train/                  |             |
|    approx_kl            | 0.001887782 |
|    clip_fraction        | 0.00469     |
|    clip_range           | 0.2         |
|    entropy_loss         | -1.35       |
|    explained_variance   | 0.226       |
|    learning_rate        | 0.0003      |
|    loss                 | 0.0116      |
|    n_updates            | 2500        |
|    policy_gradient_loss | -0.000252   |
|    std                  | 0.932       |
|    value_loss           | 0.00129     |
-----------------------------------------
-----------------------------------------
| rollout/                |             |
|    ep_len_mean          | 5e+03       |
|    ep_rew_mean          | -75.7       |
| time/                   |             |
|    fps                  | 7           |
|    iterations           | 252         |
|    time_elapsed         | 6978        |
|    total_timesteps      | 50400       |
| train/                  |             |
|    approx_kl            | 0.010838075 |
|    clip_fraction        | 0.0441      |
|    clip_range           | 0.2         |
|    entropy_loss         | -1.35       |
|    explained_variance   | 0.651       |
|    learning_rate        | 0.0003      |
|    loss                 | -0.025      |
|    n_updates            | 2510        |
|    policy_gradient_loss | -0.00821    |
|    std                  | 0.93        |
|    value_loss           | 0.00242     |
-----------------------------------------
-----------------------------------------
| rollout/                |             |
|    ep_len_mean          | 5e+03       |
|    ep_rew_mean          | -75.7       |
| time/                   |             |
|    fps                  | 7           |
|    iterations           | 253         |
|    time_elapsed         | 7003        |
|    total_timesteps      | 50600       |
| train/                  |             |
|    approx_kl            | 0.004763605 |
|    clip_fraction        | 0.101       |
|    clip_range           | 0.2         |
|    entropy_loss         | -1.35       |
|    explained_variance   | 0.348       |
|    learning_rate        | 0.0003      |
|    loss                 | -0.00934    |
|    n_updates            | 2520        |
|    policy_gradient_loss | -0.00404    |
|    std                  | 0.931       |
|    value_loss           | 0.00558     |
-----------------------------------------
------------------------------------------
| rollout/                |              |
|    ep_len_mean          | 5e+03        |
|    ep_rew_mean          | -75.7        |
| time/                   |              |
|    fps                  | 7            |
|    iterations           | 254          |
|    time_elapsed         | 7028         |
|    total_timesteps      | 50800        |
| train/                  |              |
|    approx_kl            | 0.0028000746 |
|    clip_fraction        | 0.00781      |
|    clip_range           | 0.2          |
|    entropy_loss         | -1.35        |
|    explained_variance   | -0.664       |
|    learning_rate        | 0.0003       |
|    loss                 | -0.0304      |
|    n_updates            | 2530         |
|    policy_gradient_loss | -6.55e-05    |
|    std                  | 0.933        |
|    value_loss           | 0.00141      |
------------------------------------------
-------------------------------------------
| rollout/                |               |
|    ep_len_mean          | 5e+03         |
|    ep_rew_mean          | -75.7         |
| time/                   |               |
|    fps                  | 7             |
|    iterations           | 255           |
|    time_elapsed         | 7053          |
|    total_timesteps      | 51000         |
| train/                  |               |
|    approx_kl            | 0.00040093064 |
|    clip_fraction        | 0             |
|    clip_range           | 0.2           |
|    entropy_loss         | -1.35         |
|    explained_variance   | 0.917         |
|    learning_rate        | 0.0003        |
|    loss                 | 0.0113        |
|    n_updates            | 2540          |
|    policy_gradient_loss | 0.000757      |
|    std                  | 0.933         |
|    value_loss           | 0.00438       |
-------------------------------------------
------------------------------------------
| rollout/                |              |
|    ep_len_mean          | 5e+03        |
|    ep_rew_mean          | -75.7        |
| time/                   |              |
|    fps                  | 7            |
|    iterations           | 256          |
|    time_elapsed         | 7078         |
|    total_timesteps      | 51200        |
| train/                  |              |
|    approx_kl            | 0.0066414545 |
|    clip_fraction        | 0.0789       |
|    clip_range           | 0.2          |
|    entropy_loss         | -1.35        |
|    explained_variance   | 0.994        |
|    learning_rate        | 0.0003       |
|    loss                 | 0.0553       |
|    n_updates            | 2550         |
|    policy_gradient_loss | -0.00531     |
|    std                  | 0.934        |
|    value_loss           | 0.000267     |
------------------------------------------
-------------------------------------------
| rollout/                |               |
|    ep_len_mean          | 5e+03         |
|    ep_rew_mean          | -75.7         |
| time/                   |               |
|    fps                  | 7             |
|    iterations           | 257           |
|    time_elapsed         | 7103          |
|    total_timesteps      | 51400         |
| train/                  |               |
|    approx_kl            | 0.00022727042 |
|    clip_fraction        | 0             |
|    clip_range           | 0.2           |
|    entropy_loss         | -1.35         |
|    explained_variance   | 0.73          |
|    learning_rate        | 0.0003        |
|    loss                 | 0.00133       |
|    n_updates            | 2560          |
|    policy_gradient_loss | 0.000321      |
|    std                  | 0.933         |
|    value_loss           | 0.000625      |
-------------------------------------------
------------------------------------------
| rollout/                |              |
|    ep_len_mean          | 5e+03        |
|    ep_rew_mean          | -75.7        |
| time/                   |              |
|    fps                  | 7            |
|    iterations           | 258          |
|    time_elapsed         | 7129         |
|    total_timesteps      | 51600        |
| train/                  |              |
|    approx_kl            | 0.0036870237 |
|    clip_fraction        | 0.00469      |
|    clip_range           | 0.2          |
|    entropy_loss         | -1.35        |
|    explained_variance   | 0.708        |
|    learning_rate        | 0.0003       |
|    loss                 | 0.0122       |
|    n_updates            | 2570         |
|    policy_gradient_loss | -0.000543    |
|    std                  | 0.937        |
|    value_loss           | 0.00234      |
------------------------------------------
----------------------------------------
| rollout/                |            |
|    ep_len_mean          | 5e+03      |
|    ep_rew_mean          | -75.7      |
| time/                   |            |
|    fps                  | 7          |
|    iterations           | 259        |
|    time_elapsed         | 7155       |
|    total_timesteps      | 51800      |
| train/                  |            |
|    approx_kl            | 0.01036123 |
|    clip_fraction        | 0.0723     |
|    clip_range           | 0.2        |
|    entropy_loss         | -1.35      |
|    explained_variance   | 0.327      |
|    learning_rate        | 0.0003     |
|    loss                 | -0.00503   |
|    n_updates            | 2580       |
|    policy_gradient_loss | -0.00121   |
|    std                  | 0.933      |
|    value_loss           | 0.00136    |
----------------------------------------
-----------------------------------------
| rollout/                |             |
|    ep_len_mean          | 5e+03       |
|    ep_rew_mean          | -75.7       |
| time/                   |             |
|    fps                  | 7           |
|    iterations           | 260         |
|    time_elapsed         | 7180        |
|    total_timesteps      | 52000       |
| train/                  |             |
|    approx_kl            | 0.007319213 |
|    clip_fraction        | 0.0312      |
|    clip_range           | 0.2         |
|    entropy_loss         | -1.35       |
|    explained_variance   | 0.308       |
|    learning_rate        | 0.0003      |
|    loss                 | 0.0309      |
|    n_updates            | 2590        |
|    policy_gradient_loss | -0.0033     |
|    std                  | 0.934       |
|    value_loss           | 0.0223      |
-----------------------------------------
-----------------------------------------
| rollout/                |             |
|    ep_len_mean          | 5e+03       |
|    ep_rew_mean          | -75.7       |
| time/                   |             |
|    fps                  | 7           |
|    iterations           | 261         |
|    time_elapsed         | 7208        |
|    total_timesteps      | 52200       |
| train/                  |             |
|    approx_kl            | 0.005922344 |
|    clip_fraction        | 0.00898     |
|    clip_range           | 0.2         |
|    entropy_loss         | -1.35       |
|    explained_variance   | 0.405       |
|    learning_rate        | 0.0003      |
|    loss                 | 0.0256      |
|    n_updates            | 2600        |
|    policy_gradient_loss | -0.000284   |
|    std                  | 0.933       |
|    value_loss           | 0.0181      |
-----------------------------------------
------------------------------------------
| rollout/                |              |
|    ep_len_mean          | 5e+03        |
|    ep_rew_mean          | -75.7        |
| time/                   |              |
|    fps                  | 7            |
|    iterations           | 262          |
|    time_elapsed         | 7236         |
|    total_timesteps      | 52400        |
| train/                  |              |
|    approx_kl            | 0.0029872754 |
|    clip_fraction        | 0.0207       |
|    clip_range           | 0.2          |
|    entropy_loss         | -1.35        |
|    explained_variance   | 0.72         |
|    learning_rate        | 0.0003       |
|    loss                 | 0.018        |
|    n_updates            | 2610         |
|    policy_gradient_loss | -0.000944    |
|    std                  | 0.932        |
|    value_loss           | 0.0025       |
------------------------------------------
------------------------------------------
| rollout/                |              |
|    ep_len_mean          | 5e+03        |
|    ep_rew_mean          | -75.7        |
| time/                   |              |
|    fps                  | 7            |
|    iterations           | 263          |
|    time_elapsed         | 7265         |
|    total_timesteps      | 52600        |
| train/                  |              |
|    approx_kl            | 0.0036221172 |
|    clip_fraction        | 0.0422       |
|    clip_range           | 0.2          |
|    entropy_loss         | -1.35        |
|    explained_variance   | 0.581        |
|    learning_rate        | 0.0003       |
|    loss                 | -0.0252      |
|    n_updates            | 2620         |
|    policy_gradient_loss | -0.00832     |
|    std                  | 0.931        |
|    value_loss           | 0.000727     |
------------------------------------------
------------------------------------------
| rollout/                |              |
|    ep_len_mean          | 5e+03        |
|    ep_rew_mean          | -75.7        |
| time/                   |              |
|    fps                  | 7            |
|    iterations           | 264          |
|    time_elapsed         | 7293         |
|    total_timesteps      | 52800        |
| train/                  |              |
|    approx_kl            | 0.0026879904 |
|    clip_fraction        | 0.0043       |
|    clip_range           | 0.2          |
|    entropy_loss         | -1.35        |
|    explained_variance   | -0.111       |
|    learning_rate        | 0.0003       |
|    loss                 | 0.0443       |
|    n_updates            | 2630         |
|    policy_gradient_loss | -0.0032      |
|    std                  | 0.929        |
|    value_loss           | 0.000649     |
------------------------------------------
-----------------------------------------
| rollout/                |             |
|    ep_len_mean          | 5e+03       |
|    ep_rew_mean          | -75.7       |
| time/                   |             |
|    fps                  | 7           |
|    iterations           | 265         |
|    time_elapsed         | 7320        |
|    total_timesteps      | 53000       |
| train/                  |             |
|    approx_kl            | 0.010547791 |
|    clip_fraction        | 0.105       |
|    clip_range           | 0.2         |
|    entropy_loss         | -1.35       |
|    explained_variance   | -1.8        |
|    learning_rate        | 0.0003      |
|    loss                 | 0.0101      |
|    n_updates            | 2640        |
|    policy_gradient_loss | -0.00938    |
|    std                  | 0.929       |
|    value_loss           | 0.000367    |
-----------------------------------------
------------------------------------------
| rollout/                |              |
|    ep_len_mean          | 5e+03        |
|    ep_rew_mean          | -75.7        |
| time/                   |              |
|    fps                  | 7            |
|    iterations           | 266          |
|    time_elapsed         | 7346         |
|    total_timesteps      | 53200        |
| train/                  |              |
|    approx_kl            | 0.0032496585 |
|    clip_fraction        | 0.0645       |
|    clip_range           | 0.2          |
|    entropy_loss         | -1.35        |
|    explained_variance   | 0.873        |
|    learning_rate        | 0.0003       |
|    loss                 | -0.0053      |
|    n_updates            | 2650         |
|    policy_gradient_loss | -0.00407     |
|    std                  | 0.936        |
|    value_loss           | 0.00204      |
------------------------------------------
------------------------------------------
| rollout/                |              |
|    ep_len_mean          | 5e+03        |
|    ep_rew_mean          | -75.7        |
| time/                   |              |
|    fps                  | 7            |
|    iterations           | 267          |
|    time_elapsed         | 7374         |
|    total_timesteps      | 53400        |
| train/                  |              |
|    approx_kl            | 0.0033783067 |
|    clip_fraction        | 0.0043       |
|    clip_range           | 0.2          |
|    entropy_loss         | -1.35        |
|    explained_variance   | 0.775        |
|    learning_rate        | 0.0003       |
|    loss                 | -0.0345      |
|    n_updates            | 2660         |
|    policy_gradient_loss | -0.00243     |
|    std                  | 0.932        |
|    value_loss           | 0.00232      |
------------------------------------------
-----------------------------------------
| rollout/                |             |
|    ep_len_mean          | 5e+03       |
|    ep_rew_mean          | -75.7       |
| time/                   |             |
|    fps                  | 7           |
|    iterations           | 268         |
|    time_elapsed         | 7400        |
|    total_timesteps      | 53600       |
| train/                  |             |
|    approx_kl            | 0.004006741 |
|    clip_fraction        | 0.0285      |
|    clip_range           | 0.2         |
|    entropy_loss         | -1.35       |
|    explained_variance   | -2.03       |
|    learning_rate        | 0.0003      |
|    loss                 | 0.0533      |
|    n_updates            | 2670        |
|    policy_gradient_loss | -0.00637    |
|    std                  | 0.93        |
|    value_loss           | 0.00366     |
-----------------------------------------
------------------------------------------
| rollout/                |              |
|    ep_len_mean          | 5e+03        |
|    ep_rew_mean          | -75.7        |
| time/                   |              |
|    fps                  | 7            |
|    iterations           | 269          |
|    time_elapsed         | 7425         |
|    total_timesteps      | 53800        |
| train/                  |              |
|    approx_kl            | 0.0044953814 |
|    clip_fraction        | 0.0281       |
|    clip_range           | 0.2          |
|    entropy_loss         | -1.34        |
|    explained_variance   | 0.489        |
|    learning_rate        | 0.0003       |
|    loss                 | 0.00847      |
|    n_updates            | 2680         |
|    policy_gradient_loss | -0.00163     |
|    std                  | 0.927        |
|    value_loss           | 0.00172      |
------------------------------------------
------------------------------------------
| rollout/                |              |
|    ep_len_mean          | 5e+03        |
|    ep_rew_mean          | -75.7        |
| time/                   |              |
|    fps                  | 7            |
|    iterations           | 270          |
|    time_elapsed         | 7454         |
|    total_timesteps      | 54000        |
| train/                  |              |
|    approx_kl            | 0.0017369799 |
|    clip_fraction        | 0            |
|    clip_range           | 0.2          |
|    entropy_loss         | -1.34        |
|    explained_variance   | 0.524        |
|    learning_rate        | 0.0003       |
|    loss                 | 0.00342      |
|    n_updates            | 2690         |
|    policy_gradient_loss | -0.000266    |
|    std                  | 0.929        |
|    value_loss           | 0.00168      |
------------------------------------------
------------------------------------------
| rollout/                |              |
|    ep_len_mean          | 5e+03        |
|    ep_rew_mean          | -75.7        |
| time/                   |              |
|    fps                  | 7            |
|    iterations           | 271          |
|    time_elapsed         | 7479         |
|    total_timesteps      | 54200        |
| train/                  |              |
|    approx_kl            | 0.0043403413 |
|    clip_fraction        | 0.0414       |
|    clip_range           | 0.2          |
|    entropy_loss         | -1.35        |
|    explained_variance   | -1.71        |
|    learning_rate        | 0.0003       |
|    loss                 | -0.0245      |
|    n_updates            | 2700         |
|    policy_gradient_loss | -0.00625     |
|    std                  | 0.932        |
|    value_loss           | 0.00159      |
------------------------------------------
------------------------------------------
| rollout/                |              |
|    ep_len_mean          | 5e+03        |
|    ep_rew_mean          | -75.7        |
| time/                   |              |
|    fps                  | 7            |
|    iterations           | 272          |
|    time_elapsed         | 7504         |
|    total_timesteps      | 54400        |
| train/                  |              |
|    approx_kl            | 0.0024516464 |
|    clip_fraction        | 0.0258       |
|    clip_range           | 0.2          |
|    entropy_loss         | -1.35        |
|    explained_variance   | 0.509        |
|    learning_rate        | 0.0003       |
|    loss                 | 0.0165       |
|    n_updates            | 2710         |
|    policy_gradient_loss | -0.00313     |
|    std                  | 0.934        |
|    value_loss           | 0.00301      |
------------------------------------------
------------------------------------------
| rollout/                |              |
|    ep_len_mean          | 5e+03        |
|    ep_rew_mean          | -75.7        |
| time/                   |              |
|    fps                  | 7            |
|    iterations           | 273          |
|    time_elapsed         | 7532         |
|    total_timesteps      | 54600        |
| train/                  |              |
|    approx_kl            | 0.0046427688 |
|    clip_fraction        | 0.0391       |
|    clip_range           | 0.2          |
|    entropy_loss         | -1.35        |
|    explained_variance   | 0.669        |
|    learning_rate        | 0.0003       |
|    loss                 | 0.0225       |
|    n_updates            | 2720         |
|    policy_gradient_loss | -0.00364     |
|    std                  | 0.93         |
|    value_loss           | 0.0025       |
------------------------------------------
-----------------------------------------
| rollout/                |             |
|    ep_len_mean          | 5e+03       |
|    ep_rew_mean          | -75.7       |
| time/                   |             |
|    fps                  | 7           |
|    iterations           | 274         |
|    time_elapsed         | 7558        |
|    total_timesteps      | 54800       |
| train/                  |             |
|    approx_kl            | 0.009019173 |
|    clip_fraction        | 0.0543      |
|    clip_range           | 0.2         |
|    entropy_loss         | -1.34       |
|    explained_variance   | -2.03       |
|    learning_rate        | 0.0003      |
|    loss                 | -0.0597     |
|    n_updates            | 2730        |
|    policy_gradient_loss | -0.0085     |
|    std                  | 0.927       |
|    value_loss           | 0.00214     |
-----------------------------------------
-----------------------------------------
| rollout/                |             |
|    ep_len_mean          | 5e+03       |
|    ep_rew_mean          | -75.7       |
| time/                   |             |
|    fps                  | 7           |
|    iterations           | 275         |
|    time_elapsed         | 7583        |
|    total_timesteps      | 55000       |
| train/                  |             |
|    approx_kl            | 0.008658588 |
|    clip_fraction        | 0.0867      |
|    clip_range           | 0.2         |
|    entropy_loss         | -1.34       |
|    explained_variance   | 0.527       |
|    learning_rate        | 0.0003      |
|    loss                 | -0.00507    |
|    n_updates            | 2740        |
|    policy_gradient_loss | -0.00814    |
|    std                  | 0.928       |
|    value_loss           | 0.00162     |
-----------------------------------------
-----------------------------------------
| rollout/                |             |
|    ep_len_mean          | 5e+03       |
|    ep_rew_mean          | -75.9       |
| time/                   |             |
|    fps                  | 7           |
|    iterations           | 276         |
|    time_elapsed         | 7612        |
|    total_timesteps      | 55200       |
| train/                  |             |
|    approx_kl            | 0.004196573 |
|    clip_fraction        | 0.0191      |
|    clip_range           | 0.2         |
|    entropy_loss         | -1.34       |
|    explained_variance   | 0.695       |
|    learning_rate        | 0.0003      |
|    loss                 | 0.0183      |
|    n_updates            | 2750        |
|    policy_gradient_loss | -0.00338    |
|    std                  | 0.926       |
|    value_loss           | 0.00232     |
-----------------------------------------
------------------------------------------
| rollout/                |              |
|    ep_len_mean          | 5e+03        |
|    ep_rew_mean          | -75.9        |
| time/                   |              |
|    fps                  | 7            |
|    iterations           | 277          |
|    time_elapsed         | 7641         |
|    total_timesteps      | 55400        |
| train/                  |              |
|    approx_kl            | 0.0042024283 |
|    clip_fraction        | 0.025        |
|    clip_range           | 0.2          |
|    entropy_loss         | -1.34        |
|    explained_variance   | -28.3        |
|    learning_rate        | 0.0003       |
|    loss                 | -0.02        |
|    n_updates            | 2760         |
|    policy_gradient_loss | -0.00423     |
|    std                  | 0.922        |
|    value_loss           | 0.00292      |
------------------------------------------
-----------------------------------------
| rollout/                |             |
|    ep_len_mean          | 5e+03       |
|    ep_rew_mean          | -75.9       |
| time/                   |             |
|    fps                  | 7           |
|    iterations           | 278         |
|    time_elapsed         | 7670        |
|    total_timesteps      | 55600       |
| train/                  |             |
|    approx_kl            | 0.005684917 |
|    clip_fraction        | 0.101       |
|    clip_range           | 0.2         |
|    entropy_loss         | -1.34       |
|    explained_variance   | -0.457      |
|    learning_rate        | 0.0003      |
|    loss                 | -0.0052     |
|    n_updates            | 2770        |
|    policy_gradient_loss | -0.00989    |
|    std                  | 0.932       |
|    value_loss           | 0.000721    |
-----------------------------------------
-----------------------------------------
| rollout/                |             |
|    ep_len_mean          | 5e+03       |
|    ep_rew_mean          | -75.9       |
| time/                   |             |
|    fps                  | 7           |
|    iterations           | 279         |
|    time_elapsed         | 7698        |
|    total_timesteps      | 55800       |
| train/                  |             |
|    approx_kl            | 0.012801833 |
|    clip_fraction        | 0.117       |
|    clip_range           | 0.2         |
|    entropy_loss         | -1.35       |
|    explained_variance   | 0.159       |
|    learning_rate        | 0.0003      |
|    loss                 | 0.0234      |
|    n_updates            | 2780        |
|    policy_gradient_loss | -0.00754    |
|    std                  | 0.926       |
|    value_loss           | 0.000424    |
-----------------------------------------
----------------------------------------
| rollout/                |            |
|    ep_len_mean          | 5e+03      |
|    ep_rew_mean          | -75.9      |
| time/                   |            |
|    fps                  | 7          |
|    iterations           | 280        |
|    time_elapsed         | 7726       |
|    total_timesteps      | 56000      |
| train/                  |            |
|    approx_kl            | 0.00219729 |
|    clip_fraction        | 0.000391   |
|    clip_range           | 0.2        |
|    entropy_loss         | -1.34      |
|    explained_variance   | -0.211     |
|    learning_rate        | 0.0003     |
|    loss                 | 0.000248   |
|    n_updates            | 2790       |
|    policy_gradient_loss | -0.00103   |
|    std                  | 0.92       |
|    value_loss           | 0.0003     |
----------------------------------------
-------------------------------------------
| rollout/                |               |
|    ep_len_mean          | 5e+03         |
|    ep_rew_mean          | -75.9         |
| time/                   |               |
|    fps                  | 7             |
|    iterations           | 281           |
|    time_elapsed         | 7755          |
|    total_timesteps      | 56200         |
| train/                  |               |
|    approx_kl            | 0.00048636482 |
|    clip_fraction        | 0.00313       |
|    clip_range           | 0.2           |
|    entropy_loss         | -1.33         |
|    explained_variance   | 0.683         |
|    learning_rate        | 0.0003        |
|    loss                 | -0.00199      |
|    n_updates            | 2800          |
|    policy_gradient_loss | -0.000745     |
|    std                  | 0.914         |
|    value_loss           | 0.000242      |
-------------------------------------------
------------------------------------------
| rollout/                |              |
|    ep_len_mean          | 5e+03        |
|    ep_rew_mean          | -75.9        |
| time/                   |              |
|    fps                  | 7            |
|    iterations           | 282          |
|    time_elapsed         | 7782         |
|    total_timesteps      | 56400        |
| train/                  |              |
|    approx_kl            | 0.0072476137 |
|    clip_fraction        | 0.0301       |
|    clip_range           | 0.2          |
|    entropy_loss         | -1.33        |
|    explained_variance   | 0.696        |
|    learning_rate        | 0.0003       |
|    loss                 | -0.0658      |
|    n_updates            | 2810         |
|    policy_gradient_loss | -0.00546     |
|    std                  | 0.908        |
|    value_loss           | 0.000177     |
------------------------------------------
------------------------------------------
| rollout/                |              |
|    ep_len_mean          | 5e+03        |
|    ep_rew_mean          | -75.9        |
| time/                   |              |
|    fps                  | 7            |
|    iterations           | 283          |
|    time_elapsed         | 7809         |
|    total_timesteps      | 56600        |
| train/                  |              |
|    approx_kl            | 0.0021434592 |
|    clip_fraction        | 0.0227       |
|    clip_range           | 0.2          |
|    entropy_loss         | -1.32        |
|    explained_variance   | 0.678        |
|    learning_rate        | 0.0003       |
|    loss                 | -0.00788     |
|    n_updates            | 2820         |
|    policy_gradient_loss | -0.00453     |
|    std                  | 0.907        |
|    value_loss           | 0.000837     |
------------------------------------------
-----------------------------------------
| rollout/                |             |
|    ep_len_mean          | 5e+03       |
|    ep_rew_mean          | -75.9       |
| time/                   |             |
|    fps                  | 7           |
|    iterations           | 284         |
|    time_elapsed         | 7837        |
|    total_timesteps      | 56800       |
| train/                  |             |
|    approx_kl            | 0.010808668 |
|    clip_fraction        | 0.0867      |
|    clip_range           | 0.2         |
|    entropy_loss         | -1.32       |
|    explained_variance   | 0.526       |
|    learning_rate        | 0.0003      |
|    loss                 | -0.0697     |
|    n_updates            | 2830        |
|    policy_gradient_loss | -0.0163     |
|    std                  | 0.902       |
|    value_loss           | 0.000525    |
-----------------------------------------
-----------------------------------------
| rollout/                |             |
|    ep_len_mean          | 5e+03       |
|    ep_rew_mean          | -75.9       |
| time/                   |             |
|    fps                  | 7           |
|    iterations           | 285         |
|    time_elapsed         | 7862        |
|    total_timesteps      | 57000       |
| train/                  |             |
|    approx_kl            | 0.011059986 |
|    clip_fraction        | 0.131       |
|    clip_range           | 0.2         |
|    entropy_loss         | -1.31       |
|    explained_variance   | 0.68        |
|    learning_rate        | 0.0003      |
|    loss                 | -0.0216     |
|    n_updates            | 2840        |
|    policy_gradient_loss | -0.0179     |
|    std                  | 0.899       |
|    value_loss           | 0.00192     |
-----------------------------------------
------------------------------------------
| rollout/                |              |
|    ep_len_mean          | 5e+03        |
|    ep_rew_mean          | -75.9        |
| time/                   |              |
|    fps                  | 7            |
|    iterations           | 286          |
|    time_elapsed         | 7890         |
|    total_timesteps      | 57200        |
| train/                  |              |
|    approx_kl            | 0.0064998064 |
|    clip_fraction        | 0.0965       |
|    clip_range           | 0.2          |
|    entropy_loss         | -1.31        |
|    explained_variance   | 0.445        |
|    learning_rate        | 0.0003       |
|    loss                 | 0.0452       |
|    n_updates            | 2850         |
|    policy_gradient_loss | -0.00536     |
|    std                  | 0.897        |
|    value_loss           | 0.00538      |
------------------------------------------
------------------------------------------
| rollout/                |              |
|    ep_len_mean          | 5e+03        |
|    ep_rew_mean          | -75.9        |
| time/                   |              |
|    fps                  | 7            |
|    iterations           | 287          |
|    time_elapsed         | 7918         |
|    total_timesteps      | 57400        |
| train/                  |              |
|    approx_kl            | 0.0037890624 |
|    clip_fraction        | 0.025        |
|    clip_range           | 0.2          |
|    entropy_loss         | -1.31        |
|    explained_variance   | 0.73         |
|    learning_rate        | 0.0003       |
|    loss                 | 0.0166       |
|    n_updates            | 2860         |
|    policy_gradient_loss | -0.000163    |
|    std                  | 0.892        |
|    value_loss           | 0.00206      |
------------------------------------------
-----------------------------------------
| rollout/                |             |
|    ep_len_mean          | 5e+03       |
|    ep_rew_mean          | -75.9       |
| time/                   |             |
|    fps                  | 7           |
|    iterations           | 288         |
|    time_elapsed         | 7946        |
|    total_timesteps      | 57600       |
| train/                  |             |
|    approx_kl            | 0.015133183 |
|    clip_fraction        | 0.155       |
|    clip_range           | 0.2         |
|    entropy_loss         | -1.31       |
|    explained_variance   | -1.11       |
|    learning_rate        | 0.0003      |
|    loss                 | -0.0144     |
|    n_updates            | 2870        |
|    policy_gradient_loss | -0.0131     |
|    std                  | 0.898       |
|    value_loss           | 0.000582    |
-----------------------------------------
------------------------------------------
| rollout/                |              |
|    ep_len_mean          | 5e+03        |
|    ep_rew_mean          | -75.9        |
| time/                   |              |
|    fps                  | 7            |
|    iterations           | 289          |
|    time_elapsed         | 7975         |
|    total_timesteps      | 57800        |
| train/                  |              |
|    approx_kl            | 0.0112583935 |
|    clip_fraction        | 0.0418       |
|    clip_range           | 0.2          |
|    entropy_loss         | -1.31        |
|    explained_variance   | -0.45        |
|    learning_rate        | 0.0003       |
|    loss                 | -0.0769      |
|    n_updates            | 2880         |
|    policy_gradient_loss | -0.00492     |
|    std                  | 0.899        |
|    value_loss           | 0.000286     |
------------------------------------------
-----------------------------------------
| rollout/                |             |
|    ep_len_mean          | 5e+03       |
|    ep_rew_mean          | -75.9       |
| time/                   |             |
|    fps                  | 7           |
|    iterations           | 290         |
|    time_elapsed         | 8001        |
|    total_timesteps      | 58000       |
| train/                  |             |
|    approx_kl            | 0.003104631 |
|    clip_fraction        | 0.05        |
|    clip_range           | 0.2         |
|    entropy_loss         | -1.31       |
|    explained_variance   | -0.616      |
|    learning_rate        | 0.0003      |
|    loss                 | -0.03       |
|    n_updates            | 2890        |
|    policy_gradient_loss | -0.00609    |
|    std                  | 0.901       |
|    value_loss           | 0.00029     |
-----------------------------------------
------------------------------------------
| rollout/                |              |
|    ep_len_mean          | 5e+03        |
|    ep_rew_mean          | -75.9        |
| time/                   |              |
|    fps                  | 7            |
|    iterations           | 291          |
|    time_elapsed         | 8027         |
|    total_timesteps      | 58200        |
| train/                  |              |
|    approx_kl            | 0.0048531853 |
|    clip_fraction        | 0.0457       |
|    clip_range           | 0.2          |
|    entropy_loss         | -1.31        |
|    explained_variance   | 0.89         |
|    learning_rate        | 0.0003       |
|    loss                 | -0.037       |
|    n_updates            | 2900         |
|    policy_gradient_loss | -0.00468     |
|    std                  | 0.896        |
|    value_loss           | 0.00259      |
------------------------------------------
------------------------------------------
| rollout/                |              |
|    ep_len_mean          | 5e+03        |
|    ep_rew_mean          | -75.9        |
| time/                   |              |
|    fps                  | 7            |
|    iterations           | 292          |
|    time_elapsed         | 8055         |
|    total_timesteps      | 58400        |
| train/                  |              |
|    approx_kl            | 0.0020906387 |
|    clip_fraction        | 0.000391     |
|    clip_range           | 0.2          |
|    entropy_loss         | -1.31        |
|    explained_variance   | 0.762        |
|    learning_rate        | 0.0003       |
|    loss                 | -0.0117      |
|    n_updates            | 2910         |
|    policy_gradient_loss | 0.00138      |
|    std                  | 0.896        |
|    value_loss           | 0.00203      |
------------------------------------------
-----------------------------------------
| rollout/                |             |
|    ep_len_mean          | 5e+03       |
|    ep_rew_mean          | -75.9       |
| time/                   |             |
|    fps                  | 7           |
|    iterations           | 293         |
|    time_elapsed         | 8080        |
|    total_timesteps      | 58600       |
| train/                  |             |
|    approx_kl            | 0.011418736 |
|    clip_fraction        | 0.109       |
|    clip_range           | 0.2         |
|    entropy_loss         | -1.31       |
|    explained_variance   | -2.32       |
|    learning_rate        | 0.0003      |
|    loss                 | -0.0542     |
|    n_updates            | 2920        |
|    policy_gradient_loss | -0.0135     |
|    std                  | 0.897       |
|    value_loss           | 0.00308     |
-----------------------------------------
------------------------------------------
| rollout/                |              |
|    ep_len_mean          | 5e+03        |
|    ep_rew_mean          | -75.9        |
| time/                   |              |
|    fps                  | 7            |
|    iterations           | 294          |
|    time_elapsed         | 8106         |
|    total_timesteps      | 58800        |
| train/                  |              |
|    approx_kl            | 0.0029023509 |
|    clip_fraction        | 0.113        |
|    clip_range           | 0.2          |
|    entropy_loss         | -1.31        |
|    explained_variance   | 0.514        |
|    learning_rate        | 0.0003       |
|    loss                 | -0.00304     |
|    n_updates            | 2930         |
|    policy_gradient_loss | -0.0117      |
|    std                  | 0.895        |
|    value_loss           | 0.0015       |
------------------------------------------
------------------------------------------
| rollout/                |              |
|    ep_len_mean          | 5e+03        |
|    ep_rew_mean          | -75.9        |
| time/                   |              |
|    fps                  | 7            |
|    iterations           | 295          |
|    time_elapsed         | 8134         |
|    total_timesteps      | 59000        |
| train/                  |              |
|    approx_kl            | 0.0038704204 |
|    clip_fraction        | 0.00547      |
|    clip_range           | 0.2          |
|    entropy_loss         | -1.31        |
|    explained_variance   | 0.675        |
|    learning_rate        | 0.0003       |
|    loss                 | 0.0191       |
|    n_updates            | 2940         |
|    policy_gradient_loss | -0.00106     |
|    std                  | 0.895        |
|    value_loss           | 0.00186      |
------------------------------------------
-----------------------------------------
| rollout/                |             |
|    ep_len_mean          | 5e+03       |
|    ep_rew_mean          | -75.9       |
| time/                   |             |
|    fps                  | 7           |
|    iterations           | 296         |
|    time_elapsed         | 8159        |
|    total_timesteps      | 59200       |
| train/                  |             |
|    approx_kl            | 0.004818364 |
|    clip_fraction        | 0.0426      |
|    clip_range           | 0.2         |
|    entropy_loss         | -1.31       |
|    explained_variance   | -1.99       |
|    learning_rate        | 0.0003      |
|    loss                 | -0.0105     |
|    n_updates            | 2950        |
|    policy_gradient_loss | -0.00788    |
|    std                  | 0.891       |
|    value_loss           | 0.00172     |
-----------------------------------------
-----------------------------------------
| rollout/                |             |
|    ep_len_mean          | 5e+03       |
|    ep_rew_mean          | -75.9       |
| time/                   |             |
|    fps                  | 7           |
|    iterations           | 297         |
|    time_elapsed         | 8185        |
|    total_timesteps      | 59400       |
| train/                  |             |
|    approx_kl            | 0.010272641 |
|    clip_fraction        | 0.122       |
|    clip_range           | 0.2         |
|    entropy_loss         | -1.3        |
|    explained_variance   | 0.263       |
|    learning_rate        | 0.0003      |
|    loss                 | -0.0143     |
|    n_updates            | 2960        |
|    policy_gradient_loss | -0.0153     |
|    std                  | 0.89        |
|    value_loss           | 0.00208     |
-----------------------------------------
-----------------------------------------
| rollout/                |             |
|    ep_len_mean          | 5e+03       |
|    ep_rew_mean          | -75.9       |
| time/                   |             |
|    fps                  | 7           |
|    iterations           | 298         |
|    time_elapsed         | 8213        |
|    total_timesteps      | 59600       |
| train/                  |             |
|    approx_kl            | 0.001271941 |
|    clip_fraction        | 0           |
|    clip_range           | 0.2         |
|    entropy_loss         | -1.3        |
|    explained_variance   | 0.654       |
|    learning_rate        | 0.0003      |
|    loss                 | -0.0188     |
|    n_updates            | 2970        |
|    policy_gradient_loss | -4.64e-05   |
|    std                  | 0.883       |
|    value_loss           | 0.00231     |
-----------------------------------------
----------------------------------------
| rollout/                |            |
|    ep_len_mean          | 5e+03      |
|    ep_rew_mean          | -75.9      |
| time/                   |            |
|    fps                  | 7          |
|    iterations           | 299        |
|    time_elapsed         | 8238       |
|    total_timesteps      | 59800      |
| train/                  |            |
|    approx_kl            | 0.00789805 |
|    clip_fraction        | 0.048      |
|    clip_range           | 0.2        |
|    entropy_loss         | -1.29      |
|    explained_variance   | 0.0171     |
|    learning_rate        | 0.0003     |
|    loss                 | 0.0223     |
|    n_updates            | 2980       |
|    policy_gradient_loss | -0.00546   |
|    std                  | 0.883      |
|    value_loss           | 0.00175    |
----------------------------------------
------------------------------------------
| rollout/                |              |
|    ep_len_mean          | 5e+03        |
|    ep_rew_mean          | -75.9        |
| time/                   |              |
|    fps                  | 7            |
|    iterations           | 300          |
|    time_elapsed         | 8264         |
|    total_timesteps      | 60000        |
| train/                  |              |
|    approx_kl            | 0.0043431306 |
|    clip_fraction        | 0.0117       |
|    clip_range           | 0.2          |
|    entropy_loss         | -1.3         |
|    explained_variance   | 0.592        |
|    learning_rate        | 0.0003       |
|    loss                 | 0.0466       |
|    n_updates            | 2990         |
|    policy_gradient_loss | -0.00201     |
|    std                  | 0.885        |
|    value_loss           | 0.00183      |
------------------------------------------
------------------------------------------
| rollout/                |              |
|    ep_len_mean          | 5e+03        |
|    ep_rew_mean          | -76          |
| time/                   |              |
|    fps                  | 7            |
|    iterations           | 301          |
|    time_elapsed         | 8293         |
|    total_timesteps      | 60200        |
| train/                  |              |
|    approx_kl            | 0.0011713773 |
|    clip_fraction        | 0.0141       |
|    clip_range           | 0.2          |
|    entropy_loss         | -1.29        |
|    explained_variance   | 0.769        |
|    learning_rate        | 0.0003       |
|    loss                 | -0.00289     |
|    n_updates            | 3000         |
|    policy_gradient_loss | -0.00302     |
|    std                  | 0.876        |
|    value_loss           | 0.00252      |
------------------------------------------
-----------------------------------------
| rollout/                |             |
|    ep_len_mean          | 5e+03       |
|    ep_rew_mean          | -76         |
| time/                   |             |
|    fps                  | 7           |
|    iterations           | 302         |
|    time_elapsed         | 8321        |
|    total_timesteps      | 60400       |
| train/                  |             |
|    approx_kl            | 0.006498618 |
|    clip_fraction        | 0.0668      |
|    clip_range           | 0.2         |
|    entropy_loss         | -1.28       |
|    explained_variance   | -5.21       |
|    learning_rate        | 0.0003      |
|    loss                 | -0.0185     |
|    n_updates            | 3010        |
|    policy_gradient_loss | -0.00636    |
|    std                  | 0.868       |
|    value_loss           | 0.0016      |
-----------------------------------------
-----------------------------------------
| rollout/                |             |
|    ep_len_mean          | 5e+03       |
|    ep_rew_mean          | -76         |
| time/                   |             |
|    fps                  | 7           |
|    iterations           | 303         |
|    time_elapsed         | 8349        |
|    total_timesteps      | 60600       |
| train/                  |             |
|    approx_kl            | 0.008438355 |
|    clip_fraction        | 0.148       |
|    clip_range           | 0.2         |
|    entropy_loss         | -1.28       |
|    explained_variance   | -0.183      |
|    learning_rate        | 0.0003      |
|    loss                 | -0.0456     |
|    n_updates            | 3020        |
|    policy_gradient_loss | -0.0166     |
|    std                  | 0.869       |
|    value_loss           | 0.00125     |
-----------------------------------------
-----------------------------------------
| rollout/                |             |
|    ep_len_mean          | 5e+03       |
|    ep_rew_mean          | -76         |
| time/                   |             |
|    fps                  | 7           |
|    iterations           | 304         |
|    time_elapsed         | 8376        |
|    total_timesteps      | 60800       |
| train/                  |             |
|    approx_kl            | 0.014653793 |
|    clip_fraction        | 0.0699      |
|    clip_range           | 0.2         |
|    entropy_loss         | -1.28       |
|    explained_variance   | 0.583       |
|    learning_rate        | 0.0003      |
|    loss                 | -0.0291     |
|    n_updates            | 3030        |
|    policy_gradient_loss | -0.00992    |
|    std                  | 0.865       |
|    value_loss           | 0.000555    |
-----------------------------------------
-------------------------------------------
| rollout/                |               |
|    ep_len_mean          | 5e+03         |
|    ep_rew_mean          | -76           |
| time/                   |               |
|    fps                  | 7             |
|    iterations           | 305           |
|    time_elapsed         | 8401          |
|    total_timesteps      | 61000         |
| train/                  |               |
|    approx_kl            | 0.00092202704 |
|    clip_fraction        | 0.000781      |
|    clip_range           | 0.2           |
|    entropy_loss         | -1.27         |
|    explained_variance   | 0.878         |
|    learning_rate        | 0.0003        |
|    loss                 | -0.0231       |
|    n_updates            | 3040          |
|    policy_gradient_loss | -0.00261      |
|    std                  | 0.864         |
|    value_loss           | 0.00197       |
-------------------------------------------
-----------------------------------------
| rollout/                |             |
|    ep_len_mean          | 5e+03       |
|    ep_rew_mean          | -76         |
| time/                   |             |
|    fps                  | 7           |
|    iterations           | 306         |
|    time_elapsed         | 8429        |
|    total_timesteps      | 61200       |
| train/                  |             |
|    approx_kl            | 0.005853914 |
|    clip_fraction        | 0.023       |
|    clip_range           | 0.2         |
|    entropy_loss         | -1.27       |
|    explained_variance   | 0.806       |
|    learning_rate        | 0.0003      |
|    loss                 | 0.0219      |
|    n_updates            | 3050        |
|    policy_gradient_loss | -0.00262    |
|    std                  | 0.86        |
|    value_loss           | 0.00128     |
-----------------------------------------
------------------------------------------
| rollout/                |              |
|    ep_len_mean          | 5e+03        |
|    ep_rew_mean          | -76          |
| time/                   |              |
|    fps                  | 7            |
|    iterations           | 307          |
|    time_elapsed         | 8455         |
|    total_timesteps      | 61400        |
| train/                  |              |
|    approx_kl            | 0.0010049716 |
|    clip_fraction        | 0.0137       |
|    clip_range           | 0.2          |
|    entropy_loss         | -1.27        |
|    explained_variance   | -2.01        |
|    learning_rate        | 0.0003       |
|    loss                 | -0.0186      |
|    n_updates            | 3060         |
|    policy_gradient_loss | 0.00121      |
|    std                  | 0.868        |
|    value_loss           | 0.00315      |
------------------------------------------
-----------------------------------------
| rollout/                |             |
|    ep_len_mean          | 5e+03       |
|    ep_rew_mean          | -76         |
| time/                   |             |
|    fps                  | 7           |
|    iterations           | 308         |
|    time_elapsed         | 8480        |
|    total_timesteps      | 61600       |
| train/                  |             |
|    approx_kl            | 0.004699054 |
|    clip_fraction        | 0.0621      |
|    clip_range           | 0.2         |
|    entropy_loss         | -1.28       |
|    explained_variance   | 0.662       |
|    learning_rate        | 0.0003      |
|    loss                 | 0.00773     |
|    n_updates            | 3070        |
|    policy_gradient_loss | -0.00389    |
|    std                  | 0.872       |
|    value_loss           | 0.00106     |
-----------------------------------------
------------------------------------------
| rollout/                |              |
|    ep_len_mean          | 5e+03        |
|    ep_rew_mean          | -76          |
| time/                   |              |
|    fps                  | 7            |
|    iterations           | 309          |
|    time_elapsed         | 8509         |
|    total_timesteps      | 61800        |
| train/                  |              |
|    approx_kl            | 0.0043551372 |
|    clip_fraction        | 0.0133       |
|    clip_range           | 0.2          |
|    entropy_loss         | -1.28        |
|    explained_variance   | 0.691        |
|    learning_rate        | 0.0003       |
|    loss                 | -0.000673    |
|    n_updates            | 3080         |
|    policy_gradient_loss | -0.00125     |
|    std                  | 0.867        |
|    value_loss           | 0.00123      |
------------------------------------------
-----------------------------------------
| rollout/                |             |
|    ep_len_mean          | 5e+03       |
|    ep_rew_mean          | -76         |
| time/                   |             |
|    fps                  | 7           |
|    iterations           | 310         |
|    time_elapsed         | 8534        |
|    total_timesteps      | 62000       |
| train/                  |             |
|    approx_kl            | 0.006917325 |
|    clip_fraction        | 0.0344      |
|    clip_range           | 0.2         |
|    entropy_loss         | -1.27       |
|    explained_variance   | -0.463      |
|    learning_rate        | 0.0003      |
|    loss                 | 0.00671     |
|    n_updates            | 3090        |
|    policy_gradient_loss | -0.0096     |
|    std                  | 0.865       |
|    value_loss           | 0.00176     |
-----------------------------------------
------------------------------------------
| rollout/                |              |
|    ep_len_mean          | 5e+03        |
|    ep_rew_mean          | -76          |
| time/                   |              |
|    fps                  | 7            |
|    iterations           | 311          |
|    time_elapsed         | 8559         |
|    total_timesteps      | 62200        |
| train/                  |              |
|    approx_kl            | 0.0043222066 |
|    clip_fraction        | 0.0445       |
|    clip_range           | 0.2          |
|    entropy_loss         | -1.27        |
|    explained_variance   | 0.641        |
|    learning_rate        | 0.0003       |
|    loss                 | 0.00819      |
|    n_updates            | 3100         |
|    policy_gradient_loss | -0.002       |
|    std                  | 0.866        |
|    value_loss           | 0.00149      |
------------------------------------------
-------------------------------------------
| rollout/                |               |
|    ep_len_mean          | 5e+03         |
|    ep_rew_mean          | -76           |
| time/                   |               |
|    fps                  | 7             |
|    iterations           | 312           |
|    time_elapsed         | 8588          |
|    total_timesteps      | 62400         |
| train/                  |               |
|    approx_kl            | 1.3960991e-05 |
|    clip_fraction        | 0.0125        |
|    clip_range           | 0.2           |
|    entropy_loss         | -1.28         |
|    explained_variance   | 0.733         |
|    learning_rate        | 0.0003        |
|    loss                 | 0.000674      |
|    n_updates            | 3110          |
|    policy_gradient_loss | -7.25e-05     |
|    std                  | 0.867         |
|    value_loss           | 0.00187       |
-------------------------------------------
-----------------------------------------
| rollout/                |             |
|    ep_len_mean          | 5e+03       |
|    ep_rew_mean          | -76         |
| time/                   |             |
|    fps                  | 7           |
|    iterations           | 313         |
|    time_elapsed         | 8613        |
|    total_timesteps      | 62600       |
| train/                  |             |
|    approx_kl            | 0.010301487 |
|    clip_fraction        | 0.0863      |
|    clip_range           | 0.2         |
|    entropy_loss         | -1.28       |
|    explained_variance   | -2.97       |
|    learning_rate        | 0.0003      |
|    loss                 | -0.035      |
|    n_updates            | 3120        |
|    policy_gradient_loss | -0.00622    |
|    std                  | 0.866       |
|    value_loss           | 0.00181     |
-----------------------------------------
-----------------------------------------
| rollout/                |             |
|    ep_len_mean          | 5e+03       |
|    ep_rew_mean          | -76         |
| time/                   |             |
|    fps                  | 7           |
|    iterations           | 314         |
|    time_elapsed         | 8639        |
|    total_timesteps      | 62800       |
| train/                  |             |
|    approx_kl            | 0.004747793 |
|    clip_fraction        | 0.0312      |
|    clip_range           | 0.2         |
|    entropy_loss         | -1.27       |
|    explained_variance   | 0.479       |
|    learning_rate        | 0.0003      |
|    loss                 | -0.0189     |
|    n_updates            | 3130        |
|    policy_gradient_loss | -0.00373    |
|    std                  | 0.863       |
|    value_loss           | 0.002       |
-----------------------------------------
-----------------------------------------
| rollout/                |             |
|    ep_len_mean          | 5e+03       |
|    ep_rew_mean          | -76         |
| time/                   |             |
|    fps                  | 7           |
|    iterations           | 315         |
|    time_elapsed         | 8667        |
|    total_timesteps      | 63000       |
| train/                  |             |
|    approx_kl            | 0.008380011 |
|    clip_fraction        | 0.144       |
|    clip_range           | 0.2         |
|    entropy_loss         | -1.27       |
|    explained_variance   | 0.685       |
|    learning_rate        | 0.0003      |
|    loss                 | 0.0075      |
|    n_updates            | 3140        |
|    policy_gradient_loss | -0.0132     |
|    std                  | 0.859       |
|    value_loss           | 0.00196     |
-----------------------------------------
-----------------------------------------
| rollout/                |             |
|    ep_len_mean          | 5e+03       |
|    ep_rew_mean          | -76         |
| time/                   |             |
|    fps                  | 7           |
|    iterations           | 316         |
|    time_elapsed         | 8692        |
|    total_timesteps      | 63200       |
| train/                  |             |
|    approx_kl            | 0.007741257 |
|    clip_fraction        | 0.0207      |
|    clip_range           | 0.2         |
|    entropy_loss         | -1.27       |
|    explained_variance   | 0.0957      |
|    learning_rate        | 0.0003      |
|    loss                 | 0.006       |
|    n_updates            | 3150        |
|    policy_gradient_loss | -0.00394    |
|    std                  | 0.856       |
|    value_loss           | 0.00141     |
-----------------------------------------
------------------------------------------
| rollout/                |              |
|    ep_len_mean          | 5e+03        |
|    ep_rew_mean          | -76          |
| time/                   |              |
|    fps                  | 7            |
|    iterations           | 317          |
|    time_elapsed         | 8718         |
|    total_timesteps      | 63400        |
| train/                  |              |
|    approx_kl            | 0.0029254637 |
|    clip_fraction        | 0.00781      |
|    clip_range           | 0.2          |
|    entropy_loss         | -1.26        |
|    explained_variance   | 0.706        |
|    learning_rate        | 0.0003       |
|    loss                 | -0.0162      |
|    n_updates            | 3160         |
|    policy_gradient_loss | -0.000935    |
|    std                  | 0.856        |
|    value_loss           | 0.00205      |
------------------------------------------
------------------------------------------
| rollout/                |              |
|    ep_len_mean          | 5e+03        |
|    ep_rew_mean          | -76          |
| time/                   |              |
|    fps                  | 7            |
|    iterations           | 318          |
|    time_elapsed         | 8746         |
|    total_timesteps      | 63600        |
| train/                  |              |
|    approx_kl            | 0.0025862285 |
|    clip_fraction        | 0.0535       |
|    clip_range           | 0.2          |
|    entropy_loss         | -1.26        |
|    explained_variance   | 0.802        |
|    learning_rate        | 0.0003       |
|    loss                 | 0.0107       |
|    n_updates            | 3170         |
|    policy_gradient_loss | -0.00427     |
|    std                  | 0.857        |
|    value_loss           | 0.00219      |
------------------------------------------
------------------------------------------
| rollout/                |              |
|    ep_len_mean          | 5e+03        |
|    ep_rew_mean          | -76          |
| time/                   |              |
|    fps                  | 7            |
|    iterations           | 319          |
|    time_elapsed         | 8771         |
|    total_timesteps      | 63800        |
| train/                  |              |
|    approx_kl            | 0.0074905325 |
|    clip_fraction        | 0.0648       |
|    clip_range           | 0.2          |
|    entropy_loss         | -1.26        |
|    explained_variance   | 0.459        |
|    learning_rate        | 0.0003       |
|    loss                 | 0.00769      |
|    n_updates            | 3180         |
|    policy_gradient_loss | -0.00814     |
|    std                  | 0.853        |
|    value_loss           | 0.00154      |
------------------------------------------
------------------------------------------
| rollout/                |              |
|    ep_len_mean          | 5e+03        |
|    ep_rew_mean          | -76          |
| time/                   |              |
|    fps                  | 7            |
|    iterations           | 320          |
|    time_elapsed         | 8797         |
|    total_timesteps      | 64000        |
| train/                  |              |
|    approx_kl            | 0.0046462733 |
|    clip_fraction        | 0.0738       |
|    clip_range           | 0.2          |
|    entropy_loss         | -1.26        |
|    explained_variance   | 0.711        |
|    learning_rate        | 0.0003       |
|    loss                 | -0.00055     |
|    n_updates            | 3190         |
|    policy_gradient_loss | -0.00487     |
|    std                  | 0.848        |
|    value_loss           | 0.00142      |
------------------------------------------
----------------------------------------
| rollout/                |            |
|    ep_len_mean          | 5e+03      |
|    ep_rew_mean          | -76        |
| time/                   |            |
|    fps                  | 7          |
|    iterations           | 321        |
|    time_elapsed         | 8824       |
|    total_timesteps      | 64200      |
| train/                  |            |
|    approx_kl            | 0.00789535 |
|    clip_fraction        | 0.0637     |
|    clip_range           | 0.2        |
|    entropy_loss         | -1.25      |
|    explained_variance   | 0.858      |
|    learning_rate        | 0.0003     |
|    loss                 | 0.00176    |
|    n_updates            | 3200       |
|    policy_gradient_loss | -0.00281   |
|    std                  | 0.842      |
|    value_loss           | 0.00225    |
----------------------------------------
------------------------------------------
| rollout/                |              |
|    ep_len_mean          | 5e+03        |
|    ep_rew_mean          | -76          |
| time/                   |              |
|    fps                  | 7            |
|    iterations           | 322          |
|    time_elapsed         | 8849         |
|    total_timesteps      | 64400        |
| train/                  |              |
|    approx_kl            | 0.0035238562 |
|    clip_fraction        | 0.0273       |
|    clip_range           | 0.2          |
|    entropy_loss         | -1.25        |
|    explained_variance   | 0.818        |
|    learning_rate        | 0.0003       |
|    loss                 | -0.0203      |
|    n_updates            | 3210         |
|    policy_gradient_loss | -0.00112     |
|    std                  | 0.84         |
|    value_loss           | 0.000832     |
------------------------------------------
------------------------------------------
| rollout/                |              |
|    ep_len_mean          | 5e+03        |
|    ep_rew_mean          | -76          |
| time/                   |              |
|    fps                  | 7            |
|    iterations           | 323          |
|    time_elapsed         | 8876         |
|    total_timesteps      | 64600        |
| train/                  |              |
|    approx_kl            | 0.0059710024 |
|    clip_fraction        | 0.0105       |
|    clip_range           | 0.2          |
|    entropy_loss         | -1.24        |
|    explained_variance   | 0.727        |
|    learning_rate        | 0.0003       |
|    loss                 | 0.0324       |
|    n_updates            | 3220         |
|    policy_gradient_loss | -0.000141    |
|    std                  | 0.838        |
|    value_loss           | 0.00119      |
------------------------------------------
------------------------------------------
| rollout/                |              |
|    ep_len_mean          | 5e+03        |
|    ep_rew_mean          | -76          |
| time/                   |              |
|    fps                  | 7            |
|    iterations           | 324          |
|    time_elapsed         | 8903         |
|    total_timesteps      | 64800        |
| train/                  |              |
|    approx_kl            | 0.0024413615 |
|    clip_fraction        | 0.0258       |
|    clip_range           | 0.2          |
|    entropy_loss         | -1.24        |
|    explained_variance   | 0.876        |
|    learning_rate        | 0.0003       |
|    loss                 | 0.00784      |
|    n_updates            | 3230         |
|    policy_gradient_loss | -0.00238     |
|    std                  | 0.835        |
|    value_loss           | 0.00337      |
------------------------------------------
----------------------------------------
| rollout/                |            |
|    ep_len_mean          | 5e+03      |
|    ep_rew_mean          | -76        |
| time/                   |            |
|    fps                  | 7          |
|    iterations           | 325        |
|    time_elapsed         | 8928       |
|    total_timesteps      | 65000      |
| train/                  |            |
|    approx_kl            | 0.01760364 |
|    clip_fraction        | 0.115      |
|    clip_range           | 0.2        |
|    entropy_loss         | -1.24      |
|    explained_variance   | 0.905      |
|    learning_rate        | 0.0003     |
|    loss                 | 0.00647    |
|    n_updates            | 3240       |
|    policy_gradient_loss | -0.0101    |
|    std                  | 0.831      |
|    value_loss           | 0.00068    |
----------------------------------------
-----------------------------------------
| rollout/                |             |
|    ep_len_mean          | 5e+03       |
|    ep_rew_mean          | -76.3       |
| time/                   |             |
|    fps                  | 7           |
|    iterations           | 326         |
|    time_elapsed         | 8957        |
|    total_timesteps      | 65200       |
| train/                  |             |
|    approx_kl            | 0.006260331 |
|    clip_fraction        | 0.0281      |
|    clip_range           | 0.2         |
|    entropy_loss         | -1.23       |
|    explained_variance   | 0.327       |
|    learning_rate        | 0.0003      |
|    loss                 | -0.026      |
|    n_updates            | 3250        |
|    policy_gradient_loss | -0.00406    |
|    std                  | 0.833       |
|    value_loss           | 0.000794    |
-----------------------------------------
-----------------------------------------
| rollout/                |             |
|    ep_len_mean          | 5e+03       |
|    ep_rew_mean          | -76.3       |
| time/                   |             |
|    fps                  | 7           |
|    iterations           | 327         |
|    time_elapsed         | 8986        |
|    total_timesteps      | 65400       |
| train/                  |             |
|    approx_kl            | 0.005934201 |
|    clip_fraction        | 0.0789      |
|    clip_range           | 0.2         |
|    entropy_loss         | -1.23       |
|    explained_variance   | 0.658       |
|    learning_rate        | 0.0003      |
|    loss                 | -0.0329     |
|    n_updates            | 3260        |
|    policy_gradient_loss | -0.00623    |
|    std                  | 0.831       |
|    value_loss           | 0.00212     |
-----------------------------------------
------------------------------------------
| rollout/                |              |
|    ep_len_mean          | 5e+03        |
|    ep_rew_mean          | -76.3        |
| time/                   |              |
|    fps                  | 7            |
|    iterations           | 328          |
|    time_elapsed         | 9014         |
|    total_timesteps      | 65600        |
| train/                  |              |
|    approx_kl            | 0.0048779678 |
|    clip_fraction        | 0.0605       |
|    clip_range           | 0.2          |
|    entropy_loss         | -1.24        |
|    explained_variance   | 0.453        |
|    learning_rate        | 0.0003       |
|    loss                 | -0.0474      |
|    n_updates            | 3270         |
|    policy_gradient_loss | -0.00762     |
|    std                  | 0.833        |
|    value_loss           | 0.00132      |
------------------------------------------
-----------------------------------------
| rollout/                |             |
|    ep_len_mean          | 5e+03       |
|    ep_rew_mean          | -76.3       |
| time/                   |             |
|    fps                  | 7           |
|    iterations           | 329         |
|    time_elapsed         | 9043        |
|    total_timesteps      | 65800       |
| train/                  |             |
|    approx_kl            | 0.004332822 |
|    clip_fraction        | 0.048       |
|    clip_range           | 0.2         |
|    entropy_loss         | -1.24       |
|    explained_variance   | -0.121      |
|    learning_rate        | 0.0003      |
|    loss                 | -0.0623     |
|    n_updates            | 3280        |
|    policy_gradient_loss | -0.00634    |
|    std                  | 0.836       |
|    value_loss           | 0.0019      |
-----------------------------------------
------------------------------------------
| rollout/                |              |
|    ep_len_mean          | 5e+03        |
|    ep_rew_mean          | -76.3        |
| time/                   |              |
|    fps                  | 7            |
|    iterations           | 330          |
|    time_elapsed         | 9071         |
|    total_timesteps      | 66000        |
| train/                  |              |
|    approx_kl            | 0.0014449041 |
|    clip_fraction        | 0.00117      |
|    clip_range           | 0.2          |
|    entropy_loss         | -1.24        |
|    explained_variance   | -1.74        |
|    learning_rate        | 0.0003       |
|    loss                 | 0.0346       |
|    n_updates            | 3290         |
|    policy_gradient_loss | 4.99e-05     |
|    std                  | 0.835        |
|    value_loss           | 0.000995     |
------------------------------------------
------------------------------------------
| rollout/                |              |
|    ep_len_mean          | 5e+03        |
|    ep_rew_mean          | -76.3        |
| time/                   |              |
|    fps                  | 7            |
|    iterations           | 331          |
|    time_elapsed         | 9100         |
|    total_timesteps      | 66200        |
| train/                  |              |
|    approx_kl            | 0.0037848167 |
|    clip_fraction        | 0.0484       |
|    clip_range           | 0.2          |
|    entropy_loss         | -1.24        |
|    explained_variance   | 0.372        |
|    learning_rate        | 0.0003       |
|    loss                 | -0.0299      |
|    n_updates            | 3300         |
|    policy_gradient_loss | -0.00814     |
|    std                  | 0.839        |
|    value_loss           | 0.00025      |
------------------------------------------
------------------------------------------
| rollout/                |              |
|    ep_len_mean          | 5e+03        |
|    ep_rew_mean          | -76.3        |
| time/                   |              |
|    fps                  | 7            |
|    iterations           | 332          |
|    time_elapsed         | 9129         |
|    total_timesteps      | 66400        |
| train/                  |              |
|    approx_kl            | 0.0054036574 |
|    clip_fraction        | 0.057        |
|    clip_range           | 0.2          |
|    entropy_loss         | -1.24        |
|    explained_variance   | -0.104       |
|    learning_rate        | 0.0003       |
|    loss                 | 0.0266       |
|    n_updates            | 3310         |
|    policy_gradient_loss | -0.00339     |
|    std                  | 0.835        |
|    value_loss           | 0.000341     |
------------------------------------------
-----------------------------------------
| rollout/                |             |
|    ep_len_mean          | 5e+03       |
|    ep_rew_mean          | -76.3       |
| time/                   |             |
|    fps                  | 7           |
|    iterations           | 333         |
|    time_elapsed         | 9158        |
|    total_timesteps      | 66600       |
| train/                  |             |
|    approx_kl            | 0.004355599 |
|    clip_fraction        | 0.068       |
|    clip_range           | 0.2         |
|    entropy_loss         | -1.24       |
|    explained_variance   | 0.71        |
|    learning_rate        | 0.0003      |
|    loss                 | -0.0137     |
|    n_updates            | 3320        |
|    policy_gradient_loss | -0.00475    |
|    std                  | 0.84        |
|    value_loss           | 0.000346    |
-----------------------------------------
-----------------------------------------
| rollout/                |             |
|    ep_len_mean          | 5e+03       |
|    ep_rew_mean          | -76.3       |
| time/                   |             |
|    fps                  | 7           |
|    iterations           | 334         |
|    time_elapsed         | 9186        |
|    total_timesteps      | 66800       |
| train/                  |             |
|    approx_kl            | 0.019596467 |
|    clip_fraction        | 0.0957      |
|    clip_range           | 0.2         |
|    entropy_loss         | -1.25       |
|    explained_variance   | 0.558       |
|    learning_rate        | 0.0003      |
|    loss                 | 0.0193      |
|    n_updates            | 3330        |
|    policy_gradient_loss | -0.00387    |
|    std                  | 0.843       |
|    value_loss           | 0.000113    |
-----------------------------------------
-----------------------------------------
| rollout/                |             |
|    ep_len_mean          | 5e+03       |
|    ep_rew_mean          | -76.3       |
| time/                   |             |
|    fps                  | 7           |
|    iterations           | 335         |
|    time_elapsed         | 9215        |
|    total_timesteps      | 67000       |
| train/                  |             |
|    approx_kl            | 0.011905421 |
|    clip_fraction        | 0.0324      |
|    clip_range           | 0.2         |
|    entropy_loss         | -1.25       |
|    explained_variance   | 0.0532      |
|    learning_rate        | 0.0003      |
|    loss                 | -0.0709     |
|    n_updates            | 3340        |
|    policy_gradient_loss | -0.00787    |
|    std                  | 0.841       |
|    value_loss           | 0.000279    |
-----------------------------------------
-----------------------------------------
| rollout/                |             |
|    ep_len_mean          | 5e+03       |
|    ep_rew_mean          | -76.3       |
| time/                   |             |
|    fps                  | 7           |
|    iterations           | 336         |
|    time_elapsed         | 9244        |
|    total_timesteps      | 67200       |
| train/                  |             |
|    approx_kl            | 0.018560998 |
|    clip_fraction        | 0.232       |
|    clip_range           | 0.2         |
|    entropy_loss         | -1.25       |
|    explained_variance   | -0.00511    |
|    learning_rate        | 0.0003      |
|    loss                 | -0.0376     |
|    n_updates            | 3350        |
|    policy_gradient_loss | -0.0217     |
|    std                  | 0.841       |
|    value_loss           | 0.000349    |
-----------------------------------------
------------------------------------------
| rollout/                |              |
|    ep_len_mean          | 5e+03        |
|    ep_rew_mean          | -76.3        |
| time/                   |              |
|    fps                  | 7            |
|    iterations           | 337          |
|    time_elapsed         | 9272         |
|    total_timesteps      | 67400        |
| train/                  |              |
|    approx_kl            | 0.0046427697 |
|    clip_fraction        | 0.121        |
|    clip_range           | 0.2          |
|    entropy_loss         | -1.25        |
|    explained_variance   | 0.377        |
|    learning_rate        | 0.0003       |
|    loss                 | -0.0257      |
|    n_updates            | 3360         |
|    policy_gradient_loss | -0.0109      |
|    std                  | 0.84         |
|    value_loss           | 0.000295     |
------------------------------------------
------------------------------------------
| rollout/                |              |
|    ep_len_mean          | 5e+03        |
|    ep_rew_mean          | -76.3        |
| time/                   |              |
|    fps                  | 7            |
|    iterations           | 338          |
|    time_elapsed         | 9301         |
|    total_timesteps      | 67600        |
| train/                  |              |
|    approx_kl            | 0.0055349977 |
|    clip_fraction        | 0.0668       |
|    clip_range           | 0.2          |
|    entropy_loss         | -1.24        |
|    explained_variance   | -0.15        |
|    learning_rate        | 0.0003       |
|    loss                 | 0.0581       |
|    n_updates            | 3370         |
|    policy_gradient_loss | -0.00632     |
|    std                  | 0.84         |
|    value_loss           | 0.000103     |
------------------------------------------
------------------------------------------
| rollout/                |              |
|    ep_len_mean          | 5e+03        |
|    ep_rew_mean          | -76.3        |
| time/                   |              |
|    fps                  | 7            |
|    iterations           | 339          |
|    time_elapsed         | 9330         |
|    total_timesteps      | 67800        |
| train/                  |              |
|    approx_kl            | 0.0014314211 |
|    clip_fraction        | 0            |
|    clip_range           | 0.2          |
|    entropy_loss         | -1.24        |
|    explained_variance   | -0.834       |
|    learning_rate        | 0.0003       |
|    loss                 | 0.0179       |
|    n_updates            | 3380         |
|    policy_gradient_loss | 0.000632     |
|    std                  | 0.841        |
|    value_loss           | 0.000202     |
------------------------------------------
----------------------------------------
| rollout/                |            |
|    ep_len_mean          | 5e+03      |
|    ep_rew_mean          | -76.3      |
| time/                   |            |
|    fps                  | 7          |
|    iterations           | 340        |
|    time_elapsed         | 9359       |
|    total_timesteps      | 68000      |
| train/                  |            |
|    approx_kl            | 0.00415962 |
|    clip_fraction        | 0.052      |
|    clip_range           | 0.2        |
|    entropy_loss         | -1.24      |
|    explained_variance   | 0.633      |
|    learning_rate        | 0.0003     |
|    loss                 | -0.000735  |
|    n_updates            | 3390       |
|    policy_gradient_loss | -0.0104    |
|    std                  | 0.838      |
|    value_loss           | 0.00017    |
----------------------------------------
------------------------------------------
| rollout/                |              |
|    ep_len_mean          | 5e+03        |
|    ep_rew_mean          | -76.3        |
| time/                   |              |
|    fps                  | 7            |
|    iterations           | 341          |
|    time_elapsed         | 9387         |
|    total_timesteps      | 68200        |
| train/                  |              |
|    approx_kl            | 0.0018009618 |
|    clip_fraction        | 0.00234      |
|    clip_range           | 0.2          |
|    entropy_loss         | -1.24        |
|    explained_variance   | -0.303       |
|    learning_rate        | 0.0003       |
|    loss                 | 0.00256      |
|    n_updates            | 3400         |
|    policy_gradient_loss | -0.000114    |
|    std                  | 0.837        |
|    value_loss           | 0.000142     |
------------------------------------------
------------------------------------------
| rollout/                |              |
|    ep_len_mean          | 5e+03        |
|    ep_rew_mean          | -76.3        |
| time/                   |              |
|    fps                  | 7            |
|    iterations           | 342          |
|    time_elapsed         | 9416         |
|    total_timesteps      | 68400        |
| train/                  |              |
|    approx_kl            | 0.0016068027 |
|    clip_fraction        | 0            |
|    clip_range           | 0.2          |
|    entropy_loss         | -1.24        |
|    explained_variance   | 0.0469       |
|    learning_rate        | 0.0003       |
|    loss                 | 0.00857      |
|    n_updates            | 3410         |
|    policy_gradient_loss | -0.00096     |
|    std                  | 0.832        |
|    value_loss           | 0.000193     |
------------------------------------------
------------------------------------------
| rollout/                |              |
|    ep_len_mean          | 5e+03        |
|    ep_rew_mean          | -76.3        |
| time/                   |              |
|    fps                  | 7            |
|    iterations           | 343          |
|    time_elapsed         | 9445         |
|    total_timesteps      | 68600        |
| train/                  |              |
|    approx_kl            | 0.0022984257 |
|    clip_fraction        | 0.0395       |
|    clip_range           | 0.2          |
|    entropy_loss         | -1.23        |
|    explained_variance   | 0.531        |
|    learning_rate        | 0.0003       |
|    loss                 | -0.0194      |
|    n_updates            | 3420         |
|    policy_gradient_loss | -0.00034     |
|    std                  | 0.828        |
|    value_loss           | 9.62e-05     |
------------------------------------------
-----------------------------------------
| rollout/                |             |
|    ep_len_mean          | 5e+03       |
|    ep_rew_mean          | -76.3       |
| time/                   |             |
|    fps                  | 7           |
|    iterations           | 344         |
|    time_elapsed         | 9473        |
|    total_timesteps      | 68800       |
| train/                  |             |
|    approx_kl            | 0.012965404 |
|    clip_fraction        | 0.0508      |
|    clip_range           | 0.2         |
|    entropy_loss         | -1.23       |
|    explained_variance   | 0.658       |
|    learning_rate        | 0.0003      |
|    loss                 | -0.135      |
|    n_updates            | 3430        |
|    policy_gradient_loss | -0.0064     |
|    std                  | 0.824       |
|    value_loss           | 0.000171    |
-----------------------------------------
-----------------------------------------
| rollout/                |             |
|    ep_len_mean          | 5e+03       |
|    ep_rew_mean          | -76.3       |
| time/                   |             |
|    fps                  | 7           |
|    iterations           | 345         |
|    time_elapsed         | 9502        |
|    total_timesteps      | 69000       |
| train/                  |             |
|    approx_kl            | 0.014668586 |
|    clip_fraction        | 0.12        |
|    clip_range           | 0.2         |
|    entropy_loss         | -1.22       |
|    explained_variance   | -0.0817     |
|    learning_rate        | 0.0003      |
|    loss                 | -0.0738     |
|    n_updates            | 3440        |
|    policy_gradient_loss | -0.0111     |
|    std                  | 0.819       |
|    value_loss           | 0.000438    |
-----------------------------------------
-----------------------------------------
| rollout/                |             |
|    ep_len_mean          | 5e+03       |
|    ep_rew_mean          | -76.3       |
| time/                   |             |
|    fps                  | 7           |
|    iterations           | 346         |
|    time_elapsed         | 9531        |
|    total_timesteps      | 69200       |
| train/                  |             |
|    approx_kl            | 0.011217799 |
|    clip_fraction        | 0.0449      |
|    clip_range           | 0.2         |
|    entropy_loss         | -1.22       |
|    explained_variance   | 0.0448      |
|    learning_rate        | 0.0003      |
|    loss                 | -0.0359     |
|    n_updates            | 3450        |
|    policy_gradient_loss | -0.01       |
|    std                  | 0.816       |
|    value_loss           | 0.000245    |
-----------------------------------------
-----------------------------------------
| rollout/                |             |
|    ep_len_mean          | 5e+03       |
|    ep_rew_mean          | -76.3       |
| time/                   |             |
|    fps                  | 7           |
|    iterations           | 347         |
|    time_elapsed         | 9559        |
|    total_timesteps      | 69400       |
| train/                  |             |
|    approx_kl            | 0.006960202 |
|    clip_fraction        | 0.0902      |
|    clip_range           | 0.2         |
|    entropy_loss         | -1.21       |
|    explained_variance   | -0.516      |
|    learning_rate        | 0.0003      |
|    loss                 | 0.00408     |
|    n_updates            | 3460        |
|    policy_gradient_loss | -0.00834    |
|    std                  | 0.81        |
|    value_loss           | 0.000279    |
-----------------------------------------
------------------------------------------
| rollout/                |              |
|    ep_len_mean          | 5e+03        |
|    ep_rew_mean          | -76.3        |
| time/                   |              |
|    fps                  | 7            |
|    iterations           | 348          |
|    time_elapsed         | 9588         |
|    total_timesteps      | 69600        |
| train/                  |              |
|    approx_kl            | 0.0069463993 |
|    clip_fraction        | 0.0895       |
|    clip_range           | 0.2          |
|    entropy_loss         | -1.21        |
|    explained_variance   | 0.651        |
|    learning_rate        | 0.0003       |
|    loss                 | -0.0138      |
|    n_updates            | 3470         |
|    policy_gradient_loss | -0.0042      |
|    std                  | 0.806        |
|    value_loss           | 0.000235     |
------------------------------------------
------------------------------------------
| rollout/                |              |
|    ep_len_mean          | 5e+03        |
|    ep_rew_mean          | -76.3        |
| time/                   |              |
|    fps                  | 7            |
|    iterations           | 349          |
|    time_elapsed         | 9617         |
|    total_timesteps      | 69800        |
| train/                  |              |
|    approx_kl            | 0.0031245076 |
|    clip_fraction        | 0.0457       |
|    clip_range           | 0.2          |
|    entropy_loss         | -1.2         |
|    explained_variance   | 0.15         |
|    learning_rate        | 0.0003       |
|    loss                 | -0.0239      |
|    n_updates            | 3480         |
|    policy_gradient_loss | -0.00515     |
|    std                  | 0.802        |
|    value_loss           | 0.000228     |
------------------------------------------
------------------------------------------
| rollout/                |              |
|    ep_len_mean          | 5e+03        |
|    ep_rew_mean          | -76.3        |
| time/                   |              |
|    fps                  | 7            |
|    iterations           | 350          |
|    time_elapsed         | 9645         |
|    total_timesteps      | 70000        |
| train/                  |              |
|    approx_kl            | 0.0007547238 |
|    clip_fraction        | 0            |
|    clip_range           | 0.2          |
|    entropy_loss         | -1.2         |
|    explained_variance   | -0.743       |
|    learning_rate        | 0.0003       |
|    loss                 | -0.00202     |
|    n_updates            | 3490         |
|    policy_gradient_loss | 0.000499     |
|    std                  | 0.801        |
|    value_loss           | 0.00032      |
------------------------------------------
-----------------------------------------
| rollout/                |             |
|    ep_len_mean          | 5e+03       |
|    ep_rew_mean          | -76.2       |
| time/                   |             |
|    fps                  | 7           |
|    iterations           | 351         |
|    time_elapsed         | 9674        |
|    total_timesteps      | 70200       |
| train/                  |             |
|    approx_kl            | 0.008009051 |
|    clip_fraction        | 0.0645      |
|    clip_range           | 0.2         |
|    entropy_loss         | -1.2        |
|    explained_variance   | 0.642       |
|    learning_rate        | 0.0003      |
|    loss                 | -0.0294     |
|    n_updates            | 3500        |
|    policy_gradient_loss | -0.00718    |
|    std                  | 0.797       |
|    value_loss           | 0.000155    |
-----------------------------------------
-----------------------------------------
| rollout/                |             |
|    ep_len_mean          | 5e+03       |
|    ep_rew_mean          | -76.2       |
| time/                   |             |
|    fps                  | 7           |
|    iterations           | 352         |
|    time_elapsed         | 9703        |
|    total_timesteps      | 70400       |
| train/                  |             |
|    approx_kl            | 0.010063292 |
|    clip_fraction        | 0.0629      |
|    clip_range           | 0.2         |
|    entropy_loss         | -1.19       |
|    explained_variance   | -2.36       |
|    learning_rate        | 0.0003      |
|    loss                 | -0.0497     |
|    n_updates            | 3510        |
|    policy_gradient_loss | -0.00649    |
|    std                  | 0.793       |
|    value_loss           | 0.000474    |
-----------------------------------------
------------------------------------------
| rollout/                |              |
|    ep_len_mean          | 5e+03        |
|    ep_rew_mean          | -76.2        |
| time/                   |              |
|    fps                  | 7            |
|    iterations           | 353          |
|    time_elapsed         | 9731         |
|    total_timesteps      | 70600        |
| train/                  |              |
|    approx_kl            | 0.0064282008 |
|    clip_fraction        | 0.0266       |
|    clip_range           | 0.2          |
|    entropy_loss         | -1.19        |
|    explained_variance   | -0.612       |
|    learning_rate        | 0.0003       |
|    loss                 | -0.0296      |
|    n_updates            | 3520         |
|    policy_gradient_loss | -0.00172     |
|    std                  | 0.794        |
|    value_loss           | 0.00057      |
------------------------------------------
-----------------------------------------
| rollout/                |             |
|    ep_len_mean          | 5e+03       |
|    ep_rew_mean          | -76.2       |
| time/                   |             |
|    fps                  | 7           |
|    iterations           | 354         |
|    time_elapsed         | 9760        |
|    total_timesteps      | 70800       |
| train/                  |             |
|    approx_kl            | 0.008612422 |
|    clip_fraction        | 0.0535      |
|    clip_range           | 0.2         |
|    entropy_loss         | -1.19       |
|    explained_variance   | 0.522       |
|    learning_rate        | 0.0003      |
|    loss                 | 0.000378    |
|    n_updates            | 3530        |
|    policy_gradient_loss | -0.0049     |
|    std                  | 0.79        |
|    value_loss           | 0.000251    |
-----------------------------------------
------------------------------------------
| rollout/                |              |
|    ep_len_mean          | 5e+03        |
|    ep_rew_mean          | -76.2        |
| time/                   |              |
|    fps                  | 7            |
|    iterations           | 355          |
|    time_elapsed         | 9789         |
|    total_timesteps      | 71000        |
| train/                  |              |
|    approx_kl            | 0.0058171293 |
|    clip_fraction        | 0.0605       |
|    clip_range           | 0.2          |
|    entropy_loss         | -1.18        |
|    explained_variance   | 0.602        |
|    learning_rate        | 0.0003       |
|    loss                 | -0.0295      |
|    n_updates            | 3540         |
|    policy_gradient_loss | -0.00726     |
|    std                  | 0.791        |
|    value_loss           | 6.1e-05      |
------------------------------------------
------------------------------------------
| rollout/                |              |
|    ep_len_mean          | 5e+03        |
|    ep_rew_mean          | -76.2        |
| time/                   |              |
|    fps                  | 7            |
|    iterations           | 356          |
|    time_elapsed         | 9818         |
|    total_timesteps      | 71200        |
| train/                  |              |
|    approx_kl            | 0.0076463013 |
|    clip_fraction        | 0.0211       |
|    clip_range           | 0.2          |
|    entropy_loss         | -1.18        |
|    explained_variance   | 0.344        |
|    learning_rate        | 0.0003       |
|    loss                 | -0.0119      |
|    n_updates            | 3550         |
|    policy_gradient_loss | -0.00528     |
|    std                  | 0.787        |
|    value_loss           | 0.000125     |
------------------------------------------
----------------------------------------
| rollout/                |            |
|    ep_len_mean          | 5e+03      |
|    ep_rew_mean          | -76.2      |
| time/                   |            |
|    fps                  | 7          |
|    iterations           | 357        |
|    time_elapsed         | 9847       |
|    total_timesteps      | 71400      |
| train/                  |            |
|    approx_kl            | 0.00768781 |
|    clip_fraction        | 0.121      |
|    clip_range           | 0.2        |
|    entropy_loss         | -1.18      |
|    explained_variance   | 0.0115     |
|    learning_rate        | 0.0003     |
|    loss                 | 0.0713     |
|    n_updates            | 3560       |
|    policy_gradient_loss | -0.00979   |
|    std                  | 0.784      |
|    value_loss           | 0.00021    |
----------------------------------------
------------------------------------------
| rollout/                |              |
|    ep_len_mean          | 5e+03        |
|    ep_rew_mean          | -76.2        |
| time/                   |              |
|    fps                  | 7            |
|    iterations           | 358          |
|    time_elapsed         | 9875         |
|    total_timesteps      | 71600        |
| train/                  |              |
|    approx_kl            | 0.0069991634 |
|    clip_fraction        | 0.0227       |
|    clip_range           | 0.2          |
|    entropy_loss         | -1.18        |
|    explained_variance   | 0.51         |
|    learning_rate        | 0.0003       |
|    loss                 | 0.0417       |
|    n_updates            | 3570         |
|    policy_gradient_loss | -0.00503     |
|    std                  | 0.784        |
|    value_loss           | 7.94e-05     |
------------------------------------------
------------------------------------------
| rollout/                |              |
|    ep_len_mean          | 5e+03        |
|    ep_rew_mean          | -76.2        |
| time/                   |              |
|    fps                  | 7            |
|    iterations           | 359          |
|    time_elapsed         | 9904         |
|    total_timesteps      | 71800        |
| train/                  |              |
|    approx_kl            | 0.0012739773 |
|    clip_fraction        | 0.0219       |
|    clip_range           | 0.2          |
|    entropy_loss         | -1.18        |
|    explained_variance   | -0.455       |
|    learning_rate        | 0.0003       |
|    loss                 | -0.0233      |
|    n_updates            | 3580         |
|    policy_gradient_loss | -0.00171     |
|    std                  | 0.786        |
|    value_loss           | 0.00019      |
------------------------------------------
------------------------------------------
| rollout/                |              |
|    ep_len_mean          | 5e+03        |
|    ep_rew_mean          | -76.2        |
| time/                   |              |
|    fps                  | 7            |
|    iterations           | 360          |
|    time_elapsed         | 9933         |
|    total_timesteps      | 72000        |
| train/                  |              |
|    approx_kl            | 0.0043201144 |
|    clip_fraction        | 0.0367       |
|    clip_range           | 0.2          |
|    entropy_loss         | -1.18        |
|    explained_variance   | 0.538        |
|    learning_rate        | 0.0003       |
|    loss                 | -0.00177     |
|    n_updates            | 3590         |
|    policy_gradient_loss | -0.000735    |
|    std                  | 0.784        |
|    value_loss           | 0.000123     |
------------------------------------------
----------------------------------------
| rollout/                |            |
|    ep_len_mean          | 5e+03      |
|    ep_rew_mean          | -76.2      |
| time/                   |            |
|    fps                  | 7          |
|    iterations           | 361        |
|    time_elapsed         | 9961       |
|    total_timesteps      | 72200      |
| train/                  |            |
|    approx_kl            | 0.00512568 |
|    clip_fraction        | 0.0531     |
|    clip_range           | 0.2        |
|    entropy_loss         | -1.18      |
|    explained_variance   | 0.689      |
|    learning_rate        | 0.0003     |
|    loss                 | 0.0311     |
|    n_updates            | 3600       |
|    policy_gradient_loss | -0.00925   |
|    std                  | 0.783      |
|    value_loss           | 7.32e-05   |
----------------------------------------
-----------------------------------------
| rollout/                |             |
|    ep_len_mean          | 5e+03       |
|    ep_rew_mean          | -76.2       |
| time/                   |             |
|    fps                  | 7           |
|    iterations           | 362         |
|    time_elapsed         | 9990        |
|    total_timesteps      | 72400       |
| train/                  |             |
|    approx_kl            | 0.012169803 |
|    clip_fraction        | 0.143       |
|    clip_range           | 0.2         |
|    entropy_loss         | -1.17       |
|    explained_variance   | 0.142       |
|    learning_rate        | 0.0003      |
|    loss                 | 0.0221      |
|    n_updates            | 3610        |
|    policy_gradient_loss | -0.0137     |
|    std                  | 0.779       |
|    value_loss           | 0.000112    |
-----------------------------------------
-----------------------------------------
| rollout/                |             |
|    ep_len_mean          | 5e+03       |
|    ep_rew_mean          | -76.2       |
| time/                   |             |
|    fps                  | 7           |
|    iterations           | 363         |
|    time_elapsed         | 10019       |
|    total_timesteps      | 72600       |
| train/                  |             |
|    approx_kl            | 0.005758756 |
|    clip_fraction        | 0.0379      |
|    clip_range           | 0.2         |
|    entropy_loss         | -1.17       |
|    explained_variance   | 0.451       |
|    learning_rate        | 0.0003      |
|    loss                 | 0.02        |
|    n_updates            | 3620        |
|    policy_gradient_loss | -0.00235    |
|    std                  | 0.774       |
|    value_loss           | 0.000154    |
-----------------------------------------
------------------------------------------
| rollout/                |              |
|    ep_len_mean          | 5e+03        |
|    ep_rew_mean          | -76.2        |
| time/                   |              |
|    fps                  | 7            |
|    iterations           | 364          |
|    time_elapsed         | 10048        |
|    total_timesteps      | 72800        |
| train/                  |              |
|    approx_kl            | 0.0038041028 |
|    clip_fraction        | 0.00352      |
|    clip_range           | 0.2          |
|    entropy_loss         | -1.16        |
|    explained_variance   | 0.0825       |
|    learning_rate        | 0.0003       |
|    loss                 | -0.0107      |
|    n_updates            | 3630         |
|    policy_gradient_loss | -0.0001      |
|    std                  | 0.771        |
|    value_loss           | 9.38e-05     |
------------------------------------------
------------------------------------------
| rollout/                |              |
|    ep_len_mean          | 5e+03        |
|    ep_rew_mean          | -76.2        |
| time/                   |              |
|    fps                  | 7            |
|    iterations           | 365          |
|    time_elapsed         | 10077        |
|    total_timesteps      | 73000        |
| train/                  |              |
|    approx_kl            | 0.0041770125 |
|    clip_fraction        | 0.0855       |
|    clip_range           | 0.2          |
|    entropy_loss         | -1.16        |
|    explained_variance   | 0.803        |
|    learning_rate        | 0.0003       |
|    loss                 | -0.000189    |
|    n_updates            | 3640         |
|    policy_gradient_loss | -0.0103      |
|    std                  | 0.768        |
|    value_loss           | 8.78e-05     |
------------------------------------------
------------------------------------------
| rollout/                |              |
|    ep_len_mean          | 5e+03        |
|    ep_rew_mean          | -76.2        |
| time/                   |              |
|    fps                  | 7            |
|    iterations           | 366          |
|    time_elapsed         | 10105        |
|    total_timesteps      | 73200        |
| train/                  |              |
|    approx_kl            | 0.0036310153 |
|    clip_fraction        | 0.0285       |
|    clip_range           | 0.2          |
|    entropy_loss         | -1.15        |
|    explained_variance   | 0.401        |
|    learning_rate        | 0.0003       |
|    loss                 | 0.00335      |
|    n_updates            | 3650         |
|    policy_gradient_loss | -0.00283     |
|    std                  | 0.766        |
|    value_loss           | 5.63e-05     |
------------------------------------------
------------------------------------------
| rollout/                |              |
|    ep_len_mean          | 5e+03        |
|    ep_rew_mean          | -76.2        |
| time/                   |              |
|    fps                  | 7            |
|    iterations           | 367          |
|    time_elapsed         | 10134        |
|    total_timesteps      | 73400        |
| train/                  |              |
|    approx_kl            | 0.0068916203 |
|    clip_fraction        | 0.0867       |
|    clip_range           | 0.2          |
|    entropy_loss         | -1.15        |
|    explained_variance   | -0.102       |
|    learning_rate        | 0.0003       |
|    loss                 | 0.0191       |
|    n_updates            | 3660         |
|    policy_gradient_loss | -0.00454     |
|    std                  | 0.765        |
|    value_loss           | 0.000267     |
------------------------------------------
------------------------------------------
| rollout/                |              |
|    ep_len_mean          | 5e+03        |
|    ep_rew_mean          | -76.2        |
| time/                   |              |
|    fps                  | 7            |
|    iterations           | 368          |
|    time_elapsed         | 10163        |
|    total_timesteps      | 73600        |
| train/                  |              |
|    approx_kl            | 0.0023751336 |
|    clip_fraction        | 0.0437       |
|    clip_range           | 0.2          |
|    entropy_loss         | -1.15        |
|    explained_variance   | 0.756        |
|    learning_rate        | 0.0003       |
|    loss                 | -0.0276      |
|    n_updates            | 3670         |
|    policy_gradient_loss | -0.00355     |
|    std                  | 0.766        |
|    value_loss           | 6.62e-05     |
------------------------------------------
-----------------------------------------
| rollout/                |             |
|    ep_len_mean          | 5e+03       |
|    ep_rew_mean          | -76.2       |
| time/                   |             |
|    fps                  | 7           |
|    iterations           | 369         |
|    time_elapsed         | 10192       |
|    total_timesteps      | 73800       |
| train/                  |             |
|    approx_kl            | 0.005251118 |
|    clip_fraction        | 0.075       |
|    clip_range           | 0.2         |
|    entropy_loss         | -1.16       |
|    explained_variance   | 0.706       |
|    learning_rate        | 0.0003      |
|    loss                 | -0.0235     |
|    n_updates            | 3680        |
|    policy_gradient_loss | -0.00575    |
|    std                  | 0.771       |
|    value_loss           | 0.000134    |
-----------------------------------------
------------------------------------------
| rollout/                |              |
|    ep_len_mean          | 5e+03        |
|    ep_rew_mean          | -76.2        |
| time/                   |              |
|    fps                  | 7            |
|    iterations           | 370          |
|    time_elapsed         | 10221        |
|    total_timesteps      | 74000        |
| train/                  |              |
|    approx_kl            | 0.0045123845 |
|    clip_fraction        | 0.118        |
|    clip_range           | 0.2          |
|    entropy_loss         | -1.16        |
|    explained_variance   | 0.387        |
|    learning_rate        | 0.0003       |
|    loss                 | -0.0531      |
|    n_updates            | 3690         |
|    policy_gradient_loss | -0.0119      |
|    std                  | 0.771        |
|    value_loss           | 0.00013      |
------------------------------------------
------------------------------------------
| rollout/                |              |
|    ep_len_mean          | 5e+03        |
|    ep_rew_mean          | -76.2        |
| time/                   |              |
|    fps                  | 7            |
|    iterations           | 371          |
|    time_elapsed         | 10249        |
|    total_timesteps      | 74200        |
| train/                  |              |
|    approx_kl            | 0.0024446456 |
|    clip_fraction        | 0.0141       |
|    clip_range           | 0.2          |
|    entropy_loss         | -1.16        |
|    explained_variance   | -1.69        |
|    learning_rate        | 0.0003       |
|    loss                 | 0.00954      |
|    n_updates            | 3700         |
|    policy_gradient_loss | -0.00205     |
|    std                  | 0.768        |
|    value_loss           | 0.000153     |
------------------------------------------
------------------------------------------
| rollout/                |              |
|    ep_len_mean          | 5e+03        |
|    ep_rew_mean          | -76.2        |
| time/                   |              |
|    fps                  | 7            |
|    iterations           | 372          |
|    time_elapsed         | 10278        |
|    total_timesteps      | 74400        |
| train/                  |              |
|    approx_kl            | 0.0026072774 |
|    clip_fraction        | 0.0277       |
|    clip_range           | 0.2          |
|    entropy_loss         | -1.15        |
|    explained_variance   | 0.737        |
|    learning_rate        | 0.0003       |
|    loss                 | -0.0105      |
|    n_updates            | 3710         |
|    policy_gradient_loss | -0.00179     |
|    std                  | 0.767        |
|    value_loss           | 0.000157     |
------------------------------------------
-----------------------------------------
| rollout/                |             |
|    ep_len_mean          | 5e+03       |
|    ep_rew_mean          | -76.2       |
| time/                   |             |
|    fps                  | 7           |
|    iterations           | 373         |
|    time_elapsed         | 10307       |
|    total_timesteps      | 74600       |
| train/                  |             |
|    approx_kl            | 0.011480729 |
|    clip_fraction        | 0.0859      |
|    clip_range           | 0.2         |
|    entropy_loss         | -1.15       |
|    explained_variance   | 0.239       |
|    learning_rate        | 0.0003      |
|    loss                 | -0.0159     |
|    n_updates            | 3720        |
|    policy_gradient_loss | -0.00209    |
|    std                  | 0.767       |
|    value_loss           | 0.000152    |
-----------------------------------------
------------------------------------------
| rollout/                |              |
|    ep_len_mean          | 5e+03        |
|    ep_rew_mean          | -76.2        |
| time/                   |              |
|    fps                  | 7            |
|    iterations           | 374          |
|    time_elapsed         | 10336        |
|    total_timesteps      | 74800        |
| train/                  |              |
|    approx_kl            | 0.0015699584 |
|    clip_fraction        | 0.018        |
|    clip_range           | 0.2          |
|    entropy_loss         | -1.15        |
|    explained_variance   | 0.116        |
|    learning_rate        | 0.0003       |
|    loss                 | 0.00246      |
|    n_updates            | 3730         |
|    policy_gradient_loss | -0.00164     |
|    std                  | 0.768        |
|    value_loss           | 0.00018      |
------------------------------------------
-----------------------------------------
| rollout/                |             |
|    ep_len_mean          | 5e+03       |
|    ep_rew_mean          | -76.2       |
| time/                   |             |
|    fps                  | 7           |
|    iterations           | 375         |
|    time_elapsed         | 10365       |
|    total_timesteps      | 75000       |
| train/                  |             |
|    approx_kl            | 0.009785293 |
|    clip_fraction        | 0.0957      |
|    clip_range           | 0.2         |
|    entropy_loss         | -1.16       |
|    explained_variance   | 0.751       |
|    learning_rate        | 0.0003      |
|    loss                 | 0.0226      |
|    n_updates            | 3740        |
|    policy_gradient_loss | -0.00292    |
|    std                  | 0.767       |
|    value_loss           | 0.000194    |
-----------------------------------------
-----------------------------------------
| rollout/                |             |
|    ep_len_mean          | 5e+03       |
|    ep_rew_mean          | -76.1       |
| time/                   |             |
|    fps                  | 7           |
|    iterations           | 376         |
|    time_elapsed         | 10393       |
|    total_timesteps      | 75200       |
| train/                  |             |
|    approx_kl            | 0.008123267 |
|    clip_fraction        | 0.124       |
|    clip_range           | 0.2         |
|    entropy_loss         | -1.16       |
|    explained_variance   | 0.509       |
|    learning_rate        | 0.0003      |
|    loss                 | -0.0352     |
|    n_updates            | 3750        |
|    policy_gradient_loss | -0.00951    |
|    std                  | 0.774       |
|    value_loss           | 0.000117    |
-----------------------------------------
-----------------------------------------
| rollout/                |             |
|    ep_len_mean          | 5e+03       |
|    ep_rew_mean          | -76.1       |
| time/                   |             |
|    fps                  | 7           |
|    iterations           | 377         |
|    time_elapsed         | 10421       |
|    total_timesteps      | 75400       |
| train/                  |             |
|    approx_kl            | 0.012366151 |
|    clip_fraction        | 0.118       |
|    clip_range           | 0.2         |
|    entropy_loss         | -1.16       |
|    explained_variance   | -1.38       |
|    learning_rate        | 0.0003      |
|    loss                 | -0.0315     |
|    n_updates            | 3760        |
|    policy_gradient_loss | -0.0129     |
|    std                  | 0.773       |
|    value_loss           | 0.000641    |
-----------------------------------------
-----------------------------------------
| rollout/                |             |
|    ep_len_mean          | 5e+03       |
|    ep_rew_mean          | -76.1       |
| time/                   |             |
|    fps                  | 7           |
|    iterations           | 378         |
|    time_elapsed         | 10450       |
|    total_timesteps      | 75600       |
| train/                  |             |
|    approx_kl            | 0.003476946 |
|    clip_fraction        | 0.0609      |
|    clip_range           | 0.2         |
|    entropy_loss         | -1.16       |
|    explained_variance   | -2.43       |
|    learning_rate        | 0.0003      |
|    loss                 | -0.0169     |
|    n_updates            | 3770        |
|    policy_gradient_loss | -0.00436    |
|    std                  | 0.774       |
|    value_loss           | 0.000479    |
-----------------------------------------
-----------------------------------------
| rollout/                |             |
|    ep_len_mean          | 5e+03       |
|    ep_rew_mean          | -76.1       |
| time/                   |             |
|    fps                  | 7           |
|    iterations           | 379         |
|    time_elapsed         | 10479       |
|    total_timesteps      | 75800       |
| train/                  |             |
|    approx_kl            | 0.004798852 |
|    clip_fraction        | 0.00391     |
|    clip_range           | 0.2         |
|    entropy_loss         | -1.16       |
|    explained_variance   | 0.577       |
|    learning_rate        | 0.0003      |
|    loss                 | -0.0203     |
|    n_updates            | 3780        |
|    policy_gradient_loss | -0.00159    |
|    std                  | 0.772       |
|    value_loss           | 0.000196    |
-----------------------------------------
------------------------------------------
| rollout/                |              |
|    ep_len_mean          | 5e+03        |
|    ep_rew_mean          | -76.1        |
| time/                   |              |
|    fps                  | 7            |
|    iterations           | 380          |
|    time_elapsed         | 10508        |
|    total_timesteps      | 76000        |
| train/                  |              |
|    approx_kl            | 0.0029728045 |
|    clip_fraction        | 0.0336       |
|    clip_range           | 0.2          |
|    entropy_loss         | -1.16        |
|    explained_variance   | 0.807        |
|    learning_rate        | 0.0003       |
|    loss                 | -0.0153      |
|    n_updates            | 3790         |
|    policy_gradient_loss | -0.00334     |
|    std                  | 0.77         |
|    value_loss           | 4.51e-05     |
------------------------------------------
-----------------------------------------
| rollout/                |             |
|    ep_len_mean          | 5e+03       |
|    ep_rew_mean          | -76.1       |
| time/                   |             |
|    fps                  | 7           |
|    iterations           | 381         |
|    time_elapsed         | 10536       |
|    total_timesteps      | 76200       |
| train/                  |             |
|    approx_kl            | 0.006690581 |
|    clip_fraction        | 0.14        |
|    clip_range           | 0.2         |
|    entropy_loss         | -1.16       |
|    explained_variance   | 0.443       |
|    learning_rate        | 0.0003      |
|    loss                 | 0.058       |
|    n_updates            | 3800        |
|    policy_gradient_loss | -0.00413    |
|    std                  | 0.77        |
|    value_loss           | 7.99e-05    |
-----------------------------------------
------------------------------------------
| rollout/                |              |
|    ep_len_mean          | 5e+03        |
|    ep_rew_mean          | -76.1        |
| time/                   |              |
|    fps                  | 7            |
|    iterations           | 382          |
|    time_elapsed         | 10565        |
|    total_timesteps      | 76400        |
| train/                  |              |
|    approx_kl            | 0.0064281365 |
|    clip_fraction        | 0.0293       |
|    clip_range           | 0.2          |
|    entropy_loss         | -1.16        |
|    explained_variance   | -0.365       |
|    learning_rate        | 0.0003       |
|    loss                 | -0.014       |
|    n_updates            | 3810         |
|    policy_gradient_loss | -0.00319     |
|    std                  | 0.766        |
|    value_loss           | 0.000136     |
------------------------------------------
------------------------------------------
| rollout/                |              |
|    ep_len_mean          | 5e+03        |
|    ep_rew_mean          | -76.1        |
| time/                   |              |
|    fps                  | 7            |
|    iterations           | 383          |
|    time_elapsed         | 10594        |
|    total_timesteps      | 76600        |
| train/                  |              |
|    approx_kl            | 0.0012995147 |
|    clip_fraction        | 0.00273      |
|    clip_range           | 0.2          |
|    entropy_loss         | -1.15        |
|    explained_variance   | 0.763        |
|    learning_rate        | 0.0003       |
|    loss                 | -0.00355     |
|    n_updates            | 3820         |
|    policy_gradient_loss | -0.000513    |
|    std                  | 0.76         |
|    value_loss           | 7.5e-05      |
------------------------------------------
------------------------------------------
| rollout/                |              |
|    ep_len_mean          | 5e+03        |
|    ep_rew_mean          | -76.1        |
| time/                   |              |
|    fps                  | 7            |
|    iterations           | 384          |
|    time_elapsed         | 10623        |
|    total_timesteps      | 76800        |
| train/                  |              |
|    approx_kl            | 0.0021794431 |
|    clip_fraction        | 0.0254       |
|    clip_range           | 0.2          |
|    entropy_loss         | -1.14        |
|    explained_variance   | 0.602        |
|    learning_rate        | 0.0003       |
|    loss                 | -0.0127      |
|    n_updates            | 3830         |
|    policy_gradient_loss | -0.00303     |
|    std                  | 0.757        |
|    value_loss           | 4.29e-05     |
------------------------------------------
-----------------------------------------
| rollout/                |             |
|    ep_len_mean          | 5e+03       |
|    ep_rew_mean          | -76.1       |
| time/                   |             |
|    fps                  | 7           |
|    iterations           | 385         |
|    time_elapsed         | 10652       |
|    total_timesteps      | 77000       |
| train/                  |             |
|    approx_kl            | 0.006432927 |
|    clip_fraction        | 0.041       |
|    clip_range           | 0.2         |
|    entropy_loss         | -1.14       |
|    explained_variance   | -0.00385    |
|    learning_rate        | 0.0003      |
|    loss                 | 0.000377    |
|    n_updates            | 3840        |
|    policy_gradient_loss | -0.00624    |
|    std                  | 0.754       |
|    value_loss           | 0.000141    |
-----------------------------------------
-----------------------------------------
| rollout/                |             |
|    ep_len_mean          | 5e+03       |
|    ep_rew_mean          | -76.1       |
| time/                   |             |
|    fps                  | 7           |
|    iterations           | 386         |
|    time_elapsed         | 10680       |
|    total_timesteps      | 77200       |
| train/                  |             |
|    approx_kl            | 0.004812596 |
|    clip_fraction        | 0.0598      |
|    clip_range           | 0.2         |
|    entropy_loss         | -1.13       |
|    explained_variance   | 0.785       |
|    learning_rate        | 0.0003      |
|    loss                 | -0.0285     |
|    n_updates            | 3850        |
|    policy_gradient_loss | -0.0108     |
|    std                  | 0.75        |
|    value_loss           | 7.31e-05    |
-----------------------------------------
-----------------------------------------
| rollout/                |             |
|    ep_len_mean          | 5e+03       |
|    ep_rew_mean          | -76.1       |
| time/                   |             |
|    fps                  | 7           |
|    iterations           | 387         |
|    time_elapsed         | 10709       |
|    total_timesteps      | 77400       |
| train/                  |             |
|    approx_kl            | 0.009487032 |
|    clip_fraction        | 0.127       |
|    clip_range           | 0.2         |
|    entropy_loss         | -1.13       |
|    explained_variance   | 0.207       |
|    learning_rate        | 0.0003      |
|    loss                 | -0.0338     |
|    n_updates            | 3860        |
|    policy_gradient_loss | -0.00999    |
|    std                  | 0.751       |
|    value_loss           | 0.000157    |
-----------------------------------------
------------------------------------------
| rollout/                |              |
|    ep_len_mean          | 5e+03        |
|    ep_rew_mean          | -76.1        |
| time/                   |              |
|    fps                  | 7            |
|    iterations           | 388          |
|    time_elapsed         | 10738        |
|    total_timesteps      | 77600        |
| train/                  |              |
|    approx_kl            | 0.0013687792 |
|    clip_fraction        | 0.00117      |
|    clip_range           | 0.2          |
|    entropy_loss         | -1.13        |
|    explained_variance   | 0.44         |
|    learning_rate        | 0.0003       |
|    loss                 | -0.0051      |
|    n_updates            | 3870         |
|    policy_gradient_loss | -0.00148     |
|    std                  | 0.752        |
|    value_loss           | 0.000118     |
------------------------------------------
-----------------------------------------
| rollout/                |             |
|    ep_len_mean          | 5e+03       |
|    ep_rew_mean          | -76.1       |
| time/                   |             |
|    fps                  | 7           |
|    iterations           | 389         |
|    time_elapsed         | 10767       |
|    total_timesteps      | 77800       |
| train/                  |             |
|    approx_kl            | 0.003876922 |
|    clip_fraction        | 0.0773      |
|    clip_range           | 0.2         |
|    entropy_loss         | -1.14       |
|    explained_variance   | -0.292      |
|    learning_rate        | 0.0003      |
|    loss                 | -0.0181     |
|    n_updates            | 3880        |
|    policy_gradient_loss | -0.00135    |
|    std                  | 0.757       |
|    value_loss           | 0.000191    |
-----------------------------------------
------------------------------------------
| rollout/                |              |
|    ep_len_mean          | 5e+03        |
|    ep_rew_mean          | -76.1        |
| time/                   |              |
|    fps                  | 7            |
|    iterations           | 390          |
|    time_elapsed         | 10796        |
|    total_timesteps      | 78000        |
| train/                  |              |
|    approx_kl            | 0.0007832006 |
|    clip_fraction        | 0.034        |
|    clip_range           | 0.2          |
|    entropy_loss         | -1.14        |
|    explained_variance   | 0.764        |
|    learning_rate        | 0.0003       |
|    loss                 | 0.000486     |
|    n_updates            | 3890         |
|    policy_gradient_loss | -0.00473     |
|    std                  | 0.757        |
|    value_loss           | 0.000124     |
------------------------------------------
------------------------------------------
| rollout/                |              |
|    ep_len_mean          | 5e+03        |
|    ep_rew_mean          | -76.1        |
| time/                   |              |
|    fps                  | 7            |
|    iterations           | 391          |
|    time_elapsed         | 10824        |
|    total_timesteps      | 78200        |
| train/                  |              |
|    approx_kl            | 0.0023234305 |
|    clip_fraction        | 0.0102       |
|    clip_range           | 0.2          |
|    entropy_loss         | -1.14        |
|    explained_variance   | 0.469        |
|    learning_rate        | 0.0003       |
|    loss                 | 0.0359       |
|    n_updates            | 3900         |
|    policy_gradient_loss | 0.000217     |
|    std                  | 0.761        |
|    value_loss           | 0.000143     |
------------------------------------------
-----------------------------------------
| rollout/                |             |
|    ep_len_mean          | 5e+03       |
|    ep_rew_mean          | -76.1       |
| time/                   |             |
|    fps                  | 7           |
|    iterations           | 392         |
|    time_elapsed         | 10853       |
|    total_timesteps      | 78400       |
| train/                  |             |
|    approx_kl            | 0.012335157 |
|    clip_fraction        | 0.114       |
|    clip_range           | 0.2         |
|    entropy_loss         | -1.15       |
|    explained_variance   | -0.263      |
|    learning_rate        | 0.0003      |
|    loss                 | 0.0282      |
|    n_updates            | 3910        |
|    policy_gradient_loss | -0.0103     |
|    std                  | 0.763       |
|    value_loss           | 0.000212    |
-----------------------------------------
------------------------------------------
| rollout/                |              |
|    ep_len_mean          | 5e+03        |
|    ep_rew_mean          | -76.1        |
| time/                   |              |
|    fps                  | 7            |
|    iterations           | 393          |
|    time_elapsed         | 10882        |
|    total_timesteps      | 78600        |
| train/                  |              |
|    approx_kl            | 0.0018476262 |
|    clip_fraction        | 0.0414       |
|    clip_range           | 0.2          |
|    entropy_loss         | -1.15        |
|    explained_variance   | 0.61         |
|    learning_rate        | 0.0003       |
|    loss                 | 0.00439      |
|    n_updates            | 3920         |
|    policy_gradient_loss | -0.00431     |
|    std                  | 0.763        |
|    value_loss           | 0.000121     |
------------------------------------------
-----------------------------------------
| rollout/                |             |
|    ep_len_mean          | 5e+03       |
|    ep_rew_mean          | -76.1       |
| time/                   |             |
|    fps                  | 7           |
|    iterations           | 394         |
|    time_elapsed         | 10911       |
|    total_timesteps      | 78800       |
| train/                  |             |
|    approx_kl            | 0.010348153 |
|    clip_fraction        | 0.147       |
|    clip_range           | 0.2         |
|    entropy_loss         | -1.15       |
|    explained_variance   | 0.498       |
|    learning_rate        | 0.0003      |
|    loss                 | -0.0475     |
|    n_updates            | 3930        |
|    policy_gradient_loss | -0.021      |
|    std                  | 0.76        |
|    value_loss           | 0.000128    |
-----------------------------------------
-----------------------------------------
| rollout/                |             |
|    ep_len_mean          | 5e+03       |
|    ep_rew_mean          | -76.1       |
| time/                   |             |
|    fps                  | 7           |
|    iterations           | 395         |
|    time_elapsed         | 10939       |
|    total_timesteps      | 79000       |
| train/                  |             |
|    approx_kl            | 0.007689596 |
|    clip_fraction        | 0.0371      |
|    clip_range           | 0.2         |
|    entropy_loss         | -1.14       |
|    explained_variance   | 0.335       |
|    learning_rate        | 0.0003      |
|    loss                 | -0.0641     |
|    n_updates            | 3940        |
|    policy_gradient_loss | -0.00554    |
|    std                  | 0.76        |
|    value_loss           | 0.000156    |
-----------------------------------------
------------------------------------------
| rollout/                |              |
|    ep_len_mean          | 5e+03        |
|    ep_rew_mean          | -76.1        |
| time/                   |              |
|    fps                  | 7            |
|    iterations           | 396          |
|    time_elapsed         | 10968        |
|    total_timesteps      | 79200        |
| train/                  |              |
|    approx_kl            | 0.0049938327 |
|    clip_fraction        | 0.0598       |
|    clip_range           | 0.2          |
|    entropy_loss         | -1.14        |
|    explained_variance   | -0.958       |
|    learning_rate        | 0.0003       |
|    loss                 | -0.00194     |
|    n_updates            | 3950         |
|    policy_gradient_loss | -0.00406     |
|    std                  | 0.759        |
|    value_loss           | 0.000143     |
------------------------------------------
------------------------------------------
| rollout/                |              |
|    ep_len_mean          | 5e+03        |
|    ep_rew_mean          | -76.1        |
| time/                   |              |
|    fps                  | 7            |
|    iterations           | 397          |
|    time_elapsed         | 10997        |
|    total_timesteps      | 79400        |
| train/                  |              |
|    approx_kl            | 0.0029834912 |
|    clip_fraction        | 0.0523       |
|    clip_range           | 0.2          |
|    entropy_loss         | -1.15        |
|    explained_variance   | 0.81         |
|    learning_rate        | 0.0003       |
|    loss                 | -0.00901     |
|    n_updates            | 3960         |
|    policy_gradient_loss | -0.00503     |
|    std                  | 0.765        |
|    value_loss           | 0.000157     |
------------------------------------------
-----------------------------------------
| rollout/                |             |
|    ep_len_mean          | 5e+03       |
|    ep_rew_mean          | -76.1       |
| time/                   |             |
|    fps                  | 7           |
|    iterations           | 398         |
|    time_elapsed         | 11026       |
|    total_timesteps      | 79600       |
| train/                  |             |
|    approx_kl            | 0.008652993 |
|    clip_fraction        | 0.0492      |
|    clip_range           | 0.2         |
|    entropy_loss         | -1.15       |
|    explained_variance   | 0.353       |
|    learning_rate        | 0.0003      |
|    loss                 | -0.00721    |
|    n_updates            | 3970        |
|    policy_gradient_loss | -0.00771    |
|    std                  | 0.768       |
|    value_loss           | 0.000171    |
-----------------------------------------
------------------------------------------
| rollout/                |              |
|    ep_len_mean          | 5e+03        |
|    ep_rew_mean          | -76.1        |
| time/                   |              |
|    fps                  | 7            |
|    iterations           | 399          |
|    time_elapsed         | 11055        |
|    total_timesteps      | 79800        |
| train/                  |              |
|    approx_kl            | 0.0054366747 |
|    clip_fraction        | 0.0652       |
|    clip_range           | 0.2          |
|    entropy_loss         | -1.16        |
|    explained_variance   | -0.762       |
|    learning_rate        | 0.0003       |
|    loss                 | -0.00859     |
|    n_updates            | 3980         |
|    policy_gradient_loss | -0.00631     |
|    std                  | 0.77         |
|    value_loss           | 0.000179     |
------------------------------------------
------------------------------------------
| rollout/                |              |
|    ep_len_mean          | 5e+03        |
|    ep_rew_mean          | -76.1        |
| time/                   |              |
|    fps                  | 7            |
|    iterations           | 400          |
|    time_elapsed         | 11083        |
|    total_timesteps      | 80000        |
| train/                  |              |
|    approx_kl            | 0.0021560704 |
|    clip_fraction        | 0.0109       |
|    clip_range           | 0.2          |
|    entropy_loss         | -1.16        |
|    explained_variance   | 0.476        |
|    learning_rate        | 0.0003       |
|    loss                 | 0.00657      |
|    n_updates            | 3990         |
|    policy_gradient_loss | 0.000516     |
|    std                  | 0.766        |
|    value_loss           | 0.000184     |
------------------------------------------
------------------------------------------
| rollout/                |              |
|    ep_len_mean          | 5e+03        |
|    ep_rew_mean          | -75.9        |
| time/                   |              |
|    fps                  | 7            |
|    iterations           | 401          |
|    time_elapsed         | 11112        |
|    total_timesteps      | 80200        |
| train/                  |              |
|    approx_kl            | 0.0010375816 |
|    clip_fraction        | 0.0285       |
|    clip_range           | 0.2          |
|    entropy_loss         | -1.15        |
|    explained_variance   | 0.622        |
|    learning_rate        | 0.0003       |
|    loss                 | -0.03        |
|    n_updates            | 4000         |
|    policy_gradient_loss | -0.00176     |
|    std                  | 0.764        |
|    value_loss           | 0.000138     |
------------------------------------------
-----------------------------------------
| rollout/                |             |
|    ep_len_mean          | 5e+03       |
|    ep_rew_mean          | -75.9       |
| time/                   |             |
|    fps                  | 7           |
|    iterations           | 402         |
|    time_elapsed         | 11141       |
|    total_timesteps      | 80400       |
| train/                  |             |
|    approx_kl            | 0.003646783 |
|    clip_fraction        | 0.00781     |
|    clip_range           | 0.2         |
|    entropy_loss         | -1.15       |
|    explained_variance   | -5.56       |
|    learning_rate        | 0.0003      |
|    loss                 | 0.0271      |
|    n_updates            | 4010        |
|    policy_gradient_loss | -0.00264    |
|    std                  | 0.759       |
|    value_loss           | 0.000225    |
-----------------------------------------
-----------------------------------------
| rollout/                |             |
|    ep_len_mean          | 5e+03       |
|    ep_rew_mean          | -75.9       |
| time/                   |             |
|    fps                  | 7           |
|    iterations           | 403         |
|    time_elapsed         | 11170       |
|    total_timesteps      | 80600       |
| train/                  |             |
|    approx_kl            | 0.006713674 |
|    clip_fraction        | 0.0422      |
|    clip_range           | 0.2         |
|    entropy_loss         | -1.14       |
|    explained_variance   | 0.212       |
|    learning_rate        | 0.0003      |
|    loss                 | -0.0247     |
|    n_updates            | 4020        |
|    policy_gradient_loss | -0.00085    |
|    std                  | 0.76        |
|    value_loss           | 0.000195    |
-----------------------------------------
------------------------------------------
| rollout/                |              |
|    ep_len_mean          | 5e+03        |
|    ep_rew_mean          | -75.9        |
| time/                   |              |
|    fps                  | 7            |
|    iterations           | 404          |
|    time_elapsed         | 11199        |
|    total_timesteps      | 80800        |
| train/                  |              |
|    approx_kl            | 0.0061470037 |
|    clip_fraction        | 0.0445       |
|    clip_range           | 0.2          |
|    entropy_loss         | -1.15        |
|    explained_variance   | 0.269        |
|    learning_rate        | 0.0003       |
|    loss                 | -0.0285      |
|    n_updates            | 4030         |
|    policy_gradient_loss | -0.00269     |
|    std                  | 0.762        |
|    value_loss           | 0.000214     |
------------------------------------------
------------------------------------------
| rollout/                |              |
|    ep_len_mean          | 5e+03        |
|    ep_rew_mean          | -75.9        |
| time/                   |              |
|    fps                  | 7            |
|    iterations           | 405          |
|    time_elapsed         | 11227        |
|    total_timesteps      | 81000        |
| train/                  |              |
|    approx_kl            | 0.0020611268 |
|    clip_fraction        | 0.00625      |
|    clip_range           | 0.2          |
|    entropy_loss         | -1.15        |
|    explained_variance   | 0.701        |
|    learning_rate        | 0.0003       |
|    loss                 | -0.0185      |
|    n_updates            | 4040         |
|    policy_gradient_loss | -0.00168     |
|    std                  | 0.764        |
|    value_loss           | 0.000112     |
------------------------------------------
-----------------------------------------
| rollout/                |             |
|    ep_len_mean          | 5e+03       |
|    ep_rew_mean          | -75.9       |
| time/                   |             |
|    fps                  | 7           |
|    iterations           | 406         |
|    time_elapsed         | 11256       |
|    total_timesteps      | 81200       |
| train/                  |             |
|    approx_kl            | 0.004045562 |
|    clip_fraction        | 0.0629      |
|    clip_range           | 0.2         |
|    entropy_loss         | -1.15       |
|    explained_variance   | 0.457       |
|    learning_rate        | 0.0003      |
|    loss                 | 0.0025      |
|    n_updates            | 4050        |
|    policy_gradient_loss | -0.00505    |
|    std                  | 0.761       |
|    value_loss           | 0.000105    |
-----------------------------------------
-----------------------------------------
| rollout/                |             |
|    ep_len_mean          | 5e+03       |
|    ep_rew_mean          | -75.9       |
| time/                   |             |
|    fps                  | 7           |
|    iterations           | 407         |
|    time_elapsed         | 11285       |
|    total_timesteps      | 81400       |
| train/                  |             |
|    approx_kl            | 0.005817012 |
|    clip_fraction        | 0.0805      |
|    clip_range           | 0.2         |
|    entropy_loss         | -1.15       |
|    explained_variance   | -0.068      |
|    learning_rate        | 0.0003      |
|    loss                 | 0.0145      |
|    n_updates            | 4060        |
|    policy_gradient_loss | -0.00163    |
|    std                  | 0.761       |
|    value_loss           | 0.000187    |
-----------------------------------------
-----------------------------------------
| rollout/                |             |
|    ep_len_mean          | 5e+03       |
|    ep_rew_mean          | -75.9       |
| time/                   |             |
|    fps                  | 7           |
|    iterations           | 408         |
|    time_elapsed         | 11314       |
|    total_timesteps      | 81600       |
| train/                  |             |
|    approx_kl            | 0.006257099 |
|    clip_fraction        | 0.0496      |
|    clip_range           | 0.2         |
|    entropy_loss         | -1.15       |
|    explained_variance   | 0.832       |
|    learning_rate        | 0.0003      |
|    loss                 | 0.0431      |
|    n_updates            | 4070        |
|    policy_gradient_loss | -0.00445    |
|    std                  | 0.761       |
|    value_loss           | 9.39e-05    |
-----------------------------------------
------------------------------------------
| rollout/                |              |
|    ep_len_mean          | 5e+03        |
|    ep_rew_mean          | -75.9        |
| time/                   |              |
|    fps                  | 7            |
|    iterations           | 409          |
|    time_elapsed         | 11343        |
|    total_timesteps      | 81800        |
| train/                  |              |
|    approx_kl            | 0.0028849856 |
|    clip_fraction        | 0.00469      |
|    clip_range           | 0.2          |
|    entropy_loss         | -1.15        |
|    explained_variance   | 0.256        |
|    learning_rate        | 0.0003       |
|    loss                 | 0.0171       |
|    n_updates            | 4080         |
|    policy_gradient_loss | -0.00324     |
|    std                  | 0.764        |
|    value_loss           | 0.000157     |
------------------------------------------
------------------------------------------
| rollout/                |              |
|    ep_len_mean          | 5e+03        |
|    ep_rew_mean          | -75.9        |
| time/                   |              |
|    fps                  | 7            |
|    iterations           | 410          |
|    time_elapsed         | 11371        |
|    total_timesteps      | 82000        |
| train/                  |              |
|    approx_kl            | 0.0048285564 |
|    clip_fraction        | 0.0668       |
|    clip_range           | 0.2          |
|    entropy_loss         | -1.15        |
|    explained_variance   | 0.403        |
|    learning_rate        | 0.0003       |
|    loss                 | 0.031        |
|    n_updates            | 4090         |
|    policy_gradient_loss | -0.00603     |
|    std                  | 0.762        |
|    value_loss           | 0.000315     |
------------------------------------------
-----------------------------------------
| rollout/                |             |
|    ep_len_mean          | 5e+03       |
|    ep_rew_mean          | -75.9       |
| time/                   |             |
|    fps                  | 7           |
|    iterations           | 411         |
|    time_elapsed         | 11400       |
|    total_timesteps      | 82200       |
| train/                  |             |
|    approx_kl            | 0.003536596 |
|    clip_fraction        | 0.034       |
|    clip_range           | 0.2         |
|    entropy_loss         | -1.14       |
|    explained_variance   | -0.0342     |
|    learning_rate        | 0.0003      |
|    loss                 | 0.0265      |
|    n_updates            | 4100        |
|    policy_gradient_loss | -0.00344    |
|    std                  | 0.758       |
|    value_loss           | 0.00013     |
-----------------------------------------
------------------------------------------
| rollout/                |              |
|    ep_len_mean          | 5e+03        |
|    ep_rew_mean          | -75.9        |
| time/                   |              |
|    fps                  | 7            |
|    iterations           | 412          |
|    time_elapsed         | 11429        |
|    total_timesteps      | 82400        |
| train/                  |              |
|    approx_kl            | 0.0010367951 |
|    clip_fraction        | 0.00977      |
|    clip_range           | 0.2          |
|    entropy_loss         | -1.14        |
|    explained_variance   | 0.737        |
|    learning_rate        | 0.0003       |
|    loss                 | 0.00875      |
|    n_updates            | 4110         |
|    policy_gradient_loss | 0.000615     |
|    std                  | 0.76         |
|    value_loss           | 0.000119     |
------------------------------------------
-----------------------------------------
| rollout/                |             |
|    ep_len_mean          | 5e+03       |
|    ep_rew_mean          | -75.9       |
| time/                   |             |
|    fps                  | 7           |
|    iterations           | 413         |
|    time_elapsed         | 11458       |
|    total_timesteps      | 82600       |
| train/                  |             |
|    approx_kl            | 0.005638986 |
|    clip_fraction        | 0.0688      |
|    clip_range           | 0.2         |
|    entropy_loss         | -1.14       |
|    explained_variance   | 0.334       |
|    learning_rate        | 0.0003      |
|    loss                 | 0.013       |
|    n_updates            | 4120        |
|    policy_gradient_loss | -0.00703    |
|    std                  | 0.757       |
|    value_loss           | 0.000157    |
-----------------------------------------
-----------------------------------------
| rollout/                |             |
|    ep_len_mean          | 5e+03       |
|    ep_rew_mean          | -75.9       |
| time/                   |             |
|    fps                  | 7           |
|    iterations           | 414         |
|    time_elapsed         | 11486       |
|    total_timesteps      | 82800       |
| train/                  |             |
|    approx_kl            | 0.011753125 |
|    clip_fraction        | 0.122       |
|    clip_range           | 0.2         |
|    entropy_loss         | -1.14       |
|    explained_variance   | -1.94       |
|    learning_rate        | 0.0003      |
|    loss                 | -0.0209     |
|    n_updates            | 4130        |
|    policy_gradient_loss | -0.0177     |
|    std                  | 0.766       |
|    value_loss           | 0.000172    |
-----------------------------------------
-------------------------------------------
| rollout/                |               |
|    ep_len_mean          | 5e+03         |
|    ep_rew_mean          | -75.9         |
| time/                   |               |
|    fps                  | 7             |
|    iterations           | 415           |
|    time_elapsed         | 11515         |
|    total_timesteps      | 83000         |
| train/                  |               |
|    approx_kl            | 0.00093494146 |
|    clip_fraction        | 0.00117       |
|    clip_range           | 0.2           |
|    entropy_loss         | -1.15         |
|    explained_variance   | 0.77          |
|    learning_rate        | 0.0003        |
|    loss                 | 0.00303       |
|    n_updates            | 4140          |
|    policy_gradient_loss | 6.72e-05      |
|    std                  | 0.768         |
|    value_loss           | 9.13e-05      |
-------------------------------------------
-------------------------------------------
| rollout/                |               |
|    ep_len_mean          | 5e+03         |
|    ep_rew_mean          | -75.9         |
| time/                   |               |
|    fps                  | 7             |
|    iterations           | 416           |
|    time_elapsed         | 11544         |
|    total_timesteps      | 83200         |
| train/                  |               |
|    approx_kl            | 0.00032409583 |
|    clip_fraction        | 0             |
|    clip_range           | 0.2           |
|    entropy_loss         | -1.15         |
|    explained_variance   | 0.235         |
|    learning_rate        | 0.0003        |
|    loss                 | 0.00447       |
|    n_updates            | 4150          |
|    policy_gradient_loss | 5.55e-05      |
|    std                  | 0.762         |
|    value_loss           | 0.000113      |
-------------------------------------------
------------------------------------------
| rollout/                |              |
|    ep_len_mean          | 5e+03        |
|    ep_rew_mean          | -75.9        |
| time/                   |              |
|    fps                  | 7            |
|    iterations           | 417          |
|    time_elapsed         | 11573        |
|    total_timesteps      | 83400        |
| train/                  |              |
|    approx_kl            | 0.0030937805 |
|    clip_fraction        | 0.0117       |
|    clip_range           | 0.2          |
|    entropy_loss         | -1.15        |
|    explained_variance   | 0.0239       |
|    learning_rate        | 0.0003       |
|    loss                 | -0.0254      |
|    n_updates            | 4160         |
|    policy_gradient_loss | -0.00111     |
|    std                  | 0.759        |
|    value_loss           | 0.000172     |
------------------------------------------
-----------------------------------------
| rollout/                |             |
|    ep_len_mean          | 5e+03       |
|    ep_rew_mean          | -75.9       |
| time/                   |             |
|    fps                  | 7           |
|    iterations           | 418         |
|    time_elapsed         | 11601       |
|    total_timesteps      | 83600       |
| train/                  |             |
|    approx_kl            | 0.011085537 |
|    clip_fraction        | 0.0828      |
|    clip_range           | 0.2         |
|    entropy_loss         | -1.14       |
|    explained_variance   | -0.385      |
|    learning_rate        | 0.0003      |
|    loss                 | -0.0198     |
|    n_updates            | 4170        |
|    policy_gradient_loss | -0.00664    |
|    std                  | 0.761       |
|    value_loss           | 0.000147    |
-----------------------------------------
------------------------------------------
| rollout/                |              |
|    ep_len_mean          | 5e+03        |
|    ep_rew_mean          | -75.9        |
| time/                   |              |
|    fps                  | 7            |
|    iterations           | 419          |
|    time_elapsed         | 11630        |
|    total_timesteps      | 83800        |
| train/                  |              |
|    approx_kl            | 0.0060637207 |
|    clip_fraction        | 0.0258       |
|    clip_range           | 0.2          |
|    entropy_loss         | -1.15        |
|    explained_variance   | 0.731        |
|    learning_rate        | 0.0003       |
|    loss                 | -0.0127      |
|    n_updates            | 4180         |
|    policy_gradient_loss | -0.00405     |
|    std                  | 0.766        |
|    value_loss           | 0.000117     |
------------------------------------------
------------------------------------------
| rollout/                |              |
|    ep_len_mean          | 5e+03        |
|    ep_rew_mean          | -75.9        |
| time/                   |              |
|    fps                  | 7            |
|    iterations           | 420          |
|    time_elapsed         | 11659        |
|    total_timesteps      | 84000        |
| train/                  |              |
|    approx_kl            | 0.0014106608 |
|    clip_fraction        | 0.00742      |
|    clip_range           | 0.2          |
|    entropy_loss         | -1.15        |
|    explained_variance   | 0.684        |
|    learning_rate        | 0.0003       |
|    loss                 | -0.0134      |
|    n_updates            | 4190         |
|    policy_gradient_loss | -0.00195     |
|    std                  | 0.764        |
|    value_loss           | 0.000156     |
------------------------------------------
------------------------------------------
| rollout/                |              |
|    ep_len_mean          | 5e+03        |
|    ep_rew_mean          | -75.9        |
| time/                   |              |
|    fps                  | 7            |
|    iterations           | 421          |
|    time_elapsed         | 11688        |
|    total_timesteps      | 84200        |
| train/                  |              |
|    approx_kl            | 0.0067081954 |
|    clip_fraction        | 0.0699       |
|    clip_range           | 0.2          |
|    entropy_loss         | -1.15        |
|    explained_variance   | -0.62        |
|    learning_rate        | 0.0003       |
|    loss                 | -0.036       |
|    n_updates            | 4200         |
|    policy_gradient_loss | -0.00818     |
|    std                  | 0.765        |
|    value_loss           | 0.000259     |
------------------------------------------
------------------------------------------
| rollout/                |              |
|    ep_len_mean          | 5e+03        |
|    ep_rew_mean          | -75.9        |
| time/                   |              |
|    fps                  | 7            |
|    iterations           | 422          |
|    time_elapsed         | 11717        |
|    total_timesteps      | 84400        |
| train/                  |              |
|    approx_kl            | 0.0044154758 |
|    clip_fraction        | 0.0969       |
|    clip_range           | 0.2          |
|    entropy_loss         | -1.15        |
|    explained_variance   | 0.69         |
|    learning_rate        | 0.0003       |
|    loss                 | 0.0276       |
|    n_updates            | 4210         |
|    policy_gradient_loss | -0.0075      |
|    std                  | 0.771        |
|    value_loss           | 0.000134     |
------------------------------------------
----------------------------------------
| rollout/                |            |
|    ep_len_mean          | 5e+03      |
|    ep_rew_mean          | -75.9      |
| time/                   |            |
|    fps                  | 7          |
|    iterations           | 423        |
|    time_elapsed         | 11745      |
|    total_timesteps      | 84600      |
| train/                  |            |
|    approx_kl            | 0.00370311 |
|    clip_fraction        | 0.0437     |
|    clip_range           | 0.2        |
|    entropy_loss         | -1.16      |
|    explained_variance   | 0.474      |
|    learning_rate        | 0.0003     |
|    loss                 | -0.0281    |
|    n_updates            | 4220       |
|    policy_gradient_loss | -0.00563   |
|    std                  | 0.772      |
|    value_loss           | 0.000125   |
----------------------------------------
------------------------------------------
| rollout/                |              |
|    ep_len_mean          | 5e+03        |
|    ep_rew_mean          | -75.9        |
| time/                   |              |
|    fps                  | 7            |
|    iterations           | 424          |
|    time_elapsed         | 11774        |
|    total_timesteps      | 84800        |
| train/                  |              |
|    approx_kl            | 0.0044647623 |
|    clip_fraction        | 0.0109       |
|    clip_range           | 0.2          |
|    entropy_loss         | -1.16        |
|    explained_variance   | 0.13         |
|    learning_rate        | 0.0003       |
|    loss                 | -0.0141      |
|    n_updates            | 4230         |
|    policy_gradient_loss | -0.00324     |
|    std                  | 0.77         |
|    value_loss           | 0.000265     |
------------------------------------------
-----------------------------------------
| rollout/                |             |
|    ep_len_mean          | 5e+03       |
|    ep_rew_mean          | -75.9       |
| time/                   |             |
|    fps                  | 7           |
|    iterations           | 425         |
|    time_elapsed         | 11803       |
|    total_timesteps      | 85000       |
| train/                  |             |
|    approx_kl            | 0.009705472 |
|    clip_fraction        | 0.0844      |
|    clip_range           | 0.2         |
|    entropy_loss         | -1.16       |
|    explained_variance   | -0.362      |
|    learning_rate        | 0.0003      |
|    loss                 | -0.0241     |
|    n_updates            | 4240        |
|    policy_gradient_loss | -0.00732    |
|    std                  | 0.776       |
|    value_loss           | 0.000193    |
-----------------------------------------
----------------------------------------
| rollout/                |            |
|    ep_len_mean          | 5e+03      |
|    ep_rew_mean          | -75.9      |
| time/                   |            |
|    fps                  | 7          |
|    iterations           | 426        |
|    time_elapsed         | 11832      |
|    total_timesteps      | 85200      |
| train/                  |            |
|    approx_kl            | 0.00545655 |
|    clip_fraction        | 0.0684     |
|    clip_range           | 0.2        |
|    entropy_loss         | -1.17      |
|    explained_variance   | 0.763      |
|    learning_rate        | 0.0003     |
|    loss                 | -0.00587   |
|    n_updates            | 4250       |
|    policy_gradient_loss | -0.00706   |
|    std                  | 0.782      |
|    value_loss           | 0.00012    |
----------------------------------------
-----------------------------------------
| rollout/                |             |
|    ep_len_mean          | 5e+03       |
|    ep_rew_mean          | -75.9       |
| time/                   |             |
|    fps                  | 7           |
|    iterations           | 427         |
|    time_elapsed         | 11861       |
|    total_timesteps      | 85400       |
| train/                  |             |
|    approx_kl            | 0.010553738 |
|    clip_fraction        | 0.0777      |
|    clip_range           | 0.2         |
|    entropy_loss         | -1.17       |
|    explained_variance   | -4.41       |
|    learning_rate        | 0.0003      |
|    loss                 | 0.00179     |
|    n_updates            | 4260        |
|    policy_gradient_loss | -0.00593    |
|    std                  | 0.781       |
|    value_loss           | 0.000412    |
-----------------------------------------
-----------------------------------------
| rollout/                |             |
|    ep_len_mean          | 5e+03       |
|    ep_rew_mean          | -75.9       |
| time/                   |             |
|    fps                  | 7           |
|    iterations           | 428         |
|    time_elapsed         | 11889       |
|    total_timesteps      | 85600       |
| train/                  |             |
|    approx_kl            | 0.010622373 |
|    clip_fraction        | 0.0703      |
|    clip_range           | 0.2         |
|    entropy_loss         | -1.17       |
|    explained_variance   | 0.0621      |
|    learning_rate        | 0.0003      |
|    loss                 | 0.00664     |
|    n_updates            | 4270        |
|    policy_gradient_loss | -0.00848    |
|    std                  | 0.777       |
|    value_loss           | 0.000163    |
-----------------------------------------
------------------------------------------
| rollout/                |              |
|    ep_len_mean          | 5e+03        |
|    ep_rew_mean          | -75.9        |
| time/                   |              |
|    fps                  | 7            |
|    iterations           | 429          |
|    time_elapsed         | 11918        |
|    total_timesteps      | 85800        |
| train/                  |              |
|    approx_kl            | 0.0056606107 |
|    clip_fraction        | 0.0781       |
|    clip_range           | 0.2          |
|    entropy_loss         | -1.17        |
|    explained_variance   | 0.368        |
|    learning_rate        | 0.0003       |
|    loss                 | -0.0227      |
|    n_updates            | 4280         |
|    policy_gradient_loss | -0.00721     |
|    std                  | 0.776        |
|    value_loss           | 0.000199     |
------------------------------------------
-----------------------------------------
| rollout/                |             |
|    ep_len_mean          | 5e+03       |
|    ep_rew_mean          | -75.9       |
| time/                   |             |
|    fps                  | 7           |
|    iterations           | 430         |
|    time_elapsed         | 11947       |
|    total_timesteps      | 86000       |
| train/                  |             |
|    approx_kl            | 0.003122438 |
|    clip_fraction        | 0.0234      |
|    clip_range           | 0.2         |
|    entropy_loss         | -1.16       |
|    explained_variance   | 0.629       |
|    learning_rate        | 0.0003      |
|    loss                 | -0.00376    |
|    n_updates            | 4290        |
|    policy_gradient_loss | -0.00489    |
|    std                  | 0.771       |
|    value_loss           | 0.000106    |
-----------------------------------------
------------------------------------------
| rollout/                |              |
|    ep_len_mean          | 5e+03        |
|    ep_rew_mean          | -75.9        |
| time/                   |              |
|    fps                  | 7            |
|    iterations           | 431          |
|    time_elapsed         | 11975        |
|    total_timesteps      | 86200        |
| train/                  |              |
|    approx_kl            | 0.0015021998 |
|    clip_fraction        | 0.00156      |
|    clip_range           | 0.2          |
|    entropy_loss         | -1.16        |
|    explained_variance   | 0.41         |
|    learning_rate        | 0.0003       |
|    loss                 | -0.00915     |
|    n_updates            | 4300         |
|    policy_gradient_loss | -0.000278    |
|    std                  | 0.773        |
|    value_loss           | 0.000128     |
------------------------------------------
-----------------------------------------
| rollout/                |             |
|    ep_len_mean          | 5e+03       |
|    ep_rew_mean          | -75.9       |
| time/                   |             |
|    fps                  | 7           |
|    iterations           | 432         |
|    time_elapsed         | 12004       |
|    total_timesteps      | 86400       |
| train/                  |             |
|    approx_kl            | 0.009951441 |
|    clip_fraction        | 0.0914      |
|    clip_range           | 0.2         |
|    entropy_loss         | -1.17       |
|    explained_variance   | -0.438      |
|    learning_rate        | 0.0003      |
|    loss                 | -0.00564    |
|    n_updates            | 4310        |
|    policy_gradient_loss | -0.0049     |
|    std                  | 0.779       |
|    value_loss           | 0.000256    |
-----------------------------------------
------------------------------------------
| rollout/                |              |
|    ep_len_mean          | 5e+03        |
|    ep_rew_mean          | -75.9        |
| time/                   |              |
|    fps                  | 7            |
|    iterations           | 433          |
|    time_elapsed         | 12032        |
|    total_timesteps      | 86600        |
| train/                  |              |
|    approx_kl            | 0.0028861547 |
|    clip_fraction        | 0.0109       |
|    clip_range           | 0.2          |
|    entropy_loss         | -1.17        |
|    explained_variance   | 0.819        |
|    learning_rate        | 0.0003       |
|    loss                 | 0.00462      |
|    n_updates            | 4320         |
|    policy_gradient_loss | 6.36e-05     |
|    std                  | 0.781        |
|    value_loss           | 9.14e-05     |
------------------------------------------
------------------------------------------
| rollout/                |              |
|    ep_len_mean          | 5e+03        |
|    ep_rew_mean          | -75.9        |
| time/                   |              |
|    fps                  | 7            |
|    iterations           | 434          |
|    time_elapsed         | 12061        |
|    total_timesteps      | 86800        |
| train/                  |              |
|    approx_kl            | 0.0005544799 |
|    clip_fraction        | 0.00352      |
|    clip_range           | 0.2          |
|    entropy_loss         | -1.17        |
|    explained_variance   | 0.393        |
|    learning_rate        | 0.0003       |
|    loss                 | -0.0032      |
|    n_updates            | 4330         |
|    policy_gradient_loss | -0.000846    |
|    std                  | 0.776        |
|    value_loss           | 0.000115     |
------------------------------------------
-----------------------------------------
| rollout/                |             |
|    ep_len_mean          | 5e+03       |
|    ep_rew_mean          | -75.9       |
| time/                   |             |
|    fps                  | 7           |
|    iterations           | 435         |
|    time_elapsed         | 12090       |
|    total_timesteps      | 87000       |
| train/                  |             |
|    approx_kl            | 0.002543196 |
|    clip_fraction        | 0           |
|    clip_range           | 0.2         |
|    entropy_loss         | -1.17       |
|    explained_variance   | 0.416       |
|    learning_rate        | 0.0003      |
|    loss                 | 0.00541     |
|    n_updates            | 4340        |
|    policy_gradient_loss | 0.000179    |
|    std                  | 0.776       |
|    value_loss           | 0.000119    |
-----------------------------------------
------------------------------------------
| rollout/                |              |
|    ep_len_mean          | 5e+03        |
|    ep_rew_mean          | -75.9        |
| time/                   |              |
|    fps                  | 7            |
|    iterations           | 436          |
|    time_elapsed         | 12118        |
|    total_timesteps      | 87200        |
| train/                  |              |
|    approx_kl            | 0.0031149895 |
|    clip_fraction        | 0.0309       |
|    clip_range           | 0.2          |
|    entropy_loss         | -1.16        |
|    explained_variance   | 0.299        |
|    learning_rate        | 0.0003       |
|    loss                 | -0.0199      |
|    n_updates            | 4350         |
|    policy_gradient_loss | -0.0069      |
|    std                  | 0.772        |
|    value_loss           | 0.000115     |
------------------------------------------
------------------------------------------
| rollout/                |              |
|    ep_len_mean          | 5e+03        |
|    ep_rew_mean          | -75.9        |
| time/                   |              |
|    fps                  | 7            |
|    iterations           | 437          |
|    time_elapsed         | 12147        |
|    total_timesteps      | 87400        |
| train/                  |              |
|    approx_kl            | 0.0070275515 |
|    clip_fraction        | 0.091        |
|    clip_range           | 0.2          |
|    entropy_loss         | -1.16        |
|    explained_variance   | 0.601        |
|    learning_rate        | 0.0003       |
|    loss                 | 0.00501      |
|    n_updates            | 4360         |
|    policy_gradient_loss | -0.00813     |
|    std                  | 0.773        |
|    value_loss           | 0.000103     |
------------------------------------------
-----------------------------------------
| rollout/                |             |
|    ep_len_mean          | 5e+03       |
|    ep_rew_mean          | -75.9       |
| time/                   |             |
|    fps                  | 7           |
|    iterations           | 438         |
|    time_elapsed         | 12175       |
|    total_timesteps      | 87600       |
| train/                  |             |
|    approx_kl            | 0.004572525 |
|    clip_fraction        | 0.0164      |
|    clip_range           | 0.2         |
|    entropy_loss         | -1.16       |
|    explained_variance   | 0.137       |
|    learning_rate        | 0.0003      |
|    loss                 | -0.035      |
|    n_updates            | 4370        |
|    policy_gradient_loss | -0.00363    |
|    std                  | 0.777       |
|    value_loss           | 0.000153    |
-----------------------------------------
------------------------------------------
| rollout/                |              |
|    ep_len_mean          | 5e+03        |
|    ep_rew_mean          | -75.9        |
| time/                   |              |
|    fps                  | 7            |
|    iterations           | 439          |
|    time_elapsed         | 12204        |
|    total_timesteps      | 87800        |
| train/                  |              |
|    approx_kl            | 0.0031161006 |
|    clip_fraction        | 0.066        |
|    clip_range           | 0.2          |
|    entropy_loss         | -1.17        |
|    explained_variance   | -0.623       |
|    learning_rate        | 0.0003       |
|    loss                 | 0.0503       |
|    n_updates            | 4380         |
|    policy_gradient_loss | 0.00213      |
|    std                  | 0.774        |
|    value_loss           | 0.000209     |
------------------------------------------
-----------------------------------------
| rollout/                |             |
|    ep_len_mean          | 5e+03       |
|    ep_rew_mean          | -75.9       |
| time/                   |             |
|    fps                  | 7           |
|    iterations           | 440         |
|    time_elapsed         | 12232       |
|    total_timesteps      | 88000       |
| train/                  |             |
|    approx_kl            | 0.016857687 |
|    clip_fraction        | 0.149       |
|    clip_range           | 0.2         |
|    entropy_loss         | -1.16       |
|    explained_variance   | 0.795       |
|    learning_rate        | 0.0003      |
|    loss                 | 0.0505      |
|    n_updates            | 4390        |
|    policy_gradient_loss | -0.0133     |
|    std                  | 0.773       |
|    value_loss           | 0.00013     |
-----------------------------------------
------------------------------------------
| rollout/                |              |
|    ep_len_mean          | 5e+03        |
|    ep_rew_mean          | -75.9        |
| time/                   |              |
|    fps                  | 7            |
|    iterations           | 441          |
|    time_elapsed         | 12261        |
|    total_timesteps      | 88200        |
| train/                  |              |
|    approx_kl            | 0.0060015786 |
|    clip_fraction        | 0.0488       |
|    clip_range           | 0.2          |
|    entropy_loss         | -1.16        |
|    explained_variance   | 0.223        |
|    learning_rate        | 0.0003       |
|    loss                 | -0.00588     |
|    n_updates            | 4400         |
|    policy_gradient_loss | -0.00483     |
|    std                  | 0.774        |
|    value_loss           | 0.000121     |
------------------------------------------
-----------------------------------------
| rollout/                |             |
|    ep_len_mean          | 5e+03       |
|    ep_rew_mean          | -75.9       |
| time/                   |             |
|    fps                  | 7           |
|    iterations           | 442         |
|    time_elapsed         | 12289       |
|    total_timesteps      | 88400       |
| train/                  |             |
|    approx_kl            | 0.013244812 |
|    clip_fraction        | 0.175       |
|    clip_range           | 0.2         |
|    entropy_loss         | -1.16       |
|    explained_variance   | 0.0971      |
|    learning_rate        | 0.0003      |
|    loss                 | -0.0323     |
|    n_updates            | 4410        |
|    policy_gradient_loss | -0.0173     |
|    std                  | 0.772       |
|    value_loss           | 0.000254    |
-----------------------------------------
-----------------------------------------
| rollout/                |             |
|    ep_len_mean          | 5e+03       |
|    ep_rew_mean          | -75.9       |
| time/                   |             |
|    fps                  | 7           |
|    iterations           | 443         |
|    time_elapsed         | 12318       |
|    total_timesteps      | 88600       |
| train/                  |             |
|    approx_kl            | 0.011932835 |
|    clip_fraction        | 0.027       |
|    clip_range           | 0.2         |
|    entropy_loss         | -1.16       |
|    explained_variance   | 0.468       |
|    learning_rate        | 0.0003      |
|    loss                 | 0.0167      |
|    n_updates            | 4420        |
|    policy_gradient_loss | -0.00196    |
|    std                  | 0.776       |
|    value_loss           | 0.000159    |
-----------------------------------------
-----------------------------------------
| rollout/                |             |
|    ep_len_mean          | 5e+03       |
|    ep_rew_mean          | -75.9       |
| time/                   |             |
|    fps                  | 7           |
|    iterations           | 444         |
|    time_elapsed         | 12346       |
|    total_timesteps      | 88800       |
| train/                  |             |
|    approx_kl            | 0.010039976 |
|    clip_fraction        | 0.107       |
|    clip_range           | 0.2         |
|    entropy_loss         | -1.17       |
|    explained_variance   | 0.706       |
|    learning_rate        | 0.0003      |
|    loss                 | 0.0538      |
|    n_updates            | 4430        |
|    policy_gradient_loss | -0.00669    |
|    std                  | 0.785       |
|    value_loss           | 0.000117    |
-----------------------------------------
------------------------------------------
| rollout/                |              |
|    ep_len_mean          | 5e+03        |
|    ep_rew_mean          | -75.9        |
| time/                   |              |
|    fps                  | 7            |
|    iterations           | 445          |
|    time_elapsed         | 12375        |
|    total_timesteps      | 89000        |
| train/                  |              |
|    approx_kl            | 0.0040166113 |
|    clip_fraction        | 0.00508      |
|    clip_range           | 0.2          |
|    entropy_loss         | -1.18        |
|    explained_variance   | 0.304        |
|    learning_rate        | 0.0003       |
|    loss                 | -0.0454      |
|    n_updates            | 4440         |
|    policy_gradient_loss | -0.00332     |
|    std                  | 0.783        |
|    value_loss           | 0.000218     |
------------------------------------------
------------------------------------------
| rollout/                |              |
|    ep_len_mean          | 5e+03        |
|    ep_rew_mean          | -75.9        |
| time/                   |              |
|    fps                  | 7            |
|    iterations           | 446          |
|    time_elapsed         | 12403        |
|    total_timesteps      | 89200        |
| train/                  |              |
|    approx_kl            | 0.0076058963 |
|    clip_fraction        | 0.0418       |
|    clip_range           | 0.2          |
|    entropy_loss         | -1.17        |
|    explained_variance   | -1.42        |
|    learning_rate        | 0.0003       |
|    loss                 | -0.0407      |
|    n_updates            | 4450         |
|    policy_gradient_loss | -0.002       |
|    std                  | 0.78         |
|    value_loss           | 0.00022      |
------------------------------------------
-----------------------------------------
| rollout/                |             |
|    ep_len_mean          | 5e+03       |
|    ep_rew_mean          | -75.9       |
| time/                   |             |
|    fps                  | 7           |
|    iterations           | 447         |
|    time_elapsed         | 12432       |
|    total_timesteps      | 89400       |
| train/                  |             |
|    approx_kl            | 0.004226042 |
|    clip_fraction        | 0.0406      |
|    clip_range           | 0.2         |
|    entropy_loss         | -1.17       |
|    explained_variance   | 0.673       |
|    learning_rate        | 0.0003      |
|    loss                 | -0.039      |
|    n_updates            | 4460        |
|    policy_gradient_loss | -0.00151    |
|    std                  | 0.775       |
|    value_loss           | 0.000126    |
-----------------------------------------
------------------------------------------
| rollout/                |              |
|    ep_len_mean          | 5e+03        |
|    ep_rew_mean          | -75.9        |
| time/                   |              |
|    fps                  | 7            |
|    iterations           | 448          |
|    time_elapsed         | 12460        |
|    total_timesteps      | 89600        |
| train/                  |              |
|    approx_kl            | 0.0041196356 |
|    clip_fraction        | 0.0469       |
|    clip_range           | 0.2          |
|    entropy_loss         | -1.16        |
|    explained_variance   | 0.51         |
|    learning_rate        | 0.0003       |
|    loss                 | -0.0305      |
|    n_updates            | 4470         |
|    policy_gradient_loss | -0.00442     |
|    std                  | 0.769        |
|    value_loss           | 7.81e-05     |
------------------------------------------
------------------------------------------
| rollout/                |              |
|    ep_len_mean          | 5e+03        |
|    ep_rew_mean          | -75.9        |
| time/                   |              |
|    fps                  | 7            |
|    iterations           | 449          |
|    time_elapsed         | 12489        |
|    total_timesteps      | 89800        |
| train/                  |              |
|    approx_kl            | 0.0034027223 |
|    clip_fraction        | 0.0258       |
|    clip_range           | 0.2          |
|    entropy_loss         | -1.15        |
|    explained_variance   | 0.0622       |
|    learning_rate        | 0.0003       |
|    loss                 | -9.63e-05    |
|    n_updates            | 4480         |
|    policy_gradient_loss | -0.00227     |
|    std                  | 0.766        |
|    value_loss           | 0.000165     |
------------------------------------------
-----------------------------------------
| rollout/                |             |
|    ep_len_mean          | 5e+03       |
|    ep_rew_mean          | -75.9       |
| time/                   |             |
|    fps                  | 7           |
|    iterations           | 450         |
|    time_elapsed         | 12518       |
|    total_timesteps      | 90000       |
| train/                  |             |
|    approx_kl            | 0.004762077 |
|    clip_fraction        | 0.0402      |
|    clip_range           | 0.2         |
|    entropy_loss         | -1.15       |
|    explained_variance   | -0.346      |
|    learning_rate        | 0.0003      |
|    loss                 | -0.0341     |
|    n_updates            | 4490        |
|    policy_gradient_loss | -0.00149    |
|    std                  | 0.761       |
|    value_loss           | 0.000141    |
-----------------------------------------
------------------------------------------
| rollout/                |              |
|    ep_len_mean          | 5e+03        |
|    ep_rew_mean          | -75.8        |
| time/                   |              |
|    fps                  | 7            |
|    iterations           | 451          |
|    time_elapsed         | 12546        |
|    total_timesteps      | 90200        |
| train/                  |              |
|    approx_kl            | 0.0017228941 |
|    clip_fraction        | 0.0297       |
|    clip_range           | 0.2          |
|    entropy_loss         | -1.14        |
|    explained_variance   | 0.716        |
|    learning_rate        | 0.0003       |
|    loss                 | 0.0216       |
|    n_updates            | 4500         |
|    policy_gradient_loss | -0.00272     |
|    std                  | 0.759        |
|    value_loss           | 0.000156     |
------------------------------------------
------------------------------------------
| rollout/                |              |
|    ep_len_mean          | 5e+03        |
|    ep_rew_mean          | -75.8        |
| time/                   |              |
|    fps                  | 7            |
|    iterations           | 452          |
|    time_elapsed         | 12575        |
|    total_timesteps      | 90400        |
| train/                  |              |
|    approx_kl            | 0.0031445725 |
|    clip_fraction        | 0.0887       |
|    clip_range           | 0.2          |
|    entropy_loss         | -1.14        |
|    explained_variance   | -4.88        |
|    learning_rate        | 0.0003       |
|    loss                 | -0.0155      |
|    n_updates            | 4510         |
|    policy_gradient_loss | -0.00873     |
|    std                  | 0.757        |
|    value_loss           | 0.00029      |
------------------------------------------
-----------------------------------------
| rollout/                |             |
|    ep_len_mean          | 5e+03       |
|    ep_rew_mean          | -75.8       |
| time/                   |             |
|    fps                  | 7           |
|    iterations           | 453         |
|    time_elapsed         | 12603       |
|    total_timesteps      | 90600       |
| train/                  |             |
|    approx_kl            | 0.009389717 |
|    clip_fraction        | 0.151       |
|    clip_range           | 0.2         |
|    entropy_loss         | -1.14       |
|    explained_variance   | 0.33        |
|    learning_rate        | 0.0003      |
|    loss                 | -0.034      |
|    n_updates            | 4520        |
|    policy_gradient_loss | -0.0179     |
|    std                  | 0.759       |
|    value_loss           | 0.000356    |
-----------------------------------------
-----------------------------------------
| rollout/                |             |
|    ep_len_mean          | 5e+03       |
|    ep_rew_mean          | -75.8       |
| time/                   |             |
|    fps                  | 7           |
|    iterations           | 454         |
|    time_elapsed         | 12632       |
|    total_timesteps      | 90800       |
| train/                  |             |
|    approx_kl            | 0.005068624 |
|    clip_fraction        | 0.0563      |
|    clip_range           | 0.2         |
|    entropy_loss         | -1.14       |
|    explained_variance   | 0.579       |
|    learning_rate        | 0.0003      |
|    loss                 | 0.00101     |
|    n_updates            | 4530        |
|    policy_gradient_loss | -0.00681    |
|    std                  | 0.76        |
|    value_loss           | 0.000234    |
-----------------------------------------
------------------------------------------
| rollout/                |              |
|    ep_len_mean          | 5e+03        |
|    ep_rew_mean          | -75.8        |
| time/                   |              |
|    fps                  | 7            |
|    iterations           | 455          |
|    time_elapsed         | 12660        |
|    total_timesteps      | 91000        |
| train/                  |              |
|    approx_kl            | 0.0024703017 |
|    clip_fraction        | 0.00781      |
|    clip_range           | 0.2          |
|    entropy_loss         | -1.14        |
|    explained_variance   | 0.395        |
|    learning_rate        | 0.0003       |
|    loss                 | 0.0156       |
|    n_updates            | 4540         |
|    policy_gradient_loss | 0.000313     |
|    std                  | 0.758        |
|    value_loss           | 0.000121     |
------------------------------------------
------------------------------------------
| rollout/                |              |
|    ep_len_mean          | 5e+03        |
|    ep_rew_mean          | -75.8        |
| time/                   |              |
|    fps                  | 7            |
|    iterations           | 456          |
|    time_elapsed         | 12689        |
|    total_timesteps      | 91200        |
| train/                  |              |
|    approx_kl            | 0.0029492746 |
|    clip_fraction        | 0.0137       |
|    clip_range           | 0.2          |
|    entropy_loss         | -1.14        |
|    explained_variance   | 0.437        |
|    learning_rate        | 0.0003       |
|    loss                 | 0.00804      |
|    n_updates            | 4550         |
|    policy_gradient_loss | -0.00229     |
|    std                  | 0.758        |
|    value_loss           | 7.55e-05     |
------------------------------------------
------------------------------------------
| rollout/                |              |
|    ep_len_mean          | 5e+03        |
|    ep_rew_mean          | -75.8        |
| time/                   |              |
|    fps                  | 7            |
|    iterations           | 457          |
|    time_elapsed         | 12717        |
|    total_timesteps      | 91400        |
| train/                  |              |
|    approx_kl            | 0.0021355983 |
|    clip_fraction        | 0.00117      |
|    clip_range           | 0.2          |
|    entropy_loss         | -1.14        |
|    explained_variance   | -1.02        |
|    learning_rate        | 0.0003       |
|    loss                 | -0.00465     |
|    n_updates            | 4560         |
|    policy_gradient_loss | -0.00205     |
|    std                  | 0.755        |
|    value_loss           | 0.000162     |
------------------------------------------
-----------------------------------------
| rollout/                |             |
|    ep_len_mean          | 5e+03       |
|    ep_rew_mean          | -75.8       |
| time/                   |             |
|    fps                  | 7           |
|    iterations           | 458         |
|    time_elapsed         | 12746       |
|    total_timesteps      | 91600       |
| train/                  |             |
|    approx_kl            | 0.004982969 |
|    clip_fraction        | 0.114       |
|    clip_range           | 0.2         |
|    entropy_loss         | -1.14       |
|    explained_variance   | 0.703       |
|    learning_rate        | 0.0003      |
|    loss                 | -0.0247     |
|    n_updates            | 4570        |
|    policy_gradient_loss | -0.00765    |
|    std                  | 0.752       |
|    value_loss           | 9.22e-05    |
-----------------------------------------
------------------------------------------
| rollout/                |              |
|    ep_len_mean          | 5e+03        |
|    ep_rew_mean          | -75.8        |
| time/                   |              |
|    fps                  | 7            |
|    iterations           | 459          |
|    time_elapsed         | 12774        |
|    total_timesteps      | 91800        |
| train/                  |              |
|    approx_kl            | 0.0044498155 |
|    clip_fraction        | 0.0504       |
|    clip_range           | 0.2          |
|    entropy_loss         | -1.14        |
|    explained_variance   | 0.395        |
|    learning_rate        | 0.0003       |
|    loss                 | -0.0714      |
|    n_updates            | 4580         |
|    policy_gradient_loss | -0.00755     |
|    std                  | 0.754        |
|    value_loss           | 7.36e-05     |
------------------------------------------
------------------------------------------
| rollout/                |              |
|    ep_len_mean          | 5e+03        |
|    ep_rew_mean          | -75.8        |
| time/                   |              |
|    fps                  | 7            |
|    iterations           | 460          |
|    time_elapsed         | 12803        |
|    total_timesteps      | 92000        |
| train/                  |              |
|    approx_kl            | 0.0029737686 |
|    clip_fraction        | 0.0293       |
|    clip_range           | 0.2          |
|    entropy_loss         | -1.14        |
|    explained_variance   | -0.206       |
|    learning_rate        | 0.0003       |
|    loss                 | -0.00776     |
|    n_updates            | 4590         |
|    policy_gradient_loss | -0.00217     |
|    std                  | 0.752        |
|    value_loss           | 0.000124     |
------------------------------------------
-----------------------------------------
| rollout/                |             |
|    ep_len_mean          | 5e+03       |
|    ep_rew_mean          | -75.8       |
| time/                   |             |
|    fps                  | 7           |
|    iterations           | 461         |
|    time_elapsed         | 12831       |
|    total_timesteps      | 92200       |
| train/                  |             |
|    approx_kl            | 0.005072737 |
|    clip_fraction        | 0.101       |
|    clip_range           | 0.2         |
|    entropy_loss         | -1.13       |
|    explained_variance   | 0.645       |
|    learning_rate        | 0.0003      |
|    loss                 | -0.0152     |
|    n_updates            | 4600        |
|    policy_gradient_loss | -0.00694    |
|    std                  | 0.751       |
|    value_loss           | 7.63e-05    |
-----------------------------------------
-----------------------------------------
| rollout/                |             |
|    ep_len_mean          | 5e+03       |
|    ep_rew_mean          | -75.8       |
| time/                   |             |
|    fps                  | 7           |
|    iterations           | 462         |
|    time_elapsed         | 12860       |
|    total_timesteps      | 92400       |
| train/                  |             |
|    approx_kl            | 0.007623721 |
|    clip_fraction        | 0.0301      |
|    clip_range           | 0.2         |
|    entropy_loss         | -1.13       |
|    explained_variance   | 0.599       |
|    learning_rate        | 0.0003      |
|    loss                 | 0.0207      |
|    n_updates            | 4610        |
|    policy_gradient_loss | -0.00463    |
|    std                  | 0.751       |
|    value_loss           | 8.65e-05    |
-----------------------------------------
------------------------------------------
| rollout/                |              |
|    ep_len_mean          | 5e+03        |
|    ep_rew_mean          | -75.8        |
| time/                   |              |
|    fps                  | 7            |
|    iterations           | 463          |
|    time_elapsed         | 12888        |
|    total_timesteps      | 92600        |
| train/                  |              |
|    approx_kl            | 0.0059896642 |
|    clip_fraction        | 0.121        |
|    clip_range           | 0.2          |
|    entropy_loss         | -1.13        |
|    explained_variance   | 0.462        |
|    learning_rate        | 0.0003       |
|    loss                 | 0.0255       |
|    n_updates            | 4620         |
|    policy_gradient_loss | -0.0101      |
|    std                  | 0.755        |
|    value_loss           | 9.43e-05     |
------------------------------------------
-----------------------------------------
| rollout/                |             |
|    ep_len_mean          | 5e+03       |
|    ep_rew_mean          | -75.8       |
| time/                   |             |
|    fps                  | 7           |
|    iterations           | 464         |
|    time_elapsed         | 12917       |
|    total_timesteps      | 92800       |
| train/                  |             |
|    approx_kl            | 0.006709609 |
|    clip_fraction        | 0.0305      |
|    clip_range           | 0.2         |
|    entropy_loss         | -1.14       |
|    explained_variance   | -0.566      |
|    learning_rate        | 0.0003      |
|    loss                 | -0.0468     |
|    n_updates            | 4630        |
|    policy_gradient_loss | -0.000716   |
|    std                  | 0.758       |
|    value_loss           | 0.000202    |
-----------------------------------------
------------------------------------------
| rollout/                |              |
|    ep_len_mean          | 5e+03        |
|    ep_rew_mean          | -75.8        |
| time/                   |              |
|    fps                  | 7            |
|    iterations           | 465          |
|    time_elapsed         | 12945        |
|    total_timesteps      | 93000        |
| train/                  |              |
|    approx_kl            | 0.0025860502 |
|    clip_fraction        | 0.00117      |
|    clip_range           | 0.2          |
|    entropy_loss         | -1.14        |
|    explained_variance   | 0.817        |
|    learning_rate        | 0.0003       |
|    loss                 | -0.0394      |
|    n_updates            | 4640         |
|    policy_gradient_loss | -0.00257     |
|    std                  | 0.756        |
|    value_loss           | 9.53e-05     |
------------------------------------------
------------------------------------------
| rollout/                |              |
|    ep_len_mean          | 5e+03        |
|    ep_rew_mean          | -75.8        |
| time/                   |              |
|    fps                  | 7            |
|    iterations           | 466          |
|    time_elapsed         | 12974        |
|    total_timesteps      | 93200        |
| train/                  |              |
|    approx_kl            | 0.0089245215 |
|    clip_fraction        | 0.125        |
|    clip_range           | 0.2          |
|    entropy_loss         | -1.14        |
|    explained_variance   | 0.0672       |
|    learning_rate        | 0.0003       |
|    loss                 | -0.0021      |
|    n_updates            | 4650         |
|    policy_gradient_loss | -0.00782     |
|    std                  | 0.759        |
|    value_loss           | 0.000159     |
------------------------------------------
------------------------------------------
| rollout/                |              |
|    ep_len_mean          | 5e+03        |
|    ep_rew_mean          | -75.8        |
| time/                   |              |
|    fps                  | 7            |
|    iterations           | 467          |
|    time_elapsed         | 13002        |
|    total_timesteps      | 93400        |
| train/                  |              |
|    approx_kl            | 0.0036377325 |
|    clip_fraction        | 0.00508      |
|    clip_range           | 0.2          |
|    entropy_loss         | -1.14        |
|    explained_variance   | -0.072       |
|    learning_rate        | 0.0003       |
|    loss                 | 0.00556      |
|    n_updates            | 4660         |
|    policy_gradient_loss | -0.00336     |
|    std                  | 0.752        |
|    value_loss           | 0.000208     |
------------------------------------------
-----------------------------------------
| rollout/                |             |
|    ep_len_mean          | 5e+03       |
|    ep_rew_mean          | -75.8       |
| time/                   |             |
|    fps                  | 7           |
|    iterations           | 468         |
|    time_elapsed         | 13030       |
|    total_timesteps      | 93600       |
| train/                  |             |
|    approx_kl            | 0.009980035 |
|    clip_fraction        | 0.131       |
|    clip_range           | 0.2         |
|    entropy_loss         | -1.13       |
|    explained_variance   | 0.454       |
|    learning_rate        | 0.0003      |
|    loss                 | -0.0156     |
|    n_updates            | 4670        |
|    policy_gradient_loss | -0.0146     |
|    std                  | 0.749       |
|    value_loss           | 0.000146    |
-----------------------------------------
------------------------------------------
| rollout/                |              |
|    ep_len_mean          | 5e+03        |
|    ep_rew_mean          | -75.8        |
| time/                   |              |
|    fps                  | 7            |
|    iterations           | 469          |
|    time_elapsed         | 13059        |
|    total_timesteps      | 93800        |
| train/                  |              |
|    approx_kl            | 0.0014870365 |
|    clip_fraction        | 0.00234      |
|    clip_range           | 0.2          |
|    entropy_loss         | -1.12        |
|    explained_variance   | 0.727        |
|    learning_rate        | 0.0003       |
|    loss                 | -0.00633     |
|    n_updates            | 4680         |
|    policy_gradient_loss | -0.00114     |
|    std                  | 0.741        |
|    value_loss           | 0.000144     |
------------------------------------------
------------------------------------------
| rollout/                |              |
|    ep_len_mean          | 5e+03        |
|    ep_rew_mean          | -75.8        |
| time/                   |              |
|    fps                  | 7            |
|    iterations           | 470          |
|    time_elapsed         | 13087        |
|    total_timesteps      | 94000        |
| train/                  |              |
|    approx_kl            | 0.0074583916 |
|    clip_fraction        | 0.0531       |
|    clip_range           | 0.2          |
|    entropy_loss         | -1.12        |
|    explained_variance   | 0.238        |
|    learning_rate        | 0.0003       |
|    loss                 | -0.0256      |
|    n_updates            | 4690         |
|    policy_gradient_loss | -0.0105      |
|    std                  | 0.734        |
|    value_loss           | 0.00012      |
------------------------------------------
------------------------------------------
| rollout/                |              |
|    ep_len_mean          | 5e+03        |
|    ep_rew_mean          | -75.8        |
| time/                   |              |
|    fps                  | 7            |
|    iterations           | 471          |
|    time_elapsed         | 13116        |
|    total_timesteps      | 94200        |
| train/                  |              |
|    approx_kl            | 0.0034647405 |
|    clip_fraction        | 0.025        |
|    clip_range           | 0.2          |
|    entropy_loss         | -1.11        |
|    explained_variance   | -1.12        |
|    learning_rate        | 0.0003       |
|    loss                 | -0.00833     |
|    n_updates            | 4700         |
|    policy_gradient_loss | -0.00365     |
|    std                  | 0.734        |
|    value_loss           | 0.000207     |
------------------------------------------
-----------------------------------------
| rollout/                |             |
|    ep_len_mean          | 5e+03       |
|    ep_rew_mean          | -75.8       |
| time/                   |             |
|    fps                  | 7           |
|    iterations           | 472         |
|    time_elapsed         | 13144       |
|    total_timesteps      | 94400       |
| train/                  |             |
|    approx_kl            | 0.007283309 |
|    clip_fraction        | 0.0785      |
|    clip_range           | 0.2         |
|    entropy_loss         | -1.11       |
|    explained_variance   | 0.593       |
|    learning_rate        | 0.0003      |
|    loss                 | 0.0228      |
|    n_updates            | 4710        |
|    policy_gradient_loss | -0.0033     |
|    std                  | 0.737       |
|    value_loss           | 9.85e-05    |
-----------------------------------------
------------------------------------------
| rollout/                |              |
|    ep_len_mean          | 5e+03        |
|    ep_rew_mean          | -75.8        |
| time/                   |              |
|    fps                  | 7            |
|    iterations           | 473          |
|    time_elapsed         | 13173        |
|    total_timesteps      | 94600        |
| train/                  |              |
|    approx_kl            | 0.0021228062 |
|    clip_fraction        | 0.0176       |
|    clip_range           | 0.2          |
|    entropy_loss         | -1.11        |
|    explained_variance   | 0.314        |
|    learning_rate        | 0.0003       |
|    loss                 | 0.00319      |
|    n_updates            | 4720         |
|    policy_gradient_loss | -0.00214     |
|    std                  | 0.734        |
|    value_loss           | 8.04e-05     |
------------------------------------------
----------------------------------------
| rollout/                |            |
|    ep_len_mean          | 5e+03      |
|    ep_rew_mean          | -75.8      |
| time/                   |            |
|    fps                  | 7          |
|    iterations           | 474        |
|    time_elapsed         | 13201      |
|    total_timesteps      | 94800      |
| train/                  |            |
|    approx_kl            | 0.00676038 |
|    clip_fraction        | 0.132      |
|    clip_range           | 0.2        |
|    entropy_loss         | -1.11      |
|    explained_variance   | 0.132      |
|    learning_rate        | 0.0003     |
|    loss                 | 0.0116     |
|    n_updates            | 4730       |
|    policy_gradient_loss | -0.00618   |
|    std                  | 0.734      |
|    value_loss           | 0.000151   |
----------------------------------------
-----------------------------------------
| rollout/                |             |
|    ep_len_mean          | 5e+03       |
|    ep_rew_mean          | -75.8       |
| time/                   |             |
|    fps                  | 7           |
|    iterations           | 475         |
|    time_elapsed         | 13230       |
|    total_timesteps      | 95000       |
| train/                  |             |
|    approx_kl            | 0.004554566 |
|    clip_fraction        | 0.0105      |
|    clip_range           | 0.2         |
|    entropy_loss         | -1.11       |
|    explained_variance   | 0.484       |
|    learning_rate        | 0.0003      |
|    loss                 | 0.00108     |
|    n_updates            | 4740        |
|    policy_gradient_loss | -0.00137    |
|    std                  | 0.735       |
|    value_loss           | 9.58e-05    |
-----------------------------------------
------------------------------------------
| rollout/                |              |
|    ep_len_mean          | 5e+03        |
|    ep_rew_mean          | -75.7        |
| time/                   |              |
|    fps                  | 7            |
|    iterations           | 476          |
|    time_elapsed         | 13259        |
|    total_timesteps      | 95200        |
| train/                  |              |
|    approx_kl            | 0.0018418934 |
|    clip_fraction        | 0.00234      |
|    clip_range           | 0.2          |
|    entropy_loss         | -1.11        |
|    explained_variance   | 0.685        |
|    learning_rate        | 0.0003       |
|    loss                 | 0.0361       |
|    n_updates            | 4750         |
|    policy_gradient_loss | 0.000825     |
|    std                  | 0.739        |
|    value_loss           | 0.000116     |
------------------------------------------
-----------------------------------------
| rollout/                |             |
|    ep_len_mean          | 5e+03       |
|    ep_rew_mean          | -75.7       |
| time/                   |             |
|    fps                  | 7           |
|    iterations           | 477         |
|    time_elapsed         | 13287       |
|    total_timesteps      | 95400       |
| train/                  |             |
|    approx_kl            | 0.008777363 |
|    clip_fraction        | 0.0223      |
|    clip_range           | 0.2         |
|    entropy_loss         | -1.12       |
|    explained_variance   | -3.48       |
|    learning_rate        | 0.0003      |
|    loss                 | -0.0158     |
|    n_updates            | 4760        |
|    policy_gradient_loss | -0.00548    |
|    std                  | 0.743       |
|    value_loss           | 0.000219    |
-----------------------------------------
------------------------------------------
| rollout/                |              |
|    ep_len_mean          | 5e+03        |
|    ep_rew_mean          | -75.7        |
| time/                   |              |
|    fps                  | 7            |
|    iterations           | 478          |
|    time_elapsed         | 13316        |
|    total_timesteps      | 95600        |
| train/                  |              |
|    approx_kl            | 0.0070915893 |
|    clip_fraction        | 0.0855       |
|    clip_range           | 0.2          |
|    entropy_loss         | -1.12        |
|    explained_variance   | 0.511        |
|    learning_rate        | 0.0003       |
|    loss                 | -0.027       |
|    n_updates            | 4770         |
|    policy_gradient_loss | -0.00893     |
|    std                  | 0.748        |
|    value_loss           | 0.000593     |
------------------------------------------
-----------------------------------------
| rollout/                |             |
|    ep_len_mean          | 5e+03       |
|    ep_rew_mean          | -75.7       |
| time/                   |             |
|    fps                  | 7           |
|    iterations           | 479         |
|    time_elapsed         | 13344       |
|    total_timesteps      | 95800       |
| train/                  |             |
|    approx_kl            | 0.003569783 |
|    clip_fraction        | 0.102       |
|    clip_range           | 0.2         |
|    entropy_loss         | -1.13       |
|    explained_variance   | 0.0818      |
|    learning_rate        | 0.0003      |
|    loss                 | 0.0204      |
|    n_updates            | 4780        |
|    policy_gradient_loss | -0.00998    |
|    std                  | 0.746       |
|    value_loss           | 0.000259    |
-----------------------------------------
------------------------------------------
| rollout/                |              |
|    ep_len_mean          | 5e+03        |
|    ep_rew_mean          | -75.7        |
| time/                   |              |
|    fps                  | 7            |
|    iterations           | 480          |
|    time_elapsed         | 13373        |
|    total_timesteps      | 96000        |
| train/                  |              |
|    approx_kl            | 0.0028362623 |
|    clip_fraction        | 0.0082       |
|    clip_range           | 0.2          |
|    entropy_loss         | -1.12        |
|    explained_variance   | 0.259        |
|    learning_rate        | 0.0003       |
|    loss                 | -0.0154      |
|    n_updates            | 4790         |
|    policy_gradient_loss | 0.00157      |
|    std                  | 0.743        |
|    value_loss           | 7.05e-05     |
------------------------------------------
-----------------------------------------
| rollout/                |             |
|    ep_len_mean          | 5e+03       |
|    ep_rew_mean          | -75.7       |
| time/                   |             |
|    fps                  | 7           |
|    iterations           | 481         |
|    time_elapsed         | 13401       |
|    total_timesteps      | 96200       |
| train/                  |             |
|    approx_kl            | 0.007063455 |
|    clip_fraction        | 0.0441      |
|    clip_range           | 0.2         |
|    entropy_loss         | -1.12       |
|    explained_variance   | 0.583       |
|    learning_rate        | 0.0003      |
|    loss                 | -0.0555     |
|    n_updates            | 4800        |
|    policy_gradient_loss | -0.00643    |
|    std                  | 0.745       |
|    value_loss           | 9.28e-05    |
-----------------------------------------
-----------------------------------------
| rollout/                |             |
|    ep_len_mean          | 5e+03       |
|    ep_rew_mean          | -75.7       |
| time/                   |             |
|    fps                  | 7           |
|    iterations           | 482         |
|    time_elapsed         | 13430       |
|    total_timesteps      | 96400       |
| train/                  |             |
|    approx_kl            | 0.008149007 |
|    clip_fraction        | 0.0363      |
|    clip_range           | 0.2         |
|    entropy_loss         | -1.12       |
|    explained_variance   | -0.197      |
|    learning_rate        | 0.0003      |
|    loss                 | -0.0389     |
|    n_updates            | 4810        |
|    policy_gradient_loss | -0.00584    |
|    std                  | 0.744       |
|    value_loss           | 0.000669    |
-----------------------------------------
------------------------------------------
| rollout/                |              |
|    ep_len_mean          | 5e+03        |
|    ep_rew_mean          | -75.7        |
| time/                   |              |
|    fps                  | 7            |
|    iterations           | 483          |
|    time_elapsed         | 13458        |
|    total_timesteps      | 96600        |
| train/                  |              |
|    approx_kl            | 0.0062105106 |
|    clip_fraction        | 0.0391       |
|    clip_range           | 0.2          |
|    entropy_loss         | -1.12        |
|    explained_variance   | 0.814        |
|    learning_rate        | 0.0003       |
|    loss                 | 0.0405       |
|    n_updates            | 4820         |
|    policy_gradient_loss | 0.000526     |
|    std                  | 0.74         |
|    value_loss           | 0.00019      |
------------------------------------------
-----------------------------------------
| rollout/                |             |
|    ep_len_mean          | 5e+03       |
|    ep_rew_mean          | -75.7       |
| time/                   |             |
|    fps                  | 7           |
|    iterations           | 484         |
|    time_elapsed         | 13487       |
|    total_timesteps      | 96800       |
| train/                  |             |
|    approx_kl            | 0.005867241 |
|    clip_fraction        | 0.108       |
|    clip_range           | 0.2         |
|    entropy_loss         | -1.12       |
|    explained_variance   | -0.0532     |
|    learning_rate        | 0.0003      |
|    loss                 | -0.0184     |
|    n_updates            | 4830        |
|    policy_gradient_loss | -0.005      |
|    std                  | 0.736       |
|    value_loss           | 9.14e-05    |
-----------------------------------------
-------------------------------------------
| rollout/                |               |
|    ep_len_mean          | 5e+03         |
|    ep_rew_mean          | -75.7         |
| time/                   |               |
|    fps                  | 7             |
|    iterations           | 485           |
|    time_elapsed         | 13515         |
|    total_timesteps      | 97000         |
| train/                  |               |
|    approx_kl            | 0.00056895916 |
|    clip_fraction        | 0.000781      |
|    clip_range           | 0.2           |
|    entropy_loss         | -1.11         |
|    explained_variance   | 0.0468        |
|    learning_rate        | 0.0003        |
|    loss                 | 9.17e-05      |
|    n_updates            | 4840          |
|    policy_gradient_loss | 0.000345      |
|    std                  | 0.737         |
|    value_loss           | 0.000233      |
-------------------------------------------
------------------------------------------
| rollout/                |              |
|    ep_len_mean          | 5e+03        |
|    ep_rew_mean          | -75.7        |
| time/                   |              |
|    fps                  | 7            |
|    iterations           | 486          |
|    time_elapsed         | 13544        |
|    total_timesteps      | 97200        |
| train/                  |              |
|    approx_kl            | 0.0053843632 |
|    clip_fraction        | 0.0551       |
|    clip_range           | 0.2          |
|    entropy_loss         | -1.11        |
|    explained_variance   | 0.372        |
|    learning_rate        | 0.0003       |
|    loss                 | -0.0327      |
|    n_updates            | 4850         |
|    policy_gradient_loss | -0.00404     |
|    std                  | 0.737        |
|    value_loss           | 0.000167     |
------------------------------------------
-----------------------------------------
| rollout/                |             |
|    ep_len_mean          | 5e+03       |
|    ep_rew_mean          | -75.7       |
| time/                   |             |
|    fps                  | 7           |
|    iterations           | 487         |
|    time_elapsed         | 13572       |
|    total_timesteps      | 97400       |
| train/                  |             |
|    approx_kl            | 0.005308304 |
|    clip_fraction        | 0.157       |
|    clip_range           | 0.2         |
|    entropy_loss         | -1.11       |
|    explained_variance   | 0.481       |
|    learning_rate        | 0.0003      |
|    loss                 | -0.0227     |
|    n_updates            | 4860        |
|    policy_gradient_loss | -0.012      |
|    std                  | 0.737       |
|    value_loss           | 0.000104    |
-----------------------------------------
------------------------------------------
| rollout/                |              |
|    ep_len_mean          | 5e+03        |
|    ep_rew_mean          | -75.7        |
| time/                   |              |
|    fps                  | 7            |
|    iterations           | 488          |
|    time_elapsed         | 13601        |
|    total_timesteps      | 97600        |
| train/                  |              |
|    approx_kl            | 0.0039020446 |
|    clip_fraction        | 0.0129       |
|    clip_range           | 0.2          |
|    entropy_loss         | -1.11        |
|    explained_variance   | 0.653        |
|    learning_rate        | 0.0003       |
|    loss                 | -0.00153     |
|    n_updates            | 4870         |
|    policy_gradient_loss | -0.00201     |
|    std                  | 0.734        |
|    value_loss           | 0.000115     |
------------------------------------------
------------------------------------------
| rollout/                |              |
|    ep_len_mean          | 5e+03        |
|    ep_rew_mean          | -75.7        |
| time/                   |              |
|    fps                  | 7            |
|    iterations           | 489          |
|    time_elapsed         | 13630        |
|    total_timesteps      | 97800        |
| train/                  |              |
|    approx_kl            | 0.0036732631 |
|    clip_fraction        | 0.00664      |
|    clip_range           | 0.2          |
|    entropy_loss         | -1.11        |
|    explained_variance   | -1.06        |
|    learning_rate        | 0.0003       |
|    loss                 | 0.0283       |
|    n_updates            | 4880         |
|    policy_gradient_loss | -0.0013      |
|    std                  | 0.737        |
|    value_loss           | 0.000159     |
------------------------------------------
-----------------------------------------
| rollout/                |             |
|    ep_len_mean          | 5e+03       |
|    ep_rew_mean          | -75.7       |
| time/                   |             |
|    fps                  | 7           |
|    iterations           | 490         |
|    time_elapsed         | 13658       |
|    total_timesteps      | 98000       |
| train/                  |             |
|    approx_kl            | 0.010442903 |
|    clip_fraction        | 0.0242      |
|    clip_range           | 0.2         |
|    entropy_loss         | -1.11       |
|    explained_variance   | 0.805       |
|    learning_rate        | 0.0003      |
|    loss                 | 0.00972     |
|    n_updates            | 4890        |
|    policy_gradient_loss | -0.00282    |
|    std                  | 0.734       |
|    value_loss           | 8.51e-05    |
-----------------------------------------
-----------------------------------------
| rollout/                |             |
|    ep_len_mean          | 5e+03       |
|    ep_rew_mean          | -75.7       |
| time/                   |             |
|    fps                  | 7           |
|    iterations           | 491         |
|    time_elapsed         | 13687       |
|    total_timesteps      | 98200       |
| train/                  |             |
|    approx_kl            | 0.013286168 |
|    clip_fraction        | 0.0941      |
|    clip_range           | 0.2         |
|    entropy_loss         | -1.11       |
|    explained_variance   | 0.454       |
|    learning_rate        | 0.0003      |
|    loss                 | -0.053      |
|    n_updates            | 4900        |
|    policy_gradient_loss | -0.0147     |
|    std                  | 0.731       |
|    value_loss           | 8.52e-05    |
-----------------------------------------
-----------------------------------------
| rollout/                |             |
|    ep_len_mean          | 5e+03       |
|    ep_rew_mean          | -75.7       |
| time/                   |             |
|    fps                  | 7           |
|    iterations           | 492         |
|    time_elapsed         | 13715       |
|    total_timesteps      | 98400       |
| train/                  |             |
|    approx_kl            | 0.005862004 |
|    clip_fraction        | 0.0383      |
|    clip_range           | 0.2         |
|    entropy_loss         | -1.11       |
|    explained_variance   | -0.0252     |
|    learning_rate        | 0.0003      |
|    loss                 | 0.0224      |
|    n_updates            | 4910        |
|    policy_gradient_loss | -0.000217   |
|    std                  | 0.732       |
|    value_loss           | 0.000134    |
-----------------------------------------
-----------------------------------------
| rollout/                |             |
|    ep_len_mean          | 5e+03       |
|    ep_rew_mean          | -75.7       |
| time/                   |             |
|    fps                  | 7           |
|    iterations           | 493         |
|    time_elapsed         | 13744       |
|    total_timesteps      | 98600       |
| train/                  |             |
|    approx_kl            | 0.013453592 |
|    clip_fraction        | 0.11        |
|    clip_range           | 0.2         |
|    entropy_loss         | -1.11       |
|    explained_variance   | 0.164       |
|    learning_rate        | 0.0003      |
|    loss                 | -0.0289     |
|    n_updates            | 4920        |
|    policy_gradient_loss | -0.0066     |
|    std                  | 0.735       |
|    value_loss           | 0.000127    |
-----------------------------------------
------------------------------------------
| rollout/                |              |
|    ep_len_mean          | 5e+03        |
|    ep_rew_mean          | -75.7        |
| time/                   |              |
|    fps                  | 7            |
|    iterations           | 494          |
|    time_elapsed         | 13772        |
|    total_timesteps      | 98800        |
| train/                  |              |
|    approx_kl            | 0.0018456457 |
|    clip_fraction        | 0.00469      |
|    clip_range           | 0.2          |
|    entropy_loss         | -1.11        |
|    explained_variance   | 0.71         |
|    learning_rate        | 0.0003       |
|    loss                 | -0.02        |
|    n_updates            | 4930         |
|    policy_gradient_loss | -0.00146     |
|    std                  | 0.728        |
|    value_loss           | 9.35e-05     |
------------------------------------------
-----------------------------------------
| rollout/                |             |
|    ep_len_mean          | 5e+03       |
|    ep_rew_mean          | -75.7       |
| time/                   |             |
|    fps                  | 7           |
|    iterations           | 495         |
|    time_elapsed         | 13801       |
|    total_timesteps      | 99000       |
| train/                  |             |
|    approx_kl            | 0.008873179 |
|    clip_fraction        | 0.153       |
|    clip_range           | 0.2         |
|    entropy_loss         | -1.1        |
|    explained_variance   | 0.331       |
|    learning_rate        | 0.0003      |
|    loss                 | -0.00928    |
|    n_updates            | 4940        |
|    policy_gradient_loss | -0.00858    |
|    std                  | 0.729       |
|    value_loss           | 8.8e-05     |
-----------------------------------------
------------------------------------------
| rollout/                |              |
|    ep_len_mean          | 5e+03        |
|    ep_rew_mean          | -75.7        |
| time/                   |              |
|    fps                  | 7            |
|    iterations           | 496          |
|    time_elapsed         | 13829        |
|    total_timesteps      | 99200        |
| train/                  |              |
|    approx_kl            | 0.0024994358 |
|    clip_fraction        | 0.0262       |
|    clip_range           | 0.2          |
|    entropy_loss         | -1.1         |
|    explained_variance   | -0.235       |
|    learning_rate        | 0.0003       |
|    loss                 | 0.00735      |
|    n_updates            | 4950         |
|    policy_gradient_loss | -0.00138     |
|    std                  | 0.731        |
|    value_loss           | 0.000178     |
------------------------------------------
-----------------------------------------
| rollout/                |             |
|    ep_len_mean          | 5e+03       |
|    ep_rew_mean          | -75.7       |
| time/                   |             |
|    fps                  | 7           |
|    iterations           | 497         |
|    time_elapsed         | 13858       |
|    total_timesteps      | 99400       |
| train/                  |             |
|    approx_kl            | 0.005697744 |
|    clip_fraction        | 0.0961      |
|    clip_range           | 0.2         |
|    entropy_loss         | -1.1        |
|    explained_variance   | 0.627       |
|    learning_rate        | 0.0003      |
|    loss                 | -0.0113     |
|    n_updates            | 4960        |
|    policy_gradient_loss | -0.0125     |
|    std                  | 0.729       |
|    value_loss           | 0.000114    |
-----------------------------------------
-----------------------------------------
| rollout/                |             |
|    ep_len_mean          | 5e+03       |
|    ep_rew_mean          | -75.7       |
| time/                   |             |
|    fps                  | 7           |
|    iterations           | 498         |
|    time_elapsed         | 13886       |
|    total_timesteps      | 99600       |
| train/                  |             |
|    approx_kl            | 0.004170862 |
|    clip_fraction        | 0.0215      |
|    clip_range           | 0.2         |
|    entropy_loss         | -1.1        |
|    explained_variance   | -0.257      |
|    learning_rate        | 0.0003      |
|    loss                 | -0.011      |
|    n_updates            | 4970        |
|    policy_gradient_loss | -0.0028     |
|    std                  | 0.723       |
|    value_loss           | 0.000151    |
-----------------------------------------
----------------------------------------
| rollout/                |            |
|    ep_len_mean          | 5e+03      |
|    ep_rew_mean          | -75.7      |
| time/                   |            |
|    fps                  | 7          |
|    iterations           | 499        |
|    time_elapsed         | 13915      |
|    total_timesteps      | 99800      |
| train/                  |            |
|    approx_kl            | 0.00797853 |
|    clip_fraction        | 0.0848     |
|    clip_range           | 0.2        |
|    entropy_loss         | -1.09      |
|    explained_variance   | 0.165      |
|    learning_rate        | 0.0003     |
|    loss                 | -0.0493    |
|    n_updates            | 4980       |
|    policy_gradient_loss | -0.00979   |
|    std                  | 0.724      |
|    value_loss           | 0.000165   |
----------------------------------------
-----------------------------------------
| rollout/                |             |
|    ep_len_mean          | 5e+03       |
|    ep_rew_mean          | -75.7       |
| time/                   |             |
|    fps                  | 7           |
|    iterations           | 500         |
|    time_elapsed         | 13943       |
|    total_timesteps      | 100000      |
| train/                  |             |
|    approx_kl            | 0.009099832 |
|    clip_fraction        | 0.0246      |
|    clip_range           | 0.2         |
|    entropy_loss         | -1.09       |
|    explained_variance   | 0.302       |
|    learning_rate        | 0.0003      |
|    loss                 | -0.0472     |
|    n_updates            | 4990        |
|    policy_gradient_loss | -0.000647   |
|    std                  | 0.721       |
|    value_loss           | 0.00018     |
-----------------------------------------

======================================================================
✓ Training completed!
✓ Model saved to: /work/rl_logs/PPO_Firedrake_cylinder_znmf_20260923_033943/model_final.zip
✓ Normalization stats saved to: /work/rl_logs/PPO_Firedrake_cylinder_znmf_20260923_033943/vec_normalize_final.pkl
======================================================================

✓ Environment closed

WARNING! There are options you set that were not used!
WARNING! could be spelling mistake, etc!
There are 12 unused database options. They are:
Option left: name:--algo value: PPO source: command line
Option left: name:--env value: cylinder_znmf source: command line
Option left: name:--log-dir value: /work/rl_logs source: command line
Option left: name:--max-steps value: 5000 source: command line
Option left: name:--obs-type value: lift_drag source: command line
Option left: name:--total-timesteps value: 100000 source: command line
Option left: name:-algo value: PPO source: code
Option left: name:-env value: cylinder_znmf source: code
Option left: name:-log-dir value: /work/rl_logs source: code
Option left: name:-max-steps value: 5000 source: code
Option left: name:-obs-type value: lift_drag source: code
Option left: name:-total-timesteps value: 100000 source: code
