$MeshFormat
2.2 0 8
$EndMeshFormat
$PhysicalNames
5
1 1 "left"
1 2 "right"
1 3 "bottom"
1 4 "top"
2 5 "fluid"
$EndPhysicalNames
$Nodes
5460
1 0 0 0
2 3.141592653589793 0 0
3 3.141592653589793 2 0
4 0 2 0
5 0.01110103411160362 0 0
6 0.02220206822320723 0 0
7 0.03330310233481104 0 0
8 0.0444041364464149 0 0
9 0.05550517055801877 0 0
10 0.06660620466962262 0 0
11 0.07770723878122604 0 0
12 0.08880827289282868 0 0
13 0.09990930700443093 0 0
14 0.1110103411160311 0 0
15 0.1221113752276313 0 0
16 0.1332124093392303 0 0
17 0.1443134434508293 0 0
18 0.1554144775624283 0 0
19 0.1665155116740272 0 0
20 0.1776165457856275 0 0
21 0.1887175798972289 0 0
22 0.1998186140088318 0 0
23 0.2109196481204381 0 0
24 0.2220206822320447 0 0
25 0.2331217163436535 0 0
26 0.2442227504552623 0 0
27 0.2553237845668666 0 0
28 0.2664248186784705 0 0
29 0.2775258527900744 0 0
30 0.2886268869016782 0 0
31 0.2997279210132821 0 0
32 0.310828955124886 0 0
33 0.3219299892364898 0 0
34 0.3330310233480937 0 0
35 0.3441320574596975 0 0
36 0.3552330915713014 0 0
37 0.3663341256829052 0 0
38 0.3774351597945051 0 0
39 0.3885361939061041 0 0
40 0.399637228017703 0 0
41 0.410738262129302 0 0
42 0.4218392962408989 0 0
43 0.432940330352493 0 0
44 0.444041364464087 0 0
45 0.4551423985756811 0 0
46 0.4662434326872751 0 0
47 0.4773444667988692 0 0
48 0.4884455009104632 0 0
49 0.4995465350220534 0 0
50 0.5106475691336425 0 0
51 0.5217486032452318 0 0
52 0.5328496373568209 0 0
53 0.54395067146841 0 0
54 0.5550517055799992 0 0
55 0.5661527396915897 0 0
56 0.5772537738031888 0 0
57 0.5883548079147878 0 0
58 0.5994558420263867 0 0
59 0.6105568761379857 0 0
60 0.6216579102495775 0 0
61 0.6327589443611666 0 0
62 0.6438599784727558 0 0
63 0.6549610125843449 0 0
64 0.666062046695937 0 0
65 0.6771630808075361 0 0
66 0.6882641149191351 0 0
67 0.699365149030734 0 0
68 0.7104661831423329 0 0
69 0.7215672172539231 0 0
70 0.7326682513655123 0 0
71 0.7437692854771014 0 0
72 0.7548703195886906 0 0
73 0.7659713537002844 0 0
74 0.7770723878118833 0 0
75 0.7881734219234824 0 0
76 0.7992744560350812 0 0
77 0.81037549014668 0 0
78 0.821476524258269 0 0
79 0.8325775583698583 0 0
80 0.8436785924814474 0 0
81 0.8547796265930365 0 0
82 0.8658806607046318 0 0
83 0.8769816948162308 0 0
84 0.8880827289278298 0 0
85 0.8991837630394287 0 0
86 0.9102847971510258 0 0
87 0.921385831262615 0 0
88 0.9324868653742042 0 0
89 0.9435878994857932 0 0
90 0.9546889335973826 0 0
91 0.9657899677089792 0 0
92 0.9768910018205783 0 0
93 0.9879920359321828 0 0
94 0.9990930700437914 0 0
95 1.0101941041554 0 0
96 1.021295138267009 0 0
97 1.032396172378615 0 0
98 1.043497206490204 0 0
99 1.054598240601793 0 0
100 1.065699274713382 0 0
101 1.076800308824972 0 0
102 1.087901342936561 0 0
103 1.09900237704815 0 0
104 1.110103411159739 0 0
105 1.121204445271328 0 0
106 1.132305479382923 0 0
107 1.143406513494532 0 0
108 1.154507547606139 0 0
109 1.165608581717728 0 0
110 1.176709615829318 0 0
111 1.187810649940907 0 0
112 1.198911684052496 0 0
113 1.210012718164098 0 0
114 1.221113752275707 0 0
115 1.232214786387307 0 0
116 1.243315820498896 0 0
117 1.254416854610485 0 0
118 1.265517888722074 0 0
119 1.276618922833664 0 0
120 1.287719956945253 0 0
121 1.298820991056842 0 0
122 1.309922025168431 0 0
123 1.32102305928002 0 0
124 1.332124093391621 0 0
125 1.34322512750323 0 0
126 1.354326161614831 0 0
127 1.36542719572642 0 0
128 1.376528229838009 0 0
129 1.387629263949599 0 0
130 1.398730298061188 0 0
131 1.409831332172796 0 0
132 1.420932366284405 0 0
133 1.432033400395998 0 0
134 1.443134434507588 0 0
135 1.454235468619177 0 0
136 1.465336502730766 0 0
137 1.476437536842355 0 0
138 1.487538570953945 0 0
139 1.498639605065534 0 0
140 1.509740639177123 0 0
141 1.520841673288712 0 0
142 1.531942707400319 0 0
143 1.543043741511928 0 0
144 1.554144775623537 0 0
145 1.565245809735146 0 0
146 1.576346843846764 0 0
147 1.587447877958392 0 0
148 1.598548912070026 0 0
149 1.609649946181674 0 0
150 1.620750980293323 0 0
151 1.63185201440497 0 0
152 1.642953048516619 0 0
153 1.654054082628284 0 0
154 1.665155116739951 0 0
155 1.676256150851619 0 0
156 1.687357184963286 0 0
157 1.698458219074946 0 0
158 1.709559253186593 0 0
159 1.720660287298241 0 0
160 1.731761321409889 0 0
161 1.742862355521537 0 0
162 1.753963389633185 0 0
163 1.765064423744833 0 0
164 1.776165457856482 0 0
165 1.78726649196813 0 0
166 1.798367526079778 0 0
167 1.809468560191426 0 0
168 1.820569594303074 0 0
169 1.831670628414722 0 0
170 1.842771662526373 0 0
171 1.853872696638041 0 0
172 1.864973730749709 0 0
173 1.876074764861376 0 0
174 1.887175798973044 0 0
175 1.898276833084696 0 0
176 1.909377867196345 0 0
177 1.920478901307992 0 0
178 1.931579935419641 0 0
179 1.942680969531289 0 0
180 1.953782003642937 0 0
181 1.964883037754585 0 0
182 1.975984071866233 0 0
183 1.987085105977881 0 0
184 1.998186140089529 0 0
185 2.009287174201177 0 0
186 2.020388208312825 0 0
187 2.031489242424473 0 0
188 2.042590276536121 0 0
189 2.053691310647769 0 0
190 2.064792344759417 0 0
191 2.075893378871065 0 0
192 2.086994412982713 0 0
193 2.098095447094361 0 0
194 2.10919648120601 0 0
195 2.120297515317657 0 0
196 2.131398549429306 0 0
197 2.142499583540979 0 0
198 2.153600617652666 0 0
199 2.164701651764353 0 0
200 2.17580268587604 0 0
201 2.186903719987718 0 0
202 2.198004754099367 0 0
203 2.209105788211014 0 0
204 2.220206822322663 0 0
205 2.231307856434311 0 0
206 2.242408890545959 0 0
207 2.253509924657607 0 0
208 2.264610958769255 0 0
209 2.275711992880903 0 0
210 2.286813026992551 0 0
211 2.297914061104199 0 0
212 2.309015095215847 0 0
213 2.320116129327495 0 0
214 2.331217163439143 0 0
215 2.342318197550791 0 0
216 2.353419231662439 0 0
217 2.364520265774087 0 0
218 2.375621299885735 0 0
219 2.386722333997383 0 0
220 2.397823368109032 0 0
221 2.408924402220679 0 0
222 2.420025436332327 0 0
223 2.431126470443975 0 0
224 2.442227504555623 0 0
225 2.453328538667271 0 0
226 2.464429572778919 0 0
227 2.475530606890568 0 0
228 2.486631641002215 0 0
229 2.497732675113864 0 0
230 2.508833709225511 0 0
231 2.519934743337159 0 0
232 2.531035777448818 0 0
233 2.542136811560505 0 0
234 2.553237845672193 0 0
235 2.56433887978388 0 0
236 2.575439913895567 0 0
237 2.586540948007221 0 0
238 2.597641982118869 0 0
239 2.608743016230517 0 0
240 2.619844050342165 0 0
241 2.630945084453813 0 0
242 2.642046118565461 0 0
243 2.653147152677109 0 0
244 2.664248186788757 0 0
245 2.675349220900405 0 0
246 2.686450255012053 0 0
247 2.697551289123701 0 0
248 2.708652323235349 0 0
249 2.719753357346997 0 0
250 2.730854391458645 0 0
251 2.741955425570293 0 0
252 2.753056459681941 0 0
253 2.76415749379359 0 0
254 2.775258527905237 0 0
255 2.786359562016886 0 0
256 2.797460596128534 0 0
257 2.808561630240181 0 0
258 2.81966266435183 0 0
259 2.830763698463477 0 0
260 2.841864732575126 0 0
261 2.852965766686773 0 0
262 2.864066800798422 0 0
263 2.875167834910069 0 0
264 2.886268869021718 0 0
265 2.897369903133365 0 0
266 2.908470937245013 0 0
267 2.919571971356661 0 0
268 2.930673005468344 0 0
269 2.941774039580031 0 0
270 2.952875073691719 0 0
271 2.963976107803406 0 0
272 2.975077141915075 0 0
273 2.986178176026723 0 0
274 2.997279210138371 0 0
275 3.008380244250018 0 0
276 3.019481278361666 0 0
277 3.030582312473314 0 0
278 3.041683346584962 0 0
279 3.05278438069661 0 0
280 3.063885414808258 0 0
281 3.074986448919906 0 0
282 3.086087483031554 0 0
283 3.097188517143201 0 0
284 3.108289551254849 0 0
285 3.119390585366497 0 0
286 3.130491619478145 0 0
287 3.141592653589793 0.01091979354234235 0
288 3.141592653589793 0.02183958708465433 0
289 3.141592653589793 0.03275938062696607 0
290 3.141592653589793 0.04431203420387646 0
291 3.141592653589793 0.05950682458812757 0
292 3.141592653589793 0.07991197560287892 0
293 3.141592653589793 0.1073141422811068 0
294 3.141592653589793 0.1441126279709247 0
295 3.141592653589793 0.1935294853301661 0
296 3.141592653589793 0.259891579327625 0
297 3.141592653589793 0.3448116503785336 0
298 3.141592653589793 0.4321700969953074 0
299 3.141592653589793 0.5195285436120808 0
300 3.141592653589793 0.6068869902288543 0
301 3.141592653589793 0.6942454368455278 0
302 3.141592653589793 0.7816038834623016 0
303 3.141592653589793 0.868962330079075 0
304 3.141592653589793 0.9563207766957272 0
305 3.141592653589793 1.043679223311825 0
306 3.141592653589793 1.131037669927559 0
307 3.141592653589793 1.218396116543293 0
308 3.141592653589793 1.305754563159027 0
309 3.141592653589793 1.393113009775216 0
310 3.141592653589793 1.48047145639095 0
311 3.141592653589793 1.567829903006684 0
312 3.141592653589793 1.655188349622418 0
313 3.141592653589793 1.740108420672255 0
314 3.141592653589793 1.806470514669408 0
315 3.141592653589793 1.855887372028852 0
316 3.141592653589793 1.892685857718823 0
317 3.141592653589793 1.920088024396763 0
318 3.141592653589793 1.940493175411613 0
319 3.141592653589793 1.955687965795939 0
320 3.141592653589793 1.967240619372906 0
321 3.141592653589793 1.97816041291527 0
322 3.141592653589793 1.989080206457635 0
323 3.130491619478145 2 0
324 3.119390585366497 2 0
325 3.10828955125488 2 0
326 3.097188517143271 2 0
327 3.086087483031685 2 0
328 3.074986448920116 2 0
329 3.063885414808546 2 0
330 3.052784380696977 2 0
331 3.041683346585401 2 0
332 3.030582312473792 2 0
333 3.019481278362183 2 0
334 3.008380244250537 2 0
335 2.99727921013889 2 0
336 2.98617817602727 2 0
337 2.975077141915662 2 0
338 2.963976107804073 2 0
339 2.952875073692504 2 0
340 2.941774039580934 2 0
341 2.930673005469365 2 0
342 2.919571971357791 2 0
343 2.908470937246182 2 0
344 2.897369903134574 2 0
345 2.88626886902293 2 0
346 2.875167834911282 2 0
347 2.864066800799634 2 0
348 2.852965766687986 2 0
349 2.841864732576356 2 0
350 2.830763698464748 2 0
351 2.819662664353149 2 0
352 2.808561630241579 2 0
353 2.79746059613001 2 0
354 2.78635956201844 2 0
355 2.775258527906871 2 0
356 2.764157493795269 2 0
357 2.75305645968366 2 0
358 2.741955425572051 2 0
359 2.730854391460442 2 0
360 2.719753357348849 2 0
361 2.70865232323728 2 0
362 2.697551289125711 2 0
363 2.686450255014141 2 0
364 2.675349220902572 2 0
365 2.664248186791002 2 0
366 2.653147152679432 2 0
367 2.642046118567832 2 0
368 2.630945084456223 2 0
369 2.619844050344592 2 0
370 2.608743016232944 2 0
371 2.59764198212131 2 0
372 2.586540948009702 2 0
373 2.575439913898099 2 0
374 2.564338879786529 2 0
375 2.55323784567496 2 0
376 2.54213681156339 2 0
377 2.53103577745182 2 0
378 2.519934743340251 2 0
379 2.508833709228681 2 0
380 2.497732675117112 2 0
381 2.486631641005542 2 0
382 2.475530606893972 2 0
383 2.464429572782403 2 0
384 2.453328538670834 2 0
385 2.442227504559264 2 0
386 2.431126470447694 2 0
387 2.420025436336125 2 0
388 2.408924402224556 2 0
389 2.397823368112959 2 0
390 2.386722334001351 2 0
391 2.375621299889724 2 0
392 2.364520265778076 2 0
393 2.353419231666428 2 0
394 2.34231819755478 2 0
395 2.331217163443133 2 0
396 2.320116129331525 2 0
397 2.309015095219916 2 0
398 2.29791406110834 2 0
399 2.28681302699677 2 0
400 2.275711992885201 2 0
401 2.264610958773631 2 0
402 2.253509924662062 2 0
403 2.242408890550492 2 0
404 2.231307856438923 2 0
405 2.220206822327353 2 0
406 2.209105788215783 2 0
407 2.198004754104214 2 0
408 2.186903719992644 2 0
409 2.175802685881075 2 0
410 2.164701651769505 2 0
411 2.153600617657914 2 0
412 2.142499583546305 2 0
413 2.131398549434683 2 0
414 2.120297515323034 2 0
415 2.109196481211386 2 0
416 2.098095447099738 2 0
417 2.086994412988091 2 0
418 2.075893378876442 2 0
419 2.064792344764795 2 0
420 2.053691310653175 2 0
421 2.042590276541566 2 0
422 2.031489242429977 2 0
423 2.020388208318407 2 0
424 2.009287174206832 2 0
425 1.998186140095243 2 0
426 1.987085105983654 2 0
427 1.975984071872065 2 0
428 1.964883037760476 2 0
429 1.953782003648886 2 0
430 1.942680969537297 2 0
431 1.931579935425695 2 0
432 1.920478901314086 2 0
433 1.909377867202486 2 0
434 1.898276833090897 2 0
435 1.887175798979308 2 0
436 1.876074764867719 2 0
437 1.86497373075613 2 0
438 1.85387269664454 2 0
439 1.842771662532951 2 0
440 1.831670628421362 2 0
441 1.820569594309773 2 0
442 1.809468560198172 2 0
443 1.798367526086563 2 0
444 1.787266491974962 2 0
445 1.776165457863373 2 0
446 1.765064423751784 2 0
447 1.753963389640194 2 0
448 1.742862355528605 2 0
449 1.731761321416997 2 0
450 1.720660287305388 2 0
451 1.709559253193795 2 0
452 1.698458219082205 2 0
453 1.687357184970616 2 0
454 1.676256150859027 2 0
455 1.665155116747438 2 0
456 1.654054082635849 2 0
457 1.642953048524259 2 0
458 1.63185201441267 2 0
459 1.620750980301081 2 0
460 1.609649946189474 2 0
461 1.598548912077865 2 0
462 1.587447877966256 2 0
463 1.576346843854648 2 0
464 1.565245809743029 2 0
465 1.5541447756314 2 0
466 1.543043741519767 2 0
467 1.531942707408119 2 0
468 1.52084167329647 2 0
469 1.509740639184822 2 0
470 1.498639605073175 2 0
471 1.487538570961509 2 0
472 1.476437536849842 2 0
473 1.465336502738174 2 0
474 1.454235468626507 2 0
475 1.443134434514848 2 0
476 1.432033400403199 2 0
477 1.420932366291552 2 0
478 1.409831332179904 2 0
479 1.398730298068256 2 0
480 1.387629263956607 2 0
481 1.37652822984496 2 0
482 1.365427195733312 2 0
483 1.354326161621663 2 0
484 1.343225127510015 2 0
485 1.332124093398367 2 0
486 1.321023059286719 2 0
487 1.309922025175071 2 0
488 1.298820991063419 2 0
489 1.287719956951752 2 0
490 1.276618922840084 2 0
491 1.265517888728417 2 0
492 1.254416854616749 2 0
493 1.243315820505097 2 0
494 1.232214786393449 2 0
495 1.2211137522818 2 0
496 1.210012718170153 2 0
497 1.198911684058504 2 0
498 1.187810649946856 2 0
499 1.176709615835208 2 0
500 1.16560858172356 2 0
501 1.154507547611912 2 0
502 1.143406513500264 2 0
503 1.132305479388616 2 0
504 1.121204445276968 2 0
505 1.11010341116532 2 0
506 1.099002377053672 2 0
507 1.087901342942024 2 0
508 1.076800308830376 2 0
509 1.065699274718728 2 0
510 1.05459824060708 2 0
511 1.043497206495432 2 0
512 1.032396172383784 2 0
513 1.021295138272136 2 0
514 1.010194104160488 2 0
515 0.9990930700488145 2 0
516 0.9879920359371273 2 0
517 0.97689100182544 2 0
518 0.9657899677137527 2 0
519 0.9546889336020747 2 0
520 0.9435878994904265 2 0
521 0.9324868653787783 2 0
522 0.9213858312671301 2 0
523 0.9102847971554824 2 0
524 0.8991837630438342 2 0
525 0.888082728932186 2 0
526 0.8769816948205378 2 0
527 0.86588066070889 2 0
528 0.8547796265972423 2 0
529 0.8436785924855941 2 0
530 0.8325775583739459 2 0
531 0.8214765242622981 2 0
532 0.8103754901506499 2 0
533 0.7992744560390017 2 0
534 0.7881734219273535 2 0
535 0.7770723878157058 2 0
536 0.7659713537040576 2 0
537 0.7548703195924098 2 0
538 0.7437692854807616 2 0
539 0.7326682513691138 2 0
540 0.7215672172574656 2 0
541 0.7104661831458174 2 0
542 0.6993651490341697 2 0
543 0.6882641149225215 2 0
544 0.6771630808108737 2 0
545 0.6660620466992255 2 0
546 0.6549610125875778 2 0
547 0.6438599784759296 2 0
548 0.6327589443642814 2 0
549 0.6216579102526332 2 0
550 0.6105568761409748 2 0
551 0.5994558420292875 2 0
552 0.5883548079176002 2 0
553 0.5772537738059129 2 0
554 0.5661527396942261 2 0
555 0.5550517055825721 2 0
556 0.5439506714709239 2 0
557 0.5328496373592762 2 0
558 0.521748603247628 2 0
559 0.5106475691359798 2 0
560 0.4995465350243316 2 0
561 0.4884455009126838 2 0
562 0.4773444668010356 2 0
563 0.4662434326893878 2 0
564 0.4551423985777396 2 0
565 0.4440413644660919 2 0
566 0.4329403303544437 2 0
567 0.4218392962427955 2 0
568 0.4107382621311477 2 0
569 0.3996372280194995 2 0
570 0.3885361939078518 2 0
571 0.3774351597962036 2 0
572 0.3663341256845554 2 0
573 0.3552330915729076 2 0
574 0.3441320574612594 2 0
575 0.3330310233496112 2 0
576 0.3219299892379635 2 0
577 0.3108289551263157 2 0
578 0.2997279210146675 2 0
579 0.2886268869030197 2 0
580 0.2775258527913715 2 0
581 0.2664248186797238 2 0
582 0.2553237845680756 2 0
583 0.2442227504564278 2 0
584 0.2331217163447796 2 0
585 0.2220206822331319 2 0
586 0.2109196481214495 2 0
587 0.1998186140097618 2 0
588 0.1887175798980745 2 0
589 0.1776165457863867 2 0
590 0.1665155116747186 2 0
591 0.1554144775630704 2 0
592 0.1443134434514226 2 0
593 0.1332124093397744 2 0
594 0.1221113752281271 2 0
595 0.1110103411164793 2 0
596 0.09990930700483114 2 0
597 0.08880827289318338 2 0
598 0.07770723878153518 2 0
599 0.06660620466988743 2 0
600 0.05550517055823923 2 0
601 0.04440413644659191 2 0
602 0.03330310233494371 2 0
603 0.02220206822329596 2 0
604 0.01110103411164776 2 0
605 0 1.989080206457685 0
606 0 1.97816041291537 0
607 0 1.967240619373054 0
608 0 1.95568796579614 0
609 0 1.940493175411884 0
610 0 1.920088024397126 0
611 0 1.892685857718857 0
612 0 1.855887372029053 0
613 0 1.806470514669834 0
614 0 1.740108420672527 0
615 0 1.655188349622622 0
616 0 1.567829903006831 0
617 0 1.480471456391039 0
618 0 1.393113009775248 0
619 0 1.305754563159456 0
620 0 1.218396116543664 0
621 0 1.131037669927873 0
622 0 1.043679223312081 0
623 0 0.9563207766958048 0
624 0 0.8689623300790439 0
625 0 0.7816038834622832 0
626 0 0.694245436845522 0
627 0 0.6068869902287612 0
628 0 0.5195285436120003 0
629 0 0.4321700969952396 0
630 0 0.3448116503784784 0
631 0 0.2598915793275849 0
632 0 0.1935294853301686 0
633 0 0.1441126279709464 0
634 0 0.1073141422811428 0
635 0 0.07991197560287278 0
636 0 0.05950682458811518 0
637 0 0.04431203420385943 0
638 0 0.0327593806269455 0
639 0 0.02183958708463041 0
640 0 0.01091979354231509 0
641 2.024723792120721 1.988619250789784 0
642 1.094411592809128 0.008952648215427322 0
643 1.382092504386792 0.00949136580957482 0
644 1.748811565650722 1.990344705093796 0
645 1.23663088391217 0.009819184046989192 0
646 1.524792846709476 0.008751062022072017 0
647 1.893839123321544 0.008505434958867906 0
648 2.138226868674054 0.009464076817210777 0
649 1.004711546945885 1.98987592026342 0
650 1.604064477951276 1.990389448839617 0
651 1.160223854763989 1.989060095866444 0
652 1.303019979197232 1.989742537768478 0
653 1.44834812883504 1.99000952893356 0
654 1.681855020074801 0.009688403922948802 0
655 2.159034317197671 1.989814489600194 0
656 1.892726316035102 1.990386222451086 0
657 0.9611867597228414 0.0106077163190543 0
658 0.8825624286525977 1.99044844893592 0
659 2.260607473995434 0.01123598142303705 0
660 2.014174653040704 0.008093784183431298 0
661 0.8384964893484028 0.008682505243372145 0
662 2.281506048589022 1.99097879962831 0
663 2.392340932188377 1.989662583479749 0
664 2.371120818796773 0.008080232001724832 0
665 2.4806325252107 0.007948481406062531 0
666 0.7707089509700895 1.989858270607691 0
667 0.6602469231188668 1.991308949301959 0
668 0.727587294835335 0.01008436141904542 0
669 2.580843150476716 0.009876491347756693 0
670 0.559627807709399 1.990886192082181 0
671 1.792561764612421 0.009890240765396907 0
672 0.624887576400585 0.008274247468534392 0
673 0.528427609759894 0.007713322479345691 0
674 2.494246418109938 1.991072125179375 0
675 2.591649473679873 1.990348063310879 0
676 2.681330495500389 1.991589648788157 0
677 2.669425829502945 0.009923437328768735 0
678 0.4715439747877582 1.991205940383795 0
679 0.4395344005093675 0.009041377183087246 0
680 0.395935936760352 1.991942530724292 0
681 0.3163306519310143 1.991163553334078 0
682 2.74757269008399 0.01034323899775242 0
683 2.827042118992849 0.01032673490522851 0
684 1.604265424618186 0.009384114242423806 0
685 1.526698979967485 1.990449907182621 0
686 1.081116479605674 1.990817782285171 0
687 0.3606322660584153 0.01099697330042027 0
688 2.759707605014668 1.9913312725105 0
689 1.237633857840737 1.990846846586878 0
690 2.093045525754833 1.990902579887208 0
691 0.2483669747150418 1.990579664094305 0
692 2.890958997126492 0.01007830505748311 0
693 1.37271260686186 1.991625338380908 0
694 1.95889066951423 1.991211350464921 0
695 1.681788586585664 1.990253422855466 0
696 1.4487851473624 0.009472500112162819 0
697 1.171980861171972 0.009562821680216821 0
698 1.315472542224225 0.009613777548913809 0
699 1.81535995415215 1.991200335502372 0
700 0.296368025343752 0.00836484589018764 0
701 1.025405585988058 0.01039460247978695 0
702 2.822853614887793 1.992668024122386 0
703 2.89274984059394 1.988995020106204 0
704 0.07528628780306859 1.005180043652897 0
705 3.065319197547551 1.001238944221699 0
706 2.192248625142774 0.008638497386989604 0
707 0.9490402085987891 1.99035837113987 0
708 2.94615190750114 0.009073301594939664 0
709 0.1950036687119568 1.990719519841374 0
710 1.959637370189538 0.009065287633999101 0
711 2.070811510475747 0.009832597688763812 0
712 0.7157365580587529 1.991255726191554 0
713 0.8279006480823228 1.9912377444051 0
714 2.425991318621228 0.009110359995463675 0
715 2.315094977843629 0.008138128357027673 0
716 1.737466911868133 0.009583149583474428 0
717 0.8935802267001167 0.009254051208447717 0
718 0.2384773050709436 0.008749637137397962 0
719 0.1834939512989878 0.0110532411098828 0
720 0.7821286455869847 0.009118992977260031 0
721 2.335939109606421 1.989663957632649 0
722 2.225566837064877 1.990528274646093 0
723 2.946899793985603 1.991466216329898 0
724 0.07491860672082529 1.355633506901499 0
725 3.065031024939479 0.6492937565194324 0
726 0.07585652649475527 0.6536332892190604 0
727 3.064155987392911 1.352537623190871 0
728 2.536792013847239 0.008604030497054504 0
729 0.6070910441037652 1.991787778750875 0
730 1.84774456642131 0.009616537814240942 0
731 2.990336402286435 0.01026613034260394 0
732 0.1504761279021019 1.991314581205679 0
733 2.624806691031978 0.0102583734072906 0
734 0.5162546199444752 1.990201625839803 0
735 0.583895785706946 0.01003617446350433 0
736 0.6821302354869931 0.008591500044126956 0
737 0.1402113566760259 0.01102702144849213 0
738 2.991228892360332 1.989407311942534 0
739 0.4824666889670123 0.009536889703328806 0
740 2.636164599523331 1.990224551270275 0
741 2.536906864810199 1.990582577576752 0
742 2.447377382271464 1.988875586680451 0
743 3.035953123956305 1.990515646033606 0
744 3.037482389434368 0.009641039126811876 0
745 0.1040386712664079 1.990440778604655 0
746 0.08078402074606401 1.634471574183467 0
747 3.057194957853746 0.367049670062655 0
748 0.07363762492883122 0.3873824426793658 0
749 3.063181704803269 1.616070337124816 0
750 0.08321306124066295 0.009302396401120527 0
751 2.859558218429984 1.990289993934702 0
752 1.648414585893615 0.009600978626773884 0
753 1.482009315322759 1.990258565516664 0
754 2.127415535936459 1.990141034125973 0
755 1.270272700125648 1.990858621933414 0
756 2.726443063049577 1.989557962285573 0
757 1.560029336122537 1.990550604053121 0
758 2.791928507739357 0.009807181534975177 0
759 1.048588615883888 1.990776815361007 0
760 0.3600506799275356 1.991079083871968 0
761 2.226993807567119 0.009343814962352379 0
762 1.114482679408368 1.991050234093098 0
763 1.925884267716128 0.009429188912348997 0
764 2.703585966036262 0.009384680029032382 0
765 0.07177425397067815 1.990951631422645 0
766 0.2826662550604884 1.990607622757675 0
767 1.337608628601156 1.990355181901191 0
768 0.9159706416302466 1.990588869357046 0
769 1.403852324403893 1.989720118751749 0
770 0.4388209814831822 1.991595909708913 0
771 1.203388992936077 1.990051207187991 0
772 1.571994068716902 0.01035537970624132 0
773 2.858570244006145 0.01003476014389825 0
774 2.104347116056845 0.008898043898650974 0
775 3.069400986688925 0.009964422200453545 0
776 2.058941558248853 1.991260845965191 0
777 0.9932187702058484 0.0109878190294419 0
778 1.138021951099597 0.00892359361276282 0
779 0.3255281705005577 0.009473887506098618 0
780 1.926674819167768 1.990816432254705 0
781 0.3952079745015691 0.008323765374381184 0
782 1.637216254490462 1.9903506860025 0
783 1.992611147111223 1.991066005955771 0
784 1.482426977402902 0.009362048063539354 0
785 1.859574657899224 1.989263369457996 0
786 1.059071977765545 0.009410000658687533 0
787 1.269968828503511 0.01064879833482952 0
788 1.415552937207272 0.009940026580404855 0
789 1.782065891916988 1.991071403563271 0
790 1.715172153698222 1.99026182039413 0
791 1.350377592988743 0.008331812876353383 0
792 1.204186261032809 0.01012345480692483 0
793 0.927357790700544 0.008665571340834609 0
794 2.79271962731434 1.991767311501565 0
795 2.192155941603711 1.990195308496169 0
796 3.071517110909458 1.990779549653109 0
797 0.04256809096625736 0.1689077711408527 0
798 0.03529183240701862 1.83250446208659 0
799 3.100171792239877 0.1765593248233499 0
800 3.099381266519002 1.833355760683307 0
801 0.04874493290068181 0.01014302585473507 0
802 3.120453507521692 1.907192442375423 0
803 3.118155895816848 0.08936834189369139 0
804 0.02365231916403419 1.905173556075752 0
805 0.02208806759253677 0.09365505910408201 0
806 3.130176837244077 0.05088505833189681 0
807 0.01303065608399925 1.948039125749863 0
808 3.129380105659247 1.947586287353853 0
809 0.01257761827640968 0.05234672575406944 0
810 0.2178131891179631 1.99130017184423 0
811 2.926167069524615 0.01048569702703257 0
812 0.9822350168368571 1.989982011763041 0
813 2.158792944016681 0.01036572554465062 0
814 3.01393076130635 1.990386222451053 0
815 2.56019456174865 0.01007023015088753 0
816 0.5819607362130641 1.990232675573352 0
817 2.359408524375183 1.991095260217121 0
818 1.870690862745176 0.008315403115853765 0
819 0.6257489436799598 1.992131187765107 0
820 2.513605636227105 0.009621102398962305 0
821 2.61364108497369 1.989958214186821 0
822 1.704091426505856 0.009674266836463608 0
823 3.091661230945663 0.009617146472819312 0
824 2.970955600768311 0.008836387083446142 0
825 3.014679813519423 0.008904316717839741 0
826 1.827047540009342 0.01056140029784417 0
827 1.02689696323081 1.990277889034943 0
828 1.626130877628354 0.009539809522893433 0
829 2.313948094869423 1.990415339462927 0
830 2.048572962194189 0.00921305888792795 0
831 2.337644627353777 0.01003896478531853 0
832 2.914946785847908 1.991526099231488 0
833 2.604712206458608 0.01094053303558641 0
834 2.447079995114149 0.008985042006568959 0
835 0.5381708163630214 1.991674869090252 0
836 1.424890907883966 1.989378607554245 0
837 0.1726570003489736 1.991008270252665 0
838 2.769580558367938 0.01037989634309817 0
839 1.981858470013282 0.008344474340349579 0
840 0.7382990409488878 1.99127327807442 0
841 0.4154596363581453 1.990140835427874 0
842 0.04960129249306293 1.990915790315879 0
843 1.77056522475113 0.00983360103742412 0
844 0.8489015466831686 1.991640877828072 0
845 0.338287563751604 1.991470584359574 0
846 1.504354466142409 1.990385899007308 0
847 0.6837662313881744 1.989472707719176 0
848 0.4936022199542482 1.991400593868139 0
849 0.1285714684339055 1.991121791050335 0
850 0.8062872864637184 1.990680397183312 0
851 2.391253265247014 0.009782069000465646 0
852 1.182113479462986 1.989512168077653 0
853 2.647368868898361 0.009029532697053472 0
854 2.725870165371582 0.009981090980049991 0
855 2.280164589638796 0.01004673649640863 0
856 1.136644667298621 1.990782525624943 0
857 2.56974403037078 1.990130218203566 0
858 1.582049085082492 1.990559957148673 0
859 1.5489675362508 0.009985506326085421 0
860 2.413006163465273 1.990635956170375 0
861 0.2171418573298245 0.01022283184026397 0
862 0.7609218840232735 0.008438290441020622 0
863 0.6602292122444626 0.009295645572406986 0
864 0.8043759627958692 0.00886693205359255 0
865 0.56073442086721 0.01061844169088244 0
866 0.2602995221895485 0.009669397137241475 0
867 0.8722870795610783 0.008647866047695931 0
868 0.1053903644897153 0.009609346088247411 0
869 0.1592238515523077 0.008672255766971103 0
870 1.837221145477159 1.990641779471622 0
871 0.416968458396682 0.008849189590200056 0
872 0.4623122973986216 0.008454474968225843 0
873 0.6067124553032489 0.008539392880781456 0
874 0.7030551806202766 0.01003444125532505 0
875 1.505601288863847 0.01053610734055303 0
876 1.294056637805276 0.009950258321767505 0
877 0.50439202562776 0.01007492848726434 0
878 1.116309298262951 0.008767285329269845 0
879 3.091841371591607 1.990449800876328 0
880 1.659516850146636 1.990312474637459 0
881 2.659115078149433 1.991501252862078 0
882 2.247656794890046 1.990559325645493 0
883 2.703561953407635 1.991579414731717 0
884 2.514016618425302 1.99005084504086 0
885 2.469623337838606 1.989413491380623 0
886 2.969611211194467 1.990240098122161 0
887 3.065573391394321 0.8255417537457276 0
888 0.07577482087189119 0.8299526168292302 0
889 3.064857205543666 1.177153150453208 0
890 0.07477837868666504 1.179754600841378 0
891 3.113648239265912 1.990446509367858 0
892 3.11383186609872 0.009083402641301305 0
893 0.02777062275066328 1.990424577881002 0
894 0.02823125195385973 0.01063028140157721 0
895 3.132739155604452 1.972098428666668 0
896 3.132745135807822 0.02767867693312644 0
897 0.008686996989689671 1.972108300905167 0
898 0.00964419115406793 0.02650103476994546 0
899 0.0654044466597804 0.3029346016835976 0
900 0.1524986260481991 0.3305972459334284 0
901 0.1529993348390828 0.4291194804418659 0
902 0.2337101517748525 0.3834830623686285 0
903 0.2441588847764743 0.288524264972144 0
904 0.3145760122392196 0.3426448199417776 0
905 0.3081008732921811 0.4332973543812652 0
906 0.3843824170816832 0.3909581059752318 0
907 0.3811841153737741 0.4817343710207519 0
908 0.4568568994544023 0.4394529134028867 0
909 0.4565119279314619 0.5287019104570801 0
910 0.5333485265321605 0.487183116429667 0
911 0.5319678380195814 0.5757470896333734 0
912 0.6075142027634304 0.5362581724616233 0
913 0.6073640572141552 0.6216868944829372 0
914 0.6802252070661505 0.5809980530572592 0
915 0.685275273495825 0.6652293947685499 0
916 0.7599994383825819 0.6205068804172695 0
917 0.7609627243341582 0.7098388256082371 0
918 0.8379416371614608 0.6653227672508231 0
919 0.837727948060339 0.7555888353277651 0
920 0.9156013545255814 0.7134049482138535 0
921 0.914167284615212 0.8016640050271999 0
922 0.9894446145322049 0.7597931444189513 0
923 0.991201836828461 0.8468499271077423 0
924 1.075683090185287 0.7933308316004863 0
925 1.070395991911013 0.8905422503703933 0
926 1.15017110695882 0.8494195723595173 0
927 0.9910747194048142 0.9350767076633499 0
928 1.146341611481487 0.938034645696238 0
929 1.223869309748235 0.897099267513363 0
930 1.221638114245998 0.9841581997673485 0
931 1.298343796010296 0.9418826664502535 0
932 1.297242338588543 1.029379413686667 0
933 1.374097482029774 0.9862849142928792 0
934 1.373320449710841 1.074377015817408 0
935 1.450483239906948 1.030977784447969 0
936 1.450732381592679 0.9426453049128806 0
937 1.527612542494604 0.9873347026342294 0
938 1.527021976952128 1.075981697404099 0
939 1.604322173865149 1.032439847862721 0
940 1.605010691822933 0.9435230137567855 0
941 1.681876434354347 0.9888534303360862 0
942 1.680775874111456 1.077774775467723 0
943 1.682748757219293 0.8997477109501907 0
944 1.29602691169156 1.117529561689873 0
945 1.758476864846291 1.034345992672392 0
946 1.757122717694046 1.123262432600143 0
947 1.834925046643131 1.07997703456775 0
948 1.833429499928057 1.168992927908246 0
949 1.22804989520869 0.8138177503429302 0
950 1.755367440335637 1.211994256906188 0
951 1.911407361801368 1.1257783100761 0
952 1.909659502129859 1.215465856935336 0
953 1.987846033577064 1.171910792867156 0
954 1.989157094931365 1.082324377394886 0
955 1.986598320109303 1.263149159759827 0
956 0.995779527828502 0.6698504382566433 0
957 2.064559088416261 1.216942258197373 0
958 2.063727331180589 1.304508932391763 0
959 1.986648903050485 1.36476827786146 0
960 2.141285759159159 1.261372732861484 0
961 2.141891561611399 1.350380703926468 0
962 0.7605635995511616 0.7988575234950928 0
963 2.218853308795312 1.3069189390301 0
964 2.219600858791724 1.396226061823548 0
965 2.218966035559744 1.218189016513522 0
966 0.7462611347487715 0.534293075555335 0
967 2.29578295755434 1.26345324547949 0
968 2.296382613090183 1.174855155391731 0
969 2.37289135248368 1.220162653075917 0
970 2.37376435299957 1.131557028835687 0
971 2.450187806492107 1.176927099964744 0
972 2.449195625730353 1.265455652652005 0
973 2.451257499126076 1.088201910646329 0
974 2.374889472265236 1.042732449724415 0
975 2.452405735386177 0.9993352003669542 0
976 2.376047847652208 0.9538444107331054 0
977 2.453566259779973 0.9104375864103771 0
978 2.377211759307715 0.8648954019377268 0
979 2.454733853783432 0.8214933486609587 0
980 2.378380616249675 0.7758382904261306 0
981 2.455922424222897 0.7324714755515072 0
982 2.379566048089917 0.6865978280855745 0
983 2.457167003739644 0.6433307983817872 0
984 2.380812567279339 0.597105030486205 0
985 2.458617793090412 0.5541059789940949 0
986 2.382283581506271 0.5073603564390552 0
987 2.304090042918272 0.550377901146383 0
988 2.460650629575183 0.4650302277420252 0
989 2.3048196228946 0.4590092668715208 0
990 2.227077248329818 0.5037854341988868 0
991 2.226169049036093 0.4129561411883738 0
992 2.150880441789385 0.4576634023604765 0
993 0.5299681827463532 0.3990570874066271 0
994 0.5313910132451691 0.6633498447958428 0
995 2.304638953142339 0.3603624068638843 0
996 2.151623897096651 0.3687872363694352 0
997 2.076250128024764 0.4101401815086311 0
998 2.150078639520809 0.5480108412513102 0
999 2.536124463272119 0.511393188857072 0
1000 2.538254990381622 0.4229190186144068 0
1001 2.52647671175083 1.222314964535901 0
1002 2.525305394633811 1.310915657445507 0
1003 2.529857102742339 0.9558842556681602 0
1004 2.081183691572462 0.3125037110752155 0
1005 2.001054447646804 0.3641900672689645 0
1006 2.602691556453679 1.267853951853336 0
1007 2.601367203987661 1.356489218136641 0
1008 0.3913454455029129 0.297287410254962 0
1009 2.613099203272522 0.4688021837555129 0
1010 2.614993496665783 0.3810825183485692 0
1011 2.540752099177618 0.3352002313740928 0
1012 2.300809122511204 0.819257386391129 0
1013 2.52395761699316 1.39945572071001 0
1014 2.599924077650604 1.44523141678082 0
1015 2.522398989174202 1.488322386197243 0
1016 2.598600314540028 1.534474003896396 0
1017 2.521564790257003 1.577334503740446 0
1018 2.597640757536801 1.623781978435425 0
1019 2.520424376510141 1.666502720343816 0
1020 2.617880898114358 0.2972452912131009 0
1021 2.596083266009005 1.722584993259619 0
1022 2.15766006207728 0.2905545195676325 0
1023 2.000628172375363 0.274931628079691 0
1024 1.926491575064233 0.3209103489949082 0
1025 1.923169014248418 0.4106529321167735 0
1026 1.847635372166089 0.3671014035123744 0
1027 1.844513511989146 0.455302489787489 0
1028 1.767500098491062 0.4101687143522053 0
1029 1.768348759470761 0.3238815526607728 0
1030 1.689939386602525 0.3615152026160296 0
1031 1.688707411349756 0.4513664377493664 0
1032 1.612242635818542 0.4033403622212373 0
1033 1.613188699965012 0.3133560447746481 0
1034 1.537483502377233 0.354617137157596 0
1035 1.609931981278095 0.4934674150723713 0
1036 2.675781521635853 1.490675127408369 0
1037 1.542294877762456 0.2691472439270907 0
1038 1.463531269531617 0.2996486447087159 0
1039 1.459418436987047 0.3964840565289545 0
1040 1.386873340936818 0.3476868325883634 0
1041 1.390855443514397 0.2601558477887774 0
1042 1.319065401004027 0.3049694019076226 0
1043 1.309301516785817 0.3874685199149144 0
1044 1.241932808911139 0.3362069368478288 0
1045 2.67258710889229 1.669529013839502 0
1046 2.51162021168779 1.748997369899887 0
1047 2.446374250985763 1.705584812420369 0
1048 1.68694053761409 0.5409199056043228 0
1049 1.608009620824526 0.58330621962031 0
1050 2.136010354140016 1.447680890718356 0
1051 1.372266295457866 1.162763856574146 0
1052 1.294806869983712 1.205940505389572 0
1053 1.37115085545771 1.251300369207776 0
1054 1.293951606842984 1.294561000032002 0
1055 1.370208904043994 1.339933236564252 0
1056 1.293188627977373 1.38310537520265 0
1057 1.369248991380192 1.428470608383413 0
1058 1.292889057806351 1.471388902482276 0
1059 1.216238328077563 1.426450097864259 0
1060 1.215753708238195 1.51458533529164 0
1061 1.139194405611064 1.470383036873013 0
1062 1.369084668848467 1.51695611412667 0
1063 1.139731230436373 1.560653349857573 0
1064 1.061125167128741 1.514232654466771 0
1065 1.058823913135943 1.60342129774483 0
1066 0.9871347215579385 1.557691423758379 0
1067 0.9864411577319051 1.468514552718124 0
1068 0.9113371114072861 1.511756269383724 0
1069 0.9150683644844567 1.601431110183307 0
1070 0.8361344885964731 1.553918786234128 0
1071 0.8333004053200496 1.466086424634006 0
1072 0.7551462985515829 1.509436862002216 0
1073 0.7557189459354087 1.421195832817009 0
1074 0.7604325789641591 1.594488864962658 0
1075 0.6786853706371747 1.46575940457186 0
1076 0.6787284928467231 1.376230091375512 0
1077 1.145126754019433 1.659823616094539 0
1078 0.6017857442197412 1.420761146983633 0
1079 0.6021199934725807 1.330746775915036 0
1080 1.446952507197121 1.474818399923805 0
1081 1.44862074883756 1.565665539960676 0
1082 1.524441966178604 1.520978755216154 0
1083 1.528502287600787 1.611621626585013 0
1084 1.452266567089469 1.664079682022464 0
1085 1.60010340216163 1.565813139386826 0
1086 1.601848410947057 1.655026108035196 0
1087 1.67513804354204 1.611046915360836 0
1088 1.060327728496287 1.69233052208751 0
1089 0.6791824423053711 1.286903385861322 0
1090 0.6026715361695223 1.241327874233176 0
1091 1.673213244615413 1.70992086852111 0
1092 1.744948533074703 1.65929866182503 0
1093 0.5258372631285714 1.284845798916169 0
1094 0.5264690433100061 1.195590768528319 0
1095 0.6798625454100945 1.197753428395144 0
1096 1.12140306839931 1.750624315777827 0
1097 1.59611455424963 1.743512737659743 0
1098 1.745476611903398 1.74313421652681 0
1099 1.81262829426235 1.710826316478734 0
1100 0.6016000070438058 1.512477347507605 0
1101 0.5247837624970836 1.464915230224816 0
1102 0.5229847553938189 1.556469364338568 0
1103 0.4483611416112204 1.507555167882671 0
1104 0.4463889263144239 1.59645326797433 0
1105 0.5184439629874021 1.645950646948319 0
1106 0.4436275087887424 1.683268083386073 0
1107 0.5106012338331813 1.732482490491128 0
1108 0.7563828933266707 1.243222212067117 0
1109 1.2176421514451 1.249223989110482 0
1110 1.836185832541736 0.990928084146551 0
1111 2.532109213497294 0.7780836428319173 0
1112 2.678855545308608 1.313139601667753 0
1113 2.680130286091836 1.224393747302553 0
1114 2.552573575023358 0.2493671505216553 0
1115 2.678489833003034 1.75193192688769 0
1116 2.691104884460771 0.3365744631423409 0
1117 2.691335238170669 0.24275586209382 0
1118 0.3800166036628523 0.5709286258367691 0
1119 1.930583210586486 0.2264803859359767 0
1120 1.26024695520976 0.2644114766438666 0
1121 1.182019015577558 0.2748436540485995 0
1122 0.4500215889669151 1.238771979757606 0
1123 0.4506251139447065 1.14976163328765 0
1124 0.5272887533326629 1.106545319573988 0
1125 0.4512900986111118 1.060902778788606 0
1126 1.607546011731386 0.2245370769991977 0
1127 0.4379527766269352 1.775754696145538 0
1128 2.745437689399055 1.708622475185521 0
1129 1.050706222172893 1.765489686176171 0
1130 2.442295270120269 1.789562891150139 0
1131 2.380730786825386 1.74436753551467 0
1132 1.837164448502765 1.783694154044977 0
1133 1.88493742497016 1.740209011798684 0
1134 2.745699656751591 1.790595088284467 0
1135 2.809759575610043 1.74793816760914 0
1136 2.373894965824489 1.822548955317483 0
1137 2.320917621577988 1.775454514815592 0
1138 2.317834920807718 1.70507564377621 0
1139 2.263596483930073 1.742388238441775 0
1140 0.3725037989052267 1.724728980143193 0
1141 0.3635438249752223 1.807321328161371 0
1142 0.3110449343189162 1.76354893884791 0
1143 2.000858641665302 0.197793888941702 0
1144 1.891940712410014 1.811373135877849 0
1145 1.943967446241376 1.777733851766734 0
1146 1.961586285764867 1.695405911796053 0
1147 2.80842157038125 1.820337054354803 0
1148 2.865222101639171 1.784392858952262 0
1149 0.3017325539262793 1.824527188321786 0
1150 0.25967749895242 1.796972783618459 0
1151 0.5104226728998502 1.816046545270179 0
1152 0.572081504009092 1.773836394167377 0
1153 1.751282405790856 1.812331654548207 0
1154 2.316365752876393 1.832745235151899 0
1155 1.138945428630311 1.818169756264357 0
1156 1.185344945993491 1.784637646932436 0
1157 1.94734079568316 1.829122738442903 0
1158 1.995077512075268 1.801720520503376 0
1159 1.544340438950289 0.1941856605940127 0
1160 1.164594264245085 0.2060605706739607 0
1161 1.11160258607317 0.2375407462312928 0
1162 1.102439200503162 0.3137847064665485 0
1163 1.037509372376753 0.2534116865046923 0
1164 1.23850806205247 0.1773248024740749 0
1165 1.623456747591227 0.1613298526762136 0
1166 1.929825522112019 0.1697090569276813 0
1167 2.686745565437494 1.823290738376996 0
1168 2.863282507700582 1.849050160154017 0
1169 2.503990668586661 1.813924623934505 0
1170 0.2524662138396944 1.855266424650001 0
1171 1.066841033735092 1.842530953849072 0
1172 2.762247297637521 0.2929784378836574 0
1173 2.761716692537028 0.3824651903109056 0
1174 2.770914602485977 0.2120495809157462 0
1175 2.686581357408099 0.1772153887733842 0
1176 2.757621501677239 0.158733403267134 0
1177 1.112745685683159 0.1731402340761543 0
1178 0.5759991067167355 1.832918586196377 0
1179 0.6200735319776285 1.810393300322576 0
1180 1.990286378165862 1.860027914360324 0
1181 2.037209414398962 1.831989687033272 0
1182 1.186612438066232 1.840972268364601 0
1183 1.230856849903242 1.818613800329007 0
1184 1.985269055338663 0.1440913476702871 0
1185 1.230720679425642 0.4229831801749009 0
1186 1.29814888620677 0.4755702447657751 0
1187 2.818254819947051 1.668380602965302 0
1188 0.5111893297802867 1.863708475896763 0
1189 1.02810095427925 0.3453993105056812 0
1190 0.9668314546920774 0.2865151994557232 0
1191 0.9755939318736644 0.2108958827204603 0
1192 0.9120934093608916 0.2261411233330828 0
1193 0.9040079941634854 0.1585034444655196 0
1194 0.8532613107162973 0.1848712752209317 0
1195 0.8412504867603732 0.255896477075238 0
1196 0.7909868006476216 0.2022410058108569 0
1197 0.9786895716543816 0.1468803487324007 0
1198 0.3712407370655899 1.861229533416518 0
1199 0.619629050431439 1.85917501931295 0
1200 0.6598548938152391 1.842718879310927 0
1201 1.55566858965176 0.1373915985359702 0
1202 2.913020543066231 1.816526833698183 0
1203 2.914667804953791 1.872314406430641 0
1204 0.8689555933767551 0.1384165801673969 0
1205 1.893799492690283 1.878915431278079 0
1206 2.033228131604079 1.881632311377628 0
1207 2.070068364421 1.860829177597679 0
1208 2.084391507070686 1.818286515492421 0
1209 1.744734900807067 1.566176898754279 0
1210 1.52343757312735 1.431276592561436 0
1211 2.298492276803747 0.9972420612410398 0
1212 0.7571659172012704 1.154234490017161 0
1213 0.8337218481985122 1.199704096115835 0
1214 0.5281207215073762 1.017618797298139 0
1215 0.4520365476869412 0.9720701200657329 0
1216 1.22796705754154 1.871586038788042 0
1217 1.267677453706691 1.852834873895466 0
1218 2.823873823901585 1.869908099096847 0
1219 2.376676016299221 1.87197817535309 0
1220 1.1876985574205 1.887002188095075 0
1221 2.325497958830815 1.889674336323313 0
1222 2.75638192751146 1.269497826258794 0
1223 2.757540898086637 1.18055436199785 0
1224 0.6539131972721748 1.891132347649807 0
1225 0.6948014711721563 1.873876643522513 0
1226 0.7002483537067079 1.826710752516813 0
1227 0.7371503191608016 1.861130075546134 0
1228 0.7437180645659919 1.80903037436123 0
1229 0.780388963456784 1.843894082212068 0
1230 2.828411286275286 0.2558039893547691 0
1231 2.064811941800452 1.895220870835168 0
1232 2.098098821764314 1.887062254624027 0
1233 1.268099822060711 1.894797176840561 0
1234 1.296322870235459 1.878533209417875 0
1235 1.309780603602768 1.840868979839365 0
1236 1.347574775430765 1.860679309132531 0
1237 1.245824491230514 1.761532036683239 0
1238 0.7741523560485124 0.2770322941189625 0
1239 0.7252869443562915 0.2227722146785544 0
1240 0.744869748450562 0.1667306250968795 0
1241 0.6939581151867128 0.1715926792591756 0
1242 0.6944576133797037 0.120987701651914 0
1243 0.6565482032961991 0.14001637347563 0
1244 0.7536758078294413 0.1161238081645417 0
1245 0.6399792430558569 0.1854267697333883 0
1246 0.6140797657276783 0.1419712520805221 0
1247 0.5913775347720875 0.192293034328815 0
1248 0.5650398315235745 0.1491992596367498 0
1249 0.6174184922303019 1.899858722003438 0
1250 0.6876478858872407 1.906703410371171 0
1251 0.3751790598144421 1.103879978111993 0
1252 0.7757810316524281 1.88848973751331 0
1253 0.811473304084633 1.871001354753281 0
1254 0.8234557387620467 1.830822814091023 0
1255 0.8537766774454076 1.867023703938357 0
1256 0.8689168256265636 1.819318706288197 0
1257 0.8959641444315527 1.857144342684034 0
1258 0.2141394978075484 1.827551713048371 0
1259 0.2110002780107584 1.870782006025846 0
1260 0.259186894120518 1.896990672769089 0
1261 0.3063806804826333 1.680702250225363 0
1262 2.000728336418589 1.903900838358148 0
1263 0.2175134244788937 1.921870595684474 0
1264 2.105769579462599 1.915520673094633 0
1265 2.129858318163514 1.905141009266898 0
1266 2.130848113150313 1.86813613928781 0
1267 2.160624460353158 1.892064266252919 0
1268 0.5817082501241267 0.105396762301444 0
1269 0.5381218882241674 0.1128878743900049 0
1270 0.5217287623078024 0.1497719759594094 0
1271 0.4989955646800347 0.1123807330132539 0
1272 0.8833229087574377 1.891831426356225 0
1273 0.9165785188833403 1.891532299907024 0
1274 0.6673264769560587 0.1035691306712783 0
1275 1.292968535272656 1.904342483452389 0
1276 1.260689541418303 1.923132895824537 0
1277 0.4818459890294776 0.1481270766815994 0
1278 0.4651183315767327 0.1079426375805955 0
1279 0.5032064949537441 0.1832834580312043 0
1280 0.4410192656894435 0.1405004319777661 0
1281 0.4155022799707915 0.1129432831755129 0
1282 0.4013255528458418 0.145802949412902 0
1283 0.3803961983562977 0.1074588473003114 0
1284 0.3631399182976869 0.1465143432822241 0
1285 0.3441224930592268 0.1111023946881002 0
1286 0.3259269495303023 0.1472186659350204 0
1287 0.3105042886510641 0.1060697587885108 0
1288 0.2871821409493966 0.1375586697293423 0
1289 0.2628287437138926 0.1104167720342818 0
1290 0.2474468944348376 0.1412825837366766 0
1291 0.228510711641791 0.1053416766105876 0
1292 0.2095629686560324 0.1409036907930659 0
1293 0.1923781786709807 0.1082632243131553 0
1294 0.8061724890060111 1.902799771968797 0
1295 0.763517885989494 1.917227131511954 0
1296 1.605404323243628 0.8543066279657552 0
1297 1.683338217767377 0.8103899464436879 0
1298 0.1729384125291131 0.1411108394694591 0
1299 0.1580109590676322 0.1032834263299652 0
1300 1.920724816656188 0.5004460544211148 0
1301 2.443889812305502 1.530992986360481 0
1302 2.123140104891323 1.928948043081056 0
1303 2.95435757688057 1.842895505320892 0
1304 2.956268483915987 1.883110208302151 0
1305 2.910827042572232 1.907946638700754 0
1306 2.946825357258521 1.925422669102654 0
1307 1.144098346724128 1.026614649747035 0
1308 2.611509869695898 0.5572155336924705 0
1309 0.529013613815662 0.9287343627462664 0
1310 0.4526879550220371 0.8832141556518707 0
1311 0.3763401947554571 0.9265585030856018 0
1312 0.3773396039343639 0.837701449052197 0
1313 0.6053018518513816 0.9742598358722947 0
1314 0.9359107636735255 1.857412901827144 0
1315 2.96202036652785 1.792543394316015 0
1316 0.5535773929060634 0.08689187900933357 0
1317 0.5891005819430939 0.0791914437726797 0
1318 0.6212137488493821 0.2399814536779026 0
1319 0.9150960139849026 1.92270256009295 0
1320 0.938836585411098 1.913228143171486 0
1321 0.8789853601546427 1.921759569045164 0
1322 2.076427307330011 1.93050385867868 0
1323 0.4045912356647377 0.08779299967336791 0
1324 0.2532179061922508 0.08488189234590754 0
1325 0.4820061252363346 0.09030205480803682 0
1326 1.21706286170806 0.5119394505803331 0
1327 1.286059624740889 0.5598332078446535 0
1328 0.1773572973398037 0.08301348321855356 0
1329 0.1391409378169962 0.07877067774091701 0
1330 0.1270684016108909 0.1022340669688056 0
1331 0.1156457829265296 0.07406050245703343 0
1332 0.328575414962274 0.08310420119636362 0
1333 2.253669120403682 1.669513144034243 0
1334 1.665758548145962 0.1931680467107099 0
1335 1.659389672913361 0.1371081306639206 0
1336 1.69986263133809 0.150966314999163 0
1337 1.703052442905949 0.1182538042076846 0
1338 1.732346496140446 0.1254119913613511 0
1339 1.658191673284487 0.09499711643763745 0
1340 1.735607750395045 0.09554824916020195 0
1341 1.764559589811642 0.1050241353401485 0
1342 1.77042696965769 0.1449303045124759 0
1343 1.798700515962738 0.1208872136174872 0
1344 1.794913514036118 0.08432018298030919 0
1345 1.820456571067245 0.09822198144540024 0
1346 0.1005206683455213 0.09552851038673391 0
1347 0.0934022235763728 0.06969202694039631 0
1348 1.819289769399506 0.07284907465973051 0
1349 1.840233842302384 0.07886195269090127 0
1350 1.785600954544121 0.05801187600729663 0
1351 0.9338154993921322 1.93508094742955 0
1352 0.9540781801131952 1.934379715085369 0
1353 0.9633204667337855 1.911451334889147 0
1354 0.9765632132907585 1.930655579129958 0
1355 0.9865590656353838 1.910380996790563 0
1356 0.9995599882305609 1.932244117639808 0
1357 0.1737505050105956 1.858482598540507 0
1358 0.1720665420909744 1.803754686671518 0
1359 1.290304051963688 1.939143642357662 0
1360 0.701499012157891 1.773374845355433 0
1361 0.7903587413798423 1.936126364396637 0
1362 1.351298883386544 1.818088072864803 0
1363 1.385089769735766 1.848758148304746 0
1364 1.373942401630534 1.888751050595884 0
1365 1.412446025244521 1.883547287721929 0
1366 1.42504312312861 1.840804570476069 0
1367 1.449889714305035 1.874185958625878 0
1368 1.441493815608811 1.909786311098356 0
1369 1.470504248019201 1.899545719756727 0
1370 1.485271412703303 1.869436140612545 0
1371 1.503319215640422 1.903870075391297 0
1372 1.462147436846388 1.92377422516588 0
1373 1.4305634396611 1.933382099194054 0
1374 1.846768378375361 0.1021234917799222 0
1375 1.862442013645477 0.08215669880886267 0
1376 0.8354233394440878 1.780808900346802 0
1377 2.983420987690418 1.865777371950308 0
1378 1.811058972032279 0.04751552417520938 0
1379 0.5669481167717944 0.06092726231807147 0
1380 1.854210329657286 0.06029068433637653 0
1381 1.875898843030967 0.06536987038259985 0
1382 1.885240926348683 0.08423480462694401 0
1383 1.897002464842813 0.06191650339564825 0
1384 1.908419479158463 0.08532420413608284 0
1385 1.919111807827798 0.06543743183221584 0
1386 1.521805261744879 1.866809712615984 0
1387 1.539240028383829 1.900159997047685 0
1388 1.500217390223862 1.830545519185982 0
1389 1.523969502678345 1.918250284552446 0
1390 1.558433431333287 1.919660593976127 0
1391 1.569260813502321 1.898301193133091 0
1392 1.580761669468134 1.925340666012481 0
1393 1.596117711496307 1.900029117852581 0
1394 1.608234214901486 1.925013936878879 0
1395 1.622524286429998 1.902764522251035 0
1396 1.635167231901784 1.929333029920799 0
1397 1.648191474170071 1.903927601782628 0
1398 1.66036502749997 1.923880519384407 0
1399 1.672966724845073 1.904443794547949 0
1400 1.661796382081796 1.88013255325417 0
1401 1.683279741105007 1.928150716521609 0
1402 1.611105889909456 1.875272249465541 0
1403 1.697758571653295 1.905572698461945 0
1404 1.710529135411851 1.93270552831161 0
1405 1.723229677376128 1.907514146683132 0
1406 1.7344904890358 1.927202883436581 0
1407 1.746981757385682 1.908668035164798 0
1408 1.756241534696323 1.931722188092194 0
1409 1.770417217717261 1.911914843415046 0
1410 1.781846204243597 1.936692759742334 0
1411 1.793944340049617 1.914120041860691 0
1412 1.805058581324613 1.933072085261121 0
1413 1.816624575341026 1.915748975323032 0
1414 1.827865985474466 1.936141338608421 0
1415 1.539305972975728 1.942243183179672 0
1416 1.619086509396183 1.938645131450913 0
1417 0.9677957884948293 1.947067367896519 0
1418 1.692256271293021 1.946845353175811 0
1419 0.161063582217456 0.05882162783587849 0
1420 1.765360749486218 1.948729466103548 0
1421 1.912002727314 0.04801484498913915 0
1422 1.92801123507388 0.04904974170629463 0
1423 1.937837365482892 0.06482770879143844 0
1424 1.946872708595501 0.04847280077350543 0
1425 1.954977575591738 0.06413257643979346 0
1426 1.962670962663592 0.04814798570835462 0
1427 1.971821740093828 0.06389115127283357 0
1428 1.978596070105769 0.04842266591727049 0
1429 1.988292505246334 0.06185629985631175 0
1430 1.994598393473464 0.04472187408127949 0
1431 2.004194515706313 0.05910026301318778 0
1432 2.011043375674754 0.04336437682644102 0
1433 2.020107666218635 0.05795215384622279 0
1434 2.025760761040841 0.04406687035961769 0
1435 2.037423185844081 0.0551701761903626 0
1436 2.029084450750348 0.07297213605318617 0
1437 2.047659911461811 0.07080312016008176 0
1438 1.997754626730546 0.07540721591036408 0
1439 1.963602939145452 0.08119389704581242 0
1440 2.054034007456205 0.05288324746596502 0
1441 2.066206878913793 0.06763531603607466 0
1442 2.060843389950705 0.08743868767479476 0
1443 2.084082569853652 0.0813128035308535 0
1444 2.075549330146205 0.1074549193614813 0
1445 2.100971099179813 0.1005212873340731 0
1446 2.10578158846824 0.07889114466821341 0
1447 2.125870510043828 0.08966705119121338 0
1448 2.137048749596878 0.0678281304842295 0
1449 2.150798654117078 0.08525825304271425 0
1450 2.146666425341426 0.1115717823897728 0
1451 2.170586925435445 0.1032892490909677 0
1452 2.094170376138313 0.1301348816729297 0
1453 2.153915750083918 0.06029755838939588 0
1454 2.070619985851513 0.05101065786205842 0
1455 2.168792619007366 0.1337958750665739 0
1456 2.199006114693908 0.1176537600527155 0
1457 2.209849297205929 0.08845851725940879 0
1458 2.231188989456217 0.1088219625425177 0
1459 2.229379086068625 0.1440653415590259 0
1460 2.264350485165993 0.1247157867585789 0
1461 2.261769208868498 0.1699675922295695 0
1462 2.298492785980744 0.1496509725357621 0
1463 2.299365479908013 0.1083455811455262 0
1464 2.33461802992785 0.1300992270325103 0
1465 2.33480870171551 0.1733510886733425 0
1466 2.375910349107478 0.1425339860331097 0
1467 2.328962416210636 0.09185287326704275 0
1468 2.231235026895924 0.07696666826939602 0
1469 2.378191956459712 0.1982144926510352 0
1470 2.307335277649294 0.08239279866595607 0
1471 2.338320541038319 0.06950977784195911 0
1472 2.211276459904937 0.06741056593344172 0
1473 2.238667656278414 0.05611009343440504 0
1474 2.114549802286226 0.05585170597463179 0
1475 0.1066540078282152 0.05824400462754939 0
1476 0.08343698787875881 0.0524576035781717 0
1477 2.833861762857117 1.225165889771314 0
1478 2.832723378263523 1.313676257219381 0
1479 2.834850757247205 1.136210985125306 0
1480 2.758606128562357 1.091547461516356 0
1481 2.835756791214989 1.047345045837631 0
1482 2.759601432685953 1.002668946420238 0
1483 2.836586260772287 0.9586085627067986 0
1484 2.760504713169591 0.9138684562681232 0
1485 2.83729995536544 0.8699722809079793 0
1486 2.761200481408302 0.8250658370139368 0
1487 2.837570972100043 0.7811449381153214 0
1488 0.824646676935216 0.3349011492630199 0
1489 1.806938942086423 1.893331278685531 0
1490 1.807560997871974 0.1617051001011323 0
1491 0.8345759487934142 1.110785133341077 0
1492 0.9111082164065283 1.15626494948159 0
1493 0.9103424887203536 1.245156420220231 0
1494 0.9876312412937818 1.201739451748494 0
1495 2.761586483869661 0.7362125195817423 0
1496 2.837473064700376 0.6922708095650183 0
1497 1.451204441897058 1.949635117482785 0
1498 2.218075723370842 0.04257953370503884 0
1499 0.1079858819683261 0.1203547518405685 0
1500 0.3014729963204381 0.8810224030111633 0
1501 0.3022794625481086 0.7921449656937734 0
1502 1.83876495790341 1.917068733125373 0
1503 1.848502610511563 1.934378152702386 0
1504 2.164161048558997 1.850451840688838 0
1505 2.192587925108878 1.874481527790131 0
1506 2.18762322269603 1.907904088796444 0
1507 2.215335291469687 1.899524800577571 0
1508 2.218418283880275 1.9270487654778 0
1509 2.239489878172633 1.915023223055504 0
1510 2.187164214200547 1.936413046212816 0
1511 2.235903731932356 1.94194051841989 0
1512 2.255211132971566 1.931441090049098 0
1513 2.227488147339297 1.862093559879624 0
1514 2.261927589759584 1.910586072604256 0
1515 2.25375795532691 1.951274035303866 0
1516 2.268540273714098 1.944024484174223 0
1517 1.204299099693761 0.594836184061733 0
1518 2.235094255369253 1.95513285238091 0
1519 0.07317599323880879 0.06694780839176259 0
1520 0.06887340188392753 0.04771143414715888 0
1521 0.05602854613546059 0.06164249313462866 0
1522 0.05357764928044773 0.04535785592811967 0
1523 2.418784053441242 0.1669450658719308 0
1524 2.417199672896428 0.1224182262666132 0
1525 2.453737478293467 0.1404387377654789 0
1526 2.450127825125368 0.09778604632271276 0
1527 2.481354037914269 0.1151575570767292 0
1528 2.416474080993355 0.08228568178830953 0
1529 2.480839117483488 0.08023916933245089 0
1530 2.504598033498811 0.0948487125168755 0
1531 2.50351337291348 0.07221341909471818 0
1532 2.524473002353525 0.07694644536893643 0
1533 2.529043300473001 0.1038775985104232 0
1534 2.549909117646046 0.08342920097371211 0
1535 2.555759549742314 0.1124308391763425 0
1536 2.576986588048781 0.08951639425757153 0
1537 2.584754131447199 0.1215789392268987 0
1538 2.606401101746325 0.0961728667582519 0
1539 2.473851450351013 0.06092853711029785 0
1540 2.595261834773651 0.07699883499456488 0
1541 2.625449738349237 0.07987236069538578 0
1542 2.531154729742387 0.1349523073083856 0
1543 2.542189081938802 0.06078631033994936 0
1544 2.497962962982159 0.04725031829189742 0
1545 2.619694033417506 0.05890858209630737 0
1546 2.638793556463125 0.06242571903277436 0
1547 2.645768230903415 0.08476922412522066 0
1548 2.65650670731325 0.06450791839234969 0
1549 2.595257956732882 0.04942093743382268 0
1550 2.66857815846836 0.08415606495449579 0
1551 2.686544353061813 0.06958565587615186 0
1552 2.654731055556728 0.1139000748935535 0
1553 2.694942740566452 0.08908744153076892 0
1554 2.706334593124316 0.07203473929890972 0
1555 2.697121854593691 0.05341131100663391 0
1556 2.716536697182493 0.05680012806043876 0
1557 2.726841639586396 0.07385932546908623 0
1558 2.736439248119052 0.05670204515331877 0
1559 2.746191427778467 0.07353257659023918 0
1560 2.754653194107322 0.05644069336537656 0
1561 2.765398720447122 0.07432124203520189 0
1562 2.774299247688902 0.05977650097275609 0
1563 2.783905303970639 0.07717629134515482 0
1564 2.793849912603148 0.05798045975409762 0
1565 2.804326067154061 0.07757479462021359 0
1566 2.81424099883627 0.06083465664110883 0
1567 2.824292999132745 0.0778725580206116 0
1568 2.833937382242445 0.05868632566729993 0
1569 2.844908897896268 0.07827416284703556 0
1570 2.833611134520037 0.09852196170144858 0
1571 2.857380872784314 0.09789572412678907 0
1572 2.854328997002105 0.06006384316170669 0
1573 2.845869676054911 0.1235976963270872 0
1574 2.876930425659545 0.1182046990808541 0
1575 2.897627868021832 0.09676918961676445 0
1576 2.911945949809715 0.1224849771687681 0
1577 2.924457772376993 0.09241006413409973 0
1578 2.942630196547321 0.1206289686785893 0
1579 2.954549913665427 0.09450637243813 0
1580 2.974255688558062 0.1177411786658372 0
1581 2.960955652445416 0.1495711424655868 0
1582 2.983546320861603 0.08635005348071903 0
1583 2.900413233938561 0.1598368644691255 0
1584 2.906728718579203 0.06862185061898715 0
1585 3.006428071512198 0.1100628648518244 0
1586 3.014255644357413 0.08018163289863291 0
1587 2.995900999116454 0.06525595628214662 0
1588 3.02757498047623 0.06179020731631597 0
1589 3.038531392442926 0.07895563669340028 0
1590 3.045729404247289 0.05769376311037391 0
1591 3.059398910562795 0.0757443283115017 0
1592 3.06441259937419 0.05709949513085069 0
1593 3.05516365636427 0.04410326929103435 0
1594 3.069040148816314 0.04226065230751816 0
1595 3.079591518115435 0.0526905167458392 0
1596 2.80749284237075 0.0441096644271876 0
1597 2.631317211547749 0.04644401179823879 0
1598 2.25181190608831 0.06877905591892346 0
1599 2.253497761226173 0.05014497110160238 0
1600 2.846416872871417 0.04412577078104884 0
1601 2.862281431019401 0.04435192348446667 0
1602 0.06249711234964756 0.035251166456944 0
1603 2.266661808857465 1.958484045594962 0
1604 2.279537699911245 1.95575584265179 0
1605 2.283433043293073 1.940159400272565 0
1606 2.293917754932585 1.950871584065729 0
1607 1.010405074953748 1.909589007198902 0
1608 1.022097970128457 1.932517369903484 0
1609 1.012911506183748 1.9449595356866 0
1610 1.033967122466329 1.948877048307228 0
1611 1.042572896976108 1.931262368444828 0
1612 1.051898347541899 1.949417147779212 0
1613 1.061141145687359 1.931116654527749 0
1614 1.070708786541792 1.949213677054893 0
1615 1.079553001290297 1.931911790420086 0
1616 1.087351126458919 1.949792464382836 0
1617 1.097362149371615 1.934060013233878 0
1618 1.105584027347017 1.951345132965157 0
1619 1.114327330942948 1.936937170376695 0
1620 1.107482989347722 1.916694758534964 0
1621 1.070807447365555 1.909602609149849 0
1622 1.121723988237752 1.952224232135268 0
1623 1.131781197444288 1.936700022084484 0
1624 1.138067440845553 1.952259672492455 0
1625 1.151160949778248 1.937089422493588 0
1626 1.141421851914404 1.918208918670614 0
1627 1.154044323041558 1.95620726606169 0
1628 1.164270205415844 1.945281825008908 0
1629 1.169147659657317 1.956758955263008 0
1630 1.177658810220007 1.944596372823722 0
1631 1.183731949780061 1.958963994984798 0
1632 1.192769351690496 1.944906989445955 0
1633 1.198609930518468 1.958340516066522 0
1634 1.206927415543738 1.946444722849998 0
1635 1.21305224307635 1.96088606827026 0
1636 1.22142521278127 1.947841945893551 0
1637 1.229271818326994 1.961772655668772 0
1638 0.9957268041769709 1.727823334316318 0
1639 3.009894208353333 0.04662932950960188 0
1640 3.05375741209467 0.09927359514872436 0
1641 1.545641270492818 1.829494300741606 0
1642 1.813325934048066 1.950552812055863 0
1643 1.869568328662312 0.04813600802352877 0
1644 1.853636033719271 0.04354499011614517 0
1645 0.9959688721582196 1.885936240368154 0
1646 3.082008151049621 0.03832734099219107 0
1647 3.092128123976789 0.04644831422011184 0
1648 0.7442806811437497 0.3567112826602089 0
1649 1.137673329808992 0.548556290177258 0
1650 0.3020288312918303 0.1754275477301133 0
1651 2.197725136684281 1.711539538893828 0
1652 2.061972938878949 0.03915195732205954 0
1653 2.074975407619569 0.03769320675635437 0
1654 1.096338533170641 1.96251633358992 0
1655 2.708761922649327 0.0420007218501459 0
1656 2.69541980240211 0.03841902266595193 0
1657 1.220678652162593 1.970719452592377 0
1658 3.094153775019085 0.03398375110265171 0
1659 1.062351930969476 1.961369594940701 0
1660 1.215161822607719 1.933242740159121 0
1661 2.767186091470063 0.04357973853339861 0
1662 0.0989321063336395 0.03736655252425439 0
1663 2.002862467199696 0.03556269941542604 0
1664 1.937612681886642 0.0370753527975327 0
1665 2.290894872608308 1.963939636049594 0
1666 2.303554146930351 1.960878613135303 0
1667 2.307894625336507 1.948151516122107 0
1668 2.316656248578504 1.959289624611625 0
1669 2.322091479132566 1.946608063753914 0
1670 2.331312360276996 1.959428789865066 0
1671 2.336053664970198 1.944518400155847 0
1672 2.345558078670253 1.956152976117781 0
1673 2.350457920104281 1.941900420904373 0
1674 2.360174386181839 1.955739090315605 0
1675 2.365572850678413 1.939930167262939 0
1676 2.376421587887893 1.953994182744133 0
1677 2.380868086966772 1.939402031638041 0
1678 2.391982070606764 1.949192095985493 0
1679 2.395655419396097 1.933075059353327 0
1680 2.407682509859175 1.945848548799903 0
1681 2.41523909910909 1.931185162182056 0
1682 2.425155650471566 1.946397484426618 0
1683 2.433425531999153 1.928114745664138 0
1684 2.445344693940856 1.945180798842342 0
1685 2.452165767146649 1.924198324197435 0
1686 2.463938856541339 1.938436307264233 0
1687 2.439792779886814 1.906734572309621 0
1688 2.47152058237077 1.920786772572978 0
1689 2.483409519819054 1.938281781907285 0
1690 2.491830086124136 1.916437817358511 0
1691 2.50457305600608 1.933005525299065 0
1692 2.513649091596699 1.91319668468276 0
1693 2.527396410283206 1.935023431747539 0
1694 2.536338398716623 1.908986840481944 0
1695 2.550369705571376 1.927115805210716 0
1696 2.560235200830751 1.904677295494718 0
1697 2.574827704364344 1.928952122446326 0
1698 2.585108047795981 1.900938643065971 0
1699 2.599247718839122 1.921882142873908 0
1700 2.477671497595316 1.896450379347516 0
1701 2.594160824000126 1.940822260846166 0
1702 2.613072354578602 1.940334183706185 0
1703 2.621893603204862 1.919930972159642 0
1704 2.633637543045944 1.938624330211791 0
1705 2.642646497236353 1.919572457908462 0
1706 2.65351995406547 1.938488349846802 0
1707 2.663275981498913 1.917923103837583 0
1708 2.674876100114924 1.9346779075001 0
1709 2.685219840869627 1.91647122190494 0
1710 2.695782522519807 1.935980915806762 0
1711 2.707448699077845 1.917057009897988 0
1712 2.716541224255574 1.933370630819266 0
1713 2.727770652178398 1.91584829963845 0
1714 2.73450712055608 1.934343474282663 0
1715 2.632395663780569 1.899770307089209 0
1716 2.546246079247044 1.946372673110224 0
1717 2.751393203312441 1.918839853197628 0
1718 2.764707635494812 1.935313219094869 0
1719 2.498021027089678 1.950797896339985 0
1720 2.624034405060003 1.954699757931252 0
1721 2.751763047747166 1.95424942073706 0
1722 2.771993574926676 1.951299154027719 0
1723 2.780786513902175 1.936246566702491 0
1724 2.787235394896511 1.951512502454424 0
1725 2.796773563957181 1.938658796225629 0
1726 2.80291862760441 1.955139786951897 0
1727 2.812096089140893 1.939242489557023 0
1728 2.818592696149086 1.954164610136725 0
1729 2.828207421974025 1.939915423580294 0
1730 2.834040172206484 1.957882298516016 0
1731 2.844599251334927 1.942397350053779 0
1732 2.849243415192726 1.957632293183829 0
1733 2.859487218171796 1.94562436533331 0
1734 2.863685074595694 1.960871169302942 0
1735 2.856932844953701 1.929386908008796 0
1736 2.873511534522031 1.947906064129674 0
1737 2.879628769874003 1.961884423627834 0
1738 2.887488674558363 1.948957684662887 0
1739 2.893181915846487 1.961075613157795 0
1740 2.900254649589439 1.950735774161432 0
1741 2.905091540329706 1.96252071240799 0
1742 2.912499920798515 1.952693008254618 0
1743 2.917999600019609 1.965462961307738 0
1744 2.709604484081071 1.951223827906338 0
1745 2.667852609698119 1.953599586833091 0
1746 2.459706171002098 1.952954967497053 0
1747 2.811224293113709 1.965824599622807 0
1748 2.779331070787157 1.963400756827625 0
1749 2.841806388797541 1.968500655294801 0
1750 2.881825230163223 1.934554303850309 0
1751 2.924776617534096 1.953987102633797 0
1752 2.930773640497843 1.964870118548252 0
1753 2.936994122528714 1.9547391631265 0
1754 2.739471896987837 1.893800819160333 0
1755 2.403046113058404 1.960230178217694 0
1756 2.084260308115804 0.04696184973611349 0
1757 2.086905293937435 0.03444505070948622 0
1758 2.183178939611652 1.631216274194218 0
1759 2.25721105856709 1.580855009344616 0
1760 2.369465091025181 1.963247233676982 0
1761 2.266923057724705 0.05865931289675089 0
1762 2.266720542287505 0.04354171723340556 0
1763 2.279213525171225 0.04984821325572203 0
1764 1.970929916811756 0.03669166170639217 0
1765 1.024486466610782 1.960038590237801 0
1766 2.942192304998832 1.96629268159233 0
1767 2.949257063883588 1.957485389570689 0
1768 2.953903969865169 1.967829219079284 0
1769 2.960910430748571 1.958812627824177 0
1770 0.3737119866493021 1.549336843844465 0
1771 0.3739739801994681 1.460306774263873 0
1772 0.300286081981821 1.502987147364379 0
1773 0.2993233825673899 1.413163397586604 0
1774 2.642783917239452 0.1970078465242198 0
1775 2.255290330010998 0.03568084126515101 0
1776 2.29979857410675 1.972450610454656 0
1777 1.130012891683139 1.963953670103397 0
1778 1.8604151839895 1.918442597045717 0
1779 1.86697908409637 1.93711441268949 0
1780 1.855593588996342 1.950648793199389 0
1781 1.872755542058248 1.954750933203537 0
1782 1.883946197865351 1.941201025164185 0
1783 1.888768904959229 1.95632733227208 0
1784 1.89939462985794 1.945209872159227 0
1785 1.90260722402818 1.960080468191355 0
1786 1.915423271322082 1.951214919005411 0
1787 1.910504021221686 1.931896064652079 0
1788 1.927647209189076 1.936913628446096 0
1789 1.931691884393756 1.952899913893771 0
1790 1.942180369061763 1.943434442948169 0
1791 1.941740178853419 1.925688717621887 0
1792 1.945444052992685 1.957285961946522 0
1793 1.955933214977365 1.947789315930629 0
1794 1.958297893808549 1.961310888512928 0
1795 1.968154679279378 1.953394220857072 0
1796 1.970684743972414 1.965388754147636 0
1797 1.97984407074751 1.957953446668245 0
1798 1.968273473638522 1.936477531590851 0
1799 1.880671566428588 1.967094151561827 0
1800 3.092403599127783 0.06189183072843525 0
1801 2.320481164239601 0.2298536794427888 0
1802 2.386462452788246 0.2596603314280432 0
1803 1.368596066599997 0.5275704299428452 0
1804 1.350399713171867 0.6256446438220534 0
1805 1.949274225191229 1.969872541202223 0
1806 2.278222649226899 0.03651042671555883 0
1807 2.289818088808574 0.04228488617155635 0
1808 2.289081406267834 0.02998876330442072 0
1809 2.300005847598452 0.03602195572388477 0
1810 1.23578936664495 1.948288966430881 0
1811 1.242766561371687 1.960549903056468 0
1812 1.895135706143305 0.1083419760706568 0
1813 1.922545833927614 0.1073386957130193 0
1814 3.060303551043726 0.03184730272546264 0
1815 3.047897157345954 0.03267034999133196 0
1816 1.605374772180697 0.7646400048126405 0
1817 2.569503623131235 1.876148923551355 0
1818 2.624385730262278 1.796969228580859 0
1819 1.684012928320817 0.7206939114524997 0
1820 1.761438275813946 0.7667741007938843 0
1821 1.762586154264681 0.6772874755142457 0
1822 1.839505820623005 0.7234175166151171 0
1823 0.8575026093347238 1.90474968367835 0
1824 0.8589472226416539 1.93330937224722 0
1825 0.8742388291682023 1.939216815775093 0
1826 0.8517484288250117 1.950902856397525 0
1827 0.8406821511981698 1.940140043910799 0
1828 0.8385481524281412 1.956262812945928 0
1829 0.8692025321502674 1.961536412269414 0
1830 0.8273557190759072 1.948108653092383 0
1831 0.8262863257165232 1.961841001609164 0
1832 0.8154672063103469 1.954780475765255 0
1833 1.851180730785827 1.897701561565925 0
1834 2.313577448107113 1.933714871095717 0
1835 0.2253916409472 1.455306950146237 0
1836 1.149890688655377 1.866697008517512 0
1837 2.323544187520393 1.969963663388501 0
1838 2.687398323354944 0.514031845997371 0
1839 0.8150027855073354 1.967822885576044 0
1840 0.8051896152774527 1.961931844229265 0
1841 0.0508566672235473 0.03251486986879212 0
1842 0.04166397056313735 0.04061327417647367 0
1843 0.5299862869166251 0.8398895081077816 0
1844 1.838519257057132 0.8127137078664349 0
1845 1.916177566101554 0.769270374216269 0
1846 1.917388942399165 0.6799730912931949 0
1847 1.99389079227484 0.7257832707118489 0
1848 1.992716929038263 0.8149722091796076 0
1849 2.07035208264942 0.7714275316485173 0
1850 2.069200857711293 0.8605928468242321 0
1851 1.995198116597005 0.636090936748377 0
1852 1.991562775605619 0.9040488320597767 0
1853 2.06803507063429 0.9496503607655165 0
1854 1.448563827345237 1.208031913215872 0
1855 0.3007248014641349 0.9696616821086481 0
1856 0.986933711519371 1.290610454481854 0
1857 2.219765360737478 1.129490000634372 0
1858 1.139775678157951 1.381389311697555 0
1859 1.527185324905447 0.8092137662493284 0
1860 1.526076550970585 0.718967672882772 0
1861 1.44771755955386 0.7649451056014114 0
1862 0.7580563034421415 1.065281481282012 0
1863 2.145644883209965 0.9061840905075429 0
1864 2.682350854787019 1.046468039963229 0
1865 0.9886469584585218 1.112890033235326 0
1866 1.065046184821624 1.158391076294436 0
1867 2.684321870591234 0.8687627858043929 0
1868 0.8355474349105692 1.021896180637765 0
1869 0.7589698502713148 0.9763332745864729 0
1870 0.3783275773406928 0.7488153491376144 0
1871 0.3029969313974194 0.7031243668223099 0
1872 0.7823796075129641 0.1437674574307585 0
1873 0.7912214873476724 0.1120310051917924 0
1874 0.7522572959108721 0.0811636970472224 0
1875 0.7861074240166135 0.07266907502703071 0
1876 2.870812213264453 1.970908887591887 0
1877 2.794190698894865 0.09869622191982903 0
1878 0.8360834319513346 1.968950442599896 0
1879 0.05968357009658033 0.07953539778293757 0
1880 1.862918287844291 0.03385936520890581 0
1881 1.875223761078844 0.03535511644131992 0
1882 1.711698506535417 1.87607650246368 0
1883 2.872400622671953 0.05874743083298768 0
1884 2.876867950005286 0.04362346161491223 0
1885 2.869860458817286 0.03245087640785507 0
1886 2.881537040359085 0.03135312043193363 0
1887 2.888813018223475 0.04074837599429283 0
1888 0.1893926012783572 0.1786458063454728 0
1889 1.191916899046164 1.969447784981407 0
1890 1.982527317429803 1.969626048447456 0
1891 1.991797847873476 1.961996786058456 0
1892 1.990039184572211 1.949791931808088 0
1893 2.001443731226024 1.954465767751212 0
1894 2.002988997000231 1.966556775485049 0
1895 2.012383053587652 1.959570529830246 0
1896 2.011681890432749 1.946038956824242 0
1897 2.024769730073781 1.95414334381254 0
1898 2.024294435008435 1.935564496557727 0
1899 2.037504171897818 1.944136290857988 0
1900 2.039444371838786 1.958542634104067 0
1901 2.050830798821721 1.950716117577055 0
1902 2.05119647621379 1.963968226313556 0
1903 2.061632819396537 1.958012556484326 0
1904 2.041865351369048 1.971051074954419 0
1905 2.874809933609879 0.02177366748554704 0
1906 0.7448568470278211 1.901068927899841 0
1907 0.7441829408495395 1.927692039824773 0
1908 3.052470432334003 0.02203599876989679 0
1909 2.910322921047197 1.268507555641143 0
1910 2.909289478507878 1.35691207834308 0
1911 2.831325666391696 1.402262232236195 0
1912 2.907959766097837 1.445950724221831 0
1913 2.829465014216828 1.491577887593963 0
1914 2.906044038986152 1.537389352430294 0
1915 2.91342552135406 0.7369974981996684 0
1916 2.91193892414015 1.091424221897029 0
1917 2.913166917764392 0.9142487575757017 0
1918 1.770954539273714 0.1892787489722439 0
1919 0.08155419364675573 0.1160334909544981 0
1920 3.104028568414365 0.0419718875525598 0
1921 2.012951369065918 1.971203632668348 0
1922 2.791652403986858 1.923687580747763 0
1923 2.965390902146826 1.969807519526759 0
1924 2.972437021489856 1.960827512861583 0
1925 2.967958366999881 1.948668955619732 0
1926 2.982683599310018 1.952911917055145 0
1927 2.975779011164183 1.93551583939546 0
1928 2.992117340353764 1.93952812169301 0
1929 2.998136160502915 1.953893191820399 0
1930 3.007975286085474 1.942754294649047 0
1931 3.011692017586348 1.957151595359718 0
1932 3.02401710714158 1.94791480210799 0
1933 3.018681136144553 1.929994933585996 0
1934 3.035741530549072 1.935255641141129 0
1935 3.032493958215204 1.916345574190653 0
1936 3.039540595097202 1.952239907348731 0
1937 3.052048663554882 1.940281508584623 0
1938 3.056043234352436 1.956048178790956 0
1939 3.067572542688104 1.94461181218942 0
1940 3.06487814178996 1.927689496901292 0
1941 3.082954756884974 1.934511175316026 0
1942 3.081298053625598 1.95293644897734 0
1943 3.081267273567351 1.914126056208785 0
1944 3.003161292312071 1.966766557455627 0
1945 2.976674441395557 1.972842521215472 0
1946 3.098163388277244 1.944531765686447 0
1947 3.096188609962784 1.959443524418308 0
1948 3.085165859865143 1.966655608988272 0
1949 3.045000384336093 1.965423259776088 0
1950 3.055906052674217 1.969525469839238 0
1951 3.015086627970623 1.969600196768659 0
1952 1.850670338788745 0.03098650150269495 0
1953 1.84132025441208 0.03827800956090514 0
1954 2.892914704698097 0.02920351030097251 0
1955 2.89995011408419 0.03798295683208033 0
1956 2.904390919127885 0.02742181659232261 0
1957 2.91156967636044 0.03534937658153194 0
1958 2.912804638207672 0.6480300725327754 0
1959 2.836906615450018 0.6033394581959572 0
1960 2.911331916382393 0.5586394551025987 0
1961 0.03992857919954189 0.02832713228324517 0
1962 0.03084878565562622 0.03549533361336793 0
1963 1.161757012087454 1.967660500113028 0
1964 0.2270492778451542 0.7466246132762059 0
1965 0.2276313545647003 0.6572672873078562 0
1966 1.839557010048709 0.0271140030506864 0
1967 1.830348706775055 0.03433309568985173 0
1968 2.169048278439892 1.922970833333841 0
1969 2.166964160666537 1.941756572729877 0
1970 2.189127677029056 1.952904154219291 0
1971 2.17329993501962 1.963777318344333 0
1972 1.021316408251305 0.1798223886023447 0
1973 1.025294096653694 0.1363488601541802 0
1974 0.9780105583842389 0.1109343033902844 0
1975 1.016206055405268 0.09094235744945833 0
1976 1.195842753814642 0.1365619618657652 0
1977 3.105672890233862 0.02989362997106984 0
1978 2.93625883053039 1.974723315590242 0
1979 2.05613498810947 0.134912670498948 0
1980 2.085281953216271 0.1688989856478677 0
1981 2.388589195387777 0.1027511026964024 0
1982 2.390150603156562 0.07449628071552238 0
1983 2.415476503808366 0.0585248933799894 0
1984 2.390024165943707 0.05303534134547065 0
1985 1.831742367788213 0.04648723435601424 0
1986 2.062194228253027 1.969484065470003 0
1987 2.071924801887189 1.963937175292341 0
1988 2.072276534806906 1.974438909526502 0
1989 2.081606562021989 1.969236761082739 0
1990 2.096685298135138 1.942122681029785 0
1991 2.401576699269062 1.910977776116187 0
1992 2.82023064301886 1.921856946061233 0
1993 0.3202330573811892 1.886907463946357 0
1994 0.2260764248236207 0.9241158078804476 0
1995 0.2254231660103125 1.012101778466433 0
1996 0.9040624258139288 1.939414559748007 0
1997 0.9210228474079586 1.954597620117471 0
1998 0.7091569937153468 0.09326895503716365 0
1999 0.6822692031114848 0.07096774949961202 0
2000 2.73924810954279 0.09469035818876508 0
2001 0.558776421372189 1.89050888938613 0
2002 0.4199038352667813 0.1842375235142892 0
2003 0.9188247979847992 0.1208685532282591 0
2004 0.8809307901563386 0.09510900452907163 0
2005 3.096435824826314 1.971671984695713 0
2006 3.106769694052188 1.966077610583554 0
2007 2.299640266956645 0.02400546386281795 0
2008 2.309925047159988 0.02975926944990548 0
2009 2.310220034089578 0.04187470690209122 0
2010 2.320018139125132 0.03521937596312094 0
2011 1.445236380947765 0.5793203717830486 0
2012 2.881954172075574 1.893720857431805 0
2013 2.61959551752184 0.1310415265766861 0
2014 2.109299466587138 1.696772898001348 0
2015 2.104693897459861 1.589909570342678 0
2016 2.988031613650732 1.92099036220536 0
2017 1.83047742466459 1.953484890249452 0
2018 1.822404992688095 1.964989396543658 0
2019 1.809278878565169 1.964328011073079 0
2020 1.834936442923911 1.965672167969856 0
2021 1.786832542289771 1.948400456332599 0
2022 1.779868453373399 1.964338374027172 0
2023 1.073636704921195 1.962607892215522 0
2024 1.068228325834288 1.971908011239877 0
2025 1.05734053633202 1.971920679864757 0
2026 2.694875164052545 1.893316814725216 0
2027 3.114606902767628 0.03704914890788572 0
2028 1.249672541981546 1.950568255910876 0
2029 1.254554791458712 1.961998858434306 0
2030 1.248337018040469 1.97113709628117 0
2031 1.259147244165269 1.972690584226261 0
2032 1.265296711755655 1.964477594095404 0
2033 0.2170025061324919 0.08041319829335201 0
2034 0.2352683909966954 0.05725840643522965 0
2035 0.293842630731311 0.08535660573128263 0
2036 0.3099004421400136 0.05989830229598077 0
2037 0.3680978071410157 0.08235843172809118 0
2038 0.3878472485633627 0.05755453620207461 0
2039 0.4475091199691021 0.08533684759456164 0
2040 0.4676306585951671 0.0609812094655399 0
2041 1.81952591245877 0.2115832707681893 0
2042 2.618246624481057 0.04255507842193723 0
2043 2.627205961099553 0.03337783238248566 0
2044 2.639631430476856 0.0352751378400698 0
2045 2.614117437232089 0.0291432626610587 0
2046 0.1446830298638185 0.1766999919197812 0
2047 0.1324413461011055 1.834369226416182 0
2048 0.1328223364408758 1.883759419327574 0
2049 0.1232695362212758 1.778436715447289 0
2050 0.1736429187982392 1.745822688303255 0
2051 2.791547818486251 0.04141769037276247 0
2052 2.799514985523542 0.0315065339142745 0
2053 2.787776555037542 0.02998043653258545 0
2054 2.811343238477766 0.03046070224218307 0
2055 2.248601387367823 1.961728323969659 0
2056 2.693183358320776 1.953450383440262 0
2057 2.700444355793284 1.964681728140237 0
2058 2.713200585985192 1.965608511909293 0
2059 2.68796979377197 1.965115115581169 0
2060 2.737255485282706 1.95186594866787 0
2061 2.744894332336804 1.964287747661747 0
2062 2.756497830051995 1.964696762204634 0
2063 1.973496170908016 1.976988706807547 0
2064 2.650464648141063 1.954320370663701 0
2065 2.656571454397792 1.964698145679971 0
2066 2.644351519104069 1.964531349480592 0
2067 2.831668320441161 0.04252717210092113 0
2068 2.838709002736952 0.03306941430729903 0
2069 0.1297276453040574 0.0626354760691147 0
2070 0.1204920561053941 0.04249096167127785 0
2071 0.6515806947366667 1.919857825432649 0
2072 1.698715531848217 0.0787157043248454 0
2073 1.723589497148861 0.06190296222973839 0
2074 1.108043391810943 1.96424117901492 0
2075 1.102002593054563 1.972864994574392 0
2076 0.2274971957521396 1.547063489161956 0
2077 0.9925173000162634 1.948518719530844 0
2078 1.004787280190916 1.959693088778616 0
2079 1.94979433883321 0.0355638663982319 0
2080 1.943297602893091 0.02690206576049059 0
2081 1.415558153940245 1.91697962714066 0
2082 1.412312108793513 1.942410915407883 0
2083 2.985347497941803 1.488082179142305 0
2084 1.969488907000833 1.89452743271006 0
2085 2.703662400333079 0.02964604521612428 0
2086 2.692280186881853 0.02701372397253565 0
2087 2.68425021672057 0.03438165821536325 0
2088 2.715784278111384 0.0307869883986334 0
2089 2.416708763704676 1.853840128252702 0
2090 0.2244373441987191 1.365238226126875 0
2091 0.2990303444296524 1.323733304895895 0
2092 0.2242150688256202 1.276169819887599 0
2093 1.770871301330384 0.0749360049716969 0
2094 1.766908024170472 0.05330682531233586 0
2095 1.090649303599775 1.972599268826135 0
2096 2.767283482003759 1.893567638607673 0
2097 2.355778444151519 1.927251411172604 0
2098 2.635245808896037 0.02526023661728357 0
2099 2.646206674422235 0.02693945762351323 0
2100 2.650865691840051 0.03711605534599557 0
2101 2.657344649044362 0.02815538035963037 0
2102 2.66229713896319 0.03881361579938412 0
2103 2.835981113837127 0.514702700537308 0
2104 2.908204541540734 0.4687412538446761 0
2105 2.791609016993023 1.964329949920501 0
2106 2.269169729403872 0.07810903541118747 0
2107 0.03285567088451032 0.04694388354841884 0
2108 2.481782268853193 1.955218221237752 0
2109 2.490353482446397 1.965567143267772 0
2110 2.5030476181032 1.963892858090232 0
2111 2.477875114897618 1.967546281997831 0
2112 2.521401531345731 1.952019033470469 0
2113 2.534032008102087 1.963285775945743 0
2114 1.842434457371529 0.544447718931196 0
2115 2.568857053153423 1.947485823078412 0
2116 2.585798898582258 1.961008335564426 0
2117 1.529257165701335 1.775225600217517 0
2118 1.983205261949053 0.0353212373912938 0
2119 0.05899689507718873 0.02472169586479633 0
2120 0.07035662184639697 0.02625236013753975 0
2121 2.898035959254186 1.971815234821609 0
2122 2.144479069462509 0.9951767356875236 0
2123 0.8329564313218289 1.377511519655644 0
2124 0.299202425746051 1.234784420019647 0
2125 0.2244413322979723 1.187733041668463 0
2126 0.4496339580260711 1.32804756050503 0
2127 0.8364694627629446 0.9330499195304567 0
2128 2.68646185865909 0.6024335941268921 0
2129 2.610187509387004 0.6458385316389176 0
2130 0.5125905478793227 0.08265508670361815 0
2131 0.4969229975502007 0.06259117812289963 0
2132 2.588049351291346 0.1588665045114542 0
2133 1.089468431360415 0.4032835387100556 0
2134 1.015377143445841 0.4377773442193186 0
2135 2.581139536316106 0.06289591167163228 0
2136 2.582317950177383 0.04485031726492945 0
2137 2.593004697684709 0.03682050094338274 0
2138 2.581597604206602 0.03236496138007171 0
2139 2.571505340720889 0.0383138427599841 0
2140 2.571226555282437 0.02692793526128022 0
2141 2.561393551883815 0.03232574336976242 0
2142 2.590615562542513 0.02599931831474598 0
2143 2.067524002773831 0.02811216471371919 0
2144 2.054603173659037 0.02719939247854121 0
2145 1.142026303424864 1.965459917641403 0
2146 2.138389728433087 0.05107664209989278 0
2147 2.161291721031922 0.04412773749380378 0
2148 2.170842455694583 0.05594299829051068 0
2149 2.174106492321186 0.04118160875021042 0
2150 2.14580063777069 0.03355491188967719 0
2151 2.184744092167477 0.0502730401625187 0
2152 2.185943930190588 0.03673241371972399 0
2153 2.17647212051337 0.02864549621217331 0
2154 2.211968037823514 0.1912890884526037 0
2155 2.561167729622507 0.04392384356470837 0
2156 2.55102304362841 0.03727208107488272 0
2157 2.551787976255595 0.02624004234470817 0
2158 2.541331722553808 0.03087041203355792 0
2159 1.931759145387554 0.02691141661917632 0
2160 1.39528184099736 1.92669625683191 0
2161 1.392961569253444 1.946216263065959 0
2162 1.378352758787673 1.933646500619577 0
2163 1.37493795584101 1.952204449558979 0
2164 1.362819405796475 1.940852655866049 0
2165 1.359826337421597 1.957067055287425 0
2166 1.348525974011261 1.946191369935103 0
2167 1.350765016673938 1.929739525595355 0
2168 1.387128537626031 1.960962629080214 0
2169 1.346059263244891 1.960640463454689 0
2170 1.335423819017571 1.952456189562634 0
2171 1.333963387803908 1.965492111070173 0
2172 1.323843210892308 1.958300842200775 0
2173 1.32311687278512 1.94526995856877 0
2174 1.322426372871913 1.96986712695779 0
2175 1.313275730983961 1.963286487219567 0
2176 1.35496863322174 1.969855846226359 0
2177 1.376070014263451 1.965344573848255 0
2178 1.384577498057149 1.972968086548616 0
2179 1.39532511912369 1.969818604893694 0
2180 1.827581257361733 1.974378516631798 0
2181 2.849450598855681 0.03180973376609059 0
2182 2.843563639333829 0.02237984608618766 0
2183 0.4115329835492461 1.837633408139168 0
2184 0.4035455253376224 1.890741354116976 0
2185 0.4405395498480898 1.869624612132674 0
2186 0.4339774141350398 1.906991940874114 0
2187 0.3987286849881251 1.921507631470636 0
2188 0.4263251034527148 1.934664776321054 0
2189 0.4658101334628635 1.894261646518526 0
2190 0.4635926294331222 1.925433562619485 0
2191 0.4869363664818073 1.914721666513804 0
2192 0.4841848889697127 1.935467812517853 0
2193 0.5017613927768789 1.930422391912886 0
2194 0.4573377995864962 1.94663698893651 0
2195 0.4971998101513473 1.948610313758641 0
2196 0.5138156046539653 1.943914002947409 0
2197 0.5107704318106454 1.958569059733912 0
2198 0.52658705523469 1.956443270912432 0
2199 0.5292785184465714 1.939694801442188 0
2200 0.5410585811586629 1.950932121829506 0
2201 0.5456251478172284 1.934634511607849 0
2202 0.5560296081178127 1.948374534612213 0
2203 0.5506247487244075 1.96164299514656 0
2204 0.5647065940864828 1.961680000471897 0
2205 0.5705762989036489 1.946934156379495 0
2206 0.5797437614151202 1.960116271937866 0
2207 0.5844926073578134 1.944455307211357 0
2208 0.5940705728116626 1.955401159507992 0
2209 0.4984319872161543 1.963756143252215 0
2210 0.5990948420027682 1.94021317653963 0
2211 0.6081070219368812 1.953220051408433 0
2212 0.5869005155810202 1.925629211566061 0
2213 0.5196921328420354 1.968116512617605 0
2214 0.6147202471809129 1.939425584304337 0
2215 0.6221411439419382 1.953170232174221 0
2216 0.6159399562656612 1.965111495320326 0
2217 0.6292152496396015 1.964725641287268 0
2218 0.6354034285858499 1.954254757616898 0
2219 0.6417288676503597 1.964221730688214 0
2220 0.6477611706346161 1.953527322342663 0
2221 0.6540451554828524 1.964002028728748 0
2222 0.6603933099339971 1.953061534714636 0
2223 0.6662885230430921 1.96411511634608 0
2224 0.6728005611117305 1.95387106929652 0
2225 0.6785367554280164 1.964775041424973 0
2226 0.6847930770513458 1.954967745146182 0
2227 0.6908438779647526 1.965088872265835 0
2228 0.6966123297261091 1.954597401235235 0
2229 0.7030273133761753 1.9648740476435 0
2230 0.7089936473583445 1.954747630547432 0
2231 0.7150770327155005 1.965088487485679 0
2232 0.7213692854102958 1.955437661913206 0
2233 0.7158026214103259 1.944360589570273 0
2234 0.7271883466367691 1.965051971779462 0
2235 0.5311490260070006 1.920894814763031 0
2236 0.6975339137018042 1.974822594225454 0
2237 0.5732542416248653 1.969146738550423 0
2238 0.7335044313653389 1.955725064827841 0
2239 0.7391987033895527 1.965297753614568 0
2240 0.7453080060527868 1.954863929308456 0
2241 0.7513643054101098 1.965816842772315 0
2242 0.7578920377377785 1.955156566086314 0
2243 0.7637135457281004 1.966187881100645 0
2244 0.7702910506938948 1.956103084155729 0
2245 0.7758565263185766 1.966919958881211 0
2246 0.7822784915123215 1.957142386058188 0
2247 0.7569775601912175 1.975409012244684 0
2248 0.6480577935192222 1.973431367649937 0
2249 0.4768669014735511 1.956379571056362 0
2250 0.6793318406479631 1.942896804377706 0
2251 0.6719001266695624 1.974100529435413 0
2252 0.7243094024231902 1.913958017865111 0
2253 2.388218706472129 1.962602575157157 0
2254 2.396133015361921 1.971883363798519 0
2255 2.383592967180253 1.974325000780247 0
2256 2.40794905478551 1.9717361115237 0
2257 2.750344132266001 1.973733512456782 0
2258 2.739216745067757 1.974470386642735 0
2259 2.196766110646208 0.04431754977364076 0
2260 2.196678491708181 0.03131004451469223 0
2261 2.693557250565858 1.974377086407213 0
2262 2.784008567619412 1.973966458331452 0
2263 2.773220301285625 1.973995401681402 0
2264 1.760677532510281 1.886173143191431 0
2265 2.267174791898172 0.03040639635282048 0
2266 0.5647298317179485 0.244304812308704 0
2267 0.619831131236544 0.1065551491731861 0
2268 2.09618508667092 0.04236427525715145 0
2269 2.098209242916279 0.03064427777644808 0
2270 2.089374222023203 0.02288179804503645 0
2271 2.804635749943661 0.02172639039376584 0
2272 1.496395223418046 1.925352784273302 0
2273 1.514514548746343 1.942786645020831 0
2274 2.683023321404026 0.02340036995773766 0
2275 0.5083096745762681 1.971389237517054 0
2276 3.084740210514019 0.02642098122983235 0
2277 1.890821296990184 0.04680643646990982 0
2278 1.90429775600281 0.03641719467361784 0
2279 2.082158476863357 1.957942254041508 0
2280 2.091844030038423 1.96458975634809 0
2281 2.823084480099737 1.966688655525879 0
2282 0.7873314851646331 1.967375150421719 0
2283 2.915424006108624 0.02521406720719011 0
2284 2.922960982925692 0.03284294995615587 0
2285 2.919283198327792 0.04440287652949197 0
2286 2.930942885408119 0.04088764976889809 0
2287 2.934450151707745 0.02964172522832043 0
2288 2.942816740839969 0.03809544136368419 0
2289 2.939133097606061 0.05020309532238362 0
2290 2.952138171040457 0.04709000088688664 0
2291 2.954746099595957 0.03479028342497763 0
2292 2.964552518839285 0.04267439138413535 0
2293 2.966199047380435 0.03088956060067923 0
2294 2.975406933189992 0.03782830683703142 0
2295 2.975443191999779 0.0492176379134316 0
2296 2.977036663636987 0.02680250684053483 0
2297 2.985622583694673 0.0336127016073362 0
2298 1.173423569001639 1.967843929612878 0
2299 2.985826811453148 0.5131705322487312 0
2300 1.78664214595652 0.04253130364990748 0
2301 1.770260268438571 0.03824836652924166 0
2302 2.4596761439073 0.06885346615620989 0
2303 2.461399285108001 0.05005873340078627 0
2304 2.444543515460549 0.05759444369442634 0
2305 2.447692278862416 0.04187007636896518 0
2306 2.458734989231453 0.03529182535770457 0
2307 2.448473602786092 0.02952277334738618 0
2308 2.437492350177774 0.03380102901279884 0
2309 2.458533671186738 0.02359637331322536 0
2310 2.468233018412557 0.02855501824850281 0
2311 3.047425541231247 1.97670253453037 0
2312 3.037311199874928 1.973692093034578 0
2313 2.599174022182607 1.872887312374863 0
2314 2.215093972769035 1.947149221368211 0
2315 3.073591182705826 1.9643947052791 0
2316 1.629967535258516 0.1161564803782929 0
2317 1.627979874970813 0.08485138306444853 0
2318 1.660419116310139 0.06719918466167707 0
2319 1.635945266195207 0.0563105034731142 0
2320 1.605272725889521 0.09639437895898893 0
2321 1.606855441131761 0.06845937316506545 0
2322 1.587755222550857 0.07888593853504119 0
2323 1.588434185457086 0.05994310591579873 0
2324 1.572224880638048 0.06614120415706198 0
2325 1.614479518741789 0.05175387555051402 0
2326 1.595355322217915 0.03904411832504168 0
2327 1.575233407592093 0.04819935894984864 0
2328 1.558434907290923 0.05399392501388349 0
2329 1.555161667014181 0.07251655989650457 0
2330 1.541415519773148 0.05890417652074729 0
2331 1.537673621009558 0.07589763669194521 0
2332 1.522410539036328 0.06655472879195555 0
2333 1.520273608521773 0.08695906698234121 0
2334 1.500151205712634 0.06858333179901155 0
2335 1.497210489477022 0.09792585116485771 0
2336 1.477421565546259 0.08032245150716955 0
2337 1.470574431973215 0.1066937382068137 0
2338 1.449364069416952 0.08414160047706237 0
2339 1.440901401102238 0.1157718820750936 0
2340 1.421437851912998 0.09562628821813993 0
2341 1.425215666880119 0.0681076659022667 0
2342 1.403580602367257 0.07899559699833286 0
2343 1.395344126305681 0.104273888005397 0
2344 1.377515074932487 0.08138646430679508 0
2345 1.368599163344561 0.1106792368149145 0
2346 1.350971102449482 0.08900474905135287 0
2347 1.356835467232823 0.06643675947982085 0
2348 1.335833144420367 0.07166401640763494 0
2349 1.325824626367126 0.09326738303495738 0
2350 1.312690827763018 0.0680353179556146 0
2351 1.408464247214356 0.06183680698709907 0
2352 1.431334209761058 0.05019579886200437 0
2353 1.481363254359904 0.06218999542123077 0
2354 1.300452445315388 0.09446329199594 0
2355 1.287357074690134 0.07064816645814681 0
2356 1.316318605031284 0.1196520717158728 0
2357 1.34233121184704 0.05267136753991105 0
2358 1.360118487077325 0.04600252154696853 0
2359 1.297418630761338 0.05618098724849353 0
2360 1.273570004540701 0.06027325395770571 0
2361 1.266320720474448 0.07385732867265543 0
2362 1.258726690573513 0.0559438710604321 0
2363 1.247655872494058 0.07233745838628587 0
2364 1.238698981669273 0.05304079506596693 0
2365 1.227655867309644 0.0720154074352217 0
2366 1.218391546636383 0.05344006373712821 0
2367 1.208693573298689 0.07064716659325812 0
2368 1.200929674157327 0.05332917362713787 0
2369 1.190840924828799 0.0699382687036568 0
2370 1.181438191176363 0.05240181120114112 0
2371 1.172418162044282 0.06977000680847102 0
2372 1.164429270087115 0.05190356575076098 0
2373 1.15443620068071 0.06809645390090678 0
2374 1.145168150355736 0.05088177122231371 0
2375 1.137179059516806 0.0675060460304943 0
2376 1.128227672516036 0.05371953452134033 0
2377 1.119945355858017 0.06667376844531517 0
2378 1.111814531482455 0.05027958621577158 0
2379 1.102291299520856 0.0655346092768373 0
2380 1.093324881205378 0.04873497734545974 0
2381 1.083967587404585 0.06424544942131837 0
2382 1.077480824899511 0.04834516399046352 0
2383 1.093024272047779 0.08324109392322282 0
2384 1.129042580584456 0.08401357969532909 0
2385 1.160771452864174 0.08749487335601108 0
2386 1.064861558004989 0.06161559306248583 0
2387 1.061167820541082 0.04717206041041373 0
2388 1.154601035698633 0.03877026780152421 0
2389 1.525757194281449 0.04912041950312037 0
2390 1.492940549264569 0.1281724550189607 0
2391 1.250398971993407 0.04166193585711551 0
2392 1.236917616067378 0.09253702081969507 0
2393 1.190951410273659 0.03992779404139597 0
2394 1.562469894415159 0.03874369822775463 0
2395 1.28544193175378 0.04018583618006014 0
2396 1.386729395143723 0.1364485267818502 0
2397 1.412469101671117 0.04147435790977819 0
2398 1.102322255853301 0.03758161758994662 0
2399 1.068445050028977 0.03636023127798801 0
2400 1.055934309624159 0.03563097223202846 0
2401 1.047954414601883 0.04515566501133933 0
2402 1.043721824715989 0.03335574756149266 0
2403 1.034895719729027 0.0428218836539881 0
2404 1.039624468313028 0.05611796129771521 0
2405 1.02530104722269 0.05323663038974322 0
2406 1.021735805967467 0.03998125127876477 0
2407 1.012480060893473 0.04939454837101781 0
2408 1.00918432303911 0.03705267008049496 0
2409 1.000571345856655 0.04569313055209166 0
2410 0.9972950506251002 0.03396683413814994 0
2411 0.9889371762631886 0.04205796118927767 0
2412 0.9858933396536386 0.03063741564220967 0
2413 0.9770979987640556 0.03870915098909165 0
2414 0.9801569333739195 0.05051466835904822 0
2415 0.967834115042945 0.0472880509637087 0
2416 0.9655888248025419 0.03492436781629776 0
2417 0.9559049520700962 0.04254339088236525 0
2418 0.9576085474557702 0.05650710155517716 0
2419 0.9428250858048992 0.0487282496078915 0
2420 0.9456984491101674 0.06589579888837513 0
2421 0.929984968506386 0.05984492148753902 0
2422 0.9273303752309965 0.04472502145005219 0
2423 0.9158876028642178 0.05298588808376131 0
2424 0.9142417757582066 0.03947010624669219 0
2425 0.9033192939547308 0.04654618359068225 0
2426 0.9547284515241357 0.03080260792861815 0
2427 1.445036079101211 0.06042480641790161 0
2428 1.444491526794415 0.04485223803183561 0
2429 0.9018166583167175 0.03385489095623479 0
2430 0.8909311260613608 0.04113239900911868 0
2431 0.8915160690920136 0.05438532175329902 0
2432 0.8796705109673214 0.04802246404862179 0
2433 0.8795019211065833 0.0352665384301574 0
2434 0.8682209009780953 0.04120201195632825 0
2435 0.8678480432174098 0.05550587095237498 0
2436 0.8545582558553482 0.04618954557423696 0
2437 0.8544705626747394 0.06337244573612075 0
2438 0.8411638596704268 0.05500088347218507 0
2439 0.8395188690179278 0.07150031498240518 0
2440 0.8585436986192629 0.03321378500320646 0
2441 1.573318360475878 0.03345879383247435 0
2442 1.374541182140464 0.05806281626290016 0
2443 1.375213333906263 0.04207125130391651 0
2444 1.365702724462565 0.03313757046824806 0
2445 0.8260786491825245 0.06106856848594689 0
2446 0.8293409144524777 0.04463703667007037 0
2447 0.8142594376025123 0.05043315372230772 0
2448 0.8161314204137402 0.03718189463293613 0
2449 0.8038953534477769 0.04153515525044683 0
2450 0.9125835380374472 0.02699947373093933 0
2451 0.8270125639140911 0.03140159010767951 0
2452 0.9149153331731041 0.07116303810209038 0
2453 1.005533862313381 0.02605333810046896 0
2454 1.563738972783651 0.02667782658502347 0
2455 1.552844820867591 0.02959351631894371 0
2456 1.376786046218468 0.02933350546027577 0
2457 1.386582896900303 0.03578447698351858 0
2458 1.367778574150947 0.0220560406511545 0
2459 0.8220206604115206 0.07991896966153973 0
2460 1.178321125371375 0.03847666553388709 0
2461 1.184585570725334 0.02843980295819619 0
2462 1.197160167203693 0.02679110966506106 0
2463 1.17339665939683 0.02819057564259023 0
2464 1.090494399478081 0.03590254564100376 0
2465 0.8056631840988875 0.03003305418203878 0
2466 0.7937904544308305 0.03430304431366918 0
2467 0.8375529000976245 0.03456976774531634 0
2468 1.002923205815877 0.05886028186108843 0
2469 1.357745332999584 0.02522895635821265 0
2470 0.7922935222175861 0.0451850960784644 0
2471 0.7827221488107003 0.03790865135134718 0
2472 1.263225120714285 0.04101990585437475 0
2473 1.257164434508508 0.03071854986871537 0
2474 1.268764149795156 0.03063493146149562 0
2475 1.245418986262506 0.03016176218231491 0
2476 1.251880288437518 0.02029983292314884 0
2477 1.198765813168888 0.08507014604705204 0
2478 1.189073405038831 0.01817273700160856 0
2479 1.319663317090465 0.05007884649953502 0
2480 1.304926014178305 0.03662588666097383 0
2481 1.096350782617297 0.02710039916710755 0
2482 1.085269382614035 0.0265095783853825 0
2483 1.1073844167156 0.02715476649563775 0
2484 1.43371637062671 0.03646135219066199 0
2485 1.44493734059939 0.03157440957355274 0
2486 1.456447190378829 0.03878729292838556 0
2487 1.434872423152088 0.02382369298361742 0
2488 0.7963771502382545 0.02381457043793057 0
2489 1.698187149990695 1.781154378033885 0
2490 0.3681613206623958 1.89522432508984 0
2491 1.858517681802775 0.02287013889425794 0
2492 3.076420748775712 1.974244807937189 0
2493 2.458767808801189 0.1792204770453396 0
2494 1.253283438660353 1.981392373737592 0
2495 1.285320312026632 0.1216224559572877 0
2496 1.302468036832348 0.15333589104241 0
2497 2.039625039341042 1.926540452058522 0
2498 1.31165042647885 1.973942017284537 0
2499 1.302995695752081 1.967806488392057 0
2500 1.319691039872926 1.98108991512378 0
2501 1.3043963722868 1.956555916075918 0
2502 1.293982538766681 1.961533512693556 0
2503 1.292810171294098 1.972772605571074 0
2504 1.051855035881665 0.02525899661430968 0
2505 1.041317861105232 0.02191908164028648 0
2506 0.7817996144024457 1.976800315757342 0
2507 1.129261016171794 0.6341497715643789 0
2508 1.503726534689401 0.05018523140950674 0
2509 1.48554747373946 0.03861995650517824 0
2510 0.840038348234414 0.09093346389314651 0
2511 2.919019859604917 1.941657230577885 0
2512 2.439577341851887 0.02371765696876471 0
2513 2.428654938050189 0.02719255316498787 0
2514 2.426772846301536 0.03815158467866805 0
2515 2.417935243316956 0.03069788970719246 0
2516 1.716890487137435 1.950107043586492 0
2517 1.709677337742732 1.961019178545908 0
2518 1.736540125151952 1.950911173170246 0
2519 1.641412943489212 1.945746145696088 0
2520 1.630648609404401 1.961952858039313 0
2521 1.659800425248864 1.950925186055931 0
2522 1.141629062664346 0.03752896073676588 0
2523 1.148822177473628 0.02798231568044246 0
2524 1.127774242449366 0.03399582944092613 0
2525 2.816015231627018 1.975797305442013 0
2526 2.805500641965575 1.975922086075827 0
2527 1.387027134088449 0.02527141505997511 0
2528 1.396369726824509 0.03022008229919546 0
2529 1.397507938791746 0.01908586683680333 0
2530 1.406135533675855 0.0259099489951359 0
2531 2.521331677357295 1.887278714224742 0
2532 0.7935522696270307 1.977793784308925 0
2533 2.00480742407059 1.977841139041931 0
2534 1.955480147700703 0.02563074404347843 0
2535 1.595987810835227 1.939685438895604 0
2536 1.569920079857783 1.940985751535891 0
2537 1.582725328395006 1.955696962910373 0
2538 1.454752989479446 0.02592385327262344 0
2539 1.464605855766134 0.03017786814752896 0
2540 1.462945740434471 0.01882346960702721 0
2541 1.472156565613066 0.02331082360412799 0
2542 1.466906463063549 0.03974568332490161 0
2543 2.4970528568468 1.973940381286969 0
2544 2.508432473886771 1.973129861732733 0
2545 2.242724583456422 0.04097991414597298 0
2546 2.24476805449081 0.02805192213568955 0
2547 2.23405821990108 0.03204818017495871 0
2548 0.826172568307706 1.931897708724385 0
2549 0.7818775425966163 0.04792409956438104 0
2550 0.7720077064898813 0.04264293304648077 0
2551 0.7733314024995744 0.03092600800834742 0
2552 0.7621728991657836 0.03504994516918103 0
2553 0.7603667555771398 0.04771474452794236 0
2554 0.749729682423114 0.03803139992635876 0
2555 0.7469781261344975 0.05112395138471831 0
2556 0.7356115931310849 0.03990026053385425 0
2557 0.7337989917171053 0.05531238709383286 0
2558 0.7225011361818747 0.04563950882985987 0
2559 0.7419784896483597 0.02847053772774825 0
2560 0.7197314912164743 0.0613243872154074 0
2561 0.709107802457738 0.0497976768786515 0
2562 0.7119964531529512 0.03701939378753355 0
2563 0.699880410499727 0.03988447733250505 0
2564 0.7030853594345184 0.02882526628457369 0
2565 0.6917362758183192 0.03176623975023489 0
2566 0.6883276700111396 0.04312264372411276 0
2567 0.6800496949522922 0.03442516189530492 0
2568 0.676481733612141 0.04500427528695767 0
2569 0.6681637341636373 0.03643410080234769 0
2570 0.6640233079471084 0.04626487821435996 0
2571 0.6554686133731231 0.03873153544251921 0
2572 0.6520873856447542 0.051419262908819 0
2573 0.6416427506124741 0.04005663445748071 0
2574 0.6386386818867775 0.05579305672659885 0
2575 0.6280425424158638 0.04547885554714508 0
2576 0.6492729251458433 0.02899219394448741 0
2577 0.6242307379827516 0.06025678074214162 0
2578 0.6145853572647947 0.04887185851667184 0
2579 0.6188718271185695 0.035779936276383 0
2580 0.6062223641974553 0.03837902668079202 0
2581 0.6009300607751568 0.05076478238325055 0
2582 0.59336607657631 0.03999755521010859 0
2583 0.5985369900796598 0.02891926211125643 0
2584 0.5862117665876539 0.03007002192582781 0
2585 0.7139972476097204 0.02511107756164681 0
2586 0.6726340311187247 0.02636250349386621 0
2587 0.6506333852678005 0.0676479185788838 0
2588 0.5809161239714768 0.04060878156168025 0
2589 0.5743390686551462 0.03077007955817533 0
2590 1.096877759420279 1.981822680033942 0
2591 0.1512723251328608 1.497151212846483 0
2592 2.751704965822088 0.04172740803025118 0
2593 2.758741970902198 0.03146385356776001 0
2594 2.746801915923936 0.0303157753134234 0
2595 1.427024210368374 1.948219716593903 0
2596 1.410824498416425 1.959427454412657 0
2597 1.422052377409606 1.966501869976055 0
2598 1.893237296217531 1.969625821271737 0
2599 1.904765821333506 1.972752713466901 0
2600 1.91425999567269 1.965791471999492 0
2601 2.64969067693607 1.973864966729775 0
2602 2.660498748384875 1.974580164741139 0
2603 2.852899162109461 1.969652145137661 0
2604 2.845711755560573 1.979492384782284 0
2605 1.186694560654489 1.929909096497052 0
2606 1.202806808340839 1.969829826004928 0
2607 1.974924681426442 0.026531217922986 0
2608 1.986510073303614 0.02404569545868941 0
2609 2.18370458903294 0.0650416343725481 0
2610 1.914710221020216 1.97743470637275 0
2611 1.92400581720538 1.971481702527828 0
2612 3.075099207483885 0.09207171466853221 0
2613 1.113107813480477 1.973669832690164 0
2614 0.09903826981856836 1.863040261622253 0
2615 0.09890143640474064 1.898330494398532 0
2616 0.1433105214321471 1.918519155206764 0
2617 0.1114359146047921 1.931974222777481 0
2618 0.1638016423108221 1.899343100453099 0
2619 0.1663653650480163 1.924842849513326 0
2620 0.07366131960358058 1.887412891577863 0
2621 0.07708568963067003 1.91913277891271 0
2622 0.1392737625659996 1.940478113295729 0
2623 0.1616139983316758 1.94836277961997 0
2624 2.019643981125869 0.03325426818124792 0
2625 2.031008345921613 0.03217740480771698 0
2626 2.95726589931818 0.02359450118237102 0
2627 1.285265336313202 1.966580274902292 0
2628 2.435928602766452 1.958516168671895 0
2629 2.42349128866888 1.960818368403964 0
2630 2.431294755497121 1.970083205570057 0
2631 2.442987663594522 1.970202330190898 0
2632 1.239980211533253 1.90745239883591 0
2633 2.024836329451784 0.02311204049464826 0
2634 2.034980567737902 0.02126715979534036 0
2635 3.116326773291433 0.02653955293682142 0
2636 0.8155007624962863 0.131563517369603 0
2637 1.343647428021238 1.972780208621271 0
2638 1.352386666083578 1.980447726050811 0
2639 1.281535130730536 1.976707667642704 0
2640 2.958486633016997 1.978797461411623 0
2641 2.588331010474595 1.839953444914605 0
2642 2.288584045592076 1.975326263420821 0
2643 2.296345694402133 1.982668986122946 0
2644 2.751163945156718 1.865614080872974 0
2645 1.227784358789419 0.04068525695693732 0
2646 1.21517473793907 0.03898238884104659 0
2647 1.222265256793741 0.02920200849374123 0
2648 0.9611825036393041 0.07297092162906235 0
2649 0.9475490165800988 0.08569537263999844 0
2650 2.90883460220286 0.01776586121023209 0
2651 3.033010889308442 0.04680553140270459 0
2652 2.835848636517125 1.978358291683195 0
2653 2.353072648938958 1.966674782076095 0
2654 2.342058091321549 1.968105902478614 0
2655 2.349403819201734 1.976930153874113 0
2656 2.360065727786639 1.975274557556579 0
2657 2.468093471053976 0.01821811437832145 0
2658 2.777455079071489 1.9829748267916 0
2659 0.1593355876507816 0.2183030714667543 0
2660 0.6951530450956374 0.02004152558139643 0
2661 0.8477507625878795 1.964348384330419 0
2662 0.8890048624475677 1.767205172064966 0
2663 0.839601421636859 1.719126842692108 0
2664 0.6306411003060031 0.03263462716117295 0
2665 2.6893767469866 0.01704814846532827 0
2666 0.6026755823898524 1.965975459677282 0
2667 0.5903085920545572 1.968387314502332 0
2668 1.135239423554888 1.974072389902748 0
2669 1.145827507560931 1.976479989889666 0
2670 0.7711465454350913 1.750662201913306 0
2671 0.7036621631780213 1.71001824074337 0
2672 3.070272299954154 0.1195864741135903 0
2673 0.5691643360429166 0.04084672096249631 0
2674 0.562489503080061 0.03139118813963604 0
2675 0.5575545057763872 0.04184050488254632 0
2676 0.5507082943534329 0.03246425486975244 0
2677 0.5458544032629632 0.04357848226350401 0
2678 0.5388846362267686 0.03357406927165678 0
2679 0.5338314244125066 0.04450034486236139 0
2680 0.5269918450638811 0.03436761453832006 0
2681 0.543853980861267 0.02292256429750688 0
2682 0.5214819321858033 0.0452962555410437 0
2683 0.5151905386772293 0.03494500274835241 0
2684 0.5290522313085816 0.056607835198819 0
2685 0.5200936088690997 0.02584664221541855 0
2686 0.509021567484609 0.02685813265158297 0
2687 0.5038814225096763 0.03550297808758119 0
2688 0.4982729290672048 0.02715562295429721 0
2689 0.4928194411817935 0.0360390548409319 0
2690 0.4872909187246749 0.0277689723267316 0
2691 0.4815487008148858 0.03851213577041537 0
2692 0.4760676704568736 0.02814963577570343 0
2693 0.4699281667913416 0.03837420557718851 0
2694 0.4645556129349267 0.02757021895969461 0
2695 0.458888041197858 0.03652724946667713 0
2696 0.4528197476911463 0.02736562942808298 0
2697 0.4474743016961835 0.03670011848895607 0
2698 0.4411478390103338 0.0273522366576981 0
2699 0.4360403001818723 0.0368111643262199 0
2700 0.4427772283770083 0.04697041587361642 0
2701 0.4306854473047615 0.04711470723033825 0
2702 0.4241882062709064 0.03662536943592549 0
2703 0.4182943581576246 0.04675963438874431 0
2704 0.4123689278042957 0.03611614310055233 0
2705 0.4252362038172314 0.05883301359549283 0
2706 0.4179647129557514 0.02702676530604329 0
2707 0.4065437068024436 0.02660556715059852 0
2708 0.400752624013768 0.03574930724886836 0
2709 0.3953672942442937 0.02592944185806742 0
2710 0.3894807136682585 0.03499139388322879 0
2711 0.384335850620502 0.02476170623427669 0
2712 0.3784110769166338 0.03385453161881715 0
2713 0.3737705133552378 0.02365925121043247 0
2714 0.3673115346506487 0.03252967404436179 0
2715 0.3720418956507748 0.04316778917741945 0
2716 0.360579505023675 0.04223980971817707 0
2717 0.3559984527559882 0.03097395481230228 0
2718 0.3492144460754372 0.04075393562304176 0
2719 0.3449501553338329 0.03014159071992906 0
2720 0.3380753189748564 0.03951110097663311 0
2721 0.3530013142577746 0.0525899597160164 0
2722 0.3335848629139447 0.02945739135990766 0
2723 0.3265734806729109 0.03937009772223722 0
2724 0.3220004863553975 0.02869262273280604 0
2725 0.3148512492409987 0.03807547256738407 0
2726 0.3104062827966464 0.02731349024028525 0
2727 0.3034602776944266 0.03640715236816185 0
2728 0.3318446409262789 0.05086194381122879 0
2729 0.3408430989738134 0.01987156666237486 0
2730 0.2990753504163018 0.02595604118408094 0
2731 0.2921812277405685 0.03488083125069538 0
2732 0.2966283960559966 0.04536106955688991 0
2733 0.2850508010200619 0.04466706120070519 0
2734 0.2807549004551202 0.03305085777480866 0
2735 0.2731259125785193 0.04276740962115501 0
2736 0.2773410355856788 0.05577196597858414 0
2737 0.269308321758017 0.03091535363766496 0
2738 0.2619981817727241 0.03965167182918009 0
2739 0.2581566728858404 0.02889741276182642 0
2740 0.2512674629586478 0.03741915298332506 0
2741 0.2767606981696668 0.02118812540031884 0
2742 0.2547472785491482 0.04738129870859328 0
2743 0.2471855844143971 0.02715966976143336 0
2744 0.2402347794675324 0.03549009373116072 0
2745 0.2363898573974328 0.02504345320853776 0
2746 0.2290038615914693 0.03289439824075435 0
2747 1.230980910904402 1.974580856351802 0
2748 1.223476069209392 1.981427739040259 0
2749 0.6001517725511711 0.3022795433160883 0
2750 1.689624354507508 0.2669789994775714 0
2751 2.030512770186172 1.967268938940636 0
2752 0.538325924625678 1.964015379455627 0
2753 0.5463457946938629 1.972772406233727 0
2754 0.5359488653002625 1.974453772651498 0
2755 0.5572041854708961 1.971970830003927 0
2756 0.8247108788843055 1.973989535197461 0
2757 0.6229246099312689 0.02477754527705944 0
2758 1.424401638665911 0.02836667650592827 0
2759 2.879882654296131 1.972934501277171 0
2760 2.8753703063486 1.980901657299698 0
2761 0.5976233618947121 1.977486748333264 0
2762 0.06575350759784417 0.01723538742592586 0
2763 2.279815961616252 1.968369065790144 0
2764 1.839100043000402 1.975657026434592 0
2765 1.846723848331436 1.968450280926383 0
2766 2.107273462123086 0.03804190298256277 0
2767 2.109115189233506 0.02687410682004143 0
2768 2.118001058745825 0.03416578210861191 0
2769 2.119609723830605 0.02289364371362347 0
2770 2.128244882213285 0.02968711881439563 0
2771 1.063773268349877 1.981371640851189 0
2772 0.8170515829092839 0.02596748262464959 0
2773 1.906784462520402 1.98265248561377 0
2774 2.438598637765207 1.979707805956058 0
2775 2.426832986970504 1.980126088128451 0
2776 0.5104979298736261 1.913163642242937 0
2777 1.393474804781069 1.980835855262243 0
2778 2.165301789015984 0.03150761282536526 0
2779 0.835337781825471 0.02504805947174222 0
2780 1.753019814356049 0.06591564978469258 0
2781 1.751500682005735 0.04848741422381911 0
2782 0.6100087615773604 1.975983228060192 0
2783 1.042709440443292 1.961231109441639 0
2784 2.744418426134132 1.982661369337679 0
2785 1.850631837121848 0.1722531948446074 0
2786 0.7211398007510665 1.974155202002617 0
2787 2.814268017650153 0.02008114417893251 0
2788 1.486081086881613 0.2235611477588567 0
2789 2.948258073577477 0.06062567211898583 0
2790 2.932958271952248 0.06304052686689565 0
2791 0.8114461306414267 0.4147033652348271 0
2792 0.3055012398866804 0.01611384893776973 0
2793 0.7650858686989264 1.944425744213539 0
2794 0.2252047948112901 0.02091311830780174 0
2795 0.2176687457280408 0.03063281742055494 0
2796 0.2218765778039686 0.04179446935647643 0
2797 0.2106403443211095 0.04017655689775101 0
2798 0.2064821406726737 0.02942297152679811 0
2799 0.199150745859084 0.03785692291166355 0
2800 0.2032152484094271 0.04962591903300155 0
2801 0.1910069505957911 0.04665752507732358 0
2802 0.1878310644691613 0.03505346156800258 0
2803 0.1791293214264358 0.04334177848438293 0
2804 0.1763775611175319 0.03171020362221463 0
2805 0.1675798433648202 0.03978022546630023 0
2806 0.1650739411503885 0.02870372098397757 0
2807 0.1566049496432688 0.03605127287023213 0
2808 0.1538987845335921 0.02586098019742189 0
2809 0.1458845752079476 0.03284742848393096 0
2810 0.1948048991226248 0.05861918687791386 0
2811 0.1489527781308208 0.04262671117727127 0
2812 0.1382531825241254 0.04079573605447263 0
2813 0.1358444099448753 0.02988105467342793 0
2814 0.4753387283859303 0.05071914577111362 0
2815 0.9245131297092113 0.0317092609705876 0
2816 0.9365295708100765 0.03561187278562537 0
2817 0.9336805114791265 0.02447705926515602 0
2818 0.6229941163524941 1.974517889094741 0
2819 1.136984817583445 0.02654943519413164 0
2820 1.127618818434347 0.02427864693207434 0
2821 2.014750069934178 0.02450645621584265 0
2822 3.02337276467141 1.961160736143232 0
2823 1.024912032341168 1.885259166446149 0
2824 1.008945366865853 1.851311687648298 0
2825 2.68195221086494 1.974640457517633 0
2826 0.1738382247332481 0.02051566018019386 0
2827 1.166479400402506 1.977963107013718 0
2828 1.885598276762344 1.980478452133871 0
2829 1.874629230960083 1.976342851837195 0
2830 0.6336711732371301 0.02152952386893045 0
2831 0.8843937962093409 0.3965884708245969 0
2832 0.8738016120572836 0.4791722692173342 0
2833 3.072763564650131 0.02950367717628179 0
2834 0.7335297072790384 0.07184456402892045 0
2835 2.540644367183038 0.04280106561398942 0
2836 2.530836569480467 0.03557253394812566 0
2837 2.529411898420788 0.04881417212797481 0
2838 2.519442169796235 0.04036293551440238 0
2839 2.521028115113217 0.02873325983425822 0
2840 2.509930716656354 0.03240446777977632 0
2841 1.850838521845944 1.979566864053008 0
2842 1.858537676901828 1.970262752170724 0
2843 3.057772072143601 1.979804754861001 0
2844 0.1846345698654741 1.913701401317323 0
2845 0.1837345120867662 1.939295638212597 0
2846 2.319753350059052 0.02411205432547291 0
2847 2.329857107225903 0.02893613206579351 0
2848 2.330644845688031 0.0406770824123137 0
2849 2.340574251612693 0.03344724160913977 0
2850 2.342079039801245 0.04539760530073404 0
2851 2.351842564886369 0.03758024997719608 0
2852 2.353273749588643 0.0498961100244066 0
2853 2.363286922071989 0.04201368270666819 0
2854 2.349831361997937 0.02609586266894879 0
2855 2.364311745477038 0.05353633249712789 0
2856 2.369909058632827 0.08318475786535623 0
2857 2.832293056429855 0.02285464377167644 0
2858 0.723406763035361 0.0328583563185372 0
2859 0.09308834532953988 0.1523163444293795 0
2860 0.1018089339855204 0.200924739635216 0
2861 1.815648972471822 1.974011781710793 0
2862 1.804091083755685 1.973916809328016 0
2863 1.797906871918979 1.9656558957162 0
2864 1.793479888681579 1.974260772052511 0
2865 1.798727010981305 1.982633300357761 0
2866 2.094844726836358 0.05522532046382023 0
2867 0.4977240394573375 1.975506020136677 0
2868 0.4886264925983151 1.969605023272798 0
2869 1.39598456798925 0.03949438775917402 0
2870 1.283487707260579 1.954761520287925 0
2871 2.770251943331047 0.03071958939513479 0
2872 2.603927904016895 1.953316655154829 0
2873 0.9000619094020627 0.02026219318140358 0
2874 0.910893998740774 0.01659220650442326 0
2875 2.908543228186219 1.973427383293538 0
2876 2.917469169191484 1.975576135123687 0
2877 2.517319502242472 0.05250975091575807 0
2878 3.115236858030654 0.05086587498282388 0
2879 2.233726749582635 0.01954957163578041 0
2880 2.224529666992209 0.02625038319601737 0
2881 2.246009575133261 0.01732012774587705 0
2882 2.277327296747002 0.02299254282208603 0
2883 2.723720925022175 0.042792625584538 0
2884 2.727947701344745 0.03039862032695855 0
2885 1.363200726561869 1.977911293950981 0
2886 2.70514679186505 1.974688904790785 0
2887 2.716212463472325 1.975617818280969 0
2888 2.722561095717256 1.968654811119328 0
2889 2.676159019822006 1.965485029257214 0
2890 2.821837935471122 0.02729695043781998 0
2891 2.038664855900445 0.04109569992996517 0
2892 1.937087363539757 0.01696745032634459 0
2893 1.196840370653073 1.979607248545719 0
2894 3.039920004591459 0.02145605917436028 0
2895 1.200176635317042 0.6829837970568763 0
2896 3.107492051127459 1.97925103642271 0
2897 3.116222640625782 1.971981182111973 0
2898 3.115303868746536 1.96305035705741 0
2899 1.846095267969021 1.836621526950966 0
2900 0.6113601786834429 0.02634606920919097 0
2901 3.007519380261884 1.978381124160286 0
2902 2.995769190278277 1.976551345916942 0
2903 2.186991299916779 0.02484810970997112 0
2904 2.178530758181064 0.01779280621315131 0
2905 0.9432325269340632 1.950588059774764 0
2906 2.640148185273852 1.973081168872974 0
2907 1.961788331661255 1.973059213592577 0
2908 2.052834481387072 1.975296163398129 0
2909 2.044696805882274 1.981818688535142 0
2910 1.063268183241339 0.1553911971210472 0
2911 1.057053182501019 0.1137277276425843 0
2912 2.514633141151572 1.964230914623309 0
2913 2.518978525095711 1.972850732645812 0
2914 0.813287593787799 1.980328106005535 0
2915 2.829766556304521 0.1903789252538826 0
2916 2.863871653377045 0.02210856249622202 0
2917 0.02937891787066222 0.02363585638836491 0
2918 2.090286418033586 1.974973483288406 0
2919 2.100958488622212 1.970860184479869 0
2920 2.103186754677755 1.960066818747284 0
2921 2.111573956360911 1.966387291087737 0
2922 2.110235451809466 1.979179667927359 0
2923 2.120519956705361 1.972796708304325 0
2924 2.121771382946177 1.961857516595547 0
2925 2.130889543116549 1.968238540610932 0
2926 2.131950623447943 1.955715145528934 0
2927 2.141488811320595 1.963389666982313 0
2928 2.140030418562866 1.974706331352076 0
2929 2.143077074567439 1.951465890928785 0
2930 2.15079781202901 1.970688630231445 0
2931 2.632937059774787 1.965812716901767 0
2932 2.630947507321018 1.97874515920163 0
2933 0.1127265683899299 1.714247679619714 0
2934 0.1741879814168397 1.672453759158773 0
2935 2.485063669320645 1.97591798455978 0
2936 2.127386450292136 0.0421872683853614 0
2937 1.214806126092793 1.979021874744075 0
2938 1.925575363759617 0.03566515572363044 0
2939 1.920018808137741 0.02658812592067003 0
2940 1.017516656934725 0.02829675165247666 0
2941 1.013605353179178 0.01702478233217264 0
2942 2.063491744232372 0.2273037208283374 0
2943 2.260982589000917 0.2201784634903107 0
2944 2.987914142060065 0.02293288292131355 0
2945 2.996139281549962 0.03096067187039556 0
2946 2.993676679008905 0.04131233767990494 0
2947 0.581078977687048 1.700038577029297 0
2948 2.621842927332528 1.968410491267535 0
2949 2.256798868860464 0.02273289784639717 0
2950 1.721616173435478 0.2037660780971047 0
2951 0.7532337313486789 0.02686422021887942 0
2952 0.7459106476182772 0.01838652796864183 0
2953 2.290980663061912 0.0537321822422662 0
2954 1.292384968686128 1.983329288640164 0
2955 0.07912613024781673 0.04087142381398635 0
2956 1.427131089669615 0.2011853228781431 0
2957 0.6606362995462232 0.0278841518647033 0
2958 0.6547321600003435 0.01896499926550925 0
2959 0.5674679365154182 0.02096510313608108 0
2960 2.886526921508897 0.2116872293120697 0
2961 2.892512185529331 0.2927848415281412 0
2962 2.957449717148295 0.2441506631647585 0
2963 2.958860330337171 0.3319846702183422 0
2964 3.022665824188468 0.2837492670812717 0
2965 3.018013827012846 0.2212336001245925 0
2966 2.895674450056374 0.04810049984462607 0
2967 2.062931614471889 0.0183813731216254 0
2968 2.311539345485228 1.970706959026472 0
2969 0.03853930316683855 0.01695575020078071 0
2970 0.01867184464328012 0.0194418986260312 0
2971 2.809905122467228 1.984133100756064 0
2972 2.416107735464468 0.04313615156104443 0
2973 2.407030541591503 0.03551850323234019 0
2974 2.408915978683033 0.02365837942698935 0
2975 2.398973762793178 0.027734048373703 0
2976 0.3787730753765642 0.01386442141913112 0
2977 0.5534273295662576 0.05548222289569227 0
2978 1.345381656526766 0.1432139934774415 0
2979 1.326719318429827 0.1850975009735269 0
2980 2.602039762722532 0.02888759463638112 0
2981 1.53991883646295 0.04381907813812033 0
2982 1.531193528563484 0.03421543897296431 0
2983 1.51914181604666 0.0369262678026062 0
2984 1.523268434086666 0.02606805122638144 0
2985 1.512819048766243 0.02785989777156771 0
2986 1.534093268194026 0.02353073877270308 0
2987 1.548759137326961 0.09646196314167474 0
2988 1.578726721748614 0.1028636669326533 0
2989 2.12116752762721 1.947577369108442 0
2990 0.4113617603231553 0.05752392078113198 0
2991 1.049724845201664 0.01537000878813516 0
2992 0.9634734538520524 0.02318583377717913 0
2993 0.9523204449419886 0.01978640645487217 0
2994 0.9725038852347621 0.01597993018440156 0
2995 1.460741225076079 1.796657779700085 0
2996 2.680610898001714 0.05393946751588963 0
2997 1.074370575754212 1.981560112482369 0
2998 2.477127453597515 0.02311470212135515 0
2999 2.478005596647225 0.03331464737794636 0
3000 2.48815910312021 0.02722435385650343 0
3001 1.828844114323793 0.02267425971547814 0
3002 1.819915037991855 0.02997295035422884 0
3003 0.8450522158628396 1.975808376357723 0
3004 0.8559897367338998 1.972665466046386 0
3005 1.20999530189538 0.02693010360993157 0
3006 1.218748613908591 0.01847783750881348 0
3007 1.229568744959532 0.01946425976350816 0
3008 3.056193399436313 1.907449404985153 0
3009 3.077435265988598 1.889592547105211 0
3010 3.050995893245506 1.881612680809615 0
3011 3.039319414827971 0.1267504022977331 0
3012 0.394626423604638 0.04543940312079667 0
3013 1.880657417856271 1.923258143445205 0
3014 2.133629027954545 0.1457954405609605 0
3015 2.121544425022349 0.199488561388126 0
3016 2.149147320921161 1.981691549172671 0
3017 2.160112572733086 1.977829625404872 0
3018 2.16922904085465 1.983867003294977 0
3019 2.655267203012091 0.04761774638775103 0
3020 0.6600681522608806 1.973551959057546 0
3021 2.229519895821318 1.48611108888082 0
3022 2.29782875349636 1.438063038924915 0
3023 2.031004797992725 1.638601949760538 0
3024 2.025575328557955 1.552141165590334 0
3025 1.95621256374716 1.602457510085011 0
3026 1.956151813207053 1.515967014644705 0
3027 2.031482973655589 1.460811313179913 0
3028 1.885343189494536 1.563233282176974 0
3029 1.886595961396184 1.475508173030469 0
3030 1.052800092738398 0.5939859868482434 0
3031 2.764098613578651 0.02090257983034611 0
3032 2.774650435953285 0.02023393996004648 0
3033 0.6845710008983509 1.97642695983442 0
3034 0.6043083478542635 1.613163815556009 0
3035 2.425179386673702 0.04936146350575756 0
3036 2.138273049052197 1.985232755974383 0
3037 2.151445530863124 1.935297858952526 0
3038 3.008992499226241 1.91047263032435 0
3039 2.944142714780133 1.941855987197864 0
3040 2.01437980577938 1.98256557578859 0
3041 1.027336428112275 0.07069032350703372 0
3042 1.048048047385251 0.06956904815352823 0
3043 1.521901575843601 0.1168240634748534 0
3044 0.7092306979199398 1.974454508927405 0
3045 0.7044805990455966 1.984505012575311 0
3046 2.355437387671819 0.06505515461260537 0
3047 2.375580085475404 0.04787028623183036 0
3048 2.373286189412416 0.03511057194090483 0
3049 2.36201451356574 0.02865215571650919 0
3050 2.357027982050813 0.01933241851194573 0
3051 2.372683941372744 0.02492797341170955 0
3052 2.381698477568356 0.0281173233181988 0
3053 1.312089204488923 1.785351609817013 0
3054 1.301994676371886 1.720019712740883 0
3055 1.358814087953592 1.75894370227646 0
3056 2.47399468784606 1.978488110914376 0
3057 2.466552917299667 1.970307098459462 0
3058 1.342704694812632 1.892460007879733 0
3059 1.483569958310317 1.735851008040977 0
3060 1.85580659271202 0.2816229810317287 0
3061 1.269536559293653 1.975072570596136 0
3062 0.7352333756655351 0.01930772993510371 0
3063 0.7329816259484363 1.974187912087604 0
3064 0.744827705765749 1.974525291713319 0
3065 0.7498619777294611 1.984643366613798 0
3066 2.46311644119243 1.980182964201633 0
3067 2.402320502134064 1.982179870778419 0
3068 2.722753477626753 1.958043194837338 0
3069 1.876630677573023 1.987208587527275 0
3070 1.031037156816657 0.02908515528141729 0
3071 2.945971966905343 0.02685950792415802 0
3072 2.937885126756121 0.01756404789889712 0
3073 2.838845917361664 0.01068630921789923 0
3074 2.384451725299379 0.03908344623378164 0
3075 1.516602506981394 0.0168644593045185 0
3076 2.531611715232731 0.02461242678128188 0
3077 0.5909775550090393 0.01972279100153899 0
3078 0.5317632644848792 0.02460198266967532 0
3079 2.737783792191166 0.03986496126776393 0
3080 2.709590875668145 0.01976497210872893 0
3081 1.160671155935676 0.02764543067923415 0
3082 1.155018058693403 0.01879688032569787 0
3083 1.177171861037262 1.978908395759332 0
3084 2.901012803439466 0.3801191255160681 0
3085 0.453437413437078 1.828802037427657 0
3086 1.231432108069547 1.682447160146775 0
3087 1.297178194069723 1.642829653726181 0
3088 2.668100065983619 0.02952212827550181 0
3089 0.7870321481628133 1.98689967401931 0
3090 0.7233726633033004 0.4446215346632165 0
3091 2.028671873206239 0.01271183563815661 0
3092 2.465555359468192 0.2832249280696332 0
3093 0.7698997940170258 1.97772182246362 0
3094 3.096222136452214 0.02080589288590014 0
3095 2.078578535409502 0.02648772024026359 0
3096 0.7834922745197983 0.02658733238405004 0
3097 0.7751149398201165 0.01924848205114098 0
3098 1.99388616000657 1.973413948197213 0
3099 2.289474194733017 0.01811728969034539 0
3100 2.298972668597767 0.01254141954187661 0
3101 2.270973252126795 0.01449157151020769 0
3102 0.8702069764673268 0.07339347712431592 0
3103 1.243251468355369 1.93258451854675 0
3104 1.870245369501463 0.02465427094876975 0
3105 1.882070247359203 0.02630643332308175 0
3106 0.6358026877815075 1.973720126305262 0
3107 0.6424467085917922 1.982548133402015 0
3108 2.503295121884064 1.983339370443299 0
3109 0.6540040998616761 1.938878964295026 0
3110 0.3257875285078474 0.2622530535561961 0
3111 0.8692029762665778 0.02901387529315262 0
3112 0.8603388276012623 0.02216331708809638 0
3113 0.878849331793923 0.02408369525107235 0
3114 0.8897623021796603 0.02871899633514563 0
3115 0.8510372279852666 0.02558978538061935 0
3116 0.8528231515522778 0.01658414223926577 0
3117 0.4295367686919859 0.02729560789750553 0
3118 0.7005958402097818 0.06812404124325323 0
3119 0.9939212065039092 0.02264016498983122 0
3120 0.9835077206969953 0.01936424104790132 0
3121 1.529477816799611 0.5361515220263452 0
3122 1.114564420653711 0.03631737287723517 0
3123 2.947186484834307 1.975779634462029 0
3124 3.060607274444153 1.70891009569198 0
3125 2.987703337076959 1.660054522429743 0
3126 2.16791517342755 0.0199492657399809 0
3127 2.157163580797951 0.02242802162976205 0
3128 2.14844591683113 0.01545716619153338 0
3129 1.347754809069783 0.03831966314273935 0
3130 1.336215410861349 0.03924269017419453 0
3131 1.34128329192558 0.02872422406913423 0
3132 1.330543538691235 0.02896493253095929 0
3133 1.335308553738337 0.01928660032899541 0
3134 1.325313633784374 0.03860491758029624 0
3135 1.320047929407072 0.02823613996332302 0
3136 1.985454911070835 1.982014648805639 0
3137 1.935330707780195 1.966879566162031 0
3138 1.940904555871548 1.979531914662008 0
3139 2.127361698468908 1.828558449093245 0
3140 2.111219685376754 1.777504596120061 0
3141 2.054002442629118 1.7630844659244 0
3142 2.170933118244405 1.805945354594327 0
3143 2.080606371101619 0.0160305763295635 0
3144 0.834139491165766 1.981434564202666 0
3145 1.332380232775526 1.978907835623879 0
3146 1.425415475275372 0.01717033506689799 0
3147 1.436327379668203 0.01121564555425891 0
3148 3.047927647649286 1.988621896259551 0
3149 0.5070172088761838 1.981920838108312 0
3150 0.8025971296054362 1.946975527458889 0
3151 1.573144614430708 0.0219195584418077 0
3152 1.582530148767655 0.02711216365477662 0
3153 1.582367831845887 0.01646132886091724 0
3154 1.59216578043871 0.02175851004533433 0
3155 1.262108671293892 1.952569716997178 0
3156 3.086722735449108 1.979765629596038 0
3157 0.5169120488516192 1.978617076397539 0
3158 0.5239932488629067 1.984196221980639 0
3159 0.5556043230106168 0.02152462246587626 0
3160 0.6592632804556678 0.3669380011963437 0
3161 1.869270750435873 1.967483189039952 0
3162 1.838081582265108 0.01620505316475486 0
3163 0.6159731507187591 0.01573348722291259 0
3164 0.6292866237905262 1.941204411782897 0
3165 0.07971056613600035 1.816168381328348 0
3166 0.06898590321163157 1.756282544157171 0
3167 1.508001268057269 0.03801362674765656 0
3168 1.502602076515002 0.02910448429593648 0
3169 2.901450760787265 1.98229833519445 0
3170 1.81820488644342 0.01910466128225125 0
3171 1.809715253288134 0.02582137513605067 0
3172 1.80896654415176 0.01663008701463678 0
3173 1.799327615913848 0.02083590933801591 0
3174 1.802192751678364 0.03172463246174165 0
3175 1.791978224055653 0.03201596641914334 0
3176 0.02809501969847136 1.871200694657077 0
3177 0.02903485914893359 0.1252995348243735 0
3178 3.118273365827541 0.118625357876627 0
3179 3.108604682916317 1.876458314171854 0
3180 3.099241845375881 0.2287102859742952 0
3181 3.08599455552614 1.781376800042519 0
3182 3.050063334322349 1.822743035102715 0
3183 2.454977596340398 1.972515482207088 0
3184 0.547644548798214 0.01088631747646251 0
3185 0.01697628654040855 1.92995189527961 0
3186 0.02768837088412599 1.942179261337231 0
3187 0.02349027381436389 1.95845377036103 0
3188 0.03783709652323268 1.952719565606011 0
3189 0.03535176947193788 1.965876627371437 0
3190 0.04765627869645504 1.961651578016463 0
3191 0.05139457649510404 1.948154847685617 0
3192 0.05998888844891531 1.957914768720613 0
3193 0.05685026332420258 1.969945506218648 0
3194 0.06878626123400491 1.967208953524194 0
3195 0.07193914348711869 1.95449605416756 0
3196 0.08041099977667412 1.963968943149776 0
3197 0.08457709154166719 1.951686897981517 0
3198 0.09216171705418477 1.962062100526344 0
3199 0.08852036134473119 1.972679647910575 0
3200 0.09994041975476625 1.970772209555307 0
3201 0.1036146654614278 1.959645901386156 0
3202 0.1111197922752121 1.969268419854741 0
3203 0.1156129174103172 1.957228877409965 0
3204 0.1225879647957872 1.967251319821454 0
3205 0.02470761856190197 1.970927282484306 0
3206 0.1184256863545936 1.978020498442002 0
3207 0.1271764193869929 1.956697858046481 0
3208 0.1338589003074603 1.965870012134839 0
3209 0.03390137507633278 1.97945060591752 0
3210 0.06651288636349199 1.979836380369798 0
3211 0.04461594839833668 1.973712929573522 0
3212 0.09645109731374779 1.98120061946617 0
3213 0.08558339141340872 1.982582561721089 0
3214 0.129293758085317 1.976371868204365 0
3215 0.1400049859853379 1.974480946332456 0
3216 0.1452923477191047 1.964742059844176 0
3217 0.1510297038343495 1.973962947582192 0
3218 0.1567350508255527 1.965507578768547 0
3219 0.1622354984261627 1.97371346607565 0
3220 0.1678362861550819 1.964919214045544 0
3221 0.1736291947605967 1.973168670216333 0
3222 0.1788280089180316 1.963526732245172 0
3223 0.1843289128927407 1.972430569044989 0
3224 0.1895649747285868 1.962626600897321 0
3225 0.1955359744225997 1.971895602298227 0
3226 0.2010799842990386 1.962021998891187 0
3227 0.2073399381167291 1.971533796223229 0
3228 0.21328447249669 1.961434653789422 0
3229 0.2064125881830103 1.951489859292151 0
3230 0.2191104672761348 1.949881627314916 0
3231 0.2261018149117918 1.960692598172943 0
3232 0.2324307125266935 1.948821840575365 0
3233 0.2390973250394756 1.959891926012384 0
3234 0.2451150368153381 1.948265835055838 0
3235 0.2518337658491028 1.959438499442148 0
3236 0.2579022340808177 1.947961765098202 0
3237 0.2643700143391632 1.959615054460041 0
3238 0.2706550621914748 1.948864366793044 0
3239 0.2768189425389715 1.960130984076888 0
3240 0.2834264157854612 1.949289238564473 0
3241 0.289346932806856 1.960862820999108 0
3242 0.2971221510140691 1.949959896537602 0
3243 0.2898172996792344 1.936302460987842 0
3244 0.3054876846663264 1.937449829476243 0
3245 0.3128410800744812 1.953386650392251 0
3246 0.3214347008802992 1.938655428928497 0
3247 0.3287561747179981 1.952572791869298 0
3248 0.2331959382638475 1.971122940992661 0
3249 0.3371191397418517 1.939488624229088 0
3250 0.344941951339689 1.955456659349683 0
3251 0.3533487148629261 1.939823829556394 0
3252 0.3602058485663714 1.954229973019083 0
3253 0.2706399189209144 1.97056797110132 0
3254 0.3538604090414793 1.96556014693559 0
3255 0.3658509050345272 1.966359948846507 0
3256 0.3737990836688257 1.956392108309693 0
3257 0.3778027788148642 1.969216134337865 0
3258 0.386258895589388 1.960351843167481 0
3259 0.3832413792983161 1.946409761871977 0
3260 0.3948077575501114 1.951474792330745 0
3261 0.3985220412486241 1.96346673286598 0
3262 0.321951974604681 1.96383199285655 0
3263 0.328883737450505 1.924010391048432 0
3264 0.4079545398272704 1.954161756295563 0
3265 0.4103533614709799 1.966463565756327 0
3266 0.4191052166051977 1.95837322151791 0
3267 0.4215241932184158 1.969756648481642 0
3268 0.4299364116273915 1.96185416027125 0
3269 0.2647650465100879 1.936077288119345 0
3270 0.3342500189023077 1.964564755489289 0
3271 0.3275393298168189 1.973745848210421 0
3272 0.4323160738303145 1.972658802515863 0
3273 0.4407488609770995 1.965192608377141 0
3274 0.4382317136350039 1.954555026846794 0
3275 0.2983707510108875 1.921326495610753 0
3276 0.3166031684038835 1.973416945900359 0
3277 0.4015261077127793 1.974467553211387 0
3278 0.2387809146664904 1.937879821063016 0
3279 0.4428601388971268 1.975717837081058 0
3280 0.4514275017761493 1.968792299777173 0
3281 0.4536583346085661 1.980800896818235 0
3282 0.4618982990155273 1.972178202042858 0
3283 0.3700916476991197 1.977534650172381 0
3284 0.3811825445673007 1.980010769956746 0
3285 0.2114011647200691 1.938170350055894 0
3286 0.2584863306904005 1.970291419929652 0
3287 0.2650520788935311 1.980497014091455 0
3288 0.2460735563113456 1.970457240238926 0
3289 0.2407879961743345 1.981162361107755 0
3290 0.2826227278420684 1.971122139233135 0
3291 0.2944366581799142 1.971925025067543 0
3292 0.3382754390843547 1.974703279039331 0
3293 0.3018586408665953 1.962404638812071 0
3294 0.1387728620030604 1.955661796921361 0
3295 0.227148721017653 1.982911478300764 0
3296 0.2200089412285424 1.971467116225782 0
3297 0.1721944215630549 1.952535528645797 0
3298 0.4130444711670551 1.977919744116528 0
3299 0.07457824618523096 1.940115416839161 0
3300 0.09244521497438501 1.937863515548369 0
3301 0.05779054062620747 1.931592818828501 0
3302 0.01690186412418822 0.07008981308415368 0
3303 0.03900629598454024 0.0748527279044106 0
3304 3.126010138585797 1.929939263142029 0
3305 3.127374153720809 0.06661527946566002 0
3306 3.108330793661198 0.067262198971298 0
3307 2.348336072882763 0.01556898174897176 0
3308 1.062462200264271 0.02648356766550405 0
3309 1.381238816751686 1.984192064897071 0
3310 2.959257423570953 1.935751405159486 0
3311 2.007440345003788 1.929851334542191 0
3312 2.794317844480569 0.02131388675306985 0
3313 0.3897045805537243 1.971630969075008 0
3314 0.5541978937347068 1.914485987112102 0
3315 0.4985763526508492 0.04488417434334602 0
3316 0.4045970461140262 1.985051448065914 0
3317 0.4240761797112876 1.980741731150789 0
3318 1.914582216234828 0.03561103242973936 0
3319 1.907995404267215 0.02598322216215746 0
3320 1.895164970998136 0.02829117595117594 0
3321 1.914375663225849 0.0161489301702757 0
3322 0.185327079001429 0.02369293551235676 0
3323 0.1944201022964628 0.01675526681927712 0
3324 0.764478930745106 0.024118666033736 0
3325 2.318403442371222 1.980419513758843 0
3326 2.32925922515523 1.980099594529841 0
3327 0.6839233977465802 0.02429715925792362 0
3328 3.1044698579433 1.923352540428995 0
3329 2.839284747828073 1.989055023341607 0
3330 1.358719227347726 0.0153422849304144 0
3331 3.07659179101831 0.01863071609512712 0
3332 2.379219271426348 0.01666938878297164 0
3333 1.093911257956301 0.129446783862427 0
3334 1.13297078243869 0.1298905582647167 0
3335 0.05253307290570092 0.2289147184099619 0
3336 2.161905315562954 1.96688849730028 0
3337 2.865542622243702 1.980912630115055 0
3338 0.9227130069394149 0.01897203234506052 0
3339 1.404044791214232 1.977150193289906 0
3340 1.414062665298337 1.983086483858061 0
3341 1.413087582478099 1.9719187992441 0
3342 2.721021840037624 0.0201189431927581 0
3343 2.732113698942758 0.01983234437600803 0
3344 2.624677184947982 0.02158929734805647 0
3345 2.614960957080453 0.01684436098755249 0
3346 2.429015400792388 0.06481709891391926 0
3347 2.481763775513247 1.987567515506283 0
3348 1.876402286081466 1.901127942628152 0
3349 1.901083595353827 1.911123459473434 0
3350 1.921011692224216 1.88895985324966 0
3351 0.4761924185945329 1.859767549734296 0
3352 2.752938527216805 0.02086241529476366 0
3353 0.4078967211935779 1.937869258164426 0
3354 0.2880763038281373 0.02395774426327757 0
3355 1.886705445345353 0.03599014241432311 0
3356 0.3718967618419123 1.988876912783007 0
3357 0.7578171922945922 0.06231845772185512 0
3358 1.443757154645952 0.6731960717661107 0
3359 1.366674104301772 0.722765017101332 0
3360 1.372515343715005 0.8113517678029973 0
3361 1.285959249331572 0.6964670185773536 0
3362 0.9746775371673408 0.02713348990951351 0
3363 0.67753733266564 0.2886824960973834 0
3364 1.526412869135336 0.6275416927313684 0
3365 2.716738507476028 1.86836491674195 0
3366 2.808644851111171 0.01202610462802067 0
3367 2.197148529095269 0.01883841107406244 0
3368 2.206599337246658 0.0263362871916252 0
3369 2.207364949464721 0.01700621320142854 0
3370 0.6095786727311823 0.06298533650560315 0
3371 0.6196810580787712 0.07886140715487899 0
3372 2.814897760623716 0.119224979737615 0
3373 1.06803597207276 1.877631100622045 0
3374 0.2773343893373291 1.921766129474302 0
3375 0.2937570503870227 1.901013631083369 0
3376 0.3520031591053451 0.0205285596728169 0
3377 2.522599933017495 0.01805471334059257 0
3378 0.9901994114391122 1.646800753521448 0
3379 0.1069261508615552 1.946927016294576 0
3380 0.8043567568193529 1.972986542766812 0
3381 0.07657502242549238 1.975488208016948 0
3382 1.375500164540396 0.1874381021991599 0
3383 1.592423023871861 0.01037200177819447 0
3384 1.900881885251247 0.01737501028595343 0
3385 3.036210394615505 0.0340068157501147 0
3386 3.028365357685417 0.0253954817090692 0
3387 3.024846603025767 0.03638442333436459 0
3388 3.017547561505094 0.02706601548303562 0
3389 3.013843599716466 0.03712859042561822 0
3390 3.006797766857297 0.02881325979494538 0
3391 0.3626493251973979 0.0218864464302848 0
3392 0.4462950375156892 0.0181594924890897 0
3393 1.453056921067635 0.4875605030152713 0
3394 0.5877000470566275 0.05177821582745316 0
3395 1.975604630543048 1.988184111565657 0
3396 0.2210566209595768 0.2165860140991436 0
3397 2.926123207411673 0.02160075445834983 0
3398 0.359345839465919 1.975226160970954 0
3399 2.618352125152286 1.979666358423578 0
3400 2.611060263196844 1.970795504227765 0
3401 2.607074414682781 1.980548377185972 0
3402 2.600515207851711 1.971578612024877 0
3403 2.727536224196785 1.97745420803601 0
3404 1.360991212381756 1.989077085960523 0
3405 1.369759352412341 0.0103193177199714 0
3406 2.277735771755719 1.980816266097563 0
3407 2.268724419071738 1.970959706636301 0
3408 2.266977009047614 1.981882616906316 0
3409 2.25885576674154 1.975761408939612 0
3410 0.8056903348211538 0.06583714229541139 0
3411 1.555738219557681 0.01889960053374152 0
3412 0.4879614791852485 1.958857200816618 0
3413 0.799888800338636 0.08733442696432867 0
3414 1.423141777094409 1.977594875332795 0
3415 1.431932281168386 1.972634589284909 0
3416 2.511747610666551 0.02139322912002719 0
3417 2.502601870283976 0.01478384275143909 0
3418 2.826694342030216 1.581075767697412 0
3419 0.4594935991959526 1.961038578929509 0
3420 2.551126862048482 0.04848441513778115 0
3421 2.560610087869655 0.05763877509537586 0
3422 2.991187427369815 1.964246664709848 0
3423 2.500752096153225 0.02496619053698933 0
3424 2.320402526496805 0.04859871713247578 0
3425 2.310177147587712 0.05339690763443116 0
3426 1.685252404713396 0.6307293460746731 0
3427 2.064949139346123 1.942240077537043 0
3428 0.4880556473383829 1.981408289359369 0
3429 0.4789504986997287 1.973387252504643 0
3430 2.091547134835008 0.01042674015240259 0
3431 0.5865951155736759 1.979737524719942 0
3432 0.726977400471895 1.984219477347656 0
3433 2.33920087472457 0.02203991715336244 0
3434 0.2011485126186358 1.981247778638877 0
3435 3.06449230321546 0.02051966305328002 0
3436 3.056621025312471 0.01029709502767719 0
3437 0.5791347852342922 0.02040166211220727 0
3438 2.674838362635771 0.04018037033580631 0
3439 2.093005185565045 1.953197473075863 0
3440 0.4711005385418983 0.01691406339771348 0
3441 1.100889572190221 0.01795535187253718 0
3442 0.5361800922253513 0.01488123664082257 0
3443 2.885956179462574 0.02031883484239853 0
3444 2.878608798841434 0.01033805949599809 0
3445 2.758568407694512 0.01051313766512692 0
3446 2.999145098265409 0.02017286197824838 0
3447 2.97917825625271 0.01587672583463342 0
3448 2.964225076684519 1.91491668000852 0
3449 0.276767471742108 1.980743643350529 0
3450 2.420029439201608 0.0183005801155998 0
3451 2.409424461102587 0.0124980410601101 0
3452 2.218061210747693 0.3278233886472766 0
3453 1.39908544194653 1.959302148227634 0
3454 1.263299089848178 0.02053293093384256 0
3455 1.258708301210834 0.01022054306500751 0
3456 1.274059644923742 0.02054343710499651 0
3457 1.281845209853567 0.01253852432965064 0
3458 1.291007059857173 0.02063778431063149 0
3459 1.300602349950456 0.01809960499845216 0
3460 1.298373718725411 0.02896913191036019 0
3461 1.279246996606014 0.03062729892531495 0
3462 2.62521704388683 1.989188606388656 0
3463 2.273082651900657 1.805601368877304 0
3464 2.276103121999391 1.859798856780989 0
3465 1.51655708081952 0.1540334460053156 0
3466 1.47396522462263 0.1682370377701695 0
3467 2.779423567304568 0.03695350830181711 0
3468 2.463910050326505 0.3760057616091688 0
3469 1.113836336900679 0.7150318115967645 0
3470 0.0200537438978946 0.03096474253507263 0
3471 2.130577506208115 0.01828682560956677 0
3472 2.138454145877427 0.02717382468680406 0
3473 2.120526711391165 0.0121112059610068 0
3474 2.230065478839042 0.04384347677628692 0
3475 2.446438405473716 1.61992506602524 0
3476 2.356706222434597 1.575477679078732 0
3477 2.580629821890866 0.02144629234904057 0
3478 2.570792628010061 0.01606465518213327 0
3479 2.780328409682125 0.01001882185272861 0
3480 1.308399518952133 0.02595381301600284 0
3481 0.04865258112484444 0.02106759344165105 0
3482 1.073781503511259 0.02631501544644254 0
3483 0.5531891573904272 1.981891336259288 0
3484 2.604935719256594 0.03965197689039111 0
3485 0.572439906969774 0.01033689690044585 0
3486 1.464142003457835 0.06188092746606729 0
3487 2.508126133946707 0.04414438613491123 0
3488 2.004518231074747 1.989421049661165 0
3489 1.998688939634524 0.4555639380994787 0
3490 0.5143450876936452 0.05708210766868513 0
3491 1.910455658984507 0.137768787100246 0
3492 1.871649534314697 0.1327437552110393 0
3493 3.131588789727962 1.960836427700394 0
3494 0.01056688917098246 0.03822721820312747 0
3495 3.132238487457444 0.03854032602433113 0
3496 0.01002900526509708 1.961468686313284 0
3497 1.330065979850082 0.04817103618212699 0
3498 0.4930559022307096 0.01701114003403486 0
3499 0.6166246055835322 1.984693158201141 0
3500 1.918879573198749 0.5901811883557477 0
3501 1.171244468019206 1.988868880698303 0
3502 1.379067984230508 0.4373945232049956 0
3503 1.764045496632686 0.5878602659470369 0
3504 2.493622125747694 0.01798784512332865 0
3505 2.49845115044457 0.03600340459086131 0
3506 0.2300079521913123 0.4765088719402318 0
3507 0.1523952222443934 0.5209273182065349 0
3508 0.6794687983485759 1.554533976371931 0
3509 0.3047577872782374 0.5244244847696634 0
3510 2.384681379265289 0.4183608407167038 0
3511 2.369629725478702 1.482922603881848 0
3512 2.4466130727266 1.441945688483409 0
3513 2.448150883768808 1.353753115537892 0
3514 2.074235336310803 0.5016323647556761 0
3515 1.765659136851756 0.4987878664980976 0
3516 0.2281170511634347 0.5677411756493091 0
3517 2.673962992056055 1.579611333114208 0
3518 2.371666284860092 1.39618569809451 0
3519 2.751333093148209 1.535847841863117 0
3520 0.4560041300321971 0.3498484488539016 0
3521 0.4603888147718149 0.2693270446895337 0
3522 1.534193377749785 0.4457210032610232 0
3523 0.3790947565810148 0.6599576055302434 0
3524 2.072803959749248 0.5920377890954065 0
3525 2.149050482020213 0.6382054775096122 0
3526 0.6077737058250944 0.708574509482623 0
3527 0.4556039356199647 0.6173832110914731 0
3528 0.5309773025944717 0.7511183327726462 0
3529 0.6842390420413018 0.7535279216223953 0
3530 0.6834689144127533 0.8421311439443625 0
3531 0.8372254589370884 0.5651055834533331 0
3532 0.9246389941702822 0.5424434506416113 0
3533 2.986260555396298 1.399169488627118 0
3534 2.913433505331274 0.8256420774927926 0
3535 2.06684754933104 1.03870545552315 0
3536 2.222071611313568 0.9517198484215831 0
3537 2.528712091894423 1.044748290921361 0
3538 2.143317198105114 1.084122675575089 0
3539 2.22091546566861 1.040640358014249 0
3540 2.303067097739164 0.6404384907417651 0
3541 2.301949716372107 0.7299893972823287 0
3542 2.224372846713525 0.7735417229945544 0
3543 1.679375069678155 1.166555544210616 0
3544 1.677671949132136 1.255179893208595 0
3545 1.752948095365095 1.300328811746665 0
3546 1.675730963187097 1.343672792506528 0
3547 1.600573158915605 1.298623592153606 0
3548 1.749710859040622 1.388223290297949 0
3549 1.673995049426584 1.432246027997822 0
3550 1.826734710649208 1.345701396340547 0
3551 1.599439618510561 1.387445408190047 0
3552 1.60322950277077 1.121219479453352 0
3553 1.525873700473414 1.164652741386436 0
3554 1.449675135847224 1.119425735399776 0
3555 1.524762211917533 1.253348644107777 0
3556 1.447572234912406 1.2967257302065 0
3557 1.523866234977588 1.342174490580469 0
3558 1.446881074273108 1.385566509703312 0
3559 1.601914265481269 1.209929982420063 0
3560 2.912583115356266 1.002714299933719 0
3561 2.988753086859593 1.046297880100609 0
3562 2.681252703815507 1.135353387485786 0
3563 2.142227553406326 1.172896749890031 0
3564 2.065669533065127 1.127815181413979 0
3565 1.990387166368337 0.9931386336121457 0
3566 1.913888764331692 0.9474937680331719 0
3567 1.760591156796377 0.8561356963183611 0
3568 0.9099603478011972 1.334051304321016 0
3569 0.9121426475089393 1.067398364018399 0
3570 1.064115476144716 1.247199760007744 0
3571 0.9100754053460558 1.42290484401981 0
3572 2.683359484294372 0.9575759030542517 0
3573 1.218538719228544 1.160550342725786 0
3574 0.375755488920599 1.015254009023248 0
3575 0.300212414633455 1.057918021999182 0
3576 0.2248971508117582 1.099713059243481 0
3577 1.746472668759384 1.476371386421905 0
3578 1.29908286213647 0.8560454515475482 0
3579 0.8331957135702078 1.288646180232031 0
3580 0.2266665500013614 0.835526912162607 0
3581 1.068002893108288 0.9806423097805785 0
3582 0.9865652325924996 1.379520762766832 0
3583 1.759578978474742 0.9453089675553324 0
3584 1.599034731429144 1.476678953340421 0
3585 1.673246715764659 1.521388817023314 0
3586 2.527594561966882 1.133604788015934 0
3587 1.831062778471621 1.257880528045121 0
3588 0.5255224237331187 1.374505391842124 0
3589 0.7559210957763328 1.332258743972767 0
3590 0.6035407465974071 1.152185396567977 0
3591 0.6807579637197754 1.108733969714413 0
3592 0.3743544186416098 1.281475801029855 0
3593 0.3742149841531426 1.370740446131553 0
3594 1.216873132303878 1.337885846449501 0
3595 2.603859327610009 1.178943081190716 0
3596 2.146797715694359 0.8171011626456737 0
3597 2.147931980928834 0.7277493112507418 0
3598 1.912695336835416 1.036599522682927 0
3599 2.534569322473046 0.6002453741250494 0
3600 0.3748087036542479 1.192509893636569 0
3601 0.2997901811596544 1.146089735779889 0
3602 2.29736825692747 1.086086175640249 0
3603 2.299645445000405 0.9082834710210321 0
3604 0.3025196185801224 1.592439035746366 0
3605 1.062737634770105 1.425013303187709 0
3606 2.530990535565571 0.8669967577191404 0
3607 2.677403018470378 1.401785297357392 0
3608 1.219991425695852 1.07222565033638 0
3609 1.063428355751157 1.336053149488625 0
3610 2.753394149575942 1.446730566582479 0
3611 1.907144759080633 1.305301589749449 0
3612 1.527669792774982 0.8985349116957695 0
3613 0.6044377333413494 1.063185552200623 0
3614 2.685086145351081 0.7799049336738505 0
3615 1.897626577772001 1.391201266724794 0
3616 2.533358313820998 0.6892212340081392 0
3617 0.4494150417033507 1.417678428475011 0
3618 1.140524990719259 1.292597471480262 0
3619 1.141378607675931 1.203847395670047 0
3620 0.6816782251204452 1.019776988215585 0
3621 1.142443051556179 1.115142459577462 0
3622 1.915045308444873 0.8583903753888524 0
3623 2.755013947586934 1.357848630220332 0
3624 2.606088009289272 1.001203991981627 0
3625 2.604976258227185 1.090053596593109 0
3626 1.066323850628465 1.069604372851336 0
3627 1.837379223849633 0.9018394751595141 0
3628 2.608275462083255 0.8235439039032961 0
3629 2.911186611882693 1.180091918176393 0
3630 2.987714683649111 1.2227840582966 0
3631 2.223223604073838 0.8626812803302524 0
3632 0.9898884060159011 1.024026511401186 0
3633 2.607148744094339 0.9123279330218114 0
3634 2.609149620810778 0.7346257681425282 0
3635 0.913171799142111 0.9785581824633446 0
3636 0.8371156744119266 0.8444459682988976 0
3637 2.685720917439301 0.691079715584378 0
3638 0.913908124249498 0.8899014115289111 0
3639 2.761667928883269 0.6473643830846304 0
3640 2.761778159598452 0.5588090307207531 0
3641 2.762253117406269 0.4709822023823601 0
3642 0.6062628105918906 0.8853991000964129 0
3643 0.7598555249178013 0.8876142742488291 0
3644 0.6825680365818558 0.9308939825711788 0
3645 0.4536399574179558 0.7943450475129151 0
3646 0.6073900346288187 0.7965361324355078 0
3647 0.4546414742797091 0.70561419029553 0
3648 2.22547447247268 0.6840341541005965 0
3649 2.226472997166825 0.5941420498247589 0
3650 2.071537902369926 0.6818823861607505 0
3651 0.3037690807746098 0.6139072576526918 0
3652 0.3486295551083409 0.01003125996491046 0
3653 2.958487330888476 0.0113159270488034 0
3654 2.370268962892561 1.991227586088064 0
3655 3.024973455399571 1.990480417301031 0
3656 3.019838557130673 1.98036046241333 0
3657 3.002829727194729 1.988573869624196 0
3658 2.984689391551372 1.980654697904519 0
3659 0.9710960664912147 1.990070376319743 0
3660 0.9763337153840027 1.979946071994773 0
3661 0.9876119471555815 1.979890353048583 0
3662 0.9652482417679817 1.980202115207569 0
3663 0.9815362200352169 1.969631143958404 0
3664 0.9929666196206355 1.969881234320178 0
3665 0.9868146282949463 1.959158571712097 0
3666 0.9752111143425339 1.958870112707915 0
3667 2.547944969251017 0.009056205579692209 0
3668 0.5950899619736287 1.988944269016879 0
3669 0.5747332654755289 1.979381602436532 0
3670 1.259345609816049 1.990980117995825 0
3671 1.692971894359244 0.009690963012644294 0
3672 1.687485416321887 0.01941418407942917 0
3673 1.676381778760908 0.01941221181210649 0
3674 1.682044661722291 0.02918999049862841 0
3675 1.693098535589415 0.02915211486051484 0
3676 1.671026565038736 0.02920626734746901 0
3677 1.687578934991949 0.0391041393573871 0
3678 1.698687523206462 0.03878871245783571 0
3679 1.704214258450842 0.02904566398634648 0
3680 1.709826662218739 0.03875763374976259 0
3681 1.715416586026354 0.02900990671112311 0
3682 1.721106982715605 0.03876958185649053 0
3683 1.726683817461939 0.02887898031482768 0
3684 1.693370691036166 0.04950746659317977 0
3685 1.732620264448975 0.03843421097523879 0
3686 1.737836836463871 0.02873943718331815 0
3687 1.665204414756816 0.01935689569356484 0
3688 1.659814521739802 0.0292475829100038 0
3689 1.666019186230845 0.03917836646530593 0
3690 1.681818725364179 0.04929293082070049 0
3691 1.65448853811563 0.03979841748290083 0
3692 1.648250307927557 0.02877121594849141 0
3693 1.720925496030564 0.01927355428051739 0
3694 1.642523530010141 0.03832780470315143 0
3695 1.63701834223259 0.0287956627006952 0
3696 1.631558463140919 0.03857860540502421 0
3697 1.625763443353425 0.02896301443610869 0
3698 1.715080908405831 0.04956523333580024 0
3699 1.688158916091544 0.06226870888584918 0
3700 1.704752143904471 0.06122446459165103 0
3701 1.662376822610342 0.05079767713757061 0
3702 1.620063684061365 0.03928665997429787 0
3703 1.614144270971913 0.02897584556527676 0
3704 1.627186245139671 0.04900876576962263 0
3705 1.620376444745062 0.0191352442338893 0
3706 1.70974491525062 0.01933820634616356 0
3707 1.642723940694862 0.01918192090466798 0
3708 1.698601074412977 0.01938589985359365 0
3709 0.9934503828995942 1.989896289096422 0
3710 0.1837704660744935 1.990844641441645 0
3711 1.470855167975178 1.990232651133531 0
3712 1.476417622340965 1.980410202278167 0
3713 1.465255579930275 1.980354658434114 0
3714 1.470794183345314 1.970504815627675 0
3715 1.481972051559761 1.970455726139744 0
3716 1.476062690397555 1.960225099033479 0
3717 1.487621314932082 1.960174674941024 0
3718 1.493327692314102 1.970680912506018 0
3719 1.459848231670776 1.970559354593731 0
3720 1.481299447522393 1.948976169234726 0
3721 1.499253812792128 1.960930188925478 0
3722 1.504621302803719 1.971218140656802 0
3723 1.510353281835831 1.96196035485078 0
3724 1.515974448247779 1.971295437010382 0
3725 1.521695853404638 1.961875321163509 0
3726 1.527128089066085 1.971372395095134 0
3727 1.532838073768896 1.961828321725729 0
3728 1.538371596277962 1.97142636459001 0
3729 1.544315712490741 1.961943796643421 0
3730 1.549684730983043 1.971492111944565 0
3731 1.555313762772943 1.96167481475198 0
3732 1.560686494071343 1.971605082914821 0
3733 1.543732431447077 1.980987847843943 0
3734 1.566642545533526 1.962332425814491 0
3735 1.571710702296425 1.971901663472549 0
3736 1.469484093019148 1.950187077626572 0
3737 1.527020040679088 1.950711643354737 0
3738 1.473307642694592 1.936864275855342 0
3739 1.56590529567132 1.981155499304606 0
3740 1.532528093244255 1.980932232466782 0
3741 1.561557133535979 1.951255437477484 0
3742 1.510141317531832 1.980821932930002 0
3743 1.487630117361773 1.980479714662748 0
3744 1.282235060236118 1.989473527376825 0
3745 1.670705272891602 0.009640108360540876 0
3746 1.859474079631832 0.008285050406696188 0
3747 1.493175544013577 1.9903219261005 0
3748 2.636499081469925 0.008941476854910346 0
3749 3.124626864069095 0.008532066942256 0
3750 2.458610890106577 0.01099254898703021 0
3751 0.9600393699832173 1.990204133182411 0
3752 1.459666463821953 1.990149674611619 0
3753 1.882156373172266 0.00850363465665676 0
3754 2.59269329596863 0.00954893082715709 0
3755 1.992488107944187 0.008624427136314412 0
3756 1.437318826485529 1.990448942689391 0
3757 1.441768919123834 1.979269668694447 0
3758 1.759587339499807 0.009693996336485768 0
3759 1.765147525373466 0.01947627877024422 0
3760 1.75422012253455 0.0193182707937405 0
3761 1.775879638946472 0.01977273608181255 0
3762 1.760267405502342 0.03037405218057865 0
3763 1.192715174310593 1.989810078769501 0
3764 1.103421175677096 1.990961022233566 0
3765 2.436685842301155 0.008428075607636762 0
3766 2.10419694414551 1.990256882290998 0
3767 0.8601998819779834 1.990879264541192 0
3768 2.88080037977586 1.990112654234325 0
3769 2.003282045086042 0.008733262412078092 0
3770 1.99664162179686 0.01875677383271133 0
3771 2.714718803050694 0.009887961972372657 0
3772 0.03889744425803113 1.990636710848753 0
3773 1.147913082738702 1.988246953636076 0
3774 0.3273488097032335 1.991333688431125 0
3775 0.2939007221130698 1.990794418764561 0
3776 0.9049225562865032 1.990571876552104 0
3777 0.9106847767628321 1.981221958405712 0
3778 0.9215792000228236 1.98121065272919 0
3779 0.8996316775026078 1.981112418493711 0
3780 0.9056252544571237 1.971755988871547 0
3781 0.8943503856979591 1.971584652143525 0
3782 0.9006068197109121 1.961860477700356 0
3783 0.8885165801818907 1.962055855293572 0
3784 0.8833070118192319 1.971702113688655 0
3785 0.89452623661688 1.951103658932004 0
3786 0.9164029001327123 1.972114492327081 0
3787 0.9269536293217016 1.971750482660746 0
3788 0.9324811317281649 1.981045515327873 0
3789 0.9378315879576206 1.971439277205536 0
3790 0.9319377561576452 1.960595275809982 0
3791 0.3492244810518528 1.991468690331073 0
3792 0.6715902171706807 1.991125912028314 0
3793 0.4602844210397961 1.990913937320112 0
3794 0.4493314774402444 1.99129998112098 0
3795 0.01676103137750631 1.990867189227564 0
3796 0.139591288988585 1.991404249622295 0
3797 0.06062809644944005 1.990504648867284 0
3798 0.9269895474831447 1.990551251703492 0
3799 0.1616446570239116 1.991151559440028 0
3800 0.1166751189925057 1.988946724189765 0
3801 2.736758901392772 0.01004729633916117 0
3802 0.3052060130496089 1.990986628234895 0
3803 1.947740590053046 0.009840991857639536 0
3804 1.748540919025711 0.009598471373468916 0
3805 2.081199263791031 1.989723310824087 0
3806 2.069596407798889 1.990903718289059 0
3807 1.214941558768081 1.989038789473792 0
3808 1.037742223274385 1.990519798739491 0
3809 1.032345943700284 1.980795355880977 0
3810 1.021740550477429 1.980225855966572 0
3811 1.125662408785552 1.991096102752187 0
3812 2.238253209996086 0.009182563618279087 0
3813 0.8938008909603035 1.990526578728359 0
3814 1.781546957097434 0.01005860577834861 0
3815 2.647880229778719 1.991198594722341 0
3816 1.970818746545981 0.008977425304157138 0
3817 1.96527148752761 0.01903077026382025 0
3818 1.015901612814236 1.990010148480237 0
3819 0.8713363654833574 1.990402864565275 0
3820 0.8649673355110584 1.979750713779627 0
3821 2.325479494640961 0.008599428158192134 0
3822 1.936919740897814 1.990691006711567 0
3823 3.124587628281131 1.991165778725248 0
3824 1.403794862344597 0.00927991727173977 0
3825 3.102594425081552 0.009793561497629954 0
3826 2.658419497200326 0.009346837684546963 0
3827 1.61509377142471 1.990335512749028 0
3828 1.609493451409157 1.980717385628233 0
3829 1.598590691963639 1.980836817902223 0
3830 1.604018298239413 1.971118271668623 0
3831 1.620490574998416 1.980589704571569 0
3832 1.593340632616133 1.971504374403843 0
3833 1.598329920039272 1.961896876917776 0
3834 1.609384589776164 1.960917451555847 0
3835 1.559984724666212 0.009405009775530743 0
3836 2.348091292200589 1.988552578608264 0
3837 2.380922713829059 1.99114296715778 0
3838 2.375774871431689 1.982457764912132 0
3839 3.081679453665436 1.990488611678809 0
3840 0.2045636473605863 0.01073940525063975 0
3841 1.005506012115239 0.008765345146781629 0
3842 2.737734875728223 1.991213315957596 0
3843 1.593079111983875 1.990475000296151 0
3844 0.2275711992878492 0.009613777548929612 0
3845 1.536295566678347 0.01130650925992552 0
3846 3.025492007084928 0.008406546758587789 0
3847 0.2718266823653637 0.01038365843057538 0
3848 0.2492310192638134 0.009088173940254853 0
3849 0.3148509467091693 0.008747186042392489 0
3850 0.2848956376781909 0.01150778360719126 0
3851 2.925437660226599 1.991661175209162 0
3852 0.8149606457436147 0.009232792012442568 0
3853 0.1165188370176952 0.009543633314573436 0
3854 0.1109871940177559 0.01945137491597669 0
3855 0.09966740027133214 0.01915750171231349 0
3856 0.1218823299843182 0.0187601502788961 0
3857 0.1049511227201668 0.02880153314261757 0
3858 0.09381282582846273 0.02891198156872452 0
3859 0.1175153885211302 0.03084059135173767 0
3860 0.09424929325775733 0.009503945320461414 0
3861 0.4058965727595439 0.008654655073701528 0
3862 1.726353885111184 1.990267238833332 0
3863 1.720846589810362 1.980534089161262 0
3864 1.73214529235855 1.980516526139527 0
3865 1.709643934926697 1.980469825795271 0
3866 1.726552837576347 1.970831498057239 0
3867 1.738046847510036 1.970655338323907 0
3868 1.715241458300397 1.970842304056644 0
3869 1.720939179715994 1.961230372064622 0
3870 1.670662708985567 1.990290672400444 0
3871 1.676213707846881 1.98052751834966 0
3872 1.687339725139349 1.980442010595751 0
3873 1.681757826994023 1.970726502056999 0
3874 1.670684216681481 1.970826063375558 0
3875 1.676328625197916 1.96120361739647 0
3876 1.692891399774007 1.970492806902248 0
3877 1.679404941026021 1.943316513987821 0
3878 1.665306903847389 1.960997723153632 0
3879 1.659448295891361 1.970866633330134 0
3880 1.653819440471301 1.961009700525891 0
3881 1.648012383761801 1.971025865565342 0
3882 1.64123737276526 1.958685289820317 0
3883 1.636466275669411 1.970474450092131 0
3884 1.625799636389078 1.970826744225249 0
3885 1.653823059125954 1.980640850996642 0
3886 1.66505644498035 1.980588600638074 0
3887 0.127757997767795 0.00981764043083431 0
3888 0.1499491266938793 0.007360933911474209 0
3889 0.8826774566913553 0.00851785488361179 0
3890 0.7935434561349002 0.008479636718692313 0
3891 1.737577532582695 1.990275693929799 0
3892 1.826245707798969 1.990786699910681 0
3893 0.6712536502022566 0.008904689713139707 0
3894 2.714534482251943 1.991409111233279 0
3895 1.704037393121676 1.990227774133197 0
3896 1.771092922657039 1.99079765786903 0
3897 1.777246081116935 1.981955891242119 0
3898 1.766268173514386 1.981259911041304 0
3899 1.327822569250168 0.00948083186219284 0
3900 0.4281909884495217 0.008995056766091691 0
3901 1.127126461495456 0.008705880623898368 0
3902 1.493362394294897 0.009783549153752987 0
3903 1.487825279648807 0.01885998317791884 0
3904 1.626141348246236 1.990303005183396 0
3905 1.08326936042237 0.008942174439382918 0
3906 0.5171880907851484 0.008555137503255017 0
3907 0.715139403583996 0.01185127101099842 0
3908 0.8267224860198726 0.01041182434037242 0
3909 0.6360922181575852 0.01071495111808139 0
3910 1.182948826218163 0.009277368314084279 0
3911 0.9377348242225968 0.008499790933178653 0
3912 1.071843338936346 0.008973139411111573 0
3913 1.692910554461256 1.990221635532536 0
3914 1.471131410309399 0.01120120370087795 0
3915 1.848322179588734 1.990386222451099 0
3916 3.102739034199042 1.990386222451126 0
3917 2.58070368930831 1.990209614730696 0
3918 2.575035632986569 1.980224190296112 0
3919 2.564160043891105 1.980127154714402 0
3920 2.569484221056584 1.969914926249176 0
3921 2.558585526441226 1.96997331101064 0
3922 2.553329896185358 1.980290000033639 0
3923 2.547895353181187 1.970436491009767 0
3924 2.552809192953899 1.959549602691086 0
3925 2.580307159537431 1.97036414575668 0
3926 2.585805265442037 1.98051958356645 0
3927 2.558776776859315 1.990141064289153 0
3928 2.203375658099788 1.990309239056511 0
3929 2.197688262486971 1.98062243922779 0
3930 2.208796346578717 1.980641548268118 0
3931 2.202880262230205 1.97075439060843 0
3932 2.214338282228491 1.970855892629855 0
3933 2.187163430283866 1.980610140398608 0
3934 2.20825356108517 1.960006031876552 0
3935 2.220032991403301 1.96086136914577 0
3936 2.225294996050611 1.971507634231309 0
3937 2.200677196370983 1.949214132924142 0
3938 2.191706736383908 1.971199351857849 0
3939 2.181227017632709 1.971813206691764 0
3940 2.214493882720679 1.990391811102338 0
3941 2.324850360407315 1.990091809329779 0
3942 2.114746998267196 1.990386222451094 0
3943 2.936169086535867 1.991602903386447 0
3944 2.435109937078932 1.989890964386531 0
3945 2.670208737552491 1.991613267577604 0
3946 2.236632687193807 1.990663928572778 0
3947 2.241677912396811 1.981480883326249 0
3948 2.525947492521385 1.990672963191447 0
3949 2.53237188855277 1.981270781793097 0
3950 2.692474051893328 1.991563014735259 0
3951 2.958317275582391 1.990157443417684 0
3952 2.179797565212998 1.989628979843262 0
3953 1.947655448410659 1.990182245301177 0
3954 1.760018018844741 1.99052372813945 0
3955 1.978170988787694 1.91667908166744 0
3956 1.659579741553762 0.009633335941936681 0
3957 0.9380336148717248 1.990462472806846 0
3958 2.547849815533374 1.990290632610082 0
3959 0.8884255961135752 1.981029469446416 0
3960 2.219892076708583 1.980862340451659 0
3961 0.9990533158725575 1.979579417056148 0
3962 1.743550119193094 1.980522378759084 0
3963 1.749787875558987 1.970600594969226 0
3964 1.587773626861721 1.981063777886394 0
3965 0.08851392798707232 0.01897654951326765 0
3966 1.042779658075228 1.981153142172426 0
3967 1.653944976412303 0.0192020329707405 0
3968 0.9435114866740982 1.9808748110205 0
3969 0.9489705521241114 1.971310249027311 0
3970 1.294939949693327 1.950724270932072 0
3971 1.307079354337535 1.942819457553182 0
3972 1.273098914982976 1.941893744031157 0
3973 1.453965966297254 1.980171491676665 0
3974 1.698484887844912 1.980399135289894 0
3975 2.542711508749893 1.980718296424733 0
3976 1.010580780486039 1.979606166169264 0
3977 1.017091387580423 1.969623142380439 0
3978 1.754962147055162 1.98073857760774 0
3979 0.1429792342530633 0.02253855946834614 0
3980 0.9543664229574857 1.980580617991842 0
3981 2.259009004450716 1.988857241934182 0
3982 2.458990311826973 1.990458918944463 0
3983 2.129585995211643 1.97899683661537 0
3984 1.752021460889912 1.947845692542585 0
3985 1.756512668119418 1.960268296190453 0
3986 2.870042746149073 1.990331731183113 0
3987 1.60585652435756 0.6743131412623772 0
3988 1.448908474401647 1.97068606479252 0
3989 0.7939130799217669 1.95820492692966 0
3990 1.12438842608648 1.973735018216876 0
3991 1.326408507868365 1.990158435513868 0
3992 3.003253320262962 0.00943941916256413 0
3993 0.7392375578588335 0.009444059893452691 0
3994 2.335053419880033 0.2924161067291621 0
3995 2.977925995905514 0.06368756806047082 0
3996 1.996755123691086 0.5459920452459667 0
3997 1.30185893474866 1.978748391501425 0
3998 2.904280534405301 1.633986255910018 0
3999 2.875521621654547 1.715300918147285 0
4000 1.786843162935889 0.02085505950137931 0
4001 0.1501525046497037 1.405789329034902 0
4002 0.2650535646862314 0.01993664443870072 0
4003 0.9593808912532308 1.970517039607554 0
4004 0.9537123458221022 1.961378196843655 0
4005 0.9702410490748539 1.969824711750921 0
4006 0.07586523253163696 0.7418167534119187 0
4007 3.065434105099524 0.7375372561043796 0
4008 0.07559036507925471 0.9177978263849478 0
4009 3.065505282423152 0.9134176207884903 0
4010 0.07475735229162705 1.267400238569932 0
4011 0.07498350726779671 1.092298583574729 0
4012 0.2084703332112298 0.06387973708198118 0
4013 0.1975841215432336 0.07945701334061532 0
4014 2.688806186618674 0.4257366733792313 0
4015 1.203425761546897 0.03767371844767133 0
4016 2.542090514088642 0.01877499321589016 0
4017 2.307279315641385 1.981239662981602 0
4018 2.761815178810848 1.973716465785858 0
4019 1.915000223864636 1.989427446728172 0
4020 2.152187410283683 1.959523457087246 0
4021 0.6926334417745905 0.009192950075006433 0
4022 0.1960103339726786 0.02714076396088089 0
4023 1.039116094776999 0.01032950201801693 0
4024 1.498877909165621 1.980739102078068 0
4025 0.8769011820487501 1.980802604688327 0
4026 2.23086098526204 1.981248330648224 0
4027 0.829907034974982 1.896266459970068 0
4028 1.392633180917585 0.06268019400112117 0
4029 2.042353276620894 0.03028316729531733 0
4030 1.648352696655308 1.990335363767633 0
4031 1.840806740748303 0.6338612094427564 0
4032 2.561651179706697 0.02128071518739147 0
4033 2.207172071595066 0.03788044823231124 0
4034 2.216053283245727 0.03161950667677618 0
4035 2.208860080776375 0.05112079080020519 0
4036 3.06329278438887 1.528185536788443 0
4037 2.372184461428693 1.308529534563469 0
4038 2.295601475959336 1.351883593966138 0
4039 1.637231731059479 0.009588587639001969 0
4040 2.400059543544223 0.01721865189694721 0
4041 0.9120871911931259 1.962652756806427 0
4042 3.108699185453816 0.01901154643929805 0
4043 1.860880127021067 1.979394043699321 0
4044 2.563831893590427 1.959442695628487 0
4045 1.67675521109225 0.03889103362362754 0
4046 3.109298839130221 1.954787727578522 0
4047 2.196497258305895 1.961200470888836 0
4048 1.46523738314724 1.960814663291141 0
4049 1.454947512108892 1.960737992828514 0
4050 1.444191769259927 1.960083604085549 0
4051 1.687093643992885 1.960844360011447 0
4052 1.732113311303731 1.961207070100541 0
4053 1.744170381422339 1.960248027549493 0
4054 2.770763006781388 1.991450719705109 0
4055 2.681376509024054 0.0111975297693024 0
4056 1.393179781005391 0.009437394789635695 0
4057 2.171168146634641 0.009294470663743847 0
4058 0.8171404743426183 1.990924580582672 0
4059 1.455480068384804 0.05167292988290705 0
4060 2.636297814557251 1.955408374656622 0
4061 0.4488243099592331 1.957393262394344 0
4062 3.063740673357585 1.440405725418988 0
4063 2.469001819392233 0.03908553056494572 0
4064 1.225638214165591 0.009451498148650588 0
4065 0.07583910687085428 0.4756214535734651 0
4066 1.513813508545171 0.04629329700096636 0
4067 2.558273852740106 1.950424210530997 0
4068 1.642552885008689 1.980708170969203 0
4069 0.7502568837866016 0.008885691511872566 0
4070 0.212544592197316 0.0201659540435571 0
4071 0.1077751309928722 1.979774875018773 0
4072 1.631484922446386 0.01913431198855468 0
4073 2.045884852589924 0.02027592312948885 0
4074 1.715226792738223 0.009646945540365638 0
4075 1.726379378157467 0.009595645779049282 0
4076 1.515551212431571 1.990420579577952 0
4077 0.595384432040068 0.009619946566797039 0
4078 1.037392593436169 1.971584611579622 0
4079 2.987044696090862 1.310785115498255 0
4080 2.663254020862787 0.01923376365143561 0
4081 2.888769768416616 0.07362356523696101 0
4082 2.865843194737927 0.07672697696487041 0
4083 3.064492979976022 1.264568437856876 0
4084 1.155744259880334 1.978906354982994 0
4085 2.980627658971454 1.990663958209548 0
4086 0.05376877057918773 1.981324091053874 0
4087 1.881256667014598 0.04406376315022492 0
4088 2.602615859542705 1.990345943122718 0
4089 1.1668863976753 0.03667956273962809 0
4090 3.063588129848546 0.1542326588056115 0
4091 2.072339418506392 1.952861569099626 0
4092 2.060515016779832 1.922352496908789 0
4093 0.3056974994994363 1.972988831500775 0
4094 1.732104480687292 0.01917610035771087 0
4095 1.521360469452982 1.980876693614393 0
4096 1.743781739400581 0.03810909745134622 0
4097 1.739139288588348 0.04705730382292267 0
4098 0.5300790761074518 1.893726919855502 0
4099 0.575788135451616 1.906218875383055 0
4100 0.7213625977047071 1.887177614326605 0
4101 0.7075604939257588 1.924641254405487 0
4102 1.631444495800382 1.980542126840675 0
4103 1.583438295312033 0.03796634331653494 0
4104 2.150244316354181 1.915364424606653 0
4105 0.8157071506883513 0.164616697054674 0
4106 2.509391486706197 1.955063453626432 0
4107 2.357811126719683 0.1054704767994133 0
4108 0.9637312874983476 1.95977040765495 0
4109 0.9811322643825072 1.947732534105521 0
4110 2.988292498881465 1.134753194565186 0
4111 1.315048601316564 1.990737090420208 0
4112 0.07601090206383994 0.5645862112872352 0
4113 3.065067882668643 1.089026677096681 0
4114 0.1706139864366273 0.00964770131230791 0
4115 2.98121608227711 1.732178436669767 0
4116 1.615129833966195 0.009465381566061084 0
4117 2.419709486785502 1.971119037822172 0
4118 1.36685498236322 1.688704933748351 0
4119 1.027711213159606 1.97080348142406 0
4120 1.811662873553582 0.0364278338605406 0
4121 1.820714393599499 0.04147647653872323 0
4122 1.820420027422236 0.05485980579063762 0
4123 1.801515751598124 1.956671648654062 0
4124 1.348624548091636 1.990533899345417 0
4125 0.7714125270229449 0.009120661853331338 0
4126 2.423491216520157 1.990136743404325 0
4127 2.033686596604134 1.979080246222045 0
4128 2.989145554380377 0.957973159947948 0
4129 2.981252227165157 0.4190705060497356 0
4130 1.707750793189232 1.833586355289053 0
4131 1.664617873111309 1.816732586500623 0
4132 2.23610140215755 1.972446922661261 0
4133 1.072713170699781 0.4960105349383514 0
4134 1.388093496228739 0.04778171980602614 0
4135 1.033329097972629 1.911200203031489 0
4136 2.681655307716577 1.956832794446824 0
4137 2.050090782359242 0.03802446102595454 0
4138 1.240561449162975 0.01995247890650208 0
4139 1.233496793539359 0.02988390551868378 0
4140 1.896992308628635 1.980850376819894 0
4141 2.989402765060986 0.8697318171068794 0
4142 1.743127641569753 0.01916674628420951 0
4143 1.609605330330572 0.01873312139715997 0
4144 1.601451326503032 0.02807421115317989 0
4145 0.4826627731176188 1.991184213693991 0
4146 1.203909951159383 0.02032837025023615 0
4147 2.820469974904373 0.03766773930950072 0
4148 0.7738309057643078 1.674807782652854 0
4149 0.232749333420558 0.04375381670156146 0
4150 1.788985070463902 1.967130183957727 0
4151 2.048514707338472 1.99120542437584 0
4152 2.989415376041919 0.7814035959353529 0
4153 1.930992839221745 0.08360899890868725 0
4154 1.947872170717089 0.09757212620504357 0
4155 1.977099514236619 0.1037064436004199 0
4156 1.149228641674874 0.009324811163871276 0
4157 1.160640268655402 0.009545427075300473 0
4158 1.843729313845 1.957821023786119 0
4159 2.989042704001736 0.6928408226446719 0
4160 2.983595744488091 0.0428207978805334 0
4161 2.897652411323323 0.01901512743297197 0
4162 2.395864862727112 0.03919376829685929 0
4163 3.064021121865054 0.5602014980346511 0
4164 1.069288447125145 0.1998612505071063 0
4165 1.5575690947254 1.868746715068212 0
4166 1.589576384618437 1.843430099942477 0
4167 1.537825127731209 1.990481219528062 0
4168 1.218366863248183 1.601474328265196 0
4169 2.988009702808246 0.6036960228471433 0
4170 1.215030078946155 0.008971182420111464 0
4171 0.02155829028250162 1.981593214628353 0
4172 1.548934682508975 1.990511810047339 0
4173 0.151983064899163 0.6109067997406858 0
4174 1.445344246617666 0.01959893411673309 0
4175 2.447989101178703 1.979068660779962 0
4176 2.309918040860206 0.017348205146111 0
4177 1.226664269337621 1.990907678418482 0
4178 2.969932916364803 1.979735774768416 0
4179 0.02121183489274869 0.04248711360959881 0
4180 0.1225209649459997 1.943234222987591 0
4181 1.748596578838966 0.02858504841354421 0
4182 0.0773910422979064 0.01821315949292505 0
4183 2.469503663619747 1.959779133547845 0
4184 1.084400763563018 1.964254963129712 0
4185 1.07874869709746 1.972453173529639 0
4186 2.164472518446477 1.955484376123505 0
4187 2.170561670523002 1.974027566014785 0
4188 2.968389313206591 0.01984884773084789 0
4189 2.652538228485458 0.1543090957841018 0
4190 2.685175230591319 0.1336254567514254 0
4191 1.542244876471128 0.03183759668609132 0
4192 1.274788031618504 0.09426975399967953 0
4193 1.253450989998031 0.1153558090402766 0
4194 1.221273545551323 0.1149463347655546 0
4195 1.554832682601857 1.981051188858908 0
4196 3.066196747942295 1.972253404618887 0
4197 1.760972902201435 0.2486289944845365 0
4198 0.8607042842919537 0.01024664656133076 0
4199 1.024003443766092 0.02058332000414031 0
4200 2.253732859233091 0.09406879363498888 0
4201 1.000334018500115 1.794090218028218 0
4202 1.761526849000523 1.971170017619738 0
4203 1.474426209890861 0.03447611603826502 0
4204 1.4818623373728 0.02708175893681153 0
4205 2.302852965762689 1.991005286143401 0
4206 0.7245341162093585 0.02112784243687884 0
4207 1.772823127205855 1.972374064625109 0
4208 1.67810582856284 0.07633068932369784 0
4209 3.061913404252782 0.4685318078338601 0
4210 0.9487247865049097 0.009257621557792587 0
4211 1.848075117316943 0.02028618520961146 0
4212 0.6234141365008761 1.925614582764896 0
4213 1.152262219392453 0.4585003828966448 0
4214 0.6489279077477912 0.009788940079345745 0
4215 2.071873297774105 1.385575277296432 0
4216 0.1518873328638545 0.7012855167741198 0
4217 0.9503501646338084 1.88765277576894 0
4218 0.9241149367830769 1.698106833038345 0
4219 0.8729064166879597 1.971173154313611 0
4220 0.3368450364663887 0.009772296514342957 0
4221 1.167367217681914 0.01947419890736729 0
4222 0.1582417914563065 0.04752567403543909 0
4223 0.1451972262151098 0.0565231564919504 0
4224 2.88520268162934 1.980447516816932 0
4225 0.04191647544923073 0.05504057091747875 0
4226 1.257854282959999 1.940192546332924 0
4227 2.698771966439831 0.01876521384345276 0
4228 3.046727708629891 0.01391255780345246 0
4229 0.6172132305432058 0.443949498845061 0
4230 1.614970754304785 1.970813449160809 0
4231 2.495644579054729 0.1545025047708935 0
4232 2.544444405218185 0.1788028546641672 0
4233 0.6931479394954487 1.983459779250772 0
4234 2.390292553837488 0.02173978109785569 0
4235 0.05263359998590822 0.1018886840217411 0
4236 1.426501905599425 0.1520787263499093 0
4237 2.487820137423394 0.04148493287779275 0
4238 1.571112770575353 1.990585126107276 0
4239 1.415775294078428 0.02091557292035361 0
4240 0.4448306425828474 1.935269117614149 0
4241 2.906653098982932 0.04742728308869884 0
4242 1.193507768449718 0.008848715447705251 0
4243 0.7588310004337151 1.992039675475459 0
4244 1.241445061088063 1.980399234474113 0
4245 0.2441786028560395 0.04715685542580539 0
4246 2.633935948223525 1.850652728871786 0
4247 2.560553436423918 1.795824178161404 0
4248 2.869025470801851 0.01407255123887493 0
4249 0.8266882434809437 0.02106851303192198 0
4250 3.131168636963797 1.982781327904254 0
4251 0.01022228899055628 1.9826693584863 0
4252 3.131186801407475 0.01683097914416432 0
4253 1.544598189467097 0.02030191838731474 0
4254 1.275617556739403 0.04037507507890756 0
4255 1.395054939258985 1.906044675352196 0
4256 2.571347491584058 0.04950820395076667 0
4257 1.603161905180778 1.950996141219886 0
4258 0.603083999796347 0.01900010925461108 0
4259 0.3075300502290961 0.04709312068559172 0
4260 0.3833900192660189 0.04421594506699152 0
4261 0.1516727149593209 0.7901797773412973 0
4262 1.498081477937776 0.0197088740093664 0
4263 2.4043685368791 0.04871130826458498 0
4264 2.915891511960454 0.05851715434326173 0
4265 1.459545471271349 0.009203623760945577 0
4266 0.980832089445127 0.008806928364063462 0
4267 1.834798764707524 0.06051953041566199 0
4268 1.143454424370232 0.01816024403019525 0
4269 0.6853370890655419 0.05636949704961594 0
4270 0.008572670505318191 0.01577338187375097 0
4271 0.1326116783618694 0.0195750375430442 0
4272 0.8400764520342205 1.918307570513064 0
4273 2.794926212776866 1.974728305416366 0
4274 0.3741887532867417 1.637821410219965 0
4275 1.178610656878232 0.01907993575497505 0
4276 0.08154445056104967 0.02967253491603807 0
4277 1.704087947265336 1.97053664249135 0
4278 2.100404554122473 0.01926337268444572 0
4279 0.4061266049561829 0.0454180055732946 0
4280 0.4276924114983177 1.950588653888153 0
4281 1.885445429441259 1.654126813341521 0
4282 0.6415331274199175 1.751101268188612 0
4283 0.4878514141002955 0.05005969188221063 0
4284 0.4819022640181133 0.06761246244455726 0
4285 0.4631715438861712 0.04877877020617822 0
4286 3.080795211750238 0.0091881055054252 0
4287 1.005009636574702 1.968203378017156 0
4288 2.111192871645707 0.01623838778036525 0
4289 0.05287944083993441 1.90902144954252 0
4290 0.03731003101041117 1.924362229916106 0
4291 1.156647519331494 1.899457994458345 0
4292 1.125401137870306 1.896955510361696 0
4293 1.104212776058925 1.858024533736272 0
4294 0.2883038272689282 1.981199521242206 0
4295 2.06330026402158 1.981251361665549 0
4296 2.747835156583145 1.623360033242438 0
4297 0.2599442533480164 1.990342411502484 0
4298 1.159297554976844 1.919898334331281 0
4299 2.392442880355344 0.3319685747933678 0
4300 2.674900990257593 1.867849153480266 0
4301 0.3487828871502247 1.97500942470077 0
4302 0.5094804657317054 0.04427463087689175 0
4303 0.8081079332268873 0.01898648453259232 0
4304 2.848520122866339 0.01426165255328356 0
4305 0.3190355818037592 0.04987171902936714 0
4306 0.8384012819045363 1.991514578146679 0
4307 0.3764670403063567 0.2306717539908144 0
4308 1.576926492609811 1.981208111173926 0
4309 0.1513620901168739 0.8786382836174186 0
4310 1.040712286555402 0.08924677476193589 0
4311 1.95387980903314 1.981167702337274 0
4312 1.752809879026161 0.08473663304727244 0
4313 1.377964427928109 0.018966986336398 0
4314 0.2129827625645436 1.98110722987567 0
4315 1.374687778066892 1.976068239311404 0
4316 0.3704591826866594 0.008230906280809637 0
4317 0.8189332020913185 0.1032095925579519 0
4318 1.924343529689402 1.916347707427839 0
4319 0.245177137199493 1.728072840131482 0
4320 0.9493718611770812 0.1131874171287974 0
4321 1.83262797245231 0.1313224561665981 0
4322 2.042748197637999 0.1757761994031928 0
4323 0.183648301586542 1.953967846903599 0
4324 2.983867799692004 1.897465778483655 0
4325 0.8479040030563487 0.03512417598743531 0
4326 2.565680742310458 0.07310828503444722 0
4327 2.913867540911355 0.008955325876893801 0
4328 2.169507316868873 0.07620648108621894 0
4329 0.3846643464746755 1.990533077690339 0
4330 2.767919568475851 1.965301072864186 0
4331 1.391128843467087 1.99136405500707 0
4332 0.1887630218009372 1.887681801870796 0
4333 3.068452868108603 1.857293210372332 0
4334 1.582500057464626 1.97196401811914 0
4335 0.2539286367797444 0.01861789392920024 0
4336 1.325227117740676 0.01978881025502005 0
4337 0.170052369166364 0.051351050371002 0
4338 0.1507836497284991 0.966016552443416 0
4339 0.1939190238725163 1.951853842659695 0
4340 1.370477167670868 1.605539778028371 0
4341 0.4657938361613173 1.982176986474955 0
4342 2.597718057923498 0.01903216797134392 0
4343 1.079848622827556 0.03421981884173891 0
4344 2.462747243227125 1.83767681271136 0
4345 2.453336243546693 1.879947887554243 0
4346 0.971459011206147 1.866661741194665 0
4347 3.026700852251775 1.971779953396782 0
4348 2.441614244389267 0.07510948587319782 0
4349 1.374140893012472 0.8987326932770328 0
4350 0.972019788303468 0.06165878056437899 0
4351 0.9762618670092833 0.07635374532793611 0
4352 2.413842529962285 1.963783001720352 0
4353 2.414846304822418 1.980167451740591 0
4354 1.339404236536223 0.009407651999630534 0
4355 0.9172790713240329 1.815747677387018 0
4356 2.670951659681294 1.975434564956141 0
4357 0.5241857256733513 0.3076398285430699 0
4358 3.06043758136749 1.990133060670232 0
4359 2.652454429169759 0.01833397576397698 0
4360 2.137826116096817 0.03782420695489228 0
4361 2.037958148121783 0.009083545619598791 0
4362 3.003682049643302 0.03893249338088362 0
4363 1.96022727333886 0.03388671226706121 0
4364 2.358408411971201 0.009454505101245948 0
4365 2.596399067320435 1.980758274630364 0
4366 2.092419991894245 1.517895532111981 0
4367 0.7383015715950837 1.943636263408439 0
4368 0.562037259438616 1.933424809888055 0
4369 0.6658992879241199 0.01808092502261864 0
4370 2.886312394850385 0.0540948145350091 0
4371 0.9442380570567328 0.02736548989985358 0
4372 0.2642863102579448 0.05259411919326671 0
4373 0.2677010813179429 0.06835400502712558 0
4374 0.2713967884192064 1.99036511528369 0
4375 1.770263923050072 0.02808566643748713 0
4376 1.77976477698951 0.03255689862555857 0
4377 1.118633246459636 1.965970359809863 0
4378 0.4517545517166852 0.05923369034980698 0
4379 0.04178784721967463 1.939018682227291 0
4380 0.2531185316887783 1.980555018494096 0
4381 3.119390585366467 1.981876018608068 0
4382 0.1501768725585208 1.053240721066769 0
4383 2.997917962332851 1.826611108799543 0
4384 3.026445639188182 1.861812841996385 0
4385 3.033775692371859 1.964331372932841 0
4386 2.081149110502473 1.979538987999588 0
4387 2.644331584208405 0.04612175612484273 0
4388 1.070155133098196 1.990779959521231 0
4389 2.537916228708798 1.971429860525165 0
4390 1.4754785682503 0.04792061110237807 0
4391 0.2902343981341131 0.05628250327710139 0
4392 3.077557871584908 0.07012319103677268 0
4393 3.094441650345657 0.08124278672243118 0
4394 2.082280205411298 0.06174977266003706 0
4395 1.059312063876507 1.990772559811884 0
4396 0.2062810658573851 1.990729116700025 0
4397 2.936529946310057 0.007424468694719375 0
4398 1.214844070067299 1.899429565213311 0
4399 2.780495949897026 0.1255973350895505 0
4400 2.767232418077115 0.09827542374461032 0
4401 0.3694346947094882 1.941784988615248 0
4402 0.3818503633044843 1.930289321118273 0
4403 0.3636138161371307 1.921754619647393 0
4404 1.647960616453042 0.05247488892380401 0
4405 2.39975243517604 1.885925617420344 0
4406 1.493840509850369 1.94951617303106 0
4407 0.8013653838285445 0.05222416387742809 0
4408 1.449993549259074 0.8542372582565699 0
4409 0.4957712266287825 1.889580937739955 0
4410 2.525122864515891 1.962869002446254 0
4411 1.297664176300472 0.773746397665363 0
4412 2.039221020537833 0.09056689425010664 0
4413 2.015491533651588 0.0903211787897977 0
4414 2.030162258967394 0.114381659363013 0
4415 0.3658040007256684 0.05366429531343626 0
4416 0.3584893171429324 0.06643695919924593 0
4417 0.3411837613604377 0.06323680014056032 0
4418 0.3488219355681712 0.08183551237374168 0
4419 0.09284881634132214 1.990952222319806 0
4420 1.947621297357849 0.132730315147814 0
4421 2.272640001924332 1.927032491173055 0
4422 2.284031537371753 1.91015184013219 0
4423 1.247585599638813 0.01004867315694127 0
4424 2.851123825519148 1.882791490226924 0
4425 0.3426721120599393 0.04931088095252503 0
4426 0.3235095448537651 0.06395728431867705 0
4427 0.9161216416891148 0.6274910022871036 0
4428 1.548995953825873 1.951417724925665 0
4429 1.554988071123505 1.937758724328348 0
4430 1.304371508112641 0.008414655817295115 0
4431 2.800208584620649 0.1561851820154709 0
4432 0.2744890333374554 0.08734089089456798 0
4433 2.108027276191701 1.948496102342053 0
4434 1.432362785491872 1.960953777218722 0
4435 1.293958276646964 1.558795685320056 0
4436 0.02796686944977418 0.05905060887499992 0
4437 1.814740828895639 0.008967895175268905 0
4438 2.2466953215995 1.889167886482086 0
4439 2.164889494068891 0.1762449269908589 0
4440 2.058743427576485 0.00871718096756352 0
4441 2.742261193080599 0.01991096683438272 0
4442 0.149776536668584 1.140169319703206 0
4443 1.727025361455638 0.0482203741681918 0
4444 2.105792122183082 0.04960026207076837 0
4445 2.097825750331412 1.981623834802447 0
4446 0.6542548098552452 1.982474607480429 0
4447 1.404825189788685 0.03614971350001189 0
4448 0.07761953012149275 0.09061954002920265 0
4449 1.704343585754334 0.04756870214564586 0
4450 0.5491054236621012 1.991345604565669 0
4451 2.746454343098084 0.1229742500952986 0
4452 2.711842391794732 0.1121136880547223 0
4453 0.3293842941358017 0.01933705427846654 0
4454 3.102372860425728 0.05359060612170044 0
4455 2.732788691580872 1.966001930956199 0
4456 0.7317431064514869 0.0919760615904667 0
4457 0.5636689633892327 1.981641470250793 0
4458 2.374235507726226 0.06286302554465215 0
4459 0.4277030328414119 1.991089224307564 0
4460 0.202879777353372 0.02059607878651441 0
4461 1.248866337560924 1.991671412013161 0
4462 3.097036579968659 1.982290138323874 0
4463 1.888684342762945 0.01731541368510999 0
4464 0.8590773555871 1.961492888818788 0
4465 2.146635784684777 1.991877450587775 0
4466 2.936283128185907 0.1836945160203982 0
4467 0.4168886464460768 1.947024265156083 0
4468 2.037525386677817 1.990074676418466 0
4469 2.044747052722258 1.906781090207927 0
4470 2.213392945544018 0.2554095866903496 0
4471 1.432033400403205 1.982082908966653 0
4472 1.978868173106755 1.946473830459963 0
4473 1.988022265839336 1.934772736507937 0
4474 2.984301523050978 1.576253619646916 0
4475 2.799130543192092 1.983632754389907 0
4476 3.030820275346334 1.981534858224758 0
4477 0.436255633962335 0.07002861950475071 0
4478 2.861700419148093 0.1587782647197003 0
4479 0.8871197701344565 0.01771541203700691 0
4480 2.963339446314358 0.05615806113000442 0
4481 1.932022716973918 1.983615448051512 0
4482 0.1495723031206582 1.227968958803293 0
4483 1.165934843351829 0.36822930279897 0
4484 1.793039731203025 1.991240922280773 0
4485 1.187225868806069 1.979689848805618 0
4486 0.9926083893057633 0.05282656745507489 0
4487 2.435267424126128 0.04472042112022721 0
4488 0.1088936644962449 0.04263677271042716 0
4489 0.1281925389509642 0.03661073437671022 0
4490 0.1819313568944929 0.05550542460605563 0
4491 2.29069079462982 0.008163649359250732 0
4492 2.855842799487464 1.908579843790826 0
4493 2.832332528844547 1.901411672199155 0
4494 2.803201331375072 1.900958237869556 0
4495 2.003838158279144 0.1153839425276303 0
4496 2.402927804372967 1.992383597496036 0
4497 2.666891254866343 0.05163689316646892 0
4498 2.197199360893621 0.05859089607088452 0
4499 2.19784504677734 0.07338216139349206 0
4500 0.2368392711544108 1.991293339642264 0
4501 2.78562503737025 1.865367549645189 0
4502 2.765488289695534 1.835107456741699 0
4503 3.029652162787297 1.893676041453904 0
4504 1.400233410132992 1.800678593178769 0
4505 1.420413371820945 1.740819283161184 0
4506 0.01598604600354308 0.008826156580770843 0
4507 1.997658595333131 1.748364465492627 0
4508 2.956614014538485 1.948128299632689 0
4509 1.595667707466913 0.1303896099431337 0
4510 1.869240924756703 1.991881814051336 0
4511 0.4267579321669062 0.08916784015549169 0
4512 2.214925409719315 0.01053004311841218 0
4513 0.189741025542417 1.981499320235245 0
4514 0.9041311938871838 0.0090048892689882 0
4515 0.09592722777240963 1.951615357657897 0
4516 2.082213781351751 1.944036857022536 0
4517 1.347570568290503 0.01935315127874504 0
4518 2.892772724454777 1.91945290727629 0
4519 1.159429236070095 0.1592567615927488 0
4520 1.167287613739508 0.1155359287005056 0
4521 0.1496755299678589 1.31636667988735 0
4522 1.29534946640779 0.04209050187497606 0
4523 2.332411854539039 0.05447425119041199 0
4524 2.16717235624903 1.542278060932111 0
4525 0.6679150729418861 0.05973521663115626 0
4526 0.666304503413005 0.07978257834376191 0
4527 0.643192260534736 0.08740176728762955 0
4528 0.5951698906512997 0.06398170427995672 0
4529 1.965257618555989 1.98378989141701 0
4530 1.958950333691633 1.919112164011511 0
4531 0.06008579483704444 0.008837899835722413 0
4532 0.09955821622744443 1.920531473810326 0
4533 2.961496682593783 0.0730106941915605 0
4534 0.9431368226325788 1.963061897462755 0
4535 0.9299003379674859 1.948656250210879 0
4536 2.376736454915052 1.664153291555275 0
4537 1.862034491577649 1.871517976469708 0
4538 0.1378110638829054 0.1355308582974391 0
4539 2.378136484737539 1.965990629416855 0
4540 2.449056055537432 0.01899795956861539 0
4541 0.2508043717436557 0.06163836399496218 0
4542 1.871228605571632 0.2160106051748871 0
4543 0.3117904726898155 1.965205811892401 0
4544 2.379433258548692 1.899398594595683 0
4545 0.05158701306487241 1.699371923390042 0
4546 0.07550333304342471 1.444754766028218 0
4547 1.993672436573273 0.03151430926114526 0
4548 2.024745433301432 1.912676601250882 0
4549 2.493986048744673 1.866509551538621 0
4550 0.1526730473799869 1.59340508298237 0
4551 0.844929153719382 0.1174761722673008 0
4552 0.07185882960696273 0.008941403567592031 0
4553 0.4707711567530423 1.965347110423566 0
4554 2.614613837583136 0.007608678262518304 0
4555 0.678986968026153 1.633389485766266 0
4556 1.377451515950297 1.914879559405182 0
4557 0.5227044933477208 0.07056420353566917 0
4558 0.5412376035290821 0.06856273554300236 0
4559 0.5319853451011831 0.08778590406272305 0
4560 0.5705662143812272 1.990356990057143 0
4561 2.275639507540701 0.09804255295187764 0
4562 2.829958541737388 0.3388526102855132 0
4563 2.940700094845448 0.07621712496507835 0
4564 0.2144297474709228 1.777970448790757 0
4565 2.801234228053017 1.967231888949994 0
4566 2.921952533541934 1.756653085097174 0
4567 2.282615475326021 0.06436067717225633 0
4568 2.286941319189423 0.08190103381491791 0
4569 1.365927437152003 1.968972276948138 0
4570 0.1513035642896627 1.952965052941108 0
4571 1.315517394741667 0.0193340411221629 0
4572 2.771643607280182 1.916892344938938 0
4573 0.8163706751710823 1.942001451902997 0
4574 0.8076197153137543 1.92756884041884 0
4575 2.833742101129146 0.4266989113443829 0
4576 3.026388417897162 0.1692945854273763 0
4577 2.215353785243686 0.02134666765455779 0
4578 1.112644382589006 0.1014076547224173 0
4579 1.151880408746029 1.968941069361768 0
4580 2.538909731523185 1.852515408378949 0
4581 0.3827856499522623 1.912171097507657 0
4582 0.07670545438372273 1.536347332573068 0
4583 0.5878997370875312 1.877004726779749 0
4584 2.292238082381359 1.991681814886773 0
4585 2.12043722888352 1.982365865665111 0
4586 1.013071132071109 1.958742373963635 0
4587 2.470311762281096 0.008402833490409899 0
4588 3.064022009589385 1.964051225748665 0
4589 0.574983258970333 0.05132172464383306 0
4590 3.043602300376292 0.0430559459091119 0
4591 2.022795475254444 1.975648851940345 0
4592 2.590736699184888 1.971179032867532 0
4593 2.595637501035455 1.962333148927623 0
4594 3.123999678111924 0.03270321553881715 0
4595 2.200295380236101 1.834850610545391 0
4596 2.218349452206112 1.787145220253475 0
4597 0.1677712079781191 1.940574122606036 0
4598 2.90437059949136 1.990950290477608 0
4599 0.7568318468341643 0.01704524436014957 0
4600 2.902859065323734 0.009302436596263494 0
4601 2.492640212593067 0.008786504198403711 0
4602 0.3440352438503044 1.967077961610451 0
4603 0.4806353057419771 1.964715231614798 0
4604 0.9173496648197974 0.008739466814863685 0
4605 0.178651058280251 1.981857828921926 0
4606 0.2996341472268748 1.981764835011725 0
4607 1.821144558771257 1.982686508091745 0
4608 2.984539275092868 0.184936858978548 0
4609 2.301087396095765 1.514837155340564 0
4610 1.62077711010738 1.960587875710393 0
4611 0.8697216268922356 0.01833166805100332 0
4612 0.3457504413178624 0.1932299473993534 0
4613 1.799150259832416 0.04407687588176079 0
4614 2.27051007502856 1.991386682656484 0
4615 2.125480398774807 0.05505805276629938 0
4616 2.590286516432742 0.200457680107687 0
4617 1.64678197133396 1.771220586817512 0
4618 1.625025672322916 0.06325908569011669 0
4619 1.607605783466579 0.03966351349955236 0
4620 0.6658577306120541 1.98270202502652 0
4621 2.18197131760574 0.008582543464984702 0
4622 0.5432227879855848 0.1928746587603036 0
4623 0.4346524992178396 0.01813275918093324 0
4624 0.1999010561296529 1.927794976728822 0
4625 2.853828409075915 0.02191726045542828 0
4626 1.944070810405345 1.903491513169474 0
4627 0.7059315055928572 0.01912668614040624 0
4628 1.132610180108755 0.01735061434438584 0
4629 2.300792606689452 0.0482529397465994 0
4630 2.826275398563935 1.976885484767505 0
4631 1.092255156357008 1.990869350113657 0
4632 0.7880337944329049 0.01737619558387044 0
4633 0.903471684617501 0.05905900854530503 0
4634 0.8917364924299233 0.07076473629735644 0
4635 0.9036470126973959 0.09570815651390345 0
4636 0.9272858086008147 0.09362916856920581 0
4637 0.2273874682182284 1.99310653435076 0
4638 1.015244174141281 0.007240608296392032 0
4639 1.787983176961786 1.982485978526877 0
4640 2.432705017466198 0.2169428044569966 0
4641 2.177596141334994 1.979989745052483 0
4642 1.574895108119267 1.794096670930942 0
4643 2.328961827274346 0.01815232004200231 0
4644 2.930822389976086 1.943943697006856 0
4645 0.7772534282301153 1.946137562846299 0
4646 0.7892608738638081 1.948214788569572 0
4647 2.849029727030397 1.990425787238016 0
4648 2.610361841746431 1.899402411166796 0
4649 0.504580032365481 1.991706159737089 0
4650 1.760386633234942 0.04155356566704194 0
4651 0.5427689023549345 1.982641315757658 0
4652 1.673330285346899 0.05876069803946156 0
4653 0.2582461497919689 1.92218675602057 0
4654 1.105416685341372 0.00889688155427368 0
4655 1.497216052359766 0.03970565984006354 0
4656 0.8787453149547384 1.963569687304473 0
4657 0.7516356689191109 1.943421629419361 0
4658 0.727714119897357 1.933479277108569 0
4659 0.700990657036573 1.940776927642816 0
4660 2.339652818482269 1.979115826386281 0
4661 2.107842003402234 1.935418580956959 0
4662 2.014659442300017 1.992121175247908 0
4663 1.809822788308389 1.982623171365329 0
4664 1.365341828649733 1.92597352209889 0
4665 1.336262002080884 1.936392329693465 0
4666 1.321750542481236 1.928404400033839 0
4667 0.7955408548856676 1.990676310583127 0
4668 0.9421875097797243 0.4594485531827558 0
4669 0.162152241733136 0.01832306364003692 0
4670 2.641646917367115 0.01755491332578903 0
4671 1.301788923992103 1.92329885907612 0
4672 1.316778511279996 1.903206180699725 0
4673 2.391839059887054 1.980312137460734 0
4674 1.515484207679739 0.007213371663926172 0
4675 1.872299762158183 0.1020593890364323 0
4676 0.243131401750954 0.01749502529153519 0
4677 1.341416713097703 0.1111568912740266 0
4678 3.048694823874424 1.925052161327472 0
4679 1.464579661125765 1.841995722089645 0
4680 2.432163453397918 0.01703616997953305 0
4681 0.317504109604709 0.01875456089526911 0
4682 2.072090406846518 0.0197688864187871 0
4683 0.5407128466827316 0.05364136404215225 0
4684 0.9468452234531881 0.03701032222087077 0
4685 1.426167957028441 0.007637487299646903 0
4686 1.085527475292687 1.981683468099204 0
4687 0.423209214890267 0.01796142357338417 0
4688 2.613732471476877 1.960716386932263 0
4689 0.06330680745660663 1.946031672711196 0
4690 2.155629338965452 1.948705631164388 0
4691 2.987824589018706 0.052131110412691 0
4692 2.666572537199138 1.967287656208425 0
4693 0.03864454536052121 0.0075458114914186 0
4694 1.342889261963027 1.982530920923983 0
4695 0.888220565108977 1.93864908332279 0
4696 0.4175078325774663 0.07182458245153625 0
4697 2.226674850099689 1.952879417035167 0
4698 3.123350974550183 0.04222845532642842 0
4699 1.314342308257145 1.953246532323643 0
4700 2.525823075385207 0.008299315531494461 0
4701 1.93705295238514 0.007215890030705841 0
4702 2.202286946285309 0.008786519233399171 0
4703 2.120372220428639 0.1156669235797477 0
4704 2.824044866329765 0.01894268554477381 0
4705 1.492147417473729 0.02951521342487358 0
4706 0.4510843131534839 0.008972407240005019 0
4707 2.669736458247669 1.893919992984394 0
4708 0.1721389172491127 0.0649357643281564 0
4709 2.673779654275713 0.02012082249618883 0
4710 2.249072380713232 0.008881867365664698 0
4711 1.564920120031031 0.01745147500846895 0
4712 0.8531400181017375 1.982677118522733 0
4713 2.929178635432568 1.927479001498234 0
4714 0.6674611500148716 1.943349980434631 0
4715 0.6707759385189914 1.928041529489264 0
4716 0.6658447238380405 1.911329885708945 0
4717 0.696480816118816 0.0512862110300581 0
4718 0.1677362030002555 1.982195610487964 0
4719 3.119390585366514 0.01716324096862383 0
4720 0.7907553225148041 1.802890137007436 0
4721 2.251047605462515 1.982081231272019 0
4722 1.015165422274543 0.06154380475924651 0
4723 3.114834177575792 1.942657488491855 0
4724 0.2154523608869818 0.05174705997542679 0
4725 2.298028361750082 1.936539771017731 0
4726 2.301346562826782 1.919711723414076 0
4727 2.324799029687042 1.917177414689479 0
4728 2.300340157307183 1.892992088761221 0
4729 1.052331085506993 0.05592501961030584 0
4730 1.067479748890043 0.08337308579041738 0
4731 1.08482256879683 0.1022392691882138 0
4732 1.08999003033729 0.01792137550866919 0
4733 3.095102534399319 0.1067394430358576 0
4734 1.81196481840848 1.61262884771367 0
4735 0.3108909990271758 1.982130871910113 0
4736 1.543732630390405 1.69816653488876 0
4737 1.239159618450793 0.0390867311162037 0
4738 0.3218960417128379 1.9824465962527 0
4739 1.276915505605832 0.1975708644916516 0
4740 1.325182342899019 0.2338867971444711 0
4741 0.896319568671969 0.3113689762427378 0
4742 2.147624273339542 0.02487050119579772 0
4743 0.963833671562272 1.825738574021186 0
4744 0.9486935798707868 1.770122072637327 0
4745 1.741582991079974 1.858973203330877 0
4746 1.781658247258419 1.862439691276953 0
4747 2.401497008044707 0.007899752391504592 0
4748 0.1185417516177697 0.259081523471242 0
4749 0.4348683193334223 1.982697109945224 0
4750 1.263872890541501 1.982047471048581 0
4751 3.003207954783686 1.928043123327168 0
4752 0.7968124098825284 1.967573808626907 0
4753 3.123566092715083 1.966501885913631 0
4754 0.7734949242324064 0.05712187691417314 0
4755 1.505867165701019 1.951344153197401 0
4756 1.501511357386951 1.938839179009499 0
4757 1.478699224598036 1.919977155398995 0
4758 1.876473346082749 0.01688555505020203 0
4759 0.4585304406622546 0.01809831469452917 0
4760 1.843128662950915 0.04971937206445979 0
4761 1.31507361189623 0.03723353637062532 0
4762 2.613691783783094 1.952266745931132 0
4763 1.10798844097252 1.982079753692103 0
4764 0.392935093697143 1.982272724787281 0
4765 2.896529947354996 1.937589929050279 0
4766 1.414368165742576 0.0318722429908564 0
4767 1.895117172431015 1.930537712978826 0
4768 2.133920369526774 1.941139362136355 0
4769 0.6749172876849717 0.508024066916499 0
4770 1.948051930391956 0.01926360068500994 0
4771 1.903644634668693 1.992079946357486 0
4772 0.0823021581563539 1.99148937412692 0
4773 1.26415282337116 0.1528584595822838 0
4774 1.118395503970352 0.02626779490631111 0
4775 1.121786360987556 0.04374522604336716 0
4776 1.11178381522128 0.01770597843583354 0
4777 1.272174784624466 1.956287303178403 0
4778 1.783369628838414 1.973755603301099 0
4779 3.02010148906166 0.04790452930580148 0
4780 1.768814476825966 1.961779412027859 0
4781 0.6410852842839458 1.943693674966755 0
4782 0.6440779011786142 0.1149153789711701 0
4783 2.692230535086638 0.007889930137093298 0
4784 2.542020854509238 1.960608677300112 0
4785 0.3447776798213609 1.926225749593089 0
4786 0.3410445689367846 1.906275367272272 0
4787 0.0605956254447237 1.859463518869386 0
4788 2.859794752467463 0.03149453421936482 0
4789 0.04440413644659219 1.983029290978115 0
4790 1.41471391921153 1.992437042032811 0
4791 0.4531323212427585 0.04527451857972853 0
4792 0.8019926180717749 1.982244687987258 0
4793 2.907524327653987 1.942419418798575 0
4794 2.574980081866294 1.959285687220123 0
4795 2.99840942383717 0.1433652552178458 0
4796 2.15486164600393 0.03271354712626112 0
4797 0.4119241638625827 0.01764241356986539 0
4798 0.2257475267230447 0.05158422191950143 0
4799 0.3137272014709441 1.925392233133879 0
4800 3.098446117587452 1.902144380058053 0
4801 2.981616617071921 1.96357229175589 0
4802 0.4717863375488809 0.006807358929234762 0
4803 1.182597428326336 1.970853416700096 0
4804 1.925825049601406 0.01920902238976313 0
4805 2.868956153996725 1.935541576208239 0
4806 2.873023942172877 1.920236239719105 0
4807 2.839690914935587 1.92392469061568 0
4808 2.553237845672196 0.01691630918676435 0
4809 3.086033237917504 0.01692063348799976 0
4810 2.805857003419682 1.925681958002199 0
4811 0.8415304493715553 1.640313369960566 0
4812 2.7213917674513 0.1480383758290102 0
4813 1.228348582973882 1.936416516808884 0
4814 1.438918760283156 1.947866938774223 0
4815 1.200545876363877 1.933450070370254 0
4816 1.201123507483857 1.91675381433511 0
4817 3.030472002919165 0.09905029337485283 0
4818 0.6488515586903517 1.99130140745632 0
4819 1.123985622946825 1.923480716338285 0
4820 1.094166516838748 1.896124642278802 0
4821 1.196842321661757 0.1056870690327827 0
4822 1.089874420842788 1.917678762723516 0
4823 2.390256276445103 0.03117367346407968 0
4824 2.013370526894147 0.07129965755850763 0
4825 2.348154451204015 1.905134463045831 0
4826 2.374705471019418 1.920807066629576 0
4827 1.051306161405889 1.915292561406373 0
4828 1.804101474222296 1.991281783405588 0
4829 1.982789647469752 0.07959469059784509 0
4830 2.929616202451169 0.1470600772323021 0
4831 1.827401358684382 1.898758864427244 0
4832 1.782713290226866 1.893604429630914 0
4833 1.736834092977497 1.887481006166783 0
4834 1.052298884645661 1.963150161489943 0
4835 1.684847644646295 1.884545502243696 0
4836 1.679221070627028 1.856165728564564 0
4837 1.638027917406364 1.852959011940061 0
4838 1.947056578031783 0.07826706147815504 0
4839 3.068738861997072 1.98159216324773 0
4840 3.088068667235833 0.2916704096000952 0
4841 2.855737029023113 1.980478786877893 0
4842 1.584495655769129 1.876545931788299 0
4843 0.6373399329877343 1.99147490462006 0
4844 1.067293351926226 0.01795802744833624 0
4845 1.403802384149646 1.951855421706492 0
4846 1.111507136945445 0.08022754609294662 0
4847 0.2662687944542797 0.1758750795238938 0
4848 1.145359436729219 0.08170180413835827 0
4849 1.143252671626978 0.1008767606917035 0
4850 0.526205408007847 1.975878022321823 0
4851 1.404466251200308 1.967521297729589 0
4852 1.181874632364349 0.0889882858961214 0
4853 1.215577613690846 0.09008994000944122 0
4854 1.255826646130484 0.08967147418371851 0
4855 1.310253796322846 1.982851990419685 0
4856 0.1564280897652105 1.982523844601657 0
4857 0.226417770646742 1.93620239628583 0
4858 0.2267110133811145 0.170778014283044 0
4859 0.4610075149697412 0.1948832235286647 0
4860 2.526039472601488 0.06085351673417014 0
4861 0.8435176722016834 0.01862618068506334 0
4862 0.6028642789191846 0.08975631730156206 0
4863 2.781635407792257 1.991725391730657 0
4864 2.449002564514125 1.960660254469448 0
4865 0.9996137021090812 0.5279623603925913 0
4866 0.2506798870128122 1.935493601396381 0
4867 1.581951711459587 0.007249689546347164 0
4868 0.2771996427007175 1.938459896787801 0
4869 1.920042885595581 0.04208519371220089 0
4870 0.5961170271404477 1.908025979742328 0
4871 2.1960503588345 0.1577361815193373 0
4872 1.078669548689926 0.01780588350108943 0
4873 2.832359088938194 1.969577634670211 0
4874 1.38184755217644 1.99343629165701 0
4875 2.814263732065085 0.09437810319994357 0
4876 0.481984721824719 0.01978155075327776 0
4877 2.909317260922066 1.929421151948664 0
4878 2.031877761605452 1.706347809344675 0
4879 2.71726098395453 1.897677572032788 0
4880 0.2836347165108405 0.0700052594548453 0
4881 0.9085374155633963 1.95201160853507 0
4882 2.169731996540055 1.992740661660598 0
4883 0.3149923231776066 1.909542047369881 0
4884 0.2924340730352019 1.869545683515088 0
4885 1.825465200934533 1.869129378616005 0
4886 2.340001527751471 1.928484938020302 0
4887 2.755221968965236 1.98256852419701 0
4888 1.006675558587387 0.07433913816513413 0
4889 2.020518517770344 1.965155467232671 0
4890 2.492569651499177 0.2121475464498327 0
4891 0.2392699402121704 1.920590143021317 0
4892 2.296044810298604 0.1914265593750454 0
4893 0.6760781439663115 1.982986772476768 0
4894 0.630373464124092 1.982868699096922 0
4895 2.737381660296641 0.02806453362370732 0
4896 0.8795660722539178 1.952516364171173 0
4897 1.551250340124107 0.04053866654940679 0
4898 1.288889907646833 0.03180133413996912 0
4899 0.3766220496020704 0.05270786433671032 0
4900 0.3739939756350621 0.06497424139370726 0
4901 0.6062775434393877 1.923127876153448 0
4902 2.800226294027999 0.01440144206976315 0
4903 2.618705570502383 0.1684473899846199 0
4904 0.5572683215183967 0.06974152413688355 0
4905 1.914789992564409 0.006463089746906263 0
4906 1.815688569744279 1.518711363263881 0
4907 1.50729819091047 0.02018249725230714 0
4908 2.6084400930106 0.05024563103806027 0
4909 1.591046675306954 0.0306059625806083 0
4910 0.9415711609912611 0.01749916924673528 0
4911 2.927684442818093 0.05147928092895133 0
4912 2.380892060047831 0.006794795612389496 0
4913 1.205852818759259 1.980847415367015 0
4914 0.282427346904259 0.2211601247781257 0
4915 2.716059847046685 0.08906679852743901 0
4916 1.600236414763607 0.01773892188386068 0
4917 2.766363856654876 1.982672868445246 0
4918 2.698606752020736 1.98311486856889 0
4919 1.292850535910126 1.992531001980482 0
4920 0.6703944046595096 0.2284535685768295 0
4921 2.102616718412294 1.851026248376015 0
4922 1.832313511411521 1.983056110320897 0
4923 0.4936122766163002 0.007229513121425035 0
4924 2.748682460182994 1.991295747000464 0
4925 3.040144463464751 1.982380577169222 0
4926 1.698589325915759 1.959994457166256 0
4927 2.686448226870771 0.04406636594792901 0
4928 1.176804620793009 1.914118626996839 0
4929 2.356109194277852 1.982846723026395 0
4930 0.6646417838154768 1.800859809138873 0
4931 1.740105830307194 0.1651133774266053 0
4932 1.569182248126759 0.08371121138568964 0
4933 1.119281051354922 1.982339239974644 0
4934 2.911311855684092 1.982815538253307 0
4935 1.414221245405743 0.1224670958506871 0
4936 1.273245720586428 1.811840260112818 0
4937 2.630823451172541 0.1029019450415492 0
4938 1.983347973316165 1.992252953265414 0
4939 2.327304629929678 1.934100737543052 0
4940 2.508365369854925 0.1206580857182875 0
4941 0.973531516073469 1.892416617802294 0
4942 2.513539261694044 1.980440543523872 0
4943 2.422775998106729 1.91396591244317 0
4944 1.837221145470552 0.006977932900668078 0
4945 0.5172909529836031 1.929633895435334 0
4946 2.45897215814088 1.905936748530728 0
4947 2.499844106325152 1.896540341941325 0
4948 2.164389907269676 0.2272952599334724 0
4949 2.117653966034828 0.2514291545585568 0
4950 0.7690073052391777 0.07272277841358864 0
4951 2.545263726311818 1.885921436426342 0
4952 2.569889396839721 0.00696144415537071 0
4953 2.503624908553019 1.992892468132707 0
4954 2.784192866110047 0.01969191327825186 0
4955 2.733089601187015 1.836623214893868 0
4956 0.3326632913949019 1.982888669730105 0
4957 2.788074278713381 1.983286694531309 0
4958 2.492110191301402 1.981772876611203 0
4959 1.068112297384943 0.6675807535057143 0
4960 1.649433716304972 1.951674376505488 0
4961 0.3054554176155539 0.006645176174069971 0
4962 1.821459917773094 1.431481921194186 0
4963 0.08926794709750754 0.0394972176038651 0
4964 2.505377182511088 0.05647196789230303 0
4965 0.1942209402178591 0.00743570526486567 0
4966 1.924125696016739 1.961670964854401 0
4967 0.677131806256275 0.0170535265593123 0
4968 0.57496877981498 1.934420388551386 0
4969 2.344080620585724 0.05671201421789271 0
4970 3.022969934246007 1.777393803282342 0
4971 2.476778098193356 0.0473402260683516 0
4972 1.803035609160633 0.00891400678368396 0
4973 2.247766794605124 1.971884973529687 0
4974 2.258042123266847 1.965911014124202 0
4975 0.8799673065212446 0.0607871390287099 0
4976 1.997074521126696 1.982707384002409 0
4977 1.924047396530407 1.981164692037641 0
4978 1.040276892054449 1.820002098013626 0
4979 0.6436935411007224 0.0197580677321649 0
4980 0.1454301086690865 1.982801825908319 0
4981 1.80294736818001 1.823534750935708 0
4982 0.4008775011365552 0.01719933780514209 0
4983 1.032452465911841 0.01811530827484801 0
4984 1.671761418942696 1.951146717943841 0
4985 0.5035728414563266 0.01980788389105599 0
4986 0.2358272909755313 1.638448535566643 0
4987 1.864992880955439 0.01621817457174022 0
4988 0.6351952893970216 0.06989888812512292 0
4989 1.274009097919765 1.982612323252987 0
4990 1.130056927890259 1.982404385572127 0
4991 1.454237693676244 0.016581309856291 0
4992 1.033253367223236 1.96250696819807 0
4993 0.4765808993317441 1.982789000581802 0
4994 2.726263762510401 0.1875556956577282 0
4995 2.803657375862802 1.991959027935454 0
4996 2.709556134241129 1.98338718952076 0
4997 0.9552998106865173 0.3727474238010831 0
4998 1.538495150748065 1.953628933965845 0
4999 0.3435530576937328 1.983113605878239 0
5000 0.07234265862218499 0.03498505228195813 0
5001 2.288000736004434 1.926629531136191 0
5002 2.560832433488286 0.1413262889774496 0
5003 1.999771413889826 1.942839626501194 0
5004 2.28732118292854 1.984310278850425 0
5005 1.977738467832501 0.01704894093856042 0
5006 2.816548589590391 0.008207096934444531 0
5007 0.7188486179029616 0.07722710831654549 0
5008 2.116376504786327 0.04531222875713041 0
5009 0.6160076088539375 0.00660377992608365 0
5010 0.7596517138714243 1.933063278013291 0
5011 1.463308902305086 0.1336238433479508 0
5012 1.905231806931791 0.008005884788133586 0
5013 1.001680600965936 0.01733886122268321 0
5014 1.894092347912036 0.1759082000021063 0
5015 2.949801637932278 0.01786288036476 0
5016 1.057969642140248 0.01879501836378791 0
5017 1.738919535111337 0.05967149664684473 0
5018 0.01679057487732136 1.967628687488867 0
5019 1.122307414847184 0.0171937904569717 0
5020 2.113153935239648 0.007389953604423125 0
5021 2.224699956215273 0.03542047256320169 0
5022 0.7780199766316895 1.984746595712784 0
5023 2.814166735831565 1.992221000965191 0
5024 2.019835216666328 0.1470566180674622 0
5025 1.27450472071378 1.967113082355206 0
5026 0.7901102501910482 0.05721546211351409 0
5027 2.184784187363809 1.962195463331668 0
5028 2.094705659858679 0.06821893755509134 0
5029 1.167272693489388 0.7668669162632054 0
5030 2.687346407666041 1.983092021723476 0
5031 0.8533411238890207 0.07870757468201643 0
5032 0.7274993557679504 1.94653785210412 0
5033 0.5131217869325185 0.01795482137340399 0
5034 0.6953879524433177 1.992071621899499 0
5035 2.052340628790936 0.1068590727101708 0
5036 2.204333765267388 1.936358705181838 0
5037 2.48465424183476 0.01661818280250979 0
5038 0.9788839313933233 0.5954808980765651 0
5039 2.918934958162792 0.01679830537053708 0
5040 1.460311351898568 1.952598748538493 0
5041 1.672060046128903 0.04738414121733323 0
5042 0.008156550343801942 1.991890816471366 0
5043 3.133436103246009 0.008109183528608304 0
5044 3.133436103245971 1.991890816471313 0
5045 1.526014298768407 1.934456749893725 0
5046 0.7738388376923429 1.932543855997127 0
5047 2.930957713733627 1.983095487797095 0
5048 1.232040033676043 1.983632470974307 0
5049 1.617435106176131 1.804751077478177 0
5050 0.7155130112494502 1.981717985408909 0
5051 0.6162960474972617 1.993686922204803 0
5052 1.726858502972824 1.953152406607947 0
5053 1.053233029771719 1.981288484264806 0
5054 0.7447987404753315 0.0640637429100479 0
5055 0.967957349816658 0.09171473025157094 0
5056 0.2335760075793926 0.01631132377238695 0
5057 1.387734197402861 0.01612980218700308 0
5058 1.967886099676248 1.992128263734087 0
5059 2.985645677246895 1.971848308872059 0
5060 1.403604482622206 0.04801775964557377 0
5061 0.6895174792011229 1.931498669835565 0
5062 0.9214891999312438 1.964097682564818 0
5063 0.4375763870239261 0.05668864576203057 0
5064 0.8490834257370137 0.008052750104691284 0
5065 2.004576343450475 0.02607445520564169 0
5066 1.608064413482338 1.940399021061342 0
5067 1.47907107787088 0.01770846087050552 0
5068 2.270161475825071 0.006562087252695553 0
5069 1.587752899949185 1.962855086955061 0
5070 2.140655177271962 0.01887974272359574 0
5071 2.187195526849276 0.08740919333117711 0
5072 1.422262508924866 0.03995760649808264 0
5073 2.311359034132378 1.634577122752776 0
5074 0.775359686780402 0.09034079846808409 0
5075 2.761915223727891 1.956694835983425 0
5076 0.3902121503643132 0.01627175024898117 0
5077 2.632106641346375 0.01682480039799661 0
5078 2.365366102052068 1.982669524241899 0
5079 2.370569331548488 1.973115253651105 0
5080 0.9713474084350633 0.006782368856077909 0
5081 0.007137406583989626 0.007111377583265687 0
5082 0.5808349456517602 0.06399483624184625 0
5083 0.8234656451770751 1.983560211191462 0
5084 1.965955204017233 0.02784022818743479 0
5085 1.226115044480103 1.920124413014118 0
5086 0.1300739198089551 0.04898287106914401 0
5087 3.006475817716829 1.885840932841721 0
5088 0.5811431582423201 1.971606722837645 0
5089 1.407966886829189 0.01721621542359473 0
5090 0.8219896519273346 1.915368070319031 0
5091 1.951701245816262 1.441651209088268 0
5092 2.273667753423426 1.890911510699287 0
5093 1.63679553404832 0.04708972484626946 0
5094 1.526959013897433 0.01745491810354116 0
5095 0.05583186192156576 0.01644580565697961 0
5096 2.648437178521096 0.05629828646481189 0
5097 2.58870343082687 0.01744439260825553 0
5098 2.236732381621584 1.825673540398958 0
5099 3.000402863105071 0.05049172018523863 0
5100 2.200353063672752 1.922296124272918 0
5101 0.9560465360025353 1.950965017123135 0
5102 2.828995657996693 0.03268318398544347 0
5103 0.6394648623156414 0.02855779811663518 0
5104 2.423475213527367 1.892487020189153 0
5105 2.271245109817328 0.2800025291007853 0
5106 0.05953383910627012 0.133137607190721 0
5107 2.148216374832147 0.006795013759786297 0
5108 0.1350504555389343 1.983124386105638 0
5109 1.047625690450681 1.971721364802198 0
5110 1.953248821083292 1.934832849728235 0
5111 3.010431882344674 0.01863333106172752 0
5112 2.654044604776219 1.982967195636766 0
5113 1.752996786057592 0.0373511700892344 0
5114 1.13912559026109 1.982401036961363 0
5115 2.350088106054656 0.08301460807727534 0
5116 2.515520141915768 0.06441157307601625 0
5117 1.652362832061925 1.939725108338761 0
5118 2.647726588346166 1.882302559707578 0
5119 0.7048426617608539 1.993700127517716 0
5120 0.9910749312894979 0.08910609884337424 0
5121 1.592153821845794 1.953046836555876 0
5122 0.5082274204761151 0.2307603552260444 0
5123 2.724132358360436 1.945769415302695 0
5124 1.636329189999537 1.883011187738687 0
5125 0.5293518772021025 1.967781391591797 0
5126 1.211645831166051 1.971253353671954 0
5127 1.337979740069286 1.9162245812687 0
5128 0.6389710813980252 1.930600440651797 0
5129 0.5644155094255376 0.05008368714052789 0
5130 2.861735220247285 1.972564723805087 0
5131 2.555132071933089 0.06743373430782719 0
5132 1.369160878837622 1.960891761642181 0
5133 1.515774551421196 1.953923920790027 0
5134 1.460716488564232 1.941518083089732 0
5135 2.113145379560751 1.956877019576212 0
5136 0.5244624088428151 0.01659219048032019 0
5137 0.1270784623171387 1.92959824315108 0
5138 0.1188511479045231 1.913785501445293 0
5139 2.347906110202869 0.006462745988443137 0
5140 1.842771662532955 1.984084127309516 0
5141 1.955236305172571 0.01656627889678945 0
5142 2.829654439414437 1.986638567242768 0
5143 2.333165336551287 1.971342755329661 0
5144 0.4454215563356009 1.947626618894591 0
5145 0.4366526982038749 1.944574762779794 0
5146 2.897549643108342 0.06021083440120101 0
5147 1.577467639334277 1.963021452823357 0
5148 1.573482424311583 1.953361546617332 0
5149 3.078479309450885 1.982558454672083 0
5150 1.72780941155501 1.942306374117833 0
5151 3.030157575628111 1.956424582025124 0
5152 0.3466500479273044 1.880262974210915 0
5153 0.3325202810241475 1.8548050803416 0
5154 1.487499165617355 1.936752944616152 0
5155 0.6045488260832967 1.98336515574072 0
5156 2.522379307819 1.981773098491691 0
5157 2.606755851036452 0.02109669796060681 0
5158 0.4391814891172471 0.1070807516048015 0
5159 2.230539976653864 1.962768870978204 0
5160 0.989074761997488 0.06631819535129405 0
5161 0.3540904359040769 1.983148867876656 0
5162 2.665162752282551 1.983227250016238 0
5163 1.615049550785353 1.950092094657593 0
5164 0.8965866761711768 1.926655988777341 0
5165 0.8965690157934336 1.910754171677792 0
5166 0.199073668998403 1.941720933389832 0
5167 1.796737392983739 1.945179228097241 0
5168 2.820020536375067 1.984480552403973 0
5169 2.050684833237307 1.937197086987879 0
5170 1.790329680474666 1.957642296327926 0
5171 2.735310128669699 1.982686872930377 0
5172 0.6906427884088294 1.945637726880329 0
5173 0.5276712726878532 1.992449182297578 0
5174 0.2947833114306125 0.01718005277650143 0
5175 2.187173969812204 0.01576948652602346 0
5176 3.124729794797035 0.02418313310430978 0
5177 1.884198147669935 1.991864938608632 0
5178 3.094383188827883 0.1399072540812094 0
5179 1.359805307508381 0.006378546312258053 0
5180 0.5158966378159983 0.09599367000615622 0
5181 0.7661890034830484 0.01557806998674696 0
5182 2.306197732796984 0.007613944720872078 0
5183 2.081238899894654 0.006788650624781184 0
5184 0.7802013771015303 1.992300908067957 0
5185 1.841351001093078 1.946754358745152 0
5186 1.995393010380112 0.09287969562786175 0
5187 1.229081307946012 0.1453087046203021 0
5188 0.5922005842428028 0.3662687183651769 0
5189 2.053754323111122 1.98420457132108 0
5190 0.6869502350589761 0.01608438182419872 0
5191 0.9326114718440508 0.01562263136567234 0
5192 2.559625044755739 1.939270258146779 0
5193 0.4001612533955542 0.05470739333525607 0
5194 3.021169374394841 0.01741035704973289 0
5195 1.133420085319503 0.04323377907861357 0
5196 2.008914547604492 0.01692468504137021 0
5197 0.6475949654930406 1.68928731093008 0
5198 1.987047348178089 0.01536406234132503 0
5199 1.463956481967113 0.04756456419602877 0
5200 2.136949066490502 1.993927118643518 0
5201 1.049018526363379 0.006507512943061946 0
5202 2.719274362429084 1.983913019518921 0
5203 0.8433965102245059 1.984732846731859 0
5204 0.1272092691526315 0.02713351364476323 0
5205 1.993592281876556 1.921295818985834 0
5206 0.1321747428136454 1.948734514922167 0
5207 2.80163101035563 0.007056595173106207 0
5208 0.4835479670571737 1.948933192556194 0
5209 2.528466803799042 1.972246541974626 0
5210 1.737109464492208 0.07435552450618643 0
5211 2.671827219272041 0.06476224056763276 0
5212 2.941358561165167 1.983390592264201 0
5213 0.298200119958542 0.06692558582041012 0
5214 0.3105174279298274 0.07677073943856165 0
5215 2.680297099902807 0.107567702472895 0
5216 0.3860832011948709 0.007825421034764714 0
5217 1.441712207458748 0.2458882450649751 0
5218 2.384807882570655 1.983509868466738 0
5219 2.513132201123711 1.944295539758316 0
5220 2.020062552318697 0.01538337839851623 0
5221 0.1791182942105603 0.2626184239885425 0
5222 3.124813388850423 1.975130156324571 0
5223 0.2857061622150607 0.1050397265750123 0
5224 0.03835144958767289 1.789081941287132 0
5225 0.5041648920938654 0.05362122291117185 0
5226 0.7228061626820832 0.1119251300267909 0
5227 0.7250042300165221 0.1372670942343358 0
5228 2.12832868817802 0.007858995979315083 0
5229 0.634455649214461 1.914353184668558 0
5230 0.4052456906566692 1.993797877678913 0
5231 1.048680219027792 1.89328097187795 0
5232 2.59222572372849 1.952995798286951 0
5233 2.581601265277643 1.947498197043557 0
5234 2.676158710591285 1.983266201763208 0
5235 1.35642471021098 0.03412664714225337 0
5236 2.950918609429284 1.983644536834496 0
5237 1.853201091471533 1.961721851143997 0
5238 1.784437623225031 1.779600182227919 0
5239 1.439876728486105 1.968840735721057 0
5240 1.868950792687422 1.982937113271408 0
5241 0.7622218539406087 1.983451629323524 0
5242 0.8187061782761204 0.01713341930839577 0
5243 1.169339109078462 1.93175742029929 0
5244 0.1844556838066292 0.06812724249755506 0
5245 0.04777674495014884 1.886454422144519 0
5246 2.010465004732047 0.032298460383221 0
5247 0.07680293940813658 1.983684976122404 0
5248 1.002958877215092 0.1137834759989485 0
5249 0.9332528301185171 0.07557172905200013 0
5250 1.322632291072324 1.875149537393846 0
5251 0.300535428471896 0.05500920827806793 0
5252 2.417119843408329 0.00791125490910612 0
5253 0.4008442295304321 0.06760110099898248 0
5254 0.3865389495892115 0.07776247385331839 0
5255 1.668358969202609 1.937763711688764 0
5256 2.745063628611813 0.04869875702681401 0
5257 0.8018131000136497 0.4865094153639443 0
5258 0.7270661886438798 1.993680645155212 0
5259 0.2227645896728145 0.06342297008146561 0
5260 1.282274535161498 0.02246785216358934 0
5261 2.366593783114237 0.0172435470384575 0
5262 0.5659444289042063 1.97294909506608 0
5263 2.921115106944287 0.07359301123685344 0
5264 2.906551837572378 0.08182123331043958 0
5265 1.2091862019726 0.0459631818008699 0
5266 1.07931851751001 1.956377944240135 0
5267 2.312083842870239 1.868046362100784 0
5268 2.821482404337063 0.048927575941874 0
5269 1.742151417785784 1.940301028231821 0
5270 2.642814397830315 1.982450896087057 0
5271 0.7992744560350789 0.01551569969743086 0
5272 0.1506977652137485 0.01670183573800759 0
5273 0.4440413644660904 1.98448914287862 0
5274 1.185807933200089 1.727814066703769 0
5275 2.877111454807375 0.09207059951383925 0
5276 1.172333074537345 0.04490404241579044 0
5277 1.327141745484394 0.05982924034842309 0
5278 1.948455077078422 1.869365605446645 0
5279 1.210304185751042 0.01611642569036525 0
5280 0.7321528675379398 0.02833294539042445 0
5281 0.8426193553085117 0.04335285784336276 0
5282 2.471486404968612 1.949215198568303 0
5283 0.205527825699085 1.902505754238018 0
5284 3.068212405920778 1.956204064566285 0
5285 2.976931484464214 1.983227955754319 0
5286 2.85448591380349 0.03794549056274273 0
5287 0.8341525345752747 0.01676741655449442 0
5288 2.601653621972087 0.06212556501372143 0
5289 2.610128277581777 0.07428349284794117 0
5290 1.308587362966877 0.0156018427124149 0
5291 2.433786513305081 0.05479918114798554 0
5292 2.223105883820993 0.01740409611342402 0
5293 2.253645209951048 0.01555253140679505 0
5294 2.088231673622869 1.983570210940845 0
5295 0.8654749256818202 1.94984969008912 0
5296 2.160693071337259 1.755978979430384 0
5297 2.222671181212503 0.05594647446778286 0
5298 3.120661978925807 1.955903362349277 0
5299 0.9189937002193567 1.942492493795158 0
5300 0.6864906216660637 0.08937368739401159 0
5301 1.028478049903471 0.1084888874239934 0
5302 3.030499624229507 0.0160564505681375 0
5303 1.448165915020604 1.934927318070328 0
5304 0.4702453713605912 1.974913334348959 0
5305 1.512595828674811 0.05730662438345113 0
5306 1.8619734132612 1.96113288418807 0
5307 2.105844978778368 0.06245682550375961 0
5308 2.781229777775237 0.04797480717907684 0
5309 0.5711511648187858 0.07684352091831805 0
5310 1.804915897006394 0.06031099459848643 0
5311 0.7871653879842553 1.918283055001043 0
5312 1.417285567081826 0.0513752105292666 0
5313 0.8398277400604676 0.1482835986437886 0
5314 1.681368980090507 1.952671312503079 0
5315 1.042605707284746 1.861527690076995 0
5316 0.4673081249853979 1.954817599418412 0
5317 0.4720711679179468 1.944685747746112 0
5318 2.302463619314289 0.06391419486519687 0
5319 2.31894355362411 0.0659503102370966 0
5320 1.718649569523676 0.07838068012975613 0
5321 1.712810258567513 0.09804775388317835 0
5322 0.2087810138445437 0.0938745724411868 0
5323 0.8907152348285403 0.120635703133623 0
5324 1.548060285995268 0.0495046817423329 0
5325 0.4172743613491638 1.918143757980171 0
5326 2.651156237821934 1.902697684305445 0
5327 1.588449599685164 0.04710888583758536 0
5328 0.09676259469528332 0.04998621911232053 0
5329 0.1593824216227359 0.07406083430142706 0
5330 0.3635188287439959 1.982980807789616 0
5331 0.9975169402012336 1.960298223451818 0
5332 0.5381366475746442 0.006257357240149475 0
5333 0.9874762752470314 1.939595717703253 0
5334 2.869472424734284 0.006036498934575631 0
5335 0.6028750357499777 0.07517561094890758 0
5336 2.489820981065945 0.05830235984051712 0
5337 2.921090590600497 1.983114986199057 0
5338 2.683605692037609 1.945604266771424 0
5339 1.238973830914916 1.969533585381924 0
5340 0.381317874676591 0.1742732549576576 0
5341 3.047190209984357 0.006021069885778467 0
5342 2.045352783616005 0.04685211990082196 0
5343 1.28185254861751 1.921876990359922 0
5344 0.1619278603075837 1.957100961447458 0
5345 2.455012319470434 1.982660582955292 0
5346 0.3691154696198615 0.01630191492465313 0
5347 2.415016706513131 1.955011312634231 0
5348 0.8642977475437218 1.969654523779863 0
5349 3.060632282207366 0.1988636367778927 0
5350 3.056407445542924 0.2464065893177078 0
5351 1.600140578303461 0.05084637042900395 0
5352 1.580913924661839 0.1682016821766831 0
5353 2.531783450314263 0.01566909587326272 0
5354 2.503243540492669 0.005948185874610233 0
5355 1.642566201937676 0.06984186375658982 0
5356 1.490581344786756 0.0512088486858913 0
5357 2.273323231955203 1.963799402378625 0
5358 2.441366541257148 0.01543586624410935 0
5359 0.5459172644793955 1.8611079377999 0
5360 2.677076613899112 0.03064033894499389 0
5361 2.754567654868126 0.08518179532968664 0
5362 2.533226264862417 1.952577660518691 0
5363 1.85456974028132 0.01556018693834221 0
5364 0.3932979547415835 1.93810782759673 0
5365 0.01639315394039422 1.974985368798599 0
5366 2.616526095276855 0.2384915217640112 0
5367 0.3600311261646142 0.09612353546994203 0
5368 3.011438653489726 0.05868909384620372 0
5369 1.931560886212035 1.975948813740652 0
5370 2.893717641210639 1.979198733109938 0
5371 1.705529355426572 1.950228401870771 0
5372 2.401707411739444 0.06285919177180595 0
5373 1.895519715959428 0.03865081551904344 0
5374 1.62896265515264 1.94918992887811 0
5375 2.830695701422127 0.1489641738751829 0
5376 0.5326789906430407 1.983613111920608 0
5377 2.77854921772727 0.02804878779794451 0
5378 2.475744030739378 0.01464721010940531 0
5379 1.370242632465245 1.98304658920865 0
5380 2.319842242607375 0.0152671557648043 0
5381 0.5708372177938013 1.921658457711961 0
5382 1.350155742499286 0.02915052839821693 0
5383 0.7492931934520427 1.994013966378168 0
5384 1.307433754909958 0.04888245013290476 0
5385 0.1549397366076034 1.937623678863822 0
5386 1.883834378291869 0.05446826652974145 0
5387 1.510954024439752 1.92725928635685 0
5388 2.888839613175383 1.970536810276587 0
5389 0.8431027753467997 0.02785488928457021 0
5390 2.604974669515556 1.963748061453471 0
5391 2.176848952406096 1.952254779196351 0
5392 2.266200193337502 0.02138661568484052 0
5393 1.003421036257655 1.950967344845715 0
5394 1.235824529929433 0.7467763759811457 0
5395 1.689819448495757 0.09604272359271644 0
5396 1.67676925551824 0.113942776526764 0
5397 2.091816829460661 1.930270916271379 0
5398 2.082641769715123 1.913618945651579 0
5399 1.963937402553329 0.1747493345485576 0
5400 1.271183503273475 0.04966841162612046 0
5401 0.2346464200864438 0.07565519678330271 0
5402 1.048884513285345 0.7248857592625414 0
5403 0.4659868418520224 0.07856815037384968 0
5404 2.93707165759462 1.905291507618889 0
5405 2.459875331540043 1.963313220588245 0
5406 1.777475937641446 1.953830141177917 0
5407 0.2313546039087942 1.89320374380085 0
5408 0.8777873940396221 0.01545568136236042 0
5409 0.8614870766751815 0.09478816751308096 0
5410 2.148680933236727 0.04326576732565383 0
5411 1.881103588777982 1.848365519509703 0
5412 1.91431764812802 1.854515402702489 0
5413 1.113662733831439 1.958403316412552 0
5414 2.643479989952432 1.946710356344729 0
5415 0.7385895501728859 1.98176986516736 0
5416 0.4980276746896486 0.08500680780648912 0
5417 2.760065698795832 1.947584577544355 0
5418 1.566025812945677 1.930936433963212 0
5419 2.342112164650862 1.865021254548734 0
5420 2.362023664770144 1.967397012257213 0
5421 0.1247881625155067 1.983255386384311 0
5422 1.505235957818513 0.1850043230320886 0
5423 1.357320446040282 1.910749369008287 0
5424 1.776716514378831 0.04599490131116477 0
5425 1.265239984053985 0.6273135218763628 0
5426 1.582769856644527 1.946199891369123 0
5427 1.86649898577092 1.974940119543467 0
5428 2.243489526869487 1.955575542688565 0
5429 0.7071363702226107 1.901271388098177 0
5430 0.4218225301635215 0.2352813911956528 0
5431 1.021939204961371 1.949490223446 0
5432 0.8681777280346443 0.1149652599957508 0
5433 2.749948698531506 1.940366082254074 0
5434 2.053819648374636 0.01666095165503129 0
5435 2.140282831165612 1.928891263923048 0
5436 0.6268356260624843 0.01659326654412717 0
5437 2.926420358919274 1.974015481579603 0
5438 2.847792404554142 0.0062900868630044 0
5439 2.934912709672387 1.698899140782565 0
5440 1.540324196542363 1.92546636933642 0
5441 2.980437415557873 0.006573600089054156 0
5442 1.900609110460658 0.04574912808619049 0
5443 1.955269973641983 0.04154074351347467 0
5444 2.624702357954765 1.880998469761665 0
5445 1.084939949509783 0.04184236398688424 0
5446 0.498322830966991 1.984104900418386 0
5447 1.20125967288845 0.1748048599938575 0
5448 1.221131000446245 0.2160811235809285 0
5449 1.197627440706774 0.01659948984005568 0
5450 1.284262030035789 0.05124849982082539 0
5451 2.022441293757273 0.007594534466646657 0
5452 1.420965339808444 1.956481724363146 0
5453 2.119131157254188 0.06809234089655035 0
5454 2.240041364842783 1.963785030414807 0
5455 1.086208654609882 1.808062764260418 0
5456 2.963770380307721 1.98461922961089 0
5457 2.073504316184176 1.983171257660957 0
5458 0.1185811794115661 0.05484176476742442 0
5459 0.9379208764414775 0.143547429558505 0
5460 0.9473891189554279 0.1749366081792164 0
$EndNodes
$Elements
10918
1 1 2 3 1 1 5
2 1 2 3 1 5 6
3 1 2 3 1 6 7
4 1 2 3 1 7 8
5 1 2 3 1 8 9
6 1 2 3 1 9 10
7 1 2 3 1 10 11
8 1 2 3 1 11 12
9 1 2 3 1 12 13
10 1 2 3 1 13 14
11 1 2 3 1 14 15
12 1 2 3 1 15 16
13 1 2 3 1 16 17
14 1 2 3 1 17 18
15 1 2 3 1 18 19
16 1 2 3 1 19 20
17 1 2 3 1 20 21
18 1 2 3 1 21 22
19 1 2 3 1 22 23
20 1 2 3 1 23 24
21 1 2 3 1 24 25
22 1 2 3 1 25 26
23 1 2 3 1 26 27
24 1 2 3 1 27 28
25 1 2 3 1 28 29
26 1 2 3 1 29 30
27 1 2 3 1 30 31
28 1 2 3 1 31 32
29 1 2 3 1 32 33
30 1 2 3 1 33 34
31 1 2 3 1 34 35
32 1 2 3 1 35 36
33 1 2 3 1 36 37
34 1 2 3 1 37 38
35 1 2 3 1 38 39
36 1 2 3 1 39 40
37 1 2 3 1 40 41
38 1 2 3 1 41 42
39 1 2 3 1 42 43
40 1 2 3 1 43 44
41 1 2 3 1 44 45
42 1 2 3 1 45 46
43 1 2 3 1 46 47
44 1 2 3 1 47 48
45 1 2 3 1 48 49
46 1 2 3 1 49 50
47 1 2 3 1 50 51
48 1 2 3 1 51 52
49 1 2 3 1 52 53
50 1 2 3 1 53 54
51 1 2 3 1 54 55
52 1 2 3 1 55 56
53 1 2 3 1 56 57
54 1 2 3 1 57 58
55 1 2 3 1 58 59
56 1 2 3 1 59 60
57 1 2 3 1 60 61
58 1 2 3 1 61 62
59 1 2 3 1 62 63
60 1 2 3 1 63 64
61 1 2 3 1 64 65
62 1 2 3 1 65 66
63 1 2 3 1 66 67
64 1 2 3 1 67 68
65 1 2 3 1 68 69
66 1 2 3 1 69 70
67 1 2 3 1 70 71
68 1 2 3 1 71 72
69 1 2 3 1 72 73
70 1 2 3 1 73 74
71 1 2 3 1 74 75
72 1 2 3 1 75 76
73 1 2 3 1 76 77
74 1 2 3 1 77 78
75 1 2 3 1 78 79
76 1 2 3 1 79 80
77 1 2 3 1 80 81
78 1 2 3 1 81 82
79 1 2 3 1 82 83
80 1 2 3 1 83 84
81 1 2 3 1 84 85
82 1 2 3 1 85 86
83 1 2 3 1 86 87
84 1 2 3 1 87 88
85 1 2 3 1 88 89
86 1 2 3 1 89 90
87 1 2 3 1 90 91
88 1 2 3 1 91 92
89 1 2 3 1 92 93
90 1 2 3 1 93 94
91 1 2 3 1 94 95
92 1 2 3 1 95 96
93 1 2 3 1 96 97
94 1 2 3 1 97 98
95 1 2 3 1 98 99
96 1 2 3 1 99 100
97 1 2 3 1 100 101
98 1 2 3 1 101 102
99 1 2 3 1 102 103
100 1 2 3 1 103 104
101 1 2 3 1 104 105
102 1 2 3 1 105 106
103 1 2 3 1 106 107
104 1 2 3 1 107 108
105 1 2 3 1 108 109
106 1 2 3 1 109 110
107 1 2 3 1 110 111
108 1 2 3 1 111 112
109 1 2 3 1 112 113
110 1 2 3 1 113 114
111 1 2 3 1 114 115
112 1 2 3 1 115 116
113 1 2 3 1 116 117
114 1 2 3 1 117 118
115 1 2 3 1 118 119
116 1 2 3 1 119 120
117 1 2 3 1 120 121
118 1 2 3 1 121 122
119 1 2 3 1 122 123
120 1 2 3 1 123 124
121 1 2 3 1 124 125
122 1 2 3 1 125 126
123 1 2 3 1 126 127
124 1 2 3 1 127 128
125 1 2 3 1 128 129
126 1 2 3 1 129 130
127 1 2 3 1 130 131
128 1 2 3 1 131 132
129 1 2 3 1 132 133
130 1 2 3 1 133 134
131 1 2 3 1 134 135
132 1 2 3 1 135 136
133 1 2 3 1 136 137
134 1 2 3 1 137 138
135 1 2 3 1 138 139
136 1 2 3 1 139 140
137 1 2 3 1 140 141
138 1 2 3 1 141 142
139 1 2 3 1 142 143
140 1 2 3 1 143 144
141 1 2 3 1 144 145
142 1 2 3 1 145 146
143 1 2 3 1 146 147
144 1 2 3 1 147 148
145 1 2 3 1 148 149
146 1 2 3 1 149 150
147 1 2 3 1 150 151
148 1 2 3 1 151 152
149 1 2 3 1 152 153
150 1 2 3 1 153 154
151 1 2 3 1 154 155
152 1 2 3 1 155 156
153 1 2 3 1 156 157
154 1 2 3 1 157 158
155 1 2 3 1 158 159
156 1 2 3 1 159 160
157 1 2 3 1 160 161
158 1 2 3 1 161 162
159 1 2 3 1 162 163
160 1 2 3 1 163 164
161 1 2 3 1 164 165
162 1 2 3 1 165 166
163 1 2 3 1 166 167
164 1 2 3 1 167 168
165 1 2 3 1 168 169
166 1 2 3 1 169 170
167 1 2 3 1 170 171
168 1 2 3 1 171 172
169 1 2 3 1 172 173
170 1 2 3 1 173 174
171 1 2 3 1 174 175
172 1 2 3 1 175 176
173 1 2 3 1 176 177
174 1 2 3 1 177 178
175 1 2 3 1 178 179
176 1 2 3 1 179 180
177 1 2 3 1 180 181
178 1 2 3 1 181 182
179 1 2 3 1 182 183
180 1 2 3 1 183 184
181 1 2 3 1 184 185
182 1 2 3 1 185 186
183 1 2 3 1 186 187
184 1 2 3 1 187 188
185 1 2 3 1 188 189
186 1 2 3 1 189 190
187 1 2 3 1 190 191
188 1 2 3 1 191 192
189 1 2 3 1 192 193
190 1 2 3 1 193 194
191 1 2 3 1 194 195
192 1 2 3 1 195 196
193 1 2 3 1 196 197
194 1 2 3 1 197 198
195 1 2 3 1 198 199
196 1 2 3 1 199 200
197 1 2 3 1 200 201
198 1 2 3 1 201 202
199 1 2 3 1 202 203
200 1 2 3 1 203 204
201 1 2 3 1 204 205
202 1 2 3 1 205 206
203 1 2 3 1 206 207
204 1 2 3 1 207 208
205 1 2 3 1 208 209
206 1 2 3 1 209 210
207 1 2 3 1 210 211
208 1 2 3 1 211 212
209 1 2 3 1 212 213
210 1 2 3 1 213 214
211 1 2 3 1 214 215
212 1 2 3 1 215 216
213 1 2 3 1 216 217
214 1 2 3 1 217 218
215 1 2 3 1 218 219
216 1 2 3 1 219 220
217 1 2 3 1 220 221
218 1 2 3 1 221 222
219 1 2 3 1 222 223
220 1 2 3 1 223 224
221 1 2 3 1 224 225
222 1 2 3 1 225 226
223 1 2 3 1 226 227
224 1 2 3 1 227 228
225 1 2 3 1 228 229
226 1 2 3 1 229 230
227 1 2 3 1 230 231
228 1 2 3 1 231 232
229 1 2 3 1 232 233
230 1 2 3 1 233 234
231 1 2 3 1 234 235
232 1 2 3 1 235 236
233 1 2 3 1 236 237
234 1 2 3 1 237 238
235 1 2 3 1 238 239
236 1 2 3 1 239 240
237 1 2 3 1 240 241
238 1 2 3 1 241 242
239 1 2 3 1 242 243
240 1 2 3 1 243 244
241 1 2 3 1 244 245
242 1 2 3 1 245 246
243 1 2 3 1 246 247
244 1 2 3 1 247 248
245 1 2 3 1 248 249
246 1 2 3 1 249 250
247 1 2 3 1 250 251
248 1 2 3 1 251 252
249 1 2 3 1 252 253
250 1 2 3 1 253 254
251 1 2 3 1 254 255
252 1 2 3 1 255 256
253 1 2 3 1 256 257
254 1 2 3 1 257 258
255 1 2 3 1 258 259
256 1 2 3 1 259 260
257 1 2 3 1 260 261
258 1 2 3 1 261 262
259 1 2 3 1 262 263
260 1 2 3 1 263 264
261 1 2 3 1 264 265
262 1 2 3 1 265 266
263 1 2 3 1 266 267
264 1 2 3 1 267 268
265 1 2 3 1 268 269
266 1 2 3 1 269 270
267 1 2 3 1 270 271
268 1 2 3 1 271 272
269 1 2 3 1 272 273
270 1 2 3 1 273 274
271 1 2 3 1 274 275
272 1 2 3 1 275 276
273 1 2 3 1 276 277
274 1 2 3 1 277 278
275 1 2 3 1 278 279
276 1 2 3 1 279 280
277 1 2 3 1 280 281
278 1 2 3 1 281 282
279 1 2 3 1 282 283
280 1 2 3 1 283 284
281 1 2 3 1 284 285
282 1 2 3 1 285 286
283 1 2 3 1 286 2
284 1 2 2 2 2 287
285 1 2 2 2 287 288
286 1 2 2 2 288 289
287 1 2 2 2 289 290
288 1 2 2 2 290 291
289 1 2 2 2 291 292
290 1 2 2 2 292 293
291 1 2 2 2 293 294
292 1 2 2 2 294 295
293 1 2 2 2 295 296
294 1 2 2 2 296 297
295 1 2 2 2 297 298
296 1 2 2 2 298 299
297 1 2 2 2 299 300
298 1 2 2 2 300 301
299 1 2 2 2 301 302
300 1 2 2 2 302 303
301 1 2 2 2 303 304
302 1 2 2 2 304 305
303 1 2 2 2 305 306
304 1 2 2 2 306 307
305 1 2 2 2 307 308
306 1 2 2 2 308 309
307 1 2 2 2 309 310
308 1 2 2 2 310 311
309 1 2 2 2 311 312
310 1 2 2 2 312 313
311 1 2 2 2 313 314
312 1 2 2 2 314 315
313 1 2 2 2 315 316
314 1 2 2 2 316 317
315 1 2 2 2 317 318
316 1 2 2 2 318 319
317 1 2 2 2 319 320
318 1 2 2 2 320 321
319 1 2 2 2 321 322
320 1 2 2 2 322 3
321 1 2 4 3 3 323
322 1 2 4 3 323 324
323 1 2 4 3 324 325
324 1 2 4 3 325 326
325 1 2 4 3 326 327
326 1 2 4 3 327 328
327 1 2 4 3 328 329
328 1 2 4 3 329 330
329 1 2 4 3 330 331
330 1 2 4 3 331 332
331 1 2 4 3 332 333
332 1 2 4 3 333 334
333 1 2 4 3 334 335
334 1 2 4 3 335 336
335 1 2 4 3 336 337
336 1 2 4 3 337 338
337 1 2 4 3 338 339
338 1 2 4 3 339 340
339 1 2 4 3 340 341
340 1 2 4 3 341 342
341 1 2 4 3 342 343
342 1 2 4 3 343 344
343 1 2 4 3 344 345
344 1 2 4 3 345 346
345 1 2 4 3 346 347
346 1 2 4 3 347 348
347 1 2 4 3 348 349
348 1 2 4 3 349 350
349 1 2 4 3 350 351
350 1 2 4 3 351 352
351 1 2 4 3 352 353
352 1 2 4 3 353 354
353 1 2 4 3 354 355
354 1 2 4 3 355 356
355 1 2 4 3 356 357
356 1 2 4 3 357 358
357 1 2 4 3 358 359
358 1 2 4 3 359 360
359 1 2 4 3 360 361
360 1 2 4 3 361 362
361 1 2 4 3 362 363
362 1 2 4 3 363 364
363 1 2 4 3 364 365
364 1 2 4 3 365 366
365 1 2 4 3 366 367
366 1 2 4 3 367 368
367 1 2 4 3 368 369
368 1 2 4 3 369 370
369 1 2 4 3 370 371
370 1 2 4 3 371 372
371 1 2 4 3 372 373
372 1 2 4 3 373 374
373 1 2 4 3 374 375
374 1 2 4 3 375 376
375 1 2 4 3 376 377
376 1 2 4 3 377 378
377 1 2 4 3 378 379
378 1 2 4 3 379 380
379 1 2 4 3 380 381
380 1 2 4 3 381 382
381 1 2 4 3 382 383
382 1 2 4 3 383 384
383 1 2 4 3 384 385
384 1 2 4 3 385 386
385 1 2 4 3 386 387
386 1 2 4 3 387 388
387 1 2 4 3 388 389
388 1 2 4 3 389 390
389 1 2 4 3 390 391
390 1 2 4 3 391 392
391 1 2 4 3 392 393
392 1 2 4 3 393 394
393 1 2 4 3 394 395
394 1 2 4 3 395 396
395 1 2 4 3 396 397
396 1 2 4 3 397 398
397 1 2 4 3 398 399
398 1 2 4 3 399 400
399 1 2 4 3 400 401
400 1 2 4 3 401 402
401 1 2 4 3 402 403
402 1 2 4 3 403 404
403 1 2 4 3 404 405
404 1 2 4 3 405 406
405 1 2 4 3 406 407
406 1 2 4 3 407 408
407 1 2 4 3 408 409
408 1 2 4 3 409 410
409 1 2 4 3 410 411
410 1 2 4 3 411 412
411 1 2 4 3 412 413
412 1 2 4 3 413 414
413 1 2 4 3 414 415
414 1 2 4 3 415 416
415 1 2 4 3 416 417
416 1 2 4 3 417 418
417 1 2 4 3 418 419
418 1 2 4 3 419 420
419 1 2 4 3 420 421
420 1 2 4 3 421 422
421 1 2 4 3 422 423
422 1 2 4 3 423 424
423 1 2 4 3 424 425
424 1 2 4 3 425 426
425 1 2 4 3 426 427
426 1 2 4 3 427 428
427 1 2 4 3 428 429
428 1 2 4 3 429 430
429 1 2 4 3 430 431
430 1 2 4 3 431 432
431 1 2 4 3 432 433
432 1 2 4 3 433 434
433 1 2 4 3 434 435
434 1 2 4 3 435 436
435 1 2 4 3 436 437
436 1 2 4 3 437 438
437 1 2 4 3 438 439
438 1 2 4 3 439 440
439 1 2 4 3 440 441
440 1 2 4 3 441 442
441 1 2 4 3 442 443
442 1 2 4 3 443 444
443 1 2 4 3 444 445
444 1 2 4 3 445 446
445 1 2 4 3 446 447
446 1 2 4 3 447 448
447 1 2 4 3 448 449
448 1 2 4 3 449 450
449 1 2 4 3 450 451
450 1 2 4 3 451 452
451 1 2 4 3 452 453
452 1 2 4 3 453 454
453 1 2 4 3 454 455
454 1 2 4 3 455 456
455 1 2 4 3 456 457
456 1 2 4 3 457 458
457 1 2 4 3 458 459
458 1 2 4 3 459 460
459 1 2 4 3 460 461
460 1 2 4 3 461 462
461 1 2 4 3 462 463
462 1 2 4 3 463 464
463 1 2 4 3 464 465
464 1 2 4 3 465 466
465 1 2 4 3 466 467
466 1 2 4 3 467 468
467 1 2 4 3 468 469
468 1 2 4 3 469 470
469 1 2 4 3 470 471
470 1 2 4 3 471 472
471 1 2 4 3 472 473
472 1 2 4 3 473 474
473 1 2 4 3 474 475
474 1 2 4 3 475 476
475 1 2 4 3 476 477
476 1 2 4 3 477 478
477 1 2 4 3 478 479
478 1 2 4 3 479 480
479 1 2 4 3 480 481
480 1 2 4 3 481 482
481 1 2 4 3 482 483
482 1 2 4 3 483 484
483 1 2 4 3 484 485
484 1 2 4 3 485 486
485 1 2 4 3 486 487
486 1 2 4 3 487 488
487 1 2 4 3 488 489
488 1 2 4 3 489 490
489 1 2 4 3 490 491
490 1 2 4 3 491 492
491 1 2 4 3 492 493
492 1 2 4 3 493 494
493 1 2 4 3 494 495
494 1 2 4 3 495 496
495 1 2 4 3 496 497
496 1 2 4 3 497 498
497 1 2 4 3 498 499
498 1 2 4 3 499 500
499 1 2 4 3 500 501
500 1 2 4 3 501 502
501 1 2 4 3 502 503
502 1 2 4 3 503 504
503 1 2 4 3 504 505
504 1 2 4 3 505 506
505 1 2 4 3 506 507
506 1 2 4 3 507 508
507 1 2 4 3 508 509
508 1 2 4 3 509 510
509 1 2 4 3 510 511
510 1 2 4 3 511 512
511 1 2 4 3 512 513
512 1 2 4 3 513 514
513 1 2 4 3 514 515
514 1 2 4 3 515 516
515 1 2 4 3 516 517
516 1 2 4 3 517 518
517 1 2 4 3 518 519
518 1 2 4 3 519 520
519 1 2 4 3 520 521
520 1 2 4 3 521 522
521 1 2 4 3 522 523
522 1 2 4 3 523 524
523 1 2 4 3 524 525
524 1 2 4 3 525 526
525 1 2 4 3 526 527
526 1 2 4 3 527 528
527 1 2 4 3 528 529
528 1 2 4 3 529 530
529 1 2 4 3 530 531
530 1 2 4 3 531 532
531 1 2 4 3 532 533
532 1 2 4 3 533 534
533 1 2 4 3 534 535
534 1 2 4 3 535 536
535 1 2 4 3 536 537
536 1 2 4 3 537 538
537 1 2 4 3 538 539
538 1 2 4 3 539 540
539 1 2 4 3 540 541
540 1 2 4 3 541 542
541 1 2 4 3 542 543
542 1 2 4 3 543 544
543 1 2 4 3 544 545
544 1 2 4 3 545 546
545 1 2 4 3 546 547
546 1 2 4 3 547 548
547 1 2 4 3 548 549
548 1 2 4 3 549 550
549 1 2 4 3 550 551
550 1 2 4 3 551 552
551 1 2 4 3 552 553
552 1 2 4 3 553 554
553 1 2 4 3 554 555
554 1 2 4 3 555 556
555 1 2 4 3 556 557
556 1 2 4 3 557 558
557 1 2 4 3 558 559
558 1 2 4 3 559 560
559 1 2 4 3 560 561
560 1 2 4 3 561 562
561 1 2 4 3 562 563
562 1 2 4 3 563 564
563 1 2 4 3 564 565
564 1 2 4 3 565 566
565 1 2 4 3 566 567
566 1 2 4 3 567 568
567 1 2 4 3 568 569
568 1 2 4 3 569 570
569 1 2 4 3 570 571
570 1 2 4 3 571 572
571 1 2 4 3 572 573
572 1 2 4 3 573 574
573 1 2 4 3 574 575
574 1 2 4 3 575 576
575 1 2 4 3 576 577
576 1 2 4 3 577 578
577 1 2 4 3 578 579
578 1 2 4 3 579 580
579 1 2 4 3 580 581
580 1 2 4 3 581 582
581 1 2 4 3 582 583
582 1 2 4 3 583 584
583 1 2 4 3 584 585
584 1 2 4 3 585 586
585 1 2 4 3 586 587
586 1 2 4 3 587 588
587 1 2 4 3 588 589
588 1 2 4 3 589 590
589 1 2 4 3 590 591
590 1 2 4 3 591 592
591 1 2 4 3 592 593
592 1 2 4 3 593 594
593 1 2 4 3 594 595
594 1 2 4 3 595 596
595 1 2 4 3 596 597
596 1 2 4 3 597 598
597 1 2 4 3 598 599
598 1 2 4 3 599 600
599 1 2 4 3 600 601
600 1 2 4 3 601 602
601 1 2 4 3 602 603
602 1 2 4 3 603 604
603 1 2 4 3 604 4
604 1 2 1 4 4 605
605 1 2 1 4 605 606
606 1 2 1 4 606 607
607 1 2 1 4 607 608
608 1 2 1 4 608 609
609 1 2 1 4 609 610
610 1 2 1 4 610 611
611 1 2 1 4 611 612
612 1 2 1 4 612 613
613 1 2 1 4 613 614
614 1 2 1 4 614 615
615 1 2 1 4 615 616
616 1 2 1 4 616 617
617 1 2 1 4 617 618
618 1 2 1 4 618 619
619 1 2 1 4 619 620
620 1 2 1 4 620 621
621 1 2 1 4 621 622
622 1 2 1 4 622 623
623 1 2 1 4 623 624
624 1 2 1 4 624 625
625 1 2 1 4 625 626
626 1 2 1 4 626 627
627 1 2 1 4 627 628
628 1 2 1 4 628 629
629 1 2 1 4 629 630
630 1 2 1 4 630 631
631 1 2 1 4 631 632
632 1 2 1 4 632 633
633 1 2 1 4 633 634
634 1 2 1 4 634 635
635 1 2 1 4 635 636
636 1 2 1 4 636 637
637 1 2 1 4 637 638
638 1 2 1 4 638 639
639 1 2 1 4 639 640
640 1 2 1 4 640 1
641 2 2 5 1 1422 1421 4869
642 2 2 5 1 2596 2597 3341
643 2 2 5 1 4179 2107 4436
644 2 2 5 1 1642 2017 2018
645 2 2 5 1 1268 1269 1316
646 2 2 5 1 3985 3963 4053
647 2 2 5 1 3761 4000 4376
648 2 2 5 1 3698 2073 3700
649 2 2 5 1 2060 1721 2061
650 2 2 5 1 2276 1646 2833
651 2 2 5 1 1762 1775 2265
652 2 2 5 1 2966 4241 5146
653 2 2 5 1 2794 861 3844
654 2 2 5 1 2265 1775 2949
655 2 2 5 1 2233 4101 4658
656 2 2 5 1 133 134 3147
657 2 2 5 1 1471 1467 5319
658 2 2 5 1 2013 1552 4189
659 2 2 5 1 1329 2069 4223
660 2 2 5 1 1601 1600 5286
661 2 2 5 1 1926 3422 4801
662 2 2 5 1 2882 855 3099
663 2 2 5 1 2161 2082 4845
664 2 2 5 1 747 2963 2964
665 2 2 5 1 1144 1157 5412
666 2 2 5 1 1198 2184 2490
667 2 2 5 1 1552 2013 4937
668 2 2 5 1 1351 1352 2905
669 2 2 5 1 2108 1719 2109
670 2 2 5 1 1182 1216 1220
671 2 2 5 1 1199 1224 1249
672 2 2 5 1 3329 350 5142
673 2 2 5 1 1556 1555 1655
674 2 2 5 1 2509 4203 4204
675 2 2 5 1 2505 2402 3070
676 2 2 5 1 1180 1206 1262
677 2 2 5 1 1147 1168 1218
678 2 2 5 1 683 259 3073
679 2 2 5 1 1508 1511 2314
680 2 2 5 1 1701 1702 2872
681 2 2 5 1 1549 2136 2137
682 2 2 5 1 2980 2045 3484
683 2 2 5 1 641 4127 4468
684 2 2 5 1 1319 1320 1351
685 2 2 5 1 2056 1744 2057
686 2 2 5 1 2912 2112 4410
687 2 2 5 1 738 2902 3657
688 2 2 5 1 2826 719 3322
689 2 2 5 1 4329 3284 4764
690 2 2 5 1 1526 1524 1528
691 2 2 5 1 1467 1463 1470
692 2 2 5 1 3293 3245 4543
693 2 2 5 1 1824 1321 1825
694 2 2 5 1 1679 1677 4826
695 2 2 5 1 2096 4494 4572
696 2 2 5 1 2082 1373 2595
697 2 2 5 1 2325 3704 4618
698 2 2 5 1 2338 2427 3486
699 2 2 5 1 3907 2585 4627
700 2 2 5 1 1676 2253 4539
701 2 2 5 1 1643 1644 1880
702 2 2 5 1 1599 1473 2545
703 2 2 5 1 3145 767 3991
704 2 2 5 1 3995 1582 4533
705 2 2 5 1 1177 2910 3333
706 2 2 5 1 1381 1380 1643
707 2 2 5 1 1597 1545 2042
708 2 2 5 1 1468 1457 1472
709 2 2 5 1 4390 3486 5199
710 2 2 5 1 3242 3245 3293
711 2 2 5 1 2163 2161 2168
712 2 2 5 1 2857 683 3073
713 2 2 5 1 2295 3995 4480
714 2 2 5 1 1219 4544 4825
715 2 2 5 1 2402 2403 3070
716 2 2 5 1 4098 2776 4409
717 2 2 5 1 717 2873 4479
718 2 2 5 1 1368 1369 1372
719 2 2 5 1 3124 3181 4970
720 2 2 5 1 3882 2520 5374
721 2 2 5 1 3701 2318 4404
722 2 2 5 1 1168 1203 2012
723 2 2 5 1 1136 1130 2089
724 2 2 5 1 1335 1165 2316
725 2 2 5 1 2775 4126 4353
726 2 2 5 1 2064 1745 2065
727 2 2 5 1 349 350 3329
728 2 2 5 1 2105 1726 4565
729 2 2 5 1 1371 2272 4757
730 2 2 5 1 1155 1182 1836
731 2 2 5 1 2666 2216 2782
732 2 2 5 1 1242 1243 1274
733 2 2 5 1 2188 2186 4240
734 2 2 5 1 1610 2783 4992
735 2 2 5 1 3105 3320 3355
736 2 2 5 1 2347 2348 2357
737 2 2 5 1 1216 1233 2632
738 2 2 5 1 259 260 3073
739 2 2 5 1 4044 2115 4794
740 2 2 5 1 1529 1526 2302
741 2 2 5 1 1141 1127 2183
742 2 2 5 1 1597 2042 2043
743 2 2 5 1 1765 1610 4992
744 2 2 5 1 2014 3140 3141
745 2 2 5 1 1453 1448 2146
746 2 2 5 1 2326 4144 4619
747 2 2 5 1 861 2794 4070
748 2 2 5 1 134 696 3147
749 2 2 5 1 4126 860 4353
750 2 2 5 1 3285 1263 4857
751 2 2 5 1 2933 746 2934
752 2 2 5 1 836 3340 3414
753 2 2 5 1 1390 1392 5418
754 2 2 5 1 2546 2881 2949
755 2 2 5 1 1702 1720 4762
756 2 2 5 1 2347 2357 2358
757 2 2 5 1 2619 2845 4597
758 2 2 5 1 3174 4120 4613
759 2 2 5 1 2428 2352 2484
760 2 2 5 1 2186 2190 4240
761 2 2 5 1 2841 785 3915
762 2 2 5 1 2878 806 3305
763 2 2 5 1 1907 1295 5010
764 2 2 5 1 2626 3653 4188
765 2 2 5 1 1590 1588 2651
766 2 2 5 1 1643 1380 1644
767 2 2 5 1 2188 3353 5325
768 2 2 5 1 1329 1331 2069
769 2 2 5 1 3766 2922 3942
770 2 2 5 1 2211 2216 2666
771 2 2 5 1 1546 1545 1597
772 2 2 5 1 2358 2357 3129
773 2 2 5 1 3353 2188 4467
774 2 2 5 1 1524 1466 1981
775 2 2 5 1 1592 1590 1593
776 2 2 5 1 1430 2118 4547
777 2 2 5 1 1745 2889 4692
778 2 2 5 1 1192 1193 5460
779 2 2 5 1 2048 1357 2618
780 2 2 5 1 2896 891 3916
781 2 2 5 1 1467 1470 5319
782 2 2 5 1 1244 1874 5074
783 2 2 5 1 1724 1726 2105
784 2 2 5 1 3270 3250 4602
785 2 2 5 1 1655 1555 1656
786 2 2 5 1 2117 1097 4642
787 2 2 5 1 4154 4155 4420
788 2 2 5 1 4028 4134 5060
789 2 2 5 1 1267 1506 1968
790 2 2 5 1 2195 2197 2209
791 2 2 5 1 2335 2333 3043
792 2 2 5 1 2145 1627 4579
793 2 2 5 1 1655 2088 2883
794 2 2 5 1 797 2859 2860
795 2 2 5 1 1454 1440 1652
796 2 2 5 1 2314 1511 4697
797 2 2 5 1 2580 2583 2900
798 2 2 5 1 2517 2516 3869
799 2 2 5 1 1860 3358 3364
800 2 2 5 1 4438 3464 5092
801 2 2 5 1 1262 1206 4548
802 2 2 5 1 2649 4320 4636
803 2 2 5 1 2883 2088 2884
804 2 2 5 1 1331 1347 1475
805 2 2 5 1 2135 3421 4256
806 2 2 5 1 2303 2305 2306
807 2 2 5 1 1163 1191 1972
808 2 2 5 1 3984 3985 4053
809 2 2 5 1 2522 2524 2819
810 2 2 5 1 683 2857 4704
811 2 2 5 1 809 4179 4436
812 2 2 5 1 2812 2811 4223
813 2 2 5 1 1592 1593 1594
814 2 2 5 1 2197 2213 2275
815 2 2 5 1 1720 2931 2948
816 2 2 5 1 1115 1134 1167
817 2 2 5 1 3247 3250 3270
818 2 2 5 1 1628 1625 5243
819 2 2 5 1 1476 1520 2955
820 2 2 5 1 1875 4754 5026
821 2 2 5 1 1130 1046 1169
822 2 2 5 1 1513 3464 4438
823 2 2 5 1 381 382 3347
824 2 2 5 1 1181 1158 3141
825 2 2 5 1 865 2959 3159
826 2 2 5 1 2338 2341 2427
827 2 2 5 1 2419 2422 2816
828 2 2 5 1 3248 3233 3288
829 2 2 5 1 1624 1627 2145
830 2 2 5 1 1227 1252 1906
831 2 2 5 1 1344 1341 2093
832 2 2 5 1 1430 1428 2118
833 2 2 5 1 2840 3487 3505
834 2 2 5 1 1585 3011 4795
835 2 2 5 1 1224 1250 4716
836 2 2 5 1 1650 4612 4914
837 2 2 5 1 1151 1188 3351
838 2 2 5 1 2598 1785 2599
839 2 2 5 1 2163 2168 2177
840 2 2 5 1 2183 1127 3085
841 2 2 5 1 1610 1612 2783
842 2 2 5 1 2194 2190 5317
843 2 2 5 1 4150 2022 5170
844 2 2 5 1 1762 1599 1775
845 2 2 5 1 811 3072 3397
846 2 2 5 1 1946 1941 3328
847 2 2 5 1 1540 1536 2135
848 2 2 5 1 331 743 3148
849 2 2 5 1 1600 2067 2068
850 2 2 5 1 3373 4293 4820
851 2 2 5 1 1141 1198 5153
852 2 2 5 1 1594 1593 1814
853 2 2 5 1 1612 1614 1659
854 2 2 5 1 2041 3060 4197
855 2 2 5 1 2572 2570 4525
856 2 2 5 1 1337 1336 5396
857 2 2 5 1 2911 1973 5301
858 2 2 5 1 860 3067 4353
859 2 2 5 1 3094 823 3825
860 2 2 5 1 2873 717 4514
861 2 2 5 1 1532 1531 5116
862 2 2 5 1 1775 2546 2949
863 2 2 5 1 1586 1582 1587
864 2 2 5 1 1503 1779 1780
865 2 2 5 1 3868 2517 3869
866 2 2 5 1 1345 1344 1348
867 2 2 5 1 1412 1414 1642
868 2 2 5 1 1520 1522 1602
869 2 2 5 1 1408 1410 1420
870 2 2 5 1 1828 1826 2661
871 2 2 5 1 1401 1404 1418
872 2 2 5 1 2856 3046 4458
873 2 2 5 1 499 500 3501
874 2 2 5 1 1392 1394 2535
875 2 2 5 1 1394 1396 1416
876 2 2 5 1 1252 1253 1294
877 2 2 5 1 2963 747 4129
878 2 2 5 1 2195 2196 2197
879 2 2 5 1 1616 1618 1654
880 2 2 5 1 893 3209 3772
881 2 2 5 1 3118 4269 4717
882 2 2 5 1 2941 701 4199
883 2 2 5 1 1424 1422 1664
884 2 2 5 1 1196 1240 1872
885 2 2 5 1 2341 2342 2351
886 2 2 5 1 3000 3423 3505
887 2 2 5 1 769 2777 3339
888 2 2 5 1 2372 2374 2388
889 2 2 5 1 2368 2370 2393
890 2 2 5 1 2362 2364 2391
891 2 2 5 1 2364 2366 2645
892 2 2 5 1 2585 3907 4206
893 2 2 5 1 2192 2193 2195
894 2 2 5 1 1783 1785 2598
895 2 2 5 1 2275 2213 3157
896 2 2 5 1 1583 2960 4478
897 2 2 5 1 53 54 3184
898 2 2 5 1 2190 2192 5317
899 2 2 5 1 1241 1242 5227
900 2 2 5 1 1596 2051 2052
901 2 2 5 1 1454 1652 1653
902 2 2 5 1 3424 4523 5319
903 2 2 5 1 4136 1745 5338
904 2 2 5 1 3248 3288 3289
905 2 2 5 1 1246 2267 4782
906 2 2 5 1 2812 4223 5086
907 2 2 5 1 1728 1730 2281
908 2 2 5 1 3137 2611 4966
909 2 2 5 1 1926 1929 3422
910 2 2 5 1 740 2932 5270
911 2 2 5 1 1351 2905 4535
912 2 2 5 1 2198 2752 5125
913 2 2 5 1 2190 2191 2192
914 2 2 5 1 701 2941 4638
915 2 2 5 1 785 2841 4043
916 2 2 5 1 2859 1499 4538
917 2 2 5 1 1293 1299 1328
918 2 2 5 1 891 2896 4381
919 2 2 5 1 1289 1291 1324
920 2 2 5 1 1898 3311 4548
921 2 2 5 1 1285 1287 1332
922 2 2 5 1 1271 1278 1325
923 2 2 5 1 1281 1283 1323
924 2 2 5 1 3186 3185 4290
925 2 2 5 1 4127 641 4591
926 2 2 5 1 2333 2987 3043
927 2 2 5 1 3072 811 4397
928 2 2 5 1 4656 1829 4896
929 2 2 5 1 1515 1516 1603
930 2 2 5 1 2344 2347 2442
931 2 2 5 1 2378 2380 2398
932 2 2 5 1 1198 2183 2184
933 2 2 5 1 1255 1272 1823
934 2 2 5 1 2186 2189 2190
935 2 2 5 1 1515 1603 4974
936 2 2 5 1 3423 2840 3505
937 2 2 5 1 1193 1194 1204
938 2 2 5 1 1255 1823 4027
939 2 2 5 1 1676 1678 2253
940 2 2 5 1 3295 810 4314
941 2 2 5 1 2344 2442 4028
942 2 2 5 1 1365 1368 2081
943 2 2 5 1 1511 1512 1515
944 2 2 5 1 2004 3102 4634
945 2 2 5 1 2184 2185 2186
946 2 2 5 1 4378 2040 5403
947 2 2 5 1 1722 1724 1748
948 2 2 5 1 4358 2843 4839
949 2 2 5 1 2934 746 4550
950 2 2 5 1 2902 738 3658
951 2 2 5 1 855 2882 3101
952 2 2 5 1 1197 1974 5248
953 2 2 5 1 1936 1938 1949
954 2 2 5 1 1661 2592 2593
955 2 2 5 1 1702 1704 1720
956 2 2 5 1 2873 2429 3114
957 2 2 5 1 796 4358 4839
958 2 2 5 1 1508 1509 1511
959 2 2 5 1 1804 3359 3361
960 2 2 5 1 2137 2136 2138
961 2 2 5 1 4155 1184 4420
962 2 2 5 1 1273 1319 5165
963 2 2 5 1 1562 1560 1661
964 2 2 5 1 1577 1575 5264
965 2 2 5 1 1629 1631 2298
966 2 2 5 1 1566 1564 1596
967 2 2 5 1 1572 1568 1600
968 2 2 5 1 2476 4138 4423
969 2 2 5 1 3227 3228 3296
970 2 2 5 1 2048 2616 5138
971 2 2 5 1 1661 3467 5308
972 2 2 5 1 264 692 3444
973 2 2 5 1 1378 4120 4121
974 2 2 5 1 1706 1708 1745
975 2 2 5 1 1710 1712 1744
976 2 2 5 1 2621 2615 4532
977 2 2 5 1 2327 2394 2441
978 2 2 5 1 4352 1755 5347
979 2 2 5 1 2443 2358 2444
980 2 2 5 1 1352 1354 1417
981 2 2 5 1 3228 3231 3296
982 2 2 5 1 1796 2063 2907
983 2 2 5 1 2276 2833 3331
984 2 2 5 1 2316 1165 4509
985 2 2 5 1 2632 1276 3103
986 2 2 5 1 3447 2296 4188
987 2 2 5 1 2620 2615 2621
988 2 2 5 1 3939 1971 5027
989 2 2 5 1 3406 662 4614
990 2 2 5 1 2419 2816 4684
991 2 2 5 1 787 3454 3455
992 2 2 5 1 1050 3027 4215
993 2 2 5 1 1356 1608 1609
994 2 2 5 1 1798 3955 4473
995 2 2 5 1 1659 1614 2023
996 2 2 5 1 4247 2641 4580
997 2 2 5 1 2777 769 4331
998 2 2 5 1 2981 2389 2982
999 2 2 5 1 3348 1205 3349
1000 2 2 5 1 1689 1719 2108
1001 2 2 5 1 3027 1050 4366
1002 2 2 5 1 4241 4264 5146
1003 2 2 5 1 4292 1626 4819
1004 2 2 5 1 1348 4122 4267
1005 2 2 5 1 1682 2628 2629
1006 2 2 5 1 3375 1260 4884
1007 2 2 5 1 3300 3379 4515
1008 2 2 5 1 1530 1529 1531
1009 2 2 5 1 1385 1383 1421
1010 2 2 5 1 1780 1779 1781
1011 2 2 5 1 1897 1900 2751
1012 2 2 5 1 1642 1414 2017
1013 2 2 5 1 1371 1387 1389
1014 2 2 5 1 2382 2387 2399
1015 2 2 5 1 3206 3800 4071
1016 2 2 5 1 2835 1543 2837
1017 2 2 5 1 641 3040 4591
1018 2 2 5 1 1981 1466 4107
1019 2 2 5 1 2914 850 4792
1020 2 2 5 1 1776 1666 2968
1021 2 2 5 1 1527 1526 1529
1022 2 2 5 1 2203 2204 2755
1023 2 2 5 1 2364 2645 4737
1024 2 2 5 1 2615 2048 5138
1025 2 2 5 1 1428 1426 1764
1026 2 2 5 1 2774 742 3944
1027 2 2 5 1 3245 3247 3262
1028 2 2 5 1 2898 4046 5298
1029 2 2 5 1 1246 1268 2267
1030 2 2 5 1 2414 4486 5160
1031 2 2 5 1 1526 1528 4348
1032 2 2 5 1 1622 1624 1777
1033 2 2 5 1 813 3126 3127
1034 2 2 5 1 2350 2355 2359
1035 2 2 5 1 1163 1972 4164
1036 2 2 5 1 1233 1234 1275
1037 2 2 5 1 3067 860 4496
1038 2 2 5 1 656 4140 4771
1039 2 2 5 1 1642 4123 5167
1040 2 2 5 1 1942 1947 1948
1041 2 2 5 1 3925 2116 4592
1042 2 2 5 1 2614 2048 2615
1043 2 2 5 1 761 2879 5292
1044 2 2 5 1 2323 2327 5327
1045 2 2 5 1 1468 1472 5297
1046 2 2 5 1 1655 1656 2085
1047 2 2 5 1 2327 2328 2394
1048 2 2 5 1 1169 4247 4580
1049 2 2 5 1 2192 2195 5208
1050 2 2 5 1 4140 2773 4771
1051 2 2 5 1 2388 2374 2522
1052 2 2 5 1 1216 1217 1233
1053 2 2 5 1 1334 1165 1335
1054 2 2 5 1 2393 2370 2460
1055 2 2 5 1 2055 1515 4974
1056 2 2 5 1 3320 3105 4463
1057 2 2 5 1 2629 2628 2630
1058 2 2 5 1 1678 1755 2253
1059 2 2 5 1 4592 2116 4593
1060 2 2 5 1 2645 2366 2646
1061 2 2 5 1 2949 2881 5293
1062 2 2 5 1 1824 1825 5295
1063 2 2 5 1 2313 2641 4246
1064 2 2 5 1 119 120 3457
1065 2 2 5 1 4000 3175 4376
1066 2 2 5 1 2300 1350 5424
1067 2 2 5 1 2942 1980 3015
1068 2 2 5 1 2618 1357 4332
1069 2 2 5 1 1246 1248 1268
1070 2 2 5 1 2323 2324 2327
1071 2 2 5 1 807 3187 3496
1072 2 2 5 1 1134 1147 4502
1073 2 2 5 1 1991 1679 4826
1074 2 2 5 1 1590 2651 4590
1075 2 2 5 1 1339 2316 2317
1076 2 2 5 1 1789 1792 3137
1077 2 2 5 1 1593 1590 4590
1078 2 2 5 1 1126 1037 1159
1079 2 2 5 1 1224 1225 1250
1080 2 2 5 1 2082 2595 5452
1081 2 2 5 1 1182 1183 1216
1082 2 2 5 1 1716 3924 4784
1083 2 2 5 1 2391 2364 4737
1084 2 2 5 1 2496 4739 4773
1085 2 2 5 1 1155 1156 1182
1086 2 2 5 1 3900 4623 4687
1087 2 2 5 1 3210 765 3797
1088 2 2 5 1 1558 2883 3079
1089 2 2 5 1 2321 2322 2323
1090 2 2 5 1 2281 1730 4873
1091 2 2 5 1 1525 1524 1526
1092 2 2 5 1 2149 2147 2778
1093 2 2 5 1 742 2774 4175
1094 2 2 5 1 777 3119 3120
1095 2 2 5 1 1780 4158 5185
1096 2 2 5 1 1199 1200 1224
1097 2 2 5 1 2302 1526 4348
1098 2 2 5 1 1732 1734 2603
1099 2 2 5 1 2490 2184 4581
1100 2 2 5 1 3134 2479 4761
1101 2 2 5 1 3330 2469 4517
1102 2 2 5 1 1174 1176 4431
1103 2 2 5 1 1646 1594 2833
1104 2 2 5 1 2317 2320 2321
1105 2 2 5 1 2472 2391 2473
1106 2 2 5 1 1267 1968 4104
1107 2 2 5 1 2545 1473 3474
1108 2 2 5 1 2089 1130 4344
1109 2 2 5 1 1178 1179 1199
1110 2 2 5 1 1136 1219 5419
1111 2 2 5 1 2198 2200 2752
1112 2 2 5 1 330 331 3148
1113 2 2 5 1 719 2826 4114
1114 2 2 5 1 1654 1618 2074
1115 2 2 5 1 1700 4345 4549
1116 2 2 5 1 1149 1141 5153
1117 2 2 5 1 1510 1970 5391
1118 2 2 5 1 1127 1107 1151
1119 2 2 5 1 4573 3150 4574
1120 2 2 5 1 1710 1744 2056
1121 2 2 5 1 1706 1745 2064
1122 2 2 5 1 1263 3285 4624
1123 2 2 5 1 680 4329 4764
1124 2 2 5 1 3408 3406 4614
1125 2 2 5 1 2386 2381 4730
1126 2 2 5 1 1678 1680 1755
1127 2 2 5 1 3173 671 4972
1128 2 2 5 1 2917 894 2969
1129 2 2 5 1 1600 1568 2067
1130 2 2 5 1 1596 1564 2051
1131 2 2 5 1 651 2827 3501
1132 2 2 5 1 2622 2616 5385
1133 2 2 5 1 1661 1560 2592
1134 2 2 5 1 1682 1684 2628
1135 2 2 5 1 1151 1152 1178
1136 2 2 5 1 1170 1260 5407
1137 2 2 5 1 1633 1635 2606
1138 2 2 5 1 1684 1686 1746
1139 2 2 5 1 2429 2430 3114
1140 2 2 5 1 1305 1203 5404
1141 2 2 5 1 4583 1249 4870
1142 2 2 5 1 2958 863 4369
1143 2 2 5 1 2200 2203 2752
1144 2 2 5 1 1804 3358 3359
1145 2 2 5 1 1689 1691 1719
1146 2 2 5 1 1528 1981 1982
1147 2 2 5 1 2500 3145 3991
1148 2 2 5 1 1554 1551 1555
1149 2 2 5 1 2828 656 5177
1150 2 2 5 1 1983 1528 5372
1151 2 2 5 1 2889 1745 4136
1152 2 2 5 1 1424 1664 2079
1153 2 2 5 1 1643 4087 5386
1154 2 2 5 1 1693 1695 1716
1155 2 2 5 1 1242 1274 5300
1156 2 2 5 1 2645 2646 2647
1157 2 2 5 1 1319 1351 5299
1158 2 2 5 1 2298 1631 4803
1159 2 2 5 1 3431 2761 3668
1160 2 2 5 1 3068 2060 4455
1161 2 2 5 1 1249 1224 5229
1162 2 2 5 1 2851 2854 3049
1163 2 2 5 1 1697 1699 1701
1164 2 2 5 1 3181 3182 4970
1165 2 2 5 1 1539 2302 2303
1166 2 2 5 1 874 2660 4021
1167 2 2 5 1 1453 2146 5410
1168 2 2 5 1 1160 1161 1177
1169 2 2 5 1 894 2917 2970
1170 2 2 5 1 3300 2617 3379
1171 2 2 5 1 1350 2300 4613
1172 2 2 5 1 2318 1339 5355
1173 2 2 5 1 1946 3328 4723
1174 2 2 5 1 1873 1244 5074
1175 2 2 5 1 1220 1216 4398
1176 2 2 5 1 2398 2380 2464
1177 2 2 5 1 2094 2781 4650
1178 2 2 5 1 2301 2094 4650
1179 2 2 5 1 1340 1338 5321
1180 2 2 5 1 1201 2987 2988
1181 2 2 5 1 2858 2585 4206
1182 2 2 5 1 3012 2038 4260
1183 2 2 5 1 2616 2618 2619
1184 2 2 5 1 1375 1349 1380
1185 2 2 5 1 2879 761 3812
1186 2 2 5 1 1726 1728 1747
1187 2 2 5 1 1368 1372 5303
1188 2 2 5 1 1394 1416 5066
1189 2 2 5 1 2586 2569 2957
1190 2 2 5 1 1168 2012 4424
1191 2 2 5 1 280 775 3436
1192 2 2 5 1 2827 651 4084
1193 2 2 5 1 3376 687 3391
1194 2 2 5 1 3315 2131 4283
1195 2 2 5 1 2184 2186 5325
1196 2 2 5 1 1165 1126 5352
1197 2 2 5 1 1193 1204 5323
1198 2 2 5 1 1511 1515 5428
1199 2 2 5 1 1781 1783 1799
1200 2 2 5 1 2873 3114 4479
1201 2 2 5 1 1348 1344 5310
1202 2 2 5 1 1188 1151 5359
1203 2 2 5 1 2480 3460 3480
1204 2 2 5 1 1252 1294 5311
1205 2 2 5 1 2303 2304 2305
1206 2 2 5 1 1365 1367 1368
1207 2 2 5 1 2341 2351 5312
1208 2 2 5 1 3023 1146 3025
1209 2 2 5 1 2241 2247 3064
1210 2 2 5 1 2600 1786 4966
1211 2 2 5 1 2330 2389 2981
1212 2 2 5 1 3047 1984 4458
1213 2 2 5 1 1432 1430 1663
1214 2 2 5 1 691 3289 4380
1215 2 2 5 1 1268 1316 5309
1216 2 2 5 1 1119 1166 5399
1217 2 2 5 1 2428 2484 2485
1218 2 2 5 1 2325 2321 5351
1219 2 2 5 1 3335 2860 4748
1220 2 2 5 1 1531 1529 5336
1221 2 2 5 1 1968 1510 1969
1222 2 2 5 1 3354 3850 5174
1223 2 2 5 1 2660 874 4627
1224 2 2 5 1 2362 2391 2472
1225 2 2 5 1 2619 2844 2845
1226 2 2 5 1 1929 1931 1944
1227 2 2 5 1 2061 1721 2062
1228 2 2 5 1 1984 3047 3074
1229 2 2 5 1 1572 1600 1601
1230 2 2 5 1 3176 4787 5245
1231 2 2 5 1 2045 2042 3484
1232 2 2 5 1 804 4289 4290
1233 2 2 5 1 1208 1181 3141
1234 2 2 5 1 1339 2317 5355
1235 2 2 5 1 1233 1275 5343
1236 2 2 5 1 2872 1702 4762
1237 2 2 5 1 2562 2585 2858
1238 2 2 5 1 1260 3374 4653
1239 2 2 5 1 1132 1144 2899
1240 2 2 5 1 4578 2383 4846
1241 2 2 5 1 3250 3252 3254
1242 2 2 5 1 4127 2909 4468
1243 2 2 5 1 2424 2450 2815
1244 2 2 5 1 1126 1159 5352
1245 2 2 5 1 1276 1233 5343
1246 2 2 5 1 1973 1197 5248
1247 2 2 5 1 1328 1299 5329
1248 2 2 5 1 1507 1508 5100
1249 2 2 5 1 2321 2323 5351
1250 2 2 5 1 4550 2076 4986
1251 2 2 5 1 1255 1257 1272
1252 2 2 5 1 731 2944 3447
1253 2 2 5 1 2165 2163 5132
1254 2 2 5 1 1528 1982 5372
1255 2 2 5 1 1473 1468 5297
1256 2 2 5 1 2018 2017 2020
1257 2 2 5 1 1529 1539 5336
1258 2 2 5 1 2455 4191 4253
1259 2 2 5 1 1627 1629 1963
1260 2 2 5 1 2651 1588 4779
1261 2 2 5 1 2344 2346 2347
1262 2 2 5 1 1151 1178 5359
1263 2 2 5 1 4366 1050 4524
1264 2 2 5 1 3423 3000 3504
1265 2 2 5 1 3995 2295 4691
1266 2 2 5 1 2446 2447 2448
1267 2 2 5 1 3463 1154 3464
1268 2 2 5 1 1421 2278 3318
1269 2 2 5 1 118 787 3455
1270 2 2 5 1 3109 2071 4715
1271 2 2 5 1 2616 2619 5385
1272 2 2 5 1 3354 2741 3850
1273 2 2 5 1 1972 1197 1973
1274 2 2 5 1 2200 2202 2203
1275 2 2 5 1 4046 1946 4723
1276 2 2 5 1 1789 3137 4966
1277 2 2 5 1 1264 1302 4661
1278 2 2 5 1 1050 3021 4524
1279 2 2 5 1 4245 2742 4541
1280 2 2 5 1 1264 1265 1302
1281 2 2 5 1 4844 3912 4872
1282 2 2 5 1 2393 2460 2461
1283 2 2 5 1 1969 1510 5391
1284 2 2 5 1 712 3045 5050
1285 2 2 5 1 4350 2414 5160
1286 2 2 5 1 2187 2184 5325
1287 2 2 5 1 2932 2906 5270
1288 2 2 5 1 2497 1898 4548
1289 2 2 5 1 2535 1394 5066
1290 2 2 5 1 1598 1473 1599
1291 2 2 5 1 1117 1175 4994
1292 2 2 5 1 814 2901 3656
1293 2 2 5 1 4493 4492 4807
1294 2 2 5 1 2782 2216 2818
1295 2 2 5 1 2422 2424 2815
1296 2 2 5 1 1518 1511 5428
1297 2 2 5 1 4114 2826 4669
1298 2 2 5 1 2888 3068 4455
1299 2 2 5 1 4623 3117 4687
1300 2 2 5 1 2267 1268 4862
1301 2 2 5 1 1642 2018 2019
1302 2 2 5 1 3027 959 4215
1303 2 2 5 1 1662 4488 5328
1304 2 2 5 1 3355 3320 5373
1305 2 2 5 1 2910 1177 4164
1306 2 2 5 1 2301 3762 4375
1307 2 2 5 1 2003 1193 5323
1308 2 2 5 1 1434 1432 2624
1309 2 2 5 1 1596 4147 5268
1310 2 2 5 1 4220 2729 4453
1311 2 2 5 1 2783 1612 4834
1312 2 2 5 1 1721 2060 5433
1313 2 2 5 1 2932 740 3462
1314 2 2 5 1 2910 1973 2911
1315 2 2 5 1 263 264 3444
1316 2 2 5 1 4115 1315 4566
1317 2 2 5 1 1884 1601 1885
1318 2 2 5 1 1206 1207 1231
1319 2 2 5 1 1748 1724 2105
1320 2 2 5 1 2368 2393 4015
1321 2 2 5 1 1218 1168 4424
1322 2 2 5 1 1385 1421 1422
1323 2 2 5 1 3257 3258 3313
1324 2 2 5 1 3409 3408 3981
1325 2 2 5 1 1332 1287 5214
1326 2 2 5 1 1127 1151 3085
1327 2 2 5 1 3750 2309 4540
1328 2 2 5 1 425 783 3488
1329 2 2 5 1 2046 2859 4538
1330 2 2 5 1 1826 1824 5295
1331 2 2 5 1 2403 2406 3070
1332 2 2 5 1 1203 1304 5404
1333 2 2 5 1 959 3027 5091
1334 2 2 5 1 1475 1347 5328
1335 2 2 5 1 2169 2176 2637
1336 2 2 5 1 1203 1303 1304
1337 2 2 5 1 1259 1170 5407
1338 2 2 5 1 4203 2509 4390
1339 2 2 5 1 3340 836 4790
1340 2 2 5 1 1602 1522 1841
1341 2 2 5 1 1143 1184 5024
1342 2 2 5 1 1180 1181 1206
1343 2 2 5 1 2814 2040 4285
1344 2 2 5 1 3482 4844 4872
1345 2 2 5 1 1196 1239 1240
1346 2 2 5 1 1258 1170 1259
1347 2 2 5 1 2108 2109 2111
1348 2 2 5 1 2116 4794 5233
1349 2 2 5 1 1761 1599 1762
1350 2 2 5 1 2056 2057 2059
1351 2 2 5 1 2541 2540 3914
1352 2 2 5 1 1659 2023 2024
1353 2 2 5 1 1556 1655 2883
1354 2 2 5 1 2596 2082 5452
1355 2 2 5 1 1168 1202 1203
1356 2 2 5 1 1350 2094 5424
1357 2 2 5 1 3411 2455 4253
1358 2 2 5 1 2209 2197 2275
1359 2 2 5 1 2057 1744 2058
1360 2 2 5 1 1157 1158 1180
1361 2 2 5 1 1354 1356 5333
1362 2 2 5 1 1150 1149 1170
1363 2 2 5 1 1785 1786 2600
1364 2 2 5 1 1143 1119 5399
1365 2 2 5 1 1558 1556 2883
1366 2 2 5 1 2319 4404 5355
1367 2 2 5 1 2372 2388 4089
1368 2 2 5 1 2113 4410 5362
1369 2 2 5 1 2169 2165 2176
1370 2 2 5 1 1154 1136 5419
1371 2 2 5 1 1227 1906 4100
1372 2 2 5 1 1670 1672 2654
1373 2 2 5 1 4407 3410 5026
1374 2 2 5 1 3773 2669 4084
1375 2 2 5 1 1147 1148 1168
1376 2 2 5 1 3499 729 5155
1377 2 2 5 1 671 3173 4000
1378 2 2 5 1 2399 2387 2400
1379 2 2 5 1 850 2914 4058
1380 2 2 5 1 2306 2305 2307
1381 2 2 5 1 1144 1145 1157
1382 2 2 5 1 779 4220 4453
1383 2 2 5 1 2427 2352 2428
1384 2 2 5 1 3296 3295 4314
1385 2 2 5 1 3365 2026 4300
1386 2 2 5 1 1349 1348 4267
1387 2 2 5 1 3187 3188 3189
1388 2 2 5 1 1534 1532 1543
1389 2 2 5 1 1684 1746 4864
1390 2 2 5 1 1612 1659 4834
1391 2 2 5 1 4097 2781 5017
1392 2 2 5 1 2093 1341 4312
1393 2 2 5 1 1906 1295 1907
1394 2 2 5 1 2206 2208 2667
1395 2 2 5 1 1023 1119 1143
1396 2 2 5 1 2352 2341 5312
1397 2 2 5 1 3800 745 4071
1398 2 2 5 1 4291 1626 4292
1399 2 2 5 1 687 3376 3652
1400 2 2 5 1 1827 1826 1828
1401 2 2 5 1 1295 1252 5311
1402 2 2 5 1 1464 1463 1467
1403 2 2 5 1 2771 2997 4388
1404 2 2 5 1 1674 1676 1760
1405 2 2 5 1 4722 3041 4888
1406 2 2 5 1 1191 1192 5460
1407 2 2 5 1 2771 4388 4395
1408 2 2 5 1 2112 2912 4106
1409 2 2 5 1 1344 1350 5310
1410 2 2 5 1 1350 2093 2094
1411 2 2 5 1 2197 2198 2213
1412 2 2 5 1 3001 826 3162
1413 2 2 5 1 1142 1141 1149
1414 2 2 5 1 2893 771 3763
1415 2 2 5 1 771 2893 4913
1416 2 2 5 1 4051 1418 4926
1417 2 2 5 1 3496 3187 5018
1418 2 2 5 1 2130 2131 4557
1419 2 2 5 1 2446 2448 2451
1420 2 2 5 1 847 3033 4233
1421 2 2 5 1 1160 1177 4519
1422 2 2 5 1 869 4114 4669
1423 2 2 5 1 2388 2522 2523
1424 2 2 5 1 2573 2575 2664
1425 2 2 5 1 1538 1536 1540
1426 2 2 5 1 572 760 3356
1427 2 2 5 1 3653 824 4188
1428 2 2 5 1 3903 4262 4705
1429 2 2 5 1 2353 3486 4390
1430 2 2 5 1 1336 1335 5396
1431 2 2 5 1 1137 1136 1154
1432 2 2 5 1 4333 3010 4384
1433 2 2 5 1 657 2992 2993
1434 2 2 5 1 279 280 3436
1435 2 2 5 1 1155 1836 4293
1436 2 2 5 1 3033 847 4893
1437 2 2 5 1 1653 1652 2143
1438 2 2 5 1 2317 2321 4618
1439 2 2 5 1 1428 1764 2118
1440 2 2 5 1 1134 1135 1147
1441 2 2 5 1 2788 2956 3466
1442 2 2 5 1 2579 2580 2900
1443 2 2 5 1 2040 4284 5403
1444 2 2 5 1 3262 3247 3270
1445 2 2 5 1 2922 3766 4445
1446 2 2 5 1 1582 1579 4533
1447 2 2 5 1 3306 803 4393
1448 2 2 5 1 3190 3193 3211
1449 2 2 5 1 1963 4084 4579
1450 2 2 5 1 1268 1248 1269
1451 2 2 5 1 2573 2664 5103
1452 2 2 5 1 2596 3341 4851
1453 2 2 5 1 3409 3981 4721
1454 2 2 5 1 2094 2780 2781
1455 2 2 5 1 1586 1587 5368
1456 2 2 5 1 2109 1719 2110
1457 2 2 5 1 2655 2653 2656
1458 2 2 5 1 1216 2632 4398
1459 2 2 5 1 852 499 3501
1460 2 2 5 1 1831 1828 1878
1461 2 2 5 1 1476 2955 4963
1462 2 2 5 1 1343 1341 1344
1463 2 2 5 1 1420 1410 5406
1464 2 2 5 1 2258 3403 4455
1465 2 2 5 1 1236 1363 1364
1466 2 2 5 1 1730 1732 1749
1467 2 2 5 1 4786 3263 4883
1468 2 2 5 1 1418 1404 5371
1469 2 2 5 1 2775 2774 3944
1470 2 2 5 1 4598 3169 4934
1471 2 2 5 1 2556 2558 2858
1472 2 2 5 1 1777 1624 2145
1473 2 2 5 1 1416 1396 5374
1474 2 2 5 1 2558 2562 2858
1475 2 2 5 1 4472 1798 4473
1476 2 2 5 1 4971 4237 5336
1477 2 2 5 1 1860 1861 3358
1478 2 2 5 1 3325 829 4017
1479 2 2 5 1 1299 1329 5329
1480 2 2 5 1 1932 1936 5151
1481 2 2 5 1 2637 2176 2638
1482 2 2 5 1 2330 2332 2389
1483 2 2 5 1 3140 2014 5296
1484 2 2 5 1 1351 1320 1352
1485 2 2 5 1 1604 1606 1665
1486 2 2 5 1 1378 4122 5310
1487 2 2 5 1 3045 712 5119
1488 2 2 5 1 1132 1133 1144
1489 2 2 5 1 1549 2135 2136
1490 2 2 5 1 2587 2572 4525
1491 2 2 5 1 2064 2065 2066
1492 2 2 5 1 2300 3175 4613
1493 2 2 5 1 1131 1130 1136
1494 2 2 5 1 1998 1242 5300
1495 2 2 5 1 4073 2634 4361
1496 2 2 5 1 1130 1169 4344
1497 2 2 5 1 832 4598 4934
1498 2 2 5 1 4825 4544 4826
1499 2 2 5 1 2024 2023 4185
1500 2 2 5 1 1999 3118 5300
1501 2 2 5 1 2334 2336 2353
1502 2 2 5 1 3064 2247 3065
1503 2 2 5 1 791 3330 4517
1504 2 2 5 1 2173 3971 4666
1505 2 2 5 1 1227 1229 1252
1506 2 2 5 1 1631 1633 1889
1507 2 2 5 1 1697 1701 5233
1508 2 2 5 1 2147 1453 5410
1509 2 2 5 1 775 3331 3435
1510 2 2 5 1 2351 4028 5060
1511 2 2 5 1 2944 731 3446
1512 2 2 5 1 2338 2340 2341
1513 2 2 5 1 2211 2215 2216
1514 2 2 5 1 2641 1818 4246
1515 2 2 5 1 1693 1716 5362
1516 2 2 5 1 1780 1781 5306
1517 2 2 5 1 1830 1828 1831
1518 2 2 5 1 54 865 3184
1519 2 2 5 1 2334 2353 5356
1520 2 2 5 1 2628 1684 4864
1521 2 2 5 1 2665 2274 4055
1522 2 2 5 1 4115 3124 4970
1523 2 2 5 1 3209 893 4171
1524 2 2 5 1 1323 1283 5254
1525 2 2 5 1 2972 1983 4263
1526 2 2 5 1 1319 1273 1320
1527 2 2 5 1 1084 3059 4505
1528 2 2 5 1 3008 1935 4503
1529 2 2 5 1 1763 1762 1806
1530 2 2 5 1 2350 2359 5384
1531 2 2 5 1 3085 1151 3351
1532 2 2 5 1 2878 3305 3306
1533 2 2 5 1 1324 1291 5401
1534 2 2 5 1 350 702 5142
1535 2 2 5 1 1794 1796 2907
1536 2 2 5 1 1371 1389 5387
1537 2 2 5 1 1325 1278 5403
1538 2 2 5 1 2253 1755 2254
1539 2 2 5 1 1240 1241 5227
1540 2 2 5 1 3349 1205 3350
1541 2 2 5 1 2945 3390 4362
1542 2 2 5 1 1446 1443 5028
1543 2 2 5 1 1421 1383 5442
1544 2 2 5 1 1963 2827 4084
1545 2 2 5 1 4537 1833 4885
1546 2 2 5 1 3295 3289 4500
1547 2 2 5 1 1096 1155 5455
1548 2 2 5 1 2956 1041 3382
1549 2 2 5 1 1949 1938 1950
1550 2 2 5 1 656 2828 4140
1551 2 2 5 1 1356 1609 5393
1552 2 2 5 1 3392 4706 4759
1553 2 2 5 1 1457 1456 5071
1554 2 2 5 1 2815 2450 3338
1555 2 2 5 1 4144 2326 4909
1556 2 2 5 1 4706 872 4759
1557 2 2 5 1 2943 1801 5105
1558 2 2 5 1 1996 1319 5299
1559 2 2 5 1 655 3016 3017
1560 2 2 5 1 3464 1513 5098
1561 2 2 5 1 2775 3944 4126
1562 2 2 5 1 773 2916 4625
1563 2 2 5 1 2378 2398 3122
1564 2 2 5 1 1167 1134 4955
1565 2 2 5 1 1021 1818 4247
1566 2 2 5 1 1664 1422 2938
1567 2 2 5 1 2960 2915 4478
1568 2 2 5 1 4457 3669 4560
1569 2 2 5 1 2097 4825 4826
1570 2 2 5 1 764 4227 4783
1571 2 2 5 1 1554 1555 1556
1572 2 2 5 1 739 3440 4802
1573 2 2 5 1 2575 2578 2579
1574 2 2 5 1 3440 739 4876
1575 2 2 5 1 2057 2058 2886
1576 2 2 5 1 2811 4222 4223
1577 2 2 5 1 3410 1875 5026
1578 2 2 5 1 3000 3505 4237
1579 2 2 5 1 1872 1244 1873
1580 2 2 5 1 3850 700 5174
1581 2 2 5 1 1942 1946 1947
1582 2 2 5 1 3284 3257 3313
1583 2 2 5 1 3156 879 3839
1584 2 2 5 1 3077 4077 4258
1585 2 2 5 1 2146 2936 4360
1586 2 2 5 1 3305 803 3306
1587 2 2 5 1 1271 1325 5416
1588 2 2 5 1 692 3443 3444
1589 2 2 5 1 2944 2296 3447
1590 2 2 5 1 3059 1084 4736
1591 2 2 5 1 3295 4500 4637
1592 2 2 5 1 1701 1699 1702
1593 2 2 5 1 816 3431 3668
1594 2 2 5 1 2558 2561 2562
1595 2 2 5 1 1672 1674 2653
1596 2 2 5 1 1263 5283 5407
1597 2 2 5 1 1293 1328 4013
1598 2 2 5 1 1206 1231 4469
1599 2 2 5 1 1373 1368 5303
1600 2 2 5 1 2381 2383 4730
1601 2 2 5 1 1322 4092 5398
1602 2 2 5 1 3454 787 3456
1603 2 2 5 1 3175 2300 4376
1604 2 2 5 1 2148 2147 2149
1605 2 2 5 1 1880 1644 1952
1606 2 2 5 1 2177 2168 2178
1607 2 2 5 1 1616 1654 4184
1608 2 2 5 1 3326 721 3941
1609 2 2 5 1 1392 2535 5426
1610 2 2 5 1 898 2970 3470
1611 2 2 5 1 1178 1199 4583
1612 2 2 5 1 3263 4799 4883
1613 2 2 5 1 1792 1794 1805
1614 2 2 5 1 3762 2301 4650
1615 2 2 5 1 1174 1117 4994
1616 2 2 5 1 3065 840 5415
1617 2 2 5 1 3294 2622 4570
1618 2 2 5 1 1272 1273 5165
1619 2 2 5 1 2034 4245 4541
1620 2 2 5 1 2661 1826 4464
1621 2 2 5 1 2575 2579 2664
1622 2 2 5 1 645 3007 4064
1623 2 2 5 1 3049 2854 3050
1624 2 2 5 1 1806 1762 2265
1625 2 2 5 1 1546 1597 4387
1626 2 2 5 1 1652 1440 4137
1627 2 2 5 1 382 885 3347
1628 2 2 5 1 674 381 3347
1629 2 2 5 1 2422 2423 2424
1630 2 2 5 1 4825 1221 5419
1631 2 2 5 1 2486 2542 5199
1632 2 2 5 1 1021 1115 1818
1633 2 2 5 1 1831 1878 2756
1634 2 2 5 1 813 3127 3128
1635 2 2 5 1 733 3344 3345
1636 2 2 5 1 777 3120 4266
1637 2 2 5 1 1639 4779 5368
1638 2 2 5 1 5170 2022 5406
1639 2 2 5 1 686 2997 4686
1640 2 2 5 1 1604 1665 2763
1641 2 2 5 1 2208 2211 2666
1642 2 2 5 1 670 4457 4560
1643 2 2 5 1 2747 1637 5339
1644 2 2 5 1 1369 1371 4757
1645 2 2 5 1 2556 2858 5280
1646 2 2 5 1 652 2954 3997
1647 2 2 5 1 823 3094 4809
1648 2 2 5 1 3360 3578 4411
1649 2 2 5 1 1102 1100 3034
1650 2 2 5 1 826 3001 3170
1651 2 2 5 1 3150 1361 4574
1652 2 2 5 1 1196 1872 4105
1653 2 2 5 1 1250 1225 5429
1654 2 2 5 1 1609 1608 5431
1655 2 2 5 1 2756 1878 3144
1656 2 2 5 1 1555 1551 2996
1657 2 2 5 1 1897 2751 4889
1658 2 2 5 1 2135 1536 4326
1659 2 2 5 1 1375 1380 1381
1660 2 2 5 1 1267 1505 1506
1661 2 2 5 1 3822 3138 3953
1662 2 2 5 1 203 4512 4702
1663 2 2 5 1 1242 1241 1243
1664 2 2 5 1 1331 1475 5458
1665 2 2 5 1 2442 2358 2443
1666 2 2 5 1 4254 2395 5450
1667 2 2 5 1 1654 2074 2075
1668 2 2 5 1 815 3478 4032
1669 2 2 5 1 3151 772 3153
1670 2 2 5 1 3924 1716 4067
1671 2 2 5 1 1170 1149 4884
1672 2 2 5 1 2047 1357 2048
1673 2 2 5 1 4567 2953 5318
1674 2 2 5 1 3358 2011 3364
1675 2 2 5 1 1823 1321 1824
1676 2 2 5 1 2761 2666 2782
1677 2 2 5 1 2079 1664 2080
1678 2 2 5 1 4055 2274 4709
1679 2 2 5 1 3175 3174 4613
1680 2 2 5 1 3384 3320 4463
1681 2 2 5 1 2398 2464 2481
1682 2 2 5 1 2508 2334 5356
1683 2 2 5 1 1368 1367 1369
1684 2 2 5 1 2782 2818 3499
1685 2 2 5 1 1389 1387 5440
1686 2 2 5 1 744 2894 5302
1687 2 2 5 1 1637 1811 5339
1688 2 2 5 1 2992 657 2994
1689 2 2 5 1 4227 2665 4783
1690 2 2 5 1 2901 814 3657
1691 2 2 5 1 1666 1668 2968
1692 2 2 5 1 2819 2524 2820
1693 2 2 5 1 1338 1337 5321
1694 2 2 5 1 2443 2444 2456
1695 2 2 5 1 3039 4644 4713
1696 2 2 5 1 2073 3698 4443
1697 2 2 5 1 2223 2251 3020
1698 2 2 5 1 1458 1457 1468
1699 2 2 5 1 1159 2788 5422
1700 2 2 5 1 2900 2583 4258
1701 2 2 5 1 3007 645 4138
1702 2 2 5 1 2081 1373 2082
1703 2 2 5 1 2043 2042 2045
1704 2 2 5 1 2752 2203 2753
1705 2 2 5 1 4138 645 4423
1706 2 2 5 1 4221 697 4275
1707 2 2 5 1 2359 2355 5450
1708 2 2 5 1 2520 4610 5374
1709 2 2 5 1 120 876 3457
1710 2 2 5 1 1317 1268 5309
1711 2 2 5 1 2670 1376 4720
1712 2 2 5 1 4494 1992 4810
1713 2 2 5 1 1272 1257 1273
1714 2 2 5 1 4091 3427 4516
1715 2 2 5 1 3353 2187 5325
1716 2 2 5 1 2166 2165 2169
1717 2 2 5 1 2669 3773 5114
1718 2 2 5 1 1747 1728 2281
1719 2 2 5 1 1737 1739 5388
1720 2 2 5 1 1167 3365 4300
1721 2 2 5 1 3840 861 4070
1722 2 2 5 1 1523 1466 1524
1723 2 2 5 1 1900 1901 1902
1724 2 2 5 1 3840 4070 4460
1725 2 2 5 1 2603 1734 5130
1726 2 2 5 1 2931 1720 4060
1727 2 2 5 1 1417 3666 4108
1728 2 2 5 1 2755 2204 5262
1729 2 2 5 1 2347 2346 2348
1730 2 2 5 1 2902 2901 3657
1731 2 2 5 1 3349 3350 4318
1732 2 2 5 1 2104 3084 4129
1733 2 2 5 1 5027 1971 5391
1734 2 2 5 1 3342 3080 3771
1735 2 2 5 1 3376 2729 3652
1736 2 2 5 1 2288 2287 3071
1737 2 2 5 1 2164 2163 2165
1738 2 2 5 1 1543 2835 3420
1739 2 2 5 1 3845 2986 5094
1740 2 2 5 1 2206 2667 5088
1741 2 2 5 1 767 3145 4694
1742 2 2 5 1 2438 2445 2446
1743 2 2 5 1 2894 744 4228
1744 2 2 5 1 1635 1637 1657
1745 2 2 5 1 2915 1174 4431
1746 2 2 5 1 2326 4619 5351
1747 2 2 5 1 2162 2161 2163
1748 2 2 5 1 2203 2202 2204
1749 2 2 5 1 1980 2942 4322
1750 2 2 5 1 1236 1364 3058
1751 2 2 5 1 1140 1127 1141
1752 2 2 5 1 1302 1265 5435
1753 2 2 5 1 2969 801 3481
1754 2 2 5 1 3403 2888 4455
1755 2 2 5 1 3239 3241 3290
1756 2 2 5 1 3103 1276 4226
1757 2 2 5 1 1734 1737 1876
1758 2 2 5 1 2383 4578 4731
1759 2 2 5 1 3160 3090 4229
1760 2 2 5 1 2227 2236 3033
1761 2 2 5 1 2759 1737 5388
1762 2 2 5 1 1643 1880 1881
1763 2 2 5 1 2160 2082 2161
1764 2 2 5 1 1874 2834 5054
1765 2 2 5 1 1219 4825 5419
1766 2 2 5 1 3007 3006 4064
1767 2 2 5 1 765 3210 5247
1768 2 2 5 1 2858 4206 5280
1769 2 2 5 1 3233 3235 3288
1770 2 2 5 1 2663 1376 2670
1771 2 2 5 1 2060 2061 4455
1772 2 2 5 1 252 253 3445
1773 2 2 5 1 2782 3499 5155
1774 2 2 5 1 1084 1083 4736
1775 2 2 5 1 1097 2117 4736
1776 2 2 5 1 1541 1545 1546
1777 2 2 5 1 3187 3189 3205
1778 2 2 5 1 1291 1293 5322
1779 2 2 5 1 2999 3000 4237
1780 2 2 5 1 3254 3252 3255
1781 2 2 5 1 3211 3193 4086
1782 2 2 5 1 1166 1119 5014
1783 2 2 5 1 1808 2882 3099
1784 2 2 5 1 4547 3770 5065
1785 2 2 5 1 3258 3261 3313
1786 2 2 5 1 4896 1829 5295
1787 2 2 5 1 2299 4129 4209
1788 2 2 5 1 863 2958 4214
1789 2 2 5 1 2606 1635 5126
1790 2 2 5 1 1347 1476 5328
1791 2 2 5 1 1900 1902 1904
1792 2 2 5 1 2594 2592 3079
1793 2 2 5 1 2448 2465 2772
1794 2 2 5 1 1506 1507 5100
1795 2 2 5 1 2441 2394 2454
1796 2 2 5 1 2591 4550 4582
1797 2 2 5 1 2982 2389 2983
1798 2 2 5 1 1232 1264 5398
1799 2 2 5 1 3120 2994 4266
1800 2 2 5 1 1670 2654 5143
1801 2 2 5 1 877 3498 4923
1802 2 2 5 1 2994 3120 3362
1803 2 2 5 1 3498 877 4985
1804 2 2 5 1 571 572 3356
1805 2 2 5 1 1137 1154 3463
1806 2 2 5 1 2061 2062 2257
1807 2 2 5 1 1287 2035 5214
1808 2 2 5 1 1595 1594 1646
1809 2 2 5 1 1741 1743 2875
1810 2 2 5 1 4378 2039 4477
1811 2 2 5 1 4189 1552 4190
1812 2 2 5 1 2959 865 3485
1813 2 2 5 1 2325 3702 3704
1814 2 2 5 1 3466 2956 4236
1815 2 2 5 1 1963 1629 2298
1816 2 2 5 1 2152 2149 2153
1817 2 2 5 1 4404 2318 5355
1818 2 2 5 1 1538 1540 5289
1819 2 2 5 1 1243 1246 4782
1820 2 2 5 1 1701 2872 5232
1821 2 2 5 1 1239 1238 3363
1822 2 2 5 1 899 631 3335
1823 2 2 5 1 1543 1532 4860
1824 2 2 5 1 3094 3825 4042
1825 2 2 5 1 2520 3883 3884
1826 2 2 5 1 1948 1947 2005
1827 2 2 5 1 1396 1398 5117
1828 2 2 5 1 4064 3006 4170
1829 2 2 5 1 3790 2905 4534
1830 2 2 5 1 2955 1520 5000
1831 2 2 5 1 1720 1704 4060
1832 2 2 5 1 4578 2384 4849
1833 2 2 5 1 4514 86 4604
1834 2 2 5 1 1126 1334 2750
1835 2 2 5 1 1890 1891 3098
1836 2 2 5 1 807 3186 3187
1837 2 2 5 1 2231 2786 3044
1838 2 2 5 1 824 3447 4188
1839 2 2 5 1 3963 3985 4202
1840 2 2 5 1 2520 3882 3883
1841 2 2 5 1 1600 2068 2181
1842 2 2 5 1 3031 838 3032
1843 2 2 5 1 2541 3914 5067
1844 2 2 5 1 2657 2309 3750
1845 2 2 5 1 2518 3984 4053
1846 2 2 5 1 1240 1239 1241
1847 2 2 5 1 2151 2149 2152
1848 2 2 5 1 4963 1662 5328
1849 2 2 5 1 3382 1041 4740
1850 2 2 5 1 2019 2018 2861
1851 2 2 5 1 3025 1146 4281
1852 2 2 5 1 2949 659 5392
1853 2 2 5 1 854 3342 3771
1854 2 2 5 1 1129 1096 5455
1855 2 2 5 1 1285 1332 4418
1856 2 2 5 1 3331 2833 3435
1857 2 2 5 1 647 3384 4463
1858 2 2 5 1 3207 3203 4180
1859 2 2 5 1 1980 1452 3014
1860 2 2 5 1 3284 3313 4764
1861 2 2 5 1 3048 2853 3049
1862 2 2 5 1 3062 668 3993
1863 2 2 5 1 1434 2624 2625
1864 2 2 5 1 1365 2081 4255
1865 2 2 5 1 2204 2206 2237
1866 2 2 5 1 2399 2400 3308
1867 2 2 5 1 4320 2003 4636
1868 2 2 5 1 1345 1348 1349
1869 2 2 5 1 2488 2466 3096
1870 2 2 5 1 775 3435 3436
1871 2 2 5 1 2382 2399 4343
1872 2 2 5 1 3129 3130 3131
1873 2 2 5 1 1792 1793 1794
1874 2 2 5 1 3172 3173 4972
1875 2 2 5 1 1748 2105 2262
1876 2 2 5 1 1672 2653 2654
1877 2 2 5 1 1776 2968 4017
1878 2 2 5 1 2890 2857 5102
1879 2 2 5 1 698 3899 4336
1880 2 2 5 1 4531 10 4552
1881 2 2 5 1 1722 1748 4330
1882 2 2 5 1 1539 2303 4971
1883 2 2 5 1 3118 1999 4269
1884 2 2 5 1 4229 3090 4769
1885 2 2 5 1 2376 2378 4775
1886 2 2 5 1 2639 3061 5025
1887 2 2 5 1 3322 719 3323
1888 2 2 5 1 3185 804 4290
1889 2 2 5 1 3359 3360 4411
1890 2 2 5 1 1665 1606 1666
1891 2 2 5 1 1799 1783 2598
1892 2 2 5 1 2524 2522 5195
1893 2 2 5 1 1936 1937 1938
1894 2 2 5 1 1944 1931 1951
1895 2 2 5 1 2115 1697 5233
1896 2 2 5 1 1238 1648 3363
1897 2 2 5 1 3952 3018 4641
1898 2 2 5 1 2865 4484 4639
1899 2 2 5 1 38 2976 4316
1900 2 2 5 1 3048 3052 3074
1901 2 2 5 1 2480 4761 5384
1902 2 2 5 1 2741 3847 3850
1903 2 2 5 1 3332 851 4234
1904 2 2 5 1 3183 2631 4864
1905 2 2 5 1 443 4484 4828
1906 2 2 5 1 2992 2994 3362
1907 2 2 5 1 2579 2578 2580
1908 2 2 5 1 4550 746 4582
1909 2 2 5 1 2018 2020 2180
1910 2 2 5 1 2761 2782 5155
1911 2 2 5 1 500 651 3501
1912 2 2 5 1 2853 2851 3049
1913 2 2 5 1 2112 1693 5362
1914 2 2 5 1 1941 1943 3328
1915 2 2 5 1 1764 1426 4363
1916 2 2 5 1 3374 1260 3375
1917 2 2 5 1 4754 1875 4950
1918 2 2 5 1 3289 3288 4380
1919 2 2 5 1 1665 1666 1776
1920 2 2 5 1 1789 1790 1792
1921 2 2 5 1 2698 2699 3117
1922 2 2 5 1 3075 875 4674
1923 2 2 5 1 1476 1519 1520
1924 2 2 5 1 3979 737 5272
1925 2 2 5 1 3018 3952 4882
1926 2 2 5 1 3665 3666 4109
1927 2 2 5 1 2216 2215 2217
1928 2 2 5 1 4320 2649 5055
1929 2 2 5 1 2109 2110 2543
1930 2 2 5 1 1088 1096 1129
1931 2 2 5 1 1808 1806 2882
1932 2 2 5 1 2569 2571 2957
1933 2 2 5 1 2562 2563 2564
1934 2 2 5 1 4539 2255 5079
1935 2 2 5 1 2864 2865 4639
1936 2 2 5 1 1352 1417 5101
1937 2 2 5 1 2818 2217 3106
1938 2 2 5 1 2052 2051 2053
1939 2 2 5 1 3385 2651 3387
1940 2 2 5 1 1596 2052 2054
1941 2 2 5 1 4402 2187 5364
1942 2 2 5 1 117 118 3455
1943 2 2 5 1 2321 2325 4618
1944 2 2 5 1 3056 885 3066
1945 2 2 5 1 1597 2043 2044
1946 2 2 5 1 2137 2138 2142
1947 2 2 5 1 2430 2433 3114
1948 2 2 5 1 1668 1670 1837
1949 2 2 5 1 2239 2241 3064
1950 2 2 5 1 2059 2057 2261
1951 2 2 5 1 4077 873 4258
1952 2 2 5 1 3934 2314 3935
1953 2 2 5 1 1760 1676 4539
1954 2 2 5 1 1997 4041 4881
1955 2 2 5 1 873 3163 4258
1956 2 2 5 1 2130 5180 5416
1957 2 2 5 1 2519 1396 5117
1958 2 2 5 1 3342 854 3343
1959 2 2 5 1 3652 2729 4220
1960 2 2 5 1 1380 1349 4267
1961 2 2 5 1 2406 2408 2940
1962 2 2 5 1 1970 1510 3937
1963 2 2 5 1 1884 1885 1886
1964 2 2 5 1 2695 2693 4285
1965 2 2 5 1 5069 4334 5147
1966 2 2 5 1 875 3075 4907
1967 2 2 5 1 2118 1764 2607
1968 2 2 5 1 874 3907 4627
1969 2 2 5 1 4183 1746 5282
1970 2 2 5 1 2681 2678 3078
1971 2 2 5 1 1201 4509 5352
1972 2 2 5 1 2255 3838 5079
1973 2 2 5 1 3425 3424 5319
1974 2 2 5 1 4120 1378 4613
1975 2 2 5 1 1091 1098 2489
1976 2 2 5 1 1115 1128 1134
1977 2 2 5 1 2197 2196 2198
1978 2 2 5 1 4512 3369 4702
1979 2 2 5 1 1786 1789 4966
1980 2 2 5 1 1588 1586 5368
1981 2 2 5 1 368 369 3462
1982 2 2 5 1 1449 1448 1453
1983 2 2 5 1 2934 4550 4986
1984 2 2 5 1 334 335 3657
1985 2 2 5 1 1621 3373 4820
1986 2 2 5 1 1462 1460 1463
1987 2 2 5 1 3262 3270 3271
1988 2 2 5 1 1520 1521 1522
1989 2 2 5 1 1410 2021 5406
1990 2 2 5 1 2524 3122 4774
1991 2 2 5 1 659 3101 5392
1992 2 2 5 1 3290 3241 3291
1993 2 2 5 1 1219 1136 2089
1994 2 2 5 1 3321 763 4804
1995 2 2 5 1 1404 2516 5371
1996 2 2 5 1 1561 1563 4400
1997 2 2 5 1 2132 4232 5002
1998 2 2 5 1 1594 1814 2833
1999 2 2 5 1 1224 2071 5229
2000 2 2 5 1 4613 1378 5310
2001 2 2 5 1 2987 1201 3043
2002 2 2 5 1 698 4336 4571
2003 2 2 5 1 1396 2519 5374
2004 2 2 5 1 2981 2982 4191
2005 2 2 5 1 2195 2193 2196
2006 2 2 5 1 3299 2621 3300
2007 2 2 5 1 2916 773 4248
2008 2 2 5 1 2965 2962 4608
2009 2 2 5 1 4859 1279 5122
2010 2 2 5 1 865 3159 3184
2011 2 2 5 1 4262 3168 4705
2012 2 2 5 1 4887 688 4924
2013 2 2 5 1 2424 2425 2429
2014 2 2 5 1 1378 4121 4122
2015 2 2 5 1 2479 2350 5384
2016 2 2 5 1 2480 3480 4761
2017 2 2 5 1 3060 1029 4197
2018 2 2 5 1 2519 3882 5374
2019 2 2 5 1 694 4311 4529
2020 2 2 5 1 1777 2145 2668
2021 2 2 5 1 2434 2440 3111
2022 2 2 5 1 1811 2029 2030
2023 2 2 5 1 2699 2702 3117
2024 2 2 5 1 3047 2853 3048
2025 2 2 5 1 3237 3253 3286
2026 2 2 5 1 3325 3326 3941
2027 2 2 5 1 2345 2396 2978
2028 2 2 5 1 4237 1544 5336
2029 2 2 5 1 3126 813 4057
2030 2 2 5 1 3287 4297 4380
2031 2 2 5 1 1201 2988 4509
2032 2 2 5 1 3071 2287 3072
2033 2 2 5 1 2784 4887 4924
2034 2 2 5 1 4373 1324 4541
2035 2 2 5 1 2939 3319 3321
2036 2 2 5 1 1364 1363 1365
2037 2 2 5 1 2505 3070 4983
2038 2 2 5 1 2192 2191 2193
2039 2 2 5 1 1198 1141 2183
2040 2 2 5 1 3036 754 3983
2041 2 2 5 1 1047 1046 1130
2042 2 2 5 1 2907 2063 4529
2043 2 2 5 1 3286 3253 3287
2044 2 2 5 1 3156 3839 5149
2045 2 2 5 1 2448 2449 2465
2046 2 2 5 1 2272 1371 5387
2047 2 2 5 1 2593 2592 2594
2048 2 2 5 1 1661 2593 2871
2049 2 2 5 1 1897 1899 1900
2050 2 2 5 1 1157 1180 5278
2051 2 2 5 1 3909 2830 5436
2052 2 2 5 1 3245 3262 4543
2053 2 2 5 1 3089 2532 4667
2054 2 2 5 1 127 128 3405
2055 2 2 5 1 2655 2656 4929
2056 2 2 5 1 3064 3065 5415
2057 2 2 5 1 3189 3190 3211
2058 2 2 5 1 2937 2748 3807
2059 2 2 5 1 167 4437 4972
2060 2 2 5 1 1603 1516 1604
2061 2 2 5 1 833 3345 5157
2062 2 2 5 1 2817 2815 3338
2063 2 2 5 1 885 3056 3347
2064 2 2 5 1 1383 2277 5442
2065 2 2 5 1 1180 1262 2084
2066 2 2 5 1 1983 2972 3035
2067 2 2 5 1 4494 2096 4501
2068 2 2 5 1 2976 38 5216
2069 2 2 5 1 1343 1344 1345
2070 2 2 5 1 1203 1305 2012
2071 2 2 5 1 1890 3098 3136
2072 2 2 5 1 2982 2983 2984
2073 2 2 5 1 2562 2561 2563
2074 2 2 5 1 2190 2189 2191
2075 2 2 5 1 2654 4660 5143
2076 2 2 5 1 2208 2666 2667
2077 2 2 5 1 1622 1777 4377
2078 2 2 5 1 4861 661 5064
2079 2 2 5 1 787 119 3457
2080 2 2 5 1 2997 686 4388
2081 2 2 5 1 4101 2233 4659
2082 2 2 5 1 2608 3770 4547
2083 2 2 5 1 1173 4562 4575
2084 2 2 5 1 2011 3121 3364
2085 2 2 5 1 2245 2506 3093
2086 2 2 5 1 2077 1356 5393
2087 2 2 5 1 2018 2180 2861
2088 2 2 5 1 1283 2037 5254
2089 2 2 5 1 733 3345 4554
2090 2 2 5 1 53 3184 5332
2091 2 2 5 1 3039 1306 3310
2092 2 2 5 1 2168 2161 3453
2093 2 2 5 1 3069 2828 5177
2094 2 2 5 1 734 3149 3157
2095 2 2 5 1 2516 2517 5371
2096 2 2 5 1 3183 4864 5405
2097 2 2 5 1 1252 1229 1253
2098 2 2 5 1 1515 1512 1516
2099 2 2 5 1 2066 2065 2601
2100 2 2 5 1 2111 2109 2935
2101 2 2 5 1 4375 3761 4376
2102 2 2 5 1 2954 652 4919
2103 2 2 5 1 2144 4029 4073
2104 2 2 5 1 2778 2147 4796
2105 2 2 5 1 4667 2532 4792
2106 2 2 5 1 2170 2169 2171
2107 2 2 5 1 4704 2787 5006
2108 2 2 5 1 3289 691 4500
2109 2 2 5 1 2186 2185 2189
2110 2 2 5 1 1148 1135 3999
2111 2 2 5 1 2152 2153 2903
2112 2 2 5 1 2341 2340 2342
2113 2 2 5 1 3303 1879 4235
2114 2 2 5 1 1408 1420 3984
2115 2 2 5 1 1283 1285 5367
2116 2 2 5 1 735 3077 3437
2117 2 2 5 1 3309 2777 4331
2118 2 2 5 1 1739 1741 2121
2119 2 2 5 1 2270 1757 3095
2120 2 2 5 1 2905 1352 5101
2121 2 2 5 1 1902 1986 2908
2122 2 2 5 1 4480 3995 4533
2123 2 2 5 1 2886 2058 2887
2124 2 2 5 1 1291 2033 5401
2125 2 2 5 1 2986 3845 4253
2126 2 2 5 1 1278 2039 5403
2127 2 2 5 1 1193 1192 1194
2128 2 2 5 1 3772 3209 4789
2129 2 2 5 1 1172 1117 1174
2130 2 2 5 1 1033 1037 1126
2131 2 2 5 1 1528 3346 4348
2132 2 2 5 1 1775 2545 2546
2133 2 2 5 1 2184 2183 2185
2134 2 2 5 1 3994 995 5105
2135 2 2 5 1 1511 1509 1512
2136 2 2 5 1 3390 2945 3446
2137 2 2 5 1 3129 2357 3130
2138 2 2 5 1 2408 2453 2940
2139 2 2 5 1 2390 2335 3043
2140 2 2 5 1 1463 1460 4561
2141 2 2 5 1 2040 2814 4284
2142 2 2 5 1 1939 1941 1942
2143 2 2 5 1 1230 1174 2915
2144 2 2 5 1 3334 3333 4578
2145 2 2 5 1 3343 854 3801
2146 2 2 5 1 779 4453 4681
2147 2 2 5 1 2171 2169 2637
2148 2 2 5 1 2857 2890 4704
2149 2 2 5 1 1163 1190 1191
2150 2 2 5 1 1188 4098 4409
2151 2 2 5 1 2291 2288 3071
2152 2 2 5 1 3018 3017 4187
2153 2 2 5 1 1121 1160 5448
2154 2 2 5 1 1814 1593 1815
2155 2 2 5 1 2875 1743 2876
2156 2 2 5 1 2870 2627 5025
2157 2 2 5 1 2908 1986 4295
2158 2 2 5 1 1602 1841 2119
2159 2 2 5 1 2960 1583 4466
2160 2 2 5 1 3083 852 3501
2161 2 2 5 1 1106 1107 1127
2162 2 2 5 1 2884 2088 3342
2163 2 2 5 1 4293 4292 4820
2164 2 2 5 1 805 3302 3303
2165 2 2 5 1 4520 2385 4852
2166 2 2 5 1 1074 1070 4811
2167 2 2 5 1 3977 4287 4586
2168 2 2 5 1 3448 1306 5404
2169 2 2 5 1 2462 3005 4015
2170 2 2 5 1 2131 2130 5416
2171 2 2 5 1 1508 1507 1509
2172 2 2 5 1 1749 1732 2603
2173 2 2 5 1 2065 1745 4692
2174 2 2 5 1 266 4327 4600
2175 2 2 5 1 1832 1831 1839
2176 2 2 5 1 2424 2429 2450
2177 2 2 5 1 659 2949 5293
2178 2 2 5 1 3092 4640 4890
2179 2 2 5 1 4235 1879 4448
2180 2 2 5 1 2336 2338 3486
2181 2 2 5 1 1589 1588 1590
2182 2 2 5 1 3237 3239 3253
2183 2 2 5 1 1781 1782 1783
2184 2 2 5 1 1942 1948 2315
2185 2 2 5 1 1558 3079 5256
2186 2 2 5 1 3033 2236 4233
2187 2 2 5 1 192 193 3430
2188 2 2 5 1 2213 2198 5125
2189 2 2 5 1 1889 4485 4803
2190 2 2 5 1 1099 1132 5238
2191 2 2 5 1 4714 3109 4715
2192 2 2 5 1 1177 3333 3334
2193 2 2 5 1 4612 3110 4914
2194 2 2 5 1 2554 2559 2951
2195 2 2 5 1 1757 1653 3095
2196 2 2 5 1 2750 1334 2950
2197 2 2 5 1 1663 1430 4547
2198 2 2 5 1 2995 1366 4504
2199 2 2 5 1 2039 4378 5403
2200 2 2 5 1 1775 1599 2545
2201 2 2 5 1 3531 2832 3532
2202 2 2 5 1 2419 2421 2422
2203 2 2 5 1 2466 2471 3096
2204 2 2 5 1 1187 3418 3998
2205 2 2 5 1 801 2969 4693
2206 2 2 5 1 4488 2070 5458
2207 2 2 5 1 3235 3237 3286
2208 2 2 5 1 737 3888 5272
2209 2 2 5 1 3476 1759 4609
2210 2 2 5 1 1201 1159 3465
2211 2 2 5 1 805 3303 4235
2212 2 2 5 1 1889 2893 4485
2213 2 2 5 1 1610 1765 5431
2214 2 2 5 1 1889 1633 2606
2215 2 2 5 1 2434 2436 2440
2216 2 2 5 1 2964 2962 2965
2217 2 2 5 1 3380 2914 4792
2218 2 2 5 1 3807 2748 4177
2219 2 2 5 1 2194 3419 4061
2220 2 2 5 1 1881 1880 3104
2221 2 2 5 1 4345 1700 4946
2222 2 2 5 1 2979 3382 4740
2223 2 2 5 1 1401 1418 3877
2224 2 2 5 1 2742 4372 4541
2225 2 2 5 1 1456 1451 5071
2226 2 2 5 1 1530 1531 1532
2227 2 2 5 1 4118 1084 4505
2228 2 2 5 1 995 3452 5105
2229 2 2 5 1 3478 815 4952
2230 2 2 5 1 4631 686 4686
2231 2 2 5 1 2614 2615 2620
2232 2 2 5 1 1175 1117 1774
2233 2 2 5 1 2237 3669 5262
2234 2 2 5 1 2580 2582 2583
2235 2 2 5 1 2571 2573 2576
2236 2 2 5 1 1402 4166 4837
2237 2 2 5 1 482 483 3404
2238 2 2 5 1 1618 1622 5413
2239 2 2 5 1 2940 2453 2941
2240 2 2 5 1 3167 2508 4655
2241 2 2 5 1 2664 2579 2757
2242 2 2 5 1 3352 682 3445
2243 2 2 5 1 1768 2640 3123
2244 2 2 5 1 2586 2957 4369
2245 2 2 5 1 424 425 3488
2246 2 2 5 1 2937 3807 4913
2247 2 2 5 1 3849 779 4681
2248 2 2 5 1 3807 771 4913
2249 2 2 5 1 1591 1590 1592
2250 2 2 5 1 4400 2000 5361
2251 2 2 5 1 1807 1806 1808
2252 2 2 5 1 2879 2880 5292
2253 2 2 5 1 1783 1784 1785
2254 2 2 5 1 2406 2407 2408
2255 2 2 5 1 1929 1930 1931
2256 2 2 5 1 3231 3233 3248
2257 2 2 5 1 3382 2396 4236
2258 2 2 5 1 2892 763 4701
2259 2 2 5 1 3021 1759 4524
2260 2 2 5 1 2045 2980 5157
2261 2 2 5 1 1527 1529 1530
2262 2 2 5 1 1614 1616 5266
2263 2 2 5 1 1660 4816 5085
2264 2 2 5 1 2590 4631 4686
2265 2 2 5 1 838 3031 3445
2266 2 2 5 1 1627 1963 4579
2267 2 2 5 1 2521 3878 3880
2268 2 2 5 1 3669 2237 5088
2269 2 2 5 1 1126 1165 1334
2270 2 2 5 1 4765 4518 4877
2271 2 2 5 1 3082 4157 4221
2272 2 2 5 1 2681 3078 3442
2273 2 2 5 1 4746 1489 4832
2274 2 2 5 1 1231 1232 5398
2275 2 2 5 1 2428 2486 4059
2276 2 2 5 1 4107 1467 5115
2277 2 2 5 1 3953 3138 4311
2278 2 2 5 1 4905 3321 5012
2279 2 2 5 1 3189 3188 3190
2280 2 2 5 1 2109 2543 2935
2281 2 2 5 1 1115 1167 1818
2282 2 2 5 1 4484 2865 4828
2283 2 2 5 1 1620 4292 4819
2284 2 2 5 1 3321 3384 5012
2285 2 2 5 1 2991 2505 4023
2286 2 2 5 1 1146 1133 4281
2287 2 2 5 1 1316 1269 4559
2288 2 2 5 1 2536 1392 5426
2289 2 2 5 1 2473 2391 2475
2290 2 2 5 1 851 3332 4912
2291 2 2 5 1 672 3909 5436
2292 2 2 5 1 3984 1420 3985
2293 2 2 5 1 1253 1255 4027
2294 2 2 5 1 2500 2174 3145
2295 2 2 5 1 1339 1335 2316
2296 2 2 5 1 898 3470 3494
2297 2 2 5 1 2903 2153 2904
2298 2 2 5 1 3037 2929 4768
2299 2 2 5 1 2216 2217 2818
2300 2 2 5 1 2485 2484 2487
2301 2 2 5 1 830 4073 4361
2302 2 2 5 1 2430 2432 2433
2303 2 2 5 1 3441 4654 4776
2304 2 2 5 1 1418 4051 5314
2305 2 2 5 1 2342 2344 4028
2306 2 2 5 1 1398 1401 5255
2307 2 2 5 1 4654 878 4776
2308 2 2 5 1 1774 4616 4903
2309 2 2 5 1 1525 1526 1527
2310 2 2 5 1 2957 2958 4369
2311 2 2 5 1 2901 1951 3656
2312 2 2 5 1 700 2792 5174
2313 2 2 5 1 1182 1220 1836
2314 2 2 5 1 3309 4331 4874
2315 2 2 5 1 3196 3199 3381
2316 2 2 5 1 1549 2137 3484
2317 2 2 5 1 834 3750 4540
2318 2 2 5 1 3267 3272 3317
2319 2 2 5 1 2792 700 4961
2320 2 2 5 1 697 3910 4275
2321 2 2 5 1 4284 2131 5416
2322 2 2 5 1 655 3017 3018
2323 2 2 5 1 2270 3095 3143
2324 2 2 5 1 1406 1408 5269
2325 2 2 5 1 3009 3179 4800
2326 2 2 5 1 1520 1602 5000
2327 2 2 5 1 3182 4333 4384
2328 2 2 5 1 763 2892 4804
2329 2 2 5 1 1608 1610 5431
2330 2 2 5 1 1233 1217 1234
2331 2 2 5 1 4794 2115 5233
2332 2 2 5 1 2044 2043 2098
2333 2 2 5 1 2608 2607 5005
2334 2 2 5 1 2597 2596 5452
2335 2 2 5 1 2874 4514 4604
2336 2 2 5 1 2472 2473 2474
2337 2 2 5 1 3190 3192 3193
2338 2 2 5 1 2939 3318 3319
2339 2 2 5 1 4610 5163 5374
2340 2 2 5 1 2267 3371 4527
2341 2 2 5 1 2217 2219 3106
2342 2 2 5 1 3857 1662 3858
2343 2 2 5 1 1891 1894 3098
2344 2 2 5 1 666 3093 5022
2345 2 2 5 1 2315 1948 2492
2346 2 2 5 1 1747 2281 2525
2347 2 2 5 1 1329 1330 1331
2348 2 2 5 1 4466 1583 4830
2349 2 2 5 1 3298 841 3316
2350 2 2 5 1 1971 3939 4187
2351 2 2 5 1 3187 3186 3188
2352 2 2 5 1 2327 2324 2328
2353 2 2 5 1 133 3147 4685
2354 2 2 5 1 903 3396 4914
2355 2 2 5 1 1794 1795 1796
2356 2 2 5 1 3121 2011 3393
2357 2 2 5 1 1233 1276 2632
2358 2 2 5 1 3210 3797 4086
2359 2 2 5 1 1216 1183 1217
2360 2 2 5 1 1338 1340 1341
2361 2 2 5 1 2278 1421 5442
2362 2 2 5 1 1260 1170 4884
2363 2 2 5 1 1745 1708 5338
2364 2 2 5 1 2951 2559 2952
2365 2 2 5 1 4297 691 4380
2366 2 2 5 1 4562 3084 4575
2367 2 2 5 1 2608 5005 5198
2368 2 2 5 1 3144 713 5083
2369 2 2 5 1 1155 1096 1156
2370 2 2 5 1 1441 1440 1454
2371 2 2 5 1 2221 2223 3020
2372 2 2 5 1 841 3298 3317
2373 2 2 5 1 4101 2252 4658
2374 2 2 5 1 1506 1505 1507
2375 2 2 5 1 1098 1153 2489
2376 2 2 5 1 3942 2922 4585
2377 2 2 5 1 689 4244 4461
2378 2 2 5 1 3112 4198 4611
2379 2 2 5 1 254 255 3479
2380 2 2 5 1 2968 3325 4017
2381 2 2 5 1 2323 2322 2324
2382 2 2 5 1 783 3136 4976
2383 2 2 5 1 1647 1646 1658
2384 2 2 5 1 612 798 3176
2385 2 2 5 1 2756 3144 5083
2386 2 2 5 1 2929 3037 4690
2387 2 2 5 1 1387 1390 5440
2388 2 2 5 1 1224 1200 1225
2389 2 2 5 1 1182 1156 1183
2390 2 2 5 1 4739 1164 4773
2391 2 2 5 1 1759 3476 5073
2392 2 2 5 1 2451 2448 2772
2393 2 2 5 1 2368 4015 5265
2394 2 2 5 1 1528 1524 1981
2395 2 2 5 1 746 2933 4545
2396 2 2 5 1 3831 3884 4102
2397 2 2 5 1 1704 1706 5414
2398 2 2 5 1 1336 1337 1338
2399 2 2 5 1 1902 1903 1986
2400 2 2 5 1 1759 3021 4609
2401 2 2 5 1 3199 3213 3381
2402 2 2 5 1 2115 4044 4067
2403 2 2 5 1 1503 1780 5185
2404 2 2 5 1 2413 2416 3362
2405 2 2 5 1 1269 1271 5180
2406 2 2 5 1 1417 1354 4109
2407 2 2 5 1 3884 3883 4102
2408 2 2 5 1 1159 1037 2788
2409 2 2 5 1 4633 2452 4634
2410 2 2 5 1 128 643 3405
2411 2 2 5 1 4036 749 4474
2412 2 2 5 1 3178 294 5178
2413 2 2 5 1 3072 708 5015
2414 2 2 5 1 610 804 3185
2415 2 2 5 1 292 803 3305
2416 2 2 5 1 3303 3302 4436
2417 2 2 5 1 2773 2610 4019
2418 2 2 5 1 3163 2900 4258
2419 2 2 5 1 1548 3019 4497
2420 2 2 5 1 3487 1544 3505
2421 2 2 5 1 1539 1529 2302
2422 2 2 5 1 1334 1335 1336
2423 2 2 5 1 1658 1646 2276
2424 2 2 5 1 2448 2447 2449
2425 2 2 5 1 2517 3868 4277
2426 2 2 5 1 1756 1653 1757
2427 2 2 5 1 2864 4639 4778
2428 2 2 5 1 2321 2320 2322
2429 2 2 5 1 2820 2524 4774
2430 2 2 5 1 3665 2077 5331
2431 2 2 5 1 899 3335 4748
2432 2 2 5 1 1364 1365 4255
2433 2 2 5 1 2970 2917 3470
2434 2 2 5 1 797 2860 3335
2435 2 2 5 1 1331 1346 1347
2436 2 2 5 1 2870 1359 3970
2437 2 2 5 1 1199 1179 1200
2438 2 2 5 1 3005 2462 4146
2439 2 2 5 1 3345 833 4554
2440 2 2 5 1 2225 2227 3033
2441 2 2 5 1 4522 2480 5384
2442 2 2 5 1 2416 2992 3362
2443 2 2 5 1 3034 1100 3508
2444 2 2 5 1 2317 2316 2320
2445 2 2 5 1 1963 2298 2827
2446 2 2 5 1 2047 2048 2614
2447 2 2 5 1 2920 3439 4433
2448 2 2 5 1 2762 4531 4552
2449 2 2 5 1 2355 2360 5450
2450 2 2 5 1 2616 2048 2618
2451 2 2 5 1 3016 655 4465
2452 2 2 5 1 4206 3062 5280
2453 2 2 5 1 2084 1262 3955
2454 2 2 5 1 2630 2628 2631
2455 2 2 5 1 4148 2671 4555
2456 2 2 5 1 1191 1190 1192
2457 2 2 5 1 1426 1424 5443
2458 2 2 5 1 729 3499 5051
2459 2 2 5 1 2084 3955 4530
2460 2 2 5 1 1178 1152 1179
2461 2 2 5 1 1074 4148 4555
2462 2 2 5 1 2076 3604 4986
2463 2 2 5 1 4437 3172 4972
2464 2 2 5 1 2959 2674 3159
2465 2 2 5 1 3254 3255 3398
2466 2 2 5 1 1949 1950 2311
2467 2 2 5 1 1929 1944 3422
2468 2 2 5 1 3390 3389 4362
2469 2 2 5 1 831 3307 3433
2470 2 2 5 1 4360 2150 5410
2471 2 2 5 1 2531 4549 4580
2472 2 2 5 1 3840 3323 4965
2473 2 2 5 1 4322 1143 5024
2474 2 2 5 1 2259 2152 2260
2475 2 2 5 1 2554 2556 2559
2476 2 2 5 1 2069 1331 5458
2477 2 2 5 1 3421 2135 4326
2478 2 2 5 1 5400 4254 5450
2479 2 2 5 1 1185 4213 4483
2480 2 2 5 1 2825 5030 5234
2481 2 2 5 1 2174 2171 3145
2482 2 2 5 1 4158 1780 5237
2483 2 2 5 1 3049 3050 5261
2484 2 2 5 1 1151 1107 1152
2485 2 2 5 1 1932 1934 1936
2486 2 2 5 1 1091 2489 4617
2487 2 2 5 1 3116 4861 5064
2488 2 2 5 1 2360 2362 5400
2489 2 2 5 1 2372 4089 5276
2490 2 2 5 1 2625 2624 2633
2491 2 2 5 1 2229 2231 3044
2492 2 2 5 1 2433 2434 3111
2493 2 2 5 1 3415 3757 4471
2494 2 2 5 1 1506 1510 1968
2495 2 2 5 1 3241 3242 3293
2496 2 2 5 1 2654 2653 2655
2497 2 2 5 1 751 3337 3986
2498 2 2 5 1 2438 2446 5281
2499 2 2 5 1 2896 2897 4381
2500 2 2 5 1 2471 2550 2551
2501 2 2 5 1 2647 2646 3005
2502 2 2 5 1 2970 898 4270
2503 2 2 5 1 1432 1663 5246
2504 2 2 5 1 2595 1373 4814
2505 2 2 5 1 4354 791 4517
2506 2 2 5 1 352 4995 5023
2507 2 2 5 1 5030 676 5234
2508 2 2 5 1 1944 2902 3422
2509 2 2 5 1 2181 2068 2182
2510 2 2 5 1 936 4349 4408
2511 2 2 5 1 3323 3840 4460
2512 2 2 5 1 630 631 899
2513 2 2 5 1 312 313 3124
2514 2 2 5 1 2446 2467 5281
2515 2 2 5 1 2085 1656 2086
2516 2 2 5 1 1786 1788 1789
2517 2 2 5 1 2380 2382 5445
2518 2 2 5 1 1523 1524 1525
2519 2 2 5 1 1587 1582 3995
2520 2 2 5 1 1193 2003 5459
2521 2 2 5 1 4150 2864 4778
2522 2 2 5 1 1883 1601 1884
2523 2 2 5 1 1880 1952 2491
2524 2 2 5 1 2315 2492 4196
2525 2 2 5 1 2120 4276 5000
2526 2 2 5 1 1625 4298 5243
2527 2 2 5 1 1984 1982 4458
2528 2 2 5 1 2942 1143 4322
2529 2 2 5 1 3153 772 4867
2530 2 2 5 1 1281 1323 4511
2531 2 2 5 1 711 2967 4440
2532 2 2 5 1 840 3065 5383
2533 2 2 5 1 3297 2845 4323
2534 2 2 5 1 1541 1538 5289
2535 2 2 5 1 682 252 3445
2536 2 2 5 1 253 838 3445
2537 2 2 5 1 3051 3049 5261
2538 2 2 5 1 1440 1435 5342
2539 2 2 5 1 4287 2078 4586
2540 2 2 5 1 3365 1167 4955
2541 2 2 5 1 2446 2445 2447
2542 2 2 5 1 1177 1161 4164
2543 2 2 5 1 1372 1369 4757
2544 2 2 5 1 1722 1723 1724
2545 2 2 5 1 4493 1992 4494
2546 2 2 5 1 1219 2089 4405
2547 2 2 5 1 1105 1102 3034
2548 2 2 5 1 2484 2352 5072
2549 2 2 5 1 2655 3836 4660
2550 2 2 5 1 1931 1932 2822
2551 2 2 5 1 1982 1981 2856
2552 2 2 5 1 3147 696 4174
2553 2 2 5 1 2997 2024 4185
2554 2 2 5 1 2370 2372 5276
2555 2 2 5 1 4793 4765 4877
2556 2 2 5 1 1726 1747 4565
2557 2 2 5 1 1668 1837 2968
2558 2 2 5 1 2702 2704 2706
2559 2 2 5 1 2366 2368 5265
2560 2 2 5 1 1562 1661 5308
2561 2 2 5 1 1350 4613 5310
2562 2 2 5 1 2234 2239 3063
2563 2 2 5 1 4857 1263 4891
2564 2 2 5 1 3084 2963 4129
2565 2 2 5 1 2006 1947 4046
2566 2 2 5 1 211 3100 4491
2567 2 2 5 1 1191 1197 1972
2568 2 2 5 1 55 56 3485
2569 2 2 5 1 2660 2565 3327
2570 2 2 5 1 2052 2053 3312
2571 2 2 5 1 2408 2410 2453
2572 2 2 5 1 1468 1473 1598
2573 2 2 5 1 2303 2302 2304
2574 2 2 5 1 2898 2006 4046
2575 2 2 5 1 4046 4723 5298
2576 2 2 5 1 2874 2873 4514
2577 2 2 5 1 1199 1249 4583
2578 2 2 5 1 1839 1831 2756
2579 2 2 5 1 2422 2815 2816
2580 2 2 5 1 1414 1503 5185
2581 2 2 5 1 1737 1738 1739
2582 2 2 5 1 1304 1377 4324
2583 2 2 5 1 1939 1942 5284
2584 2 2 5 1 869 4669 5272
2585 2 2 5 1 1289 1324 4432
2586 2 2 5 1 2678 2680 3078
2587 2 2 5 1 1175 1774 4189
2588 2 2 5 1 1734 1736 1737
2589 2 2 5 1 3080 764 3771
2590 2 2 5 1 1120 4739 4740
2591 2 2 5 1 2394 2328 4897
2592 2 2 5 1 2138 2139 2140
2593 2 2 5 1 3097 720 4632
2594 2 2 5 1 3227 3296 4314
2595 2 2 5 1 1732 1733 1734
2596 2 2 5 1 3341 2597 3414
2597 2 2 5 1 2619 2618 2844
2598 2 2 5 1 1730 1731 1732
2599 2 2 5 1 2306 2307 2309
2600 2 2 5 1 1023 1024 1119
2601 2 2 5 1 4995 2971 5023
2602 2 2 5 1 1728 1729 1730
2603 2 2 5 1 2654 2655 4660
2604 2 2 5 1 1610 1611 1612
2605 2 2 5 1 1448 1447 5453
2606 2 2 5 1 3047 3048 3074
2607 2 2 5 1 3793 3281 4341
2608 2 2 5 1 1726 1727 1728
2609 2 2 5 1 1498 4033 4034
2610 2 2 5 1 2014 3141 4878
2611 2 2 5 1 4390 2509 5356
2612 2 2 5 1 1724 1725 1726
2613 2 2 5 1 1359 2870 3972
2614 2 2 5 1 2054 2052 2271
2615 2 2 5 1 1019 1021 1046
2616 2 2 5 1 3111 2440 3112
2617 2 2 5 1 1489 4746 4885
2618 2 2 5 1 1160 1121 1161
2619 2 2 5 1 3250 3254 4602
2620 2 2 5 1 1739 1740 1741
2621 2 2 5 1 1445 1443 1446
2622 2 2 5 1 3666 1417 4109
2623 2 2 5 1 3133 3899 4354
2624 2 2 5 1 3899 3133 4336
2625 2 2 5 1 1886 1885 1905
2626 2 2 5 1 2627 2639 5025
2627 2 2 5 1 2598 2599 4140
2628 2 2 5 1 4410 2112 5362
2629 2 2 5 1 4129 747 4209
2630 2 2 5 1 3261 3265 3277
2631 2 2 5 1 708 3072 4397
2632 2 2 5 1 4715 1250 5061
2633 2 2 5 1 3977 1765 4119
2634 2 2 5 1 1412 1642 5167
2635 2 2 5 1 664 3332 5261
2636 2 2 5 1 3011 4576 4795
2637 2 2 5 1 2012 1305 4518
2638 2 2 5 1 2400 2402 2504
2639 2 2 5 1 3373 1171 4293
2640 2 2 5 1 2299 2104 4129
2641 2 2 5 1 2034 4149 4245
2642 2 2 5 1 1811 2028 2029
2643 2 2 5 1 3521 4859 5122
2644 2 2 5 1 2408 2409 2410
2645 2 2 5 1 1579 1577 4563
2646 2 2 5 1 2284 2283 3397
2647 2 2 5 1 1225 4100 5429
2648 2 2 5 1 1637 1810 1811
2649 2 2 5 1 1655 2085 2088
2650 2 2 5 1 2403 2405 2406
2651 2 2 5 1 693 482 3404
2652 2 2 5 1 1674 1760 5420
2653 2 2 5 1 1423 1422 1424
2654 2 2 5 1 763 3321 4905
2655 2 2 5 1 1635 1636 1637
2656 2 2 5 1 1029 1030 2750
2657 2 2 5 1 3069 436 4510
2658 2 2 5 1 3653 2626 5015
2659 2 2 5 1 4106 1719 5219
2660 2 2 5 1 1464 1467 4107
2661 2 2 5 1 1633 1634 1635
2662 2 2 5 1 3077 735 4077
2663 2 2 5 1 1020 1011 1114
2664 2 2 5 1 1774 1117 5366
2665 2 2 5 1 3836 2655 4929
2666 2 2 5 1 193 774 3430
2667 2 2 5 1 1631 1632 1633
2668 2 2 5 1 4906 3577 4962
2669 2 2 5 1 1982 2856 4458
2670 2 2 5 1 1631 1889 4803
2671 2 2 5 1 1629 1630 1631
2672 2 2 5 1 3196 3198 3199
2673 2 2 5 1 1743 1752 5437
2674 2 2 5 1 2667 2666 2761
2675 2 2 5 1 2184 2187 4581
2676 2 2 5 1 1627 1628 1629
2677 2 2 5 1 4314 810 4396
2678 2 2 5 1 2767 4278 4288
2679 2 2 5 1 1992 4493 4807
2680 2 2 5 1 1624 1625 1627
2681 2 2 5 1 1147 1218 4501
2682 2 2 5 1 2517 4926 5371
2683 2 2 5 1 1622 1623 1624
2684 2 2 5 1 1047 1131 4536
2685 2 2 5 1 745 3212 4071
2686 2 2 5 1 4779 1588 5368
2687 2 2 5 1 1799 2598 2828
2688 2 2 5 1 3905 4732 4872
2689 2 2 5 1 3182 800 4333
2690 2 2 5 1 1814 1815 1908
2691 2 2 5 1 148 684 3383
2692 2 2 5 1 810 3295 4637
2693 2 2 5 1 4311 2907 4529
2694 2 2 5 1 2243 2245 3093
2695 2 2 5 1 3250 3251 3252
2696 2 2 5 1 1657 1637 2747
2697 2 2 5 1 3048 3049 3051
2698 2 2 5 1 1390 1391 1392
2699 2 2 5 1 1618 1619 1622
2700 2 2 5 1 3148 743 4925
2701 2 2 5 1 1993 4884 5153
2702 2 2 5 1 4289 804 5245
2703 2 2 5 1 1410 1412 5167
2704 2 2 5 1 1616 1617 1618
2705 2 2 5 1 3247 3249 3250
2706 2 2 5 1 1806 2265 2882
2707 2 2 5 1 3699 4208 4652
2708 2 2 5 1 1404 1406 5150
2709 2 2 5 1 2172 2171 2174
2710 2 2 5 1 4273 4475 4957
2711 2 2 5 1 2456 2444 2458
2712 2 2 5 1 1612 1613 1614
2713 2 2 5 1 1614 1615 1616
2714 2 2 5 1 1936 1949 4385
2715 2 2 5 1 1021 1045 1115
2716 2 2 5 1 1023 1143 2942
2717 2 2 5 1 3136 3098 4976
2718 2 2 5 1 3399 821 3401
2719 2 2 5 1 2305 2304 4487
2720 2 2 5 1 1566 1596 5268
2721 2 2 5 1 1264 1232 1265
2722 2 2 5 1 1497 4049 4050
2723 2 2 5 1 4283 2131 4284
2724 2 2 5 1 1528 1983 3346
2725 2 2 5 1 1944 1951 2901
2726 2 2 5 1 4190 1552 5215
2727 2 2 5 1 2624 1432 5246
2728 2 2 5 1 1873 3413 4317
2729 2 2 5 1 3261 3264 3265
2730 2 2 5 1 4067 1716 5192
2731 2 2 5 1 1766 1768 3123
2732 2 2 5 1 1306 3039 4713
2733 2 2 5 1 2374 2376 5195
2734 2 2 5 1 2428 2485 2486
2735 2 2 5 1 2896 3916 4462
2736 2 2 5 1 3245 3246 3247
2737 2 2 5 1 3488 783 4976
2738 2 2 5 1 2066 2931 4060
2739 2 2 5 1 1824 1826 1827
2740 2 2 5 1 2341 2352 2427
2741 2 2 5 1 1433 1432 1434
2742 2 2 5 1 3460 2480 4522
2743 2 2 5 1 3006 3005 5279
2744 2 2 5 1 1431 1430 1432
2745 2 2 5 1 4383 3182 4384
2746 2 2 5 1 3133 4354 4517
2747 2 2 5 1 1603 1604 5357
2748 2 2 5 1 2077 3665 4109
2749 2 2 5 1 3442 3078 5136
2750 2 2 5 1 3318 2278 3319
2751 2 2 5 1 1876 1737 2759
2752 2 2 5 1 4244 2494 4461
2753 2 2 5 1 1805 1794 2907
2754 2 2 5 1 1429 1428 1430
2755 2 2 5 1 147 148 3383
2756 2 2 5 1 2910 2911 3333
2757 2 2 5 1 740 368 3462
2758 2 2 5 1 369 821 3462
2759 2 2 5 1 1585 1582 1586
2760 2 2 5 1 335 738 3657
2761 2 2 5 1 814 334 3657
2762 2 2 5 1 1231 1207 1232
2763 2 2 5 1 1425 1424 1426
2764 2 2 5 1 1427 1426 1428
2765 2 2 5 1 762 4763 4933
2766 2 2 5 1 1503 1778 1779
2767 2 2 5 1 1252 1295 1906
2768 2 2 5 1 1580 1579 1582
2769 2 2 5 1 2479 3134 3497
2770 2 2 5 1 1414 1502 1503
2771 2 2 5 1 3097 2551 3324
2772 2 2 5 1 2461 2460 2463
2773 2 2 5 1 1948 2005 3156
2774 2 2 5 1 2871 2593 3031
2775 2 2 5 1 1578 1577 1579
2776 2 2 5 1 1412 1413 1414
2777 2 2 5 1 2443 2457 4134
2778 2 2 5 1 1410 1411 1412
2779 2 2 5 1 3757 3415 5239
2780 2 2 5 1 2138 2136 2139
2781 2 2 5 1 1972 1973 2910
2782 2 2 5 1 4191 2455 4897
2783 2 2 5 1 829 3325 3941
2784 2 2 5 1 3005 4146 5279
2785 2 2 5 1 3332 3051 5261
2786 2 2 5 1 3081 2463 4089
2787 2 2 5 1 1408 1409 1410
2788 2 2 5 1 3464 1154 5267
2789 2 2 5 1 1350 1344 2093
2790 2 2 5 1 1470 1463 4568
2791 2 2 5 1 2576 2573 5103
2792 2 2 5 1 1406 1407 1408
2793 2 2 5 1 2571 2576 2957
2794 2 2 5 1 2360 2361 2362
2795 2 2 5 1 2599 1785 2600
2796 2 2 5 1 1404 1405 1406
2797 2 2 5 1 2816 2815 2817
2798 2 2 5 1 3205 3189 3209
2799 2 2 5 1 1304 1303 1377
2800 2 2 5 1 1818 1167 4246
2801 2 2 5 1 1401 1403 1404
2802 2 2 5 1 2393 2461 2462
2803 2 2 5 1 2219 2221 2248
2804 2 2 5 1 1996 3785 4695
2805 2 2 5 1 1398 1399 1401
2806 2 2 5 1 2781 2780 5017
2807 2 2 5 1 1206 1181 1207
2808 2 2 5 1 3357 1874 5054
2809 2 2 5 1 1274 1243 4782
2810 2 2 5 1 3281 3793 3794
2811 2 2 5 1 1993 4786 4883
2812 2 2 5 1 1396 1397 1398
2813 2 2 5 1 2593 2594 3352
2814 2 2 5 1 1392 1393 1394
2815 2 2 5 1 1258 1259 1357
2816 2 2 5 1 1394 1395 1396
2817 2 2 5 1 1576 1575 1577
2818 2 2 5 1 2209 2275 2867
2819 2 2 5 1 3040 641 4662
2820 2 2 5 1 1383 1381 5386
2821 2 2 5 1 3882 2519 4960
2822 2 2 5 1 1042 1044 1120
2823 2 2 5 1 2400 2401 2402
2824 2 2 5 1 1169 1046 4247
2825 2 2 5 1 3699 2072 4208
2826 2 2 5 1 3448 1304 4324
2827 2 2 5 1 657 2993 4210
2828 2 2 5 1 2260 2152 2903
2829 2 2 5 1 3322 3323 4022
2830 2 2 5 1 2043 2045 3344
2831 2 2 5 1 3859 2070 4488
2832 2 2 5 1 1476 4963 5328
2833 2 2 5 1 2287 2284 3397
2834 2 2 5 1 3118 1998 5300
2835 2 2 5 1 673 3442 5136
2836 2 2 5 1 1781 1799 3161
2837 2 2 5 1 2611 3137 5369
2838 2 2 5 1 1468 1598 4200
2839 2 2 5 1 3100 211 5182
2840 2 2 5 1 3203 3379 4180
2841 2 2 5 1 4640 2493 4890
2842 2 2 5 1 1761 1762 1763
2843 2 2 5 1 4741 1190 4997
2844 2 2 5 1 646 3845 5094
2845 2 2 5 1 1203 1202 1303
2846 2 2 5 1 2952 3062 3993
2847 2 2 5 1 2186 2188 5325
2848 2 2 5 1 2616 2622 5137
2849 2 2 5 1 3298 3267 3317
2850 2 2 5 1 1687 4345 4946
2851 2 2 5 1 1180 1158 1181
2852 2 2 5 1 1116 1020 1117
2853 2 2 5 1 2446 2451 2467
2854 2 2 5 1 1598 1599 1761
2855 2 2 5 1 1046 1021 4247
2856 2 2 5 1 4446 3020 4620
2857 2 2 5 1 1037 1038 2788
2858 2 2 5 1 1150 1170 1258
2859 2 2 5 1 1324 4373 4432
2860 2 2 5 1 3847 2741 4002
2861 2 2 5 1 4859 3521 5430
2862 2 2 5 1 2552 2554 2951
2863 2 2 5 1 820 3377 3416
2864 2 2 5 1 1708 1710 5338
2865 2 2 5 1 3888 869 5272
2866 2 2 5 1 3443 692 4161
2867 2 2 5 1 1841 1842 1961
2868 2 2 5 1 4568 4567 5318
2869 2 2 5 1 2223 2225 2251
2870 2 2 5 1 3093 666 5241
2871 2 2 5 1 2471 2551 3096
2872 2 2 5 1 2730 2731 3354
2873 2 2 5 1 2958 2576 4979
2874 2 2 5 1 4023 2505 4983
2875 2 2 5 1 4668 2831 4997
2876 2 2 5 1 3258 3260 3261
2877 2 2 5 1 3494 3470 4179
2878 2 2 5 1 1755 1680 5347
2879 2 2 5 1 2416 2417 2426
2880 2 2 5 1 3041 1975 4888
2881 2 2 5 1 2731 2734 3354
2882 2 2 5 1 2382 2386 2387
2883 2 2 5 1 4260 2038 4899
2884 2 2 5 1 1168 1148 1202
2885 2 2 5 1 2380 2381 2382
2886 2 2 5 1 4583 2001 5359
2887 2 2 5 1 2378 2379 2380
2888 2 2 5 1 1741 1742 1743
2889 2 2 5 1 3753 4463 4758
2890 2 2 5 1 2117 3059 4736
2891 2 2 5 1 3149 2275 3157
2892 2 2 5 1 2376 2377 2378
2893 2 2 5 1 3905 642 4732
2894 2 2 5 1 1157 1145 1158
2895 2 2 5 1 3068 1744 5123
2896 2 2 5 1 2374 2375 2376
2897 2 2 5 1 1880 2491 3104
2898 2 2 5 1 2372 2373 2374
2899 2 2 5 1 3081 3082 4221
2900 2 2 5 1 2565 2567 3327
2901 2 2 5 1 1927 3310 3448
2902 2 2 5 1 2370 2371 2372
2903 2 2 5 1 2486 2485 2538
2904 2 2 5 1 2368 2369 2370
2905 2 2 5 1 1142 1149 1150
2906 2 2 5 1 836 3414 4471
2907 2 2 5 1 2366 2367 2368
2908 2 2 5 1 2362 2363 2364
2909 2 2 5 1 4363 1426 5443
2910 2 2 5 1 2364 2365 2366
2911 2 2 5 1 2836 2839 3076
2912 2 2 5 1 1926 1928 1929
2913 2 2 5 1 747 2964 4840
2914 2 2 5 1 1269 1270 1271
2915 2 2 5 1 2353 2336 3486
2916 2 2 5 1 1752 1766 1978
2917 2 2 5 1 3093 2506 5022
2918 2 2 5 1 1265 4104 5435
2919 2 2 5 1 1187 3998 3999
2920 2 2 5 1 1749 2603 2604
2921 2 2 5 1 3091 187 4361
2922 2 2 5 1 1598 2106 4200
2923 2 2 5 1 1548 1546 5096
2924 2 2 5 1 1796 1797 1890
2925 2 2 5 1 2413 2415 2416
2926 2 2 5 1 1763 1806 1807
2927 2 2 5 1 4403 4785 4786
2928 2 2 5 1 2551 2552 3324
2929 2 2 5 1 1545 1541 5289
2930 2 2 5 1 2227 2229 2236
2931 2 2 5 1 2146 1448 4615
2932 2 2 5 1 2358 3129 5235
2933 2 2 5 1 4117 2256 4352
2934 2 2 5 1 1147 1135 1148
2935 2 2 5 1 2004 4634 4635
2936 2 2 5 1 1133 1099 4281
2937 2 2 5 1 4523 1471 5319
2938 2 2 5 1 1889 2606 2893
2939 2 2 5 1 3029 4906 4962
2940 2 2 5 1 4171 3795 4251
2941 2 2 5 1 2967 711 4682
2942 2 2 5 1 4488 1475 5328
2943 2 2 5 1 3668 2761 5155
2944 2 2 5 1 2467 2451 2779
2945 2 2 5 1 2631 3183 4175
2946 2 2 5 1 1891 1893 1894
2947 2 2 5 1 754 3036 5200
2948 2 2 5 1 1603 3407 4974
2949 2 2 5 1 2680 2683 2685
2950 2 2 5 1 2003 4635 4636
2951 2 2 5 1 1878 1828 2661
2952 2 2 5 1 4284 1325 5403
2953 2 2 5 1 1180 2084 5278
2954 2 2 5 1 3231 3248 3296
2955 2 2 5 1 1144 1133 1145
2956 2 2 5 1 1294 1253 4027
2957 2 2 5 1 3434 4314 4396
2958 2 2 5 1 821 3399 3462
2959 2 2 5 1 3154 4144 4909
2960 2 2 5 1 2277 3355 5373
2961 2 2 5 1 1920 1658 1977
2962 2 2 5 1 2567 2569 2586
2963 2 2 5 1 1648 3160 3363
2964 2 2 5 1 3319 3320 3384
2965 2 2 5 1 4979 2576 5103
2966 2 2 5 1 3063 2239 3064
2967 2 2 5 1 2004 4635 5323
2968 2 2 5 1 1712 1714 5123
2969 2 2 5 1 2292 2291 2293
2970 2 2 5 1 1894 1895 1921
2971 2 2 5 1 2351 2342 4028
2972 2 2 5 1 1904 1902 2908
2973 2 2 5 1 2307 2305 2308
2974 2 2 5 1 3204 3208 3214
2975 2 2 5 1 1840 1839 3380
2976 2 2 5 1 2038 3012 5193
2977 2 2 5 1 1341 1340 4312
2978 2 2 5 1 3738 4757 5154
2979 2 2 5 1 735 3437 3485
2980 2 2 5 1 3179 3009 4333
2981 2 2 5 1 436 3069 5177
2982 2 2 5 1 2489 1153 4130
2983 2 2 5 1 2772 2465 4303
2984 2 2 5 1 2231 2234 2786
2985 2 2 5 1 4327 2650 4600
2986 2 2 5 1 667 4446 4620
2987 2 2 5 1 2836 2838 2839
2988 2 2 5 1 3176 798 4787
2989 2 2 5 1 3017 3336 4187
2990 2 2 5 1 2204 2237 5262
2991 2 2 5 1 1818 2641 4247
2992 2 2 5 1 1293 1298 1299
2993 2 2 5 1 1291 1292 1293
2994 2 2 5 1 1289 1290 1291
2995 2 2 5 1 4443 4097 5017
2996 2 2 5 1 1285 1286 1287
2997 2 2 5 1 1271 1277 1278
2998 2 2 5 1 2050 2934 4319
2999 2 2 5 1 1091 1092 1098
3000 2 2 5 1 1283 1284 1285
3001 2 2 5 1 2134 2133 4133
3002 2 2 5 1 1281 1282 1283
3003 2 2 5 1 2400 2504 3308
3004 2 2 5 1 2412 2413 3362
3005 2 2 5 1 3032 838 3479
3006 2 2 5 1 4570 2622 5385
3007 2 2 5 1 1437 1435 1440
3008 2 2 5 1 4029 2144 4137
3009 2 2 5 1 2978 2396 3382
3010 2 2 5 1 1744 1712 5123
3011 2 2 5 1 2831 4741 4997
3012 2 2 5 1 1131 1136 1137
3013 2 2 5 1 1968 1969 3037
3014 2 2 5 1 2268 1757 2269
3015 2 2 5 1 762 3764 4763
3016 2 2 5 1 1374 3492 4321
3017 2 2 5 1 1658 2276 3094
3018 2 2 5 1 2476 2475 4138
3019 2 2 5 1 1906 1907 2252
3020 2 2 5 1 1819 1816 3987
3021 2 2 5 1 2639 2954 3744
3022 2 2 5 1 1781 3161 5306
3023 2 2 5 1 1159 1201 5352
3024 2 2 5 1 4885 4746 4981
3025 2 2 5 1 1564 1562 5308
3026 2 2 5 1 3076 2839 3377
3027 2 2 5 1 1836 1220 4291
3028 2 2 5 1 1140 1141 1142
3029 2 2 5 1 2674 2676 3159
3030 2 2 5 1 3194 3196 3381
3031 2 2 5 1 534 3089 4667
3032 2 2 5 1 1381 1643 5386
3033 2 2 5 1 2537 5069 5147
3034 2 2 5 1 4066 2389 5305
3035 2 2 5 1 1827 1828 1830
3036 2 2 5 1 2094 2093 2780
3037 2 2 5 1 3212 745 4419
3038 2 2 5 1 1659 2024 2025
3039 2 2 5 1 2802 3322 4022
3040 2 2 5 1 1700 4549 4947
3041 2 2 5 1 2290 2288 2291
3042 2 2 5 1 2453 2410 3119
3043 2 2 5 1 4818 547 4843
3044 2 2 5 1 4223 1419 5329
3045 2 2 5 1 2747 4244 5048
3046 2 2 5 1 2833 1814 3435
3047 2 2 5 1 1792 1805 3137
3048 2 2 5 1 1462 1463 1464
3049 2 2 5 1 1086 1091 1097
3050 2 2 5 1 1743 1751 1752
3051 2 2 5 1 3248 3289 3295
3052 2 2 5 1 4133 2133 4213
3053 2 2 5 1 1830 1831 1832
3054 2 2 5 1 4784 2113 5362
3055 2 2 5 1 2153 2778 3126
3056 2 2 5 1 1029 2750 4197
3057 2 2 5 1 1546 4387 5096
3058 2 2 5 1 2176 2165 4569
3059 2 2 5 1 2083 3533 4062
3060 2 2 5 1 1240 1244 1872
3061 2 2 5 1 3088 4709 5360
3062 2 2 5 1 3094 2276 4809
3063 2 2 5 1 3067 2256 4353
3064 2 2 5 1 3669 4457 5262
3065 2 2 5 1 2876 1743 5437
3066 2 2 5 1 2523 2522 2819
3067 2 2 5 1 1069 1066 3378
3068 2 2 5 1 2443 2456 2457
3069 2 2 5 1 3110 903 4914
3070 2 2 5 1 3702 2325 4619
3071 2 2 5 1 2241 2243 2247
3072 2 2 5 1 2416 2426 2992
3073 2 2 5 1 1660 4815 4816
3074 2 2 5 1 2410 2411 2412
3075 2 2 5 1 1885 1601 4788
3076 2 2 5 1 3358 1861 3359
3077 2 2 5 1 3277 3265 3298
3078 2 2 5 1 4147 2890 5102
3079 2 2 5 1 2621 3299 3301
3080 2 2 5 1 1560 1558 5256
3081 2 2 5 1 1453 2147 2148
3082 2 2 5 1 1557 1556 1558
3083 2 2 5 1 2630 2631 2774
3084 2 2 5 1 1004 2942 4949
3085 2 2 5 1 2817 3338 5191
3086 2 2 5 1 1568 1566 5268
3087 2 2 5 1 2388 2523 3081
3088 2 2 5 1 2293 2291 2626
3089 2 2 5 1 2465 2488 4303
3090 2 2 5 1 2068 2067 5102
3091 2 2 5 1 3020 2251 4620
3092 2 2 5 1 3278 4857 4891
3093 2 2 5 1 668 3062 4206
3094 2 2 5 1 1447 1446 5453
3095 2 2 5 1 2237 2206 5088
3096 2 2 5 1 4266 2994 5080
3097 2 2 5 1 4761 2479 5384
3098 2 2 5 1 3417 3504 4601
3099 2 2 5 1 1878 2661 3003
3100 2 2 5 1 3337 2760 3986
3101 2 2 5 1 2473 2475 2476
3102 2 2 5 1 1134 1128 1135
3103 2 2 5 1 2562 2564 2585
3104 2 2 5 1 1952 1953 1966
3105 2 2 5 1 3265 3266 3267
3106 2 2 5 1 2802 2803 2804
3107 2 2 5 1 2120 4182 4276
3108 2 2 5 1 1982 1984 5372
3109 2 2 5 1 2713 2714 3391
3110 2 2 5 1 2802 2804 3322
3111 2 2 5 1 3255 3256 3257
3112 2 2 5 1 3044 2786 5050
3113 2 2 5 1 1902 1901 1903
3114 2 2 5 1 2634 3091 4361
3115 2 2 5 1 1702 1703 1704
3116 2 2 5 1 4821 2477 4853
3117 2 2 5 1 255 758 3479
3118 2 2 5 1 838 254 3479
3119 2 2 5 1 2382 4343 5445
3120 2 2 5 1 1653 2143 3095
3121 2 2 5 1 2883 2884 3079
3122 2 2 5 1 1262 3311 5205
3123 2 2 5 1 1875 3413 5074
3124 2 2 5 1 3112 3116 4198
3125 2 2 5 1 4019 2610 4977
3126 2 2 5 1 3001 3002 3170
3127 2 2 5 1 2457 2869 4134
3128 2 2 5 1 1062 4340 4435
3129 2 2 5 1 1184 1143 5399
3130 2 2 5 1 819 3499 4894
3131 2 2 5 1 3499 2818 4894
3132 2 2 5 1 3086 1077 4168
3133 2 2 5 1 2714 2717 3391
3134 2 2 5 1 2832 3531 5257
3135 2 2 5 1 1796 1890 2063
3136 2 2 5 1 1345 1374 4321
3137 2 2 5 1 2899 4537 4885
3138 2 2 5 1 2328 2330 5324
3139 2 2 5 1 2088 3080 3342
3140 2 2 5 1 4310 3042 4730
3141 2 2 5 1 3235 3236 3237
3142 2 2 5 1 3233 3234 3235
3143 2 2 5 1 3277 3298 3316
3144 2 2 5 1 3237 3238 3239
3145 2 2 5 1 2433 2432 2434
3146 2 2 5 1 3239 3240 3241
3147 2 2 5 1 4036 2083 4062
3148 2 2 5 1 1004 1023 2942
3149 2 2 5 1 3900 679 4623
3150 2 2 5 1 1833 4831 4885
3151 2 2 5 1 2245 2282 2506
3152 2 2 5 1 2911 4310 4730
3153 2 2 5 1 3061 2639 4989
3154 2 2 5 1 4307 3110 4612
3155 2 2 5 1 4660 3326 5143
3156 2 2 5 1 1146 3023 4878
3157 2 2 5 1 1824 1827 4272
3158 2 2 5 1 788 3146 4239
3159 2 2 5 1 2084 4530 4626
3160 2 2 5 1 3193 3192 3194
3161 2 2 5 1 3231 3232 3233
3162 2 2 5 1 1997 4881 5299
3163 2 2 5 1 3480 3135 4761
3164 2 2 5 1 4148 1074 4811
3165 2 2 5 1 3108 674 4958
3166 2 2 5 1 2444 2358 5235
3167 2 2 5 1 720 3097 4125
3168 2 2 5 1 2478 3910 4242
3169 2 2 5 1 1882 4835 4836
3170 2 2 5 1 2551 2550 2552
3171 2 2 5 1 1471 3046 5115
3172 2 2 5 1 1088 1129 1638
3173 2 2 5 1 3120 2412 3362
3174 2 2 5 1 1098 1099 5238
3175 2 2 5 1 2217 2218 2219
3176 2 2 5 1 2474 2473 3454
3177 2 2 5 1 1900 1899 1901
3178 2 2 5 1 2395 4522 5450
3179 2 2 5 1 2463 3081 4221
3180 2 2 5 1 3426 1819 3987
3181 2 2 5 1 1559 1558 1560
3182 2 2 5 1 1132 1099 1133
3183 2 2 5 1 713 3144 4306
3184 2 2 5 1 1977 1658 3094
3185 2 2 5 1 2060 1714 5433
3186 2 2 5 1 2098 2043 3344
3187 2 2 5 1 2663 2670 4148
3188 2 2 5 1 3073 260 5438
3189 2 2 5 1 3045 3044 5050
3190 2 2 5 1 1752 1753 1766
3191 2 2 5 1 1561 1560 1562
3192 2 2 5 1 2859 2046 2860
3193 2 2 5 1 1563 1562 1564
3194 2 2 5 1 1565 1564 1566
3195 2 2 5 1 2440 2436 4325
3196 2 2 5 1 1746 1686 5282
3197 2 2 5 1 2981 4191 4897
3198 2 2 5 1 1567 1566 1568
3199 2 2 5 1 2776 2235 4945
3200 2 2 5 1 1952 1644 1953
3201 2 2 5 1 1569 1568 1572
3202 2 2 5 1 1809 1808 2007
3203 2 2 5 1 1515 2055 5428
3204 2 2 5 1 1047 1130 1131
3205 2 2 5 1 3056 2935 3347
3206 2 2 5 1 2410 2412 3119
3207 2 2 5 1 1900 1904 2751
3208 2 2 5 1 1352 1353 1354
3209 2 2 5 1 2939 3321 4804
3210 2 2 5 1 3092 1802 4640
3211 2 2 5 1 1038 1040 1041
3212 2 2 5 1 1842 1522 4225
3213 2 2 5 1 2623 4570 5385
3214 2 2 5 1 3437 2959 3485
3215 2 2 5 1 2433 3111 3113
3216 2 2 5 1 2143 1652 2144
3217 2 2 5 1 3373 1621 5231
3218 2 2 5 1 2457 2456 2527
3219 2 2 5 1 4250 3823 4381
3220 2 2 5 1 1704 1705 1706
3221 2 2 5 1 3255 3257 3283
3222 2 2 5 1 2347 2358 2442
3223 2 2 5 1 1706 1707 1708
3224 2 2 5 1 3497 2357 5277
3225 2 2 5 1 2345 2978 4677
3226 2 2 5 1 3077 2584 3437
3227 2 2 5 1 1708 1709 1710
3228 2 2 5 1 2989 1302 4768
3229 2 2 5 1 663 3067 4496
3230 2 2 5 1 1710 1711 1712
3231 2 2 5 1 764 3080 4227
3232 2 2 5 1 2384 4848 4849
3233 2 2 5 1 1712 1713 1714
3234 2 2 5 1 2307 2308 2512
3235 2 2 5 1 2269 1757 2270
3236 2 2 5 1 3824 2529 4056
3237 2 2 5 1 3253 3290 3449
3238 2 2 5 1 1088 1077 1096
3239 2 2 5 1 786 2991 5201
3240 2 2 5 1 1272 1321 1823
3241 2 2 5 1 2253 2254 2255
3242 2 2 5 1 2702 2703 2704
3243 2 2 5 1 2465 2449 2466
3244 2 2 5 1 2629 2630 4117
3245 2 2 5 1 2441 2454 3151
3246 2 2 5 1 1555 2996 4927
3247 2 2 5 1 758 3312 4954
3248 2 2 5 1 1625 1626 4298
3249 2 2 5 1 2799 2802 4022
3250 2 2 5 1 3173 3175 4000
3251 2 2 5 1 1841 1522 1842
3252 2 2 5 1 2997 4185 4686
3253 2 2 5 1 2072 3699 3700
3254 2 2 5 1 1882 4130 4745
3255 2 2 5 1 3066 885 3982
3256 2 2 5 1 3193 3194 3210
3257 2 2 5 1 3124 313 3181
3258 2 2 5 1 2851 2849 2854
3259 2 2 5 1 3126 2778 3127
3260 2 2 5 1 2676 2678 2681
3261 2 2 5 1 2314 3934 3937
3262 2 2 5 1 2424 2423 2425
3263 2 2 5 1 4059 2486 5199
3264 2 2 5 1 3388 3390 5111
3265 2 2 5 1 2005 1947 2006
3266 2 2 5 1 2153 2149 2778
3267 2 2 5 1 2348 2350 5277
3268 2 2 5 1 1807 1808 1809
3269 2 2 5 1 3510 995 4299
3270 2 2 5 1 2968 1837 3325
3271 2 2 5 1 1887 1886 1954
3272 2 2 5 1 3265 3267 3298
3273 2 2 5 1 1172 1174 1230
3274 2 2 5 1 1176 1174 4994
3275 2 2 5 1 2653 1674 5420
3276 2 2 5 1 1382 1381 1383
3277 2 2 5 1 2088 2085 3080
3278 2 2 5 1 1986 1987 1988
3279 2 2 5 1 4017 829 4205
3280 2 2 5 1 864 3852 4303
3281 2 2 5 1 1801 3994 5105
3282 2 2 5 1 865 55 3485
3283 2 2 5 1 56 735 3485
3284 2 2 5 1 4079 3630 4083
3285 2 2 5 1 1825 1321 4695
3286 2 2 5 1 1836 4292 4293
3287 2 2 5 1 2256 4117 4353
3288 2 2 5 1 4645 1361 4646
3289 2 2 5 1 2178 2168 2179
3290 2 2 5 1 1714 2060 5123
3291 2 2 5 1 2861 4607 4663
3292 2 2 5 1 1368 1373 2081
3293 2 2 5 1 4213 2133 4483
3294 2 2 5 1 1665 1776 2642
3295 2 2 5 1 1821 1819 3426
3296 2 2 5 1 1832 1839 1840
3297 2 2 5 1 2141 2156 2157
3298 2 2 5 1 3377 2839 3416
3299 2 2 5 1 3388 5111 5194
3300 2 2 5 1 756 3403 5171
3301 2 2 5 1 3407 3409 4974
3302 2 2 5 1 3109 4781 5128
3303 2 2 5 1 2175 2174 2498
3304 2 2 5 1 4841 2603 5130
3305 2 2 5 1 3214 3208 3215
3306 2 2 5 1 2254 1755 2256
3307 2 2 5 1 2465 2466 2488
3308 2 2 5 1 737 3979 4271
3309 2 2 5 1 2799 2801 2802
3310 2 2 5 1 4666 3971 4671
3311 2 2 5 1 3409 4973 4974
3312 2 2 5 1 2303 2306 4063
3313 2 2 5 1 2230 2228 4659
3314 2 2 5 1 1369 1370 1371
3315 2 2 5 1 3137 1805 3138
3316 2 2 5 1 3401 821 4088
3317 2 2 5 1 2647 3005 3006
3318 2 2 5 1 2583 2582 2584
3319 2 2 5 1 3700 2073 5320
3320 2 2 5 1 3352 2594 4441
3321 2 2 5 1 727 4079 4083
3322 2 2 5 1 5180 1271 5416
3323 2 2 5 1 1354 1355 1356
3324 2 2 5 1 1275 1234 4672
3325 2 2 5 1 2564 2563 2565
3326 2 2 5 1 2693 2814 4285
3327 2 2 5 1 2078 5331 5393
3328 2 2 5 1 2030 2029 2031
3329 2 2 5 1 3131 3130 3132
3330 2 2 5 1 3449 3290 4294
3331 2 2 5 1 3375 1993 4883
3332 2 2 5 1 3162 826 4944
3333 2 2 5 1 682 3352 4441
3334 2 2 5 1 1356 1607 1608
3335 2 2 5 1 3084 2104 4575
3336 2 2 5 1 4616 2132 4903
3337 2 2 5 1 2219 2220 2221
3338 2 2 5 1 2294 2293 2296
3339 2 2 5 1 2496 2979 4739
3340 2 2 5 1 879 3156 4462
3341 2 2 5 1 1472 1457 4499
3342 2 2 5 1 4172 3733 4195
3343 2 2 5 1 1986 1903 1987
3344 2 2 5 1 2638 2176 2885
3345 2 2 5 1 1766 1767 1768
3346 2 2 5 1 727 3533 4079
3347 2 2 5 1 734 3157 3158
3348 2 2 5 1 2135 1549 5288
3349 2 2 5 1 4244 2747 5339
3350 2 2 5 1 3070 4199 4983
3351 2 2 5 1 1872 1873 2636
3352 2 2 5 1 3955 1798 4530
3353 2 2 5 1 4297 3287 4374
3354 2 2 5 1 2599 2773 4140
3355 2 2 5 1 2221 2222 2223
3356 2 2 5 1 3242 3244 3245
3357 2 2 5 1 3971 2173 4699
3358 2 2 5 1 2454 2394 2455
3359 2 2 5 1 1942 1941 1946
3360 2 2 5 1 1475 4488 5458
3361 2 2 5 1 3411 859 3835
3362 2 2 5 1 3050 3307 4364
3363 2 2 5 1 3329 2604 4647
3364 2 2 5 1 2787 3366 5006
3365 2 2 5 1 3287 3449 4374
3366 2 2 5 1 2450 2874 3338
3367 2 2 5 1 2509 4204 4705
3368 2 2 5 1 2094 2301 5424
3369 2 2 5 1 1384 1383 1385
3370 2 2 5 1 2223 2224 2225
3371 2 2 5 1 651 3773 4084
3372 2 2 5 1 1106 1127 1140
3373 2 2 5 1 1663 4547 5065
3374 2 2 5 1 2834 1874 4456
3375 2 2 5 1 1951 1931 2822
3376 2 2 5 1 2027 1977 2635
3377 2 2 5 1 2645 2647 4139
3378 2 2 5 1 1680 1682 5347
3379 2 2 5 1 769 3339 3340
3380 2 2 5 1 2925 2927 2928
3381 2 2 5 1 2804 2805 2806
3382 2 2 5 1 2752 2753 2754
3383 2 2 5 1 3170 3002 3171
3384 2 2 5 1 2148 2149 2151
3385 2 2 5 1 1357 1259 4332
3386 2 2 5 1 2225 2226 2227
3387 2 2 5 1 187 3091 5451
3388 2 2 5 1 1827 2548 4272
3389 2 2 5 1 4777 2870 5025
3390 2 2 5 1 2023 4184 4185
3391 2 2 5 1 1919 4235 4448
3392 2 2 5 1 1288 1289 5223
3393 2 2 5 1 3399 2932 3462
3394 2 2 5 1 2187 3353 5364
3395 2 2 5 1 1120 1044 1121
3396 2 2 5 1 1120 1121 5448
3397 2 2 5 1 2348 2349 2350
3398 2 2 5 1 3253 3239 3290
3399 2 2 5 1 1974 1197 4320
3400 2 2 5 1 1980 3014 3015
3401 2 2 5 1 2936 4615 5008
3402 2 2 5 1 2227 2228 2229
3403 2 2 5 1 3101 2882 5392
3404 2 2 5 1 1561 4400 5361
3405 2 2 5 1 3050 2854 3307
3406 2 2 5 1 1894 1921 2533
3407 2 2 5 1 674 3108 4953
3408 2 2 5 1 2406 2940 3070
3409 2 2 5 1 2989 4433 4661
3410 2 2 5 1 3019 1548 5096
3411 2 2 5 1 4108 4004 5101
3412 2 2 5 1 1033 1126 2750
3413 2 2 5 1 3307 2854 3433
3414 2 2 5 1 1371 1386 1387
3415 2 2 5 1 3107 4818 4843
3416 2 2 5 1 2753 2203 2755
3417 2 2 5 1 2599 2600 2610
3418 2 2 5 1 1139 1137 3463
3419 2 2 5 1 1033 1034 1037
3420 2 2 5 1 2607 3817 5005
3421 2 2 5 1 4349 3360 4408
3422 2 2 5 1 1302 2989 4661
3423 2 2 5 1 2584 2589 3437
3424 2 2 5 1 2229 2230 2231
3425 2 2 5 1 3457 876 3458
3426 2 2 5 1 2766 2269 2767
3427 2 2 5 1 4805 1735 4806
3428 2 2 5 1 2546 2545 2547
3429 2 2 5 1 4607 699 4663
3430 2 2 5 1 1654 2075 2095
3431 2 2 5 1 2075 2074 2613
3432 2 2 5 1 1553 4452 5215
3433 2 2 5 1 4292 1620 4820
3434 2 2 5 1 3205 3209 4171
3435 2 2 5 1 4417 1332 4426
3436 2 2 5 1 1657 2747 2748
3437 2 2 5 1 2204 2205 2206
3438 2 2 5 1 3311 1262 4548
3439 2 2 5 1 3235 3286 3288
3440 2 2 5 1 2080 1664 2159
3441 2 2 5 1 2079 2080 2534
3442 2 2 5 1 330 3148 4358
3443 2 2 5 1 956 3030 4959
3444 2 2 5 1 4661 1990 5397
3445 2 2 5 1 2231 2232 2234
3446 2 2 5 1 2481 2464 2482
3447 2 2 5 1 2398 2481 2483
3448 2 2 5 1 2477 4821 4852
3449 2 2 5 1 2172 2174 2175
3450 2 2 5 1 2832 2831 4668
3451 2 2 5 1 2171 2637 3145
3452 2 2 5 1 2234 2238 2239
3453 2 2 5 1 2969 894 4693
3454 2 2 5 1 2422 2421 2423
3455 2 2 5 1 2131 3315 5225
3456 2 2 5 1 4304 773 4625
3457 2 2 5 1 2429 2425 2430
3458 2 2 5 1 3267 3268 3272
3459 2 2 5 1 4171 4251 5365
3460 2 2 5 1 2450 2429 2873
3461 2 2 5 1 3910 2478 4275
3462 2 2 5 1 3121 3393 3522
3463 2 2 5 1 3803 2892 4701
3464 2 2 5 1 3291 3241 3293
3465 2 2 5 1 3336 1971 4187
3466 2 2 5 1 4303 3852 5242
3467 2 2 5 1 2239 2240 2241
3468 2 2 5 1 2121 1741 2875
3469 2 2 5 1 1768 1923 2640
3470 2 2 5 1 3162 730 4211
3471 2 2 5 1 1198 2490 5152
3472 2 2 5 1 1592 1594 1595
3473 2 2 5 1 1287 1288 5223
3474 2 2 5 1 4821 4520 4852
3475 2 2 5 1 1719 1691 5219
3476 2 2 5 1 1839 2914 3380
3477 2 2 5 1 2734 2737 2741
3478 2 2 5 1 1366 2995 4679
3479 2 2 5 1 2804 2826 3322
3480 2 2 5 1 3389 1639 4362
3481 2 2 5 1 2463 4221 4275
3482 2 2 5 1 3333 2911 4731
3483 2 2 5 1 1069 3378 4218
3484 2 2 5 1 757 4172 4195
3485 2 2 5 1 1153 1098 5238
3486 2 2 5 1 1954 1886 3443
3487 2 2 5 1 3356 760 5330
3488 2 2 5 1 1261 3604 4274
3489 2 2 5 1 1106 1105 1107
3490 2 2 5 1 1730 1749 4873
3491 2 2 5 1 2241 2242 2243
3492 2 2 5 1 4420 1184 5399
3493 2 2 5 1 1243 1245 1246
3494 2 2 5 1 2061 2257 2258
3495 2 2 5 1 2151 2152 2259
3496 2 2 5 1 2357 2348 5277
3497 2 2 5 1 2502 2499 2503
3498 2 2 5 1 2350 2354 2355
3499 2 2 5 1 1876 2759 2760
3500 2 2 5 1 2734 2735 2737
3501 2 2 5 1 3393 1039 3522
3502 2 2 5 1 1563 1877 4400
3503 2 2 5 1 1768 1769 1923
3504 2 2 5 1 3842 756 5171
3505 2 2 5 1 1841 1961 3481
3506 2 2 5 1 3533 727 4062
3507 2 2 5 1 2067 4147 5102
3508 2 2 5 1 2243 2244 2245
3509 2 2 5 1 2083 4036 4474
3510 2 2 5 1 2019 2861 2862
3511 2 2 5 1 3096 3097 4632
3512 2 2 5 1 3417 4601 5354
3513 2 2 5 1 1435 1434 2891
3514 2 2 5 1 2166 2169 2170
3515 2 2 5 1 1716 1695 5192
3516 2 2 5 1 2462 2461 2478
3517 2 2 5 1 1875 3410 3413
3518 2 2 5 1 2005 2006 2896
3519 2 2 5 1 1860 3364 3987
3520 2 2 5 1 2580 2581 2582
3521 2 2 5 1 3857 3859 4488
3522 2 2 5 1 3404 483 4124
3523 2 2 5 1 2064 2066 4060
3524 2 2 5 1 3255 3283 3398
3525 2 2 5 1 2206 2207 2208
3526 2 2 5 1 1748 2262 2263
3527 2 2 5 1 2245 2246 2282
3528 2 2 5 1 3492 1374 4675
3529 2 2 5 1 2899 1144 5411
3530 2 2 5 1 1280 1281 5158
3531 2 2 5 1 2671 1360 4282
3532 2 2 5 1 4222 1419 4223
3533 2 2 5 1 3386 3388 5194
3534 2 2 5 1 2208 2210 2211
3535 2 2 5 1 694 3953 4311
3536 2 2 5 1 2071 1224 4716
3537 2 2 5 1 2180 2020 2764
3538 2 2 5 1 2301 4376 5424
3539 2 2 5 1 2211 2214 2215
3540 2 2 5 1 2164 2165 2166
3541 2 2 5 1 2589 2674 2959
3542 2 2 5 1 4250 4381 5222
3543 2 2 5 1 3160 2749 3363
3544 2 2 5 1 2543 2110 2544
3545 2 2 5 1 688 4887 4917
3546 2 2 5 1 2957 2576 2958
3547 2 2 5 1 2522 2374 5195
3548 2 2 5 1 4647 2604 4841
3549 2 2 5 1 1666 1667 1668
3550 2 2 5 1 1026 1029 3060
3551 2 2 5 1 1604 2763 5357
3552 2 2 5 1 3089 534 5184
3553 2 2 5 1 2137 2142 2980
3554 2 2 5 1 4198 867 4611
3555 2 2 5 1 2059 2261 2825
3556 2 2 5 1 2261 2057 2886
3557 2 2 5 1 3301 3191 4379
3558 2 2 5 1 4156 108 4157
3559 2 2 5 1 2991 786 5016
3560 2 2 5 1 2515 2973 2974
3561 2 2 5 1 1695 1697 5192
3562 2 2 5 1 4130 1882 4836
3563 2 2 5 1 2564 2565 2660
3564 2 2 5 1 1453 2148 4328
3565 2 2 5 1 2118 2607 2608
3566 2 2 5 1 672 3163 5009
3567 2 2 5 1 3099 855 4491
3568 2 2 5 1 1278 1280 5158
3569 2 2 5 1 3749 4252 4719
3570 2 2 5 1 1691 1693 5219
3571 2 2 5 1 1662 3857 4488
3572 2 2 5 1 2303 4063 4971
3573 2 2 5 1 2162 2163 2164
3574 2 2 5 1 4509 1165 5352
3575 2 2 5 1 2680 2682 2683
3576 2 2 5 1 1550 1548 5211
3577 2 2 5 1 1686 1689 5282
3578 2 2 5 1 3262 3271 3276
3579 2 2 5 1 3271 3270 3292
3580 2 2 5 1 669 3477 3478
3581 2 2 5 1 2940 2941 4199
3582 2 2 5 1 3103 4813 5085
3583 2 2 5 1 1204 1194 5313
3584 2 2 5 1 1066 1065 3378
3585 2 2 5 1 3386 5194 5302
3586 2 2 5 1 4475 794 4957
3587 2 2 5 1 4115 4566 5439
3588 2 2 5 1 3202 3204 3206
3589 2 2 5 1 1801 2943 4892
3590 2 2 5 1 2668 2145 2669
3591 2 2 5 1 2313 4246 5444
3592 2 2 5 1 2809 2812 2813
3593 2 2 5 1 2583 2584 3077
3594 2 2 5 1 1920 1977 2027
3595 2 2 5 1 3072 2287 3397
3596 2 2 5 1 1874 1244 4456
3597 2 2 5 1 3321 3319 3384
3598 2 2 5 1 2160 2161 2162
3599 2 2 5 1 2717 2719 3376
3600 2 2 5 1 1814 1908 3435
3601 2 2 5 1 2081 2082 2160
3602 2 2 5 1 3287 3253 3449
3603 2 2 5 1 721 3326 4660
3604 2 2 5 1 4084 2669 4579
3605 2 2 5 1 1456 1457 1458
3606 2 2 5 1 1246 1247 1248
3607 2 2 5 1 4417 2728 4425
3608 2 2 5 1 2583 3077 4258
3609 2 2 5 1 1325 4284 5416
3610 2 2 5 1 1510 1506 5100
3611 2 2 5 1 3431 3669 5088
3612 2 2 5 1 2158 2836 3076
3613 2 2 5 1 2070 3859 4489
3614 2 2 5 1 3427 1322 4516
3615 2 2 5 1 852 3083 4485
3616 2 2 5 1 2984 2983 2985
3617 2 2 5 1 2982 2984 2986
3618 2 2 5 1 4300 2026 4707
3619 2 2 5 1 1970 5027 5391
3620 2 2 5 1 4544 1991 4826
3621 2 2 5 1 2813 2812 4489
3622 2 2 5 1 2601 2065 2602
3623 2 2 5 1 2066 2601 2906
3624 2 2 5 1 2190 2194 4240
3625 2 2 5 1 2111 2935 3056
3626 2 2 5 1 3228 3230 3231
3627 2 2 5 1 1454 1653 1756
3628 2 2 5 1 1106 1140 4274
3629 2 2 5 1 2887 2058 2888
3630 2 2 5 1 1077 3086 5274
3631 2 2 5 1 1890 1797 1891
3632 2 2 5 1 2142 2138 3477
3633 2 2 5 1 4709 2274 5360
3634 2 2 5 1 2315 4196 4588
3635 2 2 5 1 1816 1860 3987
3636 2 2 5 1 4194 4193 5187
3637 2 2 5 1 2138 2140 3477
3638 2 2 5 1 2011 1803 3393
3639 2 2 5 1 1970 3937 4047
3640 2 2 5 1 1961 1842 1962
3641 2 2 5 1 4837 4166 5049
3642 2 2 5 1 2399 3308 3482
3643 2 2 5 1 1602 2119 2120
3644 2 2 5 1 3806 776 4295
3645 2 2 5 1 646 3075 4674
3646 2 2 5 1 2884 3342 3343
3647 2 2 5 1 4110 3561 4113
3648 2 2 5 1 3281 3282 4341
3649 2 2 5 1 1114 1011 3092
3650 2 2 5 1 3658 738 4085
3651 2 2 5 1 2737 2739 4002
3652 2 2 5 1 2086 1656 2087
3653 2 2 5 1 1616 4184 5266
3654 2 2 5 1 2268 2269 2766
3655 2 2 5 1 2286 2284 2287
3656 2 2 5 1 1955 1954 1956
3657 2 2 5 1 2546 2547 2879
3658 2 2 5 1 1115 1045 1128
3659 2 2 5 1 2854 2849 3433
3660 2 2 5 1 1343 1345 4321
3661 2 2 5 1 1075 1072 3508
3662 2 2 5 1 1119 1024 3060
3663 2 2 5 1 2737 2738 2739
3664 2 2 5 1 820 3416 3417
3665 2 2 5 1 2678 2679 2680
3666 2 2 5 1 2717 2718 2719
3667 2 2 5 1 3503 1048 3515
3668 2 2 5 1 1881 3104 3105
3669 2 2 5 1 2699 2701 2702
3670 2 2 5 1 2625 2634 4029
3671 2 2 5 1 2260 3368 4033
3672 2 2 5 1 3451 221 5252
3673 2 2 5 1 1923 1924 1945
3674 2 2 5 1 1961 1962 2917
3675 2 2 5 1 2462 2478 5449
3676 2 2 5 1 2140 2139 2141
3677 2 2 5 1 2664 2757 2830
3678 2 2 5 1 2757 2579 2900
3679 2 2 5 1 1821 3426 3503
3680 2 2 5 1 1534 1543 5131
3681 2 2 5 1 4076 3742 4095
3682 2 2 5 1 3693 4075 4094
3683 2 2 5 1 3706 3679 3708
3684 2 2 5 1 683 4704 5006
3685 2 2 5 1 3438 2087 4927
3686 2 2 5 1 4439 2154 4948
3687 2 2 5 1 4619 2325 5351
3688 2 2 5 1 2025 2024 2771
3689 2 2 5 1 2804 2806 2826
3690 2 2 5 1 3037 1969 4690
3691 2 2 5 1 3841 2941 5013
3692 2 2 5 1 1886 1905 3443
3693 2 2 5 1 1547 1546 1548
3694 2 2 5 1 3058 1364 5423
3695 2 2 5 1 1989 2280 2918
3696 2 2 5 1 2170 2171 2172
3697 2 2 5 1 889 4110 4113
3698 2 2 5 1 1476 1347 1519
3699 2 2 5 1 2904 2153 3126
3700 2 2 5 1 2487 2484 2758
3701 2 2 5 1 2839 2838 2840
3702 2 2 5 1 2824 4346 4743
3703 2 2 5 1 2731 2733 2734
3704 2 2 5 1 1234 1235 5250
3705 2 2 5 1 2270 3143 3430
3706 2 2 5 1 2044 2098 2099
3707 2 2 5 1 2002 4307 5340
3708 2 2 5 1 1039 3393 3502
3709 2 2 5 1 3096 2551 3097
3710 2 2 5 1 2492 1948 3156
3711 2 2 5 1 1747 2525 2526
3712 2 2 5 1 4278 774 4288
3713 2 2 5 1 2119 1841 3481
3714 2 2 5 1 3052 3332 4234
3715 2 2 5 1 1668 1669 1670
3716 2 2 5 1 1135 1187 3999
3717 2 2 5 1 3340 3341 3414
3718 2 2 5 1 2952 2559 3062
3719 2 2 5 1 4033 3368 4034
3720 2 2 5 1 2798 2799 4022
3721 2 2 5 1 4323 2845 4339
3722 2 2 5 1 3128 648 5107
3723 2 2 5 1 806 2878 4698
3724 2 2 5 1 2136 2135 4256
3725 2 2 5 1 3146 788 4685
3726 2 2 5 1 2839 2840 3416
3727 2 2 5 1 1019 1046 1047
3728 2 2 5 1 711 3143 4682
3729 2 2 5 1 2905 3790 4535
3730 2 2 5 1 1670 1671 1672
3731 2 2 5 1 314 315 800
3732 2 2 5 1 294 295 799
3733 2 2 5 1 632 633 797
3734 2 2 5 1 612 613 798
3735 2 2 5 1 634 635 805
3736 2 2 5 1 610 611 804
3737 2 2 5 1 292 293 803
3738 2 2 5 1 316 317 802
3739 2 2 5 1 5283 1259 5407
3740 2 2 5 1 3149 734 4649
3741 2 2 5 1 2719 2729 3376
3742 2 2 5 1 3213 3212 4419
3743 2 2 5 1 904 903 3110
3744 2 2 5 1 2292 2293 2294
3745 2 2 5 1 1672 1673 1674
3746 2 2 5 1 1194 1196 4105
3747 2 2 5 1 2144 4073 5434
3748 2 2 5 1 1042 1120 4740
3749 2 2 5 1 1286 1284 4612
3750 2 2 5 1 4092 1231 5398
3751 2 2 5 1 2827 2298 3083
3752 2 2 5 1 2552 2951 3324
3753 2 2 5 1 3472 2150 4360
3754 2 2 5 1 2882 2265 5392
3755 2 2 5 1 2010 2008 2846
3756 2 2 5 1 3914 2540 4265
3757 2 2 5 1 1720 2948 4688
3758 2 2 5 1 3071 3072 5015
3759 2 2 5 1 1674 1675 1676
3760 2 2 5 1 4866 3278 4891
3761 2 2 5 1 3520 1008 3521
3762 2 2 5 1 2857 2068 5102
3763 2 2 5 1 4342 833 5157
3764 2 2 5 1 1069 4218 4811
3765 2 2 5 1 2676 2677 2678
3766 2 2 5 1 2311 1950 2843
3767 2 2 5 1 1949 2311 2312
3768 2 2 5 1 3431 816 3669
3769 2 2 5 1 3101 659 5068
3770 2 2 5 1 1676 1677 1678
3771 2 2 5 1 2788 1038 5217
3772 2 2 5 1 3286 3287 4380
3773 2 2 5 1 4122 1348 5310
3774 2 2 5 1 2633 2624 2821
3775 2 2 5 1 2625 2633 2634
3776 2 2 5 1 1678 1679 1680
3777 2 2 5 1 3081 2523 3082
3778 2 2 5 1 3199 3198 3200
3779 2 2 5 1 2719 2720 2722
3780 2 2 5 1 2182 2068 2857
3781 2 2 5 1 1119 4542 5014
3782 2 2 5 1 3131 3132 3133
3783 2 2 5 1 3031 3352 3445
3784 2 2 5 1 2856 4107 5115
3785 2 2 5 1 1680 1681 1682
3786 2 2 5 1 608 807 3496
3787 2 2 5 1 290 806 3495
3788 2 2 5 1 2454 2455 3411
3789 2 2 5 1 2521 3880 4960
3790 2 2 5 1 1575 1574 5275
3791 2 2 5 1 986 989 3510
3792 2 2 5 1 2474 3454 3456
3793 2 2 5 1 3971 1359 4671
3794 2 2 5 1 1682 1683 1684
3795 2 2 5 1 1621 4820 4822
3796 2 2 5 1 1765 3977 4586
3797 2 2 5 1 2894 3386 5302
3798 2 2 5 1 3196 3197 3198
3799 2 2 5 1 2941 2453 5013
3800 2 2 5 1 3511 3022 3518
3801 2 2 5 1 4635 2003 5323
3802 2 2 5 1 3067 663 4673
3803 2 2 5 1 3186 4290 4379
3804 2 2 5 1 2143 2144 2967
3805 2 2 5 1 3512 3511 3518
3806 2 2 5 1 1595 1646 1647
3807 2 2 5 1 1335 1339 5396
3808 2 2 5 1 2702 2706 3117
3809 2 2 5 1 2706 2704 2707
3810 2 2 5 1 3267 3266 3268
3811 2 2 5 1 608 609 807
3812 2 2 5 1 318 319 808
3813 2 2 5 1 636 637 809
3814 2 2 5 1 290 291 806
3815 2 2 5 1 1684 1685 1686
3816 2 2 5 1 2178 2179 2777
3817 2 2 5 1 1938 1937 1939
3818 2 2 5 1 728 3667 4016
3819 2 2 5 1 1013 1015 3512
3820 2 2 5 1 3885 4030 4068
3821 2 2 5 1 1839 2756 2914
3822 2 2 5 1 4456 1998 5007
3823 2 2 5 1 1884 1886 1887
3824 2 2 5 1 1686 1688 1689
3825 2 2 5 1 4039 3707 4072
3826 2 2 5 1 2881 2879 3812
3827 2 2 5 1 822 3706 3708
3828 2 2 5 1 4146 2462 5449
3829 2 2 5 1 2053 2051 3467
3830 2 2 5 1 766 3449 4294
3831 2 2 5 1 2806 2807 2808
3832 2 2 5 1 2306 2309 2310
3833 2 2 5 1 1689 1690 1691
3834 2 2 5 1 1004 1005 1023
3835 2 2 5 1 3194 3195 3196
3836 2 2 5 1 2809 2813 3979
3837 2 2 5 1 1553 1551 1554
3838 2 2 5 1 2271 2052 3312
3839 2 2 5 1 2054 2271 2787
3840 2 2 5 1 4719 4252 5176
3841 2 2 5 1 3112 2440 3115
3842 2 2 5 1 1905 1885 2916
3843 2 2 5 1 1794 1793 1795
3844 2 2 5 1 3261 3277 3313
3845 2 2 5 1 2504 2402 2505
3846 2 2 5 1 1691 1692 1693
3847 2 2 5 1 2636 1873 4317
3848 2 2 5 1 889 3630 4110
3849 2 2 5 1 2107 1842 4225
3850 2 2 5 1 2719 2722 2729
3851 2 2 5 1 2567 2568 2569
3852 2 2 5 1 1693 1694 1695
3853 2 2 5 1 2473 2476 3454
3854 2 2 5 1 2667 2761 3431
3855 2 2 5 1 2806 2805 2807
3856 2 2 5 1 3817 2607 5084
3857 2 2 5 1 2795 2797 2798
3858 2 2 5 1 1799 2828 2829
3859 2 2 5 1 1908 1815 2894
3860 2 2 5 1 1894 1893 1895
3861 2 2 5 1 3048 3051 3052
3862 2 2 5 1 2412 2411 2413
3863 2 2 5 1 2919 2921 2922
3864 2 2 5 1 2674 2675 2676
3865 2 2 5 1 1695 1696 1697
3866 2 2 5 1 2458 2444 2469
3867 2 2 5 1 4081 1883 4370
3868 2 2 5 1 2891 2625 4029
3869 2 2 5 1 2714 2716 2717
3870 2 2 5 1 1944 2901 2902
3871 2 2 5 1 1966 1953 1967
3872 2 2 5 1 2257 2062 4018
3873 2 2 5 1 1040 1039 3502
3874 2 2 5 1 1697 1698 1699
3875 2 2 5 1 1116 1117 1172
3876 2 2 5 1 1792 1790 1793
3877 2 2 5 1 1777 2668 3990
3878 2 2 5 1 3319 2278 3320
3879 2 2 5 1 2871 3031 3032
3880 2 2 5 1 3031 2593 3352
3881 2 2 5 1 863 3893 4369
3882 2 2 5 1 2252 1907 4658
3883 2 2 5 1 1717 1718 5433
3884 2 2 5 1 2861 2180 4607
3885 2 2 5 1 3181 800 3182
3886 2 2 5 1 3209 3189 3211
3887 2 2 5 1 3503 2114 4031
3888 2 2 5 1 3043 1201 3465
3889 2 2 5 1 2248 2221 3020
3890 2 2 5 1 2219 2248 3106
3891 2 2 5 1 1551 1550 5211
3892 2 2 5 1 2209 2867 2868
3893 2 2 5 1 2867 2275 3149
3894 2 2 5 1 1361 4645 5046
3895 2 2 5 1 2260 2903 3367
3896 2 2 5 1 3344 2045 3345
3897 2 2 5 1 1374 1349 1375
3898 2 2 5 1 793 3338 4604
3899 2 2 5 1 4201 2824 4743
3900 2 2 5 1 5047 5337 5437
3901 2 2 5 1 3681 3679 3706
3902 2 2 5 1 3514 3524 3996
3903 2 2 5 1 1887 1954 1955
3904 2 2 5 1 996 1004 1022
3905 2 2 5 1 3429 4553 4603
3906 2 2 5 1 2785 1490 4321
3907 2 2 5 1 2251 2225 3033
3908 2 2 5 1 3414 2597 3415
3909 2 2 5 1 2254 2256 3067
3910 2 2 5 1 1098 1092 1099
3911 2 2 5 1 685 4076 4095
3912 2 2 5 1 4075 716 4094
3913 2 2 5 1 2120 2762 4182
3914 2 2 5 1 1301 3475 3476
3915 2 2 5 1 4441 2594 4895
3916 2 2 5 1 4264 1584 5146
3917 2 2 5 1 2086 2087 2274
3918 2 2 5 1 2925 2928 3983
3919 2 2 5 1 3191 3301 4689
3920 2 2 5 1 2486 2538 2539
3921 2 2 5 1 3839 796 5149
3922 2 2 5 1 3464 4728 5092
3923 2 2 5 1 1978 1766 3123
3924 2 2 5 1 1225 1227 4100
3925 2 2 5 1 1749 2604 2652
3926 2 2 5 1 1128 1045 4296
3927 2 2 5 1 1714 1717 5433
3928 2 2 5 1 3010 3008 4503
3929 2 2 5 1 3747 3743 4024
3930 2 2 5 1 2236 2229 3044
3931 2 2 5 1 3393 1803 3502
3932 2 2 5 1 2905 4004 4534
3933 2 2 5 1 2016 1927 3448
3934 2 2 5 1 4157 697 4221
3935 2 2 5 1 2000 4400 4451
3936 2 2 5 1 2559 2556 5280
3937 2 2 5 1 2685 2683 2686
3938 2 2 5 1 2680 2685 3078
3939 2 2 5 1 2739 2740 2743
3940 2 2 5 1 2294 2296 2297
3941 2 2 5 1 2567 2586 3327
3942 2 2 5 1 3074 3052 4823
3943 2 2 5 1 1904 2908 2909
3944 2 2 5 1 3912 3905 4872
3945 2 2 5 1 703 3169 4598
3946 2 2 5 1 4137 1440 5342
3947 2 2 5 1 3204 3207 3208
3948 2 2 5 1 2534 3817 5084
3949 2 2 5 1 2786 2234 3063
3950 2 2 5 1 4063 2999 4971
3951 2 2 5 1 3416 2840 3423
3952 2 2 5 1 3314 4099 5381
3953 2 2 5 1 3349 1787 4767
3954 2 2 5 1 3202 3206 4071
3955 2 2 5 1 3439 2279 4516
3956 2 2 5 1 4117 2775 4353
3957 2 2 5 1 2722 2723 2724
3958 2 2 5 1 2589 2673 2674
3959 2 2 5 1 4236 2339 5011
3960 2 2 5 1 4757 2272 5154
3961 2 2 5 1 3255 3252 3256
3962 2 2 5 1 1802 3092 4299
3963 2 2 5 1 1365 1366 1367
3964 2 2 5 1 2150 4796 5410
3965 2 2 5 1 2632 3103 5085
3966 2 2 5 1 2021 5170 5406
3967 2 2 5 1 2594 3079 4895
3968 2 2 5 1 3136 783 4938
3969 2 2 5 1 2502 2503 2627
3970 2 2 5 1 4671 1359 5343
3971 2 2 5 1 693 3309 4874
3972 2 2 5 1 1265 1267 4104
3973 2 2 5 1 2584 2588 2589
3974 2 2 5 1 2936 2146 4615
3975 2 2 5 1 3726 3728 3740
3976 2 2 5 1 2570 2568 4525
3977 2 2 5 1 1434 2625 2891
3978 2 2 5 1 3426 1048 3503
3979 2 2 5 1 1942 2315 5284
3980 2 2 5 1 3740 685 4095
3981 2 2 5 1 3248 3295 3296
3982 2 2 5 1 4384 4503 5087
3983 2 2 5 1 4078 2783 5109
3984 2 2 5 1 1100 1075 3508
3985 2 2 5 1 1072 1074 3508
3986 2 2 5 1 2247 2243 3093
3987 2 2 5 1 3347 2935 4958
3988 2 2 5 1 3210 3381 5247
3989 2 2 5 1 2992 2426 2993
3990 2 2 5 1 4553 3429 5304
3991 2 2 5 1 1851 1846 3500
3992 2 2 5 1 2739 2738 2740
3993 2 2 5 1 2030 2031 2494
3994 2 2 5 1 2286 2287 2288
3995 2 2 5 1 1539 4971 5336
3996 2 2 5 1 3359 1861 3360
3997 2 2 5 1 1230 2915 2960
3998 2 2 5 1 2114 3503 3515
3999 2 2 5 1 2630 2774 2775
4000 2 2 5 1 4369 3893 4967
4001 2 2 5 1 2626 2291 3071
4002 2 2 5 1 1878 3003 3144
4003 2 2 5 1 3003 2661 3004
4004 2 2 5 1 2798 2797 2799
4005 2 2 5 1 2627 2503 2639
4006 2 2 5 1 3163 672 5436
4007 2 2 5 1 1041 1040 1042
4008 2 2 5 1 2892 3803 4770
4009 2 2 5 1 3435 1908 3436
4010 2 2 5 1 1467 1471 5115
4011 2 2 5 1 2063 1890 3136
4012 2 2 5 1 3123 2640 5236
4013 2 2 5 1 3272 3268 3273
4014 2 2 5 1 2293 2626 4188
4015 2 2 5 1 3314 2001 4099
4016 2 2 5 1 1966 1967 3001
4017 2 2 5 1 1936 1934 1937
4018 2 2 5 1 2506 2282 2532
4019 2 2 5 1 2552 2553 2554
4020 2 2 5 1 2195 2209 3412
4021 2 2 5 1 2843 4196 4839
4022 2 2 5 1 2753 2755 3483
4023 2 2 5 1 2001 3314 4098
4024 2 2 5 1 2297 2296 2944
4025 2 2 5 1 3107 4843 4894
4026 2 2 5 1 2031 2029 2032
4027 2 2 5 1 3108 884 4953
4028 2 2 5 1 1000 988 3468
4029 2 2 5 1 2007 1808 3099
4030 2 2 5 1 1809 2007 2008
4031 2 2 5 1 1977 3094 4042
4032 2 2 5 1 3338 2874 4604
4033 2 2 5 1 5017 2780 5210
4034 2 2 5 1 3119 2412 3120
4035 2 2 5 1 1019 1018 1021
4036 2 2 5 1 4463 3105 4758
4037 2 2 5 1 2474 3456 3461
4038 2 2 5 1 3456 787 3457
4039 2 2 5 1 192 3430 5183
4040 2 2 5 1 1321 1272 5165
4041 2 2 5 1 1511 1518 4697
4042 2 2 5 1 1361 3150 4646
4043 2 2 5 1 2433 3113 3114
4044 2 2 5 1 2849 2847 3433
4045 2 2 5 1 2457 2527 2528
4046 2 2 5 1 2327 2441 4103
4047 2 2 5 1 2783 4834 5109
4048 2 2 5 1 1301 1017 3475
4049 2 2 5 1 3283 3257 3284
4050 2 2 5 1 2157 2156 2158
4051 2 2 5 1 3468 988 3510
4052 2 2 5 1 2804 2803 2805
4053 2 2 5 1 3090 966 4769
4054 2 2 5 1 3722 3724 3742
4055 2 2 5 1 3683 3681 3693
4056 2 2 5 1 2512 2308 2513
4057 2 2 5 1 4405 1991 4544
4058 2 2 5 1 571 3356 4329
4059 2 2 5 1 2441 3151 3152
4060 2 2 5 1 2569 2570 2571
4061 2 2 5 1 3210 3194 3381
4062 2 2 5 1 2515 2974 3450
4063 2 2 5 1 2676 2681 3159
4064 2 2 5 1 2071 3109 5128
4065 2 2 5 1 2766 2767 2768
4066 2 2 5 1 3753 647 4463
4067 2 2 5 1 3740 3733 4167
4068 2 2 5 1 3726 3740 4095
4069 2 2 5 1 3325 1837 3326
4070 2 2 5 1 4340 3087 4435
4071 2 2 5 1 2508 3167 4066
4072 2 2 5 1 1988 1987 1989
4073 2 2 5 1 3132 3134 3135
4074 2 2 5 1 4144 3154 4916
4075 2 2 5 1 1665 2642 2763
4076 2 2 5 1 2642 1776 2643
4077 2 2 5 1 1253 1254 1255
4078 2 2 5 1 2498 2174 2500
4079 2 2 5 1 2175 2498 2499
4080 2 2 5 1 3215 3208 3216
4081 2 2 5 1 1244 1240 5227
4082 2 2 5 1 880 3885 3886
4083 2 2 5 1 3885 3879 3886
4084 2 2 5 1 3030 956 5038
4085 2 2 5 1 3697 3703 3705
4086 2 2 5 1 989 995 3510
4087 2 2 5 1 988 986 3510
4088 2 2 5 1 2647 3006 3007
4089 2 2 5 1 1466 1464 4107
4090 2 2 5 1 730 3162 4944
4091 2 2 5 1 3881 3879 3885
4092 2 2 5 1 1961 2969 3481
4093 2 2 5 1 1013 3512 3513
4094 2 2 5 1 5373 2278 5442
4095 2 2 5 1 315 316 3179
4096 2 2 5 1 633 634 3177
4097 2 2 5 1 313 314 3181
4098 2 2 5 1 3630 889 4083
4099 2 2 5 1 1789 1788 1790
4100 2 2 5 1 2638 2885 3404
4101 2 2 5 1 2565 2566 2567
4102 2 2 5 1 995 3994 4299
4103 2 2 5 1 3180 296 4840
4104 2 2 5 1 2140 2141 4032
4105 2 2 5 1 4167 3733 4172
4106 2 2 5 1 4489 2812 5086
4107 2 2 5 1 3038 2016 4324
4108 2 2 5 1 2774 2631 4175
4109 2 2 5 1 3692 3695 3707
4110 2 2 5 1 3707 752 3967
4111 2 2 5 1 3692 3707 3967
4112 2 2 5 1 1037 1034 1038
4113 2 2 5 1 1015 1301 3512
4114 2 2 5 1 1647 1658 1920
4115 2 2 5 1 2503 2499 3997
4116 2 2 5 1 1520 1519 1521
4117 2 2 5 1 1796 1795 1797
4118 2 2 5 1 2342 2343 2344
4119 2 2 5 1 1197 1191 5460
4120 2 2 5 1 3199 3200 3212
4121 2 2 5 1 3443 1905 3444
4122 2 2 5 1 2904 3126 4057
4123 2 2 5 1 3340 3339 3341
4124 2 2 5 1 1851 3500 3996
4125 2 2 5 1 2928 2927 2930
4126 2 2 5 1 3170 3171 3172
4127 2 2 5 1 967 4037 4038
4128 2 2 5 1 3272 3273 3279
4129 2 2 5 1 2928 3036 3983
4130 2 2 5 1 3728 3730 3733
4131 2 2 5 1 3119 777 5013
4132 2 2 5 1 4030 782 4068
4133 2 2 5 1 966 3090 5257
4134 2 2 5 1 808 319 3493
4135 2 2 5 1 809 637 3494
4136 2 2 5 1 2533 1921 3040
4137 2 2 5 1 1894 2533 3098
4138 2 2 5 1 1447 1448 1449
4139 2 2 5 1 317 318 3304
4140 2 2 5 1 635 636 3302
4141 2 2 5 1 1756 1757 2268
4142 2 2 5 1 828 4039 4072
4143 2 2 5 1 2610 2600 2611
4144 2 2 5 1 2599 2610 2773
4145 2 2 5 1 349 3329 4647
4146 2 2 5 1 1955 1956 1957
4147 2 2 5 1 3458 876 3459
4148 2 2 5 1 3797 842 4086
4149 2 2 5 1 2095 2075 2590
4150 2 2 5 1 1657 2748 2937
4151 2 2 5 1 3328 3304 4723
4152 2 2 5 1 2159 1664 2938
4153 2 2 5 1 2080 2159 2892
4154 2 2 5 1 2483 2481 3441
4155 2 2 5 1 2398 2483 3122
4156 2 2 5 1 3184 3442 5332
4157 2 2 5 1 2198 2199 2200
4158 2 2 5 1 3884 3831 4230
4159 2 2 5 1 2450 2873 2874
4160 2 2 5 1 2121 2875 3169
4161 2 2 5 1 1161 1163 4164
4162 2 2 5 1 2734 2741 3354
4163 2 2 5 1 2942 3015 4949
4164 2 2 5 1 3369 4512 4577
4165 2 2 5 1 2947 1105 3034
4166 2 2 5 1 2148 2609 4328
4167 2 2 5 1 2258 2257 2784
4168 2 2 5 1 2134 4133 4865
4169 2 2 5 1 1876 2760 3337
4170 2 2 5 1 4926 1418 5371
4171 2 2 5 1 3450 2974 3451
4172 2 2 5 1 3715 3718 3743
4173 2 2 5 1 2019 2862 2863
4174 2 2 5 1 2640 1923 4178
4175 2 2 5 1 3732 3735 3739
4176 2 2 5 1 2896 2006 2897
4177 2 2 5 1 5331 2077 5393
4178 2 2 5 1 2114 3500 4031
4179 2 2 5 1 2263 2262 2658
4180 2 2 5 1 3257 3256 3258
4181 2 2 5 1 1117 1020 5366
4182 2 2 5 1 3882 3881 3883
4183 2 2 5 1 3722 3723 3724
4184 2 2 5 1 3682 3681 3683
4185 2 2 5 1 3718 3721 3722
4186 2 2 5 1 3680 3679 3681
4187 2 2 5 1 3880 3879 3881
4188 2 2 5 1 2416 2415 2417
4189 2 2 5 1 3692 3694 3695
4190 2 2 5 1 3695 3696 3697
4191 2 2 5 1 2760 3768 3986
4192 2 2 5 1 2764 2020 2765
4193 2 2 5 1 1837 1670 5143
4194 2 2 5 1 127 3405 5179
4195 2 2 5 1 2589 2959 3437
4196 2 2 5 1 1010 1011 1020
4197 2 2 5 1 2543 2544 3108
4198 2 2 5 1 2544 2110 2912
4199 2 2 5 1 2312 4347 4385
4200 2 2 5 1 3685 3683 3686
4201 2 2 5 1 3724 3725 3726
4202 2 2 5 1 2059 2825 2889
4203 2 2 5 1 2974 2973 2975
4204 2 2 5 1 3312 2053 4954
4205 2 2 5 1 3106 3107 4894
4206 2 2 5 1 3679 3675 3708
4207 2 2 5 1 3879 3874 3886
4208 2 2 5 1 866 3847 4002
4209 2 2 5 1 3697 3702 3703
4210 2 2 5 1 1974 4320 5055
4211 2 2 5 1 3489 3514 3996
4212 2 2 5 1 3454 2476 3455
4213 2 2 5 1 3463 3464 5098
4214 2 2 5 1 2859 797 5106
4215 2 2 5 1 3206 3204 3214
4216 2 2 5 1 3726 3727 3728
4217 2 2 5 1 1005 997 3489
4218 2 2 5 1 2717 3376 3391
4219 2 2 5 1 1339 2318 4208
4220 2 2 5 1 4305 2728 4426
4221 2 2 5 1 3742 846 4024
4222 2 2 5 1 2984 2985 3075
4223 2 2 5 1 1957 1956 2283
4224 2 2 5 1 4096 2781 4097
4225 2 2 5 1 3784 3781 3959
4226 2 2 5 1 3932 3936 3960
4227 2 2 5 1 1709 1707 4707
4228 2 2 5 1 4973 4132 5454
4229 2 2 5 1 2066 2906 2931
4230 2 2 5 1 4054 688 4917
4231 2 2 5 1 2111 3056 3057
4232 2 2 5 1 3728 3729 3730
4233 2 2 5 1 2887 2888 3403
4234 2 2 5 1 3688 3692 3967
4235 2 2 5 1 1586 1588 1589
4236 2 2 5 1 2120 2119 2762
4237 2 2 5 1 1781 1779 1782
4238 2 2 5 1 2722 2720 2723
4239 2 2 5 1 3446 731 3992
4240 2 2 5 1 2546 2879 2881
4241 2 2 5 1 2879 2547 2880
4242 2 2 5 1 2187 4402 4581
4243 2 2 5 1 3202 3203 3204
4244 2 2 5 1 3417 3416 3423
4245 2 2 5 1 3730 3731 3732
4246 2 2 5 1 1881 3105 3355
4247 2 2 5 1 2604 2603 4841
4248 2 2 5 1 1255 1256 1257
4249 2 2 5 1 2917 1962 3470
4250 2 2 5 1 1961 2917 2969
4251 2 2 5 1 2757 2900 3163
4252 2 2 5 1 3743 3718 4024
4253 2 2 5 1 884 3108 4942
4254 2 2 5 1 995 991 3452
4255 2 2 5 1 3722 3742 4024
4256 2 2 5 1 4112 3507 4173
4257 2 2 5 1 2771 2024 2997
4258 2 2 5 1 1592 1595 4392
4259 2 2 5 1 2918 2280 2919
4260 2 2 5 1 2768 2767 2769
4261 2 2 5 1 2487 2758 3146
4262 2 2 5 1 2724 2723 2725
4263 2 2 5 1 3732 3734 3735
4264 2 2 5 1 3005 2646 4015
4265 2 2 5 1 3826 677 4080
4266 2 2 5 1 4985 877 5033
4267 2 2 5 1 2044 2099 2100
4268 2 2 5 1 2526 2525 2971
4269 2 2 5 1 2031 2032 3061
4270 2 2 5 1 3524 1851 3996
4271 2 2 5 1 3316 680 4764
4272 2 2 5 1 2601 5112 5270
4273 2 2 5 1 2344 2345 2346
4274 2 2 5 1 2010 2846 2847
4275 2 2 5 1 2724 2725 2726
4276 2 2 5 1 877 3906 5033
4277 2 2 5 1 2311 2843 3148
4278 2 2 5 1 1574 1571 5275
4279 2 2 5 1 755 4750 4989
4280 2 2 5 1 2827 3083 3501
4281 2 2 5 1 1638 1129 4201
4282 2 2 5 1 2634 2633 3091
4283 2 2 5 1 2587 4525 4526
4284 2 2 5 1 2182 2857 3073
4285 2 2 5 1 709 3710 4513
4286 2 2 5 1 674 3347 4958
4287 2 2 5 1 2707 2704 2708
4288 2 2 5 1 2178 2777 3309
4289 2 2 5 1 2777 2179 3339
4290 2 2 5 1 1043 1040 3502
4291 2 2 5 1 1023 1005 1024
4292 2 2 5 1 3477 2140 3478
4293 2 2 5 1 3011 1585 4817
4294 2 2 5 1 2808 2807 2809
4295 2 2 5 1 2310 2309 2657
4296 2 2 5 1 2787 2271 3366
4297 2 2 5 1 2054 2787 2890
4298 2 2 5 1 3112 3115 3116
4299 2 2 5 1 1697 2115 5192
4300 2 2 5 1 3768 2760 4224
4301 2 2 5 1 2504 2505 2991
4302 2 2 5 1 3705 828 4072
4303 2 2 5 1 1750 4518 4765
4304 2 2 5 1 2737 2735 2738
4305 2 2 5 1 1799 2829 3161
4306 2 2 5 1 2829 2828 3069
4307 2 2 5 1 2894 1815 3385
4308 2 2 5 1 3052 3051 3332
4309 2 2 5 1 2922 2921 2923
4310 2 2 5 1 3783 3781 3784
4311 2 2 5 1 3932 3935 3936
4312 2 2 5 1 3715 3717 3718
4313 2 2 5 1 3678 3675 3679
4314 2 2 5 1 3878 3874 3879
4315 2 2 5 1 3688 3691 3692
4316 2 2 5 1 2458 2469 3330
4317 2 2 5 1 3082 4156 4157
4318 2 2 5 1 3132 3130 3134
4319 2 2 5 1 3479 758 4954
4320 2 2 5 1 3106 2248 3107
4321 2 2 5 1 3309 693 5379
4322 2 2 5 1 996 1022 3452
4323 2 2 5 1 2868 2867 3428
4324 2 2 5 1 2513 2515 3450
4325 2 2 5 1 4010 4482 4521
4326 2 2 5 1 840 3432 5415
4327 2 2 5 1 2260 3367 3368
4328 2 2 5 1 3432 712 5050
4329 2 2 5 1 2359 4522 5384
4330 2 2 5 1 2999 4237 4971
4331 2 2 5 1 2058 1744 3068
4332 2 2 5 1 2200 2201 2202
4333 2 2 5 1 3907 668 4206
4334 2 2 5 1 1622 4377 5413
4335 2 2 5 1 2086 2274 2665
4336 2 2 5 1 2539 2538 2540
4337 2 2 5 1 4364 3307 5139
4338 2 2 5 1 4973 2055 4974
4339 2 2 5 1 4232 2132 4616
4340 2 2 5 1 2652 2604 3329
4341 2 2 5 1 2400 2387 2401
4342 2 2 5 1 2236 3044 3045
4343 2 2 5 1 3489 997 3514
4344 2 2 5 1 2686 2683 2687
4345 2 2 5 1 2743 2740 2744
4346 2 2 5 1 1581 4466 4830
4347 2 2 5 1 3466 4236 5011
4348 2 2 5 1 2786 3063 3432
4349 2 2 5 1 1621 4827 5231
4350 2 2 5 1 2635 1977 4042
4351 2 2 5 1 1604 1605 1606
4352 2 2 5 1 3065 2247 5241
4353 2 2 5 1 2466 2470 2471
4354 2 2 5 1 3213 4419 4772
4355 2 2 5 1 1175 4189 4190
4356 2 2 5 1 3693 3706 4074
4357 2 2 5 1 1454 1756 4394
4358 2 2 5 1 2639 2503 2954
4359 2 2 5 1 3190 3191 3192
4360 2 2 5 1 1268 1317 4862
4361 2 2 5 1 1173 3641 4014
4362 2 2 5 1 2063 3136 3395
4363 2 2 5 1 796 4839 5149
4364 2 2 5 1 1984 3074 4162
4365 2 2 5 1 1966 3001 3162
4366 2 2 5 1 3001 1967 3002
4367 2 2 5 1 2506 2532 3089
4368 2 2 5 1 2297 2944 2945
4369 2 2 5 1 1021 1018 1045
4370 2 2 5 1 2906 2601 5270
4371 2 2 5 1 1301 3476 3511
4372 2 2 5 1 2007 3099 3100
4373 2 2 5 1 221 3451 4747
4374 2 2 5 1 3265 3264 3266
4375 2 2 5 1 2528 2527 2529
4376 2 2 5 1 3283 3284 3356
4377 2 2 5 1 2923 2925 3983
4378 2 2 5 1 3693 3681 3706
4379 2 2 5 1 3152 3151 3153
4380 2 2 5 1 3159 2681 3184
4381 2 2 5 1 2259 2260 4033
4382 2 2 5 1 3881 3885 4068
4383 2 2 5 1 2647 3007 4139
4384 2 2 5 1 2763 2642 3406
4385 2 2 5 1 3215 3216 3217
4386 2 2 5 1 1445 1446 1447
4387 2 2 5 1 3199 3212 3213
4388 2 2 5 1 3693 4074 4075
4389 2 2 5 1 2928 2930 3016
4390 2 2 5 1 3172 3171 3173
4391 2 2 5 1 3432 840 5258
4392 2 2 5 1 890 4442 4482
4393 2 2 5 1 2571 2572 2573
4394 2 2 5 1 3279 3273 3280
4395 2 2 5 1 3728 3733 3740
4396 2 2 5 1 2533 3040 3488
4397 2 2 5 1 3458 3459 3460
4398 2 2 5 1 2279 4091 4516
4399 2 2 5 1 2159 2938 2939
4400 2 2 5 1 846 3747 4024
4401 2 2 5 1 2751 1904 4127
4402 2 2 5 1 3739 757 4195
4403 2 2 5 1 4372 4373 4541
4404 2 2 5 1 1913 3519 3610
4405 2 2 5 1 3697 3705 4072
4406 2 2 5 1 2863 2862 2864
4407 2 2 5 1 2393 2462 4015
4408 2 2 5 1 1205 3348 4537
4409 2 2 5 1 3707 3695 4072
4410 2 2 5 1 2036 4305 4426
4411 2 2 5 1 1010 1020 1116
4412 2 2 5 1 3418 1187 4296
4413 2 2 5 1 2764 2765 2841
4414 2 2 5 1 1803 1186 3502
4415 2 2 5 1 2544 2912 2913
4416 2 2 5 1 1035 3121 3522
4417 2 2 5 1 4634 2452 4635
4418 2 2 5 1 2767 2269 4278
4419 2 2 5 1 2410 2409 2411
4420 2 2 5 1 1186 1043 3502
4421 2 2 5 1 2488 3096 4632
4422 2 2 5 1 1025 1005 3489
4423 2 2 5 1 3430 774 4278
4424 2 2 5 1 2283 1956 2650
4425 2 2 5 1 1957 2283 2284
4426 2 2 5 1 4384 3010 4503
4427 2 2 5 1 2931 2906 2932
4428 2 2 5 1 3057 3056 3066
4429 2 2 5 1 3455 2476 4423
4430 2 2 5 1 2741 2737 4002
4431 2 2 5 1 1923 1769 1924
4432 2 2 5 1 3417 3423 3504
4433 2 2 5 1 3225 3227 3434
4434 2 2 5 1 2768 2769 2770
4435 2 2 5 1 2487 3146 3147
4436 2 2 5 1 4009 4128 4141
4437 2 2 5 1 2100 2099 2101
4438 2 2 5 1 3773 856 5114
4439 2 2 5 1 3516 3509 3651
4440 2 2 5 1 2726 2725 2727
4441 2 2 5 1 1032 1035 3522
4442 2 2 5 1 2389 2332 5305
4443 2 2 5 1 2290 2291 2292
4444 2 2 5 1 1954 3443 4161
4445 2 2 5 1 648 3128 5070
4446 2 2 5 1 2707 2708 2709
4447 2 2 5 1 1194 1195 1196
4448 2 2 5 1 2310 2657 2998
4449 2 2 5 1 1016 1036 3517
4450 2 2 5 1 2894 3385 3386
4451 2 2 5 1 3517 1036 3519
4452 2 2 5 1 2458 3330 3405
4453 2 2 5 1 1913 3418 3519
4454 2 2 5 1 3519 1036 3610
4455 2 2 5 1 1965 3516 3651
4456 2 2 5 1 3470 1962 4179
4457 2 2 5 1 2868 3428 3429
4458 2 2 5 1 3368 3367 3369
4459 2 2 5 1 2408 2407 2409
4460 2 2 5 1 2539 2540 2541
4461 2 2 5 1 2686 2687 2688
4462 2 2 5 1 729 3668 5155
4463 2 2 5 1 2743 2744 2745
4464 2 2 5 1 4011 4382 4442
4465 2 2 5 1 2899 4885 4981
4466 2 2 5 1 2880 4034 4577
4467 2 2 5 1 907 1118 3509
4468 2 2 5 1 2945 2944 3446
4469 2 2 5 1 894 2970 4506
4470 2 2 5 1 2760 2759 4224
4471 2 2 5 1 2528 2529 2530
4472 2 2 5 1 3152 3153 3154
4473 2 2 5 1 3184 2681 3442
4474 2 2 5 1 2763 3406 3407
4475 2 2 5 1 3217 3216 3218
4476 2 2 5 1 3016 2930 3017
4477 2 2 5 1 2928 3016 3036
4478 2 2 5 1 3173 3171 3174
4479 2 2 5 1 3718 3722 4024
4480 2 2 5 1 3279 3280 3281
4481 2 2 5 1 3200 3201 3202
4482 2 2 5 1 3460 3459 3480
4483 2 2 5 1 2939 2938 3318
4484 2 2 5 1 3506 3509 3516
4485 2 2 5 1 3506 905 3509
4486 2 2 5 1 4037 3518 4038
4487 2 2 5 1 905 907 3509
4488 2 2 5 1 2864 2862 2865
4489 2 2 5 1 1821 3503 4031
4490 2 2 5 1 1031 1028 3515
4491 2 2 5 1 2841 2765 2842
4492 2 2 5 1 3428 848 4145
4493 2 2 5 1 3163 873 5009
4494 2 2 5 1 3742 3724 4095
4495 2 2 5 1 3683 3693 4094
4496 2 2 5 1 2931 2932 2948
4497 2 2 5 1 3057 3066 3183
4498 2 2 5 1 972 1002 3513
4499 2 2 5 1 1002 1013 3513
4500 2 2 5 1 3956 3687 3967
4501 2 2 5 1 2770 2769 3471
4502 2 2 5 1 2985 2983 3167
4503 2 2 5 1 2726 2727 2730
4504 2 2 5 1 3871 3870 3886
4505 2 2 5 1 3672 3671 3708
4506 2 2 5 1 1048 1031 3515
4507 2 2 5 1 902 905 3506
4508 2 2 5 1 2709 2708 2710
4509 2 2 5 1 2310 2998 2999
4510 2 2 5 1 3509 1118 3651
4511 2 2 5 1 3386 3385 3387
4512 2 2 5 1 3938 3933 3939
4513 2 2 5 1 1301 3511 3512
4514 2 2 5 1 2818 3106 4894
4515 2 2 5 1 2688 2687 2689
4516 2 2 5 1 2745 2744 2746
4517 2 2 5 1 997 992 3514
4518 2 2 5 1 992 998 3514
4519 2 2 5 1 1028 1027 3515
4520 2 2 5 1 3779 3813 3959
4521 2 2 5 1 3940 3930 3960
4522 2 2 5 1 3154 3153 3383
4523 2 2 5 1 3407 3406 3408
4524 2 2 5 1 3513 3512 3518
4525 2 2 5 1 3217 3218 3219
4526 2 2 5 1 3777 3780 3786
4527 2 2 5 1 3663 3660 4005
4528 2 2 5 1 3937 3934 4047
4529 2 2 5 1 3929 3933 3938
4530 2 2 5 1 3863 3865 3868
4531 2 2 5 1 3854 3856 3859
4532 2 2 5 1 3712 3715 3743
4533 2 2 5 1 3017 2930 3336
4534 2 2 5 1 3173 3174 3175
4535 2 2 5 1 3281 3280 3282
4536 2 2 5 1 637 638 3494
4537 2 2 5 1 319 320 3493
4538 2 2 5 1 35 36 3652
4539 2 2 5 1 2948 2932 3399
4540 2 2 5 1 3525 3597 3650
4541 2 2 5 1 2985 3167 3168
4542 2 2 5 1 2770 3471 3472
4543 2 2 5 1 3471 2769 3473
4544 2 2 5 1 2726 2730 2792
4545 2 2 5 1 2730 2727 2731
4546 2 2 5 1 2709 2710 2711
4547 2 2 5 1 2999 2998 3000
4548 2 2 5 1 3514 998 3524
4549 2 2 5 1 3524 3525 3650
4550 2 2 5 1 3540 3648 3649
4551 2 2 5 1 3386 3387 3388
4552 2 2 5 1 2688 2689 2690
4553 2 2 5 1 2745 2746 2794
4554 2 2 5 1 3407 3408 3409
4555 2 2 5 1 3219 3218 3220
4556 2 2 5 1 2573 2574 2575
4557 2 2 5 1 2948 3399 3400
4558 2 2 5 1 2711 2710 2712
4559 2 2 5 1 3388 3387 3389
4560 2 2 5 1 2690 2689 2691
4561 2 2 5 1 2688 2690 3498
4562 2 2 5 1 2794 2746 2795
4563 2 2 5 1 3219 3220 3221
4564 2 2 5 1 3400 3399 3401
4565 2 2 5 1 2711 2712 2713
4566 2 2 5 1 3388 3389 3390
4567 2 2 5 1 2690 2691 2692
4568 2 2 5 1 993 908 3520
4569 2 2 5 1 3221 3220 3222
4570 2 2 5 1 3400 3401 3402
4571 2 2 5 1 908 906 3520
4572 2 2 5 1 2713 2712 2714
4573 2 2 5 1 2711 2713 2976
4574 2 2 5 1 2692 2691 2693
4575 2 2 5 1 3221 3222 3223
4576 2 2 5 1 3917 3918 3926
4577 2 2 5 1 2692 2693 2694
4578 2 2 5 1 3223 3222 3224
4579 2 2 5 1 2694 2693 2695
4580 2 2 5 1 2692 2694 3440
4581 2 2 5 1 3523 1118 3527
4582 2 2 5 1 3223 3224 3225
4583 2 2 5 1 3648 3525 3649
4584 2 2 5 1 1118 909 3527
4585 2 2 5 1 2694 2695 2696
4586 2 2 5 1 3524 998 3525
4587 2 2 5 1 2696 2695 2697
4588 2 2 5 1 3527 994 3647
4589 2 2 5 1 3523 3527 3647
4590 2 2 5 1 911 994 3527
4591 2 2 5 1 2696 2697 2698
4592 2 2 5 1 3645 1870 3647
4593 2 2 5 1 2698 2697 2699
4594 2 2 5 1 2696 2698 3392
4595 2 2 5 1 3530 3642 3646
4596 2 2 5 1 917 962 3529
4597 2 2 5 1 1843 3528 3646
4598 2 2 5 1 3526 915 3529
4599 2 2 5 1 3528 3645 3647
4600 2 2 5 1 915 917 3529
4601 2 2 5 1 3529 962 3530
4602 2 2 5 1 3529 3530 3646
4603 2 2 5 1 913 915 3526
4604 2 2 5 1 3528 1843 3645
4605 2 2 5 1 3528 3526 3646
4606 2 2 5 1 3643 1869 3644
4607 2 2 5 1 1870 3523 3647
4608 2 2 5 1 3530 962 3643
4609 2 2 5 1 916 966 3531
4610 2 2 5 1 1844 3622 3627
4611 2 2 5 1 1852 1853 3565
4612 2 2 5 1 3610 3607 3623
4613 2 2 5 1 3551 3549 3584
4614 2 2 5 1 3549 3577 3585
4615 2 2 5 1 954 3535 3564
4616 2 2 5 1 3577 1209 3585
4617 2 2 5 1 1110 3566 3598
4618 2 2 5 1 1863 3596 3631
4619 2 2 5 1 1853 3535 3565
4620 2 2 5 1 3584 3549 3585
4621 2 2 5 1 3636 921 3638
4622 2 2 5 1 3566 3565 3598
4623 2 2 5 1 1912 1910 3533
4624 2 2 5 1 1211 3536 3603
4625 2 2 5 1 1917 1485 3534
4626 2 2 5 1 3536 1211 3539
4627 2 2 5 1 3535 954 3565
4628 2 2 5 1 3538 1857 3563
4629 2 2 5 1 3551 1210 3557
4630 2 2 5 1 3546 3549 3551
4631 2 2 5 1 3542 3596 3597
4632 2 2 5 1 1483 1917 3560
4633 2 2 5 1 980 1012 3541
4634 2 2 5 1 2122 3536 3539
4635 2 2 5 1 3535 3538 3564
4636 2 2 5 1 1852 3565 3566
4637 2 2 5 1 1911 3610 3623
4638 2 2 5 1 3596 3542 3631
4639 2 2 5 1 3538 3563 3564
4640 2 2 5 1 1481 1483 3560
4641 2 2 5 1 3595 3586 3625
4642 2 2 5 1 1820 1844 3567
4643 2 2 5 1 982 980 3541
4644 2 2 5 1 1297 1820 3567
4645 2 2 5 1 1093 1079 3588
4646 2 2 5 1 1210 3551 3584
4647 2 2 5 1 953 954 3564
4648 2 2 5 1 3541 1012 3542
4649 2 2 5 1 1484 1482 3572
4650 2 2 5 1 1857 3539 3602
4651 2 2 5 1 977 979 3606
4652 2 2 5 1 3547 3551 3557
4653 2 2 5 1 1485 1487 3534
4654 2 2 5 1 3628 1867 3633
4655 2 2 5 1 975 1003 3537
4656 2 2 5 1 976 1211 3603
4657 2 2 5 1 1911 1910 1912
4658 2 2 5 1 1854 3553 3555
4659 2 2 5 1 3562 3595 3625
4660 2 2 5 1 1867 1484 3572
4661 2 2 5 1 3567 1844 3627
4662 2 2 5 1 3555 3547 3557
4663 2 2 5 1 3550 3587 3611
4664 2 2 5 1 1067 3571 3582
4665 2 2 5 1 957 953 3564
4666 2 2 5 1 1857 3538 3539
4667 2 2 5 1 3622 3566 3627
4668 2 2 5 1 1079 1078 3588
4669 2 2 5 1 1914 1912 2083
4670 2 2 5 1 3538 2122 3539
4671 2 2 5 1 1036 3607 3610
4672 2 2 5 1 3553 1854 3554
4673 2 2 5 1 2083 1912 3533
4674 2 2 5 1 938 3552 3553
4675 2 2 5 1 1109 1054 3594
4676 2 2 5 1 1958 1959 1960
4677 2 2 5 1 1864 1480 3562
4678 2 2 5 1 1865 1492 3569
4679 2 2 5 1 3547 3555 3559
4680 2 2 5 1 1073 1076 3589
4681 2 2 5 1 3556 3557 3558
4682 2 2 5 1 3632 3569 3635
4683 2 2 5 1 1480 1223 3562
4684 2 2 5 1 3600 2124 3601
4685 2 2 5 1 3637 2128 3639
4686 2 2 5 1 3571 3568 3582
4687 2 2 5 1 1051 934 3554
4688 2 2 5 1 1003 977 3606
4689 2 2 5 1 3621 1866 3626
4690 2 2 5 1 3546 3548 3549
4691 2 2 5 1 989 987 990
4692 2 2 5 1 989 990 991
4693 2 2 5 1 1017 1018 1019
4694 2 2 5 1 1015 1017 1301
4695 2 2 5 1 938 939 3552
4696 2 2 5 1 985 984 986
4697 2 2 5 1 968 965 1857
4698 2 2 5 1 972 1001 1002
4699 2 2 5 1 979 1111 3606
4700 2 2 5 1 1080 1057 3558
4701 2 2 5 1 1481 1480 1482
4702 2 2 5 1 1485 1484 1486
4703 2 2 5 1 3535 2122 3538
4704 2 2 5 1 961 963 964
4705 2 2 5 1 965 960 3563
4706 2 2 5 1 3540 982 3541
4707 2 2 5 1 1017 1016 1018
4708 2 2 5 1 1479 1223 1480
4709 2 2 5 1 1844 1845 3622
4710 2 2 5 1 3557 1210 3558
4711 2 2 5 1 1995 3575 3576
4712 2 2 5 1 967 965 968
4713 2 2 5 1 986 984 987
4714 2 2 5 1 1487 1496 1915
4715 2 2 5 1 1773 2091 3593
4716 2 2 5 1 999 988 1000
4717 2 2 5 1 1487 1915 3534
4718 2 2 5 1 1844 1822 1845
4719 2 2 5 1 3543 3544 3559
4720 2 2 5 1 3544 3546 3547
4721 2 2 5 1 1054 1056 3594
4722 2 2 5 1 1492 1491 3569
4723 2 2 5 1 937 936 3612
4724 2 2 5 1 958 957 960
4725 2 2 5 1 1056 1057 1058
4726 2 2 5 1 1494 1866 3570
4727 2 2 5 1 3552 3543 3559
4728 2 2 5 1 1308 1009 1838
4729 2 2 5 1 1854 1051 3554
4730 2 2 5 1 1067 3582 3605
4731 2 2 5 1 1854 3555 3556
4732 2 2 5 1 3547 3546 3551
4733 2 2 5 1 1053 1051 1854
4734 2 2 5 1 1103 1102 1104
4735 2 2 5 1 1112 1113 1222
4736 2 2 5 1 1485 1486 1487
4737 2 2 5 1 939 942 3552
4738 2 2 5 1 3543 950 3544
4739 2 2 5 1 1067 1066 1068
4740 2 2 5 1 1108 1095 1212
4741 2 2 5 1 1251 1123 3600
4742 2 2 5 1 1213 1493 3579
4743 2 2 5 1 938 3553 3554
4744 2 2 5 1 1052 1053 1054
4745 2 2 5 1 1297 1819 1820
4746 2 2 5 1 1771 1770 1772
4747 2 2 5 1 1055 1053 3556
4748 2 2 5 1 1856 1494 3570
4749 2 2 5 1 943 3567 3583
4750 2 2 5 1 961 964 1050
4751 2 2 5 1 1015 1016 1017
4752 2 2 5 1 1059 1058 1060
4753 2 2 5 1 1076 1079 1089
4754 2 2 5 1 1995 1855 3575
4755 2 2 5 1 2091 2092 2124
4756 2 2 5 1 3565 954 3598
4757 2 2 5 1 1125 1123 1251
4758 2 2 5 1 952 951 953
4759 2 2 5 1 3587 952 3611
4760 2 2 5 1 963 960 965
4761 2 2 5 1 973 975 3537
4762 2 2 5 1 991 990 992
4763 2 2 5 1 1052 1109 3573
4764 2 2 5 1 1056 1055 1057
4765 2 2 5 1 1057 1055 3558
4766 2 2 5 1 1064 1065 1066
4767 2 2 5 1 1086 1085 1087
4768 2 2 5 1 2126 1093 3588
4769 2 2 5 1 1122 2126 3592
4770 2 2 5 1 1297 1816 1819
4771 2 2 5 1 1491 1868 3569
4772 2 2 5 1 3568 2123 3579
4773 2 2 5 1 1052 1051 1053
4774 2 2 5 1 923 924 925
4775 2 2 5 1 925 926 928
4776 2 2 5 1 928 929 930
4777 2 2 5 1 934 935 3554
4778 2 2 5 1 944 934 1051
4779 2 2 5 1 939 941 942
4780 2 2 5 1 943 940 1296
4781 2 2 5 1 947 945 1110
4782 2 2 5 1 946 947 948
4783 2 2 5 1 3544 950 3545
4784 2 2 5 1 953 951 954
4785 2 2 5 1 952 953 955
4786 2 2 5 1 960 957 3563
4787 2 2 5 1 985 988 999
4788 2 2 5 1 1002 1007 1013
4789 2 2 5 1 1055 3556 3558
4790 2 2 5 1 1210 1080 3558
4791 2 2 5 1 1083 1085 1086
4792 2 2 5 1 1494 1865 1866
4793 2 2 5 1 1845 1846 1847
4794 2 2 5 1 2122 1863 3536
4795 2 2 5 1 3544 3545 3546
4796 2 2 5 1 3556 3555 3557
4797 2 2 5 1 1816 1859 1860
4798 2 2 5 1 929 926 949
4799 2 2 5 1 928 930 1307
4800 2 2 5 1 946 950 3543
4801 2 2 5 1 996 992 997
4802 2 2 5 1 1215 1125 3574
4803 2 2 5 1 1493 1856 3568
4804 2 2 5 1 1820 1822 1844
4805 2 2 5 1 1845 1847 1848
4806 2 2 5 1 1852 1850 1853
4807 2 2 5 1 968 1857 3602
4808 2 2 5 1 979 981 1111
4809 2 2 5 1 1002 1001 1006
4810 2 2 5 1 1916 1481 3560
4811 2 2 5 1 1771 1772 1773
4812 2 2 5 1 1848 1850 1852
4813 2 2 5 1 1911 1912 1913
4814 2 2 5 1 1848 1847 1849
4815 2 2 5 1 1853 1850 1863
4816 2 2 5 1 1009 1000 1010
4817 2 2 5 1 1076 1089 3589
4818 2 2 5 1 1311 1215 3574
4819 2 2 5 1 928 926 929
4820 2 2 5 1 930 929 931
4821 2 2 5 1 932 931 933
4822 2 2 5 1 934 933 935
4823 2 2 5 1 938 937 939
4824 2 2 5 1 941 943 3583
4825 2 2 5 1 963 965 967
4826 2 2 5 1 967 968 969
4827 2 2 5 1 999 1000 1009
4828 2 2 5 1 1482 1480 1864
4829 2 2 5 1 3596 1849 3597
4830 2 2 5 1 1064 1063 1065
4831 2 2 5 1 1068 1066 1069
4832 2 2 5 1 1068 1069 1070
4833 2 2 5 1 1076 1075 1078
4834 2 2 5 1 1089 1095 1108
4835 2 2 5 1 1101 1103 3617
4836 2 2 5 1 1309 1310 1843
4837 2 2 5 1 1312 1311 1500
4838 2 2 5 1 1855 1311 3574
4839 2 2 5 1 1835 2076 2591
4840 2 2 5 1 1067 1068 3571
4841 2 2 5 1 1213 1492 1493
4842 2 2 5 1 1251 3600 3601
4843 2 2 5 1 1487 1495 1496
4844 2 2 5 1 2124 2092 2125
4845 2 2 5 1 2127 3636 3638
4846 2 2 5 1 3537 1003 3624
4847 2 2 5 1 1089 1079 1090
4848 2 2 5 1 1122 3592 3600
4849 2 2 5 1 1493 1494 1856
4850 2 2 5 1 923 925 927
4851 2 2 5 1 944 1052 3573
4852 2 2 5 1 946 948 950
4853 2 2 5 1 961 960 963
4854 2 2 5 1 1004 997 1005
4855 2 2 5 1 1059 1060 1061
4856 2 2 5 1 1068 1070 1071
4857 2 2 5 1 1073 1075 1076
4858 2 2 5 1 1081 1083 1084
4859 2 2 5 1 1089 1090 1095
4860 2 2 5 1 1212 1095 3591
4861 2 2 5 1 1308 2128 2129
4862 2 2 5 1 1308 2129 3599
4863 2 2 5 1 1501 1500 3580
4864 2 2 5 1 1868 1862 1869
4865 2 2 5 1 1870 1871 3523
4866 2 2 5 1 3555 3553 3559
4867 2 2 5 1 3605 3582 3609
4868 2 2 5 1 921 922 923
4869 2 2 5 1 1994 1855 1995
4870 2 2 5 1 935 933 936
4871 2 2 5 1 939 937 940
4872 2 2 5 1 942 946 3543
4873 2 2 5 1 955 958 959
4874 2 2 5 1 975 976 977
4875 2 2 5 1 984 982 3540
4876 2 2 5 1 1073 1072 1075
4877 2 2 5 1 1078 1100 1101
4878 2 2 5 1 1092 1087 1209
4879 2 2 5 1 1101 1102 1103
4880 2 2 5 1 1214 1215 1309
4881 2 2 5 1 1486 1484 1867
4882 2 2 5 1 3536 1863 3631
4883 2 2 5 1 2091 2090 2092
4884 2 2 5 1 1071 1073 2123
4885 2 2 5 1 1101 1100 1102
4886 2 2 5 1 1103 1770 1771
4887 2 2 5 1 1213 1212 1491
4888 2 2 5 1 1312 1500 1501
4889 2 2 5 1 1494 1492 1865
4890 2 2 5 1 1771 1773 3593
4891 2 2 5 1 939 940 941
4892 2 2 5 1 942 3543 3552
4893 2 2 5 1 1016 1014 1036
4894 2 2 5 1 1056 1058 1059
4895 2 2 5 1 1094 1122 1123
4896 2 2 5 1 1104 1102 1105
4897 2 2 5 1 3562 1113 3595
4898 2 2 5 1 1124 1123 1125
4899 2 2 5 1 1214 1125 1215
4900 2 2 5 1 1309 1215 1310
4901 2 2 5 1 1222 1223 1477
4902 2 2 5 1 1871 1501 1964
4903 2 2 5 1 1773 1772 1835
4904 2 2 5 1 977 978 979
4905 2 2 5 1 989 991 995
4906 2 2 5 1 992 990 998
4907 2 2 5 1 1500 1311 1855
4908 2 2 5 1 1312 1501 1870
4909 2 2 5 1 1478 1911 3623
4910 2 2 5 1 1855 3574 3575
4911 2 2 5 1 2124 2125 3601
4912 2 2 5 1 921 920 922
4913 2 2 5 1 922 920 956
4914 2 2 5 1 928 1307 3581
4915 2 2 5 1 935 936 937
4916 2 2 5 1 975 977 1003
4917 2 2 5 1 1103 1104 1770
4918 2 2 5 1 3574 1251 3575
4919 2 2 5 1 1868 1869 2127
4920 2 2 5 1 2125 3576 3601
4921 2 2 5 1 923 922 924
4922 2 2 5 1 925 924 926
4923 2 2 5 1 943 1297 3567
4924 2 2 5 1 3021 964 3022
4925 2 2 5 1 987 984 3540
4926 2 2 5 1 1310 1215 1311
4927 2 2 5 1 1847 1846 1851
4928 2 2 5 1 1871 1964 1965
4929 2 2 5 1 3618 3570 3619
4930 2 2 5 1 974 970 3602
4931 2 2 5 1 991 992 996
4932 2 2 5 1 1061 1063 1064
4933 2 2 5 1 1071 1070 1072
4934 2 2 5 1 1222 1113 1223
4935 2 2 5 1 985 986 988
4936 2 2 5 1 985 999 3599
4937 2 2 5 1 996 997 1004
4938 2 2 5 1 999 1009 1308
4939 2 2 5 1 1010 1000 1011
4940 2 2 5 1 1078 1075 1100
4941 2 2 5 1 1090 1093 1094
4942 2 2 5 1 1125 1251 3574
4943 2 2 5 1 3539 1211 3602
4944 2 2 5 1 1308 1838 2128
4945 2 2 5 1 1310 1311 1312
4946 2 2 5 1 1500 1994 3580
4947 2 2 5 1 1870 1501 1871
4948 2 2 5 1 1773 1835 2090
4949 2 2 5 1 1845 1822 1846
4950 2 2 5 1 925 928 3581
4951 2 2 5 1 986 987 989
4952 2 2 5 1 1112 1006 1113
4953 2 2 5 1 1065 1063 1077
4954 2 2 5 1 1071 1072 1073
4955 2 2 5 1 1076 1078 1079
4956 2 2 5 1 1089 1108 3589
4957 2 2 5 1 1108 1212 1213
4958 2 2 5 1 1491 1212 1862
4959 2 2 5 1 1481 1482 1483
4960 2 2 5 1 3568 1856 3582
4961 2 2 5 1 969 971 972
4962 2 2 5 1 979 978 980
4963 2 2 5 1 981 980 982
4964 2 2 5 1 1054 1053 1055
4965 2 2 5 1 1058 1057 1062
4966 2 2 5 1 1059 1061 1858
4967 2 2 5 1 1062 1080 1081
4968 2 2 5 1 1064 1066 1067
4969 2 2 5 1 1094 1123 1124
4970 2 2 5 1 1104 1105 1106
4971 2 2 5 1 1108 1213 3579
4972 2 2 5 1 2123 3568 3571
4973 2 2 5 1 930 931 932
4974 2 2 5 1 1307 930 3608
4975 2 2 5 1 932 933 934
4976 2 2 5 1 932 934 944
4977 2 2 5 1 935 937 938
4978 2 2 5 1 935 938 3554
4979 2 2 5 1 940 937 3612
4980 2 2 5 1 941 940 943
4981 2 2 5 1 942 945 946
4982 2 2 5 1 948 951 952
4983 2 2 5 1 969 968 970
4984 2 2 5 1 970 968 3602
4985 2 2 5 1 976 974 1211
4986 2 2 5 1 977 976 978
4987 2 2 5 1 980 978 1012
4988 2 2 5 1 983 982 984
4989 2 2 5 1 999 1308 3599
4990 2 2 5 1 1002 1006 1007
4991 2 2 5 1 1052 1054 1109
4992 2 2 5 1 1053 1854 3556
4993 2 2 5 1 1062 1057 1080
4994 2 2 5 1 1081 1082 1083
4995 2 2 5 1 1086 1087 1091
4996 2 2 5 1 1297 1296 1816
4997 2 2 5 1 1479 1480 1481
4998 2 2 5 1 1483 1482 1484
4999 2 2 5 1 1483 1484 1485
5000 2 2 5 1 1483 1485 1917
5001 2 2 5 1 1491 1862 1868
5002 2 2 5 1 1493 3568 3579
5003 2 2 5 1 1500 1855 1994
5004 2 2 5 1 1913 1912 1914
5005 2 2 5 1 3544 3547 3559
5006 2 2 5 1 3553 3552 3559
5007 2 2 5 1 927 925 3581
5008 2 2 5 1 3563 957 3564
5009 2 2 5 1 958 960 961
5010 2 2 5 1 1013 1007 1014
5011 2 2 5 1 1015 1014 1016
5012 2 2 5 1 1482 1864 3572
5013 2 2 5 1 1853 1863 2122
5014 2 2 5 1 1860 1859 1861
5015 2 2 5 1 1050 964 3021
5016 2 2 5 1 1095 3590 3591
5017 2 2 5 1 1108 3579 3589
5018 2 2 5 1 1223 1113 3562
5019 2 2 5 1 1214 1309 1313
5020 2 2 5 1 1478 1909 1910
5021 2 2 5 1 1835 1772 2076
5022 2 2 5 1 1773 2090 2091
5023 2 2 5 1 1848 1849 1850
5024 2 2 5 1 3550 3611 3615
5025 2 2 5 1 942 941 945
5026 2 2 5 1 944 1051 1052
5027 2 2 5 1 946 945 947
5028 2 2 5 1 1857 965 3563
5029 2 2 5 1 969 970 971
5030 2 2 5 1 979 980 981
5031 2 2 5 1 981 982 983
5032 2 2 5 1 1083 1082 1085
5033 2 2 5 1 1085 3584 3585
5034 2 2 5 1 1094 1093 1122
5035 2 2 5 1 1222 1477 1478
5036 2 2 5 1 1478 1910 1911
5037 2 2 5 1 1820 1821 1822
5038 2 2 5 1 1863 1850 3596
5039 2 2 5 1 3549 3548 3577
5040 2 2 5 1 3576 3575 3601
5041 2 2 5 1 1124 1125 1214
5042 2 2 5 1 1054 1055 1056
5043 2 2 5 1 1065 1077 1088
5044 2 2 5 1 1072 1070 1074
5045 2 2 5 1 1122 1093 2126
5046 2 2 5 1 1850 1849 3596
5047 2 2 5 1 1820 1819 1821
5048 2 2 5 1 3545 950 3587
5049 2 2 5 1 1007 1006 1112
5050 2 2 5 1 1091 1087 1092
5051 2 2 5 1 1964 1501 3580
5052 2 2 5 1 1862 1212 3591
5053 2 2 5 1 1213 1491 1492
5054 2 2 5 1 1493 1492 1494
5055 2 2 5 1 919 921 3636
5056 2 2 5 1 943 1296 1297
5057 2 2 5 1 1078 1101 3588
5058 2 2 5 1 1960 2103 2104
5059 2 2 5 1 919 920 921
5060 2 2 5 1 1090 1079 1093
5061 2 2 5 1 1081 1080 1082
5062 2 2 5 1 1082 1080 1210
5063 2 2 5 1 1123 1122 3600
5064 2 2 5 1 3591 3590 3613
5065 2 2 5 1 1477 1223 1479
5066 2 2 5 1 1853 2122 3535
5067 2 2 5 1 2091 3592 3593
5068 2 2 5 1 3592 2126 3593
5069 2 2 5 1 927 3632 3635
5070 2 2 5 1 948 947 951
5071 2 2 5 1 955 953 957
5072 2 2 5 1 1082 1210 3584
5073 2 2 5 1 1109 3594 3618
5074 2 2 5 1 1479 1481 1916
5075 2 2 5 1 3599 2129 3616
5076 2 2 5 1 983 984 985
5077 2 2 5 1 1816 1296 1859
5078 2 2 5 1 930 932 3608
5079 2 2 5 1 1013 1014 1015
5080 2 2 5 1 1085 1082 3584
5081 2 2 5 1 1478 1477 1909
5082 2 2 5 1 932 944 3608
5083 2 2 5 1 972 971 1001
5084 2 2 5 1 1103 1771 3617
5085 2 2 5 1 3550 3545 3587
5086 2 2 5 1 2123 1073 3589
5087 2 2 5 1 3575 1251 3601
5088 2 2 5 1 1856 3570 3609
5089 2 2 5 1 944 3573 3608
5090 2 2 5 1 955 957 958
5091 2 2 5 1 971 970 973
5092 2 2 5 1 981 983 3616
5093 2 2 5 1 1056 1059 3594
5094 2 2 5 1 1094 1124 3590
5095 2 2 5 1 1109 3618 3619
5096 2 2 5 1 3570 1866 3619
5097 2 2 5 1 3592 2124 3600
5098 2 2 5 1 3546 3545 3548
5099 2 2 5 1 954 951 3598
5100 2 2 5 1 983 985 3599
5101 2 2 5 1 1061 1060 1063
5102 2 2 5 1 1064 1067 3605
5103 2 2 5 1 1090 1094 3590
5104 2 2 5 1 971 973 3586
5105 2 2 5 1 3593 2126 3617
5106 2 2 5 1 973 974 975
5107 2 2 5 1 3590 1124 3613
5108 2 2 5 1 2091 2124 3592
5109 2 2 5 1 1307 3621 3626
5110 2 2 5 1 1495 1486 3614
5111 2 2 5 1 3613 1313 3620
5112 2 2 5 1 3609 3570 3618
5113 2 2 5 1 1095 1090 3590
5114 2 2 5 1 3591 3613 3620
5115 2 2 5 1 3607 1112 3623
5116 2 2 5 1 945 941 3583
5117 2 2 5 1 1960 2104 2299
5118 2 2 5 1 948 952 3587
5119 2 2 5 1 1001 971 3586
5120 2 2 5 1 3566 1110 3627
5121 2 2 5 1 1059 1858 3594
5122 2 2 5 1 1124 1214 3613
5123 2 2 5 1 1915 1496 1958
5124 2 2 5 1 983 3599 3616
5125 2 2 5 1 1864 3562 3625
5126 2 2 5 1 1866 1865 3626
5127 2 2 5 1 3548 3545 3550
5128 2 2 5 1 1214 1313 3613
5129 2 2 5 1 973 970 974
5130 2 2 5 1 973 3537 3586
5131 2 2 5 1 975 974 976
5132 2 2 5 1 1061 1064 3605
5133 2 2 5 1 1068 1071 3571
5134 2 2 5 1 1487 1486 1495
5135 2 2 5 1 1772 1770 3604
5136 2 2 5 1 1858 3605 3609
5137 2 2 5 1 3603 3536 3631
5138 2 2 5 1 3588 1101 3617
5139 2 2 5 1 3582 1856 3609
5140 2 2 5 1 3579 2123 3589
5141 2 2 5 1 3606 3628 3633
5142 2 2 5 1 1110 945 3583
5143 2 2 5 1 950 948 3587
5144 2 2 5 1 1113 1006 3595
5145 2 2 5 1 1209 1087 3585
5146 2 2 5 1 1486 1867 3614
5147 2 2 5 1 2076 1772 3604
5148 2 2 5 1 1852 3566 3622
5149 2 2 5 1 2126 3588 3617
5150 2 2 5 1 1211 974 3602
5151 2 2 5 1 917 919 962
5152 2 2 5 1 1858 3609 3618
5153 2 2 5 1 3586 3537 3625
5154 2 2 5 1 1087 1085 3585
5155 2 2 5 1 1862 3591 3620
5156 2 2 5 1 1071 2123 3571
5157 2 2 5 1 3619 1866 3621
5158 2 2 5 1 1771 3593 3617
5159 2 2 5 1 3611 959 3615
5160 2 2 5 1 1867 3572 3633
5161 2 2 5 1 1296 940 3612
5162 2 2 5 1 1222 1478 3623
5163 2 2 5 1 931 929 3578
5164 2 2 5 1 1036 1014 3607
5165 2 2 5 1 1858 1061 3605
5166 2 2 5 1 1006 1001 3595
5167 2 2 5 1 3573 1109 3619
5168 2 2 5 1 929 949 3578
5169 2 2 5 1 1848 1852 3622
5170 2 2 5 1 919 918 920
5171 2 2 5 1 1111 981 3616
5172 2 2 5 1 1845 1848 3622
5173 2 2 5 1 1869 1862 3620
5174 2 2 5 1 1909 3629 3630
5175 2 2 5 1 1916 3560 3561
5176 2 2 5 1 952 955 3611
5177 2 2 5 1 3583 3567 3627
5178 2 2 5 1 3594 1858 3618
5179 2 2 5 1 1007 1112 3607
5180 2 2 5 1 1859 1296 3612
5181 2 2 5 1 1307 3608 3621
5182 2 2 5 1 1958 1496 1959
5183 2 2 5 1 1913 1914 3418
5184 2 2 5 1 951 947 3598
5185 2 2 5 1 1960 1959 2103
5186 2 2 5 1 1110 3583 3627
5187 2 2 5 1 947 1110 3598
5188 2 2 5 1 1001 3586 3595
5189 2 2 5 1 3624 1003 3633
5190 2 2 5 1 3572 1864 3624
5191 2 2 5 1 3573 3619 3621
5192 2 2 5 1 1865 3569 3632
5193 2 2 5 1 3569 1868 3635
5194 2 2 5 1 923 927 3638
5195 2 2 5 1 955 959 3611
5196 2 2 5 1 978 976 3603
5197 2 2 5 1 1003 3606 3633
5198 2 2 5 1 1014 1007 3607
5199 2 2 5 1 1911 1913 3610
5200 2 2 5 1 3608 3573 3621
5201 2 2 5 1 1012 978 3603
5202 2 2 5 1 1909 1477 3629
5203 2 2 5 1 3572 3624 3633
5204 2 2 5 1 1112 1222 3623
5205 2 2 5 1 927 3581 3632
5206 2 2 5 1 3581 1307 3626
5207 2 2 5 1 1477 1479 3629
5208 2 2 5 1 3614 1867 3628
5209 2 2 5 1 3606 1111 3628
5210 2 2 5 1 3624 1864 3625
5211 2 2 5 1 1479 1916 3629
5212 2 2 5 1 3616 2129 3634
5213 2 2 5 1 927 3635 3638
5214 2 2 5 1 3537 3624 3625
5215 2 2 5 1 1868 2127 3635
5216 2 2 5 1 3542 1012 3631
5217 2 2 5 1 3626 1865 3632
5218 2 2 5 1 1111 3616 3634
5219 2 2 5 1 1012 3603 3631
5220 2 2 5 1 921 923 3638
5221 2 2 5 1 2129 2128 3637
5222 2 2 5 1 1495 3614 3637
5223 2 2 5 1 962 919 3636
5224 2 2 5 1 3614 3634 3637
5225 2 2 5 1 3581 3626 3632
5226 2 2 5 1 1495 3637 3639
5227 2 2 5 1 3634 2129 3637
5228 2 2 5 1 3614 3628 3634
5229 2 2 5 1 3635 2127 3638
5230 2 2 5 1 918 916 3531
5231 2 2 5 1 917 918 919
5232 2 2 5 1 3628 1111 3634
5233 2 2 5 1 3639 2128 3640
5234 2 2 5 1 3530 3643 3644
5235 2 2 5 1 2128 1838 3640
5236 2 2 5 1 1496 1495 3639
5237 2 2 5 1 2103 1959 3640
5238 2 2 5 1 1959 1496 3639
5239 2 2 5 1 1959 3639 3640
5240 2 2 5 1 3642 1843 3646
5241 2 2 5 1 917 916 918
5242 2 2 5 1 3640 1838 3641
5243 2 2 5 1 2103 3640 3641
5244 2 2 5 1 915 916 917
5245 2 2 5 1 916 914 966
5246 2 2 5 1 994 3526 3528
5247 2 2 5 1 915 914 916
5248 2 2 5 1 1313 1309 3642
5249 2 2 5 1 962 3636 3643
5250 2 2 5 1 1313 3642 3644
5251 2 2 5 1 2127 1869 3643
5252 2 2 5 1 994 913 3526
5253 2 2 5 1 913 914 915
5254 2 2 5 1 1309 1843 3642
5255 2 2 5 1 3642 3530 3644
5256 2 2 5 1 1869 3620 3644
5257 2 2 5 1 3636 2127 3643
5258 2 2 5 1 3620 1313 3644
5259 2 2 5 1 1312 1870 3645
5260 2 2 5 1 1843 1310 3645
5261 2 2 5 1 913 912 914
5262 2 2 5 1 911 913 994
5263 2 2 5 1 3526 3529 3646
5264 2 2 5 1 1310 1312 3645
5265 2 2 5 1 994 3528 3647
5266 2 2 5 1 911 912 913
5267 2 2 5 1 3121 1049 3364
5268 2 2 5 1 909 911 3527
5269 2 2 5 1 911 910 912
5270 2 2 5 1 1035 1049 3121
5271 2 2 5 1 1049 1048 3426
5272 2 2 5 1 910 908 993
5273 2 2 5 1 909 910 911
5274 2 2 5 1 1035 1048 1049
5275 2 2 5 1 909 908 910
5276 2 2 5 1 907 909 1118
5277 2 2 5 1 2507 2895 3469
5278 2 2 5 1 1035 1031 1048
5279 2 2 5 1 1033 1032 1034
5280 2 2 5 1 907 908 909
5281 2 2 5 1 1804 2011 3358
5282 2 2 5 1 2507 1517 2895
5283 2 2 5 1 1649 2507 3030
5284 2 2 5 1 1030 1032 1033
5285 2 2 5 1 1032 1031 1035
5286 2 2 5 1 907 906 908
5287 2 2 5 1 906 1008 3520
5288 2 2 5 1 1649 1517 2507
5289 2 2 5 1 1804 1803 2011
5290 2 2 5 1 3788 3787 3789
5291 2 2 5 1 3921 3922 3923
5292 2 2 5 1 3687 3676 3688
5293 2 2 5 1 1030 1031 1032
5294 2 2 5 1 906 904 1008
5295 2 2 5 1 905 906 907
5296 2 2 5 1 1326 1517 1649
5297 2 2 5 1 1327 1803 1804
5298 2 2 5 1 3921 3919 3922
5299 2 2 5 1 3673 3676 3687
5300 2 2 5 1 3778 3787 3788
5301 2 2 5 1 1030 1028 1031
5302 2 2 5 1 3026 3028 3029
5303 2 2 5 1 905 904 906
5304 2 2 5 1 1326 1327 1517
5305 2 2 5 1 1327 1186 1803
5306 2 2 5 1 3675 3672 3708
5307 2 2 5 1 3874 3871 3886
5308 2 2 5 1 3918 3920 3925
5309 2 2 5 1 3930 3931 3932
5310 2 2 5 1 3712 3714 3715
5311 2 2 5 1 3673 3674 3676
5312 2 2 5 1 3873 3871 3874
5313 2 2 5 1 3866 3863 3868
5314 2 2 5 1 3714 3713 3719
5315 2 2 5 1 3872 3873 3876
5316 2 2 5 1 3864 3866 3867
5317 2 2 5 1 3855 3857 3858
5318 2 2 5 1 3857 3854 3859
5319 2 2 5 1 3780 3779 3781
5320 2 2 5 1 3674 3672 3675
5321 2 2 5 1 3661 3663 3664
5322 2 2 5 1 3778 3786 3787
5323 2 2 5 1 3931 3929 3938
5324 2 2 5 1 3830 3829 3832
5325 2 2 5 1 3920 3919 3921
5326 2 2 5 1 1029 1028 1030
5327 2 2 5 1 1027 2114 3515
5328 2 2 5 1 2114 1300 3500
5329 2 2 5 1 752 3956 3967
5330 2 2 5 1 3024 3026 3027
5331 2 2 5 1 3026 3025 3028
5332 2 2 5 1 3507 3506 3516
5333 2 2 5 1 902 904 905
5334 2 2 5 1 1326 1186 1327
5335 2 2 5 1 3660 3662 4005
5336 2 2 5 1 3712 3713 3714
5337 2 2 5 1 3661 3660 3663
5338 2 2 5 1 3918 3919 3920
5339 2 2 5 1 3673 3672 3674
5340 2 2 5 1 3872 3871 3873
5341 2 2 5 1 3930 3929 3931
5342 2 2 5 1 3760 3759 3762
5343 2 2 5 1 3778 3777 3786
5344 2 2 5 1 3864 3863 3866
5345 2 2 5 1 3777 3779 3780
5346 2 2 5 1 3828 3829 3830
5347 2 2 5 1 3855 3854 3857
5348 2 2 5 1 3597 3525 3648
5349 2 2 5 1 1851 3524 3650
5350 2 2 5 1 3542 3597 3648
5351 2 2 5 1 3540 3541 3648
5352 2 2 5 1 3525 998 3649
5353 2 2 5 1 987 3540 3649
5354 2 2 5 1 998 990 3649
5355 2 2 5 1 1847 1851 3650
5356 2 2 5 1 3597 1849 3650
5357 2 2 5 1 1027 1300 2114
5358 2 2 5 1 1300 1025 3489
5359 2 2 5 1 1026 1028 1029
5360 2 2 5 1 3088 4080 4709
5361 2 2 5 1 1118 3523 3651
5362 2 2 5 1 1871 1965 3651
5363 2 2 5 1 3024 3025 3026
5364 2 2 5 1 901 3506 3507
5365 2 2 5 1 902 903 904
5366 2 2 5 1 3541 3542 3648
5367 2 2 5 1 990 987 3649
5368 2 2 5 1 1849 1847 3650
5369 2 2 5 1 3387 2651 4779
5370 2 2 5 1 3523 1871 3651
5371 2 2 5 1 3671 822 3708
5372 2 2 5 1 3870 880 3886
5373 2 2 5 1 1185 1186 1326
5374 2 2 5 1 812 3660 3661
5375 2 2 5 1 3660 3659 3662
5376 2 2 5 1 3712 3711 3713
5377 2 2 5 1 3809 827 3810
5378 2 2 5 1 753 3712 3743
5379 2 2 5 1 3777 3776 3779
5380 2 2 5 1 3758 3759 3760
5381 2 2 5 1 3759 843 3761
5382 2 2 5 1 768 3777 3778
5383 2 2 5 1 654 3672 3673
5384 2 2 5 1 3897 3896 3898
5385 2 2 5 1 3918 857 3919
5386 2 2 5 1 3862 3863 3864
5387 2 2 5 1 3828 650 3829
5388 2 2 5 1 3827 3828 3831
5389 2 2 5 1 868 3854 3855
5390 2 2 5 1 3854 3853 3856
5391 2 2 5 1 3863 790 3865
5392 2 2 5 1 695 3871 3872
5393 2 2 5 1 3929 795 3933
5394 2 2 5 1 3928 3929 3930
5395 2 2 5 1 1026 1027 1028
5396 2 2 5 1 1027 1025 1300
5397 2 2 5 1 1693 2112 5219
5398 2 2 5 1 3918 3925 3926
5399 2 2 5 1 3075 646 5094
5400 2 2 5 1 3813 658 3959
5401 2 2 5 1 722 3940 3960
5402 2 2 5 1 3024 3023 3025
5403 2 2 5 1 3380 2532 4752
5404 2 2 5 1 704 4338 4382
5405 2 2 5 1 3781 3779 3959
5406 2 2 5 1 3930 3932 3960
5407 2 2 5 1 36 687 3652
5408 2 2 5 1 675 3917 3926
5409 2 2 5 1 4099 4583 4870
5410 2 2 5 1 902 900 903
5411 2 2 5 1 901 902 3506
5412 2 2 5 1 3478 2140 4032
5413 2 2 5 1 2795 2798 4070
5414 2 2 5 1 3673 3687 3745
5415 2 2 5 1 3778 3788 3798
5416 2 2 5 1 3922 3919 3927
5417 2 2 5 1 1010 1116 4014
5418 2 2 5 1 345 346 3768
5419 2 2 5 1 418 419 3806
5420 2 2 5 1 270 271 3653
5421 2 2 5 1 205 206 3812
5422 2 2 5 1 491 492 3670
5423 2 2 5 1 472 473 3711
5424 2 2 5 1 550 551 729
5425 2 2 5 1 232 233 728
5426 2 2 5 1 551 552 3668
5427 2 2 5 1 585 586 810
5428 2 2 5 1 267 268 811
5429 2 2 5 1 552 553 816
5430 2 2 5 1 516 517 812
5431 2 2 5 1 587 588 709
5432 2 2 5 1 198 199 813
5433 2 2 5 1 234 235 815
5434 2 2 5 1 269 270 708
5435 2 2 5 1 518 519 3751
5436 2 2 5 1 515 516 3709
5437 2 2 5 1 196 197 648
5438 2 2 5 1 514 515 649
5439 2 2 5 1 517 518 3659
5440 2 2 5 1 588 589 3710
5441 2 2 5 1 225 226 3750
5442 2 2 5 1 233 234 3667
5443 2 2 5 1 271 272 824
5444 2 2 5 1 589 590 837
5445 2 2 5 1 170 171 730
5446 2 2 5 1 155 156 654
5447 2 2 5 1 152 153 752
5448 2 2 5 1 470 471 3747
5449 2 2 5 1 285 286 3749
5450 2 2 5 1 183 184 3755
5451 2 2 5 1 471 472 753
5452 2 2 5 1 489 490 3744
5453 2 2 5 1 473 474 3752
5454 2 2 5 1 490 491 755
5455 2 2 5 1 172 173 818
5456 2 2 5 1 154 155 3745
5457 2 2 5 1 505 506 3764
5458 2 2 5 1 156 157 3671
5459 2 2 5 1 474 475 653
5460 2 2 5 1 394 395 721
5461 2 2 5 1 523 524 3776
5462 2 2 5 1 554 555 670
5463 2 2 5 1 413 414 754
5464 2 2 5 1 369 370 821
5465 2 2 5 1 323 324 3823
5466 2 2 5 1 333 334 814
5467 2 2 5 1 347 348 751
5468 2 2 5 1 563 564 3793
5469 2 2 5 1 236 237 669
5470 2 2 5 1 174 175 647
5471 2 2 5 1 594 595 3800
5472 2 2 5 1 603 604 3795
5473 2 2 5 1 391 392 3654
5474 2 2 5 1 487 488 652
5475 2 2 5 1 544 545 3792
5476 2 2 5 1 575 576 3774
5477 2 2 5 1 148 149 684
5478 2 2 5 1 164 165 3814
5479 2 2 5 1 344 345 703
5480 2 2 5 1 392 393 817
5481 2 2 5 1 277 278 744
5482 2 2 5 1 190 191 711
5483 2 2 5 1 193 194 774
5484 2 2 5 1 201 202 706
5485 2 2 5 1 219 220 851
5486 2 2 5 1 240 241 733
5487 2 2 5 1 242 243 853
5488 2 2 5 1 249 250 854
5489 2 2 5 1 185 186 660
5490 2 2 5 1 188 189 830
5491 2 2 5 1 207 208 659
5492 2 2 5 1 214 215 831
5493 2 2 5 1 230 231 820
5494 2 2 5 1 255 256 758
5495 2 2 5 1 204 205 761
5496 2 2 5 1 535 536 666
5497 2 2 5 1 577 578 3802
5498 2 2 5 1 579 580 766
5499 2 2 5 1 595 596 745
5500 2 2 5 1 592 593 3796
5501 2 2 5 1 599 600 3797
5502 2 2 5 1 601 602 3772
5503 2 2 5 1 502 503 856
5504 2 2 5 1 160 161 716
5505 2 2 5 1 564 565 3794
5506 2 2 5 1 475 476 3756
5507 2 2 5 1 478 479 769
5508 2 2 5 1 481 482 693
5509 2 2 5 1 496 497 771
5510 2 2 5 1 504 505 762
5511 2 2 5 1 521 522 3798
5512 2 2 5 1 525 526 658
5513 2 2 5 1 528 529 844
5514 2 2 5 1 540 541 712
5515 2 2 5 1 565 566 770
5516 2 2 5 1 573 574 3791
5517 2 2 5 1 574 575 845
5518 2 2 5 1 590 591 3799
5519 2 2 5 1 162 163 3758
5520 2 2 5 1 177 178 763
5521 2 2 5 1 179 180 3803
5522 2 2 5 1 282 283 823
5523 2 2 5 1 163 164 843
5524 2 2 5 1 497 498 3763
5525 2 2 5 1 467 468 685
5526 2 2 5 1 493 494 689
5527 2 2 5 1 519 520 707
5528 2 2 5 1 532 533 850
5529 2 2 5 1 548 549 819
5530 2 2 5 1 558 559 734
5531 2 2 5 1 273 274 731
5532 2 2 5 1 415 416 3766
5533 2 2 5 1 416 417 690
5534 2 2 5 1 469 470 846
5535 2 2 5 1 476 477 836
5536 2 2 5 1 484 485 767
5537 2 2 5 1 507 508 686
5538 2 2 5 1 510 511 759
5539 2 2 5 1 512 513 827
5540 2 2 5 1 522 523 768
5541 2 2 5 1 527 528 3767
5542 2 2 5 1 530 531 713
5543 2 2 5 1 538 539 840
5544 2 2 5 1 543 544 847
5545 2 2 5 1 545 546 667
5546 2 2 5 1 556 557 835
5547 2 2 5 1 560 561 848
5548 2 2 5 1 562 563 678
5549 2 2 5 1 567 568 841
5550 2 2 5 1 569 570 680
5551 2 2 5 1 572 573 760
5552 2 2 5 1 576 577 681
5553 2 2 5 1 578 579 3775
5554 2 2 5 1 582 583 691
5555 2 2 5 1 591 592 732
5556 2 2 5 1 598 599 765
5557 2 2 5 1 602 603 893
5558 2 2 5 1 217 218 664
5559 2 2 5 1 253 254 838
5560 2 2 5 1 150 151 828
5561 2 2 5 1 157 158 822
5562 2 2 5 1 165 166 671
5563 2 2 5 1 180 181 710
5564 2 2 5 1 209 210 855
5565 2 2 5 1 224 225 834
5566 2 2 5 1 227 228 665
5567 2 2 5 1 247 248 764
5568 2 2 5 1 258 259 683
5569 2 2 5 1 264 265 692
5570 2 2 5 1 280 281 775
5571 2 2 5 1 284 285 892
5572 2 2 5 1 275 276 825
5573 2 2 5 1 168 169 826
5574 2 2 5 1 182 183 839
5575 2 2 5 1 261 262 773
5576 2 2 5 1 498 499 852
5577 2 2 5 1 500 501 651
5578 2 2 5 1 222 223 714
5579 2 2 5 1 212 213 715
5580 2 2 5 1 238 239 833
5581 2 2 5 1 244 245 677
5582 2 2 5 1 251 252 682
5583 2 2 5 1 593 594 849
5584 2 2 5 1 600 601 842
5585 2 2 5 1 445 446 3896
5586 2 2 5 1 503 504 3811
5587 2 2 5 1 501 502 3773
5588 2 2 5 1 237 238 3754
5589 2 2 5 1 526 527 3819
5590 2 2 5 1 495 496 3807
5591 2 2 5 1 173 174 3753
5592 2 2 5 1 181 182 3816
5593 2 2 5 1 511 512 3808
5594 2 2 5 1 524 525 3813
5595 2 2 5 1 417 418 3805
5596 2 2 5 1 241 242 3748
5597 2 2 5 1 403 404 3946
5598 2 2 5 1 390 391 3837
5599 2 2 5 1 464 465 757
5600 2 2 5 1 513 514 3818
5601 2 2 5 1 223 224 3765
5602 2 2 5 1 374 375 3927
5603 2 2 5 1 171 172 3746
5604 2 2 5 1 335 336 738
5605 2 2 5 1 419 420 776
5606 2 2 5 1 145 146 772
5607 2 2 5 1 324 325 891
5608 2 2 5 1 342 343 832
5609 2 2 5 1 331 332 743
5610 2 2 5 1 396 397 829
5611 2 2 5 1 130 131 3824
5612 2 2 5 1 94 95 3841
5613 2 2 5 1 431 432 780
5614 2 2 5 1 131 132 788
5615 2 2 5 1 449 450 3862
5616 2 2 5 1 356 357 688
5617 2 2 5 1 459 460 3827
5618 2 2 5 1 141 142 646
5619 2 2 5 1 389 390 663
5620 2 2 5 1 106 107 778
5621 2 2 5 1 367 368 740
5622 2 2 5 1 371 372 675
5623 2 2 5 1 96 97 701
5624 2 2 5 1 460 461 650
5625 2 2 5 1 25 26 718
5626 2 2 5 1 93 94 777
5627 2 2 5 1 462 463 858
5628 2 2 5 1 24 25 3844
5629 2 2 5 1 372 373 3917
5630 2 2 5 1 332 333 3655
5631 2 2 5 1 143 144 859
5632 2 2 5 1 22 23 3840
5633 2 2 5 1 23 24 861
5634 2 2 5 1 350 351 702
5635 2 2 5 1 366 367 3815
5636 2 2 5 1 430 431 3822
5637 2 2 5 1 105 106 3901
5638 2 2 5 1 440 441 3892
5639 2 2 5 1 458 459 3904
5640 2 2 5 1 112 113 792
5641 2 2 5 1 461 462 3843
5642 2 2 5 1 36 37 687
5643 2 2 5 1 28 29 3847
5644 2 2 5 1 26 27 3848
5645 2 2 5 1 30 31 700
5646 2 2 5 1 33 34 779
5647 2 2 5 1 27 28 866
5648 2 2 5 1 6 7 894
5649 2 2 5 1 8 9 801
5650 2 2 5 1 441 442 699
5651 2 2 5 1 32 33 3849
5652 2 2 5 1 29 30 3850
5653 2 2 5 1 125 126 791
5654 2 2 5 1 161 162 3804
5655 2 2 5 1 11 12 750
5656 2 2 5 1 248 249 3771
5657 2 2 5 1 12 13 3860
5658 2 2 5 1 64 65 3893
5659 2 2 5 1 20 21 719
5660 2 2 5 1 14 15 3853
5661 2 2 5 1 67 68 874
5662 2 2 5 1 76 77 864
5663 2 2 5 1 58 59 873
5664 2 2 5 1 82 83 867
5665 2 2 5 1 13 14 868
5666 2 2 5 1 84 85 717
5667 2 2 5 1 74 75 720
5668 2 2 5 1 15 16 3887
5669 2 2 5 1 40 41 3861
5670 2 2 5 1 17 18 3888
5671 2 2 5 1 18 19 869
5672 2 2 5 1 16 17 737
5673 2 2 5 1 144 145 3835
5674 2 2 5 1 39 40 781
5675 2 2 5 1 56 57 735
5676 2 2 5 1 65 66 736
5677 2 2 5 1 90 91 657
5678 2 2 5 1 359 360 756
5679 2 2 5 1 123 124 3899
5680 2 2 5 1 410 411 655
5681 2 2 5 1 41 42 871
5682 2 2 5 1 451 452 3895
5683 2 2 5 1 47 48 739
5684 2 2 5 1 72 73 862
5685 2 2 5 1 450 451 790
5686 2 2 5 1 43 44 679
5687 2 2 5 1 45 46 872
5688 2 2 5 1 42 43 3900
5689 2 2 5 1 77 78 3852
5690 2 2 5 1 337 338 886
5691 2 2 5 1 63 64 863
5692 2 2 5 1 61 62 3909
5693 2 2 5 1 54 55 865
5694 2 2 5 1 83 84 3889
5695 2 2 5 1 444 445 789
5696 2 2 5 1 50 51 3906
5697 2 2 5 1 102 103 642
5698 2 2 5 1 134 135 696
5699 2 2 5 1 104 105 878
5700 2 2 5 1 454 455 3870
5701 2 2 5 1 439 440 870
5702 2 2 5 1 434 435 656
5703 2 2 5 1 75 76 3890
5704 2 2 5 1 87 88 793
5705 2 2 5 1 425 426 783
5706 2 2 5 1 428 429 694
5707 2 2 5 1 437 438 785
5708 2 2 5 1 447 448 644
5709 2 2 5 1 455 456 880
5710 2 2 5 1 457 458 782
5711 2 2 5 1 49 50 877
5712 2 2 5 1 51 52 673
5713 2 2 5 1 60 61 672
5714 2 2 5 1 69 70 668
5715 2 2 5 1 79 80 661
5716 2 2 5 1 109 110 697
5717 2 2 5 1 115 116 645
5718 2 2 5 1 120 121 876
5719 2 2 5 1 128 129 643
5720 2 2 5 1 137 138 784
5721 2 2 5 1 138 139 3902
5722 2 2 5 1 139 140 875
5723 2 2 5 1 99 100 786
5724 2 2 5 1 118 119 787
5725 2 2 5 1 122 123 698
5726 2 2 5 1 385 386 3944
5727 2 2 5 1 136 137 3914
5728 2 2 5 1 326 327 879
5729 2 2 5 1 101 102 3905
5730 2 2 5 1 453 454 695
5731 2 2 5 1 448 449 3891
5732 2 2 5 1 78 79 3908
5733 2 2 5 1 88 89 3911
5734 2 2 5 1 110 111 3910
5735 2 2 5 1 68 69 3907
5736 2 2 5 1 452 453 3913
5737 2 2 5 1 142 143 3845
5738 2 2 5 1 283 284 3825
5739 2 2 5 1 184 185 3769
5740 2 2 5 1 250 251 3801
5741 2 2 5 1 361 362 883
5742 2 2 5 1 387 388 860
5743 2 2 5 1 399 400 662
5744 2 2 5 1 328 329 796
5745 2 2 5 1 339 340 723
5746 2 2 5 1 353 354 794
5747 2 2 5 1 363 364 676
5748 2 2 5 1 365 366 881
5749 2 2 5 1 373 374 857
5750 2 2 5 1 376 377 741
5751 2 2 5 1 378 379 884
5752 2 2 5 1 380 381 674
5753 2 2 5 1 384 385 742
5754 2 2 5 1 402 403 882
5755 2 2 5 1 404 405 722
5756 2 2 5 1 405 406 3940
5757 2 2 5 1 406 407 3928
5758 2 2 5 1 407 408 795
5759 2 2 5 1 422 423 641
5760 2 2 5 1 382 383 885
5761 2 2 5 1 213 214 3821
5762 2 2 5 1 438 439 3915
5763 2 2 5 1 358 359 3842
5764 2 2 5 1 100 101 3912
5765 2 2 5 1 393 394 3836
5766 2 2 5 1 327 328 3839
5767 2 2 5 1 364 365 3945
5768 2 2 5 1 429 430 3953
5769 2 2 5 1 243 244 3826
5770 2 2 5 1 340 341 3943
5771 2 2 5 1 446 447 3954
5772 2 2 5 1 414 415 3942
5773 2 2 5 1 325 326 3916
5774 2 2 5 1 377 378 3948
5775 2 2 5 1 408 409 3952
5776 2 2 5 1 395 396 3941
5777 2 2 5 1 362 363 3950
5778 2 2 5 1 360 361 3894
5779 2 2 5 1 338 339 3951
5780 2 2 5 1 341 342 3851
5781 2 2 5 1 276 277 3846
5782 2 2 5 1 3687 3688 3967
5783 2 2 5 1 1185 1043 1186
5784 2 2 5 1 2021 1410 5167
5785 2 2 5 1 2620 2621 4289
5786 2 2 5 1 4318 3350 4626
5787 2 2 5 1 3962 3867 3963
5788 2 2 5 1 3482 3308 4844
5789 2 2 5 1 1661 2871 3467
5790 2 2 5 1 3966 3809 4078
5791 2 2 5 1 812 3659 3660
5792 2 2 5 1 3755 3769 3770
5793 2 2 5 1 753 3711 3712
5794 2 2 5 1 3808 827 3809
5795 2 2 5 1 710 3816 3817
5796 2 2 5 1 654 3671 3672
5797 2 2 5 1 653 3756 3757
5798 2 2 5 1 3758 843 3759
5799 2 2 5 1 3837 3654 3838
5800 2 2 5 1 768 3776 3777
5801 2 2 5 1 3819 3767 3820
5802 2 2 5 1 3655 814 3656
5803 2 2 5 1 789 3896 3897
5804 2 2 5 1 3827 650 3828
5805 2 2 5 1 3862 790 3863
5806 2 2 5 1 868 3853 3854
5807 2 2 5 1 3917 857 3918
5808 2 2 5 1 695 3870 3871
5809 2 2 5 1 784 3902 3903
5810 2 2 5 1 741 3948 3949
5811 2 2 5 1 882 3946 3947
5812 2 2 5 1 3928 795 3929
5813 2 2 5 1 707 3957 3968
5814 2 2 5 1 1034 1032 3522
5815 2 2 5 1 2499 2498 3997
5816 2 2 5 1 2575 2577 2578
5817 2 2 5 1 3709 3661 3961
5818 2 2 5 1 3891 3864 3962
5819 2 2 5 1 3860 3855 3965
5820 2 2 5 1 3829 3843 3964
5821 2 2 5 1 649 3709 3961
5822 2 2 5 1 644 3891 3962
5823 2 2 5 1 3843 858 3964
5824 2 2 5 1 750 3860 3965
5825 2 2 5 1 2808 2809 3979
5826 2 2 5 1 3872 3876 3974
5827 2 2 5 1 153 154 3956
5828 2 2 5 1 520 521 3957
5829 2 2 5 1 375 376 3958
5830 2 2 5 1 3719 3713 3973
5831 2 2 5 1 3661 3664 3961
5832 2 2 5 1 3864 3867 3962
5833 2 2 5 1 3832 3829 3964
5834 2 2 5 1 3855 3858 3965
5835 2 2 5 1 1026 1025 1027
5836 2 2 5 1 3225 3226 3227
5837 2 2 5 1 3968 3789 3969
5838 2 2 5 1 3957 3788 3968
5839 2 2 5 1 708 270 3653
5840 2 2 5 1 271 824 3653
5841 2 2 5 1 552 816 3668
5842 2 2 5 1 703 345 3768
5843 2 2 5 1 234 815 3667
5844 2 2 5 1 516 812 3709
5845 2 2 5 1 812 517 3659
5846 2 2 5 1 729 551 3668
5847 2 2 5 1 709 588 3710
5848 2 2 5 1 728 233 3667
5849 2 2 5 1 3711 473 3752
5850 2 2 5 1 155 654 3745
5851 2 2 5 1 892 285 3749
5852 2 2 5 1 753 472 3711
5853 2 2 5 1 649 515 3709
5854 2 2 5 1 755 491 3670
5855 2 2 5 1 761 205 3812
5856 2 2 5 1 589 837 3710
5857 2 2 5 1 3659 518 3751
5858 2 2 5 1 172 818 3746
5859 2 2 5 1 519 707 3751
5860 2 2 5 1 834 225 3750
5861 2 2 5 1 416 690 3766
5862 2 2 5 1 846 470 3747
5863 2 2 5 1 490 755 3744
5864 2 2 5 1 157 822 3671
5865 2 2 5 1 249 854 3771
5866 2 2 5 1 514 649 3818
5867 2 2 5 1 837 590 3799
5868 2 2 5 1 3805 418 3806
5869 2 2 5 1 471 753 3747
5870 2 2 5 1 733 241 3748
5871 2 2 5 1 474 653 3752
5872 2 2 5 1 715 213 3821
5873 2 2 5 1 654 156 3671
5874 2 2 5 1 165 671 3814
5875 2 2 5 1 818 173 3753
5876 2 2 5 1 839 183 3755
5877 2 2 5 1 3755 184 3769
5878 2 2 5 1 653 475 3756
5879 2 2 5 1 180 710 3803
5880 2 2 5 1 762 505 3764
5881 2 2 5 1 238 833 3754
5882 2 2 5 1 512 827 3808
5883 2 2 5 1 476 836 3756
5884 2 2 5 1 528 844 3767
5885 2 2 5 1 768 523 3776
5886 2 2 5 1 419 776 3806
5887 2 2 5 1 174 647 3753
5888 2 2 5 1 545 667 3792
5889 2 2 5 1 3793 564 3794
5890 2 2 5 1 277 744 3846
5891 2 2 5 1 595 745 3800
5892 2 2 5 1 658 526 3819
5893 2 2 5 1 771 497 3763
5894 2 2 5 1 163 843 3758
5895 2 2 5 1 678 563 3793
5896 2 2 5 1 893 603 3795
5897 2 2 5 1 845 575 3774
5898 2 2 5 1 710 181 3816
5899 2 2 5 1 651 501 3773
5900 2 2 5 1 576 681 3774
5901 2 2 5 1 856 503 3811
5902 2 2 5 1 162 3758 3804
5903 2 2 5 1 849 594 3800
5904 2 2 5 1 760 573 3791
5905 2 2 5 1 681 577 3802
5906 2 2 5 1 732 592 3796
5907 2 2 5 1 765 599 3797
5908 2 2 5 1 522 768 3798
5909 2 2 5 1 578 3775 3802
5910 2 2 5 1 579 766 3775
5911 2 2 5 1 591 732 3799
5912 2 2 5 1 602 893 3772
5913 2 2 5 1 842 601 3772
5914 2 2 5 1 498 852 3763
5915 2 2 5 1 574 845 3791
5916 2 2 5 1 847 544 3792
5917 2 2 5 1 593 849 3796
5918 2 2 5 1 600 842 3797
5919 2 2 5 1 565 770 3794
5920 2 2 5 1 525 658 3813
5921 2 2 5 1 504 762 3811
5922 2 2 5 1 502 856 3773
5923 2 2 5 1 244 677 3826
5924 2 2 5 1 392 817 3654
5925 2 2 5 1 391 3654 3837
5926 2 2 5 1 496 771 3807
5927 2 2 5 1 3776 524 3813
5928 2 2 5 1 730 171 3746
5929 2 2 5 1 669 237 3754
5930 2 2 5 1 714 223 3765
5931 2 2 5 1 843 164 3814
5932 2 2 5 1 527 3767 3819
5933 2 2 5 1 759 511 3808
5934 2 2 5 1 242 853 3748
5935 2 2 5 1 182 839 3816
5936 2 2 5 1 690 417 3805
5937 2 2 5 1 224 834 3765
5938 2 2 5 1 333 814 3655
5939 2 2 5 1 827 513 3818
5940 2 2 5 1 854 250 3801
5941 2 2 5 1 823 283 3825
5942 2 2 5 1 394 721 3836
5943 2 2 5 1 754 414 3942
5944 2 2 5 1 716 161 3804
5945 2 2 5 1 324 891 3823
5946 2 2 5 1 721 395 3941
5947 2 2 5 1 764 248 3771
5948 2 2 5 1 789 445 3896
5949 2 2 5 1 251 682 3801
5950 2 2 5 1 431 780 3822
5951 2 2 5 1 284 892 3825
5952 2 2 5 1 891 325 3916
5953 2 2 5 1 663 390 3837
5954 2 2 5 1 857 374 3927
5955 2 2 5 1 145 772 3835
5956 2 2 5 1 462 858 3843
5957 2 2 5 1 341 3851 3943
5958 2 2 5 1 185 660 3769
5959 2 2 5 1 777 94 3841
5960 2 2 5 1 861 24 3844
5961 2 2 5 1 25 718 3844
5962 2 2 5 1 459 3827 3904
5963 2 2 5 1 718 26 3848
5964 2 2 5 1 859 144 3835
5965 2 2 5 1 23 861 3840
5966 2 2 5 1 817 393 3836
5967 2 2 5 1 3895 452 3913
5968 2 2 5 1 650 461 3843
5969 2 2 5 1 27 866 3848
5970 2 2 5 1 866 28 3847
5971 2 2 5 1 3847 29 3850
5972 2 2 5 1 131 788 3824
5973 2 2 5 1 30 700 3850
5974 2 2 5 1 33 779 3849
5975 2 2 5 1 646 142 3845
5976 2 2 5 1 328 796 3839
5977 2 2 5 1 743 332 3655
5978 2 2 5 1 750 12 3860
5979 2 2 5 1 450 790 3862
5980 2 2 5 1 13 868 3860
5981 2 2 5 1 460 650 3827
5982 2 2 5 1 441 699 3892
5983 2 2 5 1 868 14 3853
5984 2 2 5 1 3853 15 3887
5985 2 2 5 1 106 778 3901
5986 2 2 5 1 214 831 3821
5987 2 2 5 1 737 17 3888
5988 2 2 5 1 16 737 3887
5989 2 2 5 1 18 869 3888
5990 2 2 5 1 853 243 3826
5991 2 2 5 1 65 736 3893
5992 2 2 5 1 781 40 3861
5993 2 2 5 1 878 105 3901
5994 2 2 5 1 867 83 3889
5995 2 2 5 1 41 871 3861
5996 2 2 5 1 76 864 3890
5997 2 2 5 1 863 64 3893
5998 2 2 5 1 742 385 3944
5999 2 2 5 1 871 42 3900
6000 2 2 5 1 874 68 3907
6001 2 2 5 1 449 3862 3891
6002 2 2 5 1 881 366 3815
6003 2 2 5 1 84 717 3889
6004 2 2 5 1 373 857 3917
6005 2 2 5 1 782 458 3904
6006 2 2 5 1 785 438 3915
6007 2 2 5 1 43 679 3900
6008 2 2 5 1 870 440 3892
6009 2 2 5 1 864 77 3852
6010 2 2 5 1 720 75 3890
6011 2 2 5 1 415 3766 3942
6012 2 2 5 1 698 123 3899
6013 2 2 5 1 644 448 3891
6014 2 2 5 1 455 880 3870
6015 2 2 5 1 143 859 3845
6016 2 2 5 1 675 372 3917
6017 2 2 5 1 3852 78 3908
6018 2 2 5 1 367 740 3815
6019 2 2 5 1 672 61 3909
6020 2 2 5 1 139 875 3902
6021 2 2 5 1 886 338 3951
6022 2 2 5 1 51 673 3906
6023 2 2 5 1 877 50 3906
6024 2 2 5 1 697 110 3910
6025 2 2 5 1 784 138 3902
6026 2 2 5 1 695 454 3870
6027 2 2 5 1 102 642 3905
6028 2 2 5 1 882 403 3946
6029 2 2 5 1 137 784 3914
6030 2 2 5 1 79 661 3908
6031 2 2 5 1 793 88 3911
6032 2 2 5 1 101 3905 3912
6033 2 2 5 1 404 722 3946
6034 2 2 5 1 790 451 3895
6035 2 2 5 1 69 668 3907
6036 2 2 5 1 3896 446 3954
6037 2 2 5 1 447 644 3954
6038 2 2 5 1 359 756 3842
6039 2 2 5 1 694 429 3953
6040 2 2 5 1 786 100 3912
6041 2 2 5 1 453 695 3913
6042 2 2 5 1 883 362 3950
6043 2 2 5 1 430 3822 3953
6044 2 2 5 1 722 405 3940
6045 2 2 5 1 439 870 3915
6046 2 2 5 1 365 881 3945
6047 2 2 5 1 406 3928 3940
6048 2 2 5 1 361 883 3894
6049 2 2 5 1 741 377 3948
6050 2 2 5 1 407 795 3928
6051 2 2 5 1 676 364 3945
6052 2 2 5 1 396 829 3941
6053 2 2 5 1 879 327 3839
6054 2 2 5 1 378 884 3948
6055 2 2 5 1 723 340 3943
6056 2 2 5 1 756 360 3894
6057 2 2 5 1 326 879 3916
6058 2 2 5 1 795 408 3952
6059 2 2 5 1 363 676 3950
6060 2 2 5 1 825 276 3846
6061 2 2 5 1 342 832 3851
6062 2 2 5 1 339 723 3951
6063 2 2 5 1 4034 2880 5021
6064 2 2 5 1 4513 3710 4605
6065 2 2 5 1 812 3661 3709
6066 2 2 5 1 3713 3711 3752
6067 2 2 5 1 3662 3659 3751
6068 2 2 5 1 654 3673 3745
6069 2 2 5 1 3758 3760 3804
6070 2 2 5 1 3810 827 3818
6071 2 2 5 1 3779 3776 3813
6072 2 2 5 1 753 3743 3747
6073 2 2 5 1 768 3778 3798
6074 2 2 5 1 3761 843 3814
6075 2 2 5 1 3898 3896 3954
6076 2 2 5 1 3862 3864 3891
6077 2 2 5 1 3829 650 3843
6078 2 2 5 1 868 3855 3860
6079 2 2 5 1 3856 3853 3887
6080 2 2 5 1 3827 3831 3904
6081 2 2 5 1 3919 857 3927
6082 2 2 5 1 695 3872 3913
6083 2 2 5 1 3865 790 3895
6084 2 2 5 1 3928 3930 3940
6085 2 2 5 1 3933 795 3952
6086 2 2 5 1 3754 833 4342
6087 2 2 5 1 2141 2157 4032
6088 2 2 5 1 2158 3076 4016
6089 2 2 5 1 3808 3809 3966
6090 2 2 5 1 3745 3687 3956
6091 2 2 5 1 3798 3788 3957
6092 2 2 5 1 3922 3927 3958
6093 2 2 5 1 752 153 3956
6094 2 2 5 1 154 3745 3956
6095 2 2 5 1 521 3798 3957
6096 2 2 5 1 707 520 3957
6097 2 2 5 1 376 741 3958
6098 2 2 5 1 3927 375 3958
6099 2 2 5 1 1508 2314 5036
6100 2 2 5 1 2015 3023 3024
6101 2 2 5 1 3923 3922 3975
6102 2 2 5 1 3788 3789 3968
6103 2 2 5 1 4913 2606 5126
6104 2 2 5 1 401 402 3981
6105 2 2 5 1 1030 1033 2750
6106 2 2 5 1 2962 4466 4608
6107 2 2 5 1 3962 3963 3978
6108 2 2 5 1 2698 3117 4623
6109 2 2 5 1 2513 2514 2515
6110 2 2 5 1 2630 2775 4117
6111 2 2 5 1 3810 3976 3977
6112 2 2 5 1 2719 2718 2720
6113 2 2 5 1 1018 1016 3517
6114 2 2 5 1 759 3808 3966
6115 2 2 5 1 3331 775 4286
6116 2 2 5 1 2893 3763 4485
6117 2 2 5 1 4008 4309 4338
6118 2 2 5 1 901 900 902
6119 2 2 5 1 653 3757 3973
6120 2 2 5 1 1825 4896 5295
6121 2 2 5 1 3364 1049 3987
6122 2 2 5 1 3713 3752 3973
6123 2 2 5 1 3752 653 3973
6124 2 2 5 1 3958 741 3975
6125 2 2 5 1 4630 5142 5168
6126 2 2 5 1 3367 706 4702
6127 2 2 5 1 3968 3969 3980
6128 2 2 5 1 3922 3958 3975
6129 2 2 5 1 1096 1077 5274
6130 2 2 5 1 741 3949 3975
6131 2 2 5 1 1626 4291 4298
6132 2 2 5 1 2485 2487 4174
6133 2 2 5 1 705 3561 4128
6134 2 2 5 1 2063 3395 4529
6135 2 2 5 1 1044 1043 1185
6136 2 2 5 1 749 3125 4474
6137 2 2 5 1 885 383 3982
6138 2 2 5 1 384 742 3982
6139 2 2 5 1 3500 1300 3996
6140 2 2 5 1 858 4238 4308
6141 2 2 5 1 888 4261 4309
6142 2 2 5 1 649 3961 3976
6143 2 2 5 1 644 3962 3978
6144 2 2 5 1 3913 3872 3974
6145 2 2 5 1 3865 3895 3974
6146 2 2 5 1 3895 3913 3974
6147 2 2 5 1 684 4116 4143
6148 2 2 5 1 3818 649 3976
6149 2 2 5 1 3954 644 3978
6150 2 2 5 1 3810 3818 3976
6151 2 2 5 1 3898 3954 3978
6152 2 2 5 1 3768 346 3986
6153 2 2 5 1 347 751 3986
6154 2 2 5 1 2157 2158 4016
6155 2 2 5 1 3751 707 3980
6156 2 2 5 1 402 882 3981
6157 2 2 5 1 707 3968 3980
6158 2 2 5 1 3662 3751 3980
6159 2 2 5 1 767 485 3991
6160 2 2 5 1 1648 3090 3160
6161 2 2 5 1 2791 2831 2832
6162 2 2 5 1 4006 4216 4261
6163 2 2 5 1 2090 1835 4001
6164 2 2 5 1 275 825 3992
6165 2 2 5 1 731 274 3992
6166 2 2 5 1 2406 2405 2407
6167 2 2 5 1 668 70 3993
6168 2 2 5 1 383 384 3982
6169 2 2 5 1 3662 4003 4005
6170 2 2 5 1 3500 1846 4031
6171 2 2 5 1 3307 831 5139
6172 2 2 5 1 1332 4417 4418
6173 2 2 5 1 1049 3426 3987
6174 2 2 5 1 1009 1010 4014
6175 2 2 5 1 3641 1838 4014
6176 2 2 5 1 3143 3095 4682
6177 2 2 5 1 1008 904 3110
6178 2 2 5 1 4208 2318 4652
6179 2 2 5 1 2235 2776 4098
6180 2 2 5 1 2834 4456 5007
6181 2 2 5 1 346 347 3986
6182 2 2 5 1 3719 3973 3988
6183 2 2 5 1 726 4112 4173
6184 2 2 5 1 1024 1025 1026
6185 2 2 5 1 2102 2101 3088
6186 2 2 5 1 3225 3224 3226
6187 2 2 5 1 3211 4086 4789
6188 2 2 5 1 2923 2924 2925
6189 2 2 5 1 3761 3814 4000
6190 2 2 5 1 4526 1274 4527
6191 2 2 5 1 485 486 3991
6192 2 2 5 1 2954 2503 3997
6193 2 2 5 1 2830 3909 4979
6194 2 2 5 1 2850 2849 2851
6195 2 2 5 1 3973 3757 3988
6196 2 2 5 1 432 433 4019
6197 2 2 5 1 274 275 3992
6198 2 2 5 1 1536 1534 4326
6199 2 2 5 1 70 71 3993
6200 2 2 5 1 4029 2634 4073
6201 2 2 5 1 4078 3809 4119
6202 2 2 5 1 4376 2300 5424
6203 2 2 5 1 726 4173 4216
6204 2 2 5 1 1300 3489 3996
6205 2 2 5 1 3810 3977 4119
6206 2 2 5 1 1196 1238 1239
6207 2 2 5 1 2908 4295 5189
6208 2 2 5 1 1884 1887 4370
6209 2 2 5 1 1329 1299 1330
6210 2 2 5 1 2491 1952 4211
6211 2 2 5 1 3418 1914 3998
6212 2 2 5 1 3200 3202 4071
6213 2 2 5 1 4332 1259 5283
6214 2 2 5 1 3885 880 4030
6215 2 2 5 1 2015 2014 3023
6216 2 2 5 1 4276 2955 5000
6217 2 2 5 1 2643 1776 4017
6218 2 2 5 1 97 98 4023
6219 2 2 5 1 2463 2460 4089
6220 2 2 5 1 3814 671 4000
6221 2 2 5 1 1835 2591 4001
6222 2 2 5 1 736 66 4021
6223 2 2 5 1 67 874 4021
6224 2 2 5 1 297 298 747
6225 2 2 5 1 629 630 748
6226 2 2 5 1 615 616 746
6227 2 2 5 1 311 312 749
6228 2 2 5 1 3901 4628 5019
6229 2 2 5 1 752 3707 4039
6230 2 2 5 1 3261 3260 3264
6231 2 2 5 1 2513 2308 2514
6232 2 2 5 1 3766 690 4445
6233 2 2 5 1 3811 762 4933
6234 2 2 5 1 4009 705 4128
6235 2 2 5 1 4577 4512 5292
6236 2 2 5 1 724 4010 4521
6237 2 2 5 1 1846 1822 4031
6238 2 2 5 1 2592 1560 5256
6239 2 2 5 1 748 900 901
6240 2 2 5 1 2848 2847 2849
6241 2 2 5 1 3732 3731 3734
6242 2 2 5 1 3819 3820 4025
6243 2 2 5 1 3947 3946 4026
6244 2 2 5 1 972 3513 4037
6245 2 2 5 1 967 969 4037
6246 2 2 5 1 2451 2772 4249
6247 2 2 5 1 3518 3022 4038
6248 2 2 5 1 3022 964 4038
6249 2 2 5 1 963 967 4038
6250 2 2 5 1 4001 2591 4546
6251 2 2 5 1 3513 3518 4037
6252 2 2 5 1 3314 2235 4098
6253 2 2 5 1 3980 3969 4003
6254 2 2 5 1 2141 2155 2156
6255 2 2 5 1 4159 1958 4169
6256 2 2 5 1 457 782 4030
6257 2 2 5 1 880 456 4030
6258 2 2 5 1 1838 1009 4014
6259 2 2 5 1 1039 1034 3522
6260 2 2 5 1 1038 1039 1040
6261 2 2 5 1 3730 3729 3731
6262 2 2 5 1 2925 2926 2927
6263 2 2 5 1 607 608 3496
6264 2 2 5 1 289 290 3495
6265 2 2 5 1 846 3742 4076
6266 2 2 5 1 845 4956 4999
6267 2 2 5 1 3662 3980 4003
6268 2 2 5 1 152 752 4039
6269 2 2 5 1 828 151 4039
6270 2 2 5 1 685 3740 4167
6271 2 2 5 1 355 356 4054
6272 2 2 5 1 245 246 4055
6273 2 2 5 1 3883 3881 4068
6274 2 2 5 1 3728 3727 3729
6275 2 2 5 1 3355 2277 4087
6276 2 2 5 1 3959 658 4025
6277 2 2 5 1 3784 3959 4025
6278 2 2 5 1 722 3960 4026
6279 2 2 5 1 3960 3936 4026
6280 2 2 5 1 3706 822 4074
6281 2 2 5 1 2786 3432 5050
6282 2 2 5 1 4586 2078 5393
6283 2 2 5 1 1895 1897 4889
6284 2 2 5 1 3150 3989 4646
6285 2 2 5 1 991 996 3452
6286 2 2 5 1 2386 3042 4729
6287 2 2 5 1 3726 3725 3727
6288 2 2 5 1 3685 3686 4096
6289 2 2 5 1 1635 1657 5126
6290 2 2 5 1 130 3824 4056
6291 2 2 5 1 643 129 4056
6292 2 2 5 1 1131 1138 4536
6293 2 2 5 1 813 199 4057
6294 2 2 5 1 3291 3293 4093
6295 2 2 5 1 532 850 4058
6296 2 2 5 1 713 531 4058
6297 2 2 5 1 1931 1930 1932
6298 2 2 5 1 780 432 4019
6299 2 2 5 1 3697 3696 3702
6300 2 2 5 1 1533 1532 1534
6301 2 2 5 1 2794 2795 4070
6302 2 2 5 1 1042 1043 1044
6303 2 2 5 1 4010 890 4482
6304 2 2 5 1 2515 2972 2973
6305 2 2 5 1 3682 3683 3685
6306 2 2 5 1 3724 3723 3725
6307 2 2 5 1 2529 3824 5089
6308 2 2 5 1 1045 1018 3517
6309 2 2 5 1 3695 3697 4072
6310 2 2 5 1 757 3739 4238
6311 2 2 5 1 320 895 3493
6312 2 2 5 1 638 898 3494
6313 2 2 5 1 3809 3810 4119
6314 2 2 5 1 828 3705 4116
6315 2 2 5 1 2909 2908 5189
6316 2 2 5 1 3695 3694 3696
6317 2 2 5 1 115 645 4064
6318 2 2 5 1 2919 2920 2921
6319 2 2 5 1 320 321 895
6320 2 2 5 1 302 303 887
6321 2 2 5 1 301 302 4007
6322 2 2 5 1 638 639 898
6323 2 2 5 1 625 626 4006
6324 2 2 5 1 624 625 888
6325 2 2 5 1 626 627 726
6326 2 2 5 1 623 624 4008
6327 2 2 5 1 606 607 897
6328 2 2 5 1 288 289 896
6329 2 2 5 1 300 301 725
6330 2 2 5 1 303 304 4009
6331 2 2 5 1 308 309 727
6332 2 2 5 1 622 623 704
6333 2 2 5 1 304 305 705
6334 2 2 5 1 619 620 4010
6335 2 2 5 1 621 622 4011
6336 2 2 5 1 620 621 890
6337 2 2 5 1 618 619 724
6338 2 2 5 1 306 307 889
6339 2 2 5 1 800 315 3179
6340 2 2 5 1 797 633 3177
6341 2 2 5 1 3722 3721 3723
6342 2 2 5 1 3680 3681 3682
6343 2 2 5 1 3880 3881 3882
6344 2 2 5 1 831 3433 4643
6345 2 2 5 1 805 635 3302
6346 2 2 5 1 802 317 3304
6347 2 2 5 1 679 3392 4623
6348 2 2 5 1 4131 4130 4836
6349 2 2 5 1 1519 1347 4448
6350 2 2 5 1 66 67 4021
6351 2 2 5 1 3212 3200 4071
6352 2 2 5 1 887 4141 4152
6353 2 2 5 1 1768 1767 1769
6354 2 2 5 1 3156 2005 4462
6355 2 2 5 1 72 862 4069
6356 2 2 5 1 3312 758 4902
6357 2 2 5 1 2388 3081 4089
6358 2 2 5 1 3811 4933 4990
6359 2 2 5 1 1116 1173 4014
6360 2 2 5 1 1589 1590 1591
6361 2 2 5 1 1783 1782 1784
6362 2 2 5 1 3458 4898 5260
6363 2 2 5 1 4345 1687 5104
6364 2 2 5 1 2554 2555 2556
6365 2 2 5 1 1785 1784 1786
6366 2 2 5 1 2009 2008 2010
6367 2 2 5 1 3533 1910 4079
6368 2 2 5 1 1909 3630 4079
6369 2 2 5 1 701 97 4023
6370 2 2 5 1 4033 1498 4035
6371 2 2 5 1 2791 1488 2831
6372 2 2 5 1 1648 2791 3090
6373 2 2 5 1 822 158 4074
6374 2 2 5 1 3733 3730 4195
6375 2 2 5 1 2509 4655 5356
6376 2 2 5 1 2591 2076 4550
6377 2 2 5 1 160 716 4075
6378 2 2 5 1 685 468 4076
6379 2 2 5 1 469 846 4076
6380 2 2 5 1 3451 2974 4040
6381 2 2 5 1 890 4011 4442
6382 2 2 5 1 735 57 4077
6383 2 2 5 1 58 873 4077
6384 2 2 5 1 3692 3691 3694
6385 2 2 5 1 3985 1420 4780
6386 2 2 5 1 2974 2975 4040
6387 2 2 5 1 2073 4443 5017
6388 2 2 5 1 3718 3717 3721
6389 2 2 5 1 3678 3679 3680
6390 2 2 5 1 3878 3879 3880
6391 2 2 5 1 2270 3430 4278
6392 2 2 5 1 3227 3226 3228
6393 2 2 5 1 3102 2004 5409
6394 2 2 5 1 4182 2762 4552
6395 2 2 5 1 680 3316 5230
6396 2 2 5 1 4668 2134 4865
6397 2 2 5 1 2158 2835 2836
6398 2 2 5 1 2788 3466 5422
6399 2 2 5 1 4303 2488 5271
6400 2 2 5 1 658 3819 4025
6401 2 2 5 1 3946 722 4026
6402 2 2 5 1 3993 71 4069
6403 2 2 5 1 1989 2279 2280
6404 2 2 5 1 3615 959 5091
6405 2 2 5 1 3732 3739 4195
6406 2 2 5 1 1017 1019 3475
6407 2 2 5 1 1377 4384 5087
6408 2 2 5 1 1822 1821 4031
6409 2 2 5 1 738 336 4085
6410 2 2 5 1 337 886 4085
6411 2 2 5 1 456 457 4030
6412 2 2 5 1 4522 2359 5450
6413 2 2 5 1 856 3811 4990
6414 2 2 5 1 2952 3993 4069
6415 2 2 5 1 2273 3737 5133
6416 2 2 5 1 1011 1000 3468
6417 2 2 5 1 3193 3210 4086
6418 2 2 5 1 2332 2334 5305
6419 2 2 5 1 371 675 4088
6420 2 2 5 1 821 370 4088
6421 2 2 5 1 969 972 4037
6422 2 2 5 1 755 3670 4750
6423 2 2 5 1 2516 1404 5150
6424 2 2 5 1 1097 1091 4617
6425 2 2 5 1 1235 1236 5250
6426 2 2 5 1 964 963 4038
6427 2 2 5 1 4549 2531 4947
6428 2 2 5 1 4011 704 4382
6429 2 2 5 1 2494 3670 4461
6430 2 2 5 1 3775 766 4294
6431 2 2 5 1 3422 2902 5059
6432 2 2 5 1 2402 2401 2403
6433 2 2 5 1 2036 4259 4305
6434 2 2 5 1 151 152 4039
6435 2 2 5 1 3469 2895 5029
6436 2 2 5 1 2046 2659 2860
6437 2 2 5 1 1189 2133 2134
6438 2 2 5 1 2841 2842 4043
6439 2 2 5 1 2539 2541 4203
6440 2 2 5 1 3666 3663 4005
6441 2 2 5 1 3630 3629 4110
6442 2 2 5 1 1916 3561 4110
6443 2 2 5 1 3578 3360 4349
6444 2 2 5 1 3825 892 4042
6445 2 2 5 1 3256 3252 4401
6446 2 2 5 1 4070 2798 4460
6447 2 2 5 1 2734 2733 2735
6448 2 2 5 1 2384 4578 4846
6449 2 2 5 1 3337 4841 5130
6450 2 2 5 1 725 4159 4169
6451 2 2 5 1 1024 1005 1025
6452 2 2 5 1 4395 759 5053
6453 2 2 5 1 3143 711 5183
6454 2 2 5 1 704 4008 4338
6455 2 2 5 1 613 614 5224
6456 2 2 5 1 4204 3903 4705
6457 2 2 5 1 1882 4745 4833
6458 2 2 5 1 487 652 4111
6459 2 2 5 1 3561 705 4113
6460 2 2 5 1 2824 4201 4978
6461 2 2 5 1 3802 4606 4735
6462 2 2 5 1 2802 2801 2803
6463 2 2 5 1 1787 3349 4318
6464 2 2 5 1 2935 2543 4958
6465 2 2 5 1 356 688 4054
6466 2 2 5 1 20 719 4114
6467 2 2 5 1 869 19 4114
6468 2 2 5 1 2100 2101 2102
6469 2 2 5 1 1535 1534 1536
6470 2 2 5 1 677 245 4055
6471 2 2 5 1 129 130 4056
6472 2 2 5 1 2967 2144 5434
6473 2 2 5 1 2794 3844 5056
6474 2 2 5 1 1734 1876 5130
6475 2 2 5 1 782 3904 4102
6476 2 2 5 1 684 149 4116
6477 2 2 5 1 150 828 4116
6478 2 2 5 1 199 200 4057
6479 2 2 5 1 3686 3683 4094
6480 2 2 5 1 3724 3726 4095
6481 2 2 5 1 531 532 4058
6482 2 2 5 1 4546 2591 4582
6483 2 2 5 1 2717 2716 2718
6484 2 2 5 1 4008 888 4309
6485 2 2 5 1 4527 3371 4988
6486 2 2 5 1 3531 3532 4427
6487 2 2 5 1 293 294 3178
6488 2 2 5 1 611 612 3176
6489 2 2 5 1 295 296 3180
6490 2 2 5 1 631 632 3335
6491 2 2 5 1 310 311 4036
6492 2 2 5 1 117 3455 4423
6493 2 2 5 1 3088 2101 4080
6494 2 2 5 1 1537 1536 1538
6495 2 2 5 1 2923 2921 2924
6496 2 2 5 1 3710 837 4605
6497 2 2 5 1 3561 3560 4128
6498 2 2 5 1 291 292 3305
6499 2 2 5 1 609 610 3185
6500 2 2 5 1 484 767 4124
6501 2 2 5 1 888 4006 4261
6502 2 2 5 1 4687 2706 4797
6503 2 2 5 1 4191 2986 4253
6504 2 2 5 1 1929 1928 1930
6505 2 2 5 1 2749 3160 5188
6506 2 2 5 1 3389 3387 4779
6507 2 2 5 1 3991 486 4111
6508 2 2 5 1 74 720 4125
6509 2 2 5 1 862 73 4125
6510 2 2 5 1 4006 726 4216
6511 2 2 5 1 2837 1543 4860
6512 2 2 5 1 3060 2041 4542
6513 2 2 5 1 387 860 4126
6514 2 2 5 1 3944 386 4126
6515 2 2 5 1 2500 3991 4111
6516 2 2 5 1 4315 2885 4569
6517 2 2 5 1 2177 2178 4315
6518 2 2 5 1 835 5173 5376
6519 2 2 5 1 4116 3705 4143
6520 2 2 5 1 2427 2428 4059
6521 2 2 5 1 2584 2582 2588
6522 2 2 5 1 114 115 4064
6523 2 2 5 1 2318 3701 4652
6524 2 2 5 1 2116 3925 4794
6525 2 2 5 1 3978 3963 4202
6526 2 2 5 1 901 3507 4065
6527 2 2 5 1 2828 2598 4140
6528 2 2 5 1 709 3434 4396
6529 2 2 5 1 3507 3516 4173
6530 2 2 5 1 3923 4389 4784
6531 2 2 5 1 2146 4360 5410
6532 2 2 5 1 2328 2329 2330
6533 2 2 5 1 887 4009 4141
6534 2 2 5 1 3403 2258 5171
6535 2 2 5 1 855 3101 5068
6536 2 2 5 1 1572 1601 1883
6537 2 2 5 1 562 678 4145
6538 2 2 5 1 848 561 4145
6539 2 2 5 1 420 421 4151
6540 2 2 5 1 107 108 4156
6541 2 2 5 1 1022 1004 4949
6542 2 2 5 1 626 726 4006
6543 2 2 5 1 888 625 4006
6544 2 2 5 1 302 887 4007
6545 2 2 5 1 725 301 4007
6546 2 2 5 1 624 888 4008
6547 2 2 5 1 887 303 4009
6548 2 2 5 1 704 623 4008
6549 2 2 5 1 304 705 4009
6550 2 2 5 1 622 704 4011
6551 2 2 5 1 620 890 4010
6552 2 2 5 1 724 619 4010
6553 2 2 5 1 890 621 4011
6554 2 2 5 1 4517 2469 5382
6555 2 2 5 1 1140 1261 4274
6556 2 2 5 1 3826 4080 4359
6557 2 2 5 1 108 109 4157
6558 2 2 5 1 1342 1341 1343
6559 2 2 5 1 716 3804 4142
6560 2 2 5 1 3366 257 5006
6561 2 2 5 1 1380 4267 4760
6562 2 2 5 1 71 72 4069
6563 2 2 5 1 2816 2817 4371
6564 2 2 5 1 2055 4973 5454
6565 2 2 5 1 2556 2557 2558
6566 2 2 5 1 2441 3152 4103
6567 2 2 5 1 1460 1458 4200
6568 2 2 5 1 3145 2637 4694
6569 2 2 5 1 2706 2707 4797
6570 2 2 5 1 5337 2876 5437
6571 2 2 5 1 2836 2837 2838
6572 2 2 5 1 309 310 4062
6573 2 2 5 1 1077 1063 4168
6574 2 2 5 1 2846 2008 4176
6575 2 2 5 1 3141 1158 4507
6576 2 2 5 1 2672 4733 5178
6577 2 2 5 1 1947 1946 4046
6578 2 2 5 1 1184 4155 4495
6579 2 2 5 1 279 3436 5341
6580 2 2 5 1 1758 2014 2015
6581 2 2 5 1 1644 1380 4760
6582 2 2 5 1 2417 2419 4684
6583 2 2 5 1 2558 2560 2561
6584 2 2 5 1 1722 1718 1723
6585 2 2 5 1 714 3450 5252
6586 2 2 5 1 3786 3780 4041
6587 2 2 5 1 467 685 4167
6588 2 2 5 1 628 629 4065
6589 2 2 5 1 792 113 4170
6590 2 2 5 1 3921 3923 3924
6591 2 2 5 1 3789 3787 3790
6592 2 2 5 1 3688 3676 3689
6593 2 2 5 1 3714 3719 4048
6594 2 2 5 1 826 3170 4437
6595 2 2 5 1 3676 3674 4045
6596 2 2 5 1 3920 3921 4044
6597 2 2 5 1 3932 3931 3934
6598 2 2 5 1 3876 3873 4051
6599 2 2 5 1 3830 3832 3833
6600 2 2 5 1 3867 3866 4052
6601 2 2 5 1 3780 3781 3782
6602 2 2 5 1 3664 3663 3665
6603 2 2 5 1 3931 3938 4047
6604 2 2 5 1 4138 2475 4139
6605 2 2 5 1 3873 3874 3875
6606 2 2 5 1 3866 3868 3869
6607 2 2 5 1 3674 3675 3677
6608 2 2 5 1 3715 3714 3716
6609 2 2 5 1 3963 3867 4053
6610 2 2 5 1 1225 1226 1227
6611 2 2 5 1 158 159 4074
6612 2 2 5 1 757 465 4172
6613 2 2 5 1 2085 2086 4227
6614 2 2 5 1 2601 2602 5112
6615 2 2 5 1 1766 1753 1767
6616 2 2 5 1 2845 3297 4597
6617 2 2 5 1 4290 3301 4379
6618 2 2 5 1 159 160 4075
6619 2 2 5 1 468 469 4076
6620 2 2 5 1 57 58 4077
6621 2 2 5 1 4007 4152 4159
6622 2 2 5 1 689 494 4177
6623 2 2 5 1 495 3807 4177
6624 2 2 5 1 1161 1162 1163
6625 2 2 5 1 3719 3988 4049
6626 2 2 5 1 3209 3211 4789
6627 2 2 5 1 3282 3280 3419
6628 2 2 5 1 3302 809 4436
6629 2 2 5 1 3200 3198 3201
6630 2 2 5 1 4074 159 4075
6631 2 2 5 1 1020 1114 5366
6632 2 2 5 1 3330 791 5179
6633 2 2 5 1 3171 3002 4120
6634 2 2 5 1 841 3317 4459
6635 2 2 5 1 1923 1945 4178
6636 2 2 5 1 1910 1909 4079
6637 2 2 5 1 3407 1603 5357
6638 2 2 5 1 2277 5373 5442
6639 2 2 5 1 2638 3404 4124
6640 2 2 5 1 665 4601 5037
6641 2 2 5 1 1498 3474 5297
6642 2 2 5 1 3868 3865 4277
6643 2 2 5 1 4393 803 4733
6644 2 2 5 1 1236 1362 1363
6645 2 2 5 1 4223 2069 5086
6646 2 2 5 1 2639 3744 4989
6647 2 2 5 1 634 805 3177
6648 2 2 5 1 316 802 3179
6649 2 2 5 1 314 800 3181
6650 2 2 5 1 1945 3658 5285
6651 2 2 5 1 2217 2215 2218
6652 2 2 5 1 318 808 3304
6653 2 2 5 1 636 809 3302
6654 2 2 5 1 4207 4202 4780
6655 2 2 5 1 2650 1956 4161
6656 2 2 5 1 81 82 4198
6657 2 2 5 1 1237 3053 4936
6658 2 2 5 1 1107 1105 2947
6659 2 2 5 1 693 3404 5379
6660 2 2 5 1 336 337 4085
6661 2 2 5 1 1735 4492 4806
6662 2 2 5 1 4151 2909 5189
6663 2 2 5 1 397 398 4205
6664 2 2 5 1 4194 4821 4853
6665 2 2 5 1 727 309 4062
6666 2 2 5 1 3897 3898 4207
6667 2 2 5 1 2941 3841 4638
6668 2 2 5 1 1185 1326 4213
6669 2 2 5 1 2656 2653 5420
6670 2 2 5 1 4319 2934 4986
6671 2 2 5 1 4796 2147 5410
6672 2 2 5 1 3290 3291 4294
6673 2 2 5 1 3343 3801 4441
6674 2 2 5 1 4605 837 4718
6675 2 2 5 1 959 958 4215
6676 2 2 5 1 961 1050 4215
6677 2 2 5 1 3531 966 5257
6678 2 2 5 1 2330 2331 2332
6679 2 2 5 1 4068 782 4102
6680 2 2 5 1 1331 1330 1346
6681 2 2 5 1 2841 3915 5140
6682 2 2 5 1 3405 643 4313
6683 2 2 5 1 748 630 899
6684 2 2 5 1 749 312 3124
6685 2 2 5 1 2964 2965 5350
6686 2 2 5 1 90 657 4210
6687 2 2 5 1 3911 89 4210
6688 2 2 5 1 4003 3969 4004
6689 2 2 5 1 370 371 4088
6690 2 2 5 1 748 899 900
6691 2 2 5 1 749 3124 3125
6692 2 2 5 1 3434 709 4513
6693 2 2 5 1 63 863 4214
6694 2 2 5 1 3909 62 4214
6695 2 2 5 1 4151 421 4468
6696 2 2 5 1 2897 2006 2898
6697 2 2 5 1 2179 2168 3453
6698 2 2 5 1 748 901 4065
6699 2 2 5 1 1958 1960 4169
6700 2 2 5 1 1975 3041 4310
6701 2 2 5 1 3070 2940 4199
6702 2 2 5 1 3965 3858 4276
6703 2 2 5 1 1971 4186 5391
6704 2 2 5 1 4049 3988 4050
6705 2 2 5 1 3831 3828 4230
6706 2 2 5 1 3018 4187 4641
6707 2 2 5 1 4956 3292 4999
6708 2 2 5 1 35 3652 4220
6709 2 2 5 1 779 34 4220
6710 2 2 5 1 2014 1651 5296
6711 2 2 5 1 910 993 4229
6712 2 2 5 1 3974 3876 4277
6713 2 2 5 1 1758 1651 2014
6714 2 2 5 1 2332 2333 2334
6715 2 2 5 1 3845 859 4253
6716 2 2 5 1 3961 3664 4287
6717 2 2 5 1 1716 4784 5362
6718 2 2 5 1 2487 3147 4174
6719 2 2 5 1 1437 1440 1441
6720 2 2 5 1 2010 2847 2848
6721 2 2 5 1 2770 3472 4360
6722 2 2 5 1 1610 1608 1611
6723 2 2 5 1 2538 2485 4174
6724 2 2 5 1 3138 3822 4481
6725 2 2 5 1 307 308 4083
6726 2 2 5 1 2334 2335 2336
6727 2 2 5 1 859 3411 4253
6728 2 2 5 1 1114 3092 4890
6729 2 2 5 1 4445 690 5294
6730 2 2 5 1 3392 679 4706
6731 2 2 5 1 464 757 4238
6732 2 2 5 1 858 463 4238
6733 2 2 5 1 706 3367 5175
6734 2 2 5 1 3904 3831 4102
6735 2 2 5 1 3688 3689 3691
6736 2 2 5 1 3932 3934 3935
6737 2 2 5 1 3782 3781 3783
6738 2 2 5 1 3007 4138 4139
6739 2 2 5 1 2471 2549 2550
6740 2 2 5 1 3830 3833 3834
6741 2 2 5 1 3665 3663 3666
6742 2 2 5 1 4351 4350 5160
6743 2 2 5 1 536 537 4243
6744 2 2 5 1 4088 675 4365
6745 2 2 5 1 3875 3874 3878
6746 2 2 5 1 3715 3716 3717
6747 2 2 5 1 3677 3675 3678
6748 2 2 5 1 294 799 5178
6749 2 2 5 1 4205 398 4584
6750 2 2 5 1 308 727 4083
6751 2 2 5 1 889 307 4083
6752 2 2 5 1 1227 1228 1229
6753 2 2 5 1 2296 2293 4188
6754 2 2 5 1 310 4036 4062
6755 2 2 5 1 2137 2980 3484
6756 2 2 5 1 2816 4371 4684
6757 2 2 5 1 3698 3700 4449
6758 2 2 5 1 4143 3703 4144
6759 2 2 5 1 2336 2337 2338
6760 2 2 5 1 3452 1022 4470
6761 2 2 5 1 3977 3976 4287
6762 2 2 5 1 2111 3057 4183
6763 2 2 5 1 2902 3658 5059
6764 2 2 5 1 112 792 4242
6765 2 2 5 1 3910 111 4242
6766 2 2 5 1 1038 1034 1039
6767 2 2 5 1 311 749 4036
6768 2 2 5 1 2988 2987 4932
6769 2 2 5 1 2975 2973 4162
6770 2 2 5 1 4002 2739 4335
6771 2 2 5 1 2067 1568 5268
6772 2 2 5 1 2262 2105 4273
6773 2 2 5 1 3703 3702 4619
6774 2 2 5 1 1304 3448 5404
6775 2 2 5 1 2338 2339 2340
6776 2 2 5 1 2728 4417 4426
6777 2 2 5 1 3629 1916 4110
6778 2 2 5 1 1952 1966 4211
6779 2 2 5 1 2729 2722 4453
6780 2 2 5 1 2893 2606 4913
6781 2 2 5 1 1525 1527 4231
6782 2 2 5 1 1045 3517 4296
6783 2 2 5 1 772 3151 4711
6784 2 2 5 1 1956 1954 4161
6785 2 2 5 1 1385 1422 1423
6786 2 2 5 1 1329 4223 5329
6787 2 2 5 1 486 487 4111
6788 2 2 5 1 3641 1173 4575
6789 2 2 5 1 4231 4232 4890
6790 2 2 5 1 3053 3054 3055
6791 2 2 5 1 1654 2095 4184
6792 2 2 5 1 3903 3902 4262
6793 2 2 5 1 4238 3739 4308
6794 2 2 5 1 2334 2508 5305
6795 2 2 5 1 993 4357 5188
6796 2 2 5 1 2739 2743 4335
6797 2 2 5 1 1104 1106 4274
6798 2 2 5 1 3604 1770 4274
6799 2 2 5 1 2527 2456 4313
6800 2 2 5 1 4018 2062 4330
6801 2 2 5 1 2263 4018 4330
6802 2 2 5 1 136 3914 4265
6803 2 2 5 1 696 135 4265
6804 2 2 5 1 19 20 4114
6805 2 2 5 1 93 777 4266
6806 2 2 5 1 4977 2611 5369
6807 2 2 5 1 114 4064 4170
6808 2 2 5 1 1904 2909 4127
6809 2 2 5 1 726 627 4112
6810 2 2 5 1 705 305 4113
6811 2 2 5 1 306 889 4113
6812 2 2 5 1 3338 793 5191
6813 2 2 5 1 897 607 3496
6814 2 2 5 1 896 289 3495
6815 2 2 5 1 629 748 4065
6816 2 2 5 1 5112 2602 5162
6817 2 2 5 1 2461 2463 4275
6818 2 2 5 1 427 3395 4938
6819 2 2 5 1 4007 887 4152
6820 2 2 5 1 2041 1490 2785
6821 2 2 5 1 794 4863 4957
6822 2 2 5 1 3519 3418 4296
6823 2 2 5 1 149 150 4116
6824 2 2 5 1 3449 766 4374
6825 2 2 5 1 1333 1758 1759
6826 2 2 5 1 1651 1139 4596
6827 2 2 5 1 1918 2041 4197
6828 2 2 5 1 3055 4118 4505
6829 2 2 5 1 4035 1472 4498
6830 2 2 5 1 3838 5078 5079
6831 2 2 5 1 3139 3140 3142
6832 2 2 5 1 802 3304 3328
6833 2 2 5 1 1065 1088 3378
6834 2 2 5 1 3511 3476 4609
6835 2 2 5 1 3087 4168 4435
6836 2 2 5 1 1918 2950 4931
6837 2 2 5 1 3898 3978 4202
6838 2 2 5 1 3377 820 4700
6839 2 2 5 1 3475 1047 4536
6840 2 2 5 1 3801 682 4441
6841 2 2 5 1 1390 1387 1391
6842 2 2 5 1 3174 3171 4120
6843 2 2 5 1 2054 2890 4147
6844 2 2 5 1 3877 1418 5314
6845 2 2 5 1 4289 3301 4290
6846 2 2 5 1 1752 1751 1753
6847 2 2 5 1 3332 664 4912
6848 2 2 5 1 1148 3999 4566
6849 2 2 5 1 3856 3887 4271
6850 2 2 5 1 728 4016 5353
6851 2 2 5 1 809 3494 4179
6852 2 2 5 1 282 823 4286
6853 2 2 5 1 775 281 4286
6854 2 2 5 1 4094 716 4142
6855 2 2 5 1 4325 2436 5281
6856 2 2 5 1 321 322 4250
6857 2 2 5 1 605 606 4251
6858 2 2 5 1 287 288 4252
6859 2 2 5 1 1639 3389 4779
6860 2 2 5 1 627 628 4112
6861 2 2 5 1 305 306 4113
6862 2 2 5 1 3169 703 5370
6863 2 2 5 1 4005 4003 4108
6864 2 2 5 1 483 484 4124
6865 2 2 5 1 3656 1951 4347
6866 2 2 5 1 2769 2767 4288
6867 2 2 5 1 1656 1555 4927
6868 2 2 5 1 3055 3054 4118
6869 2 2 5 1 1951 2822 4347
6870 2 2 5 1 582 691 4297
6871 2 2 5 1 3369 3367 4702
6872 2 2 5 1 4065 3507 4112
6873 2 2 5 1 1966 3162 4211
6874 2 2 5 1 73 74 4125
6875 2 2 5 1 3087 3086 4168
6876 2 2 5 1 1024 1026 3060
6877 2 2 5 1 844 529 4306
6878 2 2 5 1 530 713 4306
6879 2 2 5 1 3458 3460 4898
6880 2 2 5 1 37 38 4316
6881 2 2 5 1 3450 714 4680
6882 2 2 5 1 3133 3132 4336
6883 2 2 5 1 2102 3088 3438
6884 2 2 5 1 1163 1189 1190
6885 2 2 5 1 386 387 4126
6886 2 2 5 1 3705 3703 4143
6887 2 2 5 1 2589 2588 2673
6888 2 2 5 1 3560 1917 4128
6889 2 2 5 1 1935 3008 4678
6890 2 2 5 1 3395 427 5058
6891 2 2 5 1 266 267 4327
6892 2 2 5 1 1263 4624 5283
6893 2 2 5 1 1649 3030 4133
6894 2 2 5 1 570 571 4329
6895 2 2 5 1 2523 2819 4268
6896 2 2 5 1 263 3444 5334
6897 2 2 5 1 3947 4026 4132
6898 2 2 5 1 1242 1998 5226
6899 2 2 5 1 3046 2856 5115
6900 2 2 5 1 2350 2479 5277
6901 2 2 5 1 4099 2212 5381
6902 2 2 5 1 4128 1917 4141
6903 2 2 5 1 4569 2165 5132
6904 2 2 5 1 4653 4866 4891
6905 2 2 5 1 2089 4344 4345
6906 2 2 5 1 3301 3299 4689
6907 2 2 5 1 1042 1040 1043
6908 2 2 5 1 2617 3300 4532
6909 2 2 5 1 1677 1675 4826
6910 2 2 5 1 1187 1128 4296
6911 2 2 5 1 3762 3759 4375
6912 2 2 5 1 300 725 4163
6913 2 2 5 1 3806 4295 5457
6914 2 2 5 1 3117 2706 4687
6915 2 2 5 1 3080 2085 4227
6916 2 2 5 1 628 4065 4112
6917 2 2 5 1 4282 1360 4930
6918 2 2 5 1 769 479 4331
6919 2 2 5 1 3836 721 4660
6920 2 2 5 1 2532 3380 4792
6921 2 2 5 1 2590 3764 4631
6922 2 2 5 1 1765 4586 5431
6923 2 2 5 1 1950 1938 4588
6924 2 2 5 1 1917 3534 4141
6925 2 2 5 1 2360 2355 2361
6926 2 2 5 1 2144 1652 4137
6927 2 2 5 1 1960 2299 4169
6928 2 2 5 1 3128 3127 4742
6929 2 2 5 1 3384 647 5012
6930 2 2 5 1 3883 4068 4102
6931 2 2 5 1 3138 1805 4311
6932 2 2 5 1 1595 1800 4392
6933 2 2 5 1 561 562 4145
6934 2 2 5 1 3804 3760 4142
6935 2 2 5 1 2792 3849 4681
6936 2 2 5 1 4141 3534 4152
6937 2 2 5 1 2863 2864 4150
6938 2 2 5 1 2245 2244 2246
6939 2 2 5 1 813 3128 5107
6940 2 2 5 1 2501 2499 2502
6941 2 2 5 1 931 3578 4349
6942 2 2 5 1 936 933 4349
6943 2 2 5 1 2167 4665 5127
6944 2 2 5 1 1989 2918 4386
6945 2 2 5 1 1970 4047 5027
6946 2 2 5 1 4519 3334 4520
6947 2 2 5 1 3730 3732 4195
6948 2 2 5 1 4786 1993 5152
6949 2 2 5 1 2891 4029 4137
6950 2 2 5 1 3360 1861 4408
6951 2 2 5 1 3187 3205 5018
6952 2 2 5 1 1739 1738 1740
6953 2 2 5 1 329 330 4358
6954 2 2 5 1 2994 657 5080
6955 2 2 5 1 2881 3812 4710
6956 2 2 5 1 3534 1915 4152
6957 2 2 5 1 3024 3027 4366
6958 2 2 5 1 2059 2889 4136
6959 2 2 5 1 5278 3350 5412
6960 2 2 5 1 3830 3834 4230
6961 2 2 5 1 776 420 4151
6962 2 2 5 1 3686 4142 4181
6963 2 2 5 1 4155 1439 4829
6964 2 2 5 1 3899 124 4354
6965 2 2 5 1 125 791 4354
6966 2 2 5 1 1737 1736 1738
6967 2 2 5 1 3419 2194 5316
6968 2 2 5 1 4025 3820 4219
6969 2 2 5 1 1741 1740 1742
6970 2 2 5 1 187 188 4361
6971 2 2 5 1 2243 2242 2244
6972 2 2 5 1 837 3799 4718
6973 2 2 5 1 1734 1733 1736
6974 2 2 5 1 3453 2596 4851
6975 2 2 5 1 3323 719 4965
6976 2 2 5 1 778 107 4156
6977 2 2 5 1 2643 4017 4205
6978 2 2 5 1 4152 1915 4159
6979 2 2 5 1 4180 2622 5206
6980 2 2 5 1 1732 1731 1733
6981 2 2 5 1 2265 2949 5392
6982 2 2 5 1 723 5212 5236
6983 2 2 5 1 2007 3100 4176
6984 2 2 5 1 109 697 4157
6985 2 2 5 1 217 664 4364
6986 2 2 5 1 2982 2986 4191
6987 2 2 5 1 1804 3361 5425
6988 2 2 5 1 3361 2895 5425
6989 2 2 5 1 3401 4088 4365
6990 2 2 5 1 4243 537 5383
6991 2 2 5 1 2890 2787 4704
6992 2 2 5 1 3906 673 5136
6993 2 2 5 1 1730 1729 1731
6994 2 2 5 1 800 3179 4333
6995 2 2 5 1 1724 1723 1725
6996 2 2 5 1 3404 2885 5379
6997 2 2 5 1 2008 2007 4176
6998 2 2 5 1 766 580 4374
6999 2 2 5 1 4096 3686 4181
7000 2 2 5 1 1743 1742 1751
7001 2 2 5 1 1915 1958 4159
7002 2 2 5 1 2134 4668 4997
7003 2 2 5 1 1728 1727 1729
7004 2 2 5 1 2919 2280 2920
7005 2 2 5 1 4048 3719 4049
7006 2 2 5 1 4142 3760 4181
7007 2 2 5 1 2241 2240 2242
7008 2 2 5 1 3969 3789 4534
7009 2 2 5 1 2674 2673 2675
7010 2 2 5 1 4026 3936 4132
7011 2 2 5 1 3316 841 5230
7012 2 2 5 1 1726 1725 1727
7013 2 2 5 1 3054 3087 4118
7014 2 2 5 1 2568 4269 4525
7015 2 2 5 1 3483 670 4450
7016 2 2 5 1 4193 4773 5187
7017 2 2 5 1 4993 4341 5304
7018 2 2 5 1 3923 3975 4389
7019 2 2 5 1 4634 3102 4975
7020 2 2 5 1 3459 876 4430
7021 2 2 5 1 2919 2922 4445
7022 2 2 5 1 3780 3782 4041
7023 2 2 5 1 1922 4494 4810
7024 2 2 5 1 3689 3676 4045
7025 2 2 5 1 3921 3924 4044
7026 2 2 5 1 3867 4052 4053
7027 2 2 5 1 3934 3931 4047
7028 2 2 5 1 3716 3714 4048
7029 2 2 5 1 3674 3677 4045
7030 2 2 5 1 3873 3875 4051
7031 2 2 5 1 3866 3869 4052
7032 2 2 5 1 686 508 4388
7033 2 2 5 1 1063 1060 4168
7034 2 2 5 1 856 4990 5114
7035 2 2 5 1 3004 3820 4712
7036 2 2 5 1 3612 936 4408
7037 2 2 5 1 1861 1859 4408
7038 2 2 5 1 466 467 4167
7039 2 2 5 1 510 759 4395
7040 2 2 5 1 725 4007 4159
7041 2 2 5 1 587 709 4396
7042 2 2 5 1 810 586 4396
7043 2 2 5 1 269 708 4397
7044 2 2 5 1 811 268 4397
7045 2 2 5 1 2239 2238 2240
7046 2 2 5 1 3014 1452 4703
7047 2 2 5 1 4034 3368 4577
7048 2 2 5 1 3036 3016 4465
7049 2 2 5 1 3473 195 5228
7050 2 2 5 1 113 114 4170
7051 2 2 5 1 3356 3284 4329
7052 2 2 5 1 2822 1932 5151
7053 2 2 5 1 2904 4057 4621
7054 2 2 5 1 731 3447 5441
7055 2 2 5 1 3447 824 5441
7056 2 2 5 1 3784 4025 4219
7057 2 2 5 1 918 3531 4427
7058 2 2 5 1 956 920 4427
7059 2 2 5 1 116 117 4423
7060 2 2 5 1 2852 2851 2853
7061 2 2 5 1 3516 1965 4173
7062 2 2 5 1 893 3795 4171
7063 2 2 5 1 3670 2494 4750
7064 2 2 5 1 1811 1810 2028
7065 2 2 5 1 466 4167 4172
7066 2 2 5 1 1649 4133 4213
7067 2 2 5 1 465 466 4172
7068 2 2 5 1 1269 1248 1270
7069 2 2 5 1 2306 2310 4063
7070 2 2 5 1 745 596 4419
7071 2 2 5 1 3441 642 4654
7072 2 2 5 1 1058 1062 4435
7073 2 2 5 1 4728 4422 5092
7074 2 2 5 1 4618 2319 5355
7075 2 2 5 1 3972 2870 4777
7076 2 2 5 1 1637 1636 1810
7077 2 2 5 1 2531 4580 4951
7078 2 2 5 1 2843 1950 4196
7079 2 2 5 1 2234 2232 2238
7080 2 2 5 1 1265 1266 1267
7081 2 2 5 1 2779 2451 4249
7082 2 2 5 1 3492 2785 4321
7083 2 2 5 1 2565 2563 2566
7084 2 2 5 1 1635 1634 1636
7085 2 2 5 1 4537 2899 5411
7086 2 2 5 1 876 121 4430
7087 2 2 5 1 122 698 4430
7088 2 2 5 1 2086 2665 4227
7089 2 2 5 1 3486 2427 4059
7090 2 2 5 1 2108 2111 4183
7091 2 2 5 1 2795 2796 2797
7092 2 2 5 1 2543 3108 4958
7093 2 2 5 1 1359 3972 5343
7094 2 2 5 1 494 495 4177
7095 2 2 5 1 1633 1632 1634
7096 2 2 5 1 1829 4464 5295
7097 2 2 5 1 1631 1630 1632
7098 2 2 5 1 1648 1488 2791
7099 2 2 5 1 3392 2698 4623
7100 2 2 5 1 3450 3451 5252
7101 2 2 5 1 5033 3906 5136
7102 2 2 5 1 190 711 4440
7103 2 2 5 1 830 189 4440
7104 2 2 5 1 2231 2230 2232
7105 2 2 5 1 299 300 4163
7106 2 2 5 1 3760 3762 4181
7107 2 2 5 1 4287 3664 5331
7108 2 2 5 1 1629 1628 1630
7109 2 2 5 1 2019 2863 4123
7110 2 2 5 1 5142 702 5168
7111 2 2 5 1 3208 3207 3294
7112 2 2 5 1 3180 4840 5350
7113 2 2 5 1 2909 4151 4468
7114 2 2 5 1 3202 3201 3203
7115 2 2 5 1 1627 1625 1628
7116 2 2 5 1 1231 4092 4469
7117 2 2 5 1 4452 1553 4915
7118 2 2 5 1 2962 2960 4466
7119 2 2 5 1 3490 2131 5225
7120 2 2 5 1 670 555 4450
7121 2 2 5 1 556 835 4450
7122 2 2 5 1 1624 1623 1625
7123 2 2 5 1 3079 2884 4895
7124 2 2 5 1 1756 2866 4394
7125 2 2 5 1 2478 2461 4275
7126 2 2 5 1 750 3965 4182
7127 2 2 5 1 655 3018 4882
7128 2 2 5 1 1622 1619 1623
7129 2 2 5 1 898 639 4270
7130 2 2 5 1 4339 2845 5166
7131 2 2 5 1 2229 2228 2230
7132 2 2 5 1 2017 1414 5185
7133 2 2 5 1 1612 1611 1613
7134 2 2 5 1 2751 4591 4889
7135 2 2 5 1 3250 3249 3251
7136 2 2 5 1 872 3440 4759
7137 2 2 5 1 770 566 4459
7138 2 2 5 1 567 841 4459
7139 2 2 5 1 1596 2054 4147
7140 2 2 5 1 1618 1617 1619
7141 2 2 5 1 3277 3316 4764
7142 2 2 5 1 4655 2508 5356
7143 2 2 5 1 3670 492 4461
7144 2 2 5 1 493 689 4461
7145 2 2 5 1 2233 2230 4659
7146 2 2 5 1 4243 3065 5241
7147 2 2 5 1 1616 1615 1617
7148 2 2 5 1 4277 3876 4926
7149 2 2 5 1 1969 4186 4690
7150 2 2 5 1 655 411 4465
7151 2 2 5 1 422 641 4468
7152 2 2 5 1 3247 3246 3249
7153 2 2 5 1 747 298 4209
7154 2 2 5 1 1614 1613 1615
7155 2 2 5 1 2676 2675 2677
7156 2 2 5 1 1689 2108 5282
7157 2 2 5 1 2878 3306 4454
7158 2 2 5 1 1722 4330 5075
7159 2 2 5 1 2750 2950 4197
7160 2 2 5 1 3757 3756 4471
7161 2 2 5 1 4203 2541 4204
7162 2 2 5 1 2227 2226 2228
7163 2 2 5 1 81 4198 5064
7164 2 2 5 1 2657 3750 4587
7165 2 2 5 1 4718 3799 4856
7166 2 2 5 1 3849 2792 4961
7167 2 2 5 1 3122 2524 4775
7168 2 2 5 1 2090 4001 4521
7169 2 2 5 1 4202 3985 4780
7170 2 2 5 1 1971 3336 4186
7171 2 2 5 1 1809 2008 2009
7172 2 2 5 1 743 3655 4476
7173 2 2 5 1 1883 4081 4082
7174 2 2 5 1 2310 2999 4063
7175 2 2 5 1 443 444 4484
7176 2 2 5 1 2082 2596 4845
7177 2 2 5 1 1358 1357 2047
7178 2 2 5 1 2771 4395 5053
7179 2 2 5 1 3744 2954 4919
7180 2 2 5 1 2225 2224 2226
7181 2 2 5 1 1759 1758 4524
7182 2 2 5 1 2219 2218 2220
7183 2 2 5 1 2442 2443 4134
7184 2 2 5 1 4004 3969 4534
7185 2 2 5 1 1433 1434 1435
7186 2 2 5 1 2845 2844 4624
7187 2 2 5 1 2434 2435 2436
7188 2 2 5 1 2826 2806 4669
7189 2 2 5 1 4173 1965 4216
7190 2 2 5 1 1431 1432 1433
7191 2 2 5 1 4943 1991 5104
7192 2 2 5 1 1423 1424 1425
7193 2 2 5 1 3669 816 4560
7194 2 2 5 1 3440 872 4802
7195 2 2 5 1 2102 3438 4497
7196 2 2 5 1 2223 2222 2224
7197 2 2 5 1 1429 1430 1431
7198 2 2 5 1 3225 3434 4513
7199 2 2 5 1 3789 3790 4534
7200 2 2 5 1 2256 1755 4352
7201 2 2 5 1 3686 4094 4142
7202 2 2 5 1 1427 1428 1429
7203 2 2 5 1 1267 1504 1505
7204 2 2 5 1 860 388 4496
7205 2 2 5 1 389 663 4496
7206 2 2 5 1 3125 3998 4474
7207 2 2 5 1 3998 1914 4474
7208 2 2 5 1 1116 1172 1173
7209 2 2 5 1 1580 1582 1585
7210 2 2 5 1 3434 3227 4314
7211 2 2 5 1 1425 1426 1427
7212 2 2 5 1 1503 1502 1778
7213 2 2 5 1 436 437 4510
7214 2 2 5 1 669 3478 4952
7215 2 2 5 1 1908 2894 4228
7216 2 2 5 1 3092 1011 3468
7217 2 2 5 1 82 867 4198
7218 2 2 5 1 1578 1579 1580
7219 2 2 5 1 691 583 4500
7220 2 2 5 1 203 204 4512
7221 2 2 5 1 2221 2220 2222
7222 2 2 5 1 85 86 4514
7223 2 2 5 1 1414 1413 1502
7224 2 2 5 1 817 3836 4929
7225 2 2 5 1 3254 3398 4301
7226 2 2 5 1 3082 2523 4268
7227 2 2 5 1 6 894 4506
7228 2 2 5 1 1412 1411 1413
7229 2 2 5 1 3430 3143 5183
7230 2 2 5 1 1576 1577 1578
7231 2 2 5 1 4345 4344 4549
7232 2 2 5 1 4001 724 4521
7233 2 2 5 1 3361 3359 4411
7234 2 2 5 1 1410 1409 1411
7235 2 2 5 1 3042 2386 4730
7236 2 2 5 1 2472 2474 4254
7237 2 2 5 1 2938 1422 4869
7238 2 2 5 1 1408 1407 1409
7239 2 2 5 1 3865 3974 4277
7240 2 2 5 1 778 4156 4268
7241 2 2 5 1 1406 1405 1407
7242 2 2 5 1 2995 4504 4505
7243 2 2 5 1 829 397 4205
7244 2 2 5 1 3578 949 4411
7245 2 2 5 1 708 3653 5015
7246 2 2 5 1 1805 2907 4311
7247 2 2 5 1 1044 1185 4483
7248 2 2 5 1 1404 1403 1405
7249 2 2 5 1 3436 1908 4228
7250 2 2 5 1 3666 4005 4108
7251 2 2 5 1 3800 3206 5421
7252 2 2 5 1 3737 1415 4998
7253 2 2 5 1 1392 1391 1393
7254 2 2 5 1 1401 1399 1403
7255 2 2 5 1 2001 4098 5359
7256 2 2 5 1 1019 1047 3475
7257 2 2 5 1 210 211 4491
7258 2 2 5 1 89 90 4210
7259 2 2 5 1 1398 1397 1399
7260 2 2 5 1 3770 2608 5198
7261 2 2 5 1 1273 1314 4217
7262 2 2 5 1 1326 1649 4213
7263 2 2 5 1 9 10 4531
7264 2 2 5 1 1905 2916 4248
7265 2 2 5 1 4163 725 4169
7266 2 2 5 1 1396 1395 1397
7267 2 2 5 1 2486 2539 2542
7268 2 2 5 1 1315 4115 4970
7269 2 2 5 1 958 961 4215
7270 2 2 5 1 4665 4666 5127
7271 2 2 5 1 3306 1800 4454
7272 2 2 5 1 62 63 4214
7273 2 2 5 1 1394 1393 1395
7274 2 2 5 1 1965 1964 4216
7275 2 2 5 1 2930 2927 4020
7276 2 2 5 1 1587 3995 4691
7277 2 2 5 1 2768 2770 2936
7278 2 2 5 1 2269 2270 4278
7279 2 2 5 1 147 3383 4867
7280 2 2 5 1 4080 2101 4359
7281 2 2 5 1 2456 2458 4313
7282 2 2 5 1 2963 2962 2964
7283 2 2 5 1 1322 3427 4092
7284 2 2 5 1 3245 3244 3246
7285 2 2 5 1 2650 4161 4600
7286 2 2 5 1 2643 4205 4584
7287 2 2 5 1 5029 2895 5394
7288 2 2 5 1 4728 3464 5267
7289 2 2 5 1 5072 2352 5312
7290 2 2 5 1 1542 4231 4940
7291 2 2 5 1 2678 2677 2679
7292 2 2 5 1 785 4043 5240
7293 2 2 5 1 34 35 4220
7294 2 2 5 1 3802 3775 4606
7295 2 2 5 1 2378 3122 4775
7296 2 2 5 1 3272 3279 4749
7297 2 2 5 1 1379 2977 5129
7298 2 2 5 1 1249 4212 4901
7299 2 2 5 1 1989 1987 2279
7300 2 2 5 1 3604 1261 4986
7301 2 2 5 1 1465 1464 1466
7302 2 2 5 1 2880 2547 5021
7303 2 2 5 1 3317 3272 4749
7304 2 2 5 1 10 11 4552
7305 2 2 5 1 4003 4004 4108
7306 2 2 5 1 703 3768 4224
7307 2 2 5 1 2748 2747 5048
7308 2 2 5 1 3821 831 4643
7309 2 2 5 1 2209 2868 3412
7310 2 2 5 1 2236 3045 4233
7311 2 2 5 1 2016 3038 4751
7312 2 2 5 1 833 239 4554
7313 2 2 5 1 240 733 4554
7314 2 2 5 1 1333 1139 1651
7315 2 2 5 1 3367 2903 5175
7316 2 2 5 1 3336 2930 4020
7317 2 2 5 1 3976 3961 4287
7318 2 2 5 1 2810 4012 4013
7319 2 2 5 1 816 553 4560
7320 2 2 5 1 554 670 4560
7321 2 2 5 1 912 910 4229
7322 2 2 5 1 1189 1162 2133
7323 2 2 5 1 853 3826 4359
7324 2 2 5 1 2104 2103 4575
7325 2 2 5 1 3901 778 4628
7326 2 2 5 1 3194 3192 3195
7327 2 2 5 1 298 299 4209
7328 2 2 5 1 2030 2494 4244
7329 2 2 5 1 3828 3830 4230
7330 2 2 5 1 1554 1556 1557
7331 2 2 5 1 3146 2758 4239
7332 2 2 5 1 4184 2095 4185
7333 2 2 5 1 2382 2381 2386
7334 2 2 5 1 3909 4214 4979
7335 2 2 5 1 2380 2379 2381
7336 2 2 5 1 1881 3355 4087
7337 2 2 5 1 2855 2853 3047
7338 2 2 5 1 2378 2377 2379
7339 2 2 5 1 1998 3118 5007
7340 2 2 5 1 3442 673 5332
7341 2 2 5 1 4816 4398 5085
7342 2 2 5 1 2376 2375 2377
7343 2 2 5 1 463 464 4238
7344 2 2 5 1 1574 1575 1576
7345 2 2 5 1 3002 1967 4121
7346 2 2 5 1 2374 2373 2375
7347 2 2 5 1 2362 2361 2363
7348 2 2 5 1 2372 2371 2373
7349 2 2 5 1 399 662 4584
7350 2 2 5 1 2282 2246 3989
7351 2 2 5 1 2370 2369 2371
7352 2 2 5 1 3379 2617 4180
7353 2 2 5 1 2493 4231 4890
7354 2 2 5 1 4263 1983 5372
7355 2 2 5 1 3750 226 4587
7356 2 2 5 1 227 665 4587
7357 2 2 5 1 2368 2367 2369
7358 2 2 5 1 4154 1439 4155
7359 2 2 5 1 2705 4477 4696
7360 2 2 5 1 1702 1699 1703
7361 2 2 5 1 2951 2952 4599
7362 2 2 5 1 2366 2365 2367
7363 2 2 5 1 2051 1564 5308
7364 2 2 5 1 4216 1964 4261
7365 2 2 5 1 2364 2363 2365
7366 2 2 5 1 866 4002 4335
7367 2 2 5 1 265 266 4600
7368 2 2 5 1 3444 1905 4248
7369 2 2 5 1 86 87 4604
7370 2 2 5 1 2307 2512 4540
7371 2 2 5 1 3300 2621 4532
7372 2 2 5 1 401 3981 4614
7373 2 2 5 1 769 3340 4790
7374 2 2 5 1 1986 1988 4295
7375 2 2 5 1 344 703 4598
7376 2 2 5 1 832 343 4598
7377 2 2 5 1 2772 4303 5242
7378 2 2 5 1 665 228 4601
7379 2 2 5 1 2547 2545 3474
7380 2 2 5 1 1543 3420 3421
7381 2 2 5 1 4820 1620 4822
7382 2 2 5 1 2795 2746 2796
7383 2 2 5 1 1138 1137 1139
7384 2 2 5 1 111 112 4242
7385 2 2 5 1 2842 3161 5427
7386 2 2 5 1 662 400 4614
7387 2 2 5 1 666 536 4243
7388 2 2 5 1 4628 2820 5019
7389 2 2 5 1 3461 2395 4254
7390 2 2 5 1 201 706 4621
7391 2 2 5 1 1330 1299 4538
7392 2 2 5 1 1469 1466 1523
7393 2 2 5 1 2397 5072 5312
7394 2 2 5 1 3981 3408 4614
7395 2 2 5 1 2680 2679 2682
7396 2 2 5 1 299 4163 4209
7397 2 2 5 1 3933 3952 4641
7398 2 2 5 1 3204 3203 3207
7399 2 2 5 1 712 3432 5258
7400 2 2 5 1 3764 506 4631
7401 2 2 5 1 507 686 4631
7402 2 2 5 1 3351 1188 4409
7403 2 2 5 1 2392 4194 4853
7404 2 2 5 1 585 810 4637
7405 2 2 5 1 96 701 4638
7406 2 2 5 1 3841 95 4638
7407 2 2 5 1 2613 2074 4377
7408 2 2 5 1 3439 1990 4433
7409 2 2 5 1 2297 2945 2946
7410 2 2 5 1 2158 2156 2835
7411 2 2 5 1 4730 2383 4731
7412 2 2 5 1 2436 2437 2438
7413 2 2 5 1 348 349 4647
7414 2 2 5 1 4055 246 4783
7415 2 2 5 1 2847 2846 4643
7416 2 2 5 1 5370 4224 5388
7417 2 2 5 1 1352 1320 1353
7418 2 2 5 1 5173 3158 5376
7419 2 2 5 1 1250 4101 5061
7420 2 2 5 1 1062 1081 4340
7421 2 2 5 1 4884 1149 5153
7422 2 2 5 1 3383 684 4916
7423 2 2 5 1 2154 4439 4871
7424 2 2 5 1 2961 2960 2962
7425 2 2 5 1 4414 1979 5024
7426 2 2 5 1 1081 1084 4340
7427 2 2 5 1 734 559 4649
7428 2 2 5 1 560 848 4649
7429 2 2 5 1 3065 4243 5383
7430 2 2 5 1 1458 1468 4200
7431 2 2 5 1 2474 3461 4254
7432 2 2 5 1 2956 3382 4236
7433 2 2 5 1 642 103 4654
7434 2 2 5 1 104 878 4654
7435 2 2 5 1 1178 4583 5359
7436 2 2 5 1 2922 2923 4585
7437 2 2 5 1 2751 4127 4591
7438 2 2 5 1 3169 2875 4934
7439 2 2 5 1 2438 2439 2445
7440 2 2 5 1 1984 4263 5372
7441 2 2 5 1 2458 3405 4313
7442 2 2 5 1 3763 852 4485
7443 2 2 5 1 533 534 4667
7444 2 2 5 1 662 3406 5004
7445 2 2 5 1 3155 3972 4777
7446 2 2 5 1 4347 2822 4385
7447 2 2 5 1 924 3469 5029
7448 2 2 5 1 1294 4027 5090
7449 2 2 5 1 3799 732 4856
7450 2 2 5 1 3411 3835 4711
7451 2 2 5 1 1997 3790 5062
7452 2 2 5 1 2489 4130 4131
7453 2 2 5 1 3046 1471 4969
7454 2 2 5 1 3739 3735 4308
7455 2 2 5 1 3053 1237 3054
7456 2 2 5 1 141 646 4674
7457 2 2 5 1 875 140 4674
7458 2 2 5 1 1964 3580 4261
7459 2 2 5 1 355 4054 4863
7460 2 2 5 1 851 4040 4234
7461 2 2 5 1 168 826 4437
7462 2 2 5 1 3090 2791 5257
7463 2 2 5 1 3328 1943 4800
7464 2 2 5 1 4118 3087 4340
7465 2 2 5 1 4230 3834 4610
7466 2 2 5 1 1271 1270 1277
7467 2 2 5 1 3902 875 4262
7468 2 2 5 1 788 132 4685
7469 2 2 5 1 2113 4389 5209
7470 2 2 5 1 4040 2975 4234
7471 2 2 5 1 135 136 4265
7472 2 2 5 1 2976 2713 5346
7473 2 2 5 1 1293 1292 1298
7474 2 2 5 1 92 93 4266
7475 2 2 5 1 1291 1290 1292
7476 2 2 5 1 4019 433 4771
7477 2 2 5 1 8 801 4693
7478 2 2 5 1 894 7 4693
7479 2 2 5 1 2629 4117 4352
7480 2 2 5 1 2792 2730 5174
7481 2 2 5 1 1289 1288 1290
7482 2 2 5 1 202 203 4702
7483 2 2 5 1 1287 1286 1288
7484 2 2 5 1 2163 2177 5132
7485 2 2 5 1 1285 1284 1286
7486 2 2 5 1 3887 737 4271
7487 2 2 5 1 1283 1282 1284
7488 2 2 5 1 4954 2053 5377
7489 2 2 5 1 4335 2743 4676
7490 2 2 5 1 1281 1280 1282
7491 2 2 5 1 4410 2113 5209
7492 2 2 5 1 1278 1277 1280
7493 2 2 5 1 820 231 4700
7494 2 2 5 1 232 728 4700
7495 2 2 5 1 4450 835 4651
7496 2 2 5 1 763 178 4701
7497 2 2 5 1 179 3803 4701
7498 2 2 5 1 2042 1545 4908
7499 2 2 5 1 679 44 4706
7500 2 2 5 1 45 872 4706
7501 2 2 5 1 3820 3767 4712
7502 2 2 5 1 207 659 4710
7503 2 2 5 1 3812 206 4710
7504 2 2 5 1 3925 3920 4794
7505 2 2 5 1 1879 1519 4448
7506 2 2 5 1 1415 3737 5045
7507 2 2 5 1 2726 2792 4681
7508 2 2 5 1 2809 2811 2812
7509 2 2 5 1 1770 1104 4274
7510 2 2 5 1 2515 2514 2972
7511 2 2 5 1 3467 2871 5377
7512 2 2 5 1 2053 3467 5377
7513 2 2 5 1 2385 4520 4849
7514 2 2 5 1 4347 2312 4476
7515 2 2 5 1 3341 3339 4851
7516 2 2 5 1 2621 3301 4289
7517 2 2 5 1 3521 1008 5430
7518 2 2 5 1 3979 2813 4271
7519 2 2 5 1 2264 4745 4746
7520 2 2 5 1 2862 2861 4663
7521 2 2 5 1 2299 4163 4169
7522 2 2 5 1 4389 2113 4784
7523 2 2 5 1 2056 2059 4136
7524 2 2 5 1 2513 3450 4680
7525 2 2 5 1 4481 4977 5369
7526 2 2 5 1 2089 4345 5104
7527 2 2 5 1 4144 3703 4619
7528 2 2 5 1 2490 4403 4786
7529 2 2 5 1 1375 1381 1382
7530 2 2 5 1 1435 2891 5342
7531 2 2 5 1 2696 3392 4759
7532 2 2 5 1 3440 2694 4759
7533 2 2 5 1 1038 1041 5217
7534 2 2 5 1 2635 4042 4719
7535 2 2 5 1 3405 3330 5179
7536 2 2 5 1 2457 2528 2869
7537 2 2 5 1 3339 2179 4851
7538 2 2 5 1 739 3498 4876
7539 2 2 5 1 4016 3076 5353
7540 2 2 5 1 2580 2578 2581
7541 2 2 5 1 966 914 4769
7542 2 2 5 1 3981 882 4721
7543 2 2 5 1 2181 2182 4625
7544 2 2 5 1 3842 2784 4924
7545 2 2 5 1 1650 1286 4612
7546 2 2 5 1 2436 2438 5281
7547 2 2 5 1 5212 3123 5236
7548 2 2 5 1 2950 1918 4197
7549 2 2 5 1 2020 2017 4158
7550 2 2 5 1 4261 3580 4309
7551 2 2 5 1 4485 3083 4803
7552 2 2 5 1 2248 3020 4446
7553 2 2 5 1 3028 3025 4281
7554 2 2 5 1 639 640 4270
7555 2 2 5 1 434 656 4771
7556 2 2 5 1 598 765 4772
7557 2 2 5 1 2888 2058 3068
7558 2 2 5 1 2702 2701 2703
7559 2 2 5 1 3 323 5044
7560 2 2 5 1 604 4 5042
7561 2 2 5 1 286 2 5043
7562 2 2 5 1 1451 1449 4328
7563 2 2 5 1 895 321 4250
7564 2 2 5 1 288 896 4252
7565 2 2 5 1 606 897 4251
7566 2 2 5 1 4666 4671 4672
7567 2 2 5 1 2840 2838 3487
7568 2 2 5 1 247 764 4783
7569 2 2 5 1 4041 1997 5062
7570 2 2 5 1 2773 4019 4771
7571 2 2 5 1 4398 2632 5085
7572 2 2 5 1 1369 1367 1370
7573 2 2 5 1 614 3166 5224
7574 2 2 5 1 322 3 5044
7575 2 2 5 1 4 605 5042
7576 2 2 5 1 2 287 5043
7577 2 2 5 1 3391 687 5346
7578 2 2 5 1 478 769 4790
7579 2 2 5 1 836 477 4790
7580 2 2 5 1 3817 2534 5141
7581 2 2 5 1 2564 2660 4627
7582 2 2 5 1 851 220 4747
7583 2 2 5 1 3898 4202 4207
7584 2 2 5 1 2665 4055 4783
7585 2 2 5 1 4168 1060 4435
7586 2 2 5 1 3468 3510 4299
7587 2 2 5 1 1938 1939 5284
7588 2 2 5 1 734 3158 5173
7589 2 2 5 1 4308 3735 4334
7590 2 2 5 1 1748 2263 4330
7591 2 2 5 1 1333 1651 1758
7592 2 2 5 1 4224 2759 5388
7593 2 2 5 1 1571 1569 4082
7594 2 2 5 1 1521 3303 4225
7595 2 2 5 1 281 282 4286
7596 2 2 5 1 3884 4230 4610
7597 2 2 5 1 4163 2299 4209
7598 2 2 5 1 3498 739 4923
7599 2 2 5 1 872 46 4802
7600 2 2 5 1 47 739 4802
7601 2 2 5 1 4057 200 4621
7602 2 2 5 1 1175 4190 4812
7603 2 2 5 1 993 3520 4357
7604 2 2 5 1 3615 3029 4962
7605 2 2 5 1 3473 2769 4288
7606 2 2 5 1 2929 2926 4768
7607 2 2 5 1 3775 4294 4606
7608 2 2 5 1 547 548 4843
7609 2 2 5 1 667 546 4818
7610 2 2 5 1 1070 1069 4811
7611 2 2 5 1 3132 3135 4336
7612 2 2 5 1 770 4459 4749
7613 2 2 5 1 2182 3073 4304
7614 2 2 5 1 3115 2440 4325
7615 2 2 5 1 3784 4219 4656
7616 2 2 5 1 2482 2464 4343
7617 2 2 5 1 4198 3116 5064
7618 2 2 5 1 4574 1361 5311
7619 2 2 5 1 1218 4494 4501
7620 2 2 5 1 618 724 4546
7621 2 2 5 1 1718 1722 5417
7622 2 2 5 1 2692 3440 4876
7623 2 2 5 1 4027 1823 4272
7624 2 2 5 1 3498 2690 4876
7625 2 2 5 1 4161 692 4600
7626 2 2 5 1 794 354 4863
7627 2 2 5 1 3517 3519 4296
7628 2 2 5 1 4733 3178 5178
7629 2 2 5 1 2283 2650 5039
7630 2 2 5 1 581 582 4297
7631 2 2 5 1 4054 2658 4863
7632 2 2 5 1 2542 2539 4203
7633 2 2 5 1 4856 732 4980
7634 2 2 5 1 772 146 4867
7635 2 2 5 1 481 693 4874
7636 2 2 5 1 2430 2431 2432
7637 2 2 5 1 3182 4383 4970
7638 2 2 5 1 3952 409 4882
7639 2 2 5 1 410 655 4882
7640 2 2 5 1 3021 3022 4609
7641 2 2 5 1 4028 2442 4134
7642 2 2 5 1 4653 3269 4866
7643 2 2 5 1 4616 1774 5366
7644 2 2 5 1 2005 2896 4462
7645 2 2 5 1 3432 3063 5415
7646 2 2 5 1 3280 3273 4061
7647 2 2 5 1 1273 1257 1314
7648 2 2 5 1 1666 1606 1667
7649 2 2 5 1 820 3417 5354
7650 2 2 5 1 724 4001 4546
7651 2 2 5 1 2178 3309 4315
7652 2 2 5 1 177 763 4905
7653 2 2 5 1 1088 1638 3378
7654 2 2 5 1 529 530 4306
7655 2 2 5 1 219 851 4912
7656 2 2 5 1 664 218 4912
7657 2 2 5 1 3580 1994 4309
7658 2 2 5 1 3990 2613 4377
7659 2 2 5 1 1319 1996 5164
7660 2 2 5 1 4967 736 5190
7661 2 2 5 1 2714 2712 2715
7662 2 2 5 1 489 3744 4919
7663 2 2 5 1 652 488 4919
7664 2 2 5 1 2181 4625 4788
7665 2 2 5 1 3964 858 4308
7666 2 2 5 1 3030 2507 4959
7667 2 2 5 1 2285 2284 2286
7668 2 2 5 1 426 427 4938
7669 2 2 5 1 739 48 4923
7670 2 2 5 1 49 877 4923
7671 2 2 5 1 3029 3615 5091
7672 2 2 5 1 688 357 4924
7673 2 2 5 1 358 3842 4924
7674 2 2 5 1 3288 3286 4380
7675 2 2 5 1 2348 2346 2349
7676 2 2 5 1 3550 3615 4962
7677 2 2 5 1 3577 3548 4962
7678 2 2 5 1 3235 3234 3236
7679 2 2 5 1 3237 3236 3238
7680 2 2 5 1 3239 3238 3240
7681 2 2 5 1 4023 98 5201
7682 2 2 5 1 3371 2267 4862
7683 2 2 5 1 3233 3232 3234
7684 2 2 5 1 3241 3240 3242
7685 2 2 5 1 4847 3396 4858
7686 2 2 5 1 2150 3472 4742
7687 2 2 5 1 170 730 4944
7688 2 2 5 1 826 169 4944
7689 2 2 5 1 166 167 4972
7690 2 2 5 1 815 235 4952
7691 2 2 5 1 236 669 4952
7692 2 2 5 1 884 379 4953
7693 2 2 5 1 380 674 4953
7694 2 2 5 1 1823 1824 4272
7695 2 2 5 1 4042 892 4719
7696 2 2 5 1 2646 2366 5265
7697 2 2 5 1 700 31 4961
7698 2 2 5 1 32 3849 4961
7699 2 2 5 1 2980 2142 4342
7700 2 2 5 1 22 3840 4965
7701 2 2 5 1 719 21 4965
7702 2 2 5 1 3148 2843 4358
7703 2 2 5 1 2688 3498 4985
7704 2 2 5 1 4231 1542 4232
7705 2 2 5 1 687 37 4316
7706 2 2 5 1 2264 4746 4832
7707 2 2 5 1 1877 3372 4399
7708 2 2 5 1 2996 3438 4927
7709 2 2 5 1 3499 819 5051
7710 2 2 5 1 2460 2370 5276
7711 2 2 5 1 1557 1558 1559
7712 2 2 5 1 2204 2202 2205
7713 2 2 5 1 257 258 5006
7714 2 2 5 1 4040 851 4747
7715 2 2 5 1 2141 2139 2155
7716 2 2 5 1 2494 2031 4750
7717 2 2 5 1 3052 4234 4823
7718 2 2 5 1 353 794 4995
7719 2 2 5 1 926 924 5029
7720 2 2 5 1 3817 3816 5005
7721 2 2 5 1 351 352 5023
7722 2 2 5 1 4601 3504 5037
7723 2 2 5 1 873 59 5009
7724 2 2 5 1 60 672 5009
7725 2 2 5 1 2000 4451 4452
7726 2 2 5 1 1949 2312 4385
7727 2 2 5 1 647 175 5012
7728 2 2 5 1 2212 4099 4870
7729 2 2 5 1 4371 2426 4684
7730 2 2 5 1 1559 1560 1561
7731 2 2 5 1 1561 1562 1563
7732 2 2 5 1 1563 1564 1565
7733 2 2 5 1 1642 2019 4123
7734 2 2 5 1 1565 1566 1567
7735 2 2 5 1 1567 1568 1569
7736 2 2 5 1 3482 2482 4343
7737 2 2 5 1 3964 4308 4334
7738 2 2 5 1 3113 3111 4611
7739 2 2 5 1 1327 1804 5425
7740 2 2 5 1 2552 2550 2553
7741 2 2 5 1 2895 1517 5425
7742 2 2 5 1 543 847 5034
7743 2 2 5 1 1250 4715 4716
7744 2 2 5 1 1874 3357 4950
7745 2 2 5 1 186 187 5451
7746 2 2 5 1 1498 4034 5021
7747 2 2 5 1 1083 1086 4736
7748 2 2 5 1 3201 3198 4515
7749 2 2 5 1 427 428 5058
7750 2 2 5 1 3161 2842 5306
7751 2 2 5 1 2711 2976 5076
7752 2 2 5 1 267 811 4327
7753 2 2 5 1 1243 1241 1245
7754 2 2 5 1 3026 3029 5091
7755 2 2 5 1 1704 1703 1705
7756 2 2 5 1 550 729 5051
7757 2 2 5 1 819 549 5051
7758 2 2 5 1 680 570 4329
7759 2 2 5 1 2528 2530 4447
7760 2 2 5 1 1421 3318 4869
7761 2 2 5 1 1163 1162 1189
7762 2 2 5 1 2079 2534 4363
7763 2 2 5 1 1682 2629 5347
7764 2 2 5 1 273 731 5441
7765 2 2 5 1 824 272 5441
7766 2 2 5 1 4309 1994 4338
7767 2 2 5 1 3231 3230 3232
7768 2 2 5 1 261 773 5438
7769 2 2 5 1 2392 4193 4194
7770 2 2 5 1 661 80 5064
7771 2 2 5 1 209 855 5068
7772 2 2 5 1 659 208 5068
7773 2 2 5 1 4788 1601 5286
7774 2 2 5 1 2095 2590 4686
7775 2 2 5 1 1991 4405 5104
7776 2 2 5 1 2798 4022 4460
7777 2 2 5 1 1361 5046 5311
7778 2 2 5 1 3838 3654 5078
7779 2 2 5 1 2660 3327 5190
7780 2 2 5 1 4182 3965 4276
7781 2 2 5 1 2567 2566 2568
7782 2 2 5 1 657 91 5080
7783 2 2 5 1 1417 4108 5101
7784 2 2 5 1 3914 784 5067
7785 2 2 5 1 3150 1840 3989
7786 2 2 5 1 3147 3146 4685
7787 2 2 5 1 2714 2715 2716
7788 2 2 5 1 1706 1705 1707
7789 2 2 5 1 3097 3324 5181
7790 2 2 5 1 538 840 5383
7791 2 2 5 1 1708 1707 1709
7792 2 2 5 1 4357 2749 5188
7793 2 2 5 1 2029 2028 3155
7794 2 2 5 1 1710 1709 1711
7795 2 2 5 1 3390 3446 5111
7796 2 2 5 1 230 820 5354
7797 2 2 5 1 2466 2449 2470
7798 2 2 5 1 1712 1711 1713
7799 2 2 5 1 744 278 5341
7800 2 2 5 1 648 197 5107
7801 2 2 5 1 198 813 5107
7802 2 2 5 1 773 262 5334
7803 2 2 5 1 673 52 5332
7804 2 2 5 1 1714 1713 1717
7805 2 2 5 1 221 222 5252
7806 2 2 5 1 435 436 5177
7807 2 2 5 1 195 196 5228
7808 2 2 5 1 211 212 5182
7809 2 2 5 1 712 541 5119
7810 2 2 5 1 38 39 5216
7811 2 2 5 1 2925 2924 2926
7812 2 2 5 1 2985 3168 4907
7813 2 2 5 1 4715 2071 4716
7814 2 2 5 1 2970 4270 4506
7815 2 2 5 1 831 215 5139
7816 2 2 5 1 479 480 4331
7817 2 2 5 1 2561 3118 4717
7818 2 2 5 1 781 3861 4982
7819 2 2 5 1 2991 4023 5201
7820 2 2 5 1 2399 3482 4343
7821 2 2 5 1 1424 2079 5443
7822 2 2 5 1 840 539 5258
7823 2 2 5 1 540 712 5258
7824 2 2 5 1 4120 3002 4121
7825 2 2 5 1 3770 3769 5196
7826 2 2 5 1 3755 3770 5198
7827 2 2 5 1 558 734 5173
7828 2 2 5 1 835 557 5173
7829 2 2 5 1 569 680 5230
7830 2 2 5 1 841 568 5230
7831 2 2 5 1 791 126 5179
7832 2 2 5 1 711 191 5183
7833 2 2 5 1 99 786 5201
7834 2 2 5 1 413 754 5200
7835 2 2 5 1 4424 2012 4492
7836 2 2 5 1 4363 2534 5084
7837 2 2 5 1 1723 1718 4572
7838 2 2 5 1 663 3837 5218
7839 2 2 5 1 2961 2963 3084
7840 2 2 5 1 2814 4283 4284
7841 2 2 5 1 2483 3441 4776
7842 2 2 5 1 900 899 4748
7843 2 2 5 1 3950 676 5030
7844 2 2 5 1 4231 1527 4940
7845 2 2 5 1 4632 3890 5271
7846 2 2 5 1 3402 3401 4365
7847 2 2 5 1 2765 2020 4158
7848 2 2 5 1 3892 699 4607
7849 2 2 5 1 3832 3964 4334
7850 2 2 5 1 3759 3761 4375
7851 2 2 5 1 581 4297 4374
7852 2 2 5 1 746 616 4582
7853 2 2 5 1 4218 2663 4811
7854 2 2 5 1 2886 2887 4996
7855 2 2 5 1 1114 4232 4616
7856 2 2 5 1 2070 4489 5086
7857 2 2 5 1 2703 2990 4279
7858 2 2 5 1 2780 4312 5210
7859 2 2 5 1 1522 1521 4225
7860 2 2 5 1 2892 2159 4804
7861 2 2 5 1 4264 2790 5263
7862 2 2 5 1 1460 4200 4561
7863 2 2 5 1 2586 4369 4967
7864 2 2 5 1 4214 2958 4979
7865 2 2 5 1 1994 1995 4338
7866 2 2 5 1 2977 4558 4683
7867 2 2 5 1 3848 866 4335
7868 2 2 5 1 2259 4033 4035
7869 2 2 5 1 1354 1353 1355
7870 2 2 5 1 3754 4342 5097
7871 2 2 5 1 3988 3757 5239
7872 2 2 5 1 4098 1188 5359
7873 2 2 5 1 2261 2886 4918
7874 2 2 5 1 848 3428 5446
7875 2 2 5 1 2023 1614 5266
7876 2 2 5 1 641 423 4662
7877 2 2 5 1 750 4182 4552
7878 2 2 5 1 1800 3306 4393
7879 2 2 5 1 1895 1896 1897
7880 2 2 5 1 2610 2611 4977
7881 2 2 5 1 615 746 4545
7882 2 2 5 1 3785 1996 4881
7883 2 2 5 1 167 168 4437
7884 2 2 5 1 4606 4093 4735
7885 2 2 5 1 732 3796 4980
7886 2 2 5 1 2889 2825 4356
7887 2 2 5 1 678 3793 4341
7888 2 2 5 1 1356 1355 1607
7889 2 2 5 1 4047 3938 5027
7890 2 2 5 1 1607 2823 4135
7891 2 2 5 1 2194 4061 5144
7892 2 2 5 1 1815 1593 4590
7893 2 2 5 1 3108 2544 4942
7894 2 2 5 1 2464 2380 5445
7895 2 2 5 1 1924 1926 4801
7896 2 2 5 1 3282 3419 4553
7897 2 2 5 1 815 4032 4808
7898 2 2 5 1 1459 1458 1460
7899 2 2 5 1 2175 2499 2501
7900 2 2 5 1 1497 4050 4814
7901 2 2 5 1 1887 2966 4370
7902 2 2 5 1 933 931 4349
7903 2 2 5 1 3337 751 4841
7904 2 2 5 1 2712 2710 4260
7905 2 2 5 1 2993 2426 4371
7906 2 2 5 1 1382 1383 1384
7907 2 2 5 1 1779 1778 3013
7908 2 2 5 1 4035 1498 5297
7909 2 2 5 1 1119 3060 4542
7910 2 2 5 1 4132 3936 5159
7911 2 2 5 1 124 125 4354
7912 2 2 5 1 4273 2526 4475
7913 2 2 5 1 2848 2849 2850
7914 2 2 5 1 2301 4375 4376
7915 2 2 5 1 1993 3375 4884
7916 2 2 5 1 2101 2099 4359
7917 2 2 5 1 3477 669 5097
7918 2 2 5 1 4510 785 5240
7919 2 2 5 1 1643 1881 4087
7920 2 2 5 1 4898 3461 5260
7921 2 2 5 1 4156 3082 4268
7922 2 2 5 1 796 329 4358
7923 2 2 5 1 4400 4399 4451
7924 2 2 5 1 4529 3395 5058
7925 2 2 5 1 3128 4742 5070
7926 2 2 5 1 2651 3385 4590
7927 2 2 5 1 3786 4041 5062
7928 2 2 5 1 4338 1995 4382
7929 2 2 5 1 780 4019 4977
7930 2 2 5 1 5076 2976 5216
7931 2 2 5 1 2937 4913 5126
7932 2 2 5 1 3820 3004 5348
7933 2 2 5 1 3790 3787 5062
7934 2 2 5 1 3983 754 4585
7935 2 2 5 1 3196 3195 3197
7936 2 2 5 1 4012 2033 4013
7937 2 2 5 1 2746 2744 4149
7938 2 2 5 1 4527 1274 4782
7939 2 2 5 1 5065 3770 5196
7940 2 2 5 1 3092 3468 4299
7941 2 2 5 1 1541 1546 1547
7942 2 2 5 1 1710 2056 5338
7943 2 2 5 1 1371 1370 1386
7944 2 2 5 1 3975 3949 4389
7945 2 2 5 1 3972 1276 5343
7946 2 2 5 1 2034 4541 5401
7947 2 2 5 1 3125 3124 4115
7948 2 2 5 1 188 830 4361
7949 2 2 5 1 216 217 4364
7950 2 2 5 1 2010 2848 3424
7951 2 2 5 1 3013 3349 4767
7952 2 2 5 1 1746 4183 5405
7953 2 2 5 1 3948 884 5156
7954 2 2 5 1 675 3926 4365
7955 2 2 5 1 4466 1581 4608
7956 2 2 5 1 3935 2314 4697
7957 2 2 5 1 3004 2661 4464
7958 2 2 5 1 1957 2284 2285
7959 2 2 5 1 2015 3024 4366
7960 2 2 5 1 1988 1989 4386
7961 2 2 5 1 2913 2912 4410
7962 2 2 5 1 2353 4390 5356
7963 2 2 5 1 2683 2682 4302
7964 2 2 5 1 3079 2592 5256
7965 2 2 5 1 1461 1460 1462
7966 2 2 5 1 2533 3488 4976
7967 2 2 5 1 580 581 4374
7968 2 2 5 1 3764 2590 4763
7969 2 2 5 1 1 5 5081
7970 2 2 5 1 1813 1384 4153
7971 2 2 5 1 2809 2807 2811
7972 2 2 5 1 2819 2820 4628
7973 2 2 5 1 2502 2627 2870
7974 2 2 5 1 2926 2989 4768
7975 2 2 5 1 3190 3188 3191
7976 2 2 5 1 4235 1919 5106
7977 2 2 5 1 1008 3110 4307
7978 2 2 5 1 1979 4322 5024
7979 2 2 5 1 2704 2703 4279
7980 2 2 5 1 2177 4315 4569
7981 2 2 5 1 1791 4318 4626
7982 2 2 5 1 4190 4452 4812
7983 2 2 5 1 640 1 5081
7984 2 2 5 1 3414 3415 4471
7985 2 2 5 1 2362 2472 5400
7986 2 2 5 1 4149 2034 4798
7987 2 2 5 1 2078 4287 5331
7988 2 2 5 1 1995 3576 4382
7989 2 2 5 1 2454 3411 4711
7990 2 2 5 1 3283 3356 5330
7991 2 2 5 1 3823 891 4381
7992 2 2 5 1 1891 1892 1893
7993 2 2 5 1 5034 3045 5119
7994 2 2 5 1 3216 3208 3294
7995 2 2 5 1 2637 2638 4694
7996 2 2 5 1 1777 3990 4377
7997 2 2 5 1 3259 3256 4401
7998 2 2 5 1 2350 2349 2354
7999 2 2 5 1 2821 5196 5220
8000 2 2 5 1 2061 2258 4455
8001 2 2 5 1 4316 2976 5346
8002 2 2 5 1 1293 4013 5322
8003 2 2 5 1 3406 2642 5004
8004 2 2 5 1 1585 1586 4817
8005 2 2 5 1 3383 3153 4867
8006 2 2 5 1 508 509 4388
8007 2 2 5 1 3308 2504 5016
8008 2 2 5 1 4060 1704 5414
8009 2 2 5 1 3036 4465 5200
8010 2 2 5 1 4228 744 5341
8011 2 2 5 1 2722 2724 4453
8012 2 2 5 1 853 4359 4670
8013 2 2 5 1 4727 4726 4728
8014 2 2 5 1 2277 1383 5386
8015 2 2 5 1 3419 3280 4061
8016 2 2 5 1 2026 1709 4707
8017 2 2 5 1 509 510 4395
8018 2 2 5 1 2607 1764 5084
8019 2 2 5 1 2517 4277 4926
8020 2 2 5 1 586 587 4396
8021 2 2 5 1 268 269 4397
8022 2 2 5 1 4388 509 4395
8023 2 2 5 1 2206 2205 2207
8024 2 2 5 1 2672 2612 4733
8025 2 2 5 1 1386 1641 4165
8026 2 2 5 1 2074 1618 5413
8027 2 2 5 1 4615 1474 5008
8028 2 2 5 1 4178 1945 5285
8029 2 2 5 1 1166 4420 5399
8030 2 2 5 1 4103 3152 4909
8031 2 2 5 1 2110 1719 4106
8032 2 2 5 1 642 3441 4732
8033 2 2 5 1 4219 1829 4656
8034 2 2 5 1 3374 3269 4653
8035 2 2 5 1 4432 4373 4880
8036 2 2 5 1 1208 3139 4921
8037 2 2 5 1 2754 2753 4651
8038 2 2 5 1 4013 1328 5244
8039 2 2 5 1 442 443 4828
8040 2 2 5 1 4578 3333 4731
8041 2 2 5 1 1859 3612 4408
8042 2 2 5 1 2731 2727 2732
8043 2 2 5 1 2208 2207 2210
8044 2 2 5 1 2015 4366 4524
8045 2 2 5 1 2211 2210 2214
8046 2 2 5 1 3292 3270 4602
8047 2 2 5 1 1897 1898 1899
8048 2 2 5 1 4897 2328 5324
8049 2 2 5 1 4382 3576 4442
8050 2 2 5 1 2271 3312 4902
8051 2 2 5 1 3324 2951 4599
8052 2 2 5 1 2952 4069 4599
8053 2 2 5 1 4434 2597 5452
8054 2 2 5 1 3505 1544 4237
8055 2 2 5 1 2872 4593 5232
8056 2 2 5 1 2530 2529 5089
8057 2 2 5 1 2212 4968 5381
8058 2 2 5 1 596 597 4419
8059 2 2 5 1 4240 2194 5144
8060 2 2 5 1 758 256 5207
8061 2 2 5 1 2731 2732 2733
8062 2 2 5 1 3947 4132 4973
8063 2 2 5 1 1345 1349 1374
8064 2 2 5 1 3170 3172 4437
8065 2 2 5 1 2710 2708 3012
8066 2 2 5 1 1238 1488 1648
8067 2 2 5 1 3415 2597 4434
8068 2 2 5 1 4093 3293 4543
8069 2 2 5 1 3276 4093 4543
8070 2 2 5 1 2569 2568 2570
8071 2 2 5 1 645 116 4423
8072 2 2 5 1 2084 4626 5278
8073 2 2 5 1 2927 2929 4020
8074 2 2 5 1 920 918 4427
8075 2 2 5 1 2263 2658 4917
8076 2 2 5 1 3744 755 4989
8077 2 2 5 1 2309 2307 4540
8078 2 2 5 1 2488 4632 5271
8079 2 2 5 1 1246 1245 1247
8080 2 2 5 1 2339 4236 4935
8081 2 2 5 1 121 122 4430
8082 2 2 5 1 670 3483 4457
8083 2 2 5 1 4918 2886 4996
8084 2 2 5 1 1264 4661 5397
8085 2 2 5 1 4276 3858 4963
8086 2 2 5 1 5099 1639 5368
8087 2 2 5 1 1060 1058 4435
8088 2 2 5 1 2532 2282 4752
8089 2 2 5 1 4666 4672 5127
8090 2 2 5 1 2918 2919 4445
8091 2 2 5 1 4022 3323 4460
8092 2 2 5 1 2417 2418 2419
8093 2 2 5 1 1609 4586 5393
8094 2 2 5 1 3345 2045 5157
8095 2 2 5 1 3483 2755 4457
8096 2 2 5 1 1449 1453 4328
8097 2 2 5 1 3281 3794 5273
8098 2 2 5 1 1983 3035 3346
8099 2 2 5 1 2453 3119 5013
8100 2 2 5 1 3107 2248 4446
8101 2 2 5 1 2387 2386 4729
8102 2 2 5 1 1939 1940 1941
8103 2 2 5 1 3104 2491 4987
8104 2 2 5 1 189 190 4440
8105 2 2 5 1 3397 2283 5039
8106 2 2 5 1 3576 2125 4442
8107 2 2 5 1 3446 3992 5111
8108 2 2 5 1 4174 696 4991
8109 2 2 5 1 3970 1359 3971
8110 2 2 5 1 3114 3113 4479
8111 2 2 5 1 1365 1363 1366
8112 2 2 5 1 3796 849 5108
8113 2 2 5 1 2143 2967 4682
8114 2 2 5 1 2612 1591 4392
8115 2 2 5 1 1099 1092 4734
8116 2 2 5 1 1142 1150 4319
8117 2 2 5 1 3402 4365 4592
8118 2 2 5 1 4132 5159 5454
8119 2 2 5 1 1967 1953 1985
8120 2 2 5 1 555 556 4450
8121 2 2 5 1 4187 3939 4641
8122 2 2 5 1 4416 2037 4418
8123 2 2 5 1 1540 2135 5288
8124 2 2 5 1 4204 2541 5067
8125 2 2 5 1 3903 4204 5067
8126 2 2 5 1 2895 3361 5394
8127 2 2 5 1 912 4229 4769
8128 2 2 5 1 2973 2972 4263
8129 2 2 5 1 3428 2867 5446
8130 2 2 5 1 3327 4967 5190
8131 2 2 5 1 297 747 4840
8132 2 2 5 1 1587 5099 5368
8133 2 2 5 1 4050 4434 4814
8134 2 2 5 1 2254 3067 4673
8135 2 2 5 1 1668 1667 1669
8136 2 2 5 1 4052 2518 4053
8137 2 2 5 1 2354 2495 4192
8138 2 2 5 1 648 3471 5228
8139 2 2 5 1 2249 3412 4603
8140 2 2 5 1 566 567 4459
8141 2 2 5 1 257 3366 5207
8142 2 2 5 1 1135 1128 1187
8143 2 2 5 1 492 493 4461
8144 2 2 5 1 2918 4445 5294
8145 2 2 5 1 2311 3148 4925
8146 2 2 5 1 4442 2125 4482
8147 2 2 5 1 847 4233 5034
8148 2 2 5 1 1253 1229 1254
8149 2 2 5 1 4232 1542 5002
8150 2 2 5 1 2267 4527 4782
8151 2 2 5 1 3139 1208 3140
8152 2 2 5 1 2526 2971 4475
8153 2 2 5 1 1813 4153 4154
8154 2 2 5 1 3916 879 4462
8155 2 2 5 1 411 412 4465
8156 2 2 5 1 4248 773 5334
8157 2 2 5 1 1976 4519 4520
8158 2 2 5 1 421 422 4468
8159 2 2 5 1 2198 2196 2199
8160 2 2 5 1 1670 1669 1671
8161 2 2 5 1 2633 2821 5220
8162 2 2 5 1 4526 1999 5300
8163 2 2 5 1 3790 1997 4535
8164 2 2 5 1 2687 2683 4302
8165 2 2 5 1 2342 2340 2343
8166 2 2 5 1 2180 2764 4922
8167 2 2 5 1 3486 4059 5199
8168 2 2 5 1 1672 1671 1673
8169 2 2 5 1 1962 1842 2107
8170 2 2 5 1 2280 2279 3439
8171 2 2 5 1 652 3997 4855
8172 2 2 5 1 1674 1673 1675
8173 2 2 5 1 4864 1746 5405
8174 2 2 5 1 1161 1121 1162
8175 2 2 5 1 2689 2687 3315
8176 2 2 5 1 3413 1873 5074
8177 2 2 5 1 2027 2635 4594
8178 2 2 5 1 743 4476 4925
8179 2 2 5 1 4763 2613 4933
8180 2 2 5 1 1676 1675 1677
8181 2 2 5 1 1914 2083 4474
8182 2 2 5 1 2009 2010 3424
8183 2 2 5 1 2836 2835 2837
8184 2 2 5 1 1270 1248 4622
8185 2 2 5 1 4980 3796 5108
8186 2 2 5 1 2413 2414 2415
8187 2 2 5 1 3655 3656 4476
8188 2 2 5 1 1678 1677 1679
8189 2 2 5 1 5162 4356 5234
8190 2 2 5 1 3658 1945 5059
8191 2 2 5 1 677 4055 4709
8192 2 2 5 1 720 3890 4632
8193 2 2 5 1 1675 2097 4826
8194 2 2 5 1 773 4304 5438
8195 2 2 5 1 3756 836 4471
8196 2 2 5 1 4281 1099 4734
8197 2 2 5 1 777 3841 5013
8198 2 2 5 1 2936 2770 4360
8199 2 2 5 1 614 615 4545
8200 2 2 5 1 1680 1679 1681
8201 2 2 5 1 3803 710 5141
8202 2 2 5 1 2253 2255 4539
8203 2 2 5 1 2157 4016 4808
8204 2 2 5 1 3310 1306 3448
8205 2 2 5 1 2846 4176 5380
8206 2 2 5 1 3054 3086 3087
8207 2 2 5 1 1682 1681 1683
8208 2 2 5 1 807 3185 3186
8209 2 2 5 1 3350 1205 5412
8210 2 2 5 1 1547 1548 1550
8211 2 2 5 1 1305 4713 4877
8212 2 2 5 1 3157 2213 4850
8213 2 2 5 1 2650 4327 5039
8214 2 2 5 1 1684 1683 1685
8215 2 2 5 1 2308 2305 4487
8216 2 2 5 1 3344 733 5077
8217 2 2 5 1 3395 3136 4938
8218 2 2 5 1 3889 717 4479
8219 2 2 5 1 4772 765 5247
8220 2 2 5 1 4232 1114 4890
8221 2 2 5 1 2419 2420 2421
8222 2 2 5 1 678 4341 4993
8223 2 2 5 1 781 4982 5076
8224 2 2 5 1 1962 2107 4179
8225 2 2 5 1 2525 2281 4630
8226 2 2 5 1 1686 1685 1688
8227 2 2 5 1 3003 4712 5203
8228 2 2 5 1 1597 2044 4387
8229 2 2 5 1 2125 2092 4482
8230 2 2 5 1 2658 4054 4917
8231 2 2 5 1 855 210 4491
8232 2 2 5 1 3273 3268 3274
8233 2 2 5 1 2912 2110 4106
8234 2 2 5 1 774 194 5020
8235 2 2 5 1 1689 1688 1690
8236 2 2 5 1 4364 664 5261
8237 2 2 5 1 4234 2975 4823
8238 2 2 5 1 3154 3383 4916
8239 2 2 5 1 2869 2528 4447
8240 2 2 5 1 4016 3667 4808
8241 2 2 5 1 1550 1551 1553
8242 2 2 5 1 4143 4144 4916
8243 2 2 5 1 2498 2500 4855
8244 2 2 5 1 4365 3926 4592
8245 2 2 5 1 1691 1690 1692
8246 2 2 5 1 3822 780 4481
8247 2 2 5 1 4464 1826 5295
8248 2 2 5 1 2193 2191 2776
8249 2 2 5 1 2691 2689 4283
8250 2 2 5 1 3131 3133 4517
8251 2 2 5 1 4586 1609 5431
8252 2 2 5 1 444 789 4484
8253 2 2 5 1 1693 1692 1694
8254 2 2 5 1 3343 4441 4895
8255 2 2 5 1 2743 2745 4676
8256 2 2 5 1 4165 1641 4166
8257 2 2 5 1 1695 1694 1696
8258 2 2 5 1 3100 3099 4491
8259 2 2 5 1 2730 3354 5174
8260 2 2 5 1 5167 4123 5170
8261 2 2 5 1 1443 1441 4394
8262 2 2 5 1 1450 1449 1451
8263 2 2 5 1 2662 4218 4744
8264 2 2 5 1 1697 1696 1698
8265 2 2 5 1 1569 1572 4082
8266 2 2 5 1 1604 1516 1605
8267 2 2 5 1 2961 2962 2963
8268 2 2 5 1 922 956 5402
8269 2 2 5 1 1497 4814 5303
8270 2 2 5 1 1521 1879 3303
8271 2 2 5 1 2708 2704 4279
8272 2 2 5 1 3111 3112 4611
8273 2 2 5 1 1276 3972 4226
8274 2 2 5 1 2289 2288 2290
8275 2 2 5 1 3532 2832 4668
8276 2 2 5 1 4775 2524 5195
8277 2 2 5 1 4863 2658 4957
8278 2 2 5 1 669 3754 5097
8279 2 2 5 1 3324 4599 5181
8280 2 2 5 1 2294 2297 4160
8281 2 2 5 1 1587 4691 5099
8282 2 2 5 1 2682 3490 4302
8283 2 2 5 1 3441 2481 4732
8284 2 2 5 1 3748 853 4670
8285 2 2 5 1 3013 3348 3349
8286 2 2 5 1 4233 3045 5034
8287 2 2 5 1 388 389 4496
8288 2 2 5 1 3677 3690 4045
8289 2 2 5 1 3736 3716 4048
8290 2 2 5 1 2831 1488 4741
8291 2 2 5 1 2693 2691 2814
8292 2 2 5 1 4482 2092 4521
8293 2 2 5 1 4750 3061 4989
8294 2 2 5 1 3848 4335 4676
8295 2 2 5 1 2757 3163 5436
8296 2 2 5 1 3262 3276 4543
8297 2 2 5 1 4246 1167 4300
8298 2 2 5 1 583 584 4500
8299 2 2 5 1 2193 2776 4945
8300 2 2 5 1 2946 2945 4362
8301 2 2 5 1 1194 1192 1195
8302 2 2 5 1 2189 2185 3351
8303 2 2 5 1 2025 2771 5053
8304 2 2 5 1 2118 2608 4547
8305 2 2 5 1 2590 2075 4763
8306 2 2 5 1 5 6 4506
8307 2 2 5 1 3402 4592 4593
8308 2 2 5 1 2727 2725 4259
8309 2 2 5 1 3003 3004 4712
8310 2 2 5 1 2080 2892 4770
8311 2 2 5 1 4315 3309 5379
8312 2 2 5 1 4814 1373 5303
8313 2 2 5 1 4625 2916 4788
8314 2 2 5 1 437 785 4510
8315 2 2 5 1 3223 3225 4513
8316 2 2 5 1 1512 1509 1514
8317 2 2 5 1 2762 2119 5095
8318 2 2 5 1 1455 1451 1456
8319 2 2 5 1 204 761 4512
8320 2 2 5 1 2885 2176 4569
8321 2 2 5 1 717 85 4514
8322 2 2 5 1 2185 2183 3085
8323 2 2 5 1 778 4268 4628
8324 2 2 5 1 2983 2389 4066
8325 2 2 5 1 3334 4578 4849
8326 2 2 5 1 3135 3480 4571
8327 2 2 5 1 3218 3216 4570
8328 2 2 5 1 5108 849 5421
8329 2 2 5 1 2744 2740 4245
8330 2 2 5 1 2984 3075 5094
8331 2 2 5 1 4588 1938 5284
8332 2 2 5 1 4183 3057 5405
8333 2 2 5 1 788 4239 5089
8334 2 2 5 1 3168 4262 4907
8335 2 2 5 1 1377 4383 4384
8336 2 2 5 1 3429 4993 5304
8337 2 2 5 1 2784 2257 4887
8338 2 2 5 1 2092 2090 4521
8339 2 2 5 1 2554 2553 2555
8340 2 2 5 1 2514 2308 4487
8341 2 2 5 1 4732 2482 4872
8342 2 2 5 1 1608 1607 4135
8343 2 2 5 1 2013 4189 4903
8344 2 2 5 1 2282 3989 4752
8345 2 2 5 1 3129 3131 5382
8346 2 2 5 1 3183 3066 5345
8347 2 2 5 1 3222 3220 3297
8348 2 2 5 1 2032 2029 3155
8349 2 2 5 1 4176 3100 5182
8350 2 2 5 1 3508 1074 4555
8351 2 2 5 1 2360 5400 5450
8352 2 2 5 1 296 297 4840
8353 2 2 5 1 2948 3400 4688
8354 2 2 5 1 1439 4154 4838
8355 2 2 5 1 3471 3473 5228
8356 2 2 5 1 2022 4780 5406
8357 2 2 5 1 3179 802 4800
8358 2 2 5 1 1987 1903 4091
8359 2 2 5 1 5163 1416 5374
8360 2 2 5 1 2927 2926 2929
8361 2 2 5 1 1346 1919 4448
8362 2 2 5 1 2799 2800 2801
8363 2 2 5 1 1706 2064 5414
8364 2 2 5 1 1384 1385 4153
8365 2 2 5 1 681 4735 4738
8366 2 2 5 1 4446 667 4818
8367 2 2 5 1 1138 1139 1333
8368 2 2 5 1 1832 1840 3150
8369 2 2 5 1 2044 2100 4387
8370 2 2 5 1 681 3802 4735
8371 2 2 5 1 1218 4424 4493
8372 2 2 5 1 1747 2526 4565
8373 2 2 5 1 3039 3310 4508
8374 2 2 5 1 4749 3279 5273
8375 2 2 5 1 2571 2570 2572
8376 2 2 5 1 3165 798 5224
8377 2 2 5 1 715 4176 5182
8378 2 2 5 1 1836 4291 4292
8379 2 2 5 1 801 9 4531
8380 2 2 5 1 1084 4118 4340
8381 2 2 5 1 3483 4450 4651
8382 2 2 5 1 3774 681 4738
8383 2 2 5 1 2475 2391 4737
8384 2 2 5 1 723 3943 5212
8385 2 2 5 1 4192 2495 4193
8386 2 2 5 1 1955 1957 4241
8387 2 2 5 1 4086 842 4789
8388 2 2 5 1 2669 2145 4579
8389 2 2 5 1 2156 2155 3420
8390 2 2 5 1 2790 4264 4911
8391 2 2 5 1 1530 1532 1533
8392 2 2 5 1 4557 4558 4559
8393 2 2 5 1 4477 2039 4511
8394 2 2 5 1 92 4266 5080
8395 2 2 5 1 195 3473 5020
8396 2 2 5 1 845 3774 4956
8397 2 2 5 1 2585 2564 4627
8398 2 2 5 1 1387 1386 4165
8399 2 2 5 1 4004 2905 5101
8400 2 2 5 1 3412 2868 4603
8401 2 2 5 1 4331 480 4874
8402 2 2 5 1 3492 3491 5014
8403 2 2 5 1 1758 2015 4524
8404 2 2 5 1 1255 1254 1256
8405 2 2 5 1 2699 2697 2700
8406 2 2 5 1 1703 1699 4648
8407 2 2 5 1 3279 3281 5273
8408 2 2 5 1 5078 2656 5079
8409 2 2 5 1 2536 3741 4429
8410 2 2 5 1 3177 805 4235
8411 2 2 5 1 4887 4018 4917
8412 2 2 5 1 2390 3043 3465
8413 2 2 5 1 3474 1498 5021
8414 2 2 5 1 2037 1283 5367
8415 2 2 5 1 4124 767 4694
8416 2 2 5 1 1507 1505 1513
8417 2 2 5 1 2344 2343 2345
8418 2 2 5 1 2276 3331 4809
8419 2 2 5 1 1591 1592 4392
8420 2 2 5 1 1584 4081 5146
8421 2 2 5 1 2426 2417 4684
8422 2 2 5 1 3937 1510 5036
8423 2 2 5 1 3258 3259 3260
8424 2 2 5 1 2807 2805 4222
8425 2 2 5 1 2395 3461 4898
8426 2 2 5 1 3832 4334 5069
8427 2 2 5 1 4453 2724 4681
8428 2 2 5 1 3690 3699 4652
8429 2 2 5 1 2133 1162 4483
8430 2 2 5 1 2200 2199 2201
8431 2 2 5 1 3911 4210 4910
8432 2 2 5 1 2850 2851 2852
8433 2 2 5 1 760 3791 5161
8434 2 2 5 1 424 3488 4662
8435 2 2 5 1 4473 3955 5205
8436 2 2 5 1 3223 4513 4605
8437 2 2 5 1 4484 789 4639
8438 2 2 5 1 3224 3222 4323
8439 2 2 5 1 239 240 4554
8440 2 2 5 1 11 750 4552
8441 2 2 5 1 4176 715 5380
8442 2 2 5 1 3893 736 4967
8443 2 2 5 1 3858 1662 4963
8444 2 2 5 1 3835 772 4711
8445 2 2 5 1 4359 2099 4670
8446 2 2 5 1 2471 2470 2549
8447 2 2 5 1 3476 3475 4536
8448 2 2 5 1 5031 3102 5409
8449 2 2 5 1 1920 2027 2878
8450 2 2 5 1 2355 2354 4192
8451 2 2 5 1 3474 1473 5297
8452 2 2 5 1 1932 1933 1934
8453 2 2 5 1 553 554 4560
8454 2 2 5 1 2000 4452 4915
8455 2 2 5 1 3130 2357 3497
8456 2 2 5 1 794 4475 4995
8457 2 2 5 1 4626 3350 5278
8458 2 2 5 1 2047 2614 3165
8459 2 2 5 1 4166 1402 4842
8460 2 2 5 1 3034 3508 4555
8461 2 2 5 1 4500 584 4637
8462 2 2 5 1 3381 3213 5247
8463 2 2 5 1 4745 2264 4833
8464 2 2 5 1 1441 1454 4394
8465 2 2 5 1 2062 1721 5075
8466 2 2 5 1 1190 1189 4997
8467 2 2 5 1 1234 1217 1235
8468 2 2 5 1 1883 1884 4370
8469 2 2 5 1 1239 3363 4920
8470 2 2 5 1 617 618 4546
8471 2 2 5 1 2025 5053 5109
8472 2 2 5 1 1008 4307 5430
8473 2 2 5 1 3385 1815 4590
8474 2 2 5 1 2713 3391 5346
8475 2 2 5 1 4459 3317 4749
8476 2 2 5 1 2921 2920 5135
8477 2 2 5 1 2617 4532 5138
8478 2 2 5 1 1470 4568 5318
8479 2 2 5 1 2947 3034 5197
8480 2 2 5 1 4419 597 4772
8481 2 2 5 1 1786 1787 1788
8482 2 2 5 1 2002 4859 5430
8483 2 2 5 1 2740 2738 2742
8484 2 2 5 1 2860 2659 4748
8485 2 2 5 1 1152 1107 2947
8486 2 2 5 1 2268 2766 4444
8487 2 2 5 1 2328 2324 2329
8488 2 2 5 1 1640 1591 2612
8489 2 2 5 1 2026 3365 4879
8490 2 2 5 1 2799 2797 2800
8491 2 2 5 1 2215 2214 3164
8492 2 2 5 1 2725 2723 4305
8493 2 2 5 1 4680 3765 5358
8494 2 2 5 1 1891 1797 1892
8495 2 2 5 1 4310 2911 5301
8496 2 2 5 1 1338 1341 1342
8497 2 2 5 1 1140 1142 1261
8498 2 2 5 1 3989 1840 4752
8499 2 2 5 1 2573 2572 2574
8500 2 2 5 1 2103 3641 4575
8501 2 2 5 1 2013 1538 4937
8502 2 2 5 1 3972 3155 4226
8503 2 2 5 1 3368 3369 4577
8504 2 2 5 1 2575 2574 2577
8505 2 2 5 1 3824 788 5089
8506 2 2 5 1 1041 1042 4740
8507 2 2 5 1 4219 3820 5348
8508 2 2 5 1 3168 3167 4655
8509 2 2 5 1 4307 2002 5430
8510 2 2 5 1 4542 2785 5014
8511 2 2 5 1 1225 1200 1226
8512 2 2 5 1 3040 1921 4591
8513 2 2 5 1 2500 4111 4855
8514 2 2 5 1 1183 1156 1237
8515 2 2 5 1 2838 2877 3487
8516 2 2 5 1 1523 1525 2493
8517 2 2 5 1 423 424 4662
8518 2 2 5 1 4293 1171 5455
8519 2 2 5 1 3471 648 5070
8520 2 2 5 1 4477 4511 4696
8521 2 2 5 1 714 3765 4680
8522 2 2 5 1 2923 3983 4585
8523 2 2 5 1 1499 1330 4538
8524 2 2 5 1 2326 4103 4909
8525 2 2 5 1 1600 2181 5286
8526 2 2 5 1 4996 2887 5202
8527 2 2 5 1 2538 4174 4991
8528 2 2 5 1 2736 4391 4880
8529 2 2 5 1 3095 2143 4682
8530 2 2 5 1 2322 2320 2988
8531 2 2 5 1 4712 844 5203
8532 2 2 5 1 398 399 4584
8533 2 2 5 1 2520 3884 4610
8534 2 2 5 1 1334 1336 2950
8535 2 2 5 1 4328 2609 5071
8536 2 2 5 1 2255 2254 4673
8537 2 2 5 1 4922 2764 5140
8538 2 2 5 1 4304 3073 5438
8539 2 2 5 1 1196 1195 1238
8540 2 2 5 1 2447 2445 3410
8541 2 2 5 1 3372 1877 4875
8542 2 2 5 1 3520 3521 4357
8543 2 2 5 1 2403 2404 2405
8544 2 2 5 1 226 227 4587
8545 2 2 5 1 2622 3294 5206
8546 2 2 5 1 4194 1976 4821
8547 2 2 5 1 754 3942 4585
8548 2 2 5 1 798 3165 4787
8549 2 2 5 1 4162 2973 4263
8550 2 2 5 1 4591 1921 4889
8551 2 2 5 1 4294 3291 4606
8552 2 2 5 1 3167 2983 4066
8553 2 2 5 1 3656 4347 4476
8554 2 2 5 1 3926 3925 4592
8555 2 2 5 1 1179 1152 4282
8556 2 2 5 1 4713 1305 5404
8557 2 2 5 1 4649 848 5446
8558 2 2 5 1 1285 4418 5367
8559 2 2 5 1 2434 2432 2435
8560 2 2 5 1 4498 1472 4499
8561 2 2 5 1 666 4243 5241
8562 2 2 5 1 3792 667 4620
8563 2 2 5 1 1659 2025 4834
8564 2 2 5 1 1807 1809 4629
8565 2 2 5 1 2868 3429 4603
8566 2 2 5 1 1442 1441 1443
8567 2 2 5 1 1924 1925 1926
8568 2 2 5 1 1887 1955 2966
8569 2 2 5 1 343 344 4598
8570 2 2 5 1 2030 4244 5339
8571 2 2 5 1 1375 1382 4675
8572 2 2 5 1 2292 2294 2295
8573 2 2 5 1 2154 4470 4948
8574 2 2 5 1 228 229 4601
8575 2 2 5 1 692 265 4600
8576 2 2 5 1 4069 862 4599
8577 2 2 5 1 616 617 4582
8578 2 2 5 1 2784 3842 5171
8579 2 2 5 1 1139 3463 4596
8580 2 2 5 1 3221 3223 4605
8581 2 2 5 1 2872 4688 5390
8582 2 2 5 1 3022 3511 4609
8583 2 2 5 1 3226 3224 4339
8584 2 2 5 1 2623 3297 5344
8585 2 2 5 1 3252 3251 4401
8586 2 2 5 1 1347 1346 4448
8587 2 2 5 1 2286 2288 2289
8588 2 2 5 1 87 793 4604
8589 2 2 5 1 3859 3856 5204
8590 2 2 5 1 2631 2628 4864
8591 2 2 5 1 1840 3380 4752
8592 2 2 5 1 1086 1097 4736
8593 2 2 5 1 4599 862 5181
8594 2 2 5 1 811 3397 5039
8595 2 2 5 1 4402 4403 4581
8596 2 2 5 1 4676 2745 5056
8597 2 2 5 1 4928 2605 5243
8598 2 2 5 1 2889 4356 4692
8599 2 2 5 1 4356 2602 4692
8600 2 2 5 1 4154 4153 4838
8601 2 2 5 1 400 401 4614
8602 2 2 5 1 1370 1367 4679
8603 2 2 5 1 3019 2102 4497
8604 2 2 5 1 4405 2089 5104
8605 2 2 5 1 2723 2720 2728
8606 2 2 5 1 2033 1291 5322
8607 2 2 5 1 2956 2788 5217
8608 2 2 5 1 1811 2030 5339
8609 2 2 5 1 3151 2454 4711
8610 2 2 5 1 1651 4596 5296
8611 2 2 5 1 4673 663 5218
8612 2 2 5 1 3269 3374 4868
8613 2 2 5 1 3783 3784 4656
8614 2 2 5 1 2920 2280 3439
8615 2 2 5 1 4139 2475 4737
8616 2 2 5 1 2413 2411 2414
8617 2 2 5 1 200 201 4621
8618 2 2 5 1 1996 4695 5164
8619 2 2 5 1 1346 1499 1919
8620 2 2 5 1 3433 2847 4643
8621 2 2 5 1 4447 2530 4766
8622 2 2 5 1 818 3753 4758
8623 2 2 5 1 4273 2105 4565
8624 2 2 5 1 2526 4273 4565
8625 2 2 5 1 3403 756 5202
8626 2 2 5 1 3158 3157 4850
8627 2 2 5 1 1444 1443 1445
8628 2 2 5 1 2582 2581 3394
8629 2 2 5 1 216 4364 5139
8630 2 2 5 1 2790 4563 5263
8631 2 2 5 1 2856 1981 4107
8632 2 2 5 1 2512 4680 5358
8633 2 2 5 1 4452 4190 5215
8634 2 2 5 1 2753 3483 4651
8635 2 2 5 1 2099 2098 4670
8636 2 2 5 1 3908 661 5287
8637 2 2 5 1 2796 2746 4149
8638 2 2 5 1 2885 4315 5379
8639 2 2 5 1 2349 2346 4677
8640 2 2 5 1 4580 1817 4951
8641 2 2 5 1 3135 3134 4761
8642 2 2 5 1 1763 1807 2953
8643 2 2 5 1 1809 2009 4629
8644 2 2 5 1 2100 2102 3019
8645 2 2 5 1 1533 1534 1535
8646 2 2 5 1 617 4546 4582
8647 2 2 5 1 506 507 4631
8648 2 2 5 1 3897 4207 4778
8649 2 2 5 1 1121 1044 4483
8650 2 2 5 1 584 585 4637
8651 2 2 5 1 2258 2784 5171
8652 2 2 5 1 95 96 4638
8653 2 2 5 1 789 3897 4639
8654 2 2 5 1 3939 3933 4641
8655 2 2 5 1 3028 4734 4906
8656 2 2 5 1 2806 2808 4669
8657 2 2 5 1 2875 2876 4934
8658 2 2 5 1 2609 4499 5071
8659 2 2 5 1 2602 2065 4692
8660 2 2 5 1 3982 742 5345
8661 2 2 5 1 1535 1536 1537
8662 2 2 5 1 849 3800 5421
8663 2 2 5 1 4175 3183 5345
8664 2 2 5 1 2098 3344 5077
8665 2 2 5 1 3134 3130 3497
8666 2 2 5 1 4596 3463 5098
8667 2 2 5 1 1537 1538 2013
8668 2 2 5 1 3228 3226 3229
8669 2 2 5 1 1877 4399 4400
8670 2 2 5 1 2844 2618 4332
8671 2 2 5 1 3737 2273 5045
8672 2 2 5 1 1166 3491 4420
8673 2 2 5 1 751 348 4647
8674 2 2 5 1 2556 2555 2557
8675 2 2 5 1 4518 1305 4877
8676 2 2 5 1 3734 3731 3741
8677 2 2 5 1 2050 4319 4564
8678 2 2 5 1 1903 1901 3427
8679 2 2 5 1 1967 1985 4121
8680 2 2 5 1 559 560 4649
8681 2 2 5 1 3378 1638 4218
8682 2 2 5 1 2430 2425 2431
8683 2 2 5 1 2542 4203 4390
8684 2 2 5 1 4344 1169 4549
8685 2 2 5 1 4165 4166 4842
8686 2 2 5 1 900 4748 5221
8687 2 2 5 1 4200 2106 4561
8688 2 2 5 1 2638 4124 4694
8689 2 2 5 1 4367 1907 4657
8690 2 2 5 1 2330 2981 5324
8691 2 2 5 1 2838 2837 2877
8692 2 2 5 1 4155 4829 5186
8693 2 2 5 1 103 104 4654
8694 2 2 5 1 4193 2392 4854
8695 2 2 5 1 2481 2482 4732
8696 2 2 5 1 2558 2557 2560
8697 2 2 5 1 4563 1577 5263
8698 2 2 5 1 2512 2513 4680
8699 2 2 5 1 2188 4280 4467
8700 2 2 5 1 2172 2175 4699
8701 2 2 5 1 3495 806 4698
8702 2 2 5 1 2602 4356 5162
8703 2 2 5 1 2107 4225 4436
8704 2 2 5 1 2561 2560 3118
8705 2 2 5 1 3221 4605 4718
8706 2 2 5 1 2251 3033 4893
8707 2 2 5 1 3166 614 4545
8708 2 2 5 1 2640 3951 5236
8709 2 2 5 1 3727 3725 3737
8710 2 2 5 1 3685 4096 4097
8711 2 2 5 1 1236 1235 1362
8712 2 2 5 1 3488 3040 4662
8713 2 2 5 1 3480 3459 5290
8714 2 2 5 1 3702 3696 3704
8715 2 2 5 1 4836 1400 4837
8716 2 2 5 1 2865 2862 4663
8717 2 2 5 1 1173 1172 4562
8718 2 2 5 1 4301 3292 4602
8719 2 2 5 1 1265 1232 1266
8720 2 2 5 1 3452 4470 5105
8721 2 2 5 1 3792 4620 4893
8722 2 2 5 1 1220 4398 4816
8723 2 2 5 1 2330 2329 2331
8724 2 2 5 1 3429 3428 4993
8725 2 2 5 1 2724 2726 4681
8726 2 2 5 1 3276 3271 4738
8727 2 2 5 1 3680 3682 3698
8728 2 2 5 1 1342 1343 1490
8729 2 2 5 1 2527 4313 5057
8730 2 2 5 1 2699 2700 2701
8731 2 2 5 1 2670 2671 4148
8732 2 2 5 1 3268 3266 4280
8733 2 2 5 1 2749 1318 3363
8734 2 2 5 1 850 533 4667
8735 2 2 5 1 4288 774 5020
8736 2 2 5 1 3396 4847 4914
8737 2 2 5 1 3195 3192 4689
8738 2 2 5 1 4217 1314 4346
8739 2 2 5 1 1921 1895 4889
8740 2 2 5 1 804 3176 5245
8741 2 2 5 1 3472 3471 5070
8742 2 2 5 1 140 141 4674
8743 2 2 5 1 3336 4020 4186
8744 2 2 5 1 4549 1169 4580
8745 2 2 5 1 2955 4276 4963
8746 2 2 5 1 2072 3700 5320
8747 2 2 5 1 2332 2331 2333
8748 2 2 5 1 1895 1893 1896
8749 2 2 5 1 701 4023 4983
8750 2 2 5 1 1177 3334 4519
8751 2 2 5 1 3869 2516 5052
8752 2 2 5 1 3438 2996 4497
8753 2 2 5 1 4131 4837 5049
8754 2 2 5 1 2279 1987 4091
8755 2 2 5 1 2036 4426 5214
8756 2 2 5 1 718 3848 4676
8757 2 2 5 1 895 4250 5222
8758 2 2 5 1 2334 2333 2335
8759 2 2 5 1 1227 1226 1228
8760 2 2 5 1 1972 2910 4164
8761 2 2 5 1 1377 1303 4383
8762 2 2 5 1 1207 1181 1208
8763 2 2 5 1 2075 2613 4763
8764 2 2 5 1 3258 3256 3259
8765 2 2 5 1 1258 1357 1358
8766 2 2 5 1 4286 823 4809
8767 2 2 5 1 1132 2899 4981
8768 2 2 5 1 2336 2335 2337
8769 2 2 5 1 2501 2502 3970
8770 2 2 5 1 896 3495 4594
8771 2 2 5 1 3436 4228 5341
8772 2 2 5 1 4356 2825 5234
8773 2 2 5 1 4710 659 5293
8774 2 2 5 1 2715 2712 4260
8775 2 2 5 1 689 4177 5048
8776 2 2 5 1 132 133 4685
8777 2 2 5 1 2338 2337 2339
8778 2 2 5 1 2033 4012 5259
8779 2 2 5 1 1303 1202 1315
8780 2 2 5 1 1924 1769 1925
8781 2 2 5 1 1739 2121 5388
8782 2 2 5 1 4620 2251 4893
8783 2 2 5 1 2534 2080 4770
8784 2 2 5 1 4479 3113 5408
8785 2 2 5 1 3127 2778 4796
8786 2 2 5 1 3037 4768 5435
8787 2 2 5 1 2979 2978 3382
8788 2 2 5 1 1221 4727 4728
8789 2 2 5 1 1356 2077 5333
8790 2 2 5 1 4465 412 5200
8791 2 2 5 1 1926 1927 1928
8792 2 2 5 1 871 3900 4687
8793 2 2 5 1 3198 3197 4515
8794 2 2 5 1 1257 1256 4355
8795 2 2 5 1 1598 1761 2106
8796 2 2 5 1 7 8 4693
8797 2 2 5 1 4371 2817 4910
8798 2 2 5 1 4596 3142 5296
8799 2 2 5 1 3691 3689 3701
8800 2 2 5 1 3782 3783 3785
8801 2 2 5 1 3834 3833 4257
8802 2 2 5 1 3105 3104 4758
8803 2 2 5 1 3717 3716 3720
8804 2 2 5 1 3677 3678 3684
8805 2 2 5 1 3938 3939 5027
8806 2 2 5 1 3805 3806 5457
8807 2 2 5 1 4251 897 5365
8808 2 2 5 1 2496 2356 2978
8809 2 2 5 1 231 232 4700
8810 2 2 5 1 1984 4162 4263
8811 2 2 5 1 3694 3691 4404
8812 2 2 5 1 2139 2136 4256
8813 2 2 5 1 178 179 4701
8814 2 2 5 1 2202 2201 4368
8815 2 2 5 1 3731 3729 4428
8816 2 2 5 1 3721 3717 4406
8817 2 2 5 1 44 45 4706
8818 2 2 5 1 706 202 4702
8819 2 2 5 1 4557 2684 4558
8820 2 2 5 1 3889 4479 5408
8821 2 2 5 1 206 207 4710
8822 2 2 5 1 1145 1133 1146
8823 2 2 5 1 3291 4093 4606
8824 2 2 5 1 2397 4447 4766
8825 2 2 5 1 1436 1435 1437
8826 2 2 5 1 4262 875 4907
8827 2 2 5 1 1462 1464 1465
8828 2 2 5 1 3767 844 4712
8829 2 2 5 1 3029 3028 4906
8830 2 2 5 1 699 442 4828
8831 2 2 5 1 4742 3472 5070
8832 2 2 5 1 4723 808 5298
8833 2 2 5 1 3748 4670 5077
8834 2 2 5 1 1667 1606 4725
8835 2 2 5 1 3481 801 5095
8836 2 2 5 1 2810 4013 5244
8837 2 2 5 1 4268 2819 4628
8838 2 2 5 1 3219 3221 4718
8839 2 2 5 1 1553 1554 4915
8840 2 2 5 1 1945 1924 4801
8841 2 2 5 1 4700 728 5353
8842 2 2 5 1 2695 4285 4791
8843 2 2 5 1 2117 1388 2995
8844 2 2 5 1 3054 1237 3086
8845 2 2 5 1 1922 1723 4572
8846 2 2 5 1 892 3749 4719
8847 2 2 5 1 2645 4139 4737
8848 2 2 5 1 3313 3277 4764
8849 2 2 5 1 4334 3735 5147
8850 2 2 5 1 882 3947 4721
8851 2 2 5 1 4487 2304 5291
8852 2 2 5 1 2671 4282 5197
8853 2 2 5 1 2529 2527 5057
8854 2 2 5 1 713 4058 5083
8855 2 2 5 1 1131 1137 1138
8856 2 2 5 1 2504 2991 5016
8857 2 2 5 1 818 4758 4987
8858 2 2 5 1 2170 2172 2173
8859 2 2 5 1 3050 4364 5261
8860 2 2 5 1 4727 4825 4886
8861 2 2 5 1 4192 4193 4854
8862 2 2 5 1 2611 2600 4966
8863 2 2 5 1 1092 1209 4734
8864 2 2 5 1 1812 3491 3492
8865 2 2 5 1 2578 2577 3370
8866 2 2 5 1 220 221 4747
8867 2 2 5 1 2031 3061 4750
8868 2 2 5 1 4695 3785 4896
8869 2 2 5 1 4085 886 5285
8870 2 2 5 1 3677 3684 3690
8871 2 2 5 1 3720 3716 3736
8872 2 2 5 1 3920 4044 4794
8873 2 2 5 1 1953 1644 4760
8874 2 2 5 1 4735 3276 4738
8875 2 2 5 1 4210 2993 4910
8876 2 2 5 1 3682 3685 4443
8877 2 2 5 1 1906 2252 4100
8878 2 2 5 1 2640 4178 5456
8879 2 2 5 1 1320 1273 4217
8880 2 2 5 1 2060 3068 5123
8881 2 2 5 1 2780 2093 4312
8882 2 2 5 1 1827 1830 2548
8883 2 2 5 1 3137 3138 5369
8884 2 2 5 1 703 4224 5370
8885 2 2 5 1 4525 1999 4526
8886 2 2 5 1 2297 2946 4160
8887 2 2 5 1 1176 4399 4431
8888 2 2 5 1 2916 1885 4788
8889 2 2 5 1 3746 4987 5363
8890 2 2 5 1 4881 1996 5299
8891 2 2 5 1 871 4687 4797
8892 2 2 5 1 1968 3037 4104
8893 2 2 5 1 4639 3897 4778
8894 2 2 5 1 3678 3680 4449
8895 2 2 5 1 2897 2898 4753
8896 2 2 5 1 1238 1195 1488
8897 2 2 5 1 3997 2498 4855
8898 2 2 5 1 3083 2298 4803
8899 2 2 5 1 4473 3311 5003
8900 2 2 5 1 3122 2483 4774
8901 2 2 5 1 4044 3924 4067
8902 2 2 5 1 1979 4414 5035
8903 2 2 5 1 2797 2796 4724
8904 2 2 5 1 751 4647 4841
8905 2 2 5 1 3297 2623 4597
8906 2 2 5 1 2721 4416 4417
8907 2 2 5 1 2588 2582 3394
8908 2 2 5 1 2662 2663 4218
8909 2 2 5 1 1756 2268 2866
8910 2 2 5 1 2694 2696 4759
8911 2 2 5 1 3493 895 4753
8912 2 2 5 1 2304 3346 5291
8913 2 2 5 1 3787 3786 5062
8914 2 2 5 1 2644 1754 3365
8915 2 2 5 1 4621 706 5175
8916 2 2 5 1 1584 4264 5263
8917 2 2 5 1 2641 1817 4580
8918 2 2 5 1 4295 1988 5457
8919 2 2 5 1 2718 2716 2721
8920 2 2 5 1 535 666 5184
8921 2 2 5 1 1147 4501 4502
8922 2 2 5 1 760 5161 5330
8923 2 2 5 1 1570 1573 3372
8924 2 2 5 1 4421 1514 4422
8925 2 2 5 1 2502 2870 3970
8926 2 2 5 1 1298 1888 2046
8927 2 2 5 1 4870 1249 4901
8928 2 2 5 1 914 912 4769
8929 2 2 5 1 3699 3684 3700
8930 2 2 5 1 4181 3762 5113
8931 2 2 5 1 1267 1266 1504
8932 2 2 5 1 1230 2960 2961
8933 2 2 5 1 3219 4718 4856
8934 2 2 5 1 2738 2735 4372
8935 2 2 5 1 2262 4273 4957
8936 2 2 5 1 433 434 4771
8937 2 2 5 1 2587 4526 4527
8938 2 2 5 1 2903 2904 5175
8939 2 2 5 1 597 598 4772
8940 2 2 5 1 2764 2841 5140
8941 2 2 5 1 3704 2319 4618
8942 2 2 5 1 4257 5066 5163
8943 2 2 5 1 4081 1584 5264
8944 2 2 5 1 830 4440 5434
8945 2 2 5 1 3275 3243 3374
8946 2 2 5 1 4558 2684 4683
8947 2 2 5 1 4688 3400 5390
8948 2 2 5 1 3228 3229 3230
8949 2 2 5 1 4196 1950 4588
8950 2 2 5 1 1256 2662 4355
8951 2 2 5 1 4910 2817 5191
8952 2 2 5 1 2703 2705 2990
8953 2 2 5 1 2735 2733 2736
8954 2 2 5 1 2835 2156 3420
8955 2 2 5 1 3738 1372 4757
8956 2 2 5 1 2417 2415 2418
8957 2 2 5 1 2493 1525 4231
8958 2 2 5 1 246 247 4783
8959 2 2 5 1 1218 4493 4494
8960 2 2 5 1 2041 2785 4542
8961 2 2 5 1 3152 3154 4909
8962 2 2 5 1 4032 2157 4808
8963 2 2 5 1 850 4667 4792
8964 2 2 5 1 884 4942 5156
8965 2 2 5 1 2035 1287 5223
8966 2 2 5 1 4843 819 4894
8967 2 2 5 1 477 478 4790
8968 2 2 5 1 1298 2046 4538
8969 2 2 5 1 1358 2047 2049
8970 2 2 5 1 2829 3069 5240
8971 2 2 5 1 3994 1802 4299
8972 2 2 5 1 1299 1298 4538
8973 2 2 5 1 842 3772 4789
8974 2 2 5 1 2049 2047 3165
8975 2 2 5 1 4058 2914 5083
8976 2 2 5 1 2852 2853 2855
8977 2 2 5 1 742 4175 5345
8978 2 2 5 1 2195 3412 5208
8979 2 2 5 1 4291 1220 4928
8980 2 2 5 1 3453 2161 4845
8981 2 2 5 1 2805 2803 4337
8982 2 2 5 1 2050 2933 2934
8983 2 2 5 1 2720 2718 4425
8984 2 2 5 1 4229 993 5188
8985 2 2 5 1 2185 3085 3351
8986 2 2 5 1 1363 1362 4504
8987 2 2 5 1 2159 2939 4804
8988 2 2 5 1 3861 871 4797
8989 2 2 5 1 4734 1209 4906
8990 2 2 5 1 2317 4618 5355
8991 2 2 5 1 3852 3908 5242
8992 2 2 5 1 2721 4417 4425
8993 2 2 5 1 2884 3343 4895
8994 2 2 5 1 2824 1645 4346
8995 2 2 5 1 2423 2421 2452
8996 2 2 5 1 3451 4040 4747
8997 2 2 5 1 4056 2529 5057
8998 2 2 5 1 3746 818 4987
8999 2 2 5 1 46 47 4802
9000 2 2 5 1 733 3748 5077
9001 2 2 5 1 2659 3396 5221
9002 2 2 5 1 3457 3458 5260
9003 2 2 5 1 1872 2636 4105
9004 2 2 5 1 3951 2640 5456
9005 2 2 5 1 3984 2518 5269
9006 2 2 5 1 2160 2162 4556
9007 2 2 5 1 4413 1438 4824
9008 2 2 5 1 2972 2514 3035
9009 2 2 5 1 3273 3274 4061
9010 2 2 5 1 2489 4131 4617
9011 2 2 5 1 4080 677 4709
9012 2 2 5 1 2855 3047 4458
9013 2 2 5 1 3242 3243 3244
9014 2 2 5 1 3504 3000 5037
9015 2 2 5 1 2021 5167 5170
9016 2 2 5 1 1749 2652 4873
9017 2 2 5 1 3203 3201 3379
9018 2 2 5 1 3667 815 4808
9019 2 2 5 1 2482 3482 4872
9020 2 2 5 1 1465 1466 1469
9021 2 2 5 1 2436 2435 2437
9022 2 2 5 1 2781 4096 5113
9023 2 2 5 1 2201 3314 4368
9024 2 2 5 1 2148 2151 2609
9025 2 2 5 1 546 547 4818
9026 2 2 5 1 4476 2312 4925
9027 2 2 5 1 1549 3484 4908
9028 2 2 5 1 2659 1888 3396
9029 2 2 5 1 3000 2998 5037
9030 2 2 5 1 3444 4248 5334
9031 2 2 5 1 4643 2846 5380
9032 2 2 5 1 534 535 5184
9033 2 2 5 1 2765 4158 5237
9034 2 2 5 1 2745 2794 5056
9035 2 2 5 1 2710 3012 4260
9036 2 2 5 1 3409 4721 4973
9037 2 2 5 1 1570 1569 1571
9038 2 2 5 1 4601 229 5354
9039 2 2 5 1 2039 1278 5158
9040 2 2 5 1 3116 3115 4861
9041 2 2 5 1 3028 4281 4734
9042 2 2 5 1 4987 2491 5363
9043 2 2 5 1 2438 2437 2439
9044 2 2 5 1 2455 2394 4897
9045 2 2 5 1 2971 2525 5168
9046 2 2 5 1 548 819 4843
9047 2 2 5 1 956 4427 5038
9048 2 2 5 1 3013 1778 3348
9049 2 2 5 1 2327 4103 5327
9050 2 2 5 1 2707 2709 4982
9051 2 2 5 1 1717 1754 2096
9052 2 2 5 1 786 3912 4844
9053 2 2 5 1 2445 2439 2459
9054 2 2 5 1 2189 3351 4409
9055 2 2 5 1 3217 3219 4856
9056 2 2 5 1 718 4676 5056
9057 2 2 5 1 3723 3721 4755
9058 2 2 5 1 4111 652 4855
9059 2 2 5 1 1254 1229 4720
9060 2 2 5 1 3428 4145 4993
9061 2 2 5 1 4199 701 4983
9062 2 2 5 1 1463 4561 4568
9063 2 2 5 1 1456 1458 1459
9064 2 2 5 1 4902 758 5207
9065 2 2 5 1 3177 4235 5106
9066 2 2 5 1 354 355 4863
9067 2 2 5 1 3271 3292 4956
9068 2 2 5 1 4185 2095 4686
9069 2 2 5 1 1171 4978 5455
9070 2 2 5 1 1573 1571 1574
9071 2 2 5 1 4403 2490 4581
9072 2 2 5 1 2445 2459 3410
9073 2 2 5 1 2312 2311 4925
9074 2 2 5 1 2164 2166 2167
9075 2 2 5 1 1512 1514 4421
9076 2 2 5 1 3014 1455 4439
9077 2 2 5 1 2563 2561 4717
9078 2 2 5 1 146 147 4867
9079 2 2 5 1 4207 2022 4778
9080 2 2 5 1 2390 3465 3466
9081 2 2 5 1 3365 1754 4879
9082 2 2 5 1 2016 3448 4324
9083 2 2 5 1 1602 2120 5000
9084 2 2 5 1 4249 3908 5287
9085 2 2 5 1 1607 1645 2823
9086 2 2 5 1 2682 2684 3490
9087 2 2 5 1 878 3901 5019
9088 2 2 5 1 4597 2623 5385
9089 2 2 5 1 480 481 4874
9090 2 2 5 1 2049 3165 3166
9091 2 2 5 1 3140 1208 3141
9092 2 2 5 1 4093 3276 4735
9093 2 2 5 1 2690 2692 4876
9094 2 2 5 1 3774 4738 4956
9095 2 2 5 1 2926 2924 2989
9096 2 2 5 1 3856 4271 5204
9097 2 2 5 1 2768 2936 5008
9098 2 2 5 1 1392 2536 5418
9099 2 2 5 1 2553 2550 4754
9100 2 2 5 1 2081 2160 4255
9101 2 2 5 1 3924 3923 4784
9102 2 2 5 1 2403 2401 2404
9103 2 2 5 1 194 195 5020
9104 2 2 5 1 1812 1384 1813
9105 2 2 5 1 4489 3859 5204
9106 2 2 5 1 2920 4433 5135
9107 2 2 5 1 4186 1969 5391
9108 2 2 5 1 4307 4612 5340
9109 2 2 5 1 4584 662 5004
9110 2 2 5 1 409 410 4882
9111 2 2 5 1 3396 903 5221
9112 2 2 5 1 4373 2736 4880
9113 2 2 5 1 1767 1753 3039
9114 2 2 5 1 3075 2985 4907
9115 2 2 5 1 2961 3084 4562
9116 2 2 5 1 3366 2271 4902
9117 2 2 5 1 1718 1717 4572
9118 2 2 5 1 4506 4270 5081
9119 2 2 5 1 4429 1415 5440
9120 2 2 5 1 1183 1237 4936
9121 2 2 5 1 3398 3283 5330
9122 2 2 5 1 1436 4412 4413
9123 2 2 5 1 687 4316 5346
9124 2 2 5 1 1505 1504 4595
9125 2 2 5 1 4336 3135 4571
9126 2 2 5 1 4558 1316 4559
9127 2 2 5 1 1386 1388 1641
9128 2 2 5 1 3951 723 5236
9129 2 2 5 1 2179 3453 4851
9130 2 2 5 1 1570 3372 4875
9131 2 2 5 1 4758 3104 4987
9132 2 2 5 1 3456 3457 5260
9133 2 2 5 1 3032 3479 4954
9134 2 2 5 1 847 3792 4893
9135 2 2 5 1 2766 2768 5008
9136 2 2 5 1 2087 3438 5360
9137 2 2 5 1 4635 2452 4636
9138 2 2 5 1 2319 3704 5093
9139 2 2 5 1 3346 2304 4348
9140 2 2 5 1 2130 4557 4559
9141 2 2 5 1 176 177 4905
9142 2 2 5 1 1209 3577 4906
9143 2 2 5 1 3402 4593 5390
9144 2 2 5 1 4177 2748 5048
9145 2 2 5 1 4078 4119 4992
9146 2 2 5 1 1469 1523 4640
9147 2 2 5 1 4629 3425 5318
9148 2 2 5 1 2887 3403 5202
9149 2 2 5 1 218 219 4912
9150 2 2 5 1 2825 2261 5030
9151 2 2 5 1 2614 2620 4787
9152 2 2 5 1 3254 4301 4602
9153 2 2 5 1 4236 2396 4935
9154 2 2 5 1 3327 2586 4967
9155 2 2 5 1 2354 2356 2495
9156 2 2 5 1 1162 1121 4483
9157 2 2 5 1 2155 2139 4256
9158 2 2 5 1 4342 2142 5097
9159 2 2 5 1 2322 2988 4932
9160 2 2 5 1 4507 1146 4878
9161 2 2 5 1 2758 2484 5072
9162 2 2 5 1 1990 3439 4516
9163 2 2 5 1 1507 1513 4438
9164 2 2 5 1 2175 2501 4699
9165 2 2 5 1 1595 1647 1800
9166 2 2 5 1 1939 1937 1940
9167 2 2 5 1 1490 1343 4321
9168 2 2 5 1 3363 1318 4920
9169 2 2 5 1 3217 4856 4980
9170 2 2 5 1 4518 1750 4806
9171 2 2 5 1 1138 1333 5073
9172 2 2 5 1 1927 1925 3310
9173 2 2 5 1 488 489 4919
9174 2 2 5 1 3155 2028 4226
9175 2 2 5 1 2677 2675 2977
9176 2 2 5 1 1795 1793 1798
9177 2 2 5 1 3023 2014 4878
9178 2 2 5 1 3410 2459 3413
9179 2 2 5 1 4531 2762 5095
9180 2 2 5 1 883 3950 4918
9181 2 2 5 1 2658 2262 4957
9182 2 2 5 1 4401 3251 4403
9183 2 2 5 1 2087 1656 4927
9184 2 2 5 1 48 49 4923
9185 2 2 5 1 357 358 4924
9186 2 2 5 1 1314 4355 4743
9187 2 2 5 1 2950 1336 4931
9188 2 2 5 1 1752 1978 5437
9189 2 2 5 1 4558 2977 4904
9190 2 2 5 1 3374 3243 4868
9191 2 2 5 1 870 3892 4922
9192 2 2 5 1 4218 1638 4744
9193 2 2 5 1 2783 4078 4992
9194 2 2 5 1 696 4265 4991
9195 2 2 5 1 3998 3125 5439
9196 2 2 5 1 4743 4355 4744
9197 2 2 5 1 2257 4018 4887
9198 2 2 5 1 2544 2913 4942
9199 2 2 5 1 3098 2533 4976
9200 2 2 5 1 3207 4180 5206
9201 2 2 5 1 1247 1318 2266
9202 2 2 5 1 1275 4671 5343
9203 2 2 5 1 4313 643 5057
9204 2 2 5 1 2182 4304 4625
9205 2 2 5 1 1717 2096 4572
9206 2 2 5 1 5196 660 5220
9207 2 2 5 1 2244 2242 2793
9208 2 2 5 1 783 426 4938
9209 2 2 5 1 169 170 4944
9210 2 2 5 1 1790 1788 1791
9211 2 2 5 1 3063 3064 5415
9212 2 2 5 1 4392 1800 4393
9213 2 2 5 1 3264 3260 3353
9214 2 2 5 1 2467 2779 5389
9215 2 2 5 1 2409 2407 2468
9216 2 2 5 1 4825 2097 4886
9217 2 2 5 1 4123 2863 5170
9218 2 2 5 1 3415 4434 5239
9219 2 2 5 1 235 236 4952
9220 2 2 5 1 379 380 4953
9221 2 2 5 1 1760 4539 5079
9222 2 2 5 1 2716 2715 4415
9223 2 2 5 1 3304 808 4723
9224 2 2 5 1 2697 2695 4791
9225 2 2 5 1 3165 2614 4787
9226 2 2 5 1 2507 3469 4959
9227 2 2 5 1 886 4178 5285
9228 2 2 5 1 3935 4697 5159
9229 2 2 5 1 1936 4385 5151
9230 2 2 5 1 4770 3803 5141
9231 2 2 5 1 3548 3550 4962
9232 2 2 5 1 4829 1438 5186
9233 2 2 5 1 31 32 4961
9234 2 2 5 1 3107 4446 4818
9235 2 2 5 1 3936 3935 5159
9236 2 2 5 1 2953 4629 5318
9237 2 2 5 1 690 3805 5294
9238 2 2 5 1 21 22 4965
9239 2 2 5 1 2613 3990 4933
9240 2 2 5 1 3158 4850 5376
9241 2 2 5 1 1179 4282 4930
9242 2 2 5 1 176 4905 5012
9243 2 2 5 1 3214 3215 5108
9244 2 2 5 1 3215 3217 4980
9245 2 2 5 1 4536 1138 5073
9246 2 2 5 1 883 4918 4996
9247 2 2 5 1 1447 1449 1450
9248 2 2 5 1 4593 2116 5232
9249 2 2 5 1 1521 1519 1879
9250 2 2 5 1 1279 1270 4622
9251 2 2 5 1 3955 1262 5205
9252 2 2 5 1 2240 2238 4367
9253 2 2 5 1 3735 3734 5147
9254 2 2 5 1 2785 3492 5014
9255 2 2 5 1 1459 1460 1461
9256 2 2 5 1 4018 2263 4917
9257 2 2 5 1 4041 3782 4881
9258 2 2 5 1 4043 2842 5427
9259 2 2 5 1 2752 2754 5125
9260 2 2 5 1 4669 2808 5272
9261 2 2 5 1 3041 2404 3042
9262 2 2 5 1 1408 3984 5269
9263 2 2 5 1 3076 3377 5353
9264 2 2 5 1 671 166 4972
9265 2 2 5 1 2977 1379 4904
9266 2 2 5 1 2642 2643 5004
9267 2 2 5 1 2978 2356 4677
9268 2 2 5 1 3318 2938 4869
9269 2 2 5 1 2626 3071 5015
9270 2 2 5 1 2810 2800 4012
9271 2 2 5 1 2811 2807 4222
9272 2 2 5 1 1172 1230 4562
9273 2 2 5 1 2686 2688 4985
9274 2 2 5 1 2975 4162 4823
9275 2 2 5 1 1260 4891 5407
9276 2 2 5 1 1306 4713 5404
9277 2 2 5 1 3469 924 5402
9278 2 2 5 1 2540 2538 4991
9279 2 2 5 1 1164 4739 5448
9280 2 2 5 1 1444 1452 1979
9281 2 2 5 1 3034 4555 5197
9282 2 2 5 1 3876 4051 4926
9283 2 2 5 1 4092 2497 4469
9284 2 2 5 1 2685 2686 5033
9285 2 2 5 1 2232 2230 2233
9286 2 2 5 1 4149 2744 4245
9287 2 2 5 1 4670 2098 5077
9288 2 2 5 1 2830 4979 5103
9289 2 2 5 1 1834 4726 4727
9290 2 2 5 1 1897 1896 1898
9291 2 2 5 1 956 4959 5402
9292 2 2 5 1 4766 2758 5072
9293 2 2 5 1 4933 3990 4990
9294 2 2 5 1 2340 2339 4935
9295 2 2 5 1 1248 1247 4622
9296 2 2 5 1 1698 1817 2313
9297 2 2 5 1 1261 1142 4319
9298 2 2 5 1 4145 678 4993
9299 2 2 5 1 2266 2749 4357
9300 2 2 5 1 2986 2984 5094
9301 2 2 5 1 352 353 4995
9302 2 2 5 1 2022 4150 4778
9303 2 2 5 1 2218 2215 3164
9304 2 2 5 1 4378 2700 4791
9305 2 2 5 1 1957 2285 4241
9306 2 2 5 1 1899 1898 2497
9307 2 2 5 1 3894 883 4996
9308 2 2 5 1 1152 2947 4282
9309 2 2 5 1 3791 845 4999
9310 2 2 5 1 2304 2302 4348
9311 2 2 5 1 3833 3832 5069
9312 2 2 5 1 3061 2032 5025
9313 2 2 5 1 258 683 5006
9314 2 2 5 1 1979 1980 4322
9315 2 2 5 1 59 60 5009
9316 2 2 5 1 3216 3294 4570
9317 2 2 5 1 3816 839 5005
9318 2 2 5 1 2285 2286 4911
9319 2 2 5 1 3990 2668 4990
9320 2 2 5 1 2506 3089 5022
9321 2 2 5 1 1640 2672 3011
9322 2 2 5 1 1782 1779 3013
9323 2 2 5 1 2226 2224 2250
9324 2 2 5 1 3420 2155 3421
9325 2 2 5 1 903 900 5221
9326 2 2 5 1 175 176 5012
9327 2 2 5 1 2668 2669 5114
9328 2 2 5 1 3197 3299 3300
9329 2 2 5 1 2449 2447 4407
9330 2 2 5 1 2733 2732 4391
9331 2 2 5 1 3012 2708 4279
9332 2 2 5 1 2664 2830 5103
9333 2 2 5 1 2732 2727 4259
9334 2 2 5 1 2995 1388 4679
9335 2 2 5 1 2022 4207 4780
9336 2 2 5 1 4130 1153 4745
9337 2 2 5 1 2914 2756 5083
9338 2 2 5 1 2682 2679 2684
9339 2 2 5 1 1935 1933 3038
9340 2 2 5 1 2289 2789 2790
9341 2 2 5 1 1415 5045 5440
9342 2 2 5 1 3015 3014 4439
9343 2 2 5 1 2009 3424 3425
9344 2 2 5 1 1998 4456 5226
9345 2 2 5 1 702 351 5023
9346 2 2 5 1 2222 2220 3109
9347 2 2 5 1 1189 2134 4997
9348 2 2 5 1 2667 3431 5088
9349 2 2 5 1 1932 1930 1933
9350 2 2 5 1 2142 3477 5097
9351 2 2 5 1 3396 1888 4858
9352 2 2 5 1 4319 1150 4564
9353 2 2 5 1 949 926 5029
9354 2 2 5 1 1544 3487 4964
9355 2 2 5 1 3700 3684 4449
9356 2 2 5 1 3851 832 5337
9357 2 2 5 1 870 4922 5140
9358 2 2 5 1 2568 2566 4269
9359 2 2 5 1 1941 1940 1943
9360 2 2 5 1 4576 4090 5349
9361 2 2 5 1 1769 1767 4508
9362 2 2 5 1 1158 1145 4507
9363 2 2 5 1 1219 4405 4544
9364 2 2 5 1 2191 2189 4409
9365 2 2 5 1 2447 3410 4407
9366 2 2 5 1 1786 1784 1787
9367 2 2 5 1 4099 2001 4583
9368 2 2 5 1 1589 1591 1640
9369 2 2 5 1 1260 4653 4891
9370 2 2 5 1 3188 3186 4379
9371 2 2 5 1 3315 2687 4302
9372 2 2 5 1 542 543 5034
9373 2 2 5 1 3331 4286 4809
9374 2 2 5 1 2119 3481 5095
9375 2 2 5 1 2032 4777 5025
9376 2 2 5 1 4430 698 5290
9377 2 2 5 1 1935 3038 4503
9378 2 2 5 1 3011 4090 4576
9379 2 2 5 1 1194 4105 5313
9380 2 2 5 1 1751 1742 2511
9381 2 2 5 1 2622 4180 5137
9382 2 2 5 1 3379 3201 4515
9383 2 2 5 1 4780 1420 5406
9384 2 2 5 1 2419 2418 2420
9385 2 2 5 1 1812 3492 4675
9386 2 2 5 1 1516 1512 4421
9387 2 2 5 1 1256 1376 2662
9388 2 2 5 1 2037 4416 4900
9389 2 2 5 1 1699 1698 4648
9390 2 2 5 1 4434 2595 4814
9391 2 2 5 1 549 550 5051
9392 2 2 5 1 2878 2027 4698
9393 2 2 5 1 4225 3303 4436
9394 2 2 5 1 3943 3851 5047
9395 2 2 5 1 736 4021 5190
9396 2 2 5 1 2201 2235 3314
9397 2 2 5 1 4298 4291 4928
9398 2 2 5 1 797 3177 5106
9399 2 2 5 1 2689 3315 4283
9400 2 2 5 1 1245 1241 4920
9401 2 2 5 1 2492 3156 5149
9402 2 2 5 1 3164 2214 4212
9403 2 2 5 1 2686 4985 5033
9404 2 2 5 1 759 3966 5053
9405 2 2 5 1 3484 2042 4908
9406 2 2 5 1 710 3817 5141
9407 2 2 5 1 4133 3030 4865
9408 2 2 5 1 3142 3140 5296
9409 2 2 5 1 3844 718 5056
9410 2 2 5 1 3795 604 5042
9411 2 2 5 1 323 3823 5044
9412 2 2 5 1 3749 286 5043
9413 2 2 5 1 1437 1441 1442
9414 2 2 5 1 428 694 5058
9415 2 2 5 1 643 4056 5057
9416 2 2 5 1 2112 4106 5219
9417 2 2 5 1 3741 2536 5148
9418 2 2 5 1 2596 3453 4845
9419 2 2 5 1 3192 3191 4689
9420 2 2 5 1 4576 4608 4795
9421 2 2 5 1 80 81 5064
9422 2 2 5 1 784 3903 5067
9423 2 2 5 1 1192 1190 4741
9424 2 2 5 1 1346 1330 1499
9425 2 2 5 1 4252 896 5176
9426 2 2 5 1 4774 4776 5019
9427 2 2 5 1 1401 3877 5255
9428 2 2 5 1 208 209 5068
9429 2 2 5 1 1450 1455 3014
9430 2 2 5 1 1450 1451 1455
9431 2 2 5 1 2820 4774 5019
9432 2 2 5 1 3838 2255 5218
9433 2 2 5 1 1509 1507 4438
9434 2 2 5 1 1903 3427 4091
9435 2 2 5 1 4250 322 5044
9436 2 2 5 1 605 4251 5042
9437 2 2 5 1 287 4252 5043
9438 2 2 5 1 2214 2210 4901
9439 2 2 5 1 3266 3264 4467
9440 2 2 5 1 4850 2754 5376
9441 2 2 5 1 3078 2685 5136
9442 2 2 5 1 1572 1883 4082
9443 2 2 5 1 2709 2711 5076
9444 2 2 5 1 3762 4650 5113
9445 2 2 5 1 1374 1375 4675
9446 2 2 5 1 4239 2758 4766
9447 2 2 5 1 2530 4239 4766
9448 2 2 5 1 542 5034 5119
9449 2 2 5 1 1647 1920 4454
9450 2 2 5 1 3438 3088 5360
9451 2 2 5 1 91 92 5080
9452 2 2 5 1 3729 3727 4998
9453 2 2 5 1 2295 2294 4160
9454 2 2 5 1 3213 4772 5247
9455 2 2 5 1 3894 4996 5202
9456 2 2 5 1 1367 1366 4679
9457 2 2 5 1 5005 839 5198
9458 2 2 5 1 3027 3026 5091
9459 2 2 5 1 4434 4050 5239
9460 2 2 5 1 3654 817 5078
9461 2 2 5 1 5053 3966 5109
9462 2 2 5 1 4745 1153 4746
9463 2 2 5 1 1657 2937 5126
9464 2 2 5 1 2420 2418 2648
9465 2 2 5 1 2501 3970 3971
9466 2 2 5 1 4147 2067 5268
9467 2 2 5 1 1611 1608 4135
9468 2 2 5 1 1715 1703 4648
9469 2 2 5 1 2346 2345 4677
9470 2 2 5 1 2814 2691 4283
9471 2 2 5 1 2397 4766 5072
9472 2 2 5 1 1788 1787 4318
9473 2 2 5 1 1876 3337 5130
9474 2 2 5 1 3326 1837 5143
9475 2 2 5 1 4587 665 5378
9476 2 2 5 1 4162 3074 4823
9477 2 2 5 1 4320 1197 5459
9478 2 2 5 1 1385 1423 4153
9479 2 2 5 1 1738 1736 1750
9480 2 2 5 1 4630 2652 5142
9481 2 2 5 1 1943 1940 3008
9482 2 2 5 1 2830 2757 5436
9483 2 2 5 1 4386 3805 5457
9484 2 2 5 1 1733 1731 1735
9485 2 2 5 1 2842 2765 5237
9486 2 2 5 1 4535 1997 5299
9487 2 2 5 1 3062 2559 5280
9488 2 2 5 1 2821 2624 5246
9489 2 2 5 1 3878 2521 4984
9490 2 2 5 1 1729 1727 1992
9491 2 2 5 1 1725 1723 1922
9492 2 2 5 1 3131 4517 5382
9493 2 2 5 1 1391 1387 4165
9494 2 2 5 1 2844 4332 5283
9495 2 2 5 1 2703 2701 2705
9496 2 2 5 1 2469 2444 5235
9497 2 2 5 1 197 198 5107
9498 2 2 5 1 3197 3195 3299
9499 2 2 5 1 4196 2492 4839
9500 2 2 5 1 2028 1810 3103
9501 2 2 5 1 3966 4078 5109
9502 2 2 5 1 4469 2497 4548
9503 2 2 5 1 1636 1634 1660
9504 2 2 5 1 1632 1630 2605
9505 2 2 5 1 4021 2660 5190
9506 2 2 5 1 2411 2409 4486
9507 2 2 5 1 4242 792 5449
9508 2 2 5 1 2933 2049 3166
9509 2 2 5 1 1625 1623 1626
9510 2 2 5 1 2289 2290 2789
9511 2 2 5 1 3160 4229 5188
9512 2 2 5 1 2361 2355 4192
9513 2 2 5 1 1619 1617 1620
9514 2 2 5 1 3992 825 5111
9515 2 2 5 1 1543 3421 5131
9516 2 2 5 1 1978 3123 5212
9517 2 2 5 1 881 3815 5112
9518 2 2 5 1 3249 3246 3263
9519 2 2 5 1 1615 1613 1621
9520 2 2 5 1 781 5076 5216
9521 2 2 5 1 2953 1807 4629
9522 2 2 5 1 1797 1795 4472
9523 2 2 5 1 3400 3402 5390
9524 2 2 5 1 2196 2193 4945
9525 2 2 5 1 541 542 5119
9526 2 2 5 1 2652 3329 5142
9527 2 2 5 1 1433 1435 1436
9528 2 2 5 1 1429 1431 1438
9529 2 2 5 1 3949 3948 5156
9530 2 2 5 1 3144 3003 5203
9531 2 2 5 1 1898 1896 3311
9532 2 2 5 1 1425 1427 1439
9533 2 2 5 1 1778 1502 1833
9534 2 2 5 1 1578 1580 1581
9535 2 2 5 1 1241 1239 4920
9536 2 2 5 1 1413 1411 1489
9537 2 2 5 1 3908 4249 5242
9538 2 2 5 1 1409 1407 2264
9539 2 2 5 1 5111 825 5194
9540 2 2 5 1 1405 1403 1882
9541 2 2 5 1 1399 1397 1400
9542 2 2 5 1 1247 2266 4622
9543 2 2 5 1 1395 1393 1402
9544 2 2 5 1 684 4143 4916
9545 2 2 5 1 1934 1933 1935
9546 2 2 5 1 4475 2971 4995
9547 2 2 5 1 2845 4624 5166
9548 2 2 5 1 5156 2913 5209
9549 2 2 5 1 2247 3093 5241
9550 2 2 5 1 1574 1576 1583
9551 2 2 5 1 1778 1833 3348
9552 2 2 5 1 215 216 5139
9553 2 2 5 1 3057 3183 5405
9554 2 2 5 1 2035 4432 4880
9555 2 2 5 1 4399 1176 4451
9556 2 2 5 1 1362 3053 3055
9557 2 2 5 1 4447 2397 5060
9558 2 2 5 1 881 5112 5162
9559 2 2 5 1 3320 2278 5373
9560 2 2 5 1 3370 2577 3371
9561 2 2 5 1 2547 3474 5021
9562 2 2 5 1 2381 2379 2383
9563 2 2 5 1 2871 3032 5377
9564 2 2 5 1 2377 2375 2384
9565 2 2 5 1 2373 2371 2385
9566 2 2 5 1 1640 2612 2672
9567 2 2 5 1 2369 2367 2477
9568 2 2 5 1 1459 1461 2154
9569 2 2 5 1 3915 870 5140
9570 2 2 5 1 2867 3149 5446
9571 2 2 5 1 2365 2363 2392
9572 2 2 5 1 1541 1547 4937
9573 2 2 5 1 4121 1985 4122
9574 2 2 5 1 2673 2588 4589
9575 2 2 5 1 1918 1490 2041
9576 2 2 5 1 4122 1985 4267
9577 2 2 5 1 2274 2087 5360
9578 2 2 5 1 3361 4411 5394
9579 2 2 5 1 4246 5118 5444
9580 2 2 5 1 256 257 5207
9581 2 2 5 1 4984 2521 5255
9582 2 2 5 1 2801 2800 2810
9583 2 2 5 1 3880 3882 4960
9584 2 2 5 1 3461 3456 5260
9585 2 2 5 1 1228 1360 2670
9586 2 2 5 1 3421 4326 5131
9587 2 2 5 1 4125 3097 5181
9588 2 2 5 1 2290 2292 4480
9589 2 2 5 1 1333 1759 5073
9590 2 2 5 1 1436 4413 4824
9591 2 2 5 1 3009 3008 3010
9592 2 2 5 1 1362 3055 4504
9593 2 2 5 1 3949 5156 5209
9594 2 2 5 1 4444 2766 5008
9595 2 2 5 1 4655 2509 4705
9596 2 2 5 1 1298 1292 1888
9597 2 2 5 1 1277 1270 1279
9598 2 2 5 1 1288 1286 1650
9599 2 2 5 1 2470 2449 4407
9600 2 2 5 1 1282 1280 2002
9601 2 2 5 1 844 4306 5203
9602 2 2 5 1 3259 4401 4402
9603 2 2 5 1 3945 881 5162
9604 2 2 5 1 557 558 5173
9605 2 2 5 1 4402 4401 4403
9606 2 2 5 1 1606 1605 4725
9607 2 2 5 1 3274 3268 4280
9608 2 2 5 1 1353 1320 4217
9609 2 2 5 1 5112 3815 5270
9610 2 2 5 1 126 127 5179
9611 2 2 5 1 3091 2633 5220
9612 2 2 5 1 1442 1443 1444
9613 2 2 5 1 4642 1097 5049
9614 2 2 5 1 862 4125 5181
9615 2 2 5 1 3491 1813 4420
9616 2 2 5 1 656 435 5177
9617 2 2 5 1 191 192 5183
9618 2 2 5 1 4739 2979 4740
9619 2 2 5 1 2803 2801 4490
9620 2 2 5 1 4383 1315 4970
9621 2 2 5 1 897 3496 5018
9622 2 2 5 1 212 715 5182
9623 2 2 5 1 2415 2414 4350
9624 2 2 5 1 1455 1456 4871
9625 2 2 5 1 1444 1445 1452
9626 2 2 5 1 2405 2404 3041
9627 2 2 5 1 3238 3236 3269
9628 2 2 5 1 3234 3232 3278
9629 2 2 5 1 3242 3240 3243
9630 2 2 5 1 3214 5108 5421
9631 2 2 5 1 2550 2549 4754
9632 2 2 5 1 4050 3988 5239
9633 2 2 5 1 2581 2578 3370
9634 2 2 5 1 2432 2431 4975
9635 2 2 5 1 1557 1559 2000
9636 2 2 5 1 1229 1228 4720
9637 2 2 5 1 1538 1541 4937
9638 2 2 5 1 1563 1565 1877
9639 2 2 5 1 1567 1569 1570
9640 2 2 5 1 1919 1499 2859
9641 2 2 5 1 3945 5162 5234
9642 2 2 5 1 2121 3169 5370
9643 2 2 5 1 1314 1257 4355
9644 2 2 5 1 1705 1703 1715
9645 2 2 5 1 924 922 5402
9646 2 2 5 1 4246 4300 5118
9647 2 2 5 1 2740 2742 4245
9648 2 2 5 1 2763 3407 5357
9649 2 2 5 1 1711 1709 2026
9650 2 2 5 1 793 3911 5191
9651 2 2 5 1 1717 1713 1754
9652 2 2 5 1 825 3846 5194
9653 2 2 5 1 412 413 5200
9654 2 2 5 1 808 3493 5298
9655 2 2 5 1 98 99 5201
9656 2 2 5 1 3769 660 5196
9657 2 2 5 1 2205 2202 4368
9658 2 2 5 1 839 3755 5198
9659 2 2 5 1 4399 3372 4431
9660 2 2 5 1 2151 2259 4498
9661 2 2 5 1 4090 799 5349
9662 2 2 5 1 1813 4154 4420
9663 2 2 5 1 1985 1953 4760
9664 2 2 5 1 3191 3188 4379
9665 2 2 5 1 3215 4980 5108
9666 2 2 5 1 5060 2397 5312
9667 2 2 5 1 756 3894 5202
9668 2 2 5 1 3837 3838 5218
9669 2 2 5 1 3059 2995 4505
9670 2 2 5 1 3206 3214 5421
9671 2 2 5 1 2521 5117 5255
9672 2 2 5 1 1641 2117 4642
9673 2 2 5 1 2595 4434 5452
9674 2 2 5 1 1607 1355 1645
9675 2 2 5 1 3348 1833 4537
9676 2 2 5 1 39 781 5216
9677 2 2 5 1 4861 3115 5389
9678 2 2 5 1 2779 4861 5389
9679 2 2 5 1 2566 2563 4717
9680 2 2 5 1 1382 1384 1812
9681 2 2 5 1 2459 2439 2510
9682 2 2 5 1 568 569 5230
9683 2 2 5 1 4249 2772 5242
9684 2 2 5 1 1041 2956 5217
9685 2 2 5 1 2437 2435 3102
9686 2 2 5 1 196 648 5228
9687 2 2 5 1 1386 1370 1388
9688 2 2 5 1 1465 1469 1801
9689 2 2 5 1 4119 1765 4992
9690 2 2 5 1 1926 1925 1927
9691 2 2 5 1 2154 2943 4470
9692 2 2 5 1 4166 1641 4642
9693 2 2 5 1 676 3945 5234
9694 2 2 5 1 792 4170 5279
9695 2 2 5 1 2852 2855 3046
9696 2 2 5 1 4738 3271 4956
9697 2 2 5 1 5194 3846 5302
9698 2 2 5 1 3161 2829 5427
9699 2 2 5 1 1382 1812 4675
9700 2 2 5 1 1155 4293 5455
9701 2 2 5 1 2354 2349 2356
9702 2 2 5 1 539 540 5258
9703 2 2 5 1 222 714 5252
9704 2 2 5 1 730 3746 5363
9705 2 2 5 1 1358 2049 2050
9706 2 2 5 1 2555 2553 3357
9707 2 2 5 1 2210 2207 2212
9708 2 2 5 1 1504 3139 3142
9709 2 2 5 1 2791 2832 5257
9710 2 2 5 1 1976 4194 5187
9711 2 2 5 1 1504 1266 3139
9712 2 2 5 1 1366 1363 4504
9713 2 2 5 1 1247 1245 1318
9714 2 2 5 1 1523 2493 4640
9715 2 2 5 1 2496 2978 2979
9716 2 2 5 1 3815 740 5270
9717 2 2 5 1 3890 864 5271
9718 2 2 5 1 3794 770 5273
9719 2 2 5 1 2998 2657 5378
9720 2 2 5 1 4259 2725 4305
9721 2 2 5 1 1513 1505 4595
9722 2 2 5 1 1928 1927 2016
9723 2 2 5 1 1669 1667 1834
9724 2 2 5 1 2320 2316 4509
9725 2 2 5 1 4201 1129 4978
9726 2 2 5 1 4160 2946 4691
9727 2 2 5 1 2050 2049 2933
9728 2 2 5 1 3292 4301 4999
9729 2 2 5 1 3999 3998 5439
9730 2 2 5 1 1675 1673 2097
9731 2 2 5 1 4417 4416 4418
9732 2 2 5 1 5055 4351 5120
9733 2 2 5 1 4608 1581 4795
9734 2 2 5 1 52 53 5332
9735 2 2 5 1 1681 1679 1991
9736 2 2 5 1 262 263 5334
9737 2 2 5 1 1547 1550 1552
9738 2 2 5 1 278 279 5341
9739 2 2 5 1 1685 1683 1687
9740 2 2 5 1 2776 2191 4409
9741 2 2 5 1 3846 744 5302
9742 2 2 5 1 1690 1688 1700
9743 2 2 5 1 229 230 5354
9744 2 2 5 1 1694 1692 2531
9745 2 2 5 1 1388 1370 4679
9746 2 2 5 1 1698 1696 1817
9747 2 2 5 1 4571 3480 5290
9748 2 2 5 1 4386 2918 5294
9749 2 2 5 1 2808 3979 5272
9750 2 2 5 1 1527 1530 4940
9751 2 2 5 1 1517 1327 5425
9752 2 2 5 1 537 538 5383
9753 2 2 5 1 4193 2495 4773
9754 2 2 5 1 2117 2995 3059
9755 2 2 5 1 3460 4522 4898
9756 2 2 5 1 2966 1955 4241
9757 2 2 5 1 1228 1226 1360
9758 2 2 5 1 886 3951 5456
9759 2 2 5 1 2337 2335 2390
9760 2 2 5 1 1342 1490 1918
9761 2 2 5 1 2491 4211 5363
9762 2 2 5 1 260 261 5438
9763 2 2 5 1 2331 2329 2987
9764 2 2 5 1 3765 834 5358
9765 2 2 5 1 272 273 5441
9766 2 2 5 1 4271 2813 5204
9767 2 2 5 1 1362 1235 3053
9768 2 2 5 1 4746 1153 4981
9769 2 2 5 1 1801 1469 1802
9770 2 2 5 1 1256 1254 1376
9771 2 2 5 1 2560 2557 2834
9772 2 2 5 1 2345 2343 2396
9773 2 2 5 1 1436 1437 4412
9774 2 2 5 1 715 3821 5380
9775 2 2 5 1 2201 2199 2235
9776 2 2 5 1 1533 1535 1542
9777 2 2 5 1 1537 2013 2132
9778 2 2 5 1 660 186 5451
9779 2 2 5 1 2574 2572 2587
9780 2 2 5 1 867 3889 5408
9781 2 2 5 1 2495 2496 4773
9782 2 2 5 1 2266 1318 2749
9783 2 2 5 1 1605 1516 4421
9784 2 2 5 1 807 609 3185
9785 2 2 5 1 806 291 3305
9786 2 2 5 1 1303 1315 4383
9787 2 2 5 1 4664 2167 5423
9788 2 2 5 1 3149 4649 5446
9789 2 2 5 1 3222 3297 4323
9790 2 2 5 1 4452 4451 4812
9791 2 2 5 1 1220 4816 4928
9792 2 2 5 1 2587 4527 4988
9793 2 2 5 1 3877 4984 5255
9794 2 2 5 1 2356 2349 4677
9795 2 2 5 1 4092 3427 5169
9796 2 2 5 1 3066 3982 5345
9797 2 2 5 1 2652 4630 4873
9798 2 2 5 1 4630 2281 4873
9799 2 2 5 1 1279 4622 5122
9800 2 2 5 1 2246 2244 4645
9801 2 2 5 1 1217 1183 4936
9802 2 2 5 1 1698 2313 4648
9803 2 2 5 1 3275 3374 3375
9804 2 2 5 1 2046 1888 2659
9805 2 2 5 1 1339 4208 5395
9806 2 2 5 1 4891 1263 5407
9807 2 2 5 1 4753 2898 5298
9808 2 2 5 1 4787 2620 5245
9809 2 2 5 1 4492 2012 4806
9810 2 2 5 1 4593 2872 5390
9811 2 2 5 1 2324 2322 4932
9812 2 2 5 1 3690 3684 3699
9813 2 2 5 1 3720 3736 3738
9814 2 2 5 1 1336 1338 4931
9815 2 2 5 1 1801 1802 3994
9816 2 2 5 1 799 295 3180
9817 2 2 5 1 632 797 3335
9818 2 2 5 1 804 611 3176
9819 2 2 5 1 803 293 3178
9820 2 2 5 1 4607 2180 4922
9821 2 2 5 1 3892 4607 4922
9822 2 2 5 1 1825 4695 4896
9823 2 2 5 1 1200 1179 4930
9824 2 2 5 1 3244 3243 3275
9825 2 2 5 1 3696 3694 5093
9826 2 2 5 1 4551 2510 5409
9827 2 2 5 1 1570 1571 1573
9828 2 2 5 1 4426 1332 5214
9829 2 2 5 1 2605 1630 5243
9830 2 2 5 1 2096 1754 2644
9831 2 2 5 1 3230 3229 3285
9832 2 2 5 1 1514 1509 4438
9833 2 2 5 1 1573 1574 4478
9834 2 2 5 1 4295 776 5189
9835 2 2 5 1 2154 1461 2943
9836 2 2 5 1 661 4861 5287
9837 2 2 5 1 2990 4696 5253
9838 2 2 5 1 2823 1645 2824
9839 2 2 5 1 4049 1497 5040
9840 2 2 5 1 1294 4574 5311
9841 2 2 5 1 1812 1813 3491
9842 2 2 5 1 1978 5047 5437
9843 2 2 5 1 4413 4412 4414
9844 2 2 5 1 3465 1159 5422
9845 2 2 5 1 3394 2581 4528
9846 2 2 5 1 4327 811 5039
9847 2 2 5 1 3038 4324 5087
9848 2 2 5 1 3490 2684 4557
9849 2 2 5 1 2924 2921 5135
9850 2 2 5 1 1641 1388 2117
9851 2 2 5 1 2990 2705 4696
9852 2 2 5 1 4096 4181 5113
9853 2 2 5 1 1230 2961 4562
9854 2 2 5 1 1472 4035 5297
9855 2 2 5 1 2495 2356 2496
9856 2 2 5 1 4982 2709 5076
9857 2 2 5 1 4421 4422 5001
9858 2 2 5 1 1114 4616 5366
9859 2 2 5 1 1943 3008 3009
9860 2 2 5 1 3989 2246 4646
9861 2 2 5 1 2670 1360 2671
9862 2 2 5 1 4530 1791 4626
9863 2 2 5 1 2420 2648 2649
9864 2 2 5 1 4424 4492 4493
9865 2 2 5 1 3035 2514 4487
9866 2 2 5 1 2800 2797 4724
9867 2 2 5 1 3009 3010 4333
9868 2 2 5 1 1899 2497 5169
9869 2 2 5 1 3041 3042 4310
9870 2 2 5 1 4888 5120 5160
9871 2 2 5 1 1979 1452 1980
9872 2 2 5 1 2313 1817 2641
9873 2 2 5 1 3413 2459 4317
9874 2 2 5 1 3011 2672 4090
9875 2 2 5 1 3168 4655 4705
9876 2 2 5 1 1207 1208 4921
9877 2 2 5 1 2100 3019 4387
9878 2 2 5 1 2548 4573 4574
9879 2 2 5 1 2662 1376 2663
9880 2 2 5 1 3197 3300 4515
9881 2 2 5 1 4727 1221 4825
9882 2 2 5 1 2685 5033 5136
9883 2 2 5 1 3166 3165 5224
9884 2 2 5 1 2266 4357 5122
9885 2 2 5 1 2911 4730 4731
9886 2 2 5 1 2188 4240 5145
9887 2 2 5 1 3664 3665 5331
9888 2 2 5 1 1760 5079 5420
9889 2 2 5 1 5079 2656 5420
9890 2 2 5 1 3493 4753 5298
9891 2 2 5 1 2242 2240 4657
9892 2 2 5 1 5066 1416 5163
9893 2 2 5 1 4265 2540 4991
9894 2 2 5 1 1893 1892 5003
9895 2 2 5 1 2028 3103 4226
9896 2 2 5 1 1462 1465 4892
9897 2 2 5 1 1232 1207 4921
9898 2 2 5 1 2173 2172 4699
9899 2 2 5 1 1145 1146 4507
9900 2 2 5 1 1444 1979 5035
9901 2 2 5 1 4440 2967 5434
9902 2 2 5 1 2723 2728 4305
9903 2 2 5 1 2848 2850 4523
9904 2 2 5 1 3282 4553 5304
9905 2 2 5 1 3875 3878 4984
9906 2 2 5 1 3224 4323 4339
9907 2 2 5 1 2663 4148 4811
9908 2 2 5 1 4688 2872 4762
9909 2 2 5 1 3310 1925 4508
9910 2 2 5 1 2106 1761 4567
9911 2 2 5 1 3424 2848 4523
9912 2 2 5 1 1834 4727 4939
9913 2 2 5 1 2259 4035 4498
9914 2 2 5 1 770 4749 5273
9915 2 2 5 1 4556 4664 5423
9916 2 2 5 1 4222 2805 4337
9917 2 2 5 1 4697 1518 5159
9918 2 2 5 1 2096 2644 4501
9919 2 2 5 1 1150 1258 4564
9920 2 2 5 1 1761 1763 4567
9921 2 2 5 1 1830 1832 4573
9922 2 2 5 1 4269 1999 4525
9923 2 2 5 1 3218 4570 5344
9924 2 2 5 1 1202 1148 4566
9925 2 2 5 1 1261 4319 4986
9926 2 2 5 1 4532 2615 5138
9927 2 2 5 1 2518 5150 5269
9928 2 2 5 1 1834 1667 4725
9929 2 2 5 1 4317 2510 4551
9930 2 2 5 1 4298 4928 5243
9931 2 2 5 1 2497 4092 5169
9932 2 2 5 1 2000 1559 5361
9933 2 2 5 1 4081 4370 5146
9934 2 2 5 1 3412 2249 5208
9935 2 2 5 1 2866 2268 4444
9936 2 2 5 1 694 4529 5058
9937 2 2 5 1 2700 4378 5063
9938 2 2 5 1 2612 4392 4393
9939 2 2 5 1 1907 4367 4658
9940 2 2 5 1 4259 2036 5251
9941 2 2 5 1 864 4303 5271
9942 2 2 5 1 802 3328 4800
9943 2 2 5 1 4285 4378 4791
9944 2 2 5 1 1753 1751 4644
9945 2 2 5 1 3725 3723 5133
9946 2 2 5 1 2032 3155 4777
9947 2 2 5 1 3042 2404 4729
9948 2 2 5 1 4657 1907 5010
9949 2 2 5 1 3297 3220 5344
9950 2 2 5 1 4241 2285 4264
9951 2 2 5 1 1829 4219 5348
9952 2 2 5 1 2700 2697 4791
9953 2 2 5 1 4512 761 5292
9954 2 2 5 1 2869 4447 5060
9955 2 2 5 1 4834 2025 5109
9956 2 2 5 1 2238 2232 5032
9957 2 2 5 1 792 4146 5449
9958 2 2 5 1 3487 2877 4964
9959 2 2 5 1 3069 4510 5240
9960 2 2 5 1 1461 1462 4892
9961 2 2 5 1 2679 2677 4683
9962 2 2 5 1 3220 3218 5344
9963 2 2 5 1 4540 2512 5358
9964 2 2 5 1 2821 5065 5196
9965 2 2 5 1 4355 2662 4744
9966 2 2 5 1 2863 4150 5170
9967 2 2 5 1 1372 3738 5134
9968 2 2 5 1 3658 4085 5285
9969 2 2 5 1 2993 4371 4910
9970 2 2 5 1 4073 830 5434
9971 2 2 5 1 3229 3226 4339
9972 2 2 5 1 5120 4351 5160
9973 2 2 5 1 2742 2738 4372
9974 2 2 5 1 3299 3195 4689
9975 2 2 5 1 5231 2823 5315
9976 2 2 5 1 4427 3532 5038
9977 2 2 5 1 1548 4497 5211
9978 2 2 5 1 3032 4954 5377
9979 2 2 5 1 3138 4481 5369
9980 2 2 5 1 1474 4615 5453
9981 2 2 5 1 4561 2106 4568
9982 2 2 5 1 4244 689 5048
9983 2 2 5 1 2009 3425 4629
9984 2 2 5 1 2012 4518 4806
9985 2 2 5 1 2548 1830 4573
9986 2 2 5 1 1791 1788 4318
9987 2 2 5 1 2459 2510 4317
9988 2 2 5 1 1504 3142 4595
9989 2 2 5 1 4012 2800 4724
9990 2 2 5 1 4362 1639 5099
9991 2 2 5 1 3311 4473 5205
9992 2 2 5 1 1640 3011 4817
9993 2 2 5 1 4990 2668 5114
9994 2 2 5 1 2121 5370 5388
9995 2 2 5 1 3823 4250 5044
9996 2 2 5 1 4251 3795 5042
9997 2 2 5 1 4252 3749 5043
9998 2 2 5 1 2224 2222 4714
9999 2 2 5 1 1097 4617 5049
10000 2 2 5 1 4663 699 4828
10001 2 2 5 1 4378 4477 5063
10002 2 2 5 1 4520 3334 4849
10003 2 2 5 1 3473 4288 5020
10004 2 2 5 1 4100 2252 5429
10005 2 2 5 1 4844 3308 5016
10006 2 2 5 1 2754 4651 5376
10007 2 2 5 1 4553 2249 4603
10008 2 2 5 1 3038 1933 4751
10009 2 2 5 1 2425 2423 4633
10010 2 2 5 1 2988 2320 4509
10011 2 2 5 1 4478 2915 5375
10012 2 2 5 1 2167 5127 5423
10013 2 2 5 1 2272 4756 5154
10014 2 2 5 1 2418 2415 4350
10015 2 2 5 1 776 4151 5189
10016 2 2 5 1 4208 2072 5395
10017 2 2 5 1 4413 4414 4495
10018 2 2 5 1 1943 3009 4800
10019 2 2 5 1 4239 2530 5089
10020 2 2 5 1 2789 4480 4533
10021 2 2 5 1 4201 4743 4744
10022 2 2 5 1 3805 4386 5294
10023 2 2 5 1 3491 1166 5014
10024 2 2 5 1 3205 4171 5365
10025 2 2 5 1 1390 4429 5440
10026 2 2 5 1 2989 2924 5135
10027 2 2 5 1 3691 3701 4404
10028 2 2 5 1 2106 4567 4568
10029 2 2 5 1 1376 1254 4720
10030 2 2 5 1 4541 1324 5401
10031 2 2 5 1 3717 3720 4406
10032 2 2 5 1 3741 3731 4428
10033 2 2 5 1 3476 4536 5073
10034 2 2 5 1 4595 3142 4596
10035 2 2 5 1 2728 2720 4425
10036 2 2 5 1 4672 1234 5250
10037 2 2 5 1 4257 2535 5066
10038 2 2 5 1 3911 4910 5191
10039 2 2 5 1 4742 3127 4796
10040 2 2 5 1 2150 4742 4796
10041 2 2 5 1 3684 3678 4449
10042 2 2 5 1 1740 1738 4765
10043 2 2 5 1 1920 2878 4454
10044 2 2 5 1 2996 1551 5211
10045 2 2 5 1 3685 4097 4443
10046 2 2 5 1 4671 1275 4672
10047 2 2 5 1 4146 792 5279
10048 2 2 5 1 3346 3035 5291
10049 2 2 5 1 3698 3682 4443
10050 2 2 5 1 4501 2644 4502
10051 2 2 5 1 2376 4775 5195
10052 2 2 5 1 4433 1990 4661
10053 2 2 5 1 3680 3698 4449
10054 2 2 5 1 2881 4710 5293
10055 2 2 5 1 2401 2387 4729
10056 2 2 5 1 4566 3999 5439
10057 2 2 5 1 1471 4523 4969
10058 2 2 5 1 2166 2170 4665
10059 2 2 5 1 4346 1314 4743
10060 2 2 5 1 2220 2218 4781
10061 2 2 5 1 2736 2733 4391
10062 2 2 5 1 2423 2452 4633
10063 2 2 5 1 1802 1469 4640
10064 2 2 5 1 2162 2164 4664
10065 2 2 5 1 2210 2212 4901
10066 2 2 5 1 4615 1448 5453
10067 2 2 5 1 1438 4413 5186
10068 2 2 5 1 3294 3207 5206
10069 2 2 5 1 2314 3937 5036
10070 2 2 5 1 1892 4472 4473
10071 2 2 5 1 3113 4611 5408
10072 2 2 5 1 2721 2716 4415
10073 2 2 5 1 2735 2736 4372
10074 2 2 5 1 1892 1797 4472
10075 2 2 5 1 4280 2188 5145
10076 2 2 5 1 4217 4346 4941
10077 2 2 5 1 4255 2160 4556
10078 2 2 5 1 4659 2228 5172
10079 2 2 5 1 4170 3006 5279
10080 2 2 5 1 4270 640 5081
10081 2 2 5 1 1937 1934 4678
10082 2 2 5 1 2609 2151 4498
10083 2 2 5 1 3251 3249 4785
10084 2 2 5 1 2718 2721 4425
10085 2 2 5 1 4519 1976 5447
10086 2 2 5 1 4477 2705 5063
10087 2 2 5 1 3467 2051 5308
10088 2 2 5 1 3532 4668 4865
10089 2 2 5 1 4285 2040 4378
10090 2 2 5 1 2292 2295 4480
10091 2 2 5 1 4726 4422 4728
10092 2 2 5 1 4522 2395 4898
10093 2 2 5 1 2789 2290 4480
10094 2 2 5 1 2501 3971 4699
10095 2 2 5 1 5161 3398 5330
10096 2 2 5 1 2289 2790 4911
10097 2 2 5 1 2904 4621 5175
10098 2 2 5 1 3721 4406 4755
10099 2 2 5 1 1514 4438 5092
10100 2 2 5 1 2390 3466 5011
10101 2 2 5 1 3377 4700 5353
10102 2 2 5 1 3357 2553 4754
10103 2 2 5 1 1443 4394 5028
10104 2 2 5 1 4357 3521 5122
10105 2 2 5 1 1451 4328 5071
10106 2 2 5 1 4439 1455 4871
10107 2 2 5 1 1274 4526 5300
10108 2 2 5 1 1934 1935 4678
10109 2 2 5 1 1465 1801 4892
10110 2 2 5 1 4280 3266 4467
10111 2 2 5 1 2414 2411 4486
10112 2 2 5 1 4504 3055 4505
10113 2 2 5 1 2648 4350 4351
10114 2 2 5 1 4559 1269 5180
10115 2 2 5 1 3783 4656 4896
10116 2 2 5 1 1580 1585 4795
10117 2 2 5 1 3421 2155 4256
10118 2 2 5 1 5037 2998 5378
10119 2 2 5 1 665 5037 5378
10120 2 2 5 1 2431 4633 4634
10121 2 2 5 1 4178 886 5456
10122 2 2 5 1 2675 2673 5129
10123 2 2 5 1 4048 4049 5040
10124 2 2 5 1 1445 1447 4703
10125 2 2 5 1 3734 3741 5148
10126 2 2 5 1 4574 1294 5090
10127 2 2 5 1 4727 4886 4939
10128 2 2 5 1 3689 4045 5041
10129 2 2 5 1 4020 2929 4690
10130 2 2 5 1 4330 2062 5075
10131 2 2 5 1 3785 3783 4896
10132 2 2 5 1 2824 4978 5315
10133 2 2 5 1 1544 4964 5336
10134 2 2 5 1 1450 3014 4703
10135 2 2 5 1 1456 1459 4871
10136 2 2 5 1 4211 730 5363
10137 2 2 5 1 4346 1645 4941
10138 2 2 5 1 4481 780 4977
10139 2 2 5 1 4180 2617 5137
10140 2 2 5 1 3260 3259 5364
10141 2 2 5 1 1488 1195 4741
10142 2 2 5 1 1364 4556 5423
10143 2 2 5 1 1266 1232 4921
10144 2 2 5 1 1793 1790 5110
10145 2 2 5 1 4052 3869 5052
10146 2 2 5 1 3373 5231 5315
10147 2 2 5 1 1236 3058 5250
10148 2 2 5 1 1228 2670 4720
10149 2 2 5 1 2407 2405 4722
10150 2 2 5 1 1437 1442 4412
10151 2 2 5 1 2865 4663 4828
10152 2 2 5 1 1901 1899 5169
10153 2 2 5 1 3727 3737 4998
10154 2 2 5 1 3086 1237 5274
10155 2 2 5 1 4556 2162 4664
10156 2 2 5 1 5046 1295 5311
10157 2 2 5 1 1318 1245 4920
10158 2 2 5 1 1925 1769 4508
10159 2 2 5 1 2721 4415 4416
10160 2 2 5 1 4372 2736 4373
10161 2 2 5 1 2790 2789 4563
10162 2 2 5 1 1195 1192 4741
10163 2 2 5 1 4015 2646 5265
10164 2 2 5 1 1763 2953 4567
10165 2 2 5 1 1919 2859 5106
10166 2 2 5 1 4774 2483 4776
10167 2 2 5 1 1258 1358 4564
10168 2 2 5 1 4511 1323 4696
10169 2 2 5 1 1575 4081 5264
10170 2 2 5 1 1832 3150 4573
10171 2 2 5 1 4135 2823 5231
10172 2 2 5 1 4799 3275 4883
10173 2 2 5 1 2167 2166 4665
10174 2 2 5 1 2891 4137 5342
10175 2 2 5 1 3741 4428 4429
10176 2 2 5 1 1930 1928 4751
10177 2 2 5 1 2435 2432 4975
10178 2 2 5 1 2801 2810 4490
10179 2 2 5 1 1452 1445 4703
10180 2 2 5 1 4755 4406 4756
10181 2 2 5 1 3782 3785 4881
10182 2 2 5 1 1315 1202 4566
10183 2 2 5 1 1206 4469 4548
10184 2 2 5 1 2452 2421 5249
10185 2 2 5 1 4428 3729 4998
10186 2 2 5 1 2027 4594 4698
10187 2 2 5 1 4528 1317 5082
10188 2 2 5 1 1764 4363 5084
10189 2 2 5 1 4301 3398 5161
10190 2 2 5 1 2648 2418 4350
10191 2 2 5 1 1571 4082 5275
10192 2 2 5 1 4665 2173 4666
10193 2 2 5 1 949 5029 5394
10194 2 2 5 1 2701 2700 5063
10195 2 2 5 1 3821 4643 5380
10196 2 2 5 1 1784 1782 4767
10197 2 2 5 1 4089 2460 5276
10198 2 2 5 1 4267 1985 4760
10199 2 2 5 1 4652 3701 5041
10200 2 2 5 1 3704 3696 5093
10201 2 2 5 1 1226 1200 4930
10202 2 2 5 1 4337 2803 4490
10203 2 2 5 1 1742 1740 4793
10204 2 2 5 1 3008 1940 4678
10205 2 2 5 1 1800 1647 4454
10206 2 2 5 1 1338 1342 4931
10207 2 2 5 1 4636 2452 5249
10208 2 2 5 1 2329 2324 4932
10209 2 2 5 1 2813 4489 5204
10210 2 2 5 1 2286 2289 4911
10211 2 2 5 1 1235 1217 4936
10212 2 2 5 1 1290 1288 4847
10213 2 2 5 1 4978 1129 5455
10214 2 2 5 1 4464 1829 5348
10215 2 2 5 1 1795 1798 4472
10216 2 2 5 1 4530 1798 5110
10217 2 2 5 1 2779 4249 5287
10218 2 2 5 1 3264 3353 4467
10219 2 2 5 1 3694 4404 5093
10220 2 2 5 1 3737 3725 5133
10221 2 2 5 1 1767 3039 4508
10222 2 2 5 1 2405 3041 4722
10223 2 2 5 1 1574 1583 4478
10224 2 2 5 1 3246 3244 4799
10225 2 2 5 1 4326 1534 5131
10226 2 2 5 1 1547 1552 4937
10227 2 2 5 1 4104 3037 5435
10228 2 2 5 1 1530 1533 4940
10229 2 2 5 1 1586 1589 4817
10230 2 2 5 1 1736 1733 4805
10231 2 2 5 1 1731 1729 4807
10232 2 2 5 1 1727 1725 4810
10233 2 2 5 1 4051 3875 5314
10234 2 2 5 1 1810 1636 4813
10235 2 2 5 1 2212 4870 4901
10236 2 2 5 1 1634 1632 4815
10237 2 2 5 1 1673 1671 4886
10238 2 2 5 1 1623 1619 4819
10239 2 2 5 1 1617 1615 4822
10240 2 2 5 1 4186 4020 4690
10241 2 2 5 1 1431 1433 4824
10242 2 2 5 1 1576 1578 4830
10243 2 2 5 1 1427 1429 4829
10244 2 2 5 1 1613 1611 4827
10245 2 2 5 1 1502 1413 4831
10246 2 2 5 1 3232 3230 4857
10247 2 2 5 1 801 4531 5095
10248 2 2 5 1 1411 1409 4832
10249 2 2 5 1 4306 3144 5203
10250 2 2 5 1 1407 1405 4833
10251 2 2 5 1 1403 1399 4835
10252 2 2 5 1 1423 1425 4838
10253 2 2 5 1 2409 2468 4486
10254 2 2 5 1 2643 4584 5004
10255 2 2 5 1 1393 1391 4842
10256 2 2 5 1 2379 2377 4846
10257 2 2 5 1 2375 2373 4848
10258 2 2 5 1 2371 2369 4852
10259 2 2 5 1 2367 2365 4853
10260 2 2 5 1 4131 4836 4837
10261 2 2 5 1 2363 2361 4854
10262 2 2 5 1 1237 1156 5274
10263 2 2 5 1 1292 1290 4858
10264 2 2 5 1 1280 1277 4859
10265 2 2 5 1 896 4594 5176
10266 2 2 5 1 4594 2635 5176
10267 2 2 5 1 2980 4342 5157
10268 2 2 5 1 4257 3833 5121
10269 2 2 5 1 666 5022 5184
10270 2 2 5 1 5117 1398 5255
10271 2 2 5 1 1834 4725 4726
10272 2 2 5 1 2525 4630 5168
10273 2 2 5 1 1928 2016 4751
10274 2 2 5 1 4433 2989 5135
10275 2 2 5 1 2478 4242 5449
10276 2 2 5 1 2343 2340 4935
10277 2 2 5 1 5069 2537 5121
10278 2 2 5 1 2468 4722 4888
10279 2 2 5 1 1397 1395 5124
10280 2 2 5 1 2199 2196 4945
10281 2 2 5 1 4797 2707 4982
10282 2 2 5 1 4612 1284 5340
10283 2 2 5 1 4776 878 5019
10284 2 2 5 1 2431 4634 4975
10285 2 2 5 1 1156 1096 5274
10286 2 2 5 1 4428 1415 4429
10287 2 2 5 1 3236 3234 4866
10288 2 2 5 1 3240 3238 4868
10289 2 2 5 1 2609 4498 4499
10290 2 2 5 1 1790 1791 5110
10291 2 2 5 1 4617 4131 5049
10292 2 2 5 1 1459 2154 4871
10293 2 2 5 1 4381 2897 5222
10294 2 2 5 1 2581 3370 4528
10295 2 2 5 1 2588 3394 4589
10296 2 2 5 1 2866 4444 5307
10297 2 2 5 1 1638 4201 4744
10298 2 2 5 1 2431 2425 4633
10299 2 2 5 1 4184 2023 5266
10300 2 2 5 1 4403 3251 4785
10301 2 2 5 1 2913 4410 5209
10302 2 2 5 1 3427 1901 5169
10303 2 2 5 1 4422 1514 5092
10304 2 2 5 1 1565 1567 4875
10305 2 2 5 1 1554 1557 4915
10306 2 2 5 1 2877 2837 4860
10307 2 2 5 1 4415 4899 4900
10308 2 2 5 1 1976 4520 4821
10309 2 2 5 1 2250 4715 5061
10310 2 2 5 1 5 4506 5081
10311 2 2 5 1 4264 2285 4911
10312 2 2 5 1 1713 1711 4879
10313 2 2 5 1 2796 4149 4798
10314 2 2 5 1 4624 3285 5166
10315 2 2 5 1 4707 1707 5326
10316 2 2 5 1 3311 1896 5003
10317 2 2 5 1 2467 4325 5281
10318 2 2 5 1 803 3178 4733
10319 2 2 5 1 4511 2039 5158
10320 2 2 5 1 1896 1893 5003
10321 2 2 5 1 2521 4960 5117
10322 2 2 5 1 3723 4755 5133
10323 2 2 5 1 4394 2866 5028
10324 2 2 5 1 1945 4801 5059
10325 2 2 5 1 4801 3422 5059
10326 2 2 5 1 4325 2467 5389
10327 2 2 5 1 4189 1774 4903
10328 2 2 5 1 4644 2511 4713
10329 2 2 5 1 4594 3495 4698
10330 2 2 5 1 3701 3689 5041
10331 2 2 5 1 5121 2537 5426
10332 2 2 5 1 5159 1518 5454
10333 2 2 5 1 4103 2326 5327
10334 2 2 5 1 4389 3949 5209
10335 2 2 5 1 4622 2266 5122
10336 2 2 5 1 3738 3736 5134
10337 2 2 5 1 3275 3375 4883
10338 2 2 5 1 2252 4101 5429
10339 2 2 5 1 3371 2577 4988
10340 2 2 5 1 4860 1532 5116
10341 2 2 5 1 4595 4596 5098
10342 2 2 5 1 4724 4798 5259
10343 2 2 5 1 1379 5082 5309
10344 2 2 5 1 3115 4325 5389
10345 2 2 5 1 4272 2548 5090
10346 2 2 5 1 2619 4597 5385
10347 2 2 5 1 2244 2793 4645
10348 2 2 5 1 2250 4714 4715
10349 2 2 5 1 4324 1377 5087
10350 2 2 5 1 4658 4367 5032
10351 2 2 5 1 2170 2173 4665
10352 2 2 5 1 5047 3851 5337
10353 2 2 5 1 4721 3947 4973
10354 2 2 5 1 1157 5278 5412
10355 2 2 5 1 5082 1317 5309
10356 2 2 5 1 4341 3282 5304
10357 2 2 5 1 4815 2605 4816
10358 2 2 5 1 4456 1244 5226
10359 2 2 5 1 3039 1753 4644
10360 2 2 5 1 799 4090 5178
10361 2 2 5 1 2479 3497 5277
10362 2 2 5 1 2965 4576 5349
10363 2 2 5 1 2003 4320 5459
10364 2 2 5 1 2789 4533 4563
10365 2 2 5 1 4269 2566 4717
10366 2 2 5 1 2715 4260 4899
10367 2 2 5 1 4651 835 5376
10368 2 2 5 1 2164 2167 4664
10369 2 2 5 1 4865 3030 5038
10370 2 2 5 1 2233 4658 5032
10371 2 2 5 1 4212 2214 4901
10372 2 2 5 1 2793 2242 4657
10373 2 2 5 1 3244 3275 4799
10374 2 2 5 1 698 4571 5290
10375 2 2 5 1 4831 1489 4885
10376 2 2 5 1 1355 1353 4941
10377 2 2 5 1 1750 4805 4806
10378 2 2 5 1 4090 2672 5178
10379 2 2 5 1 4416 4415 4900
10380 2 2 5 1 2240 4367 4657
10381 2 2 5 1 4835 1400 4836
10382 2 2 5 1 4109 1354 5333
10383 2 2 5 1 5023 2971 5168
10384 2 2 5 1 2644 3365 4955
10385 2 2 5 1 3690 4652 5041
10386 2 2 5 1 2648 4351 5055
10387 2 2 5 1 4848 2385 4849
10388 2 2 5 1 2649 2648 5055
10389 2 2 5 1 4418 2037 5367
10390 2 2 5 1 1160 4519 5447
10391 2 2 5 1 1751 2511 4644
10392 2 2 5 1 4166 4642 5049
10393 2 2 5 1 2705 2701 5063
10394 2 2 5 1 1940 1937 4678
10395 2 2 5 1 2977 2675 5129
10396 2 2 5 1 2510 2439 5031
10397 2 2 5 1 2677 2977 4683
10398 2 2 5 1 4367 2238 5032
10399 2 2 5 1 4847 1650 4914
10400 2 2 5 1 2232 2233 5032
10401 2 2 5 1 3357 4754 4950
10402 2 2 5 1 4061 3274 5144
10403 2 2 5 1 4672 3058 5127
10404 2 2 5 1 4279 2990 5193
10405 2 2 5 1 3861 4797 4982
10406 2 2 5 1 2684 2679 4683
10407 2 2 5 1 4691 2946 5099
10408 2 2 5 1 2536 4429 5418
10409 2 2 5 1 1358 2050 4564
10410 2 2 5 1 2228 2226 5172
10411 2 2 5 1 1364 4255 4556
10412 2 2 5 1 2177 4569 5132
10413 2 2 5 1 3004 4464 5348
10414 2 2 5 1 2207 2205 4968
10415 2 2 5 1 1798 1793 5110
10416 2 2 5 1 3139 1266 4921
10417 2 2 5 1 3102 2435 4975
10418 2 2 5 1 4696 1323 5253
10419 2 2 5 1 1892 4473 5003
10420 2 2 5 1 2933 3166 4545
10421 2 2 5 1 1782 3013 4767
10422 2 2 5 1 2537 5148 5426
10423 2 2 5 1 3459 4430 5290
10424 2 2 5 1 2250 2224 4714
10425 2 2 5 1 2943 1461 4892
10426 2 2 5 1 1447 1450 4703
10427 2 2 5 1 1316 4558 4904
10428 2 2 5 1 2222 3109 4714
10429 2 2 5 1 799 3180 5349
10430 2 2 5 1 4451 1176 4812
10431 2 2 5 1 1671 1669 4939
10432 2 2 5 1 4385 2822 5151
10433 2 2 5 1 1419 4222 4337
10434 2 2 5 1 2421 2420 5249
10435 2 2 5 1 4457 2755 5262
10436 2 2 5 1 2246 4645 4646
10437 2 2 5 1 2404 2401 4729
10438 2 2 5 1 2915 4431 5375
10439 2 2 5 1 1683 1681 4943
10440 2 2 5 1 4610 3834 5163
10441 2 2 5 1 4212 1249 5229
10442 2 2 5 1 1688 1685 4946
10443 2 2 5 1 2518 5052 5150
10444 2 2 5 1 2468 2407 4722
10445 2 2 5 1 2115 4067 5192
10446 2 2 5 1 3230 3285 4857
10447 2 2 5 1 1692 1690 4947
10448 2 2 5 1 2070 5086 5458
10449 2 2 5 1 4411 949 5394
10450 2 2 5 1 3259 4402 5364
10451 2 2 5 1 4576 2965 4608
10452 2 2 5 1 1696 1694 4951
10453 2 2 5 1 1988 4386 5457
10454 2 2 5 1 3109 2220 4781
10455 2 2 5 1 1738 1750 4765
10456 2 2 5 1 4343 2464 5445
10457 2 2 5 1 2472 4254 5400
10458 2 2 5 1 4785 3263 4786
10459 2 2 5 1 4900 2038 5254
10460 2 2 5 1 4377 2074 5413
10461 2 2 5 1 2852 3046 4969
10462 2 2 5 1 2079 4363 5443
10463 2 2 5 1 2218 3164 4781
10464 2 2 5 1 1933 1930 4751
10465 2 2 5 1 4650 2781 5113
10466 2 2 5 1 786 4844 5016
10467 2 2 5 1 4370 2966 5146
10468 2 2 5 1 4432 2035 5223
10469 2 2 5 1 3249 3263 4785
10470 2 2 5 1 4158 2017 5185
10471 2 2 5 1 4105 2636 5313
10472 2 2 5 1 1360 1226 4930
10473 2 2 5 1 2064 4060 5414
10474 2 2 5 1 2946 4362 5099
10475 2 2 5 1 3833 5069 5121
10476 2 2 5 1 1342 1918 4931
10477 2 2 5 1 2987 2329 4932
10478 2 2 5 1 4724 2796 4798
10479 2 2 5 1 2823 2824 5315
10480 2 2 5 1 3834 4257 5163
10481 2 2 5 1 5028 2866 5307
10482 2 2 5 1 1733 1735 4805
10483 2 2 5 1 1581 1580 4795
10484 2 2 5 1 3053 1235 4936
10485 2 2 5 1 1729 1992 4807
10486 2 2 5 1 5134 1497 5303
10487 2 2 5 1 1787 1784 4767
10488 2 2 5 1 1725 1922 4810
10489 2 2 5 1 2877 4860 5116
10490 2 2 5 1 3015 4439 4948
10491 2 2 5 1 2673 4589 5129
10492 2 2 5 1 1636 1660 4813
10493 2 2 5 1 2226 2250 5172
10494 2 2 5 1 2273 4756 5387
10495 2 2 5 1 1632 2605 4815
10496 2 2 5 1 2629 4352 5347
10497 2 2 5 1 1619 1620 4819
10498 2 2 5 1 1615 1621 4822
10499 2 2 5 1 1533 1542 4940
10500 2 2 5 1 2612 4393 4733
10501 2 2 5 1 2261 4918 5030
10502 2 2 5 1 2511 1742 4793
10503 2 2 5 1 1583 1576 4830
10504 2 2 5 1 2132 2013 4903
10505 2 2 5 1 1438 1431 4824
10506 2 2 5 1 1439 1427 4829
10507 2 2 5 1 2315 4588 5284
10508 2 2 5 1 1413 1489 4831
10509 2 2 5 1 1409 2264 4832
10510 2 2 5 1 1405 1882 4833
10511 2 2 5 1 2834 2557 5054
10512 2 2 5 1 2508 4066 5305
10513 2 2 5 1 1399 1400 4835
10514 2 2 5 1 3532 4865 5038
10515 2 2 5 1 1537 2132 5002
10516 2 2 5 1 4908 1545 5288
10517 2 2 5 1 1550 1553 5215
10518 2 2 5 1 1395 1402 5124
10519 2 2 5 1 832 4934 5337
10520 2 2 5 1 1611 4135 4827
10521 2 2 5 1 5045 2273 5387
10522 2 2 5 1 1513 4595 5098
10523 2 2 5 1 2377 2384 4846
10524 2 2 5 1 3263 3246 4799
10525 2 2 5 1 4413 4495 5186
10526 2 2 5 1 2373 2385 4848
10527 2 2 5 1 2369 2477 4852
10528 2 2 5 1 1589 1640 4817
10529 2 2 5 1 2365 2392 4853
10530 2 2 5 1 3125 4115 5439
10531 2 2 5 1 4153 1423 4838
10532 2 2 5 1 1750 1736 4805
10533 2 2 5 1 4337 4490 4708
10534 2 2 5 1 1735 1731 4807
10535 2 2 5 1 2577 2574 4988
10536 2 2 5 1 1992 1727 4810
10537 2 2 5 1 1288 1650 4847
10538 2 2 5 1 2420 2649 5249
10539 2 2 5 1 1351 4535 5299
10540 2 2 5 1 3103 1810 4813
10541 2 2 5 1 1391 4165 4842
10542 2 2 5 1 4312 1340 5210
10543 2 2 5 1 4101 1250 5429
10544 2 2 5 1 1660 1634 4815
10545 2 2 5 1 2636 4317 4551
10546 2 2 5 1 1626 1623 4819
10547 2 2 5 1 2097 1673 4886
10548 2 2 5 1 1620 1617 4822
10549 2 2 5 1 4978 1171 5315
10550 2 2 5 1 3141 4507 4878
10551 2 2 5 1 4918 3950 5030
10552 2 2 5 1 1433 1436 4824
10553 2 2 5 1 1621 1613 4827
10554 2 2 5 1 1429 1438 4829
10555 2 2 5 1 1578 1581 4830
10556 2 2 5 1 4899 2038 4900
10557 2 2 5 1 1833 1502 4831
10558 2 2 5 1 4739 1120 5448
10559 2 2 5 1 4964 2877 5116
10560 2 2 5 1 1489 1411 4832
10561 2 2 5 1 2264 1407 4833
10562 2 2 5 1 1882 1403 4835
10563 2 2 5 1 1277 1279 4859
10564 2 2 5 1 1425 1439 4838
10565 2 2 5 1 3278 3232 4857
10566 2 2 5 1 5459 1197 5460
10567 2 2 5 1 1402 1393 4842
10568 2 2 5 1 2396 2343 4935
10569 2 2 5 1 2383 2379 4846
10570 2 2 5 1 2384 2375 4848
10571 2 2 5 1 2235 2199 4945
10572 2 2 5 1 2385 2371 4852
10573 2 2 5 1 1419 4337 4708
10574 2 2 5 1 2477 2367 4853
10575 2 2 5 1 2361 4192 4854
10576 2 2 5 1 1400 1397 5124
10577 2 2 5 1 2392 2363 4854
10578 2 2 5 1 1888 1292 4858
10579 2 2 5 1 2897 4753 5222
10580 2 2 5 1 2002 1280 4859
10581 2 2 5 1 798 613 5224
10582 2 2 5 1 2636 4551 5313
10583 2 2 5 1 4553 3419 5316
10584 2 2 5 1 4082 4081 5275
10585 2 2 5 1 2273 4755 4756
10586 2 2 5 1 3269 3236 4866
10587 2 2 5 1 3243 3240 4868
10588 2 2 5 1 5147 3734 5148
10589 2 2 5 1 1567 1570 4875
10590 2 2 5 1 4861 2779 5287
10591 2 2 5 1 3234 3278 4866
10592 2 2 5 1 3238 3269 4868
10593 2 2 5 1 1754 1713 4879
10594 2 2 5 1 1791 4530 5110
10595 2 2 5 1 4611 867 5408
10596 2 2 5 1 2108 4183 5282
10597 2 2 5 1 4695 1321 5164
10598 2 2 5 1 4415 2715 4899
10599 2 2 5 1 834 4540 5358
10600 2 2 5 1 1877 1565 4875
10601 2 2 5 1 1339 5395 5396
10602 2 2 5 1 3875 4984 5314
10603 2 2 5 1 2850 2852 4969
10604 2 2 5 1 1817 1696 4951
10605 2 2 5 1 2531 1692 4947
10606 2 2 5 1 1700 1688 4946
10607 2 2 5 1 1720 4688 4762
10608 2 2 5 1 1687 1683 4943
10609 2 2 5 1 1711 2026 4879
10610 2 2 5 1 1535 1537 5002
10611 2 2 5 1 4087 2277 5386
10612 2 2 5 1 2077 4109 5333
10613 2 2 5 1 1645 1355 4941
10614 2 2 5 1 1134 4502 4955
10615 2 2 5 1 4839 2492 5149
10616 2 2 5 1 2212 2207 4968
10617 2 2 5 1 2880 4577 5292
10618 2 2 5 1 4904 1379 5309
10619 2 2 5 1 1557 2000 4915
10620 2 2 5 1 3118 2560 5007
10621 2 2 5 1 2754 4850 5125
10622 2 2 5 1 817 4929 5078
10623 2 2 5 1 4929 2656 5078
10624 2 2 5 1 4470 2943 5105
10625 2 2 5 1 2468 4888 5160
10626 2 2 5 1 5208 2249 5317
10627 2 2 5 1 2255 4673 5218
10628 2 2 5 1 4387 3019 5096
10629 2 2 5 1 1552 1550 5215
10630 2 2 5 1 5152 1993 5153
10631 2 2 5 1 2549 2470 5026
10632 2 2 5 1 2339 2337 5011
10633 2 2 5 1 2635 4719 5176
10634 2 2 5 1 4999 4301 5161
10635 2 2 5 1 3791 4999 5161
10636 2 2 5 1 3164 4212 5128
10637 2 2 5 1 4555 2671 5197
10638 2 2 5 1 4414 4412 5035
10639 2 2 5 1 4470 1022 4948
10640 2 2 5 1 2534 4770 5141
10641 2 2 5 1 4816 2605 4928
10642 2 2 5 1 1282 2002 5340
10643 2 2 5 1 1474 4444 5008
10644 2 2 5 1 4837 1400 5124
10645 2 2 5 1 2657 4587 5378
10646 2 2 5 1 1353 4217 4941
10647 2 2 5 1 5137 2617 5138
10648 2 2 5 1 5052 2516 5150
10649 2 2 5 1 2535 4257 5121
10650 2 2 5 1 4850 2213 5125
10651 2 2 5 1 3370 3371 5335
10652 2 2 5 1 1740 4765 4793
10653 2 2 5 1 2181 4788 5286
10654 2 2 5 1 5240 4043 5427
10655 2 2 5 1 2829 5240 5427
10656 2 2 5 1 4753 895 5222
10657 2 2 5 1 2557 2555 5054
10658 2 2 5 1 5040 1497 5134
10659 2 2 5 1 3015 4948 4949
10660 2 2 5 1 4503 3038 5087
10661 2 2 5 1 1669 1834 4939
10662 2 2 5 1 1284 1282 5340
10663 2 2 5 1 4302 3490 5225
10664 2 2 5 1 2205 4368 4968
10665 2 2 5 1 1707 1705 5326
10666 2 2 5 1 1681 1991 4943
10667 2 2 5 1 1705 1715 5326
10668 2 2 5 1 1685 1687 4946
10669 2 2 5 1 1690 1700 4947
10670 2 2 5 1 1171 3373 5315
10671 2 2 5 1 1694 2531 4951
10672 2 2 5 1 4499 1457 5071
10673 2 2 5 1 4012 4724 5259
10674 2 2 5 1 4502 2644 4955
10675 2 2 5 1 2250 5061 5172
10676 2 2 5 1 2056 4136 5338
10677 2 2 5 1 4880 4391 5213
10678 2 2 5 1 2439 2437 5031
10679 2 2 5 1 1974 5055 5120
10680 2 2 5 1 4495 4414 5024
10681 2 2 5 1 2842 5237 5306
10682 2 2 5 1 3466 3465 5422
10683 2 2 5 1 1402 4837 5124
10684 2 2 5 1 2518 4052 5052
10685 2 2 5 1 5259 2034 5401
10686 2 2 5 1 2548 4574 5090
10687 2 2 5 1 4490 2810 5244
10688 2 2 5 1 5226 1244 5227
10689 2 2 5 1 2574 2587 4988
10690 2 2 5 1 5010 1295 5046
10691 2 2 5 1 3736 4048 5040
10692 2 2 5 1 4404 2319 5093
10693 2 2 5 1 4045 3690 5041
10694 2 2 5 1 1573 4478 5375
10695 2 2 5 1 4013 2033 5322
10696 2 2 5 1 4551 5409 5432
10697 2 2 5 1 3012 4279 5193
10698 2 2 5 1 2793 4657 5010
10699 2 2 5 1 1542 1535 5002
10700 2 2 5 1 4713 2511 4877
10701 2 2 5 1 2560 2834 5007
10702 2 2 5 1 5164 1321 5165
10703 2 2 5 1 2732 4259 5251
10704 2 2 5 1 2337 2390 5011
10705 2 2 5 1 3353 3260 5364
10706 2 2 5 1 1975 4310 5301
10707 2 2 5 1 4726 4725 5001
10708 2 2 5 1 2437 3102 5031
10709 2 2 5 1 2511 4793 4877
10710 2 2 5 1 4391 2732 5251
10711 2 2 5 1 1290 4847 4858
10712 2 2 5 1 1715 5118 5326
10713 2 2 5 1 4942 2913 5156
10714 2 2 5 1 4812 1176 4994
10715 2 2 5 1 1221 5267 5419
10716 2 2 5 1 4888 1975 5120
10717 2 2 5 1 1605 4421 5001
10718 2 2 5 1 2649 4636 5249
10719 2 2 5 1 4570 2623 5344
10720 2 2 5 1 4950 1875 5074
10721 2 2 5 1 5047 1978 5212
10722 2 2 5 1 3943 5047 5212
10723 2 2 5 1 3736 5040 5134
10724 2 2 5 1 1442 1444 5035
10725 2 2 5 1 5187 1164 5447
10726 2 2 5 1 4813 1660 5085
10727 2 2 5 1 5036 1510 5100
10728 2 2 5 1 5045 1389 5440
10729 2 2 5 1 1317 4528 5335
10730 2 2 5 1 4725 1605 5001
10731 2 2 5 1 2072 5321 5395
10732 2 2 5 1 2470 4407 5026
10733 2 2 5 1 3371 4862 5335
10734 2 2 5 1 4748 2659 5221
10735 2 2 5 1 5120 1975 5248
10736 2 2 5 1 5148 2536 5426
10737 2 2 5 1 2555 3357 5054
10738 2 2 5 1 4523 2850 4969
10739 2 2 5 1 3366 4902 5207
10740 2 2 5 1 4429 1390 5418
10741 2 2 5 1 5018 3205 5365
10742 2 2 5 1 4495 4155 5186
10743 2 2 5 1 4444 1474 5307
10744 2 2 5 1 5316 2194 5317
10745 2 2 5 1 3372 1573 5375
10746 2 2 5 1 4412 1442 5035
10747 2 2 5 1 2490 4786 5152
10748 2 2 5 1 4368 3314 5381
10749 2 2 5 1 5327 2326 5351
10750 2 2 5 1 4886 1671 4939
10751 2 2 5 1 4027 4272 5090
10752 2 2 5 1 1415 4428 4998
10753 2 2 5 1 2130 4559 5180
10754 2 2 5 1 4533 1579 4563
10755 2 2 5 1 5447 1164 5448
10756 2 2 5 1 3315 4302 5225
10757 2 2 5 1 1264 5397 5398
10758 2 2 5 1 4781 3164 5128
10759 2 2 5 1 2351 5060 5312
10760 2 2 5 1 702 5023 5168
10761 2 2 5 1 4422 4726 5001
10762 2 2 5 1 4282 2947 5197
10763 2 2 5 1 1630 1628 5243
10764 2 2 5 1 3285 3229 5166
10765 2 2 5 1 4486 2468 5160
10766 2 2 5 1 2537 5147 5148
10767 2 2 5 1 2033 5259 5401
10768 2 2 5 1 5210 1340 5320
10769 2 2 5 1 3394 4528 5082
10770 2 2 5 1 3720 3738 5154
10771 2 2 5 1 5022 3089 5184
10772 2 2 5 1 5232 2116 5233
10773 2 2 5 1 5288 1545 5289
10774 2 2 5 1 2249 4553 5316
10775 2 2 5 1 4528 3370 5335
10776 2 2 5 1 3274 4280 5145
10777 2 2 5 1 5318 3425 5319
10778 2 2 5 1 4645 2793 5046
10779 2 2 5 1 4497 2996 5211
10780 2 2 5 1 3229 4339 5166
10781 2 2 5 1 1221 4728 5267
10782 2 2 5 1 5428 2055 5454
10783 2 2 5 1 1687 4943 5104
10784 2 2 5 1 4431 3372 5375
10785 2 2 5 1 1990 4516 5397
10786 2 2 5 1 4081 1575 5275
10787 2 2 5 1 2037 4900 5254
10788 2 2 5 1 4589 3394 5082
10789 2 2 5 1 4406 3720 5154
10790 2 2 5 1 1663 5065 5246
10791 2 2 5 1 5065 2821 5246
10792 2 2 5 1 4862 1317 5335
10793 2 2 5 1 4551 1204 5313
10794 2 2 5 1 4934 2876 5337
10795 2 2 5 1 4756 4406 5154
10796 2 2 5 1 5320 1340 5321
10797 2 2 5 1 3058 4672 5250
10798 2 2 5 1 2620 4289 5245
10799 2 2 5 1 5248 1975 5301
10800 2 2 5 1 5150 1406 5269
10801 2 2 5 1 1559 1561 5361
10802 2 2 5 1 4773 1164 5187
10803 2 2 5 1 4959 3469 5402
10804 2 2 5 1 897 5018 5365
10805 2 2 5 1 5061 4659 5172
10806 2 2 5 1 2542 4390 5199
10807 2 2 5 1 1184 4495 5024
10808 2 2 5 1 4964 1531 5336
10809 2 2 5 1 4827 4135 5231
10810 2 2 5 1 4981 1153 5238
10811 2 2 5 1 2965 5349 5350
10812 2 2 5 1 4948 1022 4949
10813 2 2 5 1 4840 2964 5350
10814 2 2 5 1 2038 5253 5254
10815 2 2 5 1 4984 3877 5314
10816 2 2 5 1 4101 4659 5061
10817 2 2 5 1 2038 5193 5253
10818 2 2 5 1 1531 4964 5116
10819 2 2 5 1 3035 4487 5291
10820 2 2 5 1 5118 4707 5326
10821 2 2 5 1 2192 5208 5317
10822 2 2 5 1 5118 1715 5444
10823 2 2 5 1 5235 3129 5382
10824 2 2 5 1 2793 5010 5046
10825 2 2 5 1 5349 3180 5350
10826 2 2 5 1 5411 1144 5412
10827 2 2 5 1 2981 4897 5324
10828 2 2 5 1 5213 2036 5214
10829 2 2 5 1 1289 4432 5223
10830 2 2 5 1 4756 2272 5387
10831 2 2 5 1 1205 4537 5411
10832 2 2 5 1 5144 3274 5145
10833 2 2 5 1 4968 4368 5381
10834 2 2 5 1 5075 1721 5417
10835 2 2 5 1 1419 4708 5329
10836 2 2 5 1 5397 1322 5398
10837 2 2 5 1 5213 4391 5251
10838 2 2 5 1 1281 4511 5158
10839 2 2 5 1 5263 1577 5264
10840 2 2 5 1 5307 1474 5453
10841 2 2 5 1 1715 4648 5444
10842 2 2 5 1 5253 1323 5254
10843 2 2 5 1 1974 5120 5248
10844 2 2 5 1 4300 4707 5118
10845 2 2 5 1 2249 5316 5317
10846 2 2 5 1 2469 5235 5382
10847 2 2 5 1 1549 4908 5288
10848 2 2 5 1 4755 2273 5133
10849 2 2 5 1 2073 5017 5210
10850 2 2 5 1 4624 2844 5283
10851 2 2 5 1 5086 2069 5458
10852 2 2 5 1 2510 5031 5409
10853 2 2 5 1 5220 660 5451
10854 2 2 5 1 3091 5220 5451
10855 2 2 5 1 1379 4589 5082
10856 2 2 5 1 5237 1780 5306
10857 2 2 5 1 1175 4812 4994
10858 2 2 5 1 2072 5320 5321
10859 2 2 5 1 1518 5428 5454
10860 2 2 5 1 2535 5121 5426
10861 2 2 5 1 1389 5045 5387
10862 2 2 5 1 1319 5164 5165
10863 2 2 5 1 5321 1337 5395
10864 2 2 5 1 1316 4904 5309
10865 2 2 5 1 2035 4880 5213
10866 2 2 5 1 1584 5263 5264
10867 2 2 5 1 1976 5187 5447
10868 2 2 5 1 4589 1379 5129
10869 2 2 5 1 4648 2313 5444
10870 2 2 5 1 4798 2034 5259
10871 2 2 5 1 1204 4551 5432
10872 2 2 5 1 4960 2519 5117
10873 2 2 5 1 2004 5323 5432
10874 2 2 5 1 1874 4950 5074
10875 2 2 5 1 1372 5134 5303
10876 2 2 5 1 4516 1322 5397
10877 2 2 5 1 2035 5213 5214
10878 2 2 5 1 5128 4212 5229
10879 2 2 5 1 1242 5226 5227
10880 2 2 5 1 5417 1721 5433
10881 2 2 5 1 1508 5036 5100
10882 2 2 5 1 2036 5213 5251
10883 2 2 5 1 4708 4490 5244
10884 2 2 5 1 1198 5152 5153
10885 2 2 5 1 1160 5447 5448
10886 2 2 5 1 2616 5137 5138
10887 2 2 5 1 4768 1302 5435
10888 2 2 5 1 1718 5417 5433
10889 2 2 5 1 1470 5318 5319
10890 2 2 5 1 5409 2004 5432
10891 2 2 5 1 4708 1328 5329
10892 2 2 5 1 5267 1154 5419
10893 2 2 5 1 1446 5028 5307
10894 2 2 5 1 1132 4981 5238
10895 2 2 5 1 1701 5232 5233
10896 2 2 5 1 5193 2990 5253
10897 2 2 5 1 2323 5327 5351
10898 2 2 5 1 1205 5411 5412
10899 2 2 5 1 1722 5075 5417
10900 2 2 5 1 2071 5128 5229
10901 2 2 5 1 1328 4708 5244
10902 2 2 5 1 1973 5248 5301
10903 2 2 5 1 5127 3058 5423
10904 2 2 5 1 2073 5210 5320
10905 2 2 5 1 1540 5288 5289
10906 2 2 5 1 1193 5459 5460
10907 2 2 5 1 5395 1337 5396
10908 2 2 5 1 4240 5144 5145
10909 2 2 5 1 1446 5307 5453
10910 2 2 5 1 5323 1204 5432
10911 2 2 5 1 4492 1735 4807
10912 2 2 5 1 4494 1922 4572
10913 2 2 5 1 2131 3490 4557
10914 2 2 5 1 2295 4160 4691
10915 2 2 5 1 2333 2331 2987
10916 2 2 5 1 4754 2549 5026
10917 2 2 5 1 3046 2855 4458
10918 2 2 5 1 4134 2869 5060
$EndElements
$Periodic
1
1 2 4
Affine 1 0 0 3.141592653589793 0 1 0 0 0 0 1 0 0 0 0 1
38
2 1
3 4
287 640
288 639
289 638
290 637
291 636
292 635
293 634
294 633
295 632
296 631
297 630
298 629
299 628
300 627
301 626
302 625
303 624
304 623
305 622
306 621
307 620
308 619
309 618
310 617
311 616
312 615
313 614
314 613
315 612
316 611
317 610
318 609
319 608
320 607
321 606
322 605
$EndPeriodic
