$MeshFormat
2.2 0 8
$EndMeshFormat
$PhysicalNames
5
1 2 "Inlet"
1 3 "Freestream"
1 4 "Outlet"
1 5 "Cylinder"
2 1 "Fluid"
$EndPhysicalNames
$Nodes
7527
1 0.5 0 0
2 0 0.5 0
3 -0.5 0 0
4 0 -0.5 0
5 -5 -5 0
6 -5 0 0
7 -5 5 0
8 15 -5 0
9 15 0 0
10 15 5 0
11 0.4992134075052076 0.02803522368449232 0
12 0.4968561049324441 0.05598223817748008 0
13 0.492935509224376 0.08375311185684492 0
14 0.4874639560251981 0.1112604672660678 0
15 0.4804586608677481 0.1384177560761995 0
16 0.4719416649992008 0.1651395314204996 0
17 0.4619397660407346 0.1913417167013806 0
18 0.4504844336733244 0.2169418701358135 0
19 0.4376117106149948 0.2418594441666854 0
20 0.4233620991845355 0.2660160389413832 0
21 0.4077804339615284 0.2893356488200989 0
22 0.3909157406059499 0.3117449017169354 0
23 0.3728210817179931 0.3331732897856993 0
24 0.3535533897676251 0.3535533914189224 0
25 0.3331732881731814 0.3728210831590271 0
26 0.3117449001651074 0.3909157418434914 0
27 0.2893356473752522 0.4077804349867018 0
28 0.2660160375616112 0.4233621000515038 0
29 0.2418594428983077 0.4376117113160025 0
30 0.216941868933245 0.4504844342524509 0
31 0.1913417156197905 0.4619397664887439 0
32 0.1651395304762515 0.4719416653296075 0
33 0.1384177552777462 0.4804586610977785 0
34 0.1112604666235487 0.4874639561718489 0
35 0.08375311140768367 0.4929355093006915 0
36 0.05598223789281963 0.4968561049645176 0
37 0.02803522354048192 0.4992134075132951 0
38 -0.02803522368449232 0.4992134075052076 0
39 -0.05598223817748008 0.4968561049324441 0
40 -0.08375311185684492 0.492935509224376 0
41 -0.1112604672660678 0.4874639560251981 0
42 -0.1384177560761995 0.4804586608677481 0
43 -0.1651395314204996 0.4719416649992008 0
44 -0.1913417167013806 0.4619397660407346 0
45 -0.2169418701358135 0.4504844336733244 0
46 -0.2418594441666854 0.4376117106149948 0
47 -0.2660160389413832 0.4233620991845355 0
48 -0.2893356488200989 0.4077804339615284 0
49 -0.3117449017169354 0.3909157406059499 0
50 -0.3331732897856993 0.3728210817179931 0
51 -0.3535533914189224 0.3535533897676251 0
52 -0.3728210831590271 0.3331732881731814 0
53 -0.3909157418434914 0.3117449001651074 0
54 -0.4077804349867018 0.2893356473752522 0
55 -0.4233621000515038 0.2660160375616112 0
56 -0.4376117113160025 0.2418594428983077 0
57 -0.4504844342524509 0.216941868933245 0
58 -0.4619397664887439 0.1913417156197905 0
59 -0.4719416653296075 0.1651395304762515 0
60 -0.4804586610977785 0.1384177552777462 0
61 -0.4874639561718489 0.1112604666235487 0
62 -0.4929355093006915 0.08375311140768367 0
63 -0.4968561049645176 0.05598223789281963 0
64 -0.4992134075132951 0.02803522354048192 0
65 -0.4992134075052076 -0.02803522368449232 0
66 -0.4968561049324441 -0.05598223817748008 0
67 -0.492935509224376 -0.08375311185684492 0
68 -0.4874639560251981 -0.1112604672660678 0
69 -0.4804586608677481 -0.1384177560761995 0
70 -0.4719416649992008 -0.1651395314204996 0
71 -0.4619397660407346 -0.1913417167013806 0
72 -0.4504844336733244 -0.2169418701358135 0
73 -0.4376117106149948 -0.2418594441666854 0
74 -0.4233620991845355 -0.2660160389413832 0
75 -0.4077804339615284 -0.2893356488200989 0
76 -0.3909157406059499 -0.3117449017169354 0
77 -0.3728210817179931 -0.3331732897856993 0
78 -0.3535533897676251 -0.3535533914189224 0
79 -0.3331732881731814 -0.3728210831590271 0
80 -0.3117449001651074 -0.3909157418434914 0
81 -0.2893356473752522 -0.4077804349867018 0
82 -0.2660160375616112 -0.4233621000515038 0
83 -0.2418594428983077 -0.4376117113160025 0
84 -0.216941868933245 -0.4504844342524509 0
85 -0.1913417156197905 -0.4619397664887439 0
86 -0.1651395304762515 -0.4719416653296075 0
87 -0.1384177552777462 -0.4804586610977785 0
88 -0.1112604666235487 -0.4874639561718489 0
89 -0.08375311140768367 -0.4929355093006915 0
90 -0.05598223789281963 -0.4968561049645176 0
91 -0.02803522354048192 -0.4992134075132951 0
92 0.02803522368449232 -0.4992134075052076 0
93 0.05598223817748008 -0.4968561049324441 0
94 0.08375311185684492 -0.492935509224376 0
95 0.1112604672660678 -0.4874639560251981 0
96 0.1384177560761995 -0.4804586608677481 0
97 0.1651395314204996 -0.4719416649992008 0
98 0.1913417167013806 -0.4619397660407346 0
99 0.2169418701358135 -0.4504844336733244 0
100 0.2418594441666854 -0.4376117106149948 0
101 0.2660160389413832 -0.4233620991845355 0
102 0.2893356488200989 -0.4077804339615284 0
103 0.3117449017169354 -0.3909157406059499 0
104 0.3331732897856993 -0.3728210817179931 0
105 0.3535533914189224 -0.3535533897676251 0
106 0.3728210831590271 -0.3331732881731814 0
107 0.3909157418434914 -0.3117449001651074 0
108 0.4077804349867018 -0.2893356473752522 0
109 0.4233621000515038 -0.2660160375616112 0
110 0.4376117113160025 -0.2418594428983077 0
111 0.4504844342524509 -0.216941868933245 0
112 0.4619397664887439 -0.1913417156197905 0
113 0.4719416653296075 -0.1651395304762515 0
114 0.4804586610977785 -0.1384177552777462 0
115 0.4874639561718489 -0.1112604666235487 0
116 0.4929355093006915 -0.08375311140768367 0
117 0.4968561049645176 -0.05598223789281963 0
118 0.4992134075132951 -0.02803522354048192 0
119 -5 -4.375000000000002 0
120 -5 -3.750000000000003 0
121 -5 -3.125000000000003 0
122 -5 -2.500000000000003 0
123 -5 -1.875000000000002 0
124 -5 -1.250000000000001 0
125 -5 -0.6250000000000009 0
126 -5 0.6249999999994827 0
127 -5 1.249999999997677 0
128 -5 1.874999999995852 0
129 -5 2.499999999996196 0
130 -5 3.124999999997147 0
131 -5 3.749999999998098 0
132 -5 4.374999999999049 0
133 -4.333333333332994 5 0
134 -3.666666666667457 5 0
135 -3.000000000001271 5 0
136 -2.333333333335457 5 0
137 -1.666666666670753 5 0
138 -1.000000000006048 5 0
139 -0.3333333333413435 5 0
140 0.3333333333233615 5 0
141 0.9999999999880673 5 0
142 1.666666666652774 5 0
143 2.333333333317482 5 0
144 2.999999999982258 5 0
145 3.666666666649647 5 0
146 4.333333333317317 5 0
147 4.999999999984984 5 0
148 5.666666666652651 5 0
149 6.333333333320319 5 0
150 6.999999999987985 5 0
151 7.666666666655654 5 0
152 8.333333333323321 5 0
153 8.999999999990989 5 0
154 9.666666666658656 5 0
155 10.33333333332632 5 0
156 10.99999999999399 5 0
157 11.66666666666166 5 0
158 12.33333333332933 5 0
159 12.99999999999699 5 0
160 13.66666666666466 5 0
161 14.33333333333233 5 0
162 15 4.399609012005969 0
163 15 3.865904812579799 0
164 15 3.391480432130295 0
165 15 2.969751440726004 0
166 15 2.594864902254292 0
167 15 2.261617879593261 0
168 15 1.965385326647401 0
169 15 1.702056069877524 0
170 15 1.467975389076752 0
171 15 1.259894612879641 0
172 15 1.074925847531096 0
173 15 0.9105020065527309 0
174 15 0.7643410818599019 0
175 15 0.6344146009659761 0
176 15 0.5189193683179951 0
177 15 0.4162524453180767 0
178 15 0.3249889906285084 0
179 15 0.2438623801755071 0
180 15 0.1717466894175832 0
181 15 0.1076410576203317 0
182 15 0.05065578289175132 0
183 15 -0.05065578289175181 0
184 15 -0.1076410576203349 0
185 15 -0.1717466894175793 0
186 15 -0.2438623801754654 0
187 15 -0.3249889906284645 0
188 15 -0.4162524453180371 0
189 15 -0.5189193683179604 0
190 15 -0.6344146009659258 0
191 15 -0.7643410818595476 0
192 15 -0.9105020065519963 0
193 15 -1.074925847529895 0
194 15 -1.259894612877869 0
195 15 -1.467975389074281 0
196 15 -1.702056069874214 0
197 15 -1.965385326643076 0
198 15 -2.261617879588948 0
199 15 -2.594864902250245 0
200 15 -2.969751440722371 0
201 15 -3.391480432127227 0
202 15 -3.865904812577505 0
203 15 -4.399609012004668 0
204 14.33333333333317 -5 0
205 13.66666666666635 -5 0
206 12.99999999999952 -5 0
207 12.33333333333269 -5 0
208 11.66666666666586 -5 0
209 10.99999999999904 -5 0
210 10.33333333333221 -5 0
211 9.666666666665385 -5 0
212 8.999999999998556 -5 0
213 8.333333333331726 -5 0
214 7.666666666666587 -5 0
215 7.000000000002649 -5 0
216 6.333333333336098 -5 0
217 5.666666666669268 -5 0
218 5.000000000002437 -5 0
219 4.333333333335609 -5 0
220 3.666666666668782 -5 0
221 3.000000000001952 -5 0
222 2.333333333335123 -5 0
223 1.666666666668293 -5 0
224 1.000000000001464 -5 0
225 0.333333333334636 -5 0
226 -0.3333333333321953 -5 0
227 -0.999999999999023 -5 0
228 -1.666666666665854 -5 0
229 -2.333333333332682 -5 0
230 -2.999999999999513 -5 0
231 -3.666666666666345 -5 0
232 -4.333333333333169 -5 0
233 -4.421729501700582 0 0
234 -3.91458460103122 0 0
235 -3.469817168158049 0 0
236 -3.079754874124361 0 0
237 -2.737669179367832 0 0
238 -2.437659081075042 0 0
239 -2.174549332751329 0 0
240 -1.943801389889897 0 0
241 -1.741434786224649 0 0
242 -1.56395873882937 0 0
243 -1.408311767111056 0 0
244 -1.271808889638713 0 0
245 -1.15209551850625 0 0
246 -1.047106551257803 0 0
247 -0.9550309501478242 0 0
248 -0.8742803865376514 0 0
249 -0.803461906684932 0 0
250 -0.7413539126318582 0 0
251 -0.6868850259781674 0 0
252 -0.6391156608224264 0 0
253 -0.5972217990569488 0 0
254 -0.5604807649341321 0 0
255 -0.528258776600822 0 0
256 0.5284926625744784 0 0
257 0.5570273160011558 0 0
258 0.585604020777228 0 0
259 0.6142228372234356 0 0
260 0.642883825484822 0 0
261 0.6715870455315331 0 0
262 0.7003325861894927 0 0
263 0.729120491287176 0 0
264 0.7579508107486118 0 0
265 0.7868236110983065 0 0
266 0.8157389905116637 0 0
267 0.8446969652554073 0 0
268 0.8736976141479122 0 0
269 0.902741020442217 0 0
270 0.9318272014430057 0 0
271 0.9609562825538928 0 0
272 0.9901282634450138 0 0
273 1.019343261714272 0 0
274 1.04860128874633 0 0
275 1.077902465045427 0 0
276 1.107246794570588 0 0
277 1.136634396694076 0 0
278 1.166065296598978 0 0
279 1.195539557857702 0 0
280 1.225057285192451 0 0
281 1.254618498812271 0 0
282 1.284223266332992 0 0
283 1.313871684802221 0 0
284 1.343563797054012 0 0
285 1.373299660907908 0 0
286 1.40307934318782 0 0
287 1.432902910518982 0 0
288 1.462770439810436 0 0
289 1.492681991882483 0 0
290 1.522637623818849 0 0
291 1.552637401470098 0 0
292 1.582681390492395 0 0
293 1.612769656348364 0 0
294 1.642902264307947 0 0
295 1.673079279449252 0 0
296 1.703300766659392 0 0
297 1.733566790635332 0 0
298 1.763877423058094 0 0
299 1.794232736626693 0 0
300 1.824632783686014 0 0
301 1.855077628169752 0 0
302 1.88556733382562 0 0
303 1.916101971581629 0 0
304 1.946681631754196 0 0
305 1.977306346945875 0 0
306 2.007976180157797 0 0
307 2.038691240364185 0 0
308 2.069451554560695 0 0
309 2.100257191849711 0 0
310 2.131108251729696 0 0
311 2.162004749216419 0 0
312 2.19294681424049 0 0
313 2.223934447795231 0 0
314 2.254967781471534 0 0
315 2.286046820071698 0 0
316 2.317171689632231 0 0
317 2.348342413246035 0 0
318 2.379559071790772 0 0
319 2.410821753353421 0 0
320 2.442130492765325 0 0
321 2.47348536875765 0 0
322 2.504886476396597 0 0
323 2.536333851955934 0 0
324 2.567827566361121 0 0
325 2.59936769032636 0 0
326 2.630954306660332 0 0
327 2.662587479736859 0 0
328 2.694267269370171 0 0
329 2.725993745450643 0 0
330 2.757766977662083 0 0
331 2.789587035482642 0 0
332 2.821453988185725 0 0
333 2.853367904840895 0 0
334 2.885328854314767 0 0
335 2.91733690527191 0 0
336 2.949392126175728 0 0
337 2.981494585289342 0 0
338 3.013644368227387 0 0
339 3.045841534975517 0 0
340 3.078086147283406 0 0
341 3.110378272610877 0 0
342 3.142717984570379 0 0
343 3.175105379911278 0 0
344 3.207540493188818 0 0
345 3.240023393732489 0 0
346 3.272554196381448 0 0
347 3.305132920079274 0 0
348 3.337759664309621 0 0
349 3.370434493051409 0 0
350 3.403157470077398 0 0
351 3.435928681448087 0 0
352 3.4687481834131 0 0
353 3.501616053366159 0 0
354 3.534532370699063 0 0
355 3.567497177784593 0 0
356 3.600510595001015 0 0
357 3.633572653794702 0 0
358 3.666683425417649 0 0
359 3.69984301278443 0 0
360 3.733051468614153 0 0
361 3.766308858390062 0 0
362 3.799615256693296 0 0
363 3.832970737883357 0 0
364 3.866375391831629 0 0
365 3.899829274710759 0 0
366 3.933332458361709 0 0
367 3.966885016278683 0 0
368 4.000487021739073 0 0
369 4.034138547804516 0 0
370 4.067839667321552 0 0
371 4.101590452922862 0 0
372 4.135390977028117 0 0
373 4.169241311844909 0 0
374 4.203141549399395 0 0
375 4.237091745926648 0 0
376 4.271091972286452 0 0
377 4.305142299836399 0 0
378 4.339242805107103 0 0
379 4.373393587965733 0 0
380 4.40759468856366 0 0
381 4.441846178387809 0 0
382 4.476148176826642 0 0
383 4.510500707646457 0 0
384 4.544903871734458 0 0
385 4.579357739037929 0 0
386 4.613862376920066 0 0
387 4.648417873495274 0 0
388 4.683024292462189 0 0
389 4.717681709377032 0 0
390 4.752390214916606 0 0
391 4.787149853714268 0 0
392 4.821960737347098 0 0
393 4.856822921474395 0 0
394 4.891736473081171 0 0
395 4.926701479840244 0 0
396 4.961718031497933 0 0
397 4.996786182800569 0 0
398 5.031906011986514 0 0
399 5.067077597062013 0 0
400 5.102301015802241 0 0
401 5.137576345752322 0 0
402 5.172903664228353 0 0
403 5.208283048318407 0 0
404 5.243714574883543 0 0
405 5.279198320558817 0 0
406 5.314734361754271 0 0
407 5.350322774655917 0 0
408 5.38596363522673 0 0
409 5.421657019207619 0 0
410 5.45740300211841 0 0
411 5.493201659258793 0 0
412 5.529053096776105 0 0
413 5.564957363908737 0 0
414 5.600914533585462 0 0
415 5.636924703950853 0 0
416 5.672987949596337 0 0
417 5.70910432408857 0 0
418 5.745273952039465 0 0
419 5.781496864379925 0 0
420 5.817773175443101 0 0
421 5.85410293380001 0 0
422 5.890486250599519 0 0
423 5.926923164424577 0 0
424 5.963413804597925 0 0
425 5.999958208440287 0 0
426 6.036556460856964 0 0
427 6.073208672617553 0 0
428 6.10991489046165 0 0
429 6.146675197055567 0 0
430 6.183489677864702 0 0
431 6.220358430282006 0 0
432 6.257281514080381 0 0
433 6.294259010960177 0 0
434 6.331291002380043 0 0
435 6.36837756955797 0 0
436 6.405518793472379 0 0
437 6.442714754863164 0 0
438 6.479965534232758 0 0
439 6.517271211847167 0 0
440 6.55463186773702 0 0
441 6.592047581698599 0 0
442 6.62951843329486 0 0
443 6.667044522434802 0 0
444 6.704625915515939 0 0
445 6.742262687280849 0 0
446 6.779954916358475 0 0
447 6.817702715858561 0 0
448 6.855506138102744 0 0
449 6.89336525965142 0 0
450 6.931280201831022 0 0
451 6.969250998433559 0 0
452 7.00727777369959 0 0
453 7.045360573023935 0 0
454 7.083499515940545 0 0
455 7.121694643503828 0 0
456 7.159946086896383 0 0
457 7.19825388977286 0 0
458 7.236618141054173 0 0
459 7.275038952617763 0 0
460 7.313516377224007 0 0
461 7.352050501370783 0 0
462 7.390641414310552 0 0
463 7.429289215722337 0 0
464 7.46799397073804 0 0
465 7.506755764844873 0 0
466 7.545574683277285 0 0
467 7.584450811018073 0 0
468 7.623384232799506 0 0
469 7.66237503310442 0 0
470 7.701423296167333 0 0
471 7.740529105975523 0 0
472 7.779692546270302 0 0
473 7.818913700547615 0 0
474 7.858192666746008 0 0
475 7.897529524729938 0 0
476 7.936924349481273 0 0
477 7.976377223515571 0 0
478 8.015888254510436 0 0
479 8.055457515057027 0 0
480 8.095085074711697 0 0
481 8.134771059448681 0 0
482 8.17451551437135 0 0
483 8.214318553558897 0 0
484 8.254180242944685 0 0
485 8.294100690151602 0 0
486 8.334079951202256 0 0
487 8.374118157922563 0 0
488 8.414215355617571 0 0
489 8.45437164153515 0 0
490 8.494587125993995 0 0
491 8.534861869722461 0 0
492 8.575195962933279 0 0
493 8.615589495571195 0 0
494 8.656042570670712 0 0
495 8.696555263626193 0 0
496 8.737127660376489 0 0
497 8.777759849817675 0 0
498 8.8184519205837 0 0
499 8.859203961047513 0 0
500 8.900016059322235 0 0
501 8.940888303262296 0 0
502 8.981820780464567 0 0
503 9.022813589042428 0 0
504 9.063866816267728 0 0
505 9.104980541781337 0 0
506 9.146154852150183 0 0
507 9.187389842152507 0 0
508 9.228685617833174 0 0
509 9.270042240288172 0 0
510 9.3114598141018 0 0
511 9.352938434734916 0 0
512 9.394478169911739 0 0
513 9.436079143877867 0 0
514 9.477741409922125 0 0
515 9.519465090287422 0 0
516 9.561250254533411 0 0
517 9.60309699229366 0 0
518 9.6450054199248 0 0
519 9.686975599661043 0 0
520 9.729007625886281 0 0
521 9.77110160883565 0 0
522 9.813257630092071 0 0
523 9.85547577541746 0 0
524 9.897756138091696 0 0
525 9.940098811118842 0 0
526 9.982503887228331 0 0
527 10.02497145887619 0 0
528 10.06750161824627 0 0
529 10.11009445725142 0 0
530 10.15275006753469 0 0
531 10.1954685404705 0 0
532 10.23824996716585 0 0
533 10.2810944384615 0 0
534 10.32400206883073 0 0
535 10.36697293048103 0 0
536 10.41000711141421 0 0
537 10.45310471862483 0 0
538 10.49626584824507 0 0
539 10.53949056941057 0 0
540 10.58277901610322 0 0
541 10.62613123937951 0 0
542 10.66954737118064 0 0
543 10.71302746620775 0 0
544 10.7565716652233 0 0
545 10.80018002288752 0 0
546 10.84385264557022 0 0
547 10.88758964548167 0 0
548 10.93139109479671 0 0
549 10.97525709146224 0 0
550 11.01918773540763 0 0
551 11.06318313455241 0 0
552 11.10724336927113 0 0
553 11.15136853636671 0 0
554 11.19555873235632 0 0
555 11.23981405347267 0 0
556 11.28413459566528 0 0
557 11.32852045460171 0 0
558 11.3729717256688 0 0
559 11.41748850444411 0 0
560 11.46207090420742 0 0
561 11.50671900436632 0 0
562 11.55143289918606 0 0
563 11.59621268265733 0 0
564 11.64105848076475 0 0
565 11.68597036073107 0 0
566 11.73094842351205 0 0
567 11.77599278768323 0 0
568 11.82110351716512 0 0
569 11.86628075096585 0 0
570 11.91152454680997 0 0
571 11.95683503340001 0 0
572 12.00221229292251 0 0
573 12.04765641602468 0 0
574 12.09316753140896 0 0
575 12.13874571366121 0 0
576 12.18439106172913 0 0
577 12.23010367706661 0 0
578 12.27588371273358 0 0
579 12.32173117053561 0 0
580 12.36764619623968 0 0
581 12.41362889011093 0 0
582 12.45967935211917 0 0
583 12.50579768194016 0 0
584 12.55198397895692 0 0
585 12.59823834226103 0 0
586 12.64456087065389 0 0
587 12.690951662648 0 0
588 12.73741081646824 0 0
589 12.78393843037593 0 0
590 12.83053466574257 0 0
591 12.87719956337492 0 0
592 12.92393322033815 0 0
593 12.97073573341607 0 0
594 13.01760720234401 0 0
595 13.06454781899037 0 0
596 13.11155758779625 0 0
597 13.15863660441109 0 0
598 13.20578502882573 0 0
599 13.25300295892456 0 0
600 13.30029042941749 0 0
601 13.34764762788591 0 0
602 13.39507461686182 0 0
603 13.44257145693543 0 0
604 13.49013836976548 0 0
605 13.53777530732664 0 0
606 13.5854825263649 0 0
607 13.63325998393299 0 0
608 13.68110791995377 0 0
609 13.7290262969943 0 0
610 13.77701537892661 0 0
611 13.82507511245842 0 0
612 13.87320572682184 0 0
613 13.92140725280444 0 0
614 13.96967978236436 0 0
615 14.01802352344065 0 0
616 14.06643846805063 0 0
617 14.11492473586288 0 0
618 14.16348253266515 0 0
619 14.21211186189329 0 0
620 14.26081283519025 0 0
621 14.30958557527345 0 0
622 14.35843024663718 0 0
623 14.40734688710615 0 0
624 14.45633560701831 0 0
625 14.50539651638305 0 0
626 14.55452972488274 0 0
627 14.6037353418741 0 0
628 14.65301348301724 0 0
629 14.70236426590087 0 0
630 14.75178777567571 0 0
631 14.80128412043326 0 0
632 14.85085340794643 0 0
633 14.90049574567099 0 0
634 14.95021124074696 0 0
635 1.647247969419825 0.03281593048186844 0
636 1.313538823609015 0.03044777114408772 0
637 0.391085482387536 0.3529106876573307 0
638 1.048332260941207 0.02951100576283298 0
639 2.036437326914706 0.02107006901953454 0
640 2.444685757638707 0.03273300736148111 0
641 2.824282331956232 0.02182856950069353 0
642 3.211066923174927 0.02247198107317852 0
643 3.604012345229765 0.02305544577117094 0
644 4.003041389322634 0.02277136321961088 0
645 4.410163367921138 0.02351239564311624 0
646 4.825493425515765 0.02403607723778105 0
647 5.244720116328419 0.04065494149975788 0
648 5.676630034272823 0.02509775178895146 0
649 6.114049661099242 0.04158763375649876 0
650 6.552637902716481 0.0390921363257145 0
651 6.962805430996663 0.04505075283295378 0
652 7.386391266045958 0.0473953356042662 0
653 7.81362895522228 0.04567204817845316 0
654 8.254264542215878 0.04027100161414225 0
655 8.698888090671346 0.04615891530408762 0
656 9.152948651697205 0.0466224199747076 0
657 9.599635186253169 0.04615289773904219 0
658 10.06684509567493 0.04887271906309668 0
659 10.535456088162 0.04990242771164925 0
660 11.02068722687482 0.05092013209787115 0
661 11.49950938556669 0.05081037478086368 0
662 11.95565708623298 0.0494944543445643 0
663 12.40979897587255 0.05009778499081027 0
664 12.87563365766809 0.05205307233428167 0
665 0.8447388300835433 0.02900126520574482 0
666 13.25182593387165 0.05189824201658279 0
667 0.469353901291117 0.237346380503451 0
668 -0.4032227398117708 0.343763280932972 -0
669 13.63790878083289 0.05331443744768224 0
670 -1.965238344776862 0.22052162753564 -0
671 13.96936866185594 0.05003615764320542 0
672 14.64761338233971 2.634043463416477 0
673 2.307672246285619 4.403780300395343 0
674 4.951153815627762 4.408319272603338 0
675 7.733398399833573 4.413575081140044 0
676 10.26696068591745 4.275372351287174 0
677 14.26067513769842 0.04839833352025241 0
678 -0.4786252961537472 0.2200484496228428 -0
679 -1.009050228475136 4.414665901955844 -0
680 -0.2312852177967805 0.4665435899274929 -0
681 -0.06489082101708406 0.5288267424275694 -0
682 14.75681426534517 1.73260578929531 0
683 0.9263318784177884 4.265841999701471 0
684 0.2301388257049956 0.4665897055824125 0
685 -1.161764045785537 0.1149983306634401 -0
686 0.7003682571193814 0.02870945147484788 0
687 0.5003592752702499 0.1645065843003522 0
688 14.82977690532377 1.097501252927992 0
689 14.88138617030724 0.6458917781194629 0
690 14.4527402881175 0.05444795901394417 0
691 -0.8799774430098133 0.0765649920266018 -0
692 1.826470118424382 0.03456582240930904 0
693 2.225356155758758 0.02128064267836046 0
694 1.461984779009222 0.0316118268619805 0
695 14.64928321732471 0.03216699332129159 0
696 11.2436454217037 0.02973104870755766 0
697 10.7488984846352 0.04669016453404315 0
698 10.27478526119768 0.04345540868374641 0
699 9.815950616140364 0.02825551855211168 0
700 9.352201897561743 0.02880972231661271 0
701 8.902524058154267 0.02739426973942245 0
702 8.450222310896761 0.04241314450756117 0
703 8.009870518785084 0.04231987034776057 0
704 7.589509129764104 0.02826378046626028 0
705 7.162360623373051 0.0267998120516709 0
706 6.74440657477628 0.02644312504479072 0
707 6.297566366393892 0.0246039938663394 0
708 5.848455216488752 0.03796601248598358 0
709 5.419606074734951 0.02488873019913736 0
710 4.989727570881406 0.03662072444912768 0
711 4.57473519656806 0.03565331852191686 0
712 4.162325286636742 0.03769941917160966 0
713 3.76635683491024 0.03803803884597623 0
714 3.364120800091557 0.03357557841490229 0
715 2.983731663003532 0.02222654407838644 0
716 2.599241852529725 0.02198079231420155 0
717 -0.5080929520201695 0.1345667969972656 -0
718 -3.112047940457659 0.3679782945048337 -0
719 14.91905094220397 0.3305627149707039 0
720 1.165655246600248 0.02986648882270384 0
721 12.5855740261385 0.05054429516097989 0
722 12.14138186150943 0.03164847765117941 0
723 11.68101235724591 0.04688424280378491 0
724 -0.6894426307823909 0.05152202127873149 -0
725 13.19314206195389 4.363013411897375 0
726 0.5841154233361174 0.02824481861169094 0
727 -4.328803223514563 1.865346512407403 -0
728 -2.231517905561082 4.360067220605876 -0
729 -4.260564299883891 2.904671382290426 -0
730 14.47289685009157 3.906296493780781 0
731 0.9317746693145147 0.02918862154139671 0
732 0.1345294249553598 0.5080843686085905 0
733 13.77344189827394 0.03252764065819171 0
734 13.39156862472691 0.04924532681357256 0
735 13.0202295513687 0.03068069699682253 0
736 0.5146609250960955 0.1110669956327643 0
737 6.394760058576618 0.04337589210564845 0
738 14.79045750161274 0.054436167388499 0
739 14.93525884792831 0.176869778418878 0
740 -0.5979737432933594 0.03913001274963009 -0
741 -0.5208161051331147 0.08088517857523334 -0
742 0.5239253910983754 0.05568722042820423 0
743 -1.579100293835522 0.1705815544469879 -0
744 0.7580190625455133 0.02884216012450964 0
745 1.224500024423755 0.03010591427648917 0
746 1.372906136138735 0.03025133398895232 0
747 1.523380061932112 0.03259559443037058 0
748 14.06284180457796 0.05237027099111575 0
749 13.48481862802664 0.05315035100222418 0
750 -3.663233293552668 4.303041748318989 -0
751 13.1006858970567 0.04798277030393929 0
752 12.68416139709412 0.0482463753683996 0
753 -0.5283007696821325 0.03069458293280844 -0
754 0.4416666996184498 0.2835833673347166 0
755 -0.4408740153613332 0.2702604587789512 -0
756 -4.453231717539028 0.5631043852053298 -0
757 -2.465859316129939 0.2828053308032651 -0
758 -4.317183485995148 3.684979362985328 -0
759 0.2151425310229349 4.391485142698792 0
760 12.47589786714904 4.181007990806846 0
761 3.643031944397068 4.230147726255233 0
762 6.334328297836489 4.256556096585075 0
763 8.9462199147981 4.41909046960959 0
764 11.68733956311018 4.340830165162087 0
765 14.40244007470038 4.434827120005108 0
766 14.94134804392545 0.1128150313555529 0
767 14.84798048138935 0.9299587287496029 0
768 14.78458424500788 1.495932078254204 0
769 14.89602696763035 0.527647525009337 0
770 14.68857743080094 2.299310393186911 0
771 14.53949739347666 3.4320284211656 0
772 -0.8082794494736263 0.06711751971913629 -0
773 -1.055388567981851 0.1007206599754922 -0
774 0.6425510932587156 0.0285062232776399 0
775 0.9899708710728983 0.02933822351563022 0
776 0.7868864526758086 0.02889654690353497 0
777 0.8737166453778887 0.02906015736185277 0
778 -3.949289339610288 0.4942339208994462 -0
779 1.077574247677188 0.02962881360085552 0
780 1.106890548562885 0.0297420211016844 0
781 -1.421527558017294 0.1500860083656812 -0
782 1.254030664461675 0.03027535401613415 0
783 14.84084430174256 0.05455729441203284 0
784 1.402469849852588 0.03036853142555199 0
785 14.89290084563014 0.05536611536760464 0
786 -4.332123745084991 4.345485922737041 -0
787 0.3516693920069316 0.3941433993521594 0
788 14.56039772528587 0.0530709928668508 0
789 14.68426318189801 0.04446977326453055 0
790 14.94614206406501 0.05474454348341495 0
791 14.35493899051336 0.0496025992569365 0
792 14.1644989196876 0.05286186240209077 0
793 13.8703971663147 0.05622499071140972 0
794 12.7757801324906 0.05068808154519997 0
795 0.4260941147774575 0.3073889631854065 0
796 0.5266465234988016 0.02790401882975093 0
797 -0.4399032151246804 0.2882868772524415 -0
798 0.4855897040413081 0.2205608820157821 0
799 0.4984949345973664 0.1879010178609808 0
800 -0.4910673710960129 0.1901389035820003 -0
801 -0.5012770440185107 0.1598648940472486 -0
802 0.4560194020740016 0.2596290567184397 0
803 0.5079849842003737 0.1388507864596156 0
804 -0.4639840613462188 0.2544135303483031 -0
805 1.372908591810329 0.06020082422639814 0
806 1.077154210053467 0.05963587079565542 0
807 0.4616179950346371 0.3006124783903441 0
808 0.8446784004801362 0.05805196276744511 0
809 0.5067489895482701 0.2100476466565799 0
810 -1.418705765750307 0.3037011196490784 -0
811 14.37375872534264 2.311279622782013 0
812 12.18667360590324 3.585920904968416 0
813 -0.4643361891143207 0.2887940347000166 -0
814 0.4742169730921187 3.807549741539381 0
815 14.69188785364909 0.9342674946446186 0
816 -0.8041839736939747 0.1348406498647604 -0
817 -0.5235062628202847 0.1918386244915858 -0
818 14.79420613779342 0.5206489995945098 0
819 0.5395220055731085 0.1435718914190237 0
820 14.64694825586393 0.0942908635644903 0
821 14.56901035401794 1.501711986276341 0
822 14.08358474278482 3.420582126273603 0
823 -3.918131735265363 1.002582560144409 -0
824 -1.052136188836765 0.2035465919589778 -0
825 13.73882804875664 0.04227815294869348 0
826 13.58581756780302 0.05440846445086191 0
827 12.98459807483527 0.05487622345227658 0
828 14.77842681288289 0.1043544956426856 0
829 14.88363285331091 0.1131700275989119 0
830 13.80382075949604 4.424800755363184 0
831 -0.39616123549247 4.416980994712885 -0
832 1.676550977995129 4.384773036004647 0
833 11.02890957413107 4.373240869129108 0
834 2.926783256742016 4.367343348987509 0
835 4.3401743762213 4.382641289337964 0
836 5.567575144139836 4.388339405018937 0
837 7.105537783275324 4.381145518972727 0
838 8.340751226607281 4.423247801413861 0
839 9.549874642474096 4.396140789811156 0
840 -1.621793612338168 4.402518526624625 -0
841 0.5526026294376734 0.05650392168669548 0
842 -4.557006858877773 2.427531671911755 -0
843 14.80832635766107 1.285922026134034 0
844 14.86460601138757 0.7797720039143152 0
845 14.72380823291986 2.000841200370009 0
846 14.90857902440783 0.4229237959816907 0
847 14.92792598332558 0.2490631712127932 0
848 14.59737903603673 3.010601066658548 0
849 -3.503581870686411 0.427810070258473 -0
850 -2.769316386293692 0.322752858061831 -0
851 -4.429294128826395 1.152489658112962 -0
852 -2.899055112701666 4.184662135383546 -0
853 -0.6406510671820166 0.04500625565174501 -0
854 -0.7450398295394037 0.05916036676423857 -0
855 -0.9620555944946925 0.08825532536502921 -0
856 -0.5607342451523729 0.03453729881985913 -0
857 -2.200373767081123 0.2508641222719079 -0
858 -1.283630943916742 0.1321849079970973 -0
859 0.6133867962012057 0.02843339032704047 0
860 0.6715146176313783 0.02861111619838448 0
861 0.729183662422458 0.02878176309540147 0
862 -1.760227543240646 0.1951168044905774 -0
863 0.8157884218480749 0.02895302554353233 0
864 0.9027226733296771 0.02912636833022305 0
865 0.9608380239080181 0.02927113257220007 0
866 1.019110249385514 0.02943552997937105 0
867 0.4885465916129018 0.2532449588917065 0
868 1.136259700317388 0.02982545552194913 0
869 1.195024328797466 0.02999027010696406 0
870 1.283736775877445 0.03043114964906869 0
871 1.343344324843508 0.03039753408693108 0
872 1.432080430864874 0.03093070783813451 0
873 1.492407163687786 0.03222905183214916 0
874 -3.666948723385937 3.652195072814288 -0
875 0.3718425868157387 0.3739428180850546 0
876 0.5550967865775619 0.02810983206302475 0
877 -0.4936729394853402 0.2525970530925214 -0
878 0.4091999442339329 0.3306117135479312 0
879 14.73462670654348 0.06184312791554454 0
880 14.60148243011425 0.05156741837864438 0
881 14.50614231575029 0.05491756358622551 0
882 14.40254637255861 0.05193291212155135 0
883 14.30769379642692 0.04892374871770378 0
884 14.21402634578758 0.04985017282505642 0
885 14.11355504247595 0.05375136386675299 0
886 14.0147978191193 0.04971563840431961 0
887 13.92235976978556 0.05416614498860535 0
888 13.80931800597922 0.05854089210504737 0
889 12.82492183276984 0.0520176989376082 0
890 12.7289265786099 0.04821147575153386 0
891 0.5198851546417074 0.08354575067706424 0
892 -0.5249376218739485 0.05992323047376857 -0
893 13.94646609035634 3.89169707372361 0
894 0.5168460914435355 0.1854040602951946 0
895 -0.505149964493562 0.1095983369164556 -0
896 -0.4214289521564064 0.3166528953775495 -0
897 0.4969976045963663 0.2371069927576217 0
898 -0.5344794228537993 0.1558245988524143 -0
899 0.5244895034171029 0.1699985591155979 0
900 -0.5085559996301947 0.2274711548770215 -0
901 12.97369363543469 3.59664371723165 0
902 0.4759803304034283 0.2759833676390252 0
903 0.4833442601011139 0.3171984250969692 0
904 0.5270222411730098 0.1989551258784778 0
905 2.807176757586559 3.809426860831223 0
906 -2.20119889992802 0.5088674095036672 -0
907 4.353370862871365 3.844264222624561 0
908 6.756132312624287 3.731031070225905 0
909 8.347152668403726 3.873046343154565 0
910 -1.572924342617076 3.836788389980693 -0
911 -0.5057280124673066 0.2854948281223684 -0
912 14.35313138073943 0.08859027319732533 0
913 0.7003880668375917 0.05739410787252822 0
914 -0.5611605640224139 0.1958827662733535 -0
915 12.64392154925544 3.277436457844837 0
916 0.4098333977863365 0.3736445134842185 0
917 14.16921598424601 0.1088209737497241 0
918 13.97184388064432 0.08778539705266541 0
919 13.7558506130836 0.08931165412144296 0
920 0.9314868179318516 0.0584899843747847 0
921 1.165228655571923 0.05976249573539598 0
922 1.2530670931998 0.06104292808425232 0
923 1.46039659562732 0.06407507792616564 0
924 0.6129264844876663 0.05736512571785927 0
925 -0.5928980099297397 0.07894415878623215 -0
926 13.64262413964054 0.1100674091920016 0
927 9.771846189448649 3.817116644377299 0
928 -3.817457178307007 2.276085193079153 -0
929 14.72525197850132 0.7777913324856197 0
930 14.61641327116467 1.292689994503927 0
931 14.44428028297044 2.010427710475019 0
932 14.84069269397409 0.3255422435696795 0
933 14.20064220297286 3.008409367294842 0
934 0.9894839461674749 0.05887360658690163 0
935 1.047813441115043 0.05935908773797004 0
936 -2.767797547654445 0.6495613014925538 -0
937 -3.480692010683388 0.8559628769897824 -0
938 1.401989068157012 0.05983701201298598 0
939 -0.9579672764932963 0.1772367170513255 -0
940 13.0348212836214 0.08481134676520515 0
941 12.87217930479591 0.1065063627829128 0
942 -1.281478198015695 0.2670113808335667 -0
943 13.65594114365503 3.340192843888902 0
944 0.5483863438409214 0.0852328777713242 0
945 14.57032743425036 0.1108183208949121 0
946 14.7461999700747 0.09989823698653078 0
947 0.5593945890530351 0.1649745420062031 0
948 -0.5399889297855008 0.1118191495420999 -0
949 1.723252480558555 3.841095254471816 0
950 0.8791391621305367 3.639830895346546 0
951 5.945286307816782 3.732459450108599 0
952 -0.4535493076423557 0.3235949262564741 -0
953 -3.097085639828781 3.553758448404825 -0
954 11.08157847048827 3.821887734493343 0
955 14.76148779866599 0.6394774271962054 0
956 14.65642035168247 1.105557544515709 0
957 0.5098430077001812 0.2646304975979734 0
958 14.51038696001594 1.740237854223503 0
959 0.5827175307947439 0.05766419693221676 0
960 -3.565684254244152 3.066257904184412 -0
961 14.81970873854668 0.4163782609196836 0
962 14.29457365524765 2.643420844886195 0
963 14.87207450618584 0.1758119297543453 0
964 11.641017017759 3.764429127018366 0
965 -0.6357551417440502 0.09035304787840966 -0
966 -0.7404697804938942 0.1194875473371625 -0
967 -0.4418250339362889 3.869939065506968 -0
968 0.6424927717794192 0.0570795634916976 0
969 0.7868832287019006 0.05782041495171854 0
970 0.8735952609377995 0.05818758926940173 0
971 0.8157587910900325 0.05794149121850137 0
972 0.7292075012774644 0.05756045594631386 0
973 1.10667028051178 0.05990649711276161 0
974 1.31382022629105 0.0615669338788124 0
975 1.22338011117684 0.06054166923636367 0
976 -0.5556179427774159 0.06972269926438844 -0
977 0.4458232432346903 0.3255836289311626 0
978 -1.757821343519454 0.3968167086501903 -0
979 -0.8757137012043938 0.1543884395900799 -0
980 1.343931945481945 0.06134724279975121 0
981 -3.779268998181645 1.480560049047829 -0
982 13.4309328958043 3.800921042650653 0
983 -1.159970034865782 0.2343710767233534 -0
984 -1.576796559592256 0.3487660753281833 -0
985 13.68989031562222 0.04987257944685822 0
986 13.53469422304651 0.05425508705739115 0
987 12.9263090538501 0.0521822208007082 0
988 0.3709325094467549 0.4154504175205342 0
989 14.44614599656572 0.112302941304822 0
990 14.2608337357249 0.0861274466976055 0
991 14.05756756383306 0.1066106800979689 0
992 13.86664302838168 0.1137554437967034 0
993 12.7626556394299 0.1031040000508024 0
994 0.08953792929547129 3.855650847893242 0
995 0.5193217869975465 0.2365178811997976 0
996 0.5433910911480186 0.183018652984631 0
997 14.70197349098859 0.09891224427121703 0
998 0.542507340090275 0.1130409751628979 0
999 14.82850395983749 0.1099219551570056 0
1000 0.4983000844340952 0.2905399377280568 0
1001 -0.5482541826517794 0.2443455513699781 -0
1002 1.221035925732299 0.09114523870556172 0
1003 0.526995075300852 0.305032343168202 0
1004 0.844373477892673 0.08723039431108141 0
1005 0.560833406990267 0.1993681675634802 0
1006 11.10372209911486 3.339986619417786 0
1007 -1.266301289495028 0.4033494253114849 -0
1008 0.4607036638362985 3.362319023467529 0
1009 14.42487320164315 1.276684931806742 0
1010 14.64967166575838 0.6098457378989206 0
1011 -0.5688537810679382 0.2877539661986825 -0
1012 0.7004355003937708 0.08602194956446413 0
1013 1.37206309996948 0.09175103322719319 0
1014 -0.8587791866196365 0.2292225297336241 -0
1015 14.15754670792039 1.993461904914239 0
1016 -0.3360287476237968 0.4138714158872506 -0
1017 13.83615691536631 2.955341192270134 0
1018 -0.4357125305683886 0.3576452436387051 -0
1019 14.65995946067235 0.175666921467471 0
1020 0.6142173468494795 0.08605933525724133 0
1021 3.297615984953797 3.668233172411951 0
1022 7.253529387694869 3.830091567849674 0
1023 -3.391137697780763 1.257346718935433 -0
1024 -2.519020926373744 3.76690151451342 -0
1025 0.2799365792678574 0.4472368482432769 0
1026 -1.548758788909627 0.5306728142834347 -0
1027 0.3297870487941999 0.4136265656048572 0
1028 -0.5827357693590557 0.1186020729556121 -0
1029 0.5672432787844087 0.1181107623161084 0
1030 13.7007003311103 0.1042488202603837 0
1031 4.895055893619444 3.861308543765228 0
1032 10.21353573024605 3.64667407640089 0
1033 8.89325422991074 3.870973634308112 0
1034 -3.311771831793692 2.520763004654157 -0
1035 0.5387484536277563 0.2503162898863481 0
1036 12.02359598793153 3.154513749081886 0
1037 14.53035193011629 0.9257884882145077 0
1038 2.269597758746072 3.857020053021565 0
1039 6.421857434090312 3.55012240907547 0
1040 14.81217639926669 0.1684619812237105 0
1041 -3.491071091439933 1.821343250083145 -0
1042 13.29217668727868 3.171349755971451 0
1043 -0.4905221471356397 0.3354253799903854 -0
1044 -3.153049481705461 3.151388092293116 -0
1045 -1.000412088088794 3.862221102551786 -0
1046 0.6715185076681873 0.05719062004412778 0
1047 0.7580278037836464 0.05770150038084084 0
1048 0.7867422740382013 0.08681746836448766 0
1049 0.9025130764018378 0.05834217551287785 0
1050 0.9604138920769739 0.05870416628999138 0
1051 14.35696255515463 1.478952798365868 0
1052 1.018567347127005 0.05912204652356203 0
1053 -3.102102406050709 0.7425603087635482 -0
1054 14.05175601955296 2.307142616747914 0
1055 13.96144300494241 2.624344377372178 0
1056 1.194130960181293 0.05999780864301592 0
1057 1.136150254067162 0.05988872702988562 0
1058 -0.6841199938200566 0.1050921297832555 -0
1059 -2.469402028322527 0.5756678510483684 -0
1060 14.85801381714176 0.2459574533517288 0
1061 1.283279684011856 0.06150566970422616 0
1062 0.4670084658003125 0.3437902884477745 0
1063 14.73493586578155 0.3950820842396943 0
1064 13.58565868344133 0.1117345217360886 0
1065 -1.965687885521675 0.4517312200693387 -0
1066 14.50648129971157 0.1139012009151598 0
1067 14.30539554178281 0.1074966251610696 0
1068 14.11238108369831 0.1102207158267745 0
1069 13.93382092768466 0.1190681083505264 0
1070 -0.9399431600609651 0.2646090606428535 -0
1071 -1.035239371551668 0.30741280863389 -0
1072 0.3899770388726876 0.394826029974367 0
1073 1.315167664359179 0.09406173689248944 0
1074 -0.5892366005380358 0.2364873804126533 -0
1075 1.431055062779028 0.06183788466358926 0
1076 -0.4416516060820825 3.378027133419385 -0
1077 -0.7287145540794419 0.1785126277672347 -0
1078 13.05348649796326 0.040186259983362 0
1079 3.943458644837217 3.809958166421879 0
1080 7.797418931779997 3.867591539169325 0
1081 0.5818907725183947 0.09214157840802617 0
1082 -0.5718868145589271 0.1572231401923948 -0
1083 0.5770061686757999 0.1820906409957904 0
1084 -2.121782062781592 3.809633290083614 -0
1085 13.47767984672249 0.1081131424383806 0
1086 0.4285517773127969 0.3501840546560207 0
1087 12.92721886479987 0.1043100091388312 0
1088 0.5427003486528283 0.2172883954775391 0
1089 0.5344913427407304 0.2711132394042647 0
1090 14.48136758255716 1.093769707998128 0
1091 14.2684480373399 1.713407258509231 0
1092 14.39309874940645 0.107907845860516 0
1093 14.71849075833874 0.1276816642372956 0
1094 0.5616102961207883 0.1356368546023561 0
1095 14.22413788010127 0.09981044089572841 0
1096 14.00716911639561 0.09822695170516406 0
1097 13.82318315330272 0.1075644743380568 0
1098 0.559543031494925 0.2998941239615909 0
1099 1.017659806837376 0.08928256082907482 0
1100 1.757972116161404 3.372898629192286 0
1101 4.340436072019165 3.360200807898686 0
1102 8.356453975630181 3.361006940507765 0
1103 5.823523760308989 3.272208393307172 0
1104 12.4272501359461 2.93512298993206 0
1105 14.23238909203974 1.232433553283338 0
1106 -0.904475845273777 0.345223891357303 -0
1107 0.589779604390685 0.194945407244306 0
1108 -2.176594405326948 0.7796032935255653 -0
1109 13.86821039991228 1.928728521861611 0
1110 1.107492258290261 0.09101337059058673 0
1111 -0.6087379282208321 0.2635706830684789 -0
1112 13.71941760557396 2.603189505750152 0
1113 3.107430731527334 3.253533360980537 0
1114 6.963941152955663 3.324938613638177 0
1115 0.4290833211043322 0.39618989707416 0
1116 14.66066226420614 0.3605237337780042 0
1117 14.43857349829179 0.1770646322069154 0
1118 -1.507638850742056 3.297295457997765 -0
1119 -2.727400283896793 2.788115995198272 -0
1120 0.6716921002791858 0.0856778492638421 0
1121 0.7579306364179496 0.08660524435850991 0
1122 0.9019164185988882 0.08773976575645268 0
1123 0.8749733759330827 3.338562566243908 0
1124 1.251251701453763 0.09269474613496657 0
1125 12.86565782630513 0.1660762531183732 0
1126 13.64535053367289 0.1726007964526356 0
1127 14.76650343613746 0.3093393335496696 0
1128 14.36070522846327 0.1681916861886003 0
1129 14.25088427222163 0.1654657655677521 0
1130 14.17352442464007 0.1723501417796283 0
1131 14.04881804264671 0.1654945289131424 0
1132 13.99191088007095 0.1509153654742534 0
1133 13.85623975459951 0.1742737973452829 0
1134 13.78643901078026 0.153470021925176 0
1135 14.72869278920148 0.2131276902430717 0
1136 -0.6031550297671778 0.1607212574368495 -0
1137 0.3499927425487665 0.4381131524592712 0
1138 14.69539081805661 0.4944916625784429 0
1139 0.56368825377899 0.2393159837569822 0
1140 14.16072282359178 1.422746446823733 0
1141 -0.9546096437120293 3.343836762755085 -0
1142 11.57209824119566 3.285315164164818 0
1143 0.0308681744467786 3.387176125604317 0
1144 14.37380974442258 0.8998783089898978 0
1145 0.5882737058124344 0.1288860151798433 0
1146 0.6429814233405334 0.08550887093713501 0
1147 0.7291668222204586 0.08633398577629105 0
1148 0.8155354641998551 0.08703410568424229 0
1149 14.75828959723156 0.1539109121039001 0
1150 0.8731000115497709 0.08749807321268964 0
1151 0.9306481396968485 0.08807210588075708 0
1152 1.165338610591069 0.08869002421577624 0
1153 0.9594402888501911 0.08846792061665054 0
1154 -2.065170964701416 3.293128056071015 -0
1155 -2.449933687545769 0.8713636346027096 -0
1156 -3.048268472374558 1.105725471206265 -0
1157 0.5059015772718083 0.3330224742673474 0
1158 -1.731489813667402 0.6113542187050363 -0
1159 -2.588208904335928 3.388593218177562 -0
1160 -0.5385941145034918 0.3062303139079819 -0
1161 1.192367223313456 0.08908052562956625 0
1162 14.56627363050968 0.7449008070958489 0
1163 0.449341250460929 0.3705076094481817 0
1164 -0.3827013584661839 0.3694732923108017 -0
1165 14.3064010253302 1.055427587562088 0
1166 14.05662294932637 1.632008925247818 0
1167 -0.3600784063228761 0.3928924734569473 -0
1168 1.282790301409926 0.09377462849246351 0
1169 -0.7889706886158309 0.2005111524380938 -0
1170 13.4371912270742 0.05197056962592788 0
1171 13.53056077373127 0.1108028094240207 0
1172 1.4016596467435 0.08216754321265557 0
1173 -0.4730788801859588 0.3766954330915046 -0
1174 0.3868414684769396 0.4304300985993169 0
1175 13.54472964122685 2.825599388225918 0
1176 0.3057229231426137 0.4317405936999956 0
1177 13.08730677246911 0.1001680876651993 0
1178 -0.2837312448482534 0.4496509144473354 -0
1179 14.57461651101188 0.1781536093446469 0
1180 -1.397329816064528 0.4565387986234182 -0
1181 10.64673995090193 3.334338880332511 0
1182 9.776942567447339 3.338053786121904 0
1183 -0.627337234429353 0.1287928667218401 -0
1184 0.5963649004298237 0.1127018845298704 0
1185 -1.144821865661081 0.356263239493225 -0
1186 -3.283100703127426 1.538558983294298 -0
1187 3.400036157486923 3.150257057465139 0
1188 7.380652421563697 3.35510088176345 0
1189 -0.3106685362483931 0.4331470852961053 -0
1190 0.5811359595037571 0.2115591935617249 0
1191 0.2522169613768518 0.4600389282893881 0
1192 0.5622211509541056 0.2717501869098128 0
1193 0.5754051181762855 0.1479375603204473 0
1194 -0.8264395041656387 0.2971925977064171 -0
1195 2.691282544192617 3.33319277431963 0
1196 6.677055475334993 3.29088127424923 0
1197 14.79160525887839 0.2342816447981451 0
1198 -0.665707931517921 0.1654517239489876 -0
1199 1.353872244283081 0.1286193387966606 0
1200 0.9289657018853241 0.1181084350347947 0
1201 0.5883116243747009 0.2981251316699687 0
1202 3.007952906561134 2.877338697771688 0
1203 7.022311876204699 2.928413321534367 0
1204 10.65318340090348 2.906169730474947 0
1205 -1.464650138633859 0.712666073346633 -0
1206 0.04319501247349904 2.966080951491528 0
1207 14.02033656718117 1.369242393060064 0
1208 13.85054318690428 0.2387374122209481 0
1209 14.23935558226253 0.2472932924427755 0
1210 0.7862694871903009 0.1159729845304642 0
1211 -1.389148247062447 2.705636738190535 -0
1212 14.41298469874585 0.7562879684211793 0
1213 -2.083096407909951 1.097721322113182 -0
1214 1.216292413666701 0.1221380980652823 0
1215 -0.8495955763513825 0.4130988205863131 -0
1216 -0.3327174130998315 0.4614723351808189 -0
1217 0.6719818317666212 0.1139879164714782 0
1218 -0.4491925680105103 0.4136169778159662 -0
1219 -3.0610387008153 2.003018448877648 -0
1220 0.3814369830410596 0.4622031095056622 0
1221 12.99991317937714 0.144934912389971 0
1222 13.14362616972521 0.1070695775966711 0
1223 0.6141796882264589 0.1443075552988272 0
1224 0.2620326371082469 0.488050854150913 0
1225 4.845704971098304 3.365882224334228 0
1226 8.863903060445113 3.351619120214182 0
1227 14.43510229350586 0.2510129823731183 0
1228 14.03516376194629 0.2313203828083141 0
1229 0.4735344539038094 0.3905390779911557 0
1230 1.047142533934423 0.08984017633137303 0
1231 0.6061378678641877 0.2172982516289597 0
1232 13.30567869040588 2.612388174860607 0
1233 13.72946970555893 1.635790158761871 0
1234 1.316747234241358 0.1289134817218933 0
1235 -1.115625802563462 0.4796785728934389 -0
1236 14.63248704719368 0.2593521490447742 0
1237 14.59319564871354 0.4443264645498736 0
1238 13.70976493913865 0.1676553806301948 0
1239 11.9240009926474 2.782697045381661 0
1240 14.23661233429688 0.8434958213680278 0
1241 -0.6734387782130736 0.2121923757240731 -0
1242 13.66242296815644 2.326271822431542 0
1243 2.23075509420332 3.372089723529611 0
1244 12.28409712309238 2.620533649602879 0
1245 6.24693249813915 3.157861273931006 0
1246 0.8702327769180619 2.956076428361789 0
1247 3.763531099773344 3.378407463403521 0
1248 7.85637004856425 3.371641124066924 0
1249 0.7003837066534111 0.1145235791871284 0
1250 0.7289129382867598 0.1150961644814682 0
1251 0.8149071996776454 0.1163231861377997 0
1252 0.8434891765658831 0.1166780561491871 0
1253 0.8719570856322029 0.117090842422952 0
1254 1.299664236280756 3.350311627582953 0
1255 -0.6104133970510408 0.1993549439712375 -0
1256 1.13762713834248 0.0902791249721223 0
1257 0.9883939175518793 0.08893173694841043 0
1258 14.15499110269851 0.9823712954432683 0
1259 14.55300410635597 0.5672824500367785 0
1260 1.077116486500209 0.09050462872500555 0
1261 0.4903823450028121 0.3603430548718917 0
1262 0.5378811798843239 0.3267663192799416 0
1263 -0.7094545073113782 0.2294077448065734 -0
1264 14.51539500068303 0.6468699558693962 0
1265 13.58254396100027 0.1740796293466711 0
1266 -1.24348182833889 0.5550192570841743 -0
1267 -0.4139397279220847 0.389152455229883 -0
1268 1.166656991881641 0.1098520964750103 0
1269 13.00128867060365 2.926205706962373 0
1270 10.2062884327385 3.322588630913118 0
1271 0.4059247092916757 0.4177421155675392 0
1272 -2.739143857892155 0.9746002934230797 -0
1273 12.81602172568804 0.1067362636951542 0
1274 -0.5937404591234999 0.3283373870839712 -0
1275 -0.3601642471769358 0.440229466750094 -0
1276 1.248127761311567 0.1256234200710614 0
1277 -1.939502432140193 0.6900934396935648 -0
1278 14.50530802626976 0.1796087461674661 0
1279 14.30505185324749 0.195619235596932 0
1280 14.10920766224428 0.1720055468200402 0
1281 13.91405456587191 0.1901134459720942 0
1282 5.344880738394141 3.336368853757686 0
1283 9.340785354759493 3.353741988218662 0
1284 0.61614914245738 0.1133407671742286 0
1285 13.42700998085933 0.1051262524786633 0
1286 10.61848516599474 3.82057730493706 0
1287 0.5913872483191337 0.2710330423456732 0
1288 -0.5439944237491252 0.352929685513821 -0
1289 13.46824076043857 0.1638976045009998 0
1290 0.5973806905738315 0.2436025040922593 0
1291 -2.034097433029144 2.747150584018865 -0
1292 -0.2545003377960079 0.4616445912902699 -0
1293 -0.999734918511437 0.4072232901032615 -0
1294 0.5938857018917607 0.1655338827524671 0
1295 0.2935220194050137 0.475317447378814 0
1296 -0.7620962234631168 0.2589045427506924 -0
1297 -2.938059677689727 1.535777057471726 -0
1298 0.3232452541231086 0.4593003312101809 0
1299 1.208362382686316 0.1546899227401396 0
1300 5.275005223286975 2.888421803821473 0
1301 9.34987022192559 2.907475101947961 0
1302 11.87412961316028 2.446670787969779 0
1303 0.8416665776244098 0.1465078935546416 0
1304 0.6168722606579997 0.2968595355418019 0
1305 13.98541394692706 1.157767825873973 0
1306 14.29272734147258 0.7085887591826139 0
1307 -1.523343340827317 2.222475938013635 -0
1308 0.6997205706033166 0.1428877224507737 0
1309 1.016432282305465 0.1204857779932235 0
1310 0.6253212941661159 0.1674525697021654 0
1311 -0.6231674932462552 0.3749134948690601 -0
1312 14.49137393131394 0.4347471589954697 0
1313 4.351267613831717 2.907958404131299 0
1314 8.355513189541233 2.894724346759178 0
1315 0.2152129954878428 0.4981289703930417 0
1316 -1.069116507074217 0.6136589693488531 -0
1317 -0.7237441761201069 0.3078011532270979 -0
1318 1.400754925256796 0.123477344276638 0
1319 14.30393923480587 0.2506465782321795 0
1320 14.10199121923329 0.2405194894535124 0
1321 13.89880444679391 0.2369617217448617 0
1322 14.50337884551239 0.2517151107396841 0
1323 13.37575923526375 2.154299808723032 0
1324 -2.493686002419423 1.55080184555407 -0
1325 0.5165086585255185 0.3727287731803371 0
1326 0.421412635282835 0.446932071413365 0
1327 2.197220449007792 2.932860897987602 0
1328 1.314903606369705 2.95564921378137 0
1329 11.10374089193462 2.907188097102325 0
1330 14.56895574251733 0.3683241103018742 0
1331 13.20203828665918 0.0530843948807497 0
1332 0.4514006935551131 0.4215349833647359 0
1333 -2.469572265186992 2.053217803959805 -0
1334 5.790030502089742 2.788144274870989 0
1335 0.6444963075952309 0.1416215510823585 0
1336 13.64321768718943 0.2411134903436963 0
1337 -0.265232854616639 0.4933778692034381 -0
1338 3.381530901722063 2.861887683708548 0
1339 7.45660547735098 2.922356891697226 0
1340 12.19616925291793 2.328878658016523 0
1341 0.6256722609016182 0.2466007112199421 0
1342 0.3044466029233671 0.5001882710678368 0
1343 -0.8435008579680191 2.877629100042822 -0
1344 0.4507704046705562 2.96775718576647 0
1345 10.20044084409964 2.914314171374436 0
1346 14.43794985708709 0.63405894832771 0
1347 -0.4187397645398175 0.4476374987472406 -0
1348 0.7575353659367926 0.1155912707012424 0
1349 0.9003411851276485 0.1176023741828387 0
1350 0.9575892373129311 0.1188867228180093 0
1351 0.7850880118611809 0.1454263780500827 0
1352 13.78245623367997 0.2380202974343147 0
1353 1.046779673102074 0.1214317387067023 0
1354 1.077766565988591 0.1223149498399889 0
1355 -2.451260455939762 1.186195729083101 -0
1356 -1.682683776720819 0.8840214981428455 -0
1357 13.07335406216183 0.1610772230307607 0
1358 -0.935143397970474 0.4906085056098384 -0
1359 -0.6390627249381646 0.30198453552289 -0
1360 0.5580549889207738 0.325835767911936 0
1361 1.186949747231755 0.1162359885581719 0
1362 13.41372909582089 0.1600295091393471 0
1363 13.39076467247057 0.1023202832126173 0
1364 1.281685315817338 0.1278819602374083 0
1365 13.58249376284361 1.940780755727499 0
1366 13.15113032725564 0.05202880039842282 0
1367 0.643598179300791 0.1138605225021732 0
1368 1.14513223563929 0.1249959294211801 0
1369 12.76518956232481 2.65885839722478 0
1370 13.90344544115095 1.488379821521026 0
1371 14.36777312127123 0.2504959881037127 0
1372 14.1705367271085 0.2445842711505026 0
1373 13.97173555132144 0.2124673441042477 0
1374 1.347773157054066 0.0936881151131249 0
1375 14.56872870481024 0.2496292869228411 0
1376 -0.5172101201686282 0.4036500693572384 -0
1377 13.52247134630169 0.1705922010894098 0
1378 -0.6793896326552298 0.2693826479281558 -0
1379 -0.7800757991755044 0.3545939619562435 -0
1380 2.61845017838479 2.902862889210241 0
1381 -2.693854781328128 1.212664972941159 -0
1382 5.448944355510261 3.83093770578389 0
1383 -0.3526253399493428 0.4842537592093935 -0
1384 -0.3880604621279259 0.4171845233290943 -0
1385 9.414043329501888 3.853363138627979 0
1386 -0.6454936548837662 0.2352054418883936 -0
1387 1.205737987039072 3.757574877676356 0
1388 0.5286673861322833 0.3451397125823057 0
1389 0.6141886605539524 0.1902832215004867 0
1390 -1.899450624200081 0.8772749603721703 -0
1391 -1.361384571672866 0.564016750705036 -0
1392 14.0639964492641 0.9051214735171548 0
1393 -0.380242283347077 2.940990119643365 -0
1394 0.6193854847787745 0.2722583857502879 0
1395 14.69738406987639 0.2843280305918568 0
1396 12.99384468452026 0.2262062357800795 0
1397 2.585608155741204 2.441161055042024 0
1398 5.570185796606852 2.436152710543432 0
1399 7.041368504728218 2.434722807423517 0
1400 10.67449384356294 2.452608503542382 0
1401 11.85965216816597 2.138556507841161 0
1402 0.0903032433254308 2.588685922742135 0
1403 13.29299609737116 1.85365565581492 0
1404 1.333720376242459 2.580796059955695 0
1405 0.6385775937803686 0.2950819390992816 0
1406 13.85759600641574 0.3087281237718911 0
1407 13.94411601179864 0.9336453605777164 0
1408 14.16201764791826 0.3231947093540108 0
1409 -1.517923057077553 1.02607029067357 -0
1410 -0.8445705588851247 0.5463394495105669 -0
1411 13.13680027676581 0.1681649377618272 0
1412 14.11882535989407 0.7694315252387284 0
1413 1.356418000084196 0.1685690116601505 0
1414 14.34213893481141 0.5908999796126848 0
1415 0.9259236859807904 0.1488342321376409 0
1416 1.046781562533113 0.1545860967063707 0
1417 -0.1486796766620394 0.4962155480736572 -0
1418 0.4857910015375042 0.450679712401817 0
1419 0.7565495874956742 0.1447681784366392 0
1420 0.8696007449804306 0.1471200683348119 0
1421 -2.136657220814452 1.777976995961867 -0
1422 13.34236715469305 0.1501153342580843 0
1423 13.29992749310024 0.04873377051639027 0
1424 14.4317002322628 0.3305149976905741 0
1425 0.3985266965208554 0.4945337579794587 0
1426 6.167266889560173 2.873083989222891 0
1427 0.6442760016642421 0.1681033389887784 0
1428 -0.2169729523388185 0.4912872677590615 -0
1429 1.176192520208378 0.1440992602606578 0
1430 1.760605053070096 2.955171586222708 0
1431 4.814952016184521 2.921105871703242 0
1432 8.878353464916932 2.800978661400191 0
1433 9.769245098344502 2.925578533080527 0
1434 3.843841881320066 2.804487194406498 0
1435 7.90048841595422 2.926546628556299 0
1436 13.63196970542512 1.444565174144709 0
1437 -0.6645639086559897 2.47105605858314 -0
1438 -1.218638982645599 0.6970742610023862 -0
1439 0.5456247439563039 0.3790342531077529 0
1440 1.316423507868532 0.166911674011051 0
1441 0.8529341925145927 2.533442733132981 0
1442 -1.775961439271324 1.18903877372659 -0
1443 14.46620127456306 0.530288498864089 0
1444 13.25648316740294 0.1057446890213456 0
1445 13.20032065795276 0.108913749974425 0
1446 13.57616628631773 0.2410241459906627 0
1447 13.45844188678844 0.206662105963589 0
1448 -0.8884903448658513 0.6453891264263555 -0
1449 -0.7222335760695545 0.4005155338585943 -0
1450 0.1679987594001764 0.4989760251200283 0
1451 -2.136109528165592 1.505185209462245 -0
1452 0.8133221340301551 0.1460370959326616 0
1453 0.7279819494463334 0.143905735519579 0
1454 13.52196309078738 1.752926970903118 0
1455 0.9867070152415293 0.1197900565925001 0
1456 1.455522173849224 0.09769523787348136 0
1457 12.58741829395691 2.410380264566319 0
1458 2.9788724019557 2.519880986674567 0
1459 0.2790238344423376 0.5279600867414571 0
1460 0.5863537597894918 0.3252251078441831 0
1461 1.431188993071355 0.09557940878653691 0
1462 14.02005404435149 0.3026560908003433 0
1463 0.503573309232188 0.405072080164508 0
1464 0.240907988843162 0.530154696470015 0
1465 13.346320348075 0.04696880508363377 0
1466 0.6332105169087793 0.2202630635552224 0
1467 -0.3024218526070331 0.4814701976144415 -0
1468 13.71139697617361 0.2395961925665965 0
1469 -0.4900707152406651 0.4437696754985689 -0
1470 11.52229191975459 2.50873127064714 0
1471 1.242955335140418 0.1605019608020662 0
1472 1.109294373247832 0.1229683162048607 0
1473 -0.6765744865504253 0.3464790473061427 -0
1474 14.3671641814094 0.32614927044625 0
1475 14.50724975137592 0.3417461485411444 0
1476 -0.3822826419058556 0.4744296262926965 -0
1477 0.6717442662216102 0.1419420730548123 0
1478 13.78678928509767 1.325136247800929 0
1479 14.60183930980582 0.3245424909234053 0
1480 14.23395487535116 0.3277372206450463 0
1481 0.6401348552234278 0.193983720523033 0
1482 -0.5825675780484693 0.3902297983859927 -0
1483 14.56261367460825 0.3010061148105272 0
1484 11.53086965209336 2.87183510544057 0
1485 0.6457994876438303 0.2764823320490721 0
1486 0.5536899688479958 0.3510859787850529 0
1487 1.31261079897234 0.2081840425087728 0
1488 4.400069649477187 2.522308898210689 0
1489 2.755881866265105 2.191413960810004 0
1490 8.329896803439217 2.495626744566164 0
1491 9.760769200809351 2.550063724036287 0
1492 13.56430888075461 1.322649049513025 0
1493 0.8384711272286475 0.1768209163153495 0
1494 1.04087402587037 2.212053141177743 0
1495 0.6745965459770763 0.2835839120492487 0
1496 -1.354127466482158 0.9762455663705318 -0
1497 0.7261043292796657 0.1729154119974216 0
1498 -0.8005164560286158 0.6514223379341224 -0
1499 14.17649136689358 0.6121520875950485 0
1500 11.54611566104126 2.180779322437503 0
1501 14.15481592304654 0.405469895751765 0
1502 0.6605429845217173 0.2238277756309317 0
1503 0.5317111334381648 0.4467449847706327 0
1504 1.398835520347216 0.171305459727817 0
1505 9.114461569874504 2.509291994447032 0
1506 -0.3320010243553441 0.5270123304508746 -0
1507 -0.2236431770785192 0.5374555578964686 -0
1508 13.25317141701938 1.599521236758094 0
1509 12.78295121258902 2.235769356239985 0
1510 12.1475248983364 2.057271888439703 0
1511 13.93846068179987 0.2857359967015299 0
1512 6.029223662399684 2.454032991865842 0
1513 0.4480937818063476 2.603506755281053 0
1514 3.32215236028324 2.515848433960596 0
1515 12.92795441228533 0.1620171489182985 0
1516 7.529440222409708 2.518155940018782 0
1517 11.14903651365629 2.52068257085297 0
1518 13.19984283133116 0.1699390629719802 0
1519 -0.2744874861102909 2.546581164233986 -0
1520 13.31034086681887 0.09562298088963671 0
1521 0.7545733811977854 0.1742583993781979 0
1522 0.5758386551219641 0.3815746170853809 0
1523 0.7827256647127518 0.1753279758626471 0
1524 0.3414496911991589 0.4999896720502777 0
1525 2.158691730830755 2.534711160433774 0
1526 1.13679768978682 0.1530149028474951 0
1527 1.523920800082876 0.06647750443263467 0
1528 1.491413189624397 0.06558448175826942 0
1529 6.44393744719644 2.60192293737661 0
1530 0.9545970636082878 0.1502295227951207 0
1531 0.1936176161912602 0.5436072998824383 0
1532 0.8975175202852521 0.1479119196541241 0
1533 0.6664270623647719 0.1966874494312108 0
1534 1.278703303029405 0.1645473552473385 0
1535 13.78236169654754 0.3145742985498796 0
1536 13.63476531398257 0.3139333162126633 0
1537 13.41213591020117 0.217148460009572 0
1538 13.06220333155321 0.2306196150522108 0
1539 0.438500809537614 0.491235247502176 0
1540 14.30280734856266 0.3290176145509963 0
1541 14.08959633019336 0.3158034223001667 0
1542 0.6177945527694809 0.3238311691844509 0
1543 5.20034331686056 2.496288001276275 0
1544 -0.4064373121962366 0.5339243901618456 -0
1545 -0.4574678322487218 0.484552280787751 -0
1546 1.014984549799932 0.1532689263938552 0
1547 0.2657151340695892 0.5787166241762284 0
1548 13.34704371865521 0.08223330161574043 0
1549 -1.881627837219585 1.829043546275252 -0
1550 -1.827161804475014 1.498295027125589 -0
1551 13.49940834476159 0.2421085878704558 0
1552 1.079609494750696 0.1556690914695112 0
1553 14.38514588480294 0.4922731363729643 0
1554 -0.1345668019415799 0.5080929578088953 -0
1555 13.79620942262845 1.085947161316822 0
1556 -1.065447409692114 2.425936450622496 -0
1557 1.447793009749584 0.1342098656685008 0
1558 -0.7792416207603639 0.4667092339292448 -0
1559 4.060914364109648 2.45215572368747 0
1560 -0.5751073296008971 0.4463055309918564 -0
1561 -0.6558489467882126 0.434471417485998 -0
1562 0.6535672899588147 0.2507622264166305 0
1563 6.617627563658633 3.012827484269436 0
1564 0.5373684201567186 0.410834771134194 0
1565 13.05487804816896 2.309344885975306 0
1566 -0.1734536748707584 0.4982123677824929 -0
1567 13.45786117333053 1.536879248998997 0
1568 1.756517347676497 2.573760371736793 0
1569 0.6701164589142298 0.1694597744517122 0
1570 0.1456299279537246 0.4962539752775273 0
1571 13.91541565237263 0.7646899231485629 0
1572 0.5824754646271428 0.3531876427278914 0
1573 12.983733474248 0.2980189125770179 0
1574 4.431988564045247 2.268672938543073 0
1575 5.500462556706872 2.138703687227551 0
1576 6.441912913944854 2.17152936401629 0
1577 10.4303367665141 2.140126303739563 0
1578 11.8665841237478 1.854708262514442 0
1579 0.1635107715726686 2.255356516091882 0
1580 13.23503710344419 1.379329841990301 0
1581 13.64210121872976 1.172252841602155 0
1582 1.442182954477564 0.1759027389910452 0
1583 -0.3864963575876781 0.5953452076782255 -0
1584 13.87119248570383 0.3861335730273737 0
1585 1.157428696715534 0.1788268533706129 0
1586 1.046821200498553 0.1900401000505508 0
1587 0.7518133813649299 0.2042742509138022 0
1588 0.4181905435193639 0.5425600960358923 0
1589 -0.8187419055559633 2.067435329156532 -0
1590 13.34384771923786 0.2264485782340741 0
1591 -0.1658061783632854 0.5372073542147769 -0
1592 1.235048372524081 0.1978577210264498 0
1593 -0.8851619373948102 0.7843740500476217 -0
1594 11.02151965190309 2.170465215957994 0
1595 3.635943268269191 2.45360739306934 0
1596 1.379036717207363 2.245837994585823 0
1597 2.105335658721766 2.186234872333872 0
1598 -0.1004073668699991 0.5210905363398946 -0
1599 13.26545174545311 0.1655956988729675 0
1600 8.69488482626584 2.402065235963269 0
1601 5.801424256895373 2.350927452450251 0
1602 0.3252590247157707 0.551262304916833 0
1603 12.46934687544876 2.174907787412037 0
1604 0.5681077282542888 0.4422426525759225 0
1605 0.6887696983920681 0.227764775872295 0
1606 -1.540146354083996 1.845025083383371 -0
1607 14.31051228741072 0.4282656546459973 0
1608 -1.106358857147844 0.9148323564201237 -0
1609 6.799637264683455 2.071864528779983 0
1610 2.97727598879127 2.207746892421969 0
1611 14.00952938320261 0.3586361618841897 0
1612 -1.29345072993269 1.225286916129809 -0
1613 0.1513940438807028 0.5333993286656215 0
1614 -0.4725569490835819 0.5816708821968744 -0
1615 13.03548500796192 1.931215527965342 0
1616 1.48682469311901 0.1386002179550433 0
1617 12.92475126071259 0.2285775656307225 0
1618 1.554727405755269 0.03321568910761602 0
1619 0.8105371721713895 0.1762800431576544 0
1620 1.524523903321193 0.1025992082538651 0
1621 0.3829180118943097 0.5243853910446361 0
1622 -1.529302231520097 1.228039826136184 -0
1623 0.6940538977605337 0.1995361487140508 0
1624 14.36740552246217 0.3860463409458515 0
1625 13.42748315945361 1.347637477103799 0
1626 0.8657506092439413 0.1772904342256957 0
1627 0.9210006988475514 0.1801224900570003 0
1628 13.1302689456036 0.2362091840455781 0
1629 0.4975542392786981 0.4859729785127267 0
1630 13.56459243044139 0.3097946874448935 0
1631 1.353242671999878 0.2125454742910086 0
1632 1.489430556902652 0.1009182880326301 0
1633 -0.5259717058001707 0.4720753009879495 -0
1634 1.112334704195021 0.1550266315349896 0
1635 0.6576061557405766 0.3159624638925678 0
1636 13.96333627045404 0.664765081332598 0
1637 0.2283476036841097 0.5590738101581703 0
1638 4.791154314124888 2.528074270268048 0
1639 0.9842322659127547 0.1518622891929636 0
1640 14.22593541905089 0.4122261099199164 0
1641 13.7816675033584 0.9572482607872497 0
1642 -0.699450870170367 0.5096080645985424 -0
1643 -0.7553957286983806 0.5895068047310469 -0
1644 0.6056595078757632 0.3869274960701867 0
1645 0.6975728624344739 0.171214396249542 0
1646 13.42695758409276 0.2801227332050368 0
1647 14.06588212642945 0.4059792864691413 0
1648 10.16912423405386 2.533394164678121 0
1649 -1.967669278029808 2.233528003583891 -0
1650 14.4166833618524 0.4093504145401632 0
1651 0.6759928096887082 2.301302422541037 0
1652 -1.145002927056514 2.154944721998136 -0
1653 14.02683999810708 0.6592830984043695 0
1654 11.22604872321057 2.188532355311941 0
1655 14.26188041729102 0.5277342077023035 0
1656 0.6824851836269918 0.2555974055851665 0
1657 -0.2734458963748532 0.5368799649957524 -0
1658 13.70715187247278 0.3156040943579527 0
1659 0.5699198622227115 0.4105838654473684 0
1660 12.96830658898609 0.1006472119710867 0
1661 -0.4462863309876105 2.177685811724883 -0
1662 0.7750960324449653 2.121971244565066 0
1663 2.504807572728135 1.804292358666795 0
1664 8.303448569599631 2.163270123111186 0
1665 6.664458228591672 1.858944879360598 0
1666 13.23251567087851 1.182077300825884 0
1667 13.61030222582078 0.9734603165758592 0
1668 -0.5336810776653591 1.953490955972071 -0
1669 0.8344213278662989 0.2075866625669933 0
1670 -1.057353319277921 1.203399846128774 -0
1671 0.03910820804766582 0.5344386209168671 0
1672 -0.1813434364056709 0.5889623892838141 -0
1673 -0.07426876715275599 0.5663745876379351 -0
1674 -0.9155543669438054 1.759694301323593 -0
1675 5.795654764718136 2.140873064073839 0
1676 5.159898445373808 2.145510214089572 0
1677 12.9183321123797 0.2986687114382273 0
1678 -0.4209468489182575 0.6384521150190963 -0
1679 0.1178553071362372 0.5403430527261168 0
1680 11.29504179674706 1.891924583652806 0
1681 13.19910859171224 0.2378441428802494 0
1682 1.617393053284592 0.03348955923740233 0
1683 1.304643400798337 0.2533649890826056 0
1684 0.7792080983831059 0.2052433012051189 0
1685 0.7120129393695684 0.2595652038151677 0
1686 13.98081067489786 0.4523704493406966 0
1687 4.16886010409597 2.124156446846596 0
1688 8.832766711105666 2.052539747268885 0
1689 0.3102051280973042 0.6004428783218855 0
1690 6.09237402520134 2.165823544258992 0
1691 0.4006960797091986 0.5738720561047339 0
1692 -1.257229517993965 1.507056228169301 -0
1693 -0.6009459217007795 0.5533787523319122 -0
1694 4.732239769254011 2.134513701572055 0
1695 3.269442708800927 2.203726501046331 0
1696 0.5302920903980126 1.980728858590144 0
1697 14.15592864754265 0.4891842956467951 0
1698 10.69560186249284 2.04738853910489 0
1699 7.336040227433816 2.059784900009678 0
1700 1.745949826953555 2.227642877408744 0
1701 12.12280378748189 1.806820280523553 0
1702 11.57839903975035 1.881278028622396 0
1703 0.7177500389125108 0.2317636441866691 0
1704 1.525692562088041 0.1417795604092343 0
1705 -0.7577149180973921 0.7130834143576283 -0
1706 13.27074166223642 0.2340646513434298 0
1707 1.012964709251442 0.1878796700398174 0
1708 0.6023578940833286 0.4312881146507854 0
1709 1.118522678892938 0.1895789164952469 0
1710 13.7580703856832 0.8095557107456517 0
1711 13.42566451559369 1.168213282063264 0
1712 1.557199275661791 0.06781347843271747 0
1713 0.7227229570607905 0.2024752777942789 0
1714 -1.012459051710165 0.7706314549468166 -0
1715 1.395182901900562 0.2172186377313884 0
1716 13.7850183819184 0.3944621190805722 0
1717 1.586341392105498 0.03370395118236853 0
1718 1.198360190268383 0.1895142590192552 0
1719 12.85617057662347 0.2329811457986481 0
1720 0.1841258975407606 0.5736478430821532 0
1721 10.10060832856528 2.196954029607981 0
1722 0.8929222626553657 0.1783233814368353 0
1723 7.933362775652175 2.531727790402339 0
1724 13.02349251934005 1.648415384390545 0
1725 -1.537947588630184 1.516557260994537 -0
1726 13.952524881129 0.3717937017064526 0
1727 0.5274597889349586 0.4849775629734068 0
1728 13.05164056193466 0.3047793358677447 0
1729 -0.1171821001504195 0.5561828777004478 -0
1730 1.484831437076092 0.1809435762670794 0
1731 13.51152910109382 0.3035592125918491 0
1732 0.4796164095403906 0.5162811167672895 0
1733 0.9499883930924981 0.1826351936571413 0
1734 13.89939446001101 0.5813991951924987 0
1735 12.56019944313431 1.86133339459493 0
1736 -0.5146367050463647 0.5152609919640807 -0
1737 0.4615781976331277 2.291852466105817 0
1738 0.3684182085507835 0.5666832982014138 0
1739 13.35214678351727 0.2998969814160576 0
1740 -0.2745371792317727 0.5767152591611242 -0
1741 14.21434419622058 0.478341956811176 0
1742 0.8840881855531589 1.908091548825418 0
1743 -0.2337541793905918 0.5848441441698767 -0
1744 -1.214525370331482 1.818001878696796 -0
1745 0.6151912154485217 0.3554919308315469 0
1746 0.5937929663368215 0.4091749536923445 0
1747 13.62108253867238 0.3889410964640527 0
1748 5.781159832999478 1.878707849581625 0
1749 4.860824868152533 1.829102727392081 0
1750 10.03727428942722 1.904439846263827 0
1751 11.32310985860574 1.617672639239142 0
1752 11.90762143403336 1.558340328613761 0
1753 1.527300359642379 0.1849122016250828 0
1754 12.91684507585782 0.3523034208037928 0
1755 0.7197985912612129 1.842360486401832 0
1756 13.23230218387724 0.9966244129213502 0
1757 0.7085883488501259 0.2880461488010976 0
1758 13.60509639482045 0.8145976486665054 0
1759 -0.0321849142231266 0.5741846538118516 -0
1760 -0.6457506010371958 1.670835963809908 -0
1761 0.913367515835368 0.2115659050188676 0
1762 7.62648787511693 2.168798472554414 0
1763 -0.7523409701226791 0.8545878611306728 -0
1764 0.6423976594798666 0.4056096564651119 0
1765 6.371454491128967 1.866483086208543 0
1766 1.560370995220577 0.1046114857765366 0
1767 3.551835643904249 2.175246587301439 0
1768 0.2463922289198468 0.6242451954496654 0
1769 0.7341713094394984 0.2615409382663258 0
1770 3.240533399080848 1.922551847995977 0
1771 4.45234568551541 1.892093733790366 0
1772 2.068929976178383 1.886516309013674 0
1773 -0.1331072817859962 0.5984176874782097 -0
1774 7.963134695717595 2.188253229574203 0
1775 11.02126877301531 1.871374665169547 0
1776 13.2738590660372 0.3094803161563017 0
1777 1.655045380091532 0.06641977823516773 0
1778 1.082612827543805 0.1918082068487029 0
1779 1.046775105118434 0.2280028320653892 0
1780 5.497970894074652 1.859668345295424 0
1781 -0.3259422139673676 0.6177207334886686 -0
1782 6.866181589380241 1.723220483028828 0
1783 10.68263297749361 1.80352914305746 0
1784 13.42404609976847 0.987170358235623 0
1785 -0.5359878578147812 0.6421368500096098 -0
1786 -0.8800747513870584 0.9693346719354932 -0
1787 -0.6793830210310398 0.645259498394116 -0
1788 0.07235659895300539 0.5290533848134055 0
1789 9.748845254135089 2.216674372128188 0
1790 12.80288789477868 0.1664771513421583 0
1791 13.02507708118904 1.409107479138887 0
1792 1.272712073269497 0.2040944069080629 0
1793 13.81278207181532 0.6631904503587152 0
1794 1.438325249029769 0.2224368834558666 0
1795 13.12339963041181 0.310825472817143 0
1796 0.750344984482104 0.238735686991824 0
1797 0.004414093413367888 0.535720111374386 0
1798 0.6541166064747824 0.3584936878379091 0
1799 0.9806459354795826 0.1854494142339857 0
1800 12.84908330515139 0.3066718938820185 0
1801 1.159379036695906 0.2138969330130053 0
1802 1.186231756598117 0.2254572354552866 0
1803 13.88938205876992 0.4716894085497065 0
1804 12.78921037629729 1.671140668482097 0
1805 1.390541256123436 1.977377757633649 0
1806 0.8608896098722286 0.206228045140988 0
1807 1.346203704694119 0.2596946361896772 0
1808 0.806300645592713 0.2072191809829318 0
1809 0.5668105759710993 0.480797372626393 0
1810 -0.9950393520472166 1.472300461602811 -0
1811 12.96673904357245 0.3681945231387225 0
1812 -0.2697666096210036 1.829108734594093 -0
1813 1.591303650146772 0.06922789149784322 0
1814 14.09291232728845 0.4861372944359761 0
1815 13.6999759709615 0.3944085797068925 0
1816 0.5184145890635521 0.5271944404487997 0
1817 13.4614058388099 0.3617818823321658 0
1818 0.1480909232080225 0.5873168570930285 0
1819 3.843775680296974 2.35830047341964 0
1820 0.4565574764102762 0.5617084565884582 0
1821 14.03731330375835 0.5583230485825541 0
1822 1.125254399695989 1.970293801955962 0
1823 0.1027692722727861 0.5190971223266282 0
1824 12.39272622917302 1.952927834408392 0
1825 13.54650827056975 0.3831662192371959 0
1826 0.2346204128082302 1.971365246902856 0
1827 1.16857931282098 0.2628469588706408 0
1828 8.292177345348609 1.873598607094054 0
1829 5.769775343995036 1.629515068838827 0
1830 12.86007324680662 0.3970175710942465 0
1831 6.584320878778794 1.509195166517018 0
1832 0.2942252967633877 0.6542627681238593 0
1833 0.9749517568552297 1.710832821278257 0
1834 13.02382472741887 0.4681831657643604 0
1835 -0.3609604194219592 0.6809874685625544 -0
1836 12.80293822450281 1.429849800352477 0
1837 0.7419250117844092 0.2823003042815413 0
1838 13.41402011627349 0.7928755568096146 0
1839 4.206537026787634 1.776691513930178 0
1840 1.29292992771243 0.3023143893693699 0
1841 9.737658758848829 1.91870866423759 0
1842 -0.7199045081545353 0.9567162275725433 -0
1843 13.46013902196088 0.4667603480019188 0
1844 0.6939639896020806 0.4004856310616194 0
1845 12.11026456734156 1.627657776887785 0
1846 0.8338358368423986 0.2417823543978393 0
1847 3.508899734022591 1.905045558908916 0
1848 0.04889460992509478 0.5742186542669712 0
1849 1.363387523946419 1.815192480879883 0
1850 1.703131766001907 0.02987343698452535 0
1851 10.87367330589482 1.623399996625477 0
1852 1.223453829053637 0.2376593199123711 0
1853 1.084925896251918 0.2307894352249309 0
1854 2.975104796412255 1.931722421603681 0
1855 7.700777425949961 1.884006791518116 0
1856 7.098305603568953 1.805243402988623 0
1857 0.1807586087031278 0.6295526714794738 0
1858 11.59584764431009 1.6042336594112 0
1859 -0.2453008187345438 0.6489778251991839 -0
1860 1.596548251964428 0.1067160251312855 0
1861 5.17914944396216 1.782196646634677 0
1862 -0.8366628454444784 1.175744871430564 -0
1863 10.33901268747331 1.866743463561822 0
1864 13.0322430952933 1.200758494955117 0
1865 12.74248817545277 0.1605278498879365 0
1866 12.78632308062072 0.2338331736478264 0
1867 -0.68641217644173 0.795351937317395 -0
1868 -0.4687383199700205 0.7072124204597856 -0
1869 0.09669396612965925 0.5727791124452143 0
1870 1.010425706599706 0.2247623465747248 0
1871 6.070463378934668 1.883961410970819 0
1872 13.36311777893948 0.3821808679430401 0
1873 1.130048869415799 0.2343215909048404 0
1874 1.564790487429039 0.1442848749665351 0
1875 1.675778073166497 0.03122812815050454 0
1876 3.825073356521901 2.144049011013448 0
1877 0.7050679474396621 0.322131914681865 0
1878 13.79391429960998 0.4786122387800841 0
1879 1.482583869304754 0.2278488751059746 0
1880 13.19770008432153 0.3129441057366236 0
1881 0.6981475073984343 0.3613560125945576 0
1882 0.6088468198688851 0.4703808208448598 0
1883 13.03890208030972 0.3828783492955382 0
1884 0.7695676823857547 0.2653809414760472 0
1885 0.7758197093824615 0.2278954120593982 0
1886 1.38871197210657 0.2660927758482667 0
1887 0.9432213047388603 0.2161644621701388 0
1888 -0.03016152717436394 0.534246997552399 -0
1889 1.706527644743504 1.875225610849943 0
1890 0.3598322420168164 0.6177834944312901 0
1891 -0.08610465884585583 0.6112252056209093 -0
1892 0.8861133730881788 0.2075915063110535 0
1893 1.263034875177817 0.2469770872224612 0
1894 0.2086225841641428 0.595608102207408 0
1895 1.624636558625864 0.06883666702127247 0
1896 -0.7531608637180705 1.410907373599967 -0
1897 13.22492625064881 0.8278649280883074 0
1898 0.5632877726424985 0.527227491315407 0
1899 -0.1596570073429022 2.145286434864908 -0
1900 13.80534852554437 0.5454451764018766 0
1901 9.389077939172122 2.539875393304908 0
1902 12.72842224676442 1.981001546438081 0
1903 12.56623973240032 1.687123209159306 0
1904 13.60770183329397 0.4472691473998156 0
1905 0.5028550901606901 0.5770410948088929 0
1906 4.654156736150907 1.772796323340291 0
1907 -0.3771793416196167 1.528662665187065 -0
1908 13.62755390726654 0.662311606736404 0
1909 0.2720557392694255 1.727795201005027 0
1910 1.528156364042463 0.2327981959985559 0
1911 2.069668948252991 1.628774044995961 0
1912 3.476567654054242 1.644530932641763 0
1913 4.630828450315811 1.594967463297276 0
1914 9.737763824436691 1.652335410196273 0
1915 0.351698264806086 0.6800171406424772 0
1916 11.32962049253217 1.339464417965223 0
1917 12.08958735044961 1.364356359219238 0
1918 1.63867026582786 0.1116752887708168 0
1919 12.82110788901739 1.211236312803568 0
1920 0.7321964567497503 1.626766987249455 0
1921 13.37312040721723 0.4727623075337365 0
1922 -0.3952397942721186 0.7526523641694542 -0
1923 0.05640289194880184 0.6084592056478387 0
1924 6.293996572573224 1.598494498375518 0
1925 -0.6484784542713428 1.122856811026576 -0
1926 0.9023694796395635 0.2432532377459485 0
1927 0.7583871282744838 0.3208759397812268 0
1928 9.435297139080145 1.915757516455756 0
1929 0.4843093306087185 0.6354140209623832 0
1930 13.32557968930095 0.6789904618285942 0
1931 12.71575188269894 0.2268999520116063 0
1932 -0.1549354398419763 0.6441161665687116 -0
1933 12.5679771547826 1.456076279152002 0
1934 0.7273175517510611 0.3982126162238911 0
1935 13.47554158401143 0.6581944663445529 0
1936 -0.1309785409713297 1.475520513447587 -0
1937 -0.6030690010074107 0.8915207404439925 -0
1938 4.035872674382044 1.83518003706113 0
1939 11.8224399947856 1.330750011877333 0
1940 -0.03745077972350415 0.6220736307118209 -0
1941 6.030150316902435 1.627318525473416 0
1942 6.857688925562482 1.528358991996058 0
1943 7.986047693859578 1.892261210243525 0
1944 5.337962968040225 1.59308070240308 0
1945 10.50306635750575 1.575840675162121 0
1946 3.225339547964857 1.665357174421139 0
1947 0.2199027391107153 0.670238046150731 0
1948 13.11136727575921 0.4801918251205383 0
1949 5.522552469815355 1.616219822586858 0
1950 1.602313286901577 0.1449348982919534 0
1951 13.03805637562846 1.008544888479784 0
1952 10.65376176942394 1.523453909730224 0
1953 12.6801722534583 0.08458754209424559 0
1954 1.191455997086858 1.775053729975265 0
1955 1.731154171389672 0.03087581979453061 0
1956 12.771541542104 0.3108917921803301 0
1957 1.207770814091971 0.2808116556408664 0
1958 0.8049904587312998 0.2663528766845631 0
1959 1.047171354830222 0.2685622776021769 0
1960 1.117593726673797 0.2706569752199554 0
1961 13.11689193812323 0.3920271505279271 0
1962 0.6538355651739578 0.4559831642043813 0
1963 -0.2980699823080033 0.7204538227777333 -0
1964 13.27845182696695 0.391850708773913 0
1965 0.421120494907021 0.6158604269907362 0
1966 -0.1906246387264987 0.6266376107014673 -0
1967 12.94133030105063 0.4443412907161124 0
1968 0.9757756878362825 0.2208473330059322 0
1969 11.08155722294154 1.620339798956502 0
1970 -0.6064998406022454 0.7185108667859683 -0
1971 4.416632076156619 1.604672562104965 0
1972 1.432659694615782 0.2727365868270664 0
1973 0.01035295918472096 1.695485543622154 0
1974 1.680630895477577 0.06360570754819059 0
1975 0.1246430260256268 0.6234871061611684 0
1976 0.009291881763070274 0.5772844017538556 0
1977 13.67945157752571 0.4906044916753858 0
1978 12.71330791406094 0.09491730647579773 0
1979 1.335602383556101 0.3105057280257762 0
1980 0.7970400173834301 0.2417604893930669 0
1981 7.491718346973466 1.861319552160173 0
1982 0.6125671137093057 0.5193424456747883 0
1983 0.7907847225507072 0.2857844429650098 0
1984 8.594005887654019 1.849549323302406 0
1985 2.677737676073555 1.944341350142726 0
1986 0.8576026504147337 0.2272045312503528 0
1987 12.34747503934092 1.737677287192253 0
1988 13.52480693572673 0.4727248729688209 0
1989 -0.5506403507682966 1.31789685135101 -0
1990 3.779340518962847 1.879437946324714 0
1991 9.412738783376211 2.217455149952638 0
1992 0.5576091344445279 0.5827029432020905 0
1993 1.570299157998199 0.1877061471675529 0
1994 1.575368488369422 0.2364042791823843 0
1995 3.440718988686109 1.40523324651457 0
1996 7.996766157081249 1.630223694266546 0
1997 4.398072544860929 1.379757489430243 0
1998 5.770169482063527 1.405403163076829 0
1999 6.709086234148101 1.280554286269942 0
2000 10.42677014835014 1.379667593905418 0
2001 12.76229120520539 0.3964259274363081 0
2002 1.069720219943668 1.527716420433726 0
2003 0.5468249728745709 0.6464530819424381 0
2004 12.84537209468779 1.016357223060345 0
2005 13.01566906655242 0.561484738100071 0
2006 9.47008046079535 1.643918860341826 0
2007 1.663676269938414 0.09338617841782099 0
2008 0.8101518373977536 0.3421431180326167 0
2009 -0.4734837237577752 1.018579844728302 -0
2010 -0.1990487720469356 1.300707537544708 -0
2011 13.03085148202831 0.8080272498251827 0
2012 1.793707416943671 0.0342781204006004 0
2013 1.278671796139681 0.3543525784034959 0
2014 2.980063334200204 1.672764125139685 0
2015 13.28547457311934 0.481126938062475 0
2016 1.471161546680545 1.696206072649777 0
2017 -0.1894950024179914 0.6965478954966946 -0
2018 8.60122712994208 1.552646450885887 0
2019 10.00208533073878 1.645919872496222 0
2020 4.847279840531224 1.573041682489362 0
2021 0.4050582172835452 0.7012702195476977 0
2022 11.59888105545121 1.358378866811734 0
2023 5.291723173000735 1.395390895490453 0
2024 1.249784182524432 0.2933391644962926 0
2025 10.84349016438232 1.383292912701466 0
2026 11.06867844971822 1.384175455907135 0
2027 9.143843692687289 1.892153828616962 0
2028 7.442273223425643 1.619443076331399 0
2029 12.56353317908257 1.203045896694075 0
2030 0.3109632414446967 1.519014412399207 0
2031 3.976091704298112 1.604249167854383 0
2032 4.200119587738802 1.602064803664915 0
2033 1.815064130208494 1.587212841599359 0
2034 12.68656343109624 0.146062294305746 0
2035 1.629623825563604 0.1444197956472676 0
2036 12.68872502933801 0.3059094924338187 0
2037 1.478500832941195 0.2794976593152507 0
2038 1.761458782678729 0.03306465639227511 0
2039 0.6995834697537457 0.4420574086414034 0
2040 -0.3187868133753785 1.340875432591863 -0
2041 0.1443588846416379 0.660867382471217 0
2042 0.1382923904855357 1.470317619517082 0
2043 0.8289876108661414 0.2934358000345757 0
2044 0.8199934309824677 0.2661357191318543 0
2045 1.139538918479252 0.3067042946193352 0
2046 0.2717018388396206 0.711355917900803 0
2047 2.745190593779093 1.65555822020281 0
2048 1.007899714990584 0.2644563074419731 0
2049 13.19887523340508 0.4845363619140753 0
2050 0.4695575377858756 0.6854949959723731 0
2051 12.63620377081572 0.05128783071587495 0
2052 12.29016355360756 1.489311491750005 0
2053 12.83632783752611 0.4760894157958341 0
2054 -0.3357337459365136 0.7722759067906004 -0
2055 0.9342777599925469 0.2512227843437999 0
2056 0.4595125154730114 1.539285509210613 0
2057 13.19755164726767 0.395172964737069 0
2058 3.734398750464129 1.621341337641968 0
2059 13.47509821844375 0.5589016117630352 0
2060 1.379031856651879 0.3187390375312586 0
2061 9.038725187358617 2.222086544142571 0
2062 -0.5249710848207546 0.7958780746395033 -0
2063 2.332596702409349 1.852882707234866 0
2064 -0.1033344911842877 0.6632511460274064 -0
2065 1.702895073981263 0.05298937642276048 0
2066 0.7418190770171567 0.3701920422918706 0
2067 0.8752613259038076 0.2347551135280178 0
2068 13.5745852501589 0.5437009175407996 0
2069 0.03839728328751033 1.937760131822887 0
2070 1.086997715478243 0.2707479156555544 0
2071 13.3946742067366 0.6366086694454967 0
2072 8.616049937160918 2.113340017233392 0
2073 -0.393595848343667 1.21884940318939 -0
2074 0.02099698322754402 0.6345487754481418 0
2075 13.73853190688955 0.5861708992123381 0
2076 0.09043916739016182 0.6188267049600868 0
2077 0.6176357120284672 0.5776257589129953 0
2078 0.6274096455542996 0.6581158432859455 0
2079 2.77891640717552 1.424713925785873 0
2080 7.286847663597475 1.404716486203527 0
2081 9.510718066700191 1.401906966913593 0
2082 11.42403783942426 1.125060782238408 0
2083 2.080450669056004 1.409401281961341 0
2084 12.67120013912523 0.396384640291431 0
2085 0.5256608820417211 0.7266059588941686 0
2086 0.889847934796706 1.430321701684711 0
2087 0.0928967187320875 1.29283509948193 0
2088 -0.2577156710327841 1.145341931534064 -0
2089 6.413205738632 1.296070318540623 0
2090 1.70325497568306 0.1027860103417593 0
2091 0.8580712757810641 0.3569992120500571 0
2092 0.7421330232661365 0.4263724958192351 0
2093 1.828165447602455 0.07131100182425203 0
2094 3.211642255534892 1.431253474364218 0
2095 5.997302665973841 1.399473623091417 0
2096 0.9236781642694907 0.2886843167518177 0
2097 1.233897190072689 0.3431313212661093 0
2098 6.848724235306169 1.354767739698509 0
2099 0.6635770873590157 0.505297459641456 0
2100 11.03784045837182 1.15323225218506 0
2101 11.60834078510038 1.151318517058892 0
2102 0.08596958360185956 0.682534703800644 0
2103 0.3436268995231186 1.336886160326154 0
2104 7.734351776976458 1.629231937036722 0
2105 4.183752377279783 1.383197949237334 0
2106 -0.2339609692678008 0.7642792276584441 -0
2107 10.6337082124317 1.374438954853603 0
2108 1.57505910699064 1.506054649204294 0
2109 9.98108147286395 1.412269159540449 0
2110 5.548747240596959 1.400111197902041 0
2111 12.35790077498208 1.286015788419927 0
2112 4.607379311462914 1.377355646077127 0
2113 -0.4256876079008355 0.8517484339224676 -0
2114 3.707803172103628 1.341084834564196 0
2115 8.917527346420329 1.602340434969125 0
2116 9.193790928310033 1.62527360749368 0
2117 1.724061334639512 0.06181350567968198 0
2118 12.6509497420234 0.2083487708528802 0
2119 13.20487318611039 0.5816515140883575 0
2120 12.63337051683898 0.1142263211501954 0
2121 1.675253354184282 0.1444288712216084 0
2122 1.612537829464487 0.186065919289902 0
2123 1.526602278106843 0.2860006069137642 0
2124 13.29800672567371 0.5750984494798402 0
2125 10.21084738610237 1.398600241610772 0
2126 1.757063215003275 0.06799669987197166 0
2127 1.424053310855854 0.3272817101501779 0
2128 12.90151908565123 0.5455220046035477 0
2129 2.526060805656376 1.628080616272864 0
2130 -0.04664669645278624 0.6767718358543661 -0
2131 8.869791309908894 1.85756203423289 0
2132 5.146707705932121 1.278092835524509 0
2133 0.9700817600183781 0.2587474559571847 0
2134 1.18941292549334 0.3273730280182507 0
2135 1.272537360851938 1.603055404267401 0
2136 1.090293897843649 0.3135100193413372 0
2137 1.048435567126107 0.3120628555019067 0
2138 12.76626146541382 0.4869335871811075 0
2139 0.1826000030527824 0.7145606020670279 0
2140 13.10933954983705 0.5740655005413869 0
2141 0.486611232098481 1.704136477666343 0
2142 0.8716975656867945 0.3139308641513676 0
2143 -0.3021841016057212 1.002086162419624 -0
2144 1.322409473690099 0.3639980642620288 0
2145 13.3851619340077 0.5642399862930995 0
2146 0.6781400124684898 0.5603596896881438 0
2147 13.21369367368194 0.6904679811368627 0
2148 2.408402383208299 2.105173123854438 0
2149 10.26701584419696 1.622331972619433 0
2150 0.4327515457396943 0.7838246970303951 0
2151 12.84727296602344 0.8480109751461331 0
2152 12.66919507789944 1.003867897576354 0
2153 0.85836917830864 0.2619598046580944 0
2154 13.74005204044512 0.7144959728899281 0
2155 0.5973141478465791 1.350125604482365 0
2156 1.577416025262077 0.2914812107896443 0
2157 3.394449422368814 1.199775709793419 0
2158 4.390566699498314 1.134551056987298 0
2159 7.75809887039039 1.389960328251613 0
2160 8.74105522634996 1.339637480936599 0
2161 5.98059587741545 1.198674529509945 0
2162 10.18214720211341 1.187264125799191 0
2163 11.45338904388557 0.9554664192911847 0
2164 12.66794917123076 0.494899489007757 0
2165 1.001220709306999 1.280836692529575 0
2166 1.05004566238715 0.3483274532755677 0
2167 0.703629602726245 0.6205319070970355 0
2168 0.5127987856869467 0.8649548573948069 0
2169 12.4277629974649 1.04649707075533 0
2170 11.79841277441714 1.151205347106256 0
2171 12.56519781306049 0.1060268940925617 0
2172 1.723678293737398 0.1433639573724144 0
2173 12.69572063606514 0.8566185899428519 0
2174 1.922179385372267 0.03353379808443177 0
2175 0.4622198939916819 1.130447201738478 0
2176 1.358505701438202 1.427796335050438 0
2177 0.2371531778139101 0.7710304690093235 0
2178 1.168215521988973 0.3767330176347841 0
2179 0.9640821041337917 0.3004886911447691 0
2180 9.229357367329788 1.347702091777617 0
2181 12.20511688413397 1.16803932444647 0
2182 2.543019093273673 1.36587766760146 0
2183 -0.1598229950921777 0.8005736270232471 -0
2184 -0.121304475974647 1.060085287464944 -0
2185 0.9031756388037671 0.3708871354094104 0
2186 4.808211103118077 1.361961530308895 0
2187 7.416960464640585 1.322859390886125 0
2188 13.01689474630028 0.6390491167590731 0
2189 1.869649549825722 1.375484715800853 0
2190 3.965541315207293 1.382769111423968 0
2191 6.547194558112468 1.175508382622136 0
2192 0.3373485935235517 0.7497187918726705 0
2193 5.787199810472638 1.204619363393064 0
2194 5.391272047305486 1.173031055016554 0
2195 2.991474612752741 1.437981949992053 0
2196 10.80665038468767 1.179877885040663 0
2197 6.220814929936267 1.368216259928098 0
2198 9.749317591550964 1.416992244635787 0
2199 8.604649682698369 1.290172912298312 0
2200 1.648507281060553 0.1723333705750281 0
2201 10.60185742046614 1.183697811008746 0
2202 0.7904443848672031 0.3991857478278189 0
2203 1.00672818313651 0.3086641236772 0
2204 12.55746385592069 0.9699553635772316 0
2205 12.59440445929689 0.2877256988827773 0
2206 12.59385488582331 0.1846620038940577 0
2207 1.859059899653185 0.03443763054427913 0
2208 -0.05992896986111661 1.231661612516736 -0
2209 13.09465169989491 0.6728989488494281 0
2210 -0.3015923462073991 0.8558420010489262 -0
2211 1.792623042953103 0.07028774369947949 0
2212 0.5962712715201481 0.7191079724421288 0
2213 0.7131683739172591 0.4873915038280358 0
2214 0.7336594633414169 0.5358585334764111 0
2215 -0.1279554157751255 0.7252128102384381 -0
2216 1.471402760733352 0.3359421467181278 0
2217 1.166277307512509 1.359247705425921 0
2218 0.1341714298349278 0.756914802745118 0
2219 -0.0005267696134749332 0.6831223892228154 -0
2220 2.293855310737504 1.407052253090239 0
2221 12.78832893616996 0.5869882708317795 0
2222 1.366423764306654 0.3743774081208702 0
2223 1.624850967581957 0.2357396737785405 0
2224 0.8882403102822035 0.2767430577902575 0
2225 1.26527817088387 0.4083206273040846 0
2226 8.275420489015033 1.613055718783872 0
2227 1.134864911449294 0.354302218126352 0
2228 12.94106803660818 0.6724092442087077 0
2229 1.631882404969013 0.2948286692777743 0
2230 6.80802892438644 1.116243591246438 0
2231 8.777080708190656 1.168161968545708 0
2232 9.249909654596511 1.114440979982422 0
2233 5.813452468836728 1.024459099812105 0
2234 10.76500497346446 0.9962669232840266 0
2235 1.905452437170847 1.2058513426343 0
2236 0.7648910942713932 0.5875674523206871 0
2237 1.091131206610986 1.144628509321437 0
2238 1.133487338474821 0.4386608962414007 0
2239 12.27054115995602 0.9453031946420467 0
2240 6.443153385299249 1.099101716219638 0
2241 7.999629973659391 1.389618902829112 0
2242 12.5593234923345 0.8590615105425761 0
2243 0.03855372278541123 1.02270783277468 0
2244 0.3070245024931688 0.8231762005458743 0
2245 1.011258221910975 0.3678788772425732 0
2246 -0.07891955721393411 0.8245289892792167 -0
2247 2.263102223129337 1.212309189471455 0
2248 7.235169747719628 1.20738000457366 0
2249 12.53441897339577 0.1672127339214204 0
2250 1.827136573397879 0.1097882852641332 0
2251 0.6786160361565561 1.13637185214015 0
2252 8.462487652997661 1.353160016168247 0
2253 1.709911424868022 0.1726929750561292 0
2254 0.8035341349683847 0.4553584666934945 0
2255 5.172831723561844 1.112960861559563 0
2256 6.168483038805968 1.177691466869573 0
2257 3.577722666462495 1.142859648904992 0
2258 3.966544678924345 1.18392581833587 0
2259 2.992910802520359 1.225568719135104 0
2260 2.656840009857349 1.218339892044155 0
2261 11.61781134838645 0.975160874000101 0
2262 4.16627703187446 1.173386589786567 0
2263 9.762536547210214 1.206456350913697 0
2264 4.59555647284122 1.178388139152643 0
2265 3.194551815701276 1.220806701529205 0
2266 10.39595158375833 1.183172683697031 0
2267 12.82028031734978 0.7058510173673627 0
2268 1.652647766922811 1.277081670670817 0
2269 9.969649726792298 1.200422775467934 0
2270 12.50513366807862 0.03284674071040641 0
2271 1.753882273950164 0.1060528585374325 0
2272 12.57598428982577 0.3937187932959676 0
2273 0.3268752393639634 1.174870786812266 0
2274 1.95334568761845 0.03336282782114516 0
2275 12.56440162833984 0.2322348319260713 0
2276 1.862968491519297 0.0704544638498136 0
2277 8.949395112861961 1.37227754861874 0
2278 1.89074215985734 0.03390173610848583 0
2279 11.97857077565276 1.150382859249621 0
2280 0.7590969143429211 0.4683503057336073 0
2281 12.53747837491267 0.04287092300831883 0
2282 1.521577532292224 0.3443920024542408 0
2283 0.3841829326796879 0.8744016360914263 0
2284 0.6857022306926489 0.7206444464525437 0
2285 0.7835633445762094 1.329724017718973 0
2286 0.8520773739477235 0.4063615617340141 0
2287 -0.1901599787040302 0.8961881934033544 -0
2288 5.590139421034346 1.199200204364936 0
2289 1.091711414796779 0.3705750056193038 0
2290 0.9130782304992402 0.3295479976944393 0
2291 0.5711811246163007 0.8099445488916655 0
2292 1.412370249696606 0.3856703499672003 0
2293 10.92441781933453 0.9781178211364399 0
2294 2.305343008714796 1.625379312194887 0
2295 0.7799436231328988 0.5100001715714009 0
2296 0.01377795285889702 1.370631134531701 0
2297 12.67619608390959 0.6025618649191051 0
2298 0.02599253526037809 0.7484945242233414 0
2299 5.001950932632243 1.322685325158456 0
2300 1.308880306839072 0.4169972511204393 0
2301 1.684105434099307 0.2235682926917348 0
2302 -0.05949921985172717 0.744568743310726 -0
2303 1.216747071109819 0.3973335565721322 0
2304 1.690612990436615 0.2969451789666909 0
2305 3.512391514484102 0.9968003285909897 0
2306 4.592053582066534 1.011758684984607 0
2307 4.13824785314602 0.9834068545694837 0
2308 7.762556835574644 1.175559451572716 0
2309 5.315959559494257 0.9887566465198989 0
2310 1.203342693420025 0.4622890980448224 0
2311 9.768929107477931 1.021756907538139 0
2312 10.16086615671905 0.9591363643584204 0
2313 10.74530904477029 0.8385495004039228 0
2314 11.46578501395108 0.8033619303016063 0
2315 12.56434244714279 0.4954121655323526 0
2316 0.8511908159321321 0.4565991066780969 0
2317 12.14130250511062 0.968353507638065 0
2318 1.870364139262749 0.1155402902703278 0
2319 1.418199322038462 1.248318531298573 0
2320 0.460259133532623 0.9406422396466693 0
2321 12.5098550200824 0.2323585474932618 0
2322 7.407710407140273 1.185501330742766 0
2323 2.014860352059735 0.02727095674018575 0
2324 1.750787056490232 0.190144982071728 0
2325 3.18630024705058 1.033595737893789 0
2326 0.8151414134465825 0.5495277252570268 0
2327 0.002350733270102471 0.8521024399061186 0
2328 9.369438029080269 1.159499371336008 0
2329 11.78734097532232 0.9822406859966742 0
2330 9.080478795410368 1.182845723306724 0
2331 0.9446234627761751 0.3902777929187641 0
2332 6.639013744948291 1.000020710984637 0
2333 12.42458214636659 0.8556437602860608 0
2334 0.5667779884232304 1.021272973743076 0
2335 1.083042315553381 0.4525601349384334 0
2336 1.89481045120739 0.06767294671560997 0
2337 0.9840595228719441 1.061383411998406 0
2338 2.08027098258557 1.220571087125171 0
2339 1.239385833514714 1.20251210491341 0
2340 2.434591111256991 1.167753634883684 0
2341 8.426174391667169 1.173422428391615 0
2342 8.601843205967565 1.162422276050955 0
2343 7.002516362413157 1.235170116497539 0
2344 12.68885747402901 0.7233282194852291 0
2345 5.646506085803451 1.015994499024973 0
2346 12.51188875846696 0.0894741487589166 0
2347 10.38534106865876 0.9892950321388988 0
2348 1.75429676415193 0.1464849931082399 0
2349 12.49930620960813 0.3031840009772728 0
2350 0.8456351761840746 1.172251242329971 0
2351 1.575033465574252 0.3523043878865609 0
2352 1.791492635645771 0.107627589950721 0
2353 12.46447521092289 0.05682703753393142 0
2354 4.77569755427246 1.172646576590311 0
2355 4.956750719732733 1.147353988895186 0
2356 8.246634450842905 1.380896246947502 0
2357 -0.02359253922510423 0.9276277442683005 -0
2358 0.7401990094375136 0.6798695375946087 0
2359 1.984749786271159 0.03170771240115385 0
2360 0.9001975497671626 0.4149697041048996 0
2361 0.3483270369971579 0.9331657315603961 0
2362 3.815899207205964 1.181245582708322 0
2363 10.58095340808683 0.9959362222920004 0
2364 -0.09676394309667354 0.9218441698530271 -0
2365 1.461131367728793 0.3967966395256404 0
2366 0.1857200076339299 0.8281998154478065 0
2367 1.261290863825373 0.4666109512636474 0
2368 0.6323018429016658 0.7667577027490711 0
2369 0.1885949016730359 1.317474248152508 0
2370 0.06447993676211172 1.187489812953453 0
2371 1.054334211786 0.4185345962131509 0
2372 0.5659365759009185 0.9161174087538935 0
2373 11.96757719597915 1.285120141437838 0
2374 1.351270619106824 0.4305617534562808 0
2375 2.797801101258611 1.22617725035541 0
2376 5.065341968215226 1.517461354055452 0
2377 1.78068350422392 1.179098922672253 0
2378 5.981327473488789 1.022683071558461 0
2379 0.0905151108428604 0.7917057876826009 0
2380 0.9566178681885081 0.3468240624788615 0
2381 -0.2095887974728462 0.9818430903823738 -0
2382 12.56021798123595 0.605979368035362 0
2383 2.378634214682984 1.022296205317609 0
2384 6.770554684820582 0.9171222442659257 0
2385 7.227048363834855 1.019886256907932 0
2386 9.113615439006342 1.001464423490309 0
2387 8.411924899097869 1.001409322131217 0
2388 5.986788582660552 0.8653836017847363 0
2389 10.39031437839955 0.814307846792807 0
2390 1.280034245314949 0.5501120645807468 0
2391 1.760198032853478 1.064259580960247 0
2392 12.43910454503184 0.3011353006202345 0
2393 10.88639263913782 0.8421612640173263 0
2394 1.287102556320478 1.05650120728268 0
2395 5.166400523612626 0.9198067293449222 0
2396 1.897797355457627 0.09385481460297125 0
2397 2.026239487464922 0.05719708849871398 0
2398 4.746883197495735 1.000280323321131 0
2399 6.449204764858405 0.9862675672589661 0
2400 0.9027540034671022 0.4634829270499974 0
2401 12.28017058157178 0.8340402398037244 0
2402 2.596823536642912 1.070545619151481 0
2403 8.000982025310369 1.136714473536149 0
2404 0.8007397602698092 1.013041801515588 0
2405 2.980194474624109 1.005610411836253 0
2406 12.44047868047329 0.5983244363687593 0
2407 1.822178500643695 0.1403784955607513 0
2408 4.304926186632994 0.9459010285518069 0
2409 1.02129002657651 0.4656954524269765 0
2410 2.075608394042783 1.05226413432536 0
2411 0.6687969389589541 0.9678069268760324 0
2412 9.950299636975227 1.008927361235688 0
2413 5.479436374173901 0.9980547768616812 0
2414 10.5792517876745 0.7966764995053217 0
2415 0.1733860587837304 1.047398077966237 0
2416 3.618418981605285 0.9579953379512112 0
2417 11.77120523835431 0.8240288300297953 0
2418 8.233155223828929 1.17937563256181 0
2419 9.426766990861486 1.003831059302935 0
2420 8.779519516031408 0.9959804053562629 0
2421 5.699218120033844 0.8542039258732435 0
2422 12.43104327260082 0.7213653406809355 0
2423 0.1034016376099384 0.8859335643511415 0
2424 12.47484479843357 0.145103960279678 0
2425 12.40301955844766 0.08588017363938275 0
2426 12.48192695292221 0.3854258139534313 0
2427 0.3889623015747155 1.006440667161626 0
2428 1.925169773306353 0.06719099677219524 0
2429 1.632357437277896 0.3594542393294323 0
2430 9.592478679499665 1.018243137888451 0
2431 1.122733301985247 0.524741453665599 0
2432 0.9829561929093174 0.4231953588651124 0
2433 1.745250814619299 0.2390565091667799 0
2434 12.56000494653753 0.7275157728002122 0
2435 1.605787185037931 1.083707601016883 0
2436 0.8025453937157824 0.6454783339257661 0
2437 0.2598498750153715 0.9164253867233287 0
2438 7.573927325029779 1.18131258274677 0
2439 6.144675792606408 1.010588905555176 0
2440 1.512997288468447 0.4071182744742887 0
2441 1.957521927107513 0.0681319962405269 0
2442 3.952552203186356 1.001977404583402 0
2443 3.359105419742618 1.026892720023607 0
2444 0.7425910563009703 0.7735833147880483 0
2445 0.716928022548349 1.038508769022554 0
2446 7.076110073431475 1.48842118638543 0
2447 0.9330973094573503 0.4206319488404662 0
2448 1.793377624140283 0.1466519576318707 0
2449 1.3981363834872 0.4471451530360828 0
2450 1.062787688386544 0.9908407933565873 0
2451 0.8091445202603179 0.4902980827804121 0
2452 9.555509223264728 1.196192565995493 0
2453 11.96221640049236 0.9811067596175662 0
2454 1.299076885844457 0.4585901303770137 0
2455 0.6199865314530462 0.8842911278755423 0
2456 1.750397115042644 0.2966363049443482 0
2457 3.054800892416099 0.8437104141120871 0
2458 4.577771866261941 0.8673350440382108 0
2459 7.897635605585353 0.9530473948229435 0
2460 4.117060404481404 0.8183232867147646 0
2461 5.302524477284673 0.8386901238761729 0
2462 9.608872753279995 0.8597725189396037 0
2463 10.52573317275511 0.6410041916392591 0
2464 1.589801988135356 0.9379556982798859 0
2465 0.8779423405882633 0.5969397858617495 0
2466 12.09787454597632 0.7934966980970803 0
2467 12.40196732022932 0.3555700038964887 0
2468 12.42939166710699 0.1113229651864345 0
2469 8.234395024684551 1.006816792765465 0
2470 6.885085961869013 0.9642887162166034 0
2471 2.097305307392951 0.0353274469337696 0
2472 12.27166789997716 0.05049182109353102 0
2473 10.0575749497548 0.8098077782703287 0
2474 6.133881724093701 0.8554753770940695 0
2475 4.912975650608445 0.9779801008688667 0
2476 10.74946334192206 0.7089323771224905 0
2477 2.480326104690245 0.9911896817876654 0
2478 3.745409481325762 1.029714901616174 0
2479 11.61707250751176 0.8179896144854065 0
2480 6.601835176405957 0.8237857499250206 0
2481 9.267929966922942 0.9963083664184784 0
2482 11.02147903525457 0.9471451998282558 0
2483 3.34525782872389 0.8765926934840242 0
2484 7.566286360766523 1.007490383901563 0
2485 8.594666025790916 0.9952085385537697 0
2486 0.7482504313815017 0.9108661114080039 0
2487 12.41190549671176 0.2285649275885832 0
2488 1.44287353024277 1.081966469928054 0
2489 11.92377119667501 0.82163738231996 0
2490 5.840908617380668 0.8668845687601712 0
2491 7.399057989304091 1.015422681015441 0
2492 1.782846252651742 0.2425652766146726 0
2493 1.914148992997409 1.051194530205854 0
2494 12.32000612398466 0.0502478269913047 0
2495 12.45708200038065 0.4840795966498499 0
2496 3.485689467489717 0.8648714171948382 0
2497 1.910413782918873 0.1412216685171261 0
2498 1.921911837395751 0.1013376226527046 0
2499 0.2894149180908137 1.040748210715929 0
2500 2.059397646699437 0.03728566181869358 0
2501 12.36590193949365 0.04849817406574784 0
2502 1.845554479821058 0.1632441046755172 0
2503 1.992282428622207 0.06598857708838894 0
2504 1.694374366073058 0.3653107993251904 0
2505 1.191772486227598 0.5435373355977798 0
2506 1.803053462142404 0.1995617952699574 0
2507 0.8432465877478285 0.5049538280308161 0
2508 2.78842932479294 1.053044838204959 0
2509 8.953525863216189 1.002149146820255 0
2510 1.568454483299143 0.4170709749386147 0
2511 1.364019292168881 0.5914235339699074 0
2512 6.299513494584566 0.9934032558729782 0
2513 12.31692991869849 0.5840694750882239 0
2514 1.06568284734253 0.5010860412791779 0
2515 0.7723824887721153 0.7256814688304982 0
2516 1.449809933638859 0.4614368703498312 0
2517 7.049957063886974 1.008310362649176 0
2518 1.329236993197533 0.4854733190133569 0
2519 1.15419595532531 1.020442288753614 0
2520 12.29703656369113 0.7041518341007018 0
2521 8.102616191214318 1.00219238015252 0
2522 7.548218321754076 1.368165813282684 0
2523 0.1756094469852769 0.954621992308364 0
2524 0.9491442560666211 0.4561369377686081 0
2525 0.1894990528676286 1.178998730587981 0
2526 0.913694855420799 0.9500017377179161 0
2527 5.571041190777638 0.8158014960928214 0
2528 0.6872930847496008 0.8328152944669595 0
2529 2.358429830000285 0.8906424575586273 0
2530 6.776741642543039 0.785115363289188 0
2531 3.480025832378803 0.7341687131084074 0
2532 8.047591767891422 0.8695229097283765 0
2533 7.395142662634471 0.8467787562943438 0
2534 8.968850638649689 0.8374254527604683 0
2535 8.386117096509905 0.813392142785292 0
2536 5.62454401682376 0.6935629144781174 0
2537 10.87434497166755 0.7145193452302304 0
2538 11.96612880590589 0.6788102804178933 0
2539 1.763062423903163 0.3666379492998136 0
2540 11.61127965765878 0.6702970733252196 0
2541 1.316499387092077 0.9219935858710261 0
2542 1.050853614676596 0.8721864384298437 0
2543 2.047071346911167 0.0980840789778812 0
2544 1.95326277936856 0.1505852410158395 0
2545 1.844270801295219 0.2458176546414626 0
2546 12.33776688157067 0.2079662762962746 0
2547 12.26922596499324 0.1035828854733101 0
2548 12.19696932487258 0.5706269960793777 0
2549 6.443352311495429 0.8372868103745771 0
2550 2.080128543873427 0.8966745942900719 0
2551 0.9698913146541737 0.5222699069446149 0
2552 5.169020756763091 0.8211375802787305 0
2553 4.714600720686793 0.8484476394933836 0
2554 9.765397293840113 0.8609602850931158 0
2555 2.623525176441722 0.9009181972716431 0
2556 3.92920048371595 0.8056738962976177 0
2557 2.883131658516421 0.8911096590019396 0
2558 4.264916355581136 0.7973449845042729 0
2559 7.234514506152505 0.8494764382274502 0
2560 9.290688550647141 0.8423085756753309 0
2561 8.779783352579388 0.8051988854270894 0
2562 3.618543851064313 0.8556387933271051 0
2563 1.449807515147488 0.9374887583654047 0
2564 7.736238529781441 0.9927510870358395 0
2565 3.197274355034783 0.8737139296463583 0
2566 1.734835235674771 0.9207943121841633 0
2567 0.8411133991338311 0.8247176816620517 0
2568 5.98955611215482 0.7270270990228767 0
2569 9.450115750058551 0.8508477034711186 0
2570 12.34122404230973 0.3020076730674754 0
2571 11.01674617371068 0.8474197594269741 0
2572 0.8970165166674479 0.5193926251359181 0
2573 2.130159888706778 0.03542322202675433 0
2574 12.38441312724104 0.1444680882608628 0
2575 12.32203931014433 0.1019738745652939 0
2576 1.957524713463027 0.1064434462865014 0
2577 11.11963341153099 1.004542233136831 0
2578 12.22250293877817 0.04787168792498724 0
2579 12.33043561396742 0.4487824498702169 0
2580 1.628209453525602 0.4271927978195956 0
2581 0.8316892870934546 0.7151819786685258 0
2582 6.286038225448184 0.8432544375577873 0
2583 1.093238073751504 0.605222601963218 0
2584 2.068672064891062 0.06800535070943031 0
2585 7.079388878771137 0.8433759262862753 0
2586 12.36970895972077 0.09464665732268762 0
2587 1.50398679186552 0.4714752001767246 0
2588 8.953816985539152 1.178274253575861 0
2589 1.19225874265071 0.8977709279287677 0
2590 6.333312056786724 1.139481479865381 0
2591 10.66024516269005 0.6992769837590751 0
2592 6.935381244229984 0.8219099737025661 0
2593 1.802798940565928 0.2809372996337342 0
2594 5.405681608972023 0.8487431991809677 0
2595 12.169251790373 0.6742042857548844 0
2596 1.890736147049274 0.2002433150492317 0
2597 1.381580605721864 0.5134342312656014 0
2598 2.918086609112839 0.7718336585071899 0
2599 3.612539586454228 0.7260951084960265 0
2600 4.119942794863771 0.6809133462525526 0
2601 4.561437918619398 0.7316638248860357 0
2602 5.300120276758567 0.7051998915205934 0
2603 6.879392695411759 0.6740330955443367 0
2604 6.270750774439154 0.6737226606789661 0
2605 7.399329629993229 0.6699356085981454 0
2606 11.00633741511086 0.7188966798512049 0
2607 8.86335704209487 0.6729466150106539 0
2608 9.30917836379539 0.6669530645487134 0
2609 9.617227306771335 0.716143493152496 0
2610 10.75238514781743 0.5939342648060746 0
2611 1.845263660963861 0.3500943347045568 0
2612 11.46739557669587 0.6632570540331597 0
2613 2.093056931226948 0.1085501052640255 0
2614 1.948693858734051 0.2007263418095362 0
2615 1.350200129029596 0.687760424645894 0
2616 1.124370754085554 0.7409821844188336 0
2617 0.9129251023449996 0.6818254883045027 0
2618 12.28184663661744 0.2413680889619502 0
2619 12.2002438225266 0.4661964212062434 0
2620 5.546421330036059 0.6665371832518877 0
2621 11.15084513883255 0.8750126267083207 0
2622 2.201398015709584 0.03790986332574021 0
2623 11.7539172752894 0.678025679529762 0
2624 5.861570791070855 0.7276657713794137 0
2625 12.2144171719162 0.09876279677434807 0
2626 9.129470602766009 0.8421020883553271 0
2627 3.212407716745781 0.7370204438978168 0
2628 2.488011725181956 0.8907154786908934 0
2629 1.904289306214171 0.8719925550374857 0
2630 3.757955225463879 0.8498132009744527 0
2631 7.849351023468638 0.815599063491565 0
2632 7.555273646843826 0.8424421926725707 0
2633 1.335985806906202 0.7993087896883572 0
2634 8.219111938427135 0.8565249743768338 0
2635 6.11985197516438 0.7159888893745315 0
2636 6.583615878946617 0.6892586954026571 0
2637 8.581692639528054 0.8296922572967679 0
2638 1.5743505022212 0.8106763350236821 0
2639 3.346318779444579 0.7375121731068949 0
2640 1.884558986471912 0.2844239156421515 0
2641 1.999235320492003 0.1526665051529482 0
2642 7.944820378293402 0.7938682879774879 0
2643 7.238174121176037 0.6980973259490691 0
2644 12.08066643212721 0.6397197328332134 0
2645 12.27394949106619 0.3503767362982267 0
2646 1.693514502196091 0.4375381326422963 0
2647 1.997961986236906 0.1062616104621798 0
2648 2.163168266305641 0.03575645469192807 0
2649 12.17516473410661 0.04085188181424702 0
2650 4.326620253107571 0.6614842525854632 0
2651 1.907161681366843 0.2478099604404458 0
2652 0.9627001152922059 0.7652604552506885 0
2653 2.224997568767001 0.8983237001064036 0
2654 1.559960798333476 0.4822527779352987 0
2655 10.64286627844485 0.6083272220841355 0
2656 0.9465613013311935 0.5867264910166373 0
2657 1.167605052848714 0.6374209807289485 0
2658 5.032714479874 0.8122155650477444 0
2659 7.10099028629401 0.7021881032606232 0
2660 11.23727416782567 1.196474545073292 0
2661 1.031101732466645 0.5662702821453559 0
2662 11.88565860718805 0.6817221584630514 0
2663 1.443199514816933 0.5307735443491993 0
2664 2.095159459948991 0.07042308464490168 0
2665 12.32991423069701 0.1586101258433139 0
2666 9.920646099663289 0.847276747307264 0
2667 3.484398104088705 0.612370300945161 0
2668 8.073520001674584 0.721530747834605 0
2669 2.360726116767605 0.757175791013456 0
2670 8.567572675694869 0.6859173209350691 0
2671 5.988224518461045 0.6052978250140398 0
2672 5.550858709241323 0.58385096474649 0
2673 7.23447732663104 0.5686293229731167 0
2674 10.51424982910177 0.5149214521653979 0
2675 11.87160443632389 0.5543247017087605 0
2676 11.60010381271796 0.5130938771445823 0
2677 10.75711333966915 0.4835894453727232 0
2678 1.92374963106354 0.3682706011409266 0
2679 1.978477001161009 0.7314824783462064 0
2680 1.998511339585507 0.2032279846795951 0
2681 2.234773945670071 0.05830033752510052 0
2682 11.16481961328113 0.7177142447489685 0
2683 4.685791203754217 0.7220517196379176 0
2684 8.990344437116924 0.6929065932238501 0
2685 1.444068998769625 0.6092233233462743 0
2686 3.841441977510714 0.7056570753511557 0
2687 9.895953774978457 0.7132010991535841 0
2688 12.18914386500836 0.3705339415837756 0
2689 11.33274735522938 0.6528635237879992 0
2690 3.004665639733973 0.7038300044642978 0
2691 8.292372818634991 0.7207121530565028 0
2692 8.782782417977872 0.6436395908699174 0
2693 6.189616065633913 0.5843886107832802 0
2694 1.451714774435356 0.8119153622427944 0
2695 2.628702736698207 0.7657882410917501 0
2696 0.9818716594640726 0.6290611166315722 0
2697 6.711825861656325 0.6636848829067735 0
2698 3.215844447420986 0.6148619391041901 0
2699 9.470685483925497 0.7069146332561274 0
2700 1.700388870447205 0.7949691909532696 0
2701 5.029209560207128 0.6822565750753065 0
2702 5.163971052491787 0.6942335297778744 0
2703 6.440826716597517 0.6943507319088802 0
2704 12.27025197560854 0.1624657049758451 0
2705 2.129912136737417 0.1082091382605804 0
2706 10.98800122909058 0.5948246558365963 0
2707 10.8687010026202 0.5958031496234694 0
2708 2.129705560829215 0.07142742532862463 0
2709 2.046869777886514 0.1537885078589664 0
2710 5.452239074974998 0.7279219815214664 0
2711 1.768117757280803 0.4477497669234184 0
2712 11.98155143249725 0.5596992877472997 0
2713 12.0866510542835 0.5625371074947368 0
2714 12.24543004180711 0.2958398026645868 0
2715 1.935477841286062 0.3064494264958634 0
2716 1.945186211732193 0.2523169876748943 0
2717 1.041233837673462 0.6872243364550463 0
2718 9.761413352186452 0.7195772144031707 0
2719 1.620211292150892 0.4961379808227883 0
2720 3.743540256513444 0.7157127312613359 0
2721 2.164188147263583 0.07075363365368492 0
2722 1.25557927216472 0.6647484941161433 0
2723 9.135410497783649 0.6925920275028542 0
2724 5.07224550439645 0.9501046479347276 0
2725 2.235675179329006 1.045838622662482 0
2726 1.506089022348302 0.5358944084277626 0
2727 2.764478625441561 0.7686376192504519 0
2728 4.407681574650901 0.7354955709713472 0
2729 5.737555620880284 0.7170802139517581 0
2730 1.225381133647001 0.7770556804023881 0
2731 7.710060724334292 0.8327275091174235 0
2732 12.15982275747655 0.08611290000796669 0
2733 2.759993377558566 0.6439111906816555 0
2734 7.706245673083647 0.6683808318564699 0
2735 3.873197276911811 0.6160271089794069 0
2736 4.446855711355466 0.5996509632760064 0
2737 7.347656729668156 0.5429028695835774 0
2738 5.305974204525597 0.556406213544967 0
2739 9.883719499605336 0.621478341629625 0
2740 9.244195636104118 0.535693580634781 0
2741 8.784174530229034 0.5637370731132854 0
2742 11.88145292821625 0.4237726246441987 0
2743 1.987317516410764 0.3768839772131444 0
2744 2.048541890890532 0.2037095692216176 0
2745 2.312413986312172 0.03485446582790951 0
2746 11.10451567203551 0.585356952156823 0
2747 1.526319491327312 0.608304612171621 0
2748 9.48738617892953 0.583317556405306 0
2749 4.902624362609943 0.6561306776077064 0
2750 1.808596589872445 0.755451287428195 0
2751 2.165920552358132 0.1068586441672054 0
2752 2.099176775644316 0.7577337708121312 0
2753 11.74900344189706 0.54305949322319 0
2754 9.002764852645416 0.5662514347274471 0
2755 5.156908262289462 0.5711249861279368 0
2756 5.441753142932097 0.5867878007086076 0
2757 3.603862083919936 0.6045671345702771 0
2758 3.353547888743804 0.5897243315894212 0
2759 12.09346997955754 0.4654518729645059 0
2760 2.494903548851799 0.7602357890984529 0
2761 4.865339429394435 0.7981821970790048 0
2762 6.579727844104253 0.5733320726047674 0
2763 6.336820729323778 0.5434854553808391 0
2764 10.97159922892394 0.4849711243337056 0
2765 2.881322637452977 0.6348655056622792 0
2766 11.45913251647094 0.5347179024950134 0
2767 8.427559662040972 0.666618268903685 0
2768 10.62626313244233 0.4662132585594098 0
2769 5.655880539328536 0.5849083579446788 0
2770 5.874854243527183 0.6057191737563267 0
2771 9.771955920793539 0.5758618981564176 0
2772 11.31944953357194 0.7767135487714322 0
2773 10.86512182629037 0.4863564692225243 0
2774 10.39344995244291 0.6633286630662041 0
2775 12.20685398438207 0.1562236679048132 0
2776 12.18453460670188 0.289991512680942 0
2777 3.992647227199122 0.6568929148907755 0
2778 2.247526369864974 0.02758181640234105 0
2779 12.04668858550788 0.04999130214117654 0
2780 2.131945431946279 0.1370966224968294 0
2781 1.993878315807582 0.315052847966705 0
2782 1.92252434599065 0.4201045587725664 0
2783 3.101216810807636 0.6164034800359713 0
2784 1.865578933982847 0.4589859699187375 0
2785 2.100769829246868 0.1589053784495276 0
2786 4.561566405647232 0.6085221183592854 0
2787 12.1050367217413 0.05662750821188259 0
2788 2.19077609437334 0.06859543318149633 0
2789 1.553463071247183 0.6995763072638198 0
2790 10.01808567476318 0.6925054213537449 0
2791 1.686729108870368 0.5106628924076211 0
2792 1.553299047377283 0.5306520928970591 0
2793 2.770512293212355 0.9030005259907928 0
2794 4.445679569489928 0.8980475217599662 0
2795 1.449451797293138 0.7021255361514027 0
2796 8.198549149368768 0.7285083459976862 0
2797 3.089387402135205 0.7239958454765946 0
2798 1.99742093132693 0.2570172488838759 0
2799 4.773585127918007 0.7096429807880297 0
2800 2.756371997596208 0.530054221054043 0
2801 3.207994386657211 0.5082601922224433 0
2802 6.695712978875949 0.5607175579026045 0
2803 3.490693905940442 0.5096819900655868 0
2804 8.305537204298496 0.6368693976560778 0
2805 9.98260878267185 0.5632967920960258 0
2806 4.465177309500652 0.4944586098013584 0
2807 5.984694496535353 0.4972256414416287 0
2808 5.247869884899271 0.4438112405776024 0
2809 5.680338993239722 0.4619826276382941 0
2810 11.07701310872969 0.4816795746060699 0
2811 2.368730992526543 0.607318803391369 0
2812 7.232153562070922 0.4592937175605385 0
2813 9.86794589462087 0.4819820199955251 0
2814 10.51003758482223 0.4071408666901679 0
2815 11.75611439974355 0.4254610147531696 0
2816 11.53169519474937 0.4264339217636589 0
2817 10.77016551992916 0.3876804407380003 0
2818 2.053210110416164 0.3829799571819238 0
2819 2.118089855484923 0.6391887436562167 0
2820 11.31772821835905 0.5237264714115487 0
2821 1.951381546541794 0.5103335325630948 0
2822 7.955062034424785 0.7061398882166046 0
2823 10.25798639571412 0.6663877193370088 0
2824 4.788474509899948 0.6246521197173847 0
2825 5.034528664061509 0.5664927487341263 0
2826 5.455753815944949 0.4847197146752438 0
2827 6.214840879864131 0.4848375196864083 0
2828 1.67481003422925 0.676330560931734 0
2829 7.467632155421937 0.5790136568604276 0
2830 2.270112345863545 0.06821935595057636 0
2831 2.161546598182883 0.1455697853583752 0
2832 3.740015732714138 0.5751143359468792 0
2833 2.508761955437966 0.6335569387379448 0
2834 11.9924778446558 0.4570047894851076 0
2835 4.03017436272131 0.5458796779868939 0
2836 8.560117243448994 0.561339355565218 0
2837 6.457710279948548 0.5705873913882572 0
2838 9.125869924798952 0.5614172177916432 0
2839 7.84206663659953 0.6959088415224304 0
2840 9.61752793716286 0.5874958854880081 0
2841 2.053078245752947 0.2572751235561355 0
2842 2.634852700618818 0.6423965417424382 0
2843 8.887566269444862 0.5638662074593233 0
2844 10.96209337258633 0.3875371616926831 0
2845 10.39609493702433 0.5326798757893638 0
2846 12.09349846590493 0.3711625302312422 0
2847 2.992870614728946 0.6197286527629415 0
2848 7.552919012392834 0.6926732915754475 0
2849 1.602892175070805 0.5802385118980115 0
2850 10.14322183840664 0.7646110681708784 0
2851 4.678027943616545 0.610547096291279 0
2852 2.146898671906821 0.18883389272696 0
2853 11.20739777213915 0.5633971053357635 0
2854 2.346197912900197 0.03589827253530466 0
2855 2.086680053937579 0.201711743241561 0
2856 5.763534826086103 0.5972309456746274 0
2857 1.758846264440615 0.5301536717021933 0
2858 12.00158048497082 0.04789476665413173 0
2859 2.278936229597095 0.03257782571027067 0
2860 4.343822594702124 0.5850043048576272 0
2861 1.974477568983723 0.4393791402663083 0
2862 8.193332847976693 0.6166449528881123 0
2863 8.678971774692194 0.5656323705406046 0
2864 12.19549085178144 0.2202417375278621 0
2865 11.29693801082494 0.9191076829487518 0
2866 11.23899009674495 0.6394890537538535 0
2867 4.481296603810264 1.008378529242798 0
2868 12.04173803160775 0.0869122020696371 0
2869 12.07663940039639 0.1225070823457475 0
2870 2.211311880603275 0.09847029669893362 0
2871 2.642983551971513 0.5269125267427552 0
2872 4.363672811415301 0.4854189472494925 0
2873 2.196505419318842 0.2047464833174229 0
2874 3.918857779267512 0.488291930091081 0
2875 7.856108078188158 0.5896930158387346 0
2876 4.682928137999744 0.4984751588094013 0
2877 6.483398325894124 0.4670008299655495 0
2878 8.196996895253736 0.5083115631880067 0
2879 8.683295032901626 0.4604425979010867 0
2880 9.964279183193216 0.4291852870372724 0
2881 10.40828682169864 0.4223400853954682 0
2882 9.00565225507904 0.4368977123245289 0
2883 9.608385815840458 0.4741090100611328 0
2884 11.06039279890179 0.3868732191643582 0
2885 11.84695768089076 0.326437347630847 0
2886 2.376108576167667 0.4772902570113982 0
2887 12.01837917872496 0.143627091058165 0
2888 6.298131050165689 0.4131756697572854 0
2889 5.883687053195399 0.4978603830971152 0
2890 7.129281250887566 0.4689988594561596 0
2891 10.25684649775825 0.5225995895874495 0
2892 2.261148721348473 0.1100143269606572 0
2893 2.047334241409174 0.4524123446023092 0
2894 12.08822433441238 0.2701635022878161 0
2895 2.41370831106332 0.03511887063726034 0
2896 3.302046327458413 0.4842166464071194 0
2897 9.2124230027555 0.4394965535710803 0
2898 2.307761711923335 0.07234776037797779 0
2899 11.24356580769835 0.4611267258290228 0
2900 9.786479245338031 0.437921268997842 0
2901 10.60408289191557 0.3671180265452486 0
2902 5.143069717405826 0.4629422553640309 0
2903 5.785348929110918 0.4908396917781758 0
2904 4.571685866937216 0.4981941733599234 0
2905 3.590217342667867 0.5000928865140554 0
2906 4.923261217217315 0.5474045582332561 0
2907 10.86506517444653 0.3884845996269267 0
2908 8.78633380247042 0.4647252291154783 0
2909 5.560034019475548 0.4806917166102468 0
2910 2.014384880724644 0.6246321737786006 0
2911 2.865227962724427 0.5255289929043396 0
2912 3.104887600338543 0.5111009258922211 0
2913 11.34452728929646 0.4127660819365606 0
2914 11.45005900838028 0.4242977870192491 0
2915 2.117693696537325 0.2448561026874111 0
2916 8.435218874148585 0.5462636669158839 0
2917 10.13522204985924 0.6716480595131067 0
2918 7.332157818525897 0.4411842081936049 0
2919 12.14431911257951 0.1400770344235627 0
2920 8.079270430827519 0.6056914594701308 0
2921 4.24282163710167 0.6780120203676351 0
2922 2.055269311430084 0.317743979511495 0
2923 2.035330072384532 0.5318353642953024 0
2924 11.95748865637632 0.100168488865756 0
2925 1.836820587496273 0.5587429080613862 0
2926 1.679407444691476 0.5674388888540356 0
2927 6.088877512930781 0.4912888696183662 0
2928 11.65108230115565 0.3985976528850849 0
2929 2.380411889810775 0.03645208799384488 0
2930 7.656513970981643 0.5450520511912402 0
2931 7.549293703278583 0.5734483852874461 0
2932 2.206064951186279 0.1529429187686888 0
2933 2.231730948292224 0.6353946459291682 0
2934 3.798741986040628 0.4697187490988372 0
2935 12.00633956464193 0.09450296584180505 0
2936 10.2388058757812 0.7957470982629965 0
2937 8.698926984354229 0.6904037488874781 0
2938 2.529712256149171 0.5206290724849669 0
2939 11.27008404598305 1.082380002143249 0
2940 2.447771584567684 0.05729113076015741 0
2941 5.097291004126495 0.03982027286898403 0
2942 3.995512064451541 0.4362977430448083 0
2943 2.761742525110677 0.4319944661077784 0
2944 3.33266331520282 0.3897736562161316 0
2945 3.490539945337566 0.4210327786431109 0
2946 7.627427922712186 0.4497116708283352 0
2947 5.4703481767652 0.3962118064919597 0
2948 10.30937872947393 0.4088041338658647 0
2949 2.542425367901811 0.4222397324113583 0
2950 5.741139213830863 0.3967524297341994 0
2951 5.97949252379843 0.4001089047124073 0
2952 6.16760747865929 0.3677455842459869 0
2953 5.216458632972754 0.3609410706410517 0
2954 7.14169062854298 0.3718743751453575 0
2955 9.874083046359047 0.3702385606096357 0
2956 8.69896624756516 0.3679320940831415 0
2957 2.2498678790071 0.2127559314763817 0
2958 10.8666033681143 0.2991056358982773 0
2959 11.45270140273396 0.3129591344156381 0
2960 11.04719373029798 0.3001849442867945 0
2961 9.28474367152867 0.4179753939797589 0
2962 11.96307264565534 0.1551972569282677 0
2963 11.2479128135308 0.3956034443636846 0
2964 8.084589631071337 0.4978380834550844 0
2965 9.492918876005987 0.4754234906757992 0
2966 2.117592932170465 0.318575126502993 0
2967 11.93815350610652 0.3632441169385164 0
2968 11.81612208670665 0.04668674054900147 0
2969 4.578130502101283 0.3981067835374256 0
2970 3.68040513739211 0.4757700696972108 0
2971 6.382611160775525 0.4455926199616001 0
2972 4.941587274507401 0.4569777687103024 0
2973 4.812058644282205 0.4994593550735889 0
2974 1.921101120654203 0.593703466163834 0
2975 8.562955731954096 0.4362819070526476 0
2976 2.982782558490408 0.4950893154688347 0
2977 5.563693535137943 0.3872778327030892 0
2978 3.201639779589502 0.4184976749580572 0
2979 10.12476570639623 0.5571632012009905 0
2980 7.444604805003487 0.5085652407793184 0
2981 7.965545203649251 0.5972011351281519 0
2982 4.261283638286207 0.4754117066196585 0
2983 7.236183493812962 0.36231654454518 0
2984 5.038190974153985 0.4651543185771112 0
2985 11.68108293846703 0.3106991146996976 0
2986 11.76514125892515 0.3298756905852261 0
2987 8.313918825791308 0.5260113709287949 0
2988 8.888154208750963 0.4589989141716693 0
2989 10.42125243031955 0.3321035835586378 0
2990 10.50541118931897 0.3176781535615574 0
2991 7.116883470499063 0.5783871371181717 0
2992 4.244331941464618 0.5757777597218687 0
2993 11.8604879726029 0.04931665738237914 0
2994 11.15644989977029 0.3864237902442576 0
2995 2.25523487786909 0.1589251107441262 0
2996 2.119352447993669 0.3813434168627305 0
2997 2.126616684711027 0.5363467599256606 0
2998 2.344800647282397 0.07383372718762221 0
2999 11.90794163218205 0.05075378896915276 0
3000 12.12696367347159 0.1986165174704657 0
3001 2.185954472646442 0.2623321041494048 0
3002 12.08175157554866 0.17706740604308 0
3003 12.00196778113264 0.3689458044356704 0
3004 3.416062121235193 0.508855506887405 0
3005 2.381411134232359 0.07439434612495685 0
3006 9.116700041282854 0.4532821958945907 0
3007 3.895216951038595 0.3638918645883552 0
3008 1.741210487553307 0.6111249009478327 0
3009 6.102472533192435 0.5975578581924038 0
3010 11.174834862481 0.4730544847366533 0
3011 2.229411776807257 0.7609009882801712 0
3012 2.304138789744444 0.113987355843236 0
3013 2.433462934497087 0.5026020022868708 0
3014 7.777557716317109 0.5838589839856974 0
3015 6.588416135277591 0.4708398734442928 0
3016 2.224806881937642 0.5257515452426333 0
3017 3.465219202653485 0.03705707593376106 0
3018 3.874270462389129 0.03858858957967505 0
3019 4.679962785249971 0.03886914938090613 0
3020 5.960209397720005 0.04087447560944382 0
3021 5.523126192989519 0.04087994618577668 0
3022 7.974400131609447 0.4920692440861148 0
3023 6.695477178277224 0.4597713215867243 0
3024 3.994603898825601 0.3711371825792725 0
3025 3.200986736080559 0.340850559748194 0
3026 6.419126554975328 0.361958984649858 0
3027 7.32788786739675 0.3488761297439552 0
3028 8.198918576852821 0.4019153260157985 0
3029 9.053528988038813 0.369020983655107 0
3030 5.484771768670925 0.3158793035985876 0
3031 9.599209413728353 0.3746250179160452 0
3032 9.957242280003376 0.364625499082235 0
3033 9.193970656178386 0.3560854306886272 0
3034 10.33802563636869 0.3222109693069892 0
3035 10.83905384936416 0.04818959740303305 0
3036 2.309508441196195 0.2189917634309996 0
3037 7.050827713478695 0.3746367021257224 0
3038 7.149755180464113 0.2839757468859863 0
3039 11.14811077242678 0.2873963579643794 0
3040 10.77733489000082 0.3046966780060579 0
3041 10.58745280955804 0.2836417204845093 0
3042 11.70639427195364 0.2537578092644415 0
3043 10.19575668235841 0.4498320111261072 0
3044 11.7715825495583 0.04765982537873784 0
3045 5.059758486609545 0.04109998345383185 0
3046 9.788580733163981 0.3693206269755658 0
3047 4.158614817897547 0.4678602473804181 0
3048 2.508022245741277 0.03417038083761385 0
3049 4.95194306043033 0.3756209177725997 0
3050 11.83809274079333 0.2687051896804158 0
3051 11.81159032915652 0.08169554269851427 0
3052 5.888477837426969 0.4004653422900815 0
3053 3.805122949525142 0.3852724346526198 0
3054 11.90507410873416 0.1573719561304079 0
3055 6.243666471537278 0.3631169307619591 0
3056 3.03251450918135 0.399505839369846 0
3057 2.855718321155692 0.4337150642117507 0
3058 7.533919103803133 0.479476984032188 0
3059 11.34399689878979 0.3194527024259468 0
3060 10.42825622089903 0.2584103584702419 0
3061 2.654788065881655 0.4070494391073009 0
3062 9.361375882567087 0.4754667035680757 0
3063 8.439461649217384 0.4415077653208568 0
3064 6.071171895519185 0.3948542589947481 0
3065 3.116012806467665 0.417599730399946 0
3066 3.577550159982426 0.4118754121807646 0
3067 4.287401790722021 0.3601536310710995 0
3068 4.390431183491017 0.3902382111982906 0
3069 4.691578279056113 0.3783219847157939 0
3070 2.302836539014034 0.1603827246961105 0
3071 10.9574562358926 0.300868820000612 0
3072 8.788998327766436 0.3720338757447614 0
3073 5.359211240526214 0.3985142353883729 0
3074 5.651702103609852 0.3666783649635474 0
3075 3.390142132159097 0.4308071397142061 0
3076 11.55811046312792 0.3568141712653676 0
3077 6.598120722620548 0.3810103563530647 0
3078 11.84725990897697 0.1061565148120485 0
3079 7.029381374218694 0.4692638720529992 0
3080 2.457107104046489 0.4206127154314143 0
3081 2.344495956801743 0.1145442974728337 0
3082 4.138322694458657 0.5675083607194871 0
3083 2.244245466861877 0.2694425692782255 0
3084 12.04068002875907 0.1987002389609377 0
3085 11.99485499386059 0.2907379198772224 0
3086 10.88362991920808 0.04809195253131058 0
3087 5.13347976373451 0.03943946274334884 0
3088 7.00662916733242 0.5753069297531651 0
3089 2.475185214399945 0.03258694199082917 0
3090 1.801671499665424 0.6380458604169306 0
3091 2.423120054775973 0.07632146335472229 0
3092 2.125054582367307 0.4500659705603285 0
3093 8.61856941206484 0.3521241177297545 0
3094 2.176956073624465 0.3248470013053598 0
3095 11.90640410953111 0.1028886681312148 0
3096 1.879098017405293 0.6827584647228138 0
3097 10.12135041646523 0.4552991339660322 0
3098 11.25104187003835 0.3104730751491009 0
3099 4.482679812436238 0.4003786486548256 0
3100 4.877988490232231 0.4437236661402316 0
3101 1.7660167969193 0.6924720457825417 0
3102 7.761414454382408 0.5095658413624153 0
3103 5.039463820421265 0.373047166978545 0
3104 4.269619343552611 0.03884296840723186 0
3105 3.073093051397772 0.03513860223102232 0
3106 5.092654393373253 0.07906249919207835 0
3107 2.61479686896386 0.321028894353691 0
3108 3.408772017645686 0.3373123110095407 0
3109 6.691012951665375 0.3704032065111749 0
3110 7.741343862833588 0.3975737441188783 0
3111 3.923536319116821 0.2833741043412509 0
3112 11.11797790191731 0.05063566105813907 0
3113 4.421081398980922 0.3094446423558297 0
3114 4.65755192538625 0.2929227231280493 0
3115 5.728674515303305 0.340903612379423 0
3116 10.62713668440547 0.04595405180361201 0
3117 5.975654931283012 0.3154101066100302 0
3118 4.954097362526827 0.2960813378319723 0
3119 10.35824211135849 0.04623337623868316 0
3120 7.068361803979266 0.2903568476946597 0
3121 6.187755352353103 0.276595902277692 0
3122 11.33610346460152 0.2357932029564092 0
3123 9.877453859702602 0.2886956552719916 0
3124 8.714782564088676 0.2862963516649201 0
3125 10.36044880045321 0.2547754452268869 0
3126 11.59995564994942 0.2568957116358835 0
3127 6.967682081067082 0.3660478641716294 0
3128 10.83541416315455 0.09630919183129856 0
3129 11.14142150087521 0.1995932571613257 0
3130 11.03440811384087 0.2257609716061597 0
3131 2.467094159210351 0.343608167462384 0
3132 2.287880057801538 0.2692532416346272 0
3133 4.873771733034916 0.383158260090757 0
3134 2.34676595582265 0.1912537223362053 0
3135 4.173135283797337 0.3741842032139545 0
3136 2.460473780475767 0.09878337116623011 0
3137 3.657732609416114 0.39896564661848 0
3138 2.383541180908045 0.4153237753709209 0
3139 10.97372178420112 0.05016999602053987 0
3140 5.922071439485798 0.04201853073971733 0
3141 5.483547325718233 0.0395644868887518 0
3142 2.565967503163526 0.03342347730740212 0
3143 5.207109385379616 0.04053513967123548 0
3144 4.643608769835962 0.03947922678678682 0
3145 3.838529932753876 0.03877458647518485 0
3146 3.430244453020423 0.0363777128919823 0
3147 3.057823546396024 0.3297412725978212 0
3148 8.878253239115052 0.3644200227742095 0
3149 10.87066484550023 0.2075053876168347 0
3150 2.772244185872914 0.3513362699069232 0
3151 8.439579659315129 0.3587176708451965 0
3152 8.323701355901516 0.4032880945769297 0
3153 11.77566873109499 0.09465079361764295 0
3154 7.657939797887473 0.3496904443091761 0
3155 2.2127259093929 0.4184834927126405 0
3156 9.496337174651387 0.375987145783623 0
3157 6.506618215890212 0.3776948717419494 0
3158 4.359618819955745 0.2821545969497938 0
3159 5.563856390219196 0.3074800397196956 0
3160 7.425232950672593 0.4184416416847105 0
3161 8.090581071320424 0.3969466155143694 0
3162 4.793161187718562 0.3921628812644162 0
3163 7.866080648446505 0.4927873833709057 0
3164 9.295363032947265 0.3367029054789522 0
3165 3.489153529457114 0.3380887565007891 0
3166 10.49727318906245 0.2449188312015148 0
3167 6.802934091809522 0.5525169684308416 0
3168 7.246780972989959 0.2606606995329772 0
3169 11.77634484851468 0.2426845252614795 0
3170 6.93292512855272 0.4580089201955303 0
3171 11.92016974079405 0.3079625625077205 0
3172 10.69094523692274 0.3262493711230976 0
3173 9.391759661079432 0.5739598987178202 0
3174 2.344944097255007 0.1572423987979163 0
3175 2.383065381868678 0.1132563216908576 0
3176 10.40216811417741 0.04737091666740508 0
3177 3.500137448815834 0.03801121186922091 0
3178 5.997492553186329 0.04082011086984862 0
3179 3.909518565100244 0.03834914050356358 0
3180 5.562379408990769 0.04205913132118485 0
3181 4.715795250030663 0.03936907584558855 0
3182 4.062800751888219 0.4545995645147113 0
3183 10.79370007297831 0.04818614265403012 0
3184 10.04055531466633 0.3599339909986612 0
3185 11.72528355791906 0.04866966619372828 0
3186 10.92816857061201 0.04895564538597494 0
3187 2.541509422744499 0.03425283344025221 0
3188 5.022894870447865 0.04001340716574545 0
3189 5.16985604358973 0.03998664149407986 0
3190 11.97607254791888 0.2187469598384814 0
3191 11.41200995936618 0.2262510969857426 0
3192 9.69782988073268 0.369709109904333 0
3193 4.497409828417918 0.3167508932351152 0
3194 9.112688939429006 0.36760826178853 0
3195 5.377464059118016 0.4787228422440371 0
3196 2.925404056308624 0.4275544090330559 0
3197 2.471918418885916 0.0642417590067495 0
3198 2.237939391821302 0.3330719991234547 0
3199 3.736055496171858 0.4472731745213204 0
3200 6.976140457256307 0.6926489377784593 0
3201 5.801798731070151 0.4006694212617324 0
3202 10.12942383345395 0.3624569132388936 0
3203 11.86246082108559 0.1525617195334725 0
3204 10.21920173767501 0.3797534388787057 0
3205 2.16703252028726 0.372785136538768 0
3206 5.349246276972423 0.2989391448716039 0
3207 2.68993715069738 0.03593724156436982 0
3208 2.597162581942493 0.06413524638322841 0
3209 5.246616356986986 0.08281969319733126 0
3210 3.461787745969194 0.07487161053040503 0
3211 3.843042819538452 0.07975713501534862 0
3212 4.678156766205301 0.07708145238331345 0
3213 3.996975798654414 0.2916364530811041 0
3214 5.958534583090584 0.0804997095290016 0
3215 4.982145977929022 0.06444116798501606 0
3216 5.516456495051069 0.08445588738524198 0
3217 6.604291229331858 0.3027693191017528 0
3218 7.413382825148055 0.3326102357359728 0
3219 7.71617425528065 0.2931784581411082 0
3220 8.290407132733952 0.3050887020243903 0
3221 3.846491866282645 0.3078075152659959 0
3222 4.507388722191501 0.243018862842588 0
3223 9.032717614841127 0.3129677984828996 0
3224 8.640064785014584 0.2790510638218467 0
3225 11.37113764878091 0.04684821124500619 0
3226 9.69312128814423 0.2711320940988252 0
3227 9.247443092855637 0.2591571937438173 0
3228 10.13875420061025 0.2515798032907941 0
3229 9.956130487790052 0.2844524819154088 0
3230 3.40823625581784 0.2515675127993346 0
3231 4.877221335429525 0.3057356253680065 0
3232 7.150353792352642 0.205383154975483 0
3233 7.983681621203036 0.3929691782519325 0
3234 10.34596935982334 0.09297117333972435 0
3235 2.500765681554178 0.1095602655724522 0
3236 5.496908630509139 0.2459664681279953 0
3237 10.6798734603039 0.2308671822455802 0
3238 10.43146520640232 0.1974608002996659 0
3239 11.67920726112596 0.2077362936818289 0
3240 11.02250104792859 0.1040015389381464 0
3241 6.900617098237382 0.3345447367779826 0
3242 5.88954689372467 0.2998773269723675 0
3243 11.40487349100288 0.148203873558433 0
3244 4.743050496516402 0.3138236006431099 0
3245 11.21397253797441 0.0405198496339972 0
3246 10.70662112597886 0.04333024339516967 0
3247 10.49060517451561 0.04813158606815046 0
3248 6.07457771043716 0.0419289552693201 0
3249 5.649723954290877 0.04628394779351463 0
3250 4.799382109628065 0.04400241988676973 0
3251 3.039412822699658 0.03325127710571672 0
3252 4.234000115662251 0.03950844133538842 0
3253 3.979733878921904 0.03086730862951765 0
3254 3.579630693568625 0.04210453198977785 0
3255 2.358398674821778 0.252497380348258 0
3256 6.050733047111147 0.3131142057648101 0
3257 6.261773589636544 0.3046160065184656 0
3258 6.445601581354343 0.2875771066165638 0
3259 10.77766953652053 0.225587104576753 0
3260 5.042788951598133 0.2746039646140147 0
3261 9.499609083785916 0.2861371988922075 0
3262 7.511960186583078 0.3950104382709456 0
3263 11.50072464824129 0.2419099174670688 0
3264 4.39508048568739 0.2388283590186447 0
3265 3.336552049081021 0.3353433106551044 0
3266 8.092981834985464 0.304215496204273 0
3267 8.517723503911416 0.3647822342641463 0
3268 9.396709682657651 0.3663237289317345 0
3269 7.332888420194987 0.2663975145859582 0
3270 10.56322940672755 0.2143760242088738 0
3271 9.794615007844767 0.2866875789035108 0
3272 2.856441982193408 0.3549662455040254 0
3273 3.007537696568661 0.3176124449503666 0
3274 2.541218801118218 0.339529228052452 0
3275 5.640477509619882 0.2901248862703472 0
3276 2.396475781069153 0.3387994523310622 0
3277 10.95841653223813 0.2235268627345403 0
3278 3.569826839194558 0.3331067163975626 0
3279 4.579014277703353 0.3114988375851044 0
3280 4.177684836746476 0.2927464091146179 0
3281 4.253637730346073 0.2730766587559387 0
3282 4.080879283667379 0.3715259277610221 0
3283 6.778276921695928 0.3385535650251185 0
3284 6.821708684308721 0.4282832951267005 0
3285 5.801714725447779 0.3218163067750625 0
3286 2.38505351315848 0.1545663024416109 0
3287 3.106717820201179 0.0368541348838637 0
3288 4.305118661134927 0.03867566263108592 0
3289 6.904795920730082 0.5619547124824043 0
3290 2.316148023034292 0.3211281824140682 0
3291 3.730159188370775 0.3891183751788813 0
3292 10.87983833474757 0.09460020609427415 0
3293 8.792148685014789 0.2895198813781366 0
3294 5.128155688902418 0.07834178252976957 0
3295 11.06908801715039 0.0513034465586366 0
3296 10.58213647914522 0.05040818403370429 0
3297 10.31556833729829 0.04378136286499353 0
3298 2.412241777281332 0.1106637828178025 0
3299 11.79576514217254 0.1421985143749369 0
3300 9.100833450519422 0.2939967577752032 0
3301 11.16796600655277 0.04813595124989314 0
3302 10.66758279076423 0.04183108091236208 0
3303 10.44644013015312 0.04771143754450949 0
3304 6.03562293576273 0.04161877580711167 0
3305 5.883897211757325 0.04107859863433658 0
3306 5.602210079599422 0.04404383126288838 0
3307 5.452936424922988 0.03816549290141359 0
3308 4.753235611757074 0.04149708259364186 0
3309 3.396297726770899 0.03470016416038593 0
3310 4.607813499006818 0.03832687488500406 0
3311 3.802206515941877 0.03872085513991339 0
3312 3.945780493552634 0.03647092133400698 0
3313 3.536207720963435 0.03980108981415453 0
3314 3.127732527107716 0.3387008446171801 0
3315 2.709682303724668 0.3451896228784055 0
3316 10.923387559925 0.09750372224417246 0
3317 5.053847364792416 0.08475892290534918 0
3318 2.507007864135716 0.0696997739702688 0
3319 5.165452928362463 0.08064916819608044 0
3320 11.89232499577805 0.2295582208908605 0
3321 8.960865348985463 0.3418476460355134 0
3322 10.25550385732577 0.2781888534127981 0
3323 8.378559900913888 0.3494134175728381 0
3324 6.337777827336173 0.334195643002816 0
3325 11.10110094868693 0.2167584199383221 0
3326 10.73736911665345 0.09421580572450755 0
3327 10.78669439636699 0.09807434151264798 0
3328 2.317580032619077 0.5025222278254982 0
3329 5.291779541765552 0.3360493951515757 0
3330 10.70140913686397 0.3881983363364698 0
3331 6.795534899490354 0.6321913452086829 0
3332 10.02507297403932 0.4484452390062297 0
3333 9.716165220199064 0.4607724149704202 0
3334 4.801003533511019 0.3118279338583343 0
3335 11.83185376225985 0.18655584651711 0
3336 11.67596395990757 0.08281747088112298 0
3337 11.71356826892509 0.1088954636256933 0
3338 3.067228951154569 0.06958192247549042 0
3339 3.618175740654381 0.0624548874460072 0
3340 4.269107365196568 0.078210044935746 0
3341 4.008496619021026 0.06694665909599259 0
3342 8.787009215824028 0.0468486086503535 0
3343 8.571388666623637 0.04582803688792857 0
3344 9.690802210595699 0.04771927697900082 0
3345 9.02113001738666 0.04755334019272603 0
3346 4.840441327938332 0.0644040912339424 0
3347 6.120150895175335 0.08440333098922802 0
3348 9.238152134079078 0.04590141012162793 0
3349 5.842859400646543 0.06664491638129495 0
3350 5.691818617253505 0.06795489320832844 0
3351 9.430023078105062 0.04598746162079578 0
3352 10.15580071874185 0.03026510417150897 0
3353 3.358787354303378 0.05911474734677741 0
3354 9.891711235155352 0.04539369004437594 0
3355 7.492891456792206 0.314728525518839 0
3356 6.852069628199748 0.2691770932274162 0
3357 7.218608563196255 0.1873831105557653 0
3358 7.042336063729788 0.04591100116889506 0
3359 3.332733670186871 0.2681762061645445 0
3360 4.570355313958914 0.06260179558534602 0
3361 5.306832256708965 0.268676415662142 0
3362 2.691392068649039 0.2814390696657857 0
3363 3.067296103186832 0.267398428108664 0
3364 7.407519057053806 0.2529918744712075 0
3365 7.079028120570591 0.2143459923690972 0
3366 5.091242841004713 0.1084249789591505 0
3367 5.414966097449085 0.07170483639808631 0
3368 3.931420190154296 0.2215048591626548 0
3369 4.805988045055292 0.2292578533393283 0
3370 9.879745058597353 0.2155562342382266 0
3371 8.728396327737045 0.2133587951251158 0
3372 9.006805547253249 0.228948545356382 0
3373 4.177609472553349 0.2290302126532012 0
3374 4.318537301489273 0.2337748584909094 0
3375 5.714931398120707 0.2687914193513247 0
3376 9.736412144477791 0.2023841976962989 0
3377 4.886094869119999 0.2325741676695982 0
3378 6.03700077655648 0.2440255028285203 0
3379 3.793420215202906 0.3108464186258556 0
3380 5.925969454569079 0.2448638174241809 0
3381 5.627607583948947 0.2239947426890562 0
3382 2.596641018269398 0.2608808765370741 0
3383 6.683387452468156 0.2963357089465694 0
3384 11.59214319286415 0.1675607387293476 0
3385 11.32771841454626 0.1620879871601285 0
3386 9.348442599114048 0.2789245617936679 0
3387 10.52782354977009 0.0985131159951128 0
3388 10.63806178094418 0.08867305126598779 0
3389 11.25109259886979 0.09016295420907916 0
3390 11.45513258487272 0.04713651527584317 0
3391 4.383916022358243 0.04192540076865133 0
3392 3.186716153585011 0.04208931557734058 0
3393 2.545777711034312 0.1129979613158681 0
3394 11.32373906732535 0.04805583284361771 0
3395 2.655952163892354 0.03490898219844842 0
3396 10.37390058518291 0.1985777764180646 0
3397 5.319046639426185 0.03972530902656471 0
3398 4.886359981973489 0.03531259332223079 0
3399 8.504261005022718 0.2811251970199148 0
3400 3.646263945001734 0.3246763740818858 0
3401 4.089269640999462 0.2787140835974322 0
3402 7.8727488677297 0.3930005155074406 0
3403 9.589777416617897 0.2860821404495883 0
3404 8.197485961053697 0.2922773973796954 0
3405 11.74095231970148 0.1737392486887033 0
3406 10.03726109856606 0.2744237791070649 0
3407 4.953388416893681 0.2240546741522358 0
3408 9.172847343334896 0.2808435554258122 0
3409 4.645780943986133 0.2250186890649612 0
3410 6.286029005794354 0.2225856388221327 0
3411 10.48736951597728 0.1869319563759702 0
3412 3.491566151624433 0.2638351605074524 0
3413 4.577561678252589 0.2366447052880293 0
3414 3.133520786955496 0.267755247871356 0
3415 8.867403558660085 0.2833976306705144 0
3416 2.781490562143188 0.2812234237516372 0
3417 11.08340124853027 0.1589264464440522 0
3418 2.951723991782505 0.3575994243199581 0
3419 11.59323879655078 0.0510423114911979 0
3420 4.922459656286715 0.03654891825137214 0
3421 2.724664052718207 0.03632629143312836 0
3422 9.937926673817085 0.04563246517664742 0
3423 9.475961602892893 0.04594577521406001 0
3424 11.02600182649159 0.1613025101633863 0
3425 8.937439480293007 0.266426380034415 0
3426 2.378627700787051 0.2001687521908186 0
3427 2.474540605708761 0.273856967843082 0
3428 10.39286281987095 0.09555384337076323 0
3429 5.994671333915429 0.08149230447557565 0
3430 3.499018530532171 0.07636820250681048 0
3431 5.559677540429856 0.0857468349570383 0
3432 3.881149565729908 0.07927531937860031 0
3433 4.713258190078552 0.07755577679708624 0
3434 11.63844023081236 0.04781198033744159 0
3435 5.282137964879702 0.04039778580759298 0
3436 4.9570884281895 0.03574479330583374 0
3437 8.36378511013579 0.293157583481567 0
3438 10.97114317549553 0.1020259804861062 0
3439 2.54624847423247 0.07102352069814798 0
3440 5.205540511370895 0.0824357625350679 0
3441 10.84012283106689 0.1452950714662062 0
3442 10.87699747132968 0.1305266705249898 0
3443 2.434800454555405 0.1444794175835176 0
3444 11.41368534126094 0.04500007996308013 0
3445 2.632856597585234 0.03346566991096143 0
3446 3.007002554396357 0.02864704719349166 0
3447 4.197933049774517 0.03940501175244908 0
3448 4.341282707896665 0.03913359155572161 0
3449 3.142280477396554 0.03977722713260617 0
3450 10.71808093934586 0.1489463183733674 0
3451 10.66808605640362 0.124777686641096 0
3452 5.26401957300768 0.2801291150330961 0
3453 11.12828877947526 0.1032225379455523 0
3454 5.921153593890083 0.08502102927256577 0
3455 3.422042633731805 0.07318814851052403 0
3456 5.470157659213009 0.08208884816961733 0
3457 3.803595904535094 0.07921252611976785 0
3458 4.640893144735006 0.0795036945477865 0
3459 6.035130295520042 0.08526589680592102 0
3460 5.60044354391816 0.08757842079536897 0
3461 3.535253641091474 0.07832799435667127 0
3462 4.749309626747476 0.08214214191569359 0
3463 3.919004386652214 0.07884378884041128 0
3464 6.105775142028138 0.3053604683985903 0
3465 2.307841378649068 0.4161569319391291 0
3466 10.66690590512157 0.07195591199377654 0
3467 11.46154457971166 0.2106062922835322 0
3468 6.369298740289424 0.2634660549050306 0
3469 9.411942342355768 0.2839222118866099 0
3470 10.69430888038456 0.08326683504334689 0
3471 5.118712342970571 0.1162690018581594 0
3472 10.27114755044346 0.07610926104848079 0
3473 10.30153384835983 0.08562311086220593 0
3474 2.413261953261595 0.2685457981964826 0
3475 8.568861536883325 0.3320125994620164 0
3476 5.128204691633732 0.2902868100949968 0
3477 5.004139262579145 0.08925493326299516 0
3478 6.523786315983775 0.3000780606924889 0
3479 11.07549127331645 0.1043283987610531 0
3480 10.43977112856276 0.09563647755333871 0
3481 3.766248114803723 0.07656355094562509 0
3482 11.65462038120785 0.1480011826080195 0
3483 2.68585324939763 0.07331726902917481 0
3484 3.227292317463418 0.06103759257436792 0
3485 7.468439550363218 0.04974064759422344 0
3486 7.996708888707603 0.3009062420275969 0
3487 7.228322545024882 0.04058413163266106 0
3488 4.152959462007239 0.07679052598958956 0
3489 6.607344543689774 0.2343455815663232 0
3490 4.341992764876247 0.07782156773341874 0
3491 6.400142272834629 0.203037305077847 0
3492 7.478937452715003 0.2387009639239072 0
3493 4.87861433675012 0.07271442149482499 0
3494 8.283051915530926 0.2340439639021409 0
3495 9.420266169341398 0.09515455049046868 0
3496 4.130984850109139 0.2284870533002582 0
3497 8.961821813423358 0.1919774615137138 0
3498 2.794063047766464 0.2169339295019673 0
3499 8.795069751754413 0.2171122663058634 0
3500 5.371229934246471 0.236182331400152 0
3501 3.460060307152447 0.113530216389534 0
3502 5.250810271204768 0.1269162045254034 0
3503 8.651632095634936 0.1964413840082256 0
3504 9.084383146048545 0.2232552187756054 0
3505 9.326794435853008 0.2190477004505401 0
3506 9.581554454862102 0.2097905039947019 0
3507 6.346079144482523 0.1709309070351686 0
3508 9.202694521809342 0.2018941154061953 0
3509 10.02162595588022 0.1975137286239017 0
3510 3.848685725231924 0.1219734338642962 0
3511 3.134391745182297 0.1921612306066304 0
3512 9.884392160171705 0.09412083940005878 0
3513 3.860801158226961 0.2610145062360832 0
3514 4.681211744349666 0.1141743631146399 0
3515 7.147719663106246 0.1282976965394227 0
3516 3.201390125729974 0.2700262746852309 0
3517 6.203381494161893 0.2119793073576579 0
3518 5.959218846951822 0.1110284588435755 0
3519 4.510137799238818 0.1775383224326527 0
3520 5.149222559110567 0.1693289169942042 0
3521 3.991811622762223 0.2235270939941864 0
3522 4.955365607951849 0.1115950798489672 0
3523 5.5099679484881 0.1324050308528644 0
3524 6.995391486536365 0.2881802251133473 0
3525 10.27998682120668 0.1316421185255784 0
3526 5.698646361151869 0.1897814159835294 0
3527 4.33733613482689 0.157794825661143 0
3528 4.803482993912453 0.1415285439277354 0
3529 10.02334591586951 0.04478525734062928 0
3530 9.783933079466909 0.04039713730975604 0
3531 9.557598269524764 0.04360731259362935 0
3532 9.309050825422098 0.04391822388983641 0
3533 8.975630326428703 0.04586880197125478 0
3534 9.109751772449966 0.04757764418547114 0
3535 8.874865347176648 0.03731823156678663 0
3536 8.656307292028467 0.0455227955452508 0
3537 8.529053653693367 0.04500192484932674 0
3538 7.132717340558904 0.04853589890461409 0
3539 2.800212829837314 0.03889154216675067 0
3540 5.012540001214685 0.2050725110612653 0
3541 11.47178371581876 0.1615362071576827 0
3542 6.194362339067443 0.03970350340379587 0
3543 9.413957041414955 0.2125390659319635 0
3544 3.440023991035015 0.1926852806987631 0
3545 7.292613032714421 0.2039661203801316 0
3546 5.739535313710276 0.03689860775962423 0
3547 3.268500938827927 0.03309423742844048 0
3548 3.66132084217491 0.03459821492769345 0
3549 4.470672275768985 0.03557580202091445 0
3550 4.063821150519798 0.03557906251958082 0
3551 9.691878091741236 0.1874975194842658 0
3552 10.18756594448435 0.03943683230307328 0
3553 5.787219641118439 0.2492121278843104 0
3554 5.355808783881672 0.03860903113186849 0
3555 8.160584231666684 0.2145310767309239 0
3556 2.646478341613468 0.07207460669139522 0
3557 6.759762552507895 0.2817359485155123 0
3558 11.3756509064317 0.09655030937745747 0
3559 5.562337562255703 0.2396940740081635 0
3560 5.973647417769328 0.2458023951332778 0
3561 11.59168116393398 0.1050239360195364 0
3562 3.564173442038827 0.2611897785185491 0
3563 2.860828049764716 0.283646272669119 0
3564 3.003355875346068 0.2718426256112618 0
3565 2.99616281495841 0.06078101670327872 0
3566 11.48696179024553 0.1038579283498333 0
3567 9.950618373423644 0.2112095277855312 0
3568 11.41044074705243 0.07937789009095719 0
3569 2.481668622781958 0.2118646330520836 0
3570 2.540479522776003 0.160425940709713 0
3571 4.727702855116105 0.264611219796403 0
3572 4.233085872118334 0.212638901997668 0
3573 8.434079976607363 0.2840509103484042 0
3574 2.641797721154305 0.2473281797392352 0
3575 4.578606700347116 0.1613688090312175 0
3576 6.109036545021159 0.2397590771940989 0
3577 3.267443732143954 0.271271538251255 0
3578 3.301277126304038 0.0349439745276035 0
3579 3.695969601340228 0.03689430459300423 0
3580 4.898937143055875 0.1694646007077469 0
3581 5.777352723213398 0.03812918145807767 0
3582 4.507405680228224 0.0366696954351266 0
3583 7.26782763794106 0.04366082094406193 0
3584 7.565952863083408 0.2956913800102375 0
3585 10.62273663990689 0.1707385370955665 0
3586 3.099991738410048 0.07312110563245997 0
3587 11.54594602624016 0.05232323542691987 0
3588 10.1215826814752 0.05336612826421894 0
3589 9.85303126248999 0.0447560048698204 0
3590 9.644323132163121 0.04759978303123157 0
3591 9.392067862161682 0.04404189829507489 0
3592 9.19550664478788 0.04613312538864466 0
3593 8.742416846454596 0.04711452790642053 0
3594 7.001780532457313 0.04568900252911289 0
3595 6.154389142475517 0.04096796524889355 0
3596 5.814011869761011 0.0371884958344508 0
3597 5.702955388972099 0.032020187850283 0
3598 4.850915384079687 0.03048877920062076 0
3599 4.542393676468498 0.03538949892787327 0
3600 4.036157485723129 0.03564570458533052 0
3601 3.731088558857696 0.03773075590703283 0
3602 3.628048769269655 0.02958725257886924 0
3603 3.332657440215582 0.0344827609441499 0
3604 2.49048738241703 0.1569226568120757 0
3605 4.917351926401751 0.07476646565086829 0
3606 4.422234775084349 0.06492297818688751 0
3607 11.18377626407209 0.1008716559913485 0
3608 3.569904245400001 0.08484556985404176 0
3609 6.078367633189202 0.0863333936972222 0
3610 3.959416169734502 0.07613157243855309 0
3611 5.638540339341163 0.09455145135893842 0
3612 4.787332204092173 0.08998667183755692 0
3613 5.158889781711693 0.1230405710575515 0
3614 11.27873039382648 0.04724998914095451 0
3615 10.23158106183196 0.04405669579176252 0
3616 9.981878457466976 0.04406361215325337 0
3617 9.739277475294273 0.04557578921757877 0
3618 9.517808025949625 0.04331667647651161 0
3619 9.27996834003876 0.04506053916129519 0
3620 9.065907028816099 0.04817340918293624 0
3621 8.832626271053812 0.0445440827933232 0
3622 8.614016829878715 0.04563714480051403 0
3623 7.084008546023142 0.04637946147771965 0
3624 5.38387137402712 0.03781198591144889 0
3625 2.759638456633273 0.03662276482245702 0
3626 11.13644927421976 0.1566297394776051 0
3627 6.943237599508786 0.2822930664911701 0
3628 7.779737810259902 0.2974509864193741 0
3629 10.91035935339211 0.1460308491470555 0
3630 6.535468049955574 0.2322779051043327 0
3631 10.31837680048117 0.1970042261265884 0
3632 10.3832918590323 0.1457064108511492 0
3633 10.58201848714972 0.113902793201189 0
3634 3.032309199599035 0.06819154636038378 0
3635 4.232373633343117 0.08148012448666654 0
3636 3.135514440685934 0.08043803125580029 0
3637 5.313475946247354 0.2272564540654464 0
3638 10.5169250218322 0.1330459297434816 0
3639 5.06017722525354 0.1363872289409906 0
3640 5.28626393147146 0.08124108383859793 0
3641 10.48465854056282 0.0949428161940911 0
3642 5.987711319050591 0.1225303128040045 0
3643 3.499527354688547 0.1152702461796322 0
3644 5.558456077655869 0.131775717268853 0
3645 2.427276995164812 0.2073506002893089 0
3646 3.886761383145721 0.1208697666372982 0
3647 4.709725726130461 0.1059639868509734 0
3648 11.5290345802291 0.1695700535706723 0
3649 10.78069167608431 0.1552421288504046 0
3650 4.304591808425441 0.07744069702669476 0
3651 4.954643100577148 0.07117954744466058 0
3652 11.25678728709896 0.1619699542717752 0
3653 4.053089327446648 0.2092090955796552 0
3654 8.571585044458766 0.2771780000025978 0
3655 10.96508684815022 0.158131702125947 0
3656 3.385279347887002 0.07144921108783142 0
3657 5.870931651672326 0.09063595347582228 0
3658 4.59608872003243 0.0833707301846566 0
3659 2.53688999549382 0.2713364113768759 0
3660 9.805411736167638 0.2133170082509275 0
3661 5.130956170036741 0.3705568320705224 0
3662 11.6415800851128 0.09511606765770962 0
3663 3.720715991708295 0.3162417259498294 0
3664 6.630549115362078 0.0379312642432655 0
3665 8.092924848111787 0.04774738603084765 0
3666 8.330295989162781 0.04153161891480794 0
3667 2.864909152137153 0.2199953369314984 0
3668 2.761443846621651 0.0727106703339087 0
3669 3.636103126353519 0.252374884199666 0
3670 6.932873522576374 0.2201323262220205 0
3671 6.677332791542441 0.2324891887485419 0
3672 2.684530207869712 0.1117891829434236 0
3673 7.702225708063499 0.2255365161588001 0
3674 3.789515517870479 0.229686573034423 0
3675 8.504784965698917 0.208820570823059 0
3676 6.954097031135301 0.09150882375501326 0
3677 3.368857105742507 0.2066369894475606 0
3678 3.063917015693498 0.2073170620765835 0
3679 3.604559429062728 0.09974373911041827 0
3680 3.204401112400459 0.2053149068499734 0
3681 7.036601163785995 0.09541876479913698 0
3682 6.542850424709904 0.1732369953141676 0
3683 6.251954114260698 0.1580202431513105 0
3684 7.217588168941116 0.0833721411118241 0
3685 6.3806383100947 0.1396683647670854 0
3686 4.463096892366609 0.07514437696503602 0
3687 8.568919969134617 0.09372417631910762 0
3688 8.699716832987322 0.09283899100926395 0
3689 9.019939858656709 0.09865421456030368 0
3690 4.270941041024646 0.1097412227962841 0
3691 8.907108126441287 0.08315505213939867 0
3692 4.015529914877744 0.1149462329359229 0
3693 8.198629857374083 0.1416744266559502 0
3694 7.402148236662218 0.1704301174805274 0
3695 5.732074713491278 0.07686304580209267 0
3696 9.353020347200243 0.08395856748778695 0
3697 9.693440810595943 0.09648052751341471 0
3698 9.202408537256195 0.09134284710144082 0
3699 9.816760438546524 0.08384950754942767 0
3700 4.178067225431247 0.1766470676017831 0
3701 9.593673157189517 0.09366431759141797 0
3702 5.822043882947558 0.1157606884228705 0
3703 10.05734850561456 0.1054234598301015 0
3704 5.38752319518686 0.1787903853625033 0
3705 3.062623716314445 0.09599504235508802 0
3706 6.127088349769044 0.1190445004849961 0
3707 8.090899859493874 0.2241385108135601 0
3708 3.350770276875963 0.1055955637375923 0
3709 7.562058605293251 0.05154933738672667 0
3710 7.34676985386359 0.04652800826148983 0
3711 6.267383855543325 0.0356198108914299 0
3712 10.17013064733403 0.08275883151139428 0
3713 5.45747429614776 0.130626356299918 0
3714 2.717312930484531 0.2011187118684874 0
3715 2.590790232841871 0.1604390564338244 0
3716 3.496619814928912 0.2037007272916054 0
3717 2.88198782349612 0.03348447581091706 0
3718 5.652209639329033 0.1480595488734003 0
3719 5.256306953445616 0.2264310321145216 0
3720 3.887320957552309 0.1621909855349799 0
3721 4.096800337221525 0.03438858089398578 0
3722 5.296031226351197 0.1270338460698635 0
3723 8.859907573734905 0.2135358378866195 0
3724 7.175025149502279 0.07335087378201745 0
3725 11.32228929581917 0.1000082119663645 0
3726 6.852880080993495 0.1886961228635413 0
3727 3.654579780281626 0.07201322588834783 0
3728 4.708795421227751 0.2051513609990078 0
3729 7.888161826790038 0.2824051739713523 0
3730 7.082716088896216 0.148284936129402 0
3731 2.936014287282728 0.2801393766931433 0
3732 7.280319323621042 0.152319925428854 0
3733 9.497660103126735 0.1958914542399013 0
3734 3.799962305524815 0.1300301334902831 0
3735 6.465648551117193 0.2220944008357586 0
3736 7.082950825349526 0.09418529828026451 0
3737 8.34931732067475 0.2210633577363619 0
3738 4.55405723086765 0.1093669191583337 0
3739 7.01154009607038 0.2176430488139935 0
3740 4.640732457171117 0.1668764446120136 0
3741 9.880378953891201 0.1507985947714427 0
3742 8.689413020754328 0.1392391266599941 0
3743 9.278900235497929 0.1881318612299966 0
3744 6.030818698623212 0.1845609537284373 0
3745 7.211351038622701 0.1306558067676452 0
3746 9.018333487897493 0.1556597444242078 0
3747 8.572594101566008 0.2085202259474893 0
3748 4.030634899475555 0.1580667488450402 0
3749 5.77502405520743 0.182962869515259 0
3750 4.640377265920439 0.1201106090198203 0
3751 11.19188241535617 0.15829450255397 0
3752 4.953750942113949 0.1625467327499578 0
3753 5.559733575837123 0.1820196896903588 0
3754 5.084188258627773 0.2068256560772108 0
3755 9.348141683960559 0.1484075879918464 0
3756 5.104707177427231 0.1579790423286246 0
3757 4.909937743457634 0.1177687524269809 0
3758 2.918039656332769 0.03609556417375377 0
3759 8.135969120066431 0.04736523196221899 0
3760 3.265188031918917 0.06849419997231708 0
3761 9.813465124572948 0.1492672904827516 0
3762 9.692686652880036 0.1468885650298985 0
3763 4.341319785536497 0.1200699299064147 0
3764 5.966650393593996 0.1757617387308955 0
3765 5.200256293388236 0.174511559994423 0
3766 10.00150311705618 0.1357771249100156 0
3767 9.938480759731108 0.09369144102338373 0
3768 5.887651505621246 0.1477923216778669 0
3769 9.481873736916532 0.100893402176544 0
3770 7.426611070808081 0.04919851402682589 0
3771 7.189692176448429 0.03453931636330327 0
3772 4.43512102219677 0.03049577762402811 0
3773 2.959668532143601 0.03949101310765968 0
3774 3.235436244068168 0.02868087038487241 0
3775 3.301141057210979 0.07134432940909241 0
3776 5.77414784096726 0.07863937088769532 0
3777 4.505790461492602 0.07604890458857046 0
3778 5.201235522140216 0.2896995809869114 0
3779 2.837535373359183 0.05993790324436674 0
3780 4.825561197658932 0.1023001705855325 0
3781 5.203662653427673 0.126631844081177 0
3782 2.536930893124159 0.2129124127620853 0
3783 11.43992785971905 0.09281999714934004 0
3784 3.175772720801322 0.09036556359066031 0
3785 4.372004722316776 0.07634517082198197 0
3786 6.032884294917495 0.132686915687505 0
3787 3.926971795522764 0.1220605977758828 0
3788 6.07438775512662 0.1873718409648005 0
3789 9.987096577196651 0.08732419383980961 0
3790 8.93582929054987 0.04361252874611838 0
3791 8.488579429845586 0.04270109417526609 0
3792 7.51176782634575 0.04990835614828237 0
3793 7.307144461821085 0.04556665852695227 0
3794 6.234039724128008 0.03786433451534851 0
3795 4.128633346494137 0.03508440707540678 0
3796 10.2299341455752 0.1000686847041523 0
3797 5.60122706485441 0.1286555057818738 0
3798 5.676664732053556 0.109300446572679 0
3799 6.145181224226995 0.1839139725087177 0
3800 9.518199423224685 0.07592028930053107 0
3801 9.244529187375109 0.09239811347969359 0
3802 8.794013714472385 0.09736077770447518 0
3803 10.43453814732645 0.1445527012641002 0
3804 10.08768260148474 0.1708091825235308 0
3805 4.115348923138671 0.1762945715430224 0
3806 10.53625431395904 0.1625648192014229 0
3807 2.590756911389236 0.209699736662418 0
3808 3.536314760431658 0.1138730535258855 0
3809 4.739043834565829 0.1275291004231788 0
3810 3.500028302915621 0.1562137917020218 0
3811 3.416323946902411 0.1109594001126201 0
3812 6.163494718417102 0.08304941190084277 0
3813 4.064199664394499 0.07673838594219173 0
3814 3.086033333594021 0.107131517239198 0
3815 7.593976884964638 0.3700427898031649 0
3816 3.269831606500692 0.3379584003931005 0
3817 4.448693936073001 0.1813800028074492 0
3818 2.72402567294193 0.07345393249664794 0
3819 5.814553595031824 0.0740867956965473 0
3820 3.324963326063628 0.0730786045369986 0
3821 4.544294998957282 0.07040603769174998 0
3822 11.25581547782612 0.2317591682981851 0
3823 10.31469323406771 0.2416829736302958 0
3824 2.593548803264243 0.1135300308444558 0
3825 4.192436216213126 0.08166688187805424 0
3826 5.409343713097781 0.3124720961070239 0
3827 10.33146365670198 0.1423406857420228 0
3828 5.322921512991943 0.07853633250298851 0
3829 3.692850149460642 0.07610832658918526 0
3830 3.730519151727789 0.07607050707255533 0
3831 9.634037920285879 0.2124851422563469 0
3832 9.069025416015965 0.09981749809024212 0
3833 8.614651987224395 0.09138655315173763 0
3834 11.5388468544221 0.1077299910083182 0
3835 5.9326157346664 0.1276942180012232 0
3836 4.287988231767942 0.1718873840716175 0
3837 3.931675552234362 0.1685969762603658 0
3838 9.147537470837925 0.2136770375210072 0
3839 5.006078599181986 0.1490611378889735 0
3840 5.361061136175989 0.07744919666406133 0
3841 10.48206232293161 0.1395058490449821 0
3842 7.546212323640619 0.2238469279877826 0
3843 7.659817968963827 0.04136993711393226 0
3844 6.809747471444554 0.04102243513097744 0
3845 2.877520270188016 0.06991168205027513 0
3846 7.90000561845841 0.1884264618880382 0
3847 7.609723028669416 0.0776857430183872 0
3848 3.691776872664752 0.1209367097683297 0
3849 8.448788539447403 0.07467107707919871 0
3850 7.470808991012666 0.1677433078258405 0
3851 2.998989670011619 0.213822008242053 0
3852 2.763523045023365 0.1594003212735004 0
3853 3.26523037729215 0.210003899731335 0
3854 3.308201593799867 0.1117898495020434 0
3855 3.030406162305365 0.1103940385706276 0
3856 8.217189815590176 0.04143466251729695 0
3857 6.71451414292251 0.04602469727388995 0
3858 6.303659720626731 0.1235316810489158 0
3859 8.521974015561375 0.09207817055892552 0
3860 6.481661414646926 0.1647321083155688 0
3861 3.219203169813412 0.1012212383062482 0
3862 6.206532925412694 0.07937080187533052 0
3863 7.608633115636899 0.2055336553474234 0
3864 7.786788855036776 0.2204809435467147 0
3865 3.555996409678457 0.1991240464142295 0
3866 7.379896566118619 0.09658338145845732 0
3867 8.369739228211994 0.04334521214618934 0
3868 8.968731605229076 0.09526218083513363 0
3869 7.258427305724417 0.08807732595642814 0
3870 6.73981077096779 0.2261160168689755 0
3871 6.903814275579373 0.1492366661867887 0
3872 9.749460048478095 0.1469491161877192 0
3873 7.468690874608367 0.1049585067249539 0
3874 8.269174153733562 0.1744740632681554 0
3875 7.025416733290212 0.1524166673924954 0
3876 8.090965131519015 0.09928846486298933 0
3877 8.426386412703902 0.1967902223675501 0
3878 3.708656476870817 0.2431917546842375 0
3879 4.507313717765057 0.1218307175042347 0
3880 2.645467051360973 0.2070555176821028 0
3881 4.394598869710064 0.1117629499664183 0
3882 6.211724892837172 0.1705278052487293 0
3883 8.739256854198711 0.1504830045716184 0
3884 4.07156838162021 0.1352308811750485 0
3885 7.337589316442492 0.1442545500314153 0
3886 7.298275809582038 0.09311364378060755 0
3887 5.402829550973308 0.1257784074710466 0
3888 4.138865515401553 0.1193851424606073 0
3889 8.570218300372945 0.1466531783621142 0
3890 6.606395212840453 0.1741805385098385 0
3891 3.833283658320452 0.1789967789766596 0
3892 2.764511072520477 0.1113575986887277 0
3893 5.324325679730216 0.1082247675687118 0
3894 4.237449214857381 0.1334395138217802 0
3895 5.431664055420199 0.2447310257435382 0
3896 9.638966461275917 0.1493502259515254 0
3897 3.765397640361404 0.1067662845905316 0
3898 5.721194608592731 0.1235460128747902 0
3899 8.854190170711886 0.151059973252284 0
3900 9.206050240435774 0.1266651964088321 0
3901 8.964842907237587 0.1492096186504863 0
3902 2.724459571064898 0.1109399611544164 0
3903 8.656295298317666 0.1240647288419033 0
3904 9.074084625995701 0.1578685888753855 0
3905 6.886792436585453 0.04440574123103212 0
3906 5.503477388681924 0.1860697132355 0
3907 7.700266538563967 0.04107088881707648 0
3908 6.299768663623159 0.07094272123653078 0
3909 7.631867565946783 0.2694861724391684 0
3910 9.412738598249559 0.1502716479322075 0
3911 3.10536426348743 0.1520801491360466 0
3912 10.25849215747599 0.1908266020304693 0
3913 5.138172232367604 0.223713799288239 0
3914 2.641214651738968 0.1133242397823956 0
3915 4.865755576695237 0.1138345031550127 0
3916 10.19349736026896 0.1677509332479906 0
3917 9.461451403542441 0.1479822444908483 0
3918 8.291903065129057 0.04116881567593238 0
3919 8.050019012884579 0.04614098207283657 0
3920 6.924494816081832 0.04495642256012997 0
3921 6.592379942958076 0.03888942755871015 0
3922 2.848205774030431 0.02834360059767193 0
3923 8.013168917174326 0.2201873087595321 0
3924 9.288633728615759 0.1450401999967197 0
3925 3.562476921793122 0.1107033126480175 0
3926 3.971086658092234 0.1198589100407968 0
3927 4.777995256283432 0.1202424594797684 0
3928 9.748250071126554 0.09413966657773092 0
3929 9.548961172065622 0.08571990861103021 0
3930 2.790435522388911 0.07069409411225308 0
3931 9.289971950147248 0.09276662723499168 0
3932 8.845682271909943 0.09449600157694693 0
3933 7.118821368524373 0.08991679864086478 0
3934 3.121078832112774 0.1209933132567235 0
3935 4.0943935085772 0.05964634588278667 0
3936 8.410740897585811 0.04430924335639718 0
3937 8.177972760088632 0.0449700496046113 0
3938 6.667737483154272 0.03902680113786196 0
3939 4.048811231155561 0.1095340873659293 0
3940 4.607294507607453 0.1207185258304024 0
3941 3.455042806039948 0.1517091590314096 0
3942 5.051472051679939 0.1861981991458442 0
3943 10.02057922184644 0.07826889460829381 0
3944 5.3212907687106 0.1651168406135861 0
3945 9.160597937471049 0.09373514351440153 0
3946 8.744106895705368 0.09659144030315657 0
3947 6.993052108212588 0.09362809086968174 0
3948 7.517953079823453 0.1014241048853745 0
3949 9.584621403013415 0.1466731234123272 0
3950 5.198341941881506 0.2284648039986396 0
3951 5.772154853563014 0.1257595766743821 0
3952 11.18530151062443 0.2172713055157418 0
3953 3.645072662003627 0.1154204920928687 0
3954 6.091702392725904 0.1427701188635768 0
3955 2.932792425186053 0.2188599521675058 0
3956 4.299685651591555 0.1170900146860405 0
3957 4.763562422742938 0.1760724459944123 0
3958 9.943213941607464 0.1479143613537234 0
3959 9.642351534851745 0.09677844233163896 0
3960 9.116508932688948 0.09810215972917957 0
3961 8.656658108948992 0.08976787683638576 0
3962 4.117805502009159 0.06834150454143985 0
3963 5.630395621498625 0.1238819687990624 0
3964 5.25541936079073 0.1745471299661111 0
3965 3.87736208245882 0.2069981359194299 0
3966 6.173967467028795 0.1349488642159082 0
3967 5.907984012129512 0.2021913418959247 0
3968 5.611255344106032 0.1710270095642725 0
3969 10.10666430176241 0.0980894318704616 0
3970 4.441192871622352 0.2424775291933836 0
3971 8.795729182245335 0.1539134504053486 0
3972 2.91944034046919 0.07312329141072577 0
3973 2.950173381800745 0.07241200473555968 0
3974 3.380495087707828 0.1626138814448531 0
3975 3.27896682472652 0.4065466445291892 0
3976 3.856059160595474 0.1537285275092727 0
3977 4.69167989344291 0.154670594366072 0
3978 7.897338679567568 0.04504516399001188 0
3979 7.658155084512833 0.08703065835246361 0
3980 6.758721670426254 0.07367907040049501 0
3981 6.844903378025643 0.1342784740200283 0
3982 7.725269367638456 0.1365898960922616 0
3983 2.924507146587792 0.1146631747723967 0
3984 8.333677354858082 0.1449487294850239 0
3985 2.808892639627815 0.1605879928428684 0
3986 6.550426743882268 0.07895584849857989 0
3987 7.77385410503559 0.04241490599235029 0
3988 6.636104978862377 0.07378733543107768 0
3989 6.357172117816487 0.03937940186744399 0
3990 8.254353615499342 0.07064564389666869 0
3991 7.529915505743848 0.1582770455228991 0
3992 3.696739312678669 0.176261803021037 0
3993 6.975305937859355 0.145290264162043 0
3994 6.753692273495319 0.1750581017768007 0
3995 8.089471675149051 0.1570428262462744 0
3996 6.680563715895831 0.1676543355871483 0
3997 8.327803933542482 0.07461001720977219 0
3998 4.454076908259381 0.1237443220894527 0
3999 3.623269055084056 0.1753328380279864 0
4000 6.370382931365692 0.09488600448846403 0
4001 3.263873300583025 0.109032926686976 0
4002 3.753436225524251 0.1626215588891858 0
4003 8.460079522924062 0.1313387087759987 0
4004 9.128194984215371 0.1531430376150782 0
4005 8.513083555762657 0.1451980912150685 0
4006 7.94274570585758 0.2051000071765173 0
4007 2.814791725148684 0.1023068318711799 0
4008 5.445486473425645 0.1849295126989813 0
4009 4.378501044311831 0.1859136551006034 0
4010 2.868826731543626 0.1635421523330806 0
4011 3.057120334628055 0.1468423647621879 0
4012 4.099672308553611 0.1021283725511399 0
4013 8.139611114546938 0.09775224771788277 0
4014 7.619230835932859 0.03620765038763093 0
4015 6.848659081663217 0.04354470516121749 0
4016 6.771841191763615 0.03461229953601943 0
4017 2.692142093625467 0.151198295022413 0
4018 7.554380398795944 0.09570806105560627 0
4019 7.339594612726387 0.09481873099541577 0
4020 6.248728506861214 0.07542903156888783 0
4021 7.737264261039731 0.04002752808158914 0
4022 6.333502845836742 0.03921658987956633 0
4023 3.736258528295037 0.1158799993049985 0
4024 5.35374477631384 0.1176545498877255 0
4025 9.531839594737242 0.132109071406584 0
4026 4.184451144220368 0.1278174533485435 0
4027 3.316882368237845 0.1586471855392332 0
4028 5.834532173654081 0.1676132570281286 0
4029 3.324087109995636 0.2102173572985024 0
4030 2.724167598464198 0.1407900297870153 0
4031 3.264028015266389 0.1563223977482981 0
4032 8.478521080963418 0.08452500788082951 0
4033 6.547387159000733 0.1227154255591843 0
4034 2.929630330883161 0.1636554315637296 0
4035 10.13861012773592 0.1294063039786981 0
4036 2.978500629366135 0.1032807618491311 0
4037 6.423854052267705 0.1507235920128664 0
4038 9.243998730754551 0.1409169615999155 0
4039 4.216719200287491 0.1753058113616376 0
4040 3.581627057698739 0.1325453736519087 0
4041 2.643326234892271 0.1582931757254525 0
4042 4.845005348955195 0.1617633222011714 0
4043 3.211571802252538 0.1495596910769438 0
4044 7.99721837266804 0.08401069941828516 0
4045 8.040997727300267 0.09533952780473273 0
4046 6.224172399230808 0.1178711558164637 0
4047 7.343516063618142 0.2035552239039938 0
4048 6.664956228276159 0.06687122527226814 0
4049 3.417671489238077 0.1404657889084344 0
4050 8.911017135275713 0.1472518658490693 0
4051 6.880488114143 0.08897330539119332 0
4052 6.916503922674234 0.09101064056221927 0
4053 8.622699937325345 0.1375179602648499 0
4054 7.653888820550343 0.1880783851293096 0
4055 3.981372296208575 0.1676589761796386 0
4056 9.175184995956021 0.1413042470412505 0
4057 7.421154477213572 0.1029368886659945 0
4058 8.185600327536198 0.09155521781931147 0
4059 3.544289767354344 0.1508606119997491 0
4060 8.358840781452994 0.08741354627425407 0
4061 8.412865711928816 0.09884548453795036 0
4062 3.162620537441621 0.1368242565441564 0
4063 7.248651229303186 0.1230870929911999 0
4064 7.792274789915365 0.1524899709848193 0
4065 7.936764317207333 0.04168986015793207 0
4066 7.963315579888018 0.1338216941591402 0
4067 6.495940411585335 0.1155430792392735 0
4068 7.803986319448247 0.09475985870687621 0
4069 7.704425121462351 0.08217669237823653 0
4070 7.734105528978281 0.07073297395809405 0
4071 7.59045267150193 0.1342839164115456 0
4072 6.843615848480467 0.08776330961443642 0
4073 6.443258586538615 0.09404819020342546 0
4074 7.656807572079105 0.1407049874255167 0
4075 8.028214287938615 0.1521244875529148 0
4076 6.47721779351793 0.0393318416765349 0
4077 2.872416889247284 0.1130831222043777 0
4078 7.855407089449101 0.04673456220085394 0
4079 6.514212267339115 0.03806270262478371 0
4080 6.802570319236041 0.0850899011800188 0
4081 8.288090161594379 0.0919327645002794 0
4082 6.595060212177912 0.07844420448235501 0
4083 6.690686721991982 0.08853334190943732 0
4084 7.973204054015121 0.0398014964839226 0
4085 2.990435467893211 0.158925867413137 0
4086 6.800502116621003 0.1365017462014236 0
4087 6.342889448392767 0.07037062816244934 0
4088 6.600917745015171 0.1224239802480514 0
4089 8.2268043700532 0.08131681555290515 0
4090 8.390277552017082 0.1468733602851746 0
4091 5.85253698433241 0.2275630884492966 0
4092 8.146862172751067 0.1528072436630426 0
4093 6.256860988373687 0.1048050446882902 0
4094 7.371731506358199 0.1356122671084922 0
4095 6.945622914605439 0.1306041874561642 0
4096 8.919749339655947 0.2040953782553707 0
4097 6.874658617190692 0.1237604174635845 0
4098 7.901418015355133 0.144371503360342 0
4099 7.899333223293906 0.09269236092409522 0
4100 7.942342258485549 0.0826856631417901 0
4101 6.437372598795629 0.04315679158739937 0
4102 7.760429076994869 0.08430240967211387 0
4103 7.849436188534757 0.1508626213962892 0
4104 7.851929238281684 0.0965005603729721 0
4105 7.970587132353253 0.07023293162479163 0
4106 6.477999986257936 0.06838419412103791 0
4107 6.507983860275075 0.07488249308409922 0
4108 6.809699350186623 0.2083602013622512 0
4109 8.246232047454402 0.1236372171389728 0
4110 6.741685742640222 0.1278624733661378 0
4111 6.651995607234682 0.1126941329650043 0
4112 7.854973650828229 0.2107804242727138 0
4113 6.801904723831353 0.2529072859689597 0
4114 6.730775189876772 0.1893687033638833 0
4115 8.216750919582108 0.1952530701189479 0
4116 8.234946517395537 0.2376543260728388 0
4117 0.3220009460712172 -0.4061722678504245 0
4118 1.165756937964284 -0.03001806095699317 0
4119 0.411468643142593 -0.330506560635254 0
4120 1.739497408561173 -0.03262685141159197 0
4121 2.159138568121934 -0.03626479893321742 0
4122 2.593365891314242 -0.03405375774707541 0
4123 3.013413491467545 -0.02230560149278151 0
4124 3.449485590070647 -0.03384933581543147 0
4125 3.869507477796284 -0.02333048753897778 0
4126 4.306155069755623 -0.03929658919972472 0
4127 4.755475641481285 -0.02354274336955033 0
4128 5.211320369119515 -0.02541066948459502 0
4129 5.675651939447539 -0.0248692426363516 0
4130 6.140893455490164 -0.04175842206838977 0
4131 6.634772914111284 -0.0407069407460022 0
4132 7.083550601713224 -0.04103946896691733 0
4133 7.532710325238734 -0.03783482010993876 0
4134 8.020994672795844 -0.04395589337806303 0
4135 8.48395699867879 -0.05802886594813692 0
4136 8.993514458445567 -0.05112882093173639 0
4137 9.487235866523317 -0.04634418104690475 0
4138 9.988056259574929 -0.04671250767423649 0
4139 10.50145914068024 -0.04536638765412966 0
4140 11.02205601801341 -0.05150995561816565 0
4141 11.54481037750791 -0.05143837911444532 0
4142 12.04718766674957 -0.03463383939407849 0
4143 0.9609731013630812 -0.02938133139816868 0
4144 12.64338520586134 -0.0525933719252515 0
4145 13.20853168174839 -0.05486856458657947 0
4146 13.68176046200948 -0.05347383558333126 0
4147 -1.759336127554211 -0.2090958304807085 0
4148 0.8157515363116239 -0.02901006847758535 0
4149 14.0179878272161 -0.04830809034495612 0
4150 14.72038413628661 -2.010788066770223 0
4151 0.4863469557814556 -0.2024883780384917 0
4152 1.567668544456787 -4.387951748737668 0
4153 3.695265841392056 -4.41787085567508 0
4154 5.696104848687786 -4.261814915285651 0
4155 7.713376192060336 -4.422057231219636 0
4156 9.739256999225656 -4.251237510984042 0
4157 11.70120065300963 -4.432075291302653 0
4158 -1.054249790580858 -0.1097101559367716 0
4159 -0.4803042877177667 -0.2288760191733028 0
4160 14.30445600319358 -0.05280394862917633 0
4161 -1.536806328595802 -4.222684524841426 0
4162 -0.2993297135001608 -4.431262754475968 0
4163 1.466990210179798 -0.03277486646284471 0
4164 14.82731634558183 -1.099312942193129 0
4165 14.55803373465735 -0.05064798844589052 0
4166 0.7003810080738191 -0.02881984084492379 0
4167 12.34983086179992 -0.04087371127140095 0
4168 5.934874374771265 -0.03926010602137569 0
4169 6.402830902891288 -0.03967933677819922 0
4170 5.465061059240294 -0.03731290690285895 0
4171 4.539254564327988 -0.04062423376938022 0
4172 5.004619177981295 -0.03741129627055901 0
4173 4.109287505085431 -0.03426685249129394 0
4174 3.245864804269457 -0.03787959073290278 0
4175 3.661035902367051 -0.03751934230644304 0
4176 2.826803512046781 -0.03232113303336483 0
4177 2.413450000632548 -0.03700301799045833 0
4178 1.983258679876378 -0.03285535565900713 0
4179 -0.7479639888081607 -0.06258902654167932 0
4180 14.89417813374754 -0.5337147376157124 0
4181 -0.514375544623434 -0.121278933328998 0
4182 12.9706752446744 -0.04824752868914256 0
4183 11.82496973062607 -0.03114663432986269 0
4184 11.32771915969966 -0.03053498036241599 0
4185 10.80107988849058 -0.04441872096603688 0
4186 10.27793569803973 -0.04755232391520811 0
4187 9.770070260278338 -0.04353920202801474 0
4188 9.266522438293551 -0.04660206409626395 0
4189 8.773461954985969 -0.04743285289728287 0
4190 8.308937014526997 -0.04718423205769515 0
4191 7.814855814661032 -0.03919701069612414 0
4192 7.363716342462406 -0.04505093652610643 0
4193 6.903507883661977 -0.04076916722223574 0
4194 -4.364246713588107 -3.009432774166183 0
4195 -2.774976664284846 -0.3427745119139161 0
4196 14.75333818227097 -0.05492888280544571 0
4197 1.344743535578281 -0.03125016498669916 0
4198 13.47771876985629 -0.04937575877693912 0
4199 1.616400555482026 -0.03009658571615237 0
4200 0.5145463719603882 -0.1211868038635282 0
4201 -4.4434304654373 -1.771101003326376 0
4202 14.61162004385511 -3.015035639362621 0
4203 0.5858311776682179 -0.02861318826616181 0
4204 -3.507487885140607 -0.4689848527886675 0
4205 1.077825965821916 -0.02951259121564392 0
4206 14.91424433755152 -0.2270302097162223 0
4207 13.88398656100392 -0.05104362515276158 0
4208 12.83202284925543 -0.04673092783410118 0
4209 12.22376477103902 -0.0522057349315635 0
4210 11.1970378226656 -0.03287404443053348 0
4211 10.67657730308025 -0.03036271503647534 0
4212 10.15350677331602 -0.02870667511197542 0
4213 9.638837907306923 -0.04452226449841044 0
4214 9.142056291492954 -0.04237761187793863 0
4215 8.646509409511166 -0.04152966295222447 0
4216 8.174233494986552 -0.05036733007702521 0
4217 7.695706684597861 -0.04656627740145523 0
4218 7.241532229757216 -0.041981102377822 0
4219 6.788105769009283 -0.03813334544768591 0
4220 6.290718510394594 -0.03940627767819254 0
4221 -0.562681433885128 -0.0359915034119239 0
4222 12.93816933986073 -4.396255566751827 0
4223 0.5276567194471317 -0.05780528669950496 0
4224 0.4465623536835605 -0.2832612230259789 0
4225 0.9026960967842489 -0.02921815514758105 0
4226 -1.282834307875138 -0.1434129082468981 0
4227 1.284884583397411 -0.03100790410553854 0
4228 -4.46104079447618 -0.5827619919122146 0
4229 14.45971659330493 -0.05732048701864121 0
4230 14.20489432477549 -0.05205846325714046 0
4231 13.39696523459996 -0.0316806490664626 0
4232 13.11137989882117 -0.05261122018618732 0
4233 12.54382821621842 -0.05366830495533025 0
4234 -4.315533446750182 -4.33480953831523 0
4235 14.89869437532062 -0.04995817611745653 0
4236 13.67206667930993 -4.287257369126294 0
4237 14.47985081060919 -3.889939758762538 0
4238 -0.5270974713120326 -0.06302493806650952 0
4239 14.77821813670716 -1.505277419893433 0
4240 14.86767413763849 -0.781133852212471 0
4241 -2.210358023913886 -0.2670027012942873 0
4242 -0.6436842986617886 -0.04761219003888066 0
4243 -0.8818458242850045 -0.08211327007776192 0
4244 14.93463736187834 -0.1163442276681599 0
4245 0.3076299711031633 -4.434845262043706 0
4246 2.313048149567483 -4.267577219742569 0
4247 4.311391317725901 -4.418579833431137 0
4248 6.46593851748656 -4.383381488738417 0
4249 8.332533873478022 -4.413819024962458 0
4250 10.47062996378848 -4.3839357821795 0
4251 -2.952171829170202 -4.327662390836204 0
4252 0.5279389964208793 -0.0285097280286672 0
4253 -0.5293477304203128 -0.03173235891698954 0
4254 14.6872999553687 -2.310379672074594 0
4255 0.3927292208729781 -0.3527928431908903 0
4256 14.90972902035384 -0.3304417103550402 0
4257 -1.421303724606495 -0.1612682456747275 0
4258 0.6430345400940523 -0.0287474510130081 0
4259 0.7579775376706813 -0.02888629361909499 0
4260 1.019471114377849 -0.02951898957867597 0
4261 1.22517654565865 -0.03053889378832791 0
4262 0.8736639290521383 -0.02914907176911988 0
4263 1.136262157810083 -0.02978853057936268 0
4264 0.5056340945923198 -0.147990412489787 0
4265 0.4753717514105604 -0.2299588036274984 0
4266 0.3726970904758001 -0.3745185225185571 0
4267 1.405147374816863 -0.03170828989089505 0
4268 -0.4916052132304272 -0.2014979845592759 0
4269 14.38783824077513 -4.40895839766014 0
4270 14.85276594723756 -0.05022616062687681 0
4271 14.94687670575413 -0.05251655882640846 0
4272 14.70188265128794 -0.05479700521277221 0
4273 14.65121697497283 -0.05294433556956478 0
4274 14.4067169690848 -0.05617566605546527 0
4275 14.10472710945331 -0.05290161105560039 0
4276 13.78165615746099 -0.05154434000916546 0
4277 13.5794917912093 -0.05453125200988236 0
4278 13.30322308325993 -0.05171775084546838 0
4279 12.74174327111846 -0.05127823056033983 0
4280 13.9700884854618 -0.0324891982737953 0
4281 -0.506423920566527 -0.1482893088528988 0
4282 1.135230529522349 -0.05957310512638269 0
4283 0.4335898929424502 -0.3500896530605283 0
4284 0.8735740111985135 -0.05843220305727242 0
4285 0.5118561623877477 -0.2133467532633986 0
4286 13.96831566469579 -0.09472877999852504 0
4287 -1.277766558842411 -0.2865588932162415 0
4288 14.43793261354991 -2.034792742472964 0
4289 1.969777673856054 -3.748949784696308 0
4290 3.73150407627091 -3.859436912188239 0
4291 6.220352758260592 -3.779646372247766 0
4292 7.761503016273823 -3.870641309423406 0
4293 10.22249177930908 -3.777507421696937 0
4294 -0.2771484094052956 -3.900766365587091 0
4295 14.40475548503124 -0.114087273480085 0
4296 -0.5133320552889241 -0.2407434934865613 0
4297 0.5391117223954975 -0.1312198992273577 0
4298 14.64723813071331 -0.1078409155154095 0
4299 14.82507250486487 -0.2465723352910308 0
4300 -0.5271224153683967 -0.1559633497118309 0
4301 13.37826342125285 -3.756142529730658 0
4302 -0.560300857548831 -0.07170857217393821 0
4303 12.87637363907973 -0.04827375228706898 0
4304 -4.463105910561211 -1.170307340801923 0
4305 0.9290490235164566 -4.423853988441172 0
4306 12.31399499714541 -4.428343183043475 0
4307 3.059561241692723 -4.393006977881994 0
4308 4.928785738511065 -4.389677173755384 0
4309 7.094898307391052 -4.415480534406131 0
4310 8.971602279663804 -4.377560901970667 0
4311 11.09048419234027 -4.420692623815309 0
4312 -0.8915216728593313 -4.398726636584194 0
4313 0.5580473636089385 -0.05774228625385502 0
4314 14.74985124247399 -1.745116424433105 0
4315 14.80326104710165 -1.291329856810397 0
4316 14.84875701431923 -0.9298556561795427 0
4317 14.88243521598094 -0.6503780398980606 0
4318 14.90321388693181 -0.4284014835576605 0
4319 0.5287712861745395 -0.09256805151432611 0
4320 14.65134701820161 -2.644406725890212 0
4321 -2.288751638426111 -4.317514712934597 0
4322 14.95291889512424 -0.1706094558611574 0
4323 0.4293256123625861 -0.3074392155674063 0
4324 14.56081568675465 -3.430168708269961 0
4325 -3.113831967204174 -0.4020876736799537 0
4326 -4.4121068360866 -2.379272212408802 0
4327 -0.6004689915544303 -0.0414456573218156 0
4328 -0.6926371149252392 -0.05465109032603047 0
4329 0.3493499117870654 -0.4004519551008333 0
4330 -2.477117704673004 -0.2994569237222096 0
4331 -0.8105600877699826 -0.0718899377056547 0
4332 0.4965007907463915 -0.1751830169600718 0
4333 -3.625360867481339 -4.313964027971421 0
4334 -0.9622670815922783 -0.09458089559678505 0
4335 0.5571132315775907 -0.02869595506487341 0
4336 0.4625332463118381 -0.2573399349282851 0
4337 -3.958487675434274 -0.531282568275832 0
4338 -1.160524551829515 -0.1265873801758587 0
4339 -1.969934999810763 -0.2380475051981361 0
4340 0.6145211279517121 -0.02867280413193655 0
4341 0.6716992105239903 -0.02881009855145009 0
4342 0.7291573792510488 -0.02885214269293231 0
4343 0.7868471395321741 -0.0289515462700842 0
4344 0.8446879752753964 -0.02909159613596746 0
4345 0.9317974702439075 -0.02931404134572891 0
4346 -1.577986387751491 -0.1827269018809258 0
4347 0.990227229415153 -0.02948384977281735 0
4348 1.048698613222991 -0.02952438128216408 0
4349 1.106945887997313 -0.0295976874823208 0
4350 1.195378680118926 -0.03031336088288199 0
4351 1.255020299307433 -0.03084236113108997 0
4352 -0.5219454279877045 -0.09326373929443514 0
4353 1.314820855491849 -0.03120196890300684 0
4354 1.374881813265382 -0.03143132641002241 0
4355 -4.320396080737235 -3.660733180219774 0
4356 14.80431780233388 -0.05328434248637644 0
4357 14.60318096853258 -0.05017071302516827 0
4358 14.51139703726536 -0.05525093302042426 0
4359 14.3549800269904 -0.05454025311589051 0
4360 14.25459727404971 -0.0519563049275853 0
4361 14.15512010758818 -0.05262661443726884 0
4362 14.05468308412161 -0.05147551490741383 0
4363 -0.4996485414170842 -0.1750906211572014 0
4364 13.92380240885026 -0.0506320649063889 0
4365 13.83214821756032 -0.05145604273966611 0
4366 13.7319879399709 -0.0522894064375914 0
4367 12.78839424258399 -0.04900336574283739 0
4368 12.69290930279875 -0.05212790878788526 0
4369 14.70036393488 -0.1125128418030414 0
4370 14.86072540950897 -0.0993446947910102 0
4371 14.8961072403809 -0.08760496972965466 0
4372 -1.962911153180172 -0.4777285630872574 0
4373 0.7291712718382219 -0.05780858631040602 0
4374 -2.278721513947298 -3.689217339329457 0
4375 14.73820622924199 -0.7796317211006656 0
4376 1.3465492595804 -0.06295340625864482 0
4377 -0.8797504648295131 -0.1633980593947991 0
4378 -0.6916828803190261 -0.1091493803754055 0
4379 13.78564714710337 -0.1009495730497281 0
4380 14.6022125991149 -1.30454889420009 0
4381 0.9610598105884188 -0.05903952337128125 0
4382 1.225117663009674 -0.06171312163409718 0
4383 -2.76448399324147 -0.6668630536528929 0
4384 -0.7884003540903999 -3.883473242388701 0
4385 -3.831393985840875 -2.221806477643113 0
4386 3.15495800836676 -3.830315208592714 0
4387 1.443579813551791 -3.831990012544275 0
4388 0.6153944964466649 -0.05748178909908773 0
4389 14.23159048300345 -3.021596995551174 0
4390 0.52198788535305 -0.1852545508638576 0
4391 -3.543055163627761 -3.519039469166291 0
4392 0.393025808374498 -0.3951368501009637 0
4393 14.49830530250384 -1.767724052923444 0
4394 14.63896642496382 -0.1681728306987154 0
4395 14.80756969905827 -0.4334524514072157 0
4396 0.7868504977735501 -0.0579972700160146 0
4397 0.8446523423422148 -0.05828680407276379 0
4398 1.020071615434724 -0.05933018555781629 0
4399 1.164750242851055 -0.060359593524717 0
4400 7.191586930070331 -3.853161257510576 0
4401 12.64359249967177 -0.1069437307468717 0
4402 12.83153653111166 -0.08229882408094 0
4403 -0.5531812911964425 -0.1061457086569613 0
4404 14.14833732309796 -0.1051221233478418 0
4405 2.296654580880467 -3.63249841000498 0
4406 0.2725200614101337 -3.891659739331487 0
4407 12.30075508430626 -3.888014640397022 0
4408 -0.5308053746253046 -0.1884955911358459 0
4409 13.71575631570622 -3.660589310197862 0
4410 14.75522323108467 -0.1131800798031496 0
4411 0.56115493525247 -0.08639976533307814 0
4412 0.5310291857462222 -0.1575066023020891 0
4413 14.81866972728248 -0.1716038895666397 0
4414 14.56303677608275 -0.08882428209194866 0
4415 4.816564545122909 -3.835531014470182 0
4416 5.706072587241583 -3.603130819624577 0
4417 8.902155877314087 -3.822331126226739 0
4418 9.768262376548801 -3.60879047218283 0
4419 -0.5980007885586599 -0.08258071330931346 0
4420 0.4708978967291222 -0.3026408197005535 0
4421 0.4520826810018077 -0.326660426175116 0
4422 0.5871558012457575 -0.05738529554981632 0
4423 14.69728164537563 -0.927646703085521 0
4424 14.82049602461688 -0.3355444244119066 0
4425 11.18961548734316 -3.867049530838019 0
4426 -3.952450018352162 -1.0703469622068 0
4427 4.288075407315339 -3.870954455488538 0
4428 8.331300634748873 -3.86266343985477 0
4429 0.5017226979953799 -0.2413590576277936 0
4430 -0.7457741980107742 -0.1244353418092331 0
4431 -2.216813615857892 -0.5333660781450392 0
4432 0.6719446278660035 -0.05780291464537704 0
4433 0.9025849230931926 -0.05864470587229197 0
4434 1.049279570439835 -0.05909492094889732 0
4435 1.106263133996347 -0.05891331543834966 0
4436 14.37152706130051 -2.334570427486327 0
4437 -3.484912645959617 -0.9431199053556433 0
4438 14.79003672053238 -0.5387076704695897 0
4439 0.3375804778645286 -0.4332850784991382 0
4440 1.285802444773888 -0.06275279915960071 0
4441 14.1516120641166 -3.412477508188009 0
4442 -1.416306198835448 -0.3170834719110495 0
4443 1.407385748018144 -0.06371711050094089 0
4444 -0.4980346774753501 -0.2741860232646717 0
4445 -0.4497318027203769 -0.2862284002902086 0
4446 -0.9576534928345775 -0.1859860797377428 0
4447 -1.152478154606503 -0.2541748844656814 0
4448 -1.5654840949256 -0.3570209942374809 0
4449 14.46177744916828 -0.1184126320970522 0
4450 14.04102537037849 -0.1068945361687476 0
4451 13.68574842880015 -0.1083719619602846 0
4452 6.626998465247401 -3.813699448246096 0
4453 12.92384878287049 -0.04964064576577196 0
4454 12.74857859974177 -0.1036232558192784 0
4455 -0.5432538837408786 -0.133423764710455 0
4456 14.87839400581346 -0.1535033195384378 0
4457 14.34968276956506 -0.1099901950479166 0
4458 13.89334703723294 -0.1041378729142177 0
4459 -0.5247231824716158 -0.2093183103290595 0
4460 14.80988309904464 -0.1091074359048174 0
4461 10.62992021244715 -3.82336703651429 0
4462 -1.155671820842009 -3.83768424516447 0
4463 14.59787671748603 -0.09927680521598214 0
4464 0.5451679982425284 -0.1129453172683479 0
4465 14.29751781901956 -0.1049804947429465 0
4466 1.132774104028999 -0.08931642878371698 0
4467 0.475498948905728 -0.3462956913672288 0
4468 0.873486018169124 -0.08797264918227589 0
4469 0.53777219816509 -0.2239816104477781 0
4470 2.283287437573233 -3.312444653648765 0
4471 4.73029947243163 -3.34682841153403 0
4472 6.737144642498752 -3.21767135719076 0
4473 8.851956070344228 -3.339513661780159 0
4474 11.31662596011325 -3.361200585972043 0
4475 14.15481415282685 -2.040215247994466 0
4476 -1.405274910281906 -0.4716720875371619 0
4477 -0.2736274508520328 -3.418440016477656 0
4478 -1.926897526779728 -0.7209571177222815 0
4479 14.61558436780408 -0.7573916804019121 0
4480 14.4016494921908 -0.1741034972128985 0
4481 -0.8779671158980116 -0.2478781169402548 0
4482 0.5628183627591827 -0.1386681709484255 0
4483 14.71200679484307 -0.4333184497888998 0
4484 -0.6857703247722929 -0.171975744944524 0
4485 14.58540224254077 -0.1532680673888802 0
4486 -0.5687435249031949 -0.1678377323166356 0
4487 3.228812339228681 -3.228795087768021 0
4488 14.7507688718761 -0.2512644995536019 0
4489 9.753594910724814 -3.302582255846074 0
4490 0.5889729455021139 -0.08603055265078548 0
4491 -3.399614168404553 -1.436512445695951 0
4492 0.5480451714279928 -0.1951466162251712 0
4493 -0.5889870332532965 -0.1230477066735367 0
4494 13.32659198012797 -3.241002341637931 0
4495 13.86507982906113 -2.997294418103552 0
4496 -2.874224280852649 -3.688851907393183 0
4497 1.359788362004979 -3.342071898954997 0
4498 0.4942510300620654 -0.2750880704245448 0
4499 13.83594338781125 -0.1025249628310721 0
4500 5.7260264125516 -3.26158083365224 0
4501 4.281023410199551 -3.375783105106225 0
4502 8.334404295821068 -3.351987596026564 0
4503 11.75005450253464 -3.894569715958095 0
4504 -3.751776041842283 -2.837280090625065 0
4505 7.290661906494753 -3.336376884438844 0
4506 14.64844167477482 -1.103408107035567 0
4507 14.76767397910405 -0.6524514274321475 0
4508 0.4143466762422563 -0.3731274682815639 0
4509 -3.90110103537271 -1.626851342727866 0
4510 14.55277855812519 -1.526586332745988 0
4511 -1.706200802610935 -3.587495345293995 0
4512 10.73711383732929 -3.251639267810615 0
4513 14.30316716835003 -2.663836719661254 0
4514 14.69538810163196 -0.1761214439831895 0
4515 0.643644380399791 -0.05774083416772843 0
4516 0.7004987472429408 -0.0578247908907475 0
4517 0.7579802174135407 -0.05790012142108716 0
4518 0.8157540502637119 -0.05815281261673025 0
4519 0.9317528677295093 -0.05887604423623852 0
4520 0.9905997723126347 -0.05928969967686996 0
4521 1.077857462100499 -0.05874673350465287 0
4522 1.255470601263668 -0.06239191278628349 0
4523 -2.485070388621475 -0.587108183826489 0
4524 1.376950993895724 -0.06305999202556115 0
4525 -0.6416610610242132 -0.09585518014510688 0
4526 1.194784051145014 -0.06112719115838692 0
4527 14.75534815515415 -0.177959625248717 0
4528 -3.084524698005765 -0.7960857056255594 0
4529 -0.4663684286950343 -0.2577476496886771 0
4530 -0.8074054786819997 -0.1443424849077443 0
4531 13.96577504938401 -0.1676445701032334 0
4532 0.3068617055994048 -0.4292517670150495 0
4533 12.86467324954098 -0.09637642150002479 0
4534 1.435951296009201 -0.03231178714076435 0
4535 1.316246636761948 -0.06305567666859996 0
4536 -1.045586161855 -0.2190096925015138 0
4537 -1.741390743223309 -0.4154783258170188 0
4538 14.52814553457471 -0.1215738303727572 0
4539 14.09682460071146 -0.1074752169607676 0
4540 13.63113748134392 -0.05452629375703651 0
4541 12.59388297938148 -0.05342972670676324 0
4542 14.02116782071553 -3.877286441381642 0
4543 12.86318927317869 -3.844111895829955 0
4544 14.24824904452365 -0.1025839283127962 0
4545 14.19891016893835 -0.1035815589601275 0
4546 12.97145571673109 -0.08595913662264362 0
4547 -1.129628420270658 -0.3817637924877793 0
4548 2.651873008435367 -3.829910761255783 0
4549 0.8525763244817104 -3.866443206253658 0
4550 -1.198402649931694 -3.463166936512357 0
4551 -0.5508186661246993 -0.2535597312892605 0
4552 12.79828517901765 -0.0959384332882475 0
4553 4.690072225305671 -2.930291755036417 0
4554 7.00456893312117 -2.81691138085856 0
4555 11.05350807677443 -2.847912561001448 0
4556 1.349539442195477 -0.09533022248822431 0
4557 0.7291657068435078 -0.087048731312868 0
4558 -0.5343859669434605 -0.2922364304016374 0
4559 0.9613883905105417 -0.08923446498062731 0
4560 0.3185756398111405 -0.4587756107430085 0
4561 0.6442454288581304 -0.08713042249299593 0
4562 14.62423092605512 -0.2371812946542227 0
4563 0.2086147053946408 -3.392051653623169 0
4564 14.39675087797668 -1.311696558611341 0
4565 14.24659378405537 -1.774928657129277 0
4566 -0.5756030690872685 -0.3121553856115687 0
4567 1.1936751315891 -0.09272969876961981 0
4568 -2.491040849154571 -0.8691307098229587 0
4569 14.51619956037355 -0.1951750491992486 0
4570 12.75283653959485 -0.1572000913440214 0
4571 -2.783840844146002 -3.138822041265639 0
4572 1.287143019394288 -0.0956218960971128 0
4573 13.06407360230492 -0.05222409820789278 0
4574 -1.652027008752976 -0.6335348682961341 0
4575 -0.7824539112050763 -0.2263268867464707 0
4576 -0.6171699822495378 -0.1837931781738035 0
4577 -1.009131487242384 -0.3363901544828355 0
4578 -2.938134003900524 -1.193951734712425 0
4579 -3.185145034437119 -2.004726348098703 0
4580 12.82483610788427 -0.1502184041018556 0
4581 0.7583579649356565 -3.277110994633505 0
4582 0.6164941970865199 -0.08668657723585269 0
4583 14.73482011044184 -0.3365772013846167 0
4584 0.5198154288737742 -0.2703789558615775 0
4585 0.4944655949971473 -0.3236455568689146 0
4586 6.192144563351487 -3.28153669731337 0
4587 10.17783890015358 -3.311073966309701 0
4588 7.806627604275202 -3.360403699486262 0
4589 3.792786344525826 -3.345915296536194 0
4590 1.853354837108367 -3.323785676767783 0
4591 0.5565645635173522 -0.1662535759070338 0
4592 0.4577252803257761 -0.3697508425675402 0
4593 2.704330537773878 -3.319001613212522 0
4594 13.83020603269954 -0.1548928869401763 0
4595 14.34119255773862 -0.168329358572204 0
4596 14.24565670687957 -0.1413533149403351 0
4597 14.14372547634937 -0.1467962059646735 0
4598 0.672250182224023 -0.0872391792566517 0
4599 0.7579871700430552 -0.08714167651300307 0
4600 0.5270992496502107 -0.2508091312808055 0
4601 0.7869347233504407 -0.08730471690346422 0
4602 0.8447115749084212 -0.08767967029840079 0
4603 11.80926825602648 -3.396983388871736 0
4604 12.78938469568483 -3.353077667950527 0
4605 14.68954680731989 -0.5370388668865269 0
4606 14.58576542904556 -0.6241169709994685 0
4607 0.9024404164959211 -0.08842656639509304 0
4608 14.05105272779695 -2.337441433167518 0
4609 13.95392540828302 -2.660769712130055 0
4610 -0.7357969461966865 -3.418772991798093 0
4611 0.9914694479671327 -0.08965752423161794 0
4612 1.2248918204561 -0.09394986274250777 0
4613 1.078348791592031 -0.08676203439833896 0
4614 1.104615583781839 -0.08703431054428645 0
4615 14.55534433290778 -0.8982234462030271 0
4616 0.4159640818971765 -0.4178900910589659 0
4617 -0.4794926385072704 -0.3078181606249901 0
4618 -1.758379916978017 -3.046346686980442 0
4619 1.162722159778636 -0.09132410713444709 0
4620 1.408972402392867 -0.09524408617713101 0
4621 5.208468033253165 -3.195097233074198 0
4622 9.32678720424717 -3.319335025240421 0
4623 0.564015139688242 -0.1130223104641831 0
4624 -2.198243048576675 -0.8039976316719489 0
4625 13.01633363492597 -0.04998554459621277 0
4626 14.683240646545 -0.2475683371483894 0
4627 1.438884619362827 -0.06527599968160573 0
4628 14.46007692411858 -0.180606177239026 0
4629 14.03676633037841 -0.1693879060933958 0
4630 12.927359110092 -0.1110120092148456 0
4631 13.7752597807544 -3.353958232902472 0
4632 -0.5628851216165393 -0.2156163098430012 0
4633 -0.6315544184139249 -0.1420008112521224 0
4634 -3.208729036905031 -2.68233198657859 0
4635 13.63107559334901 -0.1112215358713072 0
4636 12.59077234780361 -0.1089336351523481 0
4637 -1.255996826368258 -0.4272454796592528 0
4638 -3.160166675837541 -3.095756251850567 0
4639 -0.737505548576123 -0.1708604296121812 0
4640 14.66075441360413 -0.641604969984099 0
4641 -0.9436116277728944 -0.2522420479327683 0
4642 -1.531753645292234 -0.4823443334677814 0
4643 14.32785171912026 -1.534771900315318 0
4644 -2.71821337310657 -0.8922611367260309 0
4645 1.192273600680362 -0.1257169539343899 0
4646 0.4990339824131304 -0.3647835474206571 0
4647 0.9620953903056328 -0.120281994173999 0
4648 12.74108959472749 -0.2145830124618518 0
4649 1.826713532857092 -2.899361429343188 0
4650 3.497936401632129 -2.792864567436386 0
4651 10.11205323582372 -2.913009186887744 0
4652 0.6755846356163082 -2.78542867699464 0
4653 -0.2767739094893232 -2.98224023886311 0
4654 14.11028761853911 -1.529889379611177 0
4655 0.7581155446346836 -0.1168349476892752 0
4656 13.96454625636034 -0.2389364572965902 0
4657 -1.663856287114961 -0.8524661925049873 0
4658 0.564100845754515 -0.2354931256417743 0
4659 -0.5538499612318857 -0.3561589650010463 0
4660 14.33443271352574 -0.2310659118637426 0
4661 1.440121862660887 -0.09939390474529416 0
4662 14.42804146850173 -0.8593926262686404 0
4663 -0.874683325109142 -0.3465400308013608 0
4664 -1.19629580361918 -2.877999454591149 0
4665 14.5893568846656 -0.5435368206529818 0
4666 14.4609459129986 -0.2409804281272893 0
4667 -2.652365892375419 -2.13709607917883 0
4668 13.87950642830315 -2.021919403578163 0
4669 12.53657273565356 -0.1103113991918359 0
4670 0.6442851440351504 -0.1172945372807902 0
4671 11.43590344399319 -2.902985752198058 0
4672 -0.3676354755696883 -0.3677097025326245 0
4673 12.7212336904253 -2.9257702483946 0
4674 6.165922694254006 -2.869918971120406 0
4675 13.54391243817817 -2.652545004779366 0
4676 4.297693846726967 -2.942303424861877 0
4677 -2.495684991535824 -1.190248078408461 0
4678 1.02190298122347 -0.08991649234590314 0
4679 13.78852397625207 -0.1385811862856813 0
4680 12.59091072873002 -0.1682986990185527 0
4681 1.128379988200831 -0.1195166359984422 0
4682 -0.6051706816526409 -0.2257521815059941 0
4683 -0.7056782016821724 -0.2413376210728328 0
4684 0.354303821096094 -0.4768817496674526 0
4685 2.696568590102438 -2.912816937419033 0
4686 10.74966080038136 -2.757374798378078 0
4687 0.5897561601217247 -0.1146705083017899 0
4688 6.773113897495101 -2.715449361243096 0
4689 -1.108425037229137 -0.4791688681370428 0
4690 13.57494581835526 -0.1118087425581188 0
4691 14.65909920141223 -0.3270517370088992 0
4692 4.975819180408185 -2.892291101029569 0
4693 8.867980003965227 -2.91057806985549 0
4694 -2.725077424884786 -2.631542041216854 0
4695 0.5880659802606721 -0.1436911308549811 0
4696 12.29935664944197 -3.397405791398417 0
4697 8.348540281126118 -2.817359858099356 0
4698 0.2656982033097675 -0.4592571182554203 0
4699 14.44641982618495 -1.080730514468673 0
4700 0.5347339767810589 -0.2848324714083484 0
4701 0.7005811293352657 -0.08716910336996617 0
4702 -2.274056175585207 -3.124392216665794 0
4703 0.5830832556919253 -0.1738600948151898 0
4704 0.8158880338981793 -0.08749341663882226 0
4705 -0.409344183293159 -0.3377786958626219 0
4706 0.9317791375742653 -0.08893797428018088 0
4707 1.051426263837729 -0.08871307025069979 0
4708 -1.379511152082202 -0.6775316145803992 0
4709 0.2820084622147151 -0.4482830838672783 0
4710 1.471523769243358 -0.06678629011015672 0
4711 1.079888698393793 -0.107296904962407 0
4712 1.256084221078025 -0.0949837591066406 0
4713 -1.850759572199315 -0.9637983950240685 0
4714 0.4388381689977562 -0.393839918778595 0
4715 14.56974586052119 -0.218758558055094 0
4716 12.89581438522434 -0.17486874117834 0
4717 -0.5140074384795358 -0.3312694797450765 0
4718 1.379840638709909 -0.09424200759428245 0
4719 -0.4308582207051427 -0.3133981137807502 0
4720 0.3802219108653114 -0.4412243862234139 0
4721 -0.5929022102727672 -0.2691180859767086 0
4722 -2.14614155011051 -1.098662439410246 0
4723 12.69581916798354 -0.1053848416105984 0
4724 1.318425623214846 -0.09596860522479544 0
4725 14.09299336649999 -0.1701783744051867 0
4726 -2.861495896164387 -1.602366927386267 0
4727 5.189541331928022 -3.789619594051969 0
4728 9.436265597270362 -3.732423190743703 0
4729 14.19358131301346 -0.1654317742325283 0
4730 12.98620645082058 -0.1602921221736031 0
4731 13.1106763589224 -0.09411223750779873 0
4732 -0.6503552455249755 -0.1989818334834179 0
4733 0.5150353004353145 -0.3032762662621973 0
4734 14.28332692906555 -0.1572643325285854 0
4735 13.00728122390938 -0.09959630239622301 0
4736 -0.7843884775883864 -0.3290185019285832 0
4737 0.8818432500822564 -2.899389153482764 0
4738 7.380736971579279 -2.89340673956263 0
4739 13.74450679452902 -2.30466099981623 0
4740 14.20098135503221 -1.319212668678392 0
4741 14.60307948746893 -0.4254144140543333 0
4742 13.5893544365131 -2.959739342259371 0
4743 14.59832447627149 -0.3118862498990444 0
4744 4.682728353256339 -2.562499109838252 0
4745 7.091778785482007 -2.493948672774742 0
4746 8.577057497710557 -2.46125734357734 0
4747 11.11392593985795 -2.496759864954185 0
4748 0.9695009063904586 -2.542997617417342 0
4749 14.03362473820154 -1.302953774485186 0
4750 -1.497848471447275 -0.9277117882754887 0
4751 -2.047672242106851 -1.419413695909663 0
4752 1.475033293318142 -0.1028333026318295 0
4753 0.4191168198761541 -0.4722495103308948 0
4754 -0.7717187758898203 -0.3945768831388895 0
4755 12.53166606347888 -0.1712994833129099 0
4756 13.63373379744902 -0.171984519339207 0
4757 1.288690503715334 -0.1295584012632806 0
4758 14.48539672647466 -0.4607030443270804 0
4759 13.61980147958338 -1.97391059345679 0
4760 -2.241671100259687 -2.171425331913506 0
4761 -0.5271820873766665 -0.4006812095932193 0
4762 1.559752475289266 -0.03183340865001974 0
4763 0.816527115118228 -0.117100858318251 0
4764 -0.6995147732362611 -0.3209229263653527 0
4765 12.30120259778908 -2.957107483512723 0
4766 1.224901376869218 -0.1273166184542578 0
4767 0.3267936314042654 -0.5039663768434451 0
4768 0.5166249512278843 -0.3434620617656643 0
4769 0.1250762446986509 -2.96207770757413 0
4770 1.354103219581073 -0.129096491300974 0
4771 12.64655293371422 -0.163418204935409 0
4772 0.6151580216496425 -0.1471566013677093 0
4773 0.5749292898997796 -0.204925864838059 0
4774 -0.6202244258660163 -0.333944240952423 0
4775 5.773753680241581 -2.859994164094565 0
4776 9.725074019325849 -2.9218183061104 0
4777 14.55448955447897 -0.3059308066913256 0
4778 -1.80544692017132 -2.553100259954934 0
4779 13.34173253851714 -2.454667908242843 0
4780 -0.6936734510539363 -2.964279599042694 0
4781 2.278053382120342 -2.905882838263512 0
4782 3.884623975588708 -2.90413067705285 0
4783 7.823482900402193 -2.900632274607894 0
4784 1.352196319129443 -2.907230034168159 0
4785 -0.639552823264526 -0.2875258816844172 0
4786 14.00038415885902 -1.764675051523894 0
4787 13.03982589718375 -0.1622019462911651 0
4788 14.25223846128284 -0.2250879046664562 0
4789 -0.4572548358085925 -0.3397838472849729 0
4790 12.49358490303386 -0.05389520818955659 0
4791 -2.262397291759265 -2.618482675208319 0
4792 0.5509048254575002 -0.2628211299414576 0
4793 14.49033362248016 -0.6994246716346385 0
4794 0.6722042014057444 -0.1173347042088049 0
4795 0.729164286690974 -0.1168168800916784 0
4796 1.529459532856828 -0.03284286405297698 0
4797 14.37828703826301 -0.968772048121451 0
4798 0.9930457068103997 -0.1208074845384345 0
4799 1.059235121788329 -0.1226888125867238 0
4800 0.7874114839801302 -0.1170809246157298 0
4801 13.1274355604585 -2.831857566440138 0
4802 0.9317729179909513 -0.1196891498672603 0
4803 -2.466428446862198 -1.641002995852622 0
4804 -0.3618101213512353 -0.3963792198614279 0
4805 1.099736696942823 -0.1135864525355236 0
4806 1.498419674419184 -0.03316835058931465 0
4807 13.75272534225403 -0.1543305145899347 0
4808 14.04163949620419 -0.2386301924378632 0
4809 14.13007148206331 -0.2292954671292226 0
4810 0.4836478518401915 -0.3874852207091917 0
4811 -0.3862134252731676 -0.3570915579928564 0
4812 14.50636589873482 -0.2435954256855857 0
4813 13.06632841760177 -0.1158493058588056 0
4814 1.408410129854695 -0.1189634468549654 0
4815 -1.197560184607799 -0.5518881864116507 0
4816 11.87074041849305 -2.942786109662586 0
4817 0.2943508504397995 -0.4805350177605377 0
4818 13.15883205326733 -0.05486088264382652 0
4819 13.52825889590637 -0.05336401727876563 0
4820 0.3746849481302436 -0.4110190509658288 0
4821 12.94073545450436 -0.191688282707177 0
4822 1.159813220929605 -0.1234004312695111 0
4823 13.89298846669635 -0.1643810800080126 0
4824 0.5355555992186936 -0.3243286204753834 0
4825 14.39957338843868 -0.2344988935771756 0
4826 0.4465087709004742 -0.44236849936349 0
4827 -0.6500929062324012 -0.2374506775709159 0
4828 -0.9915576993804012 -0.5128684393430371 0
4829 3.005036765923009 -2.898399885277964 0
4830 12.69824135980659 -0.1585297173882454 0
4831 14.24887340011291 -1.141085373045731 0
4832 13.46885932505705 -2.236667773113887 0
4833 14.56806135716902 -0.3689942965546504 0
4834 10.35789073903981 -2.908167109657449 0
4835 1.191372642293372 -0.1605694609205756 0
4836 0.4847745416108389 -0.4678827087259615 0
4837 0.9632079438802652 -0.1524838439196524 0
4838 1.831801269973828 -2.41425639283434 0
4839 3.404474623212455 -2.399690620190671 0
4840 6.156265573268143 -2.505065866964161 0
4841 10.08514351728691 -2.540144915962667 0
4842 -0.2688004305531085 -2.594505219732828 0
4843 0.7886699908002911 -0.1477563043378163 0
4844 0.5920730502624593 -0.2490509339962546 0
4845 13.96390035011176 -0.317498574763202 0
4846 0.2959270502748506 -0.5280267574490281 0
4847 14.33355961992031 -0.7014435306411978 0
4848 14.26678612839241 -0.3058040926188238 0
4849 -0.8284160423580312 -0.4657044201401886 0
4850 13.1082754305331 -0.1677478656397943 0
4851 0.5397520847509479 -0.3598036033935329 0
4852 13.57182370425843 -0.1730251367959658 0
4853 -1.393825310910461 -2.434336063227535 0
4854 4.32860845263018 -2.564464199584992 0
4855 12.59786727823638 -0.2323749529003549 0
4856 -0.7142787870934657 -0.4002103651360688 0
4857 13.79429591337851 -0.2171685170592364 0
4858 -0.3990783756252078 -0.3884452164804265 0
4859 12.48147630166988 -0.1108050016178249 0
4860 14.26422255896844 -0.9902722867238836 0
4861 10.76873021840749 -2.506872805151712 0
4862 6.786111809798126 -2.478453145113511 0
4863 12.87885956396341 -0.2382086788846824 0
4864 14.39860593473437 -0.2820222254298684 0
4865 5.083099013021144 -2.54720225258744 0
4866 8.922620678710718 -2.534524496931098 0
4867 0.6622097110828055 -2.545564533921947 0
4868 -1.092904023868951 -0.6440085193267289 0
4869 1.156607547720189 -0.1576255778783011 0
4870 1.089868679240672 -0.1416094798265299 0
4871 12.69885845492916 -0.2001125896232834 0
4872 -1.93134038250996 -1.754209142216244 0
4873 11.94003299135811 -2.53380064249433 0
4874 13.37627167216052 -1.892543400094739 0
4875 11.51587991572824 -2.429003659445677 0
4876 14.12222691509634 -0.3088099457795752 0
4877 14.46355817427279 -0.3098132379713348 0
4878 1.537979695557813 -0.06690729623013185 0
4879 12.39452599821954 -0.0486799486942398 0
4880 2.712759098511818 -2.54677453074456 0
4881 8.363560835564858 -2.362126291396154 0
4882 0.6114196741457778 -0.1799937994042775 0
4883 0.5562856724824279 -0.3049878489574193 0
4884 0.2669871419273755 -0.4998150575800944 0
4885 13.90261254750431 -1.51162538139964 0
4886 0.845243106915169 -0.1171658642436954 0
4887 14.4786573659559 -0.5640465737099155 0
4888 0.7005274731373867 -0.1170650014155854 0
4889 7.801273051592807 -2.509161709695293 0
4890 0.7586199288756176 -0.1474141793751804 0
4891 -0.4889088632587886 -0.369118373857955 0
4892 0.8735432321601601 -0.1176475519506403 0
4893 12.31042416882843 -2.569935933966835 0
4894 0.9022318206861619 -0.1187088705707682 0
4895 0.4684415227961886 -0.4134672209317706 0
4896 1.588792561765475 -0.03011118368194211 0
4897 -0.4302975036993981 -0.3683278635824259 0
4898 0.3906217829355287 -0.5033225756941705 0
4899 12.44335475285714 -0.05268696810091925 0
4900 14.19202999101951 -0.2559638849872559 0
4901 1.024153712749167 -0.1210636056974368 0
4902 7.431136343790797 -2.517349158126463 0
4903 13.73791446147098 -0.1036011486583429 0
4904 -0.599048810689719 -0.3806568054535198 0
4905 1.433418544375737 -0.1393535216850414 0
4906 13.15229969269199 -0.1204448813664831 0
4907 13.69639126182675 -0.1669974197387298 0
4908 1.256984697405166 -0.1284797572043178 0
4909 13.21907738665878 -2.138098932646008 0
4910 1.504929420818425 -0.06759219150081944 0
4911 -2.204628607859208 -1.866542478563419 0
4912 13.00639909524295 -0.2305394622940069 0
4913 14.12139078608314 -1.164326400636712 0
4914 13.88521223890604 -0.2342290855336864 0
4915 13.76253371650121 -1.734331900036908 0
4916 -1.66041673045051 -1.23306183080487 0
4917 1.321048180549103 -0.1303070634227825 0
4918 14.50270712421829 -0.3785077051483087 0
4919 -1.189404900671853 -0.7933502914114393 0
4920 0.521752282916394 -0.3827898242065499 0
4921 0.6165079073783913 -0.116401844792675 0
4922 -0.6552602699838912 -0.3526805661827817 0
4923 1.346961299860907 -2.518425333300859 0
4924 13.5189415777245 -0.1095465389355837 0
4925 12.69934668117311 -0.2843090112812063 0
4926 0.5683923770702722 -0.3746217547937535 0
4927 4.985804817622782 -2.178084747520047 0
4928 7.446924579918797 -2.177292067166375 0
4929 8.959546792016965 -2.209314352597566 0
4930 1.609143922028638 -2.084588732293926 0
4931 11.72859653475751 -2.089408023351756 0
4932 13.69832460238647 -1.50853858713239 0
4933 -1.025057602412645 -0.8453736680688391 0
4934 0.7592352391293212 -0.1790097981641732 0
4935 12.53082775518791 -0.2381082206290546 0
4936 13.51020603307369 -0.1703461552050864 0
4937 1.476837128338287 -0.1410913869108566 0
4938 14.35748946512603 -0.5762912770804949 0
4939 -1.580047375033508 -1.61730087484721 0
4940 1.289467704580388 -0.1634085685606696 0
4941 1.396940085965146 -0.1582781369541698 0
4942 -0.3734312646907122 -0.4296970256022526 0
4943 13.63688422058221 -0.2376322268121347 0
4944 1.618675086731728 -0.05232614636785725 0
4945 13.17293092771834 -0.1709858772227908 0
4946 0.9715754943987498 -2.222034482624315 0
4947 5.813617349522263 -2.500555089757059 0
4948 9.709999426089006 -2.542644694451776 0
4949 12.96346887826231 -1.961814946904275 0
4950 12.33144489375514 -2.231066706006599 0
4951 -0.6172101191189725 -2.555537116393028 0
4952 -0.4930507198799338 -0.4446682070807292 0
4953 0.2131565030777091 -0.4884652159239289 0
4954 0.06730700745817762 -2.595808520225701 0
4955 -0.04388897660256797 -0.5196754148889812 0
4956 -0.151408485790853 -0.5097062875315582 0
4957 0.02891348762413012 -0.533673700172361 0
4958 -0.1849572493950411 -0.4884588547734124 0
4959 0.09395815161077808 -0.5263624707423509 0
4960 3.971133053394122 -2.534340551908411 0
4961 0.604114897041118 -0.2148217174649153 0
4962 11.1127711007483 -2.183363006485721 0
4963 13.70813006582296 -0.2333723275959713 0
4964 -1.418412713369498 -1.993887289309864 0
4965 12.66137348562542 -2.560031920645009 0
4966 13.87890856980803 -0.312730788757362 0
4967 4.684917422848653 -2.22542526489546 0
4968 8.654513854345826 -2.177914071378646 0
4969 6.800582425556716 -2.175575149048722 0
4970 2.315308911187314 -2.510360987799284 0
4971 13.46398768670787 -0.102291518738206 0
4972 12.4259318314605 -0.1088608450093597 0
4973 14.2932317586351 -0.8451314638245677 0
4974 -0.4571019461212 -0.4047192441032684 0
4975 0.7003065262150422 -0.1475255763410646 0
4976 0.8187867190900708 -0.1474978471656498 0
4977 0.8736744005969578 -0.1465538969909551 0
4978 0.9316248973440008 -0.1517100244273194 0
4979 0.7292278623824473 -0.1473057050575895 0
4980 0.2408181158658184 -0.4743565256021072 0
4981 0.5758482583907009 -0.2798704612668034 0
4982 1.51146664058938 -0.1041463317581904 0
4983 14.1921385653965 -0.3074973464094361 0
4984 0.6717506746618495 -0.1484121439527517 0
4985 0.9951542182775168 -0.1529947641538137 0
4986 1.051095934739091 -0.1505275236011883 0
4987 14.04691125711489 -0.3151065691640782 0
4988 1.569909467907145 -0.06429954264720515 0
4989 0.3603637937689443 -0.5337046856284112 0
4990 13.21350885189752 -0.113644286634096 0
4991 1.122047944846775 -0.1520546145381459 0
4992 -0.9360696638357746 -2.45640361574933 0
4993 0.1244790415898687 -0.5196895529788649 0
4994 12.94405215633583 -0.2408949836169101 0
4995 0.5503276362846428 -0.3405031820577605 0
4996 -1.853128880617074 -2.123223733805049 0
4997 0.50519406861975 -0.3981390025888161 0
4998 6.485974674679687 -2.492653443449708 0
4999 10.42871565268422 -2.528814728194356 0
5000 12.80784945026273 -0.2280467522591985 0
5001 3.140646104263904 -2.577012574428194 0
5002 14.07287898553243 -1.03373121945627 0
5003 13.52195123992486 -1.677475412198664 0
5004 5.551336839244186 -2.501437413131981 0
5005 14.37294693044934 -0.4712268592416847 0
5006 14.38814610456396 -0.3783946798450266 0
5007 0.4573830836667237 -0.5018181750114508 0
5008 -1.323654788563466 -1.238094911363526 0
5009 9.312556111764506 -2.549382314444563 0
5010 13.00240382201135 -2.490942935296155 0
5011 -0.5739875818934745 -0.4322918510701364 0
5012 -1.276562893397859 -0.9961370033886473 0
5013 0.3779074505897476 -2.568371577923062 0
5014 3.635708133890379 -2.471196926937121 0
5015 0.5119679442794504 -0.4284116084512835 0
5016 12.47064577265456 -0.172816674905031 0
5017 13.06294366037275 -0.2062995681298949 0
5018 13.89378897471363 -1.230010336460697 0
5019 12.65589546352652 -0.2251130926446607 0
5020 1.225876352051184 -0.1618842852678195 0
5021 -0.9272221696819438 -0.613325626059521 0
5022 0.6431672176188614 -0.1486666717939523 0
5023 14.33829325314079 -0.3000878802102182 0
5024 1.359591520959644 -0.1662492907843763 0
5025 -0.6506490487426806 -0.3966792829659631 0
5026 1.191590948364671 -0.1980006138027754 0
5027 2.746198702051379 -2.205223004313325 0
5028 3.395719122053933 -2.175765235115463 0
5029 5.847295033862443 -2.103930048040702 0
5030 4.960675812316746 -1.908176793789088 0
5031 9.699762994643681 -2.13375818482735 0
5032 8.963543640212748 -1.91971318442662 0
5033 13.44960910259398 -1.437177549085539 0
5034 -0.8458956975426356 -0.8587196642252026 0
5035 13.77318466913419 -1.106386227191144 0
5036 -0.5387770563844441 -0.4864141560222394 0
5037 1.364154316782629 -0.2076845705675304 0
5038 0.6216152391582822 -0.2659576516117386 0
5039 13.4490027332928 -0.1616496460469703 0
5040 12.4627769658645 -0.2411246204366539 0
5041 0.1385080518362252 -0.5542566769134691 0
5042 10.79100894275488 -2.195151709918562 0
5043 13.21496855636514 -0.1766033457065926 0
5044 1.071380885947068 -0.1780916707834248 0
5045 0.9644065821903725 -0.1855180286474653 0
5046 4.36271283004392 -2.23020790971637 0
5047 8.375390877507431 -2.145063338769327 0
5048 12.87222708603695 -0.3116833165617133 0
5049 14.2380108478326 -0.5707241184912054 0
5050 13.95531918661774 -0.4047105003570729 0
5051 1.516305650945977 -0.143493654126578 0
5052 6.4959859234572 -2.185657307238743 0
5053 12.37110464597851 -0.1022947501800044 0
5054 -0.4116917158245403 -0.4384500201725186 0
5055 14.27184653036583 -0.3821362178018939 0
5056 14.12661634025172 -0.3625204579286698 0
5057 -1.284241312650985 -1.488861141948081 0
5058 -0.006959056108783889 -0.5314214966436049 0
5059 0.6510012002326913 -2.234867128937671 0
5060 7.775620112745925 -2.170422303182347 0
5061 -0.3059740188597808 -0.4378336640878214 0
5062 -1.070340031294252 -1.028320753958736 0
5063 0.1841820611412997 -0.5008811760280264 0
5064 -0.2503380799357878 -2.255101496493547 0
5065 12.79233113543099 -0.3033497606831371 0
5066 -1.083934391677136 -2.086300102200957 0
5067 0.5799135188690644 -0.3355790269362466 0
5068 12.01716953292149 -2.187729927200089 0
5069 0.5477315753754858 -0.4032914814596659 0
5070 2.399054519250887 -2.160319634241423 0
5071 12.60991768001236 -0.3031874334415179 0
5072 5.42450778571212 -2.227617177625933 0
5073 9.290527465022448 -2.208013841300703 0
5074 7.118416810179325 -2.170325278077179 0
5075 13.79414693592892 -0.3084529353173323 0
5076 1.30467495339781 -2.185398377059924 0
5077 12.63423509335475 -2.240124598322115 0
5078 0.6413980123781157 -0.1825087852237052 0
5079 0.236613175440646 -0.5173094425621523 0
5080 10.46188465366327 -2.20091171199975 0
5081 14.20187189080333 -0.6914179672754708 0
5082 0.7913404776425313 -0.1807874580960835 0
5083 1.676621910159986 -0.03312646401021377 0
5084 13.91342830562988 -0.9463505510929242 0
5085 0.6712722345623688 -0.180710765002919 0
5086 0.729198319540254 -0.1782042336501394 0
5087 1.443627968966663 -0.1743388617119676 0
5088 13.56964964038044 -0.2382461548386396 0
5089 0.3265180523200901 -0.5618797321779454 0
5090 1.645597728590445 -0.03198934069606353 0
5091 1.547703174856831 -0.1034219482491574 0
5092 -0.8142030132537315 -0.6308195978131592 0
5093 -0.7118673552512071 -0.479631815641261 0
5094 0.9013424145134208 -0.1494719524409848 0
5095 13.19268409922034 -1.811480177857346 0
5096 0.8472220847856257 -0.1462276615131754 0
5097 0.06234309532651574 -0.5314365767392155 0
5098 1.322252602878099 -0.1665449072107762 0
5099 1.599002352880107 -0.05877511730988989 0
5100 0.4281316698163901 -0.5357335721222813 0
5101 1.385848738236223 -0.1247763312902895 0
5102 0.1545716328064065 -0.5113188916722093 0
5103 13.2568132481416 -0.05219871890442974 0
5104 13.43052407477244 -0.04144513451243079 0
5105 1.154148444694512 -0.1949814843225507 0
5106 13.02494476049949 -0.3051367865907915 0
5107 13.61128670096213 -1.234035098803312 0
5108 0.5276046661523095 -0.4962400160365972 0
5109 4.034480169147241 -2.207710352632761 0
5110 -0.6331867285548138 -0.4599912627863837 0
5111 0.3428916210456353 -2.255090909777661 0
5112 1.026962640047937 -0.1524148416494645 0
5113 0.4729631080908996 -2.88491952403803 0
5114 -0.3319304477680357 -0.4189799912695092 0
5115 6.535489761470681 -2.809665928091105 0
5116 1.258547001854586 -0.161866399476323 0
5117 11.35168900441847 -2.167108189656521 0
5118 5.428533225548377 -2.759469228788448 0
5119 9.308872806842226 -2.92598699407863 0
5120 12.85748429943606 -2.226136219569272 0
5121 -0.4517811653641364 -0.4865547041625831 0
5122 13.14870861110172 -0.2109947966045065 0
5123 14.14858763710717 -0.835538559895986 0
5124 12.40856057597448 -0.1715146810356611 0
5125 -0.54457744135716 -2.20812257965379 0
5126 4.103087351546425 -1.911865986736965 0
5127 2.484722227358902 -1.865104888174701 0
5128 6.520751571551554 -1.89881121405837 0
5129 7.468361572132209 -1.865282102884025 0
5130 10.49750907406622 -1.897045312980303 0
5131 1.520812101514126 -1.856611285925339 0
5132 11.83667326708159 -1.840441352659995 0
5133 0.3056306930715889 -1.95635528056595 0
5134 13.21276352152405 -1.559739251388088 0
5135 13.55678785146866 -1.112964653252392 0
5136 12.3934497814983 -0.2414469509390275 0
5137 0.7596427845198856 -0.2119482466349416 0
5138 -0.4908690678697682 -0.5382992915926692 0
5139 -0.4870340186420361 -1.910332047758507 0
5140 13.19905427770436 -0.243855974402695 0
5141 0.2886158067588097 -0.5872658273488984 0
5142 14.08165657463774 -0.6672326882096029 0
5143 0.673072910887757 -0.2122945816130036 0
5144 0.986123570234465 -1.925464864850956 0
5145 4.688346297931465 -1.927331261385908 0
5146 13.63618418976226 -0.3069621977482428 0
5147 1.152901731652118 -0.235490611122317 0
5148 12.32216040335504 -0.08660736882948036 0
5149 0.2044106415586962 -0.5323672943959831 0
5150 5.210324148335013 -1.897303936597748 0
5151 9.23861936685725 -1.913050012752633 0
5152 0.6404377655978792 -0.2260289915135708 0
5153 1.28807132285631 -0.1889107167076518 0
5154 0.6039753024562476 -0.3919168598666003 0
5155 3.082165722476955 -2.203959100907148 0
5156 7.127952024233133 -1.806199713673012 0
5157 0.604587486152697 -0.3000113832847901 0
5158 1.556760381494367 -0.1435714474891003 0
5159 6.193392259735246 -2.177386849588045 0
5160 2.078827308980864 -2.054932101856238 0
5161 10.11895747265004 -2.192685401357198 0
5162 10.8082630461319 -1.892449213431597 0
5163 12.69818254376862 -0.3774868365353533 0
5164 12.35416015475176 -1.935535976001598 0
5165 12.63348357731426 -1.950952394720453 0
5166 8.685537343710211 -1.904808246652549 0
5167 13.71157093802685 -0.3082871161372134 0
5168 13.26523761354746 -0.1055287805832691 0
5169 13.80632565049008 -0.8533695035800236 0
5170 13.41192292508837 -0.0873839794173374 0
5171 -0.3760109309576798 -0.4916450445151638 0
5172 -0.3239807962684634 -0.4685282903623436 0
5173 3.70782648545238 -2.176178606396282 0
5174 1.615256505545091 -0.08902100791903765 0
5175 13.78868259973285 -0.3881170325583548 0
5176 -0.6830524724106061 -0.5734038051136489 0
5177 0.8240808775210442 -0.1802999794982408 0
5178 0.8733959041332335 -0.1681563869926249 0
5179 0.9322534219737432 -0.1844488090498634 0
5180 1.680890998369066 -0.06524643474596306 0
5181 1.228706740051834 -0.1983159855460777 0
5182 1.415458107716617 -0.2031617918651508 0
5183 -1.108499301614717 -1.399024214654438 0
5184 13.50327021400636 -0.236257095014027 0
5185 14.26198506801867 -0.4691830934632333 0
5186 12.53505041823876 -0.3117182172041092 0
5187 0.9970081039226149 -0.1865563843473217 0
5188 1.030816501249646 -0.1862384335568106 0
5189 13.8683995095468 -0.3937640575479338 0
5190 1.707913853252004 -0.03290364224648675 0
5191 1.582887293410429 -0.09893231814208364 0
5192 12.94907548331028 -0.3132277327384601 0
5193 0.7002632934118378 -0.1786700485753189 0
5194 13.4299432963066 -1.290398669037175 0
5195 -0.2791685572864626 -0.4552270961401501 0
5196 1.115881174530604 -0.1893920652628705 0
5197 -1.150654293228532 -1.713405164398626 0
5198 -0.5990303450038487 -0.5293911629451534 0
5199 0.261730072713156 -0.5498562995096533 0
5200 1.47445741381497 -0.180614512850232 0
5201 -0.3523728001443281 -0.448748113864611 0
5202 0.03112989352308329 -0.5733400369231171 0
5203 0.3958091556906428 -0.5696763383359477 0
5204 -0.8248972602504461 -2.144750872223425 0
5205 0.1714907177271354 -0.5446317748746745 0
5206 1.644763273129931 -0.068481804444452 0
5207 12.88262475208782 -1.661297143258475 0
5208 0.4989683055780951 -0.5338480448686436 0
5209 0.1053430458072665 -0.5626416422912228 0
5210 0.04553516117344361 -2.269452607780709 0
5211 0.5564221696552937 -0.4600341032506375 0
5212 13.10955972004607 -0.2819156008448715 0
5213 8.089444984049123 -2.145902885467637 0
5214 14.06398577411264 -0.4108901453803693 0
5215 5.46122394894587 -1.884098413551671 0
5216 9.44705080796817 -1.890596298419114 0
5217 11.4615099498818 -1.909320524123301 0
5218 1.315390191216623 -0.2105289617572195 0
5219 -1.098627695947957 -1.232981013724641 0
5220 14.01483670673851 -0.7991354291803481 0
5221 14.18464386319575 -0.375350043768021 0
5222 -0.8829301662933977 -0.7308304593086348 0
5223 1.59792432456603 -0.1386240306092727 0
5224 4.972447198646854 -1.655499997083199 0
5225 8.955644162518372 -1.657842693789081 0
5226 7.278266188862411 -1.532592699680135 0
5227 12.99500630687159 -1.420110961077756 0
5228 13.42709755809461 -1.119444835924829 0
5229 -0.7034795506857456 -0.9653439721943935 0
5230 0.6522867435153653 -0.2847430153337894 0
5231 13.43552710980475 -0.2290532590475428 0
5232 9.68327520836678 -1.773670418387384 0
5233 -0.5452223147202893 -0.5987248723020014 0
5234 13.90523312151437 -0.7448985046205436 0
5235 0.2471826965505548 -0.6084718329804614 0
5236 5.714692425809069 -1.801917181428571 0
5237 -0.3378317590358263 -0.4935169372094457 0
5238 12.87006426134822 -0.3952031702187613 0
5239 13.38889749866264 -0.1434853298739728 0
5240 13.7827541094923 -0.4475143347093778 0
5241 13.92613512432264 -0.4978040263340617 0
5242 0.1522528619582106 -0.5910002538602219 0
5243 3.382081824017652 -1.890676763154117 0
5244 -0.2952414069270197 -0.4874882013782929 0
5245 1.071232521075638 -0.2279267491432077 0
5246 0.9653509902027333 -0.2183646975124187 0
5247 0.03127353959720079 -1.976407511500234 0
5248 -0.7695058863379437 -1.802986448884168 0
5249 0.6774301707580791 -0.2345135684703035 0
5250 0.7289190753766284 -0.2096841704455994 0
5251 6.247856858486744 -1.891324099153437 0
5252 10.18651960933481 -1.881499789276322 0
5253 -0.01255607771096338 -0.5713460065039266 0
5254 14.12659409860365 -0.5521783604477045 0
5255 12.62179294848889 -1.685066341906013 0
5256 12.78322086209636 -0.3867307231684771 0
5257 13.26539772054852 -0.2717726503427257 0
5258 3.752758365274123 -1.839493652762626 0
5259 2.219784972632733 -1.79166417472339 0
5260 -0.9047653956832635 -1.228204986487137 0
5261 13.28910931476592 -0.1768539001230612 0
5262 8.407120332562926 -1.871662514323943 0
5263 4.398732684266515 -1.931496969009903 0
5264 1.272893610432157 -1.90967160274849 0
5265 0.9968401932680567 -0.2207579956203602 0
5266 11.12115169713253 -1.886269556116658 0
5267 1.273875766236813 -0.2313954594367524 0
5268 1.366129144281401 -0.2426047151769897 0
5269 13.63778557822311 -0.9669210544635519 0
5270 6.80275565462626 -1.884223282914179 0
5271 0.5828827304098344 -0.4256814434926596 0
5272 0.6440963838506869 -1.872925481697592 0
5273 12.31882222044635 -0.03110617833850635 0
5274 12.34507360704484 -0.1654303854343029 0
5275 13.62550617462331 -0.3827530413347365 0
5276 0.793236930762972 -0.2162192340201974 0
5277 5.192963459846377 -2.104239978919445 0
5278 0.6214885329304604 -0.3560719441107167 0
5279 13.30142010669256 -0.09241350008898071 0
5280 -0.715597434899807 -0.7508173763752548 0
5281 9.19714780797271 -1.651602660843374 0
5282 1.192684782006927 -0.2388015820197407 0
5283 0.3588695703743872 -0.6025281288260782 0
5284 12.38285084811716 -0.3190725275686893 0
5285 -0.2499603779519704 -0.4712960377754725 0
5286 13.2312979107185 -1.296449954432658 0
5287 12.27900219365314 -0.05570897622531802 0
5288 12.46035024740896 -0.3173217019671914 0
5289 7.761675944290083 -1.869310769316608 0
5290 -0.4170815610189733 -0.5159254418099457 0
5291 13.70376518307968 -0.3874991278116519 0
5292 14.16127233196887 -0.4542036870394405 0
5293 11.66810371180261 -1.779171602338682 0
5294 1.832944237251851 -1.906018479914576 0
5295 13.56754342815922 -0.3048455503893691 0
5296 1.46546784289559 -0.2237575905747151 0
5297 0.8964045694860254 -0.1848875582820506 0
5298 13.04177325309772 -0.3935319994103032 0
5299 12.62083825201135 -0.3794880537847525 0
5300 1.112945914697087 -0.2313091586515505 0
5301 0.468518317788227 -0.5723550168590942 0
5302 1.263553566962717 -0.1947004121531866 0
5303 1.51722709920038 -0.1863167734728515 0
5304 13.33524936691041 -0.116337098837053 0
5305 -0.2309379774275286 -1.960672380605079 0
5306 -0.8947419272079411 -1.046237775831141 0
5307 2.776206134484216 -1.900237284191615 0
5308 0.5743672459170736 -0.5263882605795455 0
5309 -1.018141740718916 -1.869003331045064 0
5310 0.07004402922793698 -0.5696671041367476 0
5311 0.7003873285534447 -0.2089779244830152 0
5312 0.8537939837957661 -0.1749822420243319 0
5313 13.17589662908611 -0.2976552074623353 0
5314 1.743374069260586 -0.06612168486937271 0
5315 1.710904847281994 -0.06503158188397178 0
5316 8.145813236744294 -2.445863841154598 0
5317 1.692415186211988 -1.797457333844245 0
5318 12.08280285205328 -1.900623451303794 0
5319 0.225451376960286 -0.567825590978734 0
5320 -0.9740417529417998 -0.7044620594038862 0
5321 1.685509307510317 -0.08868077087522409 0
5322 1.667032817421728 -0.1042060280555737 0
5323 -1.139640454294571 -2.329575736930863 0
5324 0.9681551769555355 -0.2512417868827895 0
5325 2.308977885745774 -1.574433875298428 0
5326 3.990812458928073 -1.635008125509997 0
5327 6.296367585471378 -1.631479249756051 0
5328 9.169901076308706 -1.406347666450411 0
5329 1.509279896738339 -1.648532619807541 0
5330 1.708530128778868 -0.09575873736859888 0
5331 0.8139088311811653 -1.61782753404889 0
5332 11.89096152467448 -1.621205236970694 0
5333 13.02675112906347 -1.274307277911363 0
5334 13.44129936584381 -0.9609812319547627 0
5335 13.56617666652161 -0.3567583587895166 0
5336 1.884119419595011 -0.03514636012278121 0
5337 0.7593200406074828 -0.2457526832892687 0
5338 -0.2150479578141504 -1.703975027442793 0
5339 -0.3182516870305102 -0.5177945178591058 0
5340 4.703989263724196 -1.65694352763908 0
5341 1.070976711539482 -0.2746328440144867 0
5342 10.2570362599331 -1.607354928614644 0
5343 5.462790433222095 -1.640437366486936 0
5344 11.43962349737956 -1.6092114714906 0
5345 10.81029636682059 -1.609869287083752 0
5346 -0.6177330011572267 -0.8513618586161783 0
5347 12.36858026172551 -1.673612715358206 0
5348 1.636420056227196 -0.1246748654029197 0
5349 13.80962858859484 -0.6934694426270205 0
5350 1.15222900706609 -0.2775054825639886 0
5351 0.8680595790630847 -0.2047614358072314 0
5352 1.822951491766956 -0.02030322877581518 0
5353 0.9330814320652659 -0.2167111917296289 0
5354 3.602426467371826 -1.587671481101254 0
5355 0.8349559369471596 -0.2231209589062974 0
5356 8.082035981499436 -1.801963051446153 0
5357 13.2505661084933 -1.116077947843044 0
5358 6.547946628422736 -1.640297523872526 0
5359 -0.7307359317338833 -1.183547542779592 0
5360 7.756287721164714 -1.612471472985499 0
5361 0.6434399720762914 -0.4096230169046751 0
5362 3.075998538516641 -1.907077259929872 0
5363 13.3658601972224 -0.212047064396215 0
5364 13.97235100821582 -0.6331256263312225 0
5365 8.706755267543308 -1.64901674474158 0
5366 9.429345503827527 -1.626314352526999 0
5367 1.233347507188375 -0.2383914946440832 0
5368 12.27392062030508 -0.1479506872218331 0
5369 12.21436531394039 -0.103447725466704 0
5370 0.2520383856595027 -1.696788703856721 0
5371 13.50028148364928 -0.3060560681301051 0
5372 -0.4182806374173258 -0.5818322920269887 0
5373 -0.3540824782797115 -0.5478494808945131 0
5374 1.801378405110145 -0.02632784036850588 0
5375 0.2036864183368572 -0.6233908922364042 0
5376 1.031065478516271 -0.2249802043762324 0
5377 13.61935894759364 -0.7647806047715409 0
5378 0.6380444353810677 -0.3197776836093322 0
5379 12.32219039291233 -0.2387728652071886 0
5380 -0.2617038534173735 -0.5072273284626359 0
5381 0.3164343771139142 -0.6325844141805548 0
5382 1.400430175914244 -0.258205857489655 0
5383 1.771036271095665 -0.0307731187739562 0
5384 13.74912794324283 -0.7756617181033852 0
5385 12.54580753637684 -0.3911365534688701 0
5386 12.95622015230322 -0.3978573813853056 0
5387 0.6985408550727579 -0.2377887919047103 0
5388 2.803259070681228 -1.627200640433747 0
5389 2.154238308414044 -1.531282269293148 0
5390 1.980844461935928 -1.651397832652655 0
5391 14.02193314804037 -0.5252513585685485 0
5392 0.03605239000037404 -0.619906968267425 0
5393 12.37882759040821 -0.4044281769030191 0
5394 1.283110585884869 -1.6710659225587 0
5395 0.4341261902820635 -0.6116442966210611 0
5396 13.36036258558926 -0.05677732504119692 0
5397 13.83944644706162 -0.4712426133010004 0
5398 12.25383275335391 -0.1014608940101261 0
5399 -0.4377083276193456 -1.659980769443153 0
5400 1.514267537532153 -0.2336718773284979 0
5401 -0.2277504851822828 -0.4816091220620046 0
5402 1.333920585523386 -0.2603611520250355 0
5403 0.6608670682945369 -0.255737337406114 0
5404 0.5447994643527942 -0.5684431170405504 0
5405 13.12795748579483 -0.3875188333224979 0
5406 9.911196353259816 -1.849368184433943 0
5407 0.6035771257548064 -0.4857521551548812 0
5408 12.68894630797746 -0.4567674627162049 0
5409 6.042000664250314 -1.871682035550474 0
5410 -0.7746935197065127 -1.061245521371069 0
5411 12.78053692743583 -1.454551790550527 0
5412 -0.6217725211677781 -0.6677573073803678 0
5413 1.562856728570715 -0.1886324784449368 0
5414 13.69939895931567 -0.4844405675294907 0
5415 0.1882060630996411 -0.5814932080587794 0
5416 0.117932953543704 -0.6006918901635185 0
5417 1.040623394257715 -1.672939155594048 0
5418 -0.9238037353927551 -1.493000171620142 0
5419 2.344438823303579 -1.375284644738404 0
5420 6.346943955473509 -1.388875804918862 0
5421 10.54792077375 -1.385254327625187 0
5422 1.321322314467136 -1.44824401080116 0
5423 -0.01482535125477119 -0.6214600306824009 0
5424 -0.2817622924269467 -0.5475504121006598 0
5425 12.82289235919784 -1.251805402675965 0
5426 13.06414787720796 -1.09221494233252 0
5427 9.398553337914255 -1.39270024423586 0
5428 13.44013718882692 -0.8098402367855465 0
5429 12.2483699426424 -0.2340213855609173 0
5430 13.50276963045269 -0.3836817804141156 0
5431 0.6861013772555513 -0.3004708890396276 0
5432 0.8967569963735488 -1.475043533975849 0
5433 9.958307168224522 -1.539313436020164 0
5434 5.643694201018365 -1.62567972423901 0
5435 12.86972469516113 -0.4887128558312869 0
5436 1.917491901198105 -0.0352296834776071 0
5437 -0.5412074563267646 -0.7511740860587734 0
5438 -0.4041406754556805 -1.440653013864683 0
5439 1.778152039989172 -0.06406011785059282 0
5440 4.432777289244215 -1.659980208120883 0
5441 0.9326552697231844 -0.2509725189904261 0
5442 13.71378671177763 -0.6405589467143581 0
5443 6.795653357479406 -1.631693346963812 0
5444 0.9935794437900949 -0.2468238225543219 0
5445 3.075504596920613 -1.637542772485617 0
5446 13.27275297250858 -0.9553387457002925 0
5447 11.14217190850845 -1.551978347613751 0
5448 -0.5762678364795247 -1.089233160816799 0
5449 7.511084868955048 -1.595505788704846 0
5450 8.458984265720289 -1.616814286345739 0
5451 3.772045827435766 -1.527209637480568 0
5452 2.54083088761466 -1.6089247895044 0
5453 8.941819050525389 -1.417800064288695 0
5454 9.66564697556397 -1.590498369272929 0
5455 5.224434556176984 -1.654531719145548 0
5456 11.67245037110619 -1.610184874769587 0
5457 1.722401485367426 -1.637474546986773 0
5458 0.4755018966875288 -1.61695154364634 0
5459 -0.3536314017089645 -0.6507923880406966 0
5460 12.2008589707711 -0.1591014773165563 0
5461 -0.2124126405674139 -0.5223371323861057 0
5462 12.17540463527301 -0.05136562954105194 0
5463 13.42821496482461 -0.3044433606834773 0
5464 5.994397717282938 -1.62287967961219 0
5465 1.945838572253588 -1.40742214065326 0
5466 13.78507228931861 -0.55025396825454 0
5467 1.287030446983907 -0.2769111505304777 0
5468 1.368245102614027 -0.3168044415405763 0
5469 0.7924293390218889 -0.2515883251759857 0
5470 0.01619091661825557 -1.719606461037251 0
5471 0.6597304481466444 -0.3745038719322787 0
5472 1.845794155209357 -0.03658120932169079 0
5473 -0.4767137238838737 -0.6659763027830879 0
5474 12.30449072224232 -0.3196359339672605 0
5475 12.77540588563694 -0.4762302143864721 0
5476 0.6932366241189494 -0.2672067552833033 0
5477 1.192573644064049 -0.2834060207080095 0
5478 1.696310870432611 -0.1280021332909667 0
5479 12.46505302990721 -0.4005792011125813 0
5480 -0.3131222986103599 -0.5931837114512519 0
5481 0.3936588730359928 -0.650423409505784 0
5482 0.2685942562702482 -0.6573635725230116 0
5483 0.7277460262127049 -0.2417225128018279 0
5484 0.6270699297902249 -0.445889490856128 0
5485 12.12178176539516 -1.650424814993553 0
5486 12.60642683871842 -1.446967533055903 0
5487 1.452476197207683 -0.2750894016914942 0
5488 13.87352493074384 -0.5942167491622753 0
5489 13.05776681712135 -0.4895340340256564 0
5490 12.63014692813516 -0.4384701806423428 0
5491 1.113486359164826 -0.2746498901606529 0
5492 -0.6075566344021124 -1.607685506296567 0
5493 1.742412658492233 -0.1015365196267918 0
5494 0.5132080151549222 -0.6128883277891907 0
5495 0.1608330972735572 -0.6304945136923499 0
5496 0.6248413631618914 -0.557165060579029 0
5497 0.08067822673220959 -0.6121265112640535 0
5498 0.9082586862154659 -0.2139466252620266 0
5499 1.565900321793901 -0.2390632264794126 0
5500 13.21538059585636 -0.3762232972944387 0
5501 1.106022357787122 -1.46321093600115 0
5502 -0.6298758692559568 -1.38821736735797 0
5503 1.019030581628855 -0.2725319952056424 0
5504 1.611441249904978 -0.1857770515642286 0
5505 13.34734233880691 -0.2933450774815725 0
5506 3.986332117636151 -1.338042137714974 0
5507 12.29212678995839 -0.4070985644406587 0
5508 5.472326871413632 -1.417462395156883 0
5509 7.353542141856432 -1.327437514148241 0
5510 11.46622900751954 -1.385967648270429 0
5511 9.371567936704576 -1.175323419951653 0
5512 1.157132012249357 -1.267020806085657 0
5513 12.62404475765349 -1.237006370749934 0
5514 -0.2340103258763117 -0.5744841353714711 0
5515 12.7584261949467 -0.5737168991422614 0
5516 12.85434396110182 -1.038856806101926 0
5517 4.724278583632887 -1.371116377029706 0
5518 1.882179984867571 -0.07030832937219032 0
5519 13.28751682771613 -0.8132757788888637 0
5520 2.830621881039768 -1.347282748142015 0
5521 1.782103090318726 -0.1025472483004333 0
5522 1.669813840219413 -0.1727896250771074 0
5523 12.17528386297041 -0.2263393681568842 0
5524 0.7585449254914788 -0.2801790881928555 0
5525 12.1433687973855 -1.416607065685238 0
5526 8.230057807243645 -1.543827265494847 0
5527 8.719340820709466 -1.418145251949226 0
5528 12.08017686561829 -0.04497474141509824 0
5529 1.740107700086533 -1.430879966354915 0
5530 9.828075217662434 -1.334986863805792 0
5531 10.31563074290115 -1.373689274598122 0
5532 11.01590128134093 -1.304759475492973 0
5533 5.001693066755632 -1.420719090785555 0
5534 3.749038420137186 -1.367117254081785 0
5535 13.56778401145647 -0.4523217683545602 0
5536 0.9734968807791911 -0.2888778269457667 0
5537 1.074976690551968 -0.3244603148390526 0
5538 1.150284572565125 -0.3100125756440058 0
5539 10.78686577848287 -1.365811139384097 0
5540 2.562796775727937 -1.379195912464708 0
5541 0.8243429344999181 -0.2626025686661281 0
5542 6.127264098842363 -1.335460609556055 0
5543 -0.5142625915910989 -0.9366454078111086 0
5544 9.129056666046058 -1.147208392016452 0
5545 11.68923685748872 -1.39661731031705 0
5546 2.144125484682872 -1.379261274572145 0
5547 0.9761082765924071 -1.333748189153237 0
5548 0.2017922035169137 -1.481648233711066 0
5549 5.947397131820614 -1.232208408324004 0
5550 -0.0630026098931919 -0.5572564379236067 0
5551 0.6497799459626976 -1.488895909004902 0
5552 1.812236144925116 -0.05556620425291257 0
5553 12.16501556824579 -0.1018558084098705 0
5554 0.6756750277829779 -0.3374967913805986 0
5555 12.22390878950858 -0.3169245439470634 0
5556 -0.2854346747490593 -0.6962244650940013 0
5557 -0.2045373418388164 -1.480383347006057 0
5558 12.38275226398577 -0.4962008481735765 0
5559 1.441710848783566 -0.3355063799895616 0
5560 12.96484717684531 -0.4924580929623864 0
5561 0.6753362064797087 -0.4200903768510262 0
5562 -0.2575721596739846 -0.6298658780151287 0
5563 1.950671076948327 -0.03452217397017604 0
5564 12.12704525869674 -0.05025366103441403 0
5565 0.3456795888320838 -0.6862921037462079 0
5566 0.04116583925382474 -0.6723955804040487 0
5567 12.37964062894676 -1.431972639099727 0
5568 1.533352129228071 -1.439072914561405 0
5569 1.735653540759518 -0.1410329695411923 0
5570 13.43531356795328 -0.3854792303239387 0
5571 13.53397128852376 -0.6446419112247553 0
5572 -0.4007801981331384 -0.7279577259811066 0
5573 12.57480167922772 -0.4836787398632972 0
5574 4.182130595861112 -1.648645713217159 0
5575 1.238111640084761 -0.2846086153150224 0
5576 0.4766443543245872 -0.6592595968754112 0
5577 0.7252402972885325 -0.2746502547724231 0
5578 0.5948626630535671 -0.6043122432961175 0
5579 1.509454338930117 -0.2872688408662966 0
5580 13.15110886612718 -0.4855071686227196 0
5581 13.62413349404251 -0.5781048589712895 0
5582 0.8918413724612138 -0.2404900412539861 0
5583 0.6562116828871288 -0.5120941889091613 0
5584 -0.5286706086304933 -1.235321885192094 0
5585 10.10961505013461 -1.327385353510459 0
5586 1.620669254289378 -0.2400323628031465 0
5587 6.982627827751857 -1.611102836372472 0
5588 0.1293406820956312 -0.6302004337570793 0
5589 13.3418764758126 -0.3837983309336744 0
5590 13.10819818022707 -0.9285951827144924 0
5591 7.766369490422362 -1.384451977675337 0
5592 1.728334860939589 -0.1857419723368604 0
5593 2.355270047256091 -1.17953621184125 0
5594 3.877554328859769 -1.130970837414732 0
5595 4.857524980228927 -1.182867831324387 0
5596 6.208052291770604 -1.131468692102078 0
5597 10.55490950722384 -1.179684803090569 0
5598 11.48529799274495 -1.18623541240665 0
5599 9.358166757204458 -0.9869279775293198 0
5600 0.2900057453579809 -0.7158116634660997 0
5601 12.2030342728237 -0.4065816130173603 0
5602 1.567731577251176 -1.240833892732684 0
5603 1.034385770203687 -1.153338926086853 0
5604 1.370006080916574 -0.396640903128919 0
5605 -0.0136376082731897 -0.6786465097391738 0
5606 -0.3208686827266041 -0.7785800451553236 0
5607 12.65204779086118 -1.061938090723734 0
5608 13.35613741749258 -0.4778486216461096 0
5609 3.541238469023478 -1.386095125007711 0
5610 13.14770421410599 -0.7913931329151981 0
5611 4.219775217140083 -1.410512223874201 0
5612 12.05712119508564 -0.1034635047133178 0
5613 3.087414739413627 -1.401709550219363 0
5614 -0.1960133489506997 -0.6562455601849582 0
5615 10.95033612811195 -1.121469163095024 0
5616 13.41389997233047 -0.6806992885381901 0
5617 8.504797820327683 -1.396763194762163 0
5618 0.8917041530668621 -0.2868837427077796 0
5619 0.7574314520609682 -0.3145183895433813 0
5620 1.92746921321743 -1.214974570418761 0
5621 5.742158324077116 -1.412192082733709 0
5622 4.445126838375981 -1.416146198921138 0
5623 12.66347736991672 -0.5357385655854933 0
5624 11.91295194428178 -1.406306972912688 0
5625 0.2161460064647598 -0.6737228220637763 0
5626 8.914538035775422 -1.203320872215201 0
5627 9.978662188809047 -1.26668607357417 0
5628 0.7727128366890287 -1.350413314707007 0
5629 12.40385044214838 -1.178453542560356 0
5630 1.831280612237956 -0.09587221217645306 0
5631 -0.165717929501281 -0.5475037385816665 0
5632 0.722371678518503 -0.3097390362542205 0
5633 0.001304139477416956 -1.497536688540289 0
5634 0.3864775533985755 -1.42533116402963 0
5635 12.14096680664328 -0.3076278839748957 0
5636 1.298737641270279 -0.3326782194906755 0
5637 8.017138724343393 -1.401454933234568 0
5638 12.14794673841926 -0.1514115987769474 0
5639 -0.06917908063822507 -0.6183941674151826 0
5640 -0.4547486034004583 -0.8240916973901474 0
5641 1.91882166202871 -0.07222718708249339 0
5642 1.376088048010231 -1.204129966180935 0
5643 12.86791507340116 -0.5948592204895645 0
5644 1.183892383816988 -0.3385128221864205 0
5645 13.45699023416934 -0.4688730930233 0
5646 12.47506114954126 -0.4882653886083372 0
5647 0.8611629223254751 -0.2485881419854687 0
5648 0.7923606073558096 -0.2852992712276593 0
5649 0.6966595844956855 -0.3955460702349191 0
5650 12.28736988584788 -0.5021967095874031 0
5651 7.940578819839184 -1.603635222051461 0
5652 0.4320836995223482 -0.7057449745339854 0
5653 13.56149253797307 -0.5307752790628573 0
5654 1.506196485788792 -0.3475553687039976 0
5655 -0.3926599932743748 -1.228054279074739 0
5656 13.07414816273256 -0.5873201294536565 0
5657 9.62540420490501 -1.36744408174139 0
5658 0.5632257213993025 -0.6559576191347434 0
5659 12.95684396291903 -0.8813897586904414 0
5660 1.854834047879405 -0.06715263242752302 0
5661 1.780031770212505 -0.1464329066898409 0
5662 1.025702484346868 -0.3300657683673802 0
5663 10.5275260547594 -1.625196883325356 0
5664 0.1023650212775684 -0.6638175399473647 0
5665 11.29323431026605 -1.371158368124324 0
5666 1.990209616301125 -0.0656581669376394 0
5667 0.6759447723754299 -0.5889617648243447 0
5668 1.567861415023649 -0.2952555176164898 0
5669 0.6879598426687289 -0.4589780514266957 0
5670 7.052914879178077 -1.404947407652034 0
5671 13.25095653512533 -0.4817252665582126 0
5672 -0.4603652413641929 -1.10505997293961 0
5673 1.119865146745318 -0.318036030849107 0
5674 5.239096003378144 -1.428687882712005 0
5675 8.308992605653611 -1.351746126894485 0
5676 12.11732604323388 -0.1006623259793706 0
5677 1.677816016950141 -0.2379134839781017 0
5678 1.732039145514933 -0.2339623919767562 0
5679 5.462265213144013 -1.208971342313161 0
5680 8.350555765409737 -1.179982017722987 0
5681 12.11070680524653 -0.4005172432557356 0
5682 0.9767890678403371 -0.3350922405723196 0
5683 1.33389456177857 -1.014469326683839 0
5684 0.1698908301117702 -1.299995880595598 0
5685 0.2268637776717383 -0.7349071237014848 0
5686 6.392550247346129 -1.175498278189428 0
5687 12.61375680336567 -0.610447161026248 0
5688 8.719502623371296 -1.212235584132357 0
5689 9.796236271648144 -1.103155698402104 0
5690 -0.0712095822073989 -0.6799680196689755 0
5691 5.041697733555839 -1.21573709411795 0
5692 0.7928743756870975 -0.3190515986502126 0
5693 -0.3323091123120704 -1.118650138226343 0
5694 12.11418596758863 -0.2052109799805371 0
5695 7.974706932179038 -1.126131058130561 0
5696 13.28656079230788 -0.6902653158935145 0
5697 11.95177817502007 -0.05155242248190421 0
5698 13.00917802040271 -0.7277666981617688 0
5699 4.430074550751876 -1.209244565932299 0
5700 1.304979969815868 -0.396396102903588 0
5701 2.06123774403008 -0.02845844403406118 0
5702 6.79569635768947 -1.407481210670938 0
5703 12.7859263422259 -0.9206815837418791 0
5704 4.736337365598628 -1.129225848781028 0
5705 -0.3644355698855491 -0.8783485516074079 0
5706 2.557684273299732 -1.176348355060386 0
5707 1.746830132022598 -1.237303170890487 0
5708 -0.1252518156177864 -0.6112105860162551 0
5709 9.533073934611693 -0.9809631352637717 0
5710 0.9319163450895227 -0.2906945299341593 0
5711 3.520125878804991 -1.197682466339186 0
5712 0.7570432961018898 -0.3407359774364859 0
5713 11.70240215746207 -1.190188211230833 0
5714 0.8556428565841161 -0.276896056786113 0
5715 10.16726716770063 -1.155666777342389 0
5716 12.15092687001595 -1.196775018972593 0
5717 2.129549235573499 -1.153475031044984 0
5718 9.186976949467006 -0.9524605246578722 0
5719 5.679216235970938 -1.135827184907995 0
5720 0.867822184610104 -1.214952512791437 0
5721 12.07669105621236 -0.1646462795250914 0
5722 0.5426276037303596 -1.3347952716855 0
5723 11.2364548372696 -1.186232679773125 0
5724 -0.1805532851434962 -0.5968525209871229 0
5725 2.036672801706878 -0.02005014098934701 0
5726 1.877645291816314 -0.1088609168368604 0
5727 9.577513736286809 -1.159551953070463 0
5728 1.774612088127076 -0.1923390647048463 0
5729 -0.3943692968041088 -1.015118174940223 0
5730 12.39593742242042 -0.5930846496502211 0
5731 2.00978211189888 -0.03249826206085053 0
5732 12.00780319652521 -0.0580881728135888 0
5733 0.3773763730848597 -0.749096000012118 0
5734 1.437813874761148 -0.4031733807204591 0
5735 3.321510012542674 -1.404160432967978 0
5736 12.71621661570193 -0.698209028596637 0
5737 -0.1968966932888083 -1.285264884756649 0
5738 1.190434686884617 -1.055941678346523 0
5739 0.04328842802061655 -0.7163227709993414 0
5740 7.207618474099945 -1.281142083708275 0
5741 13.48645372310845 -0.5531474360681902 0
5742 1.955427890474097 -0.07038357157535324 0
5743 8.173876056990085 -1.297395138380308 0
5744 12.97644061977883 -0.5964389377551896 0
5745 -0.211718323275578 -0.727255681698122 0
5746 12.5588733436856 -0.5590387485157761 0
5747 1.242583049563001 -0.3372807828274204 0
5748 0.6478015063926001 -0.638372280314379 0
5749 0.5250911370206283 -0.7115641281557527 0
5750 12.18890186123108 -0.5038833808753742 0
5751 1.570991766162836 -0.3574278480050506 0
5752 13.16889064219492 -0.5833540511770055 0
5753 0.8173769717581485 -0.2872838498588071 0
5754 0.7109124053304444 -0.5447190408266931 0
5755 1.083461600519366 -0.3791943061334181 0
5756 1.135156146400463 -0.3664428898559031 0
5757 10.7571140676544 -1.162476879000214 0
5758 0.7350319399769716 -0.4226092119397244 0
5759 12.11349066855187 -0.1386127641090635 0
5760 1.82656846105249 -0.1500707931901983 0
5761 0.1612561465705511 -0.6781607432993982 0
5762 12.52366006976071 -1.054544717128815 0
5763 0.72377579041059 -0.3542055306399624 0
5764 1.628476523504649 -0.299539261826878 0
5765 3.107967819128364 -1.205468048130261 0
5766 1.769291980177377 -0.2275439961851242 0
5767 2.548256279544484 -1.002901028592221 0
5768 6.985971936541993 -1.174932926617398 0
5769 5.069315562947051 -1.036868639622186 0
5770 5.573751965041238 -1.018971341327919 0
5771 9.688393954138682 -0.9369367073194158 0
5772 6.421666370817178 -0.9928590335028555 0
5773 10.73503428613542 -0.9871682788367967 0
5774 11.4975555833864 -0.9971307062445158 0
5775 9.351462548275808 -0.8284056543130728 0
5776 1.907639888411623 -1.05133290609424 0
5777 1.033030512846776 -0.9597009673694212 0
5778 12.08825948835433 -0.5001282956516686 0
5779 12.01750233517686 -0.1981981149804615 0
5780 0.7847748743350276 -0.352612872401465 0
5781 -0.1988865616532853 -1.097359334106802 0
5782 2.089846855168534 -0.03286945503925212 0
5783 11.85763535267026 -0.04050027219332349 0
5784 1.091646161362044 -0.4412221782109176 0
5785 5.84692329323259 -1.131651112159048 0
5786 7.76810371596642 -1.175066105874133 0
5787 1.597337660481344 -1.073060161893818 0
5788 4.236499523725382 -1.209673191680781 0
5789 12.52953567480837 -0.6642291298773523 0
5790 0.1570759250871623 -0.7397214514982516 0
5791 1.244216482857926 -0.394343142012253 0
5792 2.032907090300319 -0.05825251622462668 0
5793 12.66290772866226 -0.896330313578011 0
5794 8.528894212657654 -1.202750548625945 0
5795 3.711282007993752 -1.181014422448306 0
5796 -0.1191222470271049 -0.5599117587985122 0
5797 3.316576655188302 -1.204945805242571 0
5798 5.250792171393654 -1.223684346208489 0
5799 1.690843532113638 -0.2983596421251365 0
5800 -0.1324450489601523 -0.672767548560834 0
5801 11.08931173672651 -1.076724282045354 0
5802 9.007086714808551 -1.010437938987006 0
5803 11.9243502963548 -1.1934627622881 0
5804 2.207909863588691 -0.968082015897983 0
5805 4.896554358791318 -1.026620618216005 0
5806 9.99467228382556 -1.13655130096707 0
5807 0.8360186971256189 -0.3161683811188505 0
5808 0.9298826400671344 -0.3358377033613934 0
5809 0.6674839895144395 -1.224355803323969 0
5810 0.954929173180061 -1.083412814358789 0
5811 0.7642619598885435 -0.3863152985925994 0
5812 12.04655934101786 -0.2797300472628283 0
5813 0.3297137377246934 -1.261100349035395 0
5814 12.86003541905674 -0.7139345970970246 0
5815 1.19593468734778 -0.8763774068433787 0
5816 -0.008620260197055729 -1.305045981720353 0
5817 11.99929212836718 -0.1389885040537675 0
5818 11.94571625697057 -0.1017707036932406 0
5819 -0.2303459551413321 -0.8138473319511086 0
5820 8.180085539706562 -1.157926670069223 0
5821 1.821226289831597 -0.2002517741435217 0
5822 1.995058637781454 -0.09177877615467103 0
5823 7.395986135970457 -1.143416883609055 0
5824 1.373095051024376 -0.4658714137464519 0
5825 12.29023482231687 -0.6046406048727171 0
5826 6.588117678444272 -1.197084888091567 0
5827 1.919007869080423 -0.1121449886031851 0
5828 13.16973469785979 -0.6807787968845006 0
5829 -0.008111496433405975 -0.7459397618193002 0
5830 1.02872215372787 -0.3851277013281073 0
5831 11.90338552116249 -0.04756921975749451 0
5832 13.27268597697269 -0.5825677954649366 0
5833 13.38248350934802 -0.5734740536962829 0
5834 10.35373138626013 -1.175410167532979 0
5835 0.4761295343220123 -0.7682434782557437 0
5836 13.08919754609729 -0.6625539095509746 0
5837 11.9845258313023 -0.1011649914940215 0
5838 12.49229662652295 -0.5749052294701705 0
5839 1.506305942026452 -0.4145644647111488 0
5840 0.08859523608070598 -0.7303261367696707 0
5841 0.6198729029251306 -0.6984658934246336 0
5842 0.7132928975116811 -0.6161307634565059 0
5843 12.33420827474705 -0.9876940151837379 0
5844 3.350346177108583 -1.630482066014391 0
5845 6.570367290785289 -1.407785097521707 0
5846 1.637733363670063 -0.3646946855241574 0
5847 0.7481109447480283 -0.4972575602873452 0
5848 4.615894014588447 -1.175460512374436 0
5849 12.5847722785919 -0.7674026951917813 0
5850 11.30088548871994 -0.9739191000791062 0
5851 1.200543887186715 -0.3881737128316548 0
5852 1.873974950734118 -0.1540527987868809 0
5853 1.806974246024031 -0.2591756199871237 0
5854 3.329977524101491 -1.02298624244342 0
5855 3.817920940988082 -1.014109100408128 0
5856 7.879038334622024 -0.9933195681170642 0
5857 5.069396884636854 -0.8781926624753962 0
5858 11.33047369009705 -0.809508269202827 0
5859 1.081113101068255 -0.8417567078430821 0
5860 0.4138645906879816 -0.82144286863398 0
5861 2.024035996364665 -0.09935543715967922 0
5862 0.2921719953917365 -1.119969226381228 0
5863 6.593979685364752 -1.011414603819046 0
5864 12.41942710734001 -0.6971691496207698 0
5865 11.9485050687684 -0.2182552236308248 0
5866 11.84180208994806 -0.08520498214798877 0
5867 1.920172421221896 -0.1552368846623498 0
5868 5.258077487265702 -1.037121645211874 0
5869 6.256068581424939 -0.958317524110736 0
5870 -0.003050455647375909 -1.139149911923561 0
5871 10.37283050609924 -0.9970925960720759 0
5872 0.2371220096703565 -0.8085102758814049 0
5873 1.313546488030581 -0.8630736475123354 0
5874 8.881919510813519 -1.018908728498397 0
5875 9.631185381785887 -0.8098902470307844 0
5876 11.9324322783371 -0.9680908063641394 0
5877 12.45335984622636 -0.8141991375475987 0
5878 8.370814941735796 -1.013272201935538 0
5879 -0.06340245060949762 -0.7478365216735351 0
5880 1.750254220100179 -1.065652348016582 0
5881 0.04934397302651997 -0.8029987712063718 0
5882 1.166444573798177 -0.4325619260903587 0
5883 1.309351843443476 -0.4659019522666102 0
5884 3.692485292882791 -1.018059154611205 0
5885 -0.2597349731889315 -0.9165795275915352 0
5886 11.70076513501833 -0.9976587313685432 0
5887 10.90748146297103 -0.9598527228192375 0
5888 11.09803473291895 -0.919677464272377 0
5889 2.374732848168299 -1.00101381643611 0
5890 4.740234971858976 -1.014352987431707 0
5891 7.186293919195418 -1.106979809638866 0
5892 6.78874054310614 -1.199569190290574 0
5893 10.18724965068459 -0.9876623298305377 0
5894 9.204356772351726 -0.7995739588783676 0
5895 0.4674115488052691 -1.192991153025365 0
5896 0.7684679285009672 -1.105500058288332 0
5897 0.8842070513417666 -0.3299056948398784 0
5898 0.8085323435688817 -0.4075255011634568 0
5899 0.9236263177464039 -0.384341132343131 0
5900 1.029864281248057 -0.4444438851997971 0
5901 5.756853250480671 -0.9552610458515162 0
5902 1.750236960801682 -0.2870805307660192 0
5903 12.1539007370845 -1.004075922688124 0
5904 11.94478393804883 -0.1549304404784531 0
5905 12.01507853144595 -0.3902657878768696 0
5906 0.8262056853715011 -0.3646261351512904 0
5907 0.9293759248113153 -0.8838164563801895 0
5908 -0.1159595580100488 -0.5198539124958069 0
5909 12.07181520597163 -0.6040808551996746 0
5910 2.077118560893721 -0.06811213129566743 0
5911 -0.08880560506083986 -0.5230379066890574 0
5912 12.18153234506152 -0.608298239331309 0
5913 1.872407659944584 -0.2053620135996362 0
5914 2.124122521757164 -0.03536778838231174 0
5915 5.443340579845572 -1.031431460277635 0
5916 10.55601238432599 -1.000242466150646 0
5917 1.437011630080238 -0.4726484143198495 0
5918 0.5821070319605872 -0.7667035926012743 0
5919 1.966607556710917 -0.1142430537597742 0
5920 -0.1357087968189363 -0.7438566909880201 0
5921 0.7690384165561617 -0.5979525201993173 0
5922 1.576223803159617 -0.4264660428420668 0
5923 0.7038725507105652 -0.6637266561380526 0
5924 4.410255490681091 -1.032797579709626 0
5925 2.739329625191826 -0.9633256092378627 0
5926 0.7816998407862327 -0.4503337898706128 0
5927 7.552567409380108 -1.368112030826179 0
5928 9.884947504450446 -0.9748603685887758 0
5929 11.89335675981575 -0.09828275608379727 0
5930 12.83143229239397 -0.8338299352617496 0
5931 9.498079043078533 -0.8301537165311597 0
5932 2.024503074876431 -1.035954599861017 0
5933 4.095707769929447 -1.192413865519589 0
5934 8.710389667479946 -1.026179914334249 0
5935 12.74280827395727 -0.8065378953583396 0
5936 1.872051076112481 -0.2612206710070226 0
5937 2.545462857732923 -0.8540963128972876 0
5938 7.078184007885481 -0.9854199696856141 0
5939 3.70183107665897 -0.8648927064289016 0
5940 5.613532929256406 -0.9026314686992917 0
5941 6.590688186798816 -0.8488647583328607 0
5942 8.693708965045703 -0.8577545145277119 0
5943 9.721239377762828 -0.7812408897291993 0
5944 10.71783919597407 -0.8302735422362385 0
5945 1.706120673338825 -0.3670956141742531 0
5946 9.477526619244342 -0.6995493324578137 0
5947 2.054983859470962 -0.9210062922371361 0
5948 1.746652268544346 -0.9050334582005838 0
5949 0.9812133189921006 -0.7880773666653231 0
5950 1.199357806140944 -0.7617024920486907 0
5951 3.110945580578289 -1.007831710899826 0
5952 2.065352785158504 -0.1076071157449993 0
5953 12.05973366234033 -0.7132262520256418 0
5954 0.4120347403949258 -1.068071454061703 0
5955 5.897470919429185 -1.010291740955662 0
5956 4.237845851532328 -1.03638587046973 0
5957 7.760853197578564 -0.9957370021277624 0
5958 1.954792280264556 -0.1527594223148078 0
5959 11.73465341099923 -0.05328284153069896 0
5960 11.00847640936212 -0.7769295140608994 0
5961 0.8584273188575614 -0.4239985899873707 0
5962 8.207664176117191 -0.9880744506683838 0
5963 2.155144908217698 -0.07431529874367322 0
5964 2.400552469110698 -0.8472756965852122 0
5965 1.095730685871151 -0.508198774955208 0
5966 9.033615533731307 -0.8926244963236133 0
5967 12.31174347046672 -0.8419390889229893 0
5968 11.68628738314671 -0.8268372180050197 0
5969 5.262393038739033 -0.8438935707862489 0
5970 0.1512389034273083 -0.815787501591998 0
5971 4.581133954405955 -1.018369699971251 0
5972 3.519369970153355 -1.024270313763487 0
5973 6.291175991394567 -0.8037754461651441 0
5974 9.215937265347259 -0.665633878546309 0
5975 11.88030047222635 -0.2218252110694703 0
5976 4.908251369138373 -0.8799985767619418 0
5977 10.01089061674252 -0.9813220600615639 0
5978 0.5819468094456172 -1.104581594696591 0
5979 7.429894632468216 -0.9717736569032561 0
5980 0.8555114061389393 -0.9893049500982199 0
5981 11.94386566643582 -0.2927951254089767 0
5982 12.29895174623711 -0.716276794147544 0
5983 -0.1128602875267509 -0.9446578427157495 0
5984 -0.04652507981580981 -0.8228959940673725 0
5985 -0.1343525078282334 -0.8277032787818382 0
5986 0.8732141152780299 -0.3757189473549359 0
5987 1.823234852493023 -0.3114214301511505 0
5988 11.98650361325087 -0.4895442532636676 0
5989 6.042568174311361 -1.070809728130051 0
5990 12.04251487075403 -0.8353269521215511 0
5991 8.537614075151302 -1.026366316518448 0
5992 11.88469812419494 -0.1563788873391564 0
5993 1.378067839636739 -0.5190724100466002 0
5994 11.79133187126778 -0.05575161677350254 0
5995 0.5287475273805129 -0.8374800628306972 0
5996 2.010001076789405 -0.1390792576009846 0
5997 0.311571697857948 -0.784885838047912 0
5998 2.116132159312276 -0.07263128522567777 0
5999 0.6856909871540869 -0.7356145860243405 0
6000 0.1533030966716095 -1.144662837710312 0
6001 1.241635124230159 -0.4586999233921796 0
6002 1.925681006651009 -0.2047413030625118 0
6003 1.50622303352819 -0.4868223881321803 0
6004 0.7654825971414164 -0.6793175915333741 0
6005 1.469194581485786 -0.9596050900583034 0
6006 0.8087324674199345 -0.5295950148556645 0
6007 0.9751118984413849 -0.386947329204688 0
6008 2.749820515338987 -1.143462985391324 0
6009 1.648383555735874 -0.4372094088916826 0
6010 6.772453697067603 -1.01090767019994 0
6011 7.578987355015356 -1.169360888666674 0
6012 10.39121000811507 -0.8352373067944679 0
6013 1.901664989774369 -0.8981667000350051 0
6014 3.202421996506341 -0.844717313572352 0
6015 2.426993858030597 -0.6926238705147506 0
6016 7.776851866289694 -0.8141234513500616 0
6017 5.050951727567102 -0.7402528279006727 0
6018 10.416934211032 -0.6936272664971531 0
6019 1.869315040415287 -0.3193814824635278 0
6020 1.899698911439662 -0.71929910940564 0
6021 1.031347145709114 -0.5105296567343606 0
6022 2.671099428097791 -0.8536328886521246 0
6023 9.065296227627993 -0.7484727967494128 0
6024 1.285463711631522 -0.7521353328695215 0
6025 2.284782523281746 -0.02109295482208831 0
6026 11.86849174815764 -0.2877029179782328 0
6027 1.985959823169011 -0.1918255113571003 0
6028 0.8526623532019244 -0.8100066791624074 0
6029 0.2492172773891974 -0.8958267652245325 0
6030 0.9127070487030322 -0.4360865369010608 0
6031 2.882639866374924 -0.9821830826097375 0
6032 2.108594604748128 -0.1132412796798966 0
6033 5.457022994123032 -0.8710023092163043 0
6034 0.02091441163003848 -1.004436366773279 0
6035 8.866415504383671 -0.8226931714067325 0
6036 4.389679132584511 -0.8772350617306961 0
6037 4.750745675826332 -0.8705409160040838 0
6038 11.50504439556237 -0.82332806386214 0
6039 6.438885961665993 -0.8359371724072441 0
6040 9.347026831769631 -0.6915359576505423 0
6041 6.099175768994109 -0.9133082307979505 0
6042 5.815502892835871 -0.8150956977918645 0
6043 0.4576755561532416 -0.9039223720721676 0
6044 2.255824834299046 -0.8240801483600501 0
6045 1.162025371878555 -0.5145291854227095 0
6046 11.92177072565812 -0.3771489455080024 0
6047 7.270281887107013 -0.9285229478575245 0
6048 0.676170488478778 -1.002061427327094 0
6049 1.785455718253093 -0.3570631046172388 0
6050 10.19149087860786 -0.8038158935166507 0
6051 0.266161616086496 -0.9983840447243296 0
6052 11.8157711925258 -0.224221289303197 0
6053 11.81218748190935 -0.1455451531229144 0
6054 7.596902471551992 -0.9904183326518794 0
6055 8.385532345054749 -0.8563443930320479 0
6056 0.3368616003885109 -0.8655078101966798 0
6057 2.228809849129629 -0.03478230013200711 0
6058 11.68586982869805 -0.05375960705004812 0
6059 2.056210547684944 -0.1526513895907307 0
6060 11.96278601636349 -0.5925448759186124 0
6061 1.931080845252169 -0.2631521063345758 0
6062 2.193949285789582 -0.03623612361792768 0
6063 0.5123925466485816 -0.9976552764548634 0
6064 1.106436959809494 -0.7358786027412882 0
6065 12.17693351104441 -0.7216534041622251 0
6066 9.827548658112915 -0.8489969267645995 0
6067 0.04766238995604061 -0.9028126583726673 0
6068 0.652998278499348 -0.8223293269672388 0
6069 10.55933756650402 -0.6944740754719509 0
6070 8.537640690040249 -0.8649087877279958 0
6071 4.043209983870567 -1.030579497062112 0
6072 1.602006183384124 -0.9248937803942906 0
6073 0.1481271694804755 -1.014798603737727 0
6074 1.427882473799855 -0.5416866596722741 0
6075 11.94283551723771 -0.7848374724933189 0
6076 9.602168299773217 -0.6941412402045311 0
6077 11.77812902026009 -0.10202392787343 0
6078 0.8531440014525373 -0.6272562049587616 0
6079 0.7574241382761485 -0.7565021804025752 0
6080 6.949289487620124 -0.998484505508898 0
6081 1.324458927740867 -0.5547385709428836 0
6082 1.579977934111007 -0.5018748007760077 0
6083 1.487991772081954 -1.07191948604129 0
6084 12.16609934461575 -0.849218597274928 0
6085 3.357885182302321 -0.8602243055788031 0
6086 2.918555018402643 -1.08786399588416 0
6087 0.8367191432327605 -0.4740686959713699 0
6088 1.722610137641677 -0.4454269841512786 0
6089 10.87250522559336 -0.8106255613458655 0
6090 -0.2876825531217034 -0.999974378134462 0
6091 12.49165695362008 -0.9461818532364599 0
6092 6.749566906563019 -0.8429080893970972 0
6093 3.531588325711665 -0.8610963478258284 0
6094 7.119455695316466 -0.8703316072173074 0
6095 3.235419917828477 -0.724106171355746 0
6096 3.548125395730889 -0.6882464306842599 0
6097 5.676855657733882 -0.7334943440908299 0
6098 6.142868717446522 -0.7609990280464216 0
6099 8.94443788811402 -0.6774051855792173 0
6100 6.582055010087167 -0.7084919801206337 0
6101 8.395268816055539 -0.7105901876499354 0
6102 9.719969704593362 -0.6924904774641041 0
6103 11.50130560834549 -0.6472310366659537 0
6104 9.46606720645325 -0.5811143164429121 0
6105 10.43533491400811 -0.5713218695446726 0
6106 1.931584099740957 -0.3272340243061339 0
6107 2.151598152646993 -0.1153695735519352 0
6108 2.83563933109956 -0.834305507115886 0
6109 1.781664498454856 -0.4528533540004498 0
6110 1.588963813447617 -0.7860812541367593 0
6111 2.052139443823616 -0.2060008384281389 0
6112 1.015445894708784 -0.6958571231443577 0
6113 10.84585645554344 -0.6729043362546583 0
6114 1.205842989898991 -0.6779002642683328 0
6115 11.58966214160895 -0.0532425985453298 0
6116 5.259157911950845 -0.683390623065905 0
6117 4.236707920593266 -0.8799559094597171 0
6118 7.921187291133785 -0.8861289678041865 0
6119 4.567297066664766 -0.8427976961866404 0
6120 1.443315568583302 -0.793516922304788 0
6121 6.938162450366751 -0.8077400616494634 0
6122 6.451690575735316 -0.7001608826635964 0
6123 9.346184343265831 -0.5718039381692885 0
6124 2.101412772955769 -0.7539798929956792 0
6125 5.952238577851807 -0.865773211282012 0
6126 2.666353132116139 -0.7269938185923729 0
6127 0.7591801239917876 -0.8764039474457661 0
6128 10.00025238644695 -0.8345574148612627 0
6129 9.09421768881074 -0.6212724363566462 0
6130 7.606910187480225 -0.8303249644326294 0
6131 7.324206079405807 -0.7882230633062089 0
6132 8.668606593075916 -0.7138634827510587 0
6133 0.8973854067095014 -0.4929106912802503 0
6134 4.910205189410763 -0.74284500873022 0
6135 1.859344665619218 -0.3799719188170337 0
6136 11.88512173802342 -0.4687813330368661 0
6137 11.74408767083333 -0.1651442975414354 0
6138 1.235013511337284 -0.532572141970215 0
6139 11.81902962278072 -0.2757412178011474 0
6140 2.981314949588169 -0.8722071280255493 0
6141 3.10859049434247 -0.8131214973117613 0
6142 10.2816127663195 -0.6703452973225922 0
6143 2.310672385552513 -0.03050142039929961 0
6144 0.3686777953231107 -0.9591878982323427 0
6145 2.25668364053357 -0.03277194899230703 0
6146 1.099907144516657 -0.5604555185613581 0
6147 0.9000423080581481 -0.7381524543247888 0
6148 3.997656021365876 -0.8228503170775703 0
6149 11.6371243666861 -0.05455695539912642 0
6150 0.5941073105619414 -0.9139226518646015 0
6151 2.1050979755277 -0.1589140255718969 0
6152 0.1480058043439907 -0.9065774142279529 0
6153 1.993171592477304 -0.2650424933298534 0
6154 0.8308961278332367 -0.7009722050334533 0
6155 1.500784020163914 -0.5654678170950289 0
6156 11.94873021036183 -0.698792273896697 0
6157 0.9703597700843782 -0.4432688846809684 0
6158 1.401392005078567 -0.6181129306396725 0
6159 3.37455130716163 -0.7210505009722791 0
6160 11.8459305780509 -0.8121744033614265 0
6161 2.234590708427592 -0.07232676523324912 0
6162 2.194309255256034 -0.07449168736831757 0
6163 0.8767038947513723 -0.5568856713786485 0
6164 2.960380014136869 -1.202866203768939 0
6165 8.238188539799353 -0.8341083705305573 0
6166 11.68582390730868 -0.1094499610089728 0
6167 11.73822535604173 -0.1068252069528681 0
6168 1.656854444031014 -0.5162306747472845 0
6169 -0.03112262437276431 -0.8866174300363787 0
6170 4.235722739531986 -0.7436493962965468 0
6171 3.498928151174008 -0.5841954323866563 0
6172 7.187779105849851 -0.7122748541339442 0
6173 7.720096645610917 -0.6694934497101446 0
6174 5.034124860137701 -0.6148057991739275 0
6175 11.68432253397948 -0.1695029004634418 0
6176 10.97439790384789 -0.6610754530870185 0
6177 6.46041881876224 -0.5839303687754733 0
6178 8.987758032461347 -0.5632101065701869 0
6179 10.31687485231584 -0.5565949107574421 0
6180 10.55409512369749 -0.5682002515169966 0
6181 9.45780321765602 -0.4740290924703274 0
6182 1.99746016024954 -0.334127994894804 0
6183 2.769827513265939 -0.7209641420289065 0
6184 11.33378287868748 -0.6685190344920381 0
6185 5.995450689136344 -0.7224708460117074 0
6186 1.850086678723552 -0.4312593872042658 0
6187 8.260748950135067 -0.6962579790573797 0
6188 4.47080943219561 -0.7352477280113597 0
6189 2.108412071389707 -0.2111513970818273 0
6190 5.777653251976895 -0.666920500919424 0
6191 11.68306664121521 -0.6780307338871809 0
6192 2.377680170624135 -0.03651439450719735 0
6193 11.53929796345354 -0.09118476256606441 0
6194 2.198362850262897 -0.6891019689228179 0
6195 1.959905517890675 -0.5882045819413494 0
6196 2.283902094772781 -0.06395595752693216 0
6197 5.490638265012887 -0.6946468249721484 0
6198 6.942614077162434 -0.6025211564097898 0
6199 6.716620826733533 -0.6985935554816296 0
6200 11.84792864717071 -0.5718444475396386 0
6201 1.722680785173765 -0.7396580093393876 0
6202 2.555269306958523 -0.7260480759149591 0
6203 9.972775277794911 -0.6993398207618554 0
6204 10.18615976527145 -0.6348001069993814 0
6205 4.768145382203669 -0.7352284641248438 0
6206 8.098861380752002 -0.7968450672339 0
6207 3.88342477693435 -0.8889241544539388 0
6208 7.461011868582752 -0.8208831601870387 0
6209 8.533764791804312 -0.7182852522658807 0
6210 9.228222697149226 -0.547284106691071 0
6211 9.842172849084664 -0.6997940102355086 0
6212 1.289812200084952 -0.6405216848720383 0
6213 6.325927872852179 -0.6729501342793088 0
6214 1.046306518677119 -0.5980157096722305 0
6215 11.76531483976612 -0.317981635742535 0
6216 1.484608365828297 -0.658080603743543 0
6217 11.8409908175285 -0.3561323135322497 0
6218 11.74974025133661 -0.2337187882557001 0
6219 10.70386723728777 -0.6846689397075563 0
6220 1.129311585842471 -0.6507719141570016 0
6221 9.58834926799131 -0.5793479304415876 0
6222 2.993799266712071 -0.7280072327252736 0
6223 3.113390997283442 -0.7249342501227184 0
6224 0.9523887829966687 -0.5795624812776458 0
6225 1.924393166824577 -0.3937608806181918 0
6226 1.150504603828677 -0.5816973486218818 0
6227 2.341562005788576 -0.03464812194726883 0
6228 2.152254673517979 -0.1601007859114591 0
6229 3.241038560425777 -0.6145638369186721 0
6230 11.82888930842813 -0.688046120146702 0
6231 11.57580924905987 -0.1151669929044972 0
6232 11.63389624016882 -0.1104962874337529 0
6233 1.261002406586783 -0.6902036442793043 0
6234 0.9639167831527302 -0.5070149983335233 0
6235 4.362922239159436 -0.7425699136819089 0
6236 1.578859853695301 -0.5827997355691305 0
6237 2.05721838318623 -0.2693496076993703 0
6238 0.8119303393606665 -0.7580016938712102 0
6239 5.863658534666026 -0.692883640648255 0
6240 1.738264609459074 -0.5287458868868206 0
6241 0.9312438630608317 -0.6595983846788104 0
6242 2.672496871775546 -0.6185585651137957 0
6243 5.436560849155281 -0.5987913452506766 0
6244 6.19507005485479 -0.6034919569650651 0
6245 5.777366467593803 -0.5864381837545748 0
6246 6.890528842041389 -0.5150958020640826 0
6247 8.397976290641362 -0.5595851487035223 0
6248 9.837181633953746 -0.5777366012311942 0
6249 9.5717115683417 -0.4710049282906442 0
6250 10.44320758218987 -0.4646481393080537 0
6251 11.41973100566214 -0.5309752874940799 0
6252 2.066444778409787 -0.3400413627092305 0
6253 8.136284803316562 -0.668269431394531 0
6254 2.196259233529548 -0.1580322606638134 0
6255 11.74310087966881 -0.3930131042727772 0
6256 10.83704002305573 -0.5428806703145465 0
6257 7.869054012760366 -0.719960312881753 0
6258 11.45141606622762 -0.05217007811459006 0
6259 10.18634166285211 -0.5293720943416227 0
6260 2.49672529785874 -0.6122241481461297 0
6261 4.639049526389957 -0.7135991628336897 0
6262 3.872067141923142 -0.7246250743390985 0
6263 6.684433205700413 -0.5781477802968434 0
6264 11.70907904522479 -0.5270761083776742 0
6265 10.68783918498996 -0.5317171775068721 0
6266 2.074603425213144 -0.6098685636411035 0
6267 9.348982678014456 -0.4663553440309326 0
6268 3.12376424215817 -0.6168851687538667 0
6269 1.901218273266829 -0.4614198120733619 0
6270 8.849159953593604 -0.5912726653684811 0
6271 9.117371003917437 -0.5109081937575587 0
6272 7.365714914449097 -0.6743616960118775 0
6273 7.604546184736956 -0.6953645144299583 0
6274 9.712901389533343 -0.5763616633473261 0
6275 4.906363805774924 -0.6134764543545688 0
6276 11.09300356546534 -0.7402718561047441 0
6277 11.2020986801467 -0.6627143159535761 0
6278 8.649767612470141 -0.5940686905521922 0
6279 5.149416667303214 -0.6084092727374113 0
6280 7.285331781446416 -0.6513411392420974 0
6281 1.842090011227369 -0.5354184626828093 0
6282 4.339837441769345 -0.6210573372967485 0
6283 2.160949021222509 -0.2097831213860415 0
6284 2.333962201666916 -0.07254012057130602 0
6285 1.353087277137716 -0.6979889463763593 0
6286 11.49919739010277 -0.05240006666890386 0
6287 1.995261427179847 -0.408222570452594 0
6288 7.035356016388208 -0.6715989187433204 0
6289 11.62884576543311 -0.1663479358846065 0
6290 11.67094898710177 -0.3200855645664439 0
6291 1.745250521897744 -0.6177924205920006 0
6292 5.882495634533557 -0.5831889765690642 0
6293 11.67853091108268 -0.2384903461266213 0
6294 1.578379840089539 -0.6729998965092523 0
6295 11.55405804660736 -0.543204778032725 0
6296 11.52918130293931 -0.1568167330167493 0
6297 2.375689018958306 -0.07516601790150737 0
6298 8.055433018240027 -0.9440199363401888 0
6299 2.876232648765202 -0.7241737302886025 0
6300 10.5569926047249 -0.8399504644072905 0
6301 2.300757299826719 -0.7227356899000389 0
6302 10.07567322955238 -0.6910036130270819 0
6303 1.220311307851922 -0.6064131827092564 0
6304 11.79676985664407 -0.431423717804798 0
6305 1.657422904320585 -0.6002244179290754 0
6306 2.120178066204391 -0.2723235857590826 0
6307 7.181929774436091 -0.5792744676419276 0
6308 3.237801154446863 -0.5143044029180061 0
6309 7.686042289812645 -0.5887873780776403 0
6310 5.137256850383437 -0.5007625954338351 0
6311 5.880766651935885 -0.4843989104796623 0
6312 10.96459756290596 -0.543195661604213 0
6313 9.022223434219487 -0.4656251726704949 0
6314 9.839093699061857 -0.4661666637196557 0
6315 10.54465434498234 -0.4651653937952238 0
6316 2.136654154966251 -0.3426929409617325 0
6317 9.352265408406796 -0.3730609052795006 0
6318 11.3897085025217 -0.4409359690366527 0
6319 11.31394118885703 -0.5499956488568977 0
6320 2.283218282656239 -0.1140004064316237 0
6321 2.415605984099492 -0.07594977215622302 0
6322 9.955129307317721 -0.5780726123054412 0
6323 2.207530112797349 -0.2017988602111266 0
6324 11.37553354396789 -0.04704582021655232 0
6325 2.182568547532969 -0.6083197875982205 0
6326 3.998294557584385 -0.7272599304948002 0
6327 4.447559927632787 -0.6099810971921303 0
6328 10.73058677904599 -0.4135516432879561 0
6329 6.283527292860183 -0.5467829232042676 0
6330 5.671736290244452 -0.5887363082160296 0
6331 7.003048058662515 -0.5514465043102761 0
6332 8.270577559089928 -0.5773157849227981 0
6333 11.67314118591237 -0.4114343129388139 0
6334 9.70521079028638 -0.4469597024266467 0
6335 6.0193909780229 -0.564356271801858 0
6336 1.982284334661877 -0.4901403367564953 0
6337 9.54929271349479 -0.3749242941363748 0
6338 3.723130679090206 -0.7157537655182844 0
6339 4.77705406689017 -0.6118982967950543 0
6340 3.008246280509055 -0.6148059993283302 0
6341 10.33888515671205 -0.4539443021755526 0
6342 6.572061435846914 -0.5876699854855909 0
6343 11.08797268983649 -0.6557784386331849 0
6344 11.6114394800865 -0.2266053424231505 0
6345 7.384562705313908 -0.5743674530324647 0
6346 5.029705786347514 -0.4979641015739644 0
6347 9.244171013405822 -0.4463191164000672 0
6348 8.535068706629112 -0.5877959422280129 0
6349 10.06486043889916 -0.5651981695719966 0
6350 8.778866967875434 -0.6747028284296742 0
6351 5.16939043079835 -0.7324852757210508 0
6352 2.194555670583517 -0.115479370670891 0
6353 11.43880830468771 -0.1048500972886518 0
6354 11.18202891942445 -0.778226795828707 0
6355 11.40469936482223 -0.04926711265293411 0
6356 11.49568305460287 -0.1126278189031217 0
6357 7.967149716521452 -0.7525372193965639 0
6358 2.072977536996818 -0.4184888715027385 0
6359 11.59002614005534 -0.1612748354764532 0
6360 2.282709165560057 -0.5985994157174804 0
6361 1.822147650906946 -0.6224537894691282 0
6362 5.357870863944418 -0.5993476819497218 0
6363 2.759327494372393 -0.8036802167721132 0
6364 2.57094906262308 -0.6186377766014716 0
6365 4.55613300348089 -0.6850344748308854 0
6366 11.57326534552583 -0.4240972786052661 0
6367 1.64844241650848 -0.6675192297710423 0
6368 7.48130723379046 -0.6924940902040413 0
6369 8.825341061521277 -0.427495390031732 0
6370 3.611615451393736 -0.567402389539556 0
6371 4.318330868358911 -0.5104264999142161 0
6372 8.009914767011074 -0.6046616471768772 0
6373 5.363154007994944 -0.4973323117856989 0
6374 6.187227349962518 -0.4734554176052344 0
6375 6.986118860737608 -0.4734331872815716 0
6376 6.562080942965282 -0.4821346538708877 0
6377 8.340883595845391 -0.4807251852840524 0
6378 11.29428456614722 -0.4495402550493048 0
6379 9.949214859723064 -0.4701820692237685 0
6380 5.128410910626047 -0.4064853060676859 0
6381 9.762729428911076 -0.3540316603317868 0
6382 8.865475430476051 -0.35581847537241 0
6383 10.44727784096566 -0.3698745166522268 0
6384 11.46827809242791 -0.1547374746091423 0
6385 10.24263037392538 -0.4276307148366154 0
6386 2.153236900831117 -0.4220995735127977 0
6387 2.537615530048114 -0.02181958166097514 0
6388 11.08338062854562 -0.5473079998043328 0
6389 4.658416390408674 -0.6066902595184247 0
6390 4.896334251950809 -0.4706362738335845 0
6391 2.892044773691694 -0.6119801614063699 0
6392 3.131666739592569 -0.5160457396521746 0
6393 7.602088265327157 -0.5836904246358066 0
6394 3.89491088225028 -0.6006266173197491 0
6395 11.32147395784194 -0.08638421318250022 0
6396 5.539796373525206 -0.4562420965888155 0
6397 5.783111891574793 -0.4884804296617668 0
6398 8.546896992966746 -0.4760272699481983 0
6399 2.238684336491945 -0.1578731098704707 0
6400 11.56722852647449 -0.3106952198173733 0
6401 7.840956694312746 -0.6002521951922111 0
6402 9.131990347754671 -0.401846392788282 0
6403 2.257029034552224 -0.5031117199086627 0
6404 10.83841402919531 -0.4250629691792583 0
6405 2.167336630830377 -0.5102768617897786 0
6406 9.449961081014607 -0.3784011343205284 0
6407 7.28454394633404 -0.5751324274611599 0
6408 11.56216875801736 -0.1962450000217021 0
6409 5.248699481382977 -0.4754238795236095 0
6410 2.482358327935329 -0.03513933170944424 0
6411 4.551488155695631 -0.6027560410113467 0
6412 2.180138292450597 -0.2678456608145811 0
6413 2.330015273874523 -0.1153966094039439 0
6414 2.374896563128035 -0.1167086584787511 0
6415 3.344755947794359 -0.5080922982486608 0
6416 2.237965781411183 -0.1145204668333955 0
6417 2.448382710413398 -0.03678113498446495 0
6418 2.07427259639632 -0.5067587534433717 0
6419 7.491201440746787 -0.5793394174223994 0
6420 5.254806344981067 -0.5985995173980747 0
6421 2.381245548578072 -0.5720418418743848 0
6422 8.754581420493844 -0.4992050262904722 0
6423 5.351699928025623 -0.7144992913452494 0
6424 2.574721256453056 -0.5211324112649882 0
6425 11.19810491544383 -0.55265056596634 0
6426 6.356286128721989 -0.5685556445887885 0
6427 4.114136004924399 -0.7348883211814674 0
6428 11.38618315312673 -0.09973777431665673 0
6429 9.636808729537034 -0.3711850544222703 0
6430 10.05139583857363 -0.4652733041277936 0
6431 9.194933116513317 -0.3511359961320953 0
6432 5.81722734767523 -0.04230223874310246 0
6433 4.545890755423819 -0.4967445972805103 0
6434 8.271212817560816 -0.48031327018711 0
6435 6.853525113196848 -0.4268380083554751 0
6436 3.232490173002761 -0.4232616686700075 0
6437 7.487464611416244 -0.4743945947255243 0
6438 7.727610617537309 -0.5218069542819304 0
6439 5.789019342559068 -0.3983428639585875 0
6440 10.04408845274226 -0.374885431204977 0
6441 10.54443252422359 -0.3738398614067915 0
6442 10.74565161651879 -0.3222678006706516 0
6443 9.135387880295744 -0.3038571934139947 0
6444 9.528492162186359 -0.2898990067335314 0
6445 2.37692332144568 -0.1596152281390299 0
6446 6.464373889966079 -0.4826722706696716 0
6447 11.4843825795871 -0.1884833628619546 0
6448 2.344167713556658 -0.4792924165589104 0
6449 6.660876796520069 -0.4748162505166912 0
6450 2.454625245810148 -0.07544499020351281 0
6451 6.282595369660613 -0.4763503562125377 0
6452 7.192189884096588 -0.4798162412284713 0
6453 2.674536313337422 -0.5172339633510272 0
6454 6.086632735648022 -0.4473706994483624 0
6455 5.194909249759515 -0.4040246210805015 0
6456 5.687937352278839 -0.4861335104900084 0
6457 11.23711240053044 -0.05416969805504799 0
6458 8.092038648706438 -0.5424523852977839 0
6459 7.988653508527838 -0.4740835062254062 0
6460 10.35295419523811 -0.3644423903660962 0
6461 11.19228394437609 -0.4500470131099295 0
6462 10.96893293146764 -0.412073469951292 0
6463 4.766500164882015 -0.4977428406245317 0
6464 9.442273013296768 -0.2922180225064818 0
6465 3.024780375754839 -0.5102599700327213 0
6466 4.425880556746793 -0.4798768016350812 0
6467 2.283201759638184 -0.1609285901502527 0
6468 2.47716951747987 -0.5373719908629103 0
6469 5.037095960433642 -0.3963821505716948 0
6470 7.288410743195908 -0.4781389464921704 0
6471 4.120632795693048 -0.62101145132124 0
6472 4.010762790783606 -0.6136857327960876 0
6473 4.222371793193022 -0.5189411796196598 0
6474 2.77904324110927 -0.6144266238003565 0
6475 2.205134841948252 -0.3382925522304205 0
6476 2.41783891824544 -0.1173867138033173 0
6477 11.42873093980193 -0.1556212777836724 0
6478 11.46458014188193 -0.3436516548290123 0
6479 2.232554411228055 -0.2510357931195134 0
6480 2.239496497237798 -0.1914595050334331 0
6481 2.506709549948837 -0.03324720869557846 0
6482 2.569665282729062 -0.03335460632347615 0
6483 11.28151356706449 -0.04697423768319329 0
6484 8.646341530228643 -0.488389819404651 0
6485 3.751864171011552 -0.5661053595871953 0
6486 9.703770588590814 -0.3323145940623671 0
6487 9.046628384970042 -0.4004010629503068 0
6488 7.098496895913931 -0.4782946589311542 0
6489 3.365569571455659 -0.6062531175964222 0
6490 8.450023533948997 -0.4488730094616192 0
6491 5.296683867553673 -0.3817422445730411 0
6492 8.72669539907816 -0.5921257900402546 0
6493 10.12598296456706 -0.4565502284426339 0
6494 9.852030198946668 -0.3699451633496016 0
6495 11.51284952582946 -0.2391262601523328 0
6496 4.09470288403445 -0.8602379806172149 0
6497 8.72819498533601 -0.3894939541774159 0
6498 2.230245365561495 -0.4182867632305298 0
6499 5.351742072939008 -0.04243494928859597 0
6500 3.854982787761332 -0.4832672527624385 0
6501 2.575201123317429 -0.4256724927141891 0
6502 2.620543381558361 -0.07064194009381818 0
6503 3.326169657312448 -0.4193267386875266 0
6504 3.13850303350029 -0.42466220353388 0
6505 4.948726634388123 -0.3663724739230389 0
6506 4.214530734686763 -0.4262043014987311 0
6507 4.456345682631335 -0.4017547432382065 0
6508 6.121143218108211 -0.3618038999686986 0
6509 6.94788031930475 -0.3789886728011175 0
6510 7.201644947456858 -0.3878595400461448 0
6511 6.553377518713929 -0.387776058467129 0
6512 8.477787184155124 -0.3600613852308994 0
6513 5.322326434990423 -0.3276503494461689 0
6514 5.126538502233445 -0.322398816539802 0
6515 9.395709223753281 -0.04666687618158342 0
6516 2.420052813879618 -0.1600824299518125 0
6517 9.354466260210902 -0.2878934746450218 0
6518 9.865135673061479 -0.2877422361540335 0
6519 10.35588394906832 -0.2855253152644875 0
6520 2.448890736952106 -0.4126813945178783 0
6521 2.278918886685466 -0.3165877433688877 0
6522 9.514890517893132 -0.2176866033775353 0
6523 2.902115055107425 -0.4861221628961016 0
6524 8.08815454990672 -0.4701228758153549 0
6525 5.70156691218956 -0.3971616925603571 0
6526 5.878932475324974 -0.3952637998445619 0
6527 5.857046772567289 -0.04246752879943463 0
6528 11.4302681230179 -0.2076444237885131 0
6529 2.279158534320452 -0.2172100116042856 0
6530 9.202019787517713 -0.2697185634128027 0
6531 4.126278268791969 -0.5169798489261868 0
6532 7.611976903148649 -0.465292293784224 0
6533 2.778090130789793 -0.5091721670307513 0
6534 11.08790146384817 -0.4421666996403201 0
6535 10.83450209469698 -0.326197481585791 0
6536 9.618501215382871 -0.2645894950535944 0
6537 7.385505996830038 -0.4767858840469172 0
6538 7.879399175274968 -0.4638914894982453 0
6539 10.44365042452806 -0.2844078441722277 0
6540 2.331117380141552 -0.1618298191979633 0
6541 10.63686279360109 -0.3896394207726362 0
6542 6.75835483206182 -0.4569387714095554 0
6543 10.15016782536214 -0.3770757143360475 0
6544 8.647921143866313 -0.3919466403048447 0
6545 2.540765149489002 -0.06303876037280147 0
6546 2.46032480208577 -0.1172036927601878 0
6547 2.493810459431442 -0.07269686266893416 0
6548 6.37128000347235 -0.4783414571906569 0
6549 5.777446097079395 -0.04097621192656184 0
6550 9.785740496454219 -0.2807483389336973 0
6551 11.3758878142896 -0.3569383399393143 0
6552 3.442588182864133 -0.496303128130753 0
6553 5.373764860320629 -0.4041369719216139 0
6554 8.362915824081492 -0.4151668601388988 0
6555 9.948553395232729 -0.3757541291259773 0
6556 11.28629966816545 -0.3604603545722359 0
6557 11.47858622331862 -0.4304340370265826 0
6558 4.229904061949104 -0.6256823497711574 0
6559 3.777069143394056 -0.4428543424293733 0
6560 5.957530689159747 -0.4779832174345943 0
6561 7.078271851605721 -0.5694506161271896 0
6562 11.26567200303811 -0.09376344952369375 0
6563 2.296822379396432 -0.419355602215362 0
6564 8.16554705640614 -0.5640042993249924 0
6565 5.600247925072337 -0.4737803333036532 0
6566 11.37163277376893 -0.1540946040680393 0
6567 11.18650319579604 -0.1010220639439478 0
6568 9.085298376602982 -0.3129572214325281 0
6569 3.142106524384682 -0.03810384167287442 0
6570 4.443089348135565 -0.02226888513748729 0
6571 4.89173131555801 -0.04067541312445453 0
6572 3.414993547986945 -0.4127146756681163 0
6573 2.852079409413134 -0.3957958720799001 0
6574 5.771226739653707 -0.08362659944558733 0
6575 3.863266888896532 -0.3901555584090953 0
6576 6.201931541316922 -0.381101754960845 0
6577 6.642469162951325 -0.3824131149657308 0
6578 3.312459694508341 -0.3364541179093327 0
6579 7.687774639085363 -0.3851303244050669 0
6580 7.468814049989837 -0.3789318901174885 0
6581 5.376715635942151 -0.3263283260125645 0
6582 7.994584130858948 -0.3722515039601861 0
6583 10.41267386511158 -0.04453171904678929 0
6584 9.897384686134476 -0.04734307275528221 0
6585 2.464775655283764 -0.1628442971379406 0
6586 10.92495177998847 -0.3120790544280029 0
6587 8.389641202064801 -0.3137905165299597 0
6588 8.65039572147041 -0.3065862940017116 0
6589 5.71328471043645 -0.3158899585673645 0
6590 10.12388627006119 -0.283022042177705 0
6591 10.55483817615327 -0.2692463743784537 0
6592 10.81767852962309 -0.2351553008928867 0
6593 3.686603245964947 -0.4682400349318515 0
6594 9.138617801643221 -0.2527112517876364 0
6595 6.909170726641395 -0.3095553237449764 0
6596 9.872762213598254 -0.2152468733012159 0
6597 2.580279682396833 -0.3417511376424316 0
6598 6.464128498764753 -0.3900323933247578 0
6599 9.439824052840423 -0.21609280889145 0
6600 2.729362599380688 -0.03739293352557576 0
6601 10.43095831133728 -0.2101520127114011 0
6602 7.290205018874221 -0.3828358006484501 0
6603 2.386025733779187 -0.2029204560179588 0
6604 6.05659030541849 -0.3226375446271659 0
6605 9.309596199127052 -0.04651077158875833 0
6606 5.390476689643434 -0.04217140992686938 0
6607 2.672923706869499 -0.4219172956275336 0
6608 11.36604713200747 -0.2136588026107441 0
6609 10.21062042424607 -0.3334695271848598 0
6610 4.532537545175664 -0.3804168810904949 0
6611 7.117543358842965 -0.3923491590993075 0
6612 5.701800842090619 -0.03207118880904843 0
6613 4.359583190591698 -0.3907033329513802 0
6614 2.356339206589357 -0.3248749505731149 0
6615 4.823728397033781 -0.3712917834992766 0
6616 5.218758647423382 -0.3285875746613811 0
6617 4.028237754820613 -0.5072816353152962 0
6618 3.045868636958698 -0.4184602319280498 0
6619 10.66087711690077 -0.3016911340326393 0
6620 8.561717701375901 -0.3819142879283428 0
6621 8.994961630546911 -0.3262577544094552 0
6622 3.227073054635385 -0.3392126313824908 0
6623 9.709738732366546 -0.2742749624884962 0
6624 5.874879583454224 -0.3126122271190552 0
6625 10.03670208071971 -0.2895290888109437 0
6626 5.0473716170788 -0.3102596067365547 0
6627 8.179716712060497 -0.4730305181300226 0
6628 11.16424196638367 -0.04347325980156712 0
6629 5.618224949094034 -0.3913594117695359 0
6630 2.303804518208554 -0.264545865358805 0
6631 5.985055390919399 -0.3913147317861165 0
6632 2.65926231986374 -0.03658854789994211 0
6633 5.312679860346575 -0.04152093168688135 0
6634 9.949127665350904 -0.2918311216047345 0
6635 8.277881798580003 -0.3942850441007486 0
6636 5.815145367968588 -0.08656445919354397 0
6637 9.441023643741097 -0.04736540367611461 0
6638 2.625859118413818 -0.03543962301922036 0
6639 11.19242152403819 -0.3554301758425514 0
6640 9.352297253625078 -0.04624029400923956 0
6641 5.896500007441255 -0.04134613802929168 0
6642 5.738340957866964 -0.03778581286211152 0
6643 2.547572948231299 -0.1098213844422471 0
6644 10.26847973355069 -0.3505242259139686 0
6645 2.361346926076195 -0.3804974796509691 0
6646 2.586849678164264 -0.06844172209495088 0
6647 10.6188407230305 -0.4584343805455102 0
6648 9.569832290307014 -0.2127095456630846 0
6649 9.272915283366205 -0.2816970527970475 0
6650 11.36816891008358 -0.2804613952410381 0
6651 2.503724143416464 -0.1145611960701982 0
6652 6.793112005943676 -0.5529137697650889 0
6653 5.457449079458502 -0.4016260265206089 0
6654 2.337603730947101 -0.2105294077254748 0
6655 5.567396747640603 -0.5670631384118392 0
6656 7.055203214184523 -0.3914132218134064 0
6657 11.48545212417455 -0.5024457444954559 0
6658 4.131944932744738 -0.4239706441128335 0
6659 11.44535693549242 -0.2679757888245743 0
6660 4.002264838211058 -0.03976206034077912 0
6661 3.064249759356107 -0.3397884869961933 0
6662 3.394148574901541 -0.3332418754545121 0
6663 4.13726913122691 -0.3426629525590752 0
6664 4.973072400104228 -0.287365582462816 0
6665 5.310523082303905 -0.08605428542547892 0
6666 4.460921982935765 -0.3040511315015317 0
6667 5.944270297258455 -0.07852550219258882 0
6668 7.048444511427864 -0.3168179719115516 0
6669 8.288518036069886 -0.3086784344055173 0
6670 3.305008654872867 -0.2605568732758963 0
6671 7.204465201747534 -0.3058422917559246 0
6672 6.545857132513334 -0.3005778874010268 0
6673 10.92823375707682 -0.04910728462424865 0
6674 5.054645092767645 -0.2346978471535739 0
6675 9.264498696081608 -0.09479668536637062 0
6676 10.90763798484306 -0.2344614592447631 0
6677 5.63142439320756 -0.3100963866436451 0
6678 5.760821229515304 -0.1295022539662548 0
6679 5.293435777503387 -0.2671190056089476 0
6680 9.947814936959553 -0.2176951470631893 0
6681 8.574511355053302 -0.2998610896455911 0
6682 11.28782165496401 -0.2801683113443984 0
6683 9.797145051745188 -0.2107815239217 0
6684 10.11118520900578 -0.1944861377935587 0
6685 10.35126365273479 -0.214601576011187 0
6686 8.092601555205196 -0.3755315069733532 0
6687 11.12361771856594 -0.1010810877501846 0
6688 10.63163437343426 -0.1845011219636277 0
6689 2.673091128088419 -0.3247968182190366 0
6690 3.496976352859451 -0.4034191806373666 0
6691 5.450233639458236 -0.3178284082776489 0
6692 9.394739065840399 -0.09341192136926034 0
6693 9.353535921976299 -0.1992403547532258 0
6694 7.899483820358916 -0.3634044113830194 0
6695 9.586286992513214 -0.1563456400596788 0
6696 10.32409391115712 -0.04791892144672649 0
6697 9.81260107781717 -0.0426806581644529 0
6698 4.929806753598044 -0.04161975041977459 0
6699 3.177297161542155 -0.03871566191821282 0
6700 4.466396420236775 -0.03179365056073711 0
6701 2.764066404658126 -0.03626184749486452 0
6702 2.908302429386645 -0.371943598952333 0
6703 6.819378054343165 -0.3488780148799013 0
6704 8.724458480140569 -0.3091722643440339 0
6705 8.447063414377194 -0.2665619801474421 0
6706 4.2760720286913 -0.3421879686919592 0
6707 6.37549200938192 -0.3902133780851622 0
6708 5.237424300119259 -0.03281815216230814 0
6709 7.635269200378244 -0.3467083233683402 0
6710 11.09751209920737 -0.347979774382186 0
6711 5.194550227926653 -0.2418034479681713 0
6712 11.06947717635758 -0.05098084690798663 0
6713 7.380456862274657 -0.3815159897629408 0
6714 10.20292597147096 -0.2786938498033856 0
6715 8.187871819891607 -0.3832929409030219 0
6716 2.347436425337035 -0.2628524763038069 0
6717 6.139994337821578 -0.2921451633200901 0
6718 5.688537633811129 -0.06635264220589319 0
6719 5.951641196829451 -0.2973975575611162 0
6720 10.75347294703671 -0.2611538734643657 0
6721 9.072758290773315 -0.2391207370936132 0
6722 5.794205840457065 -0.3181440550315017 0
6723 3.143217644337993 -0.3422780153022824 0
6724 3.788373491085805 -0.3805513492818697 0
6725 10.50605750421903 -0.1975691372917774 0
6726 9.653331538158685 -0.1904893022740956 0
6727 10.27706170177361 -0.2813110272978395 0
6728 3.523534124489023 -0.4843769805922833 0
6729 3.106526843943238 -0.03728324028041 0
6730 4.854280261085298 -0.03988970578967174 0
6731 4.419075473188611 -0.03106428575320294 0
6732 5.859902523106732 -0.08715609322484649 0
6733 9.508865058354091 -0.1544778333923716 0
6734 5.354186151117924 -0.0878300055046163 0
6735 10.45770216504873 -0.04568974793902807 0
6736 9.942104233133795 -0.04771974279569627 0
6737 2.694049909309092 -0.03748469927978832 0
6738 2.420080849423281 -0.1934957790520035 0
6739 11.11727269563497 -0.04952705953646745 0
6740 10.36845488637279 -0.04618478879783531 0
6741 9.854866286162361 -0.04504445087201369 0
6742 5.428299827849585 -0.04050183338509558 0
6743 5.274022287828275 -0.03868211290939071 0
6744 7.810288593082763 -0.3406650212490253 0
6745 9.500441880109932 -0.09686404850855286 0
6746 8.941832504119597 -0.4115052492038669 0
6747 9.309483964183944 -0.09290742083794312 0
6748 2.766758609696573 -0.4144001268369547 0
6749 9.207497614110981 -0.2029373034212568 0
6750 4.64670540029433 -0.4012389826748382 0
6751 11.30938952339099 -0.1475536016947605 0
6752 5.538598824699752 -0.3914334879936195 0
6753 2.424056929145486 -0.3139555931625098 0
6754 4.047213394543336 -0.4112658216051868 0
6755 3.928685042773368 -0.4935365319423093 0
6756 2.69360375914847 -0.07722990283263474 0
6757 2.65510856000087 -0.07492162039328482 0
6758 2.557726706352674 -0.1538490118378421 0
6759 2.616087785712383 -0.09770603494430771 0
6760 2.588519349995564 -0.104112765228588 0
6761 2.511961509694972 -0.1605127049281972 0
6762 5.472625398305948 -0.5072075066805795 0
6763 5.72827782326258 -0.07711342261830739 0
6764 3.541067281223014 -0.5482498714112047 0
6765 9.262348929321497 -0.3607762441894576 0
6766 6.84441351265201 -0.6614372865534279 0
6767 4.742407000569262 -0.3985309670829535 0
6768 3.554677421204698 -0.02961950726894009 0
6769 3.101805273464548 -0.07638198477567557 0
6770 4.387117991897103 -0.07910713880617019 0
6771 3.469342268310786 -0.3243613704237499 0
6772 4.852887812575986 -0.08062547274107401 0
6773 2.831615582307212 -0.3255094357102507 0
6774 4.066359156051567 -0.3299664981588297 0
6775 5.47410538788619 -0.07643480915458054 0
6776 3.866004260664491 -0.3143821761925014 0
6777 2.643596893917156 -0.1214407554504 0
6778 6.21139031637943 -0.3009546158328243 0
6779 6.46177059469357 -0.3016978835591214 0
6780 6.782970731142656 -0.2861344457974858 0
6781 4.720807241927133 -0.3177720939546178 0
6782 3.378597340925563 -0.2605824236359846 0
6783 7.286943694943266 -0.2808451728765923 0
6784 7.72918853397355 -0.3111747917439701 0
6785 7.502945130737304 -0.2906240492091254 0
6786 7.998530929608114 -0.2830200393058596 0
6787 3.07625180324464 -0.2720539820032367 0
6788 5.225999393766211 -0.06965565084390021 0
6789 7.004837667906476 -0.2382853671730681 0
6790 8.363809865952934 -0.2219796688004057 0
6791 5.36982390959771 -0.2576478219330481 0
6792 8.655257514109785 -0.2314096390102256 0
6793 3.718075267133331 -0.3605486674393381 0
6794 5.644946698423926 -0.2248344106456913 0
6795 8.998086379927742 -0.2256169252025886 0
6796 5.308198738490362 -0.1360340526964367 0
6797 5.936122842693135 -0.2204721388407705 0
6798 11.20285362572333 -0.2688458338020673 0
6799 10.83914177626785 -0.1807476242891341 0
6800 6.627022388569962 -0.2980339888190116 0
6801 2.566902363329742 -0.1901361807915817 0
6802 9.08196974624947 -0.1686372897603691 0
6803 9.89218689684135 -0.09670774665093426 0
6804 8.89728377214386 -0.2788068570388902 0
6805 10.27526116506568 -0.09734374299742901 0
6806 10.41464886458556 -0.07855117479451081 0
6807 9.768310321097477 -0.08944860697846718 0
6808 4.877789042398612 -0.3186074901819222 0
6809 11.1596357354626 -0.168127677831265 0
6810 10.20109766015961 -0.209296013943477 0
6811 10.8435283353331 -0.04258159731911038 0
6812 4.039181120228397 -0.0391301570360965 0
6813 5.727510501616464 -0.2429351803708598 0
6814 6.090762633611477 -0.2819800004869786 0
6815 5.598312291606229 -0.04364934013361255 0
6816 5.798979709773889 -0.2473723527902298 0
6817 4.412880973200188 -0.3486905312869019 0
6818 2.734828874746103 -0.07715782815366491 0
6819 9.181751072499404 -0.04278296803707136 0
6820 6.021897377931708 -0.03266802797218991 0
6821 3.04773322308845 -0.03411256373966567 0
6822 4.789182828330906 -0.03681820242636566 0
6823 4.343239848835248 -0.03885394428579839 0
6824 8.202127865793113 -0.2962539679482041 0
6825 10.02418820879444 -0.2130824115077267 0
6826 5.125410861300184 -0.2446082749395797 0
6827 2.757417388188444 -0.3344618350105326 0
6828 10.54306710218562 -0.1777049081617422 0
6829 9.722149353606765 -0.2048880904268383 0
6830 9.273222821336644 -0.2088536517372737 0
6831 6.871738073725444 -0.2679039506786831 0
6832 4.56560196547227 -0.2923285301235346 0
6833 2.64444029987673 -0.2718523384809268 0
6834 3.952501771381273 -0.3806042612180839 0
6835 9.267687167901403 -0.147175197825058 0
6836 3.573739580118852 -0.3943258865279657 0
6837 3.218154830026121 -0.2513681209098946 0
6838 5.713109678550468 -0.1190858579835908 0
6839 5.540503658687899 -0.2942429689464927 0
6840 10.98140896140927 -0.2205883983665038 0
6841 11.02473969644017 -0.104656713694922 0
6842 9.881560206125338 -0.1516748076189361 0
6843 2.513548575796297 -0.343510115645573 0
6844 9.563012730082825 -0.02902662587479706 0
6845 9.567854235852101 -0.08426280908587834 0
6846 9.811822075763924 -0.07544242708129262 0
6847 5.996614865599519 -0.02369132256214484 0
6848 3.96510755532221 -0.03904177137481083 0
6849 7.1321075072714 -0.3144360432316553 0
6850 9.351007852102395 -0.1257620653140782 0
6851 9.146350350195444 -0.1885375381744651 0
6852 2.403784505088766 -0.2517813535674576 0
6853 5.396599578551175 -0.08672961396027436 0
6854 3.141062825134639 -0.07840969849748447 0
6855 4.89135094693087 -0.08253948466714822 0
6856 4.440209839079698 -0.07152189936003023 0
6857 10.97422198916495 -0.05112278657854726 0
6858 9.521879446620092 -0.04416863402253242 0
6859 5.965543090034169 -0.0386466875694185 0
6860 5.647025082145992 -0.04497128637201098 0
6861 5.810693045305698 -0.1340549332607959 0
6862 9.351605096157854 -0.09098892080275904 0
6863 10.34087312641543 -0.1518376953245592 0
6864 10.4175498476108 -0.139306965045976 0
6865 10.88502817775831 -0.04530029701780024 0
6866 9.223452416946163 -0.04528726909177811 0
6867 4.967890353816333 -0.04082762599226426 0
6868 4.817314958064388 -0.03899236692097763 0
6869 3.211967774547921 -0.03867034283053829 0
6870 4.5012411979373 -0.03874856030779578 0
6871 4.381572673694463 -0.03727757012244058 0
6872 3.071528956091922 -0.0357577973492007 0
6873 2.796440097180792 -0.03365109497441618 0
6874 10.32950532094691 -0.09761250288836586 0
6875 2.99046737718401 -0.3273492924504198 0
6876 2.462406297580628 -0.2215443409231495 0
6877 9.444434451512258 -0.09710682630215806 0
6878 5.903432688912885 -0.08415214736542312 0
6879 7.774652972516112 -0.4300181887867011 0
6880 10.511564191874 -0.09700671551555853 0
6881 9.995947610366958 -0.09523315636150552 0
6882 6.730959631413483 -0.3706233020563402 0
6883 8.794962188760847 -0.3215794404575169 0
6884 11.29668353081733 -0.2092170812252111 0
6885 6.013975146345402 -0.2687307139046771 0
6886 10.69969657044705 -0.2141399804958997 0
6887 7.377110968225176 -0.2927239097550803 0
6888 8.50104348739149 -0.28419052357645 0
6889 5.267291060281074 -0.08070536043060081 0
6890 3.601561590129727 -0.4779895183959809 0
6891 7.550652225500746 -0.3644219654122831 0
6892 8.898762252110391 -0.4977355327578236 0
6893 4.653919620366219 -0.5002744726531387 0
6894 6.287863819590601 -0.3883629572402273 0
6895 9.630889984298276 -0.1260079523602338 0
6896 11.07457768804784 -0.1025517311558098 0
6897 3.96372258053404 -0.08106769014329496 0
6898 3.012151052711941 -0.263265580253244 0
6899 8.898007553307439 -0.0423773116759131 0
6900 4.143049490878348 -0.2734426291754954 0
6901 7.006836587740453 -0.02450123027454849 0
6902 3.252634829286762 -0.07641347795334766 0
6903 4.385168247034992 -0.1290395940966106 0
6904 8.410734668834595 -0.02437149659979209 0
6905 5.121944336164606 -0.1779689584598181 0
6906 5.015853985847066 -0.07643356218725621 0
6907 6.142994001755568 -0.2263608248789805 0
6908 2.754219927079278 -0.2692881254426984 0
6909 2.831334810472395 -0.05598433848974341 0
6910 6.819586221923597 -0.2243033972130849 0
6911 3.096385044830329 -0.1185993488161902 0
6912 7.20197302111943 -0.2388059659157277 0
6913 6.457575601407156 -0.2064834544265716 0
6914 4.499606081050346 -0.2531631925116079 0
6915 5.435846497769351 -0.2457624852149683 0
6916 8.725938699346852 -0.2334276763930113 0
6917 4.854652277101584 -0.1132180864155405 0
6918 3.304938814415148 -0.1954120556178642 0
6919 7.655779390074305 -0.2878903428790603 0
6920 4.987441480918895 -0.216021468161734 0
6921 7.913967408844756 -0.2799242121056044 0
6922 10.89492147795515 -0.1598201843176752 0
6923 6.376220687451872 -0.3037876356657763 0
6924 5.671148936797202 -0.1037203063066069 0
6925 3.546367417219686 -0.2976454954928785 0
6926 5.950611689123495 -0.1097508248925697 0
6927 6.059921326480148 -0.04026939760059936 0
6928 3.589414163669704 -0.03537173265581704 0
6929 9.006165789671664 -0.1399698869554278 0
6930 5.135015199653623 -0.04396101000631664 0
6931 8.291359378650986 -0.2290235685199464 0
6932 5.579943056490613 -0.2361385868894991 0
6933 3.91732643097152 -0.3144151476445229 0
6934 10.81422136981048 -0.08513894692464974 0
6935 10.19620622986513 -0.04431979816346789 0
6936 9.683185639861085 -0.04527099353458262 0
6937 3.893905323866195 -0.03052335882854765 0
6938 7.092646722275767 -0.251119648577107 0
6939 10.14291376447759 -0.1331772188779574 0
6940 11.02867326243028 -0.1601154940787107 0
6941 10.695701039484 -0.1363353427445501 0
6942 7.315281767829938 -0.2027636822416471 0
6943 9.141594703888536 -0.07468222454244917 0
6944 11.0962535343256 -0.2392635446486132 0
6945 11.1212651857511 -0.1437717557557437 0
6946 8.103237658306334 -0.2684207275255176 0
6947 10.91911809430121 -0.09925353741348515 0
6948 10.76380585366436 -0.1804040308125768 0
6949 8.810443925087338 -0.2319339430028261 0
6950 8.586219542488092 -0.2264438558729425 0
6951 6.705924400417869 -0.2920766282715428 0
6952 5.304854921778048 -0.1929325140020751 0
6953 10.84505502793557 -0.07270329861698294 0
6954 10.27481351845585 -0.1524608561973648 0
6955 3.010518580299288 -0.06446714352897598 0
6956 4.757899304787752 -0.07375029067231063 0
6957 4.306484032113201 -0.07875932552815423 0
6958 3.14229473961467 -0.2713444285234536 0
6959 5.866754151471379 -0.2423593397714615 0
6960 6.543138696387369 -0.2208895804521132 0
6961 7.589318084905583 -0.2648013331448925 0
6962 4.643785791613158 -0.3146994365742096 0
6963 6.925445317361425 -0.2162873935081764 0
6964 2.575859096764697 -0.2633947802802481 0
6965 5.258305643874701 -0.1286831432774294 0
6966 9.212746681641731 -0.1437376692939164 0
6967 9.173071579361016 -0.0845001032890742 0
6968 10.56204497521462 -0.1246988672898168 0
6969 10.58809053821874 -0.0478113347573238 0
6970 3.799956606620985 -0.3072206534934391 0
6971 5.993395105723867 -0.07061185903559218 0
6972 5.990458913670641 -0.2268345937066054 0
6973 2.600581801224034 -0.1441947859165621 0
6974 5.744849684593389 -0.1811563950893693 0
6975 10.06494742176634 -0.1355475682252587 0
6976 9.386036322998073 -0.1404395697641519 0
6977 6.291626583755034 -0.3041567083080247 0
6978 10.0724015678759 -0.04468381790496278 0
6979 5.525632823981991 -0.024627198349344 0
6980 3.531090428667497 -0.02166146330550783 0
6981 5.647268829768686 -0.1397316601739203 0
6982 2.910736952093666 -0.3055005284680221 0
6983 2.775119746081806 -0.07382324070936756 0
6984 4.933559966827049 -0.08650727817827003 0
6985 3.179695196390517 -0.07959383592218956 0
6986 4.492737513638693 -0.08318991594493709 0
6987 9.631624556215545 -0.08962544388606354 0
6988 4.005714453445467 -0.08260380466220731 0
6989 10.54365219013735 -0.04389446318687473 0
6990 10.03292780594737 -0.0451888277437408 0
6991 9.605515010177761 -0.04429554859917356 0
6992 5.551499768311687 -0.04507899333390378 0
6993 5.50019303216985 -0.03171348426868392 0
6994 5.183466621265638 -0.04684679090724531 0
6995 5.357856411324901 -0.1377389311378383 0
6996 9.729731960458265 -0.1437178448623194 0
6997 10.36854100418533 -0.09676005275582347 0
6998 9.85623236034025 -0.09460061711516733 0
6999 10.27622778121367 -0.2145447027515438 0
7000 10.23314039913988 -0.04615065269634203 0
7001 9.727254628482667 -0.04516497504491802 0
7002 9.945569547678227 -0.1538411590567959 0
7003 4.074991266607456 -0.03716254053840263 0
7004 3.9284213075784 -0.03633034786877942 0
7005 10.49526056444654 -0.148551004317044 0
7006 9.319064975557813 -0.1391965406823406 0
7007 9.443285559238534 -0.1518750206734213 0
7008 9.806313185883571 -0.1375121253560723 0
7009 2.706063319994661 -0.2733301645087362 0
7010 5.860795179073303 -0.1348009313794806 0
7011 4.784336996601046 -0.3023875927178502 0
7012 10.46354365646296 -0.09655036960265691 0
7013 9.943832003222649 -0.09819729418189645 0
7014 9.218214348520412 -0.0920958799969306 0
7015 2.492764965623986 -0.2918282913865279 0
7016 11.22438626361661 -0.1939877700602293 0
7017 5.436276185431865 -0.08241700481121748 0
7018 9.671308038997187 -0.1371798566281286 0
7019 2.962251111020753 -0.3971406823848299 0
7020 11.0278295385051 -0.3428525718203853 0
7021 5.632896532084118 -0.09020703934050117 0
7022 8.442278787600591 -0.1972916921906734 0
7023 2.693602452018898 -0.120478084708611 0
7024 2.527313170518731 -0.2129730583329364 0
7025 4.326777226212441 -0.3376632637016477 0
7026 4.002626892454442 -0.3010819913656527 0
7027 8.782366509407206 -0.3811923945347367 0
7028 3.060879359393301 -0.0735852580214313 0
7029 4.812662112558852 -0.08208250101407176 0
7030 4.344558103408001 -0.07875978928553194 0
7031 10.97110341491498 -0.1044331759496109 0
7032 3.445932973721856 -0.2544902300267406 0
7033 8.921370189958461 -0.2040097953062441 0
7034 4.420627106196761 -0.259272121023465 0
7035 4.908370700957034 -0.2563837514544458 0
7036 3.580112229599891 -0.07438094516487688 0
7037 7.934968178853447 -0.04641096514263515 0
7038 4.118938352390873 -0.0689179605408194 0
7039 3.382964954586807 -0.03797232186841269 0
7040 6.514806960272694 -0.04280203172099326 0
7041 3.867659585139307 -0.2459262418360263 0
7042 3.962978394035705 -0.1275531749547064 0
7043 2.822172183195295 -0.2626273063864498 0
7044 6.290370629505809 -0.2181325265082531 0
7045 4.709306695089681 -0.2496861891433897 0
7046 7.760547687034189 -0.2241897025186984 0
7047 3.429564099497635 -0.1900725349450161 0
7048 7.615018774745169 -0.2010201511882423 0
7049 7.993873509279672 -0.2079728367134586 0
7050 8.16066910609123 -0.1972721422837549 0
7051 3.242334654268203 -0.175671114876556 0
7052 7.009199148073898 -0.1741742726797445 0
7053 5.480106444599866 -0.1084801316840085 0
7054 8.286466625986765 -0.1612414931910044 0
7055 8.597053865607474 -0.1584037830626927 0
7056 6.490370097606112 -0.136140392553565 0
7057 4.03015672077751 -0.2539066819827582 0
7058 3.738543119704764 -0.2914377031045347 0
7059 8.661267759859273 -0.1624133702644408 0
7060 8.780455119981426 -0.1548848778629047 0
7061 8.934617827548925 -0.140774890570262 0
7062 5.211247844947755 -0.1138866656529328 0
7063 8.814994701516957 -0.04373063932732013 0
7064 8.348769733218187 -0.04224188534410164 0
7065 6.942545967954315 -0.0383531593808439 0
7066 3.479745553185237 -0.03477177846886249 0
7067 5.60832769518249 -0.1675893807624285 0
7068 3.084347374510111 -0.2143038914097027 0
7069 2.953866073350886 -0.03484297266392741 0
7070 4.692393206872971 -0.03891218948348756 0
7071 4.231672553773572 -0.04033189514841193 0
7072 5.983708858692932 -0.1207798322238219 0
7073 2.953640729209834 -0.2436008385825066 0
7074 10.71026886999255 -0.03978920649227476 0
7075 2.681929174464788 -0.229399784944234 0
7076 6.374591650887677 -0.2256703382073608 0
7077 9.104641909247157 -0.09966855696544341 0
7078 4.926094904791716 -0.1949838086919649 0
7079 6.209949082654743 -0.2295315846897927 0
7080 8.51897860069289 -0.2153851662955886 0
7081 4.442157317669395 -0.203015860794727 0
7082 9.100890995104411 -0.0432473833121294 0
7083 4.646218158508428 -0.2435589609682243 0
7084 3.366971711720122 -0.1948952535864077 0
7085 6.877960947137586 -0.1988031211929937 0
7086 3.882770328484202 -0.06497450941008263 0
7087 10.09964483881808 -0.1184918756518568 0
7088 5.362405159458061 -0.194191962937041 0
7089 5.062374577129882 -0.1688605755671204 0
7090 6.685824734885855 -0.2081921749322659 0
7091 6.61430071234834 -0.2226494111846264 0
7092 2.621616091872613 -0.2052359620086507 0
7093 10.63835065471597 -0.1171125101270313 0
7094 3.051134544322726 -0.1153610959196585 0
7095 4.821367069382617 -0.1397132555841271 0
7096 4.338387554516277 -0.1200321168521507 0
7097 4.583060575375376 -0.2251861241783177 0
7098 3.646010091578227 -0.3126051165747077 0
7099 7.837017865484484 -0.2631984085757672 0
7100 6.070184961300576 -0.2248070978842996 0
7101 5.511581248056963 -0.06717841264965754 0
7102 9.679618699999716 -0.09067277191648326 0
7103 2.887511844766596 -0.03517672683399097 0
7104 3.312645410459023 -0.03768506500110255 0
7105 5.063877142546147 -0.02407261180648694 0
7106 4.613712092231407 -0.04052123229245878 0
7107 10.21891104813185 -0.09291604821006175 0
7108 10.96976536728977 -0.1611778284371695 0
7109 5.249275211020826 -0.1834541596937068 0
7110 4.350665887426821 -0.2683288377933711 0
7111 10.00890379664507 -0.1493088615378881 0
7112 4.07987643644548 -0.2618366657232533 0
7113 4.047081435203932 -0.08020902794676733 0
7114 6.04575356507212 -0.08544659984517082 0
7115 11.08191998355404 -0.1559008753356473 0
7116 10.64660853305775 -0.05502921737654271 0
7117 10.11294039489081 -0.04477478796582778 0
7118 8.941682105053165 -0.04555015535732632 0
7119 8.437092045229081 -0.03655462486510225 0
7120 7.035818858930821 -0.04293182751430696 0
7121 5.089510869389038 -0.04344493445644217 0
7122 5.039233177267946 -0.03117771583388248 0
7123 4.730854965873101 -0.03260245225863786 0
7124 4.576547327846885 -0.04064114870973028 0
7125 4.268969892509602 -0.03999080580472623 0
7126 2.979560084187908 -0.03406063314369759 0
7127 3.279191000828857 -0.03740303264702603 0
7128 2.857103377302554 -0.03353603244905592 0
7129 3.139504293123663 -0.1216164302836519 0
7130 4.886317398592066 -0.1255969509363113 0
7131 4.437133922846972 -0.1331420386352725 0
7132 10.87469277021775 -0.08640979466150395 0
7133 2.654448956194863 -0.1643598355180808 0
7134 10.75676794943072 -0.04535730503949573 0
7135 8.855702714436704 -0.04099700666588613 0
7136 8.37835226591617 -0.03876011087688671 0
7137 6.979951870149067 -0.03220658948089693 0
7138 6.101060317988773 -0.04357769882517469 0
7139 5.689182423149165 -0.1646682263555381 0
7140 3.625852445190602 -0.03724889818053417 0
7141 3.499642834578122 -0.03486532644380972 0
7142 5.804386264500661 -0.1868358024542428 0
7143 10.15213984328046 -0.07985002258849862 0
7144 5.405816688602348 -0.1342300523709072 0
7145 9.728404738305626 -0.09181691214721482 0
7146 2.809921227522569 -0.06516137945174164 0
7147 3.217127147420242 -0.07898475411118491 0
7148 4.976868021351692 -0.08475664425981212 0
7149 4.536550898500121 -0.0843215604335523 0
7150 5.498921420248346 -0.2219455349213237 0
7151 5.623894733090826 -0.1186573877688016 0
7152 5.169109553757784 -0.0966038861001369 0
7153 4.204021130423361 -0.2791344557845016 0
7154 5.96472240738551 -0.1651547208498826 0
7155 10.8064842970107 -0.1494301956452053 0
7156 10.09083457133118 -0.08531659168986008 0
7157 8.856493376384611 -0.1718898091804563 0
7158 5.9169139325955 -0.13581380905014 0
7159 10.58350444287197 -0.09254693919448681 0
7160 6.747481486611496 -0.2270134402072613 0
7161 3.922184130473953 -0.0764083589295967 0
7162 4.828532009719207 -0.2707094767465333 0
7163 10.5387294650004 -0.1534010339200438 0
7164 4.293428662511077 -0.4182966319529878 0
7165 5.593043147015194 -0.08460425902625236 0
7166 3.494074133304513 -0.2462090572789206 0
7167 8.34471951844807 -0.153669045527239 0
7168 3.030004188295456 -0.2083643247742867 0
7169 7.14044118085714 -0.2474958210039514 0
7170 10.04473837099944 -0.09004481922456146 0
7171 10.20746472857819 -0.1466287054967718 0
7172 2.73968022050915 -0.1197120601763263 0
7173 10.84536327309699 -0.1186259277080435 0
7174 11.24880921706261 -0.132652656759385 0
7175 3.691355177096013 -0.07557084795204858 0
7176 3.627694538519832 -0.2266389172160806 0
7177 7.522636156970172 -0.2178390806171203 0
7178 2.835416009092437 -0.09578405773851087 0
7179 7.811553964822034 -0.1849931444315985 0
7180 4.307504395943146 -0.1098365313271768 0
7181 3.003796665363645 -0.1121736180921806 0
7182 6.177551692553831 -0.06687782106837578 0
7183 6.870752452413547 -0.08150101726141697 0
7184 4.759228109116161 -0.1358817428385752 0
7185 4.577076503948594 -0.1131634155432502 0
7186 3.807746919123044 -0.2410530391160274 0
7187 3.436993552006663 -0.07103239309426555 0
7188 7.079603857581141 -0.2072412490594456 0
7189 8.503954768728697 -0.09822132610372858 0
7190 4.158097757528812 -0.2173767935001321 0
7191 6.373991501720893 -0.1635371800523171 0
7192 6.287277124099774 -0.1512354348495956 0
7193 6.765549343456463 -0.1630710986785397 0
7194 3.500100256151628 -0.1876977570623581 0
7195 5.051851537872698 -0.0643005926662126 0
7196 6.548228644793608 -0.1523716450028458 0
7197 6.648989103546087 -0.1606710552460907 0
7198 8.229187056114251 -0.160776290372227 0
7199 4.089738591584096 -0.1884220543913781 0
7200 8.814548725350166 -0.08953038540068968 0
7201 7.851519877654041 -0.04103657062890381 0
7202 6.439179758539114 -0.04240485644075041 0
7203 6.555602425756725 -0.04524829532576473 0
7204 6.142501807932691 -0.1609604818095053 0
7205 7.080961514700758 -0.08310851550151307 0
7206 3.802516990573199 -0.0400673344253706 0
7207 4.873314633543547 -0.1727888440430015 0
7208 2.979436771592019 -0.1969037502350425 0
7209 6.99437573452362 -0.06710729607296548 0
7210 2.749482964615522 -0.2144079870262839 0
7211 3.17805517261713 -0.2094163125554617 0
7212 8.276727093829713 -0.1031947579705646 0
7213 3.303458539292785 -0.1455351022592214 0
7214 3.261330877340186 -0.1150066292712186 0
7215 7.923212621956473 -0.2090563258713179 0
7216 8.062434042183213 -0.1903352122459565 0
7217 6.823086242426504 -0.1677396207944104 0
7218 6.952234906281363 -0.1422981728315321 0
7219 5.028496259481084 -0.1082974070656938 0
7220 8.408234838507166 -0.06534721574753885 0
7221 6.031286553664781 -0.1369307907742751 0
7222 8.325352753524497 -0.0971690311325257 0
7223 4.374922123366115 -0.1872955831627758 0
7224 8.398353576928923 -0.1330723873701625 0
7225 4.705678091267367 -0.1896533053172196 0
7226 4.486998555326071 -0.1773715936493012 0
7227 4.650363123400824 -0.1832377799590535 0
7228 9.057565660114706 -0.03841412285062344 0
7229 3.940519857580902 -0.2510588799384071 0
7230 8.535183660731413 -0.1519767750255166 0
7231 8.87751523253557 -0.1237189386765284 0
7232 2.796014654718538 -0.1191988102310825 0
7233 8.607809928567546 -0.08725241616684307 0
7234 3.41410400360089 -0.1296706219625263 0
7235 3.56539074817747 -0.2196864820168631 0
7236 5.528717456246914 -0.1229264020130948 0
7237 8.670813454030046 -0.1004242989162727 0
7238 3.917451227787172 -0.123011983783286 0
7239 5.071727259241005 -0.108199000881081 0
7240 5.419065322555396 -0.1857971527102066 0
7241 8.817963836177503 -0.1426302298835398 0
7242 5.157218749783961 -0.1290224841713487 0
7243 7.677112925872664 -0.2166124954078273 0
7244 5.185709041053411 -0.1680995161297958 0
7245 4.165736225023581 -0.02294673648875799 0
7246 4.488410571509387 -0.1350542470291463 0
7247 8.897303067246977 -0.08673427808357559 0
7248 8.977317407989418 -0.09237400226543196 0
7249 10.76268051941452 -0.1022977783142717 0
7250 7.140909337169164 -0.1869862882166121 0
7251 2.88582813760695 -0.07083779697518881 0
7252 3.318696014923506 -0.07483365740641222 0
7253 4.613038770885237 -0.08151624801807855 0
7254 3.090392964055158 -0.1643881326310005 0
7255 6.418714217314287 -0.1574518863442584 0
7256 3.620415959512514 -0.07602149936247271 0
7257 9.026123756269437 -0.02908103012600161 0
7258 7.978605804760446 -0.04616595886247912 0
7259 2.919694344441244 -0.03549366346245048 0
7260 3.347432400500157 -0.03853488026847829 0
7261 4.652284690513008 -0.04070627345097347 0
7262 4.189020917085585 -0.04196500685181656 0
7263 3.417324680805402 -0.03543270839594694 0
7264 4.141968560106132 -0.02924387847965482 0
7265 3.844783555514228 -0.0422170188140335 0
7266 4.010597167919509 -0.1317275288717655 0
7267 5.560803843522955 -0.08237406783344164 0
7268 7.891715652797162 -0.04453145536511809 0
7269 6.476593114485115 -0.04218709024111171 0
7270 2.691681699060105 -0.1678627918306742 0
7271 6.093181120278674 -0.09320063525760638 0
7272 3.182781286468237 -0.1239286989256646 0
7273 4.934431720491381 -0.1377289379209003 0
7274 6.910138936415779 -0.08201444036071635 0
7275 3.460389065556976 -0.06021903196585367 0
7276 10.70289943653683 -0.0835397725351088 0
7277 4.084952527115389 -0.07431500931069342 0
7278 5.861312985201213 -0.18524616476932 0
7279 3.532314720693527 -0.0656037745457542 0
7280 5.591968921130074 -0.1245356480657336 0
7281 9.042341997649826 -0.08261758092234228 0
7282 4.701042558112835 -0.08309824508623216 0
7283 2.958231122510347 -0.07126085373319152 0
7284 4.266916033550464 -0.08159758223310476 0
7285 6.011207178852692 -0.1889370619977682 0
7286 2.862461582164114 -0.06965528718574035 0
7287 3.285952734744888 -0.07388188528731976 0
7288 4.575605499888511 -0.08166201057154984 0
7289 2.873877999011823 -0.2572319621811644 0
7290 5.448246543245576 -0.1300372884614753 0
7291 4.20814823011747 -0.3470533673171577 0
7292 4.265971208811864 -0.2755905071281888 0
7293 5.242712386401559 -0.2306356889449721 0
7294 3.631050157484916 -0.3877024628861139 0
7295 5.129151645437686 -0.08509957563253695 0
7296 11.03015275527425 -0.2048517436923029 0
7297 4.526151687799143 -0.1990850294870926 0
7298 5.902533796865908 -0.1804146278913985 0
7299 10.54749523149327 -0.07602395904452572 0
7300 10.73882037999391 -0.1427889217694705 0
7301 9.159809797767808 -0.1309711545712677 0
7302 4.998446804325907 -0.1421919555531081 0
7303 5.556650800014904 -0.1924341298939072 0
7304 7.470314705264871 -0.025375894641645 0
7305 2.870893923660951 -0.1050849323003258 0
7306 8.028611296385145 -0.08824647272523228 0
7307 7.201435570682827 -0.1792922551270989 0
7308 3.861750058396417 -0.1130170790777636 0
7309 4.271302989509869 -0.134965538468012 0
7310 7.932083570202529 -0.09517202731083844 0
7311 7.745692747676163 -0.1483510037122616 0
7312 7.812313898378505 -0.06907380042295083 0
7313 3.572319346999949 -0.1640944630115335 0
7314 7.573883450320805 -0.1837663434427199 0
7315 2.956327001292675 -0.1109800817449292 0
7316 2.849940488913948 -0.1426882853916059 0
7317 8.219996979574328 -0.0520842026249306 0
7318 6.8254404134726 -0.03974416376667819 0
7319 4.808109386912085 -0.2013811769190909 0
7320 6.398710341473663 -0.0695496451394855 0
7321 4.136524829531607 -0.1436704623334986 0
7322 4.152187667351264 -0.06143154427430114 0
7323 6.506925572860689 -0.08625822251390103 0
7324 6.202126875795586 -0.1674924584201117 0
7325 3.532038489478917 -0.1170688405446228 0
7326 6.779885959886403 -0.1136777390704852 0
7327 2.944976600218308 -0.1845924906046171 0
7328 3.752685882246253 -0.2315577955123946 0
7329 6.879488696092078 -0.1623563062933558 0
7330 4.322334572915819 -0.167116822450586 0
7331 3.960980149499925 -0.16742662134125 0
7332 8.614645011398727 -0.02756333506909782 0
7333 4.608353576118142 -0.1229315896931857 0
7334 4.005989729779023 -0.1983143835288448 0
7335 3.474781516695929 -0.1138702623344938 0
7336 4.704935966433519 -0.1341217727021227 0
7337 3.397637494918522 -0.07929248164957248 0
7338 5.122780546337296 -0.126250044589673 0
7339 4.597531899064032 -0.1689892597874864 0
7340 8.225641950043286 -0.1061015221987448 0
7341 3.866630514933753 -0.1808352530975784 0
7342 7.986530924950079 -0.1465790409175682 0
7343 8.729481617260758 -0.0490449431074655 0
7344 2.918475036137797 -0.07172329349709707 0
7345 4.654794040879058 -0.08388857052468669 0
7346 6.710701185536472 -0.1461163551251417 0
7347 8.772445956469479 -0.09847271495635475 0
7348 3.355391821990072 -0.07920728131581227 0
7349 3.351506058591815 -0.1299316648867386 0
7350 8.584340002457047 -0.03885856119292173 0
7351 7.163046174506331 -0.04148355157132016 0
7352 6.214385950049951 -0.03760657807198101 0
7353 3.730429650105874 -0.03900767611540978 0
7354 8.543355768206782 -0.09689170752014105 0
7355 2.994769884290823 -0.1549829599875457 0
7356 7.44697731867158 -0.2171978352753234 0
7357 8.53954583361859 -0.0478225673375056 0
7358 7.123684137173956 -0.04035694993149522 0
7359 6.178577048665688 -0.03812651715225744 0
7360 3.766082481564751 -0.03993958791612003 0
7361 3.695671677936371 -0.03807841906585215 0
7362 8.939702172005401 -0.09061402369788038 0
7363 5.098767936236532 -0.07879725845657812 0
7364 8.369753358970394 -0.08482358975631463 0
7365 6.951494164529672 -0.07948490309060705 0
7366 3.5009626208199 -0.07349124962052306 0
7367 6.084620515308714 -0.151745407047621 0
7368 3.576004507031124 -0.1175814712467201 0
7369 4.546059444945175 -0.1393261078738422 0
7370 2.818176897389372 -0.1954026986353467 0
7371 8.684261863179694 -0.04746557816959027 0
7372 8.265142345415027 -0.05054925778965053 0
7373 6.863833157794526 -0.04062728325364489 0
7374 6.596964220636527 -0.04418095070434897 0
7375 4.200970630970852 -0.2350330459080421 0
7376 4.060818797348496 -0.126649960744739 0
7377 8.482605924236545 -0.133669159997774 0
7378 8.441705219506892 -0.1000376662473114 0
7379 7.046466394357858 -0.07861751089505656 0
7380 3.041736532453417 -0.1604818071974821 0
7381 2.743090185982464 -0.1652281577798886 0
7382 7.839283859540058 -0.08127461346891993 0
7383 3.657420419229281 -0.07500071406286488 0
7384 8.219769873297899 -0.2217207283181883 0
7385 3.83526749888441 -0.07780905835782753 0
7386 3.319668923063485 -0.102702837580174 0
7387 7.062214483737037 -0.1411734743980048 0
7388 5.472352889068689 -0.1668955567570822 0
7389 6.432231013117011 -0.1002550276342682 0
7390 4.127198386716102 -0.09600057441854383 0
7391 6.144014297521487 -0.09181476134204036 0
7392 4.855161929364704 -0.2245875076948657 0
7393 3.137220773247556 -0.1670842048083978 0
7394 3.224518608438864 -0.1217849699807781 0
7395 7.016347010417963 -0.1032513331122687 0
7396 8.846857473613204 -0.07180636193353421 0
7397 4.22546646085884 -0.081336757781656 0
7398 4.305463235429656 -0.2082461931603951 0
7399 3.137816466422747 -0.2149755599519923 0
7400 7.857976650612288 -0.1987917368554927 0
7401 3.294685710302076 -0.1084062378626123 0
7402 6.87805180271409 -0.1237412038111143 0
7403 3.694944475809564 -0.2728229845306853 0
7404 11.00540604640981 -0.2858179701303706 0
7405 3.6869817905533 -0.1045858593879828 0
7406 6.727836021178661 -0.0894369197121055 0
7407 7.439554294832559 -0.1483460490386019 0
7408 3.811252752684027 -0.1804676876561948 0
7409 8.165950777770062 -0.1120246321882933 0
7410 7.405878166838723 -0.04332546885140957 0
7411 7.738311176115261 -0.04506552701064227 0
7412 6.329515083308066 -0.03883726232635326 0
7413 3.622366856099174 -0.1660376783033455 0
7414 6.640552531721315 -0.07176771211397251 0
7415 7.686902254216799 -0.1519253438060037 0
7416 3.619356448430318 -0.1178031333162621 0
7417 7.133814723346763 -0.130275679735776 0
7418 6.554327077501616 -0.0950651366673213 0
7419 3.760978219186415 -0.1775511650354707 0
7420 4.185788092349402 -0.1705471165439203 0
7421 3.809340016312348 -0.1265111902009447 0
7422 7.871766414437791 -0.1425905556426527 0
7423 7.512561577973379 -0.1322613713233996 0
7424 8.186639537226338 -0.1582194931017474 0
7425 2.89951740844818 -0.2081671229042114 0
7426 8.041398148922108 -0.1351715798917508 0
7427 2.91150249242305 -0.1095910332305957 0
7428 4.654290413564415 -0.1308926865055397 0
7429 4.246857280658011 -0.2065056515452482 0
7430 7.810153230422245 -0.130517198346381 0
7431 7.928584096667539 -0.148347498578238 0
7432 3.726307092636558 -0.07979150264699045 0
7433 6.827964793231471 -0.1213067325326876 0
7434 8.095709239082471 -0.03945432439875364 0
7435 6.200773042817711 -0.1155670270220692 0
7436 8.05996955713532 -0.04031123236990243 0
7437 7.499719881218864 -0.03572727627840291 0
7438 7.202103364096591 -0.04331367608190397 0
7439 6.252041439512784 -0.0389195865356873 0
7440 6.247747993762317 -0.07833441579220213 0
7441 4.194961047222714 -0.07740347569961883 0
7442 7.882883987683416 -0.09117125456822942 0
7443 6.475179420881574 -0.07534552945763622 0
7444 7.778463357857534 -0.041368450338919 0
7445 7.444078910528227 -0.03653679756141896 0
7446 6.366954913602441 -0.03793926839034902 0
7447 3.922377953400737 -0.1772511658477163 0
7448 7.981546300578488 -0.09396364764211204 0
7449 2.900927574373158 -0.151667979914129 0
7450 8.724242336851514 -0.1024421578568617 0
7451 6.37293627678012 -0.1151042209592616 0
7452 6.207914689929146 -0.07398290240572586 0
7453 7.258021456848336 -0.1865148396542195 0
7454 3.535835763595907 -0.154433989995274 0
7455 4.75927966302453 -0.1924778089698829 0
7456 4.103086717598673 -0.1108896510261291 0
7457 7.452229507757898 -0.2944766192937291 0
7458 6.909691544993102 -0.1136019164567266 0
7459 3.805079843611657 -0.08104682183249332 0
7460 7.161776644783932 -0.07385857073456498 0
7461 6.758625455787287 -0.06673929828341808 0
7462 4.164843185425648 -0.1100710975161595 0
7463 2.783614476184506 -0.15941725382497 0
7464 2.949137408963332 -0.1524807689105321 0
7465 6.788106629173236 -0.07415245619607222 0
7466 3.183434944377929 -0.1717573978336921 0
7467 3.270977494294948 -0.1445001566965448 0
7468 7.126715592121145 -0.08171176072239303 0
7469 6.828485851357356 -0.07937372869371484 0
7470 8.117413360889895 -0.1564354980432799 0
7471 6.288519875502546 -0.07897253322076746 0
7472 3.714329751440707 -0.1291397778204451 0
7473 7.691173538095157 -0.09612651007184686 0
7474 7.325300753741461 -0.09058964207549351 0
7475 7.470518226192515 -0.08221029355043823 0
7476 3.694692616317189 -0.2129952036400625 0
7477 7.379210446432854 -0.1493324459297091 0
7478 7.373252392431987 -0.09390628209446567 0
7479 7.203040819826377 -0.1042703286520279 0
7480 7.579568619936547 -0.1408603091881414 0
7481 6.712847571061816 -0.04043628058108699 0
7482 8.094710361962067 -0.06747117928149383 0
7483 3.763952583024491 -0.1283999941735317 0
7484 7.740414377857396 -0.09289068806682921 0
7485 8.1317897673089 -0.04404374621687525 0
7486 6.750670232022991 -0.03798514904121034 0
7487 6.672926256394251 -0.04048126122961029 0
7488 3.764979265725561 -0.08252752268171745 0
7489 6.611796224170746 -0.09767890729254362 0
7490 3.65947013306319 -0.1126257498327752 0
7491 6.246552836332727 -0.1201203965374665 0
7492 7.784738187412669 -0.08193441473493571 0
7493 7.378669721629123 -0.2153306558573153 0
7494 6.328229593762066 -0.1180915099311973 0
7495 4.21163541711715 -0.1251076382370623 0
7496 8.0686199502407 -0.07743359800380123 0
7497 6.328960023853214 -0.07786296506099431 0
7498 6.368997799280373 -0.07486868060252384 0
7499 8.087403591630451 -0.1140162432645138 0
7500 7.246581988561599 -0.2324943629109388 0
7501 8.724238053264617 -0.1636212309297807 0
7502 7.551975505564632 -0.08175654043931897 0
7503 7.245397683600789 -0.07472681228624915 0
7504 7.320981238489314 -0.04426886121620968 0
7505 7.642582984861259 -0.09445848024682971 0
7506 7.610375053811524 -0.04382611478042348 0
7507 7.323114022748042 -0.1432134342673858 0
7508 7.652708057171212 -0.04614693971396634 0
7509 7.570427362928018 -0.04034514098077762 0
7510 7.423270226371228 -0.09141892069032642 0
7511 7.280049087309898 -0.04198435215824483 0
7512 8.118320331467928 -0.08344725808199564 0
7513 7.521543710417603 -0.06801018585833769 0
7514 6.320685961586913 -0.161159801569607 0
7515 6.607426647609376 -0.159345886505175 0
7516 6.67280099292947 -0.08138661281056757 0
7517 4.764317520753065 -0.2459367895796264 0
7518 6.25232169333267 -0.171274778938198 0
7519 4.800178197768741 -0.23959937281135 0
7520 3.66995380388757 -0.1552394810954662 0
7521 6.287468643182065 -0.1188795105816786 0
7522 7.268633964470606 -0.1313459404480124 0
7523 3.725143394228232 -0.1726222882439607 0
7524 7.277915596593239 -0.08403070375698136 0
7525 7.631862416444392 -0.1465626434294257 0
7526 7.594680634368431 -0.09032936320345236 0
7527 6.662270802804823 -0.124902689189565 0
$EndNodes
$Elements
7645
1 1 2 5 1 1 11
2 1 2 5 1 11 12
3 1 2 5 1 12 13
4 1 2 5 1 13 14
5 1 2 5 1 14 15
6 1 2 5 1 15 16
7 1 2 5 1 16 17
8 1 2 5 1 17 18
9 1 2 5 1 18 19
10 1 2 5 1 19 20
11 1 2 5 1 20 21
12 1 2 5 1 21 22
13 1 2 5 1 22 23
14 1 2 5 1 23 24
15 1 2 5 1 24 25
16 1 2 5 1 25 26
17 1 2 5 1 26 27
18 1 2 5 1 27 28
19 1 2 5 1 28 29
20 1 2 5 1 29 30
21 1 2 5 1 30 31
22 1 2 5 1 31 32
23 1 2 5 1 32 33
24 1 2 5 1 33 34
25 1 2 5 1 34 35
26 1 2 5 1 35 36
27 1 2 5 1 36 37
28 1 2 5 1 37 2
29 1 2 5 2 2 38
30 1 2 5 2 38 39
31 1 2 5 2 39 40
32 1 2 5 2 40 41
33 1 2 5 2 41 42
34 1 2 5 2 42 43
35 1 2 5 2 43 44
36 1 2 5 2 44 45
37 1 2 5 2 45 46
38 1 2 5 2 46 47
39 1 2 5 2 47 48
40 1 2 5 2 48 49
41 1 2 5 2 49 50
42 1 2 5 2 50 51
43 1 2 5 2 51 52
44 1 2 5 2 52 53
45 1 2 5 2 53 54
46 1 2 5 2 54 55
47 1 2 5 2 55 56
48 1 2 5 2 56 57
49 1 2 5 2 57 58
50 1 2 5 2 58 59
51 1 2 5 2 59 60
52 1 2 5 2 60 61
53 1 2 5 2 61 62
54 1 2 5 2 62 63
55 1 2 5 2 63 64
56 1 2 5 2 64 3
57 1 2 5 3 3 65
58 1 2 5 3 65 66
59 1 2 5 3 66 67
60 1 2 5 3 67 68
61 1 2 5 3 68 69
62 1 2 5 3 69 70
63 1 2 5 3 70 71
64 1 2 5 3 71 72
65 1 2 5 3 72 73
66 1 2 5 3 73 74
67 1 2 5 3 74 75
68 1 2 5 3 75 76
69 1 2 5 3 76 77
70 1 2 5 3 77 78
71 1 2 5 3 78 79
72 1 2 5 3 79 80
73 1 2 5 3 80 81
74 1 2 5 3 81 82
75 1 2 5 3 82 83
76 1 2 5 3 83 84
77 1 2 5 3 84 85
78 1 2 5 3 85 86
79 1 2 5 3 86 87
80 1 2 5 3 87 88
81 1 2 5 3 88 89
82 1 2 5 3 89 90
83 1 2 5 3 90 91
84 1 2 5 3 91 4
85 1 2 5 4 4 92
86 1 2 5 4 92 93
87 1 2 5 4 93 94
88 1 2 5 4 94 95
89 1 2 5 4 95 96
90 1 2 5 4 96 97
91 1 2 5 4 97 98
92 1 2 5 4 98 99
93 1 2 5 4 99 100
94 1 2 5 4 100 101
95 1 2 5 4 101 102
96 1 2 5 4 102 103
97 1 2 5 4 103 104
98 1 2 5 4 104 105
99 1 2 5 4 105 106
100 1 2 5 4 106 107
101 1 2 5 4 107 108
102 1 2 5 4 108 109
103 1 2 5 4 109 110
104 1 2 5 4 110 111
105 1 2 5 4 111 112
106 1 2 5 4 112 113
107 1 2 5 4 113 114
108 1 2 5 4 114 115
109 1 2 5 4 115 116
110 1 2 5 4 116 117
111 1 2 5 4 117 118
112 1 2 5 4 118 1
113 1 2 2 5 5 119
114 1 2 2 5 119 120
115 1 2 2 5 120 121
116 1 2 2 5 121 122
117 1 2 2 5 122 123
118 1 2 2 5 123 124
119 1 2 2 5 124 125
120 1 2 2 5 125 6
121 1 2 2 6 6 126
122 1 2 2 6 126 127
123 1 2 2 6 127 128
124 1 2 2 6 128 129
125 1 2 2 6 129 130
126 1 2 2 6 130 131
127 1 2 2 6 131 132
128 1 2 2 6 132 7
129 1 2 3 7 7 133
130 1 2 3 7 133 134
131 1 2 3 7 134 135
132 1 2 3 7 135 136
133 1 2 3 7 136 137
134 1 2 3 7 137 138
135 1 2 3 7 138 139
136 1 2 3 7 139 140
137 1 2 3 7 140 141
138 1 2 3 7 141 142
139 1 2 3 7 142 143
140 1 2 3 7 143 144
141 1 2 3 7 144 145
142 1 2 3 7 145 146
143 1 2 3 7 146 147
144 1 2 3 7 147 148
145 1 2 3 7 148 149
146 1 2 3 7 149 150
147 1 2 3 7 150 151
148 1 2 3 7 151 152
149 1 2 3 7 152 153
150 1 2 3 7 153 154
151 1 2 3 7 154 155
152 1 2 3 7 155 156
153 1 2 3 7 156 157
154 1 2 3 7 157 158
155 1 2 3 7 158 159
156 1 2 3 7 159 160
157 1 2 3 7 160 161
158 1 2 3 7 161 10
159 1 2 4 8 10 162
160 1 2 4 8 162 163
161 1 2 4 8 163 164
162 1 2 4 8 164 165
163 1 2 4 8 165 166
164 1 2 4 8 166 167
165 1 2 4 8 167 168
166 1 2 4 8 168 169
167 1 2 4 8 169 170
168 1 2 4 8 170 171
169 1 2 4 8 171 172
170 1 2 4 8 172 173
171 1 2 4 8 173 174
172 1 2 4 8 174 175
173 1 2 4 8 175 176
174 1 2 4 8 176 177
175 1 2 4 8 177 178
176 1 2 4 8 178 179
177 1 2 4 8 179 180
178 1 2 4 8 180 181
179 1 2 4 8 181 182
180 1 2 4 8 182 9
181 1 2 4 9 9 183
182 1 2 4 9 183 184
183 1 2 4 9 184 185
184 1 2 4 9 185 186
185 1 2 4 9 186 187
186 1 2 4 9 187 188
187 1 2 4 9 188 189
188 1 2 4 9 189 190
189 1 2 4 9 190 191
190 1 2 4 9 191 192
191 1 2 4 9 192 193
192 1 2 4 9 193 194
193 1 2 4 9 194 195
194 1 2 4 9 195 196
195 1 2 4 9 196 197
196 1 2 4 9 197 198
197 1 2 4 9 198 199
198 1 2 4 9 199 200
199 1 2 4 9 200 201
200 1 2 4 9 201 202
201 1 2 4 9 202 203
202 1 2 4 9 203 8
203 1 2 3 10 8 204
204 1 2 3 10 204 205
205 1 2 3 10 205 206
206 1 2 3 10 206 207
207 1 2 3 10 207 208
208 1 2 3 10 208 209
209 1 2 3 10 209 210
210 1 2 3 10 210 211
211 1 2 3 10 211 212
212 1 2 3 10 212 213
213 1 2 3 10 213 214
214 1 2 3 10 214 215
215 1 2 3 10 215 216
216 1 2 3 10 216 217
217 1 2 3 10 217 218
218 1 2 3 10 218 219
219 1 2 3 10 219 220
220 1 2 3 10 220 221
221 1 2 3 10 221 222
222 1 2 3 10 222 223
223 1 2 3 10 223 224
224 1 2 3 10 224 225
225 1 2 3 10 225 226
226 1 2 3 10 226 227
227 1 2 3 10 227 228
228 1 2 3 10 228 229
229 1 2 3 10 229 230
230 1 2 3 10 230 231
231 1 2 3 10 231 232
232 1 2 3 10 232 5
233 2 2 1 2 90 91 4955
234 2 2 1 2 4955 89 90
235 2 2 1 2 4958 84 85
236 2 2 1 2 85 86 4958
237 3 2 1 1 3322 3228 3202 3204
238 3 2 1 1 3851 3955 3731 3564
239 3 2 1 1 4069 3982 4102 4070
240 3 2 1 1 4037 4073 4000 3685
241 3 2 1 1 3039 2994 2963 3098
242 3 2 1 1 3875 3993 3670 3739
243 3 2 1 1 1612 1692 1810 1670
244 3 2 1 1 3150 3315 3061 2943
245 3 2 1 1 2750 2629 2679 3096
246 3 2 1 1 2800 2871 2842 2733
247 3 2 1 1 976 925 1028 948
248 3 2 1 1 2675 2742 2815 2753
249 3 2 1 1 1656 1495 1757 1685
250 3 2 1 1 3405 3169 3335 3299
251 3 2 1 1 3575 3738 3879 3519
252 3 2 1 1 2572 2507 2326 2465
253 3 2 1 1 1970 1785 1693 1787
254 3 2 1 1 3979 4074 3982 4069
255 3 2 1 1 3231 3334 3162 3133
256 3 2 1 1 4104 4068 4064 4103
257 3 2 1 1 1443 1553 1414 1346
258 3 2 1 1 3873 4057 3694 3850
259 3 2 1 1 3268 3062 2965 3156
260 3 2 1 1 3730 3875 3739 3365
261 3 2 1 1 1119 1159 1154 1291
262 3 2 1 1 2411 2445 2404 2486
263 3 2 1 1 1992 2003 2078 2077
264 3 2 1 1 2380 2331 2432 2245
265 3 2 1 1 4019 3886 3732 3885
266 3 2 1 1 1020 924 959 1081
267 3 2 1 1 2009 2143 2210 2113
268 3 2 1 1 1781 1740 1657 1506
269 3 2 1 1 3022 2981 2920 2964
270 3 2 1 1 1999 2230 2332 2191
271 3 2 1 1 1738 1890 1965 1691
272 3 2 1 1 3684 3724 3515 3745
273 3 2 1 1 3977 3728 3957 3809
274 3 2 1 1 1725 1606 1744 1692
275 3 2 1 1 2096 2224 2142 2290
276 3 2 1 1 2832 2757 2599 2720
277 3 2 1 1 4007 3985 4010 4077
278 3 2 1 1 3032 2955 2813 2880
279 3 2 1 1 4109 3874 3984 4081
280 3 2 1 1 3133 3162 2973 3100
281 3 2 1 1 4000 3858 3507 3685
282 3 2 1 1 3847 4071 4074 3979
283 3 2 1 1 1431 1313 1101 1225
284 3 2 1 1 1293 1235 1316 1358
285 3 2 1 1 3585 3270 3041 3237
286 3 2 1 1 1596 1494 1441 1404
287 3 2 1 1 4110 4083 4111 3996
288 3 2 1 1 2499 2415 2525 2273
289 3 2 1 1 3630 3682 3860 3735
290 3 2 1 1 1432 1314 1102 1226
291 3 2 1 1 817 914 1001 900
292 3 2 1 1 2828 2789 2638 2700
293 3 2 1 1 3723 3415 3425 4096
294 3 2 1 1 1082 1136 1255 914
295 3 2 1 1 1601 1675 1575 1398
296 3 2 1 1 1234 1440 1413 1199
297 3 2 1 1 2750 2700 2566 2629
298 3 2 1 1 2599 2531 2496 2562
299 3 2 1 1 3322 3204 2948 3034
300 3 2 1 1 3484 3861 4001 3760
301 3 2 1 1 1017 1175 1042 943
302 3 2 1 1 1407 1305 1258 1392
303 3 2 1 1 3346 3780 3915 3493
304 3 2 1 1 2475 2355 2255 2724
305 3 2 1 1 1897 2011 1951 1756
306 3 2 1 1 3213 3024 3282 3401
307 3 2 1 1 1560 1693 1736 1633
308 3 2 1 1 3558 3243 3783 3568
309 3 2 1 1 2157 1995 2114 2257
310 3 2 1 1 2871 2938 2833 2842
311 3 2 1 1 3337 3482 3239 3405
312 3 2 1 1 2921 2558 2728 2650
313 3 2 1 1 2190 2031 2032 2105
314 3 2 1 1 4060 3997 4081 3984
315 3 2 1 1 2519 2589 2542 2450
316 3 2 1 1 1138 1063 1116 1237
317 3 2 1 1 3888 4012 3884 3805
318 3 2 1 1 4028 4091 3967 3768
319 3 2 1 1 3871 3726 3356 3670
320 3 2 1 1 2196 2025 2026 2100
321 3 2 1 1 3513 3674 3379 3221
322 3 2 1 1 3957 3728 3571 3369
323 3 2 1 1 2197 2256 2161 2095
324 3 2 1 1 44 45 680 1428
325 3 2 1 1 3113 3158 3067 3068
326 3 2 1 1 31 1315 684 30
327 3 2 1 1 2864 2776 2714 2618
328 3 2 1 1 1572 1745 1542 1460
329 3 2 1 1 2530 2480 2332 2384
330 3 2 1 1 4031 3853 4029 4027
331 3 2 1 1 3328 2811 3013 2886
332 3 2 1 1 1902 1603 1457 1509
333 3 2 1 1 3364 3218 3355 3492
334 3 2 1 1 4092 3555 4115 3693
335 3 2 1 1 3325 3039 3952 3129
336 3 2 1 1 1858 1702 1578 1752
337 3 2 1 1 2478 2257 2114 2362
338 3 2 1 1 2970 2905 2757 2832
339 3 2 1 1 1697 1501 1647 1814
340 3 2 1 1 3725 3385 3243 3558
341 3 2 1 1 3834 3566 3541 3648
342 3 2 1 1 4068 4102 3982 4064
343 3 2 1 1 915 812 760 901
344 3 2 1 1 3659 3427 3131 3274
345 3 2 1 1 1831 1999 2191 2089
346 3 2 1 1 1298 1295 1342 1524
347 3 2 1 1 2805 2813 2771 2739
348 3 2 1 1 1908 1935 1838 1758
349 3 2 1 1 1571 1636 1734 1793
350 3 2 1 1 1992 1905 1929 2003
351 3 2 1 1 1638 1543 1676 1694
352 3 2 1 1 2299 2376 2023 2132
353 3 2 1 1 4015 3844 4080 4072
354 3 2 1 1 2600 2460 2558 2921
355 3 2 1 1 3491 3507 3410 3468
356 3 2 1 1 2530 2384 2470 2592
357 3 2 1 1 2837 2703 2636 2762
358 3 2 1 1 3131 3276 3138 3080
359 3 2 1 1 1355 1381 1297 1324
360 3 2 1 1 4042 3528 3957 3369
361 3 2 1 1 2178 2238 2310 2303
362 3 2 1 1 2458 2306 2398 2553
363 3 2 1 1 2898 2830 2892 3012
364 3 2 1 1 813 952 896 797
365 3 2 1 1 2555 2695 2760 2628
366 3 2 1 1 3002 3084 2894 3000
367 3 2 1 1 3562 3278 3400 3669
368 3 2 1 1 3093 3475 3267 2975
369 3 2 1 1 1212 1306 1240 1144
370 3 2 1 1 3971 3883 3371 3499
371 3 2 1 1 1939 1752 1917 2373
372 3 2 1 1 3836 3374 4009 3527
373 3 2 1 1 3995 3876 4045 4075
374 3 2 1 1 892 976 948 741
375 3 2 1 1 2181 2111 2029 2169
376 3 2 1 1 2874 2735 2777 2835
377 3 2 1 1 2519 2394 2541 2589
378 3 2 1 1 2155 1920 2086 2285
379 3 2 1 1 3206 3361 3452 3329
380 3 2 1 1 2542 2652 2567 2526
381 3 2 1 1 2190 2105 2262 2258
382 3 2 1 1 3000 2864 2775 2919
383 3 2 1 1 3561 3834 3648 3384
384 3 2 1 1 2055 2096 2179 2133
385 3 2 1 1 1178 1467 1337 1292
386 3 2 1 1 2671 2568 2635 3009
387 3 2 1 1 3110 3154 3815 2946
388 3 2 1 1 1140 1105 1305 1207
389 3 2 1 1 2834 2712 2713 2759
390 3 2 1 1 2401 2239 2169 2333
391 3 2 1 1 1756 1951 1864 1666
392 3 2 1 1 3879 3998 3817 3519
393 3 2 1 1 1652 1556 1437 1589
394 3 2 1 1 3696 3755 3910 3495
395 3 2 1 1 1672 1966 1932 1773
396 3 2 1 1 1025 1191 1224 1295
397 3 2 1 1 2155 2103 2030 2056
398 3 2 1 1 2748 3173 2608 2699
399 3 2 1 1 1333 1421 1451 1324
400 3 2 1 1 3899 3971 3499 3723
401 3 2 1 1 2385 2517 2343 2248
402 3 2 1 1 2959 3059 2913 2914
403 3 2 1 1 2202 2066 1934 2092
404 3 2 1 1 2652 2717 2696 2617
405 3 2 1 1 3667 3498 3416 3563
406 3 2 1 1 2673 2643 2605 2737
407 3 2 1 1 2179 2380 2245 2203
408 3 2 1 1 3853 3577 3359 4029
409 3 2 1 1 1605 1623 1533 1502
410 3 2 1 1 3125 3060 3238 3396
411 3 2 1 1 2567 2486 2404 2526
412 3 2 1 1 3515 3933 3736 3730
413 3 2 1 1 761 1021 905 834
414 3 2 1 1 2697 2636 2480 2530
415 3 2 1 1 2115 2131 2027 2116
416 3 2 1 1 3355 3218 3160 3262
417 3 2 1 1 1925 1862 1896 1989
418 3 2 1 1 3569 3645 3474 3427
419 3 2 1 1 4031 4027 3854 4001
420 3 2 1 1 3703 3766 3509 3804
421 3 2 1 1 1346 1212 1162 1264
422 3 2 1 1 1655 1499 1306 1414
423 3 2 1 1 1034 928 729 960
424 3 2 1 1 1513 1344 1246 1441
425 3 2 1 1 2254 2451 2507 2316
426 3 2 1 1 2016 2135 1954 1849
427 3 2 1 1 1334 1300 1282 1103
428 3 2 1 1 2009 1925 1989 2073
429 3 2 1 1 1104 1036 812 915
430 3 2 1 1 3733 3506 3949 4025
431 3 2 1 1 2499 2273 2175 2427
432 3 2 1 1 1745 1644 1764 1798
433 3 2 1 1 2228 2011 2209 2188
434 3 2 1 1 3375 3115 3285 3553
435 3 2 1 1 2542 2526 2337 2450
436 3 2 1 1 3152 2987 2916 3063
437 3 2 1 1 3673 3909 3154 3219
438 3 2 1 1 2011 2151 2004 1951
439 3 2 1 1 2408 2558 2460 2307
440 3 2 1 1 1403 1508 1724 1615
441 3 2 1 1 2293 2100 2577 2482
442 3 2 1 1 2195 2094 2265 2259
443 3 2 1 1 2553 2398 2475 2761
444 3 2 1 1 1499 1412 1240 1306
445 3 2 1 1 1560 1633 1469 1376
446 3 2 1 1 2235 2377 2268 2189
447 3 2 1 1 1675 1601 1512 1690
448 3 2 1 1 907 1079 761 835
449 3 2 1 1 1307 1606 1549 1649
450 3 2 1 1 1207 1370 1166 1140
451 3 2 1 1 2312 2412 2269 2162
452 3 2 1 1 1189 1216 1467 1178
453 3 2 1 1 1755 1696 1662 1742
454 3 2 1 1 1568 1404 1328 1430
455 3 2 1 1 2805 2979 3097 3332
456 3 2 1 1 3191 2959 3263 3467
457 3 2 1 1 909 1080 675 838
458 3 2 1 1 3243 3541 3566 3783
459 3 2 1 1 3137 3066 2905 2970
460 3 2 1 1 2936 2850 2473 2312
461 3 2 1 1 2264 2112 2186 2354
462 3 2 1 1 4088 4033 3682 3890
463 3 2 1 1 1899 1661 1437 1519
464 3 2 1 1 3877 3573 3399 3675
465 3 2 1 1 3063 2916 2836 2975
466 3 2 1 1 3437 3220 3152 3323
467 3 2 1 1 2599 2562 2630 2720
468 3 2 1 1 2114 2190 2258 2362
469 3 2 1 1 3160 2980 3058 3262
470 3 2 1 1 2953 2808 3073 3329
471 3 2 1 1 2094 2195 2014 1946
472 3 2 1 1 2760 2695 2842 2833
473 3 2 1 1 2532 2459 2403 2521
474 3 2 1 1 2520 2401 2333 2422
475 3 2 1 1 2256 2197 2089 2590
476 3 2 1 1 3862 3812 3966 4046
477 3 2 1 1 3057 2911 2976 3196
478 3 2 1 1 1586 1779 1853 1778
479 3 2 1 1 4066 4006 3923 4075
480 3 2 1 1 3695 3350 3798 3898
481 3 2 1 1 1873 1853 2070 1960
482 3 2 1 1 2963 2899 2820 2913
483 3 2 1 1 2398 2306 2264 2354
484 3 2 1 1 1102 909 1033 1226
485 3 2 1 1 2559 2385 2491 2533
486 3 2 1 1 3123 3271 3046 2955
487 3 2 1 1 2535 2634 2469 2387
488 3 2 1 1 1101 907 1031 1225
489 3 2 1 1 1163 1086 916 1115
490 3 2 1 1 2061 1688 2072 1600
491 3 2 1 1 3996 3890 3489 3671
492 3 2 1 1 737 3989 4087 4000
493 3 2 1 1 2561 2534 2684 2607
494 3 2 1 1 2022 1939 2170 2101
495 3 2 1 1 3585 3237 3450 3451
496 3 2 1 1 2629 2566 2391 2493
497 3 2 1 1 1560 1561 1642 1693
498 3 2 1 1 1027 1176 1298 1137
499 3 2 1 1 3126 3263 2959 3076
500 3 2 1 1 2435 2464 2563 2488
501 3 2 1 1 3370 3660 3271 3123
502 3 2 1 1 4058 3693 4109 4089
503 3 2 1 1 3889 4005 3675 3747
504 3 2 1 1 2499 2437 2523 2415
505 3 2 1 1 1500 1401 1578 1702
506 3 2 1 1 2251 2445 2411 2334
507 3 2 1 1 3152 3063 3151 3323
508 3 2 1 1 2568 2388 2474 2635
509 3 2 1 1 2700 2638 2464 2566
510 3 2 1 1 3998 3881 4009 3817
511 3 2 1 1 2364 2184 2243 2357
512 3 2 1 1 3063 2975 3267 3151
513 3 2 1 1 963 1040 1197 1060
514 3 2 1 1 3949 3896 3959 3701
515 3 2 1 1 3755 3924 3743 3505
516 3 2 1 1 2186 2112 1913 2020
517 3 2 1 1 756 778 234 233
518 3 2 1 1 1999 2098 2343 2230
519 3 2 1 1 3230 3677 4029 3359
520 3 2 1 1 3564 3731 3418 3273
521 3 2 1 1 1212 1346 1414 1306
522 3 2 1 1 3964 3719 3637 3944
523 3 2 1 1 1760 1674 1589 1668
524 3 2 1 1 2978 3975 3816 3025
525 3 2 1 1 3716 3412 3562 3865
526 3 2 1 1 3984 3737 3877 4090
527 3 2 1 1 3860 4037 3491 3735
528 3 2 1 1 837 675 1080 1022
529 3 2 1 1 1995 1912 2058 2114
530 3 2 1 1 2948 2881 2989 3034
531 3 2 1 1 3389 3652 3385 3725
532 3 2 1 1 2556 2686 2720 2630
533 3 2 1 1 2064 1932 2017 2215
534 3 2 1 1 3056 3065 3314 3147
535 3 2 1 1 1239 1244 1340 1302
536 3 2 1 1 1831 2089 2197 1924
537 3 2 1 1 3299 3153 3337 3405
538 3 2 1 1 1838 1897 1756 1784
539 3 2 1 1 2423 2243 2415 2523
540 3 2 1 1 2585 2659 3200 2592
541 3 2 1 1 1831 1665 1782 1942
542 3 2 1 1 1609 1665 1765 1576
543 3 2 1 1 2652 2542 2616 2717
544 3 2 1 1 2063 2148 1985 1663
545 3 2 1 1 3407 3377 3231 3118
546 3 2 1 1 4094 3885 4047 3694
547 3 2 1 1 2822 2839 2631 2642
548 3 2 1 1 930 843 688 956
549 3 2 1 1 3161 3028 3404 3266
550 3 2 1 1 3375 3275 3074 3115
551 3 2 1 1 760 725 982 901
552 3 2 1 1 2046 2177 2244 2192
553 3 2 1 1 929 844 689 955
554 3 2 1 1 2527 2421 2729 2536
555 3 2 1 1 2041 1975 2076 2102
556 3 2 1 1 891 944 841 742
557 3 2 1 1 2952 3464 3256 3064
558 3 2 1 1 2892 2995 3070 3012
559 3 2 1 1 1758 1838 1784 1667
560 3 2 1 1 2635 2474 2582 2604
561 3 2 1 1 1785 1970 2062 1868
562 3 2 1 1 2653 2529 2669 3011
563 3 2 1 1 2080 2446 1856 2028
564 3 2 1 1 2486 2528 2455 2411
565 3 2 1 1 3732 3357 3168 3545
566 3 2 1 1 931 845 682 958
567 3 2 1 1 3061 3107 3274 2949
568 3 2 1 1 2604 2693 3009 2635
569 3 2 1 1 2332 2230 2470 2384
570 3 2 1 1 2807 2671 3009 2927
571 3 2 1 1 2476 2591 2414 2313
572 3 2 1 1 3239 3126 2985 3042
573 3 2 1 1 2975 2836 2863 2879
574 3 2 1 1 3204 3043 2891 2948
575 3 2 1 1 2699 2609 2840 2748
576 3 2 1 1 3290 3276 3474 3255
577 3 2 1 1 2096 2290 2380 2179
578 3 2 1 1 3378 3744 3764 3560
579 3 2 1 1 765 830 160 161
580 3 2 1 1 2609 2699 2569 2462
581 3 2 1 1 961 846 719 932
582 3 2 1 1 2379 2423 2366 2218
583 3 2 1 1 2401 2466 2317 2239
584 3 2 1 1 1315 31 32 1450
585 3 2 1 1 2837 2762 3015 2877
586 3 2 1 1 3329 3073 3826 3206
587 3 2 1 1 3852 3892 3902 4030
588 3 2 1 1 2320 2427 2175 2334
589 3 2 1 1 2623 2753 2676 2540
590 3 2 1 1 1525 1597 1700 1568
591 3 2 1 1 1957 2024 1893 1852
592 3 2 1 1 2314 2772 2865 2163
593 3 2 1 1 1517 1470 1500 1654
594 3 2 1 1 1775 1680 1751 1969
595 3 2 1 1 893 982 725 830
596 3 2 1 1 2420 2561 2637 2485
597 3 2 1 1 3060 3125 3034 2989
598 3 2 1 1 2704 2618 2546 2665
599 3 2 1 1 1571 1793 2154 1710
600 3 2 1 1 2574 2487 2424 2468
601 3 2 1 1 3284 3170 3127 3241
602 3 2 1 1 1596 1805 1822 1494
603 3 2 1 1 2605 2533 2632 2848
604 3 2 1 1 3511 3414 3516 3680
605 3 2 1 1 3977 3740 3409 3728
606 3 2 1 1 2487 2546 2618 2570
607 3 2 1 1 2906 2825 2984 2972
608 3 2 1 1 3201 2950 2809 2903
609 3 2 1 1 3954 3788 3576 3799
610 3 2 1 1 3713 3887 3704 4008
611 3 2 1 1 2943 2800 2911 3057
612 3 2 1 1 3515 3730 3365 3232
613 3 2 1 1 3120 3524 3127 3037
614 3 2 1 1 2042 2030 2103 2369
615 3 2 1 1 1662 1494 1822 1742
616 3 2 1 1 3663 3291 3053 3379
617 3 2 1 1 3232 3038 3168 3357
618 3 2 1 1 3068 3067 2982 2872
619 3 2 1 1 2702 2701 2658 2552
620 3 2 1 1 1847 1767 1876 1990
621 3 2 1 1 3322 3034 3125 3823
622 3 2 1 1 2882 2754 2838 3006
623 3 2 1 1 1142 964 812 1036
624 3 2 1 1 3025 3314 3065 2978
625 3 2 1 1 2402 2340 2182 2260
626 3 2 1 1 2517 2385 2559 2585
627 3 2 1 1 2983 2954 2890 2812
628 3 2 1 1 4080 4086 3981 4072
629 3 2 1 1 2389 2347 2363 2414
630 3 2 1 1 2960 3130 3277 3071
631 3 2 1 1 3030 3826 3073 2947
632 3 2 1 1 1430 1100 1243 1327
633 3 2 1 1 1861 1676 1575 1780
634 3 2 1 1 2391 2435 2268 2377
635 3 2 1 1 1323 1242 1109 1365
636 3 2 1 1 1559 1819 1595 1434
637 3 2 1 1 3239 3042 3169 3405
638 3 2 1 1 1159 953 852 1024
639 3 2 1 1 3040 2958 3149 3259
640 3 2 1 1 3894 3836 3956 3690
641 3 2 1 1 1084 1024 852 728
642 3 2 1 1 3379 3053 3007 3221
643 3 2 1 1 2740 2897 3006 2838
644 3 2 1 1 2864 3000 2894 2776
645 3 2 1 1 2033 2189 2268 2108
646 3 2 1 1 1786 1862 1925 1842
647 3 2 1 1 1203 1114 1188 1339
648 3 2 1 1 1872 1921 1843 1817
649 3 2 1 1 3575 3519 3222 3413
650 3 2 1 1 2242 2333 2169 2204
651 3 2 1 1 3328 3016 2933 2811
652 3 2 1 1 1941 1871 1765 1924
653 3 2 1 1 2466 2538 2662 2489
654 3 2 1 1 2657 2616 2730 2722
655 3 2 1 1 2825 2906 2749 2701
656 3 2 1 1 2110 1949 1829 1998
657 3 2 1 1 163 730 765 162
658 3 2 1 1 1871 1690 1576 1765
659 3 2 1 1 2565 2325 2443 2483
660 3 2 1 1 3022 3163 2875 2981
661 3 2 1 1 1269 915 901 1042
662 3 2 1 1 1762 1516 1723 1774
663 3 2 1 1 3038 3120 3037 2954
664 3 2 1 1 2765 2733 2727 2598
665 3 2 1 1 814 1008 1143 994
666 3 2 1 1 3400 3278 3066 3137
667 3 2 1 1 1431 1225 1282 1300
668 3 2 1 1 3991 3842 3863 4071
669 3 2 1 1 1529 1563 1203 1399
670 3 2 1 1 2307 2262 2158 2408
671 3 2 1 1 1668 1661 1899 1812
672 3 2 1 1 2025 1851 1969 2026
673 3 2 1 1 3872 3376 3660 3761
674 3 2 1 1 2345 2413 2194 2288
675 3 2 1 1 2040 1907 1936 2010
676 3 2 1 1 2704 2775 2864 2618
677 3 2 1 1 1401 1500 1470 1302
678 3 2 1 1 2221 2267 2228 2128
679 3 2 1 1 1609 1576 1529 1399
680 3 2 1 1 2562 2496 2305 2416
681 3 2 1 1 1594 1775 1783 1698
682 3 2 1 1 1710 1641 1407 1571
683 3 2 1 1 3572 4039 3700 3373
684 3 2 1 1 4099 4098 4066 4100
685 3 2 1 1 2904 2786 2851 2876
686 3 2 1 1 2540 2479 2417 2623
687 3 2 1 1 3161 2964 2878 3028
688 3 2 1 1 1412 1571 1407 1392
689 3 2 1 1 1692 1744 1674 1810
690 3 2 1 1 1863 1577 1698 1783
691 3 2 1 1 2908 2879 2863 2741
692 3 2 1 1 2909 2672 2769 2809
693 3 2 1 1 3870 3557 4113 4108
694 3 2 1 1 2564 2308 2403 2459
695 3 2 1 1 3492 3355 3584 3842
696 3 2 1 1 2107 1952 1851 2025
697 3 2 1 1 1202 1113 1187 1338
698 3 2 1 1 3373 3496 3401 3280
699 3 2 1 1 3982 4074 4054 3673
700 3 2 1 1 2949 3080 3013 2938
701 3 2 1 1 2958 3040 2817 2907
702 3 2 1 1 1118 1141 1343 1211
703 3 2 1 1 2952 3064 2927 2827
704 3 2 1 1 2347 2312 2162 2266
705 3 2 1 1 3882 3517 3410 3683
706 3 2 1 1 2698 2801 2912 2783
707 3 2 1 1 2667 2758 2639 2531
708 3 2 1 1 2767 2535 2637 2670
709 3 2 1 1 2561 2420 2509 2534
710 3 2 1 1 3156 2965 2883 3031
711 3 2 1 1 2840 2609 2718 2771
712 3 2 1 1 2198 1914 2019 2109
713 3 2 1 1 4103 4098 4099 4104
714 3 2 1 1 3955 3667 3563 3731
715 3 2 1 1 1038 673 834 905
716 3 2 1 1 2684 2754 2843 2607
717 3 2 1 1 2986 2985 2928 2815
718 3 2 1 1 2266 2000 2107 2201
719 3 2 1 1 3408 3033 3164 3227
720 3 2 1 1 2911 2765 2847 2976
721 3 2 1 1 2563 2541 2394 2488
722 3 2 1 1 2430 2452 2263 2311
723 3 2 1 1 2375 2260 2182 2079
724 3 2 1 1 2298 2302 2246 2327
725 3 2 1 1 2833 2811 2669 2760
726 3 2 1 1 2079 2195 2259 2375
727 3 2 1 1 2481 2232 2328 2419
728 3 2 1 1 2977 2947 2826 2909
729 3 2 1 1 1022 908 762 837
730 3 2 1 1 1433 1182 1270 1345
731 3 2 1 1 1694 1771 1687 1574
732 3 2 1 1 2350 2337 2526 2404
733 3 2 1 1 2002 2086 1920 1833
734 3 2 1 1 2555 2402 2508 2793
735 3 2 1 1 2930 2931 2848 2734
736 3 2 1 1 2755 2702 2602 2738
737 3 2 1 1 2713 2712 2538 2644
738 3 2 1 1 3417 3479 3240 3424
739 3 2 1 1 1973 1909 2030 2042
740 3 2 1 1 2723 2684 2534 2626
741 3 2 1 1 169 682 845 168
742 3 2 1 1 2560 2626 2386 2481
743 3 2 1 1 2245 2432 2409 2371
744 3 2 1 1 3883 3742 3503 3371
745 3 2 1 1 1869 1679 1823 1788
746 3 2 1 1 2479 2540 2612 2314
747 3 2 1 1 3557 3283 3356 4113
748 3 2 1 1 2703 2549 2480 2636
749 3 2 1 1 3289 3088 3079 3170
750 3 2 1 1 2141 1909 1826 1696
751 3 2 1 1 2025 2196 2201 2107
752 3 2 1 1 166 672 848 165
753 3 2 1 1 2125 2149 1945 2000
754 3 2 1 1 1919 2029 1933 1836
755 3 2 1 1 2101 2082 1916 2022
756 3 2 1 1 950 1123 1008 814
757 3 2 1 1 3887 4024 3944 3704
758 3 2 1 1 1432 1226 1283 1301
759 3 2 1 1 2820 2766 2914 2913
760 3 2 1 1 2567 2444 2528 2486
761 3 2 1 1 2923 2910 2819 2997
762 3 2 1 1 849 778 823 937
763 3 2 1 1 1316 1438 1608 1714
764 3 2 1 1 3806 3411 3166 3270
765 3 2 1 1 2252 2199 2342 2341
766 3 2 1 1 172 688 843 171
767 3 2 1 1 1996 1943 1828 2226
768 3 2 1 1 4043 4031 4001 3861
769 3 2 1 1 3506 3403 3226 3831
770 3 2 1 1 175 689 844 174
771 3 2 1 1 2056 2030 1909 2141
772 3 2 1 1 2565 2483 2639 2627
773 3 2 1 1 2766 2612 2540 2676
774 3 2 1 1 2835 3082 3047 3182
775 3 2 1 1 2604 2763 2827 2693
776 3 2 1 1 2981 2822 2668 2920
777 3 2 1 1 3263 3126 3384 3648
778 3 2 1 1 2155 2175 2273 2103
779 3 2 1 1 2556 2777 2735 2686
780 3 2 1 1 1855 1981 1699 1762
781 3 2 1 1 178 719 846 177
782 3 2 1 1 1054 1242 1112 1055
783 3 2 1 1 3906 4008 3895 3236
784 3 2 1 1 683 832 949 1387
785 3 2 1 1 3270 3166 2990 3041
786 3 2 1 1 1137 1298 1524 1220
787 3 2 1 1 2830 2681 2870 2892
788 3 2 1 1 2579 2513 2406 2495
789 3 2 1 1 1694 1676 1861 1749
790 3 2 1 1 3362 3107 3061 3315
791 3 2 1 1 2027 2131 1688 2061
792 3 2 1 1 2344 2173 2151 2267
793 3 2 1 1 1076 1393 1343 1141
794 3 2 1 1 180 739 847 179
795 3 2 1 1 1911 2033 1889 1772
796 3 2 1 1 2889 2903 2856 2770
797 3 2 1 1 3958 3741 3370 3567
798 3 2 1 1 3499 3293 3415 3723
799 3 2 1 1 3985 3852 3714 3498
800 3 2 1 1 756 233 6 126
801 3 2 1 1 1902 1735 1824 1603
802 3 2 1 1 727 981 823 851
803 3 2 1 1 3838 4004 3904 3504
804 3 2 1 1 2606 2571 2621 2682
805 3 2 1 1 4067 3860 3682 4033
806 3 2 1 1 1434 1247 1101 1313
807 3 2 1 1 1605 1703 1713 1623
808 3 2 1 1 1902 1509 1565 1615
809 3 2 1 1 2615 2633 2694 2795
810 3 2 1 1 2683 2851 2786 2601
811 3 2 1 1 2322 2187 2522 2438
812 3 2 1 1 3853 4031 4043 3680
813 3 2 1 1 2884 2960 3071 2844
814 3 2 1 1 2325 2565 2457 2405
815 3 2 1 1 759 994 967 831
816 3 2 1 1 2918 3027 2983 2812
817 3 2 1 1 2095 1941 1924 2197
818 3 2 1 1 2485 2637 2535 2387
819 3 2 1 1 1774 1664 1828 1943
820 3 2 1 1 1414 1553 1607 1655
821 3 2 1 1 1524 1342 1459 1602
822 3 2 1 1 672 962 933 848
823 3 2 1 1 2881 2948 2891 2845
824 3 2 1 1 1593 1786 1842 1763
825 3 2 1 1 3524 3627 3241 3127
826 3 2 1 1 956 1090 1009 930
827 3 2 1 1 2554 2718 2609 2462
828 3 2 1 1 2257 2305 2443 2157
829 3 2 1 1 1437 1556 1211 1343
830 3 2 1 1 1771 1694 1749 1906
831 3 2 1 1 3669 3400 3663 3878
832 3 2 1 1 3166 3411 3238 3060
833 3 2 1 1 1345 1204 1400 1648
834 3 2 1 1 2689 2612 2766 2820
835 3 2 1 1 2551 2656 2696 2661
836 3 2 1 1 2738 3195 3073 2808
837 3 2 1 1 1722 1626 1806 1892
838 3 2 1 1 3648 3541 3467 3263
839 3 2 1 1 3123 3229 3567 3370
840 3 2 1 1 3718 3526 3898 3798
841 3 2 1 1 3077 3109 3383 3217
842 3 2 1 1 982 893 822 943
843 3 2 1 1 739 963 1060 847
844 3 2 1 1 1344 1513 1402 1206
845 3 2 1 1 3217 3383 3671 3489
846 3 2 1 1 4038 3900 4056 3508
847 3 2 1 1 2816 3076 2959 2914
848 3 2 1 1 3163 3022 3233 3402
849 3 2 1 1 1977 2075 1900 1878
850 3 2 1 1 2532 2668 2822 2642
851 3 2 1 1 2319 2176 2108 2268
852 3 2 1 1 2481 2419 2569 2560
853 3 2 1 1 2297 2344 2267 2221
854 3 2 1 1 3165 3108 3075 2945
855 3 2 1 1 1397 2148 1597 1525
856 3 2 1 1 3016 2997 2819 2933
857 3 2 1 1 3228 3804 3509 3406
858 3 2 1 1 2309 2461 2552 2395
859 3 2 1 1 1427 1335 1223 1310
860 3 2 1 1 2541 2563 2694 2633
861 3 2 1 1 1436 1478 1581 1492
862 3 2 1 1 3741 3958 3767 3512
863 3 2 1 1 3325 3417 3424 3130
864 3 2 1 1 1744 1652 1589 1674
865 3 2 1 1 1936 2296 2208 2010
866 3 2 1 1 2332 2480 2549 2399
867 3 2 1 1 2987 2804 2767 2916
868 3 2 1 1 2191 2332 2399 2240
869 3 2 1 1 1603 1340 1244 1457
870 3 2 1 1 2048 2133 2179 2203
871 3 2 1 1 2461 2602 2702 2552
872 3 2 1 1 1771 1971 2032 1839
873 3 2 1 1 3015 3077 3157 2877
874 3 2 1 1 925 965 1183 1028
875 3 2 1 1 3699 3761 3741 3512
876 3 2 1 1 2403 2241 2356 2418
877 3 2 1 1 3111 3213 3521 3368
878 3 2 1 1 2262 2307 2442 2258
879 3 2 1 1 829 999 1040 963
880 3 2 1 1 958 1091 1015 931
881 3 2 1 1 2568 2671 2770 2624
882 3 2 1 1 3150 3272 3563 3416
883 3 2 1 1 3708 3974 4049 3811
884 3 2 1 1 3494 3737 3984 3874
885 3 2 1 1 3632 3827 3631 3396
886 3 2 1 1 932 1127 1063 961
887 3 2 1 1 1245 1426 1334 1103
888 3 2 1 1 1639 1530 1733 1799
889 3 2 1 1 1435 1248 1102 1314
890 3 2 1 1 2322 2491 2385 2248
891 3 2 1 1 2598 2690 2847 2765
892 3 2 1 1 3159 3275 3381 3559
893 3 2 1 1 2488 2319 2268 2435
894 3 2 1 1 3055 3257 3121 2952
895 3 2 1 1 3526 3381 3275 3375
896 3 2 1 1 2901 2814 2674 2768
897 3 2 1 1 3041 2990 2814 2901
898 3 2 1 1 2671 2807 2889 2770
899 3 2 1 1 2632 2533 2491 2484
900 3 2 1 1 1856 1609 1399 1699
901 3 2 1 1 2328 2232 2330 2180
902 3 2 1 1 1869 1788 1671 1848
903 3 2 1 1 2531 2599 2757 2667
904 3 2 1 1 3029 3194 3300 3223
905 3 2 1 1 2806 3099 3068 2872
906 3 2 1 1 3124 3371 3503 3224
907 3 2 1 1 2692 2607 2843 2741
908 3 2 1 1 1833 1742 1822 1954
909 3 2 1 1 2160 2199 2252 2018
910 3 2 1 1 1202 1338 1514 1458
911 3 2 1 1 3517 3882 3966 3799
912 3 2 1 1 3115 3074 2809 2950
913 3 2 1 1 2667 2757 2905 2803
914 3 2 1 1 2840 2883 2965 2748
915 3 2 1 1 3170 3284 3167 3289
916 3 2 1 1 4059 3865 3999 4040
917 3 2 1 1 2839 2822 2981 2875
918 3 2 1 1 1997 2158 2262 2105
919 3 2 1 1 2313 2393 2537 2476
920 3 2 1 1 2807 2951 3052 2889
921 3 2 1 1 1219 1041 928 1034
922 3 2 1 1 2116 2006 2081 2180
923 3 2 1 1 2476 2537 2707 2610
924 3 2 1 1 2843 2988 2908 2741
925 3 2 1 1 1751 1858 2022 1916
926 3 2 1 1 3368 3521 4055 3837
927 3 2 1 1 1333 1219 1034 1119
928 3 2 1 1 2813 2955 3046 2900
929 3 2 1 1 1854 1770 1946 2014
930 3 2 1 1 3117 3560 3380 3242
931 3 2 1 1 1995 2157 2265 2094
932 3 2 1 1 3054 3203 3335 3320
933 3 2 1 1 3069 3114 3279 2969
934 3 2 1 1 2803 2905 3066 2945
935 3 2 1 1 2885 3050 3169 2986
936 3 2 1 1 1667 1581 1555 1641
937 3 2 1 1 1945 1952 2107 2000
938 3 2 1 1 3707 3266 3404 3555
939 3 2 1 1 1398 1334 1512 1601
940 3 2 1 1 2827 2888 3055 2952
941 3 2 1 1 3230 3412 3716 3544
942 3 2 1 1 2951 3117 3242 3052
943 3 2 1 1 2904 2876 3069 2969
944 3 2 1 1 4006 4066 4098 3846
945 3 2 1 1 1195 1380 1327 1243
946 3 2 1 1 2902 3661 3103 2984
947 3 2 1 1 1928 1841 1914 2006
948 3 2 1 1 1541 1462 1611 1647
949 3 2 1 1 3118 3260 3540 3407
950 3 2 1 1 1203 1339 1516 1399
951 3 2 1 1 3257 3410 3517 3121
952 3 2 1 1 2383 2477 2628 2529
953 3 2 1 1 1984 2018 2226 1828
954 3 2 1 1 3836 3572 3281 3374
955 3 2 1 1 1812 1907 1760 1668
956 3 2 1 1 3192 3226 3403 3031
957 3 2 1 1 1118 910 1045 1141
958 3 2 1 1 2738 2602 2710 2756
959 3 2 1 1 2945 3066 3278 3165
960 3 2 1 1 2402 2477 2383 2340
961 3 2 1 1 2438 2308 2564 2484
962 3 2 1 1 1181 1006 1329 1204
963 3 2 1 1 927 1032 1270 1182
964 3 2 1 1 2529 2628 2760 2669
965 3 2 1 1 2388 2568 2624 2490
966 3 2 1 1 951 1039 1245 1103
967 3 2 1 1 1594 1698 1577 1400
968 3 2 1 1 3147 3363 3564 3273
969 3 2 1 1 1803 1734 1821 1686
970 3 2 1 1 2125 2000 2266 2162
971 3 2 1 1 2677 2773 2907 2817
972 3 2 1 1 2345 2233 2490 2421
973 3 2 1 1 2231 2420 2485 2342
974 3 2 1 1 2755 2902 2984 2825
975 3 2 1 1 3372 3504 3904 3746
976 3 2 1 1 2977 3074 3275 3159
977 3 2 1 1 2263 2269 2412 2311
978 3 2 1 1 2080 2187 2322 2248
979 3 2 1 1 3562 3669 3999 3865
980 3 2 1 1 2806 2904 2969 3099
981 3 2 1 1 2961 3164 3033 2897
982 3 2 1 1 4044 4105 4100 4066
983 3 2 1 1 1701 1845 1752 1578
984 3 2 1 1 2416 2478 2630 2562
985 3 2 1 1 2155 2251 2334 2175
986 3 2 1 1 2334 2411 2455 2372
987 3 2 1 1 3975 2896 3075 2944
988 3 2 1 1 3576 3464 2952 3121
989 3 2 1 1 3673 3864 4064 3982
990 3 2 1 1 910 1084 728 840
991 3 2 1 1 2159 2241 2403 2308
992 3 2 1 1 2761 2658 2701 2749
993 3 2 1 1 2769 2672 2620 2536
994 3 2 1 1 1037 1144 1165 1090
995 3 2 1 1 2329 2417 2479 2261
996 3 2 1 1 1162 1212 1144 1037
997 3 2 1 1 1237 1116 1479 1330
998 3 2 1 1 949 1038 1243 1100
999 3 2 1 1 1401 1510 1701 1578
1000 3 2 1 1 2542 2589 2730 2616
1001 3 2 1 1 2210 2143 2381 2287
1002 3 2 1 1 2958 3071 3277 3149
1003 3 2 1 1 2873 2852 2915 3001
1004 3 2 1 1 2324 2253 2301 2433
1005 3 2 1 1 3079 2890 2954 3037
1006 3 2 1 1 2439 2256 2590 2512
1007 3 2 1 1 1344 1008 1123 1246
1008 3 2 1 1 2771 3333 2883 2840
1009 3 2 1 1 1780 1575 1675 1748
1010 3 2 1 1 3715 4041 3914 3824
1011 3 2 1 1 3314 3414 3363 3147
1012 3 2 1 1 3047 2982 3067 3135
1013 3 2 1 1 1380 1202 1458 1397
1014 3 2 1 1 1789 1721 1750 1841
1015 3 2 1 1 3576 3788 3744 3378
1016 3 2 1 1 905 1195 1243 1038
1017 3 2 1 1 2972 2984 3103 3049
1018 3 2 1 1 1490 1600 2072 1664
1019 3 2 1 1 3040 3259 3237 3172
1020 3 2 1 1 1930 1838 1935 2071
1021 3 2 1 1 2862 2878 2964 2920
1022 3 2 1 1 2728 2601 2786 2736
1023 3 2 1 1 954 964 1142 1006
1024 3 2 1 1 1494 1662 1651 1441
1025 3 2 1 1 2544 2497 2596 2614
1026 3 2 1 1 2340 2383 2725 2247
1027 3 2 1 1 3682 3630 3489 3890
1028 3 2 1 1 2853 3010 2810 2746
1029 3 2 1 1 2184 2088 2010 2208
1030 3 2 1 1 1680 1702 1858 1751
1031 3 2 1 1 3376 3872 3762 3551
1032 3 2 1 1 1343 1393 1519 1437
1033 3 2 1 1 3230 3359 3265 3108
1034 3 2 1 1 2561 2937 2670 2637
1035 3 2 1 1 2758 2896 2801 2698
1036 3 2 1 1 1051 1140 1166 1091
1037 3 2 1 1 2907 2773 2764 2844
1038 3 2 1 1 1599 1706 1590 1422
1039 3 2 1 1 2734 2839 2875 3014
1040 3 2 1 1 2119 2147 1930 2124
1041 3 2 1 1 2018 2115 2277 2160
1042 3 2 1 1 2944 3075 3108 3265
1043 3 2 1 1 1329 1517 1400 1204
1044 3 2 1 1 2987 3152 3028 2878
1045 3 2 1 1 1334 1426 1529 1512
1046 3 2 1 1 3064 3256 3117 2951
1047 3 2 1 1 3213 3111 3007 3024
1048 3 2 1 1 2931 3058 2980 2829
1049 3 2 1 1 1233 1370 1478 1436
1050 3 2 1 1 3750 3740 3977 3514
1051 3 2 1 1 1804 1836 1933 1903
1052 3 2 1 1 3097 2979 2891 3043
1053 3 2 1 1 1767 1847 1770 1695
1054 3 2 1 1 1400 1577 1721 1648
1055 3 2 1 1 1861 1780 1949 1944
1056 3 2 1 1 3974 3677 3230 3544
1057 3 2 1 1 2754 2882 2988 2843
1058 3 2 1 1 3126 3076 2928 2985
1059 3 2 1 1 1316 1448 1410 1358
1060 3 2 1 1 1254 1328 1246 1123
1061 3 2 1 1 2029 2111 2052 1933
1062 3 2 1 1 2029 1919 2004 2152
1063 3 2 1 1 2517 2470 2230 2343
1064 3 2 1 1 1760 1896 1810 1674
1065 3 2 1 1 1023 981 1041 1186
1066 3 2 1 1 2768 2677 2817 3330
1067 3 2 1 1 3573 3151 3267 3399
1068 3 2 1 1 2189 2033 1911 2083
1069 3 2 1 1 1175 1017 1055 1112
1070 3 2 1 1 3787 3837 4055 3926
1071 3 2 1 1 2810 2884 2844 2764
1072 3 2 1 1 4006 3846 4112 3729
1073 3 2 1 1 2222 2144 2300 2374
1074 3 2 1 1 3652 3389 3607 3751
1075 3 2 1 1 3062 3173 2748 2965
1076 3 2 1 1 3947 3676 4095 3993
1077 3 2 1 1 4010 3985 3498 3667
1078 3 2 1 1 2418 2341 2387 2469
1079 3 2 1 1 2758 2667 2803 3004
1080 3 2 1 1 1977 2068 1908 2075
1081 3 2 1 1 2682 2746 2706 2606
1082 3 2 1 1 2369 2087 2296 2042
1083 3 2 1 1 3114 3409 3413 3279
1084 3 2 1 1 3497 3372 3746 3901
1085 3 2 1 1 804 877 911 813
1086 3 2 1 1 3415 3293 3072 3148
1087 3 2 1 1 1814 1821 1499 1697
1088 3 2 1 1 952 813 911 1043
1089 3 2 1 1 3131 3427 3474 3276
1090 3 2 1 1 2670 2836 2916 2767
1091 3 2 1 1 2676 2753 2815 2928
1092 3 2 1 1 2077 2078 2167 2146
1093 3 2 1 1 2333 2242 2434 2422
1094 3 2 1 1 2408 2794 2728 2558
1095 3 2 1 1 13 891 742 12
1096 3 2 1 1 1053 937 1023 1156
1097 3 2 1 1 2742 2885 2986 2815
1098 3 2 1 1 1591 1566 1428 1507
1099 3 2 1 1 2662 2538 2712 2675
1100 3 2 1 1 3068 3099 3193 3113
1101 3 2 1 1 1314 1432 1600 1490
1102 3 2 1 1 2623 2417 2489 2662
1103 3 2 1 1 2135 2002 1833 1954
1104 3 2 1 1 1182 1433 1301 1283
1105 3 2 1 1 2193 1998 2095 2161
1106 3 2 1 1 1743 1859 1966 1672
1107 3 2 1 1 2128 2228 2188 2005
1108 3 2 1 1 2112 2264 2158 1997
1109 3 2 1 1 2764 2706 2746 2810
1110 3 2 1 1 3662 3561 3384 3482
1111 3 2 1 1 2062 1937 2009 2113
1112 3 2 1 1 1941 2095 1998 1829
1113 3 2 1 1 3511 3680 4043 4062
1114 3 2 1 1 1449 1379 1215 1558
1115 3 2 1 1 2337 2237 2519 2450
1116 3 2 1 1 816 966 854 772
1117 3 2 1 1 1580 1666 1864 1791
1118 3 2 1 1 3414 3314 3025 3516
1119 3 2 1 1 2261 2101 2170 2329
1120 3 2 1 1 2694 2563 2464 2638
1121 3 2 1 1 2756 2672 2909 2826
1122 3 2 1 1 3255 3474 3645 3426
1123 3 2 1 1 955 1010 1162 929
1124 3 2 1 1 1397 1525 1327 1380
1125 3 2 1 1 3233 3486 3729 3402
1126 3 2 1 1 4061 4003 4032 3849
1127 3 2 1 1 2028 1981 1855 2104
1128 3 2 1 1 1890 1915 2021 1965
1129 3 2 1 1 1579 1737 1696 1826
1130 3 2 1 1 2184 2364 2287 2381
1131 3 2 1 1 3574 3880 3807 3382
1132 3 2 1 1 2086 2165 2350 2285
1133 3 2 1 1 3293 3499 3371 3124
1134 3 2 1 1 4115 3555 3404 4116
1135 3 2 1 1 1119 1034 960 1044
1136 3 2 1 1 2181 1917 2052 2111
1137 3 2 1 1 3237 3041 2901 3172
1138 3 2 1 1 4040 3925 3808 4059
1139 3 2 1 1 1451 1421 1549 1550
1140 3 2 1 1 962 1055 1017 933
1141 3 2 1 1 2633 2730 2589 2541
1142 3 2 1 1 2398 2354 2355 2475
1143 3 2 1 1 1808 1684 1885 1980
1144 3 2 1 1 3728 3409 3114 3571
1145 3 2 1 1 1752 1845 2052 1917
1146 3 2 1 1 3573 3877 3737 3437
1147 3 2 1 1 1444 1445 1518 1599
1148 3 2 1 1 1412 1499 1821 1653
1149 3 2 1 1 1670 1608 1496 1612
1150 3 2 1 1 2877 2971 2763 2837
1151 3 2 1 1 3327 3326 3450 3649
1152 3 2 1 1 1369 1104 915 1269
1153 3 2 1 1 1448 1498 1643 1410
1154 3 2 1 1 3281 3280 3135 3067
1155 3 2 1 1 3697 3959 3896 3762
1156 3 2 1 1 2434 2344 2297 2382
1157 3 2 1 1 3148 3321 3425 3415
1158 3 2 1 1 2394 2519 2237 2339
1159 3 2 1 1 2605 2829 2980 2737
1160 3 2 1 1 1654 1500 1702 1680
1161 3 2 1 1 1307 1652 1744 1606
1162 3 2 1 1 2804 2691 2535 2767
1163 3 2 1 1 3945 3960 4004 4056
1164 3 2 1 1 1313 1431 1638 1488
1165 3 2 1 1 3413 3409 3740 3575
1166 3 2 1 1 1437 1661 1668 1589
1167 3 2 1 1 2027 1928 2006 2116
1168 3 2 1 1 3101 2750 3096 3090
1169 3 2 1 1 2208 2296 2087 2370
1170 3 2 1 1 3726 3871 4097 3981
1171 3 2 1 1 4075 3923 3707 3995
1172 3 2 1 1 1380 1195 1113 1202
1173 3 2 1 1 2976 2847 2783 2912
1174 3 2 1 1 832 673 1038 949
1175 3 2 1 1 2611 2640 2545 2593
1176 3 2 1 1 3841 3411 3806 3638
1177 3 2 1 1 3111 3368 3965 3513
1178 3 2 1 1 2299 2355 2354 2186
1179 3 2 1 1 1472 1354 1552 1634
1180 3 2 1 1 3555 4092 3995 3707
1181 3 2 1 1 3984 4090 4061 4060
1182 3 2 1 1 2255 2194 2413 2309
1183 3 2 1 1 3049 3103 3260 3118
1184 3 2 1 1 2955 3032 3229 3123
1185 3 2 1 1 1907 2040 2073 1989
1186 3 2 1 1 831 967 1045 679
1187 3 2 1 1 1239 1036 1104 1244
1188 3 2 1 1 3157 3077 3217 3478
1189 3 2 1 1 1328 1254 1100 1430
1190 3 2 1 1 4051 4072 3981 4097
1191 3 2 1 1 2060 1979 2144 2222
1192 3 2 1 1 1599 1518 1681 1706
1193 3 2 1 1 2403 2418 2469 2521
1194 3 2 1 1 2920 2668 2796 2862
1195 3 2 1 1 2508 2402 2260 2375
1196 3 2 1 1 3226 3271 3660 3376
1197 3 2 1 1 2733 2765 2911 2800
1198 3 2 1 1 3404 3220 3494 4116
1199 3 2 1 1 1186 1297 1156 1023
1200 3 2 1 1 1899 1519 1402 1579
1201 3 2 1 1 3088 3289 2603 3200
1202 3 2 1 1 2867 2158 2264 2306
1203 3 2 1 1 2994 3039 2960 2884
1204 3 2 1 1 3164 3386 3505 3227
1205 3 2 1 1 2180 2330 2588 2277
1206 3 2 1 1 2081 2006 1914 2198
1207 3 2 1 1 2964 3161 3233 3022
1208 3 2 1 1 2896 3975 2978 2801
1209 3 2 1 1 2386 2330 2232 2481
1210 3 2 1 1 1265 1446 1336 1126
1211 3 2 1 1 1563 1245 1039 1196
1212 3 2 1 1 3404 3028 3152 3220
1213 3 2 1 1 1886 1807 1979 2060
1214 3 2 1 1 3560 3117 3256 3378
1215 3 2 1 1 2750 3101 2828 2700
1216 3 2 1 1 2736 2806 2872 2860
1217 3 2 1 1 2265 2325 2405 2259
1218 3 2 1 1 3561 3662 3434 3419
1219 3 2 1 1 3915 3780 3528 4042
1220 3 2 1 1 1944 1949 2110 2023
1221 3 2 1 1 3574 3362 3714 3880
1222 3 2 1 1 161 10 162 765
1223 3 2 1 1 3691 4050 3901 3868
1224 3 2 1 1 1219 1297 1186 1041
1225 3 2 1 1 3318 3048 3089 3197
1226 3 2 1 1 3561 3419 3587 3834
1227 3 2 1 1 3689 3868 3901 3746
1228 3 2 1 1 3438 3316 3629 3655
1229 3 2 1 1 2934 3199 2970 2832
1230 3 2 1 1 1971 1771 1906 1913
1231 3 2 1 1 1710 2154 1908 1758
1232 3 2 1 1 3714 3362 3416 3498
1233 3 2 1 1 3764 3967 3380 3560
1234 3 2 1 1 2634 2796 2668 2532
1235 3 2 1 1 3674 3878 3663 3379
1236 3 2 1 1 1655 1607 1640 1741
1237 3 2 1 1 3862 3542 3595 3812
1238 3 2 1 1 1654 1594 1400 1517
1239 3 2 1 1 3727 3339 3679 3953
1240 3 2 1 1 1863 1750 1721 1577
1241 3 2 1 1 2461 2309 2413 2594
1242 3 2 1 1 2032 2031 1938 1839
1243 3 2 1 1 2158 2867 2794 2408
1244 3 2 1 1 1748 1829 1949 1780
1245 3 2 1 1 1642 1643 1787 1693
1246 3 2 1 1 2018 1984 2131 2115
1247 3 2 1 1 1168 1124 1276 1364
1248 3 2 1 1 3080 2949 3274 3131
1249 3 2 1 1 3437 3323 3151 3573
1250 3 2 1 1 1907 1989 1896 1760
1251 3 2 1 1 2028 2104 2159 2522
1252 3 2 1 1 1491 1901 1301 1433
1253 3 2 1 1 1709 1778 1853 1873
1254 3 2 1 1 3133 3049 3118 3231
1255 3 2 1 1 787 1027 1137 988
1256 3 2 1 1 3553 3285 3242 4091
1257 3 2 1 1 3414 3511 3678 3363
1258 3 2 1 1 2465 2656 2551 2572
1259 3 2 1 1 1532 1420 1626 1722
1260 3 2 1 1 2734 2731 2631 2839
1261 3 2 1 1 2157 2443 2325 2265
1262 3 2 1 1 1870 1968 2133 2048
1263 3 2 1 1 1670 1810 1896 1862
1264 3 2 1 1 963 739 766 829
1265 3 2 1 1 1951 2004 1919 1864
1266 3 2 1 1 840 137 138 679
1267 3 2 1 1 683 759 140 141
1268 3 2 1 1 831 139 140 759
1269 3 2 1 1 1933 2052 1987 1903
1270 3 2 1 1 3109 3077 3015 3023
1271 3 2 1 1 893 730 771 822
1272 3 2 1 1 2734 3014 3102 2930
1273 3 2 1 1 1914 1841 1750 2019
1274 3 2 1 1 3640 3722 3893 3828
1275 3 2 1 1 1019 1236 1395 1135
1276 3 2 1 1 2910 2679 2752 2819
1277 3 2 1 1 2866 2689 2820 2853
1278 3 2 1 1 1455 1350 1530 1639
1279 3 2 1 1 2538 2466 2595 2644
1280 3 2 1 1 2963 2994 3010 2899
1281 3 2 1 1 833 764 964 954
1282 3 2 1 1 27 1176 1027 26
1283 3 2 1 1 2104 1996 2241 2159
1284 3 2 1 1 2109 2019 2149 2125
1285 3 2 1 1 725 159 160 830
1286 3 2 1 1 3761 3699 3928 3872
1287 3 2 1 1 2161 2256 2439 2378
1288 3 2 1 1 2350 2165 2237 2337
1289 3 2 1 1 1912 1995 2094 1946
1290 3 2 1 1 3171 2885 2742 2967
1291 3 2 1 1 3889 3747 3503 4053
1292 3 2 1 1 764 157 158 760
1293 3 2 1 1 725 760 158 159
1294 3 2 1 1 1854 1610 1695 1770
1295 3 2 1 1 851 127 128 727
1296 3 2 1 1 3680 3516 3577 3853
1297 3 2 1 1 3479 3417 3626 3453
1298 3 2 1 1 898 948 1028 1082
1299 3 2 1 1 2419 2328 2452 2430
1300 3 2 1 1 3489 3630 3478 3217
1301 3 2 1 1 4096 3425 3372 3497
1302 3 2 1 1 833 156 157 764
1303 3 2 1 1 756 126 127 851
1304 3 2 1 1 835 674 1031 907
1305 3 2 1 1 824 939 855 773
1306 3 2 1 1 2990 2989 2881 2814
1307 3 2 1 1 3401 3282 3135 3280
1308 3 2 1 1 2114 2058 2031 2190
1309 3 2 1 1 679 138 139 831
1310 3 2 1 1 2973 2906 2972 3100
1311 3 2 1 1 2820 2899 3010 2853
1312 3 2 1 1 3884 4012 3813 3939
1313 3 2 1 1 908 1039 951 762
1314 3 2 1 1 1442 1550 1725 1622
1315 3 2 1 1 925 976 856 740
1316 3 2 1 1 3995 4092 4013 3876
1317 3 2 1 1 832 142 143 673
1318 3 2 1 1 2954 2983 3168 3038
1319 3 2 1 1 834 144 145 761
1320 3 2 1 1 835 146 147 674
1321 3 2 1 1 2217 2165 2086 2002
1322 3 2 1 1 3791 702 3849 4032
1323 3 2 1 1 836 148 149 762
1324 3 2 1 1 1787 1643 1498 1705
1325 3 2 1 1 837 150 151 675
1326 3 2 1 1 2707 2537 2606 2706
1327 3 2 1 1 3188 710 3215 3477
1328 3 2 1 1 3310 711 3360 3658
1329 3 2 1 1 3447 712 3488 3825
1330 3 2 1 1 3305 708 3349 3657
1331 3 2 1 1 838 152 153 763
1332 3 2 1 1 3108 3165 3412 3230
1333 3 2 1 1 839 154 155 676
1334 3 2 1 1 3309 714 3353 3656
1335 3 2 1 1 2738 2756 2826 3195
1336 3 2 1 1 3373 3700 3805 3496
1337 3 2 1 1 928 1041 981 727
1338 3 2 1 1 2343 2446 2080 2248
1339 3 2 1 1 683 141 142 832
1340 3 2 1 1 1552 1778 1709 1634
1341 3 2 1 1 3362 3315 3150 3416
1342 3 2 1 1 3185 723 3336 3337
1343 3 2 1 1 838 763 1033 909
1344 3 2 1 1 3469 3386 3164 3268
1345 3 2 1 1 3155 3465 3290 3198
1346 3 2 1 1 2058 1912 1847 1990
1347 3 2 1 1 1517 1329 1484 1470
1348 3 2 1 1 2685 2663 2597 2511
1349 3 2 1 1 2247 2725 2410 2338
1350 3 2 1 1 2488 2394 2339 2319
1351 3 2 1 1 4047 3545 3168 3269
1352 3 2 1 1 676 155 156 833
1353 3 2 1 1 2336 2276 2318 2396
1354 3 2 1 1 673 143 144 834
1355 3 2 1 1 1742 1833 1920 1755
1356 3 2 1 1 2405 2457 2598 2557
1357 3 2 1 1 761 145 146 835
1358 3 2 1 1 2631 2459 2532 2642
1359 3 2 1 1 674 147 148 836
1360 3 2 1 1 2047 2079 2182 2129
1361 3 2 1 1 2417 2329 2453 2489
1362 3 2 1 1 762 149 150 837
1363 3 2 1 1 675 151 152 838
1364 3 2 1 1 1619 1523 1684 1808
1365 3 2 1 1 2673 2737 2918 2812
1366 3 2 1 1 763 153 154 839
1367 3 2 1 1 1946 1770 1847 1912
1368 3 2 1 1 1544 1476 1347 1545
1369 3 2 1 1 2629 2493 2410 2550
1370 3 2 1 1 2804 2862 2796 2691
1371 3 2 1 1 2676 2816 2914 2766
1372 3 2 1 1 3196 3418 3272 3057
1373 3 2 1 1 4114 3870 4108 3994
1374 3 2 1 1 2560 2569 2699 2608
1375 3 2 1 1 1441 1246 1328 1404
1376 3 2 1 1 767 688 172 173
1377 3 2 1 1 762 951 1382 836
1378 3 2 1 1 3563 3272 3418 3731
1379 3 2 1 1 1254 1387 949 1100
1380 3 2 1 1 1565 1509 1457 1369
1381 3 2 1 1 768 682 169 170
1382 3 2 1 1 2160 2231 2342 2199
1383 3 2 1 1 729 928 727 842
1384 3 2 1 1 2155 2056 2141 1920
1385 3 2 1 1 769 689 175 176
1386 3 2 1 1 3184 3406 3229 3032
1387 3 2 1 1 2639 2483 2496 2531
1388 3 2 1 1 1299 1429 1585 1718
1389 3 2 1 1 850 237 236 718
1390 3 2 1 1 676 833 954 1286
1391 3 2 1 1 1368 1472 1634 1526
1392 3 2 1 1 986 749 1085 1171
1393 3 2 1 1 3567 3229 3406 3509
1394 3 2 1 1 3377 3407 3752 3580
1395 3 2 1 1 1781 1583 1678 1835
1396 3 2 1 1 3509 3766 3958 3567
1397 3 2 1 1 2879 2908 3072 2956
1398 3 2 1 1 2863 2937 2692 2741
1399 3 2 1 1 2404 2445 2251 2350
1400 3 2 1 1 2444 2567 2581 2515
1401 3 2 1 1 1907 1812 1973 1936
1402 3 2 1 1 2682 2621 2865 2772
1403 3 2 1 1 676 927 1385 839
1404 3 2 1 1 3334 3244 3069 3162
1405 3 2 1 1 2462 2569 2419 2430
1406 3 2 1 1 3284 3283 3109 3023
1407 3 2 1 1 1667 1641 1710 1758
1408 3 2 1 1 770 672 166 167
1409 3 2 1 1 2550 2410 2725 2653
1410 3 2 1 1 3258 3735 3491 3468
1411 3 2 1 1 1610 1489 1397 1458
1412 3 2 1 1 2438 2522 2159 2308
1413 3 2 1 1 3500 3206 3826 3895
1414 3 2 1 1 2610 2655 2591 2476
1415 3 2 1 1 2198 2109 2269 2263
1416 3 2 1 1 3637 3361 3206 3500
1417 3 2 1 1 1576 1690 1512 1529
1418 3 2 1 1 849 235 234 778
1419 3 2 1 1 3737 3494 3220 3437
1420 3 2 1 1 766 739 180 181
1421 3 2 1 1 2535 2691 2796 2634
1422 3 2 1 1 2874 2835 3182 2942
1423 3 2 1 1 2842 2695 2727 2733
1424 3 2 1 1 3098 2963 2913 3059
1425 3 2 1 1 2702 2755 2825 2701
1426 3 2 1 1 1205 1496 1608 1438
1427 3 2 1 1 728 136 137 840
1428 3 2 1 1 2309 2395 2724 2255
1429 3 2 1 1 1282 1382 951 1103
1430 3 2 1 1 1410 1643 1642 1558
1431 3 2 1 1 1707 1799 1968 1870
1432 3 2 1 1 1302 1470 1484 1239
1433 3 2 1 1 3271 3226 3192 3046
1434 3 2 1 1 1836 1791 1864 1919
1435 3 2 1 1 2823 2774 2845 2891
1436 3 2 1 1 2927 3009 2693 2827
1437 3 2 1 1 3283 3557 3383 3109
1438 3 2 1 1 1519 1393 1206 1402
1439 3 2 1 1 3852 4030 4017 3714
1440 3 2 1 1 2989 2990 3166 3060
1441 3 2 1 1 771 730 163 164
1442 3 2 1 1 1795 1728 1883 1961
1443 3 2 1 1 1861 2376 2020 1749
1444 3 2 1 1 2516 2449 2597 2663
1445 3 2 1 1 3374 3281 3067 3158
1446 3 2 1 1 1283 1385 927 1182
1447 3 2 1 1 2992 2860 2872 2982
1448 3 2 1 1 2706 2764 2773 2707
1449 3 2 1 1 3135 3282 3182 3047
1450 3 2 1 1 3069 3244 3571 3114
1451 3 2 1 1 3693 4058 4013 4092
1452 3 2 1 1 2365 2292 2449 2516
1453 3 2 1 1 1696 1755 1920 2141
1454 3 2 1 1 2904 2806 2736 2786
1455 3 2 1 1 2406 2513 2520 2422
1456 3 2 1 1 2603 3331 2697 2530
1457 3 2 1 1 2921 2992 3082 2600
1458 3 2 1 1 910 1118 1154 1084
1459 3 2 1 1 2653 2725 2383 2529
1460 3 2 1 1 856 254 253 740
1461 3 2 1 1 2973 2824 2749 2906
1462 3 2 1 1 2800 2943 3061 2871
1463 3 2 1 1 947 1083 1294 1193
1464 3 2 1 1 2266 2201 2363 2347
1465 3 2 1 1 3526 3718 3968 3381
1466 3 2 1 1 1916 2660 2100 2026
1467 3 2 1 1 2907 2844 3071 2958
1468 3 2 1 1 1061 922 1124 1168
1469 3 2 1 1 2882 3029 3223 3321
1470 3 2 1 1 2669 2811 2933 3011
1471 3 2 1 1 853 252 251 724
1472 3 2 1 1 3007 3111 3513 3221
1473 3 2 1 1 3107 3382 3659 3274
1474 3 2 1 1 4063 3745 3357 3732
1475 3 2 1 1 872 784 938 1075
1476 3 2 1 1 1074 1255 1386 1111
1477 3 2 1 1 2876 2851 2824 2973
1478 3 2 1 1 2727 2793 2557 2598
1479 3 2 1 1 2512 2399 2549 2582
1480 3 2 1 1 3504 3372 3223 3300
1481 3 2 1 1 1428 1566 43 44
1482 3 2 1 1 3236 3559 3753 3906
1483 3 2 1 1 1783 1945 2149 1863
1484 3 2 1 1 1563 1196 1114 1203
1485 3 2 1 1 1575 1676 1543 1398
1486 3 2 1 1 3858 3683 3410 3507
1487 3 2 1 1 2638 2789 2795 2694
1488 3 2 1 1 2421 2490 2624 2729
1489 3 2 1 1 3557 3870 3671 3383
1490 3 2 1 1 2081 2198 2263 2452
1491 3 2 1 1 1247 1434 1338 1187
1492 3 2 1 1 2845 2674 2814 2881
1493 3 2 1 1 1771 1839 1938 1687
1494 3 2 1 1 2483 2443 2305 2496
1495 3 2 1 1 854 250 249 772
1496 3 2 1 1 2353 663 2425 2468
1497 3 2 1 1 3169 3050 3320 3335
1498 3 2 1 1 3290 3255 3036 3132
1499 3 2 1 1 2754 2684 2723 2838
1500 3 2 1 1 857 239 238 757
1501 3 2 1 1 2590 2089 2191 2240
1502 3 2 1 1 772 249 248 691
1503 3 2 1 1 1857 1947 1768 1894
1504 3 2 1 1 727 128 129 842
1505 3 2 1 1 2602 2461 2594 2710
1506 3 2 1 1 2878 2862 2804 2987
1507 3 2 1 1 2997 3016 3155 3092
1508 3 2 1 1 1824 1510 1340 1603
1509 3 2 1 1 887 793 992 1069
1510 3 2 1 1 1862 1786 1608 1670
1511 3 2 1 1 885 748 991 1068
1512 3 2 1 1 2478 2416 2305 2257
1513 3 2 1 1 2768 2674 2463 2655
1514 3 2 1 1 2459 2631 2731 2564
1515 3 2 1 1 3748 3653 3805 3884
1516 3 2 1 1 1620 1632 1616 1704
1517 3 2 1 1 3654 3224 3503 3747
1518 3 2 1 1 883 677 990 1067
1519 3 2 1 1 1831 1942 2098 1999
1520 3 2 1 1 3673 3219 3628 3864
1521 3 2 1 1 2108 2176 2135 2016
1522 3 2 1 1 3258 3468 3324 3026
1523 3 2 1 1 1256 1110 1472 1368
1524 3 2 1 1 3333 2771 2813 2900
1525 3 2 1 1 2457 2565 2627 2797
1526 3 2 1 1 2108 2016 1889 2033
1527 3 2 1 1 1331 1366 1222 1445
1528 3 2 1 1 2196 2234 2363 2201
1529 3 2 1 1 2195 2079 2047 2014
1530 3 2 1 1 3739 3670 3627 3524
1531 3 2 1 1 2943 3057 3272 3150
1532 3 2 1 1 3278 3562 3412 3165
1533 3 2 1 1 2571 2606 2537 2393
1534 3 2 1 1 2677 2768 2655 2610
1535 3 2 1 1 3082 2992 2982 3047
1536 3 2 1 1 3364 3492 3850 3694
1537 3 2 1 1 1743 1740 1781 1859
1538 3 2 1 1 2882 3006 3194 3029
1539 3 2 1 1 855 247 246 773
1540 3 2 1 1 2430 2311 2554 2462
1541 3 2 1 1 881 690 989 1066
1542 3 2 1 1 944 1081 959 841
1543 3 2 1 1 3232 3357 3745 3515
1544 3 2 1 1 3193 3279 3413 3222
1545 3 2 1 1 907 1101 1247 1079
1546 3 2 1 1 2841 2798 2781 2922
1547 3 2 1 1 1665 1831 1924 1765
1548 3 2 1 1 822 771 848 933
1549 3 2 1 1 1678 1868 1922 1835
1550 3 2 1 1 927 676 1286 1032
1551 3 2 1 1 3381 3968 3753 3559
1552 3 2 1 1 3742 3903 4053 3503
1553 3 2 1 1 2797 2783 2847 2690
1554 3 2 1 1 1937 2062 1970 1867
1555 3 2 1 1 3729 4112 3864 3628
1556 3 2 1 1 1945 1783 1851 1952
1557 3 2 1 1 2688 2776 2894 2846
1558 3 2 1 1 3594 651 3676 3947
1559 3 2 1 1 1547 1637 1894 1768
1560 3 2 1 1 3593 655 3688 3946
1561 3 2 1 1 3280 3281 3572 3373
1562 3 2 1 1 1302 1340 1510 1401
1563 3 2 1 1 2687 2790 2805 2739
1564 3 2 1 1 773 246 245 685
1565 3 2 1 1 2061 1991 1928 2027
1566 3 2 1 1 2220 2247 2338 2083
1567 3 2 1 1 3408 3838 3504 3300
1568 3 2 1 1 3296 659 3387 3633
1569 3 2 1 1 2243 2370 2525 2415
1570 3 2 1 1 3677 3974 4027 4029
1571 3 2 1 1 2522 2187 2080 2028
1572 3 2 1 1 1741 1697 1499 1655
1573 3 2 1 1 1613 1531 1315 1450
1574 3 2 1 1 3088 2991 2890 3079
1575 3 2 1 1 2665 2546 2487 2574
1576 3 2 1 1 2909 2809 3074 2977
1577 3 2 1 1 2797 2627 2698 2783
1578 3 2 1 1 3362 3574 3382 3107
1579 3 2 1 1 3039 3325 3130 2960
1580 3 2 1 1 2598 2457 2797 2690
1581 3 2 1 1 3038 3232 3365 3120
1582 3 2 1 1 836 1382 1031 674
1583 3 2 1 1 2809 2769 2856 2903
1584 3 2 1 1 852 135 136 728
1585 3 2 1 1 839 1385 1033 763
1586 3 2 1 1 2458 2553 2683 2601
1587 3 2 1 1 2501 2494 2575 2586
1588 3 2 1 1 2903 2889 3052 3201
1589 3 2 1 1 1625 1492 1581 1711
1590 3 2 1 1 3170 3079 3037 3127
1591 3 2 1 1 1971 1997 2105 2032
1592 3 2 1 1 3482 3384 3126 3239
1593 3 2 1 1 2627 2639 2758 2698
1594 3 2 1 1 1248 1435 1339 1188
1595 3 2 1 1 2106 2183 2215 2017
1596 3 2 1 1 1143 1008 1344 1206
1597 3 2 1 1 1490 1664 1774 1723
1598 3 2 1 1 2610 2707 2773 2677
1599 3 2 1 1 2801 2978 3065 2912
1600 3 2 1 1 2338 2410 2493 2235
1601 3 2 1 1 2341 2342 2485 2387
1602 3 2 1 1 3919 703 4044 4045
1603 3 2 1 1 2564 2731 2632 2484
1604 3 2 1 1 851 823 778 756
1605 3 2 1 1 2999 2993 3078 3095
1606 3 2 1 1 1181 1204 1345 1270
1607 3 2 1 1 1711 1666 1580 1625
1608 3 2 1 1 2605 2848 2931 2829
1609 3 2 1 1 1751 1916 2026 1969
1610 3 2 1 1 1581 1478 1305 1555
1611 3 2 1 1 1349 1253 1420 1532
1612 3 2 1 1 3297 698 3472 3473
1613 3 2 1 1 3183 697 3326 3327
1614 3 2 1 1 3543 3469 3261 3733
1615 3 2 1 1 760 812 964 764
1616 3 2 1 1 2023 2110 2288 2194
1617 3 2 1 1 2985 2986 3169 3042
1618 3 2 1 1 2897 2740 3062 2961
1619 3 2 1 1 133 786 132 7
1620 3 2 1 1 3010 2994 2884 2810
1621 3 2 1 1 1339 1435 1723 1516
1622 3 2 1 1 3505 3743 3508 3227
1623 3 2 1 1 1783 1775 1969 1851
1624 3 2 1 1 2696 2656 2465 2617
1625 3 2 1 1 2885 3171 3320 3050
1626 3 2 1 1 2487 2570 2467 2392
1627 3 2 1 1 2807 2927 3064 2951
1628 3 2 1 1 2424 2249 2171 2346
1629 3 2 1 1 2487 2321 2249 2424
1630 3 2 1 1 2495 2315 2272 2426
1631 3 2 1 1 1197 1127 932 1060
1632 3 2 1 1 909 1102 1248 1080
1633 3 2 1 1 4079 4076 4106 4107
1634 3 2 1 1 2426 2272 2205 2349
1635 3 2 1 1 2206 2275 2205 2118
1636 3 2 1 1 3920 3905 4051 4052
1637 3 2 1 1 2120 2206 2118 2034
1638 3 2 1 1 2205 2036 1931 2118
1639 3 2 1 1 2272 2084 2036 2205
1640 3 2 1 1 2988 3148 3072 2908
1641 3 2 1 1 2118 1931 1865 2034
1642 3 2 1 1 3863 3909 3673 4054
1643 3 2 1 1 2858 662 2924 2935
1644 3 2 1 1 3075 2896 2758 3004
1645 3 2 1 1 1991 1789 1841 1928
1646 3 2 1 1 1956 1800 1719 1866
1647 3 2 1 1 1866 1719 1125 1790
1648 3 2 1 1 2412 2666 2554 2311
1649 3 2 1 1 3842 3991 3850 3492
1650 3 2 1 1 2882 3321 3148 2988
1651 3 2 1 1 1471 1299 1718 1592
1652 3 2 1 1 3372 3425 3321 3223
1653 3 2 1 1 1441 1651 1737 1513
1654 3 2 1 1 1565 1369 1269 1232
1655 3 2 1 1 1998 2193 2288 2110
1656 3 2 1 1 2330 2386 2509 2588
1657 3 2 1 1 2787 2779 2868 2869
1658 3 2 1 1 3747 3675 3399 3654
1659 3 2 1 1 3300 3194 3033 3408
1660 3 2 1 1 3909 3863 3842 3584
1661 3 2 1 1 3241 3627 3670 3356
1662 3 2 1 1 3222 3970 3113 3193
1663 3 2 1 1 2146 2214 2213 2099
1664 3 2 1 1 1514 1695 1610 1458
1665 3 2 1 1 1942 1782 1856 2446
1666 3 2 1 1 3773 3758 3972 3973
1667 3 2 1 1 3201 3052 3242 3285
1668 3 2 1 1 1051 821 930 1009
1669 3 2 1 1 1897 2147 2209 2011
1670 3 2 1 1 1140 1051 1009 1105
1671 3 2 1 1 167 168 845 770
1672 3 2 1 1 3603 3578 3775 3820
1673 3 2 1 1 170 171 843 768
1674 3 2 1 1 173 174 844 767
1675 3 2 1 1 814 683 1387 950
1676 3 2 1 1 1581 1667 1784 1711
1677 3 2 1 1 1685 1757 1837 1769
1678 3 2 1 1 858 244 243 781
1679 3 2 1 1 2306 2458 2794 2867
1680 3 2 1 1 3601 3579 3829 3830
1681 3 2 1 1 3147 3273 3418 3056
1682 3 2 1 1 1790 1125 941 1273
1683 3 2 1 1 1763 1842 1937 1867
1684 3 2 1 1 4088 3890 3996 4111
1685 3 2 1 1 1412 1392 1258 1240
1686 3 2 1 1 1305 1105 1165 1258
1687 3 2 1 1 2556 2442 2307 2460
1688 3 2 1 1 1233 1436 1567 1454
1689 3 2 1 1 2231 2160 2277 2588
1690 3 2 1 1 3599 3582 3777 3821
1691 3 2 1 1 4074 4071 3863 4054
1692 3 2 1 1 3436 3420 3605 3651
1693 3 2 1 1 3596 3581 3776 3819
1694 3 2 1 1 840 679 1045 910
1695 3 2 1 1 1244 1104 1369 1457
1696 3 2 1 1 1091 958 821 1051
1697 3 2 1 1 890 752 1953 1978
1698 3 2 1 1 1090 956 815 1037
1699 3 2 1 1 1443 1259 1237 1312
1700 3 2 1 1 1929 2050 2085 2003
1701 3 2 1 1 1237 1259 1010 1138
1702 3 2 1 1 1036 1239 1484 1142
1703 3 2 1 1 810 942 858 781
1704 3 2 1 1 176 177 846 769
1705 3 2 1 1 3235 3393 3439 3318
1706 3 2 1 1 3689 3746 3904 3832
1707 3 2 1 1 2120 1953 752 2051
1708 3 2 1 1 1370 1233 1109 1166
1709 3 2 1 1 1259 1443 1346 1264
1710 3 2 1 1 1257 1153 1350 1455
1711 3 2 1 1 1237 1330 1475 1312
1712 3 2 1 1 1665 1609 1856 1782
1713 3 2 1 1 1138 818 961 1063
1714 3 2 1 1 1436 1492 1625 1567
1715 3 2 1 1 2703 2837 2763 2604
1716 3 2 1 1 750 134 135 852
1717 3 2 1 1 1093 1149 828 946
1718 3 2 1 1 1617 1396 1221 1515
1719 3 2 1 1 164 165 848 771
1720 3 2 1 1 1142 1484 1329 1006
1721 3 2 1 1 3564 3363 3678 3851
1722 3 2 1 1 2566 2464 2435 2391
1723 3 2 1 1 683 814 994 759
1724 3 2 1 1 1242 1054 1015 1109
1725 3 2 1 1 178 179 847 719
1726 3 2 1 1 781 243 242 743
1727 3 2 1 1 2956 3072 3293 3124
1728 3 2 1 1 4078 4104 4099 3978
1729 3 2 1 1 3761 3660 3370 3741
1730 3 2 1 1 3376 3551 3831 3226
1731 3 2 1 1 750 874 758 786
1732 3 2 1 1 2613 2705 2708 2664
1733 3 2 1 1 1452 1351 1523 1619
1734 3 2 1 1 2731 2734 2848 2632
1735 3 2 1 1 1054 811 931 1015
1736 3 2 1 1 3942 3540 3260 3754
1737 3 2 1 1 3751 3607 3453 3626
1738 3 2 1 1 2672 2756 2710 2620
1739 3 2 1 1 2028 1856 1699 1981
1740 3 2 1 1 1188 1022 1080 1248
1741 3 2 1 1 2614 2716 2798 2680
1742 3 2 1 1 2579 2645 2688 2619
1743 3 2 1 1 1335 1477 1217 1367
1744 3 2 1 1 3267 3475 3654 3399
1745 3 2 1 1 1055 962 811 1054
1746 3 2 1 1 3218 3027 2918 3160
1747 3 2 1 1 2075 1793 1734 1900
1748 3 2 1 1 1567 1508 1403 1454
1749 3 2 1 1 3256 3464 3576 3378
1750 3 2 1 1 1724 1791 1836 1804
1751 3 2 1 1 1863 2149 2019 1750
1752 3 2 1 1 3027 3269 3168 2983
1753 3 2 1 1 1861 1944 2023 2376
1754 3 2 1 1 2827 2763 2971 2888
1755 3 2 1 1 3260 3476 3913 3754
1756 3 2 1 1 3762 3896 3831 3551
1757 3 2 1 1 2513 2579 2619 2548
1758 3 2 1 1 1889 2016 1849 1805
1759 3 2 1 1 3892 3852 3985 4007
1760 3 2 1 1 3799 3576 3121 3517
1761 3 2 1 1 2799 2824 2851 2683
1762 3 2 1 1 2184 2208 2370 2243
1763 3 2 1 1 1546 1639 1799 1707
1764 3 2 1 1 862 241 240 670
1765 3 2 1 1 2216 2127 2292 2365
1766 3 2 1 1 815 767 844 929
1767 3 2 1 1 3858 4093 4046 3683
1768 3 2 1 1 761 1079 1247 1021
1769 3 2 1 1 821 768 843 930
1770 3 2 1 1 953 1159 1119 1044
1771 3 2 1 1 1826 1909 1973 2069
1772 3 2 1 1 786 133 134 750
1773 3 2 1 1 1259 1264 1162 1010
1774 3 2 1 1 2152 2173 2242 2204
1775 3 2 1 1 811 770 845 931
1776 3 2 1 1 1579 1402 1513 1737
1777 3 2 1 1 3871 4095 3676 4052
1778 3 2 1 1 1521 1497 1713 1587
1779 3 2 1 1 2152 2204 2169 2029
1780 3 2 1 1 3569 3604 3443 3645
1781 3 2 1 1 3742 3688 3961 3903
1782 3 2 1 1 2279 2453 2329 2170
1783 3 2 1 1 1489 1610 1854 1985
1784 3 2 1 1 1251 1210 1351 1452
1785 3 2 1 1 2771 2718 2687 2739
1786 3 2 1 1 3062 3268 3164 2961
1787 3 2 1 1 3833 3687 3889 4053
1788 3 2 1 1 1766 1620 1704 1874
1789 3 2 1 1 818 769 846 961
1790 3 2 1 1 1105 1009 1090 1165
1791 3 2 1 1 1076 967 994 1143
1792 3 2 1 1 2034 1865 993 1978
1793 3 2 1 1 3160 2918 2737 2980
1794 3 2 1 1 1434 1595 1514 1338
1795 3 2 1 1 1122 1150 1253 1349
1796 3 2 1 1 960 729 758 874
1797 3 2 1 1 2645 2714 2776 2688
1798 3 2 1 1 33 1570 1450 32
1799 3 2 1 1 818 1138 1010 955
1800 3 2 1 1 2180 2081 2452 2328
1801 3 2 1 1 2233 2345 2288 2193
1802 3 2 1 1 1529 1426 1245 1563
1803 3 2 1 1 3729 3486 3923 4006
1804 3 2 1 1 1974 2090 2117 2065
1805 3 2 1 1 3476 3778 3950 3913
1806 3 2 1 1 2346 2171 721 2281
1807 3 2 1 1 3944 3637 3500 3704
1808 3 2 1 1 842 129 130 729
1809 3 2 1 1 2666 2687 2718 2554
1810 3 2 1 1 254 856 753 255
1811 3 2 1 1 1985 1854 2014 2047
1812 3 2 1 1 967 1076 1141 1045
1813 3 2 1 1 1399 1516 1762 1699
1814 3 2 1 1 130 131 758 729
1815 3 2 1 1 1395 1116 1063 1127
1816 3 2 1 1 868 780 973 1057
1817 3 2 1 1 1021 1113 1195 905
1818 3 2 1 1 1964 2015 1921 1872
1819 3 2 1 1 2433 2492 2506 2324
1820 3 2 1 1 1695 1514 1595 1767
1821 3 2 1 1 3801 3698 3900 4038
1822 3 2 1 1 11 796 256 1
1823 3 2 1 1 3155 3205 2996 3092
1824 3 2 1 1 1597 1772 1889 1700
1825 3 2 1 1 959 924 859 726
1826 3 2 1 1 1258 1165 1144 1240
1827 3 2 1 1 1109 1015 1091 1166
1828 3 2 1 1 3410 3257 3324 3468
1829 3 2 1 1 2973 3162 3069 2876
1830 3 2 1 1 2018 2252 2356 2226
1831 3 2 1 1 3389 3725 3394 3614
1832 3 2 1 1 2659 2585 2559 2643
1833 3 2 1 1 1791 1724 1508 1580
1834 3 2 1 1 2173 2344 2434 2242
1835 3 2 1 1 181 182 790 766
1836 3 2 1 1 1703 1796 1587 1713
1837 3 2 1 1 3285 3115 2950 3201
1838 3 2 1 1 3078 3051 3153 3299
1839 3 2 1 1 1120 1046 968 1146
1840 3 2 1 1 2729 2856 2769 2536
1841 3 2 1 1 3465 3155 3016 3328
1842 3 2 1 1 1867 1705 1593 1763
1843 3 2 1 1 2611 2678 2715 2640
1844 3 2 1 1 3944 3722 3502 3964
1845 3 2 1 1 2052 1845 1701 1987
1846 3 2 1 1 2802 2697 3331 3167
1847 3 2 1 1 2165 2217 2339 2237
1848 3 2 1 1 3974 3544 3941 4049
1849 3 2 1 1 1915 2192 2150 2021
1850 3 2 1 1 1252 1251 1452 1303
1851 3 2 1 1 2113 1922 1868 2062
1852 3 2 1 1 3696 3931 3924 3755
1853 3 2 1 1 1918 2121 2090 2007
1854 3 2 1 1 3058 2931 2930 2946
1855 3 2 1 1 806 935 1230 1260
1856 3 2 1 1 1146 1367 1217 1120
1857 3 2 1 1 774 968 1046 860
1858 3 2 1 1 753 856 976 892
1859 3 2 1 1 1454 1403 1323 1365
1860 3 2 1 1 972 1147 1121 1047
1861 3 2 1 1 1957 2134 2097 2024
1862 3 2 1 1 2181 2317 2453 2279
1863 3 2 1 1 1997 1971 1913 2112
1864 3 2 1 1 965 925 740 853
1865 3 2 1 1 1151 1122 1349 1200
1866 3 2 1 1 1052 934 1257 1099
1867 3 2 1 1 1247 1187 1113 1021
1868 3 2 1 1 237 850 757 238
1869 3 2 1 1 934 1050 1153 1257
1870 3 2 1 1 239 857 670 240
1871 3 2 1 1 2205 2275 2321 2349
1872 3 2 1 1 2571 2482 2577 2621
1873 3 2 1 1 1110 1260 1354 1472
1874 3 2 1 1 3033 3194 3006 2897
1875 3 2 1 1 638 866 1052 935
1876 3 2 1 1 1048 1121 1348 1210
1877 3 2 1 1 2120 2034 1978 1953
1878 3 2 1 1 3356 3283 3284 3241
1879 3 2 1 1 876 726 258 257
1880 3 2 1 1 1887 1761 1926 2055
1881 3 2 1 1 2873 3001 3083 2957
1882 3 2 1 1 1153 1151 1200 1350
1883 3 2 1 1 1210 1348 1419 1351
1884 3 2 1 1 2974 3096 2679 2910
1885 3 2 1 1 859 259 258 726
1886 3 2 1 1 968 774 859 924
1887 3 2 1 1 2888 3324 3257 3055
1888 3 2 1 1 3369 3571 3244 3334
1889 3 2 1 1 1147 1250 1348 1121
1890 3 2 1 1 3865 4059 3810 3716
1891 3 2 1 1 774 260 259 859
1892 3 2 1 1 686 913 972 861
1893 3 2 1 1 26 1027 787 25
1894 3 2 1 1 860 261 260 774
1895 3 2 1 1 744 1047 969 776
1896 3 2 1 1 3417 3325 3129 3626
1897 3 2 1 1 1918 2035 2200 2121
1898 3 2 1 1 1049 864 777 970
1899 3 2 1 1 686 262 261 860
1900 3 2 1 1 776 969 971 863
1901 3 2 1 1 913 686 860 1046
1902 3 2 1 1 2604 2582 2549 2703
1903 3 2 1 1 861 263 262 686
1904 3 2 1 1 1077 1198 1058 966
1905 3 2 1 1 744 264 263 861
1906 3 2 1 1 776 265 264 744
1907 3 2 1 1 665 808 970 777
1908 3 2 1 1 1148 971 969 1048
1909 3 2 1 1 863 266 265 776
1910 3 2 1 1 1081 1184 1284 1020
1911 3 2 1 1 1487 1792 1893 1683
1912 3 2 1 1 665 267 266 863
1913 3 2 1 1 1198 1183 965 1058
1914 3 2 1 1 777 268 267 665
1915 3 2 1 1 864 269 268 777
1916 3 2 1 1 731 270 269 864
1917 3 2 1 1 865 271 270 731
1918 3 2 1 1 1047 744 861 972
1919 3 2 1 1 779 638 935 806
1920 3 2 1 1 2506 2545 2596 2502
1921 3 2 1 1 775 272 271 865
1922 3 2 1 1 866 273 272 775
1923 3 2 1 1 1012 913 1046 1120
1924 3 2 1 1 2409 2551 2661 2514
1925 3 2 1 1 273 866 638 274
1926 3 2 1 1 3137 2970 3199 3291
1927 3 2 1 1 2742 2834 3003 2967
1928 3 2 1 1 808 665 863 971
1929 3 2 1 1 1557 1616 1632 1456
1930 3 2 1 1 1037 815 929 1162
1931 3 2 1 1 1050 865 731 920
1932 3 2 1 1 274 638 779 275
1933 3 2 1 1 1047 1121 1048 969
1934 3 2 1 1 1350 1200 1415 1530
1935 3 2 1 1 864 1049 920 731
1936 3 2 1 1 780 779 806 973
1937 3 2 1 1 1764 1844 1881 1798
1938 3 2 1 1 908 1022 1188 1114
1939 3 2 1 1 2874 2942 3024 3007
1940 3 2 1 1 2742 2675 2712 2834
1941 3 2 1 1 868 277 276 780
1942 3 2 1 1 2696 2717 2583 2661
1943 3 2 1 1 3769 4025 3929 3800
1944 3 2 1 1 3236 3895 3826 3030
1945 3 2 1 1 924 1020 1146 968
1946 3 2 1 1 971 1148 1004 808
1947 3 2 1 1 1309 1455 1639 1546
1948 3 2 1 1 1249 1012 1120 1217
1949 3 2 1 1 275 779 780 276
1950 3 2 1 1 786 758 131 132
1951 3 2 1 1 913 1012 1147 972
1952 3 2 1 1 1052 866 775 934
1953 3 2 1 1 2917 2823 2891 2979
1954 3 2 1 1 868 720 278 277
1955 3 2 1 1 865 1050 934 775
1956 3 2 1 1 2353 2346 2281 2270
1957 3 2 1 1 1020 1284 1367 1146
1958 3 2 1 1 1250 1147 1012 1249
1959 3 2 1 1 869 279 278 720
1960 3 2 1 1 1221 940 827 1660
1961 3 2 1 1 1453 1308 1645 1497
1962 3 2 1 1 1217 1477 1308 1249
1963 3 2 1 1 973 806 1260 1110
1964 3 2 1 1 808 1004 1150 970
1965 3 2 1 1 2524 2432 2331 2447
1966 3 2 1 1 869 745 280 279
1967 3 2 1 1 1223 1335 1367 1284
1968 3 2 1 1 1419 1348 1250 1453
1969 3 2 1 1 257 256 796 876
1970 3 2 1 1 1122 1049 970 1150
1971 3 2 1 1 1049 1122 1151 920
1972 3 2 1 1 2607 2692 2937 2561
1973 3 2 1 1 1453 1250 1249 1308
1974 3 2 1 1 870 282 281 782
1975 3 2 1 1 922 975 1002 1124
1976 3 2 1 1 1004 1252 1253 1150
1977 3 2 1 1 3356 3726 4108 4113
1978 3 2 1 1 920 1151 1153 1050
1979 3 2 1 1 1057 921 720 868
1980 3 2 1 1 1148 1251 1252 1004
1981 3 2 1 1 1510 1824 1987 1701
1982 3 2 1 1 1200 1349 1532 1415
1983 3 2 1 1 1048 1210 1251 1148
1984 3 2 1 1 870 636 283 282
1985 3 2 1 1 1811 1754 1830 1967
1986 3 2 1 1 1083 1107 1389 1294
1987 3 2 1 1 871 284 283 636
1988 3 2 1 1 2122 1950 1874 1993
1989 3 2 1 1 878 795 21 22
1990 3 2 1 1 3818 3483 3672 3902
1991 3 2 1 1 1296 1263 1077 1169
1992 3 2 1 1 2279 2373 1917 2181
1993 3 2 1 1 784 746 805 938
1994 3 2 1 1 2273 2525 2369 2103
1995 3 2 1 1 4000 4073 4101 737
1996 3 2 1 1 1052 1099 1230 935
1997 3 2 1 1 252 853 740 253
1998 3 2 1 1 819 947 1193 1094
1999 3 2 1 1 746 871 980 805
2000 3 2 1 1 1070 1014 979 939
2001 3 2 1 1 3740 3750 3940 3575
2002 3 2 1 1 1520 1422 1363 1548
2003 3 2 1 1 250 854 724 251
2004 3 2 1 1 1242 1232 1175 1112
2005 3 2 1 1 4008 3704 3500 3895
2006 3 2 1 1 1353 1309 1546 1416
2007 3 2 1 1 1161 1002 975 1056
2008 3 2 1 1 1523 1521 1587 1684
2009 3 2 1 1 2298 2327 2423 2379
2010 3 2 1 1 1303 1452 1619 1493
2011 3 2 1 1 1155 1108 906 1059
2012 3 2 1 1 1056 869 720 921
2013 3 2 1 1 247 855 691 248
2014 3 2 1 1 1076 1143 1206 1393
2015 3 2 1 1 280 745 782 281
2016 3 2 1 1 3400 3137 3291 3663
2017 3 2 1 1 2340 2247 2220 2182
2018 3 2 1 1 22 23 637 878
2019 3 2 1 1 3892 3668 3818 3902
2020 3 2 1 1 829 766 790 785
2021 3 2 1 1 2845 2774 2463 2674
2022 3 2 1 1 3036 3255 3426 3134
2023 3 2 1 1 852 953 874 750
2024 3 2 1 1 2823 2917 2850 2936
2025 3 2 1 1 1256 1057 973 1110
2026 3 2 1 1 12 742 796 11
2027 3 2 1 1 1420 1303 1493 1626
2028 3 2 1 1 1252 1303 1420 1253
2029 3 2 1 1 1607 1540 1480 1640
2030 3 2 1 1 244 858 685 245
2031 3 2 1 1 1291 1154 1118 1211
2032 3 2 1 1 235 849 718 236
2033 3 2 1 1 1480 1408 1501 1640
2034 3 2 1 1 241 862 743 242
2035 3 2 1 1 1396 1617 1677 1573
2036 3 2 1 1 2037 1972 2127 2216
2037 3 2 1 1 891 13 14 736
2038 3 2 1 1 3138 3465 3328 2886
2039 3 2 1 1 1645 1308 1477 1569
2040 3 2 1 1 3719 3950 3778 3452
2041 3 2 1 1 1056 975 745 869
2042 3 2 1 1 3155 3198 3094 3205
2043 3 2 1 1 2012 2038 2126 2211
2044 3 2 1 1 1256 1152 921 1057
2045 3 2 1 1 1061 870 782 922
2046 3 2 1 1 1071 1070 939 824
2047 3 2 1 1 3654 3475 3093 3224
2048 3 2 1 1 871 746 285 284
2049 3 2 1 1 1876 1819 1559 1687
2050 3 2 1 1 2841 2922 2966 2915
2051 3 2 1 1 1455 1309 1099 1257
2052 3 2 1 1 20 21 795 754
2053 3 2 1 1 876 796 742 841
2054 3 2 1 1 182 9 634 790
2055 3 2 1 1 1263 1241 1198 1077
2056 3 2 1 1 1876 1767 1595 1819
2057 3 2 1 1 2571 2393 2293 2482
2058 3 2 1 1 2992 2921 2650 2860
2059 3 2 1 1 48 49 1016 1189
2060 3 2 1 1 1086 977 795 878
2061 3 2 1 1 2274 2441 2503 2359
2062 3 2 1 1 3291 3199 2934 3053
2063 3 2 1 1 782 745 975 922
2064 3 2 1 1 977 807 754 795
2065 3 2 1 1 2917 2790 2473 2850
2066 3 2 1 1 2234 2313 2414 2363
2067 3 2 1 1 1013 1318 1461 1172
2068 3 2 1 1 2979 2805 2790 2917
2069 3 2 1 1 1061 974 636 870
2070 3 2 1 1 292 1717 1682 293
2071 3 2 1 1 2512 2590 2240 2399
2072 3 2 1 1 872 287 286 784
2073 3 2 1 1 2614 2680 2641 2544
2074 3 2 1 1 4098 4103 4112 3846
2075 3 2 1 1 2294 1911 1772 2063
2076 3 2 1 1 1075 923 694 872
2077 3 2 1 1 1161 1056 921 1152
2078 3 2 1 1 785 783 999 829
2079 3 2 1 1 1713 1497 1645 1623
2080 3 2 1 1 943 822 933 1017
2081 3 2 1 1 23 24 875 637
2082 3 2 1 1 2466 2401 2520 2595
2083 3 2 1 1 1418 1503 1564 1463
2084 3 2 1 1 1198 1241 1386 1255
2085 3 2 1 1 977 1062 903 807
2086 3 2 1 1 2378 2439 2474 2388
2087 3 2 1 1 64 3 255 753
2088 3 2 1 1 1351 1419 1521 1523
2089 3 2 1 1 736 998 944 891
2090 3 2 1 1 875 787 988 1072
2091 3 2 1 1 1893 1792 1592 1852
2092 3 2 1 1 3688 3742 3883 3946
2093 3 2 1 1 901 982 943 1042
2094 3 2 1 1 3266 3707 3923 3486
2095 3 2 1 1 2061 1505 1901 1991
2096 3 2 1 1 3650 3956 3763 3490
2097 3 2 1 1 1453 1497 1521 1419
2098 3 2 1 1 3167 3331 2603 3289
2099 3 2 1 1 1908 2068 2059 1935
2100 3 2 1 1 3822 3652 3751 3952
2101 3 2 1 1 19 20 754 802
2102 3 2 1 1 980 871 636 974
2103 3 2 1 1 2846 2759 2619 2688
2104 3 2 1 1 3171 2967 3003 3085
2105 3 2 1 1 15 803 736 14
2106 3 2 1 1 1231 1466 1481 1389
2107 3 2 1 1 1496 1205 1356 1409
2108 3 2 1 1 1829 1748 1871 1941
2109 3 2 1 1 2622 2648 2721 2788
2110 3 2 1 1 1377 1551 1446 1265
2111 3 2 1 1 1722 1627 1415 1532
2112 3 2 1 1 2296 1936 1973 2042
2113 3 2 1 1 1039 908 1114 1196
2114 3 2 1 1 872 694 288 287
2115 3 2 1 1 605 604 749 986
2116 3 2 1 1 1443 1312 1650 1553
2117 3 2 1 1 608 607 669 985
2118 3 2 1 1 873 289 288 694
2119 3 2 1 1 3888 3805 3700 4026
2120 3 2 1 1 2147 2119 2140 2209
2121 3 2 1 1 2137 2203 2245 2166
2122 3 2 1 1 2090 2172 2348 2271
2123 3 2 1 1 3243 3385 3122 3191
2124 3 2 1 1 592 591 664 987
2125 3 2 1 1 1528 1632 1620 1527
2126 3 2 1 1 1117 1128 1371 1227
2127 3 2 1 1 3894 4026 3700 4039
2128 3 2 1 1 1220 1524 1621 1425
2129 3 2 1 1 1717 1813 1895 1682
2130 3 2 1 1 3813 3935 3721 3550
2131 3 2 1 1 2759 2713 2548 2619
2132 3 2 1 1 2162 2269 2109 2125
2133 3 2 1 1 2031 2058 1990 1938
2134 3 2 1 1 3227 3508 3838 3408
2135 3 2 1 1 1324 1451 1213 1355
2136 3 2 1 1 3192 3333 2900 3046
2137 3 2 1 1 3575 3940 3658 3738
2138 3 2 1 1 1528 873 694 923
2139 3 2 1 1 807 902 802 754
2140 3 2 1 1 998 736 803 819
2141 3 2 1 1 3778 3476 3661 2953
2142 3 2 1 1 3286 3174 3134 3426
2143 3 2 1 1 298 2038 2012 299
2144 3 2 1 1 1935 2059 2145 2071
2145 3 2 1 1 1276 1214 1299 1471
2146 3 2 1 1 501 500 701 3790
2147 3 2 1 1 490 489 702 3791
2148 3 2 1 1 422 421 708 3305
2149 3 2 1 1 566 565 723 3185
2150 3 2 1 1 410 409 709 3307
2151 3 2 1 1 398 397 710 3188
2152 3 2 1 1 386 385 711 3310
2153 3 2 1 1 2090 2271 2126 2117
2154 3 2 1 1 374 373 712 3447
2155 3 2 1 1 556 555 696 3614
2156 3 2 1 1 362 361 713 3311
2157 3 2 1 1 350 349 714 3309
2158 3 2 1 1 338 337 715 3446
2159 3 2 1 1 1721 1789 1491 1648
2160 3 2 1 1 3996 4114 3994 4110
2161 3 2 1 1 609 608 985 825
2162 3 2 1 1 576 575 722 2649
2163 3 2 1 1 2255 2355 2299 2132
2164 3 2 1 1 606 605 986 826
2165 3 2 1 1 1796 1703 1685 1769
2166 3 2 1 1 1465 1423 1520 1548
2167 3 2 1 1 3909 3584 3815 3154
2168 3 2 1 1 1779 1870 2048 1959
2169 3 2 1 1 593 592 987 827
2170 3 2 1 1 1634 1709 1585 1526
2171 3 2 1 1 1106 1194 1014 1070
2172 3 2 1 1 826 986 1171 1064
2173 3 2 1 1 285 746 784 286
2174 3 2 1 1 3739 3524 3120 3365
2175 3 2 1 1 1129 1130 1372 1209
2176 3 2 1 1 1488 1638 1694 1574
2177 3 2 1 1 1085 1285 1362 1289
2178 3 2 1 1 2170 1939 2373 2279
2179 3 2 1 1 751 1078 940 1177
2180 3 2 1 1 3912 3525 3796 3916
2181 3 2 1 1 1131 1132 1373 1228
2182 3 2 1 1 2617 2581 2567 2652
2183 3 2 1 1 2536 2620 2710 2527
2184 3 2 1 1 1133 1134 1352 1208
2185 3 2 1 1 2182 2220 2294 2129
2186 3 2 1 1 295 1875 1850 296
2187 3 2 1 1 873 747 290 289
2188 3 2 1 1 2709 2744 2855 2785
2189 3 2 1 1 1064 1171 1377 1265
2190 3 2 1 1 2774 2823 2936 2389
2191 3 2 1 1 1777 2007 2090 1974
2192 3 2 1 1 1270 1032 1286 1181
2193 3 2 1 1 960 874 953 1044
2194 3 2 1 1 769 818 955 689
2195 3 2 1 1 1019 1179 1375 1236
2196 3 2 1 1 783 738 828 999
2197 3 2 1 1 1557 1582 1730 1616
2198 3 2 1 1 767 815 956 688
2199 3 2 1 1 2612 2689 2772 2314
2200 3 2 1 1 3569 3782 3570 3604
2201 3 2 1 1 3385 3652 3822 3122
2202 3 2 1 1 2601 2728 2794 2458
2203 3 2 1 1 1991 1901 1491 1789
2204 3 2 1 1 879 789 820 997
2205 3 2 1 1 2505 2310 2238 2431
2206 3 2 1 1 2579 2467 2570 2645
2207 3 2 1 1 3085 3003 2846 2894
2208 3 2 1 1 2405 2508 2375 2259
2209 3 2 1 1 768 821 958 682
2210 3 2 1 1 2084 2272 2315 2164
2211 3 2 1 1 1618 1712 1813 1717
2212 3 2 1 1 3396 3631 3823 3125
2213 3 2 1 1 1060 932 719 847
2214 3 2 1 1 1800 1956 2001 1830
2215 3 2 1 1 577 576 2649 2578
2216 3 2 1 1 567 566 3185 3044
2217 3 2 1 1 557 556 3614 3394
2218 3 2 1 1 2532 2521 2469 2634
2219 3 2 1 1 2552 2658 2724 2395
2220 3 2 1 1 2812 2890 2991 2673
2221 3 2 1 1 502 501 3790 3533
2222 3 2 1 1 491 490 3791 3537
2223 3 2 1 1 305 2359 2323 306
2224 3 2 1 1 2895 2929 3005 3091
2225 3 2 1 1 3541 3243 3191 3467
2226 3 2 1 1 3572 3836 3894 4039
2227 3 2 1 1 2495 2406 2382 2315
2228 3 2 1 1 423 422 3305 3140
2229 3 2 1 1 2947 3073 3195 2826
2230 3 2 1 1 3355 3262 3815 3584
2231 3 2 1 1 3044 3185 3337 3153
2232 3 2 1 1 411 410 3307 3141
2233 3 2 1 1 2761 2749 2824 2799
2234 3 2 1 1 2645 2570 2618 2714
2235 3 2 1 1 399 398 3188 3045
2236 3 2 1 1 3519 3817 3970 3222
2237 3 2 1 1 387 386 3310 3144
2238 3 2 1 1 375 374 3447 3252
2239 3 2 1 1 363 362 3311 3145
2240 3 2 1 1 2991 3088 3200 2659
2241 3 2 1 1 351 350 3309 3146
2242 3 2 1 1 339 338 3446 3251
2243 3 2 1 1 2359 2503 2397 2323
2244 3 2 1 1 2608 3173 3062 2740
2245 3 2 1 1 3537 3791 4032 3859
2246 3 2 1 1 1724 1804 1902 1615
2247 3 2 1 1 3539 3625 3668 3930
2248 3 2 1 1 1705 1498 1448 1593
2249 3 2 1 1 4064 3864 4112 4103
2250 3 2 1 1 1828 1664 2072 1984
2251 3 2 1 1 3732 3545 4047 3885
2252 3 2 1 1 3031 2883 3333 3192
2253 3 2 1 1 2420 2231 2588 2509
2254 3 2 1 1 1006 1181 1286 954
2255 3 2 1 1 2072 1688 2131 1984
2256 3 2 1 1 3260 3103 3661 3476
2257 3 2 1 1 3390 3444 3568 3783
2258 3 2 1 1 3012 3070 3174 3081
2259 3 2 1 1 2186 2020 2376 2299
2260 3 2 1 1 3048 3318 3439 3187
2261 3 2 1 1 1739 1776 1964 1872
2262 3 2 1 1 3032 2880 3332 3184
2263 3 2 1 1 3146 3309 3656 3455
2264 3 2 1 1 2768 3330 3172 2901
2265 3 2 1 1 3140 3305 3657 3454
2266 3 2 1 1 3252 3447 3825 3635
2267 3 2 1 1 3045 3188 3477 3317
2268 3 2 1 1 3144 3310 3658 3458
2269 3 2 1 1 3112 3453 3607 3301
2270 3 2 1 1 3387 3638 3806 3633
2271 3 2 1 1 2253 2172 2090 2121
2272 3 2 1 1 1830 2001 2138 2053
2273 3 2 1 1 1717 292 291 1618
2274 3 2 1 1 1462 1511 1726 1611
2275 3 2 1 1 3049 3133 3100 2972
2276 3 2 1 1 3282 3024 2942 3182
2277 3 2 1 1 3139 3186 3316 3438
2278 3 2 1 1 2818 2893 3092 2996
2279 3 2 1 1 878 637 916 1086
2280 3 2 1 1 3040 3172 3330 2817
2281 3 2 1 1 1374 1199 1318 1013
2282 3 2 1 1 3392 3449 3636 3784
2283 3 2 1 1 600 1423 1465 601
2284 3 2 1 1 1615 1565 1323 1403
2285 3 2 1 1 1712 1766 1860 1813
2286 3 2 1 1 985 1030 919 825
2287 3 2 1 1 3443 3286 3426 3645
2288 3 2 1 1 2083 1911 2294 2220
2289 3 2 1 1 734 1465 1548 1363
2290 3 2 1 1 1925 2009 1937 1842
2291 3 2 1 1 770 811 962 672
2292 3 2 1 1 3254 3313 3461 3608
2293 3 2 1 1 2433 2456 2593 2492
2294 3 2 1 1 3348 3801 3931 3619
2295 3 2 1 1 3531 3618 3800 3929
2296 3 2 1 1 3961 3833 4053 3903
2297 3 2 1 1 1454 1365 1109 1233
2298 3 2 1 1 1950 2122 2200 2035
2299 3 2 1 1 597 1366 1331 598
2300 3 2 1 1 3342 3802 3932 3621
2301 3 2 1 1 3179 3463 3610 3312
2302 3 2 1 1 1129 1279 1128 1067
2303 3 2 1 1 3391 3448 3490 3785
2304 3 2 1 1 3987 4021 4070 4102
2305 3 2 1 1 1808 1669 1493 1619
2306 3 2 1 1 3709 3792 3948 4018
2307 3 2 1 1 3538 3623 3736 3933
2308 3 2 1 1 3710 3793 3886 4019
2309 3 2 1 1 3143 3189 3319 3440
2310 3 2 1 1 3857 3938 4048 4083
2311 3 2 1 1 3250 3308 3462 3612
2312 3 2 1 1 3542 3862 4020 3794
2313 3 2 1 1 311 2648 2622 312
2314 3 2 1 1 3249 3306 3460 3611
2315 3 2 1 1 3248 3304 3459 3609
2316 3 2 1 1 3095 3054 2962 2924
2317 3 2 1 1 1626 1493 1669 1806
2318 3 2 1 1 1273 993 1865 1790
2319 3 2 1 1 1373 1132 1069 1281
2320 3 2 1 1 1123 950 1387 1254
2321 3 2 1 1 1366 751 1177 1222
2322 3 2 1 1 1942 2446 2343 2098
2323 3 2 1 1 1260 1230 1353 1354
2324 3 2 1 1 3130 3424 3655 3277
2325 3 2 1 1 3317 3477 3839 3639
2326 3 2 1 1 2146 2167 2236 2214
2327 3 2 1 1 2708 2705 2751 2721
2328 3 2 1 1 2836 2670 2937 2863
2329 3 2 1 1 2202 2092 2280 2254
2330 3 2 1 1 4003 4005 3859 4032
2331 3 2 1 1 2752 3011 2933 2819
2332 3 2 1 1 1772 1597 2148 2063
2333 3 2 1 1 1879 1794 1972 2037
2334 3 2 1 1 1635 1798 1881 1877
2335 3 2 1 1 1213 1451 1550 1442
2336 3 2 1 1 1230 1099 1309 1353
2337 3 2 1 1 2164 2297 2221 2138
2338 3 2 1 1 3237 3259 3649 3450
2339 3 2 1 1 2870 2681 2622 2788
2340 3 2 1 1 802 667 18 19
2341 3 2 1 1 803 15 16 687
2342 3 2 1 1 2122 2223 2301 2200
2343 3 2 1 1 3081 3174 3286 3175
2344 3 2 1 1 3749 3553 4091 4028
2345 3 2 1 1 2870 2932 2995 2892
2346 3 2 1 1 1644 1522 1659 1746
2347 3 2 1 1 2348 2324 2506 2448
2348 3 2 1 1 2586 2574 2468 2425
2349 3 2 1 1 2484 2491 2322 2438
2350 3 2 1 1 1446 1551 1731 1630
2351 3 2 1 1 3096 2974 2925 3090
2352 3 2 1 1 2424 2346 2353 2468
2353 3 2 1 1 637 875 1072 916
2354 3 2 1 1 1072 988 1174 1271
2355 3 2 1 1 559 3444 3390 560
2356 3 2 1 1 3483 3556 3914 3672
2357 3 2 1 1 3529 3616 3789 3943
2358 3 2 1 1 3674 3513 3965 3891
2359 3 2 1 1 2859 2778 2681 2830
2360 3 2 1 1 553 3301 3245 554
2361 3 2 1 1 1704 1753 1993 1874
2362 3 2 1 1 2680 2798 2841 2744
2363 3 2 1 1 3730 3736 3681 3875
2364 3 2 1 1 542 3302 3246 543
2365 3 2 1 1 548 3186 3139 549
2366 3 2 1 1 1753 1910 1994 1993
2367 3 2 1 1 531 3552 3615 532
2368 3 2 1 1 3301 3607 3389 3245
2369 3 2 1 1 537 3303 3247 538
2370 3 2 1 1 330 3625 3539 331
2371 3 2 1 1 526 3616 3529 527
2372 3 2 1 1 520 3617 3530 521
2373 3 2 1 1 318 2929 2895 319
2374 3 2 1 1 323 3187 3142 324
2375 3 2 1 1 515 3618 3531 516
2376 3 2 1 1 509 3619 3532 510
2377 3 2 1 1 3187 3439 3208 3142
2378 3 2 1 1 504 3620 3534 505
2379 3 2 1 1 4007 3779 3539 3930
2380 3 2 1 1 498 3621 3535 499
2381 3 2 1 1 493 3622 3536 494
2382 3 2 1 1 487 3867 3936 488
2383 3 2 1 1 482 3937 3856 483
2384 3 2 1 1 476 4065 4084 477
2385 3 2 1 1 3617 3928 3699 3530
2386 3 2 1 1 342 3449 3392 343
2387 3 2 1 1 471 4021 3987 472
2388 3 2 1 1 465 3792 3709 466
2389 3 2 1 1 460 3793 3710 461
2390 3 2 1 1 3619 3931 3696 3532
2391 3 2 1 1 454 3623 3538 455
2392 3 2 1 1 1062 977 1086 1163
2393 3 2 1 1 354 3313 3254 355
2394 3 2 1 1 443 3938 3857 444
2395 3 2 1 1 3621 3932 3691 3535
2396 3 2 1 1 1374 1013 805 980
2397 3 2 1 1 434 4022 3989 435
2398 3 2 1 1 1804 1903 1735 1902
2399 3 2 1 1 431 3794 3711 432
2400 3 2 1 1 371 3721 3795 372
2401 3 2 1 1 366 3312 3253 367
2402 3 2 1 1 426 3304 3248 427
2403 3 2 1 1 1790 1865 1931 1866
2404 3 2 1 1 378 3448 3391 379
2405 3 2 1 1 414 3306 3249 415
2406 3 2 1 1 407 3554 3624 408
2407 3 2 1 1 402 3189 3143 403
2408 3 2 1 1 390 3308 3250 391
2409 3 2 1 1 1622 1612 1496 1409
2410 3 2 1 1 4071 3847 3709 4018
2411 3 2 1 1 1725 1692 1612 1622
2412 3 2 1 1 3845 4077 3983 3972
2413 3 2 1 1 3515 3724 3538 3933
2414 3 2 1 1 2426 2467 2579 2495
2415 3 2 1 1 3794 4020 3908 3711
2416 3 2 1 1 3312 3610 3341 3253
2417 3 2 1 1 3881 3606 3391 3785
2418 3 2 1 1 2051 721 2171 2120
2419 3 2 1 1 326 3445 3395 327
2420 3 2 1 1 3760 4001 3854 3775
2421 3 2 1 1 3493 3915 3757 3605
2422 3 2 1 1 3686 3998 3879 3777
2423 3 2 1 1 2456 2539 2611 2593
2424 3 2 1 1 3269 3364 3694 4047
2425 3 2 1 1 2007 1777 1895 1918
2426 3 2 1 1 2647 2576 2544 2641
2427 3 2 1 1 2015 2049 2119 2124
2428 3 2 1 1 3070 2995 2957 3036
2429 3 2 1 1 1225 1031 1382 1282
2430 3 2 1 1 2057 2049 2015 1964
2431 3 2 1 1 2576 2498 2497 2544
2432 3 2 1 1 902 867 667 802
2433 3 2 1 1 819 803 687 899
2434 3 2 1 1 2596 2651 2716 2614
2435 3 2 1 1 2315 2382 2297 2164
2436 3 2 1 1 1226 1033 1385 1283
2437 3 2 1 1 1168 1073 974 1061
2438 3 2 1 1 1460 1360 1486 1572
2439 3 2 1 1 2957 3083 3132 3036
2440 3 2 1 1 2349 2392 2467 2426
2441 3 2 1 1 2676 2928 3076 2816
2442 3 2 1 1 2348 2172 2253 2324
2443 3 2 1 1 2001 2084 2164 2138
2444 3 2 1 1 3796 3712 4035 3916
2445 3 2 1 1 3202 3097 3043 3204
2446 3 2 1 1 2120 2171 2249 2206
2447 3 2 1 1 1126 1336 1468 1238
2448 3 2 1 1 3516 3025 3816 3577
2449 3 2 1 1 3401 3496 3805 3653
2450 3 2 1 1 2223 2229 2304 2301
2451 3 2 1 1 3240 3438 3655 3424
2452 3 2 1 1 4036 4085 4011 3855
2453 3 2 1 1 1956 2036 2084 2001
2454 3 2 1 1 2206 2249 2321 2275
2455 3 2 1 1 2487 2392 2349 2321
2456 3 2 1 1 1194 1296 1169 1014
2457 3 2 1 1 1682 635 294 293
2458 3 2 1 1 1593 1448 1316 1714
2459 3 2 1 1 1117 1227 1322 1278
2460 3 2 1 1 3616 3422 3767 3789
2461 3 2 1 1 1179 1278 1322 1375
2462 3 2 1 1 1875 295 294 635
2463 3 2 1 1 2214 2236 2326 2295
2464 3 2 1 1 1463 1325 1261 1229
2465 3 2 1 1 3763 3527 4009 3881
2466 3 2 1 1 3625 3421 3818 3668
2467 3 2 1 1 3448 3288 3650 3490
2468 3 2 1 1 807 903 1000 902
2469 3 2 1 1 3460 3797 3963 3611
2470 3 2 1 1 3284 3023 2802 3167
2471 3 2 1 1 4038 3924 3931 3801
2472 3 2 1 1 1515 1125 1719 1617
2473 3 2 1 1 2478 2362 2258 2442
2474 3 2 1 1 1222 1411 1518 1445
2475 3 2 1 1 25 787 875 24
2476 3 2 1 1 1129 1209 1319 1279
2477 3 2 1 1 2596 2497 2318 2502
2478 3 2 1 1 2721 2751 2870 2788
2479 3 2 1 1 1866 1931 2036 1956
2480 3 2 1 1 937 1053 718 849
2481 3 2 1 1 1128 1279 1319 1371
2482 3 2 1 1 1693 1785 1614 1736
2483 3 2 1 1 2038 298 297 1955
2484 3 2 1 1 2551 2409 2432 2524
2485 3 2 1 1 2939 2577 2100 2660
2486 3 2 1 1 1716 1815 1977 1878
2487 3 2 1 1 4042 3580 3757 3915
2488 3 2 1 1 1535 1658 1815 1716
2489 3 2 1 1 2099 1982 2077 2146
2490 3 2 1 1 1544 1545 1736 1614
2491 3 2 1 1 3246 3302 3466 3470
2492 3 2 1 1 850 718 1053 936
2493 3 2 1 1 3247 3303 3480 3641
2494 3 2 1 1 1354 1353 1416 1552
2495 3 2 1 1 2751 2831 2932 2870
2496 3 2 1 1 1131 1228 1320 1280
2497 3 2 1 1 3083 3198 3290 3132
2498 3 2 1 1 1352 1468 1658 1535
2499 3 2 1 1 1895 1777 635 1682
2500 3 2 1 1 1059 936 1272 1155
2501 3 2 1 1 1379 1194 1106 1215
2502 3 2 1 1 3534 3620 3832 3960
2503 3 2 1 1 1134 1238 1468 1352
2504 3 2 1 1 880 695 628 627
2505 3 2 1 1 3536 3622 3833 3961
2506 3 2 1 1 1596 1700 1889 1805
2507 3 2 1 1 1757 1495 1635 1877
2508 3 2 1 1 4035 3712 3588 3969
2509 3 2 1 1 3856 3937 4058 4089
2510 3 2 1 1 4084 4065 4100 4105
2511 3 2 1 1 879 738 631 630
2512 3 2 1 1 2151 2173 2152 2004
2513 3 2 1 1 879 630 629 789
2514 3 2 1 1 2045 1827 1873 1960
2515 3 2 1 1 656 3945 3698 3592
2516 3 2 1 1 1707 1586 1416 1546
2517 3 2 1 1 1848 1976 2074 1923
2518 3 2 1 1 916 1072 1271 1115
2519 3 2 1 1 1637 1464 1315 1531
2520 3 2 1 1 1133 1208 1321 1281
2521 3 2 1 1 1712 1618 747 1527
2522 3 2 1 1 1368 1429 1361 1268
2523 3 2 1 1 1130 1280 1320 1372
2524 3 2 1 1 1362 1422 1590 1537
2525 3 2 1 1 1739 1590 1706 1776
2526 3 2 1 1 857 757 1059 906
2527 3 2 1 1 881 788 626 625
2528 3 2 1 1 1873 1801 1585 1709
2529 3 2 1 1 2024 1840 1683 1893
2530 3 2 1 1 2798 2716 2715 2781
2531 3 2 1 1 1899 2069 1973 1812
2532 3 2 1 1 880 627 626 788
2533 3 2 1 1 3395 3445 3208 3556
2534 3 2 1 1 1844 1934 2066 1881
2535 3 2 1 1 1511 1462 1228 1373
2536 3 2 1 1 2278 302 301 2207
2537 3 2 1 1 1511 1373 1281 1321
2538 3 2 1 1 1870 1779 1586 1707
2539 3 2 1 1 3989 4022 3908 4087
2540 3 2 1 1 2295 2326 2507 2451
2541 3 2 1 1 3550 3600 3341 3813
2542 3 2 1 1 747 873 1528 1527
2543 3 2 1 1 3844 4016 3980 4080
2544 3 2 1 1 882 690 624 623
2545 3 2 1 1 3311 3457 3211 3145
2546 3 2 1 1 2044 1958 1983 2043
2547 3 2 1 1 2534 2509 2386 2626
2548 3 2 1 1 883 791 622 621
2549 3 2 1 1 884 677 620 619
2550 3 2 1 1 881 625 624 690
2551 3 2 1 1 1616 1730 1753 1704
2552 3 2 1 1 882 623 622 791
2553 3 2 1 1 885 792 618 617
2554 3 2 1 1 883 621 620 677
2555 3 2 1 1 886 748 616 615
2556 3 2 1 1 966 1058 724 854
2557 3 2 1 1 884 619 618 792
2558 3 2 1 1 1852 1592 1718 1802
2559 3 2 1 1 3234 3473 3525 3827
2560 3 2 1 1 3936 3867 4060 4061
2561 3 2 1 1 2012 692 300 299
2562 3 2 1 1 40 1598 681 39
2563 3 2 1 1 2278 2174 303 302
2564 3 2 1 1 887 671 614 613
2565 3 2 1 1 885 617 616 748
2566 3 2 1 1 853 724 1058 965
2567 3 2 1 1 888 793 612 611
2568 3 2 1 1 3795 3721 3935 3962
2569 3 2 1 1 1285 1363 1422 1362
2570 3 2 1 1 1974 1875 635 1777
2571 3 2 1 1 2995 2932 2873 2957
2572 3 2 1 1 825 733 610 609
2573 3 2 1 1 886 615 614 671
2574 3 2 1 1 2276 2207 692 2093
2575 3 2 1 1 887 613 612 793
2576 3 2 1 1 826 669 607 606
2577 3 2 1 1 1852 1802 1827 1957
2578 3 2 1 1 3951 3749 4028 3702
2579 3 2 1 1 2431 2514 2661 2583
2580 3 2 1 1 888 611 610 733
2581 3 2 1 1 1170 749 604 603
2582 3 2 1 1 3626 3129 3952 3751
2583 3 2 1 1 1465 734 602 601
2584 3 2 1 1 3580 3752 3522 3757
2585 3 2 1 1 2551 2524 2400 2572
2586 3 2 1 1 1331 666 599 598
2587 3 2 1 1 3359 3577 3816 3265
2588 3 2 1 1 1318 1504 1582 1557
2589 3 2 1 1 1356 1390 1213 1442
2590 3 2 1 1 2129 2294 2063 1663
2591 3 2 1 1 3502 3781 3765 3964
2592 3 2 1 1 2595 2548 2713 2644
2593 3 2 1 1 1423 600 599 666
2594 3 2 1 1 1042 1175 1232 1269
2595 3 2 1 1 1271 1174 1220 1326
2596 3 2 1 1 2211 2093 692 2012
2597 3 2 1 1 827 735 594 593
2598 3 2 1 1 1687 1938 1990 1876
2599 3 2 1 1 1922 2113 2210 2054
2600 3 2 1 1 2224 2153 2043 2142
2601 3 2 1 1 633 785 790 634
2602 3 2 1 1 1366 597 596 751
2603 3 2 1 1 819 899 996 947
2604 3 2 1 1 3851 3678 4011 4085
2605 3 2 1 1 1456 1461 1318 1557
2606 3 2 1 1 1078 595 594 735
2607 3 2 1 1 889 664 591 590
2608 3 2 1 1 1504 1318 1199 1413
2609 3 2 1 1 862 670 1065 978
2610 3 2 1 1 1768 1947 2046 1832
2611 3 2 1 1 1157 1003 1000 903
2612 3 2 1 1 1547 1768 1832 1689
2613 3 2 1 1 2360 2185 2091 2286
2614 3 2 1 1 1332 1326 1539 1418
2615 3 2 1 1 1993 1994 2223 2122
2616 3 2 1 1 4034 4010 3667 3955
2617 3 2 1 1 2070 2136 2045 1960
2618 3 2 1 1 2280 2213 2214 2295
2619 3 2 1 1 1778 1552 1416 1586
2620 3 2 1 1 1880 1776 1706 1681
2621 3 2 1 1 1278 1179 945 1066
2622 3 2 1 1 1974 2065 1850 1875
2623 3 2 1 1 936 1059 757 850
2624 3 2 1 1 2359 305 304 2274
2625 3 2 1 1 1534 1440 1234 1364
2626 3 2 1 1 2922 2781 2743 2818
2627 3 2 1 1 1066 945 788 881
2628 3 2 1 1 890 794 589 588
2629 3 2 1 1 3824 3393 3570 3715
2630 3 2 1 1 1368 1526 1585 1429
2631 3 2 1 1 1128 1117 989 1092
2632 3 2 1 1 1067 1128 1092 912
2633 3 2 1 1 2593 2545 2506 2492
2634 3 2 1 1 889 590 589 794
2635 3 2 1 1 1067 912 791 883
2636 3 2 1 1 1108 1155 1355 1213
2637 3 2 1 1 2038 1955 2117 2126
2638 3 2 1 1 2832 2720 2686 2735
2639 3 2 1 1 1590 1739 1646 1537
2640 3 2 1 1 3554 3840 3367 3624
2641 3 2 1 1 3681 3947 3993 3875
2642 3 2 1 1 1280 1130 917 1068
2643 3 2 1 1 3184 3332 3097 3202
2644 3 2 1 1 2500 2471 309 308
2645 3 2 1 1 1797 2 38 1888
2646 3 2 1 1 2572 2400 2316 2507
2647 3 2 1 1 2301 2253 2121 2200
2648 3 2 1 1 3036 3134 3174 3070
2649 3 2 1 1 1617 1719 1800 1677
2650 3 2 1 1 1278 1066 989 1117
2651 3 2 1 1 2323 2397 2500 639
2652 3 2 1 1 1129 1095 917 1130
2653 3 2 1 1 2051 752 587 586
2654 3 2 1 1 1540 1319 1209 1480
2655 3 2 1 1 2502 2318 2250 2407
2656 3 2 1 1 2156 1994 1910 2123
2657 3 2 1 1 1068 917 792 885
2658 3 2 1 1 890 588 587 752
2659 3 2 1 1 1092 882 791 912
2660 3 2 1 1 1156 1272 936 1053
2661 3 2 1 1 1069 918 671 887
2662 3 2 1 1 1541 1320 1228 1462
2663 3 2 1 1 1961 1883 1834 1948
2664 3 2 1 1 1238 1134 919 1030
2665 3 2 1 1 1132 1131 991 1096
2666 3 2 1 1 1684 1587 1796 1885
2667 3 2 1 1 3508 3743 3924 4038
2668 3 2 1 1 2271 2348 2448 2352
2669 3 2 1 1 1095 1129 1067 990
2670 3 2 1 1 2925 2784 2711 2857
2671 3 2 1 1 1069 1132 1096 918
2672 3 2 1 1 1878 1803 1584 1716
2673 3 2 1 1 1265 1126 926 1064
2674 3 2 1 1 1134 1133 992 1097
2675 3 2 1 1 2709 2641 2680 2744
2676 3 2 1 1 1757 1877 1927 1837
2677 3 2 1 1 888 919 1134 1097
2678 3 2 1 1 2648 311 310 2573
2679 3 2 1 1 1064 926 669 826
2680 3 2 1 1 1994 2156 2229 2223
2681 3 2 1 1 984 978 1158 1026
2682 3 2 1 1 2281 721 585 584
2683 3 2 1 1 1910 1753 1730 1879
2684 3 2 1 1 892 741 62 63
2685 3 2 1 1 1095 884 792 917
2686 3 2 1 1 1461 1456 923 1075
2687 3 2 1 1 2352 2250 2093 2211
2688 3 2 1 1 1096 886 671 918
2689 3 2 1 1 902 1000 957 867
2690 3 2 1 1 1368 1268 1152 1256
2691 3 2 1 1 2353 2270 583 582
2692 3 2 1 1 1078 735 827 940
2693 3 2 1 1 1280 1068 991 1131
2694 3 2 1 1 825 919 888 733
2695 3 2 1 1 1716 1584 1406 1535
2696 3 2 1 1 1534 1364 1276 1471
2697 3 2 1 1 1644 1746 1708 1764
2698 3 2 1 1 2281 584 583 2270
2699 3 2 1 1 2504 2304 2229 2429
2700 3 2 1 1 2784 2611 2539 2711
2701 3 2 1 1 772 691 979 816
2702 3 2 1 1 1796 1884 1980 1885
2703 3 2 1 1 1281 1069 992 1133
2704 3 2 1 1 1445 1444 666 1331
2705 3 2 1 1 942 810 1180 1007
2706 3 2 1 1 1880 1681 1628 1795
2707 3 2 1 1 1927 1877 1881 2066
2708 3 2 1 1 2578 2472 578 577
2709 3 2 1 1 1535 1406 1208 1352
2710 3 2 1 1 1411 1222 1177 1357
2711 3 2 1 1 2290 2142 2091 2185
2712 3 2 1 1 2501 580 579 2494
2713 3 2 1 1 1364 1234 1073 1168
2714 3 2 1 1 1681 1518 1411 1628
2715 3 2 1 1 3587 3419 563 562
2716 3 2 1 1 3394 3225 558 557
2717 3 2 1 1 2858 2779 573 572
2718 3 2 1 1 4086 4108 3726 3981
2719 3 2 1 1 3295 3112 552 551
2720 3 2 1 1 3044 2968 568 567
2721 3 2 1 1 2664 2584 2543 2613
2722 3 2 1 1 3434 564 563 3419
2723 3 2 1 1 3444 559 558 3225
2724 3 2 1 1 2787 574 573 2779
2725 3 2 1 1 3183 3035 546 545
2726 3 2 1 1 1537 1447 1289 1362
2727 3 2 1 1 3296 3116 541 540
2728 3 2 1 1 2999 570 569 2993
2729 3 2 1 1 3734 3897 4023 4002
2730 3 2 1 1 1515 1087 941 1125
2731 3 2 1 1 1459 1547 1689 1602
2732 3 2 1 1 2785 2613 2543 2709
2733 3 2 1 1 3301 553 552 3112
2734 3 2 1 1 3297 3119 535 534
2735 3 2 1 1 2501 663 581 580
2736 3 2 1 1 3395 3207 328 327
2737 3 2 1 1 3588 3352 530 529
2738 3 2 1 1 2787 722 575 574
2739 3 2 1 1 1980 1846 1669 1808
2740 3 2 1 1 2999 662 571 570
2741 3 2 1 1 3390 661 561 560
2742 3 2 1 1 3434 723 565 564
2743 3 2 1 1 3224 3093 2956 3124
2744 3 2 1 1 3245 696 555 554
2745 3 2 1 1 3589 3354 524 523
2746 3 2 1 1 3302 542 541 3116
2747 3 2 1 1 3186 548 547 3086
2748 3 2 1 1 3139 660 550 549
2749 3 2 1 1 3590 3344 519 518
2750 3 2 1 1 3999 3953 3679 4040
2751 3 2 1 1 3246 697 544 543
2752 3 2 1 1 1733 1627 1761 1887
2753 3 2 1 1 781 743 984 810
2754 3 2 1 1 3591 3351 513 512
2755 3 2 1 1 3247 659 539 538
2756 3 2 1 1 3615 698 533 532
2757 3 2 1 1 3529 658 528 527
2758 3 2 1 1 2353 582 581 663
2759 3 2 1 1 3592 3348 508 507
2760 3 2 1 1 3530 699 522 521
2761 3 2 1 1 946 828 738 879
2762 3 2 1 1 3552 531 530 3352
2763 3 2 1 1 3303 537 536 3176
2764 3 2 1 1 3531 657 517 516
2765 3 2 1 1 824 983 1185 1071
2766 3 2 1 1 3533 3345 503 502
2767 3 2 1 1 2858 572 571 662
2768 3 2 1 1 3587 562 561 661
2769 3 2 1 1 3532 700 511 510
2770 3 2 1 1 3593 3342 497 496
2771 3 2 1 1 2238 2335 2514 2431
2772 3 2 1 1 3537 3343 492 491
2773 3 2 1 1 3534 656 506 505
2774 3 2 1 1 3535 701 500 499
2775 3 2 1 1 3536 655 495 494
2776 3 2 1 1 2008 2202 2286 2091
2777 3 2 1 1 2859 2745 316 315
2778 3 2 1 1 3616 526 525 3422
2779 3 2 1 1 3295 551 550 660
2780 3 2 1 1 3617 520 519 3344
2781 3 2 1 1 3936 702 489 488
2782 3 2 1 1 3918 3666 486 485
2783 3 2 1 1 3183 545 544 697
2784 3 2 1 1 3919 3665 480 479
2785 3 2 1 1 3856 654 484 483
2786 3 2 1 1 3089 3048 322 321
2787 3 2 1 1 1317 1296 1194 1379
2788 3 2 1 1 3296 540 539 659
2789 3 2 1 1 3297 534 533 698
2790 3 2 1 1 3588 529 528 658
2791 3 2 1 1 1273 941 664 889
2792 3 2 1 1 2859 315 314 2778
2793 3 2 1 1 4078 3978 475 474
2794 3 2 1 1 3618 515 514 3423
2795 3 2 1 1 4084 703 478 477
2796 3 2 1 1 4014 3843 469 468
2797 3 2 1 1 3619 509 508 3348
2798 3 2 1 1 3589 523 522 699
2799 3 2 1 1 988 1137 1220 1174
2800 3 2 1 1 3987 653 473 472
2801 3 2 1 1 3709 704 467 466
2802 3 2 1 1 3710 652 462 461
2803 3 2 1 1 3625 330 329 3421
2804 3 2 1 1 3770 3485 464 463
2805 3 2 1 1 1700 1596 1404 1568
2806 3 2 1 1 3590 518 517 657
2807 3 2 1 1 3620 504 503 3345
2808 3 2 1 1 3538 705 456 455
2809 3 2 1 1 3251 3105 340 339
2810 3 2 1 1 3771 3487 458 457
2811 3 2 1 1 3594 3358 453 452
2812 3 2 1 1 3591 512 511 700
2813 3 2 1 1 3621 498 497 3342
2814 3 2 1 1 3920 651 451 450
2815 3 2 1 1 4015 3905 449 448
2816 3 2 1 1 3622 493 492 3343
2817 3 2 1 1 4016 3844 447 446
2818 3 2 1 1 3592 507 506 656
2819 3 2 1 1 3593 496 495 655
2820 3 2 1 1 4055 3748 3692 3926
2821 3 2 1 1 3857 706 445 444
2822 3 2 1 1 3921 3664 442 441
2823 3 2 1 1 3146 3017 352 351
2824 3 2 1 1 2743 2861 2893 2818
2825 3 2 1 1 1149 1040 999 828
2826 3 2 1 1 4101 4076 438 437
2827 3 2 1 1 2174 2428 2441 2274
2828 3 2 1 1 3867 487 486 3666
2829 3 2 1 1 2615 2511 2390 2722
2830 3 2 1 1 4079 650 440 439
2831 3 2 1 1 3989 737 436 435
2832 3 2 1 1 3711 707 433 432
2833 3 2 1 1 3248 649 428 427
2834 3 2 1 1 3595 3542 430 429
2835 3 2 1 1 3937 482 481 3759
2836 3 2 1 1 3918 485 484 654
2837 3 2 1 1 3187 323 322 3048
2838 3 2 1 1 3140 3020 424 423
2839 3 2 1 1 3145 3018 364 363
2840 3 2 1 1 3596 708 421 420
2841 3 2 1 1 4065 476 475 3978
2842 3 2 1 1 2511 2615 2795 2685
2843 3 2 1 1 3597 3546 418 417
2844 3 2 1 1 3919 479 478 703
2845 3 2 1 1 3774 3547 346 345
2846 3 2 1 1 3141 3021 412 411
2847 3 2 1 1 3249 648 416 415
2848 3 2 1 1 4021 471 470 3907
2849 3 2 1 1 3252 3104 376 375
2850 3 2 1 1 4078 474 473 653
2851 3 2 1 1 3770 463 462 652
2852 3 2 1 1 4014 468 467 704
2853 3 2 1 1 3045 2941 400 399
2854 3 2 1 1 3922 3717 334 333
2855 3 2 1 1 3144 3019 388 387
2856 3 2 1 1 3435 3397 406 405
2857 3 2 1 1 3792 465 464 3485
2858 3 2 1 1 3602 3548 358 357
2859 3 2 1 1 3624 709 409 408
2860 3 2 1 1 3598 3398 394 393
2861 3 2 1 1 3772 3549 382 381
2862 3 2 1 1 3600 3550 370 369
2863 3 2 1 1 3793 460 459 3583
2864 3 2 1 1 3318 3197 3136 3235
2865 3 2 1 1 3771 457 456 705
2866 3 2 1 1 2929 318 317 2854
2867 3 2 1 1 3143 647 404 403
2868 3 2 1 1 3250 646 392 391
2869 3 2 1 1 3436 710 397 396
2870 3 2 1 1 3623 454 453 3358
2871 3 2 1 1 2280 2092 2039 2213
2872 3 2 1 1 3594 452 451 651
2873 3 2 1 1 3920 450 449 3905
2874 3 2 1 1 3599 711 385 384
2875 3 2 1 1 4015 448 447 3844
2876 3 2 1 1 4016 446 445 706
2877 3 2 1 1 3938 443 442 3664
2878 3 2 1 1 3795 712 373 372
2879 3 2 1 1 3391 645 380 379
2880 3 2 1 1 3253 644 368 367
2881 3 2 1 1 4079 439 438 4076
2882 3 2 1 1 3921 441 440 650
2883 3 2 1 1 4101 437 436 737
2884 3 2 1 1 4022 434 433 707
2885 3 2 1 1 3595 429 428 649
2886 3 2 1 1 3773 336 335 3758
2887 3 2 1 1 2318 2276 2093 2250
2888 3 2 1 1 3794 431 430 3542
2889 3 2 1 1 3449 342 341 3287
2890 3 2 1 1 2582 2474 2439 2512
2891 3 2 1 1 3601 713 361 360
2892 3 2 1 1 3304 426 425 3178
2893 3 2 1 1 3313 354 353 3177
2894 3 2 1 1 3254 643 356 355
2895 3 2 1 1 3596 420 419 3581
2896 3 2 1 1 3306 414 413 3180
2897 3 2 1 1 3597 417 416 648
2898 3 2 1 1 3603 348 347 3578
2899 3 2 1 1 3312 366 365 3179
2900 3 2 1 1 3603 714 349 348
2901 3 2 1 1 3554 407 406 3397
2902 3 2 1 1 3189 402 401 3087
2903 3 2 1 1 3308 390 389 3181
2904 3 2 1 1 3601 360 359 3579
2905 3 2 1 1 3448 378 377 3288
2906 3 2 1 1 3436 396 395 3420
2907 3 2 1 1 3721 371 370 3550
2908 3 2 1 1 3773 715 337 336
2909 3 2 1 1 3539 641 332 331
2910 3 2 1 1 3392 642 344 343
2911 3 2 1 1 3599 384 383 3582
2912 3 2 1 1 2323 639 307 306
2913 3 2 1 1 3435 405 404 647
2914 3 2 1 1 3598 393 392 646
2915 3 2 1 1 2622 693 313 312
2916 3 2 1 1 3142 716 325 324
2917 3 2 1 1 2895 640 320 319
2918 3 2 1 1 35 1823 732 34
2919 3 2 1 1 3772 381 380 645
2920 3 2 1 1 3600 369 368 644
2921 3 2 1 1 1305 1407 1641 1555
2922 3 2 1 1 3602 357 356 643
2923 3 2 1 1 1087 987 664 941
2924 3 2 1 1 2250 2352 2448 2407
2925 3 2 1 1 3922 333 332 641
2926 3 2 1 1 3774 345 344 642
2927 3 2 1 1 2500 308 307 639
2928 3 2 1 1 2150 2283 2320 2168
2929 3 2 1 1 3445 326 325 716
2930 3 2 1 1 3089 321 320 640
2931 3 2 1 1 1860 1766 1874 1950
2932 3 2 1 1 2140 1948 1834 2005
2933 3 2 1 1 947 996 1005 1083
2934 3 2 1 1 3091 3298 3443 3136
2935 3 2 1 1 2145 2059 1843 1921
2936 3 2 1 1 1686 1726 1584 1803
2937 3 2 1 1 2137 2166 2289 2136
2938 3 2 1 1 2647 2543 2397 2503
2939 3 2 1 1 290 747 1618 291
2940 3 2 1 1 3725 3558 3225 3394
2941 3 2 1 1 966 816 1169 1077
2942 3 2 1 1 1530 1415 1627 1733
2943 3 2 1 1 1361 1161 1152 1268
2944 3 2 1 1 3479 3453 3112 3295
2945 3 2 1 1 2775 2704 2547 2625
2946 3 2 1 1 2787 2869 2919 2732
2947 3 2 1 1 3393 3824 3208 3439
2948 3 2 1 1 2784 2925 2974 2821
2949 3 2 1 1 2128 2005 1834 1967
2950 3 2 1 1 667 798 17 18
2951 3 2 1 1 687 16 17 799
2952 3 2 1 1 3633 3388 3116 3296
2953 3 2 1 1 789 695 880 820
2954 3 2 1 1 1873 1827 1802 1801
2955 3 2 1 1 3604 3235 3136 3443
2956 3 2 1 1 3608 3925 4040 3679
2957 3 2 1 1 2203 2137 1959 2048
2958 3 2 1 1 1630 1536 1336 1446
2959 3 2 1 1 1475 1322 1227 1424
2960 3 2 1 1 2785 2780 2705 2613
2961 3 2 1 1 1361 1214 1002 1161
2962 3 2 1 1 2041 1857 1818 1975
2963 3 2 1 1 1255 1074 1001 914
2964 3 2 1 1 3857 4083 4110 3980
2965 3 2 1 1 3914 3556 3208 3824
2966 3 2 1 1 3320 3190 2962 3054
2967 3 2 1 1 4057 3873 3485 3770
2968 3 2 1 1 3947 3681 3358 3594
2969 3 2 1 1 2128 1967 1830 2053
2970 3 2 1 1 2695 2555 2793 2727
2971 3 2 1 1 1726 1511 1406 1584
2972 3 2 1 1 3640 3828 3397 3435
2973 3 2 1 1 2138 2221 2128 2053
2974 3 2 1 1 867 897 798 667
2975 3 2 1 1 899 687 799 894
2976 3 2 1 1 3392 3784 3861 3484
2977 3 2 1 1 2932 2831 2852 2873
2978 3 2 1 1 3783 3566 661 3390
2979 3 2 1 1 3588 3712 3552 3352
2980 3 2 1 1 2784 2782 2678 2611
2981 3 2 1 1 3956 3650 3340 3690
2982 3 2 1 1 3254 3608 3679 3339
2983 3 2 1 1 2068 1988 1843 2059
2984 3 2 1 1 3954 3706 3347 3609
2985 3 2 1 1 3926 3692 3341 3610
2986 3 2 1 1 809 799 17 798
2987 3 2 1 1 3249 3611 3798 3350
2988 3 2 1 1 3781 3502 3209 3440
2989 3 2 1 1 939 979 691 855
2990 3 2 1 1 3250 3612 3780 3346
2991 3 2 1 1 3091 3136 3197 2940
2992 3 2 1 1 1163 1115 1332 1229
2993 3 2 1 1 3438 3240 660 3139
2994 3 2 1 1 4086 4080 3980 4110
2995 3 2 1 1 3773 3973 4036 3565
2996 3 2 1 1 3091 2940 640 2895
2997 3 2 1 1 2778 693 2622 2681
2998 3 2 1 1 3943 3703 658 3529
2999 3 2 1 1 2945 3075 3004 2803
3000 3 2 1 1 3604 3570 3393 3235
3001 3 2 1 1 3781 3613 3520 3765
3002 3 2 1 1 3814 3705 3855 4011
3003 3 2 1 1 3959 3697 3344 3590
3004 3 2 1 1 3929 3701 657 3531
3005 3 2 1 1 4023 3897 3481 3830
3006 3 2 1 1 3868 3689 3345 3533
3007 3 2 1 1 2657 2505 2431 2583
3008 3 2 1 1 4024 3887 3367 3840
3009 3 2 1 1 3859 3687 3343 3537
3010 3 2 1 1 3834 3587 661 3566
3011 3 2 1 1 2915 2966 3094 3001
3012 3 2 1 1 4081 3997 3666 3918
3013 3 2 1 1 3966 3812 3347 3706
3014 3 2 1 1 3891 3976 3510 3734
3015 3 2 1 1 3939 3813 3341 3692
3016 3 2 1 1 2831 2751 2705 2780
3017 3 2 1 1 4102 4068 653 3987
3018 3 2 1 1 3722 3640 3209 3502
3019 3 2 1 1 773 685 983 824
3020 3 2 1 1 3471 3366 3639 3756
3021 3 2 1 1 4019 3866 652 3710
3022 3 2 1 1 1826 2069 1899 1579
3023 3 2 1 1 4082 3988 3664 3921
3024 3 2 1 1 3479 3295 660 3240
3025 3 2 1 1 3001 3094 3198 3083
3026 3 2 1 1 3609 3347 649 3248
3027 3 2 1 1 3440 3209 647 3143
3028 3 2 1 1 3245 3389 3614 696
3029 3 2 1 1 1511 1321 1208 1406
3030 3 2 1 1 799 809 904 894
3031 3 2 1 1 3197 3089 640 2940
3032 3 2 1 1 978 1065 1277 1158
3033 3 2 1 1 1549 1421 1333 1649
3034 3 2 1 1 2092 1934 1844 2039
3035 3 2 1 1 3142 3208 3445 716
3036 3 2 1 1 3969 3588 658 3703
3037 3 2 1 1 1014 1169 816 979
3038 3 2 1 1 1658 1468 1336 1536
3039 3 2 1 1 1026 1158 1356 1205
3040 3 2 1 1 3530 3699 3589 699
3041 3 2 1 1 3959 3590 657 3701
3042 3 2 1 1 3053 2934 2874 3007
3043 3 2 1 1 2500 2397 2543 2584
3044 3 2 1 1 4026 3894 3635 3825
3045 3 2 1 1 3532 3696 3591 700
3046 3 2 1 1 3940 3750 3458 3658
3047 3 2 1 1 3872 3928 3697 3762
3048 3 2 1 1 1378 1263 1296 1317
3049 3 2 1 1 1003 1089 957 1000
3050 3 2 1 1 1305 1478 1370 1207
3051 3 2 1 1 3539 3779 3922 641
3052 3 2 1 1 2781 2715 2678 2743
3053 3 2 1 1 4104 4078 653 4068
3054 3 2 1 1 3392 3484 3774 642
3055 3 2 1 1 3709 3847 4014 704
3056 3 2 1 1 3535 3691 3790 701
3057 3 2 1 1 4057 3770 652 3866
3058 3 2 1 1 1003 1157 1388 1262
3059 3 2 1 1 3538 3724 3771 705
3060 3 2 1 1 1968 1799 1733 1887
3061 3 2 1 1 3857 3980 4016 706
3062 3 2 1 1 3254 3339 3602 643
3063 3 2 1 1 3711 3908 4022 707
3064 3 2 1 1 3477 3522 3752 3839
3065 3 2 1 1 3812 3595 649 3347
3066 3 2 1 1 3253 3341 3600 644
3067 3 2 1 1 3249 3350 3597 648
3068 3 2 1 1 3640 3435 647 3209
3069 3 2 1 1 3391 3606 3772 645
3070 3 2 1 1 3250 3346 3598 646
3071 3 2 1 1 2616 2657 2583 2717
3072 3 2 1 1 1423 666 1444 1520
3073 3 2 1 1 903 1062 1261 1157
3074 3 2 1 1 2592 2470 2517 2585
3075 3 2 1 1 1918 1860 1950 2035
3076 3 2 1 1 899 894 904 996
3077 3 2 1 1 2005 2188 2209 2140
3078 3 2 1 1 1524 1602 1738 1621
3079 3 2 1 1 1315 1224 1191 684
3080 3 2 1 1 2129 1663 1985 2047
3081 3 2 1 1 1381 1355 1155 1272
3082 3 2 1 1 1274 1359 1473 1311
3083 3 2 1 1 2134 1957 1827 2045
3084 3 2 1 1 1585 1801 1802 1718
3085 3 2 1 1 3633 3585 3451 3388
3086 3 2 1 1 1544 1614 1678 1583
3087 3 2 1 1 1531 1613 1818 1720
3088 3 2 1 1 3719 3452 3361 3637
3089 3 2 1 1 1817 1843 1988 1825
3090 3 2 1 1 906 1065 670 857
3091 3 2 1 1 1561 1449 1558 1642
3092 3 2 1 1 1092 989 690 882
3093 3 2 1 1 1982 2099 1962 1882
3094 3 2 1 1 2437 2244 2177 2366
3095 3 2 1 1 1007 1180 1391 1266
3096 3 2 1 1 1830 1754 1677 1800
3097 3 2 1 1 1384 1267 1218 1347
3098 3 2 1 1 1070 1071 1293 1106
3099 3 2 1 1 3205 3094 2966 2996
3100 3 2 1 1 3265 3816 3975 2944
3101 3 2 1 1 3714 4017 4041 3880
3102 3 2 1 1 1095 990 677 884
3103 3 2 1 1 2366 2177 2139 2218
3104 3 2 1 1 1551 1377 1289 1447
3105 3 2 1 1 1297 1381 1272 1156
3106 3 2 1 1 2133 1968 1887 2055
3107 3 2 1 1 2648 2573 2708 2721
3108 3 2 1 1 1326 1332 1115 1271
3109 3 2 1 1 1096 991 748 886
3110 3 2 1 1 2853 2746 2682 2866
3111 3 2 1 1 63 64 753 892
3112 3 2 1 1 3641 3480 3803 3841
3113 3 2 1 1 1730 1582 1794 1879
3114 3 2 1 1 1097 992 793 888
3115 3 2 1 1 4041 4017 3672 3914
3116 3 2 1 1 2584 2664 2471 2500
3117 3 2 1 1 2617 2465 2436 2581
3118 3 2 1 1 2318 2497 2498 2396
3119 3 2 1 1 3877 4003 4061 4090
3120 3 2 1 1 798 897 995 809
3121 3 2 1 1 1304 1542 1635 1405
3122 3 2 1 1 1164 1267 1384 1167
3123 3 2 1 1 2789 2747 2685 2795
3124 3 2 1 1 2352 2211 2126 2271
3125 3 2 1 1 2625 2547 2472 2578
3126 3 2 1 1 1892 1761 1627 1722
3127 3 2 1 1 1440 1487 1631 1413
3128 3 2 1 1 1159 1024 1084 1154
3129 3 2 1 1 2785 2855 2915 2852
3130 3 2 1 1 2304 2504 2539 2456
3131 3 2 1 1 668 1018 1267 1164
3132 3 2 1 1 3768 3967 3764 3835
3133 3 2 1 1 1081 1029 1145 1184
3134 3 2 1 1 3818 3421 3207 3483
3135 3 2 1 1 3723 4096 4050 3899
3136 3 2 1 1 2390 2505 2657 2722
3137 3 2 1 1 3767 3422 3354 3512
3138 3 2 1 1 2830 2898 2745 2859
3139 3 2 1 1 2716 2651 2640 2715
3140 3 2 1 1 2640 2651 2596 2545
3141 3 2 1 1 1980 1884 1983 1958
3142 3 2 1 1 1263 1378 1386 1241
3143 3 2 1 1 726 876 841 959
3144 3 2 1 1 2910 2923 2821 2974
3145 3 2 1 1 3153 3051 2968 3044
3146 3 2 1 1 2929 2854 2998 3005
3147 3 2 1 1 3735 3258 3478 3630
3148 3 2 1 1 1606 1725 1550 1549
3149 3 2 1 1 1235 1293 1071 1185
3150 3 2 1 1 3650 3288 3104 3340
3151 3 2 1 1 2465 2326 2236 2436
3152 3 2 1 1 3327 3128 3035 3183
3153 3 2 1 1 3444 3225 3558 3568
3154 3 2 1 1 3473 3234 3119 3297
3155 3 2 1 1 3556 3483 3207 3395
3156 3 2 1 1 1220 1425 1539 1326
3157 3 2 1 1 2302 2215 2183 2246
3158 3 2 1 1 3186 3086 3292 3316
3159 3 2 1 1 2753 2623 2662 2675
3160 3 2 1 1 867 957 995 897
3161 3 2 1 1 2861 2743 2678 2782
3162 3 2 1 1 3302 3116 3388 3466
3163 3 2 1 1 3634 3338 3105 3251
3164 3 2 1 1 1632 1528 923 1456
3165 3 2 1 1 4045 3876 3665 3919
3166 3 2 1 1 3303 3176 3428 3480
3167 3 2 1 1 3455 3210 3017 3146
3168 3 2 1 1 3454 3214 3020 3140
3169 3 2 1 1 3456 3216 3021 3141
3170 3 2 1 1 3635 3340 3104 3252
3171 3 2 1 1 3317 3106 2941 3045
3172 3 2 1 1 3458 3212 3019 3144
3173 3 2 1 1 3617 3344 3697 3928
3174 3 2 1 1 3618 3423 3769 3800
3175 3 2 1 1 3592 3698 3801 3348
3176 3 2 1 1 3449 3287 3586 3636
3177 3 2 1 1 3620 3345 3689 3832
3178 3 2 1 1 1267 1018 1173 1218
3179 3 2 1 1 1081 944 998 1029
3180 3 2 1 1 3593 3946 3802 3342
3181 3 2 1 1 3622 3343 3687 3833
3182 3 2 1 1 1625 1580 1508 1567
3183 3 2 1 1 3867 3666 3997 4060
3184 3 2 1 1 1776 1880 2057 1964
3185 3 2 1 1 3937 3759 4013 4058
3186 3 2 1 1 4065 3978 4099 4100
3187 3 2 1 1 4021 3907 4069 4070
3188 3 2 1 1 2202 2254 2316 2286
3189 3 2 1 1 3792 3485 3873 3948
3190 3 2 1 1 3313 3177 3430 3461
3191 3 2 1 1 3793 3583 3869 3886
3192 3 2 1 1 3623 3358 3681 3736
3193 3 2 1 1 3938 3664 3988 4048
3194 3 2 1 1 3018 3432 3463 3179
3195 3 2 1 1 3304 3178 3429 3459
3196 3 2 1 1 2869 2887 3084 3002
3197 3 2 1 1 3306 3180 3431 3460
3198 3 2 1 1 3189 3087 3294 3319
3199 3 2 1 1 3308 3181 3433 3462
3200 3 2 1 1 3554 3397 3828 3840
3201 3 2 1 1 2067 1926 1761 1892
3202 3 2 1 1 3406 3184 3202 3228
3203 3 2 1 1 2057 1880 1795 1961
3204 3 2 1 1 1473 1317 1379 1449
3205 3 2 1 1 1978 993 794 890
3206 3 2 1 1 809 995 1088 904
3207 3 2 1 1 2037 2216 2282 2123
3208 3 2 1 1 3884 3939 3692 3748
3209 3 2 1 1 1614 1785 1868 1678
3210 3 2 1 1 3839 3540 3942 3639
3211 3 2 1 1 2301 2304 2456 2433
3212 3 2 1 1 1813 1860 1918 1895
3213 3 2 1 1 1026 1180 810 984
3214 3 2 1 1 2441 2428 2498 2576
3215 3 2 1 1 895 717 60 61
3216 3 2 1 1 3870 4114 3996 3671
3217 3 2 1 1 1216 1383 1506 1467
3218 3 2 1 1 1295 1224 1459 1342
3219 3 2 1 1 1235 1266 1438 1316
3220 3 2 1 1 1288 1274 1311 1482
3221 3 2 1 1 1413 1631 1715 1504
3222 3 2 1 1 2351 2510 2580 2429
3223 3 2 1 1 2894 3084 3190 3085
3224 3 2 1 1 2371 2335 2238 2289
3225 3 2 1 1 2647 2503 2441 2576
3226 3 2 1 1 1766 1712 1527 1620
3227 3 2 1 1 3090 2925 2857 3008
3228 3 2 1 1 1963 2054 2210 2106
3229 3 2 1 1 1098 1360 1460 1201
3230 3 2 1 1 1879 2037 2123 1910
3231 3 2 1 1 2586 2425 663 2501
3232 3 2 1 1 2142 2043 2008 2091
3233 3 2 1 1 3949 3506 3831 3896
3234 3 2 1 1 2429 2580 2646 2504
3235 3 2 1 1 2437 2361 2283 2244
3236 3 2 1 1 2646 2791 2857 2711
3237 3 2 1 1 2414 2591 2655 2463
3238 3 2 1 1 1471 1592 1792 1534
3239 3 2 1 1 996 904 1088 1005
3240 3 2 1 1 632 783 785 633
3241 3 2 1 1 2935 2868 2779 2858
3242 3 2 1 1 2123 2282 2351 2156
3243 3 2 1 1 3095 2924 662 2999
3244 3 2 1 1 1539 1425 1621 1588
3245 3 2 1 1 1197 1135 1395 1127
3246 3 2 1 1 1325 1388 1157 1261
3247 3 2 1 1 2341 2418 2356 2252
3248 3 2 1 1 942 983 685 858
3249 3 2 1 1 1003 1262 1360 1098
3250 3 2 1 1 1955 1850 2065 2117
3251 3 2 1 1 3470 3326 697 3246
3252 3 2 1 1 3641 3387 659 3247
3253 3 2 1 1 3796 3472 698 3615
3254 3 2 1 1 2663 2685 2747 2726
3255 3 2 1 1 1089 1035 995 957
3256 3 2 1 1 2055 1926 2224 2096
3257 3 2 1 1 3279 3193 3099 2969
3258 3 2 1 1 3945 656 3534 3960
3259 3 2 1 1 1598 1554 1591 1729
3260 3 2 1 1 3961 3688 655 3536
3261 3 2 1 1 4089 3990 654 3856
3262 3 2 1 1 4105 4044 703 4084
3263 3 2 1 1 2658 2761 2475 2724
3264 3 2 1 1 4052 3676 651 3920
3265 3 2 1 1 4072 4051 3905 4015
3266 3 2 1 1 4107 3986 650 4079
3267 3 2 1 1 4073 4106 4076 4101
3268 3 2 1 1 1461 1075 938 1172
3269 3 2 1 1 1229 1261 1062 1163
3270 3 2 1 1 4081 3918 654 3990
3271 3 2 1 1 3163 3102 3014 2875
3272 3 2 1 1 296 1850 1955 297
3273 3 2 1 1 1728 1573 1811 1883
3274 3 2 1 1 3511 3911 4011 3678
3275 3 2 1 1 2243 2423 2327 2357
3276 3 2 1 1 2156 2351 2429 2229
3277 3 2 1 1 1418 1463 1229 1332
3278 3 2 1 1 4082 3921 650 3986
3279 3 2 1 1 1607 1553 1650 1624
3280 3 2 1 1 2 1797 1671 37
3281 3 2 1 1 1341 1562 1502 1466
3282 3 2 1 1 1213 1390 1277 1108
3283 3 2 1 1 1215 1106 1293 1358
3284 3 2 1 1 2286 2316 2400 2360
3285 3 2 1 1 2504 2646 2711 2539
3286 3 2 1 1 1439 1325 1463 1564
3287 3 2 1 1 995 1035 1139 1088
3288 3 2 1 1 2785 2852 2831 2780
3289 3 2 1 1 978 984 743 862
3290 3 2 1 1 1504 1715 1794 1582
3291 3 2 1 1 2020 1913 1906 1749
3292 3 2 1 1 631 738 783 632
3293 3 2 1 1 3733 3917 3910 3543
3294 3 2 1 1 1806 1669 1846 1986
3295 3 2 1 1 4089 4109 4081 3990
3296 3 2 1 1 1779 1959 2070 1853
3297 3 2 1 1 2350 2251 2155 2285
3298 3 2 1 1 1759 1940 2074 1976
3299 3 2 1 1 2466 2489 2453 2317
3300 3 2 1 1 1003 1098 1192 1089
3301 3 2 1 1 2136 2070 1959 2137
3302 3 2 1 1 3649 3441 3128 3327
3303 3 2 1 1 3298 3091 3005 3175
3304 3 2 1 1 628 695 789 629
3305 3 2 1 1 1796 1769 1837 1884
3306 3 2 1 1 2393 2313 2234 2293
3307 3 2 1 1 1538 1396 1573 1728
3308 3 2 1 1 4050 4096 3497 3901
3309 3 2 1 1 1083 1005 1190 1107
3310 3 2 1 1 3855 3705 3338 3634
3311 3 2 1 1 1821 1734 1636 1653
3312 3 2 1 1 2818 2996 2966 2922
3313 3 2 1 1 1390 1356 1158 1277
3314 3 2 1 1 2278 2336 2428 2174
3315 3 2 1 1 2010 2088 2073 2040
3316 3 2 1 1 2893 2861 2821 2923
3317 3 2 1 1 3811 3501 3210 3455
3318 3 2 1 1 3734 3510 3211 3457
3319 3 2 1 1 3713 3523 3216 3456
3320 3 2 1 1 3639 3366 3106 3317
3321 3 2 1 1 2543 2647 2641 2709
3322 3 2 1 1 2413 2527 2710 2594
3323 3 2 1 1 4062 3784 3636 3934
3324 3 2 1 1 3011 2752 2550 2653
3325 3 2 1 1 1736 1545 1469 1633
3326 3 2 1 1 3523 3906 3753 3644
3327 3 2 1 1 3925 3608 3461 3808
3328 3 2 1 1 1135 1197 1040 1149
3329 3 2 1 1 3501 3941 3810 3643
3330 3 2 1 1 3510 3976 3720 3646
3331 3 2 1 1 3988 4111 4083 4048
3332 3 2 1 1 3926 3610 3463 3787
3333 3 2 1 1 3954 3609 3459 3786
3334 3 2 1 1 1487 1683 1807 1631
3335 3 2 1 1 1545 1347 1218 1469
3336 3 2 1 1 938 805 1013 1172
3337 3 2 1 1 3781 3440 3319 3613
3338 3 2 1 1 1775 1594 1654 1680
3339 3 2 1 1 3927 3612 3462 3809
3340 3 2 1 1 1631 1807 1886 1715
3341 3 2 1 1 1124 1002 1214 1276
3342 3 2 1 1 1292 680 45 46
3343 3 2 1 1 1191 29 30 684
3344 3 2 1 1 1357 1221 1396 1538
3345 3 2 1 1 1201 1460 1542 1304
3346 3 2 1 1 3005 2998 3081 3175
3347 3 2 1 1 3683 4046 3966 3882
3348 3 2 1 1 1817 1825 1630 1731
3349 3 2 1 1 1266 1235 1185 1007
3350 3 2 1 1 1798 1635 1542 1745
3351 3 2 1 1 2784 2821 2861 2782
3352 3 2 1 1 896 668 52 53
3353 3 2 1 1 300 692 2207 301
3354 3 2 1 1 1538 1728 1795 1628
3355 3 2 1 1 2097 2013 1840 2024
3356 3 2 1 1 1089 1192 1139 1035
3357 3 2 1 1 1888 681 1673 1759
3358 3 2 1 1 1372 1408 1480 1209
3359 3 2 1 1 997 820 1019 1093
3360 3 2 1 1 3316 3292 3442 3629
3361 3 2 1 1 1205 1438 1266 1391
3362 3 2 1 1 603 602 734 1170
3363 3 2 1 1 2185 2360 2447 2331
3364 3 2 1 1 3932 3899 4050 3691
3365 3 2 1 1 2153 2224 1926 2067
3366 3 2 1 1 595 1078 751 596
3367 3 2 1 1 1797 1888 1759 1976
3368 3 2 1 1 2493 2391 2377 2235
3369 3 2 1 1 1732 1629 1418 1539
3370 3 2 1 1 1357 1538 1628 1411
3371 3 2 1 1 2580 2719 2791 2646
3372 3 2 1 1 3636 3586 3814 3934
3373 3 2 1 1 1005 1088 1139 1190
3374 3 2 1 1 3662 3336 723 3434
3375 3 2 1 1 1001 1011 1160 911
3376 3 2 1 1 2216 2365 2440 2282
3377 3 2 1 1 3461 3430 3643 3808
3378 3 2 1 1 2787 2732 2649 722
3379 3 2 1 1 1139 1290 1231 1190
3380 3 2 1 1 1223 1284 1184 1145
3381 3 2 1 1 3463 3432 3646 3787
3382 3 2 1 1 1375 1483 1479 1236
3383 3 2 1 1 3459 3429 3642 3786
3384 3 2 1 1 2282 2440 2510 2351
3385 3 2 1 1 3319 3294 3471 3613
3386 3 2 1 1 3462 3433 3647 3809
3387 3 2 1 1 937 823 981 1023
3388 3 2 1 1 303 2174 2274 304
3389 3 2 1 1 1788 36 37 1671
3390 3 2 1 1 1540 1474 1371 1319
3391 3 2 1 1 4061 3849 702 3936
3392 3 2 1 1 1288 1160 1011 1274
3393 3 2 1 1 1781 1506 1544 1583
3394 3 2 1 1 1823 1679 1613 732
3395 3 2 1 1 3642 3518 3835 3764
3396 3 2 1 1 1384 1275 1016 1167
3397 3 2 1 1 3820 3353 714 3603
3398 3 2 1 1 3819 3349 708 3596
3399 3 2 1 1 3830 3481 713 3601
3400 3 2 1 1 1533 1481 1466 1502
3401 3 2 1 1 3962 3488 712 3795
3402 3 2 1 1 3651 3215 710 3436
3403 3 2 1 1 3821 3360 711 3599
3404 3 2 1 1 1424 1474 1624 1650
3405 3 2 1 1 1923 2074 2102 2076
3406 3 2 1 1 1363 1285 1170 734
3407 3 2 1 1 2573 2471 2664 2708
3408 3 2 1 1 3012 3081 2998 2898
3409 3 2 1 1 1098 1201 1287 1192
3410 3 2 1 1 2510 2654 2719 2580
3411 3 2 1 1 1894 1637 1531 1720
3412 3 2 1 1 2791 2926 3008 2857
3413 3 2 1 1 3773 3565 3446 715
3414 3 2 1 1 1371 1474 1424 1227
3415 3 2 1 1 1177 940 1221 1357
3416 3 2 1 1 3624 3367 3307 709
3417 3 2 1 1 2654 2510 2440 2587
3418 3 2 1 1 1073 1374 980 974
3419 3 2 1 1 2547 2704 2665 2575
3420 3 2 1 1 1886 2060 2127 1972
3421 3 2 1 1 3827 3632 3428 3234
3422 3 2 1 1 3970 3817 4009 3264
3423 3 2 1 1 2930 3102 3110 2946
3424 3 2 1 1 1656 1605 1502 1562
3425 3 2 1 1 1389 1107 1190 1231
3426 3 2 1 1 4108 4086 4110 3994
3427 3 2 1 1 1715 1886 1972 1794
3428 3 2 1 1 1657 1507 1428 1337
3429 3 2 1 1 2926 2791 2719 2849
3430 3 2 1 1 1487 1440 1534 1792
3431 3 2 1 1 39 681 1888 38
3432 3 2 1 1 2490 2233 2378 2388
3433 3 2 1 1 2102 2218 2139 2041
3434 3 2 1 1 2924 2962 2887 2935
3435 3 2 1 1 1221 1660 1087 1515
3436 3 2 1 1 1764 1962 2039 1844
3437 3 2 1 1 3745 4063 3869 3684
3438 3 2 1 1 3693 4115 3874 4109
3439 3 2 1 1 586 585 721 2051
3440 3 2 1 1 1541 1408 1372 1320
3441 3 2 1 1 309 2471 2573 310
3442 3 2 1 1 1311 1473 1449 1561
3443 3 2 1 1 2860 2650 2728 2736
3444 3 2 1 1 2241 1996 2226 2356
3445 3 2 1 1 1689 1832 1915 1890
3446 3 2 1 1 1466 1231 1290 1341
3447 3 2 1 1 28 1025 1176 27
3448 3 2 1 1 4004 3838 3508 4056
3449 3 2 1 1 2854 2745 2898 2998
3450 3 2 1 1 2102 2298 2379 2218
3451 3 2 1 1 1189 1178 47 48
3452 3 2 1 1 1192 1287 1290 1139
3453 3 2 1 1 1475 1483 1375 1322
3454 3 2 1 1 3086 3035 3128 3292
3455 3 2 1 1 2505 2390 2367 2310
3456 3 2 1 1 1962 2099 2213 2039
3457 3 2 1 1 3176 3119 3234 3428
3458 3 2 1 1 2887 2962 3190 3084
3459 3 2 1 1 3754 3756 3639 3942
3460 3 2 1 1 1929 1965 2021 2050
3461 3 2 1 1 2255 2132 2023 2194
3462 3 2 1 1 1734 1803 1878 1900
3463 3 2 1 1 3423 3351 3495 3769
3464 3 2 1 1 3287 3105 3338 3586
3465 3 2 1 1 1018 668 896 952
3466 3 2 1 1 2976 3056 3418 3196
3467 3 2 1 1 1335 1427 1569 1477
3468 3 2 1 1 3759 3665 3876 4013
3469 3 2 1 1 3907 3843 3979 4069
3470 3 2 1 1 3177 3017 3210 3430
3471 3 2 1 1 1377 1171 1085 1289
3472 3 2 1 1 578 2472 2494 579
3473 3 2 1 1 3583 3487 3684 3869
3474 3 2 1 1 3145 3211 3432 3018
3475 3 2 1 1 3178 3020 3214 3429
3476 3 2 1 1 3180 3021 3216 3431
3477 3 2 1 1 3087 2941 3106 3294
3478 3 2 1 1 3181 3019 3212 3433
3479 3 2 1 1 1573 1677 1754 1811
3480 3 2 1 1 568 2968 2993 569
3481 3 2 1 1 1857 2041 2139 1947
3482 3 2 1 1 1397 1489 1985 2148
3483 3 2 1 1 546 3035 3086 547
3484 3 2 1 1 1562 1485 1495 1656
3485 3 2 1 1 2219 2074 1940 2130
3486 3 2 1 1 535 3119 3176 536
3487 3 2 1 1 61 62 741 895
3488 3 2 1 1 3214 3454 3835 3518
3489 3 2 1 1 3212 3458 3750 3514
3490 3 2 1 1 1872 1817 1646 1739
3491 3 2 1 1 524 3354 3422 525
3492 3 2 1 1 328 3207 3421 329
3493 3 2 1 1 513 3351 3423 514
3494 3 2 1 1 1737 1651 1662 1696
3495 3 2 1 1 1637 1547 1459 1464
3496 3 2 1 1 480 3665 3759 481
3497 3 2 1 1 316 2745 2854 317
3498 3 2 1 1 2078 2003 2085 2212
3499 3 2 1 1 469 3843 3907 470
3500 3 2 1 1 458 3487 3583 459
3501 3 2 1 1 2045 2136 2289 2227
3502 3 2 1 1 3340 3635 3894 3690
3503 3 2 1 1 340 3105 3287 341
3504 3 2 1 1 313 693 2778 314
3505 3 2 1 1 4041 3715 3807 3880
3506 3 2 1 1 352 3017 3177 353
3507 3 2 1 1 424 3020 3178 425
3508 3 2 1 1 334 3717 3758 335
3509 3 2 1 1 418 3546 3581 419
3510 3 2 1 1 364 3018 3179 365
3511 3 2 1 1 346 3547 3578 347
3512 3 2 1 1 412 3021 3180 413
3513 3 2 1 1 1683 1840 1979 1807
3514 3 2 1 1 376 3104 3288 377
3515 3 2 1 1 400 2941 3087 401
3516 3 2 1 1 388 3019 3181 389
3517 3 2 1 1 358 3548 3579 359
3518 3 2 1 1 394 3398 3420 395
3519 3 2 1 1 382 3549 3582 383
3520 3 2 1 1 1647 1686 1821 1814
3521 3 2 1 1 2334 2372 2168 2320
3522 3 2 1 1 2145 2124 1930 2071
3523 3 2 1 1 3526 3749 3951 3898
3524 3 2 1 1 1312 1475 1424 1650
3525 3 2 1 1 2124 2145 1921 2015
3526 3 2 1 1 3138 2886 3013 3080
3527 3 2 1 1 29 1191 1025 28
3528 3 2 1 1 1522 1439 1564 1659
3529 3 2 1 1 1859 2017 1932 1966
3530 3 2 1 1 1890 1738 1602 1689
3531 3 2 1 1 1481 1533 1569 1427
3532 3 2 1 1 2167 2358 2436 2236
3533 3 2 1 1 4036 3973 3972 3983
3534 3 2 1 1 3950 3719 3964 3765
3535 3 2 1 1 1560 1376 1288 1482
3536 3 2 1 1 2365 2516 2587 2440
3537 3 2 1 1 2177 2046 1947 2139
3538 3 2 1 1 1418 1629 1727 1503
3539 3 2 1 1 1167 1016 49 50
3540 3 2 1 1 1588 1621 1738 1691
3541 3 2 1 1 2074 2219 2298 2102
3542 3 2 1 1 2245 2371 2289 2166
3543 3 2 1 1 3276 3290 3465 3138
3544 3 2 1 1 2494 2472 2547 2575
3545 3 2 1 1 2744 2841 2915 2855
3546 3 2 1 1 2078 2284 2358 2167
3547 3 2 1 1 3971 3802 3946 3883
3548 3 2 1 1 2793 2508 2405 2557
3549 3 2 1 1 3732 3886 3869 4063
3550 3 2 1 1 2993 2968 3051 3078
3551 3 2 1 1 1988 2068 1977 1904
3552 3 2 1 1 1687 1559 1488 1574
3553 3 2 1 1 1551 1646 1817 1731
3554 3 2 1 1 4000 4087 3908 3858
3555 3 2 1 1 3797 3460 3431 3644
3556 3 2 1 1 1360 1262 1388 1486
3557 3 2 1 1 1341 1290 1287 1394
3558 3 2 1 1 2368 2284 2078 2212
3559 3 2 1 1 2587 2726 2792 2654
3560 3 2 1 1 1087 1660 827 987
3561 3 2 1 1 3078 3299 3335 3203
3562 3 2 1 1 2869 3002 3000 2919
3563 3 2 1 1 1818 1869 2076 1975
3564 3 2 1 1 3858 3908 4020 4093
3565 3 2 1 1 1537 1646 1551 1447
3566 3 2 1 1 3407 3540 3839 3752
3567 3 2 1 1 4056 3900 3698 3945
3568 3 2 1 1 1170 1285 1085 749
3569 3 2 1 1 1825 1747 1536 1630
3570 3 2 1 1 1820 1732 1539 1588
3571 3 2 1 1 2060 2222 2292 2127
3572 3 2 1 1 2654 2792 2849 2719
3573 3 2 1 1 2762 2802 3023 3015
3574 3 2 1 1 3758 3717 3845 3972
3575 3 2 1 1 1967 1834 1883 1811
3576 3 2 1 1 1183 1136 1082 1028
3577 3 2 1 1 4111 3988 4082 4088
3578 3 2 1 1 3578 3547 3760 3775
3579 3 2 1 1 1562 1341 1394 1485
3580 3 2 1 1 3579 3548 3727 3829
3581 3 2 1 1 3581 3546 3695 3776
3582 3 2 1 1 819 1094 1029 998
3583 3 2 1 1 1607 1624 1474 1540
3584 3 2 1 1 3420 3398 3493 3605
3585 3 2 1 1 2437 2366 2423 2523
3586 3 2 1 1 3582 3549 3686 3777
3587 3 2 1 1 3832 3904 4004 3960
3588 3 2 1 1 2303 2225 2013 2097
3589 3 2 1 1 3520 3756 3754 3913
3590 3 2 1 1 1647 1501 1408 1541
3591 3 2 1 1 2067 1892 1806 1986
3592 3 2 1 1 1963 1835 1922 2054
3593 3 2 1 1 2437 2499 2427 2361
3594 3 2 1 1 1705 1867 1970 1787
3595 3 2 1 1 2790 2687 2666 2473
3596 3 2 1 1 2449 2292 2222 2374
3597 3 2 1 1 3090 3008 2828 3101
3598 3 2 1 1 2428 2336 2396 2498
3599 3 2 1 1 1764 1708 1882 1962
3600 3 2 1 1 1378 1317 1473 1359
3601 3 2 1 1 4024 3840 3828 3893
3602 3 2 1 1 1940 1759 1673 1891
3603 3 2 1 1 3514 3977 3809 3647
3604 3 2 1 1 1337 1467 1506 1657
3605 3 2 1 1 3451 3450 3326 3470
3606 3 2 1 1 2923 2997 3092 2893
3607 3 2 1 1 3085 3190 3320 3171
3608 3 2 1 1 2422 2434 2382 2406
3609 3 2 1 1 2726 2587 2516 2663
3610 3 2 1 1 1428 680 1292 1337
3611 3 2 1 1 1591 1507 1743 1672
3612 3 2 1 1 2971 3026 3324 2888
3613 3 2 1 1 4035 3969 3703 3804
3614 3 2 1 1 3611 3963 3718 3798
3615 3 2 1 1 1427 1310 1389 1481
3616 3 2 1 1 3796 3525 3473 3472
3617 3 2 1 1 2150 2192 2244 2283
3618 3 2 1 1 2150 2168 2291 2085
3619 3 2 1 1 1018 952 1043 1173
3620 3 2 1 1 34 732 1570 33
3621 3 2 1 1 1703 1605 1656 1685
3622 3 2 1 1 1111 1011 1001 1074
3623 3 2 1 1 1043 1288 1376 1173
3624 3 2 1 1 4025 3949 3701 3929
3625 3 2 1 1 3292 3128 3441 3442
3626 3 2 1 1 993 1273 889 794
3627 3 2 1 1 3912 3631 3827 3525
3628 3 2 1 1 2043 2153 1846 2044
3629 3 2 1 1 2045 2227 2178 2134
3630 3 2 1 1 3612 3927 3528 3780
3631 3 2 1 1 3769 3495 3910 3917
3632 3 2 1 1 3586 3338 3705 3814
3633 3 2 1 1 2085 2050 2021 2150
3634 3 2 1 1 1201 1304 1394 1287
3635 3 2 1 1 3430 3210 3501 3643
3636 3 2 1 1 804 813 797 755
3637 3 2 1 1 1205 1391 1180 1026
3638 3 2 1 1 1011 1111 1359 1274
3639 3 2 1 1 1884 1837 1927 1983
3640 3 2 1 1 3429 3214 3518 3642
3641 3 2 1 1 3432 3211 3510 3646
3642 3 2 1 1 2303 2097 2134 2178
3643 3 2 1 1 1503 1727 1809 1604
3644 3 2 1 1 3431 3216 3523 3644
3645 3 2 1 1 3294 3106 3366 3471
3646 3 2 1 1 3433 3212 3514 3647
3647 3 2 1 1 1726 1686 1647 1611
3648 3 2 1 1 1988 1904 1747 1825
3649 3 2 1 1 1849 1954 1822 1805
3650 3 2 1 1 2043 1983 1927 2008
3651 3 2 1 1 3885 4094 3866 4019
3652 3 2 1 1 3744 3788 3954 3786
3653 3 2 1 1 2427 2320 2283 2361
3654 3 2 1 1 4005 3889 3687 3859
3655 3 2 1 1 3703 3943 3789 3766
3656 3 2 1 1 1976 1848 1671 1797
3657 3 2 1 1 2360 2400 2524 2447
3658 3 2 1 1 4067 4033 3986 4107
3659 3 2 1 1 1604 1809 1882 1708
3660 3 2 1 1 36 1788 1823 35
3661 3 2 1 1 1840 2013 2144 1979
3662 3 2 1 1 1977 1815 1747 1904
3663 3 2 1 1 3775 3854 3708 3820
3664 3 2 1 1 1903 1987 1824 1735
3665 3 2 1 1 1108 1277 1065 906
3666 3 2 1 1 1304 1405 1485 1394
3667 3 2 1 1 3605 3757 3522 3651
3668 3 2 1 1 2514 2335 2371 2409
3669 3 2 1 1 1965 1929 1905 1820
3670 3 2 1 1 3777 3879 3738 3821
3671 3 2 1 1 2358 2515 2581 2436
3672 3 2 1 1 3782 3807 3715 3570
3673 3 2 1 1 1818 1857 1894 1720
3674 3 2 1 1 3968 3797 3644 3753
3675 3 2 1 1 2770 2856 2729 2624
3676 3 2 1 1 3954 3799 3966 3706
3677 3 2 1 1 4011 3911 3934 3814
3678 3 2 1 1 3764 3744 3786 3642
3679 3 2 1 1 4059 3808 3643 3810
3680 3 2 1 1 3837 3787 3646 3720
3681 3 2 1 1 3756 3520 3613 3471
3682 3 2 1 1 1193 1145 1029 1094
3683 3 2 1 1 3631 3912 3322 3823
3684 3 2 1 1 59 60 717 801
3685 3 2 1 1 1948 2140 2119 2049
3686 3 2 1 1 4024 3893 3722 3944
3687 3 2 1 1 3633 3806 3270 3585
3688 3 2 1 1 1859 1781 1835 1963
3689 3 2 1 1 3871 4052 4051 4097
3690 3 2 1 1 3769 3917 3733 4025
3691 3 2 1 1 1315 1464 1459 1224
3692 3 2 1 1 3999 3992 3848 3953
3693 3 2 1 1 2310 2367 2225 2303
3694 3 2 1 1 1007 1185 983 942
3695 3 2 1 1 2300 2144 2013 2225
3696 3 2 1 1 1846 2153 2067 1986
3697 3 2 1 1 2374 2518 2597 2449
3698 3 2 1 1 3941 3501 3811 4049
3699 3 2 1 1 4012 3888 3488 3962
3700 3 2 1 1 1389 1310 1223 1294
3701 3 2 1 1 3149 3441 3649 3259
3702 3 2 1 1 1613 1679 1869 1818
3703 3 2 1 1 1173 1376 1469 1218
3704 3 2 1 1 3874 4115 4116 3494
3705 3 2 1 1 4002 4023 3848 3992
3706 3 2 1 1 2284 2444 2515 2358
3707 3 2 1 1 1569 1533 1623 1645
3708 3 2 1 1 3913 3950 3765 3520
3709 3 2 1 1 1503 1604 1659 1564
3710 3 2 1 1 3480 3428 3632 3803
3711 3 2 1 1 3238 3803 3632 3396
3712 3 2 1 1 2506 2502 2407 2448
3713 3 2 1 1 1325 1439 1486 1388
3714 3 2 1 1 1657 1740 1743 1507
3715 3 2 1 1 1149 1093 1019 1135
3716 3 2 1 1 2085 2291 2368 2212
3717 3 2 1 1 3387 3641 3841 3638
3718 3 2 1 1 3953 3848 3829 3727
3719 3 2 1 1 3898 3951 3776 3695
3720 3 2 1 1 2935 2887 2869 2868
3721 3 2 1 1 2082 2163 2865 2939
3722 3 2 1 1 2518 2374 2300 2454
3723 3 2 1 1 2185 2331 2380 2290
3724 3 2 1 1 1848 1923 2076 1869
3725 3 2 1 1 717 895 741 948
3726 3 2 1 1 1727 1629 1732 1816
3727 3 2 1 1 1635 1495 1485 1405
3728 3 2 1 1 1729 1673 681 1598
3729 3 2 1 1 1882 1809 1898 1982
3730 3 2 1 1 3702 3819 3776 3951
3731 3 2 1 1 4023 3830 3829 3848
3732 3 2 1 1 2284 2368 2528 2444
3733 3 2 1 1 3427 3659 3782 3569
3734 3 2 1 1 3807 3782 3659 3382
3735 3 2 1 1 2183 2106 2210 2287
3736 3 2 1 1 879 997 1093 946
3737 3 2 1 1 4007 3930 3668 3892
3738 3 2 1 1 2246 2183 2287 2364
3739 3 2 1 1 2454 2300 2225 2367
3740 3 2 1 1 3881 3785 3490 3763
3741 3 2 1 1 1294 1223 1145 1193
3742 3 2 1 1 58 59 801 800
3743 3 2 1 1 1358 1410 1558 1215
3744 3 2 1 1 3078 3203 3054 3095
3745 3 2 1 1 2298 2219 2130 2302
3746 3 2 1 1 1082 914 817 898
3747 3 2 1 1 2575 2665 2574 2586
3748 3 2 1 1 911 1160 1288 1043
3749 3 2 1 1 2621 2577 2939 2865
3750 3 2 1 1 1816 1732 1820 1905
3751 3 2 1 1 1476 1544 1506 1383
3752 3 2 1 1 51 52 668 1164
3753 3 2 1 1 3662 3482 3337 3336
3754 3 2 1 1 1189 1016 1275 1216
3755 3 2 1 1 1809 1727 1816 1898
3756 3 2 1 1 4017 4030 3902 3672
3757 3 2 1 1 1561 1560 1482 1311
3758 3 2 1 1 46 47 1178 1292
3759 3 2 1 1 1025 1295 1298 1176
3760 3 2 1 1 3228 3916 4035 3804
3761 3 2 1 1 1729 1773 1891 1673
3762 3 2 1 1 57 58 800 678
3763 3 2 1 1 1476 1383 1216 1275
3764 3 2 1 1 3820 3708 3656 3353
3765 3 2 1 1 3819 3702 3657 3349
3766 3 2 1 1 4026 3825 3488 3888
3767 3 2 1 1 3651 3522 3477 3215
3768 3 2 1 1 3821 3738 3658 3360
3769 3 2 1 1 53 54 797 896
3770 3 2 1 1 1891 2064 2130 1940
3771 3 2 1 1 56 57 678 804
3772 3 2 1 1 800 801 898 817
3773 3 2 1 1 54 55 755 797
3774 3 2 1 1 55 56 804 755
3775 3 2 1 1 2049 2057 1961 1948
3776 3 2 1 1 1566 1591 1554 1417
3777 3 2 1 1 3694 4057 3866 4094
3778 3 2 1 1 2289 2238 2178 2227
3779 3 2 1 1 2168 2372 2455 2291
3780 3 2 1 1 3797 3968 3718 3963
3781 3 2 1 1 1746 1659 1604 1708
3782 3 2 1 1 911 877 900 1001
3783 3 2 1 1 2064 1891 1773 1932
3784 3 2 1 1 1898 1816 1905 1992
3785 3 2 1 1 1572 1486 1439 1522
3786 3 2 1 1 678 800 817 900
3787 3 2 1 1 804 678 900 877
3788 3 2 1 1 3368 3837 3720 3965
3789 3 2 1 1 3441 3149 3629 3442
3790 3 2 1 1 1793 2075 1908 2154
3791 3 2 1 1 1745 1572 1522 1644
3792 3 2 1 1 1450 1570 732 1613
3793 3 2 1 1 1815 1658 1536 1747
3794 3 2 1 1 3974 3708 3854 4027
3795 3 2 1 1 2849 2828 3008 2926
3796 3 2 1 1 2291 2455 2528 2368
3797 3 2 1 1 1982 1898 1992 2077
3798 3 2 1 1 2367 2390 2518 2454
3799 3 2 1 1 41 42 1417 1554
3800 3 2 1 1 1111 1386 1378 1359
3801 3 2 1 1 1236 1479 1116 1395
3802 3 2 1 1 2064 2215 2302 2130
3803 3 2 1 1 1846 1980 1958 2044
3804 3 2 1 1 3175 3286 3443 3298
3805 3 2 1 1 3809 3957 3528 3927
3806 3 2 1 1 3511 4062 3934 3911
3807 3 2 1 1 42 43 1566 1417
3808 3 2 1 1 4088 4082 3986 4033
3809 3 2 1 1 2254 2280 2295 2451
3810 3 2 1 1 1275 1384 1347 1476
3811 3 2 1 1 3712 3796 3615 3552
3812 3 2 1 1 2726 2747 2849 2792
3813 3 2 1 1 3784 4062 4043 3861
3814 3 2 1 1 3149 3277 3655 3629
3815 3 2 1 1 3242 3380 3967 4091
3816 3 2 1 1 3720 3976 3891 3965
3817 3 2 1 1 3411 3841 3803 3238
3818 3 2 1 1 4093 4020 3862 4046
3819 3 2 1 1 3813 4012 3962 3935
3820 3 2 1 1 3544 3716 3810 3941
3821 3 2 1 1 2548 2595 2520 2513
3822 3 2 1 1 3388 3451 3470 3466
3823 3 2 1 1 2390 2511 2597 2518
3824 3 2 1 1 1475 1330 1479 1483
3825 3 2 1 1 2370 2087 2369 2525
3826 3 2 1 1 3766 3789 3767 3958
3827 3 2 1 1 2615 2722 2730 2633
3828 3 2 1 1 1916 2082 2939 2660
3829 3 2 1 1 4073 4067 4107 4106
3830 3 2 1 1 40 41 1554 1598
3831 3 2 1 1 50 51 1164 1167
3832 3 2 1 1 801 717 948 898
3833 3 2 1 1 730 893 830 765
3834 3 2 1 1 788 945 820 880
3835 3 2 1 1 1179 1019 820 945
3836 3 2 1 1 669 926 1030 985
3837 3 2 1 1 1238 1030 926 1126
3838 3 2 1 1 1649 1333 1119 1291
3839 3 2 1 1 1136 1183 1198 1255
3840 3 2 1 1 1073 1234 1199 1374
3841 3 2 1 1 1649 1291 1211 1307
3842 3 2 1 1 1307 1211 1556 1652
3843 3 2 1 1 1333 1324 1297 1219
3844 3 2 1 1 1565 1232 1242 1323
3845 3 2 1 1 1214 1361 1429 1299
3846 3 2 1 1 1543 1300 1334 1398
3847 3 2 1 1 1638 1431 1300 1543
3848 3 2 1 1 1901 1505 1432 1301
3849 3 2 1 1 1488 1559 1434 1313
3850 3 2 1 1 1490 1723 1435 1314
3851 3 2 1 1 1525 1568 1430 1327
3852 3 2 1 1 1491 1433 1345 1648
3853 3 2 1 1 1622 1409 1356 1442
3854 3 2 1 1 1653 1636 1571 1412
3855 3 2 1 1 1444 1599 1422 1520
3856 3 2 1 1 1640 1501 1697 1741
3857 3 2 1 1 1432 1505 2061 1600
3858 3 2 1 1 1729 1591 1672 1773
3859 3 2 1 1 1714 1608 1786 1593
3860 3 2 1 1 1784 1756 1666 1711
3861 3 2 1 1 1748 1675 1690 1871
3862 3 2 1 1 1588 1691 1965 1820
3863 3 2 1 1 2022 1858 1752 1939
3864 3 2 1 1 1943 1855 1762 1774
3865 3 2 1 1 2147 1897 1838 1930
3866 3 2 1 1 2104 1855 1943 1996
3867 3 2 1 1 2106 2017 1859 1963
3868 3 2 1 1 1832 2046 2192 1915
3869 3 2 1 1 2008 1927 2066 2202
3870 3 2 1 1 2088 2143 2009 2073
3871 3 2 1 1 2267 2151 2011 2228
3872 3 2 1 1 2261 2163 2082 2101
3873 3 2 1 1 2338 2235 2189 2083
3874 3 2 1 1 2381 2143 2088 2184
3875 3 2 1 1 2234 2196 2100 2293
3876 3 2 1 1 2180 2277 2115 2116
3877 3 2 1 1 2002 2135 2176 2217
3878 3 2 1 1 2378 2233 2193 2161
3879 3 2 1 1 2479 2314 2163 2261
3880 3 2 1 1 2317 2181 2169 2239
3881 3 2 1 1 2319 2339 2217 2176
3882 3 2 1 1 2327 2246 2364 2357
3883 3 2 1 1 2207 2276 2336 2278
3884 3 2 1 1 2936 2312 2347 2389
3885 3 2 1 1 2666 2412 2312 2473
3886 3 2 1 1 2421 2527 2413 2345
3887 3 2 1 1 2774 2389 2414 2463
3888 3 2 1 1 2628 2477 2402 2555
3889 3 2 1 1 2630 2478 2442 2556
3890 3 2 1 1 2777 2556 2460 2600
3891 3 2 1 1 3200 2603 2530 2592
3892 3 2 1 1 2643 2559 2533 2605
3893 3 2 1 1 2752 2679 2629 2550
3894 3 2 1 1 2683 2553 2761 2799
3895 3 2 1 1 2608 2723 2626 2560
3896 3 2 1 1 3082 2835 2777 2600
3897 3 2 1 1 2838 2723 2608 2740
3898 3 2 1 1 2578 2649 2732 2625
3899 3 2 1 1 2775 2625 2732 2919
3900 3 2 1 1 2991 2659 2643 2673
3901 3 2 1 1 2689 2866 2682 2772
3902 3 2 1 1 2636 2697 2802 2762
3903 3 2 1 1 2874 2934 2832 2735
3904 3 2 1 1 2902 2755 2738 2808
3905 3 2 1 1 2789 2828 2849 2747
3906 3 2 1 1 2846 3003 2834 2759
3907 3 2 1 1 3332 2880 2813 2805
3908 3 2 1 1 3661 2902 2808 2953
3909 3 2 1 1 2938 3013 2811 2833
3910 3 2 1 1 3061 2949 2938 2871
3911 3 2 1 1 3157 3026 2971 2877
3912 3 2 1 1 2956 3093 2975 2879
3913 3 2 1 1 3065 3056 2976 2912
3914 3 2 1 1 3262 3058 2946 3815
3915 3 2 1 1 3159 3030 2947 2977
3916 3 2 1 1 3452 3778 2953 3329
3917 3 2 1 1 3122 3059 2959 3191
3918 3 2 1 1 3478 3258 3026 3157
3919 3 2 1 1 3559 3236 3030 3159
3920 3 2 1 1 3403 3261 3156 3031
3921 3 2 1 1 3822 3952 3039 3098
3922 3 2 1 1 3822 3098 3059 3122
3923 3 2 1 1 3402 3110 3102 3163
3924 3 2 1 1 3628 3219 3154 3110
3925 3 2 1 1 3729 3628 3110 3402
3926 3 2 1 1 3970 3264 3158 3113
3927 3 2 1 1 3261 3469 3268 3156
3928 3 2 1 1 3233 3161 3266 3486
3929 3 2 1 1 3521 3213 3401 3653
3930 3 2 1 1 3027 3218 3364 3269
3931 3 2 1 1 3912 3916 3228 3322
3932 3 2 1 1 3377 3369 3334 3231
3933 3 2 1 1 3733 3261 3403 3506
3934 3 2 1 1 3158 3264 4009 3374
3935 3 2 1 1 3141 3307 3367 3456
3936 3 2 1 1 713 3481 3457 3311
3937 3 2 1 1 3548 3602 3339 3727
3938 3 2 1 1 3398 3598 3346 3493
3939 3 2 1 1 3546 3597 3350 3695
3940 3 2 1 1 3713 3456 3367 3887
3941 3 2 1 1 3580 4042 3369 3377
3942 3 2 1 1 3505 3386 3469 3543
3943 3 2 1 1 3251 3446 3565 3634
3944 3 2 1 1 3734 3457 3481 3897
3945 3 2 1 1 3547 3774 3484 3760
3946 3 2 1 1 4037 3685 3507 3491
3947 3 2 1 1 3351 3591 3696 3495
3948 3 2 1 1 3910 3755 3505 3543
3949 3 2 1 1 3354 3589 3699 3512
3950 3 2 1 1 4055 3521 3653 3748
3951 3 2 1 1 3375 3553 3749 3526
3952 3 2 1 1 3763 3956 3836 3527
3953 3 2 1 1 3855 3634 3565 4036
3954 3 2 1 1 3549 3772 3606 3686
3955 3 2 1 1 3686 3606 3881 3998
3956 3 2 1 1 3455 3656 3708 3811
3957 3 2 1 1 4028 3768 3657 3702
3958 3 2 1 1 3454 3657 3768 3835
3959 3 2 1 1 3871 3670 3993 4095
3960 3 2 1 1 4005 4003 3877 3675
3961 3 2 1 1 3487 3771 3724 3684
3962 3 2 1 1 3533 3790 3691 3868
3963 3 2 1 1 3523 3713 4008 3906
3964 3 2 1 1 3674 3891 3734 4002
3965 3 2 1 1 3717 3922 3779 3845
3966 3 2 1 1 3845 3779 4007 4077
3967 3 2 1 1 3843 4014 3847 3979
3968 3 2 1 1 3873 3850 3991 3948
3969 3 2 1 1 4085 4034 3955 3851
3970 3 2 1 1 3669 3878 3992 3999
3971 3 2 1 1 3674 4002 3992 3878
3972 3 2 1 1 3802 3971 3899 3932
3973 3 2 1 1 4071 4018 3948 3991
3974 3 2 1 1 4077 4010 4034 3983
3975 3 2 1 1 3983 4034 4085 4036
3976 3 2 1 1 3860 4067 4073 4037
3977 3 2 1 1 4045 4044 4066 4075
3978 3 2 1 2 6996 6829 6726 7018
3979 3 2 1 2 4946 5076 4923 4748
3980 3 2 1 2 6150 6068 6127 6048
3981 3 2 1 2 4578 4491 4437 4528
3982 3 2 1 2 5858 5850 5888 6354
3983 3 2 1 2 4827 4683 4484 4732
3984 3 2 1 2 6592 6676 6586 6535
3985 3 2 1 2 5709 5771 5689 5727
3986 3 2 1 2 7447 7331 7334 7229
3987 3 2 1 2 4424 4395 4483 4583
3988 3 2 1 2 7273 7078 7207 7130
3989 3 2 1 2 6117 5956 6071 6496
3990 3 2 1 2 7350 7332 4215 7233
3991 3 2 1 2 6670 6782 6662 6578
3992 3 2 1 2 7194 7047 7234 7335
3993 3 2 1 2 6454 6374 6244 6335
3994 3 2 1 2 7354 7230 7377 7189
3995 3 2 1 2 6119 5971 5924 6036
3996 3 2 1 2 7520 7476 7176 7413
3997 3 2 1 2 7081 7034 7110 7223
3998 3 2 1 2 6686 6715 6627 6524
3999 3 2 1 2 6036 5924 5956 6117
4000 3 2 1 2 7428 7227 7339 7333
4001 3 2 1 2 7430 7179 7046 7311
4002 3 2 1 2 5888 5801 5615 5887
4003 3 2 1 2 6035 5942 6132 6350
4004 3 2 1 2 6523 6465 6340 6391
4005 3 2 1 2 5698 5610 5590 5659
4006 3 2 1 2 4921 4582 4561 4670
4007 3 2 1 2 7191 7255 6913 7076
4008 3 2 1 2 7430 7382 7442 7422
4009 3 2 1 2 6898 6875 6982 7073
4010 3 2 1 2 7226 7297 6914 7081
4011 3 2 1 2 6830 6749 6966 6835
4012 3 2 1 2 6798 6639 6710 6944
4013 3 2 1 2 6295 6103 6251 6657
4014 3 2 1 2 7510 7475 7423 7407
4015 3 2 1 2 6336 6195 6281 6269
4016 3 2 1 2 5076 4946 5144 5264
4017 3 2 1 2 7323 7056 7389 7443
4018 3 2 1 2 5447 5266 5162 5345
4019 3 2 1 2 4653 4769 4563 4477
4020 3 2 1 2 5863 6010 5892 5826
4021 3 2 1 2 5699 5848 5517 5622
4022 3 2 1 2 4828 4689 4547 4577
4023 3 2 1 2 7082 7077 7281 7228
4024 3 2 1 2 7237 7059 7055 7233
4025 3 2 1 2 6713 6537 6470 6602
4026 3 2 1 2 7061 7033 7157 7231
4027 3 2 1 2 6264 6191 6103 6295
4028 3 2 1 2 7272 7394 7051 7466
4029 3 2 1 2 7309 7330 7398 7429
4030 3 2 1 2 6067 6152 6073 6034
4031 3 2 1 2 5803 5713 5886 5876
4032 3 2 1 2 5248 5309 5197 5418
4033 3 2 1 2 6538 6401 6438 6879
4034 3 2 1 2 6814 6717 6508 6604
4035 3 2 1 2 5516 5425 5513 5607
4036 3 2 1 2 6357 6206 6298 6118
4037 3 2 1 2 6520 6468 6421 6448
4038 3 2 1 2 6334 6314 6248 6274
4039 3 2 1 2 6716 6614 6521 6630
4040 3 2 1 2 7196 7515 7091 6960
4041 3 2 1 2 7131 7081 7223 6903
4042 3 2 1 2 7281 7077 6802 6929
4043 3 2 1 2 7505 7525 7480 7526
4044 3 2 1 2 7406 7346 7527 7516
4045 3 2 1 2 6459 6524 6458 6372
4046 3 2 1 2 5589 5505 5463 5570
4047 3 2 1 2 7515 7197 7090 7091
4048 3 2 1 2 7236 7388 7290 7053
4049 3 2 1 2 5144 5417 5394 5264
4050 3 2 1 2 7355 7208 7327 7464
4051 3 2 1 2 4849 5093 5176 5092
4052 3 2 1 2 7478 7510 7407 7477
4053 3 2 1 2 6958 6723 6661 6787
4054 3 2 1 2 6343 6277 6354 6276
4055 3 2 1 2 6514 6616 6455 6380
4056 3 2 1 2 7502 7423 7475 7513
4057 3 2 1 2 5713 5545 5510 5598
4058 3 2 1 2 4911 4760 4667 4803
4059 3 2 1 2 4579 4634 4504 4385
4060 3 2 1 2 5325 5259 5390 5389
4061 3 2 1 2 6071 5933 5506 5594
4062 3 2 1 2 6689 6833 7075 7009
4063 3 2 1 2 6662 6572 6503 6578
4064 3 2 1 2 6386 6498 6403 6405
4065 3 2 1 2 6829 6623 6536 6726
4066 3 2 1 2 7233 7354 7357 7350
4067 3 2 1 2 5346 5543 5448 5229
4068 3 2 1 2 7337 7187 7335 7234
4069 3 2 1 2 6155 6216 6158 6074
4070 3 2 1 2 6178 6129 6023 6099
4071 3 2 1 2 6645 6563 6521 6614
4072 3 2 1 2 5346 5229 5034 5280
4073 3 2 1 2 7067 6981 7139 6794
4074 3 2 1 2 7302 6920 7078 7273
4075 3 2 1 2 4221 4302 4419 4327
4076 3 2 1 2 7207 7078 7035 7392
4077 3 2 1 2 6915 7150 6839 6691
4078 3 2 1 2 6414 6445 6540 6413
4079 3 2 1 2 6782 7032 6771 6662
4080 3 2 1 2 6951 6780 6703 6882
4081 3 2 1 2 5840 5790 5970 5881
4082 3 2 1 2 4869 4835 5026 5105
4083 3 2 1 2 6328 6442 6535 6404
4084 3 2 1 2 5450 5262 5356 5526
4085 3 2 1 2 6784 6579 6709 6919
4086 3 2 1 2 5776 5932 5717 5620
4087 3 2 1 2 6536 6444 6522 6648
4088 3 2 1 2 6795 6721 6568 6621
4089 3 2 1 2 6229 6095 6223 6268
4090 3 2 1 2 7079 6778 6717 6907
4091 3 2 1 2 6170 6235 6036 6117
4092 3 2 1 2 7514 7044 7518 7192
4093 3 2 1 2 5294 5160 4838 4930
4094 3 2 1 2 6096 6093 6085 6159
4095 3 2 1 2 6339 6205 6261 6389
4096 3 2 1 2 5417 5501 5422 5394
4097 3 2 1 2 5899 6030 5961 5986
4098 3 2 1 2 6591 6619 6541 6441
4099 3 2 1 2 4713 4657 4750 4916
4100 3 2 1 2 6256 6113 6219 6265
4101 3 2 1 2 4413 4456 4206 4299
4102 3 2 1 2 5807 5906 5780 5692
4103 3 2 1 2 5803 5624 5545 5713
4104 3 2 1 2 6366 6295 6657 6557
4105 3 2 1 2 6840 6676 6922 7108
4106 3 2 1 2 6344 6400 6495 6408
4107 3 2 1 2 6150 6048 5978 6063
4108 3 2 1 2 6098 6041 6125 6185
4109 3 2 1 2 6423 5969 6351 6116
4110 3 2 1 2 6695 6895 7018 6726
4111 3 2 1 2 5774 5598 5723 5850
4112 3 2 1 2 4487 4650 4782 4589
4113 3 2 1 2 6401 6257 6016 6173
4114 3 2 1 2 7508 7505 7526 7506
4115 3 2 1 2 5540 5520 5388 5452
4116 3 2 1 2 5437 5346 5280 5412
4117 3 2 1 2 6463 6893 6750 6767
4118 3 2 1 2 4505 4738 4783 4588
4119 3 2 1 2 6124 5947 6013 6020
4120 3 2 1 2 7376 7456 7321 7199
4121 3 2 1 2 5591 5360 5449 5927
4122 3 2 1 2 4784 4497 4581 4737
4123 3 2 1 2 6468 6260 6015 6421
4124 3 2 1 2 5426 5333 5425 5516
4125 3 2 1 2 6278 6492 6350 6132
4126 3 2 1 2 7174 6751 6884 7016
4127 3 2 1 2 6475 6521 6563 6498
4128 3 2 1 2 6347 6765 6317 6267
4129 3 2 1 2 6915 6791 7088 7240
4130 3 2 1 2 7266 7376 7199 7334
4131 3 2 1 2 6918 6670 6837 7051
4132 3 2 1 2 6198 6766 6652 6246
4133 3 2 1 2 6796 6995 7088 6952
4134 3 2 1 2 6576 6374 6454 6508
4135 3 2 1 2 5820 5743 5637 5695
4136 3 2 1 2 7041 7229 6933 6776
4137 3 2 1 2 5843 5967 5877 6091
4138 3 2 1 2 5304 5239 5363 5261
4139 3 2 1 2 6503 6572 6552 6415
4140 3 2 1 2 6845 6987 6895 6695
4141 3 2 1 2 6910 7085 6963 6831
4142 3 2 1 2 6694 6921 6786 6582
4143 3 2 1 2 6173 6309 6438 6401
4144 3 2 1 2 6042 6125 5955 5901
4145 3 2 1 2 4487 4593 4685 4829
4146 3 2 1 2 4838 4649 4784 4923
4147 3 2 1 2 6995 7144 7240 7088
4148 3 2 1 2 4708 4919 5012 4750
4149 3 2 1 2 6098 5973 5869 6041
4150 3 2 1 2 4778 4996 4964 4853
4151 3 2 1 2 6711 7293 6679 6616
4152 3 2 1 2 6200 6230 6191 6264
4153 3 2 1 2 6340 6222 6299 6391
4154 3 2 1 2 6773 6573 6748 6827
4155 3 2 1 2 7461 7406 7481 7486
4156 3 2 1 2 6784 6744 6879 6579
4157 3 2 1 2 6914 6832 6610 6666
4158 3 2 1 2 5966 5802 5874 6035
4159 3 2 1 2 5784 5882 6045 5965
4160 3 2 1 2 6128 5977 5928 6066
4161 3 2 1 2 5845 5826 5892 5702
4162 3 2 1 2 7229 7041 7341 7447
4163 3 2 1 2 5695 6298 5962 5820
4164 3 2 1 2 5925 6022 6363 6108
4165 3 2 1 2 6789 6668 6509 6595
4166 3 2 1 2 6886 6720 6442 6619
4167 3 2 1 2 5623 5408 5475 5515
4168 3 2 1 2 5983 5985 5984 6169
4169 3 2 1 2 7302 7089 6674 6920
4170 3 2 1 2 6008 6086 6164 5520
4171 3 2 1 2 7314 7048 6961 7177
4172 3 2 1 2 6506 7164 6371 6473
4173 3 2 1 2 7039 7263 7187 7337
4174 3 2 1 2 6433 6411 6327 6466
4175 3 2 1 2 4304 4228 4337 4426
4176 3 2 1 2 5113 4652 4737 4581
4177 3 2 1 2 5986 5961 5898 5906
4178 3 2 1 2 6817 6507 6466 6613
4179 3 2 1 2 5640 5543 5346 5437
4180 3 2 1 2 4849 4828 4577 4663
4181 3 2 1 2 6827 6908 7043 6773
4182 3 2 1 2 6842 7002 6680 6596
4183 3 2 1 2 5773 5944 6089 5887
4184 3 2 1 2 7014 6966 7301 6967
4185 3 2 1 2 4391 4638 4571 4496
4186 3 2 1 2 6128 6066 6211 6203
4187 3 2 1 2 5535 5275 5291 5414
4188 3 2 1 2 5680 5878 5991 5794
4189 3 2 1 2 7310 7431 7422 7442
4190 3 2 1 2 7369 7339 7097 7297
4191 3 2 1 2 5519 5610 5828 5696
4192 3 2 1 2 5663 5130 5252 5342
4193 3 2 1 2 5542 5596 5686 5420
4194 3 2 1 2 6621 6746 6382 6804
4195 3 2 1 2 6524 6627 6564 6458
4196 3 2 1 2 6042 6239 6185 6125
4197 3 2 1 2 5342 5252 5406 5433
4198 3 2 1 2 4501 4471 4415 4427
4199 3 2 1 2 6834 6575 6776 6933
4200 3 2 1 2 4667 4760 4791 4694
4201 3 2 1 2 6449 6376 6511 6577
4202 3 2 1 2 7317 7372 7212 7340
4203 3 2 1 2 4530 4575 4481 4377
4204 3 2 1 2 4502 4473 4417 4428
4205 3 2 1 2 5598 5774 5886 5713
4206 3 2 1 2 5765 5951 5854 5797
4207 3 2 1 2 6314 6379 6322 6248
4208 3 2 1 2 6607 6748 6533 6453
4209 3 2 1 2 6758 6973 7092 6801
4210 3 2 1 2 6689 7009 6908 6827
4211 3 2 1 2 5043 5140 5122 4945
4212 3 2 1 2 6438 6309 6393 6532
4213 3 2 1 2 6379 6430 6349 6322
4214 3 2 1 2 7110 7398 7330 7223
4215 3 2 1 2 4287 4637 4476 4442
4216 3 2 1 2 4931 5132 5318 5068
4217 3 2 1 2 5344 5510 5545 5456
4218 3 2 1 2 7466 7051 6837 7211
4219 3 2 1 2 4943 4963 5167 5146
4220 3 2 1 2 6719 6885 6604 6631
4221 3 2 1 2 7049 7216 6946 6786
4222 3 2 1 2 5880 5787 6072 5948
4223 3 2 1 2 6016 6257 6357 6118
4224 3 2 1 2 5984 5985 5920 5879
4225 3 2 1 2 7159 7093 6688 6968
4226 3 2 1 2 6430 6493 6259 6349
4227 3 2 1 2 6038 5858 6184 6103
4228 3 2 1 2 6197 6655 6330 6097
4229 3 2 1 2 4419 4493 4633 4525
4230 3 2 1 2 5451 5354 5609 5534
4231 3 2 1 2 7225 7336 7184 7455
4232 3 2 1 2 6203 6211 6248 6322
4233 3 2 1 2 7204 7324 7079 6907
4234 3 2 1 2 6172 6131 6047 6094
4235 3 2 1 2 6565 6655 6762 6396
4236 3 2 1 2 6771 6925 6836 6690
4237 3 2 1 2 5629 5762 5607 5513
4238 3 2 1 2 6972 6885 6719 6797
4239 3 2 1 2 6765 6347 6402 6431
4240 3 2 1 2 6466 6507 6610 6433
4241 3 2 1 2 4525 4633 4484 4378
4242 3 2 1 2 7448 7306 7426 7342
4243 3 2 1 2 4650 5014 4960 4782
4244 3 2 1 2 5387 5483 5577 5476
4245 3 2 1 2 5130 5080 5161 5252
4246 3 2 1 2 6794 6677 6839 6932
4247 3 2 1 2 6947 6922 7173 7132
4248 3 2 1 2 6342 6177 6446 6376
4249 3 2 1 2 5803 5716 5525 5624
4250 3 2 1 2 6794 6932 7303 7067
4251 3 2 1 2 6285 6120 5873 6024
4252 3 2 1 2 5530 5689 5806 5627
4253 3 2 1 2 6677 6629 6752 6839
4254 3 2 1 2 6110 6072 6005 6120
4255 3 2 1 2 5944 5773 5916 6300
4256 3 2 1 2 4536 4577 4547 4447
4257 3 2 1 2 4900 4983 4876 4809
4258 3 2 1 2 5516 5607 5793 5703
4259 3 2 1 2 6694 6538 6879 6744
4260 3 2 1 2 4603 4696 4407 4503
4261 3 2 1 2 4477 4563 4406 4294
4262 3 2 1 2 4791 4778 4618 4702
4263 3 2 1 2 6723 6504 6618 6661
4264 3 2 1 2 7200 7231 7157 7241
4265 3 2 1 2 6095 6229 6489 6159
4266 3 2 1 2 6884 6682 6798 7016
4267 3 2 1 2 5698 5836 5828 5610
4268 3 2 1 2 6372 6401 6538 6459
4269 3 2 1 2 6372 6253 6206 6357
4270 3 2 1 2 5620 5465 5529 5707
4271 3 2 1 2 7155 6799 6592 6948
4272 3 2 1 2 4400 4505 4588 4292
4273 3 2 1 2 6882 6703 6435 6542
4274 3 2 1 2 7080 7230 7055 6950
4275 3 2 1 2 5027 5307 5362 5155
4276 3 2 1 2 6103 6191 5968 6038
4277 3 2 1 2 7448 7342 7431 7310
4278 3 2 1 2 4579 4491 4578 4726
4279 3 2 1 2 5243 5362 5445 5844
4280 3 2 1 2 6910 7217 7329 7085
4281 3 2 1 2 4479 4640 4507 4375
4282 3 2 1 2 4386 4487 4589 4290
4283 3 2 1 2 6065 5982 5967 6084
4284 3 2 1 2 5798 5691 5769 5868
4285 3 2 1 2 5960 6276 6354 5888
4286 3 2 1 2 6222 6140 6108 6299
4287 3 2 1 2 5877 5967 5982 5864
4288 3 2 1 2 6523 6533 6748 6573
4289 3 2 1 2 7464 7327 7425 7449
4290 3 2 1 2 7378 7377 7022 7224
4291 3 2 1 2 5127 5070 5160 5259
4292 3 2 1 2 7196 7418 7489 7515
4293 3 2 1 2 5876 5886 5968 6160
4294 3 2 1 2 5679 5798 5868 5915
4295 3 2 1 2 6394 6262 6338 6485
4296 3 2 1 2 6376 6449 6263 6342
4297 3 2 1 2 6369 6382 6746 6892
4298 3 2 1 2 6262 6326 6148 6207
4299 3 2 1 2 6791 6915 6691 6581
4300 3 2 1 2 6916 6949 6883 6704
4301 3 2 1 2 6199 6766 6121 6092
4302 3 2 1 2 5183 5057 5008 5219
4303 3 2 1 2 4387 4497 4590 4289
4304 3 2 1 2 6247 6101 6187 6332
4305 3 2 1 2 5857 5969 5868 5769
4306 3 2 1 2 4781 4470 4590 4649
4307 3 2 1 2 6942 7507 7477 7493
4308 3 2 1 2 5813 5862 5954 5895
4309 3 2 1 2 6787 6661 6875 6898
4310 3 2 1 2 5399 5338 5305 5139
4311 3 2 1 2 6688 6828 7163 6968
4312 3 2 1 2 4875 4873 4816 4671
4313 3 2 1 2 4586 4291 4416 4500
4314 3 2 1 2 7219 7239 7089 7302
4315 3 2 1 2 6962 6750 6610 6832
4316 3 2 1 2 4587 4293 4418 4489
4317 3 2 1 2 6428 6566 6751 6395
4318 3 2 1 2 5854 6085 6093 5972
4319 3 2 1 2 4649 4838 4970 4781
4320 3 2 1 2 4253 4238 4302 4221
4321 3 2 1 2 6864 6601 6685 6863
4322 3 2 1 2 4981 5157 5067 4883
4323 3 2 1 2 6094 5938 6080 6121
4324 3 2 1 2 6950 6681 6888 7080
4325 3 2 1 2 7217 6910 7160 7193
4326 3 2 1 2 7091 7090 6951 6800
4327 3 2 1 2 6919 6709 6891 6961
4328 3 2 1 2 5631 5796 5708 5724
4329 3 2 1 2 7164 6613 6466 6371
4330 3 2 1 2 4388 4582 4490 4422
4331 3 2 1 2 5420 5327 5464 5542
4332 3 2 1 2 6389 6261 6365 6411
4333 3 2 1 2 5309 5066 4964 5197
4334 3 2 1 2 6332 6187 6253 6564
4335 3 2 1 2 6018 6012 6050 6142
4336 3 2 1 2 5028 4839 5001 5155
4337 3 2 1 2 6572 6690 6728 6552
4338 3 2 1 2 6063 5978 5895 5954
4339 3 2 1 2 6444 6536 6429 6337
4340 3 2 1 2 5925 6108 6140 6031
4341 3 2 1 2 5508 5679 5719 5621
4342 3 2 1 2 7308 7341 7408 7421
4343 3 2 1 2 4914 4966 5075 4857
4344 3 2 1 2 6491 6616 6679 6513
4345 3 2 1 2 5889 5593 5717 5804
4346 3 2 1 2 5154 5361 5484 5271
4347 3 2 1 2 7092 6964 7024 6801
4348 3 2 1 2 6790 7022 6705 6587
4349 3 2 1 2 6380 6455 6409 6310
4350 3 2 1 2 6614 6716 6852 6753
4351 3 2 1 2 6407 6280 6172 6307
4352 3 2 1 2 6497 7027 6369 6422
4353 3 2 1 2 4764 4683 4827 4785
4354 3 2 1 2 5617 5794 5688 5527
4355 3 2 1 2 6577 6511 6672 6800
4356 3 2 1 2 5159 4840 4947 5029
4357 3 2 1 2 7338 6905 7089 7239
4358 3 2 1 2 5465 5620 5717 5546
4359 3 2 1 2 5939 5884 5972 6093
4360 3 2 1 2 6346 6310 6279 6174
4361 3 2 1 2 6959 6624 6722 6816
4362 3 2 1 2 6960 6672 6779 6913
4363 3 2 1 2 5074 4745 4862 4969
4364 3 2 1 2 6271 6210 5974 6129
4365 3 2 1 2 6245 6190 6097 6330
4366 3 2 1 2 7075 6833 6964 7092
4367 3 2 1 2 6774 6754 6834 7026
4368 3 2 1 2 5305 5247 5210 5064
4369 3 2 1 2 5161 4841 4948 5031
4370 3 2 1 2 6537 6345 6407 6470
4371 3 2 1 2 6620 6398 6490 6512
4372 3 2 1 2 5355 5351 5582 5647
4373 3 2 1 2 6464 6444 6337 6406
4374 3 2 1 2 6010 6080 5768 5892
4375 3 2 1 2 6589 6813 6816 6722
4376 3 2 1 2 6208 5979 6047 6131
4377 3 2 1 2 6177 6122 6213 6426
4378 3 2 1 2 6039 5772 5869 5973
4379 3 2 1 2 7083 7045 6781 6962
4380 3 2 1 2 6040 5775 5894 5974
4381 3 2 1 2 6378 6319 6425 6461
4382 3 2 1 2 7429 7398 7110 7292
4383 3 2 1 2 5536 5710 5441 5324
4384 3 2 1 2 5156 5129 4928 5074
4385 3 2 1 2 5266 4962 5042 5162
4386 3 2 1 2 6949 6916 7501 7060
4387 3 2 1 2 6015 5964 6044 6301
4388 3 2 1 2 5597 5757 5539 5421
4389 3 2 1 2 5964 5937 5767 5889
4390 3 2 1 2 5948 6013 5776 5880
4391 3 2 1 2 6787 7068 7399 6958
4392 3 2 1 2 5519 5446 5590 5610
4393 3 2 1 2 5622 5440 5574 5611
4394 3 2 1 2 5574 5126 5258 5326
4395 3 2 1 2 6280 6407 6345 6272
4396 3 2 1 2 7198 7424 7409 7340
4397 3 2 1 2 5070 5027 4880 4970
4398 3 2 1 2 5365 5527 5453 5225
4399 3 2 1 2 6886 6948 6592 6720
4400 3 2 1 2 5870 5781 5983 6034
4401 3 2 1 2 5162 5042 5080 5130
4402 3 2 1 2 6122 6100 5941 6039
4403 3 2 1 2 7348 7337 7234 7349
4404 3 2 1 2 5621 5434 5343 5508
4405 3 2 1 2 6520 6501 6424 6468
4406 3 2 1 2 7349 7084 6918 7213
4407 3 2 1 2 4503 4157 4311 4425
4408 3 2 1 2 6887 7457 6580 6713
4409 3 2 1 2 4581 4563 4769 5113
4410 3 2 1 2 6722 6439 6525 6589
4411 3 2 1 2 6198 6246 6375 6331
4412 3 2 1 2 6418 6405 6325 6266
4413 3 2 1 2 4487 4386 4548 4593
4414 3 2 1 2 4221 254 255 4253
4415 3 2 1 2 7479 7307 7250 7417
4416 3 2 1 2 6601 6725 6591 6539
4417 3 2 1 2 6123 6104 5946 6040
4418 3 2 1 2 5547 5603 5738 5512
4419 3 2 1 2 6179 6341 6250 6105
4420 3 2 1 2 6120 6216 6294 6110
4421 3 2 1 2 4488 4299 4424 4583
4422 3 2 1 2 5534 5506 5326 5451
4423 3 2 1 2 5738 5603 5810 5777
4424 3 2 1 2 5164 4950 5068 5318
4425 3 2 1 2 5513 5486 5567 5629
4426 3 2 1 2 5165 5077 4950 5164
4427 3 2 1 2 6498 6563 6448 6403
4428 3 2 1 2 6462 6534 6388 6312
4429 3 2 1 2 5624 5332 5456 5545
4430 3 2 1 2 6523 6391 6474 6533
4431 3 2 1 2 7340 7212 7054 7198
4432 3 2 1 2 5967 5843 5903 6084
4433 3 2 1 2 6307 6452 6470 6407
4434 3 2 1 2 5255 5207 4949 5165
4435 3 2 1 2 6124 6044 5804 5947
4436 3 2 1 2 6929 6802 6721 6795
4437 3 2 1 2 4393 4288 4475 4565
4438 3 2 1 2 6440 6555 6634 6625
4439 3 2 1 2 4565 4643 4510 4393
4440 3 2 1 2 4299 4488 4527 4413
4441 3 2 1 2 4250 4461 4425 4311
4442 3 2 1 2 4222 4306 4407 4543
4443 3 2 1 2 6625 6590 6543 6440
4444 3 2 1 2 5544 5626 5874 5802
4445 3 2 1 2 6532 6437 6580 6891
4446 3 2 1 2 5816 5684 5548 5633
4447 3 2 1 2 5513 5425 5411 5486
4448 3 2 1 2 6484 6398 6620 6544
4449 3 2 1 2 4248 4452 4400 4309
4450 3 2 1 2 5002 4860 4831 4913
4451 3 2 1 2 7367 7204 6907 7100
4452 3 2 1 2 4317 4240 4375 4507
4453 3 2 1 2 6341 6179 6259 6385
4454 3 2 1 2 6898 7168 7068 6787
4455 3 2 1 2 4289 4590 4470 4405
4456 3 2 1 2 5031 4948 5009 5073
4457 3 2 1 2 6119 6261 6205 6037
4458 3 2 1 2 7329 7218 6963 7085
4459 3 2 1 2 5072 5215 5236 5029
4460 3 2 1 2 4565 4475 4668 4786
4461 3 2 1 2 4228 4304 124 125
4462 3 2 1 2 4294 4162 4312 4384
4463 3 2 1 2 5598 5510 5665 5723
4464 3 2 1 2 7218 7395 7387 7052
4465 3 2 1 2 6831 6595 6703 6780
4466 3 2 1 2 6796 6952 7109 6965
4467 3 2 1 2 7334 7057 7026 7229
4468 3 2 1 2 6684 6810 6714 6590
4469 3 2 1 2 6923 7076 6913 6779
4470 3 2 1 2 4603 4816 4765 4696
4471 3 2 1 2 6609 6543 6590 6714
4472 3 2 1 2 6582 6459 6538 6694
4473 3 2 1 2 5370 5548 5634 5458
4474 3 2 1 2 5870 6000 5684 5816
4475 3 2 1 2 7156 7143 6939 7087
4476 3 2 1 2 6335 6560 6631 6454
4477 3 2 1 2 4512 4555 4671 4474
4478 3 2 1 2 4506 4380 4564 4699
4479 3 2 1 2 5391 5364 5488 5241
4480 3 2 1 2 5014 4650 5001 4839
4481 3 2 1 2 4293 4587 4512 4461
4482 3 2 1 2 7035 7078 6920 6664
4483 3 2 1 2 4759 4915 4786 4668
4484 3 2 1 2 4583 4483 4741 4691
4485 3 2 1 2 4290 4589 4501 4427
4486 3 2 1 2 6092 6121 6080 6010
4487 3 2 1 2 5139 5248 5492 5399
4488 3 2 1 2 4320 4202 4389 4513
4489 3 2 1 2 4291 4586 4472 4452
4490 3 2 1 2 4637 4815 4708 4476
4491 3 2 1 2 7453 7307 7479 7522
4492 3 2 1 2 6259 6493 6543 6385
4493 3 2 1 2 7345 7428 7333 7253
4494 3 2 1 2 7344 7427 7305 7251
4495 3 2 1 2 4292 4588 4502 4428
4496 3 2 1 2 4314 4150 4288 4393
4497 3 2 1 2 6210 6347 6267 6123
4498 3 2 1 2 6517 6693 6599 6464
4499 3 2 1 2 5029 4947 5004 5072
4500 3 2 1 2 7116 7276 6941 7093
4501 3 2 1 2 5718 5894 5775 5599
4502 3 2 1 2 6662 6771 6690 6572
4503 3 2 1 2 6900 7112 7199 7190
4504 3 2 1 2 4631 4495 4389 4441
4505 3 2 1 2 4154 4308 4415 4727
4506 3 2 1 2 6542 6449 6577 6882
4507 3 2 1 2 7340 7409 4216 7317
4508 3 2 1 2 5213 5356 5262 5047
4509 3 2 1 2 4318 4180 4438 4395
4510 3 2 1 2 6311 6397 6439 6526
4511 3 2 1 2 6076 6221 6274 6102
4512 3 2 1 2 4161 4462 4384 4312
4513 3 2 1 2 6676 6840 7404 6586
4514 3 2 1 2 5377 5384 5169 5269
4515 3 2 1 2 4355 4391 4333 4234
4516 3 2 1 2 5891 6047 5979 5823
4517 3 2 1 2 5696 5616 5428 5519
4518 3 2 1 2 6679 6791 6581 6513
4519 3 2 1 2 7341 7308 7238 7447
4520 3 2 1 2 5947 5804 5717 5932
4521 3 2 1 2 5875 6076 6102 5943
4522 3 2 1 2 5006 5005 5185 5055
4523 3 2 1 2 6954 6999 6810 7171
4524 3 2 1 2 5107 5135 5269 5035
4525 3 2 1 2 4156 4310 4417 4728
4526 3 2 1 2 4497 4784 4649 4590
4527 3 2 1 2 6130 6016 5957 6054
4528 3 2 1 2 6239 6190 6245 6292
4529 3 2 1 2 6535 6442 6720 6592
4530 3 2 1 2 4409 4301 4494 4631
4531 3 2 1 2 5796 5631 4956 5908
4532 3 2 1 2 5684 5813 5634 5548
4533 3 2 1 2 6092 5941 6100 6199
4534 3 2 1 2 5029 5409 5251 5159
4535 3 2 1 2 4632 4682 4576 4486
4536 3 2 1 2 5035 5018 4932 5107
4537 3 2 1 2 5897 5986 5906 5807
4538 3 2 1 2 6509 6375 6246 6435
4539 3 2 1 2 4486 4493 4403 4455
4540 3 2 1 2 5354 5451 5326 5258
4541 3 2 1 2 5356 5651 5637 5526
4542 3 2 1 2 7356 7407 7423 7177
4543 3 2 1 2 6440 6543 6493 6430
4544 3 2 1 2 7046 7243 7415 7311
4545 3 2 1 2 6113 6256 6312 6176
4546 3 2 1 2 6256 6404 6462 6312
4547 3 2 1 2 6596 6683 7008 6842
4548 3 2 1 2 5414 5581 5653 5535
4549 3 2 1 2 5003 4932 4885 4915
4550 3 2 1 2 6376 6446 6598 6511
4551 3 2 1 2 6588 6792 6916 6704
4552 3 2 1 2 4685 4781 4970 4880
4553 3 2 1 2 7076 6923 6977 7044
4554 3 2 1 2 6514 6626 6674 6826
4555 3 2 1 2 4246 4152 4387 4289
4556 3 2 1 2 4854 5046 4967 4744
4557 3 2 1 2 6531 6473 6558 6471
4558 3 2 1 2 5390 5457 5529 5465
4559 3 2 1 2 6906 7195 7239 7219
4560 3 2 1 2 4564 4643 4654 4740
4561 3 2 1 2 5216 5366 5454 5232
4562 3 2 1 2 6792 7059 7501 6916
4563 3 2 1 2 6404 6535 6586 6462
4564 3 2 1 2 5542 5464 5621 5549
4565 3 2 1 2 5215 5343 5434 5236
4566 3 2 1 2 6244 6374 6451 6329
4567 3 2 1 2 5785 5719 5901 5955
4568 3 2 1 2 4748 4737 4652 4867
4569 3 2 1 2 4889 5316 4697 4783
4570 3 2 1 2 7178 7232 6983 7146
4571 3 2 1 2 5030 5145 5340 5224
4572 3 2 1 2 5224 5340 5517 5533
4573 3 2 1 2 6510 6671 6783 6602
4574 3 2 1 2 6461 6534 6710 6639
4575 3 2 1 2 7112 6900 6663 6774
4576 3 2 1 2 7186 7408 7341 7041
4577 3 2 1 2 5857 5976 6134 6017
4578 3 2 1 2 4152 4305 4549 4387
4579 3 2 1 2 4902 4745 5074 4928
4580 3 2 1 2 6239 6042 6097 6190
4581 3 2 1 2 4881 5047 4968 4746
4582 3 2 1 2 6017 6134 6275 6174
4583 3 2 1 2 7112 6774 7026 7057
4584 3 2 1 2 6437 6537 6713 6580
4585 3 2 1 2 6250 6383 6441 6315
4586 3 2 1 2 6105 6250 6315 6180
4587 3 2 1 2 6173 6273 6393 6309
4588 3 2 1 2 7499 7426 7306 7496
4589 3 2 1 2 7522 7524 7474 7507
4590 3 2 1 2 5534 5609 5711 5795
4591 3 2 1 2 5032 5166 5365 5225
4592 3 2 1 2 6573 6773 6982 6702
4593 3 2 1 2 5432 5547 5512 5501
4594 3 2 1 2 4861 5042 4962 4747
4595 3 2 1 2 6582 6786 6946 6686
4596 3 2 1 2 6575 6724 6970 6776
4597 3 2 1 2 6209 6348 6278 6132
4598 3 2 1 2 6308 6392 6504 6436
4599 3 2 1 2 5033 5134 5286 5194
4600 3 2 1 2 6071 5956 5788 5933
4601 3 2 1 2 6377 6434 6635 6554
4602 3 2 1 2 6717 6814 7100 6907
4603 3 2 1 2 5827 5867 5852 5726
4604 3 2 1 2 6436 6504 6723 6622
4605 3 2 1 2 6220 6114 5950 6064
4606 3 2 1 2 6174 6275 6390 6346
4607 3 2 1 2 6776 6970 7186 7041
4608 3 2 1 2 5663 5421 5539 5345
4609 3 2 1 2 6472 6471 6427 6326
4610 3 2 1 2 6789 6963 7218 7052
4611 3 2 1 2 5942 6070 6209 6132
4612 3 2 1 2 6383 6539 6591 6441
4613 3 2 1 2 6827 6748 6607 6689
4614 3 2 1 2 6610 6507 6817 6666
4615 3 2 1 2 5150 5030 5224 5455
4616 3 2 1 2 5453 5626 5544 5328
4617 3 2 1 2 5390 5294 5317 5457
4618 3 2 1 2 7280 7067 7303 7236
4619 3 2 1 2 5621 5719 5785 5549
4620 3 2 1 2 5388 5307 5127 5452
4621 3 2 1 2 5795 5711 5972 5884
4622 3 2 1 2 6826 6674 7089 6905
4623 3 2 1 2 4508 4255 4119 4283
4624 3 2 1 2 5419 5546 5717 5593
4625 3 2 1 2 5595 5704 5890 5805
4626 3 2 1 2 6511 6598 6779 6672
4627 3 2 1 2 4421 4323 4224 4420
4628 3 2 1 2 5637 5591 5786 5695
4629 3 2 1 2 6409 6455 6616 6491
4630 3 2 1 2 6282 6371 6466 6327
4631 3 2 1 2 6526 6439 6722 6624
4632 3 2 1 2 5735 5797 5711 5609
4633 3 2 1 2 4831 4740 4749 4913
4634 3 2 1 2 6064 5950 5815 5859
4635 3 2 1 2 6688 6591 6725 6828
4636 3 2 1 2 4553 4676 4854 4744
4637 3 2 1 2 5217 5266 5447 5344
4638 3 2 1 2 6944 6809 7016 6798
4639 3 2 1 2 4893 4950 5077 4965
4640 3 2 1 2 5585 5627 5806 5715
4641 3 2 1 2 5131 5329 5457 5317
4642 3 2 1 2 6380 6469 6626 6514
4643 3 2 1 2 4674 4775 4947 4840
4644 3 2 1 2 7235 7194 7454 7313
4645 3 2 1 2 5353 5441 5582 5498
4646 3 2 1 2 5715 5806 5977 5893
4647 3 2 1 2 4390 4332 4264 4412
4648 3 2 1 2 7110 6817 6613 7025
4649 3 2 1 2 6433 6893 6389 6411
4650 3 2 1 2 4555 4686 4861 4747
4651 3 2 1 2 6348 6398 6484 6278
4652 3 2 1 2 4554 4688 4862 4745
4653 3 2 1 2 7083 7097 7339 7227
4654 3 2 1 2 7524 7522 7479 7503
4655 3 2 1 2 5763 5712 5780 5811
4656 3 2 1 2 6402 6347 6210 6271
4657 3 2 1 2 5891 5740 5670 5768
4658 3 2 1 2 6238 6154 6147 6028
4659 3 2 1 2 4651 4776 4948 4841
4660 3 2 1 2 6635 6434 6627 6715
4661 3 2 1 2 5366 5281 5328 5427
4662 3 2 1 2 4760 4996 4778 4791
4663 3 2 1 2 4304 4426 4509 4201
4664 3 2 1 2 5388 5520 5613 5445
4665 3 2 1 2 6474 6183 6126 6242
4666 3 2 1 2 4916 4750 5012 5008
4667 3 2 1 2 7021 7151 7280 7165
4668 3 2 1 2 4472 4586 4674 5115
4669 3 2 1 2 4390 4412 4591 4492
4670 3 2 1 2 5520 6164 5765 5613
4671 3 2 1 2 6563 6645 6520 6448
4672 3 2 1 2 6110 6201 5948 6072
4673 3 2 1 2 5159 5251 5128 5052
4674 3 2 1 2 4271 4244 4371 4235
4675 3 2 1 2 5826 5686 5772 5863
4676 3 2 1 2 6506 6658 6663 7291
4677 3 2 1 2 6247 6490 6398 6348
4678 3 2 1 2 6328 6541 6619 6442
4679 3 2 1 2 6631 6526 6624 6719
4680 3 2 1 2 6813 6589 6677 6794
4681 3 2 1 2 6243 6362 6373 6762
4682 3 2 1 2 6892 6270 6422 6369
4683 3 2 1 2 4307 4386 4290 4153
4684 3 2 1 2 6671 6912 7500 6783
4685 3 2 1 2 6766 6198 6288 6121
4686 3 2 1 2 4998 5052 4969 4862
4687 3 2 1 2 4549 4581 4497 4387
4688 3 2 1 2 5722 5895 5978 5809
4689 3 2 1 2 4302 4403 4493 4419
4690 3 2 1 2 5031 5073 5151 5216
4691 3 2 1 2 4675 4742 4494 4801
4692 3 2 1 2 4791 4702 4571 4694
4693 3 2 1 2 6374 6576 6894 6451
4694 3 2 1 2 5421 5531 5834 5597
4695 3 2 1 2 7233 7055 7230 7354
4696 3 2 1 2 6531 6658 6506 6473
4697 3 2 1 2 7049 7342 7426 7216
4698 3 2 1 2 5134 5003 4874 5095
4699 3 2 1 2 5981 6046 6217 6026
4700 3 2 1 2 4150 4314 196 197
4701 3 2 1 2 6124 6266 6325 6194
4702 3 2 1 2 4244 4271 183 184
4703 3 2 1 2 4239 4315 194 195
4704 3 2 1 2 6366 6400 6290 6333
4705 3 2 1 2 7496 7482 7512 7499
4706 3 2 1 2 6456 6525 6439 6397
4707 3 2 1 2 4539 4404 4597 4725
4708 3 2 1 2 6597 6689 6607 6501
4709 3 2 1 2 4164 4316 192 193
4710 3 2 1 2 4933 5320 5222 5034
4711 3 2 1 2 7193 7326 7433 7217
4712 3 2 1 2 7035 6664 6505 6808
4713 3 2 1 2 6202 6364 6242 6126
4714 3 2 1 2 5882 6001 6138 6045
4715 3 2 1 2 6976 6693 7006 6850
4716 3 2 1 2 6011 5823 5979 6054
4717 3 2 1 2 4240 4317 190 191
4718 3 2 1 2 6922 6947 7031 7108
4719 3 2 1 2 6420 6116 6351 6279
4720 3 2 1 2 4671 4555 4747 4875
4721 3 2 1 2 5808 5899 5986 5897
4722 3 2 1 2 4491 4579 4385 4509
4723 3 2 1 2 6094 6047 5891 5938
4724 3 2 1 2 6420 6279 6310 6409
4725 3 2 1 2 7047 7084 7349 7234
4726 3 2 1 2 5786 5957 5856 5695
4727 3 2 1 2 5329 5131 5264 5394
4728 3 2 1 2 4254 4150 197 198
4729 3 2 1 2 5940 5901 5719 5770
4730 3 2 1 2 6672 6960 7091 6800
4731 3 2 1 2 6214 6220 6064 6112
4732 3 2 1 2 4477 4610 4780 4653
4733 3 2 1 2 4780 4610 4550 4664
4734 3 2 1 2 7493 7477 7407 7356
4735 3 2 1 2 4875 4747 4962 5117
4736 3 2 1 2 5060 4928 5129 5289
4737 3 2 1 2 6103 6184 6319 6251
4738 3 2 1 2 4180 4318 188 189
4739 3 2 1 2 6669 6931 6790 6587
4740 3 2 1 2 5968 5886 5774 6038
4741 3 2 1 2 5447 5665 5510 5344
4742 3 2 1 2 5772 5686 5596 5869
4743 3 2 1 2 4202 4320 199 200
4744 3 2 1 2 5709 5599 5775 5931
4745 3 2 1 2 4494 4742 4495 4631
4746 3 2 1 2 4309 4400 4292 4155
4747 3 2 1 2 5859 5815 5738 5777
4748 3 2 1 2 6101 6247 6348 6209
4749 3 2 1 2 5502 5584 5655 5438
4750 3 2 1 2 5009 4866 4929 5073
4751 3 2 1 2 5689 5928 5977 5806
4752 3 2 1 2 5542 5549 5989 5596
4753 3 2 1 2 7215 7431 7342 7049
4754 3 2 1 2 6000 6073 6051 5862
4755 3 2 1 2 4793 4847 4938 4887
4756 3 2 1 2 4696 4765 4673 4604
4757 3 2 1 2 4151 4285 4429 4265
4758 3 2 1 2 5702 5670 5587 5443
4759 3 2 1 2 5862 6051 6144 5954
4760 3 2 1 2 4242 4525 4378 4328
4761 3 2 1 2 4337 234 235 4204
4762 3 2 1 2 7079 7044 6977 6778
4763 3 2 1 2 7152 7242 7338 7295
4764 3 2 1 2 6808 7162 7392 7035
4765 3 2 1 2 4246 4548 4386 4307
4766 3 2 1 2 5907 5980 6127 6028
4767 3 2 1 2 5272 5144 4946 5059
4768 3 2 1 2 5895 5722 5634 5813
4769 3 2 1 2 4206 4322 185 186
4770 3 2 1 2 4256 4206 186 187
4771 3 2 1 2 4237 4324 201 202
4772 3 2 1 2 5865 5779 5812 5981
4773 3 2 1 2 5455 5674 5508 5343
4774 3 2 1 2 5702 5892 5768 5670
4775 3 2 1 2 5358 5128 5251 5327
4776 3 2 1 2 6620 6681 6588 6544
4777 3 2 1 2 6050 6128 6203 6302
4778 3 2 1 2 4697 4746 4866 4693
4779 3 2 1 2 5107 5194 5228 5135
4780 3 2 1 2 4327 253 254 4221
4781 3 2 1 2 6244 6213 5973 6098
4782 3 2 1 2 4325 236 237 4195
4783 3 2 1 2 6269 6281 6109 6186
4784 3 2 1 2 6137 6218 6293 6175
4785 3 2 1 2 5969 5857 6017 6351
4786 3 2 1 2 5332 5132 5293 5456
4787 3 2 1 2 7033 7061 6929 6795
4788 3 2 1 2 5123 5002 5084 5220
4789 3 2 1 2 6089 5944 6219 6113
4790 3 2 1 2 5422 5642 5602 5568
4791 3 2 1 2 6780 6951 7090 7160
4792 3 2 1 2 7309 7429 7420 7495
4793 3 2 1 2 5517 5595 5691 5533
4794 3 2 1 2 6629 6677 6589 6525
4795 3 2 1 2 5915 6033 5940 5770
4796 3 2 1 2 7284 7309 7495 7397
4797 3 2 1 2 6774 6663 6658 6754
4798 3 2 1 2 4328 251 252 4242
4799 3 2 1 2 5133 5272 5059 5111
4800 3 2 1 2 6033 6197 6097 5940
4801 3 2 1 2 5569 5592 5522 5478
4802 3 2 1 2 7059 7237 7450 7501
4803 3 2 1 2 6288 6561 6307 6172
4804 3 2 1 2 4740 4831 4699 4564
4805 3 2 1 2 7389 7056 6913 7255
4806 3 2 1 2 5540 5419 5593 5706
4807 3 2 1 2 4204 235 236 4325
4808 3 2 1 2 6942 7453 7522 7507
4809 3 2 1 2 6048 5896 5809 5978
4810 3 2 1 2 4331 249 250 4179
4811 3 2 1 2 5925 5767 5937 6022
4812 3 2 1 2 5272 5331 5417 5144
4813 3 2 1 2 4195 4383 4528 4325
4814 3 2 1 2 5813 5684 6000 5862
4815 3 2 1 2 6913 7056 7196 6960
4816 3 2 1 2 4335 4313 4223 4252
4817 3 2 1 2 6415 6308 6436 6503
4818 3 2 1 2 6051 6029 6056 6144
4819 3 2 1 2 5325 5419 5540 5452
4820 3 2 1 2 5215 5072 5277 5150
4821 3 2 1 2 4495 4609 4513 4389
4822 3 2 1 2 6097 6042 5901 5940
4823 3 2 1 2 7188 6938 6668 6789
4824 3 2 1 2 4269 4237 202 203
4825 3 2 1 2 6007 6157 6030 5899
4826 3 2 1 2 5151 5032 5225 5281
4827 3 2 1 2 7235 7176 7098 6925
4828 3 2 1 2 4242 252 253 4327
4829 3 2 1 2 6147 5949 5907 6028
4830 3 2 1 2 4543 4604 4494 4301
4831 3 2 1 2 4228 233 234 4337
4832 3 2 1 2 6488 6611 6510 6452
4833 3 2 1 2 6611 6849 6671 6510
4834 3 2 1 2 7406 7516 7487 7481
4835 3 2 1 2 6330 6456 6397 6245
4836 3 2 1 2 5059 4946 4748 4867
4837 3 2 1 2 6849 7169 6912 6671
4838 3 2 1 2 4505 4400 4452 4472
4839 3 2 1 2 5377 5428 5616 5571
4840 3 2 1 2 251 4328 4179 250
4841 3 2 1 2 4902 4738 4554 4745
4842 3 2 1 2 5620 5707 5880 5776
4843 3 2 1 2 6508 6717 6778 6576
4844 3 2 1 2 6666 6817 7110 7034
4845 3 2 1 2 5757 5597 5916 5773
4846 3 2 1 2 4334 247 248 4243
4847 3 2 1 2 5526 5675 5617 5450
4848 3 2 1 2 5353 5246 5324 5441
4849 3 2 1 2 125 6 233 4228
4850 3 2 1 2 5738 5815 5873 5683
4851 3 2 1 2 5501 5417 5331 5432
4852 3 2 1 2 5871 5834 5715 5893
4853 3 2 1 2 6127 5980 5896 6048
4854 3 2 1 2 5220 5142 5081 5123
4855 3 2 1 2 7060 7347 7200 7241
4856 3 2 1 2 6002 6027 6153 6061
4857 3 2 1 2 6519 6727 6999 6685
4858 3 2 1 2 5929 5992 6053 5866
4859 3 2 1 2 5355 5647 5714 5541
4860 3 2 1 2 7176 7235 7313 7413
4861 3 2 1 2 5122 4850 4906 4945
4862 3 2 1 2 6789 7052 7387 7188
4863 3 2 1 2 6125 6041 5989 5955
4864 3 2 1 2 4195 237 238 4330
4865 3 2 1 2 4842 5064 5210 4954
4866 3 2 1 2 6537 6437 6419 6345
4867 3 2 1 2 5063 4953 5079 5149
4868 3 2 1 2 4699 4831 4860 4797
4869 3 2 1 2 4801 4494 4604 4673
4870 3 2 1 2 4640 4479 4793 4606
4871 3 2 1 2 7162 6808 6615 7011
4872 3 2 1 2 5002 5123 4973 4860
4873 3 2 1 2 4338 245 246 4158
4874 3 2 1 2 4330 238 239 4241
4875 3 2 1 2 4511 4161 4321 4374
4876 3 2 1 2 6786 6921 7215 7049
4877 3 2 1 2 5876 5990 6084 5903
4878 3 2 1 2 7285 7100 6885 6972
4879 3 2 1 2 4738 4902 4889 4783
4880 3 2 1 2 5557 5737 5816 5633
4881 3 2 1 2 4853 4664 4618 4778
4882 3 2 1 2 6375 6656 6611 6488
4883 3 2 1 2 6556 6682 6650 6551
4884 3 2 1 2 6622 6578 6503 6436
4885 3 2 1 2 6541 6647 6315 6441
4886 3 2 1 2 6453 6424 6501 6607
4887 3 2 1 2 7301 6966 6749 6851
4888 3 2 1 2 6808 6505 6390 6615
4889 3 2 1 2 5889 5767 5706 5593
4890 3 2 1 2 6623 6829 6683 6550
4891 3 2 1 2 5527 5365 5450 5617
4892 3 2 1 2 6208 6130 6054 5979
4893 3 2 1 2 7153 6900 7190 7375
4894 3 2 1 2 5809 5628 5551 5722
4895 3 2 1 2 249 4331 4243 248
4896 3 2 1 2 6568 6721 6594 6443
4897 3 2 1 2 5896 5720 5628 5809
4898 3 2 1 2 6802 6851 6594 6721
4899 3 2 1 2 5391 5254 5142 5364
4900 3 2 1 2 5272 5458 5551 5331
4901 3 2 1 2 6040 5946 5931 5775
4902 3 2 1 2 7199 7321 7420 7190
4903 3 2 1 2 5270 4969 5052 5128
4904 3 2 1 2 6834 6933 7229 7026
4905 3 2 1 2 5581 5442 5377 5571
4906 3 2 1 2 5438 5557 5338 5399
4907 3 2 1 2 4474 4425 4461 4512
4908 3 2 1 2 6107 5963 6162 6352
4909 3 2 1 2 7059 6792 6950 7055
4910 3 2 1 2 6922 6799 7155 7173
4911 3 2 1 2 6767 6750 6962 6781
4912 3 2 1 2 4308 4247 4427 4415
4913 3 2 1 2 5985 5819 5745 5920
4914 3 2 1 2 5679 5508 5674 5798
4915 3 2 1 2 204 4269 203 8
4916 3 2 1 2 4264 114 115 4200
4917 3 2 1 2 5243 5258 5173 5028
4918 3 2 1 2 4265 111 112 4151
4919 3 2 1 2 6704 6497 6544 6588
4920 3 2 1 2 4310 4249 4428 4417
4921 3 2 1 2 4474 4671 4816 4603
4922 3 2 1 2 4346 242 243 4257
4923 3 2 1 2 6383 6250 6341 6460
4924 3 2 1 2 6318 6251 6319 6378
4925 3 2 1 2 5894 6023 6129 5974
4926 3 2 1 2 6135 6186 6109 6049
4927 3 2 1 2 4781 4685 4593 4470
4928 3 2 1 2 5793 5607 5762 6091
4929 3 2 1 2 4269 204 205 4236
4930 3 2 1 2 4968 4929 4866 4746
4931 3 2 1 2 5458 5272 5133 5370
4932 3 2 1 2 7043 6908 7210 7370
4933 3 2 1 2 4223 4319 116 117
4934 3 2 1 2 5628 5432 5331 5551
4935 3 2 1 2 247 4334 4158 246
4936 3 2 1 2 7337 7348 7260 7039
4937 3 2 1 2 7282 7345 7261 7070
4938 3 2 1 2 4306 4157 4503 4407
4939 3 2 1 2 7283 7344 7259 7069
4940 3 2 1 2 6264 6333 6255 6304
4941 3 2 1 2 7199 7112 7057 7334
4942 3 2 1 2 5597 5834 5871 5916
4943 3 2 1 2 5370 5470 5633 5548
4944 3 2 1 2 5065 5256 5163 4925
4945 3 2 1 2 7029 7095 7184 6956
4946 3 2 1 2 6763 6838 6924 6718
4947 3 2 1 2 6889 6965 7062 6788
4948 3 2 1 2 7030 7096 7180 6957
4949 3 2 1 2 7161 7238 7308 7086
4950 3 2 1 2 4179 4430 4530 4331
4951 3 2 1 2 7028 7094 7181 6955
4952 3 2 1 2 4339 240 241 4147
4953 3 2 1 2 7177 6961 6891 6785
4954 3 2 1 2 5305 5064 5125 5139
4955 3 2 1 2 4255 106 107 4119
4956 3 2 1 2 6565 6629 6525 6456
4957 3 2 1 2 7297 7097 6832 6914
4958 3 2 1 2 4939 4916 5008 5057
4959 3 2 1 2 6375 6509 6668 6656
4960 3 2 1 2 4927 4967 5145 5030
4961 3 2 1 2 6181 6249 6221 6104
4962 3 2 1 2 7307 6912 7169 7250
4963 3 2 1 2 6707 6548 6451 6894
4964 3 2 1 2 4245 225 226 4162
4965 3 2 1 2 6462 7020 6710 6534
4966 3 2 1 2 5769 5805 5976 5857
4967 3 2 1 2 5626 5453 5527 5688
4968 3 2 1 2 6797 6719 6624 6959
4969 3 2 1 2 6140 6222 6223 6141
4970 3 2 1 2 6518 6596 6680 6634
4971 3 2 1 2 4675 4739 4608 4609
4972 3 2 1 2 5666 5792 5861 5822
4973 3 2 1 2 5720 5547 5432 5628
4974 3 2 1 2 4921 4687 4490 4582
4975 3 2 1 2 7485 4216 7409 7512
4976 3 2 1 2 6059 6111 6027 5996
4977 3 2 1 2 4666 4812 4777 4877
4978 3 2 1 2 5781 6090 5885 5983
4979 3 2 1 2 5156 5587 5670 5226
4980 3 2 1 2 6202 6126 6022 5937
4981 3 2 1 2 6450 6547 6651 6546
4982 3 2 1 2 6876 7015 6753 6852
4983 3 2 1 2 7050 6946 7216 7470
4984 3 2 1 2 6459 6582 6686 6524
4985 3 2 1 2 4236 205 206 4222
4986 3 2 1 2 6016 6130 6273 6173
4987 3 2 1 2 4305 224 225 4245
4988 3 2 1 2 5227 5411 5425 5333
4989 3 2 1 2 119 120 4355 4234
4990 3 2 1 2 4990 5168 5261 5043
4991 3 2 1 2 6188 6365 6261 6119
4992 3 2 1 2 240 4339 4241 239
4993 3 2 1 2 4458 4499 4365 4207
4994 3 2 1 2 6792 6588 6681 6950
4995 3 2 1 2 4929 4968 5166 5032
4996 3 2 1 2 6578 6622 6837 6670
4997 3 2 1 2 4691 4626 4488 4583
4998 3 2 1 2 5433 5585 5531 5342
4999 3 2 1 2 6558 6170 6427 6471
5000 3 2 1 2 4545 4544 4596 4729
5001 3 2 1 2 5810 5603 5547 5720
5002 3 2 1 2 4446 4334 4243 4377
5003 3 2 1 2 6804 7033 6795 6621
5004 3 2 1 2 4326 4201 4509 4385
5005 3 2 1 2 6471 6472 6617 6531
5006 3 2 1 2 5032 5151 5073 4929
5007 3 2 1 2 4385 4504 4194 4326
5008 3 2 1 2 6204 6259 6179 6142
5009 3 2 1 2 5980 5810 5720 5896
5010 3 2 1 2 6835 7006 6693 6830
5011 3 2 1 2 6831 6963 6789 6595
5012 3 2 1 2 4313 4335 4203 4422
5013 3 2 1 2 6465 6618 6504 6392
5014 3 2 1 2 5971 6119 6037 5890
5015 3 2 1 2 5453 5328 5281 5225
5016 3 2 1 2 6838 7139 6981 6924
5017 3 2 1 2 7051 7467 7213 6918
5018 3 2 1 2 4875 5117 5217 4931
5019 3 2 1 2 4246 222 223 4152
5020 3 2 1 2 4307 221 222 4246
5021 3 2 1 2 7287 7252 7386 7401
5022 3 2 1 2 4247 219 220 4153
5023 3 2 1 2 4308 218 219 4247
5024 3 2 1 2 5485 5347 5164 5318
5025 3 2 1 2 4744 4865 4692 4553
5026 3 2 1 2 4154 4248 216 217
5027 3 2 1 2 4309 215 216 4248
5028 3 2 1 2 5191 5174 5348 5223
5029 3 2 1 2 7399 7211 6837 6958
5030 3 2 1 2 4249 213 214 4155
5031 3 2 1 2 5626 5688 5934 5874
5032 3 2 1 2 4310 212 213 4249
5033 3 2 1 2 6952 7088 6791 6679
5034 3 2 1 2 4250 210 211 4156
5035 3 2 1 2 5254 5292 5185 5049
5036 3 2 1 2 4311 209 210 4250
5037 3 2 1 2 7194 7235 6925 7166
5038 3 2 1 2 4306 207 208 4157
5039 3 2 1 2 6548 6707 6598 6446
5040 3 2 1 2 6229 6268 6392 6308
5041 3 2 1 2 245 4338 4226 244
5042 3 2 1 2 4224 4323 108 109
5043 3 2 1 2 4537 4574 4478 4372
5044 3 2 1 2 6178 6892 6746 6313
5045 3 2 1 2 6118 5856 5957 6016
5046 3 2 1 2 5038 5230 5378 5157
5047 3 2 1 2 4152 223 224 4305
5048 3 2 1 2 5511 5544 5718 5599
5049 3 2 1 2 6892 6178 6099 6270
5050 3 2 1 2 5889 5804 6044 5964
5051 3 2 1 2 6707 6923 6779 6598
5052 3 2 1 2 5867 5958 6027 6002
5053 3 2 1 2 7423 7502 7526 7480
5054 3 2 1 2 5544 5511 5427 5328
5055 3 2 1 2 4222 206 207 4306
5056 3 2 1 2 5433 5454 5657 5530
5057 3 2 1 2 6923 6707 6894 6977
5058 3 2 1 2 5972 5711 5797 5854
5059 3 2 1 2 6207 6148 6496 6071
5060 3 2 1 2 6061 6153 6182 6106
5061 3 2 1 2 6539 6383 6460 6519
5062 3 2 1 2 7208 7073 7425 7327
5063 3 2 1 2 5338 5470 5247 5305
5064 3 2 1 2 6300 5916 5871 6012
5065 3 2 1 2 5807 5753 5541 5714
5066 3 2 1 2 6931 7054 7167 6790
5067 3 2 1 2 6508 6454 6631 6604
5068 3 2 1 2 244 4226 4257 243
5069 3 2 1 2 6310 6346 6469 6380
5070 3 2 1 2 4153 220 221 4307
5071 3 2 1 2 6382 6883 6949 6804
5072 3 2 1 2 6409 6373 6362 6420
5073 3 2 1 2 4154 217 218 4308
5074 3 2 1 2 7046 7099 6744 6784
5075 3 2 1 2 6039 5941 5863 5772
5076 3 2 1 2 4155 214 215 4309
5077 3 2 1 2 4865 4927 5277 5072
5078 3 2 1 2 4653 4842 4954 4769
5079 3 2 1 2 4156 211 212 4310
5080 3 2 1 2 4157 208 209 4311
5081 3 2 1 2 6409 6491 6553 6373
5082 3 2 1 2 5266 5217 5117 4962
5083 3 2 1 2 6965 7109 7244 7062
5084 3 2 1 2 4201 123 124 4304
5085 3 2 1 2 5805 5769 5691 5595
5086 3 2 1 2 6207 5939 6338 6262
5087 3 2 1 2 4964 5066 5323 4853
5088 3 2 1 2 4967 4927 4865 4744
5089 3 2 1 2 5315 5314 5493 5330
5090 3 2 1 2 5951 6086 6031 6140
5091 3 2 1 2 5797 5735 5613 5765
5092 3 2 1 2 4162 226 227 4312
5093 3 2 1 2 4495 4742 4675 4609
5094 3 2 1 2 5142 5254 5049 5081
5095 3 2 1 2 6039 5973 6213 6122
5096 3 2 1 2 5456 5293 5217 5344
5097 3 2 1 2 5449 5360 5289 5129
5098 3 2 1 2 5629 5567 5525 5716
5099 3 2 1 2 5983 5885 5819 5985
5100 3 2 1 2 6626 6664 6920 6674
5101 3 2 1 2 6390 6463 6767 6615
5102 3 2 1 2 5130 5663 5345 5162
5103 3 2 1 2 6293 6290 6400 6344
5104 3 2 1 2 6199 6100 6342 6263
5105 3 2 1 2 5722 5551 5458 5634
5106 3 2 1 2 7527 7346 7090 7197
5107 3 2 1 2 5229 5448 5359 5410
5108 3 2 1 2 7003 4173 7038 7277
5109 3 2 1 2 6066 5771 5875 5943
5110 3 2 1 2 6867 4172 6906 7148
5111 3 2 1 2 6742 4170 6775 7017
5112 3 2 1 2 6641 4168 6667 6878
5113 3 2 1 2 4498 4336 4265 4429
5114 3 2 1 2 6873 4176 6909 7146
5115 3 2 1 2 6228 6283 6189 6151
5116 3 2 1 2 4965 4673 4765 4893
5117 3 2 1 2 6356 6384 6477 6353
5118 3 2 1 2 7403 7058 6793 7098
5119 3 2 1 2 5727 5511 5599 5709
5120 3 2 1 2 6869 4174 6902 7147
5121 3 2 1 2 5206 5180 5321 5322
5122 3 2 1 2 7297 7226 7246 7369
5123 3 2 1 2 4471 4501 4676 4553
5124 3 2 1 2 4481 4663 4577 4641
5125 3 2 1 2 6615 6767 6781 7011
5126 3 2 1 2 6592 6799 6922 6676
5127 3 2 1 2 6925 6771 7032 7166
5128 3 2 1 2 6447 6384 6356 6296
5129 3 2 1 2 6406 6317 6517 6464
5130 3 2 1 2 6274 6248 6211 6102
5131 3 2 1 2 5530 5627 5585 5433
5132 3 2 1 2 7417 7250 7188 7387
5133 3 2 1 2 5914 4121 5963 5998
5134 3 2 1 2 4326 122 123 4201
5135 3 2 1 2 6040 5974 6210 6123
5136 3 2 1 2 4563 4581 4549 4406
5137 3 2 1 2 6810 6999 6727 6714
5138 3 2 1 2 4873 4893 4765 4816
5139 3 2 1 2 4832 4759 4668 4739
5140 3 2 1 2 6539 6519 6685 6601
5141 3 2 1 2 5068 4950 4893 4873
5142 3 2 1 2 4951 5125 5064 4842
5143 3 2 1 2 6076 5875 5931 5946
5144 3 2 1 2 4147 4537 4372 4339
5145 3 2 1 2 5737 5557 5438 5655
5146 3 2 1 2 5951 6014 6085 5854
5147 3 2 1 2 5546 5389 5390 5465
5148 3 2 1 2 4473 4502 4697 4693
5149 3 2 1 2 6587 6705 6888 6512
5150 3 2 1 2 4156 4293 4461 4250
5151 3 2 1 2 7425 7073 6982 7289
5152 3 2 1 2 7022 7080 6888 6705
5153 3 2 1 2 4312 227 228 4161
5154 3 2 1 2 4472 4554 4738 4505
5155 3 2 1 2 5074 4969 5270 5156
5156 3 2 1 2 5777 5907 5949 5859
5157 3 2 1 2 4498 4733 4585 4420
5158 3 2 1 2 5349 5488 5364 5234
5159 3 2 1 2 5419 5325 5389 5546
5160 3 2 1 2 6221 6076 5946 6104
5161 3 2 1 2 5961 6030 6133 6087
5162 3 2 1 2 4839 5028 5173 5014
5163 3 2 1 2 5060 4889 4902 4928
5164 3 2 1 2 6670 6918 7084 6782
5165 3 2 1 2 6532 6393 6419 6437
5166 3 2 1 2 5261 5257 5140 5043
5167 3 2 1 2 7457 6785 6891 6580
5168 3 2 1 2 4155 4292 4428 4249
5169 3 2 1 2 4828 5021 5320 4868
5170 3 2 1 2 6413 6540 6467 6320
5171 3 2 1 2 4251 4496 4374 4321
5172 3 2 1 2 7031 6841 6940 7108
5173 3 2 1 2 6623 6486 6429 6536
5174 3 2 1 2 4496 4251 4333 4391
5175 3 2 1 2 6282 6558 6473 6371
5176 3 2 1 2 6131 6272 6368 6208
5177 3 2 1 2 6532 6579 6879 6438
5178 3 2 1 2 5633 5470 5338 5557
5179 3 2 1 2 5692 5780 5712 5619
5180 3 2 1 2 5823 5509 5740 5891
5181 3 2 1 2 6961 7048 7243 6919
5182 3 2 1 2 4453 4182 4546 4630
5183 3 2 1 2 5563 4178 5666 5742
5184 3 2 1 2 4154 4291 4452 4248
5185 3 2 1 2 6417 6410 6547 6450
5186 3 2 1 2 7374 4131 7414 7489
5187 3 2 1 2 6247 6377 6554 6490
5188 3 2 1 2 5947 5932 5776 6013
5189 3 2 1 2 7098 7176 7476 7403
5190 3 2 1 2 6191 6230 6160 5968
5191 3 2 1 2 5433 5406 5232 5454
5192 3 2 1 2 5592 5678 5677 5522
5193 3 2 1 2 6208 6368 6273 6130
5194 3 2 1 2 4153 4290 4427 4247
5195 3 2 1 2 4722 4751 4803 4677
5196 3 2 1 2 5155 5001 4880 5027
5197 3 2 1 2 242 4346 4147 241
5198 3 2 1 2 6683 6596 6518 6550
5199 3 2 1 2 4586 4500 4775 4674
5200 3 2 1 2 4241 4431 4523 4330
5201 3 2 1 2 6343 6176 6312 6388
5202 3 2 1 2 5281 5366 5216 5151
5203 3 2 1 2 7048 7525 7415 7243
5204 3 2 1 2 5859 5949 6112 6064
5205 3 2 1 2 5 119 4234 232
5206 3 2 1 2 5287 5398 5369 4209
5207 3 2 1 2 6340 6465 6392 6268
5208 3 2 1 2 5347 5485 5525 5567
5209 3 2 1 2 5455 5343 5215 5150
5210 3 2 1 2 5264 5131 4930 5076
5211 3 2 1 2 5054 4974 4897 4858
5212 3 2 1 2 5329 5568 5529 5457
5213 3 2 1 2 4587 4489 4776 4651
5214 3 2 1 2 5954 6144 6043 6063
5215 3 2 1 2 7048 7314 7480 7525
5216 3 2 1 2 4759 4832 4909 4874
5217 3 2 1 2 5990 5876 6160 6075
5218 3 2 1 2 5506 5933 5788 5611
5219 3 2 1 2 5890 6037 5976 5805
5220 3 2 1 2 7272 7466 7393 7129
5221 3 2 1 2 4868 4919 4708 4815
5222 3 2 1 2 5274 5053 4972 5124
5223 3 2 1 2 6534 6461 6425 6388
5224 3 2 1 2 7523 7419 7328 7476
5225 3 2 1 2 6594 6530 6431 6443
5226 3 2 1 2 7389 7202 7269 7443
5227 3 2 1 2 5737 5781 5870 5816
5228 3 2 1 2 4329 4820 4720 4439
5229 3 2 1 2 6546 6585 6516 6476
5230 3 2 1 2 5363 5239 5039 5231
5231 3 2 1 2 6593 6793 6724 6559
5232 3 2 1 2 6784 6919 7243 7046
5233 3 2 1 2 6244 6329 6426 6213
5234 3 2 1 2 5046 5263 5145 4967
5235 3 2 1 2 4283 4592 4714 4508
5236 3 2 1 2 5047 5262 5166 4968
5237 3 2 1 2 7404 7020 6462 6586
5238 3 2 1 2 4370 4371 4244 4456
5239 3 2 1 2 6623 6550 6381 6486
5240 3 2 1 2 6579 6532 6891 6709
5241 3 2 1 2 7214 7467 7051 7394
5242 3 2 1 2 6452 6510 6602 6470
5243 3 2 1 2 5615 5801 5723 5532
5244 3 2 1 2 6962 6832 7097 7083
5245 3 2 1 2 5572 5473 5372 5459
5246 3 2 1 2 6232 6166 6175 6289
5247 3 2 1 2 5377 5269 5334 5428
5248 3 2 1 2 6219 6069 6180 6265
5249 3 2 1 2 6723 6958 6837 6622
5250 3 2 1 2 7480 7314 7177 7423
5251 3 2 1 2 4158 4536 4447 4338
5252 3 2 1 2 4542 4236 4301 4409
5253 3 2 1 2 6360 6403 6448 6421
5254 3 2 1 2 6236 6305 6367 6294
5255 3 2 1 2 6075 6160 6230 6156
5256 3 2 1 2 6689 6597 6964 6833
5257 3 2 1 2 5732 5837 5818 5697
5258 3 2 1 2 6272 6131 6172 6280
5259 3 2 1 2 6959 6816 7142 7278
5260 3 2 1 2 6314 6494 6555 6379
5261 3 2 1 2 5114 4804 79 80
5262 3 2 1 2 4719 4705 4897 4789
5263 3 2 1 2 4554 4472 5115 4688
5264 3 2 1 2 6247 6332 6434 6377
5265 3 2 1 2 6829 6996 7008 6683
5266 3 2 1 2 6265 6180 6315 6647
5267 3 2 1 2 6286 6356 6353 6258
5268 3 2 1 2 5622 5611 5788 5699
5269 3 2 1 2 6249 6181 6406 6337
5270 3 2 1 2 4970 4838 5160 5070
5271 3 2 1 2 4771 4830 4871 5019
5272 3 2 1 2 5109 5173 5258 5126
5273 3 2 1 2 5464 5409 5029 5236
5274 3 2 1 2 4891 4717 4617 4789
5275 3 2 1 2 5368 5429 5523 5460
5276 3 2 1 2 6394 6755 6617 6472
5277 3 2 1 2 5977 6128 6050 5893
5278 3 2 1 2 4161 228 229 4321
5279 3 2 1 2 5800 5708 5639 5690
5280 3 2 1 2 5013 5111 5059 4867
5281 3 2 1 2 4253 65 66 4238
5282 3 2 1 2 7073 7208 7168 6898
5283 3 2 1 2 5216 5232 5406 5031
5284 3 2 1 2 6975 7087 6939 6684
5285 3 2 1 2 4789 4617 4445 4719
5286 3 2 1 2 5028 5155 5362 5243
5287 3 2 1 2 5787 5602 5642 6083
5288 3 2 1 2 6390 6505 6469 6346
5289 3 2 1 2 6140 6141 6014 5951
5290 3 2 1 2 6262 6394 6472 6326
5291 3 2 1 2 6601 6864 7005 6725
5292 3 2 1 2 7077 7301 6851 6802
5293 3 2 1 2 5471 5278 5378 5554
5294 3 2 1 2 5372 5138 5121 5290
5295 3 2 1 2 4509 4426 4437 4491
5296 3 2 1 2 5819 5606 5556 5745
5297 3 2 1 2 4358 4165 4414 4538
5298 3 2 1 2 4772 5022 5078 4882
5299 3 2 1 2 4999 5080 5042 4861
5300 3 2 1 2 5871 5893 6050 6012
5301 3 2 1 2 6018 6142 6179 6105
5302 3 2 1 2 5128 5358 5443 5270
5303 3 2 1 2 5001 4650 4487 4829
5304 3 2 1 2 7118 4136 7248 7362
5305 3 2 1 2 6091 5877 5849 5793
5306 3 2 1 2 7249 7300 6941 7276
5307 3 2 1 2 4162 4294 4406 4245
5308 3 2 1 2 6235 6282 6327 6188
5309 3 2 1 2 5994 6077 6167 5959
5310 3 2 1 2 5161 5080 4999 4841
5311 3 2 1 2 5594 5855 6207 6071
5312 3 2 1 2 5595 5517 5848 5704
5313 3 2 1 2 4674 4840 4998 5115
5314 3 2 1 2 6831 6780 7160 6910
5315 3 2 1 2 5891 5768 6080 5938
5316 3 2 1 2 5812 5779 5721 5694
5317 3 2 1 2 6368 6419 6393 6273
5318 3 2 1 2 4588 4783 4697 4502
5319 3 2 1 2 6554 6635 6669 6587
5320 3 2 1 2 7094 7380 7355 7181
5321 3 2 1 2 6055 6165 6187 6101
5322 3 2 1 2 5688 5794 5991 5934
5323 3 2 1 2 6668 6938 7169 6849
5324 3 2 1 2 6426 6329 6451 6548
5325 3 2 1 2 6431 6402 6568 6443
5326 3 2 1 2 5156 5270 5443 5587
5327 3 2 1 2 5962 6165 6055 5878
5328 3 2 1 2 6523 7019 6618 6465
5329 3 2 1 2 7099 7400 7215 6921
5330 3 2 1 2 6460 6644 6727 6519
5331 3 2 1 2 5719 5679 5915 5770
5332 3 2 1 2 4571 4702 4374 4496
5333 3 2 1 2 4589 4782 4676 4501
5334 3 2 1 2 6553 6581 6691 6653
5335 3 2 1 2 6604 6885 7100 6814
5336 3 2 1 2 5997 6056 6029 5872
5337 3 2 1 2 5427 5511 5727 5657
5338 3 2 1 2 5307 5388 5445 5362
5339 3 2 1 2 4801 4673 4965 5010
5340 3 2 1 2 5326 5506 5611 5574
5341 3 2 1 2 6890 6728 6690 6836
5342 3 2 1 2 6593 6559 6500 6485
5343 3 2 1 2 4415 4471 4621 4727
5344 3 2 1 2 6264 6304 6136 6200
5345 3 2 1 2 4425 4474 4603 4503
5346 3 2 1 2 7303 6932 6839 7150
5347 3 2 1 2 5092 5176 5412 5280
5348 3 2 1 2 5251 5409 5464 5327
5349 3 2 1 2 4621 5118 4775 4500
5350 3 2 1 2 6304 6217 6046 6136
5351 3 2 1 2 5845 5420 5686 5826
5352 3 2 1 2 4634 4638 4391 4504
5353 3 2 1 2 4291 4154 4727 4416
5354 3 2 1 2 5031 5406 5252 5161
5355 3 2 1 2 4417 4473 4622 4728
5356 3 2 1 2 5812 5694 5523 5635
5357 3 2 1 2 6318 6378 6556 6551
5358 3 2 1 2 4512 4587 4651 4834
5359 3 2 1 2 7022 7377 7230 7080
5360 3 2 1 2 6828 6725 7005 7163
5361 3 2 1 2 6512 6888 6681 6620
5362 3 2 1 2 5501 5512 5642 5422
5363 3 2 1 2 6364 6424 6453 6242
5364 3 2 1 2 6334 6249 6337 6429
5365 3 2 1 2 5165 5164 5347 5255
5366 3 2 1 2 4293 4156 4728 4418
5367 3 2 1 2 6529 6630 6521 6479
5368 3 2 1 2 6228 6107 6352 6254
5369 3 2 1 2 4622 5119 4776 4489
5370 3 2 1 2 5637 5743 5675 5526
5371 3 2 1 2 6037 6205 6134 5976
5372 3 2 1 2 6543 6609 6644 6385
5373 3 2 1 2 5689 5771 6066 5928
5374 3 2 1 2 6475 6316 6306 6412
5375 3 2 1 2 4733 4824 4768 4585
5376 3 2 1 2 5426 5590 5446 5357
5377 3 2 1 2 6498 6386 6316 6475
5378 3 2 1 2 5505 5363 5231 5463
5379 3 2 1 2 5694 5638 5460 5523
5380 3 2 1 2 6509 6435 6703 6595
5381 3 2 1 2 5454 5366 5427 5657
5382 3 2 1 2 4236 4222 4543 4301
5383 3 2 1 2 6485 6500 6755 6394
5384 3 2 1 2 6026 6217 6215 6139
5385 3 2 1 2 5629 5716 5903 5843
5386 3 2 1 2 4555 4512 4834 4686
5387 3 2 1 2 5134 5033 4932 5003
5388 3 2 1 2 6049 6109 6088 5945
5389 3 2 1 2 6046 5981 5812 5905
5390 3 2 1 2 5360 5591 5637 5651
5391 3 2 1 2 7025 6706 7292 7110
5392 3 2 1 2 4746 4697 5316 4881
5393 3 2 1 2 6289 6344 6408 6359
5394 3 2 1 2 4194 121 122 4326
5395 3 2 1 2 5072 5004 5118 4865
5396 3 2 1 2 7015 6843 6520 6753
5397 3 2 1 2 6151 6189 6111 6059
5398 3 2 1 2 6824 6669 6635 6715
5399 3 2 1 2 4874 5003 4915 4759
5400 3 2 1 2 6372 6458 6564 6253
5401 3 2 1 2 5379 5274 5124 5136
5402 3 2 1 2 5067 5157 5378 5278
5403 3 2 1 2 5034 5222 5092 5280
5404 3 2 1 2 4938 5049 5185 5005
5405 3 2 1 2 5081 5049 4938 4847
5406 3 2 1 2 5966 5718 5544 5802
5407 3 2 1 2 5294 4930 5131 5317
5408 3 2 1 2 5123 5081 4847 4973
5409 3 2 1 2 4793 4479 4615 4662
5410 3 2 1 2 4423 4375 4240 4316
5411 3 2 1 2 4932 5033 5194 5107
5412 3 2 1 2 5269 5169 5084 5035
5413 3 2 1 2 6488 6561 6331 6375
5414 3 2 1 2 6320 6467 6399 6416
5415 3 2 1 2 5394 5422 5568 5329
5416 3 2 1 2 6921 6694 6744 7099
5417 3 2 1 2 6400 6366 6557 6478
5418 3 2 1 2 4665 4741 4483 4605
5419 3 2 1 2 6184 6277 6425 6319
5420 3 2 1 2 5262 5450 5365 5166
5421 3 2 1 2 4932 5018 4749 4885
5422 3 2 1 2 5655 5693 5781 5737
5423 3 2 1 2 5255 5347 5567 5486
5424 3 2 1 2 6253 6187 6165 6206
5425 3 2 1 2 4289 4405 4548 4246
5426 3 2 1 2 5165 4949 5120 5077
5427 3 2 1 2 5220 5234 5364 5142
5428 3 2 1 2 6019 6106 6225 6135
5429 3 2 1 2 6052 5975 6026 6139
5430 3 2 1 2 5261 5363 5505 5257
5431 3 2 1 2 4643 4564 4380 4510
5432 3 2 1 2 6135 6225 6269 6186
5433 3 2 1 2 6120 6005 5683 5873
5434 3 2 1 2 4857 4594 4823 4914
5435 3 2 1 2 5236 5434 5621 5464
5436 3 2 1 2 5934 5991 6070 5942
5437 3 2 1 2 4860 4973 4662 4797
5438 3 2 1 2 7258 4134 7306 7448
5439 3 2 1 2 7120 4132 7205 7379
5440 3 2 1 2 4938 5005 4758 4887
5441 3 2 1 2 7377 7378 4135 7189
5442 3 2 1 2 6637 4137 6745 6877
5443 3 2 1 2 5431 5476 5577 5632
5444 3 2 1 2 6736 4138 6881 7013
5445 3 2 1 2 6735 4139 6880 7012
5446 3 2 1 2 5228 5334 5269 5135
5447 3 2 1 2 5125 5204 5248 5139
5448 3 2 1 2 5873 5815 5950 6024
5449 3 2 1 2 5133 5247 5470 5370
5450 3 2 1 2 4906 4850 4813 4731
5451 3 2 1 2 4167 5148 5287 5273
5452 3 2 1 2 4640 4605 4438 4507
5453 3 2 1 2 6490 6554 6587 6512
5454 3 2 1 2 4305 4245 4406 4549
5455 3 2 1 2 5134 5207 5411 5227
5456 3 2 1 2 4568 4523 4431 4624
5457 3 2 1 2 6014 6141 6223 6095
5458 3 2 1 2 6385 6644 6460 6341
5459 3 2 1 2 7329 7217 7433 7402
5460 3 2 1 2 4321 229 230 4251
5461 3 2 1 2 5878 6055 6070 5991
5462 3 2 1 2 4393 4510 4239 4314
5463 3 2 1 2 4380 4506 4164 4315
5464 3 2 1 2 6124 6194 6301 6044
5465 3 2 1 2 6370 6096 6171 6764
5466 3 2 1 2 5612 5528 5564 5676
5467 3 2 1 2 5729 5672 5448 5543
5468 3 2 1 2 4687 4921 4772 4695
5469 3 2 1 2 4859 5016 5124 4972
5470 3 2 1 2 4663 4481 4575 4736
5471 3 2 1 2 4550 4462 4161 4511
5472 3 2 1 2 7313 7454 7325 7368
5473 3 2 1 2 7169 6938 7188 7250
5474 3 2 1 2 4739 4668 4475 4608
5475 3 2 1 2 6011 5927 5509 5823
5476 3 2 1 2 5799 5902 6049 5945
5477 3 2 1 2 4685 4880 5001 4829
5478 3 2 1 2 5963 6107 6032 5998
5479 3 2 1 2 7167 7224 7022 6790
5480 3 2 1 2 5848 5971 5890 5704
5481 3 2 1 2 6656 6668 6849 6611
5482 3 2 1 2 6062 6057 6161 6162
5483 3 2 1 2 4360 4160 4465 4544
5484 3 2 1 2 6903 7223 7330 7096
5485 3 2 1 2 4441 4389 4202 4324
5486 3 2 1 2 6505 6664 6626 6469
5487 3 2 1 2 4294 4384 4610 4477
5488 3 2 1 2 7232 7172 6818 6983
5489 3 2 1 2 6990 6978 7156 7170
5490 3 2 1 2 6405 6403 6360 6325
5491 3 2 1 2 7436 7434 7482 7496
5492 3 2 1 2 7358 7351 7460 7468
5493 3 2 1 2 5377 5442 5349 5384
5494 3 2 1 2 6209 6070 6055 6101
5495 3 2 1 2 5640 5437 5473 5572
5496 3 2 1 2 6450 6321 4177 6417
5497 3 2 1 2 4194 4355 120 121
5498 3 2 1 2 6069 6300 6012 6018
5499 3 2 1 2 4741 4758 4918 4833
5500 3 2 1 2 6205 6339 6275 6134
5501 3 2 1 2 6166 6167 6137 6175
5502 3 2 1 2 4884 5079 4953 4980
5503 3 2 1 2 5429 5555 5635 5523
5504 3 2 1 2 5340 5145 5263 5440
5505 3 2 1 2 6142 6050 6302 6204
5506 3 2 1 2 5358 5845 5702 5443
5507 3 2 1 2 4739 4675 4779 4832
5508 3 2 1 2 7421 7483 7488 7459
5509 3 2 1 2 7239 7363 7295 7338
5510 3 2 1 2 6024 5950 6114 6233
5511 3 2 1 2 7058 7328 7186 6970
5512 3 2 1 2 6649 6830 6693 6517
5513 3 2 1 2 6476 6516 6445 6414
5514 3 2 1 2 4251 230 231 4333
5515 3 2 1 2 4356 4460 4410 4196
5516 3 2 1 2 5334 5228 5357 5446
5517 3 2 1 2 6033 5915 5868 5969
5518 3 2 1 2 7128 7103 7251 7286
5519 3 2 1 2 4915 4885 4654 4786
5520 3 2 1 2 7127 7104 7252 7287
5521 3 2 1 2 4395 4424 4256 4318
5522 3 2 1 2 4782 4960 4854 4676
5523 3 2 1 2 5446 5519 5428 5334
5524 3 2 1 2 7124 7106 7253 7288
5525 3 2 1 2 5067 4995 4824 4883
5526 3 2 1 2 5190 4120 5314 5315
5527 3 2 1 2 5016 5040 5136 5124
5528 3 2 1 2 6684 6939 7171 6810
5529 3 2 1 2 5421 5663 5342 5531
5530 3 2 1 2 6405 6418 6358 6386
5531 3 2 1 2 5286 5357 5228 5194
5532 3 2 1 2 5403 5476 5431 5230
5533 3 2 1 2 4550 4610 4384 4462
5534 3 2 1 2 5396 4231 5104 5170
5535 3 2 1 2 5171 5237 5339 5373
5536 3 2 1 2 5263 5046 5109 5126
5537 3 2 1 2 5323 4992 4664 4853
5538 3 2 1 2 6680 6825 6625 6634
5539 3 2 1 2 6022 6126 6183 6363
5540 3 2 1 2 5517 5340 5440 5622
5541 3 2 1 2 5777 5810 5980 5907
5542 3 2 1 2 5134 5095 4949 5207
5543 3 2 1 2 6023 5894 5718 5966
5544 3 2 1 2 4752 4982 5051 4937
5545 3 2 1 2 4706 4802 4894 4607
5546 3 2 1 2 4896 4199 4944 5099
5547 3 2 1 2 4333 231 232 4234
5548 3 2 1 2 6585 6761 7024 6876
5549 3 2 1 2 6755 6834 6754 6617
5550 3 2 1 2 4609 4608 4436 4513
5551 3 2 1 2 4435 4614 4613 4521
5552 3 2 1 2 5707 5529 5568 5602
5553 3 2 1 2 6339 6463 6390 6275
5554 3 2 1 2 5002 4913 4749 5018
5555 3 2 1 2 6970 6724 6793 7058
5556 3 2 1 2 4607 4894 4892 4468
5557 3 2 1 2 118 1 256 4252
5558 3 2 1 2 6530 6594 6851 6749
5559 3 2 1 2 5090 5083 5180 5206
5560 3 2 1 2 7483 7472 7432 7488
5561 3 2 1 2 6184 5858 6354 6277
5562 3 2 1 2 4268 71 72 4159
5563 3 2 1 2 4422 4203 4340 4388
5564 3 2 1 2 6091 5762 5629 5843
5565 3 2 1 2 4337 4204 4437 4426
5566 3 2 1 2 5410 5359 5260 5306
5567 3 2 1 2 5322 5321 5330 5478
5568 3 2 1 2 6491 6513 6581 6553
5569 3 2 1 2 4809 4808 4629 4725
5570 3 2 1 2 4582 4388 4515 4561
5571 3 2 1 2 7328 7419 7408 7186
5572 3 2 1 2 4780 4951 4842 4653
5573 3 2 1 2 6301 6194 6325 6360
5574 3 2 1 2 6041 5869 5596 5989
5575 3 2 1 2 4434 4707 4678 4398
5576 3 2 1 2 5581 5571 5741 5653
5577 3 2 1 2 6157 6234 6133 6030
5578 3 2 1 2 4498 4429 4600 4584
5579 3 2 1 2 4437 4204 4325 4528
5580 3 2 1 2 5034 5306 5062 4933
5581 3 2 1 2 5102 5063 5149 5205
5582 3 2 1 2 4861 4686 4834 4999
5583 3 2 1 2 6682 6556 6639 6798
5584 3 2 1 2 6649 6765 6431 6530
5585 3 2 1 2 5771 5709 5931 5875
5586 3 2 1 2 5876 5903 5716 5803
5587 3 2 1 2 5333 5286 5134 5227
5588 3 2 1 2 5853 5902 5678 5766
5589 3 2 1 2 4525 4242 4327 4419
5590 3 2 1 2 6162 6161 6416 6352
5591 3 2 1 2 4960 5109 5046 4854
5592 3 2 1 2 4828 4849 5092 5021
5593 3 2 1 2 5906 5898 5811 5780
5594 3 2 1 2 5522 5504 5223 5348
5595 3 2 1 2 4991 4869 5105 5196
5596 3 2 1 2 5053 5274 5368 5148
5597 3 2 1 2 5983 6169 6067 6034
5598 3 2 1 2 7409 7470 7499 7512
5599 3 2 1 2 7302 7273 6984 7148
5600 3 2 1 2 7154 7285 6972 6797
5601 3 2 1 2 4430 4179 4328 4378
5602 3 2 1 2 7394 7272 6985 7147
5603 3 2 1 2 5675 5743 5820 5680
5604 3 2 1 2 5698 5814 5643 5744
5605 3 2 1 2 5715 5834 5531 5585
5606 3 2 1 2 5414 5466 5442 5581
5607 3 2 1 2 4432 4515 4258 4341
5608 3 2 1 2 6302 6349 6259 6204
5609 3 2 1 2 4515 4432 4598 4561
5610 3 2 1 2 6019 6135 6049 5987
5611 3 2 1 2 6949 7157 7033 6804
5612 3 2 1 2 5543 5640 5705 5729
5613 3 2 1 2 5035 5084 5002 5018
5614 3 2 1 2 4335 257 258 4203
5615 3 2 1 2 4516 4373 4557 4701
5616 3 2 1 2 5091 5191 5223 5158
5617 3 2 1 2 7015 6964 6597 6843
5618 3 2 1 2 4980 4698 4817 4884
5619 3 2 1 2 4340 259 260 4258
5620 3 2 1 2 6049 5902 5853 5987
5621 3 2 1 2 5821 5853 5766 5728
5622 3 2 1 2 4373 4516 4166 4342
5623 3 2 1 2 5930 5659 5516 5703
5624 3 2 1 2 5224 5533 5674 5455
5625 3 2 1 2 5509 5226 5670 5740
5626 3 2 1 2 4341 261 262 4166
5627 3 2 1 2 4511 4374 4702 4618
5628 3 2 1 2 6230 6200 6060 6156
5629 3 2 1 2 269 270 4345 4225
5630 3 2 1 2 5555 5601 5681 5635
5631 3 2 1 2 259 4340 4203 258
5632 3 2 1 2 4342 263 264 4259
5633 3 2 1 2 271 272 4347 4143
5634 3 2 1 2 261 4341 4258 260
5635 3 2 1 2 4284 4468 4602 4397
5636 3 2 1 2 4340 4258 4515 4388
5637 3 2 1 2 4343 265 266 4148
5638 3 2 1 2 263 4342 4166 262
5639 3 2 1 2 4344 267 268 4262
5640 3 2 1 2 4262 268 269 4225
5641 3 2 1 2 273 274 4348 4260
5642 3 2 1 2 4345 270 271 4143
5643 3 2 1 2 265 4343 4259 264
5644 3 2 1 2 267 4344 4148 266
5645 3 2 1 2 4344 4262 4284 4397
5646 3 2 1 2 4628 4666 4825 4480
5647 3 2 1 2 4396 4517 4259 4343
5648 3 2 1 2 4347 272 273 4260
5649 3 2 1 2 4341 4166 4516 4432
5650 3 2 1 2 275 276 4349 4205
5651 3 2 1 2 275 4205 4348 274
5652 3 2 1 2 4599 4557 4373 4517
5653 3 2 1 2 4517 4396 4601 4599
5654 3 2 1 2 4397 4518 4148 4344
5655 3 2 1 2 4342 4259 4517 4373
5656 3 2 1 2 4435 4521 4205 4349
5657 3 2 1 2 5088 4943 5146 5295
5658 3 2 1 2 4343 4148 4518 4396
5659 3 2 1 2 4432 4516 4701 4598
5660 3 2 1 2 4353 4197 4376 4535
5661 3 2 1 2 278 4118 4263 277
5662 3 2 1 2 277 4263 4349 276
5663 3 2 1 2 4888 4975 4984 4794
5664 3 2 1 2 5796 5550 5639 5708
5665 3 2 1 2 4262 4225 4433 4284
5666 3 2 1 2 6494 6518 6634 6555
5667 3 2 1 2 7440 7471 7521 7491
5668 3 2 1 2 257 4335 4252 256
5669 3 2 1 2 5521 5661 5569 5493
5670 3 2 1 2 4519 4433 4225 4345
5671 3 2 1 2 4591 4412 4297 4482
5672 3 2 1 2 4319 4200 115 116
5673 3 2 1 2 4396 4518 4704 4601
5674 3 2 1 2 4599 4655 4795 4557
5675 3 2 1 2 4520 4611 4559 4381
5676 3 2 1 2 4332 4151 112 113
5677 3 2 1 2 4332 113 114 4264
5678 3 2 1 2 5799 5764 5586 5677
5679 3 2 1 2 4695 4482 4623 4687
5680 3 2 1 2 4520 4381 4143 4347
5681 3 2 1 2 4200 4297 4412 4264
5682 3 2 1 2 4799 4901 4678 4707
5683 3 2 1 2 4602 4704 4518 4397
5684 3 2 1 2 5624 5525 5485 5332
5685 3 2 1 2 4435 4349 4263 4282
5686 3 2 1 2 5502 5492 5248 5418
5687 3 2 1 2 5647 5582 5618 5714
5688 3 2 1 2 4252 4223 117 118
5689 3 2 1 2 6982 6773 7043 7289
5690 3 2 1 2 4345 4143 4381 4519
5691 3 2 1 2 4978 5094 4894 4802
5692 3 2 1 2 4795 4888 4701 4557
5693 3 2 1 2 6478 6557 6318 6551
5694 3 2 1 2 4882 4703 4695 4772
5695 3 2 1 2 4464 4623 4482 4297
5696 3 2 1 2 4284 4433 4607 4468
5697 3 2 1 2 4561 4598 4794 4670
5698 3 2 1 2 4521 4434 4348 4205
5699 3 2 1 2 4521 4613 4707 4434
5700 3 2 1 2 5299 5163 5408 5490
5701 3 2 1 2 6242 6453 6533 6474
5702 3 2 1 2 4336 110 111 4265
5703 3 2 1 2 4433 4519 4706 4607
5704 3 2 1 2 5086 5193 4975 4979
5705 3 2 1 2 5207 5255 5486 5411
5706 3 2 1 2 6034 6073 6000 5870
5707 3 2 1 2 278 279 4350 4118
5708 3 2 1 2 6724 6575 6500 6559
5709 3 2 1 2 5150 5277 4927 5030
5710 3 2 1 2 4598 4701 4888 4794
5711 3 2 1 2 4986 5112 4901 4799
5712 3 2 1 2 4684 4720 4753 4898
5713 3 2 1 2 4347 4260 4398 4520
5714 3 2 1 2 4614 4435 4282 4466
5715 3 2 1 2 4916 4939 4872 4751
5716 3 2 1 2 4763 4976 4843 4800
5717 3 2 1 2 4354 4267 4443 4524
5718 3 2 1 2 4559 4647 4802 4706
5719 3 2 1 2 6890 6593 6485 6370
5720 3 2 1 2 4463 4485 4538 4414
5721 3 2 1 2 5179 5297 5094 4978
5722 3 2 1 2 4260 4348 4434 4398
5723 3 2 1 2 6311 6292 6245 6397
5724 3 2 1 2 4971 5039 5239 5170
5725 3 2 1 2 4263 4118 4399 4282
5726 3 2 1 2 4336 4224 109 110
5727 3 2 1 2 4591 4703 4773 4492
5728 3 2 1 2 4118 4350 4526 4399
5729 3 2 1 2 4678 4611 4520 4398
5730 3 2 1 2 4522 4382 4261 4351
5731 3 2 1 2 7187 7275 7366 7335
5732 3 2 1 2 6323 6480 6529 6479
5733 3 2 1 2 5241 5488 5466 5397
5734 3 2 1 2 4941 5024 4770 5101
5735 3 2 1 2 4285 4469 4600 4429
5736 3 2 1 2 4350 4261 4382 4526
5737 3 2 1 2 6540 6445 6603 6654
5738 3 2 1 2 5992 5904 5865 5975
5739 3 2 1 2 4670 4794 4984 5022
5740 3 2 1 2 4800 4655 4599 4601
5741 3 2 1 2 280 281 4351 4261
5742 3 2 1 2 4482 4695 4703 4591
5743 3 2 1 2 6343 6276 5960 6176
5744 3 2 1 2 4519 4381 4559 4706
5745 3 2 1 2 5353 5498 5297 5179
5746 3 2 1 2 4323 4119 107 108
5747 3 2 1 2 4536 4158 4334 4446
5748 3 2 1 2 6251 6318 6557 6657
5749 3 2 1 2 4926 5067 5278 5154
5750 3 2 1 2 4448 4346 4257 4442
5751 3 2 1 2 5187 5188 5376 5265
5752 3 2 1 2 5006 4877 4777 4918
5753 3 2 1 2 4575 4683 4764 4736
5754 3 2 1 2 4704 4763 4800 4601
5755 3 2 1 2 6201 6110 6294 6367
5756 3 2 1 2 4351 4227 4440 4522
5757 3 2 1 2 4979 4795 4655 4890
5758 3 2 1 2 4981 4792 4658 4844
5759 3 2 1 2 6412 6306 6189 6283
5760 3 2 1 2 5078 5022 4984 5085
5761 3 2 1 2 4703 4882 4961 4773
5762 3 2 1 2 5649 5471 5554 5763
5763 3 2 1 2 4578 4528 4383 4644
5764 3 2 1 2 4886 4763 4704 4602
5765 3 2 1 2 6982 6875 7019 6702
5766 3 2 1 2 4792 4600 4469 4658
5767 3 2 1 2 104 4329 4117 103
5768 3 2 1 2 183 4271 634 9
5769 3 2 1 2 5320 4933 4919 4868
5770 3 2 1 2 4934 5137 5250 5086
5771 3 2 1 2 5234 5220 5084 5169
5772 3 2 1 2 5468 5604 5700 5636
5773 3 2 1 2 6944 7115 6945 6809
5774 3 2 1 2 4979 4975 4888 4795
5775 3 2 1 2 5882 5784 5755 5756
5776 3 2 1 2 4352 4181 4455 4403
5777 3 2 1 2 280 4261 4350 279
5778 3 2 1 2 4353 4227 282 283
5779 3 2 1 2 4197 4354 4524 4376
5780 3 2 1 2 5921 6006 6163 6078
5781 3 2 1 2 5699 5788 5956 5924
5782 3 2 1 2 98 99 4980 4953
5783 3 2 1 2 4206 4456 4244 4322
5784 3 2 1 2 5677 5678 5902 5799
5785 3 2 1 2 4266 105 106 4255
5786 3 2 1 2 4559 4611 4798 4647
5787 3 2 1 2 4537 4147 4346 4448
5788 3 2 1 2 4763 4886 5096 4976
5789 3 2 1 2 6783 7500 7453 6942
5790 3 2 1 2 4442 4257 4226 4287
5791 3 2 1 2 6573 6702 7019 6523
5792 3 2 1 2 7400 7422 7431 7215
5793 3 2 1 2 6395 6751 7174 6562
5794 3 2 1 2 5093 5110 5198 5176
5795 3 2 1 2 7417 7387 7205 7468
5796 3 2 1 2 6834 6755 6500 6575
5797 3 2 1 2 7047 7194 7166 7032
5798 3 2 1 2 5250 5311 5193 5086
5799 3 2 1 2 4278 5279 5168 5103
5800 3 2 1 2 5760 5821 5728 5661
5801 3 2 1 2 4843 4890 4655 4800
5802 3 2 1 2 4602 4468 4892 4886
5803 3 2 1 2 5763 5811 5758 5649
5804 3 2 1 2 7198 7384 7050 7424
5805 3 2 1 2 7493 7356 7457 6887
5806 3 2 1 2 4611 4678 4901 4798
5807 3 2 1 2 4722 4624 4478 4713
5808 3 2 1 2 6627 6434 6332 6564
5809 3 2 1 2 5193 5085 4984 4975
5810 3 2 1 2 6006 6087 6133 6163
5811 3 2 1 2 4282 4399 4619 4466
5812 3 2 1 2 282 4227 4351 281
5813 3 2 1 2 6545 6547 6410 6481
5814 3 2 1 2 4933 5062 5012 4919
5815 3 2 1 2 4329 104 105 4266
5816 3 2 1 2 6752 6396 6762 6653
5817 3 2 1 2 6296 6408 6495 6447
5818 3 2 1 2 6411 6365 6188 6327
5819 3 2 1 2 5554 5378 5230 5431
5820 3 2 1 2 4978 4802 4647 4837
5821 3 2 1 2 7292 6706 7291 7153
5822 3 2 1 2 4713 4478 4574 4657
5823 3 2 1 2 4287 4226 4338 4447
5824 3 2 1 2 4720 4820 4392 4616
5825 3 2 1 2 6883 7027 6497 6704
5826 3 2 1 2 68 4181 4352 67
5827 3 2 1 2 4789 4897 4974 4891
5828 3 2 1 2 7502 7509 7506 7526
5829 3 2 1 2 65 4253 255 3
5830 3 2 1 2 4664 4550 4511 4618
5831 3 2 1 2 4354 4197 284 285
5832 3 2 1 2 5201 5171 5054 4942
5833 3 2 1 2 4526 4567 4619 4399
5834 3 2 1 2 4319 4223 4313 4411
5835 3 2 1 2 5188 5187 4985 5112
5836 3 2 1 2 6552 6728 6764 6171
5837 3 2 1 2 6391 6299 6183 6474
5838 3 2 1 2 4592 4283 4421 4467
5839 3 2 1 2 4843 4976 5177 5082
5840 3 2 1 2 5205 5149 5319 5415
5841 3 2 1 2 4644 4383 4523 4568
5842 3 2 1 2 7171 7107 6805 6954
5843 3 2 1 2 5601 5750 5778 5681
5844 3 2 1 2 4535 4440 4227 4353
5845 3 2 1 2 5689 5530 5657 5727
5846 3 2 1 2 5112 4986 5044 5188
5847 3 2 1 2 4451 4903 4807 4907
5848 3 2 1 2 6987 4213 6936 7102
5849 3 2 1 2 4353 283 284 4197
5850 3 2 1 2 5667 5754 5921 5842
5851 3 2 1 2 7347 4189 7063 7200
5852 3 2 1 2 5096 4977 5178 5312
5853 3 2 1 2 7232 7178 7305 7316
5854 3 2 1 2 4882 5078 5152 4961
5855 3 2 1 2 5396 5304 5279 4278
5856 3 2 1 2 5959 6167 6166 6058
5857 3 2 1 2 6420 6362 6423 6116
5858 3 2 1 2 5361 5471 5649 5561
5859 3 2 1 2 5480 5459 5372 5373
5860 3 2 1 2 4976 5096 5312 5177
5861 3 2 1 2 5157 4981 4844 5038
5862 3 2 1 2 4467 4646 4810 4592
5863 3 2 1 2 5086 4979 4890 4934
5864 3 2 1 2 4798 4901 5112 4985
5865 3 2 1 2 5024 5037 5218 5098
5866 3 2 1 2 5219 5260 5418 5183
5867 3 2 1 2 5276 5137 4934 5082
5868 3 2 1 2 4637 4287 4447 4547
5869 3 2 1 2 7075 7210 6908 7009
5870 3 2 1 2 4431 4241 4339 4372
5871 3 2 1 2 7346 7193 7160 7090
5872 3 2 1 2 6693 6976 7007 6599
5873 3 2 1 2 7283 7315 7427 7344
5874 3 2 1 2 4377 4243 4331 4530
5875 3 2 1 2 4634 4694 4571 4638
5876 3 2 1 2 4255 4508 4392 4266
5877 3 2 1 2 4534 4267 286 287
5878 3 2 1 2 5332 5485 5318 5132
5879 3 2 1 2 4236 4542 4237 4269
5880 3 2 1 2 6031 6086 6008 5925
5881 3 2 1 2 5082 5177 5355 5276
5882 3 2 1 2 5695 5856 6118 6298
5883 3 2 1 2 5054 5121 4952 4974
5884 3 2 1 2 4146 4451 4635 4540
5885 3 2 1 2 4198 4971 5170 5104
5886 3 2 1 2 4277 4690 4924 4819
5887 3 2 1 2 7282 7336 7428 7345
5888 3 2 1 2 5096 4886 4892 4977
5889 3 2 1 2 4985 4837 4647 4798
5890 3 2 1 2 4531 4656 4914 4823
5891 3 2 1 2 6011 5786 5591 5927
5892 3 2 1 2 7168 7208 7355 7380
5893 3 2 1 2 5082 4934 4890 4843
5894 3 2 1 2 4354 285 286 4267
5895 3 2 1 2 4144 4401 4636 4541
5896 3 2 1 2 5239 5304 5396 5170
5897 3 2 1 2 4819 4924 4971 4198
5898 3 2 1 2 4454 4570 4830 4723
5899 3 2 1 2 592 593 4182 4453
5900 3 2 1 2 6552 6171 6489 6415
5901 3 2 1 2 5609 5354 5844 5735
5902 3 2 1 2 6981 7067 7280 7151
5903 3 2 1 2 4924 4936 5039 4971
5904 3 2 1 2 6653 6691 6839 6752
5905 3 2 1 2 4485 4394 4562 4715
5906 3 2 1 2 4690 4852 4936 4924
5907 3 2 1 2 6446 6177 6426 6548
5908 3 2 1 2 5469 5337 5137 5276
5909 3 2 1 2 591 592 4453 4303
5910 3 2 1 2 4799 4707 4613 4711
5911 3 2 1 2 4937 5051 5303 5200
5912 3 2 1 2 5297 5178 4977 5094
5913 3 2 1 2 5006 4918 4758 5005
5914 3 2 1 2 5582 5351 5297 5498
5915 3 2 1 2 4180 4317 4507 4438
5916 3 2 1 2 195 196 4314 4239
5917 3 2 1 2 4395 4438 4605 4483
5918 3 2 1 2 6545 6643 6651 6547
5919 3 2 1 2 5436 5563 5742 5641
5920 3 2 1 2 193 194 4315 4164
5921 3 2 1 2 7008 6998 6803 6842
5922 3 2 1 2 4420 4585 4467 4421
5923 3 2 1 2 4741 4665 4887 4758
5924 3 2 1 2 4163 4806 4910 4710
5925 3 2 1 2 191 192 4316 4240
5926 3 2 1 2 7451 7191 7514 7494
5927 3 2 1 2 5636 5700 5791 5747
5928 3 2 1 2 4303 4453 4630 4533
5929 3 2 1 2 4206 4256 4424 4299
5930 3 2 1 2 4233 4669 4859 4790
5931 3 2 1 2 4793 4662 4973 4847
5932 3 2 1 2 5174 5191 4988 5099
5933 3 2 1 2 4699 4797 4662 4615
5934 3 2 1 2 6566 6608 6884 6751
5935 3 2 1 2 4585 4768 4646 4467
5936 3 2 1 2 189 190 4317 4180
5937 3 2 1 2 6399 6467 6529 6480
5938 3 2 1 2 5708 5800 5614 5724
5939 3 2 1 2 4903 4379 4679 4807
5940 3 2 1 2 4828 4868 4815 4689
5941 3 2 1 2 5403 5152 5143 5249
5942 3 2 1 2 5314 5439 5521 5493
5943 3 2 1 2 187 188 4318 4256
5944 3 2 1 2 6517 6317 6765 6649
5945 3 2 1 2 5047 4881 5316 5213
5946 3 2 1 2 5583 5669 5847 5754
5947 3 2 1 2 4524 4443 4620 4718
5948 3 2 1 2 4862 4688 5115 4998
5949 3 2 1 2 5635 5681 5905 5812
5950 3 2 1 2 6227 6192 6297 6284
5951 3 2 1 2 5276 5355 5541 5469
5952 3 2 1 2 5905 5988 6136 6046
5953 3 2 1 2 7499 7470 7216 7426
5954 3 2 1 2 5681 5778 5988 5905
5955 3 2 1 2 4792 4700 4584 4600
5956 3 2 1 2 5612 5676 5759 5721
5957 3 2 1 2 6293 6218 6215 6290
5958 3 2 1 2 4712 4612 4382 4522
5959 3 2 1 2 6053 6052 6218 6137
5960 3 2 1 2 4229 4358 4538 4449
5961 3 2 1 2 5988 6060 6200 6136
5962 3 2 1 2 4604 4543 4407 4696
5963 3 2 1 2 4762 4896 5099 4988
5964 3 2 1 2 5136 5284 5474 5379
5965 3 2 1 2 428 429 4130 7138
5966 3 2 1 2 6069 6219 5944 6300
5967 3 2 1 2 422 423 4168 6641
5968 3 2 1 2 6035 6350 6270 6099
5969 3 2 1 2 441 442 4131 7374
5970 3 2 1 2 6661 6618 7019 6875
5971 3 2 1 2 409 410 4170 6742
5972 3 2 1 2 4316 4164 4506 4423
5973 3 2 1 2 5094 4977 4892 4894
5974 3 2 1 2 396 397 4172 6867
5975 3 2 1 2 383 384 4171 6870
5976 3 2 1 2 4766 4645 4567 4612
5977 3 2 1 2 6215 6255 6333 6290
5978 3 2 1 2 4570 4580 5000 4648
5979 3 2 1 2 4730 4821 4716 4630
5980 3 2 1 2 6072 5787 6083 6005
5981 3 2 1 2 370 371 4173 7003
5982 3 2 1 2 4669 4755 5016 4859
5983 3 2 1 2 7319 7519 7517 7455
5984 3 2 1 2 5132 4931 5217 5293
5985 3 2 1 2 5213 5316 4889 5060
5986 3 2 1 2 357 358 4175 7140
5987 3 2 1 2 6456 6330 6655 6565
5988 3 2 1 2 6350 6492 6422 6270
5989 3 2 1 2 5195 5285 5380 5244
5990 3 2 1 2 331 332 4176 6873
5991 3 2 1 2 344 345 4174 6869
5992 3 2 1 2 6728 6890 6370 6764
5993 3 2 1 2 4540 4635 4690 4277
5994 3 2 1 2 6706 7025 6613 7164
5995 3 2 1 2 5295 5335 5430 5371
5996 3 2 1 2 4315 4239 4510 4380
5997 3 2 1 2 6243 6197 6423 6362
5998 3 2 1 2 4887 4665 4606 4793
5999 3 2 1 2 7382 7430 7492 7312
6000 3 2 1 2 4806 4163 288 289
6001 3 2 1 2 4568 4677 4578 4644
6002 3 2 1 2 4489 4418 4728 4622
6003 3 2 1 2 5439 5552 5630 5521
6004 3 2 1 2 7307 7453 7500 6912
6005 3 2 1 2 5111 5210 5247 5133
6006 3 2 1 2 4500 4416 4727 4621
6007 3 2 1 2 6667 6971 7072 6926
6008 3 2 1 2 6287 6336 6269 6225
6009 3 2 1 2 6553 6653 6762 6373
6010 3 2 1 2 6416 6399 6254 6352
6011 3 2 1 2 7391 7435 7324 7204
6012 3 2 1 2 4275 4539 4450 4362
6013 3 2 1 2 4755 4935 5040 5016
6014 3 2 1 2 5036 5138 5233 5198
6015 3 2 1 2 4805 4711 4613 4614
6016 3 2 1 2 316 317 6227 6143
6017 3 2 1 2 198 199 4320 4254
6018 3 2 1 2 6900 7153 7291 6663
6019 3 2 1 2 6174 6279 6351 6017
6020 3 2 1 2 440 441 7374 7203
6021 3 2 1 2 427 428 7138 6927
6022 3 2 1 2 5904 5817 5779 5865
6023 3 2 1 2 5066 5309 5248 5204
6024 3 2 1 2 6027 6111 6237 6153
6025 3 2 1 2 6308 6415 6489 6229
6026 3 2 1 2 421 422 6641 6527
6027 3 2 1 2 408 409 6742 6606
6028 3 2 1 2 4382 4612 4567 4526
6029 3 2 1 2 395 396 6867 6698
6030 3 2 1 2 6254 6399 6480 6323
6031 3 2 1 2 382 383 6870 6700
6032 3 2 1 2 369 370 7003 6812
6033 3 2 1 2 356 357 7140 6928
6034 3 2 1 2 5017 4787 4813 4850
6035 3 2 1 2 343 344 6869 6699
6036 3 2 1 2 330 331 6873 6701
6037 3 2 1 2 7162 7519 7319 7392
6038 3 2 1 2 5518 5726 5630 5660
6039 3 2 1 2 309 310 5914 5782
6040 3 2 1 2 303 304 5563 5436
6041 3 2 1 2 184 185 4322 4244
6042 3 2 1 2 7177 6785 7457 7356
6043 3 2 1 2 4362 4450 4286 4149
6044 3 2 1 2 5779 5817 5612 5721
6045 3 2 1 2 6422 6492 6278 6484
6046 3 2 1 2 5767 5925 6008 5706
6047 3 2 1 2 5951 5765 6164 6086
6048 3 2 1 2 4130 7391 7271 7138
6049 3 2 1 2 6701 6873 7146 6983
6050 3 2 1 2 6265 6647 6541 6328
6051 3 2 1 2 5630 5760 5661 5521
6052 3 2 1 2 6527 6641 6878 6732
6053 3 2 1 2 6606 6742 7017 6853
6054 3 2 1 2 4573 4813 4735 4625
6055 3 2 1 2 6698 6867 7148 6984
6056 3 2 1 2 4171 7149 6986 6870
6057 3 2 1 2 6182 6252 6358 6287
6058 3 2 1 2 6699 6869 7147 6985
6059 3 2 1 2 6812 7003 7277 7113
6060 3 2 1 2 4595 4480 4825 4660
6061 3 2 1 2 4175 7383 7256 7140
6062 3 2 1 2 4541 4636 4669 4233
6063 3 2 1 2 4150 4254 4436 4288
6064 3 2 1 2 594 595 4573 4625
6065 3 2 1 2 4740 4654 4885 4749
6066 3 2 1 2 6467 6540 6654 6529
6067 3 2 1 2 7271 7391 7204 7367
6068 3 2 1 2 6120 6285 6158 6216
6069 3 2 1 2 6304 6255 6215 6217
6070 3 2 1 2 6153 6237 6252 6182
6071 3 2 1 2 5726 5852 5760 5630
6072 3 2 1 2 4723 4830 4771 4401
6073 3 2 1 2 6756 6818 7172 7023
6074 3 2 1 2 6254 6323 6283 6228
6075 3 2 1 2 5641 5742 5919 5827
6076 3 2 1 2 4288 4436 4608 4475
6077 3 2 1 2 4982 5091 5158 5051
6078 3 2 1 2 6175 6293 6344 6289
6079 3 2 1 2 4450 4539 4725 4629
6080 3 2 1 2 4907 4807 4857 4963
6081 3 2 1 2 6287 6358 6418 6336
6082 3 2 1 2 4612 4712 4908 4766
6083 3 2 1 2 6218 6052 6139 6215
6084 3 2 1 2 5312 5178 5297 5351
6085 3 2 1 2 4643 4565 4786 4654
6086 3 2 1 2 4375 4423 4615 4479
6087 3 2 1 2 5669 5484 5361 5561
6088 3 2 1 2 5630 5552 5472 5660
6089 3 2 1 2 5368 5398 5287 5148
6090 3 2 1 2 310 311 4121 5914
6091 3 2 1 2 5369 5460 5638 5553
6092 3 2 1 2 4867 4652 5113 5013
6093 3 2 1 2 4681 4991 4870 4805
6094 3 2 1 2 6477 6528 6608 6566
6095 3 2 1 2 5051 5158 5413 5303
6096 3 2 1 2 5792 5910 5952 5861
6097 3 2 1 2 4777 4812 4569 4715
6098 3 2 1 2 6732 6878 7158 7010
6099 3 2 1 2 6853 7017 7290 7144
6100 3 2 1 2 5407 5308 5108 5211
6101 3 2 1 2 4449 4538 4569 4628
6102 3 2 1 2 7113 7277 7456 7376
6103 3 2 1 2 5384 5349 5234 5169
6104 3 2 1 2 6182 6287 6225 6106
6105 3 2 1 2 4423 4506 4699 4615
6106 3 2 1 2 4254 4320 4513 4436
6107 3 2 1 2 5808 5897 5618 5710
6108 3 2 1 2 4788 4660 5023 4848
6109 3 2 1 2 5105 5147 5300 5196
6110 3 2 1 2 5760 5852 5913 5821
6111 3 2 1 2 5754 5847 6006 5921
6112 3 2 1 2 6800 6951 6882 6577
6113 3 2 1 2 6078 6163 6224 6241
6114 3 2 1 2 5066 5204 4992 5323
6115 3 2 1 2 5462 5553 5676 5564
6116 3 2 1 2 5075 4966 5189 5175
6117 3 2 1 2 200 201 4324 4202
6118 3 2 1 2 5570 5430 5535 5645
6119 3 2 1 2 5553 5638 5759 5676
6120 3 2 1 2 5750 5912 5909 5778
6121 3 2 1 2 7060 7241 7157 6949
6122 3 2 1 2 6299 6108 6363 6183
6123 3 2 1 2 581 582 4899 4879
6124 3 2 1 2 317 318 6192 6227
6125 3 2 1 2 5311 5143 5085 5193
6126 3 2 1 2 5821 5913 5936 5853
6127 3 2 1 2 4954 5013 5113 4769
6128 3 2 1 2 4917 4770 5024 5098
6129 3 2 1 2 6739 6628 6567 6687
6130 3 2 1 2 5791 5700 5883 6001
6131 3 2 1 2 5010 5120 4949 4909
6132 3 2 1 2 4917 4757 4572 4724
6133 3 2 1 2 6712 6739 6687 6896
6134 3 2 1 2 5914 5998 5910 5782
6135 3 2 1 2 4788 4900 4809 4729
6136 3 2 1 2 6452 6307 6561 6488
6137 3 2 1 2 5818 5837 5817 5904
6138 3 2 1 2 5413 5499 5400 5303
6139 3 2 1 2 5116 5020 4766 4908
6140 3 2 1 2 5642 5683 6005 6083
6141 3 2 1 2 4809 4876 4987 4808
6142 3 2 1 2 6545 6646 6760 6643
6143 3 2 1 2 7427 7449 7316 7305
6144 3 2 1 2 6679 7293 7109 6952
6145 3 2 1 2 6775 7101 7236 7053
6146 3 2 1 2 5522 5348 5322 5478
6147 3 2 1 2 6651 6761 6585 6546
6148 3 2 1 2 7175 7432 7472 7405
6149 3 2 1 2 6631 6560 6311 6526
6150 3 2 1 2 7038 7322 7462 7390
6151 3 2 1 2 5182 4941 4905 5087
6152 3 2 1 2 5735 5844 5445 5613
6153 3 2 1 2 4324 4237 4542 4441
6154 3 2 1 2 5253 5423 5639 5550
6155 3 2 1 2 304 305 4178 5563
6156 3 2 1 2 4670 5022 4772 4921
6157 3 2 1 2 5098 4940 4757 4917
6158 3 2 1 2 5782 5910 5792 5701
6159 3 2 1 2 5753 5648 5469 5541
6160 3 2 1 2 4336 4498 4420 4224
6161 3 2 1 2 5158 5223 5504 5413
6162 3 2 1 2 4630 4716 4580 4533
6163 3 2 1 2 4627 4710 4752 4661
6164 3 2 1 2 5659 5930 5814 5698
6165 3 2 1 2 7081 7131 7246 7226
6166 3 2 1 2 4323 4421 4283 4119
6167 3 2 1 2 6865 7132 6953 6811
6168 3 2 1 2 555 556 6483 6457
6169 3 2 1 2 4761 4952 5036 5011
6170 3 2 1 2 102 4532 4709 101
6171 3 2 1 2 6740 6997 6874 6696
6172 3 2 1 2 5000 5065 4925 4648
6173 3 2 1 2 6741 6998 6846 6697
6174 3 2 1 2 5910 5998 6032 5952
6175 3 2 1 2 6640 6862 6747 6605
6176 3 2 1 2 543 544 7134 7074
6177 3 2 1 2 4190 7064 7364 7222
6178 3 2 1 2 7268 7442 7382 7201
6179 3 2 1 2 531 532 7000 6935
6180 3 2 1 2 551 552 6739 6712
6181 3 2 1 2 563 564 6149 6115
6182 3 2 1 2 4192 7410 7510 7478
6183 3 2 1 2 7138 7271 7114 6927
6184 3 2 1 2 519 520 7001 6936
6185 3 2 1 2 546 547 6865 6811
6186 3 2 1 2 558 559 6355 6324
6187 3 2 1 2 6955 7181 7315 7283
6188 3 2 1 2 4193 7065 7365 7274
6189 3 2 1 2 534 535 6740 6696
6190 3 2 1 2 569 570 5831 5783
6191 3 2 1 2 522 523 6741 6697
6192 3 2 1 2 507 508 6866 6819
6193 3 2 1 2 510 511 6640 6605
6194 3 2 1 2 5503 5444 5265 5376
6195 3 2 1 2 495 496 7343 7371
6196 3 2 1 2 6353 6477 6566 6428
6197 3 2 1 2 5179 4978 4837 5045
6198 3 2 1 2 498 499 7135 7063
6199 3 2 1 2 483 484 7372 7317
6200 3 2 1 2 486 487 7136 7064
6201 3 2 1 2 471 472 7444 7411
6202 3 2 1 2 474 475 7268 7201
6203 3 2 1 2 462 463 7445 7410
6204 3 2 1 2 459 460 7504 7511
6205 3 2 1 2 7244 7242 7152 7062
6206 3 2 1 2 574 575 5564 5528
6207 3 2 1 2 447 448 7373 7318
6208 3 2 1 2 4124 7066 7366 7275
6209 3 2 1 2 450 451 7137 7065
6210 3 2 1 2 7114 7271 7367 7221
6211 3 2 1 2 434 435 7446 7412
6212 3 2 1 2 437 438 7269 7202
6213 3 2 1 2 6956 7184 7336 7282
6214 3 2 1 2 5138 5372 5473 5233
6215 3 2 1 2 417 418 6642 6612
6216 3 2 1 2 404 405 6743 6708
6217 3 2 1 2 391 392 6868 6822
6218 3 2 1 2 6957 7180 7309 7284
6219 3 2 1 2 7459 7385 7308 7421
6220 3 2 1 2 6281 6240 6088 6109
6221 3 2 1 2 378 379 6871 6823
6222 3 2 1 2 5148 4167 4879 5053
6223 3 2 1 2 365 366 7004 6937
6224 3 2 1 2 339 340 6872 6821
6225 3 2 1 2 6927 7114 6971 6820
6226 3 2 1 2 352 353 7141 7066
6227 3 2 1 2 5853 5936 6019 5987
6228 3 2 1 2 6227 6284 6196 6143
6229 3 2 1 2 6107 6228 6151 6032
6230 3 2 1 2 5140 5313 5212 5122
6231 3 2 1 2 5589 5570 5645 5608
6232 3 2 1 2 5952 6059 5996 5861
6233 3 2 1 2 6321 6450 6546 6476
6234 3 2 1 2 6971 7114 7221 7072
6235 3 2 1 2 5369 5398 5368 5460
6236 3 2 1 2 6841 6896 7115 6940
6237 3 2 1 2 6870 6986 6856 6700
6238 3 2 1 2 7140 7256 7036 6928
6239 3 2 1 2 4806 289 290 4796
6240 3 2 1 2 4677 4568 4624 4722
6241 3 2 1 2 4356 631 632 4270
6242 3 2 1 2 4805 4614 4466 4681
6243 3 2 1 2 5379 5474 5555 5429
6244 3 2 1 2 5522 5677 5586 5504
6245 3 2 1 2 5474 5507 5601 5555
6246 3 2 1 2 4207 4364 4286 4458
6247 3 2 1 2 4896 4762 291 292
6248 3 2 1 2 5504 5586 5499 5413
6249 3 2 1 2 6053 5992 5975 6052
6250 3 2 1 2 6435 6246 6652 6542
6251 3 2 1 2 4825 4864 5023 4660
6252 3 2 1 2 5721 5759 5638 5694
6253 3 2 1 2 4522 4440 4572 4712
6254 3 2 1 2 4631 4441 4542 4409
6255 3 2 1 2 5146 5167 5291 5275
6256 3 2 1 2 5500 5313 5140 5257
6257 3 2 1 2 7473 7415 7525 7505
6258 3 2 1 2 7023 6777 6757 6756
6259 3 2 1 2 5101 4770 4556 4718
6260 3 2 1 2 6032 6151 6059 5952
6261 3 2 1 2 6687 6567 6809 6945
6262 3 2 1 2 5507 5650 5750 5601
6263 3 2 1 2 7236 7101 6992 7267
6264 3 2 1 2 7239 7195 7121 7363
6265 3 2 1 2 4910 4806 4796 4878
6266 3 2 1 2 7462 7322 7262 7441
6267 3 2 1 2 6881 7111 7002 7013
6268 3 2 1 2 7001 7145 7102 6936
6269 3 2 1 2 7064 7136 7220 7364
6270 3 2 1 2 4230 4545 4404 4361
6271 3 2 1 2 4498 4584 4700 4733
6272 3 2 1 2 7410 7445 7475 7510
6273 3 2 1 2 6866 7014 6967 6819
6274 3 2 1 2 5400 5499 5668 5579
6275 3 2 1 2 7065 7137 7209 7365
6276 3 2 1 2 6095 6159 6085 6014
6277 3 2 1 2 5211 5108 4836 5015
6278 3 2 1 2 7444 7492 7484 7411
6279 3 2 1 2 6313 6746 6621 6487
6280 3 2 1 2 7066 7141 7279 7366
6281 3 2 1 2 6167 6077 6053 6137
6282 3 2 1 2 5505 5589 5500 5257
6283 3 2 1 2 5518 5641 5827 5726
6284 3 2 1 2 4219 7318 7469 7465
6285 3 2 1 2 7446 7498 7497 7412
6286 3 2 1 2 5710 5618 5582 5441
6287 3 2 1 2 4332 4390 4285 4151
6288 3 2 1 2 6825 6680 7002 7111
6289 3 2 1 2 5353 5179 5045 5246
6290 3 2 1 2 4444 4617 4717 4558
6291 3 2 1 2 5499 5586 5764 5668
6292 3 2 1 2 5103 5168 4990 4145
6293 3 2 1 2 6852 6716 6654 6603
6294 3 2 1 2 6477 6384 6447 6528
6295 3 2 1 2 4356 4196 630 631
6296 3 2 1 2 103 4117 4532 102
6297 3 2 1 2 4799 4870 5044 4986
6298 3 2 1 2 5095 4874 4909 4949
6299 3 2 1 2 7425 7289 7043 7370
6300 3 2 1 2 4850 5122 5212 5017
6301 3 2 1 2 5024 4941 5182 5037
6302 3 2 1 2 5818 5904 5992 5929
6303 3 2 1 2 6335 6185 6239 6292
6304 3 2 1 2 4619 4567 4645 4822
6305 3 2 1 2 5661 5728 5592 5569
6306 3 2 1 2 5101 4814 4905 4941
6307 3 2 1 2 97 5063 5102 96
6308 3 2 1 2 6706 7164 6506 7291
6309 3 2 1 2 5246 5265 5444 5324
6310 3 2 1 2 100 4698 4980 99
6311 3 2 1 2 6149 6232 6231 6115
6312 3 2 1 2 5817 5837 5732 5612
6313 3 2 1 2 5431 5632 5763 5554
6314 3 2 1 2 6321 6297 6192 4177
6315 3 2 1 2 6053 6077 5994 5866
6316 3 2 1 2 5897 5807 5714 5618
6317 3 2 1 2 5487 5559 5468 5382
6318 3 2 1 2 4645 4766 5020 4835
6319 3 2 1 2 5256 5238 5435 5475
6320 3 2 1 2 4189 7347 7450 7343
6321 3 2 1 2 633 634 4271 4235
6322 3 2 1 2 4319 4464 4297 4200
6323 3 2 1 2 6457 6483 6395 6562
6324 3 2 1 2 4352 4238 66 67
6325 3 2 1 2 5669 5758 5926 5847
6326 3 2 1 2 5673 5538 5644 5756
6327 3 2 1 2 4514 4527 4488 4626
6328 3 2 1 2 4966 4914 4656 4845
6329 3 2 1 2 4661 4752 4937 4905
6330 3 2 1 2 5090 4199 293 294
6331 3 2 1 2 4698 4709 4560 4817
6332 3 2 1 2 5337 5469 5648 5524
6333 3 2 1 2 5105 5026 5282 5147
6334 3 2 1 2 4357 4165 626 627
6335 3 2 1 2 4235 4371 4370 4270
6336 3 2 1 2 7511 7504 7474 7524
6337 3 2 1 2 7069 7126 6955 7283
6338 3 2 1 2 7318 7373 7183 7469
6339 3 2 1 2 4357 627 628 4273
6340 3 2 1 2 5799 5945 5846 5764
6341 3 2 1 2 6924 7021 6860 6718
6342 3 2 1 2 6252 6316 6386 6358
6343 3 2 1 2 7062 7152 6994 6788
6344 3 2 1 2 7070 7123 6956 7282
6345 3 2 1 2 7308 7385 7265 7086
6346 3 2 1 2 4895 4714 4592 4810
6347 3 2 1 2 6197 6243 6762 6655
6348 3 2 1 2 4358 4229 624 625
6349 3 2 1 2 4988 4878 4796 4762
6350 3 2 1 2 5995 6150 6063 6043
6351 3 2 1 2 4359 4160 621 622
6352 3 2 1 2 5606 5819 5885 5705
6353 3 2 1 2 4372 4478 4624 4431
6354 3 2 1 2 4896 292 293 4199
6355 3 2 1 2 5847 5926 6087 6006
6356 3 2 1 2 4360 4230 619 620
6357 3 2 1 2 4135 7378 7220 7119
6358 3 2 1 2 5791 5851 5644 5747
6359 3 2 1 2 4133 7513 7475 7437
6360 3 2 1 2 4358 625 626 4165
6361 3 2 1 2 4361 4275 617 618
6362 3 2 1 2 6180 6069 6018 6105
6363 3 2 1 2 6636 6732 7010 6861
6364 3 2 1 2 5867 5827 5919 5958
6365 3 2 1 2 5350 5477 5644 5538
6366 3 2 1 2 6734 6853 7144 6995
6367 3 2 1 2 6854 6985 7272 7129
6368 3 2 1 2 6855 6984 7273 7130
6369 3 2 1 2 5685 5600 5997 5872
6370 3 2 1 2 5341 5491 5673 5537
6371 3 2 1 2 4362 4149 615 616
6372 3 2 1 2 6988 7113 7376 7266
6373 3 2 1 2 6291 6305 6168 6240
6374 3 2 1 2 4675 4801 5010 4779
6375 3 2 1 2 5660 5472 5336 5518
6376 3 2 1 2 5190 5083 295 296
6377 3 2 1 2 4364 4207 612 613
6378 3 2 1 2 6237 6306 6316 6252
6379 3 2 1 2 4365 4276 610 611
6380 3 2 1 2 4632 4459 4296 4551
6381 3 2 1 2 5472 5352 300 301
6382 3 2 1 2 6823 6871 6770 7030
6383 3 2 1 2 4359 622 623 4274
6384 3 2 1 2 4366 4146 608 609
6385 3 2 1 2 4906 4990 5043 4945
6386 3 2 1 2 5402 5268 5382 5468
6387 3 2 1 2 5396 4278 600 601
6388 3 2 1 2 6024 6233 6212 6285
6389 3 2 1 2 6516 6585 6876 6738
6390 3 2 1 2 6263 6652 6766 6199
6391 3 2 1 2 5103 4145 598 599
6392 3 2 1 2 5382 5268 5037 5182
6393 3 2 1 2 4710 4627 4534 4163
6394 3 2 1 2 4818 4232 596 597
6395 3 2 1 2 5436 5336 302 303
6396 3 2 1 2 6750 6893 6433 6610
6397 3 2 1 2 4625 4182 593 594
6398 3 2 1 2 4360 620 621 4160
6399 3 2 1 2 5728 5766 5678 5592
6400 3 2 1 2 4303 4208 590 591
6401 3 2 1 2 4367 4279 588 589
6402 3 2 1 2 4368 4144 586 587
6403 3 2 1 2 4383 4195 4330 4523
6404 3 2 1 2 4238 4352 4403 4302
6405 3 2 1 2 5397 5189 5050 5241
6406 3 2 1 2 6007 5682 5662 5830
6407 3 2 1 2 4361 618 619 4230
6408 3 2 1 2 5764 5846 5751 5668
6409 3 2 1 2 5734 5604 5468 5559
6410 3 2 1 2 7343 7450 7237 7371
6411 3 2 1 2 5882 5756 5644 5851
6412 3 2 1 2 4362 616 617 4275
6413 3 2 1 2 5496 5583 5754 5667
6414 3 2 1 2 4529 4445 4617 4444
6415 3 2 1 2 4364 613 614 4280
6416 3 2 1 2 5383 298 299 5374
6417 3 2 1 2 5090 294 295 5083
6418 3 2 1 2 5500 5405 5212 5313
6419 3 2 1 2 5181 5026 4835 5020
6420 3 2 1 2 4365 611 612 4207
6421 3 2 1 2 4366 609 610 4276
6422 3 2 1 2 7184 7095 7319 7455
6423 3 2 1 2 4540 607 608 4146
6424 3 2 1 2 4819 605 606 4277
6425 3 2 1 2 5104 603 604 4198
6426 3 2 1 2 4905 4937 5200 5087
6427 3 2 1 2 6449 6542 6652 6263
6428 3 2 1 2 5710 5536 5682 5808
6429 3 2 1 2 5221 4983 4848 5055
6430 3 2 1 2 4813 4787 4730 4735
6431 3 2 1 2 4817 4560 4684 4767
6432 3 2 1 2 4573 595 596 4232
6433 3 2 1 2 5472 301 302 5336
6434 3 2 1 2 5044 5245 5376 5188
6435 3 2 1 2 4367 589 590 4208
6436 3 2 1 2 4368 587 588 4279
6437 3 2 1 2 4541 585 586 4144
6438 3 2 1 2 7397 7495 7462 7441
6439 3 2 1 2 5448 5584 5502 5359
6440 3 2 1 2 5187 5045 4837 4985
6441 3 2 1 2 4799 4711 4805 4870
6442 3 2 1 2 4538 4485 4715 4569
6443 3 2 1 2 6412 6479 6521 6475
6444 3 2 1 2 6733 6695 6648 6522
6445 3 2 1 2 6111 6189 6306 6237
6446 3 2 1 2 6632 6757 6502 6638
6447 3 2 1 2 5374 5352 5472 5552
6448 3 2 1 2 4122 6646 6545 6482
6449 3 2 1 2 4527 4514 4369 4410
6450 3 2 1 2 5221 5056 4876 4983
6451 3 2 1 2 4947 4775 5118 5004
6452 3 2 1 2 4626 4562 4394 4514
6453 3 2 1 2 4822 4681 4466 4619
6454 3 2 1 2 5936 6061 6106 6019
6455 3 2 1 2 5079 4884 4846 5199
6456 3 2 1 2 4718 4556 4376 4524
6457 3 2 1 2 6925 7098 7294 6836
6458 3 2 1 2 4948 4776 5119 5009
6459 3 2 1 2 5846 5945 6088 6009
6460 3 2 1 2 6285 6212 6081 6158
6461 3 2 1 2 4629 4531 4286 4450
6462 3 2 1 2 5913 6002 6061 5936
6463 3 2 1 2 4709 4532 4439 4560
6464 3 2 1 2 4879 4167 580 581
6465 3 2 1 2 4925 5071 4855 5019
6466 3 2 1 2 5553 5462 4209 5369
6467 3 2 1 2 4899 582 583 4790
6468 3 2 1 2 5641 5518 5336 5436
6469 3 2 1 2 5572 5606 5705 5640
6470 3 2 1 2 5356 5213 5060 5289
6471 3 2 1 2 7309 7180 7096 7330
6472 3 2 1 2 5883 5700 5604 5824
6473 3 2 1 2 5137 5337 5483 5250
6474 3 2 1 2 4552 4367 4208 4402
6475 3 2 1 2 5477 5350 5147 5282
6476 3 2 1 2 5335 5295 5146 5275
6477 3 2 1 2 4628 4480 4295 4449
6478 3 2 1 2 4987 4845 4656 4808
6479 3 2 1 2 4823 4458 4286 4531
6480 3 2 1 2 5782 5701 308 309
6481 3 2 1 2 4808 4656 4531 4629
6482 3 2 1 2 6561 6288 6198 6331
6483 3 2 1 2 5034 5229 5410 5306
6484 3 2 1 2 5267 5367 5181 5302
6485 3 2 1 2 5391 5241 5050 5214
6486 3 2 1 2 4907 4756 4635 4451
6487 3 2 1 2 6145 6057 313 314
6488 3 2 1 2 7463 7381 7172 7232
6489 3 2 1 2 4552 4402 4533 4580
6490 3 2 1 2 6117 6496 6427 6170
6491 3 2 1 2 5287 4209 577 578
6492 3 2 1 2 5731 306 307 5725
6493 3 2 1 2 6045 6138 6303 6226
6494 3 2 1 2 5167 4963 4857 5075
6495 3 2 1 2 4729 4809 4725 4597
6496 3 2 1 2 4533 4402 4208 4303
6497 3 2 1 2 4595 4457 4295 4480
6498 3 2 1 2 5019 4855 4680 4771
6499 3 2 1 2 5380 5461 5514 5424
6500 3 2 1 2 7352 7452 7182 7359
6501 3 2 1 2 6143 6025 315 316
6502 3 2 1 2 5189 4966 4845 5050
6503 3 2 1 2 4580 4570 4454 4552
6504 3 2 1 2 5052 4998 4840 5159
6505 3 2 1 2 4724 4572 4440 4535
6506 3 2 1 2 5287 578 579 5273
6507 3 2 1 2 5732 5697 571 572
6508 3 2 1 2 5447 5532 5723 5665
6509 3 2 1 2 4556 4770 4917 4724
6510 3 2 1 2 4852 4690 4635 4756
6511 3 2 1 2 7077 7082 4214 6943
6512 3 2 1 2 4535 4376 4556 4724
6513 3 2 1 2 4594 4857 4807 4679
6514 3 2 1 2 5994 5959 566 567
6515 3 2 1 2 7023 7270 7133 6777
6516 3 2 1 2 92 4957 5058 4
6517 3 2 1 2 5564 575 576 5462
6518 3 2 1 2 4981 4883 4700 4792
6519 3 2 1 2 6286 6258 560 561
6520 3 2 1 2 6062 312 313 6057
6521 3 2 1 2 4788 4734 4595 4660
6522 3 2 1 2 5010 4909 4832 4779
6523 3 2 1 2 5303 5400 5296 5200
6524 3 2 1 2 5852 5867 6002 5913
6525 3 2 1 2 4411 4313 4422 4490
6526 3 2 1 2 5348 5174 5206 5322
6527 3 2 1 2 4572 4757 4908 4712
6528 3 2 1 2 4952 5121 5138 5036
6529 3 2 1 2 5405 5500 5671 5580
6530 3 2 1 2 5755 5784 5900 5830
6531 3 2 1 2 6857 6673 548 549
6532 3 2 1 2 4876 5056 5214 4987
6533 3 2 1 2 5528 4142 573 574
6534 3 2 1 2 5423 5605 5690 5639
6535 3 2 1 2 5783 4183 568 569
6536 3 2 1 2 4813 4573 4232 4731
6537 3 2 1 2 6735 6583 536 537
6538 3 2 1 2 7116 6969 540 541
6539 3 2 1 2 4994 4863 4716 4821
6540 3 2 1 2 6115 4141 562 563
6541 3 2 1 2 5200 5296 5182 5087
6542 3 2 1 2 6324 4184 557 558
6543 3 2 1 2 6457 4210 554 555
6544 3 2 1 2 6712 4140 550 551
6545 3 2 1 2 5650 5507 5393 5558
6546 3 2 1 2 7117 6978 528 529
6547 3 2 1 2 5560 5435 5238 5386
6548 3 2 1 2 6736 6584 524 525
6549 3 2 1 2 6811 4185 545 546
6550 3 2 1 2 7074 4211 542 543
6551 3 2 1 2 6145 314 315 6025
6552 3 2 1 2 6989 4139 538 539
6553 3 2 1 2 6991 6844 516 517
6554 3 2 1 2 6696 4186 533 534
6555 3 2 1 2 5386 5238 5048 5192
6556 3 2 1 2 6637 6515 512 513
6557 3 2 1 2 6935 4212 530 531
6558 3 2 1 2 6990 4138 526 527
6559 3 2 1 2 6697 4187 521 522
6560 3 2 1 2 6936 4213 518 519
6561 3 2 1 2 6858 4137 514 515
6562 3 2 1 2 6605 4188 509 510
6563 3 2 1 2 7118 6899 500 501
6564 3 2 1 2 6819 4214 506 507
6565 3 2 1 2 7257 4136 502 503
6566 3 2 1 2 5275 5535 5430 5335
6567 3 2 1 2 7063 4189 497 498
6568 3 2 1 2 7119 6904 488 489
6569 3 2 1 2 7371 4215 494 495
6570 3 2 1 2 5463 5231 5184 5371
6571 3 2 1 2 7357 4135 490 491
6572 3 2 1 2 6481 6410 321 322
6573 3 2 1 2 6644 6609 6714 6727
6574 3 2 1 2 7485 7434 480 481
6575 3 2 1 2 7064 4190 485 486
6576 3 2 1 2 7317 4216 482 483
6577 3 2 1 2 4410 4369 4272 4196
6578 3 2 1 2 7258 7037 476 477
6579 3 2 1 2 5291 5167 5075 5175
6580 3 2 1 2 7436 4134 478 479
6581 3 2 1 2 5471 5361 5154 5278
6582 3 2 1 2 7201 4191 473 474
6583 3 2 1 2 7508 7506 468 469
6584 3 2 1 2 7411 4217 470 471
6585 3 2 1 2 4974 4952 4761 4891
6586 3 2 1 2 7509 4133 466 467
6587 3 2 1 2 7437 7304 464 465
6588 3 2 1 2 6214 6146 6226 6220
6589 3 2 1 2 7410 4192 461 462
6590 3 2 1 2 5231 5039 4936 5184
6591 3 2 1 2 5831 570 571 5697
6592 3 2 1 2 5020 5116 5302 5181
6593 3 2 1 2 7511 4218 458 459
6594 3 2 1 2 7438 7351 456 457
6595 3 2 1 2 7120 6901 452 453
6596 3 2 1 2 7358 4132 454 455
6597 3 2 1 2 7065 4193 449 450
6598 3 2 1 2 7486 7481 444 445
6599 3 2 1 2 7318 4219 446 447
6600 3 2 1 2 7203 7040 439 440
6601 3 2 1 2 7487 4131 442 443
6602 3 2 1 2 7202 4169 436 437
6603 3 2 1 2 7412 4220 433 434
6604 3 2 1 2 7359 4130 429 430
6605 3 2 1 2 7439 7352 431 432
6606 3 2 1 2 6927 6820 426 427
6607 3 2 1 2 6699 6569 342 343
6608 3 2 1 2 6859 4168 423 424
6609 3 2 1 2 6482 6387 323 324
6610 3 2 1 2 7200 7396 7247 7231
6611 3 2 1 2 6527 6432 420 421
6612 3 2 1 2 6737 6632 327 328
6613 3 2 1 2 6612 4129 416 417
6614 3 2 1 2 6860 6815 414 415
6615 3 2 1 2 6992 6979 412 413
6616 3 2 1 2 6993 4170 410 411
6617 3 2 1 2 7259 7103 334 335
6618 3 2 1 2 6606 6499 407 408
6619 3 2 1 2 7126 7069 336 337
6620 3 2 1 2 6994 6930 401 402
6621 3 2 1 2 7121 7105 399 400
6622 3 2 1 2 7263 7039 349 350
6623 3 2 1 2 6928 6768 355 356
6624 3 2 1 2 6698 6571 394 395
6625 3 2 1 2 6708 4128 403 404
6626 3 2 1 2 7122 4172 397 398
6627 3 2 1 2 6822 4127 390 391
6628 3 2 1 2 7123 7070 388 389
6629 3 2 1 2 6701 6600 329 330
6630 3 2 1 2 7261 7106 386 387
6631 3 2 1 2 7260 7104 347 348
6632 3 2 1 2 7124 4171 384 385
6633 3 2 1 2 6700 6570 381 382
6634 3 2 1 2 6812 6660 368 369
6635 3 2 1 2 7125 7071 375 376
6636 3 2 1 2 7262 7245 373 374
6637 3 2 1 2 6823 4126 377 378
6638 3 2 1 2 7360 7353 360 361
6639 3 2 1 2 7265 7206 362 363
6640 3 2 1 2 7264 4173 371 372
6641 3 2 1 2 6937 4125 364 365
6642 3 2 1 2 7361 4175 358 359
6643 3 2 1 2 7066 4124 351 352
6644 3 2 1 2 7127 4174 345 346
6645 3 2 1 2 5192 5048 4863 4994
6646 3 2 1 2 6821 4123 338 339
6647 3 2 1 2 5861 5996 5919 5822
6648 3 2 1 2 6149 564 565 6058
6649 3 2 1 2 7128 4176 332 333
6650 3 2 1 2 6062 4121 311 312
6651 3 2 1 2 6417 4177 319 320
6652 3 2 1 2 6638 4122 325 326
6653 3 2 1 2 6355 559 560 6258
6654 3 2 1 2 5731 4178 305 306
6655 3 2 1 2 4378 4484 4639 4430
6656 3 2 1 2 6065 5912 5825 5982
6657 3 2 1 2 5383 4120 297 298
6658 3 2 1 2 6739 552 553 6628
6659 3 2 1 2 4935 4755 4680 4855
6660 3 2 1 2 5397 5466 5414 5240
6661 3 2 1 2 6865 547 548 6673
6662 3 2 1 2 5732 572 573 4142
6663 3 2 1 2 5359 5502 5418 5260
6664 3 2 1 2 5994 567 568 4183
6665 3 2 1 2 6740 535 536 6583
6666 3 2 1 2 6989 539 540 6969
6667 3 2 1 2 6286 561 562 4141
6668 3 2 1 2 6483 556 557 4184
6669 3 2 1 2 6857 549 550 4140
6670 3 2 1 2 6990 527 528 6978
6671 3 2 1 2 5751 5846 6009 5922
6672 3 2 1 2 5646 5558 5393 5479
6673 3 2 1 2 6741 523 524 6584
6674 3 2 1 2 7134 544 545 4185
6675 3 2 1 2 7116 541 542 4211
6676 3 2 1 2 6735 537 538 4139
6677 3 2 1 2 6858 515 516 6844
6678 3 2 1 2 4757 4940 5116 4908
6679 3 2 1 2 7000 532 533 4186
6680 3 2 1 2 6640 511 512 6515
6681 3 2 1 2 7117 529 530 4212
6682 3 2 1 2 6736 525 526 4138
6683 3 2 1 2 7001 520 521 4187
6684 3 2 1 2 6991 517 518 4213
6685 3 2 1 2 6637 513 514 4137
6686 3 2 1 2 5814 5736 5515 5643
6687 3 2 1 2 7257 503 504 7228
6688 3 2 1 2 6866 508 509 4188
6689 3 2 1 2 7135 499 500 6899
6690 3 2 1 2 7118 501 502 4136
6691 3 2 1 2 7343 496 497 4189
6692 3 2 1 2 7357 491 492 7350
6693 3 2 1 2 7136 487 488 6904
6694 3 2 1 2 5196 5044 4870 4991
6695 3 2 1 2 7119 489 490 4135
6696 3 2 1 2 6081 6138 6001 5883
6697 3 2 1 2 6150 5995 5918 6068
6698 3 2 1 2 6417 320 321 6410
6699 3 2 1 2 7436 479 480 7434
6700 3 2 1 2 7372 484 485 4190
6701 3 2 1 2 7485 481 482 4216
6702 3 2 1 2 7268 475 476 7037
6703 3 2 1 2 7258 477 478 4134
6704 3 2 1 2 6413 6320 6196 6284
6705 3 2 1 2 7444 472 473 4191
6706 3 2 1 2 7509 467 468 7506
6707 3 2 1 2 7508 469 470 4217
6708 3 2 1 2 7437 465 466 4133
6709 3 2 1 2 7445 463 464 7304
6710 3 2 1 2 7504 460 461 4192
6711 3 2 1 2 7438 457 458 4218
6712 3 2 1 2 5479 5288 5186 5385
6713 3 2 1 2 7358 455 456 7351
6714 3 2 1 2 7137 451 452 6901
6715 3 2 1 2 7120 453 454 4132
6716 3 2 1 2 7373 448 449 4193
6717 3 2 1 2 7487 443 444 7481
6718 3 2 1 2 6356 6286 4141 6193
6719 3 2 1 2 7486 445 446 4219
6720 3 2 1 2 7269 438 439 7040
6721 3 2 1 2 6009 6088 6240 6168
6722 3 2 1 2 5288 5040 4935 5186
6723 3 2 1 2 7221 7285 7154 7072
6724 3 2 1 2 4449 4295 4274 4229
6725 3 2 1 2 7446 435 436 4169
6726 3 2 1 2 7439 432 433 4220
6727 3 2 1 2 7359 430 431 7352
6728 3 2 1 2 6859 424 425 6847
6729 3 2 1 2 4771 4680 4636 4401
6730 3 2 1 2 6481 322 323 6387
6731 3 2 1 2 6642 418 419 6549
6732 3 2 1 2 6638 326 327 6632
6733 3 2 1 2 6860 415 416 4129
6734 3 2 1 2 6992 413 414 6815
6735 3 2 1 2 6993 411 412 6979
6736 3 2 1 2 7128 333 334 7103
6737 3 2 1 2 6872 340 341 6729
6738 3 2 1 2 6743 405 406 6633
6739 3 2 1 2 7259 335 336 7069
6740 3 2 1 2 7121 400 401 6930
6741 3 2 1 2 7122 398 399 7105
6742 3 2 1 2 7260 348 349 7039
6743 3 2 1 2 6868 392 393 6730
6744 3 2 1 2 7123 389 390 4127
6745 3 2 1 2 6994 402 403 4128
6746 3 2 1 2 7261 387 388 7070
6747 3 2 1 2 6737 328 329 6600
6748 3 2 1 2 7124 385 386 7106
6749 3 2 1 2 7127 346 347 7104
6750 3 2 1 2 7141 353 354 6980
6751 3 2 1 2 6871 379 380 6731
6752 3 2 1 2 7262 374 375 7071
6753 3 2 1 2 7264 372 373 7245
6754 3 2 1 2 7125 376 377 4126
6755 3 2 1 2 7004 366 367 6848
6756 3 2 1 2 7361 359 360 7353
6757 3 2 1 2 7360 361 362 7206
6758 3 2 1 2 5732 4142 5528 5612
6759 3 2 1 2 5912 5750 5650 5825
6760 3 2 1 2 7265 363 364 4125
6761 3 2 1 2 7263 350 351 4124
6762 3 2 1 2 5152 5078 5085 5143
6763 3 2 1 2 7126 337 338 4123
6764 3 2 1 2 4463 4357 4273 4298
6765 3 2 1 2 6192 318 319 4177
6766 3 2 1 2 6482 324 325 4122
6767 3 2 1 2 4281 4181 68 69
6768 3 2 1 2 5190 296 297 4120
6769 3 2 1 2 5308 5407 5583 5496
6770 3 2 1 2 7093 6941 6886 6688
6771 3 2 1 2 5265 5246 5045 5187
6772 3 2 1 2 7031 6857 4140 6841
6773 3 2 1 2 7249 7134 4185 6934
6774 3 2 1 2 5994 4183 5783 5866
6775 3 2 1 2 5838 5746 5687 5789
6776 3 2 1 2 78 79 4804 4672
6777 3 2 1 2 7107 7000 4186 6805
6778 3 2 1 2 7145 7001 4187 6807
6779 3 2 1 2 4457 4359 4274 4295
6780 3 2 1 2 76 77 4811 4705
6781 3 2 1 2 6528 6447 6495 6659
6782 3 2 1 2 7014 6866 4188 6675
6783 3 2 1 2 5372 5290 5171 5373
6784 3 2 1 2 7396 7135 6899 7247
6785 3 2 1 2 6145 6025 6143 6196
6786 3 2 1 2 7492 7444 4191 7312
6787 3 2 1 2 7505 7508 4217 7473
6788 3 2 1 2 6476 6414 6297 6321
6789 3 2 1 2 7443 7269 7040 7323
6790 3 2 1 2 7498 7446 4169 7320
6791 3 2 1 2 5214 5050 4845 4987
6792 3 2 1 2 6483 4184 6324 6395
6793 3 2 1 2 4804 5114 5201 4942
6794 3 2 1 2 6628 4210 6457 6567
6795 3 2 1 2 5288 5284 5136 5040
6796 3 2 1 2 7284 7125 4126 6957
6797 3 2 1 2 6896 6841 4140 6712
6798 3 2 1 2 5311 5387 5249 5143
6799 3 2 1 2 7116 4211 7074 7276
6800 3 2 1 2 7464 7315 7181 7355
6801 3 2 1 2 5319 5199 5141 5235
6802 3 2 1 2 7117 4212 6935 7143
6803 3 2 1 2 287 288 4163 4534
6804 3 2 1 2 7115 6896 6687 6945
6805 3 2 1 2 7362 7247 6899 7118
6806 3 2 1 2 6060 5988 5778 5909
6807 3 2 1 2 6413 6284 6297 6414
6808 3 2 1 2 7132 6865 6673 6947
6809 3 2 1 2 4149 4286 4364 4280
6810 3 2 1 2 6983 6818 6600 6701
6811 3 2 1 2 4755 4669 4636 4680
6812 3 2 1 2 4460 4356 4270 4370
6813 3 2 1 2 7334 7331 7042 7266
6814 3 2 1 2 6997 6740 6583 6806
6815 3 2 1 2 4884 4817 4767 4846
6816 3 2 1 2 7389 7320 4169 7202
6817 3 2 1 2 7126 4123 6821 6955
6818 3 2 1 2 6998 6741 6584 6803
6819 3 2 1 2 6732 6636 6432 6527
6820 3 2 1 2 6161 6196 6320 6416
6821 3 2 1 2 6985 6854 6569 6699
6822 3 2 1 2 6860 4129 6612 6718
6823 3 2 1 2 6853 6734 6499 6606
6824 3 2 1 2 6994 4128 6708 6788
6825 3 2 1 2 6984 6855 6571 6698
6826 3 2 1 2 6862 6640 6515 6692
6827 3 2 1 2 4661 4620 4443 4627
6828 3 2 1 2 7123 4127 6822 6956
6829 3 2 1 2 6731 6570 6700 6856
6830 3 2 1 2 7265 4125 6937 7086
6831 3 2 1 2 7113 6988 6660 6812
6832 3 2 1 2 6401 6372 6357 6257
6833 3 2 1 2 4878 4988 5191 5091
6834 3 2 1 2 7442 7268 7037 7310
6835 3 2 1 2 5997 5600 5565 5733
6836 3 2 1 2 7139 6838 6678 6974
6837 3 2 1 2 5015 4836 4826 4895
6838 3 2 1 2 5210 5111 5013 4954
6839 3 2 1 2 7130 7207 7095 6917
6840 3 2 1 2 6830 6649 6530 6749
6841 3 2 1 2 5558 5646 5838 5730
6842 3 2 1 2 7267 6992 6815 7165
6843 3 2 1 2 6768 7279 7141 6980
6844 3 2 1 2 7363 7121 6930 7295
6845 3 2 1 2 7490 7416 7256 7383
6846 3 2 1 2 7489 7418 7203 7374
6847 3 2 1 2 5435 5560 5744 5643
6848 3 2 1 2 6567 7174 7016 6809
6849 3 2 1 2 7441 7262 7071 7397
6850 3 2 1 2 7488 7360 7206 7459
6851 3 2 1 2 7369 7246 6986 7149
6852 3 2 1 2 7031 6947 6673 6857
6853 3 2 1 2 74 4445 4529 73
6854 3 2 1 2 7012 6806 6583 6735
6855 3 2 1 2 5580 5671 5832 5752
6856 3 2 1 2 7013 6803 6584 6736
6857 3 2 1 2 5493 5569 5478 5330
6858 3 2 1 2 6877 6692 6515 6637
6859 3 2 1 2 7388 7240 7144 7290
6860 3 2 1 2 4991 4681 4822 4869
6861 3 2 1 2 5172 5237 5171 5201
6862 3 2 1 2 7136 6904 7119 7220
6863 3 2 1 2 6007 5899 5808 5682
6864 3 2 1 2 4442 4476 4642 4448
6865 3 2 1 2 5461 5631 5724 5514
6866 3 2 1 2 7448 7310 7037 7258
6867 3 2 1 2 7445 7304 7437 7475
6868 3 2 1 2 5953 6065 6084 5990
6869 3 2 1 2 7137 6901 7120 7209
6870 3 2 1 2 4534 4627 4443 4267
6871 3 2 1 2 5296 5400 5579 5487
6872 3 2 1 2 7021 7165 6815 6860
6873 3 2 1 2 7152 7295 6930 6994
6874 3 2 1 2 5724 5614 5562 5514
6875 3 2 1 2 7284 7397 7071 7125
6876 3 2 1 2 7385 7459 7206 7265
6877 3 2 1 2 5835 5995 6043 5860
6878 3 2 1 2 7447 7238 7042 7331
6879 3 2 1 2 4877 5006 5023 4864
6880 3 2 1 2 6214 6021 5965 6146
6881 3 2 1 2 6840 7108 6940 7296
6882 3 2 1 2 5015 4895 4810 4997
6883 3 2 1 2 4623 4464 4319 4411
6884 3 2 1 2 5502 5438 5399 5492
6885 3 2 1 2 5300 5245 5044 5196
6886 3 2 1 2 4465 4734 4596 4544
6887 3 2 1 2 4377 4481 4641 4446
6888 3 2 1 2 5807 5692 5648 5753
6889 3 2 1 2 6214 6112 6241 6224
6890 3 2 1 2 5415 5319 5235 5375
6891 3 2 1 2 5026 5181 5367 5282
6892 3 2 1 2 4709 4698 100 101
6893 3 2 1 2 7472 7520 7490 7405
6894 3 2 1 2 5182 5296 5487 5382
6895 3 2 1 2 6550 6518 6494 6381
6896 3 2 1 2 4733 4700 4883 4824
6897 3 2 1 2 5860 5733 5652 5835
6898 3 2 1 2 7435 7491 7518 7324
6899 3 2 1 2 5141 5199 4846 5089
6900 3 2 1 2 5887 5615 5757 5773
6901 3 2 1 2 88 5908 4956 87
6902 3 2 1 2 7274 7458 7402 7183
6903 3 2 1 2 4714 4616 4392 4508
6904 3 2 1 2 4363 4281 69 70
6905 3 2 1 2 7198 7054 6931 7384
6906 3 2 1 2 4463 4414 4165 4357
6907 3 2 1 2 5337 5524 5577 5483
6908 3 2 1 2 5922 6009 6168 6082
6909 3 2 1 2 5701 5792 5731 5725
6910 3 2 1 2 6021 5900 5784 5965
6911 3 2 1 2 5604 5734 5917 5824
6912 3 2 1 2 5682 5536 5503 5662
6913 3 2 1 2 5729 5693 5655 5672
6914 3 2 1 2 5995 5835 5749 5918
6915 3 2 1 2 4916 4751 4722 4713
6916 3 2 1 2 6944 7296 6940 7115
6917 3 2 1 2 5206 4944 4199 5090
6918 3 2 1 2 6911 7254 7380 7094
6919 3 2 1 2 5575 5467 5636 5747
6920 3 2 1 2 6520 6645 6614 6753
6921 3 2 1 2 5643 5515 5475 5435
6922 3 2 1 2 5100 4898 4753 5007
6923 3 2 1 2 4268 4459 4408 4363
6924 3 2 1 2 4872 4911 4803 4751
6925 3 2 1 2 6738 6603 6445 6516
6926 3 2 1 2 5550 5911 89 4955
6927 3 2 1 2 5054 4858 4804 4942
6928 3 2 1 2 5736 5814 5930 5935
6929 3 2 1 2 4529 4159 72 73
6930 3 2 1 2 5579 5654 5559 5487
6931 3 2 1 2 4983 4900 4788 4848
6932 3 2 1 2 4457 4465 4160 4359
6933 3 2 1 2 6115 6231 6193 4141
6934 3 2 1 2 5559 5654 5839 5734
6935 3 2 1 2 5668 5751 5654 5579
6936 3 2 1 2 4545 4230 4360 4544
6937 3 2 1 2 5921 6078 6154 6004
6938 3 2 1 2 4539 4275 4361 4404
6939 3 2 1 2 6777 6973 6760 6759
6940 3 2 1 2 6326 6427 6496 6148
6941 3 2 1 2 6811 6953 6934 4185
6942 3 2 1 2 4903 4366 4276 4379
6943 3 2 1 2 5285 5401 5461 5380
6944 3 2 1 2 5970 5790 5685 5872
6945 3 2 1 2 6696 6874 6805 4186
6946 3 2 1 2 7476 7328 7058 7403
6947 3 2 1 2 6232 6149 6058 6166
6948 3 2 1 2 5172 5244 5339 5237
6949 3 2 1 2 4895 4826 4616 4714
6950 3 2 1 2 6697 6846 6807 4187
6951 3 2 1 2 6605 6747 6675 4188
6952 3 2 1 2 6819 6967 6943 4214
6953 3 2 1 2 7372 4190 7222 7212
6954 3 2 1 2 7201 7382 7312 4191
6955 3 2 1 2 4363 70 71 4268
6956 3 2 1 2 7411 7484 7473 4217
6957 3 2 1 2 4684 4898 4989 4767
6958 3 2 1 2 5824 5917 6074 5993
6959 3 2 1 2 4499 4379 4276 4365
6960 3 2 1 2 7504 4192 7478 7474
6961 3 2 1 2 6298 6206 6165 5962
6962 3 2 1 2 7373 4193 7274 7183
6963 3 2 1 2 7486 4219 7465 7461
6964 3 2 1 2 4605 4640 4606 4665
6965 3 2 1 2 7412 7497 7471 4220
6966 3 2 1 2 4687 4623 4411 4490
6967 3 2 1 2 5625 5482 5600 5685
6968 3 2 1 2 4723 4368 4279 4454
6969 3 2 1 2 6944 7404 6840 7296
6970 3 2 1 2 7263 4124 7275 7187
6971 3 2 1 2 4459 4632 4486 4408
6972 3 2 1 2 6004 6079 5999 5923
6973 3 2 1 2 5625 5375 5235 5482
6974 3 2 1 2 6068 5918 5841 5999
6975 3 2 1 2 633 4235 4270 632
6976 3 2 1 2 5461 5401 84 4958
6977 3 2 1 2 6820 6971 6859 6847
6978 3 2 1 2 6763 6642 6549 6574
6979 3 2 1 2 5872 6029 6152 5970
6980 3 2 1 2 7028 6872 6729 6769
6981 3 2 1 2 6889 6743 6633 6665
6982 3 2 1 2 7029 6868 6730 6772
6983 3 2 1 2 6692 6877 7007 6976
6984 3 2 1 2 5282 5367 5575 5477
6985 3 2 1 2 6020 6361 6281 6195
6986 3 2 1 2 7161 7004 6848 6897
6987 3 2 1 2 5367 5267 5467 5575
6988 3 2 1 2 4552 4454 4279 4367
6989 3 2 1 2 5477 5575 5747 5644
6990 3 2 1 2 6277 6343 6388 6425
6991 3 2 1 2 4648 4925 5019 4871
6992 3 2 1 2 5654 5751 5922 5839
6993 3 2 1 2 5397 5240 5175 5189
6994 3 2 1 2 5744 5560 5489 5656
6995 3 2 1 2 5121 5054 5171 5290
6996 3 2 1 2 4898 5100 5203 4989
6997 3 2 1 2 4891 4761 4659 4717
6998 3 2 1 2 4459 4268 4159 4296
6999 3 2 1 2 83 84 5401 5285
7000 3 2 1 2 5424 5480 5373 5339
7001 3 2 1 2 5576 5395 5301 5494
7002 3 2 1 2 5560 5386 5298 5489
7003 3 2 1 2 5315 5180 5083 5190
7004 3 2 1 2 5881 5970 6152 6067
7005 3 2 1 2 6169 5984 5881 6067
7006 3 2 1 2 4575 4530 4430 4639
7007 3 2 1 2 4989 5203 5283 5089
7008 3 2 1 2 94 4959 5097 93
7009 3 2 1 2 5481 5283 5203 5395
7010 3 2 1 2 5619 5712 5763 5632
7011 3 2 1 2 6082 6168 6305 6236
7012 3 2 1 2 5063 97 98 4953
7013 3 2 1 2 5386 5192 5106 5298
7014 3 2 1 2 5749 5576 5494 5658
7015 3 2 1 2 5800 5690 5879 5920
7016 3 2 1 2 5116 4940 5153 5302
7017 3 2 1 2 4455 4181 4281 4300
7018 3 2 1 2 5798 5674 5533 5691
7019 3 2 1 2 6468 6424 6364 6260
7020 3 2 1 2 291 4762 4796 290
7021 3 2 1 2 5981 6026 5975 5865
7022 3 2 1 2 5835 5652 5576 5749
7023 3 2 1 2 4379 4499 4594 4679
7024 3 2 1 2 5600 5482 5381 5565
7025 3 2 1 2 5414 5291 5175 5240
7026 3 2 1 2 5929 5831 5697 5818
7027 3 2 1 2 5371 5430 5570 5463
7028 3 2 1 2 6778 6977 6894 6576
7029 3 2 1 2 5507 5474 5284 5393
7030 3 2 1 2 5404 5208 5108 5308
7031 3 2 1 2 7489 7414 7516 7527
7032 3 2 1 2 4560 4439 4720 4684
7033 3 2 1 2 6428 6355 6258 6353
7034 3 2 1 2 5652 5481 5395 5576
7035 3 2 1 2 4912 5017 5212 5106
7036 3 2 1 2 5839 5922 6082 6003
7037 3 2 1 2 5566 5664 5840 5739
7038 3 2 1 2 5734 5839 6003 5917
7039 3 2 1 2 5479 5393 5284 5288
7040 3 2 1 2 5733 5565 5481 5652
7041 3 2 1 2 5838 5646 5573 5746
7042 3 2 1 2 7430 7422 7400 7179
7043 3 2 1 2 5833 5608 5645 5741
7044 3 2 1 2 4485 4463 4298 4394
7045 3 2 1 2 5860 6043 6144 6056
7046 3 2 1 2 6065 5953 5909 5912
7047 3 2 1 2 5789 5864 5730 5838
7048 3 2 1 2 5646 5479 5385 5573
7049 3 2 1 2 7175 7361 7353 7432
7050 3 2 1 2 5192 4994 4912 5106
7051 3 2 1 2 4719 4445 74 75
7052 3 2 1 2 4691 4743 4562 4626
7053 3 2 1 2 4391 4355 4194 4504
7054 3 2 1 2 5350 5538 5673 5491
7055 3 2 1 2 6156 6060 5909 5953
7056 3 2 1 2 4648 4871 4830 4570
7057 3 2 1 2 5841 5658 5578 5748
7058 3 2 1 2 6993 6979 6992 7101
7059 3 2 1 2 4458 4823 4594 4499
7060 3 2 1 2 7122 7105 7121 7195
7061 3 2 1 2 7488 7432 7353 7360
7062 3 2 1 2 7264 7245 7262 7322
7063 3 2 1 2 7479 7438 4218 7503
7064 3 2 1 2 5011 5036 5198 5110
7065 3 2 1 2 7093 7159 6969 7116
7066 3 2 1 2 5301 5100 5007 5208
7067 3 2 1 2 4329 4439 4532 4117
7068 3 2 1 2 4777 4715 4562 4743
7069 3 2 1 2 7170 6881 4138 6990
7070 3 2 1 2 6035 5874 5934 5942
7071 3 2 1 2 7244 7109 7293 6711
7072 3 2 1 2 7077 6943 6967 7301
7073 3 2 1 2 4444 4296 4159 4529
7074 3 2 1 2 7354 7189 4135 7357
7075 3 2 1 2 7512 7482 7434 7485
7076 3 2 1 2 7496 7306 4134 7436
7077 3 2 1 2 5494 5301 5208 5404
7078 3 2 1 2 7513 4133 7509 7502
7079 3 2 1 2 7524 7503 4218 7511
7080 3 2 1 2 7479 7460 7351 7438
7081 3 2 1 2 6757 6632 6737 6756
7082 3 2 1 2 7468 7205 4132 7358
7083 3 2 1 2 5392 5497 5664 5566
7084 3 2 1 2 6481 6387 6482 6545
7085 3 2 1 2 6646 4122 6638 6502
7086 3 2 1 2 7344 7251 7103 7259
7087 3 2 1 2 5781 5693 5729 6090
7088 3 2 1 2 7452 7352 7439 7440
7089 3 2 1 2 6987 7102 7018 6895
7090 3 2 1 2 7348 7252 7104 7260
7091 3 2 1 2 7345 7253 7106 7261
7092 3 2 1 2 4767 4989 5089 4846
7093 3 2 1 2 7129 6911 6769 6854
7094 3 2 1 2 5106 5212 5405 5298
7095 3 2 1 2 6861 6678 6574 6636
7096 3 2 1 2 6995 6796 6665 6734
7097 3 2 1 2 7130 6917 6772 6855
7098 3 2 1 2 7131 6903 6770 6856
7099 3 2 1 2 5562 5556 5459 5480
7100 3 2 1 2 7266 7042 6897 6988
7101 3 2 1 2 5917 6003 6155 6074
7102 3 2 1 2 7222 7167 7054 7212
7103 3 2 1 2 630 4196 4272 629
7104 3 2 1 2 5395 5203 5100 5301
7105 3 2 1 2 5383 5374 5552 5439
7106 3 2 1 2 5110 5025 4904 5011
7107 3 2 1 2 4455 4300 4408 4486
7108 3 2 1 2 5202 5310 5497 5392
7109 3 2 1 2 5879 5690 5605 5829
7110 3 2 1 2 6003 6082 6236 6155
7111 3 2 1 2 4659 4761 5011 4904
7112 3 2 1 2 6880 7299 7159 6968
7113 3 2 1 2 5298 5405 5580 5489
7114 3 2 1 2 5921 6004 5923 5842
7115 3 2 1 2 629 4272 4273 628
7116 3 2 1 2 6369 7027 6883 6382
7117 3 2 1 2 7429 7292 7153 7375
7118 3 2 1 2 5489 5580 5752 5656
7119 3 2 1 2 5442 5466 5488 5349
7120 3 2 1 2 5147 5350 5491 5300
7121 3 2 1 2 5664 5761 5790 5840
7122 3 2 1 2 4997 4810 4646 4920
7123 3 2 1 2 4408 4300 4281 4363
7124 3 2 1 2 7249 7155 6948 7300
7125 3 2 1 2 6231 6359 6408 6296
7126 3 2 1 2 4803 4726 4578 4677
7127 3 2 1 2 7094 7028 6769 6911
7128 3 2 1 2 6838 6763 6574 6678
7129 3 2 1 2 5503 5376 5245 5341
7130 3 2 1 2 6965 6889 6665 6796
7131 3 2 1 2 6322 6349 6302 6203
7132 3 2 1 2 7095 7029 6772 6917
7133 3 2 1 2 7096 7030 6770 6903
7134 3 2 1 2 7238 7161 6897 7042
7135 3 2 1 2 7024 6761 6758 6801
7136 3 2 1 2 5208 5007 4836 5108
7137 3 2 1 2 5283 5481 5565 5381
7138 3 2 1 2 7236 7303 7150 7388
7139 3 2 1 2 5605 5423 5392 5566
7140 3 2 1 2 5077 5120 5010 4965
7141 3 2 1 2 6968 7163 7005 6880
7142 3 2 1 2 6268 6223 6222 6340
7143 3 2 1 2 4812 4666 4628 4569
7144 3 2 1 2 5794 5617 5675 5680
7145 3 2 1 2 5089 5283 5381 5141
7146 3 2 1 2 624 4229 4274 623
7147 3 2 1 2 5015 5069 5271 5211
7148 3 2 1 2 7501 7450 7347 7060
7149 3 2 1 2 6752 6629 6565 6396
7150 3 2 1 2 4719 75 76 4705
7151 3 2 1 2 5091 4982 4910 4878
7152 3 2 1 2 5625 5685 5790 5761
7153 3 2 1 2 4905 4814 4620 4661
7154 3 2 1 2 5840 5881 5829 5739
7155 3 2 1 2 6162 5963 4121 6062
7156 3 2 1 2 5736 5849 5789 5687
7157 3 2 1 2 4369 4514 4394 4298
7158 3 2 1 2 5514 5562 5480 5424
7159 3 2 1 2 5205 5041 4993 5102
7160 3 2 1 2 5253 5058 4957 5202
7161 3 2 1 2 5923 5748 5667 5842
7162 3 2 1 2 6345 6419 6368 6272
7163 3 2 1 2 5918 5749 5658 5841
7164 3 2 1 2 4790 4859 4972 4899
7165 3 2 1 2 80 81 5061 5114
7166 3 2 1 2 5730 5864 5982 5825
7167 3 2 1 2 603 5104 4231 602
7168 3 2 1 2 7023 7172 7381 7270
7169 3 2 1 2 6021 6214 6224 6234
7170 3 2 1 2 4717 4659 4566 4558
7171 3 2 1 2 615 4149 4280 614
7172 3 2 1 2 5658 5494 5404 5578
7173 3 2 1 2 300 5352 5374 299
7174 3 2 1 2 597 598 4145 4818
7175 3 2 1 2 5184 5088 5295 5371
7176 3 2 1 2 6078 6241 6147 6154
7177 3 2 1 2 7111 6881 7170 6975
7178 3 2 1 2 5071 5299 5385 5186
7179 3 2 1 2 601 602 4231 5396
7180 3 2 1 2 5879 5829 5881 5984
7181 3 2 1 2 5623 5515 5736 5687
7182 3 2 1 2 4811 4672 4804 4858
7183 3 2 1 2 607 4540 4277 606
7184 3 2 1 2 7389 7255 7191 7451
7185 3 2 1 2 4936 4852 5088 5184
7186 3 2 1 2 4705 4811 4858 4897
7187 3 2 1 2 6529 6654 6716 6630
7188 3 2 1 2 4366 4903 4451 4146
7189 3 2 1 2 599 600 4278 5103
7190 3 2 1 2 6081 6212 6303 6138
7191 3 2 1 2 5099 4944 5206 5174
7192 3 2 1 2 4580 4716 4863 5000
7193 3 2 1 2 4553 4692 4621 4471
7194 3 2 1 2 7251 7305 7178 7286
7195 3 2 1 2 4272 4369 4298 4273
7196 3 2 1 2 7036 7368 7325 7279
7197 3 2 1 2 4818 4906 4731 4232
7198 3 2 1 2 4811 77 78 4672
7199 3 2 1 2 5558 5730 5825 5650
7200 3 2 1 2 5476 5403 5249 5387
7201 3 2 1 2 5578 5404 5308 5496
7202 3 2 1 2 605 4819 4198 604
7203 3 2 1 2 585 4541 4233 584
7204 3 2 1 2 5141 5381 5482 5235
7205 3 2 1 2 5053 4879 4899 4972
7206 3 2 1 2 6617 6754 6658 6531
7207 3 2 1 2 4664 4992 4951 4780
7208 3 2 1 2 4855 5071 5186 4935
7209 3 2 1 2 4486 4576 4633 4493
7210 3 2 1 2 584 4233 4790 583
7211 3 2 1 2 5423 5253 5202 5392
7212 3 2 1 2 4756 4943 5088 4852
7213 3 2 1 2 5632 5577 5524 5619
7214 3 2 1 2 6231 6232 6289 6359
7215 3 2 1 2 7253 7333 7185 7288
7216 3 2 1 2 4329 4266 4392 4820
7217 3 2 1 2 5999 5841 5748 5923
7218 3 2 1 2 7045 7225 7455 7517
7219 3 2 1 2 4990 4906 4818 4145
7220 3 2 1 2 5341 5537 5662 5503
7221 3 2 1 2 7516 7414 4131 7487
7222 3 2 1 2 7391 4130 7359 7182
7223 3 2 1 2 6971 6667 4168 6859
7224 3 2 1 2 7286 6909 4176 7128
7225 3 2 1 2 7101 6775 4170 6993
7226 3 2 1 2 7195 6906 4172 7122
7227 3 2 1 2 7287 6902 4174 7127
7228 3 2 1 2 7149 4171 7124 7288
7229 3 2 1 2 7383 4175 7361 7175
7230 3 2 1 2 7322 7038 4173 7264
7231 3 2 1 2 5864 5789 5849 5877
7232 3 2 1 2 5310 5202 4957 5097
7233 3 2 1 2 5119 4622 4473 4693
7234 3 2 1 2 5516 5659 5590 5426
7235 3 2 1 2 5211 5271 5484 5407
7236 3 2 1 2 4729 4597 4404 4545
7237 3 2 1 2 5748 5578 5496 5667
7238 3 2 1 2 308 5701 5725 307
7239 3 2 1 2 580 4167 5273 579
7240 3 2 1 2 6497 6422 6484 6544
7241 3 2 1 2 5698 5744 5656 5836
7242 3 2 1 2 6678 6861 7142 6974
7243 3 2 1 2 4410 4460 4413 4527
7244 3 2 1 2 5407 5484 5669 5583
7245 3 2 1 2 577 4209 5462 576
7246 3 2 1 2 4760 4911 4872 4996
7247 3 2 1 2 5244 5380 5424 5339
7248 3 2 1 2 7092 6973 6777 7133
7249 3 2 1 2 5218 5153 4940 5098
7250 3 2 1 2 6861 7010 7278 7142
7251 3 2 1 2 4484 4633 4576 4732
7252 3 2 1 2 6603 6738 6876 6852
7253 3 2 1 2 7036 7256 7416 7368
7254 3 2 1 2 4484 4683 4575 4639
7255 3 2 1 2 6569 6854 6769 6729
7256 3 2 1 2 6432 6636 6574 6549
7257 3 2 1 2 6499 6734 6665 6633
7258 3 2 1 2 6571 6855 6772 6730
7259 3 2 1 2 5009 5119 4693 4866
7260 3 2 1 2 6871 6731 6856 6770
7261 3 2 1 2 6660 6988 6897 6848
7262 3 2 1 2 5566 5739 5829 5605
7263 3 2 1 2 566 5959 6058 565
7264 3 2 1 2 5429 5368 5274 5379
7265 3 2 1 2 7190 7420 7429 7375
7266 3 2 1 2 6054 5957 5786 6011
7267 3 2 1 2 4682 4721 4785 4827
7268 3 2 1 2 4470 4593 4548 4405
7269 3 2 1 2 5408 5623 5573 5490
7270 3 2 1 2 5037 5268 5402 5218
7271 3 2 1 2 554 4210 6628 553
7272 3 2 1 2 5491 5341 5245 5300
7273 3 2 1 2 5285 5195 82 83
7274 3 2 1 2 505 7082 7228 504
7275 3 2 1 2 506 4214 7082 505
7276 3 2 1 2 493 7332 7350 492
7277 3 2 1 2 494 4215 7332 493
7278 3 2 1 2 4753 4720 4616 4826
7279 3 2 1 2 6856 6986 7246 7131
7280 3 2 1 2 4735 4730 4630 4546
7281 3 2 1 2 6928 7036 7279 6768
7282 3 2 1 2 7040 7203 7418 7323
7283 3 2 1 2 5926 5898 5961 6087
7284 3 2 1 2 426 6820 6847 425
7285 3 2 1 2 420 6432 6549 419
7286 3 2 1 2 342 6569 6729 341
7287 3 2 1 2 407 6499 6633 406
7288 3 2 1 2 394 6571 6730 393
7289 3 2 1 2 355 6768 6980 354
7290 3 2 1 2 381 6570 6731 380
7291 3 2 1 2 368 6660 6848 367
7292 3 2 1 2 5919 5742 5666 5822
7293 3 2 1 2 7158 7298 7278 7010
7294 3 2 1 2 5017 4912 4730 4787
7295 3 2 1 2 5218 5402 5467 5267
7296 3 2 1 2 6226 6146 5965 6045
7297 3 2 1 2 4904 4774 4566 4659
7298 3 2 1 2 7098 6793 6593 7294
7299 3 2 1 2 5736 5935 5793 5849
7300 3 2 1 2 4925 5163 5299 5071
7301 3 2 1 2 5483 5387 5311 5250
7302 3 2 1 2 5330 5321 5180 5315
7303 3 2 1 2 5733 5860 6056 5997
7304 3 2 1 2 5911 5908 88 89
7305 3 2 1 2 4841 4999 4834 4651
7306 3 2 1 2 6240 6281 6361 6291
7307 3 2 1 2 5102 4993 95 96
7308 3 2 1 2 6127 6068 5999 6079
7309 3 2 1 2 6381 6334 6429 6486
7310 3 2 1 2 5299 5490 5573 5385
7311 3 2 1 2 4994 4821 4730 4912
7312 3 2 1 2 5176 5198 5233 5412
7313 3 2 1 2 5168 5279 5304 5261
7314 3 2 1 2 5649 5758 5669 5561
7315 3 2 1 2 4444 4558 4551 4296
7316 3 2 1 2 5173 5109 4960 5014
7317 3 2 1 2 5824 5993 6081 5883
7318 3 2 1 2 5097 4957 92 93
7319 3 2 1 2 6421 6015 6301 6360
7320 3 2 1 2 6934 6953 7132 7173
7321 3 2 1 2 6682 6884 6608 6650
7322 3 2 1 2 7095 7207 7392 7319
7323 3 2 1 2 5741 5645 5535 5653
7324 3 2 1 2 5573 5623 5687 5746
7325 3 2 1 2 6176 5960 6089 6113
7326 3 2 1 2 5475 5408 5163 5256
7327 3 2 1 2 7006 6835 6675 6747
7328 3 2 1 2 6929 7061 7362 7248
7329 3 2 1 2 5007 4753 4826 4836
7330 3 2 1 2 7254 6911 7129 7393
7331 3 2 1 2 4920 5069 5015 4997
7332 3 2 1 2 5310 5097 4959 5209
7333 3 2 1 2 6231 6296 6356 6193
7334 3 2 1 2 4710 4910 4982 4752
7335 3 2 1 2 4456 4413 4460 4370
7336 3 2 1 2 7173 7155 7249 6934
7337 3 2 1 2 6880 4139 6989 7299
7338 3 2 1 2 7008 6996 7145 6807
7339 3 2 1 2 6966 7014 6675 6835
7340 3 2 1 2 4827 4732 4576 4682
7341 3 2 1 2 5756 5755 5537 5673
7342 3 2 1 2 5971 5848 5699 5924
7343 3 2 1 2 7456 7390 7462 7321
7344 3 2 1 2 4734 4465 4457 4595
7345 3 2 1 2 5415 5242 5041 5205
7346 3 2 1 2 7433 7469 7183 7402
7347 3 2 1 2 5057 5183 5418 5197
7348 3 2 1 2 5550 5796 5908 5911
7349 3 2 1 2 4401 4144 4368 4723
7350 3 2 1 2 5571 5616 5833 5741
7351 3 2 1 2 4764 4785 4774 4922
7352 3 2 1 2 5830 5900 6157 6007
7353 3 2 1 2 5692 5619 5524 5648
7354 3 2 1 2 7370 7210 7381 7463
7355 3 2 1 2 4815 4637 4547 4689
7356 3 2 1 2 6929 7248 4136 7281
7357 3 2 1 2 7120 7379 7395 7209
7358 3 2 1 2 7286 7178 7146 6909
7359 3 2 1 2 7158 6878 6667 6926
7360 3 2 1 2 7401 7214 6902 7287
7361 3 2 1 2 7290 7017 6775 7053
7362 3 2 1 2 7394 7147 6902 7214
7363 3 2 1 2 7302 7148 6906 7219
7364 3 2 1 2 7370 7316 7449 7425
7365 3 2 1 2 4182 4625 4735 4546
7366 3 2 1 2 7490 7383 7175 7405
7367 3 2 1 2 7369 7149 7288 7185
7368 3 2 1 2 4918 4777 4743 4833
7369 3 2 1 2 7456 7277 7038 7390
7370 3 2 1 2 5900 6021 6234 6157
7371 3 2 1 2 6973 6758 6643 6760
7372 3 2 1 2 6220 6226 6303 6114
7373 3 2 1 2 5920 5745 5614 5800
7374 3 2 1 2 7389 7451 7498 7320
7375 3 2 1 2 5067 4926 4851 4995
7376 3 2 1 2 4621 4692 4865 5118
7377 3 2 1 2 7021 6924 6981 7151
7378 3 2 1 2 7231 7247 7362 7061
7379 3 2 1 2 7012 6864 6997 6806
7380 3 2 1 2 4920 4646 4768 4851
7381 3 2 1 2 81 82 5195 5061
7382 3 2 1 2 6400 6478 6659 6495
7383 3 2 1 2 5497 5310 5209 5416
7384 3 2 1 2 4574 4537 4448 4642
7385 3 2 1 2 5990 6075 6156 5953
7386 3 2 1 2 6479 6412 6283 6323
7387 3 2 1 2 7143 7107 7171 6939
7388 3 2 1 2 7335 7366 7279 7325
7389 3 2 1 2 7240 7388 7150 6915
7390 3 2 1 2 6238 6079 6004 6154
7391 3 2 1 2 6402 6487 6621 6568
7392 3 2 1 2 5495 5761 5664 5588
7393 3 2 1 2 5062 5219 5008 5012
7394 3 2 1 2 6102 6211 6066 5943
7395 3 2 1 2 4951 4992 5204 5125
7396 3 2 1 2 6027 5958 5919 5996
7397 3 2 1 2 6650 6659 6478 6551
7398 3 2 1 2 6842 6803 7013 7002
7399 3 2 1 2 6863 6685 6999 6954
7400 3 2 1 2 7321 7462 7495 7420
7401 3 2 1 2 5955 5989 5549 5785
7402 3 2 1 2 4877 4864 4825 4666
7403 3 2 1 2 5758 5811 5898 5926
7404 3 2 1 2 7409 7424 7050 7470
7405 3 2 1 2 94 95 4993 4959
7406 3 2 1 2 6760 6646 6502 6759
7407 3 2 1 2 5079 5199 5319 5149
7408 3 2 1 2 6201 6367 6305 6291
7409 3 2 1 2 6777 6759 6502 6757
7410 3 2 1 2 6081 5993 6074 6158
7411 3 2 1 2 5830 5662 5537 5755
7412 3 2 1 2 7349 7386 7252 7348
7413 3 2 1 2 5221 5292 5214 5056
7414 3 2 1 2 7159 7299 6989 6969
7415 3 2 1 2 5696 5828 5752 5832
7416 3 2 1 2 4566 4774 4785 4721
7417 3 2 1 2 5025 4922 4774 4904
7418 3 2 1 2 4577 4536 4446 4641
7419 3 2 1 2 6747 6862 6850 7006
7420 3 2 1 2 5606 5572 5459 5556
7421 3 2 1 2 5761 5495 5375 5625
7422 3 2 1 2 5664 5497 5416 5588
7423 3 2 1 2 6991 6845 6858 6844
7424 3 2 1 2 4995 4851 4768 4824
7425 3 2 1 2 4959 4993 5041 5209
7426 3 2 1 2 5214 5292 5254 5391
7427 3 2 1 2 4551 4721 4682 4632
7428 3 2 1 2 5729 5705 5885 6090
7429 3 2 1 2 4734 4788 4729 4596
7430 3 2 1 2 5110 5093 4856 5025
7431 3 2 1 2 5092 5222 5320 5021
7432 3 2 1 2 4721 4551 4558 4566
7433 3 2 1 2 7491 7521 7192 7518
7434 3 2 1 2 6216 6155 6236 6294
7435 3 2 1 2 4136 7257 7228 7281
7436 3 2 1 2 6761 6651 6643 6758
7437 3 2 1 2 5302 5153 5218 5267
7438 3 2 1 2 6797 7298 7158 7154
7439 3 2 1 2 5616 5696 5832 5833
7440 3 2 1 2 7452 7435 7391 7182
7441 3 2 1 2 5055 5185 5292 5221
7442 3 2 1 2 4764 4922 5025 4856
7443 3 2 1 2 5437 5412 5233 5473
7444 3 2 1 2 5416 5242 5495 5588
7445 3 2 1 2 5244 5172 5061 5195
7446 3 2 1 2 7214 7401 7213 7467
7447 3 2 1 2 5260 5219 5062 5306
7448 3 2 1 2 5209 5041 5242 5416
7449 3 2 1 2 7472 7523 7476 7520
7450 3 2 1 2 5324 5444 5503 5536
7451 3 2 1 2 5556 5562 5614 5745
7452 3 2 1 2 5201 5114 5061 5172
7453 3 2 1 2 7489 7527 7197 7515
7454 3 2 1 2 7007 6877 6745 6733
7455 3 2 1 2 7210 7075 7270 7381
7456 3 2 1 2 6001 5882 5851 5791
7457 3 2 1 2 6813 6974 7142 6816
7458 3 2 1 2 5656 5752 5828 5836
7459 3 2 1 2 4741 4833 4743 4691
7460 3 2 1 2 6954 6805 6874 6863
7461 3 2 1 2 7236 7267 7165 7280
7462 3 2 1 2 6163 6133 6234 6224
7463 3 2 1 2 6845 6991 4213 6987
7464 3 2 1 2 6692 6976 6850 6862
7465 3 2 1 2 5949 6147 6241 6112
7466 3 2 1 2 5242 5415 5375 5495
7467 3 2 1 2 7092 7133 7270 7075
7468 3 2 1 2 4814 5101 4718 4620
7469 3 2 1 2 6029 6051 6073 6152
7470 3 2 1 2 7232 7316 7370 7463
7471 3 2 1 2 7406 7461 7465 7326
7472 3 2 1 2 7494 7514 7192 7521
7473 3 2 1 2 7254 7068 7168 7380
7474 3 2 1 2 6998 7008 6807 6846
7475 3 2 1 2 7218 7329 7402 7458
7476 3 2 1 2 6028 6127 6079 6238
7477 3 2 1 2 6836 7294 6593 6890
7478 3 2 1 2 5793 5935 5930 5703
7479 3 2 1 2 7200 7063 7135 7396
7480 3 2 1 2 7045 7517 7011 6781
7481 3 2 1 2 6864 7012 6880 7005
7482 3 2 1 2 7011 7517 7519 7162
7483 3 2 1 2 6797 6959 7278 7298
7484 3 2 1 2 7349 7213 7401 7386
7485 3 2 1 2 7072 7154 7158 6926
7486 3 2 1 2 5448 5672 5655 5584
7487 3 2 1 2 7521 7471 7497 7494
7488 3 2 1 2 7395 7379 7205 7387
7489 3 2 1 2 7326 7465 7469 7433
7490 3 2 1 2 7451 7494 7497 7498
7491 3 2 1 2 6114 6303 6212 6233
7492 3 2 1 2 6944 6710 7020 7404
7493 3 2 1 2 7087 6975 7170 7156
7494 3 2 1 2 7479 7417 7468 7460
7495 3 2 1 2 87 4956 4958 86
7496 3 2 1 2 4 5058 4955 91
7497 3 2 1 2 7371 7237 7233 4215
7498 3 2 1 2 4285 4390 4492 4469
7499 3 2 1 2 4469 4492 4773 4658
7500 3 2 1 2 4476 4708 4574 4642
7501 3 2 1 2 4657 4574 4708 4750
7502 3 2 1 2 4694 4634 4579 4667
7503 3 2 1 2 4736 4754 4849 4663
7504 3 2 1 2 4579 4726 4803 4667
7505 3 2 1 2 4923 4784 4737 4748
7506 3 2 1 2 4736 4764 4856 4754
7507 3 2 1 2 4658 4773 4961 4844
7508 3 2 1 2 4645 4835 4869 4822
7509 3 2 1 2 5076 4930 4838 4923
7510 3 2 1 2 4754 4856 5093 4849
7511 3 2 1 2 5068 4873 4875 4931
7512 3 2 1 2 4756 4907 4963 4943
7513 3 2 1 2 4851 4926 5069 4920
7514 3 2 1 2 4872 4939 4964 4996
7515 3 2 1 2 5057 5197 4964 4939
7516 3 2 1 2 5253 5550 4955 5058
7517 3 2 1 2 5461 4958 4956 5631
7518 3 2 1 2 4844 4961 5152 5038
7519 3 2 1 2 4863 5048 5065 5000
7520 3 2 1 2 4848 5023 5006 5055
7521 3 2 1 2 5307 5027 5070 5127
7522 3 2 1 2 5230 5038 5152 5403
7523 3 2 1 2 5048 5238 5256 5065
7524 3 2 1 2 4926 5154 5271 5069
7525 3 2 1 2 5440 5263 5126 5574
7526 3 2 1 2 5452 5127 5259 5325
7527 3 2 1 2 5449 5129 5156 5226
7528 3 2 1 2 5927 5449 5226 5509
7529 3 2 1 2 5844 5354 5258 5243
7530 3 2 1 2 5160 5294 5390 5259
7531 3 2 1 2 5360 5651 5356 5289
7532 3 2 1 2 5177 5312 5351 5355
7533 3 2 1 2 4120 5383 5439 5314
7534 3 2 1 2 5845 5358 5327 5420
7535 3 2 1 2 5286 5333 5426 5357
7536 3 2 1 2 5539 5532 5447 5345
7537 3 2 1 2 5636 5467 5402 5468
7538 3 2 1 2 5795 5594 5506 5534
7539 3 2 1 2 5683 5642 5512 5738
7540 3 2 1 2 5706 6008 5520 5540
7541 3 2 1 2 5757 5615 5532 5539
7542 3 2 1 2 5500 5589 5608 5671
7543 3 2 1 2 5884 5855 5594 5795
7544 3 2 1 2 5880 5707 5602 5787
7545 3 2 1 2 5833 5832 5671 5608
7546 3 2 1 2 4178 5731 5792 5666
7547 3 2 1 2 6038 5774 5850 5858
7548 3 2 1 2 5831 5929 5866 5783
7549 3 2 1 2 5723 5801 5888 5850
7550 3 2 1 2 5680 5820 5962 5878
7551 3 2 1 2 6207 5855 5884 5939
7552 3 2 1 2 5941 6092 6010 5863
7553 3 2 1 2 6089 5960 5888 5887
7554 3 2 1 2 6202 5937 5964 6015
7555 3 2 1 2 6338 5939 6093 6096
7556 3 2 1 2 6201 6020 6013 5948
7557 3 2 1 2 6197 6033 5969 6423
7558 3 2 1 2 6364 6202 6015 6260
7559 3 2 1 2 6266 6124 6020 6195
7560 3 2 1 2 6291 6361 6020 6201
7561 3 2 1 2 5966 6035 6099 6023
7562 3 2 1 2 6235 6188 6119 6036
7563 3 2 1 2 6172 6094 6121 6288
7564 3 2 1 2 6489 6171 6096 6159
7565 3 2 1 2 6485 6338 6096 6370
7566 3 2 1 2 6342 6100 6122 6177
7567 3 2 1 2 6267 6181 6104 6123
7568 3 2 1 2 6057 6145 6196 6161
7569 3 2 1 2 6558 6282 6235 6170
7570 3 2 1 2 6129 6178 6313 6271
7571 3 2 1 2 6406 6181 6267 6317
7572 3 2 1 2 6098 6185 6335 6244
7573 3 2 1 2 6221 6249 6334 6274
7574 3 2 1 2 6404 6256 6265 6328
7575 3 2 1 2 6333 6264 6295 6366
7576 3 2 1 2 6195 6336 6418 6266
7577 3 2 1 2 6311 6560 6335 6292
7578 3 2 1 2 6271 6313 6487 6402
7579 3 2 1 2 6494 6314 6334 6381
7580 3 2 1 2 6355 6428 6395 6324
7581 3 2 1 2 6639 6556 6378 6461
7582 3 2 1 2 6555 6440 6430 6379
7583 3 2 1 2 6339 6389 6893 6463
7584 3 2 1 2 6599 6522 6444 6464
7585 3 2 1 2 7174 6567 6457 6562
7586 3 2 1 2 6843 6597 6501 6520
7587 3 2 1 2 6826 6711 6616 6514
7588 3 2 1 2 6733 6522 6599 7007
7589 3 2 1 2 6608 6528 6659 6650
7590 3 2 1 2 6825 6684 6590 6625
7591 3 2 1 2 6886 6619 6591 6688
7592 3 2 1 2 6783 6887 6713 6602
7593 3 2 1 2 6642 6763 6718 6612
7594 3 2 1 2 6536 6648 6695 6726
7595 3 2 1 2 6931 6669 6824 7384
7596 3 2 1 2 7111 6975 6684 6825
7597 3 2 1 2 6946 6824 6715 6686
7598 3 2 1 2 6745 6845 6695 6733
7599 3 2 1 2 6743 6889 6788 6708
7600 3 2 1 2 6905 7244 6711 6826
7601 3 2 1 2 6600 6818 6756 6737
7602 3 2 1 2 4137 6858 6845 6745
7603 3 2 1 2 7084 7047 7032 6782
7604 3 2 1 2 7493 6887 6783 6942
7605 3 2 1 2 6974 6813 6794 7139
7606 3 2 1 2 6872 7028 6955 6821
7607 3 2 1 2 6868 7029 6956 6822
7608 3 2 1 2 4126 6823 7030 6957
7609 3 2 1 2 7384 6824 6946 7050
7610 3 2 1 2 6874 6997 6864 6863
7611 3 2 1 2 7300 6948 6886 6941
7612 3 2 1 2 7338 7242 7244 6905
7613 3 2 1 2 6666 7034 7081 6914
7614 3 2 1 2 7000 7107 7143 6935
7615 3 2 1 2 7004 7161 7086 6937
7616 3 2 1 2 6876 7024 6964 7015
7617 3 2 1 2 7102 7145 6996 7018
7618 3 2 1 2 7514 7191 7076 7044
7619 3 2 1 2 7324 7518 7044 7079
7620 3 2 1 2 7227 7225 7045 7083
7621 3 2 1 2 7400 7099 7046 7179
7622 3 2 1 2 7134 7249 7276 7074
7623 3 2 1 2 7285 7221 7367 7100
7624 3 2 1 2 6978 7117 7143 7156
7625 3 2 1 2 7224 7167 7222 7364
7626 3 2 1 2 7333 7339 7369 7185
7627 3 2 1 2 7325 7454 7194 7335
7628 3 2 1 2 7056 7323 7418 7196
7629 3 2 1 2 7209 7395 7218 7365
7630 3 2 1 2 7274 7365 7218 7458
7631 3 2 1 2 7364 7220 7378 7224
7632 3 2 1 2 7336 7225 7227 7428
7633 3 2 1 2 7068 7254 7393 7399
7634 3 2 1 2 7415 7473 7484 7311
7635 3 2 1 2 7430 7311 7484 7492
7636 3 2 1 2 7413 7313 7368 7416
7637 3 2 1 2 7193 7346 7406 7326
7638 3 2 1 2 7211 7399 7393 7466
7639 3 2 1 2 7421 7408 7419 7483
7640 3 2 1 2 7520 7413 7416 7490
7641 3 2 1 2 7472 7483 7419 7523
7642 3 2 1 2 7315 7464 7449 7427
7643 3 2 1 2 7440 7491 7435 7452
7644 3 2 1 2 4220 7471 7440 7439
7645 3 2 1 2 7507 7474 7478 7477
$EndElements
