$MeshFormat
2.2 0 8
$EndMeshFormat
$PhysicalNames
5
1 2 "Inlet"
1 3 "Freestream"
1 4 "Outlet"
1 5 "Cylinder"
2 1 "Fluid"
$EndPhysicalNames
$Nodes
7200
1 0.353553391 0.353553391 0
2 -0.353553391 0.353553391 0
3 -0.353553391 -0.353553391 0
4 0.353553391 -0.353553391 0
5 1.5 1.5 0
6 -1.5 1.5 0
7 -1.5 -1.5 0
8 1.5 -1.5 0
9 -5 -5 0
10 -5 -1.5 0
11 -5 1.5 0
12 -5 5 0
13 -1.5 5 0
14 1.5 5 0
15 15 5 0
16 15 1.5 0
17 15 -1.5 0
18 15 -5 0
19 1.5 -5 0
20 -1.5 -5 0
21 0.3331732893295242 0.3728210828970684 0
22 0.3117449011913872 0.3909157417607659 0
23 0.2893356482395318 0.4077804350787413 0
24 0.2660160383276163 0.423362100249512 0
25 0.2418594435252338 0.4376117116267136 0
26 0.2169418694046029 0.4504844346638781 0
27 0.1913417159187839 0.4619397669874862 0
28 0.1651395305685167 0.4719416659067173 0
29 0.1384177552146585 0.480458661714546 0
30 0.1112604663398858 0.4874639568265831 0
31 0.08375311092407942 0.4929355099663002 0
32 0.05598223716455469 0.4968561056254107 0
33 0.02803522261900412 0.4992134081411481 0
34 -1.116639142262343e-09 0.5000000005751977 0
35 -0.02803522468650885 0.4992134080250396 0
36 -0.05598223901725796 0.4968561054166611 0
37 -0.08375311256183807 0.4929355096880339 0
38 -0.1112604678836451 0.4874639564742301 0
39 -0.1384177565762639 0.4804586613222742 0
40 -0.1651395318194378 0.4719416654690011 0
41 -0.1913417169964205 0.4619397665411146 0
42 -0.216941870300529 0.450484434232423 0
43 -0.241859444227165 0.4376117112387699 0
44 -0.2660160388762048 0.423362099904811 0
45 -0.2893356486495314 0.4077804347878312 0
46 -0.3117449014475146 0.3909157415565113 0
47 -0.3331732894405362 0.3728210827978621 0
48 -0.3728210828970684 0.3331732893295242 0
49 -0.3909157417607659 0.3117449011913872 0
50 -0.4077804350787413 0.2893356482395318 0
51 -0.423362100249512 0.2660160383276163 0
52 -0.4376117116267136 0.2418594435252338 0
53 -0.4504844346638781 0.2169418694046029 0
54 -0.4619397669874862 0.1913417159187839 0
55 -0.4719416659067173 0.1651395305685167 0
56 -0.480458661714546 0.1384177552146585 0
57 -0.4874639568265831 0.1112604663398858 0
58 -0.4929355099663002 0.08375311092407942 0
59 -0.4968561056254107 0.05598223716455469 0
60 -0.4992134081411481 0.02803522261900412 0
61 -0.5000000005751977 -1.116639142262343e-09 0
62 -0.4992134080250396 -0.02803522468650885 0
63 -0.4968561054166611 -0.05598223901725796 0
64 -0.4929355096880339 -0.08375311256183807 0
65 -0.4874639564742301 -0.1112604678836451 0
66 -0.4804586613222742 -0.1384177565762639 0
67 -0.4719416654690011 -0.1651395318194378 0
68 -0.4619397665411146 -0.1913417169964205 0
69 -0.450484434232423 -0.216941870300529 0
70 -0.4376117112387699 -0.241859444227165 0
71 -0.423362099904811 -0.2660160388762048 0
72 -0.4077804347878312 -0.2893356486495314 0
73 -0.3909157415565113 -0.3117449014475146 0
74 -0.3728210827978621 -0.3331732894405362 0
75 -0.3331732893295242 -0.3728210828970684 0
76 -0.3117449011913872 -0.3909157417607659 0
77 -0.2893356482395318 -0.4077804350787413 0
78 -0.2660160383276163 -0.423362100249512 0
79 -0.2418594435252338 -0.4376117116267136 0
80 -0.2169418694046029 -0.4504844346638781 0
81 -0.1913417159187839 -0.4619397669874862 0
82 -0.1651395305685167 -0.4719416659067173 0
83 -0.1384177552146585 -0.480458661714546 0
84 -0.1112604663398858 -0.4874639568265831 0
85 -0.08375311092407942 -0.4929355099663002 0
86 -0.05598223716455469 -0.4968561056254107 0
87 -0.02803522261900412 -0.4992134081411481 0
88 1.116639142262343e-09 -0.5000000005751977 0
89 0.02803522468650885 -0.4992134080250396 0
90 0.05598223901725796 -0.4968561054166611 0
91 0.08375311256183807 -0.4929355096880339 0
92 0.1112604678836451 -0.4874639564742301 0
93 0.1384177565762639 -0.4804586613222742 0
94 0.1651395318194378 -0.4719416654690011 0
95 0.1913417169964205 -0.4619397665411146 0
96 0.216941870300529 -0.450484434232423 0
97 0.241859444227165 -0.4376117112387699 0
98 0.2660160388762048 -0.423362099904811 0
99 0.2893356486495314 -0.4077804347878312 0
100 0.3117449014475146 -0.3909157415565113 0
101 0.3331732894405362 -0.3728210827978621 0
102 0.3728210828970684 -0.3331732893295242 0
103 0.3909157417607659 -0.3117449011913872 0
104 0.4077804350787413 -0.2893356482395318 0
105 0.423362100249512 -0.2660160383276163 0
106 0.4376117116267136 -0.2418594435252338 0
107 0.4504844346638781 -0.2169418694046029 0
108 0.4619397669874862 -0.1913417159187839 0
109 0.4719416659067173 -0.1651395305685167 0
110 0.480458661714546 -0.1384177552146585 0
111 0.4874639568265831 -0.1112604663398858 0
112 0.4929355099663002 -0.08375311092407942 0
113 0.4968561056254107 -0.05598223716455469 0
114 0.4992134081411481 -0.02803522261900412 0
115 0.5000000005751977 1.116639142262343e-09 0
116 0.4992134080250396 0.02803522468650885 0
117 0.4968561054166611 0.05598223901725796 0
118 0.4929355096880339 0.08375311256183807 0
119 0.4874639564742301 0.1112604678836451 0
120 0.4804586613222742 0.1384177565762639 0
121 0.4719416654690011 0.1651395318194378 0
122 0.4619397665411146 0.1913417169964205 0
123 0.450484434232423 0.216941870300529 0
124 0.4376117112387699 0.241859444227165 0
125 0.423362099904811 0.2660160388762048 0
126 0.4077804347878312 0.2893356486495314 0
127 0.3909157415565113 0.3117449014475146 0
128 0.3728210827978621 0.3331732894405362 0
129 0.3723805312716916 0.3723805312716916 0
130 0.3927138421199789 0.3927138421199789 0
131 0.4146738178710638 0.4146738178710638 0
132 0.4383905922256654 0.4383905922256654 0
133 0.4640047085972582 0.4640047085972582 0
134 0.4916679537755039 0.4916679537755039 0
135 0.5215442589035323 0.5215442589035323 0
136 0.5538106685971168 0.5538106685971168 0
137 0.5886583911067239 0.5886583911067239 0
138 0.6262939312668423 0.6262939312668423 0
139 0.6669403141984118 0.6669403141984118 0
140 0.710838408375661 0.710838408375661 0
141 0.7582483502921977 0.7582483502921977 0
142 0.8094510874093876 0.8094510874093876 0
143 0.8647500437325493 0.8647500437325493 0
144 0.9244729162084542 0.9244729162084542 0
145 0.9889736181886888 0.9889736181886888 0
146 1.058634376826709 1.058634376826709 0
147 1.133867996254333 1.133867996254333 0
148 1.215120305090487 1.215120305090487 0
149 1.302872798448841 1.302872798448841 0
150 1.397645491520086 1.397645491520086 0
151 -0.3723805312716916 0.3723805312716916 0
152 -0.3927138421199789 0.3927138421199789 0
153 -0.4146738178710638 0.4146738178710638 0
154 -0.4383905922256654 0.4383905922256654 0
155 -0.4640047085972582 0.4640047085972582 0
156 -0.4916679537755039 0.4916679537755039 0
157 -0.5215442589035323 0.5215442589035323 0
158 -0.5538106685971168 0.5538106685971168 0
159 -0.5886583911067239 0.5886583911067239 0
160 -0.6262939312668423 0.6262939312668423 0
161 -0.6669403141984118 0.6669403141984118 0
162 -0.710838408375661 0.710838408375661 0
163 -0.7582483502921977 0.7582483502921977 0
164 -0.8094510874093876 0.8094510874093876 0
165 -0.8647500437325493 0.8647500437325493 0
166 -0.9244729162084542 0.9244729162084542 0
167 -0.9889736181886888 0.9889736181886888 0
168 -1.058634376826709 1.058634376826709 0
169 -1.133867996254333 1.133867996254333 0
170 -1.215120305090487 1.215120305090487 0
171 -1.302872798448841 1.302872798448841 0
172 -1.397645491520086 1.397645491520086 0
173 -0.3723805312716916 -0.3723805312716916 0
174 -0.3927138421199789 -0.3927138421199789 0
175 -0.4146738178710638 -0.4146738178710638 0
176 -0.4383905922256654 -0.4383905922256654 0
177 -0.4640047085972582 -0.4640047085972582 0
178 -0.4916679537755039 -0.4916679537755039 0
179 -0.5215442589035323 -0.5215442589035323 0
180 -0.5538106685971168 -0.5538106685971168 0
181 -0.5886583911067239 -0.5886583911067239 0
182 -0.6262939312668423 -0.6262939312668423 0
183 -0.6669403141984118 -0.6669403141984118 0
184 -0.710838408375661 -0.710838408375661 0
185 -0.7582483502921977 -0.7582483502921977 0
186 -0.8094510874093876 -0.8094510874093876 0
187 -0.8647500437325493 -0.8647500437325493 0
188 -0.9244729162084542 -0.9244729162084542 0
189 -0.9889736181886888 -0.9889736181886888 0
190 -1.058634376826709 -1.058634376826709 0
191 -1.133867996254333 -1.133867996254333 0
192 -1.215120305090487 -1.215120305090487 0
193 -1.302872798448841 -1.302872798448841 0
194 -1.397645491520086 -1.397645491520086 0
195 0.3723805312716916 -0.3723805312716916 0
196 0.3927138421199789 -0.3927138421199789 0
197 0.4146738178710638 -0.4146738178710638 0
198 0.4383905922256654 -0.4383905922256654 0
199 0.4640047085972582 -0.4640047085972582 0
200 0.4916679537755039 -0.4916679537755039 0
201 0.5215442589035323 -0.5215442589035323 0
202 0.5538106685971168 -0.5538106685971168 0
203 0.5886583911067239 -0.5886583911067239 0
204 0.6262939312668423 -0.6262939312668423 0
205 0.6669403141984118 -0.6669403141984118 0
206 0.710838408375661 -0.710838408375661 0
207 0.7582483502921977 -0.7582483502921977 0
208 0.8094510874093876 -0.8094510874093876 0
209 0.8647500437325493 -0.8647500437325493 0
210 0.9244729162084542 -0.9244729162084542 0
211 0.9889736181886888 -0.9889736181886888 0
212 1.058634376826709 -1.058634376826709 0
213 1.133867996254333 -1.133867996254333 0
214 1.215120305090487 -1.215120305090487 0
215 1.302872798448841 -1.302872798448841 0
216 1.397645491520086 -1.397645491520086 0
217 1.392857142857539 1.5 0
218 1.285714285715079 1.5 0
219 1.178571428572618 1.5 0
220 1.071428571430157 1.5 0
221 0.9642857142876969 1.5 0
222 0.8571428571452364 1.5 0
223 0.7500000000027758 1.5 0
224 0.6428571428603149 1.5 0
225 0.5357142857178538 1.5 0
226 0.4285714285753928 1.5 0
227 0.3214285714329319 1.5 0
228 0.2142857142904711 1.5 0
229 0.10714285714801 1.5 0
230 5.505595979116151e-12 1.5 0
231 -0.1071428571377049 1.5 0
232 -0.214285714280958 1.5 0
233 -0.3214285714242116 1.5 0
234 -0.4285714285674649 1.5 0
235 -0.5357142857107187 1.5 0
236 -0.6428571428539716 1.5 0
237 -0.7499999999972253 1.5 0
238 -0.8571428571404791 1.5 0
239 -0.9642857142837324 1.5 0
240 -1.071428571426986 1.5 0
241 -1.178571428570239 1.5 0
242 -1.285714285713493 1.5 0
243 -1.392857142856746 1.5 0
244 -1.5 1.392857142857539 0
245 -1.5 1.285714285715079 0
246 -1.5 1.178571428572618 0
247 -1.5 1.071428571430157 0
248 -1.5 0.9642857142876969 0
249 -1.5 0.8571428571452364 0
250 -1.5 0.7500000000027758 0
251 -1.5 0.6428571428603149 0
252 -1.5 0.5357142857178538 0
253 -1.5 0.4285714285753928 0
254 -1.5 0.3214285714329319 0
255 -1.5 0.2142857142904711 0
256 -1.5 0.10714285714801 0
257 -1.5 5.505595979116151e-12 0
258 -1.5 -0.1071428571377049 0
259 -1.5 -0.214285714280958 0
260 -1.5 -0.3214285714242116 0
261 -1.5 -0.4285714285674649 0
262 -1.5 -0.5357142857107187 0
263 -1.5 -0.6428571428539716 0
264 -1.5 -0.7499999999972253 0
265 -1.5 -0.8571428571404791 0
266 -1.5 -0.9642857142837324 0
267 -1.5 -1.071428571426986 0
268 -1.5 -1.178571428570239 0
269 -1.5 -1.285714285713493 0
270 -1.5 -1.392857142856746 0
271 -1.392857142857539 -1.5 0
272 -1.285714285715079 -1.5 0
273 -1.178571428572618 -1.5 0
274 -1.071428571430157 -1.5 0
275 -0.9642857142876969 -1.5 0
276 -0.8571428571452364 -1.5 0
277 -0.7500000000027758 -1.5 0
278 -0.6428571428603149 -1.5 0
279 -0.5357142857178538 -1.5 0
280 -0.4285714285753928 -1.5 0
281 -0.3214285714329319 -1.5 0
282 -0.2142857142904711 -1.5 0
283 -0.10714285714801 -1.5 0
284 -5.505595979116151e-12 -1.5 0
285 0.1071428571377049 -1.5 0
286 0.214285714280958 -1.5 0
287 0.3214285714242116 -1.5 0
288 0.4285714285674649 -1.5 0
289 0.5357142857107187 -1.5 0
290 0.6428571428539716 -1.5 0
291 0.7499999999972253 -1.5 0
292 0.8571428571404791 -1.5 0
293 0.9642857142837324 -1.5 0
294 1.071428571426986 -1.5 0
295 1.178571428570239 -1.5 0
296 1.285714285713493 -1.5 0
297 1.392857142856746 -1.5 0
298 1.5 -1.392857142857539 0
299 1.5 -1.285714285715079 0
300 1.5 -1.178571428572618 0
301 1.5 -1.071428571430157 0
302 1.5 -0.9642857142876969 0
303 1.5 -0.8571428571452364 0
304 1.5 -0.7500000000027758 0
305 1.5 -0.6428571428603149 0
306 1.5 -0.5357142857178538 0
307 1.5 -0.4285714285753928 0
308 1.5 -0.3214285714329319 0
309 1.5 -0.2142857142904711 0
310 1.5 -0.10714285714801 0
311 1.5 -5.505595979116151e-12 0
312 1.5 0.1071428571377049 0
313 1.5 0.214285714280958 0
314 1.5 0.3214285714242116 0
315 1.5 0.4285714285674649 0
316 1.5 0.5357142857107187 0
317 1.5 0.6428571428539716 0
318 1.5 0.7499999999972253 0
319 1.5 0.8571428571404791 0
320 1.5 0.9642857142837324 0
321 1.5 1.071428571426986 0
322 1.5 1.178571428570239 0
323 1.5 1.285714285713493 0
324 1.5 1.392857142856746 0
325 -4.342885618501535 -5 0
326 -3.795312200362859 -5 0
327 -3.339019272868497 -5 0
328 -2.958790380307928 -5 0
329 -2.641945643255629 -5 0
330 -2.377918923304557 -5 0
331 -2.157905456427025 -5 0
332 -1.974568232120064 -5 0
333 -1.821793322867049 -5 0
334 -1.694485990595658 -5 0
335 -1.588400792068837 -5 0
336 -1.5 -4.342885618501535 0
337 -1.5 -3.795312200362859 0
338 -1.5 -3.339019272868497 0
339 -1.5 -2.958790380307928 0
340 -1.5 -2.641945643255629 0
341 -1.5 -2.377918923304557 0
342 -1.5 -2.157905456427025 0
343 -1.5 -1.974568232120064 0
344 -1.5 -1.821793322867049 0
345 -1.5 -1.694485990595658 0
346 -1.5 -1.588400792068837 0
347 -1.588427377930799 -1.5 0
348 -1.694540229733794 -1.5 0
349 -1.821875653444003 -1.5 0
350 -1.974678160528123 -1.5 0
351 -2.158041172128587 -1.5 0
352 -2.378076783889383 -1.5 0
353 -2.642119514462371 -1.5 0
354 -2.958970792591529 -1.5 0
355 -3.339192327129387 -1.5 0
356 -3.79545817122076 -1.5 0
357 -4.342977184073035 -1.5 0
358 -5 -1.588427377930799 0
359 -5 -1.694540229733794 0
360 -5 -1.821875653444003 0
361 -5 -1.974678160528123 0
362 -5 -2.158041172128587 0
363 -5 -2.378076783889383 0
364 -5 -2.642119514462371 0
365 -5 -2.958970792591529 0
366 -5 -3.339192327129387 0
367 -5 -3.79545817122076 0
368 -5 -4.342977184073035 0
369 -1.588427377930799 1.5 0
370 -1.694540229733794 1.5 0
371 -1.821875653444003 1.5 0
372 -1.974678160528123 1.5 0
373 -2.158041172128587 1.5 0
374 -2.378076783889383 1.5 0
375 -2.642119514462371 1.5 0
376 -2.958970792591529 1.5 0
377 -3.339192327129387 1.5 0
378 -3.79545817122076 1.5 0
379 -4.342977184073035 1.5 0
380 -5 1.392857142857539 0
381 -5 1.285714285715079 0
382 -5 1.178571428572618 0
383 -5 1.071428571430157 0
384 -5 0.9642857142876969 0
385 -5 0.8571428571452364 0
386 -5 0.7500000000027758 0
387 -5 0.6428571428603149 0
388 -5 0.5357142857178538 0
389 -5 0.4285714285753928 0
390 -5 0.3214285714329319 0
391 -5 0.2142857142904711 0
392 -5 0.10714285714801 0
393 -5 5.505595979116151e-12 0
394 -5 -0.1071428571377049 0
395 -5 -0.214285714280958 0
396 -5 -0.3214285714242116 0
397 -5 -0.4285714285674649 0
398 -5 -0.5357142857107187 0
399 -5 -0.6428571428539716 0
400 -5 -0.7499999999972253 0
401 -5 -0.8571428571404791 0
402 -5 -0.9642857142837324 0
403 -5 -1.071428571426986 0
404 -5 -1.178571428570239 0
405 -5 -1.285714285713493 0
406 -5 -1.392857142856746 0
407 -1.5 1.588427377930799 0
408 -1.5 1.694540229733794 0
409 -1.5 1.821875653444003 0
410 -1.5 1.974678160528123 0
411 -1.5 2.158041172128587 0
412 -1.5 2.378076783889383 0
413 -1.5 2.642119514462371 0
414 -1.5 2.958970792591529 0
415 -1.5 3.339192327129387 0
416 -1.5 3.79545817122076 0
417 -1.5 4.342977184073035 0
418 -1.588427377930799 5 0
419 -1.694540229733794 5 0
420 -1.821875653444003 5 0
421 -1.974678160528123 5 0
422 -2.158041172128587 5 0
423 -2.378076783889383 5 0
424 -2.642119514462371 5 0
425 -2.958970792591529 5 0
426 -3.339192327129387 5 0
427 -3.79545817122076 5 0
428 -4.342977184073035 5 0
429 -5 4.342885618501535 0
430 -5 3.795312200362859 0
431 -5 3.339019272868497 0
432 -5 2.958790380307928 0
433 -5 2.641945643255629 0
434 -5 2.377918923304557 0
435 -5 2.157905456427025 0
436 -5 1.974568232120064 0
437 -5 1.821793322867049 0
438 -5 1.694485990595658 0
439 -5 1.588400792068837 0
440 -1.392857142857539 -5 0
441 -1.285714285715079 -5 0
442 -1.178571428572618 -5 0
443 -1.071428571430157 -5 0
444 -0.9642857142876969 -5 0
445 -0.8571428571452364 -5 0
446 -0.7500000000027758 -5 0
447 -0.6428571428603149 -5 0
448 -0.5357142857178538 -5 0
449 -0.4285714285753928 -5 0
450 -0.3214285714329319 -5 0
451 -0.2142857142904711 -5 0
452 -0.10714285714801 -5 0
453 -5.505595979116151e-12 -5 0
454 0.1071428571377049 -5 0
455 0.214285714280958 -5 0
456 0.3214285714242116 -5 0
457 0.4285714285674649 -5 0
458 0.5357142857107187 -5 0
459 0.6428571428539716 -5 0
460 0.7499999999972253 -5 0
461 0.8571428571404791 -5 0
462 0.9642857142837324 -5 0
463 1.071428571426986 -5 0
464 1.178571428570239 -5 0
465 1.285714285713493 -5 0
466 1.392857142856746 -5 0
467 1.5 -4.342885618501535 0
468 1.5 -3.795312200362859 0
469 1.5 -3.339019272868497 0
470 1.5 -2.958790380307928 0
471 1.5 -2.641945643255629 0
472 1.5 -2.377918923304557 0
473 1.5 -2.157905456427025 0
474 1.5 -1.974568232120064 0
475 1.5 -1.821793322867049 0
476 1.5 -1.694485990595658 0
477 1.5 -1.588400792068837 0
478 1.5 1.588427377930799 0
479 1.5 1.694540229733794 0
480 1.5 1.821875653444003 0
481 1.5 1.974678160528123 0
482 1.5 2.158041172128587 0
483 1.5 2.378076783889383 0
484 1.5 2.642119514462371 0
485 1.5 2.958970792591529 0
486 1.5 3.339192327129387 0
487 1.5 3.79545817122076 0
488 1.5 4.342977184073035 0
489 1.392857142857539 5 0
490 1.285714285715079 5 0
491 1.178571428572618 5 0
492 1.071428571430157 5 0
493 0.9642857142876969 5 0
494 0.8571428571452364 5 0
495 0.7500000000027758 5 0
496 0.6428571428603149 5 0
497 0.5357142857178538 5 0
498 0.4285714285753928 5 0
499 0.3214285714329319 5 0
500 0.2142857142904711 5 0
501 0.10714285714801 5 0
502 5.505595979116151e-12 5 0
503 -0.1071428571377049 5 0
504 -0.214285714280958 5 0
505 -0.3214285714242116 5 0
506 -0.4285714285674649 5 0
507 -0.5357142857107187 5 0
508 -0.6428571428539716 5 0
509 -0.7499999999972253 5 0
510 -0.8571428571404791 5 0
511 -0.9642857142837324 5 0
512 -1.071428571426986 5 0
513 -1.178571428570239 5 0
514 -1.285714285713493 5 0
515 -1.392857142856746 5 0
516 1.618367539034615 -5 0
517 1.739102428054665 -5 0
518 1.862252015485179 -5 0
519 1.987864593535114 -5 0
520 2.115989422137487 -5 0
521 2.246676747736522 -5 0
522 2.379977820768244 -5 0
523 2.515944915920875 -5 0
524 2.654631353206281 -5 0
525 2.796091519866871 -5 0
526 2.94038088915951 -5 0
527 3.087556045841436 -5 0
528 3.237674706829255 -5 0
529 3.390795740408895 -5 0
530 3.546979194532704 -5 0
531 3.706286318062338 -5 0
532 3.868779582872287 -5 0
533 4.034522712895656 -5 0
534 4.203580706358429 -5 0
535 4.376019858724129 -5 0
536 4.551907794818177 -5 0
537 4.731313490089749 -5 0
538 4.914307298650394 -5 0
539 5.100960982698599 -5 0
540 5.29134774081952 -5 0
541 5.48554223566642 -5 0
542 5.68362062050491 -5 0
543 5.885660573093697 -5 0
544 6.091741324751409 -5 0
545 6.301943690620051 -5 0
546 6.516350103153032 -5 0
547 6.735044642969423 -5 0
548 6.95811307285049 -5 0
549 7.185642873291076 -5 0
550 7.417723271016374 -5 0
551 7.654445275486273 -5 0
552 7.895901719937361 -5 0
553 8.142187292730515 -5 0
554 8.393398575534118 -5 0
555 8.649634085382001 -5 0
556 8.910994306108252 -5 0
557 9.1775817311896 -5 0
558 9.449500904416379 -5 0
559 9.726858459958038 -5 0
560 10.00976316624892 -5 0
561 10.29832596745357 -5 0
562 10.59266002471086 -5 0
563 10.8928807629456 -5 0
564 11.1991059157286 -5 0
565 11.51145557166914 -5 0
566 11.83005222095512 -5 0
567 12.15502080345636 -5 0
568 12.48648875907905 -5 0
569 12.82458607382283 -5 0
570 13.16944533394293 -5 0
571 13.521201778162 -5 0
572 13.87999335197634 -5 0
573 14.24596075814423 -5 0
574 14.61924751114895 -5 0
575 15 -4.342885618501535 0
576 15 -3.795312200362859 0
577 15 -3.339019272868497 0
578 15 -2.958790380307928 0
579 15 -2.641945643255629 0
580 15 -2.377918923304557 0
581 15 -2.157905456427025 0
582 15 -1.974568232120064 0
583 15 -1.821793322867049 0
584 15 -1.694485990595658 0
585 15 -1.588400792068837 0
586 14.61931968707753 -1.5 0
587 14.24610070774294 -1.5 0
588 13.88019682176478 -1.5 0
589 13.52146465071738 -1.5 0
590 13.16976362935064 -1.5 0
591 12.8249559490485 -1.5 0
592 12.48690649967786 -1.5 0
593 12.15548281948074 -1.5 0
594 11.83055504299423 -1.5 0
595 11.51199585107639 -1.5 0
596 11.19968041883928 -1.5 0
597 10.89348636773804 -1.5 0
598 10.59329372122202 -1.5 0
599 10.29898485070029 -1.5 0
600 10.01044443310709 -1.5 0
601 9.727559408231517 -1.5 0
602 9.450218929988438 -1.5 0
603 9.178314325340907 -1.5 0
604 8.9117390509278 -1.5 0
605 8.650388651406876 -1.5 0
606 8.394160719385466 -1.5 0
607 8.142954854978896 -1.5 0
608 7.896672626939526 -1.5 0
609 7.655217531331409 -1.5 0
610 7.418494953831214 -1.5 0
611 7.186412139355578 -1.5 0
612 6.958878149069639 -1.5 0
613 6.735803823197449 -1.5 0
614 6.517101754853822 -1.5 0
615 6.302686247310158 -1.5 0
616 6.092473282908065 -1.5 0
617 5.886380492844856 -1.5 0
618 5.684327120616611 -1.5 0
619 5.486233994533661 -1.5 0
620 5.292023495494142 -1.5 0
621 5.101619522048303 -1.5 0
622 4.914947464740617 -1.5 0
623 4.731934179347348 -1.5 0
624 4.552507955467345 -1.5 0
625 4.376598486167586 -1.5 0
626 4.204136842867889 -1.5 0
627 4.03505544707556 -1.5 0
628 3.869288045462229 -1.5 0
629 3.706769685630867 -1.5 0
630 3.547436685210007 -1.5 0
631 3.391226611846232 -1.5 0
632 3.238078256070263 -1.5 0
633 3.087931607355667 -1.5 0
634 2.94072783286907 -1.5 0
635 2.796409253306406 -1.5 0
636 2.654919319533091 -1.5 0
637 2.516202588246781 -1.5 0
638 2.380204704441912 -1.5 0
639 2.246872378627689 -1.5 0
640 2.116153365061999 -1.5 0
641 1.987996444642958 -1.5 0
642 1.862351400647336 -1.5 0
643 1.739168999393907 -1.5 0
644 1.618400973502547 -1.5 0
645 15 -1.392857142857539 0
646 15 -1.285714285715079 0
647 15 -1.178571428572618 0
648 15 -1.071428571430157 0
649 15 -0.9642857142876969 0
650 15 -0.8571428571452364 0
651 15 -0.7500000000027758 0
652 15 -0.6428571428603149 0
653 15 -0.5357142857178538 0
654 15 -0.4285714285753928 0
655 15 -0.3214285714329319 0
656 15 -0.2142857142904711 0
657 15 -0.10714285714801 0
658 15 -5.505595979116151e-12 0
659 15 0.1071428571377049 0
660 15 0.214285714280958 0
661 15 0.3214285714242116 0
662 15 0.4285714285674649 0
663 15 0.5357142857107187 0
664 15 0.6428571428539716 0
665 15 0.7499999999972253 0
666 15 0.8571428571404791 0
667 15 0.9642857142837324 0
668 15 1.071428571426986 0
669 15 1.178571428570239 0
670 15 1.285714285713493 0
671 15 1.392857142856746 0
672 14.61931968707753 1.5 0
673 14.24610070774294 1.5 0
674 13.88019682176478 1.5 0
675 13.52146465071738 1.5 0
676 13.16976362935064 1.5 0
677 12.8249559490485 1.5 0
678 12.48690649967786 1.5 0
679 12.15548281948074 1.5 0
680 11.83055504299423 1.5 0
681 11.51199585107639 1.5 0
682 11.19968041883928 1.5 0
683 10.89348636773804 1.5 0
684 10.59329372122202 1.5 0
685 10.29898485070029 1.5 0
686 10.01044443310709 1.5 0
687 9.727559408231517 1.5 0
688 9.450218929988438 1.5 0
689 9.178314325340907 1.5 0
690 8.9117390509278 1.5 0
691 8.650388651406876 1.5 0
692 8.394160719385466 1.5 0
693 8.142954854978896 1.5 0
694 7.896672626939526 1.5 0
695 7.655217531331409 1.5 0
696 7.418494953831214 1.5 0
697 7.186412139355578 1.5 0
698 6.958878149069639 1.5 0
699 6.735803823197449 1.5 0
700 6.517101754853822 1.5 0
701 6.302686247310158 1.5 0
702 6.092473282908065 1.5 0
703 5.886380492844856 1.5 0
704 5.684327120616611 1.5 0
705 5.486233994533661 1.5 0
706 5.292023495494142 1.5 0
707 5.101619522048303 1.5 0
708 4.914947464740617 1.5 0
709 4.731934179347348 1.5 0
710 4.552507955467345 1.5 0
711 4.376598486167586 1.5 0
712 4.204136842867889 1.5 0
713 4.03505544707556 1.5 0
714 3.869288045462229 1.5 0
715 3.706769685630867 1.5 0
716 3.547436685210007 1.5 0
717 3.391226611846232 1.5 0
718 3.238078256070263 1.5 0
719 3.087931607355667 1.5 0
720 2.94072783286907 1.5 0
721 2.796409253306406 1.5 0
722 2.654919319533091 1.5 0
723 2.516202588246781 1.5 0
724 2.380204704441912 1.5 0
725 2.246872378627689 1.5 0
726 2.116153365061999 1.5 0
727 1.987996444642958 1.5 0
728 1.862351400647336 1.5 0
729 1.739168999393907 1.5 0
730 1.618400973502547 1.5 0
731 15 1.588427377930799 0
732 15 1.694540229733794 0
733 15 1.821875653444003 0
734 15 1.974678160528123 0
735 15 2.158041172128587 0
736 15 2.378076783889383 0
737 15 2.642119514462371 0
738 15 2.958970792591529 0
739 15 3.339192327129387 0
740 15 3.79545817122076 0
741 15 4.342977184073035 0
742 14.61931968707753 5 0
743 14.24610070774294 5 0
744 13.88019682176478 5 0
745 13.52146465071738 5 0
746 13.16976362935064 5 0
747 12.8249559490485 5 0
748 12.48690649967786 5 0
749 12.15548281948074 5 0
750 11.83055504299423 5 0
751 11.51199585107639 5 0
752 11.19968041883928 5 0
753 10.89348636773804 5 0
754 10.59329372122202 5 0
755 10.29898485070029 5 0
756 10.01044443310709 5 0
757 9.727559408231517 5 0
758 9.450218929988438 5 0
759 9.178314325340907 5 0
760 8.9117390509278 5 0
761 8.650388651406876 5 0
762 8.394160719385466 5 0
763 8.142954854978896 5 0
764 7.896672626939526 5 0
765 7.655217531331409 5 0
766 7.418494953831214 5 0
767 7.186412139355578 5 0
768 6.958878149069639 5 0
769 6.735803823197449 5 0
770 6.517101754853822 5 0
771 6.302686247310158 5 0
772 6.092473282908065 5 0
773 5.886380492844856 5 0
774 5.684327120616611 5 0
775 5.486233994533661 5 0
776 5.292023495494142 5 0
777 5.101619522048303 5 0
778 4.914947464740617 5 0
779 4.731934179347348 5 0
780 4.552507955467345 5 0
781 4.376598486167586 5 0
782 4.204136842867889 5 0
783 4.03505544707556 5 0
784 3.869288045462229 5 0
785 3.706769685630867 5 0
786 3.547436685210007 5 0
787 3.391226611846232 5 0
788 3.238078256070263 5 0
789 3.087931607355667 5 0
790 2.94072783286907 5 0
791 2.796409253306406 5 0
792 2.654919319533091 5 0
793 2.516202588246781 5 0
794 2.380204704441912 5 0
795 2.246872378627689 5 0
796 2.116153365061999 5 0
797 1.987996444642958 5 0
798 1.862351400647336 5 0
799 1.739168999393907 5 0
800 1.618400973502547 5 0
801 0.3505755969445477 0.3913318058709895 0
802 0.3693700885724577 0.4113233860485275 0
803 0.3896681395628909 0.4329142926746156 0
804 0.4115900351348623 0.4562324723650878 0
805 0.435265682416021 0.4814161064982674 0
806 0.4608353810146704 0.5086144308674819 0
807 0.4884506558113425 0.5379886215161173 0
808 0.518275152735308 0.5697127475693474 0
809 0.5504856094506592 0.6039748037466904 0
810 0.5852729025643524 0.6409778242704889 0
811 0.6228431787191845 0.6809410860022505 0
812 0.6634190775313056 0.7241014092734357 0
813 0.7072410484379814 0.7707145586079764 0
814 0.7545687768760749 0.8210567597391765 0
815 0.8056827238079076 0.8754263371934925 0
816 0.8608857861679005 0.934145480496979 0
817 0.9205050932451803 0.9975621549759383 0
818 0.9848939453502171 1.066052163904189 0
819 1.05443390571476 1.140021373643605 0
820 1.129537062773812 1.219908120018943 0
821 1.210648472226873 1.306185805922719 0
822 1.298248794661918 1.399365706938915 0
823 0.3277395912875578 0.4091293111839496 0
824 0.3450138560433406 0.4287999655368734 0
825 0.3636700620092647 0.4500442722718271 0
826 0.3838187649141364 0.4729881240712969 0
827 0.405579364109697 0.4977674840811108 0
828 0.4290808108135128 0.5245291924050304 0
829 0.4544623735386789 0.5534318377194518 0
830 0.4818744614138066 0.5846466948092797 0
831 0.5114795163533814 0.6183587405055083 0
832 0.5434529755604708 0.6547677497120745 0
833 0.5779843111291689 0.6940894792281915 0
834 0.6152781540625718 0.736556947696835 0
835 0.6555555046048969 0.7824218138413928 0
836 0.6990550430609069 0.831955869129821 0
837 0.7460345447943997 0.8854526490702095 0
838 0.7967724063665856 0.9432291710642271 0
839 0.851569296614996 1.005627814533596 0
840 0.9107499385075186 1.073018349963607 0
841 0.9746650318351771 1.14580012832337 0
842 1.043693332505286 1.224404448810982 0
843 1.118243897072096 1.309297114758928 0
844 1.198758507011731 1.400981194218974 0
845 0.303938828744851 0.4257170496535755 0
846 0.3197102631901964 0.4450885927797718 0
847 0.3367434124182663 0.4660098593893461 0
848 0.3551392140060905 0.4886048278454118 0
849 0.3750066797741679 0.5130073938433402 0
850 0.3964635424134839 0.5393621646418236 0
851 0.4196369543241921 0.5678253174238383 0
852 0.4446642393082256 0.5985655225763822 0
853 0.471693707122423 0.6317649441797477 0
854 0.5008855322452098 0.6676203193682325 0
855 0.5324127030354824 0.706344124151314 0
856 0.5664620479630151 0.7481658338992885 0
857 0.6032353406438415 0.7933332806225069 0
858 0.6429504966207166 0.8421141229381341 0
859 0.6858428652592563 0.8947974328644173 0
860 0.7321666231149914 0.9516954072483954 0
861 0.7821962813713451 1.013145219303243 0
862 0.8362283126755391 1.079511016798226 0
863 0.8945829065605175 1.151186078186706 0
864 0.9576058678432985 1.228595144347477 0
865 1.025670665885446 1.312196935625153 0
866 1.099180647960395 1.402486870437713 0
867 0.2792426592781781 0.4410428300814076 0
868 0.2935274094515554 0.4601380176939987 0
869 0.3089549396633452 0.4807608203484044 0
870 0.3256166726738541 0.5030334477255023 0
871 0.3436113443734132 0.5270878853572127 0
872 0.3630455894555123 0.5530666775270183 0
873 0.3840345743798943 0.5811237733855007 0
874 0.4067026782073393 0.6114254370585185 0
875 0.4311842303694575 0.644151233863445 0
876 0.4576243065989851 0.679495094271658 0
877 0.4861795886168077 0.7176664630980445 0
878 0.5170192936254097 0.7588915420044821 0
879 0.5503261751787941 0.8034146274160527 0
880 0.5862976071491941 0.8514995595171758 0
881 0.6251467538434424 0.9034312864085786 0
882 0.6671038320251604 0.9595175511196848 0
883 0.712417476255053 1.020090716731823 0
884 0.7613562123741574 1.085509736061893 0
885 0.8142100474520322 1.156162277030929 0
886 0.8712921892337934 1.232467021140679 0
887 0.9329409022283429 1.314876144605762 0
888 0.9995215124340301 1.403877998177403 0
889 0.2537232500285856 0.4550584319285451 0
890 0.2665361606456749 0.4739008892566857 0
891 0.2803741041341452 0.4942507432034507 0
892 0.295319083444132 0.5162285859695419 0
893 0.3114596611421605 0.5399646562205124 0
894 0.3288914847390217 0.5655996116253714 0
895 0.3477178544350596 0.5932853637735415 0
896 0.3680503338046507 0.6231859762374914 0
897 0.3900094115493522 0.6554786377361208 0
898 0.4137252154189464 0.6903547120154006 0
899 0.4393382833199887 0.728020871828025 0
900 0.4670003970382294 0.7687003249920029 0
901 0.4968754799831769 0.8126341345991687 0
902 0.5291405694675162 0.8600826488334313 0
903 0.5639868662596924 0.9113270444256841 0
904 0.6016208665727326 0.9666709913380979 0
905 0.6422655867257161 1.026442453731299 0
906 0.6861618848056115 1.09099563357871 0
907 0.7335698867940065 1.160713067905248 0
908 0.7847705288496739 1.236007896842912 0
909 0.840067222153412 1.317326311924438 0
910 0.8997876510753442 1.405150200438802 0
911 0.2274553583919198 0.4677197569290311 0
912 0.2388099261379621 0.4863339043848027 0
913 0.251072859323196 0.506437183669017 0
914 0.2643168274667118 0.528148725793452 0
915 0.2786203131000294 0.5515971913506623 0
916 0.2940680773030846 0.5769215336919099 0
917 0.3107516628297476 0.6042718237276122 0
918 0.3287699352852744 0.6338101371083527 0
919 0.3482296695598794 0.665711515596661 0
920 0.3692461824925458 0.7001650042264806 0
921 0.3919440162133613 0.7373747715426442 0
922 0.4164576769731241 0.7775613208035823 0
923 0.4429324307082043 0.8209627941931614 0
924 0.4715251646568369 0.8678363853141453 0
925 0.5024053174534807 0.9184598639414002 0
926 0.5357558822766719 0.9731332205355812 0
927 0.5717744921216861 1.032180445388389 0
928 0.6106745910331588 1.095951448686568 0
929 0.6526866979125885 1.16482413233883 0
930 0.6980597732610219 1.239206630549911 0
931 0.7470626945341934 1.3195397284488 0
932 0.7999858496455983 1.406299474403175 0
933 0.2005160968239411 0.47898696784618 0
934 0.2104244278871374 0.4973979441894221 0
935 0.2211254254524126 0.5172817986717552 0
936 0.232682503087721 0.5387563620047284 0
937 0.2451641469672936 0.5619488904664752 0
938 0.2586443221120863 0.5869968207496479 0
939 0.273202911431961 0.6140485857592771 0
940 0.2889261879731096 0.643264492110307 0
941 0.305907326657303 0.6748176710061222 0
942 0.324246956363012 0.7088951040775515 0
943 0.3440537562301059 0.7456987313950632 0
944 0.3654451003843802 0.7854466494513503 0
945 0.3885477521709442 0.8283744011378573 0
946 0.413498616026038 0.8747363728210484 0
947 0.4404455491048317 0.9248073024531234 0
948 0.4695482366578604 0.9788839061360384 0
949 0.5009791390719919 1.037286637847614 0
950 0.5349245139225929 1.100361588548273 0
951 0.5715855188092711 1.168482535394227 0
952 0.6111794040158942 1.242053157855951 0
953 0.6539407999490473 1.321509429947382 0
954 0.7001231076758611 1.40732220402726 0
955 0.1729846900606979 0.4888246138883408 0
956 0.1814574620434276 0.5070581971299755 0
957 0.1906080557993328 0.5267504670622678 0
958 0.2004906972821545 0.5480181190764559 0
959 0.2111639501121967 0.5709871833133159 0
960 0.2226910629590142 0.5957937722380002 0
961 0.2351403449733873 0.6225848885775341 0
962 0.2485855696136289 0.6515192943635068 0
963 0.2631064122419806 0.6827684526487064 0
964 0.2787889222179896 0.7165175434619815 0
965 0.2957260328081674 0.7529665611445371 0
966 0.3140181125002239 0.7923315007897402 0
967 0.3337735586531121 0.8348456357904867 0
968 0.3551094404346149 0.8807609014543886 0
969 0.3781521928572259 0.9303493885835673 0
970 0.4030383653265076 0.9839049543664342 0
971 0.4299154314709305 1.041744965148521 0
972 0.4589426631149908 1.104212177240975 0
973 0.4902920733316459 1.171676766389209 0
974 0.5241494363049295 1.244538522538666 0
975 0.5607153882391157 1.323229219014459 0
976 0.6002066164298028 1.408215171427318 0
977 0.1449422260888535 0.497201742149344 0
978 0.1519886544094134 0.5152842684451997 0
979 0.1595987970077247 0.5348133968757911 0
980 0.1678177512022242 0.5559048560641053 0
981 0.1766942217560648 0.5786836320485116 0
982 0.1862808097798743 0.6032847096642833 0
983 0.1966343249618625 0.629853873787699 0
984 0.2078161214122332 0.6585485711791097 0
985 0.2198924615926812 0.689538844397882 0
986 0.232934908935494 0.7230083393405312 0
987 0.2470207519127807 0.7591553934860904 0
988 0.2622334625400434 0.7981942125067967 0
989 0.2786631900885664 0.840356137231563 0
990 0.2964072957880641 0.8858910157985403 0
991 0.3155709300255132 0.9350686848612826 0
992 0.3362676548795895 0.988180567135022 0
993 0.3586201176201966 1.045541399729433 0
994 0.3827607775531058 1.107491099375488 0
995 0.4088326903148041 1.174396775080877 0
996 0.4369903560469535 1.246654904713145 0
997 0.4674006349736702 1.324693684551746 0
998 0.5002437362991587 1.408975566994623 0
999 0.1164714006728541 0.5040919951192668 0
1000 0.1220992095738998 0.5220502759055812 0
1001 0.1281772431966981 0.5414452191856548 0
1002 0.1347415196597297 0.5623917584080889 0
1003 0.141830938258797 0.5850140208289255 0
1004 0.14948751020655 0.6094460637991155 0
1005 0.1577566080029885 0.6358326705032536 0
1006 0.1666872336661295 0.6643302058808949 0
1007 0.1763323093935413 0.6951075441245487 0
1008 0.1867489911375581 0.728347069294988 0
1009 0.197999007298938 0.7642457560892573 0
1010 0.2101490249223822 0.8030163383668363 0
1011 0.2232710440124711 0.8448885674077714 0
1012 0.2374428245875116 0.8901105746371445 0
1013 0.2527483476740399 0.9389503426538282 0
1014 0.2692783125097577 0.9916972917999818 0
1015 0.2871306744510315 1.048663996618396 0
1016 0.3064112254858207 1.110188038263321 0
1017 0.3272342206306729 1.17663400332689 0
1018 0.3497230553467925 1.248395645466881 0
1019 0.3740109967890828 1.325898218814952 0
1020 0.4002419736143514 1.409600998246563 0
1021 0.08765625756781384 0.5094736934871553 0
1022 0.09187165580929996 0.5273349311229737 0
1023 0.09642428591734746 0.5466250678003448 0
1024 0.1013411265466998 0.5674584158892668 0
1025 0.106651314440627 0.5899584318855827 0
1026 0.1123863172617735 0.6142584487196917 0
1027 0.1185801203781706 0.6405024671952605 0
1028 0.1252694277760784 0.6688460072853057 0
1029 0.1324938797742226 0.6994570306181624 0
1030 0.1402962879010676 0.732516935685658 0
1031 0.1487228885865601 0.7682216327708544 0
1032 0.1578236174535934 0.8067827061597179 0
1033 0.1676524046725111 0.8484286655998619 0
1034 0.1782674948372916 0.8934063016611085 0
1035 0.1897317922643045 0.9419821488150868 0
1036 0.2021132334122734 0.994444063431204 0
1037 0.2154851897911829 1.05110293095858 0
1038 0.229926902783931 1.112294508326801 0
1039 0.2455239528365326 1.178381411971059 0
1040 0.2623687668631407 1.24975526777889 0
1041 0.2805611659735879 1.326839031889109 0
1042 0.3002089570635015 1.410089497342676 0
1043 0.05858192366190133 0.5133299044607137 0
1044 0.06138958498995363 0.5311216066383422 0
1045 0.06442185922907395 0.5503366450207487 0
1046 0.06769671548236175 0.5710888869492505 0
1047 0.07123356024538807 0.5935013082920777 0
1048 0.07505335251999115 0.6177067229021396 0
1049 0.07917872822289201 0.6438485709745899 0
1050 0.08363413400347101 0.6720817670287362 0
1051 0.08844597225209364 0.7025736188026834 0
1052 0.09364275753985822 0.735504818587071 0
1053 0.09925528558970043 0.7710705139680196 0
1054 0.1053168159679193 0.8094814655142053 0
1055 0.1118632688047172 0.8509652933635561 0
1056 0.1189334378473781 0.8957678273072681 0
1057 0.1265692204461216 0.9441545641735001 0
1058 0.1348158656040066 0.9964122396800583 0
1059 0.1437222423339617 1.052850528970116 0
1060 0.1533411292712669 1.113803881840325 0
1061 0.1637295271771659 1.179633503026393 0
1062 0.1749489968954214 1.250729493779877 0
1063 0.1870660241656345 1.327513163632033 0
1064 0.2001524136511872 1.410439527286056 0
1065 0.02933434158376639 0.5156484949555178 0
1066 0.03073739002119346 0.5333983881518649 0
1067 0.03225268233602522 0.5525682728344155 0
1068 0.03388919807354156 0.5732717487659555 0
1069 0.03565663507479436 0.595631502831923 0
1070 0.037565467001434 0.6197800367840105 0
1071 0.03962700550535668 0.6458604537451592 0
1072 0.04185346710031029 0.6740273041987799 0
1073 0.04425804562565716 0.7044475027240762 0
1074 0.04685499042266378 0.7373013170002296 0
1075 0.04965969077297602 0.772783436033193 0
1076 0.05268876719348445 0.8111041251222986 0
1077 0.05596016974178643 0.85249046951758 0
1078 0.05949328448341801 0.8971877213312118 0
1079 0.06330904842070578 0.9454607534964704 0
1080 0.06743007344861121 0.9975956279267034 0
1081 0.07188078045848018 1.053901292054934 0
1082 0.0766875440635961 1.114711409749343 0
1083 0.08187884876392232 1.180386336945344 0
1084 0.08748545783022244 1.251315258189855 0
1085 0.09354059560908229 1.3279184929727 0
1086 0.1000801444271029 1.410649986751366 0
1087 -1.098211081017478e-09 0.516422169835469 -0
1088 -1.078308824909413e-09 0.5341581120738326 -0
1089 -1.056814305428115e-09 0.5533129297217372 -0
1090 -1.033600268820436e-09 0.5740001332554865 -0
1091 -1.008529150850337e-09 0.5963423131317932 -0
1092 -9.814522850932201e-10 0.620471866959392 -0
1093 -9.522092986129219e-10 0.6465317853858624 -0
1094 -9.206268580741676e-10 0.6746764974219247 -0
1095 -8.865177944970607e-10 0.7050727864562294 -0
1096 -8.496799804457279e-10 0.7379007784822154 -0
1097 -8.098952294099099e-10 0.7733550094853008 -0
1098 -7.6692763996143e-10 0.8116455795017181 -0
1099 -7.205227286434851e-10 0.8529993952983567 -0
1100 -6.704053646174946e-10 0.8976615162255582 -0
1101 -6.162786667489948e-10 0.9458966070333099 -0
1102 -5.57821606911143e-10 0.997990504797678 -0
1103 -4.946882734522112e-10 1.054251914126975 -0
1104 -4.265040419013941e-10 1.115014236638195 -0
1105 -3.528654136787307e-10 1.180637545036283 -0
1106 -2.733352334880673e-10 1.251510717979148 -0
1107 -1.874427678487996e-10 1.328053744596342 -0
1108 -9.4679135645734e-11 1.410720213555937 -0
1109 -0.029334343617149 0.515648494841316 -0
1110 -0.0307373920177241 0.5333983880397222 -0
1111 -0.03225268429275581 0.5525682727244969 -0
1112 -0.03388919998728809 0.5732717486584389 -0
1113 -0.03565663694211806 0.5956315027270006 -0
1114 -0.03756546881862109 0.61978003668189 -0
1115 -0.03962700726839621 0.645860453646064 -0
1116 -0.04185346880487051 0.6740273041029531 -0
1117 -0.0442580472670597 0.7044475026317786 -0
1118 -0.04685499199585591 0.7373013169117433 -0
1119 -0.04965969227250104 0.7727834359488233 -0
1120 -0.05268876861344898 0.8111041250423745 -0
1121 -0.05596017107582547 0.8524904694424578 -0
1122 -0.05949328572465779 0.8971877212612751 -0
1123 -0.06330904956172223 0.9454607534321343 -0
1124 -0.06743007448138638 0.9975956278684159 -0
1125 -0.07188078137435486 1.053901292003179 -0
1126 -0.0766875448532181 1.114711409704643 -0
1127 -0.08187884941719181 1.180386336908263 -0
1128 -0.08748545833623084 1.251315258161004 -0
1129 -0.09354059595604894 1.327918492952736 -0
1130 -0.1000801446023042 1.410649986741 -0
1131 -0.05858192548402296 0.5133299042553924 -0
1132 -0.06138958677904711 0.5311216064367232 -0
1133 -0.06442186098249704 0.5503366448231282 -0
1134 -0.06769671719726078 0.5710888867559485 -0
1135 -0.07123356191868115 0.5935013081034395 -0
1136 -0.07505335414834974 0.6177067227185384 -0
1137 -0.07917872980272148 0.6438485707964288 -0
1138 -0.08363413553088887 0.6720817668564506 -0
1139 -0.08844597372290705 0.7025736186367429 -0
1140 -0.09364275894953869 0.7355048184279831 -0
1141 -0.09925528693335758 0.7710705138163327 -0
1142 -0.105316817240271 0.8094814653705118 -0
1143 -0.1118632700000593 0.8509652932284948 -0
1144 -0.1189334389595497 0.8957678271815301 -0
1145 -0.126569221468469 0.9441545640578308 -0
1146 -0.1348158665293439 0.996412239575264 -0
1147 -0.143722243154528 1.052850528877066 -0
1148 -0.1533411299786804 1.11380388175996 -0
1149 -0.1637295277623749 1.179633502959727 -0
1150 -0.1749489973486489 1.250729493728005 -0
1151 -0.1870660244763225 1.327513163596139 -0
1152 -0.2001524138079323 1.410439527267418 -0
1153 -0.0876562591785337 0.5094736932134588 -0
1154 -0.09187165739081801 0.5273349308542126 -0
1155 -0.09642428746732747 0.5466250675369136 -0
1156 -0.1013411280626188 0.5674584156315923 -0
1157 -0.1066513159197601 0.5899584316341252 -0
1158 -0.1123863187011777 0.6142584484749485 -0
1159 -0.1185801217746678 0.6405024669577687 -0
1160 -0.1252694291262359 0.668846007055646 -0
1161 -0.1324938810743331 0.6994570303969607 -0
1162 -0.1402962891471276 0.7325169354735916 -0
1163 -0.1487228897742455 0.7682216325686537 -0
1164 -0.1578236185782341 0.806782705968172 -0
1165 -0.1676524057290638 0.8484286654198234 -0
1166 -0.1782674958203088 0.8934063014934979 -0
1167 -0.1897317931679038 0.9419821486608986 -0
1168 -0.2021132342301012 0.9944440632915114 -0
1169 -0.2154851905163773 1.051102930834543 -0
1170 -0.2299269034090818 1.112294508219673 -0
1171 -0.2455239533536357 1.178381411882192 -0
1172 -0.2623687672635527 1.249755267709744 -0
1173 -0.2805611662479734 1.326839031841262 -0
1174 -0.3002089572017788 1.410089497317832 -0
1175 -0.1164714021911315 0.5040919947727003 -0
1176 -0.1220992110646564 0.5220502755652641 -0
1177 -0.1281772446577324 0.5414452188520869 -0
1178 -0.134741521088664 0.5623917580818101 -0
1179 -0.1418309396530633 0.5850140205105189 -0
1180 -0.1494875115633748 0.6094460634892115 -0
1181 -0.1577566093193764 0.6358326702025315 -0
1182 -0.1666872349388457 0.6643302055900898 -0
1183 -0.1763323106190918 0.6951075438444536 -0
1184 -0.1867489923121698 0.72834706902646 -0
1185 -0.1979990084185358 0.7642457558332216 -0
1186 -0.2101490259825651 0.8030163381242925 -0
1187 -0.2232710450084858 0.8448885671797987 -0
1188 -0.2374428255142247 0.8901105744249085 -0
1189 -0.2527483485259073 0.938950342458588 -0
1190 -0.2692783132807916 0.9916972916230973 -0
1191 -0.2871306751347653 1.048663996461335 -0
1192 -0.3064112260752703 1.11018803812767 -0
1193 -0.3272342211182956 1.176634003214362 -0
1194 -0.3497230557244423 1.248395645379325 -0
1195 -0.3740109970479617 1.325898218754365 -0
1196 -0.4002419737449578 1.409600998215105 -0
1197 -0.1449422274279811 0.4972017417635141 -0
1198 -0.1519886557242652 0.5152842680663272 -0
1199 -0.1595987982963584 0.5348133965044326 -0
1200 -0.1678177524625426 0.5559048557008619 -0
1201 -0.1766942229858026 0.578683631694032 -0
1202 -0.1862808109765848 0.603284709319269 -0
1203 -0.1966343261229039 0.6298538734529076 -0
1204 -0.2078161225347518 0.6585485708553586 -0
1205 -0.2198924626735951 0.6895388440860547 -0
1206 -0.2329349099714749 0.7230083390415813 -0
1207 -0.247020752900234 0.759155393201048 -0
1208 -0.2622334634750869 0.7981942122367749 -0
1209 -0.2786631909670071 0.8403561369777628 -0
1210 -0.296407296605374 0.8858910155622599 -0
1211 -0.3155709307768019 0.9350686846439237 -0
1212 -0.3362676555595753 0.9881805669380979 -0
1213 -0.3586201182231749 1.045541399554579 -0
1214 -0.3827607780729163 1.107491099224468 -0
1215 -0.4088326907447932 1.174396774955601 -0
1216 -0.4369903563799358 1.24665490461567 -0
1217 -0.467400635201885 1.324693684484297 -0
1218 -0.5002437364142246 1.408975566959601 -0
1219 -0.172984691290972 0.488824613457813 -0
1220 -0.181457463251403 0.5070581967072108 -0
1221 -0.1906080569832254 0.5267504666478875 -0
1222 -0.2004906984400379 0.5480181186711308 -0
1223 -0.2111639512419901 0.5709871829177702 -0
1224 -0.2226910640584702 0.5957937718530162 -0
1225 -0.2351403460400792 0.6225848882039574 -0
1226 -0.2485855706449355 0.6515192940022491 -0
1227 -0.2631064132350712 0.682768452300754 -0
1228 -0.2787889231698064 0.7165175431283983 -0
1229 -0.2957260337154091 0.7529665608264728 -0
1230 -0.3140181133593241 0.7923315004884364 -0
1231 -0.3337735594602196 0.834845635507284 -0
1232 -0.3551094411855701 0.8807609011907354 -0
1233 -0.3781521935475372 0.9303493883410272 -0
1234 -0.4030383659513229 0.9839049541466965 -0
1235 -0.4299154320250105 1.041744964953411 -0
1236 -0.4589426635926762 1.104212177072461 -0
1237 -0.4902920737268258 1.171676766249419 -0
1238 -0.5241494366110031 1.244538522429898 -0
1239 -0.5607153884489543 1.323229218939195 -0
1240 -0.6002066165357079 1.408215171388239 -0
1241 -0.2005160978837894 0.4789869674071389 -0
1242 -0.2104244289277742 0.4973979437582977 -0
1243 -0.2211254264723013 0.5172817982491809 -0
1244 -0.2326825040852016 0.5387563615913884 -0
1245 -0.2451641479405736 0.5619488900631079 -0
1246 -0.2586443230592292 0.5869968203570515 -0
1247 -0.2732029123508762 0.614048585378313 -0
1248 -0.2889261888615388 0.6432644917419057 -0
1249 -0.3059073275128074 0.6748176706512893 -0
1250 -0.3242469571829577 0.7088951037373721 -0
1251 -0.3440537570116479 0.7456987310707093 -0
1252 -0.3654451011244463 0.7854466491440886 -0
1253 -0.3885477528662162 0.8283744008490544 -0
1254 -0.4134986166729329 0.8747363725521815 -0
1255 -0.440445549699479 0.9248073022057874 -0
1256 -0.4695482371960801 0.9788839059119556 -0
1257 -0.5009791395492695 1.037286637648645 -0
1258 -0.5349245143340539 1.100361588376426 -0
1259 -0.5715855191496496 1.168482535251673 -0
1260 -0.611179404279504 1.242053157745033 -0
1261 -0.6539408001297469 1.32150942987063 -0
1262 -0.7001231077670171 1.407322203987408 -0
1263 -0.2274553592730547 0.4677197565046615 -0
1264 -0.2388099270031225 0.4863339039680853 -0
1265 -0.251072860171104 0.506437183260564 -0
1266 -0.264316828295987 0.5281487253939243 -0
1267 -0.2786203139091816 0.5515971909607748 -0
1268 -0.2940680780905036 0.5769215333124329 -0
1269 -0.3107516635936949 0.6042718233593788 -0
1270 -0.3287699360238723 0.6338101367522626 -0
1271 -0.3482296702710999 0.6657115152536855 -0
1272 -0.3692461831741986 0.700165003897669 -0
1273 -0.3919440168630812 0.7373747712291294 -0
1274 -0.4164576775883562 0.7775613205065883 -0
1275 -0.4429324312861896 0.8209627939140097 -0
1276 -0.471525165194596 0.8678363850542632 -0
1277 -0.5024053179477951 0.9184598637023297 -0
1278 -0.5357558827240664 0.9731332203189865 -0
1279 -0.5717744925184066 1.032180445196069 -0
1280 -0.6106745913751516 1.095951448520464 -0
1281 -0.6526866981954755 1.164824132201039 -0
1282 -0.6980597734800748 1.239206630442699 -0
1283 -0.7470626946843054 1.319539728374613 -0
1284 -0.7999858497212531 1.406299474364654 -0
1285 -0.2537232507189247 0.4550584315469722 -0
1286 -0.2665361613234942 0.4739008888819934 -0
1287 -0.2803741047984432 0.4942507428361894 -0
1288 -0.2953190840938271 0.5162285856103063 -0
1289 -0.3114596617760841 0.539964655869944 -0
1290 -0.3288914853559124 0.565599611284164 -0
1291 -0.3477178550335547 0.5932853634424441 -0
1292 -0.3680503343832785 0.6231859759173125 -0
1293 -0.3900094121065235 0.6554786374277343 -0
1294 -0.4137252159529445 0.6903547117197489 -0
1295 -0.4393382838289598 0.7280208715461278 -0
1296 -0.4670003975201716 0.7687003247249606 -0
1297 -0.4968754804359274 0.8126341343481689 -0
1298 -0.5291405698887399 0.8600826485997577 -0
1299 -0.5639868666468669 0.9113270442107231 -0
1300 -0.6016208669231347 0.9666709911433463 -0
1301 -0.6422655870364036 1.026442453558374 -0
1302 -0.6861618850734067 1.090995633429357 -0
1303 -0.7335698870154783 1.160713067781354 -0
1304 -0.7847705290211169 1.236007896746512 -0
1305 -0.840067222270824 1.317326311857733 -0
1306 -0.8997876511344023 1.405150200404166 -0
1307 -0.2792426598177055 0.4410428297423673 -0
1308 -0.2935274099812968 0.4601380173610721 -0
1309 -0.3089549401825178 0.4807608200220805 -0
1310 -0.3256166731816124 0.5030334474063094 -0
1311 -0.3436113448688439 0.527087885045721 -0
1312 -0.3630455899376294 0.5530666772238441 -0
1313 -0.3840345748476325 0.5811237730913094 -0
1314 -0.4067026786595483 0.6114254367740285 -0
1315 -0.4311842308048951 0.6441512335894329 -0
1316 -0.4576243070163095 0.6794950940089617 -0
1317 -0.4861795890145698 0.7176664628475692 -0
1318 -0.5170192940020448 0.7588915417672055 -0
1319 -0.5503261755326114 0.8034146271930307 -0
1320 -0.5862976074783689 0.851499559309549 -0
1321 -0.6251467541460027 0.9034312862175786 -0
1322 -0.6671038322989776 0.9595175509466417 -0
1323 -0.7124174764978275 1.020090716578174 -0
1324 -0.7613562125834054 1.085509735929189 -0
1325 -0.8142100476250722 1.156162276920844 -0
1326 -0.8712921893677281 1.232467021055024 -0
1327 -0.9329409023200442 1.314876144546492 -0
1328 -0.9995215124801192 1.403877998146628 -0
1329 -0.3039388291480786 0.4257170493674426 -0
1330 -0.3197102635861099 0.4450885924987987 -0
1331 -0.3367434128062807 0.4660098591139453 -0
1332 -0.355139214385574 0.4886048275760291 -0
1333 -0.3750066801444379 0.5130073935804569 -0
1334 -0.3964635427738036 0.5393621643859601 -0
1335 -0.4196369546737652 0.5678253171755562 -0
1336 -0.4446642396461922 0.5985655223362872 -0
1337 -0.471693707447855 0.6317649439484954 -0
1338 -0.5008855325571044 0.6676203191465301 -0
1339 -0.5324127033327564 0.7063441239399257 -0
1340 -0.5664620482444993 0.7481658336990393 -0
1341 -0.6032353409082718 0.7933332804342877 -0
1342 -0.6429504968667291 0.8421141227629076 -0
1343 -0.6858428654853777 0.8947974327032232 -0
1344 -0.7321666233196304 0.9516954071023559 -0
1345 -0.7821962815527834 1.013145219173571 -0
1346 -0.8362283128319199 1.079511016686229 -0
1347 -0.8945829066898368 1.151186078093801 -0
1348 -0.957605867943391 1.228595144275189 -0
1349 -1.025670665953974 1.312196935575132 -0
1350 -1.099180647994833 1.402486870411741 -0
1351 -0.3277395915394531 0.4091293109830493 -0
1352 -0.3450138562906648 0.4287999653395959 -0
1353 -0.3636700622516526 0.4500442720784619 -0
1354 -0.3838187651511928 0.4729881238821571 -0
1355 -0.4055793643409956 0.4977674838965346 -0
1356 -0.4290808110385929 0.5245291922253825 -0
1357 -0.4544623737570433 0.5534318375451273 -0
1358 -0.4818744616249175 0.5846466946407032 -0
1359 -0.5114795165566587 0.6183587403431404 -0
1360 -0.5434529757552877 0.6547677495564121 -0
1361 -0.577984311314849 0.694089479079771 -0
1362 -0.6152781542383839 0.7365569475562351 -0
1363 -0.6555555047700519 0.7824218137092398 -0
1364 -0.6990550432145519 0.8319558690067905 -0
1365 -0.7460345449356138 0.8854526489570311 -0
1366 -0.7967724064943742 0.9432291709616892 -0
1367 -0.8515692967282853 1.00562781444255 -0
1368 -0.9107499386051492 1.073018349884973 -0
1369 -0.9746650319158954 1.145800128258138 -0
1370 -1.043693332567739 1.224404448760227 -0
1371 -1.118243897114823 1.309297114723807 -0
1372 -1.198758507033153 1.400981194200738 -0
1373 -0.3505755970537237 0.3913318057734124 -0
1374 -0.3693700886796504 0.4113233859527097 -0
1375 -0.3896681396679423 0.4329142925806983 -0
1376 -0.4115900352376007 0.4562324722732228 -0
1377 -0.4352656825162615 0.4814161064086188 -0
1378 -0.4608353811122131 0.5086144307802272 -0
1379 -0.4884506559059715 0.5379886214314478 -0
1380 -0.5182751528267904 0.56971274748747 -0
1381 -0.5504856095387428 0.6039748036678285 -0
1382 -0.5852729026487657 0.6409778241948838 -0
1383 -0.6228431787996339 0.6809410859301628 -0
1384 -0.663419077607474 0.7241014092051468 -0
1385 -0.7072410485095261 0.7707145585437899 -0
1386 -0.7545687769426265 0.8210567596794205 -0
1387 -0.8056827238690661 0.8754263371385221 -0
1388 -0.8608857862232343 0.9341454804471764 -0
1389 -0.9205050932942239 0.9975621549317172 -0
1390 -0.9848939453924672 1.066052163865996 -0
1391 -1.054433905749673 1.140021373611922 -0
1392 -1.129537062800801 1.21990811999429 -0
1393 -1.210648472245304 1.306185805905661 -0
1394 -1.298248794671107 1.399365706930058 -0
1395 -0.3913318058709895 0.3505755969445477 0
1396 -0.4113233860485275 0.3693700885724577 0
1397 -0.4329142926746156 0.3896681395628909 0
1398 -0.4562324723650878 0.4115900351348623 0
1399 -0.4814161064982674 0.435265682416021 0
1400 -0.5086144308674819 0.4608353810146704 0
1401 -0.5379886215161173 0.4884506558113425 0
1402 -0.5697127475693474 0.518275152735308 0
1403 -0.6039748037466904 0.5504856094506592 0
1404 -0.6409778242704889 0.5852729025643524 0
1405 -0.6809410860022505 0.6228431787191845 0
1406 -0.7241014092734357 0.6634190775313056 0
1407 -0.7707145586079764 0.7072410484379814 0
1408 -0.8210567597391765 0.7545687768760749 0
1409 -0.8754263371934925 0.8056827238079076 0
1410 -0.934145480496979 0.8608857861679005 0
1411 -0.9975621549759383 0.9205050932451803 0
1412 -1.066052163904189 0.9848939453502171 0
1413 -1.140021373643605 1.05443390571476 0
1414 -1.219908120018943 1.129537062773812 0
1415 -1.306185805922719 1.210648472226873 0
1416 -1.399365706938915 1.298248794661918 0
1417 -0.4091293111839496 0.3277395912875578 0
1418 -0.4287999655368734 0.3450138560433406 0
1419 -0.4500442722718271 0.3636700620092647 0
1420 -0.4729881240712969 0.3838187649141364 0
1421 -0.4977674840811108 0.405579364109697 0
1422 -0.5245291924050304 0.4290808108135128 0
1423 -0.5534318377194518 0.4544623735386789 0
1424 -0.5846466948092797 0.4818744614138066 0
1425 -0.6183587405055083 0.5114795163533814 0
1426 -0.6547677497120745 0.5434529755604708 0
1427 -0.6940894792281915 0.5779843111291689 0
1428 -0.736556947696835 0.6152781540625718 0
1429 -0.7824218138413928 0.6555555046048969 0
1430 -0.831955869129821 0.6990550430609069 0
1431 -0.8854526490702095 0.7460345447943997 0
1432 -0.9432291710642271 0.7967724063665856 0
1433 -1.005627814533596 0.851569296614996 0
1434 -1.073018349963607 0.9107499385075186 0
1435 -1.14580012832337 0.9746650318351771 0
1436 -1.224404448810982 1.043693332505286 0
1437 -1.309297114758928 1.118243897072096 0
1438 -1.400981194218974 1.198758507011731 0
1439 -0.4257170496535755 0.303938828744851 0
1440 -0.4450885927797718 0.3197102631901964 0
1441 -0.4660098593893461 0.3367434124182663 0
1442 -0.4886048278454118 0.3551392140060905 0
1443 -0.5130073938433402 0.3750066797741679 0
1444 -0.5393621646418236 0.3964635424134839 0
1445 -0.5678253174238383 0.4196369543241921 0
1446 -0.5985655225763822 0.4446642393082256 0
1447 -0.6317649441797477 0.471693707122423 0
1448 -0.6676203193682325 0.5008855322452098 0
1449 -0.706344124151314 0.5324127030354824 0
1450 -0.7481658338992885 0.5664620479630151 0
1451 -0.7933332806225069 0.6032353406438415 0
1452 -0.8421141229381341 0.6429504966207166 0
1453 -0.8947974328644173 0.6858428652592563 0
1454 -0.9516954072483954 0.7321666231149914 0
1455 -1.013145219303243 0.7821962813713451 0
1456 -1.079511016798226 0.8362283126755391 0
1457 -1.151186078186706 0.8945829065605175 0
1458 -1.228595144347477 0.9576058678432985 0
1459 -1.312196935625153 1.025670665885446 0
1460 -1.402486870437713 1.099180647960395 0
1461 -0.4410428300814076 0.2792426592781781 0
1462 -0.4601380176939987 0.2935274094515554 0
1463 -0.4807608203484044 0.3089549396633452 0
1464 -0.5030334477255023 0.3256166726738541 0
1465 -0.5270878853572127 0.3436113443734132 0
1466 -0.5530666775270183 0.3630455894555123 0
1467 -0.5811237733855007 0.3840345743798943 0
1468 -0.6114254370585185 0.4067026782073393 0
1469 -0.644151233863445 0.4311842303694575 0
1470 -0.679495094271658 0.4576243065989851 0
1471 -0.7176664630980445 0.4861795886168077 0
1472 -0.7588915420044821 0.5170192936254097 0
1473 -0.8034146274160527 0.5503261751787941 0
1474 -0.8514995595171758 0.5862976071491941 0
1475 -0.9034312864085786 0.6251467538434424 0
1476 -0.9595175511196848 0.6671038320251604 0
1477 -1.020090716731823 0.712417476255053 0
1478 -1.085509736061893 0.7613562123741574 0
1479 -1.156162277030929 0.8142100474520322 0
1480 -1.232467021140679 0.8712921892337934 0
1481 -1.314876144605762 0.9329409022283429 0
1482 -1.403877998177403 0.9995215124340301 0
1483 -0.4550584319285451 0.2537232500285856 0
1484 -0.4739008892566857 0.2665361606456749 0
1485 -0.4942507432034507 0.2803741041341452 0
1486 -0.5162285859695419 0.295319083444132 0
1487 -0.5399646562205124 0.3114596611421605 0
1488 -0.5655996116253714 0.3288914847390217 0
1489 -0.5932853637735415 0.3477178544350596 0
1490 -0.6231859762374914 0.3680503338046507 0
1491 -0.6554786377361208 0.3900094115493522 0
1492 -0.6903547120154006 0.4137252154189464 0
1493 -0.728020871828025 0.4393382833199887 0
1494 -0.7687003249920029 0.4670003970382294 0
1495 -0.8126341345991687 0.4968754799831769 0
1496 -0.8600826488334313 0.5291405694675162 0
1497 -0.9113270444256841 0.5639868662596924 0
1498 -0.9666709913380979 0.6016208665727326 0
1499 -1.026442453731299 0.6422655867257161 0
1500 -1.09099563357871 0.6861618848056115 0
1501 -1.160713067905248 0.7335698867940065 0
1502 -1.236007896842912 0.7847705288496739 0
1503 -1.317326311924438 0.840067222153412 0
1504 -1.405150200438802 0.8997876510753442 0
1505 -0.4677197569290311 0.2274553583919198 0
1506 -0.4863339043848027 0.2388099261379621 0
1507 -0.506437183669017 0.251072859323196 0
1508 -0.528148725793452 0.2643168274667118 0
1509 -0.5515971913506623 0.2786203131000294 0
1510 -0.5769215336919099 0.2940680773030846 0
1511 -0.6042718237276122 0.3107516628297476 0
1512 -0.6338101371083527 0.3287699352852744 0
1513 -0.665711515596661 0.3482296695598794 0
1514 -0.7001650042264806 0.3692461824925458 0
1515 -0.7373747715426442 0.3919440162133613 0
1516 -0.7775613208035823 0.4164576769731241 0
1517 -0.8209627941931614 0.4429324307082043 0
1518 -0.8678363853141453 0.4715251646568369 0
1519 -0.9184598639414002 0.5024053174534807 0
1520 -0.9731332205355812 0.5357558822766719 0
1521 -1.032180445388389 0.5717744921216861 0
1522 -1.095951448686568 0.6106745910331588 0
1523 -1.16482413233883 0.6526866979125885 0
1524 -1.239206630549911 0.6980597732610219 0
1525 -1.3195397284488 0.7470626945341934 0
1526 -1.406299474403175 0.7999858496455983 0
1527 -0.47898696784618 0.2005160968239411 0
1528 -0.4973979441894221 0.2104244278871374 0
1529 -0.5172817986717552 0.2211254254524126 0
1530 -0.5387563620047284 0.232682503087721 0
1531 -0.5619488904664752 0.2451641469672936 0
1532 -0.5869968207496479 0.2586443221120863 0
1533 -0.6140485857592771 0.273202911431961 0
1534 -0.643264492110307 0.2889261879731096 0
1535 -0.6748176710061222 0.305907326657303 0
1536 -0.7088951040775515 0.324246956363012 0
1537 -0.7456987313950632 0.3440537562301059 0
1538 -0.7854466494513503 0.3654451003843802 0
1539 -0.8283744011378573 0.3885477521709442 0
1540 -0.8747363728210484 0.413498616026038 0
1541 -0.9248073024531234 0.4404455491048317 0
1542 -0.9788839061360384 0.4695482366578604 0
1543 -1.037286637847614 0.5009791390719919 0
1544 -1.100361588548273 0.5349245139225929 0
1545 -1.168482535394227 0.5715855188092711 0
1546 -1.242053157855951 0.6111794040158942 0
1547 -1.321509429947382 0.6539407999490473 0
1548 -1.40732220402726 0.7001231076758611 0
1549 -0.4888246138883408 0.1729846900606979 0
1550 -0.5070581971299755 0.1814574620434276 0
1551 -0.5267504670622678 0.1906080557993328 0
1552 -0.5480181190764559 0.2004906972821545 0
1553 -0.5709871833133159 0.2111639501121967 0
1554 -0.5957937722380002 0.2226910629590142 0
1555 -0.6225848885775341 0.2351403449733873 0
1556 -0.6515192943635068 0.2485855696136289 0
1557 -0.6827684526487064 0.2631064122419806 0
1558 -0.7165175434619815 0.2787889222179896 0
1559 -0.7529665611445371 0.2957260328081674 0
1560 -0.7923315007897402 0.3140181125002239 0
1561 -0.8348456357904867 0.3337735586531121 0
1562 -0.8807609014543886 0.3551094404346149 0
1563 -0.9303493885835673 0.3781521928572259 0
1564 -0.9839049543664342 0.4030383653265076 0
1565 -1.041744965148521 0.4299154314709305 0
1566 -1.104212177240975 0.4589426631149908 0
1567 -1.171676766389209 0.4902920733316459 0
1568 -1.244538522538666 0.5241494363049295 0
1569 -1.323229219014459 0.5607153882391157 0
1570 -1.408215171427318 0.6002066164298028 0
1571 -0.497201742149344 0.1449422260888535 0
1572 -0.5152842684451997 0.1519886544094134 0
1573 -0.5348133968757911 0.1595987970077247 0
1574 -0.5559048560641053 0.1678177512022242 0
1575 -0.5786836320485116 0.1766942217560648 0
1576 -0.6032847096642833 0.1862808097798743 0
1577 -0.629853873787699 0.1966343249618625 0
1578 -0.6585485711791097 0.2078161214122332 0
1579 -0.689538844397882 0.2198924615926812 0
1580 -0.7230083393405312 0.232934908935494 0
1581 -0.7591553934860904 0.2470207519127807 0
1582 -0.7981942125067967 0.2622334625400434 0
1583 -0.840356137231563 0.2786631900885664 0
1584 -0.8858910157985403 0.2964072957880641 0
1585 -0.9350686848612826 0.3155709300255132 0
1586 -0.988180567135022 0.3362676548795895 0
1587 -1.045541399729433 0.3586201176201966 0
1588 -1.107491099375488 0.3827607775531058 0
1589 -1.174396775080877 0.4088326903148041 0
1590 -1.246654904713145 0.4369903560469535 0
1591 -1.324693684551746 0.4674006349736702 0
1592 -1.408975566994623 0.5002437362991587 0
1593 -0.5040919951192668 0.1164714006728541 0
1594 -0.5220502759055812 0.1220992095738998 0
1595 -0.5414452191856548 0.1281772431966981 0
1596 -0.5623917584080889 0.1347415196597297 0
1597 -0.5850140208289255 0.141830938258797 0
1598 -0.6094460637991155 0.14948751020655 0
1599 -0.6358326705032536 0.1577566080029885 0
1600 -0.6643302058808949 0.1666872336661295 0
1601 -0.6951075441245487 0.1763323093935413 0
1602 -0.728347069294988 0.1867489911375581 0
1603 -0.7642457560892573 0.197999007298938 0
1604 -0.8030163383668363 0.2101490249223822 0
1605 -0.8448885674077714 0.2232710440124711 0
1606 -0.8901105746371445 0.2374428245875116 0
1607 -0.9389503426538282 0.2527483476740399 0
1608 -0.9916972917999818 0.2692783125097577 0
1609 -1.048663996618396 0.2871306744510315 0
1610 -1.110188038263321 0.3064112254858207 0
1611 -1.17663400332689 0.3272342206306729 0
1612 -1.248395645466881 0.3497230553467925 0
1613 -1.325898218814952 0.3740109967890828 0
1614 -1.409600998246563 0.4002419736143514 0
1615 -0.5094736934871553 0.08765625756781384 0
1616 -0.5273349311229737 0.09187165580929996 0
1617 -0.5466250678003448 0.09642428591734746 0
1618 -0.5674584158892668 0.1013411265466998 0
1619 -0.5899584318855827 0.106651314440627 0
1620 -0.6142584487196917 0.1123863172617735 0
1621 -0.6405024671952605 0.1185801203781706 0
1622 -0.6688460072853057 0.1252694277760784 0
1623 -0.6994570306181624 0.1324938797742226 0
1624 -0.732516935685658 0.1402962879010676 0
1625 -0.7682216327708544 0.1487228885865601 0
1626 -0.8067827061597179 0.1578236174535934 0
1627 -0.8484286655998619 0.1676524046725111 0
1628 -0.8934063016611085 0.1782674948372916 0
1629 -0.9419821488150868 0.1897317922643045 0
1630 -0.994444063431204 0.2021132334122734 0
1631 -1.05110293095858 0.2154851897911829 0
1632 -1.112294508326801 0.229926902783931 0
1633 -1.178381411971059 0.2455239528365326 0
1634 -1.24975526777889 0.2623687668631407 0
1635 -1.326839031889109 0.2805611659735879 0
1636 -1.410089497342676 0.3002089570635015 0
1637 -0.5133299044607137 0.05858192366190133 0
1638 -0.5311216066383422 0.06138958498995363 0
1639 -0.5503366450207487 0.06442185922907395 0
1640 -0.5710888869492505 0.06769671548236175 0
1641 -0.5935013082920777 0.07123356024538807 0
1642 -0.6177067229021396 0.07505335251999115 0
1643 -0.6438485709745899 0.07917872822289201 0
1644 -0.6720817670287362 0.08363413400347101 0
1645 -0.7025736188026834 0.08844597225209364 0
1646 -0.735504818587071 0.09364275753985822 0
1647 -0.7710705139680196 0.09925528558970043 0
1648 -0.8094814655142053 0.1053168159679193 0
1649 -0.8509652933635561 0.1118632688047172 0
1650 -0.8957678273072681 0.1189334378473781 0
1651 -0.9441545641735001 0.1265692204461216 0
1652 -0.9964122396800583 0.1348158656040066 0
1653 -1.052850528970116 0.1437222423339617 0
1654 -1.113803881840325 0.1533411292712669 0
1655 -1.179633503026393 0.1637295271771659 0
1656 -1.250729493779877 0.1749489968954214 0
1657 -1.327513163632033 0.1870660241656345 0
1658 -1.410439527286056 0.2001524136511872 0
1659 -0.5156484949555178 0.02933434158376639 0
1660 -0.5333983881518649 0.03073739002119346 0
1661 -0.5525682728344155 0.03225268233602522 0
1662 -0.5732717487659555 0.03388919807354156 0
1663 -0.595631502831923 0.03565663507479436 0
1664 -0.6197800367840105 0.037565467001434 0
1665 -0.6458604537451592 0.03962700550535668 0
1666 -0.6740273041987799 0.04185346710031029 0
1667 -0.7044475027240762 0.04425804562565716 0
1668 -0.7373013170002296 0.04685499042266378 0
1669 -0.772783436033193 0.04965969077297602 0
1670 -0.8111041251222986 0.05268876719348445 0
1671 -0.85249046951758 0.05596016974178643 0
1672 -0.8971877213312118 0.05949328448341801 0
1673 -0.9454607534964704 0.06330904842070578 0
1674 -0.9975956279267034 0.06743007344861121 0
1675 -1.053901292054934 0.07188078045848018 0
1676 -1.114711409749343 0.0766875440635961 0
1677 -1.180386336945344 0.08187884876392232 0
1678 -1.251315258189855 0.08748545783022244 0
1679 -1.3279184929727 0.09354059560908229 0
1680 -1.410649986751366 0.1000801444271029 0
1681 -0.516422169835469 -1.098211081017478e-09 0
1682 -0.5341581120738326 -1.078308824909413e-09 0
1683 -0.5533129297217372 -1.056814305428115e-09 0
1684 -0.5740001332554865 -1.033600268820436e-09 0
1685 -0.5963423131317932 -1.008529150850337e-09 0
1686 -0.620471866959392 -9.814522850932201e-10 0
1687 -0.6465317853858624 -9.522092986129219e-10 0
1688 -0.6746764974219247 -9.206268580741676e-10 0
1689 -0.7050727864562294 -8.865177944970607e-10 0
1690 -0.7379007784822154 -8.496799804457279e-10 0
1691 -0.7733550094853008 -8.098952294099099e-10 0
1692 -0.8116455795017181 -7.6692763996143e-10 0
1693 -0.8529993952983567 -7.205227286434851e-10 0
1694 -0.8976615162255582 -6.704053646174946e-10 0
1695 -0.9458966070333099 -6.162786667489948e-10 0
1696 -0.997990504797678 -5.57821606911143e-10 0
1697 -1.054251914126975 -4.946882734522112e-10 0
1698 -1.115014236638195 -4.265040419013941e-10 0
1699 -1.180637545036283 -3.528654136787307e-10 0
1700 -1.251510717979148 -2.733352334880673e-10 0
1701 -1.328053744596342 -1.874427678487996e-10 0
1702 -1.410720213555937 -9.4679135645734e-11 0
1703 -0.515648494841316 -0.029334343617149 0
1704 -0.5333983880397222 -0.0307373920177241 0
1705 -0.5525682727244969 -0.03225268429275581 0
1706 -0.5732717486584389 -0.03388919998728809 0
1707 -0.5956315027270006 -0.03565663694211806 0
1708 -0.61978003668189 -0.03756546881862109 0
1709 -0.645860453646064 -0.03962700726839621 0
1710 -0.6740273041029531 -0.04185346880487051 0
1711 -0.7044475026317786 -0.0442580472670597 0
1712 -0.7373013169117433 -0.04685499199585591 0
1713 -0.7727834359488233 -0.04965969227250104 0
1714 -0.8111041250423745 -0.05268876861344898 0
1715 -0.8524904694424578 -0.05596017107582547 0
1716 -0.8971877212612751 -0.05949328572465779 0
1717 -0.9454607534321343 -0.06330904956172223 0
1718 -0.9975956278684159 -0.06743007448138638 0
1719 -1.053901292003179 -0.07188078137435486 0
1720 -1.114711409704643 -0.0766875448532181 0
1721 -1.180386336908263 -0.08187884941719181 0
1722 -1.251315258161004 -0.08748545833623084 0
1723 -1.327918492952736 -0.09354059595604894 0
1724 -1.410649986741 -0.1000801446023042 0
1725 -0.5133299042553924 -0.05858192548402296 0
1726 -0.5311216064367232 -0.06138958677904711 0
1727 -0.5503366448231282 -0.06442186098249704 0
1728 -0.5710888867559485 -0.06769671719726078 0
1729 -0.5935013081034395 -0.07123356191868115 0
1730 -0.6177067227185384 -0.07505335414834974 0
1731 -0.6438485707964288 -0.07917872980272148 0
1732 -0.6720817668564506 -0.08363413553088887 0
1733 -0.7025736186367429 -0.08844597372290705 0
1734 -0.7355048184279831 -0.09364275894953869 0
1735 -0.7710705138163327 -0.09925528693335758 0
1736 -0.8094814653705118 -0.105316817240271 0
1737 -0.8509652932284948 -0.1118632700000593 0
1738 -0.8957678271815301 -0.1189334389595497 0
1739 -0.9441545640578308 -0.126569221468469 0
1740 -0.996412239575264 -0.1348158665293439 0
1741 -1.052850528877066 -0.143722243154528 0
1742 -1.11380388175996 -0.1533411299786804 0
1743 -1.179633502959727 -0.1637295277623749 0
1744 -1.250729493728005 -0.1749489973486489 0
1745 -1.327513163596139 -0.1870660244763225 0
1746 -1.410439527267418 -0.2001524138079323 0
1747 -0.5094736932134588 -0.0876562591785337 0
1748 -0.5273349308542126 -0.09187165739081801 0
1749 -0.5466250675369136 -0.09642428746732747 0
1750 -0.5674584156315923 -0.1013411280626188 0
1751 -0.5899584316341252 -0.1066513159197601 0
1752 -0.6142584484749485 -0.1123863187011777 0
1753 -0.6405024669577687 -0.1185801217746678 0
1754 -0.668846007055646 -0.1252694291262359 0
1755 -0.6994570303969607 -0.1324938810743331 0
1756 -0.7325169354735916 -0.1402962891471276 0
1757 -0.7682216325686537 -0.1487228897742455 0
1758 -0.806782705968172 -0.1578236185782341 0
1759 -0.8484286654198234 -0.1676524057290638 0
1760 -0.8934063014934979 -0.1782674958203088 0
1761 -0.9419821486608986 -0.1897317931679038 0
1762 -0.9944440632915114 -0.2021132342301012 0
1763 -1.051102930834543 -0.2154851905163773 0
1764 -1.112294508219673 -0.2299269034090818 0
1765 -1.178381411882192 -0.2455239533536357 0
1766 -1.249755267709744 -0.2623687672635527 0
1767 -1.326839031841262 -0.2805611662479734 0
1768 -1.410089497317832 -0.3002089572017788 0
1769 -0.5040919947727003 -0.1164714021911315 0
1770 -0.5220502755652641 -0.1220992110646564 0
1771 -0.5414452188520869 -0.1281772446577324 0
1772 -0.5623917580818101 -0.134741521088664 0
1773 -0.5850140205105189 -0.1418309396530633 0
1774 -0.6094460634892115 -0.1494875115633748 0
1775 -0.6358326702025315 -0.1577566093193764 0
1776 -0.6643302055900898 -0.1666872349388457 0
1777 -0.6951075438444536 -0.1763323106190918 0
1778 -0.72834706902646 -0.1867489923121698 0
1779 -0.7642457558332216 -0.1979990084185358 0
1780 -0.8030163381242925 -0.2101490259825651 0
1781 -0.8448885671797987 -0.2232710450084858 0
1782 -0.8901105744249085 -0.2374428255142247 0
1783 -0.938950342458588 -0.2527483485259073 0
1784 -0.9916972916230973 -0.2692783132807916 0
1785 -1.048663996461335 -0.2871306751347653 0
1786 -1.11018803812767 -0.3064112260752703 0
1787 -1.176634003214362 -0.3272342211182956 0
1788 -1.248395645379325 -0.3497230557244423 0
1789 -1.325898218754365 -0.3740109970479617 0
1790 -1.409600998215105 -0.4002419737449578 0
1791 -0.4972017417635141 -0.1449422274279811 0
1792 -0.5152842680663272 -0.1519886557242652 0
1793 -0.5348133965044326 -0.1595987982963584 0
1794 -0.5559048557008619 -0.1678177524625426 0
1795 -0.578683631694032 -0.1766942229858026 0
1796 -0.603284709319269 -0.1862808109765848 0
1797 -0.6298538734529076 -0.1966343261229039 0
1798 -0.6585485708553586 -0.2078161225347518 0
1799 -0.6895388440860547 -0.2198924626735951 0
1800 -0.7230083390415813 -0.2329349099714749 0
1801 -0.759155393201048 -0.247020752900234 0
1802 -0.7981942122367749 -0.2622334634750869 0
1803 -0.8403561369777628 -0.2786631909670071 0
1804 -0.8858910155622599 -0.296407296605374 0
1805 -0.9350686846439237 -0.3155709307768019 0
1806 -0.9881805669380979 -0.3362676555595753 0
1807 -1.045541399554579 -0.3586201182231749 0
1808 -1.107491099224468 -0.3827607780729163 0
1809 -1.174396774955601 -0.4088326907447932 0
1810 -1.24665490461567 -0.4369903563799358 0
1811 -1.324693684484297 -0.467400635201885 0
1812 -1.408975566959601 -0.5002437364142246 0
1813 -0.488824613457813 -0.172984691290972 0
1814 -0.5070581967072108 -0.181457463251403 0
1815 -0.5267504666478875 -0.1906080569832254 0
1816 -0.5480181186711308 -0.2004906984400379 0
1817 -0.5709871829177702 -0.2111639512419901 0
1818 -0.5957937718530162 -0.2226910640584702 0
1819 -0.6225848882039574 -0.2351403460400792 0
1820 -0.6515192940022491 -0.2485855706449355 0
1821 -0.682768452300754 -0.2631064132350712 0
1822 -0.7165175431283983 -0.2787889231698064 0
1823 -0.7529665608264728 -0.2957260337154091 0
1824 -0.7923315004884364 -0.3140181133593241 0
1825 -0.834845635507284 -0.3337735594602196 0
1826 -0.8807609011907354 -0.3551094411855701 0
1827 -0.9303493883410272 -0.3781521935475372 0
1828 -0.9839049541466965 -0.4030383659513229 0
1829 -1.041744964953411 -0.4299154320250105 0
1830 -1.104212177072461 -0.4589426635926762 0
1831 -1.171676766249419 -0.4902920737268258 0
1832 -1.244538522429898 -0.5241494366110031 0
1833 -1.323229218939195 -0.5607153884489543 0
1834 -1.408215171388239 -0.6002066165357079 0
1835 -0.4789869674071389 -0.2005160978837894 0
1836 -0.4973979437582977 -0.2104244289277742 0
1837 -0.5172817982491809 -0.2211254264723013 0
1838 -0.5387563615913884 -0.2326825040852016 0
1839 -0.5619488900631079 -0.2451641479405736 0
1840 -0.5869968203570515 -0.2586443230592292 0
1841 -0.614048585378313 -0.2732029123508762 0
1842 -0.6432644917419057 -0.2889261888615388 0
1843 -0.6748176706512893 -0.3059073275128074 0
1844 -0.7088951037373721 -0.3242469571829577 0
1845 -0.7456987310707093 -0.3440537570116479 0
1846 -0.7854466491440886 -0.3654451011244463 0
1847 -0.8283744008490544 -0.3885477528662162 0
1848 -0.8747363725521815 -0.4134986166729329 0
1849 -0.9248073022057874 -0.440445549699479 0
1850 -0.9788839059119556 -0.4695482371960801 0
1851 -1.037286637648645 -0.5009791395492695 0
1852 -1.100361588376426 -0.5349245143340539 0
1853 -1.168482535251673 -0.5715855191496496 0
1854 -1.242053157745033 -0.611179404279504 0
1855 -1.32150942987063 -0.6539408001297469 0
1856 -1.407322203987408 -0.7001231077670171 0
1857 -0.4677197565046615 -0.2274553592730547 0
1858 -0.4863339039680853 -0.2388099270031225 0
1859 -0.506437183260564 -0.251072860171104 0
1860 -0.5281487253939243 -0.264316828295987 0
1861 -0.5515971909607748 -0.2786203139091816 0
1862 -0.5769215333124329 -0.2940680780905036 0
1863 -0.6042718233593788 -0.3107516635936949 0
1864 -0.6338101367522626 -0.3287699360238723 0
1865 -0.6657115152536855 -0.3482296702710999 0
1866 -0.700165003897669 -0.3692461831741986 0
1867 -0.7373747712291294 -0.3919440168630812 0
1868 -0.7775613205065883 -0.4164576775883562 0
1869 -0.8209627939140097 -0.4429324312861896 0
1870 -0.8678363850542632 -0.471525165194596 0
1871 -0.9184598637023297 -0.5024053179477951 0
1872 -0.9731332203189865 -0.5357558827240664 0
1873 -1.032180445196069 -0.5717744925184066 0
1874 -1.095951448520464 -0.6106745913751516 0
1875 -1.164824132201039 -0.6526866981954755 0
1876 -1.239206630442699 -0.6980597734800748 0
1877 -1.319539728374613 -0.7470626946843054 0
1878 -1.406299474364654 -0.7999858497212531 0
1879 -0.4550584315469722 -0.2537232507189247 0
1880 -0.4739008888819934 -0.2665361613234942 0
1881 -0.4942507428361894 -0.2803741047984432 0
1882 -0.5162285856103063 -0.2953190840938271 0
1883 -0.539964655869944 -0.3114596617760841 0
1884 -0.565599611284164 -0.3288914853559124 0
1885 -0.5932853634424441 -0.3477178550335547 0
1886 -0.6231859759173125 -0.3680503343832785 0
1887 -0.6554786374277343 -0.3900094121065235 0
1888 -0.6903547117197489 -0.4137252159529445 0
1889 -0.7280208715461278 -0.4393382838289598 0
1890 -0.7687003247249606 -0.4670003975201716 0
1891 -0.8126341343481689 -0.4968754804359274 0
1892 -0.8600826485997577 -0.5291405698887399 0
1893 -0.9113270442107231 -0.5639868666468669 0
1894 -0.9666709911433463 -0.6016208669231347 0
1895 -1.026442453558374 -0.6422655870364036 0
1896 -1.090995633429357 -0.6861618850734067 0
1897 -1.160713067781354 -0.7335698870154783 0
1898 -1.236007896746512 -0.7847705290211169 0
1899 -1.317326311857733 -0.840067222270824 0
1900 -1.405150200404166 -0.8997876511344023 0
1901 -0.4410428297423673 -0.2792426598177055 0
1902 -0.4601380173610721 -0.2935274099812968 0
1903 -0.4807608200220805 -0.3089549401825178 0
1904 -0.5030334474063094 -0.3256166731816124 0
1905 -0.527087885045721 -0.3436113448688439 0
1906 -0.5530666772238441 -0.3630455899376294 0
1907 -0.5811237730913094 -0.3840345748476325 0
1908 -0.6114254367740285 -0.4067026786595483 0
1909 -0.6441512335894329 -0.4311842308048951 0
1910 -0.6794950940089617 -0.4576243070163095 0
1911 -0.7176664628475692 -0.4861795890145698 0
1912 -0.7588915417672055 -0.5170192940020448 0
1913 -0.8034146271930307 -0.5503261755326114 0
1914 -0.851499559309549 -0.5862976074783689 0
1915 -0.9034312862175786 -0.6251467541460027 0
1916 -0.9595175509466417 -0.6671038322989776 0
1917 -1.020090716578174 -0.7124174764978275 0
1918 -1.085509735929189 -0.7613562125834054 0
1919 -1.156162276920844 -0.8142100476250722 0
1920 -1.232467021055024 -0.8712921893677281 0
1921 -1.314876144546492 -0.9329409023200442 0
1922 -1.403877998146628 -0.9995215124801192 0
1923 -0.4257170493674426 -0.3039388291480786 0
1924 -0.4450885924987987 -0.3197102635861099 0
1925 -0.4660098591139453 -0.3367434128062807 0
1926 -0.4886048275760291 -0.355139214385574 0
1927 -0.5130073935804569 -0.3750066801444379 0
1928 -0.5393621643859601 -0.3964635427738036 0
1929 -0.5678253171755562 -0.4196369546737652 0
1930 -0.5985655223362872 -0.4446642396461922 0
1931 -0.6317649439484954 -0.471693707447855 0
1932 -0.6676203191465301 -0.5008855325571044 0
1933 -0.7063441239399257 -0.5324127033327564 0
1934 -0.7481658336990393 -0.5664620482444993 0
1935 -0.7933332804342877 -0.6032353409082718 0
1936 -0.8421141227629076 -0.6429504968667291 0
1937 -0.8947974327032232 -0.6858428654853777 0
1938 -0.9516954071023559 -0.7321666233196304 0
1939 -1.013145219173571 -0.7821962815527834 0
1940 -1.079511016686229 -0.8362283128319199 0
1941 -1.151186078093801 -0.8945829066898368 0
1942 -1.228595144275189 -0.957605867943391 0
1943 -1.312196935575132 -1.025670665953974 0
1944 -1.402486870411741 -1.099180647994833 0
1945 -0.4091293109830493 -0.3277395915394531 0
1946 -0.4287999653395959 -0.3450138562906648 0
1947 -0.4500442720784619 -0.3636700622516526 0
1948 -0.4729881238821571 -0.3838187651511928 0
1949 -0.4977674838965346 -0.4055793643409956 0
1950 -0.5245291922253825 -0.4290808110385929 0
1951 -0.5534318375451273 -0.4544623737570433 0
1952 -0.5846466946407032 -0.4818744616249175 0
1953 -0.6183587403431404 -0.5114795165566587 0
1954 -0.6547677495564121 -0.5434529757552877 0
1955 -0.694089479079771 -0.577984311314849 0
1956 -0.7365569475562351 -0.6152781542383839 0
1957 -0.7824218137092398 -0.6555555047700519 0
1958 -0.8319558690067905 -0.6990550432145519 0
1959 -0.8854526489570311 -0.7460345449356138 0
1960 -0.9432291709616892 -0.7967724064943742 0
1961 -1.00562781444255 -0.8515692967282853 0
1962 -1.073018349884973 -0.9107499386051492 0
1963 -1.145800128258138 -0.9746650319158954 0
1964 -1.224404448760227 -1.043693332567739 0
1965 -1.309297114723807 -1.118243897114823 0
1966 -1.400981194200738 -1.198758507033153 0
1967 -0.3913318057734124 -0.3505755970537237 0
1968 -0.4113233859527097 -0.3693700886796504 0
1969 -0.4329142925806983 -0.3896681396679423 0
1970 -0.4562324722732228 -0.4115900352376007 0
1971 -0.4814161064086188 -0.4352656825162615 0
1972 -0.5086144307802272 -0.4608353811122131 0
1973 -0.5379886214314478 -0.4884506559059715 0
1974 -0.56971274748747 -0.5182751528267904 0
1975 -0.6039748036678285 -0.5504856095387428 0
1976 -0.6409778241948838 -0.5852729026487657 0
1977 -0.6809410859301628 -0.6228431787996339 0
1978 -0.7241014092051468 -0.663419077607474 0
1979 -0.7707145585437899 -0.7072410485095261 0
1980 -0.8210567596794205 -0.7545687769426265 0
1981 -0.8754263371385221 -0.8056827238690661 0
1982 -0.9341454804471764 -0.8608857862232343 0
1983 -0.9975621549317172 -0.9205050932942239 0
1984 -1.066052163865996 -0.9848939453924672 0
1985 -1.140021373611922 -1.054433905749673 0
1986 -1.21990811999429 -1.129537062800801 0
1987 -1.306185805905661 -1.210648472245304 0
1988 -1.399365706930058 -1.298248794671107 0
1989 -0.3505755969445477 -0.3913318058709895 0
1990 -0.3693700885724577 -0.4113233860485275 0
1991 -0.3896681395628909 -0.4329142926746156 0
1992 -0.4115900351348623 -0.4562324723650878 0
1993 -0.435265682416021 -0.4814161064982674 0
1994 -0.4608353810146704 -0.5086144308674819 0
1995 -0.4884506558113425 -0.5379886215161173 0
1996 -0.518275152735308 -0.5697127475693474 0
1997 -0.5504856094506592 -0.6039748037466904 0
1998 -0.5852729025643524 -0.6409778242704889 0
1999 -0.6228431787191845 -0.6809410860022505 0
2000 -0.6634190775313056 -0.7241014092734357 0
2001 -0.7072410484379814 -0.7707145586079764 0
2002 -0.7545687768760749 -0.8210567597391765 0
2003 -0.8056827238079076 -0.8754263371934925 0
2004 -0.8608857861679005 -0.934145480496979 0
2005 -0.9205050932451803 -0.9975621549759383 0
2006 -0.9848939453502171 -1.066052163904189 0
2007 -1.05443390571476 -1.140021373643605 0
2008 -1.129537062773812 -1.219908120018943 0
2009 -1.210648472226873 -1.306185805922719 0
2010 -1.298248794661918 -1.399365706938915 0
2011 -0.3277395912875578 -0.4091293111839496 0
2012 -0.3450138560433406 -0.4287999655368734 0
2013 -0.3636700620092647 -0.4500442722718271 0
2014 -0.3838187649141364 -0.4729881240712969 0
2015 -0.405579364109697 -0.4977674840811108 0
2016 -0.4290808108135128 -0.5245291924050304 0
2017 -0.4544623735386789 -0.5534318377194518 0
2018 -0.4818744614138066 -0.5846466948092797 0
2019 -0.5114795163533814 -0.6183587405055083 0
2020 -0.5434529755604708 -0.6547677497120745 0
2021 -0.5779843111291689 -0.6940894792281915 0
2022 -0.6152781540625718 -0.736556947696835 0
2023 -0.6555555046048969 -0.7824218138413928 0
2024 -0.6990550430609069 -0.831955869129821 0
2025 -0.7460345447943997 -0.8854526490702095 0
2026 -0.7967724063665856 -0.9432291710642271 0
2027 -0.851569296614996 -1.005627814533596 0
2028 -0.9107499385075186 -1.073018349963607 0
2029 -0.9746650318351771 -1.14580012832337 0
2030 -1.043693332505286 -1.224404448810982 0
2031 -1.118243897072096 -1.309297114758928 0
2032 -1.198758507011731 -1.400981194218974 0
2033 -0.303938828744851 -0.4257170496535755 0
2034 -0.3197102631901964 -0.4450885927797718 0
2035 -0.3367434124182663 -0.4660098593893461 0
2036 -0.3551392140060905 -0.4886048278454118 0
2037 -0.3750066797741679 -0.5130073938433402 0
2038 -0.3964635424134839 -0.5393621646418236 0
2039 -0.4196369543241921 -0.5678253174238383 0
2040 -0.4446642393082256 -0.5985655225763822 0
2041 -0.471693707122423 -0.6317649441797477 0
2042 -0.5008855322452098 -0.6676203193682325 0
2043 -0.5324127030354824 -0.706344124151314 0
2044 -0.5664620479630151 -0.7481658338992885 0
2045 -0.6032353406438415 -0.7933332806225069 0
2046 -0.6429504966207166 -0.8421141229381341 0
2047 -0.6858428652592563 -0.8947974328644173 0
2048 -0.7321666231149914 -0.9516954072483954 0
2049 -0.7821962813713451 -1.013145219303243 0
2050 -0.8362283126755391 -1.079511016798226 0
2051 -0.8945829065605175 -1.151186078186706 0
2052 -0.9576058678432985 -1.228595144347477 0
2053 -1.025670665885446 -1.312196935625153 0
2054 -1.099180647960395 -1.402486870437713 0
2055 -0.2792426592781781 -0.4410428300814076 0
2056 -0.2935274094515554 -0.4601380176939987 0
2057 -0.3089549396633452 -0.4807608203484044 0
2058 -0.3256166726738541 -0.5030334477255023 0
2059 -0.3436113443734132 -0.5270878853572127 0
2060 -0.3630455894555123 -0.5530666775270183 0
2061 -0.3840345743798943 -0.5811237733855007 0
2062 -0.4067026782073393 -0.6114254370585185 0
2063 -0.4311842303694575 -0.644151233863445 0
2064 -0.4576243065989851 -0.679495094271658 0
2065 -0.4861795886168077 -0.7176664630980445 0
2066 -0.5170192936254097 -0.7588915420044821 0
2067 -0.5503261751787941 -0.8034146274160527 0
2068 -0.5862976071491941 -0.8514995595171758 0
2069 -0.6251467538434424 -0.9034312864085786 0
2070 -0.6671038320251604 -0.9595175511196848 0
2071 -0.712417476255053 -1.020090716731823 0
2072 -0.7613562123741574 -1.085509736061893 0
2073 -0.8142100474520322 -1.156162277030929 0
2074 -0.8712921892337934 -1.232467021140679 0
2075 -0.9329409022283429 -1.314876144605762 0
2076 -0.9995215124340301 -1.403877998177403 0
2077 -0.2537232500285856 -0.4550584319285451 0
2078 -0.2665361606456749 -0.4739008892566857 0
2079 -0.2803741041341452 -0.4942507432034507 0
2080 -0.295319083444132 -0.5162285859695419 0
2081 -0.3114596611421605 -0.5399646562205124 0
2082 -0.3288914847390217 -0.5655996116253714 0
2083 -0.3477178544350596 -0.5932853637735415 0
2084 -0.3680503338046507 -0.6231859762374914 0
2085 -0.3900094115493522 -0.6554786377361208 0
2086 -0.4137252154189464 -0.6903547120154006 0
2087 -0.4393382833199887 -0.728020871828025 0
2088 -0.4670003970382294 -0.7687003249920029 0
2089 -0.4968754799831769 -0.8126341345991687 0
2090 -0.5291405694675162 -0.8600826488334313 0
2091 -0.5639868662596924 -0.9113270444256841 0
2092 -0.6016208665727326 -0.9666709913380979 0
2093 -0.6422655867257161 -1.026442453731299 0
2094 -0.6861618848056115 -1.09099563357871 0
2095 -0.7335698867940065 -1.160713067905248 0
2096 -0.7847705288496739 -1.236007896842912 0
2097 -0.840067222153412 -1.317326311924438 0
2098 -0.8997876510753442 -1.405150200438802 0
2099 -0.2274553583919198 -0.4677197569290311 0
2100 -0.2388099261379621 -0.4863339043848027 0
2101 -0.251072859323196 -0.506437183669017 0
2102 -0.2643168274667118 -0.528148725793452 0
2103 -0.2786203131000294 -0.5515971913506623 0
2104 -0.2940680773030846 -0.5769215336919099 0
2105 -0.3107516628297476 -0.6042718237276122 0
2106 -0.3287699352852744 -0.6338101371083527 0
2107 -0.3482296695598794 -0.665711515596661 0
2108 -0.3692461824925458 -0.7001650042264806 0
2109 -0.3919440162133613 -0.7373747715426442 0
2110 -0.4164576769731241 -0.7775613208035823 0
2111 -0.4429324307082043 -0.8209627941931614 0
2112 -0.4715251646568369 -0.8678363853141453 0
2113 -0.5024053174534807 -0.9184598639414002 0
2114 -0.5357558822766719 -0.9731332205355812 0
2115 -0.5717744921216861 -1.032180445388389 0
2116 -0.6106745910331588 -1.095951448686568 0
2117 -0.6526866979125885 -1.16482413233883 0
2118 -0.6980597732610219 -1.239206630549911 0
2119 -0.7470626945341934 -1.3195397284488 0
2120 -0.7999858496455983 -1.406299474403175 0
2121 -0.2005160968239411 -0.47898696784618 0
2122 -0.2104244278871374 -0.4973979441894221 0
2123 -0.2211254254524126 -0.5172817986717552 0
2124 -0.232682503087721 -0.5387563620047284 0
2125 -0.2451641469672936 -0.5619488904664752 0
2126 -0.2586443221120863 -0.5869968207496479 0
2127 -0.273202911431961 -0.6140485857592771 0
2128 -0.2889261879731096 -0.643264492110307 0
2129 -0.305907326657303 -0.6748176710061222 0
2130 -0.324246956363012 -0.7088951040775515 0
2131 -0.3440537562301059 -0.7456987313950632 0
2132 -0.3654451003843802 -0.7854466494513503 0
2133 -0.3885477521709442 -0.8283744011378573 0
2134 -0.413498616026038 -0.8747363728210484 0
2135 -0.4404455491048317 -0.9248073024531234 0
2136 -0.4695482366578604 -0.9788839061360384 0
2137 -0.5009791390719919 -1.037286637847614 0
2138 -0.5349245139225929 -1.100361588548273 0
2139 -0.5715855188092711 -1.168482535394227 0
2140 -0.6111794040158942 -1.242053157855951 0
2141 -0.6539407999490473 -1.321509429947382 0
2142 -0.7001231076758611 -1.40732220402726 0
2143 -0.1729846900606979 -0.4888246138883408 0
2144 -0.1814574620434276 -0.5070581971299755 0
2145 -0.1906080557993328 -0.5267504670622678 0
2146 -0.2004906972821545 -0.5480181190764559 0
2147 -0.2111639501121967 -0.5709871833133159 0
2148 -0.2226910629590142 -0.5957937722380002 0
2149 -0.2351403449733873 -0.6225848885775341 0
2150 -0.2485855696136289 -0.6515192943635068 0
2151 -0.2631064122419806 -0.6827684526487064 0
2152 -0.2787889222179896 -0.7165175434619815 0
2153 -0.2957260328081674 -0.7529665611445371 0
2154 -0.3140181125002239 -0.7923315007897402 0
2155 -0.3337735586531121 -0.8348456357904867 0
2156 -0.3551094404346149 -0.8807609014543886 0
2157 -0.3781521928572259 -0.9303493885835673 0
2158 -0.4030383653265076 -0.9839049543664342 0
2159 -0.4299154314709305 -1.041744965148521 0
2160 -0.4589426631149908 -1.104212177240975 0
2161 -0.4902920733316459 -1.171676766389209 0
2162 -0.5241494363049295 -1.244538522538666 0
2163 -0.5607153882391157 -1.323229219014459 0
2164 -0.6002066164298028 -1.408215171427318 0
2165 -0.1449422260888535 -0.497201742149344 0
2166 -0.1519886544094134 -0.5152842684451997 0
2167 -0.1595987970077247 -0.5348133968757911 0
2168 -0.1678177512022242 -0.5559048560641053 0
2169 -0.1766942217560648 -0.5786836320485116 0
2170 -0.1862808097798743 -0.6032847096642833 0
2171 -0.1966343249618625 -0.629853873787699 0
2172 -0.2078161214122332 -0.6585485711791097 0
2173 -0.2198924615926812 -0.689538844397882 0
2174 -0.232934908935494 -0.7230083393405312 0
2175 -0.2470207519127807 -0.7591553934860904 0
2176 -0.2622334625400434 -0.7981942125067967 0
2177 -0.2786631900885664 -0.840356137231563 0
2178 -0.2964072957880641 -0.8858910157985403 0
2179 -0.3155709300255132 -0.9350686848612826 0
2180 -0.3362676548795895 -0.988180567135022 0
2181 -0.3586201176201966 -1.045541399729433 0
2182 -0.3827607775531058 -1.107491099375488 0
2183 -0.4088326903148041 -1.174396775080877 0
2184 -0.4369903560469535 -1.246654904713145 0
2185 -0.4674006349736702 -1.324693684551746 0
2186 -0.5002437362991587 -1.408975566994623 0
2187 -0.1164714006728541 -0.5040919951192668 0
2188 -0.1220992095738998 -0.5220502759055812 0
2189 -0.1281772431966981 -0.5414452191856548 0
2190 -0.1347415196597297 -0.5623917584080889 0
2191 -0.141830938258797 -0.5850140208289255 0
2192 -0.14948751020655 -0.6094460637991155 0
2193 -0.1577566080029885 -0.6358326705032536 0
2194 -0.1666872336661295 -0.6643302058808949 0
2195 -0.1763323093935413 -0.6951075441245487 0
2196 -0.1867489911375581 -0.728347069294988 0
2197 -0.197999007298938 -0.7642457560892573 0
2198 -0.2101490249223822 -0.8030163383668363 0
2199 -0.2232710440124711 -0.8448885674077714 0
2200 -0.2374428245875116 -0.8901105746371445 0
2201 -0.2527483476740399 -0.9389503426538282 0
2202 -0.2692783125097577 -0.9916972917999818 0
2203 -0.2871306744510315 -1.048663996618396 0
2204 -0.3064112254858207 -1.110188038263321 0
2205 -0.3272342206306729 -1.17663400332689 0
2206 -0.3497230553467925 -1.248395645466881 0
2207 -0.3740109967890828 -1.325898218814952 0
2208 -0.4002419736143514 -1.409600998246563 0
2209 -0.08765625756781384 -0.5094736934871553 0
2210 -0.09187165580929996 -0.5273349311229737 0
2211 -0.09642428591734746 -0.5466250678003448 0
2212 -0.1013411265466998 -0.5674584158892668 0
2213 -0.106651314440627 -0.5899584318855827 0
2214 -0.1123863172617735 -0.6142584487196917 0
2215 -0.1185801203781706 -0.6405024671952605 0
2216 -0.1252694277760784 -0.6688460072853057 0
2217 -0.1324938797742226 -0.6994570306181624 0
2218 -0.1402962879010676 -0.732516935685658 0
2219 -0.1487228885865601 -0.7682216327708544 0
2220 -0.1578236174535934 -0.8067827061597179 0
2221 -0.1676524046725111 -0.8484286655998619 0
2222 -0.1782674948372916 -0.8934063016611085 0
2223 -0.1897317922643045 -0.9419821488150868 0
2224 -0.2021132334122734 -0.994444063431204 0
2225 -0.2154851897911829 -1.05110293095858 0
2226 -0.229926902783931 -1.112294508326801 0
2227 -0.2455239528365326 -1.178381411971059 0
2228 -0.2623687668631407 -1.24975526777889 0
2229 -0.2805611659735879 -1.326839031889109 0
2230 -0.3002089570635015 -1.410089497342676 0
2231 -0.05858192366190133 -0.5133299044607137 0
2232 -0.06138958498995363 -0.5311216066383422 0
2233 -0.06442185922907395 -0.5503366450207487 0
2234 -0.06769671548236175 -0.5710888869492505 0
2235 -0.07123356024538807 -0.5935013082920777 0
2236 -0.07505335251999115 -0.6177067229021396 0
2237 -0.07917872822289201 -0.6438485709745899 0
2238 -0.08363413400347101 -0.6720817670287362 0
2239 -0.08844597225209364 -0.7025736188026834 0
2240 -0.09364275753985822 -0.735504818587071 0
2241 -0.09925528558970043 -0.7710705139680196 0
2242 -0.1053168159679193 -0.8094814655142053 0
2243 -0.1118632688047172 -0.8509652933635561 0
2244 -0.1189334378473781 -0.8957678273072681 0
2245 -0.1265692204461216 -0.9441545641735001 0
2246 -0.1348158656040066 -0.9964122396800583 0
2247 -0.1437222423339617 -1.052850528970116 0
2248 -0.1533411292712669 -1.113803881840325 0
2249 -0.1637295271771659 -1.179633503026393 0
2250 -0.1749489968954214 -1.250729493779877 0
2251 -0.1870660241656345 -1.327513163632033 0
2252 -0.2001524136511872 -1.410439527286056 0
2253 -0.02933434158376639 -0.5156484949555178 0
2254 -0.03073739002119346 -0.5333983881518649 0
2255 -0.03225268233602522 -0.5525682728344155 0
2256 -0.03388919807354156 -0.5732717487659555 0
2257 -0.03565663507479436 -0.595631502831923 0
2258 -0.037565467001434 -0.6197800367840105 0
2259 -0.03962700550535668 -0.6458604537451592 0
2260 -0.04185346710031029 -0.6740273041987799 0
2261 -0.04425804562565716 -0.7044475027240762 0
2262 -0.04685499042266378 -0.7373013170002296 0
2263 -0.04965969077297602 -0.772783436033193 0
2264 -0.05268876719348445 -0.8111041251222986 0
2265 -0.05596016974178643 -0.85249046951758 0
2266 -0.05949328448341801 -0.8971877213312118 0
2267 -0.06330904842070578 -0.9454607534964704 0
2268 -0.06743007344861121 -0.9975956279267034 0
2269 -0.07188078045848018 -1.053901292054934 0
2270 -0.0766875440635961 -1.114711409749343 0
2271 -0.08187884876392232 -1.180386336945344 0
2272 -0.08748545783022244 -1.251315258189855 0
2273 -0.09354059560908229 -1.3279184929727 0
2274 -0.1000801444271029 -1.410649986751366 0
2275 1.098211081017478e-09 -0.516422169835469 0
2276 1.078308824909413e-09 -0.5341581120738326 0
2277 1.056814305428115e-09 -0.5533129297217372 0
2278 1.033600268820436e-09 -0.5740001332554865 0
2279 1.008529150850337e-09 -0.5963423131317932 0
2280 9.814522850932201e-10 -0.620471866959392 0
2281 9.522092986129219e-10 -0.6465317853858624 0
2282 9.206268580741676e-10 -0.6746764974219247 0
2283 8.865177944970607e-10 -0.7050727864562294 0
2284 8.496799804457279e-10 -0.7379007784822154 0
2285 8.098952294099099e-10 -0.7733550094853008 0
2286 7.6692763996143e-10 -0.8116455795017181 0
2287 7.205227286434851e-10 -0.8529993952983567 0
2288 6.704053646174946e-10 -0.8976615162255582 0
2289 6.162786667489948e-10 -0.9458966070333099 0
2290 5.57821606911143e-10 -0.997990504797678 0
2291 4.946882734522112e-10 -1.054251914126975 0
2292 4.265040419013941e-10 -1.115014236638195 0
2293 3.528654136787307e-10 -1.180637545036283 0
2294 2.733352334880673e-10 -1.251510717979148 0
2295 1.874427678487996e-10 -1.328053744596342 0
2296 9.4679135645734e-11 -1.410720213555937 0
2297 0.029334343617149 -0.515648494841316 0
2298 0.0307373920177241 -0.5333983880397222 0
2299 0.03225268429275581 -0.5525682727244969 0
2300 0.03388919998728809 -0.5732717486584389 0
2301 0.03565663694211806 -0.5956315027270006 0
2302 0.03756546881862109 -0.61978003668189 0
2303 0.03962700726839621 -0.645860453646064 0
2304 0.04185346880487051 -0.6740273041029531 0
2305 0.0442580472670597 -0.7044475026317786 0
2306 0.04685499199585591 -0.7373013169117433 0
2307 0.04965969227250104 -0.7727834359488233 0
2308 0.05268876861344898 -0.8111041250423745 0
2309 0.05596017107582547 -0.8524904694424578 0
2310 0.05949328572465779 -0.8971877212612751 0
2311 0.06330904956172223 -0.9454607534321343 0
2312 0.06743007448138638 -0.9975956278684159 0
2313 0.07188078137435486 -1.053901292003179 0
2314 0.0766875448532181 -1.114711409704643 0
2315 0.08187884941719181 -1.180386336908263 0
2316 0.08748545833623084 -1.251315258161004 0
2317 0.09354059595604894 -1.327918492952736 0
2318 0.1000801446023042 -1.410649986741 0
2319 0.05858192548402296 -0.5133299042553924 0
2320 0.06138958677904711 -0.5311216064367232 0
2321 0.06442186098249704 -0.5503366448231282 0
2322 0.06769671719726078 -0.5710888867559485 0
2323 0.07123356191868115 -0.5935013081034395 0
2324 0.07505335414834974 -0.6177067227185384 0
2325 0.07917872980272148 -0.6438485707964288 0
2326 0.08363413553088887 -0.6720817668564506 0
2327 0.08844597372290705 -0.7025736186367429 0
2328 0.09364275894953869 -0.7355048184279831 0
2329 0.09925528693335758 -0.7710705138163327 0
2330 0.105316817240271 -0.8094814653705118 0
2331 0.1118632700000593 -0.8509652932284948 0
2332 0.1189334389595497 -0.8957678271815301 0
2333 0.126569221468469 -0.9441545640578308 0
2334 0.1348158665293439 -0.996412239575264 0
2335 0.143722243154528 -1.052850528877066 0
2336 0.1533411299786804 -1.11380388175996 0
2337 0.1637295277623749 -1.179633502959727 0
2338 0.1749489973486489 -1.250729493728005 0
2339 0.1870660244763225 -1.327513163596139 0
2340 0.2001524138079323 -1.410439527267418 0
2341 0.0876562591785337 -0.5094736932134588 0
2342 0.09187165739081801 -0.5273349308542126 0
2343 0.09642428746732747 -0.5466250675369136 0
2344 0.1013411280626188 -0.5674584156315923 0
2345 0.1066513159197601 -0.5899584316341252 0
2346 0.1123863187011777 -0.6142584484749485 0
2347 0.1185801217746678 -0.6405024669577687 0
2348 0.1252694291262359 -0.668846007055646 0
2349 0.1324938810743331 -0.6994570303969607 0
2350 0.1402962891471276 -0.7325169354735916 0
2351 0.1487228897742455 -0.7682216325686537 0
2352 0.1578236185782341 -0.806782705968172 0
2353 0.1676524057290638 -0.8484286654198234 0
2354 0.1782674958203088 -0.8934063014934979 0
2355 0.1897317931679038 -0.9419821486608986 0
2356 0.2021132342301012 -0.9944440632915114 0
2357 0.2154851905163773 -1.051102930834543 0
2358 0.2299269034090818 -1.112294508219673 0
2359 0.2455239533536357 -1.178381411882192 0
2360 0.2623687672635527 -1.249755267709744 0
2361 0.2805611662479734 -1.326839031841262 0
2362 0.3002089572017788 -1.410089497317832 0
2363 0.1164714021911315 -0.5040919947727003 0
2364 0.1220992110646564 -0.5220502755652641 0
2365 0.1281772446577324 -0.5414452188520869 0
2366 0.134741521088664 -0.5623917580818101 0
2367 0.1418309396530633 -0.5850140205105189 0
2368 0.1494875115633748 -0.6094460634892115 0
2369 0.1577566093193764 -0.6358326702025315 0
2370 0.1666872349388457 -0.6643302055900898 0
2371 0.1763323106190918 -0.6951075438444536 0
2372 0.1867489923121698 -0.72834706902646 0
2373 0.1979990084185358 -0.7642457558332216 0
2374 0.2101490259825651 -0.8030163381242925 0
2375 0.2232710450084858 -0.8448885671797987 0
2376 0.2374428255142247 -0.8901105744249085 0
2377 0.2527483485259073 -0.938950342458588 0
2378 0.2692783132807916 -0.9916972916230973 0
2379 0.2871306751347653 -1.048663996461335 0
2380 0.3064112260752703 -1.11018803812767 0
2381 0.3272342211182956 -1.176634003214362 0
2382 0.3497230557244423 -1.248395645379325 0
2383 0.3740109970479617 -1.325898218754365 0
2384 0.4002419737449578 -1.409600998215105 0
2385 0.1449422274279811 -0.4972017417635141 0
2386 0.1519886557242652 -0.5152842680663272 0
2387 0.1595987982963584 -0.5348133965044326 0
2388 0.1678177524625426 -0.5559048557008619 0
2389 0.1766942229858026 -0.578683631694032 0
2390 0.1862808109765848 -0.603284709319269 0
2391 0.1966343261229039 -0.6298538734529076 0
2392 0.2078161225347518 -0.6585485708553586 0
2393 0.2198924626735951 -0.6895388440860547 0
2394 0.2329349099714749 -0.7230083390415813 0
2395 0.247020752900234 -0.759155393201048 0
2396 0.2622334634750869 -0.7981942122367749 0
2397 0.2786631909670071 -0.8403561369777628 0
2398 0.296407296605374 -0.8858910155622599 0
2399 0.3155709307768019 -0.9350686846439237 0
2400 0.3362676555595753 -0.9881805669380979 0
2401 0.3586201182231749 -1.045541399554579 0
2402 0.3827607780729163 -1.107491099224468 0
2403 0.4088326907447932 -1.174396774955601 0
2404 0.4369903563799358 -1.24665490461567 0
2405 0.467400635201885 -1.324693684484297 0
2406 0.5002437364142246 -1.408975566959601 0
2407 0.172984691290972 -0.488824613457813 0
2408 0.181457463251403 -0.5070581967072108 0
2409 0.1906080569832254 -0.5267504666478875 0
2410 0.2004906984400379 -0.5480181186711308 0
2411 0.2111639512419901 -0.5709871829177702 0
2412 0.2226910640584702 -0.5957937718530162 0
2413 0.2351403460400792 -0.6225848882039574 0
2414 0.2485855706449355 -0.6515192940022491 0
2415 0.2631064132350712 -0.682768452300754 0
2416 0.2787889231698064 -0.7165175431283983 0
2417 0.2957260337154091 -0.7529665608264728 0
2418 0.3140181133593241 -0.7923315004884364 0
2419 0.3337735594602196 -0.834845635507284 0
2420 0.3551094411855701 -0.8807609011907354 0
2421 0.3781521935475372 -0.9303493883410272 0
2422 0.4030383659513229 -0.9839049541466965 0
2423 0.4299154320250105 -1.041744964953411 0
2424 0.4589426635926762 -1.104212177072461 0
2425 0.4902920737268258 -1.171676766249419 0
2426 0.5241494366110031 -1.244538522429898 0
2427 0.5607153884489543 -1.323229218939195 0
2428 0.6002066165357079 -1.408215171388239 0
2429 0.2005160978837894 -0.4789869674071389 0
2430 0.2104244289277742 -0.4973979437582977 0
2431 0.2211254264723013 -0.5172817982491809 0
2432 0.2326825040852016 -0.5387563615913884 0
2433 0.2451641479405736 -0.5619488900631079 0
2434 0.2586443230592292 -0.5869968203570515 0
2435 0.2732029123508762 -0.614048585378313 0
2436 0.2889261888615388 -0.6432644917419057 0
2437 0.3059073275128074 -0.6748176706512893 0
2438 0.3242469571829577 -0.7088951037373721 0
2439 0.3440537570116479 -0.7456987310707093 0
2440 0.3654451011244463 -0.7854466491440886 0
2441 0.3885477528662162 -0.8283744008490544 0
2442 0.4134986166729329 -0.8747363725521815 0
2443 0.440445549699479 -0.9248073022057874 0
2444 0.4695482371960801 -0.9788839059119556 0
2445 0.5009791395492695 -1.037286637648645 0
2446 0.5349245143340539 -1.100361588376426 0
2447 0.5715855191496496 -1.168482535251673 0
2448 0.611179404279504 -1.242053157745033 0
2449 0.6539408001297469 -1.32150942987063 0
2450 0.7001231077670171 -1.407322203987408 0
2451 0.2274553592730547 -0.4677197565046615 0
2452 0.2388099270031225 -0.4863339039680853 0
2453 0.251072860171104 -0.506437183260564 0
2454 0.264316828295987 -0.5281487253939243 0
2455 0.2786203139091816 -0.5515971909607748 0
2456 0.2940680780905036 -0.5769215333124329 0
2457 0.3107516635936949 -0.6042718233593788 0
2458 0.3287699360238723 -0.6338101367522626 0
2459 0.3482296702710999 -0.6657115152536855 0
2460 0.3692461831741986 -0.700165003897669 0
2461 0.3919440168630812 -0.7373747712291294 0
2462 0.4164576775883562 -0.7775613205065883 0
2463 0.4429324312861896 -0.8209627939140097 0
2464 0.471525165194596 -0.8678363850542632 0
2465 0.5024053179477951 -0.9184598637023297 0
2466 0.5357558827240664 -0.9731332203189865 0
2467 0.5717744925184066 -1.032180445196069 0
2468 0.6106745913751516 -1.095951448520464 0
2469 0.6526866981954755 -1.164824132201039 0
2470 0.6980597734800748 -1.239206630442699 0
2471 0.7470626946843054 -1.319539728374613 0
2472 0.7999858497212531 -1.406299474364654 0
2473 0.2537232507189247 -0.4550584315469722 0
2474 0.2665361613234942 -0.4739008888819934 0
2475 0.2803741047984432 -0.4942507428361894 0
2476 0.2953190840938271 -0.5162285856103063 0
2477 0.3114596617760841 -0.539964655869944 0
2478 0.3288914853559124 -0.565599611284164 0
2479 0.3477178550335547 -0.5932853634424441 0
2480 0.3680503343832785 -0.6231859759173125 0
2481 0.3900094121065235 -0.6554786374277343 0
2482 0.4137252159529445 -0.6903547117197489 0
2483 0.4393382838289598 -0.7280208715461278 0
2484 0.4670003975201716 -0.7687003247249606 0
2485 0.4968754804359274 -0.8126341343481689 0
2486 0.5291405698887399 -0.8600826485997577 0
2487 0.5639868666468669 -0.9113270442107231 0
2488 0.6016208669231347 -0.9666709911433463 0
2489 0.6422655870364036 -1.026442453558374 0
2490 0.6861618850734067 -1.090995633429357 0
2491 0.7335698870154783 -1.160713067781354 0
2492 0.7847705290211169 -1.236007896746512 0
2493 0.840067222270824 -1.317326311857733 0
2494 0.8997876511344023 -1.405150200404166 0
2495 0.2792426598177055 -0.4410428297423673 0
2496 0.2935274099812968 -0.4601380173610721 0
2497 0.3089549401825178 -0.4807608200220805 0
2498 0.3256166731816124 -0.5030334474063094 0
2499 0.3436113448688439 -0.527087885045721 0
2500 0.3630455899376294 -0.5530666772238441 0
2501 0.3840345748476325 -0.5811237730913094 0
2502 0.4067026786595483 -0.6114254367740285 0
2503 0.4311842308048951 -0.6441512335894329 0
2504 0.4576243070163095 -0.6794950940089617 0
2505 0.4861795890145698 -0.7176664628475692 0
2506 0.5170192940020448 -0.7588915417672055 0
2507 0.5503261755326114 -0.8034146271930307 0
2508 0.5862976074783689 -0.851499559309549 0
2509 0.6251467541460027 -0.9034312862175786 0
2510 0.6671038322989776 -0.9595175509466417 0
2511 0.7124174764978275 -1.020090716578174 0
2512 0.7613562125834054 -1.085509735929189 0
2513 0.8142100476250722 -1.156162276920844 0
2514 0.8712921893677281 -1.232467021055024 0
2515 0.9329409023200442 -1.314876144546492 0
2516 0.9995215124801192 -1.403877998146628 0
2517 0.3039388291480786 -0.4257170493674426 0
2518 0.3197102635861099 -0.4450885924987987 0
2519 0.3367434128062807 -0.4660098591139453 0
2520 0.355139214385574 -0.4886048275760291 0
2521 0.3750066801444379 -0.5130073935804569 0
2522 0.3964635427738036 -0.5393621643859601 0
2523 0.4196369546737652 -0.5678253171755562 0
2524 0.4446642396461922 -0.5985655223362872 0
2525 0.471693707447855 -0.6317649439484954 0
2526 0.5008855325571044 -0.6676203191465301 0
2527 0.5324127033327564 -0.7063441239399257 0
2528 0.5664620482444993 -0.7481658336990393 0
2529 0.6032353409082718 -0.7933332804342877 0
2530 0.6429504968667291 -0.8421141227629076 0
2531 0.6858428654853777 -0.8947974327032232 0
2532 0.7321666233196304 -0.9516954071023559 0
2533 0.7821962815527834 -1.013145219173571 0
2534 0.8362283128319199 -1.079511016686229 0
2535 0.8945829066898368 -1.151186078093801 0
2536 0.957605867943391 -1.228595144275189 0
2537 1.025670665953974 -1.312196935575132 0
2538 1.099180647994833 -1.402486870411741 0
2539 0.3277395915394531 -0.4091293109830493 0
2540 0.3450138562906648 -0.4287999653395959 0
2541 0.3636700622516526 -0.4500442720784619 0
2542 0.3838187651511928 -0.4729881238821571 0
2543 0.4055793643409956 -0.4977674838965346 0
2544 0.4290808110385929 -0.5245291922253825 0
2545 0.4544623737570433 -0.5534318375451273 0
2546 0.4818744616249175 -0.5846466946407032 0
2547 0.5114795165566587 -0.6183587403431404 0
2548 0.5434529757552877 -0.6547677495564121 0
2549 0.577984311314849 -0.694089479079771 0
2550 0.6152781542383839 -0.7365569475562351 0
2551 0.6555555047700519 -0.7824218137092398 0
2552 0.6990550432145519 -0.8319558690067905 0
2553 0.7460345449356138 -0.8854526489570311 0
2554 0.7967724064943742 -0.9432291709616892 0
2555 0.8515692967282853 -1.00562781444255 0
2556 0.9107499386051492 -1.073018349884973 0
2557 0.9746650319158954 -1.145800128258138 0
2558 1.043693332567739 -1.224404448760227 0
2559 1.118243897114823 -1.309297114723807 0
2560 1.198758507033153 -1.400981194200738 0
2561 0.3505755970537237 -0.3913318057734124 0
2562 0.3693700886796504 -0.4113233859527097 0
2563 0.3896681396679423 -0.4329142925806983 0
2564 0.4115900352376007 -0.4562324722732228 0
2565 0.4352656825162615 -0.4814161064086188 0
2566 0.4608353811122131 -0.5086144307802272 0
2567 0.4884506559059715 -0.5379886214314478 0
2568 0.5182751528267904 -0.56971274748747 0
2569 0.5504856095387428 -0.6039748036678285 0
2570 0.5852729026487657 -0.6409778241948838 0
2571 0.6228431787996339 -0.6809410859301628 0
2572 0.663419077607474 -0.7241014092051468 0
2573 0.7072410485095261 -0.7707145585437899 0
2574 0.7545687769426265 -0.8210567596794205 0
2575 0.8056827238690661 -0.8754263371385221 0
2576 0.8608857862232343 -0.9341454804471764 0
2577 0.9205050932942239 -0.9975621549317172 0
2578 0.9848939453924672 -1.066052163865996 0
2579 1.054433905749673 -1.140021373611922 0
2580 1.129537062800801 -1.21990811999429 0
2581 1.210648472245304 -1.306185805905661 0
2582 1.298248794671107 -1.399365706930058 0
2583 0.3913318058709895 -0.3505755969445477 0
2584 0.4113233860485275 -0.3693700885724577 0
2585 0.4329142926746156 -0.3896681395628909 0
2586 0.4562324723650878 -0.4115900351348623 0
2587 0.4814161064982674 -0.435265682416021 0
2588 0.5086144308674819 -0.4608353810146704 0
2589 0.5379886215161173 -0.4884506558113425 0
2590 0.5697127475693474 -0.518275152735308 0
2591 0.6039748037466904 -0.5504856094506592 0
2592 0.6409778242704889 -0.5852729025643524 0
2593 0.6809410860022505 -0.6228431787191845 0
2594 0.7241014092734357 -0.6634190775313056 0
2595 0.7707145586079764 -0.7072410484379814 0
2596 0.8210567597391765 -0.7545687768760749 0
2597 0.8754263371934925 -0.8056827238079076 0
2598 0.934145480496979 -0.8608857861679005 0
2599 0.9975621549759383 -0.9205050932451803 0
2600 1.066052163904189 -0.9848939453502171 0
2601 1.140021373643605 -1.05443390571476 0
2602 1.219908120018943 -1.129537062773812 0
2603 1.306185805922719 -1.210648472226873 0
2604 1.399365706938915 -1.298248794661918 0
2605 0.4091293111839496 -0.3277395912875578 0
2606 0.4287999655368734 -0.3450138560433406 0
2607 0.4500442722718271 -0.3636700620092647 0
2608 0.4729881240712969 -0.3838187649141364 0
2609 0.4977674840811108 -0.405579364109697 0
2610 0.5245291924050304 -0.4290808108135128 0
2611 0.5534318377194518 -0.4544623735386789 0
2612 0.5846466948092797 -0.4818744614138066 0
2613 0.6183587405055083 -0.5114795163533814 0
2614 0.6547677497120745 -0.5434529755604708 0
2615 0.6940894792281915 -0.5779843111291689 0
2616 0.736556947696835 -0.6152781540625718 0
2617 0.7824218138413928 -0.6555555046048969 0
2618 0.831955869129821 -0.6990550430609069 0
2619 0.8854526490702095 -0.7460345447943997 0
2620 0.9432291710642271 -0.7967724063665856 0
2621 1.005627814533596 -0.851569296614996 0
2622 1.073018349963607 -0.9107499385075186 0
2623 1.14580012832337 -0.9746650318351771 0
2624 1.224404448810982 -1.043693332505286 0
2625 1.309297114758928 -1.118243897072096 0
2626 1.400981194218974 -1.198758507011731 0
2627 0.4257170496535755 -0.303938828744851 0
2628 0.4450885927797718 -0.3197102631901964 0
2629 0.4660098593893461 -0.3367434124182663 0
2630 0.4886048278454118 -0.3551392140060905 0
2631 0.5130073938433402 -0.3750066797741679 0
2632 0.5393621646418236 -0.3964635424134839 0
2633 0.5678253174238383 -0.4196369543241921 0
2634 0.5985655225763822 -0.4446642393082256 0
2635 0.6317649441797477 -0.471693707122423 0
2636 0.6676203193682325 -0.5008855322452098 0
2637 0.706344124151314 -0.5324127030354824 0
2638 0.7481658338992885 -0.5664620479630151 0
2639 0.7933332806225069 -0.6032353406438415 0
2640 0.8421141229381341 -0.6429504966207166 0
2641 0.8947974328644173 -0.6858428652592563 0
2642 0.9516954072483954 -0.7321666231149914 0
2643 1.013145219303243 -0.7821962813713451 0
2644 1.079511016798226 -0.8362283126755391 0
2645 1.151186078186706 -0.8945829065605175 0
2646 1.228595144347477 -0.9576058678432985 0
2647 1.312196935625153 -1.025670665885446 0
2648 1.402486870437713 -1.099180647960395 0
2649 0.4410428300814076 -0.2792426592781781 0
2650 0.4601380176939987 -0.2935274094515554 0
2651 0.4807608203484044 -0.3089549396633452 0
2652 0.5030334477255023 -0.3256166726738541 0
2653 0.5270878853572127 -0.3436113443734132 0
2654 0.5530666775270183 -0.3630455894555123 0
2655 0.5811237733855007 -0.3840345743798943 0
2656 0.6114254370585185 -0.4067026782073393 0
2657 0.644151233863445 -0.4311842303694575 0
2658 0.679495094271658 -0.4576243065989851 0
2659 0.7176664630980445 -0.4861795886168077 0
2660 0.7588915420044821 -0.5170192936254097 0
2661 0.8034146274160527 -0.5503261751787941 0
2662 0.8514995595171758 -0.5862976071491941 0
2663 0.9034312864085786 -0.6251467538434424 0
2664 0.9595175511196848 -0.6671038320251604 0
2665 1.020090716731823 -0.712417476255053 0
2666 1.085509736061893 -0.7613562123741574 0
2667 1.156162277030929 -0.8142100474520322 0
2668 1.232467021140679 -0.8712921892337934 0
2669 1.314876144605762 -0.9329409022283429 0
2670 1.403877998177403 -0.9995215124340301 0
2671 0.4550584319285451 -0.2537232500285856 0
2672 0.4739008892566857 -0.2665361606456749 0
2673 0.4942507432034507 -0.2803741041341452 0
2674 0.5162285859695419 -0.295319083444132 0
2675 0.5399646562205124 -0.3114596611421605 0
2676 0.5655996116253714 -0.3288914847390217 0
2677 0.5932853637735415 -0.3477178544350596 0
2678 0.6231859762374914 -0.3680503338046507 0
2679 0.6554786377361208 -0.3900094115493522 0
2680 0.6903547120154006 -0.4137252154189464 0
2681 0.728020871828025 -0.4393382833199887 0
2682 0.7687003249920029 -0.4670003970382294 0
2683 0.8126341345991687 -0.4968754799831769 0
2684 0.8600826488334313 -0.5291405694675162 0
2685 0.9113270444256841 -0.5639868662596924 0
2686 0.9666709913380979 -0.6016208665727326 0
2687 1.026442453731299 -0.6422655867257161 0
2688 1.09099563357871 -0.6861618848056115 0
2689 1.160713067905248 -0.7335698867940065 0
2690 1.236007896842912 -0.7847705288496739 0
2691 1.317326311924438 -0.840067222153412 0
2692 1.405150200438802 -0.8997876510753442 0
2693 0.4677197569290311 -0.2274553583919198 0
2694 0.4863339043848027 -0.2388099261379621 0
2695 0.506437183669017 -0.251072859323196 0
2696 0.528148725793452 -0.2643168274667118 0
2697 0.5515971913506623 -0.2786203131000294 0
2698 0.5769215336919099 -0.2940680773030846 0
2699 0.6042718237276122 -0.3107516628297476 0
2700 0.6338101371083527 -0.3287699352852744 0
2701 0.665711515596661 -0.3482296695598794 0
2702 0.7001650042264806 -0.3692461824925458 0
2703 0.7373747715426442 -0.3919440162133613 0
2704 0.7775613208035823 -0.4164576769731241 0
2705 0.8209627941931614 -0.4429324307082043 0
2706 0.8678363853141453 -0.4715251646568369 0
2707 0.9184598639414002 -0.5024053174534807 0
2708 0.9731332205355812 -0.5357558822766719 0
2709 1.032180445388389 -0.5717744921216861 0
2710 1.095951448686568 -0.6106745910331588 0
2711 1.16482413233883 -0.6526866979125885 0
2712 1.239206630549911 -0.6980597732610219 0
2713 1.3195397284488 -0.7470626945341934 0
2714 1.406299474403175 -0.7999858496455983 0
2715 0.47898696784618 -0.2005160968239411 0
2716 0.4973979441894221 -0.2104244278871374 0
2717 0.5172817986717552 -0.2211254254524126 0
2718 0.5387563620047284 -0.232682503087721 0
2719 0.5619488904664752 -0.2451641469672936 0
2720 0.5869968207496479 -0.2586443221120863 0
2721 0.6140485857592771 -0.273202911431961 0
2722 0.643264492110307 -0.2889261879731096 0
2723 0.6748176710061222 -0.305907326657303 0
2724 0.7088951040775515 -0.324246956363012 0
2725 0.7456987313950632 -0.3440537562301059 0
2726 0.7854466494513503 -0.3654451003843802 0
2727 0.8283744011378573 -0.3885477521709442 0
2728 0.8747363728210484 -0.413498616026038 0
2729 0.9248073024531234 -0.4404455491048317 0
2730 0.9788839061360384 -0.4695482366578604 0
2731 1.037286637847614 -0.5009791390719919 0
2732 1.100361588548273 -0.5349245139225929 0
2733 1.168482535394227 -0.5715855188092711 0
2734 1.242053157855951 -0.6111794040158942 0
2735 1.321509429947382 -0.6539407999490473 0
2736 1.40732220402726 -0.7001231076758611 0
2737 0.4888246138883408 -0.1729846900606979 0
2738 0.5070581971299755 -0.1814574620434276 0
2739 0.5267504670622678 -0.1906080557993328 0
2740 0.5480181190764559 -0.2004906972821545 0
2741 0.5709871833133159 -0.2111639501121967 0
2742 0.5957937722380002 -0.2226910629590142 0
2743 0.6225848885775341 -0.2351403449733873 0
2744 0.6515192943635068 -0.2485855696136289 0
2745 0.6827684526487064 -0.2631064122419806 0
2746 0.7165175434619815 -0.2787889222179896 0
2747 0.7529665611445371 -0.2957260328081674 0
2748 0.7923315007897402 -0.3140181125002239 0
2749 0.8348456357904867 -0.3337735586531121 0
2750 0.8807609014543886 -0.3551094404346149 0
2751 0.9303493885835673 -0.3781521928572259 0
2752 0.9839049543664342 -0.4030383653265076 0
2753 1.041744965148521 -0.4299154314709305 0
2754 1.104212177240975 -0.4589426631149908 0
2755 1.171676766389209 -0.4902920733316459 0
2756 1.244538522538666 -0.5241494363049295 0
2757 1.323229219014459 -0.5607153882391157 0
2758 1.408215171427318 -0.6002066164298028 0
2759 0.497201742149344 -0.1449422260888535 0
2760 0.5152842684451997 -0.1519886544094134 0
2761 0.5348133968757911 -0.1595987970077247 0
2762 0.5559048560641053 -0.1678177512022242 0
2763 0.5786836320485116 -0.1766942217560648 0
2764 0.6032847096642833 -0.1862808097798743 0
2765 0.629853873787699 -0.1966343249618625 0
2766 0.6585485711791097 -0.2078161214122332 0
2767 0.689538844397882 -0.2198924615926812 0
2768 0.7230083393405312 -0.232934908935494 0
2769 0.7591553934860904 -0.2470207519127807 0
2770 0.7981942125067967 -0.2622334625400434 0
2771 0.840356137231563 -0.2786631900885664 0
2772 0.8858910157985403 -0.2964072957880641 0
2773 0.9350686848612826 -0.3155709300255132 0
2774 0.988180567135022 -0.3362676548795895 0
2775 1.045541399729433 -0.3586201176201966 0
2776 1.107491099375488 -0.3827607775531058 0
2777 1.174396775080877 -0.4088326903148041 0
2778 1.246654904713145 -0.4369903560469535 0
2779 1.324693684551746 -0.4674006349736702 0
2780 1.408975566994623 -0.5002437362991587 0
2781 0.5040919951192668 -0.1164714006728541 0
2782 0.5220502759055812 -0.1220992095738998 0
2783 0.5414452191856548 -0.1281772431966981 0
2784 0.5623917584080889 -0.1347415196597297 0
2785 0.5850140208289255 -0.141830938258797 0
2786 0.6094460637991155 -0.14948751020655 0
2787 0.6358326705032536 -0.1577566080029885 0
2788 0.6643302058808949 -0.1666872336661295 0
2789 0.6951075441245487 -0.1763323093935413 0
2790 0.728347069294988 -0.1867489911375581 0
2791 0.7642457560892573 -0.197999007298938 0
2792 0.8030163383668363 -0.2101490249223822 0
2793 0.8448885674077714 -0.2232710440124711 0
2794 0.8901105746371445 -0.2374428245875116 0
2795 0.9389503426538282 -0.2527483476740399 0
2796 0.9916972917999818 -0.2692783125097577 0
2797 1.048663996618396 -0.2871306744510315 0
2798 1.110188038263321 -0.3064112254858207 0
2799 1.17663400332689 -0.3272342206306729 0
2800 1.248395645466881 -0.3497230553467925 0
2801 1.325898218814952 -0.3740109967890828 0
2802 1.409600998246563 -0.4002419736143514 0
2803 0.5094736934871553 -0.08765625756781384 0
2804 0.5273349311229737 -0.09187165580929996 0
2805 0.5466250678003448 -0.09642428591734746 0
2806 0.5674584158892668 -0.1013411265466998 0
2807 0.5899584318855827 -0.106651314440627 0
2808 0.6142584487196917 -0.1123863172617735 0
2809 0.6405024671952605 -0.1185801203781706 0
2810 0.6688460072853057 -0.1252694277760784 0
2811 0.6994570306181624 -0.1324938797742226 0
2812 0.732516935685658 -0.1402962879010676 0
2813 0.7682216327708544 -0.1487228885865601 0
2814 0.8067827061597179 -0.1578236174535934 0
2815 0.8484286655998619 -0.1676524046725111 0
2816 0.8934063016611085 -0.1782674948372916 0
2817 0.9419821488150868 -0.1897317922643045 0
2818 0.994444063431204 -0.2021132334122734 0
2819 1.05110293095858 -0.2154851897911829 0
2820 1.112294508326801 -0.229926902783931 0
2821 1.178381411971059 -0.2455239528365326 0
2822 1.24975526777889 -0.2623687668631407 0
2823 1.326839031889109 -0.2805611659735879 0
2824 1.410089497342676 -0.3002089570635015 0
2825 0.5133299044607137 -0.05858192366190133 0
2826 0.5311216066383422 -0.06138958498995363 0
2827 0.5503366450207487 -0.06442185922907395 0
2828 0.5710888869492505 -0.06769671548236175 0
2829 0.5935013082920777 -0.07123356024538807 0
2830 0.6177067229021396 -0.07505335251999115 0
2831 0.6438485709745899 -0.07917872822289201 0
2832 0.6720817670287362 -0.08363413400347101 0
2833 0.7025736188026834 -0.08844597225209364 0
2834 0.735504818587071 -0.09364275753985822 0
2835 0.7710705139680196 -0.09925528558970043 0
2836 0.8094814655142053 -0.1053168159679193 0
2837 0.8509652933635561 -0.1118632688047172 0
2838 0.8957678273072681 -0.1189334378473781 0
2839 0.9441545641735001 -0.1265692204461216 0
2840 0.9964122396800583 -0.1348158656040066 0
2841 1.052850528970116 -0.1437222423339617 0
2842 1.113803881840325 -0.1533411292712669 0
2843 1.179633503026393 -0.1637295271771659 0
2844 1.250729493779877 -0.1749489968954214 0
2845 1.327513163632033 -0.1870660241656345 0
2846 1.410439527286056 -0.2001524136511872 0
2847 0.5156484949555178 -0.02933434158376639 0
2848 0.5333983881518649 -0.03073739002119346 0
2849 0.5525682728344155 -0.03225268233602522 0
2850 0.5732717487659555 -0.03388919807354156 0
2851 0.595631502831923 -0.03565663507479436 0
2852 0.6197800367840105 -0.037565467001434 0
2853 0.6458604537451592 -0.03962700550535668 0
2854 0.6740273041987799 -0.04185346710031029 0
2855 0.7044475027240762 -0.04425804562565716 0
2856 0.7373013170002296 -0.04685499042266378 0
2857 0.772783436033193 -0.04965969077297602 0
2858 0.8111041251222986 -0.05268876719348445 0
2859 0.85249046951758 -0.05596016974178643 0
2860 0.8971877213312118 -0.05949328448341801 0
2861 0.9454607534964704 -0.06330904842070578 0
2862 0.9975956279267034 -0.06743007344861121 0
2863 1.053901292054934 -0.07188078045848018 0
2864 1.114711409749343 -0.0766875440635961 0
2865 1.180386336945344 -0.08187884876392232 0
2866 1.251315258189855 -0.08748545783022244 0
2867 1.3279184929727 -0.09354059560908229 0
2868 1.410649986751366 -0.1000801444271029 0
2869 0.516422169835469 1.098211081017478e-09 0
2870 0.5341581120738326 1.078308824909413e-09 0
2871 0.5533129297217372 1.056814305428115e-09 0
2872 0.5740001332554865 1.033600268820436e-09 0
2873 0.5963423131317932 1.008529150850337e-09 0
2874 0.620471866959392 9.814522850932201e-10 0
2875 0.6465317853858624 9.522092986129219e-10 0
2876 0.6746764974219247 9.206268580741676e-10 0
2877 0.7050727864562294 8.865177944970607e-10 0
2878 0.7379007784822154 8.496799804457279e-10 0
2879 0.7733550094853008 8.098952294099099e-10 0
2880 0.8116455795017181 7.6692763996143e-10 0
2881 0.8529993952983567 7.205227286434851e-10 0
2882 0.8976615162255582 6.704053646174946e-10 0
2883 0.9458966070333099 6.162786667489948e-10 0
2884 0.997990504797678 5.57821606911143e-10 0
2885 1.054251914126975 4.946882734522112e-10 0
2886 1.115014236638195 4.265040419013941e-10 0
2887 1.180637545036283 3.528654136787307e-10 0
2888 1.251510717979148 2.733352334880673e-10 0
2889 1.328053744596342 1.874427678487996e-10 0
2890 1.410720213555937 9.4679135645734e-11 0
2891 0.515648494841316 0.029334343617149 0
2892 0.5333983880397222 0.0307373920177241 0
2893 0.5525682727244969 0.03225268429275581 0
2894 0.5732717486584389 0.03388919998728809 0
2895 0.5956315027270006 0.03565663694211806 0
2896 0.61978003668189 0.03756546881862109 0
2897 0.645860453646064 0.03962700726839621 0
2898 0.6740273041029531 0.04185346880487051 0
2899 0.7044475026317786 0.0442580472670597 0
2900 0.7373013169117433 0.04685499199585591 0
2901 0.7727834359488233 0.04965969227250104 0
2902 0.8111041250423745 0.05268876861344898 0
2903 0.8524904694424578 0.05596017107582547 0
2904 0.8971877212612751 0.05949328572465779 0
2905 0.9454607534321343 0.06330904956172223 0
2906 0.9975956278684159 0.06743007448138638 0
2907 1.053901292003179 0.07188078137435486 0
2908 1.114711409704643 0.0766875448532181 0
2909 1.180386336908263 0.08187884941719181 0
2910 1.251315258161004 0.08748545833623084 0
2911 1.327918492952736 0.09354059595604894 0
2912 1.410649986741 0.1000801446023042 0
2913 0.5133299042553924 0.05858192548402296 0
2914 0.5311216064367232 0.06138958677904711 0
2915 0.5503366448231282 0.06442186098249704 0
2916 0.5710888867559485 0.06769671719726078 0
2917 0.5935013081034395 0.07123356191868115 0
2918 0.6177067227185384 0.07505335414834974 0
2919 0.6438485707964288 0.07917872980272148 0
2920 0.6720817668564506 0.08363413553088887 0
2921 0.7025736186367429 0.08844597372290705 0
2922 0.7355048184279831 0.09364275894953869 0
2923 0.7710705138163327 0.09925528693335758 0
2924 0.8094814653705118 0.105316817240271 0
2925 0.8509652932284948 0.1118632700000593 0
2926 0.8957678271815301 0.1189334389595497 0
2927 0.9441545640578308 0.126569221468469 0
2928 0.996412239575264 0.1348158665293439 0
2929 1.052850528877066 0.143722243154528 0
2930 1.11380388175996 0.1533411299786804 0
2931 1.179633502959727 0.1637295277623749 0
2932 1.250729493728005 0.1749489973486489 0
2933 1.327513163596139 0.1870660244763225 0
2934 1.410439527267418 0.2001524138079323 0
2935 0.5094736932134588 0.0876562591785337 0
2936 0.5273349308542126 0.09187165739081801 0
2937 0.5466250675369136 0.09642428746732747 0
2938 0.5674584156315923 0.1013411280626188 0
2939 0.5899584316341252 0.1066513159197601 0
2940 0.6142584484749485 0.1123863187011777 0
2941 0.6405024669577687 0.1185801217746678 0
2942 0.668846007055646 0.1252694291262359 0
2943 0.6994570303969607 0.1324938810743331 0
2944 0.7325169354735916 0.1402962891471276 0
2945 0.7682216325686537 0.1487228897742455 0
2946 0.806782705968172 0.1578236185782341 0
2947 0.8484286654198234 0.1676524057290638 0
2948 0.8934063014934979 0.1782674958203088 0
2949 0.9419821486608986 0.1897317931679038 0
2950 0.9944440632915114 0.2021132342301012 0
2951 1.051102930834543 0.2154851905163773 0
2952 1.112294508219673 0.2299269034090818 0
2953 1.178381411882192 0.2455239533536357 0
2954 1.249755267709744 0.2623687672635527 0
2955 1.326839031841262 0.2805611662479734 0
2956 1.410089497317832 0.3002089572017788 0
2957 0.5040919947727003 0.1164714021911315 0
2958 0.5220502755652641 0.1220992110646564 0
2959 0.5414452188520869 0.1281772446577324 0
2960 0.5623917580818101 0.134741521088664 0
2961 0.5850140205105189 0.1418309396530633 0
2962 0.6094460634892115 0.1494875115633748 0
2963 0.6358326702025315 0.1577566093193764 0
2964 0.6643302055900898 0.1666872349388457 0
2965 0.6951075438444536 0.1763323106190918 0
2966 0.72834706902646 0.1867489923121698 0
2967 0.7642457558332216 0.1979990084185358 0
2968 0.8030163381242925 0.2101490259825651 0
2969 0.8448885671797987 0.2232710450084858 0
2970 0.8901105744249085 0.2374428255142247 0
2971 0.938950342458588 0.2527483485259073 0
2972 0.9916972916230973 0.2692783132807916 0
2973 1.048663996461335 0.2871306751347653 0
2974 1.11018803812767 0.3064112260752703 0
2975 1.176634003214362 0.3272342211182956 0
2976 1.248395645379325 0.3497230557244423 0
2977 1.325898218754365 0.3740109970479617 0
2978 1.409600998215105 0.4002419737449578 0
2979 0.4972017417635141 0.1449422274279811 0
2980 0.5152842680663272 0.1519886557242652 0
2981 0.5348133965044326 0.1595987982963584 0
2982 0.5559048557008619 0.1678177524625426 0
2983 0.578683631694032 0.1766942229858026 0
2984 0.603284709319269 0.1862808109765848 0
2985 0.6298538734529076 0.1966343261229039 0
2986 0.6585485708553586 0.2078161225347518 0
2987 0.6895388440860547 0.2198924626735951 0
2988 0.7230083390415813 0.2329349099714749 0
2989 0.759155393201048 0.247020752900234 0
2990 0.7981942122367749 0.2622334634750869 0
2991 0.8403561369777628 0.2786631909670071 0
2992 0.8858910155622599 0.296407296605374 0
2993 0.9350686846439237 0.3155709307768019 0
2994 0.9881805669380979 0.3362676555595753 0
2995 1.045541399554579 0.3586201182231749 0
2996 1.107491099224468 0.3827607780729163 0
2997 1.174396774955601 0.4088326907447932 0
2998 1.24665490461567 0.4369903563799358 0
2999 1.324693684484297 0.467400635201885 0
3000 1.408975566959601 0.5002437364142246 0
3001 0.488824613457813 0.172984691290972 0
3002 0.5070581967072108 0.181457463251403 0
3003 0.5267504666478875 0.1906080569832254 0
3004 0.5480181186711308 0.2004906984400379 0
3005 0.5709871829177702 0.2111639512419901 0
3006 0.5957937718530162 0.2226910640584702 0
3007 0.6225848882039574 0.2351403460400792 0
3008 0.6515192940022491 0.2485855706449355 0
3009 0.682768452300754 0.2631064132350712 0
3010 0.7165175431283983 0.2787889231698064 0
3011 0.7529665608264728 0.2957260337154091 0
3012 0.7923315004884364 0.3140181133593241 0
3013 0.834845635507284 0.3337735594602196 0
3014 0.8807609011907354 0.3551094411855701 0
3015 0.9303493883410272 0.3781521935475372 0
3016 0.9839049541466965 0.4030383659513229 0
3017 1.041744964953411 0.4299154320250105 0
3018 1.104212177072461 0.4589426635926762 0
3019 1.171676766249419 0.4902920737268258 0
3020 1.244538522429898 0.5241494366110031 0
3021 1.323229218939195 0.5607153884489543 0
3022 1.408215171388239 0.6002066165357079 0
3023 0.4789869674071389 0.2005160978837894 0
3024 0.4973979437582977 0.2104244289277742 0
3025 0.5172817982491809 0.2211254264723013 0
3026 0.5387563615913884 0.2326825040852016 0
3027 0.5619488900631079 0.2451641479405736 0
3028 0.5869968203570515 0.2586443230592292 0
3029 0.614048585378313 0.2732029123508762 0
3030 0.6432644917419057 0.2889261888615388 0
3031 0.6748176706512893 0.3059073275128074 0
3032 0.7088951037373721 0.3242469571829577 0
3033 0.7456987310707093 0.3440537570116479 0
3034 0.7854466491440886 0.3654451011244463 0
3035 0.8283744008490544 0.3885477528662162 0
3036 0.8747363725521815 0.4134986166729329 0
3037 0.9248073022057874 0.440445549699479 0
3038 0.9788839059119556 0.4695482371960801 0
3039 1.037286637648645 0.5009791395492695 0
3040 1.100361588376426 0.5349245143340539 0
3041 1.168482535251673 0.5715855191496496 0
3042 1.242053157745033 0.611179404279504 0
3043 1.32150942987063 0.6539408001297469 0
3044 1.407322203987408 0.7001231077670171 0
3045 0.4677197565046615 0.2274553592730547 0
3046 0.4863339039680853 0.2388099270031225 0
3047 0.506437183260564 0.251072860171104 0
3048 0.5281487253939243 0.264316828295987 0
3049 0.5515971909607748 0.2786203139091816 0
3050 0.5769215333124329 0.2940680780905036 0
3051 0.6042718233593788 0.3107516635936949 0
3052 0.6338101367522626 0.3287699360238723 0
3053 0.6657115152536855 0.3482296702710999 0
3054 0.700165003897669 0.3692461831741986 0
3055 0.7373747712291294 0.3919440168630812 0
3056 0.7775613205065883 0.4164576775883562 0
3057 0.8209627939140097 0.4429324312861896 0
3058 0.8678363850542632 0.471525165194596 0
3059 0.9184598637023297 0.5024053179477951 0
3060 0.9731332203189865 0.5357558827240664 0
3061 1.032180445196069 0.5717744925184066 0
3062 1.095951448520464 0.6106745913751516 0
3063 1.164824132201039 0.6526866981954755 0
3064 1.239206630442699 0.6980597734800748 0
3065 1.319539728374613 0.7470626946843054 0
3066 1.406299474364654 0.7999858497212531 0
3067 0.4550584315469722 0.2537232507189247 0
3068 0.4739008888819934 0.2665361613234942 0
3069 0.4942507428361894 0.2803741047984432 0
3070 0.5162285856103063 0.2953190840938271 0
3071 0.539964655869944 0.3114596617760841 0
3072 0.565599611284164 0.3288914853559124 0
3073 0.5932853634424441 0.3477178550335547 0
3074 0.6231859759173125 0.3680503343832785 0
3075 0.6554786374277343 0.3900094121065235 0
3076 0.6903547117197489 0.4137252159529445 0
3077 0.7280208715461278 0.4393382838289598 0
3078 0.7687003247249606 0.4670003975201716 0
3079 0.8126341343481689 0.4968754804359274 0
3080 0.8600826485997577 0.5291405698887399 0
3081 0.9113270442107231 0.5639868666468669 0
3082 0.9666709911433463 0.6016208669231347 0
3083 1.026442453558374 0.6422655870364036 0
3084 1.090995633429357 0.6861618850734067 0
3085 1.160713067781354 0.7335698870154783 0
3086 1.236007896746512 0.7847705290211169 0
3087 1.317326311857733 0.840067222270824 0
3088 1.405150200404166 0.8997876511344023 0
3089 0.4410428297423673 0.2792426598177055 0
3090 0.4601380173610721 0.2935274099812968 0
3091 0.4807608200220805 0.3089549401825178 0
3092 0.5030334474063094 0.3256166731816124 0
3093 0.527087885045721 0.3436113448688439 0
3094 0.5530666772238441 0.3630455899376294 0
3095 0.5811237730913094 0.3840345748476325 0
3096 0.6114254367740285 0.4067026786595483 0
3097 0.6441512335894329 0.4311842308048951 0
3098 0.6794950940089617 0.4576243070163095 0
3099 0.7176664628475692 0.4861795890145698 0
3100 0.7588915417672055 0.5170192940020448 0
3101 0.8034146271930307 0.5503261755326114 0
3102 0.851499559309549 0.5862976074783689 0
3103 0.9034312862175786 0.6251467541460027 0
3104 0.9595175509466417 0.6671038322989776 0
3105 1.020090716578174 0.7124174764978275 0
3106 1.085509735929189 0.7613562125834054 0
3107 1.156162276920844 0.8142100476250722 0
3108 1.232467021055024 0.8712921893677281 0
3109 1.314876144546492 0.9329409023200442 0
3110 1.403877998146628 0.9995215124801192 0
3111 0.4257170493674426 0.3039388291480786 0
3112 0.4450885924987987 0.3197102635861099 0
3113 0.4660098591139453 0.3367434128062807 0
3114 0.4886048275760291 0.355139214385574 0
3115 0.5130073935804569 0.3750066801444379 0
3116 0.5393621643859601 0.3964635427738036 0
3117 0.5678253171755562 0.4196369546737652 0
3118 0.5985655223362872 0.4446642396461922 0
3119 0.6317649439484954 0.471693707447855 0
3120 0.6676203191465301 0.5008855325571044 0
3121 0.7063441239399257 0.5324127033327564 0
3122 0.7481658336990393 0.5664620482444993 0
3123 0.7933332804342877 0.6032353409082718 0
3124 0.8421141227629076 0.6429504968667291 0
3125 0.8947974327032232 0.6858428654853777 0
3126 0.9516954071023559 0.7321666233196304 0
3127 1.013145219173571 0.7821962815527834 0
3128 1.079511016686229 0.8362283128319199 0
3129 1.151186078093801 0.8945829066898368 0
3130 1.228595144275189 0.957605867943391 0
3131 1.312196935575132 1.025670665953974 0
3132 1.402486870411741 1.099180647994833 0
3133 0.4091293109830493 0.3277395915394531 0
3134 0.4287999653395959 0.3450138562906648 0
3135 0.4500442720784619 0.3636700622516526 0
3136 0.4729881238821571 0.3838187651511928 0
3137 0.4977674838965346 0.4055793643409956 0
3138 0.5245291922253825 0.4290808110385929 0
3139 0.5534318375451273 0.4544623737570433 0
3140 0.5846466946407032 0.4818744616249175 0
3141 0.6183587403431404 0.5114795165566587 0
3142 0.6547677495564121 0.5434529757552877 0
3143 0.694089479079771 0.577984311314849 0
3144 0.7365569475562351 0.6152781542383839 0
3145 0.7824218137092398 0.6555555047700519 0
3146 0.8319558690067905 0.6990550432145519 0
3147 0.8854526489570311 0.7460345449356138 0
3148 0.9432291709616892 0.7967724064943742 0
3149 1.00562781444255 0.8515692967282853 0
3150 1.073018349884973 0.9107499386051492 0
3151 1.145800128258138 0.9746650319158954 0
3152 1.224404448760227 1.043693332567739 0
3153 1.309297114723807 1.118243897114823 0
3154 1.400981194200738 1.198758507033153 0
3155 0.3913318057734124 0.3505755970537237 0
3156 0.4113233859527097 0.3693700886796504 0
3157 0.4329142925806983 0.3896681396679423 0
3158 0.4562324722732228 0.4115900352376007 0
3159 0.4814161064086188 0.4352656825162615 0
3160 0.5086144307802272 0.4608353811122131 0
3161 0.5379886214314478 0.4884506559059715 0
3162 0.56971274748747 0.5182751528267904 0
3163 0.6039748036678285 0.5504856095387428 0
3164 0.6409778241948838 0.5852729026487657 0
3165 0.6809410859301628 0.6228431787996339 0
3166 0.7241014092051468 0.663419077607474 0
3167 0.7707145585437899 0.7072410485095261 0
3168 0.8210567596794205 0.7545687769426265 0
3169 0.8754263371385221 0.8056827238690661 0
3170 0.9341454804471764 0.8608857862232343 0
3171 0.9975621549317172 0.9205050932942239 0
3172 1.066052163865996 0.9848939453924672 0
3173 1.140021373611922 1.054433905749673 0
3174 1.21990811999429 1.129537062800801 0
3175 1.306185805905661 1.210648472245304 0
3176 1.399365706930058 1.298248794671107 0
3177 -4.342902808462036 -4.342959994112533 0
3178 -4.342917133142651 -3.79543076754446 0
3179 -4.342929070137713 -3.339159838980615 0
3180 -4.342939017434564 -2.958936923092565 0
3181 -4.342947306682819 -2.642086872945179 0
3182 -4.342954214251539 -2.37804714810845 0
3183 -4.342959970443734 -2.158015693692631 0
3184 -4.342964767174688 -1.974657523240968 0
3185 -4.34296876437051 -1.821860197204909 0
3186 -4.342972095300435 -1.694530047209654 0
3187 -4.342974871019829 -1.588422386863638 0
3188 -3.795339604039161 -4.342945669431922 0
3189 -3.795362439979395 -3.795407931604227 0
3190 -3.795381469548933 -3.339132766064722 0
3191 -3.795397327206251 -2.958908699074532 0
3192 -3.795410541656394 -2.642059672224827 0
3193 -3.795421553477925 -2.378022452118222 0
3194 -3.795430729812429 -2.157994462087267 0
3195 -3.795438376605004 -1.974640325845594 0
3196 -3.795444748804664 -1.821847317263243 0
3197 -3.795450058864885 -1.694521561942563 0
3198 -3.795454483826522 -1.58841822772418 0
3199 -3.339051761017271 -4.342933732436859 0
3200 -3.339078833933164 -3.795388902034687 0
3201 -3.339101394245125 -3.33911020575276 0
3202 -3.339120194128927 -2.958885179529974 0
3203 -3.339135860385432 -2.642037005411277 0
3204 -3.339148915338068 -2.378001872538027 0
3205 -3.339159794247791 -2.157976769436709 0
3206 -3.33916885982469 -1.974625994969448 0
3207 -3.339176414320965 -1.821836584193219 0
3208 -3.339182709608669 -1.694514491028096 0
3209 -3.339187955576778 -1.588414761843961 0
3210 -2.958824249806893 -4.342923785140005 0
3211 -2.958852473824924 -3.795373044377367 0
3212 -2.958875993369483 -3.339091405868959 0
3213 -2.958895592597785 -2.958865580301672 0
3214 -2.958911924961386 -2.642018116777932 0
3215 -2.958925534992168 -2.377984723231005 0
3216 -2.958936876457764 -2.15796202585625 0
3217 -2.958946327490187 -1.974614052811611 0
3218 -2.958954203192972 -1.821827640147161 0
3219 -2.958960766147417 -1.694508598717273 0
3220 -2.958966235166678 -1.588411873668234 0
3221 -2.641978284772821 -4.342915495891751 0
3222 -2.642005485493172 -3.795359829927227 0
3223 -2.642028152306722 -3.339075739612454 0
3224 -2.642047040940068 -2.95884924793807 0
3225 -2.642062781153049 -2.64200237656495 0
3226 -2.642075897734851 -2.37797043242764 0
3227 -2.642086828001183 -2.157949739784925 0
3228 -2.642095936374402 -1.974604101212448 0
3229 -2.642103526533563 -1.821820186924511 0
3230 -2.642109851539745 -1.694503688556458 0
3231 -2.642115122272756 -1.588409466903265 0
3232 -2.377948559085489 -4.342908588323033 0
3233 -2.377973255075718 -3.795348818105696 0
3234 -2.377993834655913 -3.339062684659817 0
3235 -2.378010983962936 -2.958835637907289 0
3236 -2.3780252747663 -2.641989259983149 0
3237 -2.378037183530913 -2.377958523663027 0
3238 -2.378047107303042 -2.157939501596931 0
3239 -2.378055376947855 -1.974595808379013 0
3240 -2.378062268180663 -1.821813976029864 0
3241 -2.378068010759861 -1.694499596837619 0
3242 -2.378072796146764 -1.588407461305905 0
3243 -2.157930934862982 -4.342902832130838 0
3244 -2.157952166468346 -3.795339641771191 0
3245 -2.157969859118903 -3.339051805750094 0
3246 -2.157984602699363 -2.958824296441693 0
3247 -2.157996888770688 -2.641978329716816 0
3248 -2.158007126958681 -2.377948599890897 0
3249 -2.158015658611456 -2.157930969944155 0
3250 -2.158022768179996 -1.97458889782263 0
3251 -2.158028692701917 -1.821808800387788 0
3252 -2.158033629704813 -1.694496187140082 0
3253 -2.158037743791566 -1.588405790008182 0
3254 -1.974588869407218 -4.342898035399885 0
3255 -1.974606066802592 -3.795331994978616 0
3256 -1.974620397678738 -3.339042740173195 0
3257 -1.974632339836575 -2.958814845409271 0
3258 -1.974642291435739 -2.641969221343598 0
3259 -1.974650584269172 -2.377940330246084 0
3260 -1.974657494825556 -2.157923860375616 0
3261 -1.974663253507437 -1.97458313914075 0
3262 -1.974668052312997 -1.821804487438932 0
3263 -1.974672051237681 -1.69449334578226 0
3264 -1.974675383608233 -1.588404397287918 0
3265 -1.821808779106144 -4.342894038204061 0
3266 -1.82182165904781 -3.795325622778956 0
3267 -1.821832392117834 -3.339035185676919 0
3268 -1.821841336163892 -2.958806969706485 0
3269 -1.821848789386541 -2.641961631184437 0
3270 -1.821855000281188 -2.377933439013276 0
3271 -1.821860175923265 -2.157917935853696 0
3272 -1.821864488872121 -1.97457834033519 0
3273 -1.821868082924262 -1.82180089338679 0
3274 -1.821871077907836 -1.694490978031447 0
3275 -1.821873573677538 -1.588403236710916 0
3276 -1.694496173119798 -4.342890707274136 0
3277 -1.694504658386889 -3.795320312718735 0
3278 -1.694511729301356 -3.339028890389216 0
3279 -1.694517621612179 -2.958800406752041 0
3280 -1.694522531772994 -2.641955306178254 0
3281 -1.694526623491833 -2.377927696434079 0
3282 -1.69453003318937 -2.1579129988508 0
3283 -1.694532874547192 -1.974574341410506 0
3284 -1.694535242298006 -1.821797898403216 0
3285 -1.694537215384236 -1.694489004945216 0
3286 -1.69453885958986 -1.58840226958275 0
3287 -1.588405783135998 -4.342887931554743 0
3288 -1.588409942275457 -3.795315887757099 0
3289 -1.588413408155676 -3.339023644421106 0
3290 -1.588416296331402 -2.958794937732779 0
3291 -1.588418703096371 -2.641950035445243 0
3292 -1.588420708693731 -2.377922911047176 0
3293 -1.588422379991454 -2.157908884764046 0
3294 -1.588423772711718 -1.974571009039954 0
3295 -1.58842493328872 -1.821795402633515 0
3296 -1.588425900416886 -1.694487360739592 0
3297 -1.588426706340896 -1.58840146365874 0
3298 -4.342977184073034 -1.392857142856746 0
3299 -4.342977184073034 -1.285714285713493 0
3300 -4.342977184073034 -1.178571428570239 0
3301 -4.342977184073035 -1.071428571426986 0
3302 -4.342977184073035 -0.9642857142837323 0
3303 -4.342977184073034 -0.8571428571404793 0
3304 -4.342977184073035 -0.7499999999972251 0
3305 -4.342977184073035 -0.6428571428539716 0
3306 -4.342977184073034 -0.5357142857107187 0
3307 -4.342977184073035 -0.4285714285674649 0
3308 -4.342977184073035 -0.3214285714242113 0
3309 -4.342977184073034 -0.214285714280958 0
3310 -4.342977184073035 -0.1071428571377048 0
3311 -4.342977184073035 5.505484956813689e-12 0
3312 -4.342977184073035 0.1071428571480101 0
3313 -4.342977184073034 0.2142857142904711 0
3314 -4.342977184073035 0.3214285714329318 0
3315 -4.342977184073034 0.4285714285753927 0
3316 -4.342977184073036 0.5357142857178537 0
3317 -4.342977184073035 0.6428571428603148 0
3318 -4.342977184073035 0.7500000000027759 0
3319 -4.342977184073035 0.8571428571452361 0
3320 -4.342977184073036 0.9642857142876967 0
3321 -4.342977184073036 1.071428571430158 0
3322 -4.342977184073035 1.178571428572618 0
3323 -4.342977184073035 1.285714285715079 0
3324 -4.342977184073035 1.39285714285754 0
3325 -3.795458171220759 -1.392857142856746 0
3326 -3.795458171220759 -1.285714285713493 0
3327 -3.79545817122076 -1.178571428570239 0
3328 -3.795458171220761 -1.071428571426986 0
3329 -3.795458171220761 -0.9642857142837324 0
3330 -3.79545817122076 -0.8571428571404791 0
3331 -3.79545817122076 -0.7499999999972253 0
3332 -3.79545817122076 -0.6428571428539714 0
3333 -3.79545817122076 -0.5357142857107187 0
3334 -3.79545817122076 -0.4285714285674648 0
3335 -3.79545817122076 -0.3214285714242118 0
3336 -3.79545817122076 -0.2142857142809579 0
3337 -3.79545817122076 -0.1071428571377049 0
3338 -3.795458171220759 5.50554046796492e-12 0
3339 -3.795458171220761 0.1071428571480099 0
3340 -3.79545817122076 0.2142857142904709 0
3341 -3.79545817122076 0.321428571432932 0
3342 -3.79545817122076 0.4285714285753928 0
3343 -3.79545817122076 0.5357142857178538 0
3344 -3.795458171220761 0.6428571428603149 0
3345 -3.79545817122076 0.7500000000027759 0
3346 -3.79545817122076 0.8571428571452365 0
3347 -3.795458171220759 0.9642857142876968 0
3348 -3.795458171220761 1.071428571430158 0
3349 -3.795458171220759 1.178571428572618 0
3350 -3.79545817122076 1.285714285715079 0
3351 -3.79545817122076 1.39285714285754 0
3352 -3.339192327129386 -1.392857142856746 0
3353 -3.339192327129387 -1.285714285713493 0
3354 -3.339192327129386 -1.178571428570239 0
3355 -3.339192327129387 -1.071428571426986 0
3356 -3.339192327129388 -0.9642857142837322 0
3357 -3.339192327129387 -0.8571428571404791 0
3358 -3.339192327129388 -0.7499999999972253 0
3359 -3.339192327129387 -0.6428571428539716 0
3360 -3.339192327129387 -0.5357142857107187 0
3361 -3.339192327129387 -0.4285714285674648 0
3362 -3.339192327129387 -0.3214285714242117 0
3363 -3.339192327129387 -0.2142857142809578 0
3364 -3.339192327129387 -0.1071428571377049 0
3365 -3.339192327129387 5.505762512569845e-12 0
3366 -3.339192327129387 0.10714285714801 0
3367 -3.339192327129387 0.2142857142904711 0
3368 -3.339192327129387 0.3214285714329319 0
3369 -3.339192327129387 0.4285714285753927 0
3370 -3.339192327129387 0.5357142857178537 0
3371 -3.339192327129387 0.6428571428603147 0
3372 -3.339192327129387 0.750000000002776 0
3373 -3.339192327129387 0.8571428571452364 0
3374 -3.339192327129387 0.9642857142876966 0
3375 -3.339192327129387 1.071428571430157 0
3376 -3.339192327129387 1.178571428572618 0
3377 -3.339192327129387 1.285714285715079 0
3378 -3.339192327129387 1.392857142857539 0
3379 -2.95897079259153 -1.392857142856746 0
3380 -2.958970792591529 -1.285714285713493 0
3381 -2.958970792591529 -1.178571428570239 0
3382 -2.958970792591529 -1.071428571426986 0
3383 -2.958970792591529 -0.9642857142837322 0
3384 -2.958970792591529 -0.8571428571404791 0
3385 -2.958970792591529 -0.7499999999972253 0
3386 -2.958970792591528 -0.6428571428539714 0
3387 -2.95897079259153 -0.5357142857107187 0
3388 -2.958970792591529 -0.4285714285674649 0
3389 -2.95897079259153 -0.3214285714242116 0
3390 -2.958970792591529 -0.2142857142809579 0
3391 -2.958970792591529 -0.1071428571377049 0
3392 -2.958970792591529 5.505595979116151e-12 0
3393 -2.958970792591529 0.10714285714801 0
3394 -2.958970792591529 0.2142857142904711 0
3395 -2.958970792591529 0.3214285714329319 0
3396 -2.958970792591529 0.4285714285753928 0
3397 -2.958970792591529 0.5357142857178537 0
3398 -2.958970792591529 0.6428571428603147 0
3399 -2.958970792591529 0.750000000002776 0
3400 -2.958970792591529 0.8571428571452364 0
3401 -2.958970792591529 0.964285714287697 0
3402 -2.958970792591529 1.071428571430157 0
3403 -2.958970792591529 1.178571428572618 0
3404 -2.958970792591529 1.285714285715079 0
3405 -2.958970792591529 1.392857142857539 0
3406 -2.64211951446237 -1.392857142856746 0
3407 -2.64211951446237 -1.285714285713493 0
3408 -2.642119514462371 -1.178571428570239 0
3409 -2.642119514462371 -1.071428571426986 0
3410 -2.642119514462371 -0.964285714283732 0
3411 -2.642119514462371 -0.8571428571404791 0
3412 -2.642119514462371 -0.7499999999972253 0
3413 -2.642119514462371 -0.6428571428539713 0
3414 -2.642119514462371 -0.5357142857107187 0
3415 -2.642119514462371 -0.4285714285674649 0
3416 -2.642119514462371 -0.3214285714242116 0
3417 -2.642119514462371 -0.2142857142809579 0
3418 -2.642119514462371 -0.1071428571377049 0
3419 -2.642119514462371 5.505595979116151e-12 0
3420 -2.642119514462371 0.10714285714801 0
3421 -2.642119514462371 0.2142857142904711 0
3422 -2.642119514462371 0.3214285714329318 0
3423 -2.642119514462371 0.4285714285753928 0
3424 -2.642119514462371 0.5357142857178536 0
3425 -2.642119514462371 0.6428571428603149 0
3426 -2.642119514462371 0.7500000000027758 0
3427 -2.642119514462371 0.8571428571452364 0
3428 -2.642119514462371 0.9642857142876969 0
3429 -2.64211951446237 1.071428571430157 0
3430 -2.64211951446237 1.178571428572618 0
3431 -2.642119514462371 1.285714285715079 0
3432 -2.642119514462371 1.392857142857539 0
3433 -2.378076783889383 -1.392857142856746 0
3434 -2.378076783889383 -1.285714285713493 0
3435 -2.378076783889382 -1.178571428570239 0
3436 -2.378076783889383 -1.071428571426986 0
3437 -2.378076783889383 -0.9642857142837322 0
3438 -2.378076783889383 -0.8571428571404791 0
3439 -2.378076783889383 -0.7499999999972251 0
3440 -2.378076783889383 -0.6428571428539716 0
3441 -2.378076783889383 -0.5357142857107187 0
3442 -2.378076783889383 -0.4285714285674649 0
3443 -2.378076783889383 -0.3214285714242117 0
3444 -2.378076783889383 -0.2142857142809579 0
3445 -2.378076783889383 -0.1071428571377048 0
3446 -2.378076783889383 5.505762512569845e-12 0
3447 -2.378076783889383 0.10714285714801 0
3448 -2.378076783889383 0.214285714290471 0
3449 -2.378076783889383 0.3214285714329317 0
3450 -2.378076783889383 0.4285714285753927 0
3451 -2.378076783889383 0.5357142857178537 0
3452 -2.378076783889383 0.6428571428603148 0
3453 -2.378076783889383 0.7500000000027759 0
3454 -2.378076783889383 0.8571428571452365 0
3455 -2.378076783889383 0.964285714287697 0
3456 -2.378076783889383 1.071428571430157 0
3457 -2.378076783889383 1.178571428572618 0
3458 -2.378076783889383 1.285714285715079 0
3459 -2.378076783889383 1.392857142857539 0
3460 -2.158041172128587 -1.392857142856746 0
3461 -2.158041172128585 -1.285714285713493 0
3462 -2.158041172128587 -1.178571428570239 0
3463 -2.158041172128586 -1.071428571426986 0
3464 -2.158041172128587 -0.9642857142837321 0
3465 -2.158041172128587 -0.8571428571404791 0
3466 -2.158041172128587 -0.7499999999972252 0
3467 -2.158041172128587 -0.6428571428539714 0
3468 -2.158041172128587 -0.5357142857107188 0
3469 -2.158041172128587 -0.428571428567465 0
3470 -2.158041172128586 -0.3214285714242116 0
3471 -2.158041172128587 -0.2142857142809578 0
3472 -2.158041172128587 -0.1071428571377049 0
3473 -2.158041172128587 5.505651490267383e-12 0
3474 -2.158041172128587 0.10714285714801 0
3475 -2.158041172128587 0.2142857142904711 0
3476 -2.158041172128587 0.3214285714329319 0
3477 -2.158041172128587 0.4285714285753927 0
3478 -2.158041172128587 0.5357142857178537 0
3479 -2.158041172128586 0.6428571428603147 0
3480 -2.158041172128587 0.7500000000027759 0
3481 -2.158041172128587 0.8571428571452364 0
3482 -2.158041172128587 0.9642857142876969 0
3483 -2.158041172128587 1.071428571430157 0
3484 -2.158041172128587 1.178571428572618 0
3485 -2.158041172128587 1.285714285715079 0
3486 -2.158041172128587 1.392857142857539 0
3487 -1.974678160528122 -1.392857142856746 0
3488 -1.974678160528123 -1.285714285713493 0
3489 -1.974678160528123 -1.178571428570239 0
3490 -1.974678160528123 -1.071428571426986 0
3491 -1.974678160528123 -0.9642857142837322 0
3492 -1.974678160528123 -0.8571428571404794 0
3493 -1.974678160528123 -0.7499999999972253 0
3494 -1.974678160528123 -0.6428571428539716 0
3495 -1.974678160528122 -0.5357142857107187 0
3496 -1.974678160528123 -0.4285714285674649 0
3497 -1.974678160528123 -0.3214285714242116 0
3498 -1.974678160528122 -0.2142857142809578 0
3499 -1.974678160528123 -0.1071428571377049 0
3500 -1.974678160528123 5.505651490267383e-12 0
3501 -1.974678160528123 0.10714285714801 0
3502 -1.974678160528123 0.2142857142904711 0
3503 -1.974678160528123 0.3214285714329318 0
3504 -1.974678160528123 0.4285714285753928 0
3505 -1.974678160528123 0.5357142857178538 0
3506 -1.974678160528123 0.6428571428603148 0
3507 -1.974678160528123 0.7500000000027758 0
3508 -1.974678160528122 0.8571428571452364 0
3509 -1.974678160528123 0.9642857142876969 0
3510 -1.974678160528123 1.071428571430157 0
3511 -1.974678160528123 1.178571428572618 0
3512 -1.974678160528123 1.285714285715079 0
3513 -1.974678160528123 1.392857142857539 0
3514 -1.821875653444003 -1.392857142856746 0
3515 -1.821875653444003 -1.285714285713493 0
3516 -1.821875653444003 -1.178571428570239 0
3517 -1.821875653444003 -1.071428571426986 0
3518 -1.821875653444003 -0.9642857142837322 0
3519 -1.821875653444003 -0.8571428571404794 0
3520 -1.821875653444003 -0.7499999999972253 0
3521 -1.821875653444003 -0.6428571428539712 0
3522 -1.821875653444003 -0.5357142857107187 0
3523 -1.821875653444003 -0.4285714285674649 0
3524 -1.821875653444003 -0.3214285714242116 0
3525 -1.821875653444003 -0.2142857142809578 0
3526 -1.821875653444003 -0.1071428571377048 0
3527 -1.821875653444003 5.505512712389304e-12 0
3528 -1.821875653444003 0.10714285714801 0
3529 -1.821875653444003 0.2142857142904711 0
3530 -1.821875653444003 0.3214285714329319 0
3531 -1.821875653444003 0.4285714285753925 0
3532 -1.821875653444003 0.5357142857178537 0
3533 -1.821875653444003 0.6428571428603148 0
3534 -1.821875653444003 0.7500000000027758 0
3535 -1.821875653444003 0.8571428571452364 0
3536 -1.821875653444003 0.9642857142876969 0
3537 -1.821875653444003 1.071428571430157 0
3538 -1.821875653444003 1.178571428572618 0
3539 -1.821875653444003 1.285714285715079 0
3540 -1.821875653444003 1.39285714285754 0
3541 -1.694540229733794 -1.392857142856746 0
3542 -1.694540229733794 -1.285714285713493 0
3543 -1.694540229733794 -1.178571428570239 0
3544 -1.694540229733794 -1.071428571426986 0
3545 -1.694540229733794 -0.9642857142837322 0
3546 -1.694540229733794 -0.8571428571404791 0
3547 -1.694540229733794 -0.7499999999972251 0
3548 -1.694540229733794 -0.6428571428539714 0
3549 -1.694540229733794 -0.5357142857107189 0
3550 -1.694540229733794 -0.4285714285674649 0
3551 -1.694540229733794 -0.3214285714242117 0
3552 -1.694540229733794 -0.214285714280958 0
3553 -1.694540229733794 -0.1071428571377049 0
3554 -1.694540229733794 5.505630673585671e-12 0
3555 -1.694540229733794 0.1071428571480101 0
3556 -1.694540229733794 0.214285714290471 0
3557 -1.694540229733794 0.3214285714329318 0
3558 -1.694540229733794 0.4285714285753926 0
3559 -1.694540229733794 0.5357142857178537 0
3560 -1.694540229733794 0.6428571428603149 0
3561 -1.694540229733794 0.7500000000027758 0
3562 -1.694540229733794 0.8571428571452364 0
3563 -1.694540229733794 0.9642857142876969 0
3564 -1.694540229733794 1.071428571430157 0
3565 -1.694540229733794 1.178571428572618 0
3566 -1.694540229733794 1.285714285715079 0
3567 -1.694540229733794 1.392857142857539 0
3568 -1.588427377930799 -1.392857142856746 0
3569 -1.588427377930799 -1.285714285713493 0
3570 -1.588427377930799 -1.178571428570239 0
3571 -1.588427377930799 -1.071428571426986 0
3572 -1.588427377930799 -0.9642857142837322 0
3573 -1.588427377930799 -0.8571428571404791 0
3574 -1.588427377930799 -0.7499999999972253 0
3575 -1.588427377930799 -0.6428571428539714 0
3576 -1.588427377930799 -0.5357142857107186 0
3577 -1.588427377930799 -0.4285714285674649 0
3578 -1.588427377930799 -0.3214285714242116 0
3579 -1.588427377930799 -0.2142857142809577 0
3580 -1.588427377930799 -0.1071428571377049 0
3581 -1.588427377930799 5.505547406858824e-12 0
3582 -1.588427377930799 0.10714285714801 0
3583 -1.588427377930799 0.2142857142904709 0
3584 -1.588427377930799 0.3214285714329316 0
3585 -1.588427377930799 0.4285714285753927 0
3586 -1.588427377930799 0.5357142857178537 0
3587 -1.588427377930799 0.6428571428603148 0
3588 -1.588427377930799 0.7500000000027758 0
3589 -1.588427377930799 0.8571428571452364 0
3590 -1.588427377930799 0.9642857142876969 0
3591 -1.588427377930799 1.071428571430157 0
3592 -1.588427377930799 1.178571428572618 0
3593 -1.588427377930799 1.285714285715079 0
3594 -1.588427377930799 1.392857142857539 0
3595 -4.342977184073034 1.588405782788235 -0
3596 -4.342977184073035 1.694496172410307 -0
3597 -4.342977184073035 1.821808778029194 -0
3598 -4.342977184073035 1.974588867969268 -0
3599 -4.342977184073034 2.157930933087713 -0
3600 -4.342977184073035 2.377948557020547 -0
3601 -4.342977184073035 2.641978282498447 -0
3602 -4.342977184073034 2.958824247446956 -0
3603 -4.342977184073035 3.339051758753583 -0
3604 -4.342977184073034 3.795339602129745 -0
3605 -4.342977184073034 4.342902807264287 -0
3606 -3.79545817122076 1.588409941721062 -0
3607 -3.795458171220761 1.694504657255842 -0
3608 -3.795458171220759 1.821821657330971 -0
3609 -3.795458171220759 1.974606064510257 -0
3610 -3.795458171220761 2.157952163638269 -0
3611 -3.79545817122076 2.377973251783854 -0
3612 -3.795458171220761 2.642005481867441 -0
3613 -3.795458171220761 2.958852470062792 -0
3614 -3.79545817122076 3.339078830324466 -0
3615 -3.79545817122076 3.795362436935466 -0
3616 -3.795458171220759 4.342917131233235 -0
3617 -3.339192327129387 1.588413407498419 -0
3618 -3.339192327129386 1.694511727960454 -0
3619 -3.339192327129387 1.821832390082454 -0
3620 -3.339192327129387 1.974620394961084 -0
3621 -3.339192327129387 2.157969855763735 -0
3622 -3.339192327129387 2.377993830753277 -0
3623 -3.339192327129387 2.642028148008272 -0
3624 -3.339192327129387 2.958875988909323 -0
3625 -3.339192327129387 3.339101389966872 -0
3626 -3.339192327129387 3.795381465940237 -0
3627 -3.339192327129387 4.342929067874027 -0
3628 -2.958970792591529 1.588416295646199 -0
3629 -2.958970792591529 1.694517620214264 -0
3630 -2.95897079259153 1.82184133404197 -0
3631 -2.958970792591529 1.97463233700337 -0
3632 -2.958970792591529 2.157984599201537 -0
3633 -2.958970792591529 2.378010979894365 -0
3634 -2.958970792591529 2.642047036458854 -0
3635 -2.958970792591528 2.958895587947986 -0
3636 -2.958970792591529 3.339120189668767 -0
3637 -2.958970792591529 3.795397323444119 -0
3638 -2.958970792591529 4.342939015074628 -0
3639 -2.642119514462371 1.588418702436012 -0
3640 -2.642119514462371 1.694522530425762 -0
3641 -2.642119514462371 1.821848787341553 -0
3642 -2.642119514462371 1.974642288705254 -0
3643 -2.642119514462371 2.15799688539968 -0
3644 -2.642119514462371 2.378025270845241 -0
3645 -2.642119514462371 2.642062776834307 -0
3646 -2.64211951446237 2.958911920480172 -0
3647 -2.642119514462371 3.339135856086981 -0
3648 -2.642119514462371 3.79541053803066 -0
3649 -2.642119514462371 4.342947304408447 -0
3650 -2.378076783889383 1.588420708094179 -0
3651 -2.378076783889383 1.694526622268658 -0
3652 -2.378076783889384 1.82185499842451 -0
3653 -2.378076783889383 1.974650581790121 -0
3654 -2.378076783889383 2.158007123898086 -0
3655 -2.378076783889382 2.378037179970919 -0
3656 -2.378076783889383 2.642075893813792 -0
3657 -2.378076783889383 2.958925530923599 -0
3658 -2.378076783889383 3.339148911435433 -0
3659 -2.378076783889383 3.795421550186061 -0
3660 -2.378076783889383 4.342954212186597 -0
3661 -2.158041172128587 1.588422379476008 -0
3662 -2.158041172128586 1.694530032137785 -0
3663 -2.158041172128587 1.821860174327043 -0
3664 -2.158041172128587 1.974657492694269 -0
3665 -2.158041172128587 2.158015655980206 -0
3666 -2.158041172128586 2.378047104242448 -0
3667 -2.158041172128586 2.642086824630176 -0
3668 -2.158041172128587 2.958936872959939 -0
3669 -2.158041172128587 3.339159790892622 -0
3670 -2.158041172128587 3.795430726982351 -0
3671 -2.158041172128586 4.342959968668466 -0
3672 -1.974678160528123 1.588423772294212 -0
3673 -1.974678160528123 1.694532873695418 -0
3674 -1.974678160528123 1.821864487579197 -0
3675 -1.974678160528123 1.974663251781116 -0
3676 -1.974678160528123 2.158022766048709 -0
3677 -1.974678160528123 2.378055374468805 -0
3678 -1.974678160528122 2.642095933643919 -0
3679 -1.974678160528123 2.958946324656981 -0
3680 -1.974678160528123 3.339168857107036 -0
3681 -1.974678160528123 3.795438374312669 -0
3682 -1.974678160528123 4.342964765736737 -0
3683 -1.821875653444003 1.58842493297603 -0
3684 -1.821875653444003 1.694535241660071 -0
3685 -1.821875653444003 1.82186808195593 -0
3686 -1.821875653444003 1.974668051020073 -0
3687 -1.821875653444003 2.158028691105695 -0
3688 -1.821875653444003 2.378062266323984 -0
3689 -1.821875653444003 2.642103524488575 -0
3690 -1.821875653444003 2.958954201071051 -0
3691 -1.821875653444003 3.339176412285585 -0
3692 -1.821875653444003 3.795444747087826 -0
3693 -1.821875653444003 4.342968763293562 -0
3694 -1.694540229733794 1.588425900210887 -0
3695 -1.694540229733794 1.694537214963968 -0
3696 -1.694540229733794 1.821871077269902 -0
3697 -1.694540229733794 1.974672050385906 -0
3698 -1.694540229733794 2.158033628653226 -0
3699 -1.694540229733794 2.378068009536686 -0
3700 -1.694540229733794 2.642109850192512 -0
3701 -1.694540229733794 2.9589607647495 -0
3702 -1.694540229733794 3.339182708267767 -0
3703 -1.694540229733794 3.795450057733837 -0
3704 -1.694540229733794 4.342972094590945 -0
3705 -1.588427377930799 1.588426706239924 -0
3706 -1.588427377930799 1.694538859383861 -0
3707 -1.588427377930799 1.821873573364848 -0
3708 -1.588427377930799 1.974675383190727 -0
3709 -1.588427377930799 2.15803774327612 -0
3710 -1.588427377930799 2.378072795547213 -0
3711 -1.588427377930799 2.642115121612397 -0
3712 -1.588427377930799 2.958966234481476 -0
3713 -1.588427377930799 3.339187954919522 -0
3714 -1.588427377930799 3.795454483272125 -0
3715 -1.588427377930799 4.342974870672065 -0
3716 -1.392857142857539 -4.342885618501537 0
3717 -1.392857142857539 -3.795312200362858 0
3718 -1.392857142857539 -3.339019272868497 0
3719 -1.392857142857539 -2.958790380307927 0
3720 -1.392857142857539 -2.641945643255629 0
3721 -1.392857142857539 -2.377918923304557 0
3722 -1.392857142857539 -2.157905456427025 0
3723 -1.392857142857539 -1.974568232120064 0
3724 -1.39285714285754 -1.821793322867049 0
3725 -1.392857142857539 -1.694485990595658 0
3726 -1.392857142857539 -1.588400792068837 0
3727 -1.285714285715079 -4.342885618501537 0
3728 -1.285714285715079 -3.795312200362858 0
3729 -1.285714285715079 -3.339019272868497 0
3730 -1.285714285715079 -2.958790380307928 0
3731 -1.285714285715079 -2.641945643255629 0
3732 -1.285714285715079 -2.377918923304557 0
3733 -1.285714285715079 -2.157905456427025 0
3734 -1.285714285715079 -1.974568232120064 0
3735 -1.285714285715079 -1.821793322867049 0
3736 -1.285714285715079 -1.694485990595658 0
3737 -1.285714285715079 -1.588400792068837 0
3738 -1.178571428572618 -4.342885618501538 0
3739 -1.178571428572618 -3.795312200362858 0
3740 -1.178571428572618 -3.339019272868497 0
3741 -1.178571428572618 -2.958790380307929 0
3742 -1.178571428572618 -2.641945643255628 0
3743 -1.178571428572618 -2.377918923304557 0
3744 -1.178571428572618 -2.157905456427025 0
3745 -1.178571428572618 -1.974568232120063 0
3746 -1.178571428572618 -1.821793322867049 0
3747 -1.178571428572618 -1.694485990595658 0
3748 -1.178571428572618 -1.588400792068837 0
3749 -1.071428571430157 -4.342885618501536 0
3750 -1.071428571430157 -3.795312200362858 0
3751 -1.071428571430157 -3.339019272868497 0
3752 -1.071428571430157 -2.958790380307928 0
3753 -1.071428571430157 -2.641945643255629 0
3754 -1.071428571430158 -2.377918923304557 0
3755 -1.071428571430157 -2.157905456427025 0
3756 -1.071428571430157 -1.974568232120064 0
3757 -1.071428571430157 -1.821793322867049 0
3758 -1.071428571430157 -1.694485990595658 0
3759 -1.071428571430157 -1.588400792068837 0
3760 -0.9642857142876968 -4.342885618501536 0
3761 -0.964285714287697 -3.795312200362858 0
3762 -0.9642857142876968 -3.339019272868497 0
3763 -0.9642857142876967 -2.958790380307928 0
3764 -0.9642857142876969 -2.641945643255629 0
3765 -0.964285714287697 -2.377918923304557 0
3766 -0.9642857142876967 -2.157905456427025 0
3767 -0.9642857142876966 -1.974568232120063 0
3768 -0.9642857142876968 -1.821793322867049 0
3769 -0.9642857142876968 -1.694485990595658 0
3770 -0.9642857142876968 -1.588400792068837 0
3771 -0.8571428571452365 -4.342885618501537 0
3772 -0.8571428571452366 -3.795312200362858 0
3773 -0.8571428571452363 -3.339019272868497 0
3774 -0.8571428571452364 -2.958790380307928 0
3775 -0.8571428571452362 -2.641945643255629 0
3776 -0.8571428571452364 -2.377918923304557 0
3777 -0.8571428571452364 -2.157905456427025 0
3778 -0.8571428571452363 -1.974568232120063 0
3779 -0.8571428571452362 -1.821793322867049 0
3780 -0.8571428571452364 -1.694485990595658 0
3781 -0.8571428571452364 -1.588400792068837 0
3782 -0.7500000000027758 -4.342885618501537 0
3783 -0.7500000000027758 -3.795312200362858 0
3784 -0.7500000000027757 -3.339019272868497 0
3785 -0.7500000000027758 -2.958790380307928 0
3786 -0.7500000000027758 -2.641945643255629 0
3787 -0.7500000000027758 -2.377918923304557 0
3788 -0.7500000000027758 -2.157905456427025 0
3789 -0.750000000002776 -1.974568232120064 0
3790 -0.7500000000027758 -1.821793322867049 0
3791 -0.7500000000027758 -1.694485990595658 0
3792 -0.7500000000027758 -1.588400792068837 0
3793 -0.6428571428603151 -4.342885618501537 0
3794 -0.6428571428603151 -3.795312200362858 0
3795 -0.642857142860315 -3.339019272868497 0
3796 -0.642857142860315 -2.958790380307928 0
3797 -0.6428571428603151 -2.641945643255628 0
3798 -0.642857142860315 -2.377918923304557 0
3799 -0.6428571428603151 -2.157905456427025 0
3800 -0.642857142860315 -1.974568232120063 0
3801 -0.6428571428603151 -1.821793322867049 0
3802 -0.6428571428603151 -1.694485990595658 0
3803 -0.642857142860315 -1.588400792068837 0
3804 -0.5357142857178537 -4.342885618501537 0
3805 -0.5357142857178537 -3.795312200362859 0
3806 -0.5357142857178538 -3.339019272868497 0
3807 -0.5357142857178536 -2.958790380307928 0
3808 -0.5357142857178538 -2.641945643255628 0
3809 -0.5357142857178537 -2.377918923304557 0
3810 -0.5357142857178538 -2.157905456427025 0
3811 -0.5357142857178537 -1.974568232120064 0
3812 -0.5357142857178537 -1.821793322867049 0
3813 -0.5357142857178538 -1.694485990595659 0
3814 -0.5357142857178537 -1.588400792068837 0
3815 -0.4285714285753928 -4.342885618501538 0
3816 -0.4285714285753927 -3.795312200362859 0
3817 -0.4285714285753929 -3.339019272868497 0
3818 -0.4285714285753928 -2.958790380307928 0
3819 -0.4285714285753928 -2.641945643255628 0
3820 -0.4285714285753927 -2.377918923304557 0
3821 -0.4285714285753928 -2.157905456427025 0
3822 -0.4285714285753928 -1.974568232120064 0
3823 -0.4285714285753929 -1.821793322867049 0
3824 -0.4285714285753929 -1.694485990595659 0
3825 -0.4285714285753928 -1.588400792068837 0
3826 -0.321428571432932 -4.342885618501537 0
3827 -0.321428571432932 -3.79531220036286 0
3828 -0.3214285714329319 -3.339019272868497 0
3829 -0.3214285714329319 -2.958790380307928 0
3830 -0.3214285714329319 -2.641945643255629 0
3831 -0.3214285714329319 -2.377918923304557 0
3832 -0.3214285714329319 -2.157905456427025 0
3833 -0.3214285714329318 -1.974568232120064 0
3834 -0.3214285714329318 -1.821793322867049 0
3835 -0.3214285714329319 -1.694485990595658 0
3836 -0.3214285714329317 -1.588400792068837 0
3837 -0.214285714290471 -4.342885618501536 0
3838 -0.214285714290471 -3.795312200362861 0
3839 -0.2142857142904711 -3.339019272868497 0
3840 -0.2142857142904711 -2.958790380307928 0
3841 -0.2142857142904711 -2.641945643255628 0
3842 -0.2142857142904711 -2.377918923304557 0
3843 -0.2142857142904711 -2.157905456427025 0
3844 -0.2142857142904709 -1.974568232120064 0
3845 -0.2142857142904711 -1.821793322867049 0
3846 -0.2142857142904711 -1.694485990595658 0
3847 -0.2142857142904711 -1.588400792068837 0
3848 -0.1071428571480099 -4.342885618501537 0
3849 -0.1071428571480101 -3.795312200362858 0
3850 -0.10714285714801 -3.339019272868497 0
3851 -0.1071428571480101 -2.958790380307928 0
3852 -0.1071428571480101 -2.641945643255629 0
3853 -0.10714285714801 -2.377918923304557 0
3854 -0.1071428571480099 -2.157905456427025 0
3855 -0.1071428571480099 -1.974568232120064 0
3856 -0.10714285714801 -1.821793322867049 0
3857 -0.1071428571480099 -1.694485990595658 0
3858 -0.1071428571480101 -1.588400792068837 0
3859 -5.505651490267383e-12 -4.342885618501536 0
3860 -5.505595979116151e-12 -3.795312200362858 0
3861 -5.505651490267383e-12 -3.339019272868497 0
3862 -5.505595979116151e-12 -2.958790380307928 0
3863 -5.505484956813689e-12 -2.641945643255629 0
3864 -5.505595979116151e-12 -2.377918923304557 0
3865 -5.505484956813689e-12 -2.157905456427025 0
3866 -5.505707001418614e-12 -1.974568232120064 0
3867 -5.505707001418614e-12 -1.821793322867049 0
3868 -5.505484956813689e-12 -1.694485990595658 0
3869 -5.505707001418614e-12 -1.588400792068837 0
3870 0.1071428571377049 -4.342885618501536 0
3871 0.1071428571377049 -3.79531220036286 0
3872 0.1071428571377048 -3.339019272868496 0
3873 0.1071428571377048 -2.958790380307928 0
3874 0.1071428571377048 -2.641945643255629 0
3875 0.1071428571377049 -2.377918923304557 0
3876 0.1071428571377049 -2.157905456427025 0
3877 0.1071428571377049 -1.974568232120063 0
3878 0.1071428571377049 -1.821793322867049 0
3879 0.1071428571377049 -1.694485990595658 0
3880 0.107142857137705 -1.588400792068837 0
3881 0.2142857142809579 -4.342885618501538 0
3882 0.214285714280958 -3.795312200362858 0
3883 0.214285714280958 -3.339019272868497 0
3884 0.2142857142809581 -2.958790380307928 0
3885 0.214285714280958 -2.641945643255629 0
3886 0.214285714280958 -2.377918923304557 0
3887 0.214285714280958 -2.157905456427025 0
3888 0.214285714280958 -1.974568232120064 0
3889 0.214285714280958 -1.821793322867049 0
3890 0.2142857142809581 -1.694485990595658 0
3891 0.2142857142809581 -1.588400792068837 0
3892 0.3214285714242116 -4.342885618501536 0
3893 0.3214285714242116 -3.795312200362858 0
3894 0.3214285714242117 -3.339019272868497 0
3895 0.3214285714242117 -2.958790380307928 0
3896 0.3214285714242118 -2.641945643255629 0
3897 0.3214285714242117 -2.377918923304557 0
3898 0.3214285714242117 -2.157905456427025 0
3899 0.3214285714242116 -1.974568232120063 0
3900 0.3214285714242116 -1.821793322867049 0
3901 0.3214285714242118 -1.694485990595658 0
3902 0.3214285714242117 -1.588400792068837 0
3903 0.4285714285674649 -4.342885618501537 0
3904 0.4285714285674649 -3.79531220036286 0
3905 0.4285714285674648 -3.339019272868497 0
3906 0.4285714285674649 -2.958790380307928 0
3907 0.4285714285674649 -2.641945643255628 0
3908 0.4285714285674649 -2.377918923304557 0
3909 0.4285714285674649 -2.157905456427025 0
3910 0.4285714285674648 -1.974568232120063 0
3911 0.4285714285674648 -1.821793322867049 0
3912 0.4285714285674649 -1.694485990595658 0
3913 0.428571428567465 -1.588400792068837 0
3914 0.5357142857107186 -4.342885618501536 0
3915 0.5357142857107187 -3.795312200362858 0
3916 0.5357142857107188 -3.339019272868497 0
3917 0.5357142857107187 -2.958790380307928 0
3918 0.5357142857107187 -2.641945643255629 0
3919 0.5357142857107187 -2.377918923304557 0
3920 0.5357142857107187 -2.157905456427025 0
3921 0.5357142857107187 -1.974568232120064 0
3922 0.5357142857107188 -1.821793322867049 0
3923 0.5357142857107186 -1.694485990595658 0
3924 0.5357142857107187 -1.588400792068837 0
3925 0.6428571428539717 -4.342885618501537 0
3926 0.6428571428539716 -3.795312200362858 0
3927 0.6428571428539716 -3.339019272868497 0
3928 0.6428571428539717 -2.958790380307928 0
3929 0.6428571428539717 -2.641945643255629 0
3930 0.6428571428539718 -2.377918923304557 0
3931 0.6428571428539717 -2.157905456427025 0
3932 0.6428571428539716 -1.974568232120063 0
3933 0.6428571428539716 -1.821793322867049 0
3934 0.6428571428539717 -1.694485990595658 0
3935 0.6428571428539719 -1.588400792068837 0
3936 0.7499999999972257 -4.342885618501536 0
3937 0.7499999999972253 -3.79531220036286 0
3938 0.7499999999972254 -3.339019272868497 0
3939 0.7499999999972256 -2.958790380307928 0
3940 0.7499999999972254 -2.641945643255629 0
3941 0.7499999999972256 -2.377918923304557 0
3942 0.7499999999972254 -2.157905456427025 0
3943 0.7499999999972256 -1.974568232120064 0
3944 0.7499999999972256 -1.821793322867049 0
3945 0.7499999999972253 -1.694485990595658 0
3946 0.7499999999972254 -1.588400792068837 0
3947 0.8571428571404794 -4.342885618501538 0
3948 0.8571428571404791 -3.795312200362858 0
3949 0.8571428571404791 -3.339019272868497 0
3950 0.8571428571404794 -2.958790380307928 0
3951 0.8571428571404791 -2.641945643255629 0
3952 0.8571428571404793 -2.377918923304557 0
3953 0.8571428571404793 -2.157905456427025 0
3954 0.8571428571404793 -1.974568232120064 0
3955 0.8571428571404792 -1.821793322867049 0
3956 0.8571428571404792 -1.694485990595658 0
3957 0.8571428571404791 -1.588400792068837 0
3958 0.9642857142837326 -4.342885618501537 0
3959 0.9642857142837327 -3.795312200362858 0
3960 0.9642857142837322 -3.339019272868497 0
3961 0.9642857142837326 -2.958790380307928 0
3962 0.9642857142837327 -2.641945643255629 0
3963 0.9642857142837326 -2.377918923304557 0
3964 0.9642857142837324 -2.157905456427025 0
3965 0.9642857142837324 -1.974568232120063 0
3966 0.9642857142837324 -1.821793322867049 0
3967 0.9642857142837326 -1.694485990595659 0
3968 0.9642857142837323 -1.588400792068837 0
3969 1.071428571426986 -4.342885618501538 0
3970 1.071428571426986 -3.795312200362858 0
3971 1.071428571426986 -3.339019272868497 0
3972 1.071428571426986 -2.958790380307928 0
3973 1.071428571426986 -2.641945643255628 0
3974 1.071428571426986 -2.377918923304557 0
3975 1.071428571426986 -2.157905456427026 0
3976 1.071428571426986 -1.974568232120063 0
3977 1.071428571426986 -1.821793322867049 0
3978 1.071428571426986 -1.694485990595659 0
3979 1.071428571426986 -1.588400792068837 0
3980 1.178571428570239 -4.342885618501536 0
3981 1.178571428570239 -3.795312200362858 0
3982 1.178571428570239 -3.339019272868497 0
3983 1.178571428570239 -2.958790380307927 0
3984 1.178571428570239 -2.641945643255629 0
3985 1.178571428570239 -2.377918923304557 0
3986 1.178571428570239 -2.157905456427025 0
3987 1.178571428570239 -1.974568232120064 0
3988 1.178571428570239 -1.821793322867049 0
3989 1.178571428570239 -1.694485990595658 0
3990 1.178571428570239 -1.588400792068837 0
3991 1.285714285713493 -4.342885618501537 0
3992 1.285714285713493 -3.795312200362858 0
3993 1.285714285713493 -3.339019272868497 0
3994 1.285714285713493 -2.958790380307928 0
3995 1.285714285713493 -2.641945643255629 0
3996 1.285714285713493 -2.377918923304557 0
3997 1.285714285713493 -2.157905456427026 0
3998 1.285714285713493 -1.974568232120063 0
3999 1.285714285713493 -1.821793322867049 0
4000 1.285714285713493 -1.694485990595658 0
4001 1.285714285713493 -1.588400792068837 0
4002 1.392857142856747 -4.342885618501536 0
4003 1.392857142856746 -3.795312200362858 0
4004 1.392857142856746 -3.339019272868497 0
4005 1.392857142856746 -2.958790380307928 0
4006 1.392857142856746 -2.641945643255629 0
4007 1.392857142856746 -2.377918923304557 0
4008 1.392857142856746 -2.157905456427026 0
4009 1.392857142856746 -1.974568232120063 0
4010 1.392857142856746 -1.821793322867049 0
4011 1.392857142856746 -1.694485990595658 0
4012 1.392857142856746 -1.588400792068837 0
4013 -1.392857142856746 1.588427377930799 -0
4014 -1.392857142856746 1.694540229733794 -0
4015 -1.392857142856746 1.821875653444003 -0
4016 -1.392857142856746 1.974678160528123 -0
4017 -1.392857142856747 2.158041172128587 -0
4018 -1.392857142856746 2.378076783889383 -0
4019 -1.392857142856746 2.642119514462371 -0
4020 -1.392857142856746 2.958970792591529 -0
4021 -1.392857142856746 3.339192327129387 -0
4022 -1.392857142856746 3.79545817122076 -0
4023 -1.392857142856746 4.342977184073035 -0
4024 -1.285714285713492 1.588427377930799 -0
4025 -1.285714285713493 1.694540229733794 -0
4026 -1.285714285713493 1.821875653444003 -0
4027 -1.285714285713493 1.974678160528123 -0
4028 -1.285714285713493 2.158041172128587 -0
4029 -1.285714285713493 2.378076783889383 -0
4030 -1.285714285713492 2.642119514462371 -0
4031 -1.285714285713493 2.958970792591529 -0
4032 -1.285714285713493 3.339192327129387 -0
4033 -1.285714285713493 3.79545817122076 -0
4034 -1.285714285713493 4.342977184073035 -0
4035 -1.178571428570239 1.588427377930799 -0
4036 -1.178571428570238 1.694540229733794 -0
4037 -1.178571428570239 1.821875653444003 -0
4038 -1.178571428570239 1.974678160528123 -0
4039 -1.17857142857024 2.158041172128587 -0
4040 -1.178571428570239 2.378076783889383 -0
4041 -1.178571428570239 2.642119514462371 -0
4042 -1.178571428570239 2.958970792591529 -0
4043 -1.178571428570239 3.339192327129387 -0
4044 -1.178571428570239 3.795458171220759 -0
4045 -1.178571428570239 4.342977184073035 -0
4046 -1.071428571426986 1.588427377930799 -0
4047 -1.071428571426986 1.694540229733795 -0
4048 -1.071428571426986 1.821875653444004 -0
4049 -1.071428571426986 1.974678160528123 -0
4050 -1.071428571426986 2.158041172128587 -0
4051 -1.071428571426986 2.378076783889383 -0
4052 -1.071428571426986 2.642119514462371 -0
4053 -1.071428571426986 2.958970792591529 -0
4054 -1.071428571426986 3.339192327129387 -0
4055 -1.071428571426986 3.79545817122076 -0
4056 -1.071428571426986 4.342977184073035 -0
4057 -0.9642857142837326 1.588427377930799 -0
4058 -0.9642857142837324 1.694540229733794 -0
4059 -0.9642857142837324 1.821875653444003 -0
4060 -0.9642857142837323 1.974678160528123 -0
4061 -0.9642857142837324 2.158041172128587 -0
4062 -0.9642857142837324 2.378076783889383 -0
4063 -0.9642857142837323 2.642119514462371 -0
4064 -0.9642857142837324 2.958970792591529 -0
4065 -0.9642857142837324 3.339192327129387 -0
4066 -0.9642857142837323 3.79545817122076 -0
4067 -0.9642857142837322 4.342977184073035 -0
4068 -0.8571428571404791 1.5884273779308 -0
4069 -0.8571428571404791 1.694540229733794 -0
4070 -0.8571428571404793 1.821875653444003 -0
4071 -0.8571428571404793 1.974678160528123 -0
4072 -0.8571428571404791 2.158041172128587 -0
4073 -0.8571428571404791 2.378076783889383 -0
4074 -0.8571428571404792 2.642119514462371 -0
4075 -0.857142857140479 2.958970792591529 -0
4076 -0.8571428571404792 3.339192327129387 -0
4077 -0.8571428571404792 3.79545817122076 -0
4078 -0.8571428571404791 4.342977184073035 -0
4079 -0.7499999999972252 1.588427377930799 -0
4080 -0.749999999997225 1.694540229733794 -0
4081 -0.7499999999972251 1.821875653444003 -0
4082 -0.7499999999972251 1.974678160528123 -0
4083 -0.7499999999972251 2.158041172128587 -0
4084 -0.7499999999972251 2.378076783889383 -0
4085 -0.749999999997225 2.642119514462371 -0
4086 -0.7499999999972253 2.958970792591529 -0
4087 -0.7499999999972252 3.339192327129387 -0
4088 -0.7499999999972251 3.79545817122076 -0
4089 -0.7499999999972252 4.342977184073035 -0
4090 -0.6428571428539716 1.588427377930799 -0
4091 -0.6428571428539714 1.694540229733794 -0
4092 -0.6428571428539712 1.821875653444003 -0
4093 -0.6428571428539713 1.974678160528122 -0
4094 -0.6428571428539713 2.158041172128587 -0
4095 -0.6428571428539716 2.378076783889383 -0
4096 -0.6428571428539711 2.642119514462371 -0
4097 -0.6428571428539713 2.958970792591529 -0
4098 -0.6428571428539714 3.339192327129387 -0
4099 -0.6428571428539714 3.79545817122076 -0
4100 -0.6428571428539713 4.342977184073034 -0
4101 -0.5357142857107188 1.588427377930799 -0
4102 -0.5357142857107188 1.694540229733794 -0
4103 -0.5357142857107186 1.821875653444003 -0
4104 -0.5357142857107187 1.974678160528123 -0
4105 -0.5357142857107187 2.158041172128587 -0
4106 -0.5357142857107187 2.378076783889383 -0
4107 -0.5357142857107186 2.642119514462371 -0
4108 -0.5357142857107186 2.958970792591529 -0
4109 -0.5357142857107187 3.339192327129387 -0
4110 -0.5357142857107187 3.79545817122076 -0
4111 -0.5357142857107187 4.342977184073035 -0
4112 -0.428571428567465 1.588427377930799 -0
4113 -0.4285714285674648 1.694540229733794 -0
4114 -0.428571428567465 1.821875653444003 -0
4115 -0.4285714285674648 1.974678160528123 -0
4116 -0.4285714285674649 2.158041172128587 -0
4117 -0.4285714285674649 2.378076783889383 -0
4118 -0.4285714285674649 2.642119514462371 -0
4119 -0.4285714285674649 2.958970792591529 -0
4120 -0.4285714285674649 3.339192327129387 -0
4121 -0.4285714285674649 3.79545817122076 -0
4122 -0.4285714285674649 4.342977184073035 -0
4123 -0.3214285714242113 1.588427377930799 -0
4124 -0.3214285714242115 1.694540229733794 -0
4125 -0.3214285714242114 1.821875653444003 -0
4126 -0.3214285714242116 1.974678160528123 -0
4127 -0.3214285714242116 2.158041172128586 -0
4128 -0.3214285714242116 2.378076783889383 -0
4129 -0.3214285714242116 2.642119514462371 -0
4130 -0.3214285714242114 2.958970792591529 -0
4131 -0.3214285714242116 3.339192327129387 -0
4132 -0.3214285714242116 3.79545817122076 -0
4133 -0.3214285714242116 4.342977184073035 -0
4134 -0.2142857142809579 1.588427377930799 -0
4135 -0.2142857142809581 1.694540229733794 -0
4136 -0.214285714280958 1.821875653444003 -0
4137 -0.2142857142809579 1.974678160528123 -0
4138 -0.214285714280958 2.158041172128587 -0
4139 -0.2142857142809581 2.378076783889383 -0
4140 -0.214285714280958 2.642119514462371 -0
4141 -0.2142857142809579 2.958970792591529 -0
4142 -0.214285714280958 3.339192327129387 -0
4143 -0.2142857142809581 3.79545817122076 -0
4144 -0.214285714280958 4.342977184073035 -0
4145 -0.1071428571377049 1.588427377930799 -0
4146 -0.1071428571377049 1.694540229733794 -0
4147 -0.1071428571377049 1.821875653444003 -0
4148 -0.1071428571377049 1.974678160528123 -0
4149 -0.107142857137705 2.158041172128587 -0
4150 -0.1071428571377048 2.378076783889383 -0
4151 -0.1071428571377049 2.642119514462371 -0
4152 -0.1071428571377049 2.958970792591529 -0
4153 -0.1071428571377049 3.339192327129387 -0
4154 -0.1071428571377049 3.79545817122076 -0
4155 -0.1071428571377048 4.342977184073035 -0
4156 5.505498834601495e-12 1.588427377930799 0
4157 5.505672306949094e-12 1.694540229733794 0
4158 5.505526590177112e-12 1.821875653444003 0
4159 5.505623734691767e-12 1.974678160528123 0
4160 5.505623734691767e-12 2.158041172128587 0
4161 5.505707001418614e-12 2.378076783889383 0
4162 5.50559597911615e-12 2.642119514462371 0
4163 5.505651490267383e-12 2.958970792591529 0
4164 5.505707001418614e-12 3.339192327129387 0
4165 5.505595979116151e-12 3.79545817122076 0
4166 5.505595979116151e-12 4.342977184073035 0
4167 0.1071428571480101 1.588427377930799 0
4168 0.1071428571480101 1.694540229733794 0
4169 0.10714285714801 1.821875653444003 0
4170 0.10714285714801 1.974678160528123 0
4171 0.1071428571480099 2.158041172128587 0
4172 0.10714285714801 2.378076783889383 0
4173 0.10714285714801 2.642119514462371 0
4174 0.1071428571480101 2.958970792591529 0
4175 0.10714285714801 3.339192327129387 0
4176 0.1071428571480101 3.79545817122076 0
4177 0.1071428571480098 4.342977184073035 0
4178 0.2142857142904711 1.588427377930799 0
4179 0.214285714290471 1.694540229733794 0
4180 0.214285714290471 1.821875653444003 0
4181 0.2142857142904712 1.974678160528123 0
4182 0.2142857142904711 2.158041172128587 0
4183 0.214285714290471 2.378076783889383 0
4184 0.2142857142904711 2.642119514462371 0
4185 0.2142857142904711 2.958970792591529 0
4186 0.2142857142904711 3.339192327129387 0
4187 0.2142857142904711 3.79545817122076 0
4188 0.2142857142904711 4.342977184073035 0
4189 0.3214285714329318 1.588427377930799 0
4190 0.3214285714329318 1.694540229733794 0
4191 0.3214285714329318 1.821875653444003 0
4192 0.3214285714329319 1.974678160528123 0
4193 0.3214285714329319 2.158041172128587 0
4194 0.3214285714329318 2.378076783889383 0
4195 0.3214285714329318 2.642119514462371 0
4196 0.3214285714329318 2.958970792591529 0
4197 0.3214285714329318 3.339192327129387 0
4198 0.321428571432932 3.79545817122076 0
4199 0.3214285714329317 4.342977184073035 0
4200 0.4285714285753927 1.588427377930799 0
4201 0.4285714285753926 1.694540229733794 0
4202 0.4285714285753925 1.821875653444003 0
4203 0.4285714285753926 1.974678160528123 0
4204 0.4285714285753926 2.158041172128587 0
4205 0.4285714285753927 2.378076783889383 0
4206 0.4285714285753928 2.642119514462371 0
4207 0.4285714285753925 2.958970792591529 0
4208 0.4285714285753927 3.339192327129387 0
4209 0.4285714285753927 3.79545817122076 0
4210 0.4285714285753925 4.342977184073035 0
4211 0.5357142857178537 1.588427377930799 0
4212 0.5357142857178537 1.694540229733794 0
4213 0.5357142857178537 1.821875653444003 0
4214 0.5357142857178537 1.974678160528123 0
4215 0.5357142857178537 2.158041172128587 0
4216 0.5357142857178537 2.378076783889383 0
4217 0.5357142857178537 2.642119514462371 0
4218 0.5357142857178536 2.958970792591529 0
4219 0.5357142857178537 3.339192327129387 0
4220 0.5357142857178538 3.79545817122076 0
4221 0.5357142857178538 4.342977184073035 0
4222 0.6428571428603146 1.588427377930799 0
4223 0.6428571428603149 1.694540229733794 0
4224 0.6428571428603148 1.821875653444003 0
4225 0.6428571428603148 1.974678160528123 0
4226 0.6428571428603149 2.158041172128587 0
4227 0.6428571428603148 2.378076783889383 0
4228 0.6428571428603149 2.642119514462371 0
4229 0.6428571428603151 2.95897079259153 0
4230 0.6428571428603148 3.339192327129387 0
4231 0.6428571428603148 3.79545817122076 0
4232 0.6428571428603149 4.342977184073035 0
4233 0.7500000000027758 1.588427377930799 0
4234 0.7500000000027759 1.694540229733794 0
4235 0.7500000000027756 1.821875653444003 0
4236 0.7500000000027758 1.974678160528123 0
4237 0.750000000002776 2.158041172128587 0
4238 0.7500000000027759 2.378076783889383 0
4239 0.7500000000027756 2.642119514462371 0
4240 0.7500000000027757 2.958970792591529 0
4241 0.750000000002776 3.339192327129387 0
4242 0.7500000000027756 3.79545817122076 0
4243 0.7500000000027759 4.342977184073035 0
4244 0.8571428571452363 1.588427377930799 0
4245 0.8571428571452364 1.694540229733794 0
4246 0.8571428571452364 1.821875653444003 0
4247 0.8571428571452365 1.974678160528123 0
4248 0.8571428571452361 2.158041172128587 0
4249 0.8571428571452365 2.378076783889383 0
4250 0.8571428571452362 2.642119514462371 0
4251 0.8571428571452364 2.958970792591529 0
4252 0.8571428571452364 3.339192327129387 0
4253 0.8571428571452369 3.79545817122076 0
4254 0.8571428571452364 4.342977184073035 0
4255 0.9642857142876967 1.588427377930799 0
4256 0.9642857142876969 1.694540229733794 0
4257 0.9642857142876966 1.821875653444003 0
4258 0.9642857142876968 1.974678160528123 0
4259 0.9642857142876966 2.158041172128586 0
4260 0.9642857142876968 2.378076783889383 0
4261 0.9642857142876967 2.642119514462371 0
4262 0.964285714287697 2.958970792591529 0
4263 0.9642857142876968 3.339192327129387 0
4264 0.9642857142876966 3.79545817122076 0
4265 0.9642857142876968 4.342977184073035 0
4266 1.071428571430158 1.588427377930799 0
4267 1.071428571430157 1.694540229733794 0
4268 1.071428571430158 1.821875653444003 0
4269 1.071428571430157 1.974678160528123 0
4270 1.071428571430157 2.158041172128587 0
4271 1.071428571430157 2.378076783889383 0
4272 1.071428571430158 2.64211951446237 0
4273 1.071428571430157 2.958970792591529 0
4274 1.071428571430157 3.339192327129387 0
4275 1.071428571430157 3.79545817122076 0
4276 1.071428571430157 4.342977184073035 0
4277 1.178571428572618 1.588427377930799 0
4278 1.178571428572618 1.694540229733794 0
4279 1.178571428572618 1.821875653444003 0
4280 1.178571428572618 1.974678160528123 0
4281 1.178571428572618 2.158041172128587 0
4282 1.178571428572618 2.378076783889383 0
4283 1.178571428572618 2.64211951446237 0
4284 1.178571428572618 2.958970792591529 0
4285 1.178571428572618 3.339192327129387 0
4286 1.178571428572618 3.79545817122076 0
4287 1.178571428572618 4.342977184073035 0
4288 1.285714285715079 1.588427377930799 0
4289 1.285714285715078 1.694540229733794 0
4290 1.285714285715079 1.821875653444003 0
4291 1.285714285715078 1.974678160528123 0
4292 1.285714285715078 2.158041172128586 0
4293 1.285714285715079 2.378076783889382 0
4294 1.285714285715079 2.642119514462371 0
4295 1.285714285715079 2.958970792591529 0
4296 1.285714285715079 3.339192327129387 0
4297 1.285714285715079 3.79545817122076 0
4298 1.285714285715079 4.342977184073034 0
4299 1.39285714285754 1.588427377930799 0
4300 1.392857142857539 1.694540229733794 0
4301 1.39285714285754 1.821875653444003 0
4302 1.392857142857539 1.974678160528123 0
4303 1.392857142857539 2.158041172128587 0
4304 1.392857142857539 2.378076783889383 0
4305 1.392857142857539 2.642119514462371 0
4306 1.39285714285754 2.958970792591529 0
4307 1.392857142857539 3.339192327129387 0
4308 1.392857142857539 3.79545817122076 0
4309 1.39285714285754 4.342977184073035 0
4310 1.618373816254533 -4.342885618501534 0
4311 1.618379047061931 -3.795312200362858 0
4312 1.618383405893717 -3.339019272868497 0
4313 1.618387038108207 -2.958790380307928 0
4314 1.61839006483255 -2.641945643255629 0
4315 1.618392587001951 -2.377918923304557 0
4316 1.618394688725723 -2.157905456427025 0
4317 1.618396440092165 -1.974568232120063 0
4318 1.618397899505823 -1.821793322867049 0
4319 1.618399115635228 -1.694485990595658 0
4320 1.618400129035848 -1.588400792068837 0
4321 1.73911492662164 -4.342885618501536 0
4322 1.739125341677577 -3.795312200362861 0
4323 1.739134020543654 -3.339019272868497 0
4324 1.739141252642681 -2.958790380307929 0
4325 1.739147279150818 -2.641945643255628 0
4326 1.739152301040059 -2.377918923304557 0
4327 1.739156485780385 -2.157905456427025 0
4328 1.739159972924543 -1.974568232120064 0
4329 1.739162878761775 -1.821793322867049 0
4330 1.739165300195948 -1.694485990595658 0
4331 1.739167317977017 -1.588400792068837 0
4332 1.862270674747853 -4.342885618501537 0
4333 1.862286223511555 -3.795312200362858 0
4334 1.862299180296295 -3.339019272868497 0
4335 1.862309977184907 -2.958790380307928 0
4336 1.862318974232213 -2.641945643255629 0
4337 1.862326471471749 -2.377918923304557 0
4338 1.862332718921487 -2.157905456427025 0
4339 1.86233792492142 -1.974568232120064 0
4340 1.862342263081172 -1.821793322867049 0
4341 1.862345878069704 -1.694485990595658 0
4342 1.862348890439606 -1.588400792068837 0
4343 1.987889348180594 -4.342885618501537 0
4344 1.987909976226825 -3.79531220036286 0
4345 1.98792716557768 -3.339019272868498 0
4346 1.9879414894636 -2.958790380307929 0
4347 1.987953425557769 -2.641945643255628 0
4348 1.987963371905062 -2.377918923304557 0
4349 1.987971660196305 -2.157905456427025 0
4350 1.987978566829486 -1.974568232120064 0
4351 1.987984322126925 -1.821793322867049 0
4352 1.987989118016296 -1.694485990595658 0
4353 1.987993114430853 -1.588400792068837 0
4354 2.116020201924184 -4.342885618501537 0
4355 2.116045850720629 -3.795312200362859 0
4356 2.116067223862619 -3.339019272868497 0
4357 2.116085034101657 -2.958790380307928 0
4358 2.116099875373887 -2.641945643255629 0
4359 2.116112242606065 -2.377918923304557 0
4360 2.116122548220691 -2.157905456427026 0
4361 2.11613113588947 -1.974568232120064 0
4362 2.116138291993874 -1.821793322867049 0
4363 2.116144255175692 -1.694485990595659 0
4364 2.116149224295034 -1.588400792068837 0
4365 2.246713476842823 -4.342885618501537 0
4366 2.246744083207328 -3.795312200362858 0
4367 2.246769587490768 -3.339019272868497 0
4368 2.246790840209939 -2.958790380307928 0
4369 2.246808550100873 -2.641945643255629 0
4370 2.246823307753021 -2.377918923304557 0
4371 2.246835605304619 -2.157905456427025 0
4372 2.246845852854497 -1.974568232120064 0
4373 2.246854392137825 -1.821793322867049 0
4374 2.246861507922643 -1.694485990595658 0
4375 2.246867437506051 -1.588400792068837 0
4376 2.380020417489643 -4.342885618501537 0
4377 2.380055913337846 -3.795312200362858 0
4378 2.380085492028033 -3.339019272868497 0
4379 2.380110139950314 -2.958790380307929 0
4380 2.380130679064006 -2.641945643255629 0
4381 2.380147794307483 -2.377918923304557 0
4382 2.380162056439946 -2.157905456427025 0
4383 2.380173941075081 -1.974568232120063 0
4384 2.380183844541554 -1.821793322867049 0
4385 2.380192097100191 -1.694485990595658 0
4386 2.38019897395721 -1.588400792068837 0
4387 2.515993293118323 -4.342885618501536 0
4388 2.516033605837253 -3.795312200362858 0
4389 2.516067198425803 -3.339019272868497 0
4390 2.516095191129552 -2.958790380307928 0
4391 2.516118517449651 -2.641945643255628 0
4392 2.516137955272231 -2.377918923304557 0
4393 2.516154152809871 -2.157905456427025 0
4394 2.51616765021816 -1.974568232120064 0
4395 2.516178897608506 -1.821793322867049 0
4396 2.516188270058909 -1.694485990595658 0
4397 2.516196080121722 -1.588400792068837 0
4398 2.65468541801049 -4.342885618501537 0
4399 2.654730470212171 -3.795312200362858 0
4400 2.654768012211679 -3.339019272868497 0
4401 2.654799295959547 -2.958790380307928 0
4402 2.654825364706718 -2.641945643255629 0
4403 2.654847087793782 -2.377918923304557 0
4404 2.654865189642327 -2.157905456427025 0
4405 2.654880273912913 -1.974568232120063 0
4406 2.654892843635612 -1.821793322867049 0
4407 2.654903317985569 -1.694485990595658 0
4408 2.654912046261269 -1.588400792068837 0
4409 2.796151173356185 -4.342885618501537 0
4410 2.796200882609198 -3.795312200362859 0
4411 2.796242305329566 -3.339019272868498 0
4412 2.796276822882094 -2.958790380307928 0
4413 2.796305586358693 -2.641945643255629 0
4414 2.796329554963796 -2.377918923304557 0
4415 2.796349528002531 -2.157905456427025 0
4416 2.796366171535925 -1.974568232120064 0
4417 2.796380040592322 -1.821793322867049 0
4418 2.796391597677053 -1.694485990595658 0
4419 2.796401228195629 -1.588400792068837 0
4420 2.940446026788403 -4.342885618501536 0
4421 2.940500305974959 -3.795312200362858 0
4422 2.940545536820933 -3.339019272868497 0
4423 2.940583227684495 -2.958790380307928 0
4424 2.940614635481189 -2.641945643255629 0
4425 2.940640807598229 -2.377918923304557 0
4426 2.940662616823473 -2.157905456427025 0
4427 2.940680790451101 -1.974568232120064 0
4428 2.940695934535028 -1.821793322867049 0
4429 2.940708554100204 -1.694485990595658 0
4430 2.940719069983719 -1.588400792068837 0
4431 3.087626556376332 -4.342885618501537 0
4432 3.087685312805496 -3.79531220036286 0
4433 3.087734274537719 -3.339019272868497 0
4434 3.08777507434876 -2.958790380307928 0
4435 3.087809072831396 -2.641945643255628 0
4436 3.087837403767036 -2.377918923304557 0
4437 3.087861011935829 -2.157905456427025 0
4438 3.087880684623135 -1.974568232120064 0
4439 3.087897077873494 -1.821793322867049 0
4440 3.08791073836906 -1.694485990595658 0
4441 3.08792212165986 -1.588400792068837 0
4442 3.237750471974945 -4.342885618501537 0
4443 3.237813607071311 -3.795312200362858 0
4444 3.237866217546902 -3.339019272868497 0
4445 3.23791005785576 -2.958790380307928 0
4446 3.237946589985232 -2.641945643255629 0
4447 3.237977032208787 -2.377918923304557 0
4448 3.238002399713808 -2.157905456427025 0
4449 3.238023538456013 -1.974568232120064 0
4450 3.238041153369919 -1.821793322867049 0
4451 3.238055831877722 -1.694485990595658 0
4452 3.238068063478107 -1.588400792068837 0
4453 3.390876635214053 -4.342885618501538 0
4454 3.390944044855687 -3.795312200362858 0
4455 3.391000217309835 -3.339019272868498 0
4456 3.391047025815393 -2.958790380307928 0
4457 3.391086031343184 -2.641945643255629 0
4458 3.391118534649561 -2.377918923304557 0
4459 3.391145619654905 -2.157905456427025 0
4460 3.39116818959015 -1.974568232120064 0
4461 3.391186997117218 -1.821793322867049 0
4462 3.391202669429572 -1.694485990595658 0
4463 3.391215729167278 -1.588400792068837 0
4464 3.547065087019406 -4.342885618501538 0
4465 3.547136661229103 -3.795312200362859 0
4466 3.547196304017803 -3.339019272868497 0
4467 3.547246004353113 -2.958790380307928 0
4468 3.547287419642643 -2.641945643255629 0
4469 3.547321931003482 -2.377918923304557 0
4470 3.547350689320617 -2.157905456427025 0
4471 3.547374653626596 -1.974568232120063 0
4472 3.547394623082799 -1.821793322867049 0
4473 3.547411263630703 -1.694485990595659 0
4474 3.547425130199083 -1.588400792068837 0
4475 3.706377068856861 -4.342885618501536 0
4476 3.706452691494493 -3.79531220036286 0
4477 3.70651570783818 -3.339019272868496 0
4478 3.706568219356832 -2.958790380307929 0
4479 3.706611977205445 -2.641945643255628 0
4480 3.706648440620775 -2.377918923304557 0
4481 3.706678825584925 -2.157905456427025 0
4482 3.706704145375878 -1.974568232120063 0
4483 3.706725244357712 -1.821793322867049 0
4484 3.706742826139327 -1.694485990595658 0
4485 3.706757477037747 -1.588400792068837 0
4486 3.868875045180946 -4.342885618501535 0
4487 3.868954593923336 -3.795312200362858 0
4488 3.869020881890105 -3.339019272868497 0
4489 3.869076119652243 -2.958790380307927 0
4490 3.869122149279559 -2.64194564325563 0
4491 3.869160505768085 -2.377918923304557 0
4492 3.86919246823014 -2.157905456427025 0
4493 3.869219102550113 -1.974568232120064 0
4494 3.86924129692898 -1.821793322867049 0
4495 3.869259791504947 -1.694485990595658 0
4496 3.869275203034889 -1.588400792068837 0
4497 4.034622732121694 -4.342885618501538 0
4498 4.034706078143365 -3.795312200362858 0
4499 4.034775530382942 -3.339019272868497 0
4500 4.034833404933588 -2.958790380307928 0
4501 4.034881631796774 -2.641945643255629 0
4502 4.034921819241951 -2.377918923304557 0
4503 4.034955307440192 -2.157905456427025 0
4504 4.034983213156147 -1.974568232120064 0
4505 4.035006466989287 -1.821793322867049 0
4506 4.035025844408503 -1.694485990595658 0
4507 4.035041991611713 -1.588400792068837 0
4508 4.20368511930084 -4.342885618501537 0
4509 4.203772126606396 -3.79531220036286 0
4510 4.20384462979382 -3.339019272868496 0
4511 4.203905046699277 -2.958790380307928 0
4512 4.203955392106738 -2.641945643255629 0
4513 4.203997344934863 -2.377918923304557 0
4514 4.204032304226719 -2.157905456427025 0
4515 4.204061435804999 -1.974568232120064 0
4516 4.204085711149218 -1.821793322867049 0
4517 4.204105939793619 -1.694485990595658 0
4518 4.204122796322765 -1.588400792068837 0
4519 4.376128494271165 -4.342885618501537 0
4520 4.376219020273177 -3.795312200362858 0
4521 4.37629445559035 -3.339019272868497 0
4522 4.3763573158395 -2.958790380307928 0
4523 4.376409697285266 -2.641945643255629 0
4524 4.376453346744114 -2.377918923304557 0
4525 4.376489719838362 -2.157905456427025 0
4526 4.376520029538185 -1.974568232120063 0
4527 4.376545286611091 -1.821793322867049 0
4528 4.376566333330008 -1.694485990595658 0
4529 4.376583871560638 -1.588400792068837 0
4530 4.552020473159256 -4.342885618501538 0
4531 4.552114368021571 -3.795312200362858 0
4532 4.55219261061002 -3.339019272868497 0
4533 4.552257810158303 -2.958790380307928 0
4534 4.552312140942038 -2.641945643255629 0
4535 4.552357414784223 -2.377918923304557 0
4536 4.552395141477111 -2.157905456427025 0
4537 4.552426579130699 -1.974568232120064 0
4538 4.552452776127473 -1.821793322867049 0
4539 4.552474606084954 -1.694485990595658 0
4540 4.552492796988271 -1.588400792068837 0
4541 4.73143002261478 -4.342885618501536 0
4542 4.731527129168605 -3.79531220036286 0
4543 4.73160804805958 -3.339019272868496 0
4544 4.731675477770735 -2.958790380307928 0
4545 4.731731666949196 -2.64194564325563 0
4546 4.731778489391707 -2.377918923304557 0
4547 4.731817506533258 -2.157905456427025 0
4548 4.731850019517725 -1.974568232120063 0
4549 4.731877112587728 -1.821793322867049 0
4550 4.731899689243028 -1.694485990595658 0
4551 4.731918502369634 -1.588400792068837 0
4552 4.914427487891661 -4.342885618501537 0
4553 4.914527641587146 -3.795312200362858 0
4554 4.914611099661258 -3.339019272868497 0
4555 4.914680645273698 -2.958790380307928 0
4556 4.914738597632706 -2.641945643255629 0
4557 4.91478688933357 -2.377918923304557 0
4558 4.91482713080811 -2.157905456427025 0
4559 4.914860664029275 -1.974568232120063 0
4560 4.914888607262515 -1.821793322867049 0
4561 4.914911892358845 -1.694485990595658 0
4562 4.914931295829351 -1.588400792068837 0
4563 5.101084621463594 -4.342885618501537 0
4564 5.101187649647218 -3.795312200362858 0
4565 5.10127350303229 -3.339019272868497 0
4566 5.101345044657331 -2.958790380307928 0
4567 5.101404660293642 -2.641945643255628 0
4568 5.10145433800349 -2.377918923304557 0
4569 5.101495734439319 -2.157905456427025 0
4570 5.101530230089739 -1.974568232120064 0
4571 5.101558975315282 -1.821793322867049 0
4572 5.101582928711796 -1.694485990595658 0
4573 5.101602889076839 -1.588400792068837 0
4574 5.291474611709535 -4.342885618501538 0
4575 5.291580333222967 -3.795312200362859 0
4576 5.291668430959753 -3.339019272868497 0
4577 5.291741842803061 -2.958790380307928 0
4578 5.291803016892258 -2.641945643255628 0
4579 5.291853993260895 -2.377918923304557 0
4580 5.291896471869102 -2.157905456427025 0
4581 5.291931869293776 -1.974568232120064 0
4582 5.291961365967803 -1.821793322867049 0
4583 5.291985945546344 -1.694485990595658 0
4584 5.292006427708863 -1.588400792068837 0
4585 5.485672111295048 -4.342885618501537 0
4586 5.48578033665718 -3.79531220036286 0
4587 5.48587052085108 -3.339019272868497 0
4588 5.485945671339083 -2.958790380307928 0
4589 5.486008294240909 -2.641945643255628 0
4590 5.486060477905116 -2.377918923304557 0
4591 5.486103962552721 -2.157905456427025 0
4592 5.486140198310038 -1.974568232120064 0
4593 5.486170393566657 -1.821793322867049 0
4594 5.486195555274075 -1.694485990595658 0
4595 5.48621652252458 -1.588400792068837 0
4596 5.683753263757461 -4.342885618501537 0
4597 5.683863795380628 -3.795312200362858 0
4598 5.683955901381839 -3.339019272868497 0
4599 5.684032653311858 -2.958790380307928 0
4600 5.684096610695319 -2.641945643255628 0
4601 5.684149906383075 -2.377918923304557 0
4602 5.684194317679911 -2.157905456427025 0
4603 5.684231325614038 -1.974568232120064 0
4604 5.684262164325596 -1.821793322867049 0
4605 5.684287862224017 -1.694485990595658 0
4606 5.684309276282477 -1.588400792068837 0
4607 5.885795735842844 -4.342885618501537 0
4608 5.885908366962537 -3.795312200362858 0
4609 5.886002222474199 -3.339019272868498 0
4610 5.886080432271259 -2.958790380307928 0
4611 5.886145604495335 -2.641945643255628 0
4612 5.886199912509769 -2.377918923304557 0
4613 5.886245167378435 -2.157905456427025 0
4614 5.886282878260978 -1.974568232120064 0
4615 5.886314302739447 -1.821793322867049 0
4616 5.886340488757441 -1.694485990595658 0
4617 5.886362309565934 -1.588400792068837 0
4618 6.091878747674665 -4.342885618501537 0
4619 6.091993262197456 -3.79531220036286 0
4620 6.092088687148914 -3.339019272868496 0
4621 6.092168204760146 -2.958790380307928 0
4622 6.092234466785768 -2.64194564325563 0
4623 6.092289682931837 -2.377918923304557 0
4624 6.092335694546596 -2.157905456427025 0
4625 6.092374036025666 -1.974568232120064 0
4626 6.092405985980227 -1.821793322867049 0
4627 6.092432609877444 -1.694485990595658 0
4628 6.092454795570689 -1.588400792068837 0
4629 6.302083103385806 -4.342885618501536 0
4630 6.302199276044369 -3.79531220036286 0
4631 6.302296082720356 -3.339019272868497 0
4632 6.302376751722626 -2.958790380307928 0
4633 6.302443973202404 -2.641945643255629 0
4634 6.302499988861622 -2.377918923304557 0
4635 6.302546666710693 -2.157905456427025 0
4636 6.302585563362824 -1.974568232120064 0
4637 6.302617975943092 -1.821793322867049 0
4638 6.302644985346315 -1.694485990595658 0
4639 6.302667492281712 -1.588400792068837 0
4640 6.516491223479451 -4.342885618501536 0
4641 6.516608819048321 -3.79531220036286 0
4642 6.516706811435468 -3.339019272868497 0
4643 6.516788468490835 -2.958790380307928 0
4644 6.516856513315259 -2.641945643255629 0
4645 6.516913215067577 -2.377918923304557 0
4646 6.516960464638027 -2.157905456427025 0
4647 6.51699983770559 -1.974568232120063 0
4648 6.517032647282841 -1.821793322867049 0
4649 6.517059987503647 -1.694485990595658 0
4650 6.517082770109336 -1.588400792068837 0
4651 6.735187176753989 -4.342885618501537 0
4652 6.735305950157545 -3.795312200362858 0
4653 6.735404924034329 -3.339019272868497 0
4654 6.735487398965002 -2.958790380307928 0
4655 6.735556125324924 -2.641945643255629 0
4656 6.735613395000768 -2.377918923304557 0
4657 6.735661117821898 -2.157905456427025 0
4658 6.735700885249256 -1.974568232120063 0
4659 6.735734023446525 -1.821793322867049 0
4660 6.735761637506395 -1.694485990595658 0
4661 6.735784648302167 -1.588400792068837 0
4662 6.958256713589504 -4.342885618501537 0
4663 6.958376409418205 -3.79531220036286 0
4664 6.958476151951859 -3.339019272868496 0
4665 6.958559267404297 -2.958790380307928 0
4666 6.958628527511006 -2.64194564325563 0
4667 6.95868624195805 -2.377918923304557 0
4668 6.958734335407022 -2.157905456427025 0
4669 6.958774411678564 -1.974568232120063 0
4670 6.958807807235694 -1.821793322867049 0
4671 6.958835635753537 -1.694485990595658 0
4672 6.958858825257134 -1.588400792068837 0
4673 7.185787300660841 -4.342885618501537 0
4674 7.185907651988956 -3.795312200362861 0
4675 7.186007940750269 -3.339019272868497 0
4676 7.186091511374209 -2.958790380307928 0
4677 7.186161150775333 -2.641945643255629 0
4678 7.186219181288411 -2.377918923304557 0
4679 7.186267538115214 -2.157905456427025 0
4680 7.186307833859506 -1.974568232120064 0
4681 7.186341412303275 -1.821793322867049 0
4682 7.186369393220555 -1.694485990595659 0
4683 7.186392709718604 -1.588400792068837 0
4684 7.417868152123686 -4.342885618501537 0
4685 7.417988881551296 -3.79531220036286 0
4686 7.418089485382919 -3.339019272868496 0
4687 7.418173318554945 -2.958790380307928 0
4688 7.41824317673739 -2.641945643255629 0
4689 7.418301389560947 -2.377918923304557 0
4690 7.418349898307067 -2.157905456427025 0
4691 7.418390320645729 -1.974568232120063 0
4692 7.41842400458059 -1.821793322867049 0
4693 7.418452073403595 -1.694485990595658 0
4694 7.418475463153483 -1.588400792068837 0
4695 7.654590264178282 -4.342885618501537 0
4696 7.654711083256227 -3.79531220036286 0
4697 7.65481176179347 -3.339019272868496 0
4698 7.654895657217687 -2.958790380307927 0
4699 7.654965567274887 -2.641945643255629 0
4700 7.655023823325672 -2.377918923304557 0
4701 7.655072368093046 -2.157905456427025 0
4702 7.655112820448217 -1.974568232120064 0
4703 7.655146529395834 -1.821793322867049 0
4704 7.655174619061969 -1.694485990595658 0
4705 7.655198026180441 -1.588400792068837 0
4706 7.896046455388197 -4.342885618501537 0
4707 7.896167063440265 -3.795312200362858 0
4708 7.896267566129649 -3.339019272868497 0
4709 7.89635131501985 -2.958790380307928 0
4710 7.896421102970246 -2.641945643255629 0
4711 7.896479257269437 -2.377918923304557 0
4712 7.896527717247205 -2.157905456427025 0
4713 7.896568098947196 -1.974568232120064 0
4714 7.896601749017854 -1.821793322867049 0
4715 7.896629789621819 -1.694485990595659 0
4716 7.896653155856781 -1.588400792068837 0
4717 8.142331400213974 -4.342885618501536 0
4718 8.142451484980826 -3.795312200362858 0
4719 8.142551551616638 -3.339019272868497 0
4720 8.142634937143404 -2.958790380307928 0
4721 8.14270442230305 -2.641945643255629 0
4722 8.142762324286705 -2.377918923304557 0
4723 8.142810574009937 -2.157905456427025 0
4724 8.142850780504821 -1.974568232120063 0
4725 8.142884284577063 -1.821793322867049 0
4726 8.142912203520547 -1.694485990595658 0
4727 8.142935468375832 -1.588400792068837 0
4728 8.393541665729973 -4.342885618501538 0
4729 8.393660902791058 -3.795312200362858 0
4730 8.393760263033661 -3.339019272868497 0
4731 8.393843059922965 -2.958790380307928 0
4732 8.393912054571018 -2.641945643255628 0
4733 8.393969547811359 -2.377918923304557 0
4734 8.394017456928786 -2.157905456427025 0
4735 8.39405737959685 -1.974568232120064 0
4736 8.394090647156201 -1.821793322867049 0
4737 8.394118369013494 -1.694485990595658 0
4738 8.39414146963686 -1.588400792068837 0
4739 8.649775752863928 -4.342885618501537 0
4740 8.649893804377484 -3.79531220036286 0
4741 8.649992176703334 -3.339019272868496 0
4742 8.650074150361618 -2.958790380307928 0
4743 8.65014245901126 -2.641945643255629 0
4744 8.650199380609132 -2.377918923304557 0
4745 8.650246813376874 -2.157905456427025 0
4746 8.650286339102749 -1.974568232120064 0
4747 8.650319275890169 -1.821793322867049 0
4748 8.650346722115218 -1.694485990595659 0
4749 8.650369593054229 -1.588400792068837 0
4750 8.911134129688671 -4.342885618501536 0
4751 8.911250644679097 -3.795312200362858 0
4752 8.911347736620225 -3.339019272868497 0
4753 8.911428643333931 -2.958790380307928 0
4754 8.911496062898653 -2.641945643255629 0
4755 8.911552243622051 -2.377918923304557 0
4756 8.911599059019107 -2.157905456427025 0
4757 8.911638070289971 -1.974568232120064 0
4758 8.911670578382036 -1.821793322867049 0
4759 8.911697667375236 -1.694485990595658 0
4760 8.91172024063296 -1.588400792068837 0
4761 9.177719273518921 -4.342885618501537 0
4762 9.177833887542787 -3.795312200362858 0
4763 9.177929395408492 -3.339019272868497 0
4764 9.178008982112166 -2.958790380307928 0
4765 9.178075301712518 -2.641945643255629 0
4766 9.178130565835612 -2.377918923304557 0
4767 9.178176617429626 -2.157905456427025 0
4768 9.178214992223406 -1.974568232120063 0
4769 9.178246969939121 -1.821793322867049 0
4770 9.178273616969701 -1.694485990595658 0
4771 9.17829582193998 -1.588400792068837 0
4772 9.449635711539146 -4.342885618501536 0
4773 9.449748046315376 -3.795312200362858 0
4774 9.449841654884029 -3.339019272868497 0
4775 9.449919658903484 -2.958790380307928 0
4776 9.449984659653079 -2.641945643255629 0
4777 9.450038824777829 -2.377918923304557 0
4778 9.450083960576519 -2.157905456427025 0
4779 9.450121572238055 -1.974568232120064 0
4780 9.450152914035657 -1.821793322867049 0
4781 9.450179031155679 -1.694485990595658 0
4782 9.450200794551494 -1.588400792068837 0
4783 9.726990060869809 -4.342885618501536 0
4784 9.727099723910392 -3.795312200362858 0
4785 9.727191106121742 -3.339019272868497 0
4786 9.727267254917676 -2.958790380307928 0
4787 9.7273307097095 -2.641945643255629 0
4788 9.727383586587649 -2.377918923304557 0
4789 9.727427648890432 -2.157905456427025 0
4790 9.727464366007815 -1.974568232120063 0
4791 9.727494962381783 -1.821793322867049 0
4792 9.727520458340278 -1.694485990595658 0
4793 9.727541704122208 -1.588400792068837 0
4794 10.00989107203467 -4.342885618501537 0
4795 10.00999765592673 -3.795312200362858 0
4796 10.01008647228362 -3.339019272868497 0
4797 10.01016048295305 -2.958790380307928 0
4798 10.01022215604406 -2.641945643255629 0
4799 10.01027354823091 -2.377918923304557 0
4800 10.01031637334044 -2.157905456427025 0
4801 10.01035205950466 -1.974568232120064 0
4802 10.01038179678536 -1.821793322867049 0
4803 10.01040657686144 -1.694485990595658 0
4804 10.01042722609855 -1.588400792068837 0
4805 10.29844967078419 -4.342885618501537 0
4806 10.29855275277034 -3.795312200362858 0
4807 10.29863865098907 -3.339019272868497 0
4808 10.29871022997399 -2.958790380307928 0
4809 10.29876987674229 -2.641945643255628 0
4810 10.29881958039442 -2.377918923304557 0
4811 10.29886099844795 -2.157905456427025 0
4812 10.29889551211241 -1.974568232120064 0
4813 10.29892427234904 -1.821793322867049 0
4814 10.29894823825431 -1.694485990595658 0
4815 10.29896820904289 -1.588400792068837 0
4816 10.59277899930828 -4.342885618501538 0
4817 10.59287814084105 -3.79531220036286 0
4818 10.59296075547997 -3.339019272868497 0
4819 10.59302959825787 -2.958790380307928 0
4820 10.59308696494485 -2.641945643255628 0
4821 10.59313476860522 -2.377918923304557 0
4822 10.59317460339561 -2.157905456427025 0
4823 10.59320779772688 -1.974568232120063 0
4824 10.59323545856316 -1.821793322867049 0
4825 10.5932585083381 -1.694485990595658 0
4826 10.5932777157153 -1.588400792068837 0
4827 10.89299446340806 -4.342885618501538 0
4828 10.89308921000413 -3.795312200362858 0
4829 10.89316816234231 -3.339019272868497 0
4830 10.89323395332505 -2.958790380307928 0
4831 10.89328877695111 -2.641945643255629 0
4832 10.8933344614788 -2.377918923304557 0
4833 10.89337253039593 -2.157905456427025 0
4834 10.89340425322498 -1.974568232120064 0
4835 10.89343068785847 -1.821793322867049 0
4836 10.89345271583862 -1.694485990595658 0
4837 10.89347107175423 -1.588400792068837 0
4838 11.19921377694467 -4.342885618501538 0
4839 11.19930365769668 -3.795312200362858 0
4840 11.19937855532704 -3.339019272868497 0
4841 11.19944096752176 -2.958790380307928 0
4842 11.19949297560377 -2.641945643255629 0
4843 11.19953631393861 -2.377918923304557 0
4844 11.19957242777321 -2.157905456427025 0
4845 11.19960252143197 -1.974568232120063 0
4846 11.19962759847785 -1.821793322867049 0
4847 11.19964849518025 -1.694485990595658 0
4848 11.19966590840213 -1.588400792068837 0
4849 11.51155700748873 -4.342885618501536 0
4850 11.5116415339578 -3.795312200362858 0
4851 11.5117119698642 -3.339019272868497 0
4852 11.5117706641044 -2.958790380307927 0
4853 11.51181957401489 -2.641945643255628 0
4854 11.5118603306434 -2.377918923304557 0
4855 11.5118942931421 -2.157905456427025 0
4856 11.51192259409263 -1.974568232120064 0
4857 11.51194617727475 -1.821793322867049 0
4858 11.51196582914047 -1.694485990595658 0
4859 11.51198220503995 -1.588400792068837 0
4860 11.83014662426747 -4.342885618501537 0
4861 11.83022529054823 -3.79531220036286 0
4862 11.83029084315973 -3.339019272868497 0
4863 11.83034546815032 -2.958790380307928 0
4864 11.83039098715512 -2.641945643255628 0
4865 11.83042891814189 -2.377918923304557 0
4866 11.83046052603333 -2.157905456427025 0
4867 11.83048686488961 -1.974568232120063 0
4868 11.83050881305858 -1.821793322867049 0
4869 11.83052710246784 -1.694485990595658 0
4870 11.83054234303236 -1.588400792068837 0
4871 12.15510754556325 -4.342885618501537 0
4872 12.15517982776145 -3.795312200362858 0
4873 12.15524006051697 -3.339019272868496 0
4874 12.15529025247163 -2.958790380307928 0
4875 12.15533207742756 -2.641945643255629 0
4876 12.1553669301634 -2.377918923304557 0
4877 12.15539597294834 -2.157905456427025 0
4878 12.15542017430134 -1.974568232120064 0
4879 12.15544034128883 -1.821793322867049 0
4880 12.15545714643955 -1.694485990595658 0
4881 12.15547115017145 -1.588400792068837 0
4882 12.48656718860911 -4.342885618501536 0
4883 12.486632543937 -3.795312200362858 0
4884 12.4866870045315 -3.339019272868497 0
4885 12.48673238654443 -2.958790380307928 0
4886 12.48677020337591 -2.641945643255629 0
4887 12.48680171614165 -2.377918923304557 0
4888 12.48682797572948 -2.157905456427025 0
4889 12.4868498578443 -1.974568232120064 0
4890 12.48686809221061 -1.821793322867049 0
4891 12.48688328690809 -1.694485990595658 0
4892 12.48689594864934 -1.588400792068837 0
4893 12.8246555167743 -4.342885618501537 0
4894 12.82471338358619 -3.795312200362858 0
4895 12.82476160400034 -3.339019272868496 0
4896 12.82480178607104 -2.958790380307928 0
4897 12.82483526979065 -2.641945643255629 0
4898 12.82486317177425 -2.377918923304557 0
4899 12.82488642249731 -2.157905456427025 0
4900 12.82490579732509 -1.974568232120063 0
4901 12.82492194236909 -1.821793322867049 0
4902 12.82493539603431 -1.694485990595658 0
4903 12.82494660697338 -1.588400792068837 0
4904 13.16950509294006 -4.342885618501536 0
4905 13.16955489011274 -3.795312200362858 0
4906 13.16959638609656 -3.339019272868497 0
4907 13.16963096469953 -2.958790380307928 0
4908 13.16965977904946 -2.641945643255629 0
4909 13.16968379004732 -2.377918923304557 0
4910 13.16970379841192 -2.157905456427025 0
4911 13.16972047138237 -1.974568232120064 0
4912 13.16973436496866 -1.821793322867049 0
4913 13.16974594249416 -1.694485990595658 0
4914 13.16975559004602 -1.588400792068837 0
4915 13.52125113168676 -4.342885618501537 0
4916 13.52129225797924 -3.795312200362858 0
4917 13.52132652851862 -3.339019272868497 0
4918 13.5213550861588 -2.958790380307928 0
4919 13.52137888324043 -2.641945643255629 0
4920 13.52139871334859 -2.377918923304557 0
4921 13.5214152377778 -2.157905456427025 0
4922 13.52142900758484 -1.974568232120064 0
4923 13.52144048196507 -1.821793322867049 0
4924 13.52145004356614 -1.694485990595658 0
4925 13.52145801124821 -1.588400792068837 0
4926 13.88003155281182 -4.342885618501536 0
4927 13.88006338556826 -3.795312200362858 0
4928 13.8800899118041 -3.339019272868497 0
4929 13.88011201611619 -2.958790380307928 0
4930 13.88013043563951 -2.641945643255629 0
4931 13.88014578462833 -2.377918923304557 0
4932 13.88015857494077 -2.157905456427025 0
4933 13.88016923310827 -1.974568232120064 0
4934 13.88017811455926 -1.821793322867049 0
4935 13.88018551547239 -1.694485990595658 0
4936 13.88019168265322 -1.588400792068837 0
4937 14.24598703325681 -4.342885618501536 0
4938 14.24600892830827 -3.795312200362858 0
4939 14.24602717345458 -3.339019272868497 0
4940 14.24604237713485 -2.958790380307928 0
4941 14.24605504636165 -2.641945643255629 0
4942 14.24606560362836 -2.377918923304557 0
4943 14.24607440099876 -2.157905456427025 0
4944 14.24608173184761 -1.974568232120064 0
4945 14.24608784064396 -1.821793322867049 0
4946 14.24609293110398 -1.694485990595658 0
4947 14.24609717298426 -1.588400792068837 0
4948 14.61926106196057 -4.342885618501538 0
4949 14.61927235385197 -3.795312200362858 0
4950 14.61928176338504 -3.339019272868497 0
4951 14.61928960434887 -2.958790380307928 0
4952 14.61929613822405 -2.641945643255629 0
4953 14.61930158290224 -2.377918923304557 0
4954 14.6193061199526 -2.157905456427025 0
4955 14.61930990067672 -1.974568232120063 0
4956 14.61931305115413 -1.821793322867049 0
4957 14.61931567644697 -1.694485990595658 0
4958 14.61931786410346 -1.588400792068837 0
4959 1.618400973502547 -1.392857142857539 0
4960 1.618400973502547 -1.285714285715079 0
4961 1.618400973502547 -1.178571428572618 0
4962 1.618400973502547 -1.071428571430157 0
4963 1.618400973502547 -0.9642857142876973 0
4964 1.618400973502547 -0.8571428571452362 0
4965 1.618400973502547 -0.750000000002776 0
4966 1.618400973502547 -0.6428571428603149 0
4967 1.618400973502547 -0.5357142857178538 0
4968 1.618400973502548 -0.4285714285753929 0
4969 1.618400973502547 -0.3214285714329319 0
4970 1.618400973502547 -0.2142857142904711 0
4971 1.618400973502547 -0.10714285714801 0
4972 1.618400973502547 -5.505484956813689e-12 0
4973 1.618400973502547 0.107142857137705 0
4974 1.618400973502547 0.214285714280958 0
4975 1.618400973502547 0.3214285714242118 0
4976 1.618400973502547 0.4285714285674651 0
4977 1.618400973502547 0.5357142857107184 0
4978 1.618400973502547 0.6428571428539717 0
4979 1.618400973502547 0.7499999999972254 0
4980 1.618400973502547 0.8571428571404791 0
4981 1.618400973502547 0.9642857142837322 0
4982 1.618400973502547 1.071428571426986 0
4983 1.618400973502547 1.178571428570239 0
4984 1.618400973502548 1.285714285713493 0
4985 1.618400973502547 1.392857142856746 0
4986 1.739168999393907 -1.392857142857539 0
4987 1.739168999393907 -1.285714285715079 0
4988 1.739168999393907 -1.178571428572618 0
4989 1.739168999393907 -1.071428571430157 0
4990 1.739168999393908 -0.9642857142876968 0
4991 1.739168999393907 -0.8571428571452363 0
4992 1.739168999393907 -0.7500000000027757 0
4993 1.739168999393908 -0.6428571428603151 0
4994 1.739168999393907 -0.5357142857178536 0
4995 1.739168999393907 -0.4285714285753929 0
4996 1.739168999393908 -0.3214285714329319 0
4997 1.739168999393908 -0.2142857142904712 0
4998 1.739168999393907 -0.10714285714801 0
4999 1.739168999393907 -5.505595979116151e-12 0
5000 1.739168999393907 0.1071428571377049 0
5001 1.739168999393907 0.2142857142809581 0
5002 1.739168999393907 0.3214285714242117 0
5003 1.739168999393908 0.4285714285674649 0
5004 1.739168999393907 0.5357142857107188 0
5005 1.739168999393907 0.6428571428539718 0
5006 1.739168999393907 0.7499999999972256 0
5007 1.739168999393907 0.8571428571404789 0
5008 1.739168999393908 0.9642857142837324 0
5009 1.739168999393907 1.071428571426986 0
5010 1.739168999393907 1.178571428570239 0
5011 1.739168999393907 1.285714285713493 0
5012 1.739168999393907 1.392857142856746 0
5013 1.862351400647336 -1.39285714285754 0
5014 1.862351400647336 -1.285714285715079 0
5015 1.862351400647336 -1.178571428572618 0
5016 1.862351400647336 -1.071428571430157 0
5017 1.862351400647336 -0.9642857142876966 0
5018 1.862351400647336 -0.8571428571452364 0
5019 1.862351400647336 -0.7500000000027757 0
5020 1.862351400647336 -0.6428571428603149 0
5021 1.862351400647336 -0.5357142857178536 0
5022 1.862351400647336 -0.428571428575393 0
5023 1.862351400647336 -0.3214285714329318 0
5024 1.862351400647336 -0.2142857142904711 0
5025 1.862351400647336 -0.10714285714801 0
5026 1.862351400647336 -5.505595979116151e-12 0
5027 1.862351400647336 0.1071428571377049 0
5028 1.862351400647336 0.214285714280958 0
5029 1.862351400647336 0.3214285714242117 0
5030 1.862351400647336 0.4285714285674648 0
5031 1.862351400647336 0.5357142857107186 0
5032 1.862351400647336 0.6428571428539717 0
5033 1.862351400647336 0.7499999999972256 0
5034 1.862351400647336 0.8571428571404793 0
5035 1.862351400647336 0.9642857142837322 0
5036 1.862351400647336 1.071428571426986 0
5037 1.862351400647336 1.178571428570239 0
5038 1.862351400647336 1.285714285713493 0
5039 1.862351400647336 1.392857142856746 0
5040 1.987996444642958 -1.39285714285754 0
5041 1.987996444642958 -1.285714285715079 0
5042 1.987996444642959 -1.178571428572618 0
5043 1.987996444642958 -1.071428571430157 0
5044 1.987996444642958 -0.9642857142876968 0
5045 1.987996444642958 -0.8571428571452362 0
5046 1.987996444642958 -0.7500000000027752 0
5047 1.987996444642958 -0.6428571428603151 0
5048 1.987996444642958 -0.5357142857178536 0
5049 1.987996444642957 -0.4285714285753929 0
5050 1.987996444642958 -0.3214285714329319 0
5051 1.987996444642958 -0.2142857142904711 0
5052 1.987996444642958 -0.10714285714801 0
5053 1.987996444642958 -5.505595979116151e-12 0
5054 1.987996444642958 0.1071428571377049 0
5055 1.987996444642958 0.214285714280958 0
5056 1.987996444642958 0.3214285714242116 0
5057 1.987996444642958 0.428571428567465 0
5058 1.987996444642958 0.5357142857107187 0
5059 1.987996444642958 0.6428571428539717 0
5060 1.987996444642958 0.7499999999972257 0
5061 1.987996444642958 0.8571428571404791 0
5062 1.987996444642958 0.9642857142837324 0
5063 1.987996444642958 1.071428571426986 0
5064 1.987996444642958 1.178571428570239 0
5065 1.987996444642958 1.285714285713493 0
5066 1.987996444642958 1.392857142856746 0
5067 2.116153365061999 -1.392857142857539 0
5068 2.116153365061999 -1.285714285715079 0
5069 2.116153365061999 -1.178571428572618 0
5070 2.116153365061999 -1.071428571430157 0
5071 2.116153365061999 -0.9642857142876967 0
5072 2.116153365061999 -0.8571428571452362 0
5073 2.116153365061999 -0.7500000000027758 0
5074 2.116153365061999 -0.6428571428603153 0
5075 2.116153365061999 -0.5357142857178536 0
5076 2.116153365061999 -0.4285714285753931 0
5077 2.116153365061999 -0.321428571432932 0
5078 2.116153365061999 -0.2142857142904709 0
5079 2.116153365061999 -0.1071428571480101 0
5080 2.116153365061999 -5.505595979116151e-12 0
5081 2.116153365061999 0.1071428571377049 0
5082 2.116153365061999 0.2142857142809581 0
5083 2.116153365061999 0.3214285714242117 0
5084 2.116153365061999 0.4285714285674649 0
5085 2.116153365061999 0.5357142857107187 0
5086 2.116153365061999 0.6428571428539718 0
5087 2.116153365061999 0.7499999999972251 0
5088 2.116153365061999 0.857142857140479 0
5089 2.116153365061999 0.9642857142837326 0
5090 2.116153365061999 1.071428571426986 0
5091 2.116153365061999 1.178571428570239 0
5092 2.116153365061999 1.285714285713493 0
5093 2.116153365061999 1.392857142856746 0
5094 2.246872378627689 -1.392857142857539 0
5095 2.246872378627689 -1.285714285715079 0
5096 2.246872378627689 -1.178571428572618 0
5097 2.246872378627689 -1.071428571430157 0
5098 2.246872378627689 -0.9642857142876965 0
5099 2.246872378627689 -0.8571428571452364 0
5100 2.246872378627689 -0.7500000000027759 0
5101 2.246872378627689 -0.6428571428603153 0
5102 2.246872378627689 -0.5357142857178538 0
5103 2.246872378627689 -0.4285714285753929 0
5104 2.246872378627689 -0.3214285714329319 0
5105 2.246872378627689 -0.2142857142904711 0
5106 2.246872378627689 -0.10714285714801 0
5107 2.246872378627689 -5.505595979116151e-12 0
5108 2.246872378627689 0.1071428571377049 0
5109 2.246872378627689 0.2142857142809581 0
5110 2.246872378627689 0.3214285714242116 0
5111 2.246872378627689 0.4285714285674649 0
5112 2.246872378627689 0.5357142857107187 0
5113 2.246872378627689 0.6428571428539718 0
5114 2.246872378627689 0.7499999999972256 0
5115 2.246872378627689 0.8571428571404792 0
5116 2.246872378627689 0.9642857142837324 0
5117 2.246872378627689 1.071428571426986 0
5118 2.246872378627689 1.178571428570239 0
5119 2.246872378627689 1.285714285713493 0
5120 2.246872378627689 1.392857142856746 0
5121 2.380204704441913 -1.39285714285754 0
5122 2.380204704441912 -1.285714285715079 0
5123 2.380204704441912 -1.178571428572618 0
5124 2.380204704441912 -1.071428571430157 0
5125 2.380204704441912 -0.9642857142876967 0
5126 2.380204704441911 -0.8571428571452362 0
5127 2.380204704441911 -0.7500000000027758 0
5128 2.380204704441912 -0.6428571428603149 0
5129 2.380204704441912 -0.5357142857178538 0
5130 2.380204704441912 -0.4285714285753928 0
5131 2.380204704441912 -0.3214285714329318 0
5132 2.380204704441912 -0.2142857142904712 0
5133 2.380204704441912 -0.1071428571480102 0
5134 2.380204704441912 -5.505707001418614e-12 0
5135 2.380204704441912 0.1071428571377051 0
5136 2.380204704441912 0.214285714280958 0
5137 2.380204704441912 0.3214285714242117 0
5138 2.380204704441912 0.4285714285674649 0
5139 2.380204704441912 0.5357142857107188 0
5140 2.380204704441912 0.6428571428539716 0
5141 2.380204704441912 0.7499999999972256 0
5142 2.380204704441912 0.8571428571404792 0
5143 2.380204704441912 0.9642857142837324 0
5144 2.380204704441912 1.071428571426986 0
5145 2.380204704441912 1.178571428570239 0
5146 2.380204704441912 1.285714285713493 0
5147 2.380204704441912 1.392857142856746 0
5148 2.516202588246781 -1.392857142857539 0
5149 2.516202588246781 -1.285714285715079 0
5150 2.516202588246781 -1.178571428572618 0
5151 2.516202588246781 -1.071428571430158 0
5152 2.516202588246781 -0.9642857142876966 0
5153 2.516202588246781 -0.8571428571452364 0
5154 2.516202588246781 -0.7500000000027758 0
5155 2.516202588246781 -0.6428571428603151 0
5156 2.516202588246781 -0.5357142857178536 0
5157 2.516202588246781 -0.4285714285753929 0
5158 2.516202588246781 -0.3214285714329319 0
5159 2.516202588246781 -0.2142857142904711 0
5160 2.516202588246781 -0.10714285714801 0
5161 2.516202588246781 -5.505707001418614e-12 0
5162 2.516202588246781 0.1071428571377048 0
5163 2.516202588246781 0.214285714280958 0
5164 2.516202588246781 0.3214285714242117 0
5165 2.516202588246781 0.4285714285674649 0
5166 2.516202588246781 0.5357142857107189 0
5167 2.516202588246781 0.6428571428539718 0
5168 2.516202588246781 0.7499999999972252 0
5169 2.516202588246781 0.8571428571404793 0
5170 2.516202588246781 0.9642857142837324 0
5171 2.516202588246781 1.071428571426986 0
5172 2.516202588246781 1.178571428570239 0
5173 2.516202588246781 1.285714285713493 0
5174 2.516202588246781 1.392857142856746 0
5175 2.654919319533091 -1.392857142857539 0
5176 2.654919319533091 -1.285714285715079 0
5177 2.654919319533091 -1.178571428572618 0
5178 2.654919319533091 -1.071428571430157 0
5179 2.654919319533092 -0.9642857142876967 0
5180 2.654919319533091 -0.8571428571452362 0
5181 2.654919319533091 -0.750000000002776 0
5182 2.654919319533092 -0.6428571428603151 0
5183 2.654919319533091 -0.5357142857178536 0
5184 2.654919319533091 -0.428571428575393 0
5185 2.654919319533091 -0.3214285714329318 0
5186 2.654919319533091 -0.2142857142904711 0
5187 2.654919319533091 -0.1071428571480099 0
5188 2.654919319533091 -5.505595979116151e-12 0
5189 2.654919319533091 0.1071428571377051 0
5190 2.654919319533091 0.214285714280958 0
5191 2.654919319533091 0.3214285714242117 0
5192 2.654919319533091 0.4285714285674648 0
5193 2.654919319533091 0.5357142857107189 0
5194 2.654919319533091 0.6428571428539716 0
5195 2.654919319533091 0.7499999999972253 0
5196 2.654919319533091 0.8571428571404791 0
5197 2.654919319533091 0.9642857142837324 0
5198 2.654919319533091 1.071428571426986 0
5199 2.654919319533091 1.178571428570239 0
5200 2.654919319533091 1.285714285713493 0
5201 2.654919319533091 1.392857142856746 0
5202 2.796409253306406 -1.39285714285754 0
5203 2.796409253306407 -1.285714285715079 0
5204 2.796409253306406 -1.178571428572618 0
5205 2.796409253306406 -1.071428571430158 0
5206 2.796409253306406 -0.9642857142876967 0
5207 2.796409253306406 -0.8571428571452364 0
5208 2.796409253306406 -0.7500000000027752 0
5209 2.796409253306406 -0.6428571428603151 0
5210 2.796409253306406 -0.5357142857178536 0
5211 2.796409253306406 -0.4285714285753928 0
5212 2.796409253306406 -0.3214285714329318 0
5213 2.796409253306406 -0.2142857142904709 0
5214 2.796409253306406 -0.10714285714801 0
5215 2.796409253306406 -5.505707001418614e-12 0
5216 2.796409253306406 0.1071428571377049 0
5217 2.796409253306406 0.2142857142809578 0
5218 2.796409253306406 0.3214285714242117 0
5219 2.796409253306406 0.4285714285674649 0
5220 2.796409253306406 0.5357142857107187 0
5221 2.796409253306406 0.6428571428539716 0
5222 2.796409253306406 0.7499999999972254 0
5223 2.796409253306406 0.8571428571404791 0
5224 2.796409253306406 0.9642857142837324 0
5225 2.796409253306406 1.071428571426986 0
5226 2.796409253306406 1.178571428570239 0
5227 2.796409253306406 1.285714285713493 0
5228 2.796409253306406 1.392857142856746 0
5229 2.94072783286907 -1.392857142857539 0
5230 2.940727832869071 -1.285714285715079 0
5231 2.94072783286907 -1.178571428572618 0
5232 2.940727832869069 -1.071428571430157 0
5233 2.94072783286907 -0.9642857142876966 0
5234 2.94072783286907 -0.8571428571452364 0
5235 2.94072783286907 -0.7500000000027758 0
5236 2.940727832869071 -0.642857142860315 0
5237 2.94072783286907 -0.5357142857178536 0
5238 2.94072783286907 -0.428571428575393 0
5239 2.940727832869071 -0.3214285714329319 0
5240 2.94072783286907 -0.2142857142904709 0
5241 2.94072783286907 -0.10714285714801 0
5242 2.94072783286907 -5.505595979116151e-12 0
5243 2.94072783286907 0.107142857137705 0
5244 2.94072783286907 0.214285714280958 0
5245 2.94072783286907 0.3214285714242117 0
5246 2.94072783286907 0.4285714285674649 0
5247 2.94072783286907 0.5357142857107186 0
5248 2.94072783286907 0.6428571428539717 0
5249 2.94072783286907 0.7499999999972254 0
5250 2.94072783286907 0.8571428571404791 0
5251 2.94072783286907 0.9642857142837326 0
5252 2.94072783286907 1.071428571426986 0
5253 2.94072783286907 1.178571428570239 0
5254 2.94072783286907 1.285714285713493 0
5255 2.94072783286907 1.392857142856746 0
5256 3.087931607355667 -1.392857142857539 0
5257 3.087931607355667 -1.285714285715079 0
5258 3.087931607355667 -1.178571428572618 0
5259 3.087931607355667 -1.071428571430157 0
5260 3.087931607355666 -0.9642857142876968 0
5261 3.087931607355668 -0.8571428571452363 0
5262 3.087931607355667 -0.7500000000027756 0
5263 3.087931607355667 -0.6428571428603153 0
5264 3.087931607355667 -0.5357142857178538 0
5265 3.087931607355667 -0.4285714285753929 0
5266 3.087931607355667 -0.3214285714329319 0
5267 3.087931607355668 -0.2142857142904711 0
5268 3.087931607355667 -0.10714285714801 0
5269 3.087931607355667 -5.505707001418614e-12 0
5270 3.087931607355667 0.1071428571377049 0
5271 3.087931607355667 0.2142857142809582 0
5272 3.087931607355667 0.3214285714242118 0
5273 3.087931607355667 0.428571428567465 0
5274 3.087931607355667 0.5357142857107187 0
5275 3.087931607355667 0.6428571428539718 0
5276 3.087931607355667 0.7499999999972256 0
5277 3.087931607355667 0.8571428571404792 0
5278 3.087931607355667 0.9642857142837324 0
5279 3.087931607355667 1.071428571426986 0
5280 3.087931607355667 1.178571428570239 0
5281 3.087931607355667 1.285714285713493 0
5282 3.087931607355667 1.392857142856746 0
5283 3.238078256070263 -1.392857142857539 0
5284 3.238078256070263 -1.285714285715079 0
5285 3.238078256070263 -1.178571428572618 0
5286 3.238078256070263 -1.071428571430157 0
5287 3.238078256070263 -0.9642857142876973 0
5288 3.238078256070263 -0.8571428571452362 0
5289 3.238078256070264 -0.750000000002776 0
5290 3.238078256070263 -0.6428571428603154 0
5291 3.238078256070263 -0.5357142857178536 0
5292 3.238078256070263 -0.4285714285753928 0
5293 3.238078256070263 -0.3214285714329319 0
5294 3.238078256070263 -0.2142857142904711 0
5295 3.238078256070263 -0.10714285714801 0
5296 3.238078256070263 -5.505484956813689e-12 0
5297 3.238078256070263 0.1071428571377049 0
5298 3.238078256070263 0.214285714280958 0
5299 3.238078256070263 0.3214285714242116 0
5300 3.238078256070263 0.4285714285674649 0
5301 3.238078256070264 0.5357142857107187 0
5302 3.238078256070263 0.6428571428539717 0
5303 3.238078256070263 0.7499999999972256 0
5304 3.238078256070263 0.8571428571404792 0
5305 3.238078256070263 0.9642857142837324 0
5306 3.238078256070263 1.071428571426986 0
5307 3.238078256070263 1.178571428570239 0
5308 3.238078256070263 1.285714285713493 0
5309 3.238078256070263 1.392857142856746 0
5310 3.391226611846232 -1.392857142857539 0
5311 3.391226611846232 -1.285714285715079 0
5312 3.391226611846232 -1.178571428572618 0
5313 3.391226611846232 -1.071428571430157 0
5314 3.391226611846231 -0.9642857142876969 0
5315 3.391226611846232 -0.8571428571452364 0
5316 3.391226611846232 -0.7500000000027758 0
5317 3.391226611846232 -0.6428571428603149 0
5318 3.391226611846232 -0.5357142857178536 0
5319 3.391226611846232 -0.4285714285753929 0
5320 3.391226611846232 -0.3214285714329319 0
5321 3.391226611846232 -0.2142857142904711 0
5322 3.391226611846232 -0.10714285714801 0
5323 3.391226611846232 -5.505484956813689e-12 0
5324 3.391226611846232 0.1071428571377048 0
5325 3.391226611846232 0.2142857142809579 0
5326 3.391226611846232 0.3214285714242116 0
5327 3.391226611846232 0.4285714285674649 0
5328 3.391226611846232 0.5357142857107187 0
5329 3.391226611846232 0.6428571428539717 0
5330 3.391226611846232 0.7499999999972253 0
5331 3.391226611846232 0.8571428571404791 0
5332 3.391226611846232 0.9642857142837324 0
5333 3.391226611846232 1.071428571426986 0
5334 3.391226611846232 1.178571428570239 0
5335 3.391226611846232 1.285714285713493 0
5336 3.391226611846232 1.392857142856746 0
5337 3.547436685210007 -1.39285714285754 0
5338 3.547436685210007 -1.285714285715079 0
5339 3.547436685210009 -1.178571428572618 0
5340 3.547436685210007 -1.071428571430157 0
5341 3.547436685210007 -0.964285714287697 0
5342 3.547436685210007 -0.8571428571452364 0
5343 3.547436685210007 -0.7500000000027757 0
5344 3.547436685210006 -0.6428571428603149 0
5345 3.547436685210008 -0.5357142857178537 0
5346 3.547436685210007 -0.4285714285753928 0
5347 3.547436685210007 -0.3214285714329319 0
5348 3.547436685210007 -0.2142857142904709 0
5349 3.547436685210007 -0.10714285714801 0
5350 3.547436685210007 -5.505595979116151e-12 0
5351 3.547436685210007 0.107142857137705 0
5352 3.547436685210007 0.2142857142809579 0
5353 3.547436685210007 0.3214285714242118 0
5354 3.547436685210007 0.4285714285674649 0
5355 3.547436685210007 0.5357142857107187 0
5356 3.547436685210008 0.6428571428539717 0
5357 3.547436685210007 0.7499999999972253 0
5358 3.547436685210007 0.8571428571404791 0
5359 3.547436685210007 0.9642857142837324 0
5360 3.547436685210007 1.071428571426986 0
5361 3.547436685210007 1.178571428570239 0
5362 3.547436685210007 1.285714285713493 0
5363 3.547436685210007 1.392857142856746 0
5364 3.706769685630866 -1.392857142857539 0
5365 3.706769685630867 -1.285714285715079 0
5366 3.706769685630867 -1.178571428572618 0
5367 3.706769685630867 -1.071428571430157 0
5368 3.706769685630867 -0.964285714287697 0
5369 3.706769685630867 -0.8571428571452363 0
5370 3.706769685630867 -0.7500000000027757 0
5371 3.706769685630867 -0.6428571428603149 0
5372 3.706769685630867 -0.5357142857178538 0
5373 3.706769685630867 -0.4285714285753929 0
5374 3.706769685630867 -0.3214285714329318 0
5375 3.706769685630867 -0.2142857142904711 0
5376 3.706769685630867 -0.10714285714801 0
5377 3.706769685630867 -5.505595979116151e-12 0
5378 3.706769685630867 0.1071428571377051 0
5379 3.706769685630867 0.2142857142809581 0
5380 3.706769685630867 0.3214285714242117 0
5381 3.706769685630867 0.4285714285674649 0
5382 3.706769685630867 0.5357142857107187 0
5383 3.706769685630867 0.6428571428539717 0
5384 3.706769685630867 0.7499999999972254 0
5385 3.706769685630867 0.8571428571404792 0
5386 3.706769685630868 0.9642857142837326 0
5387 3.706769685630867 1.071428571426986 0
5388 3.706769685630867 1.178571428570239 0
5389 3.706769685630867 1.285714285713493 0
5390 3.706769685630867 1.392857142856746 0
5391 3.869288045462229 -1.39285714285754 0
5392 3.86928804546223 -1.285714285715079 0
5393 3.869288045462229 -1.178571428572618 0
5394 3.869288045462228 -1.071428571430157 0
5395 3.869288045462228 -0.9642857142876968 0
5396 3.869288045462229 -0.8571428571452366 0
5397 3.869288045462229 -0.750000000002776 0
5398 3.86928804546223 -0.6428571428603149 0
5399 3.869288045462228 -0.5357142857178536 0
5400 3.869288045462229 -0.4285714285753929 0
5401 3.86928804546223 -0.3214285714329319 0
5402 3.869288045462228 -0.2142857142904711 0
5403 3.869288045462229 -0.1071428571480101 0
5404 3.869288045462229 -5.505707001418614e-12 0
5405 3.869288045462229 0.1071428571377049 0
5406 3.869288045462229 0.214285714280958 0
5407 3.869288045462229 0.3214285714242116 0
5408 3.869288045462229 0.4285714285674648 0
5409 3.869288045462229 0.5357142857107187 0
5410 3.869288045462229 0.6428571428539717 0
5411 3.869288045462229 0.7499999999972256 0
5412 3.869288045462229 0.8571428571404792 0
5413 3.869288045462229 0.9642857142837324 0
5414 3.869288045462229 1.071428571426986 0
5415 3.869288045462229 1.178571428570239 0
5416 3.869288045462229 1.285714285713493 0
5417 3.869288045462229 1.392857142856746 0
5418 4.03505544707556 -1.39285714285754 0
5419 4.03505544707556 -1.285714285715079 0
5420 4.03505544707556 -1.178571428572618 0
5421 4.03505544707556 -1.071428571430157 0
5422 4.03505544707556 -0.9642857142876968 0
5423 4.03505544707556 -0.8571428571452364 0
5424 4.03505544707556 -0.7500000000027756 0
5425 4.03505544707556 -0.6428571428603149 0
5426 4.03505544707556 -0.5357142857178536 0
5427 4.03505544707556 -0.4285714285753928 0
5428 4.03505544707556 -0.3214285714329319 0
5429 4.03505544707556 -0.2142857142904709 0
5430 4.03505544707556 -0.1071428571480099 0
5431 4.03505544707556 -5.505484956813689e-12 0
5432 4.03505544707556 0.1071428571377048 0
5433 4.03505544707556 0.2142857142809579 0
5434 4.03505544707556 0.3214285714242117 0
5435 4.03505544707556 0.4285714285674649 0
5436 4.03505544707556 0.5357142857107187 0
5437 4.03505544707556 0.6428571428539716 0
5438 4.03505544707556 0.7499999999972254 0
5439 4.03505544707556 0.8571428571404791 0
5440 4.03505544707556 0.9642857142837324 0
5441 4.03505544707556 1.071428571426986 0
5442 4.03505544707556 1.178571428570239 0
5443 4.03505544707556 1.285714285713493 0
5444 4.03505544707556 1.392857142856746 0
5445 4.20413684286789 -1.392857142857539 0
5446 4.204136842867888 -1.285714285715079 0
5447 4.204136842867889 -1.178571428572618 0
5448 4.20413684286789 -1.071428571430157 0
5449 4.20413684286789 -0.9642857142876968 0
5450 4.204136842867889 -0.8571428571452362 0
5451 4.20413684286789 -0.7500000000027758 0
5452 4.20413684286789 -0.6428571428603151 0
5453 4.204136842867889 -0.5357142857178538 0
5454 4.20413684286789 -0.4285714285753929 0
5455 4.204136842867889 -0.321428571432932 0
5456 4.204136842867889 -0.2142857142904712 0
5457 4.204136842867889 -0.1071428571480101 0
5458 4.204136842867889 -5.505484956813689e-12 0
5459 4.204136842867889 0.107142857137705 0
5460 4.204136842867889 0.214285714280958 0
5461 4.204136842867889 0.3214285714242118 0
5462 4.204136842867889 0.4285714285674649 0
5463 4.204136842867889 0.5357142857107187 0
5464 4.204136842867889 0.6428571428539716 0
5465 4.204136842867889 0.7499999999972254 0
5466 4.204136842867889 0.8571428571404793 0
5467 4.204136842867889 0.9642857142837323 0
5468 4.204136842867889 1.071428571426986 0
5469 4.204136842867889 1.178571428570239 0
5470 4.204136842867889 1.285714285713493 0
5471 4.204136842867889 1.392857142856746 0
5472 4.376598486167587 -1.392857142857539 0
5473 4.376598486167586 -1.285714285715079 0
5474 4.376598486167585 -1.178571428572618 0
5475 4.376598486167586 -1.071428571430157 0
5476 4.376598486167587 -0.9642857142876968 0
5477 4.376598486167585 -0.8571428571452365 0
5478 4.376598486167586 -0.7500000000027756 0
5479 4.376598486167586 -0.6428571428603149 0
5480 4.376598486167586 -0.5357142857178536 0
5481 4.376598486167586 -0.4285714285753928 0
5482 4.376598486167586 -0.3214285714329319 0
5483 4.376598486167586 -0.2142857142904709 0
5484 4.376598486167586 -0.1071428571480101 0
5485 4.376598486167586 -5.505484956813689e-12 0
5486 4.376598486167586 0.1071428571377049 0
5487 4.376598486167586 0.2142857142809579 0
5488 4.376598486167587 0.3214285714242118 0
5489 4.376598486167586 0.4285714285674649 0
5490 4.376598486167586 0.5357142857107187 0
5491 4.376598486167586 0.6428571428539716 0
5492 4.376598486167586 0.7499999999972253 0
5493 4.376598486167586 0.8571428571404792 0
5494 4.376598486167586 0.9642857142837324 0
5495 4.376598486167586 1.071428571426986 0
5496 4.376598486167586 1.178571428570239 0
5497 4.376598486167586 1.285714285713493 0
5498 4.376598486167586 1.392857142856746 0
5499 4.552507955467346 -1.39285714285754 0
5500 4.552507955467345 -1.285714285715079 0
5501 4.552507955467344 -1.178571428572618 0
5502 4.552507955467345 -1.071428571430157 0
5503 4.552507955467345 -0.9642857142876968 0
5504 4.552507955467345 -0.8571428571452366 0
5505 4.552507955467345 -0.7500000000027758 0
5506 4.552507955467346 -0.6428571428603149 0
5507 4.552507955467345 -0.5357142857178538 0
5508 4.552507955467345 -0.4285714285753929 0
5509 4.552507955467345 -0.3214285714329318 0
5510 4.552507955467346 -0.2142857142904711 0
5511 4.552507955467345 -0.10714285714801 0
5512 4.552507955467345 -5.505373934511226e-12 0
5513 4.552507955467345 0.1071428571377049 0
5514 4.552507955467345 0.2142857142809581 0
5515 4.552507955467345 0.3214285714242117 0
5516 4.552507955467345 0.4285714285674649 0
5517 4.552507955467345 0.5357142857107187 0
5518 4.552507955467345 0.6428571428539716 0
5519 4.552507955467345 0.7499999999972254 0
5520 4.552507955467346 0.8571428571404793 0
5521 4.552507955467345 0.9642857142837324 0
5522 4.552507955467345 1.071428571426986 0
5523 4.552507955467345 1.178571428570239 0
5524 4.552507955467345 1.285714285713493 0
5525 4.552507955467345 1.392857142856746 0
5526 4.731934179347348 -1.392857142857539 0
5527 4.731934179347349 -1.285714285715079 0
5528 4.73193417934735 -1.178571428572618 0
5529 4.731934179347348 -1.071428571430158 0
5530 4.731934179347348 -0.9642857142876967 0
5531 4.731934179347348 -0.8571428571452364 0
5532 4.731934179347349 -0.7500000000027758 0
5533 4.731934179347348 -0.6428571428603151 0
5534 4.731934179347348 -0.5357142857178536 0
5535 4.731934179347348 -0.4285714285753929 0
5536 4.731934179347348 -0.3214285714329319 0
5537 4.731934179347349 -0.2142857142904709 0
5538 4.731934179347348 -0.10714285714801 0
5539 4.731934179347348 -5.505707001418614e-12 0
5540 4.731934179347348 0.1071428571377049 0
5541 4.731934179347348 0.2142857142809581 0
5542 4.731934179347348 0.3214285714242116 0
5543 4.731934179347348 0.4285714285674649 0
5544 4.731934179347348 0.5357142857107187 0
5545 4.731934179347348 0.6428571428539717 0
5546 4.731934179347348 0.7499999999972254 0
5547 4.731934179347348 0.8571428571404793 0
5548 4.731934179347348 0.9642857142837324 0
5549 4.731934179347348 1.071428571426986 0
5550 4.731934179347348 1.178571428570239 0
5551 4.731934179347348 1.285714285713493 0
5552 4.731934179347348 1.392857142856746 0
5553 4.914947464740617 -1.392857142857539 0
5554 4.914947464740617 -1.285714285715079 0
5555 4.914947464740618 -1.178571428572618 0
5556 4.914947464740616 -1.071428571430157 0
5557 4.914947464740617 -0.9642857142876968 0
5558 4.914947464740619 -0.8571428571452362 0
5559 4.914947464740616 -0.7500000000027757 0
5560 4.914947464740618 -0.6428571428603149 0
5561 4.914947464740617 -0.5357142857178537 0
5562 4.914947464740618 -0.4285714285753929 0
5563 4.914947464740617 -0.3214285714329318 0
5564 4.914947464740617 -0.2142857142904711 0
5565 4.914947464740619 -0.10714285714801 0
5566 4.914947464740617 -5.505595979116151e-12 0
5567 4.914947464740617 0.1071428571377049 0
5568 4.914947464740618 0.2142857142809581 0
5569 4.914947464740618 0.3214285714242116 0
5570 4.914947464740618 0.4285714285674649 0
5571 4.914947464740617 0.5357142857107186 0
5572 4.914947464740618 0.6428571428539717 0
5573 4.914947464740617 0.7499999999972253 0
5574 4.914947464740617 0.8571428571404792 0
5575 4.914947464740617 0.9642857142837326 0
5576 4.914947464740617 1.071428571426986 0
5577 4.914947464740617 1.178571428570239 0
5578 4.914947464740617 1.285714285713493 0
5579 4.914947464740617 1.392857142856746 0
5580 5.101619522048304 -1.39285714285754 0
5581 5.101619522048304 -1.285714285715079 0
5582 5.101619522048304 -1.178571428572618 0
5583 5.101619522048302 -1.071428571430157 0
5584 5.101619522048301 -0.9642857142876968 0
5585 5.1016195220483 -0.8571428571452363 0
5586 5.101619522048303 -0.7500000000027758 0
5587 5.101619522048304 -0.6428571428603149 0
5588 5.101619522048303 -0.5357142857178538 0
5589 5.101619522048303 -0.4285714285753929 0
5590 5.101619522048302 -0.3214285714329318 0
5591 5.101619522048303 -0.2142857142904711 0
5592 5.101619522048303 -0.1071428571480099 0
5593 5.101619522048302 -5.505595979116151e-12 0
5594 5.101619522048303 0.1071428571377049 0
5595 5.101619522048303 0.2142857142809579 0
5596 5.101619522048303 0.3214285714242117 0
5597 5.101619522048303 0.4285714285674649 0
5598 5.101619522048304 0.5357142857107188 0
5599 5.101619522048303 0.6428571428539716 0
5600 5.101619522048303 0.7499999999972256 0
5601 5.101619522048303 0.8571428571404793 0
5602 5.101619522048303 0.9642857142837324 0
5603 5.101619522048303 1.071428571426986 0
5604 5.101619522048303 1.178571428570239 0
5605 5.101619522048303 1.285714285713493 0
5606 5.101619522048303 1.392857142856746 0
5607 5.292023495494142 -1.392857142857539 0
5608 5.292023495494142 -1.285714285715079 0
5609 5.292023495494142 -1.178571428572618 0
5610 5.292023495494142 -1.071428571430157 0
5611 5.292023495494142 -0.964285714287697 0
5612 5.292023495494141 -0.8571428571452362 0
5613 5.292023495494142 -0.7500000000027758 0
5614 5.292023495494142 -0.6428571428603149 0
5615 5.292023495494143 -0.5357142857178538 0
5616 5.292023495494142 -0.4285714285753929 0
5617 5.292023495494141 -0.3214285714329317 0
5618 5.292023495494142 -0.2142857142904711 0
5619 5.292023495494142 -0.10714285714801 0
5620 5.292023495494142 -5.505373934511226e-12 0
5621 5.292023495494141 0.1071428571377049 0
5622 5.292023495494142 0.214285714280958 0
5623 5.292023495494142 0.3214285714242116 0
5624 5.292023495494142 0.4285714285674649 0
5625 5.292023495494142 0.5357142857107187 0
5626 5.292023495494142 0.6428571428539717 0
5627 5.292023495494142 0.7499999999972256 0
5628 5.292023495494142 0.8571428571404791 0
5629 5.292023495494142 0.9642857142837324 0
5630 5.292023495494142 1.071428571426986 0
5631 5.292023495494142 1.178571428570239 0
5632 5.292023495494142 1.285714285713493 0
5633 5.292023495494142 1.392857142856746 0
5634 5.48623399453366 -1.392857142857539 0
5635 5.486233994533661 -1.285714285715079 0
5636 5.486233994533659 -1.178571428572618 0
5637 5.486233994533661 -1.071428571430157 0
5638 5.486233994533663 -0.9642857142876972 0
5639 5.48623399453366 -0.8571428571452364 0
5640 5.486233994533661 -0.7500000000027758 0
5641 5.48623399453366 -0.6428571428603149 0
5642 5.486233994533661 -0.5357142857178536 0
5643 5.486233994533661 -0.4285714285753928 0
5644 5.48623399453366 -0.3214285714329319 0
5645 5.486233994533661 -0.2142857142904709 0
5646 5.486233994533661 -0.1071428571480101 0
5647 5.486233994533661 -5.505595979116151e-12 0
5648 5.486233994533661 0.1071428571377049 0
5649 5.486233994533661 0.2142857142809581 0
5650 5.486233994533661 0.3214285714242117 0
5651 5.486233994533661 0.4285714285674648 0
5652 5.486233994533661 0.5357142857107187 0
5653 5.486233994533661 0.6428571428539717 0
5654 5.486233994533661 0.7499999999972254 0
5655 5.48623399453366 0.8571428571404791 0
5656 5.486233994533661 0.9642857142837324 0
5657 5.486233994533661 1.071428571426986 0
5658 5.486233994533661 1.178571428570239 0
5659 5.48623399453366 1.285714285713493 0
5660 5.486233994533659 1.392857142856746 0
5661 5.684327120616611 -1.392857142857539 0
5662 5.684327120616611 -1.285714285715079 0
5663 5.684327120616611 -1.178571428572618 0
5664 5.684327120616612 -1.071428571430157 0
5665 5.684327120616611 -0.9642857142876973 0
5666 5.684327120616611 -0.8571428571452364 0
5667 5.684327120616614 -0.750000000002776 0
5668 5.684327120616611 -0.6428571428603149 0
5669 5.684327120616611 -0.5357142857178536 0
5670 5.684327120616612 -0.4285714285753928 0
5671 5.684327120616611 -0.3214285714329319 0
5672 5.684327120616611 -0.2142857142904709 0
5673 5.684327120616611 -0.10714285714801 0
5674 5.684327120616611 -5.505484956813689e-12 0
5675 5.684327120616611 0.1071428571377048 0
5676 5.684327120616611 0.2142857142809581 0
5677 5.684327120616611 0.3214285714242117 0
5678 5.684327120616611 0.4285714285674648 0
5679 5.684327120616611 0.5357142857107187 0
5680 5.684327120616611 0.6428571428539716 0
5681 5.684327120616611 0.7499999999972254 0
5682 5.684327120616611 0.8571428571404792 0
5683 5.684327120616611 0.9642857142837323 0
5684 5.684327120616611 1.071428571426986 0
5685 5.684327120616611 1.178571428570239 0
5686 5.684327120616611 1.285714285713493 0
5687 5.684327120616611 1.392857142856746 0
5688 5.886380492844856 -1.392857142857539 0
5689 5.886380492844853 -1.285714285715079 0
5690 5.886380492844856 -1.178571428572618 0
5691 5.886380492844856 -1.071428571430157 0
5692 5.886380492844854 -0.9642857142876968 0
5693 5.886380492844856 -0.8571428571452366 0
5694 5.886380492844858 -0.7500000000027756 0
5695 5.886380492844856 -0.6428571428603151 0
5696 5.886380492844856 -0.5357142857178538 0
5697 5.886380492844856 -0.4285714285753929 0
5698 5.886380492844856 -0.321428571432932 0
5699 5.886380492844856 -0.214285714290471 0
5700 5.886380492844856 -0.1071428571480099 0
5701 5.886380492844856 -5.505707001418614e-12 0
5702 5.886380492844856 0.1071428571377047 0
5703 5.886380492844856 0.214285714280958 0
5704 5.886380492844856 0.3214285714242117 0
5705 5.886380492844856 0.4285714285674649 0
5706 5.886380492844856 0.5357142857107187 0
5707 5.886380492844856 0.6428571428539717 0
5708 5.886380492844856 0.7499999999972252 0
5709 5.886380492844856 0.8571428571404791 0
5710 5.886380492844856 0.9642857142837327 0
5711 5.886380492844856 1.071428571426986 0
5712 5.886380492844856 1.178571428570239 0
5713 5.886380492844856 1.285714285713493 0
5714 5.886380492844856 1.392857142856746 0
5715 6.092473282908066 -1.392857142857539 0
5716 6.092473282908062 -1.285714285715079 0
5717 6.092473282908064 -1.178571428572618 0
5718 6.092473282908065 -1.071428571430157 0
5719 6.092473282908066 -0.9642857142876973 0
5720 6.092473282908065 -0.8571428571452365 0
5721 6.092473282908063 -0.7500000000027758 0
5722 6.092473282908065 -0.6428571428603149 0
5723 6.092473282908066 -0.5357142857178536 0
5724 6.092473282908067 -0.428571428575393 0
5725 6.092473282908064 -0.3214285714329319 0
5726 6.092473282908066 -0.214285714290471 0
5727 6.092473282908065 -0.10714285714801 0
5728 6.092473282908064 -5.505429445662458e-12 0
5729 6.092473282908063 0.1071428571377049 0
5730 6.092473282908066 0.214285714280958 0
5731 6.092473282908066 0.3214285714242116 0
5732 6.092473282908065 0.4285714285674649 0
5733 6.092473282908065 0.5357142857107187 0
5734 6.092473282908065 0.6428571428539716 0
5735 6.092473282908065 0.7499999999972254 0
5736 6.092473282908065 0.8571428571404791 0
5737 6.092473282908065 0.9642857142837324 0
5738 6.092473282908065 1.071428571426986 0
5739 6.092473282908066 1.178571428570239 0
5740 6.092473282908066 1.285714285713493 0
5741 6.092473282908066 1.392857142856746 0
5742 6.302686247310158 -1.392857142857539 0
5743 6.302686247310159 -1.285714285715079 0
5744 6.302686247310158 -1.178571428572618 0
5745 6.302686247310158 -1.071428571430157 0
5746 6.302686247310159 -0.9642857142876968 0
5747 6.302686247310158 -0.8571428571452364 0
5748 6.302686247310158 -0.7500000000027757 0
5749 6.302686247310158 -0.6428571428603153 0
5750 6.302686247310159 -0.5357142857178538 0
5751 6.302686247310159 -0.4285714285753929 0
5752 6.302686247310158 -0.3214285714329318 0
5753 6.302686247310157 -0.2142857142904711 0
5754 6.302686247310158 -0.1071428571480099 0
5755 6.302686247310158 -5.505595979116151e-12 0
5756 6.302686247310158 0.1071428571377049 0
5757 6.302686247310158 0.214285714280958 0
5758 6.302686247310159 0.3214285714242116 0
5759 6.302686247310158 0.4285714285674648 0
5760 6.302686247310158 0.5357142857107187 0
5761 6.302686247310158 0.6428571428539718 0
5762 6.302686247310158 0.7499999999972253 0
5763 6.302686247310158 0.8571428571404792 0
5764 6.302686247310158 0.9642857142837324 0
5765 6.302686247310158 1.071428571426986 0
5766 6.302686247310158 1.178571428570239 0
5767 6.302686247310158 1.285714285713493 0
5768 6.302686247310158 1.392857142856746 0
5769 6.517101754853821 -1.392857142857539 0
5770 6.517101754853823 -1.285714285715079 0
5771 6.517101754853821 -1.178571428572618 0
5772 6.517101754853821 -1.071428571430157 0
5773 6.517101754853822 -0.9642857142876972 0
5774 6.517101754853821 -0.8571428571452363 0
5775 6.517101754853822 -0.7500000000027758 0
5776 6.517101754853823 -0.6428571428603149 0
5777 6.517101754853821 -0.5357142857178536 0
5778 6.517101754853822 -0.4285714285753929 0
5779 6.517101754853822 -0.3214285714329319 0
5780 6.517101754853822 -0.2142857142904711 0
5781 6.517101754853822 -0.10714285714801 0
5782 6.517101754853822 -5.505429445662458e-12 0
5783 6.517101754853822 0.1071428571377049 0
5784 6.517101754853822 0.2142857142809582 0
5785 6.517101754853822 0.3214285714242116 0
5786 6.517101754853822 0.4285714285674649 0
5787 6.517101754853822 0.5357142857107187 0
5788 6.517101754853821 0.6428571428539718 0
5789 6.517101754853821 0.7499999999972256 0
5790 6.517101754853822 0.8571428571404792 0
5791 6.517101754853822 0.9642857142837324 0
5792 6.517101754853822 1.071428571426986 0
5793 6.517101754853821 1.178571428570239 0
5794 6.517101754853822 1.285714285713493 0
5795 6.517101754853821 1.392857142856746 0
5796 6.735803823197449 -1.392857142857539 0
5797 6.735803823197449 -1.285714285715079 0
5798 6.73580382319745 -1.178571428572618 0
5799 6.73580382319745 -1.071428571430157 0
5800 6.735803823197449 -0.9642857142876968 0
5801 6.735803823197449 -0.8571428571452362 0
5802 6.735803823197449 -0.7500000000027757 0
5803 6.73580382319745 -0.6428571428603149 0
5804 6.73580382319745 -0.5357142857178536 0
5805 6.73580382319745 -0.4285714285753928 0
5806 6.735803823197449 -0.3214285714329319 0
5807 6.735803823197449 -0.2142857142904711 0
5808 6.73580382319745 -0.10714285714801 0
5809 6.735803823197448 -5.505595979116151e-12 0
5810 6.73580382319745 0.1071428571377048 0
5811 6.735803823197449 0.214285714280958 0
5812 6.735803823197449 0.3214285714242116 0
5813 6.735803823197449 0.4285714285674648 0
5814 6.735803823197449 0.5357142857107187 0
5815 6.735803823197449 0.6428571428539716 0
5816 6.735803823197449 0.7499999999972256 0
5817 6.73580382319745 0.8571428571404791 0
5818 6.735803823197449 0.9642857142837323 0
5819 6.735803823197449 1.071428571426986 0
5820 6.735803823197449 1.178571428570239 0
5821 6.735803823197448 1.285714285713493 0
5822 6.735803823197449 1.392857142856746 0
5823 6.958878149069638 -1.392857142857539 0
5824 6.958878149069639 -1.285714285715079 0
5825 6.95887814906964 -1.178571428572618 0
5826 6.958878149069639 -1.071428571430157 0
5827 6.95887814906964 -0.9642857142876973 0
5828 6.958878149069641 -0.8571428571452366 0
5829 6.958878149069639 -0.7500000000027757 0
5830 6.958878149069639 -0.642857142860315 0
5831 6.958878149069638 -0.5357142857178538 0
5832 6.958878149069637 -0.4285714285753928 0
5833 6.958878149069638 -0.3214285714329319 0
5834 6.958878149069639 -0.2142857142904711 0
5835 6.958878149069639 -0.10714285714801 0
5836 6.95887814906964 -5.50554046796492e-12 0
5837 6.95887814906964 0.1071428571377048 0
5838 6.958878149069639 0.2142857142809581 0
5839 6.95887814906964 0.3214285714242117 0
5840 6.958878149069639 0.4285714285674648 0
5841 6.958878149069639 0.5357142857107186 0
5842 6.958878149069639 0.6428571428539716 0
5843 6.958878149069639 0.7499999999972256 0
5844 6.958878149069639 0.8571428571404792 0
5845 6.958878149069639 0.9642857142837323 0
5846 6.958878149069639 1.071428571426986 0
5847 6.958878149069639 1.178571428570239 0
5848 6.958878149069638 1.285714285713493 0
5849 6.958878149069638 1.392857142856746 0
5850 7.186412139355578 -1.392857142857539 0
5851 7.186412139355578 -1.285714285715079 0
5852 7.186412139355578 -1.178571428572618 0
5853 7.186412139355578 -1.071428571430157 0
5854 7.186412139355577 -0.964285714287697 0
5855 7.186412139355578 -0.8571428571452364 0
5856 7.186412139355577 -0.7500000000027757 0
5857 7.186412139355577 -0.6428571428603149 0
5858 7.186412139355579 -0.5357142857178536 0
5859 7.186412139355577 -0.4285714285753929 0
5860 7.186412139355578 -0.3214285714329319 0
5861 7.186412139355578 -0.214285714290471 0
5862 7.186412139355578 -0.10714285714801 0
5863 7.186412139355578 -5.505484956813689e-12 0
5864 7.186412139355579 0.1071428571377048 0
5865 7.186412139355578 0.2142857142809581 0
5866 7.186412139355578 0.3214285714242116 0
5867 7.186412139355577 0.4285714285674649 0
5868 7.186412139355579 0.5357142857107187 0
5869 7.186412139355577 0.6428571428539717 0
5870 7.18641213935558 0.7499999999972256 0
5871 7.186412139355578 0.8571428571404791 0
5872 7.186412139355578 0.9642857142837324 0
5873 7.186412139355578 1.071428571426986 0
5874 7.186412139355579 1.178571428570239 0
5875 7.186412139355578 1.285714285713493 0
5876 7.186412139355578 1.392857142856746 0
5877 7.418494953831213 -1.392857142857539 0
5878 7.418494953831215 -1.285714285715079 0
5879 7.418494953831214 -1.178571428572618 0
5880 7.418494953831214 -1.071428571430157 0
5881 7.418494953831214 -0.9642857142876972 0
5882 7.418494953831213 -0.8571428571452364 0
5883 7.418494953831213 -0.750000000002776 0
5884 7.418494953831214 -0.642857142860315 0
5885 7.418494953831216 -0.5357142857178536 0
5886 7.418494953831213 -0.4285714285753929 0
5887 7.418494953831213 -0.3214285714329319 0
5888 7.418494953831213 -0.214285714290471 0
5889 7.418494953831214 -0.1071428571480099 0
5890 7.418494953831214 -5.505707001418614e-12 0
5891 7.418494953831214 0.1071428571377049 0
5892 7.418494953831213 0.214285714280958 0
5893 7.418494953831213 0.3214285714242117 0
5894 7.418494953831214 0.4285714285674648 0
5895 7.418494953831214 0.5357142857107187 0
5896 7.418494953831214 0.6428571428539717 0
5897 7.418494953831214 0.7499999999972256 0
5898 7.418494953831215 0.8571428571404791 0
5899 7.418494953831214 0.9642857142837324 0
5900 7.418494953831213 1.071428571426986 0
5901 7.418494953831214 1.178571428570239 0
5902 7.418494953831214 1.285714285713493 0
5903 7.418494953831214 1.392857142856746 0
5904 7.655217531331409 -1.39285714285754 0
5905 7.655217531331409 -1.285714285715079 0
5906 7.655217531331409 -1.178571428572618 0
5907 7.655217531331407 -1.071428571430157 0
5908 7.655217531331409 -0.9642857142876972 0
5909 7.655217531331409 -0.8571428571452366 0
5910 7.655217531331411 -0.7500000000027757 0
5911 7.655217531331409 -0.6428571428603149 0
5912 7.655217531331409 -0.5357142857178538 0
5913 7.655217531331407 -0.4285714285753929 0
5914 7.65521753133141 -0.3214285714329318 0
5915 7.655217531331409 -0.214285714290471 0
5916 7.655217531331408 -0.10714285714801 0
5917 7.655217531331409 -5.505595979116151e-12 0
5918 7.655217531331408 0.1071428571377049 0
5919 7.655217531331406 0.214285714280958 0
5920 7.655217531331407 0.3214285714242116 0
5921 7.655217531331406 0.4285714285674649 0
5922 7.655217531331408 0.5357142857107187 0
5923 7.655217531331409 0.6428571428539716 0
5924 7.655217531331407 0.7499999999972253 0
5925 7.655217531331409 0.8571428571404791 0
5926 7.655217531331409 0.9642857142837324 0
5927 7.655217531331409 1.071428571426986 0
5928 7.655217531331407 1.178571428570239 0
5929 7.655217531331409 1.285714285713493 0
5930 7.655217531331409 1.392857142856746 0
5931 7.896672626939528 -1.392857142857539 0
5932 7.896672626939525 -1.285714285715079 0
5933 7.896672626939527 -1.178571428572618 0
5934 7.896672626939527 -1.071428571430157 0
5935 7.896672626939527 -0.9642857142876973 0
5936 7.896672626939526 -0.8571428571452364 0
5937 7.896672626939528 -0.750000000002776 0
5938 7.896672626939526 -0.6428571428603149 0
5939 7.896672626939528 -0.5357142857178536 0
5940 7.896672626939526 -0.4285714285753929 0
5941 7.896672626939527 -0.3214285714329318 0
5942 7.896672626939526 -0.214285714290471 0
5943 7.896672626939527 -0.10714285714801 0
5944 7.896672626939527 -5.505762512569845e-12 0
5945 7.896672626939526 0.1071428571377049 0
5946 7.896672626939528 0.214285714280958 0
5947 7.896672626939527 0.3214285714242116 0
5948 7.896672626939528 0.4285714285674649 0
5949 7.896672626939527 0.5357142857107187 0
5950 7.896672626939527 0.6428571428539716 0
5951 7.896672626939528 0.7499999999972256 0
5952 7.896672626939528 0.8571428571404793 0
5953 7.896672626939526 0.9642857142837324 0
5954 7.896672626939527 1.071428571426986 0
5955 7.896672626939528 1.178571428570239 0
5956 7.896672626939528 1.285714285713493 0
5957 7.896672626939528 1.392857142856746 0
5958 8.142954854978898 -1.392857142857539 0
5959 8.142954854978894 -1.285714285715079 0
5960 8.142954854978896 -1.178571428572618 0
5961 8.142954854978896 -1.071428571430157 0
5962 8.142954854978898 -0.9642857142876967 0
5963 8.142954854978894 -0.8571428571452366 0
5964 8.142954854978896 -0.7500000000027758 0
5965 8.142954854978898 -0.6428571428603151 0
5966 8.142954854978894 -0.5357142857178538 0
5967 8.142954854978896 -0.428571428575393 0
5968 8.142954854978896 -0.3214285714329319 0
5969 8.142954854978894 -0.2142857142904709 0
5970 8.142954854978896 -0.1071428571480099 0
5971 8.142954854978894 -5.505651490267383e-12 0
5972 8.142954854978896 0.1071428571377049 0
5973 8.142954854978896 0.2142857142809579 0
5974 8.142954854978896 0.3214285714242116 0
5975 8.142954854978896 0.4285714285674649 0
5976 8.142954854978896 0.5357142857107187 0
5977 8.142954854978896 0.6428571428539717 0
5978 8.142954854978896 0.7499999999972254 0
5979 8.142954854978896 0.8571428571404792 0
5980 8.142954854978896 0.9642857142837326 0
5981 8.142954854978896 1.071428571426986 0
5982 8.142954854978896 1.178571428570239 0
5983 8.142954854978896 1.285714285713493 0
5984 8.142954854978896 1.392857142856746 0
5985 8.394160719385468 -1.392857142857539 0
5986 8.394160719385466 -1.285714285715079 0
5987 8.394160719385466 -1.178571428572618 0
5988 8.394160719385466 -1.071428571430157 0
5989 8.394160719385466 -0.9642857142876968 0
5990 8.394160719385466 -0.8571428571452364 0
5991 8.394160719385468 -0.7500000000027758 0
5992 8.394160719385468 -0.6428571428603149 0
5993 8.394160719385464 -0.5357142857178538 0
5994 8.394160719385468 -0.4285714285753929 0
5995 8.394160719385468 -0.3214285714329319 0
5996 8.394160719385468 -0.2142857142904711 0
5997 8.394160719385466 -0.10714285714801 0
5998 8.394160719385466 -5.505595979116151e-12 0
5999 8.394160719385466 0.1071428571377049 0
6000 8.394160719385466 0.214285714280958 0
6001 8.394160719385466 0.3214285714242117 0
6002 8.394160719385466 0.4285714285674649 0
6003 8.394160719385466 0.5357142857107187 0
6004 8.394160719385466 0.6428571428539716 0
6005 8.394160719385466 0.7499999999972253 0
6006 8.394160719385466 0.8571428571404791 0
6007 8.394160719385466 0.9642857142837324 0
6008 8.394160719385466 1.071428571426986 0
6009 8.394160719385466 1.178571428570239 0
6010 8.394160719385468 1.285714285713493 0
6011 8.394160719385466 1.392857142856746 0
6012 8.650388651406876 -1.392857142857539 0
6013 8.650388651406876 -1.285714285715079 0
6014 8.650388651406876 -1.178571428572618 0
6015 8.650388651406878 -1.071428571430157 0
6016 8.650388651406878 -0.9642857142876968 0
6017 8.650388651406876 -0.8571428571452363 0
6018 8.650388651406876 -0.7500000000027759 0
6019 8.650388651406878 -0.6428571428603149 0
6020 8.650388651406876 -0.535714285717854 0
6021 8.650388651406878 -0.4285714285753929 0
6022 8.650388651406875 -0.3214285714329319 0
6023 8.650388651406876 -0.2142857142904711 0
6024 8.650388651406876 -0.10714285714801 0
6025 8.650388651406876 -5.505595979116151e-12 0
6026 8.650388651406878 0.1071428571377049 0
6027 8.650388651406878 0.214285714280958 0
6028 8.650388651406876 0.3214285714242116 0
6029 8.650388651406876 0.4285714285674649 0
6030 8.650388651406876 0.5357142857107187 0
6031 8.650388651406878 0.6428571428539716 0
6032 8.650388651406876 0.7499999999972254 0
6033 8.650388651406876 0.8571428571404791 0
6034 8.650388651406876 0.9642857142837324 0
6035 8.650388651406876 1.071428571426986 0
6036 8.650388651406878 1.178571428570239 0
6037 8.650388651406878 1.285714285713493 0
6038 8.650388651406876 1.392857142856746 0
6039 8.911739050927798 -1.39285714285754 0
6040 8.9117390509278 -1.285714285715079 0
6041 8.9117390509278 -1.178571428572618 0
6042 8.9117390509278 -1.071428571430157 0
6043 8.911739050927796 -0.9642857142876968 0
6044 8.9117390509278 -0.8571428571452362 0
6045 8.9117390509278 -0.7500000000027759 0
6046 8.9117390509278 -0.6428571428603151 0
6047 8.9117390509278 -0.5357142857178538 0
6048 8.911739050927801 -0.428571428575393 0
6049 8.9117390509278 -0.3214285714329319 0
6050 8.911739050927798 -0.2142857142904711 0
6051 8.9117390509278 -0.10714285714801 0
6052 8.911739050927798 -5.505595979116151e-12 0
6053 8.911739050927801 0.1071428571377049 0
6054 8.911739050927798 0.214285714280958 0
6055 8.9117390509278 0.3214285714242118 0
6056 8.9117390509278 0.4285714285674648 0
6057 8.9117390509278 0.5357142857107187 0
6058 8.9117390509278 0.6428571428539718 0
6059 8.9117390509278 0.7499999999972254 0
6060 8.9117390509278 0.8571428571404793 0
6061 8.9117390509278 0.9642857142837324 0
6062 8.9117390509278 1.071428571426986 0
6063 8.9117390509278 1.178571428570239 0
6064 8.9117390509278 1.285714285713493 0
6065 8.9117390509278 1.392857142856746 0
6066 9.178314325340901 -1.392857142857539 0
6067 9.178314325340907 -1.285714285715079 0
6068 9.178314325340908 -1.178571428572618 0
6069 9.178314325340905 -1.071428571430157 0
6070 9.178314325340903 -0.9642857142876968 0
6071 9.178314325340903 -0.8571428571452363 0
6072 9.178314325340908 -0.7500000000027757 0
6073 9.178314325340903 -0.642857142860315 0
6074 9.178314325340905 -0.535714285717854 0
6075 9.178314325340905 -0.4285714285753929 0
6076 9.178314325340907 -0.3214285714329319 0
6077 9.178314325340903 -0.2142857142904711 0
6078 9.178314325340908 -0.10714285714801 0
6079 9.178314325340908 -5.505762512569845e-12 0
6080 9.178314325340908 0.1071428571377048 0
6081 9.178314325340908 0.2142857142809581 0
6082 9.178314325340908 0.3214285714242117 0
6083 9.178314325340908 0.4285714285674649 0
6084 9.178314325340908 0.5357142857107187 0
6085 9.178314325340905 0.6428571428539717 0
6086 9.178314325340908 0.7499999999972253 0
6087 9.178314325340908 0.8571428571404793 0
6088 9.178314325340908 0.9642857142837324 0
6089 9.178314325340908 1.071428571426986 0
6090 9.178314325340908 1.178571428570239 0
6091 9.178314325340907 1.285714285713493 0
6092 9.178314325340907 1.392857142856746 0
6093 9.450218929988438 -1.39285714285754 0
6094 9.450218929988436 -1.285714285715079 0
6095 9.450218929988438 -1.178571428572618 0
6096 9.450218929988441 -1.071428571430157 0
6097 9.450218929988441 -0.9642857142876967 0
6098 9.450218929988441 -0.8571428571452364 0
6099 9.450218929988438 -0.7500000000027759 0
6100 9.450218929988438 -0.6428571428603149 0
6101 9.450218929988438 -0.5357142857178538 0
6102 9.450218929988438 -0.4285714285753929 0
6103 9.450218929988436 -0.321428571432932 0
6104 9.450218929988438 -0.2142857142904709 0
6105 9.450218929988438 -0.1071428571480099 0
6106 9.450218929988438 -5.505595979116151e-12 0
6107 9.450218929988438 0.1071428571377049 0
6108 9.450218929988438 0.214285714280958 0
6109 9.450218929988438 0.3214285714242117 0
6110 9.450218929988436 0.4285714285674649 0
6111 9.450218929988438 0.5357142857107187 0
6112 9.450218929988438 0.6428571428539716 0
6113 9.450218929988438 0.7499999999972256 0
6114 9.450218929988438 0.8571428571404792 0
6115 9.450218929988436 0.9642857142837324 0
6116 9.450218929988438 1.071428571426986 0
6117 9.450218929988436 1.178571428570239 0
6118 9.450218929988438 1.285714285713493 0
6119 9.450218929988438 1.392857142856746 0
6120 9.727559408231517 -1.392857142857539 0
6121 9.727559408231516 -1.285714285715079 0
6122 9.727559408231512 -1.178571428572618 0
6123 9.727559408231517 -1.071428571430157 0
6124 9.727559408231517 -0.9642857142876968 0
6125 9.727559408231516 -0.8571428571452364 0
6126 9.727559408231517 -0.7500000000027758 0
6127 9.727559408231517 -0.6428571428603149 0
6128 9.727559408231517 -0.535714285717854 0
6129 9.727559408231517 -0.4285714285753927 0
6130 9.727559408231516 -0.3214285714329319 0
6131 9.727559408231516 -0.2142857142904711 0
6132 9.727559408231517 -0.10714285714801 0
6133 9.727559408231517 -5.505707001418614e-12 0
6134 9.727559408231516 0.1071428571377049 0
6135 9.727559408231516 0.214285714280958 0
6136 9.727559408231517 0.3214285714242117 0
6137 9.727559408231517 0.4285714285674649 0
6138 9.727559408231517 0.5357142857107187 0
6139 9.727559408231517 0.6428571428539718 0
6140 9.727559408231517 0.7499999999972254 0
6141 9.727559408231517 0.8571428571404792 0
6142 9.727559408231517 0.9642857142837324 0
6143 9.727559408231516 1.071428571426986 0
6144 9.727559408231516 1.178571428570239 0
6145 9.727559408231517 1.285714285713493 0
6146 9.727559408231516 1.392857142856746 0
6147 10.01044443310708 -1.392857142857539 0
6148 10.01044443310709 -1.285714285715079 0
6149 10.01044443310709 -1.178571428572618 0
6150 10.01044443310709 -1.071428571430157 0
6151 10.01044443310708 -0.9642857142876968 0
6152 10.01044443310709 -0.8571428571452363 0
6153 10.01044443310709 -0.7500000000027757 0
6154 10.01044443310709 -0.6428571428603149 0
6155 10.01044443310709 -0.5357142857178538 0
6156 10.01044443310709 -0.4285714285753929 0
6157 10.01044443310708 -0.3214285714329319 0
6158 10.01044443310709 -0.2142857142904711 0
6159 10.01044443310709 -0.10714285714801 0
6160 10.01044443310709 -5.505595979116151e-12 0
6161 10.01044443310709 0.1071428571377049 0
6162 10.01044443310709 0.214285714280958 0
6163 10.01044443310709 0.3214285714242116 0
6164 10.01044443310709 0.4285714285674649 0
6165 10.01044443310709 0.5357142857107187 0
6166 10.01044443310709 0.6428571428539717 0
6167 10.01044443310709 0.7499999999972256 0
6168 10.01044443310709 0.8571428571404791 0
6169 10.01044443310709 0.9642857142837324 0
6170 10.01044443310709 1.071428571426986 0
6171 10.01044443310709 1.178571428570239 0
6172 10.01044443310709 1.285714285713493 0
6173 10.01044443310709 1.392857142856746 0
6174 10.29898485070029 -1.392857142857539 0
6175 10.29898485070029 -1.285714285715079 0
6176 10.29898485070028 -1.178571428572618 0
6177 10.29898485070028 -1.071428571430157 0
6178 10.29898485070029 -0.964285714287697 0
6179 10.29898485070029 -0.8571428571452365 0
6180 10.29898485070029 -0.7500000000027756 0
6181 10.29898485070029 -0.6428571428603153 0
6182 10.29898485070029 -0.5357142857178538 0
6183 10.29898485070029 -0.4285714285753929 0
6184 10.29898485070029 -0.3214285714329319 0
6185 10.29898485070029 -0.2142857142904711 0
6186 10.29898485070029 -0.10714285714801 0
6187 10.29898485070029 -5.50554046796492e-12 0
6188 10.29898485070029 0.1071428571377049 0
6189 10.29898485070028 0.2142857142809578 0
6190 10.29898485070029 0.3214285714242116 0
6191 10.29898485070029 0.4285714285674649 0
6192 10.29898485070029 0.5357142857107187 0
6193 10.29898485070029 0.6428571428539716 0
6194 10.29898485070029 0.7499999999972256 0
6195 10.29898485070029 0.8571428571404792 0
6196 10.29898485070029 0.9642857142837324 0
6197 10.29898485070029 1.071428571426986 0
6198 10.29898485070029 1.178571428570239 0
6199 10.29898485070029 1.285714285713493 0
6200 10.29898485070029 1.392857142856746 0
6201 10.59329372122202 -1.392857142857539 0
6202 10.59329372122202 -1.285714285715079 0
6203 10.59329372122201 -1.178571428572618 0
6204 10.59329372122202 -1.071428571430157 0
6205 10.59329372122202 -0.9642857142876967 0
6206 10.59329372122202 -0.8571428571452361 0
6207 10.59329372122202 -0.7500000000027757 0
6208 10.59329372122202 -0.6428571428603149 0
6209 10.59329372122202 -0.535714285717854 0
6210 10.59329372122202 -0.428571428575393 0
6211 10.59329372122202 -0.3214285714329319 0
6212 10.59329372122202 -0.2142857142904711 0
6213 10.59329372122202 -0.10714285714801 0
6214 10.59329372122202 -5.505707001418614e-12 0
6215 10.59329372122202 0.1071428571377049 0
6216 10.59329372122202 0.214285714280958 0
6217 10.59329372122202 0.3214285714242116 0
6218 10.59329372122202 0.4285714285674649 0
6219 10.59329372122202 0.5357142857107187 0
6220 10.59329372122202 0.6428571428539717 0
6221 10.59329372122202 0.7499999999972253 0
6222 10.59329372122202 0.8571428571404793 0
6223 10.59329372122202 0.9642857142837324 0
6224 10.59329372122202 1.071428571426986 0
6225 10.59329372122202 1.178571428570239 0
6226 10.59329372122202 1.285714285713493 0
6227 10.59329372122202 1.392857142856746 0
6228 10.89348636773804 -1.392857142857539 0
6229 10.89348636773804 -1.285714285715079 0
6230 10.89348636773804 -1.178571428572618 0
6231 10.89348636773804 -1.071428571430157 0
6232 10.89348636773804 -0.9642857142876968 0
6233 10.89348636773804 -0.8571428571452362 0
6234 10.89348636773804 -0.7500000000027757 0
6235 10.89348636773804 -0.6428571428603151 0
6236 10.89348636773804 -0.535714285717854 0
6237 10.89348636773804 -0.4285714285753928 0
6238 10.89348636773804 -0.3214285714329319 0
6239 10.89348636773804 -0.2142857142904711 0
6240 10.89348636773804 -0.1071428571480099 0
6241 10.89348636773804 -5.505484956813689e-12 0
6242 10.89348636773804 0.1071428571377048 0
6243 10.89348636773804 0.2142857142809582 0
6244 10.89348636773804 0.3214285714242117 0
6245 10.89348636773804 0.4285714285674649 0
6246 10.89348636773804 0.5357142857107187 0
6247 10.89348636773804 0.6428571428539717 0
6248 10.89348636773804 0.7499999999972253 0
6249 10.89348636773804 0.8571428571404791 0
6250 10.89348636773804 0.9642857142837323 0
6251 10.89348636773804 1.071428571426986 0
6252 10.89348636773804 1.178571428570239 0
6253 10.89348636773804 1.285714285713493 0
6254 10.89348636773804 1.392857142856746 0
6255 11.19968041883928 -1.392857142857539 0
6256 11.19968041883928 -1.285714285715079 0
6257 11.19968041883928 -1.178571428572618 0
6258 11.19968041883928 -1.071428571430157 0
6259 11.19968041883928 -0.9642857142876967 0
6260 11.19968041883928 -0.8571428571452365 0
6261 11.19968041883928 -0.7500000000027759 0
6262 11.19968041883928 -0.6428571428603153 0
6263 11.19968041883928 -0.5357142857178536 0
6264 11.19968041883928 -0.4285714285753928 0
6265 11.19968041883928 -0.3214285714329319 0
6266 11.19968041883928 -0.2142857142904711 0
6267 11.19968041883928 -0.1071428571480099 0
6268 11.19968041883928 -5.505818023721076e-12 0
6269 11.19968041883928 0.1071428571377048 0
6270 11.19968041883928 0.2142857142809579 0
6271 11.19968041883928 0.3214285714242116 0
6272 11.19968041883928 0.4285714285674649 0
6273 11.19968041883928 0.5357142857107187 0
6274 11.19968041883928 0.6428571428539716 0
6275 11.19968041883928 0.7499999999972256 0
6276 11.19968041883928 0.8571428571404792 0
6277 11.19968041883928 0.9642857142837324 0
6278 11.19968041883928 1.071428571426986 0
6279 11.19968041883928 1.178571428570239 0
6280 11.19968041883928 1.285714285713493 0
6281 11.19968041883928 1.392857142856746 0
6282 11.51199585107639 -1.392857142857539 0
6283 11.51199585107639 -1.285714285715079 0
6284 11.51199585107639 -1.178571428572618 0
6285 11.51199585107639 -1.071428571430158 0
6286 11.51199585107639 -0.9642857142876968 0
6287 11.51199585107639 -0.8571428571452363 0
6288 11.51199585107639 -0.7500000000027758 0
6289 11.51199585107639 -0.642857142860315 0
6290 11.51199585107639 -0.5357142857178536 0
6291 11.51199585107639 -0.4285714285753929 0
6292 11.51199585107639 -0.3214285714329319 0
6293 11.51199585107639 -0.2142857142904711 0
6294 11.51199585107639 -0.10714285714801 0
6295 11.51199585107639 -5.505595979116151e-12 0
6296 11.51199585107639 0.1071428571377049 0
6297 11.51199585107639 0.214285714280958 0
6298 11.51199585107639 0.3214285714242115 0
6299 11.51199585107639 0.4285714285674649 0
6300 11.51199585107639 0.5357142857107187 0
6301 11.51199585107639 0.6428571428539718 0
6302 11.51199585107639 0.7499999999972254 0
6303 11.51199585107639 0.8571428571404791 0
6304 11.51199585107639 0.9642857142837324 0
6305 11.51199585107639 1.071428571426986 0
6306 11.51199585107639 1.178571428570239 0
6307 11.51199585107639 1.285714285713493 0
6308 11.51199585107639 1.392857142856746 0
6309 11.83055504299423 -1.392857142857539 0
6310 11.83055504299423 -1.285714285715079 0
6311 11.83055504299423 -1.178571428572618 0
6312 11.83055504299423 -1.071428571430157 0
6313 11.83055504299423 -0.9642857142876967 0
6314 11.83055504299423 -0.8571428571452365 0
6315 11.83055504299423 -0.7500000000027759 0
6316 11.83055504299423 -0.6428571428603153 0
6317 11.83055504299423 -0.5357142857178537 0
6318 11.83055504299423 -0.4285714285753928 0
6319 11.83055504299423 -0.3214285714329319 0
6320 11.83055504299423 -0.2142857142904711 0
6321 11.83055504299423 -0.1071428571480099 0
6322 11.83055504299423 -5.505707001418614e-12 0
6323 11.83055504299423 0.1071428571377047 0
6324 11.83055504299423 0.2142857142809579 0
6325 11.83055504299423 0.3214285714242117 0
6326 11.83055504299423 0.4285714285674649 0
6327 11.83055504299423 0.5357142857107187 0
6328 11.83055504299423 0.6428571428539716 0
6329 11.83055504299423 0.7499999999972253 0
6330 11.83055504299423 0.8571428571404791 0
6331 11.83055504299423 0.9642857142837324 0
6332 11.83055504299423 1.071428571426986 0
6333 11.83055504299423 1.178571428570239 0
6334 11.83055504299423 1.285714285713493 0
6335 11.83055504299423 1.392857142856746 0
6336 12.15548281948074 -1.392857142857539 0
6337 12.15548281948074 -1.285714285715079 0
6338 12.15548281948073 -1.178571428572618 0
6339 12.15548281948074 -1.071428571430157 0
6340 12.15548281948074 -0.9642857142876973 0
6341 12.15548281948074 -0.8571428571452362 0
6342 12.15548281948074 -0.7500000000027759 0
6343 12.15548281948074 -0.6428571428603151 0
6344 12.15548281948074 -0.5357142857178536 0
6345 12.15548281948074 -0.4285714285753928 0
6346 12.15548281948074 -0.3214285714329319 0
6347 12.15548281948074 -0.2142857142904711 0
6348 12.15548281948074 -0.1071428571480099 0
6349 12.15548281948074 -5.505595979116151e-12 0
6350 12.15548281948074 0.107142857137705 0
6351 12.15548281948074 0.2142857142809581 0
6352 12.15548281948074 0.3214285714242118 0
6353 12.15548281948074 0.4285714285674649 0
6354 12.15548281948074 0.5357142857107184 0
6355 12.15548281948074 0.6428571428539717 0
6356 12.15548281948074 0.7499999999972253 0
6357 12.15548281948074 0.8571428571404792 0
6358 12.15548281948074 0.9642857142837323 0
6359 12.15548281948074 1.071428571426986 0
6360 12.15548281948074 1.178571428570239 0
6361 12.15548281948074 1.285714285713493 0
6362 12.15548281948074 1.392857142856746 0
6363 12.48690649967785 -1.392857142857539 0
6364 12.48690649967786 -1.285714285715079 0
6365 12.48690649967786 -1.178571428572618 0
6366 12.48690649967786 -1.071428571430158 0
6367 12.48690649967786 -0.9642857142876965 0
6368 12.48690649967786 -0.8571428571452363 0
6369 12.48690649967785 -0.7500000000027757 0
6370 12.48690649967786 -0.6428571428603151 0
6371 12.48690649967786 -0.535714285717854 0
6372 12.48690649967785 -0.4285714285753929 0
6373 12.48690649967786 -0.3214285714329319 0
6374 12.48690649967785 -0.2142857142904712 0
6375 12.48690649967785 -0.1071428571480099 0
6376 12.48690649967786 -5.505623734691767e-12 0
6377 12.48690649967786 0.1071428571377049 0
6378 12.48690649967785 0.214285714280958 0
6379 12.48690649967786 0.3214285714242116 0
6380 12.48690649967786 0.4285714285674648 0
6381 12.48690649967785 0.5357142857107187 0
6382 12.48690649967786 0.6428571428539717 0
6383 12.48690649967786 0.7499999999972253 0
6384 12.48690649967786 0.8571428571404792 0
6385 12.48690649967786 0.9642857142837326 0
6386 12.48690649967786 1.071428571426986 0
6387 12.48690649967786 1.178571428570239 0
6388 12.48690649967786 1.285714285713493 0
6389 12.48690649967786 1.392857142856746 0
6390 12.8249559490485 -1.392857142857539 0
6391 12.8249559490485 -1.285714285715079 0
6392 12.8249559490485 -1.178571428572618 0
6393 12.8249559490485 -1.071428571430158 0
6394 12.8249559490485 -0.9642857142876966 0
6395 12.8249559490485 -0.8571428571452363 0
6396 12.8249559490485 -0.7500000000027757 0
6397 12.8249559490485 -0.6428571428603149 0
6398 12.8249559490485 -0.5357142857178536 0
6399 12.8249559490485 -0.4285714285753928 0
6400 12.8249559490485 -0.3214285714329319 0
6401 12.8249559490485 -0.214285714290471 0
6402 12.8249559490485 -0.1071428571480099 0
6403 12.8249559490485 -5.505471079025881e-12 0
6404 12.8249559490485 0.107142857137705 0
6405 12.8249559490485 0.2142857142809579 0
6406 12.8249559490485 0.3214285714242116 0
6407 12.8249559490485 0.4285714285674649 0
6408 12.8249559490485 0.5357142857107187 0
6409 12.8249559490485 0.6428571428539718 0
6410 12.8249559490485 0.7499999999972256 0
6411 12.8249559490485 0.8571428571404791 0
6412 12.8249559490485 0.9642857142837324 0
6413 12.8249559490485 1.071428571426986 0
6414 12.8249559490485 1.178571428570239 0
6415 12.8249559490485 1.285714285713493 0
6416 12.8249559490485 1.392857142856746 0
6417 13.16976362935064 -1.39285714285754 0
6418 13.16976362935064 -1.285714285715079 0
6419 13.16976362935064 -1.178571428572618 0
6420 13.16976362935064 -1.071428571430157 0
6421 13.16976362935064 -0.9642857142876967 0
6422 13.16976362935064 -0.8571428571452363 0
6423 13.16976362935064 -0.7500000000027759 0
6424 13.16976362935064 -0.6428571428603149 0
6425 13.16976362935064 -0.5357142857178538 0
6426 13.16976362935064 -0.4285714285753928 0
6427 13.16976362935064 -0.321428571432932 0
6428 13.16976362935064 -0.214285714290471 0
6429 13.16976362935064 -0.10714285714801 0
6430 13.16976362935064 -5.505623734691767e-12 0
6431 13.16976362935064 0.1071428571377049 0
6432 13.16976362935064 0.2142857142809581 0
6433 13.16976362935064 0.3214285714242117 0
6434 13.16976362935063 0.4285714285674649 0
6435 13.16976362935063 0.5357142857107187 0
6436 13.16976362935064 0.6428571428539716 0
6437 13.16976362935064 0.7499999999972254 0
6438 13.16976362935063 0.8571428571404792 0
6439 13.16976362935064 0.9642857142837324 0
6440 13.16976362935064 1.071428571426986 0
6441 13.16976362935064 1.178571428570239 0
6442 13.16976362935064 1.285714285713493 0
6443 13.16976362935064 1.392857142856746 0
6444 13.52146465071738 -1.392857142857539 0
6445 13.52146465071738 -1.285714285715079 0
6446 13.52146465071738 -1.178571428572618 0
6447 13.52146465071738 -1.071428571430157 0
6448 13.52146465071738 -0.9642857142876967 0
6449 13.52146465071738 -0.8571428571452363 0
6450 13.52146465071738 -0.7500000000027757 0
6451 13.52146465071738 -0.6428571428603153 0
6452 13.52146465071738 -0.5357142857178538 0
6453 13.52146465071738 -0.4285714285753929 0
6454 13.52146465071738 -0.3214285714329321 0
6455 13.52146465071738 -0.2142857142904711 0
6456 13.52146465071738 -0.1071428571480099 0
6457 13.52146465071738 -5.505623734691767e-12 0
6458 13.52146465071738 0.1071428571377049 0
6459 13.52146465071738 0.214285714280958 0
6460 13.52146465071738 0.3214285714242118 0
6461 13.52146465071738 0.4285714285674649 0
6462 13.52146465071738 0.5357142857107187 0
6463 13.52146465071738 0.6428571428539717 0
6464 13.52146465071738 0.7499999999972252 0
6465 13.52146465071738 0.8571428571404792 0
6466 13.52146465071738 0.9642857142837326 0
6467 13.52146465071738 1.071428571426986 0
6468 13.52146465071738 1.178571428570239 0
6469 13.52146465071738 1.285714285713493 0
6470 13.52146465071738 1.392857142856746 0
6471 13.88019682176478 -1.392857142857539 0
6472 13.88019682176478 -1.285714285715079 0
6473 13.88019682176478 -1.178571428572618 0
6474 13.88019682176478 -1.071428571430158 0
6475 13.88019682176478 -0.9642857142876967 0
6476 13.88019682176478 -0.8571428571452363 0
6477 13.88019682176478 -0.7500000000027758 0
6478 13.88019682176478 -0.6428571428603151 0
6479 13.88019682176478 -0.5357142857178536 0
6480 13.88019682176478 -0.4285714285753928 0
6481 13.88019682176478 -0.321428571432932 0
6482 13.88019682176478 -0.2142857142904712 0
6483 13.88019682176478 -0.1071428571480101 0
6484 13.88019682176478 -5.50557516243444e-12 0
6485 13.88019682176478 0.1071428571377049 0
6486 13.88019682176478 0.214285714280958 0
6487 13.88019682176478 0.3214285714242117 0
6488 13.88019682176478 0.4285714285674649 0
6489 13.88019682176478 0.5357142857107187 0
6490 13.88019682176478 0.6428571428539716 0
6491 13.88019682176478 0.7499999999972253 0
6492 13.88019682176478 0.8571428571404791 0
6493 13.88019682176478 0.9642857142837323 0
6494 13.88019682176478 1.071428571426986 0
6495 13.88019682176478 1.178571428570239 0
6496 13.88019682176478 1.285714285713493 0
6497 13.88019682176478 1.392857142856746 0
6498 14.24610070774294 -1.392857142857539 0
6499 14.24610070774294 -1.285714285715079 0
6500 14.24610070774294 -1.178571428572618 0
6501 14.24610070774294 -1.071428571430157 0
6502 14.24610070774294 -0.9642857142876966 0
6503 14.24610070774293 -0.8571428571452363 0
6504 14.24610070774294 -0.7500000000027757 0
6505 14.24610070774294 -0.6428571428603149 0
6506 14.24610070774294 -0.535714285717854 0
6507 14.24610070774294 -0.428571428575393 0
6508 14.24610070774293 -0.321428571432932 0
6509 14.24610070774293 -0.214285714290471 0
6510 14.24610070774294 -0.10714285714801 0
6511 14.24610070774294 -5.505609856903959e-12 0
6512 14.24610070774294 0.1071428571377049 0
6513 14.24610070774294 0.2142857142809579 0
6514 14.24610070774294 0.3214285714242117 0
6515 14.24610070774293 0.4285714285674648 0
6516 14.24610070774294 0.5357142857107187 0
6517 14.24610070774294 0.6428571428539716 0
6518 14.24610070774294 0.7499999999972254 0
6519 14.24610070774294 0.8571428571404793 0
6520 14.24610070774294 0.9642857142837324 0
6521 14.24610070774294 1.071428571426986 0
6522 14.24610070774294 1.178571428570239 0
6523 14.24610070774294 1.285714285713493 0
6524 14.24610070774294 1.392857142856746 0
6525 14.61931968707753 -1.392857142857539 0
6526 14.61931968707753 -1.285714285715079 0
6527 14.61931968707753 -1.178571428572618 0
6528 14.61931968707753 -1.071428571430157 0
6529 14.61931968707752 -0.9642857142876966 0
6530 14.61931968707753 -0.8571428571452363 0
6531 14.61931968707753 -0.7500000000027759 0
6532 14.61931968707753 -0.6428571428603149 0
6533 14.61931968707753 -0.5357142857178537 0
6534 14.61931968707753 -0.4285714285753929 0
6535 14.61931968707753 -0.3214285714329319 0
6536 14.61931968707753 -0.2142857142904711 0
6537 14.61931968707753 -0.1071428571480102 0
6538 14.61931968707753 -5.50557516243444e-12 0
6539 14.61931968707753 0.1071428571377048 0
6540 14.61931968707753 0.2142857142809579 0
6541 14.61931968707753 0.3214285714242117 0
6542 14.61931968707753 0.4285714285674649 0
6543 14.61931968707753 0.5357142857107188 0
6544 14.61931968707753 0.6428571428539718 0
6545 14.61931968707753 0.7499999999972253 0
6546 14.61931968707753 0.857142857140479 0
6547 14.61931968707753 0.9642857142837324 0
6548 14.61931968707753 1.071428571426986 0
6549 14.61931968707753 1.178571428570239 0
6550 14.61931968707753 1.285714285713493 0
6551 14.61931968707753 1.392857142856746 0
6552 1.618400973502548 1.588427377930799 0
6553 1.618400973502547 1.694540229733794 0
6554 1.618400973502547 1.821875653444003 0
6555 1.618400973502547 1.974678160528122 0
6556 1.618400973502547 2.158041172128587 0
6557 1.618400973502547 2.378076783889383 0
6558 1.618400973502547 2.642119514462371 0
6559 1.618400973502547 2.958970792591529 0
6560 1.618400973502547 3.339192327129387 0
6561 1.618400973502547 3.795458171220761 0
6562 1.618400973502547 4.342977184073035 0
6563 1.739168999393907 1.588427377930799 0
6564 1.739168999393908 1.694540229733794 0
6565 1.739168999393907 1.821875653444003 0
6566 1.739168999393907 1.974678160528123 0
6567 1.739168999393908 2.158041172128587 0
6568 1.739168999393908 2.378076783889383 0
6569 1.739168999393907 2.642119514462371 0
6570 1.739168999393907 2.958970792591529 0
6571 1.739168999393907 3.339192327129387 0
6572 1.739168999393907 3.79545817122076 0
6573 1.739168999393907 4.342977184073035 0
6574 1.862351400647336 1.588427377930799 0
6575 1.862351400647336 1.694540229733794 0
6576 1.862351400647337 1.821875653444003 0
6577 1.862351400647336 1.974678160528123 0
6578 1.862351400647336 2.158041172128588 0
6579 1.862351400647336 2.378076783889383 0
6580 1.862351400647336 2.642119514462371 0
6581 1.862351400647336 2.958970792591529 0
6582 1.862351400647336 3.339192327129387 0
6583 1.862351400647336 3.79545817122076 0
6584 1.862351400647336 4.342977184073034 0
6585 1.987996444642958 1.588427377930799 0
6586 1.987996444642958 1.694540229733793 0
6587 1.987996444642958 1.821875653444003 0
6588 1.987996444642958 1.974678160528123 0
6589 1.987996444642958 2.158041172128587 0
6590 1.987996444642958 2.378076783889383 0
6591 1.987996444642958 2.642119514462371 0
6592 1.987996444642958 2.95897079259153 0
6593 1.987996444642958 3.339192327129387 0
6594 1.987996444642958 3.79545817122076 0
6595 1.987996444642958 4.342977184073035 0
6596 2.116153365061999 1.588427377930799 0
6597 2.116153365061999 1.694540229733794 0
6598 2.116153365061999 1.821875653444003 0
6599 2.116153365061999 1.974678160528123 0
6600 2.116153365061999 2.158041172128587 0
6601 2.116153365061999 2.378076783889383 0
6602 2.116153365061999 2.642119514462371 0
6603 2.116153365061999 2.958970792591529 0
6604 2.116153365061999 3.339192327129387 0
6605 2.116153365061999 3.79545817122076 0
6606 2.116153365061999 4.342977184073035 0
6607 2.246872378627689 1.588427377930799 0
6608 2.246872378627689 1.694540229733794 0
6609 2.246872378627689 1.821875653444003 0
6610 2.246872378627689 1.974678160528123 0
6611 2.246872378627689 2.158041172128586 0
6612 2.246872378627689 2.378076783889383 0
6613 2.246872378627689 2.642119514462371 0
6614 2.246872378627689 2.958970792591529 0
6615 2.246872378627689 3.339192327129387 0
6616 2.246872378627689 3.79545817122076 0
6617 2.246872378627689 4.342977184073035 0
6618 2.380204704441912 1.588427377930799 0
6619 2.380204704441912 1.694540229733793 0
6620 2.380204704441911 1.821875653444003 0
6621 2.380204704441912 1.974678160528123 0
6622 2.380204704441911 2.158041172128587 0
6623 2.380204704441912 2.378076783889383 0
6624 2.380204704441912 2.64211951446237 0
6625 2.380204704441912 2.958970792591529 0
6626 2.380204704441912 3.339192327129387 0
6627 2.380204704441912 3.79545817122076 0
6628 2.380204704441912 4.342977184073035 0
6629 2.51620258824678 1.588427377930799 0
6630 2.516202588246781 1.694540229733794 0
6631 2.516202588246781 1.821875653444003 0
6632 2.516202588246781 1.974678160528123 0
6633 2.516202588246781 2.158041172128587 0
6634 2.516202588246781 2.378076783889383 0
6635 2.516202588246781 2.642119514462371 0
6636 2.516202588246781 2.958970792591529 0
6637 2.516202588246781 3.339192327129387 0
6638 2.516202588246781 3.795458171220759 0
6639 2.516202588246781 4.342977184073035 0
6640 2.654919319533091 1.588427377930799 0
6641 2.654919319533092 1.694540229733794 0
6642 2.654919319533091 1.821875653444003 0
6643 2.654919319533091 1.974678160528123 0
6644 2.654919319533091 2.158041172128587 0
6645 2.654919319533091 2.378076783889383 0
6646 2.654919319533091 2.642119514462371 0
6647 2.654919319533091 2.958970792591529 0
6648 2.654919319533091 3.339192327129387 0
6649 2.654919319533091 3.79545817122076 0
6650 2.654919319533091 4.342977184073035 0
6651 2.796409253306406 1.5884273779308 0
6652 2.796409253306405 1.694540229733794 0
6653 2.796409253306406 1.821875653444003 0
6654 2.796409253306406 1.974678160528123 0
6655 2.796409253306406 2.158041172128587 0
6656 2.796409253306406 2.378076783889383 0
6657 2.796409253306406 2.642119514462371 0
6658 2.796409253306406 2.958970792591529 0
6659 2.796409253306406 3.339192327129387 0
6660 2.796409253306406 3.79545817122076 0
6661 2.796409253306406 4.342977184073035 0
6662 2.94072783286907 1.588427377930799 0
6663 2.94072783286907 1.694540229733794 0
6664 2.94072783286907 1.821875653444003 0
6665 2.94072783286907 1.974678160528123 0
6666 2.94072783286907 2.158041172128587 0
6667 2.94072783286907 2.378076783889382 0
6668 2.94072783286907 2.642119514462371 0
6669 2.94072783286907 2.958970792591529 0
6670 2.94072783286907 3.339192327129387 0
6671 2.94072783286907 3.795458171220761 0
6672 2.94072783286907 4.342977184073035 0
6673 3.087931607355669 1.588427377930799 0
6674 3.087931607355667 1.694540229733794 0
6675 3.087931607355667 1.821875653444003 0
6676 3.087931607355667 1.974678160528123 0
6677 3.087931607355667 2.158041172128587 0
6678 3.087931607355668 2.378076783889383 0
6679 3.087931607355667 2.642119514462371 0
6680 3.087931607355667 2.958970792591529 0
6681 3.087931607355667 3.339192327129387 0
6682 3.087931607355667 3.79545817122076 0
6683 3.087931607355667 4.342977184073035 0
6684 3.238078256070264 1.5884273779308 0
6685 3.238078256070263 1.694540229733794 0
6686 3.238078256070263 1.821875653444003 0
6687 3.238078256070264 1.974678160528123 0
6688 3.238078256070263 2.158041172128587 0
6689 3.238078256070263 2.378076783889383 0
6690 3.238078256070263 2.642119514462371 0
6691 3.238078256070263 2.958970792591529 0
6692 3.238078256070263 3.339192327129387 0
6693 3.238078256070263 3.79545817122076 0
6694 3.238078256070263 4.342977184073035 0
6695 3.391226611846231 1.588427377930799 0
6696 3.391226611846232 1.694540229733794 0
6697 3.391226611846232 1.821875653444003 0
6698 3.391226611846232 1.974678160528123 0
6699 3.391226611846232 2.158041172128587 0
6700 3.391226611846232 2.378076783889383 0
6701 3.391226611846232 2.642119514462371 0
6702 3.391226611846233 2.958970792591529 0
6703 3.391226611846232 3.339192327129387 0
6704 3.391226611846232 3.795458171220759 0
6705 3.391226611846232 4.342977184073035 0
6706 3.547436685210008 1.588427377930799 0
6707 3.547436685210007 1.694540229733794 0
6708 3.547436685210007 1.821875653444003 0
6709 3.547436685210007 1.974678160528122 0
6710 3.547436685210007 2.158041172128587 0
6711 3.547436685210007 2.378076783889383 0
6712 3.547436685210007 2.642119514462372 0
6713 3.547436685210007 2.958970792591529 0
6714 3.547436685210007 3.339192327129387 0
6715 3.547436685210007 3.79545817122076 0
6716 3.547436685210007 4.342977184073035 0
6717 3.706769685630867 1.588427377930799 0
6718 3.706769685630867 1.694540229733794 0
6719 3.706769685630867 1.821875653444003 0
6720 3.706769685630868 1.974678160528123 0
6721 3.706769685630867 2.158041172128587 0
6722 3.706769685630866 2.378076783889383 0
6723 3.706769685630867 2.642119514462371 0
6724 3.706769685630867 2.958970792591529 0
6725 3.706769685630867 3.339192327129387 0
6726 3.706769685630867 3.795458171220759 0
6727 3.706769685630867 4.342977184073035 0
6728 3.869288045462229 1.588427377930799 0
6729 3.869288045462229 1.694540229733794 0
6730 3.869288045462229 1.821875653444003 0
6731 3.869288045462229 1.974678160528123 0
6732 3.869288045462228 2.158041172128587 0
6733 3.869288045462229 2.378076783889383 0
6734 3.869288045462229 2.642119514462371 0
6735 3.869288045462228 2.958970792591529 0
6736 3.869288045462229 3.339192327129388 0
6737 3.869288045462229 3.79545817122076 0
6738 3.869288045462229 4.342977184073035 0
6739 4.035055447075561 1.588427377930799 0
6740 4.03505544707556 1.694540229733794 0
6741 4.03505544707556 1.821875653444003 0
6742 4.03505544707556 1.974678160528123 0
6743 4.03505544707556 2.158041172128586 0
6744 4.03505544707556 2.378076783889383 0
6745 4.03505544707556 2.642119514462371 0
6746 4.03505544707556 2.958970792591529 0
6747 4.03505544707556 3.339192327129387 0
6748 4.03505544707556 3.79545817122076 0
6749 4.03505544707556 4.342977184073035 0
6750 4.204136842867889 1.588427377930799 0
6751 4.204136842867889 1.694540229733794 0
6752 4.204136842867889 1.821875653444003 0
6753 4.204136842867888 1.974678160528123 0
6754 4.204136842867888 2.158041172128587 0
6755 4.204136842867889 2.378076783889383 0
6756 4.204136842867889 2.642119514462372 0
6757 4.204136842867889 2.958970792591529 0
6758 4.204136842867889 3.339192327129387 0
6759 4.204136842867889 3.79545817122076 0
6760 4.204136842867889 4.342977184073035 0
6761 4.376598486167584 1.588427377930799 0
6762 4.376598486167586 1.694540229733794 0
6763 4.376598486167586 1.821875653444003 0
6764 4.376598486167586 1.974678160528123 0
6765 4.376598486167585 2.158041172128587 0
6766 4.376598486167586 2.378076783889383 0
6767 4.376598486167586 2.642119514462371 0
6768 4.376598486167586 2.958970792591529 0
6769 4.376598486167586 3.339192327129387 0
6770 4.376598486167586 3.79545817122076 0
6771 4.376598486167586 4.342977184073035 0
6772 4.552507955467343 1.588427377930799 0
6773 4.552507955467344 1.694540229733794 0
6774 4.552507955467342 1.821875653444003 0
6775 4.552507955467345 1.974678160528123 0
6776 4.552507955467345 2.158041172128587 0
6777 4.552507955467345 2.378076783889383 0
6778 4.552507955467346 2.642119514462371 0
6779 4.552507955467345 2.958970792591529 0
6780 4.552507955467345 3.339192327129387 0
6781 4.552507955467345 3.795458171220759 0
6782 4.552507955467346 4.342977184073035 0
6783 4.731934179347348 1.588427377930799 0
6784 4.731934179347348 1.694540229733794 0
6785 4.731934179347348 1.821875653444003 0
6786 4.731934179347348 1.974678160528123 0
6787 4.731934179347348 2.158041172128587 0
6788 4.731934179347348 2.378076783889383 0
6789 4.731934179347348 2.642119514462371 0
6790 4.731934179347348 2.958970792591529 0
6791 4.731934179347348 3.339192327129387 0
6792 4.731934179347348 3.79545817122076 0
6793 4.731934179347348 4.342977184073035 0
6794 4.914947464740618 1.588427377930799 0
6795 4.914947464740618 1.694540229733794 0
6796 4.914947464740616 1.821875653444003 0
6797 4.914947464740619 1.974678160528123 0
6798 4.914947464740616 2.158041172128587 0
6799 4.914947464740617 2.378076783889383 0
6800 4.914947464740618 2.642119514462371 0
6801 4.914947464740617 2.958970792591529 0
6802 4.914947464740617 3.339192327129387 0
6803 4.914947464740618 3.79545817122076 0
6804 4.914947464740617 4.342977184073035 0
6805 5.101619522048305 1.588427377930799 0
6806 5.101619522048305 1.694540229733795 0
6807 5.101619522048303 1.821875653444003 0
6808 5.101619522048304 1.974678160528123 0
6809 5.101619522048304 2.158041172128587 0
6810 5.101619522048302 2.378076783889383 0
6811 5.101619522048304 2.64211951446237 0
6812 5.101619522048303 2.958970792591529 0
6813 5.101619522048302 3.339192327129387 0
6814 5.101619522048303 3.79545817122076 0
6815 5.101619522048303 4.342977184073035 0
6816 5.292023495494145 1.588427377930799 0
6817 5.292023495494142 1.694540229733794 0
6818 5.292023495494141 1.821875653444003 0
6819 5.292023495494141 1.974678160528123 0
6820 5.292023495494144 2.158041172128587 0
6821 5.292023495494141 2.378076783889383 0
6822 5.292023495494142 2.642119514462371 0
6823 5.292023495494142 2.958970792591529 0
6824 5.292023495494142 3.339192327129387 0
6825 5.292023495494142 3.79545817122076 0
6826 5.292023495494142 4.342977184073035 0
6827 5.48623399453366 1.588427377930799 0
6828 5.486233994533661 1.694540229733794 0
6829 5.486233994533661 1.821875653444003 0
6830 5.486233994533663 1.974678160528122 0
6831 5.486233994533661 2.158041172128587 0
6832 5.486233994533661 2.378076783889383 0
6833 5.486233994533663 2.642119514462371 0
6834 5.486233994533663 2.95897079259153 0
6835 5.486233994533661 3.339192327129387 0
6836 5.486233994533661 3.79545817122076 0
6837 5.486233994533661 4.342977184073035 0
6838 5.68432712061661 1.588427377930799 0
6839 5.684327120616611 1.694540229733794 0
6840 5.684327120616611 1.821875653444003 0
6841 5.684327120616611 1.974678160528123 0
6842 5.684327120616611 2.158041172128587 0
6843 5.68432712061661 2.378076783889383 0
6844 5.684327120616611 2.642119514462371 0
6845 5.684327120616611 2.958970792591529 0
6846 5.684327120616611 3.339192327129387 0
6847 5.684327120616611 3.795458171220761 0
6848 5.684327120616611 4.342977184073035 0
6849 5.886380492844854 1.588427377930799 0
6850 5.886380492844857 1.694540229733794 0
6851 5.886380492844855 1.821875653444003 0
6852 5.886380492844857 1.974678160528123 0
6853 5.886380492844856 2.158041172128587 0
6854 5.886380492844856 2.378076783889383 0
6855 5.886380492844856 2.642119514462371 0
6856 5.886380492844856 2.958970792591529 0
6857 5.886380492844856 3.339192327129387 0
6858 5.886380492844856 3.795458171220759 0
6859 5.886380492844856 4.342977184073035 0
6860 6.092473282908066 1.588427377930799 0
6861 6.092473282908065 1.694540229733794 0
6862 6.092473282908066 1.821875653444003 0
6863 6.092473282908066 1.974678160528123 0
6864 6.092473282908063 2.158041172128587 0
6865 6.092473282908063 2.378076783889383 0
6866 6.092473282908063 2.642119514462371 0
6867 6.092473282908066 2.958970792591529 0
6868 6.092473282908064 3.339192327129387 0
6869 6.092473282908065 3.79545817122076 0
6870 6.092473282908065 4.342977184073035 0
6871 6.302686247310158 1.588427377930799 0
6872 6.302686247310158 1.694540229733794 0
6873 6.302686247310158 1.821875653444003 0
6874 6.302686247310158 1.974678160528123 0
6875 6.302686247310157 2.158041172128586 0
6876 6.302686247310158 2.378076783889383 0
6877 6.302686247310159 2.642119514462371 0
6878 6.302686247310158 2.958970792591529 0
6879 6.302686247310158 3.339192327129387 0
6880 6.302686247310158 3.79545817122076 0
6881 6.302686247310158 4.342977184073035 0
6882 6.517101754853823 1.588427377930799 0
6883 6.517101754853822 1.694540229733794 0
6884 6.517101754853821 1.821875653444003 0
6885 6.517101754853823 1.974678160528123 0
6886 6.517101754853823 2.158041172128586 0
6887 6.517101754853823 2.378076783889383 0
6888 6.517101754853822 2.642119514462371 0
6889 6.517101754853822 2.958970792591529 0
6890 6.517101754853821 3.339192327129387 0
6891 6.517101754853821 3.79545817122076 0
6892 6.517101754853822 4.342977184073035 0
6893 6.73580382319745 1.588427377930799 0
6894 6.73580382319745 1.694540229733794 0
6895 6.73580382319745 1.821875653444003 0
6896 6.735803823197449 1.974678160528123 0
6897 6.735803823197449 2.158041172128587 0
6898 6.735803823197447 2.378076783889383 0
6899 6.735803823197449 2.642119514462371 0
6900 6.735803823197448 2.958970792591529 0
6901 6.73580382319745 3.339192327129387 0
6902 6.735803823197448 3.79545817122076 0
6903 6.73580382319745 4.342977184073035 0
6904 6.958878149069638 1.588427377930799 0
6905 6.958878149069638 1.694540229733794 0
6906 6.95887814906964 1.821875653444003 0
6907 6.958878149069639 1.974678160528123 0
6908 6.958878149069639 2.158041172128586 0
6909 6.958878149069637 2.378076783889383 0
6910 6.958878149069637 2.642119514462371 0
6911 6.958878149069639 2.958970792591529 0
6912 6.958878149069639 3.339192327129387 0
6913 6.958878149069639 3.79545817122076 0
6914 6.958878149069639 4.342977184073035 0
6915 7.186412139355577 1.588427377930799 0
6916 7.186412139355577 1.694540229733794 0
6917 7.186412139355578 1.821875653444003 0
6918 7.186412139355578 1.974678160528123 0
6919 7.186412139355577 2.158041172128586 0
6920 7.186412139355578 2.378076783889383 0
6921 7.186412139355578 2.642119514462372 0
6922 7.186412139355578 2.958970792591529 0
6923 7.186412139355577 3.339192327129387 0
6924 7.186412139355579 3.79545817122076 0
6925 7.186412139355578 4.342977184073035 0
6926 7.418494953831215 1.588427377930799 0
6927 7.418494953831214 1.694540229733794 0
6928 7.418494953831213 1.821875653444003 0
6929 7.418494953831214 1.974678160528123 0
6930 7.418494953831214 2.158041172128587 0
6931 7.418494953831215 2.378076783889383 0
6932 7.418494953831214 2.642119514462371 0
6933 7.418494953831213 2.958970792591529 0
6934 7.418494953831214 3.339192327129387 0
6935 7.418494953831214 3.79545817122076 0
6936 7.418494953831214 4.342977184073035 0
6937 7.655217531331407 1.588427377930799 0
6938 7.655217531331408 1.694540229733794 0
6939 7.655217531331406 1.821875653444003 0
6940 7.655217531331409 1.974678160528123 0
6941 7.65521753133141 2.158041172128587 0
6942 7.655217531331409 2.378076783889383 0
6943 7.655217531331408 2.642119514462371 0
6944 7.655217531331409 2.958970792591529 0
6945 7.655217531331408 3.339192327129387 0
6946 7.655217531331408 3.79545817122076 0
6947 7.655217531331406 4.342977184073035 0
6948 7.896672626939526 1.588427377930799 0
6949 7.896672626939528 1.694540229733794 0
6950 7.896672626939528 1.821875653444003 0
6951 7.896672626939527 1.974678160528123 0
6952 7.896672626939526 2.158041172128587 0
6953 7.896672626939528 2.378076783889383 0
6954 7.896672626939527 2.642119514462371 0
6955 7.896672626939528 2.958970792591529 0
6956 7.896672626939528 3.339192327129387 0
6957 7.896672626939528 3.79545817122076 0
6958 7.896672626939527 4.342977184073035 0
6959 8.142954854978898 1.588427377930799 0
6960 8.142954854978894 1.694540229733794 0
6961 8.142954854978894 1.821875653444003 0
6962 8.142954854978896 1.974678160528123 0
6963 8.142954854978896 2.158041172128587 0
6964 8.142954854978896 2.378076783889383 0
6965 8.142954854978896 2.64211951446237 0
6966 8.142954854978896 2.958970792591529 0
6967 8.142954854978896 3.339192327129387 0
6968 8.142954854978896 3.79545817122076 0
6969 8.142954854978896 4.342977184073035 0
6970 8.394160719385466 1.588427377930799 0
6971 8.394160719385466 1.694540229733794 0
6972 8.394160719385471 1.821875653444003 0
6973 8.394160719385466 1.974678160528123 0
6974 8.394160719385466 2.158041172128587 0
6975 8.394160719385464 2.378076783889383 0
6976 8.394160719385466 2.642119514462371 0
6977 8.394160719385466 2.958970792591529 0
6978 8.394160719385466 3.339192327129387 0
6979 8.394160719385466 3.79545817122076 0
6980 8.394160719385466 4.342977184073035 0
6981 8.650388651406876 1.588427377930799 0
6982 8.650388651406878 1.694540229733794 0
6983 8.650388651406876 1.821875653444003 0
6984 8.650388651406876 1.974678160528123 0
6985 8.650388651406876 2.158041172128587 0
6986 8.650388651406876 2.378076783889383 0
6987 8.650388651406876 2.642119514462371 0
6988 8.650388651406876 2.958970792591529 0
6989 8.650388651406876 3.339192327129387 0
6990 8.650388651406876 3.79545817122076 0
6991 8.650388651406876 4.342977184073035 0
6992 8.911739050927796 1.588427377930799 0
6993 8.911739050927798 1.694540229733794 0
6994 8.911739050927798 1.821875653444003 0
6995 8.9117390509278 1.974678160528123 0
6996 8.9117390509278 2.158041172128587 0
6997 8.9117390509278 2.378076783889383 0
6998 8.911739050927801 2.642119514462371 0
6999 8.9117390509278 2.958970792591529 0
7000 8.911739050927798 3.339192327129387 0
7001 8.9117390509278 3.79545817122076 0
7002 8.9117390509278 4.342977184073035 0
7003 9.178314325340905 1.588427377930799 0
7004 9.178314325340905 1.694540229733794 0
7005 9.178314325340905 1.821875653444003 0
7006 9.178314325340907 1.974678160528123 0
7007 9.178314325340907 2.158041172128587 0
7008 9.178314325340903 2.378076783889383 0
7009 9.178314325340903 2.642119514462371 0
7010 9.178314325340907 2.958970792591529 0
7011 9.178314325340907 3.339192327129388 0
7012 9.178314325340903 3.79545817122076 0
7013 9.178314325340907 4.342977184073035 0
7014 9.450218929988438 1.588427377930799 0
7015 9.450218929988441 1.694540229733794 0
7016 9.450218929988434 1.821875653444003 0
7017 9.450218929988436 1.974678160528123 0
7018 9.450218929988438 2.158041172128587 0
7019 9.450218929988436 2.378076783889383 0
7020 9.450218929988438 2.642119514462371 0
7021 9.450218929988436 2.958970792591529 0
7022 9.450218929988438 3.339192327129387 0
7023 9.450218929988438 3.79545817122076 0
7024 9.450218929988438 4.342977184073035 0
7025 9.727559408231517 1.588427377930799 0
7026 9.727559408231516 1.694540229733794 0
7027 9.727559408231516 1.821875653444003 0
7028 9.727559408231517 1.974678160528123 0
7029 9.727559408231521 2.158041172128587 0
7030 9.727559408231517 2.378076783889383 0
7031 9.727559408231517 2.642119514462371 0
7032 9.727559408231517 2.958970792591529 0
7033 9.727559408231517 3.339192327129387 0
7034 9.727559408231517 3.79545817122076 0
7035 9.727559408231517 4.342977184073035 0
7036 10.01044443310709 1.588427377930799 0
7037 10.01044443310709 1.694540229733794 0
7038 10.01044443310709 1.821875653444003 0
7039 10.01044443310709 1.974678160528123 0
7040 10.01044443310709 2.158041172128587 0
7041 10.01044443310709 2.378076783889383 0
7042 10.01044443310709 2.642119514462371 0
7043 10.01044443310709 2.958970792591529 0
7044 10.01044443310709 3.339192327129387 0
7045 10.01044443310709 3.79545817122076 0
7046 10.01044443310708 4.342977184073035 0
7047 10.29898485070029 1.588427377930799 0
7048 10.29898485070029 1.694540229733794 0
7049 10.29898485070029 1.821875653444003 0
7050 10.29898485070029 1.974678160528123 0
7051 10.29898485070028 2.158041172128587 0
7052 10.29898485070029 2.378076783889383 0
7053 10.29898485070029 2.642119514462371 0
7054 10.29898485070029 2.958970792591529 0
7055 10.29898485070029 3.339192327129387 0
7056 10.29898485070029 3.79545817122076 0
7057 10.29898485070029 4.342977184073035 0
7058 10.59329372122202 1.588427377930799 0
7059 10.59329372122202 1.694540229733794 0
7060 10.59329372122202 1.821875653444003 0
7061 10.59329372122202 1.974678160528123 0
7062 10.59329372122202 2.158041172128587 0
7063 10.59329372122202 2.378076783889383 0
7064 10.59329372122202 2.642119514462371 0
7065 10.59329372122202 2.958970792591529 0
7066 10.59329372122202 3.339192327129387 0
7067 10.59329372122202 3.79545817122076 0
7068 10.59329372122202 4.342977184073035 0
7069 10.89348636773804 1.588427377930799 0
7070 10.89348636773804 1.694540229733794 0
7071 10.89348636773804 1.821875653444003 0
7072 10.89348636773804 1.974678160528123 0
7073 10.89348636773804 2.158041172128587 0
7074 10.89348636773804 2.378076783889383 0
7075 10.89348636773804 2.642119514462371 0
7076 10.89348636773804 2.958970792591529 0
7077 10.89348636773804 3.339192327129387 0
7078 10.89348636773804 3.79545817122076 0
7079 10.89348636773804 4.342977184073035 0
7080 11.19968041883928 1.588427377930799 0
7081 11.19968041883928 1.694540229733794 0
7082 11.19968041883928 1.821875653444003 0
7083 11.19968041883928 1.974678160528123 0
7084 11.19968041883928 2.158041172128587 0
7085 11.19968041883928 2.378076783889383 0
7086 11.19968041883928 2.642119514462371 0
7087 11.19968041883928 2.958970792591529 0
7088 11.19968041883928 3.339192327129387 0
7089 11.19968041883928 3.79545817122076 0
7090 11.19968041883928 4.342977184073035 0
7091 11.51199585107639 1.588427377930799 0
7092 11.51199585107639 1.694540229733794 0
7093 11.5119958510764 1.821875653444003 0
7094 11.51199585107639 1.974678160528123 0
7095 11.51199585107639 2.158041172128586 0
7096 11.51199585107639 2.378076783889383 0
7097 11.51199585107639 2.642119514462371 0
7098 11.51199585107639 2.958970792591529 0
7099 11.51199585107639 3.339192327129387 0
7100 11.51199585107639 3.79545817122076 0
7101 11.51199585107639 4.342977184073035 0
7102 11.83055504299423 1.588427377930799 0
7103 11.83055504299423 1.694540229733794 0
7104 11.83055504299423 1.821875653444003 0
7105 11.83055504299423 1.974678160528123 0
7106 11.83055504299423 2.158041172128587 0
7107 11.83055504299423 2.378076783889383 0
7108 11.83055504299423 2.642119514462371 0
7109 11.83055504299423 2.958970792591529 0
7110 11.83055504299423 3.339192327129387 0
7111 11.83055504299423 3.79545817122076 0
7112 11.83055504299423 4.342977184073035 0
7113 12.15548281948074 1.588427377930799 0
7114 12.15548281948074 1.694540229733794 0
7115 12.15548281948074 1.821875653444003 0
7116 12.15548281948074 1.974678160528123 0
7117 12.15548281948074 2.158041172128587 0
7118 12.15548281948074 2.378076783889383 0
7119 12.15548281948074 2.642119514462371 0
7120 12.15548281948074 2.958970792591529 0
7121 12.15548281948074 3.339192327129387 0
7122 12.15548281948074 3.79545817122076 0
7123 12.15548281948074 4.342977184073035 0
7124 12.48690649967786 1.588427377930799 0
7125 12.48690649967786 1.694540229733794 0
7126 12.48690649967786 1.821875653444003 0
7127 12.48690649967786 1.974678160528123 0
7128 12.48690649967786 2.158041172128587 0
7129 12.48690649967786 2.378076783889382 0
7130 12.48690649967786 2.642119514462371 0
7131 12.48690649967786 2.958970792591529 0
7132 12.48690649967786 3.339192327129387 0
7133 12.48690649967786 3.79545817122076 0
7134 12.48690649967786 4.342977184073035 0
7135 12.8249559490485 1.588427377930799 0
7136 12.8249559490485 1.694540229733794 0
7137 12.8249559490485 1.821875653444003 0
7138 12.8249559490485 1.974678160528123 0
7139 12.8249559490485 2.158041172128587 0
7140 12.8249559490485 2.378076783889383 0
7141 12.8249559490485 2.642119514462371 0
7142 12.8249559490485 2.95897079259153 0
7143 12.8249559490485 3.339192327129387 0
7144 12.8249559490485 3.79545817122076 0
7145 12.8249559490485 4.342977184073035 0
7146 13.16976362935064 1.588427377930799 0
7147 13.16976362935063 1.694540229733794 0
7148 13.16976362935064 1.821875653444003 0
7149 13.16976362935064 1.974678160528123 0
7150 13.16976362935063 2.158041172128587 0
7151 13.16976362935064 2.378076783889383 0
7152 13.16976362935064 2.642119514462371 0
7153 13.16976362935064 2.958970792591529 0
7154 13.16976362935064 3.339192327129387 0
7155 13.16976362935064 3.79545817122076 0
7156 13.16976362935064 4.342977184073035 0
7157 13.52146465071738 1.588427377930799 0
7158 13.52146465071738 1.694540229733794 0
7159 13.52146465071738 1.821875653444003 0
7160 13.52146465071738 1.974678160528123 0
7161 13.52146465071738 2.158041172128587 0
7162 13.52146465071738 2.378076783889383 0
7163 13.52146465071738 2.642119514462371 0
7164 13.52146465071738 2.958970792591529 0
7165 13.52146465071738 3.339192327129387 0
7166 13.52146465071738 3.79545817122076 0
7167 13.52146465071738 4.342977184073035 0
7168 13.88019682176478 1.588427377930799 0
7169 13.88019682176478 1.694540229733794 0
7170 13.88019682176478 1.821875653444003 0
7171 13.88019682176478 1.974678160528123 0
7172 13.88019682176478 2.158041172128587 0
7173 13.88019682176477 2.378076783889383 0
7174 13.88019682176478 2.642119514462371 0
7175 13.88019682176478 2.958970792591529 0
7176 13.88019682176478 3.339192327129387 0
7177 13.88019682176478 3.79545817122076 0
7178 13.88019682176478 4.342977184073035 0
7179 14.24610070774293 1.588427377930799 0
7180 14.24610070774294 1.694540229733794 0
7181 14.24610070774294 1.821875653444003 0
7182 14.24610070774294 1.974678160528123 0
7183 14.24610070774294 2.158041172128586 0
7184 14.24610070774294 2.378076783889383 0
7185 14.24610070774294 2.642119514462371 0
7186 14.24610070774294 2.958970792591529 0
7187 14.24610070774294 3.339192327129387 0
7188 14.24610070774294 3.795458171220761 0
7189 14.24610070774294 4.342977184073035 0
7190 14.61931968707753 1.588427377930799 0
7191 14.61931968707753 1.694540229733794 0
7192 14.61931968707752 1.821875653444003 0
7193 14.61931968707753 1.974678160528123 0
7194 14.61931968707753 2.158041172128587 0
7195 14.61931968707752 2.378076783889383 0
7196 14.61931968707753 2.642119514462371 0
7197 14.61931968707753 2.958970792591529 0
7198 14.61931968707753 3.339192327129387 0
7199 14.61931968707753 3.79545817122076 0
7200 14.61931968707753 4.342977184073035 0
$EndNodes
$Elements
7408
1 1 2 5 1 1 21
2 1 2 5 1 21 22
3 1 2 5 1 22 23
4 1 2 5 1 23 24
5 1 2 5 1 24 25
6 1 2 5 1 25 26
7 1 2 5 1 26 27
8 1 2 5 1 27 28
9 1 2 5 1 28 29
10 1 2 5 1 29 30
11 1 2 5 1 30 31
12 1 2 5 1 31 32
13 1 2 5 1 32 33
14 1 2 5 1 33 34
15 1 2 5 1 34 35
16 1 2 5 1 35 36
17 1 2 5 1 36 37
18 1 2 5 1 37 38
19 1 2 5 1 38 39
20 1 2 5 1 39 40
21 1 2 5 1 40 41
22 1 2 5 1 41 42
23 1 2 5 1 42 43
24 1 2 5 1 43 44
25 1 2 5 1 44 45
26 1 2 5 1 45 46
27 1 2 5 1 46 47
28 1 2 5 1 47 2
29 1 2 5 2 2 48
30 1 2 5 2 48 49
31 1 2 5 2 49 50
32 1 2 5 2 50 51
33 1 2 5 2 51 52
34 1 2 5 2 52 53
35 1 2 5 2 53 54
36 1 2 5 2 54 55
37 1 2 5 2 55 56
38 1 2 5 2 56 57
39 1 2 5 2 57 58
40 1 2 5 2 58 59
41 1 2 5 2 59 60
42 1 2 5 2 60 61
43 1 2 5 2 61 62
44 1 2 5 2 62 63
45 1 2 5 2 63 64
46 1 2 5 2 64 65
47 1 2 5 2 65 66
48 1 2 5 2 66 67
49 1 2 5 2 67 68
50 1 2 5 2 68 69
51 1 2 5 2 69 70
52 1 2 5 2 70 71
53 1 2 5 2 71 72
54 1 2 5 2 72 73
55 1 2 5 2 73 74
56 1 2 5 2 74 3
57 1 2 5 3 3 75
58 1 2 5 3 75 76
59 1 2 5 3 76 77
60 1 2 5 3 77 78
61 1 2 5 3 78 79
62 1 2 5 3 79 80
63 1 2 5 3 80 81
64 1 2 5 3 81 82
65 1 2 5 3 82 83
66 1 2 5 3 83 84
67 1 2 5 3 84 85
68 1 2 5 3 85 86
69 1 2 5 3 86 87
70 1 2 5 3 87 88
71 1 2 5 3 88 89
72 1 2 5 3 89 90
73 1 2 5 3 90 91
74 1 2 5 3 91 92
75 1 2 5 3 92 93
76 1 2 5 3 93 94
77 1 2 5 3 94 95
78 1 2 5 3 95 96
79 1 2 5 3 96 97
80 1 2 5 3 97 98
81 1 2 5 3 98 99
82 1 2 5 3 99 100
83 1 2 5 3 100 101
84 1 2 5 3 101 4
85 1 2 5 4 4 102
86 1 2 5 4 102 103
87 1 2 5 4 103 104
88 1 2 5 4 104 105
89 1 2 5 4 105 106
90 1 2 5 4 106 107
91 1 2 5 4 107 108
92 1 2 5 4 108 109
93 1 2 5 4 109 110
94 1 2 5 4 110 111
95 1 2 5 4 111 112
96 1 2 5 4 112 113
97 1 2 5 4 113 114
98 1 2 5 4 114 115
99 1 2 5 4 115 116
100 1 2 5 4 116 117
101 1 2 5 4 117 118
102 1 2 5 4 118 119
103 1 2 5 4 119 120
104 1 2 5 4 120 121
105 1 2 5 4 121 122
106 1 2 5 4 122 123
107 1 2 5 4 123 124
108 1 2 5 4 124 125
109 1 2 5 4 125 126
110 1 2 5 4 126 127
111 1 2 5 4 127 128
112 1 2 5 4 128 1
113 1 2 3 13 9 325
114 1 2 3 13 325 326
115 1 2 3 13 326 327
116 1 2 3 13 327 328
117 1 2 3 13 328 329
118 1 2 3 13 329 330
119 1 2 3 13 330 331
120 1 2 3 13 331 332
121 1 2 3 13 332 333
122 1 2 3 13 333 334
123 1 2 3 13 334 335
124 1 2 3 13 335 20
125 1 2 2 16 10 358
126 1 2 2 16 358 359
127 1 2 2 16 359 360
128 1 2 2 16 360 361
129 1 2 2 16 361 362
130 1 2 2 16 362 363
131 1 2 2 16 363 364
132 1 2 2 16 364 365
133 1 2 2 16 365 366
134 1 2 2 16 366 367
135 1 2 2 16 367 368
136 1 2 2 16 368 9
137 1 2 2 18 11 380
138 1 2 2 18 380 381
139 1 2 2 18 381 382
140 1 2 2 18 382 383
141 1 2 2 18 383 384
142 1 2 2 18 384 385
143 1 2 2 18 385 386
144 1 2 2 18 386 387
145 1 2 2 18 387 388
146 1 2 2 18 388 389
147 1 2 2 18 389 390
148 1 2 2 18 390 391
149 1 2 2 18 391 392
150 1 2 2 18 392 393
151 1 2 2 18 393 394
152 1 2 2 18 394 395
153 1 2 2 18 395 396
154 1 2 2 18 396 397
155 1 2 2 18 397 398
156 1 2 2 18 398 399
157 1 2 2 18 399 400
158 1 2 2 18 400 401
159 1 2 2 18 401 402
160 1 2 2 18 402 403
161 1 2 2 18 403 404
162 1 2 2 18 404 405
163 1 2 2 18 405 406
164 1 2 2 18 406 10
165 1 2 3 20 13 418
166 1 2 3 20 418 419
167 1 2 3 20 419 420
168 1 2 3 20 420 421
169 1 2 3 20 421 422
170 1 2 3 20 422 423
171 1 2 3 20 423 424
172 1 2 3 20 424 425
173 1 2 3 20 425 426
174 1 2 3 20 426 427
175 1 2 3 20 427 428
176 1 2 3 20 428 12
177 1 2 2 21 12 429
178 1 2 2 21 429 430
179 1 2 2 21 430 431
180 1 2 2 21 431 432
181 1 2 2 21 432 433
182 1 2 2 21 433 434
183 1 2 2 21 434 435
184 1 2 2 21 435 436
185 1 2 2 21 436 437
186 1 2 2 21 437 438
187 1 2 2 21 438 439
188 1 2 2 21 439 11
189 1 2 3 22 20 440
190 1 2 3 22 440 441
191 1 2 3 22 441 442
192 1 2 3 22 442 443
193 1 2 3 22 443 444
194 1 2 3 22 444 445
195 1 2 3 22 445 446
196 1 2 3 22 446 447
197 1 2 3 22 447 448
198 1 2 3 22 448 449
199 1 2 3 22 449 450
200 1 2 3 22 450 451
201 1 2 3 22 451 452
202 1 2 3 22 452 453
203 1 2 3 22 453 454
204 1 2 3 22 454 455
205 1 2 3 22 455 456
206 1 2 3 22 456 457
207 1 2 3 22 457 458
208 1 2 3 22 458 459
209 1 2 3 22 459 460
210 1 2 3 22 460 461
211 1 2 3 22 461 462
212 1 2 3 22 462 463
213 1 2 3 22 463 464
214 1 2 3 22 464 465
215 1 2 3 22 465 466
216 1 2 3 22 466 19
217 1 2 3 25 14 489
218 1 2 3 25 489 490
219 1 2 3 25 490 491
220 1 2 3 25 491 492
221 1 2 3 25 492 493
222 1 2 3 25 493 494
223 1 2 3 25 494 495
224 1 2 3 25 495 496
225 1 2 3 25 496 497
226 1 2 3 25 497 498
227 1 2 3 25 498 499
228 1 2 3 25 499 500
229 1 2 3 25 500 501
230 1 2 3 25 501 502
231 1 2 3 25 502 503
232 1 2 3 25 503 504
233 1 2 3 25 504 505
234 1 2 3 25 505 506
235 1 2 3 25 506 507
236 1 2 3 25 507 508
237 1 2 3 25 508 509
238 1 2 3 25 509 510
239 1 2 3 25 510 511
240 1 2 3 25 511 512
241 1 2 3 25 512 513
242 1 2 3 25 513 514
243 1 2 3 25 514 515
244 1 2 3 25 515 13
245 1 2 3 26 19 516
246 1 2 3 26 516 517
247 1 2 3 26 517 518
248 1 2 3 26 518 519
249 1 2 3 26 519 520
250 1 2 3 26 520 521
251 1 2 3 26 521 522
252 1 2 3 26 522 523
253 1 2 3 26 523 524
254 1 2 3 26 524 525
255 1 2 3 26 525 526
256 1 2 3 26 526 527
257 1 2 3 26 527 528
258 1 2 3 26 528 529
259 1 2 3 26 529 530
260 1 2 3 26 530 531
261 1 2 3 26 531 532
262 1 2 3 26 532 533
263 1 2 3 26 533 534
264 1 2 3 26 534 535
265 1 2 3 26 535 536
266 1 2 3 26 536 537
267 1 2 3 26 537 538
268 1 2 3 26 538 539
269 1 2 3 26 539 540
270 1 2 3 26 540 541
271 1 2 3 26 541 542
272 1 2 3 26 542 543
273 1 2 3 26 543 544
274 1 2 3 26 544 545
275 1 2 3 26 545 546
276 1 2 3 26 546 547
277 1 2 3 26 547 548
278 1 2 3 26 548 549
279 1 2 3 26 549 550
280 1 2 3 26 550 551
281 1 2 3 26 551 552
282 1 2 3 26 552 553
283 1 2 3 26 553 554
284 1 2 3 26 554 555
285 1 2 3 26 555 556
286 1 2 3 26 556 557
287 1 2 3 26 557 558
288 1 2 3 26 558 559
289 1 2 3 26 559 560
290 1 2 3 26 560 561
291 1 2 3 26 561 562
292 1 2 3 26 562 563
293 1 2 3 26 563 564
294 1 2 3 26 564 565
295 1 2 3 26 565 566
296 1 2 3 26 566 567
297 1 2 3 26 567 568
298 1 2 3 26 568 569
299 1 2 3 26 569 570
300 1 2 3 26 570 571
301 1 2 3 26 571 572
302 1 2 3 26 572 573
303 1 2 3 26 573 574
304 1 2 3 26 574 18
305 1 2 4 27 18 575
306 1 2 4 27 575 576
307 1 2 4 27 576 577
308 1 2 4 27 577 578
309 1 2 4 27 578 579
310 1 2 4 27 579 580
311 1 2 4 27 580 581
312 1 2 4 27 581 582
313 1 2 4 27 582 583
314 1 2 4 27 583 584
315 1 2 4 27 584 585
316 1 2 4 27 585 17
317 1 2 4 29 17 645
318 1 2 4 29 645 646
319 1 2 4 29 646 647
320 1 2 4 29 647 648
321 1 2 4 29 648 649
322 1 2 4 29 649 650
323 1 2 4 29 650 651
324 1 2 4 29 651 652
325 1 2 4 29 652 653
326 1 2 4 29 653 654
327 1 2 4 29 654 655
328 1 2 4 29 655 656
329 1 2 4 29 656 657
330 1 2 4 29 657 658
331 1 2 4 29 658 659
332 1 2 4 29 659 660
333 1 2 4 29 660 661
334 1 2 4 29 661 662
335 1 2 4 29 662 663
336 1 2 4 29 663 664
337 1 2 4 29 664 665
338 1 2 4 29 665 666
339 1 2 4 29 666 667
340 1 2 4 29 667 668
341 1 2 4 29 668 669
342 1 2 4 29 669 670
343 1 2 4 29 670 671
344 1 2 4 29 671 16
345 1 2 4 31 16 731
346 1 2 4 31 731 732
347 1 2 4 31 732 733
348 1 2 4 31 733 734
349 1 2 4 31 734 735
350 1 2 4 31 735 736
351 1 2 4 31 736 737
352 1 2 4 31 737 738
353 1 2 4 31 738 739
354 1 2 4 31 739 740
355 1 2 4 31 740 741
356 1 2 4 31 741 15
357 1 2 3 32 15 742
358 1 2 3 32 742 743
359 1 2 3 32 743 744
360 1 2 3 32 744 745
361 1 2 3 32 745 746
362 1 2 3 32 746 747
363 1 2 3 32 747 748
364 1 2 3 32 748 749
365 1 2 3 32 749 750
366 1 2 3 32 750 751
367 1 2 3 32 751 752
368 1 2 3 32 752 753
369 1 2 3 32 753 754
370 1 2 3 32 754 755
371 1 2 3 32 755 756
372 1 2 3 32 756 757
373 1 2 3 32 757 758
374 1 2 3 32 758 759
375 1 2 3 32 759 760
376 1 2 3 32 760 761
377 1 2 3 32 761 762
378 1 2 3 32 762 763
379 1 2 3 32 763 764
380 1 2 3 32 764 765
381 1 2 3 32 765 766
382 1 2 3 32 766 767
383 1 2 3 32 767 768
384 1 2 3 32 768 769
385 1 2 3 32 769 770
386 1 2 3 32 770 771
387 1 2 3 32 771 772
388 1 2 3 32 772 773
389 1 2 3 32 773 774
390 1 2 3 32 774 775
391 1 2 3 32 775 776
392 1 2 3 32 776 777
393 1 2 3 32 777 778
394 1 2 3 32 778 779
395 1 2 3 32 779 780
396 1 2 3 32 780 781
397 1 2 3 32 781 782
398 1 2 3 32 782 783
399 1 2 3 32 783 784
400 1 2 3 32 784 785
401 1 2 3 32 785 786
402 1 2 3 32 786 787
403 1 2 3 32 787 788
404 1 2 3 32 788 789
405 1 2 3 32 789 790
406 1 2 3 32 790 791
407 1 2 3 32 791 792
408 1 2 3 32 792 793
409 1 2 3 32 793 794
410 1 2 3 32 794 795
411 1 2 3 32 795 796
412 1 2 3 32 796 797
413 1 2 3 32 797 798
414 1 2 3 32 798 799
415 1 2 3 32 799 800
416 1 2 3 32 800 14
417 3 2 1 1 1 21 801 129
418 3 2 1 1 129 801 802 130
419 3 2 1 1 130 802 803 131
420 3 2 1 1 131 803 804 132
421 3 2 1 1 132 804 805 133
422 3 2 1 1 133 805 806 134
423 3 2 1 1 134 806 807 135
424 3 2 1 1 135 807 808 136
425 3 2 1 1 136 808 809 137
426 3 2 1 1 137 809 810 138
427 3 2 1 1 138 810 811 139
428 3 2 1 1 139 811 812 140
429 3 2 1 1 140 812 813 141
430 3 2 1 1 141 813 814 142
431 3 2 1 1 142 814 815 143
432 3 2 1 1 143 815 816 144
433 3 2 1 1 144 816 817 145
434 3 2 1 1 145 817 818 146
435 3 2 1 1 146 818 819 147
436 3 2 1 1 147 819 820 148
437 3 2 1 1 148 820 821 149
438 3 2 1 1 149 821 822 150
439 3 2 1 1 150 822 217 5
440 3 2 1 1 21 22 823 801
441 3 2 1 1 801 823 824 802
442 3 2 1 1 802 824 825 803
443 3 2 1 1 803 825 826 804
444 3 2 1 1 804 826 827 805
445 3 2 1 1 805 827 828 806
446 3 2 1 1 806 828 829 807
447 3 2 1 1 807 829 830 808
448 3 2 1 1 808 830 831 809
449 3 2 1 1 809 831 832 810
450 3 2 1 1 810 832 833 811
451 3 2 1 1 811 833 834 812
452 3 2 1 1 812 834 835 813
453 3 2 1 1 813 835 836 814
454 3 2 1 1 814 836 837 815
455 3 2 1 1 815 837 838 816
456 3 2 1 1 816 838 839 817
457 3 2 1 1 817 839 840 818
458 3 2 1 1 818 840 841 819
459 3 2 1 1 819 841 842 820
460 3 2 1 1 820 842 843 821
461 3 2 1 1 821 843 844 822
462 3 2 1 1 822 844 218 217
463 3 2 1 1 22 23 845 823
464 3 2 1 1 823 845 846 824
465 3 2 1 1 824 846 847 825
466 3 2 1 1 825 847 848 826
467 3 2 1 1 826 848 849 827
468 3 2 1 1 827 849 850 828
469 3 2 1 1 828 850 851 829
470 3 2 1 1 829 851 852 830
471 3 2 1 1 830 852 853 831
472 3 2 1 1 831 853 854 832
473 3 2 1 1 832 854 855 833
474 3 2 1 1 833 855 856 834
475 3 2 1 1 834 856 857 835
476 3 2 1 1 835 857 858 836
477 3 2 1 1 836 858 859 837
478 3 2 1 1 837 859 860 838
479 3 2 1 1 838 860 861 839
480 3 2 1 1 839 861 862 840
481 3 2 1 1 840 862 863 841
482 3 2 1 1 841 863 864 842
483 3 2 1 1 842 864 865 843
484 3 2 1 1 843 865 866 844
485 3 2 1 1 844 866 219 218
486 3 2 1 1 23 24 867 845
487 3 2 1 1 845 867 868 846
488 3 2 1 1 846 868 869 847
489 3 2 1 1 847 869 870 848
490 3 2 1 1 848 870 871 849
491 3 2 1 1 849 871 872 850
492 3 2 1 1 850 872 873 851
493 3 2 1 1 851 873 874 852
494 3 2 1 1 852 874 875 853
495 3 2 1 1 853 875 876 854
496 3 2 1 1 854 876 877 855
497 3 2 1 1 855 877 878 856
498 3 2 1 1 856 878 879 857
499 3 2 1 1 857 879 880 858
500 3 2 1 1 858 880 881 859
501 3 2 1 1 859 881 882 860
502 3 2 1 1 860 882 883 861
503 3 2 1 1 861 883 884 862
504 3 2 1 1 862 884 885 863
505 3 2 1 1 863 885 886 864
506 3 2 1 1 864 886 887 865
507 3 2 1 1 865 887 888 866
508 3 2 1 1 866 888 220 219
509 3 2 1 1 24 25 889 867
510 3 2 1 1 867 889 890 868
511 3 2 1 1 868 890 891 869
512 3 2 1 1 869 891 892 870
513 3 2 1 1 870 892 893 871
514 3 2 1 1 871 893 894 872
515 3 2 1 1 872 894 895 873
516 3 2 1 1 873 895 896 874
517 3 2 1 1 874 896 897 875
518 3 2 1 1 875 897 898 876
519 3 2 1 1 876 898 899 877
520 3 2 1 1 877 899 900 878
521 3 2 1 1 878 900 901 879
522 3 2 1 1 879 901 902 880
523 3 2 1 1 880 902 903 881
524 3 2 1 1 881 903 904 882
525 3 2 1 1 882 904 905 883
526 3 2 1 1 883 905 906 884
527 3 2 1 1 884 906 907 885
528 3 2 1 1 885 907 908 886
529 3 2 1 1 886 908 909 887
530 3 2 1 1 887 909 910 888
531 3 2 1 1 888 910 221 220
532 3 2 1 1 25 26 911 889
533 3 2 1 1 889 911 912 890
534 3 2 1 1 890 912 913 891
535 3 2 1 1 891 913 914 892
536 3 2 1 1 892 914 915 893
537 3 2 1 1 893 915 916 894
538 3 2 1 1 894 916 917 895
539 3 2 1 1 895 917 918 896
540 3 2 1 1 896 918 919 897
541 3 2 1 1 897 919 920 898
542 3 2 1 1 898 920 921 899
543 3 2 1 1 899 921 922 900
544 3 2 1 1 900 922 923 901
545 3 2 1 1 901 923 924 902
546 3 2 1 1 902 924 925 903
547 3 2 1 1 903 925 926 904
548 3 2 1 1 904 926 927 905
549 3 2 1 1 905 927 928 906
550 3 2 1 1 906 928 929 907
551 3 2 1 1 907 929 930 908
552 3 2 1 1 908 930 931 909
553 3 2 1 1 909 931 932 910
554 3 2 1 1 910 932 222 221
555 3 2 1 1 26 27 933 911
556 3 2 1 1 911 933 934 912
557 3 2 1 1 912 934 935 913
558 3 2 1 1 913 935 936 914
559 3 2 1 1 914 936 937 915
560 3 2 1 1 915 937 938 916
561 3 2 1 1 916 938 939 917
562 3 2 1 1 917 939 940 918
563 3 2 1 1 918 940 941 919
564 3 2 1 1 919 941 942 920
565 3 2 1 1 920 942 943 921
566 3 2 1 1 921 943 944 922
567 3 2 1 1 922 944 945 923
568 3 2 1 1 923 945 946 924
569 3 2 1 1 924 946 947 925
570 3 2 1 1 925 947 948 926
571 3 2 1 1 926 948 949 927
572 3 2 1 1 927 949 950 928
573 3 2 1 1 928 950 951 929
574 3 2 1 1 929 951 952 930
575 3 2 1 1 930 952 953 931
576 3 2 1 1 931 953 954 932
577 3 2 1 1 932 954 223 222
578 3 2 1 1 27 28 955 933
579 3 2 1 1 933 955 956 934
580 3 2 1 1 934 956 957 935
581 3 2 1 1 935 957 958 936
582 3 2 1 1 936 958 959 937
583 3 2 1 1 937 959 960 938
584 3 2 1 1 938 960 961 939
585 3 2 1 1 939 961 962 940
586 3 2 1 1 940 962 963 941
587 3 2 1 1 941 963 964 942
588 3 2 1 1 942 964 965 943
589 3 2 1 1 943 965 966 944
590 3 2 1 1 944 966 967 945
591 3 2 1 1 945 967 968 946
592 3 2 1 1 946 968 969 947
593 3 2 1 1 947 969 970 948
594 3 2 1 1 948 970 971 949
595 3 2 1 1 949 971 972 950
596 3 2 1 1 950 972 973 951
597 3 2 1 1 951 973 974 952
598 3 2 1 1 952 974 975 953
599 3 2 1 1 953 975 976 954
600 3 2 1 1 954 976 224 223
601 3 2 1 1 28 29 977 955
602 3 2 1 1 955 977 978 956
603 3 2 1 1 956 978 979 957
604 3 2 1 1 957 979 980 958
605 3 2 1 1 958 980 981 959
606 3 2 1 1 959 981 982 960
607 3 2 1 1 960 982 983 961
608 3 2 1 1 961 983 984 962
609 3 2 1 1 962 984 985 963
610 3 2 1 1 963 985 986 964
611 3 2 1 1 964 986 987 965
612 3 2 1 1 965 987 988 966
613 3 2 1 1 966 988 989 967
614 3 2 1 1 967 989 990 968
615 3 2 1 1 968 990 991 969
616 3 2 1 1 969 991 992 970
617 3 2 1 1 970 992 993 971
618 3 2 1 1 971 993 994 972
619 3 2 1 1 972 994 995 973
620 3 2 1 1 973 995 996 974
621 3 2 1 1 974 996 997 975
622 3 2 1 1 975 997 998 976
623 3 2 1 1 976 998 225 224
624 3 2 1 1 29 30 999 977
625 3 2 1 1 977 999 1000 978
626 3 2 1 1 978 1000 1001 979
627 3 2 1 1 979 1001 1002 980
628 3 2 1 1 980 1002 1003 981
629 3 2 1 1 981 1003 1004 982
630 3 2 1 1 982 1004 1005 983
631 3 2 1 1 983 1005 1006 984
632 3 2 1 1 984 1006 1007 985
633 3 2 1 1 985 1007 1008 986
634 3 2 1 1 986 1008 1009 987
635 3 2 1 1 987 1009 1010 988
636 3 2 1 1 988 1010 1011 989
637 3 2 1 1 989 1011 1012 990
638 3 2 1 1 990 1012 1013 991
639 3 2 1 1 991 1013 1014 992
640 3 2 1 1 992 1014 1015 993
641 3 2 1 1 993 1015 1016 994
642 3 2 1 1 994 1016 1017 995
643 3 2 1 1 995 1017 1018 996
644 3 2 1 1 996 1018 1019 997
645 3 2 1 1 997 1019 1020 998
646 3 2 1 1 998 1020 226 225
647 3 2 1 1 30 31 1021 999
648 3 2 1 1 999 1021 1022 1000
649 3 2 1 1 1000 1022 1023 1001
650 3 2 1 1 1001 1023 1024 1002
651 3 2 1 1 1002 1024 1025 1003
652 3 2 1 1 1003 1025 1026 1004
653 3 2 1 1 1004 1026 1027 1005
654 3 2 1 1 1005 1027 1028 1006
655 3 2 1 1 1006 1028 1029 1007
656 3 2 1 1 1007 1029 1030 1008
657 3 2 1 1 1008 1030 1031 1009
658 3 2 1 1 1009 1031 1032 1010
659 3 2 1 1 1010 1032 1033 1011
660 3 2 1 1 1011 1033 1034 1012
661 3 2 1 1 1012 1034 1035 1013
662 3 2 1 1 1013 1035 1036 1014
663 3 2 1 1 1014 1036 1037 1015
664 3 2 1 1 1015 1037 1038 1016
665 3 2 1 1 1016 1038 1039 1017
666 3 2 1 1 1017 1039 1040 1018
667 3 2 1 1 1018 1040 1041 1019
668 3 2 1 1 1019 1041 1042 1020
669 3 2 1 1 1020 1042 227 226
670 3 2 1 1 31 32 1043 1021
671 3 2 1 1 1021 1043 1044 1022
672 3 2 1 1 1022 1044 1045 1023
673 3 2 1 1 1023 1045 1046 1024
674 3 2 1 1 1024 1046 1047 1025
675 3 2 1 1 1025 1047 1048 1026
676 3 2 1 1 1026 1048 1049 1027
677 3 2 1 1 1027 1049 1050 1028
678 3 2 1 1 1028 1050 1051 1029
679 3 2 1 1 1029 1051 1052 1030
680 3 2 1 1 1030 1052 1053 1031
681 3 2 1 1 1031 1053 1054 1032
682 3 2 1 1 1032 1054 1055 1033
683 3 2 1 1 1033 1055 1056 1034
684 3 2 1 1 1034 1056 1057 1035
685 3 2 1 1 1035 1057 1058 1036
686 3 2 1 1 1036 1058 1059 1037
687 3 2 1 1 1037 1059 1060 1038
688 3 2 1 1 1038 1060 1061 1039
689 3 2 1 1 1039 1061 1062 1040
690 3 2 1 1 1040 1062 1063 1041
691 3 2 1 1 1041 1063 1064 1042
692 3 2 1 1 1042 1064 228 227
693 3 2 1 1 32 33 1065 1043
694 3 2 1 1 1043 1065 1066 1044
695 3 2 1 1 1044 1066 1067 1045
696 3 2 1 1 1045 1067 1068 1046
697 3 2 1 1 1046 1068 1069 1047
698 3 2 1 1 1047 1069 1070 1048
699 3 2 1 1 1048 1070 1071 1049
700 3 2 1 1 1049 1071 1072 1050
701 3 2 1 1 1050 1072 1073 1051
702 3 2 1 1 1051 1073 1074 1052
703 3 2 1 1 1052 1074 1075 1053
704 3 2 1 1 1053 1075 1076 1054
705 3 2 1 1 1054 1076 1077 1055
706 3 2 1 1 1055 1077 1078 1056
707 3 2 1 1 1056 1078 1079 1057
708 3 2 1 1 1057 1079 1080 1058
709 3 2 1 1 1058 1080 1081 1059
710 3 2 1 1 1059 1081 1082 1060
711 3 2 1 1 1060 1082 1083 1061
712 3 2 1 1 1061 1083 1084 1062
713 3 2 1 1 1062 1084 1085 1063
714 3 2 1 1 1063 1085 1086 1064
715 3 2 1 1 1064 1086 229 228
716 3 2 1 1 33 34 1087 1065
717 3 2 1 1 1065 1087 1088 1066
718 3 2 1 1 1066 1088 1089 1067
719 3 2 1 1 1067 1089 1090 1068
720 3 2 1 1 1068 1090 1091 1069
721 3 2 1 1 1069 1091 1092 1070
722 3 2 1 1 1070 1092 1093 1071
723 3 2 1 1 1071 1093 1094 1072
724 3 2 1 1 1072 1094 1095 1073
725 3 2 1 1 1073 1095 1096 1074
726 3 2 1 1 1074 1096 1097 1075
727 3 2 1 1 1075 1097 1098 1076
728 3 2 1 1 1076 1098 1099 1077
729 3 2 1 1 1077 1099 1100 1078
730 3 2 1 1 1078 1100 1101 1079
731 3 2 1 1 1079 1101 1102 1080
732 3 2 1 1 1080 1102 1103 1081
733 3 2 1 1 1081 1103 1104 1082
734 3 2 1 1 1082 1104 1105 1083
735 3 2 1 1 1083 1105 1106 1084
736 3 2 1 1 1084 1106 1107 1085
737 3 2 1 1 1085 1107 1108 1086
738 3 2 1 1 1086 1108 230 229
739 3 2 1 1 34 35 1109 1087
740 3 2 1 1 1087 1109 1110 1088
741 3 2 1 1 1088 1110 1111 1089
742 3 2 1 1 1089 1111 1112 1090
743 3 2 1 1 1090 1112 1113 1091
744 3 2 1 1 1091 1113 1114 1092
745 3 2 1 1 1092 1114 1115 1093
746 3 2 1 1 1093 1115 1116 1094
747 3 2 1 1 1094 1116 1117 1095
748 3 2 1 1 1095 1117 1118 1096
749 3 2 1 1 1096 1118 1119 1097
750 3 2 1 1 1097 1119 1120 1098
751 3 2 1 1 1098 1120 1121 1099
752 3 2 1 1 1099 1121 1122 1100
753 3 2 1 1 1100 1122 1123 1101
754 3 2 1 1 1101 1123 1124 1102
755 3 2 1 1 1102 1124 1125 1103
756 3 2 1 1 1103 1125 1126 1104
757 3 2 1 1 1104 1126 1127 1105
758 3 2 1 1 1105 1127 1128 1106
759 3 2 1 1 1106 1128 1129 1107
760 3 2 1 1 1107 1129 1130 1108
761 3 2 1 1 1108 1130 231 230
762 3 2 1 1 35 36 1131 1109
763 3 2 1 1 1109 1131 1132 1110
764 3 2 1 1 1110 1132 1133 1111
765 3 2 1 1 1111 1133 1134 1112
766 3 2 1 1 1112 1134 1135 1113
767 3 2 1 1 1113 1135 1136 1114
768 3 2 1 1 1114 1136 1137 1115
769 3 2 1 1 1115 1137 1138 1116
770 3 2 1 1 1116 1138 1139 1117
771 3 2 1 1 1117 1139 1140 1118
772 3 2 1 1 1118 1140 1141 1119
773 3 2 1 1 1119 1141 1142 1120
774 3 2 1 1 1120 1142 1143 1121
775 3 2 1 1 1121 1143 1144 1122
776 3 2 1 1 1122 1144 1145 1123
777 3 2 1 1 1123 1145 1146 1124
778 3 2 1 1 1124 1146 1147 1125
779 3 2 1 1 1125 1147 1148 1126
780 3 2 1 1 1126 1148 1149 1127
781 3 2 1 1 1127 1149 1150 1128
782 3 2 1 1 1128 1150 1151 1129
783 3 2 1 1 1129 1151 1152 1130
784 3 2 1 1 1130 1152 232 231
785 3 2 1 1 36 37 1153 1131
786 3 2 1 1 1131 1153 1154 1132
787 3 2 1 1 1132 1154 1155 1133
788 3 2 1 1 1133 1155 1156 1134
789 3 2 1 1 1134 1156 1157 1135
790 3 2 1 1 1135 1157 1158 1136
791 3 2 1 1 1136 1158 1159 1137
792 3 2 1 1 1137 1159 1160 1138
793 3 2 1 1 1138 1160 1161 1139
794 3 2 1 1 1139 1161 1162 1140
795 3 2 1 1 1140 1162 1163 1141
796 3 2 1 1 1141 1163 1164 1142
797 3 2 1 1 1142 1164 1165 1143
798 3 2 1 1 1143 1165 1166 1144
799 3 2 1 1 1144 1166 1167 1145
800 3 2 1 1 1145 1167 1168 1146
801 3 2 1 1 1146 1168 1169 1147
802 3 2 1 1 1147 1169 1170 1148
803 3 2 1 1 1148 1170 1171 1149
804 3 2 1 1 1149 1171 1172 1150
805 3 2 1 1 1150 1172 1173 1151
806 3 2 1 1 1151 1173 1174 1152
807 3 2 1 1 1152 1174 233 232
808 3 2 1 1 37 38 1175 1153
809 3 2 1 1 1153 1175 1176 1154
810 3 2 1 1 1154 1176 1177 1155
811 3 2 1 1 1155 1177 1178 1156
812 3 2 1 1 1156 1178 1179 1157
813 3 2 1 1 1157 1179 1180 1158
814 3 2 1 1 1158 1180 1181 1159
815 3 2 1 1 1159 1181 1182 1160
816 3 2 1 1 1160 1182 1183 1161
817 3 2 1 1 1161 1183 1184 1162
818 3 2 1 1 1162 1184 1185 1163
819 3 2 1 1 1163 1185 1186 1164
820 3 2 1 1 1164 1186 1187 1165
821 3 2 1 1 1165 1187 1188 1166
822 3 2 1 1 1166 1188 1189 1167
823 3 2 1 1 1167 1189 1190 1168
824 3 2 1 1 1168 1190 1191 1169
825 3 2 1 1 1169 1191 1192 1170
826 3 2 1 1 1170 1192 1193 1171
827 3 2 1 1 1171 1193 1194 1172
828 3 2 1 1 1172 1194 1195 1173
829 3 2 1 1 1173 1195 1196 1174
830 3 2 1 1 1174 1196 234 233
831 3 2 1 1 38 39 1197 1175
832 3 2 1 1 1175 1197 1198 1176
833 3 2 1 1 1176 1198 1199 1177
834 3 2 1 1 1177 1199 1200 1178
835 3 2 1 1 1178 1200 1201 1179
836 3 2 1 1 1179 1201 1202 1180
837 3 2 1 1 1180 1202 1203 1181
838 3 2 1 1 1181 1203 1204 1182
839 3 2 1 1 1182 1204 1205 1183
840 3 2 1 1 1183 1205 1206 1184
841 3 2 1 1 1184 1206 1207 1185
842 3 2 1 1 1185 1207 1208 1186
843 3 2 1 1 1186 1208 1209 1187
844 3 2 1 1 1187 1209 1210 1188
845 3 2 1 1 1188 1210 1211 1189
846 3 2 1 1 1189 1211 1212 1190
847 3 2 1 1 1190 1212 1213 1191
848 3 2 1 1 1191 1213 1214 1192
849 3 2 1 1 1192 1214 1215 1193
850 3 2 1 1 1193 1215 1216 1194
851 3 2 1 1 1194 1216 1217 1195
852 3 2 1 1 1195 1217 1218 1196
853 3 2 1 1 1196 1218 235 234
854 3 2 1 1 39 40 1219 1197
855 3 2 1 1 1197 1219 1220 1198
856 3 2 1 1 1198 1220 1221 1199
857 3 2 1 1 1199 1221 1222 1200
858 3 2 1 1 1200 1222 1223 1201
859 3 2 1 1 1201 1223 1224 1202
860 3 2 1 1 1202 1224 1225 1203
861 3 2 1 1 1203 1225 1226 1204
862 3 2 1 1 1204 1226 1227 1205
863 3 2 1 1 1205 1227 1228 1206
864 3 2 1 1 1206 1228 1229 1207
865 3 2 1 1 1207 1229 1230 1208
866 3 2 1 1 1208 1230 1231 1209
867 3 2 1 1 1209 1231 1232 1210
868 3 2 1 1 1210 1232 1233 1211
869 3 2 1 1 1211 1233 1234 1212
870 3 2 1 1 1212 1234 1235 1213
871 3 2 1 1 1213 1235 1236 1214
872 3 2 1 1 1214 1236 1237 1215
873 3 2 1 1 1215 1237 1238 1216
874 3 2 1 1 1216 1238 1239 1217
875 3 2 1 1 1217 1239 1240 1218
876 3 2 1 1 1218 1240 236 235
877 3 2 1 1 40 41 1241 1219
878 3 2 1 1 1219 1241 1242 1220
879 3 2 1 1 1220 1242 1243 1221
880 3 2 1 1 1221 1243 1244 1222
881 3 2 1 1 1222 1244 1245 1223
882 3 2 1 1 1223 1245 1246 1224
883 3 2 1 1 1224 1246 1247 1225
884 3 2 1 1 1225 1247 1248 1226
885 3 2 1 1 1226 1248 1249 1227
886 3 2 1 1 1227 1249 1250 1228
887 3 2 1 1 1228 1250 1251 1229
888 3 2 1 1 1229 1251 1252 1230
889 3 2 1 1 1230 1252 1253 1231
890 3 2 1 1 1231 1253 1254 1232
891 3 2 1 1 1232 1254 1255 1233
892 3 2 1 1 1233 1255 1256 1234
893 3 2 1 1 1234 1256 1257 1235
894 3 2 1 1 1235 1257 1258 1236
895 3 2 1 1 1236 1258 1259 1237
896 3 2 1 1 1237 1259 1260 1238
897 3 2 1 1 1238 1260 1261 1239
898 3 2 1 1 1239 1261 1262 1240
899 3 2 1 1 1240 1262 237 236
900 3 2 1 1 41 42 1263 1241
901 3 2 1 1 1241 1263 1264 1242
902 3 2 1 1 1242 1264 1265 1243
903 3 2 1 1 1243 1265 1266 1244
904 3 2 1 1 1244 1266 1267 1245
905 3 2 1 1 1245 1267 1268 1246
906 3 2 1 1 1246 1268 1269 1247
907 3 2 1 1 1247 1269 1270 1248
908 3 2 1 1 1248 1270 1271 1249
909 3 2 1 1 1249 1271 1272 1250
910 3 2 1 1 1250 1272 1273 1251
911 3 2 1 1 1251 1273 1274 1252
912 3 2 1 1 1252 1274 1275 1253
913 3 2 1 1 1253 1275 1276 1254
914 3 2 1 1 1254 1276 1277 1255
915 3 2 1 1 1255 1277 1278 1256
916 3 2 1 1 1256 1278 1279 1257
917 3 2 1 1 1257 1279 1280 1258
918 3 2 1 1 1258 1280 1281 1259
919 3 2 1 1 1259 1281 1282 1260
920 3 2 1 1 1260 1282 1283 1261
921 3 2 1 1 1261 1283 1284 1262
922 3 2 1 1 1262 1284 238 237
923 3 2 1 1 42 43 1285 1263
924 3 2 1 1 1263 1285 1286 1264
925 3 2 1 1 1264 1286 1287 1265
926 3 2 1 1 1265 1287 1288 1266
927 3 2 1 1 1266 1288 1289 1267
928 3 2 1 1 1267 1289 1290 1268
929 3 2 1 1 1268 1290 1291 1269
930 3 2 1 1 1269 1291 1292 1270
931 3 2 1 1 1270 1292 1293 1271
932 3 2 1 1 1271 1293 1294 1272
933 3 2 1 1 1272 1294 1295 1273
934 3 2 1 1 1273 1295 1296 1274
935 3 2 1 1 1274 1296 1297 1275
936 3 2 1 1 1275 1297 1298 1276
937 3 2 1 1 1276 1298 1299 1277
938 3 2 1 1 1277 1299 1300 1278
939 3 2 1 1 1278 1300 1301 1279
940 3 2 1 1 1279 1301 1302 1280
941 3 2 1 1 1280 1302 1303 1281
942 3 2 1 1 1281 1303 1304 1282
943 3 2 1 1 1282 1304 1305 1283
944 3 2 1 1 1283 1305 1306 1284
945 3 2 1 1 1284 1306 239 238
946 3 2 1 1 43 44 1307 1285
947 3 2 1 1 1285 1307 1308 1286
948 3 2 1 1 1286 1308 1309 1287
949 3 2 1 1 1287 1309 1310 1288
950 3 2 1 1 1288 1310 1311 1289
951 3 2 1 1 1289 1311 1312 1290
952 3 2 1 1 1290 1312 1313 1291
953 3 2 1 1 1291 1313 1314 1292
954 3 2 1 1 1292 1314 1315 1293
955 3 2 1 1 1293 1315 1316 1294
956 3 2 1 1 1294 1316 1317 1295
957 3 2 1 1 1295 1317 1318 1296
958 3 2 1 1 1296 1318 1319 1297
959 3 2 1 1 1297 1319 1320 1298
960 3 2 1 1 1298 1320 1321 1299
961 3 2 1 1 1299 1321 1322 1300
962 3 2 1 1 1300 1322 1323 1301
963 3 2 1 1 1301 1323 1324 1302
964 3 2 1 1 1302 1324 1325 1303
965 3 2 1 1 1303 1325 1326 1304
966 3 2 1 1 1304 1326 1327 1305
967 3 2 1 1 1305 1327 1328 1306
968 3 2 1 1 1306 1328 240 239
969 3 2 1 1 44 45 1329 1307
970 3 2 1 1 1307 1329 1330 1308
971 3 2 1 1 1308 1330 1331 1309
972 3 2 1 1 1309 1331 1332 1310
973 3 2 1 1 1310 1332 1333 1311
974 3 2 1 1 1311 1333 1334 1312
975 3 2 1 1 1312 1334 1335 1313
976 3 2 1 1 1313 1335 1336 1314
977 3 2 1 1 1314 1336 1337 1315
978 3 2 1 1 1315 1337 1338 1316
979 3 2 1 1 1316 1338 1339 1317
980 3 2 1 1 1317 1339 1340 1318
981 3 2 1 1 1318 1340 1341 1319
982 3 2 1 1 1319 1341 1342 1320
983 3 2 1 1 1320 1342 1343 1321
984 3 2 1 1 1321 1343 1344 1322
985 3 2 1 1 1322 1344 1345 1323
986 3 2 1 1 1323 1345 1346 1324
987 3 2 1 1 1324 1346 1347 1325
988 3 2 1 1 1325 1347 1348 1326
989 3 2 1 1 1326 1348 1349 1327
990 3 2 1 1 1327 1349 1350 1328
991 3 2 1 1 1328 1350 241 240
992 3 2 1 1 45 46 1351 1329
993 3 2 1 1 1329 1351 1352 1330
994 3 2 1 1 1330 1352 1353 1331
995 3 2 1 1 1331 1353 1354 1332
996 3 2 1 1 1332 1354 1355 1333
997 3 2 1 1 1333 1355 1356 1334
998 3 2 1 1 1334 1356 1357 1335
999 3 2 1 1 1335 1357 1358 1336
1000 3 2 1 1 1336 1358 1359 1337
1001 3 2 1 1 1337 1359 1360 1338
1002 3 2 1 1 1338 1360 1361 1339
1003 3 2 1 1 1339 1361 1362 1340
1004 3 2 1 1 1340 1362 1363 1341
1005 3 2 1 1 1341 1363 1364 1342
1006 3 2 1 1 1342 1364 1365 1343
1007 3 2 1 1 1343 1365 1366 1344
1008 3 2 1 1 1344 1366 1367 1345
1009 3 2 1 1 1345 1367 1368 1346
1010 3 2 1 1 1346 1368 1369 1347
1011 3 2 1 1 1347 1369 1370 1348
1012 3 2 1 1 1348 1370 1371 1349
1013 3 2 1 1 1349 1371 1372 1350
1014 3 2 1 1 1350 1372 242 241
1015 3 2 1 1 46 47 1373 1351
1016 3 2 1 1 1351 1373 1374 1352
1017 3 2 1 1 1352 1374 1375 1353
1018 3 2 1 1 1353 1375 1376 1354
1019 3 2 1 1 1354 1376 1377 1355
1020 3 2 1 1 1355 1377 1378 1356
1021 3 2 1 1 1356 1378 1379 1357
1022 3 2 1 1 1357 1379 1380 1358
1023 3 2 1 1 1358 1380 1381 1359
1024 3 2 1 1 1359 1381 1382 1360
1025 3 2 1 1 1360 1382 1383 1361
1026 3 2 1 1 1361 1383 1384 1362
1027 3 2 1 1 1362 1384 1385 1363
1028 3 2 1 1 1363 1385 1386 1364
1029 3 2 1 1 1364 1386 1387 1365
1030 3 2 1 1 1365 1387 1388 1366
1031 3 2 1 1 1366 1388 1389 1367
1032 3 2 1 1 1367 1389 1390 1368
1033 3 2 1 1 1368 1390 1391 1369
1034 3 2 1 1 1369 1391 1392 1370
1035 3 2 1 1 1370 1392 1393 1371
1036 3 2 1 1 1371 1393 1394 1372
1037 3 2 1 1 1372 1394 243 242
1038 3 2 1 1 47 2 151 1373
1039 3 2 1 1 1373 151 152 1374
1040 3 2 1 1 1374 152 153 1375
1041 3 2 1 1 1375 153 154 1376
1042 3 2 1 1 1376 154 155 1377
1043 3 2 1 1 1377 155 156 1378
1044 3 2 1 1 1378 156 157 1379
1045 3 2 1 1 1379 157 158 1380
1046 3 2 1 1 1380 158 159 1381
1047 3 2 1 1 1381 159 160 1382
1048 3 2 1 1 1382 160 161 1383
1049 3 2 1 1 1383 161 162 1384
1050 3 2 1 1 1384 162 163 1385
1051 3 2 1 1 1385 163 164 1386
1052 3 2 1 1 1386 164 165 1387
1053 3 2 1 1 1387 165 166 1388
1054 3 2 1 1 1388 166 167 1389
1055 3 2 1 1 1389 167 168 1390
1056 3 2 1 1 1390 168 169 1391
1057 3 2 1 1 1391 169 170 1392
1058 3 2 1 1 1392 170 171 1393
1059 3 2 1 1 1393 171 172 1394
1060 3 2 1 1 1394 172 6 243
1061 3 2 1 2 2 48 1395 151
1062 3 2 1 2 151 1395 1396 152
1063 3 2 1 2 152 1396 1397 153
1064 3 2 1 2 153 1397 1398 154
1065 3 2 1 2 154 1398 1399 155
1066 3 2 1 2 155 1399 1400 156
1067 3 2 1 2 156 1400 1401 157
1068 3 2 1 2 157 1401 1402 158
1069 3 2 1 2 158 1402 1403 159
1070 3 2 1 2 159 1403 1404 160
1071 3 2 1 2 160 1404 1405 161
1072 3 2 1 2 161 1405 1406 162
1073 3 2 1 2 162 1406 1407 163
1074 3 2 1 2 163 1407 1408 164
1075 3 2 1 2 164 1408 1409 165
1076 3 2 1 2 165 1409 1410 166
1077 3 2 1 2 166 1410 1411 167
1078 3 2 1 2 167 1411 1412 168
1079 3 2 1 2 168 1412 1413 169
1080 3 2 1 2 169 1413 1414 170
1081 3 2 1 2 170 1414 1415 171
1082 3 2 1 2 171 1415 1416 172
1083 3 2 1 2 172 1416 244 6
1084 3 2 1 2 48 49 1417 1395
1085 3 2 1 2 1395 1417 1418 1396
1086 3 2 1 2 1396 1418 1419 1397
1087 3 2 1 2 1397 1419 1420 1398
1088 3 2 1 2 1398 1420 1421 1399
1089 3 2 1 2 1399 1421 1422 1400
1090 3 2 1 2 1400 1422 1423 1401
1091 3 2 1 2 1401 1423 1424 1402
1092 3 2 1 2 1402 1424 1425 1403
1093 3 2 1 2 1403 1425 1426 1404
1094 3 2 1 2 1404 1426 1427 1405
1095 3 2 1 2 1405 1427 1428 1406
1096 3 2 1 2 1406 1428 1429 1407
1097 3 2 1 2 1407 1429 1430 1408
1098 3 2 1 2 1408 1430 1431 1409
1099 3 2 1 2 1409 1431 1432 1410
1100 3 2 1 2 1410 1432 1433 1411
1101 3 2 1 2 1411 1433 1434 1412
1102 3 2 1 2 1412 1434 1435 1413
1103 3 2 1 2 1413 1435 1436 1414
1104 3 2 1 2 1414 1436 1437 1415
1105 3 2 1 2 1415 1437 1438 1416
1106 3 2 1 2 1416 1438 245 244
1107 3 2 1 2 49 50 1439 1417
1108 3 2 1 2 1417 1439 1440 1418
1109 3 2 1 2 1418 1440 1441 1419
1110 3 2 1 2 1419 1441 1442 1420
1111 3 2 1 2 1420 1442 1443 1421
1112 3 2 1 2 1421 1443 1444 1422
1113 3 2 1 2 1422 1444 1445 1423
1114 3 2 1 2 1423 1445 1446 1424
1115 3 2 1 2 1424 1446 1447 1425
1116 3 2 1 2 1425 1447 1448 1426
1117 3 2 1 2 1426 1448 1449 1427
1118 3 2 1 2 1427 1449 1450 1428
1119 3 2 1 2 1428 1450 1451 1429
1120 3 2 1 2 1429 1451 1452 1430
1121 3 2 1 2 1430 1452 1453 1431
1122 3 2 1 2 1431 1453 1454 1432
1123 3 2 1 2 1432 1454 1455 1433
1124 3 2 1 2 1433 1455 1456 1434
1125 3 2 1 2 1434 1456 1457 1435
1126 3 2 1 2 1435 1457 1458 1436
1127 3 2 1 2 1436 1458 1459 1437
1128 3 2 1 2 1437 1459 1460 1438
1129 3 2 1 2 1438 1460 246 245
1130 3 2 1 2 50 51 1461 1439
1131 3 2 1 2 1439 1461 1462 1440
1132 3 2 1 2 1440 1462 1463 1441
1133 3 2 1 2 1441 1463 1464 1442
1134 3 2 1 2 1442 1464 1465 1443
1135 3 2 1 2 1443 1465 1466 1444
1136 3 2 1 2 1444 1466 1467 1445
1137 3 2 1 2 1445 1467 1468 1446
1138 3 2 1 2 1446 1468 1469 1447
1139 3 2 1 2 1447 1469 1470 1448
1140 3 2 1 2 1448 1470 1471 1449
1141 3 2 1 2 1449 1471 1472 1450
1142 3 2 1 2 1450 1472 1473 1451
1143 3 2 1 2 1451 1473 1474 1452
1144 3 2 1 2 1452 1474 1475 1453
1145 3 2 1 2 1453 1475 1476 1454
1146 3 2 1 2 1454 1476 1477 1455
1147 3 2 1 2 1455 1477 1478 1456
1148 3 2 1 2 1456 1478 1479 1457
1149 3 2 1 2 1457 1479 1480 1458
1150 3 2 1 2 1458 1480 1481 1459
1151 3 2 1 2 1459 1481 1482 1460
1152 3 2 1 2 1460 1482 247 246
1153 3 2 1 2 51 52 1483 1461
1154 3 2 1 2 1461 1483 1484 1462
1155 3 2 1 2 1462 1484 1485 1463
1156 3 2 1 2 1463 1485 1486 1464
1157 3 2 1 2 1464 1486 1487 1465
1158 3 2 1 2 1465 1487 1488 1466
1159 3 2 1 2 1466 1488 1489 1467
1160 3 2 1 2 1467 1489 1490 1468
1161 3 2 1 2 1468 1490 1491 1469
1162 3 2 1 2 1469 1491 1492 1470
1163 3 2 1 2 1470 1492 1493 1471
1164 3 2 1 2 1471 1493 1494 1472
1165 3 2 1 2 1472 1494 1495 1473
1166 3 2 1 2 1473 1495 1496 1474
1167 3 2 1 2 1474 1496 1497 1475
1168 3 2 1 2 1475 1497 1498 1476
1169 3 2 1 2 1476 1498 1499 1477
1170 3 2 1 2 1477 1499 1500 1478
1171 3 2 1 2 1478 1500 1501 1479
1172 3 2 1 2 1479 1501 1502 1480
1173 3 2 1 2 1480 1502 1503 1481
1174 3 2 1 2 1481 1503 1504 1482
1175 3 2 1 2 1482 1504 248 247
1176 3 2 1 2 52 53 1505 1483
1177 3 2 1 2 1483 1505 1506 1484
1178 3 2 1 2 1484 1506 1507 1485
1179 3 2 1 2 1485 1507 1508 1486
1180 3 2 1 2 1486 1508 1509 1487
1181 3 2 1 2 1487 1509 1510 1488
1182 3 2 1 2 1488 1510 1511 1489
1183 3 2 1 2 1489 1511 1512 1490
1184 3 2 1 2 1490 1512 1513 1491
1185 3 2 1 2 1491 1513 1514 1492
1186 3 2 1 2 1492 1514 1515 1493
1187 3 2 1 2 1493 1515 1516 1494
1188 3 2 1 2 1494 1516 1517 1495
1189 3 2 1 2 1495 1517 1518 1496
1190 3 2 1 2 1496 1518 1519 1497
1191 3 2 1 2 1497 1519 1520 1498
1192 3 2 1 2 1498 1520 1521 1499
1193 3 2 1 2 1499 1521 1522 1500
1194 3 2 1 2 1500 1522 1523 1501
1195 3 2 1 2 1501 1523 1524 1502
1196 3 2 1 2 1502 1524 1525 1503
1197 3 2 1 2 1503 1525 1526 1504
1198 3 2 1 2 1504 1526 249 248
1199 3 2 1 2 53 54 1527 1505
1200 3 2 1 2 1505 1527 1528 1506
1201 3 2 1 2 1506 1528 1529 1507
1202 3 2 1 2 1507 1529 1530 1508
1203 3 2 1 2 1508 1530 1531 1509
1204 3 2 1 2 1509 1531 1532 1510
1205 3 2 1 2 1510 1532 1533 1511
1206 3 2 1 2 1511 1533 1534 1512
1207 3 2 1 2 1512 1534 1535 1513
1208 3 2 1 2 1513 1535 1536 1514
1209 3 2 1 2 1514 1536 1537 1515
1210 3 2 1 2 1515 1537 1538 1516
1211 3 2 1 2 1516 1538 1539 1517
1212 3 2 1 2 1517 1539 1540 1518
1213 3 2 1 2 1518 1540 1541 1519
1214 3 2 1 2 1519 1541 1542 1520
1215 3 2 1 2 1520 1542 1543 1521
1216 3 2 1 2 1521 1543 1544 1522
1217 3 2 1 2 1522 1544 1545 1523
1218 3 2 1 2 1523 1545 1546 1524
1219 3 2 1 2 1524 1546 1547 1525
1220 3 2 1 2 1525 1547 1548 1526
1221 3 2 1 2 1526 1548 250 249
1222 3 2 1 2 54 55 1549 1527
1223 3 2 1 2 1527 1549 1550 1528
1224 3 2 1 2 1528 1550 1551 1529
1225 3 2 1 2 1529 1551 1552 1530
1226 3 2 1 2 1530 1552 1553 1531
1227 3 2 1 2 1531 1553 1554 1532
1228 3 2 1 2 1532 1554 1555 1533
1229 3 2 1 2 1533 1555 1556 1534
1230 3 2 1 2 1534 1556 1557 1535
1231 3 2 1 2 1535 1557 1558 1536
1232 3 2 1 2 1536 1558 1559 1537
1233 3 2 1 2 1537 1559 1560 1538
1234 3 2 1 2 1538 1560 1561 1539
1235 3 2 1 2 1539 1561 1562 1540
1236 3 2 1 2 1540 1562 1563 1541
1237 3 2 1 2 1541 1563 1564 1542
1238 3 2 1 2 1542 1564 1565 1543
1239 3 2 1 2 1543 1565 1566 1544
1240 3 2 1 2 1544 1566 1567 1545
1241 3 2 1 2 1545 1567 1568 1546
1242 3 2 1 2 1546 1568 1569 1547
1243 3 2 1 2 1547 1569 1570 1548
1244 3 2 1 2 1548 1570 251 250
1245 3 2 1 2 55 56 1571 1549
1246 3 2 1 2 1549 1571 1572 1550
1247 3 2 1 2 1550 1572 1573 1551
1248 3 2 1 2 1551 1573 1574 1552
1249 3 2 1 2 1552 1574 1575 1553
1250 3 2 1 2 1553 1575 1576 1554
1251 3 2 1 2 1554 1576 1577 1555
1252 3 2 1 2 1555 1577 1578 1556
1253 3 2 1 2 1556 1578 1579 1557
1254 3 2 1 2 1557 1579 1580 1558
1255 3 2 1 2 1558 1580 1581 1559
1256 3 2 1 2 1559 1581 1582 1560
1257 3 2 1 2 1560 1582 1583 1561
1258 3 2 1 2 1561 1583 1584 1562
1259 3 2 1 2 1562 1584 1585 1563
1260 3 2 1 2 1563 1585 1586 1564
1261 3 2 1 2 1564 1586 1587 1565
1262 3 2 1 2 1565 1587 1588 1566
1263 3 2 1 2 1566 1588 1589 1567
1264 3 2 1 2 1567 1589 1590 1568
1265 3 2 1 2 1568 1590 1591 1569
1266 3 2 1 2 1569 1591 1592 1570
1267 3 2 1 2 1570 1592 252 251
1268 3 2 1 2 56 57 1593 1571
1269 3 2 1 2 1571 1593 1594 1572
1270 3 2 1 2 1572 1594 1595 1573
1271 3 2 1 2 1573 1595 1596 1574
1272 3 2 1 2 1574 1596 1597 1575
1273 3 2 1 2 1575 1597 1598 1576
1274 3 2 1 2 1576 1598 1599 1577
1275 3 2 1 2 1577 1599 1600 1578
1276 3 2 1 2 1578 1600 1601 1579
1277 3 2 1 2 1579 1601 1602 1580
1278 3 2 1 2 1580 1602 1603 1581
1279 3 2 1 2 1581 1603 1604 1582
1280 3 2 1 2 1582 1604 1605 1583
1281 3 2 1 2 1583 1605 1606 1584
1282 3 2 1 2 1584 1606 1607 1585
1283 3 2 1 2 1585 1607 1608 1586
1284 3 2 1 2 1586 1608 1609 1587
1285 3 2 1 2 1587 1609 1610 1588
1286 3 2 1 2 1588 1610 1611 1589
1287 3 2 1 2 1589 1611 1612 1590
1288 3 2 1 2 1590 1612 1613 1591
1289 3 2 1 2 1591 1613 1614 1592
1290 3 2 1 2 1592 1614 253 252
1291 3 2 1 2 57 58 1615 1593
1292 3 2 1 2 1593 1615 1616 1594
1293 3 2 1 2 1594 1616 1617 1595
1294 3 2 1 2 1595 1617 1618 1596
1295 3 2 1 2 1596 1618 1619 1597
1296 3 2 1 2 1597 1619 1620 1598
1297 3 2 1 2 1598 1620 1621 1599
1298 3 2 1 2 1599 1621 1622 1600
1299 3 2 1 2 1600 1622 1623 1601
1300 3 2 1 2 1601 1623 1624 1602
1301 3 2 1 2 1602 1624 1625 1603
1302 3 2 1 2 1603 1625 1626 1604
1303 3 2 1 2 1604 1626 1627 1605
1304 3 2 1 2 1605 1627 1628 1606
1305 3 2 1 2 1606 1628 1629 1607
1306 3 2 1 2 1607 1629 1630 1608
1307 3 2 1 2 1608 1630 1631 1609
1308 3 2 1 2 1609 1631 1632 1610
1309 3 2 1 2 1610 1632 1633 1611
1310 3 2 1 2 1611 1633 1634 1612
1311 3 2 1 2 1612 1634 1635 1613
1312 3 2 1 2 1613 1635 1636 1614
1313 3 2 1 2 1614 1636 254 253
1314 3 2 1 2 58 59 1637 1615
1315 3 2 1 2 1615 1637 1638 1616
1316 3 2 1 2 1616 1638 1639 1617
1317 3 2 1 2 1617 1639 1640 1618
1318 3 2 1 2 1618 1640 1641 1619
1319 3 2 1 2 1619 1641 1642 1620
1320 3 2 1 2 1620 1642 1643 1621
1321 3 2 1 2 1621 1643 1644 1622
1322 3 2 1 2 1622 1644 1645 1623
1323 3 2 1 2 1623 1645 1646 1624
1324 3 2 1 2 1624 1646 1647 1625
1325 3 2 1 2 1625 1647 1648 1626
1326 3 2 1 2 1626 1648 1649 1627
1327 3 2 1 2 1627 1649 1650 1628
1328 3 2 1 2 1628 1650 1651 1629
1329 3 2 1 2 1629 1651 1652 1630
1330 3 2 1 2 1630 1652 1653 1631
1331 3 2 1 2 1631 1653 1654 1632
1332 3 2 1 2 1632 1654 1655 1633
1333 3 2 1 2 1633 1655 1656 1634
1334 3 2 1 2 1634 1656 1657 1635
1335 3 2 1 2 1635 1657 1658 1636
1336 3 2 1 2 1636 1658 255 254
1337 3 2 1 2 59 60 1659 1637
1338 3 2 1 2 1637 1659 1660 1638
1339 3 2 1 2 1638 1660 1661 1639
1340 3 2 1 2 1639 1661 1662 1640
1341 3 2 1 2 1640 1662 1663 1641
1342 3 2 1 2 1641 1663 1664 1642
1343 3 2 1 2 1642 1664 1665 1643
1344 3 2 1 2 1643 1665 1666 1644
1345 3 2 1 2 1644 1666 1667 1645
1346 3 2 1 2 1645 1667 1668 1646
1347 3 2 1 2 1646 1668 1669 1647
1348 3 2 1 2 1647 1669 1670 1648
1349 3 2 1 2 1648 1670 1671 1649
1350 3 2 1 2 1649 1671 1672 1650
1351 3 2 1 2 1650 1672 1673 1651
1352 3 2 1 2 1651 1673 1674 1652
1353 3 2 1 2 1652 1674 1675 1653
1354 3 2 1 2 1653 1675 1676 1654
1355 3 2 1 2 1654 1676 1677 1655
1356 3 2 1 2 1655 1677 1678 1656
1357 3 2 1 2 1656 1678 1679 1657
1358 3 2 1 2 1657 1679 1680 1658
1359 3 2 1 2 1658 1680 256 255
1360 3 2 1 2 60 61 1681 1659
1361 3 2 1 2 1659 1681 1682 1660
1362 3 2 1 2 1660 1682 1683 1661
1363 3 2 1 2 1661 1683 1684 1662
1364 3 2 1 2 1662 1684 1685 1663
1365 3 2 1 2 1663 1685 1686 1664
1366 3 2 1 2 1664 1686 1687 1665
1367 3 2 1 2 1665 1687 1688 1666
1368 3 2 1 2 1666 1688 1689 1667
1369 3 2 1 2 1667 1689 1690 1668
1370 3 2 1 2 1668 1690 1691 1669
1371 3 2 1 2 1669 1691 1692 1670
1372 3 2 1 2 1670 1692 1693 1671
1373 3 2 1 2 1671 1693 1694 1672
1374 3 2 1 2 1672 1694 1695 1673
1375 3 2 1 2 1673 1695 1696 1674
1376 3 2 1 2 1674 1696 1697 1675
1377 3 2 1 2 1675 1697 1698 1676
1378 3 2 1 2 1676 1698 1699 1677
1379 3 2 1 2 1677 1699 1700 1678
1380 3 2 1 2 1678 1700 1701 1679
1381 3 2 1 2 1679 1701 1702 1680
1382 3 2 1 2 1680 1702 257 256
1383 3 2 1 2 61 62 1703 1681
1384 3 2 1 2 1681 1703 1704 1682
1385 3 2 1 2 1682 1704 1705 1683
1386 3 2 1 2 1683 1705 1706 1684
1387 3 2 1 2 1684 1706 1707 1685
1388 3 2 1 2 1685 1707 1708 1686
1389 3 2 1 2 1686 1708 1709 1687
1390 3 2 1 2 1687 1709 1710 1688
1391 3 2 1 2 1688 1710 1711 1689
1392 3 2 1 2 1689 1711 1712 1690
1393 3 2 1 2 1690 1712 1713 1691
1394 3 2 1 2 1691 1713 1714 1692
1395 3 2 1 2 1692 1714 1715 1693
1396 3 2 1 2 1693 1715 1716 1694
1397 3 2 1 2 1694 1716 1717 1695
1398 3 2 1 2 1695 1717 1718 1696
1399 3 2 1 2 1696 1718 1719 1697
1400 3 2 1 2 1697 1719 1720 1698
1401 3 2 1 2 1698 1720 1721 1699
1402 3 2 1 2 1699 1721 1722 1700
1403 3 2 1 2 1700 1722 1723 1701
1404 3 2 1 2 1701 1723 1724 1702
1405 3 2 1 2 1702 1724 258 257
1406 3 2 1 2 62 63 1725 1703
1407 3 2 1 2 1703 1725 1726 1704
1408 3 2 1 2 1704 1726 1727 1705
1409 3 2 1 2 1705 1727 1728 1706
1410 3 2 1 2 1706 1728 1729 1707
1411 3 2 1 2 1707 1729 1730 1708
1412 3 2 1 2 1708 1730 1731 1709
1413 3 2 1 2 1709 1731 1732 1710
1414 3 2 1 2 1710 1732 1733 1711
1415 3 2 1 2 1711 1733 1734 1712
1416 3 2 1 2 1712 1734 1735 1713
1417 3 2 1 2 1713 1735 1736 1714
1418 3 2 1 2 1714 1736 1737 1715
1419 3 2 1 2 1715 1737 1738 1716
1420 3 2 1 2 1716 1738 1739 1717
1421 3 2 1 2 1717 1739 1740 1718
1422 3 2 1 2 1718 1740 1741 1719
1423 3 2 1 2 1719 1741 1742 1720
1424 3 2 1 2 1720 1742 1743 1721
1425 3 2 1 2 1721 1743 1744 1722
1426 3 2 1 2 1722 1744 1745 1723
1427 3 2 1 2 1723 1745 1746 1724
1428 3 2 1 2 1724 1746 259 258
1429 3 2 1 2 63 64 1747 1725
1430 3 2 1 2 1725 1747 1748 1726
1431 3 2 1 2 1726 1748 1749 1727
1432 3 2 1 2 1727 1749 1750 1728
1433 3 2 1 2 1728 1750 1751 1729
1434 3 2 1 2 1729 1751 1752 1730
1435 3 2 1 2 1730 1752 1753 1731
1436 3 2 1 2 1731 1753 1754 1732
1437 3 2 1 2 1732 1754 1755 1733
1438 3 2 1 2 1733 1755 1756 1734
1439 3 2 1 2 1734 1756 1757 1735
1440 3 2 1 2 1735 1757 1758 1736
1441 3 2 1 2 1736 1758 1759 1737
1442 3 2 1 2 1737 1759 1760 1738
1443 3 2 1 2 1738 1760 1761 1739
1444 3 2 1 2 1739 1761 1762 1740
1445 3 2 1 2 1740 1762 1763 1741
1446 3 2 1 2 1741 1763 1764 1742
1447 3 2 1 2 1742 1764 1765 1743
1448 3 2 1 2 1743 1765 1766 1744
1449 3 2 1 2 1744 1766 1767 1745
1450 3 2 1 2 1745 1767 1768 1746
1451 3 2 1 2 1746 1768 260 259
1452 3 2 1 2 64 65 1769 1747
1453 3 2 1 2 1747 1769 1770 1748
1454 3 2 1 2 1748 1770 1771 1749
1455 3 2 1 2 1749 1771 1772 1750
1456 3 2 1 2 1750 1772 1773 1751
1457 3 2 1 2 1751 1773 1774 1752
1458 3 2 1 2 1752 1774 1775 1753
1459 3 2 1 2 1753 1775 1776 1754
1460 3 2 1 2 1754 1776 1777 1755
1461 3 2 1 2 1755 1777 1778 1756
1462 3 2 1 2 1756 1778 1779 1757
1463 3 2 1 2 1757 1779 1780 1758
1464 3 2 1 2 1758 1780 1781 1759
1465 3 2 1 2 1759 1781 1782 1760
1466 3 2 1 2 1760 1782 1783 1761
1467 3 2 1 2 1761 1783 1784 1762
1468 3 2 1 2 1762 1784 1785 1763
1469 3 2 1 2 1763 1785 1786 1764
1470 3 2 1 2 1764 1786 1787 1765
1471 3 2 1 2 1765 1787 1788 1766
1472 3 2 1 2 1766 1788 1789 1767
1473 3 2 1 2 1767 1789 1790 1768
1474 3 2 1 2 1768 1790 261 260
1475 3 2 1 2 65 66 1791 1769
1476 3 2 1 2 1769 1791 1792 1770
1477 3 2 1 2 1770 1792 1793 1771
1478 3 2 1 2 1771 1793 1794 1772
1479 3 2 1 2 1772 1794 1795 1773
1480 3 2 1 2 1773 1795 1796 1774
1481 3 2 1 2 1774 1796 1797 1775
1482 3 2 1 2 1775 1797 1798 1776
1483 3 2 1 2 1776 1798 1799 1777
1484 3 2 1 2 1777 1799 1800 1778
1485 3 2 1 2 1778 1800 1801 1779
1486 3 2 1 2 1779 1801 1802 1780
1487 3 2 1 2 1780 1802 1803 1781
1488 3 2 1 2 1781 1803 1804 1782
1489 3 2 1 2 1782 1804 1805 1783
1490 3 2 1 2 1783 1805 1806 1784
1491 3 2 1 2 1784 1806 1807 1785
1492 3 2 1 2 1785 1807 1808 1786
1493 3 2 1 2 1786 1808 1809 1787
1494 3 2 1 2 1787 1809 1810 1788
1495 3 2 1 2 1788 1810 1811 1789
1496 3 2 1 2 1789 1811 1812 1790
1497 3 2 1 2 1790 1812 262 261
1498 3 2 1 2 66 67 1813 1791
1499 3 2 1 2 1791 1813 1814 1792
1500 3 2 1 2 1792 1814 1815 1793
1501 3 2 1 2 1793 1815 1816 1794
1502 3 2 1 2 1794 1816 1817 1795
1503 3 2 1 2 1795 1817 1818 1796
1504 3 2 1 2 1796 1818 1819 1797
1505 3 2 1 2 1797 1819 1820 1798
1506 3 2 1 2 1798 1820 1821 1799
1507 3 2 1 2 1799 1821 1822 1800
1508 3 2 1 2 1800 1822 1823 1801
1509 3 2 1 2 1801 1823 1824 1802
1510 3 2 1 2 1802 1824 1825 1803
1511 3 2 1 2 1803 1825 1826 1804
1512 3 2 1 2 1804 1826 1827 1805
1513 3 2 1 2 1805 1827 1828 1806
1514 3 2 1 2 1806 1828 1829 1807
1515 3 2 1 2 1807 1829 1830 1808
1516 3 2 1 2 1808 1830 1831 1809
1517 3 2 1 2 1809 1831 1832 1810
1518 3 2 1 2 1810 1832 1833 1811
1519 3 2 1 2 1811 1833 1834 1812
1520 3 2 1 2 1812 1834 263 262
1521 3 2 1 2 67 68 1835 1813
1522 3 2 1 2 1813 1835 1836 1814
1523 3 2 1 2 1814 1836 1837 1815
1524 3 2 1 2 1815 1837 1838 1816
1525 3 2 1 2 1816 1838 1839 1817
1526 3 2 1 2 1817 1839 1840 1818
1527 3 2 1 2 1818 1840 1841 1819
1528 3 2 1 2 1819 1841 1842 1820
1529 3 2 1 2 1820 1842 1843 1821
1530 3 2 1 2 1821 1843 1844 1822
1531 3 2 1 2 1822 1844 1845 1823
1532 3 2 1 2 1823 1845 1846 1824
1533 3 2 1 2 1824 1846 1847 1825
1534 3 2 1 2 1825 1847 1848 1826
1535 3 2 1 2 1826 1848 1849 1827
1536 3 2 1 2 1827 1849 1850 1828
1537 3 2 1 2 1828 1850 1851 1829
1538 3 2 1 2 1829 1851 1852 1830
1539 3 2 1 2 1830 1852 1853 1831
1540 3 2 1 2 1831 1853 1854 1832
1541 3 2 1 2 1832 1854 1855 1833
1542 3 2 1 2 1833 1855 1856 1834
1543 3 2 1 2 1834 1856 264 263
1544 3 2 1 2 68 69 1857 1835
1545 3 2 1 2 1835 1857 1858 1836
1546 3 2 1 2 1836 1858 1859 1837
1547 3 2 1 2 1837 1859 1860 1838
1548 3 2 1 2 1838 1860 1861 1839
1549 3 2 1 2 1839 1861 1862 1840
1550 3 2 1 2 1840 1862 1863 1841
1551 3 2 1 2 1841 1863 1864 1842
1552 3 2 1 2 1842 1864 1865 1843
1553 3 2 1 2 1843 1865 1866 1844
1554 3 2 1 2 1844 1866 1867 1845
1555 3 2 1 2 1845 1867 1868 1846
1556 3 2 1 2 1846 1868 1869 1847
1557 3 2 1 2 1847 1869 1870 1848
1558 3 2 1 2 1848 1870 1871 1849
1559 3 2 1 2 1849 1871 1872 1850
1560 3 2 1 2 1850 1872 1873 1851
1561 3 2 1 2 1851 1873 1874 1852
1562 3 2 1 2 1852 1874 1875 1853
1563 3 2 1 2 1853 1875 1876 1854
1564 3 2 1 2 1854 1876 1877 1855
1565 3 2 1 2 1855 1877 1878 1856
1566 3 2 1 2 1856 1878 265 264
1567 3 2 1 2 69 70 1879 1857
1568 3 2 1 2 1857 1879 1880 1858
1569 3 2 1 2 1858 1880 1881 1859
1570 3 2 1 2 1859 1881 1882 1860
1571 3 2 1 2 1860 1882 1883 1861
1572 3 2 1 2 1861 1883 1884 1862
1573 3 2 1 2 1862 1884 1885 1863
1574 3 2 1 2 1863 1885 1886 1864
1575 3 2 1 2 1864 1886 1887 1865
1576 3 2 1 2 1865 1887 1888 1866
1577 3 2 1 2 1866 1888 1889 1867
1578 3 2 1 2 1867 1889 1890 1868
1579 3 2 1 2 1868 1890 1891 1869
1580 3 2 1 2 1869 1891 1892 1870
1581 3 2 1 2 1870 1892 1893 1871
1582 3 2 1 2 1871 1893 1894 1872
1583 3 2 1 2 1872 1894 1895 1873
1584 3 2 1 2 1873 1895 1896 1874
1585 3 2 1 2 1874 1896 1897 1875
1586 3 2 1 2 1875 1897 1898 1876
1587 3 2 1 2 1876 1898 1899 1877
1588 3 2 1 2 1877 1899 1900 1878
1589 3 2 1 2 1878 1900 266 265
1590 3 2 1 2 70 71 1901 1879
1591 3 2 1 2 1879 1901 1902 1880
1592 3 2 1 2 1880 1902 1903 1881
1593 3 2 1 2 1881 1903 1904 1882
1594 3 2 1 2 1882 1904 1905 1883
1595 3 2 1 2 1883 1905 1906 1884
1596 3 2 1 2 1884 1906 1907 1885
1597 3 2 1 2 1885 1907 1908 1886
1598 3 2 1 2 1886 1908 1909 1887
1599 3 2 1 2 1887 1909 1910 1888
1600 3 2 1 2 1888 1910 1911 1889
1601 3 2 1 2 1889 1911 1912 1890
1602 3 2 1 2 1890 1912 1913 1891
1603 3 2 1 2 1891 1913 1914 1892
1604 3 2 1 2 1892 1914 1915 1893
1605 3 2 1 2 1893 1915 1916 1894
1606 3 2 1 2 1894 1916 1917 1895
1607 3 2 1 2 1895 1917 1918 1896
1608 3 2 1 2 1896 1918 1919 1897
1609 3 2 1 2 1897 1919 1920 1898
1610 3 2 1 2 1898 1920 1921 1899
1611 3 2 1 2 1899 1921 1922 1900
1612 3 2 1 2 1900 1922 267 266
1613 3 2 1 2 71 72 1923 1901
1614 3 2 1 2 1901 1923 1924 1902
1615 3 2 1 2 1902 1924 1925 1903
1616 3 2 1 2 1903 1925 1926 1904
1617 3 2 1 2 1904 1926 1927 1905
1618 3 2 1 2 1905 1927 1928 1906
1619 3 2 1 2 1906 1928 1929 1907
1620 3 2 1 2 1907 1929 1930 1908
1621 3 2 1 2 1908 1930 1931 1909
1622 3 2 1 2 1909 1931 1932 1910
1623 3 2 1 2 1910 1932 1933 1911
1624 3 2 1 2 1911 1933 1934 1912
1625 3 2 1 2 1912 1934 1935 1913
1626 3 2 1 2 1913 1935 1936 1914
1627 3 2 1 2 1914 1936 1937 1915
1628 3 2 1 2 1915 1937 1938 1916
1629 3 2 1 2 1916 1938 1939 1917
1630 3 2 1 2 1917 1939 1940 1918
1631 3 2 1 2 1918 1940 1941 1919
1632 3 2 1 2 1919 1941 1942 1920
1633 3 2 1 2 1920 1942 1943 1921
1634 3 2 1 2 1921 1943 1944 1922
1635 3 2 1 2 1922 1944 268 267
1636 3 2 1 2 72 73 1945 1923
1637 3 2 1 2 1923 1945 1946 1924
1638 3 2 1 2 1924 1946 1947 1925
1639 3 2 1 2 1925 1947 1948 1926
1640 3 2 1 2 1926 1948 1949 1927
1641 3 2 1 2 1927 1949 1950 1928
1642 3 2 1 2 1928 1950 1951 1929
1643 3 2 1 2 1929 1951 1952 1930
1644 3 2 1 2 1930 1952 1953 1931
1645 3 2 1 2 1931 1953 1954 1932
1646 3 2 1 2 1932 1954 1955 1933
1647 3 2 1 2 1933 1955 1956 1934
1648 3 2 1 2 1934 1956 1957 1935
1649 3 2 1 2 1935 1957 1958 1936
1650 3 2 1 2 1936 1958 1959 1937
1651 3 2 1 2 1937 1959 1960 1938
1652 3 2 1 2 1938 1960 1961 1939
1653 3 2 1 2 1939 1961 1962 1940
1654 3 2 1 2 1940 1962 1963 1941
1655 3 2 1 2 1941 1963 1964 1942
1656 3 2 1 2 1942 1964 1965 1943
1657 3 2 1 2 1943 1965 1966 1944
1658 3 2 1 2 1944 1966 269 268
1659 3 2 1 2 73 74 1967 1945
1660 3 2 1 2 1945 1967 1968 1946
1661 3 2 1 2 1946 1968 1969 1947
1662 3 2 1 2 1947 1969 1970 1948
1663 3 2 1 2 1948 1970 1971 1949
1664 3 2 1 2 1949 1971 1972 1950
1665 3 2 1 2 1950 1972 1973 1951
1666 3 2 1 2 1951 1973 1974 1952
1667 3 2 1 2 1952 1974 1975 1953
1668 3 2 1 2 1953 1975 1976 1954
1669 3 2 1 2 1954 1976 1977 1955
1670 3 2 1 2 1955 1977 1978 1956
1671 3 2 1 2 1956 1978 1979 1957
1672 3 2 1 2 1957 1979 1980 1958
1673 3 2 1 2 1958 1980 1981 1959
1674 3 2 1 2 1959 1981 1982 1960
1675 3 2 1 2 1960 1982 1983 1961
1676 3 2 1 2 1961 1983 1984 1962
1677 3 2 1 2 1962 1984 1985 1963
1678 3 2 1 2 1963 1985 1986 1964
1679 3 2 1 2 1964 1986 1987 1965
1680 3 2 1 2 1965 1987 1988 1966
1681 3 2 1 2 1966 1988 270 269
1682 3 2 1 2 74 3 173 1967
1683 3 2 1 2 1967 173 174 1968
1684 3 2 1 2 1968 174 175 1969
1685 3 2 1 2 1969 175 176 1970
1686 3 2 1 2 1970 176 177 1971
1687 3 2 1 2 1971 177 178 1972
1688 3 2 1 2 1972 178 179 1973
1689 3 2 1 2 1973 179 180 1974
1690 3 2 1 2 1974 180 181 1975
1691 3 2 1 2 1975 181 182 1976
1692 3 2 1 2 1976 182 183 1977
1693 3 2 1 2 1977 183 184 1978
1694 3 2 1 2 1978 184 185 1979
1695 3 2 1 2 1979 185 186 1980
1696 3 2 1 2 1980 186 187 1981
1697 3 2 1 2 1981 187 188 1982
1698 3 2 1 2 1982 188 189 1983
1699 3 2 1 2 1983 189 190 1984
1700 3 2 1 2 1984 190 191 1985
1701 3 2 1 2 1985 191 192 1986
1702 3 2 1 2 1986 192 193 1987
1703 3 2 1 2 1987 193 194 1988
1704 3 2 1 2 1988 194 7 270
1705 3 2 1 3 3 75 1989 173
1706 3 2 1 3 173 1989 1990 174
1707 3 2 1 3 174 1990 1991 175
1708 3 2 1 3 175 1991 1992 176
1709 3 2 1 3 176 1992 1993 177
1710 3 2 1 3 177 1993 1994 178
1711 3 2 1 3 178 1994 1995 179
1712 3 2 1 3 179 1995 1996 180
1713 3 2 1 3 180 1996 1997 181
1714 3 2 1 3 181 1997 1998 182
1715 3 2 1 3 182 1998 1999 183
1716 3 2 1 3 183 1999 2000 184
1717 3 2 1 3 184 2000 2001 185
1718 3 2 1 3 185 2001 2002 186
1719 3 2 1 3 186 2002 2003 187
1720 3 2 1 3 187 2003 2004 188
1721 3 2 1 3 188 2004 2005 189
1722 3 2 1 3 189 2005 2006 190
1723 3 2 1 3 190 2006 2007 191
1724 3 2 1 3 191 2007 2008 192
1725 3 2 1 3 192 2008 2009 193
1726 3 2 1 3 193 2009 2010 194
1727 3 2 1 3 194 2010 271 7
1728 3 2 1 3 75 76 2011 1989
1729 3 2 1 3 1989 2011 2012 1990
1730 3 2 1 3 1990 2012 2013 1991
1731 3 2 1 3 1991 2013 2014 1992
1732 3 2 1 3 1992 2014 2015 1993
1733 3 2 1 3 1993 2015 2016 1994
1734 3 2 1 3 1994 2016 2017 1995
1735 3 2 1 3 1995 2017 2018 1996
1736 3 2 1 3 1996 2018 2019 1997
1737 3 2 1 3 1997 2019 2020 1998
1738 3 2 1 3 1998 2020 2021 1999
1739 3 2 1 3 1999 2021 2022 2000
1740 3 2 1 3 2000 2022 2023 2001
1741 3 2 1 3 2001 2023 2024 2002
1742 3 2 1 3 2002 2024 2025 2003
1743 3 2 1 3 2003 2025 2026 2004
1744 3 2 1 3 2004 2026 2027 2005
1745 3 2 1 3 2005 2027 2028 2006
1746 3 2 1 3 2006 2028 2029 2007
1747 3 2 1 3 2007 2029 2030 2008
1748 3 2 1 3 2008 2030 2031 2009
1749 3 2 1 3 2009 2031 2032 2010
1750 3 2 1 3 2010 2032 272 271
1751 3 2 1 3 76 77 2033 2011
1752 3 2 1 3 2011 2033 2034 2012
1753 3 2 1 3 2012 2034 2035 2013
1754 3 2 1 3 2013 2035 2036 2014
1755 3 2 1 3 2014 2036 2037 2015
1756 3 2 1 3 2015 2037 2038 2016
1757 3 2 1 3 2016 2038 2039 2017
1758 3 2 1 3 2017 2039 2040 2018
1759 3 2 1 3 2018 2040 2041 2019
1760 3 2 1 3 2019 2041 2042 2020
1761 3 2 1 3 2020 2042 2043 2021
1762 3 2 1 3 2021 2043 2044 2022
1763 3 2 1 3 2022 2044 2045 2023
1764 3 2 1 3 2023 2045 2046 2024
1765 3 2 1 3 2024 2046 2047 2025
1766 3 2 1 3 2025 2047 2048 2026
1767 3 2 1 3 2026 2048 2049 2027
1768 3 2 1 3 2027 2049 2050 2028
1769 3 2 1 3 2028 2050 2051 2029
1770 3 2 1 3 2029 2051 2052 2030
1771 3 2 1 3 2030 2052 2053 2031
1772 3 2 1 3 2031 2053 2054 2032
1773 3 2 1 3 2032 2054 273 272
1774 3 2 1 3 77 78 2055 2033
1775 3 2 1 3 2033 2055 2056 2034
1776 3 2 1 3 2034 2056 2057 2035
1777 3 2 1 3 2035 2057 2058 2036
1778 3 2 1 3 2036 2058 2059 2037
1779 3 2 1 3 2037 2059 2060 2038
1780 3 2 1 3 2038 2060 2061 2039
1781 3 2 1 3 2039 2061 2062 2040
1782 3 2 1 3 2040 2062 2063 2041
1783 3 2 1 3 2041 2063 2064 2042
1784 3 2 1 3 2042 2064 2065 2043
1785 3 2 1 3 2043 2065 2066 2044
1786 3 2 1 3 2044 2066 2067 2045
1787 3 2 1 3 2045 2067 2068 2046
1788 3 2 1 3 2046 2068 2069 2047
1789 3 2 1 3 2047 2069 2070 2048
1790 3 2 1 3 2048 2070 2071 2049
1791 3 2 1 3 2049 2071 2072 2050
1792 3 2 1 3 2050 2072 2073 2051
1793 3 2 1 3 2051 2073 2074 2052
1794 3 2 1 3 2052 2074 2075 2053
1795 3 2 1 3 2053 2075 2076 2054
1796 3 2 1 3 2054 2076 274 273
1797 3 2 1 3 78 79 2077 2055
1798 3 2 1 3 2055 2077 2078 2056
1799 3 2 1 3 2056 2078 2079 2057
1800 3 2 1 3 2057 2079 2080 2058
1801 3 2 1 3 2058 2080 2081 2059
1802 3 2 1 3 2059 2081 2082 2060
1803 3 2 1 3 2060 2082 2083 2061
1804 3 2 1 3 2061 2083 2084 2062
1805 3 2 1 3 2062 2084 2085 2063
1806 3 2 1 3 2063 2085 2086 2064
1807 3 2 1 3 2064 2086 2087 2065
1808 3 2 1 3 2065 2087 2088 2066
1809 3 2 1 3 2066 2088 2089 2067
1810 3 2 1 3 2067 2089 2090 2068
1811 3 2 1 3 2068 2090 2091 2069
1812 3 2 1 3 2069 2091 2092 2070
1813 3 2 1 3 2070 2092 2093 2071
1814 3 2 1 3 2071 2093 2094 2072
1815 3 2 1 3 2072 2094 2095 2073
1816 3 2 1 3 2073 2095 2096 2074
1817 3 2 1 3 2074 2096 2097 2075
1818 3 2 1 3 2075 2097 2098 2076
1819 3 2 1 3 2076 2098 275 274
1820 3 2 1 3 79 80 2099 2077
1821 3 2 1 3 2077 2099 2100 2078
1822 3 2 1 3 2078 2100 2101 2079
1823 3 2 1 3 2079 2101 2102 2080
1824 3 2 1 3 2080 2102 2103 2081
1825 3 2 1 3 2081 2103 2104 2082
1826 3 2 1 3 2082 2104 2105 2083
1827 3 2 1 3 2083 2105 2106 2084
1828 3 2 1 3 2084 2106 2107 2085
1829 3 2 1 3 2085 2107 2108 2086
1830 3 2 1 3 2086 2108 2109 2087
1831 3 2 1 3 2087 2109 2110 2088
1832 3 2 1 3 2088 2110 2111 2089
1833 3 2 1 3 2089 2111 2112 2090
1834 3 2 1 3 2090 2112 2113 2091
1835 3 2 1 3 2091 2113 2114 2092
1836 3 2 1 3 2092 2114 2115 2093
1837 3 2 1 3 2093 2115 2116 2094
1838 3 2 1 3 2094 2116 2117 2095
1839 3 2 1 3 2095 2117 2118 2096
1840 3 2 1 3 2096 2118 2119 2097
1841 3 2 1 3 2097 2119 2120 2098
1842 3 2 1 3 2098 2120 276 275
1843 3 2 1 3 80 81 2121 2099
1844 3 2 1 3 2099 2121 2122 2100
1845 3 2 1 3 2100 2122 2123 2101
1846 3 2 1 3 2101 2123 2124 2102
1847 3 2 1 3 2102 2124 2125 2103
1848 3 2 1 3 2103 2125 2126 2104
1849 3 2 1 3 2104 2126 2127 2105
1850 3 2 1 3 2105 2127 2128 2106
1851 3 2 1 3 2106 2128 2129 2107
1852 3 2 1 3 2107 2129 2130 2108
1853 3 2 1 3 2108 2130 2131 2109
1854 3 2 1 3 2109 2131 2132 2110
1855 3 2 1 3 2110 2132 2133 2111
1856 3 2 1 3 2111 2133 2134 2112
1857 3 2 1 3 2112 2134 2135 2113
1858 3 2 1 3 2113 2135 2136 2114
1859 3 2 1 3 2114 2136 2137 2115
1860 3 2 1 3 2115 2137 2138 2116
1861 3 2 1 3 2116 2138 2139 2117
1862 3 2 1 3 2117 2139 2140 2118
1863 3 2 1 3 2118 2140 2141 2119
1864 3 2 1 3 2119 2141 2142 2120
1865 3 2 1 3 2120 2142 277 276
1866 3 2 1 3 81 82 2143 2121
1867 3 2 1 3 2121 2143 2144 2122
1868 3 2 1 3 2122 2144 2145 2123
1869 3 2 1 3 2123 2145 2146 2124
1870 3 2 1 3 2124 2146 2147 2125
1871 3 2 1 3 2125 2147 2148 2126
1872 3 2 1 3 2126 2148 2149 2127
1873 3 2 1 3 2127 2149 2150 2128
1874 3 2 1 3 2128 2150 2151 2129
1875 3 2 1 3 2129 2151 2152 2130
1876 3 2 1 3 2130 2152 2153 2131
1877 3 2 1 3 2131 2153 2154 2132
1878 3 2 1 3 2132 2154 2155 2133
1879 3 2 1 3 2133 2155 2156 2134
1880 3 2 1 3 2134 2156 2157 2135
1881 3 2 1 3 2135 2157 2158 2136
1882 3 2 1 3 2136 2158 2159 2137
1883 3 2 1 3 2137 2159 2160 2138
1884 3 2 1 3 2138 2160 2161 2139
1885 3 2 1 3 2139 2161 2162 2140
1886 3 2 1 3 2140 2162 2163 2141
1887 3 2 1 3 2141 2163 2164 2142
1888 3 2 1 3 2142 2164 278 277
1889 3 2 1 3 82 83 2165 2143
1890 3 2 1 3 2143 2165 2166 2144
1891 3 2 1 3 2144 2166 2167 2145
1892 3 2 1 3 2145 2167 2168 2146
1893 3 2 1 3 2146 2168 2169 2147
1894 3 2 1 3 2147 2169 2170 2148
1895 3 2 1 3 2148 2170 2171 2149
1896 3 2 1 3 2149 2171 2172 2150
1897 3 2 1 3 2150 2172 2173 2151
1898 3 2 1 3 2151 2173 2174 2152
1899 3 2 1 3 2152 2174 2175 2153
1900 3 2 1 3 2153 2175 2176 2154
1901 3 2 1 3 2154 2176 2177 2155
1902 3 2 1 3 2155 2177 2178 2156
1903 3 2 1 3 2156 2178 2179 2157
1904 3 2 1 3 2157 2179 2180 2158
1905 3 2 1 3 2158 2180 2181 2159
1906 3 2 1 3 2159 2181 2182 2160
1907 3 2 1 3 2160 2182 2183 2161
1908 3 2 1 3 2161 2183 2184 2162
1909 3 2 1 3 2162 2184 2185 2163
1910 3 2 1 3 2163 2185 2186 2164
1911 3 2 1 3 2164 2186 279 278
1912 3 2 1 3 83 84 2187 2165
1913 3 2 1 3 2165 2187 2188 2166
1914 3 2 1 3 2166 2188 2189 2167
1915 3 2 1 3 2167 2189 2190 2168
1916 3 2 1 3 2168 2190 2191 2169
1917 3 2 1 3 2169 2191 2192 2170
1918 3 2 1 3 2170 2192 2193 2171
1919 3 2 1 3 2171 2193 2194 2172
1920 3 2 1 3 2172 2194 2195 2173
1921 3 2 1 3 2173 2195 2196 2174
1922 3 2 1 3 2174 2196 2197 2175
1923 3 2 1 3 2175 2197 2198 2176
1924 3 2 1 3 2176 2198 2199 2177
1925 3 2 1 3 2177 2199 2200 2178
1926 3 2 1 3 2178 2200 2201 2179
1927 3 2 1 3 2179 2201 2202 2180
1928 3 2 1 3 2180 2202 2203 2181
1929 3 2 1 3 2181 2203 2204 2182
1930 3 2 1 3 2182 2204 2205 2183
1931 3 2 1 3 2183 2205 2206 2184
1932 3 2 1 3 2184 2206 2207 2185
1933 3 2 1 3 2185 2207 2208 2186
1934 3 2 1 3 2186 2208 280 279
1935 3 2 1 3 84 85 2209 2187
1936 3 2 1 3 2187 2209 2210 2188
1937 3 2 1 3 2188 2210 2211 2189
1938 3 2 1 3 2189 2211 2212 2190
1939 3 2 1 3 2190 2212 2213 2191
1940 3 2 1 3 2191 2213 2214 2192
1941 3 2 1 3 2192 2214 2215 2193
1942 3 2 1 3 2193 2215 2216 2194
1943 3 2 1 3 2194 2216 2217 2195
1944 3 2 1 3 2195 2217 2218 2196
1945 3 2 1 3 2196 2218 2219 2197
1946 3 2 1 3 2197 2219 2220 2198
1947 3 2 1 3 2198 2220 2221 2199
1948 3 2 1 3 2199 2221 2222 2200
1949 3 2 1 3 2200 2222 2223 2201
1950 3 2 1 3 2201 2223 2224 2202
1951 3 2 1 3 2202 2224 2225 2203
1952 3 2 1 3 2203 2225 2226 2204
1953 3 2 1 3 2204 2226 2227 2205
1954 3 2 1 3 2205 2227 2228 2206
1955 3 2 1 3 2206 2228 2229 2207
1956 3 2 1 3 2207 2229 2230 2208
1957 3 2 1 3 2208 2230 281 280
1958 3 2 1 3 85 86 2231 2209
1959 3 2 1 3 2209 2231 2232 2210
1960 3 2 1 3 2210 2232 2233 2211
1961 3 2 1 3 2211 2233 2234 2212
1962 3 2 1 3 2212 2234 2235 2213
1963 3 2 1 3 2213 2235 2236 2214
1964 3 2 1 3 2214 2236 2237 2215
1965 3 2 1 3 2215 2237 2238 2216
1966 3 2 1 3 2216 2238 2239 2217
1967 3 2 1 3 2217 2239 2240 2218
1968 3 2 1 3 2218 2240 2241 2219
1969 3 2 1 3 2219 2241 2242 2220
1970 3 2 1 3 2220 2242 2243 2221
1971 3 2 1 3 2221 2243 2244 2222
1972 3 2 1 3 2222 2244 2245 2223
1973 3 2 1 3 2223 2245 2246 2224
1974 3 2 1 3 2224 2246 2247 2225
1975 3 2 1 3 2225 2247 2248 2226
1976 3 2 1 3 2226 2248 2249 2227
1977 3 2 1 3 2227 2249 2250 2228
1978 3 2 1 3 2228 2250 2251 2229
1979 3 2 1 3 2229 2251 2252 2230
1980 3 2 1 3 2230 2252 282 281
1981 3 2 1 3 86 87 2253 2231
1982 3 2 1 3 2231 2253 2254 2232
1983 3 2 1 3 2232 2254 2255 2233
1984 3 2 1 3 2233 2255 2256 2234
1985 3 2 1 3 2234 2256 2257 2235
1986 3 2 1 3 2235 2257 2258 2236
1987 3 2 1 3 2236 2258 2259 2237
1988 3 2 1 3 2237 2259 2260 2238
1989 3 2 1 3 2238 2260 2261 2239
1990 3 2 1 3 2239 2261 2262 2240
1991 3 2 1 3 2240 2262 2263 2241
1992 3 2 1 3 2241 2263 2264 2242
1993 3 2 1 3 2242 2264 2265 2243
1994 3 2 1 3 2243 2265 2266 2244
1995 3 2 1 3 2244 2266 2267 2245
1996 3 2 1 3 2245 2267 2268 2246
1997 3 2 1 3 2246 2268 2269 2247
1998 3 2 1 3 2247 2269 2270 2248
1999 3 2 1 3 2248 2270 2271 2249
2000 3 2 1 3 2249 2271 2272 2250
2001 3 2 1 3 2250 2272 2273 2251
2002 3 2 1 3 2251 2273 2274 2252
2003 3 2 1 3 2252 2274 283 282
2004 3 2 1 3 87 88 2275 2253
2005 3 2 1 3 2253 2275 2276 2254
2006 3 2 1 3 2254 2276 2277 2255
2007 3 2 1 3 2255 2277 2278 2256
2008 3 2 1 3 2256 2278 2279 2257
2009 3 2 1 3 2257 2279 2280 2258
2010 3 2 1 3 2258 2280 2281 2259
2011 3 2 1 3 2259 2281 2282 2260
2012 3 2 1 3 2260 2282 2283 2261
2013 3 2 1 3 2261 2283 2284 2262
2014 3 2 1 3 2262 2284 2285 2263
2015 3 2 1 3 2263 2285 2286 2264
2016 3 2 1 3 2264 2286 2287 2265
2017 3 2 1 3 2265 2287 2288 2266
2018 3 2 1 3 2266 2288 2289 2267
2019 3 2 1 3 2267 2289 2290 2268
2020 3 2 1 3 2268 2290 2291 2269
2021 3 2 1 3 2269 2291 2292 2270
2022 3 2 1 3 2270 2292 2293 2271
2023 3 2 1 3 2271 2293 2294 2272
2024 3 2 1 3 2272 2294 2295 2273
2025 3 2 1 3 2273 2295 2296 2274
2026 3 2 1 3 2274 2296 284 283
2027 3 2 1 3 88 89 2297 2275
2028 3 2 1 3 2275 2297 2298 2276
2029 3 2 1 3 2276 2298 2299 2277
2030 3 2 1 3 2277 2299 2300 2278
2031 3 2 1 3 2278 2300 2301 2279
2032 3 2 1 3 2279 2301 2302 2280
2033 3 2 1 3 2280 2302 2303 2281
2034 3 2 1 3 2281 2303 2304 2282
2035 3 2 1 3 2282 2304 2305 2283
2036 3 2 1 3 2283 2305 2306 2284
2037 3 2 1 3 2284 2306 2307 2285
2038 3 2 1 3 2285 2307 2308 2286
2039 3 2 1 3 2286 2308 2309 2287
2040 3 2 1 3 2287 2309 2310 2288
2041 3 2 1 3 2288 2310 2311 2289
2042 3 2 1 3 2289 2311 2312 2290
2043 3 2 1 3 2290 2312 2313 2291
2044 3 2 1 3 2291 2313 2314 2292
2045 3 2 1 3 2292 2314 2315 2293
2046 3 2 1 3 2293 2315 2316 2294
2047 3 2 1 3 2294 2316 2317 2295
2048 3 2 1 3 2295 2317 2318 2296
2049 3 2 1 3 2296 2318 285 284
2050 3 2 1 3 89 90 2319 2297
2051 3 2 1 3 2297 2319 2320 2298
2052 3 2 1 3 2298 2320 2321 2299
2053 3 2 1 3 2299 2321 2322 2300
2054 3 2 1 3 2300 2322 2323 2301
2055 3 2 1 3 2301 2323 2324 2302
2056 3 2 1 3 2302 2324 2325 2303
2057 3 2 1 3 2303 2325 2326 2304
2058 3 2 1 3 2304 2326 2327 2305
2059 3 2 1 3 2305 2327 2328 2306
2060 3 2 1 3 2306 2328 2329 2307
2061 3 2 1 3 2307 2329 2330 2308
2062 3 2 1 3 2308 2330 2331 2309
2063 3 2 1 3 2309 2331 2332 2310
2064 3 2 1 3 2310 2332 2333 2311
2065 3 2 1 3 2311 2333 2334 2312
2066 3 2 1 3 2312 2334 2335 2313
2067 3 2 1 3 2313 2335 2336 2314
2068 3 2 1 3 2314 2336 2337 2315
2069 3 2 1 3 2315 2337 2338 2316
2070 3 2 1 3 2316 2338 2339 2317
2071 3 2 1 3 2317 2339 2340 2318
2072 3 2 1 3 2318 2340 286 285
2073 3 2 1 3 90 91 2341 2319
2074 3 2 1 3 2319 2341 2342 2320
2075 3 2 1 3 2320 2342 2343 2321
2076 3 2 1 3 2321 2343 2344 2322
2077 3 2 1 3 2322 2344 2345 2323
2078 3 2 1 3 2323 2345 2346 2324
2079 3 2 1 3 2324 2346 2347 2325
2080 3 2 1 3 2325 2347 2348 2326
2081 3 2 1 3 2326 2348 2349 2327
2082 3 2 1 3 2327 2349 2350 2328
2083 3 2 1 3 2328 2350 2351 2329
2084 3 2 1 3 2329 2351 2352 2330
2085 3 2 1 3 2330 2352 2353 2331
2086 3 2 1 3 2331 2353 2354 2332
2087 3 2 1 3 2332 2354 2355 2333
2088 3 2 1 3 2333 2355 2356 2334
2089 3 2 1 3 2334 2356 2357 2335
2090 3 2 1 3 2335 2357 2358 2336
2091 3 2 1 3 2336 2358 2359 2337
2092 3 2 1 3 2337 2359 2360 2338
2093 3 2 1 3 2338 2360 2361 2339
2094 3 2 1 3 2339 2361 2362 2340
2095 3 2 1 3 2340 2362 287 286
2096 3 2 1 3 91 92 2363 2341
2097 3 2 1 3 2341 2363 2364 2342
2098 3 2 1 3 2342 2364 2365 2343
2099 3 2 1 3 2343 2365 2366 2344
2100 3 2 1 3 2344 2366 2367 2345
2101 3 2 1 3 2345 2367 2368 2346
2102 3 2 1 3 2346 2368 2369 2347
2103 3 2 1 3 2347 2369 2370 2348
2104 3 2 1 3 2348 2370 2371 2349
2105 3 2 1 3 2349 2371 2372 2350
2106 3 2 1 3 2350 2372 2373 2351
2107 3 2 1 3 2351 2373 2374 2352
2108 3 2 1 3 2352 2374 2375 2353
2109 3 2 1 3 2353 2375 2376 2354
2110 3 2 1 3 2354 2376 2377 2355
2111 3 2 1 3 2355 2377 2378 2356
2112 3 2 1 3 2356 2378 2379 2357
2113 3 2 1 3 2357 2379 2380 2358
2114 3 2 1 3 2358 2380 2381 2359
2115 3 2 1 3 2359 2381 2382 2360
2116 3 2 1 3 2360 2382 2383 2361
2117 3 2 1 3 2361 2383 2384 2362
2118 3 2 1 3 2362 2384 288 287
2119 3 2 1 3 92 93 2385 2363
2120 3 2 1 3 2363 2385 2386 2364
2121 3 2 1 3 2364 2386 2387 2365
2122 3 2 1 3 2365 2387 2388 2366
2123 3 2 1 3 2366 2388 2389 2367
2124 3 2 1 3 2367 2389 2390 2368
2125 3 2 1 3 2368 2390 2391 2369
2126 3 2 1 3 2369 2391 2392 2370
2127 3 2 1 3 2370 2392 2393 2371
2128 3 2 1 3 2371 2393 2394 2372
2129 3 2 1 3 2372 2394 2395 2373
2130 3 2 1 3 2373 2395 2396 2374
2131 3 2 1 3 2374 2396 2397 2375
2132 3 2 1 3 2375 2397 2398 2376
2133 3 2 1 3 2376 2398 2399 2377
2134 3 2 1 3 2377 2399 2400 2378
2135 3 2 1 3 2378 2400 2401 2379
2136 3 2 1 3 2379 2401 2402 2380
2137 3 2 1 3 2380 2402 2403 2381
2138 3 2 1 3 2381 2403 2404 2382
2139 3 2 1 3 2382 2404 2405 2383
2140 3 2 1 3 2383 2405 2406 2384
2141 3 2 1 3 2384 2406 289 288
2142 3 2 1 3 93 94 2407 2385
2143 3 2 1 3 2385 2407 2408 2386
2144 3 2 1 3 2386 2408 2409 2387
2145 3 2 1 3 2387 2409 2410 2388
2146 3 2 1 3 2388 2410 2411 2389
2147 3 2 1 3 2389 2411 2412 2390
2148 3 2 1 3 2390 2412 2413 2391
2149 3 2 1 3 2391 2413 2414 2392
2150 3 2 1 3 2392 2414 2415 2393
2151 3 2 1 3 2393 2415 2416 2394
2152 3 2 1 3 2394 2416 2417 2395
2153 3 2 1 3 2395 2417 2418 2396
2154 3 2 1 3 2396 2418 2419 2397
2155 3 2 1 3 2397 2419 2420 2398
2156 3 2 1 3 2398 2420 2421 2399
2157 3 2 1 3 2399 2421 2422 2400
2158 3 2 1 3 2400 2422 2423 2401
2159 3 2 1 3 2401 2423 2424 2402
2160 3 2 1 3 2402 2424 2425 2403
2161 3 2 1 3 2403 2425 2426 2404
2162 3 2 1 3 2404 2426 2427 2405
2163 3 2 1 3 2405 2427 2428 2406
2164 3 2 1 3 2406 2428 290 289
2165 3 2 1 3 94 95 2429 2407
2166 3 2 1 3 2407 2429 2430 2408
2167 3 2 1 3 2408 2430 2431 2409
2168 3 2 1 3 2409 2431 2432 2410
2169 3 2 1 3 2410 2432 2433 2411
2170 3 2 1 3 2411 2433 2434 2412
2171 3 2 1 3 2412 2434 2435 2413
2172 3 2 1 3 2413 2435 2436 2414
2173 3 2 1 3 2414 2436 2437 2415
2174 3 2 1 3 2415 2437 2438 2416
2175 3 2 1 3 2416 2438 2439 2417
2176 3 2 1 3 2417 2439 2440 2418
2177 3 2 1 3 2418 2440 2441 2419
2178 3 2 1 3 2419 2441 2442 2420
2179 3 2 1 3 2420 2442 2443 2421
2180 3 2 1 3 2421 2443 2444 2422
2181 3 2 1 3 2422 2444 2445 2423
2182 3 2 1 3 2423 2445 2446 2424
2183 3 2 1 3 2424 2446 2447 2425
2184 3 2 1 3 2425 2447 2448 2426
2185 3 2 1 3 2426 2448 2449 2427
2186 3 2 1 3 2427 2449 2450 2428
2187 3 2 1 3 2428 2450 291 290
2188 3 2 1 3 95 96 2451 2429
2189 3 2 1 3 2429 2451 2452 2430
2190 3 2 1 3 2430 2452 2453 2431
2191 3 2 1 3 2431 2453 2454 2432
2192 3 2 1 3 2432 2454 2455 2433
2193 3 2 1 3 2433 2455 2456 2434
2194 3 2 1 3 2434 2456 2457 2435
2195 3 2 1 3 2435 2457 2458 2436
2196 3 2 1 3 2436 2458 2459 2437
2197 3 2 1 3 2437 2459 2460 2438
2198 3 2 1 3 2438 2460 2461 2439
2199 3 2 1 3 2439 2461 2462 2440
2200 3 2 1 3 2440 2462 2463 2441
2201 3 2 1 3 2441 2463 2464 2442
2202 3 2 1 3 2442 2464 2465 2443
2203 3 2 1 3 2443 2465 2466 2444
2204 3 2 1 3 2444 2466 2467 2445
2205 3 2 1 3 2445 2467 2468 2446
2206 3 2 1 3 2446 2468 2469 2447
2207 3 2 1 3 2447 2469 2470 2448
2208 3 2 1 3 2448 2470 2471 2449
2209 3 2 1 3 2449 2471 2472 2450
2210 3 2 1 3 2450 2472 292 291
2211 3 2 1 3 96 97 2473 2451
2212 3 2 1 3 2451 2473 2474 2452
2213 3 2 1 3 2452 2474 2475 2453
2214 3 2 1 3 2453 2475 2476 2454
2215 3 2 1 3 2454 2476 2477 2455
2216 3 2 1 3 2455 2477 2478 2456
2217 3 2 1 3 2456 2478 2479 2457
2218 3 2 1 3 2457 2479 2480 2458
2219 3 2 1 3 2458 2480 2481 2459
2220 3 2 1 3 2459 2481 2482 2460
2221 3 2 1 3 2460 2482 2483 2461
2222 3 2 1 3 2461 2483 2484 2462
2223 3 2 1 3 2462 2484 2485 2463
2224 3 2 1 3 2463 2485 2486 2464
2225 3 2 1 3 2464 2486 2487 2465
2226 3 2 1 3 2465 2487 2488 2466
2227 3 2 1 3 2466 2488 2489 2467
2228 3 2 1 3 2467 2489 2490 2468
2229 3 2 1 3 2468 2490 2491 2469
2230 3 2 1 3 2469 2491 2492 2470
2231 3 2 1 3 2470 2492 2493 2471
2232 3 2 1 3 2471 2493 2494 2472
2233 3 2 1 3 2472 2494 293 292
2234 3 2 1 3 97 98 2495 2473
2235 3 2 1 3 2473 2495 2496 2474
2236 3 2 1 3 2474 2496 2497 2475
2237 3 2 1 3 2475 2497 2498 2476
2238 3 2 1 3 2476 2498 2499 2477
2239 3 2 1 3 2477 2499 2500 2478
2240 3 2 1 3 2478 2500 2501 2479
2241 3 2 1 3 2479 2501 2502 2480
2242 3 2 1 3 2480 2502 2503 2481
2243 3 2 1 3 2481 2503 2504 2482
2244 3 2 1 3 2482 2504 2505 2483
2245 3 2 1 3 2483 2505 2506 2484
2246 3 2 1 3 2484 2506 2507 2485
2247 3 2 1 3 2485 2507 2508 2486
2248 3 2 1 3 2486 2508 2509 2487
2249 3 2 1 3 2487 2509 2510 2488
2250 3 2 1 3 2488 2510 2511 2489
2251 3 2 1 3 2489 2511 2512 2490
2252 3 2 1 3 2490 2512 2513 2491
2253 3 2 1 3 2491 2513 2514 2492
2254 3 2 1 3 2492 2514 2515 2493
2255 3 2 1 3 2493 2515 2516 2494
2256 3 2 1 3 2494 2516 294 293
2257 3 2 1 3 98 99 2517 2495
2258 3 2 1 3 2495 2517 2518 2496
2259 3 2 1 3 2496 2518 2519 2497
2260 3 2 1 3 2497 2519 2520 2498
2261 3 2 1 3 2498 2520 2521 2499
2262 3 2 1 3 2499 2521 2522 2500
2263 3 2 1 3 2500 2522 2523 2501
2264 3 2 1 3 2501 2523 2524 2502
2265 3 2 1 3 2502 2524 2525 2503
2266 3 2 1 3 2503 2525 2526 2504
2267 3 2 1 3 2504 2526 2527 2505
2268 3 2 1 3 2505 2527 2528 2506
2269 3 2 1 3 2506 2528 2529 2507
2270 3 2 1 3 2507 2529 2530 2508
2271 3 2 1 3 2508 2530 2531 2509
2272 3 2 1 3 2509 2531 2532 2510
2273 3 2 1 3 2510 2532 2533 2511
2274 3 2 1 3 2511 2533 2534 2512
2275 3 2 1 3 2512 2534 2535 2513
2276 3 2 1 3 2513 2535 2536 2514
2277 3 2 1 3 2514 2536 2537 2515
2278 3 2 1 3 2515 2537 2538 2516
2279 3 2 1 3 2516 2538 295 294
2280 3 2 1 3 99 100 2539 2517
2281 3 2 1 3 2517 2539 2540 2518
2282 3 2 1 3 2518 2540 2541 2519
2283 3 2 1 3 2519 2541 2542 2520
2284 3 2 1 3 2520 2542 2543 2521
2285 3 2 1 3 2521 2543 2544 2522
2286 3 2 1 3 2522 2544 2545 2523
2287 3 2 1 3 2523 2545 2546 2524
2288 3 2 1 3 2524 2546 2547 2525
2289 3 2 1 3 2525 2547 2548 2526
2290 3 2 1 3 2526 2548 2549 2527
2291 3 2 1 3 2527 2549 2550 2528
2292 3 2 1 3 2528 2550 2551 2529
2293 3 2 1 3 2529 2551 2552 2530
2294 3 2 1 3 2530 2552 2553 2531
2295 3 2 1 3 2531 2553 2554 2532
2296 3 2 1 3 2532 2554 2555 2533
2297 3 2 1 3 2533 2555 2556 2534
2298 3 2 1 3 2534 2556 2557 2535
2299 3 2 1 3 2535 2557 2558 2536
2300 3 2 1 3 2536 2558 2559 2537
2301 3 2 1 3 2537 2559 2560 2538
2302 3 2 1 3 2538 2560 296 295
2303 3 2 1 3 100 101 2561 2539
2304 3 2 1 3 2539 2561 2562 2540
2305 3 2 1 3 2540 2562 2563 2541
2306 3 2 1 3 2541 2563 2564 2542
2307 3 2 1 3 2542 2564 2565 2543
2308 3 2 1 3 2543 2565 2566 2544
2309 3 2 1 3 2544 2566 2567 2545
2310 3 2 1 3 2545 2567 2568 2546
2311 3 2 1 3 2546 2568 2569 2547
2312 3 2 1 3 2547 2569 2570 2548
2313 3 2 1 3 2548 2570 2571 2549
2314 3 2 1 3 2549 2571 2572 2550
2315 3 2 1 3 2550 2572 2573 2551
2316 3 2 1 3 2551 2573 2574 2552
2317 3 2 1 3 2552 2574 2575 2553
2318 3 2 1 3 2553 2575 2576 2554
2319 3 2 1 3 2554 2576 2577 2555
2320 3 2 1 3 2555 2577 2578 2556
2321 3 2 1 3 2556 2578 2579 2557
2322 3 2 1 3 2557 2579 2580 2558
2323 3 2 1 3 2558 2580 2581 2559
2324 3 2 1 3 2559 2581 2582 2560
2325 3 2 1 3 2560 2582 297 296
2326 3 2 1 3 101 4 195 2561
2327 3 2 1 3 2561 195 196 2562
2328 3 2 1 3 2562 196 197 2563
2329 3 2 1 3 2563 197 198 2564
2330 3 2 1 3 2564 198 199 2565
2331 3 2 1 3 2565 199 200 2566
2332 3 2 1 3 2566 200 201 2567
2333 3 2 1 3 2567 201 202 2568
2334 3 2 1 3 2568 202 203 2569
2335 3 2 1 3 2569 203 204 2570
2336 3 2 1 3 2570 204 205 2571
2337 3 2 1 3 2571 205 206 2572
2338 3 2 1 3 2572 206 207 2573
2339 3 2 1 3 2573 207 208 2574
2340 3 2 1 3 2574 208 209 2575
2341 3 2 1 3 2575 209 210 2576
2342 3 2 1 3 2576 210 211 2577
2343 3 2 1 3 2577 211 212 2578
2344 3 2 1 3 2578 212 213 2579
2345 3 2 1 3 2579 213 214 2580
2346 3 2 1 3 2580 214 215 2581
2347 3 2 1 3 2581 215 216 2582
2348 3 2 1 3 2582 216 8 297
2349 3 2 1 4 4 102 2583 195
2350 3 2 1 4 195 2583 2584 196
2351 3 2 1 4 196 2584 2585 197
2352 3 2 1 4 197 2585 2586 198
2353 3 2 1 4 198 2586 2587 199
2354 3 2 1 4 199 2587 2588 200
2355 3 2 1 4 200 2588 2589 201
2356 3 2 1 4 201 2589 2590 202
2357 3 2 1 4 202 2590 2591 203
2358 3 2 1 4 203 2591 2592 204
2359 3 2 1 4 204 2592 2593 205
2360 3 2 1 4 205 2593 2594 206
2361 3 2 1 4 206 2594 2595 207
2362 3 2 1 4 207 2595 2596 208
2363 3 2 1 4 208 2596 2597 209
2364 3 2 1 4 209 2597 2598 210
2365 3 2 1 4 210 2598 2599 211
2366 3 2 1 4 211 2599 2600 212
2367 3 2 1 4 212 2600 2601 213
2368 3 2 1 4 213 2601 2602 214
2369 3 2 1 4 214 2602 2603 215
2370 3 2 1 4 215 2603 2604 216
2371 3 2 1 4 216 2604 298 8
2372 3 2 1 4 102 103 2605 2583
2373 3 2 1 4 2583 2605 2606 2584
2374 3 2 1 4 2584 2606 2607 2585
2375 3 2 1 4 2585 2607 2608 2586
2376 3 2 1 4 2586 2608 2609 2587
2377 3 2 1 4 2587 2609 2610 2588
2378 3 2 1 4 2588 2610 2611 2589
2379 3 2 1 4 2589 2611 2612 2590
2380 3 2 1 4 2590 2612 2613 2591
2381 3 2 1 4 2591 2613 2614 2592
2382 3 2 1 4 2592 2614 2615 2593
2383 3 2 1 4 2593 2615 2616 2594
2384 3 2 1 4 2594 2616 2617 2595
2385 3 2 1 4 2595 2617 2618 2596
2386 3 2 1 4 2596 2618 2619 2597
2387 3 2 1 4 2597 2619 2620 2598
2388 3 2 1 4 2598 2620 2621 2599
2389 3 2 1 4 2599 2621 2622 2600
2390 3 2 1 4 2600 2622 2623 2601
2391 3 2 1 4 2601 2623 2624 2602
2392 3 2 1 4 2602 2624 2625 2603
2393 3 2 1 4 2603 2625 2626 2604
2394 3 2 1 4 2604 2626 299 298
2395 3 2 1 4 103 104 2627 2605
2396 3 2 1 4 2605 2627 2628 2606
2397 3 2 1 4 2606 2628 2629 2607
2398 3 2 1 4 2607 2629 2630 2608
2399 3 2 1 4 2608 2630 2631 2609
2400 3 2 1 4 2609 2631 2632 2610
2401 3 2 1 4 2610 2632 2633 2611
2402 3 2 1 4 2611 2633 2634 2612
2403 3 2 1 4 2612 2634 2635 2613
2404 3 2 1 4 2613 2635 2636 2614
2405 3 2 1 4 2614 2636 2637 2615
2406 3 2 1 4 2615 2637 2638 2616
2407 3 2 1 4 2616 2638 2639 2617
2408 3 2 1 4 2617 2639 2640 2618
2409 3 2 1 4 2618 2640 2641 2619
2410 3 2 1 4 2619 2641 2642 2620
2411 3 2 1 4 2620 2642 2643 2621
2412 3 2 1 4 2621 2643 2644 2622
2413 3 2 1 4 2622 2644 2645 2623
2414 3 2 1 4 2623 2645 2646 2624
2415 3 2 1 4 2624 2646 2647 2625
2416 3 2 1 4 2625 2647 2648 2626
2417 3 2 1 4 2626 2648 300 299
2418 3 2 1 4 104 105 2649 2627
2419 3 2 1 4 2627 2649 2650 2628
2420 3 2 1 4 2628 2650 2651 2629
2421 3 2 1 4 2629 2651 2652 2630
2422 3 2 1 4 2630 2652 2653 2631
2423 3 2 1 4 2631 2653 2654 2632
2424 3 2 1 4 2632 2654 2655 2633
2425 3 2 1 4 2633 2655 2656 2634
2426 3 2 1 4 2634 2656 2657 2635
2427 3 2 1 4 2635 2657 2658 2636
2428 3 2 1 4 2636 2658 2659 2637
2429 3 2 1 4 2637 2659 2660 2638
2430 3 2 1 4 2638 2660 2661 2639
2431 3 2 1 4 2639 2661 2662 2640
2432 3 2 1 4 2640 2662 2663 2641
2433 3 2 1 4 2641 2663 2664 2642
2434 3 2 1 4 2642 2664 2665 2643
2435 3 2 1 4 2643 2665 2666 2644
2436 3 2 1 4 2644 2666 2667 2645
2437 3 2 1 4 2645 2667 2668 2646
2438 3 2 1 4 2646 2668 2669 2647
2439 3 2 1 4 2647 2669 2670 2648
2440 3 2 1 4 2648 2670 301 300
2441 3 2 1 4 105 106 2671 2649
2442 3 2 1 4 2649 2671 2672 2650
2443 3 2 1 4 2650 2672 2673 2651
2444 3 2 1 4 2651 2673 2674 2652
2445 3 2 1 4 2652 2674 2675 2653
2446 3 2 1 4 2653 2675 2676 2654
2447 3 2 1 4 2654 2676 2677 2655
2448 3 2 1 4 2655 2677 2678 2656
2449 3 2 1 4 2656 2678 2679 2657
2450 3 2 1 4 2657 2679 2680 2658
2451 3 2 1 4 2658 2680 2681 2659
2452 3 2 1 4 2659 2681 2682 2660
2453 3 2 1 4 2660 2682 2683 2661
2454 3 2 1 4 2661 2683 2684 2662
2455 3 2 1 4 2662 2684 2685 2663
2456 3 2 1 4 2663 2685 2686 2664
2457 3 2 1 4 2664 2686 2687 2665
2458 3 2 1 4 2665 2687 2688 2666
2459 3 2 1 4 2666 2688 2689 2667
2460 3 2 1 4 2667 2689 2690 2668
2461 3 2 1 4 2668 2690 2691 2669
2462 3 2 1 4 2669 2691 2692 2670
2463 3 2 1 4 2670 2692 302 301
2464 3 2 1 4 106 107 2693 2671
2465 3 2 1 4 2671 2693 2694 2672
2466 3 2 1 4 2672 2694 2695 2673
2467 3 2 1 4 2673 2695 2696 2674
2468 3 2 1 4 2674 2696 2697 2675
2469 3 2 1 4 2675 2697 2698 2676
2470 3 2 1 4 2676 2698 2699 2677
2471 3 2 1 4 2677 2699 2700 2678
2472 3 2 1 4 2678 2700 2701 2679
2473 3 2 1 4 2679 2701 2702 2680
2474 3 2 1 4 2680 2702 2703 2681
2475 3 2 1 4 2681 2703 2704 2682
2476 3 2 1 4 2682 2704 2705 2683
2477 3 2 1 4 2683 2705 2706 2684
2478 3 2 1 4 2684 2706 2707 2685
2479 3 2 1 4 2685 2707 2708 2686
2480 3 2 1 4 2686 2708 2709 2687
2481 3 2 1 4 2687 2709 2710 2688
2482 3 2 1 4 2688 2710 2711 2689
2483 3 2 1 4 2689 2711 2712 2690
2484 3 2 1 4 2690 2712 2713 2691
2485 3 2 1 4 2691 2713 2714 2692
2486 3 2 1 4 2692 2714 303 302
2487 3 2 1 4 107 108 2715 2693
2488 3 2 1 4 2693 2715 2716 2694
2489 3 2 1 4 2694 2716 2717 2695
2490 3 2 1 4 2695 2717 2718 2696
2491 3 2 1 4 2696 2718 2719 2697
2492 3 2 1 4 2697 2719 2720 2698
2493 3 2 1 4 2698 2720 2721 2699
2494 3 2 1 4 2699 2721 2722 2700
2495 3 2 1 4 2700 2722 2723 2701
2496 3 2 1 4 2701 2723 2724 2702
2497 3 2 1 4 2702 2724 2725 2703
2498 3 2 1 4 2703 2725 2726 2704
2499 3 2 1 4 2704 2726 2727 2705
2500 3 2 1 4 2705 2727 2728 2706
2501 3 2 1 4 2706 2728 2729 2707
2502 3 2 1 4 2707 2729 2730 2708
2503 3 2 1 4 2708 2730 2731 2709
2504 3 2 1 4 2709 2731 2732 2710
2505 3 2 1 4 2710 2732 2733 2711
2506 3 2 1 4 2711 2733 2734 2712
2507 3 2 1 4 2712 2734 2735 2713
2508 3 2 1 4 2713 2735 2736 2714
2509 3 2 1 4 2714 2736 304 303
2510 3 2 1 4 108 109 2737 2715
2511 3 2 1 4 2715 2737 2738 2716
2512 3 2 1 4 2716 2738 2739 2717
2513 3 2 1 4 2717 2739 2740 2718
2514 3 2 1 4 2718 2740 2741 2719
2515 3 2 1 4 2719 2741 2742 2720
2516 3 2 1 4 2720 2742 2743 2721
2517 3 2 1 4 2721 2743 2744 2722
2518 3 2 1 4 2722 2744 2745 2723
2519 3 2 1 4 2723 2745 2746 2724
2520 3 2 1 4 2724 2746 2747 2725
2521 3 2 1 4 2725 2747 2748 2726
2522 3 2 1 4 2726 2748 2749 2727
2523 3 2 1 4 2727 2749 2750 2728
2524 3 2 1 4 2728 2750 2751 2729
2525 3 2 1 4 2729 2751 2752 2730
2526 3 2 1 4 2730 2752 2753 2731
2527 3 2 1 4 2731 2753 2754 2732
2528 3 2 1 4 2732 2754 2755 2733
2529 3 2 1 4 2733 2755 2756 2734
2530 3 2 1 4 2734 2756 2757 2735
2531 3 2 1 4 2735 2757 2758 2736
2532 3 2 1 4 2736 2758 305 304
2533 3 2 1 4 109 110 2759 2737
2534 3 2 1 4 2737 2759 2760 2738
2535 3 2 1 4 2738 2760 2761 2739
2536 3 2 1 4 2739 2761 2762 2740
2537 3 2 1 4 2740 2762 2763 2741
2538 3 2 1 4 2741 2763 2764 2742
2539 3 2 1 4 2742 2764 2765 2743
2540 3 2 1 4 2743 2765 2766 2744
2541 3 2 1 4 2744 2766 2767 2745
2542 3 2 1 4 2745 2767 2768 2746
2543 3 2 1 4 2746 2768 2769 2747
2544 3 2 1 4 2747 2769 2770 2748
2545 3 2 1 4 2748 2770 2771 2749
2546 3 2 1 4 2749 2771 2772 2750
2547 3 2 1 4 2750 2772 2773 2751
2548 3 2 1 4 2751 2773 2774 2752
2549 3 2 1 4 2752 2774 2775 2753
2550 3 2 1 4 2753 2775 2776 2754
2551 3 2 1 4 2754 2776 2777 2755
2552 3 2 1 4 2755 2777 2778 2756
2553 3 2 1 4 2756 2778 2779 2757
2554 3 2 1 4 2757 2779 2780 2758
2555 3 2 1 4 2758 2780 306 305
2556 3 2 1 4 110 111 2781 2759
2557 3 2 1 4 2759 2781 2782 2760
2558 3 2 1 4 2760 2782 2783 2761
2559 3 2 1 4 2761 2783 2784 2762
2560 3 2 1 4 2762 2784 2785 2763
2561 3 2 1 4 2763 2785 2786 2764
2562 3 2 1 4 2764 2786 2787 2765
2563 3 2 1 4 2765 2787 2788 2766
2564 3 2 1 4 2766 2788 2789 2767
2565 3 2 1 4 2767 2789 2790 2768
2566 3 2 1 4 2768 2790 2791 2769
2567 3 2 1 4 2769 2791 2792 2770
2568 3 2 1 4 2770 2792 2793 2771
2569 3 2 1 4 2771 2793 2794 2772
2570 3 2 1 4 2772 2794 2795 2773
2571 3 2 1 4 2773 2795 2796 2774
2572 3 2 1 4 2774 2796 2797 2775
2573 3 2 1 4 2775 2797 2798 2776
2574 3 2 1 4 2776 2798 2799 2777
2575 3 2 1 4 2777 2799 2800 2778
2576 3 2 1 4 2778 2800 2801 2779
2577 3 2 1 4 2779 2801 2802 2780
2578 3 2 1 4 2780 2802 307 306
2579 3 2 1 4 111 112 2803 2781
2580 3 2 1 4 2781 2803 2804 2782
2581 3 2 1 4 2782 2804 2805 2783
2582 3 2 1 4 2783 2805 2806 2784
2583 3 2 1 4 2784 2806 2807 2785
2584 3 2 1 4 2785 2807 2808 2786
2585 3 2 1 4 2786 2808 2809 2787
2586 3 2 1 4 2787 2809 2810 2788
2587 3 2 1 4 2788 2810 2811 2789
2588 3 2 1 4 2789 2811 2812 2790
2589 3 2 1 4 2790 2812 2813 2791
2590 3 2 1 4 2791 2813 2814 2792
2591 3 2 1 4 2792 2814 2815 2793
2592 3 2 1 4 2793 2815 2816 2794
2593 3 2 1 4 2794 2816 2817 2795
2594 3 2 1 4 2795 2817 2818 2796
2595 3 2 1 4 2796 2818 2819 2797
2596 3 2 1 4 2797 2819 2820 2798
2597 3 2 1 4 2798 2820 2821 2799
2598 3 2 1 4 2799 2821 2822 2800
2599 3 2 1 4 2800 2822 2823 2801
2600 3 2 1 4 2801 2823 2824 2802
2601 3 2 1 4 2802 2824 308 307
2602 3 2 1 4 112 113 2825 2803
2603 3 2 1 4 2803 2825 2826 2804
2604 3 2 1 4 2804 2826 2827 2805
2605 3 2 1 4 2805 2827 2828 2806
2606 3 2 1 4 2806 2828 2829 2807
2607 3 2 1 4 2807 2829 2830 2808
2608 3 2 1 4 2808 2830 2831 2809
2609 3 2 1 4 2809 2831 2832 2810
2610 3 2 1 4 2810 2832 2833 2811
2611 3 2 1 4 2811 2833 2834 2812
2612 3 2 1 4 2812 2834 2835 2813
2613 3 2 1 4 2813 2835 2836 2814
2614 3 2 1 4 2814 2836 2837 2815
2615 3 2 1 4 2815 2837 2838 2816
2616 3 2 1 4 2816 2838 2839 2817
2617 3 2 1 4 2817 2839 2840 2818
2618 3 2 1 4 2818 2840 2841 2819
2619 3 2 1 4 2819 2841 2842 2820
2620 3 2 1 4 2820 2842 2843 2821
2621 3 2 1 4 2821 2843 2844 2822
2622 3 2 1 4 2822 2844 2845 2823
2623 3 2 1 4 2823 2845 2846 2824
2624 3 2 1 4 2824 2846 309 308
2625 3 2 1 4 113 114 2847 2825
2626 3 2 1 4 2825 2847 2848 2826
2627 3 2 1 4 2826 2848 2849 2827
2628 3 2 1 4 2827 2849 2850 2828
2629 3 2 1 4 2828 2850 2851 2829
2630 3 2 1 4 2829 2851 2852 2830
2631 3 2 1 4 2830 2852 2853 2831
2632 3 2 1 4 2831 2853 2854 2832
2633 3 2 1 4 2832 2854 2855 2833
2634 3 2 1 4 2833 2855 2856 2834
2635 3 2 1 4 2834 2856 2857 2835
2636 3 2 1 4 2835 2857 2858 2836
2637 3 2 1 4 2836 2858 2859 2837
2638 3 2 1 4 2837 2859 2860 2838
2639 3 2 1 4 2838 2860 2861 2839
2640 3 2 1 4 2839 2861 2862 2840
2641 3 2 1 4 2840 2862 2863 2841
2642 3 2 1 4 2841 2863 2864 2842
2643 3 2 1 4 2842 2864 2865 2843
2644 3 2 1 4 2843 2865 2866 2844
2645 3 2 1 4 2844 2866 2867 2845
2646 3 2 1 4 2845 2867 2868 2846
2647 3 2 1 4 2846 2868 310 309
2648 3 2 1 4 114 115 2869 2847
2649 3 2 1 4 2847 2869 2870 2848
2650 3 2 1 4 2848 2870 2871 2849
2651 3 2 1 4 2849 2871 2872 2850
2652 3 2 1 4 2850 2872 2873 2851
2653 3 2 1 4 2851 2873 2874 2852
2654 3 2 1 4 2852 2874 2875 2853
2655 3 2 1 4 2853 2875 2876 2854
2656 3 2 1 4 2854 2876 2877 2855
2657 3 2 1 4 2855 2877 2878 2856
2658 3 2 1 4 2856 2878 2879 2857
2659 3 2 1 4 2857 2879 2880 2858
2660 3 2 1 4 2858 2880 2881 2859
2661 3 2 1 4 2859 2881 2882 2860
2662 3 2 1 4 2860 2882 2883 2861
2663 3 2 1 4 2861 2883 2884 2862
2664 3 2 1 4 2862 2884 2885 2863
2665 3 2 1 4 2863 2885 2886 2864
2666 3 2 1 4 2864 2886 2887 2865
2667 3 2 1 4 2865 2887 2888 2866
2668 3 2 1 4 2866 2888 2889 2867
2669 3 2 1 4 2867 2889 2890 2868
2670 3 2 1 4 2868 2890 311 310
2671 3 2 1 4 115 116 2891 2869
2672 3 2 1 4 2869 2891 2892 2870
2673 3 2 1 4 2870 2892 2893 2871
2674 3 2 1 4 2871 2893 2894 2872
2675 3 2 1 4 2872 2894 2895 2873
2676 3 2 1 4 2873 2895 2896 2874
2677 3 2 1 4 2874 2896 2897 2875
2678 3 2 1 4 2875 2897 2898 2876
2679 3 2 1 4 2876 2898 2899 2877
2680 3 2 1 4 2877 2899 2900 2878
2681 3 2 1 4 2878 2900 2901 2879
2682 3 2 1 4 2879 2901 2902 2880
2683 3 2 1 4 2880 2902 2903 2881
2684 3 2 1 4 2881 2903 2904 2882
2685 3 2 1 4 2882 2904 2905 2883
2686 3 2 1 4 2883 2905 2906 2884
2687 3 2 1 4 2884 2906 2907 2885
2688 3 2 1 4 2885 2907 2908 2886
2689 3 2 1 4 2886 2908 2909 2887
2690 3 2 1 4 2887 2909 2910 2888
2691 3 2 1 4 2888 2910 2911 2889
2692 3 2 1 4 2889 2911 2912 2890
2693 3 2 1 4 2890 2912 312 311
2694 3 2 1 4 116 117 2913 2891
2695 3 2 1 4 2891 2913 2914 2892
2696 3 2 1 4 2892 2914 2915 2893
2697 3 2 1 4 2893 2915 2916 2894
2698 3 2 1 4 2894 2916 2917 2895
2699 3 2 1 4 2895 2917 2918 2896
2700 3 2 1 4 2896 2918 2919 2897
2701 3 2 1 4 2897 2919 2920 2898
2702 3 2 1 4 2898 2920 2921 2899
2703 3 2 1 4 2899 2921 2922 2900
2704 3 2 1 4 2900 2922 2923 2901
2705 3 2 1 4 2901 2923 2924 2902
2706 3 2 1 4 2902 2924 2925 2903
2707 3 2 1 4 2903 2925 2926 2904
2708 3 2 1 4 2904 2926 2927 2905
2709 3 2 1 4 2905 2927 2928 2906
2710 3 2 1 4 2906 2928 2929 2907
2711 3 2 1 4 2907 2929 2930 2908
2712 3 2 1 4 2908 2930 2931 2909
2713 3 2 1 4 2909 2931 2932 2910
2714 3 2 1 4 2910 2932 2933 2911
2715 3 2 1 4 2911 2933 2934 2912
2716 3 2 1 4 2912 2934 313 312
2717 3 2 1 4 117 118 2935 2913
2718 3 2 1 4 2913 2935 2936 2914
2719 3 2 1 4 2914 2936 2937 2915
2720 3 2 1 4 2915 2937 2938 2916
2721 3 2 1 4 2916 2938 2939 2917
2722 3 2 1 4 2917 2939 2940 2918
2723 3 2 1 4 2918 2940 2941 2919
2724 3 2 1 4 2919 2941 2942 2920
2725 3 2 1 4 2920 2942 2943 2921
2726 3 2 1 4 2921 2943 2944 2922
2727 3 2 1 4 2922 2944 2945 2923
2728 3 2 1 4 2923 2945 2946 2924
2729 3 2 1 4 2924 2946 2947 2925
2730 3 2 1 4 2925 2947 2948 2926
2731 3 2 1 4 2926 2948 2949 2927
2732 3 2 1 4 2927 2949 2950 2928
2733 3 2 1 4 2928 2950 2951 2929
2734 3 2 1 4 2929 2951 2952 2930
2735 3 2 1 4 2930 2952 2953 2931
2736 3 2 1 4 2931 2953 2954 2932
2737 3 2 1 4 2932 2954 2955 2933
2738 3 2 1 4 2933 2955 2956 2934
2739 3 2 1 4 2934 2956 314 313
2740 3 2 1 4 118 119 2957 2935
2741 3 2 1 4 2935 2957 2958 2936
2742 3 2 1 4 2936 2958 2959 2937
2743 3 2 1 4 2937 2959 2960 2938
2744 3 2 1 4 2938 2960 2961 2939
2745 3 2 1 4 2939 2961 2962 2940
2746 3 2 1 4 2940 2962 2963 2941
2747 3 2 1 4 2941 2963 2964 2942
2748 3 2 1 4 2942 2964 2965 2943
2749 3 2 1 4 2943 2965 2966 2944
2750 3 2 1 4 2944 2966 2967 2945
2751 3 2 1 4 2945 2967 2968 2946
2752 3 2 1 4 2946 2968 2969 2947
2753 3 2 1 4 2947 2969 2970 2948
2754 3 2 1 4 2948 2970 2971 2949
2755 3 2 1 4 2949 2971 2972 2950
2756 3 2 1 4 2950 2972 2973 2951
2757 3 2 1 4 2951 2973 2974 2952
2758 3 2 1 4 2952 2974 2975 2953
2759 3 2 1 4 2953 2975 2976 2954
2760 3 2 1 4 2954 2976 2977 2955
2761 3 2 1 4 2955 2977 2978 2956
2762 3 2 1 4 2956 2978 315 314
2763 3 2 1 4 119 120 2979 2957
2764 3 2 1 4 2957 2979 2980 2958
2765 3 2 1 4 2958 2980 2981 2959
2766 3 2 1 4 2959 2981 2982 2960
2767 3 2 1 4 2960 2982 2983 2961
2768 3 2 1 4 2961 2983 2984 2962
2769 3 2 1 4 2962 2984 2985 2963
2770 3 2 1 4 2963 2985 2986 2964
2771 3 2 1 4 2964 2986 2987 2965
2772 3 2 1 4 2965 2987 2988 2966
2773 3 2 1 4 2966 2988 2989 2967
2774 3 2 1 4 2967 2989 2990 2968
2775 3 2 1 4 2968 2990 2991 2969
2776 3 2 1 4 2969 2991 2992 2970
2777 3 2 1 4 2970 2992 2993 2971
2778 3 2 1 4 2971 2993 2994 2972
2779 3 2 1 4 2972 2994 2995 2973
2780 3 2 1 4 2973 2995 2996 2974
2781 3 2 1 4 2974 2996 2997 2975
2782 3 2 1 4 2975 2997 2998 2976
2783 3 2 1 4 2976 2998 2999 2977
2784 3 2 1 4 2977 2999 3000 2978
2785 3 2 1 4 2978 3000 316 315
2786 3 2 1 4 120 121 3001 2979
2787 3 2 1 4 2979 3001 3002 2980
2788 3 2 1 4 2980 3002 3003 2981
2789 3 2 1 4 2981 3003 3004 2982
2790 3 2 1 4 2982 3004 3005 2983
2791 3 2 1 4 2983 3005 3006 2984
2792 3 2 1 4 2984 3006 3007 2985
2793 3 2 1 4 2985 3007 3008 2986
2794 3 2 1 4 2986 3008 3009 2987
2795 3 2 1 4 2987 3009 3010 2988
2796 3 2 1 4 2988 3010 3011 2989
2797 3 2 1 4 2989 3011 3012 2990
2798 3 2 1 4 2990 3012 3013 2991
2799 3 2 1 4 2991 3013 3014 2992
2800 3 2 1 4 2992 3014 3015 2993
2801 3 2 1 4 2993 3015 3016 2994
2802 3 2 1 4 2994 3016 3017 2995
2803 3 2 1 4 2995 3017 3018 2996
2804 3 2 1 4 2996 3018 3019 2997
2805 3 2 1 4 2997 3019 3020 2998
2806 3 2 1 4 2998 3020 3021 2999
2807 3 2 1 4 2999 3021 3022 3000
2808 3 2 1 4 3000 3022 317 316
2809 3 2 1 4 121 122 3023 3001
2810 3 2 1 4 3001 3023 3024 3002
2811 3 2 1 4 3002 3024 3025 3003
2812 3 2 1 4 3003 3025 3026 3004
2813 3 2 1 4 3004 3026 3027 3005
2814 3 2 1 4 3005 3027 3028 3006
2815 3 2 1 4 3006 3028 3029 3007
2816 3 2 1 4 3007 3029 3030 3008
2817 3 2 1 4 3008 3030 3031 3009
2818 3 2 1 4 3009 3031 3032 3010
2819 3 2 1 4 3010 3032 3033 3011
2820 3 2 1 4 3011 3033 3034 3012
2821 3 2 1 4 3012 3034 3035 3013
2822 3 2 1 4 3013 3035 3036 3014
2823 3 2 1 4 3014 3036 3037 3015
2824 3 2 1 4 3015 3037 3038 3016
2825 3 2 1 4 3016 3038 3039 3017
2826 3 2 1 4 3017 3039 3040 3018
2827 3 2 1 4 3018 3040 3041 3019
2828 3 2 1 4 3019 3041 3042 3020
2829 3 2 1 4 3020 3042 3043 3021
2830 3 2 1 4 3021 3043 3044 3022
2831 3 2 1 4 3022 3044 318 317
2832 3 2 1 4 122 123 3045 3023
2833 3 2 1 4 3023 3045 3046 3024
2834 3 2 1 4 3024 3046 3047 3025
2835 3 2 1 4 3025 3047 3048 3026
2836 3 2 1 4 3026 3048 3049 3027
2837 3 2 1 4 3027 3049 3050 3028
2838 3 2 1 4 3028 3050 3051 3029
2839 3 2 1 4 3029 3051 3052 3030
2840 3 2 1 4 3030 3052 3053 3031
2841 3 2 1 4 3031 3053 3054 3032
2842 3 2 1 4 3032 3054 3055 3033
2843 3 2 1 4 3033 3055 3056 3034
2844 3 2 1 4 3034 3056 3057 3035
2845 3 2 1 4 3035 3057 3058 3036
2846 3 2 1 4 3036 3058 3059 3037
2847 3 2 1 4 3037 3059 3060 3038
2848 3 2 1 4 3038 3060 3061 3039
2849 3 2 1 4 3039 3061 3062 3040
2850 3 2 1 4 3040 3062 3063 3041
2851 3 2 1 4 3041 3063 3064 3042
2852 3 2 1 4 3042 3064 3065 3043
2853 3 2 1 4 3043 3065 3066 3044
2854 3 2 1 4 3044 3066 319 318
2855 3 2 1 4 123 124 3067 3045
2856 3 2 1 4 3045 3067 3068 3046
2857 3 2 1 4 3046 3068 3069 3047
2858 3 2 1 4 3047 3069 3070 3048
2859 3 2 1 4 3048 3070 3071 3049
2860 3 2 1 4 3049 3071 3072 3050
2861 3 2 1 4 3050 3072 3073 3051
2862 3 2 1 4 3051 3073 3074 3052
2863 3 2 1 4 3052 3074 3075 3053
2864 3 2 1 4 3053 3075 3076 3054
2865 3 2 1 4 3054 3076 3077 3055
2866 3 2 1 4 3055 3077 3078 3056
2867 3 2 1 4 3056 3078 3079 3057
2868 3 2 1 4 3057 3079 3080 3058
2869 3 2 1 4 3058 3080 3081 3059
2870 3 2 1 4 3059 3081 3082 3060
2871 3 2 1 4 3060 3082 3083 3061
2872 3 2 1 4 3061 3083 3084 3062
2873 3 2 1 4 3062 3084 3085 3063
2874 3 2 1 4 3063 3085 3086 3064
2875 3 2 1 4 3064 3086 3087 3065
2876 3 2 1 4 3065 3087 3088 3066
2877 3 2 1 4 3066 3088 320 319
2878 3 2 1 4 124 125 3089 3067
2879 3 2 1 4 3067 3089 3090 3068
2880 3 2 1 4 3068 3090 3091 3069
2881 3 2 1 4 3069 3091 3092 3070
2882 3 2 1 4 3070 3092 3093 3071
2883 3 2 1 4 3071 3093 3094 3072
2884 3 2 1 4 3072 3094 3095 3073
2885 3 2 1 4 3073 3095 3096 3074
2886 3 2 1 4 3074 3096 3097 3075
2887 3 2 1 4 3075 3097 3098 3076
2888 3 2 1 4 3076 3098 3099 3077
2889 3 2 1 4 3077 3099 3100 3078
2890 3 2 1 4 3078 3100 3101 3079
2891 3 2 1 4 3079 3101 3102 3080
2892 3 2 1 4 3080 3102 3103 3081
2893 3 2 1 4 3081 3103 3104 3082
2894 3 2 1 4 3082 3104 3105 3083
2895 3 2 1 4 3083 3105 3106 3084
2896 3 2 1 4 3084 3106 3107 3085
2897 3 2 1 4 3085 3107 3108 3086
2898 3 2 1 4 3086 3108 3109 3087
2899 3 2 1 4 3087 3109 3110 3088
2900 3 2 1 4 3088 3110 321 320
2901 3 2 1 4 125 126 3111 3089
2902 3 2 1 4 3089 3111 3112 3090
2903 3 2 1 4 3090 3112 3113 3091
2904 3 2 1 4 3091 3113 3114 3092
2905 3 2 1 4 3092 3114 3115 3093
2906 3 2 1 4 3093 3115 3116 3094
2907 3 2 1 4 3094 3116 3117 3095
2908 3 2 1 4 3095 3117 3118 3096
2909 3 2 1 4 3096 3118 3119 3097
2910 3 2 1 4 3097 3119 3120 3098
2911 3 2 1 4 3098 3120 3121 3099
2912 3 2 1 4 3099 3121 3122 3100
2913 3 2 1 4 3100 3122 3123 3101
2914 3 2 1 4 3101 3123 3124 3102
2915 3 2 1 4 3102 3124 3125 3103
2916 3 2 1 4 3103 3125 3126 3104
2917 3 2 1 4 3104 3126 3127 3105
2918 3 2 1 4 3105 3127 3128 3106
2919 3 2 1 4 3106 3128 3129 3107
2920 3 2 1 4 3107 3129 3130 3108
2921 3 2 1 4 3108 3130 3131 3109
2922 3 2 1 4 3109 3131 3132 3110
2923 3 2 1 4 3110 3132 322 321
2924 3 2 1 4 126 127 3133 3111
2925 3 2 1 4 3111 3133 3134 3112
2926 3 2 1 4 3112 3134 3135 3113
2927 3 2 1 4 3113 3135 3136 3114
2928 3 2 1 4 3114 3136 3137 3115
2929 3 2 1 4 3115 3137 3138 3116
2930 3 2 1 4 3116 3138 3139 3117
2931 3 2 1 4 3117 3139 3140 3118
2932 3 2 1 4 3118 3140 3141 3119
2933 3 2 1 4 3119 3141 3142 3120
2934 3 2 1 4 3120 3142 3143 3121
2935 3 2 1 4 3121 3143 3144 3122
2936 3 2 1 4 3122 3144 3145 3123
2937 3 2 1 4 3123 3145 3146 3124
2938 3 2 1 4 3124 3146 3147 3125
2939 3 2 1 4 3125 3147 3148 3126
2940 3 2 1 4 3126 3148 3149 3127
2941 3 2 1 4 3127 3149 3150 3128
2942 3 2 1 4 3128 3150 3151 3129
2943 3 2 1 4 3129 3151 3152 3130
2944 3 2 1 4 3130 3152 3153 3131
2945 3 2 1 4 3131 3153 3154 3132
2946 3 2 1 4 3132 3154 323 322
2947 3 2 1 4 127 128 3155 3133
2948 3 2 1 4 3133 3155 3156 3134
2949 3 2 1 4 3134 3156 3157 3135
2950 3 2 1 4 3135 3157 3158 3136
2951 3 2 1 4 3136 3158 3159 3137
2952 3 2 1 4 3137 3159 3160 3138
2953 3 2 1 4 3138 3160 3161 3139
2954 3 2 1 4 3139 3161 3162 3140
2955 3 2 1 4 3140 3162 3163 3141
2956 3 2 1 4 3141 3163 3164 3142
2957 3 2 1 4 3142 3164 3165 3143
2958 3 2 1 4 3143 3165 3166 3144
2959 3 2 1 4 3144 3166 3167 3145
2960 3 2 1 4 3145 3167 3168 3146
2961 3 2 1 4 3146 3168 3169 3147
2962 3 2 1 4 3147 3169 3170 3148
2963 3 2 1 4 3148 3170 3171 3149
2964 3 2 1 4 3149 3171 3172 3150
2965 3 2 1 4 3150 3172 3173 3151
2966 3 2 1 4 3151 3173 3174 3152
2967 3 2 1 4 3152 3174 3175 3153
2968 3 2 1 4 3153 3175 3176 3154
2969 3 2 1 4 3154 3176 324 323
2970 3 2 1 4 128 1 129 3155
2971 3 2 1 4 3155 129 130 3156
2972 3 2 1 4 3156 130 131 3157
2973 3 2 1 4 3157 131 132 3158
2974 3 2 1 4 3158 132 133 3159
2975 3 2 1 4 3159 133 134 3160
2976 3 2 1 4 3160 134 135 3161
2977 3 2 1 4 3161 135 136 3162
2978 3 2 1 4 3162 136 137 3163
2979 3 2 1 4 3163 137 138 3164
2980 3 2 1 4 3164 138 139 3165
2981 3 2 1 4 3165 139 140 3166
2982 3 2 1 4 3166 140 141 3167
2983 3 2 1 4 3167 141 142 3168
2984 3 2 1 4 3168 142 143 3169
2985 3 2 1 4 3169 143 144 3170
2986 3 2 1 4 3170 144 145 3171
2987 3 2 1 4 3171 145 146 3172
2988 3 2 1 4 3172 146 147 3173
2989 3 2 1 4 3173 147 148 3174
2990 3 2 1 4 3174 148 149 3175
2991 3 2 1 4 3175 149 150 3176
2992 3 2 1 4 3176 150 5 324
2993 3 2 1 5 9 325 3177 368
2994 3 2 1 5 368 3177 3178 367
2995 3 2 1 5 367 3178 3179 366
2996 3 2 1 5 366 3179 3180 365
2997 3 2 1 5 365 3180 3181 364
2998 3 2 1 5 364 3181 3182 363
2999 3 2 1 5 363 3182 3183 362
3000 3 2 1 5 362 3183 3184 361
3001 3 2 1 5 361 3184 3185 360
3002 3 2 1 5 360 3185 3186 359
3003 3 2 1 5 359 3186 3187 358
3004 3 2 1 5 358 3187 357 10
3005 3 2 1 5 325 326 3188 3177
3006 3 2 1 5 3177 3188 3189 3178
3007 3 2 1 5 3178 3189 3190 3179
3008 3 2 1 5 3179 3190 3191 3180
3009 3 2 1 5 3180 3191 3192 3181
3010 3 2 1 5 3181 3192 3193 3182
3011 3 2 1 5 3182 3193 3194 3183
3012 3 2 1 5 3183 3194 3195 3184
3013 3 2 1 5 3184 3195 3196 3185
3014 3 2 1 5 3185 3196 3197 3186
3015 3 2 1 5 3186 3197 3198 3187
3016 3 2 1 5 3187 3198 356 357
3017 3 2 1 5 326 327 3199 3188
3018 3 2 1 5 3188 3199 3200 3189
3019 3 2 1 5 3189 3200 3201 3190
3020 3 2 1 5 3190 3201 3202 3191
3021 3 2 1 5 3191 3202 3203 3192
3022 3 2 1 5 3192 3203 3204 3193
3023 3 2 1 5 3193 3204 3205 3194
3024 3 2 1 5 3194 3205 3206 3195
3025 3 2 1 5 3195 3206 3207 3196
3026 3 2 1 5 3196 3207 3208 3197
3027 3 2 1 5 3197 3208 3209 3198
3028 3 2 1 5 3198 3209 355 356
3029 3 2 1 5 327 328 3210 3199
3030 3 2 1 5 3199 3210 3211 3200
3031 3 2 1 5 3200 3211 3212 3201
3032 3 2 1 5 3201 3212 3213 3202
3033 3 2 1 5 3202 3213 3214 3203
3034 3 2 1 5 3203 3214 3215 3204
3035 3 2 1 5 3204 3215 3216 3205
3036 3 2 1 5 3205 3216 3217 3206
3037 3 2 1 5 3206 3217 3218 3207
3038 3 2 1 5 3207 3218 3219 3208
3039 3 2 1 5 3208 3219 3220 3209
3040 3 2 1 5 3209 3220 354 355
3041 3 2 1 5 328 329 3221 3210
3042 3 2 1 5 3210 3221 3222 3211
3043 3 2 1 5 3211 3222 3223 3212
3044 3 2 1 5 3212 3223 3224 3213
3045 3 2 1 5 3213 3224 3225 3214
3046 3 2 1 5 3214 3225 3226 3215
3047 3 2 1 5 3215 3226 3227 3216
3048 3 2 1 5 3216 3227 3228 3217
3049 3 2 1 5 3217 3228 3229 3218
3050 3 2 1 5 3218 3229 3230 3219
3051 3 2 1 5 3219 3230 3231 3220
3052 3 2 1 5 3220 3231 353 354
3053 3 2 1 5 329 330 3232 3221
3054 3 2 1 5 3221 3232 3233 3222
3055 3 2 1 5 3222 3233 3234 3223
3056 3 2 1 5 3223 3234 3235 3224
3057 3 2 1 5 3224 3235 3236 3225
3058 3 2 1 5 3225 3236 3237 3226
3059 3 2 1 5 3226 3237 3238 3227
3060 3 2 1 5 3227 3238 3239 3228
3061 3 2 1 5 3228 3239 3240 3229
3062 3 2 1 5 3229 3240 3241 3230
3063 3 2 1 5 3230 3241 3242 3231
3064 3 2 1 5 3231 3242 352 353
3065 3 2 1 5 330 331 3243 3232
3066 3 2 1 5 3232 3243 3244 3233
3067 3 2 1 5 3233 3244 3245 3234
3068 3 2 1 5 3234 3245 3246 3235
3069 3 2 1 5 3235 3246 3247 3236
3070 3 2 1 5 3236 3247 3248 3237
3071 3 2 1 5 3237 3248 3249 3238
3072 3 2 1 5 3238 3249 3250 3239
3073 3 2 1 5 3239 3250 3251 3240
3074 3 2 1 5 3240 3251 3252 3241
3075 3 2 1 5 3241 3252 3253 3242
3076 3 2 1 5 3242 3253 351 352
3077 3 2 1 5 331 332 3254 3243
3078 3 2 1 5 3243 3254 3255 3244
3079 3 2 1 5 3244 3255 3256 3245
3080 3 2 1 5 3245 3256 3257 3246
3081 3 2 1 5 3246 3257 3258 3247
3082 3 2 1 5 3247 3258 3259 3248
3083 3 2 1 5 3248 3259 3260 3249
3084 3 2 1 5 3249 3260 3261 3250
3085 3 2 1 5 3250 3261 3262 3251
3086 3 2 1 5 3251 3262 3263 3252
3087 3 2 1 5 3252 3263 3264 3253
3088 3 2 1 5 3253 3264 350 351
3089 3 2 1 5 332 333 3265 3254
3090 3 2 1 5 3254 3265 3266 3255
3091 3 2 1 5 3255 3266 3267 3256
3092 3 2 1 5 3256 3267 3268 3257
3093 3 2 1 5 3257 3268 3269 3258
3094 3 2 1 5 3258 3269 3270 3259
3095 3 2 1 5 3259 3270 3271 3260
3096 3 2 1 5 3260 3271 3272 3261
3097 3 2 1 5 3261 3272 3273 3262
3098 3 2 1 5 3262 3273 3274 3263
3099 3 2 1 5 3263 3274 3275 3264
3100 3 2 1 5 3264 3275 349 350
3101 3 2 1 5 333 334 3276 3265
3102 3 2 1 5 3265 3276 3277 3266
3103 3 2 1 5 3266 3277 3278 3267
3104 3 2 1 5 3267 3278 3279 3268
3105 3 2 1 5 3268 3279 3280 3269
3106 3 2 1 5 3269 3280 3281 3270
3107 3 2 1 5 3270 3281 3282 3271
3108 3 2 1 5 3271 3282 3283 3272
3109 3 2 1 5 3272 3283 3284 3273
3110 3 2 1 5 3273 3284 3285 3274
3111 3 2 1 5 3274 3285 3286 3275
3112 3 2 1 5 3275 3286 348 349
3113 3 2 1 5 334 335 3287 3276
3114 3 2 1 5 3276 3287 3288 3277
3115 3 2 1 5 3277 3288 3289 3278
3116 3 2 1 5 3278 3289 3290 3279
3117 3 2 1 5 3279 3290 3291 3280
3118 3 2 1 5 3280 3291 3292 3281
3119 3 2 1 5 3281 3292 3293 3282
3120 3 2 1 5 3282 3293 3294 3283
3121 3 2 1 5 3283 3294 3295 3284
3122 3 2 1 5 3284 3295 3296 3285
3123 3 2 1 5 3285 3296 3297 3286
3124 3 2 1 5 3286 3297 347 348
3125 3 2 1 5 335 20 336 3287
3126 3 2 1 5 3287 336 337 3288
3127 3 2 1 5 3288 337 338 3289
3128 3 2 1 5 3289 338 339 3290
3129 3 2 1 5 3290 339 340 3291
3130 3 2 1 5 3291 340 341 3292
3131 3 2 1 5 3292 341 342 3293
3132 3 2 1 5 3293 342 343 3294
3133 3 2 1 5 3294 343 344 3295
3134 3 2 1 5 3295 344 345 3296
3135 3 2 1 5 3296 345 346 3297
3136 3 2 1 5 3297 346 7 347
3137 3 2 1 6 10 357 3298 406
3138 3 2 1 6 406 3298 3299 405
3139 3 2 1 6 405 3299 3300 404
3140 3 2 1 6 404 3300 3301 403
3141 3 2 1 6 403 3301 3302 402
3142 3 2 1 6 402 3302 3303 401
3143 3 2 1 6 401 3303 3304 400
3144 3 2 1 6 400 3304 3305 399
3145 3 2 1 6 399 3305 3306 398
3146 3 2 1 6 398 3306 3307 397
3147 3 2 1 6 397 3307 3308 396
3148 3 2 1 6 396 3308 3309 395
3149 3 2 1 6 395 3309 3310 394
3150 3 2 1 6 394 3310 3311 393
3151 3 2 1 6 393 3311 3312 392
3152 3 2 1 6 392 3312 3313 391
3153 3 2 1 6 391 3313 3314 390
3154 3 2 1 6 390 3314 3315 389
3155 3 2 1 6 389 3315 3316 388
3156 3 2 1 6 388 3316 3317 387
3157 3 2 1 6 387 3317 3318 386
3158 3 2 1 6 386 3318 3319 385
3159 3 2 1 6 385 3319 3320 384
3160 3 2 1 6 384 3320 3321 383
3161 3 2 1 6 383 3321 3322 382
3162 3 2 1 6 382 3322 3323 381
3163 3 2 1 6 381 3323 3324 380
3164 3 2 1 6 380 3324 379 11
3165 3 2 1 6 357 356 3325 3298
3166 3 2 1 6 3298 3325 3326 3299
3167 3 2 1 6 3299 3326 3327 3300
3168 3 2 1 6 3300 3327 3328 3301
3169 3 2 1 6 3301 3328 3329 3302
3170 3 2 1 6 3302 3329 3330 3303
3171 3 2 1 6 3303 3330 3331 3304
3172 3 2 1 6 3304 3331 3332 3305
3173 3 2 1 6 3305 3332 3333 3306
3174 3 2 1 6 3306 3333 3334 3307
3175 3 2 1 6 3307 3334 3335 3308
3176 3 2 1 6 3308 3335 3336 3309
3177 3 2 1 6 3309 3336 3337 3310
3178 3 2 1 6 3310 3337 3338 3311
3179 3 2 1 6 3311 3338 3339 3312
3180 3 2 1 6 3312 3339 3340 3313
3181 3 2 1 6 3313 3340 3341 3314
3182 3 2 1 6 3314 3341 3342 3315
3183 3 2 1 6 3315 3342 3343 3316
3184 3 2 1 6 3316 3343 3344 3317
3185 3 2 1 6 3317 3344 3345 3318
3186 3 2 1 6 3318 3345 3346 3319
3187 3 2 1 6 3319 3346 3347 3320
3188 3 2 1 6 3320 3347 3348 3321
3189 3 2 1 6 3321 3348 3349 3322
3190 3 2 1 6 3322 3349 3350 3323
3191 3 2 1 6 3323 3350 3351 3324
3192 3 2 1 6 3324 3351 378 379
3193 3 2 1 6 356 355 3352 3325
3194 3 2 1 6 3325 3352 3353 3326
3195 3 2 1 6 3326 3353 3354 3327
3196 3 2 1 6 3327 3354 3355 3328
3197 3 2 1 6 3328 3355 3356 3329
3198 3 2 1 6 3329 3356 3357 3330
3199 3 2 1 6 3330 3357 3358 3331
3200 3 2 1 6 3331 3358 3359 3332
3201 3 2 1 6 3332 3359 3360 3333
3202 3 2 1 6 3333 3360 3361 3334
3203 3 2 1 6 3334 3361 3362 3335
3204 3 2 1 6 3335 3362 3363 3336
3205 3 2 1 6 3336 3363 3364 3337
3206 3 2 1 6 3337 3364 3365 3338
3207 3 2 1 6 3338 3365 3366 3339
3208 3 2 1 6 3339 3366 3367 3340
3209 3 2 1 6 3340 3367 3368 3341
3210 3 2 1 6 3341 3368 3369 3342
3211 3 2 1 6 3342 3369 3370 3343
3212 3 2 1 6 3343 3370 3371 3344
3213 3 2 1 6 3344 3371 3372 3345
3214 3 2 1 6 3345 3372 3373 3346
3215 3 2 1 6 3346 3373 3374 3347
3216 3 2 1 6 3347 3374 3375 3348
3217 3 2 1 6 3348 3375 3376 3349
3218 3 2 1 6 3349 3376 3377 3350
3219 3 2 1 6 3350 3377 3378 3351
3220 3 2 1 6 3351 3378 377 378
3221 3 2 1 6 355 354 3379 3352
3222 3 2 1 6 3352 3379 3380 3353
3223 3 2 1 6 3353 3380 3381 3354
3224 3 2 1 6 3354 3381 3382 3355
3225 3 2 1 6 3355 3382 3383 3356
3226 3 2 1 6 3356 3383 3384 3357
3227 3 2 1 6 3357 3384 3385 3358
3228 3 2 1 6 3358 3385 3386 3359
3229 3 2 1 6 3359 3386 3387 3360
3230 3 2 1 6 3360 3387 3388 3361
3231 3 2 1 6 3361 3388 3389 3362
3232 3 2 1 6 3362 3389 3390 3363
3233 3 2 1 6 3363 3390 3391 3364
3234 3 2 1 6 3364 3391 3392 3365
3235 3 2 1 6 3365 3392 3393 3366
3236 3 2 1 6 3366 3393 3394 3367
3237 3 2 1 6 3367 3394 3395 3368
3238 3 2 1 6 3368 3395 3396 3369
3239 3 2 1 6 3369 3396 3397 3370
3240 3 2 1 6 3370 3397 3398 3371
3241 3 2 1 6 3371 3398 3399 3372
3242 3 2 1 6 3372 3399 3400 3373
3243 3 2 1 6 3373 3400 3401 3374
3244 3 2 1 6 3374 3401 3402 3375
3245 3 2 1 6 3375 3402 3403 3376
3246 3 2 1 6 3376 3403 3404 3377
3247 3 2 1 6 3377 3404 3405 3378
3248 3 2 1 6 3378 3405 376 377
3249 3 2 1 6 354 353 3406 3379
3250 3 2 1 6 3379 3406 3407 3380
3251 3 2 1 6 3380 3407 3408 3381
3252 3 2 1 6 3381 3408 3409 3382
3253 3 2 1 6 3382 3409 3410 3383
3254 3 2 1 6 3383 3410 3411 3384
3255 3 2 1 6 3384 3411 3412 3385
3256 3 2 1 6 3385 3412 3413 3386
3257 3 2 1 6 3386 3413 3414 3387
3258 3 2 1 6 3387 3414 3415 3388
3259 3 2 1 6 3388 3415 3416 3389
3260 3 2 1 6 3389 3416 3417 3390
3261 3 2 1 6 3390 3417 3418 3391
3262 3 2 1 6 3391 3418 3419 3392
3263 3 2 1 6 3392 3419 3420 3393
3264 3 2 1 6 3393 3420 3421 3394
3265 3 2 1 6 3394 3421 3422 3395
3266 3 2 1 6 3395 3422 3423 3396
3267 3 2 1 6 3396 3423 3424 3397
3268 3 2 1 6 3397 3424 3425 3398
3269 3 2 1 6 3398 3425 3426 3399
3270 3 2 1 6 3399 3426 3427 3400
3271 3 2 1 6 3400 3427 3428 3401
3272 3 2 1 6 3401 3428 3429 3402
3273 3 2 1 6 3402 3429 3430 3403
3274 3 2 1 6 3403 3430 3431 3404
3275 3 2 1 6 3404 3431 3432 3405
3276 3 2 1 6 3405 3432 375 376
3277 3 2 1 6 353 352 3433 3406
3278 3 2 1 6 3406 3433 3434 3407
3279 3 2 1 6 3407 3434 3435 3408
3280 3 2 1 6 3408 3435 3436 3409
3281 3 2 1 6 3409 3436 3437 3410
3282 3 2 1 6 3410 3437 3438 3411
3283 3 2 1 6 3411 3438 3439 3412
3284 3 2 1 6 3412 3439 3440 3413
3285 3 2 1 6 3413 3440 3441 3414
3286 3 2 1 6 3414 3441 3442 3415
3287 3 2 1 6 3415 3442 3443 3416
3288 3 2 1 6 3416 3443 3444 3417
3289 3 2 1 6 3417 3444 3445 3418
3290 3 2 1 6 3418 3445 3446 3419
3291 3 2 1 6 3419 3446 3447 3420
3292 3 2 1 6 3420 3447 3448 3421
3293 3 2 1 6 3421 3448 3449 3422
3294 3 2 1 6 3422 3449 3450 3423
3295 3 2 1 6 3423 3450 3451 3424
3296 3 2 1 6 3424 3451 3452 3425
3297 3 2 1 6 3425 3452 3453 3426
3298 3 2 1 6 3426 3453 3454 3427
3299 3 2 1 6 3427 3454 3455 3428
3300 3 2 1 6 3428 3455 3456 3429
3301 3 2 1 6 3429 3456 3457 3430
3302 3 2 1 6 3430 3457 3458 3431
3303 3 2 1 6 3431 3458 3459 3432
3304 3 2 1 6 3432 3459 374 375
3305 3 2 1 6 352 351 3460 3433
3306 3 2 1 6 3433 3460 3461 3434
3307 3 2 1 6 3434 3461 3462 3435
3308 3 2 1 6 3435 3462 3463 3436
3309 3 2 1 6 3436 3463 3464 3437
3310 3 2 1 6 3437 3464 3465 3438
3311 3 2 1 6 3438 3465 3466 3439
3312 3 2 1 6 3439 3466 3467 3440
3313 3 2 1 6 3440 3467 3468 3441
3314 3 2 1 6 3441 3468 3469 3442
3315 3 2 1 6 3442 3469 3470 3443
3316 3 2 1 6 3443 3470 3471 3444
3317 3 2 1 6 3444 3471 3472 3445
3318 3 2 1 6 3445 3472 3473 3446
3319 3 2 1 6 3446 3473 3474 3447
3320 3 2 1 6 3447 3474 3475 3448
3321 3 2 1 6 3448 3475 3476 3449
3322 3 2 1 6 3449 3476 3477 3450
3323 3 2 1 6 3450 3477 3478 3451
3324 3 2 1 6 3451 3478 3479 3452
3325 3 2 1 6 3452 3479 3480 3453
3326 3 2 1 6 3453 3480 3481 3454
3327 3 2 1 6 3454 3481 3482 3455
3328 3 2 1 6 3455 3482 3483 3456
3329 3 2 1 6 3456 3483 3484 3457
3330 3 2 1 6 3457 3484 3485 3458
3331 3 2 1 6 3458 3485 3486 3459
3332 3 2 1 6 3459 3486 373 374
3333 3 2 1 6 351 350 3487 3460
3334 3 2 1 6 3460 3487 3488 3461
3335 3 2 1 6 3461 3488 3489 3462
3336 3 2 1 6 3462 3489 3490 3463
3337 3 2 1 6 3463 3490 3491 3464
3338 3 2 1 6 3464 3491 3492 3465
3339 3 2 1 6 3465 3492 3493 3466
3340 3 2 1 6 3466 3493 3494 3467
3341 3 2 1 6 3467 3494 3495 3468
3342 3 2 1 6 3468 3495 3496 3469
3343 3 2 1 6 3469 3496 3497 3470
3344 3 2 1 6 3470 3497 3498 3471
3345 3 2 1 6 3471 3498 3499 3472
3346 3 2 1 6 3472 3499 3500 3473
3347 3 2 1 6 3473 3500 3501 3474
3348 3 2 1 6 3474 3501 3502 3475
3349 3 2 1 6 3475 3502 3503 3476
3350 3 2 1 6 3476 3503 3504 3477
3351 3 2 1 6 3477 3504 3505 3478
3352 3 2 1 6 3478 3505 3506 3479
3353 3 2 1 6 3479 3506 3507 3480
3354 3 2 1 6 3480 3507 3508 3481
3355 3 2 1 6 3481 3508 3509 3482
3356 3 2 1 6 3482 3509 3510 3483
3357 3 2 1 6 3483 3510 3511 3484
3358 3 2 1 6 3484 3511 3512 3485
3359 3 2 1 6 3485 3512 3513 3486
3360 3 2 1 6 3486 3513 372 373
3361 3 2 1 6 350 349 3514 3487
3362 3 2 1 6 3487 3514 3515 3488
3363 3 2 1 6 3488 3515 3516 3489
3364 3 2 1 6 3489 3516 3517 3490
3365 3 2 1 6 3490 3517 3518 3491
3366 3 2 1 6 3491 3518 3519 3492
3367 3 2 1 6 3492 3519 3520 3493
3368 3 2 1 6 3493 3520 3521 3494
3369 3 2 1 6 3494 3521 3522 3495
3370 3 2 1 6 3495 3522 3523 3496
3371 3 2 1 6 3496 3523 3524 3497
3372 3 2 1 6 3497 3524 3525 3498
3373 3 2 1 6 3498 3525 3526 3499
3374 3 2 1 6 3499 3526 3527 3500
3375 3 2 1 6 3500 3527 3528 3501
3376 3 2 1 6 3501 3528 3529 3502
3377 3 2 1 6 3502 3529 3530 3503
3378 3 2 1 6 3503 3530 3531 3504
3379 3 2 1 6 3504 3531 3532 3505
3380 3 2 1 6 3505 3532 3533 3506
3381 3 2 1 6 3506 3533 3534 3507
3382 3 2 1 6 3507 3534 3535 3508
3383 3 2 1 6 3508 3535 3536 3509
3384 3 2 1 6 3509 3536 3537 3510
3385 3 2 1 6 3510 3537 3538 3511
3386 3 2 1 6 3511 3538 3539 3512
3387 3 2 1 6 3512 3539 3540 3513
3388 3 2 1 6 3513 3540 371 372
3389 3 2 1 6 349 348 3541 3514
3390 3 2 1 6 3514 3541 3542 3515
3391 3 2 1 6 3515 3542 3543 3516
3392 3 2 1 6 3516 3543 3544 3517
3393 3 2 1 6 3517 3544 3545 3518
3394 3 2 1 6 3518 3545 3546 3519
3395 3 2 1 6 3519 3546 3547 3520
3396 3 2 1 6 3520 3547 3548 3521
3397 3 2 1 6 3521 3548 3549 3522
3398 3 2 1 6 3522 3549 3550 3523
3399 3 2 1 6 3523 3550 3551 3524
3400 3 2 1 6 3524 3551 3552 3525
3401 3 2 1 6 3525 3552 3553 3526
3402 3 2 1 6 3526 3553 3554 3527
3403 3 2 1 6 3527 3554 3555 3528
3404 3 2 1 6 3528 3555 3556 3529
3405 3 2 1 6 3529 3556 3557 3530
3406 3 2 1 6 3530 3557 3558 3531
3407 3 2 1 6 3531 3558 3559 3532
3408 3 2 1 6 3532 3559 3560 3533
3409 3 2 1 6 3533 3560 3561 3534
3410 3 2 1 6 3534 3561 3562 3535
3411 3 2 1 6 3535 3562 3563 3536
3412 3 2 1 6 3536 3563 3564 3537
3413 3 2 1 6 3537 3564 3565 3538
3414 3 2 1 6 3538 3565 3566 3539
3415 3 2 1 6 3539 3566 3567 3540
3416 3 2 1 6 3540 3567 370 371
3417 3 2 1 6 348 347 3568 3541
3418 3 2 1 6 3541 3568 3569 3542
3419 3 2 1 6 3542 3569 3570 3543
3420 3 2 1 6 3543 3570 3571 3544
3421 3 2 1 6 3544 3571 3572 3545
3422 3 2 1 6 3545 3572 3573 3546
3423 3 2 1 6 3546 3573 3574 3547
3424 3 2 1 6 3547 3574 3575 3548
3425 3 2 1 6 3548 3575 3576 3549
3426 3 2 1 6 3549 3576 3577 3550
3427 3 2 1 6 3550 3577 3578 3551
3428 3 2 1 6 3551 3578 3579 3552
3429 3 2 1 6 3552 3579 3580 3553
3430 3 2 1 6 3553 3580 3581 3554
3431 3 2 1 6 3554 3581 3582 3555
3432 3 2 1 6 3555 3582 3583 3556
3433 3 2 1 6 3556 3583 3584 3557
3434 3 2 1 6 3557 3584 3585 3558
3435 3 2 1 6 3558 3585 3586 3559
3436 3 2 1 6 3559 3586 3587 3560
3437 3 2 1 6 3560 3587 3588 3561
3438 3 2 1 6 3561 3588 3589 3562
3439 3 2 1 6 3562 3589 3590 3563
3440 3 2 1 6 3563 3590 3591 3564
3441 3 2 1 6 3564 3591 3592 3565
3442 3 2 1 6 3565 3592 3593 3566
3443 3 2 1 6 3566 3593 3594 3567
3444 3 2 1 6 3567 3594 369 370
3445 3 2 1 6 347 7 270 3568
3446 3 2 1 6 3568 270 269 3569
3447 3 2 1 6 3569 269 268 3570
3448 3 2 1 6 3570 268 267 3571
3449 3 2 1 6 3571 267 266 3572
3450 3 2 1 6 3572 266 265 3573
3451 3 2 1 6 3573 265 264 3574
3452 3 2 1 6 3574 264 263 3575
3453 3 2 1 6 3575 263 262 3576
3454 3 2 1 6 3576 262 261 3577
3455 3 2 1 6 3577 261 260 3578
3456 3 2 1 6 3578 260 259 3579
3457 3 2 1 6 3579 259 258 3580
3458 3 2 1 6 3580 258 257 3581
3459 3 2 1 6 3581 257 256 3582
3460 3 2 1 6 3582 256 255 3583
3461 3 2 1 6 3583 255 254 3584
3462 3 2 1 6 3584 254 253 3585
3463 3 2 1 6 3585 253 252 3586
3464 3 2 1 6 3586 252 251 3587
3465 3 2 1 6 3587 251 250 3588
3466 3 2 1 6 3588 250 249 3589
3467 3 2 1 6 3589 249 248 3590
3468 3 2 1 6 3590 248 247 3591
3469 3 2 1 6 3591 247 246 3592
3470 3 2 1 6 3592 246 245 3593
3471 3 2 1 6 3593 245 244 3594
3472 3 2 1 6 3594 244 6 369
3473 3 2 1 7 11 379 3595 439
3474 3 2 1 7 439 3595 3596 438
3475 3 2 1 7 438 3596 3597 437
3476 3 2 1 7 437 3597 3598 436
3477 3 2 1 7 436 3598 3599 435
3478 3 2 1 7 435 3599 3600 434
3479 3 2 1 7 434 3600 3601 433
3480 3 2 1 7 433 3601 3602 432
3481 3 2 1 7 432 3602 3603 431
3482 3 2 1 7 431 3603 3604 430
3483 3 2 1 7 430 3604 3605 429
3484 3 2 1 7 429 3605 428 12
3485 3 2 1 7 379 378 3606 3595
3486 3 2 1 7 3595 3606 3607 3596
3487 3 2 1 7 3596 3607 3608 3597
3488 3 2 1 7 3597 3608 3609 3598
3489 3 2 1 7 3598 3609 3610 3599
3490 3 2 1 7 3599 3610 3611 3600
3491 3 2 1 7 3600 3611 3612 3601
3492 3 2 1 7 3601 3612 3613 3602
3493 3 2 1 7 3602 3613 3614 3603
3494 3 2 1 7 3603 3614 3615 3604
3495 3 2 1 7 3604 3615 3616 3605
3496 3 2 1 7 3605 3616 427 428
3497 3 2 1 7 378 377 3617 3606
3498 3 2 1 7 3606 3617 3618 3607
3499 3 2 1 7 3607 3618 3619 3608
3500 3 2 1 7 3608 3619 3620 3609
3501 3 2 1 7 3609 3620 3621 3610
3502 3 2 1 7 3610 3621 3622 3611
3503 3 2 1 7 3611 3622 3623 3612
3504 3 2 1 7 3612 3623 3624 3613
3505 3 2 1 7 3613 3624 3625 3614
3506 3 2 1 7 3614 3625 3626 3615
3507 3 2 1 7 3615 3626 3627 3616
3508 3 2 1 7 3616 3627 426 427
3509 3 2 1 7 377 376 3628 3617
3510 3 2 1 7 3617 3628 3629 3618
3511 3 2 1 7 3618 3629 3630 3619
3512 3 2 1 7 3619 3630 3631 3620
3513 3 2 1 7 3620 3631 3632 3621
3514 3 2 1 7 3621 3632 3633 3622
3515 3 2 1 7 3622 3633 3634 3623
3516 3 2 1 7 3623 3634 3635 3624
3517 3 2 1 7 3624 3635 3636 3625
3518 3 2 1 7 3625 3636 3637 3626
3519 3 2 1 7 3626 3637 3638 3627
3520 3 2 1 7 3627 3638 425 426
3521 3 2 1 7 376 375 3639 3628
3522 3 2 1 7 3628 3639 3640 3629
3523 3 2 1 7 3629 3640 3641 3630
3524 3 2 1 7 3630 3641 3642 3631
3525 3 2 1 7 3631 3642 3643 3632
3526 3 2 1 7 3632 3643 3644 3633
3527 3 2 1 7 3633 3644 3645 3634
3528 3 2 1 7 3634 3645 3646 3635
3529 3 2 1 7 3635 3646 3647 3636
3530 3 2 1 7 3636 3647 3648 3637
3531 3 2 1 7 3637 3648 3649 3638
3532 3 2 1 7 3638 3649 424 425
3533 3 2 1 7 375 374 3650 3639
3534 3 2 1 7 3639 3650 3651 3640
3535 3 2 1 7 3640 3651 3652 3641
3536 3 2 1 7 3641 3652 3653 3642
3537 3 2 1 7 3642 3653 3654 3643
3538 3 2 1 7 3643 3654 3655 3644
3539 3 2 1 7 3644 3655 3656 3645
3540 3 2 1 7 3645 3656 3657 3646
3541 3 2 1 7 3646 3657 3658 3647
3542 3 2 1 7 3647 3658 3659 3648
3543 3 2 1 7 3648 3659 3660 3649
3544 3 2 1 7 3649 3660 423 424
3545 3 2 1 7 374 373 3661 3650
3546 3 2 1 7 3650 3661 3662 3651
3547 3 2 1 7 3651 3662 3663 3652
3548 3 2 1 7 3652 3663 3664 3653
3549 3 2 1 7 3653 3664 3665 3654
3550 3 2 1 7 3654 3665 3666 3655
3551 3 2 1 7 3655 3666 3667 3656
3552 3 2 1 7 3656 3667 3668 3657
3553 3 2 1 7 3657 3668 3669 3658
3554 3 2 1 7 3658 3669 3670 3659
3555 3 2 1 7 3659 3670 3671 3660
3556 3 2 1 7 3660 3671 422 423
3557 3 2 1 7 373 372 3672 3661
3558 3 2 1 7 3661 3672 3673 3662
3559 3 2 1 7 3662 3673 3674 3663
3560 3 2 1 7 3663 3674 3675 3664
3561 3 2 1 7 3664 3675 3676 3665
3562 3 2 1 7 3665 3676 3677 3666
3563 3 2 1 7 3666 3677 3678 3667
3564 3 2 1 7 3667 3678 3679 3668
3565 3 2 1 7 3668 3679 3680 3669
3566 3 2 1 7 3669 3680 3681 3670
3567 3 2 1 7 3670 3681 3682 3671
3568 3 2 1 7 3671 3682 421 422
3569 3 2 1 7 372 371 3683 3672
3570 3 2 1 7 3672 3683 3684 3673
3571 3 2 1 7 3673 3684 3685 3674
3572 3 2 1 7 3674 3685 3686 3675
3573 3 2 1 7 3675 3686 3687 3676
3574 3 2 1 7 3676 3687 3688 3677
3575 3 2 1 7 3677 3688 3689 3678
3576 3 2 1 7 3678 3689 3690 3679
3577 3 2 1 7 3679 3690 3691 3680
3578 3 2 1 7 3680 3691 3692 3681
3579 3 2 1 7 3681 3692 3693 3682
3580 3 2 1 7 3682 3693 420 421
3581 3 2 1 7 371 370 3694 3683
3582 3 2 1 7 3683 3694 3695 3684
3583 3 2 1 7 3684 3695 3696 3685
3584 3 2 1 7 3685 3696 3697 3686
3585 3 2 1 7 3686 3697 3698 3687
3586 3 2 1 7 3687 3698 3699 3688
3587 3 2 1 7 3688 3699 3700 3689
3588 3 2 1 7 3689 3700 3701 3690
3589 3 2 1 7 3690 3701 3702 3691
3590 3 2 1 7 3691 3702 3703 3692
3591 3 2 1 7 3692 3703 3704 3693
3592 3 2 1 7 3693 3704 419 420
3593 3 2 1 7 370 369 3705 3694
3594 3 2 1 7 3694 3705 3706 3695
3595 3 2 1 7 3695 3706 3707 3696
3596 3 2 1 7 3696 3707 3708 3697
3597 3 2 1 7 3697 3708 3709 3698
3598 3 2 1 7 3698 3709 3710 3699
3599 3 2 1 7 3699 3710 3711 3700
3600 3 2 1 7 3700 3711 3712 3701
3601 3 2 1 7 3701 3712 3713 3702
3602 3 2 1 7 3702 3713 3714 3703
3603 3 2 1 7 3703 3714 3715 3704
3604 3 2 1 7 3704 3715 418 419
3605 3 2 1 7 369 6 407 3705
3606 3 2 1 7 3705 407 408 3706
3607 3 2 1 7 3706 408 409 3707
3608 3 2 1 7 3707 409 410 3708
3609 3 2 1 7 3708 410 411 3709
3610 3 2 1 7 3709 411 412 3710
3611 3 2 1 7 3710 412 413 3711
3612 3 2 1 7 3711 413 414 3712
3613 3 2 1 7 3712 414 415 3713
3614 3 2 1 7 3713 415 416 3714
3615 3 2 1 7 3714 416 417 3715
3616 3 2 1 7 3715 417 13 418
3617 3 2 1 8 20 440 3716 336
3618 3 2 1 8 336 3716 3717 337
3619 3 2 1 8 337 3717 3718 338
3620 3 2 1 8 338 3718 3719 339
3621 3 2 1 8 339 3719 3720 340
3622 3 2 1 8 340 3720 3721 341
3623 3 2 1 8 341 3721 3722 342
3624 3 2 1 8 342 3722 3723 343
3625 3 2 1 8 343 3723 3724 344
3626 3 2 1 8 344 3724 3725 345
3627 3 2 1 8 345 3725 3726 346
3628 3 2 1 8 346 3726 271 7
3629 3 2 1 8 440 441 3727 3716
3630 3 2 1 8 3716 3727 3728 3717
3631 3 2 1 8 3717 3728 3729 3718
3632 3 2 1 8 3718 3729 3730 3719
3633 3 2 1 8 3719 3730 3731 3720
3634 3 2 1 8 3720 3731 3732 3721
3635 3 2 1 8 3721 3732 3733 3722
3636 3 2 1 8 3722 3733 3734 3723
3637 3 2 1 8 3723 3734 3735 3724
3638 3 2 1 8 3724 3735 3736 3725
3639 3 2 1 8 3725 3736 3737 3726
3640 3 2 1 8 3726 3737 272 271
3641 3 2 1 8 441 442 3738 3727
3642 3 2 1 8 3727 3738 3739 3728
3643 3 2 1 8 3728 3739 3740 3729
3644 3 2 1 8 3729 3740 3741 3730
3645 3 2 1 8 3730 3741 3742 3731
3646 3 2 1 8 3731 3742 3743 3732
3647 3 2 1 8 3732 3743 3744 3733
3648 3 2 1 8 3733 3744 3745 3734
3649 3 2 1 8 3734 3745 3746 3735
3650 3 2 1 8 3735 3746 3747 3736
3651 3 2 1 8 3736 3747 3748 3737
3652 3 2 1 8 3737 3748 273 272
3653 3 2 1 8 442 443 3749 3738
3654 3 2 1 8 3738 3749 3750 3739
3655 3 2 1 8 3739 3750 3751 3740
3656 3 2 1 8 3740 3751 3752 3741
3657 3 2 1 8 3741 3752 3753 3742
3658 3 2 1 8 3742 3753 3754 3743
3659 3 2 1 8 3743 3754 3755 3744
3660 3 2 1 8 3744 3755 3756 3745
3661 3 2 1 8 3745 3756 3757 3746
3662 3 2 1 8 3746 3757 3758 3747
3663 3 2 1 8 3747 3758 3759 3748
3664 3 2 1 8 3748 3759 274 273
3665 3 2 1 8 443 444 3760 3749
3666 3 2 1 8 3749 3760 3761 3750
3667 3 2 1 8 3750 3761 3762 3751
3668 3 2 1 8 3751 3762 3763 3752
3669 3 2 1 8 3752 3763 3764 3753
3670 3 2 1 8 3753 3764 3765 3754
3671 3 2 1 8 3754 3765 3766 3755
3672 3 2 1 8 3755 3766 3767 3756
3673 3 2 1 8 3756 3767 3768 3757
3674 3 2 1 8 3757 3768 3769 3758
3675 3 2 1 8 3758 3769 3770 3759
3676 3 2 1 8 3759 3770 275 274
3677 3 2 1 8 444 445 3771 3760
3678 3 2 1 8 3760 3771 3772 3761
3679 3 2 1 8 3761 3772 3773 3762
3680 3 2 1 8 3762 3773 3774 3763
3681 3 2 1 8 3763 3774 3775 3764
3682 3 2 1 8 3764 3775 3776 3765
3683 3 2 1 8 3765 3776 3777 3766
3684 3 2 1 8 3766 3777 3778 3767
3685 3 2 1 8 3767 3778 3779 3768
3686 3 2 1 8 3768 3779 3780 3769
3687 3 2 1 8 3769 3780 3781 3770
3688 3 2 1 8 3770 3781 276 275
3689 3 2 1 8 445 446 3782 3771
3690 3 2 1 8 3771 3782 3783 3772
3691 3 2 1 8 3772 3783 3784 3773
3692 3 2 1 8 3773 3784 3785 3774
3693 3 2 1 8 3774 3785 3786 3775
3694 3 2 1 8 3775 3786 3787 3776
3695 3 2 1 8 3776 3787 3788 3777
3696 3 2 1 8 3777 3788 3789 3778
3697 3 2 1 8 3778 3789 3790 3779
3698 3 2 1 8 3779 3790 3791 3780
3699 3 2 1 8 3780 3791 3792 3781
3700 3 2 1 8 3781 3792 277 276
3701 3 2 1 8 446 447 3793 3782
3702 3 2 1 8 3782 3793 3794 3783
3703 3 2 1 8 3783 3794 3795 3784
3704 3 2 1 8 3784 3795 3796 3785
3705 3 2 1 8 3785 3796 3797 3786
3706 3 2 1 8 3786 3797 3798 3787
3707 3 2 1 8 3787 3798 3799 3788
3708 3 2 1 8 3788 3799 3800 3789
3709 3 2 1 8 3789 3800 3801 3790
3710 3 2 1 8 3790 3801 3802 3791
3711 3 2 1 8 3791 3802 3803 3792
3712 3 2 1 8 3792 3803 278 277
3713 3 2 1 8 447 448 3804 3793
3714 3 2 1 8 3793 3804 3805 3794
3715 3 2 1 8 3794 3805 3806 3795
3716 3 2 1 8 3795 3806 3807 3796
3717 3 2 1 8 3796 3807 3808 3797
3718 3 2 1 8 3797 3808 3809 3798
3719 3 2 1 8 3798 3809 3810 3799
3720 3 2 1 8 3799 3810 3811 3800
3721 3 2 1 8 3800 3811 3812 3801
3722 3 2 1 8 3801 3812 3813 3802
3723 3 2 1 8 3802 3813 3814 3803
3724 3 2 1 8 3803 3814 279 278
3725 3 2 1 8 448 449 3815 3804
3726 3 2 1 8 3804 3815 3816 3805
3727 3 2 1 8 3805 3816 3817 3806
3728 3 2 1 8 3806 3817 3818 3807
3729 3 2 1 8 3807 3818 3819 3808
3730 3 2 1 8 3808 3819 3820 3809
3731 3 2 1 8 3809 3820 3821 3810
3732 3 2 1 8 3810 3821 3822 3811
3733 3 2 1 8 3811 3822 3823 3812
3734 3 2 1 8 3812 3823 3824 3813
3735 3 2 1 8 3813 3824 3825 3814
3736 3 2 1 8 3814 3825 280 279
3737 3 2 1 8 449 450 3826 3815
3738 3 2 1 8 3815 3826 3827 3816
3739 3 2 1 8 3816 3827 3828 3817
3740 3 2 1 8 3817 3828 3829 3818
3741 3 2 1 8 3818 3829 3830 3819
3742 3 2 1 8 3819 3830 3831 3820
3743 3 2 1 8 3820 3831 3832 3821
3744 3 2 1 8 3821 3832 3833 3822
3745 3 2 1 8 3822 3833 3834 3823
3746 3 2 1 8 3823 3834 3835 3824
3747 3 2 1 8 3824 3835 3836 3825
3748 3 2 1 8 3825 3836 281 280
3749 3 2 1 8 450 451 3837 3826
3750 3 2 1 8 3826 3837 3838 3827
3751 3 2 1 8 3827 3838 3839 3828
3752 3 2 1 8 3828 3839 3840 3829
3753 3 2 1 8 3829 3840 3841 3830
3754 3 2 1 8 3830 3841 3842 3831
3755 3 2 1 8 3831 3842 3843 3832
3756 3 2 1 8 3832 3843 3844 3833
3757 3 2 1 8 3833 3844 3845 3834
3758 3 2 1 8 3834 3845 3846 3835
3759 3 2 1 8 3835 3846 3847 3836
3760 3 2 1 8 3836 3847 282 281
3761 3 2 1 8 451 452 3848 3837
3762 3 2 1 8 3837 3848 3849 3838
3763 3 2 1 8 3838 3849 3850 3839
3764 3 2 1 8 3839 3850 3851 3840
3765 3 2 1 8 3840 3851 3852 3841
3766 3 2 1 8 3841 3852 3853 3842
3767 3 2 1 8 3842 3853 3854 3843
3768 3 2 1 8 3843 3854 3855 3844
3769 3 2 1 8 3844 3855 3856 3845
3770 3 2 1 8 3845 3856 3857 3846
3771 3 2 1 8 3846 3857 3858 3847
3772 3 2 1 8 3847 3858 283 282
3773 3 2 1 8 452 453 3859 3848
3774 3 2 1 8 3848 3859 3860 3849
3775 3 2 1 8 3849 3860 3861 3850
3776 3 2 1 8 3850 3861 3862 3851
3777 3 2 1 8 3851 3862 3863 3852
3778 3 2 1 8 3852 3863 3864 3853
3779 3 2 1 8 3853 3864 3865 3854
3780 3 2 1 8 3854 3865 3866 3855
3781 3 2 1 8 3855 3866 3867 3856
3782 3 2 1 8 3856 3867 3868 3857
3783 3 2 1 8 3857 3868 3869 3858
3784 3 2 1 8 3858 3869 284 283
3785 3 2 1 8 453 454 3870 3859
3786 3 2 1 8 3859 3870 3871 3860
3787 3 2 1 8 3860 3871 3872 3861
3788 3 2 1 8 3861 3872 3873 3862
3789 3 2 1 8 3862 3873 3874 3863
3790 3 2 1 8 3863 3874 3875 3864
3791 3 2 1 8 3864 3875 3876 3865
3792 3 2 1 8 3865 3876 3877 3866
3793 3 2 1 8 3866 3877 3878 3867
3794 3 2 1 8 3867 3878 3879 3868
3795 3 2 1 8 3868 3879 3880 3869
3796 3 2 1 8 3869 3880 285 284
3797 3 2 1 8 454 455 3881 3870
3798 3 2 1 8 3870 3881 3882 3871
3799 3 2 1 8 3871 3882 3883 3872
3800 3 2 1 8 3872 3883 3884 3873
3801 3 2 1 8 3873 3884 3885 3874
3802 3 2 1 8 3874 3885 3886 3875
3803 3 2 1 8 3875 3886 3887 3876
3804 3 2 1 8 3876 3887 3888 3877
3805 3 2 1 8 3877 3888 3889 3878
3806 3 2 1 8 3878 3889 3890 3879
3807 3 2 1 8 3879 3890 3891 3880
3808 3 2 1 8 3880 3891 286 285
3809 3 2 1 8 455 456 3892 3881
3810 3 2 1 8 3881 3892 3893 3882
3811 3 2 1 8 3882 3893 3894 3883
3812 3 2 1 8 3883 3894 3895 3884
3813 3 2 1 8 3884 3895 3896 3885
3814 3 2 1 8 3885 3896 3897 3886
3815 3 2 1 8 3886 3897 3898 3887
3816 3 2 1 8 3887 3898 3899 3888
3817 3 2 1 8 3888 3899 3900 3889
3818 3 2 1 8 3889 3900 3901 3890
3819 3 2 1 8 3890 3901 3902 3891
3820 3 2 1 8 3891 3902 287 286
3821 3 2 1 8 456 457 3903 3892
3822 3 2 1 8 3892 3903 3904 3893
3823 3 2 1 8 3893 3904 3905 3894
3824 3 2 1 8 3894 3905 3906 3895
3825 3 2 1 8 3895 3906 3907 3896
3826 3 2 1 8 3896 3907 3908 3897
3827 3 2 1 8 3897 3908 3909 3898
3828 3 2 1 8 3898 3909 3910 3899
3829 3 2 1 8 3899 3910 3911 3900
3830 3 2 1 8 3900 3911 3912 3901
3831 3 2 1 8 3901 3912 3913 3902
3832 3 2 1 8 3902 3913 288 287
3833 3 2 1 8 457 458 3914 3903
3834 3 2 1 8 3903 3914 3915 3904
3835 3 2 1 8 3904 3915 3916 3905
3836 3 2 1 8 3905 3916 3917 3906
3837 3 2 1 8 3906 3917 3918 3907
3838 3 2 1 8 3907 3918 3919 3908
3839 3 2 1 8 3908 3919 3920 3909
3840 3 2 1 8 3909 3920 3921 3910
3841 3 2 1 8 3910 3921 3922 3911
3842 3 2 1 8 3911 3922 3923 3912
3843 3 2 1 8 3912 3923 3924 3913
3844 3 2 1 8 3913 3924 289 288
3845 3 2 1 8 458 459 3925 3914
3846 3 2 1 8 3914 3925 3926 3915
3847 3 2 1 8 3915 3926 3927 3916
3848 3 2 1 8 3916 3927 3928 3917
3849 3 2 1 8 3917 3928 3929 3918
3850 3 2 1 8 3918 3929 3930 3919
3851 3 2 1 8 3919 3930 3931 3920
3852 3 2 1 8 3920 3931 3932 3921
3853 3 2 1 8 3921 3932 3933 3922
3854 3 2 1 8 3922 3933 3934 3923
3855 3 2 1 8 3923 3934 3935 3924
3856 3 2 1 8 3924 3935 290 289
3857 3 2 1 8 459 460 3936 3925
3858 3 2 1 8 3925 3936 3937 3926
3859 3 2 1 8 3926 3937 3938 3927
3860 3 2 1 8 3927 3938 3939 3928
3861 3 2 1 8 3928 3939 3940 3929
3862 3 2 1 8 3929 3940 3941 3930
3863 3 2 1 8 3930 3941 3942 3931
3864 3 2 1 8 3931 3942 3943 3932
3865 3 2 1 8 3932 3943 3944 3933
3866 3 2 1 8 3933 3944 3945 3934
3867 3 2 1 8 3934 3945 3946 3935
3868 3 2 1 8 3935 3946 291 290
3869 3 2 1 8 460 461 3947 3936
3870 3 2 1 8 3936 3947 3948 3937
3871 3 2 1 8 3937 3948 3949 3938
3872 3 2 1 8 3938 3949 3950 3939
3873 3 2 1 8 3939 3950 3951 3940
3874 3 2 1 8 3940 3951 3952 3941
3875 3 2 1 8 3941 3952 3953 3942
3876 3 2 1 8 3942 3953 3954 3943
3877 3 2 1 8 3943 3954 3955 3944
3878 3 2 1 8 3944 3955 3956 3945
3879 3 2 1 8 3945 3956 3957 3946
3880 3 2 1 8 3946 3957 292 291
3881 3 2 1 8 461 462 3958 3947
3882 3 2 1 8 3947 3958 3959 3948
3883 3 2 1 8 3948 3959 3960 3949
3884 3 2 1 8 3949 3960 3961 3950
3885 3 2 1 8 3950 3961 3962 3951
3886 3 2 1 8 3951 3962 3963 3952
3887 3 2 1 8 3952 3963 3964 3953
3888 3 2 1 8 3953 3964 3965 3954
3889 3 2 1 8 3954 3965 3966 3955
3890 3 2 1 8 3955 3966 3967 3956
3891 3 2 1 8 3956 3967 3968 3957
3892 3 2 1 8 3957 3968 293 292
3893 3 2 1 8 462 463 3969 3958
3894 3 2 1 8 3958 3969 3970 3959
3895 3 2 1 8 3959 3970 3971 3960
3896 3 2 1 8 3960 3971 3972 3961
3897 3 2 1 8 3961 3972 3973 3962
3898 3 2 1 8 3962 3973 3974 3963
3899 3 2 1 8 3963 3974 3975 3964
3900 3 2 1 8 3964 3975 3976 3965
3901 3 2 1 8 3965 3976 3977 3966
3902 3 2 1 8 3966 3977 3978 3967
3903 3 2 1 8 3967 3978 3979 3968
3904 3 2 1 8 3968 3979 294 293
3905 3 2 1 8 463 464 3980 3969
3906 3 2 1 8 3969 3980 3981 3970
3907 3 2 1 8 3970 3981 3982 3971
3908 3 2 1 8 3971 3982 3983 3972
3909 3 2 1 8 3972 3983 3984 3973
3910 3 2 1 8 3973 3984 3985 3974
3911 3 2 1 8 3974 3985 3986 3975
3912 3 2 1 8 3975 3986 3987 3976
3913 3 2 1 8 3976 3987 3988 3977
3914 3 2 1 8 3977 3988 3989 3978
3915 3 2 1 8 3978 3989 3990 3979
3916 3 2 1 8 3979 3990 295 294
3917 3 2 1 8 464 465 3991 3980
3918 3 2 1 8 3980 3991 3992 3981
3919 3 2 1 8 3981 3992 3993 3982
3920 3 2 1 8 3982 3993 3994 3983
3921 3 2 1 8 3983 3994 3995 3984
3922 3 2 1 8 3984 3995 3996 3985
3923 3 2 1 8 3985 3996 3997 3986
3924 3 2 1 8 3986 3997 3998 3987
3925 3 2 1 8 3987 3998 3999 3988
3926 3 2 1 8 3988 3999 4000 3989
3927 3 2 1 8 3989 4000 4001 3990
3928 3 2 1 8 3990 4001 296 295
3929 3 2 1 8 465 466 4002 3991
3930 3 2 1 8 3991 4002 4003 3992
3931 3 2 1 8 3992 4003 4004 3993
3932 3 2 1 8 3993 4004 4005 3994
3933 3 2 1 8 3994 4005 4006 3995
3934 3 2 1 8 3995 4006 4007 3996
3935 3 2 1 8 3996 4007 4008 3997
3936 3 2 1 8 3997 4008 4009 3998
3937 3 2 1 8 3998 4009 4010 3999
3938 3 2 1 8 3999 4010 4011 4000
3939 3 2 1 8 4000 4011 4012 4001
3940 3 2 1 8 4001 4012 297 296
3941 3 2 1 8 466 19 467 4002
3942 3 2 1 8 4002 467 468 4003
3943 3 2 1 8 4003 468 469 4004
3944 3 2 1 8 4004 469 470 4005
3945 3 2 1 8 4005 470 471 4006
3946 3 2 1 8 4006 471 472 4007
3947 3 2 1 8 4007 472 473 4008
3948 3 2 1 8 4008 473 474 4009
3949 3 2 1 8 4009 474 475 4010
3950 3 2 1 8 4010 475 476 4011
3951 3 2 1 8 4011 476 477 4012
3952 3 2 1 8 4012 477 8 297
3953 3 2 1 9 6 243 4013 407
3954 3 2 1 9 407 4013 4014 408
3955 3 2 1 9 408 4014 4015 409
3956 3 2 1 9 409 4015 4016 410
3957 3 2 1 9 410 4016 4017 411
3958 3 2 1 9 411 4017 4018 412
3959 3 2 1 9 412 4018 4019 413
3960 3 2 1 9 413 4019 4020 414
3961 3 2 1 9 414 4020 4021 415
3962 3 2 1 9 415 4021 4022 416
3963 3 2 1 9 416 4022 4023 417
3964 3 2 1 9 417 4023 515 13
3965 3 2 1 9 243 242 4024 4013
3966 3 2 1 9 4013 4024 4025 4014
3967 3 2 1 9 4014 4025 4026 4015
3968 3 2 1 9 4015 4026 4027 4016
3969 3 2 1 9 4016 4027 4028 4017
3970 3 2 1 9 4017 4028 4029 4018
3971 3 2 1 9 4018 4029 4030 4019
3972 3 2 1 9 4019 4030 4031 4020
3973 3 2 1 9 4020 4031 4032 4021
3974 3 2 1 9 4021 4032 4033 4022
3975 3 2 1 9 4022 4033 4034 4023
3976 3 2 1 9 4023 4034 514 515
3977 3 2 1 9 242 241 4035 4024
3978 3 2 1 9 4024 4035 4036 4025
3979 3 2 1 9 4025 4036 4037 4026
3980 3 2 1 9 4026 4037 4038 4027
3981 3 2 1 9 4027 4038 4039 4028
3982 3 2 1 9 4028 4039 4040 4029
3983 3 2 1 9 4029 4040 4041 4030
3984 3 2 1 9 4030 4041 4042 4031
3985 3 2 1 9 4031 4042 4043 4032
3986 3 2 1 9 4032 4043 4044 4033
3987 3 2 1 9 4033 4044 4045 4034
3988 3 2 1 9 4034 4045 513 514
3989 3 2 1 9 241 240 4046 4035
3990 3 2 1 9 4035 4046 4047 4036
3991 3 2 1 9 4036 4047 4048 4037
3992 3 2 1 9 4037 4048 4049 4038
3993 3 2 1 9 4038 4049 4050 4039
3994 3 2 1 9 4039 4050 4051 4040
3995 3 2 1 9 4040 4051 4052 4041
3996 3 2 1 9 4041 4052 4053 4042
3997 3 2 1 9 4042 4053 4054 4043
3998 3 2 1 9 4043 4054 4055 4044
3999 3 2 1 9 4044 4055 4056 4045
4000 3 2 1 9 4045 4056 512 513
4001 3 2 1 9 240 239 4057 4046
4002 3 2 1 9 4046 4057 4058 4047
4003 3 2 1 9 4047 4058 4059 4048
4004 3 2 1 9 4048 4059 4060 4049
4005 3 2 1 9 4049 4060 4061 4050
4006 3 2 1 9 4050 4061 4062 4051
4007 3 2 1 9 4051 4062 4063 4052
4008 3 2 1 9 4052 4063 4064 4053
4009 3 2 1 9 4053 4064 4065 4054
4010 3 2 1 9 4054 4065 4066 4055
4011 3 2 1 9 4055 4066 4067 4056
4012 3 2 1 9 4056 4067 511 512
4013 3 2 1 9 239 238 4068 4057
4014 3 2 1 9 4057 4068 4069 4058
4015 3 2 1 9 4058 4069 4070 4059
4016 3 2 1 9 4059 4070 4071 4060
4017 3 2 1 9 4060 4071 4072 4061
4018 3 2 1 9 4061 4072 4073 4062
4019 3 2 1 9 4062 4073 4074 4063
4020 3 2 1 9 4063 4074 4075 4064
4021 3 2 1 9 4064 4075 4076 4065
4022 3 2 1 9 4065 4076 4077 4066
4023 3 2 1 9 4066 4077 4078 4067
4024 3 2 1 9 4067 4078 510 511
4025 3 2 1 9 238 237 4079 4068
4026 3 2 1 9 4068 4079 4080 4069
4027 3 2 1 9 4069 4080 4081 4070
4028 3 2 1 9 4070 4081 4082 4071
4029 3 2 1 9 4071 4082 4083 4072
4030 3 2 1 9 4072 4083 4084 4073
4031 3 2 1 9 4073 4084 4085 4074
4032 3 2 1 9 4074 4085 4086 4075
4033 3 2 1 9 4075 4086 4087 4076
4034 3 2 1 9 4076 4087 4088 4077
4035 3 2 1 9 4077 4088 4089 4078
4036 3 2 1 9 4078 4089 509 510
4037 3 2 1 9 237 236 4090 4079
4038 3 2 1 9 4079 4090 4091 4080
4039 3 2 1 9 4080 4091 4092 4081
4040 3 2 1 9 4081 4092 4093 4082
4041 3 2 1 9 4082 4093 4094 4083
4042 3 2 1 9 4083 4094 4095 4084
4043 3 2 1 9 4084 4095 4096 4085
4044 3 2 1 9 4085 4096 4097 4086
4045 3 2 1 9 4086 4097 4098 4087
4046 3 2 1 9 4087 4098 4099 4088
4047 3 2 1 9 4088 4099 4100 4089
4048 3 2 1 9 4089 4100 508 509
4049 3 2 1 9 236 235 4101 4090
4050 3 2 1 9 4090 4101 4102 4091
4051 3 2 1 9 4091 4102 4103 4092
4052 3 2 1 9 4092 4103 4104 4093
4053 3 2 1 9 4093 4104 4105 4094
4054 3 2 1 9 4094 4105 4106 4095
4055 3 2 1 9 4095 4106 4107 4096
4056 3 2 1 9 4096 4107 4108 4097
4057 3 2 1 9 4097 4108 4109 4098
4058 3 2 1 9 4098 4109 4110 4099
4059 3 2 1 9 4099 4110 4111 4100
4060 3 2 1 9 4100 4111 507 508
4061 3 2 1 9 235 234 4112 4101
4062 3 2 1 9 4101 4112 4113 4102
4063 3 2 1 9 4102 4113 4114 4103
4064 3 2 1 9 4103 4114 4115 4104
4065 3 2 1 9 4104 4115 4116 4105
4066 3 2 1 9 4105 4116 4117 4106
4067 3 2 1 9 4106 4117 4118 4107
4068 3 2 1 9 4107 4118 4119 4108
4069 3 2 1 9 4108 4119 4120 4109
4070 3 2 1 9 4109 4120 4121 4110
4071 3 2 1 9 4110 4121 4122 4111
4072 3 2 1 9 4111 4122 506 507
4073 3 2 1 9 234 233 4123 4112
4074 3 2 1 9 4112 4123 4124 4113
4075 3 2 1 9 4113 4124 4125 4114
4076 3 2 1 9 4114 4125 4126 4115
4077 3 2 1 9 4115 4126 4127 4116
4078 3 2 1 9 4116 4127 4128 4117
4079 3 2 1 9 4117 4128 4129 4118
4080 3 2 1 9 4118 4129 4130 4119
4081 3 2 1 9 4119 4130 4131 4120
4082 3 2 1 9 4120 4131 4132 4121
4083 3 2 1 9 4121 4132 4133 4122
4084 3 2 1 9 4122 4133 505 506
4085 3 2 1 9 233 232 4134 4123
4086 3 2 1 9 4123 4134 4135 4124
4087 3 2 1 9 4124 4135 4136 4125
4088 3 2 1 9 4125 4136 4137 4126
4089 3 2 1 9 4126 4137 4138 4127
4090 3 2 1 9 4127 4138 4139 4128
4091 3 2 1 9 4128 4139 4140 4129
4092 3 2 1 9 4129 4140 4141 4130
4093 3 2 1 9 4130 4141 4142 4131
4094 3 2 1 9 4131 4142 4143 4132
4095 3 2 1 9 4132 4143 4144 4133
4096 3 2 1 9 4133 4144 504 505
4097 3 2 1 9 232 231 4145 4134
4098 3 2 1 9 4134 4145 4146 4135
4099 3 2 1 9 4135 4146 4147 4136
4100 3 2 1 9 4136 4147 4148 4137
4101 3 2 1 9 4137 4148 4149 4138
4102 3 2 1 9 4138 4149 4150 4139
4103 3 2 1 9 4139 4150 4151 4140
4104 3 2 1 9 4140 4151 4152 4141
4105 3 2 1 9 4141 4152 4153 4142
4106 3 2 1 9 4142 4153 4154 4143
4107 3 2 1 9 4143 4154 4155 4144
4108 3 2 1 9 4144 4155 503 504
4109 3 2 1 9 231 230 4156 4145
4110 3 2 1 9 4145 4156 4157 4146
4111 3 2 1 9 4146 4157 4158 4147
4112 3 2 1 9 4147 4158 4159 4148
4113 3 2 1 9 4148 4159 4160 4149
4114 3 2 1 9 4149 4160 4161 4150
4115 3 2 1 9 4150 4161 4162 4151
4116 3 2 1 9 4151 4162 4163 4152
4117 3 2 1 9 4152 4163 4164 4153
4118 3 2 1 9 4153 4164 4165 4154
4119 3 2 1 9 4154 4165 4166 4155
4120 3 2 1 9 4155 4166 502 503
4121 3 2 1 9 230 229 4167 4156
4122 3 2 1 9 4156 4167 4168 4157
4123 3 2 1 9 4157 4168 4169 4158
4124 3 2 1 9 4158 4169 4170 4159
4125 3 2 1 9 4159 4170 4171 4160
4126 3 2 1 9 4160 4171 4172 4161
4127 3 2 1 9 4161 4172 4173 4162
4128 3 2 1 9 4162 4173 4174 4163
4129 3 2 1 9 4163 4174 4175 4164
4130 3 2 1 9 4164 4175 4176 4165
4131 3 2 1 9 4165 4176 4177 4166
4132 3 2 1 9 4166 4177 501 502
4133 3 2 1 9 229 228 4178 4167
4134 3 2 1 9 4167 4178 4179 4168
4135 3 2 1 9 4168 4179 4180 4169
4136 3 2 1 9 4169 4180 4181 4170
4137 3 2 1 9 4170 4181 4182 4171
4138 3 2 1 9 4171 4182 4183 4172
4139 3 2 1 9 4172 4183 4184 4173
4140 3 2 1 9 4173 4184 4185 4174
4141 3 2 1 9 4174 4185 4186 4175
4142 3 2 1 9 4175 4186 4187 4176
4143 3 2 1 9 4176 4187 4188 4177
4144 3 2 1 9 4177 4188 500 501
4145 3 2 1 9 228 227 4189 4178
4146 3 2 1 9 4178 4189 4190 4179
4147 3 2 1 9 4179 4190 4191 4180
4148 3 2 1 9 4180 4191 4192 4181
4149 3 2 1 9 4181 4192 4193 4182
4150 3 2 1 9 4182 4193 4194 4183
4151 3 2 1 9 4183 4194 4195 4184
4152 3 2 1 9 4184 4195 4196 4185
4153 3 2 1 9 4185 4196 4197 4186
4154 3 2 1 9 4186 4197 4198 4187
4155 3 2 1 9 4187 4198 4199 4188
4156 3 2 1 9 4188 4199 499 500
4157 3 2 1 9 227 226 4200 4189
4158 3 2 1 9 4189 4200 4201 4190
4159 3 2 1 9 4190 4201 4202 4191
4160 3 2 1 9 4191 4202 4203 4192
4161 3 2 1 9 4192 4203 4204 4193
4162 3 2 1 9 4193 4204 4205 4194
4163 3 2 1 9 4194 4205 4206 4195
4164 3 2 1 9 4195 4206 4207 4196
4165 3 2 1 9 4196 4207 4208 4197
4166 3 2 1 9 4197 4208 4209 4198
4167 3 2 1 9 4198 4209 4210 4199
4168 3 2 1 9 4199 4210 498 499
4169 3 2 1 9 226 225 4211 4200
4170 3 2 1 9 4200 4211 4212 4201
4171 3 2 1 9 4201 4212 4213 4202
4172 3 2 1 9 4202 4213 4214 4203
4173 3 2 1 9 4203 4214 4215 4204
4174 3 2 1 9 4204 4215 4216 4205
4175 3 2 1 9 4205 4216 4217 4206
4176 3 2 1 9 4206 4217 4218 4207
4177 3 2 1 9 4207 4218 4219 4208
4178 3 2 1 9 4208 4219 4220 4209
4179 3 2 1 9 4209 4220 4221 4210
4180 3 2 1 9 4210 4221 497 498
4181 3 2 1 9 225 224 4222 4211
4182 3 2 1 9 4211 4222 4223 4212
4183 3 2 1 9 4212 4223 4224 4213
4184 3 2 1 9 4213 4224 4225 4214
4185 3 2 1 9 4214 4225 4226 4215
4186 3 2 1 9 4215 4226 4227 4216
4187 3 2 1 9 4216 4227 4228 4217
4188 3 2 1 9 4217 4228 4229 4218
4189 3 2 1 9 4218 4229 4230 4219
4190 3 2 1 9 4219 4230 4231 4220
4191 3 2 1 9 4220 4231 4232 4221
4192 3 2 1 9 4221 4232 496 497
4193 3 2 1 9 224 223 4233 4222
4194 3 2 1 9 4222 4233 4234 4223
4195 3 2 1 9 4223 4234 4235 4224
4196 3 2 1 9 4224 4235 4236 4225
4197 3 2 1 9 4225 4236 4237 4226
4198 3 2 1 9 4226 4237 4238 4227
4199 3 2 1 9 4227 4238 4239 4228
4200 3 2 1 9 4228 4239 4240 4229
4201 3 2 1 9 4229 4240 4241 4230
4202 3 2 1 9 4230 4241 4242 4231
4203 3 2 1 9 4231 4242 4243 4232
4204 3 2 1 9 4232 4243 495 496
4205 3 2 1 9 223 222 4244 4233
4206 3 2 1 9 4233 4244 4245 4234
4207 3 2 1 9 4234 4245 4246 4235
4208 3 2 1 9 4235 4246 4247 4236
4209 3 2 1 9 4236 4247 4248 4237
4210 3 2 1 9 4237 4248 4249 4238
4211 3 2 1 9 4238 4249 4250 4239
4212 3 2 1 9 4239 4250 4251 4240
4213 3 2 1 9 4240 4251 4252 4241
4214 3 2 1 9 4241 4252 4253 4242
4215 3 2 1 9 4242 4253 4254 4243
4216 3 2 1 9 4243 4254 494 495
4217 3 2 1 9 222 221 4255 4244
4218 3 2 1 9 4244 4255 4256 4245
4219 3 2 1 9 4245 4256 4257 4246
4220 3 2 1 9 4246 4257 4258 4247
4221 3 2 1 9 4247 4258 4259 4248
4222 3 2 1 9 4248 4259 4260 4249
4223 3 2 1 9 4249 4260 4261 4250
4224 3 2 1 9 4250 4261 4262 4251
4225 3 2 1 9 4251 4262 4263 4252
4226 3 2 1 9 4252 4263 4264 4253
4227 3 2 1 9 4253 4264 4265 4254
4228 3 2 1 9 4254 4265 493 494
4229 3 2 1 9 221 220 4266 4255
4230 3 2 1 9 4255 4266 4267 4256
4231 3 2 1 9 4256 4267 4268 4257
4232 3 2 1 9 4257 4268 4269 4258
4233 3 2 1 9 4258 4269 4270 4259
4234 3 2 1 9 4259 4270 4271 4260
4235 3 2 1 9 4260 4271 4272 4261
4236 3 2 1 9 4261 4272 4273 4262
4237 3 2 1 9 4262 4273 4274 4263
4238 3 2 1 9 4263 4274 4275 4264
4239 3 2 1 9 4264 4275 4276 4265
4240 3 2 1 9 4265 4276 492 493
4241 3 2 1 9 220 219 4277 4266
4242 3 2 1 9 4266 4277 4278 4267
4243 3 2 1 9 4267 4278 4279 4268
4244 3 2 1 9 4268 4279 4280 4269
4245 3 2 1 9 4269 4280 4281 4270
4246 3 2 1 9 4270 4281 4282 4271
4247 3 2 1 9 4271 4282 4283 4272
4248 3 2 1 9 4272 4283 4284 4273
4249 3 2 1 9 4273 4284 4285 4274
4250 3 2 1 9 4274 4285 4286 4275
4251 3 2 1 9 4275 4286 4287 4276
4252 3 2 1 9 4276 4287 491 492
4253 3 2 1 9 219 218 4288 4277
4254 3 2 1 9 4277 4288 4289 4278
4255 3 2 1 9 4278 4289 4290 4279
4256 3 2 1 9 4279 4290 4291 4280
4257 3 2 1 9 4280 4291 4292 4281
4258 3 2 1 9 4281 4292 4293 4282
4259 3 2 1 9 4282 4293 4294 4283
4260 3 2 1 9 4283 4294 4295 4284
4261 3 2 1 9 4284 4295 4296 4285
4262 3 2 1 9 4285 4296 4297 4286
4263 3 2 1 9 4286 4297 4298 4287
4264 3 2 1 9 4287 4298 490 491
4265 3 2 1 9 218 217 4299 4288
4266 3 2 1 9 4288 4299 4300 4289
4267 3 2 1 9 4289 4300 4301 4290
4268 3 2 1 9 4290 4301 4302 4291
4269 3 2 1 9 4291 4302 4303 4292
4270 3 2 1 9 4292 4303 4304 4293
4271 3 2 1 9 4293 4304 4305 4294
4272 3 2 1 9 4294 4305 4306 4295
4273 3 2 1 9 4295 4306 4307 4296
4274 3 2 1 9 4296 4307 4308 4297
4275 3 2 1 9 4297 4308 4309 4298
4276 3 2 1 9 4298 4309 489 490
4277 3 2 1 9 217 5 478 4299
4278 3 2 1 9 4299 478 479 4300
4279 3 2 1 9 4300 479 480 4301
4280 3 2 1 9 4301 480 481 4302
4281 3 2 1 9 4302 481 482 4303
4282 3 2 1 9 4303 482 483 4304
4283 3 2 1 9 4304 483 484 4305
4284 3 2 1 9 4305 484 485 4306
4285 3 2 1 9 4306 485 486 4307
4286 3 2 1 9 4307 486 487 4308
4287 3 2 1 9 4308 487 488 4309
4288 3 2 1 9 4309 488 14 489
4289 3 2 1 10 19 516 4310 467
4290 3 2 1 10 467 4310 4311 468
4291 3 2 1 10 468 4311 4312 469
4292 3 2 1 10 469 4312 4313 470
4293 3 2 1 10 470 4313 4314 471
4294 3 2 1 10 471 4314 4315 472
4295 3 2 1 10 472 4315 4316 473
4296 3 2 1 10 473 4316 4317 474
4297 3 2 1 10 474 4317 4318 475
4298 3 2 1 10 475 4318 4319 476
4299 3 2 1 10 476 4319 4320 477
4300 3 2 1 10 477 4320 644 8
4301 3 2 1 10 516 517 4321 4310
4302 3 2 1 10 4310 4321 4322 4311
4303 3 2 1 10 4311 4322 4323 4312
4304 3 2 1 10 4312 4323 4324 4313
4305 3 2 1 10 4313 4324 4325 4314
4306 3 2 1 10 4314 4325 4326 4315
4307 3 2 1 10 4315 4326 4327 4316
4308 3 2 1 10 4316 4327 4328 4317
4309 3 2 1 10 4317 4328 4329 4318
4310 3 2 1 10 4318 4329 4330 4319
4311 3 2 1 10 4319 4330 4331 4320
4312 3 2 1 10 4320 4331 643 644
4313 3 2 1 10 517 518 4332 4321
4314 3 2 1 10 4321 4332 4333 4322
4315 3 2 1 10 4322 4333 4334 4323
4316 3 2 1 10 4323 4334 4335 4324
4317 3 2 1 10 4324 4335 4336 4325
4318 3 2 1 10 4325 4336 4337 4326
4319 3 2 1 10 4326 4337 4338 4327
4320 3 2 1 10 4327 4338 4339 4328
4321 3 2 1 10 4328 4339 4340 4329
4322 3 2 1 10 4329 4340 4341 4330
4323 3 2 1 10 4330 4341 4342 4331
4324 3 2 1 10 4331 4342 642 643
4325 3 2 1 10 518 519 4343 4332
4326 3 2 1 10 4332 4343 4344 4333
4327 3 2 1 10 4333 4344 4345 4334
4328 3 2 1 10 4334 4345 4346 4335
4329 3 2 1 10 4335 4346 4347 4336
4330 3 2 1 10 4336 4347 4348 4337
4331 3 2 1 10 4337 4348 4349 4338
4332 3 2 1 10 4338 4349 4350 4339
4333 3 2 1 10 4339 4350 4351 4340
4334 3 2 1 10 4340 4351 4352 4341
4335 3 2 1 10 4341 4352 4353 4342
4336 3 2 1 10 4342 4353 641 642
4337 3 2 1 10 519 520 4354 4343
4338 3 2 1 10 4343 4354 4355 4344
4339 3 2 1 10 4344 4355 4356 4345
4340 3 2 1 10 4345 4356 4357 4346
4341 3 2 1 10 4346 4357 4358 4347
4342 3 2 1 10 4347 4358 4359 4348
4343 3 2 1 10 4348 4359 4360 4349
4344 3 2 1 10 4349 4360 4361 4350
4345 3 2 1 10 4350 4361 4362 4351
4346 3 2 1 10 4351 4362 4363 4352
4347 3 2 1 10 4352 4363 4364 4353
4348 3 2 1 10 4353 4364 640 641
4349 3 2 1 10 520 521 4365 4354
4350 3 2 1 10 4354 4365 4366 4355
4351 3 2 1 10 4355 4366 4367 4356
4352 3 2 1 10 4356 4367 4368 4357
4353 3 2 1 10 4357 4368 4369 4358
4354 3 2 1 10 4358 4369 4370 4359
4355 3 2 1 10 4359 4370 4371 4360
4356 3 2 1 10 4360 4371 4372 4361
4357 3 2 1 10 4361 4372 4373 4362
4358 3 2 1 10 4362 4373 4374 4363
4359 3 2 1 10 4363 4374 4375 4364
4360 3 2 1 10 4364 4375 639 640
4361 3 2 1 10 521 522 4376 4365
4362 3 2 1 10 4365 4376 4377 4366
4363 3 2 1 10 4366 4377 4378 4367
4364 3 2 1 10 4367 4378 4379 4368
4365 3 2 1 10 4368 4379 4380 4369
4366 3 2 1 10 4369 4380 4381 4370
4367 3 2 1 10 4370 4381 4382 4371
4368 3 2 1 10 4371 4382 4383 4372
4369 3 2 1 10 4372 4383 4384 4373
4370 3 2 1 10 4373 4384 4385 4374
4371 3 2 1 10 4374 4385 4386 4375
4372 3 2 1 10 4375 4386 638 639
4373 3 2 1 10 522 523 4387 4376
4374 3 2 1 10 4376 4387 4388 4377
4375 3 2 1 10 4377 4388 4389 4378
4376 3 2 1 10 4378 4389 4390 4379
4377 3 2 1 10 4379 4390 4391 4380
4378 3 2 1 10 4380 4391 4392 4381
4379 3 2 1 10 4381 4392 4393 4382
4380 3 2 1 10 4382 4393 4394 4383
4381 3 2 1 10 4383 4394 4395 4384
4382 3 2 1 10 4384 4395 4396 4385
4383 3 2 1 10 4385 4396 4397 4386
4384 3 2 1 10 4386 4397 637 638
4385 3 2 1 10 523 524 4398 4387
4386 3 2 1 10 4387 4398 4399 4388
4387 3 2 1 10 4388 4399 4400 4389
4388 3 2 1 10 4389 4400 4401 4390
4389 3 2 1 10 4390 4401 4402 4391
4390 3 2 1 10 4391 4402 4403 4392
4391 3 2 1 10 4392 4403 4404 4393
4392 3 2 1 10 4393 4404 4405 4394
4393 3 2 1 10 4394 4405 4406 4395
4394 3 2 1 10 4395 4406 4407 4396
4395 3 2 1 10 4396 4407 4408 4397
4396 3 2 1 10 4397 4408 636 637
4397 3 2 1 10 524 525 4409 4398
4398 3 2 1 10 4398 4409 4410 4399
4399 3 2 1 10 4399 4410 4411 4400
4400 3 2 1 10 4400 4411 4412 4401
4401 3 2 1 10 4401 4412 4413 4402
4402 3 2 1 10 4402 4413 4414 4403
4403 3 2 1 10 4403 4414 4415 4404
4404 3 2 1 10 4404 4415 4416 4405
4405 3 2 1 10 4405 4416 4417 4406
4406 3 2 1 10 4406 4417 4418 4407
4407 3 2 1 10 4407 4418 4419 4408
4408 3 2 1 10 4408 4419 635 636
4409 3 2 1 10 525 526 4420 4409
4410 3 2 1 10 4409 4420 4421 4410
4411 3 2 1 10 4410 4421 4422 4411
4412 3 2 1 10 4411 4422 4423 4412
4413 3 2 1 10 4412 4423 4424 4413
4414 3 2 1 10 4413 4424 4425 4414
4415 3 2 1 10 4414 4425 4426 4415
4416 3 2 1 10 4415 4426 4427 4416
4417 3 2 1 10 4416 4427 4428 4417
4418 3 2 1 10 4417 4428 4429 4418
4419 3 2 1 10 4418 4429 4430 4419
4420 3 2 1 10 4419 4430 634 635
4421 3 2 1 10 526 527 4431 4420
4422 3 2 1 10 4420 4431 4432 4421
4423 3 2 1 10 4421 4432 4433 4422
4424 3 2 1 10 4422 4433 4434 4423
4425 3 2 1 10 4423 4434 4435 4424
4426 3 2 1 10 4424 4435 4436 4425
4427 3 2 1 10 4425 4436 4437 4426
4428 3 2 1 10 4426 4437 4438 4427
4429 3 2 1 10 4427 4438 4439 4428
4430 3 2 1 10 4428 4439 4440 4429
4431 3 2 1 10 4429 4440 4441 4430
4432 3 2 1 10 4430 4441 633 634
4433 3 2 1 10 527 528 4442 4431
4434 3 2 1 10 4431 4442 4443 4432
4435 3 2 1 10 4432 4443 4444 4433
4436 3 2 1 10 4433 4444 4445 4434
4437 3 2 1 10 4434 4445 4446 4435
4438 3 2 1 10 4435 4446 4447 4436
4439 3 2 1 10 4436 4447 4448 4437
4440 3 2 1 10 4437 4448 4449 4438
4441 3 2 1 10 4438 4449 4450 4439
4442 3 2 1 10 4439 4450 4451 4440
4443 3 2 1 10 4440 4451 4452 4441
4444 3 2 1 10 4441 4452 632 633
4445 3 2 1 10 528 529 4453 4442
4446 3 2 1 10 4442 4453 4454 4443
4447 3 2 1 10 4443 4454 4455 4444
4448 3 2 1 10 4444 4455 4456 4445
4449 3 2 1 10 4445 4456 4457 4446
4450 3 2 1 10 4446 4457 4458 4447
4451 3 2 1 10 4447 4458 4459 4448
4452 3 2 1 10 4448 4459 4460 4449
4453 3 2 1 10 4449 4460 4461 4450
4454 3 2 1 10 4450 4461 4462 4451
4455 3 2 1 10 4451 4462 4463 4452
4456 3 2 1 10 4452 4463 631 632
4457 3 2 1 10 529 530 4464 4453
4458 3 2 1 10 4453 4464 4465 4454
4459 3 2 1 10 4454 4465 4466 4455
4460 3 2 1 10 4455 4466 4467 4456
4461 3 2 1 10 4456 4467 4468 4457
4462 3 2 1 10 4457 4468 4469 4458
4463 3 2 1 10 4458 4469 4470 4459
4464 3 2 1 10 4459 4470 4471 4460
4465 3 2 1 10 4460 4471 4472 4461
4466 3 2 1 10 4461 4472 4473 4462
4467 3 2 1 10 4462 4473 4474 4463
4468 3 2 1 10 4463 4474 630 631
4469 3 2 1 10 530 531 4475 4464
4470 3 2 1 10 4464 4475 4476 4465
4471 3 2 1 10 4465 4476 4477 4466
4472 3 2 1 10 4466 4477 4478 4467
4473 3 2 1 10 4467 4478 4479 4468
4474 3 2 1 10 4468 4479 4480 4469
4475 3 2 1 10 4469 4480 4481 4470
4476 3 2 1 10 4470 4481 4482 4471
4477 3 2 1 10 4471 4482 4483 4472
4478 3 2 1 10 4472 4483 4484 4473
4479 3 2 1 10 4473 4484 4485 4474
4480 3 2 1 10 4474 4485 629 630
4481 3 2 1 10 531 532 4486 4475
4482 3 2 1 10 4475 4486 4487 4476
4483 3 2 1 10 4476 4487 4488 4477
4484 3 2 1 10 4477 4488 4489 4478
4485 3 2 1 10 4478 4489 4490 4479
4486 3 2 1 10 4479 4490 4491 4480
4487 3 2 1 10 4480 4491 4492 4481
4488 3 2 1 10 4481 4492 4493 4482
4489 3 2 1 10 4482 4493 4494 4483
4490 3 2 1 10 4483 4494 4495 4484
4491 3 2 1 10 4484 4495 4496 4485
4492 3 2 1 10 4485 4496 628 629
4493 3 2 1 10 532 533 4497 4486
4494 3 2 1 10 4486 4497 4498 4487
4495 3 2 1 10 4487 4498 4499 4488
4496 3 2 1 10 4488 4499 4500 4489
4497 3 2 1 10 4489 4500 4501 4490
4498 3 2 1 10 4490 4501 4502 4491
4499 3 2 1 10 4491 4502 4503 4492
4500 3 2 1 10 4492 4503 4504 4493
4501 3 2 1 10 4493 4504 4505 4494
4502 3 2 1 10 4494 4505 4506 4495
4503 3 2 1 10 4495 4506 4507 4496
4504 3 2 1 10 4496 4507 627 628
4505 3 2 1 10 533 534 4508 4497
4506 3 2 1 10 4497 4508 4509 4498
4507 3 2 1 10 4498 4509 4510 4499
4508 3 2 1 10 4499 4510 4511 4500
4509 3 2 1 10 4500 4511 4512 4501
4510 3 2 1 10 4501 4512 4513 4502
4511 3 2 1 10 4502 4513 4514 4503
4512 3 2 1 10 4503 4514 4515 4504
4513 3 2 1 10 4504 4515 4516 4505
4514 3 2 1 10 4505 4516 4517 4506
4515 3 2 1 10 4506 4517 4518 4507
4516 3 2 1 10 4507 4518 626 627
4517 3 2 1 10 534 535 4519 4508
4518 3 2 1 10 4508 4519 4520 4509
4519 3 2 1 10 4509 4520 4521 4510
4520 3 2 1 10 4510 4521 4522 4511
4521 3 2 1 10 4511 4522 4523 4512
4522 3 2 1 10 4512 4523 4524 4513
4523 3 2 1 10 4513 4524 4525 4514
4524 3 2 1 10 4514 4525 4526 4515
4525 3 2 1 10 4515 4526 4527 4516
4526 3 2 1 10 4516 4527 4528 4517
4527 3 2 1 10 4517 4528 4529 4518
4528 3 2 1 10 4518 4529 625 626
4529 3 2 1 10 535 536 4530 4519
4530 3 2 1 10 4519 4530 4531 4520
4531 3 2 1 10 4520 4531 4532 4521
4532 3 2 1 10 4521 4532 4533 4522
4533 3 2 1 10 4522 4533 4534 4523
4534 3 2 1 10 4523 4534 4535 4524
4535 3 2 1 10 4524 4535 4536 4525
4536 3 2 1 10 4525 4536 4537 4526
4537 3 2 1 10 4526 4537 4538 4527
4538 3 2 1 10 4527 4538 4539 4528
4539 3 2 1 10 4528 4539 4540 4529
4540 3 2 1 10 4529 4540 624 625
4541 3 2 1 10 536 537 4541 4530
4542 3 2 1 10 4530 4541 4542 4531
4543 3 2 1 10 4531 4542 4543 4532
4544 3 2 1 10 4532 4543 4544 4533
4545 3 2 1 10 4533 4544 4545 4534
4546 3 2 1 10 4534 4545 4546 4535
4547 3 2 1 10 4535 4546 4547 4536
4548 3 2 1 10 4536 4547 4548 4537
4549 3 2 1 10 4537 4548 4549 4538
4550 3 2 1 10 4538 4549 4550 4539
4551 3 2 1 10 4539 4550 4551 4540
4552 3 2 1 10 4540 4551 623 624
4553 3 2 1 10 537 538 4552 4541
4554 3 2 1 10 4541 4552 4553 4542
4555 3 2 1 10 4542 4553 4554 4543
4556 3 2 1 10 4543 4554 4555 4544
4557 3 2 1 10 4544 4555 4556 4545
4558 3 2 1 10 4545 4556 4557 4546
4559 3 2 1 10 4546 4557 4558 4547
4560 3 2 1 10 4547 4558 4559 4548
4561 3 2 1 10 4548 4559 4560 4549
4562 3 2 1 10 4549 4560 4561 4550
4563 3 2 1 10 4550 4561 4562 4551
4564 3 2 1 10 4551 4562 622 623
4565 3 2 1 10 538 539 4563 4552
4566 3 2 1 10 4552 4563 4564 4553
4567 3 2 1 10 4553 4564 4565 4554
4568 3 2 1 10 4554 4565 4566 4555
4569 3 2 1 10 4555 4566 4567 4556
4570 3 2 1 10 4556 4567 4568 4557
4571 3 2 1 10 4557 4568 4569 4558
4572 3 2 1 10 4558 4569 4570 4559
4573 3 2 1 10 4559 4570 4571 4560
4574 3 2 1 10 4560 4571 4572 4561
4575 3 2 1 10 4561 4572 4573 4562
4576 3 2 1 10 4562 4573 621 622
4577 3 2 1 10 539 540 4574 4563
4578 3 2 1 10 4563 4574 4575 4564
4579 3 2 1 10 4564 4575 4576 4565
4580 3 2 1 10 4565 4576 4577 4566
4581 3 2 1 10 4566 4577 4578 4567
4582 3 2 1 10 4567 4578 4579 4568
4583 3 2 1 10 4568 4579 4580 4569
4584 3 2 1 10 4569 4580 4581 4570
4585 3 2 1 10 4570 4581 4582 4571
4586 3 2 1 10 4571 4582 4583 4572
4587 3 2 1 10 4572 4583 4584 4573
4588 3 2 1 10 4573 4584 620 621
4589 3 2 1 10 540 541 4585 4574
4590 3 2 1 10 4574 4585 4586 4575
4591 3 2 1 10 4575 4586 4587 4576
4592 3 2 1 10 4576 4587 4588 4577
4593 3 2 1 10 4577 4588 4589 4578
4594 3 2 1 10 4578 4589 4590 4579
4595 3 2 1 10 4579 4590 4591 4580
4596 3 2 1 10 4580 4591 4592 4581
4597 3 2 1 10 4581 4592 4593 4582
4598 3 2 1 10 4582 4593 4594 4583
4599 3 2 1 10 4583 4594 4595 4584
4600 3 2 1 10 4584 4595 619 620
4601 3 2 1 10 541 542 4596 4585
4602 3 2 1 10 4585 4596 4597 4586
4603 3 2 1 10 4586 4597 4598 4587
4604 3 2 1 10 4587 4598 4599 4588
4605 3 2 1 10 4588 4599 4600 4589
4606 3 2 1 10 4589 4600 4601 4590
4607 3 2 1 10 4590 4601 4602 4591
4608 3 2 1 10 4591 4602 4603 4592
4609 3 2 1 10 4592 4603 4604 4593
4610 3 2 1 10 4593 4604 4605 4594
4611 3 2 1 10 4594 4605 4606 4595
4612 3 2 1 10 4595 4606 618 619
4613 3 2 1 10 542 543 4607 4596
4614 3 2 1 10 4596 4607 4608 4597
4615 3 2 1 10 4597 4608 4609 4598
4616 3 2 1 10 4598 4609 4610 4599
4617 3 2 1 10 4599 4610 4611 4600
4618 3 2 1 10 4600 4611 4612 4601
4619 3 2 1 10 4601 4612 4613 4602
4620 3 2 1 10 4602 4613 4614 4603
4621 3 2 1 10 4603 4614 4615 4604
4622 3 2 1 10 4604 4615 4616 4605
4623 3 2 1 10 4605 4616 4617 4606
4624 3 2 1 10 4606 4617 617 618
4625 3 2 1 10 543 544 4618 4607
4626 3 2 1 10 4607 4618 4619 4608
4627 3 2 1 10 4608 4619 4620 4609
4628 3 2 1 10 4609 4620 4621 4610
4629 3 2 1 10 4610 4621 4622 4611
4630 3 2 1 10 4611 4622 4623 4612
4631 3 2 1 10 4612 4623 4624 4613
4632 3 2 1 10 4613 4624 4625 4614
4633 3 2 1 10 4614 4625 4626 4615
4634 3 2 1 10 4615 4626 4627 4616
4635 3 2 1 10 4616 4627 4628 4617
4636 3 2 1 10 4617 4628 616 617
4637 3 2 1 10 544 545 4629 4618
4638 3 2 1 10 4618 4629 4630 4619
4639 3 2 1 10 4619 4630 4631 4620
4640 3 2 1 10 4620 4631 4632 4621
4641 3 2 1 10 4621 4632 4633 4622
4642 3 2 1 10 4622 4633 4634 4623
4643 3 2 1 10 4623 4634 4635 4624
4644 3 2 1 10 4624 4635 4636 4625
4645 3 2 1 10 4625 4636 4637 4626
4646 3 2 1 10 4626 4637 4638 4627
4647 3 2 1 10 4627 4638 4639 4628
4648 3 2 1 10 4628 4639 615 616
4649 3 2 1 10 545 546 4640 4629
4650 3 2 1 10 4629 4640 4641 4630
4651 3 2 1 10 4630 4641 4642 4631
4652 3 2 1 10 4631 4642 4643 4632
4653 3 2 1 10 4632 4643 4644 4633
4654 3 2 1 10 4633 4644 4645 4634
4655 3 2 1 10 4634 4645 4646 4635
4656 3 2 1 10 4635 4646 4647 4636
4657 3 2 1 10 4636 4647 4648 4637
4658 3 2 1 10 4637 4648 4649 4638
4659 3 2 1 10 4638 4649 4650 4639
4660 3 2 1 10 4639 4650 614 615
4661 3 2 1 10 546 547 4651 4640
4662 3 2 1 10 4640 4651 4652 4641
4663 3 2 1 10 4641 4652 4653 4642
4664 3 2 1 10 4642 4653 4654 4643
4665 3 2 1 10 4643 4654 4655 4644
4666 3 2 1 10 4644 4655 4656 4645
4667 3 2 1 10 4645 4656 4657 4646
4668 3 2 1 10 4646 4657 4658 4647
4669 3 2 1 10 4647 4658 4659 4648
4670 3 2 1 10 4648 4659 4660 4649
4671 3 2 1 10 4649 4660 4661 4650
4672 3 2 1 10 4650 4661 613 614
4673 3 2 1 10 547 548 4662 4651
4674 3 2 1 10 4651 4662 4663 4652
4675 3 2 1 10 4652 4663 4664 4653
4676 3 2 1 10 4653 4664 4665 4654
4677 3 2 1 10 4654 4665 4666 4655
4678 3 2 1 10 4655 4666 4667 4656
4679 3 2 1 10 4656 4667 4668 4657
4680 3 2 1 10 4657 4668 4669 4658
4681 3 2 1 10 4658 4669 4670 4659
4682 3 2 1 10 4659 4670 4671 4660
4683 3 2 1 10 4660 4671 4672 4661
4684 3 2 1 10 4661 4672 612 613
4685 3 2 1 10 548 549 4673 4662
4686 3 2 1 10 4662 4673 4674 4663
4687 3 2 1 10 4663 4674 4675 4664
4688 3 2 1 10 4664 4675 4676 4665
4689 3 2 1 10 4665 4676 4677 4666
4690 3 2 1 10 4666 4677 4678 4667
4691 3 2 1 10 4667 4678 4679 4668
4692 3 2 1 10 4668 4679 4680 4669
4693 3 2 1 10 4669 4680 4681 4670
4694 3 2 1 10 4670 4681 4682 4671
4695 3 2 1 10 4671 4682 4683 4672
4696 3 2 1 10 4672 4683 611 612
4697 3 2 1 10 549 550 4684 4673
4698 3 2 1 10 4673 4684 4685 4674
4699 3 2 1 10 4674 4685 4686 4675
4700 3 2 1 10 4675 4686 4687 4676
4701 3 2 1 10 4676 4687 4688 4677
4702 3 2 1 10 4677 4688 4689 4678
4703 3 2 1 10 4678 4689 4690 4679
4704 3 2 1 10 4679 4690 4691 4680
4705 3 2 1 10 4680 4691 4692 4681
4706 3 2 1 10 4681 4692 4693 4682
4707 3 2 1 10 4682 4693 4694 4683
4708 3 2 1 10 4683 4694 610 611
4709 3 2 1 10 550 551 4695 4684
4710 3 2 1 10 4684 4695 4696 4685
4711 3 2 1 10 4685 4696 4697 4686
4712 3 2 1 10 4686 4697 4698 4687
4713 3 2 1 10 4687 4698 4699 4688
4714 3 2 1 10 4688 4699 4700 4689
4715 3 2 1 10 4689 4700 4701 4690
4716 3 2 1 10 4690 4701 4702 4691
4717 3 2 1 10 4691 4702 4703 4692
4718 3 2 1 10 4692 4703 4704 4693
4719 3 2 1 10 4693 4704 4705 4694
4720 3 2 1 10 4694 4705 609 610
4721 3 2 1 10 551 552 4706 4695
4722 3 2 1 10 4695 4706 4707 4696
4723 3 2 1 10 4696 4707 4708 4697
4724 3 2 1 10 4697 4708 4709 4698
4725 3 2 1 10 4698 4709 4710 4699
4726 3 2 1 10 4699 4710 4711 4700
4727 3 2 1 10 4700 4711 4712 4701
4728 3 2 1 10 4701 4712 4713 4702
4729 3 2 1 10 4702 4713 4714 4703
4730 3 2 1 10 4703 4714 4715 4704
4731 3 2 1 10 4704 4715 4716 4705
4732 3 2 1 10 4705 4716 608 609
4733 3 2 1 10 552 553 4717 4706
4734 3 2 1 10 4706 4717 4718 4707
4735 3 2 1 10 4707 4718 4719 4708
4736 3 2 1 10 4708 4719 4720 4709
4737 3 2 1 10 4709 4720 4721 4710
4738 3 2 1 10 4710 4721 4722 4711
4739 3 2 1 10 4711 4722 4723 4712
4740 3 2 1 10 4712 4723 4724 4713
4741 3 2 1 10 4713 4724 4725 4714
4742 3 2 1 10 4714 4725 4726 4715
4743 3 2 1 10 4715 4726 4727 4716
4744 3 2 1 10 4716 4727 607 608
4745 3 2 1 10 553 554 4728 4717
4746 3 2 1 10 4717 4728 4729 4718
4747 3 2 1 10 4718 4729 4730 4719
4748 3 2 1 10 4719 4730 4731 4720
4749 3 2 1 10 4720 4731 4732 4721
4750 3 2 1 10 4721 4732 4733 4722
4751 3 2 1 10 4722 4733 4734 4723
4752 3 2 1 10 4723 4734 4735 4724
4753 3 2 1 10 4724 4735 4736 4725
4754 3 2 1 10 4725 4736 4737 4726
4755 3 2 1 10 4726 4737 4738 4727
4756 3 2 1 10 4727 4738 606 607
4757 3 2 1 10 554 555 4739 4728
4758 3 2 1 10 4728 4739 4740 4729
4759 3 2 1 10 4729 4740 4741 4730
4760 3 2 1 10 4730 4741 4742 4731
4761 3 2 1 10 4731 4742 4743 4732
4762 3 2 1 10 4732 4743 4744 4733
4763 3 2 1 10 4733 4744 4745 4734
4764 3 2 1 10 4734 4745 4746 4735
4765 3 2 1 10 4735 4746 4747 4736
4766 3 2 1 10 4736 4747 4748 4737
4767 3 2 1 10 4737 4748 4749 4738
4768 3 2 1 10 4738 4749 605 606
4769 3 2 1 10 555 556 4750 4739
4770 3 2 1 10 4739 4750 4751 4740
4771 3 2 1 10 4740 4751 4752 4741
4772 3 2 1 10 4741 4752 4753 4742
4773 3 2 1 10 4742 4753 4754 4743
4774 3 2 1 10 4743 4754 4755 4744
4775 3 2 1 10 4744 4755 4756 4745
4776 3 2 1 10 4745 4756 4757 4746
4777 3 2 1 10 4746 4757 4758 4747
4778 3 2 1 10 4747 4758 4759 4748
4779 3 2 1 10 4748 4759 4760 4749
4780 3 2 1 10 4749 4760 604 605
4781 3 2 1 10 556 557 4761 4750
4782 3 2 1 10 4750 4761 4762 4751
4783 3 2 1 10 4751 4762 4763 4752
4784 3 2 1 10 4752 4763 4764 4753
4785 3 2 1 10 4753 4764 4765 4754
4786 3 2 1 10 4754 4765 4766 4755
4787 3 2 1 10 4755 4766 4767 4756
4788 3 2 1 10 4756 4767 4768 4757
4789 3 2 1 10 4757 4768 4769 4758
4790 3 2 1 10 4758 4769 4770 4759
4791 3 2 1 10 4759 4770 4771 4760
4792 3 2 1 10 4760 4771 603 604
4793 3 2 1 10 557 558 4772 4761
4794 3 2 1 10 4761 4772 4773 4762
4795 3 2 1 10 4762 4773 4774 4763
4796 3 2 1 10 4763 4774 4775 4764
4797 3 2 1 10 4764 4775 4776 4765
4798 3 2 1 10 4765 4776 4777 4766
4799 3 2 1 10 4766 4777 4778 4767
4800 3 2 1 10 4767 4778 4779 4768
4801 3 2 1 10 4768 4779 4780 4769
4802 3 2 1 10 4769 4780 4781 4770
4803 3 2 1 10 4770 4781 4782 4771
4804 3 2 1 10 4771 4782 602 603
4805 3 2 1 10 558 559 4783 4772
4806 3 2 1 10 4772 4783 4784 4773
4807 3 2 1 10 4773 4784 4785 4774
4808 3 2 1 10 4774 4785 4786 4775
4809 3 2 1 10 4775 4786 4787 4776
4810 3 2 1 10 4776 4787 4788 4777
4811 3 2 1 10 4777 4788 4789 4778
4812 3 2 1 10 4778 4789 4790 4779
4813 3 2 1 10 4779 4790 4791 4780
4814 3 2 1 10 4780 4791 4792 4781
4815 3 2 1 10 4781 4792 4793 4782
4816 3 2 1 10 4782 4793 601 602
4817 3 2 1 10 559 560 4794 4783
4818 3 2 1 10 4783 4794 4795 4784
4819 3 2 1 10 4784 4795 4796 4785
4820 3 2 1 10 4785 4796 4797 4786
4821 3 2 1 10 4786 4797 4798 4787
4822 3 2 1 10 4787 4798 4799 4788
4823 3 2 1 10 4788 4799 4800 4789
4824 3 2 1 10 4789 4800 4801 4790
4825 3 2 1 10 4790 4801 4802 4791
4826 3 2 1 10 4791 4802 4803 4792
4827 3 2 1 10 4792 4803 4804 4793
4828 3 2 1 10 4793 4804 600 601
4829 3 2 1 10 560 561 4805 4794
4830 3 2 1 10 4794 4805 4806 4795
4831 3 2 1 10 4795 4806 4807 4796
4832 3 2 1 10 4796 4807 4808 4797
4833 3 2 1 10 4797 4808 4809 4798
4834 3 2 1 10 4798 4809 4810 4799
4835 3 2 1 10 4799 4810 4811 4800
4836 3 2 1 10 4800 4811 4812 4801
4837 3 2 1 10 4801 4812 4813 4802
4838 3 2 1 10 4802 4813 4814 4803
4839 3 2 1 10 4803 4814 4815 4804
4840 3 2 1 10 4804 4815 599 600
4841 3 2 1 10 561 562 4816 4805
4842 3 2 1 10 4805 4816 4817 4806
4843 3 2 1 10 4806 4817 4818 4807
4844 3 2 1 10 4807 4818 4819 4808
4845 3 2 1 10 4808 4819 4820 4809
4846 3 2 1 10 4809 4820 4821 4810
4847 3 2 1 10 4810 4821 4822 4811
4848 3 2 1 10 4811 4822 4823 4812
4849 3 2 1 10 4812 4823 4824 4813
4850 3 2 1 10 4813 4824 4825 4814
4851 3 2 1 10 4814 4825 4826 4815
4852 3 2 1 10 4815 4826 598 599
4853 3 2 1 10 562 563 4827 4816
4854 3 2 1 10 4816 4827 4828 4817
4855 3 2 1 10 4817 4828 4829 4818
4856 3 2 1 10 4818 4829 4830 4819
4857 3 2 1 10 4819 4830 4831 4820
4858 3 2 1 10 4820 4831 4832 4821
4859 3 2 1 10 4821 4832 4833 4822
4860 3 2 1 10 4822 4833 4834 4823
4861 3 2 1 10 4823 4834 4835 4824
4862 3 2 1 10 4824 4835 4836 4825
4863 3 2 1 10 4825 4836 4837 4826
4864 3 2 1 10 4826 4837 597 598
4865 3 2 1 10 563 564 4838 4827
4866 3 2 1 10 4827 4838 4839 4828
4867 3 2 1 10 4828 4839 4840 4829
4868 3 2 1 10 4829 4840 4841 4830
4869 3 2 1 10 4830 4841 4842 4831
4870 3 2 1 10 4831 4842 4843 4832
4871 3 2 1 10 4832 4843 4844 4833
4872 3 2 1 10 4833 4844 4845 4834
4873 3 2 1 10 4834 4845 4846 4835
4874 3 2 1 10 4835 4846 4847 4836
4875 3 2 1 10 4836 4847 4848 4837
4876 3 2 1 10 4837 4848 596 597
4877 3 2 1 10 564 565 4849 4838
4878 3 2 1 10 4838 4849 4850 4839
4879 3 2 1 10 4839 4850 4851 4840
4880 3 2 1 10 4840 4851 4852 4841
4881 3 2 1 10 4841 4852 4853 4842
4882 3 2 1 10 4842 4853 4854 4843
4883 3 2 1 10 4843 4854 4855 4844
4884 3 2 1 10 4844 4855 4856 4845
4885 3 2 1 10 4845 4856 4857 4846
4886 3 2 1 10 4846 4857 4858 4847
4887 3 2 1 10 4847 4858 4859 4848
4888 3 2 1 10 4848 4859 595 596
4889 3 2 1 10 565 566 4860 4849
4890 3 2 1 10 4849 4860 4861 4850
4891 3 2 1 10 4850 4861 4862 4851
4892 3 2 1 10 4851 4862 4863 4852
4893 3 2 1 10 4852 4863 4864 4853
4894 3 2 1 10 4853 4864 4865 4854
4895 3 2 1 10 4854 4865 4866 4855
4896 3 2 1 10 4855 4866 4867 4856
4897 3 2 1 10 4856 4867 4868 4857
4898 3 2 1 10 4857 4868 4869 4858
4899 3 2 1 10 4858 4869 4870 4859
4900 3 2 1 10 4859 4870 594 595
4901 3 2 1 10 566 567 4871 4860
4902 3 2 1 10 4860 4871 4872 4861
4903 3 2 1 10 4861 4872 4873 4862
4904 3 2 1 10 4862 4873 4874 4863
4905 3 2 1 10 4863 4874 4875 4864
4906 3 2 1 10 4864 4875 4876 4865
4907 3 2 1 10 4865 4876 4877 4866
4908 3 2 1 10 4866 4877 4878 4867
4909 3 2 1 10 4867 4878 4879 4868
4910 3 2 1 10 4868 4879 4880 4869
4911 3 2 1 10 4869 4880 4881 4870
4912 3 2 1 10 4870 4881 593 594
4913 3 2 1 10 567 568 4882 4871
4914 3 2 1 10 4871 4882 4883 4872
4915 3 2 1 10 4872 4883 4884 4873
4916 3 2 1 10 4873 4884 4885 4874
4917 3 2 1 10 4874 4885 4886 4875
4918 3 2 1 10 4875 4886 4887 4876
4919 3 2 1 10 4876 4887 4888 4877
4920 3 2 1 10 4877 4888 4889 4878
4921 3 2 1 10 4878 4889 4890 4879
4922 3 2 1 10 4879 4890 4891 4880
4923 3 2 1 10 4880 4891 4892 4881
4924 3 2 1 10 4881 4892 592 593
4925 3 2 1 10 568 569 4893 4882
4926 3 2 1 10 4882 4893 4894 4883
4927 3 2 1 10 4883 4894 4895 4884
4928 3 2 1 10 4884 4895 4896 4885
4929 3 2 1 10 4885 4896 4897 4886
4930 3 2 1 10 4886 4897 4898 4887
4931 3 2 1 10 4887 4898 4899 4888
4932 3 2 1 10 4888 4899 4900 4889
4933 3 2 1 10 4889 4900 4901 4890
4934 3 2 1 10 4890 4901 4902 4891
4935 3 2 1 10 4891 4902 4903 4892
4936 3 2 1 10 4892 4903 591 592
4937 3 2 1 10 569 570 4904 4893
4938 3 2 1 10 4893 4904 4905 4894
4939 3 2 1 10 4894 4905 4906 4895
4940 3 2 1 10 4895 4906 4907 4896
4941 3 2 1 10 4896 4907 4908 4897
4942 3 2 1 10 4897 4908 4909 4898
4943 3 2 1 10 4898 4909 4910 4899
4944 3 2 1 10 4899 4910 4911 4900
4945 3 2 1 10 4900 4911 4912 4901
4946 3 2 1 10 4901 4912 4913 4902
4947 3 2 1 10 4902 4913 4914 4903
4948 3 2 1 10 4903 4914 590 591
4949 3 2 1 10 570 571 4915 4904
4950 3 2 1 10 4904 4915 4916 4905
4951 3 2 1 10 4905 4916 4917 4906
4952 3 2 1 10 4906 4917 4918 4907
4953 3 2 1 10 4907 4918 4919 4908
4954 3 2 1 10 4908 4919 4920 4909
4955 3 2 1 10 4909 4920 4921 4910
4956 3 2 1 10 4910 4921 4922 4911
4957 3 2 1 10 4911 4922 4923 4912
4958 3 2 1 10 4912 4923 4924 4913
4959 3 2 1 10 4913 4924 4925 4914
4960 3 2 1 10 4914 4925 589 590
4961 3 2 1 10 571 572 4926 4915
4962 3 2 1 10 4915 4926 4927 4916
4963 3 2 1 10 4916 4927 4928 4917
4964 3 2 1 10 4917 4928 4929 4918
4965 3 2 1 10 4918 4929 4930 4919
4966 3 2 1 10 4919 4930 4931 4920
4967 3 2 1 10 4920 4931 4932 4921
4968 3 2 1 10 4921 4932 4933 4922
4969 3 2 1 10 4922 4933 4934 4923
4970 3 2 1 10 4923 4934 4935 4924
4971 3 2 1 10 4924 4935 4936 4925
4972 3 2 1 10 4925 4936 588 589
4973 3 2 1 10 572 573 4937 4926
4974 3 2 1 10 4926 4937 4938 4927
4975 3 2 1 10 4927 4938 4939 4928
4976 3 2 1 10 4928 4939 4940 4929
4977 3 2 1 10 4929 4940 4941 4930
4978 3 2 1 10 4930 4941 4942 4931
4979 3 2 1 10 4931 4942 4943 4932
4980 3 2 1 10 4932 4943 4944 4933
4981 3 2 1 10 4933 4944 4945 4934
4982 3 2 1 10 4934 4945 4946 4935
4983 3 2 1 10 4935 4946 4947 4936
4984 3 2 1 10 4936 4947 587 588
4985 3 2 1 10 573 574 4948 4937
4986 3 2 1 10 4937 4948 4949 4938
4987 3 2 1 10 4938 4949 4950 4939
4988 3 2 1 10 4939 4950 4951 4940
4989 3 2 1 10 4940 4951 4952 4941
4990 3 2 1 10 4941 4952 4953 4942
4991 3 2 1 10 4942 4953 4954 4943
4992 3 2 1 10 4943 4954 4955 4944
4993 3 2 1 10 4944 4955 4956 4945
4994 3 2 1 10 4945 4956 4957 4946
4995 3 2 1 10 4946 4957 4958 4947
4996 3 2 1 10 4947 4958 586 587
4997 3 2 1 10 574 18 575 4948
4998 3 2 1 10 4948 575 576 4949
4999 3 2 1 10 4949 576 577 4950
5000 3 2 1 10 4950 577 578 4951
5001 3 2 1 10 4951 578 579 4952
5002 3 2 1 10 4952 579 580 4953
5003 3 2 1 10 4953 580 581 4954
5004 3 2 1 10 4954 581 582 4955
5005 3 2 1 10 4955 582 583 4956
5006 3 2 1 10 4956 583 584 4957
5007 3 2 1 10 4957 584 585 4958
5008 3 2 1 10 4958 585 17 586
5009 3 2 1 11 8 644 4959 298
5010 3 2 1 11 298 4959 4960 299
5011 3 2 1 11 299 4960 4961 300
5012 3 2 1 11 300 4961 4962 301
5013 3 2 1 11 301 4962 4963 302
5014 3 2 1 11 302 4963 4964 303
5015 3 2 1 11 303 4964 4965 304
5016 3 2 1 11 304 4965 4966 305
5017 3 2 1 11 305 4966 4967 306
5018 3 2 1 11 306 4967 4968 307
5019 3 2 1 11 307 4968 4969 308
5020 3 2 1 11 308 4969 4970 309
5021 3 2 1 11 309 4970 4971 310
5022 3 2 1 11 310 4971 4972 311
5023 3 2 1 11 311 4972 4973 312
5024 3 2 1 11 312 4973 4974 313
5025 3 2 1 11 313 4974 4975 314
5026 3 2 1 11 314 4975 4976 315
5027 3 2 1 11 315 4976 4977 316
5028 3 2 1 11 316 4977 4978 317
5029 3 2 1 11 317 4978 4979 318
5030 3 2 1 11 318 4979 4980 319
5031 3 2 1 11 319 4980 4981 320
5032 3 2 1 11 320 4981 4982 321
5033 3 2 1 11 321 4982 4983 322
5034 3 2 1 11 322 4983 4984 323
5035 3 2 1 11 323 4984 4985 324
5036 3 2 1 11 324 4985 730 5
5037 3 2 1 11 644 643 4986 4959
5038 3 2 1 11 4959 4986 4987 4960
5039 3 2 1 11 4960 4987 4988 4961
5040 3 2 1 11 4961 4988 4989 4962
5041 3 2 1 11 4962 4989 4990 4963
5042 3 2 1 11 4963 4990 4991 4964
5043 3 2 1 11 4964 4991 4992 4965
5044 3 2 1 11 4965 4992 4993 4966
5045 3 2 1 11 4966 4993 4994 4967
5046 3 2 1 11 4967 4994 4995 4968
5047 3 2 1 11 4968 4995 4996 4969
5048 3 2 1 11 4969 4996 4997 4970
5049 3 2 1 11 4970 4997 4998 4971
5050 3 2 1 11 4971 4998 4999 4972
5051 3 2 1 11 4972 4999 5000 4973
5052 3 2 1 11 4973 5000 5001 4974
5053 3 2 1 11 4974 5001 5002 4975
5054 3 2 1 11 4975 5002 5003 4976
5055 3 2 1 11 4976 5003 5004 4977
5056 3 2 1 11 4977 5004 5005 4978
5057 3 2 1 11 4978 5005 5006 4979
5058 3 2 1 11 4979 5006 5007 4980
5059 3 2 1 11 4980 5007 5008 4981
5060 3 2 1 11 4981 5008 5009 4982
5061 3 2 1 11 4982 5009 5010 4983
5062 3 2 1 11 4983 5010 5011 4984
5063 3 2 1 11 4984 5011 5012 4985
5064 3 2 1 11 4985 5012 729 730
5065 3 2 1 11 643 642 5013 4986
5066 3 2 1 11 4986 5013 5014 4987
5067 3 2 1 11 4987 5014 5015 4988
5068 3 2 1 11 4988 5015 5016 4989
5069 3 2 1 11 4989 5016 5017 4990
5070 3 2 1 11 4990 5017 5018 4991
5071 3 2 1 11 4991 5018 5019 4992
5072 3 2 1 11 4992 5019 5020 4993
5073 3 2 1 11 4993 5020 5021 4994
5074 3 2 1 11 4994 5021 5022 4995
5075 3 2 1 11 4995 5022 5023 4996
5076 3 2 1 11 4996 5023 5024 4997
5077 3 2 1 11 4997 5024 5025 4998
5078 3 2 1 11 4998 5025 5026 4999
5079 3 2 1 11 4999 5026 5027 5000
5080 3 2 1 11 5000 5027 5028 5001
5081 3 2 1 11 5001 5028 5029 5002
5082 3 2 1 11 5002 5029 5030 5003
5083 3 2 1 11 5003 5030 5031 5004
5084 3 2 1 11 5004 5031 5032 5005
5085 3 2 1 11 5005 5032 5033 5006
5086 3 2 1 11 5006 5033 5034 5007
5087 3 2 1 11 5007 5034 5035 5008
5088 3 2 1 11 5008 5035 5036 5009
5089 3 2 1 11 5009 5036 5037 5010
5090 3 2 1 11 5010 5037 5038 5011
5091 3 2 1 11 5011 5038 5039 5012
5092 3 2 1 11 5012 5039 728 729
5093 3 2 1 11 642 641 5040 5013
5094 3 2 1 11 5013 5040 5041 5014
5095 3 2 1 11 5014 5041 5042 5015
5096 3 2 1 11 5015 5042 5043 5016
5097 3 2 1 11 5016 5043 5044 5017
5098 3 2 1 11 5017 5044 5045 5018
5099 3 2 1 11 5018 5045 5046 5019
5100 3 2 1 11 5019 5046 5047 5020
5101 3 2 1 11 5020 5047 5048 5021
5102 3 2 1 11 5021 5048 5049 5022
5103 3 2 1 11 5022 5049 5050 5023
5104 3 2 1 11 5023 5050 5051 5024
5105 3 2 1 11 5024 5051 5052 5025
5106 3 2 1 11 5025 5052 5053 5026
5107 3 2 1 11 5026 5053 5054 5027
5108 3 2 1 11 5027 5054 5055 5028
5109 3 2 1 11 5028 5055 5056 5029
5110 3 2 1 11 5029 5056 5057 5030
5111 3 2 1 11 5030 5057 5058 5031
5112 3 2 1 11 5031 5058 5059 5032
5113 3 2 1 11 5032 5059 5060 5033
5114 3 2 1 11 5033 5060 5061 5034
5115 3 2 1 11 5034 5061 5062 5035
5116 3 2 1 11 5035 5062 5063 5036
5117 3 2 1 11 5036 5063 5064 5037
5118 3 2 1 11 5037 5064 5065 5038
5119 3 2 1 11 5038 5065 5066 5039
5120 3 2 1 11 5039 5066 727 728
5121 3 2 1 11 641 640 5067 5040
5122 3 2 1 11 5040 5067 5068 5041
5123 3 2 1 11 5041 5068 5069 5042
5124 3 2 1 11 5042 5069 5070 5043
5125 3 2 1 11 5043 5070 5071 5044
5126 3 2 1 11 5044 5071 5072 5045
5127 3 2 1 11 5045 5072 5073 5046
5128 3 2 1 11 5046 5073 5074 5047
5129 3 2 1 11 5047 5074 5075 5048
5130 3 2 1 11 5048 5075 5076 5049
5131 3 2 1 11 5049 5076 5077 5050
5132 3 2 1 11 5050 5077 5078 5051
5133 3 2 1 11 5051 5078 5079 5052
5134 3 2 1 11 5052 5079 5080 5053
5135 3 2 1 11 5053 5080 5081 5054
5136 3 2 1 11 5054 5081 5082 5055
5137 3 2 1 11 5055 5082 5083 5056
5138 3 2 1 11 5056 5083 5084 5057
5139 3 2 1 11 5057 5084 5085 5058
5140 3 2 1 11 5058 5085 5086 5059
5141 3 2 1 11 5059 5086 5087 5060
5142 3 2 1 11 5060 5087 5088 5061
5143 3 2 1 11 5061 5088 5089 5062
5144 3 2 1 11 5062 5089 5090 5063
5145 3 2 1 11 5063 5090 5091 5064
5146 3 2 1 11 5064 5091 5092 5065
5147 3 2 1 11 5065 5092 5093 5066
5148 3 2 1 11 5066 5093 726 727
5149 3 2 1 11 640 639 5094 5067
5150 3 2 1 11 5067 5094 5095 5068
5151 3 2 1 11 5068 5095 5096 5069
5152 3 2 1 11 5069 5096 5097 5070
5153 3 2 1 11 5070 5097 5098 5071
5154 3 2 1 11 5071 5098 5099 5072
5155 3 2 1 11 5072 5099 5100 5073
5156 3 2 1 11 5073 5100 5101 5074
5157 3 2 1 11 5074 5101 5102 5075
5158 3 2 1 11 5075 5102 5103 5076
5159 3 2 1 11 5076 5103 5104 5077
5160 3 2 1 11 5077 5104 5105 5078
5161 3 2 1 11 5078 5105 5106 5079
5162 3 2 1 11 5079 5106 5107 5080
5163 3 2 1 11 5080 5107 5108 5081
5164 3 2 1 11 5081 5108 5109 5082
5165 3 2 1 11 5082 5109 5110 5083
5166 3 2 1 11 5083 5110 5111 5084
5167 3 2 1 11 5084 5111 5112 5085
5168 3 2 1 11 5085 5112 5113 5086
5169 3 2 1 11 5086 5113 5114 5087
5170 3 2 1 11 5087 5114 5115 5088
5171 3 2 1 11 5088 5115 5116 5089
5172 3 2 1 11 5089 5116 5117 5090
5173 3 2 1 11 5090 5117 5118 5091
5174 3 2 1 11 5091 5118 5119 5092
5175 3 2 1 11 5092 5119 5120 5093
5176 3 2 1 11 5093 5120 725 726
5177 3 2 1 11 639 638 5121 5094
5178 3 2 1 11 5094 5121 5122 5095
5179 3 2 1 11 5095 5122 5123 5096
5180 3 2 1 11 5096 5123 5124 5097
5181 3 2 1 11 5097 5124 5125 5098
5182 3 2 1 11 5098 5125 5126 5099
5183 3 2 1 11 5099 5126 5127 5100
5184 3 2 1 11 5100 5127 5128 5101
5185 3 2 1 11 5101 5128 5129 5102
5186 3 2 1 11 5102 5129 5130 5103
5187 3 2 1 11 5103 5130 5131 5104
5188 3 2 1 11 5104 5131 5132 5105
5189 3 2 1 11 5105 5132 5133 5106
5190 3 2 1 11 5106 5133 5134 5107
5191 3 2 1 11 5107 5134 5135 5108
5192 3 2 1 11 5108 5135 5136 5109
5193 3 2 1 11 5109 5136 5137 5110
5194 3 2 1 11 5110 5137 5138 5111
5195 3 2 1 11 5111 5138 5139 5112
5196 3 2 1 11 5112 5139 5140 5113
5197 3 2 1 11 5113 5140 5141 5114
5198 3 2 1 11 5114 5141 5142 5115
5199 3 2 1 11 5115 5142 5143 5116
5200 3 2 1 11 5116 5143 5144 5117
5201 3 2 1 11 5117 5144 5145 5118
5202 3 2 1 11 5118 5145 5146 5119
5203 3 2 1 11 5119 5146 5147 5120
5204 3 2 1 11 5120 5147 724 725
5205 3 2 1 11 638 637 5148 5121
5206 3 2 1 11 5121 5148 5149 5122
5207 3 2 1 11 5122 5149 5150 5123
5208 3 2 1 11 5123 5150 5151 5124
5209 3 2 1 11 5124 5151 5152 5125
5210 3 2 1 11 5125 5152 5153 5126
5211 3 2 1 11 5126 5153 5154 5127
5212 3 2 1 11 5127 5154 5155 5128
5213 3 2 1 11 5128 5155 5156 5129
5214 3 2 1 11 5129 5156 5157 5130
5215 3 2 1 11 5130 5157 5158 5131
5216 3 2 1 11 5131 5158 5159 5132
5217 3 2 1 11 5132 5159 5160 5133
5218 3 2 1 11 5133 5160 5161 5134
5219 3 2 1 11 5134 5161 5162 5135
5220 3 2 1 11 5135 5162 5163 5136
5221 3 2 1 11 5136 5163 5164 5137
5222 3 2 1 11 5137 5164 5165 5138
5223 3 2 1 11 5138 5165 5166 5139
5224 3 2 1 11 5139 5166 5167 5140
5225 3 2 1 11 5140 5167 5168 5141
5226 3 2 1 11 5141 5168 5169 5142
5227 3 2 1 11 5142 5169 5170 5143
5228 3 2 1 11 5143 5170 5171 5144
5229 3 2 1 11 5144 5171 5172 5145
5230 3 2 1 11 5145 5172 5173 5146
5231 3 2 1 11 5146 5173 5174 5147
5232 3 2 1 11 5147 5174 723 724
5233 3 2 1 11 637 636 5175 5148
5234 3 2 1 11 5148 5175 5176 5149
5235 3 2 1 11 5149 5176 5177 5150
5236 3 2 1 11 5150 5177 5178 5151
5237 3 2 1 11 5151 5178 5179 5152
5238 3 2 1 11 5152 5179 5180 5153
5239 3 2 1 11 5153 5180 5181 5154
5240 3 2 1 11 5154 5181 5182 5155
5241 3 2 1 11 5155 5182 5183 5156
5242 3 2 1 11 5156 5183 5184 5157
5243 3 2 1 11 5157 5184 5185 5158
5244 3 2 1 11 5158 5185 5186 5159
5245 3 2 1 11 5159 5186 5187 5160
5246 3 2 1 11 5160 5187 5188 5161
5247 3 2 1 11 5161 5188 5189 5162
5248 3 2 1 11 5162 5189 5190 5163
5249 3 2 1 11 5163 5190 5191 5164
5250 3 2 1 11 5164 5191 5192 5165
5251 3 2 1 11 5165 5192 5193 5166
5252 3 2 1 11 5166 5193 5194 5167
5253 3 2 1 11 5167 5194 5195 5168
5254 3 2 1 11 5168 5195 5196 5169
5255 3 2 1 11 5169 5196 5197 5170
5256 3 2 1 11 5170 5197 5198 5171
5257 3 2 1 11 5171 5198 5199 5172
5258 3 2 1 11 5172 5199 5200 5173
5259 3 2 1 11 5173 5200 5201 5174
5260 3 2 1 11 5174 5201 722 723
5261 3 2 1 11 636 635 5202 5175
5262 3 2 1 11 5175 5202 5203 5176
5263 3 2 1 11 5176 5203 5204 5177
5264 3 2 1 11 5177 5204 5205 5178
5265 3 2 1 11 5178 5205 5206 5179
5266 3 2 1 11 5179 5206 5207 5180
5267 3 2 1 11 5180 5207 5208 5181
5268 3 2 1 11 5181 5208 5209 5182
5269 3 2 1 11 5182 5209 5210 5183
5270 3 2 1 11 5183 5210 5211 5184
5271 3 2 1 11 5184 5211 5212 5185
5272 3 2 1 11 5185 5212 5213 5186
5273 3 2 1 11 5186 5213 5214 5187
5274 3 2 1 11 5187 5214 5215 5188
5275 3 2 1 11 5188 5215 5216 5189
5276 3 2 1 11 5189 5216 5217 5190
5277 3 2 1 11 5190 5217 5218 5191
5278 3 2 1 11 5191 5218 5219 5192
5279 3 2 1 11 5192 5219 5220 5193
5280 3 2 1 11 5193 5220 5221 5194
5281 3 2 1 11 5194 5221 5222 5195
5282 3 2 1 11 5195 5222 5223 5196
5283 3 2 1 11 5196 5223 5224 5197
5284 3 2 1 11 5197 5224 5225 5198
5285 3 2 1 11 5198 5225 5226 5199
5286 3 2 1 11 5199 5226 5227 5200
5287 3 2 1 11 5200 5227 5228 5201
5288 3 2 1 11 5201 5228 721 722
5289 3 2 1 11 635 634 5229 5202
5290 3 2 1 11 5202 5229 5230 5203
5291 3 2 1 11 5203 5230 5231 5204
5292 3 2 1 11 5204 5231 5232 5205
5293 3 2 1 11 5205 5232 5233 5206
5294 3 2 1 11 5206 5233 5234 5207
5295 3 2 1 11 5207 5234 5235 5208
5296 3 2 1 11 5208 5235 5236 5209
5297 3 2 1 11 5209 5236 5237 5210
5298 3 2 1 11 5210 5237 5238 5211
5299 3 2 1 11 5211 5238 5239 5212
5300 3 2 1 11 5212 5239 5240 5213
5301 3 2 1 11 5213 5240 5241 5214
5302 3 2 1 11 5214 5241 5242 5215
5303 3 2 1 11 5215 5242 5243 5216
5304 3 2 1 11 5216 5243 5244 5217
5305 3 2 1 11 5217 5244 5245 5218
5306 3 2 1 11 5218 5245 5246 5219
5307 3 2 1 11 5219 5246 5247 5220
5308 3 2 1 11 5220 5247 5248 5221
5309 3 2 1 11 5221 5248 5249 5222
5310 3 2 1 11 5222 5249 5250 5223
5311 3 2 1 11 5223 5250 5251 5224
5312 3 2 1 11 5224 5251 5252 5225
5313 3 2 1 11 5225 5252 5253 5226
5314 3 2 1 11 5226 5253 5254 5227
5315 3 2 1 11 5227 5254 5255 5228
5316 3 2 1 11 5228 5255 720 721
5317 3 2 1 11 634 633 5256 5229
5318 3 2 1 11 5229 5256 5257 5230
5319 3 2 1 11 5230 5257 5258 5231
5320 3 2 1 11 5231 5258 5259 5232
5321 3 2 1 11 5232 5259 5260 5233
5322 3 2 1 11 5233 5260 5261 5234
5323 3 2 1 11 5234 5261 5262 5235
5324 3 2 1 11 5235 5262 5263 5236
5325 3 2 1 11 5236 5263 5264 5237
5326 3 2 1 11 5237 5264 5265 5238
5327 3 2 1 11 5238 5265 5266 5239
5328 3 2 1 11 5239 5266 5267 5240
5329 3 2 1 11 5240 5267 5268 5241
5330 3 2 1 11 5241 5268 5269 5242
5331 3 2 1 11 5242 5269 5270 5243
5332 3 2 1 11 5243 5270 5271 5244
5333 3 2 1 11 5244 5271 5272 5245
5334 3 2 1 11 5245 5272 5273 5246
5335 3 2 1 11 5246 5273 5274 5247
5336 3 2 1 11 5247 5274 5275 5248
5337 3 2 1 11 5248 5275 5276 5249
5338 3 2 1 11 5249 5276 5277 5250
5339 3 2 1 11 5250 5277 5278 5251
5340 3 2 1 11 5251 5278 5279 5252
5341 3 2 1 11 5252 5279 5280 5253
5342 3 2 1 11 5253 5280 5281 5254
5343 3 2 1 11 5254 5281 5282 5255
5344 3 2 1 11 5255 5282 719 720
5345 3 2 1 11 633 632 5283 5256
5346 3 2 1 11 5256 5283 5284 5257
5347 3 2 1 11 5257 5284 5285 5258
5348 3 2 1 11 5258 5285 5286 5259
5349 3 2 1 11 5259 5286 5287 5260
5350 3 2 1 11 5260 5287 5288 5261
5351 3 2 1 11 5261 5288 5289 5262
5352 3 2 1 11 5262 5289 5290 5263
5353 3 2 1 11 5263 5290 5291 5264
5354 3 2 1 11 5264 5291 5292 5265
5355 3 2 1 11 5265 5292 5293 5266
5356 3 2 1 11 5266 5293 5294 5267
5357 3 2 1 11 5267 5294 5295 5268
5358 3 2 1 11 5268 5295 5296 5269
5359 3 2 1 11 5269 5296 5297 5270
5360 3 2 1 11 5270 5297 5298 5271
5361 3 2 1 11 5271 5298 5299 5272
5362 3 2 1 11 5272 5299 5300 5273
5363 3 2 1 11 5273 5300 5301 5274
5364 3 2 1 11 5274 5301 5302 5275
5365 3 2 1 11 5275 5302 5303 5276
5366 3 2 1 11 5276 5303 5304 5277
5367 3 2 1 11 5277 5304 5305 5278
5368 3 2 1 11 5278 5305 5306 5279
5369 3 2 1 11 5279 5306 5307 5280
5370 3 2 1 11 5280 5307 5308 5281
5371 3 2 1 11 5281 5308 5309 5282
5372 3 2 1 11 5282 5309 718 719
5373 3 2 1 11 632 631 5310 5283
5374 3 2 1 11 5283 5310 5311 5284
5375 3 2 1 11 5284 5311 5312 5285
5376 3 2 1 11 5285 5312 5313 5286
5377 3 2 1 11 5286 5313 5314 5287
5378 3 2 1 11 5287 5314 5315 5288
5379 3 2 1 11 5288 5315 5316 5289
5380 3 2 1 11 5289 5316 5317 5290
5381 3 2 1 11 5290 5317 5318 5291
5382 3 2 1 11 5291 5318 5319 5292
5383 3 2 1 11 5292 5319 5320 5293
5384 3 2 1 11 5293 5320 5321 5294
5385 3 2 1 11 5294 5321 5322 5295
5386 3 2 1 11 5295 5322 5323 5296
5387 3 2 1 11 5296 5323 5324 5297
5388 3 2 1 11 5297 5324 5325 5298
5389 3 2 1 11 5298 5325 5326 5299
5390 3 2 1 11 5299 5326 5327 5300
5391 3 2 1 11 5300 5327 5328 5301
5392 3 2 1 11 5301 5328 5329 5302
5393 3 2 1 11 5302 5329 5330 5303
5394 3 2 1 11 5303 5330 5331 5304
5395 3 2 1 11 5304 5331 5332 5305
5396 3 2 1 11 5305 5332 5333 5306
5397 3 2 1 11 5306 5333 5334 5307
5398 3 2 1 11 5307 5334 5335 5308
5399 3 2 1 11 5308 5335 5336 5309
5400 3 2 1 11 5309 5336 717 718
5401 3 2 1 11 631 630 5337 5310
5402 3 2 1 11 5310 5337 5338 5311
5403 3 2 1 11 5311 5338 5339 5312
5404 3 2 1 11 5312 5339 5340 5313
5405 3 2 1 11 5313 5340 5341 5314
5406 3 2 1 11 5314 5341 5342 5315
5407 3 2 1 11 5315 5342 5343 5316
5408 3 2 1 11 5316 5343 5344 5317
5409 3 2 1 11 5317 5344 5345 5318
5410 3 2 1 11 5318 5345 5346 5319
5411 3 2 1 11 5319 5346 5347 5320
5412 3 2 1 11 5320 5347 5348 5321
5413 3 2 1 11 5321 5348 5349 5322
5414 3 2 1 11 5322 5349 5350 5323
5415 3 2 1 11 5323 5350 5351 5324
5416 3 2 1 11 5324 5351 5352 5325
5417 3 2 1 11 5325 5352 5353 5326
5418 3 2 1 11 5326 5353 5354 5327
5419 3 2 1 11 5327 5354 5355 5328
5420 3 2 1 11 5328 5355 5356 5329
5421 3 2 1 11 5329 5356 5357 5330
5422 3 2 1 11 5330 5357 5358 5331
5423 3 2 1 11 5331 5358 5359 5332
5424 3 2 1 11 5332 5359 5360 5333
5425 3 2 1 11 5333 5360 5361 5334
5426 3 2 1 11 5334 5361 5362 5335
5427 3 2 1 11 5335 5362 5363 5336
5428 3 2 1 11 5336 5363 716 717
5429 3 2 1 11 630 629 5364 5337
5430 3 2 1 11 5337 5364 5365 5338
5431 3 2 1 11 5338 5365 5366 5339
5432 3 2 1 11 5339 5366 5367 5340
5433 3 2 1 11 5340 5367 5368 5341
5434 3 2 1 11 5341 5368 5369 5342
5435 3 2 1 11 5342 5369 5370 5343
5436 3 2 1 11 5343 5370 5371 5344
5437 3 2 1 11 5344 5371 5372 5345
5438 3 2 1 11 5345 5372 5373 5346
5439 3 2 1 11 5346 5373 5374 5347
5440 3 2 1 11 5347 5374 5375 5348
5441 3 2 1 11 5348 5375 5376 5349
5442 3 2 1 11 5349 5376 5377 5350
5443 3 2 1 11 5350 5377 5378 5351
5444 3 2 1 11 5351 5378 5379 5352
5445 3 2 1 11 5352 5379 5380 5353
5446 3 2 1 11 5353 5380 5381 5354
5447 3 2 1 11 5354 5381 5382 5355
5448 3 2 1 11 5355 5382 5383 5356
5449 3 2 1 11 5356 5383 5384 5357
5450 3 2 1 11 5357 5384 5385 5358
5451 3 2 1 11 5358 5385 5386 5359
5452 3 2 1 11 5359 5386 5387 5360
5453 3 2 1 11 5360 5387 5388 5361
5454 3 2 1 11 5361 5388 5389 5362
5455 3 2 1 11 5362 5389 5390 5363
5456 3 2 1 11 5363 5390 715 716
5457 3 2 1 11 629 628 5391 5364
5458 3 2 1 11 5364 5391 5392 5365
5459 3 2 1 11 5365 5392 5393 5366
5460 3 2 1 11 5366 5393 5394 5367
5461 3 2 1 11 5367 5394 5395 5368
5462 3 2 1 11 5368 5395 5396 5369
5463 3 2 1 11 5369 5396 5397 5370
5464 3 2 1 11 5370 5397 5398 5371
5465 3 2 1 11 5371 5398 5399 5372
5466 3 2 1 11 5372 5399 5400 5373
5467 3 2 1 11 5373 5400 5401 5374
5468 3 2 1 11 5374 5401 5402 5375
5469 3 2 1 11 5375 5402 5403 5376
5470 3 2 1 11 5376 5403 5404 5377
5471 3 2 1 11 5377 5404 5405 5378
5472 3 2 1 11 5378 5405 5406 5379
5473 3 2 1 11 5379 5406 5407 5380
5474 3 2 1 11 5380 5407 5408 5381
5475 3 2 1 11 5381 5408 5409 5382
5476 3 2 1 11 5382 5409 5410 5383
5477 3 2 1 11 5383 5410 5411 5384
5478 3 2 1 11 5384 5411 5412 5385
5479 3 2 1 11 5385 5412 5413 5386
5480 3 2 1 11 5386 5413 5414 5387
5481 3 2 1 11 5387 5414 5415 5388
5482 3 2 1 11 5388 5415 5416 5389
5483 3 2 1 11 5389 5416 5417 5390
5484 3 2 1 11 5390 5417 714 715
5485 3 2 1 11 628 627 5418 5391
5486 3 2 1 11 5391 5418 5419 5392
5487 3 2 1 11 5392 5419 5420 5393
5488 3 2 1 11 5393 5420 5421 5394
5489 3 2 1 11 5394 5421 5422 5395
5490 3 2 1 11 5395 5422 5423 5396
5491 3 2 1 11 5396 5423 5424 5397
5492 3 2 1 11 5397 5424 5425 5398
5493 3 2 1 11 5398 5425 5426 5399
5494 3 2 1 11 5399 5426 5427 5400
5495 3 2 1 11 5400 5427 5428 5401
5496 3 2 1 11 5401 5428 5429 5402
5497 3 2 1 11 5402 5429 5430 5403
5498 3 2 1 11 5403 5430 5431 5404
5499 3 2 1 11 5404 5431 5432 5405
5500 3 2 1 11 5405 5432 5433 5406
5501 3 2 1 11 5406 5433 5434 5407
5502 3 2 1 11 5407 5434 5435 5408
5503 3 2 1 11 5408 5435 5436 5409
5504 3 2 1 11 5409 5436 5437 5410
5505 3 2 1 11 5410 5437 5438 5411
5506 3 2 1 11 5411 5438 5439 5412
5507 3 2 1 11 5412 5439 5440 5413
5508 3 2 1 11 5413 5440 5441 5414
5509 3 2 1 11 5414 5441 5442 5415
5510 3 2 1 11 5415 5442 5443 5416
5511 3 2 1 11 5416 5443 5444 5417
5512 3 2 1 11 5417 5444 713 714
5513 3 2 1 11 627 626 5445 5418
5514 3 2 1 11 5418 5445 5446 5419
5515 3 2 1 11 5419 5446 5447 5420
5516 3 2 1 11 5420 5447 5448 5421
5517 3 2 1 11 5421 5448 5449 5422
5518 3 2 1 11 5422 5449 5450 5423
5519 3 2 1 11 5423 5450 5451 5424
5520 3 2 1 11 5424 5451 5452 5425
5521 3 2 1 11 5425 5452 5453 5426
5522 3 2 1 11 5426 5453 5454 5427
5523 3 2 1 11 5427 5454 5455 5428
5524 3 2 1 11 5428 5455 5456 5429
5525 3 2 1 11 5429 5456 5457 5430
5526 3 2 1 11 5430 5457 5458 5431
5527 3 2 1 11 5431 5458 5459 5432
5528 3 2 1 11 5432 5459 5460 5433
5529 3 2 1 11 5433 5460 5461 5434
5530 3 2 1 11 5434 5461 5462 5435
5531 3 2 1 11 5435 5462 5463 5436
5532 3 2 1 11 5436 5463 5464 5437
5533 3 2 1 11 5437 5464 5465 5438
5534 3 2 1 11 5438 5465 5466 5439
5535 3 2 1 11 5439 5466 5467 5440
5536 3 2 1 11 5440 5467 5468 5441
5537 3 2 1 11 5441 5468 5469 5442
5538 3 2 1 11 5442 5469 5470 5443
5539 3 2 1 11 5443 5470 5471 5444
5540 3 2 1 11 5444 5471 712 713
5541 3 2 1 11 626 625 5472 5445
5542 3 2 1 11 5445 5472 5473 5446
5543 3 2 1 11 5446 5473 5474 5447
5544 3 2 1 11 5447 5474 5475 5448
5545 3 2 1 11 5448 5475 5476 5449
5546 3 2 1 11 5449 5476 5477 5450
5547 3 2 1 11 5450 5477 5478 5451
5548 3 2 1 11 5451 5478 5479 5452
5549 3 2 1 11 5452 5479 5480 5453
5550 3 2 1 11 5453 5480 5481 5454
5551 3 2 1 11 5454 5481 5482 5455
5552 3 2 1 11 5455 5482 5483 5456
5553 3 2 1 11 5456 5483 5484 5457
5554 3 2 1 11 5457 5484 5485 5458
5555 3 2 1 11 5458 5485 5486 5459
5556 3 2 1 11 5459 5486 5487 5460
5557 3 2 1 11 5460 5487 5488 5461
5558 3 2 1 11 5461 5488 5489 5462
5559 3 2 1 11 5462 5489 5490 5463
5560 3 2 1 11 5463 5490 5491 5464
5561 3 2 1 11 5464 5491 5492 5465
5562 3 2 1 11 5465 5492 5493 5466
5563 3 2 1 11 5466 5493 5494 5467
5564 3 2 1 11 5467 5494 5495 5468
5565 3 2 1 11 5468 5495 5496 5469
5566 3 2 1 11 5469 5496 5497 5470
5567 3 2 1 11 5470 5497 5498 5471
5568 3 2 1 11 5471 5498 711 712
5569 3 2 1 11 625 624 5499 5472
5570 3 2 1 11 5472 5499 5500 5473
5571 3 2 1 11 5473 5500 5501 5474
5572 3 2 1 11 5474 5501 5502 5475
5573 3 2 1 11 5475 5502 5503 5476
5574 3 2 1 11 5476 5503 5504 5477
5575 3 2 1 11 5477 5504 5505 5478
5576 3 2 1 11 5478 5505 5506 5479
5577 3 2 1 11 5479 5506 5507 5480
5578 3 2 1 11 5480 5507 5508 5481
5579 3 2 1 11 5481 5508 5509 5482
5580 3 2 1 11 5482 5509 5510 5483
5581 3 2 1 11 5483 5510 5511 5484
5582 3 2 1 11 5484 5511 5512 5485
5583 3 2 1 11 5485 5512 5513 5486
5584 3 2 1 11 5486 5513 5514 5487
5585 3 2 1 11 5487 5514 5515 5488
5586 3 2 1 11 5488 5515 5516 5489
5587 3 2 1 11 5489 5516 5517 5490
5588 3 2 1 11 5490 5517 5518 5491
5589 3 2 1 11 5491 5518 5519 5492
5590 3 2 1 11 5492 5519 5520 5493
5591 3 2 1 11 5493 5520 5521 5494
5592 3 2 1 11 5494 5521 5522 5495
5593 3 2 1 11 5495 5522 5523 5496
5594 3 2 1 11 5496 5523 5524 5497
5595 3 2 1 11 5497 5524 5525 5498
5596 3 2 1 11 5498 5525 710 711
5597 3 2 1 11 624 623 5526 5499
5598 3 2 1 11 5499 5526 5527 5500
5599 3 2 1 11 5500 5527 5528 5501
5600 3 2 1 11 5501 5528 5529 5502
5601 3 2 1 11 5502 5529 5530 5503
5602 3 2 1 11 5503 5530 5531 5504
5603 3 2 1 11 5504 5531 5532 5505
5604 3 2 1 11 5505 5532 5533 5506
5605 3 2 1 11 5506 5533 5534 5507
5606 3 2 1 11 5507 5534 5535 5508
5607 3 2 1 11 5508 5535 5536 5509
5608 3 2 1 11 5509 5536 5537 5510
5609 3 2 1 11 5510 5537 5538 5511
5610 3 2 1 11 5511 5538 5539 5512
5611 3 2 1 11 5512 5539 5540 5513
5612 3 2 1 11 5513 5540 5541 5514
5613 3 2 1 11 5514 5541 5542 5515
5614 3 2 1 11 5515 5542 5543 5516
5615 3 2 1 11 5516 5543 5544 5517
5616 3 2 1 11 5517 5544 5545 5518
5617 3 2 1 11 5518 5545 5546 5519
5618 3 2 1 11 5519 5546 5547 5520
5619 3 2 1 11 5520 5547 5548 5521
5620 3 2 1 11 5521 5548 5549 5522
5621 3 2 1 11 5522 5549 5550 5523
5622 3 2 1 11 5523 5550 5551 5524
5623 3 2 1 11 5524 5551 5552 5525
5624 3 2 1 11 5525 5552 709 710
5625 3 2 1 11 623 622 5553 5526
5626 3 2 1 11 5526 5553 5554 5527
5627 3 2 1 11 5527 5554 5555 5528
5628 3 2 1 11 5528 5555 5556 5529
5629 3 2 1 11 5529 5556 5557 5530
5630 3 2 1 11 5530 5557 5558 5531
5631 3 2 1 11 5531 5558 5559 5532
5632 3 2 1 11 5532 5559 5560 5533
5633 3 2 1 11 5533 5560 5561 5534
5634 3 2 1 11 5534 5561 5562 5535
5635 3 2 1 11 5535 5562 5563 5536
5636 3 2 1 11 5536 5563 5564 5537
5637 3 2 1 11 5537 5564 5565 5538
5638 3 2 1 11 5538 5565 5566 5539
5639 3 2 1 11 5539 5566 5567 5540
5640 3 2 1 11 5540 5567 5568 5541
5641 3 2 1 11 5541 5568 5569 5542
5642 3 2 1 11 5542 5569 5570 5543
5643 3 2 1 11 5543 5570 5571 5544
5644 3 2 1 11 5544 5571 5572 5545
5645 3 2 1 11 5545 5572 5573 5546
5646 3 2 1 11 5546 5573 5574 5547
5647 3 2 1 11 5547 5574 5575 5548
5648 3 2 1 11 5548 5575 5576 5549
5649 3 2 1 11 5549 5576 5577 5550
5650 3 2 1 11 5550 5577 5578 5551
5651 3 2 1 11 5551 5578 5579 5552
5652 3 2 1 11 5552 5579 708 709
5653 3 2 1 11 622 621 5580 5553
5654 3 2 1 11 5553 5580 5581 5554
5655 3 2 1 11 5554 5581 5582 5555
5656 3 2 1 11 5555 5582 5583 5556
5657 3 2 1 11 5556 5583 5584 5557
5658 3 2 1 11 5557 5584 5585 5558
5659 3 2 1 11 5558 5585 5586 5559
5660 3 2 1 11 5559 5586 5587 5560
5661 3 2 1 11 5560 5587 5588 5561
5662 3 2 1 11 5561 5588 5589 5562
5663 3 2 1 11 5562 5589 5590 5563
5664 3 2 1 11 5563 5590 5591 5564
5665 3 2 1 11 5564 5591 5592 5565
5666 3 2 1 11 5565 5592 5593 5566
5667 3 2 1 11 5566 5593 5594 5567
5668 3 2 1 11 5567 5594 5595 5568
5669 3 2 1 11 5568 5595 5596 5569
5670 3 2 1 11 5569 5596 5597 5570
5671 3 2 1 11 5570 5597 5598 5571
5672 3 2 1 11 5571 5598 5599 5572
5673 3 2 1 11 5572 5599 5600 5573
5674 3 2 1 11 5573 5600 5601 5574
5675 3 2 1 11 5574 5601 5602 5575
5676 3 2 1 11 5575 5602 5603 5576
5677 3 2 1 11 5576 5603 5604 5577
5678 3 2 1 11 5577 5604 5605 5578
5679 3 2 1 11 5578 5605 5606 5579
5680 3 2 1 11 5579 5606 707 708
5681 3 2 1 11 621 620 5607 5580
5682 3 2 1 11 5580 5607 5608 5581
5683 3 2 1 11 5581 5608 5609 5582
5684 3 2 1 11 5582 5609 5610 5583
5685 3 2 1 11 5583 5610 5611 5584
5686 3 2 1 11 5584 5611 5612 5585
5687 3 2 1 11 5585 5612 5613 5586
5688 3 2 1 11 5586 5613 5614 5587
5689 3 2 1 11 5587 5614 5615 5588
5690 3 2 1 11 5588 5615 5616 5589
5691 3 2 1 11 5589 5616 5617 5590
5692 3 2 1 11 5590 5617 5618 5591
5693 3 2 1 11 5591 5618 5619 5592
5694 3 2 1 11 5592 5619 5620 5593
5695 3 2 1 11 5593 5620 5621 5594
5696 3 2 1 11 5594 5621 5622 5595
5697 3 2 1 11 5595 5622 5623 5596
5698 3 2 1 11 5596 5623 5624 5597
5699 3 2 1 11 5597 5624 5625 5598
5700 3 2 1 11 5598 5625 5626 5599
5701 3 2 1 11 5599 5626 5627 5600
5702 3 2 1 11 5600 5627 5628 5601
5703 3 2 1 11 5601 5628 5629 5602
5704 3 2 1 11 5602 5629 5630 5603
5705 3 2 1 11 5603 5630 5631 5604
5706 3 2 1 11 5604 5631 5632 5605
5707 3 2 1 11 5605 5632 5633 5606
5708 3 2 1 11 5606 5633 706 707
5709 3 2 1 11 620 619 5634 5607
5710 3 2 1 11 5607 5634 5635 5608
5711 3 2 1 11 5608 5635 5636 5609
5712 3 2 1 11 5609 5636 5637 5610
5713 3 2 1 11 5610 5637 5638 5611
5714 3 2 1 11 5611 5638 5639 5612
5715 3 2 1 11 5612 5639 5640 5613
5716 3 2 1 11 5613 5640 5641 5614
5717 3 2 1 11 5614 5641 5642 5615
5718 3 2 1 11 5615 5642 5643 5616
5719 3 2 1 11 5616 5643 5644 5617
5720 3 2 1 11 5617 5644 5645 5618
5721 3 2 1 11 5618 5645 5646 5619
5722 3 2 1 11 5619 5646 5647 5620
5723 3 2 1 11 5620 5647 5648 5621
5724 3 2 1 11 5621 5648 5649 5622
5725 3 2 1 11 5622 5649 5650 5623
5726 3 2 1 11 5623 5650 5651 5624
5727 3 2 1 11 5624 5651 5652 5625
5728 3 2 1 11 5625 5652 5653 5626
5729 3 2 1 11 5626 5653 5654 5627
5730 3 2 1 11 5627 5654 5655 5628
5731 3 2 1 11 5628 5655 5656 5629
5732 3 2 1 11 5629 5656 5657 5630
5733 3 2 1 11 5630 5657 5658 5631
5734 3 2 1 11 5631 5658 5659 5632
5735 3 2 1 11 5632 5659 5660 5633
5736 3 2 1 11 5633 5660 705 706
5737 3 2 1 11 619 618 5661 5634
5738 3 2 1 11 5634 5661 5662 5635
5739 3 2 1 11 5635 5662 5663 5636
5740 3 2 1 11 5636 5663 5664 5637
5741 3 2 1 11 5637 5664 5665 5638
5742 3 2 1 11 5638 5665 5666 5639
5743 3 2 1 11 5639 5666 5667 5640
5744 3 2 1 11 5640 5667 5668 5641
5745 3 2 1 11 5641 5668 5669 5642
5746 3 2 1 11 5642 5669 5670 5643
5747 3 2 1 11 5643 5670 5671 5644
5748 3 2 1 11 5644 5671 5672 5645
5749 3 2 1 11 5645 5672 5673 5646
5750 3 2 1 11 5646 5673 5674 5647
5751 3 2 1 11 5647 5674 5675 5648
5752 3 2 1 11 5648 5675 5676 5649
5753 3 2 1 11 5649 5676 5677 5650
5754 3 2 1 11 5650 5677 5678 5651
5755 3 2 1 11 5651 5678 5679 5652
5756 3 2 1 11 5652 5679 5680 5653
5757 3 2 1 11 5653 5680 5681 5654
5758 3 2 1 11 5654 5681 5682 5655
5759 3 2 1 11 5655 5682 5683 5656
5760 3 2 1 11 5656 5683 5684 5657
5761 3 2 1 11 5657 5684 5685 5658
5762 3 2 1 11 5658 5685 5686 5659
5763 3 2 1 11 5659 5686 5687 5660
5764 3 2 1 11 5660 5687 704 705
5765 3 2 1 11 618 617 5688 5661
5766 3 2 1 11 5661 5688 5689 5662
5767 3 2 1 11 5662 5689 5690 5663
5768 3 2 1 11 5663 5690 5691 5664
5769 3 2 1 11 5664 5691 5692 5665
5770 3 2 1 11 5665 5692 5693 5666
5771 3 2 1 11 5666 5693 5694 5667
5772 3 2 1 11 5667 5694 5695 5668
5773 3 2 1 11 5668 5695 5696 5669
5774 3 2 1 11 5669 5696 5697 5670
5775 3 2 1 11 5670 5697 5698 5671
5776 3 2 1 11 5671 5698 5699 5672
5777 3 2 1 11 5672 5699 5700 5673
5778 3 2 1 11 5673 5700 5701 5674
5779 3 2 1 11 5674 5701 5702 5675
5780 3 2 1 11 5675 5702 5703 5676
5781 3 2 1 11 5676 5703 5704 5677
5782 3 2 1 11 5677 5704 5705 5678
5783 3 2 1 11 5678 5705 5706 5679
5784 3 2 1 11 5679 5706 5707 5680
5785 3 2 1 11 5680 5707 5708 5681
5786 3 2 1 11 5681 5708 5709 5682
5787 3 2 1 11 5682 5709 5710 5683
5788 3 2 1 11 5683 5710 5711 5684
5789 3 2 1 11 5684 5711 5712 5685
5790 3 2 1 11 5685 5712 5713 5686
5791 3 2 1 11 5686 5713 5714 5687
5792 3 2 1 11 5687 5714 703 704
5793 3 2 1 11 617 616 5715 5688
5794 3 2 1 11 5688 5715 5716 5689
5795 3 2 1 11 5689 5716 5717 5690
5796 3 2 1 11 5690 5717 5718 5691
5797 3 2 1 11 5691 5718 5719 5692
5798 3 2 1 11 5692 5719 5720 5693
5799 3 2 1 11 5693 5720 5721 5694
5800 3 2 1 11 5694 5721 5722 5695
5801 3 2 1 11 5695 5722 5723 5696
5802 3 2 1 11 5696 5723 5724 5697
5803 3 2 1 11 5697 5724 5725 5698
5804 3 2 1 11 5698 5725 5726 5699
5805 3 2 1 11 5699 5726 5727 5700
5806 3 2 1 11 5700 5727 5728 5701
5807 3 2 1 11 5701 5728 5729 5702
5808 3 2 1 11 5702 5729 5730 5703
5809 3 2 1 11 5703 5730 5731 5704
5810 3 2 1 11 5704 5731 5732 5705
5811 3 2 1 11 5705 5732 5733 5706
5812 3 2 1 11 5706 5733 5734 5707
5813 3 2 1 11 5707 5734 5735 5708
5814 3 2 1 11 5708 5735 5736 5709
5815 3 2 1 11 5709 5736 5737 5710
5816 3 2 1 11 5710 5737 5738 5711
5817 3 2 1 11 5711 5738 5739 5712
5818 3 2 1 11 5712 5739 5740 5713
5819 3 2 1 11 5713 5740 5741 5714
5820 3 2 1 11 5714 5741 702 703
5821 3 2 1 11 616 615 5742 5715
5822 3 2 1 11 5715 5742 5743 5716
5823 3 2 1 11 5716 5743 5744 5717
5824 3 2 1 11 5717 5744 5745 5718
5825 3 2 1 11 5718 5745 5746 5719
5826 3 2 1 11 5719 5746 5747 5720
5827 3 2 1 11 5720 5747 5748 5721
5828 3 2 1 11 5721 5748 5749 5722
5829 3 2 1 11 5722 5749 5750 5723
5830 3 2 1 11 5723 5750 5751 5724
5831 3 2 1 11 5724 5751 5752 5725
5832 3 2 1 11 5725 5752 5753 5726
5833 3 2 1 11 5726 5753 5754 5727
5834 3 2 1 11 5727 5754 5755 5728
5835 3 2 1 11 5728 5755 5756 5729
5836 3 2 1 11 5729 5756 5757 5730
5837 3 2 1 11 5730 5757 5758 5731
5838 3 2 1 11 5731 5758 5759 5732
5839 3 2 1 11 5732 5759 5760 5733
5840 3 2 1 11 5733 5760 5761 5734
5841 3 2 1 11 5734 5761 5762 5735
5842 3 2 1 11 5735 5762 5763 5736
5843 3 2 1 11 5736 5763 5764 5737
5844 3 2 1 11 5737 5764 5765 5738
5845 3 2 1 11 5738 5765 5766 5739
5846 3 2 1 11 5739 5766 5767 5740
5847 3 2 1 11 5740 5767 5768 5741
5848 3 2 1 11 5741 5768 701 702
5849 3 2 1 11 615 614 5769 5742
5850 3 2 1 11 5742 5769 5770 5743
5851 3 2 1 11 5743 5770 5771 5744
5852 3 2 1 11 5744 5771 5772 5745
5853 3 2 1 11 5745 5772 5773 5746
5854 3 2 1 11 5746 5773 5774 5747
5855 3 2 1 11 5747 5774 5775 5748
5856 3 2 1 11 5748 5775 5776 5749
5857 3 2 1 11 5749 5776 5777 5750
5858 3 2 1 11 5750 5777 5778 5751
5859 3 2 1 11 5751 5778 5779 5752
5860 3 2 1 11 5752 5779 5780 5753
5861 3 2 1 11 5753 5780 5781 5754
5862 3 2 1 11 5754 5781 5782 5755
5863 3 2 1 11 5755 5782 5783 5756
5864 3 2 1 11 5756 5783 5784 5757
5865 3 2 1 11 5757 5784 5785 5758
5866 3 2 1 11 5758 5785 5786 5759
5867 3 2 1 11 5759 5786 5787 5760
5868 3 2 1 11 5760 5787 5788 5761
5869 3 2 1 11 5761 5788 5789 5762
5870 3 2 1 11 5762 5789 5790 5763
5871 3 2 1 11 5763 5790 5791 5764
5872 3 2 1 11 5764 5791 5792 5765
5873 3 2 1 11 5765 5792 5793 5766
5874 3 2 1 11 5766 5793 5794 5767
5875 3 2 1 11 5767 5794 5795 5768
5876 3 2 1 11 5768 5795 700 701
5877 3 2 1 11 614 613 5796 5769
5878 3 2 1 11 5769 5796 5797 5770
5879 3 2 1 11 5770 5797 5798 5771
5880 3 2 1 11 5771 5798 5799 5772
5881 3 2 1 11 5772 5799 5800 5773
5882 3 2 1 11 5773 5800 5801 5774
5883 3 2 1 11 5774 5801 5802 5775
5884 3 2 1 11 5775 5802 5803 5776
5885 3 2 1 11 5776 5803 5804 5777
5886 3 2 1 11 5777 5804 5805 5778
5887 3 2 1 11 5778 5805 5806 5779
5888 3 2 1 11 5779 5806 5807 5780
5889 3 2 1 11 5780 5807 5808 5781
5890 3 2 1 11 5781 5808 5809 5782
5891 3 2 1 11 5782 5809 5810 5783
5892 3 2 1 11 5783 5810 5811 5784
5893 3 2 1 11 5784 5811 5812 5785
5894 3 2 1 11 5785 5812 5813 5786
5895 3 2 1 11 5786 5813 5814 5787
5896 3 2 1 11 5787 5814 5815 5788
5897 3 2 1 11 5788 5815 5816 5789
5898 3 2 1 11 5789 5816 5817 5790
5899 3 2 1 11 5790 5817 5818 5791
5900 3 2 1 11 5791 5818 5819 5792
5901 3 2 1 11 5792 5819 5820 5793
5902 3 2 1 11 5793 5820 5821 5794
5903 3 2 1 11 5794 5821 5822 5795
5904 3 2 1 11 5795 5822 699 700
5905 3 2 1 11 613 612 5823 5796
5906 3 2 1 11 5796 5823 5824 5797
5907 3 2 1 11 5797 5824 5825 5798
5908 3 2 1 11 5798 5825 5826 5799
5909 3 2 1 11 5799 5826 5827 5800
5910 3 2 1 11 5800 5827 5828 5801
5911 3 2 1 11 5801 5828 5829 5802
5912 3 2 1 11 5802 5829 5830 5803
5913 3 2 1 11 5803 5830 5831 5804
5914 3 2 1 11 5804 5831 5832 5805
5915 3 2 1 11 5805 5832 5833 5806
5916 3 2 1 11 5806 5833 5834 5807
5917 3 2 1 11 5807 5834 5835 5808
5918 3 2 1 11 5808 5835 5836 5809
5919 3 2 1 11 5809 5836 5837 5810
5920 3 2 1 11 5810 5837 5838 5811
5921 3 2 1 11 5811 5838 5839 5812
5922 3 2 1 11 5812 5839 5840 5813
5923 3 2 1 11 5813 5840 5841 5814
5924 3 2 1 11 5814 5841 5842 5815
5925 3 2 1 11 5815 5842 5843 5816
5926 3 2 1 11 5816 5843 5844 5817
5927 3 2 1 11 5817 5844 5845 5818
5928 3 2 1 11 5818 5845 5846 5819
5929 3 2 1 11 5819 5846 5847 5820
5930 3 2 1 11 5820 5847 5848 5821
5931 3 2 1 11 5821 5848 5849 5822
5932 3 2 1 11 5822 5849 698 699
5933 3 2 1 11 612 611 5850 5823
5934 3 2 1 11 5823 5850 5851 5824
5935 3 2 1 11 5824 5851 5852 5825
5936 3 2 1 11 5825 5852 5853 5826
5937 3 2 1 11 5826 5853 5854 5827
5938 3 2 1 11 5827 5854 5855 5828
5939 3 2 1 11 5828 5855 5856 5829
5940 3 2 1 11 5829 5856 5857 5830
5941 3 2 1 11 5830 5857 5858 5831
5942 3 2 1 11 5831 5858 5859 5832
5943 3 2 1 11 5832 5859 5860 5833
5944 3 2 1 11 5833 5860 5861 5834
5945 3 2 1 11 5834 5861 5862 5835
5946 3 2 1 11 5835 5862 5863 5836
5947 3 2 1 11 5836 5863 5864 5837
5948 3 2 1 11 5837 5864 5865 5838
5949 3 2 1 11 5838 5865 5866 5839
5950 3 2 1 11 5839 5866 5867 5840
5951 3 2 1 11 5840 5867 5868 5841
5952 3 2 1 11 5841 5868 5869 5842
5953 3 2 1 11 5842 5869 5870 5843
5954 3 2 1 11 5843 5870 5871 5844
5955 3 2 1 11 5844 5871 5872 5845
5956 3 2 1 11 5845 5872 5873 5846
5957 3 2 1 11 5846 5873 5874 5847
5958 3 2 1 11 5847 5874 5875 5848
5959 3 2 1 11 5848 5875 5876 5849
5960 3 2 1 11 5849 5876 697 698
5961 3 2 1 11 611 610 5877 5850
5962 3 2 1 11 5850 5877 5878 5851
5963 3 2 1 11 5851 5878 5879 5852
5964 3 2 1 11 5852 5879 5880 5853
5965 3 2 1 11 5853 5880 5881 5854
5966 3 2 1 11 5854 5881 5882 5855
5967 3 2 1 11 5855 5882 5883 5856
5968 3 2 1 11 5856 5883 5884 5857
5969 3 2 1 11 5857 5884 5885 5858
5970 3 2 1 11 5858 5885 5886 5859
5971 3 2 1 11 5859 5886 5887 5860
5972 3 2 1 11 5860 5887 5888 5861
5973 3 2 1 11 5861 5888 5889 5862
5974 3 2 1 11 5862 5889 5890 5863
5975 3 2 1 11 5863 5890 5891 5864
5976 3 2 1 11 5864 5891 5892 5865
5977 3 2 1 11 5865 5892 5893 5866
5978 3 2 1 11 5866 5893 5894 5867
5979 3 2 1 11 5867 5894 5895 5868
5980 3 2 1 11 5868 5895 5896 5869
5981 3 2 1 11 5869 5896 5897 5870
5982 3 2 1 11 5870 5897 5898 5871
5983 3 2 1 11 5871 5898 5899 5872
5984 3 2 1 11 5872 5899 5900 5873
5985 3 2 1 11 5873 5900 5901 5874
5986 3 2 1 11 5874 5901 5902 5875
5987 3 2 1 11 5875 5902 5903 5876
5988 3 2 1 11 5876 5903 696 697
5989 3 2 1 11 610 609 5904 5877
5990 3 2 1 11 5877 5904 5905 5878
5991 3 2 1 11 5878 5905 5906 5879
5992 3 2 1 11 5879 5906 5907 5880
5993 3 2 1 11 5880 5907 5908 5881
5994 3 2 1 11 5881 5908 5909 5882
5995 3 2 1 11 5882 5909 5910 5883
5996 3 2 1 11 5883 5910 5911 5884
5997 3 2 1 11 5884 5911 5912 5885
5998 3 2 1 11 5885 5912 5913 5886
5999 3 2 1 11 5886 5913 5914 5887
6000 3 2 1 11 5887 5914 5915 5888
6001 3 2 1 11 5888 5915 5916 5889
6002 3 2 1 11 5889 5916 5917 5890
6003 3 2 1 11 5890 5917 5918 5891
6004 3 2 1 11 5891 5918 5919 5892
6005 3 2 1 11 5892 5919 5920 5893
6006 3 2 1 11 5893 5920 5921 5894
6007 3 2 1 11 5894 5921 5922 5895
6008 3 2 1 11 5895 5922 5923 5896
6009 3 2 1 11 5896 5923 5924 5897
6010 3 2 1 11 5897 5924 5925 5898
6011 3 2 1 11 5898 5925 5926 5899
6012 3 2 1 11 5899 5926 5927 5900
6013 3 2 1 11 5900 5927 5928 5901
6014 3 2 1 11 5901 5928 5929 5902
6015 3 2 1 11 5902 5929 5930 5903
6016 3 2 1 11 5903 5930 695 696
6017 3 2 1 11 609 608 5931 5904
6018 3 2 1 11 5904 5931 5932 5905
6019 3 2 1 11 5905 5932 5933 5906
6020 3 2 1 11 5906 5933 5934 5907
6021 3 2 1 11 5907 5934 5935 5908
6022 3 2 1 11 5908 5935 5936 5909
6023 3 2 1 11 5909 5936 5937 5910
6024 3 2 1 11 5910 5937 5938 5911
6025 3 2 1 11 5911 5938 5939 5912
6026 3 2 1 11 5912 5939 5940 5913
6027 3 2 1 11 5913 5940 5941 5914
6028 3 2 1 11 5914 5941 5942 5915
6029 3 2 1 11 5915 5942 5943 5916
6030 3 2 1 11 5916 5943 5944 5917
6031 3 2 1 11 5917 5944 5945 5918
6032 3 2 1 11 5918 5945 5946 5919
6033 3 2 1 11 5919 5946 5947 5920
6034 3 2 1 11 5920 5947 5948 5921
6035 3 2 1 11 5921 5948 5949 5922
6036 3 2 1 11 5922 5949 5950 5923
6037 3 2 1 11 5923 5950 5951 5924
6038 3 2 1 11 5924 5951 5952 5925
6039 3 2 1 11 5925 5952 5953 5926
6040 3 2 1 11 5926 5953 5954 5927
6041 3 2 1 11 5927 5954 5955 5928
6042 3 2 1 11 5928 5955 5956 5929
6043 3 2 1 11 5929 5956 5957 5930
6044 3 2 1 11 5930 5957 694 695
6045 3 2 1 11 608 607 5958 5931
6046 3 2 1 11 5931 5958 5959 5932
6047 3 2 1 11 5932 5959 5960 5933
6048 3 2 1 11 5933 5960 5961 5934
6049 3 2 1 11 5934 5961 5962 5935
6050 3 2 1 11 5935 5962 5963 5936
6051 3 2 1 11 5936 5963 5964 5937
6052 3 2 1 11 5937 5964 5965 5938
6053 3 2 1 11 5938 5965 5966 5939
6054 3 2 1 11 5939 5966 5967 5940
6055 3 2 1 11 5940 5967 5968 5941
6056 3 2 1 11 5941 5968 5969 5942
6057 3 2 1 11 5942 5969 5970 5943
6058 3 2 1 11 5943 5970 5971 5944
6059 3 2 1 11 5944 5971 5972 5945
6060 3 2 1 11 5945 5972 5973 5946
6061 3 2 1 11 5946 5973 5974 5947
6062 3 2 1 11 5947 5974 5975 5948
6063 3 2 1 11 5948 5975 5976 5949
6064 3 2 1 11 5949 5976 5977 5950
6065 3 2 1 11 5950 5977 5978 5951
6066 3 2 1 11 5951 5978 5979 5952
6067 3 2 1 11 5952 5979 5980 5953
6068 3 2 1 11 5953 5980 5981 5954
6069 3 2 1 11 5954 5981 5982 5955
6070 3 2 1 11 5955 5982 5983 5956
6071 3 2 1 11 5956 5983 5984 5957
6072 3 2 1 11 5957 5984 693 694
6073 3 2 1 11 607 606 5985 5958
6074 3 2 1 11 5958 5985 5986 5959
6075 3 2 1 11 5959 5986 5987 5960
6076 3 2 1 11 5960 5987 5988 5961
6077 3 2 1 11 5961 5988 5989 5962
6078 3 2 1 11 5962 5989 5990 5963
6079 3 2 1 11 5963 5990 5991 5964
6080 3 2 1 11 5964 5991 5992 5965
6081 3 2 1 11 5965 5992 5993 5966
6082 3 2 1 11 5966 5993 5994 5967
6083 3 2 1 11 5967 5994 5995 5968
6084 3 2 1 11 5968 5995 5996 5969
6085 3 2 1 11 5969 5996 5997 5970
6086 3 2 1 11 5970 5997 5998 5971
6087 3 2 1 11 5971 5998 5999 5972
6088 3 2 1 11 5972 5999 6000 5973
6089 3 2 1 11 5973 6000 6001 5974
6090 3 2 1 11 5974 6001 6002 5975
6091 3 2 1 11 5975 6002 6003 5976
6092 3 2 1 11 5976 6003 6004 5977
6093 3 2 1 11 5977 6004 6005 5978
6094 3 2 1 11 5978 6005 6006 5979
6095 3 2 1 11 5979 6006 6007 5980
6096 3 2 1 11 5980 6007 6008 5981
6097 3 2 1 11 5981 6008 6009 5982
6098 3 2 1 11 5982 6009 6010 5983
6099 3 2 1 11 5983 6010 6011 5984
6100 3 2 1 11 5984 6011 692 693
6101 3 2 1 11 606 605 6012 5985
6102 3 2 1 11 5985 6012 6013 5986
6103 3 2 1 11 5986 6013 6014 5987
6104 3 2 1 11 5987 6014 6015 5988
6105 3 2 1 11 5988 6015 6016 5989
6106 3 2 1 11 5989 6016 6017 5990
6107 3 2 1 11 5990 6017 6018 5991
6108 3 2 1 11 5991 6018 6019 5992
6109 3 2 1 11 5992 6019 6020 5993
6110 3 2 1 11 5993 6020 6021 5994
6111 3 2 1 11 5994 6021 6022 5995
6112 3 2 1 11 5995 6022 6023 5996
6113 3 2 1 11 5996 6023 6024 5997
6114 3 2 1 11 5997 6024 6025 5998
6115 3 2 1 11 5998 6025 6026 5999
6116 3 2 1 11 5999 6026 6027 6000
6117 3 2 1 11 6000 6027 6028 6001
6118 3 2 1 11 6001 6028 6029 6002
6119 3 2 1 11 6002 6029 6030 6003
6120 3 2 1 11 6003 6030 6031 6004
6121 3 2 1 11 6004 6031 6032 6005
6122 3 2 1 11 6005 6032 6033 6006
6123 3 2 1 11 6006 6033 6034 6007
6124 3 2 1 11 6007 6034 6035 6008
6125 3 2 1 11 6008 6035 6036 6009
6126 3 2 1 11 6009 6036 6037 6010
6127 3 2 1 11 6010 6037 6038 6011
6128 3 2 1 11 6011 6038 691 692
6129 3 2 1 11 605 604 6039 6012
6130 3 2 1 11 6012 6039 6040 6013
6131 3 2 1 11 6013 6040 6041 6014
6132 3 2 1 11 6014 6041 6042 6015
6133 3 2 1 11 6015 6042 6043 6016
6134 3 2 1 11 6016 6043 6044 6017
6135 3 2 1 11 6017 6044 6045 6018
6136 3 2 1 11 6018 6045 6046 6019
6137 3 2 1 11 6019 6046 6047 6020
6138 3 2 1 11 6020 6047 6048 6021
6139 3 2 1 11 6021 6048 6049 6022
6140 3 2 1 11 6022 6049 6050 6023
6141 3 2 1 11 6023 6050 6051 6024
6142 3 2 1 11 6024 6051 6052 6025
6143 3 2 1 11 6025 6052 6053 6026
6144 3 2 1 11 6026 6053 6054 6027
6145 3 2 1 11 6027 6054 6055 6028
6146 3 2 1 11 6028 6055 6056 6029
6147 3 2 1 11 6029 6056 6057 6030
6148 3 2 1 11 6030 6057 6058 6031
6149 3 2 1 11 6031 6058 6059 6032
6150 3 2 1 11 6032 6059 6060 6033
6151 3 2 1 11 6033 6060 6061 6034
6152 3 2 1 11 6034 6061 6062 6035
6153 3 2 1 11 6035 6062 6063 6036
6154 3 2 1 11 6036 6063 6064 6037
6155 3 2 1 11 6037 6064 6065 6038
6156 3 2 1 11 6038 6065 690 691
6157 3 2 1 11 604 603 6066 6039
6158 3 2 1 11 6039 6066 6067 6040
6159 3 2 1 11 6040 6067 6068 6041
6160 3 2 1 11 6041 6068 6069 6042
6161 3 2 1 11 6042 6069 6070 6043
6162 3 2 1 11 6043 6070 6071 6044
6163 3 2 1 11 6044 6071 6072 6045
6164 3 2 1 11 6045 6072 6073 6046
6165 3 2 1 11 6046 6073 6074 6047
6166 3 2 1 11 6047 6074 6075 6048
6167 3 2 1 11 6048 6075 6076 6049
6168 3 2 1 11 6049 6076 6077 6050
6169 3 2 1 11 6050 6077 6078 6051
6170 3 2 1 11 6051 6078 6079 6052
6171 3 2 1 11 6052 6079 6080 6053
6172 3 2 1 11 6053 6080 6081 6054
6173 3 2 1 11 6054 6081 6082 6055
6174 3 2 1 11 6055 6082 6083 6056
6175 3 2 1 11 6056 6083 6084 6057
6176 3 2 1 11 6057 6084 6085 6058
6177 3 2 1 11 6058 6085 6086 6059
6178 3 2 1 11 6059 6086 6087 6060
6179 3 2 1 11 6060 6087 6088 6061
6180 3 2 1 11 6061 6088 6089 6062
6181 3 2 1 11 6062 6089 6090 6063
6182 3 2 1 11 6063 6090 6091 6064
6183 3 2 1 11 6064 6091 6092 6065
6184 3 2 1 11 6065 6092 689 690
6185 3 2 1 11 603 602 6093 6066
6186 3 2 1 11 6066 6093 6094 6067
6187 3 2 1 11 6067 6094 6095 6068
6188 3 2 1 11 6068 6095 6096 6069
6189 3 2 1 11 6069 6096 6097 6070
6190 3 2 1 11 6070 6097 6098 6071
6191 3 2 1 11 6071 6098 6099 6072
6192 3 2 1 11 6072 6099 6100 6073
6193 3 2 1 11 6073 6100 6101 6074
6194 3 2 1 11 6074 6101 6102 6075
6195 3 2 1 11 6075 6102 6103 6076
6196 3 2 1 11 6076 6103 6104 6077
6197 3 2 1 11 6077 6104 6105 6078
6198 3 2 1 11 6078 6105 6106 6079
6199 3 2 1 11 6079 6106 6107 6080
6200 3 2 1 11 6080 6107 6108 6081
6201 3 2 1 11 6081 6108 6109 6082
6202 3 2 1 11 6082 6109 6110 6083
6203 3 2 1 11 6083 6110 6111 6084
6204 3 2 1 11 6084 6111 6112 6085
6205 3 2 1 11 6085 6112 6113 6086
6206 3 2 1 11 6086 6113 6114 6087
6207 3 2 1 11 6087 6114 6115 6088
6208 3 2 1 11 6088 6115 6116 6089
6209 3 2 1 11 6089 6116 6117 6090
6210 3 2 1 11 6090 6117 6118 6091
6211 3 2 1 11 6091 6118 6119 6092
6212 3 2 1 11 6092 6119 688 689
6213 3 2 1 11 602 601 6120 6093
6214 3 2 1 11 6093 6120 6121 6094
6215 3 2 1 11 6094 6121 6122 6095
6216 3 2 1 11 6095 6122 6123 6096
6217 3 2 1 11 6096 6123 6124 6097
6218 3 2 1 11 6097 6124 6125 6098
6219 3 2 1 11 6098 6125 6126 6099
6220 3 2 1 11 6099 6126 6127 6100
6221 3 2 1 11 6100 6127 6128 6101
6222 3 2 1 11 6101 6128 6129 6102
6223 3 2 1 11 6102 6129 6130 6103
6224 3 2 1 11 6103 6130 6131 6104
6225 3 2 1 11 6104 6131 6132 6105
6226 3 2 1 11 6105 6132 6133 6106
6227 3 2 1 11 6106 6133 6134 6107
6228 3 2 1 11 6107 6134 6135 6108
6229 3 2 1 11 6108 6135 6136 6109
6230 3 2 1 11 6109 6136 6137 6110
6231 3 2 1 11 6110 6137 6138 6111
6232 3 2 1 11 6111 6138 6139 6112
6233 3 2 1 11 6112 6139 6140 6113
6234 3 2 1 11 6113 6140 6141 6114
6235 3 2 1 11 6114 6141 6142 6115
6236 3 2 1 11 6115 6142 6143 6116
6237 3 2 1 11 6116 6143 6144 6117
6238 3 2 1 11 6117 6144 6145 6118
6239 3 2 1 11 6118 6145 6146 6119
6240 3 2 1 11 6119 6146 687 688
6241 3 2 1 11 601 600 6147 6120
6242 3 2 1 11 6120 6147 6148 6121
6243 3 2 1 11 6121 6148 6149 6122
6244 3 2 1 11 6122 6149 6150 6123
6245 3 2 1 11 6123 6150 6151 6124
6246 3 2 1 11 6124 6151 6152 6125
6247 3 2 1 11 6125 6152 6153 6126
6248 3 2 1 11 6126 6153 6154 6127
6249 3 2 1 11 6127 6154 6155 6128
6250 3 2 1 11 6128 6155 6156 6129
6251 3 2 1 11 6129 6156 6157 6130
6252 3 2 1 11 6130 6157 6158 6131
6253 3 2 1 11 6131 6158 6159 6132
6254 3 2 1 11 6132 6159 6160 6133
6255 3 2 1 11 6133 6160 6161 6134
6256 3 2 1 11 6134 6161 6162 6135
6257 3 2 1 11 6135 6162 6163 6136
6258 3 2 1 11 6136 6163 6164 6137
6259 3 2 1 11 6137 6164 6165 6138
6260 3 2 1 11 6138 6165 6166 6139
6261 3 2 1 11 6139 6166 6167 6140
6262 3 2 1 11 6140 6167 6168 6141
6263 3 2 1 11 6141 6168 6169 6142
6264 3 2 1 11 6142 6169 6170 6143
6265 3 2 1 11 6143 6170 6171 6144
6266 3 2 1 11 6144 6171 6172 6145
6267 3 2 1 11 6145 6172 6173 6146
6268 3 2 1 11 6146 6173 686 687
6269 3 2 1 11 600 599 6174 6147
6270 3 2 1 11 6147 6174 6175 6148
6271 3 2 1 11 6148 6175 6176 6149
6272 3 2 1 11 6149 6176 6177 6150
6273 3 2 1 11 6150 6177 6178 6151
6274 3 2 1 11 6151 6178 6179 6152
6275 3 2 1 11 6152 6179 6180 6153
6276 3 2 1 11 6153 6180 6181 6154
6277 3 2 1 11 6154 6181 6182 6155
6278 3 2 1 11 6155 6182 6183 6156
6279 3 2 1 11 6156 6183 6184 6157
6280 3 2 1 11 6157 6184 6185 6158
6281 3 2 1 11 6158 6185 6186 6159
6282 3 2 1 11 6159 6186 6187 6160
6283 3 2 1 11 6160 6187 6188 6161
6284 3 2 1 11 6161 6188 6189 6162
6285 3 2 1 11 6162 6189 6190 6163
6286 3 2 1 11 6163 6190 6191 6164
6287 3 2 1 11 6164 6191 6192 6165
6288 3 2 1 11 6165 6192 6193 6166
6289 3 2 1 11 6166 6193 6194 6167
6290 3 2 1 11 6167 6194 6195 6168
6291 3 2 1 11 6168 6195 6196 6169
6292 3 2 1 11 6169 6196 6197 6170
6293 3 2 1 11 6170 6197 6198 6171
6294 3 2 1 11 6171 6198 6199 6172
6295 3 2 1 11 6172 6199 6200 6173
6296 3 2 1 11 6173 6200 685 686
6297 3 2 1 11 599 598 6201 6174
6298 3 2 1 11 6174 6201 6202 6175
6299 3 2 1 11 6175 6202 6203 6176
6300 3 2 1 11 6176 6203 6204 6177
6301 3 2 1 11 6177 6204 6205 6178
6302 3 2 1 11 6178 6205 6206 6179
6303 3 2 1 11 6179 6206 6207 6180
6304 3 2 1 11 6180 6207 6208 6181
6305 3 2 1 11 6181 6208 6209 6182
6306 3 2 1 11 6182 6209 6210 6183
6307 3 2 1 11 6183 6210 6211 6184
6308 3 2 1 11 6184 6211 6212 6185
6309 3 2 1 11 6185 6212 6213 6186
6310 3 2 1 11 6186 6213 6214 6187
6311 3 2 1 11 6187 6214 6215 6188
6312 3 2 1 11 6188 6215 6216 6189
6313 3 2 1 11 6189 6216 6217 6190
6314 3 2 1 11 6190 6217 6218 6191
6315 3 2 1 11 6191 6218 6219 6192
6316 3 2 1 11 6192 6219 6220 6193
6317 3 2 1 11 6193 6220 6221 6194
6318 3 2 1 11 6194 6221 6222 6195
6319 3 2 1 11 6195 6222 6223 6196
6320 3 2 1 11 6196 6223 6224 6197
6321 3 2 1 11 6197 6224 6225 6198
6322 3 2 1 11 6198 6225 6226 6199
6323 3 2 1 11 6199 6226 6227 6200
6324 3 2 1 11 6200 6227 684 685
6325 3 2 1 11 598 597 6228 6201
6326 3 2 1 11 6201 6228 6229 6202
6327 3 2 1 11 6202 6229 6230 6203
6328 3 2 1 11 6203 6230 6231 6204
6329 3 2 1 11 6204 6231 6232 6205
6330 3 2 1 11 6205 6232 6233 6206
6331 3 2 1 11 6206 6233 6234 6207
6332 3 2 1 11 6207 6234 6235 6208
6333 3 2 1 11 6208 6235 6236 6209
6334 3 2 1 11 6209 6236 6237 6210
6335 3 2 1 11 6210 6237 6238 6211
6336 3 2 1 11 6211 6238 6239 6212
6337 3 2 1 11 6212 6239 6240 6213
6338 3 2 1 11 6213 6240 6241 6214
6339 3 2 1 11 6214 6241 6242 6215
6340 3 2 1 11 6215 6242 6243 6216
6341 3 2 1 11 6216 6243 6244 6217
6342 3 2 1 11 6217 6244 6245 6218
6343 3 2 1 11 6218 6245 6246 6219
6344 3 2 1 11 6219 6246 6247 6220
6345 3 2 1 11 6220 6247 6248 6221
6346 3 2 1 11 6221 6248 6249 6222
6347 3 2 1 11 6222 6249 6250 6223
6348 3 2 1 11 6223 6250 6251 6224
6349 3 2 1 11 6224 6251 6252 6225
6350 3 2 1 11 6225 6252 6253 6226
6351 3 2 1 11 6226 6253 6254 6227
6352 3 2 1 11 6227 6254 683 684
6353 3 2 1 11 597 596 6255 6228
6354 3 2 1 11 6228 6255 6256 6229
6355 3 2 1 11 6229 6256 6257 6230
6356 3 2 1 11 6230 6257 6258 6231
6357 3 2 1 11 6231 6258 6259 6232
6358 3 2 1 11 6232 6259 6260 6233
6359 3 2 1 11 6233 6260 6261 6234
6360 3 2 1 11 6234 6261 6262 6235
6361 3 2 1 11 6235 6262 6263 6236
6362 3 2 1 11 6236 6263 6264 6237
6363 3 2 1 11 6237 6264 6265 6238
6364 3 2 1 11 6238 6265 6266 6239
6365 3 2 1 11 6239 6266 6267 6240
6366 3 2 1 11 6240 6267 6268 6241
6367 3 2 1 11 6241 6268 6269 6242
6368 3 2 1 11 6242 6269 6270 6243
6369 3 2 1 11 6243 6270 6271 6244
6370 3 2 1 11 6244 6271 6272 6245
6371 3 2 1 11 6245 6272 6273 6246
6372 3 2 1 11 6246 6273 6274 6247
6373 3 2 1 11 6247 6274 6275 6248
6374 3 2 1 11 6248 6275 6276 6249
6375 3 2 1 11 6249 6276 6277 6250
6376 3 2 1 11 6250 6277 6278 6251
6377 3 2 1 11 6251 6278 6279 6252
6378 3 2 1 11 6252 6279 6280 6253
6379 3 2 1 11 6253 6280 6281 6254
6380 3 2 1 11 6254 6281 682 683
6381 3 2 1 11 596 595 6282 6255
6382 3 2 1 11 6255 6282 6283 6256
6383 3 2 1 11 6256 6283 6284 6257
6384 3 2 1 11 6257 6284 6285 6258
6385 3 2 1 11 6258 6285 6286 6259
6386 3 2 1 11 6259 6286 6287 6260
6387 3 2 1 11 6260 6287 6288 6261
6388 3 2 1 11 6261 6288 6289 6262
6389 3 2 1 11 6262 6289 6290 6263
6390 3 2 1 11 6263 6290 6291 6264
6391 3 2 1 11 6264 6291 6292 6265
6392 3 2 1 11 6265 6292 6293 6266
6393 3 2 1 11 6266 6293 6294 6267
6394 3 2 1 11 6267 6294 6295 6268
6395 3 2 1 11 6268 6295 6296 6269
6396 3 2 1 11 6269 6296 6297 6270
6397 3 2 1 11 6270 6297 6298 6271
6398 3 2 1 11 6271 6298 6299 6272
6399 3 2 1 11 6272 6299 6300 6273
6400 3 2 1 11 6273 6300 6301 6274
6401 3 2 1 11 6274 6301 6302 6275
6402 3 2 1 11 6275 6302 6303 6276
6403 3 2 1 11 6276 6303 6304 6277
6404 3 2 1 11 6277 6304 6305 6278
6405 3 2 1 11 6278 6305 6306 6279
6406 3 2 1 11 6279 6306 6307 6280
6407 3 2 1 11 6280 6307 6308 6281
6408 3 2 1 11 6281 6308 681 682
6409 3 2 1 11 595 594 6309 6282
6410 3 2 1 11 6282 6309 6310 6283
6411 3 2 1 11 6283 6310 6311 6284
6412 3 2 1 11 6284 6311 6312 6285
6413 3 2 1 11 6285 6312 6313 6286
6414 3 2 1 11 6286 6313 6314 6287
6415 3 2 1 11 6287 6314 6315 6288
6416 3 2 1 11 6288 6315 6316 6289
6417 3 2 1 11 6289 6316 6317 6290
6418 3 2 1 11 6290 6317 6318 6291
6419 3 2 1 11 6291 6318 6319 6292
6420 3 2 1 11 6292 6319 6320 6293
6421 3 2 1 11 6293 6320 6321 6294
6422 3 2 1 11 6294 6321 6322 6295
6423 3 2 1 11 6295 6322 6323 6296
6424 3 2 1 11 6296 6323 6324 6297
6425 3 2 1 11 6297 6324 6325 6298
6426 3 2 1 11 6298 6325 6326 6299
6427 3 2 1 11 6299 6326 6327 6300
6428 3 2 1 11 6300 6327 6328 6301
6429 3 2 1 11 6301 6328 6329 6302
6430 3 2 1 11 6302 6329 6330 6303
6431 3 2 1 11 6303 6330 6331 6304
6432 3 2 1 11 6304 6331 6332 6305
6433 3 2 1 11 6305 6332 6333 6306
6434 3 2 1 11 6306 6333 6334 6307
6435 3 2 1 11 6307 6334 6335 6308
6436 3 2 1 11 6308 6335 680 681
6437 3 2 1 11 594 593 6336 6309
6438 3 2 1 11 6309 6336 6337 6310
6439 3 2 1 11 6310 6337 6338 6311
6440 3 2 1 11 6311 6338 6339 6312
6441 3 2 1 11 6312 6339 6340 6313
6442 3 2 1 11 6313 6340 6341 6314
6443 3 2 1 11 6314 6341 6342 6315
6444 3 2 1 11 6315 6342 6343 6316
6445 3 2 1 11 6316 6343 6344 6317
6446 3 2 1 11 6317 6344 6345 6318
6447 3 2 1 11 6318 6345 6346 6319
6448 3 2 1 11 6319 6346 6347 6320
6449 3 2 1 11 6320 6347 6348 6321
6450 3 2 1 11 6321 6348 6349 6322
6451 3 2 1 11 6322 6349 6350 6323
6452 3 2 1 11 6323 6350 6351 6324
6453 3 2 1 11 6324 6351 6352 6325
6454 3 2 1 11 6325 6352 6353 6326
6455 3 2 1 11 6326 6353 6354 6327
6456 3 2 1 11 6327 6354 6355 6328
6457 3 2 1 11 6328 6355 6356 6329
6458 3 2 1 11 6329 6356 6357 6330
6459 3 2 1 11 6330 6357 6358 6331
6460 3 2 1 11 6331 6358 6359 6332
6461 3 2 1 11 6332 6359 6360 6333
6462 3 2 1 11 6333 6360 6361 6334
6463 3 2 1 11 6334 6361 6362 6335
6464 3 2 1 11 6335 6362 679 680
6465 3 2 1 11 593 592 6363 6336
6466 3 2 1 11 6336 6363 6364 6337
6467 3 2 1 11 6337 6364 6365 6338
6468 3 2 1 11 6338 6365 6366 6339
6469 3 2 1 11 6339 6366 6367 6340
6470 3 2 1 11 6340 6367 6368 6341
6471 3 2 1 11 6341 6368 6369 6342
6472 3 2 1 11 6342 6369 6370 6343
6473 3 2 1 11 6343 6370 6371 6344
6474 3 2 1 11 6344 6371 6372 6345
6475 3 2 1 11 6345 6372 6373 6346
6476 3 2 1 11 6346 6373 6374 6347
6477 3 2 1 11 6347 6374 6375 6348
6478 3 2 1 11 6348 6375 6376 6349
6479 3 2 1 11 6349 6376 6377 6350
6480 3 2 1 11 6350 6377 6378 6351
6481 3 2 1 11 6351 6378 6379 6352
6482 3 2 1 11 6352 6379 6380 6353
6483 3 2 1 11 6353 6380 6381 6354
6484 3 2 1 11 6354 6381 6382 6355
6485 3 2 1 11 6355 6382 6383 6356
6486 3 2 1 11 6356 6383 6384 6357
6487 3 2 1 11 6357 6384 6385 6358
6488 3 2 1 11 6358 6385 6386 6359
6489 3 2 1 11 6359 6386 6387 6360
6490 3 2 1 11 6360 6387 6388 6361
6491 3 2 1 11 6361 6388 6389 6362
6492 3 2 1 11 6362 6389 678 679
6493 3 2 1 11 592 591 6390 6363
6494 3 2 1 11 6363 6390 6391 6364
6495 3 2 1 11 6364 6391 6392 6365
6496 3 2 1 11 6365 6392 6393 6366
6497 3 2 1 11 6366 6393 6394 6367
6498 3 2 1 11 6367 6394 6395 6368
6499 3 2 1 11 6368 6395 6396 6369
6500 3 2 1 11 6369 6396 6397 6370
6501 3 2 1 11 6370 6397 6398 6371
6502 3 2 1 11 6371 6398 6399 6372
6503 3 2 1 11 6372 6399 6400 6373
6504 3 2 1 11 6373 6400 6401 6374
6505 3 2 1 11 6374 6401 6402 6375
6506 3 2 1 11 6375 6402 6403 6376
6507 3 2 1 11 6376 6403 6404 6377
6508 3 2 1 11 6377 6404 6405 6378
6509 3 2 1 11 6378 6405 6406 6379
6510 3 2 1 11 6379 6406 6407 6380
6511 3 2 1 11 6380 6407 6408 6381
6512 3 2 1 11 6381 6408 6409 6382
6513 3 2 1 11 6382 6409 6410 6383
6514 3 2 1 11 6383 6410 6411 6384
6515 3 2 1 11 6384 6411 6412 6385
6516 3 2 1 11 6385 6412 6413 6386
6517 3 2 1 11 6386 6413 6414 6387
6518 3 2 1 11 6387 6414 6415 6388
6519 3 2 1 11 6388 6415 6416 6389
6520 3 2 1 11 6389 6416 677 678
6521 3 2 1 11 591 590 6417 6390
6522 3 2 1 11 6390 6417 6418 6391
6523 3 2 1 11 6391 6418 6419 6392
6524 3 2 1 11 6392 6419 6420 6393
6525 3 2 1 11 6393 6420 6421 6394
6526 3 2 1 11 6394 6421 6422 6395
6527 3 2 1 11 6395 6422 6423 6396
6528 3 2 1 11 6396 6423 6424 6397
6529 3 2 1 11 6397 6424 6425 6398
6530 3 2 1 11 6398 6425 6426 6399
6531 3 2 1 11 6399 6426 6427 6400
6532 3 2 1 11 6400 6427 6428 6401
6533 3 2 1 11 6401 6428 6429 6402
6534 3 2 1 11 6402 6429 6430 6403
6535 3 2 1 11 6403 6430 6431 6404
6536 3 2 1 11 6404 6431 6432 6405
6537 3 2 1 11 6405 6432 6433 6406
6538 3 2 1 11 6406 6433 6434 6407
6539 3 2 1 11 6407 6434 6435 6408
6540 3 2 1 11 6408 6435 6436 6409
6541 3 2 1 11 6409 6436 6437 6410
6542 3 2 1 11 6410 6437 6438 6411
6543 3 2 1 11 6411 6438 6439 6412
6544 3 2 1 11 6412 6439 6440 6413
6545 3 2 1 11 6413 6440 6441 6414
6546 3 2 1 11 6414 6441 6442 6415
6547 3 2 1 11 6415 6442 6443 6416
6548 3 2 1 11 6416 6443 676 677
6549 3 2 1 11 590 589 6444 6417
6550 3 2 1 11 6417 6444 6445 6418
6551 3 2 1 11 6418 6445 6446 6419
6552 3 2 1 11 6419 6446 6447 6420
6553 3 2 1 11 6420 6447 6448 6421
6554 3 2 1 11 6421 6448 6449 6422
6555 3 2 1 11 6422 6449 6450 6423
6556 3 2 1 11 6423 6450 6451 6424
6557 3 2 1 11 6424 6451 6452 6425
6558 3 2 1 11 6425 6452 6453 6426
6559 3 2 1 11 6426 6453 6454 6427
6560 3 2 1 11 6427 6454 6455 6428
6561 3 2 1 11 6428 6455 6456 6429
6562 3 2 1 11 6429 6456 6457 6430
6563 3 2 1 11 6430 6457 6458 6431
6564 3 2 1 11 6431 6458 6459 6432
6565 3 2 1 11 6432 6459 6460 6433
6566 3 2 1 11 6433 6460 6461 6434
6567 3 2 1 11 6434 6461 6462 6435
6568 3 2 1 11 6435 6462 6463 6436
6569 3 2 1 11 6436 6463 6464 6437
6570 3 2 1 11 6437 6464 6465 6438
6571 3 2 1 11 6438 6465 6466 6439
6572 3 2 1 11 6439 6466 6467 6440
6573 3 2 1 11 6440 6467 6468 6441
6574 3 2 1 11 6441 6468 6469 6442
6575 3 2 1 11 6442 6469 6470 6443
6576 3 2 1 11 6443 6470 675 676
6577 3 2 1 11 589 588 6471 6444
6578 3 2 1 11 6444 6471 6472 6445
6579 3 2 1 11 6445 6472 6473 6446
6580 3 2 1 11 6446 6473 6474 6447
6581 3 2 1 11 6447 6474 6475 6448
6582 3 2 1 11 6448 6475 6476 6449
6583 3 2 1 11 6449 6476 6477 6450
6584 3 2 1 11 6450 6477 6478 6451
6585 3 2 1 11 6451 6478 6479 6452
6586 3 2 1 11 6452 6479 6480 6453
6587 3 2 1 11 6453 6480 6481 6454
6588 3 2 1 11 6454 6481 6482 6455
6589 3 2 1 11 6455 6482 6483 6456
6590 3 2 1 11 6456 6483 6484 6457
6591 3 2 1 11 6457 6484 6485 6458
6592 3 2 1 11 6458 6485 6486 6459
6593 3 2 1 11 6459 6486 6487 6460
6594 3 2 1 11 6460 6487 6488 6461
6595 3 2 1 11 6461 6488 6489 6462
6596 3 2 1 11 6462 6489 6490 6463
6597 3 2 1 11 6463 6490 6491 6464
6598 3 2 1 11 6464 6491 6492 6465
6599 3 2 1 11 6465 6492 6493 6466
6600 3 2 1 11 6466 6493 6494 6467
6601 3 2 1 11 6467 6494 6495 6468
6602 3 2 1 11 6468 6495 6496 6469
6603 3 2 1 11 6469 6496 6497 6470
6604 3 2 1 11 6470 6497 674 675
6605 3 2 1 11 588 587 6498 6471
6606 3 2 1 11 6471 6498 6499 6472
6607 3 2 1 11 6472 6499 6500 6473
6608 3 2 1 11 6473 6500 6501 6474
6609 3 2 1 11 6474 6501 6502 6475
6610 3 2 1 11 6475 6502 6503 6476
6611 3 2 1 11 6476 6503 6504 6477
6612 3 2 1 11 6477 6504 6505 6478
6613 3 2 1 11 6478 6505 6506 6479
6614 3 2 1 11 6479 6506 6507 6480
6615 3 2 1 11 6480 6507 6508 6481
6616 3 2 1 11 6481 6508 6509 6482
6617 3 2 1 11 6482 6509 6510 6483
6618 3 2 1 11 6483 6510 6511 6484
6619 3 2 1 11 6484 6511 6512 6485
6620 3 2 1 11 6485 6512 6513 6486
6621 3 2 1 11 6486 6513 6514 6487
6622 3 2 1 11 6487 6514 6515 6488
6623 3 2 1 11 6488 6515 6516 6489
6624 3 2 1 11 6489 6516 6517 6490
6625 3 2 1 11 6490 6517 6518 6491
6626 3 2 1 11 6491 6518 6519 6492
6627 3 2 1 11 6492 6519 6520 6493
6628 3 2 1 11 6493 6520 6521 6494
6629 3 2 1 11 6494 6521 6522 6495
6630 3 2 1 11 6495 6522 6523 6496
6631 3 2 1 11 6496 6523 6524 6497
6632 3 2 1 11 6497 6524 673 674
6633 3 2 1 11 587 586 6525 6498
6634 3 2 1 11 6498 6525 6526 6499
6635 3 2 1 11 6499 6526 6527 6500
6636 3 2 1 11 6500 6527 6528 6501
6637 3 2 1 11 6501 6528 6529 6502
6638 3 2 1 11 6502 6529 6530 6503
6639 3 2 1 11 6503 6530 6531 6504
6640 3 2 1 11 6504 6531 6532 6505
6641 3 2 1 11 6505 6532 6533 6506
6642 3 2 1 11 6506 6533 6534 6507
6643 3 2 1 11 6507 6534 6535 6508
6644 3 2 1 11 6508 6535 6536 6509
6645 3 2 1 11 6509 6536 6537 6510
6646 3 2 1 11 6510 6537 6538 6511
6647 3 2 1 11 6511 6538 6539 6512
6648 3 2 1 11 6512 6539 6540 6513
6649 3 2 1 11 6513 6540 6541 6514
6650 3 2 1 11 6514 6541 6542 6515
6651 3 2 1 11 6515 6542 6543 6516
6652 3 2 1 11 6516 6543 6544 6517
6653 3 2 1 11 6517 6544 6545 6518
6654 3 2 1 11 6518 6545 6546 6519
6655 3 2 1 11 6519 6546 6547 6520
6656 3 2 1 11 6520 6547 6548 6521
6657 3 2 1 11 6521 6548 6549 6522
6658 3 2 1 11 6522 6549 6550 6523
6659 3 2 1 11 6523 6550 6551 6524
6660 3 2 1 11 6524 6551 672 673
6661 3 2 1 11 586 17 645 6525
6662 3 2 1 11 6525 645 646 6526
6663 3 2 1 11 6526 646 647 6527
6664 3 2 1 11 6527 647 648 6528
6665 3 2 1 11 6528 648 649 6529
6666 3 2 1 11 6529 649 650 6530
6667 3 2 1 11 6530 650 651 6531
6668 3 2 1 11 6531 651 652 6532
6669 3 2 1 11 6532 652 653 6533
6670 3 2 1 11 6533 653 654 6534
6671 3 2 1 11 6534 654 655 6535
6672 3 2 1 11 6535 655 656 6536
6673 3 2 1 11 6536 656 657 6537
6674 3 2 1 11 6537 657 658 6538
6675 3 2 1 11 6538 658 659 6539
6676 3 2 1 11 6539 659 660 6540
6677 3 2 1 11 6540 660 661 6541
6678 3 2 1 11 6541 661 662 6542
6679 3 2 1 11 6542 662 663 6543
6680 3 2 1 11 6543 663 664 6544
6681 3 2 1 11 6544 664 665 6545
6682 3 2 1 11 6545 665 666 6546
6683 3 2 1 11 6546 666 667 6547
6684 3 2 1 11 6547 667 668 6548
6685 3 2 1 11 6548 668 669 6549
6686 3 2 1 11 6549 669 670 6550
6687 3 2 1 11 6550 670 671 6551
6688 3 2 1 11 6551 671 16 672
6689 3 2 1 12 5 730 6552 478
6690 3 2 1 12 478 6552 6553 479
6691 3 2 1 12 479 6553 6554 480
6692 3 2 1 12 480 6554 6555 481
6693 3 2 1 12 481 6555 6556 482
6694 3 2 1 12 482 6556 6557 483
6695 3 2 1 12 483 6557 6558 484
6696 3 2 1 12 484 6558 6559 485
6697 3 2 1 12 485 6559 6560 486
6698 3 2 1 12 486 6560 6561 487
6699 3 2 1 12 487 6561 6562 488
6700 3 2 1 12 488 6562 800 14
6701 3 2 1 12 730 729 6563 6552
6702 3 2 1 12 6552 6563 6564 6553
6703 3 2 1 12 6553 6564 6565 6554
6704 3 2 1 12 6554 6565 6566 6555
6705 3 2 1 12 6555 6566 6567 6556
6706 3 2 1 12 6556 6567 6568 6557
6707 3 2 1 12 6557 6568 6569 6558
6708 3 2 1 12 6558 6569 6570 6559
6709 3 2 1 12 6559 6570 6571 6560
6710 3 2 1 12 6560 6571 6572 6561
6711 3 2 1 12 6561 6572 6573 6562
6712 3 2 1 12 6562 6573 799 800
6713 3 2 1 12 729 728 6574 6563
6714 3 2 1 12 6563 6574 6575 6564
6715 3 2 1 12 6564 6575 6576 6565
6716 3 2 1 12 6565 6576 6577 6566
6717 3 2 1 12 6566 6577 6578 6567
6718 3 2 1 12 6567 6578 6579 6568
6719 3 2 1 12 6568 6579 6580 6569
6720 3 2 1 12 6569 6580 6581 6570
6721 3 2 1 12 6570 6581 6582 6571
6722 3 2 1 12 6571 6582 6583 6572
6723 3 2 1 12 6572 6583 6584 6573
6724 3 2 1 12 6573 6584 798 799
6725 3 2 1 12 728 727 6585 6574
6726 3 2 1 12 6574 6585 6586 6575
6727 3 2 1 12 6575 6586 6587 6576
6728 3 2 1 12 6576 6587 6588 6577
6729 3 2 1 12 6577 6588 6589 6578
6730 3 2 1 12 6578 6589 6590 6579
6731 3 2 1 12 6579 6590 6591 6580
6732 3 2 1 12 6580 6591 6592 6581
6733 3 2 1 12 6581 6592 6593 6582
6734 3 2 1 12 6582 6593 6594 6583
6735 3 2 1 12 6583 6594 6595 6584
6736 3 2 1 12 6584 6595 797 798
6737 3 2 1 12 727 726 6596 6585
6738 3 2 1 12 6585 6596 6597 6586
6739 3 2 1 12 6586 6597 6598 6587
6740 3 2 1 12 6587 6598 6599 6588
6741 3 2 1 12 6588 6599 6600 6589
6742 3 2 1 12 6589 6600 6601 6590
6743 3 2 1 12 6590 6601 6602 6591
6744 3 2 1 12 6591 6602 6603 6592
6745 3 2 1 12 6592 6603 6604 6593
6746 3 2 1 12 6593 6604 6605 6594
6747 3 2 1 12 6594 6605 6606 6595
6748 3 2 1 12 6595 6606 796 797
6749 3 2 1 12 726 725 6607 6596
6750 3 2 1 12 6596 6607 6608 6597
6751 3 2 1 12 6597 6608 6609 6598
6752 3 2 1 12 6598 6609 6610 6599
6753 3 2 1 12 6599 6610 6611 6600
6754 3 2 1 12 6600 6611 6612 6601
6755 3 2 1 12 6601 6612 6613 6602
6756 3 2 1 12 6602 6613 6614 6603
6757 3 2 1 12 6603 6614 6615 6604
6758 3 2 1 12 6604 6615 6616 6605
6759 3 2 1 12 6605 6616 6617 6606
6760 3 2 1 12 6606 6617 795 796
6761 3 2 1 12 725 724 6618 6607
6762 3 2 1 12 6607 6618 6619 6608
6763 3 2 1 12 6608 6619 6620 6609
6764 3 2 1 12 6609 6620 6621 6610
6765 3 2 1 12 6610 6621 6622 6611
6766 3 2 1 12 6611 6622 6623 6612
6767 3 2 1 12 6612 6623 6624 6613
6768 3 2 1 12 6613 6624 6625 6614
6769 3 2 1 12 6614 6625 6626 6615
6770 3 2 1 12 6615 6626 6627 6616
6771 3 2 1 12 6616 6627 6628 6617
6772 3 2 1 12 6617 6628 794 795
6773 3 2 1 12 724 723 6629 6618
6774 3 2 1 12 6618 6629 6630 6619
6775 3 2 1 12 6619 6630 6631 6620
6776 3 2 1 12 6620 6631 6632 6621
6777 3 2 1 12 6621 6632 6633 6622
6778 3 2 1 12 6622 6633 6634 6623
6779 3 2 1 12 6623 6634 6635 6624
6780 3 2 1 12 6624 6635 6636 6625
6781 3 2 1 12 6625 6636 6637 6626
6782 3 2 1 12 6626 6637 6638 6627
6783 3 2 1 12 6627 6638 6639 6628
6784 3 2 1 12 6628 6639 793 794
6785 3 2 1 12 723 722 6640 6629
6786 3 2 1 12 6629 6640 6641 6630
6787 3 2 1 12 6630 6641 6642 6631
6788 3 2 1 12 6631 6642 6643 6632
6789 3 2 1 12 6632 6643 6644 6633
6790 3 2 1 12 6633 6644 6645 6634
6791 3 2 1 12 6634 6645 6646 6635
6792 3 2 1 12 6635 6646 6647 6636
6793 3 2 1 12 6636 6647 6648 6637
6794 3 2 1 12 6637 6648 6649 6638
6795 3 2 1 12 6638 6649 6650 6639
6796 3 2 1 12 6639 6650 792 793
6797 3 2 1 12 722 721 6651 6640
6798 3 2 1 12 6640 6651 6652 6641
6799 3 2 1 12 6641 6652 6653 6642
6800 3 2 1 12 6642 6653 6654 6643
6801 3 2 1 12 6643 6654 6655 6644
6802 3 2 1 12 6644 6655 6656 6645
6803 3 2 1 12 6645 6656 6657 6646
6804 3 2 1 12 6646 6657 6658 6647
6805 3 2 1 12 6647 6658 6659 6648
6806 3 2 1 12 6648 6659 6660 6649
6807 3 2 1 12 6649 6660 6661 6650
6808 3 2 1 12 6650 6661 791 792
6809 3 2 1 12 721 720 6662 6651
6810 3 2 1 12 6651 6662 6663 6652
6811 3 2 1 12 6652 6663 6664 6653
6812 3 2 1 12 6653 6664 6665 6654
6813 3 2 1 12 6654 6665 6666 6655
6814 3 2 1 12 6655 6666 6667 6656
6815 3 2 1 12 6656 6667 6668 6657
6816 3 2 1 12 6657 6668 6669 6658
6817 3 2 1 12 6658 6669 6670 6659
6818 3 2 1 12 6659 6670 6671 6660
6819 3 2 1 12 6660 6671 6672 6661
6820 3 2 1 12 6661 6672 790 791
6821 3 2 1 12 720 719 6673 6662
6822 3 2 1 12 6662 6673 6674 6663
6823 3 2 1 12 6663 6674 6675 6664
6824 3 2 1 12 6664 6675 6676 6665
6825 3 2 1 12 6665 6676 6677 6666
6826 3 2 1 12 6666 6677 6678 6667
6827 3 2 1 12 6667 6678 6679 6668
6828 3 2 1 12 6668 6679 6680 6669
6829 3 2 1 12 6669 6680 6681 6670
6830 3 2 1 12 6670 6681 6682 6671
6831 3 2 1 12 6671 6682 6683 6672
6832 3 2 1 12 6672 6683 789 790
6833 3 2 1 12 719 718 6684 6673
6834 3 2 1 12 6673 6684 6685 6674
6835 3 2 1 12 6674 6685 6686 6675
6836 3 2 1 12 6675 6686 6687 6676
6837 3 2 1 12 6676 6687 6688 6677
6838 3 2 1 12 6677 6688 6689 6678
6839 3 2 1 12 6678 6689 6690 6679
6840 3 2 1 12 6679 6690 6691 6680
6841 3 2 1 12 6680 6691 6692 6681
6842 3 2 1 12 6681 6692 6693 6682
6843 3 2 1 12 6682 6693 6694 6683
6844 3 2 1 12 6683 6694 788 789
6845 3 2 1 12 718 717 6695 6684
6846 3 2 1 12 6684 6695 6696 6685
6847 3 2 1 12 6685 6696 6697 6686
6848 3 2 1 12 6686 6697 6698 6687
6849 3 2 1 12 6687 6698 6699 6688
6850 3 2 1 12 6688 6699 6700 6689
6851 3 2 1 12 6689 6700 6701 6690
6852 3 2 1 12 6690 6701 6702 6691
6853 3 2 1 12 6691 6702 6703 6692
6854 3 2 1 12 6692 6703 6704 6693
6855 3 2 1 12 6693 6704 6705 6694
6856 3 2 1 12 6694 6705 787 788
6857 3 2 1 12 717 716 6706 6695
6858 3 2 1 12 6695 6706 6707 6696
6859 3 2 1 12 6696 6707 6708 6697
6860 3 2 1 12 6697 6708 6709 6698
6861 3 2 1 12 6698 6709 6710 6699
6862 3 2 1 12 6699 6710 6711 6700
6863 3 2 1 12 6700 6711 6712 6701
6864 3 2 1 12 6701 6712 6713 6702
6865 3 2 1 12 6702 6713 6714 6703
6866 3 2 1 12 6703 6714 6715 6704
6867 3 2 1 12 6704 6715 6716 6705
6868 3 2 1 12 6705 6716 786 787
6869 3 2 1 12 716 715 6717 6706
6870 3 2 1 12 6706 6717 6718 6707
6871 3 2 1 12 6707 6718 6719 6708
6872 3 2 1 12 6708 6719 6720 6709
6873 3 2 1 12 6709 6720 6721 6710
6874 3 2 1 12 6710 6721 6722 6711
6875 3 2 1 12 6711 6722 6723 6712
6876 3 2 1 12 6712 6723 6724 6713
6877 3 2 1 12 6713 6724 6725 6714
6878 3 2 1 12 6714 6725 6726 6715
6879 3 2 1 12 6715 6726 6727 6716
6880 3 2 1 12 6716 6727 785 786
6881 3 2 1 12 715 714 6728 6717
6882 3 2 1 12 6717 6728 6729 6718
6883 3 2 1 12 6718 6729 6730 6719
6884 3 2 1 12 6719 6730 6731 6720
6885 3 2 1 12 6720 6731 6732 6721
6886 3 2 1 12 6721 6732 6733 6722
6887 3 2 1 12 6722 6733 6734 6723
6888 3 2 1 12 6723 6734 6735 6724
6889 3 2 1 12 6724 6735 6736 6725
6890 3 2 1 12 6725 6736 6737 6726
6891 3 2 1 12 6726 6737 6738 6727
6892 3 2 1 12 6727 6738 784 785
6893 3 2 1 12 714 713 6739 6728
6894 3 2 1 12 6728 6739 6740 6729
6895 3 2 1 12 6729 6740 6741 6730
6896 3 2 1 12 6730 6741 6742 6731
6897 3 2 1 12 6731 6742 6743 6732
6898 3 2 1 12 6732 6743 6744 6733
6899 3 2 1 12 6733 6744 6745 6734
6900 3 2 1 12 6734 6745 6746 6735
6901 3 2 1 12 6735 6746 6747 6736
6902 3 2 1 12 6736 6747 6748 6737
6903 3 2 1 12 6737 6748 6749 6738
6904 3 2 1 12 6738 6749 783 784
6905 3 2 1 12 713 712 6750 6739
6906 3 2 1 12 6739 6750 6751 6740
6907 3 2 1 12 6740 6751 6752 6741
6908 3 2 1 12 6741 6752 6753 6742
6909 3 2 1 12 6742 6753 6754 6743
6910 3 2 1 12 6743 6754 6755 6744
6911 3 2 1 12 6744 6755 6756 6745
6912 3 2 1 12 6745 6756 6757 6746
6913 3 2 1 12 6746 6757 6758 6747
6914 3 2 1 12 6747 6758 6759 6748
6915 3 2 1 12 6748 6759 6760 6749
6916 3 2 1 12 6749 6760 782 783
6917 3 2 1 12 712 711 6761 6750
6918 3 2 1 12 6750 6761 6762 6751
6919 3 2 1 12 6751 6762 6763 6752
6920 3 2 1 12 6752 6763 6764 6753
6921 3 2 1 12 6753 6764 6765 6754
6922 3 2 1 12 6754 6765 6766 6755
6923 3 2 1 12 6755 6766 6767 6756
6924 3 2 1 12 6756 6767 6768 6757
6925 3 2 1 12 6757 6768 6769 6758
6926 3 2 1 12 6758 6769 6770 6759
6927 3 2 1 12 6759 6770 6771 6760
6928 3 2 1 12 6760 6771 781 782
6929 3 2 1 12 711 710 6772 6761
6930 3 2 1 12 6761 6772 6773 6762
6931 3 2 1 12 6762 6773 6774 6763
6932 3 2 1 12 6763 6774 6775 6764
6933 3 2 1 12 6764 6775 6776 6765
6934 3 2 1 12 6765 6776 6777 6766
6935 3 2 1 12 6766 6777 6778 6767
6936 3 2 1 12 6767 6778 6779 6768
6937 3 2 1 12 6768 6779 6780 6769
6938 3 2 1 12 6769 6780 6781 6770
6939 3 2 1 12 6770 6781 6782 6771
6940 3 2 1 12 6771 6782 780 781
6941 3 2 1 12 710 709 6783 6772
6942 3 2 1 12 6772 6783 6784 6773
6943 3 2 1 12 6773 6784 6785 6774
6944 3 2 1 12 6774 6785 6786 6775
6945 3 2 1 12 6775 6786 6787 6776
6946 3 2 1 12 6776 6787 6788 6777
6947 3 2 1 12 6777 6788 6789 6778
6948 3 2 1 12 6778 6789 6790 6779
6949 3 2 1 12 6779 6790 6791 6780
6950 3 2 1 12 6780 6791 6792 6781
6951 3 2 1 12 6781 6792 6793 6782
6952 3 2 1 12 6782 6793 779 780
6953 3 2 1 12 709 708 6794 6783
6954 3 2 1 12 6783 6794 6795 6784
6955 3 2 1 12 6784 6795 6796 6785
6956 3 2 1 12 6785 6796 6797 6786
6957 3 2 1 12 6786 6797 6798 6787
6958 3 2 1 12 6787 6798 6799 6788
6959 3 2 1 12 6788 6799 6800 6789
6960 3 2 1 12 6789 6800 6801 6790
6961 3 2 1 12 6790 6801 6802 6791
6962 3 2 1 12 6791 6802 6803 6792
6963 3 2 1 12 6792 6803 6804 6793
6964 3 2 1 12 6793 6804 778 779
6965 3 2 1 12 708 707 6805 6794
6966 3 2 1 12 6794 6805 6806 6795
6967 3 2 1 12 6795 6806 6807 6796
6968 3 2 1 12 6796 6807 6808 6797
6969 3 2 1 12 6797 6808 6809 6798
6970 3 2 1 12 6798 6809 6810 6799
6971 3 2 1 12 6799 6810 6811 6800
6972 3 2 1 12 6800 6811 6812 6801
6973 3 2 1 12 6801 6812 6813 6802
6974 3 2 1 12 6802 6813 6814 6803
6975 3 2 1 12 6803 6814 6815 6804
6976 3 2 1 12 6804 6815 777 778
6977 3 2 1 12 707 706 6816 6805
6978 3 2 1 12 6805 6816 6817 6806
6979 3 2 1 12 6806 6817 6818 6807
6980 3 2 1 12 6807 6818 6819 6808
6981 3 2 1 12 6808 6819 6820 6809
6982 3 2 1 12 6809 6820 6821 6810
6983 3 2 1 12 6810 6821 6822 6811
6984 3 2 1 12 6811 6822 6823 6812
6985 3 2 1 12 6812 6823 6824 6813
6986 3 2 1 12 6813 6824 6825 6814
6987 3 2 1 12 6814 6825 6826 6815
6988 3 2 1 12 6815 6826 776 777
6989 3 2 1 12 706 705 6827 6816
6990 3 2 1 12 6816 6827 6828 6817
6991 3 2 1 12 6817 6828 6829 6818
6992 3 2 1 12 6818 6829 6830 6819
6993 3 2 1 12 6819 6830 6831 6820
6994 3 2 1 12 6820 6831 6832 6821
6995 3 2 1 12 6821 6832 6833 6822
6996 3 2 1 12 6822 6833 6834 6823
6997 3 2 1 12 6823 6834 6835 6824
6998 3 2 1 12 6824 6835 6836 6825
6999 3 2 1 12 6825 6836 6837 6826
7000 3 2 1 12 6826 6837 775 776
7001 3 2 1 12 705 704 6838 6827
7002 3 2 1 12 6827 6838 6839 6828
7003 3 2 1 12 6828 6839 6840 6829
7004 3 2 1 12 6829 6840 6841 6830
7005 3 2 1 12 6830 6841 6842 6831
7006 3 2 1 12 6831 6842 6843 6832
7007 3 2 1 12 6832 6843 6844 6833
7008 3 2 1 12 6833 6844 6845 6834
7009 3 2 1 12 6834 6845 6846 6835
7010 3 2 1 12 6835 6846 6847 6836
7011 3 2 1 12 6836 6847 6848 6837
7012 3 2 1 12 6837 6848 774 775
7013 3 2 1 12 704 703 6849 6838
7014 3 2 1 12 6838 6849 6850 6839
7015 3 2 1 12 6839 6850 6851 6840
7016 3 2 1 12 6840 6851 6852 6841
7017 3 2 1 12 6841 6852 6853 6842
7018 3 2 1 12 6842 6853 6854 6843
7019 3 2 1 12 6843 6854 6855 6844
7020 3 2 1 12 6844 6855 6856 6845
7021 3 2 1 12 6845 6856 6857 6846
7022 3 2 1 12 6846 6857 6858 6847
7023 3 2 1 12 6847 6858 6859 6848
7024 3 2 1 12 6848 6859 773 774
7025 3 2 1 12 703 702 6860 6849
7026 3 2 1 12 6849 6860 6861 6850
7027 3 2 1 12 6850 6861 6862 6851
7028 3 2 1 12 6851 6862 6863 6852
7029 3 2 1 12 6852 6863 6864 6853
7030 3 2 1 12 6853 6864 6865 6854
7031 3 2 1 12 6854 6865 6866 6855
7032 3 2 1 12 6855 6866 6867 6856
7033 3 2 1 12 6856 6867 6868 6857
7034 3 2 1 12 6857 6868 6869 6858
7035 3 2 1 12 6858 6869 6870 6859
7036 3 2 1 12 6859 6870 772 773
7037 3 2 1 12 702 701 6871 6860
7038 3 2 1 12 6860 6871 6872 6861
7039 3 2 1 12 6861 6872 6873 6862
7040 3 2 1 12 6862 6873 6874 6863
7041 3 2 1 12 6863 6874 6875 6864
7042 3 2 1 12 6864 6875 6876 6865
7043 3 2 1 12 6865 6876 6877 6866
7044 3 2 1 12 6866 6877 6878 6867
7045 3 2 1 12 6867 6878 6879 6868
7046 3 2 1 12 6868 6879 6880 6869
7047 3 2 1 12 6869 6880 6881 6870
7048 3 2 1 12 6870 6881 771 772
7049 3 2 1 12 701 700 6882 6871
7050 3 2 1 12 6871 6882 6883 6872
7051 3 2 1 12 6872 6883 6884 6873
7052 3 2 1 12 6873 6884 6885 6874
7053 3 2 1 12 6874 6885 6886 6875
7054 3 2 1 12 6875 6886 6887 6876
7055 3 2 1 12 6876 6887 6888 6877
7056 3 2 1 12 6877 6888 6889 6878
7057 3 2 1 12 6878 6889 6890 6879
7058 3 2 1 12 6879 6890 6891 6880
7059 3 2 1 12 6880 6891 6892 6881
7060 3 2 1 12 6881 6892 770 771
7061 3 2 1 12 700 699 6893 6882
7062 3 2 1 12 6882 6893 6894 6883
7063 3 2 1 12 6883 6894 6895 6884
7064 3 2 1 12 6884 6895 6896 6885
7065 3 2 1 12 6885 6896 6897 6886
7066 3 2 1 12 6886 6897 6898 6887
7067 3 2 1 12 6887 6898 6899 6888
7068 3 2 1 12 6888 6899 6900 6889
7069 3 2 1 12 6889 6900 6901 6890
7070 3 2 1 12 6890 6901 6902 6891
7071 3 2 1 12 6891 6902 6903 6892
7072 3 2 1 12 6892 6903 769 770
7073 3 2 1 12 699 698 6904 6893
7074 3 2 1 12 6893 6904 6905 6894
7075 3 2 1 12 6894 6905 6906 6895
7076 3 2 1 12 6895 6906 6907 6896
7077 3 2 1 12 6896 6907 6908 6897
7078 3 2 1 12 6897 6908 6909 6898
7079 3 2 1 12 6898 6909 6910 6899
7080 3 2 1 12 6899 6910 6911 6900
7081 3 2 1 12 6900 6911 6912 6901
7082 3 2 1 12 6901 6912 6913 6902
7083 3 2 1 12 6902 6913 6914 6903
7084 3 2 1 12 6903 6914 768 769
7085 3 2 1 12 698 697 6915 6904
7086 3 2 1 12 6904 6915 6916 6905
7087 3 2 1 12 6905 6916 6917 6906
7088 3 2 1 12 6906 6917 6918 6907
7089 3 2 1 12 6907 6918 6919 6908
7090 3 2 1 12 6908 6919 6920 6909
7091 3 2 1 12 6909 6920 6921 6910
7092 3 2 1 12 6910 6921 6922 6911
7093 3 2 1 12 6911 6922 6923 6912
7094 3 2 1 12 6912 6923 6924 6913
7095 3 2 1 12 6913 6924 6925 6914
7096 3 2 1 12 6914 6925 767 768
7097 3 2 1 12 697 696 6926 6915
7098 3 2 1 12 6915 6926 6927 6916
7099 3 2 1 12 6916 6927 6928 6917
7100 3 2 1 12 6917 6928 6929 6918
7101 3 2 1 12 6918 6929 6930 6919
7102 3 2 1 12 6919 6930 6931 6920
7103 3 2 1 12 6920 6931 6932 6921
7104 3 2 1 12 6921 6932 6933 6922
7105 3 2 1 12 6922 6933 6934 6923
7106 3 2 1 12 6923 6934 6935 6924
7107 3 2 1 12 6924 6935 6936 6925
7108 3 2 1 12 6925 6936 766 767
7109 3 2 1 12 696 695 6937 6926
7110 3 2 1 12 6926 6937 6938 6927
7111 3 2 1 12 6927 6938 6939 6928
7112 3 2 1 12 6928 6939 6940 6929
7113 3 2 1 12 6929 6940 6941 6930
7114 3 2 1 12 6930 6941 6942 6931
7115 3 2 1 12 6931 6942 6943 6932
7116 3 2 1 12 6932 6943 6944 6933
7117 3 2 1 12 6933 6944 6945 6934
7118 3 2 1 12 6934 6945 6946 6935
7119 3 2 1 12 6935 6946 6947 6936
7120 3 2 1 12 6936 6947 765 766
7121 3 2 1 12 695 694 6948 6937
7122 3 2 1 12 6937 6948 6949 6938
7123 3 2 1 12 6938 6949 6950 6939
7124 3 2 1 12 6939 6950 6951 6940
7125 3 2 1 12 6940 6951 6952 6941
7126 3 2 1 12 6941 6952 6953 6942
7127 3 2 1 12 6942 6953 6954 6943
7128 3 2 1 12 6943 6954 6955 6944
7129 3 2 1 12 6944 6955 6956 6945
7130 3 2 1 12 6945 6956 6957 6946
7131 3 2 1 12 6946 6957 6958 6947
7132 3 2 1 12 6947 6958 764 765
7133 3 2 1 12 694 693 6959 6948
7134 3 2 1 12 6948 6959 6960 6949
7135 3 2 1 12 6949 6960 6961 6950
7136 3 2 1 12 6950 6961 6962 6951
7137 3 2 1 12 6951 6962 6963 6952
7138 3 2 1 12 6952 6963 6964 6953
7139 3 2 1 12 6953 6964 6965 6954
7140 3 2 1 12 6954 6965 6966 6955
7141 3 2 1 12 6955 6966 6967 6956
7142 3 2 1 12 6956 6967 6968 6957
7143 3 2 1 12 6957 6968 6969 6958
7144 3 2 1 12 6958 6969 763 764
7145 3 2 1 12 693 692 6970 6959
7146 3 2 1 12 6959 6970 6971 6960
7147 3 2 1 12 6960 6971 6972 6961
7148 3 2 1 12 6961 6972 6973 6962
7149 3 2 1 12 6962 6973 6974 6963
7150 3 2 1 12 6963 6974 6975 6964
7151 3 2 1 12 6964 6975 6976 6965
7152 3 2 1 12 6965 6976 6977 6966
7153 3 2 1 12 6966 6977 6978 6967
7154 3 2 1 12 6967 6978 6979 6968
7155 3 2 1 12 6968 6979 6980 6969
7156 3 2 1 12 6969 6980 762 763
7157 3 2 1 12 692 691 6981 6970
7158 3 2 1 12 6970 6981 6982 6971
7159 3 2 1 12 6971 6982 6983 6972
7160 3 2 1 12 6972 6983 6984 6973
7161 3 2 1 12 6973 6984 6985 6974
7162 3 2 1 12 6974 6985 6986 6975
7163 3 2 1 12 6975 6986 6987 6976
7164 3 2 1 12 6976 6987 6988 6977
7165 3 2 1 12 6977 6988 6989 6978
7166 3 2 1 12 6978 6989 6990 6979
7167 3 2 1 12 6979 6990 6991 6980
7168 3 2 1 12 6980 6991 761 762
7169 3 2 1 12 691 690 6992 6981
7170 3 2 1 12 6981 6992 6993 6982
7171 3 2 1 12 6982 6993 6994 6983
7172 3 2 1 12 6983 6994 6995 6984
7173 3 2 1 12 6984 6995 6996 6985
7174 3 2 1 12 6985 6996 6997 6986
7175 3 2 1 12 6986 6997 6998 6987
7176 3 2 1 12 6987 6998 6999 6988
7177 3 2 1 12 6988 6999 7000 6989
7178 3 2 1 12 6989 7000 7001 6990
7179 3 2 1 12 6990 7001 7002 6991
7180 3 2 1 12 6991 7002 760 761
7181 3 2 1 12 690 689 7003 6992
7182 3 2 1 12 6992 7003 7004 6993
7183 3 2 1 12 6993 7004 7005 6994
7184 3 2 1 12 6994 7005 7006 6995
7185 3 2 1 12 6995 7006 7007 6996
7186 3 2 1 12 6996 7007 7008 6997
7187 3 2 1 12 6997 7008 7009 6998
7188 3 2 1 12 6998 7009 7010 6999
7189 3 2 1 12 6999 7010 7011 7000
7190 3 2 1 12 7000 7011 7012 7001
7191 3 2 1 12 7001 7012 7013 7002
7192 3 2 1 12 7002 7013 759 760
7193 3 2 1 12 689 688 7014 7003
7194 3 2 1 12 7003 7014 7015 7004
7195 3 2 1 12 7004 7015 7016 7005
7196 3 2 1 12 7005 7016 7017 7006
7197 3 2 1 12 7006 7017 7018 7007
7198 3 2 1 12 7007 7018 7019 7008
7199 3 2 1 12 7008 7019 7020 7009
7200 3 2 1 12 7009 7020 7021 7010
7201 3 2 1 12 7010 7021 7022 7011
7202 3 2 1 12 7011 7022 7023 7012
7203 3 2 1 12 7012 7023 7024 7013
7204 3 2 1 12 7013 7024 758 759
7205 3 2 1 12 688 687 7025 7014
7206 3 2 1 12 7014 7025 7026 7015
7207 3 2 1 12 7015 7026 7027 7016
7208 3 2 1 12 7016 7027 7028 7017
7209 3 2 1 12 7017 7028 7029 7018
7210 3 2 1 12 7018 7029 7030 7019
7211 3 2 1 12 7019 7030 7031 7020
7212 3 2 1 12 7020 7031 7032 7021
7213 3 2 1 12 7021 7032 7033 7022
7214 3 2 1 12 7022 7033 7034 7023
7215 3 2 1 12 7023 7034 7035 7024
7216 3 2 1 12 7024 7035 757 758
7217 3 2 1 12 687 686 7036 7025
7218 3 2 1 12 7025 7036 7037 7026
7219 3 2 1 12 7026 7037 7038 7027
7220 3 2 1 12 7027 7038 7039 7028
7221 3 2 1 12 7028 7039 7040 7029
7222 3 2 1 12 7029 7040 7041 7030
7223 3 2 1 12 7030 7041 7042 7031
7224 3 2 1 12 7031 7042 7043 7032
7225 3 2 1 12 7032 7043 7044 7033
7226 3 2 1 12 7033 7044 7045 7034
7227 3 2 1 12 7034 7045 7046 7035
7228 3 2 1 12 7035 7046 756 757
7229 3 2 1 12 686 685 7047 7036
7230 3 2 1 12 7036 7047 7048 7037
7231 3 2 1 12 7037 7048 7049 7038
7232 3 2 1 12 7038 7049 7050 7039
7233 3 2 1 12 7039 7050 7051 7040
7234 3 2 1 12 7040 7051 7052 7041
7235 3 2 1 12 7041 7052 7053 7042
7236 3 2 1 12 7042 7053 7054 7043
7237 3 2 1 12 7043 7054 7055 7044
7238 3 2 1 12 7044 7055 7056 7045
7239 3 2 1 12 7045 7056 7057 7046
7240 3 2 1 12 7046 7057 755 756
7241 3 2 1 12 685 684 7058 7047
7242 3 2 1 12 7047 7058 7059 7048
7243 3 2 1 12 7048 7059 7060 7049
7244 3 2 1 12 7049 7060 7061 7050
7245 3 2 1 12 7050 7061 7062 7051
7246 3 2 1 12 7051 7062 7063 7052
7247 3 2 1 12 7052 7063 7064 7053
7248 3 2 1 12 7053 7064 7065 7054
7249 3 2 1 12 7054 7065 7066 7055
7250 3 2 1 12 7055 7066 7067 7056
7251 3 2 1 12 7056 7067 7068 7057
7252 3 2 1 12 7057 7068 754 755
7253 3 2 1 12 684 683 7069 7058
7254 3 2 1 12 7058 7069 7070 7059
7255 3 2 1 12 7059 7070 7071 7060
7256 3 2 1 12 7060 7071 7072 7061
7257 3 2 1 12 7061 7072 7073 7062
7258 3 2 1 12 7062 7073 7074 7063
7259 3 2 1 12 7063 7074 7075 7064
7260 3 2 1 12 7064 7075 7076 7065
7261 3 2 1 12 7065 7076 7077 7066
7262 3 2 1 12 7066 7077 7078 7067
7263 3 2 1 12 7067 7078 7079 7068
7264 3 2 1 12 7068 7079 753 754
7265 3 2 1 12 683 682 7080 7069
7266 3 2 1 12 7069 7080 7081 7070
7267 3 2 1 12 7070 7081 7082 7071
7268 3 2 1 12 7071 7082 7083 7072
7269 3 2 1 12 7072 7083 7084 7073
7270 3 2 1 12 7073 7084 7085 7074
7271 3 2 1 12 7074 7085 7086 7075
7272 3 2 1 12 7075 7086 7087 7076
7273 3 2 1 12 7076 7087 7088 7077
7274 3 2 1 12 7077 7088 7089 7078
7275 3 2 1 12 7078 7089 7090 7079
7276 3 2 1 12 7079 7090 752 753
7277 3 2 1 12 682 681 7091 7080
7278 3 2 1 12 7080 7091 7092 7081
7279 3 2 1 12 7081 7092 7093 7082
7280 3 2 1 12 7082 7093 7094 7083
7281 3 2 1 12 7083 7094 7095 7084
7282 3 2 1 12 7084 7095 7096 7085
7283 3 2 1 12 7085 7096 7097 7086
7284 3 2 1 12 7086 7097 7098 7087
7285 3 2 1 12 7087 7098 7099 7088
7286 3 2 1 12 7088 7099 7100 7089
7287 3 2 1 12 7089 7100 7101 7090
7288 3 2 1 12 7090 7101 751 752
7289 3 2 1 12 681 680 7102 7091
7290 3 2 1 12 7091 7102 7103 7092
7291 3 2 1 12 7092 7103 7104 7093
7292 3 2 1 12 7093 7104 7105 7094
7293 3 2 1 12 7094 7105 7106 7095
7294 3 2 1 12 7095 7106 7107 7096
7295 3 2 1 12 7096 7107 7108 7097
7296 3 2 1 12 7097 7108 7109 7098
7297 3 2 1 12 7098 7109 7110 7099
7298 3 2 1 12 7099 7110 7111 7100
7299 3 2 1 12 7100 7111 7112 7101
7300 3 2 1 12 7101 7112 750 751
7301 3 2 1 12 680 679 7113 7102
7302 3 2 1 12 7102 7113 7114 7103
7303 3 2 1 12 7103 7114 7115 7104
7304 3 2 1 12 7104 7115 7116 7105
7305 3 2 1 12 7105 7116 7117 7106
7306 3 2 1 12 7106 7117 7118 7107
7307 3 2 1 12 7107 7118 7119 7108
7308 3 2 1 12 7108 7119 7120 7109
7309 3 2 1 12 7109 7120 7121 7110
7310 3 2 1 12 7110 7121 7122 7111
7311 3 2 1 12 7111 7122 7123 7112
7312 3 2 1 12 7112 7123 749 750
7313 3 2 1 12 679 678 7124 7113
7314 3 2 1 12 7113 7124 7125 7114
7315 3 2 1 12 7114 7125 7126 7115
7316 3 2 1 12 7115 7126 7127 7116
7317 3 2 1 12 7116 7127 7128 7117
7318 3 2 1 12 7117 7128 7129 7118
7319 3 2 1 12 7118 7129 7130 7119
7320 3 2 1 12 7119 7130 7131 7120
7321 3 2 1 12 7120 7131 7132 7121
7322 3 2 1 12 7121 7132 7133 7122
7323 3 2 1 12 7122 7133 7134 7123
7324 3 2 1 12 7123 7134 748 749
7325 3 2 1 12 678 677 7135 7124
7326 3 2 1 12 7124 7135 7136 7125
7327 3 2 1 12 7125 7136 7137 7126
7328 3 2 1 12 7126 7137 7138 7127
7329 3 2 1 12 7127 7138 7139 7128
7330 3 2 1 12 7128 7139 7140 7129
7331 3 2 1 12 7129 7140 7141 7130
7332 3 2 1 12 7130 7141 7142 7131
7333 3 2 1 12 7131 7142 7143 7132
7334 3 2 1 12 7132 7143 7144 7133
7335 3 2 1 12 7133 7144 7145 7134
7336 3 2 1 12 7134 7145 747 748
7337 3 2 1 12 677 676 7146 7135
7338 3 2 1 12 7135 7146 7147 7136
7339 3 2 1 12 7136 7147 7148 7137
7340 3 2 1 12 7137 7148 7149 7138
7341 3 2 1 12 7138 7149 7150 7139
7342 3 2 1 12 7139 7150 7151 7140
7343 3 2 1 12 7140 7151 7152 7141
7344 3 2 1 12 7141 7152 7153 7142
7345 3 2 1 12 7142 7153 7154 7143
7346 3 2 1 12 7143 7154 7155 7144
7347 3 2 1 12 7144 7155 7156 7145
7348 3 2 1 12 7145 7156 746 747
7349 3 2 1 12 676 675 7157 7146
7350 3 2 1 12 7146 7157 7158 7147
7351 3 2 1 12 7147 7158 7159 7148
7352 3 2 1 12 7148 7159 7160 7149
7353 3 2 1 12 7149 7160 7161 7150
7354 3 2 1 12 7150 7161 7162 7151
7355 3 2 1 12 7151 7162 7163 7152
7356 3 2 1 12 7152 7163 7164 7153
7357 3 2 1 12 7153 7164 7165 7154
7358 3 2 1 12 7154 7165 7166 7155
7359 3 2 1 12 7155 7166 7167 7156
7360 3 2 1 12 7156 7167 745 746
7361 3 2 1 12 675 674 7168 7157
7362 3 2 1 12 7157 7168 7169 7158
7363 3 2 1 12 7158 7169 7170 7159
7364 3 2 1 12 7159 7170 7171 7160
7365 3 2 1 12 7160 7171 7172 7161
7366 3 2 1 12 7161 7172 7173 7162
7367 3 2 1 12 7162 7173 7174 7163
7368 3 2 1 12 7163 7174 7175 7164
7369 3 2 1 12 7164 7175 7176 7165
7370 3 2 1 12 7165 7176 7177 7166
7371 3 2 1 12 7166 7177 7178 7167
7372 3 2 1 12 7167 7178 744 745
7373 3 2 1 12 674 673 7179 7168
7374 3 2 1 12 7168 7179 7180 7169
7375 3 2 1 12 7169 7180 7181 7170
7376 3 2 1 12 7170 7181 7182 7171
7377 3 2 1 12 7171 7182 7183 7172
7378 3 2 1 12 7172 7183 7184 7173
7379 3 2 1 12 7173 7184 7185 7174
7380 3 2 1 12 7174 7185 7186 7175
7381 3 2 1 12 7175 7186 7187 7176
7382 3 2 1 12 7176 7187 7188 7177
7383 3 2 1 12 7177 7188 7189 7178
7384 3 2 1 12 7178 7189 743 744
7385 3 2 1 12 673 672 7190 7179
7386 3 2 1 12 7179 7190 7191 7180
7387 3 2 1 12 7180 7191 7192 7181
7388 3 2 1 12 7181 7192 7193 7182
7389 3 2 1 12 7182 7193 7194 7183
7390 3 2 1 12 7183 7194 7195 7184
7391 3 2 1 12 7184 7195 7196 7185
7392 3 2 1 12 7185 7196 7197 7186
7393 3 2 1 12 7186 7197 7198 7187
7394 3 2 1 12 7187 7198 7199 7188
7395 3 2 1 12 7188 7199 7200 7189
7396 3 2 1 12 7189 7200 742 743
7397 3 2 1 12 672 16 731 7190
7398 3 2 1 12 7190 731 732 7191
7399 3 2 1 12 7191 732 733 7192
7400 3 2 1 12 7192 733 734 7193
7401 3 2 1 12 7193 734 735 7194
7402 3 2 1 12 7194 735 736 7195
7403 3 2 1 12 7195 736 737 7196
7404 3 2 1 12 7196 737 738 7197
7405 3 2 1 12 7197 738 739 7198
7406 3 2 1 12 7198 739 740 7199
7407 3 2 1 12 7199 740 741 7200
7408 3 2 1 12 7200 741 15 742
$EndElements
