$MeshFormat
2.2 0 8
$EndMeshFormat
$PhysicalNames
5
1 2 "Inlet"
1 3 "Freestream"
1 4 "Outlet"
1 5 "Cylinder"
2 1 "Fluid"
$EndPhysicalNames
$Nodes
1792
1 0.353553391 0.353553391 0
2 -0.353553391 0.353553391 0
3 -0.353553391 -0.353553391 0
4 0.353553391 -0.353553391 0
5 1.5 1.5 0
6 -1.5 1.5 0
7 -1.5 -1.5 0
8 1.5 -1.5 0
9 15 5 0
10 -5 5 0
11 -5 -5 0
12 15 -5 0
13 0.3117449011913872 0.3909157417607659 0
14 0.2660160383276163 0.423362100249512 0
15 0.2169418694046029 0.4504844346638781 0
16 0.1651395305685167 0.4719416659067173 0
17 0.1112604663398858 0.4874639568265831 0
18 0.05598223716455469 0.4968561056254107 0
19 -1.116639142262343e-09 0.5000000005751977 0
20 -0.05598223901725796 0.4968561054166611 0
21 -0.1112604678836451 0.4874639564742301 0
22 -0.1651395318194378 0.4719416654690011 0
23 -0.216941870300529 0.450484434232423 0
24 -0.2660160388762048 0.423362099904811 0
25 -0.3117449014475146 0.3909157415565113 0
26 -0.3909157417607659 0.3117449011913872 0
27 -0.423362100249512 0.2660160383276163 0
28 -0.4504844346638781 0.2169418694046029 0
29 -0.4719416659067173 0.1651395305685167 0
30 -0.4874639568265831 0.1112604663398858 0
31 -0.4968561056254107 0.05598223716455469 0
32 -0.5000000005751977 -1.116639142262343e-09 0
33 -0.4968561054166611 -0.05598223901725796 0
34 -0.4874639564742301 -0.1112604678836451 0
35 -0.4719416654690011 -0.1651395318194378 0
36 -0.450484434232423 -0.216941870300529 0
37 -0.423362099904811 -0.2660160388762048 0
38 -0.3909157415565113 -0.3117449014475146 0
39 -0.3117449011913872 -0.3909157417607659 0
40 -0.2660160383276163 -0.423362100249512 0
41 -0.2169418694046029 -0.4504844346638781 0
42 -0.1651395305685167 -0.4719416659067173 0
43 -0.1112604663398858 -0.4874639568265831 0
44 -0.05598223716455469 -0.4968561056254107 0
45 1.116639142262343e-09 -0.5000000005751977 0
46 0.05598223901725796 -0.4968561054166611 0
47 0.1112604678836451 -0.4874639564742301 0
48 0.1651395318194378 -0.4719416654690011 0
49 0.216941870300529 -0.450484434232423 0
50 0.2660160388762048 -0.423362099904811 0
51 0.3117449014475146 -0.3909157415565113 0
52 0.3909157417607659 -0.3117449011913872 0
53 0.423362100249512 -0.2660160383276163 0
54 0.4504844346638781 -0.2169418694046029 0
55 0.4719416659067173 -0.1651395305685167 0
56 0.4874639568265831 -0.1112604663398858 0
57 0.4968561056254107 -0.05598223716455469 0
58 0.5000000005751977 1.116639142262343e-09 0
59 0.4968561054166611 0.05598223901725796 0
60 0.4874639564742301 0.1112604678836451 0
61 0.4719416654690011 0.1651395318194378 0
62 0.450484434232423 0.216941870300529 0
63 0.423362099904811 0.2660160388762048 0
64 0.3909157415565113 0.3117449014475146 0
65 0.4224277098429691 0.4224277098429691 0
66 0.4968119738573972 0.4968119738573972 0
67 0.5771469789968277 0.5771469789968277 0
68 0.6639087843656628 0.6639087843656628 0
69 0.7576115345112082 0.7576115345112082 0
70 0.8588105048289119 0.8588105048289119 0
71 0.9681053927227259 0.9681053927227259 0
72 1.086143871801055 1.086143871801055 0
73 1.213625429549195 1.213625429549195 0
74 1.351305511491388 1.351305511491388 0
75 -0.4224277098429691 0.4224277098429691 0
76 -0.4968119738573972 0.4968119738573972 0
77 -0.5771469789968277 0.5771469789968277 0
78 -0.6639087843656628 0.6639087843656628 0
79 -0.7576115345112082 0.7576115345112082 0
80 -0.8588105048289119 0.8588105048289119 0
81 -0.9681053927227259 0.9681053927227259 0
82 -1.086143871801055 1.086143871801055 0
83 -1.213625429549195 1.213625429549195 0
84 -1.351305511491388 1.351305511491388 0
85 -0.4224277098429691 -0.4224277098429691 0
86 -0.4968119738573972 -0.4968119738573972 0
87 -0.5771469789968277 -0.5771469789968277 0
88 -0.6639087843656628 -0.6639087843656628 0
89 -0.7576115345112082 -0.7576115345112082 0
90 -0.8588105048289119 -0.8588105048289119 0
91 -0.9681053927227259 -0.9681053927227259 0
92 -1.086143871801055 -1.086143871801055 0
93 -1.213625429549195 -1.213625429549195 0
94 -1.351305511491388 -1.351305511491388 0
95 0.4224277098429691 -0.4224277098429691 0
96 0.4968119738573972 -0.4968119738573972 0
97 0.5771469789968277 -0.5771469789968277 0
98 0.6639087843656628 -0.6639087843656628 0
99 0.7576115345112082 -0.7576115345112082 0
100 0.8588105048289119 -0.8588105048289119 0
101 0.9681053927227259 -0.9681053927227259 0
102 1.086143871801055 -1.086143871801055 0
103 1.213625429549195 -1.213625429549195 0
104 1.351305511491388 -1.351305511491388 0
105 1.285714285715079 1.5 0
106 1.071428571430157 1.5 0
107 0.8571428571452364 1.5 0
108 0.6428571428603149 1.5 0
109 0.4285714285753928 1.5 0
110 0.2142857142904711 1.5 0
111 5.505595979116151e-12 1.5 0
112 -0.214285714280958 1.5 0
113 -0.4285714285674649 1.5 0
114 -0.6428571428539716 1.5 0
115 -0.8571428571404791 1.5 0
116 -1.071428571426986 1.5 0
117 -1.285714285713493 1.5 0
118 -1.5 1.285714285715079 0
119 -1.5 1.071428571430157 0
120 -1.5 0.8571428571452364 0
121 -1.5 0.6428571428603149 0
122 -1.5 0.4285714285753928 0
123 -1.5 0.2142857142904711 0
124 -1.5 5.505595979116151e-12 0
125 -1.5 -0.214285714280958 0
126 -1.5 -0.4285714285674649 0
127 -1.5 -0.6428571428539716 0
128 -1.5 -0.8571428571404791 0
129 -1.5 -1.071428571426986 0
130 -1.5 -1.285714285713493 0
131 -1.285714285715079 -1.5 0
132 -1.071428571430157 -1.5 0
133 -0.8571428571452364 -1.5 0
134 -0.6428571428603149 -1.5 0
135 -0.4285714285753928 -1.5 0
136 -0.2142857142904711 -1.5 0
137 -5.505595979116151e-12 -1.5 0
138 0.214285714280958 -1.5 0
139 0.4285714285674649 -1.5 0
140 0.6428571428539716 -1.5 0
141 0.8571428571404791 -1.5 0
142 1.071428571426986 -1.5 0
143 1.285714285713493 -1.5 0
144 1.5 -1.285714285715079 0
145 1.5 -1.071428571430157 0
146 1.5 -0.8571428571452364 0
147 1.5 -0.6428571428603149 0
148 1.5 -0.4285714285753928 0
149 1.5 -0.2142857142904711 0
150 1.5 -5.505595979116151e-12 0
151 1.5 0.214285714280958 0
152 1.5 0.4285714285674649 0
153 1.5 0.6428571428539716 0
154 1.5 0.8571428571404791 0
155 1.5 1.071428571426986 0
156 1.5 1.285714285713493 0
157 1.866991523974067 1.595145950659943 0
158 2.256002539112844 1.696000658288515 0
159 2.668354212240947 1.802906647618023 0
160 3.10544698103308 1.91622699508265 0
161 3.568765315377913 2.036346563246125 0
162 4.059882749642852 2.163673305462962 0
163 4.580467233123941 2.298639653032133 0
164 5.132286788077856 2.441703982094259 0
165 5.717215512498035 2.593352169906898 0
166 6.337239958642837 2.754099248537032 0
167 6.994465871782465 2.924491151943602 0
168 7.691125338352844 3.105106569202589 0
169 8.42958437765051 3.296558912724207 0
170 9.212350963156187 3.499498397855308 0
171 10.04208354261625 3.714614251789399 0
172 10.92160007345936 3.942637056082057 0
173 11.85388759491437 4.184341228311133 0
174 12.84211237036034 4.440547651574904 0
175 13.88963063550942 4.712126461057998 0
176 -1.595145950659947 1.595145950659947 0
177 -1.696000658288642 1.696000658288642 0
178 -1.802906647618328 1.802906647618328 0
179 -1.916226995083157 1.916226995083157 0
180 -2.036346563246858 2.036346563246858 0
181 -2.163673305463945 2.163673305463945 0
182 -2.298639653033394 2.298639653033394 0
183 -2.441703982095828 2.441703982095828 0
184 -2.593352169908806 2.593352169908806 0
185 -2.754099248539316 2.754099248539316 0
186 -2.924491151946223 2.924491151946223 0
187 -3.105106569205653 3.105106569205653 0
188 -3.296558912728472 3.296558912728472 0
189 -3.499498397862641 3.499498397862641 0
190 -3.714614251797533 3.714614251797533 0
191 -3.942637056090794 3.942637056090794 0
192 -4.184341228318817 4.184341228318817 0
193 -4.44054765158033 4.44054765158033 0
194 -4.712126461060872 4.712126461060872 0
195 -1.595145950659947 -1.595145950659947 0
196 -1.696000658288642 -1.696000658288642 0
197 -1.802906647618328 -1.802906647618328 0
198 -1.916226995083157 -1.916226995083157 0
199 -2.036346563246858 -2.036346563246858 0
200 -2.163673305463945 -2.163673305463945 0
201 -2.298639653033394 -2.298639653033394 0
202 -2.441703982095828 -2.441703982095828 0
203 -2.593352169908806 -2.593352169908806 0
204 -2.754099248539316 -2.754099248539316 0
205 -2.924491151946223 -2.924491151946223 0
206 -3.105106569205653 -3.105106569205653 0
207 -3.296558912728472 -3.296558912728472 0
208 -3.499498397862641 -3.499498397862641 0
209 -3.714614251797533 -3.714614251797533 0
210 -3.942637056090794 -3.942637056090794 0
211 -4.184341228318817 -4.184341228318817 0
212 -4.44054765158033 -4.44054765158033 0
213 -4.712126461060872 -4.712126461060872 0
214 1.866991523974067 -1.595145950659943 0
215 2.256002539112844 -1.696000658288515 0
216 2.668354212240947 -1.802906647618023 0
217 3.10544698103308 -1.91622699508265 0
218 3.568765315377913 -2.036346563246125 0
219 4.059882749642852 -2.163673305462962 0
220 4.580467233123941 -2.298639653032133 0
221 5.132286788077856 -2.441703982094259 0
222 5.717215512498035 -2.593352169906898 0
223 6.337239958642837 -2.754099248537032 0
224 6.994465871782465 -2.924491151943602 0
225 7.691125338352844 -3.105106569202589 0
226 8.42958437765051 -3.296558912724207 0
227 9.212350963156187 -3.499498397855308 0
228 10.04208354261625 -3.714614251789399 0
229 10.92160007345936 -3.942637056082057 0
230 11.85388759491437 -4.184341228311133 0
231 12.84211237036034 -4.440547651574904 0
232 13.88963063550942 -4.712126461057998 0
233 13.57142857142822 5 0
234 12.14285714285645 5 0
235 10.71428571428467 5 0
236 9.285714285712899 5 0
237 7.857142857141966 5 0
238 6.428571428574205 5 0
239 5.00000000000243 5 0
240 3.571428571430655 5 0
241 2.142857142858878 5 0
242 0.7142857142871044 5 0
243 -0.7142857142846744 5 0
244 -2.14285714285645 5 0
245 -3.571428571428225 5 0
246 -5 4.285714285713404 0
247 -5 3.5714285714276 0
248 -5 2.857142857144175 0
249 -5 2.142857142860751 0
250 -5 1.428571428577326 0
251 -5 0.7142857142927372 0
252 -5 6.140865593806666e-12 0
253 -5 -0.7142857142804502 0
254 -5 -1.428571428567043 0
255 -5 -2.142857142853634 0
256 -5 -2.857142857140225 0
257 -5 -3.571428571426816 0
258 -5 -4.285714285713409 0
259 -3.571428571429423 -5 0
260 -2.142857142859813 -5 0
261 -0.7142857142925783 -5 0
262 0.7142857142746539 -5 0
263 2.142857142841887 -5 0
264 3.571428571411451 -5 0
265 4.999999999985027 -5 0
266 6.428571428558596 -5 0
267 7.857142857132164 -5 0
268 9.28571428570573 -5 0
269 10.7142857142793 -5 0
270 12.14285714285287 -5 0
271 13.57142857142643 -5 0
272 15 -4.285714285713404 0
273 15 -3.5714285714276 0
274 15 -2.857142857144175 0
275 15 -2.142857142860751 0
276 15 -1.428571428577326 0
277 15 -0.7142857142927372 0
278 15 -6.140865593806666e-12 0
279 15 0.7142857142804502 0
280 15 1.428571428567043 0
281 15 2.142857142853634 0
282 15 2.857142857140225 0
283 15 3.571428571426816 0
284 15 4.285714285713409 0
285 0.3702574192679923 0.4575454672325144 0
286 0.4334509385052936 0.5295055704169737 0
287 0.501699939284848 0.6072224818599121 0
288 0.5754088599723606 0.6911567460424595 0
289 0.6550144946098427 0.7818057516954982 0
290 0.7409885801546894 0.8797066779560643 0
291 0.8338405925012351 0.9854396782697759 0
292 0.9341207659654956 1.099631318756609 0
293 1.042423353598757 1.222958290814736 0
294 1.159390147880939 1.356151420225592 0
295 0.3144022773112302 0.4880425671842262 0
296 0.3666594151774986 0.5578974711581971 0
297 0.4230971240757717 0.6333407674536997 0
298 0.4840498495582219 0.7148195272821595 0
299 0.5498787933231893 0.802816588222958 0
300 0.6209740527021197 0.8978534141897609 0
301 0.6977569327967262 1.000493186187605 0
302 0.7806824434063953 1.111344140088969 0
303 0.8702419951061874 1.231063170625067 0
304 0.9669663106428275 1.360359723204184 0
305 0.2554028030469407 0.5135354909539483 0
306 0.2969406111930477 0.581630631439652 0
307 0.341801443992992 0.6551733831677352 0
308 0.3902511433154388 0.7345995548676818 0
309 0.4425768187775677 0.8203798206214717 0
310 0.4990885483663015 0.9130225077825083 0
311 0.5601212162946007 1.013076609871291 0
312 0.6260364977426083 1.121135040267249 0
313 0.6972250018982984 1.237838145409382 0
314 0.7741085861486693 1.363877498573087 0
315 0.1938390573389668 0.5337036502291048 0
316 0.2248345461110526 0.600406592996 0
317 0.2583096739865087 0.6724457711876974 0
318 0.2944628120162672 0.7502480834717492 0
319 0.3335082012330842 0.8342745810498743 0
320 0.3756772216541318 0.9250231985781887 0
321 0.4212197636883179 1.023031705464554 0
322 0.4704057091489975 1.128880893039038 0
323 0.5235265303896839 1.243198015927548 0
324 0.5808970171521978 1.366660508265312 0
325 0.1303233483038705 0.5482934186873092 0
326 0.1509112607319827 0.6139892372001587 0
327 0.173146206155409 0.6849407211974349 0
328 0.1971599471624051 0.7615683237539725 0
329 0.223094787546059 0.8443261348216818 0
330 0.2511044152048322 0.9337045709165734 0
331 0.2813548130626602 1.03023328185551 0
332 0.3140252427914645 1.134484289804699 0
333 0.3493093069936586 1.247075378693239 0
334 0.3874160962141764 1.3686737543168 0
335 0.06549253103426336 0.5571213215405229 0
336 0.07576364836715627 0.6222077544348619 0
337 0.0868564550872119 0.6925011019641151 0
338 0.09883668631977563 0.7684179171366772 0
339 0.111775336098887 0.850408077826848 0
340 0.1257490778824915 0.9389574515126833 0
341 0.1408407190019759 1.034590775050243 0
342 0.1571396914321472 1.137874764604691 0
343 0.1747425817041692 1.249421473624097 0
344 0.193753703139158 1.369891918992482 0
345 -1.04922478398526e-09 0.5600763427813376 -0
346 -9.764172501744017e-10 0.6249587920709079 -0
347 -8.977852205138746e-10 0.6950318373070008 -0
348 -8.128625259627727e-10 0.7707107260034474 -0
349 -7.211461009949121e-10 0.8524439260984619 -0
350 -6.220921908981646e-10 0.9407157823410882 -0
351 -5.151141434571761e-10 1.036049387040117 -0
352 -3.99577792119098e-10 1.139009680248533 -0
353 -2.747984213154098e-10 1.250206797213281 -0
354 -1.400369321905881e-10 1.370299683163803 -0
355 -0.06549253277509154 0.5571213213443142 -0
356 -0.07576364998715926 0.6222077542521974 -0
357 -0.08685645657672367 0.6925011017960784 -0
358 -0.09883668766835699 0.7684179169844382 -0
359 -0.1117753372952633 0.850408077691671 -0
360 -0.1257490789144865 0.938957451395933 -0
361 -0.1408407198564392 1.034590774953393 -0
362 -0.157139692094876 1.137874764529335 -0
363 -0.1747425821598251 1.249421473571953 -0
364 -0.1937537033711751 1.369891918965407 -0
365 -0.1303233497544102 0.5482934183561241 -0
366 -0.1509112620818452 0.6139892368918354 -0
367 -0.1731462073965399 0.684940720913802 -0
368 -0.1971599482861061 0.7615683234970053 -0
369 -0.2230947885429357 0.8443261345935135 -0
370 -0.2511044160647384 0.9337045707195081 -0
371 -0.2813548137746386 1.030233281692035 -0
372 -0.3140252433436808 1.134484289677503 -0
373 -0.3493093073733317 1.247075378605224 -0
374 -0.3874160964075031 1.3686737542711 -0
375 -0.193839058514356 0.533703649817685 -0
376 -0.2248345472048675 0.6004065926129803 -0
377 -0.258309674992223 0.6724457708353496 -0
378 -0.2944628129268335 0.7502480831525271 -0
379 -0.3335082020408901 0.8342745807664286 -0
380 -0.3756772223509568 0.925023198333381 -0
381 -0.4212197642652831 1.023031705261475 -0
382 -0.4704057095965144 1.128880892881027 -0
383 -0.5235265306973969 1.24319801581821 -0
384 -0.5808970173089221 1.36666050820854 -0
385 -0.2554028038887571 0.5135354905484133 -0
386 -0.2969406119764255 0.5816306310621111 -0
387 -0.3418014447132562 0.6551733828204275 -0
388 -0.3902511439675404 0.7345995545530261 -0
389 -0.4425768193560533 0.8203798203420803 -0
390 -0.4990885488652823 0.9130225075412023 -0
391 -0.5601212167077159 1.013076609671117 -0
392 -0.6260364980629888 1.121135040111498 -0
393 -0.6972250021185258 1.237838145301607 -0
394 -0.7741085862607305 1.363877498517128 -0
395 -0.314402277826671 0.4880425668602336 -0
396 -0.3666594156571397 0.5578974708565696 -0
397 -0.4230971245167493 0.6333407671762264 -0
398 -0.4840498499574431 0.7148195270307727 -0
399 -0.5498787936773131 0.8028165879997449 -0
400 -0.6209740530075391 0.8978534139969753 -0
401 -0.6977569330495439 1.00049318602768 -0
402 -0.7806824436024037 1.111344139964536 -0
403 -0.870241995240842 1.231063170538964 -0
404 -0.9669663107112196 1.360359723159475 -0
405 -0.3702574195086372 0.4575454670405307 -0
406 -0.4334509387292175 0.5295055702382424 -0
407 -0.5016999394907132 0.6072224816954938 -0
408 -0.5754088601587222 0.6911567458934984 -0
409 -0.6550144947751405 0.7818057515632321 -0
410 -0.740988580297238 0.8797066778418277 -0
411 -0.8338405926192156 0.9854396781750121 -0
412 -0.9341207660569418 1.099631318682875 -0
413 -1.042423353661545 1.222958290763714 -0
414 -1.159390147912779 1.3561514201991 -0
415 -0.4575454672325144 0.3702574192679923 0
416 -0.5295055704169737 0.4334509385052936 0
417 -0.6072224818599121 0.501699939284848 0
418 -0.6911567460424595 0.5754088599723606 0
419 -0.7818057516954982 0.6550144946098427 0
420 -0.8797066779560643 0.7409885801546894 0
421 -0.9854396782697759 0.8338405925012351 0
422 -1.099631318756609 0.9341207659654956 0
423 -1.222958290814736 1.042423353598757 0
424 -1.356151420225592 1.159390147880939 0
425 -0.4880425671842262 0.3144022773112302 0
426 -0.5578974711581971 0.3666594151774986 0
427 -0.6333407674536997 0.4230971240757717 0
428 -0.7148195272821595 0.4840498495582219 0
429 -0.802816588222958 0.5498787933231893 0
430 -0.8978534141897609 0.6209740527021197 0
431 -1.000493186187605 0.6977569327967262 0
432 -1.111344140088969 0.7806824434063953 0
433 -1.231063170625067 0.8702419951061874 0
434 -1.360359723204184 0.9669663106428275 0
435 -0.5135354909539483 0.2554028030469407 0
436 -0.581630631439652 0.2969406111930477 0
437 -0.6551733831677352 0.341801443992992 0
438 -0.7345995548676818 0.3902511433154388 0
439 -0.8203798206214717 0.4425768187775677 0
440 -0.9130225077825083 0.4990885483663015 0
441 -1.013076609871291 0.5601212162946007 0
442 -1.121135040267249 0.6260364977426083 0
443 -1.237838145409382 0.6972250018982984 0
444 -1.363877498573087 0.7741085861486693 0
445 -0.5337036502291048 0.1938390573389668 0
446 -0.600406592996 0.2248345461110526 0
447 -0.6724457711876974 0.2583096739865087 0
448 -0.7502480834717492 0.2944628120162672 0
449 -0.8342745810498743 0.3335082012330842 0
450 -0.9250231985781887 0.3756772216541318 0
451 -1.023031705464554 0.4212197636883179 0
452 -1.128880893039038 0.4704057091489975 0
453 -1.243198015927548 0.5235265303896839 0
454 -1.366660508265312 0.5808970171521978 0
455 -0.5482934186873092 0.1303233483038705 0
456 -0.6139892372001587 0.1509112607319827 0
457 -0.6849407211974349 0.173146206155409 0
458 -0.7615683237539725 0.1971599471624051 0
459 -0.8443261348216818 0.223094787546059 0
460 -0.9337045709165734 0.2511044152048322 0
461 -1.03023328185551 0.2813548130626602 0
462 -1.134484289804699 0.3140252427914645 0
463 -1.247075378693239 0.3493093069936586 0
464 -1.3686737543168 0.3874160962141764 0
465 -0.5571213215405229 0.06549253103426336 0
466 -0.6222077544348619 0.07576364836715627 0
467 -0.6925011019641151 0.0868564550872119 0
468 -0.7684179171366772 0.09883668631977563 0
469 -0.850408077826848 0.111775336098887 0
470 -0.9389574515126833 0.1257490778824915 0
471 -1.034590775050243 0.1408407190019759 0
472 -1.137874764604691 0.1571396914321472 0
473 -1.249421473624097 0.1747425817041692 0
474 -1.369891918992482 0.193753703139158 0
475 -0.5600763427813376 -1.04922478398526e-09 0
476 -0.6249587920709079 -9.764172501744017e-10 0
477 -0.6950318373070008 -8.977852205138746e-10 0
478 -0.7707107260034474 -8.128625259627727e-10 0
479 -0.8524439260984619 -7.211461009949121e-10 0
480 -0.9407157823410882 -6.220921908981646e-10 0
481 -1.036049387040117 -5.151141434571761e-10 0
482 -1.139009680248533 -3.99577792119098e-10 0
483 -1.250206797213281 -2.747984213154098e-10 0
484 -1.370299683163803 -1.400369321905881e-10 0
485 -0.5571213213443142 -0.06549253277509154 0
486 -0.6222077542521974 -0.07576364998715926 0
487 -0.6925011017960784 -0.08685645657672367 0
488 -0.7684179169844382 -0.09883668766835699 0
489 -0.850408077691671 -0.1117753372952633 0
490 -0.938957451395933 -0.1257490789144865 0
491 -1.034590774953393 -0.1408407198564392 0
492 -1.137874764529335 -0.157139692094876 0
493 -1.249421473571953 -0.1747425821598251 0
494 -1.369891918965407 -0.1937537033711751 0
495 -0.5482934183561241 -0.1303233497544102 0
496 -0.6139892368918354 -0.1509112620818452 0
497 -0.684940720913802 -0.1731462073965399 0
498 -0.7615683234970053 -0.1971599482861061 0
499 -0.8443261345935135 -0.2230947885429357 0
500 -0.9337045707195081 -0.2511044160647384 0
501 -1.030233281692035 -0.2813548137746386 0
502 -1.134484289677503 -0.3140252433436808 0
503 -1.247075378605224 -0.3493093073733317 0
504 -1.3686737542711 -0.3874160964075031 0
505 -0.533703649817685 -0.193839058514356 0
506 -0.6004065926129803 -0.2248345472048675 0
507 -0.6724457708353496 -0.258309674992223 0
508 -0.7502480831525271 -0.2944628129268335 0
509 -0.8342745807664286 -0.3335082020408901 0
510 -0.925023198333381 -0.3756772223509568 0
511 -1.023031705261475 -0.4212197642652831 0
512 -1.128880892881027 -0.4704057095965144 0
513 -1.24319801581821 -0.5235265306973969 0
514 -1.36666050820854 -0.5808970173089221 0
515 -0.5135354905484133 -0.2554028038887571 0
516 -0.5816306310621111 -0.2969406119764255 0
517 -0.6551733828204275 -0.3418014447132562 0
518 -0.7345995545530261 -0.3902511439675404 0
519 -0.8203798203420803 -0.4425768193560533 0
520 -0.9130225075412023 -0.4990885488652823 0
521 -1.013076609671117 -0.5601212167077159 0
522 -1.121135040111498 -0.6260364980629888 0
523 -1.237838145301607 -0.6972250021185258 0
524 -1.363877498517128 -0.7741085862607305 0
525 -0.4880425668602336 -0.314402277826671 0
526 -0.5578974708565696 -0.3666594156571397 0
527 -0.6333407671762264 -0.4230971245167493 0
528 -0.7148195270307727 -0.4840498499574431 0
529 -0.8028165879997449 -0.5498787936773131 0
530 -0.8978534139969753 -0.6209740530075391 0
531 -1.00049318602768 -0.6977569330495439 0
532 -1.111344139964536 -0.7806824436024037 0
533 -1.231063170538964 -0.870241995240842 0
534 -1.360359723159475 -0.9669663107112196 0
535 -0.4575454670405307 -0.3702574195086372 0
536 -0.5295055702382424 -0.4334509387292175 0
537 -0.6072224816954938 -0.5016999394907132 0
538 -0.6911567458934984 -0.5754088601587222 0
539 -0.7818057515632321 -0.6550144947751405 0
540 -0.8797066778418277 -0.740988580297238 0
541 -0.9854396781750121 -0.8338405926192156 0
542 -1.099631318682875 -0.9341207660569418 0
543 -1.222958290763714 -1.042423353661545 0
544 -1.3561514201991 -1.159390147912779 0
545 -0.3702574192679923 -0.4575454672325144 0
546 -0.4334509385052936 -0.5295055704169737 0
547 -0.501699939284848 -0.6072224818599121 0
548 -0.5754088599723606 -0.6911567460424595 0
549 -0.6550144946098427 -0.7818057516954982 0
550 -0.7409885801546894 -0.8797066779560643 0
551 -0.8338405925012351 -0.9854396782697759 0
552 -0.9341207659654956 -1.099631318756609 0
553 -1.042423353598757 -1.222958290814736 0
554 -1.159390147880939 -1.356151420225592 0
555 -0.3144022773112302 -0.4880425671842262 0
556 -0.3666594151774986 -0.5578974711581971 0
557 -0.4230971240757717 -0.6333407674536997 0
558 -0.4840498495582219 -0.7148195272821595 0
559 -0.5498787933231893 -0.802816588222958 0
560 -0.6209740527021197 -0.8978534141897609 0
561 -0.6977569327967262 -1.000493186187605 0
562 -0.7806824434063953 -1.111344140088969 0
563 -0.8702419951061874 -1.231063170625067 0
564 -0.9669663106428275 -1.360359723204184 0
565 -0.2554028030469407 -0.5135354909539483 0
566 -0.2969406111930477 -0.581630631439652 0
567 -0.341801443992992 -0.6551733831677352 0
568 -0.3902511433154388 -0.7345995548676818 0
569 -0.4425768187775677 -0.8203798206214717 0
570 -0.4990885483663015 -0.9130225077825083 0
571 -0.5601212162946007 -1.013076609871291 0
572 -0.6260364977426083 -1.121135040267249 0
573 -0.6972250018982984 -1.237838145409382 0
574 -0.7741085861486693 -1.363877498573087 0
575 -0.1938390573389668 -0.5337036502291048 0
576 -0.2248345461110526 -0.600406592996 0
577 -0.2583096739865087 -0.6724457711876974 0
578 -0.2944628120162672 -0.7502480834717492 0
579 -0.3335082012330842 -0.8342745810498743 0
580 -0.3756772216541318 -0.9250231985781887 0
581 -0.4212197636883179 -1.023031705464554 0
582 -0.4704057091489975 -1.128880893039038 0
583 -0.5235265303896839 -1.243198015927548 0
584 -0.5808970171521978 -1.366660508265312 0
585 -0.1303233483038705 -0.5482934186873092 0
586 -0.1509112607319827 -0.6139892372001587 0
587 -0.173146206155409 -0.6849407211974349 0
588 -0.1971599471624051 -0.7615683237539725 0
589 -0.223094787546059 -0.8443261348216818 0
590 -0.2511044152048322 -0.9337045709165734 0
591 -0.2813548130626602 -1.03023328185551 0
592 -0.3140252427914645 -1.134484289804699 0
593 -0.3493093069936586 -1.247075378693239 0
594 -0.3874160962141764 -1.3686737543168 0
595 -0.06549253103426336 -0.5571213215405229 0
596 -0.07576364836715627 -0.6222077544348619 0
597 -0.0868564550872119 -0.6925011019641151 0
598 -0.09883668631977563 -0.7684179171366772 0
599 -0.111775336098887 -0.850408077826848 0
600 -0.1257490778824915 -0.9389574515126833 0
601 -0.1408407190019759 -1.034590775050243 0
602 -0.1571396914321472 -1.137874764604691 0
603 -0.1747425817041692 -1.249421473624097 0
604 -0.193753703139158 -1.369891918992482 0
605 1.04922478398526e-09 -0.5600763427813376 0
606 9.764172501744017e-10 -0.6249587920709079 0
607 8.977852205138746e-10 -0.6950318373070008 0
608 8.128625259627727e-10 -0.7707107260034474 0
609 7.211461009949121e-10 -0.8524439260984619 0
610 6.220921908981646e-10 -0.9407157823410882 0
611 5.151141434571761e-10 -1.036049387040117 0
612 3.99577792119098e-10 -1.139009680248533 0
613 2.747984213154098e-10 -1.250206797213281 0
614 1.400369321905881e-10 -1.370299683163803 0
615 0.06549253277509154 -0.5571213213443142 0
616 0.07576364998715926 -0.6222077542521974 0
617 0.08685645657672367 -0.6925011017960784 0
618 0.09883668766835699 -0.7684179169844382 0
619 0.1117753372952633 -0.850408077691671 0
620 0.1257490789144865 -0.938957451395933 0
621 0.1408407198564392 -1.034590774953393 0
622 0.157139692094876 -1.137874764529335 0
623 0.1747425821598251 -1.249421473571953 0
624 0.1937537033711751 -1.369891918965407 0
625 0.1303233497544102 -0.5482934183561241 0
626 0.1509112620818452 -0.6139892368918354 0
627 0.1731462073965399 -0.684940720913802 0
628 0.1971599482861061 -0.7615683234970053 0
629 0.2230947885429357 -0.8443261345935135 0
630 0.2511044160647384 -0.9337045707195081 0
631 0.2813548137746386 -1.030233281692035 0
632 0.3140252433436808 -1.134484289677503 0
633 0.3493093073733317 -1.247075378605224 0
634 0.3874160964075031 -1.3686737542711 0
635 0.193839058514356 -0.533703649817685 0
636 0.2248345472048675 -0.6004065926129803 0
637 0.258309674992223 -0.6724457708353496 0
638 0.2944628129268335 -0.7502480831525271 0
639 0.3335082020408901 -0.8342745807664286 0
640 0.3756772223509568 -0.925023198333381 0
641 0.4212197642652831 -1.023031705261475 0
642 0.4704057095965144 -1.128880892881027 0
643 0.5235265306973969 -1.24319801581821 0
644 0.5808970173089221 -1.36666050820854 0
645 0.2554028038887571 -0.5135354905484133 0
646 0.2969406119764255 -0.5816306310621111 0
647 0.3418014447132562 -0.6551733828204275 0
648 0.3902511439675404 -0.7345995545530261 0
649 0.4425768193560533 -0.8203798203420803 0
650 0.4990885488652823 -0.9130225075412023 0
651 0.5601212167077159 -1.013076609671117 0
652 0.6260364980629888 -1.121135040111498 0
653 0.6972250021185258 -1.237838145301607 0
654 0.7741085862607305 -1.363877498517128 0
655 0.314402277826671 -0.4880425668602336 0
656 0.3666594156571397 -0.5578974708565696 0
657 0.4230971245167493 -0.6333407671762264 0
658 0.4840498499574431 -0.7148195270307727 0
659 0.5498787936773131 -0.8028165879997449 0
660 0.6209740530075391 -0.8978534139969753 0
661 0.6977569330495439 -1.00049318602768 0
662 0.7806824436024037 -1.111344139964536 0
663 0.870241995240842 -1.231063170538964 0
664 0.9669663107112196 -1.360359723159475 0
665 0.3702574195086372 -0.4575454670405307 0
666 0.4334509387292175 -0.5295055702382424 0
667 0.5016999394907132 -0.6072224816954938 0
668 0.5754088601587222 -0.6911567458934984 0
669 0.6550144947751405 -0.7818057515632321 0
670 0.740988580297238 -0.8797066778418277 0
671 0.8338405926192156 -0.9854396781750121 0
672 0.9341207660569418 -1.099631318682875 0
673 1.042423353661545 -1.222958290763714 0
674 1.159390147912779 -1.3561514201991 0
675 0.4575454672325144 -0.3702574192679923 0
676 0.5295055704169737 -0.4334509385052936 0
677 0.6072224818599121 -0.501699939284848 0
678 0.6911567460424595 -0.5754088599723606 0
679 0.7818057516954982 -0.6550144946098427 0
680 0.8797066779560643 -0.7409885801546894 0
681 0.9854396782697759 -0.8338405925012351 0
682 1.099631318756609 -0.9341207659654956 0
683 1.222958290814736 -1.042423353598757 0
684 1.356151420225592 -1.159390147880939 0
685 0.4880425671842262 -0.3144022773112302 0
686 0.5578974711581971 -0.3666594151774986 0
687 0.6333407674536997 -0.4230971240757717 0
688 0.7148195272821595 -0.4840498495582219 0
689 0.802816588222958 -0.5498787933231893 0
690 0.8978534141897609 -0.6209740527021197 0
691 1.000493186187605 -0.6977569327967262 0
692 1.111344140088969 -0.7806824434063953 0
693 1.231063170625067 -0.8702419951061874 0
694 1.360359723204184 -0.9669663106428275 0
695 0.5135354909539483 -0.2554028030469407 0
696 0.581630631439652 -0.2969406111930477 0
697 0.6551733831677352 -0.341801443992992 0
698 0.7345995548676818 -0.3902511433154388 0
699 0.8203798206214717 -0.4425768187775677 0
700 0.9130225077825083 -0.4990885483663015 0
701 1.013076609871291 -0.5601212162946007 0
702 1.121135040267249 -0.6260364977426083 0
703 1.237838145409382 -0.6972250018982984 0
704 1.363877498573087 -0.7741085861486693 0
705 0.5337036502291048 -0.1938390573389668 0
706 0.600406592996 -0.2248345461110526 0
707 0.6724457711876974 -0.2583096739865087 0
708 0.7502480834717492 -0.2944628120162672 0
709 0.8342745810498743 -0.3335082012330842 0
710 0.9250231985781887 -0.3756772216541318 0
711 1.023031705464554 -0.4212197636883179 0
712 1.128880893039038 -0.4704057091489975 0
713 1.243198015927548 -0.5235265303896839 0
714 1.366660508265312 -0.5808970171521978 0
715 0.5482934186873092 -0.1303233483038705 0
716 0.6139892372001587 -0.1509112607319827 0
717 0.6849407211974349 -0.173146206155409 0
718 0.7615683237539725 -0.1971599471624051 0
719 0.8443261348216818 -0.223094787546059 0
720 0.9337045709165734 -0.2511044152048322 0
721 1.03023328185551 -0.2813548130626602 0
722 1.134484289804699 -0.3140252427914645 0
723 1.247075378693239 -0.3493093069936586 0
724 1.3686737543168 -0.3874160962141764 0
725 0.5571213215405229 -0.06549253103426336 0
726 0.6222077544348619 -0.07576364836715627 0
727 0.6925011019641151 -0.0868564550872119 0
728 0.7684179171366772 -0.09883668631977563 0
729 0.850408077826848 -0.111775336098887 0
730 0.9389574515126833 -0.1257490778824915 0
731 1.034590775050243 -0.1408407190019759 0
732 1.137874764604691 -0.1571396914321472 0
733 1.249421473624097 -0.1747425817041692 0
734 1.369891918992482 -0.193753703139158 0
735 0.5600763427813376 1.04922478398526e-09 0
736 0.6249587920709079 9.764172501744017e-10 0
737 0.6950318373070008 8.977852205138746e-10 0
738 0.7707107260034474 8.128625259627727e-10 0
739 0.8524439260984619 7.211461009949121e-10 0
740 0.9407157823410882 6.220921908981646e-10 0
741 1.036049387040117 5.151141434571761e-10 0
742 1.139009680248533 3.99577792119098e-10 0
743 1.250206797213281 2.747984213154098e-10 0
744 1.370299683163803 1.400369321905881e-10 0
745 0.5571213213443142 0.06549253277509154 0
746 0.6222077542521974 0.07576364998715926 0
747 0.6925011017960784 0.08685645657672367 0
748 0.7684179169844382 0.09883668766835699 0
749 0.850408077691671 0.1117753372952633 0
750 0.938957451395933 0.1257490789144865 0
751 1.034590774953393 0.1408407198564392 0
752 1.137874764529335 0.157139692094876 0
753 1.249421473571953 0.1747425821598251 0
754 1.369891918965407 0.1937537033711751 0
755 0.5482934183561241 0.1303233497544102 0
756 0.6139892368918354 0.1509112620818452 0
757 0.684940720913802 0.1731462073965399 0
758 0.7615683234970053 0.1971599482861061 0
759 0.8443261345935135 0.2230947885429357 0
760 0.9337045707195081 0.2511044160647384 0
761 1.030233281692035 0.2813548137746386 0
762 1.134484289677503 0.3140252433436808 0
763 1.247075378605224 0.3493093073733317 0
764 1.3686737542711 0.3874160964075031 0
765 0.533703649817685 0.193839058514356 0
766 0.6004065926129803 0.2248345472048675 0
767 0.6724457708353496 0.258309674992223 0
768 0.7502480831525271 0.2944628129268335 0
769 0.8342745807664286 0.3335082020408901 0
770 0.925023198333381 0.3756772223509568 0
771 1.023031705261475 0.4212197642652831 0
772 1.128880892881027 0.4704057095965144 0
773 1.24319801581821 0.5235265306973969 0
774 1.36666050820854 0.5808970173089221 0
775 0.5135354905484133 0.2554028038887571 0
776 0.5816306310621111 0.2969406119764255 0
777 0.6551733828204275 0.3418014447132562 0
778 0.7345995545530261 0.3902511439675404 0
779 0.8203798203420803 0.4425768193560533 0
780 0.9130225075412023 0.4990885488652823 0
781 1.013076609671117 0.5601212167077159 0
782 1.121135040111498 0.6260364980629888 0
783 1.237838145301607 0.6972250021185258 0
784 1.363877498517128 0.7741085862607305 0
785 0.4880425668602336 0.314402277826671 0
786 0.5578974708565696 0.3666594156571397 0
787 0.6333407671762264 0.4230971245167493 0
788 0.7148195270307727 0.4840498499574431 0
789 0.8028165879997449 0.5498787936773131 0
790 0.8978534139969753 0.6209740530075391 0
791 1.00049318602768 0.6977569330495439 0
792 1.111344139964536 0.7806824436024037 0
793 1.231063170538964 0.870241995240842 0
794 1.360359723159475 0.9669663107112196 0
795 0.4575454670405307 0.3702574195086372 0
796 0.5295055702382424 0.4334509387292175 0
797 0.6072224816954938 0.5016999394907132 0
798 0.6911567458934984 0.5754088601587222 0
799 0.7818057515632321 0.6550144947751405 0
800 0.8797066778418277 0.740988580297238 0
801 0.9854396781750121 0.8338405926192156 0
802 1.099631318682875 0.9341207660569418 0
803 1.222958290763714 1.042423353661545 0
804 1.3561514201991 1.159390147912779 0
805 1.619695990072399 1.595145950659943 0
806 1.973716596442038 1.696000658288523 0
807 2.348978436537408 1.802906647618045 0
808 2.746755982739721 1.916226995082687 0
809 3.168400181191047 2.036346563246177 0
810 3.615343031421514 2.163673305463032 0
811 4.089102455541807 2.298639653032223 0
812 4.591287447351651 2.441703982094371 0
813 5.123603535183699 2.593352169907034 0
814 5.68785858670164 2.754099248537195 0
815 6.285968941516459 2.92449115194379 0
816 6.919965916384651 3.105106569202808 0
817 7.592002714052219 3.296558912724511 0
818 8.304361723083558 3.499498397855832 0
819 9.059462271586769 3.71461425178998 0
820 9.859868849920058 3.942637056082681 0
821 10.7082998218262 4.184341228311681 0
822 11.60763665450728 4.440547651575293 0
823 12.56093370003986 4.712126461058205 0
824 1.372400456170732 1.595145950659943 0
825 1.691430653771233 1.696000658288533 0
826 2.029602660833867 1.802906647618067 0
827 2.388064984446362 1.916226995082723 0
828 2.768035047004182 2.03634656324623 0
829 3.170803313200177 2.163673305463102 0
830 3.597737677959674 2.298639653032313 0
831 4.050288106625445 2.441703982094483 0
832 4.52999155786936 2.59335216990717 0
833 5.038477214760441 2.754099248537359 0
834 5.577472011250454 2.924491151943977 0
835 6.148806494416455 3.105106569203027 0
836 6.754421050453927 3.296558912724816 0
837 7.396372483010923 3.499498397856356 0
838 8.076841000557284 3.71461425179056 0
839 8.798137626380763 3.942637056083305 0
840 9.562712048738041 4.18434122831223 0
841 10.3731609386542 4.44054765157568 0
842 11.2322367645703 4.712126461058408 0
843 1.125104922269065 1.595145950659944 0
844 1.409144711100427 1.696000658288542 0
845 1.710226885130329 1.802906647618089 0
846 2.029373986153002 1.916226995082759 0
847 2.367669912817317 2.036346563246282 0
848 2.72626359497884 2.163673305463172 0
849 3.10637290037754 2.298639653032403 0
850 3.50928876589924 2.441703982094595 0
851 3.936379580555023 2.593352169907307 0
852 4.389095842819245 2.754099248537522 0
853 4.868975080984448 2.924491151944163 0
854 5.377647072448263 3.105106569203246 0
855 5.916839386855639 3.29655891272512 0
856 6.488383242938292 3.499498397856879 0
857 7.094219729527801 3.714614251791142 0
858 7.736406402841465 3.942637056083929 0
859 8.417124275649872 4.184341228312779 0
860 9.138685222801135 4.440547651576067 0
861 9.903539829100742 4.712126461058614 0
862 0.8778093883673967 1.595145950659944 0
863 1.126858768429622 1.696000658288551 0
864 1.390851109426789 1.802906647618111 0
865 1.670682987859642 1.916226995082795 0
866 1.967304778630452 2.036346563246334 0
867 2.281723876757503 2.163673305463243 0
868 2.615008122795406 2.298639653032493 0
869 2.968289425173034 2.441703982094707 0
870 3.342767603240685 2.593352169907443 0
871 3.739714470878045 2.754099248537685 0
872 4.160478150718443 2.924491151944351 0
873 4.606487650480068 3.105106569203465 0
874 5.079257723257347 3.296558912725426 0
875 5.58039400286566 3.499498397857404 0
876 6.111598458498317 3.714614251791723 0
877 6.674675179302164 3.942637056084553 0
878 7.271536502561705 4.184341228313328 0
879 7.904209506948064 4.440547651576455 0
880 8.574842893631184 4.712126461058821 0
881 0.6305138544657511 1.595145950659944 0
882 0.8445728257588624 1.69600065828856 0
883 1.071475333723321 1.802906647618132 0
884 1.311991989566382 1.916226995082832 0
885 1.566939644443714 2.036346563246387 0
886 1.837184158536325 2.163673305463313 0
887 2.123643345213464 2.298639653032583 0
888 2.427290084447055 2.441703982094819 0
889 2.749155625926611 2.593352169907579 0
890 3.090333098937149 2.754099248537848 0
891 3.451981220452779 2.924491151944538 0
892 3.835328228512261 3.105106569203683 0
893 4.241676059659488 3.29655891272573 0
894 4.67240476279351 3.499498397857928 0
895 5.128977187469365 3.714614251792304 0
896 5.612943955763454 3.942637056085176 0
897 6.125948729474187 4.184341228313877 0
898 6.669733791095703 4.440547651576842 0
899 7.246145958162399 4.712126461059026 0
900 0.3832183205641924 1.595145950659945 0
901 0.5622868830882812 1.69600065828857 0
902 0.7520995580201291 1.802906647618154 0
903 0.9533009912734998 1.916226995082868 0
904 1.166574510257465 2.036346563246439 0
905 1.392644440315749 2.163673305463383 0
906 1.632278567632246 2.298639653032673 0
907 1.88629074372193 2.441703982094931 0
908 2.155543648613527 2.593352169907716 0
909 2.44095172699739 2.75409924853801 0
910 2.743484290188407 2.924491151944725 0
911 3.064168806545909 3.105106569203903 0
912 3.404094396063259 3.296558912726035 0
913 3.764415522723172 3.499498397858452 0
914 4.14635591644242 3.714614251792885 0
915 4.551212732226956 3.942637056085801 0
916 4.980360956389098 4.184341228314426 0
917 5.435258075246004 4.44054765157723 0
918 5.917449022696522 4.712126461059229 0
919 0.1359227866624819 1.595145950659945 0
920 0.2800009404174341 1.696000658288578 0
921 0.4327237823165491 1.802906647618176 0
922 0.5946099929801016 1.916226995082904 0
923 0.7662093760705614 2.036346563246492 0
924 0.9481047220943761 2.163673305463453 0
925 1.140913790050077 2.298639653032764 0
926 1.345291402995692 2.441703982095043 0
927 1.561931671299158 2.593352169907853 0
928 1.791570355056164 2.754099248538174 0
929 2.034987359922375 2.924491151944913 0
930 2.293009384577691 3.105106569204121 0
931 2.566512732464946 3.296558912726339 0
932 2.856426282650521 3.499498397858975 0
933 3.16373464541292 3.714614251793466 0
934 3.489481508687643 3.942637056086426 0
935 3.834773183300923 4.184341228314975 0
936 4.200782359392929 4.440547651577616 0
937 4.588752087226958 4.712126461059435 0
938 -0.111372747240686 1.595145950659945 -0
939 -0.00228500225482739 1.696000658288588 -0
940 0.1133480066116007 1.802906647618197 0
941 0.2359189946853828 1.91622699508294 0
942 0.3658442418823905 2.036346563246544 0
943 0.503565003871789 2.163673305463523 0
944 0.6495490124667531 2.298639653032853 0
945 0.804292062268359 2.441703982095156 0
946 0.9683196939837613 2.593352169907988 0
947 1.142188983113976 2.754099248538337 0
948 1.326490429655455 2.924491151945099 0
949 1.521849962608661 3.10510656920434 0
950 1.728931068865905 3.296558912726644 0
951 1.948437042577229 3.499498397859498 0
952 2.18111337438287 3.714614251794047 0
953 2.427750285147877 3.942637056087049 0
954 2.689185410212398 4.184341228315523 0
955 2.966306643539611 4.440547651578004 0
956 3.260055151757271 4.712126461059641 0
957 -0.3586682811438959 1.595145950659945 -0
958 -0.2845709449271299 1.696000658288596 -0
959 -0.2060277690933873 1.802906647618219 -0
960 -0.1227720036093738 1.916226995082976 -0
961 -0.03452089230581762 2.036346563246596 -0
962 0.05902528564916681 2.163673305463593 0
963 0.1581842348833952 2.298639653032944 0
964 0.2632927215409946 2.441703982095268 0
965 0.3747077166683326 2.593352169908124 0
966 0.4928076111717605 2.754099248538501 0
967 0.6179934993885079 2.924491151945288 0
968 0.7506905406396087 3.10510656920456 0
969 0.8913494052668414 3.296558912726948 0
970 1.040447802503917 3.499498397860022 0
971 1.198492103352802 3.714614251794627 0
972 1.366019061608098 3.942637056087674 0
973 1.54359763712386 4.184341228316073 0
974 1.731830927686288 4.440547651578391 0
975 1.931358216287581 4.712126461059847 0
976 -0.6059638150471059 1.595145950659946 -0
977 -0.5668568875994318 1.696000658288606 -0
978 -0.5254035447983747 1.802906647618241 -0
979 -0.4814630019041298 1.916226995083012 -0
980 -0.4348860264940255 2.036346563246649 -0
981 -0.3855144325734549 2.163673305463663 -0
982 -0.333180542699962 2.298639653033034 -0
983 -0.2777066191863687 2.44170398209538 -0
984 -0.2189042606470945 2.593352169908262 -0
985 -0.1565737607704538 2.754099248538663 -0
986 -0.0905034308784381 2.924491151945474 -0
987 -0.02046888132944297 3.105106569204778 -0
988 0.05376774166778048 3.296558912727254 0
989 0.132458562430606 3.499498397860546 0
990 0.2158708323227364 3.714614251795209 0
991 0.3042878380683212 3.942637056088298 0
992 0.3980098640353267 4.184341228316621 0
993 0.4973552118329658 4.440547651578778 0
994 0.6026612808178915 4.71212646106005 0
995 -0.8532593489503164 1.595145950659946 -0
996 -0.8491428302717349 1.696000658288615 -0
997 -0.844779320503364 1.802906647618263 -0
998 -0.8401540001988876 1.916226995083048 -0
999 -0.8352511606822344 2.036346563246702 -0
1000 -0.8300541507960784 2.163673305463734 -0
1001 -0.8245453202833208 2.298639653033123 -0
1002 -0.818705959913735 2.441703982095492 -0
1003 -0.8125162379625235 2.593352169908398 -0
1004 -0.8059551327126706 2.754099248538827 -0
1005 -0.7990003611453858 2.924491151945663 -0
1006 -0.791628303298497 3.105106569204997 -0
1007 -0.7838139219312841 3.296558912727557 -0
1008 -0.7755306776427073 3.49949839786107 -0
1009 -0.7667504387073327 3.714614251795789 -0
1010 -0.7574433854714602 3.942637056088922 -0
1011 -0.7475779090532104 4.184341228317169 -0
1012 -0.7371205040203601 4.440547651579167 -0
1013 -0.7260356546518025 4.712126461060255 -0
1014 -1.100554882853527 1.595145950659946 -0
1015 -1.131428772944038 1.696000658288624 -0
1016 -1.164155096208352 1.802906647618285 -0
1017 -1.198844998493643 1.916226995083085 -0
1018 -1.235616294870442 2.036346563246753 -0
1019 -1.2745938690187 2.163673305463804 -0
1020 -1.315910097866679 2.298639653033214 -0
1021 -1.359705300641099 2.441703982095604 -0
1022 -1.406128215277951 2.593352169908534 -0
1023 -1.455336504654885 2.754099248538989 -0
1024 -1.507497291412332 2.924491151945849 -0
1025 -1.562787725267548 3.105106569205215 -0
1026 -1.621395585530347 3.296558912727863 -0
1027 -1.683519917716019 3.499498397861594 -0
1028 -1.749371709737399 3.71461425179637 -0
1029 -1.819174609011238 3.942637056089546 -0
1030 -1.893165682141746 4.184341228317719 -0
1031 -1.971596219873683 4.440547651579554 -0
1032 -2.054732590121491 4.712126461060461 -0
1033 -1.347850416756736 1.595145950659947 -0
1034 -1.41371471561634 1.696000658288633 -0
1035 -1.48353087191334 1.802906647618306 -0
1036 -1.557535996788401 1.916226995083121 -0
1037 -1.63598142905865 2.036346563246805 -0
1038 -1.719133587241322 2.163673305463874 -0
1039 -1.807274875450037 2.298639653033304 -0
1040 -1.900704641368463 2.441703982095716 -0
1041 -1.999740192593379 2.59335216990867 -0
1042 -2.104717876597102 2.754099248539152 -0
1043 -2.215994221679277 2.924491151946036 -0
1044 -2.333947147236602 3.105106569205435 -0
1045 -2.458977249129409 3.296558912728167 -0
1046 -2.59150915778933 3.499498397862118 -0
1047 -2.731992980767465 3.714614251796952 -0
1048 -2.880905832551017 3.94263705609017 -0
1049 -3.038753455230282 4.184341228318268 -0
1050 -3.206071935727007 4.440547651579942 -0
1051 -3.383429525591182 4.712126461060667 -0
1052 -1.595145950659947 1.367267957709273 0
1053 -1.696000658288642 1.453714849962393 0
1054 -1.802906647618328 1.545348555102072 0
1055 -1.916226995083157 1.642480281500443 0
1056 -2.036346563246858 1.745439911354986 0
1057 -2.163673305463945 1.854577118969571 0
1058 -2.298639653033394 1.97026255974332 0
1059 -2.441703982095828 2.092889127511052 0
1060 -2.593352169908806 2.222873288493533 0
1061 -2.754099248539316 2.360656498748178 0
1062 -2.924491151946223 2.506706701668302 0
1063 -3.105106569205654 2.661519916462014 0
1064 -3.296558912728471 2.825621925195766 0
1065 -3.499498397862641 2.999570055310671 0
1066 -3.714614251797534 3.183955072969047 0
1067 -3.942637056090794 3.37940319093459 0
1068 -4.184341228318817 3.586578195701351 0
1069 -4.44054765158033 3.806183701353953 0
1070 -4.712126461060873 4.038965538051432 0
1071 -1.595145950659947 1.139389964758621 0
1072 -1.696000658288642 1.211429041636187 0
1073 -1.802906647618328 1.287790462585885 0
1074 -1.916226995083157 1.368733567917822 0
1075 -2.036346563246858 1.454533259463235 0
1076 -2.163673305463945 1.545480932475347 0
1077 -2.298639653033394 1.641885466453427 0
1078 -2.441703982095828 1.744074272926489 0
1079 -2.593352169908806 1.852394407078506 0
1080 -2.754099248539316 1.967213748957324 0
1081 -2.924491151946223 2.088922251390704 0
1082 -3.105106569205654 2.217933263718737 0
1083 -3.296558912728472 2.354684937663467 0
1084 -3.499498397862641 2.499641712759154 0
1085 -3.714614251797533 2.653295894141062 0
1086 -3.942637056090794 2.816169325778939 0
1087 -4.184341228318817 2.988815163084495 0
1088 -4.44054765158033 3.171819751128244 0
1089 -4.712126461060872 3.365804615042719 0
1090 -1.595145950659947 0.9115119718080344 0
1091 -1.696000658288642 0.9691432333101151 0
1092 -1.802906647618328 1.030232370069904 0
1093 -1.916226995083157 1.094986854335485 0
1094 -2.036346563246858 1.16362660757185 0
1095 -2.163673305463945 1.236384745981575 0
1096 -2.298639653033394 1.313508373164077 0
1097 -2.441703982095828 1.395259418342567 0
1098 -2.593352169908806 1.481915525664223 0
1099 -2.754099248539316 1.573770999167323 0
1100 -2.924491151946223 1.671137801114075 0
1101 -3.105106569205653 1.774346610976552 0
1102 -3.296558912728472 1.88374795013239 0
1103 -3.499498397862641 1.999713370208996 0
1104 -3.714614251797533 2.122636715314584 0
1105 -3.942637056090794 2.252935460624951 0
1106 -4.184341228318817 2.39105213046946 0
1107 -4.44054765158033 2.537455800904532 0
1108 -4.712126461060872 2.692643692036188 0
1109 -1.595145950659947 0.683633978857447 0
1110 -1.696000658288642 0.7268574249840432 0
1111 -1.802906647618328 0.7726742775539219 0
1112 -1.916226995083157 0.8212401407531482 0
1113 -2.036346563246858 0.8727199556804638 0
1114 -2.163673305463945 0.9272885594878024 0
1115 -2.298639653033394 0.985131279874726 0
1116 -2.441703982095828 1.046444563758644 0
1117 -2.593352169908806 1.111436644249939 0
1118 -2.754099248539316 1.180328249377321 0
1119 -2.924491151946223 1.253353350837445 0
1120 -3.105106569205653 1.330759958234366 0
1121 -3.296558912728471 1.412810962601312 0
1122 -3.499498397862641 1.499785027658838 0
1123 -3.714614251797533 1.591977536488105 0
1124 -3.942637056090794 1.68970159547096 0
1125 -4.184341228318817 1.793289097854428 0
1126 -4.44054765158033 1.903091850680822 0
1127 -4.712126461060872 2.01948276902966 0
1128 -1.595145950659947 0.4557559859068587 0
1129 -1.696000658288642 0.4845716166579703 0
1130 -1.802906647618328 0.5151161850379397 0
1131 -1.916226995083157 0.5474934271708105 0
1132 -2.036346563246858 0.581813303789077 0
1133 -2.163673305463945 0.6181923729940295 0
1134 -2.298639653033394 0.656754186585375 0
1135 -2.441703982095828 0.697629709174721 0
1136 -2.593352169908806 0.7409577628356556 0
1137 -2.754099248539316 0.7868854995873188 0
1138 -2.924491151946223 0.835568900560815 0
1139 -3.105106569205654 0.8871733054921807 0
1140 -3.296558912728472 0.9418739750702344 0
1141 -3.499498397862641 0.999856685108681 0
1142 -3.714614251797534 1.061318357661626 0
1143 -3.942637056090794 1.126467730316969 0
1144 -4.184341228318817 1.195526065239396 0
1145 -4.44054765158033 1.268727900457111 0
1146 -4.712126461060873 1.34632184602313 0
1147 -1.595145950659947 0.2278779929562392 0
1148 -1.696000658288642 0.2422858083318326 0
1149 -1.802906647618328 0.2575580925218567 0
1150 -1.916226995083157 0.2737467135883345 0
1151 -2.036346563246858 0.2909066518975122 0
1152 -2.163673305463945 0.3090961865000357 0
1153 -2.298639653033394 0.3283770932957588 0
1154 -2.441703982095828 0.3488148545904848 0
1155 -2.593352169908806 0.3704788814210084 0
1156 -2.754099248539316 0.3934427497968997 0
1157 -2.924491151946223 0.417784450283711 0
1158 -3.105106569205654 0.4435866527494609 0
1159 -3.296558912728471 0.4709369875385587 0
1160 -3.499498397862641 0.4999283425578573 0
1161 -3.714614251797533 0.5306591788344099 0
1162 -3.942637056090795 0.5632338651621662 0
1163 -4.184341228318817 0.5977630326234682 0
1164 -4.44054765158033 0.6343639502324225 0
1165 -4.712126461060874 0.6731609230155327 0
1166 -1.595145950659947 5.52274060228734e-12 0
1167 -1.696000658288642 5.540976907992589e-12 0
1168 -1.802906647618328 5.56046421090503e-12 0
1169 -1.916226995083157 5.581254533644404e-12 0
1170 -2.036346563246858 5.603112419591106e-12 0
1171 -2.163673305463945 5.626333959170154e-12 0
1172 -2.298639653033394 5.650553551875891e-12 0
1173 -2.441703982095828 5.676409507058987e-12 0
1174 -2.593352169908806 5.70382348071094e-12 0
1175 -2.754099248539316 5.733110998643185e-12 0
1176 -2.924491151946223 5.764149106323843e-12 0
1177 -3.105106569205654 5.797153861365788e-12 0
1178 -3.296558912728472 5.831459445442034e-12 0
1179 -3.499498397862641 5.868294099306799e-12 0
1180 -3.714614251797533 5.907560876952591e-12 0
1181 -3.942637056090794 5.949392383026452e-12 0
1182 -4.184341228318817 5.993041000238778e-12 0
1183 -4.44054765158033 6.038877768077311e-12 0
1184 -4.712126461060872 6.088614933189107e-12 0
1185 -1.595145950659947 -0.227877992946651 0
1186 -1.696000658288642 -0.2422858083221642 0
1187 -1.802906647618328 -0.2575580925121038 0
1188 -1.916226995083157 -0.2737467135784915 0
1189 -2.036346563246858 -0.2909066518875744 0
1190 -2.163673305463945 -0.3090961864899968 0
1191 -2.298639653033394 -0.3283770932856128 0
1192 -2.441703982095828 -0.3488148545802253 0
1193 -2.593352169908806 -0.3704788814106289 0
1194 -2.754099248539316 -0.3934427497863928 0
1195 -2.924491151946223 -0.417784450273069 0
1196 -3.105106569205654 -0.4435866527386758 0
1197 -3.296558912728471 -0.4709369875276221 0
1198 -3.499498397862641 -0.4999283425467597 0
1199 -3.714614251797534 -0.5306591788231416 0
1200 -3.942637056090794 -0.5632338651507172 0
1201 -4.184341228318817 -0.5977630326118279 0
1202 -4.44054765158033 -0.6343639502205785 0
1203 -4.712126461060872 -0.6731609230034736 0
1204 -1.595145950659947 -0.455755985898867 0
1205 -1.696000658288642 -0.4845716166499105 0
1206 -1.802906647618328 -0.5151161850298078 0
1207 -1.916226995083157 -0.5474934271626024 0
1208 -2.036346563246858 -0.5818133037807883 0
1209 -2.163673305463945 -0.6181923729856547 0
1210 -2.298639653033394 -0.6567541865769098 0
1211 -2.441703982095828 -0.6976297091661597 0
1212 -2.593352169908806 -0.7409577628269922 0
1213 -2.754099248539316 -0.7868854995785468 0
1214 -2.924491151946223 -0.8355689005519287 0
1215 -3.105106569205654 -0.8871733054831723 0
1216 -3.296558912728471 -0.9418739750610972 0
1217 -3.499498397862641 -0.9998566850994073 0
1218 -3.714614251797534 -1.061318357652207 0
1219 -3.942637056090794 -1.126467730307397 0
1220 -4.184341228318817 -1.19552606522966 0
1221 -4.44054765158033 -1.268727900447205 0
1222 -4.712126461060872 -1.346321846013041 0
1223 -1.595145950659947 -0.6836339788510822 0
1224 -1.696000658288642 -0.7268574249776564 0
1225 -1.802906647618328 -0.7726742775475114 0
1226 -1.916226995083157 -0.8212401407467128 0
1227 -2.036346563246858 -0.872719955674002 0
1228 -2.163673305463945 -0.9272885594813123 0
1229 -2.298639653033394 -0.9851312798682063 0
1230 -2.441703982095828 -1.046444563752093 0
1231 -2.593352169908806 -1.111436644243355 0
1232 -2.754099248539316 -1.180328249370701 0
1233 -2.924491151946223 -1.253353350830787 0
1234 -3.105106569205653 -1.330759958227668 0
1235 -3.296558912728472 -1.412810962594572 0
1236 -3.499498397862641 -1.499785027652053 0
1237 -3.714614251797534 -1.591977536481272 0
1238 -3.942637056090795 -1.689701595464077 0
1239 -4.184341228318818 -1.793289097847492 0
1240 -4.44054765158033 -1.903091850673829 0
1241 -4.712126461060872 -2.019482769022606 0
1242 -1.595145950659947 -0.9115119718032992 0
1243 -1.696000658288642 -0.9691432333054032 0
1244 -1.802906647618328 -1.030232370065216 0
1245 -1.916226995083157 -1.094986854330824 0
1246 -2.036346563246858 -1.163626607567216 0
1247 -2.163673305463945 -1.236384745976971 0
1248 -2.298639653033394 -1.313508373159503 0
1249 -2.441703982095829 -1.395259418338027 0
1250 -2.593352169908806 -1.481915525659718 0
1251 -2.754099248539316 -1.573770999162854 0
1252 -2.924491151946223 -1.671137801109646 0
1253 -3.105106569205654 -1.774346610972165 0
1254 -3.296558912728472 -1.883747950128047 0
1255 -3.499498397862641 -1.9997133702047 0
1256 -3.714614251797533 -2.122636715310337 0
1257 -3.942637056090794 -2.252935460620755 0
1258 -4.184341228318816 -2.391052130465323 0
1259 -4.44054765158033 -2.537455800900454 0
1260 -4.712126461060872 -2.692643692032172 0
1261 -1.595145950659947 -1.139389964755514 0
1262 -1.696000658288643 -1.211429041633149 0
1263 -1.802906647618328 -1.28779046258292 0
1264 -1.916226995083157 -1.368733567914935 0
1265 -2.036346563246858 -1.454533259460429 0
1266 -2.163673305463945 -1.545480932472629 0
1267 -2.298639653033394 -1.6418854664508 0
1268 -2.441703982095828 -1.74407427292396 0
1269 -2.593352169908806 -1.85239440707608 0
1270 -2.754099248539316 -1.967213748955008 0
1271 -2.924491151946223 -2.088922251388504 0
1272 -3.105106569205654 -2.21793326371666 0
1273 -3.296558912728471 -2.354684937661521 0
1274 -3.499498397862641 -2.499641712757347 0
1275 -3.714614251797533 -2.653295894139402 0
1276 -3.942637056090794 -2.816169325777435 0
1277 -4.184341228318817 -2.988815163083153 0
1278 -4.44054765158033 -3.171819751127079 0
1279 -4.712126461060873 -3.365804615041739 0
1280 -1.595145950659947 -1.36726795770773 0
1281 -1.696000658288642 -1.453714849960896 0
1282 -1.802906647618328 -1.545348555100623 0
1283 -1.916226995083157 -1.642480281499046 0
1284 -2.036346563246858 -1.745439911353644 0
1285 -2.163673305463945 -1.854577118968286 0
1286 -2.298639653033394 -1.970262559742098 0
1287 -2.441703982095828 -2.092889127509895 0
1288 -2.593352169908806 -2.222873288492444 0
1289 -2.754099248539316 -2.360656498747161 0
1290 -2.924491151946223 -2.506706701667365 0
1291 -3.105106569205653 -2.661519916461157 0
1292 -3.296558912728472 -2.825621925194997 0
1293 -3.499498397862641 -2.999570055309995 0
1294 -3.714614251797534 -3.183955072968468 0
1295 -3.942637056090794 -3.379403190934115 0
1296 -4.184341228318817 -3.586578195700985 0
1297 -4.44054765158033 -3.806183701353705 0
1298 -4.712126461060872 -4.038965538051306 0
1299 -1.347850416758311 -1.595145950659947 0
1300 -1.413714715617903 -1.696000658288633 0
1301 -1.483530871914892 -1.802906647618306 0
1302 -1.55753599678994 -1.916226995083121 0
1303 -1.635981429060176 -2.036346563246805 0
1304 -1.719133587242834 -2.163673305463874 0
1305 -1.807274875451534 -2.298639653033304 0
1306 -1.900704641369945 -2.441703982095716 0
1307 -1.999740192594843 -2.59335216990867 0
1308 -2.104717876598548 -2.754099248539152 0
1309 -2.215994221680706 -2.924491151946035 0
1310 -2.333947147238009 -3.105106569205435 0
1311 -2.458977249130796 -3.296558912728167 0
1312 -2.591509157790695 -3.499498397862118 0
1313 -2.731992980768807 -3.714614251796952 0
1314 -2.880905832552332 -3.94263705609017 0
1315 -3.03875345523157 -4.184341228318268 0
1316 -3.206071935728268 -4.440547651579943 0
1317 -3.383429525592412 -4.712126461060667 0
1318 -1.100554882856703 -1.595145950659946 0
1319 -1.13142877294722 -1.696000658288624 0
1320 -1.16415509621154 -1.802906647618285 0
1321 -1.198844998496838 -1.916226995083085 0
1322 -1.235616294873643 -2.036346563246753 0
1323 -1.274593869021908 -2.163673305463804 0
1324 -1.315910097869894 -2.298639653033214 0
1325 -1.359705300644322 -2.441703982095604 0
1326 -1.406128215281182 -2.593352169908534 0
1327 -1.455336504658126 -2.75409924853899 0
1328 -1.50749729141558 -2.924491151945849 0
1329 -1.562787725270808 -3.105106569205215 0
1330 -1.621395585533616 -3.296558912727861 0
1331 -1.6835199177193 -3.499498397861594 0
1332 -1.749371709740692 -3.714614251796371 0
1333 -1.819174609014543 -3.942637056089546 0
1334 -1.893165682145065 -4.184341228317719 0
1335 -1.971596219877016 -4.440547651579555 0
1336 -2.054732590124839 -4.712126461060462 0
1337 -0.8532593489551595 -1.595145950659946 0
1338 -0.8491428302766684 -1.696000658288615 0
1339 -0.8447793205083937 -1.802906647618263 0
1340 -0.8401540002040189 -1.916226995083048 0
1341 -0.8352511606874736 -2.036346563246701 0
1342 -0.8300541508014325 -2.163673305463734 0
1343 -0.8245453202887962 -2.298639653033123 0
1344 -0.8187059599193384 -2.441703982095492 0
1345 -0.8125162379682633 -2.593352169908398 0
1346 -0.8059551327185557 -2.754099248538827 0
1347 -0.7990003611514233 -2.924491151945662 0
1348 -0.7916283033046971 -3.105106569204997 0
1349 -0.7838139219376568 -3.296558912727558 0
1350 -0.7755306776492625 -3.49949839786107 0
1351 -0.7667504387140809 -3.714614251795789 0
1352 -0.7574433854784126 -3.942637056088922 0
1353 -0.7475779090603818 -4.184341228317169 0
1354 -0.7371205040277604 -4.440547651579168 0
1355 -0.7260356546594471 -4.712126461060256 0
1356 -0.6059638150536154 -1.595145950659946 0
1357 -0.5668568876061172 -1.696000658288605 0
1358 -0.525403544805247 -1.802906647618241 0
1359 -0.4814630019111997 -1.916226995083012 0
1360 -0.4348860265013045 -2.036346563246648 0
1361 -0.3855144325809563 -2.163673305463663 0
1362 -0.3331805427076988 -2.298639653033034 0
1363 -0.2777066191943558 -2.44170398209538 0
1364 -0.2189042606553452 -2.593352169908261 0
1365 -0.1565737607789853 -2.754099248538663 0
1366 -0.09050343088726637 -2.924491151945474 0
1367 -0.02046888133858688 -3.105106569204779 0
1368 0.05376774165830206 -3.296558912727254 0
1369 0.1324585624207742 -3.499498397860545 0
1370 0.2158708323125297 -3.714614251795208 0
1371 0.3042878380577156 -3.942637056088298 0
1372 0.3980098640242995 -4.184341228316621 0
1373 0.4973552118214921 -4.440547651578778 0
1374 0.6026612808059433 -4.712126461060049 0
1375 -0.3586682811520703 -1.595145950659946 0
1376 -0.2845709449355652 -1.696000658288597 0
1377 -0.2060277691020996 -1.802906647618219 0
1378 -0.1227720036183795 -1.916226995082976 0
1379 -0.0345208923151345 -2.036346563246596 0
1380 0.05902528563951998 -2.163673305463593 0
1381 0.1581842348733992 -2.298639653032944 0
1382 0.2632927215306284 -2.441703982095268 0
1383 0.3747077166575736 -2.593352169908125 0
1384 0.4928076111605854 -2.754099248538501 0
1385 0.617993499376891 -2.924491151945287 0
1386 0.750690540627525 -3.105106569204559 0
1387 0.8913494052542612 -3.296558912726948 0
1388 1.040447802490811 -3.499498397860021 0
1389 1.198492103339139 -3.714614251794627 0
1390 1.366019061593845 -3.942637056087673 0
1391 1.543597637108982 -4.184341228316072 0
1392 1.731830927670746 -4.440547651578391 0
1393 1.931358216271334 -4.712126461059847 0
1394 -0.1113727472504624 -1.595145950659945 0
1395 -0.002285002264882985 -1.696000658288588 0
1396 0.113348006601249 -1.802906647618198 0
1397 0.2359189946747176 -1.91622699508294 0
1398 0.3658442418713921 -2.036346563246544 0
1399 0.503565003860438 -2.163673305463523 0
1400 0.6495490124550285 -2.298639653032853 0
1401 0.8042920622562387 -2.441703982095155 0
1402 0.9683196939712203 -2.593352169907988 0
1403 1.142188983100991 -2.754099248538338 0
1404 1.326490429641997 -2.924491151945099 0
1405 1.521849962594704 -3.10510656920434 0
1406 1.728931068851417 -3.296558912726645 0
1407 1.948437042562178 -3.499498397859498 0
1408 2.181113374367225 -3.714614251794047 0
1409 2.427750285131601 -3.942637056087049 0
1410 2.689185410195451 -4.184341228315524 0
1411 2.966306643521956 -4.440547651578004 0
1412 3.260055151738864 -4.712126461059642 0
1413 0.135922786651297 -1.595145950659945 0
1414 0.2800009404060649 -1.696000658288578 0
1415 0.4327237823049848 -1.802906647618176 0
1416 0.5946099929683299 -1.916226995082903 0
1417 0.7662093760585706 -2.036346563246492 0
1418 0.9481047220821527 -2.163673305463453 0
1419 1.140913790037608 -2.298639653032764 0
1420 1.345291402982961 -2.441703982095043 0
1421 1.561931671286151 -2.593352169907853 0
1422 1.791570355042863 -2.754099248538174 0
1423 2.034987359908762 -2.924491151944912 0
1424 2.293009384563748 -3.105106569204121 0
1425 2.566512732450653 -3.296558912726339 0
1426 2.856426282635858 -3.499498397858975 0
1427 3.163734645397865 -3.714614251793466 0
1428 3.489481508672172 -3.942637056086426 0
1429 3.834773183285009 -4.184341228314975 0
1430 4.200782359376548 -4.440547651577617 0
1431 4.588752087210081 -4.712126461059435 0
1432 0.3832183205545137 -1.595145950659945 0
1433 0.5622868830784271 -1.69600065828857 0
1434 0.7520995580100884 -1.802906647618154 0
1435 0.9533009912632618 -1.916226995082868 0
1436 1.166574510247017 -2.03634656324644 0
1437 1.39264444030508 -2.163673305463383 0
1438 1.632278567621341 -2.298639653032673 0
1439 1.886290743710776 -2.441703982094931 0
1440 2.15554364860211 -2.593352169907716 0
1441 2.440951726985692 -2.75409924853801 0
1442 2.743484290176412 -2.924491151944725 0
1443 3.0641688065336 -3.105106569203902 0
1444 3.404094396050617 -3.296558912726035 0
1445 3.764415522710177 -3.499498397858452 0
1446 4.146355916429051 -3.714614251792885 0
1447 4.551212732213188 -3.942637056085801 0
1448 4.980360956374909 -4.184341228314425 0
1449 5.435258075231371 -4.440547651577229 0
1450 5.917449022681414 -4.712126461059229 0
1451 0.6305138544577725 -1.595145950659944 0
1452 0.8445728257508296 -1.69600065828856 0
1453 1.071475333715231 -1.802906647618132 0
1454 1.311991989558231 -1.916226995082831 0
1455 1.5669396444355 -2.036346563246387 0
1456 1.837184158528042 -2.163673305463313 0
1457 2.123643345205107 -2.298639653032583 0
1458 2.427290084438623 -2.441703982094819 0
1459 2.749155625918097 -2.593352169907579 0
1460 3.09033309892855 -2.754099248537847 0
1461 3.451981220444089 -2.924491151944538 0
1462 3.835328228503473 -3.105106569203683 0
1463 4.241676059650598 -3.29655891272573 0
1464 4.672404762784511 -3.499498397857927 0
1465 5.128977187460253 -3.714614251792304 0
1466 5.612943955754217 -3.942637056085177 0
1467 6.125948729464819 -4.184341228313877 0
1468 6.669733791086201 -4.440547651576842 0
1469 7.246145958152752 -4.712126461059024 0
1470 0.8778093883610311 -1.595145950659944 0
1471 1.126858768423232 -1.696000658288551 0
1472 1.390851109420374 -1.80290664761811 0
1473 1.6706829878532 -1.916226995082795 0
1474 1.967304778623982 -2.036346563246334 0
1475 2.281723876751003 -2.163673305463242 0
1476 2.615008122788875 -2.298639653032494 0
1477 2.968289425166469 -2.441703982094707 0
1478 3.342767603234084 -2.593352169907443 0
1479 3.739714470871407 -2.754099248537684 0
1480 4.160478150711763 -2.924491151944351 0
1481 4.606487650473347 -3.105106569203465 0
1482 5.07925772325058 -3.296558912725426 0
1483 5.580394002858845 -3.499498397857403 0
1484 6.11159845849145 -3.714614251791723 0
1485 6.674675179295243 -3.942637056084553 0
1486 7.271536502554729 -4.184341228313328 0
1487 7.904209506941025 -4.440547651576455 0
1488 8.574842893624085 -4.71212646105882 0
1489 1.12510492226429 -1.595145950659944 0
1490 1.409144711095635 -1.696000658288543 0
1491 1.710226885125518 -1.802906647618089 0
1492 2.029373986148172 -1.916226995082759 0
1493 2.367669912812465 -2.036346563246282 0
1494 2.726263594973967 -2.163673305463172 0
1495 3.106372900372641 -2.298639653032403 0
1496 3.509288765894317 -2.441703982094595 0
1497 3.936379580550072 -2.593352169907307 0
1498 4.389095842814266 -2.754099248537521 0
1499 4.868975080979441 -2.924491151944163 0
1500 5.377647072443222 -3.105106569203246 0
1501 5.916839386850564 -3.29655891272512 0
1502 6.488383242933181 -3.49949839785688 0
1503 7.094219729522653 -3.714614251791142 0
1504 7.736406402836275 -3.942637056083929 0
1505 8.417124275644639 -4.184341228312779 0
1506 9.138685222795859 -4.440547651576067 0
1507 9.903539829095418 -4.712126461058614 0
1508 1.372400456167549 -1.595145950659944 0
1509 1.691430653768037 -1.696000658288533 0
1510 2.029602660830661 -1.802906647618067 0
1511 2.38806498444314 -1.916226995082723 0
1512 2.768035047000946 -2.03634656324623 0
1513 3.170803313196927 -2.163673305463102 0
1514 3.597737677956408 -2.298639653032313 0
1515 4.050288106622164 -2.441703982094483 0
1516 4.52999155786606 -2.593352169907171 0
1517 5.038477214757122 -2.754099248537358 0
1518 5.577472011247115 -2.924491151943976 0
1519 6.148806494413098 -3.105106569203027 0
1520 6.754421050450547 -3.296558912724817 0
1521 7.396372483007519 -3.499498397856356 0
1522 8.076841000553856 -3.714614251790561 0
1523 8.798137626377308 -3.942637056083305 0
1524 9.562712048734552 -4.18434122831223 0
1525 10.37316093865069 -4.44054765157568 0
1526 11.23223676456676 -4.712126461058411 0
1527 1.619695990070808 -1.595145950659943 0
1528 1.973716596440442 -1.696000658288523 0
1529 2.348978436535805 -1.802906647618045 0
1530 2.746755982738111 -1.916226995082687 0
1531 3.168400181189429 -2.036346563246177 0
1532 3.61534303141989 -2.163673305463032 0
1533 4.089102455540175 -2.298639653032223 0
1534 4.59128744735001 -2.441703982094372 0
1535 5.123603535182048 -2.593352169907033 0
1536 5.68785858669998 -2.754099248537195 0
1537 6.285968941514791 -2.92449115194379 0
1538 6.919965916382972 -3.105106569202808 0
1539 7.592002714050527 -3.296558912724511 0
1540 8.304361723081852 -3.499498397855831 0
1541 9.059462271585053 -3.71461425178998 0
1542 9.859868849918335 -3.942637056082681 0
1543 10.70829982182446 -4.184341228311681 0
1544 11.60763665450552 -4.440547651575292 0
1545 12.56093370003809 -4.712126461058204 0
1546 1.866991523974067 -1.36726795770927 0
1547 2.256002539112844 -1.453714849962283 0
1548 2.668354212240947 -1.545348555101811 0
1549 3.105446981033081 -1.642480281500009 0
1550 3.568765315377912 -1.745439911354358 0
1551 4.059882749642851 -1.854577118968728 0
1552 4.58046723312394 -1.970262559742239 0
1553 5.132286788077856 -2.092889127509707 0
1554 5.717215512498036 -2.222873288491897 0
1555 6.337239958642837 -2.36065649874622 0
1556 6.994465871782465 -2.506706701666056 0
1557 7.691125338352843 -2.661519916459387 0
1558 8.42958437765051 -2.82562192519211 0
1559 9.212350963156187 -2.999570055304386 0
1560 10.04208354261625 -3.183955072962075 0
1561 10.92160007345936 -3.379403190927101 0
1562 11.85388759491437 -3.586578195694765 0
1563 12.84211237036034 -3.806183701349303 0
1564 13.88963063550942 -4.038965538048968 0
1565 1.866991523974067 -1.139389964758619 0
1566 2.256002539112844 -1.211429041636096 0
1567 2.668354212240948 -1.287790462585667 0
1568 3.105446981033081 -1.368733567917461 0
1569 3.568765315377913 -1.454533259462712 0
1570 4.059882749642851 -1.545480932474645 0
1571 4.58046723312394 -1.641885466452526 0
1572 5.132286788077857 -1.744074272925369 0
1573 5.717215512498036 -1.852394407077143 0
1574 6.337239958642837 -1.967213748955692 0
1575 6.994465871782465 -2.088922251388832 0
1576 7.691125338352842 -2.217933263716548 0
1577 8.429584377650512 -2.354684937660421 0
1578 9.212350963156187 -2.499641712753916 0
1579 10.04208354261625 -2.653295894135252 0
1580 10.92160007345936 -2.816169325772698 0
1581 11.85388759491437 -2.988815163079006 0
1582 12.84211237036034 -3.171819751124368 0
1583 13.88963063550942 -3.365804615040666 0
1584 1.866991523974067 -0.9115119718080323 0
1585 2.256002539112844 -0.9691432333100429 0
1586 2.668354212240948 -1.03023237006973 0
1587 3.10544698103308 -1.094986854335196 0
1588 3.568765315377913 -1.163626607571431 0
1589 4.059882749642851 -1.236384745981014 0
1590 4.58046723312394 -1.313508373163356 0
1591 5.132286788077857 -1.39525941834167 0
1592 5.717215512498036 -1.481915525663132 0
1593 6.337239958642838 -1.573770999166017 0
1594 6.994465871782466 -1.671137801112577 0
1595 7.691125338352843 -1.774346610974801 0
1596 8.429584377650512 -1.883747950129953 0
1597 9.212350963156187 -1.999713370204806 0
1598 10.04208354261625 -2.122636715309936 0
1599 10.92160007345936 -2.252935460619957 0
1600 11.85388759491437 -2.391052130465069 0
1601 12.84211237036034 -2.537455800901433 0
1602 13.88963063550942 -2.692643692034548 0
1603 1.866991523974067 -0.6836339788574454 0
1604 2.256002539112844 -0.7268574249839886 0
1605 2.668354212240947 -0.7726742775537914 0
1606 3.10544698103308 -0.8212401407529313 0
1607 3.568765315377913 -0.8727199556801497 0
1608 4.059882749642851 -0.9272885594873811 0
1609 4.58046723312394 -0.9851312798741857 0
1610 5.132286788077856 -1.046444563757972 0
1611 5.717215512498036 -1.111436644249122 0
1612 6.337239958642837 -1.180328249376342 0
1613 6.994465871782465 -1.253353350836321 0
1614 7.691125338352844 -1.330759958233053 0
1615 8.42958437765051 -1.412810962599484 0
1616 9.212350963156187 -1.499785027655696 0
1617 10.04208354261625 -1.591977536484618 0
1618 10.92160007345936 -1.689701595467214 0
1619 11.85388759491437 -1.793289097851134 0
1620 12.84211237036034 -1.903091850678497 0
1621 13.88963063550942 -2.019482769028428 0
1622 1.866991523974066 -0.4557559859068578 0
1623 2.256002539112844 -0.4845716166579336 0
1624 2.668354212240948 -0.5151161850378527 0
1625 3.105446981033081 -0.5474934271706657 0
1626 3.568765315377913 -0.5818133037888676 0
1627 4.059882749642851 -0.6181923729937484 0
1628 4.58046723312394 -0.6567541865850151 0
1629 5.132286788077857 -0.6976297091742723 0
1630 5.717215512498036 -0.7409577628351103 0
1631 6.337239958642837 -0.786885499586666 0
1632 6.994465871782466 -0.8355689005600659 0
1633 7.691125338352844 -0.8871733054913051 0
1634 8.429584377650512 -0.9418739750690157 0
1635 9.212350963156187 -0.9998566851065853 0
1636 10.04208354261625 -1.061318357659302 0
1637 10.92160007345936 -1.126467730314473 0
1638 11.85388759491437 -1.1955260652372 0
1639 12.84211237036034 -1.268727900455561 0
1640 13.88963063550942 -1.346321846022309 0
1641 1.866991523974067 -0.2278779929562387 0
1642 2.256002539112844 -0.2422858083318142 0
1643 2.668354212240947 -0.2575580925218133 0
1644 3.10544698103308 -0.2737467135882619 0
1645 3.568765315377913 -0.2909066518974077 0
1646 4.059882749642854 -0.3090961864998955 0
1647 4.580467233123939 -0.3283770932955786 0
1648 5.132286788077856 -0.3488148545902608 0
1649 5.717215512498035 -0.3704788814207359 0
1650 6.337239958642837 -0.3934427497965736 0
1651 6.994465871782465 -0.4177844502833366 0
1652 7.691125338352842 -0.4435866527490232 0
1653 8.42958437765051 -0.4709369875379493 0
1654 9.212350963156187 -0.4999283425568096 0
1655 10.04208354261625 -0.5306591788332473 0
1656 10.92160007345936 -0.5632338651609181 0
1657 11.85388759491437 -0.5977630326223702 0
1658 12.84211237036034 -0.6343639502316472 0
1659 13.88963063550942 -0.6731609230151223 0
1660 1.866991523974067 -5.522851624589801e-12 0
1661 2.256002539112844 -5.541087930295028e-12 0
1662 2.668354212240948 -5.560575233207436e-12 0
1663 3.105446981033081 -5.581143511341851e-12 0
1664 3.568765315377912 -5.603056908439742e-12 0
1665 4.059882749642851 -5.626444981472436e-12 0
1666 4.58046723312394 -5.650553551875662e-12 0
1667 5.132286788077856 -5.676409507058701e-12 0
1668 5.717215512498035 -5.70393450301306e-12 0
1669 6.337239958642837 -5.733110998642771e-12 0
1670 6.994465871782465 -5.764371150928293e-12 0
1671 7.691125338352842 -5.796931816760308e-12 0
1672 8.42958437765051 -5.831459445441259e-12 0
1673 9.212350963156187 -5.868516143910393e-12 0
1674 10.04208354261625 -5.907116787741266e-12 0
1675 10.92160007345936 -5.949392383024865e-12 0
1676 11.85388759491437 -5.993041000237383e-12 0
1677 12.84211237036034 -6.039321857286176e-12 0
1678 13.88963063550942 -6.089059022398435e-12 0
1679 1.866991523974067 0.2278779929466505 0
1680 2.256002539112844 0.242285808322146 0
1681 2.668354212240947 0.2575580925120602 0
1682 3.105446981033081 0.273746713578419 0
1683 3.568765315377913 0.2909066518874693 0
1684 4.059882749642851 0.3090961864898562 0
1685 4.58046723312394 0.3283770932854324 0
1686 5.132286788077856 0.3488148545800009 0
1687 5.717215512498035 0.3704788814103563 0
1688 6.337239958642837 0.3934427497860664 0
1689 6.994465871782466 0.4177844502726943 0
1690 7.691125338352843 0.4435866527382378 0
1691 8.42958437765051 0.4709369875270125 0
1692 9.212350963156187 0.4999283425457122 0
1693 10.04208354261625 0.5306591788219797 0
1694 10.92160007345936 0.5632338651494686 0
1695 11.85388759491437 0.5977630326107306 0
1696 12.84211237036034 0.6343639502198035 0
1697 13.88963063550942 0.6731609230030628 0
1698 1.866991523974066 0.4557559858988659 0
1699 2.256002539112844 0.4845716166498741 0
1700 2.668354212240947 0.5151161850297208 0
1701 3.105446981033081 0.5474934271624576 0
1702 3.568765315377913 0.5818133037805788 0
1703 4.059882749642851 0.6181923729853739 0
1704 4.58046723312394 0.6567541865765492 0
1705 5.132286788077856 0.6976297091657109 0
1706 5.717215512498036 0.7409577628264471 0
1707 6.337239958642837 0.786885499577894 0
1708 6.994465871782465 0.8355689005511792 0
1709 7.691125338352844 0.8871733054822967 0
1710 8.429584377650512 0.9418739750598787 0
1711 9.212350963156187 0.9998566850973121 0
1712 10.04208354261625 1.061318357649883 0
1713 10.92160007345936 1.126467730304901 0
1714 11.85388759491437 1.195526065227466 0
1715 12.84211237036034 1.268727900445654 0
1716 13.88963063550942 1.346321846012219 0
1717 1.866991523974066 0.683633978851081 0
1718 2.256002539112844 0.7268574249776021 0
1719 2.668354212240947 0.7726742775473808 0
1720 3.10544698103308 0.8212401407464959 0
1721 3.568765315377912 0.872719955673688 0
1722 4.059882749642851 0.9272885594808912 0
1723 4.58046723312394 0.9851312798676657 0
1724 5.132286788077856 1.04644456375142 0
1725 5.717215512498035 1.111436644242537 0
1726 6.337239958642837 1.180328249369721 0
1727 6.994465871782465 1.253353350829663 0
1728 7.691125338352843 1.330759958226355 0
1729 8.42958437765051 1.412810962592744 0
1730 9.212350963156187 1.49978502764891 0
1731 10.04208354261625 1.591977536477787 0
1732 10.92160007345936 1.689701595460332 0
1733 11.85388759491437 1.793289097844198 0
1734 12.84211237036034 1.903091850671504 0
1735 13.88963063550942 2.019482769021375 0
1736 1.866991523974067 0.911511971803297 0
1737 2.256002539112844 0.9691432333053307 0
1738 2.668354212240948 1.030232370065042 0
1739 3.105446981033081 1.094986854330535 0
1740 3.568765315377912 1.163626607566797 0
1741 4.05988274964285 1.236384745976409 0
1742 4.58046723312394 1.313508373158783 0
1743 5.132286788077857 1.39525941833713 0
1744 5.717215512498036 1.481915525658627 0
1745 6.337239958642837 1.57377099916155 0
1746 6.994465871782465 1.671137801108148 0
1747 7.691125338352843 1.774346610970414 0
1748 8.429584377650512 1.883747950125609 0
1749 9.212350963156187 1.99971337020051 0
1750 10.04208354261625 2.12263671530569 0
1751 10.92160007345936 2.252935460615763 0
1752 11.85388759491437 2.391052130460932 0
1753 12.84211237036034 2.537455800897354 0
1754 13.88963063550942 2.69264369203053 0
1755 1.866991523974067 1.139389964755512 0
1756 2.256002539112844 1.211429041633058 0
1757 2.668354212240948 1.287790462582701 0
1758 3.105446981033081 1.368733567914573 0
1759 3.568765315377913 1.454533259459906 0
1760 4.059882749642851 1.545480932471926 0
1761 4.580467233123939 1.6418854664499 0
1762 5.132286788077856 1.744074272922839 0
1763 5.717215512498036 1.852394407074716 0
1764 6.337239958642837 1.967213748953376 0
1765 6.994465871782464 2.088922251386632 0
1766 7.691125338352842 2.217933263714471 0
1767 8.429584377650512 2.354684937658475 0
1768 9.212350963156187 2.499641712752109 0
1769 10.04208354261626 2.653295894133592 0
1770 10.92160007345936 2.816169325771193 0
1771 11.85388759491437 2.988815163077664 0
1772 12.84211237036034 3.171819751123203 0
1773 13.88963063550942 3.365804615039687 0
1774 1.866991523974066 1.367267957707728 0
1775 2.256002539112844 1.453714849960787 0
1776 2.668354212240947 1.545348555100363 0
1777 3.105446981033081 1.642480281498611 0
1778 3.568765315377912 1.745439911353017 0
1779 4.059882749642851 1.854577118967444 0
1780 4.580467233123939 1.970262559741017 0
1781 5.132286788077857 2.092889127508549 0
1782 5.717215512498035 2.222873288490808 0
1783 6.337239958642837 2.360656498745204 0
1784 6.994465871782465 2.506706701665118 0
1785 7.691125338352842 2.66151991645853 0
1786 8.42958437765051 2.825621925191342 0
1787 9.212350963156187 2.999570055303709 0
1788 10.04208354261625 3.183955072961496 0
1789 10.92160007345936 3.379403190926627 0
1790 11.85388759491437 3.586578195694399 0
1791 12.84211237036034 3.806183701349054 0
1792 13.88963063550942 4.038965538048842 0
$EndNodes
$Elements
1848
1 1 2 5 1 1 13
2 1 2 5 1 13 14
3 1 2 5 1 14 15
4 1 2 5 1 15 16
5 1 2 5 1 16 17
6 1 2 5 1 17 18
7 1 2 5 1 18 19
8 1 2 5 1 19 20
9 1 2 5 1 20 21
10 1 2 5 1 21 22
11 1 2 5 1 22 23
12 1 2 5 1 23 24
13 1 2 5 1 24 25
14 1 2 5 1 25 2
15 1 2 5 2 2 26
16 1 2 5 2 26 27
17 1 2 5 2 27 28
18 1 2 5 2 28 29
19 1 2 5 2 29 30
20 1 2 5 2 30 31
21 1 2 5 2 31 32
22 1 2 5 2 32 33
23 1 2 5 2 33 34
24 1 2 5 2 34 35
25 1 2 5 2 35 36
26 1 2 5 2 36 37
27 1 2 5 2 37 38
28 1 2 5 2 38 3
29 1 2 5 3 3 39
30 1 2 5 3 39 40
31 1 2 5 3 40 41
32 1 2 5 3 41 42
33 1 2 5 3 42 43
34 1 2 5 3 43 44
35 1 2 5 3 44 45
36 1 2 5 3 45 46
37 1 2 5 3 46 47
38 1 2 5 3 47 48
39 1 2 5 3 48 49
40 1 2 5 3 49 50
41 1 2 5 3 50 51
42 1 2 5 3 51 4
43 1 2 5 4 4 52
44 1 2 5 4 52 53
45 1 2 5 4 53 54
46 1 2 5 4 54 55
47 1 2 5 4 55 56
48 1 2 5 4 56 57
49 1 2 5 4 57 58
50 1 2 5 4 58 59
51 1 2 5 4 59 60
52 1 2 5 4 60 61
53 1 2 5 4 61 62
54 1 2 5 4 62 63
55 1 2 5 4 63 64
56 1 2 5 4 64 1
57 1 2 3 17 9 233
58 1 2 3 17 233 234
59 1 2 3 17 234 235
60 1 2 3 17 235 236
61 1 2 3 17 236 237
62 1 2 3 17 237 238
63 1 2 3 17 238 239
64 1 2 3 17 239 240
65 1 2 3 17 240 241
66 1 2 3 17 241 242
67 1 2 3 17 242 243
68 1 2 3 17 243 244
69 1 2 3 17 244 245
70 1 2 3 17 245 10
71 1 2 2 18 10 246
72 1 2 2 18 246 247
73 1 2 2 18 247 248
74 1 2 2 18 248 249
75 1 2 2 18 249 250
76 1 2 2 18 250 251
77 1 2 2 18 251 252
78 1 2 2 18 252 253
79 1 2 2 18 253 254
80 1 2 2 18 254 255
81 1 2 2 18 255 256
82 1 2 2 18 256 257
83 1 2 2 18 257 258
84 1 2 2 18 258 11
85 1 2 3 19 11 259
86 1 2 3 19 259 260
87 1 2 3 19 260 261
88 1 2 3 19 261 262
89 1 2 3 19 262 263
90 1 2 3 19 263 264
91 1 2 3 19 264 265
92 1 2 3 19 265 266
93 1 2 3 19 266 267
94 1 2 3 19 267 268
95 1 2 3 19 268 269
96 1 2 3 19 269 270
97 1 2 3 19 270 271
98 1 2 3 19 271 12
99 1 2 4 20 12 272
100 1 2 4 20 272 273
101 1 2 4 20 273 274
102 1 2 4 20 274 275
103 1 2 4 20 275 276
104 1 2 4 20 276 277
105 1 2 4 20 277 278
106 1 2 4 20 278 279
107 1 2 4 20 279 280
108 1 2 4 20 280 281
109 1 2 4 20 281 282
110 1 2 4 20 282 283
111 1 2 4 20 283 284
112 1 2 4 20 284 9
113 3 2 1 1 1 13 285 65
114 3 2 1 1 65 285 286 66
115 3 2 1 1 66 286 287 67
116 3 2 1 1 67 287 288 68
117 3 2 1 1 68 288 289 69
118 3 2 1 1 69 289 290 70
119 3 2 1 1 70 290 291 71
120 3 2 1 1 71 291 292 72
121 3 2 1 1 72 292 293 73
122 3 2 1 1 73 293 294 74
123 3 2 1 1 74 294 105 5
124 3 2 1 1 13 14 295 285
125 3 2 1 1 285 295 296 286
126 3 2 1 1 286 296 297 287
127 3 2 1 1 287 297 298 288
128 3 2 1 1 288 298 299 289
129 3 2 1 1 289 299 300 290
130 3 2 1 1 290 300 301 291
131 3 2 1 1 291 301 302 292
132 3 2 1 1 292 302 303 293
133 3 2 1 1 293 303 304 294
134 3 2 1 1 294 304 106 105
135 3 2 1 1 14 15 305 295
136 3 2 1 1 295 305 306 296
137 3 2 1 1 296 306 307 297
138 3 2 1 1 297 307 308 298
139 3 2 1 1 298 308 309 299
140 3 2 1 1 299 309 310 300
141 3 2 1 1 300 310 311 301
142 3 2 1 1 301 311 312 302
143 3 2 1 1 302 312 313 303
144 3 2 1 1 303 313 314 304
145 3 2 1 1 304 314 107 106
146 3 2 1 1 15 16 315 305
147 3 2 1 1 305 315 316 306
148 3 2 1 1 306 316 317 307
149 3 2 1 1 307 317 318 308
150 3 2 1 1 308 318 319 309
151 3 2 1 1 309 319 320 310
152 3 2 1 1 310 320 321 311
153 3 2 1 1 311 321 322 312
154 3 2 1 1 312 322 323 313
155 3 2 1 1 313 323 324 314
156 3 2 1 1 314 324 108 107
157 3 2 1 1 16 17 325 315
158 3 2 1 1 315 325 326 316
159 3 2 1 1 316 326 327 317
160 3 2 1 1 317 327 328 318
161 3 2 1 1 318 328 329 319
162 3 2 1 1 319 329 330 320
163 3 2 1 1 320 330 331 321
164 3 2 1 1 321 331 332 322
165 3 2 1 1 322 332 333 323
166 3 2 1 1 323 333 334 324
167 3 2 1 1 324 334 109 108
168 3 2 1 1 17 18 335 325
169 3 2 1 1 325 335 336 326
170 3 2 1 1 326 336 337 327
171 3 2 1 1 327 337 338 328
172 3 2 1 1 328 338 339 329
173 3 2 1 1 329 339 340 330
174 3 2 1 1 330 340 341 331
175 3 2 1 1 331 341 342 332
176 3 2 1 1 332 342 343 333
177 3 2 1 1 333 343 344 334
178 3 2 1 1 334 344 110 109
179 3 2 1 1 18 19 345 335
180 3 2 1 1 335 345 346 336
181 3 2 1 1 336 346 347 337
182 3 2 1 1 337 347 348 338
183 3 2 1 1 338 348 349 339
184 3 2 1 1 339 349 350 340
185 3 2 1 1 340 350 351 341
186 3 2 1 1 341 351 352 342
187 3 2 1 1 342 352 353 343
188 3 2 1 1 343 353 354 344
189 3 2 1 1 344 354 111 110
190 3 2 1 1 19 20 355 345
191 3 2 1 1 345 355 356 346
192 3 2 1 1 346 356 357 347
193 3 2 1 1 347 357 358 348
194 3 2 1 1 348 358 359 349
195 3 2 1 1 349 359 360 350
196 3 2 1 1 350 360 361 351
197 3 2 1 1 351 361 362 352
198 3 2 1 1 352 362 363 353
199 3 2 1 1 353 363 364 354
200 3 2 1 1 354 364 112 111
201 3 2 1 1 20 21 365 355
202 3 2 1 1 355 365 366 356
203 3 2 1 1 356 366 367 357
204 3 2 1 1 357 367 368 358
205 3 2 1 1 358 368 369 359
206 3 2 1 1 359 369 370 360
207 3 2 1 1 360 370 371 361
208 3 2 1 1 361 371 372 362
209 3 2 1 1 362 372 373 363
210 3 2 1 1 363 373 374 364
211 3 2 1 1 364 374 113 112
212 3 2 1 1 21 22 375 365
213 3 2 1 1 365 375 376 366
214 3 2 1 1 366 376 377 367
215 3 2 1 1 367 377 378 368
216 3 2 1 1 368 378 379 369
217 3 2 1 1 369 379 380 370
218 3 2 1 1 370 380 381 371
219 3 2 1 1 371 381 382 372
220 3 2 1 1 372 382 383 373
221 3 2 1 1 373 383 384 374
222 3 2 1 1 374 384 114 113
223 3 2 1 1 22 23 385 375
224 3 2 1 1 375 385 386 376
225 3 2 1 1 376 386 387 377
226 3 2 1 1 377 387 388 378
227 3 2 1 1 378 388 389 379
228 3 2 1 1 379 389 390 380
229 3 2 1 1 380 390 391 381
230 3 2 1 1 381 391 392 382
231 3 2 1 1 382 392 393 383
232 3 2 1 1 383 393 394 384
233 3 2 1 1 384 394 115 114
234 3 2 1 1 23 24 395 385
235 3 2 1 1 385 395 396 386
236 3 2 1 1 386 396 397 387
237 3 2 1 1 387 397 398 388
238 3 2 1 1 388 398 399 389
239 3 2 1 1 389 399 400 390
240 3 2 1 1 390 400 401 391
241 3 2 1 1 391 401 402 392
242 3 2 1 1 392 402 403 393
243 3 2 1 1 393 403 404 394
244 3 2 1 1 394 404 116 115
245 3 2 1 1 24 25 405 395
246 3 2 1 1 395 405 406 396
247 3 2 1 1 396 406 407 397
248 3 2 1 1 397 407 408 398
249 3 2 1 1 398 408 409 399
250 3 2 1 1 399 409 410 400
251 3 2 1 1 400 410 411 401
252 3 2 1 1 401 411 412 402
253 3 2 1 1 402 412 413 403
254 3 2 1 1 403 413 414 404
255 3 2 1 1 404 414 117 116
256 3 2 1 1 25 2 75 405
257 3 2 1 1 405 75 76 406
258 3 2 1 1 406 76 77 407
259 3 2 1 1 407 77 78 408
260 3 2 1 1 408 78 79 409
261 3 2 1 1 409 79 80 410
262 3 2 1 1 410 80 81 411
263 3 2 1 1 411 81 82 412
264 3 2 1 1 412 82 83 413
265 3 2 1 1 413 83 84 414
266 3 2 1 1 414 84 6 117
267 3 2 1 2 2 26 415 75
268 3 2 1 2 75 415 416 76
269 3 2 1 2 76 416 417 77
270 3 2 1 2 77 417 418 78
271 3 2 1 2 78 418 419 79
272 3 2 1 2 79 419 420 80
273 3 2 1 2 80 420 421 81
274 3 2 1 2 81 421 422 82
275 3 2 1 2 82 422 423 83
276 3 2 1 2 83 423 424 84
277 3 2 1 2 84 424 118 6
278 3 2 1 2 26 27 425 415
279 3 2 1 2 415 425 426 416
280 3 2 1 2 416 426 427 417
281 3 2 1 2 417 427 428 418
282 3 2 1 2 418 428 429 419
283 3 2 1 2 419 429 430 420
284 3 2 1 2 420 430 431 421
285 3 2 1 2 421 431 432 422
286 3 2 1 2 422 432 433 423
287 3 2 1 2 423 433 434 424
288 3 2 1 2 424 434 119 118
289 3 2 1 2 27 28 435 425
290 3 2 1 2 425 435 436 426
291 3 2 1 2 426 436 437 427
292 3 2 1 2 427 437 438 428
293 3 2 1 2 428 438 439 429
294 3 2 1 2 429 439 440 430
295 3 2 1 2 430 440 441 431
296 3 2 1 2 431 441 442 432
297 3 2 1 2 432 442 443 433
298 3 2 1 2 433 443 444 434
299 3 2 1 2 434 444 120 119
300 3 2 1 2 28 29 445 435
301 3 2 1 2 435 445 446 436
302 3 2 1 2 436 446 447 437
303 3 2 1 2 437 447 448 438
304 3 2 1 2 438 448 449 439
305 3 2 1 2 439 449 450 440
306 3 2 1 2 440 450 451 441
307 3 2 1 2 441 451 452 442
308 3 2 1 2 442 452 453 443
309 3 2 1 2 443 453 454 444
310 3 2 1 2 444 454 121 120
311 3 2 1 2 29 30 455 445
312 3 2 1 2 445 455 456 446
313 3 2 1 2 446 456 457 447
314 3 2 1 2 447 457 458 448
315 3 2 1 2 448 458 459 449
316 3 2 1 2 449 459 460 450
317 3 2 1 2 450 460 461 451
318 3 2 1 2 451 461 462 452
319 3 2 1 2 452 462 463 453
320 3 2 1 2 453 463 464 454
321 3 2 1 2 454 464 122 121
322 3 2 1 2 30 31 465 455
323 3 2 1 2 455 465 466 456
324 3 2 1 2 456 466 467 457
325 3 2 1 2 457 467 468 458
326 3 2 1 2 458 468 469 459
327 3 2 1 2 459 469 470 460
328 3 2 1 2 460 470 471 461
329 3 2 1 2 461 471 472 462
330 3 2 1 2 462 472 473 463
331 3 2 1 2 463 473 474 464
332 3 2 1 2 464 474 123 122
333 3 2 1 2 31 32 475 465
334 3 2 1 2 465 475 476 466
335 3 2 1 2 466 476 477 467
336 3 2 1 2 467 477 478 468
337 3 2 1 2 468 478 479 469
338 3 2 1 2 469 479 480 470
339 3 2 1 2 470 480 481 471
340 3 2 1 2 471 481 482 472
341 3 2 1 2 472 482 483 473
342 3 2 1 2 473 483 484 474
343 3 2 1 2 474 484 124 123
344 3 2 1 2 32 33 485 475
345 3 2 1 2 475 485 486 476
346 3 2 1 2 476 486 487 477
347 3 2 1 2 477 487 488 478
348 3 2 1 2 478 488 489 479
349 3 2 1 2 479 489 490 480
350 3 2 1 2 480 490 491 481
351 3 2 1 2 481 491 492 482
352 3 2 1 2 482 492 493 483
353 3 2 1 2 483 493 494 484
354 3 2 1 2 484 494 125 124
355 3 2 1 2 33 34 495 485
356 3 2 1 2 485 495 496 486
357 3 2 1 2 486 496 497 487
358 3 2 1 2 487 497 498 488
359 3 2 1 2 488 498 499 489
360 3 2 1 2 489 499 500 490
361 3 2 1 2 490 500 501 491
362 3 2 1 2 491 501 502 492
363 3 2 1 2 492 502 503 493
364 3 2 1 2 493 503 504 494
365 3 2 1 2 494 504 126 125
366 3 2 1 2 34 35 505 495
367 3 2 1 2 495 505 506 496
368 3 2 1 2 496 506 507 497
369 3 2 1 2 497 507 508 498
370 3 2 1 2 498 508 509 499
371 3 2 1 2 499 509 510 500
372 3 2 1 2 500 510 511 501
373 3 2 1 2 501 511 512 502
374 3 2 1 2 502 512 513 503
375 3 2 1 2 503 513 514 504
376 3 2 1 2 504 514 127 126
377 3 2 1 2 35 36 515 505
378 3 2 1 2 505 515 516 506
379 3 2 1 2 506 516 517 507
380 3 2 1 2 507 517 518 508
381 3 2 1 2 508 518 519 509
382 3 2 1 2 509 519 520 510
383 3 2 1 2 510 520 521 511
384 3 2 1 2 511 521 522 512
385 3 2 1 2 512 522 523 513
386 3 2 1 2 513 523 524 514
387 3 2 1 2 514 524 128 127
388 3 2 1 2 36 37 525 515
389 3 2 1 2 515 525 526 516
390 3 2 1 2 516 526 527 517
391 3 2 1 2 517 527 528 518
392 3 2 1 2 518 528 529 519
393 3 2 1 2 519 529 530 520
394 3 2 1 2 520 530 531 521
395 3 2 1 2 521 531 532 522
396 3 2 1 2 522 532 533 523
397 3 2 1 2 523 533 534 524
398 3 2 1 2 524 534 129 128
399 3 2 1 2 37 38 535 525
400 3 2 1 2 525 535 536 526
401 3 2 1 2 526 536 537 527
402 3 2 1 2 527 537 538 528
403 3 2 1 2 528 538 539 529
404 3 2 1 2 529 539 540 530
405 3 2 1 2 530 540 541 531
406 3 2 1 2 531 541 542 532
407 3 2 1 2 532 542 543 533
408 3 2 1 2 533 543 544 534
409 3 2 1 2 534 544 130 129
410 3 2 1 2 38 3 85 535
411 3 2 1 2 535 85 86 536
412 3 2 1 2 536 86 87 537
413 3 2 1 2 537 87 88 538
414 3 2 1 2 538 88 89 539
415 3 2 1 2 539 89 90 540
416 3 2 1 2 540 90 91 541
417 3 2 1 2 541 91 92 542
418 3 2 1 2 542 92 93 543
419 3 2 1 2 543 93 94 544
420 3 2 1 2 544 94 7 130
421 3 2 1 3 3 39 545 85
422 3 2 1 3 85 545 546 86
423 3 2 1 3 86 546 547 87
424 3 2 1 3 87 547 548 88
425 3 2 1 3 88 548 549 89
426 3 2 1 3 89 549 550 90
427 3 2 1 3 90 550 551 91
428 3 2 1 3 91 551 552 92
429 3 2 1 3 92 552 553 93
430 3 2 1 3 93 553 554 94
431 3 2 1 3 94 554 131 7
432 3 2 1 3 39 40 555 545
433 3 2 1 3 545 555 556 546
434 3 2 1 3 546 556 557 547
435 3 2 1 3 547 557 558 548
436 3 2 1 3 548 558 559 549
437 3 2 1 3 549 559 560 550
438 3 2 1 3 550 560 561 551
439 3 2 1 3 551 561 562 552
440 3 2 1 3 552 562 563 553
441 3 2 1 3 553 563 564 554
442 3 2 1 3 554 564 132 131
443 3 2 1 3 40 41 565 555
444 3 2 1 3 555 565 566 556
445 3 2 1 3 556 566 567 557
446 3 2 1 3 557 567 568 558
447 3 2 1 3 558 568 569 559
448 3 2 1 3 559 569 570 560
449 3 2 1 3 560 570 571 561
450 3 2 1 3 561 571 572 562
451 3 2 1 3 562 572 573 563
452 3 2 1 3 563 573 574 564
453 3 2 1 3 564 574 133 132
454 3 2 1 3 41 42 575 565
455 3 2 1 3 565 575 576 566
456 3 2 1 3 566 576 577 567
457 3 2 1 3 567 577 578 568
458 3 2 1 3 568 578 579 569
459 3 2 1 3 569 579 580 570
460 3 2 1 3 570 580 581 571
461 3 2 1 3 571 581 582 572
462 3 2 1 3 572 582 583 573
463 3 2 1 3 573 583 584 574
464 3 2 1 3 574 584 134 133
465 3 2 1 3 42 43 585 575
466 3 2 1 3 575 585 586 576
467 3 2 1 3 576 586 587 577
468 3 2 1 3 577 587 588 578
469 3 2 1 3 578 588 589 579
470 3 2 1 3 579 589 590 580
471 3 2 1 3 580 590 591 581
472 3 2 1 3 581 591 592 582
473 3 2 1 3 582 592 593 583
474 3 2 1 3 583 593 594 584
475 3 2 1 3 584 594 135 134
476 3 2 1 3 43 44 595 585
477 3 2 1 3 585 595 596 586
478 3 2 1 3 586 596 597 587
479 3 2 1 3 587 597 598 588
480 3 2 1 3 588 598 599 589
481 3 2 1 3 589 599 600 590
482 3 2 1 3 590 600 601 591
483 3 2 1 3 591 601 602 592
484 3 2 1 3 592 602 603 593
485 3 2 1 3 593 603 604 594
486 3 2 1 3 594 604 136 135
487 3 2 1 3 44 45 605 595
488 3 2 1 3 595 605 606 596
489 3 2 1 3 596 606 607 597
490 3 2 1 3 597 607 608 598
491 3 2 1 3 598 608 609 599
492 3 2 1 3 599 609 610 600
493 3 2 1 3 600 610 611 601
494 3 2 1 3 601 611 612 602
495 3 2 1 3 602 612 613 603
496 3 2 1 3 603 613 614 604
497 3 2 1 3 604 614 137 136
498 3 2 1 3 45 46 615 605
499 3 2 1 3 605 615 616 606
500 3 2 1 3 606 616 617 607
501 3 2 1 3 607 617 618 608
502 3 2 1 3 608 618 619 609
503 3 2 1 3 609 619 620 610
504 3 2 1 3 610 620 621 611
505 3 2 1 3 611 621 622 612
506 3 2 1 3 612 622 623 613
507 3 2 1 3 613 623 624 614
508 3 2 1 3 614 624 138 137
509 3 2 1 3 46 47 625 615
510 3 2 1 3 615 625 626 616
511 3 2 1 3 616 626 627 617
512 3 2 1 3 617 627 628 618
513 3 2 1 3 618 628 629 619
514 3 2 1 3 619 629 630 620
515 3 2 1 3 620 630 631 621
516 3 2 1 3 621 631 632 622
517 3 2 1 3 622 632 633 623
518 3 2 1 3 623 633 634 624
519 3 2 1 3 624 634 139 138
520 3 2 1 3 47 48 635 625
521 3 2 1 3 625 635 636 626
522 3 2 1 3 626 636 637 627
523 3 2 1 3 627 637 638 628
524 3 2 1 3 628 638 639 629
525 3 2 1 3 629 639 640 630
526 3 2 1 3 630 640 641 631
527 3 2 1 3 631 641 642 632
528 3 2 1 3 632 642 643 633
529 3 2 1 3 633 643 644 634
530 3 2 1 3 634 644 140 139
531 3 2 1 3 48 49 645 635
532 3 2 1 3 635 645 646 636
533 3 2 1 3 636 646 647 637
534 3 2 1 3 637 647 648 638
535 3 2 1 3 638 648 649 639
536 3 2 1 3 639 649 650 640
537 3 2 1 3 640 650 651 641
538 3 2 1 3 641 651 652 642
539 3 2 1 3 642 652 653 643
540 3 2 1 3 643 653 654 644
541 3 2 1 3 644 654 141 140
542 3 2 1 3 49 50 655 645
543 3 2 1 3 645 655 656 646
544 3 2 1 3 646 656 657 647
545 3 2 1 3 647 657 658 648
546 3 2 1 3 648 658 659 649
547 3 2 1 3 649 659 660 650
548 3 2 1 3 650 660 661 651
549 3 2 1 3 651 661 662 652
550 3 2 1 3 652 662 663 653
551 3 2 1 3 653 663 664 654
552 3 2 1 3 654 664 142 141
553 3 2 1 3 50 51 665 655
554 3 2 1 3 655 665 666 656
555 3 2 1 3 656 666 667 657
556 3 2 1 3 657 667 668 658
557 3 2 1 3 658 668 669 659
558 3 2 1 3 659 669 670 660
559 3 2 1 3 660 670 671 661
560 3 2 1 3 661 671 672 662
561 3 2 1 3 662 672 673 663
562 3 2 1 3 663 673 674 664
563 3 2 1 3 664 674 143 142
564 3 2 1 3 51 4 95 665
565 3 2 1 3 665 95 96 666
566 3 2 1 3 666 96 97 667
567 3 2 1 3 667 97 98 668
568 3 2 1 3 668 98 99 669
569 3 2 1 3 669 99 100 670
570 3 2 1 3 670 100 101 671
571 3 2 1 3 671 101 102 672
572 3 2 1 3 672 102 103 673
573 3 2 1 3 673 103 104 674
574 3 2 1 3 674 104 8 143
575 3 2 1 4 4 52 675 95
576 3 2 1 4 95 675 676 96
577 3 2 1 4 96 676 677 97
578 3 2 1 4 97 677 678 98
579 3 2 1 4 98 678 679 99
580 3 2 1 4 99 679 680 100
581 3 2 1 4 100 680 681 101
582 3 2 1 4 101 681 682 102
583 3 2 1 4 102 682 683 103
584 3 2 1 4 103 683 684 104
585 3 2 1 4 104 684 144 8
586 3 2 1 4 52 53 685 675
587 3 2 1 4 675 685 686 676
588 3 2 1 4 676 686 687 677
589 3 2 1 4 677 687 688 678
590 3 2 1 4 678 688 689 679
591 3 2 1 4 679 689 690 680
592 3 2 1 4 680 690 691 681
593 3 2 1 4 681 691 692 682
594 3 2 1 4 682 692 693 683
595 3 2 1 4 683 693 694 684
596 3 2 1 4 684 694 145 144
597 3 2 1 4 53 54 695 685
598 3 2 1 4 685 695 696 686
599 3 2 1 4 686 696 697 687
600 3 2 1 4 687 697 698 688
601 3 2 1 4 688 698 699 689
602 3 2 1 4 689 699 700 690
603 3 2 1 4 690 700 701 691
604 3 2 1 4 691 701 702 692
605 3 2 1 4 692 702 703 693
606 3 2 1 4 693 703 704 694
607 3 2 1 4 694 704 146 145
608 3 2 1 4 54 55 705 695
609 3 2 1 4 695 705 706 696
610 3 2 1 4 696 706 707 697
611 3 2 1 4 697 707 708 698
612 3 2 1 4 698 708 709 699
613 3 2 1 4 699 709 710 700
614 3 2 1 4 700 710 711 701
615 3 2 1 4 701 711 712 702
616 3 2 1 4 702 712 713 703
617 3 2 1 4 703 713 714 704
618 3 2 1 4 704 714 147 146
619 3 2 1 4 55 56 715 705
620 3 2 1 4 705 715 716 706
621 3 2 1 4 706 716 717 707
622 3 2 1 4 707 717 718 708
623 3 2 1 4 708 718 719 709
624 3 2 1 4 709 719 720 710
625 3 2 1 4 710 720 721 711
626 3 2 1 4 711 721 722 712
627 3 2 1 4 712 722 723 713
628 3 2 1 4 713 723 724 714
629 3 2 1 4 714 724 148 147
630 3 2 1 4 56 57 725 715
631 3 2 1 4 715 725 726 716
632 3 2 1 4 716 726 727 717
633 3 2 1 4 717 727 728 718
634 3 2 1 4 718 728 729 719
635 3 2 1 4 719 729 730 720
636 3 2 1 4 720 730 731 721
637 3 2 1 4 721 731 732 722
638 3 2 1 4 722 732 733 723
639 3 2 1 4 723 733 734 724
640 3 2 1 4 724 734 149 148
641 3 2 1 4 57 58 735 725
642 3 2 1 4 725 735 736 726
643 3 2 1 4 726 736 737 727
644 3 2 1 4 727 737 738 728
645 3 2 1 4 728 738 739 729
646 3 2 1 4 729 739 740 730
647 3 2 1 4 730 740 741 731
648 3 2 1 4 731 741 742 732
649 3 2 1 4 732 742 743 733
650 3 2 1 4 733 743 744 734
651 3 2 1 4 734 744 150 149
652 3 2 1 4 58 59 745 735
653 3 2 1 4 735 745 746 736
654 3 2 1 4 736 746 747 737
655 3 2 1 4 737 747 748 738
656 3 2 1 4 738 748 749 739
657 3 2 1 4 739 749 750 740
658 3 2 1 4 740 750 751 741
659 3 2 1 4 741 751 752 742
660 3 2 1 4 742 752 753 743
661 3 2 1 4 743 753 754 744
662 3 2 1 4 744 754 151 150
663 3 2 1 4 59 60 755 745
664 3 2 1 4 745 755 756 746
665 3 2 1 4 746 756 757 747
666 3 2 1 4 747 757 758 748
667 3 2 1 4 748 758 759 749
668 3 2 1 4 749 759 760 750
669 3 2 1 4 750 760 761 751
670 3 2 1 4 751 761 762 752
671 3 2 1 4 752 762 763 753
672 3 2 1 4 753 763 764 754
673 3 2 1 4 754 764 152 151
674 3 2 1 4 60 61 765 755
675 3 2 1 4 755 765 766 756
676 3 2 1 4 756 766 767 757
677 3 2 1 4 757 767 768 758
678 3 2 1 4 758 768 769 759
679 3 2 1 4 759 769 770 760
680 3 2 1 4 760 770 771 761
681 3 2 1 4 761 771 772 762
682 3 2 1 4 762 772 773 763
683 3 2 1 4 763 773 774 764
684 3 2 1 4 764 774 153 152
685 3 2 1 4 61 62 775 765
686 3 2 1 4 765 775 776 766
687 3 2 1 4 766 776 777 767
688 3 2 1 4 767 777 778 768
689 3 2 1 4 768 778 779 769
690 3 2 1 4 769 779 780 770
691 3 2 1 4 770 780 781 771
692 3 2 1 4 771 781 782 772
693 3 2 1 4 772 782 783 773
694 3 2 1 4 773 783 784 774
695 3 2 1 4 774 784 154 153
696 3 2 1 4 62 63 785 775
697 3 2 1 4 775 785 786 776
698 3 2 1 4 776 786 787 777
699 3 2 1 4 777 787 788 778
700 3 2 1 4 778 788 789 779
701 3 2 1 4 779 789 790 780
702 3 2 1 4 780 790 791 781
703 3 2 1 4 781 791 792 782
704 3 2 1 4 782 792 793 783
705 3 2 1 4 783 793 794 784
706 3 2 1 4 784 794 155 154
707 3 2 1 4 63 64 795 785
708 3 2 1 4 785 795 796 786
709 3 2 1 4 786 796 797 787
710 3 2 1 4 787 797 798 788
711 3 2 1 4 788 798 799 789
712 3 2 1 4 789 799 800 790
713 3 2 1 4 790 800 801 791
714 3 2 1 4 791 801 802 792
715 3 2 1 4 792 802 803 793
716 3 2 1 4 793 803 804 794
717 3 2 1 4 794 804 156 155
718 3 2 1 4 64 1 65 795
719 3 2 1 4 795 65 66 796
720 3 2 1 4 796 66 67 797
721 3 2 1 4 797 67 68 798
722 3 2 1 4 798 68 69 799
723 3 2 1 4 799 69 70 800
724 3 2 1 4 800 70 71 801
725 3 2 1 4 801 71 72 802
726 3 2 1 4 802 72 73 803
727 3 2 1 4 803 73 74 804
728 3 2 1 4 804 74 5 156
729 3 2 1 5 5 105 805 157
730 3 2 1 5 157 805 806 158
731 3 2 1 5 158 806 807 159
732 3 2 1 5 159 807 808 160
733 3 2 1 5 160 808 809 161
734 3 2 1 5 161 809 810 162
735 3 2 1 5 162 810 811 163
736 3 2 1 5 163 811 812 164
737 3 2 1 5 164 812 813 165
738 3 2 1 5 165 813 814 166
739 3 2 1 5 166 814 815 167
740 3 2 1 5 167 815 816 168
741 3 2 1 5 168 816 817 169
742 3 2 1 5 169 817 818 170
743 3 2 1 5 170 818 819 171
744 3 2 1 5 171 819 820 172
745 3 2 1 5 172 820 821 173
746 3 2 1 5 173 821 822 174
747 3 2 1 5 174 822 823 175
748 3 2 1 5 175 823 233 9
749 3 2 1 5 105 106 824 805
750 3 2 1 5 805 824 825 806
751 3 2 1 5 806 825 826 807
752 3 2 1 5 807 826 827 808
753 3 2 1 5 808 827 828 809
754 3 2 1 5 809 828 829 810
755 3 2 1 5 810 829 830 811
756 3 2 1 5 811 830 831 812
757 3 2 1 5 812 831 832 813
758 3 2 1 5 813 832 833 814
759 3 2 1 5 814 833 834 815
760 3 2 1 5 815 834 835 816
761 3 2 1 5 816 835 836 817
762 3 2 1 5 817 836 837 818
763 3 2 1 5 818 837 838 819
764 3 2 1 5 819 838 839 820
765 3 2 1 5 820 839 840 821
766 3 2 1 5 821 840 841 822
767 3 2 1 5 822 841 842 823
768 3 2 1 5 823 842 234 233
769 3 2 1 5 106 107 843 824
770 3 2 1 5 824 843 844 825
771 3 2 1 5 825 844 845 826
772 3 2 1 5 826 845 846 827
773 3 2 1 5 827 846 847 828
774 3 2 1 5 828 847 848 829
775 3 2 1 5 829 848 849 830
776 3 2 1 5 830 849 850 831
777 3 2 1 5 831 850 851 832
778 3 2 1 5 832 851 852 833
779 3 2 1 5 833 852 853 834
780 3 2 1 5 834 853 854 835
781 3 2 1 5 835 854 855 836
782 3 2 1 5 836 855 856 837
783 3 2 1 5 837 856 857 838
784 3 2 1 5 838 857 858 839
785 3 2 1 5 839 858 859 840
786 3 2 1 5 840 859 860 841
787 3 2 1 5 841 860 861 842
788 3 2 1 5 842 861 235 234
789 3 2 1 5 107 108 862 843
790 3 2 1 5 843 862 863 844
791 3 2 1 5 844 863 864 845
792 3 2 1 5 845 864 865 846
793 3 2 1 5 846 865 866 847
794 3 2 1 5 847 866 867 848
795 3 2 1 5 848 867 868 849
796 3 2 1 5 849 868 869 850
797 3 2 1 5 850 869 870 851
798 3 2 1 5 851 870 871 852
799 3 2 1 5 852 871 872 853
800 3 2 1 5 853 872 873 854
801 3 2 1 5 854 873 874 855
802 3 2 1 5 855 874 875 856
803 3 2 1 5 856 875 876 857
804 3 2 1 5 857 876 877 858
805 3 2 1 5 858 877 878 859
806 3 2 1 5 859 878 879 860
807 3 2 1 5 860 879 880 861
808 3 2 1 5 861 880 236 235
809 3 2 1 5 108 109 881 862
810 3 2 1 5 862 881 882 863
811 3 2 1 5 863 882 883 864
812 3 2 1 5 864 883 884 865
813 3 2 1 5 865 884 885 866
814 3 2 1 5 866 885 886 867
815 3 2 1 5 867 886 887 868
816 3 2 1 5 868 887 888 869
817 3 2 1 5 869 888 889 870
818 3 2 1 5 870 889 890 871
819 3 2 1 5 871 890 891 872
820 3 2 1 5 872 891 892 873
821 3 2 1 5 873 892 893 874
822 3 2 1 5 874 893 894 875
823 3 2 1 5 875 894 895 876
824 3 2 1 5 876 895 896 877
825 3 2 1 5 877 896 897 878
826 3 2 1 5 878 897 898 879
827 3 2 1 5 879 898 899 880
828 3 2 1 5 880 899 237 236
829 3 2 1 5 109 110 900 881
830 3 2 1 5 881 900 901 882
831 3 2 1 5 882 901 902 883
832 3 2 1 5 883 902 903 884
833 3 2 1 5 884 903 904 885
834 3 2 1 5 885 904 905 886
835 3 2 1 5 886 905 906 887
836 3 2 1 5 887 906 907 888
837 3 2 1 5 888 907 908 889
838 3 2 1 5 889 908 909 890
839 3 2 1 5 890 909 910 891
840 3 2 1 5 891 910 911 892
841 3 2 1 5 892 911 912 893
842 3 2 1 5 893 912 913 894
843 3 2 1 5 894 913 914 895
844 3 2 1 5 895 914 915 896
845 3 2 1 5 896 915 916 897
846 3 2 1 5 897 916 917 898
847 3 2 1 5 898 917 918 899
848 3 2 1 5 899 918 238 237
849 3 2 1 5 110 111 919 900
850 3 2 1 5 900 919 920 901
851 3 2 1 5 901 920 921 902
852 3 2 1 5 902 921 922 903
853 3 2 1 5 903 922 923 904
854 3 2 1 5 904 923 924 905
855 3 2 1 5 905 924 925 906
856 3 2 1 5 906 925 926 907
857 3 2 1 5 907 926 927 908
858 3 2 1 5 908 927 928 909
859 3 2 1 5 909 928 929 910
860 3 2 1 5 910 929 930 911
861 3 2 1 5 911 930 931 912
862 3 2 1 5 912 931 932 913
863 3 2 1 5 913 932 933 914
864 3 2 1 5 914 933 934 915
865 3 2 1 5 915 934 935 916
866 3 2 1 5 916 935 936 917
867 3 2 1 5 917 936 937 918
868 3 2 1 5 918 937 239 238
869 3 2 1 5 111 112 938 919
870 3 2 1 5 919 938 939 920
871 3 2 1 5 920 939 940 921
872 3 2 1 5 921 940 941 922
873 3 2 1 5 922 941 942 923
874 3 2 1 5 923 942 943 924
875 3 2 1 5 924 943 944 925
876 3 2 1 5 925 944 945 926
877 3 2 1 5 926 945 946 927
878 3 2 1 5 927 946 947 928
879 3 2 1 5 928 947 948 929
880 3 2 1 5 929 948 949 930
881 3 2 1 5 930 949 950 931
882 3 2 1 5 931 950 951 932
883 3 2 1 5 932 951 952 933
884 3 2 1 5 933 952 953 934
885 3 2 1 5 934 953 954 935
886 3 2 1 5 935 954 955 936
887 3 2 1 5 936 955 956 937
888 3 2 1 5 937 956 240 239
889 3 2 1 5 112 113 957 938
890 3 2 1 5 938 957 958 939
891 3 2 1 5 939 958 959 940
892 3 2 1 5 940 959 960 941
893 3 2 1 5 941 960 961 942
894 3 2 1 5 942 961 962 943
895 3 2 1 5 943 962 963 944
896 3 2 1 5 944 963 964 945
897 3 2 1 5 945 964 965 946
898 3 2 1 5 946 965 966 947
899 3 2 1 5 947 966 967 948
900 3 2 1 5 948 967 968 949
901 3 2 1 5 949 968 969 950
902 3 2 1 5 950 969 970 951
903 3 2 1 5 951 970 971 952
904 3 2 1 5 952 971 972 953
905 3 2 1 5 953 972 973 954
906 3 2 1 5 954 973 974 955
907 3 2 1 5 955 974 975 956
908 3 2 1 5 956 975 241 240
909 3 2 1 5 113 114 976 957
910 3 2 1 5 957 976 977 958
911 3 2 1 5 958 977 978 959
912 3 2 1 5 959 978 979 960
913 3 2 1 5 960 979 980 961
914 3 2 1 5 961 980 981 962
915 3 2 1 5 962 981 982 963
916 3 2 1 5 963 982 983 964
917 3 2 1 5 964 983 984 965
918 3 2 1 5 965 984 985 966
919 3 2 1 5 966 985 986 967
920 3 2 1 5 967 986 987 968
921 3 2 1 5 968 987 988 969
922 3 2 1 5 969 988 989 970
923 3 2 1 5 970 989 990 971
924 3 2 1 5 971 990 991 972
925 3 2 1 5 972 991 992 973
926 3 2 1 5 973 992 993 974
927 3 2 1 5 974 993 994 975
928 3 2 1 5 975 994 242 241
929 3 2 1 5 114 115 995 976
930 3 2 1 5 976 995 996 977
931 3 2 1 5 977 996 997 978
932 3 2 1 5 978 997 998 979
933 3 2 1 5 979 998 999 980
934 3 2 1 5 980 999 1000 981
935 3 2 1 5 981 1000 1001 982
936 3 2 1 5 982 1001 1002 983
937 3 2 1 5 983 1002 1003 984
938 3 2 1 5 984 1003 1004 985
939 3 2 1 5 985 1004 1005 986
940 3 2 1 5 986 1005 1006 987
941 3 2 1 5 987 1006 1007 988
942 3 2 1 5 988 1007 1008 989
943 3 2 1 5 989 1008 1009 990
944 3 2 1 5 990 1009 1010 991
945 3 2 1 5 991 1010 1011 992
946 3 2 1 5 992 1011 1012 993
947 3 2 1 5 993 1012 1013 994
948 3 2 1 5 994 1013 243 242
949 3 2 1 5 115 116 1014 995
950 3 2 1 5 995 1014 1015 996
951 3 2 1 5 996 1015 1016 997
952 3 2 1 5 997 1016 1017 998
953 3 2 1 5 998 1017 1018 999
954 3 2 1 5 999 1018 1019 1000
955 3 2 1 5 1000 1019 1020 1001
956 3 2 1 5 1001 1020 1021 1002
957 3 2 1 5 1002 1021 1022 1003
958 3 2 1 5 1003 1022 1023 1004
959 3 2 1 5 1004 1023 1024 1005
960 3 2 1 5 1005 1024 1025 1006
961 3 2 1 5 1006 1025 1026 1007
962 3 2 1 5 1007 1026 1027 1008
963 3 2 1 5 1008 1027 1028 1009
964 3 2 1 5 1009 1028 1029 1010
965 3 2 1 5 1010 1029 1030 1011
966 3 2 1 5 1011 1030 1031 1012
967 3 2 1 5 1012 1031 1032 1013
968 3 2 1 5 1013 1032 244 243
969 3 2 1 5 116 117 1033 1014
970 3 2 1 5 1014 1033 1034 1015
971 3 2 1 5 1015 1034 1035 1016
972 3 2 1 5 1016 1035 1036 1017
973 3 2 1 5 1017 1036 1037 1018
974 3 2 1 5 1018 1037 1038 1019
975 3 2 1 5 1019 1038 1039 1020
976 3 2 1 5 1020 1039 1040 1021
977 3 2 1 5 1021 1040 1041 1022
978 3 2 1 5 1022 1041 1042 1023
979 3 2 1 5 1023 1042 1043 1024
980 3 2 1 5 1024 1043 1044 1025
981 3 2 1 5 1025 1044 1045 1026
982 3 2 1 5 1026 1045 1046 1027
983 3 2 1 5 1027 1046 1047 1028
984 3 2 1 5 1028 1047 1048 1029
985 3 2 1 5 1029 1048 1049 1030
986 3 2 1 5 1030 1049 1050 1031
987 3 2 1 5 1031 1050 1051 1032
988 3 2 1 5 1032 1051 245 244
989 3 2 1 5 117 6 176 1033
990 3 2 1 5 1033 176 177 1034
991 3 2 1 5 1034 177 178 1035
992 3 2 1 5 1035 178 179 1036
993 3 2 1 5 1036 179 180 1037
994 3 2 1 5 1037 180 181 1038
995 3 2 1 5 1038 181 182 1039
996 3 2 1 5 1039 182 183 1040
997 3 2 1 5 1040 183 184 1041
998 3 2 1 5 1041 184 185 1042
999 3 2 1 5 1042 185 186 1043
1000 3 2 1 5 1043 186 187 1044
1001 3 2 1 5 1044 187 188 1045
1002 3 2 1 5 1045 188 189 1046
1003 3 2 1 5 1046 189 190 1047
1004 3 2 1 5 1047 190 191 1048
1005 3 2 1 5 1048 191 192 1049
1006 3 2 1 5 1049 192 193 1050
1007 3 2 1 5 1050 193 194 1051
1008 3 2 1 5 1051 194 10 245
1009 3 2 1 6 6 118 1052 176
1010 3 2 1 6 176 1052 1053 177
1011 3 2 1 6 177 1053 1054 178
1012 3 2 1 6 178 1054 1055 179
1013 3 2 1 6 179 1055 1056 180
1014 3 2 1 6 180 1056 1057 181
1015 3 2 1 6 181 1057 1058 182
1016 3 2 1 6 182 1058 1059 183
1017 3 2 1 6 183 1059 1060 184
1018 3 2 1 6 184 1060 1061 185
1019 3 2 1 6 185 1061 1062 186
1020 3 2 1 6 186 1062 1063 187
1021 3 2 1 6 187 1063 1064 188
1022 3 2 1 6 188 1064 1065 189
1023 3 2 1 6 189 1065 1066 190
1024 3 2 1 6 190 1066 1067 191
1025 3 2 1 6 191 1067 1068 192
1026 3 2 1 6 192 1068 1069 193
1027 3 2 1 6 193 1069 1070 194
1028 3 2 1 6 194 1070 246 10
1029 3 2 1 6 118 119 1071 1052
1030 3 2 1 6 1052 1071 1072 1053
1031 3 2 1 6 1053 1072 1073 1054
1032 3 2 1 6 1054 1073 1074 1055
1033 3 2 1 6 1055 1074 1075 1056
1034 3 2 1 6 1056 1075 1076 1057
1035 3 2 1 6 1057 1076 1077 1058
1036 3 2 1 6 1058 1077 1078 1059
1037 3 2 1 6 1059 1078 1079 1060
1038 3 2 1 6 1060 1079 1080 1061
1039 3 2 1 6 1061 1080 1081 1062
1040 3 2 1 6 1062 1081 1082 1063
1041 3 2 1 6 1063 1082 1083 1064
1042 3 2 1 6 1064 1083 1084 1065
1043 3 2 1 6 1065 1084 1085 1066
1044 3 2 1 6 1066 1085 1086 1067
1045 3 2 1 6 1067 1086 1087 1068
1046 3 2 1 6 1068 1087 1088 1069
1047 3 2 1 6 1069 1088 1089 1070
1048 3 2 1 6 1070 1089 247 246
1049 3 2 1 6 119 120 1090 1071
1050 3 2 1 6 1071 1090 1091 1072
1051 3 2 1 6 1072 1091 1092 1073
1052 3 2 1 6 1073 1092 1093 1074
1053 3 2 1 6 1074 1093 1094 1075
1054 3 2 1 6 1075 1094 1095 1076
1055 3 2 1 6 1076 1095 1096 1077
1056 3 2 1 6 1077 1096 1097 1078
1057 3 2 1 6 1078 1097 1098 1079
1058 3 2 1 6 1079 1098 1099 1080
1059 3 2 1 6 1080 1099 1100 1081
1060 3 2 1 6 1081 1100 1101 1082
1061 3 2 1 6 1082 1101 1102 1083
1062 3 2 1 6 1083 1102 1103 1084
1063 3 2 1 6 1084 1103 1104 1085
1064 3 2 1 6 1085 1104 1105 1086
1065 3 2 1 6 1086 1105 1106 1087
1066 3 2 1 6 1087 1106 1107 1088
1067 3 2 1 6 1088 1107 1108 1089
1068 3 2 1 6 1089 1108 248 247
1069 3 2 1 6 120 121 1109 1090
1070 3 2 1 6 1090 1109 1110 1091
1071 3 2 1 6 1091 1110 1111 1092
1072 3 2 1 6 1092 1111 1112 1093
1073 3 2 1 6 1093 1112 1113 1094
1074 3 2 1 6 1094 1113 1114 1095
1075 3 2 1 6 1095 1114 1115 1096
1076 3 2 1 6 1096 1115 1116 1097
1077 3 2 1 6 1097 1116 1117 1098
1078 3 2 1 6 1098 1117 1118 1099
1079 3 2 1 6 1099 1118 1119 1100
1080 3 2 1 6 1100 1119 1120 1101
1081 3 2 1 6 1101 1120 1121 1102
1082 3 2 1 6 1102 1121 1122 1103
1083 3 2 1 6 1103 1122 1123 1104
1084 3 2 1 6 1104 1123 1124 1105
1085 3 2 1 6 1105 1124 1125 1106
1086 3 2 1 6 1106 1125 1126 1107
1087 3 2 1 6 1107 1126 1127 1108
1088 3 2 1 6 1108 1127 249 248
1089 3 2 1 6 121 122 1128 1109
1090 3 2 1 6 1109 1128 1129 1110
1091 3 2 1 6 1110 1129 1130 1111
1092 3 2 1 6 1111 1130 1131 1112
1093 3 2 1 6 1112 1131 1132 1113
1094 3 2 1 6 1113 1132 1133 1114
1095 3 2 1 6 1114 1133 1134 1115
1096 3 2 1 6 1115 1134 1135 1116
1097 3 2 1 6 1116 1135 1136 1117
1098 3 2 1 6 1117 1136 1137 1118
1099 3 2 1 6 1118 1137 1138 1119
1100 3 2 1 6 1119 1138 1139 1120
1101 3 2 1 6 1120 1139 1140 1121
1102 3 2 1 6 1121 1140 1141 1122
1103 3 2 1 6 1122 1141 1142 1123
1104 3 2 1 6 1123 1142 1143 1124
1105 3 2 1 6 1124 1143 1144 1125
1106 3 2 1 6 1125 1144 1145 1126
1107 3 2 1 6 1126 1145 1146 1127
1108 3 2 1 6 1127 1146 250 249
1109 3 2 1 6 122 123 1147 1128
1110 3 2 1 6 1128 1147 1148 1129
1111 3 2 1 6 1129 1148 1149 1130
1112 3 2 1 6 1130 1149 1150 1131
1113 3 2 1 6 1131 1150 1151 1132
1114 3 2 1 6 1132 1151 1152 1133
1115 3 2 1 6 1133 1152 1153 1134
1116 3 2 1 6 1134 1153 1154 1135
1117 3 2 1 6 1135 1154 1155 1136
1118 3 2 1 6 1136 1155 1156 1137
1119 3 2 1 6 1137 1156 1157 1138
1120 3 2 1 6 1138 1157 1158 1139
1121 3 2 1 6 1139 1158 1159 1140
1122 3 2 1 6 1140 1159 1160 1141
1123 3 2 1 6 1141 1160 1161 1142
1124 3 2 1 6 1142 1161 1162 1143
1125 3 2 1 6 1143 1162 1163 1144
1126 3 2 1 6 1144 1163 1164 1145
1127 3 2 1 6 1145 1164 1165 1146
1128 3 2 1 6 1146 1165 251 250
1129 3 2 1 6 123 124 1166 1147
1130 3 2 1 6 1147 1166 1167 1148
1131 3 2 1 6 1148 1167 1168 1149
1132 3 2 1 6 1149 1168 1169 1150
1133 3 2 1 6 1150 1169 1170 1151
1134 3 2 1 6 1151 1170 1171 1152
1135 3 2 1 6 1152 1171 1172 1153
1136 3 2 1 6 1153 1172 1173 1154
1137 3 2 1 6 1154 1173 1174 1155
1138 3 2 1 6 1155 1174 1175 1156
1139 3 2 1 6 1156 1175 1176 1157
1140 3 2 1 6 1157 1176 1177 1158
1141 3 2 1 6 1158 1177 1178 1159
1142 3 2 1 6 1159 1178 1179 1160
1143 3 2 1 6 1160 1179 1180 1161
1144 3 2 1 6 1161 1180 1181 1162
1145 3 2 1 6 1162 1181 1182 1163
1146 3 2 1 6 1163 1182 1183 1164
1147 3 2 1 6 1164 1183 1184 1165
1148 3 2 1 6 1165 1184 252 251
1149 3 2 1 6 124 125 1185 1166
1150 3 2 1 6 1166 1185 1186 1167
1151 3 2 1 6 1167 1186 1187 1168
1152 3 2 1 6 1168 1187 1188 1169
1153 3 2 1 6 1169 1188 1189 1170
1154 3 2 1 6 1170 1189 1190 1171
1155 3 2 1 6 1171 1190 1191 1172
1156 3 2 1 6 1172 1191 1192 1173
1157 3 2 1 6 1173 1192 1193 1174
1158 3 2 1 6 1174 1193 1194 1175
1159 3 2 1 6 1175 1194 1195 1176
1160 3 2 1 6 1176 1195 1196 1177
1161 3 2 1 6 1177 1196 1197 1178
1162 3 2 1 6 1178 1197 1198 1179
1163 3 2 1 6 1179 1198 1199 1180
1164 3 2 1 6 1180 1199 1200 1181
1165 3 2 1 6 1181 1200 1201 1182
1166 3 2 1 6 1182 1201 1202 1183
1167 3 2 1 6 1183 1202 1203 1184
1168 3 2 1 6 1184 1203 253 252
1169 3 2 1 6 125 126 1204 1185
1170 3 2 1 6 1185 1204 1205 1186
1171 3 2 1 6 1186 1205 1206 1187
1172 3 2 1 6 1187 1206 1207 1188
1173 3 2 1 6 1188 1207 1208 1189
1174 3 2 1 6 1189 1208 1209 1190
1175 3 2 1 6 1190 1209 1210 1191
1176 3 2 1 6 1191 1210 1211 1192
1177 3 2 1 6 1192 1211 1212 1193
1178 3 2 1 6 1193 1212 1213 1194
1179 3 2 1 6 1194 1213 1214 1195
1180 3 2 1 6 1195 1214 1215 1196
1181 3 2 1 6 1196 1215 1216 1197
1182 3 2 1 6 1197 1216 1217 1198
1183 3 2 1 6 1198 1217 1218 1199
1184 3 2 1 6 1199 1218 1219 1200
1185 3 2 1 6 1200 1219 1220 1201
1186 3 2 1 6 1201 1220 1221 1202
1187 3 2 1 6 1202 1221 1222 1203
1188 3 2 1 6 1203 1222 254 253
1189 3 2 1 6 126 127 1223 1204
1190 3 2 1 6 1204 1223 1224 1205
1191 3 2 1 6 1205 1224 1225 1206
1192 3 2 1 6 1206 1225 1226 1207
1193 3 2 1 6 1207 1226 1227 1208
1194 3 2 1 6 1208 1227 1228 1209
1195 3 2 1 6 1209 1228 1229 1210
1196 3 2 1 6 1210 1229 1230 1211
1197 3 2 1 6 1211 1230 1231 1212
1198 3 2 1 6 1212 1231 1232 1213
1199 3 2 1 6 1213 1232 1233 1214
1200 3 2 1 6 1214 1233 1234 1215
1201 3 2 1 6 1215 1234 1235 1216
1202 3 2 1 6 1216 1235 1236 1217
1203 3 2 1 6 1217 1236 1237 1218
1204 3 2 1 6 1218 1237 1238 1219
1205 3 2 1 6 1219 1238 1239 1220
1206 3 2 1 6 1220 1239 1240 1221
1207 3 2 1 6 1221 1240 1241 1222
1208 3 2 1 6 1222 1241 255 254
1209 3 2 1 6 127 128 1242 1223
1210 3 2 1 6 1223 1242 1243 1224
1211 3 2 1 6 1224 1243 1244 1225
1212 3 2 1 6 1225 1244 1245 1226
1213 3 2 1 6 1226 1245 1246 1227
1214 3 2 1 6 1227 1246 1247 1228
1215 3 2 1 6 1228 1247 1248 1229
1216 3 2 1 6 1229 1248 1249 1230
1217 3 2 1 6 1230 1249 1250 1231
1218 3 2 1 6 1231 1250 1251 1232
1219 3 2 1 6 1232 1251 1252 1233
1220 3 2 1 6 1233 1252 1253 1234
1221 3 2 1 6 1234 1253 1254 1235
1222 3 2 1 6 1235 1254 1255 1236
1223 3 2 1 6 1236 1255 1256 1237
1224 3 2 1 6 1237 1256 1257 1238
1225 3 2 1 6 1238 1257 1258 1239
1226 3 2 1 6 1239 1258 1259 1240
1227 3 2 1 6 1240 1259 1260 1241
1228 3 2 1 6 1241 1260 256 255
1229 3 2 1 6 128 129 1261 1242
1230 3 2 1 6 1242 1261 1262 1243
1231 3 2 1 6 1243 1262 1263 1244
1232 3 2 1 6 1244 1263 1264 1245
1233 3 2 1 6 1245 1264 1265 1246
1234 3 2 1 6 1246 1265 1266 1247
1235 3 2 1 6 1247 1266 1267 1248
1236 3 2 1 6 1248 1267 1268 1249
1237 3 2 1 6 1249 1268 1269 1250
1238 3 2 1 6 1250 1269 1270 1251
1239 3 2 1 6 1251 1270 1271 1252
1240 3 2 1 6 1252 1271 1272 1253
1241 3 2 1 6 1253 1272 1273 1254
1242 3 2 1 6 1254 1273 1274 1255
1243 3 2 1 6 1255 1274 1275 1256
1244 3 2 1 6 1256 1275 1276 1257
1245 3 2 1 6 1257 1276 1277 1258
1246 3 2 1 6 1258 1277 1278 1259
1247 3 2 1 6 1259 1278 1279 1260
1248 3 2 1 6 1260 1279 257 256
1249 3 2 1 6 129 130 1280 1261
1250 3 2 1 6 1261 1280 1281 1262
1251 3 2 1 6 1262 1281 1282 1263
1252 3 2 1 6 1263 1282 1283 1264
1253 3 2 1 6 1264 1283 1284 1265
1254 3 2 1 6 1265 1284 1285 1266
1255 3 2 1 6 1266 1285 1286 1267
1256 3 2 1 6 1267 1286 1287 1268
1257 3 2 1 6 1268 1287 1288 1269
1258 3 2 1 6 1269 1288 1289 1270
1259 3 2 1 6 1270 1289 1290 1271
1260 3 2 1 6 1271 1290 1291 1272
1261 3 2 1 6 1272 1291 1292 1273
1262 3 2 1 6 1273 1292 1293 1274
1263 3 2 1 6 1274 1293 1294 1275
1264 3 2 1 6 1275 1294 1295 1276
1265 3 2 1 6 1276 1295 1296 1277
1266 3 2 1 6 1277 1296 1297 1278
1267 3 2 1 6 1278 1297 1298 1279
1268 3 2 1 6 1279 1298 258 257
1269 3 2 1 6 130 7 195 1280
1270 3 2 1 6 1280 195 196 1281
1271 3 2 1 6 1281 196 197 1282
1272 3 2 1 6 1282 197 198 1283
1273 3 2 1 6 1283 198 199 1284
1274 3 2 1 6 1284 199 200 1285
1275 3 2 1 6 1285 200 201 1286
1276 3 2 1 6 1286 201 202 1287
1277 3 2 1 6 1287 202 203 1288
1278 3 2 1 6 1288 203 204 1289
1279 3 2 1 6 1289 204 205 1290
1280 3 2 1 6 1290 205 206 1291
1281 3 2 1 6 1291 206 207 1292
1282 3 2 1 6 1292 207 208 1293
1283 3 2 1 6 1293 208 209 1294
1284 3 2 1 6 1294 209 210 1295
1285 3 2 1 6 1295 210 211 1296
1286 3 2 1 6 1296 211 212 1297
1287 3 2 1 6 1297 212 213 1298
1288 3 2 1 6 1298 213 11 258
1289 3 2 1 7 7 131 1299 195
1290 3 2 1 7 195 1299 1300 196
1291 3 2 1 7 196 1300 1301 197
1292 3 2 1 7 197 1301 1302 198
1293 3 2 1 7 198 1302 1303 199
1294 3 2 1 7 199 1303 1304 200
1295 3 2 1 7 200 1304 1305 201
1296 3 2 1 7 201 1305 1306 202
1297 3 2 1 7 202 1306 1307 203
1298 3 2 1 7 203 1307 1308 204
1299 3 2 1 7 204 1308 1309 205
1300 3 2 1 7 205 1309 1310 206
1301 3 2 1 7 206 1310 1311 207
1302 3 2 1 7 207 1311 1312 208
1303 3 2 1 7 208 1312 1313 209
1304 3 2 1 7 209 1313 1314 210
1305 3 2 1 7 210 1314 1315 211
1306 3 2 1 7 211 1315 1316 212
1307 3 2 1 7 212 1316 1317 213
1308 3 2 1 7 213 1317 259 11
1309 3 2 1 7 131 132 1318 1299
1310 3 2 1 7 1299 1318 1319 1300
1311 3 2 1 7 1300 1319 1320 1301
1312 3 2 1 7 1301 1320 1321 1302
1313 3 2 1 7 1302 1321 1322 1303
1314 3 2 1 7 1303 1322 1323 1304
1315 3 2 1 7 1304 1323 1324 1305
1316 3 2 1 7 1305 1324 1325 1306
1317 3 2 1 7 1306 1325 1326 1307
1318 3 2 1 7 1307 1326 1327 1308
1319 3 2 1 7 1308 1327 1328 1309
1320 3 2 1 7 1309 1328 1329 1310
1321 3 2 1 7 1310 1329 1330 1311
1322 3 2 1 7 1311 1330 1331 1312
1323 3 2 1 7 1312 1331 1332 1313
1324 3 2 1 7 1313 1332 1333 1314
1325 3 2 1 7 1314 1333 1334 1315
1326 3 2 1 7 1315 1334 1335 1316
1327 3 2 1 7 1316 1335 1336 1317
1328 3 2 1 7 1317 1336 260 259
1329 3 2 1 7 132 133 1337 1318
1330 3 2 1 7 1318 1337 1338 1319
1331 3 2 1 7 1319 1338 1339 1320
1332 3 2 1 7 1320 1339 1340 1321
1333 3 2 1 7 1321 1340 1341 1322
1334 3 2 1 7 1322 1341 1342 1323
1335 3 2 1 7 1323 1342 1343 1324
1336 3 2 1 7 1324 1343 1344 1325
1337 3 2 1 7 1325 1344 1345 1326
1338 3 2 1 7 1326 1345 1346 1327
1339 3 2 1 7 1327 1346 1347 1328
1340 3 2 1 7 1328 1347 1348 1329
1341 3 2 1 7 1329 1348 1349 1330
1342 3 2 1 7 1330 1349 1350 1331
1343 3 2 1 7 1331 1350 1351 1332
1344 3 2 1 7 1332 1351 1352 1333
1345 3 2 1 7 1333 1352 1353 1334
1346 3 2 1 7 1334 1353 1354 1335
1347 3 2 1 7 1335 1354 1355 1336
1348 3 2 1 7 1336 1355 261 260
1349 3 2 1 7 133 134 1356 1337
1350 3 2 1 7 1337 1356 1357 1338
1351 3 2 1 7 1338 1357 1358 1339
1352 3 2 1 7 1339 1358 1359 1340
1353 3 2 1 7 1340 1359 1360 1341
1354 3 2 1 7 1341 1360 1361 1342
1355 3 2 1 7 1342 1361 1362 1343
1356 3 2 1 7 1343 1362 1363 1344
1357 3 2 1 7 1344 1363 1364 1345
1358 3 2 1 7 1345 1364 1365 1346
1359 3 2 1 7 1346 1365 1366 1347
1360 3 2 1 7 1347 1366 1367 1348
1361 3 2 1 7 1348 1367 1368 1349
1362 3 2 1 7 1349 1368 1369 1350
1363 3 2 1 7 1350 1369 1370 1351
1364 3 2 1 7 1351 1370 1371 1352
1365 3 2 1 7 1352 1371 1372 1353
1366 3 2 1 7 1353 1372 1373 1354
1367 3 2 1 7 1354 1373 1374 1355
1368 3 2 1 7 1355 1374 262 261
1369 3 2 1 7 134 135 1375 1356
1370 3 2 1 7 1356 1375 1376 1357
1371 3 2 1 7 1357 1376 1377 1358
1372 3 2 1 7 1358 1377 1378 1359
1373 3 2 1 7 1359 1378 1379 1360
1374 3 2 1 7 1360 1379 1380 1361
1375 3 2 1 7 1361 1380 1381 1362
1376 3 2 1 7 1362 1381 1382 1363
1377 3 2 1 7 1363 1382 1383 1364
1378 3 2 1 7 1364 1383 1384 1365
1379 3 2 1 7 1365 1384 1385 1366
1380 3 2 1 7 1366 1385 1386 1367
1381 3 2 1 7 1367 1386 1387 1368
1382 3 2 1 7 1368 1387 1388 1369
1383 3 2 1 7 1369 1388 1389 1370
1384 3 2 1 7 1370 1389 1390 1371
1385 3 2 1 7 1371 1390 1391 1372
1386 3 2 1 7 1372 1391 1392 1373
1387 3 2 1 7 1373 1392 1393 1374
1388 3 2 1 7 1374 1393 263 262
1389 3 2 1 7 135 136 1394 1375
1390 3 2 1 7 1375 1394 1395 1376
1391 3 2 1 7 1376 1395 1396 1377
1392 3 2 1 7 1377 1396 1397 1378
1393 3 2 1 7 1378 1397 1398 1379
1394 3 2 1 7 1379 1398 1399 1380
1395 3 2 1 7 1380 1399 1400 1381
1396 3 2 1 7 1381 1400 1401 1382
1397 3 2 1 7 1382 1401 1402 1383
1398 3 2 1 7 1383 1402 1403 1384
1399 3 2 1 7 1384 1403 1404 1385
1400 3 2 1 7 1385 1404 1405 1386
1401 3 2 1 7 1386 1405 1406 1387
1402 3 2 1 7 1387 1406 1407 1388
1403 3 2 1 7 1388 1407 1408 1389
1404 3 2 1 7 1389 1408 1409 1390
1405 3 2 1 7 1390 1409 1410 1391
1406 3 2 1 7 1391 1410 1411 1392
1407 3 2 1 7 1392 1411 1412 1393
1408 3 2 1 7 1393 1412 264 263
1409 3 2 1 7 136 137 1413 1394
1410 3 2 1 7 1394 1413 1414 1395
1411 3 2 1 7 1395 1414 1415 1396
1412 3 2 1 7 1396 1415 1416 1397
1413 3 2 1 7 1397 1416 1417 1398
1414 3 2 1 7 1398 1417 1418 1399
1415 3 2 1 7 1399 1418 1419 1400
1416 3 2 1 7 1400 1419 1420 1401
1417 3 2 1 7 1401 1420 1421 1402
1418 3 2 1 7 1402 1421 1422 1403
1419 3 2 1 7 1403 1422 1423 1404
1420 3 2 1 7 1404 1423 1424 1405
1421 3 2 1 7 1405 1424 1425 1406
1422 3 2 1 7 1406 1425 1426 1407
1423 3 2 1 7 1407 1426 1427 1408
1424 3 2 1 7 1408 1427 1428 1409
1425 3 2 1 7 1409 1428 1429 1410
1426 3 2 1 7 1410 1429 1430 1411
1427 3 2 1 7 1411 1430 1431 1412
1428 3 2 1 7 1412 1431 265 264
1429 3 2 1 7 137 138 1432 1413
1430 3 2 1 7 1413 1432 1433 1414
1431 3 2 1 7 1414 1433 1434 1415
1432 3 2 1 7 1415 1434 1435 1416
1433 3 2 1 7 1416 1435 1436 1417
1434 3 2 1 7 1417 1436 1437 1418
1435 3 2 1 7 1418 1437 1438 1419
1436 3 2 1 7 1419 1438 1439 1420
1437 3 2 1 7 1420 1439 1440 1421
1438 3 2 1 7 1421 1440 1441 1422
1439 3 2 1 7 1422 1441 1442 1423
1440 3 2 1 7 1423 1442 1443 1424
1441 3 2 1 7 1424 1443 1444 1425
1442 3 2 1 7 1425 1444 1445 1426
1443 3 2 1 7 1426 1445 1446 1427
1444 3 2 1 7 1427 1446 1447 1428
1445 3 2 1 7 1428 1447 1448 1429
1446 3 2 1 7 1429 1448 1449 1430
1447 3 2 1 7 1430 1449 1450 1431
1448 3 2 1 7 1431 1450 266 265
1449 3 2 1 7 138 139 1451 1432
1450 3 2 1 7 1432 1451 1452 1433
1451 3 2 1 7 1433 1452 1453 1434
1452 3 2 1 7 1434 1453 1454 1435
1453 3 2 1 7 1435 1454 1455 1436
1454 3 2 1 7 1436 1455 1456 1437
1455 3 2 1 7 1437 1456 1457 1438
1456 3 2 1 7 1438 1457 1458 1439
1457 3 2 1 7 1439 1458 1459 1440
1458 3 2 1 7 1440 1459 1460 1441
1459 3 2 1 7 1441 1460 1461 1442
1460 3 2 1 7 1442 1461 1462 1443
1461 3 2 1 7 1443 1462 1463 1444
1462 3 2 1 7 1444 1463 1464 1445
1463 3 2 1 7 1445 1464 1465 1446
1464 3 2 1 7 1446 1465 1466 1447
1465 3 2 1 7 1447 1466 1467 1448
1466 3 2 1 7 1448 1467 1468 1449
1467 3 2 1 7 1449 1468 1469 1450
1468 3 2 1 7 1450 1469 267 266
1469 3 2 1 7 139 140 1470 1451
1470 3 2 1 7 1451 1470 1471 1452
1471 3 2 1 7 1452 1471 1472 1453
1472 3 2 1 7 1453 1472 1473 1454
1473 3 2 1 7 1454 1473 1474 1455
1474 3 2 1 7 1455 1474 1475 1456
1475 3 2 1 7 1456 1475 1476 1457
1476 3 2 1 7 1457 1476 1477 1458
1477 3 2 1 7 1458 1477 1478 1459
1478 3 2 1 7 1459 1478 1479 1460
1479 3 2 1 7 1460 1479 1480 1461
1480 3 2 1 7 1461 1480 1481 1462
1481 3 2 1 7 1462 1481 1482 1463
1482 3 2 1 7 1463 1482 1483 1464
1483 3 2 1 7 1464 1483 1484 1465
1484 3 2 1 7 1465 1484 1485 1466
1485 3 2 1 7 1466 1485 1486 1467
1486 3 2 1 7 1467 1486 1487 1468
1487 3 2 1 7 1468 1487 1488 1469
1488 3 2 1 7 1469 1488 268 267
1489 3 2 1 7 140 141 1489 1470
1490 3 2 1 7 1470 1489 1490 1471
1491 3 2 1 7 1471 1490 1491 1472
1492 3 2 1 7 1472 1491 1492 1473
1493 3 2 1 7 1473 1492 1493 1474
1494 3 2 1 7 1474 1493 1494 1475
1495 3 2 1 7 1475 1494 1495 1476
1496 3 2 1 7 1476 1495 1496 1477
1497 3 2 1 7 1477 1496 1497 1478
1498 3 2 1 7 1478 1497 1498 1479
1499 3 2 1 7 1479 1498 1499 1480
1500 3 2 1 7 1480 1499 1500 1481
1501 3 2 1 7 1481 1500 1501 1482
1502 3 2 1 7 1482 1501 1502 1483
1503 3 2 1 7 1483 1502 1503 1484
1504 3 2 1 7 1484 1503 1504 1485
1505 3 2 1 7 1485 1504 1505 1486
1506 3 2 1 7 1486 1505 1506 1487
1507 3 2 1 7 1487 1506 1507 1488
1508 3 2 1 7 1488 1507 269 268
1509 3 2 1 7 141 142 1508 1489
1510 3 2 1 7 1489 1508 1509 1490
1511 3 2 1 7 1490 1509 1510 1491
1512 3 2 1 7 1491 1510 1511 1492
1513 3 2 1 7 1492 1511 1512 1493
1514 3 2 1 7 1493 1512 1513 1494
1515 3 2 1 7 1494 1513 1514 1495
1516 3 2 1 7 1495 1514 1515 1496
1517 3 2 1 7 1496 1515 1516 1497
1518 3 2 1 7 1497 1516 1517 1498
1519 3 2 1 7 1498 1517 1518 1499
1520 3 2 1 7 1499 1518 1519 1500
1521 3 2 1 7 1500 1519 1520 1501
1522 3 2 1 7 1501 1520 1521 1502
1523 3 2 1 7 1502 1521 1522 1503
1524 3 2 1 7 1503 1522 1523 1504
1525 3 2 1 7 1504 1523 1524 1505
1526 3 2 1 7 1505 1524 1525 1506
1527 3 2 1 7 1506 1525 1526 1507
1528 3 2 1 7 1507 1526 270 269
1529 3 2 1 7 142 143 1527 1508
1530 3 2 1 7 1508 1527 1528 1509
1531 3 2 1 7 1509 1528 1529 1510
1532 3 2 1 7 1510 1529 1530 1511
1533 3 2 1 7 1511 1530 1531 1512
1534 3 2 1 7 1512 1531 1532 1513
1535 3 2 1 7 1513 1532 1533 1514
1536 3 2 1 7 1514 1533 1534 1515
1537 3 2 1 7 1515 1534 1535 1516
1538 3 2 1 7 1516 1535 1536 1517
1539 3 2 1 7 1517 1536 1537 1518
1540 3 2 1 7 1518 1537 1538 1519
1541 3 2 1 7 1519 1538 1539 1520
1542 3 2 1 7 1520 1539 1540 1521
1543 3 2 1 7 1521 1540 1541 1522
1544 3 2 1 7 1522 1541 1542 1523
1545 3 2 1 7 1523 1542 1543 1524
1546 3 2 1 7 1524 1543 1544 1525
1547 3 2 1 7 1525 1544 1545 1526
1548 3 2 1 7 1526 1545 271 270
1549 3 2 1 7 143 8 214 1527
1550 3 2 1 7 1527 214 215 1528
1551 3 2 1 7 1528 215 216 1529
1552 3 2 1 7 1529 216 217 1530
1553 3 2 1 7 1530 217 218 1531
1554 3 2 1 7 1531 218 219 1532
1555 3 2 1 7 1532 219 220 1533
1556 3 2 1 7 1533 220 221 1534
1557 3 2 1 7 1534 221 222 1535
1558 3 2 1 7 1535 222 223 1536
1559 3 2 1 7 1536 223 224 1537
1560 3 2 1 7 1537 224 225 1538
1561 3 2 1 7 1538 225 226 1539
1562 3 2 1 7 1539 226 227 1540
1563 3 2 1 7 1540 227 228 1541
1564 3 2 1 7 1541 228 229 1542
1565 3 2 1 7 1542 229 230 1543
1566 3 2 1 7 1543 230 231 1544
1567 3 2 1 7 1544 231 232 1545
1568 3 2 1 7 1545 232 12 271
1569 3 2 1 8 8 144 1546 214
1570 3 2 1 8 214 1546 1547 215
1571 3 2 1 8 215 1547 1548 216
1572 3 2 1 8 216 1548 1549 217
1573 3 2 1 8 217 1549 1550 218
1574 3 2 1 8 218 1550 1551 219
1575 3 2 1 8 219 1551 1552 220
1576 3 2 1 8 220 1552 1553 221
1577 3 2 1 8 221 1553 1554 222
1578 3 2 1 8 222 1554 1555 223
1579 3 2 1 8 223 1555 1556 224
1580 3 2 1 8 224 1556 1557 225
1581 3 2 1 8 225 1557 1558 226
1582 3 2 1 8 226 1558 1559 227
1583 3 2 1 8 227 1559 1560 228
1584 3 2 1 8 228 1560 1561 229
1585 3 2 1 8 229 1561 1562 230
1586 3 2 1 8 230 1562 1563 231
1587 3 2 1 8 231 1563 1564 232
1588 3 2 1 8 232 1564 272 12
1589 3 2 1 8 144 145 1565 1546
1590 3 2 1 8 1546 1565 1566 1547
1591 3 2 1 8 1547 1566 1567 1548
1592 3 2 1 8 1548 1567 1568 1549
1593 3 2 1 8 1549 1568 1569 1550
1594 3 2 1 8 1550 1569 1570 1551
1595 3 2 1 8 1551 1570 1571 1552
1596 3 2 1 8 1552 1571 1572 1553
1597 3 2 1 8 1553 1572 1573 1554
1598 3 2 1 8 1554 1573 1574 1555
1599 3 2 1 8 1555 1574 1575 1556
1600 3 2 1 8 1556 1575 1576 1557
1601 3 2 1 8 1557 1576 1577 1558
1602 3 2 1 8 1558 1577 1578 1559
1603 3 2 1 8 1559 1578 1579 1560
1604 3 2 1 8 1560 1579 1580 1561
1605 3 2 1 8 1561 1580 1581 1562
1606 3 2 1 8 1562 1581 1582 1563
1607 3 2 1 8 1563 1582 1583 1564
1608 3 2 1 8 1564 1583 273 272
1609 3 2 1 8 145 146 1584 1565
1610 3 2 1 8 1565 1584 1585 1566
1611 3 2 1 8 1566 1585 1586 1567
1612 3 2 1 8 1567 1586 1587 1568
1613 3 2 1 8 1568 1587 1588 1569
1614 3 2 1 8 1569 1588 1589 1570
1615 3 2 1 8 1570 1589 1590 1571
1616 3 2 1 8 1571 1590 1591 1572
1617 3 2 1 8 1572 1591 1592 1573
1618 3 2 1 8 1573 1592 1593 1574
1619 3 2 1 8 1574 1593 1594 1575
1620 3 2 1 8 1575 1594 1595 1576
1621 3 2 1 8 1576 1595 1596 1577
1622 3 2 1 8 1577 1596 1597 1578
1623 3 2 1 8 1578 1597 1598 1579
1624 3 2 1 8 1579 1598 1599 1580
1625 3 2 1 8 1580 1599 1600 1581
1626 3 2 1 8 1581 1600 1601 1582
1627 3 2 1 8 1582 1601 1602 1583
1628 3 2 1 8 1583 1602 274 273
1629 3 2 1 8 146 147 1603 1584
1630 3 2 1 8 1584 1603 1604 1585
1631 3 2 1 8 1585 1604 1605 1586
1632 3 2 1 8 1586 1605 1606 1587
1633 3 2 1 8 1587 1606 1607 1588
1634 3 2 1 8 1588 1607 1608 1589
1635 3 2 1 8 1589 1608 1609 1590
1636 3 2 1 8 1590 1609 1610 1591
1637 3 2 1 8 1591 1610 1611 1592
1638 3 2 1 8 1592 1611 1612 1593
1639 3 2 1 8 1593 1612 1613 1594
1640 3 2 1 8 1594 1613 1614 1595
1641 3 2 1 8 1595 1614 1615 1596
1642 3 2 1 8 1596 1615 1616 1597
1643 3 2 1 8 1597 1616 1617 1598
1644 3 2 1 8 1598 1617 1618 1599
1645 3 2 1 8 1599 1618 1619 1600
1646 3 2 1 8 1600 1619 1620 1601
1647 3 2 1 8 1601 1620 1621 1602
1648 3 2 1 8 1602 1621 275 274
1649 3 2 1 8 147 148 1622 1603
1650 3 2 1 8 1603 1622 1623 1604
1651 3 2 1 8 1604 1623 1624 1605
1652 3 2 1 8 1605 1624 1625 1606
1653 3 2 1 8 1606 1625 1626 1607
1654 3 2 1 8 1607 1626 1627 1608
1655 3 2 1 8 1608 1627 1628 1609
1656 3 2 1 8 1609 1628 1629 1610
1657 3 2 1 8 1610 1629 1630 1611
1658 3 2 1 8 1611 1630 1631 1612
1659 3 2 1 8 1612 1631 1632 1613
1660 3 2 1 8 1613 1632 1633 1614
1661 3 2 1 8 1614 1633 1634 1615
1662 3 2 1 8 1615 1634 1635 1616
1663 3 2 1 8 1616 1635 1636 1617
1664 3 2 1 8 1617 1636 1637 1618
1665 3 2 1 8 1618 1637 1638 1619
1666 3 2 1 8 1619 1638 1639 1620
1667 3 2 1 8 1620 1639 1640 1621
1668 3 2 1 8 1621 1640 276 275
1669 3 2 1 8 148 149 1641 1622
1670 3 2 1 8 1622 1641 1642 1623
1671 3 2 1 8 1623 1642 1643 1624
1672 3 2 1 8 1624 1643 1644 1625
1673 3 2 1 8 1625 1644 1645 1626
1674 3 2 1 8 1626 1645 1646 1627
1675 3 2 1 8 1627 1646 1647 1628
1676 3 2 1 8 1628 1647 1648 1629
1677 3 2 1 8 1629 1648 1649 1630
1678 3 2 1 8 1630 1649 1650 1631
1679 3 2 1 8 1631 1650 1651 1632
1680 3 2 1 8 1632 1651 1652 1633
1681 3 2 1 8 1633 1652 1653 1634
1682 3 2 1 8 1634 1653 1654 1635
1683 3 2 1 8 1635 1654 1655 1636
1684 3 2 1 8 1636 1655 1656 1637
1685 3 2 1 8 1637 1656 1657 1638
1686 3 2 1 8 1638 1657 1658 1639
1687 3 2 1 8 1639 1658 1659 1640
1688 3 2 1 8 1640 1659 277 276
1689 3 2 1 8 149 150 1660 1641
1690 3 2 1 8 1641 1660 1661 1642
1691 3 2 1 8 1642 1661 1662 1643
1692 3 2 1 8 1643 1662 1663 1644
1693 3 2 1 8 1644 1663 1664 1645
1694 3 2 1 8 1645 1664 1665 1646
1695 3 2 1 8 1646 1665 1666 1647
1696 3 2 1 8 1647 1666 1667 1648
1697 3 2 1 8 1648 1667 1668 1649
1698 3 2 1 8 1649 1668 1669 1650
1699 3 2 1 8 1650 1669 1670 1651
1700 3 2 1 8 1651 1670 1671 1652
1701 3 2 1 8 1652 1671 1672 1653
1702 3 2 1 8 1653 1672 1673 1654
1703 3 2 1 8 1654 1673 1674 1655
1704 3 2 1 8 1655 1674 1675 1656
1705 3 2 1 8 1656 1675 1676 1657
1706 3 2 1 8 1657 1676 1677 1658
1707 3 2 1 8 1658 1677 1678 1659
1708 3 2 1 8 1659 1678 278 277
1709 3 2 1 8 150 151 1679 1660
1710 3 2 1 8 1660 1679 1680 1661
1711 3 2 1 8 1661 1680 1681 1662
1712 3 2 1 8 1662 1681 1682 1663
1713 3 2 1 8 1663 1682 1683 1664
1714 3 2 1 8 1664 1683 1684 1665
1715 3 2 1 8 1665 1684 1685 1666
1716 3 2 1 8 1666 1685 1686 1667
1717 3 2 1 8 1667 1686 1687 1668
1718 3 2 1 8 1668 1687 1688 1669
1719 3 2 1 8 1669 1688 1689 1670
1720 3 2 1 8 1670 1689 1690 1671
1721 3 2 1 8 1671 1690 1691 1672
1722 3 2 1 8 1672 1691 1692 1673
1723 3 2 1 8 1673 1692 1693 1674
1724 3 2 1 8 1674 1693 1694 1675
1725 3 2 1 8 1675 1694 1695 1676
1726 3 2 1 8 1676 1695 1696 1677
1727 3 2 1 8 1677 1696 1697 1678
1728 3 2 1 8 1678 1697 279 278
1729 3 2 1 8 151 152 1698 1679
1730 3 2 1 8 1679 1698 1699 1680
1731 3 2 1 8 1680 1699 1700 1681
1732 3 2 1 8 1681 1700 1701 1682
1733 3 2 1 8 1682 1701 1702 1683
1734 3 2 1 8 1683 1702 1703 1684
1735 3 2 1 8 1684 1703 1704 1685
1736 3 2 1 8 1685 1704 1705 1686
1737 3 2 1 8 1686 1705 1706 1687
1738 3 2 1 8 1687 1706 1707 1688
1739 3 2 1 8 1688 1707 1708 1689
1740 3 2 1 8 1689 1708 1709 1690
1741 3 2 1 8 1690 1709 1710 1691
1742 3 2 1 8 1691 1710 1711 1692
1743 3 2 1 8 1692 1711 1712 1693
1744 3 2 1 8 1693 1712 1713 1694
1745 3 2 1 8 1694 1713 1714 1695
1746 3 2 1 8 1695 1714 1715 1696
1747 3 2 1 8 1696 1715 1716 1697
1748 3 2 1 8 1697 1716 280 279
1749 3 2 1 8 152 153 1717 1698
1750 3 2 1 8 1698 1717 1718 1699
1751 3 2 1 8 1699 1718 1719 1700
1752 3 2 1 8 1700 1719 1720 1701
1753 3 2 1 8 1701 1720 1721 1702
1754 3 2 1 8 1702 1721 1722 1703
1755 3 2 1 8 1703 1722 1723 1704
1756 3 2 1 8 1704 1723 1724 1705
1757 3 2 1 8 1705 1724 1725 1706
1758 3 2 1 8 1706 1725 1726 1707
1759 3 2 1 8 1707 1726 1727 1708
1760 3 2 1 8 1708 1727 1728 1709
1761 3 2 1 8 1709 1728 1729 1710
1762 3 2 1 8 1710 1729 1730 1711
1763 3 2 1 8 1711 1730 1731 1712
1764 3 2 1 8 1712 1731 1732 1713
1765 3 2 1 8 1713 1732 1733 1714
1766 3 2 1 8 1714 1733 1734 1715
1767 3 2 1 8 1715 1734 1735 1716
1768 3 2 1 8 1716 1735 281 280
1769 3 2 1 8 153 154 1736 1717
1770 3 2 1 8 1717 1736 1737 1718
1771 3 2 1 8 1718 1737 1738 1719
1772 3 2 1 8 1719 1738 1739 1720
1773 3 2 1 8 1720 1739 1740 1721
1774 3 2 1 8 1721 1740 1741 1722
1775 3 2 1 8 1722 1741 1742 1723
1776 3 2 1 8 1723 1742 1743 1724
1777 3 2 1 8 1724 1743 1744 1725
1778 3 2 1 8 1725 1744 1745 1726
1779 3 2 1 8 1726 1745 1746 1727
1780 3 2 1 8 1727 1746 1747 1728
1781 3 2 1 8 1728 1747 1748 1729
1782 3 2 1 8 1729 1748 1749 1730
1783 3 2 1 8 1730 1749 1750 1731
1784 3 2 1 8 1731 1750 1751 1732
1785 3 2 1 8 1732 1751 1752 1733
1786 3 2 1 8 1733 1752 1753 1734
1787 3 2 1 8 1734 1753 1754 1735
1788 3 2 1 8 1735 1754 282 281
1789 3 2 1 8 154 155 1755 1736
1790 3 2 1 8 1736 1755 1756 1737
1791 3 2 1 8 1737 1756 1757 1738
1792 3 2 1 8 1738 1757 1758 1739
1793 3 2 1 8 1739 1758 1759 1740
1794 3 2 1 8 1740 1759 1760 1741
1795 3 2 1 8 1741 1760 1761 1742
1796 3 2 1 8 1742 1761 1762 1743
1797 3 2 1 8 1743 1762 1763 1744
1798 3 2 1 8 1744 1763 1764 1745
1799 3 2 1 8 1745 1764 1765 1746
1800 3 2 1 8 1746 1765 1766 1747
1801 3 2 1 8 1747 1766 1767 1748
1802 3 2 1 8 1748 1767 1768 1749
1803 3 2 1 8 1749 1768 1769 1750
1804 3 2 1 8 1750 1769 1770 1751
1805 3 2 1 8 1751 1770 1771 1752
1806 3 2 1 8 1752 1771 1772 1753
1807 3 2 1 8 1753 1772 1773 1754
1808 3 2 1 8 1754 1773 283 282
1809 3 2 1 8 155 156 1774 1755
1810 3 2 1 8 1755 1774 1775 1756
1811 3 2 1 8 1756 1775 1776 1757
1812 3 2 1 8 1757 1776 1777 1758
1813 3 2 1 8 1758 1777 1778 1759
1814 3 2 1 8 1759 1778 1779 1760
1815 3 2 1 8 1760 1779 1780 1761
1816 3 2 1 8 1761 1780 1781 1762
1817 3 2 1 8 1762 1781 1782 1763
1818 3 2 1 8 1763 1782 1783 1764
1819 3 2 1 8 1764 1783 1784 1765
1820 3 2 1 8 1765 1784 1785 1766
1821 3 2 1 8 1766 1785 1786 1767
1822 3 2 1 8 1767 1786 1787 1768
1823 3 2 1 8 1768 1787 1788 1769
1824 3 2 1 8 1769 1788 1789 1770
1825 3 2 1 8 1770 1789 1790 1771
1826 3 2 1 8 1771 1790 1791 1772
1827 3 2 1 8 1772 1791 1792 1773
1828 3 2 1 8 1773 1792 284 283
1829 3 2 1 8 156 5 157 1774
1830 3 2 1 8 1774 157 158 1775
1831 3 2 1 8 1775 158 159 1776
1832 3 2 1 8 1776 159 160 1777
1833 3 2 1 8 1777 160 161 1778
1834 3 2 1 8 1778 161 162 1779
1835 3 2 1 8 1779 162 163 1780
1836 3 2 1 8 1780 163 164 1781
1837 3 2 1 8 1781 164 165 1782
1838 3 2 1 8 1782 165 166 1783
1839 3 2 1 8 1783 166 167 1784
1840 3 2 1 8 1784 167 168 1785
1841 3 2 1 8 1785 168 169 1786
1842 3 2 1 8 1786 169 170 1787
1843 3 2 1 8 1787 170 171 1788
1844 3 2 1 8 1788 171 172 1789
1845 3 2 1 8 1789 172 173 1790
1846 3 2 1 8 1790 173 174 1791
1847 3 2 1 8 1791 174 175 1792
1848 3 2 1 8 1792 175 9 284
$EndElements
