$MeshFormat
2.2 0 8
$EndMeshFormat
$PhysicalNames
5
1 2 "Inlet"
1 3 "Freestream"
1 4 "Outlet"
1 5 "Cylinder"
2 1 "Fluid"
$EndPhysicalNames
$Nodes
1824
1 0.353553391 0.353553391 0
2 -0.353553391 0.353553391 0
3 -0.353553391 -0.353553391 0
4 0.353553391 -0.353553391 0
5 0.954594155 0.954594155 0
6 -0.954594155 0.954594155 0
7 -0.954594155 -0.954594155 0
8 0.954594155 -0.954594155 0
9 1.5 1.5 0
10 -1.5 1.5 0
11 -1.5 -1.5 0
12 1.5 -1.5 0
13 -5 -5 0
14 -5 -1.5 0
15 -5 1.5 0
16 -5 5 0
17 -1.5 5 0
18 1.5 5 0
19 15 5 0
20 15 1.5 0
21 15 -1.5 0
22 15 -5 0
23 1.5 -5 0
24 -1.5 -5 0
25 0.3117449011913872 0.3909157417607659 0
26 0.2660160383276163 0.423362100249512 0
27 0.2169418694046029 0.4504844346638781 0
28 0.1651395305685167 0.4719416659067173 0
29 0.1112604663398858 0.4874639568265831 0
30 0.05598223716455469 0.4968561056254107 0
31 -1.116639142262343e-09 0.5000000005751977 0
32 -0.05598223901725796 0.4968561054166611 0
33 -0.1112604678836451 0.4874639564742301 0
34 -0.1651395318194378 0.4719416654690011 0
35 -0.216941870300529 0.450484434232423 0
36 -0.2660160388762048 0.423362099904811 0
37 -0.3117449014475146 0.3909157415565113 0
38 -0.3909157417607659 0.3117449011913872 0
39 -0.423362100249512 0.2660160383276163 0
40 -0.4504844346638781 0.2169418694046029 0
41 -0.4719416659067173 0.1651395305685167 0
42 -0.4874639568265831 0.1112604663398858 0
43 -0.4968561056254107 0.05598223716455469 0
44 -0.5000000005751977 -1.116639142262343e-09 0
45 -0.4968561054166611 -0.05598223901725796 0
46 -0.4874639564742301 -0.1112604678836451 0
47 -0.4719416654690011 -0.1651395318194378 0
48 -0.450484434232423 -0.216941870300529 0
49 -0.423362099904811 -0.2660160388762048 0
50 -0.3909157415565113 -0.3117449014475146 0
51 -0.3117449011913872 -0.3909157417607659 0
52 -0.2660160383276163 -0.423362100249512 0
53 -0.2169418694046029 -0.4504844346638781 0
54 -0.1651395305685167 -0.4719416659067173 0
55 -0.1112604663398858 -0.4874639568265831 0
56 -0.05598223716455469 -0.4968561056254107 0
57 1.116639142262343e-09 -0.5000000005751977 0
58 0.05598223901725796 -0.4968561054166611 0
59 0.1112604678836451 -0.4874639564742301 0
60 0.1651395318194378 -0.4719416654690011 0
61 0.216941870300529 -0.450484434232423 0
62 0.2660160388762048 -0.423362099904811 0
63 0.3117449014475146 -0.3909157415565113 0
64 0.3909157417607659 -0.3117449011913872 0
65 0.423362100249512 -0.2660160383276163 0
66 0.4504844346638781 -0.2169418694046029 0
67 0.4719416659067173 -0.1651395305685167 0
68 0.4874639568265831 -0.1112604663398858 0
69 0.4968561056254107 -0.05598223716455469 0
70 0.5000000005751977 1.116639142262343e-09 0
71 0.4968561054166611 0.05598223901725796 0
72 0.4874639564742301 0.1112604678836451 0
73 0.4719416654690011 0.1651395318194378 0
74 0.450484434232423 0.216941870300529 0
75 0.423362099904811 0.2660160388762048 0
76 0.3909157415565113 0.3117449014475146 0
77 0.8417112326467028 1.05547250194247 0
78 0.7182433029127536 1.143077669863823 0
79 0.5857430468550671 1.21630797275249 0
80 0.4458767322444802 1.274242497000988 0
81 0.3004032589690576 1.316152682450292 0
82 0.1511520400681694 1.341511484223508 0
83 -3.24729854117578e-09 1.350000000563085 0
84 -0.1511520455428043 1.341511483606665 0
85 -0.3004032632214902 1.316152681479702 0
86 -0.445876735487688 1.27424249586614 0
87 -0.5857430492020452 1.216307971622244 0
88 -0.7182433043464733 1.143077668962957 0
89 -0.8417112331604858 1.055472501532741 0
90 -1.05547250194247 0.8417112326467028 0
91 -1.143077669863823 0.7182433029127536 0
92 -1.21630797275249 0.5857430468550671 0
93 -1.274242497000988 0.4458767322444802 0
94 -1.316152682450292 0.3004032589690576 0
95 -1.341511484223508 0.1511520400681694 0
96 -1.350000000563085 -3.24729854117578e-09 0
97 -1.341511483606665 -0.1511520455428043 0
98 -1.316152681479702 -0.3004032632214902 0
99 -1.27424249586614 -0.445876735487688 0
100 -1.216307971622244 -0.5857430492020452 0
101 -1.143077668962957 -0.7182433043464733 0
102 -1.055472501532741 -0.8417112331604858 0
103 -0.8417112326467028 -1.05547250194247 0
104 -0.7182433029127536 -1.143077669863823 0
105 -0.5857430468550671 -1.21630797275249 0
106 -0.4458767322444802 -1.274242497000988 0
107 -0.3004032589690576 -1.316152682450292 0
108 -0.1511520400681694 -1.341511484223508 0
109 3.24729854117578e-09 -1.350000000563085 0
110 0.1511520455428043 -1.341511483606665 0
111 0.3004032632214902 -1.316152681479702 0
112 0.445876735487688 -1.27424249586614 0
113 0.5857430492020452 -1.216307971622244 0
114 0.7182433043464733 -1.143077668962957 0
115 0.8417112331604858 -1.055472501532741 0
116 1.05547250194247 -0.8417112326467028 0
117 1.143077669863823 -0.7182433029127536 0
118 1.21630797275249 -0.5857430468550671 0
119 1.274242497000988 -0.4458767322444802 0
120 1.316152682450292 -0.3004032589690576 0
121 1.341511484223508 -0.1511520400681694 0
122 1.350000000563085 3.24729854117578e-09 0
123 1.341511483606665 0.1511520455428043 0
124 1.316152681479702 0.3004032632214902 0
125 1.27424249586614 0.445876735487688 0
126 1.216307971622244 0.5857430492020452 0
127 1.143077668962957 0.7182433043464733 0
128 1.055472501532741 0.8417112331604858 0
129 0.4209134729523187 0.4209134729523187 0
130 0.4936623611766603 0.4936623611766603 0
131 0.5722311605148404 0.5722311605148404 0
132 0.6570854639536134 0.6570854639536134 0
133 0.7487281114843118 0.7487281114843118 0
134 0.8477021707354075 0.8477021707354075 0
135 -0.4209134729523187 0.4209134729523187 0
136 -0.4936623611766603 0.4936623611766603 0
137 -0.5722311605148404 0.5722311605148404 0
138 -0.6570854639536134 0.6570854639536134 0
139 -0.7487281114843118 0.7487281114843118 0
140 -0.8477021707354075 0.8477021707354075 0
141 -0.4209134729523187 -0.4209134729523187 0
142 -0.4936623611766603 -0.4936623611766603 0
143 -0.5722311605148404 -0.5722311605148404 0
144 -0.6570854639536134 -0.6570854639536134 0
145 -0.7487281114843118 -0.7487281114843118 0
146 -0.8477021707354075 -0.8477021707354075 0
147 0.4209134729523187 -0.4209134729523187 0
148 0.4936623611766603 -0.4936623611766603 0
149 0.5722311605148404 -0.5722311605148404 0
150 0.6570854639536134 -0.6570854639536134 0
151 0.7487281114843118 -0.7487281114843118 0
152 0.8477021707354075 -0.8477021707354075 0
153 1.081134764683877 1.081134764683877 0
154 1.214002404759748 1.214002404759748 0
155 1.353513426788553 1.353513426788553 0
156 -1.081134764683877 1.081134764683877 0
157 -1.214002404759748 1.214002404759748 0
158 -1.353513426788553 1.353513426788553 0
159 -1.081134764683877 -1.081134764683877 0
160 -1.214002404759748 -1.214002404759748 0
161 -1.353513426788553 -1.353513426788553 0
162 1.081134764683877 -1.081134764683877 0
163 1.214002404759748 -1.214002404759748 0
164 1.353513426788553 -1.353513426788553 0
165 1.285714285715079 1.5 0
166 1.071428571430157 1.5 0
167 0.8571428571452364 1.5 0
168 0.6428571428603149 1.5 0
169 0.4285714285753928 1.5 0
170 0.2142857142904711 1.5 0
171 5.505595979116151e-12 1.5 0
172 -0.214285714280958 1.5 0
173 -0.4285714285674649 1.5 0
174 -0.6428571428539716 1.5 0
175 -0.8571428571404791 1.5 0
176 -1.071428571426986 1.5 0
177 -1.285714285713493 1.5 0
178 -1.5 1.285714285715079 0
179 -1.5 1.071428571430157 0
180 -1.5 0.8571428571452364 0
181 -1.5 0.6428571428603149 0
182 -1.5 0.4285714285753928 0
183 -1.5 0.2142857142904711 0
184 -1.5 5.505595979116151e-12 0
185 -1.5 -0.214285714280958 0
186 -1.5 -0.4285714285674649 0
187 -1.5 -0.6428571428539716 0
188 -1.5 -0.8571428571404791 0
189 -1.5 -1.071428571426986 0
190 -1.5 -1.285714285713493 0
191 -1.285714285715079 -1.5 0
192 -1.071428571430157 -1.5 0
193 -0.8571428571452364 -1.5 0
194 -0.6428571428603149 -1.5 0
195 -0.4285714285753928 -1.5 0
196 -0.2142857142904711 -1.5 0
197 -5.505595979116151e-12 -1.5 0
198 0.214285714280958 -1.5 0
199 0.4285714285674649 -1.5 0
200 0.6428571428539716 -1.5 0
201 0.8571428571404791 -1.5 0
202 1.071428571426986 -1.5 0
203 1.285714285713493 -1.5 0
204 1.5 -1.285714285715079 0
205 1.5 -1.071428571430157 0
206 1.5 -0.8571428571452364 0
207 1.5 -0.6428571428603149 0
208 1.5 -0.4285714285753928 0
209 1.5 -0.2142857142904711 0
210 1.5 -5.505595979116151e-12 0
211 1.5 0.214285714280958 0
212 1.5 0.4285714285674649 0
213 1.5 0.6428571428539716 0
214 1.5 0.8571428571404791 0
215 1.5 1.071428571426986 0
216 1.5 1.285714285713493 0
217 -4.122872151002272 -5 0
218 -3.391961512556009 -5 0
219 -2.782893678167175 -5 0
220 -2.275357451202202 -5 0
221 -1.85242751371548 -5 0
222 -1.5 -4.122872151002272 0
223 -1.5 -3.391961512556009 0
224 -1.5 -2.782893678167175 0
225 -1.5 -2.275357451202202 0
226 -1.5 -1.85242751371548 0
227 -1.85247011217015 -1.5 0
228 -2.275434241637114 -1.5 0
229 -2.782991198229206 -1.5 0
230 -3.392059548188724 -1.5 0
231 -4.122941570025619 -1.5 0
232 -5 -1.85247011217015 0
233 -5 -2.275434241637114 0
234 -5 -2.782991198229206 0
235 -5 -3.392059548188724 0
236 -5 -4.122941570025619 0
237 -1.85247011217015 1.5 0
238 -2.275434241637114 1.5 0
239 -2.782991198229206 1.5 0
240 -3.392059548188724 1.5 0
241 -4.122941570025619 1.5 0
242 -5 1.285714285715079 0
243 -5 1.071428571430157 0
244 -5 0.8571428571452364 0
245 -5 0.6428571428603149 0
246 -5 0.4285714285753928 0
247 -5 0.2142857142904711 0
248 -5 5.505595979116151e-12 0
249 -5 -0.214285714280958 0
250 -5 -0.4285714285674649 0
251 -5 -0.6428571428539716 0
252 -5 -0.8571428571404791 0
253 -5 -1.071428571426986 0
254 -5 -1.285714285713493 0
255 -1.5 1.85247011217015 0
256 -1.5 2.275434241637114 0
257 -1.5 2.782991198229206 0
258 -1.5 3.392059548188724 0
259 -1.5 4.122941570025619 0
260 -1.85247011217015 5 0
261 -2.275434241637114 5 0
262 -2.782991198229206 5 0
263 -3.392059548188724 5 0
264 -4.122941570025619 5 0
265 -5 4.122872151002272 0
266 -5 3.391961512556009 0
267 -5 2.782893678167175 0
268 -5 2.275357451202202 0
269 -5 1.85242751371548 0
270 -1.285714285715079 -5 0
271 -1.071428571430157 -5 0
272 -0.8571428571452364 -5 0
273 -0.6428571428603149 -5 0
274 -0.4285714285753928 -5 0
275 -0.2142857142904711 -5 0
276 -5.505595979116151e-12 -5 0
277 0.214285714280958 -5 0
278 0.4285714285674649 -5 0
279 0.6428571428539716 -5 0
280 0.8571428571404791 -5 0
281 1.071428571426986 -5 0
282 1.285714285713493 -5 0
283 1.5 -4.122872151002272 0
284 1.5 -3.391961512556009 0
285 1.5 -2.782893678167175 0
286 1.5 -2.275357451202202 0
287 1.5 -1.85242751371548 0
288 1.5 1.85247011217015 0
289 1.5 2.275434241637114 0
290 1.5 2.782991198229206 0
291 1.5 3.392059548188724 0
292 1.5 4.122941570025619 0
293 1.285714285715079 5 0
294 1.071428571430157 5 0
295 0.8571428571452364 5 0
296 0.6428571428603149 5 0
297 0.4285714285753928 5 0
298 0.2142857142904711 5 0
299 5.505595979116151e-12 5 0
300 -0.214285714280958 5 0
301 -0.4285714285674649 5 0
302 -0.6428571428539716 5 0
303 -0.8571428571404791 5 0
304 -1.071428571426986 5 0
305 -1.285714285713493 5 0
306 1.832773951792763 -5 0
307 2.172203380867538 -5 0
308 2.51842139843114 -5 0
309 2.871563777138456 -5 0
310 3.231769003797196 -5 0
311 3.599178334162957 -5 0
312 3.97393585195845 -5 0
313 4.356188520233285 -5 0
314 4.746086240668241 -5 0
315 5.14378191554836 -5 0
316 5.549431503877231 -5 0
317 5.963194083967469 -5 0
318 6.385231916446906 -5 0
319 6.815710505841308 -5 0
320 7.254798666546183 -5 0
321 7.702668591588318 -5 0
322 8.15949591597338 -5 0
323 8.62545978664785 -5 0
324 9.1007429333393 -5 0
325 9.585531742112968 -5 0
326 10.08001632798284 -5 0
327 10.58439060626867 -5 0
328 11.09885237098888 -5 0
329 11.62360337034236 -5 0
330 12.15884938917027 -5 0
331 12.70480032884932 -5 0
332 13.26167028615049 -5 0
333 13.82967764151194 -5 0
334 14.40904514471829 -5 0
335 15 -4.122872151002272 0
336 15 -3.391961512556009 0
337 15 -2.782893678167175 0
338 15 -2.275357451202202 0
339 15 -1.85242751371548 0
340 14.40910672252534 -1.5 0
341 13.82979495300845 -1.5 0
342 13.26183769471281 -1.5 0
343 12.70501239752194 -1.5 0
344 12.15910087509186 -1.5 0
345 11.62388921942468 -1.5 0
346 11.0991677128421 -1.5 0
347 10.5847307473705 -1.5 0
348 10.08037674714488 -1.5 0
349 9.58590808608937 -1.5 0
350 9.101131010734953 -1.5 0
351 8.625855566013756 -1.5 0
352 8.159895520038171 -1.5 0
353 7.703068289844986 -1.5 0
354 7.255194872008332 -1.5 0
355 6.816099773965679 -1.5 0
356 6.385610940161738 -1.5 0
357 5.963559687030948 -1.5 0
358 5.54978063837809 -1.5 0
359 5.144111659556167 -1.5 0
360 4.746393794037241 -1.5 0
361 4.356471198633647 -1.5 0
362 3.974191085101365 -1.5 0
363 3.599403662082066 -1.5 0
364 3.23196207341114 -1.5 0
365 2.871722338851946 -1.5 0
366 2.518543303003138 -1.5 0
367 2.172286576308542 -1.5 0
368 1.832816480521632 -1.5 0
369 15 -1.285714285715079 0
370 15 -1.071428571430157 0
371 15 -0.8571428571452364 0
372 15 -0.6428571428603149 0
373 15 -0.4285714285753928 0
374 15 -0.2142857142904711 0
375 15 -5.505595979116151e-12 0
376 15 0.214285714280958 0
377 15 0.4285714285674649 0
378 15 0.6428571428539716 0
379 15 0.8571428571404791 0
380 15 1.071428571426986 0
381 15 1.285714285713493 0
382 14.40910672252534 1.5 0
383 13.82979495300845 1.5 0
384 13.26183769471281 1.5 0
385 12.70501239752194 1.5 0
386 12.15910087509186 1.5 0
387 11.62388921942468 1.5 0
388 11.0991677128421 1.5 0
389 10.5847307473705 1.5 0
390 10.08037674714488 1.5 0
391 9.58590808608937 1.5 0
392 9.101131010734953 1.5 0
393 8.625855566013756 1.5 0
394 8.159895520038171 1.5 0
395 7.703068289844986 1.5 0
396 7.255194872008332 1.5 0
397 6.816099773965679 1.5 0
398 6.385610940161738 1.5 0
399 5.963559687030948 1.5 0
400 5.54978063837809 1.5 0
401 5.144111659556167 1.5 0
402 4.746393794037241 1.5 0
403 4.356471198633647 1.5 0
404 3.974191085101365 1.5 0
405 3.599403662082066 1.5 0
406 3.23196207341114 1.5 0
407 2.871722338851946 1.5 0
408 2.518543303003138 1.5 0
409 2.172286576308542 1.5 0
410 1.832816480521632 1.5 0
411 15 1.85247011217015 0
412 15 2.275434241637114 0
413 15 2.782991198229206 0
414 15 3.392059548188724 0
415 15 4.122941570025619 0
416 14.40910672252534 5 0
417 13.82979495300845 5 0
418 13.26183769471281 5 0
419 12.70501239752194 5 0
420 12.15910087509186 5 0
421 11.62388921942468 5 0
422 11.0991677128421 5 0
423 10.5847307473705 5 0
424 10.08037674714488 5 0
425 9.58590808608937 5 0
426 9.101131010734953 5 0
427 8.625855566013756 5 0
428 8.159895520038171 5 0
429 7.703068289844986 5 0
430 7.255194872008332 5 0
431 6.816099773965679 5 0
432 6.385610940161738 5 0
433 5.963559687030948 5 0
434 5.54978063837809 5 0
435 5.144111659556167 5 0
436 4.746393794037241 5 0
437 4.356471198633647 5 0
438 3.974191085101365 5 0
439 3.599403662082066 5 0
440 3.23196207341114 5 0
441 2.871722338851946 5 0
442 2.518543303003138 5 0
443 2.172286576308542 5 0
444 1.832816480521632 5 0
445 0.3711395007876298 0.4653942139527237 0
446 0.4352856681010122 0.5458309636058459 0
447 0.5045635288487469 0.6327026532930154 0
448 0.5793836185916827 0.7265240783249227 0
449 0.660189315352538 0.8278512171568484 0
450 0.747459467781907 0.9372845270045982 0
451 0.316698233992348 0.5040223526905258 0
452 0.3714350050964521 0.5911354249865505 0
453 0.4305507179309375 0.6852175431331836 0
454 0.4943956879077052 0.7868262309154022 0
455 0.5633482553447912 0.8965636135008537 0
456 0.6378170281151025 1.015079986594881 0
457 0.2582743031181587 0.5363121178701766 0
458 0.3029133313544354 0.6290060153709096 0
459 0.3511234818839095 0.7291154247429152 0
460 0.4031904445499533 0.837233587060315 0
461 0.4594227641168828 0.95400120212971 0
462 0.5201536691988151 1.0801102263001 0
463 0.1966024230121273 0.5618574469483564 0
464 0.2305823467184985 0.6589664900940114 0
465 0.2672806643474855 0.7638442567659253 0
466 0.3069148474585069 0.8771122449765436 0
467 0.349719765132851 0.9994416719994976 0
468 0.3959490761828144 1.131557453074752 0
469 0.1324581533776179 0.580337092584436 0
470 0.155351655288945 0.6806400788111261 0
471 0.1800766373707666 0.7889673040130114 0
472 0.2067796180674515 0.90596070744274 0
473 0.2356188371622267 1.032313582894291 0
474 0.266765193758761 1.168774688268828 0
475 0.06664814554705753 0.5915186625295124 0
476 0.0781673265551658 0.6937542235866021 0
477 0.09060804205277259 0.8041686296068039 0
478 0.1040440148144996 0.9234161883243932 0
479 0.1185548653681602 1.052203551481968 0
480 0.1342265839531203 1.191293903576829 0
481 -1.355427216709718e-09 0.59526154203473 -0
482 -1.61331839494736e-09 0.6981440064091584 -0
483 -1.891840908165285e-09 0.8092570680125828 -0
484 -2.192645218544039e-09 0.9292591747614176 -0
485 -2.517513729884972e-09 1.058861449791109 -0
486 -2.868371867281502e-09 1.198831906707126 -0
487 -0.06664814780567938 0.5915186622750266 -0
488 -0.07816732925217969 0.6937542232827215 -0
489 -0.09060804522324994 0.8041686292495769 -0
490 -0.1040440184963174 0.9234161879095519 -0
491 -0.1185548696022258 1.052203551004903 -0
492 -0.1342265887836135 1.191293903032564 -0
493 -0.1324581552249448 0.5803370921627957 -0
494 -0.1553516574641248 0.6806400783146555 -0
495 -0.1800766399000275 0.7889673034357241 -0
496 -0.20677962097912 0.9059607067781708 -0
497 -0.2356188404868956 1.032313582135457 -0
498 -0.2667651975294702 1.168774687408188 -0
499 -0.1966024244863288 0.5618574464325112 -0
500 -0.2305823484338428 0.6589664894937866 -0
501 -0.267280666323264 0.7638442560745705 -0
502 -0.3069148497155544 0.8771122441867687 -0
503 -0.349719767693669 0.9994416711034289 -0
504 -0.3959490790717045 1.131557452063886 -0
505 -0.2582743041767076 0.5363121173604062 -0
506 -0.3029133325886171 0.6290060147765588 -0
507 -0.3511234833077745 0.7291154240572183 -0
508 -0.4031904461786763 0.8372335862759632 -0
509 -0.4594227659668525 0.9540012012388113 -0
510 -0.5201536712877315 1.080110225294131 -0
511 -0.3166982346401353 0.5040223522834939 -0
512 -0.3714350058513742 0.5911354245122014 -0
513 -0.4305507188015649 0.6852175425861321 -0
514 -0.4943956889032947 0.7868262302898319 -0
515 -0.5633482564753393 0.8965636127904832 -0
516 -0.6378170293914063 1.015079985792926 -0
517 -0.3711395010726333 0.465394213725441 -0
518 -0.4352856684172018 0.5458309633536931 -0
519 -0.5045635291986174 0.6327026530140031 -0
520 -0.5793836189779291 0.7265240780169016 -0
521 -0.6601893157780698 0.8278512168174981 -0
522 -0.747459468249867 0.9372845266314123 -0
523 -0.4653942139527237 0.3711395007876298 0
524 -0.5458309636058459 0.4352856681010122 0
525 -0.6327026532930154 0.5045635288487469 0
526 -0.7265240783249227 0.5793836185916827 0
527 -0.8278512171568484 0.660189315352538 0
528 -0.9372845270045982 0.747459467781907 0
529 -0.5040223526905258 0.316698233992348 0
530 -0.5911354249865505 0.3714350050964521 0
531 -0.6852175431331836 0.4305507179309375 0
532 -0.7868262309154022 0.4943956879077052 0
533 -0.8965636135008537 0.5633482553447912 0
534 -1.015079986594881 0.6378170281151025 0
535 -0.5363121178701766 0.2582743031181587 0
536 -0.6290060153709096 0.3029133313544354 0
537 -0.7291154247429152 0.3511234818839095 0
538 -0.837233587060315 0.4031904445499533 0
539 -0.95400120212971 0.4594227641168828 0
540 -1.0801102263001 0.5201536691988151 0
541 -0.5618574469483564 0.1966024230121273 0
542 -0.6589664900940114 0.2305823467184985 0
543 -0.7638442567659253 0.2672806643474855 0
544 -0.8771122449765436 0.3069148474585069 0
545 -0.9994416719994976 0.349719765132851 0
546 -1.131557453074752 0.3959490761828144 0
547 -0.580337092584436 0.1324581533776179 0
548 -0.6806400788111261 0.155351655288945 0
549 -0.7889673040130114 0.1800766373707666 0
550 -0.90596070744274 0.2067796180674515 0
551 -1.032313582894291 0.2356188371622267 0
552 -1.168774688268828 0.266765193758761 0
553 -0.5915186625295124 0.06664814554705753 0
554 -0.6937542235866021 0.0781673265551658 0
555 -0.8041686296068039 0.09060804205277259 0
556 -0.9234161883243932 0.1040440148144996 0
557 -1.052203551481968 0.1185548653681602 0
558 -1.191293903576829 0.1342265839531203 0
559 -0.59526154203473 -1.355427216709718e-09 0
560 -0.6981440064091584 -1.61331839494736e-09 0
561 -0.8092570680125828 -1.891840908165285e-09 0
562 -0.9292591747614176 -2.192645218544039e-09 0
563 -1.058861449791109 -2.517513729884972e-09 0
564 -1.198831906707126 -2.868371867281502e-09 0
565 -0.5915186622750266 -0.06664814780567938 0
566 -0.6937542232827215 -0.07816732925217969 0
567 -0.8041686292495769 -0.09060804522324994 0
568 -0.9234161879095519 -0.1040440184963174 0
569 -1.052203551004903 -0.1185548696022258 0
570 -1.191293903032564 -0.1342265887836135 0
571 -0.5803370921627957 -0.1324581552249448 0
572 -0.6806400783146555 -0.1553516574641248 0
573 -0.7889673034357241 -0.1800766399000275 0
574 -0.9059607067781708 -0.20677962097912 0
575 -1.032313582135457 -0.2356188404868956 0
576 -1.168774687408188 -0.2667651975294702 0
577 -0.5618574464325112 -0.1966024244863288 0
578 -0.6589664894937866 -0.2305823484338428 0
579 -0.7638442560745705 -0.267280666323264 0
580 -0.8771122441867687 -0.3069148497155544 0
581 -0.9994416711034289 -0.349719767693669 0
582 -1.131557452063886 -0.3959490790717045 0
583 -0.5363121173604062 -0.2582743041767076 0
584 -0.6290060147765588 -0.3029133325886171 0
585 -0.7291154240572183 -0.3511234833077745 0
586 -0.8372335862759632 -0.4031904461786763 0
587 -0.9540012012388113 -0.4594227659668525 0
588 -1.080110225294131 -0.5201536712877315 0
589 -0.5040223522834939 -0.3166982346401353 0
590 -0.5911354245122014 -0.3714350058513742 0
591 -0.6852175425861321 -0.4305507188015649 0
592 -0.7868262302898319 -0.4943956889032947 0
593 -0.8965636127904832 -0.5633482564753393 0
594 -1.015079985792926 -0.6378170293914063 0
595 -0.465394213725441 -0.3711395010726333 0
596 -0.5458309633536931 -0.4352856684172018 0
597 -0.6327026530140031 -0.5045635291986174 0
598 -0.7265240780169016 -0.5793836189779291 0
599 -0.8278512168174981 -0.6601893157780698 0
600 -0.9372845266314123 -0.747459468249867 0
601 -0.3711395007876298 -0.4653942139527237 0
602 -0.4352856681010122 -0.5458309636058459 0
603 -0.5045635288487469 -0.6327026532930154 0
604 -0.5793836185916827 -0.7265240783249227 0
605 -0.660189315352538 -0.8278512171568484 0
606 -0.747459467781907 -0.9372845270045982 0
607 -0.316698233992348 -0.5040223526905258 0
608 -0.3714350050964521 -0.5911354249865505 0
609 -0.4305507179309375 -0.6852175431331836 0
610 -0.4943956879077052 -0.7868262309154022 0
611 -0.5633482553447912 -0.8965636135008537 0
612 -0.6378170281151025 -1.015079986594881 0
613 -0.2582743031181587 -0.5363121178701766 0
614 -0.3029133313544354 -0.6290060153709096 0
615 -0.3511234818839095 -0.7291154247429152 0
616 -0.4031904445499533 -0.837233587060315 0
617 -0.4594227641168828 -0.95400120212971 0
618 -0.5201536691988151 -1.0801102263001 0
619 -0.1966024230121273 -0.5618574469483564 0
620 -0.2305823467184985 -0.6589664900940114 0
621 -0.2672806643474855 -0.7638442567659253 0
622 -0.3069148474585069 -0.8771122449765436 0
623 -0.349719765132851 -0.9994416719994976 0
624 -0.3959490761828144 -1.131557453074752 0
625 -0.1324581533776179 -0.580337092584436 0
626 -0.155351655288945 -0.6806400788111261 0
627 -0.1800766373707666 -0.7889673040130114 0
628 -0.2067796180674515 -0.90596070744274 0
629 -0.2356188371622267 -1.032313582894291 0
630 -0.266765193758761 -1.168774688268828 0
631 -0.06664814554705753 -0.5915186625295124 0
632 -0.0781673265551658 -0.6937542235866021 0
633 -0.09060804205277259 -0.8041686296068039 0
634 -0.1040440148144996 -0.9234161883243932 0
635 -0.1185548653681602 -1.052203551481968 0
636 -0.1342265839531203 -1.191293903576829 0
637 1.355427216709718e-09 -0.59526154203473 0
638 1.61331839494736e-09 -0.6981440064091584 0
639 1.891840908165285e-09 -0.8092570680125828 0
640 2.192645218544039e-09 -0.9292591747614176 0
641 2.517513729884972e-09 -1.058861449791109 0
642 2.868371867281502e-09 -1.198831906707126 0
643 0.06664814780567938 -0.5915186622750266 0
644 0.07816732925217969 -0.6937542232827215 0
645 0.09060804522324994 -0.8041686292495769 0
646 0.1040440184963174 -0.9234161879095519 0
647 0.1185548696022258 -1.052203551004903 0
648 0.1342265887836135 -1.191293903032564 0
649 0.1324581552249448 -0.5803370921627957 0
650 0.1553516574641248 -0.6806400783146555 0
651 0.1800766399000275 -0.7889673034357241 0
652 0.20677962097912 -0.9059607067781708 0
653 0.2356188404868956 -1.032313582135457 0
654 0.2667651975294702 -1.168774687408188 0
655 0.1966024244863288 -0.5618574464325112 0
656 0.2305823484338428 -0.6589664894937866 0
657 0.267280666323264 -0.7638442560745705 0
658 0.3069148497155544 -0.8771122441867687 0
659 0.349719767693669 -0.9994416711034289 0
660 0.3959490790717045 -1.131557452063886 0
661 0.2582743041767076 -0.5363121173604062 0
662 0.3029133325886171 -0.6290060147765588 0
663 0.3511234833077745 -0.7291154240572183 0
664 0.4031904461786763 -0.8372335862759632 0
665 0.4594227659668525 -0.9540012012388113 0
666 0.5201536712877315 -1.080110225294131 0
667 0.3166982346401353 -0.5040223522834939 0
668 0.3714350058513742 -0.5911354245122014 0
669 0.4305507188015649 -0.6852175425861321 0
670 0.4943956889032947 -0.7868262302898319 0
671 0.5633482564753393 -0.8965636127904832 0
672 0.6378170293914063 -1.015079985792926 0
673 0.3711395010726333 -0.465394213725441 0
674 0.4352856684172018 -0.5458309633536931 0
675 0.5045635291986174 -0.6327026530140031 0
676 0.5793836189779291 -0.7265240780169016 0
677 0.6601893157780698 -0.8278512168174981 0
678 0.747459468249867 -0.9372845266314123 0
679 0.4653942139527237 -0.3711395007876298 0
680 0.5458309636058459 -0.4352856681010122 0
681 0.6327026532930154 -0.5045635288487469 0
682 0.7265240783249227 -0.5793836185916827 0
683 0.8278512171568484 -0.660189315352538 0
684 0.9372845270045982 -0.747459467781907 0
685 0.5040223526905258 -0.316698233992348 0
686 0.5911354249865505 -0.3714350050964521 0
687 0.6852175431331836 -0.4305507179309375 0
688 0.7868262309154022 -0.4943956879077052 0
689 0.8965636135008537 -0.5633482553447912 0
690 1.015079986594881 -0.6378170281151025 0
691 0.5363121178701766 -0.2582743031181587 0
692 0.6290060153709096 -0.3029133313544354 0
693 0.7291154247429152 -0.3511234818839095 0
694 0.837233587060315 -0.4031904445499533 0
695 0.95400120212971 -0.4594227641168828 0
696 1.0801102263001 -0.5201536691988151 0
697 0.5618574469483564 -0.1966024230121273 0
698 0.6589664900940114 -0.2305823467184985 0
699 0.7638442567659253 -0.2672806643474855 0
700 0.8771122449765436 -0.3069148474585069 0
701 0.9994416719994976 -0.349719765132851 0
702 1.131557453074752 -0.3959490761828144 0
703 0.580337092584436 -0.1324581533776179 0
704 0.6806400788111261 -0.155351655288945 0
705 0.7889673040130114 -0.1800766373707666 0
706 0.90596070744274 -0.2067796180674515 0
707 1.032313582894291 -0.2356188371622267 0
708 1.168774688268828 -0.266765193758761 0
709 0.5915186625295124 -0.06664814554705753 0
710 0.6937542235866021 -0.0781673265551658 0
711 0.8041686296068039 -0.09060804205277259 0
712 0.9234161883243932 -0.1040440148144996 0
713 1.052203551481968 -0.1185548653681602 0
714 1.191293903576829 -0.1342265839531203 0
715 0.59526154203473 1.355427216709718e-09 0
716 0.6981440064091584 1.61331839494736e-09 0
717 0.8092570680125828 1.891840908165285e-09 0
718 0.9292591747614176 2.192645218544039e-09 0
719 1.058861449791109 2.517513729884972e-09 0
720 1.198831906707126 2.868371867281502e-09 0
721 0.5915186622750266 0.06664814780567938 0
722 0.6937542232827215 0.07816732925217969 0
723 0.8041686292495769 0.09060804522324994 0
724 0.9234161879095519 0.1040440184963174 0
725 1.052203551004903 0.1185548696022258 0
726 1.191293903032564 0.1342265887836135 0
727 0.5803370921627957 0.1324581552249448 0
728 0.6806400783146555 0.1553516574641248 0
729 0.7889673034357241 0.1800766399000275 0
730 0.9059607067781708 0.20677962097912 0
731 1.032313582135457 0.2356188404868956 0
732 1.168774687408188 0.2667651975294702 0
733 0.5618574464325112 0.1966024244863288 0
734 0.6589664894937866 0.2305823484338428 0
735 0.7638442560745705 0.267280666323264 0
736 0.8771122441867687 0.3069148497155544 0
737 0.9994416711034289 0.349719767693669 0
738 1.131557452063886 0.3959490790717045 0
739 0.5363121173604062 0.2582743041767076 0
740 0.6290060147765588 0.3029133325886171 0
741 0.7291154240572183 0.3511234833077745 0
742 0.8372335862759632 0.4031904461786763 0
743 0.9540012012388113 0.4594227659668525 0
744 1.080110225294131 0.5201536712877315 0
745 0.5040223522834939 0.3166982346401353 0
746 0.5911354245122014 0.3714350058513742 0
747 0.6852175425861321 0.4305507188015649 0
748 0.7868262302898319 0.4943956889032947 0
749 0.8965636127904832 0.5633482564753393 0
750 1.015079985792926 0.6378170293914063 0
751 0.465394213725441 0.3711395010726333 0
752 0.5458309633536931 0.4352856684172018 0
753 0.6327026530140031 0.5045635291986174 0
754 0.7265240780169016 0.5793836189779291 0
755 0.8278512168174981 0.6601893157780698 0
756 0.9372845266314123 0.747459468249867 0
757 0.9447251947298838 1.158608141468754 0
758 1.052889854842166 1.266900562896206 0
759 1.166462747918657 1.380607605353577 0
760 0.8001864643571568 1.225887873823448 0
761 0.8862267838140748 1.312838587920718 0
762 0.9765691192109034 1.404136837689568 0
763 0.648711014244941 1.282127879927036 0
764 0.714827379958429 1.351238782412352 0
765 0.7842495639322828 1.423805229995479 0
766 0.4915785183247306 1.326620909025899 0
767 0.5395653936756943 1.381618241613892 0
768 0.5899516127758373 1.439365440810231 0
769 0.3301397908979595 1.358807435538766 0
770 0.3613631494016398 1.403594926250584 0
771 0.3941476758185524 1.450621791480849 0
772 0.1657997995319011 1.378282695236566 0
773 0.1811799469581467 1.416892466773484 0
774 0.1973291017498172 1.457432726872469 0
775 -2.492609464024669e-09 1.38480177534298 0
776 -1.700185934953663e-09 1.421343638836513 0
777 -8.681413143869413e-10 1.459712595490735 0
778 -0.1657998037341489 1.378282694762837 0
779 -0.1811799498243878 1.416892466450027 0
780 -0.1973291032132513 1.457432726706796 0
781 -0.3301397941619381 1.358807434793364 0
782 -0.3613631516277419 1.40359492574163 0
783 -0.3941476769548836 1.450621791220166 0
784 -0.4915785208140043 1.32662090815435 0
785 -0.5395653953733368 1.381618241018805 0
786 -0.5899516136422673 1.439365440505431 0
787 -0.6487110160462888 1.282127879059021 0
788 -0.7148273811868646 1.351238781819679 0
789 -0.7842495645591609 1.423805229691915 0
790 -0.8001864654575007 1.225887873131594 0
791 -0.8862267845643741 1.312838587448326 0
792 -0.9765691195936561 1.404136837447611 0
793 -0.9447251951240947 1.158608141154087 0
794 -1.052889855110827 1.266900562681354 0
795 -1.166462748055491 1.380607605243531 0
796 -1.158608141468754 0.9447251947298838 0
797 -1.266900562896206 1.052889854842166 0
798 -1.380607605353577 1.166462747918657 0
799 -1.225887873823448 0.8001864643571568 0
800 -1.312838587920718 0.8862267838140748 0
801 -1.404136837689568 0.9765691192109034 0
802 -1.282127879927036 0.648711014244941 0
803 -1.351238782412352 0.714827379958429 0
804 -1.423805229995479 0.7842495639322828 0
805 -1.326620909025899 0.4915785183247306 0
806 -1.381618241613892 0.5395653936756943 0
807 -1.439365440810231 0.5899516127758373 0
808 -1.358807435538766 0.3301397908979595 0
809 -1.403594926250584 0.3613631494016398 0
810 -1.450621791480849 0.3941476758185524 0
811 -1.378282695236566 0.1657997995319011 0
812 -1.416892466773484 0.1811799469581467 0
813 -1.457432726872469 0.1973291017498172 0
814 -1.38480177534298 -2.492609464024669e-09 0
815 -1.421343638836513 -1.700185934953663e-09 0
816 -1.459712595490735 -8.681413143869413e-10 0
817 -1.378282694762837 -0.1657998037341489 0
818 -1.416892466450027 -0.1811799498243878 0
819 -1.457432726706796 -0.1973291032132513 0
820 -1.358807434793364 -0.3301397941619381 0
821 -1.40359492574163 -0.3613631516277419 0
822 -1.450621791220166 -0.3941476769548836 0
823 -1.32662090815435 -0.4915785208140043 0
824 -1.381618241018805 -0.5395653953733368 0
825 -1.439365440505431 -0.5899516136422673 0
826 -1.282127879059021 -0.6487110160462888 0
827 -1.351238781819679 -0.7148273811868646 0
828 -1.423805229691915 -0.7842495645591609 0
829 -1.225887873131594 -0.8001864654575007 0
830 -1.312838587448326 -0.8862267845643741 0
831 -1.404136837447611 -0.9765691195936561 0
832 -1.158608141154087 -0.9447251951240947 0
833 -1.266900562681354 -1.052889855110827 0
834 -1.380607605243531 -1.166462748055491 0
835 -0.9447251947298838 -1.158608141468754 0
836 -1.052889854842166 -1.266900562896206 0
837 -1.166462747918657 -1.380607605353577 0
838 -0.8001864643571568 -1.225887873823448 0
839 -0.8862267838140748 -1.312838587920718 0
840 -0.9765691192109034 -1.404136837689568 0
841 -0.648711014244941 -1.282127879927036 0
842 -0.714827379958429 -1.351238782412352 0
843 -0.7842495639322828 -1.423805229995479 0
844 -0.4915785183247306 -1.326620909025899 0
845 -0.5395653936756943 -1.381618241613892 0
846 -0.5899516127758373 -1.439365440810231 0
847 -0.3301397908979595 -1.358807435538766 0
848 -0.3613631494016398 -1.403594926250584 0
849 -0.3941476758185524 -1.450621791480849 0
850 -0.1657997995319011 -1.378282695236566 0
851 -0.1811799469581467 -1.416892466773484 0
852 -0.1973291017498172 -1.457432726872469 0
853 2.492609464024669e-09 -1.38480177534298 0
854 1.700185934953663e-09 -1.421343638836513 0
855 8.681413143869413e-10 -1.459712595490735 0
856 0.1657998037341489 -1.378282694762837 0
857 0.1811799498243878 -1.416892466450027 0
858 0.1973291032132513 -1.457432726706796 0
859 0.3301397941619381 -1.358807434793364 0
860 0.3613631516277419 -1.40359492574163 0
861 0.3941476769548836 -1.450621791220166 0
862 0.4915785208140043 -1.32662090815435 0
863 0.5395653953733368 -1.381618241018805 0
864 0.5899516136422673 -1.439365440505431 0
865 0.6487110160462888 -1.282127879059021 0
866 0.7148273811868646 -1.351238781819679 0
867 0.7842495645591609 -1.423805229691915 0
868 0.8001864654575007 -1.225887873131594 0
869 0.8862267845643741 -1.312838587448326 0
870 0.9765691195936561 -1.404136837447611 0
871 0.9447251951240947 -1.158608141154087 0
872 1.052889855110827 -1.266900562681354 0
873 1.166462748055491 -1.380607605243531 0
874 1.158608141468754 -0.9447251947298838 0
875 1.266900562896206 -1.052889854842166 0
876 1.380607605353577 -1.166462747918657 0
877 1.225887873823448 -0.8001864643571568 0
878 1.312838587920718 -0.8862267838140748 0
879 1.404136837689568 -0.9765691192109034 0
880 1.282127879927036 -0.648711014244941 0
881 1.351238782412352 -0.714827379958429 0
882 1.423805229995479 -0.7842495639322828 0
883 1.326620909025899 -0.4915785183247306 0
884 1.381618241613892 -0.5395653936756943 0
885 1.439365440810231 -0.5899516127758373 0
886 1.358807435538766 -0.3301397908979595 0
887 1.403594926250584 -0.3613631494016398 0
888 1.450621791480849 -0.3941476758185524 0
889 1.378282695236566 -0.1657997995319011 0
890 1.416892466773484 -0.1811799469581467 0
891 1.457432726872469 -0.1973291017498172 0
892 1.38480177534298 2.492609464024669e-09 0
893 1.421343638836513 1.700185934953663e-09 0
894 1.459712595490735 8.681413143869413e-10 0
895 1.378282694762837 0.1657998037341489 0
896 1.416892466450027 0.1811799498243878 0
897 1.457432726706796 0.1973291032132513 0
898 1.358807434793364 0.3301397941619381 0
899 1.40359492574163 0.3613631516277419 0
900 1.450621791220166 0.3941476769548836 0
901 1.32662090815435 0.4915785208140043 0
902 1.381618241018805 0.5395653953733368 0
903 1.439365440505431 0.5899516136422673 0
904 1.282127879059021 0.6487110160462888 0
905 1.351238781819679 0.7148273811868646 0
906 1.423805229691915 0.7842495645591609 0
907 1.225887873131594 0.8001864654575007 0
908 1.312838587448326 0.8862267845643741 0
909 1.404136837447611 0.9765691195936561 0
910 1.158608141154087 0.9447251951240947 0
911 1.266900562681354 1.052889855110827 0
912 1.380607605243531 1.166462748055491 0
913 -4.122889547273453 -4.122924173754439 0
914 -4.122904043876139 -3.392034980651331 0
915 -4.122916124136742 -2.782966759892815 0
916 -4.122926190819229 -2.275414998104645 0
917 -4.122934579553514 -1.852459437080908 0
918 -3.391986080093404 -4.122909677151752 0
919 -3.392006552631739 -3.392014508112994 0
920 -3.392023612739107 -2.782946395019828 0
921 -3.392037829210893 -2.27539896214834 0
922 -3.39204967603376 -1.852450541351141 0
923 -2.782918116503566 -4.122897596891149 0
924 -2.782938481376553 -3.391997448005628 0
925 -2.782955451764591 -2.782929424631791 0
926 -2.782969593471766 -2.275385599118715 0
927 -2.782981377992034 -1.852443128391279 0
928 -2.275376694734671 -4.122887530208662 0
929 -2.275392730690976 -3.391983231533839 0
930 -2.275406093720601 -2.782915282924616 0
931 -2.275417229355892 -2.275374463483423 0
932 -2.275426508866362 -1.852436951048283 0
933 -1.852438188804721 -4.12287914147438 0
934 -1.852447084534488 -3.391971384710974 0
935 -1.85245449749435 -2.782903498404347 0
936 -1.852460674837345 -2.275365183972953 0
937 -1.852465822520212 -1.852431803365417 0
938 -4.122941570025619 -1.285714285713493 0
939 -4.122941570025619 -1.071428571426986 0
940 -4.122941570025619 -0.8571428571404792 0
941 -4.122941570025618 -0.6428571428539713 0
942 -4.122941570025619 -0.4285714285674649 0
943 -4.122941570025619 -0.2142857142809577 0
944 -4.122941570025619 5.505373934511226e-12 0
945 -4.122941570025619 0.2142857142904711 0
946 -4.122941570025619 0.4285714285753928 0
947 -4.122941570025619 0.6428571428603149 0
948 -4.122941570025619 0.8571428571452364 0
949 -4.122941570025619 1.071428571430157 0
950 -4.122941570025619 1.285714285715079 0
951 -3.392059548188724 -1.285714285713493 0
952 -3.392059548188724 -1.071428571426986 0
953 -3.392059548188724 -0.8571428571404792 0
954 -3.392059548188724 -0.6428571428539713 0
955 -3.392059548188724 -0.4285714285674649 0
956 -3.392059548188724 -0.2142857142809579 0
957 -3.392059548188724 5.505651490267383e-12 0
958 -3.392059548188725 0.2142857142904711 0
959 -3.392059548188724 0.4285714285753926 0
960 -3.392059548188724 0.6428571428603147 0
961 -3.392059548188725 0.8571428571452363 0
962 -3.392059548188723 1.071428571430157 0
963 -3.392059548188724 1.285714285715079 0
964 -2.782991198229206 -1.285714285713493 0
965 -2.782991198229206 -1.071428571426986 0
966 -2.782991198229206 -0.8571428571404791 0
967 -2.782991198229206 -0.6428571428539716 0
968 -2.782991198229206 -0.4285714285674649 0
969 -2.782991198229206 -0.2142857142809578 0
970 -2.782991198229206 5.505595979116151e-12 0
971 -2.782991198229206 0.2142857142904711 0
972 -2.782991198229206 0.4285714285753927 0
973 -2.782991198229206 0.6428571428603148 0
974 -2.782991198229206 0.8571428571452364 0
975 -2.782991198229206 1.071428571430157 0
976 -2.782991198229206 1.285714285715079 0
977 -2.275434241637114 -1.285714285713493 0
978 -2.275434241637114 -1.071428571426986 0
979 -2.275434241637114 -0.8571428571404791 0
980 -2.275434241637115 -0.6428571428539716 0
981 -2.275434241637114 -0.4285714285674649 0
982 -2.275434241637114 -0.2142857142809578 0
983 -2.275434241637114 5.505707001418614e-12 0
984 -2.275434241637114 0.2142857142904711 0
985 -2.275434241637114 0.4285714285753927 0
986 -2.275434241637114 0.6428571428603148 0
987 -2.275434241637114 0.8571428571452364 0
988 -2.275434241637114 1.071428571430157 0
989 -2.275434241637114 1.285714285715079 0
990 -1.85247011217015 -1.285714285713493 0
991 -1.85247011217015 -1.071428571426986 0
992 -1.852470112170149 -0.8571428571404792 0
993 -1.85247011217015 -0.6428571428539714 0
994 -1.85247011217015 -0.4285714285674649 0
995 -1.85247011217015 -0.2142857142809579 0
996 -1.85247011217015 5.505568223540536e-12 0
997 -1.85247011217015 0.2142857142904711 0
998 -1.85247011217015 0.4285714285753928 0
999 -1.852470112170149 0.6428571428603148 0
1000 -1.85247011217015 0.8571428571452365 0
1001 -1.85247011217015 1.071428571430157 0
1002 -1.85247011217015 1.285714285715079 0
1003 -4.122941570025619 1.852438188382271 -0
1004 -4.122941570025619 2.275376693973139 -0
1005 -4.122941570025619 2.78291811553646 -0
1006 -4.122941570025619 3.391986079121184 -0
1007 -4.122941570025619 4.122889546585022 -0
1008 -3.392059548188725 1.852447083937893 -0
1009 -3.392059548188725 2.275392729615518 -0
1010 -3.392059548188725 2.782938480010776 -0
1011 -3.392059548188723 3.392006551258741 -0
1012 -3.392059548188725 4.12290404290392 -0
1013 -2.782991198229205 1.852454496900893 -0
1014 -2.782991198229206 2.2754060926508 -0
1015 -2.782991198229206 2.782955450405997 -0
1016 -2.782991198229206 3.392023611373328 -0
1017 -2.782991198229206 4.122916123169636 -0
1018 -2.275434241637114 1.852460674370038 -0
1019 -2.275434241637113 2.275417228513497 -0
1020 -2.275434241637114 2.782969592401964 -0
1021 -2.275434241637114 3.392037828135436 -0
1022 -2.275434241637114 4.122926190057698 -0
1023 -1.85247011217015 1.85246582226098 -0
1024 -1.85247011217015 2.275426508399055 -0
1025 -1.85247011217015 2.782981377398576 -0
1026 -1.85247011217015 3.392049675437164 -0
1027 -1.85247011217015 4.122934579131063 -0
1028 -1.285714285715079 -4.122872151002271 0
1029 -1.285714285715079 -3.39196151255601 0
1030 -1.285714285715079 -2.782893678167175 0
1031 -1.285714285715079 -2.275357451202201 0
1032 -1.285714285715079 -1.85242751371548 0
1033 -1.071428571430157 -4.122872151002271 0
1034 -1.071428571430157 -3.39196151255601 0
1035 -1.071428571430158 -2.782893678167176 0
1036 -1.071428571430158 -2.275357451202202 0
1037 -1.071428571430158 -1.85242751371548 0
1038 -0.8571428571452363 -4.122872151002271 0
1039 -0.8571428571452366 -3.39196151255601 0
1040 -0.8571428571452364 -2.782893678167176 0
1041 -0.8571428571452365 -2.275357451202202 0
1042 -0.8571428571452364 -1.85242751371548 0
1043 -0.6428571428603153 -4.122872151002272 0
1044 -0.642857142860315 -3.39196151255601 0
1045 -0.6428571428603151 -2.782893678167174 0
1046 -0.642857142860315 -2.275357451202202 0
1047 -0.6428571428603149 -1.85242751371548 0
1048 -0.4285714285753928 -4.122872151002272 0
1049 -0.4285714285753929 -3.39196151255601 0
1050 -0.4285714285753928 -2.782893678167175 0
1051 -0.4285714285753928 -2.275357451202201 0
1052 -0.4285714285753927 -1.85242751371548 0
1053 -0.2142857142904711 -4.122872151002272 0
1054 -0.2142857142904711 -3.39196151255601 0
1055 -0.214285714290471 -2.782893678167176 0
1056 -0.214285714290471 -2.275357451202202 0
1057 -0.2142857142904709 -1.85242751371548 0
1058 -5.505651490267383e-12 -4.122872151002272 0
1059 -5.505595979116151e-12 -3.39196151255601 0
1060 -5.505595979116151e-12 -2.782893678167176 0
1061 -5.505595979116151e-12 -2.275357451202202 0
1062 -5.505595979116151e-12 -1.85242751371548 0
1063 0.214285714280958 -4.122872151002272 0
1064 0.2142857142809579 -3.391961512556011 0
1065 0.214285714280958 -2.782893678167176 0
1066 0.214285714280958 -2.275357451202202 0
1067 0.214285714280958 -1.85242751371548 0
1068 0.4285714285674649 -4.122872151002271 0
1069 0.4285714285674649 -3.39196151255601 0
1070 0.4285714285674648 -2.782893678167176 0
1071 0.4285714285674649 -2.275357451202202 0
1072 0.4285714285674648 -1.852427513715479 0
1073 0.6428571428539716 -4.122872151002271 0
1074 0.6428571428539716 -3.39196151255601 0
1075 0.6428571428539717 -2.782893678167176 0
1076 0.6428571428539716 -2.275357451202202 0
1077 0.6428571428539716 -1.85242751371548 0
1078 0.8571428571404794 -4.122872151002271 0
1079 0.8571428571404792 -3.391961512556011 0
1080 0.8571428571404791 -2.782893678167176 0
1081 0.8571428571404791 -2.275357451202202 0
1082 0.8571428571404792 -1.85242751371548 0
1083 1.071428571426986 -4.122872151002271 0
1084 1.071428571426986 -3.39196151255601 0
1085 1.071428571426986 -2.782893678167175 0
1086 1.071428571426986 -2.275357451202202 0
1087 1.071428571426986 -1.85242751371548 0
1088 1.285714285713493 -4.122872151002272 0
1089 1.285714285713493 -3.39196151255601 0
1090 1.285714285713493 -2.782893678167176 0
1091 1.285714285713493 -2.275357451202202 0
1092 1.285714285713493 -1.85242751371548 0
1093 -1.285714285713493 1.85247011217015 -0
1094 -1.285714285713493 2.275434241637114 -0
1095 -1.285714285713493 2.782991198229206 -0
1096 -1.285714285713493 3.392059548188724 -0
1097 -1.285714285713493 4.122941570025619 -0
1098 -1.071428571426986 1.85247011217015 -0
1099 -1.071428571426986 2.275434241637114 -0
1100 -1.071428571426986 2.782991198229206 -0
1101 -1.071428571426986 3.392059548188724 -0
1102 -1.071428571426986 4.122941570025619 -0
1103 -0.8571428571404792 1.852470112170149 -0
1104 -0.857142857140479 2.275434241637114 -0
1105 -0.857142857140479 2.782991198229206 -0
1106 -0.8571428571404792 3.392059548188724 -0
1107 -0.857142857140479 4.122941570025619 -0
1108 -0.6428571428539714 1.85247011217015 -0
1109 -0.6428571428539718 2.275434241637115 -0
1110 -0.6428571428539716 2.782991198229206 -0
1111 -0.6428571428539713 3.392059548188723 -0
1112 -0.6428571428539713 4.122941570025618 -0
1113 -0.4285714285674649 1.85247011217015 -0
1114 -0.4285714285674648 2.275434241637114 -0
1115 -0.4285714285674648 2.782991198229206 -0
1116 -0.4285714285674648 3.392059548188724 -0
1117 -0.4285714285674649 4.122941570025619 -0
1118 -0.214285714280958 1.85247011217015 -0
1119 -0.2142857142809579 2.275434241637114 -0
1120 -0.2142857142809579 2.782991198229206 -0
1121 -0.214285714280958 3.392059548188724 -0
1122 -0.2142857142809579 4.122941570025619 -0
1123 5.505582101328343e-12 1.85247011217015 0
1124 5.505734756994229e-12 2.275434241637114 0
1125 5.50554046796492e-12 2.782991198229206 0
1126 5.505595979116151e-12 3.392059548188723 0
1127 5.505484956813689e-12 4.122941570025619 0
1128 0.2142857142904711 1.85247011217015 0
1129 0.214285714290471 2.275434241637114 0
1130 0.214285714290471 2.782991198229206 0
1131 0.214285714290471 3.392059548188724 0
1132 0.2142857142904712 4.122941570025619 0
1133 0.4285714285753927 1.85247011217015 0
1134 0.4285714285753927 2.275434241637114 0
1135 0.4285714285753927 2.782991198229206 0
1136 0.4285714285753925 3.392059548188724 0
1137 0.4285714285753928 4.122941570025619 0
1138 0.6428571428603148 1.852470112170149 0
1139 0.6428571428603146 2.275434241637114 0
1140 0.6428571428603151 2.782991198229206 0
1141 0.6428571428603147 3.392059548188724 0
1142 0.6428571428603148 4.122941570025619 0
1143 0.8571428571452365 1.85247011217015 0
1144 0.8571428571452365 2.275434241637114 0
1145 0.8571428571452364 2.782991198229206 0
1146 0.8571428571452363 3.392059548188725 0
1147 0.8571428571452369 4.122941570025619 0
1148 1.071428571430157 1.85247011217015 0
1149 1.071428571430158 2.275434241637114 0
1150 1.071428571430157 2.782991198229206 0
1151 1.071428571430157 3.392059548188724 0
1152 1.071428571430157 4.122941570025619 0
1153 1.285714285715079 1.85247011217015 0
1154 1.285714285715079 2.275434241637114 0
1155 1.285714285715079 2.782991198229206 0
1156 1.285714285715079 3.392059548188723 0
1157 1.285714285715079 4.122941570025619 0
1158 1.832784609830613 -4.122872151002271 0
1159 1.832793491173576 -3.39196151255601 0
1160 1.832800891996659 -2.782893678167176 0
1161 1.832807059102541 -2.275357451202202 0
1162 1.832812198151867 -1.85242751371548 0
1163 2.172224230307028 -4.122872151002272 0
1164 2.172241604144999 -3.391961512556011 0
1165 2.172256081764167 -2.782893678167176 0
1166 2.172268145964231 -2.275357451202202 0
1167 2.172278199062134 -1.85242751371548 0
1168 2.51845194868686 -4.122872151002272 0
1169 2.518477406215017 -3.391961512556009 0
1170 2.518498619973208 -2.782893678167176 0
1171 2.518516297397928 -2.275357451202201 0
1172 2.518531027995933 -1.85242751371548 0
1173 2.87160351396551 -4.122872151002271 0
1174 2.871636626663578 -3.39196151255601 0
1175 2.87166421947485 -2.782893678167176 0
1176 2.871687212564509 -2.275357451202202 0
1177 2.871706372706102 -1.85242751371548 0
1178 3.231817388578678 -4.122872151002272 0
1179 3.23185770761719 -3.39196151255601 0
1180 3.231891305471946 -2.782893678167176 0
1181 3.231919302564347 -2.275357451202202 0
1182 3.231942632541421 -1.85242751371548 0
1183 3.599234803132388 -4.122872151002272 0
1184 3.599281858724734 -3.39196151255601 0
1185 3.599321070149798 -2.782893678167176 0
1186 3.599353745030339 -2.275357451202202 0
1187 3.599380973008265 -1.85242751371548 0
1188 3.973999815414918 -4.122872151002272 0
1189 3.974053116163329 -3.39196151255601 0
1190 3.974097531676936 -2.782893678167176 0
1191 3.974134543124464 -2.275357451202202 0
1192 3.974165384763658 -1.85242751371548 0
1193 4.356259361689648 -4.122872151002272 0
1194 4.356318393875387 -3.391961512556011 0
1195 4.35636758539571 -2.782893678167176 0
1196 4.356408576689644 -2.275357451202202 0
1197 4.35644273473484 -1.85242751371548 0
1198 4.746163315989672 -4.122872151002271 0
1199 4.746227542855183 -3.39196151255601 0
1200 4.74628106310216 -2.782893678167176 0
1201 4.746325661524014 -2.275357451202202 0
1202 4.746362825388906 -1.85242751371548 0
1203 5.143864552020442 -4.122872151002272 0
1204 5.143933412992805 -3.39196151255601 0
1205 5.143990794841016 -2.782893678167176 0
1206 5.144038611135183 -2.275357451202202 0
1207 5.144078456453071 -1.85242751371548 0
1208 5.54951899976116 -4.122872151002272 0
1209 5.549591910081426 -3.391961512556011 0
1210 5.549652666251237 -2.782893678167176 0
1211 5.549703294367601 -2.275357451202202 0
1212 5.549745482776922 -1.85242751371548 0
1213 5.963285707004228 -4.122872151002271 0
1214 5.963362056480957 -3.39196151255601 0
1215 5.963425678499847 -2.782893678167176 0
1216 5.963478694728249 -2.275357451202203 0
1217 5.963522873151327 -1.85242751371548 0
1218 6.385326902805681 -4.122872151002271 0
1219 6.385406054938651 -3.391961512556009 0
1220 6.385472012410985 -2.782893678167176 0
1221 6.385526974772744 -2.275357451202201 0
1222 6.385572774908752 -1.85242751371548 0
1223 6.815808059530625 -4.122872151002272 0
1224 6.815889351020143 -3.391961512556011 0
1225 6.815957091218288 -2.782893678167176 0
1226 6.816013539125465 -2.275357451202202 0
1227 6.816060577166467 -1.85242751371548 0
1228 7.254897958787548 -4.122872151002272 0
1229 7.25498069901249 -3.391961512556011 0
1230 7.255049646441862 -2.782893678167176 0
1231 7.255107100334823 -2.275357451202202 0
1232 7.255154976663776 -1.85242751371548 0
1233 7.702768759151779 -4.122872151002271 0
1234 7.702852228782628 -3.39196151255601 0
1235 7.702921784025942 -2.782893678167176 0
1236 7.70297974441026 -2.275357451202202 0
1237 7.703028042798461 -1.85242751371548 0
1238 8.15959605993161 -4.122872151002272 0
1239 8.159679509892216 -3.391961512556011 0
1240 8.159749048744319 -2.782893678167174 0
1241 8.159806995469838 -2.275357451202202 0
1242 8.159855282476167 -1.85242751371548 0
1243 8.625558972106107 -4.122872151002272 0
1244 8.625641623348683 -3.391961512556011 0
1245 8.625710496629054 -2.782893678167176 0
1246 8.625767888733648 -2.275357451202202 0
1247 8.625815713574353 -1.85242751371548 0
1248 9.100840188622529 -4.122872151002272 0
1249 9.100921231450249 -3.39196151255601 0
1250 9.100988764438519 -2.782893678167176 0
1251 9.101045039677706 -2.275357451202202 0
1252 9.101091933834471 -1.85242751371548 0
1253 9.585626056907969 -4.122872151002272 0
1254 9.585704649426845 -3.391961512556011 0
1255 9.585770140572759 -2.782893678167176 0
1256 9.58582471434471 -2.275357451202202 0
1257 9.585870190668828 -1.85242751371548 0
1258 10.08010665189266 -4.122872151002271 0
1259 10.08018191880689 -3.39196151255601 0
1260 10.08024463872646 -2.782893678167176 0
1261 10.0802969032355 -2.275357451202202 0
1262 10.08034045525083 -1.85242751371548 0
1263 10.58447584833524 -4.122872151002272 0
1264 10.5845468805495 -3.39196151255601 0
1265 10.58460607169358 -2.782893678167176 0
1266 10.58465539567399 -2.275357451202202 0
1267 10.58469649734683 -1.85242751371548 0
1268 11.09893139816643 -4.122872151002271 0
1269 11.09899725151364 -3.391961512556011 0
1270 11.09905212710782 -2.782893678167176 0
1271 11.09909785494051 -2.275357451202202 0
1272 11.09913595994344 -1.85242751371548 0
1273 11.62367500639685 -4.122872151002272 0
1274 11.62373470072121 -3.39196151255601 0
1275 11.62378444400165 -2.782893678167176 0
1276 11.62382589507728 -2.275357451202202 0
1277 11.62386043625857 -1.85242751371548 0
1278 12.15891241354326 -4.122872151002271 0
1279 12.1589649317534 -3.391961512556011 0
1280 12.15900869517787 -2.782893678167176 0
1281 12.15904516323952 -2.275357451202202 0
1282 12.15907555207526 -1.85242751371548 0
1283 12.70485347494608 -4.122872151002273 0
1284 12.70489776158862 -3.39196151255601 0
1285 12.70493466564782 -2.782893678167176 0
1286 12.70496541780038 -2.275357451202202 0
1287 12.70499104356908 -1.85242751371548 0
1288 13.26171224006825 -4.122872151002271 0
1289 13.26174720026802 -3.39196151255601 0
1290 13.26177633260244 -2.782893678167176 0
1291 13.26180060857676 -2.275357451202202 0
1292 13.26182083774613 -1.85242751371548 0
1293 13.8297070407064 -4.122872151002273 0
1294 13.8297315390552 -3.39196151255601 0
1295 13.82975195352924 -2.782893678167176 0
1296 13.82976896491047 -2.275357451202202 0
1297 13.82978314049444 -1.85242751371548 0
1298 14.4090605766067 -4.122872151002272 0
1299 14.40907343599935 -3.39196151255601 0
1300 14.40908415173123 -2.782893678167176 0
1301 14.40909308115062 -2.275357451202202 0
1302 14.40910052203579 -1.85242751371548 0
1303 1.832816480521632 -1.285714285715079 0
1304 1.832816480521633 -1.071428571430157 0
1305 1.832816480521632 -0.8571428571452362 0
1306 1.832816480521632 -0.642857142860315 0
1307 1.832816480521633 -0.4285714285753929 0
1308 1.832816480521632 -0.2142857142904712 0
1309 1.832816480521632 -5.505484956813689e-12 0
1310 1.832816480521632 0.2142857142809581 0
1311 1.832816480521633 0.428571428567465 0
1312 1.832816480521632 0.6428571428539716 0
1313 1.832816480521632 0.8571428571404791 0
1314 1.832816480521632 1.071428571426986 0
1315 1.832816480521632 1.285714285713493 0
1316 2.172286576308542 -1.285714285715079 0
1317 2.172286576308542 -1.071428571430157 0
1318 2.172286576308542 -0.8571428571452365 0
1319 2.172286576308542 -0.6428571428603153 0
1320 2.172286576308542 -0.4285714285753927 0
1321 2.172286576308542 -0.2142857142904711 0
1322 2.172286576308542 -5.505484956813689e-12 0
1323 2.172286576308542 0.214285714280958 0
1324 2.172286576308542 0.4285714285674649 0
1325 2.172286576308542 0.6428571428539716 0
1326 2.172286576308542 0.8571428571404789 0
1327 2.172286576308542 1.071428571426986 0
1328 2.172286576308542 1.285714285713493 0
1329 2.518543303003138 -1.285714285715079 0
1330 2.518543303003139 -1.071428571430157 0
1331 2.518543303003138 -0.8571428571452364 0
1332 2.518543303003138 -0.6428571428603149 0
1333 2.518543303003139 -0.428571428575393 0
1334 2.518543303003138 -0.2142857142904711 0
1335 2.518543303003138 -5.505484956813689e-12 0
1336 2.518543303003138 0.2142857142809582 0
1337 2.518543303003138 0.4285714285674649 0
1338 2.518543303003138 0.6428571428539718 0
1339 2.518543303003139 0.8571428571404793 0
1340 2.518543303003138 1.071428571426986 0
1341 2.518543303003138 1.285714285713493 0
1342 2.871722338851946 -1.285714285715079 0
1343 2.871722338851945 -1.071428571430157 0
1344 2.871722338851945 -0.8571428571452362 0
1345 2.871722338851946 -0.642857142860315 0
1346 2.871722338851946 -0.4285714285753928 0
1347 2.871722338851946 -0.2142857142904712 0
1348 2.871722338851945 -5.505484956813689e-12 0
1349 2.871722338851946 0.2142857142809581 0
1350 2.871722338851946 0.4285714285674649 0
1351 2.871722338851946 0.6428571428539717 0
1352 2.871722338851946 0.8571428571404791 0
1353 2.871722338851946 1.071428571426986 0
1354 2.871722338851946 1.285714285713493 0
1355 3.23196207341114 -1.285714285715079 0
1356 3.23196207341114 -1.071428571430158 0
1357 3.231962073411141 -0.8571428571452364 0
1358 3.23196207341114 -0.6428571428603151 0
1359 3.23196207341114 -0.4285714285753928 0
1360 3.23196207341114 -0.2142857142904712 0
1361 3.23196207341114 -5.505484956813689e-12 0
1362 3.23196207341114 0.2142857142809579 0
1363 3.23196207341114 0.428571428567465 0
1364 3.23196207341114 0.6428571428539717 0
1365 3.23196207341114 0.8571428571404793 0
1366 3.23196207341114 1.071428571426986 0
1367 3.23196207341114 1.285714285713493 0
1368 3.599403662082066 -1.285714285715079 0
1369 3.599403662082067 -1.071428571430157 0
1370 3.599403662082068 -0.8571428571452366 0
1371 3.599403662082065 -0.6428571428603149 0
1372 3.599403662082066 -0.4285714285753928 0
1373 3.599403662082066 -0.2142857142904711 0
1374 3.599403662082066 -5.505595979116151e-12 0
1375 3.599403662082066 0.2142857142809578 0
1376 3.599403662082066 0.428571428567465 0
1377 3.599403662082066 0.6428571428539716 0
1378 3.599403662082066 0.857142857140479 0
1379 3.599403662082066 1.071428571426986 0
1380 3.599403662082066 1.285714285713493 0
1381 3.974191085101367 -1.285714285715079 0
1382 3.974191085101365 -1.071428571430157 0
1383 3.974191085101366 -0.8571428571452365 0
1384 3.974191085101364 -0.642857142860315 0
1385 3.974191085101364 -0.4285714285753929 0
1386 3.974191085101366 -0.2142857142904711 0
1387 3.974191085101365 -5.505484956813689e-12 0
1388 3.974191085101365 0.2142857142809579 0
1389 3.974191085101365 0.4285714285674648 0
1390 3.974191085101365 0.6428571428539717 0
1391 3.974191085101365 0.8571428571404791 0
1392 3.974191085101365 1.071428571426986 0
1393 3.974191085101365 1.285714285713493 0
1394 4.356471198633648 -1.285714285715079 0
1395 4.356471198633647 -1.071428571430157 0
1396 4.356471198633646 -0.8571428571452364 0
1397 4.356471198633647 -0.6428571428603149 0
1398 4.356471198633648 -0.4285714285753929 0
1399 4.356471198633647 -0.2142857142904711 0
1400 4.356471198633647 -5.505595979116151e-12 0
1401 4.356471198633647 0.2142857142809579 0
1402 4.356471198633647 0.4285714285674648 0
1403 4.356471198633648 0.6428571428539718 0
1404 4.356471198633648 0.857142857140479 0
1405 4.356471198633647 1.071428571426986 0
1406 4.356471198633647 1.285714285713493 0
1407 4.746393794037241 -1.285714285715079 0
1408 4.746393794037241 -1.071428571430157 0
1409 4.746393794037242 -0.8571428571452366 0
1410 4.746393794037241 -0.6428571428603149 0
1411 4.746393794037242 -0.4285714285753929 0
1412 4.746393794037241 -0.2142857142904711 0
1413 4.746393794037241 -5.505707001418614e-12 0
1414 4.746393794037241 0.2142857142809582 0
1415 4.746393794037241 0.4285714285674649 0
1416 4.746393794037241 0.6428571428539716 0
1417 4.746393794037241 0.8571428571404792 0
1418 4.746393794037241 1.071428571426986 0
1419 4.746393794037241 1.285714285713493 0
1420 5.144111659556168 -1.285714285715079 0
1421 5.144111659556168 -1.071428571430157 0
1422 5.144111659556167 -0.8571428571452363 0
1423 5.144111659556165 -0.6428571428603149 0
1424 5.144111659556167 -0.4285714285753929 0
1425 5.144111659556167 -0.2142857142904711 0
1426 5.144111659556167 -5.505595979116151e-12 0
1427 5.144111659556167 0.2142857142809581 0
1428 5.144111659556166 0.4285714285674648 0
1429 5.144111659556167 0.6428571428539716 0
1430 5.144111659556167 0.8571428571404791 0
1431 5.144111659556167 1.071428571426986 0
1432 5.144111659556167 1.285714285713493 0
1433 5.549780638378089 -1.285714285715079 0
1434 5.549780638378088 -1.071428571430157 0
1435 5.549780638378092 -0.8571428571452363 0
1436 5.54978063837809 -0.6428571428603149 0
1437 5.549780638378091 -0.4285714285753928 0
1438 5.54978063837809 -0.2142857142904711 0
1439 5.54978063837809 -5.505484956813689e-12 0
1440 5.54978063837809 0.214285714280958 0
1441 5.54978063837809 0.4285714285674649 0
1442 5.549780638378089 0.6428571428539718 0
1443 5.54978063837809 0.8571428571404791 0
1444 5.54978063837809 1.071428571426986 0
1445 5.54978063837809 1.285714285713493 0
1446 5.963559687030948 -1.285714285715079 0
1447 5.963559687030947 -1.071428571430157 0
1448 5.963559687030948 -0.8571428571452365 0
1449 5.963559687030948 -0.6428571428603151 0
1450 5.963559687030949 -0.4285714285753929 0
1451 5.963559687030948 -0.2142857142904709 0
1452 5.963559687030948 -5.505595979116151e-12 0
1453 5.963559687030948 0.2142857142809581 0
1454 5.963559687030948 0.4285714285674649 0
1455 5.963559687030948 0.6428571428539717 0
1456 5.963559687030948 0.8571428571404792 0
1457 5.963559687030948 1.071428571426986 0
1458 5.963559687030947 1.285714285713493 0
1459 6.385610940161737 -1.285714285715079 0
1460 6.385610940161739 -1.071428571430157 0
1461 6.385610940161738 -0.8571428571452362 0
1462 6.385610940161739 -0.6428571428603149 0
1463 6.385610940161738 -0.4285714285753928 0
1464 6.385610940161738 -0.2142857142904711 0
1465 6.385610940161739 -5.50554046796492e-12 0
1466 6.385610940161738 0.2142857142809578 0
1467 6.385610940161739 0.4285714285674648 0
1468 6.385610940161738 0.6428571428539717 0
1469 6.385610940161738 0.8571428571404791 0
1470 6.385610940161739 1.071428571426986 0
1471 6.385610940161738 1.285714285713493 0
1472 6.816099773965677 -1.285714285715079 0
1473 6.816099773965678 -1.071428571430157 0
1474 6.816099773965677 -0.8571428571452362 0
1475 6.81609977396568 -0.642857142860315 0
1476 6.816099773965677 -0.4285714285753929 0
1477 6.816099773965677 -0.2142857142904711 0
1478 6.816099773965677 -5.505651490267383e-12 0
1479 6.816099773965677 0.2142857142809581 0
1480 6.816099773965679 0.4285714285674648 0
1481 6.816099773965679 0.6428571428539716 0
1482 6.816099773965677 0.8571428571404791 0
1483 6.816099773965679 1.071428571426986 0
1484 6.816099773965679 1.285714285713493 0
1485 7.25519487200833 -1.285714285715079 0
1486 7.255194872008332 -1.071428571430157 0
1487 7.255194872008333 -0.8571428571452362 0
1488 7.255194872008332 -0.6428571428603149 0
1489 7.255194872008333 -0.428571428575393 0
1490 7.255194872008333 -0.2142857142904711 0
1491 7.255194872008332 -5.505595979116151e-12 0
1492 7.25519487200833 0.2142857142809579 0
1493 7.255194872008333 0.4285714285674649 0
1494 7.255194872008333 0.6428571428539716 0
1495 7.255194872008332 0.8571428571404793 0
1496 7.255194872008331 1.071428571426986 0
1497 7.255194872008333 1.285714285713493 0
1498 7.703068289844987 -1.285714285715079 0
1499 7.703068289844986 -1.071428571430157 0
1500 7.703068289844985 -0.8571428571452365 0
1501 7.703068289844986 -0.642857142860315 0
1502 7.703068289844987 -0.4285714285753929 0
1503 7.703068289844985 -0.2142857142904711 0
1504 7.703068289844986 -5.505595979116151e-12 0
1505 7.703068289844986 0.214285714280958 0
1506 7.703068289844988 0.4285714285674648 0
1507 7.703068289844988 0.6428571428539716 0
1508 7.703068289844984 0.8571428571404793 0
1509 7.703068289844985 1.071428571426986 0
1510 7.703068289844984 1.285714285713493 0
1511 8.15989552003817 -1.285714285715079 0
1512 8.159895520038171 -1.071428571430157 0
1513 8.15989552003817 -0.8571428571452363 0
1514 8.159895520038168 -0.6428571428603149 0
1515 8.159895520038171 -0.4285714285753929 0
1516 8.159895520038171 -0.2142857142904711 0
1517 8.159895520038171 -5.505429445662458e-12 0
1518 8.159895520038171 0.214285714280958 0
1519 8.159895520038171 0.4285714285674649 0
1520 8.159895520038171 0.6428571428539716 0
1521 8.159895520038171 0.8571428571404791 0
1522 8.159895520038173 1.071428571426986 0
1523 8.159895520038171 1.285714285713493 0
1524 8.625855566013756 -1.285714285715079 0
1525 8.625855566013753 -1.071428571430157 0
1526 8.625855566013755 -0.8571428571452363 0
1527 8.625855566013758 -0.6428571428603149 0
1528 8.625855566013758 -0.4285714285753929 0
1529 8.625855566013756 -0.2142857142904711 0
1530 8.625855566013756 -5.505762512569845e-12 0
1531 8.625855566013758 0.214285714280958 0
1532 8.625855566013756 0.4285714285674649 0
1533 8.625855566013756 0.6428571428539716 0
1534 8.625855566013756 0.8571428571404791 0
1535 8.625855566013756 1.071428571426986 0
1536 8.625855566013756 1.285714285713493 0
1537 9.101131010734951 -1.285714285715079 0
1538 9.101131010734951 -1.071428571430157 0
1539 9.101131010734951 -0.8571428571452362 0
1540 9.101131010734955 -0.6428571428603149 0
1541 9.101131010734953 -0.428571428575393 0
1542 9.101131010734953 -0.2142857142904711 0
1543 9.101131010734951 -5.505707001418614e-12 0
1544 9.101131010734953 0.214285714280958 0
1545 9.101131010734953 0.4285714285674649 0
1546 9.101131010734953 0.6428571428539718 0
1547 9.101131010734951 0.8571428571404791 0
1548 9.101131010734951 1.071428571426986 0
1549 9.101131010734953 1.285714285713493 0
1550 9.58590808608937 -1.285714285715079 0
1551 9.585908086089365 -1.071428571430157 0
1552 9.58590808608937 -0.8571428571452363 0
1553 9.585908086089368 -0.6428571428603151 0
1554 9.58590808608937 -0.4285714285753928 0
1555 9.585908086089372 -0.214285714290471 0
1556 9.58590808608937 -5.505762512569845e-12 0
1557 9.58590808608937 0.214285714280958 0
1558 9.58590808608937 0.4285714285674649 0
1559 9.585908086089372 0.6428571428539717 0
1560 9.58590808608937 0.8571428571404791 0
1561 9.585908086089372 1.071428571426986 0
1562 9.585908086089372 1.285714285713493 0
1563 10.08037674714488 -1.285714285715079 0
1564 10.08037674714488 -1.071428571430157 0
1565 10.08037674714488 -0.8571428571452365 0
1566 10.08037674714488 -0.6428571428603149 0
1567 10.08037674714488 -0.4285714285753928 0
1568 10.08037674714488 -0.2142857142904711 0
1569 10.08037674714488 -5.505762512569845e-12 0
1570 10.08037674714488 0.214285714280958 0
1571 10.08037674714488 0.4285714285674649 0
1572 10.08037674714488 0.6428571428539716 0
1573 10.08037674714488 0.8571428571404791 0
1574 10.08037674714488 1.071428571426986 0
1575 10.08037674714488 1.285714285713493 0
1576 10.5847307473705 -1.285714285715079 0
1577 10.5847307473705 -1.071428571430157 0
1578 10.5847307473705 -0.8571428571452363 0
1579 10.5847307473705 -0.6428571428603149 0
1580 10.5847307473705 -0.4285714285753927 0
1581 10.5847307473705 -0.2142857142904711 0
1582 10.5847307473705 -5.505762512569845e-12 0
1583 10.5847307473705 0.214285714280958 0
1584 10.5847307473705 0.4285714285674649 0
1585 10.5847307473705 0.6428571428539717 0
1586 10.5847307473705 0.8571428571404793 0
1587 10.5847307473705 1.071428571426986 0
1588 10.5847307473705 1.285714285713493 0
1589 11.0991677128421 -1.285714285715079 0
1590 11.0991677128421 -1.071428571430158 0
1591 11.0991677128421 -0.8571428571452365 0
1592 11.0991677128421 -0.6428571428603149 0
1593 11.0991677128421 -0.4285714285753928 0
1594 11.09916771284209 -0.2142857142904711 0
1595 11.0991677128421 -5.505762512569845e-12 0
1596 11.0991677128421 0.2142857142809581 0
1597 11.0991677128421 0.4285714285674649 0
1598 11.0991677128421 0.6428571428539716 0
1599 11.0991677128421 0.8571428571404791 0
1600 11.0991677128421 1.071428571426986 0
1601 11.0991677128421 1.285714285713493 0
1602 11.62388921942468 -1.285714285715079 0
1603 11.62388921942468 -1.071428571430157 0
1604 11.62388921942468 -0.8571428571452363 0
1605 11.62388921942468 -0.6428571428603151 0
1606 11.62388921942468 -0.4285714285753928 0
1607 11.62388921942468 -0.2142857142904711 0
1608 11.62388921942468 -5.505762512569845e-12 0
1609 11.62388921942468 0.2142857142809579 0
1610 11.62388921942468 0.4285714285674649 0
1611 11.62388921942468 0.6428571428539717 0
1612 11.62388921942468 0.8571428571404792 0
1613 11.62388921942468 1.071428571426986 0
1614 11.62388921942468 1.285714285713493 0
1615 12.15910087509186 -1.285714285715079 0
1616 12.15910087509186 -1.071428571430157 0
1617 12.15910087509186 -0.8571428571452364 0
1618 12.15910087509185 -0.6428571428603149 0
1619 12.15910087509186 -0.4285714285753929 0
1620 12.15910087509186 -0.2142857142904709 0
1621 12.15910087509186 -5.505707001418614e-12 0
1622 12.15910087509186 0.2142857142809579 0
1623 12.15910087509186 0.4285714285674649 0
1624 12.15910087509185 0.6428571428539716 0
1625 12.15910087509186 0.8571428571404792 0
1626 12.15910087509186 1.071428571426986 0
1627 12.15910087509186 1.285714285713493 0
1628 12.70501239752195 -1.285714285715079 0
1629 12.70501239752194 -1.071428571430157 0
1630 12.70501239752194 -0.8571428571452363 0
1631 12.70501239752194 -0.6428571428603149 0
1632 12.70501239752195 -0.4285714285753929 0
1633 12.70501239752194 -0.214285714290471 0
1634 12.70501239752194 -5.505568223540536e-12 0
1635 12.70501239752194 0.214285714280958 0
1636 12.70501239752194 0.4285714285674648 0
1637 12.70501239752194 0.6428571428539717 0
1638 12.70501239752194 0.8571428571404793 0
1639 12.70501239752194 1.071428571426986 0
1640 12.70501239752194 1.285714285713493 0
1641 13.26183769471281 -1.285714285715079 0
1642 13.26183769471281 -1.071428571430158 0
1643 13.26183769471281 -0.8571428571452363 0
1644 13.26183769471281 -0.6428571428603151 0
1645 13.26183769471281 -0.428571428575393 0
1646 13.26183769471281 -0.2142857142904711 0
1647 13.26183769471281 -5.505609856903959e-12 0
1648 13.26183769471281 0.214285714280958 0
1649 13.2618376947128 0.4285714285674649 0
1650 13.26183769471281 0.6428571428539717 0
1651 13.26183769471281 0.8571428571404791 0
1652 13.26183769471281 1.071428571426986 0
1653 13.26183769471281 1.285714285713493 0
1654 13.82979495300845 -1.285714285715079 0
1655 13.82979495300846 -1.071428571430158 0
1656 13.82979495300845 -0.8571428571452365 0
1657 13.82979495300845 -0.6428571428603149 0
1658 13.82979495300845 -0.4285714285753928 0
1659 13.82979495300845 -0.214285714290471 0
1660 13.82979495300845 -5.505707001418614e-12 0
1661 13.82979495300845 0.214285714280958 0
1662 13.82979495300845 0.4285714285674649 0
1663 13.82979495300845 0.6428571428539716 0
1664 13.82979495300845 0.8571428571404792 0
1665 13.82979495300845 1.071428571426986 0
1666 13.82979495300845 1.285714285713493 0
1667 14.40910672252534 -1.285714285715079 0
1668 14.40910672252534 -1.071428571430157 0
1669 14.40910672252534 -0.8571428571452363 0
1670 14.40910672252534 -0.6428571428603149 0
1671 14.40910672252534 -0.4285714285753929 0
1672 14.40910672252534 -0.2142857142904711 0
1673 14.40910672252534 -5.505644551373479e-12 0
1674 14.40910672252534 0.2142857142809579 0
1675 14.40910672252534 0.4285714285674649 0
1676 14.40910672252534 0.6428571428539717 0
1677 14.40910672252534 0.8571428571404791 0
1678 14.40910672252534 1.071428571426986 0
1679 14.40910672252534 1.285714285713493 0
1680 1.832816480521632 1.85247011217015 0
1681 1.832816480521632 2.275434241637114 0
1682 1.832816480521632 2.782991198229206 0
1683 1.832816480521632 3.392059548188724 0
1684 1.832816480521632 4.122941570025619 0
1685 2.172286576308542 1.85247011217015 0
1686 2.172286576308542 2.275434241637114 0
1687 2.172286576308542 2.782991198229206 0
1688 2.172286576308542 3.392059548188724 0
1689 2.172286576308542 4.122941570025619 0
1690 2.518543303003139 1.85247011217015 0
1691 2.518543303003138 2.275434241637114 0
1692 2.518543303003138 2.782991198229206 0
1693 2.518543303003138 3.392059548188724 0
1694 2.518543303003138 4.122941570025619 0
1695 2.871722338851945 1.85247011217015 0
1696 2.871722338851946 2.275434241637114 0
1697 2.871722338851945 2.782991198229206 0
1698 2.871722338851946 3.392059548188723 0
1699 2.871722338851946 4.122941570025619 0
1700 3.23196207341114 1.85247011217015 0
1701 3.23196207341114 2.275434241637114 0
1702 3.231962073411139 2.782991198229206 0
1703 3.23196207341114 3.392059548188724 0
1704 3.23196207341114 4.122941570025619 0
1705 3.599403662082066 1.85247011217015 0
1706 3.599403662082066 2.275434241637114 0
1707 3.599403662082067 2.782991198229206 0
1708 3.599403662082066 3.392059548188724 0
1709 3.599403662082066 4.122941570025619 0
1710 3.974191085101366 1.85247011217015 0
1711 3.974191085101365 2.275434241637114 0
1712 3.974191085101366 2.782991198229206 0
1713 3.974191085101365 3.392059548188723 0
1714 3.974191085101365 4.122941570025619 0
1715 4.356471198633647 1.85247011217015 0
1716 4.356471198633647 2.275434241637114 0
1717 4.356471198633647 2.782991198229206 0
1718 4.356471198633647 3.392059548188724 0
1719 4.356471198633647 4.122941570025619 0
1720 4.746393794037241 1.852470112170149 0
1721 4.74639379403724 2.275434241637114 0
1722 4.746393794037241 2.782991198229206 0
1723 4.746393794037241 3.392059548188724 0
1724 4.746393794037241 4.122941570025619 0
1725 5.144111659556168 1.85247011217015 0
1726 5.144111659556168 2.275434241637114 0
1727 5.144111659556166 2.782991198229206 0
1728 5.144111659556168 3.392059548188724 0
1729 5.144111659556167 4.122941570025619 0
1730 5.54978063837809 1.852470112170149 0
1731 5.549780638378089 2.275434241637114 0
1732 5.54978063837809 2.782991198229206 0
1733 5.54978063837809 3.392059548188724 0
1734 5.54978063837809 4.122941570025619 0
1735 5.963559687030949 1.852470112170149 0
1736 5.963559687030948 2.275434241637114 0
1737 5.963559687030948 2.782991198229206 0
1738 5.963559687030948 3.392059548188724 0
1739 5.963559687030948 4.122941570025619 0
1740 6.385610940161738 1.85247011217015 0
1741 6.385610940161739 2.275434241637114 0
1742 6.385610940161739 2.782991198229206 0
1743 6.385610940161738 3.392059548188725 0
1744 6.385610940161739 4.122941570025619 0
1745 6.816099773965679 1.85247011217015 0
1746 6.816099773965679 2.275434241637114 0
1747 6.816099773965678 2.782991198229206 0
1748 6.816099773965679 3.392059548188724 0
1749 6.816099773965679 4.122941570025619 0
1750 7.255194872008332 1.85247011217015 0
1751 7.255194872008332 2.275434241637114 0
1752 7.255194872008332 2.782991198229206 0
1753 7.255194872008333 3.392059548188724 0
1754 7.255194872008332 4.122941570025619 0
1755 7.703068289844985 1.85247011217015 0
1756 7.703068289844984 2.275434241637114 0
1757 7.703068289844983 2.782991198229206 0
1758 7.703068289844984 3.392059548188724 0
1759 7.703068289844985 4.122941570025619 0
1760 8.159895520038171 1.85247011217015 0
1761 8.159895520038171 2.275434241637114 0
1762 8.15989552003817 2.782991198229206 0
1763 8.159895520038173 3.392059548188724 0
1764 8.159895520038171 4.122941570025619 0
1765 8.625855566013753 1.85247011217015 0
1766 8.625855566013755 2.275434241637114 0
1767 8.625855566013755 2.782991198229206 0
1768 8.625855566013756 3.392059548188724 0
1769 8.625855566013756 4.122941570025619 0
1770 9.101131010734955 1.85247011217015 0
1771 9.101131010734951 2.275434241637114 0
1772 9.101131010734951 2.782991198229206 0
1773 9.101131010734953 3.392059548188724 0
1774 9.101131010734953 4.122941570025619 0
1775 9.585908086089368 1.85247011217015 0
1776 9.58590808608937 2.275434241637114 0
1777 9.58590808608937 2.782991198229206 0
1778 9.58590808608937 3.392059548188724 0
1779 9.585908086089372 4.122941570025619 0
1780 10.08037674714488 1.85247011217015 0
1781 10.08037674714488 2.275434241637114 0
1782 10.08037674714488 2.782991198229206 0
1783 10.08037674714488 3.392059548188724 0
1784 10.08037674714488 4.122941570025619 0
1785 10.5847307473705 1.852470112170149 0
1786 10.58473074737051 2.275434241637114 0
1787 10.5847307473705 2.782991198229206 0
1788 10.5847307473705 3.392059548188724 0
1789 10.5847307473705 4.122941570025619 0
1790 11.0991677128421 1.85247011217015 0
1791 11.0991677128421 2.275434241637114 0
1792 11.0991677128421 2.782991198229206 0
1793 11.0991677128421 3.392059548188724 0
1794 11.0991677128421 4.122941570025619 0
1795 11.62388921942468 1.85247011217015 0
1796 11.62388921942468 2.275434241637114 0
1797 11.62388921942468 2.782991198229206 0
1798 11.62388921942468 3.392059548188724 0
1799 11.62388921942468 4.122941570025619 0
1800 12.15910087509185 1.85247011217015 0
1801 12.15910087509185 2.275434241637114 0
1802 12.15910087509185 2.782991198229206 0
1803 12.15910087509186 3.392059548188724 0
1804 12.15910087509186 4.122941570025619 0
1805 12.70501239752195 1.852470112170149 0
1806 12.70501239752194 2.275434241637114 0
1807 12.70501239752194 2.782991198229206 0
1808 12.70501239752195 3.392059548188723 0
1809 12.70501239752194 4.122941570025619 0
1810 13.26183769471281 1.85247011217015 0
1811 13.26183769471281 2.275434241637114 0
1812 13.26183769471281 2.782991198229206 0
1813 13.2618376947128 3.392059548188724 0
1814 13.26183769471281 4.122941570025619 0
1815 13.82979495300845 1.85247011217015 0
1816 13.82979495300845 2.275434241637114 0
1817 13.82979495300845 2.782991198229206 0
1818 13.82979495300845 3.392059548188723 0
1819 13.82979495300845 4.122941570025619 0
1820 14.40910672252534 1.85247011217015 0
1821 14.40910672252534 2.275434241637114 0
1822 14.40910672252534 2.782991198229206 0
1823 14.40910672252534 3.392059548188723 0
1824 14.40910672252534 4.122941570025619 0
$EndNodes
$Elements
1928
1 1 2 5 1 1 25
2 1 2 5 1 25 26
3 1 2 5 1 26 27
4 1 2 5 1 27 28
5 1 2 5 1 28 29
6 1 2 5 1 29 30
7 1 2 5 1 30 31
8 1 2 5 1 31 32
9 1 2 5 1 32 33
10 1 2 5 1 33 34
11 1 2 5 1 34 35
12 1 2 5 1 35 36
13 1 2 5 1 36 37
14 1 2 5 1 37 2
15 1 2 5 2 2 38
16 1 2 5 2 38 39
17 1 2 5 2 39 40
18 1 2 5 2 40 41
19 1 2 5 2 41 42
20 1 2 5 2 42 43
21 1 2 5 2 43 44
22 1 2 5 2 44 45
23 1 2 5 2 45 46
24 1 2 5 2 46 47
25 1 2 5 2 47 48
26 1 2 5 2 48 49
27 1 2 5 2 49 50
28 1 2 5 2 50 3
29 1 2 5 3 3 51
30 1 2 5 3 51 52
31 1 2 5 3 52 53
32 1 2 5 3 53 54
33 1 2 5 3 54 55
34 1 2 5 3 55 56
35 1 2 5 3 56 57
36 1 2 5 3 57 58
37 1 2 5 3 58 59
38 1 2 5 3 59 60
39 1 2 5 3 60 61
40 1 2 5 3 61 62
41 1 2 5 3 62 63
42 1 2 5 3 63 4
43 1 2 5 4 4 64
44 1 2 5 4 64 65
45 1 2 5 4 65 66
46 1 2 5 4 66 67
47 1 2 5 4 67 68
48 1 2 5 4 68 69
49 1 2 5 4 69 70
50 1 2 5 4 70 71
51 1 2 5 4 71 72
52 1 2 5 4 72 73
53 1 2 5 4 73 74
54 1 2 5 4 74 75
55 1 2 5 4 75 76
56 1 2 5 4 76 1
57 1 2 3 21 13 217
58 1 2 3 21 217 218
59 1 2 3 21 218 219
60 1 2 3 21 219 220
61 1 2 3 21 220 221
62 1 2 3 21 221 24
63 1 2 2 24 14 232
64 1 2 2 24 232 233
65 1 2 2 24 233 234
66 1 2 2 24 234 235
67 1 2 2 24 235 236
68 1 2 2 24 236 13
69 1 2 2 26 15 242
70 1 2 2 26 242 243
71 1 2 2 26 243 244
72 1 2 2 26 244 245
73 1 2 2 26 245 246
74 1 2 2 26 246 247
75 1 2 2 26 247 248
76 1 2 2 26 248 249
77 1 2 2 26 249 250
78 1 2 2 26 250 251
79 1 2 2 26 251 252
80 1 2 2 26 252 253
81 1 2 2 26 253 254
82 1 2 2 26 254 14
83 1 2 3 28 17 260
84 1 2 3 28 260 261
85 1 2 3 28 261 262
86 1 2 3 28 262 263
87 1 2 3 28 263 264
88 1 2 3 28 264 16
89 1 2 2 29 16 265
90 1 2 2 29 265 266
91 1 2 2 29 266 267
92 1 2 2 29 267 268
93 1 2 2 29 268 269
94 1 2 2 29 269 15
95 1 2 3 30 24 270
96 1 2 3 30 270 271
97 1 2 3 30 271 272
98 1 2 3 30 272 273
99 1 2 3 30 273 274
100 1 2 3 30 274 275
101 1 2 3 30 275 276
102 1 2 3 30 276 277
103 1 2 3 30 277 278
104 1 2 3 30 278 279
105 1 2 3 30 279 280
106 1 2 3 30 280 281
107 1 2 3 30 281 282
108 1 2 3 30 282 23
109 1 2 3 33 18 293
110 1 2 3 33 293 294
111 1 2 3 33 294 295
112 1 2 3 33 295 296
113 1 2 3 33 296 297
114 1 2 3 33 297 298
115 1 2 3 33 298 299
116 1 2 3 33 299 300
117 1 2 3 33 300 301
118 1 2 3 33 301 302
119 1 2 3 33 302 303
120 1 2 3 33 303 304
121 1 2 3 33 304 305
122 1 2 3 33 305 17
123 1 2 3 34 23 306
124 1 2 3 34 306 307
125 1 2 3 34 307 308
126 1 2 3 34 308 309
127 1 2 3 34 309 310
128 1 2 3 34 310 311
129 1 2 3 34 311 312
130 1 2 3 34 312 313
131 1 2 3 34 313 314
132 1 2 3 34 314 315
133 1 2 3 34 315 316
134 1 2 3 34 316 317
135 1 2 3 34 317 318
136 1 2 3 34 318 319
137 1 2 3 34 319 320
138 1 2 3 34 320 321
139 1 2 3 34 321 322
140 1 2 3 34 322 323
141 1 2 3 34 323 324
142 1 2 3 34 324 325
143 1 2 3 34 325 326
144 1 2 3 34 326 327
145 1 2 3 34 327 328
146 1 2 3 34 328 329
147 1 2 3 34 329 330
148 1 2 3 34 330 331
149 1 2 3 34 331 332
150 1 2 3 34 332 333
151 1 2 3 34 333 334
152 1 2 3 34 334 22
153 1 2 4 35 22 335
154 1 2 4 35 335 336
155 1 2 4 35 336 337
156 1 2 4 35 337 338
157 1 2 4 35 338 339
158 1 2 4 35 339 21
159 1 2 4 37 21 369
160 1 2 4 37 369 370
161 1 2 4 37 370 371
162 1 2 4 37 371 372
163 1 2 4 37 372 373
164 1 2 4 37 373 374
165 1 2 4 37 374 375
166 1 2 4 37 375 376
167 1 2 4 37 376 377
168 1 2 4 37 377 378
169 1 2 4 37 378 379
170 1 2 4 37 379 380
171 1 2 4 37 380 381
172 1 2 4 37 381 20
173 1 2 4 39 20 411
174 1 2 4 39 411 412
175 1 2 4 39 412 413
176 1 2 4 39 413 414
177 1 2 4 39 414 415
178 1 2 4 39 415 19
179 1 2 3 40 19 416
180 1 2 3 40 416 417
181 1 2 3 40 417 418
182 1 2 3 40 418 419
183 1 2 3 40 419 420
184 1 2 3 40 420 421
185 1 2 3 40 421 422
186 1 2 3 40 422 423
187 1 2 3 40 423 424
188 1 2 3 40 424 425
189 1 2 3 40 425 426
190 1 2 3 40 426 427
191 1 2 3 40 427 428
192 1 2 3 40 428 429
193 1 2 3 40 429 430
194 1 2 3 40 430 431
195 1 2 3 40 431 432
196 1 2 3 40 432 433
197 1 2 3 40 433 434
198 1 2 3 40 434 435
199 1 2 3 40 435 436
200 1 2 3 40 436 437
201 1 2 3 40 437 438
202 1 2 3 40 438 439
203 1 2 3 40 439 440
204 1 2 3 40 440 441
205 1 2 3 40 441 442
206 1 2 3 40 442 443
207 1 2 3 40 443 444
208 1 2 3 40 444 18
209 3 2 1 1 1 25 445 129
210 3 2 1 1 129 445 446 130
211 3 2 1 1 130 446 447 131
212 3 2 1 1 131 447 448 132
213 3 2 1 1 132 448 449 133
214 3 2 1 1 133 449 450 134
215 3 2 1 1 134 450 77 5
216 3 2 1 1 25 26 451 445
217 3 2 1 1 445 451 452 446
218 3 2 1 1 446 452 453 447
219 3 2 1 1 447 453 454 448
220 3 2 1 1 448 454 455 449
221 3 2 1 1 449 455 456 450
222 3 2 1 1 450 456 78 77
223 3 2 1 1 26 27 457 451
224 3 2 1 1 451 457 458 452
225 3 2 1 1 452 458 459 453
226 3 2 1 1 453 459 460 454
227 3 2 1 1 454 460 461 455
228 3 2 1 1 455 461 462 456
229 3 2 1 1 456 462 79 78
230 3 2 1 1 27 28 463 457
231 3 2 1 1 457 463 464 458
232 3 2 1 1 458 464 465 459
233 3 2 1 1 459 465 466 460
234 3 2 1 1 460 466 467 461
235 3 2 1 1 461 467 468 462
236 3 2 1 1 462 468 80 79
237 3 2 1 1 28 29 469 463
238 3 2 1 1 463 469 470 464
239 3 2 1 1 464 470 471 465
240 3 2 1 1 465 471 472 466
241 3 2 1 1 466 472 473 467
242 3 2 1 1 467 473 474 468
243 3 2 1 1 468 474 81 80
244 3 2 1 1 29 30 475 469
245 3 2 1 1 469 475 476 470
246 3 2 1 1 470 476 477 471
247 3 2 1 1 471 477 478 472
248 3 2 1 1 472 478 479 473
249 3 2 1 1 473 479 480 474
250 3 2 1 1 474 480 82 81
251 3 2 1 1 30 31 481 475
252 3 2 1 1 475 481 482 476
253 3 2 1 1 476 482 483 477
254 3 2 1 1 477 483 484 478
255 3 2 1 1 478 484 485 479
256 3 2 1 1 479 485 486 480
257 3 2 1 1 480 486 83 82
258 3 2 1 1 31 32 487 481
259 3 2 1 1 481 487 488 482
260 3 2 1 1 482 488 489 483
261 3 2 1 1 483 489 490 484
262 3 2 1 1 484 490 491 485
263 3 2 1 1 485 491 492 486
264 3 2 1 1 486 492 84 83
265 3 2 1 1 32 33 493 487
266 3 2 1 1 487 493 494 488
267 3 2 1 1 488 494 495 489
268 3 2 1 1 489 495 496 490
269 3 2 1 1 490 496 497 491
270 3 2 1 1 491 497 498 492
271 3 2 1 1 492 498 85 84
272 3 2 1 1 33 34 499 493
273 3 2 1 1 493 499 500 494
274 3 2 1 1 494 500 501 495
275 3 2 1 1 495 501 502 496
276 3 2 1 1 496 502 503 497
277 3 2 1 1 497 503 504 498
278 3 2 1 1 498 504 86 85
279 3 2 1 1 34 35 505 499
280 3 2 1 1 499 505 506 500
281 3 2 1 1 500 506 507 501
282 3 2 1 1 501 507 508 502
283 3 2 1 1 502 508 509 503
284 3 2 1 1 503 509 510 504
285 3 2 1 1 504 510 87 86
286 3 2 1 1 35 36 511 505
287 3 2 1 1 505 511 512 506
288 3 2 1 1 506 512 513 507
289 3 2 1 1 507 513 514 508
290 3 2 1 1 508 514 515 509
291 3 2 1 1 509 515 516 510
292 3 2 1 1 510 516 88 87
293 3 2 1 1 36 37 517 511
294 3 2 1 1 511 517 518 512
295 3 2 1 1 512 518 519 513
296 3 2 1 1 513 519 520 514
297 3 2 1 1 514 520 521 515
298 3 2 1 1 515 521 522 516
299 3 2 1 1 516 522 89 88
300 3 2 1 1 37 2 135 517
301 3 2 1 1 517 135 136 518
302 3 2 1 1 518 136 137 519
303 3 2 1 1 519 137 138 520
304 3 2 1 1 520 138 139 521
305 3 2 1 1 521 139 140 522
306 3 2 1 1 522 140 6 89
307 3 2 1 2 2 38 523 135
308 3 2 1 2 135 523 524 136
309 3 2 1 2 136 524 525 137
310 3 2 1 2 137 525 526 138
311 3 2 1 2 138 526 527 139
312 3 2 1 2 139 527 528 140
313 3 2 1 2 140 528 90 6
314 3 2 1 2 38 39 529 523
315 3 2 1 2 523 529 530 524
316 3 2 1 2 524 530 531 525
317 3 2 1 2 525 531 532 526
318 3 2 1 2 526 532 533 527
319 3 2 1 2 527 533 534 528
320 3 2 1 2 528 534 91 90
321 3 2 1 2 39 40 535 529
322 3 2 1 2 529 535 536 530
323 3 2 1 2 530 536 537 531
324 3 2 1 2 531 537 538 532
325 3 2 1 2 532 538 539 533
326 3 2 1 2 533 539 540 534
327 3 2 1 2 534 540 92 91
328 3 2 1 2 40 41 541 535
329 3 2 1 2 535 541 542 536
330 3 2 1 2 536 542 543 537
331 3 2 1 2 537 543 544 538
332 3 2 1 2 538 544 545 539
333 3 2 1 2 539 545 546 540
334 3 2 1 2 540 546 93 92
335 3 2 1 2 41 42 547 541
336 3 2 1 2 541 547 548 542
337 3 2 1 2 542 548 549 543
338 3 2 1 2 543 549 550 544
339 3 2 1 2 544 550 551 545
340 3 2 1 2 545 551 552 546
341 3 2 1 2 546 552 94 93
342 3 2 1 2 42 43 553 547
343 3 2 1 2 547 553 554 548
344 3 2 1 2 548 554 555 549
345 3 2 1 2 549 555 556 550
346 3 2 1 2 550 556 557 551
347 3 2 1 2 551 557 558 552
348 3 2 1 2 552 558 95 94
349 3 2 1 2 43 44 559 553
350 3 2 1 2 553 559 560 554
351 3 2 1 2 554 560 561 555
352 3 2 1 2 555 561 562 556
353 3 2 1 2 556 562 563 557
354 3 2 1 2 557 563 564 558
355 3 2 1 2 558 564 96 95
356 3 2 1 2 44 45 565 559
357 3 2 1 2 559 565 566 560
358 3 2 1 2 560 566 567 561
359 3 2 1 2 561 567 568 562
360 3 2 1 2 562 568 569 563
361 3 2 1 2 563 569 570 564
362 3 2 1 2 564 570 97 96
363 3 2 1 2 45 46 571 565
364 3 2 1 2 565 571 572 566
365 3 2 1 2 566 572 573 567
366 3 2 1 2 567 573 574 568
367 3 2 1 2 568 574 575 569
368 3 2 1 2 569 575 576 570
369 3 2 1 2 570 576 98 97
370 3 2 1 2 46 47 577 571
371 3 2 1 2 571 577 578 572
372 3 2 1 2 572 578 579 573
373 3 2 1 2 573 579 580 574
374 3 2 1 2 574 580 581 575
375 3 2 1 2 575 581 582 576
376 3 2 1 2 576 582 99 98
377 3 2 1 2 47 48 583 577
378 3 2 1 2 577 583 584 578
379 3 2 1 2 578 584 585 579
380 3 2 1 2 579 585 586 580
381 3 2 1 2 580 586 587 581
382 3 2 1 2 581 587 588 582
383 3 2 1 2 582 588 100 99
384 3 2 1 2 48 49 589 583
385 3 2 1 2 583 589 590 584
386 3 2 1 2 584 590 591 585
387 3 2 1 2 585 591 592 586
388 3 2 1 2 586 592 593 587
389 3 2 1 2 587 593 594 588
390 3 2 1 2 588 594 101 100
391 3 2 1 2 49 50 595 589
392 3 2 1 2 589 595 596 590
393 3 2 1 2 590 596 597 591
394 3 2 1 2 591 597 598 592
395 3 2 1 2 592 598 599 593
396 3 2 1 2 593 599 600 594
397 3 2 1 2 594 600 102 101
398 3 2 1 2 50 3 141 595
399 3 2 1 2 595 141 142 596
400 3 2 1 2 596 142 143 597
401 3 2 1 2 597 143 144 598
402 3 2 1 2 598 144 145 599
403 3 2 1 2 599 145 146 600
404 3 2 1 2 600 146 7 102
405 3 2 1 3 3 51 601 141
406 3 2 1 3 141 601 602 142
407 3 2 1 3 142 602 603 143
408 3 2 1 3 143 603 604 144
409 3 2 1 3 144 604 605 145
410 3 2 1 3 145 605 606 146
411 3 2 1 3 146 606 103 7
412 3 2 1 3 51 52 607 601
413 3 2 1 3 601 607 608 602
414 3 2 1 3 602 608 609 603
415 3 2 1 3 603 609 610 604
416 3 2 1 3 604 610 611 605
417 3 2 1 3 605 611 612 606
418 3 2 1 3 606 612 104 103
419 3 2 1 3 52 53 613 607
420 3 2 1 3 607 613 614 608
421 3 2 1 3 608 614 615 609
422 3 2 1 3 609 615 616 610
423 3 2 1 3 610 616 617 611
424 3 2 1 3 611 617 618 612
425 3 2 1 3 612 618 105 104
426 3 2 1 3 53 54 619 613
427 3 2 1 3 613 619 620 614
428 3 2 1 3 614 620 621 615
429 3 2 1 3 615 621 622 616
430 3 2 1 3 616 622 623 617
431 3 2 1 3 617 623 624 618
432 3 2 1 3 618 624 106 105
433 3 2 1 3 54 55 625 619
434 3 2 1 3 619 625 626 620
435 3 2 1 3 620 626 627 621
436 3 2 1 3 621 627 628 622
437 3 2 1 3 622 628 629 623
438 3 2 1 3 623 629 630 624
439 3 2 1 3 624 630 107 106
440 3 2 1 3 55 56 631 625
441 3 2 1 3 625 631 632 626
442 3 2 1 3 626 632 633 627
443 3 2 1 3 627 633 634 628
444 3 2 1 3 628 634 635 629
445 3 2 1 3 629 635 636 630
446 3 2 1 3 630 636 108 107
447 3 2 1 3 56 57 637 631
448 3 2 1 3 631 637 638 632
449 3 2 1 3 632 638 639 633
450 3 2 1 3 633 639 640 634
451 3 2 1 3 634 640 641 635
452 3 2 1 3 635 641 642 636
453 3 2 1 3 636 642 109 108
454 3 2 1 3 57 58 643 637
455 3 2 1 3 637 643 644 638
456 3 2 1 3 638 644 645 639
457 3 2 1 3 639 645 646 640
458 3 2 1 3 640 646 647 641
459 3 2 1 3 641 647 648 642
460 3 2 1 3 642 648 110 109
461 3 2 1 3 58 59 649 643
462 3 2 1 3 643 649 650 644
463 3 2 1 3 644 650 651 645
464 3 2 1 3 645 651 652 646
465 3 2 1 3 646 652 653 647
466 3 2 1 3 647 653 654 648
467 3 2 1 3 648 654 111 110
468 3 2 1 3 59 60 655 649
469 3 2 1 3 649 655 656 650
470 3 2 1 3 650 656 657 651
471 3 2 1 3 651 657 658 652
472 3 2 1 3 652 658 659 653
473 3 2 1 3 653 659 660 654
474 3 2 1 3 654 660 112 111
475 3 2 1 3 60 61 661 655
476 3 2 1 3 655 661 662 656
477 3 2 1 3 656 662 663 657
478 3 2 1 3 657 663 664 658
479 3 2 1 3 658 664 665 659
480 3 2 1 3 659 665 666 660
481 3 2 1 3 660 666 113 112
482 3 2 1 3 61 62 667 661
483 3 2 1 3 661 667 668 662
484 3 2 1 3 662 668 669 663
485 3 2 1 3 663 669 670 664
486 3 2 1 3 664 670 671 665
487 3 2 1 3 665 671 672 666
488 3 2 1 3 666 672 114 113
489 3 2 1 3 62 63 673 667
490 3 2 1 3 667 673 674 668
491 3 2 1 3 668 674 675 669
492 3 2 1 3 669 675 676 670
493 3 2 1 3 670 676 677 671
494 3 2 1 3 671 677 678 672
495 3 2 1 3 672 678 115 114
496 3 2 1 3 63 4 147 673
497 3 2 1 3 673 147 148 674
498 3 2 1 3 674 148 149 675
499 3 2 1 3 675 149 150 676
500 3 2 1 3 676 150 151 677
501 3 2 1 3 677 151 152 678
502 3 2 1 3 678 152 8 115
503 3 2 1 4 4 64 679 147
504 3 2 1 4 147 679 680 148
505 3 2 1 4 148 680 681 149
506 3 2 1 4 149 681 682 150
507 3 2 1 4 150 682 683 151
508 3 2 1 4 151 683 684 152
509 3 2 1 4 152 684 116 8
510 3 2 1 4 64 65 685 679
511 3 2 1 4 679 685 686 680
512 3 2 1 4 680 686 687 681
513 3 2 1 4 681 687 688 682
514 3 2 1 4 682 688 689 683
515 3 2 1 4 683 689 690 684
516 3 2 1 4 684 690 117 116
517 3 2 1 4 65 66 691 685
518 3 2 1 4 685 691 692 686
519 3 2 1 4 686 692 693 687
520 3 2 1 4 687 693 694 688
521 3 2 1 4 688 694 695 689
522 3 2 1 4 689 695 696 690
523 3 2 1 4 690 696 118 117
524 3 2 1 4 66 67 697 691
525 3 2 1 4 691 697 698 692
526 3 2 1 4 692 698 699 693
527 3 2 1 4 693 699 700 694
528 3 2 1 4 694 700 701 695
529 3 2 1 4 695 701 702 696
530 3 2 1 4 696 702 119 118
531 3 2 1 4 67 68 703 697
532 3 2 1 4 697 703 704 698
533 3 2 1 4 698 704 705 699
534 3 2 1 4 699 705 706 700
535 3 2 1 4 700 706 707 701
536 3 2 1 4 701 707 708 702
537 3 2 1 4 702 708 120 119
538 3 2 1 4 68 69 709 703
539 3 2 1 4 703 709 710 704
540 3 2 1 4 704 710 711 705
541 3 2 1 4 705 711 712 706
542 3 2 1 4 706 712 713 707
543 3 2 1 4 707 713 714 708
544 3 2 1 4 708 714 121 120
545 3 2 1 4 69 70 715 709
546 3 2 1 4 709 715 716 710
547 3 2 1 4 710 716 717 711
548 3 2 1 4 711 717 718 712
549 3 2 1 4 712 718 719 713
550 3 2 1 4 713 719 720 714
551 3 2 1 4 714 720 122 121
552 3 2 1 4 70 71 721 715
553 3 2 1 4 715 721 722 716
554 3 2 1 4 716 722 723 717
555 3 2 1 4 717 723 724 718
556 3 2 1 4 718 724 725 719
557 3 2 1 4 719 725 726 720
558 3 2 1 4 720 726 123 122
559 3 2 1 4 71 72 727 721
560 3 2 1 4 721 727 728 722
561 3 2 1 4 722 728 729 723
562 3 2 1 4 723 729 730 724
563 3 2 1 4 724 730 731 725
564 3 2 1 4 725 731 732 726
565 3 2 1 4 726 732 124 123
566 3 2 1 4 72 73 733 727
567 3 2 1 4 727 733 734 728
568 3 2 1 4 728 734 735 729
569 3 2 1 4 729 735 736 730
570 3 2 1 4 730 736 737 731
571 3 2 1 4 731 737 738 732
572 3 2 1 4 732 738 125 124
573 3 2 1 4 73 74 739 733
574 3 2 1 4 733 739 740 734
575 3 2 1 4 734 740 741 735
576 3 2 1 4 735 741 742 736
577 3 2 1 4 736 742 743 737
578 3 2 1 4 737 743 744 738
579 3 2 1 4 738 744 126 125
580 3 2 1 4 74 75 745 739
581 3 2 1 4 739 745 746 740
582 3 2 1 4 740 746 747 741
583 3 2 1 4 741 747 748 742
584 3 2 1 4 742 748 749 743
585 3 2 1 4 743 749 750 744
586 3 2 1 4 744 750 127 126
587 3 2 1 4 75 76 751 745
588 3 2 1 4 745 751 752 746
589 3 2 1 4 746 752 753 747
590 3 2 1 4 747 753 754 748
591 3 2 1 4 748 754 755 749
592 3 2 1 4 749 755 756 750
593 3 2 1 4 750 756 128 127
594 3 2 1 4 76 1 129 751
595 3 2 1 4 751 129 130 752
596 3 2 1 4 752 130 131 753
597 3 2 1 4 753 131 132 754
598 3 2 1 4 754 132 133 755
599 3 2 1 4 755 133 134 756
600 3 2 1 4 756 134 5 128
601 3 2 1 5 5 77 757 153
602 3 2 1 5 153 757 758 154
603 3 2 1 5 154 758 759 155
604 3 2 1 5 155 759 165 9
605 3 2 1 5 77 78 760 757
606 3 2 1 5 757 760 761 758
607 3 2 1 5 758 761 762 759
608 3 2 1 5 759 762 166 165
609 3 2 1 5 78 79 763 760
610 3 2 1 5 760 763 764 761
611 3 2 1 5 761 764 765 762
612 3 2 1 5 762 765 167 166
613 3 2 1 5 79 80 766 763
614 3 2 1 5 763 766 767 764
615 3 2 1 5 764 767 768 765
616 3 2 1 5 765 768 168 167
617 3 2 1 5 80 81 769 766
618 3 2 1 5 766 769 770 767
619 3 2 1 5 767 770 771 768
620 3 2 1 5 768 771 169 168
621 3 2 1 5 81 82 772 769
622 3 2 1 5 769 772 773 770
623 3 2 1 5 770 773 774 771
624 3 2 1 5 771 774 170 169
625 3 2 1 5 82 83 775 772
626 3 2 1 5 772 775 776 773
627 3 2 1 5 773 776 777 774
628 3 2 1 5 774 777 171 170
629 3 2 1 5 83 84 778 775
630 3 2 1 5 775 778 779 776
631 3 2 1 5 776 779 780 777
632 3 2 1 5 777 780 172 171
633 3 2 1 5 84 85 781 778
634 3 2 1 5 778 781 782 779
635 3 2 1 5 779 782 783 780
636 3 2 1 5 780 783 173 172
637 3 2 1 5 85 86 784 781
638 3 2 1 5 781 784 785 782
639 3 2 1 5 782 785 786 783
640 3 2 1 5 783 786 174 173
641 3 2 1 5 86 87 787 784
642 3 2 1 5 784 787 788 785
643 3 2 1 5 785 788 789 786
644 3 2 1 5 786 789 175 174
645 3 2 1 5 87 88 790 787
646 3 2 1 5 787 790 791 788
647 3 2 1 5 788 791 792 789
648 3 2 1 5 789 792 176 175
649 3 2 1 5 88 89 793 790
650 3 2 1 5 790 793 794 791
651 3 2 1 5 791 794 795 792
652 3 2 1 5 792 795 177 176
653 3 2 1 5 89 6 156 793
654 3 2 1 5 793 156 157 794
655 3 2 1 5 794 157 158 795
656 3 2 1 5 795 158 10 177
657 3 2 1 6 6 90 796 156
658 3 2 1 6 156 796 797 157
659 3 2 1 6 157 797 798 158
660 3 2 1 6 158 798 178 10
661 3 2 1 6 90 91 799 796
662 3 2 1 6 796 799 800 797
663 3 2 1 6 797 800 801 798
664 3 2 1 6 798 801 179 178
665 3 2 1 6 91 92 802 799
666 3 2 1 6 799 802 803 800
667 3 2 1 6 800 803 804 801
668 3 2 1 6 801 804 180 179
669 3 2 1 6 92 93 805 802
670 3 2 1 6 802 805 806 803
671 3 2 1 6 803 806 807 804
672 3 2 1 6 804 807 181 180
673 3 2 1 6 93 94 808 805
674 3 2 1 6 805 808 809 806
675 3 2 1 6 806 809 810 807
676 3 2 1 6 807 810 182 181
677 3 2 1 6 94 95 811 808
678 3 2 1 6 808 811 812 809
679 3 2 1 6 809 812 813 810
680 3 2 1 6 810 813 183 182
681 3 2 1 6 95 96 814 811
682 3 2 1 6 811 814 815 812
683 3 2 1 6 812 815 816 813
684 3 2 1 6 813 816 184 183
685 3 2 1 6 96 97 817 814
686 3 2 1 6 814 817 818 815
687 3 2 1 6 815 818 819 816
688 3 2 1 6 816 819 185 184
689 3 2 1 6 97 98 820 817
690 3 2 1 6 817 820 821 818
691 3 2 1 6 818 821 822 819
692 3 2 1 6 819 822 186 185
693 3 2 1 6 98 99 823 820
694 3 2 1 6 820 823 824 821
695 3 2 1 6 821 824 825 822
696 3 2 1 6 822 825 187 186
697 3 2 1 6 99 100 826 823
698 3 2 1 6 823 826 827 824
699 3 2 1 6 824 827 828 825
700 3 2 1 6 825 828 188 187
701 3 2 1 6 100 101 829 826
702 3 2 1 6 826 829 830 827
703 3 2 1 6 827 830 831 828
704 3 2 1 6 828 831 189 188
705 3 2 1 6 101 102 832 829
706 3 2 1 6 829 832 833 830
707 3 2 1 6 830 833 834 831
708 3 2 1 6 831 834 190 189
709 3 2 1 6 102 7 159 832
710 3 2 1 6 832 159 160 833
711 3 2 1 6 833 160 161 834
712 3 2 1 6 834 161 11 190
713 3 2 1 7 7 103 835 159
714 3 2 1 7 159 835 836 160
715 3 2 1 7 160 836 837 161
716 3 2 1 7 161 837 191 11
717 3 2 1 7 103 104 838 835
718 3 2 1 7 835 838 839 836
719 3 2 1 7 836 839 840 837
720 3 2 1 7 837 840 192 191
721 3 2 1 7 104 105 841 838
722 3 2 1 7 838 841 842 839
723 3 2 1 7 839 842 843 840
724 3 2 1 7 840 843 193 192
725 3 2 1 7 105 106 844 841
726 3 2 1 7 841 844 845 842
727 3 2 1 7 842 845 846 843
728 3 2 1 7 843 846 194 193
729 3 2 1 7 106 107 847 844
730 3 2 1 7 844 847 848 845
731 3 2 1 7 845 848 849 846
732 3 2 1 7 846 849 195 194
733 3 2 1 7 107 108 850 847
734 3 2 1 7 847 850 851 848
735 3 2 1 7 848 851 852 849
736 3 2 1 7 849 852 196 195
737 3 2 1 7 108 109 853 850
738 3 2 1 7 850 853 854 851
739 3 2 1 7 851 854 855 852
740 3 2 1 7 852 855 197 196
741 3 2 1 7 109 110 856 853
742 3 2 1 7 853 856 857 854
743 3 2 1 7 854 857 858 855
744 3 2 1 7 855 858 198 197
745 3 2 1 7 110 111 859 856
746 3 2 1 7 856 859 860 857
747 3 2 1 7 857 860 861 858
748 3 2 1 7 858 861 199 198
749 3 2 1 7 111 112 862 859
750 3 2 1 7 859 862 863 860
751 3 2 1 7 860 863 864 861
752 3 2 1 7 861 864 200 199
753 3 2 1 7 112 113 865 862
754 3 2 1 7 862 865 866 863
755 3 2 1 7 863 866 867 864
756 3 2 1 7 864 867 201 200
757 3 2 1 7 113 114 868 865
758 3 2 1 7 865 868 869 866
759 3 2 1 7 866 869 870 867
760 3 2 1 7 867 870 202 201
761 3 2 1 7 114 115 871 868
762 3 2 1 7 868 871 872 869
763 3 2 1 7 869 872 873 870
764 3 2 1 7 870 873 203 202
765 3 2 1 7 115 8 162 871
766 3 2 1 7 871 162 163 872
767 3 2 1 7 872 163 164 873
768 3 2 1 7 873 164 12 203
769 3 2 1 8 8 116 874 162
770 3 2 1 8 162 874 875 163
771 3 2 1 8 163 875 876 164
772 3 2 1 8 164 876 204 12
773 3 2 1 8 116 117 877 874
774 3 2 1 8 874 877 878 875
775 3 2 1 8 875 878 879 876
776 3 2 1 8 876 879 205 204
777 3 2 1 8 117 118 880 877
778 3 2 1 8 877 880 881 878
779 3 2 1 8 878 881 882 879
780 3 2 1 8 879 882 206 205
781 3 2 1 8 118 119 883 880
782 3 2 1 8 880 883 884 881
783 3 2 1 8 881 884 885 882
784 3 2 1 8 882 885 207 206
785 3 2 1 8 119 120 886 883
786 3 2 1 8 883 886 887 884
787 3 2 1 8 884 887 888 885
788 3 2 1 8 885 888 208 207
789 3 2 1 8 120 121 889 886
790 3 2 1 8 886 889 890 887
791 3 2 1 8 887 890 891 888
792 3 2 1 8 888 891 209 208
793 3 2 1 8 121 122 892 889
794 3 2 1 8 889 892 893 890
795 3 2 1 8 890 893 894 891
796 3 2 1 8 891 894 210 209
797 3 2 1 8 122 123 895 892
798 3 2 1 8 892 895 896 893
799 3 2 1 8 893 896 897 894
800 3 2 1 8 894 897 211 210
801 3 2 1 8 123 124 898 895
802 3 2 1 8 895 898 899 896
803 3 2 1 8 896 899 900 897
804 3 2 1 8 897 900 212 211
805 3 2 1 8 124 125 901 898
806 3 2 1 8 898 901 902 899
807 3 2 1 8 899 902 903 900
808 3 2 1 8 900 903 213 212
809 3 2 1 8 125 126 904 901
810 3 2 1 8 901 904 905 902
811 3 2 1 8 902 905 906 903
812 3 2 1 8 903 906 214 213
813 3 2 1 8 126 127 907 904
814 3 2 1 8 904 907 908 905
815 3 2 1 8 905 908 909 906
816 3 2 1 8 906 909 215 214
817 3 2 1 8 127 128 910 907
818 3 2 1 8 907 910 911 908
819 3 2 1 8 908 911 912 909
820 3 2 1 8 909 912 216 215
821 3 2 1 8 128 5 153 910
822 3 2 1 8 910 153 154 911
823 3 2 1 8 911 154 155 912
824 3 2 1 8 912 155 9 216
825 3 2 1 9 13 217 913 236
826 3 2 1 9 236 913 914 235
827 3 2 1 9 235 914 915 234
828 3 2 1 9 234 915 916 233
829 3 2 1 9 233 916 917 232
830 3 2 1 9 232 917 231 14
831 3 2 1 9 217 218 918 913
832 3 2 1 9 913 918 919 914
833 3 2 1 9 914 919 920 915
834 3 2 1 9 915 920 921 916
835 3 2 1 9 916 921 922 917
836 3 2 1 9 917 922 230 231
837 3 2 1 9 218 219 923 918
838 3 2 1 9 918 923 924 919
839 3 2 1 9 919 924 925 920
840 3 2 1 9 920 925 926 921
841 3 2 1 9 921 926 927 922
842 3 2 1 9 922 927 229 230
843 3 2 1 9 219 220 928 923
844 3 2 1 9 923 928 929 924
845 3 2 1 9 924 929 930 925
846 3 2 1 9 925 930 931 926
847 3 2 1 9 926 931 932 927
848 3 2 1 9 927 932 228 229
849 3 2 1 9 220 221 933 928
850 3 2 1 9 928 933 934 929
851 3 2 1 9 929 934 935 930
852 3 2 1 9 930 935 936 931
853 3 2 1 9 931 936 937 932
854 3 2 1 9 932 937 227 228
855 3 2 1 9 221 24 222 933
856 3 2 1 9 933 222 223 934
857 3 2 1 9 934 223 224 935
858 3 2 1 9 935 224 225 936
859 3 2 1 9 936 225 226 937
860 3 2 1 9 937 226 11 227
861 3 2 1 10 14 231 938 254
862 3 2 1 10 254 938 939 253
863 3 2 1 10 253 939 940 252
864 3 2 1 10 252 940 941 251
865 3 2 1 10 251 941 942 250
866 3 2 1 10 250 942 943 249
867 3 2 1 10 249 943 944 248
868 3 2 1 10 248 944 945 247
869 3 2 1 10 247 945 946 246
870 3 2 1 10 246 946 947 245
871 3 2 1 10 245 947 948 244
872 3 2 1 10 244 948 949 243
873 3 2 1 10 243 949 950 242
874 3 2 1 10 242 950 241 15
875 3 2 1 10 231 230 951 938
876 3 2 1 10 938 951 952 939
877 3 2 1 10 939 952 953 940
878 3 2 1 10 940 953 954 941
879 3 2 1 10 941 954 955 942
880 3 2 1 10 942 955 956 943
881 3 2 1 10 943 956 957 944
882 3 2 1 10 944 957 958 945
883 3 2 1 10 945 958 959 946
884 3 2 1 10 946 959 960 947
885 3 2 1 10 947 960 961 948
886 3 2 1 10 948 961 962 949
887 3 2 1 10 949 962 963 950
888 3 2 1 10 950 963 240 241
889 3 2 1 10 230 229 964 951
890 3 2 1 10 951 964 965 952
891 3 2 1 10 952 965 966 953
892 3 2 1 10 953 966 967 954
893 3 2 1 10 954 967 968 955
894 3 2 1 10 955 968 969 956
895 3 2 1 10 956 969 970 957
896 3 2 1 10 957 970 971 958
897 3 2 1 10 958 971 972 959
898 3 2 1 10 959 972 973 960
899 3 2 1 10 960 973 974 961
900 3 2 1 10 961 974 975 962
901 3 2 1 10 962 975 976 963
902 3 2 1 10 963 976 239 240
903 3 2 1 10 229 228 977 964
904 3 2 1 10 964 977 978 965
905 3 2 1 10 965 978 979 966
906 3 2 1 10 966 979 980 967
907 3 2 1 10 967 980 981 968
908 3 2 1 10 968 981 982 969
909 3 2 1 10 969 982 983 970
910 3 2 1 10 970 983 984 971
911 3 2 1 10 971 984 985 972
912 3 2 1 10 972 985 986 973
913 3 2 1 10 973 986 987 974
914 3 2 1 10 974 987 988 975
915 3 2 1 10 975 988 989 976
916 3 2 1 10 976 989 238 239
917 3 2 1 10 228 227 990 977
918 3 2 1 10 977 990 991 978
919 3 2 1 10 978 991 992 979
920 3 2 1 10 979 992 993 980
921 3 2 1 10 980 993 994 981
922 3 2 1 10 981 994 995 982
923 3 2 1 10 982 995 996 983
924 3 2 1 10 983 996 997 984
925 3 2 1 10 984 997 998 985
926 3 2 1 10 985 998 999 986
927 3 2 1 10 986 999 1000 987
928 3 2 1 10 987 1000 1001 988
929 3 2 1 10 988 1001 1002 989
930 3 2 1 10 989 1002 237 238
931 3 2 1 10 227 11 190 990
932 3 2 1 10 990 190 189 991
933 3 2 1 10 991 189 188 992
934 3 2 1 10 992 188 187 993
935 3 2 1 10 993 187 186 994
936 3 2 1 10 994 186 185 995
937 3 2 1 10 995 185 184 996
938 3 2 1 10 996 184 183 997
939 3 2 1 10 997 183 182 998
940 3 2 1 10 998 182 181 999
941 3 2 1 10 999 181 180 1000
942 3 2 1 10 1000 180 179 1001
943 3 2 1 10 1001 179 178 1002
944 3 2 1 10 1002 178 10 237
945 3 2 1 11 15 241 1003 269
946 3 2 1 11 269 1003 1004 268
947 3 2 1 11 268 1004 1005 267
948 3 2 1 11 267 1005 1006 266
949 3 2 1 11 266 1006 1007 265
950 3 2 1 11 265 1007 264 16
951 3 2 1 11 241 240 1008 1003
952 3 2 1 11 1003 1008 1009 1004
953 3 2 1 11 1004 1009 1010 1005
954 3 2 1 11 1005 1010 1011 1006
955 3 2 1 11 1006 1011 1012 1007
956 3 2 1 11 1007 1012 263 264
957 3 2 1 11 240 239 1013 1008
958 3 2 1 11 1008 1013 1014 1009
959 3 2 1 11 1009 1014 1015 1010
960 3 2 1 11 1010 1015 1016 1011
961 3 2 1 11 1011 1016 1017 1012
962 3 2 1 11 1012 1017 262 263
963 3 2 1 11 239 238 1018 1013
964 3 2 1 11 1013 1018 1019 1014
965 3 2 1 11 1014 1019 1020 1015
966 3 2 1 11 1015 1020 1021 1016
967 3 2 1 11 1016 1021 1022 1017
968 3 2 1 11 1017 1022 261 262
969 3 2 1 11 238 237 1023 1018
970 3 2 1 11 1018 1023 1024 1019
971 3 2 1 11 1019 1024 1025 1020
972 3 2 1 11 1020 1025 1026 1021
973 3 2 1 11 1021 1026 1027 1022
974 3 2 1 11 1022 1027 260 261
975 3 2 1 11 237 10 255 1023
976 3 2 1 11 1023 255 256 1024
977 3 2 1 11 1024 256 257 1025
978 3 2 1 11 1025 257 258 1026
979 3 2 1 11 1026 258 259 1027
980 3 2 1 11 1027 259 17 260
981 3 2 1 12 24 270 1028 222
982 3 2 1 12 222 1028 1029 223
983 3 2 1 12 223 1029 1030 224
984 3 2 1 12 224 1030 1031 225
985 3 2 1 12 225 1031 1032 226
986 3 2 1 12 226 1032 191 11
987 3 2 1 12 270 271 1033 1028
988 3 2 1 12 1028 1033 1034 1029
989 3 2 1 12 1029 1034 1035 1030
990 3 2 1 12 1030 1035 1036 1031
991 3 2 1 12 1031 1036 1037 1032
992 3 2 1 12 1032 1037 192 191
993 3 2 1 12 271 272 1038 1033
994 3 2 1 12 1033 1038 1039 1034
995 3 2 1 12 1034 1039 1040 1035
996 3 2 1 12 1035 1040 1041 1036
997 3 2 1 12 1036 1041 1042 1037
998 3 2 1 12 1037 1042 193 192
999 3 2 1 12 272 273 1043 1038
1000 3 2 1 12 1038 1043 1044 1039
1001 3 2 1 12 1039 1044 1045 1040
1002 3 2 1 12 1040 1045 1046 1041
1003 3 2 1 12 1041 1046 1047 1042
1004 3 2 1 12 1042 1047 194 193
1005 3 2 1 12 273 274 1048 1043
1006 3 2 1 12 1043 1048 1049 1044
1007 3 2 1 12 1044 1049 1050 1045
1008 3 2 1 12 1045 1050 1051 1046
1009 3 2 1 12 1046 1051 1052 1047
1010 3 2 1 12 1047 1052 195 194
1011 3 2 1 12 274 275 1053 1048
1012 3 2 1 12 1048 1053 1054 1049
1013 3 2 1 12 1049 1054 1055 1050
1014 3 2 1 12 1050 1055 1056 1051
1015 3 2 1 12 1051 1056 1057 1052
1016 3 2 1 12 1052 1057 196 195
1017 3 2 1 12 275 276 1058 1053
1018 3 2 1 12 1053 1058 1059 1054
1019 3 2 1 12 1054 1059 1060 1055
1020 3 2 1 12 1055 1060 1061 1056
1021 3 2 1 12 1056 1061 1062 1057
1022 3 2 1 12 1057 1062 197 196
1023 3 2 1 12 276 277 1063 1058
1024 3 2 1 12 1058 1063 1064 1059
1025 3 2 1 12 1059 1064 1065 1060
1026 3 2 1 12 1060 1065 1066 1061
1027 3 2 1 12 1061 1066 1067 1062
1028 3 2 1 12 1062 1067 198 197
1029 3 2 1 12 277 278 1068 1063
1030 3 2 1 12 1063 1068 1069 1064
1031 3 2 1 12 1064 1069 1070 1065
1032 3 2 1 12 1065 1070 1071 1066
1033 3 2 1 12 1066 1071 1072 1067
1034 3 2 1 12 1067 1072 199 198
1035 3 2 1 12 278 279 1073 1068
1036 3 2 1 12 1068 1073 1074 1069
1037 3 2 1 12 1069 1074 1075 1070
1038 3 2 1 12 1070 1075 1076 1071
1039 3 2 1 12 1071 1076 1077 1072
1040 3 2 1 12 1072 1077 200 199
1041 3 2 1 12 279 280 1078 1073
1042 3 2 1 12 1073 1078 1079 1074
1043 3 2 1 12 1074 1079 1080 1075
1044 3 2 1 12 1075 1080 1081 1076
1045 3 2 1 12 1076 1081 1082 1077
1046 3 2 1 12 1077 1082 201 200
1047 3 2 1 12 280 281 1083 1078
1048 3 2 1 12 1078 1083 1084 1079
1049 3 2 1 12 1079 1084 1085 1080
1050 3 2 1 12 1080 1085 1086 1081
1051 3 2 1 12 1081 1086 1087 1082
1052 3 2 1 12 1082 1087 202 201
1053 3 2 1 12 281 282 1088 1083
1054 3 2 1 12 1083 1088 1089 1084
1055 3 2 1 12 1084 1089 1090 1085
1056 3 2 1 12 1085 1090 1091 1086
1057 3 2 1 12 1086 1091 1092 1087
1058 3 2 1 12 1087 1092 203 202
1059 3 2 1 12 282 23 283 1088
1060 3 2 1 12 1088 283 284 1089
1061 3 2 1 12 1089 284 285 1090
1062 3 2 1 12 1090 285 286 1091
1063 3 2 1 12 1091 286 287 1092
1064 3 2 1 12 1092 287 12 203
1065 3 2 1 13 10 177 1093 255
1066 3 2 1 13 255 1093 1094 256
1067 3 2 1 13 256 1094 1095 257
1068 3 2 1 13 257 1095 1096 258
1069 3 2 1 13 258 1096 1097 259
1070 3 2 1 13 259 1097 305 17
1071 3 2 1 13 177 176 1098 1093
1072 3 2 1 13 1093 1098 1099 1094
1073 3 2 1 13 1094 1099 1100 1095
1074 3 2 1 13 1095 1100 1101 1096
1075 3 2 1 13 1096 1101 1102 1097
1076 3 2 1 13 1097 1102 304 305
1077 3 2 1 13 176 175 1103 1098
1078 3 2 1 13 1098 1103 1104 1099
1079 3 2 1 13 1099 1104 1105 1100
1080 3 2 1 13 1100 1105 1106 1101
1081 3 2 1 13 1101 1106 1107 1102
1082 3 2 1 13 1102 1107 303 304
1083 3 2 1 13 175 174 1108 1103
1084 3 2 1 13 1103 1108 1109 1104
1085 3 2 1 13 1104 1109 1110 1105
1086 3 2 1 13 1105 1110 1111 1106
1087 3 2 1 13 1106 1111 1112 1107
1088 3 2 1 13 1107 1112 302 303
1089 3 2 1 13 174 173 1113 1108
1090 3 2 1 13 1108 1113 1114 1109
1091 3 2 1 13 1109 1114 1115 1110
1092 3 2 1 13 1110 1115 1116 1111
1093 3 2 1 13 1111 1116 1117 1112
1094 3 2 1 13 1112 1117 301 302
1095 3 2 1 13 173 172 1118 1113
1096 3 2 1 13 1113 1118 1119 1114
1097 3 2 1 13 1114 1119 1120 1115
1098 3 2 1 13 1115 1120 1121 1116
1099 3 2 1 13 1116 1121 1122 1117
1100 3 2 1 13 1117 1122 300 301
1101 3 2 1 13 172 171 1123 1118
1102 3 2 1 13 1118 1123 1124 1119
1103 3 2 1 13 1119 1124 1125 1120
1104 3 2 1 13 1120 1125 1126 1121
1105 3 2 1 13 1121 1126 1127 1122
1106 3 2 1 13 1122 1127 299 300
1107 3 2 1 13 171 170 1128 1123
1108 3 2 1 13 1123 1128 1129 1124
1109 3 2 1 13 1124 1129 1130 1125
1110 3 2 1 13 1125 1130 1131 1126
1111 3 2 1 13 1126 1131 1132 1127
1112 3 2 1 13 1127 1132 298 299
1113 3 2 1 13 170 169 1133 1128
1114 3 2 1 13 1128 1133 1134 1129
1115 3 2 1 13 1129 1134 1135 1130
1116 3 2 1 13 1130 1135 1136 1131
1117 3 2 1 13 1131 1136 1137 1132
1118 3 2 1 13 1132 1137 297 298
1119 3 2 1 13 169 168 1138 1133
1120 3 2 1 13 1133 1138 1139 1134
1121 3 2 1 13 1134 1139 1140 1135
1122 3 2 1 13 1135 1140 1141 1136
1123 3 2 1 13 1136 1141 1142 1137
1124 3 2 1 13 1137 1142 296 297
1125 3 2 1 13 168 167 1143 1138
1126 3 2 1 13 1138 1143 1144 1139
1127 3 2 1 13 1139 1144 1145 1140
1128 3 2 1 13 1140 1145 1146 1141
1129 3 2 1 13 1141 1146 1147 1142
1130 3 2 1 13 1142 1147 295 296
1131 3 2 1 13 167 166 1148 1143
1132 3 2 1 13 1143 1148 1149 1144
1133 3 2 1 13 1144 1149 1150 1145
1134 3 2 1 13 1145 1150 1151 1146
1135 3 2 1 13 1146 1151 1152 1147
1136 3 2 1 13 1147 1152 294 295
1137 3 2 1 13 166 165 1153 1148
1138 3 2 1 13 1148 1153 1154 1149
1139 3 2 1 13 1149 1154 1155 1150
1140 3 2 1 13 1150 1155 1156 1151
1141 3 2 1 13 1151 1156 1157 1152
1142 3 2 1 13 1152 1157 293 294
1143 3 2 1 13 165 9 288 1153
1144 3 2 1 13 1153 288 289 1154
1145 3 2 1 13 1154 289 290 1155
1146 3 2 1 13 1155 290 291 1156
1147 3 2 1 13 1156 291 292 1157
1148 3 2 1 13 1157 292 18 293
1149 3 2 1 14 23 306 1158 283
1150 3 2 1 14 283 1158 1159 284
1151 3 2 1 14 284 1159 1160 285
1152 3 2 1 14 285 1160 1161 286
1153 3 2 1 14 286 1161 1162 287
1154 3 2 1 14 287 1162 368 12
1155 3 2 1 14 306 307 1163 1158
1156 3 2 1 14 1158 1163 1164 1159
1157 3 2 1 14 1159 1164 1165 1160
1158 3 2 1 14 1160 1165 1166 1161
1159 3 2 1 14 1161 1166 1167 1162
1160 3 2 1 14 1162 1167 367 368
1161 3 2 1 14 307 308 1168 1163
1162 3 2 1 14 1163 1168 1169 1164
1163 3 2 1 14 1164 1169 1170 1165
1164 3 2 1 14 1165 1170 1171 1166
1165 3 2 1 14 1166 1171 1172 1167
1166 3 2 1 14 1167 1172 366 367
1167 3 2 1 14 308 309 1173 1168
1168 3 2 1 14 1168 1173 1174 1169
1169 3 2 1 14 1169 1174 1175 1170
1170 3 2 1 14 1170 1175 1176 1171
1171 3 2 1 14 1171 1176 1177 1172
1172 3 2 1 14 1172 1177 365 366
1173 3 2 1 14 309 310 1178 1173
1174 3 2 1 14 1173 1178 1179 1174
1175 3 2 1 14 1174 1179 1180 1175
1176 3 2 1 14 1175 1180 1181 1176
1177 3 2 1 14 1176 1181 1182 1177
1178 3 2 1 14 1177 1182 364 365
1179 3 2 1 14 310 311 1183 1178
1180 3 2 1 14 1178 1183 1184 1179
1181 3 2 1 14 1179 1184 1185 1180
1182 3 2 1 14 1180 1185 1186 1181
1183 3 2 1 14 1181 1186 1187 1182
1184 3 2 1 14 1182 1187 363 364
1185 3 2 1 14 311 312 1188 1183
1186 3 2 1 14 1183 1188 1189 1184
1187 3 2 1 14 1184 1189 1190 1185
1188 3 2 1 14 1185 1190 1191 1186
1189 3 2 1 14 1186 1191 1192 1187
1190 3 2 1 14 1187 1192 362 363
1191 3 2 1 14 312 313 1193 1188
1192 3 2 1 14 1188 1193 1194 1189
1193 3 2 1 14 1189 1194 1195 1190
1194 3 2 1 14 1190 1195 1196 1191
1195 3 2 1 14 1191 1196 1197 1192
1196 3 2 1 14 1192 1197 361 362
1197 3 2 1 14 313 314 1198 1193
1198 3 2 1 14 1193 1198 1199 1194
1199 3 2 1 14 1194 1199 1200 1195
1200 3 2 1 14 1195 1200 1201 1196
1201 3 2 1 14 1196 1201 1202 1197
1202 3 2 1 14 1197 1202 360 361
1203 3 2 1 14 314 315 1203 1198
1204 3 2 1 14 1198 1203 1204 1199
1205 3 2 1 14 1199 1204 1205 1200
1206 3 2 1 14 1200 1205 1206 1201
1207 3 2 1 14 1201 1206 1207 1202
1208 3 2 1 14 1202 1207 359 360
1209 3 2 1 14 315 316 1208 1203
1210 3 2 1 14 1203 1208 1209 1204
1211 3 2 1 14 1204 1209 1210 1205
1212 3 2 1 14 1205 1210 1211 1206
1213 3 2 1 14 1206 1211 1212 1207
1214 3 2 1 14 1207 1212 358 359
1215 3 2 1 14 316 317 1213 1208
1216 3 2 1 14 1208 1213 1214 1209
1217 3 2 1 14 1209 1214 1215 1210
1218 3 2 1 14 1210 1215 1216 1211
1219 3 2 1 14 1211 1216 1217 1212
1220 3 2 1 14 1212 1217 357 358
1221 3 2 1 14 317 318 1218 1213
1222 3 2 1 14 1213 1218 1219 1214
1223 3 2 1 14 1214 1219 1220 1215
1224 3 2 1 14 1215 1220 1221 1216
1225 3 2 1 14 1216 1221 1222 1217
1226 3 2 1 14 1217 1222 356 357
1227 3 2 1 14 318 319 1223 1218
1228 3 2 1 14 1218 1223 1224 1219
1229 3 2 1 14 1219 1224 1225 1220
1230 3 2 1 14 1220 1225 1226 1221
1231 3 2 1 14 1221 1226 1227 1222
1232 3 2 1 14 1222 1227 355 356
1233 3 2 1 14 319 320 1228 1223
1234 3 2 1 14 1223 1228 1229 1224
1235 3 2 1 14 1224 1229 1230 1225
1236 3 2 1 14 1225 1230 1231 1226
1237 3 2 1 14 1226 1231 1232 1227
1238 3 2 1 14 1227 1232 354 355
1239 3 2 1 14 320 321 1233 1228
1240 3 2 1 14 1228 1233 1234 1229
1241 3 2 1 14 1229 1234 1235 1230
1242 3 2 1 14 1230 1235 1236 1231
1243 3 2 1 14 1231 1236 1237 1232
1244 3 2 1 14 1232 1237 353 354
1245 3 2 1 14 321 322 1238 1233
1246 3 2 1 14 1233 1238 1239 1234
1247 3 2 1 14 1234 1239 1240 1235
1248 3 2 1 14 1235 1240 1241 1236
1249 3 2 1 14 1236 1241 1242 1237
1250 3 2 1 14 1237 1242 352 353
1251 3 2 1 14 322 323 1243 1238
1252 3 2 1 14 1238 1243 1244 1239
1253 3 2 1 14 1239 1244 1245 1240
1254 3 2 1 14 1240 1245 1246 1241
1255 3 2 1 14 1241 1246 1247 1242
1256 3 2 1 14 1242 1247 351 352
1257 3 2 1 14 323 324 1248 1243
1258 3 2 1 14 1243 1248 1249 1244
1259 3 2 1 14 1244 1249 1250 1245
1260 3 2 1 14 1245 1250 1251 1246
1261 3 2 1 14 1246 1251 1252 1247
1262 3 2 1 14 1247 1252 350 351
1263 3 2 1 14 324 325 1253 1248
1264 3 2 1 14 1248 1253 1254 1249
1265 3 2 1 14 1249 1254 1255 1250
1266 3 2 1 14 1250 1255 1256 1251
1267 3 2 1 14 1251 1256 1257 1252
1268 3 2 1 14 1252 1257 349 350
1269 3 2 1 14 325 326 1258 1253
1270 3 2 1 14 1253 1258 1259 1254
1271 3 2 1 14 1254 1259 1260 1255
1272 3 2 1 14 1255 1260 1261 1256
1273 3 2 1 14 1256 1261 1262 1257
1274 3 2 1 14 1257 1262 348 349
1275 3 2 1 14 326 327 1263 1258
1276 3 2 1 14 1258 1263 1264 1259
1277 3 2 1 14 1259 1264 1265 1260
1278 3 2 1 14 1260 1265 1266 1261
1279 3 2 1 14 1261 1266 1267 1262
1280 3 2 1 14 1262 1267 347 348
1281 3 2 1 14 327 328 1268 1263
1282 3 2 1 14 1263 1268 1269 1264
1283 3 2 1 14 1264 1269 1270 1265
1284 3 2 1 14 1265 1270 1271 1266
1285 3 2 1 14 1266 1271 1272 1267
1286 3 2 1 14 1267 1272 346 347
1287 3 2 1 14 328 329 1273 1268
1288 3 2 1 14 1268 1273 1274 1269
1289 3 2 1 14 1269 1274 1275 1270
1290 3 2 1 14 1270 1275 1276 1271
1291 3 2 1 14 1271 1276 1277 1272
1292 3 2 1 14 1272 1277 345 346
1293 3 2 1 14 329 330 1278 1273
1294 3 2 1 14 1273 1278 1279 1274
1295 3 2 1 14 1274 1279 1280 1275
1296 3 2 1 14 1275 1280 1281 1276
1297 3 2 1 14 1276 1281 1282 1277
1298 3 2 1 14 1277 1282 344 345
1299 3 2 1 14 330 331 1283 1278
1300 3 2 1 14 1278 1283 1284 1279
1301 3 2 1 14 1279 1284 1285 1280
1302 3 2 1 14 1280 1285 1286 1281
1303 3 2 1 14 1281 1286 1287 1282
1304 3 2 1 14 1282 1287 343 344
1305 3 2 1 14 331 332 1288 1283
1306 3 2 1 14 1283 1288 1289 1284
1307 3 2 1 14 1284 1289 1290 1285
1308 3 2 1 14 1285 1290 1291 1286
1309 3 2 1 14 1286 1291 1292 1287
1310 3 2 1 14 1287 1292 342 343
1311 3 2 1 14 332 333 1293 1288
1312 3 2 1 14 1288 1293 1294 1289
1313 3 2 1 14 1289 1294 1295 1290
1314 3 2 1 14 1290 1295 1296 1291
1315 3 2 1 14 1291 1296 1297 1292
1316 3 2 1 14 1292 1297 341 342
1317 3 2 1 14 333 334 1298 1293
1318 3 2 1 14 1293 1298 1299 1294
1319 3 2 1 14 1294 1299 1300 1295
1320 3 2 1 14 1295 1300 1301 1296
1321 3 2 1 14 1296 1301 1302 1297
1322 3 2 1 14 1297 1302 340 341
1323 3 2 1 14 334 22 335 1298
1324 3 2 1 14 1298 335 336 1299
1325 3 2 1 14 1299 336 337 1300
1326 3 2 1 14 1300 337 338 1301
1327 3 2 1 14 1301 338 339 1302
1328 3 2 1 14 1302 339 21 340
1329 3 2 1 15 12 368 1303 204
1330 3 2 1 15 204 1303 1304 205
1331 3 2 1 15 205 1304 1305 206
1332 3 2 1 15 206 1305 1306 207
1333 3 2 1 15 207 1306 1307 208
1334 3 2 1 15 208 1307 1308 209
1335 3 2 1 15 209 1308 1309 210
1336 3 2 1 15 210 1309 1310 211
1337 3 2 1 15 211 1310 1311 212
1338 3 2 1 15 212 1311 1312 213
1339 3 2 1 15 213 1312 1313 214
1340 3 2 1 15 214 1313 1314 215
1341 3 2 1 15 215 1314 1315 216
1342 3 2 1 15 216 1315 410 9
1343 3 2 1 15 368 367 1316 1303
1344 3 2 1 15 1303 1316 1317 1304
1345 3 2 1 15 1304 1317 1318 1305
1346 3 2 1 15 1305 1318 1319 1306
1347 3 2 1 15 1306 1319 1320 1307
1348 3 2 1 15 1307 1320 1321 1308
1349 3 2 1 15 1308 1321 1322 1309
1350 3 2 1 15 1309 1322 1323 1310
1351 3 2 1 15 1310 1323 1324 1311
1352 3 2 1 15 1311 1324 1325 1312
1353 3 2 1 15 1312 1325 1326 1313
1354 3 2 1 15 1313 1326 1327 1314
1355 3 2 1 15 1314 1327 1328 1315
1356 3 2 1 15 1315 1328 409 410
1357 3 2 1 15 367 366 1329 1316
1358 3 2 1 15 1316 1329 1330 1317
1359 3 2 1 15 1317 1330 1331 1318
1360 3 2 1 15 1318 1331 1332 1319
1361 3 2 1 15 1319 1332 1333 1320
1362 3 2 1 15 1320 1333 1334 1321
1363 3 2 1 15 1321 1334 1335 1322
1364 3 2 1 15 1322 1335 1336 1323
1365 3 2 1 15 1323 1336 1337 1324
1366 3 2 1 15 1324 1337 1338 1325
1367 3 2 1 15 1325 1338 1339 1326
1368 3 2 1 15 1326 1339 1340 1327
1369 3 2 1 15 1327 1340 1341 1328
1370 3 2 1 15 1328 1341 408 409
1371 3 2 1 15 366 365 1342 1329
1372 3 2 1 15 1329 1342 1343 1330
1373 3 2 1 15 1330 1343 1344 1331
1374 3 2 1 15 1331 1344 1345 1332
1375 3 2 1 15 1332 1345 1346 1333
1376 3 2 1 15 1333 1346 1347 1334
1377 3 2 1 15 1334 1347 1348 1335
1378 3 2 1 15 1335 1348 1349 1336
1379 3 2 1 15 1336 1349 1350 1337
1380 3 2 1 15 1337 1350 1351 1338
1381 3 2 1 15 1338 1351 1352 1339
1382 3 2 1 15 1339 1352 1353 1340
1383 3 2 1 15 1340 1353 1354 1341
1384 3 2 1 15 1341 1354 407 408
1385 3 2 1 15 365 364 1355 1342
1386 3 2 1 15 1342 1355 1356 1343
1387 3 2 1 15 1343 1356 1357 1344
1388 3 2 1 15 1344 1357 1358 1345
1389 3 2 1 15 1345 1358 1359 1346
1390 3 2 1 15 1346 1359 1360 1347
1391 3 2 1 15 1347 1360 1361 1348
1392 3 2 1 15 1348 1361 1362 1349
1393 3 2 1 15 1349 1362 1363 1350
1394 3 2 1 15 1350 1363 1364 1351
1395 3 2 1 15 1351 1364 1365 1352
1396 3 2 1 15 1352 1365 1366 1353
1397 3 2 1 15 1353 1366 1367 1354
1398 3 2 1 15 1354 1367 406 407
1399 3 2 1 15 364 363 1368 1355
1400 3 2 1 15 1355 1368 1369 1356
1401 3 2 1 15 1356 1369 1370 1357
1402 3 2 1 15 1357 1370 1371 1358
1403 3 2 1 15 1358 1371 1372 1359
1404 3 2 1 15 1359 1372 1373 1360
1405 3 2 1 15 1360 1373 1374 1361
1406 3 2 1 15 1361 1374 1375 1362
1407 3 2 1 15 1362 1375 1376 1363
1408 3 2 1 15 1363 1376 1377 1364
1409 3 2 1 15 1364 1377 1378 1365
1410 3 2 1 15 1365 1378 1379 1366
1411 3 2 1 15 1366 1379 1380 1367
1412 3 2 1 15 1367 1380 405 406
1413 3 2 1 15 363 362 1381 1368
1414 3 2 1 15 1368 1381 1382 1369
1415 3 2 1 15 1369 1382 1383 1370
1416 3 2 1 15 1370 1383 1384 1371
1417 3 2 1 15 1371 1384 1385 1372
1418 3 2 1 15 1372 1385 1386 1373
1419 3 2 1 15 1373 1386 1387 1374
1420 3 2 1 15 1374 1387 1388 1375
1421 3 2 1 15 1375 1388 1389 1376
1422 3 2 1 15 1376 1389 1390 1377
1423 3 2 1 15 1377 1390 1391 1378
1424 3 2 1 15 1378 1391 1392 1379
1425 3 2 1 15 1379 1392 1393 1380
1426 3 2 1 15 1380 1393 404 405
1427 3 2 1 15 362 361 1394 1381
1428 3 2 1 15 1381 1394 1395 1382
1429 3 2 1 15 1382 1395 1396 1383
1430 3 2 1 15 1383 1396 1397 1384
1431 3 2 1 15 1384 1397 1398 1385
1432 3 2 1 15 1385 1398 1399 1386
1433 3 2 1 15 1386 1399 1400 1387
1434 3 2 1 15 1387 1400 1401 1388
1435 3 2 1 15 1388 1401 1402 1389
1436 3 2 1 15 1389 1402 1403 1390
1437 3 2 1 15 1390 1403 1404 1391
1438 3 2 1 15 1391 1404 1405 1392
1439 3 2 1 15 1392 1405 1406 1393
1440 3 2 1 15 1393 1406 403 404
1441 3 2 1 15 361 360 1407 1394
1442 3 2 1 15 1394 1407 1408 1395
1443 3 2 1 15 1395 1408 1409 1396
1444 3 2 1 15 1396 1409 1410 1397
1445 3 2 1 15 1397 1410 1411 1398
1446 3 2 1 15 1398 1411 1412 1399
1447 3 2 1 15 1399 1412 1413 1400
1448 3 2 1 15 1400 1413 1414 1401
1449 3 2 1 15 1401 1414 1415 1402
1450 3 2 1 15 1402 1415 1416 1403
1451 3 2 1 15 1403 1416 1417 1404
1452 3 2 1 15 1404 1417 1418 1405
1453 3 2 1 15 1405 1418 1419 1406
1454 3 2 1 15 1406 1419 402 403
1455 3 2 1 15 360 359 1420 1407
1456 3 2 1 15 1407 1420 1421 1408
1457 3 2 1 15 1408 1421 1422 1409
1458 3 2 1 15 1409 1422 1423 1410
1459 3 2 1 15 1410 1423 1424 1411
1460 3 2 1 15 1411 1424 1425 1412
1461 3 2 1 15 1412 1425 1426 1413
1462 3 2 1 15 1413 1426 1427 1414
1463 3 2 1 15 1414 1427 1428 1415
1464 3 2 1 15 1415 1428 1429 1416
1465 3 2 1 15 1416 1429 1430 1417
1466 3 2 1 15 1417 1430 1431 1418
1467 3 2 1 15 1418 1431 1432 1419
1468 3 2 1 15 1419 1432 401 402
1469 3 2 1 15 359 358 1433 1420
1470 3 2 1 15 1420 1433 1434 1421
1471 3 2 1 15 1421 1434 1435 1422
1472 3 2 1 15 1422 1435 1436 1423
1473 3 2 1 15 1423 1436 1437 1424
1474 3 2 1 15 1424 1437 1438 1425
1475 3 2 1 15 1425 1438 1439 1426
1476 3 2 1 15 1426 1439 1440 1427
1477 3 2 1 15 1427 1440 1441 1428
1478 3 2 1 15 1428 1441 1442 1429
1479 3 2 1 15 1429 1442 1443 1430
1480 3 2 1 15 1430 1443 1444 1431
1481 3 2 1 15 1431 1444 1445 1432
1482 3 2 1 15 1432 1445 400 401
1483 3 2 1 15 358 357 1446 1433
1484 3 2 1 15 1433 1446 1447 1434
1485 3 2 1 15 1434 1447 1448 1435
1486 3 2 1 15 1435 1448 1449 1436
1487 3 2 1 15 1436 1449 1450 1437
1488 3 2 1 15 1437 1450 1451 1438
1489 3 2 1 15 1438 1451 1452 1439
1490 3 2 1 15 1439 1452 1453 1440
1491 3 2 1 15 1440 1453 1454 1441
1492 3 2 1 15 1441 1454 1455 1442
1493 3 2 1 15 1442 1455 1456 1443
1494 3 2 1 15 1443 1456 1457 1444
1495 3 2 1 15 1444 1457 1458 1445
1496 3 2 1 15 1445 1458 399 400
1497 3 2 1 15 357 356 1459 1446
1498 3 2 1 15 1446 1459 1460 1447
1499 3 2 1 15 1447 1460 1461 1448
1500 3 2 1 15 1448 1461 1462 1449
1501 3 2 1 15 1449 1462 1463 1450
1502 3 2 1 15 1450 1463 1464 1451
1503 3 2 1 15 1451 1464 1465 1452
1504 3 2 1 15 1452 1465 1466 1453
1505 3 2 1 15 1453 1466 1467 1454
1506 3 2 1 15 1454 1467 1468 1455
1507 3 2 1 15 1455 1468 1469 1456
1508 3 2 1 15 1456 1469 1470 1457
1509 3 2 1 15 1457 1470 1471 1458
1510 3 2 1 15 1458 1471 398 399
1511 3 2 1 15 356 355 1472 1459
1512 3 2 1 15 1459 1472 1473 1460
1513 3 2 1 15 1460 1473 1474 1461
1514 3 2 1 15 1461 1474 1475 1462
1515 3 2 1 15 1462 1475 1476 1463
1516 3 2 1 15 1463 1476 1477 1464
1517 3 2 1 15 1464 1477 1478 1465
1518 3 2 1 15 1465 1478 1479 1466
1519 3 2 1 15 1466 1479 1480 1467
1520 3 2 1 15 1467 1480 1481 1468
1521 3 2 1 15 1468 1481 1482 1469
1522 3 2 1 15 1469 1482 1483 1470
1523 3 2 1 15 1470 1483 1484 1471
1524 3 2 1 15 1471 1484 397 398
1525 3 2 1 15 355 354 1485 1472
1526 3 2 1 15 1472 1485 1486 1473
1527 3 2 1 15 1473 1486 1487 1474
1528 3 2 1 15 1474 1487 1488 1475
1529 3 2 1 15 1475 1488 1489 1476
1530 3 2 1 15 1476 1489 1490 1477
1531 3 2 1 15 1477 1490 1491 1478
1532 3 2 1 15 1478 1491 1492 1479
1533 3 2 1 15 1479 1492 1493 1480
1534 3 2 1 15 1480 1493 1494 1481
1535 3 2 1 15 1481 1494 1495 1482
1536 3 2 1 15 1482 1495 1496 1483
1537 3 2 1 15 1483 1496 1497 1484
1538 3 2 1 15 1484 1497 396 397
1539 3 2 1 15 354 353 1498 1485
1540 3 2 1 15 1485 1498 1499 1486
1541 3 2 1 15 1486 1499 1500 1487
1542 3 2 1 15 1487 1500 1501 1488
1543 3 2 1 15 1488 1501 1502 1489
1544 3 2 1 15 1489 1502 1503 1490
1545 3 2 1 15 1490 1503 1504 1491
1546 3 2 1 15 1491 1504 1505 1492
1547 3 2 1 15 1492 1505 1506 1493
1548 3 2 1 15 1493 1506 1507 1494
1549 3 2 1 15 1494 1507 1508 1495
1550 3 2 1 15 1495 1508 1509 1496
1551 3 2 1 15 1496 1509 1510 1497
1552 3 2 1 15 1497 1510 395 396
1553 3 2 1 15 353 352 1511 1498
1554 3 2 1 15 1498 1511 1512 1499
1555 3 2 1 15 1499 1512 1513 1500
1556 3 2 1 15 1500 1513 1514 1501
1557 3 2 1 15 1501 1514 1515 1502
1558 3 2 1 15 1502 1515 1516 1503
1559 3 2 1 15 1503 1516 1517 1504
1560 3 2 1 15 1504 1517 1518 1505
1561 3 2 1 15 1505 1518 1519 1506
1562 3 2 1 15 1506 1519 1520 1507
1563 3 2 1 15 1507 1520 1521 1508
1564 3 2 1 15 1508 1521 1522 1509
1565 3 2 1 15 1509 1522 1523 1510
1566 3 2 1 15 1510 1523 394 395
1567 3 2 1 15 352 351 1524 1511
1568 3 2 1 15 1511 1524 1525 1512
1569 3 2 1 15 1512 1525 1526 1513
1570 3 2 1 15 1513 1526 1527 1514
1571 3 2 1 15 1514 1527 1528 1515
1572 3 2 1 15 1515 1528 1529 1516
1573 3 2 1 15 1516 1529 1530 1517
1574 3 2 1 15 1517 1530 1531 1518
1575 3 2 1 15 1518 1531 1532 1519
1576 3 2 1 15 1519 1532 1533 1520
1577 3 2 1 15 1520 1533 1534 1521
1578 3 2 1 15 1521 1534 1535 1522
1579 3 2 1 15 1522 1535 1536 1523
1580 3 2 1 15 1523 1536 393 394
1581 3 2 1 15 351 350 1537 1524
1582 3 2 1 15 1524 1537 1538 1525
1583 3 2 1 15 1525 1538 1539 1526
1584 3 2 1 15 1526 1539 1540 1527
1585 3 2 1 15 1527 1540 1541 1528
1586 3 2 1 15 1528 1541 1542 1529
1587 3 2 1 15 1529 1542 1543 1530
1588 3 2 1 15 1530 1543 1544 1531
1589 3 2 1 15 1531 1544 1545 1532
1590 3 2 1 15 1532 1545 1546 1533
1591 3 2 1 15 1533 1546 1547 1534
1592 3 2 1 15 1534 1547 1548 1535
1593 3 2 1 15 1535 1548 1549 1536
1594 3 2 1 15 1536 1549 392 393
1595 3 2 1 15 350 349 1550 1537
1596 3 2 1 15 1537 1550 1551 1538
1597 3 2 1 15 1538 1551 1552 1539
1598 3 2 1 15 1539 1552 1553 1540
1599 3 2 1 15 1540 1553 1554 1541
1600 3 2 1 15 1541 1554 1555 1542
1601 3 2 1 15 1542 1555 1556 1543
1602 3 2 1 15 1543 1556 1557 1544
1603 3 2 1 15 1544 1557 1558 1545
1604 3 2 1 15 1545 1558 1559 1546
1605 3 2 1 15 1546 1559 1560 1547
1606 3 2 1 15 1547 1560 1561 1548
1607 3 2 1 15 1548 1561 1562 1549
1608 3 2 1 15 1549 1562 391 392
1609 3 2 1 15 349 348 1563 1550
1610 3 2 1 15 1550 1563 1564 1551
1611 3 2 1 15 1551 1564 1565 1552
1612 3 2 1 15 1552 1565 1566 1553
1613 3 2 1 15 1553 1566 1567 1554
1614 3 2 1 15 1554 1567 1568 1555
1615 3 2 1 15 1555 1568 1569 1556
1616 3 2 1 15 1556 1569 1570 1557
1617 3 2 1 15 1557 1570 1571 1558
1618 3 2 1 15 1558 1571 1572 1559
1619 3 2 1 15 1559 1572 1573 1560
1620 3 2 1 15 1560 1573 1574 1561
1621 3 2 1 15 1561 1574 1575 1562
1622 3 2 1 15 1562 1575 390 391
1623 3 2 1 15 348 347 1576 1563
1624 3 2 1 15 1563 1576 1577 1564
1625 3 2 1 15 1564 1577 1578 1565
1626 3 2 1 15 1565 1578 1579 1566
1627 3 2 1 15 1566 1579 1580 1567
1628 3 2 1 15 1567 1580 1581 1568
1629 3 2 1 15 1568 1581 1582 1569
1630 3 2 1 15 1569 1582 1583 1570
1631 3 2 1 15 1570 1583 1584 1571
1632 3 2 1 15 1571 1584 1585 1572
1633 3 2 1 15 1572 1585 1586 1573
1634 3 2 1 15 1573 1586 1587 1574
1635 3 2 1 15 1574 1587 1588 1575
1636 3 2 1 15 1575 1588 389 390
1637 3 2 1 15 347 346 1589 1576
1638 3 2 1 15 1576 1589 1590 1577
1639 3 2 1 15 1577 1590 1591 1578
1640 3 2 1 15 1578 1591 1592 1579
1641 3 2 1 15 1579 1592 1593 1580
1642 3 2 1 15 1580 1593 1594 1581
1643 3 2 1 15 1581 1594 1595 1582
1644 3 2 1 15 1582 1595 1596 1583
1645 3 2 1 15 1583 1596 1597 1584
1646 3 2 1 15 1584 1597 1598 1585
1647 3 2 1 15 1585 1598 1599 1586
1648 3 2 1 15 1586 1599 1600 1587
1649 3 2 1 15 1587 1600 1601 1588
1650 3 2 1 15 1588 1601 388 389
1651 3 2 1 15 346 345 1602 1589
1652 3 2 1 15 1589 1602 1603 1590
1653 3 2 1 15 1590 1603 1604 1591
1654 3 2 1 15 1591 1604 1605 1592
1655 3 2 1 15 1592 1605 1606 1593
1656 3 2 1 15 1593 1606 1607 1594
1657 3 2 1 15 1594 1607 1608 1595
1658 3 2 1 15 1595 1608 1609 1596
1659 3 2 1 15 1596 1609 1610 1597
1660 3 2 1 15 1597 1610 1611 1598
1661 3 2 1 15 1598 1611 1612 1599
1662 3 2 1 15 1599 1612 1613 1600
1663 3 2 1 15 1600 1613 1614 1601
1664 3 2 1 15 1601 1614 387 388
1665 3 2 1 15 345 344 1615 1602
1666 3 2 1 15 1602 1615 1616 1603
1667 3 2 1 15 1603 1616 1617 1604
1668 3 2 1 15 1604 1617 1618 1605
1669 3 2 1 15 1605 1618 1619 1606
1670 3 2 1 15 1606 1619 1620 1607
1671 3 2 1 15 1607 1620 1621 1608
1672 3 2 1 15 1608 1621 1622 1609
1673 3 2 1 15 1609 1622 1623 1610
1674 3 2 1 15 1610 1623 1624 1611
1675 3 2 1 15 1611 1624 1625 1612
1676 3 2 1 15 1612 1625 1626 1613
1677 3 2 1 15 1613 1626 1627 1614
1678 3 2 1 15 1614 1627 386 387
1679 3 2 1 15 344 343 1628 1615
1680 3 2 1 15 1615 1628 1629 1616
1681 3 2 1 15 1616 1629 1630 1617
1682 3 2 1 15 1617 1630 1631 1618
1683 3 2 1 15 1618 1631 1632 1619
1684 3 2 1 15 1619 1632 1633 1620
1685 3 2 1 15 1620 1633 1634 1621
1686 3 2 1 15 1621 1634 1635 1622
1687 3 2 1 15 1622 1635 1636 1623
1688 3 2 1 15 1623 1636 1637 1624
1689 3 2 1 15 1624 1637 1638 1625
1690 3 2 1 15 1625 1638 1639 1626
1691 3 2 1 15 1626 1639 1640 1627
1692 3 2 1 15 1627 1640 385 386
1693 3 2 1 15 343 342 1641 1628
1694 3 2 1 15 1628 1641 1642 1629
1695 3 2 1 15 1629 1642 1643 1630
1696 3 2 1 15 1630 1643 1644 1631
1697 3 2 1 15 1631 1644 1645 1632
1698 3 2 1 15 1632 1645 1646 1633
1699 3 2 1 15 1633 1646 1647 1634
1700 3 2 1 15 1634 1647 1648 1635
1701 3 2 1 15 1635 1648 1649 1636
1702 3 2 1 15 1636 1649 1650 1637
1703 3 2 1 15 1637 1650 1651 1638
1704 3 2 1 15 1638 1651 1652 1639
1705 3 2 1 15 1639 1652 1653 1640
1706 3 2 1 15 1640 1653 384 385
1707 3 2 1 15 342 341 1654 1641
1708 3 2 1 15 1641 1654 1655 1642
1709 3 2 1 15 1642 1655 1656 1643
1710 3 2 1 15 1643 1656 1657 1644
1711 3 2 1 15 1644 1657 1658 1645
1712 3 2 1 15 1645 1658 1659 1646
1713 3 2 1 15 1646 1659 1660 1647
1714 3 2 1 15 1647 1660 1661 1648
1715 3 2 1 15 1648 1661 1662 1649
1716 3 2 1 15 1649 1662 1663 1650
1717 3 2 1 15 1650 1663 1664 1651
1718 3 2 1 15 1651 1664 1665 1652
1719 3 2 1 15 1652 1665 1666 1653
1720 3 2 1 15 1653 1666 383 384
1721 3 2 1 15 341 340 1667 1654
1722 3 2 1 15 1654 1667 1668 1655
1723 3 2 1 15 1655 1668 1669 1656
1724 3 2 1 15 1656 1669 1670 1657
1725 3 2 1 15 1657 1670 1671 1658
1726 3 2 1 15 1658 1671 1672 1659
1727 3 2 1 15 1659 1672 1673 1660
1728 3 2 1 15 1660 1673 1674 1661
1729 3 2 1 15 1661 1674 1675 1662
1730 3 2 1 15 1662 1675 1676 1663
1731 3 2 1 15 1663 1676 1677 1664
1732 3 2 1 15 1664 1677 1678 1665
1733 3 2 1 15 1665 1678 1679 1666
1734 3 2 1 15 1666 1679 382 383
1735 3 2 1 15 340 21 369 1667
1736 3 2 1 15 1667 369 370 1668
1737 3 2 1 15 1668 370 371 1669
1738 3 2 1 15 1669 371 372 1670
1739 3 2 1 15 1670 372 373 1671
1740 3 2 1 15 1671 373 374 1672
1741 3 2 1 15 1672 374 375 1673
1742 3 2 1 15 1673 375 376 1674
1743 3 2 1 15 1674 376 377 1675
1744 3 2 1 15 1675 377 378 1676
1745 3 2 1 15 1676 378 379 1677
1746 3 2 1 15 1677 379 380 1678
1747 3 2 1 15 1678 380 381 1679
1748 3 2 1 15 1679 381 20 382
1749 3 2 1 16 9 410 1680 288
1750 3 2 1 16 288 1680 1681 289
1751 3 2 1 16 289 1681 1682 290
1752 3 2 1 16 290 1682 1683 291
1753 3 2 1 16 291 1683 1684 292
1754 3 2 1 16 292 1684 444 18
1755 3 2 1 16 410 409 1685 1680
1756 3 2 1 16 1680 1685 1686 1681
1757 3 2 1 16 1681 1686 1687 1682
1758 3 2 1 16 1682 1687 1688 1683
1759 3 2 1 16 1683 1688 1689 1684
1760 3 2 1 16 1684 1689 443 444
1761 3 2 1 16 409 408 1690 1685
1762 3 2 1 16 1685 1690 1691 1686
1763 3 2 1 16 1686 1691 1692 1687
1764 3 2 1 16 1687 1692 1693 1688
1765 3 2 1 16 1688 1693 1694 1689
1766 3 2 1 16 1689 1694 442 443
1767 3 2 1 16 408 407 1695 1690
1768 3 2 1 16 1690 1695 1696 1691
1769 3 2 1 16 1691 1696 1697 1692
1770 3 2 1 16 1692 1697 1698 1693
1771 3 2 1 16 1693 1698 1699 1694
1772 3 2 1 16 1694 1699 441 442
1773 3 2 1 16 407 406 1700 1695
1774 3 2 1 16 1695 1700 1701 1696
1775 3 2 1 16 1696 1701 1702 1697
1776 3 2 1 16 1697 1702 1703 1698
1777 3 2 1 16 1698 1703 1704 1699
1778 3 2 1 16 1699 1704 440 441
1779 3 2 1 16 406 405 1705 1700
1780 3 2 1 16 1700 1705 1706 1701
1781 3 2 1 16 1701 1706 1707 1702
1782 3 2 1 16 1702 1707 1708 1703
1783 3 2 1 16 1703 1708 1709 1704
1784 3 2 1 16 1704 1709 439 440
1785 3 2 1 16 405 404 1710 1705
1786 3 2 1 16 1705 1710 1711 1706
1787 3 2 1 16 1706 1711 1712 1707
1788 3 2 1 16 1707 1712 1713 1708
1789 3 2 1 16 1708 1713 1714 1709
1790 3 2 1 16 1709 1714 438 439
1791 3 2 1 16 404 403 1715 1710
1792 3 2 1 16 1710 1715 1716 1711
1793 3 2 1 16 1711 1716 1717 1712
1794 3 2 1 16 1712 1717 1718 1713
1795 3 2 1 16 1713 1718 1719 1714
1796 3 2 1 16 1714 1719 437 438
1797 3 2 1 16 403 402 1720 1715
1798 3 2 1 16 1715 1720 1721 1716
1799 3 2 1 16 1716 1721 1722 1717
1800 3 2 1 16 1717 1722 1723 1718
1801 3 2 1 16 1718 1723 1724 1719
1802 3 2 1 16 1719 1724 436 437
1803 3 2 1 16 402 401 1725 1720
1804 3 2 1 16 1720 1725 1726 1721
1805 3 2 1 16 1721 1726 1727 1722
1806 3 2 1 16 1722 1727 1728 1723
1807 3 2 1 16 1723 1728 1729 1724
1808 3 2 1 16 1724 1729 435 436
1809 3 2 1 16 401 400 1730 1725
1810 3 2 1 16 1725 1730 1731 1726
1811 3 2 1 16 1726 1731 1732 1727
1812 3 2 1 16 1727 1732 1733 1728
1813 3 2 1 16 1728 1733 1734 1729
1814 3 2 1 16 1729 1734 434 435
1815 3 2 1 16 400 399 1735 1730
1816 3 2 1 16 1730 1735 1736 1731
1817 3 2 1 16 1731 1736 1737 1732
1818 3 2 1 16 1732 1737 1738 1733
1819 3 2 1 16 1733 1738 1739 1734
1820 3 2 1 16 1734 1739 433 434
1821 3 2 1 16 399 398 1740 1735
1822 3 2 1 16 1735 1740 1741 1736
1823 3 2 1 16 1736 1741 1742 1737
1824 3 2 1 16 1737 1742 1743 1738
1825 3 2 1 16 1738 1743 1744 1739
1826 3 2 1 16 1739 1744 432 433
1827 3 2 1 16 398 397 1745 1740
1828 3 2 1 16 1740 1745 1746 1741
1829 3 2 1 16 1741 1746 1747 1742
1830 3 2 1 16 1742 1747 1748 1743
1831 3 2 1 16 1743 1748 1749 1744
1832 3 2 1 16 1744 1749 431 432
1833 3 2 1 16 397 396 1750 1745
1834 3 2 1 16 1745 1750 1751 1746
1835 3 2 1 16 1746 1751 1752 1747
1836 3 2 1 16 1747 1752 1753 1748
1837 3 2 1 16 1748 1753 1754 1749
1838 3 2 1 16 1749 1754 430 431
1839 3 2 1 16 396 395 1755 1750
1840 3 2 1 16 1750 1755 1756 1751
1841 3 2 1 16 1751 1756 1757 1752
1842 3 2 1 16 1752 1757 1758 1753
1843 3 2 1 16 1753 1758 1759 1754
1844 3 2 1 16 1754 1759 429 430
1845 3 2 1 16 395 394 1760 1755
1846 3 2 1 16 1755 1760 1761 1756
1847 3 2 1 16 1756 1761 1762 1757
1848 3 2 1 16 1757 1762 1763 1758
1849 3 2 1 16 1758 1763 1764 1759
1850 3 2 1 16 1759 1764 428 429
1851 3 2 1 16 394 393 1765 1760
1852 3 2 1 16 1760 1765 1766 1761
1853 3 2 1 16 1761 1766 1767 1762
1854 3 2 1 16 1762 1767 1768 1763
1855 3 2 1 16 1763 1768 1769 1764
1856 3 2 1 16 1764 1769 427 428
1857 3 2 1 16 393 392 1770 1765
1858 3 2 1 16 1765 1770 1771 1766
1859 3 2 1 16 1766 1771 1772 1767
1860 3 2 1 16 1767 1772 1773 1768
1861 3 2 1 16 1768 1773 1774 1769
1862 3 2 1 16 1769 1774 426 427
1863 3 2 1 16 392 391 1775 1770
1864 3 2 1 16 1770 1775 1776 1771
1865 3 2 1 16 1771 1776 1777 1772
1866 3 2 1 16 1772 1777 1778 1773
1867 3 2 1 16 1773 1778 1779 1774
1868 3 2 1 16 1774 1779 425 426
1869 3 2 1 16 391 390 1780 1775
1870 3 2 1 16 1775 1780 1781 1776
1871 3 2 1 16 1776 1781 1782 1777
1872 3 2 1 16 1777 1782 1783 1778
1873 3 2 1 16 1778 1783 1784 1779
1874 3 2 1 16 1779 1784 424 425
1875 3 2 1 16 390 389 1785 1780
1876 3 2 1 16 1780 1785 1786 1781
1877 3 2 1 16 1781 1786 1787 1782
1878 3 2 1 16 1782 1787 1788 1783
1879 3 2 1 16 1783 1788 1789 1784
1880 3 2 1 16 1784 1789 423 424
1881 3 2 1 16 389 388 1790 1785
1882 3 2 1 16 1785 1790 1791 1786
1883 3 2 1 16 1786 1791 1792 1787
1884 3 2 1 16 1787 1792 1793 1788
1885 3 2 1 16 1788 1793 1794 1789
1886 3 2 1 16 1789 1794 422 423
1887 3 2 1 16 388 387 1795 1790
1888 3 2 1 16 1790 1795 1796 1791
1889 3 2 1 16 1791 1796 1797 1792
1890 3 2 1 16 1792 1797 1798 1793
1891 3 2 1 16 1793 1798 1799 1794
1892 3 2 1 16 1794 1799 421 422
1893 3 2 1 16 387 386 1800 1795
1894 3 2 1 16 1795 1800 1801 1796
1895 3 2 1 16 1796 1801 1802 1797
1896 3 2 1 16 1797 1802 1803 1798
1897 3 2 1 16 1798 1803 1804 1799
1898 3 2 1 16 1799 1804 420 421
1899 3 2 1 16 386 385 1805 1800
1900 3 2 1 16 1800 1805 1806 1801
1901 3 2 1 16 1801 1806 1807 1802
1902 3 2 1 16 1802 1807 1808 1803
1903 3 2 1 16 1803 1808 1809 1804
1904 3 2 1 16 1804 1809 419 420
1905 3 2 1 16 385 384 1810 1805
1906 3 2 1 16 1805 1810 1811 1806
1907 3 2 1 16 1806 1811 1812 1807
1908 3 2 1 16 1807 1812 1813 1808
1909 3 2 1 16 1808 1813 1814 1809
1910 3 2 1 16 1809 1814 418 419
1911 3 2 1 16 384 383 1815 1810
1912 3 2 1 16 1810 1815 1816 1811
1913 3 2 1 16 1811 1816 1817 1812
1914 3 2 1 16 1812 1817 1818 1813
1915 3 2 1 16 1813 1818 1819 1814
1916 3 2 1 16 1814 1819 417 418
1917 3 2 1 16 383 382 1820 1815
1918 3 2 1 16 1815 1820 1821 1816
1919 3 2 1 16 1816 1821 1822 1817
1920 3 2 1 16 1817 1822 1823 1818
1921 3 2 1 16 1818 1823 1824 1819
1922 3 2 1 16 1819 1824 416 417
1923 3 2 1 16 382 20 411 1820
1924 3 2 1 16 1820 411 412 1821
1925 3 2 1 16 1821 412 413 1822
1926 3 2 1 16 1822 413 414 1823
1927 3 2 1 16 1823 414 415 1824
1928 3 2 1 16 1824 415 19 416
$EndElements
