$MeshFormat
2.2 0 8
$EndMeshFormat
$PhysicalNames
4
1 2 "Inlet"
1 3 "Outlet"
1 4 "Wall"
2 1 "Fluid"
$EndPhysicalNames
$Nodes
5394
1 0 -0.5 0
2 17 -0.5 0
3 17 0.5 0
4 0 0.5 0
5 0 0 0
6 13 0 0
7 13 -0.5 0
8 13 0.5 0
9 0.0306049229685602 -0.5 0
10 0.06167700639433815 -0.5 0
11 0.09190651303445554 -0.5 0
12 0.1233339511179447 -0.5 0
13 0.1533697378183025 -0.5 0
14 0.1849908661711541 -0.5 0
15 0.2149854738435686 -0.5 0
16 0.2466477909625162 -0.5 0
17 0.2766423986349249 -0.5 0
18 0.3083047999068513 -0.5 0
19 0.3382994075792594 -0.5 0
20 0.3699389138739522 -0.5 0
21 0.3999564391167112 -0.5 0
22 0.4299510467891193 -0.5 0
23 0.4599456544615268 -0.5 0
24 0.4899402621339284 -0.5 0
25 0.5199348698063274 -0.5 0
26 0.5502429254792437 -0.5 0
27 0.5815917848595614 -0.5 0
28 0.6116631873303547 -0.5 0
29 0.6432487738775996 -0.5 0
30 0.6732433815499949 -0.5 0
31 0.7049058054284294 -0.5 0
32 0.7349004131008248 -0.5 0
33 0.7665627900214617 -0.5 0
34 0.796557397693857 -0.5 0
35 0.8282136802534076 -0.5 0
36 0.8582143127470649 -0.5 0
37 0.8897487515133926 -0.5 0
38 0.9198712277903961 -0.5 0
39 0.9511220463321723 -0.5 0
40 0.9815281968757443 -0.5 0
41 1.012327254572896 -0.5 0
42 1.043185228408034 -0.5 0
43 1.073551247035573 -0.5 0
44 1.104842232928933 -0.5 0
45 1.134943088815085 -0.5 0
46 1.166499153280388 -0.5 0
47 1.196495917236615 -0.5 0
48 1.228156068333613 -0.5 0
49 1.258150676006033 -0.5 0
50 1.289813017489521 -0.5 0
51 1.319807625161942 -0.5 0
52 1.349802232834363 -0.5 0
53 1.379796840506784 -0.5 0
54 1.409791448179204 -0.5 0
55 1.439786055851625 -0.5 0
56 1.470721114177808 -0.5 0
57 1.501442996151622 -0.5 0
58 1.531906960231559 -0.5 0
59 1.563099911204847 -0.5 0
60 1.593254967678584 -0.5 0
61 1.624756840415803 -0.5 0
62 1.654765859211535 -0.5 0
63 1.686413853794789 -0.5 0
64 1.716408461467158 -0.5 0
65 1.748070885329378 -0.5 0
66 1.778065493001748 -0.5 0
67 1.809727845555822 -0.5 0
68 1.839722453228192 -0.5 0
69 1.871329830426206 -0.5 0
70 1.901379368281313 -0.5 0
71 1.932774844468374 -0.5 0
72 1.963036283334993 -0.5 0
73 1.994054267607546 -0.5 0
74 2.024693276798309 -0.5 0
75 2.055228033459342 -0.5 0
76 2.086350308348318 -0.5 0
77 2.116547176558716 -0.5 0
78 2.148007288507637 -0.5 0
79 2.178030284123972 -0.5 0
80 2.20966420356086 -0.5 0
81 2.239658811233281 -0.5 0
82 2.269653418905702 -0.5 0
83 2.299648026578123 -0.5 0
84 2.329642634250544 -0.5 0
85 2.359637241922965 -0.5 0
86 2.391104751197887 -0.5 0
87 2.421294273461448 -0.5 0
88 2.452428778156764 -0.5 0
89 2.482951273534784 -0.5 0
90 2.513603795682989 -0.5 0
91 2.544608189467051 -0.5 0
92 2.574878218645707 -0.5 0
93 2.606265104520826 -0.5 0
94 2.636318532466089 -0.5 0
95 2.667922058103263 -0.5 0
96 2.697916665775684 -0.5 0
97 2.729579089649818 -0.5 0
98 2.75957369732224 -0.5 0
99 2.791236109683258 -0.5 0
100 2.821230717355679 -0.5 0
101 2.852880521012837 -0.5 0
102 2.882887653220402 -0.5 0
103 2.914396019869928 -0.5 0
104 2.944544568273682 -0.5 0
105 2.975748864334028 -0.5 0
106 3.006201501924248 -0.5 0
107 3.036937847159886 -0.5 0
108 3.067858519717831 -0.5 0
109 3.098182928502557 -0.5 0
110 3.129515551254343 -0.5 0
111 3.159510158926764 -0.5 0
112 3.189504766599184 -0.5 0
113 3.219499374271606 -0.5 0
114 3.249493981944026 -0.5 0
115 3.279488589616447 -0.5 0
116 3.309483197288868 -0.5 0
117 3.339477804961289 -0.5 0
118 3.36947241263371 -0.5 0
119 3.39946702030613 -0.5 0
120 3.429461627978551 -0.5 0
121 3.459456235650972 -0.5 0
122 3.489749147960008 -0.5 0
123 3.521113211393151 -0.5 0
124 3.55117729293018 -0.5 0
125 3.582770126446377 -0.5 0
126 3.612764734118798 -0.5 0
127 3.644427041489706 -0.5 0
128 3.674421649162128 -0.5 0
129 3.706084019433781 -0.5 0
130 3.736078627106202 -0.5 0
131 3.767732753208181 -0.5 0
132 3.79773565864429 -0.5 0
133 3.829260260869332 -0.5 0
134 3.859392654306439 -0.5 0
135 3.890625580873194 -0.5 0
136 3.921049569349218 -0.5 0
137 3.951823698146039 -0.5 0
138 3.982706484402498 -0.5 0
139 4.013055840271144 -0.5 0
140 4.044363442435209 -0.5 0
141 4.074358050107528 -0.5 0
142 4.104352657779845 -0.5 0
143 4.134347265452165 -0.5 0
144 4.164341873124482 -0.5 0
145 4.194336480796801 -0.5 0
146 4.224331088469119 -0.5 0
147 4.254325696141438 -0.5 0
148 4.284320303813756 -0.5 0
149 4.314314911486075 -0.5 0
150 4.344309519158394 -0.5 0
151 4.374304126830713 -0.5 0
152 4.404620787061993 -0.5 0
153 4.435961149068317 -0.5 0
154 4.466036787492452 -0.5 0
155 4.497618180578025 -0.5 0
156 4.527612821104109 -0.5 0
157 4.559275131945514 -0.5 0
158 4.589269739617831 -0.5 0
159 4.620932046998607 -0.5 0
160 4.650926654670926 -0.5 0
161 4.682584032361328 -0.5 0
162 4.712583572818287 -0.5 0
163 4.744123402929002 -0.5 0
164 4.774240575129847 -0.5 0
165 4.805501200500486 -0.5 0
166 4.835897606678595 -0.5 0
167 4.866710611227831 -0.5 0
168 4.897554577978375 -0.5 0
169 4.927929908373807 -0.5 0
170 4.959211493027471 -0.5 0
171 4.989206100699791 -0.5 0
172 5.019200708372109 -0.5 0
173 5.049195316044428 -0.5 0
174 5.079189923716746 -0.5 0
175 5.109184531389065 -0.5 0
176 5.139179139061382 -0.5 0
177 5.169173746733701 -0.5 0
178 5.199168354406019 -0.5 0
179 5.229162962078338 -0.5 0
180 5.259157569750657 -0.5 0
181 5.289152177422975 -0.5 0
182 5.319493521778345 -0.5 0
183 5.350809092476553 -0.5 0
184 5.380897138177085 -0.5 0
185 5.412466054917543 -0.5 0
186 5.442461364617234 -0.5 0
187 5.474123086465132 -0.5 0
188 5.504117694137449 -0.5 0
189 5.53578009765272 -0.5 0
190 5.565774705325039 -0.5 0
191 5.597434586309694 -0.5 0
192 5.627431632330717 -0.5 0
193 5.658985739998062 -0.5 0
194 5.6890885473838 -0.5 0
195 5.720375772356136 -0.5 0
196 5.750745489892455 -0.5 0
197 5.781597876279497 -0.5 0
198 5.812402516555508 -0.5 0
199 5.842804786524883 -0.5 0
200 5.874059548090782 -0.5 0
201 5.904054155763101 -0.5 0
202 5.93404876343542 -0.5 0
203 5.964043371107738 -0.5 0
204 5.994037978780056 -0.5 0
205 6.024032586452375 -0.5 0
206 6.054027194124693 -0.5 0
207 6.084021801797011 -0.5 0
208 6.11401640946933 -0.5 0
209 6.144011017141648 -0.5 0
210 6.174005624813967 -0.5 0
211 6.204000232486285 -0.5 0
212 6.234367280539946 -0.5 0
213 6.265657199360287 -0.5 0
214 6.295758596502991 -0.5 0
215 6.327314114413378 -0.5 0
216 6.357310954891824 -0.5 0
217 6.388971029456532 -0.5 0
218 6.418965637128851 -0.5 0
219 6.450628016259194 -0.5 0
220 6.480622623931514 -0.5 0
221 6.512284228063709 -0.5 0
222 6.54227965547121 -0.5 0
223 6.573847268840737 -0.5 0
224 6.603936642274258 -0.5 0
225 6.635249641043465 -0.5 0
226 6.665593557317793 -0.5 0
227 6.696484486046928 -0.5 0
228 6.727250472371288 -0.5 0
229 6.757680516412073 -0.5 0
230 6.788907439245701 -0.5 0
231 6.818902046918224 -0.5 0
232 6.848896654590748 -0.5 0
233 6.87889126226327 -0.5 0
234 6.908885869935794 -0.5 0
235 6.938880477608317 -0.5 0
236 6.968875085280842 -0.5 0
237 6.998869692953364 -0.5 0
238 7.028864300625888 -0.5 0
239 7.058858908298411 -0.5 0
240 7.088853515970936 -0.5 0
241 7.118848123643458 -0.5 0
242 7.149241745930523 -0.5 0
243 7.180505155179127 -0.5 0
244 7.210620823680199 -0.5 0
245 7.242162181842575 -0.5 0
246 7.272161428802422 -0.5 0
247 7.303819124351624 -0.5 0
248 7.333813732024147 -0.5 0
249 7.365476039405101 -0.5 0
250 7.395470647077623 -0.5 0
251 7.427132904756036 -0.5 0
252 7.457127574083692 -0.5 0
253 7.488707718468524 -0.5 0
254 7.518784585271681 -0.5 0
255 7.550122464135243 -0.5 0
256 7.580441616819668 -0.5 0
257 7.61137023188083 -0.5 0
258 7.642098579261055 -0.5 0
259 7.672557437174715 -0.5 0
260 7.703755494315027 -0.5 0
261 7.733750101987549 -0.5 0
262 7.763744709660073 -0.5 0
263 7.793739317332596 -0.5 0
264 7.82373392500512 -0.5 0
265 7.853728532677643 -0.5 0
266 7.883723140350169 -0.5 0
267 7.913717748022691 -0.5 0
268 7.943712355695213 -0.5 0
269 7.973706963367741 -0.5 0
270 8.003701571040367 -0.5 0
271 8.033696178713027 -0.5 0
272 8.064117307541332 -0.5 0
273 8.09535309376289 -0.5 0
274 8.125483880959061 -0.5 0
275 8.157010065063441 -0.5 0
276 8.187012584812667 -0.5 0
277 8.218667096613004 -0.5 0
278 8.248661704285734 -0.5 0
279 8.280324098925369 -0.5 0
280 8.310318706598098 -0.5 0
281 8.341981017073532 -0.5 0
282 8.371975624746263 -0.5 0
283 8.403567323691085 -0.5 0
284 8.433632539800147 -0.5 0
285 8.464994197270325 -0.5 0
286 8.495289491168439 -0.5 0
287 8.526254712313103 -0.5 0
288 8.55694652267896 -0.5 0
289 8.587435177210743 -0.5 0
290 8.618603544917368 -0.5 0
291 8.648598152590097 -0.5 0
292 8.678592760262825 -0.5 0
293 8.708587367935552 -0.5 0
294 8.738581975608282 -0.5 0
295 8.768576583281011 -0.5 0
296 8.798571190953737 -0.5 0
297 8.828565798626466 -0.5 0
298 8.858560406299194 -0.5 0
299 8.888555013971922 -0.5 0
300 8.918549621644651 -0.5 0
301 8.948544229317378 -0.5 0
302 8.978993908274003 -0.5 0
303 9.010201187350827 -0.5 0
304 9.04034804798655 -0.5 0
305 9.07185810240469 -0.5 0
306 9.101864760293871 -0.5 0
307 9.133515017448083 -0.5 0
308 9.163509625120813 -0.5 0
309 9.195172013110822 -0.5 0
310 9.225166620783552 -0.5 0
311 9.256829044649519 -0.5 0
312 9.286823652322248 -0.5 0
313 9.318426151269007 -0.5 0
314 9.348480630266907 -0.5 0
315 9.379865230708603 -0.5 0
316 9.410137545310825 -0.5 0
317 9.441138357914317 -0.5 0
318 9.471794460364674 -0.5 0
319 9.502313749922006 -0.5 0
320 9.533451436107446 -0.5 0
321 9.563446043780173 -0.5 0
322 9.593440651452902 -0.5 0
323 9.62343525912563 -0.5 0
324 9.653429866798358 -0.5 0
325 9.683424474471085 -0.5 0
326 9.713419082143815 -0.5 0
327 9.743413689816542 -0.5 0
328 9.77340829748927 -0.5 0
329 9.803402905162001 -0.5 0
330 9.833397512834727 -0.5 0
331 9.863392120507456 -0.5 0
332 9.893871228038551 -0.5 0
333 9.925049152044579 -0.5 0
334 9.955213021604798 -0.5 0
335 9.986706169838797 -0.5 0
336 10.01671786118252 -0.5 0
337 10.04836310348995 -0.5 0
338 10.07835771116268 -0.5 0
339 10.11002001854383 -0.5 0
340 10.14001462621656 -0.5 0
341 10.17167695440913 -0.5 0
342 10.20167156208185 -0.5 0
343 10.2332839217397 -0.5 0
344 10.26332858211589 -0.5 0
345 10.29473526810746 -0.5 0
346 10.32498561366306 -0.5 0
347 10.35602118453912 -0.5 0
348 10.38664256724607 -0.5 0
349 10.41719353541649 -0.5 0
350 10.44829948230044 -0.5 0
351 10.47850614993119 -0.5 0
352 10.50995639823331 -0.5 0
353 10.53998309942093 -0.5 0
354 10.57161339830724 -0.5 0
355 10.60160800597997 -0.5 0
356 10.63327042984634 -0.5 0
357 10.66326503751907 -0.5 0
358 10.69325964519179 -0.5 0
359 10.72325425286452 -0.5 0
360 10.75324886053725 -0.5 0
361 10.78324346820998 -0.5 0
362 10.81439368665453 -0.5 0
363 10.84490038326382 -0.5 0
364 10.87557086149536 -0.5 0
365 10.90655736342374 -0.5 0
366 10.93683894774332 -0.5 0
367 10.96821439497435 -0.5 0
368 10.99827315678479 -0.5 0
369 11.02987138843831 -0.5 0
370 11.05986599611104 -0.5 0
371 11.09152830349267 -0.5 0
372 11.12152291116539 -0.5 0
373 11.1531852185465 -0.5 0
374 11.18317982621923 -0.5 0
375 11.21483191174264 -0.5 0
376 11.24483678644639 -0.5 0
377 11.27635358288222 -0.5 0
378 11.30649381798164 -0.5 0
379 11.33771289916379 -0.5 0
380 11.36815083136132 -0.5 0
381 11.39890634250793 -0.5 0
382 11.42980776057288 -0.5 0
383 11.46014473902627 -0.5 0
384 11.49146467562672 -0.5 0
385 11.52155048521626 -0.5 0
386 11.55312161592731 -0.5 0
387 11.58311622360004 -0.5 0
388 11.61311083127277 -0.5 0
389 11.6431054389455 -0.5 0
390 11.67310004661823 -0.5 0
391 11.70309465429095 -0.5 0
392 11.73466275354355 -0.5 0
393 11.76475160344747 -0.5 0
394 11.79606559443342 -0.5 0
395 11.82640851850128 -0.5 0
396 11.85730094929986 -0.5 0
397 11.88806543885335 -0.5 0
398 11.91849662721621 -0.5 0
399 11.94972244337483 -0.5 0
400 11.97985887716471 -0.5 0
401 12.01137947490774 -0.5 0
402 12.04138337291372 -0.5 0
403 12.07303644399368 -0.5 0
404 12.10303105166641 -0.5 0
405 12.1346933590376 -0.5 0
406 12.16468796671033 -0.5 0
407 12.19635027409141 -0.5 0
408 12.22634488176414 -0.5 0
409 12.25794055897572 -0.5 0
410 12.28800186635781 -0.5 0
411 12.31937187377814 -0.5 0
412 12.34965889790927 -0.5 0
413 12.38063695689545 -0.5 0
414 12.41131588692793 -0.5 0
415 12.44181532413566 -0.5 0
416 12.47297280198182 -0.5 0
417 12.50296740965454 -0.5 0
418 12.53296201732727 -0.5 0
419 12.562956625 -0.5 0
420 12.59295123267273 -0.5 0
421 12.62294584034546 -0.5 0
422 12.65460826421081 -0.5 0
423 12.68460287188354 -0.5 0
424 12.71623137655483 -0.5 0
425 12.74625988082851 -0.5 0
426 12.77770547877292 -0.5 0
427 12.80791680562048 -0.5 0
428 12.83901512092643 -0.5 0
429 12.86957372067431 -0.5 0
430 12.90018703253019 -0.5 0
431 12.93123066539852 -0.5 0
432 12.96147593661965 -0.5 0
433 13.07482669851062 -0.5 0
434 13.17503316988738 -0.5 0
435 13.28404717667503 -0.5 0
436 13.40049711698037 -0.5 0
437 13.52646972705789 -0.5 0
438 13.66405047033322 -0.5 0
439 13.81537685937302 -0.5 0
440 13.9826917267458 -0.5 0
441 14.16839364837102 -0.5 0
442 14.37508476592847 -0.5 0
443 14.60561701920968 -0.5 0
444 14.86313877199447 -0.5 0
445 15.15114296700072 -0.5 0
446 15.47351811221545 -0.5 0
447 15.83460357324955 -0.5 0
448 16.2227352095168 -0.5 0
449 16.6113676047584 -0.5 0
450 17 -0.1666666666675913 0
451 17 0.1666666666657419 0
452 16.61136760475841 0.5 0
453 16.22273520951682 0.5 0
454 15.83460357324956 0.5 0
455 15.47351811221546 0.5 0
456 15.15114296700074 0.5 0
457 14.86313877199448 0.5 0
458 14.6056170192097 0.5 0
459 14.37508476592848 0.5 0
460 14.16839364837103 0.5 0
461 13.9826917267458 0.5 0
462 13.81537685937302 0.5 0
463 13.66405047033322 0.5 0
464 13.52646972705789 0.5 0
465 13.40049711698037 0.5 0
466 13.28404717667503 0.5 0
467 13.17503316988738 0.5 0
468 13.07482669851062 0.5 0
469 12.96149391847709 0.5 0
470 12.93126404106136 0.5 0
471 12.9002432921295 0.5 0
472 12.86964047200004 0.5 0
473 12.83910833338597 0.5 0
474 12.8080169326091 0.5 0
475 12.77783061080595 0.5 0
476 12.74639338348002 0.5 0
477 12.71638564727136 0.5 0
478 12.68476975019795 0.5 0
479 12.65479183035668 0.5 0
480 12.62314609432277 0.5 0
481 12.59316817448149 0.5 0
482 12.56319025464022 0.5 0
483 12.53321233479895 0.5 0
484 12.50323441495768 0.5 0
485 12.4732564951164 0.5 0
486 12.44214964674336 0.5 0
487 12.41163295572541 0.5 0
488 12.38101341680195 0.5 0
489 12.35000934236961 0.5 0
490 12.31976895732054 0.5 0
491 12.28838568648103 0.5 0
492 12.25835593231528 0.5 0
493 12.22676207755024 0.5 0
494 12.19678415770897 0.5 0
495 12.16513853815931 0.5 0
496 12.13516061831803 0.5 0
497 12.10351499877827 0.5 0
498 12.07353707893699 0.5 0
499 12.04190980677364 0.5 0
500 12.01191348551394 0.5 0
501 11.98044330143565 0.5 0
502 11.95028982964394 0.5 0
503 11.91914304307941 0.5 0
504 11.88866620078532 0.5 0
505 11.85800134370197 0.5 0
506 11.82704265609616 0.5 0
507 11.79677349582243 0.5 0
508 11.76541911670524 0.5 0
509 11.73537636144564 0.5 0
510 11.70379554321161 0.5 0
511 11.67381762337034 0.5 0
512 11.64383970352907 0.5 0
513 11.6138617836878 0.5 0
514 11.58388386384652 0.5 0
515 11.55390594400525 0.5 0
516 11.5223923992811 0.5 0
517 11.49228237936754 0.5 0
518 11.46105933511191 0.5 0
519 11.43065883997662 0.5 0
520 11.39989671211607 0.5 0
521 11.36903528642794 0.5 0
522 11.3387025645728 0.5 0
523 11.30741164871116 0.5 0
524 11.27733771413399 0.5 0
525 11.24578799283876 0.5 0
526 11.21580928587596 0.5 0
527 11.1841644082745 0.5 0
528 11.15418648843323 0.5 0
529 11.12254086888357 0.5 0
530 11.0925629490423 0.5 0
531 11.06092026328909 0.5 0
532 11.03093940965081 0.5 0
533 10.9994068466476 0.5 0
534 10.96931579184974 0.5 0
535 10.93805762062777 0.5 0
536 10.90769213596201 0.5 0
537 10.8768797159066 0.5 0
538 10.84606853146498 0.5 0
539 10.81570228012181 0.5 0
540 10.78444499207405 0.5 0
541 10.75446707223278 0.5 0
542 10.72448915239151 0.5 0
543 10.69451123255023 0.5 0
544 10.66453331270896 0.5 0
545 10.63455539286769 0.5 0
546 10.60290965683278 0.5 0
547 10.5729317369915 0.5 0
548 10.54136502476842 0.5 0
549 10.51130811258046 0.5 0
550 10.47998334754181 0.5 0
551 10.44968457231048 0.5 0
552 10.41877164793582 0.5 0
553 10.38806103291901 0.5 0
554 10.3576215922635 0.5 0
555 10.32643745499886 0.5 0
556 10.29630557635722 0.5 0
557 10.2648137991146 0.5 0
558 10.23482390177311 0.5 0
559 10.20319015474346 0.5 0
560 10.17321223490219 0.5 0
561 10.14156659454102 0.5 0
562 10.11158867469975 0.5 0
563 10.07994305515004 0.5 0
564 10.04996513530876 0.5 0
565 10.0183840301405 0.5 0
566 9.988341577320487 0.5 0
567 9.956986459170418 0.5 0
568 9.926717935189197 0.5 0
569 9.895758056991028 0.5 0
570 9.865094279314976 0.5 0
571 9.835116359473703 0.5 0
572 9.805138439632431 0.5 0
573 9.775160519791157 0.5 0
574 9.745182599949885 0.5 0
575 9.715204680108613 0.5 0
576 9.685226760267341 0.5 0
577 9.655248840426069 0.5 0
578 9.625270920584795 0.5 0
579 9.595293000743522 0.5 0
580 9.565315080902248 0.5 0
581 9.535337161060978 0.5 0
582 9.504454884462467 0.5 0
583 9.473713560981089 0.5 0
584 9.443297685008373 0.5 0
585 9.412090021590153 0.5 0
586 9.381971477246928 0.5 0
587 9.350466482209125 0.5 0
588 9.320480043553399 0.5 0
589 9.288842879927348 0.5 0
590 9.258864960086076 0.5 0
591 9.227219224051549 0.5 0
592 9.197241304210275 0.5 0
593 9.165595604051688 0.5 0
594 9.135617684210416 0.5 0
595 9.104045631172527 0.5 0
596 9.073994144829928 0.5 0
597 9.042658248748497 0.5 0
598 9.012370605438933 0.5 0
599 8.981440519449649 0.5 0
600 8.950747023068374 0.5 0
601 8.9207691032271 0.5 0
602 8.890791183385828 0.5 0
603 8.860813263544555 0.5 0
604 8.830835343703281 0.5 0
605 8.800857423862009 0.5 0
606 8.770879504020737 0.5 0
607 8.740901584179465 0.5 0
608 8.710923664338193 0.5 0
609 8.680945744496919 0.5 0
610 8.650967824655647 0.5 0
611 8.620989904814373 0.5 0
612 8.590139054371868 0.5 0
613 8.55936625823886 0.5 0
614 8.528973299399862 0.5 0
615 8.497742602391245 0.5 0
616 8.467636724996158 0.5 0
617 8.436119026685848 0.5 0
618 8.406135449484001 0.5 0
619 8.374495487294844 0.5 0
620 8.34451756745357 0.5 0
621 8.312871944809574 0.5 0
622 8.282894024968302 0.5 0
623 8.251248368594965 0.5 0
624 8.221270398318834 0.5 0
625 8.18970791275256 0.5 0
626 8.159646742432177 0.5 0
627 8.128330565423113 0.5 0
628 8.098023146794489 0.5 0
629 8.067123382419464 0.5 0
630 8.036399607407485 0.5 0
631 8.006421687566212 0.5 0
632 7.976443767724938 0.5 0
633 7.946465847883665 0.5 0
634 7.916487928042393 0.5 0
635 7.88651000820112 0.5 0
636 7.856532088359848 0.5 0
637 7.826554168518575 0.5 0
638 7.796576248677303 0.5 0
639 7.766598328836031 0.5 0
640 7.736620408994757 0.5 0
641 7.706642489153485 0.5 0
642 7.67582372945958 0.5 0
643 7.645018949761998 0.5 0
644 7.614648380527074 0.5 0
645 7.5833953629831 0.5 0
646 7.553301580492583 0.5 0
647 7.521771707097603 0.5 0
648 7.491790402355509 0.5 0
649 7.460148071572104 0.5 0
650 7.43017015173083 0.5 0
651 7.398524520228518 0.5 0
652 7.368546600387245 0.5 0
653 7.336901558837193 0.5 0
654 7.306923060996253 0.5 0
655 7.275370931506036 0.5 0
656 7.24529949414969 0.5 0
657 7.21400374099114 0.5 0
658 7.18367584314873 0.5 0
659 7.152807023126212 0.5 0
660 7.122052187275547 0.5 0
661 7.092074267434274 0.5 0
662 7.062096347593001 0.5 0
663 7.032118427751728 0.5 0
664 7.002140507910456 0.5 0
665 6.972162588069184 0.5 0
666 6.942184668227911 0.5 0
667 6.912206748386638 0.5 0
668 6.882228828545365 0.5 0
669 6.852250908704093 0.5 0
670 6.822272988862821 0.5 0
671 6.792295069021547 0.5 0
672 6.761508529133031 0.5 0
673 6.730671477809637 0.5 0
674 6.700322571602237 0.5 0
675 6.669047938418637 0.5 0
676 6.638965658307254 0.5 0
677 6.607424399037575 0.5 0
678 6.577444791194844 0.5 0
679 6.545800787897004 0.5 0
680 6.515822868055731 0.5 0
681 6.484177132019577 0.5 0
682 6.454199212178102 0.5 0
683 6.422555208880542 0.5 0
684 6.392575601037146 0.5 0
685 6.36103434177098 0.5 0
686 6.330952061655704 0.5 0
687 6.299677428478935 0.5 0
688 6.269328522264299 0.5 0
689 6.238491470951171 0.5 0
690 6.207704931051978 0.5 0
691 6.177727011210502 0.5 0
692 6.147749091369024 0.5 0
693 6.117771171527547 0.5 0
694 6.087793251686069 0.5 0
695 6.057815331844591 0.5 0
696 6.027837412003113 0.5 0
697 5.997859492161636 0.5 0
698 5.967881572320159 0.5 0
699 5.937903652478681 0.5 0
700 5.907925732637204 0.5 0
701 5.877947812795727 0.5 0
702 5.847192976954743 0.5 0
703 5.816324156922149 0.5 0
704 5.78599625908604 0.5 0
705 5.754700505920792 0.5 0
706 5.724629068567543 0.5 0
707 5.693076939073837 0.5 0
708 5.663098441232951 0.5 0
709 5.631453399682451 0.5 0
710 5.601475479840975 0.5 0
711 5.569829848338475 0.5 0
712 5.539851928496998 0.5 0
713 5.508209597714008 0.5 0
714 5.478228292971099 0.5 0
715 5.446698419579506 0.5 0
716 5.416604637085205 0.5 0
717 5.385351619547683 0.5 0
718 5.354981050305911 0.5 0
719 5.32417627061786 0.5 0
720 5.29335751091403 0.5 0
721 5.263379591072553 0.5 0
722 5.233401671231075 0.5 0
723 5.203423751389598 0.5 0
724 5.17344583154812 0.5 0
725 5.143467911706644 0.5 0
726 5.113489991865166 0.5 0
727 5.083512072023687 0.5 0
728 5.053534152182211 0.5 0
729 5.023556232340719 0.5 0
730 4.993578312499139 0.5 0
731 4.963600392657519 0.5 0
732 4.932876617653939 0.5 0
733 4.901976853269744 0.5 0
734 4.87166943464641 0.5 0
735 4.840353257631287 0.5 0
736 4.810292087313268 0.5 0
737 4.778729601743814 0.5 0
738 4.748751631467341 0.5 0
739 4.717105975093544 0.5 0
740 4.687128055251859 0.5 0
741 4.655482432607467 0.5 0
742 4.625504512765788 0.5 0
743 4.593864550576923 0.5 0
744 4.563880973373994 0.5 0
745 4.532363275066547 0.5 0
746 4.502257397667796 0.5 0
747 4.471026700664666 0.5 0
748 4.440633741819365 0.5 0
749 4.409860945694076 0.5 0
750 4.37901009524305 0.5 0
751 4.349032175401366 0.5 0
752 4.319054255559685 0.5 0
753 4.289076335718002 0.5 0
754 4.25909841587632 0.5 0
755 4.229120496034639 0.5 0
756 4.199142576192957 0.5 0
757 4.169164656351274 0.5 0
758 4.139186736509592 0.5 0
759 4.109208816667911 0.5 0
760 4.079230896826228 0.5 0
761 4.049252976984546 0.5 0
762 4.018559480609889 0.5 0
763 3.98762939461319 0.5 0
764 3.957341751307693 0.5 0
765 3.926005855221415 0.5 0
766 3.895954368880524 0.5 0
767 3.864382315840118 0.5 0
768 3.83440439599843 0.5 0
769 3.802758695839469 0.5 0
770 3.772780775997786 0.5 0
771 3.741135039962863 0.5 0
772 3.711157120121182 0.5 0
773 3.679519956495431 0.5 0
774 3.649533517838615 0.5 0
775 3.618028522803153 0.5 0
776 3.587909978456789 0.5 0
777 3.556702315042962 0.5 0
778 3.526286439065032 0.5 0
779 3.495545115589557 0.5 0
780 3.464662838984353 0.5 0
781 3.43468491914267 0.5 0
782 3.404706999300988 0.5 0
783 3.374729079459307 0.5 0
784 3.344751159617624 0.5 0
785 3.314773239775942 0.5 0
786 3.284795319934261 0.5 0
787 3.254817400092577 0.5 0
788 3.224839480250896 0.5 0
789 3.194861560409214 0.5 0
790 3.164883640567533 0.5 0
791 3.13490572072585 0.5 0
792 3.104241943054678 0.5 0
793 3.073282064850819 0.5 0
794 3.043013540872487 0.5 0
795 3.011658422718691 0.5 0
796 2.981615969899776 0.5 0
797 2.950034864729631 0.5 0
798 2.920056944887948 0.5 0
799 2.888411325337842 0.5 0
800 2.858433405496157 0.5 0
801 2.82678776513464 0.5 0
802 2.796809845292959 0.5 0
803 2.76517609826352 0.5 0
804 2.735186200921012 0.5 0
805 2.703694423680124 0.5 0
806 2.673562545035939 0.5 0
807 2.642378407774576 0.5 0
808 2.611938967115021 0.5 0
809 2.581228352102343 0.5 0
810 2.55031542772274 0.5 0
811 2.520016652493899 0.5 0
812 2.488691887451957 0.5 0
813 2.458634975264978 0.5 0
814 2.427068263040127 0.5 0
815 2.397090343198437 0.5 0
816 2.365444607163116 0.5 0
817 2.335466687321436 0.5 0
818 2.305488767479753 0.5 0
819 2.275510847638071 0.5 0
820 2.245532927796388 0.5 0
821 2.215555007954707 0.5 0
822 2.18429771990931 0.5 0
823 2.153931468562959 0.5 0
824 2.123120284124907 0.5 0
825 2.092307864065129 0.5 0
826 2.06194237940157 0.5 0
827 2.030684208176613 0.5 0
828 2.000593153379674 0.5 0
829 1.969060590374747 0.5 0
830 1.939079736736264 0.5 0
831 1.90743705098248 0.5 0
832 1.877459131140798 0.5 0
833 1.845813511590737 0.5 0
834 1.815835591749053 0.5 0
835 1.784190714147286 0.5 0
836 1.754212007183982 0.5 0
837 1.722662285889461 0.5 0
838 1.692588351310826 0.5 0
839 1.661297435450791 0.5 0
840 1.630964713593238 0.5 0
841 1.600103287907629 0.5 0
842 1.569341160043772 0.5 0
843 1.538940664910095 0.5 0
844 1.507717620652018 0.5 0
845 1.47760760073912 0.5 0
846 1.446094056013523 0.5 0
847 1.416116136171841 0.5 0
848 1.38613821633016 0.5 0
849 1.356160296488477 0.5 0
850 1.326182376646795 0.5 0
851 1.296204456805112 0.5 0
852 1.264623638571344 0.5 0
853 1.234580883310686 0.5 0
854 1.203226504194413 0.5 0
855 1.172957343918972 0.5 0
856 1.141998656314671 0.5 0
857 1.111333799228994 0.5 0
858 1.080856956936048 0.5 0
859 1.049710170369606 0.5 0
860 1.019556698578324 0.5 0
861 0.988086514498784 0.5 0
862 0.9580901932389292 0.5 0
863 0.9264629210749433 0.5 0
864 0.8964850012332573 0.5 0
865 0.8648393816931108 0.5 0
866 0.8348614618514301 0.5 0
867 0.8032158423013946 0.5 0
868 0.7732379224597086 0.5 0
869 0.7416440676946312 0.5 0
870 0.7116143135281341 0.5 0
871 0.6802310426889342 0.5 0
872 0.6499906576387655 0.5 0
873 0.6189865832070467 0.5 0
874 0.5883670442821902 0.5 0
875 0.557850353264671 0.5 0
876 0.5267435048904012 0.5 0
877 0.4967655850487187 0.5 0
878 0.4667876652070362 0.5 0
879 0.4368097453653554 0.5 0
880 0.4068318255236729 0.5 0
881 0.3768539056819904 0.5 0
882 0.3452081696476785 0.5 0
883 0.3152302498059942 0.5 0
884 0.2836143527322772 0.5 0
885 0.2536066165231166 0.5 0
886 0.2221693891969956 0.5 0
887 0.1919830673932452 0.5 0
888 0.1608916666162088 0.5 0
889 0.130359528001506 0.5 0
890 0.09975670787179425 0.5 0
891 0.06873595893938322 0.5 0
892 0.03850608152327517 0.5 0
893 0 0.4280664428497082 0
894 0 0.3403701457618368 0
895 0 0.2610985482039725 0
896 0 0.190423785922354 0
897 0 0.1272224892164917 0
898 0 0.07173600137396707 0
899 0 0.0307796558635457 0
900 0 -0.0294117647058227 0
901 0 -0.05882352941165839 0
902 0 -0.08823529411746014 0
903 0 -0.1176470588232567 0
904 0 -0.1470588235290533 0
905 0 -0.1764705882348499 0
906 0 -0.2058823529406464 0
907 0 -0.235294117646443 0
908 0 -0.2647058823523212 0
909 0 -0.2941176470582811 0
910 0 -0.323529411764241 0
911 0 -0.352941176470201 0
912 0 -0.3823529411761608 0
913 0 -0.4117647058821207 0
914 0 -0.4411764705880806 0
915 0 -0.4705882352940405 0
916 0.03048517535223111 0 0
917 0.07041343187548893 0 0
918 0.1233089866289802 0 0
919 0.1781034164729004 0 0
920 0.2328978463168175 0 0
921 0.2876922761607318 0 0
922 0.3424867060046423 0 0
923 0.3972811358485507 0 0
924 0.4520755656924495 0 0
925 0.5068699955363464 0 0
926 0.5616644253802318 0 0
927 0.6164588552241168 0 0
928 0.671253285068002 0 0
929 0.7260477149118904 0 0
930 0.7808421447557873 0 0
931 0.8356365745996939 0 0
932 0.8904310044436141 0 0
933 0.945225434287541 0 0
934 1.000019864131473 0 0
935 1.054814293975405 0 0
936 1.109608723819337 0 0
937 1.164403153663268 0 0
938 1.2191975835072 0 0
939 1.273992013351132 0 0
940 1.328786443195064 0 0
941 1.383580873038996 0 0
942 1.438375302882928 0 0
943 1.49316973272686 0 0
944 1.547964162570781 0 0
945 1.60275859241469 0 0
946 1.657553022258571 0 0
947 1.712347452102432 0 0
948 1.767141881946277 0 0
949 1.821936311790115 0 0
950 1.876730741633953 0 0
951 1.931525171477793 0 0
952 1.986319601321679 0 0
953 2.041114031165573 0 0
954 2.095908461009504 0 0
955 2.150702890853436 0 0
956 2.205497320697368 0 0
957 2.2602917505413 0 0
958 2.315086180385233 0 0
959 2.369880610229164 0 0
960 2.424675040073096 0 0
961 2.479469469917028 0 0
962 2.534263899760961 0 0
963 2.589058329604892 0 0
964 2.643852759448825 0 0
965 2.698647189292756 0 0
966 2.753441619136688 0 0
967 2.80823604898062 0 0
968 2.863030478824552 0 0
969 2.917824908668484 0 0
970 2.972619338512417 0 0
971 3.027413768356348 0 0
972 3.08220819820028 0 0
973 3.137002628044212 0 0
974 3.191797057888144 0 0
975 3.246591487732077 0 0
976 3.301385917576009 0 0
977 3.356180347419941 0 0
978 3.410974777263872 0 0
979 3.465769207107805 0 0
980 3.520563636951736 0 0
981 3.575358066795668 0 0
982 3.630152496639599 0 0
983 3.684946926483532 0 0
984 3.739741356327464 0 0
985 3.794535786171395 0 0
986 3.849330216015327 0 0
987 3.904124645859259 0 0
988 3.958919075703191 0 0
989 4.013713505547032 0 0
990 4.06850793539086 0 0
991 4.123302365234605 0 0
992 4.178096795078349 0 0
993 4.232891224922094 0 0
994 4.287685654765839 0 0
995 4.342480084609583 0 0
996 4.397274514453327 0 0
997 4.452068944297072 0 0
998 4.506863374140816 0 0
999 4.561657803984561 0 0
1000 4.616452233828306 0 0
1001 4.671246663672051 0 0
1002 4.726041093515795 0 0
1003 4.780835523359539 0 0
1004 4.835629953203284 0 0
1005 4.890424383047028 0 0
1006 4.945218812890773 0 0
1007 5.000013242734518 0 0
1008 5.054807672578262 0 0
1009 5.109602102422007 0 0
1010 5.164396532265751 0 0
1011 5.219190962109495 0 0
1012 5.27398539195324 0 0
1013 5.328779821796985 0 0
1014 5.383574251640729 0 0
1015 5.438368681484474 0 0
1016 5.493163111328219 0 0
1017 5.547957541171963 0 0
1018 5.602751971015707 0 0
1019 5.657546400859452 0 0
1020 5.712340830703197 0 0
1021 5.767135260546941 0 0
1022 5.821929690390686 0 0
1023 5.876724120234431 0 0
1024 5.931518550078175 0 0
1025 5.98631297992192 0 0
1026 6.041107409765664 0 0
1027 6.095901839609408 0 0
1028 6.150696269453154 0 0
1029 6.205490699296898 0 0
1030 6.260285129140643 0 0
1031 6.315079558984387 0 0
1032 6.369873988828131 0 0
1033 6.424668418671921 0 0
1034 6.479462848515759 0 0
1035 6.534257278359715 0 0
1036 6.58905170820374 0 0
1037 6.643846138047837 0 0
1038 6.698640567891956 0 0
1039 6.753434997736076 0 0
1040 6.808229427580195 0 0
1041 6.863023857424314 0 0
1042 6.917818287268433 0 0
1043 6.972612717112551 0 0
1044 7.027407146956672 0 0
1045 7.082201576800791 0 0
1046 7.136996006644909 0 0
1047 7.191790436489028 0 0
1048 7.246584866333148 0 0
1049 7.301379296177267 0 0
1050 7.356173726021385 0 0
1051 7.410968155865504 0 0
1052 7.465762585709623 0 0
1053 7.520557015553743 0 0
1054 7.575351445397862 0 0
1055 7.630145875241981 0 0
1056 7.6849403050861 0 0
1057 7.739734734930218 0 0
1058 7.794529164774337 0 0
1059 7.849323594618456 0 0
1060 7.904118024462575 0 0
1061 7.958912454306821 0 0
1062 8.013706884151128 0 0
1063 8.068501313995586 0 0
1064 8.123295743840082 0 0
1065 8.178090173684575 0 0
1066 8.232884603529069 0 0
1067 8.287679033373562 0 0
1068 8.342473463218054 0 0
1069 8.39726789306255 0 0
1070 8.452062322907041 0 0
1071 8.506856752751535 0 0
1072 8.561651182596028 0 0
1073 8.616445612440522 0 0
1074 8.671240042285016 0 0
1075 8.726034472129509 0 0
1076 8.780828901974003 0 0
1077 8.835623331818496 0 0
1078 8.89041776166299 0 0
1079 8.945212191507483 0 0
1080 9.000006621351977 0 0
1081 9.05480105119647 0 0
1082 9.109595481040964 0 0
1083 9.164389910885456 0 0
1084 9.219184340729951 0 0
1085 9.273978770574445 0 0
1086 9.328773200418937 0 0
1087 9.383567630263432 0 0
1088 9.438362060107924 0 0
1089 9.493156489952419 0 0
1090 9.547950919796911 0 0
1091 9.602745349641404 0 0
1092 9.657539779485898 0 0
1093 9.712334209330391 0 0
1094 9.767128639174885 0 0
1095 9.821923069019379 0 0
1096 9.876717498863872 0 0
1097 9.931511928708366 0 0
1098 9.986306358552859 0 0
1099 10.04110078839735 0 0
1100 10.09589521824185 0 0
1101 10.15068964808634 0 0
1102 10.20548407793083 0 0
1103 10.26027850777533 0 0
1104 10.31507293761982 0 0
1105 10.36986736746431 0 0
1106 10.42466179730881 0 0
1107 10.4794562271533 0 0
1108 10.53425065699779 0 0
1109 10.58904508684229 0 0
1110 10.64383951668678 0 0
1111 10.69863394653127 0 0
1112 10.75342837637577 0 0
1113 10.80822280622026 0 0
1114 10.86301723606475 0 0
1115 10.91781166590925 0 0
1116 10.97260609575374 0 0
1117 11.02740052559824 0 0
1118 11.08219495544273 0 0
1119 11.13698938528722 0 0
1120 11.19178381513172 0 0
1121 11.24657824497621 0 0
1122 11.3013726748207 0 0
1123 11.35616710466519 0 0
1124 11.41096153450969 0 0
1125 11.46575596435418 0 0
1126 11.52055039419868 0 0
1127 11.57534482404317 0 0
1128 11.63013925388766 0 0
1129 11.68493368373216 0 0
1130 11.73972811357665 0 0
1131 11.79452254342114 0 0
1132 11.84931697326564 0 0
1133 11.90411140311013 0 0
1134 11.95890583295462 0 0
1135 12.01370026279912 0 0
1136 12.06849469264361 0 0
1137 12.1232891224881 0 0
1138 12.1780835523326 0 0
1139 12.23287798217709 0 0
1140 12.28767241202159 0 0
1141 12.34246684186608 0 0
1142 12.39726127171057 0 0
1143 12.45205570155506 0 0
1144 12.50685013139956 0 0
1145 12.56164456124405 0 0
1146 12.61643899108855 0 0
1147 12.67123342093304 0 0
1148 12.72602785077753 0 0
1149 12.78082228062203 0 0
1150 12.83561671046652 0 0
1151 12.89041114031101 0 0
1152 12.94520557015551 0 0
1153 0.02121186148477687 -0.2529411764699784 0
1154 0.2597792342959778 -0.475602425212077 0
1155 6.564498260877617 0.4770026755342598 0
1156 7.380562098459967 0.4773880231640902 0
1157 7.936329567734127 0.4751630169546317 0
1158 2.782791461487168 0.4686043004325177 0
1159 12.15275725625854 0.4702221479977696 0
1160 9.8502176346199 0.4712214096470296 0
1161 6.014879642131768 0.469426368962409 0
1162 3.329059763345347 0.4741861746086753 0
1163 11.66078813666452 0.4692476334122218 0
1164 5.519828503940994 -0.477041685720373 0
1165 8.755886258549566 -0.4705336775301121 0
1166 1.791711577670459 -0.4698518989109116 0
1167 6.83537029871238 0.4692114012247668 0
1168 4.092454108823485 0.4710352933366619 0
1169 6.34489853454252 -0.477272836551605 0
1170 10.61575314718539 0.4648908330373394 0
1171 5.246646490134397 0.4659591536409085 0
1172 10.61627419314022 -0.4602288038146139 0
1173 6.069865610691936 -0.4732661883298993 0
1174 11.65408046196853 -0.4624478175673379 0
1175 0.972852202032364 0.4759260457538886 0
1176 11.10457837271872 0.4774060880396953 0
1177 0.4840554089796568 0.4795963747240816 0
1178 3.379944806416754 -0.4632912173841749 0
1179 9.843829027763505 -0.4674815318028682 0
1180 2.229127258095229 0.4752982262316721 0
1181 12.15104649648485 -0.4709953697562856 0
1182 8.756473411721634 0.4689227144716724 0
1183 7.104421810431742 0.4700508234324687 0
1184 12.70204316038912 0.4766952522662588 0
1185 4.147098979095292 -0.4753806886157732 0
1186 3.815440150003445 0.4705781356711706 0
1187 2.840294827735636 -0.4726308274915144 0
1188 4.701526687784534 -0.4709211905420631 0
1189 9.241266507281255 0.4706054448804955 0
1190 4.973233961079718 -0.4753470092272767 0
1191 8.203406692849974 0.4681391736286193 0
1192 5.520693163065394 0.475102985601016 0
1193 10.12652341117325 -0.4725968031196402 0
1194 6.836406069142585 -0.4709799721270942 0
1195 10.12537418977647 0.4627320953875058 0
1196 3.662601564636627 -0.4741137974220096 0
1197 4.637869974038858 0.4710145567523985 0
1198 2.340558635651065 -0.471010565359943 0
1199 0.7513751643291041 -0.4665517979666748 0
1200 7.987859997572917 -0.4746251116914307 0
1201 5.245558545690352 -0.4693738857095519 0
1202 8.199956784131121 -0.4770218942774784 0
1203 8.421541325873275 0.4722811616014195 0
1204 12.6952812238844 -0.4695930160592792 0
1205 11.10733358437717 -0.467979458078403 0
1206 9.577534089113819 -0.4707757732210385 0
1207 7.377703478318705 -0.4734212556357766 0
1208 9.304135440671805 -0.4745216121134557 0
1209 1.801168729715554 0.4780292342568414 0
1210 9.577962711150587 0.4669505527075973 0
1211 1.300447553750202 -0.4774323199429744 0
1212 1.951728093560253 0.4693426170543715 0
1213 4.364021135322208 0.4740383598644894 0
1214 0.7542022954847455 0.4648217178558721 0
1215 4.976541269582541 0.4706093028018692 0
1216 0.4758157187100932 -0.4806610541706158 0
1217 5.675751054248953 0.4693413898394861 0
1218 4.477792245338208 -0.4764183757901416 0
1219 7.106311858290475 -0.4645063527619523 0
1220 9.089852313448068 -0.4773672927010827 0
1221 8.633685773135891 0.4703934743543732 0
1222 3.666373080254499 0.4781478188047119 0
1223 2.348369521112408 0.4703054974161147 0
1224 0.3658178069673713 0.4656549449012659 0
1225 7.719854936205733 -0.4740652560179237 0
1226 5.130055419074104 0.4644894927547646 0
1227 4.215152167164399 0.4703376696738859 0
1228 12.49063041406975 0.4674633097830769 0
1229 7.718341237917043 0.4780427667927949 0
1230 3.206435625399104 0.4705158956247162 0
1231 6.138460619549337 0.4701319658779073 0
1232 9.73305004821083 0.4706157048047832 0
1233 1.248743858609282 0.4678616508397588 0
1234 6.554592682537255 -0.4686900480638801 0
1235 1.399293179144455 0.4692477375851947 0
1236 7.871366362133132 -0.4734913215279664 0
1237 2.931664526222032 0.470110598204837 0
1238 2.22515645172484 -0.472082133272185 0
1239 4.76773120831061 0.4752273231950338 0
1240 6.407675998268479 0.4671335277740574 0
1241 12.49103729474012 -0.4754370394889932 0
1242 6.956454031970814 -0.4757277864216555 0
1243 4.271462398431987 -0.4734093667448923 0
1244 5.893349612800981 0.4719169394929901 0
1245 3.455427092541943 0.4637063492137607 0
1246 10.7730237218296 0.4638111638761366 0
1247 3.2594279025673 -0.4641535012265866 0
1248 11.23297638365483 0.4707096463658252 0
1249 6.956912755555562 0.4682638532027433 0
1250 8.902555931926448 0.4764420344446088 0
1251 5.946046606504364 -0.4776924992126823 0
1252 8.630040654231887 -0.4711495489509283 0
1253 8.326149861835804 -0.4740239077788688 0
1254 8.867992212102365 -0.4620295397975164 0
1255 1.185667537930958 -0.4756572589879779 0
1256 6.191690648714182 -0.4775153041859744 0
1257 9.729323126455579 -0.4692742536944686 0
1258 1.634564338341258 -0.4687692622997031 0
1259 2.714795533071928 -0.4755422547982903 0
1260 7.50466457899109 0.4657670404924263 0
1261 5.093176986212018 -0.4742297014258853 0
1262 11.22452243807465 -0.4629937115035783 0
1263 10.7427186472532 -0.4632674774909058 0
1264 1.426553659701237 -0.4640683002057107 0
1265 9.090886054096993 0.4670714240854544 0
1266 12.02886413284693 0.4760912696696665 0
1267 10.00353918617346 -0.4703470855128005 0
1268 7.224270173106127 -0.464670151466277 0
1269 10.28235139146416 0.4653665017581213 0
1270 12.02384533727793 -0.4712620281153446 0
1271 11.53685231991015 0.4732636934301461 0
1272 11.53548376768025 -0.4687065702220342 0
1273 3.782453257325297 -0.4727159058912177 0
1274 10.00584268044368 0.4628929907648883 0
1275 9.364190765637892 0.4772591437825098 0
1276 0.5981884289741006 -0.4699500200270894 0
1277 3.14488005915578 -0.4711412542234453 0
1278 12.27770068725285 0.4799208548672839 0
1279 0.8739815321302287 -0.4739659302250563 0
1280 5.395372161884608 -0.4742602728288861 0
1281 5.645264149189289 -0.469031006796596 0
1282 3.533613137252517 -0.4696561602265577 0
1283 12.27600682406914 -0.4704457616590614 0
1284 10.24718828876094 -0.4776054022282912 0
1285 7.506842137000032 -0.4655682141548938 0
1286 7.258222183755059 0.4682701392196704 0
1287 2.501497717574154 0.4738748100764852 0
1288 10.98021522089138 -0.4777111791113388 0
1289 10.98205795859808 0.4634357436780898 0
1290 10.4958124937509 -0.4755681014037053 0
1291 4.516356373085072 0.4715364549380106 0
1292 3.938958073898885 0.470816300835089 0
1293 1.917500414687277 -0.4675383627810884 0
1294 11.77914761364888 0.4752015695402028 0
1295 1.524157457389435 0.4706532551337929 0
1296 1.676942893380809 0.4738431504842914 0
1297 10.4950173227478 0.4659413307773905 0
1298 4.028709641353176 -0.4738702973042412 0
1299 2.564686920125019 -0.4710603752646937 0
1300 8.477808945620652 -0.4689985099301762 0
1301 3.055652228083013 0.4778609772644015 0
1302 5.396804013050819 0.4707159470800985 0
1303 11.77704623844629 -0.4644087124069413 0
1304 6.686707826741149 0.4687262249795004 0
1305 2.104605576711799 -0.4679515296300873 0
1306 6.289794055363284 0.4675858751809421 0
1307 12.93828317883994 0.4647159389132169 0
1308 2.659744549221464 0.4752080802718459 0
1309 12.94403869219444 -0.4658423120972787 0
1310 2.958256375465635 -0.4660110845139681 0
1311 2.078409725508406 0.4766788267177425 0
1312 8.054021500647854 0.4689831558938867 0
1313 12.82622773809119 0.4773212972411074 0
1314 11.35791940684894 0.4587029667476277 0
1315 4.82437149990417 -0.4755164621384529 0
1316 12.831493268713 -0.4653981214925469 0
1317 0.6364092425634713 0.470998980235835 0
1318 1.05985374106235 -0.4672422956522855 0
1319 5.824160785822461 -0.4699247990276105 0
1320 11.38605921310789 -0.4651589580459657 0
1321 3.90344339623263 -0.4690678806056539 0
1322 9.429756693445686 -0.4701822156305009 0
1323 11.90026282262166 -0.4632374792274843 0
1324 1.091891437355938 0.4698916581315254 0
1325 11.9062898589937 0.4690486004320187 0
1326 6.683012690739877 -0.4665759078227864 0
1327 10.36722218645284 -0.4695449521900148 0
1328 10.85963779037357 -0.4578081911420478 0
1329 0.3541191607266058 -0.4740139841800885 0
1330 6.43594097415715 -0.4677812830526297 0
1331 4.603295794008716 -0.4656865320642274 0
1332 8.325771463481349 0.4761678691051697 0
1333 0.0288208299930113 -0.337094349438452 0
1334 9.179387941718485 -0.468307653631231 0
1335 0.8796589644002986 0.4752600025997396 0
1336 0.2371332760682049 0.4605889415773358 0
1337 4.855621285778819 0.4707939238940999 0
1338 5.774828219528538 0.4646999649154747 0
1339 7.596102399991924 0.4773850414312194 0
1340 8.52043480818873 0.4649117415500081 0
1341 3.577355228153261 0.4681819287926252 0
1342 8.994597547812418 -0.4737609286657986 0
1343 1.555586291470812 -0.4612591233504529 0
1344 2.43289906108794 -0.4669683790015039 0
1345 12.3611000919952 0.4763038064310625 0
1346 12.3622781696625 -0.4754806237486231 0
1347 7.595905924350241 -0.4735656570532407 0
1348 10.86433103572344 0.4690688714077239 0
1349 2.012247850058639 -0.4700840143981481 0
1350 0.02040088779285764 -0.1627078019391195 0
1351 11.44747146628327 0.4637421361624852 0
1352 0.9614462106199421 -0.4642677704463913 0
1353 5.732647709939743 -0.4772430751218602 0
1354 12.57737524232092 -0.474796070558266 0
1355 12.57959882661405 0.4725267046595532 0
1356 7.807674702142559 0.4630907595003193 0
1357 3.054141124062895 -0.4694842788144497 0
1358 8.081489400804585 -0.4716601692872713 0
1359 10.39677683240044 0.4639856925006738 0
1360 4.386551157429305 -0.4777304779442992 0
1361 9.454008209998225 0.4731527814427295 0
1362 8.999008261821121 0.4723328828241662 0
1363 13.47367618127718 -0.3993277926748208 0
1364 0.1688143971555274 -0.4675174945142218 0
1365 13.33968082928423 0.4067258307740018 0
1366 13.73938695327244 0.4022172434656697 0
1367 0.05262665474330984 0.2299272776597367 0
1368 13.1253040239233 -0.4211632766140563 0
1369 13.12729955483428 0.4217422040942561 0
1370 0.1456255973088574 0.4735583923277995 0
1371 14.07794534176743 -0.3525655285863021 0
1372 13.72699333632575 -0.3854603683837341 0
1373 10.19127944054268 0.4775046469519175 0
1374 2.419554894415186 0.470521755739253 0
1375 7.315832695194683 -0.4779002085241499 0
1376 4.699343009549737 0.4670584371087518 0
1377 2.874913663608703 0.4705023588820689 0
1378 5.619609096105027 0.4704467722966172 0
1379 11.16763346756395 0.4727338782875051 0
1380 6.467992139775118 0.4717262833684275 0
1381 1.245506862957918 -0.4610148649328161 0
1382 1.895655694180096 0.4715477413453421 0
1383 7.445423186039097 0.4690544866881442 0
1384 3.721584808818236 -0.4740476891265776 0
1385 3.720924293693606 0.4699153095894087 0
1386 12.08367698254197 -0.4688674266958754 0
1387 11.16587921391817 -0.469784107052342 0
1388 1.705779264359883 -0.4752093570090888 0
1389 10.06053410798006 -0.4697079353980486 0
1390 12.0876966711755 0.4715957471954471 0
1391 6.278167769484844 -0.4688340104936891 0
1392 11.2943945971318 -0.4775518920950222 0
1393 10.1896467776134 -0.4774914682131725 0
1394 12.21032756249498 0.4681094439057938 0
1395 11.04090163153931 -0.4760904035348701 0
1396 10.06581007965791 0.4660007842946652 0
1397 9.939901646685691 -0.4720641040440359 0
1398 1.314724623393697 0.4752356853102973 0
1399 12.21350891541769 -0.4726641448180422 0
1400 3.595088067891608 -0.4630911902495765 0
1401 9.150036709386711 0.4699420780760392 0
1402 0.6569963862518182 -0.4688158668670858 0
1403 7.446198994147264 -0.4668487559704922 0
1404 7.321457494979557 0.4756655161717547 0
1405 0.0753208721946893 -0.4709717947538088 0
1406 11.04652433088905 0.4752473671951081 0
1407 4.581859819814427 0.4772891490060869 0
1408 3.472462856814043 -0.4721192959798819 0
1409 9.937456138641615 0.4760533148820639 0
1410 1.190472396798552 0.4667369810508806 0
1411 2.160871134232591 -0.4706966509628019 0
1412 7.200836011263267 0.4673533841861996 0
1413 4.909768784803156 -0.4700396863101542 0
1414 2.16584692785649 0.4688708226003434 0
1415 4.458854552806391 0.4691285087498227 0
1416 2.621426040565811 -0.4713815393305522 0
1417 8.573581388196823 -0.4666493816115703 0
1418 3.001589033176451 0.4585172786656371 0
1419 8.422047733884117 -0.4688345618279809 0
1420 11.28972545638372 0.4696936383512889 0
1421 1.117167433133145 -0.463129531299205 0
1422 6.341623871553448 0.4774561825033715 0
1423 2.01176452150714 0.4662425520249109 0
1424 4.759696001537321 -0.468942457377877 0
1425 3.116421938165915 0.4775365608160995 0
1426 3.848134764929336 -0.4689452791671778 0
1427 11.96791560791848 -0.4775542649248873 0
1428 5.157075360972527 -0.4699454342787765 0
1429 5.031311382826686 -0.4772854578981424 0
1430 1.365014104699185 -0.4630382810571244 0
1431 3.327932245585403 -0.4732249998235444 0
1432 3.386933454349457 0.4742304518391256 0
1433 8.815431860196366 0.467026700617299 0
1434 9.669866739502311 0.4753580196862118 0
1435 5.888155127632857 -0.4757332012232601 0
1436 0.02127829730638051 -0.1068725896635793 0
1437 9.665427709867414 -0.4775098492481048 0
1438 6.221796668553737 0.4745552765897856 0
1439 1.034944575896461 0.4696595890045409 0
1440 11.96280417475958 0.4691287336307529 0
1441 5.829188477449152 0.470031720641736 0
1442 6.126289356672345 -0.469168047530431 0
1443 6.009035282616224 -0.4740239077792249 0
1444 4.916670499079101 0.4698233592342098 0
1445 2.284650722741915 -0.4740239077791361 0
1446 6.06903741819139 0.469672923448703 0
1447 3.20045960845313 -0.4703880481874374 0
1448 3.270508022707363 0.4741648670811944 0
1449 3.962130448245313 -0.4649786949544883 0
1450 11.83931974527939 -0.4670357838798697 0
1451 10.71195707859022 0.4623566838909134 0
1452 2.292871081483572 0.4676402602379711 0
1453 10.30984067015802 -0.4700863760956872 0
1454 8.113176856108758 0.473753005544482 0
1455 7.776698111677936 -0.469677695224914 0
1456 11.84497695144796 0.4646971889692787 0
1457 8.692667912957809 -0.4718389984172834 0
1458 10.91870996039392 -0.4776277750417872 0
1459 8.810611112510779 -0.4695749170396041 0
1460 8.934190493682499 -0.4741492127574384 0
1461 7.166646956630034 -0.4667704528294699 0
1462 0.07927342309388323 0.4778602777429708 0
1463 10.427431684216 -0.4632499877392762 0
1464 11.44416080954972 -0.4687438983415902 0
1465 10.33942469846903 0.4695722581823483 0
1466 4.305411953390742 0.470567400727755 0
1467 8.696165675066675 0.4792411389317031 0
1468 6.619895234344528 -0.4729773963743665 0
1469 9.369837932719367 -0.4635926464796456 0
1470 0.6974537965319626 0.4719743149484584 0
1471 12.76254246895323 -0.4764037840320953 0
1472 12.7644670887555 0.476890921317961 0
1473 10.92187099455337 0.4664881165275536 0
1474 2.900191781534135 -0.4695695601667428 0
1475 2.723640501793567 0.4652482729172943 0
1476 7.047747385576264 0.470527241997834 0
1477 5.960019236253586 0.4633381518455149 0
1478 8.143990921085672 -0.4707537042308351 0
1479 5.038545192261465 0.4740383598646613 0
1480 6.741513962238511 -0.4664034276515415 0
1481 5.456719126548288 0.4640698987917934 0
1482 6.628456959944366 0.4660241557219146 0
1483 1.734809761813408 0.4608533207235975 0
1484 7.657328008217891 -0.4736218552765101 0
1485 9.790875090186777 0.4726644668748172 0
1486 10.55543162592332 0.4652200116091282 0
1487 3.883083762791919 0.4771397360742529 0
1488 12.4338694151983 -0.4648096808080239 0
1489 1.853393817590877 -0.4660146386796542 0
1490 9.486482373467851 -0.471197300030998 0
1491 0.5729884028692507 0.4714687739498316 0
1492 12.42346066754885 0.4727317877180025 0
1493 10.55156211063817 -0.4760959046676247 0
1494 0.2963033353531254 0.4750041483675808 0
1495 12.88085834600414 -0.4770969009965607 0
1496 12.88751369037807 0.4779436577454719 0
1497 2.50519435896354 -0.464090908869228 0
1498 9.78636231589924 -0.467756611905571 0
1499 1.487952295369339 -0.466253256625082 0
1500 9.305662286576188 0.4753731714983964 0
1501 2.591598180236374 0.4665694843304442 0
1502 0.8151283694862079 -0.4724051012067889 0
1503 3.507595164169375 0.4770443087965051 0
1504 1.580637183358347 0.4704935596879235 0
1505 8.577455614131024 0.4701571103703462 0
1506 5.584792337780422 -0.4654206739543478 0
1507 7.044497372439611 -0.4623165566000921 0
1508 5.340211693423965 0.4737535908018563 0
1509 7.665780038072812 0.4667866964322072 0
1510 6.745090676592532 0.4692319416495141 0
1511 3.999925175587907 0.4684576627578557 0
1512 6.497543527904675 -0.4681676422638849 0
1513 5.461608222089306 -0.4761518538103547 0
1514 8.263306680656726 0.4634103796817622 0
1515 4.542440681200622 -0.4670847711387651 0
1516 0.02121003067874221 -0.3999999999997369 0
1517 0.5318799648751315 -0.4791184227959591 0
1518 0.4120849425745653 -0.4794193933193975 0
1519 9.240078733570575 -0.4642928848661857 0
1520 5.303539431629086 -0.4664991056385676 0
1521 0.8215423842938012 0.4765144034086753 0
1522 14.4865571534135 -0.3150504494634059 0
1523 14.0583924499686 0.3496541175635409 0
1524 2.783809871893594 -0.465253640541587 0
1525 8.26163315737122 -0.4770429394105963 0
1526 4.153824767380407 0.4764683755695691 0
1527 9.522934087736235 0.4777229825590206 0
1528 5.189365880184356 0.4674553391123981 0
1529 10.79870855727129 -0.4733249810041243 0
1530 4.333039624668316 -0.4746039014854411 0
1531 0.4230844636755589 0.4708841320995845 0
1532 10.68269852789291 -0.4743074606202787 0
1533 1.462096100855332 0.4668587383777186 0
1534 12.6418315046077 0.4771044791824794 0
1535 12.64140582664124 -0.4774981317681972 0
1536 11.71671881023707 -0.4626088578752755 0
1537 7.996159504687705 0.4655449470514991 0
1538 11.71558012514946 0.4699296655283707 0
1539 7.873887204042227 0.4595980108233202 0
1540 6.891551836369468 -0.4759516757542565 0
1541 7.930880932963856 -0.47477325458241 0
1542 11.59410701194676 -0.4652868822790617 0
1543 11.6023813331397 0.4673389920920592 0
1544 4.086355893176453 -0.4775868397266788 0
1545 4.210781856140615 -0.4778156995472218 0
1546 6.893047846805871 0.4655900297405241 0
1547 0.04969715829395267 0.1046377873395847 0
1548 14.97873690406931 -0.2681468090413454 0
1549 14.46677381189137 0.2883956127803586 0
1550 15.60437257177893 -0.2191926439053927 0
1551 0.02645768539142881 -0.04715640571111247 0
1552 16.73113391416471 0.01291935011462878 0
1553 14.9923482656268 0.2824038156929557 0
1554 0.06197639575199981 0.3819506141425318 0
1555 0.02547133540549164 -0.4558823529410605 0
1556 16.04726008215193 0.1741595574935467 0
1557 13.02778853984011 0.4253201579464042 0
1558 13.07964943789315 0.3437470336549342 0
1559 12.99041511254465 0.3408059278483193 0
1560 13.02867401491262 0.2587484756005561 0
1561 12.94750404886503 0.2714364638975026 0
1562 13.12067651789635 0.267758838441691 0
1563 13.08141296015644 0.1937178516538582 0
1564 13.15526718533675 0.1965078397281473 0
1565 13.12153850522737 0.128990665862645 0
1566 13.19393988442536 0.1277432765818088 0
1567 13.1572856554066 0.06326179654167759 0
1568 13.23214565279074 0.05847480893070234 0
1569 13.19017550638906 -0.005950264056848878 0
1570 13.26668133925574 -0.01813258877036826 0
1571 13.31316555146542 0.05374492727577479 0
1572 13.34920487320005 -0.0281037862131605 0
1573 13.21943524967623 -0.07802752184686079 0
1574 13.39992600014526 0.04997044179748628 0
1575 13.44049999911105 -0.03121995881673358 0
1576 13.49500021217717 0.05467560238487799 0
1577 13.54698944827117 -0.03682000793485996 0
1578 13.37899334459651 -0.1140499651746462 0
1579 13.60625214125543 0.06209244900987354 0
1580 13.66590147086283 -0.04329491766160307 0
1581 13.73623299543158 0.06607701051273854 0
1582 13.2257767425607 0.1890424106852703 0
1583 13.1470619876514 -0.06462002640845432 0
1584 13.17653375207094 -0.1317585502585339 0
1585 13.10708678793037 -0.1241205125943096 0
1586 13.13841948821401 -0.1913861375574987 0
1587 13.06798656482557 -0.1838073431352178 0
1588 13.21252299955613 -0.1976905802588525 0
1589 13.53405506613873 0.1633866347742166 0
1590 13.79873026473236 -0.05077310132583632 0
1591 12.91184055264259 0.3343510706645981 0
1592 12.87593802492398 0.2679687330194814 0
1593 12.9093668087919 0.2107669613280643 0
1594 12.84161195548008 0.2063591276936788 0
1595 12.80550162174806 0.262509134590679 0
1596 12.77346040687915 0.1995532804164867 0
1597 12.73584451229228 0.2561038437565069 0
1598 12.70548926532332 0.192331402152387 0
1599 12.66616048015724 0.2495159750626545 0
1600 12.63676409088945 0.1876911052250366 0
1601 12.59674750321528 0.2437573475656709 0
1602 12.56544176255939 0.1830048434647586 0
1603 12.52857264678272 0.2393524445297746 0
1604 12.4974563301372 0.1788241881729122 0
1605 12.45964221562959 0.2345186706991989 0
1606 12.43147784623103 0.1721648829415212 0
1607 12.39007574141997 0.2255866958739011 0
1608 12.42164235226024 0.2910357645141983 0
1609 12.34945068579367 0.2810472773619164 0
1610 12.31888954983519 0.2172493857658295 0
1611 12.27699920655424 0.2720180128259891 0
1612 12.24832894357975 0.2107404913333241 0
1613 12.20626474214665 0.2660491623410779 0
1614 12.17816696664666 0.2028307949257852 0
1615 12.1354562855957 0.257810410456477 0
1616 12.10889017832063 0.1937092140337088 0
1617 12.06713491032041 0.2501971879982021 0
1618 12.04081366476617 0.1864295295938839 0
1619 11.99802328581147 0.2393770056565028 0
1620 11.97012390220111 0.1765036009672631 0
1621 11.92612773684827 0.2297268108096349 0
1622 11.95799100385428 0.2969894402822721 0
1623 11.88573656046095 0.291979371836923 0
1624 11.85617167305609 0.2180730429760017 0
1625 11.81200290703623 0.2741588115293205 0
1626 11.78375414024667 0.20674945594498 0
1627 11.74190264376936 0.2595173511837343 0
1628 11.71377105105828 0.1962995148394038 0
1629 11.67470595718758 0.2514600457169796 0
1630 11.64819796556646 0.1878622111483975 0
1631 11.60569689735176 0.239573414760158 0
1632 11.58284690223762 0.1733761628241681 0
1633 11.53485406767863 0.2236103313867065 0
1634 11.56093510792519 0.2962341018413261 0
1635 11.48739309748733 0.2799877425463762 0
1636 11.46476834800303 0.2099273892908431 0
1637 11.41623765775359 0.2642860012472497 0
1638 11.39498807900231 0.1975267611374624 0
1639 11.34738548960826 0.2480914932476194 0
1640 11.329155157743 0.1809511788990524 0
1641 11.27846066966824 0.2313456234931243 0
1642 11.29833311048787 0.2998618512331369 0
1643 11.22462447519023 0.2907174556311463 0
1644 11.20792954530344 0.2168735710038417 0
1645 11.15599534094256 0.2700171501968658 0
1646 11.14032145019626 0.2003972553854206 0
1647 11.08941178117842 0.2483068242407968 0
1648 11.07531194414415 0.1788526959931198 0
1649 11.02231146413735 0.2247926909718952 0
1650 11.03828126183772 0.2986853570263868 0
1651 10.9704076963941 0.2774528579194495 0
1652 10.95428291170367 0.2052802281699163 0
1653 10.90218433316985 0.2556832990730223 0
1654 10.88689873861531 0.1844223449834349 0
1655 10.83400244721593 0.2310047860521818 0
1656 10.8502454748797 0.3087567553906821 0
1657 10.78190653791004 0.2821848335023214 0
1658 10.7666422595279 0.2071307256154705 0
1659 10.71439900997707 0.2553724935279243 0
1660 10.70168431010831 0.1832559726126224 0
1661 10.64671596771229 0.2263590043489866 0
1662 10.66033594416048 0.3021472583254473 0
1663 10.59182535660682 0.2720162995239074 0
1664 10.58294358087498 0.1990876879283118 0
1665 10.52577158251902 0.2384527881018377 0
1666 12.55792119030976 0.3014406565060773 0
1667 10.52420818940447 0.1708796624725155 0
1668 10.4598649896799 0.1981602697275638 0
1669 10.46540111708426 0.2803096174361057 0
1670 10.39856312033598 0.2485241806967216 0
1671 10.38859304045516 0.1781015520516361 0
1672 10.33243958234631 0.2206132929240228 0
1673 10.33562785151174 0.2966310890808811 0
1674 10.27166627953052 0.2609318991627716 0
1675 10.27117114533124 0.1883891389487902 0
1676 10.21065541196261 0.2256576439193954 0
1677 10.20947726204284 0.2996354111416697 0
1678 10.14914849280659 0.2630068893282387 0
1679 10.1509188768517 0.1890928474298354 0
1680 10.08922443938912 0.2244529814171076 0
1681 10.08645641082848 0.3014751078949996 0
1682 10.0247466086417 0.2593131681648875 0
1683 10.0313422522991 0.184905883186918 0
1684 9.965828999453814 0.2135417409891089 0
1685 9.956987361433992 0.2901945757374154 0
1686 9.899394673844689 0.2396783746298637 0
1687 9.890516109151413 0.3157675761242372 0
1688 9.835573548994557 0.2649793997598164 0
1689 9.841491164220338 0.1956534813512845 0
1690 9.775216433716912 0.2202446703297698 0
1691 9.767438407009413 0.2924041722671341 0
1692 9.706973970473634 0.2457403915948273 0
1693 9.697313174148229 0.320504996756553 0
1694 9.637836115483381 0.2715246624406427 0
1695 9.649434754308068 0.200058519711632 0
1696 9.581220072227325 0.2232920023869769 0
1697 9.567514216889233 0.2949995474427347 0
1698 9.511383067189925 0.2455194502834586 0
1699 9.497207732481204 0.3172482913247198 0
1700 9.440885978086163 0.2683458162554482 0
1701 9.456458992333197 0.1976749793000528 0
1702 9.386873241509145 0.2178260076643705 0
1703 9.368357828910813 0.2917147178956784 0
1704 9.316492365321613 0.2365386510575146 0
1705 9.292868712312707 0.3133587493186185 0
1706 9.244270157837175 0.2577363810629091 0
1707 9.264539844347686 0.1879444169127756 0
1708 9.197566407075751 0.2059420195254665 0
1709 9.174140774873203 0.2750260311874131 0
1710 9.129052560542048 0.2202498676690122 0
1711 9.105035318135807 0.2905443006722595 0
1712 9.059820359785387 0.2322322448363117 0
1713 9.035875273104718 0.3033007032780236 0
1714 8.985104022084728 0.236298951266312 0
1715 8.961892431452252 0.3184637933419674 0
1716 8.913192687405607 0.2603628701902287 0
1717 8.930193685549282 0.1919603903826942 0
1718 8.869295819654509 0.2085706780800206 0
1719 8.844314993454592 0.277320334953405 0
1720 8.800805783223364 0.2101055755693126 0
1721 8.769828806951702 0.2923477712951962 0
1722 8.720705757794669 0.2313789085168553 0
1723 8.694114393797561 0.3032249301795021 0
1724 8.645744727893437 0.2434720301014266 0
1725 8.619683126927983 0.3138351571614388 0
1726 8.573224781415462 0.2549149273935696 0
1727 8.594293369239571 0.1808009803954337 0
1728 8.527425234149298 0.2036672619270523 0
1729 8.50329771435289 0.2647670637438337 0
1730 8.465731707539405 0.2105212422655347 0
1731 8.4352678447519 0.2672898527095623 0
1732 8.397230090756871 0.204385091531115 0
1733 8.364322629819055 0.274573162649924 0
1734 8.31971895767315 0.2191452403078955 0
1735 8.290253504517032 0.2867750272012296 0
1736 8.245398226947849 0.226562342901122 0
1737 8.215677903316383 0.2951307211590048 0
1738 8.16405904637304 0.2282846201422348 0
1739 8.142245859597457 0.3081909758280764 0
1740 8.094106454712815 0.2521655912149858 0
1741 8.072031451897914 0.3202398408594673 0
1742 8.028308482215637 0.2606035401880139 0
1743 8.053707680494885 0.1996507754569256 0
1744 7.989831782149006 0.198813162322414 0
1745 7.957755531873154 0.2624767536284132 0
1746 7.912520114250256 0.1874623777649449 0
1747 7.88535928588538 0.2637554936495469 0
1748 7.840684578324052 0.2034878537060258 0
1749 7.812790811855039 0.2717996758481714 0
1750 7.772346988344814 0.2084582148636055 0
1751 7.742328004621209 0.2683224790285288 0
1752 7.703001548355039 0.2125124470413183 0
1753 7.673729304412158 0.2737848824166569 0
1754 7.634235999745269 0.2192893874144333 0
1755 7.603426862527471 0.2840006802783799 0
1756 7.564643588577508 0.2144675518190069 0
1757 7.529058779890303 0.2936429332139409 0
1758 7.485525333906015 0.2294570748465937 0
1759 7.453306170634314 0.3020948107656006 0
1760 7.411675512370055 0.237506094454441 0
1761 7.378305833574587 0.3071685314009042 0
1762 7.33722062554096 0.2402428622630242 0
1763 7.303552140152785 0.3090155204021556 0
1764 7.2636992161045 0.2416115686106878 0
1765 7.228759269590926 0.3072979976164226 0
1766 7.185152693735024 0.2326217168919323 0
1767 7.153325965316785 0.3081973555745432 0
1768 7.110540227208043 0.2479138659270403 0
1769 7.08243652545906 0.3128862461681258 0
1770 7.038655176383815 0.255496266049545 0
1771 7.066735550713322 0.1922647530987308 0
1772 6.99677130222946 0.1973812956406322 0
1773 6.966386101401431 0.2622577961771458 0
1774 6.927250373933732 0.202335383342847 0
1775 6.894837543236801 0.2622488738984943 0
1776 6.862263911853892 0.2047116376415718 0
1777 6.825544813776787 0.2588396361680822 0
1778 6.795445575703094 0.1910663630706355 0
1779 6.755971437386606 0.2577434406945777 0
1780 6.719364940090859 0.198677219520289 0
1781 6.684046051395147 0.2614442811306409 0
1782 6.649311444515327 0.1990108768663208 0
1783 6.613864970561288 0.2622722338985937 0
1784 6.574058562065206 0.1900924666878998 0
1785 6.543042831963553 0.2626812322270483 0
1786 6.504484216628737 0.2041910458922152 0
1787 6.475242916011497 0.2628299906796667 0
1788 6.441742858833053 0.196321497813794 0
1789 6.404662791894784 0.26496939983964 0
1790 6.365782004015074 0.2052649489395428 0
1791 6.333271977997986 0.2686746510843908 0
1792 6.293885814371727 0.2088875575259397 0
1793 6.262114433450198 0.2722685353201256 0
1794 6.221868204779478 0.2099406422212875 0
1795 6.191037557595188 0.2760361974129151 0
1796 6.150360028068023 0.209626504541676 0
1797 6.11490134760793 0.272715763972182 0
1798 6.080299961936717 0.2094825563520973 0
1799 6.041354013319133 0.2735194726974953 0
1800 6.007910187026683 0.2003441076360552 0
1801 5.968712901516476 0.2778487742739877 0
1802 5.934713110526639 0.2118649843098885 0
1803 5.898453889569784 0.2788990672167876 0
1804 5.865284286134093 0.2144553769914289 0
1805 5.827763525756293 0.2773147056330698 0
1806 5.789616242345357 0.2088945997443887 0
1807 5.757278691226094 0.283927616195366 0
1808 5.719329010053607 0.228184798607073 0
1809 5.687428529997172 0.2939603089535779 0
1810 5.653195720374415 0.2294488349571047 0
1811 5.611923826326159 0.2899086558064902 0
1812 5.579015080340361 0.2128086300451249 0
1813 5.537640438175231 0.2847292516607235 0
1814 5.500065156430982 0.2217591261690983 0
1815 5.465872422776362 0.2892838740414231 0
1816 5.429958552553279 0.2234940330674541 0
1817 5.390616158390022 0.293751549170182 0
1818 5.353850908872658 0.2144993082914502 0
1819 5.314142749224984 0.2931323750762985 0
1820 5.277389435338387 0.2227668269679576 0
1821 5.241037559116856 0.2907457810997598 0
1822 5.20040379772295 0.2153020974588651 0
1823 5.167696032787533 0.2926081136374808 0
1824 5.130683131141028 0.2285249375296716 0
1825 5.094727786360509 0.2935086847320391 0
1826 5.06248673933049 0.22279683380834 0
1827 5.021788911245492 0.2945731710308642 0
1828 4.982648237696667 0.2311696188274994 0
1829 4.946998606650261 0.3001890848663393 0
1830 4.908075140408683 0.2340297234240005 0
1831 4.871083776513204 0.302837542928862 0
1832 4.826506653047108 0.2267695736069402 0
1833 4.792960149808835 0.3075204280673978 0
1834 4.752215268273172 0.2460517480203136 0
1835 4.720170358585277 0.310077913953096 0
1836 4.683519348737891 0.2482053370176517 0
1837 4.648899938995243 0.3131908999602784 0
1838 4.612487538221782 0.2478264984388769 0
1839 4.567602271005526 0.323027255410556 0
1840 4.54067104944667 0.2395647658665293 0
1841 4.489211871085475 0.3095850323157281 0
1842 4.462127833516067 0.2346081384797212 0
1843 4.417776327805964 0.3073799924960692 0
1844 4.380723969184318 0.2424673874120537 0
1845 4.343973314328049 0.3116212984779541 0
1846 4.305252434503426 0.244703649097951 0
1847 4.267820904476719 0.3127924524671244 0
1848 4.222593700599589 0.2379904393235251 0
1849 4.189118575282097 0.3166130867492415 0
1850 4.14560353586815 0.254636070019374 0
1851 4.111541516470391 0.3195370591918077 0
1852 4.072990980086113 0.2542174841163911 0
1853 4.036418963907152 0.3178051269469932 0
1854 3.998724665320498 0.2522636187594015 0
1855 3.960972993473845 0.316179225673279 0
1856 3.922573906353731 0.2514894586199123 0
1857 3.885123474325103 0.3192221125486577 0
1858 3.838592510933245 0.2445326777770003 0
1859 3.807298929188568 0.3202341227806644 0
1860 3.761114388226812 0.2567069044406898 0
1861 3.730708678787201 0.3204413218126906 0
1862 3.687705001331959 0.2573946136388939 0
1863 3.653651311081688 0.321145723357266 0
1864 3.614327423685725 0.259422180956111 0
1865 3.648211596992457 0.1991808979521077 0
1866 3.579119659249916 0.1987925450060121 0
1867 3.54171051182519 0.2578319212799152 0
1868 3.510651582911548 0.1954047019954157 0
1869 3.470402738673998 0.2560282128932962 0
1870 3.441404843684515 0.1939639687174692 0
1871 3.400366346692805 0.2530678736030333 0
1872 3.371642450113763 0.1923478688877207 0
1873 3.333997265914198 0.2474814354097412 0
1874 3.302779297772033 0.1880329306728555 0
1875 3.264259762139634 0.2427114937419477 0
1876 3.227688103086365 0.1779298920224925 0
1877 3.195235082738292 0.243833396117263 0
1878 3.159323102018983 0.191636801254662 0
1879 3.127169350877871 0.2424949755162445 0
1880 3.093914995213631 0.1890247746602039 0
1881 3.05866475689016 0.2400389471281539 0
1882 3.028636628355635 0.1868318473843754 0
1883 2.99231362283169 0.2402831095057893 0
1884 2.96234685308618 0.1863772094368807 0
1885 2.925062410574245 0.2367793750686964 0
1886 2.896639102422546 0.1843369117707641 0
1887 2.860598689676726 0.241312257948111 0
1888 2.831980539945324 0.1804713103152525 0
1889 2.790697200532591 0.2349221410313897 0
1890 2.759213743655196 0.1645441137813209 0
1891 2.721703959987141 0.2283191365231418 0
1892 2.690080071188458 0.1708034919767124 0
1893 2.65402392366246 0.2281201875149234 0
1894 2.625319028411826 0.1683136627263601 0
1895 2.584406451642851 0.2245146970587708 0
1896 2.617971105986484 0.2895421951740905 0
1897 2.544909806484138 0.2862220172016567 0
1898 2.512613697507537 0.2207842947334082 0
1899 2.471899823770346 0.2833209925432681 0
1900 2.440519235725103 0.21722458708354 0
1901 2.399654854680988 0.2743820714633968 0
1902 2.368798940289691 0.2092151069045661 0
1903 2.326510797983369 0.2663279270790651 0
1904 2.291992777030182 0.194453464514124 0
1905 2.255312374747866 0.2611634673897948 0
1906 2.21887390034737 0.2015438659550972 0
1907 2.184290726848484 0.2572609052118978 0
1908 2.152400388852197 0.1976750824366612 0
1909 2.11691010306182 0.2529569011664544 0
1910 2.083728943555173 0.1916732074033556 0
1911 2.049603682350285 0.2481953791986389 0
1912 2.014824519548865 0.189302918920947 0
1913 1.981857536495114 0.2470642137606666 0
1914 1.946503211564441 0.1886249899133187 0
1915 1.913215837397606 0.2441141415424791 0
1916 1.879544105551483 0.1851353032805277 0
1917 1.843794770334642 0.2385461593725666 0
1918 1.812393421849048 0.177890725446185 0
1919 1.773415304562455 0.2298916696737458 0
1920 1.743781450258505 0.1685192485552726 0
1921 1.703142462251067 0.2228374779129837 0
1922 1.879754790197647 0.3043157401338831 0
1923 1.734866322386087 0.2878694253865751 0
1924 1.662942614506504 0.2784306220220598 0
1925 1.632244567605906 0.2149191290920641 0
1926 1.591340532112287 0.2686995568180237 0
1927 1.562177058616576 0.207839495691798 0
1928 1.521437265894509 0.2606414502779191 0
1929 1.492193965935245 0.2000244980360792 0
1930 1.451399911246009 0.2534774121140259 0
1931 1.423535123263155 0.1924800194320352 0
1932 1.38335836905473 0.2479772707646535 0
1933 1.355399389649956 0.186253737029467 0
1934 1.312937280552184 0.2412051853519073 0
1935 1.288186057486727 0.179008428997469 0
1936 1.24334697665145 0.2330164306709826 0
1937 1.269969685324623 0.3028373712072348 0
1938 1.197758890600987 0.2923491569622395 0
1939 1.173668611311278 0.221052313122452 0
1940 1.126740780908179 0.2788023039875103 0
1941 1.101747694782887 0.2074075574992529 0
1942 1.056548317082908 0.2646757068082266 0
1943 1.032643629757843 0.1973596234973965 0
1944 0.9886492148289083 0.2530924283630668 0
1945 0.9669733298973828 0.1867835227342534 0
1946 0.9203656016189808 0.237254224145377 0
1947 2.900072530577796 0.3007747483427044 0
1948 2.75154589904923 0.2842969466614583 0
1949 0.9431279929017087 0.3102740786282548 0
1950 0.8697390522773703 0.2919387712392705 0
1951 0.8478092309372443 0.2110189515772316 0
1952 0.7956701443521249 0.2749570489993542 0
1953 0.7725254878032479 0.2047884000400092 0
1954 0.7267533856544237 0.2613355212747741 0
1955 0.7043690527855923 0.1938316903695527 0
1956 0.6583167939072272 0.2478269622738941 0
1957 0.637277965754831 0.1797014173062027 0
1958 0.5887977706457213 0.2307994400609563 0
1959 0.6108111583754338 0.3038992829592491 0
1960 0.5384251181304853 0.285065786392721 0
1961 0.5192055121994215 0.2133038377961357 0
1962 0.4685610969936474 0.2639716112811994 0
1963 0.4517704838885567 0.1965000921169101 0
1964 0.4008871435159933 0.2434242888159477 0
1965 3.023069001466303 0.3054848218026587 0
1966 0.3858770741253778 0.1760474574434017 0
1967 0.3337341801247848 0.2232561253866545 0
1968 0.3493972796166283 0.2909780017311931 0
1969 0.2790793277466072 0.2735118143074167 0
1970 0.2666307000740955 0.2029318294944082 0
1971 3.153334077757686 0.3140831881085126 0
1972 3.297269010225516 0.2936617327511112 0
1973 3.890354165153576 0.1864745830668285 0
1974 2.017566800629872 0.3072930684826609 0
1975 4.037534918912682 0.1838448911606818 0
1976 4.273140371742871 0.1805715935435104 0
1977 12.09337156197665 0.3273476831391051 0
1978 7.233737827625811 0.1892136669167332 0
1979 4.41273276058446 0.1771667936315436 0
1980 3.423004439207599 0.3202024737146447 0
1981 4.649570978874349 0.1809786709084059 0
1982 4.876023375608916 0.1702924600626506 0
1983 2.148725082120616 0.3221228910773055 0
1984 8.207121677247669 0.1669636662070721 0
1985 6.786660941306197 0.3205800748239763 0
1986 6.510942391288149 0.328764635675111 0
1987 7.372318315095578 0.1748778385486298 0
1988 12.69644516811465 0.3136797145657418 0
1989 5.013974356122759 0.1681558831472522 0
1990 1.416933715651141 0.3109100406729765 0
1991 9.082503160331035 0.1651909246287072 0
1992 5.247802895698903 0.1625753634471808 0
1993 8.741293896715911 0.1624458669945708 0
1994 11.70331784615258 0.3149001713804596 0
1995 5.465575444833734 0.1620675552320545 0
1996 9.597161191058406 0.1570418206009584 0
1997 7.511520255946838 0.162606763332369 0
1998 6.931740861336372 0.335811318809898 0
1999 5.687706462947229 0.1761947739760865 0
2000 6.647985128708037 0.3293371657285111 0
2001 6.371347549394714 0.3378465334034422 0
2002 8.469594774318324 0.3290550236807782 0
2003 9.788911604899203 0.1547151040664753 0
2004 2.479813528353055 0.1596564265325322 0
2005 7.664231703525112 0.1550385615153956 0
2006 7.932184396264317 0.3374410599006575 0
2007 0.8110521119871541 0.1509081715790752 0
2008 5.899982786367858 0.1552107227758517 0
2009 1.084597610390375 0.339670405115168 0
2010 8.342033147484178 0.1538365568141268 0
2011 2.283993370203951 0.3351312192193798 0
2012 1.151445313180744 0.1463088540727226 0
2013 9.40484672255768 0.1520096844608915 0
2014 11.82747505171857 0.1546762402677603 0
2015 12.23444982357398 0.3394951992731375 0
2016 12.28851626561612 0.1559789888955063 0
2017 2.343781406569498 0.146913960963202 0
2018 13.05385578817788 0.125741144805806 0
2019 6.110279252386839 0.1544789202234745 0
2020 1.601546546353189 0.1540602563376924 0
2021 6.149567668460772 0.3323649580027443 0
2022 9.655037421522959 0.1346984050717424 0
2023 11.43645030867435 0.3337595888751422 0
2024 9.977700750614106 0.1449710915169486 0
2025 11.16864839221478 0.3434954315032862 0
2026 1.549639311274685 0.3290616577344727 0
2027 13.59536870599581 -0.1426175184279757 0
2028 6.396103444694407 0.1453265460090388 0
2029 11.1877553802277 0.1523928886451892 0
2030 0.7498660643490016 0.3321318583299746 0
2031 6.255766239036657 0.150430055511322 0
2032 5.726843602349199 0.3555703144604395 0
2033 11.4377738444872 0.1464109491361996 0
2034 0.4989285280311491 0.1484867432874011 0
2035 7.799146841809343 0.1495001692170537 0
2036 9.464849007570008 0.1327191870590272 0
2037 7.776989602874051 0.3466572143278557 0
2038 6.000797535709695 0.3533535127605967 0
2039 10.93657823231188 0.1399092523347201 0
2040 6.620781329287917 0.1388696152945168 0
2041 8.893518106597194 0.1462912935407167 0
2042 8.94601485726254 0.1313533113368839 0
2043 8.489443390117547 0.1573657367515235 0
2044 0.4844995716941721 0.3353087788536835 0
2045 9.148866139375265 0.3481385515521785 0
2046 12.87552660593802 0.1512405455893729 0
2047 5.574419953152789 0.3577642066205278 0
2048 10.75176797482339 0.1409810666368319 0
2049 5.865200840538275 0.3427990610692264 0
2050 12.14892471955765 0.1383588881443669 0
2051 6.888985307124226 0.1537249198726508 0
2052 1.462768542223116 0.1370951315586778 0
2053 2.187330480690196 0.1455948076978152 0
2054 2.427314905056045 0.3519915733742037 0
2055 3.546069392035505 0.1367471155363346 0
2056 9.217869345378979 0.1422667815852693 0
2057 9.276843228693682 0.1245104711166572 0
2058 6.748211390730402 0.1395883009920593 0
2059 7.96510065935302 0.1398326233878766 0
2060 8.820165879067178 0.3604194448596179 0
2061 9.845048376146664 0.1321159721908336 0
2062 12.74254084674016 0.1338968903291356 0
2063 10.57295354477373 0.1360739351826626 0
2064 13.03938681796938 -0.1197903646858902 0
2065 12.999959265951 -0.1777586638536587 0
2066 13.02672505733714 -0.2411456753979349 0
2067 12.95941380894011 -0.2344721412800084 0
2068 12.93300297284904 -0.1695596849356824 0
2069 12.88978244222874 -0.2245231217285185 0
2070 12.9181335928175 -0.294242609286662 0
2071 12.84390046957149 -0.2826849920372768 0
2072 12.81940786722448 -0.2144867651466775 0
2073 12.77245859246443 -0.2706375119906266 0
2074 12.74814876621608 -0.2056036200477289 0
2075 12.7043823834926 -0.2602834345751893 0
2076 12.68088539108004 -0.1957625494065628 0
2077 12.63614497964876 -0.2475607961088501 0
2078 12.61308823720451 -0.1806323831476478 0
2079 12.56638363784952 -0.231747502968462 0
2080 12.54748423805374 -0.1627805679361691 0
2081 12.49010138591891 -0.2094045471694004 0
2082 12.52014890158307 -0.2880719808077785 0
2083 12.44709845220884 -0.2734017836645524 0
2084 12.41855793614754 -0.2089232320047162 0
2085 12.3773835625632 -0.2612860652048766 0
2086 12.35739223262909 -0.1952620792935931 0
2087 12.31162004301182 -0.2424243658418773 0
2088 12.29918114632236 -0.1759990267847199 0
2089 12.24155603481639 -0.2154892034514887 0
2090 12.2593740345445 -0.2983121373803012 0
2091 12.18926373584751 -0.2795292999451298 0
2092 12.16584587285448 -0.210019301870471 0
2093 12.11994620499273 -0.2644840260250446 0
2094 12.1005708355628 -0.1967937032988086 0
2095 12.05362724964969 -0.2462500592768491 0
2096 12.03715147675961 -0.1786092288176405 0
2097 11.98663533768916 -0.2239635637363873 0
2098 12.00559531663998 -0.2977340169912356 0
2099 11.9380672102723 -0.2765509331421891 0
2100 11.9201044509211 -0.2046606797017185 0
2101 11.86992725026512 -0.2546232236123267 0
2102 11.85263959344555 -0.1829302587466864 0
2103 11.79959022840011 -0.2288931537262471 0
2104 11.81829825309953 -0.3061350765103933 0
2105 11.7460261078714 -0.2813189474093741 0
2106 11.7315375632 -0.2064492250869716 0
2107 11.67813983918363 -0.252896101289509 0
2108 11.66655927609433 -0.1831558035608976 0
2109 11.61265518666966 -0.2233415348712141 0
2110 11.62487392052874 -0.2993453329025668 0
2111 11.55749450151822 -0.2706204192035048 0
2112 11.54598317871792 -0.1861353918140992 0
2113 11.48731067392887 -0.2379914539172059 0
2114 11.49840147295616 -0.319459412811201 0
2115 11.42880688931078 -0.2860400224704728 0
2116 11.42135235364013 -0.2095386661196449 0
2117 11.3637203995045 -0.2482043171811301 0
2118 11.36488813858718 -0.1781101410915525 0
2119 11.30132142783591 -0.2035039118101258 0
2120 11.30213684534404 -0.2865478419255548 0
2121 11.23834685221715 -0.2505130994010211 0
2122 11.23613930444447 -0.1814123091312368 0
2123 11.17514730423197 -0.2191448862094647 0
2124 11.17569332642922 -0.2921081604823578 0
2125 11.11428479428471 -0.2544711195674837 0
2126 11.11454703147411 -0.1846485941548042 0
2127 11.05535536847884 -0.2176883324004155 0
2128 11.05147075902929 -0.2886789291140429 0
2129 10.99219908829614 -0.2481696732759782 0
2130 10.98519428476411 -0.3220193045669714 0
2131 10.92415424190006 -0.276584937603531 0
2132 10.93627555191951 -0.2046884850664361 0
2133 10.86082242950939 -0.2213104329388384 0
2134 10.85355032010682 -0.3075033427137369 0
2135 10.79104207659508 -0.2617730608038386 0
2136 10.79181886388587 -0.1891837329812531 0
2137 10.73216429719459 -0.2205444733520643 0
2138 10.72375943931278 -0.2942148330769154 0
2139 10.66867542535123 -0.2489659330901041 0
2140 10.67898357214517 -0.1782809722702718 0
2141 10.61611911193066 -0.2051077136138547 0
2142 10.60324615972069 -0.2768794741185717 0
2143 10.55001836173669 -0.2289982531172182 0
2144 10.53584969664474 -0.3048333951631146 0
2145 10.48073645081343 -0.2508360850194609 0
2146 10.46561685095531 -0.3310720029684838 0
2147 10.41029694424442 -0.2754224786157529 0
2148 10.42533755139705 -0.2009518351717818 0
2149 10.35513720292353 -0.2201641488333887 0
2150 10.33917361254191 -0.2959591183768368 0
2151 10.2833136152844 -0.2364762950506364 0
2152 10.26637103229605 -0.3130485200494493 0
2153 10.21465899271811 -0.2566727552539007 0
2154 10.23186023008911 -0.1871638606861538 0
2155 10.16702043943722 -0.2058442098813554 0
2156 10.14676500213527 -0.2744760158345653 0
2157 10.09891031433243 -0.2205827531871218 0
2158 10.07689342883203 -0.2940907272284035 0
2159 10.02866632593012 -0.2336951759499397 0
2160 10.00276423552592 -0.3096475645859969 0
2161 9.95176248889959 -0.2385991291618996 0
2162 9.92790277961879 -0.321636367056933 0
2163 9.877685184486596 -0.2623425442418435 0
2164 9.893689871979952 -0.1934336012492423 0
2165 9.830470177485321 -0.2111446086682147 0
2166 9.807601621987985 -0.2815148985655739 0
2167 9.76132950711548 -0.2241192036566886 0
2168 9.734423426525407 -0.2977822473719394 0
2169 9.690174573684747 -0.2332125111158446 0
2170 9.658179261036477 -0.3058700748531107 0
2171 9.614506064477977 -0.2345567825849461 0
2172 9.58276807485473 -0.314277849859714 0
2173 9.539400760842076 -0.2548128252828122 0
2174 9.559052972429258 -0.1877945150756846 0
2175 9.49494138191759 -0.2012594897260462 0
2176 9.468515167493873 -0.2680892806638053 0
2177 9.426095522388632 -0.2114739483334322 0
2178 9.398201215387989 -0.2807040058052142 0
2179 9.356803063416656 -0.2260708390526455 0
2180 9.327113052915497 -0.2944881912269701 0
2181 9.284988831873507 -0.2337643852669977 0
2182 9.254068378817536 -0.3015731499263344 0
2183 9.210466274482741 -0.2404028164088355 0
2184 9.179631305633558 -0.3034742826979464 0
2185 9.134955707353017 -0.2472263052567048 0
2186 9.102870299278631 -0.3143108026708535 0
2187 9.062004869988744 -0.2544948808271818 0
2188 9.090795533529183 -0.1892820437298599 0
2189 9.023631897110732 -0.1982555313409002 0
2190 8.993265764541706 -0.2608651797216546 0
2191 8.958436670106803 -0.2046739882955348 0
2192 8.92458255898152 -0.2647718996541636 0
2193 8.886575418109473 -0.1975899261552848 0
2194 8.852610373457701 -0.2711664411613696 0
2195 8.809892730648444 -0.2114296867550871 0
2196 8.778469231699397 -0.2753008643898334 0
2197 8.738316043475731 -0.2181994375642887 0
2198 8.704347653709739 -0.2782732189774743 0
2199 8.667288205243736 -0.2224727839207322 0
2200 8.634281668231862 -0.2814932796079839 0
2201 8.594627452330208 -0.2133529652393573 0
2202 8.558583485932129 -0.2869561230394553 0
2203 8.514846426325871 -0.2291913739657566 0
2204 8.483819902266481 -0.2979007539195874 0
2205 8.442829228589527 -0.2391814879566728 0
2206 8.410002805113468 -0.3068831569987337 0
2207 8.37145001419 -0.2428380244084889 0
2208 8.33557966926095 -0.3098021461750263 0
2209 8.29329177818442 -0.23616533779452 0
2210 8.258522852332916 -0.3125426238813165 0
2211 8.217104158835141 -0.2503344583027356 0
2212 8.240753174247892 -0.1871895048710055 0
2213 8.17718855034518 -0.1943600541296284 0
2214 8.144443270112241 -0.2543339085303298 0
2215 8.10946043508843 -0.1959736906575482 0
2216 8.07469141865603 -0.2538334065198727 0
2217 8.039342142251225 -0.1971552086031823 0
2218 8.006102286751947 -0.2548976579651763 0
2219 7.969199893091845 -0.1966895452667552 0
2220 7.935366357370936 -0.2575930668421181 0
2221 7.894637115644739 -0.1891633476205373 0
2222 7.86358516039329 -0.2597515568573624 0
2223 7.821554393285247 -0.2009249754905761 0
2224 7.793736718073335 -0.2631536073572204 0
2225 7.753730818412755 -0.2042908676977891 0
2226 7.720626968693997 -0.2633274586848315 0
2227 7.684728610345053 -0.2029668183541337 0
2228 7.648364677372133 -0.2598380537643084 0
2229 7.61107706977369 -0.1946444491237964 0
2230 7.578062498196699 -0.2633720526605282 0
2231 7.540505899791245 -0.2079128009224396 0
2232 7.508870898159671 -0.2694142786029084 0
2233 7.468928490150152 -0.2098384335463093 0
2234 7.437099653158147 -0.2718268377832215 0
2235 7.397041826837366 -0.213116097277111 0
2236 7.365050576058616 -0.285504379511857 0
2237 7.324079295211247 -0.2188473162385085 0
2238 7.291005662206057 -0.2870928621406568 0
2239 7.253348092286892 -0.2221024575305817 0
2240 7.219853952168732 -0.2875338158414191 0
2241 7.183871259490606 -0.2207340752364798 0
2242 7.14791986607008 -0.2877587794055403 0
2243 7.109695637432639 -0.2116612171002262 0
2244 7.074626093514663 -0.2859369744039197 0
2245 7.035320271277794 -0.2234032425970581 0
2246 7.002288712875896 -0.2929187973887725 0
2247 6.964638473774174 -0.2270763063773497 0
2248 6.928278752706273 -0.293590517298787 0
2249 6.888943127107238 -0.2173770067235886 0
2250 6.853272318990066 -0.3000723657844844 0
2251 6.813302690332682 -0.2301426752380122 0
2252 6.778144893177663 -0.3050837071220579 0
2253 6.74113332813006 -0.2364253737968441 0
2254 6.705001857433023 -0.3056398228973437 0
2255 6.671180944017828 -0.2391475051482578 0
2256 6.632118117179907 -0.303826633282267 0
2257 6.597844544004716 -0.2285403572344102 0
2258 6.556875329723137 -0.3020511305847942 0
2259 6.517099740570059 -0.2383296560922308 0
2260 6.480446083730073 -0.3059160404008866 0
2261 6.444228154170347 -0.2437775388523343 0
2262 6.405978932872606 -0.308509454453634 0
2263 6.370549738820339 -0.2452735837499382 0
2264 6.33028857710242 -0.311223546422788 0
2265 6.290217950518981 -0.2417662728896439 0
2266 6.252829378239763 -0.3107212953155086 0
2267 6.216690391557379 -0.2387623979291493 0
2268 6.17761442160076 -0.309649945852732 0
2269 6.138204211987074 -0.246178432244549 0
2270 6.102866023764994 -0.3124733319807653 0
2271 6.064632685701891 -0.248340215344642 0
2272 6.027045123770436 -0.3155658525824849 0
2273 5.983083331750021 -0.2392241149096862 0
2274 5.948389125855596 -0.3150474281110039 0
2275 5.905233156515534 -0.2522068900785053 0
2276 5.871283386923824 -0.3174031686580422 0
2277 5.8309646415385 -0.2537774146461006 0
2278 5.86560351691211 -0.1917012181854742 0
2279 5.791723942894689 -0.1831058578148131 0
2280 5.758182802538728 -0.2527057103044726 0
2281 5.720846168149706 -0.1935661154653233 0
2282 5.687510733695159 -0.2538285025495638 0
2283 5.655147947443314 -0.1953897527663024 0
2284 5.618343081868993 -0.2526774071153122 0
2285 5.58904669065979 -0.1927878784973715 0
2286 5.549694837904291 -0.2505995223616153 0
2287 5.518980166542095 -0.1914837987990521 0
2288 5.479759597943302 -0.2500834152419491 0
2289 5.447790069452843 -0.1897506186606013 0
2290 5.411293589536442 -0.2462247619628737 0
2291 5.371173099622957 -0.1798669927008612 0
2292 5.342379920783817 -0.2438951530715148 0
2293 5.301817594973051 -0.1894809496343334 0
2294 5.27634709361519 -0.2467787359369809 0
2295 5.23723213124975 -0.1905856027220003 0
2296 5.20808663517175 -0.2475527575823193 0
2297 5.171146137835186 -0.1855441943355139 0
2298 5.136049736239591 -0.2424560005708564 0
2299 5.096255308914161 -0.1752479773007243 0
2300 5.066182609858997 -0.2404430488886062 0
2301 5.025118297194711 -0.1861692766329304 0
2302 4.995835083162649 -0.2449889769236884 0
2303 4.959326812110237 -0.1879004936874914 0
2304 4.928038860846174 -0.2442329094568411 0
2305 4.893950982244075 -0.1846258524531551 0
2306 4.860232186607957 -0.2426576596461471 0
2307 4.82798368180067 -0.1823122434367936 0
2308 4.79495760895972 -0.2387434413302446 0
2309 4.762280703099533 -0.1819383953741975 0
2310 4.728718350750286 -0.237062180845238 0
2311 4.69670334558286 -0.1794163981422697 0
2312 4.66160462717801 -0.2348593881128948 0
2313 4.630277684067908 -0.1758862424015407 0
2314 4.594240172701385 -0.2302567687736021 0
2315 4.562677449159637 -0.1735836959851822 0
2316 4.52655907620391 -0.2287723023219369 0
2317 4.494610652345129 -0.172940968886852 0
2318 4.458524406186349 -0.2290678194596432 0
2319 4.426528603110812 -0.1694914999919027 0
2320 4.387478456606459 -0.2255739165725343 0
2321 4.423688835839765 -0.2911685411785008 0
2322 4.351122241774986 -0.2856561372120726 0
2323 4.316766036364289 -0.2213910794387073 0
2324 4.278957924005018 -0.2815179978089163 0
2325 4.245610715115414 -0.2189909906551602 0
2326 4.205364970002572 -0.2765085735228483 0
2327 4.171797394899174 -0.2124723545986278 0
2328 4.130513599085031 -0.2708189324944473 0
2329 4.092751641928305 -0.2000625785641617 0
2330 4.058382219553611 -0.2682843585560409 0
2331 4.02169403325898 -0.2070699233962658 0
2332 3.988379455403733 -0.2643294197350559 0
2333 3.958095898405997 -0.2010549974799325 0
2334 3.919053875345074 -0.2569276465485956 0
2335 3.890424454950511 -0.1863972854357969 0
2336 3.848759234465865 -0.2533765988102966 0
2337 3.818658538632002 -0.1909154402871185 0
2338 3.777602832909964 -0.2491456393651388 0
2339 3.747575651406062 -0.1867341785256674 0
2340 3.708797701893576 -0.2431577802639278 0
2341 3.672621434503054 -0.1743540468324777 0
2342 3.641536949219947 -0.2429628196282717 0
2343 3.604354736521429 -0.1834783440303493 0
2344 3.574225794608365 -0.2433182916989485 0
2345 3.541048029216632 -0.1798442263473884 0
2346 3.505473283077856 -0.2343784859228069 0
2347 3.475223599405328 -0.1713833147799906 0
2348 3.434650027434556 -0.2255995448106467 0
2349 3.468669860069117 -0.2918017240146559 0
2350 3.399103790954471 -0.2872766719687221 0
2351 3.364648145404561 -0.2192376243873354 0
2352 3.330109632274038 -0.2847889683524417 0
2353 3.294829142239488 -0.2169323841943883 0
2354 3.257271948287787 -0.2798112386558336 0
2355 3.222485915172474 -0.2066101389027387 0
2356 3.181002035987858 -0.2670150809979458 0
2357 3.144691949055308 -0.1895861306608334 0
2358 3.109807669714988 -0.2532077986828216 0
2359 3.075022884824256 -0.1938130728661615 0
2360 3.043542425965942 -0.2484919152428156 0
2361 3.011187008737289 -0.1886254205216156 0
2362 2.975988261479095 -0.2443730288140954 0
2363 2.945118359780226 -0.1802711883708011 0
2364 2.905019841597718 -0.234674079109579 0
2365 4.694374807338918 -0.2984693684213439 0
2366 2.877437289600393 -0.1700296557109111 0
2367 2.833924257158147 -0.2234073994644698 0
2368 2.861814982128164 -0.2928968808357423 0
2369 2.789587523404467 -0.280538265724818 0
2370 2.763725323932951 -0.2117326375495971 0
2371 2.718821786819987 -0.2690305412859814 0
2372 2.692258868797572 -0.2037756526091727 0
2373 2.649815523194439 -0.2569610308641128 0
2374 2.625180497420828 -0.1911755417068469 0
2375 2.582136679421783 -0.244769987736343 0
2376 2.552128502620087 -0.1735755231173385 0
2377 2.513381928621451 -0.2323443151694107 0
2378 2.495236478472104 -0.1809371648643068 0
2379 2.445403473021854 -0.2107949573923226 0
2380 2.474952972867127 -0.2896355702681621 0
2381 2.402138729760107 -0.278275365233655 0
2382 2.372424664162395 -0.2068322207146808 0
2383 2.329640081970826 -0.2619873903466642 0
2384 2.307247860675008 -0.1948990383518691 0
2385 2.261112453178924 -0.2449203028379465 0
2386 2.246547822435136 -0.1785142541443512 0
2387 2.190951053021054 -0.2191241650078777 0
2388 2.21066054838382 -0.3017345495211763 0
2389 2.136631324480158 -0.2896119257941558 0
2390 2.114315259328605 -0.2149764241795455 0
2391 2.065694491046587 -0.2713431412331969 0
2392 2.046720202866244 -0.2022436720665626 0
2393 1.99814734201723 -0.2520309312820255 0
2394 1.981931370157913 -0.1834409436270295 0
2395 1.931595094272581 -0.2305426518638634 0
2396 3.613992436367137 -0.3164996820200055 0
2397 4.828055776238409 -0.2973674741422173 0
2398 4.960300049372863 -0.3099560630438282 0
2399 4.558824579355764 -0.2798724740406391 0
2400 5.104678091467463 -0.3055567589638518 0
2401 1.945905900626707 -0.3027015977060131 0
2402 1.878398170781674 -0.2804261249321922 0
2403 1.863831660458427 -0.2115642041949682 0
2404 1.810186966026562 -0.2602387379395729 0
2405 1.794903373940423 -0.1920731914537337 0
2406 1.741205458464967 -0.2391381398712634 0
2407 1.756747675881053 -0.310867287097364 0
2408 1.687643717602029 -0.2908940005378235 0
2409 1.673046049436263 -0.2174754228995138 0
2410 1.619419178913625 -0.2694681981936358 0
2411 1.606632457065478 -0.1981291578309822 0
2412 1.552670640516251 -0.2467412695677977 0
2413 3.014024363343426 -0.3092516298603009 0
2414 3.73587517920783 -0.3087100834455307 0
2415 6.035266905785126 -0.1877838324974509 0
2416 5.317821218251179 -0.3055850538203113 0
2417 1.541982323099544 -0.1761977885012302 0
2418 1.487790754989989 -0.2207340312196915 0
2419 1.496207783462309 -0.295358129912234 0
2420 1.430431714586907 -0.2646365951070587 0
2421 1.425289032768394 -0.190978667976423 0
2422 1.367950992480371 -0.2303334110786779 0
2423 1.371066494978354 -0.3022243123698686 0
2424 1.307120603920521 -0.2674930492623608 0
2425 1.307964053672614 -0.195128627043733 0
2426 1.238236049510565 -0.224841215991042 0
2427 1.247106820649961 -0.3112203390120276 0
2428 1.180017758390653 -0.2769604500628365 0
2429 1.168493588598169 -0.2057638065348688 0
2430 1.116676517648429 -0.2476104035798057 0
2431 1.110402949565873 -0.177694452511708 0
2432 1.056613600700948 -0.2148293061909008 0
2433 1.060097926893873 -0.2869204598766757 0
2434 0.9978309493516948 -0.249157295567447 0
2435 2.601807491663953 -0.3113696745123983 0
2436 0.9993240548847886 -0.1802448740526412 0
2437 0.9371064197742894 -0.2114296190412601 0
2438 0.9354287234384575 -0.2834046219869862 0
2439 0.8706546866409688 -0.2411135146577817 0
2440 6.168820045409086 -0.1810086435838553 0
2441 0.8675385560314403 -0.3164682107364684 0
2442 0.8035393001978985 -0.272235701895024 0
2443 0.8085707710132256 -0.1920600162287693 0
2444 0.7434142744255982 -0.2314353764033811 0
2445 0.7334957083389684 -0.3049287804643614 0
2446 0.6763363962674744 -0.2614209354984404 0
2447 0.6831858024938047 -0.1924401736344076 0
2448 0.616801850529811 -0.2177547299130009 0
2449 0.6079599749544281 -0.2915831877970915 0
2450 0.5487583661112372 -0.2444414998386109 0
2451 0.5399458999175498 -0.3191309071640817 0
2452 0.479533373923977 -0.2722920699717556 0
2453 0.4909091951088955 -0.1999900300630222 0
2454 0.4217266004286597 -0.2247149108078914 0
2455 0.4068844829700793 -0.3004488721721507 0
2456 0.351577394695088 -0.2488865461210633 0
2457 0.3315445678016358 -0.3278564000555032 0
2458 0.2820717434177568 -0.2729801920833599 0
2459 0.2964836286468316 -0.2015961841531553 0
2460 0.2318345357700553 -0.2242459063116103 0
2461 0.2138396967977169 -0.2918344437652207 0
2462 6.410802713166518 -0.1836929154662977 0
2463 8.405512066187125 -0.1826030939926214 0
2464 6.548751807753277 -0.175997098526651 0
2465 5.721094529469966 -0.3169255169830916 0
2466 3.880865013103194 -0.3248938263668376 0
2467 5.438292883845188 -0.3174833432845662 0
2468 3.134516037248178 -0.3220370320474504 0
2469 6.775766879913711 -0.1690645867635758 0
2470 9.24364953732082 -0.1721162422102076 0
2471 8.042612703390853 -0.3046926164774126 0
2472 8.537756973353972 -0.1631335107945386 0
2473 9.716078128433816 -0.1629862205005764 0
2474 5.579638685407252 -0.3092411372935688 0
2475 10.05066534504843 -0.1610479291592681 0
2476 8.961493082206193 -0.3232217277837342 0
2477 12.66121856990711 -0.3150917602021178 0
2478 6.998798176104793 -0.1668213267149587 0
2479 0.4361828834640504 -0.1570033293957313 0
2480 7.217972363868164 -0.1611215991006525 0
2481 7.757523849186082 -0.3217059742751454 0
2482 8.701660429225001 -0.1636974235005214 0
2483 7.544416244260328 -0.3349202752374058 0
2484 4.28262669311496 -0.1596545210540237 0
2485 10.566701923669 -0.163242872678861 0
2486 7.904157572592848 -0.3234567320728017 0
2487 0.2445459675475736 -0.1589190026328554 0
2488 0.1848276511082069 -0.1790017468984848 0
2489 1.632754411020057 -0.3438647304151133 0
2490 3.331013861284911 -0.1579815418189647 0
2491 12.13813876556555 -0.3370351217606264 0
2492 0.6271706611191588 -0.1507445085867416 0
2493 11.05882379961224 -0.1506902006129094 0
2494 7.430244033059614 -0.1449722268429717 0
2495 9.382899415650304 -0.1546663879061207 0
2496 12.40004460067043 -0.3318036164018615 0
2497 2.355201810561262 -0.333819859884121 0
2498 4.141904511582352 -0.15134108564012 0
2499 10.37263557148508 -0.1520848267225023 0
2500 12.7905174257091 -0.1524905591548362 0
2501 0.9444944674711211 -0.1439261452186344 0
2502 2.090770190583301 -0.1521841182907001 0
2503 1.659792225311355 -0.1463508021232832 0
2504 4.010099633529041 -0.3401881608261548 0
2505 7.657453024978733 -0.1457363369561039 0
2506 8.821025340697314 -0.3467972874143982 0
2507 8.835147306820296 -0.1482988034176624 0
2508 1.845723167846104 -0.1465409260265539 0
2509 9.853285764867804 -0.1473826685901481 0
2510 9.910425193244931 -0.1311317064207076 0
2511 2.731055623208489 -0.1504707726041572 0
2512 3.297966267750194 -0.3526827126576971 0
2513 12.14137339818061 -0.1484654030552001 0
2514 0.3035998580410484 -0.1348768406515621 0
2515 1.160138086677897 -0.1406703125415356 0
2516 9.439933308953137 -0.3369565447767016 0
2517 11.41385823647106 -0.1434156384266537 0
2518 0.4953716626977432 -0.1340720119812766 0
2519 10.43576231127757 -0.1341134936813452 0
2520 7.41228009866547 -0.3546840197703787 0
2521 2.345231796132015 -0.1447944611408049 0
2522 7.938604521422023 -0.1396755077869201 0
2523 2.082510824190981 -0.3465479380957089 0
2524 12.39535539673232 -0.1499785583673769 0
2525 3.990872014558173 -0.1495332138652073 0
2526 7.78143116674617 -0.1472542964159184 0
2527 10.18647675441711 -0.1418274134268178 0
2528 10.12761610093096 -0.3452783636262166 0
2529 8.986842673246818 -0.1488195497166751 0
2530 3.196559919046134 -0.1421437903085516 0
2531 1.782997312403268 -0.1290482219729547 0
2532 9.520155560255143 -0.1405239233902106 0
2533 9.57865836955 -0.1273963377544165 0
2534 11.71282389859886 -0.1402462064415355 0
2535 11.90263404982528 -0.1398857478842633 0
2536 12.79663931254089 -0.3426824672947711 0
2537 2.743514380739183 -0.3379898718296364 0
2538 8.145884234591239 -0.1402799981002834 0
2539 5.687579837760227 -0.1401033557172536 0
2540 11.95817058653424 -0.3522179404677324 0
2541 10.24205624448321 -0.1228118501496967 0
2542 3.849818946408794 -0.1358836624751881 0
2543 5.839354248941214 -0.1360843104273044 0
2544 5.897166514991399 -0.137826260680059 0
2545 0.2149545599919543 0.2505484722712447 0
2546 0.2039196966909234 0.182898513189057 0
2547 0.2242450785678044 0.3239744935229075 0
2548 0.2494778979615242 0.1390847096369267 0
2549 0.6880968499384166 -0.1287422273781505 0
2550 7.652770191182201 0.3405770238204065 0
2551 10.60343610307044 0.3549744818892038 0
2552 11.84387254334658 -0.1199326528644135 0
2553 8.679766556624216 -0.3489303208040662 0
2554 7.027342533185278 0.1382457983784832 0
2555 7.093514968632517 0.1317001767517436 0
2556 5.41992433639555 -0.1342410906339279 0
2557 1.007343267542841 0.13593132964943 0
2558 0.9469434767661353 0.1266459384208826 0
2559 13.87836053314232 0.07077902576700157 0
2560 11.6851756354241 0.138377575384681 0
2561 10.87817909944236 0.1211471987878653 0
2562 0.1915219001808303 0.12148867081513 0
2563 3.045484116375764 -0.137304359219767 0
2564 3.429706581482386 -0.3494389919188116 0
2565 2.049766150081497 0.1259511059144511 0
2566 3.407514827026473 0.1384125232938457 0
2567 7.25461585272863 -0.3435565696080143 0
2568 11.83613533002558 0.3554432160488382 0
2569 3.277885390791207 0.1276557263286286 0
2570 9.786431583111312 -0.3631457916042085 0
2571 0.6818416824908948 0.1326588248824124 0
2572 0.6249657285161245 0.1179005077924172 0
2573 5.560934899958667 -0.1296992343346008 0
2574 10.69439380437687 0.1189481075975052 0
2575 12.65994946973419 -0.1345659777455654 0
2576 10.98999856478197 0.3554630581441703 0
2577 3.718884411771281 -0.1284914883154182 0
2578 2.601990633139633 -0.1304360076459774 0
2579 5.142278154643313 -0.1316074953139 0
2580 10.59158817031471 -0.3542343808928695 0
2581 4.165461308294964 -0.3355342790328492 0
2582 10.79704099554569 0.3596870737546372 0
2583 5.262666720590963 -0.139206516925434 0
2584 9.943350668796862 0.3650786090641971 0
2585 11.75996138717623 -0.3646272632450514 0
2586 0.9389562609236344 -0.363034751494025 0
2587 4.313295466498525 -0.3426541365030715 0
2588 3.067321779568073 0.1308176435413393 0
2589 12.60241798866068 0.129876080760673 0
2590 1.190411084445807 -0.3593058615102279 0
2591 11.65378317355605 -0.1213673860282743 0
2592 3.502910248947821 -0.3673951740437861 0
2593 7.111649046409753 -0.3573096938665717 0
2594 1.225148321787136 0.3744735311662709 0
2595 4.862034100102973 -0.1187102716139039 0
2596 1.685572544351349 0.3479769459518672 0
2597 7.495302605784039 0.365691604054329 0
2598 5.432831525803865 0.3588881803747009 0
2599 1.912585435332698 0.133853663790949 0
2600 12.01543695672771 0.127367878716201 0
2601 11.95450974902406 0.1143162333542109 0
2602 11.43536160779331 -0.3723140556598904 0
2603 4.986927312171874 -0.1354444770376538 0
2604 8.525149852846234 -0.3576096645053655 0
2605 11.11328853420478 -0.1184312894224758 0
2606 1.328288946073067 0.1267994505414292 0
2607 1.268171740250279 0.1183461948490243 0
2608 2.580605408417659 0.3476949450259521 0
2609 5.275253947439833 0.3514682004109138 0
2610 11.36335315560862 -0.1184939683272804 0
2611 12.37088311856514 0.3590265972349558 0
2612 12.44978935894784 0.3633924426666478 0
2613 2.934171586699824 0.1355826070097377 0
2614 3.573421334099734 -0.1252327125901791 0
2615 8.337991037627891 0.348705052285447 0
2616 10.0378520720834 0.1184239890336495 0
2617 13.94407894994225 -0.05975982656737489 0
2618 2.718873943215941 0.1181699086585487 0
2619 1.892677085237512 -0.3492965762156608 0
2620 4.600554387069995 -0.1138563127358046 0
2621 12.4684910906004 0.1250017516998527 0
2622 12.41235384252227 0.1144731979230009 0
2623 4.730957047510492 -0.126722581097553 0
2624 5.059657638674521 0.3645422373835966 0
2625 11.05218556019376 -0.3704968922285654 0
2626 2.918788269997521 -0.1208522539557101 0
2627 2.855805381326928 -0.1108407921546627 0
2628 10.3241428836869 -0.3770915861997504 0
2629 10.52129087630336 0.1124095092073315 0
2630 1.785574998335091 0.120388903025902 0
2631 1.726200675652739 0.1105260927903115 0
2632 1.107628105491692 -0.1152380766346676 0
2633 1.300681848390049 0.3724426931044995 0
2634 1.004602711669074 -0.1146842927046582 0
2635 0.1961915866380992 -0.1165606524208192 0
2636 0.1407969806492756 -0.1377089037954313 0
2637 0.1263522882048218 -0.1967796809045163 0
2638 4.463423379219886 -0.1170703894910277 0
2639 4.399778446608961 -0.1144103344407002 0
2640 9.298268892402652 -0.3703625511372998 0
2641 7.344111592805262 0.3750492625920623 0
2642 6.968802023378466 -0.3695579228503563 0
2643 11.05826426996538 0.3786826679555371 0
2644 6.740152826188799 -0.371295502970562 0
2645 12.02621092171178 -0.371579037018956 0
2646 0.6006225705299032 -0.3727016291303423 0
2647 9.755350733668164 0.3801462794887707 0
2648 4.621247654595284 0.3776123758084767 0
2649 10.67653018704857 0.3730041038563838 0
2650 13.16919103627761 -0.2616538541413034 0
2651 13.24880940564318 -0.2692583472744328 0
2652 8.378213156094727 -0.3751907051230942 0
2653 4.755054982923735 0.3731030521194255 0
2654 4.911558706872264 0.3709680534845913 0
2655 9.347991670179818 0.3741276319508386 0
2656 8.666667958743297 0.3688689474697188 0
2657 14.03171917021289 0.07022285327784587 0
2658 14.097886792434 -0.06719429195074419 0
2659 14.1961055162481 0.06494157713719634 0
2660 6.59452499211268 -0.3695207682260604 0
2661 6.36917910482342 -0.3760583812121433 0
2662 9.6244075959968 -0.37649747433147 0
2663 8.189321281701327 0.3679119231574601 0
2664 0.8926505549425497 0.3715571018395092 0
2665 9.553081562157381 0.3677094817338741 0
2666 1.960196715577123 -0.3801423912001656 0
2667 4.38239466493897 0.382184736442947 0
2668 9.800054264227633 0.0964264606626242 0
2669 9.978605197106182 -0.3889166132237288 0
2670 0.3889530998637768 -0.3832674713627159 0
2671 0.4462442338438158 -0.09256699360042156 0
2672 9.610434264398123 0.09775750149403573 0
2673 0.9726720413977106 0.3843862647394568 0
2674 11.84330176222744 -0.378599070872491 0
2675 9.420343496071375 0.09486230964511229 0
2676 6.208024582664568 -0.3818885957312817 0
2677 9.013052085466018 0.3846070088275039 0
2678 3.777220171041638 0.3878485904292727 0
2679 7.187557734400106 0.3792845281531923 0
2680 11.06069960685745 -0.08971015607421741 0
2681 11.00886383047191 -0.1153521405391662 0
2682 10.86676963389887 0.391430318116246 0
2683 0.1478902213241268 0.1596129805417011 0
2684 0.1398357029360057 0.1002119266960053 0
2685 0.6376227573999721 -0.09120684487306747 0
2686 10.38803566116046 -0.09298024609410947 0
2687 9.145763132025479 -0.381600787423973 0
2688 2.659951556902241 0.3645257031528733 0
2689 1.771905912190222 0.3636276620313547 0
2690 10.24144635252867 -0.3877040795442181 0
2691 5.992157362466896 -0.3872632870042041 0
2692 13.35940746175842 0.1300810662322172 0
2693 8.907819102473619 0.09029073186180854 0
2694 8.850779035570367 0.100782032030837 0
2695 9.882495085429507 0.3882697578668446 0
2696 9.06543969946174 -0.3793151282793553 0
2697 9.87714160294354 -0.09105814559669573 0
2698 9.818758629048626 -0.09945321389659323 0
2699 12.94777013243063 0.1517898640008569 0
2700 12.90274674802069 0.09634538805555062 0
2701 12.84188973829455 0.09606264873386362 0
2702 4.071112243112361 0.387956001812042 0
2703 1.823429623341934 -0.08819050866398118 0
2704 1.878131164678352 -0.09772718275614853 0
2705 4.234900517685417 0.386580154291444 0
2706 9.36635803608344 0.1083034259679461 0
2707 10.33154951621007 -0.1053957073012259 0
2708 5.871611929017758 -0.09003140109920761 0
2709 5.818110424927074 -0.08783578865582133 0
2710 5.926276049192585 -0.08940923555442382 0
2711 9.562782162416143 0.1170668021845967 0
2712 0.3984228440438002 -0.1199011788937446 0
2713 0.9564310947438989 -0.08194032965569978 0
2714 0.8895468434590929 -0.1021233758179315 0
2715 7.05687069714322 0.07962001575863935 0
2716 6.99590460263716 0.09482077218789642 0
2717 5.953424040768601 -0.1347824841346526 0
2718 9.261482722898867 0.3900250880432741 0
2719 9.75275840474499 0.1160768401105273 0
2720 13.02829875388081 -0.4427779961779555 0
2721 8.591317833802197 0.3879320995870504 0
2722 9.990380817320194 0.08587217379501262 0
2723 0.5850298594752833 -0.1072890726996552 0
2724 8.961764543547979 0.07896692409282619 0
2725 9.004161450507226 0.1213740798297466 0
2726 9.235747282961462 0.08456738613480042 0
2727 9.178264443196566 0.09576594849955018 0
2728 0.1643277383039213 0.2962673410424781 0
2729 0.1758133981312313 0.3734601657696596 0
2730 11.69168647816105 -0.08395021993415082 0
2731 11.74750149516209 -0.09417407857528386 0
2732 1.260473444744955 -0.3973238354115839 0
2733 9.900969115797807 -0.3963866070486655 0
2734 7.123110253999308 0.08155023066325499 0
2735 7.150780719628811 0.1222786465275811 0
2736 0.1485763281127991 -0.08077049688761764 0
2737 0.09875711564725537 -0.09943544814563111 0
2738 3.926032583344787 0.378685574018951 0
2739 12.960748024377 0.08679816864158779 0
2740 9.54469862213476 -0.08441183559946902 0
2741 9.487386150216619 -0.09309849708488604 0
2742 13.85256049837575 -0.1797648931488962 0
2743 5.983342854677971 -0.08990620868472828 0
2744 9.935998014749295 0.1048953953565309 0
2745 11.50569258888171 -0.3923411367164746 0
2746 10.73757893747738 0.0837933090770526 0
2747 10.79192688757916 0.09857681506279206 0
2748 11.88706440263779 -0.08300058882822886 0
2749 11.94045984717594 -0.09544903324058419 0
2750 10.44400199512733 -0.07663975167538392 0
2751 10.48710626086556 -0.1089343241881987 0
2752 11.40353289784508 -0.08442385528628825 0
2753 11.45748655122964 -0.1039627576184387 0
2754 10.20481867407771 -0.0849696688604788 0
2755 10.14965359477763 -0.09583243001232779 0
2756 10.91687478918586 0.0830989232274888 0
2757 10.97155329523175 0.09212112512271754 0
2758 14.28711228415473 -0.07478809283288537 0
2759 1.154772586953923 -0.0845539126837126 0
2760 1.213103983355055 -0.1069745474374048 0
2761 9.660954081655033 0.07326283890646459 0
2762 0.2299462529297356 0.08340980302385438 0
2763 0.2862302999647728 0.09548809912395585 0
2764 0.9862334871680474 0.0828667264384048 0
2765 1.037639447525385 0.08584211844483727 0
2766 10.56537141803427 0.08155478021264466 0
2767 10.60772034178266 0.1017676072941922 0
2768 9.931077701158152 -0.07905782939830788 0
2769 9.970019586366046 -0.1225195461926975 0
2770 9.550017380076401 -0.3883116656691984 0
2771 9.467932012219759 0.07556213212211266 0
2772 0.9287193018080191 0.07331528826464052 0
2773 0.5078047978118155 -0.08045556107619509 0
2774 13.04907292508266 -0.362119661401889 0
2775 12.96168282336881 -0.3715292386088538 0
2776 11.99518515331499 0.07388819985815975 0
2777 12.05314571325906 0.08147058557145635 0
2778 8.93527954798834 0.3967806456464407 0
2779 9.601022437405218 -0.07609643025671717 0
2780 9.637563593569867 -0.1214382339148526 0
2781 13.30027341007374 -0.1920110154924768 0
2782 13.33817570941317 -0.2835033673205462 0
2783 1.310743001440165 0.07390866923711609 0
2784 1.359921486669306 0.07799006340819487 0
2785 13.2756020492807 -0.3411913977227199 0
2786 0.6644298240664996 0.07980460863531924 0
2787 0.7155016976026027 0.0870450797443432 0
2788 0.8613876730685317 -0.3929131054860034 0
2789 12.92066010225443 -0.4227775672089252 0
2790 9.855555466163912 0.07485480066523931 0
2791 11.78587540540913 -0.1523805254712907 0
2792 9.481408479396508 0.384753156819119 0
2793 13.01320995157926 0.1779661797514415 0
2794 9.28800969025392 0.06901828697857992 0
2795 7.173313332518502 0.08105261758048218 0
2796 9.679418492791438 0.3884482261172444 0
2797 0.8926991343668679 0.1119721978125607 0
2798 10.82046652897062 0.1541376216207285 0
2799 13.17635799351038 0.3450224416797957 0
2800 0.6936728447083597 -0.07288896710825983 0
2801 0.739644987654568 -0.1006291303058175 0
2802 1.056090563569142 -0.1479463998171214 0
2803 1.057971959102479 -0.0849873968081528 0
2804 0.5275231305978842 -0.3886516015513038 0
2805 1.771790185359957 -0.06982180510508383 0
2806 1.732914862469566 -0.1071843544215001 0
2807 10.63618684423233 0.150744437949016 0
2808 11.75133797580112 0.1379761375226157 0
2809 11.79583186844678 0.09487690840582189 0
2810 11.74775055533257 0.08294520405347812 0
2811 11.8546967337371 0.1016184553494455 0
2812 0.05624008267666071 0.05304741838955516 0
2813 2.664954458205873 -0.143283391645086 0
2814 2.69942654274912 -0.09550590346973763 0
2815 2.760007963278683 -0.09795417249558065 0
2816 2.639814583919097 -0.08833647183475485 0
2817 2.584911309387388 -0.07492509826265595 0
2818 2.544954447282742 -0.1113200193096466 0
2819 2.488006845949881 -0.09091312388527406 0
2820 10.97646615981214 -0.3946787173045519 0
2821 12.72359851018409 -0.1459290848143953 0
2822 12.76297512869542 -0.09721928071495534 0
2823 12.82186442046408 -0.09856450983141099 0
2824 12.69981861727058 -0.09143383002812985 0
2825 12.646420880884 -0.08358572291769828 0
2826 12.59588518178197 -0.1100522961589583 0
2827 12.53189623165887 -0.1033766781429114 0
2828 12.4870232454992 -0.1391487940980152 0
2829 12.47617025653725 -0.08534578524741887 0
2830 3.263590431987568 -0.1534053014852592 0
2831 3.298851847427013 -0.101576840142554 0
2832 3.359278911417248 -0.1019452280255769 0
2833 3.237731334838622 -0.096423278387544 0
2834 3.178496630569411 -0.0867863361573955 0
2835 3.139068700333113 -0.1214488546977543 0
2836 3.133829360165127 -0.07396879361150864 0
2837 12.22113693067963 0.1503166032457672 0
2838 12.26215196174098 0.1003040224375314 0
2839 12.31974235078246 0.1026786373090605 0
2840 12.20073272693663 0.09368643373808916 0
2841 12.14541237096353 0.07649125153036376 0
2842 12.53111241902273 0.1189025357041246 0
2843 12.57009735985046 0.0790496893526416 0
2844 12.63146749472889 0.07925873473673403 0
2845 12.52319936646327 0.07362532135738431 0
2846 2.410334569749004 0.1559886303240688 0
2847 2.450516413554724 0.1025274187817324 0
2848 2.503566289445905 0.1058243602395816 0
2849 2.378534527985273 0.1007350326172529 0
2850 2.325972380449346 0.09970210128056455 0
2851 2.285632480741138 0.1273372080873809 0
2852 2.983269562470903 -0.1310096424428339 0
2853 3.020698776776709 -0.08690772707441888 0
2854 2.958168321766542 -0.08027484161310092 0
2855 3.787636488508093 -0.1348086609967865 0
2856 3.822957449070862 -0.08807888952066345 0
2857 3.879761539551904 -0.09167948909016781 0
2858 3.758897571341714 -0.08283779712780318 0
2859 3.699878830039219 -0.07308696793929592 0
2860 3.663836527388074 -0.1052019871020995 0
2861 5.485609626676723 -0.1366036526249436 0
2862 5.514917836047886 -0.08607798059679221 0
2863 5.562683896782666 -0.07769529823961946 0
2864 5.451110451663298 -0.08836919272468757 0
2865 5.393445051334911 -0.08656538817166584 0
2866 5.369109016657359 -0.1249288261467409 0
2867 2.898652528345805 -0.05788762477727143 0
2868 2.88529098620222 0.04267067161146775 0
2869 2.997257778907326 0.1344494189086168 0
2870 2.968014390624616 0.0880200706539678 0
2871 3.027717437055415 0.08438024075061143 0
2872 3.082157707986099 0.07178219514789898 0
2873 3.116355660028899 0.1034796676364158 0
2874 3.340824035087863 0.1364800763874071 0
2875 3.371800267721947 0.08838697136298432 0
2876 3.43527282259861 0.08598717616547724 0
2877 3.313314543451157 0.08404398995403263 0
2878 3.258542567039812 0.07018801963165065 0
2879 3.220203464725724 0.1112346551940737 0
2880 4.214638931681371 -0.1571119667150298 0
2881 4.249224281726199 -0.09494814809532687 0
2882 4.309695439100989 -0.1035472263244062 0
2883 4.183017879485008 -0.09976079307416343 0
2884 4.121821188302921 -0.09327163978240527 0
2885 4.083272588999058 -0.1313641884184591 0
2886 4.073556580755376 -0.08311529248539158 0
2887 4.354800187568902 -0.1569529133295371 0
2888 1.534449797122293 0.1486505972983266 0
2889 1.574036244542555 0.1004623036499088 0
2890 1.632197219665745 0.1004444685638877 0
2891 1.513976425063081 0.09242189851580318 0
2892 1.456609048301865 0.07666694384639723 0
2893 1.848771956655762 0.1277821437808804 0
2894 1.882077880636666 0.08213768702970992 0
2895 1.941127864278098 0.08513324292478022 0
2896 1.820455898229587 0.06728658011200885 0
2897 5.202485251122111 -0.13732465941128 0
2898 5.228271787028788 -0.0907584226087193 0
2899 5.171588460205775 -0.08816044356200428 0
2900 5.118239023809371 -0.08283829876942525 0
2901 5.093954745914806 -0.120529398571181 0
2902 5.285086955111208 -0.0905367708243506 0
2903 2.121310548515145 0.1393933523651447 0
2904 2.156863774377484 0.09208287228384755 0
2905 2.09688023008086 0.0844296519236933 0
2906 2.048246168178225 0.07309282601399517 0
2907 6.326551700437407 0.149428147476042 0
2908 6.291231294603314 0.08738952238751259 0
2909 6.225205174634158 0.09400507778366787 0
2910 6.357532306548454 0.09611771359980455 0
2911 6.421557547446593 0.09256601139157501 0
2912 6.455298143850919 0.1371466166063239 0
2913 6.513949460856743 0.1430450382934499 0
2914 6.478525094140473 0.08601920700140359 0
2915 6.537599847038402 0.08591386740000607 0
2916 6.179795843423409 0.1446926505595627 0
2917 6.170676415284928 0.08105865731475609 0
2918 4.529778786238131 -0.1198495360896685 0
2919 4.498291090200151 -0.06643065667772741 0
2920 4.665886122715118 -0.1233448906602791 0
2921 4.700318932143208 -0.07755482193261556 0
2922 4.766188987452084 -0.07070746511933181 0
2923 4.636505339916177 -0.06663298765202254 0
2924 4.343262346689023 0.1827787233635386 0
2925 4.375526879985467 0.1267658925210373 0
2926 4.437260521463515 0.1098052827058923 0
2927 4.31097863546769 0.128964143080395 0
2928 4.248540429025898 0.1224124432230659 0
2929 4.208214684171597 0.1665801631725873 0
2930 4.187852692886773 0.1109469604907506 0
2931 4.148549806660008 0.1516146058149467 0
2932 4.130061431120096 0.09904288543933359 0
2933 4.477495012668358 0.1665753373070433 0
2934 4.504451944331136 0.1102277444085449 0
2935 4.542445854341214 0.1658456502858875 0
2936 4.563093178296279 0.1034031313383743 0
2937 4.341917956853164 0.08160270913027322 0
2938 4.283084736610979 0.08048411994562804 0
2939 3.961675628916022 0.1902645338945007 0
2940 3.991899629878598 0.1338731699574202 0
2941 3.928966487877049 0.1336414818027723 0
2942 3.865446499464545 0.1270993823747713 0
2943 3.824869957376832 0.171819963932086 0
2944 3.804147844768718 0.1148185933477217 0
2945 3.767445298352696 0.1540277619251401 0
2946 3.75180911232132 0.1013855943023236 0
2947 3.960539228065683 0.08648182557452469 0
2948 4.019940377387938 0.08407152776621496 0
2949 3.842152011197926 0.07569619795109728 0
2950 4.926090197132044 -0.1319415802667294 0
2951 4.95436695804583 -0.08617619769268099 0
2952 4.899934943717147 -0.07879224795150241 0
2953 5.01047893833099 -0.08748863847063582 0
2954 4.945190192935947 0.1729200602517115 0
2955 4.976709715158772 0.1179233522181557 0
2956 5.038878892652822 0.1104079732489415 0
2957 4.913518456106676 0.1185295404272438 0
2958 4.851012828023877 0.112883002555603 0
2959 4.811836983131204 0.1566228601104045 0
2960 4.790658913070672 0.1030311523030223 0
2961 4.753484536333384 0.142604254666885 0
2962 4.731457708929135 0.0925526592569012 0
2963 5.077442840362488 0.1568752292212966 0
2964 5.100567135333613 0.09513870958335177 0
2965 5.141562767086373 0.1613634308686139 0
2966 5.164822988116473 0.1011413620862597 0
2967 6.683203740804084 0.1432100543824915 0
2968 6.710454421663756 0.09175790796216518 0
2969 6.770619008044759 0.08718713920412891 0
2970 6.651098918518331 0.09135640568520517 0
2971 6.807162946373239 0.1282080643433082 0
2972 6.834952149325366 0.07935200254903454 0
2973 7.718692720645483 -0.1490018640964708 0
2974 7.746581447800388 -0.09718261550815316 0
2975 7.804609408726877 -0.09520412524904144 0
2976 7.688359889342057 -0.09712855445023841 0
2977 7.633211394853731 -0.09500010660420566 0
2978 7.842205380394685 -0.1419361772319935 0
2979 7.859537934152891 -0.09061732079517787 0
2980 11.94085322804968 0.05272574797307758 0
2981 6.480491721581966 -0.1809435932251116 0
2982 6.514990541202661 -0.1272323899357668 0
2983 6.573421356566 -0.119851606028659 0
2984 6.448628706741109 -0.1203341258170931 0
2985 6.379135851169275 -0.1291568741901981 0
2986 6.608662942594266 -0.1610849886437279 0
2987 6.629404925765042 -0.1067944796580234 0
2988 6.654964400934448 -0.1448064765610857 0
2989 6.685454883938779 -0.09631788939270851 0
2990 6.40846753542994 -0.08010126827833186 0
2991 6.349244896998439 -0.08241029194554757 0
2992 6.31588914759058 -0.1257308656438255 0
2993 6.28783007640913 -0.07839507349570166 0
2994 6.2570673221636 -0.1210749704533909 0
2995 6.225511030735097 -0.06781364904092679 0
2996 6.460128135417301 -0.07068691093950949 0
2997 6.10134287934032 -0.1888359226667613 0
2998 6.131641340550371 -0.1325398674445216 0
2999 6.069518231175879 -0.1372088956130769 0
3000 6.097744390800727 -0.08801982916265932 0
3001 6.153173318763216 -0.08284970751342326 0
3002 6.199288956870838 -0.1173842702660916 0
3003 0.2543385450813397 -0.09723268536329321 0
3004 0.3100964912060298 -0.07709208215473295 0
3005 0.3109408121585511 -0.4014353654078663 0
3006 7.443376803075937 0.1711955006044708 0
3007 7.407554025270263 0.1139818343189739 0
3008 7.340310184157141 0.1150630908698202 0
3009 7.471873546922717 0.1099699175767076 0
3010 7.532734481522976 0.1032689663387057 0
3011 7.570967781675886 0.1472815688087297 0
3012 7.588145535357199 0.09650228719448281 0
3013 7.438714361286003 0.05575647308709681 0
3014 7.442168686872817 -0.04833683839819561 0
3015 7.293772740159118 0.1712776487810492 0
3016 7.27185748922093 0.101562222357404 0
3017 8.471344157455029 -0.1756725244578281 0
3018 8.433172932610285 -0.1255779338762249 0
3019 8.372791526473092 -0.1299556697220029 0
3020 8.494828833870411 -0.1172150901583469 0
3021 8.55227653835909 -0.1033386479064676 0
3022 8.598618431783233 -0.1400304630394756 0
3023 8.601880481022405 -0.08086354922605671 0
3024 8.399562730391779 -0.07921601556579136 0
3025 8.343440743139849 -0.08428885035886942 0
3026 8.31545609509684 -0.1295424471685016 0
3027 8.287728919630608 -0.08610650986714127 0
3028 8.768238010328071 -0.1580226478420838 0
3029 8.794027017217605 -0.1006908771073343 0
3030 8.85449237384619 -0.09180320801640765 0
3031 8.730364846546168 -0.1058311567639093 0
3032 8.895823850904932 -0.1302966508379413 0
3033 8.912162107711438 -0.07907023349669653 0
3034 5.627561172525933 -0.1393752572530764 0
3035 5.662100006592986 -0.08956614882680247 0
3036 5.714265477603425 -0.09004018279205042 0
3037 7.733831960418918 0.1526976124880759 0
3038 7.763816936364376 0.0988929748580604 0
3039 7.822257159602721 0.09351316850177405 0
3040 7.700447744111114 0.09178330745059413 0
3041 7.861943427787647 0.1399511909488718 0
3042 7.883756227663208 0.07980906928056848 0
3043 3.937855006136217 -0.1425613732446964 0
3044 3.967266787090353 -0.09319181315035352 0
3045 3.481347820234729 0.1327751738091247 0
3046 3.496112276174256 0.07294265558844787 0
3047 3.551331651888096 0.08118417166719014 0
3048 4.431029396712018 -0.06545749083385977 0
3049 4.376358810641664 -0.05667315089406873 0
3050 4.424671729375205 0.04745336823056683 0
3051 8.275558272530251 0.1630747823731614 0
3052 8.238831944051066 0.1081838196676327 0
3053 8.176979285322421 0.1075155415356804 0
3054 8.30024568174699 0.1037570683244768 0
3055 8.358915384942968 0.09560494845701398 0
3056 8.400530497176355 0.1370522098484155 0
3057 8.410781317965636 0.08338605432388138 0
3058 8.264648977970694 0.05245653604893008 0
3059 8.206766241633122 0.05341256172220885 0
3060 8.204770849860877 -0.04393503576974134 0
3061 8.149162465240382 0.05231947308072105 0
3062 8.11740588522907 0.1027061363594716 0
3063 8.142196159112306 0.1583632423830533 0
3064 11.83255392716144 -0.0552617678126819 0
3065 9.165503885899014 -0.1842625330965593 0
3066 9.124054183286965 -0.1320278243198852 0
3067 9.189102079421449 -0.1245199666540177 0
3068 9.244880416892567 -0.1053721568633768 0
3069 9.28908493038311 -0.1351637213881252 0
3070 9.30435514818236 -0.08681787593046052 0
3071 9.155471562990162 -0.08160352007437269 0
3072 9.093006166576632 -0.08110133656241024 0
3073 2.225753630767468 0.0966479961470989 0
3074 4.850964365796787 -0.0598987228451697 0
3075 1.253195252971475 0.05461958958725621 0
3076 1.207645171786816 0.1073114551888715 0
3077 10.30006592258036 -0.1600903391336477 0
3078 8.672446938185102 0.1766772769620632 0
3079 8.633635233393013 0.1248145197251919 0
3080 8.699008644074016 0.1171513560389007 0
3081 8.75529749561397 0.10154645039292 0
3082 8.663198528696142 0.07650757806759428 0
3083 8.602225458958127 0.07738709362148426 0
3084 8.572032570887536 0.1215753073047595 0
3085 8.545440176776252 0.07176778134617987 0
3086 6.542809520322598 -0.079842868134336 0
3087 13.80317849732097 0.191364063447231 0
3088 9.334197561778925 0.16067219712884 0
3089 12.80977423504974 0.1461192840671769 0
3090 12.78361585416327 0.08960321169527169 0
3091 12.73435871882238 0.07356213943660539 0
3092 12.6796248049132 0.1313495760807424 0
3093 1.592884325251384 -0.1325414673081688 0
3094 1.532430828868181 -0.112143341954542 0
3095 1.635837064315793 -0.08815489477210714 0
3096 1.580900715999496 -0.07528522082656963 0
3097 10.09267189593936 0.1532366894917209 0
3098 10.15233719264543 0.1200286824835055 0
3099 10.21155037917909 0.1528899185243116 0
3100 10.27164857692825 0.1195008430221486 0
3101 10.21206244267148 0.08253836957630224 0
3102 10.32901604770425 0.1511019618625806 0
3103 10.37845518951012 0.1157117217670392 0
3104 10.32737842875851 0.09000583521651324 0
3105 10.43321930085905 0.134497962650192 0
3106 10.41965191157404 0.08005570461261582 0
3107 10.09435652687203 0.08251613719373513 0
3108 12.08312483615511 -0.1355235803961878 0
3109 12.11948288270479 -0.09289984199822734 0
3110 12.17685093375385 -0.1002018155655505 0
3111 12.02747904637168 -0.118316227113578 0
3112 12.06709329288179 -0.08195394547400264 0
3113 12.20236502614553 -0.1553541766373438 0
3114 12.23451916151632 -0.1049188800984026 0
3115 11.17187251655396 -0.1517160345359896 0
3116 11.22399515235808 -0.1159243001596324 0
3117 11.27873240401856 -0.1377124802450895 0
3118 11.26847179450568 -0.08173256837974535 0
3119 11.16811777261038 -0.09073482813832415 0
3120 8.799498761404063 0.1378156344876759 0
3121 2.029462563373754 -0.1394864746249117 0
3122 2.072114680553738 -0.09561009091154783 0
3123 2.129732886814078 -0.1026166648507608 0
3124 1.970989807443558 -0.1206988675061225 0
3125 2.013889380047082 -0.08320268290071767 0
3126 2.152275549640599 -0.1581713842315184 0
3127 2.184948782503416 -0.1055349571356238 0
3128 1.964013810802434 -0.05578717210828196 0
3129 12.34137150464562 -0.1342702636245253 0
3130 12.3812680507113 -0.09395665602486322 0
3131 12.32780914796235 -0.07852128247289711 0
3132 1.977487593222724 0.1343086178995193 0
3133 4.794364183648472 -0.127373527666681 0
3134 7.378934205927067 0.05742237524286812 0
3135 7.319884782962102 0.05973285318131707 0
3136 7.328776511099329 -0.04745336823089104 0
3137 1.075215530923218 0.1365673604718313 0
3138 1.120388234656563 0.09551100694286688 0
3139 11.12552470938159 0.1359404022713581 0
3140 11.06707324782709 0.1142637009317666 0
3141 11.17030893159728 0.0957402219236775 0
3142 11.22202768929086 0.1090348284800732 0
3143 11.00722901214422 0.1494153021591373 0
3144 12.08527275521566 0.1314222901914252 0
3145 0.4371635484657924 0.1337666140774678 0
3146 0.3791037997742256 0.1126403778890017 0
3147 0.481177537398726 0.09154112651451748 0
3148 0.5355040107273725 0.1008094355816215 0
3149 0.3186185379287894 0.1482913421751554 0
3150 11.37460216971525 0.1354923928472851 0
3151 11.31907458266936 0.1168797498145728 0
3152 11.41041918098023 0.09088417921704468 0
3153 11.46908357707002 0.09500414885634098 0
3154 11.2604199555968 0.1563710528121715 0
3155 2.2880963373713 -0.1326454126375281 0
3156 2.32250753333795 -0.08900454790663934 0
3157 2.375083725066249 -0.09564847032356207 0
3158 2.26848337636461 -0.07529970743610238 0
3159 2.404886043414558 -0.1502421118227693 0
3160 12.44799586010386 0.07801522505835584 0
3161 4.559115759433988 -0.07521519276141723 0
3162 10.25597609877984 -0.06575925978675215 0
3163 1.396090561469875 0.1300520670893082 0
3164 11.62704732431049 0.1285445961231761 0
3165 11.56873565398861 0.1110653567779452 0
3166 11.66531851681199 0.08628066868010825 0
3167 11.51254950453239 0.1496010668006557 0
3168 4.224971902948605 0.07258511041922715 0
3169 11.11256411422299 0.0788163336071379 0
3170 0.7494990011030503 0.1366790164403018 0
3171 0.7953162634144105 0.1020500714788238 0
3172 0.6159265972250596 0.06316999034911053 0
3173 0.4261238675767216 0.07738388721358008 0
3174 11.2184494140303 -0.05261264483322738 0
3175 9.526866299948189 0.168015749255754 0
3176 8.45790543221846 -0.07555269366783207 0
3177 9.019565138230989 0.05644671912274538 0
3178 9.024779788756248 -0.04364034861080091 0
3179 9.086116796843863 0.05289774369441683 0
3180 12.39752850924428 0.06079373099808621 0
3181 3.513589427587084 -0.1212742090620563 0
3182 3.451767416216128 -0.1144271748374896 0
3183 3.548472158151454 -0.076787093737259 0
3184 3.61072887740546 -0.07540693462369877 0
3185 3.489783994978612 -0.06825512653257823 0
3186 0.3652722724098683 -0.1696686171236252 0
3187 11.35620217302007 0.08030153879654922 0
3188 1.761846587241893 0.07032863055485854 0
3189 2.872068496736602 0.1325052295163758 0
3190 2.812666027669305 0.1252072324533954 0
3191 2.661345828841801 0.1173539434186787 0
3192 2.603589821991943 0.1101877327517398 0
3193 2.551605782170523 0.1541128276342104 0
3194 2.692610457263603 0.0726909198727184 0
3195 2.744707775123372 0.07322179243162397 0
3196 6.954258077755995 0.1336877768332568 0
3197 6.945143624437929 0.07603398446260498 0
3198 3.435295705816247 -0.05553531525769725 0
3199 11.60780780853799 -0.1570968386230862 0
3200 11.60281627214945 -0.09868409759018844 0
3201 5.960441030136987 0.150842478892132 0
3202 5.929145428405741 0.1006726486223358 0
3203 5.871656289733445 0.1007966658528783 0
3204 5.983190562211822 0.09774099767325246 0
3205 6.053534213052811 0.1498773744251694 0
3206 6.081055644819703 0.09878682839785251 0
3207 5.837880255249719 0.1529306832508358 0
3208 5.814380178900418 0.09694231041070984 0
3209 5.780390579446106 0.1425179730066696 0
3210 5.758395983244746 0.08992007676060061 0
3211 5.306728471470216 0.1605607103110836 0
3212 5.276185612982607 0.1078140815623034 0
3213 5.329474769084541 0.1043450443139547 0
3214 5.403772115288679 0.1596024865661111 0
3215 5.436954596910098 0.1056341377139184 0
3216 5.494573765701904 0.1041645548604258 0
3217 5.301974673025656 0.05348846194924081 0
3218 5.247535678236005 0.05344291311165102 0
3219 5.528128954458236 0.1577508343620848 0
3220 5.551873584832059 0.09710307399599945 0
3221 5.591252934469569 0.1390177402862083 0
3222 5.608577272404286 0.08325529876315638 0
3223 4.94547669129678 0.07096783844380589 0
3224 8.000798599927361 -0.1416981897458297 0
3225 7.965107740362662 -0.08989003772331149 0
3226 8.024786540119363 -0.0884225511402032 0
3227 7.060779166756498 -0.1607539868568714 0
3228 7.02809364094359 -0.1090198748233205 0
3229 6.969754599825061 -0.1123328334566182 0
3230 7.084260181551742 -0.105072223031989 0
3231 7.157351309420477 -0.158315739649398 0
3232 7.188771216461262 -0.104714037036242 0
3233 7.244422381721814 -0.1044947869854639 0
3234 6.999640422782321 -0.05546508203364123 0
3235 6.943589865678211 -0.05550265930421705 0
3236 6.914336760165199 -0.108688454204743 0
3237 7.283217889529052 -0.1589868878546869 0
3238 7.354785888786092 -0.1465010762238015 0
3239 7.390723108606903 -0.1047615918665188 0
3240 1.480272691628503 -0.1513422038962917 0
3241 1.420633947356706 -0.122308317962015 0
3242 1.365834054955603 -0.1615392147281991 0
3243 1.361953313067171 -0.09886592593921198 0
3244 1.311212990388378 -0.1316203383702403 0
3245 1.307969901174939 -0.07697114728469398 0
3246 1.41601008211853 -0.05697596696614342 0
3247 7.499808629894869 -0.1517883598492036 0
3248 7.56099404798251 -0.147449513997523 0
3249 7.526241647818887 -0.09871164511234023 0
3250 6.838905092900088 -0.1649427510370693 0
3251 6.806072003707339 -0.1116119543466815 0
3252 13.0874727520446 0.06696875997817107 0
3253 7.05532929864113 -0.05367379684584424 0
3254 10.86559037568175 0.06391452441501524 0
3255 11.11187506878746 -0.05409681827949436 0
3256 2.836373829843398 -0.05386844675238006 0
3257 8.073903488676656 -0.132705603112731 0
3258 8.073759648617543 -0.07757375224178045 0
3259 10.68150012762871 0.05364195911230159 0
3260 10.66769396809563 -0.04760725429718736 0
3261 9.456195865282634 -0.1491828651007612 0
3262 9.425697161267525 -0.09407494416387147 0
3263 9.366349507805701 -0.09284569411198831 0
3264 11.97147155512923 -0.1508082390840322 0
3265 6.889128436575317 -0.05448800177639696 0
3266 11.0601101938846 0.05187597201494555 0
3267 12.94734653972224 0.4107822672128301 0
3268 14.39713015672873 0.07677930984452642 0
3269 9.789229114610977 -0.1580747357222306 0
3270 9.755452480714826 -0.1033624990211626 0
3271 0.8735294268308047 0.0508429366521175 0
3272 0.8615709732171071 -0.04651202931393656 0
3273 8.092437461732935 0.05028259886691731 0
3274 8.059718755575695 0.09837928544179521 0
3275 9.71890098633869 0.1677731997538126 0
3276 1.914673210974109 -0.1556430644186916 0
3277 1.711524904854696 0.05855058391070425 0
3278 12.36084785707872 0.1545847932815284 0
3279 3.404763353902292 -0.1547900950013922 0
3280 4.530949593305333 0.05636851110121654 0
3281 4.886278244692615 0.07115054830262749 0
3282 13.11844521025249 0.003339805766502445 0
3283 13.07310268442086 -0.05367933908350631 0
3284 11.61200927183557 0.07430560195153296 0
3285 13.00708535472232 -0.06887668160699192 0
3286 12.97295816603247 -0.1179213128475427 0
3287 12.91347743855867 -0.1102664415937332 0
3288 12.86242671538325 -0.1524164283106325 0
3289 0.5573999022327629 -0.1658980741227137 0
3290 5.744931744566025 -0.1362635136396357 0
3291 8.514817120482817 -0.0669641303920174 0
3292 11.8993205125545 0.1562907945418599 0
3293 1.674174390560091 0.1520455439130118 0
3294 3.900637449030591 0.08404237139877585 0
3295 10.27860152040705 0.05238599520459743 0
3296 0.2351080428775452 0.3977266621994835 0
3297 0.5687500755070386 0.1549993536377839 0
3298 0.5919010436601364 -0.05120972179685022 0
3299 7.497193648020851 0.05316471138403131 0
3300 2.805960582285189 -0.1505728778561715 0
3301 11.47369448402653 -0.1674038969443631 0
3302 11.51617591017156 -0.1233794737701363 0
3303 11.50005306007031 -0.05877611227614775 0
3304 10.49745682762972 -0.1730899782379735 0
3305 12.56359875073649 -0.062128619029551 0
3306 1.253725508806567 -0.05129092401742932 0
3307 0.2041931443364294 -0.05282418451919915 0
3308 0.1780616292426662 0.0637140918032353 0
3309 1.257429630780323 -0.1549445328390551 0
3310 9.153887837464115 0.1556920023369633 0
3311 10.12345134508216 -0.154342461116714 0
3312 10.08798162248011 -0.1009200310333931 0
3313 10.15246303435893 0.05989813268512803 0
3314 11.64100530778767 -0.06507115002484855 0
3315 8.724776139031695 0.06174367088779024 0
3316 9.118071108260311 0.1047364721137747 0
3317 9.566963315472245 0.05854380112542424 0
3318 12.94660958356255 -0.05994448044930135 0
3319 1.675595512848161 -0.04401335078189431 0
3320 9.904802347720011 0.1621873671309479 0
3321 3.783590086429724 0.05549613685605988 0
3322 5.465784539389423 0.05195621730800171 0
3323 0.3737595472686787 0.05089847579556125 0
3324 0.3639146627611354 -0.0479029743581986 0
3325 5.410218913799654 0.05228405140271191 0
3326 7.470592710785154 -0.1005275439992004 0
3327 8.757549370094289 -0.05097428671804688 0
3328 4.090619547892108 0.141241095693472 0
3329 7.206968554418202 0.1094658642272836 0
3330 7.21753274252719 0.0532502785569455 0
3331 11.30629585833604 0.05982609708422922 0
3332 3.613771623392018 0.1442134837129245 0
3333 3.674780697235934 0.1427955878434825 0
3334 3.643272741181751 0.08852770946601334 0
3335 7.109570091440524 -0.05237498232081099 0
3336 11.0008067381766 -0.1794714776773858 0
3337 10.95332279028095 -0.1402400341694098 0
3338 10.89158309821308 -0.1535208639484611 0
3339 10.91392715141127 -0.09054671435588196 0
3340 10.84867016580969 -0.09635686399894867 0
3341 0.8799556802955837 -0.1731343800396157 0
3342 0.8394165160007475 -0.1364276896620376 0
3343 8.205486029196138 -0.1380487643158682 0
3344 9.652216126417427 -0.06115468591965878 0
3345 11.55653041903971 0.05021142853596956 0
3346 9.982387824082291 -0.06142597802109038 0
3347 12.87087369995458 0.3890625883340496 0
3348 4.208472286607298 -0.04711318492987683 0
3349 1.473873210599195 -0.08845100994406546 0
3350 9.050445871305367 -0.1313975458021217 0
3351 4.695478834855701 0.1361667918568534 0
3352 4.673208321734044 0.08256670789832823 0
3353 2.637792677360434 0.06832420836144187 0
3354 0.7472840462546366 -0.164543739760609 0
3355 13.60604725746674 0.3712695480992286 0
3356 3.13406458140605 0.059064609187282 0
3357 5.521428174206909 0.04965455746513404 0
3358 9.75327110740173 0.05818736313022426 0
3359 7.218087925651252 -0.05193048178203219 0
3360 6.040431268743366 -0.09001669987494028 0
3361 9.693220611070267 -0.09832954639730641 0
3362 3.271473449822749 -0.04907064444219077 0
3363 9.020637412820257 0.1790059793305771 0
3364 6.747733375167301 -0.1095768978419958 0
3365 6.77856917752222 -0.05789004783905133 0
3366 9.991116966532267 -0.1782128599557983 0
3367 0.155855249183598 0.2246762744106074 0
3368 5.902149422278126 0.04999224646163842 0
3369 12.88799811943222 -0.05870308539178917 0
3370 6.284097256510099 -0.1704101835086147 0
3371 6.891205014062053 0.0456936182658659 0
3372 1.190055159169445 0.05162046966936604 0
3373 10.02590735489522 -0.09644786176784736 0
3374 2.589125662859415 0.0567631432853459 0
3375 10.62902085112235 -0.1390570161155887 0
3376 10.5806300146169 -0.1009181924008243 0
3377 10.68920515303672 -0.1051921385415825 0
3378 10.73870640587739 -0.1508483078900029 0
3379 10.74865479121513 -0.08885854768987853 0
3380 10.79127410343602 -0.1238872277370437 0
3381 10.79908116337901 -0.0636696183136029 0
3382 6.594715369784732 0.08534349145768533 0
3383 11.00715464905334 -0.05665576986059673 0
3384 10.95253919968918 -0.05287493108915817 0
3385 2.283988907446898 0.07411018852740338 0
3386 15.65658463521106 0.144021233525761 0
3387 15.3872271250062 -0.01703419027021177 0
3388 10.3512202537497 -0.04792705816068173 0
3389 5.051762399740524 0.05641910828891479 0
3390 0.05029018638097096 0.1637076185670006 0
3391 9.205276409410526 -0.07906910291144661 0
3392 5.957452478366175 0.04945278057099455 0
3393 2.850879705837221 0.08460021541201873 0
3394 10.0406601894556 0.05904195901756166 0
3395 8.659721507472252 -0.1083956365236337 0
3396 8.698464401211901 -0.05171324912266602 0
3397 12.0198696377912 -0.06578067682893499 0
3398 13.46098234762331 0.3933057147088299 0
3399 13.38463683292762 0.3058626665588473 0
3400 13.27493993601233 0.3274849149920352 0
3401 8.036540606516803 0.04829069831951606 0
3402 8.002344549496607 0.09423508447548284 0
3403 2.167238434548895 -0.05255550273874796 0
3404 1.524671706631513 -0.049042361253022 0
3405 9.655865423004837 -0.1778592279226895 0
3406 7.273551629803471 -0.05029929878675618 0
3407 4.287907474357735 -0.05727260329698511 0
3408 10.51238710798087 0.05234481419153237 0
3409 10.49784730879396 -0.05046458720807032 0
3410 13.59401494528768 -0.3931443707187152 0
3411 13.53355696715953 -0.3121523835968031 0
3412 2.534193382939243 -0.05815179772391385 0
3413 0.05580290250462511 0.3028339513275402 0
3414 1.725475678443211 -0.1659089187170892 0
3415 13.88720608110745 -0.3409539651289956 0
3416 13.86645062055469 0.3490216187377393 0
3417 3.575566467397417 0.3221873968077124 0
3418 3.616151916341219 0.3874309843529338 0
3419 3.53096500785435 0.3837921551590322 0
3420 6.834278099090364 -0.05474585444154589 0
3421 2.507554274668008 0.05212214039962924 0
3422 8.32148636347357 0.0493857665701718 0
3423 1.015764645329263 -0.05084279531163546 0
3424 6.595908580293298 -0.06901809238366674 0
3425 14.27502838801291 -0.3497350260300646 0
3426 14.24742850165387 0.3384298051737569 0
3427 14.62549264744535 0.1040439661051763 0
3428 4.166777903394445 0.05344655487534327 0
3429 5.003102951851348 0.06740707335934061 0
3430 11.35537291578117 -0.06131238316939924 0
3431 7.715042513025026 -0.04828359938469005 0
3432 14.70779870179018 -0.2922933619067964 0
3433 14.79225151900008 -0.07168257400722872 0
3434 7.495984696624526 -0.04935947046640053 0
3435 7.302058797838015 -0.0979171557221501 0
3436 8.18204706995841 -0.3155532233930448 0
3437 8.22108325589706 -0.3781383603826965 0
3438 8.143101558919998 -0.3775124910673386 0
3439 5.192281231979028 0.05090699692535477 0
3440 7.13360963533094 0.183138294992344 0
3441 13.40915980509366 -0.2041584758989885 0
3442 3.328403987224935 -0.05054648625585899 0
3443 5.929178779507129 -0.1872067310908103 0
3444 9.790011786146579 -0.0497947246131166 0
3445 7.553519897130048 0.04999291130167778 0
3446 9.734477680850908 -0.04792164379456165 0
3447 5.846399666735801 0.04903138376581324 0
3448 12.79957930200572 -0.04946386623280485 0
3449 0.9058947888843971 0.1704175923365662 0
3450 6.934201802573058 -0.1683469475409336 0
3451 4.582072026029515 0.05172315265700998 0
3452 4.616550908834266 0.09250409464352154 0
3453 5.22088052831743 0.1040684909656899 0
3454 5.136991503090827 0.04684031551315694 0
3455 4.153875670000827 -0.04878702595147377 0
3456 8.341484537804961 -0.1823929235350073 0
3457 1.220972011743424 0.1684295755420039 0
3458 1.408004895551058 0.0440781371158516 0
3459 11.00004674917712 0.04632886590444775 0
3460 12.21217432566458 -0.05158152258319222 0
3461 3.208672188124319 0.05275552137141544 0
3462 10.06501333366764 -0.0475294176997029 0
3463 8.150467306654429 -0.04319228690345241 0
3464 8.96449293824729 -0.05097640863379901 0
3465 10.61324147352524 -0.04746497424412094 0
3466 0.8061202920497621 -0.04384857853156396 0
3467 2.454487465233965 0.04678050742661984 0
3468 2.452072254995062 -0.04745336823072931 0
3469 11.87956632361976 0.05043990986972694 0
3470 11.21755077228581 0.0544202252565133 0
3471 12.29986727507127 0.05009869486927703 0
3472 9.386161035016546 0.05777519182738907 0
3473 6.642968878127163 -0.05670870887579105 0
3474 13.50277300972419 0.2817103716239605 0
3475 10.87207927706423 -0.0541256343246516 0
3476 0.42194120403808 -0.04352171820913416 0
3477 1.108252796441234 -0.05922012242687286 0
3478 1.082211508897371 0.04745336823072912 0
3479 10.37287240213787 0.0605073443940955 0
3480 9.248180304645983 -0.04827227979235875 0
3481 7.387173041071166 -0.05410884407137709 0
3482 6.010955801603669 0.04895455870004742 0
3483 9.061067323523357 0.1087872260949662 0
3484 13.48035812441361 -0.1215725734746853 0
3485 10.78359287335419 -0.3389609874924623 0
3486 10.70984136047472 -0.3699395397502255 0
3487 10.84541442191184 -0.3916799885396987 0
3488 10.76798777741075 -0.411587861794474 0
3489 11.49315317927637 0.04693044012250662 0
3490 6.726274467612261 -0.0503632657863643 0
3491 13.42409547332582 0.2039754240572165 0
3492 10.80977371701203 0.4300461284247261 0
3493 10.89035578243538 0.4432440507234973 0
3494 10.94718333286111 0.424434396732024 0
3495 10.12011960814168 -0.04826948514685008 0
3496 9.143293445589197 0.05026571707372993 0
3497 13.60682108086293 0.252462241545424 0
3498 6.336017360559836 0.04382492562151478 0
3499 12.83827175166653 0.3260165371427602 0
3500 12.80081287254899 0.3808925327885523 0
3501 4.827598522523569 0.06590150342113998 0
3502 11.00596133555721 0.4200100515634719 0
3503 7.981051556495907 0.0453014189707996 0
3504 7.659428597170516 -0.04804586295415036 0
3505 7.657543090164036 0.04745336823089104 0
3506 10.14815852792624 0.3377275298455061 0
3507 10.20703538918701 0.3727909315459391 0
3508 10.08937326530237 0.3765622411660208 0
3509 10.1474603350605 0.412894680181521 0
3510 1.605712991452778 0.05772351135329532 0
3511 12.97894548132696 -0.468058078488223 0
3512 12.97498243537587 0.4601636728144901 0
3513 11.23947116657655 -0.3303424526078695 0
3514 11.30401352726627 -0.3680962785985633 0
3515 11.17341486521281 -0.3736195900816826 0
3516 11.24322158300098 -0.4111697451729246 0
3517 0.09007688836233571 -0.1537055003443523 0
3518 0.06802816944005181 -0.2065170226987295 0
3519 0.1051455125666559 -0.2626010433514884 0
3520 0.2945980247717188 -0.4619648683466439 0
3521 0.2347770935098449 -0.4766934741672245 0
3522 0.2462308636008842 -0.4393537835465168 0
3523 0.2488398737045627 -0.3601199531858637 0
3524 0.1668384336904813 -0.3618242158117403 0
3525 10.09608177787408 -0.4674323313625762 0
3526 10.07448049108945 -0.4366425667372397 0
3527 10.12657492729522 -0.4256466829205289 0
3528 10.03254448093202 -0.4395585244484234 0
3529 10.05666716136585 -0.3808673595565737 0
3530 2.220270418975808 -0.05163559748218163 0
3531 11.06951905160295 -0.4685295945842009 0
3532 11.08630534516482 -0.4291814110241429 0
3533 11.13795142436316 -0.4355108581966049 0
3534 12.12071105452475 -0.466409893539745 0
3535 12.09953440050108 -0.4360135059164761 0
3536 12.15228403691664 -0.4225830588698327 0
3537 12.05113376435036 -0.4356293914639872 0
3538 2.840532197999357 0.4701885244782316 0
3539 2.854063472608486 0.4317294880932789 0
3540 2.8998582919579 0.4429834298143722 0
3541 2.951923946539611 0.4276887900076031 0
3542 2.883603192365679 0.3811500663181896 0
3543 2.811505506586936 0.3916126325521461 0
3544 2.955928420190435 0.3486312382532737 0
3545 3.020799754228972 0.3905025360506363 0
3546 3.083430894385013 0.3479235152608107 0
3547 2.902980950402885 0.4767192773802557 0
3548 7.408877307186324 -0.46534717965112 0
3549 7.433338187013558 -0.4225218743216479 0
3550 7.373419631804761 -0.4292911919788042 0
3551 7.480137989904312 -0.3812260422051916 0
3552 7.53526273678631 -0.4153689916668975 0
3553 7.617582737670964 -0.3790791213534713 0
3554 7.479115100373215 -0.4377340563539015 0
3555 2.384401787589506 0.4668644129814419 0
3556 2.361996234091059 0.437166260588948 0
3557 2.414150291356232 0.423020161473519 0
3558 2.449234946429348 0.4538955517362268 0
3559 2.494239812992552 0.4245673906900082 0
3560 2.558091627108078 0.4396698642168002 0
3561 2.322317880089124 0.4428008005454711 0
3562 2.275782235964341 0.4207292040998463 0
3563 2.346944529025341 0.388382446971446 0
3564 2.21254922342423 0.378346198257217 0
3565 4.738169047768992 0.4674406799284557 0
3566 4.720719627026813 0.425874522186803 0
3567 4.664142214889694 0.434517351470852 0
3568 4.688372462836007 0.3723960192498219 0
3569 4.668793137267523 0.4745180690664008 0
3570 1.276217098832244 -0.4762785198067725 0
3571 5.588292096357803 0.4727270540313282 0
3572 5.598421554904943 0.4312944397169702 0
3573 5.649996459209587 0.4420207631767575 0
3574 5.702087151652502 0.4273509501566735 0
3575 7.414347335979697 0.4740383598648436 0
3576 7.423832662118556 0.4369745445103801 0
3577 7.469661425707931 0.4302518552306126 0
3578 7.527672168451897 0.4229114269989607 0
3579 5.648015586634398 0.4766383768546478 0
3580 7.352724079612313 0.4735571032813423 0
3581 7.375262489119216 0.4364882656590929 0
3582 11.19788418832042 0.4678234113014352 0
3583 11.21892256918939 0.4376789346259702 0
3584 11.16779901536389 0.4258180085293116 0
3585 11.25917717662127 0.443013022537142 0
3586 11.31014509007802 0.4261253123690794 0
3587 11.2385707519865 0.3837459047964511 0
3588 2.111049682741067 -0.05164393617708628 0
3589 6.49917456949461 0.4749604403355976 0
3590 6.494138539093083 0.4402739714540764 0
3591 6.438377605923367 0.4395812727409272 0
3592 6.38397257300746 0.4206340381878793 0
3593 6.426988335848703 0.3775980427021957 0
3594 6.315858400021453 0.3832992117190801 0
3595 1.212325992785114 -0.474022974080859 0
3596 1.196912807900061 -0.4395561734688074 0
3597 1.133522393248151 -0.4072804248042668 0
3598 6.437885779941974 0.4755420156799643 0
3599 1.865359601395153 0.4765273662175082 0
3600 1.874356998890073 0.4331033278462707 0
3601 1.923271225666594 0.4438543429331355 0
3602 1.973770678571451 0.4327691542282419 0
3603 1.920487080023092 0.3799550699685764 0
3604 11.13508015046057 0.4694658065919156 0
3605 10.40414931847675 0.3307978257864088 0
3606 10.4774295435089 0.3670824817923834 0
3607 10.33674935748636 0.3812216330835316 0
3608 10.41112491208916 0.4110180142447826 0
3609 7.345315822270495 -0.4700744360500534 0
3610 1.923705325663103 0.4766851064193054 0
3611 11.07526970537183 0.4711674562503217 0
3612 11.10161254575588 0.4350204535896077 0
3613 7.47437946912547 0.4730621605230292 0
3614 7.29045653232225 -0.478077715587351 0
3615 7.305758265004904 -0.441348890983345 0
3616 7.323401135394188 -0.3676428533054812 0
3617 7.250455533641244 -0.4115551656201923 0
3618 3.692228097235833 -0.4694035098362686 0
3619 3.668037204877256 -0.4361296886305171 0
3620 3.720639336486972 -0.4321298838385076 0
3621 3.681129337128094 -0.3702973050940473 0
3622 3.617635655702268 -0.4060627823818393 0
3623 4.606569155285117 0.4775200566786078 0
3624 3.756784080373073 0.4707593789688882 0
3625 11.13717447047408 -0.4746548846654701 0
3626 3.751432459607142 -0.4670005829240377 0
3627 10.16372413076775 0.4649006755623472 0
3628 10.09415827355519 0.4344426710484175 0
3629 10.04191892996255 0.4250455110095813 0
3630 3.691126659598645 0.4775628699789141 0
3631 3.677658847428506 0.4397512215004496 0
3632 12.05461518021553 -0.4751517692550434 0
3633 1.736167889725775 -0.4726687012290214 0
3634 1.715961258575995 -0.4369276998136973 0
3635 1.702689533478371 -0.3645502346114331 0
3636 1.77529104829207 -0.3863557780224532 0
3637 1.647739089997046 -0.4183919150431953 0
3638 1.57504360169942 -0.3993237290489979 0
3639 1.599215628912378 -0.4488573671935608 0
3640 1.517864920757549 -0.43207433218307 0
3641 1.461604771995637 -0.4250151815656308 0
3642 1.399172874435691 -0.422187983748313 0
3643 1.337833776991292 -0.4187385649733557 0
3644 11.19529349021004 -0.473619189198673 0
3645 0.7466183606232384 -0.0468427434393611 0
3646 0.7473332669552271 0.04394470805462106 0
3647 12.117415180949 0.4669581642370831 0
3648 12.138979591191 0.4368896161638123 0
3649 12.08610651350025 0.4227817486946569 0
3650 12.17905045548556 0.4424181587879193 0
3651 12.23067652973386 0.4218243600787734 0
3652 12.15991300059836 0.3860742984030182 0
3653 12.01764312344866 0.3682503870987327 0
3654 12.29746963158319 0.3893470424244301 0
3655 10.21654214351819 0.4781179597543863 0
3656 1.673944858235699 -0.4664503840027252 0
3657 10.03239710063294 -0.4753780808605635 0
3658 12.05790958371297 0.4682388230454939 0
3659 2.195950110287264 -0.4673369270432043 0
3660 2.174898526712834 -0.4387075088597318 0
3661 2.227294352137028 -0.4285750295050055 0
3662 2.134721266001726 -0.4429836000568126 0
3663 2.088591661116626 -0.4207568490883856 0
3664 2.155655770905561 -0.3839453367308345 0
3665 10.15867374733817 -0.4688449568751024 0
3666 12.18079915344838 0.4750669487978034 0
3667 7.550585533015283 -0.0485807952890955 0
3668 10.09576586492487 0.4740383598648439 0
3669 12.18283227281671 -0.4659027224054352 0
3670 3.63345117813411 -0.4633024119370347 0
3671 3.56699938679232 -0.4299065330567024 0
3672 13.29596353822974 -0.1089361291746646 0
3673 9.18356068783528 0.4706967212560175 0
3674 9.172022609435281 0.4418543497475413 0
3675 9.122932773756668 0.4330503884264063 0
3676 9.06860106661448 0.426910296598976 0
3677 0.6925244001082524 -0.4690416400099136 0
3678 0.6779610214171352 -0.4313188931649863 0
3679 0.6274774821703613 -0.4373022419849357 0
3680 10.21926917993881 -0.4719185482184187 0
3681 10.19389030112937 -0.4373545947745917 0
3682 12.24817076607727 0.4687991198941772 0
3683 6.374424369704228 -0.470981456383329 0
3684 11.01407227261153 -0.473996128222358 0
3685 11.03117944893272 -0.4379262948677899 0
3686 2.965132158814219 0.4732720920267919 0
3687 10.03638461675053 0.4707850144514753 0
3688 9.983776485669832 0.416846887512862 0
3689 6.064226849647456 0.0492314674912795 0
3690 6.12203633855669 0.05136278169516008 0
3691 1.285546153187553 0.4676312349019785 0
3692 1.267163339219833 0.4262399062185644 0
3693 1.22095367398641 0.4386491979499018 0
3694 1.175221778956908 0.4218085625548172 0
3695 1.434208721075374 -0.3492182498345811 0
3696 12.24290120113683 -0.468244240696321 0
3697 12.26449007931499 -0.437181776712371 0
3698 12.30791136611671 -0.4379036309210826 0
3699 12.2765150579729 -0.3801414892969288 0
3700 3.566973709688283 -0.4739938247133109 0
3701 4.671326465360278 -0.4745909282237877 0
3702 4.680457756837043 -0.4329385203404377 0
3703 4.732185305263701 -0.4416874709201363 0
3704 4.781477148061648 -0.4280416005272718 0
3705 4.739931243295094 -0.3729708329651467 0
3706 4.653283764967183 -0.3626082987788539 0
3707 9.120490897030944 0.4740510090262749 0
3708 8.391423623246649 0.4756439359130694 0
3709 8.397370560982953 0.441942470264612 0
3710 8.446594921863735 0.4416439571113418 0
3711 0.627516794377843 -0.4752286745156823 0
3712 7.475598304814547 -0.4740302052958576 0
3713 4.797626649386343 0.4722097732371502 0
3714 4.775379111186556 0.4364861628095628 0
3715 4.8327298596137 0.386282738944896 0
3716 9.119556428277365 -0.4720609598451045 0
3717 5.7070418001574 0.4739876907461908 0
3718 7.292389991328488 0.4690911360503189 0
3719 7.273384793906004 0.4380093812831806 0
3720 7.228784797526316 0.4346061340347787 0
3721 7.269216307032839 0.382722925297471 0
3722 11.26100094472651 0.4766832614508512 0
3723 13.95622332121388 0.2075431552574052 0
3724 0.9449038182190552 0.4681758179565823 0
3725 6.370258697781022 0.4666605391205031 0
3726 1.156330820738208 -0.4641865889072384 0
3727 1.084782410173242 -0.4340687820610054 0
3728 1.032536469792326 -0.429111538380467 0
3729 1.064547744012385 -0.3672074671951216 0
3730 6.314664207240569 -0.4705283701471155 0
3731 6.29605328177145 -0.4399276366369518 0
3732 1.981191468252736 0.4731521834993992 0
3733 2.031934428402663 0.4254490074895765 0
3734 11.0188776048552 0.4649341952532862 0
3735 0.315089491082687 0.04561067241754503 0
3736 10.77347540189955 0.04355668999428107 0
3737 7.542712301208129 0.4683768002019555 0
3738 4.730022994066569 -0.4763102237680168 0
3739 11.4384186805116 -0.04749205350828434 0
3740 8.451604372976481 0.4744566063194947 0
3741 8.506543549425174 0.410289361265761 0
3742 4.548122124220269 0.4735905978296278 0
3743 4.536762504963602 0.4343257604294544 0
3744 4.491117091629433 0.4437945616424053 0
3745 4.505562156406836 0.3843832072946982 0
3746 4.441001944770616 0.4240609428186559 0
3747 3.812745495666163 -0.466447829478194 0
3748 3.838023886448323 -0.4294290151873401 0
3749 3.878339041789163 -0.4436407232712355 0
3750 3.925411656540421 -0.4335753648546181 0
3751 3.981156711244128 -0.4171018962491986 0
3752 1.905051696356983 -0.04992899318486502 0
3753 3.633781020320897 0.4735926128871886 0
3754 11.99265346099794 -0.4777711389887668 0
3755 11.98026800772085 -0.4400394019036019 0
3756 11.91812060169307 -0.4081964539125906 0
3757 9.949444789304994 0.04907059126838394 0
3758 5.791558298877708 0.04645707986965292 0
3759 11.26491770940155 -0.4652633442275969 0
3760 9.058452483455135 -0.4716779714401309 0
3761 11.82390010886509 0.04867037816956191 0
3762 4.074447816520539 0.09015050398002229 0
3763 8.815576581486543 -0.04761043731437171 0
3764 8.81786679959384 0.04650258633700685 0
3765 2.655220433359199 -0.47033446026612 0
3766 2.641946061269817 -0.4351923011246301 0
3767 2.596129045839553 -0.445228409727928 0
3768 2.545175286699097 -0.4304745691347485 0
3769 2.486923308635446 -0.4175735550776747 0
3770 2.526816705201499 -0.3577442570291908 0
3771 2.604734643090653 0.4175773270287882 0
3772 9.969049413397213 -0.4693147536769856 0
3773 9.984252949435472 -0.43935660590898 0
3774 1.00077861505942 0.4693345557988766 0
3775 1.014729302814266 0.4288217722561254 0
3776 1.060148729953716 0.4434001615190319 0
3777 11.99882478147417 0.4686943728041251 0
3778 11.97958029524438 0.4279820608111383 0
3779 11.93133553145811 0.4413137106828409 0
3780 11.87937566021881 0.4283397508985392 0
3781 11.92599071194525 0.377484909375471 0
3782 11.82198752522765 0.4207498041110335 0
3783 11.76191519394094 0.3792015000463078 0
3784 2.783995452556695 -0.0491363844063526 0
3785 14.5221643522961 -0.1087064529870074 0
3786 10.55780548896832 -0.04781109112917556 0
3787 8.386437785906516 -0.468969183174486 0
3788 8.407128140700678 -0.427893485716916 0
3789 8.451698989738281 -0.4408254903276823 0
3790 8.502004791994999 -0.4273337260160474 0
3791 8.45114537696498 -0.3762338546582037 0
3792 2.375485134895316 -0.4685407393849068 0
3793 2.352553510799309 -0.4333956019867206 0
3794 2.311323368155652 -0.4449679127936307 0
3795 2.404083354726791 -0.4331137044045736 0
3796 2.43499305069295 -0.3673989069619319 0
3797 0.804385232351039 0.05527617693077787 0
3798 2.132795943237468 -0.4760669177164052 0
3799 0.5581885563465773 0.368088924350803 0
3800 0.6392472809950944 0.3742201630041799 0
3801 0.4900266642887954 0.402303310309704 0
3802 0.4218040483210026 0.3835246036154368 0
3803 16.01583389023617 -0.1863966646998421 0
3804 11.51089986085273 0.3529276880552257 0
3805 11.59037866005812 0.3770844897370638 0
3806 11.45983675871991 0.4027247076127617 0
3807 11.37884333229992 0.3922569219534907 0
3808 11.40337155520644 0.4439857493468694 0
3809 2.40267781808328 0.04986396814869617 0
3810 10.20439856842305 0.4411066199527225 0
3811 10.26064046546718 0.4149759462970194 0
3812 10.31446152245642 0.438367060149309 0
3813 13.05557267560244 0.01405790762797551 0
3814 13.018065509987 0.06496667708905483 0
3815 10.27570800675959 -0.4699854300742219 0
3816 10.2886083903795 -0.4321701422637217 0
3817 10.33616067589072 -0.4420303488219464 0
3818 10.38830385852458 -0.4269567007625812 0
3819 10.44714583089046 -0.4148082025905788 0
3820 12.47438111927804 -0.3447585787634645 0
3821 12.55110755571147 -0.3603425341204789 0
3822 12.42280739746051 -0.4105130443200694 0
3823 12.50494127299153 -0.4049603716264115 0
3824 12.51791624653773 -0.4495271054854157 0
3825 12.57352069927522 -0.4317250091611429 0
3826 5.575216504626511 0.04470349800670397 0
3827 12.30192659996816 0.4807344277822367 0
3828 2.592677065939383 -0.4775340648646347 0
3829 4.594318639204793 0.440650017569456 0
3830 10.95076743495865 -0.4733660081065954 0
3831 3.030366525320189 0.4750933701010214 0
3832 9.966527290066296 0.466075605437908 0
3833 1.219595463379869 0.4746495659681083 0
3834 12.30513447429218 -0.4764627638674781 0
3835 7.738701177557698 0.05563480755650126 0
3836 11.18978433291681 -0.4372782954655798 0
3837 3.501812446289156 -0.4767445693763431 0
3838 3.496780773006432 -0.4366609117219643 0
3839 3.444658661615087 -0.4412837505533965 0
3840 3.404666918433016 -0.414367878859697 0
3841 8.450036481262705 -0.4757317124171679 0
3842 2.814522786905738 -0.349300965533083 0
3843 2.889190812049654 -0.3709094689789704 0
3844 2.76818475436805 -0.4125626553884096 0
3845 9.055251811177424 0.4684168504610694 0
3846 12.87462257754301 -0.367727078280971 0
3847 12.81207819040064 -0.4180881158633428 0
3848 12.75016297833643 -0.3899044983132017 0
3849 0.565917355169402 -0.4738549276904042 0
3850 0.574963969937081 -0.4333142759715142 0
3851 10.39577999680726 -0.353551681585664 0
3852 10.52389218630567 -0.386980175088911 0
3853 13.63501116792527 -0.2676707236757043 0
3854 13.71524714063957 -0.158675006856894 0
3855 7.543584376285921 -0.4662760316127065 0
3856 3.111995667415032 -0.4722991478918883 0
3857 3.123608573454487 -0.4315309746763982 0
3858 3.169115986298225 -0.4441424496322743 0
3859 3.221806028513286 -0.4284526493340949 0
3860 3.078660218125752 -0.4433078407938933 0
3861 3.02594114834926 -0.4346077693855132 0
3862 3.074231342623062 -0.3754143285336731 0
3863 12.519099009479 -0.04833188839202003 0
3864 7.229427551863125 0.4740262201661136 0
3865 11.32305710664186 0.4738431504859713 0
3866 0.5188487971478479 0.04793931418929645 0
3867 9.847431025043392 -0.04704650984045303 0
3868 7.925408636404782 0.0406436824132719 0
3869 7.935106602119821 -0.04403153762192891 0
3870 0.9228149131010933 -0.4316000580446821 0
3871 6.317914880773398 0.4757747871076416 0
3872 1.088583652895255 -0.4732413920227198 0
3873 6.250012239950092 -0.4738163951663006 0
3874 4.944311974444918 -0.4685736884991056 0
3875 4.92469565554613 -0.43685791308835 0
3876 4.969612803199952 -0.4353441992895815 0
3877 4.879649360002581 -0.4369669734761888 0
3878 4.921499519201647 -0.3823938712704454 0
3879 4.83230989848631 -0.37537713765144 0
3880 4.827374359784891 0.4441203449933792 0
3881 0.1096714287321241 -0.469581781335413 0
3882 0.08959656041313752 -0.4354803598817052 0
3883 10.80292395783249 0.4723924672662303 0
3884 10.74444156903925 0.4145472400619836 0
3885 2.200614914533141 0.4689884969161219 0
3886 2.182465960501133 0.4295693448241545 0
3887 2.136123217571989 0.4383039540753225 0
3888 2.04921516183533 0.4684919080120492 0
3889 10.95160283981762 0.4712358185197569 0
3890 8.561797568790604 -0.05236972049380103 0
3891 12.98885208072071 -0.2996229790590859 0
3892 2.834844268744913 -0.4009086504409223 0
3893 2.690110515291058 -0.3969411660120163 0
3894 4.796132157015532 -0.4676034626593688 0
3895 5.859071206806118 -0.4686880655686699 0
3896 5.839270000548401 -0.4396545189502356 0
3897 5.792941430005925 -0.4379824896437121 0
3898 5.884817868430067 -0.4373581897412742 0
3899 5.836298618959444 -0.3869689439707528 0
3900 3.7315211723015 0.05191017122893431 0
3901 4.386546731335852 -0.3516311517706989 0
3902 4.46693251661364 -0.3674883924050328 0
3903 4.409274099777236 -0.4128143847699545 0
3904 4.34438301674605 -0.3990825198633399 0
3905 4.48798713830742 0.4773628556436208 0
3906 12.73646095724059 -0.0512727016662085 0
3907 3.875987087626152 -0.4763307766088135 0
3908 5.656000329653699 0.3767216336951174 0
3909 5.765575674710075 0.4118204079876296 0
3910 5.536398157363984 0.4103842143509065 0
3911 11.93968887543422 -0.464757238293837 0
3912 11.86684633443524 -0.4336804421141736 0
3913 8.41995612787654 0.3862471442638518 0
3914 6.246773269360546 0.04477808126040659 0
3915 11.31959204421962 -0.478357282659779 0
3916 11.30642704155821 -0.4405945437256027 0
3917 11.36612969907674 -0.4111908590264968 0
3918 9.698421778307409 -0.4740239077788194 0
3919 9.708024468816097 -0.4376537684821549 0
3920 9.754674612469877 -0.4318042996577367 0
3921 9.812353226730941 -0.4321819059267551 0
3922 9.641224864096504 -0.477891435880351 0
3923 8.721344776891369 -0.4672742390624298 0
3924 8.742340652119815 -0.4380467921211504 0
3925 8.69105422071496 -0.4278736173445706 0
3926 8.781386699528019 -0.4436894813584059 0
3927 8.831160944561047 -0.4281132075500398 0
3928 8.884527816600141 -0.4091132266091675 0
3929 8.760681813310851 -0.3867226644046671 0
3930 8.624611767033464 -0.3999102913259071 0
3931 8.783006368964621 -0.4767596151856244 0
3932 7.647365409961603 0.09945664898717667 0
3933 5.979040674943932 -0.4740239077792977 0
3934 5.122529254635873 -0.4688541867942744 0
3935 5.141857912309334 -0.4381922631975231 0
3936 5.094104013606037 -0.4335850113261552 0
3937 5.185068397325278 -0.4369296726644972 0
3938 5.147563325284195 -0.3819353116134979 0
3939 5.221850186118218 -0.3836169132486711 0
3940 5.271647245973802 -0.4333975782725241 0
3941 5.333271423628772 -0.4311712052857131 0
3942 5.061738144162154 -0.4701403626742955 0
3943 7.691101156569857 -0.4781303147407053 0
3944 7.702009906935924 -0.4429644624090927 0
3945 7.744593636053324 -0.4459477387557541 0
3946 7.796537708394867 -0.4259952339914344 0
3947 3.357782092193885 0.469853511215277 0
3948 3.380830941826062 0.438189281017464 0
3949 3.33038815456551 0.4325151598263971 0
3950 3.371793027078562 0.3777033383482727 0
3951 3.437125546641134 0.4025307197069214 0
3952 3.300473195635256 0.4672689695322013 0
3953 9.64034848468583 0.4673306890147083 0
3954 9.698503868794946 0.4696966956112331 0
3955 6.229787464865864 -0.1667157807651877 0
3956 8.722583606922571 0.4721256527682804 0
3957 8.733839267622105 0.4346665186062403 0
3958 8.784768043643755 0.4327057555904785 0
3959 8.838792433556756 0.4267296301586557 0
3960 8.785868463941178 0.4740383598650357 0
3961 4.418578170565127 -0.463613849203687 0
3962 9.403200416869259 -0.04639512296736754 0
3963 1.72093864694425 0.4063627735925874 0
3964 6.103907398881266 0.4669694335655322 0
3965 6.081115350799982 0.4302283255032347 0
3966 6.12765418361461 0.4320079859291679 0
3967 6.16851051893798 0.445531454219431 0
3968 6.217950639898037 0.4343243598932753 0
3969 6.041053230409412 0.444570387559677 0
3970 5.995511399810391 0.4295807002085829 0
3971 6.108146673358921 0.3866283015309107 0
3972 2.399821231828489 -0.04751557503655868 0
3973 7.193977370605592 -0.4341854154622947 0
3974 7.14006924004796 -0.4258076182144742 0
3975 7.076849435995878 -0.422448819221395 0
3976 7.018184663434909 -0.4195147173782082 0
3977 5.987230268535509 0.4724690442033015 0
3978 5.948201006957145 0.4151418863017616 0
3979 6.042124606916055 0.4767339359941578 0
3980 8.851469452471214 0.4686864580896244 0
3981 3.230137379149869 -0.4725988397496239 0
3982 3.276861025293672 -0.4196608949922788 0
3983 3.217238696486718 -0.3508381470927055 0
3984 9.460679478435118 -0.04628410642092728 0
3985 9.905844296162376 -0.4587313211983417 0
3986 9.761492535174604 0.4779792052357957 0
3987 9.76271192512818 0.4449969147165881 0
3988 9.820398013843114 0.4368612549934587 0
3989 3.241011156175408 0.4692770776581484 0
3990 3.220757370461784 0.439020894038216 0
3991 3.174713901985476 0.43918152493003 0
3992 3.213250692401949 0.3828742213530179 0
3993 2.25362442754681 -0.4691278184458295 0
3994 8.871273337307532 0.0468369231167646 0
3995 13.20269751556879 0.2688093883328546 0
3996 8.602270344377972 -0.4763937496981235 0
3997 5.334183089220567 -0.4733997142797579 0
3998 8.145303242234181 0.4710781767671919 0
3999 8.124228141441144 0.442021033946279 0
4000 8.081320591376508 0.4384359647263998 0
4001 8.030134454131471 0.4405087273520338 0
4002 7.97739718766258 0.4160988495446785 0
4003 7.911139968918238 0.4119233454208648 0
4004 7.833949697096062 0.4163447757872479 0
4005 7.768976624707346 0.4253556197109631 0
4006 8.118279019607131 0.3854131585084206 0
4007 7.710568541783424 0.3823273587396901 0
4008 8.002417992168247 0.330275117652608 0
4009 10.74244894851047 0.4686721878379293 0
4010 10.67576862784629 0.4635922031909843 0
4011 10.69008294120356 0.4273284722545834 0
4012 2.320589930420208 0.4750015103808275 0
4013 12.46237081560042 -0.4774721392579191 0
4014 1.063510374102353 0.4765902817310196 0
4015 11.93397248758695 0.4758982089491228 0
4016 0.02584580610614701 -0.07633688074906553 0
4017 0.05981091068298945 -0.06755758770725892 0
4018 11.47841106837359 -0.4700731523453286 0
4019 11.46469354140108 -0.4307946750241816 0
4020 11.41711223488403 -0.4376400544353821 0
4021 0.02834661264960457 -0.3721286858790558 0
4022 0.06454411082360957 -0.3568282275063821 0
4023 0.05815102038456552 -0.3076691572883629 0
4024 0.02178318427485933 -0.3089165265325935 0
4025 0.02716842154654125 -0.1891517916509269 0
4026 0.02619600303697429 -0.2217256068179926 0
4027 0.02378441440317905 -0.1350353824398518 0
4028 1.153788382448484 0.3556910704591711 0
4029 0.02635294821289953 -0.4275310492846361 0
4030 1.113262912047323 0.4270424629690212 0
4031 0.02547133540544456 -0.279411764705301 0
4032 11.54898365528951 -0.03895357838947774 0
4033 2.504887439829346 0.3491836344970226 0
4034 1.343783950970456 0.4721660623005295 0
4035 1.321906179358571 0.4363811293489778 0
4036 1.378881046085642 0.3854355722655183 0
4037 1.46995387684493 0.3696398455661823 0
4038 7.81384499950984 -0.4681850606025773 0
4039 4.768562899482863 0.04762263380720037 0
4040 12.21911594727934 -0.4291737609884512 0
4041 9.757431735596763 -0.4737241821362537 0
4042 4.475467505912121 0.05936855371285589 0
4043 11.4858237062985 0.4473453893880576 0
4044 2.6713025591047 -0.04531691783340382 0
4045 12.45392177873448 0.4654469249229278 0
4046 12.47558402867385 0.4236654389759152 0
4047 12.51890022223801 0.4403097604451887 0
4048 12.41844942025461 0.4288210130605436 0
4049 6.292976357435807 -0.385012291088227 0
4050 3.2143958107635 -0.04540621485123983 0
4051 8.839370755765737 -0.4722244778304679 0
4052 2.610859172401971 -0.3857337380971584 0
4053 2.068627105007943 -0.467901810918921 0
4054 10.58363373657964 -0.4191642787242691 0
4055 10.64566663972625 -0.4124439583356257 0
4056 1.138371076720459 0.04840350592753957 0
4057 6.861723749825414 -0.1079910427081865 0
4058 5.702766004149763 -0.4720241589321095 0
4059 5.729068460670039 -0.4380997587286998 0
4060 13.30534940159587 0.2219737431970406 0
4061 11.7751358245478 -0.04889847377721279 0
4062 6.391538242221225 0.04632826538973348 0
4063 6.042029351055724 -0.4775052895708083 0
4064 6.045222821376077 -0.4395913734687336 0
4065 6.093774316591531 -0.4447140085602734 0
4066 6.145171335720859 -0.4239302606930101 0
4067 6.078503276043542 -0.3848985324554453 0
4068 0.1085679779577497 -0.3288861938871922 0
4069 13.09719578862347 -0.2492859849567753 0
4070 5.184643715769604 -0.4756964830163648 0
4071 1.124433281741061 -0.3234939463018447 0
4072 3.782619919500714 -0.430131117053857 0
4073 3.82545394930893 -0.3739124778716928 0
4074 6.776963670081731 -0.4679678738666422 0
4075 6.764798039181111 -0.4269792334642718 0
4076 6.710702396995108 -0.4309593098634832 0
4077 6.666364681712207 -0.4346236675302647 0
4078 6.81600633774519 -0.386926503189904 0
4079 0.9316364590350185 -0.4731677153425096 0
4080 4.622106469312904 -0.4179455780163052 0
4081 12.24581946734212 0.04761718705966501 0
4082 1.327608205882206 -0.4673733330371675 0
4083 2.313164677475459 -0.478000477186542 0
4084 3.352443959830114 -0.4737139433912987 0
4085 3.29877846088549 -0.4642072073955475 0
4086 14.73437789560209 0.309399006223261 0
4087 11.47888473047704 0.4768177865740055 0
4088 11.53040523225403 0.4277754977359536 0
4089 4.2724639834693 0.4726074578486678 0
4090 4.283790714636414 0.4325675580670212 0
4091 4.334043215480528 0.4405117037542047 0
4092 4.3098715850589 0.3801995729515803 0
4093 8.668636931636378 0.4715856155100792 0
4094 8.652952690955855 0.4291317343153913 0
4095 8.603447252683956 0.4445516962624084 0
4096 8.738866034371993 0.3716374336933509 0
4097 11.36669482804928 -0.3287322291436847 0
4098 12.20677442802931 -0.356999296068556 0
4099 9.425897525744224 0.4790214295789311 0
4100 12.15119080730964 -0.04799106977478602 0
4101 12.90792391068648 -0.4677725787769696 0
4102 11.92357297589249 -0.04603764299665119 0
4103 12.91160451319509 0.4766067355115706 0
4104 10.33884606614075 -0.4763323354215297 0
4105 3.719565179493335 0.1924669815994087 0
4106 6.3417821096293 -0.182671782574753 0
4107 7.01411376622032 0.4699369139711161 0
4108 7.029089880941399 0.4327806177130334 0
4109 7.073656697811772 0.4436287537629273 0
4110 7.128714045398854 0.4271716638958362 0
4111 7.075996608641056 0.4768964225505894 0
4112 5.92338751741964 0.4628372803594433 0
4113 5.005569480435784 0.4776816669500675 0
4114 4.999230289939888 0.4389847543811615 0
4115 4.94903063680722 0.4331663454547098 0
4116 5.064448998863728 0.4757850605177668 0
4117 5.054429983094046 0.4382452335162302 0
4118 2.534653714159322 -0.4731252078608512 0
4119 3.172694115886617 -0.4771343504086315 0
4120 11.50742293892413 -0.4436557526464238 0
4121 11.55734975439128 -0.4319858659197263 0
4122 11.61836653550602 -0.4232648591189762 0
4123 11.68616563080005 -0.4126598897472569 0
4124 11.5757425763137 -0.3574493889121912 0
4125 7.645375979350971 0.4154748973288387 0
4126 9.820349107551186 0.4761494263030612 0
4127 3.177986704699737 0.476667863611978 0
4128 9.519941989581108 -0.4719670211677476 0
4129 9.507307593318142 -0.4332619118160226 0
4130 9.4616045299414 -0.4449260001546193 0
4131 9.407978963995719 -0.4269166216694221 0
4132 9.350592179981993 -0.4172973825456036 0
4133 10.5317491188811 0.3110827863864868 0
4134 10.89106411245942 -0.4736069827088351 0
4135 10.91287583572708 -0.4357976026958778 0
4136 8.261042782228195 -0.1309754465593718 0
4137 7.771199684627359 -0.04784352605155452 0
4138 7.062132722958817 0.3840027593415531 0
4139 6.990715804058519 0.3888591318737242 0
4140 3.086156742693035 0.4733316619432976 0
4141 3.110557181997728 0.4416266185591087 0
4142 9.910353168445992 0.4733638610455242 0
4143 9.926760399151739 0.4406604394676341 0
4144 9.879749119508084 0.4420216685097725 0
4145 0.5428264261317337 0.4772719700098599 0
4146 0.5394733807125969 0.4400560652680637 0
4147 0.604836720229464 0.4357690836680207 0
4148 1.152692454389049 0.4646510917498544 0
4149 5.004203404535933 -0.4740239077792372 0
4150 8.507691755941808 -0.4720362551204333 0
4151 2.25753682730993 0.4673100464016751 0
4152 11.68862547215015 -0.3289445839625135 0
4153 5.919051459599256 -0.474023907779199 0
4154 13.19709122925777 -0.339499868710698 0
4155 1.457327408865312 -0.4710458294011393 0
4156 10.72910904061352 0.3311571671714496 0
4157 14.00669690895813 -0.2019224675754324 0
4158 6.203616422795433 0.05141385184380328 0
4159 7.747728299116922 -0.4779381379997182 0
4160 0.1794989698619583 0.4776312928199487 0
4161 0.7948037477060066 -0.3485547783558768 0
4162 0.7181967091563094 -0.3818851445098523 0
4163 8.082573264606985 0.4735820100565351 0
4164 1.563991345745488 -0.3205603137032766 0
4165 0.1390165586255145 -0.4363037402512874 0
4166 0.1904129984649129 -0.4255552716308382 0
4167 3.482660577433361 0.4757262163456569 0
4168 8.664009619175328 -0.4680696012836181 0
4169 9.815792937190317 -0.4733714152607187 0
4170 10.92031295213193 0.3336002326059384 0
4171 1.826192318068256 -0.3282129816730751 0
4172 11.4147955603441 -0.4739555640865414 0
4173 4.107900957095254 0.04915190839894586 0
4174 1.844754604692289 0.3652328612400356 0
4175 1.816673545236965 0.4199918630859356 0
4176 7.572148123088178 0.3661459126973489 0
4177 11.89098278265689 -0.3287488001968697 0
4178 8.374955639578769 0.04449604658501984 0
4179 8.905778335416153 -0.4627263267954237 0
4180 12.51888554469809 0.4753577343544299 0
4181 12.58190468346601 0.4244253203252705 0
4182 7.164650663593418 0.4665439485222765 0
4183 7.182849001291755 0.4325763655648888 0
4184 4.392596436558311 0.4776641291569965 0
4185 4.389236349452912 0.4446687607385913 0
4186 8.60512003406915 0.47709180003836 0
4187 11.38878682338631 0.475203942989824 0
4188 3.444001377198179 -0.4773167518724706 0
4189 4.098392175624391 -0.04528926527709383 0
4190 0.05295457525399676 -0.2599534273121537 0
4191 7.78851673468273 0.05022878395205976 0
4192 1.029629322918375 -0.472295373170964 0
4193 8.55656994632669 -0.4150448284002181 0
4194 7.007833099469846 -0.4648050968704733 0
4195 6.252039454426744 0.4668661588639177 0
4196 6.274557629144985 0.4247329311537268 0
4197 6.237807033160509 0.3557166428989477 0
4198 5.763638639357649 -0.4711455970763057 0
4199 9.550127502825386 -0.4457378629746427 0
4200 7.6944692393879 0.4768804235647008 0
4201 7.708021723611298 0.4435656055837904 0
4202 4.881287004882574 -0.4757314343054271 0
4203 6.09759349904443 -0.4774296488841219 0
4204 8.547029065915947 0.3245980082373656 0
4205 11.10503640157271 0.320312363479354 0
4206 9.029445508901308 -0.3197730504679851 0
4207 1.977436082258079 -0.4696277482098159 0
4208 2.108027514224405 0.4723211637365985 0
4209 2.080555708015593 0.4425810618400652 0
4210 2.080865278355936 0.3738417831349184 0
4211 10.89215999595396 0.4744126003067307 0
4212 2.137648286060407 0.4763631397864612 0
4213 10.61484506771415 0.05093489726972608 0
4214 0.2992793214902219 0.3552173623148455 0
4215 4.852751690400924 -0.4716505117407921 0
4216 4.828594059709796 -0.4416882005246913 0
4217 6.803947749574367 -0.4386745126682024 0
4218 5.794948249604207 -0.4758105771495257 0
4219 6.010719226084555 -0.1361195905708927 0
4220 0.999098887381027 -0.4645193127930693 0
4221 0.9771238000782696 -0.4214502301878512 0
4222 9.510097386698654 -0.3256182764367493 0
4223 9.85601982293657 -0.3335820657989587 0
4224 8.891348876073092 0.3335049590998593 0
4225 7.134529145965154 0.4727532871701163 0
4226 5.863923048752898 0.4679065462967683 0
4227 5.84293354912655 0.4388639131294906 0
4228 5.803533814081961 0.4399594501307041 0
4229 4.421360699646845 0.4695526923942547 0
4230 11.4141812294308 0.4758259331029887 0
4231 16.40524464727217 -0.1625106469266869 0
4232 11.74583570462443 -0.4319286057092594 0
4233 3.932648244305458 -0.4735882405884591 0
4234 1.396171202643766 -0.4703900853304601 0
4235 6.71179354314867 -0.4727772138558791 0
4236 11.8703590580979 -0.4727907410443055 0
4237 10.19549073701365 -0.3243872858761059 0
4238 2.014420995864623 -0.3237709107496166 0
4239 4.947743883156063 0.4747198014981577 0
4240 0.4163509882587736 0.3106027594258398 0
4241 5.673841990290503 -0.4435540877138591 0
4242 5.621671064870942 -0.430820334854158 0
4243 5.560727643981479 -0.4206829864506277 0
4244 5.504701568230894 -0.4039398633146734 0
4245 5.439376571245226 -0.3997292362795814 0
4246 5.679408088207308 -0.3849207372343418 0
4247 5.369043409558638 -0.364922318514897 0
4248 9.49243943168012 0.4713867353173109 0
4249 12.07223077045523 -0.3172766700142754 0
4250 9.198590324136468 0.04670612519703828 0
4251 3.416618158967042 0.4631094669628786 0
4252 0.8188107889116141 0.3465712222458966 0
4253 0.7755790778380572 0.4124833250576097 0
4254 0.8389902112422756 0.4018692677262958 0
4255 9.218617528670707 0.3300100259981291 0
4256 7.630051981641244 -0.4773550711401591 0
4257 7.643557164496197 -0.4395878433710445 0
4258 11.36583479133444 0.316751775543769 0
4259 0.4679718611073388 -0.3456758347139758 0
4260 0.461328615482713 -0.4195508018289984 0
4261 4.334043215480526 0.4777176846966368 0
4262 12.27281374578003 -0.05368610341486642 0
4263 9.425035005985812 0.3400914512448091 0
4264 9.413458698172944 0.4059168049830779 0
4265 1.555450676178699 0.04975477815464689 0
4266 4.882672494483942 0.4357762092105217 0
4267 0.6818914302275034 0.3173944216729534 0
4268 9.880234451775996 0.4773213878404652 0
4269 2.562603505796277 0.4750632325200072 0
4270 10.43439749884014 0.4619805395175256 0
4271 10.46732984305175 0.4329941990558901 0
4272 10.52032387871324 0.4291080619227388 0
4273 10.58048830370359 0.4264528596362102 0
4274 7.745952328437779 0.4697678048154834 0
4275 10.6572406029069 -0.3251050039727981 0
4276 9.624468898824938 0.3444952162341699 0
4277 9.61164983147998 0.423784382913971 0
4278 8.537174852908729 -0.4635106985247115 0
4279 1.313749468214808 -0.3448038868705841 0
4280 8.171974908139674 0.4363017092468443 0
4281 8.229413706794912 0.4259706432961679 0
4282 8.285302647782535 0.4163996920746103 0
4283 8.347419484092349 0.4118931216860101 0
4284 12.32958811071149 -0.3159013140226674 0
4285 2.281627352587698 -0.3132624196557405 0
4286 1.122235851867195 0.4723170425700802 0
4287 11.87554117652661 0.4723988451806884 0
4288 9.825295316349361 0.346404740083377 0
4289 12.39418197264577 -0.4652673899375602 0
4290 5.312214465135394 0.4770055304035086 0
4291 5.319219225125521 0.4439211745120031 0
4292 5.36544401463811 0.4454714336889852 0
4293 5.417916741323212 0.4282324044192003 0
4294 5.347040791108978 0.3832115241697653 0
4295 5.269828471191681 0.4172314616656619 0
4296 5.209653341040971 0.3681510668987192 0
4297 5.216184844826952 0.4365043655408042 0
4298 5.163768443303122 0.4272754821602929 0
4299 5.107294832211383 0.4212599842337522 0
4300 5.133804088620821 0.3612240637761212 0
4301 5.478649494731445 0.4174301249832245 0
4302 7.990350998878051 -0.0439091530913162 0
4303 4.569360213522161 -0.435212893998095 0
4304 4.518204554935734 -0.4234553832973501 0
4305 4.557385469616033 -0.3635082600317027 0
4306 9.619707414263955 0.04593134107502829 0
4307 1.000485467908717 -0.3192243404249352 0
4308 6.780487920600937 0.4700104454712281 0
4309 6.767179403544533 0.4311767845978605 0
4310 6.715214388184404 0.438796615775072 0
4311 6.663242601351512 0.4406850124664391 0
4312 6.609912967941778 0.4144075214661646 0
4313 6.543359032535967 0.4075247461534787 0
4314 6.747889934228141 0.3789944903957262 0
4315 6.811168026733696 0.444336454530685 0
4316 6.86074397047101 0.4341341042719022 0
4317 6.927974746234016 0.4226723560310475 0
4318 9.458155283026784 -0.4772611031632237 0
4319 11.63534933922793 0.3106076109955768 0
4320 1.01469149235126 0.323415681446022 0
4321 0.6045764925948485 0.4757155247530451 0
4322 12.3911495362864 0.469391000606541 0
4323 1.616284849691342 0.4693419540182849 0
4324 1.593705370463687 0.4327482888193916 0
4325 1.550700478581749 0.443576097591278 0
4326 1.646167468303131 0.4390787832969634 0
4327 1.616236967459591 0.3811013079463341 0
4328 12.72743800163917 -0.3270443696952498 0
4329 2.674029100848826 -0.323185789139197 0
4330 12.59133408468814 -0.3020347426409266 0
4331 0.1150581179366501 0.473537988331941 0
4332 0.1280431115001454 0.4322768319903791 0
4333 8.641614324355579 -0.04553514546600624 0
4334 8.969183279503918 0.4751675720241659 0
4335 8.979305982036372 0.4392501705431739 0
4336 9.024103068796869 0.4441156855677879 0
4337 4.036927430422217 0.4702706287021912 0
4338 4.022579809618976 0.4307320249650891 0
4339 3.964236715984669 0.4349071084676555 0
4340 3.996892218240298 0.3777108436473349 0
4341 4.066385074366402 0.4450899044034516 0
4342 13.23012840949371 0.4163679289100726 0
4343 1.339944793965935 0.3035372299875095 0
4344 6.894958112742483 -0.3673137857367617 0
4345 12.76788307669316 0.3190532855650245 0
4346 12.62562730264953 0.3043649999914001 0
4347 12.65335662642695 0.3789341824032901 0
4348 12.85715684623644 -0.4757835239252394 0
4349 0.1324933737099713 0.04564337704495988 0
4350 10.39735876637119 -0.4719503281383745 0
4351 12.85585555719882 0.4732876077382039 0
4352 2.040120113085745 -0.4427826396521597 0
4353 1.996805221772982 -0.4318505996760071 0
4354 1.947668148308841 -0.4393098787249285 0
4355 1.889828955496863 -0.4242077103508689 0
4356 3.947799195741144 -0.3115137514636544 0
4357 4.049020919880575 -0.3919803538369552 0
4358 2.040378138829171 -0.4762430988509061 0
4359 2.937037569483234 -0.3049239398445543 0
4360 12.4898967902881 0.3010498603155006 0
4361 2.467858775069604 -0.4633721211420931 0
4362 10.82775564775142 -0.4737129932876524 0
4363 3.675229591426118 -0.2969687729239664 0
4364 3.228589813101403 0.3053295754782229 0
4365 1.808081950727224 0.2982472529730267 0
4366 11.59174318783247 -0.0478491653202212 0
4367 12.09569654037245 0.08237701728527255 0
4368 1.951483329555395 0.3090217567580671 0
4369 3.538949333247189 -0.3027461922448795 0
4370 1.518945774092783 -0.4716044703317702 0
4371 4.089293591387904 -0.3319914360565002 0
4372 4.239848878615833 -0.3397168865470892 0
4373 4.199351338952112 -0.4066663165735636 0
4374 2.630991986205872 0.4671064822170695 0
4375 10.36792244081294 0.4747600046233164 0
4376 10.36104199085975 0.439063727977065 0
4377 5.512400805004295 -0.3073234972224591 0
4378 11.34723944088122 -0.4657998935803311 0
4379 5.737779903100351 0.04219592816539301 0
4380 5.704261997139665 0.08004121612155565 0
4381 3.537847140313014 0.4693417852950295 0
4382 5.249478036858614 -0.3108835823530505 0
4383 1.55275538885668 0.4769445824825989 0
4384 3.023695553340926 -0.4735401583906782 0
4385 2.995382219335141 -0.4641100850462479 0
4386 2.977355368225806 -0.4357716682641153 0
4387 2.929074885238695 -0.4335033765016225 0
4388 8.548847549585586 0.4754570731226793 0
4389 8.558007767969443 0.4422165136930423 0
4390 2.819140374994359 0.3105890858223315 0
4391 4.491131556686454 -0.2868054761381041 0
4392 2.684662924758003 0.2872279416304645 0
4393 4.717772009519784 0.1911062913037245 0
4394 4.625446843403109 -0.2898172328981878 0
4395 5.368558478193298 0.477988194314188 0
4396 7.625656969863585 0.4663824783527181 0
4397 10.91627587737034 -0.354710648904061 0
4398 12.9227148945369 0.04495259225987509 0
4399 7.163407023098793 -0.05207476788373111 0
4400 10.83167507812493 0.4681050440302886 0
4401 4.761384670511434 -0.2934302954874244 0
4402 5.177951001856638 -0.3120002207220411 0
4403 9.873753703269475 -0.4722531221327262 0
4404 4.888406209558697 -0.308664037057631 0
4405 6.715482340282648 0.4754078040529246 0
4406 6.667281035719692 -0.3780602159206638 0
4407 6.441798138570174 -0.3698442674015389 0
4408 3.999035894833335 -0.465606668034654 0
4409 5.031560273134426 -0.3070929622017016 0
4410 4.11038217602711 0.1978589282200206 0
4411 6.648673475833686 -0.4673606559594417 0
4412 1.646131074522017 0.4737310923054317 0
4413 11.80689732793699 -0.4711648465632887 0
4414 11.80560121430372 -0.4302063892558676 0
4415 10.27019943420427 0.337697818385302 0
4416 5.801160208004116 0.4734231224109342 0
4417 4.152493625500664 0.3883861725540296 0
4418 3.082167691564814 -0.4770182535000462 0
4419 7.570091452685556 -0.4760934454200659 0
4420 4.885722113451603 0.4752786984677663 0
4421 6.578184553833129 0.3341645891914845 0
4422 10.46483395992614 0.4737604909461166 0
4423 9.026939458963206 0.4758528844853792 0
4424 3.969618222278469 0.4748362144121201 0
4425 5.929048672946935 0.3491115010231255 0
4426 7.680505481320056 -0.3210002584060466 0
4427 6.521002296669909 -0.37754346747643 0
4428 7.604871605483641 -0.04786291728625262 0
4429 7.606773946382665 0.04694419485023291 0
4430 8.963534883754111 -0.4697604576039515 0
4431 8.984028268943035 -0.4395866225920514 0
4432 9.028346774666407 -0.4385083507891852 0
4433 8.991793879652315 -0.3865859065680894 0
4434 12.33303825751726 -0.4717118210489569 0
4435 12.35387476334474 -0.4404239077565564 0
4436 11.80791334691657 0.4666947336254115 0
4437 4.986836867165259 0.3675563995022191 0
4438 7.832016330458155 -0.3243295034659956 0
4439 7.862633003449014 -0.3886460892714203 0
4440 7.95540726418575 -0.3913794932703796 0
4441 9.399532639158123 -0.4721310947278392 0
4442 1.35005890240887 -0.04378057032416464 0
4443 4.810151267975775 -0.04256106322506049 0
4444 8.106167987790261 -0.3159486181791491 0
4445 1.947683154611513 -0.4752951979431667 0
4446 4.602088742936219 0.1437496349340667 0
4447 0.668346951711321 0.4767980286658681 0
4448 0.6717180499993829 0.4377112443280767 0
4449 0.7215336701361139 0.4410830950520235 0
4450 0.7066335583681269 0.3858246036072109 0
4451 12.33232197774423 0.4736169468092326 0
4452 12.35100618677381 0.4385110847395384 0
4453 3.853272921327985 0.3801098304400772 0
4454 0.04296353099173815 0.4743103264682765 0
4455 2.531783941811852 0.4690768140527913 0
4456 1.496390310102859 0.4361153566176498 0
4457 6.857289500090659 0.3196593030319851 0
4458 7.419968968534843 0.3791026963161402 0
4459 7.188362980238854 -0.3639581511455009 0
4460 8.048906743127153 -0.4738392187009084 0
4461 8.059985471574246 -0.4421619164690461 0
4462 8.012235730893131 -0.440968560234702 0
4463 8.111172194120952 -0.4366679892856352 0
4464 7.975401205750796 -0.3194221040817173 0
4465 12.79310604587369 -0.4668630193150974 0
4466 10.46621593852866 -0.4657717569025948 0
4467 0.2052255459103833 0.4750665942385571 0
4468 0.1872183970220358 0.4413638699077296 0
4469 12.79433923645284 0.472673501311508 0
4470 2.810251376873427 0.4436965661848566 0
4471 2.761616070665021 0.4321886698840287 0
4472 2.707916546313947 0.4225242401546546 0
4473 9.003554361726488 -0.09441487662031046 0
4474 2.404973315073877 -0.4737245645581969 0
4475 7.13668703217076 -0.4714744422324538 0
4476 9.347810929017935 -0.04363391795765226 0
4477 0.6646838222805234 -0.3340407461235944 0
4478 15.28611345076396 0.2500166741478725 0
4479 8.176914290054256 -0.09010403295420598 0
4480 3.496592633596333 0.3235014157410165 0
4481 10.01808710437654 0.3477880143642805 0
4482 6.219183756513044 -0.4739163935021427 0
4483 2.929470294071803 -0.4738905911951246 0
4484 2.689263406058141 0.4671591161068461 0
4485 10.31137151567806 0.4732949755154658 0
4486 9.026516632836545 -0.4767557680931075 0
4487 7.859036411080504 0.3401167995145637 0
4488 3.681237552351873 0.05106161923168764 0
4489 3.657606176109231 -0.04545163732778434 0
4490 3.607007088954721 0.4752224209398279 0
4491 5.79600989036164 -0.3179348199901949 0
4492 8.302031181861528 -0.385262217239876 0
4493 8.895114045476072 -0.3311141348151495 0
4494 8.111499160708851 -0.4758208887814497 0
4495 12.86926355184735 -0.4420845576669651 0
4496 11.50777452490341 0.4708560784039786 0
4497 1.493593817947753 0.4747254700258322 0
4498 0.9029278973314885 -0.4699707482214749 0
4499 7.075167208747752 -0.469738974890605 0
4500 8.48202460215083 0.4651782569964415 0
4501 7.27215717598285 0.04270229876122466 0
4502 7.195446844615322 -0.4732019897774885 0
4503 5.426948587517405 0.4726036500582185 0
4504 7.571639582506208 0.4776602094617771 0
4505 7.58268626785531 0.4425392056757107 0
4506 6.926772374034337 -0.4151706855547826 0
4507 5.673989286202282 -0.4769218506885129 0
4508 6.163169562066273 -0.4689343670451805 0
4509 7.009061351287309 0.3202736393339915 0
4510 6.657284196952585 0.4750870786335709 0
4511 9.392864613796048 0.4741866997686199 0
4512 11.11349497606533 -0.3245578150444829 0
4513 1.704565994565007 0.4749543621325398 0
4514 6.590206434191335 -0.4662605874406618 0
4515 6.567770794930416 -0.4250873555891284 0
4516 11.74780302205976 -0.4717892351982952 0
4517 6.522825028369788 -0.4414544377992803 0
4518 9.370347935606164 -0.3544542161935352 0
4519 5.738002855368245 0.4629968089635806 0
4520 7.723759593203527 -0.388576518968489 0
4521 9.223941915602618 -0.366946672829337 0
4522 8.174344988764684 0.4745766698750564 0
4523 4.826253527978922 0.4774248084249257 0
4524 12.86783108430965 0.04722850926862177 0
4525 9.257823405576808 -0.4219252067718926 0
4526 9.205644693733392 -0.4280097593923656 0
4527 10.52464189788135 0.4717986682830604 0
4528 9.702795830679197 -0.3788935838547652 0
4529 3.907799842702945 0.4779082220139076 0
4530 11.43917525106255 0.04584497339844915 0
4531 0.1692385271024042 -0.2411438683386137 0
4532 4.276662263941808 -0.3954200158412867 0
4533 0.4454269631598753 -0.4691981270851023 0
4534 0.5031282601513203 -0.4770283068345941 0
4535 9.082393776075492 0.3644252082258913 0
4536 11.75028459277259 0.469176816162488 0
4537 11.73083682365879 0.4297933639932414 0
4538 10.17507356509996 -0.04466552055361245 0
4539 4.361742020186938 -0.4785870666349532 0
4540 4.302681966092321 -0.4778906592812797 0
4541 13.27163078243275 0.1301767054838023 0
4542 5.363829136460888 -0.4687002925973832 0
4543 5.38844191337774 -0.4333705631899425 0
4544 9.332577952204877 -0.4652107799350093 0
4545 11.50686658716419 -0.4764870950427573 0
4546 3.417033401991286 -0.4660432664449565 0
4547 8.356943580701754 -0.4395696693836919 0
4548 1.886354599353753 -0.4739763368454949 0
4549 10.78003348904118 -0.4504589345295132 0
4550 5.72151597680624 0.1310291723953115 0
4551 5.657687027273205 0.1207091819028955 0
4552 5.656723103222167 0.05979023913919548 0
4553 5.633926836145761 -0.0439087781695993 0
4554 0.7262198336638067 0.4745264982407001 0
4555 4.452197809958616 -0.4746538967402033 0
4556 5.504238267293729 0.3530884788605906 0
4557 5.212003123109175 -0.4701318485220541 0
4558 5.227225499643364 -0.4386899796834596 0
4559 5.274154873586778 -0.4740239077792749 0
4560 1.766651339472075 -0.446182394800154 0
4561 16.46480401257096 0.2196156482969661 0
4562 0.2674042227188583 -0.04312334980059047 0
4563 0.7838615135354624 -0.4234843478420169 0
4564 9.653429866798287 -0.4395014306828346 0
4565 9.595463878869399 -0.4315267918975257 0
4566 6.34578077742493 -0.4371513552238302 0
4567 6.404843688070434 -0.43639547158653 0
4568 0.7210795763800136 -0.4391436662766523 0
4569 12.73286733092915 -0.4697055062753314 0
4570 9.510913490946848 0.04625496014910194 0
4571 10.52456210177474 -0.470753390714257 0
4572 10.40320141643534 -0.04148327566603779 0
4573 0.269272447077078 0.4744416397283031 0
4574 0.286760658987856 0.4358230319712344 0
4575 0.3524987792481556 0.4137024892118502 0
4576 12.73300530929751 0.4711635582202536 0
4577 12.70137647787776 0.4363298446407992 0
4578 5.355954213901096 0.05230818552718076 0
4579 5.361655861638759 -0.04364940720212802 0
4580 0.0449641289748417 -0.4753831372810303 0
4581 0.1388541170070032 -0.4747347931256768 0
4582 8.017280044269317 -0.4778865781254082 0
4583 6.621054628620135 0.0437977117463284 0
4584 0.2611446092933272 0.04355311684226636 0
4585 9.516890213924542 -0.04411330783408021 0
4586 2.241056025166184 0.04081807842584995 0
4587 6.676384020944546 0.04515965327492318 0
4588 2.728433944813872 -0.04789987867772054 0
4589 3.268375476346983 0.4332557506251674 0
4590 2.871440725866033 -0.4769605485888002 0
4591 2.753682066626058 0.473208248646768 0
4592 10.24410807441801 0.4665614993759267 0
4593 10.72081906678458 -0.04444416397098665 0
4594 1.852212311132728 -0.04608324788628489 0
4595 9.335242865898783 0.471214384858026 0
4596 9.367119332744384 0.4406453572003657 0
4597 8.175230292053506 -0.4773791790859431 0
4598 8.187478068704014 -0.4396638848993755 0
4599 0.05272380421079942 -0.1142239121744243 0
4600 11.7694662107001 0.04508699539237713 0
4601 11.70914051818045 0.04953840211509346 0
4602 7.31836382125481 0.4357976557621746 0
4603 0.8420157216101272 -0.4756078530500287 0
4604 7.262802958413813 -0.4655241273785695 0
4605 0.05545180272220235 -0.4034986255586499 0
4606 8.04454598047349 -0.04119213802239481 0
4607 0.1005367055240794 -0.04314291712031884 0
4608 5.491884383679982 0.4664628891215502 0
4609 5.615651800234229 -0.4728614736799605 0
4610 2.000118378530743 0.08298578593266967 0
4611 5.686309976550888 -0.04388736863498061 0
4612 6.593911936075491 0.4659653217653171 0
4613 6.525905024469328 -0.4756624256254092 0
4614 1.773678671048639 0.4704157737609963 0
4615 5.429758777488304 -0.4614400536331942 0
4616 6.470135843707151 -0.4335756877769496 0
4617 8.233728242329194 0.4719860193536478 0
4618 4.505847202591691 -0.4680634707216512 0
4619 10.58534955998516 0.4708585631498261 0
4620 12.6847589138641 0.07906375346496151 0
4621 3.849393355919275 0.4731068743815088 0
4622 13.11577377127087 -0.3214563854547576 0
4623 8.356964311715194 -0.4775173821183272 0
4624 2.057783379344776 -0.04452666913318427 0
4625 9.275005096041717 -0.4661193489630436 0
4626 6.733209450921838 0.04404589426073606 0
4627 5.758235362739384 -0.3798281653787102 0
4628 1.821604552443331 -0.4735095452781962 0
4629 1.816643760135532 -0.4335523937956308 0
4630 3.149038795137359 0.4736418975051436 0
4631 0.7924053026072415 0.466299457688044 0
4632 4.126139270232596 0.4702561628385438 0
4633 4.110192381048277 0.4322666473890248 0
4634 4.064862065365582 0.4773441800867271 0
4635 8.935209648641983 0.4624972283689796 0
4636 0.2062421048462778 -0.4685111620775287 0
4637 7.042066662601593 -0.3579478208515372 0
4638 2.685983163371768 -0.4725055317071432 0
4639 12.73011057447087 0.3752635763076756 0
4640 8.024627350888146 0.475007366059484 0
4641 9.213506211470722 0.4398072061548621 0
4642 12.6659141519171 -0.4773148160553655 0
4643 12.65324453462469 -0.4396281334461693 0
4644 12.62009479291255 -0.3742374533952154 0
4645 7.911244469607229 -0.08703988199012577 0
4646 10.57806281521974 -0.4662925267424801 0
4647 0.3266389681624211 0.4647560701383663 0
4648 12.66978079027708 0.4730802285920361 0
4649 8.258336292756084 0.3564643309175031 0
4650 6.808318860786276 0.476711660245336 0
4651 6.864393476051404 0.4732622305677232 0
4652 1.268570537959727 -0.1042964636696253 0
4653 0.3282194884106521 -0.4752414149087852 0
4654 7.777155646560203 0.4716428368053531 0
4655 5.284107625595596 0.4673528867036804 0
4656 2.347871911999094 -0.04499902893780855 0
4657 10.94689147538644 0.04329290756560983 0
4658 0.09501241518713766 0.07875991674215616 0
4659 10.53024933804666 -0.08802306102232804 0
4660 12.34900896180052 -0.3849609124355388 0
4661 2.811251305426324 -0.4757198175133637 0
4662 9.547920437295831 0.4764205958838976 0
4663 9.533534451177413 0.4398295678725428 0
4664 1.042553777505953 0.3883952050219595 0
4665 8.87093849396868 -0.0421942520444332 0
4666 1.508153524122629 -0.370258322707965 0
4667 1.192023836768243 -0.04647129510604645 0
4668 2.741525034974054 0.3604264282999639 0
4669 9.093778105225324 -0.437459919572098 0
4670 9.149035905243093 -0.4416889465258547 0
4671 0.3868649533498258 -0.4802220361685618 0
4672 0.3982253104572946 -0.4476768033433232 0
4673 6.703402703670919 -0.169473946702565 0
4674 0.9088294101508119 0.4673413773341785 0
4675 0.9285493001242412 0.4261201589711373 0
4676 5.739244214836373 -0.04368211972805964 0
4677 13.23553210601065 -0.416940923629119 0
4678 9.276137970451639 0.4686477584655617 0
4679 9.259698882705234 0.4399553930736158 0
4680 8.233664400449426 -0.4730524308491985 0
4681 9.804779099724399 0.04261540247662705 0
4682 4.027882718834611 -0.1013524813685043 0
4683 3.992942418914606 -0.0472443642200747 0
4684 4.630547201138651 0.04665665926405517 0
4685 0.7838757289278515 -0.4714184353139838 0
4686 5.066340855214198 -0.3701353260352894 0
4687 6.196333612499769 -0.4434112671759837 0
4688 3.165762223236335 0.0942550459091938 0
4689 6.450348053224085 0.04445771974314586 0
4690 4.641507531198078 -0.4651935931074596 0
4691 9.149000983561567 -0.476411512000438 0
4692 3.496750878277296 0.4406897540701967 0
4693 10.49982188028659 -0.4413153594016749 0
4694 2.183210193490224 0.04340865486530227 0
4695 5.547494004872416 -0.4681595187597198 0
4696 6.534067316797476 0.4627124855042732 0
4697 2.3379245795033 0.04941411620836021 0
4698 8.35728788294518 0.4639455010119795 0
4699 9.705743582300698 0.04813071261792471 0
4700 6.466997252207941 -0.4738432448583537 0
4701 5.490481638071776 -0.4733097116041846 0
4702 12.02934329904454 0.4389641727131932 0
4703 7.945289475446761 0.0874777688855677 0
4704 8.0506607770493 -0.379102870264131 0
4705 6.404741233839132 -0.4750690749380089 0
4706 6.248678800045654 -0.4381152271135109 0
4707 7.959942532342364 -0.4793090309023018 0
4708 7.901941887423664 -0.4777445232697477 0
4709 12.4324707739936 -0.1097788277636932 0
4710 12.4254690005069 -0.05234648681856804 0
4711 5.792691236855646 0.3396409697742724 0
4712 9.212558786969815 0.476221874458275 0
4713 3.786246251054894 0.4773220137548333 0
4714 8.295321402761648 -0.4740239077788695 0
4715 8.308803359991028 -0.4407692587924768 0
4716 0.4548670092752325 0.4732782560978726 0
4717 0.5138880324175689 0.4742960615510506 0
4718 9.548900212281586 -0.4776961314726858 0
4719 9.613826245473458 -0.4696938529813764 0
4720 3.383253449686654 -0.05068620492483212 0
4721 3.894997152721982 0.4415850731601957 0
4722 0.6515661283849353 -0.04074548434733441 0
4723 7.826700838469961 -0.04639081635805967 0
4724 0.7209602296221242 -0.4749714137507576 0
4725 3.56248428094021 0.4313138585284921 0
4726 12.81184389318122 0.04583895390500432 0
4727 3.794033203820535 -0.04236035634720724 0
4728 11.68459807757167 0.443737394621998 0
4729 11.63303502624018 0.4354295670116661 0
4730 11.67706156669289 0.3843934425409019 0
4731 6.804974987360929 -0.4757357853198448 0
4732 3.339477804961253 -0.4282038483308758 0
4733 7.904792092353008 -0.4426417932673923 0
4734 1.623967236962755 -0.03920080748703313 0
4735 5.087033682678246 -0.04206933354429955 0
4736 14.18099200004633 -0.2113178090357082 0
4737 3.366838499309226 -0.3527931786813742 0
4738 10.64042465200922 -0.08854224902643411 0
4739 1.37221258445707 0.4442473326389642 0
4740 1.427196454086643 0.4322087185689008 0
4741 12.19161444610519 0.04161397131309249 0
4742 3.07522436777912 -0.3016805408734123 0
4743 3.15124753232605 -0.3862074209636379 0
4744 5.475491551340878 -0.04311118254661345 0
4745 0.5336001946893136 -0.04200991439717512 0
4746 0.9173473405499614 -0.04462789911218007 0
4747 4.11934996161598 -0.4740239077792331 0
4748 4.136568688188082 -0.4400062199146305 0
4749 4.061629015435982 -0.4782687040211702 0
4750 4.241130195899478 0.4451837672671289 0
4751 6.987151547989765 0.440513965513539 0
4752 0.8505201292756506 0.4720815946093773 0
4753 0.7886655010353163 -0.1263483538019278 0
4754 12.64803481484671 0.4410991044043755 0
4755 0.6956079385396503 0.04121527437228855 0
4756 6.815523146891742 0.3865934336825879 0
4757 2.74562807502312 -0.46535114421532 0
4758 9.209775980079865 -0.4727103226786711 0
4759 1.027417079053439 0.03915769352263414 0
4760 8.878406145295271 0.4768059540988898 0
4761 8.887603579082054 0.4429069897551746 0
4762 3.085410204007841 -0.0905452644643861 0
4763 1.764133437039887 -0.4777405989880175 0
4764 5.092223594757229 0.466641709207942 0
4765 7.96248790172856 0.4686575630250147 0
4766 6.507347213783143 0.04321113174053413 0
4767 10.22954719401127 0.03453325047531219 0
4768 4.572728312058968 -0.4735968394402175 0
4769 8.29725309347045 0.466105923366148 0
4770 2.81143069126289 0.4764077264468788 0
4771 6.986434847152317 0.4757996586022901 0
4772 5.649019596104102 -0.3142176492235049 0
4773 9.901871304340684 -0.04227694543905007 0
4774 15.07905835924581 0.004928319009452976 0
4775 11.31834541523735 0.3637483531791854 0
4776 3.859427074382042 -0.04636023765633462 0
4777 7.839943365907514 0.4676716812128487 0
4778 5.217836359343675 0.4739152881691108 0
4779 1.723984472417555 -0.05249580954945034 0
4780 4.042741138112213 0.1249347595458269 0
4781 5.552124502599594 0.4618940581430534 0
4782 1.831340761123939 0.4658786821127855 0
4783 4.051250028554086 0.0448409934018187 0
4784 3.361746342562762 0.3083832819953284 0
4785 9.610104989728942 0.4716131249272553 0
4786 8.922196826216664 0.04035856667349841 0
4787 1.290840348013994 -0.4469549627674638 0
4788 2.126697562721017 0.04302277070403093 0
4789 4.239069221120033 -0.4740376225525159 0
4790 4.180887107095745 -0.4628733153850024 0
4791 9.47994962797171 -0.391261492368265 0
4792 8.697198038607372 0.4499235446000671 0
4793 0.39932456742126 0.4401363682819691 0
4794 3.056978607976056 -0.04093988983013422 0
4795 6.717746815463248 0.3216501449708988 0
4796 3.875256872146829 0.0392243267212624 0
4797 2.301888107857007 -0.3918272220721339 0
4798 1.504438323060568 0.04210842932305194 0
4799 1.469220006991805 -0.03889386763264618 0
4800 9.429336384368845 0.04364742870832127 0
4801 4.197080740752519 0.4313839847638186 0
4802 10.1139471530027 0.03743885275532743 0
4803 5.847187576585598 -0.04438188589671201 0
4804 11.27048666823871 0.09258776305172681 0
4805 3.697448387817745 0.3799978618939601 0
4806 2.539819155555163 -0.287172760943101 0
4807 9.862229570233126 -0.4354521512024345 0
4808 15.27900933988607 -0.2499075540345828 0
4809 12.02625448545187 0.2965092851095359 0
4810 6.981112087754016 -0.4752825755022524 0
4811 6.924295916666662 -0.4630851660985904 0
4812 11.56671154007294 0.4657784152645107 0
4813 11.58496448721647 0.4322235199958846 0
4814 1.430159185254359 0.4736630389063627 0
4815 7.836362789305413 0.04269682277112317 0
4816 11.05744862690021 -0.04012388773032743 0
4817 0.8036472019693335 -0.4504002322709271 0
4818 12.3659120270761 -0.04090116042851744 0
4819 7.842739174423361 -0.4769095504388388 0
4820 10.64119519690821 0.425851183273001 0
4821 11.30930763882851 -0.04620591563658552 0
4822 11.15643092417478 0.04383665328269464 0
4823 11.16438660020946 -0.03967756659111584 0
4824 2.61630200092779 -0.0405515121516901 0
4825 4.707350367181229 0.04334333322643301 0
4826 7.580506787222474 -0.09555073887006416 0
4827 3.805950691854445 -0.3119797548582922 0
4828 10.29959462360818 -0.04770311990271726 0
4829 12.61128068305645 0.4691926014286123 0
4830 12.54845033742606 0.4690156015438832 0
4831 0.3943825138539707 0.475335089056564 0
4832 3.783467553060699 0.4452725541341055 0
4833 3.736149448545311 0.432043696277745 0
4834 11.68548422722761 -0.4677922860944141 0
4835 10.70825694902822 -0.4740239077786993 0
4836 10.69756354259314 -0.4331359562431321 0
4837 10.65570341479291 -0.4631744098164413 0
4838 11.56463286148642 -0.4731964715429214 0
4839 11.62453436578098 -0.4702042002259369 0
4840 8.026062573510723 0.1458883126852144 0
4841 2.994881848063151 -0.04137236487629133 0
4842 12.61031634210815 -0.4705477093394518 0
4843 3.989304301781536 0.04291756011853379 0
4844 9.338069720395648 0.05046440860637002 0
4845 0.0974489985125537 0.1338520858959844 0
4846 6.068566024956011 -0.04412964318458629 0
4847 1.371517645478124 0.4771322265049377 0
4848 11.68771590119352 0.4765829387125181 0
4849 11.63107292233842 0.4739814966849615 0
4850 3.15983255987531 -0.04004907389646103 0
4851 6.866472538393328 -0.4770992735247213 0
4852 6.87661686960057 -0.4385647197422558 0
4853 4.045571495404771 -0.04593129059487332 0
4854 14.12916688127235 0.2029301262123442 0
4855 0.4751328515195549 -0.04306059717361961 0
4856 11.02169951318497 0.09068149954490107 0
4857 7.351573522675462 -0.08993762486537715 0
4858 10.64630706829962 0.4707153290463023 0
4859 10.17726936994065 -0.383753394801887 0
4860 11.11428724713991 -0.3843698036050474 0
4861 5.901576951518495 -0.04465108877687408 0
4862 11.5214305019763 0.09035328444084076 0
4863 12.29145569104214 0.4501343372346667 0
4864 0.8303437842005187 -0.08847232242194383 0
4865 10.45298290132606 0.04278672681762281 0
4866 8.643010667606832 -0.4421960313374427 0
4867 5.02382244934614 -0.4366222298768185 0
4868 3.931463595431181 0.04211101396884945 0
4869 3.926606045201742 -0.05399909236383999 0
4870 6.999203945067096 0.04539229457978694 0
4871 12.09726402674612 -0.04326323862805222 0
4872 5.940346271757535 -0.4378174352637004 0
4873 2.275756195687682 -0.4417043781191471 0
4874 11.56504976404057 -0.1298968178738438 0
4875 4.181045942417979 0.4678324870544313 0
4876 4.243393051688826 0.4776257789579366 0
4877 2.082734190778746 0.3008819661989187 0
4878 5.16002069716327 0.4718440628054903 0
4879 7.911575684669806 0.4652414979873557 0
4880 2.237240279542783 -0.113638617470802 0
4881 5.196188452643159 -0.04433434958007614 0
4882 8.25990300244657 -0.04311103612521128 0
4883 7.135226461905786 -0.1034291061633016 0
4884 6.925754931787056 0.4709336207100694 0
4885 0.3508622433546899 -0.1047524724822563 0
4886 0.3330802232799937 0.08945449062884377 0
4887 8.231584499881418 -0.08733228133560068 0
4888 2.429726102635732 -0.09753155525201308 0
4889 3.393681334745184 0.04254935041635063 0
4890 6.176656262136455 -0.04043261499684412 0
4891 12.1637820702748 0.3160803701787736 0
4892 12.28886618220428 -0.1156592064545621 0
4893 10.83690387070274 -0.156738895165732 0
4894 0.4705592303640406 0.04168959878875513 0
4895 4.467261246070255 -0.4393745114888536 0
4896 4.332397225915408 -0.04502872879623581 0
4897 12.47442389967378 -0.03920223566924363 0
4898 12.4846800452248 0.0445182406628627 0
4899 9.572099170445309 -0.03990201918926724 0
4900 1.68411693977894 -0.09395534698822387 0
4901 6.789723689249938 0.04017066512319911 0
4902 13.34937080478865 -0.3914482910230723 0
4903 2.302964733239808 -0.04184759590810033 0
4904 3.135738360031133 0.3879228967576926 0
4905 0.9668305599848814 -0.03543746976915901 0
4906 8.123292820141442 -0.08783583130028993 0
4907 6.123502256718488 -0.04200495276630213 0
4908 3.338162678277042 0.04235966898281733 0
4909 5.530052377834243 -0.0413665772669395 0
4910 0.06985279972985038 0.4414530739146368 0
4911 4.371005563559496 0.04089556203226088 0
4912 11.38567807007874 0.04225107217223398 0
4913 11.71914151271985 -0.044266467260484 0
4914 8.315230802924335 -0.0421492030643721 0
4915 13.43806529388346 -0.2991745558143006 0
4916 3.449401025522523 0.03853763981732022 0
4917 9.252725120382745 0.03808434726757932 0
4918 8.418809414801222 0.03859951015441671 0
4919 8.458979900487819 0.06511544986087314 0
4920 0.4889935419537578 0.4501877953306451 0
4921 2.551932113270617 0.08951427392795944 0
4922 12.76128769123133 0.0421393537322689 0
4923 12.70451942341391 0.0388978201226281 0
4924 6.564004340964978 0.04304436705742566 0
4925 11.26440209409088 0.04192618290505294 0
4926 1.807994061845523 -0.04065310284827533 0
4927 10.8234289393665 0.04481660912380332 0
4928 12.83030571067561 0.4390794975881852 0
4929 10.72708516893496 0.03619541681609556 0
4930 5.417274308183842 -0.04361586177418248 0
4931 6.142568173227312 -0.3623798830907913 0
4932 12.34843689975146 0.04886365828317066 0
4933 4.995522658244871 -0.3735907752862775 0
4934 9.904697325324051 0.07592857900442558 0
4935 8.370176336945939 -0.0394334099085725 0
4936 6.301839274861422 0.3228109314776547 0
4937 8.253318803605504 -0.4382957218152281 0
4938 10.3336768353581 0.04082714855177023 0
4939 1.481872816182255 0.3047460812731153 0
4940 6.012712417910496 -0.0447421541981755 0
4941 7.121254755754823 0.3624192626432345 0
4942 0.56647201637397 0.04856216170432229 0
4943 12.67296544930351 -0.04241031429131782 0
4944 3.049626454773687 0.44306416254414 0
4945 9.300619670567929 -0.03574481473609431 0
4946 12.52181297779845 0.3765591829771066 0
4947 1.85998256479097 0.03854852043327068 0
4948 5.956513969398046 -0.04440037344479818 0
4949 11.97377867268775 -0.05074817419114003 0
4950 2.01934196338576 0.03883435354766039 0
4951 7.053958185001071 0.0321664515828092 0
4952 12.7158105879665 -0.4303383870817651 0
4953 2.241916653915272 0.1531154684803032 0
4954 8.950929930978308 -0.1073291009992907 0
4955 5.293851920064869 -0.3715961085825278 0
4956 3.828965217345837 0.4330835097027217 0
4957 12.09540339250686 0.04133955490838842 0
4958 4.390477817387849 0.0810792891296698 0
4959 8.083324852791598 0.1486856952016764 0
4960 0.8406123525908074 0.1021147894296228 0
4961 4.538994071324773 -0.03591488749104512 0
4962 8.802774188770012 0.08901146591020274 0
4963 7.580402881836705 -0.4406255384343818 0
4964 7.960293143524588 -0.4495865008861726 0
4965 13.66497506527589 0.1662945438397425 0
4966 11.87836491056222 -0.03655387493473915 0
4967 2.235425226374223 -0.3638689114969782 0
4968 6.512909986619336 -0.04558981472396841 0
4969 7.881005243905155 -0.0446799261275487 0
4970 5.793172375433453 -0.04377306408102723 0
4971 1.657411422442166 0.04505154877063019 0
4972 9.514209606842336 0.1027960029752071 0
4973 6.033444529348751 0.09730210659742408 0
4974 8.645447638161485 -0.1710984685468016 0
4975 0.1019683071834098 0.1961822856184373 0
4976 5.693555437528258 0.03652768023163139 0
4977 4.314065122110144 0.04000438956578845 0
4978 9.703972701203185 0.1028851839593167 0
4979 2.77588632240329 0.03817574967546002 0
4980 2.073014155338943 0.03996649455368283 0
4981 0.09435917521080084 0.03516690520845408 0
4982 12.99946252965954 0.1218572709763532 0
4983 6.127693847780685 0.1058626539394953 0
4984 10.81624272670023 -0.4380601567308904 0
4985 13.03016708040428 -0.02697633368373906 0
4986 8.764211762511675 0.04122948876247565 0
4987 8.09648392508026 -0.03737748117339301 0
4988 6.945197070894146 0.03342135909515694 0
4989 5.826065804770498 0.390171440148925 0
4990 10.28584848113233 -0.1003520552548079 0
4991 1.69246679373011 0.4417296410013215 0
4992 10.00119455570377 0.0409292009326243 0
4993 0.5376347341245667 -0.1070016133119358 0
4994 9.320695647441122 0.102593757959678 0
4995 5.381802835161459 0.1037299498807953 0
4996 3.881270951411932 -0.3960009043330754 0
4997 3.591175654618138 0.09923704847147286 0
4998 3.598141003375769 0.04811094414358878 0
4999 1.162784480434934 0.09150384646748741 0
5000 6.8876221065142 -0.1534692404429042 0
5001 9.334133975846822 -0.1314859157464575 0
5002 11.77534751602757 0.4401362979131141 0
5003 9.670005743337374 0.4397627138051177 0
5004 8.91735880728643 -0.03468163343912255 0
5005 9.190076664727032 0.3957753548243818 0
5006 9.421099103926611 0.4506514337426547 0
5007 11.65099996401937 0.03976385019731217 0
5008 12.84678766433584 -0.0427538314204212 0
5009 3.733782749209507 -0.04227966044756036 0
5010 8.426506968262519 -0.03814899645687561 0
5011 3.292613658748017 0.03917770216353643 0
5012 0.969338350312465 0.03630799032800437 0
5013 0.2160307508510894 0.03813540233387121 0
5014 6.894965228495941 0.09840374260818188 0
5015 5.251614882273726 -0.04498779560685354 0
5016 12.64944994485508 0.03862167410193284 0
5017 9.079707074897774 -0.03732682682717959 0
5018 10.21967578758559 -0.03892153930201808 0
5019 3.05310865275766 0.03877289949863207 0
5020 11.11961736329744 0.3826867499532516 0
5021 2.714513393031113 -0.4409964170706871 0
5022 6.853654393357321 0.1231563293105832 0
5023 2.941792322318669 0.04346212965106269 0
5024 10.90245625706097 0.0382085311390049 0
5025 4.448225451871532 0.3638153985576137 0
5026 6.969064885244149 -0.4404491358109027 0
5027 0.8266542932657421 0.4439772998061078 0
5028 9.715204680108757 0.4310214132650824 0
5029 5.142068091931496 -0.04209943575300763 0
5030 8.452497070783394 0.1194481610250147 0
5031 8.509607646760671 0.1047588186833243 0
5032 8.510121629708948 0.0445001549786018 0
5033 3.409386968977684 -0.09609020000985952 0
5034 2.034070701729111 -0.3898594649805901 0
5035 2.956102096024234 0.2861864670685824 0
5036 1.785016117839518 0.03557729683214694 0
5037 9.045205732874773 -0.08499193623759556 0
5038 8.405474343587501 0.321138711864295 0
5039 4.647379453768119 0.1271921673856695 0
5040 1.372823884076108 -0.3648472246846468 0
5041 0.6527353000246657 0.03683797467134366 0
5042 7.913295645076303 0.1259345072228639 0
5043 2.998444318270853 0.04243922342571232 0
5044 8.873241965418362 0.3886902292263802 0
5045 8.940854854495342 -0.4310659816084206 0
5046 0.1076985330739168 0.2653174767016938 0
5047 0.1527260296230016 -0.297257953030851 0
5048 1.927696978416639 -0.09997635635847472 0
5049 11.79981210640294 -0.09554105093541487 0
5050 1.964723986429096 0.04094866714875151 0
5051 6.568811692231106 0.1277760148148612 0
5052 5.89292586339024 0.4266267045163934 0
5053 3.75861140224783 -0.3711934370269879 0
5054 5.740748413431627 0.1766826578161443 0
5055 11.26360267129423 -0.0397426220986207 0
5056 11.3927220750607 -0.03778959586883136 0
5057 0.1509824358816555 -0.03495087532430633 0
5058 3.823833315346581 0.03349637700905688 0
5059 11.31674348650439 -0.09819744730531693 0
5060 12.86890028665512 -0.0970430931548158 0
5061 4.916909227792018 0.03469199671457931 0
5062 10.83593589298619 0.09773814945928251 0
5063 4.258034373260378 0.03733592425501861 0
5064 12.03684374536108 0.03662394652178809 0
5065 10.52696637497754 -0.1322860825892618 0
5066 3.181904201635837 0.1446362412228254 0
5067 7.103565831212962 0.03662668220374501 0
5068 0.4806374536438152 -0.4570788369333821 0
5069 0.7809875160722748 -0.08198321277288073 0
5070 10.91132441016815 -0.04230379731334895 0
5071 12.59543464267635 0.03877467707656177 0
5072 10.65188955068904 0.09376620398110092 0
5073 6.564962002849628 -0.03658406138721456 0
5074 10.00871000642599 -0.1401347966915872 0
5075 0.1040027606581842 -0.3871365663343288 0
5076 9.321520342293791 -0.1813281157943235 0
5077 5.633771445080956 0.175635832233484 0
5078 12.58812455613014 0.3571448684406289 0
5079 6.622102378406363 -0.4305558067200839 0
5080 6.837334765694324 0.03264445898797474 0
5081 12.60946876951855 -0.04888223245386519 0
5082 5.618710484128142 0.03820805781593397 0
5083 2.359312470947537 0.3236222329831297 0
5084 2.460347105075118 -0.1439268644312947 0
5085 10.47032611005313 0.09386475036167419 0
5086 7.617088735191461 0.1320796074733029 0
5087 0.5815682260524242 0.09706885194367422 0
5088 11.90613874129635 0.09912117806870291 0
5089 8.482067094049356 -0.03469185959905779 0
5090 1.353458774232524 0.03456539788781686 0
5091 5.994037978779921 -0.439215398625174 0
5092 5.196654762891569 0.148530228661391 0
5093 8.68722127545205 0.03815277143740607 0
5094 3.297662737668309 0.3643991138288811 0
5095 2.380923540498986 -0.3901678550346004 0
5096 0.4462915106189063 0.4365558574440188 0
5097 1.909527871773031 0.04051237180714419 0
5098 8.632324421267956 0.0397960566947925 0
5099 3.700926331129812 0.0954378766765516 0
5100 6.444175274166803 0.3223057137503698 0
5101 1.147488712989419 -0.03874912195574823 0
5102 12.54713131254849 -0.4717076342907356 0
5103 8.574468813541314 0.04061003711836116 0
5104 12.36778189187584 0.0962788035589693 0
5105 3.641839783486623 0.04013364592564798 0
5106 2.226396612881979 0.4401925878405618 0
5107 4.587561264495823 -0.0397292427989752 0
5108 11.55164214251033 -0.08542396790013697 0
5109 10.83562002114253 -0.03240843540849233 0
5110 2.940879596488283 -0.03831577928533866 0
5111 12.08986616417168 -0.3865777590129407 0
5112 8.598775613592125 -0.3421887009986815 0
5113 5.375826928624665 -0.2954344244643629 0
5114 2.811175634058735 -0.09413921795934449 0
5115 5.982334456779086 -0.1770233506406986 0
5116 2.722382677033256 0.03642136220660664 0
5117 8.970829886596841 0.03397813573227432 0
5118 12.9823793633593 -0.03393731040295737 0
5119 1.680301722635088 0.09332364758970907 0
5120 4.4650316103167 -0.04027654328613757 0
5121 1.800177349290037 0.4534989833829437 0
5122 7.185976901771402 0.1573000214879451 0
5123 9.945135657067414 -0.4349632639605299 0
5124 11.7659387513492 0.316188364544273 0
5125 4.977911592292318 -0.04284212841283131 0
5126 4.358130691110697 -0.1036165436891155 0
5127 13.76340364487476 -0.2665049914388448 0
5128 0.315089491082687 -0.03207142681945876 0
5129 3.090904239073242 0.2891317694916497 0
5130 2.012624040536308 -0.03670330482843678 0
5131 13.24019537446053 -0.1387675724122948 0
5132 12.96934679981128 0.03934348759810355 0
5133 10.96797111865363 -0.09440487564719553 0
5134 2.908702914736525 0.08780682064243842 0
5135 10.56303156439161 0.03579794005158094 0
5136 10.85258104943893 0.4403788825404964 0
5137 6.327959375786136 0.4448455862887127 0
5138 10.4520590122311 -0.03186258321454216 0
5139 11.10938852652365 0.03404313890883914 0
5140 2.446755870039154 -0.4315998839041523 0
5141 13.05622427199573 -0.2948737395893968 0
5142 2.818534743315684 -0.4437593874640247 0
5143 2.49440890837311 -0.03954903334921507 0
5144 2.978122212759019 -0.3806260259098213 0
5145 9.947348069326786 -0.03649918779884384 0
5146 7.615175061793636 -0.3134744233900341 0
5147 12.3166233773568 -0.03265430489004827 0
5148 5.765427085314051 -0.08673859020557044 0
5149 4.026456243483752 -0.4376891196999959 0
5150 4.924858672974925 -0.04054818649654327 0
5151 6.383758654318518 -0.0402010798538544 0
5152 2.216761416475878 0.3107427566988881 0
5153 2.153264866738969 0.3827140092553608 0
5154 9.675289240277532 -0.141001668817563 0
5155 4.772363090060931 0.1926309455416536 0
5156 4.166994266743604 0.2015994225152583 0
5157 12.51840285616164 -0.4793343558530289 0
5158 4.973111886105475 0.03380981440064076 0
5159 12.89666477247154 0.4432536246073722 0
5160 1.583027243681002 -0.4769539667786349 0
5161 1.60696375368415 -0.478915910269157 0
5162 3.782816029626564 0.205171709035481 0
5163 11.63658594734085 -0.362819969181323 0
5164 3.109605413122249 -0.03153880259198946 0
5165 0.424354979368519 0.03328754786312439 0
5166 0.9724018691456313 0.4421198550139842 0
5167 2.669002698979825 0.0344397112598374 0
5168 9.132642856142931 -0.03732529882537537 0
5169 0.0541095956192389 -0.4453854900247046 0
5170 12.76109460040994 -0.4418838851468055 0
5171 4.308769186696831 -0.4435780205081182 0
5172 0.7574265973105442 0.08798073290025998 0
5173 11.05067894311335 0.4399163978072211 0
5174 0.8364604864626705 -0.4370040866057939 0
5175 11.70538097899794 0.09330232402731027 0
5176 10.01907540984964 -0.03953912825012691 0
5177 6.877730251867968 0.3772728241259806 0
5178 2.56887246410184 -0.03473058497932606 0
5179 1.069282483733544 -0.03901006290933223 0
5180 9.688718358668492 -0.03604309273578435 0
5181 6.429908968696418 -0.03781832830199472 0
5182 11.98616347951315 -0.09722169208066982 0
5183 1.079205817049028 0.0890335840111923 0
5184 2.472845998505305 0.4720180425340229 0
5185 2.445383734877466 0.4793504082443305 0
5186 9.61879848815634 -0.03546504553303016 0
5187 8.744613159775996 -0.3260504729705604 0
5188 1.40190400632516 0.08735551169659153 0
5189 6.165513427111203 0.03876451719786346 0
5190 11.34114317618415 0.03647574161060248 0
5191 5.021923464366933 0.03127062713571177 0
5192 12.53955676263201 0.03802566066739436 0
5193 3.722936711386495 0.1369465779868683 0
5194 4.122035594326261 -0.3850479965568903 0
5195 8.290405746698282 -0.173252968123909 0
5196 6.320388117286262 -0.04087659059725229 0
5197 7.879793854490886 0.03262991489299271 0
5198 3.615835514702123 0.4384465435011354 0
5199 2.202935125498335 -0.154591976039732 0
5200 4.207227774556801 0.03141007158142958 0
5201 9.307619390207842 0.4371412550128683 0
5202 10.76201774280461 -0.04048717626439967 0
5203 3.923800774910848 -0.09951774242994939 0
5204 12.25404475554966 -0.1530304559349006 0
5205 2.796567919876718 0.07871736234045938 0
5206 6.190206705502423 -0.07671671044412086 0
5207 12.47215707375477 -0.4471198968311388 0
5208 9.896026855570607 0.03599355070632691 0
5209 1.545760248476565 0.3977236765602435 0
5210 5.607022103166075 -0.3693097320170342 0
5211 11.67586348113937 -0.03857603127625656 0
5212 12.14676057687926 0.03188895555036893 0
5213 3.168655204680994 0.03697583294310927 0
5214 10.40820468016212 0.03644365621663458 0
5215 3.100710489733971 0.03403574119681572 0
5216 3.095424139154857 -0.1456628129838508 0
5217 5.541351688395758 -0.3613190158214917 0
5218 10.5419286141311 0.3742668826543528 0
5219 0.05144752615192133 -0.02946995966580303 0
5220 5.306965744796468 -0.04429723062797519 0
5221 4.041697146119938 -0.1590872068451707 0
5222 9.888962058212414 0.1113425694234667 0
5223 3.57833857196928 -0.04001714452371303 0
5224 3.541132530469641 0.03725298826260329 0
5225 5.610557652740619 -0.08870517337612779 0
5226 8.538560442230922 0.1536336210124186 0
5227 1.996017932589735 0.3713883066770068 0
5228 11.98755539302784 0.03131471466074257 0
5229 12.9171630726774 -0.02990653130209509 0
5230 7.891462263761404 -0.1284529980798797 0
5231 0.5205612917386268 -0.4453115271076081 0
5232 7.24008758635901 0.1432573788120517 0
5233 7.851022052791063 -0.4428713700636496 0
5234 4.565098645235208 0.3919997233025284 0
5235 3.494595735245192 0.02974665673367428 0
5236 6.481860570031961 0.3851386006217544 0
5237 3.623274877480848 -0.1351579670848564 0
5238 4.593259997799034 0.1927342446462904 0
5239 1.620873471952659 0.3208796856994914 0
5240 5.321106603853751 -0.1365526965883049 0
5241 6.262037192766353 -0.04069190363035172 0
5242 5.584295009114914 -0.04129397817968493 0
5243 4.153509404153596 0.4443662736808287 0
5244 14.36119741855074 -0.2194763690949716 0
5245 1.842151452433209 -0.3841974543658189 0
5246 0.8795145004188025 -0.4410907857166022 0
5247 3.568424376412836 -0.363083795769074 0
5248 12.68791717706145 -0.3793897647972758 0
5249 0.651491574436057 -0.3917247993414782 0
5250 9.303995378320186 -0.4358530384713507 0
5251 8.935721708669266 -0.1577418432009453 0
5252 5.911532393706867 -0.3786212554331013 0
5253 6.255842962268102 -0.2081061124070563 0
5254 12.96091402393988 -0.4316700841658805 0
5255 1.302562101295292 0.03115033816641597 0
5256 8.604946544136759 -0.4450127849604092 0
5257 4.728166074830821 -0.04048196905082656 0
5258 12.05403336244877 -0.03673457452129734 0
5259 2.618702827524817 0.03029216550107738 0
5260 5.339895992079624 -0.08741796263894466 0
5261 2.870937352575355 -0.4377452365032171 0
5262 4.816740580995219 -0.08385021009402936 0
5263 4.253727868431319 -0.03918314245829695 0
5264 4.881295347856455 -0.03547854492224495 0
5265 10.97050619280644 -0.4428945566539061 0
5266 5.046182540012349 -0.1329907784407026 0
5267 12.43437142744506 0.03567394866643431 0
5268 6.192796846440755 0.4715858641917351 0
5269 6.165147675642517 0.4774497400700739 0
5270 7.160057342727676 0.03796894697222415 0
5271 6.076788856267747 0.3352648948261647 0
5272 0.02164186940751512 -0.02133871202706633 0
5273 7.429827576356764 -0.08827248513865715 0
5274 0.0216549431784319 -0.4786839324081417 0
5275 7.108570917364402 -0.1482344032594861 0
5276 0.1156103465443066 0.3420177301623805 0
5277 12.30634643981023 0.3270906759855089 0
5278 9.849320283941617 0.02956107019237112 0
5279 6.612448992052684 -0.03080301282786677 0
5280 1.45945989352212 0.03380695542146436 0
5281 7.700555878804305 0.0386988255249022 0
5282 12.7673660980113 0.4370653310965029 0
5283 10.77058232527041 -0.4777178014766904 0
5284 2.543073447414836 0.3920819458838751 0
5285 1.00791469283893 -0.3761826935912485 0
5286 4.674210020434562 -0.03743903801568047 0
5287 1.76751346414157 0.4301131042025955 0
5288 0.04830349710903672 -0.1617021085096779 0
5289 1.57561313396735 -0.03062845218454469 0
5290 11.60342375284325 0.02996771139468655 0
5291 0.9188014168430122 0.02991560444735406 0
5292 3.080030529083306 0.4022079458344776 0
5293 8.846042168530758 0.1630024160282123 0
5294 14.84025814915373 0.1300788947771476 0
5295 7.608648464962227 -0.1356762291103386 0
5296 4.860845511589987 0.03320939028524754 0
5297 2.550134570043347 0.03906914632052791 0
5298 16.74954923323906 -0.2632515926959299 0
5299 16.76298349541058 0.2794766891983824 0
5300 2.829981910354103 0.04069399983990098 0
5301 3.455008673334082 -0.3995208988170822 0
5302 5.510558261107056 0.4408848089638301 0
5303 1.700553062888418 -0.1282904063468973 0
5304 6.575999302203706 0.4388252091348543 0
5305 5.064952292640699 -0.08463850620299848 0
5306 12.49055024558635 0.08763048039989829 0
5307 13.51909294818149 -0.2146393781172759 0
5308 1.432110277210033 0.1072526335309289 0
5309 10.07564253297638 0.03451022820131639 0
5310 12.44401658683285 -0.1642063583284983 0
5311 4.368200956143462 -0.4484768720531888 0
5312 0.02795831563638084 0.02798389975370843 0
5313 1.302298154418922 -0.03197266138749245 0
5314 7.794498003367427 -0.3698484987682896 0
5315 6.167788081860377 0.3968962849310925 0
5316 6.841519857348478 0.1600546494994644 0
5317 9.465991395725304 0.4376150800295724 0
5318 3.523875435445723 -0.03963508145843766 0
5319 10.19138524287558 0.03686675410189786 0
5320 6.045965899150042 0.3930073599930612 0
5321 3.519704347260395 0.1051147826638267 0
5322 12.96785007545346 0.2158070339561459 0
5323 8.934756735686012 -0.3762201954769122 0
5324 8.697904798060124 0.4108456357369537 0
5325 4.21688304389 -0.4524430338221684 0
5326 4.598354495570756 -0.07490898179267007 0
5327 10.24435175324948 -0.4461230328505772 0
5328 13.71541287434809 0.2877121961805298 0
5329 2.287594348053849 0.03074163101529518 0
5330 6.495840134251027 -0.08642504788275045 0
5331 1.205490169795599 -0.1668060045222854 0
5332 8.046830903095893 0.3847906617944176 0
5333 9.606672947263789 -0.168229740335617 0
5334 13.44227861814142 0.1206440554792851 0
5335 2.765285783223219 0.1104051904702382 0
5336 7.476415572326992 -0.3221270358809181 0
5337 0.6984879842490255 -0.02916737230582898 0
5338 8.104286207710039 0.1960237948521848 0
5339 4.074358050107546 -0.4398863830749306 0
5340 2.67772674437845 -0.4429273894343956 0
5341 7.944630476346212 0.4419160237607879 0
5342 5.02319188027911 0.3981695631107482 0
5343 8.316387159645343 0.4405733939045282 0
5344 11.32572325846286 -0.1455043446844797 0
5345 5.79190948932861 -0.126005612148629 0
5346 14.28513232833676 0.1867892488643201 0
5347 0.8755642901495216 0.4367378618417415 0
5348 8.974036620291127 0.1688852378820036 0
5349 5.032532903542505 -0.04283976777179418 0
5350 0.3969987745629742 -0.07759974412256521 0
5351 6.68366530597952 0.387311825133802 0
5352 5.483619324584558 -0.3574168786305875 0
5353 2.479654567661838 0.07701613002043002 0
5354 7.611680782414409 0.1748252311612367 0
5355 6.683127899046291 -0.03943859799232272 0
5356 8.597254515373677 -0.03551168192695615 0
5357 9.940512058223481 -0.1712257910935439 0
5358 3.895958947337007 -0.1262373100952326 0
5359 10.54358913846742 -0.4434336058898695 0
5360 0.5573650850671027 -0.07721673626071943 0
5361 6.6475851135943 -0.1909788974134878 0
5362 5.518060740553843 -0.4458117664329735 0
5363 12.71064478155153 0.1048191968964969 0
5364 1.742306928539728 0.02964232665807771 0
5365 0.8605779597197737 0.1488307193290921 0
5366 9.467940087519157 0.03309290419590716 0
5367 5.35449051158097 0.1481898820336809 0
5368 9.188747683102472 -0.03557759117310721 0
5369 4.790865871822607 -0.3349241112479275 0
5370 3.937767193594976 -0.3705456506822564 0
5371 7.711277128974608 0.3223337916666276 0
5372 4.670588138431494 0.04314167509720411 0
5373 6.007704104355412 0.1392214130448066 0
5374 4.254325696141502 -0.4408222150525383 0
5375 0.3457760490688252 -0.4402282220171938 0
5376 9.837152540449203 -0.3862615400537512 0
5377 12.11966028612975 0.1076498135059488 0
5378 9.04209233679547 0.1435895524709992 0
5379 5.473997919613224 -0.443397080845827 0
5380 5.106757793847819 0.1902233141657013 0
5381 1.671940357395059 0.4002401175619098 0
5382 6.290848772173502 0.03311405235203808 0
5383 9.300840313640228 0.02821428529505738 0
5384 2.658767114632052 0.4356834914886795 0
5385 3.1300268785619 0.1519015279889427 0
5386 0.3678660833869564 0.3508050432598331 0
5387 6.478868670042362 0.1701760496514457 0
5388 2.508112448124082 -0.1401134524623473 0
5389 10.4824245622754 0.1410937846907506 0
5390 4.505951161773757 0.2017984143306755 0
5391 4.80823273828141 0.02751229327313926 0
5392 5.091294281660177 0.03429026640614315 0
5393 8.534253967673777 -0.02748533707767858 0
5394 8.441725971107944 0.1656524469301214 0
$EndNodes
$Elements
10786
1 1 2 4 1 1 9
2 1 2 4 1 9 10
3 1 2 4 1 10 11
4 1 2 4 1 11 12
5 1 2 4 1 12 13
6 1 2 4 1 13 14
7 1 2 4 1 14 15
8 1 2 4 1 15 16
9 1 2 4 1 16 17
10 1 2 4 1 17 18
11 1 2 4 1 18 19
12 1 2 4 1 19 20
13 1 2 4 1 20 21
14 1 2 4 1 21 22
15 1 2 4 1 22 23
16 1 2 4 1 23 24
17 1 2 4 1 24 25
18 1 2 4 1 25 26
19 1 2 4 1 26 27
20 1 2 4 1 27 28
21 1 2 4 1 28 29
22 1 2 4 1 29 30
23 1 2 4 1 30 31
24 1 2 4 1 31 32
25 1 2 4 1 32 33
26 1 2 4 1 33 34
27 1 2 4 1 34 35
28 1 2 4 1 35 36
29 1 2 4 1 36 37
30 1 2 4 1 37 38
31 1 2 4 1 38 39
32 1 2 4 1 39 40
33 1 2 4 1 40 41
34 1 2 4 1 41 42
35 1 2 4 1 42 43
36 1 2 4 1 43 44
37 1 2 4 1 44 45
38 1 2 4 1 45 46
39 1 2 4 1 46 47
40 1 2 4 1 47 48
41 1 2 4 1 48 49
42 1 2 4 1 49 50
43 1 2 4 1 50 51
44 1 2 4 1 51 52
45 1 2 4 1 52 53
46 1 2 4 1 53 54
47 1 2 4 1 54 55
48 1 2 4 1 55 56
49 1 2 4 1 56 57
50 1 2 4 1 57 58
51 1 2 4 1 58 59
52 1 2 4 1 59 60
53 1 2 4 1 60 61
54 1 2 4 1 61 62
55 1 2 4 1 62 63
56 1 2 4 1 63 64
57 1 2 4 1 64 65
58 1 2 4 1 65 66
59 1 2 4 1 66 67
60 1 2 4 1 67 68
61 1 2 4 1 68 69
62 1 2 4 1 69 70
63 1 2 4 1 70 71
64 1 2 4 1 71 72
65 1 2 4 1 72 73
66 1 2 4 1 73 74
67 1 2 4 1 74 75
68 1 2 4 1 75 76
69 1 2 4 1 76 77
70 1 2 4 1 77 78
71 1 2 4 1 78 79
72 1 2 4 1 79 80
73 1 2 4 1 80 81
74 1 2 4 1 81 82
75 1 2 4 1 82 83
76 1 2 4 1 83 84
77 1 2 4 1 84 85
78 1 2 4 1 85 86
79 1 2 4 1 86 87
80 1 2 4 1 87 88
81 1 2 4 1 88 89
82 1 2 4 1 89 90
83 1 2 4 1 90 91
84 1 2 4 1 91 92
85 1 2 4 1 92 93
86 1 2 4 1 93 94
87 1 2 4 1 94 95
88 1 2 4 1 95 96
89 1 2 4 1 96 97
90 1 2 4 1 97 98
91 1 2 4 1 98 99
92 1 2 4 1 99 100
93 1 2 4 1 100 101
94 1 2 4 1 101 102
95 1 2 4 1 102 103
96 1 2 4 1 103 104
97 1 2 4 1 104 105
98 1 2 4 1 105 106
99 1 2 4 1 106 107
100 1 2 4 1 107 108
101 1 2 4 1 108 109
102 1 2 4 1 109 110
103 1 2 4 1 110 111
104 1 2 4 1 111 112
105 1 2 4 1 112 113
106 1 2 4 1 113 114
107 1 2 4 1 114 115
108 1 2 4 1 115 116
109 1 2 4 1 116 117
110 1 2 4 1 117 118
111 1 2 4 1 118 119
112 1 2 4 1 119 120
113 1 2 4 1 120 121
114 1 2 4 1 121 122
115 1 2 4 1 122 123
116 1 2 4 1 123 124
117 1 2 4 1 124 125
118 1 2 4 1 125 126
119 1 2 4 1 126 127
120 1 2 4 1 127 128
121 1 2 4 1 128 129
122 1 2 4 1 129 130
123 1 2 4 1 130 131
124 1 2 4 1 131 132
125 1 2 4 1 132 133
126 1 2 4 1 133 134
127 1 2 4 1 134 135
128 1 2 4 1 135 136
129 1 2 4 1 136 137
130 1 2 4 1 137 138
131 1 2 4 1 138 139
132 1 2 4 1 139 140
133 1 2 4 1 140 141
134 1 2 4 1 141 142
135 1 2 4 1 142 143
136 1 2 4 1 143 144
137 1 2 4 1 144 145
138 1 2 4 1 145 146
139 1 2 4 1 146 147
140 1 2 4 1 147 148
141 1 2 4 1 148 149
142 1 2 4 1 149 150
143 1 2 4 1 150 151
144 1 2 4 1 151 152
145 1 2 4 1 152 153
146 1 2 4 1 153 154
147 1 2 4 1 154 155
148 1 2 4 1 155 156
149 1 2 4 1 156 157
150 1 2 4 1 157 158
151 1 2 4 1 158 159
152 1 2 4 1 159 160
153 1 2 4 1 160 161
154 1 2 4 1 161 162
155 1 2 4 1 162 163
156 1 2 4 1 163 164
157 1 2 4 1 164 165
158 1 2 4 1 165 166
159 1 2 4 1 166 167
160 1 2 4 1 167 168
161 1 2 4 1 168 169
162 1 2 4 1 169 170
163 1 2 4 1 170 171
164 1 2 4 1 171 172
165 1 2 4 1 172 173
166 1 2 4 1 173 174
167 1 2 4 1 174 175
168 1 2 4 1 175 176
169 1 2 4 1 176 177
170 1 2 4 1 177 178
171 1 2 4 1 178 179
172 1 2 4 1 179 180
173 1 2 4 1 180 181
174 1 2 4 1 181 182
175 1 2 4 1 182 183
176 1 2 4 1 183 184
177 1 2 4 1 184 185
178 1 2 4 1 185 186
179 1 2 4 1 186 187
180 1 2 4 1 187 188
181 1 2 4 1 188 189
182 1 2 4 1 189 190
183 1 2 4 1 190 191
184 1 2 4 1 191 192
185 1 2 4 1 192 193
186 1 2 4 1 193 194
187 1 2 4 1 194 195
188 1 2 4 1 195 196
189 1 2 4 1 196 197
190 1 2 4 1 197 198
191 1 2 4 1 198 199
192 1 2 4 1 199 200
193 1 2 4 1 200 201
194 1 2 4 1 201 202
195 1 2 4 1 202 203
196 1 2 4 1 203 204
197 1 2 4 1 204 205
198 1 2 4 1 205 206
199 1 2 4 1 206 207
200 1 2 4 1 207 208
201 1 2 4 1 208 209
202 1 2 4 1 209 210
203 1 2 4 1 210 211
204 1 2 4 1 211 212
205 1 2 4 1 212 213
206 1 2 4 1 213 214
207 1 2 4 1 214 215
208 1 2 4 1 215 216
209 1 2 4 1 216 217
210 1 2 4 1 217 218
211 1 2 4 1 218 219
212 1 2 4 1 219 220
213 1 2 4 1 220 221
214 1 2 4 1 221 222
215 1 2 4 1 222 223
216 1 2 4 1 223 224
217 1 2 4 1 224 225
218 1 2 4 1 225 226
219 1 2 4 1 226 227
220 1 2 4 1 227 228
221 1 2 4 1 228 229
222 1 2 4 1 229 230
223 1 2 4 1 230 231
224 1 2 4 1 231 232
225 1 2 4 1 232 233
226 1 2 4 1 233 234
227 1 2 4 1 234 235
228 1 2 4 1 235 236
229 1 2 4 1 236 237
230 1 2 4 1 237 238
231 1 2 4 1 238 239
232 1 2 4 1 239 240
233 1 2 4 1 240 241
234 1 2 4 1 241 242
235 1 2 4 1 242 243
236 1 2 4 1 243 244
237 1 2 4 1 244 245
238 1 2 4 1 245 246
239 1 2 4 1 246 247
240 1 2 4 1 247 248
241 1 2 4 1 248 249
242 1 2 4 1 249 250
243 1 2 4 1 250 251
244 1 2 4 1 251 252
245 1 2 4 1 252 253
246 1 2 4 1 253 254
247 1 2 4 1 254 255
248 1 2 4 1 255 256
249 1 2 4 1 256 257
250 1 2 4 1 257 258
251 1 2 4 1 258 259
252 1 2 4 1 259 260
253 1 2 4 1 260 261
254 1 2 4 1 261 262
255 1 2 4 1 262 263
256 1 2 4 1 263 264
257 1 2 4 1 264 265
258 1 2 4 1 265 266
259 1 2 4 1 266 267
260 1 2 4 1 267 268
261 1 2 4 1 268 269
262 1 2 4 1 269 270
263 1 2 4 1 270 271
264 1 2 4 1 271 272
265 1 2 4 1 272 273
266 1 2 4 1 273 274
267 1 2 4 1 274 275
268 1 2 4 1 275 276
269 1 2 4 1 276 277
270 1 2 4 1 277 278
271 1 2 4 1 278 279
272 1 2 4 1 279 280
273 1 2 4 1 280 281
274 1 2 4 1 281 282
275 1 2 4 1 282 283
276 1 2 4 1 283 284
277 1 2 4 1 284 285
278 1 2 4 1 285 286
279 1 2 4 1 286 287
280 1 2 4 1 287 288
281 1 2 4 1 288 289
282 1 2 4 1 289 290
283 1 2 4 1 290 291
284 1 2 4 1 291 292
285 1 2 4 1 292 293
286 1 2 4 1 293 294
287 1 2 4 1 294 295
288 1 2 4 1 295 296
289 1 2 4 1 296 297
290 1 2 4 1 297 298
291 1 2 4 1 298 299
292 1 2 4 1 299 300
293 1 2 4 1 300 301
294 1 2 4 1 301 302
295 1 2 4 1 302 303
296 1 2 4 1 303 304
297 1 2 4 1 304 305
298 1 2 4 1 305 306
299 1 2 4 1 306 307
300 1 2 4 1 307 308
301 1 2 4 1 308 309
302 1 2 4 1 309 310
303 1 2 4 1 310 311
304 1 2 4 1 311 312
305 1 2 4 1 312 313
306 1 2 4 1 313 314
307 1 2 4 1 314 315
308 1 2 4 1 315 316
309 1 2 4 1 316 317
310 1 2 4 1 317 318
311 1 2 4 1 318 319
312 1 2 4 1 319 320
313 1 2 4 1 320 321
314 1 2 4 1 321 322
315 1 2 4 1 322 323
316 1 2 4 1 323 324
317 1 2 4 1 324 325
318 1 2 4 1 325 326
319 1 2 4 1 326 327
320 1 2 4 1 327 328
321 1 2 4 1 328 329
322 1 2 4 1 329 330
323 1 2 4 1 330 331
324 1 2 4 1 331 332
325 1 2 4 1 332 333
326 1 2 4 1 333 334
327 1 2 4 1 334 335
328 1 2 4 1 335 336
329 1 2 4 1 336 337
330 1 2 4 1 337 338
331 1 2 4 1 338 339
332 1 2 4 1 339 340
333 1 2 4 1 340 341
334 1 2 4 1 341 342
335 1 2 4 1 342 343
336 1 2 4 1 343 344
337 1 2 4 1 344 345
338 1 2 4 1 345 346
339 1 2 4 1 346 347
340 1 2 4 1 347 348
341 1 2 4 1 348 349
342 1 2 4 1 349 350
343 1 2 4 1 350 351
344 1 2 4 1 351 352
345 1 2 4 1 352 353
346 1 2 4 1 353 354
347 1 2 4 1 354 355
348 1 2 4 1 355 356
349 1 2 4 1 356 357
350 1 2 4 1 357 358
351 1 2 4 1 358 359
352 1 2 4 1 359 360
353 1 2 4 1 360 361
354 1 2 4 1 361 362
355 1 2 4 1 362 363
356 1 2 4 1 363 364
357 1 2 4 1 364 365
358 1 2 4 1 365 366
359 1 2 4 1 366 367
360 1 2 4 1 367 368
361 1 2 4 1 368 369
362 1 2 4 1 369 370
363 1 2 4 1 370 371
364 1 2 4 1 371 372
365 1 2 4 1 372 373
366 1 2 4 1 373 374
367 1 2 4 1 374 375
368 1 2 4 1 375 376
369 1 2 4 1 376 377
370 1 2 4 1 377 378
371 1 2 4 1 378 379
372 1 2 4 1 379 380
373 1 2 4 1 380 381
374 1 2 4 1 381 382
375 1 2 4 1 382 383
376 1 2 4 1 383 384
377 1 2 4 1 384 385
378 1 2 4 1 385 386
379 1 2 4 1 386 387
380 1 2 4 1 387 388
381 1 2 4 1 388 389
382 1 2 4 1 389 390
383 1 2 4 1 390 391
384 1 2 4 1 391 392
385 1 2 4 1 392 393
386 1 2 4 1 393 394
387 1 2 4 1 394 395
388 1 2 4 1 395 396
389 1 2 4 1 396 397
390 1 2 4 1 397 398
391 1 2 4 1 398 399
392 1 2 4 1 399 400
393 1 2 4 1 400 401
394 1 2 4 1 401 402
395 1 2 4 1 402 403
396 1 2 4 1 403 404
397 1 2 4 1 404 405
398 1 2 4 1 405 406
399 1 2 4 1 406 407
400 1 2 4 1 407 408
401 1 2 4 1 408 409
402 1 2 4 1 409 410
403 1 2 4 1 410 411
404 1 2 4 1 411 412
405 1 2 4 1 412 413
406 1 2 4 1 413 414
407 1 2 4 1 414 415
408 1 2 4 1 415 416
409 1 2 4 1 416 417
410 1 2 4 1 417 418
411 1 2 4 1 418 419
412 1 2 4 1 419 420
413 1 2 4 1 420 421
414 1 2 4 1 421 422
415 1 2 4 1 422 423
416 1 2 4 1 423 424
417 1 2 4 1 424 425
418 1 2 4 1 425 426
419 1 2 4 1 426 427
420 1 2 4 1 427 428
421 1 2 4 1 428 429
422 1 2 4 1 429 430
423 1 2 4 1 430 431
424 1 2 4 1 431 432
425 1 2 4 1 432 7
426 1 2 4 2 7 433
427 1 2 4 2 433 434
428 1 2 4 2 434 435
429 1 2 4 2 435 436
430 1 2 4 2 436 437
431 1 2 4 2 437 438
432 1 2 4 2 438 439
433 1 2 4 2 439 440
434 1 2 4 2 440 441
435 1 2 4 2 441 442
436 1 2 4 2 442 443
437 1 2 4 2 443 444
438 1 2 4 2 444 445
439 1 2 4 2 445 446
440 1 2 4 2 446 447
441 1 2 4 2 447 448
442 1 2 4 2 448 449
443 1 2 4 2 449 2
444 1 2 3 3 2 450
445 1 2 3 3 450 451
446 1 2 3 3 451 3
447 1 2 4 4 3 452
448 1 2 4 4 452 453
449 1 2 4 4 453 454
450 1 2 4 4 454 455
451 1 2 4 4 455 456
452 1 2 4 4 456 457
453 1 2 4 4 457 458
454 1 2 4 4 458 459
455 1 2 4 4 459 460
456 1 2 4 4 460 461
457 1 2 4 4 461 462
458 1 2 4 4 462 463
459 1 2 4 4 463 464
460 1 2 4 4 464 465
461 1 2 4 4 465 466
462 1 2 4 4 466 467
463 1 2 4 4 467 468
464 1 2 4 4 468 8
465 1 2 4 5 8 469
466 1 2 4 5 469 470
467 1 2 4 5 470 471
468 1 2 4 5 471 472
469 1 2 4 5 472 473
470 1 2 4 5 473 474
471 1 2 4 5 474 475
472 1 2 4 5 475 476
473 1 2 4 5 476 477
474 1 2 4 5 477 478
475 1 2 4 5 478 479
476 1 2 4 5 479 480
477 1 2 4 5 480 481
478 1 2 4 5 481 482
479 1 2 4 5 482 483
480 1 2 4 5 483 484
481 1 2 4 5 484 485
482 1 2 4 5 485 486
483 1 2 4 5 486 487
484 1 2 4 5 487 488
485 1 2 4 5 488 489
486 1 2 4 5 489 490
487 1 2 4 5 490 491
488 1 2 4 5 491 492
489 1 2 4 5 492 493
490 1 2 4 5 493 494
491 1 2 4 5 494 495
492 1 2 4 5 495 496
493 1 2 4 5 496 497
494 1 2 4 5 497 498
495 1 2 4 5 498 499
496 1 2 4 5 499 500
497 1 2 4 5 500 501
498 1 2 4 5 501 502
499 1 2 4 5 502 503
500 1 2 4 5 503 504
501 1 2 4 5 504 505
502 1 2 4 5 505 506
503 1 2 4 5 506 507
504 1 2 4 5 507 508
505 1 2 4 5 508 509
506 1 2 4 5 509 510
507 1 2 4 5 510 511
508 1 2 4 5 511 512
509 1 2 4 5 512 513
510 1 2 4 5 513 514
511 1 2 4 5 514 515
512 1 2 4 5 515 516
513 1 2 4 5 516 517
514 1 2 4 5 517 518
515 1 2 4 5 518 519
516 1 2 4 5 519 520
517 1 2 4 5 520 521
518 1 2 4 5 521 522
519 1 2 4 5 522 523
520 1 2 4 5 523 524
521 1 2 4 5 524 525
522 1 2 4 5 525 526
523 1 2 4 5 526 527
524 1 2 4 5 527 528
525 1 2 4 5 528 529
526 1 2 4 5 529 530
527 1 2 4 5 530 531
528 1 2 4 5 531 532
529 1 2 4 5 532 533
530 1 2 4 5 533 534
531 1 2 4 5 534 535
532 1 2 4 5 535 536
533 1 2 4 5 536 537
534 1 2 4 5 537 538
535 1 2 4 5 538 539
536 1 2 4 5 539 540
537 1 2 4 5 540 541
538 1 2 4 5 541 542
539 1 2 4 5 542 543
540 1 2 4 5 543 544
541 1 2 4 5 544 545
542 1 2 4 5 545 546
543 1 2 4 5 546 547
544 1 2 4 5 547 548
545 1 2 4 5 548 549
546 1 2 4 5 549 550
547 1 2 4 5 550 551
548 1 2 4 5 551 552
549 1 2 4 5 552 553
550 1 2 4 5 553 554
551 1 2 4 5 554 555
552 1 2 4 5 555 556
553 1 2 4 5 556 557
554 1 2 4 5 557 558
555 1 2 4 5 558 559
556 1 2 4 5 559 560
557 1 2 4 5 560 561
558 1 2 4 5 561 562
559 1 2 4 5 562 563
560 1 2 4 5 563 564
561 1 2 4 5 564 565
562 1 2 4 5 565 566
563 1 2 4 5 566 567
564 1 2 4 5 567 568
565 1 2 4 5 568 569
566 1 2 4 5 569 570
567 1 2 4 5 570 571
568 1 2 4 5 571 572
569 1 2 4 5 572 573
570 1 2 4 5 573 574
571 1 2 4 5 574 575
572 1 2 4 5 575 576
573 1 2 4 5 576 577
574 1 2 4 5 577 578
575 1 2 4 5 578 579
576 1 2 4 5 579 580
577 1 2 4 5 580 581
578 1 2 4 5 581 582
579 1 2 4 5 582 583
580 1 2 4 5 583 584
581 1 2 4 5 584 585
582 1 2 4 5 585 586
583 1 2 4 5 586 587
584 1 2 4 5 587 588
585 1 2 4 5 588 589
586 1 2 4 5 589 590
587 1 2 4 5 590 591
588 1 2 4 5 591 592
589 1 2 4 5 592 593
590 1 2 4 5 593 594
591 1 2 4 5 594 595
592 1 2 4 5 595 596
593 1 2 4 5 596 597
594 1 2 4 5 597 598
595 1 2 4 5 598 599
596 1 2 4 5 599 600
597 1 2 4 5 600 601
598 1 2 4 5 601 602
599 1 2 4 5 602 603
600 1 2 4 5 603 604
601 1 2 4 5 604 605
602 1 2 4 5 605 606
603 1 2 4 5 606 607
604 1 2 4 5 607 608
605 1 2 4 5 608 609
606 1 2 4 5 609 610
607 1 2 4 5 610 611
608 1 2 4 5 611 612
609 1 2 4 5 612 613
610 1 2 4 5 613 614
611 1 2 4 5 614 615
612 1 2 4 5 615 616
613 1 2 4 5 616 617
614 1 2 4 5 617 618
615 1 2 4 5 618 619
616 1 2 4 5 619 620
617 1 2 4 5 620 621
618 1 2 4 5 621 622
619 1 2 4 5 622 623
620 1 2 4 5 623 624
621 1 2 4 5 624 625
622 1 2 4 5 625 626
623 1 2 4 5 626 627
624 1 2 4 5 627 628
625 1 2 4 5 628 629
626 1 2 4 5 629 630
627 1 2 4 5 630 631
628 1 2 4 5 631 632
629 1 2 4 5 632 633
630 1 2 4 5 633 634
631 1 2 4 5 634 635
632 1 2 4 5 635 636
633 1 2 4 5 636 637
634 1 2 4 5 637 638
635 1 2 4 5 638 639
636 1 2 4 5 639 640
637 1 2 4 5 640 641
638 1 2 4 5 641 642
639 1 2 4 5 642 643
640 1 2 4 5 643 644
641 1 2 4 5 644 645
642 1 2 4 5 645 646
643 1 2 4 5 646 647
644 1 2 4 5 647 648
645 1 2 4 5 648 649
646 1 2 4 5 649 650
647 1 2 4 5 650 651
648 1 2 4 5 651 652
649 1 2 4 5 652 653
650 1 2 4 5 653 654
651 1 2 4 5 654 655
652 1 2 4 5 655 656
653 1 2 4 5 656 657
654 1 2 4 5 657 658
655 1 2 4 5 658 659
656 1 2 4 5 659 660
657 1 2 4 5 660 661
658 1 2 4 5 661 662
659 1 2 4 5 662 663
660 1 2 4 5 663 664
661 1 2 4 5 664 665
662 1 2 4 5 665 666
663 1 2 4 5 666 667
664 1 2 4 5 667 668
665 1 2 4 5 668 669
666 1 2 4 5 669 670
667 1 2 4 5 670 671
668 1 2 4 5 671 672
669 1 2 4 5 672 673
670 1 2 4 5 673 674
671 1 2 4 5 674 675
672 1 2 4 5 675 676
673 1 2 4 5 676 677
674 1 2 4 5 677 678
675 1 2 4 5 678 679
676 1 2 4 5 679 680
677 1 2 4 5 680 681
678 1 2 4 5 681 682
679 1 2 4 5 682 683
680 1 2 4 5 683 684
681 1 2 4 5 684 685
682 1 2 4 5 685 686
683 1 2 4 5 686 687
684 1 2 4 5 687 688
685 1 2 4 5 688 689
686 1 2 4 5 689 690
687 1 2 4 5 690 691
688 1 2 4 5 691 692
689 1 2 4 5 692 693
690 1 2 4 5 693 694
691 1 2 4 5 694 695
692 1 2 4 5 695 696
693 1 2 4 5 696 697
694 1 2 4 5 697 698
695 1 2 4 5 698 699
696 1 2 4 5 699 700
697 1 2 4 5 700 701
698 1 2 4 5 701 702
699 1 2 4 5 702 703
700 1 2 4 5 703 704
701 1 2 4 5 704 705
702 1 2 4 5 705 706
703 1 2 4 5 706 707
704 1 2 4 5 707 708
705 1 2 4 5 708 709
706 1 2 4 5 709 710
707 1 2 4 5 710 711
708 1 2 4 5 711 712
709 1 2 4 5 712 713
710 1 2 4 5 713 714
711 1 2 4 5 714 715
712 1 2 4 5 715 716
713 1 2 4 5 716 717
714 1 2 4 5 717 718
715 1 2 4 5 718 719
716 1 2 4 5 719 720
717 1 2 4 5 720 721
718 1 2 4 5 721 722
719 1 2 4 5 722 723
720 1 2 4 5 723 724
721 1 2 4 5 724 725
722 1 2 4 5 725 726
723 1 2 4 5 726 727
724 1 2 4 5 727 728
725 1 2 4 5 728 729
726 1 2 4 5 729 730
727 1 2 4 5 730 731
728 1 2 4 5 731 732
729 1 2 4 5 732 733
730 1 2 4 5 733 734
731 1 2 4 5 734 735
732 1 2 4 5 735 736
733 1 2 4 5 736 737
734 1 2 4 5 737 738
735 1 2 4 5 738 739
736 1 2 4 5 739 740
737 1 2 4 5 740 741
738 1 2 4 5 741 742
739 1 2 4 5 742 743
740 1 2 4 5 743 744
741 1 2 4 5 744 745
742 1 2 4 5 745 746
743 1 2 4 5 746 747
744 1 2 4 5 747 748
745 1 2 4 5 748 749
746 1 2 4 5 749 750
747 1 2 4 5 750 751
748 1 2 4 5 751 752
749 1 2 4 5 752 753
750 1 2 4 5 753 754
751 1 2 4 5 754 755
752 1 2 4 5 755 756
753 1 2 4 5 756 757
754 1 2 4 5 757 758
755 1 2 4 5 758 759
756 1 2 4 5 759 760
757 1 2 4 5 760 761
758 1 2 4 5 761 762
759 1 2 4 5 762 763
760 1 2 4 5 763 764
761 1 2 4 5 764 765
762 1 2 4 5 765 766
763 1 2 4 5 766 767
764 1 2 4 5 767 768
765 1 2 4 5 768 769
766 1 2 4 5 769 770
767 1 2 4 5 770 771
768 1 2 4 5 771 772
769 1 2 4 5 772 773
770 1 2 4 5 773 774
771 1 2 4 5 774 775
772 1 2 4 5 775 776
773 1 2 4 5 776 777
774 1 2 4 5 777 778
775 1 2 4 5 778 779
776 1 2 4 5 779 780
777 1 2 4 5 780 781
778 1 2 4 5 781 782
779 1 2 4 5 782 783
780 1 2 4 5 783 784
781 1 2 4 5 784 785
782 1 2 4 5 785 786
783 1 2 4 5 786 787
784 1 2 4 5 787 788
785 1 2 4 5 788 789
786 1 2 4 5 789 790
787 1 2 4 5 790 791
788 1 2 4 5 791 792
789 1 2 4 5 792 793
790 1 2 4 5 793 794
791 1 2 4 5 794 795
792 1 2 4 5 795 796
793 1 2 4 5 796 797
794 1 2 4 5 797 798
795 1 2 4 5 798 799
796 1 2 4 5 799 800
797 1 2 4 5 800 801
798 1 2 4 5 801 802
799 1 2 4 5 802 803
800 1 2 4 5 803 804
801 1 2 4 5 804 805
802 1 2 4 5 805 806
803 1 2 4 5 806 807
804 1 2 4 5 807 808
805 1 2 4 5 808 809
806 1 2 4 5 809 810
807 1 2 4 5 810 811
808 1 2 4 5 811 812
809 1 2 4 5 812 813
810 1 2 4 5 813 814
811 1 2 4 5 814 815
812 1 2 4 5 815 816
813 1 2 4 5 816 817
814 1 2 4 5 817 818
815 1 2 4 5 818 819
816 1 2 4 5 819 820
817 1 2 4 5 820 821
818 1 2 4 5 821 822
819 1 2 4 5 822 823
820 1 2 4 5 823 824
821 1 2 4 5 824 825
822 1 2 4 5 825 826
823 1 2 4 5 826 827
824 1 2 4 5 827 828
825 1 2 4 5 828 829
826 1 2 4 5 829 830
827 1 2 4 5 830 831
828 1 2 4 5 831 832
829 1 2 4 5 832 833
830 1 2 4 5 833 834
831 1 2 4 5 834 835
832 1 2 4 5 835 836
833 1 2 4 5 836 837
834 1 2 4 5 837 838
835 1 2 4 5 838 839
836 1 2 4 5 839 840
837 1 2 4 5 840 841
838 1 2 4 5 841 842
839 1 2 4 5 842 843
840 1 2 4 5 843 844
841 1 2 4 5 844 845
842 1 2 4 5 845 846
843 1 2 4 5 846 847
844 1 2 4 5 847 848
845 1 2 4 5 848 849
846 1 2 4 5 849 850
847 1 2 4 5 850 851
848 1 2 4 5 851 852
849 1 2 4 5 852 853
850 1 2 4 5 853 854
851 1 2 4 5 854 855
852 1 2 4 5 855 856
853 1 2 4 5 856 857
854 1 2 4 5 857 858
855 1 2 4 5 858 859
856 1 2 4 5 859 860
857 1 2 4 5 860 861
858 1 2 4 5 861 862
859 1 2 4 5 862 863
860 1 2 4 5 863 864
861 1 2 4 5 864 865
862 1 2 4 5 865 866
863 1 2 4 5 866 867
864 1 2 4 5 867 868
865 1 2 4 5 868 869
866 1 2 4 5 869 870
867 1 2 4 5 870 871
868 1 2 4 5 871 872
869 1 2 4 5 872 873
870 1 2 4 5 873 874
871 1 2 4 5 874 875
872 1 2 4 5 875 876
873 1 2 4 5 876 877
874 1 2 4 5 877 878
875 1 2 4 5 878 879
876 1 2 4 5 879 880
877 1 2 4 5 880 881
878 1 2 4 5 881 882
879 1 2 4 5 882 883
880 1 2 4 5 883 884
881 1 2 4 5 884 885
882 1 2 4 5 885 886
883 1 2 4 5 886 887
884 1 2 4 5 887 888
885 1 2 4 5 888 889
886 1 2 4 5 889 890
887 1 2 4 5 890 891
888 1 2 4 5 891 892
889 1 2 4 5 892 4
890 1 2 2 6 4 893
891 1 2 2 6 893 894
892 1 2 2 6 894 895
893 1 2 2 6 895 896
894 1 2 2 6 896 897
895 1 2 2 6 897 898
896 1 2 2 6 898 899
897 1 2 2 6 899 5
898 1 2 4 7 5 900
899 1 2 4 7 900 901
900 1 2 4 7 901 902
901 1 2 4 7 902 903
902 1 2 4 7 903 904
903 1 2 4 7 904 905
904 1 2 4 7 905 906
905 1 2 4 7 906 907
906 1 2 4 7 907 908
907 1 2 4 7 908 909
908 1 2 4 7 909 910
909 1 2 4 7 910 911
910 1 2 4 7 911 912
911 1 2 4 7 912 913
912 1 2 4 7 913 914
913 1 2 4 7 914 915
914 1 2 4 7 915 1
915 2 2 1 1 2080 2826 2827
916 2 2 1 1 2013 1702 3088
917 2 2 1 1 1746 3041 5042
918 2 2 1 1 1675 3099 3100
919 2 2 1 1 3381 3340 5109
920 2 2 1 1 3567 1197 3829
921 2 2 1 1 3629 3688 4481
922 2 2 1 1 2512 3982 4732
923 2 2 1 1 1970 2548 3149
924 2 2 1 1 2837 2050 2840
925 2 2 1 1 997 996 3048
926 2 2 1 1 2059 3402 4840
927 2 2 1 1 3048 996 3049
928 2 2 1 1 2012 3076 3457
929 2 2 1 1 1652 2039 3143
930 2 2 1 1 2149 2499 3077
931 2 2 1 1 2133 3338 4893
932 2 2 1 1 1135 1134 4949
933 2 2 1 1 2846 2017 2849
934 2 2 1 1 3158 957 3530
935 2 2 1 1 1996 1696 3175
936 2 2 1 1 1671 3102 3103
937 2 2 1 1 2761 1092 4699
938 2 2 1 1 3184 2860 4489
939 2 2 1 1 2863 2573 5225
940 2 2 1 1 1418 3545 4944
941 2 2 1 1 1644 2029 3154
942 2 2 1 1 2004 2848 3193
943 2 2 1 1 2906 2565 4610
944 2 2 1 1 2935 2934 2936
945 2 2 1 1 4511 4596 5006
946 2 2 1 1 2366 2627 3300
947 2 2 1 1 3090 2062 3091
948 2 2 1 1 2704 2508 3276
949 2 2 1 1 1636 2033 3167
950 2 2 1 1 2033 3153 3167
951 2 2 1 1 1488 3822 4289
952 2 2 1 1 2506 3927 3928
953 2 2 1 1 2888 2052 2891
954 2 2 1 1 2965 2964 2966
955 2 2 1 1 2519 2148 3304
956 2 2 1 1 2454 2479 3186
957 2 2 1 1 2749 2535 3264
958 2 2 1 1 2781 1578 3672
959 2 2 1 1 2003 1690 3275
960 2 2 1 1 2034 3148 3297
961 2 2 1 1 2473 3270 3361
962 2 2 1 1 3919 4528 4564
963 2 2 1 1 2029 3142 3154
964 2 2 1 1 1557 8 3512
965 2 2 1 1 1040 1039 3365
966 2 2 1 1 4181 4754 4829
967 2 2 1 1 1065 3059 3061
968 2 2 1 1 468 8 1557
969 2 2 1 1 1270 3537 3755
970 2 2 1 1 2347 3182 3279
971 2 2 1 1 2775 2070 3846
972 2 2 1 1 4570 3317 4972
973 2 2 1 1 2448 2492 3289
974 2 2 1 1 4388 1340 4389
975 2 2 1 1 2909 2031 2916
976 2 2 1 1 2024 1684 3320
977 2 2 1 1 2731 2534 2791
978 2 2 1 1 2548 2763 3149
979 2 2 1 1 1050 3134 3135
980 2 2 1 1 3017 2472 3020
981 2 2 1 1 3577 3576 4458
982 2 2 1 1 969 968 2867
983 2 2 1 1 2495 3262 3263
984 2 2 1 1 952 951 3128
985 2 2 1 1 2475 3312 3373
986 2 2 1 1 2039 2757 3143
987 2 2 1 1 3260 3377 4593
988 2 2 1 1 3644 1262 3836
989 2 2 1 1 2048 2747 2798
990 2 2 1 1 2739 3814 4982
991 2 2 1 1 2823 2500 3288
992 2 2 1 1 3058 1067 3422
993 2 2 1 1 987 4776 4869
994 2 2 1 1 4504 3737 4505
995 2 2 1 1 2998 2440 3002
996 2 2 1 1 4919 1070 5032
997 2 2 1 1 1126 1125 3303
998 2 2 1 1 2903 2565 2905
999 2 2 1 1 1539 4003 4879
1000 2 2 1 1 3840 1178 4546
1001 2 2 1 1 984 985 3321
1002 2 2 1 1 2425 3242 3244
1003 2 2 1 1 2348 2347 3279
1004 2 2 1 1 1359 3608 4270
1005 2 2 1 1 1478 4597 4598
1006 2 2 1 1 3008 1987 3015
1007 2 2 1 1 1172 4054 4646
1008 2 2 1 1 2620 2923 5326
1009 2 2 1 1 3553 4257 4520
1010 2 2 1 1 2367 2366 3300
1011 2 2 1 1 3065 2470 3067
1012 2 2 1 1 2566 2876 3045
1013 2 2 1 1 4463 1478 4598
1014 2 2 1 1 2319 2639 2887
1015 2 2 1 1 2808 2560 5175
1016 2 2 1 1 3244 3243 3245
1017 2 2 1 1 2498 2880 2883
1018 2 2 1 1 4403 3985 4807
1019 2 2 1 1 2589 2844 3092
1020 2 2 1 1 2810 2808 5175
1021 2 2 1 1 2706 2013 3088
1022 2 2 1 1 1898 2004 3193
1023 2 2 1 1 2530 2830 2833
1024 2 2 1 1 2849 2850 4697
1025 2 2 1 1 1133 1134 2980
1026 2 2 1 1 2499 2707 3077
1027 2 2 1 1 2063 2767 2807
1028 2 2 1 1 3001 2998 3002
1029 2 2 1 1 2320 2319 2887
1030 2 2 1 1 4413 1450 4414
1031 2 2 1 1 2874 2569 2877
1032 2 2 1 1 1092 2761 4306
1033 2 2 1 1 1064 1065 3061
1034 2 2 1 1 4339 1292 4721
1035 2 2 1 1 3487 1328 4135
1036 2 2 1 1 1110 3259 4213
1037 2 2 1 1 2600 2777 3144
1038 2 2 1 1 996 995 3049
1039 2 2 1 1 1418 3541 3545
1040 2 2 1 1 2573 3034 5225
1041 2 2 1 1 3576 3581 4458
1042 2 2 1 1 2999 2998 3000
1043 2 2 1 1 3649 1977 3652
1044 2 2 1 1 1316 3847 4465
1045 2 2 1 1 3809 2849 4697
1046 2 2 1 1 2431 2632 2802
1047 2 2 1 1 2751 2519 3304
1048 2 2 1 1 3226 3224 3257
1049 2 2 1 1 2557 2765 3137
1050 2 2 1 1 1317 4147 4448
1051 2 2 1 1 1979 2924 2925
1052 2 2 1 1 2847 2849 3809
1053 2 2 1 1 3397 1135 4949
1054 2 2 1 1 1314 3807 3808
1055 2 2 1 1 4456 1533 4740
1056 2 2 1 1 2782 4902 4915
1057 2 2 1 1 1975 2939 2940
1058 2 2 1 1 4305 3706 4394
1059 2 2 1 1 2500 2072 3288
1060 2 2 1 1 957 3158 4903
1061 2 2 1 1 1989 2954 2955
1062 2 2 1 1 1051 3013 3134
1063 2 2 1 1 3871 1306 5137
1064 2 2 1 1 2997 2440 2998
1065 2 2 1 1 2038 3970 3978
1066 2 2 1 1 2575 2821 2824
1067 2 2 1 1 3238 2494 3239
1068 2 2 1 1 3101 3098 3313
1069 2 2 1 1 1572 1570 3672
1070 2 2 1 1 3557 2054 3559
1071 2 2 1 1 3435 3238 4857
1072 2 2 1 1 2578 2813 2816
1073 2 2 1 1 2913 2914 2915
1074 2 2 1 1 997 998 4042
1075 2 2 1 1 1029 2995 5241
1076 2 2 1 1 4289 3822 4435
1077 2 2 1 1 1292 4529 4721
1078 2 2 1 1 2571 2787 3170
1079 2 2 1 1 3080 3079 3082
1080 2 2 1 1 3505 3932 4429
1081 2 2 1 1 2028 2907 2910
1082 2 2 1 1 3467 2847 3809
1083 2 2 1 1 2981 2464 2982
1084 2 2 1 1 2565 3132 4610
1085 2 2 1 1 1795 1793 4197
1086 2 2 1 1 975 2878 3461
1087 2 2 1 1 3932 3012 4429
1088 2 2 1 1 938 939 3075
1089 2 2 1 1 2606 2784 3163
1090 2 2 1 1 2996 2984 5330
1091 2 2 1 1 1784 2913 5051
1092 2 2 1 1 1675 1676 3099
1093 2 2 1 1 1174 4122 4839
1094 2 2 1 1 2599 2895 3132
1095 2 2 1 1 1977 3649 3653
1096 2 2 1 1 1047 1048 3330
1097 2 2 1 1 2963 2964 2965
1098 2 2 1 1 4317 1249 4884
1099 2 2 1 1 1351 4043 4087
1100 2 2 1 1 2845 2842 5306
1101 2 2 1 1 3185 979 3198
1102 2 2 1 1 2070 2775 3891
1103 2 2 1 1 2973 2526 2974
1104 2 2 1 1 1947 3542 4390
1105 2 2 1 1 2595 2950 2952
1106 2 2 1 1 2984 2982 5330
1107 2 2 1 1 1132 1131 3064
1108 2 2 1 1 2512 4732 4737
1109 2 2 1 1 2045 3675 4535
1110 2 2 1 1 3861 3862 5144
1111 2 2 1 1 2080 2078 2826
1112 2 2 1 1 1664 2063 2807
1113 2 2 1 1 1997 3006 3009
1114 2 2 1 1 3028 2507 3029
1115 2 2 1 1 4643 3825 4842
1116 2 2 1 1 2223 2221 2978
1117 2 2 1 1 2711 1996 3175
1118 2 2 1 1 2933 2934 2935
1119 2 2 1 1 3042 3868 4703
1120 2 2 1 1 1671 1672 3102
1121 2 2 1 1 2922 2623 3133
1122 2 2 1 1 3066 3072 3350
1123 2 2 1 1 3377 3379 4593
1124 2 2 1 1 2802 2632 2803
1125 2 2 1 1 2842 2621 5306
1126 2 2 1 1 3179 1082 3496
1127 2 2 1 1 3020 2472 3021
1128 2 2 1 1 1051 1052 3013
1129 2 2 1 1 3340 3475 5109
1130 2 2 1 1 3560 1501 4269
1131 2 2 1 1 2255 2253 4673
1132 2 2 1 1 2035 3037 3038
1133 2 2 1 1 2849 2017 2850
1134 2 2 1 1 3104 3100 3295
1135 2 2 1 1 2840 2050 2841
1136 2 2 1 1 2535 2100 3264
1137 2 2 1 1 2577 2855 2858
1138 2 2 1 1 3916 3915 4378
1139 2 2 1 1 2058 2967 2968
1140 2 2 1 1 2534 2106 2791
1141 2 2 1 1 969 2867 5110
1142 2 2 1 1 2255 4673 5361
1143 2 2 1 1 2010 3051 3054
1144 2 2 1 1 2978 2221 5230
1145 2 2 1 1 2620 2920 2923
1146 2 2 1 1 3443 2273 5115
1147 2 2 1 1 3067 2470 3068
1148 2 2 1 1 1049 1050 3135
1149 2 2 1 1 3054 3052 3058
1150 2 2 1 1 2556 2861 2864
1151 2 2 1 1 2236 2238 3616
1152 2 2 1 1 3242 3243 3244
1153 2 2 1 1 4084 1178 4732
1154 2 2 1 1 2701 2046 3089
1155 2 2 1 1 1314 3586 3807
1156 2 2 1 1 1811 1809 3908
1157 2 2 1 1 2273 2415 5115
1158 2 2 1 1 1658 2048 2798
1159 2 2 1 1 1766 3440 5122
1160 2 2 1 1 4835 1263 4836
1161 2 2 1 1 1536 4123 4834
1162 2 2 1 1 1978 1766 5122
1163 2 2 1 1 2508 2403 3276
1164 2 2 1 1 2995 1029 4890
1165 2 2 1 1 2479 2712 3186
1166 2 2 1 1 1337 4266 4420
1167 2 2 1 1 983 2859 5009
1168 2 2 1 1 3370 2265 4106
1169 2 2 1 1 3089 2062 3090
1170 2 2 1 1 3009 3007 3013
1171 2 2 1 1 1570 1573 3672
1172 2 2 1 1 1352 3870 4079
1173 2 2 1 1 2891 2052 2892
1174 2 2 1 1 2926 3050 4042
1175 2 2 1 1 3894 1315 4216
1176 2 2 1 1 2880 2881 2883
1177 2 2 1 1 942 941 3246
1178 2 2 1 1 1746 1748 3041
1179 2 2 1 1 1822 2965 5092
1180 2 2 1 1 4628 1489 4629
1181 2 2 1 1 984 3321 3900
1182 2 2 1 1 1110 1111 3259
1183 2 2 1 1 4386 3861 5144
1184 2 2 1 1 2064 3283 3285
1185 2 2 1 1 2006 4002 4003
1186 2 2 1 1 1527 4248 4663
1187 2 2 1 1 1029 1030 3914
1188 2 2 1 1 2913 2912 2914
1189 2 2 1 1 4432 3760 4669
1190 2 2 1 1 1151 4398 4524
1191 2 2 1 1 3327 1075 3396
1192 2 2 1 1 1151 1152 4398
1193 2 2 1 1 3552 1285 3855
1194 2 2 1 1 3126 2387 5199
1195 2 2 1 1 1495 4101 4495
1196 2 2 1 1 1993 3078 3080
1197 2 2 1 1 2626 2852 2854
1198 2 2 1 1 1346 4289 4435
1199 2 2 1 1 2503 3414 5303
1200 2 2 1 1 2579 2897 2899
1201 2 2 1 1 1029 3914 4158
1202 2 2 1 1 1744 2059 4840
1203 2 2 1 1 1381 2732 3596
1204 2 2 1 1 2017 1904 2851
1205 2 2 1 1 1047 3330 5270
1206 2 2 1 1 1140 1139 4262
1207 2 2 1 1 1316 4348 4495
1208 2 2 1 1 2265 2263 4106
1209 2 2 1 1 2830 2831 2833
1210 2 2 1 1 2867 968 3256
1211 2 2 1 1 1347 4256 4257
1212 2 2 1 1 1328 4134 4135
1213 2 2 1 1 2859 983 4489
1214 2 2 1 1 3961 4555 4895
1215 2 2 1 1 2425 2422 3242
1216 2 2 1 1 2869 2613 2870
1217 2 2 1 1 3520 3005 3522
1218 2 2 1 1 1066 3058 3059
1219 2 2 1 1 2909 2916 2917
1220 2 2 1 1 1961 2034 3297
1221 2 2 1 1 4184 4185 4229
1222 2 2 1 1 1484 3943 3944
1223 2 2 1 1 3008 3015 3016
1224 2 2 1 1 1488 4013 5207
1225 2 2 1 1 1308 4374 5384
1226 2 2 1 1 1010 3439 3454
1227 2 2 1 1 4160 1370 4468
1228 2 2 1 1 1819 1817 4294
1229 2 2 1 1 3988 2647 4288
1230 2 2 1 1 3237 3238 3435
1231 2 2 1 1 1463 3818 4350
1232 2 2 1 1 3159 2379 5084
1233 2 2 1 1 3549 2520 3550
1234 2 2 1 1 935 934 3423
1235 2 2 1 1 3113 2089 5204
1236 2 2 1 1 2719 2003 3275
1237 2 2 1 1 3087 3416 5328
1238 2 2 1 1 3348 992 3455
1239 2 2 1 1 3317 2711 4972
1240 2 2 1 1 3184 982 5223
1241 2 2 1 1 2851 1904 4953
1242 2 2 1 1 1456 3780 4287
1243 2 2 1 1 1311 3888 4209
1244 2 2 1 1 2250 2252 4078
1245 2 2 1 1 3862 2413 5144
1246 2 2 1 1 3768 1497 4118
1247 2 2 1 1 2885 2886 4682
1248 2 2 1 1 2068 3286 3287
1249 2 2 1 1 1449 3750 4233
1250 2 2 1 1 4200 1509 4201
1251 2 2 1 1 1517 3849 5231
1252 2 2 1 1 2634 2802 2803
1253 2 2 1 1 2821 2822 2824
1254 2 2 1 1 1385 3630 3631
1255 2 2 1 1 3558 3557 3559
1256 2 2 1 1 1064 3061 3273
1257 2 2 1 1 2506 3928 4493
1258 2 2 1 1 1197 3623 3829
1259 2 2 1 1 3051 3052 3054
1260 2 2 1 1 3099 3098 3101
1261 2 2 1 1 1822 1824 2965
1262 2 2 1 1 3958 2060 3959
1263 2 2 1 1 1458 3830 4135
1264 2 2 1 1 976 3362 3442
1265 2 2 1 1 982 3184 4489
1266 2 2 1 1 3987 2647 3988
1267 2 2 1 1 4085 1431 4732
1268 2 2 1 1 2893 2630 2896
1269 2 2 1 1 2997 2998 2999
1270 2 2 1 1 3078 3079 3080
1271 2 2 1 1 2634 2803 3423
1272 2 2 1 1 3069 2470 5076
1273 2 2 1 1 1336 4467 4468
1274 2 2 1 1 1214 4253 4631
1275 2 2 1 1 2883 2881 3348
1276 2 2 1 1 3042 4703 5042
1277 2 2 1 1 1524 3844 4757
1278 2 2 1 1 3516 1262 3759
1279 2 2 1 1 4002 2006 4008
1280 2 2 1 1 935 3423 5179
1281 2 2 1 1 3472 1087 4800
1282 2 2 1 1 2569 1876 2879
1283 2 2 1 1 1050 1051 3134
1284 2 2 1 1 1628 2560 2808
1285 2 2 1 1 986 4727 4776
1286 2 2 1 1 1784 1786 2913
1287 2 2 1 1 2492 2723 3289
1288 2 2 1 1 2064 1585 3283
1289 2 2 1 1 3016 3329 3330
1290 2 2 1 1 2813 2814 2816
1291 2 2 1 1 3207 1806 3209
1292 2 2 1 1 3006 3007 3009
1293 2 2 1 1 2989 3364 3490
1294 2 2 1 1 1483 4513 4991
1295 2 2 1 1 2578 2374 2813
1296 2 2 1 1 3602 1423 3732
1297 2 2 1 1 2638 2918 2919
1298 2 2 1 1 3028 3029 3031
1299 2 2 1 1 2575 2076 2821
1300 2 2 1 1 2133 2132 3338
1301 2 2 1 1 3639 1343 5160
1302 2 2 1 1 2472 2201 3022
1303 2 2 1 1 4030 4148 4286
1304 2 2 1 1 2981 2982 2984
1305 2 2 1 1 2473 3269 3270
1306 2 2 1 1 1288 3684 5265
1307 2 2 1 1 2068 2065 3286
1308 2 2 1 1 2922 1003 5257
1309 2 2 1 1 3790 4150 4278
1310 2 2 1 1 1000 2923 5286
1311 2 2 1 1 3386 1550 3803
1312 2 2 1 1 4699 3358 4978
1313 2 2 1 1 3448 1149 3906
1314 2 2 1 1 3814 2018 4982
1315 2 2 1 1 1278 3682 4863
1316 2 2 1 1 3102 3100 3104
1317 2 2 1 1 3919 3920 4528
1318 2 2 1 1 2495 3261 3262
1319 2 2 1 1 1618 2600 3144
1320 2 2 1 1 1745 1742 4008
1321 2 2 1 1 2819 2818 3412
1322 2 2 1 1 3586 1314 3865
1323 2 2 1 1 1614 2050 2837
1324 2 2 1 1 3541 1418 3686
1325 2 2 1 1 2833 2831 3362
1326 2 2 1 1 1955 2571 3170
1327 2 2 1 1 2530 2355 2830
1328 2 2 1 1 1012 3217 3218
1329 2 2 1 1 1282 3671 3838
1330 2 2 1 1 4335 4334 4635
1331 2 2 1 1 4466 1290 4693
1332 2 2 1 1 1011 1012 3218
1333 2 2 1 1 2907 2908 2910
1334 2 2 1 1 2713 3423 4905
1335 2 2 1 1 2905 2565 2906
1336 2 2 1 1 3855 4419 4963
1337 2 2 1 1 4131 1469 4441
1338 2 2 1 1 4146 4145 4717
1339 2 2 1 1 2390 2387 3126
1340 2 2 1 1 2626 2363 2852
1341 2 2 1 1 1003 2922 4443
1342 2 2 1 1 4776 2857 4869
1343 2 2 1 1 1532 4836 4837
1344 2 2 1 1 2973 2974 2976
1345 2 2 1 1 3076 2012 4999
1346 2 2 1 1 1943 2557 3137
1347 2 2 1 1 3022 2201 4974
1348 2 2 1 1 4322 1345 4452
1349 2 2 1 1 2092 2089 3113
1350 2 2 1 1 3246 941 4442
1351 2 2 1 1 1643 1642 3587
1352 2 2 1 1 1604 2621 2842
1353 2 2 1 1 2744 2024 3320
1354 2 2 1 1 1066 1067 3058
1355 2 2 1 1 1902 2017 2846
1356 2 2 1 1 1600 2589 3092
1357 2 2 1 1 1065 1066 3059
1358 2 2 1 1 2382 2379 3159
1359 2 2 1 1 3013 1052 3299
1360 2 2 1 1 1860 1862 4105
1361 2 2 1 1 1187 4590 5261
1362 2 2 1 1 3832 1409 4143
1363 2 2 1 1 2577 2339 2855
1364 2 2 1 1 4331 1462 4910
1365 2 2 1 1 1016 4744 4909
1366 2 2 1 1 3031 3029 3327
1367 2 2 1 1 1679 3097 3098
1368 2 2 1 1 4277 1210 4663
1369 2 2 1 1 1929 2052 2888
1370 2 2 1 1 3234 1043 3235
1371 2 2 1 1 1933 2606 3163
1372 2 2 1 1 1015 3322 3325
1373 2 2 1 1 4943 1146 5081
1374 2 2 1 1 1360 3961 5311
1375 2 2 1 1 3115 2122 3116
1376 2 2 1 1 4146 3799 4147
1377 2 2 1 1 2059 1746 5042
1378 2 2 1 1 3098 3107 3313
1379 2 2 1 1 4291 4290 4655
1380 2 2 1 1 3045 2876 3046
1381 2 2 1 1 2021 1795 4197
1382 2 2 1 1 2576 3494 4170
1383 2 2 1 1 2996 1034 5181
1384 2 2 1 1 4451 3827 4863
1385 2 2 1 1 3016 3330 4501
1386 2 2 1 1 2498 2327 2880
1387 2 2 1 1 2716 2554 3196
1388 2 2 1 1 2556 2289 2861
1389 2 2 1 1 4048 4322 4452
1390 2 2 1 1 1255 3596 3726
1391 2 2 1 1 1884 2613 2869
1392 2 2 1 1 1918 2630 2893
1393 2 2 1 1 1070 1071 5032
1394 2 2 1 1 4125 4396 4505
1395 2 2 1 1 1874 2569 2874
1396 2 2 1 1 1120 3470 4822
1397 2 2 1 1 1910 2565 2903
1398 2 2 1 1 4573 1336 4574
1399 2 2 1 1 4642 1204 4643
1400 2 2 1 1 3226 3257 3258
1401 2 2 1 1 3494 2682 4170
1402 2 2 1 1 3725 1422 5137
1403 2 2 1 1 2573 2285 3034
1404 2 2 1 1 1239 3565 3714
1405 2 2 1 1 986 985 4727
1406 2 2 1 1 1578 2781 3441
1407 2 2 1 1 3469 2811 3761
1408 2 2 1 1 1914 2599 3132
1409 2 2 1 1 1014 1015 3325
1410 2 2 1 1 2713 2634 3423
1411 2 2 1 1 2579 2297 2897
1412 2 2 1 1 2927 1976 2928
1413 2 2 1 1 4508 1256 4687
1414 2 2 1 1 2742 3415 4157
1415 2 2 1 1 998 3280 4042
1416 2 2 1 1 3310 1991 3316
1417 2 2 1 1 3951 1980 4480
1418 2 2 1 1 1034 2996 4968
1419 2 2 1 1 1395 3531 3685
1420 2 2 1 1 1329 4671 4672
1421 2 2 1 1 2028 1790 2907
1422 2 2 1 1 1040 3365 3420
1423 2 2 1 1 2923 1000 5107
1424 2 2 1 1 2941 1973 2942
1425 2 2 1 1 1870 2566 3045
1426 2 2 1 1 2475 3311 3312
1427 2 2 1 1 1093 1094 3358
1428 2 2 1 1 1530 4539 5311
1429 2 2 1 1 4810 4194 5026
1430 2 2 1 1 1087 1088 4800
1431 2 2 1 1 3688 2584 4481
1432 2 2 1 1 3383 1116 3384
1433 2 2 1 1 2750 2751 3409
1434 2 2 1 1 1533 4456 4497
1435 2 2 1 1 1427 3755 3911
1436 2 2 1 1 2638 2317 2918
1437 2 2 1 1 2957 1982 2958
1438 2 2 1 1 1804 1806 3207
1439 2 2 1 1 4217 1194 4852
1440 2 2 1 1 2811 2809 3761
1441 2 2 1 1 3622 1400 3670
1442 2 2 1 1 1356 4004 4777
1443 2 2 1 1 1860 4105 5162
1444 2 2 1 1 2595 2305 2950
1445 2 2 1 1 1979 1844 2924
1446 2 2 1 1 3001 3002 5206
1447 2 2 1 1 1989 1828 2954
1448 2 2 1 1 1975 1854 2939
1449 2 2 1 1 2225 2526 2973
1450 2 2 1 1 4490 1341 5198
1451 2 2 1 1 2620 2313 2920
1452 2 2 1 1 2058 1780 2967
1453 2 2 1 1 2031 1794 2916
1454 2 2 1 1 3301 2112 3302
1455 2 2 1 1 2259 2464 2981
1456 2 2 1 1 4635 1250 4761
1457 2 2 1 1 2235 2494 3238
1458 2 2 1 1 1243 4540 5171
1459 2 2 1 1 4575 1224 4647
1460 2 2 1 1 3759 1392 3916
1461 2 2 1 1 2623 2309 3133
1462 2 2 1 1 979 3185 5318
1463 2 2 1 1 3837 1282 3838
1464 2 2 1 1 1043 1042 3235
1465 2 2 1 1 1044 1043 3234
1466 2 2 1 1 1015 1016 3322
1467 2 2 1 1 2269 2440 2997
1468 2 2 1 1 4293 1481 4503
1469 2 2 1 1 1229 4201 4274
1470 2 2 1 1 2716 3197 4870
1471 2 2 1 1 919 3308 4349
1472 2 2 1 1 1649 1652 3143
1473 2 2 1 1 1080 1081 3177
1474 2 2 1 1 1147 1146 4943
1475 2 2 1 1 1967 1970 3149
1476 2 2 1 1 3378 2136 3380
1477 2 2 1 1 3498 1032 4062
1478 2 2 1 1 3358 2719 4978
1479 2 2 1 1 4625 1208 5250
1480 2 2 1 1 1359 4375 4376
1481 2 2 1 1 2354 2356 3983
1482 2 2 1 1 4727 984 5009
1483 2 2 1 1 3258 3257 4906
1484 2 2 1 1 3975 1507 4499
1485 2 2 1 1 1997 1758 3006
1486 2 2 1 1 3302 2112 4874
1487 2 2 1 1 3224 2217 3257
1488 2 2 1 1 1012 1013 3217
1489 2 2 1 1 2203 2472 3017
1490 2 2 1 1 3754 1270 3755
1491 2 2 1 1 1987 1762 3015
1492 2 2 1 1 2835 2836 4762
1493 2 2 1 1 2195 2507 3028
1494 2 2 1 1 1541 4707 4964
1495 2 2 1 1 4870 3197 4988
1496 2 2 1 1 2611 4048 4452
1497 2 2 1 1 3909 1338 4519
1498 2 2 1 1 3757 1098 4992
1499 2 2 1 1 1482 4311 4510
1500 2 2 1 1 1337 3880 4266
1501 2 2 1 1 2855 2856 2858
1502 2 2 1 1 3316 1991 3483
1503 2 2 1 1 4673 2988 5361
1504 2 2 1 1 1320 3917 4378
1505 2 2 1 1 2877 2569 2878
1506 2 2 1 1 945 3510 4265
1507 2 2 1 1 1518 4533 4672
1508 2 2 1 1 1537 4001 4640
1509 2 2 1 1 1246 3492 3883
1510 2 2 1 1 1494 4574 4647
1511 2 2 1 1 4710 2829 4897
1512 2 2 1 1 2035 1750 3037
1513 2 2 1 1 4110 4182 4225
1514 2 2 1 1 3049 995 4896
1515 2 2 1 1 3380 3340 3381
1516 2 2 1 1 4447 1317 4448
1517 2 2 1 1 993 992 3348
1518 2 2 1 1 985 984 4727
1519 2 2 1 1 4384 3861 4385
1520 2 2 1 1 1210 4662 4663
1521 2 2 1 1 1090 1091 3317
1522 2 2 1 1 3897 4059 4198
1523 2 2 1 1 1044 3234 3253
1524 2 2 1 1 3235 1042 3265
1525 2 2 1 1 2799 3400 4342
1526 2 2 1 1 2532 2741 3261
1527 2 2 1 1 1017 1016 4909
1528 2 2 1 1 2701 3089 3090
1529 2 2 1 1 3951 1245 4251
1530 2 2 1 1 4201 4005 4274
1531 2 2 1 1 2006 4003 4487
1532 2 2 1 1 3741 2002 4204
1533 2 2 1 1 4140 1301 4944
1534 2 2 1 1 3303 1125 3739
1535 2 2 1 1 3831 1418 4944
1536 2 2 1 1 3701 3702 4690
1537 2 2 1 1 2972 3371 5014
1538 2 2 1 1 3283 3813 4985
1539 2 2 1 1 4381 1503 4692
1540 2 2 1 1 1524 4661 5142
1541 2 2 1 1 3595 1381 3596
1542 2 2 1 1 2010 1734 3051
1543 2 2 1 1 4709 2829 4710
1544 2 2 1 1 898 899 5312
1545 2 2 1 1 2183 2470 3065
1546 2 2 1 1 3717 3574 4519
1547 2 2 1 1 1103 1104 3295
1548 2 2 1 1 4059 1353 4198
1549 2 2 1 1 3470 3141 4822
1550 2 2 1 1 1995 3216 3219
1551 2 2 1 1 3050 2926 4958
1552 2 2 1 1 3322 1016 3357
1553 2 2 1 1 947 3277 4971
1554 2 2 1 1 2732 1381 4787
1555 2 2 1 1 3197 3196 5014
1556 2 2 1 1 4683 988 4869
1557 2 2 1 1 3920 2570 4528
1558 2 2 1 1 938 3075 3372
1559 2 2 1 1 1641 1644 3154
1560 2 2 1 1 1119 1118 3255
1561 2 2 1 1 3542 3543 4390
1562 2 2 1 1 3432 3433 3785
1563 2 2 1 1 4396 1339 4505
1564 2 2 1 1 2046 1594 3089
1565 2 2 1 1 3295 1104 4938
1566 2 2 1 1 3996 1252 5256
1567 2 2 1 1 2000 4312 4421
1568 2 2 1 1 2509 2698 3269
1569 2 2 1 1 3257 2538 4906
1570 2 2 1 1 3177 1081 3179
1571 2 2 1 1 3233 2480 3237
1572 2 2 1 1 1211 4082 4787
1573 2 2 1 1 2861 2862 2864
1574 2 2 1 1 3730 1169 4566
1575 2 2 1 1 991 992 3428
1576 2 2 1 1 3760 1220 4669
1577 2 2 1 1 997 3048 5120
1578 2 2 1 1 3219 3216 3220
1579 2 2 1 1 3252 2018 3814
1580 2 2 1 1 1993 1722 3078
1581 2 2 1 1 1307 4103 5159
1582 2 2 1 1 2828 2829 4709
1583 2 2 1 1 1425 4141 4630
1584 2 2 1 1 4049 3731 4566
1585 2 2 1 1 2396 3621 4363
1586 2 2 1 1 2785 4677 4902
1587 2 2 1 1 1298 4749 5339
1588 2 2 1 1 3305 1145 3863
1589 2 2 1 1 4760 3980 4761
1590 2 2 1 1 3675 2045 5005
1591 2 2 1 1 1139 3460 4262
1592 2 2 1 1 4820 4010 4858
1593 2 2 1 1 1535 4643 4842
1594 2 2 1 1 1088 3962 3984
1595 2 2 1 1 946 947 4971
1596 2 2 1 1 2601 1620 3292
1597 2 2 1 1 1097 1098 3757
1598 2 2 1 1 3135 3016 4501
1599 2 2 1 1 1388 3634 3656
1600 2 2 1 1 3808 1351 4230
1601 2 2 1 1 1314 3808 4187
1602 2 2 1 1 952 3128 5130
1603 2 2 1 1 1303 4232 4516
1604 2 2 1 1 3075 939 5255
1605 2 2 1 1 1076 3327 3763
1606 2 2 1 1 2852 2853 2854
1607 2 2 1 1 1140 3471 4081
1608 2 2 1 1 1117 1116 3383
1609 2 2 1 1 927 3172 4942
1610 2 2 1 1 3163 2784 5188
1611 2 2 1 1 2879 1876 5066
1612 2 2 1 1 3444 1094 3446
1613 2 2 1 1 998 999 3280
1614 2 2 1 1 4918 1070 4919
1615 2 2 1 1 2980 1134 5228
1616 2 2 1 1 3665 1393 3681
1617 2 2 1 1 4242 1506 4609
1618 2 2 1 1 1432 3948 4251
1619 2 2 1 1 2753 2517 3301
1620 2 2 1 1 3906 1148 4943
1621 2 2 1 1 1633 1636 3167
1622 2 2 1 1 2878 975 5011
1623 2 2 1 1 1496 4351 5159
1624 2 2 1 1 4125 1509 4396
1625 2 2 1 1 918 919 4349
1626 2 2 1 1 991 3428 4173
1627 2 2 1 1 3709 3708 4698
1628 2 2 1 1 2388 2389 3664
1629 2 2 1 1 3100 3101 3295
1630 2 2 1 1 1179 3921 4169
1631 2 2 1 1 2595 2952 3074
1632 2 2 1 1 2188 3066 3350
1633 2 2 1 1 1194 4851 4852
1634 2 2 1 1 3995 1582 4060
1635 2 2 1 1 2715 2716 4870
1636 2 2 1 1 2819 3412 5143
1637 2 2 1 1 2897 2898 2899
1638 2 2 1 1 3835 1057 4191
1639 2 2 1 1 1451 3884 4009
1640 2 2 1 1 2715 4870 4951
1641 2 2 1 1 1381 3570 4787
1642 2 2 1 1 4281 1514 4617
1643 2 2 1 1 1042 1041 3265
1644 2 2 1 1 1196 3619 3670
1645 2 2 1 1 1149 4726 4922
1646 2 2 1 1 4549 1263 5283
1647 2 2 1 1 4167 1245 4692
1648 2 2 1 1 2976 2974 3431
1649 2 2 1 1 2727 2056 3310
1650 2 2 1 1 2137 2136 3378
1651 2 2 1 1 2520 3549 3551
1652 2 2 1 1 1150 1151 4524
1653 2 2 1 1 2038 3978 4425
1654 2 2 1 1 2824 2822 3906
1655 2 2 1 1 2527 2755 3311
1656 2 2 1 1 2554 1772 3196
1657 2 2 1 1 2723 2685 3298
1658 2 2 1 1 4811 1242 5026
1659 2 2 1 1 3316 3179 3496
1660 2 2 1 1 3121 2502 3122
1661 2 2 1 1 1063 1064 3273
1662 2 2 1 1 1057 1058 4191
1663 2 2 1 1 916 917 5312
1664 2 2 1 1 3671 2592 3838
1665 2 2 1 1 1556 3386 3803
1666 2 2 1 1 2622 1606 3278
1667 2 2 1 1 1121 1120 3174
1668 2 2 1 1 3064 1131 4061
1669 2 2 1 1 1702 1704 3088
1670 2 2 1 1 3520 4653 5375
1671 2 2 1 1 4003 4004 4487
1672 2 2 1 1 1696 1698 3175
1673 2 2 1 1 1690 1692 3275
1674 2 2 1 1 1398 3691 4035
1675 2 2 1 1 2860 2859 4489
1676 2 2 1 1 1150 4524 4726
1677 2 2 1 1 3201 2008 3202
1678 2 2 1 1 2885 4682 5221
1679 2 2 1 1 2729 4332 5276
1680 2 2 1 1 1266 3777 4702
1681 2 2 1 1 3211 1992 3212
1682 2 2 1 1 1236 4708 4733
1683 2 2 1 1 3008 3016 3135
1684 2 2 1 1 1142 3180 4932
1685 2 2 1 1 3999 4006 4280
1686 2 2 1 1 3400 1365 4342
1687 2 2 1 1 4332 1554 5276
1688 2 2 1 1 1154 3520 3522
1689 2 2 1 1 3631 1222 3753
1690 2 2 1 1 1684 1686 3320
1691 2 2 1 1 3416 1366 5328
1692 2 2 1 1 920 3307 4562
1693 2 2 1 1 3108 2513 3109
1694 2 2 1 1 2570 3920 3921
1695 2 2 1 1 1407 3742 3829
1696 2 2 1 1 1984 1738 3063
1697 2 2 1 1 1031 1032 3498
1698 2 2 1 1 3364 3365 3490
1699 2 2 1 1 3155 2521 3156
1700 2 2 1 1 2421 3240 3241
1701 2 2 1 1 3272 2714 4746
1702 2 2 1 1 4677 435 4902
1703 2 2 1 1 979 978 3198
1704 2 2 1 1 2175 2532 3261
1705 2 2 1 1 3939 4382 4402
1706 2 2 1 1 2151 2149 3077
1707 2 2 1 1 1373 3627 3810
1708 2 2 1 1 4745 925 4855
1709 2 2 1 1 2631 1920 3293
1710 2 2 1 1 944 945 4265
1711 2 2 1 1 2456 2454 3186
1712 2 2 1 1 2450 2448 3289
1713 2 2 1 1 5023 2870 5134
1714 2 2 1 1 1948 4390 4668
1715 2 2 1 1 3655 3810 4592
1716 2 2 1 1 3129 2524 3130
1717 2 2 1 1 3093 2503 3095
1718 2 2 1 1 3572 3571 4781
1719 2 2 1 1 2894 2893 2896
1720 2 2 1 1 4141 3991 4630
1721 2 2 1 1 3588 954 4624
1722 2 2 1 1 3493 2682 3494
1723 2 2 1 1 2850 3385 4697
1724 2 2 1 1 4697 3385 5329
1725 2 2 1 1 3674 3675 5005
1726 2 2 1 1 4131 2516 4518
1727 2 2 1 1 3600 3599 4782
1728 2 2 1 1 1375 3609 3615
1729 2 2 1 1 4462 4440 4964
1730 2 2 1 1 3604 1176 3612
1731 2 2 1 1 3575 1156 3581
1732 2 2 1 1 2816 2814 4044
1733 2 2 1 1 2165 2509 3269
1734 2 2 1 1 4463 3438 4704
1735 2 2 1 1 1145 1144 3863
1736 2 2 1 1 2056 1708 3310
1737 2 2 1 1 3364 2989 4673
1738 2 2 1 1 1437 3918 4564
1739 2 2 1 1 1045 1044 3253
1740 2 2 1 1 1254 3927 4051
1741 2 2 1 1 2397 3879 4404
1742 2 2 1 1 3313 3107 4802
1743 2 2 1 1 3614 3615 4604
1744 2 2 1 1 3642 3641 3695
1745 2 2 1 1 2155 2527 3311
1746 2 2 1 1 2399 4305 4394
1747 2 2 1 1 2910 2908 3498
1748 2 2 1 1 2695 3988 4288
1749 2 2 1 1 4038 4819 5233
1750 2 2 1 1 1479 4113 4114
1751 2 2 1 1 2351 2348 3279
1752 2 2 1 1 1251 3933 4872
1753 2 2 1 1 3621 2396 3622
1754 2 2 1 1 1544 4747 5339
1755 2 2 1 1 1475 4471 4591
1756 2 2 1 1 2645 2540 3755
1757 2 2 1 1 2323 2320 2887
1758 2 2 1 1 968 967 3256
1759 2 2 1 1 3986 1232 3987
1760 2 2 1 1 3922 4564 4719
1761 2 2 1 1 2638 2919 3048
1762 2 2 1 1 4461 4463 4704
1763 2 2 1 1 1429 3942 4867
1764 2 2 1 1 3419 3951 4480
1765 2 2 1 1 3330 2795 5270
1766 2 2 1 1 4116 4117 4764
1767 2 2 1 1 1157 4879 5341
1768 2 2 1 1 3119 3116 3174
1769 2 2 1 1 1093 3358 4699
1770 2 2 1 1 2626 2854 2867
1771 2 2 1 1 1210 4277 4785
1772 2 2 1 1 2801 2549 3354
1773 2 2 1 1 3286 3285 3318
1774 2 2 1 1 3233 3237 3435
1775 2 2 1 1 2692 3491 4060
1776 2 2 1 1 2694 3764 3994
1777 2 2 1 1 2896 2630 3188
1778 2 2 1 1 4672 2670 5375
1779 2 2 1 1 2924 1976 2927
1780 2 2 1 1 1011 4881 5015
1781 2 2 1 1 3468 3972 4888
1782 2 2 1 1 931 932 3271
1783 2 2 1 1 1567 3252 3282
1784 2 2 1 1 2806 4779 4900
1785 2 2 1 1 3438 4444 4704
1786 2 2 1 1 1014 4579 4930
1787 2 2 1 1 2249 3450 5000
1788 2 2 1 1 3059 3053 3061
1789 2 2 1 1 2148 2145 3304
1790 2 2 1 1 2370 2367 3300
1791 2 2 1 1 1812 3221 5077
1792 2 2 1 1 1313 4469 4928
1793 2 2 1 1 3023 3022 3395
1794 2 2 1 1 2939 1973 2941
1795 2 2 1 1 2072 2069 3288
1796 2 2 1 1 4511 1275 4596
1797 2 2 1 1 2954 1982 2957
1798 2 2 1 1 1812 3219 3221
1799 2 2 1 1 1443 4063 4064
1800 2 2 1 1 2281 2279 3290
1801 2 2 1 1 2136 2133 4893
1802 2 2 1 1 1679 1680 3097
1803 2 2 1 1 2443 3342 4753
1804 2 2 1 1 2123 2122 3115
1805 2 2 1 1 2503 2409 3414
1806 2 2 1 1 926 927 4942
1807 2 2 1 1 1501 3560 3771
1808 2 2 1 1 3121 3122 3125
1809 2 2 1 1 3037 2005 3040
1810 2 2 1 1 2470 2181 5076
1811 2 2 1 1 2588 2871 2872
1812 2 2 1 1 1140 1141 3471
1813 2 2 1 1 2009 4028 4030
1814 2 2 1 1 2919 2918 3161
1815 2 2 1 1 2060 3958 4096
1816 2 2 1 1 1045 3253 3335
1817 2 2 1 1 2432 2431 2802
1818 2 2 1 1 1094 1093 3446
1819 2 2 1 1 4740 1533 4814
1820 2 2 1 1 2716 3196 3197
1821 2 2 1 1 3638 1343 3639
1822 2 2 1 1 1195 3509 3627
1823 2 2 1 1 1895 1898 3193
1824 2 2 1 1 2942 2949 3294
1825 2 2 1 1 4425 3978 5052
1826 2 2 1 1 1139 1140 4081
1827 2 2 1 1 2597 3577 4458
1828 2 2 1 1 1939 2012 3457
1829 2 2 1 1 3196 2051 5014
1830 2 2 1 1 2970 2040 3382
1831 2 2 1 1 1489 4355 4629
1832 2 2 1 1 1149 1150 4726
1833 2 2 1 1 3134 3008 3135
1834 2 2 1 1 2835 4762 5216
1835 2 2 1 1 3559 2054 4033
1836 2 2 1 1 3115 3116 3119
1837 2 2 1 1 3431 1056 3504
1838 2 2 1 1 1540 4811 4852
1839 2 2 1 1 1067 1068 3422
1840 2 2 1 1 4631 4253 5027
1841 2 2 1 1 3521 3522 4636
1842 2 2 1 1 3532 2625 3685
1843 2 2 1 1 2158 2160 3529
1844 2 2 1 1 2760 3309 4652
1845 2 2 1 1 3305 2826 5081
1846 2 2 1 1 4380 4550 4551
1847 2 2 1 1 948 2805 4926
1848 2 2 1 1 956 955 3403
1849 2 2 1 1 3080 3082 3315
1850 2 2 1 1 1477 3970 3977
1851 2 2 1 1 1141 1142 4932
1852 2 2 1 1 2826 2825 5081
1853 2 2 1 1 4781 1192 5302
1854 2 2 1 1 2967 2040 2970
1855 2 2 1 1 3317 1091 4306
1856 2 2 1 1 3653 3778 3781
1857 2 2 1 1 3471 1141 4932
1858 2 2 1 1 4748 1185 4790
1859 2 2 1 1 3522 3523 4166
1860 2 2 1 1 1139 1138 3460
1861 2 2 1 1 4454 893 4910
1862 2 2 1 1 983 984 3900
1863 2 2 1 1 4077 4076 4406
1864 2 2 1 1 1833 1831 3715
1865 2 2 1 1 2568 1623 3781
1866 2 2 1 1 1048 1047 3359
1867 2 2 1 1 3177 3179 3483
1868 2 2 1 1 2721 3741 4204
1869 2 2 1 1 980 979 5318
1870 2 2 1 1 2594 3692 3693
1871 2 2 1 1 931 3271 3797
1872 2 2 1 1 3283 3282 3813
1873 2 2 1 1 3063 1738 5338
1874 2 2 1 1 2782 2785 4902
1875 2 2 1 1 3181 2614 3183
1876 2 2 1 1 3261 2741 3262
1877 2 2 1 1 944 4265 4798
1878 2 2 1 1 3439 2966 3454
1879 2 2 1 1 1328 3487 4984
1880 2 2 1 1 1011 3218 3439
1881 2 2 1 1 3318 3285 5118
1882 2 2 1 1 3350 3072 5037
1883 2 2 1 1 2049 4425 5052
1884 2 2 1 1 3221 3222 4551
1885 2 2 1 1 1622 3653 3781
1886 2 2 1 1 3100 3099 3101
1887 2 2 1 1 2648 3567 3829
1888 2 2 1 1 2773 4745 4855
1889 2 2 1 1 3052 3053 3059
1890 2 2 1 1 2860 3184 5237
1891 2 2 1 1 1543 4729 4849
1892 2 2 1 1 3280 999 3451
1893 2 2 1 1 3365 1039 3490
1894 2 2 1 1 4754 1534 4829
1895 2 2 1 1 1307 3267 3512
1896 2 2 1 1 2972 5014 5022
1897 2 2 1 1 4316 1546 4651
1898 2 2 1 1 4563 1199 4685
1899 2 2 1 1 3938 2400 4686
1900 2 2 1 1 2094 2513 3108
1901 2 2 1 1 2392 2502 3121
1902 2 2 1 1 3853 2027 5307
1903 2 2 1 1 2047 1811 3908
1904 2 2 1 1 3572 2047 3908
1905 2 2 1 1 3269 2698 3270
1906 2 2 1 1 3136 1049 3406
1907 2 2 1 1 3139 1648 3140
1908 2 2 1 1 1116 1115 3384
1909 2 2 1 1 920 919 3307
1910 2 2 1 1 2384 2521 3155
1911 2 2 1 1 1542 4121 4838
1912 2 2 1 1 4804 3470 4925
1913 2 2 1 1 3142 3470 4804
1914 2 2 1 1 1133 2980 3469
1915 2 2 1 1 3145 1966 3146
1916 2 2 1 1 1565 2018 3252
1917 2 2 1 1 2086 2524 3129
1918 2 2 1 1 1976 1848 2929
1919 2 2 1 1 4176 4125 4505
1920 2 2 1 1 4779 3319 4900
1921 2 2 1 1 2588 2869 2871
1922 2 2 1 1 1888 1890 3190
1923 2 2 1 1 2081 2828 5310
1924 2 2 1 1 2870 2613 5134
1925 2 2 1 1 3433 3427 3785
1926 2 2 1 1 1525 4714 4937
1927 2 2 1 1 2411 2503 3093
1928 2 2 1 1 2828 4709 5310
1929 2 2 1 1 3103 3102 3104
1930 2 2 1 1 3093 3095 3096
1931 2 2 1 1 1982 1832 2959
1932 2 2 1 1 1817 2598 4294
1933 2 2 1 1 3250 2249 5000
1934 2 2 1 1 2941 2942 3294
1935 2 2 1 1 2517 2116 3301
1936 2 2 1 1 3491 3399 4060
1937 2 2 1 1 3150 1640 3151
1938 2 2 1 1 3007 3008 3134
1939 2 2 1 1 2851 3073 3385
1940 2 2 1 1 2707 3388 4828
1941 2 2 1 1 977 976 3442
1942 2 2 1 1 1973 1858 2943
1943 2 2 1 1 4841 970 5110
1944 2 2 1 1 1620 1621 3292
1945 2 2 1 1 1258 3639 5161
1946 2 2 1 1 3824 1241 5157
1947 2 2 1 1 2805 948 4779
1948 2 2 1 1 3508 3629 4481
1949 2 2 1 1 5032 1072 5103
1950 2 2 1 1 2966 3439 3453
1951 2 2 1 1 2789 2775 3846
1952 2 2 1 1 4515 4427 4517
1953 2 2 1 1 4213 3259 5072
1954 2 2 1 1 1128 3314 5211
1955 2 2 1 1 3654 2611 4452
1956 2 2 1 1 4902 1363 4915
1957 2 2 1 1 3005 3520 5375
1958 2 2 1 1 2345 2614 3181
1959 2 2 1 1 3003 2514 3004
1960 2 2 1 1 3460 1138 4100
1961 2 2 1 1 4191 1058 4815
1962 2 2 1 1 3290 2279 5345
1963 2 2 1 1 3764 1077 3994
1964 2 2 1 1 4701 1164 5362
1965 2 2 1 1 3297 3148 5087
1966 2 2 1 1 1606 1607 3278
1967 2 2 1 1 4060 1582 4541
1968 2 2 1 1 2820 4135 5265
1969 2 2 1 1 3589 3590 4696
1970 2 2 1 1 2413 3862 4742
1971 2 2 1 1 1048 3359 3406
1972 2 2 1 1 2628 3817 3818
1973 2 2 1 1 2707 4828 4990
1974 2 2 1 1 2927 2928 2938
1975 2 2 1 1 1472 4576 5282
1976 2 2 1 1 3047 3046 5224
1977 2 2 1 1 2132 3336 3337
1978 2 2 1 1 1920 1921 3293
1979 2 2 1 1 1661 1664 2807
1980 2 2 1 1 2112 2109 3199
1981 2 2 1 1 1002 1003 4039
1982 2 2 1 1 943 944 4798
1983 2 2 1 1 3416 3087 3723
1984 2 2 1 1 1063 3273 3401
1985 2 2 1 1 3441 4915 5307
1986 2 2 1 1 2231 2229 3248
1987 2 2 1 1 4574 4575 4647
1988 2 2 1 1 1501 3771 4374
1989 2 2 1 1 3354 2443 4753
1990 2 2 1 1 2753 3301 3302
1991 2 2 1 1 3164 1632 3165
1992 2 2 1 1 2734 2715 5067
1993 2 2 1 1 1075 1074 3396
1994 2 2 1 1 1623 1622 3781
1995 2 2 1 1 3193 2848 4921
1996 2 2 1 1 1088 1087 3962
1997 2 2 1 1 3362 2831 3442
1998 2 2 1 1 4123 2585 4152
1999 2 2 1 1 1672 1675 3102
2000 2 2 1 1 1820 1992 3211
2001 2 2 1 1 2111 2114 4124
2002 2 2 1 1 4373 4748 4790
2003 2 2 1 1 2421 2418 3240
2004 2 2 1 1 3819 2146 3851
2005 2 2 1 1 1100 3462 3495
2006 2 2 1 1 1450 3912 4414
2007 2 2 1 1 1368 4154 4622
2008 2 2 1 1 1814 1995 3219
2009 2 2 1 1 1802 2008 3201
2010 2 2 1 1 1577 1575 3484
2011 2 2 1 1 3031 3327 3396
2012 2 2 1 1 1012 1011 5015
2013 2 2 1 1 1247 3859 3981
2014 2 2 1 1 2380 2381 3796
2015 2 2 1 1 2715 4951 5067
2016 2 2 1 1 1030 1029 5241
2017 2 2 1 1 2001 3592 3594
2018 2 2 1 1 3770 2380 3796
2019 2 2 1 1 1676 1679 3099
2020 2 2 1 1 3054 3058 3422
2021 2 2 1 1 3537 2645 3755
2022 2 2 1 1 983 3900 4488
2023 2 2 1 1 2520 2236 3616
2024 2 2 1 1 3527 3665 3681
2025 2 2 1 1 2480 2239 3237
2026 2 2 1 1 2443 3341 3342
2027 2 2 1 1 3489 3153 4530
2028 2 2 1 1 2215 2538 3257
2029 2 2 1 1 3010 3009 3299
2030 2 2 1 1 1139 4081 4741
2031 2 2 1 1 3111 3108 3112
2032 2 2 1 1 2487 2514 3003
2033 2 2 1 1 2146 3819 3852
2034 2 2 1 1 3265 1041 3420
2035 2 2 1 1 4080 3706 4305
2036 2 2 1 1 4390 3543 4668
2037 2 2 1 1 2457 2458 3523
2038 2 2 1 1 3311 2755 3312
2039 2 2 1 1 2704 3276 5048
2040 2 2 1 1 1057 3431 4137
2041 2 2 1 1 3153 3152 4530
2042 2 2 1 1 3415 1371 4157
2043 2 2 1 1 4354 2666 4355
2044 2 2 1 1 3168 2930 3428
2045 2 2 1 1 4273 1170 4619
2046 2 2 1 1 2827 2826 3305
2047 2 2 1 1 1668 1671 3105
2048 2 2 1 1 1655 1658 2798
2049 2 2 1 1 1002 4039 4825
2050 2 2 1 1 2727 3310 3316
2051 2 2 1 1 3048 2919 5120
2052 2 2 1 1 925 926 3866
2053 2 2 1 1 3609 3550 3615
2054 2 2 1 1 2106 2103 2791
2055 2 2 1 1 2122 2119 3117
2056 2 2 1 1 1117 1118 3266
2057 2 2 1 1 1355 4181 4829
2058 2 2 1 1 3992 4364 5094
2059 2 2 1 1 4543 1280 4615
2060 2 2 1 1 2011 3562 3564
2061 2 2 1 1 1218 4618 4895
2062 2 2 1 1 974 975 3461
2063 2 2 1 1 4615 1513 5379
2064 2 2 1 1 2616 2722 3394
2065 2 2 1 1 1058 1059 4815
2066 2 2 1 1 2989 2988 4673
2067 2 2 1 1 2848 3421 4921
2068 2 2 1 1 5224 3046 5235
2069 2 2 1 1 1126 3345 3489
2070 2 2 1 1 3142 3141 3470
2071 2 2 1 1 1052 1053 3299
2072 2 2 1 1 1249 4317 4751
2073 2 2 1 1 3365 3251 3420
2074 2 2 1 1 1100 1099 3462
2075 2 2 1 1 3597 1421 3726
2076 2 2 1 1 4774 1548 4808
2077 2 2 1 1 2858 2856 4727
2078 2 2 1 1 4744 1015 4930
2079 2 2 1 1 3098 3097 3107
2080 2 2 1 1 3420 3251 4057
2081 2 2 1 1 1993 3080 3081
2082 2 2 1 1 4312 4313 4421
2083 2 2 1 1 2800 2801 3645
2084 2 2 1 1 1487 4621 4721
2085 2 2 1 1 1979 2925 2926
2086 2 2 1 1 2936 2934 3280
2087 2 2 1 1 3023 3395 4333
2088 2 2 1 1 4579 2865 4930
2089 2 2 1 1 2531 2806 3414
2090 2 2 1 1 2588 2873 5385
2091 2 2 1 1 1989 2955 2956
2092 2 2 1 1 2009 4030 4664
2093 2 2 1 1 4921 3421 5297
2094 2 2 1 1 4641 2718 4679
2095 2 2 1 1 2498 2883 2884
2096 2 2 1 1 3403 955 3588
2097 2 2 1 1 2010 3054 3055
2098 2 2 1 1 1129 1128 5211
2099 2 2 1 1 3780 2568 3781
2100 2 2 1 1 3044 4683 4869
2101 2 2 1 1 956 3403 3530
2102 2 2 1 1 2714 2713 4746
2103 2 2 1 1 3176 3020 3291
2104 2 2 1 1 2426 3309 5331
2105 2 2 1 1 2925 2924 2927
2106 2 2 1 1 2100 2097 3264
2107 2 2 1 1 3348 2881 5263
2108 2 2 1 1 2040 1784 5051
2109 2 2 1 1 4277 3953 4785
2110 2 2 1 1 2015 3651 3652
2111 2 2 1 1 3040 2005 3932
2112 2 2 1 1 2749 3264 5182
2113 2 2 1 1 3263 3070 5001
2114 2 2 1 1 2767 2766 4213
2115 2 2 1 1 3097 2616 3107
2116 2 2 1 1 3200 4366 5108
2117 2 2 1 1 1148 1147 4943
2118 2 2 1 1 2881 3407 5263
2119 2 2 1 1 1866 2055 3332
2120 2 2 1 1 1149 1148 3906
2121 2 2 1 1 2940 2939 2941
2122 2 2 1 1 3128 951 3752
2123 2 2 1 1 1997 3009 3010
2124 2 2 1 1 4645 3869 4969
2125 2 2 1 1 4192 3728 4220
2126 2 2 1 1 3505 3040 3932
2127 2 2 1 1 2982 2464 2983
2128 2 2 1 1 1004 3074 5264
2129 2 2 1 1 3107 2616 3394
2130 2 2 1 1 2955 2954 2957
2131 2 2 1 1 4962 3081 4986
2132 2 2 1 1 3879 3878 4404
2133 2 2 1 1 4577 1184 4648
2134 2 2 1 1 3974 1219 4475
2135 2 2 1 1 2549 2447 3354
2136 2 2 1 1 4898 1144 5192
2137 2 2 1 1 945 946 4971
2138 2 2 1 1 3190 1890 5335
2139 2 2 1 1 3400 3995 4060
2140 2 2 1 1 4305 2399 4391
2141 2 2 1 1 1493 4646 5359
2142 2 2 1 1 3182 3185 3198
2143 2 2 1 1 4245 2467 4247
2144 2 2 1 1 3174 1120 4823
2145 2 2 1 1 2403 2395 3276
2146 2 2 1 1 3938 3939 4402
2147 2 2 1 1 3111 3112 3397
2148 2 2 1 1 3430 1123 4821
2149 2 2 1 1 3092 2844 4620
2150 2 2 1 1 1585 1583 3283
2151 2 2 1 1 3381 1113 5202
2152 2 2 1 1 2081 2080 2828
2153 2 2 1 1 1126 1127 3345
2154 2 2 1 1 3510 945 4971
2155 2 2 1 1 3072 3071 5168
2156 2 2 1 1 2055 3047 4997
2157 2 2 1 1 3182 3181 3185
2158 2 2 1 1 2922 3133 5262
2159 2 2 1 1 2938 2928 3168
2160 2 2 1 1 2491 3536 4098
2161 2 2 1 1 4598 1202 4680
2162 2 2 1 1 3139 3140 3169
2163 2 2 1 1 2027 3853 3854
2164 2 2 1 1 1009 4735 5029
2165 2 2 1 1 3584 3604 3612
2166 2 2 1 1 3029 2507 3030
2167 2 2 1 1 4004 2037 4487
2168 2 2 1 1 3581 2641 4458
2169 2 2 1 1 3422 1068 4178
2170 2 2 1 1 2867 2854 5110
2171 2 2 1 1 2854 4841 5110
2172 2 2 1 1 5017 3072 5168
2173 2 2 1 1 937 938 3372
2174 2 2 1 1 3468 2819 5143
2175 2 2 1 1 3241 3240 3349
2176 2 2 1 1 2854 2853 4841
2177 2 2 1 1 3246 3241 3349
2178 2 2 1 1 1007 1006 5125
2179 2 2 1 1 3866 926 4942
2180 2 2 1 1 2387 2386 5199
2181 2 2 1 1 3799 3800 4147
2182 2 2 1 1 5125 1006 5150
2183 2 2 1 1 3395 3022 4974
2184 2 2 1 1 1138 1139 4741
2185 2 2 1 1 3020 3021 3291
2186 2 2 1 1 4528 2662 4564
2187 2 2 1 1 922 923 3323
2188 2 2 1 1 2530 2833 2834
2189 2 2 1 1 3050 997 4042
2190 2 2 1 1 2035 3038 3039
2191 2 2 1 1 2750 3409 5138
2192 2 2 1 1 3145 3146 3173
2193 2 2 1 1 1123 1122 4821
2194 2 2 1 1 2809 2810 4600
2195 2 2 1 1 3189 1888 3190
2196 2 2 1 1 1155 4696 5304
2197 2 2 1 1 4366 4032 5108
2198 2 2 1 1 2725 3177 3483
2199 2 2 1 1 1958 1961 3297
2200 2 2 1 1 3038 3037 3040
2201 2 2 1 1 2065 2064 3286
2202 2 2 1 1 3191 1894 3192
2203 2 2 1 1 2299 2901 5266
2204 2 2 1 1 1963 1966 3145
2205 2 2 1 1 1646 1648 3139
2206 2 2 1 1 2440 2267 3955
2207 2 2 1 1 4274 4005 4654
2208 2 2 1 1 6 3813 3814
2209 2 2 1 1 3287 3286 3318
2210 2 2 1 1 2814 2815 4588
2211 2 2 1 1 2793 2699 4982
2212 2 2 1 1 2568 3780 3782
2213 2 2 1 1 2798 2747 5062
2214 2 2 1 1 3402 2059 4703
2215 2 2 1 1 3472 2706 4844
2216 2 2 1 1 1016 1017 3357
2217 2 2 1 1 2028 2910 2911
2218 2 2 1 1 1092 1093 4699
2219 2 2 1 1 3150 3151 3187
2220 2 2 1 1 3154 3142 4804
2221 2 2 1 1 2291 2866 5240
2222 2 2 1 1 2379 2378 5084
2223 2 2 1 1 3137 2765 5183
2224 2 2 1 1 1009 1010 3454
2225 2 2 1 1 2864 2862 4744
2226 2 2 1 1 4055 1172 4837
2227 2 2 1 1 2594 2633 3692
2228 2 2 1 1 3247 3248 3249
2229 2 2 1 1 2731 2791 5049
2230 2 2 1 1 3415 2742 5127
2231 2 2 1 1 3248 2229 5295
2232 2 2 1 1 2357 2835 5216
2233 2 2 1 1 2341 2860 5237
2234 2 2 1 1 3117 2119 5344
2235 2 2 1 1 3936 4686 4867
2236 2 2 1 1 3247 2231 3248
2237 2 2 1 1 2929 1848 5156
2238 2 2 1 1 3622 2396 5247
2239 2 2 1 1 1556 4231 4561
2240 2 2 1 1 3073 2904 4694
2241 2 2 1 1 2959 1832 5155
2242 2 2 1 1 1638 1640 3150
2243 2 2 1 1 2974 2526 2975
2244 2 2 1 1 3167 3153 4862
2245 2 2 1 1 4844 2706 4994
2246 2 2 1 1 2822 3448 3906
2247 2 2 1 1 2089 2088 5204
2248 2 2 1 1 3206 3689 3690
2249 2 2 1 1 4146 4717 4920
2250 2 2 1 1 3332 2055 4997
2251 2 2 1 1 2555 2735 3440
2252 2 2 1 1 2112 3199 4874
2253 2 2 1 1 3761 2809 4600
2254 2 2 1 1 2778 4635 4761
2255 2 2 1 1 3096 3095 4734
2256 2 2 1 1 2329 2885 5221
2257 2 2 1 1 3309 3244 4652
2258 2 2 1 1 954 953 4624
2259 2 2 1 1 4019 2602 4020
2260 2 2 1 1 3902 4305 4391
2261 2 2 1 1 1046 1045 3335
2262 2 2 1 1 2426 2425 3309
2263 2 2 1 1 2943 1858 5162
2264 2 2 1 1 3144 2777 4367
2265 2 2 1 1 3917 3916 4378
2266 2 2 1 1 2845 4898 5192
2267 2 2 1 1 1285 3552 3554
2268 2 2 1 1 4114 4115 4437
2269 2 2 1 1 2717 2544 3443
2270 2 2 1 1 2979 4645 4969
2271 2 2 1 1 1001 1000 5286
2272 2 2 1 1 1953 1955 3170
2273 2 2 1 1 2883 3348 3455
2274 2 2 1 1 3245 3306 4652
2275 2 2 1 1 4355 1489 4548
2276 2 2 1 1 3220 3216 3357
2277 2 2 1 1 3399 1365 3400
2278 2 2 1 1 2934 2926 4042
2279 2 2 1 1 3384 1115 5070
2280 2 2 1 1 2076 2074 2821
2281 2 2 1 1 2376 2578 2818
2282 2 2 1 1 3484 3441 5307
2283 2 2 1 1 4426 3553 4520
2284 2 2 1 1 1668 3105 5389
2285 2 2 1 1 3073 2851 4953
2286 2 2 1 1 2957 2958 3281
2287 2 2 1 1 1016 1015 4744
2288 2 2 1 1 3306 3245 5313
2289 2 2 1 1 1630 1632 3164
2290 2 2 1 1 3186 2712 4885
2291 2 2 1 1 3395 3396 4333
2292 2 2 1 1 1626 1628 2808
2293 2 2 1 1 2341 2577 2860
2294 2 2 1 1 3223 2957 3281
2295 2 2 1 1 3329 3016 5232
2296 2 2 1 1 3878 2398 4404
2297 2 2 1 1 1998 4139 4317
2298 2 2 1 1 4076 2644 4406
2299 2 2 1 1 4616 1330 4700
2300 2 2 1 1 2058 2968 2969
2301 2 2 1 1 2968 2967 2970
2302 2 2 1 1 2374 2372 2813
2303 2 2 1 1 2899 2898 4881
2304 2 2 1 1 2132 2129 3336
2305 2 2 1 1 3078 1727 3079
2306 2 2 1 1 3788 3789 3791
2307 2 2 1 1 4362 1328 4984
2308 2 2 1 1 1076 1075 3327
2309 2 2 1 1 3229 3236 3450
2310 2 2 1 1 2078 2575 2826
2311 2 2 1 1 2467 4245 5352
2312 2 2 1 1 3439 3218 3453
2313 2 2 1 1 2291 2556 2866
2314 2 2 1 1 4698 1332 5343
2315 2 2 1 1 1095 1094 3444
2316 2 2 1 1 3079 1727 3084
2317 2 2 1 1 1757 1755 4176
2318 2 2 1 1 2016 2839 3278
2319 2 2 1 1 2575 2824 2825
2320 2 2 1 1 2699 2793 5322
2321 2 2 1 1 3887 4209 4210
2322 2 2 1 1 3132 2895 4610
2323 2 2 1 1 2357 2530 2835
2324 2 2 1 1 3051 1984 3052
2325 2 2 1 1 2016 2837 2838
2326 2 2 1 1 3464 3033 4954
2327 2 2 1 1 2250 4078 4344
2328 2 2 1 1 2037 4004 4005
2329 2 2 1 1 3794 3793 4797
2330 2 2 1 1 1258 3637 3639
2331 2 2 1 1 3936 3938 4686
2332 2 2 1 1 2692 4060 4541
2333 2 2 1 1 2007 3170 3171
2334 2 2 1 1 2830 2490 2831
2335 2 2 1 1 3136 3406 3435
2336 2 2 1 1 2014 2808 2809
2337 2 2 1 1 2463 3017 3018
2338 2 2 1 1 3032 2193 5251
2339 2 2 1 1 1841 1839 3745
2340 2 2 1 1 1071 1072 5032
2341 2 2 1 1 1049 1048 3406
2342 2 2 1 1 2928 2930 3168
2343 2 2 1 1 1941 1943 3137
2344 2 2 1 1 2381 2497 3796
2345 2 2 1 1 3006 1987 3007
2346 2 2 1 1 2880 2484 2881
2347 2 2 1 1 465 1365 3398
2348 2 2 1 1 2479 2518 2671
2349 2 2 1 1 3084 1727 5226
2350 2 2 1 1 2784 2783 5090
2351 2 2 1 1 2443 2439 3341
2352 2 2 1 1 3756 1323 3911
2353 2 2 1 1 3398 1365 3399
2354 2 2 1 1 1593 1594 2046
2355 2 2 1 1 2917 2916 4983
2356 2 2 1 1 3067 3068 3391
2357 2 2 1 1 3741 2721 4389
2358 2 2 1 1 2469 3250 3251
2359 2 2 1 1 3255 1118 4816
2360 2 2 1 1 3972 3157 4888
2361 2 2 1 1 2299 2579 2901
2362 2 2 1 1 2022 1996 2672
2363 2 2 1 1 2485 3375 3376
2364 2 2 1 1 2578 2816 2817
2365 2 2 1 1 2006 1745 4008
2366 2 2 1 1 3642 3695 5040
2367 2 2 1 1 1788 2028 2912
2368 2 2 1 1 2188 3065 3066
2369 2 2 1 1 2020 2890 3293
2370 2 2 1 1 2012 3137 3138
2371 2 2 1 1 1616 1618 3144
2372 2 2 1 1 2797 2558 3449
2373 2 2 1 1 2415 2997 2999
2374 2 2 1 1 3012 3010 3445
2375 2 2 1 1 2894 2896 4947
2376 2 2 1 1 3164 3165 3284
2377 2 2 1 1 1995 3214 3215
2378 2 2 1 1 2363 2361 2852
2379 2 2 1 1 1126 3303 4032
2380 2 2 1 1 3231 2480 3232
2381 2 2 1 1 2431 2515 2632
2382 2 2 1 1 1578 1572 3672
2383 2 2 1 1 2478 3227 3228
2384 2 2 1 1 1148 4922 4923
2385 2 2 1 1 2004 2846 2847
2386 2 2 1 1 2482 3028 3031
2387 2 2 1 1 3307 3003 4562
2388 2 2 1 1 1865 1866 3332
2389 2 2 1 1 2279 2278 2543
2390 2 2 1 1 2020 2888 2889
2391 2 2 1 1 2400 3938 4402
2392 2 2 1 1 2014 2811 3292
2393 2 2 1 1 1612 1614 2837
2394 2 2 1 1 3211 3212 3213
2395 2 2 1 1 3201 3202 3204
2396 2 2 1 1 2355 2353 2830
2397 2 2 1 1 3300 2627 5114
2398 2 2 1 1 3202 2008 3203
2399 2 2 1 1 2821 2500 2822
2400 2 2 1 1 2462 2981 2984
2401 2 2 1 1 3169 3140 3266
2402 2 2 1 1 3282 3252 3813
2403 2 2 1 1 1556 3803 4231
2404 2 2 1 1 3279 3182 5033
2405 2 2 1 1 1023 4803 4861
2406 2 2 1 1 2019 3205 3206
2407 2 2 1 1 3562 2011 3563
2408 2 2 1 1 3338 3337 3339
2409 2 2 1 1 1927 1929 2888
2410 2 2 1 1 3221 4551 5077
2411 2 2 1 1 977 4889 4908
2412 2 2 1 1 3104 3295 4938
2413 2 2 1 1 1113 3381 5109
2414 2 2 1 1 3000 2998 3001
2415 2 2 1 1 2036 2013 2675
2416 2 2 1 1 2499 2519 2686
2417 2 2 1 1 2118 2517 2610
2418 2 2 1 1 2505 2973 2976
2419 2 2 1 1 3859 3982 3983
2420 2 2 1 1 2907 2031 2908
2421 2 2 1 1 2940 2941 2947
2422 2 2 1 1 2526 2223 2978
2423 2 2 1 1 3617 1268 4604
2424 2 2 1 1 2061 2003 2668
2425 2 2 1 1 1077 1076 3763
2426 2 2 1 1 463 464 3355
2427 2 2 1 1 2029 3139 3141
2428 2 2 1 1 3014 3326 3434
2429 2 2 1 1 3010 3299 3445
2430 2 2 1 1 2813 2511 2814
2431 2 2 1 1 1778 2058 2971
2432 2 2 1 1 3173 3146 3323
2433 2 2 1 1 1771 1772 2554
2434 2 2 1 1 2422 2421 3242
2435 2 2 1 1 1931 1933 3163
2436 2 2 1 1 4147 3800 4448
2437 2 2 1 1 4586 3073 4694
2438 2 2 1 1 1558 1559 1560
2439 2 2 1 1 2999 3000 3360
2440 2 2 1 1 1756 1997 3011
2441 2 2 1 1 5090 2783 5255
2442 2 2 1 1 2823 3288 5060
2443 2 2 1 1 2063 1667 2629
2444 2 2 1 1 4373 4790 5325
2445 2 2 1 1 1565 1563 2018
2446 2 2 1 1 4550 1999 4551
2447 2 2 1 1 3375 2140 3377
2448 2 2 1 1 957 956 3530
2449 2 2 1 1 2492 2549 2685
2450 2 2 1 1 3213 4578 4995
2451 2 2 1 1 1826 1989 2963
2452 2 2 1 1 1583 3282 3283
2453 2 2 1 1 2896 3188 5036
2454 2 2 1 1 1117 3266 3459
2455 2 2 1 1 2033 3150 3152
2456 2 2 1 1 2896 949 4947
2457 2 2 1 1 2509 2510 2697
2458 2 2 1 1 1900 1902 2846
2459 2 2 1 1 2464 2257 2986
2460 2 2 1 1 949 2896 5036
2461 2 2 1 1 2507 2193 3032
2462 2 2 1 1 1602 1604 2842
2463 2 2 1 1 3043 2525 3044
2464 2 2 1 1 2096 2094 3108
2465 2 2 1 1 2329 2498 2885
2466 2 2 1 1 2577 2858 2859
2467 2 2 1 1 3295 3101 4767
2468 2 2 1 1 2531 2508 2703
2469 2 2 1 1 2431 2429 2515
2470 2 2 1 1 2102 2100 2535
2471 2 2 1 1 2699 2046 2700
2472 2 2 1 1 3187 3151 3331
2473 2 2 1 1 2807 2767 5072
2474 2 2 1 1 2094 2092 2513
2475 2 2 1 1 1598 1600 3092
2476 2 2 1 1 2556 2864 2865
2477 2 2 1 1 955 954 3588
2478 2 2 1 1 2501 2436 2634
2479 2 2 1 1 2493 2126 2605
2480 2 2 1 1 2394 2392 3121
2481 2 2 1 1 2034 3145 3147
2482 2 2 1 1 3170 2787 5172
2483 2 2 1 1 4735 2900 5029
2484 2 2 1 1 1908 1910 2903
2485 2 2 1 1 1732 2010 3056
2486 2 2 1 1 1664 1667 2063
2487 2 2 1 1 3179 3316 3483
2488 2 2 1 1 3018 3020 3176
2489 2 2 1 1 2405 2403 2508
2490 2 2 1 1 1103 3162 4828
2491 2 2 1 1 3860 3857 3862
2492 2 2 1 1 3603 1922 4368
2493 2 2 1 1 2118 2116 2517
2494 2 2 1 1 2417 2411 3093
2495 2 2 1 1 2405 2531 3414
2496 2 2 1 1 2392 2390 2502
2497 2 2 1 1 2327 2325 2880
2498 2 2 1 1 1842 1979 2933
2499 2 2 1 1 2777 2776 5064
2500 2 2 1 1 3324 3004 4885
2501 2 2 1 1 2102 2535 2552
2502 2 2 1 1 1970 2546 2548
2503 2 2 1 1 2108 2534 2591
2504 2 2 1 1 2108 2106 2534
2505 2 2 1 1 2339 2337 2855
2506 2 2 1 1 2086 2084 2524
2507 2 2 1 1 4583 3382 4924
2508 2 2 1 1 1689 2003 2061
2509 2 2 1 1 2175 2174 2532
2510 2 2 1 1 2386 2384 3155
2511 2 2 1 1 2088 2086 3129
2512 2 2 1 1 2042 2041 2693
2513 2 2 1 1 3206 3690 4983
2514 2 2 1 1 1720 1993 3120
2515 2 2 1 1 2411 2409 2503
2516 2 2 1 1 3033 3464 5004
2517 2 2 1 1 2594 3693 3694
2518 2 2 1 1 3076 2607 3457
2519 2 2 1 1 2384 2382 2521
2520 2 2 1 1 1748 2035 3041
2521 2 2 1 1 1717 1718 2041
2522 2 2 1 1 1636 1638 2033
2523 2 2 1 1 1683 2024 2616
2524 2 2 1 1 1644 1646 2029
2525 2 2 1 1 2405 2508 2531
2526 2 2 1 1 2417 3093 3094
2527 2 2 1 1 1695 1996 2022
2528 2 2 1 1 2479 2453 2518
2529 2 2 1 1 2635 3003 3307
2530 2 2 1 1 2976 3431 3504
2531 2 2 1 1 2048 1660 2574
2532 2 2 1 1 4005 1356 4654
2533 2 2 1 1 1916 1918 2893
2534 2 2 1 1 977 978 4889
2535 2 2 1 1 1912 1914 3132
2536 2 2 1 1 1628 1630 2560
2537 2 2 1 1 3344 3361 5180
2538 2 2 1 1 1652 1654 2039
2539 2 2 1 1 1023 1022 4803
2540 2 2 1 1 4044 964 4824
2541 2 2 1 1 4889 978 4916
2542 2 2 1 1 2925 2927 2937
2543 2 2 1 1 3361 3446 5180
2544 2 2 1 1 1658 1660 2048
2545 2 2 1 1 2487 2459 2514
2546 2 2 1 1 2492 2447 2549
2547 2 2 1 1 2074 2072 2500
2548 2 2 1 1 2548 2546 2562
2549 2 2 1 1 1671 3103 3105
2550 2 2 1 1 3019 3026 3456
2551 2 2 1 1 2723 3298 5360
2552 2 2 1 1 2376 2374 2578
2553 2 2 1 1 1624 1626 2014
2554 2 2 1 1 2499 2148 2519
2555 2 2 1 1 2372 2370 2511
2556 2 2 1 1 1701 2013 2036
2557 2 2 1 1 1742 1741 4008
2558 2 2 1 1 2209 3456 5195
2559 2 2 1 1 1961 1963 2034
2560 2 2 1 1 2335 2333 3043
2561 2 2 1 1 2165 2164 2509
2562 2 2 1 1 1081 1082 3179
2563 2 2 1 1 1086 1087 4844
2564 2 2 1 1 1675 3100 3102
2565 2 2 1 1 4957 2777 5064
2566 2 2 1 1 2132 3337 3338
2567 2 2 1 1 2096 3108 3111
2568 2 2 1 1 1087 3472 4844
2569 2 2 1 1 3371 2972 5080
2570 2 2 1 1 1583 1569 3282
2571 2 2 1 1 2760 3306 4667
2572 2 2 1 1 2522 3224 3225
2573 2 2 1 1 3516 3759 3916
2574 2 2 1 1 1614 1616 2050
2575 2 2 1 1 3942 3936 4867
2576 2 2 1 1 1618 1620 2600
2577 2 2 1 1 3040 3505 5281
2578 2 2 1 1 2029 1646 3139
2579 2 2 1 1 2527 2154 2541
2580 2 2 1 1 2053 2903 2904
2581 2 2 1 1 2078 2076 2575
2582 2 2 1 1 2394 3121 3124
2583 2 2 1 1 978 979 4916
2584 2 2 1 1 2532 2533 2740
2585 2 2 1 1 3327 3029 3763
2586 2 2 1 1 2357 2355 2530
2587 2 2 1 1 3376 4659 5065
2588 2 2 1 1 2493 2605 2680
2589 2 2 1 1 1892 1894 3191
2590 2 2 1 1 3070 3263 4476
2591 2 2 1 1 1707 1708 2056
2592 2 2 1 1 1955 1957 2571
2593 2 2 1 1 1951 1953 2007
2594 2 2 1 1 2039 1654 2561
2595 2 2 1 1 1101 1100 3495
2596 2 2 1 1 2815 3784 4588
2597 2 2 1 1 1560 1559 1561
2598 2 2 1 1 1886 1888 3189
2599 2 2 1 1 2361 2359 2563
2600 2 2 1 1 1575 1578 3484
2601 2 2 1 1 1561 1592 1593
2602 2 2 1 1 2353 2351 2490
2603 2 2 1 1 1882 1884 2869
2604 2 2 1 1 1707 2056 2057
2605 2 2 1 1 1610 1612 2016
2606 2 2 1 1 1558 1562 2799
2607 2 2 1 1 2155 2154 2527
2608 2 2 1 1 1943 1945 2557
2609 2 2 1 1 1309 2789 4101
2610 2 2 1 1 3143 2757 4856
2611 2 2 1 1 1600 1602 2589
2612 2 2 1 1 2855 2542 2856
2613 2 2 1 1 2509 2164 2510
2614 2 2 1 1 4367 2777 4957
2615 2 2 1 1 2366 2363 2626
2616 2 2 1 1 1263 3488 4836
2617 2 2 1 1 2579 2899 2900
2618 2 2 1 1 1604 1606 2621
2619 2 2 1 1 2033 1638 3150
2620 2 2 1 1 1596 1598 2062
2621 2 2 1 1 2297 2295 2897
2622 2 2 1 1 2305 2303 2950
2623 2 2 1 1 1933 1935 2606
2624 2 2 1 1 1898 1900 2004
2625 2 2 1 1 3675 3676 4535
2626 2 2 1 1 2039 2561 2756
2627 2 2 1 1 2341 2339 2577
2628 2 2 1 1 1939 1941 2012
2629 2 2 1 1 2527 2541 2754
2630 2 2 1 1 2337 2335 2542
2631 2 2 1 1 3368 1024 3392
2632 2 2 1 1 1902 1904 2017
2633 2 2 1 1 3333 3332 3334
2634 2 2 1 1 2289 2287 2861
2635 2 2 1 1 1717 2041 2042
2636 2 2 1 1 2345 2343 2614
2637 2 2 1 1 1567 1565 3252
2638 2 2 1 1 2347 2345 3181
2639 2 2 1 1 3974 3973 4459
2640 2 2 1 1 1771 2555 3440
2641 2 2 1 1 2543 2544 2708
2642 2 2 1 1 1925 1927 2020
2643 2 2 1 1 1929 1931 2052
2644 2 2 1 1 2966 2964 3454
2645 2 2 1 1 2488 2487 2635
2646 2 2 1 1 2552 2535 2748
2647 2 2 1 1 2919 998 5120
2648 2 2 1 1 1569 1567 3282
2649 2 2 1 1 2057 2056 2726
2650 2 2 1 1 2048 2574 2746
2651 2 2 1 1 2494 3247 3326
2652 2 2 1 1 4213 2766 5135
2653 2 2 1 1 1554 4332 4910
2654 2 2 1 1 3034 2539 3035
2655 2 2 1 1 2333 2331 2525
2656 2 2 1 1 3764 4962 4986
2657 2 2 1 1 1062 1063 3401
2658 2 2 1 1 1082 1083 3496
2659 2 2 1 1 1918 1920 2630
2660 2 2 1 1 1872 1874 2874
2661 2 2 1 1 2034 1963 3145
2662 2 2 1 1 2591 2534 2730
2663 2 2 1 1 2616 2024 2722
2664 2 2 1 1 1701 1702 2013
2665 2 2 1 1 2309 2307 3133
2666 2 2 1 1 3895 1435 3898
2667 2 2 1 1 1138 1137 4100
2668 2 2 1 1 1874 1876 2569
2669 2 2 1 1 2325 2323 2484
2670 2 2 1 1 1906 1908 2053
2671 2 2 1 1 1880 1882 2588
2672 2 2 1 1 2185 2183 3065
2673 2 2 1 1 2287 2285 2573
2674 2 2 1 1 2635 2487 3003
2675 2 2 1 1 1914 1916 2599
2676 2 2 1 1 2548 2562 2762
2677 2 2 1 1 1750 1752 3037
2678 2 2 1 1 1866 1868 2055
2679 2 2 1 1 2025 1643 3587
2680 2 2 1 1 3299 1053 3445
2681 2 2 1 1 2291 2289 2556
2682 2 2 1 1 1884 1886 2613
2683 2 2 1 1 2982 2983 3086
2684 2 2 1 1 1921 1925 3293
2685 2 2 1 1 2329 2327 2498
2686 2 2 1 1 2317 2315 2918
2687 2 2 1 1 1870 1872 2566
2688 2 2 1 1 2610 2517 2752
2689 2 2 1 1 1868 1870 3045
2690 2 2 1 1 2313 2311 2920
2691 2 2 1 1 2197 2195 3028
2692 2 2 1 1 1844 1846 2924
2693 2 2 1 1 2485 2141 3375
2694 2 2 1 1 3566 2653 3714
2695 2 2 1 1 2283 2281 2539
2696 2 2 1 1 4312 2000 5351
2697 2 2 1 1 2271 2269 2997
2698 2 2 1 1 1910 1912 2565
2699 2 2 1 1 2285 2283 3034
2700 2 2 1 1 1262 3516 3836
2701 2 2 1 1 1780 1782 2967
2702 2 2 1 1 2014 1626 2808
2703 2 2 1 1 2295 2293 2583
2704 2 2 1 1 2415 2999 4219
2705 2 2 1 1 3238 3239 4857
2706 2 2 1 1 1890 1892 2618
2707 2 2 1 1 3243 3246 4442
2708 2 2 1 1 2245 2243 3227
2709 2 2 1 1 2219 2217 3224
2710 2 2 1 1 2544 2278 3443
2711 2 2 1 1 4583 1037 4587
2712 2 2 1 1 2861 2573 2862
2713 2 2 1 1 3124 3121 3125
2714 2 2 1 1 2227 2225 2973
2715 2 2 1 1 2566 2874 2875
2716 2 2 1 1 3298 2685 4722
2717 2 2 1 1 5257 1002 5286
2718 2 2 1 1 2584 3688 4143
2719 2 2 1 1 3874 1190 3876
2720 2 2 1 1 1607 1610 3278
2721 2 2 1 1 2532 2174 2533
2722 2 2 1 1 3119 3174 4823
2723 2 2 1 1 2149 2148 2499
2724 2 2 1 1 2261 2259 2981
2725 2 2 1 1 2319 2317 2638
2726 2 2 1 1 4757 3844 5021
2727 2 2 1 1 2555 2554 2715
2728 2 2 1 1 2299 2297 2579
2729 2 2 1 1 4004 1539 4777
2730 2 2 1 1 1002 1001 5286
2731 2 2 1 1 2560 1630 3164
2732 2 2 1 1 2251 2249 3250
2733 2 2 1 1 2793 1560 5322
2734 2 2 1 1 1828 1830 2954
2735 2 2 1 1 2783 3075 5255
2736 2 2 1 1 1788 1790 2028
2737 2 2 1 1 5064 2776 5228
2738 2 2 1 1 1808 1810 1999
2739 2 2 1 1 1862 1864 1865
2740 2 2 1 1 2233 2231 3247
2741 2 2 1 1 1762 1764 3015
2742 2 2 1 1 2205 2203 3017
2743 2 2 1 1 1758 1760 3006
2744 2 2 1 1 1790 1792 2907
2745 2 2 1 1 1854 1856 2939
2746 2 2 1 1 2315 2313 2620
2747 2 2 1 1 2237 2235 3238
2748 2 2 1 1 1794 1796 2916
2749 2 2 1 1 2460 2459 2487
2750 2 2 1 1 1722 1724 3078
2751 2 2 1 1 1826 1828 1989
2752 2 2 1 1 1998 4317 5177
2753 2 2 1 1 1852 1854 1975
2754 2 2 1 1 1621 1624 3292
2755 2 2 1 1 1734 1736 3051
2756 2 2 1 1 2501 2634 2713
2757 2 2 1 1 1708 1710 3310
2758 2 2 1 1 2303 2301 2603
2759 2 2 1 1 1792 1794 2031
2760 2 2 1 1 1836 1838 1981
2761 2 2 1 1 2311 2309 2623
2762 2 2 1 1 2560 3164 3166
2763 2 2 1 1 2263 2261 2462
2764 2 2 1 1 1782 1784 2040
2765 2 2 1 1 1820 1822 1992
2766 2 2 1 1 2277 2275 2278
2767 2 2 1 1 2235 2233 2494
2768 2 2 1 1 2771 4570 4972
2769 2 2 1 1 2229 2227 2505
2770 2 2 1 1 3592 2001 3593
2771 2 2 1 1 1772 1774 3196
2772 2 2 1 1 1812 1814 3219
2773 2 2 1 1 1802 1804 2008
2774 2 2 1 1 1846 1848 1976
2775 2 2 1 1 2247 2245 2478
2776 2 2 1 1 3155 3156 3158
2777 2 2 1 1 3149 2763 4886
2778 2 2 1 1 2372 2511 2813
2779 2 2 1 1 2167 2165 3269
2780 2 2 1 1 3108 3109 3112
2781 2 2 1 1 2273 2271 2415
2782 2 2 1 1 1818 1820 3211
2783 2 2 1 1 2215 2213 2538
2784 2 2 1 1 2177 2175 3261
2785 2 2 1 1 998 2919 4961
2786 2 2 1 1 2253 2251 2469
2787 2 2 1 1 6 3814 5132
2788 2 2 1 1 2074 2500 2821
2789 2 2 1 1 4881 1010 5029
2790 2 2 1 1 2307 2305 2595
2791 2 2 1 1 2557 2558 2764
2792 2 2 1 1 2259 2257 2464
2793 2 2 1 1 1594 1596 3089
2794 2 2 1 1 2225 2223 2526
2795 2 2 1 1 1842 1844 1979
2796 2 2 1 1 1778 1780 2058
2797 2 2 1 1 1800 1802 3201
2798 2 2 1 1 3082 3079 3083
2799 2 2 1 1 2632 2515 2759
2800 2 2 1 1 4347 4577 4754
2801 2 2 1 1 1856 1858 1973
2802 2 2 1 1 1695 1696 1996
2803 2 2 1 1 2007 1953 3170
2804 2 2 1 1 4896 2882 5126
2805 2 2 1 1 1814 1816 1995
2806 2 2 1 1 4846 1026 4940
2807 2 2 1 1 3018 3017 3020
2808 2 2 1 1 1006 1005 5150
2809 2 2 1 1 2800 3645 5337
2810 2 2 1 1 4174 2689 4365
2811 2 2 1 1 1796 1798 2019
2812 2 2 1 1 1798 1800 3205
2813 2 2 1 1 1830 1832 1982
2814 2 2 1 1 1068 1069 4178
2815 2 2 1 1 1816 1818 3214
2816 2 2 1 1 2571 1957 2572
2817 2 2 1 1 2221 2219 2522
2818 2 2 1 1 2239 2237 3237
2819 2 2 1 1 1130 1129 4913
2820 2 2 1 1 3884 2649 4156
2821 2 2 1 1 1760 1762 1987
2822 2 2 1 1 2955 2957 3223
2823 2 2 1 1 464 465 3398
2824 2 2 1 1 3755 2540 3756
2825 2 2 1 1 2217 2215 3257
2826 2 2 1 1 2869 2870 2871
2827 2 2 1 1 1756 1758 1997
2828 2 2 1 1 2241 2239 2480
2829 2 2 1 1 2269 2267 2440
2830 2 2 1 1 2050 1616 3144
2831 2 2 1 1 3640 1499 4370
2832 2 2 1 1 2203 2201 2472
2833 2 2 1 1 1774 1776 2051
2834 2 2 1 1 1768 1770 1771
2835 2 2 1 1 2605 3119 3255
2836 2 2 1 1 3129 3130 3131
2837 2 2 1 1 3778 3653 4702
2838 2 2 1 1 1752 1754 2005
2839 2 2 1 1 2199 2197 2482
2840 2 2 1 1 917 2812 5312
2841 2 2 1 1 2016 1612 2837
2842 2 2 1 1 1744 1746 2059
2843 2 2 1 1 2211 2209 2212
2844 2 2 1 1 2195 2193 2507
2845 2 2 1 1 2157 2155 3311
2846 2 2 1 1 2243 2241 3231
2847 2 2 1 1 2353 2490 2830
2848 2 2 1 1 2600 1620 2601
2849 2 2 1 1 2734 5067 5270
2850 2 2 1 1 1728 1730 2043
2851 2 2 1 1 4115 2654 4437
2852 2 2 1 1 2753 3302 3303
2853 2 2 1 1 4867 4686 4933
2854 2 2 1 1 3189 3190 3393
2855 2 2 1 1 2454 2453 2479
2856 2 2 1 1 2795 2734 5270
2857 2 2 1 1 2557 1945 2558
2858 2 2 1 1 4525 1519 4625
2859 2 2 1 1 3232 2480 3233
2860 2 2 1 1 1764 1766 1978
2861 2 2 1 1 2191 2189 2529
2862 2 2 1 1 2207 2205 2463
2863 2 2 1 1 3122 2502 3123
2864 2 2 1 1 2571 2572 2786
2865 2 2 1 1 2852 2563 2853
2866 2 2 1 1 1732 1734 2010
2867 2 2 1 1 1995 3215 3216
2868 2 2 1 1 2054 3557 3563
2869 2 2 1 1 5150 1005 5264
2870 2 2 1 1 3066 3065 3067
2871 2 2 1 1 1748 1750 2035
2872 2 2 1 1 2213 2212 3343
2873 2 2 1 1 2478 3229 3450
2874 2 2 1 1 2189 2188 3350
2875 2 2 1 1 2187 2185 2188
2876 2 2 1 1 1740 1742 1743
2877 2 2 1 1 2012 1941 3137
2878 2 2 1 1 1689 1690 2003
2879 2 2 1 1 2897 2583 2898
2880 2 2 1 1 2062 1598 3092
2881 2 2 1 1 2562 2684 3308
2882 2 2 1 1 3494 1289 3889
2883 2 2 1 1 2473 2167 3269
2884 2 2 1 1 2398 3878 4933
2885 2 2 1 1 3156 2521 3157
2886 2 2 1 1 2589 1602 2842
2887 2 2 1 1 2063 2629 2766
2888 2 2 1 1 3085 3084 5031
2889 2 2 1 1 1724 1727 3078
2890 2 2 1 1 2606 1935 2607
2891 2 2 1 1 2361 2563 2852
2892 2 2 1 1 2589 2842 2843
2893 2 2 1 1 3081 3080 3315
2894 2 2 1 1 2337 2542 2855
2895 2 2 1 1 2004 1900 2846
2896 2 2 1 1 1105 1104 3388
2897 2 2 1 1 2621 1606 2622
2898 2 2 1 1 3587 1642 4775
2899 2 2 1 1 1736 1738 1984
2900 2 2 1 1 2543 2278 2544
2901 2 2 1 1 1562 1560 1563
2902 2 2 1 1 4232 1536 4516
2903 2 2 1 1 2179 2177 2495
2904 2 2 1 1 2183 2181 2470
2905 2 2 1 1 4135 2820 4397
2906 2 2 1 1 1975 3328 4410
2907 2 2 1 1 2188 2185 3065
2908 2 2 1 1 3200 2591 3314
2909 2 2 1 1 3066 3067 3071
2910 2 2 1 1 2366 2626 2627
2911 2 2 1 1 1587 1585 2064
2912 2 2 1 1 1710 1991 3310
2913 2 2 1 1 3461 4688 5213
2914 2 2 1 1 3574 3909 4519
2915 2 2 1 1 1720 1722 1993
2916 2 2 1 1 4913 1129 5211
2917 2 2 1 1 1771 2554 2555
2918 2 2 1 1 2902 5240 5260
2919 2 2 1 1 2052 1931 3163
2920 2 2 1 1 2475 2157 3311
2921 2 2 1 1 2140 2137 3378
2922 2 2 1 1 3191 3192 3353
2923 2 2 1 1 2020 1927 2888
2924 2 2 1 1 2333 2525 3043
2925 2 2 1 1 1724 1726 1727
2926 2 2 1 1 3094 3093 3096
2927 2 2 1 1 2601 3292 5088
2928 2 2 1 1 1865 3332 3333
2929 2 2 1 1 4313 1986 4421
2930 2 2 1 1 2847 2846 2849
2931 2 2 1 1 2064 3285 3286
2932 2 2 1 1 2448 2447 2492
2933 2 2 1 1 2347 3181 3182
2934 2 2 1 1 5196 1031 5241
2935 2 2 1 1 3386 455 4478
2936 2 2 1 1 2169 2167 2473
2937 2 2 1 1 2141 2140 3375
2938 2 2 1 1 1922 4174 4365
2939 2 2 1 1 3228 3230 3253
2940 2 2 1 1 3109 2513 3110
2941 2 2 1 1 3536 4040 4098
2942 2 2 1 1 2482 2197 3028
2943 2 2 1 1 2704 3752 4594
2944 2 2 1 1 3105 3103 3106
2945 2 2 1 1 3651 2015 3654
2946 2 2 1 1 2212 2209 5195
2947 2 2 1 1 3009 3013 3299
2948 2 2 1 1 2495 2177 3261
2949 2 2 1 1 1760 1987 3006
2950 2 2 1 1 2600 2601 2776
2951 2 2 1 1 2630 1920 2631
2952 2 2 1 1 1593 2046 2699
2953 2 2 1 1 2287 2573 2861
2954 2 2 1 1 1683 1684 2024
2955 2 2 1 1 1710 1712 1991
2956 2 2 1 1 2919 3161 4961
2957 2 2 1 1 1736 1984 3051
2958 2 2 1 1 2173 2171 2174
2959 2 2 1 1 2714 3272 4864
2960 2 2 1 1 2238 2567 3616
2961 2 2 1 1 3013 3007 3134
2962 2 2 1 1 454 455 3386
2963 2 2 1 1 918 917 4607
2964 2 2 1 1 3213 3217 4578
2965 2 2 1 1 2588 1882 2869
2966 2 2 1 1 2838 2837 2840
2967 2 2 1 1 2881 2484 2882
2968 2 2 1 1 2606 2607 2783
2969 2 2 1 1 3284 3165 3345
2970 2 2 1 1 2425 3244 3309
2971 2 2 1 1 2599 2893 2894
2972 2 2 1 1 2436 2432 2802
2973 2 2 1 1 2950 2603 2951
2974 2 2 1 1 2580 4055 4275
2975 2 2 1 1 2599 1916 2893
2976 2 2 1 1 2889 2888 2891
2977 2 2 1 1 1714 1716 1717
2978 2 2 1 1 2566 1872 2874
2979 2 2 1 1 2116 2113 3301
2980 2 2 1 1 2462 2261 2981
2981 2 2 1 1 2505 2227 2973
2982 2 2 1 1 2159 2157 2475
2983 2 2 1 1 2283 2539 3034
2984 2 2 1 1 2053 1908 2903
2985 2 2 1 1 2613 1886 3189
2986 2 2 1 1 2985 2984 2990
2987 2 2 1 1 2469 3251 3364
2988 2 2 1 1 2356 2468 3983
2989 2 2 1 1 987 986 4776
2990 2 2 1 1 2478 2245 3227
2991 2 2 1 1 2126 2123 3115
2992 2 2 1 1 1031 1030 5241
2993 2 2 1 1 2325 2484 2880
2994 2 2 1 1 2558 1945 3449
2995 2 2 1 1 2463 2205 3017
2996 2 2 1 1 1752 2005 3037
2997 2 2 1 1 1593 1592 1594
2998 2 2 1 1 2809 2808 2810
2999 2 2 1 1 2463 3018 3019
3000 2 2 1 1 2671 2518 2773
3001 2 2 1 1 3228 3227 3230
3002 2 2 1 1 2494 2233 3247
3003 2 2 1 1 2415 2271 2997
3004 2 2 1 1 3019 3018 3024
3005 2 2 1 1 3355 464 3398
3006 2 2 1 1 1720 3120 5293
3007 2 2 1 1 3205 1800 5373
3008 2 2 1 1 2565 1912 3132
3009 2 2 1 1 2478 3228 3229
3010 2 2 1 1 1096 1095 3867
3011 2 2 1 1 2295 2583 2897
3012 2 2 1 1 3214 1818 5367
3013 2 2 1 1 1764 1978 3015
3014 2 2 1 1 2469 2251 3250
3015 2 2 1 1 1782 2040 2967
3016 2 2 1 1 1563 1560 2793
3017 2 2 1 1 2163 2161 2164
3018 2 2 1 1 2055 1868 3045
3019 2 2 1 1 2618 1892 3191
3020 2 2 1 1 1792 2031 2907
3021 2 2 1 1 2964 3389 5392
3022 2 2 1 1 1648 1649 3143
3023 2 2 1 1 1966 1967 3149
3024 2 2 1 1 2529 2189 3350
3025 2 2 1 1 3247 3249 3326
3026 2 2 1 1 1119 3255 4823
3027 2 2 1 1 2949 2944 3321
3028 2 2 1 1 1052 3014 3434
3029 2 2 1 1 2022 2672 2761
3030 2 2 1 1 1704 1706 1707
3031 2 2 1 1 3357 1017 3826
3032 2 2 1 1 2463 3019 3456
3033 2 2 1 1 1981 3351 4393
3034 2 2 1 1 3530 3127 4880
3035 2 2 1 1 4906 3463 4987
3036 2 2 1 1 3052 1984 3053
3037 2 2 1 1 2776 2980 5228
3038 2 2 1 1 1680 1683 3097
3039 2 2 1 1 3116 3117 3118
3040 2 2 1 1 1846 1976 2924
3041 2 2 1 1 3232 3359 4399
3042 2 2 1 1 1438 3968 4195
3043 2 2 1 1 2703 2704 4594
3044 2 2 1 1 3695 3641 4666
3045 2 2 1 1 2252 2644 4078
3046 2 2 1 1 2538 2213 3343
3047 2 2 1 1 990 991 4173
3048 2 2 1 1 2319 2638 2639
3049 2 2 1 1 1865 1864 1866
3050 2 2 1 1 2462 2984 2985
3051 2 2 1 1 2819 3468 4888
3052 2 2 1 1 999 1000 3451
3053 2 2 1 1 2020 2889 2890
3054 2 2 1 1 2908 2031 2909
3055 2 2 1 1 3237 2237 3238
3056 2 2 1 1 3454 2964 5392
3057 2 2 1 1 3007 1987 3008
3058 2 2 1 1 3641 1264 4155
3059 2 2 1 1 3982 2512 3983
3060 2 2 1 1 2153 2151 2154
3061 2 2 1 1 2516 4131 4791
3062 2 2 1 1 2916 2019 4983
3063 2 2 1 1 4017 4016 4599
3064 2 2 1 1 1830 1982 2954
3065 2 2 1 1 3213 3212 3217
3066 2 2 1 1 2920 2623 2921
3067 2 2 1 1 3116 2122 3117
3068 2 2 1 1 1856 1973 2939
3069 2 2 1 1 2315 2620 2918
3070 2 2 1 1 2522 2219 3224
3071 2 2 1 1 3033 3032 4954
3072 2 2 1 1 1992 1822 5092
3073 2 2 1 1 1880 2588 5385
3074 2 2 1 1 1796 2019 2916
3075 2 2 1 1 2621 2622 3160
3076 2 2 1 1 2127 2126 2493
3077 2 2 1 1 2303 2603 2950
3078 2 2 1 1 1115 1114 5070
3079 2 2 1 1 3806 1351 3808
3080 2 2 1 1 2505 2976 2977
3081 2 2 1 1 1679 3098 3099
3082 2 2 1 1 1596 2062 3089
3083 2 2 1 1 3256 967 3784
3084 2 2 1 1 3058 3052 3059
3085 2 2 1 1 3242 3241 3243
3086 2 2 1 1 1095 3444 3867
3087 2 2 1 1 2778 4335 4635
3088 2 2 1 1 2277 2278 2279
3089 2 2 1 1 2632 2759 3477
3090 2 2 1 1 2311 2623 2920
3091 2 2 1 1 1023 1024 3368
3092 2 2 1 1 2143 2141 2485
3093 2 2 1 1 4387 3843 5261
3094 2 2 1 1 1698 1700 1701
3095 2 2 1 1 1686 1689 3320
3096 2 2 1 1 2307 2595 3133
3097 2 2 1 1 2437 2436 2501
3098 2 2 1 1 3888 3733 4209
3099 2 2 1 1 2918 2620 3161
3100 2 2 1 1 1774 2051 3196
3101 2 2 1 1 2618 3191 3194
3102 2 2 1 1 5017 3178 5037
3103 2 2 1 1 1114 3475 5070
3104 2 2 1 1 1287 3559 4455
3105 2 2 1 1 2942 2944 2949
3106 2 2 1 1 3162 1103 5018
3107 2 2 1 1 2627 2626 2867
3108 2 2 1 1 2004 2847 2848
3109 2 2 1 1 1766 1768 3440
3110 2 2 1 1 2389 2523 3664
3111 2 2 1 1 1343 3640 4370
3112 2 2 1 1 1995 1816 3214
3113 2 2 1 1 2953 5266 5305
3114 2 2 1 1 3643 2732 4787
3115 2 2 1 1 2019 1798 3205
3116 2 2 1 1 2061 2668 2790
3117 2 2 1 1 989 988 4683
3118 2 2 1 1 3480 1084 5368
3119 2 2 1 1 2607 1935 3457
3120 2 2 1 1 4272 1486 4527
3121 2 2 1 1 2630 2631 3188
3122 2 2 1 1 2036 2675 2771
3123 2 2 1 1 2147 2145 2148
3124 2 2 1 1 2016 2838 2839
3125 2 2 1 1 3333 3334 5099
3126 2 2 1 1 2686 2519 2750
3127 2 2 1 1 3072 5017 5037
3128 2 2 1 1 1692 1695 3275
3129 2 2 1 1 2639 2638 3048
3130 2 2 1 1 3296 1336 4468
3131 2 2 1 1 3364 3251 3365
3132 2 2 1 1 2458 2456 2459
3133 2 2 1 1 3077 2707 4990
3134 2 2 1 1 3637 1258 3656
3135 2 2 1 1 2685 2549 2800
3136 2 2 1 1 2241 2480 3231
3137 2 2 1 1 3764 2694 4962
3138 2 2 1 1 4023 3519 4190
3139 2 2 1 1 1771 1770 1772
3140 2 2 1 1 3377 3260 4738
3141 2 2 1 1 3231 3232 4883
3142 2 2 1 1 2706 3088 4994
3143 2 2 1 1 1610 2016 3278
3144 2 2 1 1 3055 3054 3422
3145 2 2 1 1 1293 4355 4548
3146 2 2 1 1 2453 2450 3289
3147 2 2 1 1 2831 2490 2832
3148 2 2 1 1 4689 1034 4766
3149 2 2 1 1 2700 2046 2701
3150 2 2 1 1 4100 1137 4871
3151 2 2 1 1 1003 1002 5257
3152 2 2 1 1 2430 2429 2431
3153 2 2 1 1 2275 2273 3443
3154 2 2 1 1 1692 1694 1695
3155 2 2 1 1 1640 1641 3154
3156 2 2 1 1 1036 4583 4924
3157 2 2 1 1 3125 3122 4624
3158 2 2 1 1 1131 1130 4061
3159 2 2 1 1 2211 2212 2213
3160 2 2 1 1 3141 3139 3169
3161 2 2 1 1 2699 2700 2739
3162 2 2 1 1 2263 2462 4106
3163 2 2 1 1 3253 3230 3335
3164 2 2 1 1 3692 2633 4035
3165 2 2 1 1 4154 1368 4677
3166 2 2 1 1 3315 3082 5093
3167 2 2 1 1 2528 2158 3529
3168 2 2 1 1 3251 3250 4057
3169 2 2 1 1 1698 1701 3175
3170 2 2 1 1 3307 919 5057
3171 2 2 1 1 3442 2832 4720
3172 2 2 1 1 3642 1430 4234
3173 2 2 1 1 3225 3224 3226
3174 2 2 1 1 5151 1032 5196
3175 2 2 1 1 3147 3145 3173
3176 2 2 1 1 3948 3951 4251
3177 2 2 1 1 2956 2955 3429
3178 2 2 1 1 2027 1577 3484
3179 2 2 1 1 1096 3867 4773
3180 2 2 1 1 2139 2137 2140
3181 2 2 1 1 2482 3031 3395
3182 2 2 1 1 3805 4319 4730
3183 2 2 1 1 1624 2014 3292
3184 2 2 1 1 3270 2698 3444
3185 2 2 1 1 1550 3386 3387
3186 2 2 1 1 3002 2440 3955
3187 2 2 1 1 2452 2450 2453
3188 2 2 1 1 1107 1108 3408
3189 2 2 1 1 2080 2827 2828
3190 2 2 1 1 3608 1359 4376
3191 2 2 1 1 3152 3150 3187
3192 2 2 1 1 3216 3215 3322
3193 2 2 1 1 2014 2809 2811
3194 2 2 1 1 1125 1124 3739
3195 2 2 1 1 2697 2510 2768
3196 2 2 1 1 2822 2500 2823
3197 2 2 1 1 3239 2494 5273
3198 2 2 1 1 2459 2456 3186
3199 2 2 1 1 3646 3797 5172
3200 2 2 1 1 2117 2116 2118
3201 2 2 1 1 2008 1804 3207
3202 2 2 1 1 2904 2903 2905
3203 2 2 1 1 3406 3233 3435
3204 2 2 1 1 1077 3763 4665
3205 2 2 1 1 1925 2020 3293
3206 2 2 1 1 4132 4131 4518
3207 2 2 1 1 3336 2681 3337
3208 2 2 1 1 2582 3884 4156
3209 2 2 1 1 1686 1688 1689
3210 2 2 1 1 2187 2188 2189
3211 2 2 1 1 3338 3339 3340
3212 2 2 1 1 1704 1707 3088
3213 2 2 1 1 1005 1004 5264
3214 2 2 1 1 1743 1742 1744
3215 2 2 1 1 3229 3228 3234
3216 2 2 1 1 1032 1031 5196
3217 2 2 1 1 3400 2799 3995
3218 2 2 1 1 3488 1263 4549
3219 2 2 1 1 2521 2382 3159
3220 2 2 1 1 1448 3989 4589
3221 2 2 1 1 2775 2774 3891
3222 2 2 1 1 2605 3115 3119
3223 2 2 1 1 2636 2635 2736
3224 2 2 1 1 4006 2663 4280
3225 2 2 1 1 3465 3376 4738
3226 2 2 1 1 2135 2133 2136
3227 2 2 1 1 3403 3127 3530
3228 2 2 1 1 965 964 4044
3229 2 2 1 1 2053 2904 3073
3230 2 2 1 1 2531 2703 2805
3231 2 2 1 1 2249 2247 3450
3232 2 2 1 1 3341 2714 3342
3233 2 2 1 1 3216 3322 3357
3234 2 2 1 1 2814 2511 2815
3235 2 2 1 1 992 991 3455
3236 2 2 1 1 3361 3270 3446
3237 2 2 1 1 3232 3233 3359
3238 2 2 1 1 3068 3069 3070
3239 2 2 1 1 3202 3203 3368
3240 2 2 1 1 3204 3202 3392
3241 2 2 1 1 2803 2632 3477
3242 2 2 1 1 2042 2693 2724
3243 2 2 1 1 1022 3447 3758
3244 2 2 1 1 3071 3391 5368
3245 2 2 1 1 2446 2444 2447
3246 2 2 1 1 1274 3629 3687
3247 2 2 1 1 3955 2267 5253
3248 2 2 1 1 3910 3572 4781
3249 2 2 1 1 3074 1004 4443
3250 2 2 1 1 2502 2390 3126
3251 2 2 1 1 1632 1633 3167
3252 2 2 1 1 2512 2354 3983
3253 2 2 1 1 3797 3171 5172
3254 2 2 1 1 3068 2470 3069
3255 2 2 1 1 2154 2151 3077
3256 2 2 1 1 2444 2443 3354
3257 2 2 1 1 2458 2461 3523
3258 2 2 1 1 5168 3071 5368
3259 2 2 1 1 2828 2827 2829
3260 2 2 1 1 3094 3096 3404
3261 2 2 1 1 1664 1665 1667
3262 2 2 1 1 1558 1557 1559
3263 2 2 1 1 2110 2111 4124
3264 2 2 1 1 3729 2433 4307
3265 2 2 1 1 1549 3268 3427
3266 2 2 1 1 2513 2092 3113
3267 2 2 1 1 2881 2882 3407
3268 2 2 1 1 3199 2591 3200
3269 2 2 1 1 2680 2605 3255
3270 2 2 1 1 1680 1682 1683
3271 2 2 1 1 2485 3376 5065
3272 2 2 1 1 976 975 3362
3273 2 2 1 1 2509 2697 2698
3274 2 2 1 1 2033 3152 3153
3275 2 2 1 1 2088 3129 4892
3276 2 2 1 1 2147 2150 3851
3277 2 2 1 1 1273 3747 4072
3278 2 2 1 1 2585 4123 4232
3279 2 2 1 1 1145 3305 5081
3280 2 2 1 1 3181 3183 3185
3281 2 2 1 1 2113 2112 3301
3282 2 2 1 1 2131 2129 2132
3283 2 2 1 1 1011 1010 4881
3284 2 2 1 1 1727 1726 1728
3285 2 2 1 1 2029 3141 3142
3286 2 2 1 1 2386 3155 4880
3287 2 2 1 1 1023 3368 3447
3288 2 2 1 1 3330 1048 4501
3289 2 2 1 1 2562 2683 2684
3290 2 2 1 1 3970 2038 5320
3291 2 2 1 1 2850 2017 2851
3292 2 2 1 1 3360 4846 4940
3293 2 2 1 1 2034 3147 3148
3294 2 2 1 1 4940 1025 4948
3295 2 2 1 1 1522 3432 3785
3296 2 2 1 1 2335 3043 5358
3297 2 2 1 1 2084 2081 5310
3298 2 2 1 1 942 3246 4799
3299 2 2 1 1 2622 3278 5104
3300 2 2 1 1 2904 2905 4788
3301 2 2 1 1 2429 2426 5331
3302 2 2 1 1 3377 3378 3379
3303 2 2 1 1 3352 3452 4684
3304 2 2 1 1 3183 2614 3184
3305 2 2 1 1 976 977 4908
3306 2 2 1 1 3323 923 5165
3307 2 2 1 1 2740 2533 2779
3308 2 2 1 1 4720 2832 5033
3309 2 2 1 1 1132 3064 4966
3310 2 2 1 1 4465 3847 5170
3311 2 2 1 1 1564 1563 1565
3312 2 2 1 1 2442 2439 2443
3313 2 2 1 1 2887 2639 5126
3314 2 2 1 1 2501 2714 3341
3315 2 2 1 1 3243 3241 3246
3316 2 2 1 1 1560 1561 5322
3317 2 2 1 1 2209 2207 3456
3318 2 2 1 1 1818 3211 5367
3319 2 2 1 1 2493 2681 3336
3320 2 2 1 1 990 4173 4783
3321 2 2 1 1 1087 1086 4476
3322 2 2 1 1 2173 2174 2175
3323 2 2 1 1 1033 5151 5181
3324 2 2 1 1 2161 3366 5357
3325 2 2 1 1 1800 3201 5373
3326 2 2 1 1 2708 2544 2710
3327 2 2 1 1 3659 1238 3661
3328 2 2 1 1 1809 2032 3908
3329 2 2 1 1 3156 3157 4656
3330 2 2 1 1 2756 2561 3254
3331 2 2 1 1 3822 1488 5207
3332 2 2 1 1 3619 3622 3670
3333 2 2 1 1 2447 2444 3354
3334 2 2 1 1 982 981 5223
3335 2 2 1 1 3797 3271 4960
3336 2 2 1 1 3232 4399 4883
3337 2 2 1 1 2543 2708 2709
3338 2 2 1 1 3035 2539 3036
3339 2 2 1 1 3363 1714 5348
3340 2 2 1 1 2125 2123 2126
3341 2 2 1 1 3962 3262 3984
3342 2 2 1 1 2674 3756 4177
3343 2 2 1 1 1024 1025 3392
3344 2 2 1 1 2711 3175 4972
3345 2 2 1 1 1114 3254 4927
3346 2 2 1 1 3270 3444 3446
3347 2 2 1 1 989 4783 4843
3348 2 2 1 1 2746 2574 3259
3349 2 2 1 1 1032 1033 4062
3350 2 2 1 1 1676 1678 1679
3351 2 2 1 1 2856 2542 2857
3352 2 2 1 1 1717 1716 1718
3353 2 2 1 1 3947 1162 3949
3354 2 2 1 1 3839 3840 4546
3355 2 2 1 1 2555 2715 2734
3356 2 2 1 1 3021 3022 3023
3357 2 2 1 1 2703 2508 2704
3358 2 2 1 1 3021 2472 3022
3359 2 2 1 1 1085 1084 3480
3360 2 2 1 1 4123 1174 4834
3361 2 2 1 1 1658 1659 1660
3362 2 2 1 1 3431 2974 4137
3363 2 2 1 1 2434 2432 2436
3364 2 2 1 1 1041 1040 3420
3365 2 2 1 1 2944 2946 3321
3366 2 2 1 1 2693 2041 2694
3367 2 2 1 1 2532 2740 2741
3368 2 2 1 1 2107 2106 2108
3369 2 2 1 1 2057 2726 2794
3370 2 2 1 1 2754 2541 3162
3371 2 2 1 1 1150 1149 3448
3372 2 2 1 1 2499 2686 2707
3373 2 2 1 1 2412 2411 2417
3374 2 2 1 1 2875 2874 2877
3375 2 2 1 1 2715 2554 2716
3376 2 2 1 1 2947 2941 3294
3377 2 2 1 1 1840 2935 5238
3378 2 2 1 1 2171 3405 5333
3379 2 2 1 1 2566 2875 2876
3380 2 2 1 1 2928 2929 2930
3381 2 2 1 1 2365 3705 4401
3382 2 2 1 1 1831 2654 3715
3383 2 2 1 1 2591 2730 3314
3384 2 2 1 1 2514 3186 4885
3385 2 2 1 1 2553 3925 3929
3386 2 2 1 1 2942 2943 2944
3387 2 2 1 1 2940 2947 2948
3388 2 2 1 1 1053 1052 3434
3389 2 2 1 1 4599 4027 5288
3390 2 2 1 1 2762 2562 3308
3391 2 2 1 1 2862 2573 2863
3392 2 2 1 1 2410 2409 2411
3393 2 2 1 1 2695 2584 4143
3394 2 2 1 1 4603 1279 5174
3395 2 2 1 1 1033 1032 5151
3396 2 2 1 1 2171 2169 3405
3397 2 2 1 1 2552 2748 3064
3398 2 2 1 1 2958 2959 2960
3399 2 2 1 1 2121 2119 2122
3400 2 2 1 1 3206 3205 4973
3401 2 2 1 1 1261 3934 3936
3402 2 2 1 1 1672 1674 1675
3403 2 2 1 1 2163 2164 2165
3404 2 2 1 1 4753 4864 5069
3405 2 2 1 1 2764 2558 2772
3406 2 2 1 1 2421 3241 3242
3407 2 2 1 1 2069 2068 3288
3408 2 2 1 1 1778 2971 5316
3409 2 2 1 1 3424 2987 3473
3410 2 2 1 1 2631 3293 5119
3411 2 2 1 1 3120 2694 5293
3412 2 2 1 1 1712 1714 3363
3413 2 2 1 1 2479 2671 2712
3414 2 2 1 1 1417 4193 4278
3415 2 2 1 1 4022 4021 4605
3416 2 2 1 1 3395 3031 3396
3417 2 2 1 1 2878 2569 2879
3418 2 2 1 1 1024 1023 4861
3419 2 2 1 1 2964 2956 3389
3420 2 2 1 1 1970 2545 2546
3421 2 2 1 1 3376 3375 4738
3422 2 2 1 1 2161 2159 3366
3423 2 2 1 1 2428 2426 2429
3424 2 2 1 1 1707 1706 1708
3425 2 2 1 1 2675 2013 2706
3426 2 2 1 1 2039 2756 2757
3427 2 2 1 1 3423 2803 5179
3428 2 2 1 1 1101 3495 4538
3429 2 2 1 1 2101 2100 2102
3430 2 2 1 1 1102 1101 4538
3431 2 2 1 1 3326 3249 3434
3432 2 2 1 1 3522 3005 3523
3433 2 2 1 1 1399 3696 4040
3434 2 2 1 1 1037 1038 4587
3435 2 2 1 1 944 943 3404
3436 2 2 1 1 1951 2007 5365
3437 2 2 1 1 1573 1569 1583
3438 2 2 1 1 3138 3478 4056
3439 2 2 1 1 1231 3967 5269
3440 2 2 1 1 2884 2883 3455
3441 2 2 1 1 3124 3125 3128
3442 2 2 1 1 2610 2752 3430
3443 2 2 1 1 1652 1653 1654
3444 2 2 1 1 2301 2299 5266
3445 2 2 1 1 3353 3192 3374
3446 2 2 1 1 3346 3373 5176
3447 2 2 1 1 1017 1018 3826
3448 2 2 1 1 3240 3094 3349
3449 2 2 1 1 3116 3118 3174
3450 2 2 1 1 2672 1996 2711
3451 2 2 1 1 3166 3164 3284
3452 2 2 1 1 3268 2758 3785
3453 2 2 1 1 3212 1992 3453
3454 2 2 1 1 2615 3913 4283
3455 2 2 1 1 1024 4861 4948
3456 2 2 1 1 2557 2764 2765
3457 2 2 1 1 2460 2487 2488
3458 2 2 1 1 2153 2154 2155
3459 2 2 1 1 2359 2357 5216
3460 2 2 1 1 3913 2615 5038
3461 2 2 1 1 2488 2635 2636
3462 2 2 1 1 1738 1740 5338
3463 2 2 1 1 1823 1821 4296
3464 2 2 1 1 2726 2056 2727
3465 2 2 1 1 2527 2754 2755
3466 2 2 1 1 1580 2027 3854
3467 2 2 1 1 1668 1670 1671
3468 2 2 1 1 2983 2987 3424
3469 2 2 1 1 3289 2723 4993
3470 2 2 1 1 976 4908 5011
3471 2 2 1 1 2404 2403 2405
3472 2 2 1 1 2930 2932 3428
3473 2 2 1 1 2048 2746 2747
3474 2 2 1 1 3265 3420 4057
3475 2 2 1 1 2786 2572 3172
3476 2 2 1 1 3582 1379 3584
3477 2 2 1 1 2115 2113 2116
3478 2 2 1 1 1049 3135 4501
3479 2 2 1 1 994 3407 4896
3480 2 2 1 1 2661 4049 4566
3481 2 2 1 1 3407 2882 4896
3482 2 2 1 1 2898 2583 2902
3483 2 2 1 1 2095 2094 2096
3484 2 2 1 1 2331 2329 5221
3485 2 2 1 1 2539 2281 3290
3486 2 2 1 1 3811 1269 4592
3487 2 2 1 1 2424 2422 2425
3488 2 2 1 1 2492 2685 2723
3489 2 2 1 1 2628 3818 3851
3490 2 2 1 1 2730 2534 2731
3491 2 2 1 1 3268 1549 5346
3492 2 2 1 1 1963 1964 1966
3493 2 2 1 1 2548 2762 2763
3494 2 2 1 1 2748 2535 2749
3495 2 2 1 1 3012 3445 4429
3496 2 2 1 1 2343 2341 5237
3497 2 2 1 1 4923 4620 5016
3498 2 2 1 1 3217 1013 4578
3499 2 2 1 1 984 983 5009
3500 2 2 1 1 2672 2711 3317
3501 2 2 1 1 2093 2092 2094
3502 2 2 1 1 1143 4710 4897
3503 2 2 1 1 3373 3462 5176
3504 2 2 1 1 1646 1647 1648
3505 2 2 1 1 3387 4774 4808
3506 2 2 1 1 2834 2833 4050
3507 2 2 1 1 1922 3603 4174
3508 2 2 1 1 2143 2485 3304
3509 2 2 1 1 1961 1962 1963
3510 2 2 1 1 3263 3262 3962
3511 2 2 1 1 438 1372 3410
3512 2 2 1 1 2047 3572 3910
3513 2 2 1 1 2831 2832 3442
3514 2 2 1 1 2668 2003 2719
3515 2 2 1 1 1558 1560 1562
3516 2 2 1 1 1701 1700 1702
3517 2 2 1 1 2806 2805 4779
3518 2 2 1 1 2293 2291 5240
3519 2 2 1 1 2409 2406 3414
3520 2 2 1 1 2393 2392 2394
3521 2 2 1 1 1714 1717 5348
3522 2 2 1 1 2937 2927 2938
3523 2 2 1 1 3941 3997 4542
3524 2 2 1 1 3071 3067 3391
3525 2 2 1 1 433 434 1368
3526 2 2 1 1 467 468 1369
3527 2 2 1 1 4794 971 4841
3528 2 2 1 1 2719 3275 4978
3529 2 2 1 1 2910 3498 4062
3530 2 2 1 1 2164 2161 5357
3531 2 2 1 1 2963 2956 2964
3532 2 2 1 1 2933 2926 2934
3533 2 2 1 1 1644 1645 1646
3534 2 2 1 1 1366 463 3355
3535 2 2 1 1 2571 2786 2787
3536 2 2 1 1 2391 2390 2392
3537 2 2 1 1 1661 1663 1664
3538 2 2 1 1 2850 2851 3385
3539 2 2 1 1 2523 3663 3664
3540 2 2 1 1 2707 2686 3388
3541 2 2 1 1 2950 2951 2952
3542 2 2 1 1 5008 2823 5060
3543 2 2 1 1 3287 3318 3369
3544 2 2 1 1 2111 2109 2112
3545 2 2 1 1 1057 1056 3431
3546 2 2 1 1 2388 3664 4967
3547 2 2 1 1 4304 3902 4895
3548 2 2 1 1 3349 3094 3404
3549 2 2 1 1 2951 2603 2953
3550 2 2 1 1 1904 1906 4953
3551 2 2 1 1 2990 2984 2996
3552 2 2 1 1 2843 2842 2845
3553 2 2 1 1 3066 3071 3072
3554 2 2 1 1 2985 2990 2991
3555 2 2 1 1 1077 1078 3994
3556 2 2 1 1 2668 2719 3358
3557 2 2 1 1 1058 1057 4137
3558 2 2 1 1 2147 2148 2149
3559 2 2 1 1 3221 3220 3222
3560 2 2 1 1 3615 3617 4604
3561 2 2 1 1 2087 2086 2088
3562 2 2 1 1 2420 2418 2421
3563 2 2 1 1 1241 3824 5207
3564 2 2 1 1 2609 1819 4294
3565 2 2 1 1 2766 2629 3408
3566 2 2 1 1 2018 1563 2793
3567 2 2 1 1 3227 2243 5275
3568 2 2 1 1 2458 2459 2460
3569 2 2 1 1 1975 2940 4780
3570 2 2 1 1 4260 4533 5068
3571 2 2 1 1 4574 4214 4575
3572 2 2 1 1 3927 2506 3929
3573 2 2 1 1 2944 2945 2946
3574 2 2 1 1 1018 1019 5082
3575 2 2 1 1 2825 4943 5081
3576 2 2 1 1 1056 1055 3504
3577 2 2 1 1 2589 2843 2844
3578 2 2 1 1 1638 1639 1640
3579 2 2 1 1 2983 2986 2987
3580 2 2 1 1 2145 2143 3304
3581 2 2 1 1 3258 4906 4987
3582 2 2 1 1 2085 2084 2086
3583 2 2 1 1 1953 1954 1955
3584 2 2 1 1 4464 4440 4704
3585 2 2 1 1 1955 1956 1957
3586 2 2 1 1 3011 3010 3012
3587 2 2 1 1 3452 3352 5039
3588 2 2 1 1 2221 2522 5230
3589 2 2 1 1 3373 3312 3462
3590 2 2 1 1 3103 3104 3479
3591 2 2 1 1 3086 2983 3424
3592 2 2 1 1 1587 2064 2065
3593 2 2 1 1 1951 1952 1953
3594 2 2 1 1 2385 2384 2386
3595 2 2 1 1 3355 3497 5328
3596 2 2 1 1 3328 1975 4780
3597 2 2 1 1 1245 3951 4692
3598 2 2 1 1 2774 1368 4622
3599 2 2 1 1 1636 1637 1638
3600 2 2 1 1 2494 3326 5273
3601 2 2 1 1 1374 3558 5185
3602 2 2 1 1 2722 2024 2744
3603 2 2 1 1 2747 4927 5062
3604 2 2 1 1 2599 2894 2895
3605 2 2 1 1 1038 1039 4626
3606 2 2 1 1 1695 1694 1696
3607 2 2 1 1 4688 3356 5213
3608 2 2 1 1 4110 2679 4183
3609 2 2 1 1 4380 4551 4552
3610 2 2 1 1 3653 1622 4809
3611 2 2 1 1 2930 2931 2932
3612 2 2 1 1 2529 3350 4473
3613 2 2 1 1 1584 1583 1585
3614 2 2 1 1 1894 1895 3193
3615 2 2 1 1 4587 1038 4626
3616 2 2 1 1 3004 3324 5128
3617 2 2 1 1 1019 4552 5082
3618 2 2 1 1 2383 2382 2384
3619 2 2 1 1 4694 2904 4788
3620 2 2 1 1 2068 3287 3288
3621 2 2 1 1 1655 1657 1658
3622 2 2 1 1 3292 2811 5088
3623 2 2 1 1 1226 4298 4878
3624 2 2 1 1 2783 2607 3075
3625 2 2 1 1 3306 2760 4652
3626 2 2 1 1 897 898 1547
3627 2 2 1 1 4922 3091 4923
3628 2 2 1 1 2736 2635 3307
3629 2 2 1 1 4452 4451 4863
3630 2 2 1 1 3962 1087 4476
3631 2 2 1 1 2822 2823 3448
3632 2 2 1 1 2776 2601 2980
3633 2 2 1 1 2174 2171 5333
3634 2 2 1 1 1810 1812 5077
3635 2 2 1 1 2067 2065 2068
3636 2 2 1 1 2105 2103 2106
3637 2 2 1 1 4589 3992 5094
3638 2 2 1 1 1143 1142 4710
3639 2 2 1 1 3024 3018 3176
3640 2 2 1 1 2759 2760 4667
3641 2 2 1 1 3391 3480 5368
3642 2 2 1 1 2920 2921 2923
3643 2 2 1 1 2921 2623 2922
3644 2 2 1 1 2075 2074 2076
3645 2 2 1 1 2077 2076 2078
3646 2 2 1 1 2243 3231 5275
3647 2 2 1 1 2079 2078 2080
3648 2 2 1 1 2193 2191 5251
3649 2 2 1 1 2139 2140 2141
3650 2 2 1 1 3525 1193 3527
3651 2 2 1 1 1630 1631 1632
3652 2 2 1 1 2408 2406 2409
3653 2 2 1 1 2606 2783 2784
3654 2 2 1 1 1628 1629 1630
3655 2 2 1 1 5223 981 5318
3656 2 2 1 1 1062 3401 3503
3657 2 2 1 1 2628 3816 3817
3658 2 2 1 1 1991 1712 3363
3659 2 2 1 1 2159 2475 3366
3660 2 2 1 1 4444 2471 4704
3661 2 2 1 1 1626 1627 1628
3662 2 2 1 1 3019 3024 3025
3663 2 2 1 1 2452 2453 2454
3664 2 2 1 1 981 980 5318
3665 2 2 1 1 1022 1023 3447
3666 2 2 1 1 2600 2776 2777
3667 2 2 1 1 2377 2376 2378
3668 2 2 1 1 2752 2517 2753
3669 2 2 1 1 1941 1942 1943
3670 2 2 1 1 2987 2988 2989
3671 2 2 1 1 2073 2072 2074
3672 2 2 1 1 4241 4059 4246
3673 2 2 1 1 2963 2965 5380
3674 2 2 1 1 3202 3368 3392
3675 2 2 1 1 1943 1944 1945
3676 2 2 1 1 3393 2868 5134
3677 2 2 1 1 3123 3127 3403
3678 2 2 1 1 2375 2374 2376
3679 2 2 1 1 5031 3084 5226
3680 2 2 1 1 3745 1839 5234
3681 2 2 1 1 3278 2839 5104
3682 2 2 1 1 4062 1033 4689
3683 2 2 1 1 1939 1940 1941
3684 2 2 1 1 2373 2372 2374
3685 2 2 1 1 3312 2755 3495
3686 2 2 1 1 2490 2351 3279
3687 2 2 1 1 1624 1625 1626
3688 2 2 1 1 3534 1181 3536
3689 2 2 1 1 2681 2680 3383
3690 2 2 1 1 1967 1969 1970
3691 2 2 1 1 2933 2935 5390
3692 2 2 1 1 3056 3055 3057
3693 2 2 1 1 2634 2436 2802
3694 2 2 1 1 3343 2212 4136
3695 2 2 1 1 3389 2956 3429
3696 2 2 1 1 2371 2370 2372
3697 2 2 1 1 1689 1688 1690
3698 2 2 1 1 1078 1077 4665
3699 2 2 1 1 2099 2097 2100
3700 2 2 1 1 3455 991 4189
3701 2 2 1 1 3184 2614 5237
3702 2 2 1 1 4105 2945 5162
3703 2 2 1 1 1649 1651 1652
3704 2 2 1 1 2007 3171 4960
3705 2 2 1 1 2912 2913 5387
3706 2 2 1 1 2727 3316 3496
3707 2 2 1 1 2834 4050 4850
3708 2 2 1 1 2063 2766 2767
3709 2 2 1 1 1727 1728 5226
3710 2 2 1 1 3061 3053 3062
3711 2 2 1 1 2799 1562 3995
3712 2 2 1 1 1484 3944 4257
3713 2 2 1 1 2722 3757 4992
3714 2 2 1 1 2542 2335 5358
3715 2 2 1 1 975 976 5011
3716 2 2 1 1 3432 1548 3433
3717 2 2 1 1 2605 2126 3115
3718 2 2 1 1 3267 1557 3512
3719 2 2 1 1 2135 2136 2137
3720 2 2 1 1 1457 3923 3925
3721 2 2 1 1 1561 1591 1592
3722 2 2 1 1 1660 1661 2807
3723 2 2 1 1 4794 4762 5164
3724 2 2 1 1 4247 3941 4543
3725 2 2 1 1 3387 3386 4478
3726 2 2 1 1 2818 2819 5388
3727 2 2 1 1 893 894 1554
3728 2 2 1 1 1089 1088 3984
3729 2 2 1 1 1231 3964 3966
3730 2 2 1 1 2588 2872 2873
3731 2 2 1 1 2109 2108 3199
3732 2 2 1 1 3751 2504 5370
3733 2 2 1 1 995 994 4896
3734 2 2 1 1 1102 4538 5018
3735 2 2 1 1 2636 2736 2737
3736 2 2 1 1 3379 3380 3381
3737 2 2 1 1 2955 3223 3429
3738 2 2 1 1 2748 2749 4102
3739 2 2 1 1 2402 2395 2403
3740 2 2 1 1 4045 1492 4048
3741 2 2 1 1 3194 3191 3353
3742 2 2 1 1 1618 1619 1620
3743 2 2 1 1 1207 3548 3550
3744 2 2 1 1 3203 3208 3447
3745 2 2 1 1 2475 3373 5074
3746 2 2 1 1 3487 4135 4397
3747 2 2 1 1 1616 1617 1618
3748 2 2 1 1 3618 1384 3620
3749 2 2 1 1 1374 3555 3557
3750 2 2 1 1 3647 1390 3649
3751 2 2 1 1 1614 1615 1616
3752 2 2 1 1 440 1371 3415
3753 2 2 1 1 1927 1928 1929
3754 2 2 1 1 1010 1011 3439
3755 2 2 1 1 3146 1966 3149
3756 2 2 1 1 2960 2961 2962
3757 2 2 1 1 2364 2363 2366
3758 2 2 1 1 2484 2323 2887
3759 2 2 1 1 2618 3194 3195
3760 2 2 1 1 2759 2515 2760
3761 2 2 1 1 2885 2884 2886
3762 2 2 1 1 1929 1930 1931
3763 2 2 1 1 3293 2890 5119
3764 2 2 1 1 3559 1287 5184
3765 2 2 1 1 1925 1926 1927
3766 2 2 1 1 1612 1613 1614
3767 2 2 1 1 2362 2361 2363
3768 2 2 1 1 4050 974 4850
3769 2 2 1 1 3394 2722 4992
3770 2 2 1 1 3254 1114 5024
3771 2 2 1 1 1931 1932 1933
3772 2 2 1 1 2360 2359 2361
3773 2 2 1 1 1862 1865 4105
3774 2 2 1 1 3160 2622 3180
3775 2 2 1 1 2446 2447 2448
3776 2 2 1 1 3046 3047 5321
3777 2 2 1 1 1933 1934 1935
3778 2 2 1 1 2358 2357 2359
3779 2 2 1 1 1001 1002 4825
3780 2 2 1 1 2627 2867 3256
3781 2 2 1 1 2356 2355 2357
3782 2 2 1 1 2418 2417 3240
3783 2 2 1 1 1958 1960 1961
3784 2 2 1 1 3140 1648 3143
3785 2 2 1 1 2354 2353 2355
3786 2 2 1 1 2091 2089 2092
3787 2 2 1 1 3449 1951 5365
3788 2 2 1 1 2966 3453 5092
3789 2 2 1 1 2639 3048 3049
3790 2 2 1 1 2936 3280 3451
3791 2 2 1 1 2493 2680 2681
3792 2 2 1 1 3030 3032 3033
3793 2 2 1 1 1946 1951 3449
3794 2 2 1 1 1134 4102 4949
3795 2 2 1 1 3041 3039 3042
3796 2 2 1 1 1610 1611 1612
3797 2 2 1 1 2511 2370 3300
3798 2 2 1 1 1641 1643 1644
3799 2 2 1 1 2747 3736 4927
3800 2 2 1 1 1370 4332 4468
3801 2 2 1 1 3958 3957 4096
3802 2 2 1 1 3070 3069 5001
3803 2 2 1 1 2376 2818 5388
3804 2 2 1 1 3188 2631 3277
3805 2 2 1 1 1683 1682 1684
3806 2 2 1 1 4663 4248 5317
3807 2 2 1 1 2352 2351 2353
3808 2 2 1 1 1594 1595 1596
3809 2 2 1 1 2501 2713 2714
3810 2 2 1 1 3219 3220 3221
3811 2 2 1 1 2839 2838 3471
3812 2 2 1 1 3362 975 4050
3813 2 2 1 1 3053 1984 3063
3814 2 2 1 1 3203 3207 3208
3815 2 2 1 1 2389 2387 2390
3816 2 2 1 1 3607 3811 4415
3817 2 2 1 1 3426 1523 4854
3818 2 2 1 1 3399 3400 4060
3819 2 2 1 1 2131 2132 2133
3820 2 2 1 1 2958 1982 2959
3821 2 2 1 1 2201 2199 4974
3822 2 2 1 1 4246 4059 4627
3823 2 2 1 1 3314 1128 4366
3824 2 2 1 1 3719 3720 3721
3825 2 2 1 1 1906 1907 1908
3826 2 2 1 1 1908 1909 1910
3827 2 2 1 1 2928 1976 2929
3828 2 2 1 1 927 3298 4722
3829 2 2 1 1 1904 1905 1906
3830 2 2 1 1 1604 1605 1606
3831 2 2 1 1 3811 3607 3812
3832 2 2 1 1 1910 1911 1912
3833 2 2 1 1 1683 2616 3097
3834 2 2 1 1 2504 3751 4357
3835 2 2 1 1 3376 3465 3786
3836 2 2 1 1 1602 1603 1604
3837 2 2 1 1 1902 1903 1904
3838 2 2 1 1 1600 1601 1602
3839 2 2 1 1 1788 2912 5387
3840 2 2 1 1 1912 1913 1914
3841 2 2 1 1 1900 1901 1902
3842 2 2 1 1 1566 1565 1567
3843 2 2 1 1 2975 2978 2979
3844 2 2 1 1 3741 1340 4500
3845 2 2 1 1 1598 1599 1600
3846 2 2 1 1 1914 1915 1916
3847 2 2 1 1 2912 2911 2914
3848 2 2 1 1 1343 3638 3640
3849 2 2 1 1 3081 3315 4986
3850 2 2 1 1 2835 2834 2836
3851 2 2 1 1 2765 2764 4759
3852 2 2 1 1 4701 5362 5379
3853 2 2 1 1 2942 1973 2943
3854 2 2 1 1 1916 1917 1918
3855 2 2 1 1 2326 2325 2327
3856 2 2 1 1 2442 2443 2444
3857 2 2 1 1 1336 3296 4574
3858 2 2 1 1 1918 1919 1920
3859 2 2 1 1 1940 1938 4028
3860 2 2 1 1 1946 1950 1951
3861 2 2 1 1 1596 1597 1598
3862 2 2 1 1 2083 2081 2084
3863 2 2 1 1 2346 2345 2347
3864 2 2 1 1 2344 2343 2345
3865 2 2 1 1 2328 2327 2329
3866 2 2 1 1 2127 2493 3336
3867 2 2 1 1 2342 2341 2343
3868 2 2 1 1 4440 4462 4704
3869 2 2 1 1 1654 1655 2798
3870 2 2 1 1 1768 1771 3440
3871 2 2 1 1 2340 2339 2341
3872 2 2 1 1 1898 1899 1900
3873 2 2 1 1 2660 4427 4515
3874 2 2 1 1 2338 2337 2339
3875 2 2 1 1 2169 2473 3405
3876 2 2 1 1 2330 2329 2331
3877 2 2 1 1 2324 2323 2325
3878 2 2 1 1 3068 3070 3480
3879 2 2 1 1 2811 3469 5088
3880 2 2 1 1 1866 1867 1868
3881 2 2 1 1 1633 1635 1636
3882 2 2 1 1 2336 2335 2337
3883 2 2 1 1 3340 3339 3475
3884 2 2 1 1 2332 2331 2333
3885 2 2 1 1 465 466 1365
3886 2 2 1 1 2971 2969 2972
3887 2 2 1 1 2381 2379 2382
3888 2 2 1 1 1590 1580 3854
3889 2 2 1 1 3739 1124 5056
3890 2 2 1 1 1119 1120 4822
3891 2 2 1 1 3590 4313 4696
3892 2 2 1 1 2334 2333 2335
3893 2 2 1 1 1000 1001 4684
3894 2 2 1 1 3217 3212 3218
3895 2 2 1 1 1936 1939 3457
3896 2 2 1 1 1826 2963 5380
3897 2 2 1 1 2279 2543 5345
3898 2 2 1 1 2437 2501 3341
3899 2 2 1 1 3151 1640 3154
3900 2 2 1 1 1890 2618 5335
3901 2 2 1 1 3234 3228 3253
3902 2 2 1 1 3229 3234 3235
3903 2 2 1 1 2280 2279 2281
3904 2 2 1 1 2844 2843 5071
3905 2 2 1 1 1351 3806 4043
3906 2 2 1 1 2103 2102 2791
3907 2 2 1 1 1842 2933 5390
3908 2 2 1 1 3523 3524 4166
3909 2 2 1 1 922 3323 3735
3910 2 2 1 1 2800 2549 2801
3911 2 2 1 1 2841 4367 4957
3912 2 2 1 1 2694 3120 4962
3913 2 2 1 1 2125 2126 2127
3914 2 2 1 1 3968 1438 5268
3915 2 2 1 1 3106 3103 3479
3916 2 2 1 1 3702 3703 3705
3917 2 2 1 1 1892 1893 1894
3918 2 2 1 1 1890 1891 1892
3919 2 2 1 1 2229 2505 5295
3920 2 2 1 1 1679 1678 1680
3921 2 2 1 1 3377 2140 3378
3922 2 2 1 1 1888 1889 1890
3923 2 2 1 1 3615 3616 3617
3924 2 2 1 1 1886 1887 1888
3925 2 2 1 1 3392 1025 3482
3926 2 2 1 1 1884 1885 1886
3927 2 2 1 1 2306 2305 2307
3928 2 2 1 1 1882 1883 1884
3929 2 2 1 1 3122 3588 4624
3930 2 2 1 1 3085 5032 5103
3931 2 2 1 1 2304 2303 2305
3932 2 2 1 1 2909 2917 4158
3933 2 2 1 1 2308 2307 2309
3934 2 2 1 1 1880 1881 1882
3935 2 2 1 1 1936 1938 1939
3936 2 2 1 1 2071 2069 2072
3937 2 2 1 1 2302 2301 2303
3938 2 2 1 1 2675 2706 3472
3939 2 2 1 1 1878 1879 1880
3940 2 2 1 1 2119 2118 5344
3941 2 2 1 1 2310 2309 2311
3942 2 2 1 1 1868 1869 1870
3943 2 2 1 1 2300 2299 2301
3944 2 2 1 1 1689 2061 3320
3945 2 2 1 1 2312 2311 2313
3946 2 2 1 1 2298 2297 2299
3947 2 2 1 1 1876 1877 1878
3948 2 2 1 1 2314 2313 2315
3949 2 2 1 1 2296 2295 2297
3950 2 2 1 1 4547 4492 4715
3951 2 2 1 1 2278 2275 3443
3952 2 2 1 1 2987 2989 3473
3953 2 2 1 1 2294 2293 2295
3954 2 2 1 1 2316 2315 2317
3955 2 2 1 1 2962 3351 3352
3956 2 2 1 1 4374 3771 5384
3957 2 2 1 1 436 437 1363
3958 2 2 1 1 2434 2436 2437
3959 2 2 1 1 2292 2291 2293
3960 2 2 1 1 2318 2317 2319
3961 2 2 1 1 1870 1871 1872
3962 2 2 1 1 442 1522 3425
3963 2 2 1 1 2290 2289 2291
3964 2 2 1 1 1874 1875 1876
3965 2 2 1 1 3226 3258 4606
3966 2 2 1 1 2288 2287 2289
3967 2 2 1 1 2575 2825 2826
3968 2 2 1 1 1872 1873 1874
3969 2 2 1 1 3208 3209 3210
3970 2 2 1 1 4443 2922 5262
3971 2 2 1 1 1772 1773 1774
3972 2 2 1 1 2578 2817 2818
3973 2 2 1 1 2369 2367 2370
3974 2 2 1 1 2286 2285 2287
3975 2 2 1 1 1621 1623 1624
3976 2 2 1 1 1347 4257 4963
3977 2 2 1 1 1034 1033 5181
3978 2 2 1 1 2737 2736 4607
3979 2 2 1 1 4567 1330 4616
3980 2 2 1 1 2958 2960 3501
3981 2 2 1 1 2253 2469 4673
3982 2 2 1 1 2282 2281 2283
3983 2 2 1 1 2818 2817 3412
3984 2 2 1 1 2574 1660 2807
3985 2 2 1 1 2873 2872 3356
3986 2 2 1 1 3409 2751 4659
3987 2 2 1 1 2430 2431 2432
3988 2 2 1 1 3267 1307 5159
3989 2 2 1 1 1562 1563 1564
3990 2 2 1 1 3215 3214 4995
3991 2 2 1 1 2284 2283 2285
3992 2 2 1 1 2518 2453 3289
3993 2 2 1 1 3105 3106 5085
3994 2 2 1 1 2214 2213 2215
3995 2 2 1 1 4950 953 4980
3996 2 2 1 1 2986 2257 5361
3997 2 2 1 1 2108 2591 3199
3998 2 2 1 1 3322 3215 3325
3999 2 2 1 1 5030 4919 5031
4000 2 2 1 1 3577 2597 3578
4001 2 2 1 1 3165 1632 3167
4002 2 2 1 1 3369 1151 5008
4003 2 2 1 1 4364 1972 5094
4004 2 2 1 1 1756 3011 5354
4005 2 2 1 1 1469 4132 4544
4006 2 2 1 1 2121 2122 2123
4007 2 2 1 1 3110 3114 3460
4008 2 2 1 1 4563 4685 4817
4009 2 2 1 1 2890 2889 3510
4010 2 2 1 1 1695 2022 3275
4011 2 2 1 1 1675 1674 1676
4012 2 2 1 1 1778 1779 1780
4013 2 2 1 1 2417 3094 3240
4014 2 2 1 1 1774 1775 1776
4015 2 2 1 1 1776 1777 1778
4016 2 2 1 1 1800 1801 1802
4017 2 2 1 1 1818 1819 1820
4018 2 2 1 1 1921 1924 1925
4019 2 2 1 1 1053 1054 3445
4020 2 2 1 1 2768 2769 3346
4021 2 2 1 1 1798 1799 1800
4022 2 2 1 1 1796 1797 1798
4023 2 2 1 1 1780 1781 1782
4024 2 2 1 1 1794 1795 1796
4025 2 2 1 1 1814 1815 1816
4026 2 2 1 1 1828 1829 1830
4027 2 2 1 1 1812 1813 1814
4028 2 2 1 1 1832 1833 1834
4029 2 2 1 1 1816 1817 1818
4030 2 2 1 1 1846 1847 1848
4031 2 2 1 1 1842 1843 1844
4032 2 2 1 1 4533 4260 4672
4033 2 2 1 1 4210 1974 4877
4034 2 2 1 1 1802 1803 1804
4035 2 2 1 1 1840 1841 1842
4036 2 2 1 1 1830 1831 1832
4037 2 2 1 1 1854 1855 1856
4038 2 2 1 1 1792 1793 1794
4039 2 2 1 1 1852 1853 1854
4040 2 2 1 1 1826 1827 1828
4041 2 2 1 1 1810 1811 1812
4042 2 2 1 1 1844 1845 1846
4043 2 2 1 1 1858 1859 1860
4044 2 2 1 1 1856 1857 1858
4045 2 2 1 1 1790 1791 1792
4046 2 2 1 1 1862 1863 1864
4047 2 2 1 1 1834 1835 1836
4048 2 2 1 1 2097 2096 3264
4049 2 2 1 1 1820 1821 1822
4050 2 2 1 1 1782 1783 1784
4051 2 2 1 1 2222 2221 2223
4052 2 2 1 1 2216 2215 2217
4053 2 2 1 1 2220 2219 2221
4054 2 2 1 1 2117 2118 2119
4055 2 2 1 1 2812 917 4981
4056 2 2 1 1 1838 1839 1840
4057 2 2 1 1 4181 4347 4754
4058 2 2 1 1 1607 1609 1610
4059 2 2 1 1 2218 2217 2219
4060 2 2 1 1 2725 2724 3177
4061 2 2 1 1 2242 2241 2243
4062 2 2 1 1 1804 1805 1806
4063 2 2 1 1 1808 1809 1810
4064 2 2 1 1 2545 2728 3367
4065 2 2 1 1 1824 1825 1826
4066 2 2 1 1 1850 1851 1852
4067 2 2 1 1 2732 2590 3596
4068 2 2 1 1 1788 1789 1790
4069 2 2 1 1 3296 4214 4574
4070 2 2 1 1 2258 2257 2259
4071 2 2 1 1 2238 2237 2239
4072 2 2 1 1 2240 2239 2241
4073 2 2 1 1 2252 2251 2253
4074 2 2 1 1 2236 2235 2237
4075 2 2 1 1 2266 2265 2267
4076 2 2 1 1 2224 2223 2225
4077 2 2 1 1 1784 1785 1786
4078 2 2 1 1 2254 2253 2255
4079 2 2 1 1 1848 1849 1850
4080 2 2 1 1 2428 2429 2430
4081 2 2 1 1 2234 2233 2235
4082 2 2 1 1 2276 2275 2277
4083 2 2 1 1 2256 2255 2257
4084 2 2 1 1 2270 2269 2271
4085 2 2 1 1 3158 3530 4880
4086 2 2 1 1 2268 2267 2269
4087 2 2 1 1 1497 3769 4361
4088 2 2 1 1 2264 2263 2265
4089 2 2 1 1 3061 3062 3273
4090 2 2 1 1 1993 3081 3120
4091 2 2 1 1 3408 1108 5135
4092 2 2 1 1 2244 2243 2245
4093 2 2 1 1 2250 2249 2251
4094 2 2 1 1 1836 1837 1838
4095 2 2 1 1 3359 3233 3406
4096 2 2 1 1 1822 1823 1824
4097 2 2 1 1 2232 2231 2233
4098 2 2 1 1 1860 1861 1862
4099 2 2 1 1 3391 3068 3480
4100 2 2 1 1 1667 1668 5389
4101 2 2 1 1 1806 1807 1808
4102 2 2 1 1 896 897 3390
4103 2 2 1 1 2247 2478 3450
4104 2 2 1 1 2839 4932 5104
4105 2 2 1 1 2226 2225 2227
4106 2 2 1 1 1786 1787 1788
4107 2 2 1 1 4332 4331 4910
4108 2 2 1 1 2710 2717 2743
4109 2 2 1 1 2977 2976 3504
4110 2 2 1 1 1014 3325 4578
4111 2 2 1 1 2272 2271 2273
4112 2 2 1 1 2260 2259 2261
4113 2 2 1 1 2274 2273 2275
4114 2 2 1 1 3479 1105 5214
4115 2 2 1 1 2262 2261 2263
4116 2 2 1 1 2246 2245 2247
4117 2 2 1 1 1744 1745 1746
4118 2 2 1 1 4338 2702 4341
4119 2 2 1 1 2248 2247 2249
4120 2 2 1 1 3567 2648 3568
4121 2 2 1 1 2228 2227 2229
4122 2 2 1 1 4283 3709 4698
4123 2 2 1 1 1080 3177 5117
4124 2 2 1 1 3536 2491 5111
4125 2 2 1 1 2230 2229 2231
4126 2 2 1 1 2350 2348 2351
4127 2 2 1 1 4075 2644 4076
4128 2 2 1 1 2735 2734 2795
4129 2 2 1 1 2995 4890 5206
4130 2 2 1 1 2779 2780 3344
4131 2 2 1 1 1593 2699 5322
4132 2 2 1 1 3379 3378 3380
4133 2 2 1 1 3411 3853 5307
4134 2 2 1 1 2190 2189 2191
4135 2 2 1 1 3151 3154 4804
4136 2 2 1 1 2395 2394 3276
4137 2 2 1 1 438 439 1372
4138 2 2 1 1 462 463 1366
4139 2 2 1 1 2561 1654 2798
4140 2 2 1 1 2514 2459 3186
4141 2 2 1 1 2577 2859 2860
4142 2 2 1 1 3690 2917 4983
4143 2 2 1 1 2562 2546 2683
4144 2 2 1 1 2530 2834 2835
4145 2 2 1 1 2923 5107 5326
4146 2 2 1 1 2878 2879 3461
4147 2 2 1 1 4753 3342 4864
4148 2 2 1 1 1701 2036 3175
4149 2 2 1 1 3447 3208 3758
4150 2 2 1 1 3255 3119 4823
4151 2 2 1 1 3751 1449 4408
4152 2 2 1 1 3249 3248 4826
4153 2 2 1 1 3189 3393 5134
4154 2 2 1 1 3172 927 5041
4155 2 2 1 1 1090 1089 4585
4156 2 2 1 1 2772 2797 3271
4157 2 2 1 1 895 896 1367
4158 2 2 1 1 1671 1670 1672
4159 2 2 1 1 2705 4090 4750
4160 2 2 1 1 444 1548 3432
4161 2 2 1 1 1523 3416 3723
4162 2 2 1 1 3029 3030 3763
4163 2 2 1 1 3782 1456 4436
4164 2 2 1 1 2115 2116 2117
4165 2 2 1 1 1752 1753 1754
4166 2 2 1 1 1746 1747 1748
4167 2 2 1 1 3225 3226 4302
4168 2 2 1 1 3095 3319 4734
4169 2 2 1 1 1748 1749 1750
4170 2 2 1 1 1750 1751 1752
4171 2 2 1 1 1762 1763 1764
4172 2 2 1 1 1852 1975 4410
4173 2 2 1 1 1764 1765 1766
4174 2 2 1 1 2653 3566 3568
4175 2 2 1 1 2102 2552 2791
4176 2 2 1 1 1481 4301 4608
4177 2 2 1 1 1754 1755 1756
4178 2 2 1 1 2322 2320 2323
4179 2 2 1 1 1768 1769 1770
4180 2 2 1 1 1760 1761 1762
4181 2 2 1 1 2841 4957 5212
4182 2 2 1 1 1766 1767 1768
4183 2 2 1 1 4080 1331 4690
4184 2 2 1 1 3428 2932 4173
4185 2 2 1 1 5016 2844 5071
4186 2 2 1 1 1895 1897 1898
4187 2 2 1 1 3083 3084 3085
4188 2 2 1 1 3448 2823 5008
4189 2 2 1 1 1732 3056 5394
4190 2 2 1 1 2579 2900 2901
4191 2 2 1 1 4954 3032 5251
4192 2 2 1 1 2192 2191 2193
4193 2 2 1 1 3498 2908 5382
4194 2 2 1 1 3122 3123 3588
4195 2 2 1 1 2194 2193 2195
4196 2 2 1 1 3382 2915 4924
4197 2 2 1 1 1957 1958 3297
4198 2 2 1 1 1667 1665 1668
4199 2 2 1 1 3819 1463 4466
4200 2 2 1 1 1756 1757 1758
4201 2 2 1 1 1146 1145 5081
4202 2 2 1 1 2204 2203 2205
4203 2 2 1 1 2196 2195 2197
4204 2 2 1 1 2010 3055 3056
4205 2 2 1 1 2206 2205 2207
4206 2 2 1 1 2688 4392 4668
4207 2 2 1 1 1758 1759 1760
4208 2 2 1 1 2424 2425 2426
4209 2 2 1 1 1025 1024 4948
4210 2 2 1 1 2833 3362 4050
4211 2 2 1 1 4762 2836 5164
4212 2 2 1 1 3368 3203 3447
4213 2 2 1 1 2208 2207 2209
4214 2 2 1 1 3110 3113 3114
4215 2 2 1 1 3123 3126 3127
4216 2 2 1 1 2789 3846 4495
4217 2 2 1 1 2210 2209 2211
4218 2 2 1 1 2202 2201 2203
4219 2 2 1 1 2556 2865 2866
4220 2 2 1 1 1385 3631 4833
4221 2 2 1 1 1997 3010 3011
4222 2 2 1 1 2482 3395 4974
4223 2 2 1 1 2676 4066 4687
4224 2 2 1 1 2198 2197 2199
4225 2 2 1 1 4683 4682 4853
4226 2 2 1 1 2750 2519 2751
4227 2 2 1 1 3281 2958 3501
4228 2 2 1 1 2992 2991 2993
4229 2 2 1 1 1171 4295 4655
4230 2 2 1 1 1836 1981 4393
4231 2 2 1 1 2672 3317 4306
4232 2 2 1 1 2593 3974 4459
4233 2 2 1 1 2200 2199 2201
4234 2 2 1 1 2012 3138 4999
4235 2 2 1 1 2531 2805 2806
4236 2 2 1 1 1707 2057 3088
4237 2 2 1 1 3329 2795 3330
4238 2 2 1 1 2435 3770 4052
4239 2 2 1 1 3461 2879 4688
4240 2 2 1 1 1728 1729 1730
4241 2 2 1 1 1090 4585 4899
4242 2 2 1 1 2176 2175 2177
4243 2 2 1 1 3030 2507 3032
4244 2 2 1 1 4315 4309 4756
4245 2 2 1 1 440 441 1371
4246 2 2 1 1 460 461 1523
4247 2 2 1 1 4684 1001 5372
4248 2 2 1 1 929 3646 4755
4249 2 2 1 1 2541 2154 3077
4250 2 2 1 1 4002 1537 4765
4251 2 2 1 1 4048 1492 4322
4252 2 2 1 1 1423 3733 3888
4253 2 2 1 1 2035 3039 3041
4254 2 2 1 1 2096 3111 3264
4255 2 2 1 1 3469 2980 5088
4256 2 2 1 1 3518 4026 4190
4257 2 2 1 1 3383 3384 5133
4258 2 2 1 1 3462 3312 3495
4259 2 2 1 1 1586 1585 1587
4260 2 2 1 1 4727 2856 4776
4261 2 2 1 1 4055 3486 4275
4262 2 2 1 1 2058 2969 2971
4263 2 2 1 1 1664 1663 1665
4264 2 2 1 1 2598 4293 4294
4265 2 2 1 1 2111 2112 2113
4266 2 2 1 1 2207 2463 3456
4267 2 2 1 1 2114 2745 4124
4268 2 2 1 1 3198 978 4720
4269 2 2 1 1 2908 3914 5382
4270 2 2 1 1 3315 1075 4986
4271 2 2 1 1 2975 2526 2978
4272 2 2 1 1 1734 1735 1736
4273 2 2 1 1 1736 1737 1738
4274 2 2 1 1 3026 3025 3027
4275 2 2 1 1 1101 3313 4802
4276 2 2 1 1 3075 3076 3372
4277 2 2 1 1 3038 3040 3835
4278 2 2 1 1 3756 2674 3912
4279 2 2 1 1 1199 4563 4568
4280 2 2 1 1 2983 2464 2986
4281 2 2 1 1 1738 1739 1740
4282 2 2 1 1 3173 3323 5165
4283 2 2 1 1 1732 1733 1734
4284 2 2 1 1 4577 4639 5282
4285 2 2 1 1 1740 1741 1742
4286 2 2 1 1 2053 3073 4953
4287 2 2 1 1 3262 2741 3984
4288 2 2 1 1 2042 2724 2725
4289 2 2 1 1 2028 2911 2912
4290 2 2 1 1 1730 1731 1732
4291 2 2 1 1 2178 2177 2179
4292 2 2 1 1 2420 2421 2422
4293 2 2 1 1 3308 919 5013
4294 2 2 1 1 2394 3124 3276
4295 2 2 1 1 4064 2691 5091
4296 2 2 1 1 2107 2108 2109
4297 2 2 1 1 2994 2993 2995
4298 2 2 1 1 2180 2179 2181
4299 2 2 1 1 3465 1109 3786
4300 2 2 1 1 1660 1659 1661
4301 2 2 1 1 2182 2181 2183
4302 2 2 1 1 1989 2956 2963
4303 2 2 1 1 3471 2838 4081
4304 2 2 1 1 2649 3884 4011
4305 2 2 1 1 2498 2884 2885
4306 2 2 1 1 2790 2668 4681
4307 2 2 1 1 2186 2185 2187
4308 2 2 1 1 2184 2183 2185
4309 2 2 1 1 3157 3972 4656
4310 2 2 1 1 1718 1720 5293
4311 2 2 1 1 3340 3380 4893
4312 2 2 1 1 2406 2405 3414
4313 2 2 1 1 3140 3143 4856
4314 2 2 1 1 4682 2886 4853
4315 2 2 1 1 1021 1022 3758
4316 2 2 1 1 2412 2417 2418
4317 2 2 1 1 2824 3906 4943
4318 2 2 1 1 3458 2892 5188
4319 2 2 1 1 2768 2510 2769
4320 2 2 1 1 1979 2926 2933
4321 2 2 1 1 2090 3699 4284
4322 2 2 1 1 2572 1957 3297
4323 2 2 1 1 1718 1719 1720
4324 2 2 1 1 458 459 1549
4325 2 2 1 1 442 443 1522
4326 2 2 1 1 2410 2411 2412
4327 2 2 1 1 1562 1564 3995
4328 2 2 1 1 3596 3597 3726
4329 2 2 1 1 2965 2966 5092
4330 2 2 1 1 1506 4243 4695
4331 2 2 1 1 1061 1062 3503
4332 2 2 1 1 2166 2165 2167
4333 2 2 1 1 1090 3317 4570
4334 2 2 1 1 1121 3174 5055
4335 2 2 1 1 3128 3125 5130
4336 2 2 1 1 3519 4023 4068
4337 2 2 1 1 1053 3434 3667
4338 2 2 1 1 3192 1894 3193
4339 2 2 1 1 3083 3079 3084
4340 2 2 1 1 4578 3325 4995
4341 2 2 1 1 3638 2489 4164
4342 2 2 1 1 2772 2558 2797
4343 2 2 1 1 3819 4466 4693
4344 2 2 1 1 1658 1657 1659
4345 2 2 1 1 3849 3850 5231
4346 2 2 1 1 2902 2583 5240
4347 2 2 1 1 2105 2106 2107
4348 2 2 1 1 1369 1558 2799
4349 2 2 1 1 1724 1725 1726
4350 2 2 1 1 3584 2025 3587
4351 2 2 1 1 2816 4044 4824
4352 2 2 1 1 2594 3694 4028
4353 2 2 1 1 3294 2949 4796
4354 2 2 1 1 3236 3235 3265
4355 2 2 1 1 4726 3090 4922
4356 2 2 1 1 1148 1149 4922
4357 2 2 1 1 2779 2533 2780
4358 2 2 1 1 1306 4196 5137
4359 2 2 1 1 1838 1840 5238
4360 2 2 1 1 3346 2769 3373
4361 2 2 1 1 1722 1723 1724
4362 2 2 1 1 3398 3399 3474
4363 2 2 1 1 461 462 3416
4364 2 2 1 1 3273 3274 3401
4365 2 2 1 1 3266 1118 5139
4366 2 2 1 1 1486 4273 4619
4367 2 2 1 1 456 457 1553
4368 2 2 1 1 444 445 1548
4369 2 2 1 1 2168 2167 2169
4370 2 2 1 1 4714 4715 4937
4371 2 2 1 1 1720 1721 1722
4372 2 2 1 1 3014 3481 5273
4373 2 2 1 1 2170 2169 2171
4374 2 2 1 1 2172 2171 2173
4375 2 2 1 1 4947 950 5097
4376 2 2 1 1 1654 1653 1655
4377 2 2 1 1 3123 3403 3588
4378 2 2 1 1 3245 3243 4442
4379 2 2 1 1 2538 3343 4479
4380 2 2 1 1 1089 3984 4585
4381 2 2 1 1 2408 2409 2410
4382 2 2 1 1 2101 2102 2103
4383 2 2 1 1 1271 4088 4812
4384 2 2 1 1 989 990 4783
4385 2 2 1 1 4360 1666 4946
4386 2 2 1 1 894 895 3413
4387 2 2 1 1 3344 2780 3361
4388 2 2 1 1 2654 4115 4266
4389 2 2 1 1 2936 3451 3452
4390 2 2 1 1 2953 2603 5266
4391 2 2 1 1 1573 1583 1584
4392 2 2 1 1 4007 4005 4201
4393 2 2 1 1 3973 3617 4459
4394 2 2 1 1 1708 1709 1710
4395 2 2 1 1 3355 3398 3474
4396 2 2 1 1 2757 2756 4657
4397 2 2 1 1 3705 3704 3879
4398 2 2 1 1 3810 3811 4592
4399 2 2 1 1 2404 2405 2406
4400 2 2 1 1 3087 2559 3723
4401 2 2 1 1 3148 4942 5087
4402 2 2 1 1 3049 4896 5126
4403 2 2 1 1 3075 2607 3076
4404 2 2 1 1 3246 3349 4799
4405 2 2 1 1 435 436 4902
4406 2 2 1 1 1025 1026 3482
4407 2 2 1 1 3146 3149 4886
4408 2 2 1 1 1367 896 3390
4409 2 2 1 1 4061 1130 4913
4410 2 2 1 1 2801 3354 4753
4411 2 2 1 1 1033 1034 4689
4412 2 2 1 1 446 447 1550
4413 2 2 1 1 2853 4794 4841
4414 2 2 1 1 921 920 4562
4415 2 2 1 1 3702 3705 3706
4416 2 2 1 1 3876 4867 4933
4417 2 2 1 1 4270 4271 4422
4418 2 2 1 1 3095 2503 4900
4419 2 2 1 1 3481 3239 5273
4420 2 2 1 1 1499 3641 4155
4421 2 2 1 1 2002 3741 3913
4422 2 2 1 1 3501 2960 4039
4423 2 2 1 1 2156 2155 2157
4424 2 2 1 1 4493 3928 5323
4425 2 2 1 1 3458 2784 5090
4426 2 2 1 1 3204 3392 3482
4427 2 2 1 1 2129 2127 3336
4428 2 2 1 1 3542 1947 3544
4429 2 2 1 1 2099 2100 2101
4430 2 2 1 1 4181 1355 4830
4431 2 2 1 1 3165 3167 4862
4432 2 2 1 1 1652 1651 1653
4433 2 2 1 1 2664 2673 4675
4434 2 2 1 1 4135 3830 5265
4435 2 2 1 1 3636 3634 4560
4436 2 2 1 1 1970 1969 2545
4437 2 2 1 1 3778 3779 3781
4438 2 2 1 1 4319 1994 4730
4439 2 2 1 1 1366 3355 5328
4440 2 2 1 1 1710 1711 1712
4441 2 2 1 1 4077 4406 5079
4442 2 2 1 1 958 957 4903
4443 2 2 1 1 1561 1559 1591
4444 2 2 1 1 4797 3661 4873
4445 2 2 1 1 1714 1715 1716
4446 2 2 1 1 459 460 3426
4447 2 2 1 1 1648 1647 1649
4448 2 2 1 1 2720 1368 2774
4449 2 2 1 1 3229 3235 3236
4450 2 2 1 1 1712 1713 1714
4451 2 2 1 1 2162 2161 2163
4452 2 2 1 1 2518 3289 4993
4453 2 2 1 1 1363 3410 3411
4454 2 2 1 1 2160 2159 2161
4455 2 2 1 1 3702 4080 4690
4456 2 2 1 1 2721 4094 4095
4457 2 2 1 1 3770 3768 4052
4458 2 2 1 1 462 1366 3416
4459 2 2 1 1 3273 3062 3274
4460 2 2 1 1 937 3372 4056
4461 2 2 1 1 5240 2866 5260
4462 2 2 1 1 2402 2403 2404
4463 2 2 1 1 1646 1645 1647
4464 2 2 1 1 2158 2157 2159
4465 2 2 1 1 1966 1964 1967
4466 2 2 1 1 3309 2760 5331
4467 2 2 1 1 3401 3274 3402
4468 2 2 1 1 1568 1567 1569
4469 2 2 1 1 2415 4219 5115
4470 2 2 1 1 3638 4164 4666
4471 2 2 1 1 5171 1530 5311
4472 2 2 1 1 1963 1962 1964
4473 2 2 1 1 1974 4210 5227
4474 2 2 1 1 2890 4971 5119
4475 2 2 1 1 2439 2437 3341
4476 2 2 1 1 2555 2734 2735
4477 2 2 1 1 3218 3212 3453
4478 2 2 1 1 1365 466 4342
4479 2 2 1 1 3359 1047 4399
4480 2 2 1 1 4392 1948 4668
4481 2 2 1 1 2095 2096 2097
4482 2 2 1 1 2093 2094 2095
4483 2 2 1 1 3259 1111 4929
4484 2 2 1 1 1702 1703 1704
4485 2 2 1 1 3147 3173 4894
4486 2 2 1 1 2747 2746 3736
4487 2 2 1 1 4601 3166 5007
4488 2 2 1 1 2666 2619 4355
4489 2 2 1 1 1137 1136 4871
4490 2 2 1 1 2694 2041 5293
4491 2 2 1 1 3510 2889 4265
4492 2 2 1 1 2391 2392 2393
4493 2 2 1 1 2393 2394 2395
4494 2 2 1 1 1552 4231 5298
4495 2 2 1 1 4197 1793 4936
4496 2 2 1 1 4312 1482 4612
4497 2 2 1 1 2710 2544 2717
4498 2 2 1 1 2150 2149 2151
4499 2 2 1 1 2653 1833 3715
4500 2 2 1 1 3705 2365 3706
4501 2 2 1 1 2595 3074 5262
4502 2 2 1 1 5188 2892 5308
4503 2 2 1 1 2724 2693 4786
4504 2 2 1 1 2720 2774 2775
4505 2 2 1 1 3380 2136 4893
4506 2 2 1 1 3928 1254 4179
4507 2 2 1 1 970 969 5110
4508 2 2 1 1 3291 3021 3890
4509 2 2 1 1 2960 2959 2961
4510 2 2 1 1 3752 2704 5048
4511 2 2 1 1 1990 4036 4343
4512 2 2 1 1 1054 1053 3667
4513 2 2 1 1 2985 2991 2992
4514 2 2 1 1 3271 932 5291
4515 2 2 1 1 4054 1172 4055
4516 2 2 1 1 2636 2737 3517
4517 2 2 1 1 3785 2758 5244
4518 2 2 1 1 1523 461 3416
4519 2 2 1 1 1644 1643 1645
4520 2 2 1 1 3231 4883 5275
4521 2 2 1 1 3653 3649 4702
4522 2 2 1 1 2628 2690 3816
4523 2 2 1 1 991 990 4189
4524 2 2 1 1 1556 454 3386
4525 2 2 1 1 3358 1094 4681
4526 2 2 1 1 1961 1960 1962
4527 2 2 1 1 3985 1397 5123
4528 2 2 1 1 2911 2910 4062
4529 2 2 1 1 2091 2092 2093
4530 2 2 1 1 3203 2008 3207
4531 2 2 1 1 1067 4882 4914
4532 2 2 1 1 2735 2795 3329
4533 2 2 1 1 2944 2943 2945
4534 2 2 1 1 1065 1064 3463
4535 2 2 1 1 1108 1107 3409
4536 2 2 1 1 1120 1121 3470
4537 2 2 1 1 1066 1065 3060
4538 2 2 1 1 1076 1077 3764
4539 2 2 1 1 1081 1080 3178
4540 2 2 1 1 1111 1110 3260
4541 2 2 1 1 1116 1117 3459
4542 2 2 1 1 1080 1079 3464
4543 2 2 1 1 1110 1109 3465
4544 2 2 1 1 1041 1042 3371
4545 2 2 1 1 1050 1049 3136
4546 2 2 1 1 1052 1051 3014
4547 2 2 1 1 1055 1056 3505
4548 2 2 1 1 988 987 4869
4549 2 2 1 1 960 961 3467
4550 2 2 1 1 941 942 3458
4551 2 2 1 1 939 938 3306
4552 2 2 1 1 961 962 3421
4553 2 2 1 1 961 960 3468
4554 2 2 1 1 935 936 3478
4555 2 2 1 1 968 969 2868
4556 2 2 1 1 931 930 3466
4557 2 2 1 1 932 931 3272
4558 2 2 1 1 923 922 3324
4559 2 2 1 1 927 926 3298
4560 2 2 1 1 947 946 3319
4561 2 2 1 1 996 997 3050
4562 2 2 1 1 3884 1246 4009
4563 2 2 1 1 1083 1084 4250
4564 2 2 1 1 2144 2146 3852
4565 2 2 1 1 1743 1744 4840
4566 2 2 1 1 2914 4689 4766
4567 2 2 1 1 1704 1705 1706
4568 2 2 1 1 1564 1565 1566
4569 2 2 1 1 1132 1133 3469
4570 2 2 1 1 2652 3788 3791
4571 2 2 1 1 2152 2151 2153
4572 2 2 1 1 1140 4262 5147
4573 2 2 1 1 1036 1037 4583
4574 2 2 1 1 1638 1637 1639
4575 2 2 1 1 2389 2390 2391
4576 2 2 1 1 1640 1639 1641
4577 2 2 1 1 3410 1372 3853
4578 2 2 1 1 2753 3303 3739
4579 2 2 1 1 3047 2055 5321
4580 2 2 1 1 1957 1956 1958
4581 2 2 1 1 2722 2744 3757
4582 2 2 1 1 3418 3631 5198
4583 2 2 1 1 1027 1028 3690
4584 2 2 1 1 1955 1954 1956
4585 2 2 1 1 4175 3600 4782
4586 2 2 1 1 3027 4882 4887
4587 2 2 1 1 1953 1952 1954
4588 2 2 1 1 2930 2929 2931
4589 2 2 1 1 924 923 3476
4590 2 2 1 1 2087 2088 2089
4591 2 2 1 1 2085 2086 2087
4592 2 2 1 1 3208 3210 3758
4593 2 2 1 1 4871 1136 5258
4594 2 2 1 1 3060 1065 3463
4595 2 2 1 1 3178 1080 3464
4596 2 2 1 1 3260 1110 3465
4597 2 2 1 1 961 3421 3467
4598 2 2 1 1 3272 931 3466
4599 2 2 1 1 895 1367 3413
4600 2 2 1 1 2752 2753 3739
4601 2 2 1 1 2829 2827 3863
4602 2 2 1 1 3036 2539 3290
4603 2 2 1 1 2574 2807 5072
4604 2 2 1 1 3275 2022 4978
4605 2 2 1 1 2962 2961 3351
4606 2 2 1 1 4293 4292 4294
4607 2 2 1 1 1001 4825 5372
4608 2 2 1 1 3005 2457 3523
4609 2 2 1 1 2987 2986 2988
4610 2 2 1 1 3209 1806 5054
4611 2 2 1 1 1696 1697 1698
4612 2 2 1 1 3168 3428 5200
4613 2 2 1 1 3451 1000 4684
4614 2 2 1 1 3133 2595 5262
4615 2 2 1 1 2932 2931 3328
4616 2 2 1 1 2383 2384 2385
4617 2 2 1 1 2385 2386 2387
4618 2 2 1 1 2736 3307 5057
4619 2 2 1 1 3096 4734 5289
4620 2 2 1 1 1122 3331 4925
4621 2 2 1 1 4185 3746 4229
4622 2 2 1 1 2908 2909 3914
4623 2 2 1 1 1151 1150 5008
4624 2 2 1 1 1832 1834 5155
4625 2 2 1 1 2142 2141 2143
4626 2 2 1 1 1546 4317 4884
4627 2 2 1 1 4890 1028 4907
4628 2 2 1 1 4245 4247 4543
4629 2 2 1 1 1050 3136 3481
4630 2 2 1 1 3014 1051 3481
4631 2 2 1 1 3148 3147 3866
4632 2 2 1 1 3594 3592 5137
4633 2 2 1 1 3769 3770 3796
4634 2 2 1 1 2691 4064 4067
4635 2 2 1 1 1051 1050 3481
4636 2 2 1 1 2067 2068 2069
4637 2 2 1 1 3545 1965 3546
4638 2 2 1 1 3222 3220 3826
4639 2 2 1 1 2827 3305 3863
4640 2 2 1 1 3019 3025 3026
4641 2 2 1 1 1636 1635 1637
4642 2 2 1 1 2764 2772 5012
4643 2 2 1 1 2698 2697 3867
4644 2 2 1 1 2839 3471 4932
4645 2 2 1 1 1755 2550 4176
4646 2 2 1 1 995 4911 4977
4647 2 2 1 1 453 454 1556
4648 2 2 1 1 3384 3339 5133
4649 2 2 1 1 2455 2454 2456
4650 2 2 1 1 4122 1542 4839
4651 2 2 1 1 1951 1950 1952
4652 2 2 1 1 3220 3357 3826
4653 2 2 1 1 1112 1113 3736
4654 2 2 1 1 1723 1721 4096
4655 2 2 1 1 4231 449 5298
4656 2 2 1 1 2473 3361 5154
4657 2 2 1 1 923 3324 3476
4658 2 2 1 1 1594 1592 1595
4659 2 2 1 1 949 948 4926
4660 2 2 1 1 2974 2975 4137
4661 2 2 1 1 5266 2901 5305
4662 2 2 1 1 2994 2995 3002
4663 2 2 1 1 4744 2862 4909
4664 2 2 1 1 2083 2084 2085
4665 2 2 1 1 1310 4385 4386
4666 2 2 1 1 1945 1946 3449
4667 2 2 1 1 2160 2669 3529
4668 2 2 1 1 1858 1860 5162
4669 2 2 1 1 2992 2993 2994
4670 2 2 1 1 3324 4885 5350
4671 2 2 1 1 2561 2798 5062
4672 2 2 1 1 1698 1699 1700
4673 2 2 1 1 4598 4680 4937
4674 2 2 1 1 2381 2382 2383
4675 2 2 1 1 1015 1014 4930
4676 2 2 1 1 1626 1625 1627
4677 2 2 1 1 2146 2145 2147
4678 2 2 1 1 3669 1399 4040
4679 2 2 1 1 2144 2143 2145
4680 2 2 1 1 3755 3756 3911
4681 2 2 1 1 1628 1627 1629
4682 2 2 1 1 1074 5093 5098
4683 2 2 1 1 1848 1850 5156
4684 2 2 1 1 3902 4304 4305
4685 2 2 1 1 1945 1944 1946
4686 2 2 1 1 3039 3038 4191
4687 2 2 1 1 3496 1083 4250
4688 2 2 1 1 3118 3117 5059
4689 2 2 1 1 1630 1629 1631
4690 2 2 1 1 1943 1942 1944
4691 2 2 1 1 3756 2540 4177
4692 2 2 1 1 1514 4282 4769
4693 2 2 1 1 3055 3422 4178
4694 2 2 1 1 4709 2524 5310
4695 2 2 1 1 2075 2076 2077
4696 2 2 1 1 1632 1631 1633
4697 2 2 1 1 2077 2078 2079
4698 2 2 1 1 967 966 3784
4699 2 2 1 1 1941 1940 1942
4700 2 2 1 1 2079 2080 2081
4701 2 2 1 1 3180 1142 5267
4702 2 2 1 1 2684 2683 4845
4703 2 2 1 1 2457 2456 2458
4704 2 2 1 1 1019 4553 4611
4705 2 2 1 1 982 983 5105
4706 2 2 1 1 1443 4064 5091
4707 2 2 1 1 2073 2074 2075
4708 2 2 1 1 1075 3315 5093
4709 2 2 1 1 1105 1106 5214
4710 2 2 1 1 3978 1477 4112
4711 2 2 1 1 1507 3976 4194
4712 2 2 1 1 2745 2602 4019
4713 2 2 1 1 3157 2521 3159
4714 2 2 1 1 3635 3634 3636
4715 2 2 1 1 897 1547 3390
4716 2 2 1 1 1690 1691 1692
4717 2 2 1 1 2767 4213 5072
4718 2 2 1 1 1369 468 1557
4719 2 2 1 1 437 438 3410
4720 2 2 1 1 2138 2137 2139
4721 2 2 1 1 2371 2372 2373
4722 2 2 1 1 4270 3608 4271
4723 2 2 1 1 2686 2750 4572
4724 2 2 1 1 2026 4037 4939
4725 2 2 1 1 460 1523 3426
4726 2 2 1 1 1125 1126 3489
4727 2 2 1 1 2377 2378 2379
4728 2 2 1 1 2373 2374 2375
4729 2 2 1 1 2375 2376 2377
4730 2 2 1 1 4729 3805 4730
4731 2 2 1 1 4759 2764 5012
4732 2 2 1 1 3175 2036 4972
4733 2 2 1 1 3021 3023 3890
4734 2 2 1 1 3131 3130 4818
4735 2 2 1 1 1039 1038 3490
4736 2 2 1 1 3396 1074 4333
4737 2 2 1 1 3223 3281 5061
4738 2 2 1 1 4271 1297 4422
4739 2 2 1 1 4472 1475 4484
4740 2 2 1 1 1624 1623 1625
4741 2 2 1 1 1297 4272 4527
4742 2 2 1 1 4189 990 4853
4743 2 2 1 1 1046 3335 4399
4744 2 2 1 1 2680 3255 4816
4745 2 2 1 1 2449 2448 2450
4746 2 2 1 1 4577 4648 4754
4747 2 2 1 1 1091 1092 4306
4748 2 2 1 1 1939 1938 1940
4749 2 2 1 1 2766 3408 5135
4750 2 2 1 1 1549 459 3426
4751 2 2 1 1 2763 2762 4584
4752 2 2 1 1 2791 2552 5049
4753 2 2 1 1 2838 2840 4081
4754 2 2 1 1 3171 3797 4960
4755 2 2 1 1 1866 1864 1867
4756 2 2 1 1 1614 1613 1615
4757 2 2 1 1 2071 2072 2073
4758 2 2 1 1 3166 3284 5007
4759 2 2 1 1 2146 2147 3851
4760 2 2 1 1 930 929 3645
4761 2 2 1 1 3679 2646 3850
4762 2 2 1 1 3478 2765 4759
4763 2 2 1 1 2369 2370 2371
4764 2 2 1 1 4091 2667 4185
4765 2 2 1 1 1616 1615 1617
4766 2 2 1 1 3541 3542 3544
4767 2 2 1 1 3536 1181 3669
4768 2 2 1 1 1692 1693 1694
4769 2 2 1 1 3489 3345 4862
4770 2 2 1 1 3401 3402 3503
4771 2 2 1 1 1404 3718 4602
4772 2 2 1 1 2868 5023 5134
4773 2 2 1 1 1935 1934 1936
4774 2 2 1 1 2277 2279 2280
4775 2 2 1 1 1612 1611 1613
4776 2 2 1 1 1618 1617 1619
4777 2 2 1 1 3339 3337 5133
4778 2 2 1 1 2272 2691 4067
4779 2 2 1 1 1933 1932 1934
4780 2 2 1 1 3873 1391 4706
4781 2 2 1 1 1113 1112 5202
4782 2 2 1 1 1620 1619 1621
4783 2 2 1 1 1931 1930 1932
4784 2 2 1 1 1929 1928 1930
4785 2 2 1 1 2926 2925 4958
4786 2 2 1 1 3110 2513 3113
4787 2 2 1 1 1927 1926 1928
4788 2 2 1 1 3898 1435 4153
4789 2 2 1 1 2451 2450 2452
4790 2 2 1 1 3404 3096 5289
4791 2 2 1 1 2352 2353 2354
4792 2 2 1 1 3652 1977 4891
4793 2 2 1 1 3123 2502 3126
4794 2 2 1 1 2932 3328 3762
4795 2 2 1 1 2354 2355 2356
4796 2 2 1 1 3876 1190 4149
4797 2 2 1 1 3109 3110 4100
4798 2 2 1 1 2671 2773 4855
4799 2 2 1 1 1776 1778 5316
4800 2 2 1 1 3626 1273 4072
4801 2 2 1 1 2597 1757 4176
4802 2 2 1 1 3148 3866 4942
4803 2 2 1 1 2356 2357 2358
4804 2 2 1 1 1684 1685 1686
4805 2 2 1 1 3527 1193 3665
4806 2 2 1 1 2134 2133 2135
4807 2 2 1 1 3649 1390 3658
4808 2 2 1 1 3735 2763 4584
4809 2 2 1 1 2358 2359 2360
4810 2 2 1 1 2364 2366 2367
4811 2 2 1 1 3434 3249 3667
4812 2 2 1 1 3088 2057 4994
4813 2 2 1 1 2840 2841 4741
4814 2 2 1 1 2882 2484 2887
4815 2 2 1 1 2362 2363 2364
4816 2 2 1 1 3200 3314 4366
4817 2 2 1 1 2693 2694 3994
4818 2 2 1 1 4872 2691 5252
4819 2 2 1 1 2360 2361 2362
4820 2 2 1 1 1564 1582 3995
4821 2 2 1 1 1935 1936 3457
4822 2 2 1 1 944 3404 5289
4823 2 2 1 1 2550 4125 4176
4824 2 2 1 1 1104 1103 4828
4825 2 2 1 1 5205 4979 5300
4826 2 2 1 1 3326 3014 5273
4827 2 2 1 1 1610 1609 1611
4828 2 2 1 1 1457 3925 4168
4829 2 2 1 1 1284 3815 5327
4830 2 2 1 1 4577 4347 4639
4831 2 2 1 1 2445 2444 2446
4832 2 2 1 1 4721 4621 4956
4833 2 2 1 1 439 440 3415
4834 2 2 1 1 1596 1595 1597
4835 2 2 1 1 1925 1924 1926
4836 2 2 1 1 2832 2490 3279
4837 2 2 1 1 1600 1599 1601
4838 2 2 1 1 1598 1597 1599
4839 2 2 1 1 1602 1601 1603
4840 2 2 1 1 1109 1108 3786
4841 2 2 1 1 3544 1965 3545
4842 2 2 1 1 4551 3222 4552
4843 2 2 1 1 2580 2144 3852
4844 2 2 1 1 4003 1539 4004
4845 2 2 1 1 1604 1603 1605
4846 2 2 1 1 2541 3077 4990
4847 2 2 1 1 2350 2351 2352
4848 2 2 1 1 2915 2914 4766
4849 2 2 1 1 1772 1770 1773
4850 2 2 1 1 3620 1384 3626
4851 2 2 1 1 1606 1605 1607
4852 2 2 1 1 3110 3460 4100
4853 2 2 1 1 1686 1687 1688
4854 2 2 1 1 1920 1919 1921
4855 2 2 1 1 1900 1899 1901
4856 2 2 1 1 3878 3876 4933
4857 2 2 1 1 3342 2714 4864
4858 2 2 1 1 2211 2213 2214
4859 2 2 1 1 2592 3671 5247
4860 2 2 1 1 1918 1917 1919
4861 2 2 1 1 2815 2511 3300
4862 2 2 1 1 1741 1739 4006
4863 2 2 1 1 1916 1915 1917
4864 2 2 1 1 3573 3572 3908
4865 2 2 1 1 2336 2337 2338
4866 2 2 1 1 959 960 3809
4867 2 2 1 1 4811 4506 4852
4868 2 2 1 1 1914 1913 1915
4869 2 2 1 1 2989 3490 5355
4870 2 2 1 1 2338 2339 2340
4871 2 2 1 1 1912 1911 1913
4872 2 2 1 1 4131 4130 4791
4873 2 2 1 1 2465 4246 4627
4874 2 2 1 1 1902 1901 1903
4875 2 2 1 1 3105 5085 5389
4876 2 2 1 1 1910 1909 1911
4877 2 2 1 1 3360 2743 4219
4878 2 2 1 1 3684 3685 5265
4879 2 2 1 1 1908 1907 1909
4880 2 2 1 1 2340 2341 2342
4881 2 2 1 1 2334 2335 2336
4882 2 2 1 1 1369 1557 1558
4883 2 2 1 1 2332 2333 2334
4884 2 2 1 1 929 930 3646
4885 2 2 1 1 1906 1905 1907
4886 2 2 1 1 3331 1122 5190
4887 2 2 1 1 2342 2343 2344
4888 2 2 1 1 3334 4997 4998
4889 2 2 1 1 1132 3469 3761
4890 2 2 1 1 1904 1903 1905
4891 2 2 1 1 2330 2331 2332
4892 2 2 1 1 1739 2663 4006
4893 2 2 1 1 2328 2329 2330
4894 2 2 1 1 3601 3600 3603
4895 2 2 1 1 2344 2345 2346
4896 2 2 1 1 4047 4046 4946
4897 2 2 1 1 2326 2327 2328
4898 2 2 1 1 3646 2787 4755
4899 2 2 1 1 3208 3207 3209
4900 2 2 1 1 2915 3382 5051
4901 2 2 1 1 2346 2347 2348
4902 2 2 1 1 3192 3193 4921
4903 2 2 1 1 3825 1354 4842
4904 2 2 1 1 3689 1027 3690
4905 2 2 1 1 2324 2325 2326
4906 2 2 1 1 3090 3091 4922
4907 2 2 1 1 1584 1585 1586
4908 2 2 1 1 1369 2799 4342
4909 2 2 1 1 3527 2528 3529
4910 2 2 1 1 4078 4217 4852
4911 2 2 1 1 1550 3387 4808
4912 2 2 1 1 2873 4688 5385
4913 2 2 1 1 2737 4017 4599
4914 2 2 1 1 448 449 4231
4915 2 2 1 1 1680 1681 1682
4916 2 2 1 1 3280 2934 4042
4917 2 2 1 1 1509 4125 4201
4918 2 2 1 1 2128 2127 2129
4919 2 2 1 1 2960 2962 4039
4920 2 2 1 1 2572 3297 5087
4921 2 2 1 1 1898 1897 1899
4922 2 2 1 1 1460 4430 5045
4923 2 2 1 1 1244 4226 5052
4924 2 2 1 1 2906 4950 4980
4925 2 2 1 1 441 442 3425
4926 2 2 1 1 3774 1175 5166
4927 2 2 1 1 1744 1742 1745
4928 2 2 1 1 2675 3472 4800
4929 2 2 1 1 5208 2790 5278
4930 2 2 1 1 1878 1877 1879
4931 2 2 1 1 1821 2609 4296
4932 2 2 1 1 1876 1875 1877
4933 2 2 1 1 1880 1879 1881
4934 2 2 1 1 2438 2437 2439
4935 2 2 1 1 4030 3776 4664
4936 2 2 1 1 4950 4610 5050
4937 2 2 1 1 1868 1867 1869
4938 2 2 1 1 4123 4152 5163
4939 2 2 1 1 1874 1873 1875
4940 2 2 1 1 1129 1130 4601
4941 2 2 1 1 3308 2684 4349
4942 2 2 1 1 1882 1881 1883
4943 2 2 1 1 2913 2915 5051
4944 2 2 1 1 4052 3893 4329
4945 2 2 1 1 2681 3383 5133
4946 2 2 1 1 1872 1871 1873
4947 2 2 1 1 2891 2892 4798
4948 2 2 1 1 2286 2287 2288
4949 2 2 1 1 1870 1869 1871
4950 2 2 1 1 3985 2733 4807
4951 2 2 1 1 1884 1883 1885
4952 2 2 1 1 2730 2731 4913
4953 2 2 1 1 1406 3734 5173
4954 2 2 1 1 1886 1885 1887
4955 2 2 1 1 2280 2281 2282
4956 2 2 1 1 2288 2289 2290
4957 2 2 1 1 2130 2129 2131
4958 2 2 1 1 1847 1845 4092
4959 2 2 1 1 2935 1840 5390
4960 2 2 1 1 4747 4748 5339
4961 2 2 1 1 1888 1887 1889
4962 2 2 1 1 2322 2323 2324
4963 2 2 1 1 3276 3124 5048
4964 2 2 1 1 2284 2285 2286
4965 2 2 1 1 1549 3426 5346
4966 2 2 1 1 2187 2189 2190
4967 2 2 1 1 1890 1889 1891
4968 2 2 1 1 2282 2283 2284
4969 2 2 1 1 2290 2291 2292
4970 2 2 1 1 1892 1891 1893
4971 2 2 1 1 4881 2898 5015
4972 2 2 1 1 2211 2214 3436
4973 2 2 1 1 3459 2757 4657
4974 2 2 1 1 1894 1893 1895
4975 2 2 1 1 2292 2293 2294
4976 2 2 1 1 2318 2319 2320
4977 2 2 1 1 3988 2695 4144
4978 2 2 1 1 2751 3304 5065
4979 2 2 1 1 2316 2317 2318
4980 2 2 1 1 2314 2315 2316
4981 2 2 1 1 2294 2295 2296
4982 2 2 1 1 2312 2313 2314
4983 2 2 1 1 5225 4553 5242
4984 2 2 1 1 4537 4728 4730
4985 2 2 1 1 2310 2311 2312
4986 2 2 1 1 2965 1824 5380
4987 2 2 1 1 2308 2309 2310
4988 2 2 1 1 4620 2844 5016
4989 2 2 1 1 2296 2297 2298
4990 2 2 1 1 4123 1536 4232
4991 2 2 1 1 2306 2307 2308
4992 2 2 1 1 2441 2439 2442
4993 2 2 1 1 4088 1271 4496
4994 2 2 1 1 2304 2305 2306
4995 2 2 1 1 2298 2299 2300
4996 2 2 1 1 2975 2979 4723
4997 2 2 1 1 443 444 3432
4998 2 2 1 1 2718 4641 5005
4999 2 2 1 1 1397 3772 5123
5000 2 2 1 1 2300 2301 2302
5001 2 2 1 1 2302 2303 2304
5002 2 2 1 1 3770 2435 4806
5003 2 2 1 1 2889 2891 4265
5004 2 2 1 1 2546 2545 3367
5005 2 2 1 1 2832 3279 5033
5006 2 2 1 1 2054 3563 5083
5007 2 2 1 1 1570 1569 1573
5008 2 2 1 1 3466 930 3645
5009 2 2 1 1 3992 1971 4364
5010 2 2 1 1 4004 1356 4005
5011 2 2 1 1 1676 1677 1678
5012 2 2 1 1 2124 2123 2125
5013 2 2 1 1 3363 2725 5378
5014 2 2 1 1 1099 3394 4992
5015 2 2 1 1 1243 5171 5374
5016 2 2 1 1 3688 1274 3832
5017 2 2 1 1 2670 3005 5375
5018 2 2 1 1 1728 1726 1729
5019 2 2 1 1 1026 1027 3689
5020 2 2 1 1 3474 3399 3491
5021 2 2 1 1 4046 2612 4946
5022 2 2 1 1 1061 1060 3869
5023 2 2 1 1 3197 3371 4988
5024 2 2 1 1 4688 5066 5385
5025 2 2 1 1 4344 4078 4852
5026 2 2 1 1 2913 1786 5387
5027 2 2 1 1 2173 2175 2176
5028 2 2 1 1 3468 960 3972
5029 2 2 1 1 3597 2590 4071
5030 2 2 1 1 3404 943 4799
5031 2 2 1 1 2433 2432 2434
5032 2 2 1 1 2970 4583 4587
5033 2 2 1 1 3426 4854 5346
5034 2 2 1 1 3321 2946 3900
5035 2 2 1 1 1790 1789 1791
5036 2 2 1 1 4273 2551 4820
5037 2 2 1 1 4302 3226 4606
5038 2 2 1 1 1810 1809 1811
5039 2 2 1 1 1792 1791 1793
5040 2 2 1 1 1826 1825 1827
5041 2 2 1 1 1840 1839 1841
5042 2 2 1 1 1105 3388 4572
5043 2 2 1 1 966 965 4588
5044 2 2 1 1 1788 1787 1789
5045 2 2 1 1 4796 987 4868
5046 2 2 1 1 1812 1811 1813
5047 2 2 1 1 3953 4277 5003
5048 2 2 1 1 4482 3873 4706
5049 2 2 1 1 1852 1851 1853
5050 2 2 1 1 1786 1785 1787
5051 2 2 1 1 3584 1379 3604
5052 2 2 1 1 1808 1807 1809
5053 2 2 1 1 3351 1981 5039
5054 2 2 1 1 1828 1827 1829
5055 2 2 1 1 1824 1823 1825
5056 2 2 1 1 1794 1793 1795
5057 2 2 1 1 1806 1805 1807
5058 2 2 1 1 1784 1783 1785
5059 2 2 1 1 2232 2233 2234
5060 2 2 1 1 1838 1837 1839
5061 2 2 1 1 1822 1821 1823
5062 2 2 1 1 1842 1841 1843
5063 2 2 1 1 1804 1803 1805
5064 2 2 1 1 1854 1853 1855
5065 2 2 1 1 1836 1835 1837
5066 2 2 1 1 1850 1849 1851
5067 2 2 1 1 1782 1781 1783
5068 2 2 1 1 1848 1847 1849
5069 2 2 1 1 1097 1096 4773
5070 2 2 1 1 1860 1859 1861
5071 2 2 1 1 1820 1819 1821
5072 2 2 1 1 3244 3245 4652
5073 2 2 1 1 1862 1861 1863
5074 2 2 1 1 4576 4577 5282
5075 2 2 1 1 1834 1833 1835
5076 2 2 1 1 1802 1801 1803
5077 2 2 1 1 1780 1779 1781
5078 2 2 1 1 1858 1857 1859
5079 2 2 1 1 3524 4165 4166
5080 2 2 1 1 4973 3205 5373
5081 2 2 1 1 2230 2231 2232
5082 2 2 1 1 1774 1773 1775
5083 2 2 1 1 1814 1813 1815
5084 2 2 1 1 1846 1845 1847
5085 2 2 1 1 2250 2251 2252
5086 2 2 1 1 3478 936 4056
5087 2 2 1 1 2248 2249 2250
5088 2 2 1 1 1818 1817 1819
5089 2 2 1 1 1796 1795 1797
5090 2 2 1 1 2701 3090 4726
5091 2 2 1 1 1778 1777 1779
5092 2 2 1 1 2228 2229 2230
5093 2 2 1 1 2234 2235 2236
5094 2 2 1 1 2264 2265 2266
5095 2 2 1 1 2262 2263 2264
5096 2 2 1 1 1830 1829 1831
5097 2 2 1 1 1800 1799 1801
5098 2 2 1 1 2748 4102 4966
5099 2 2 1 1 2274 2275 2276
5100 2 2 1 1 1512 4616 4700
5101 2 2 1 1 2214 2215 2216
5102 2 2 1 1 1832 1831 1833
5103 2 2 1 1 2226 2227 2228
5104 2 2 1 1 2246 2247 2248
5105 2 2 1 1 2260 2261 2262
5106 2 2 1 1 2244 2245 2246
5107 2 2 1 1 3729 3597 4071
5108 2 2 1 1 2224 2225 2226
5109 2 2 1 1 1856 1855 1857
5110 2 2 1 1 2258 2259 2260
5111 2 2 1 1 1808 1999 5054
5112 2 2 1 1 2272 2273 2274
5113 2 2 1 1 1776 1775 1777
5114 2 2 1 1 1844 1843 1845
5115 2 2 1 1 2884 3455 4189
5116 2 2 1 1 2270 2271 2272
5117 2 2 1 1 1798 1797 1799
5118 2 2 1 1 1816 1815 1817
5119 2 2 1 1 2242 2243 2244
5120 2 2 1 1 2222 2223 2224
5121 2 2 1 1 2252 2253 2254
5122 2 2 1 1 2256 2257 2258
5123 2 2 1 1 2236 2237 2238
5124 2 2 1 1 2688 4472 5384
5125 2 2 1 1 447 448 3803
5126 2 2 1 1 2220 2221 2222
5127 2 2 1 1 3646 930 3797
5128 2 2 1 1 2268 2269 2270
5129 2 2 1 1 3893 3766 5340
5130 2 2 1 1 2240 2241 2242
5131 2 2 1 1 2266 2267 2268
5132 2 2 1 1 2216 2217 2218
5133 2 2 1 1 3987 1232 5028
5134 2 2 1 1 2238 2239 2240
5135 2 2 1 1 2218 2219 2220
5136 2 2 1 1 2254 2255 2256
5137 2 2 1 1 2120 2119 2121
5138 2 2 1 1 2760 2515 5331
5139 2 2 1 1 2726 2727 4250
5140 2 2 1 1 3813 3252 3814
5141 2 2 1 1 1672 1673 1674
5142 2 2 1 1 3843 4387 5144
5143 2 2 1 1 3003 3004 4562
5144 2 2 1 1 3445 1054 4429
5145 2 2 1 1 1520 3940 4559
5146 2 2 1 1 1363 3411 4915
5147 2 2 1 1 2890 3510 4971
5148 2 2 1 1 3482 1026 3689
5149 2 2 1 1 1718 1716 1719
5150 2 2 1 1 921 922 3735
5151 2 2 1 1 2163 2165 2166
5152 2 2 1 1 1519 4526 4758
5153 2 2 1 1 1207 3550 3609
5154 2 2 1 1 2088 4892 5204
5155 2 2 1 1 3277 947 5364
5156 2 2 1 1 4136 3027 4887
5157 2 2 1 1 2732 3643 4279
5158 2 2 1 1 2150 2628 3851
5159 2 2 1 1 3321 985 5058
5160 2 2 1 1 2378 2376 5388
5161 2 2 1 1 2427 2426 2428
5162 2 2 1 1 1762 1761 1763
5163 2 2 1 1 959 3809 4697
5164 2 2 1 1 3663 3662 3664
5165 2 2 1 1 1760 1759 1761
5166 2 2 1 1 1746 1745 1747
5167 2 2 1 1 1566 1567 1568
5168 2 2 1 1 3427 3268 3785
5169 2 2 1 1 1758 1757 1759
5170 2 2 1 1 4036 2633 4343
5171 2 2 1 1 2066 2065 2067
5172 2 2 1 1 917 918 4981
5173 2 2 1 1 2202 2203 2204
5174 2 2 1 1 1756 1755 1757
5175 2 2 1 1 3411 3410 3853
5176 2 2 1 1 4193 3790 4278
5177 2 2 1 1 1764 1763 1765
5178 2 2 1 1 951 950 3752
5179 2 2 1 1 3057 3055 4178
5180 2 2 1 1 1754 1753 1755
5181 2 2 1 1 5142 1187 5261
5182 2 2 1 1 2386 4880 5199
5183 2 2 1 1 1768 1767 1769
5184 2 2 1 1 3748 3749 4996
5185 2 2 1 1 3847 1316 4495
5186 2 2 1 1 2200 2201 2202
5187 2 2 1 1 1748 1747 1749
5188 2 2 1 1 4733 1541 4964
5189 2 2 1 1 1752 1751 1753
5190 2 2 1 1 2204 2205 2206
5191 2 2 1 1 2198 2199 2200
5192 2 2 1 1 2196 2197 2198
5193 2 2 1 1 4934 2790 5208
5194 2 2 1 1 1131 1132 3761
5195 2 2 1 1 1575 1572 1578
5196 2 2 1 1 3334 4998 5105
5197 2 2 1 1 1766 1765 1767
5198 2 2 1 1 1750 1749 1751
5199 2 2 1 1 2210 2211 3436
5200 2 2 1 1 2194 2195 2196
5201 2 2 1 1 1329 4672 5375
5202 2 2 1 1 2190 2191 2192
5203 2 2 1 1 1352 4220 4221
5204 2 2 1 1 2206 2207 2208
5205 2 2 1 1 2977 3504 4428
5206 2 2 1 1 3661 1238 3993
5207 2 2 1 1 4783 2948 4843
5208 2 2 1 1 2192 2193 2194
5209 2 2 1 1 2742 1590 3854
5210 2 2 1 1 2208 2209 2210
5211 2 2 1 1 4324 4325 5209
5212 2 2 1 1 2471 4464 4704
5213 2 2 1 1 2886 2884 4189
5214 2 2 1 1 1668 1669 1670
5215 2 2 1 1 3580 1404 4602
5216 2 2 1 1 3917 1320 4020
5217 2 2 1 1 2863 5225 5242
5218 2 2 1 1 1580 1577 2027
5219 2 2 1 1 3444 2698 3867
5220 2 2 1 1 3982 1247 4085
5221 2 2 1 1 2114 2113 2115
5222 2 2 1 1 2739 2700 4398
5223 2 2 1 1 4253 1214 4449
5224 2 2 1 1 2905 2906 4980
5225 2 2 1 1 2617 1590 2742
5226 2 2 1 1 3366 2769 5357
5227 2 2 1 1 2761 2672 4306
5228 2 2 1 1 3566 3567 3568
5229 2 2 1 1 1100 1101 4802
5230 2 2 1 1 3130 2524 4709
5231 2 2 1 1 1108 3409 3786
5232 2 2 1 1 1400 3622 3671
5233 2 2 1 1 455 456 4478
5234 2 2 1 1 3091 2062 5363
5235 2 2 1 1 930 931 3797
5236 2 2 1 1 2153 2155 2156
5237 2 2 1 1 1730 1729 1731
5238 2 2 1 1 983 4488 5105
5239 2 2 1 1 3870 1352 4221
5240 2 2 1 1 2423 2422 2424
5241 2 2 1 1 1734 1733 1735
5242 2 2 1 1 2725 3363 5348
5243 2 2 1 1 1732 1731 1733
5244 2 2 1 1 3883 3492 4400
5245 2 2 1 1 1708 1706 1709
5246 2 2 1 1 2062 3092 5363
5247 2 2 1 1 1553 457 4086
5248 2 2 1 1 3771 2688 5384
5249 2 2 1 1 1736 1735 1737
5250 2 2 1 1 2176 2177 2178
5251 2 2 1 1 3375 3377 4738
5252 2 2 1 1 4715 4492 4937
5253 2 2 1 1 1834 1836 4393
5254 2 2 1 1 2612 4046 4048
5255 2 2 1 1 2858 4727 5009
5256 2 2 1 1 1055 3505 4429
5257 2 2 1 1 1129 4601 5007
5258 2 2 1 1 3720 2679 3721
5259 2 2 1 1 2968 2970 4587
5260 2 2 1 1 3631 3418 4805
5261 2 2 1 1 1738 1737 1739
5262 2 2 1 1 3615 3550 3616
5263 2 2 1 1 1113 1114 4927
5264 2 2 1 1 2972 2969 4901
5265 2 2 1 1 3522 4166 4636
5266 2 2 1 1 960 3467 3809
5267 2 2 1 1 3578 4176 4505
5268 2 2 1 1 2178 2179 2180
5269 2 2 1 1 3826 1018 5082
5270 2 2 1 1 1740 1739 1741
5271 2 2 1 1 2935 2936 4446
5272 2 2 1 1 1850 1852 4410
5273 2 2 1 1 5006 4264 5317
5274 2 2 1 1 2184 2185 2186
5275 2 2 1 1 2180 2181 2182
5276 2 2 1 1 2110 2109 2111
5277 2 2 1 1 1103 3295 4767
5278 2 2 1 1 3586 3585 3587
5279 2 2 1 1 1661 1662 1663
5280 2 2 1 1 2182 2183 2184
5281 2 2 1 1 2868 3393 5300
5282 2 2 1 1 963 3374 5297
5283 2 2 1 1 1468 4411 5079
5284 2 2 1 1 3550 2520 3616
5285 2 2 1 1 2864 4744 4930
5286 2 2 1 1 3388 1104 4828
5287 2 2 1 1 2419 2418 2420
5288 2 2 1 1 3423 934 4905
5289 2 2 1 1 2488 2636 2637
5290 2 2 1 1 2147 2149 2150
5291 2 2 1 1 2559 2657 3723
5292 2 2 1 1 1152 3318 5118
5293 2 2 1 1 1702 1700 1703
5294 2 2 1 1 3318 1152 5229
5295 2 2 1 1 3169 3266 5139
5296 2 2 1 1 3737 3578 4505
5297 2 2 1 1 2166 2167 2168
5298 2 2 1 1 4332 2729 4468
5299 2 2 1 1 3176 3291 5089
5300 2 2 1 1 1724 1723 1725
5301 2 2 1 1 1720 1719 1721
5302 2 2 1 1 3319 3095 4900
5303 2 2 1 1 4797 3793 5095
5304 2 2 1 1 2458 2460 2461
5305 2 2 1 1 3349 3404 4799
5306 2 2 1 1 2179 2495 5076
5307 2 2 1 1 5023 970 5043
5308 2 2 1 1 4526 1334 4758
5309 2 2 1 1 1722 1721 1723
5310 2 2 1 1 3346 1098 5145
5311 2 2 1 1 2168 2169 2170
5312 2 2 1 1 4553 3035 4611
5313 2 2 1 1 3355 3474 3497
5314 2 2 1 1 3493 1473 4211
5315 2 2 1 1 1112 1111 4593
5316 2 2 1 1 4079 3870 4498
5317 2 2 1 1 920 921 4584
5318 2 2 1 1 4122 1174 4123
5319 2 2 1 1 3285 3283 4985
5320 2 2 1 1 4435 3822 4660
5321 2 2 1 1 2170 2171 2172
5322 2 2 1 1 2970 3382 4583
5323 2 2 1 1 2700 2701 4524
5324 2 2 1 1 1264 3642 4234
5325 2 2 1 1 2380 3770 4806
5326 2 2 1 1 2104 2103 2105
5327 2 2 1 1 950 949 4594
5328 2 2 1 1 4112 1244 5052
5329 2 2 1 1 4179 1460 5045
5330 2 2 1 1 1581 2559 3087
5331 2 2 1 1 1655 1656 1657
5332 2 2 1 1 3001 4890 4907
5333 2 2 1 1 4845 2683 4975
5334 2 2 1 1 3634 3637 3656
5335 2 2 1 1 3586 3587 4775
5336 2 2 1 1 2969 2968 4626
5337 2 2 1 1 4398 2700 4524
5338 2 2 1 1 4525 4625 5250
5339 2 2 1 1 2522 3225 4645
5340 2 2 1 1 1876 1878 5066
5341 2 2 1 1 3523 2461 3524
5342 2 2 1 1 3393 5205 5300
5343 2 2 1 1 2037 4005 4007
5344 2 2 1 1 2139 2141 2142
5345 2 2 1 1 3565 3566 3714
5346 2 2 1 1 2407 2406 2408
5347 2 2 1 1 2545 2547 2728
5348 2 2 1 1 1060 1061 3868
5349 2 2 1 1 4037 4456 4740
5350 2 2 1 1 1219 3975 4499
5351 2 2 1 1 2009 1940 4028
5352 2 2 1 1 3313 1101 5319
5353 2 2 1 1 2055 3045 5321
5354 2 2 1 1 1696 1694 1697
5355 2 2 1 1 3412 962 5143
5356 2 2 1 1 1147 4923 5016
5357 2 2 1 1 2452 2454 2455
5358 2 2 1 1 1547 898 2812
5359 2 2 1 1 1576 1579 1589
5360 2 2 1 1 2721 2656 4094
5361 2 2 1 1 5 916 5312
5362 2 2 1 1 2156 2157 2158
5363 2 2 1 1 2784 3458 5188
5364 2 2 1 1 981 982 4998
5365 2 2 1 1 3654 4452 4863
5366 2 2 1 1 2553 3929 5187
5367 2 2 1 1 1714 1713 1715
5368 2 2 1 1 1710 1709 1711
5369 2 2 1 1 2160 2161 2162
5370 2 2 1 1 3478 3138 5183
5371 2 2 1 1 2158 2159 2160
5372 2 2 1 1 1578 3441 3484
5373 2 2 1 1 3627 3509 3810
5374 2 2 1 1 1261 3936 3942
5375 2 2 1 1 1712 1711 1713
5376 2 2 1 1 3360 3000 4846
5377 2 2 1 1 1840 1842 5390
5378 2 2 1 1 4311 4312 5351
5379 2 2 1 1 3236 3265 4057
5380 2 2 1 1 3950 1980 3951
5381 2 2 1 1 2665 4277 4663
5382 2 2 1 1 1115 1116 4657
5383 2 2 1 1 1125 3489 4530
5384 2 2 1 1 3045 3046 5321
5385 2 2 1 1 2098 2097 2099
5386 2 2 1 1 2050 3144 5377
5387 2 2 1 1 4132 2640 5250
5388 2 2 1 1 1649 1650 1651
5389 2 2 1 1 938 937 4667
5390 2 2 1 1 4066 4508 4687
5391 2 2 1 1 977 3442 4720
5392 2 2 1 1 3531 3532 3685
5393 2 2 1 1 3171 3170 5172
5394 2 2 1 1 5012 2772 5291
5395 2 2 1 1 3111 3397 5182
5396 2 2 1 1 4028 3694 4030
5397 2 2 1 1 3590 3591 5236
5398 2 2 1 1 1363 437 3410
5399 2 2 1 1 3046 2876 4916
5400 2 2 1 1 971 5019 5043
5401 2 2 1 1 959 958 4656
5402 2 2 1 1 3564 3562 5106
5403 2 2 1 1 1786 1788 5387
5404 2 2 1 1 2401 2395 2402
5405 2 2 1 1 899 5 5312
5406 2 2 1 1 3405 2780 5333
5407 2 2 1 1 1013 1014 4578
5408 2 2 1 1 2135 2137 2138
5409 2 2 1 1 1967 1968 1969
5410 2 2 1 1 4928 4469 5282
5411 2 2 1 1 3334 4488 5099
5412 2 2 1 1 1824 1826 5380
5413 2 2 1 1 3344 1092 5186
5414 2 2 1 1 2248 2250 4344
5415 2 2 1 1 1423 3602 3733
5416 2 2 1 1 1690 1688 1691
5417 2 2 1 1 3038 3835 4191
5418 2 2 1 1 1571 1574 2692
5419 2 2 1 1 3541 3544 3545
5420 2 2 1 1 2433 3729 4071
5421 2 2 1 1 2052 3163 5308
5422 2 2 1 1 2446 2448 2449
5423 2 2 1 1 3345 1127 5290
5424 2 2 1 1 1047 1046 4399
5425 2 2 1 1 3982 4085 4732
5426 2 2 1 1 2794 2726 4917
5427 2 2 1 1 1769 4138 4509
5428 2 2 1 1 3940 1201 4559
5429 2 2 1 1 1592 1591 3499
5430 2 2 1 1 3949 1162 3952
5431 2 2 1 1 1061 3869 4302
5432 2 2 1 1 4832 2678 4956
5433 2 2 1 1 2150 2151 2152
5434 2 2 1 1 3388 2686 4572
5435 2 2 1 1 960 959 3972
5436 2 2 1 1 1704 1703 1705
5437 2 2 1 1 3952 1448 4589
5438 2 2 1 1 3551 3549 3554
5439 2 2 1 1 2257 2255 5361
5440 2 2 1 1 1864 1863 3417
5441 2 2 1 1 3062 3053 3063
5442 2 2 1 1 4607 917 5219
5443 2 2 1 1 1072 1073 5103
5444 2 2 1 1 4182 4110 4183
5445 2 2 1 1 3210 3209 4550
5446 2 2 1 1 1073 5098 5103
5447 2 2 1 1 1098 1099 4992
5448 2 2 1 1 3352 3351 5039
5449 2 2 1 1 3044 2525 4682
5450 2 2 1 1 1641 1642 1643
5451 2 2 1 1 3016 3015 5232
5452 2 2 1 1 3385 3073 4586
5453 2 2 1 1 4682 2525 5221
5454 2 2 1 1 1073 1074 5098
5455 2 2 1 1 3869 3225 4302
5456 2 2 1 1 1479 4114 4117
5457 2 2 1 1 2755 2754 4538
5458 2 2 1 1 1026 1025 4940
5459 2 2 1 1 2090 2089 2091
5460 2 2 1 1 926 925 4745
5461 2 2 1 1 933 932 4746
5462 2 2 1 1 1010 1009 5029
5463 2 2 1 1 2687 4669 4670
5464 2 2 1 1 1127 1126 4032
5465 2 2 1 1 1061 3503 3868
5466 2 2 1 1 1175 3724 5166
5467 2 2 1 1 2388 2387 2389
5468 2 2 1 1 1587 2065 2066
5469 2 2 1 1 3704 3894 4216
5470 2 2 1 1 1684 1682 1685
5471 2 2 1 1 1958 1959 1960
5472 2 2 1 1 3128 3752 5048
5473 2 2 1 1 1097 4773 5145
5474 2 2 1 1 3476 2671 4855
5475 2 2 1 1 2131 2133 2134
5476 2 2 1 1 3914 2909 4158
5477 2 2 1 1 3509 1195 3628
5478 2 2 1 1 3651 3650 3652
5479 2 2 1 1 5007 3284 5290
5480 2 2 1 1 3867 2697 4773
5481 2 2 1 1 3319 946 4734
5482 2 2 1 1 446 1550 4808
5483 2 2 1 1 2738 4339 4721
5484 2 2 1 1 4564 4565 4719
5485 2 2 1 1 1754 1756 5354
5486 2 2 1 1 975 974 4050
5487 2 2 1 1 2741 2740 4585
5488 2 2 1 1 458 1549 4086
5489 2 2 1 1 2442 2444 2445
5490 2 2 1 1 936 937 4056
5491 2 2 1 1 948 947 4779
5492 2 2 1 1 965 4044 4588
5493 2 2 1 1 4551 1999 5077
5494 2 2 1 1 2142 2143 2144
5495 2 2 1 1 3745 3744 3746
5496 2 2 1 1 1589 3474 3491
5497 2 2 1 1 1554 894 3413
5498 2 2 1 1 3628 1195 3668
5499 2 2 1 1 2899 4881 5029
5500 2 2 1 1 3862 3857 4743
5501 2 2 1 1 1698 1697 1699
5502 2 2 1 1 2144 2145 2146
5503 2 2 1 1 935 3478 4759
5504 2 2 1 1 1633 1634 1635
5505 2 2 1 1 4869 2857 5203
5506 2 2 1 1 1160 3988 4144
5507 2 2 1 1 2455 2456 2457
5508 2 2 1 1 2733 3985 5123
5509 2 2 1 1 3015 1978 5232
5510 2 2 1 1 3288 3287 5060
5511 2 2 1 1 457 458 4086
5512 2 2 1 1 3913 3709 4283
5513 2 2 1 1 2187 2190 4206
5514 2 2 1 1 1170 4820 4858
5515 2 2 1 1 4752 5027 5347
5516 2 2 1 1 2380 2379 2381
5517 2 2 1 1 3178 3464 4473
5518 2 2 1 1 1972 4784 5094
5519 2 2 1 1 1680 1678 1681
5520 2 2 1 1 2602 3917 4020
5521 2 2 1 1 1559 1557 3267
5522 2 2 1 1 2082 2081 2083
5523 2 2 1 1 1568 1569 1570
5524 2 2 1 1 998 997 5120
5525 2 2 1 1 925 924 4855
5526 2 2 1 1 1293 4354 4355
5527 2 2 1 1 1946 1949 1950
5528 2 2 1 1 3138 3137 5183
5529 2 2 1 1 2125 2127 2128
5530 2 2 1 1 4380 4552 4976
5531 2 2 1 1 3256 3784 5114
5532 2 2 1 1 1094 1095 4681
5533 2 2 1 1 2637 2636 3517
5534 2 2 1 1 1128 1127 4366
5535 2 2 1 1 1117 3383 4816
5536 2 2 1 1 934 933 4905
5537 2 2 1 1 1396 3628 3668
5538 2 2 1 1 2917 3690 5189
5539 2 2 1 1 1729 1726 4204
5540 2 2 1 1 1134 1133 4102
5541 2 2 1 1 3783 4537 4730
5542 2 2 1 1 2434 2437 2438
5543 2 2 1 1 2761 4699 4978
5544 2 2 1 1 1348 3493 4211
5545 2 2 1 1 3026 3027 4136
5546 2 2 1 1 2652 4492 4547
5547 2 2 1 1 1020 1019 4611
5548 2 2 1 1 2679 4110 4941
5549 2 2 1 1 309 310 4758
5550 2 2 1 1 865 866 4752
5551 2 2 1 1 65 66 4763
5552 2 2 1 1 3887 4210 5153
5553 2 2 1 1 1621 1622 1623
5554 2 2 1 1 3844 1524 5142
5555 2 2 1 1 769 770 4713
5556 2 2 1 1 4030 3694 4148
5557 2 2 1 1 621 622 4769
5558 2 2 1 1 4379 3210 4380
5559 2 2 1 1 1692 1691 1693
5560 2 2 1 1 31 32 4724
5561 2 2 1 1 2712 2671 5350
5562 2 2 1 1 187 188 4701
5563 2 2 1 1 2173 2176 4222
5564 2 2 1 1 3846 3847 4495
5565 2 2 1 1 3035 3036 4611
5566 2 2 1 1 679 680 4696
5567 2 2 1 1 2449 2450 2451
5568 2 2 1 1 3433 1548 4774
5569 2 2 1 1 1549 3427 4086
5570 2 2 1 1 833 834 4782
5571 2 2 1 1 3152 3187 4912
5572 2 2 1 1 3641 3640 4666
5573 2 2 1 1 217 218 4705
5574 2 2 1 1 3825 4643 4644
5575 2 2 1 1 2462 2985 4106
5576 2 2 1 1 2368 2367 2369
5577 2 2 1 1 2070 2069 2071
5578 2 2 1 1 3868 3042 5197
5579 2 2 1 1 711 712 4781
5580 2 2 1 1 1067 1066 4882
5581 2 2 1 1 277 278 4680
5582 2 2 1 1 619 620 4698
5583 2 2 1 1 3698 4435 4660
5584 2 2 1 1 589 590 4678
5585 2 2 1 1 3880 3715 4266
5586 2 2 1 1 2743 2717 4219
5587 2 2 1 1 983 982 4489
5588 2 2 1 1 3784 2815 5114
5589 2 2 1 1 1730 1732 5394
5590 2 2 1 1 1676 1674 1677
5591 2 2 1 1 2743 4940 4948
5592 2 2 1 1 2121 2123 2124
5593 2 2 1 1 4039 2962 4825
5594 2 2 1 1 801 802 4770
5595 2 2 1 1 307 308 4691
5596 2 2 1 1 3060 3463 4479
5597 2 2 1 1 1055 1054 4428
5598 2 2 1 1 4001 4002 5332
5599 2 2 1 1 3682 3651 4863
5600 2 2 1 1 1936 1937 1938
5601 2 2 1 1 2430 2432 2433
5602 2 2 1 1 4162 3678 4568
5603 2 2 1 1 4766 1035 4924
5604 2 2 1 1 978 977 4720
5605 2 2 1 1 4037 2026 5209
5606 2 2 1 1 863 864 4674
5607 2 2 1 1 4607 2736 5057
5608 2 2 1 1 988 4843 4868
5609 2 2 1 1 3414 2806 5303
5610 2 2 1 1 2696 4432 4669
5611 2 2 1 1 3645 929 5337
5612 2 2 1 1 4245 4543 4615
5613 2 2 1 1 2416 4382 4955
5614 2 2 1 1 4882 3027 4914
5615 2 2 1 1 478 479 4648
5616 2 2 1 1 4110 4109 4138
5617 2 2 1 1 354 355 4646
5618 2 2 1 1 3294 4796 4868
5619 2 2 1 1 2999 3360 4219
5620 2 2 1 1 1252 4866 5256
5621 2 2 1 1 995 996 4911
5622 2 2 1 1 3492 1246 3884
5623 2 2 1 1 3481 3136 4857
5624 2 2 1 1 2841 2050 5377
5625 2 2 1 1 1372 3415 5127
5626 2 2 1 1 14 15 4636
5627 2 2 1 1 3921 1179 4807
5628 2 2 1 1 3561 3562 3563
5629 2 2 1 1 2134 2135 3485
5630 2 2 1 1 1607 1608 1609
5631 2 2 1 1 2461 2460 4531
5632 2 2 1 1 1686 1685 1687
5633 2 2 1 1 2117 2119 2120
5634 2 2 1 1 1103 1102 5018
5635 2 2 1 1 2163 2166 4223
5636 2 2 1 1 3651 3654 4863
5637 2 2 1 1 3629 1396 3687
5638 2 2 1 1 1986 4313 5236
5639 2 2 1 1 2812 898 5312
5640 2 2 1 1 1121 1122 4925
5641 2 2 1 1 1131 3761 4600
5642 2 2 1 1 1289 3502 3734
5643 2 2 1 1 1719 1716 4224
5644 2 2 1 1 467 1369 4342
5645 2 2 1 1 4257 3553 4963
5646 2 2 1 1 1152 6 5132
5647 2 2 1 1 3064 2748 4966
5648 2 2 1 1 2349 2348 2350
5649 2 2 1 1 4382 3939 4955
5650 2 2 1 1 1586 1587 4069
5651 2 2 1 1 1497 3768 3769
5652 2 2 1 1 95 96 4638
5653 2 2 1 1 1672 1670 1673
5654 2 2 1 1 1092 3344 5180
5655 2 2 1 1 4281 2663 4649
5656 2 2 1 1 4774 1553 5294
5657 2 2 1 1 3768 3767 4052
5658 2 2 1 1 2265 3370 5253
5659 2 2 1 1 3417 3418 3419
5660 2 2 1 1 767 768 4621
5661 2 2 1 1 4117 2624 4299
5662 2 2 1 1 2992 2994 3370
5663 2 2 1 1 3705 3879 5369
5664 2 2 1 1 1091 1090 4899
5665 2 2 1 1 3858 3859 4743
5666 2 2 1 1 1921 1923 1924
5667 2 2 1 1 1098 3346 5176
5668 2 2 1 1 2424 2426 2427
5669 2 2 1 1 155 156 4618
5670 2 2 1 1 2894 4947 5097
5671 2 2 1 1 3763 3030 4665
5672 2 2 1 1 1123 1124 4912
5673 2 2 1 1 2007 4960 5365
5674 2 2 1 1 1865 3333 4105
5675 2 2 1 1 4381 4692 4725
5676 2 2 1 1 2276 2277 4491
5677 2 2 1 1 185 186 4615
5678 2 2 1 1 1895 1896 1897
5679 2 2 1 1 4911 2937 4977
5680 2 2 1 1 4633 4417 5243
5681 2 2 1 1 2705 1847 4092
5682 2 2 1 1 3239 3481 4857
5683 2 2 1 1 2655 4596 5201
5684 2 2 1 1 2611 2612 4048
5685 2 2 1 1 3596 2590 3597
5686 2 2 1 1 1668 1665 1669
5687 2 2 1 1 677 678 4612
5688 2 2 1 1 2932 3762 4173
5689 2 2 1 1 2111 2113 2114
5690 2 2 1 1 3750 1449 3751
5691 2 2 1 1 2128 2129 2130
5692 2 2 1 1 1075 1076 4986
5693 2 2 1 1 3780 1456 3782
5694 2 2 1 1 2925 2937 4958
5695 2 2 1 1 245 246 4604
5696 2 2 1 1 2744 3320 5222
5697 2 2 1 1 3138 4056 4999
5698 2 2 1 1 1372 439 3415
5699 2 2 1 1 1588 2651 2781
5700 2 2 1 1 4260 5068 5231
5701 2 2 1 1 2420 2422 2423
5702 2 2 1 1 2438 2439 2441
5703 2 2 1 1 1109 1110 4213
5704 2 2 1 1 2724 4786 5117
5705 2 2 1 1 3818 1463 3819
5706 2 2 1 1 2153 2156 4237
5707 2 2 1 1 2107 2109 2110
5708 2 2 1 1 2321 2320 2322
5709 2 2 1 1 1105 3479 4938
5710 2 2 1 1 3917 2602 4097
5711 2 2 1 1 275 276 4597
5712 2 2 1 1 2683 2546 3367
5713 2 2 1 1 2135 2138 3485
5714 2 2 1 1 969 970 5023
5715 2 2 1 1 587 588 4595
5716 2 2 1 1 3474 1589 3497
5717 2 2 1 1 2877 2878 5011
5718 2 2 1 1 928 927 4722
5719 2 2 1 1 2412 2418 2419
5720 2 2 1 1 1028 1029 5189
5721 2 2 1 1 4065 4066 4067
5722 2 2 1 1 3463 1064 4987
5723 2 2 1 1 3371 1042 4988
5724 2 2 1 1 3528 2669 3773
5725 2 2 1 1 4295 4291 4655
5726 2 2 1 1 1661 1659 1662
5727 2 2 1 1 2949 3321 5058
5728 2 2 1 1 3961 3903 5311
5729 2 2 1 1 1430 3643 4082
5730 2 2 1 1 557 558 4592
5731 2 2 1 1 1770 1769 4509
5732 2 2 1 1 1709 1706 4255
5733 2 2 1 1 4282 4281 4649
5734 2 2 1 1 4117 4299 4764
5735 2 2 1 1 3460 3114 4262
5736 2 2 1 1 3504 1055 4428
5737 2 2 1 1 3945 3946 4520
5738 2 2 1 1 1081 3178 5017
5739 2 2 1 1 4407 2661 4567
5740 2 2 1 1 4989 2049 5052
5741 2 2 1 1 2408 2410 2489
5742 2 2 1 1 3970 1477 3978
5743 2 2 1 1 2625 3532 4860
5744 2 2 1 1 3927 1254 3928
5745 2 2 1 1 1022 1021 4970
5746 2 2 1 1 953 954 4980
5747 2 2 1 1 4762 2563 5216
5748 2 2 1 1 3691 3692 4035
5749 2 2 1 1 3621 2414 4363
5750 2 2 1 1 1938 2594 4028
5751 2 2 1 1 2101 2103 2104
5752 2 2 1 1 1655 1653 1656
5753 2 2 1 1 7 433 2720
5754 2 2 1 1 1500 4678 5201
5755 2 2 1 1 2769 3366 5074
5756 2 2 1 1 4351 4928 5159
5757 2 2 1 1 2404 2406 2407
5758 2 2 1 1 4406 2660 5079
5759 2 2 1 1 3101 3313 5319
5760 2 2 1 1 1150 3448 5008
5761 2 2 1 1 962 961 5143
5762 2 2 1 1 2321 3901 3902
5763 2 2 1 1 1062 1061 4302
5764 2 2 1 1 476 477 4576
5765 2 2 1 1 1740 1743 5338
5766 2 2 1 1 4299 1226 4764
5767 2 2 1 1 2608 1896 2688
5768 2 2 1 1 3603 3600 4174
5769 2 2 1 1 2644 4075 4078
5770 2 2 1 1 1037 3473 5355
5771 2 2 1 1 352 353 4571
5772 2 2 1 1 2441 2442 4161
5773 2 2 1 1 893 1554 4910
5774 2 2 1 1 1041 3371 5080
5775 2 2 1 1 962 963 5297
5776 2 2 1 1 950 951 5097
5777 2 2 1 1 1056 1057 5281
5778 2 2 1 1 3433 4774 5294
5779 2 2 1 1 941 3458 5090
5780 2 2 1 1 4473 3350 5037
5781 2 2 1 1 1507 3975 3976
5782 2 2 1 1 2769 2510 5357
5783 2 2 1 1 1338 3909 4228
5784 2 2 1 1 988 989 4843
5785 2 2 1 1 2886 4189 4853
5786 2 2 1 1 1649 1647 1650
5787 2 2 1 1 1038 1037 5355
5788 2 2 1 1 2596 1923 2689
5789 2 2 1 1 2781 2782 3441
5790 2 2 1 1 3706 2365 4394
5791 2 2 1 1 1703 1700 4263
5792 2 2 1 1 2120 2121 3513
5793 2 2 1 1 2752 3739 5056
5794 2 2 1 1 3324 922 5128
5795 2 2 1 1 3440 2735 5122
5796 2 2 1 1 1678 1677 3506
5797 2 2 1 1 4141 4140 4944
5798 2 2 1 1 12 13 4581
5799 2 2 1 1 3409 1107 5138
5800 2 2 1 1 2545 1969 2547
5801 2 2 1 1 3859 1247 3982
5802 2 2 1 1 4353 4352 5034
5803 2 2 1 1 466 467 4342
5804 2 2 1 1 1074 1073 4333
5805 2 2 1 1 2042 2725 5348
5806 2 2 1 1 3742 3743 3829
5807 2 2 1 1 2647 3987 5028
5808 2 2 1 1 974 973 4850
5809 2 2 1 1 1999 4550 5054
5810 2 2 1 1 4303 4080 4305
5811 2 2 1 1 939 3306 5313
5812 2 2 1 1 2349 2564 2592
5813 2 2 1 1 4643 1204 4952
5814 2 2 1 1 968 2868 5300
5815 2 2 1 1 2772 3271 5291
5816 2 2 1 1 1878 1880 5385
5817 2 2 1 1 356 357 4837
5818 2 2 1 1 388 389 4839
5819 2 2 1 1 324 325 1437
5820 2 2 1 1 420 421 4842
5821 2 2 1 1 2095 2097 2098
5822 2 2 1 1 294 295 1165
5823 2 2 1 1 16 17 1154
5824 2 2 1 1 264 265 4819
5825 2 2 1 1 2427 2428 2590
5826 2 2 1 1 339 340 1193
5827 2 2 1 1 234 235 4811
5828 2 2 1 1 880 881 4831
5829 2 2 1 1 480 481 4829
5830 2 2 1 1 3485 2138 3486
5831 2 2 1 1 2717 3443 5115
5832 2 2 1 1 97 98 4757
5833 2 2 1 1 924 925 4894
5834 2 2 1 1 495 496 1159
5835 2 2 1 1 3777 3778 4702
5836 2 2 1 1 371 372 1205
5837 2 2 1 1 204 205 1443
5838 2 2 1 1 848 849 4847
5839 2 2 1 1 512 513 4849
5840 2 2 1 1 1645 1643 2025
5841 2 2 1 1 405 406 1181
5842 2 2 1 1 127 128 1196
5843 2 2 1 1 279 280 4714
5844 2 2 1 1 2393 2395 2401
5845 2 2 1 1 3766 3893 4052
5846 2 2 1 1 799 800 1377
5847 2 2 1 1 561 562 1195
5848 2 2 1 1 174 175 1261
5849 2 2 1 1 2611 1608 2612
5850 2 2 1 1 1236 4733 5233
5851 2 2 1 1 3477 2759 5101
5852 2 2 1 1 1054 1055 4429
5853 2 2 1 1 591 592 4712
5854 2 2 1 1 157 158 4768
5855 2 2 1 1 2994 3002 3955
5856 2 2 1 1 249 250 1207
5857 2 2 1 1 1588 1586 2650
5858 2 2 1 1 816 817 1223
5859 2 2 1 1 544 545 4858
5860 2 2 1 1 3030 3033 4665
5861 2 2 1 1 144 145 4790
5862 2 2 1 1 739 740 1376
5863 2 2 1 1 2091 2093 2491
5864 2 2 1 1 219 220 4700
5865 2 2 1 1 50 51 1211
5866 2 2 1 1 82 83 1445
5867 2 2 1 1 709 710 1378
5868 2 2 1 1 651 652 1156
5869 2 2 1 1 527 528 1379
5870 2 2 1 1 114 115 1247
5871 2 2 1 1 3495 2755 4538
5872 2 2 1 1 3648 3649 3652
5873 2 2 1 1 3879 2397 5369
5874 2 2 1 1 48 49 1381
5875 2 2 1 1 3951 3419 4692
5876 2 2 1 1 189 190 4695
5877 2 2 1 1 2389 2391 2523
5878 2 2 1 1 681 682 1380
5879 2 2 1 1 1967 1964 1968
5880 2 2 1 1 784 785 1162
5881 2 2 1 1 576 577 1434
5882 2 2 1 1 2782 2651 2785
5883 2 2 1 1 3688 3832 4143
5884 2 2 1 1 831 832 1382
5885 2 2 1 1 529 530 1176
5886 2 2 1 1 3731 3730 4566
5887 2 2 1 1 3784 966 4588
5888 2 2 1 1 649 650 1383
5889 2 2 1 1 247 248 1375
5890 2 2 1 1 754 755 4876
5891 2 2 1 1 606 607 1182
5892 2 2 1 1 159 160 4690
5893 2 2 1 1 3074 2952 5264
5894 2 2 1 1 3699 2090 4098
5895 2 2 1 1 4081 2840 4741
5896 2 2 1 1 33 34 4685
5897 2 2 1 1 741 742 1197
5898 2 2 1 1 724 725 4878
5899 2 2 1 1 636 637 4777
5900 2 2 1 1 2594 1937 2633
5901 2 2 1 1 129 130 1384
5902 2 2 1 1 1469 4131 4132
5903 2 2 1 1 403 404 1386
5904 2 2 1 1 1178 3840 4732
5905 2 2 1 1 771 772 1385
5906 2 2 1 1 373 374 1387
5907 2 2 1 1 1019 1018 4553
5908 2 2 1 1 694 695 1446
5909 2 2 1 1 666 667 4884
5910 2 2 1 1 3783 1994 5124
5911 2 2 1 1 2687 2186 2696
5912 2 2 1 1 99 100 4661
5913 2 2 1 1 1641 1639 1642
5914 2 2 1 1 559 560 1373
5915 2 2 1 1 664 665 4771
5916 2 2 1 1 696 697 1161
5917 2 2 1 1 63 64 1388
5918 2 2 1 1 1962 1960 2044
5919 2 2 1 1 2114 2115 2602
5920 2 2 1 1 2685 2800 4722
5921 2 2 1 1 337 338 1389
5922 2 2 1 1 3804 3805 4088
5923 2 2 1 1 634 635 4879
5924 2 2 1 1 726 727 4764
5925 2 2 1 1 508 509 4536
5926 2 2 1 1 1144 1145 5192
5927 2 2 1 1 1670 1669 3605
5928 2 2 1 1 1114 1115 5024
5929 2 2 1 1 497 498 1390
5930 2 2 1 1 1122 1123 5190
5931 2 2 1 1 2368 3842 3843
5932 2 2 1 1 941 940 4442
5933 2 2 1 1 1637 1635 2023
5934 2 2 1 1 18 19 4653
5935 2 2 1 1 604 605 1433
5936 2 2 1 1 756 757 4875
5937 2 2 1 1 1550 447 3803
5938 2 2 1 1 3107 3394 5309
5939 2 2 1 1 1059 1058 4723
5940 2 2 1 1 1020 1021 4379
5941 2 2 1 1 3899 3898 5252
5942 2 2 1 1 2452 2455 4259
5943 2 2 1 1 112 113 1447
5944 2 2 1 1 2640 4525 5250
5945 2 2 1 1 574 575 1232
5946 2 2 1 1 786 787 1448
5947 2 2 1 1 80 81 1238
5948 2 2 1 1 3057 4919 5030
5949 2 2 1 1 2087 2089 2090
5950 2 2 1 1 1106 1107 4865
5951 2 2 1 1 3339 3384 5070
5952 2 2 1 1 2385 2387 2388
5953 2 2 1 1 1958 1956 1959
5954 2 2 1 1 4606 3258 4987
5955 2 2 1 1 3284 3345 5290
5956 2 2 1 1 882 883 4647
5957 2 2 1 1 2727 3496 4250
5958 2 2 1 1 2061 2790 5222
5959 2 2 1 1 1697 1694 4276
5960 2 2 1 1 2139 2142 4275
5961 2 2 1 1 765 766 4529
5962 2 2 1 1 422 423 4642
5963 2 2 1 1 142 143 4747
5964 2 2 1 1 4514 1468 5079
5965 2 2 1 1 3729 4307 5285
5966 2 2 1 1 1368 434 4677
5967 2 2 1 1 2083 2085 2496
5968 2 2 1 1 2381 2383 2497
5969 2 2 1 1 1224 4575 4793
5970 2 2 1 1 2853 2563 4762
5971 2 2 1 1 4298 1528 4878
5972 2 2 1 1 1954 1952 2030
5973 2 2 1 1 2914 2911 4689
5974 2 2 1 1 2651 2650 4154
5975 2 2 1 1 172 173 1429
5976 2 2 1 1 2892 2052 5308
5977 2 2 1 1 3177 2724 5117
5978 2 2 1 1 3526 3527 3529
5979 2 2 1 1 542 543 1451
5980 2 2 1 1 818 819 1452
5981 2 2 1 1 1571 2692 4541
5982 2 2 1 1 153 154 4555
5983 2 2 1 1 2664 1949 2673
5984 2 2 1 1 1048 1049 4501
5985 2 2 1 1 341 342 1393
5986 2 2 1 1 2780 2533 5333
5987 2 2 1 1 202 203 1251
5988 2 2 1 1 735 736 4523
5989 2 2 1 1 2082 3820 3821
5990 2 2 1 1 493 494 1394
5991 2 2 1 1 867 868 4631
5992 2 2 1 1 1629 1627 1994
5993 2 2 1 1 67 68 4628
5994 2 2 1 1 912 913 1516
5995 2 2 1 1 902 903 1436
5996 2 2 1 1 909 910 4024
5997 2 2 1 1 905 906 4025
5998 2 2 1 1 1633 1631 1634
5999 2 2 1 1 908 909 4031
6000 2 2 1 1 906 907 4026
6001 2 2 1 1 1564 1566 1582
6002 2 2 1 1 913 914 4029
6003 2 2 1 1 901 902 4016
6004 2 2 1 1 4001 1537 4002
6005 2 2 1 1 911 912 4021
6006 2 2 1 1 903 904 4027
6007 2 2 1 1 910 911 1333
6008 2 2 1 1 904 905 1350
6009 2 2 1 1 311 312 4625
6010 2 2 1 1 914 915 1555
6011 2 2 1 1 900 901 1551
6012 2 2 1 1 2043 5030 5031
6013 2 2 1 1 973 3356 5215
6014 2 2 1 1 232 233 4851
6015 2 2 1 1 907 908 1153
6016 2 2 1 1 1625 1623 2568
6017 2 2 1 1 1004 1003 4443
6018 2 2 1 1 369 370 1395
6019 2 2 1 1 1663 1662 2551
6020 2 2 1 1 384 385 4545
6021 2 2 1 1 3473 2989 5355
6022 2 2 1 1 797 798 1237
6023 2 2 1 1 563 564 1396
6024 2 2 1 1 510 511 4848
6025 2 2 1 1 850 851 1398
6026 2 2 1 1 1371 441 3425
6027 2 2 1 1 407 408 1399
6028 2 2 1 1 2270 2272 4067
6029 2 2 1 1 2075 2077 2477
6030 2 2 1 1 928 929 4755
6031 2 2 1 1 125 126 1400
6032 2 2 1 1 3804 1634 3805
6033 2 2 1 1 183 184 4542
6034 2 2 1 1 281 282 4623
6035 2 2 1 1 705 706 4519
6036 2 2 1 1 3158 3156 4903
6037 2 2 1 1 262 263 1455
6038 2 2 1 1 2373 2375 2435
6039 2 2 1 1 2377 2379 2380
6040 2 2 1 1 1581 3087 4965
6041 2 2 1 1 3303 3302 5108
6042 2 2 1 1 2646 2804 3850
6043 2 2 1 1 593 594 1401
6044 2 2 1 1 1946 1944 1949
6045 2 2 1 1 2435 4052 4329
6046 2 2 1 1 1725 2656 2721
6047 2 2 1 1 3356 973 5213
6048 2 2 1 1 2071 2073 2536
6049 2 2 1 1 2662 2172 2770
6050 2 2 1 1 29 30 1402
6051 2 2 1 1 2079 2081 2082
6052 2 2 1 1 453 1556 4561
6053 2 2 1 1 2642 2248 4344
6054 2 2 1 1 2369 2371 2537
6055 2 2 1 1 2911 4062 4689
6056 2 2 1 1 814 815 1374
6057 2 2 1 1 546 547 4619
6058 2 2 1 1 3925 3924 3929
6059 2 2 1 1 251 252 1403
6060 2 2 1 1 2419 2420 3695
6061 2 2 1 1 3592 3725 5137
6062 2 2 1 1 2067 2069 2070
6063 2 2 1 1 5059 3117 5344
6064 2 2 1 1 292 293 1457
6065 2 2 1 1 737 738 1239
6066 2 2 1 1 623 624 4617
6067 2 2 1 1 2817 2816 4824
6068 2 2 1 1 2613 3189 5134
6069 2 2 1 1 2019 3206 4983
6070 2 2 1 1 1942 1940 2009
6071 2 2 1 1 326 327 1257
6072 2 2 1 1 2731 4061 4913
6073 2 2 1 1 4387 4386 5144
6074 2 2 1 1 3369 5008 5060
6075 2 2 1 1 2018 2793 4982
6076 2 2 1 1 3351 2961 4393
6077 2 2 1 1 1613 1611 2015
6078 2 2 1 1 2815 3300 5114
6079 2 2 1 1 386 387 4838
6080 2 2 1 1 358 359 4835
6081 2 2 1 1 1617 1615 1977
6082 2 2 1 1 675 676 4510
6083 2 2 1 1 390 391 4834
6084 2 2 1 1 221 222 4613
6085 2 2 1 1 3417 1863 3418
6086 2 2 1 1 707 708 1217
6087 2 2 1 1 653 654 1404
6088 2 2 1 1 1621 1619 1622
6089 2 2 1 1 322 323 4719
6090 2 2 1 1 1726 1725 4204
6091 2 2 1 1 525 526 1248
6092 2 2 1 1 835 836 4614
6093 2 2 1 1 4036 1990 4037
6094 2 2 1 1 2104 2105 2585
6095 2 2 1 1 3843 3892 5261
6096 2 2 1 1 2617 2742 4157
6097 2 2 1 1 296 297 1459
6098 2 2 1 1 878 879 4716
6099 2 2 1 1 482 483 4830
6100 2 2 1 1 2186 2187 4206
6101 2 2 1 1 4826 3248 5295
6102 2 2 1 1 2936 3452 4446
6103 2 2 1 1 3799 1959 3800
6104 2 2 1 1 2352 2354 2512
6105 2 2 1 1 1595 1592 3499
6106 2 2 1 1 1691 1688 4288
6107 2 2 1 1 683 684 1240
6108 2 2 1 1 46 47 1255
6109 2 2 1 1 215 216 1169
6110 2 2 1 1 191 192 4609
6111 2 2 1 1 1018 1017 5242
6112 2 2 1 1 2356 2358 2468
6113 2 2 1 1 2021 4197 5315
6114 2 2 1 1 2360 2362 2413
6115 2 2 1 1 2364 2367 2368
6116 2 2 1 1 4399 3335 4883
6117 2 2 1 1 829 830 1212
6118 2 2 1 1 531 532 1406
6119 2 2 1 1 1657 1656 2582
6120 2 2 1 1 1928 1926 2026
6121 2 2 1 1 266 267 4708
6122 2 2 1 1 645 646 4504
6123 2 2 1 1 647 648 1260
6124 2 2 1 1 713 714 4608
6125 2 2 1 1 1936 1934 1937
6126 2 2 1 1 3631 3753 5198
6127 2 2 1 1 4932 3180 5104
6128 2 2 1 1 2098 2540 2645
6129 2 2 1 1 161 162 1188
6130 2 2 1 1 2401 2619 2666
6131 2 2 1 1 3812 1465 4485
6132 2 2 1 1 243 244 4502
6133 2 2 1 1 1932 1930 1990
6134 2 2 1 1 35 36 4603
6135 2 2 1 1 4473 3464 4954
6136 2 2 1 1 1091 4899 5186
6137 2 2 1 1 1599 1597 1988
6138 2 2 1 1 617 618 1203
6139 2 2 1 1 743 744 1407
6140 2 2 1 1 2728 2547 2729
6141 2 2 1 1 1603 1601 1666
6142 2 2 1 1 3514 3516 3916
6143 2 2 1 1 1073 1072 5356
6144 2 2 1 1 236 237 4810
6145 2 2 1 1 1607 1605 1608
6146 2 2 1 1 2172 2173 4222
6147 2 2 1 1 1867 1864 3417
6148 2 2 1 1 846 847 4814
6149 2 2 1 1 514 515 4812
6150 2 2 1 1 2669 2162 2733
6151 2 2 1 1 131 132 1273
6152 2 2 1 1 1354 3825 5102
6153 2 2 1 1 3576 3575 3581
6154 2 2 1 1 1901 1899 2054
6155 2 2 1 1 2162 2163 4223
6156 2 2 1 1 615 616 4500
6157 2 2 1 1 401 402 1270
6158 2 2 1 1 2098 2099 2540
6159 2 2 1 1 2338 2340 2414
6160 2 2 1 1 773 774 1222
6161 2 2 1 1 3499 3500 4345
6162 2 2 1 1 1716 1715 4224
6163 2 2 1 1 1909 1907 1983
6164 2 2 1 1 1905 1903 2011
6165 2 2 1 1 1674 1673 4415
6166 2 2 1 1 2576 1650 2643
6167 2 2 1 1 2342 2344 2396
6168 2 2 1 1 1318 3728 4192
6169 2 2 1 1 3863 1144 4897
6170 2 2 1 1 375 376 1262
6171 2 2 1 1 2334 2336 2466
6172 2 2 1 1 2346 2348 2349
6173 2 2 1 1 206 207 1173
6174 2 2 1 1 1705 2655 2718
6175 2 2 1 1 3559 3560 4455
6176 2 2 1 1 1014 1013 4579
6177 2 2 1 1 844 845 4497
6178 2 2 1 1 4836 4055 4837
6179 2 2 1 1 3926 3927 3929
6180 2 2 1 1 1913 1911 1974
6181 2 2 1 1 305 306 1220
6182 2 2 1 1 2407 2408 3635
6183 2 2 1 1 273 274 4494
6184 2 2 1 1 101 102 4590
6185 2 2 1 1 2326 2328 2581
6186 2 2 1 1 803 804 4591
6187 2 2 1 1 2856 2857 4776
6188 2 2 1 1 1917 1915 1922
6189 2 2 1 1 4066 2676 4931
6190 2 2 1 1 1921 1919 1923
6191 2 2 1 1 61 62 1258
6192 2 2 1 1 1651 1650 2576
6193 2 2 1 1 4078 4075 4217
6194 2 2 1 1 2697 2768 4773
6195 2 2 1 1 4059 3897 4627
6196 2 2 1 1 2330 2332 2504
6197 2 2 1 1 176 177 1428
6198 2 2 1 1 2446 2449 4477
6199 2 2 1 1 2322 2324 2587
6200 2 2 1 1 2104 2585 2674
6201 2 2 1 1 2401 2402 2619
6202 2 2 1 1 335 336 1267
6203 2 2 1 1 2743 3360 4940
6204 2 2 1 1 585 586 4511
6205 2 2 1 1 2152 2153 4237
6206 2 2 1 1 1584 1586 1588
6207 2 2 1 1 1721 2060 4096
6208 2 2 1 1 2551 2649 4820
6209 2 2 1 1 1481 4293 4301
6210 2 2 1 1 3869 1060 4969
6211 2 2 1 1 2628 2152 2690
6212 2 2 1 1 1879 1877 1971
6213 2 2 1 1 4043 3806 4088
6214 2 2 1 1 1883 1881 1965
6215 2 2 1 1 4595 1500 5201
6216 2 2 1 1 1895 1893 1896
6217 2 2 1 1 1887 1885 1947
6218 2 2 1 1 1891 1889 1948
6219 2 2 1 1 861 862 1175
6220 2 2 1 1 499 500 1266
6221 2 2 1 1 3328 2931 4410
6222 2 2 1 1 1062 4302 4606
6223 2 2 1 1 2121 2124 3513
6224 2 2 1 1 2985 2992 4106
6225 2 2 1 1 2306 2308 2397
6226 2 2 1 1 2302 2304 2398
6227 2 2 1 1 1875 1873 1972
6228 2 2 1 1 2288 2290 2467
6229 2 2 1 1 146 147 4789
6230 2 2 1 1 2284 2286 2474
6231 2 2 1 1 20 21 4671
6232 2 2 1 1 3438 4463 4598
6233 2 2 1 1 2298 2300 2400
6234 2 2 1 1 2292 2294 2416
6235 2 2 1 1 3884 1451 4011
6236 2 2 1 1 2310 2312 2365
6237 2 2 1 1 2582 1656 2682
6238 2 2 1 1 1871 1869 1980
6239 2 2 1 1 1127 4032 4366
6240 2 2 1 1 303 304 4486
6241 2 2 1 1 2314 2316 2399
6242 2 2 1 1 1728 2043 5226
6243 2 2 1 1 2318 2320 2321
6244 2 2 1 1 2280 2282 2465
6245 2 2 1 1 2625 2820 3685
6246 2 2 1 1 1334 4526 4670
6247 2 2 1 1 4056 3372 4999
6248 2 2 1 1 1980 3950 4784
6249 2 2 1 1 52 53 1430
6250 2 2 1 1 555 556 4485
6251 2 2 1 1 2787 2786 4755
6252 2 2 1 1 84 85 1198
6253 2 2 1 1 2664 4675 5347
6254 2 2 1 1 78 79 1411
6255 2 2 1 1 3499 3347 3500
6256 2 2 1 1 3818 3819 3851
6257 2 2 1 1 116 117 1431
6258 2 2 1 1 3976 2642 5026
6259 2 2 1 1 3120 3081 4962
6260 2 2 1 1 4265 2891 4798
6261 2 2 1 1 1706 1705 4255
6262 2 2 1 1 1779 1777 1985
6263 2 2 1 1 1801 1799 2038
6264 2 2 1 1 884 885 4573
6265 2 2 1 1 2131 2134 4397
6266 2 2 1 1 1835 1833 2653
6267 2 2 1 1 1821 1819 2609
6268 2 2 1 1 1783 1781 2000
6269 2 2 1 1 1805 1803 2049
6270 2 2 1 1 1775 1773 1998
6271 2 2 1 1 1124 1125 4530
6272 2 2 1 1 1849 1847 2705
6273 2 2 1 1 1787 1785 1986
6274 2 2 1 1 782 783 1432
6275 2 2 1 1 578 579 4785
6276 2 2 1 1 2220 2222 2486
6277 2 2 1 1 2687 2696 4669
6278 2 2 1 1 1861 1859 2678
6279 2 2 1 1 1809 1807 2032
6280 2 2 1 1 2256 2258 2660
6281 2 2 1 1 3973 1461 4502
6282 2 2 1 1 971 970 4841
6283 2 2 1 1 2242 2244 2593
6284 2 2 1 1 1839 1837 2648
6285 2 2 1 1 1969 1968 4214
6286 2 2 1 1 1548 445 4808
6287 2 2 1 1 4311 1482 4312
6288 2 2 1 1 2224 2226 2481
6289 2 2 1 1 424 425 4569
6290 2 2 1 1 4572 2750 5138
6291 2 2 1 1 1817 1815 2598
6292 2 2 1 1 1791 1789 2001
6293 2 2 1 1 1797 1795 2021
6294 2 2 1 1 1813 1811 2047
6295 2 2 1 1 2246 2248 2642
6296 2 2 1 1 1857 1855 2738
6297 2 2 1 1 1831 1829 2654
6298 2 2 1 1 1845 1843 2667
6299 2 2 1 1 1827 1825 2624
6300 2 2 1 1 2272 2274 2691
6301 2 2 1 1 1576 1589 5334
6302 2 2 1 1 2230 2232 2483
6303 2 2 1 1 1853 1851 2702
6304 2 2 1 1 2216 2218 2471
6305 2 2 1 1 2451 2452 4259
6306 2 2 1 1 2551 1662 2649
6307 2 2 1 1 4173 3762 4783
6308 2 2 1 1 4732 3840 4737
6309 2 2 1 1 966 4979 5116
6310 2 2 1 1 2238 2240 2567
6311 2 2 1 1 2668 3358 4681
6312 2 2 1 1 4022 4605 5075
6313 2 2 1 1 2234 2236 2520
6314 2 2 1 1 2252 2254 2644
6315 2 2 1 1 2266 2268 2676
6316 2 2 1 1 5149 1298 5339
6317 2 2 1 1 3166 4601 5175
6318 2 2 1 1 3459 3266 4856
6319 2 2 1 1 2262 2264 2661
6320 2 2 1 1 1994 3783 4730
6321 2 2 1 1 752 753 1466
6322 2 2 1 1 608 609 1467
6323 2 2 1 1 2138 2139 4275
6324 2 2 1 1 1700 1699 4263
6325 2 2 1 1 2771 2675 4800
6326 2 2 1 1 1587 2066 4069
6327 2 2 1 1 1522 443 3432
6328 2 2 1 1 1755 1753 2550
6329 2 2 1 1 1759 1757 2597
6330 2 2 1 1 2198 2200 2553
6331 2 2 1 1 2114 2602 2745
6332 2 2 1 1 2194 2196 2506
6333 2 2 1 1 2210 3436 3437
6334 2 2 1 1 2915 4766 4924
6335 2 2 1 1 4035 2633 4036
6336 2 2 1 1 2709 2708 4803
6337 2 2 1 1 2423 2424 4279
6338 2 2 1 1 4872 3933 5091
6339 2 2 1 1 1681 1678 3506
6340 2 2 1 1 3438 3436 4444
6341 2 2 1 1 1751 1749 2037
6342 2 2 1 1 722 723 4778
6343 2 2 1 1 638 639 4654
6344 2 2 1 1 3541 3540 3542
6345 2 2 1 1 2190 2192 2476
6346 2 2 1 1 1806 1808 5054
6347 2 2 1 1 1747 1745 2006
6348 2 2 1 1 1731 1729 2002
6349 2 2 1 1 1767 1765 2679
6350 2 2 1 1 2495 3263 5001
6351 2 2 1 1 4407 4567 4616
6352 2 2 1 1 1971 3992 4904
6353 2 2 1 1 1694 1693 4276
6354 2 2 1 1 343 344 1284
6355 2 2 1 1 1763 1761 2641
6356 2 2 1 1 3424 3473 5279
6357 2 2 1 1 3605 1669 3606
6358 2 2 1 1 2442 2445 4161
6359 2 2 1 1 1144 1143 4897
6360 2 2 1 1 2202 2204 2604
6361 2 2 1 1 1715 2677 2778
6362 2 2 1 1 1960 1959 3799
6363 2 2 1 1 2206 2208 2652
6364 2 2 1 1 3925 3930 4866
6365 2 2 1 1 2190 2476 4206
6366 2 2 1 1 1635 1634 3804
6367 2 2 1 1 491 492 1278
6368 2 2 1 1 869 870 4554
6369 2 2 1 1 964 963 4824
6370 2 2 1 1 2427 2590 2732
6371 2 2 1 1 692 693 1231
6372 2 2 1 1 668 669 4651
6373 2 2 1 1 69 70 4548
6374 2 2 1 1 1685 1682 4481
6375 2 2 1 1 1688 1687 4288
6376 2 2 1 1 1340 3741 4389
6377 2 2 1 1 1306 4195 4196
6378 2 2 1 1 2184 2186 2687
6379 2 2 1 1 2433 2434 4307
6380 2 2 1 1 1499 3640 3641
6381 2 2 1 1 1561 1593 5322
6382 2 2 1 1 1721 1719 2060
6383 2 2 1 1 2120 3513 3514
6384 2 2 1 1 3477 936 5179
6385 2 2 1 1 1735 1733 2615
6386 2 2 1 1 93 94 1416
6387 2 2 1 1 3574 2032 3909
6388 2 2 1 1 313 314 4544
6389 2 2 1 1 3557 3556 3563
6390 2 2 1 1 2166 2168 2570
6391 2 2 1 1 2612 4360 4946
6392 2 2 1 1 2082 2083 3820
6393 2 2 1 1 1950 1949 2664
6394 2 2 1 1 1725 1723 2656
6395 2 2 1 1 2156 2158 2528
6396 2 2 1 1 662 663 1476
6397 2 2 1 1 698 699 1477
6398 2 2 1 1 4915 3411 5307
6399 2 2 1 1 1122 1121 5055
6400 2 2 1 1 936 935 5179
6401 2 2 1 1 3109 4100 4871
6402 2 2 1 1 367 368 1288
6403 2 2 1 1 1739 1737 2663
6404 2 2 1 1 3936 3935 3938
6405 2 2 1 1 3506 1677 3507
6406 2 2 1 1 418 419 5102
6407 2 2 1 1 1715 1713 2677
6408 2 2 1 1 1323 3912 4236
6409 2 2 1 1 2180 2182 2640
6410 2 2 1 1 2176 2178 2516
6411 2 2 1 1 795 796 1418
6412 2 2 1 1 565 566 1274
6413 2 2 1 1 409 410 1283
6414 2 2 1 1 852 853 1233
6415 2 2 1 1 1089 1090 4570
6416 2 2 1 1 3835 3040 5281
6417 2 2 1 1 4585 2740 4899
6418 2 2 1 1 1106 1105 4572
6419 2 2 1 1 2142 2144 2580
6420 2 2 1 1 3141 3169 4822
6421 2 2 1 1 2150 2152 2628
6422 2 2 1 1 1711 1709 2045
6423 2 2 1 1 3629 1274 3688
6424 2 2 1 1 123 124 1282
6425 2 2 1 1 1568 1570 1571
6426 2 2 1 1 1673 1670 3605
6427 2 2 1 1 2438 2441 2586
6428 2 2 1 1 283 284 1419
6429 2 2 1 1 3910 4781 5302
6430 2 2 1 1 2066 2067 3891
6431 2 2 1 1 2449 2451 2646
6432 2 2 1 1 2455 2457 2670
6433 2 2 1 1 1687 2584 2695
6434 2 2 1 1 1028 1027 4907
6435 2 2 1 1 632 633 4765
6436 2 2 1 1 728 729 1479
6437 2 2 1 1 2128 2130 2625
6438 2 2 1 1 2160 2162 2669
6439 2 2 1 1 1705 1703 2655
6440 2 2 1 1 4995 3214 5367
6441 2 2 1 1 2780 3405 5154
6442 2 2 1 1 474 475 4469
6443 2 2 1 1 1571 1570 1572
6444 2 2 1 1 595 596 1265
6445 2 2 1 1 350 351 4466
6446 2 2 1 1 1687 1685 2584
6447 2 2 1 1 27 28 1276
6448 2 2 1 1 1515 4304 4618
6449 2 2 1 1 1699 1697 2665
6450 2 2 1 1 3503 3402 4703
6451 2 2 1 1 2434 2438 4307
6452 2 2 1 1 2134 3485 3487
6453 2 2 1 1 2790 4681 5278
6454 2 2 1 1 1034 1035 4766
6455 2 2 1 1 1135 3397 5258
6456 2 2 1 1 2872 2871 5019
6457 2 2 1 1 4784 3950 5094
6458 2 2 1 1 5061 1006 5158
6459 2 2 1 1 2368 2369 3842
6460 2 2 1 1 2170 2172 2662
6461 2 2 1 1 1693 1691 2647
6462 2 2 1 1 1938 1937 2594
6463 2 2 1 1 548 549 4527
6464 2 2 1 1 1123 3430 5056
6465 2 2 1 1 253 254 1285
6466 2 2 1 1 602 603 4760
6467 2 2 1 1 758 759 4632
6468 2 2 1 1 625 626 4522
6469 2 2 1 1 2792 2665 4663
6470 2 2 1 1 2445 2446 4477
6471 2 2 1 1 1681 3506 3508
6472 2 2 1 1 2070 2071 3846
6473 2 2 1 1 2702 4338 4340
6474 2 2 1 1 2495 5001 5076
6475 2 2 1 1 2460 2488 4531
6476 2 2 1 1 4057 3250 5000
6477 2 2 1 1 2977 4428 4826
6478 2 2 1 1 3513 2124 3515
6479 2 2 1 1 110 111 1277
6480 2 2 1 1 956 957 4586
6481 2 2 1 1 2130 2131 4397
6482 2 2 1 1 392 393 4516
6483 2 2 1 1 3814 2739 5132
6484 2 2 1 1 572 573 1485
6485 2 2 1 1 788 789 1230
6486 2 2 1 1 223 224 4514
6487 2 2 1 1 2002 1729 4204
6488 2 2 1 1 655 656 1286
6489 2 2 1 1 3789 3790 3791
6490 2 2 1 1 3450 3236 5000
6491 2 2 1 1 523 524 1420
6492 2 2 1 1 837 838 4513
6493 2 2 1 1 933 4746 4905
6494 2 2 1 1 1924 1923 2596
6495 2 2 1 1 1057 3835 5281
6496 2 2 1 1 3546 1971 4904
6497 2 2 1 1 3891 2774 5141
6498 2 2 1 1 4478 1553 4774
6499 2 2 1 1 3515 3533 3836
6500 2 2 1 1 1574 1572 1575
6501 2 2 1 1 44 45 1421
6502 2 2 1 1 3637 2489 3638
6503 2 2 1 1 140 141 4749
6504 2 2 1 1 213 214 1391
6505 2 2 1 1 685 686 1422
6506 2 2 1 1 1609 1608 2611
6507 2 2 1 1 3039 4191 4815
6508 2 2 1 1 3984 2741 4585
6509 2 2 1 1 193 194 4507
6510 2 2 1 1 2349 2350 2564
6511 2 2 1 1 936 3477 5101
6512 2 2 1 1 1576 1575 1577
6513 2 2 1 1 1899 1897 4033
6514 2 2 1 1 4090 2705 4092
6515 2 2 1 1 3112 3109 4871
6516 2 2 1 1 827 828 1423
6517 2 2 1 1 533 534 1289
6518 2 2 1 1 2781 2651 2782
6519 2 2 1 1 1054 3667 4428
6520 2 2 1 1 1130 1131 4600
6521 2 2 1 1 1111 3260 4593
6522 2 2 1 1 1579 1577 1580
6523 2 2 1 1 937 936 5101
6524 2 2 1 1 715 716 4503
6525 2 2 1 1 3131 4818 5147
6526 2 2 1 1 452 453 4561
6527 2 2 1 1 2640 4132 4518
6528 2 2 1 1 170 171 1190
6529 2 2 1 1 3371 3197 5014
6530 2 2 1 1 1581 1580 1590
6531 2 2 1 1 1682 1681 4481
6532 2 2 1 1 4875 1526 5243
6533 2 2 1 1 1897 1896 2608
6534 2 2 1 1 163 164 1424
6535 2 2 1 1 4610 2895 5050
6536 2 2 1 1 891 892 4454
6537 2 2 1 1 3801 3799 4146
6538 2 2 1 1 2559 1590 2617
6539 2 2 1 1 2797 3449 5365
6540 2 2 1 1 540 541 1246
6541 2 2 1 1 820 821 1180
6542 2 2 1 1 37 38 4498
6543 2 2 1 1 2657 2617 2658
6544 2 2 1 1 2650 1586 4069
6545 2 2 1 1 3664 3661 4967
6546 2 2 1 1 2659 2658 2758
6547 2 2 1 1 3337 2681 5133
6548 2 2 1 1 3043 3044 5203
6549 2 2 1 1 745 746 1291
6550 2 2 1 1 3663 2523 5034
6551 2 2 1 1 2615 4282 4649
6552 2 2 1 1 3578 2597 4176
6553 2 2 1 1 4327 2026 5239
6554 2 2 1 1 516 517 4496
6555 2 2 1 1 1506 4242 4243
6556 2 2 1 1 2176 2516 4222
6557 2 2 1 1 489 490 4451
6558 2 2 1 1 1063 1062 4606
6559 2 2 1 1 3000 3001 4907
6560 2 2 1 1 133 134 1426
6561 2 2 1 1 3487 3488 4984
6562 2 2 1 1 200 201 1435
6563 2 2 1 1 2321 2322 3901
6564 2 2 1 1 987 988 4868
6565 2 2 1 1 2671 3476 5350
6566 2 2 1 1 399 400 1427
6567 2 2 1 1 775 776 4490
6568 2 2 1 1 4330 3821 4644
6569 2 2 1 1 377 378 1392
6570 2 2 1 1 1 9 5274
6571 2 2 1 1 2125 2128 4512
6572 2 2 1 1 3464 1079 5004
6573 2 2 1 1 3036 3290 5148
6574 2 2 1 1 2746 3259 4929
6575 2 2 1 1 450 451 1552
6576 2 2 1 1 4561 1552 5299
6577 2 2 1 1 1341 4725 5198
6578 2 2 1 1 972 971 4794
6579 2 2 1 1 2420 2423 3695
6580 2 2 1 1 2659 2758 3268
6581 2 2 1 1 916 5 5272
6582 2 2 1 1 103 104 4483
6583 2 2 1 1 2657 2658 2659
6584 2 2 1 1 230 231 4731
6585 2 2 1 1 1588 2650 2651
6586 2 2 1 1 2559 2617 2657
6587 2 2 1 1 805 806 4484
6588 2 2 1 1 1853 2702 4340
6589 2 2 1 1 1581 1590 2559
6590 2 2 1 1 1906 2053 4953
6591 2 2 1 1 2504 4356 5370
6592 2 2 1 1 2603 2301 5266
6593 2 2 1 1 1021 3758 4379
6594 2 2 1 1 1579 1580 1581
6595 2 2 1 1 4894 3173 5165
6596 2 2 1 1 1673 3605 3607
6597 2 2 1 1 1514 4281 4282
6598 2 2 1 1 2583 2293 5240
6599 2 2 1 1 1576 1577 1579
6600 2 2 1 1 2044 3802 4240
6601 2 2 1 1 4380 3210 4550
6602 2 2 1 1 1571 1572 1574
6603 2 2 1 1 2424 2427 4279
6604 2 2 1 1 3304 2485 5065
6605 2 2 1 1 1574 1575 1576
6606 2 2 1 1 2060 1719 4224
6607 2 2 1 1 3801 4920 5096
6608 2 2 1 1 1999 1810 5077
6609 2 2 1 1 3965 3969 5320
6610 2 2 1 1 2586 2441 2788
6611 2 2 1 1 333 334 1397
6612 2 2 1 1 506 507 4436
6613 2 2 1 1 3004 2514 4885
6614 2 2 1 1 4614 1483 5287
6615 2 2 1 1 3616 2567 3617
6616 2 2 1 1 2708 2710 4861
6617 2 2 1 1 3379 3381 5202
6618 2 2 1 1 4297 1171 4778
6619 2 2 1 1 3980 3959 4761
6620 2 2 1 1 260 261 1225
6621 2 2 1 1 3803 448 4231
6622 2 2 1 1 2948 2947 4843
6623 2 2 1 1 4985 6 5118
6624 2 2 1 1 2825 2824 4943
6625 2 2 1 1 2525 2331 5221
6626 2 2 1 1 859 860 1439
6627 2 2 1 1 501 502 1440
6628 2 2 1 1 3583 3584 3587
6629 2 2 1 1 1013 1012 5220
6630 2 2 1 1 3514 3916 3917
6631 2 2 1 1 3042 3039 4815
6632 2 2 1 1 4303 1515 4768
6633 2 2 1 1 990 989 4853
6634 2 2 1 1 3758 3210 4379
6635 2 2 1 1 3714 2653 3715
6636 2 2 1 1 2166 2570 4223
6637 2 2 1 1 3918 3919 4564
6638 2 2 1 1 4646 4054 5359
6639 2 2 1 1 3266 3140 4856
6640 2 2 1 1 3153 3489 4862
6641 2 2 1 1 763 764 4424
6642 2 2 1 1 290 291 1252
6643 2 2 1 1 86 87 4474
6644 2 2 1 1 2199 2482 4974
6645 2 2 1 1 1029 4158 5189
6646 2 2 1 1 5019 2871 5043
6647 2 2 1 1 2785 2651 4154
6648 2 2 1 1 3975 2593 4637
6649 2 2 1 1 4294 4291 4295
6650 2 2 1 1 2763 3735 4886
6651 2 2 1 1 3260 3465 4738
6652 2 2 1 1 416 417 1241
6653 2 2 1 1 328 329 1498
6654 2 2 1 1 76 77 1305
6655 2 2 1 1 925 3866 4894
6656 2 2 1 1 3697 3699 4040
6657 2 2 1 1 434 435 4677
6658 2 2 1 1 3285 4985 5118
6659 2 2 1 1 2428 2430 4071
6660 2 2 1 1 3331 3151 4804
6661 2 2 1 1 5 900 5272
6662 2 2 1 1 3334 3332 4997
6663 2 2 1 1 810 811 4455
6664 2 2 1 1 2873 3356 4688
6665 2 2 1 1 4398 1152 5132
6666 2 2 1 1 915 1 5274
6667 2 2 1 1 886 887 4467
6668 2 2 1 1 1130 4600 4601
6669 2 2 1 1 2614 2343 5237
6670 2 2 1 1 320 321 4718
6671 2 2 1 1 108 109 4418
6672 2 2 1 1 426 427 4465
6673 2 2 1 1 2477 4330 4644
6674 2 2 1 1 3374 4921 5297
6675 2 2 1 1 949 950 4947
6676 2 2 1 1 733 734 4420
6677 2 2 1 1 298 299 1254
6678 2 2 1 1 2408 2489 3635
6679 2 2 1 1 2656 1723 4096
6680 2 2 1 1 876 877 4717
6681 2 2 1 1 484 485 1228
6682 2 2 1 1 2590 2428 4071
6683 2 2 1 1 2968 4587 4626
6684 2 2 1 1 2865 2864 4930
6685 2 2 1 1 2181 2179 5076
6686 2 2 1 1 1269 3812 4485
6687 2 2 1 1 2124 2125 4512
6688 2 2 1 1 10 11 1405
6689 2 2 1 1 1074 1075 5093
6690 2 2 1 1 1823 4296 4300
6691 2 2 1 1 2115 2117 4097
6692 2 2 1 1 4600 2810 4601
6693 2 2 1 1 268 269 4707
6694 2 2 1 1 703 704 4416
6695 2 2 1 1 3323 3146 4886
6696 2 2 1 1 138 139 4408
6697 2 2 1 1 1981 1838 5238
6698 2 2 1 1 431 432 1309
6699 2 2 1 1 4138 4139 4509
6700 2 2 1 1 469 470 1307
6701 2 2 1 1 121 122 1408
6702 2 2 1 1 4317 4139 4751
6703 2 2 1 1 345 346 1453
6704 2 2 1 1 2156 2528 4237
6705 2 2 1 1 5093 3082 5098
6706 2 2 1 1 3198 4720 5033
6707 2 2 1 1 2848 2847 5353
6708 2 2 1 1 956 4586 4694
6709 2 2 1 1 4803 2708 4861
6710 2 2 1 1 871 872 4447
6711 2 2 1 1 71 72 4445
6712 2 2 1 1 2045 1709 4255
6713 2 2 1 1 25 26 1517
6714 2 2 1 1 2876 2875 4889
6715 2 2 1 1 238 239 1507
6716 2 2 1 1 1589 3491 5334
6717 2 2 1 1 1421 3727 3872
6718 2 2 1 1 4538 2754 5018
6719 2 2 1 1 151 152 1360
6720 2 2 1 1 1486 4272 4273
6721 2 2 1 1 91 92 1299
6722 2 2 1 1 673 674 4405
6723 2 2 1 1 315 316 4441
6724 2 2 1 1 1107 3408 4865
6725 2 2 1 1 2882 2887 5126
6726 2 2 1 1 1019 1020 4976
6727 2 2 1 1 4975 3367 5046
6728 2 2 1 1 365 366 1458
6729 2 2 1 1 2602 2115 4097
6730 2 2 1 1 3452 3451 4684
6731 2 2 1 1 4017 2737 4607
6732 2 2 1 1 3990 3992 4589
6733 2 2 1 1 411 412 4434
6734 2 2 1 1 1461 3974 4475
6735 2 2 1 1 2947 3294 4868
6736 2 2 1 1 793 794 1301
6737 2 2 1 1 567 568 1409
6738 2 2 1 1 854 855 1410
6739 2 2 1 1 208 209 1442
6740 2 2 1 1 181 182 1520
6741 2 2 1 1 1072 3890 5356
6742 2 2 1 1 3941 1520 3997
6743 2 2 1 1 2962 3352 4825
6744 2 2 1 1 538 539 4400
6745 2 2 1 1 2524 2084 5310
6746 2 2 1 1 4385 3861 4386
6747 2 2 1 1 285 286 1300
6748 2 2 1 1 2547 1969 4214
6749 2 2 1 1 2563 2359 5216
6750 2 2 1 1 4154 2650 4622
6751 2 2 1 1 3786 3409 4659
6752 2 2 1 1 3376 3786 4659
6753 2 2 1 1 1665 1663 4133
6754 2 2 1 1 4828 3162 4990
6755 2 2 1 1 2191 2529 5251
6756 2 2 1 1 643 644 4396
6757 2 2 1 1 2032 3574 3908
6758 2 2 1 1 1101 1102 5319
6759 2 2 1 1 3425 1522 5244
6760 2 2 1 1 2696 2186 4206
6761 2 2 1 1 4102 1133 4966
6762 2 2 1 1 1268 3973 4502
6763 2 2 1 1 597 598 4423
6764 2 2 1 1 4524 2701 4726
6765 2 2 1 1 3389 1008 5392
6766 2 2 1 1 178 179 4557
6767 2 2 1 1 1451 4010 4011
6768 2 2 1 1 4293 2598 4301
6769 2 2 1 1 2105 2107 4152
6770 2 2 1 1 255 256 4419
6771 2 2 1 1 550 551 4422
6772 2 2 1 1 1400 3671 3700
6773 2 2 1 1 3912 1450 4236
6774 2 2 1 1 2407 3635 3636
6775 2 2 1 1 1546 4316 4317
6776 2 2 1 1 970 971 5043
6777 2 2 1 1 1677 1674 4415
6778 2 2 1 1 2580 4054 4055
6779 2 2 1 1 627 628 1454
6780 2 2 1 1 2267 2265 5253
6781 2 2 1 1 211 212 4482
6782 2 2 1 1 2486 4439 4440
6783 2 2 1 1 919 920 5013
6784 2 2 1 1 1473 3494 3889
6785 2 2 1 1 4971 3277 5119
6786 2 2 1 1 1116 3459 4657
6787 2 2 1 1 4047 4181 4830
6788 2 2 1 1 613 614 4388
6789 2 2 1 1 2041 1718 5293
6790 2 2 1 1 1039 1040 4901
6791 2 2 1 1 920 4584 5013
6792 2 2 1 1 382 383 1464
6793 2 2 1 1 2786 3172 5041
6794 2 2 1 1 445 446 4808
6795 2 2 1 1 4552 1019 4976
6796 2 2 1 1 842 843 4383
6797 2 2 1 1 394 395 4413
6798 2 2 1 1 1839 2648 5234
6799 2 2 1 1 148 149 4540
6800 2 2 1 1 4121 1542 4122
6801 2 2 1 1 225 226 4411
6802 2 2 1 1 3902 3903 4895
6803 2 2 1 1 4040 3699 4098
6804 2 2 1 1 2655 1703 4263
6805 2 2 1 1 4309 4314 4756
6806 2 2 1 1 1659 1657 4156
6807 2 2 1 1 657 658 1412
6808 2 2 1 1 2051 1776 5316
6809 2 2 1 1 241 242 4475
6810 2 2 1 1 2740 2779 4899
6811 2 2 1 1 521 522 1314
6812 2 2 1 1 839 840 4412
6813 2 2 1 1 22 23 4533
6814 2 2 1 1 271 272 4460
6815 2 2 1 1 1264 3641 3642
6816 2 2 1 1 2410 2412 4164
6817 2 2 1 1 2875 2877 4908
6818 2 2 1 1 1021 1020 4676
6819 2 2 1 1 3306 938 4667
6820 2 2 1 1 54 55 1264
6821 2 2 1 1 3223 5061 5158
6822 2 2 1 1 4979 3195 5116
6823 2 2 1 1 59 60 5160
6824 2 2 1 1 1102 1103 4767
6825 2 2 1 1 3136 3435 4857
6826 2 2 1 1 42 43 1318
6827 2 2 1 1 3417 3419 4480
6828 2 2 1 1 195 196 1353
6829 2 2 1 1 687 688 1306
6830 2 2 1 1 2044 1960 3799
6831 2 2 1 1 1118 1117 4816
6832 2 2 1 1 1112 3736 4929
6833 2 2 1 1 4723 2979 4969
6834 2 2 1 1 2862 2863 4909
6835 2 2 1 1 118 119 1178
6836 2 2 1 1 1147 1148 4923
6837 2 2 1 1 168 169 1413
6838 2 2 1 1 2402 2404 4171
6839 2 2 1 1 1663 2551 4133
6840 2 2 1 1 1653 1651 4170
6841 2 2 1 1 825 826 1311
6842 2 2 1 1 535 536 1473
6843 2 2 1 1 2099 2101 4177
6844 2 2 1 1 822 823 1414
6845 2 2 1 1 780 781 1245
6846 2 2 1 1 580 581 4662
6847 2 2 1 1 3397 4949 5182
6848 2 2 1 1 717 718 4395
6849 2 2 1 1 2083 2496 3820
6850 2 2 1 1 165 166 1315
6851 2 2 1 1 1725 2721 4204
6852 2 2 1 1 2023 1635 3804
6853 2 2 1 1 2469 3364 4673
6854 2 2 1 1 553 554 4375
6855 2 2 1 1 599 600 4334
6856 2 2 1 1 301 302 4430
6857 2 2 1 1 198 199 1319
6858 2 2 1 1 3383 2680 4816
6859 2 2 1 1 1591 3347 3499
6860 2 2 1 1 955 956 4694
6861 2 2 1 1 57 58 4370
6862 2 2 1 1 39 40 1352
6863 2 2 1 1 2836 2834 4850
6864 2 2 1 1 952 4950 5050
6865 2 2 1 1 3333 5099 5193
6866 2 2 1 1 4968 2996 5330
6867 2 2 1 1 3736 2746 4929
6868 2 2 1 1 3544 1947 5035
6869 2 2 1 1 747 748 1415
6870 2 2 1 1 750 751 1213
6871 2 2 1 1 610 611 1221
6872 2 2 1 1 921 3735 4584
6873 2 2 1 1 2015 3652 4891
6874 2 2 1 1 2770 2172 4222
6875 2 2 1 1 1977 3653 4809
6876 2 2 1 1 518 519 1351
6877 2 2 1 1 135 136 1321
6878 2 2 1 1 3044 4682 4683
6879 2 2 1 1 958 959 4697
6880 2 2 1 1 2805 2703 4926
6881 2 2 1 1 331 332 4403
6882 2 2 1 1 228 229 1480
6883 2 2 1 1 1421 3597 3727
6884 2 2 1 1 397 398 1323
6885 2 2 1 1 1647 1645 4205
6886 2 2 1 1 4368 1974 5227
6887 2 2 1 1 2665 1697 4276
6888 2 2 1 1 3034 3035 5225
6889 2 2 1 1 433 1368 2720
6890 2 2 1 1 4401 3705 5369
6891 2 2 1 1 583 584 1361
6892 2 2 1 1 777 778 4381
6893 2 2 1 1 379 380 4378
6894 2 2 1 1 3660 3661 3664
6895 2 2 1 1 720 721 4655
6896 2 2 1 1 640 641 1229
6897 2 2 1 1 2455 2670 4259
6898 2 2 1 1 3491 2692 5334
6899 2 2 1 1 3963 1483 4991
6900 2 2 1 1 2043 1730 5394
6901 2 2 1 1 2005 1754 5354
6902 2 2 1 1 4471 1475 4472
6903 2 2 1 1 2067 2070 3891
6904 2 2 1 1 105 106 4385
6905 2 2 1 1 2142 2580 4275
6906 2 2 1 1 2859 2858 5009
6907 2 2 1 1 2585 2105 4152
6908 2 2 1 1 3263 3962 4476
6909 2 2 1 1 1142 1141 4818
6910 2 2 1 1 3390 1547 4845
6911 2 2 1 1 258 259 1484
6912 2 2 1 1 1058 4137 4723
6913 2 2 1 1 807 808 4374
6914 2 2 1 1 1124 1123 5056
6915 2 2 1 1 670 671 4650
6916 2 2 1 1 3672 1573 5131
6917 2 2 1 1 2071 2536 3846
6918 2 2 1 1 1151 3369 5229
6919 2 2 1 1 3671 1282 3700
6920 2 2 1 1 1657 2582 4156
6921 2 2 1 1 2369 2537 3842
6922 2 2 1 1 3752 950 4594
6923 2 2 1 1 2483 3552 3553
6924 2 2 1 1 3719 3721 4602
6925 2 2 1 1 1310 4387 4483
6926 2 2 1 1 288 289 1417
6927 2 2 1 1 2765 3478 5183
6928 2 2 1 1 3631 4805 4833
6929 2 2 1 1 1069 1070 4918
6930 2 2 1 1 2391 2393 4238
6931 2 2 1 1 660 661 1183
6932 2 2 1 1 700 701 1244
6933 2 2 1 1 857 858 1324
6934 2 2 1 1 503 504 1325
6935 2 2 1 1 414 415 1488
6936 2 2 1 1 3886 3564 5106
6937 2 2 1 1 2688 1896 4392
6938 2 2 1 1 362 363 4362
6939 2 2 1 1 74 75 4358
6940 2 2 1 1 4220 3728 4221
6941 2 2 1 1 2093 2095 4249
6942 2 2 1 1 1639 1637 4258
6943 2 2 1 1 1331 4303 4768
6944 2 2 1 1 3130 4709 4710
6945 2 2 1 1 1964 1962 4240
6946 2 2 1 1 2449 2646 4477
6947 2 2 1 1 4245 4615 5379
6948 2 2 1 1 1523 3723 4854
6949 2 2 1 1 2647 1691 4288
6950 2 2 1 1 719 720 4290
6951 2 2 1 1 318 319 1490
6952 2 2 1 1 2733 2162 4223
6953 2 2 1 1 88 89 4361
6954 2 2 1 1 630 631 4640
6955 2 2 1 1 730 731 1215
6956 2 2 1 1 3436 2214 4444
6957 2 2 1 1 1078 1079 4786
6958 2 2 1 1 1430 3642 3643
6959 2 2 1 1 348 349 4350
6960 2 2 1 1 3840 3839 5301
6961 2 2 1 1 2321 3902 4391
6962 2 2 1 1 472 473 4351
6963 2 2 1 1 2667 3746 4185
6964 2 2 1 1 3345 3165 4862
6965 2 2 1 1 3868 3503 4703
6966 2 2 1 1 874 875 1491
6967 2 2 1 1 486 487 1492
6968 2 2 1 1 1120 1119 4823
6969 2 2 1 1 3044 4869 5203
6970 2 2 1 1 1952 1950 4252
6971 2 2 1 1 2128 2625 4512
6972 2 2 1 1 2794 4917 5383
6973 2 2 1 1 2702 4417 4633
6974 2 2 1 1 2540 2099 4177
6975 2 2 1 1 1956 1954 4267
6976 2 2 1 1 2584 1685 4481
6977 2 2 1 1 3771 3560 5284
6978 2 2 1 1 2134 3487 4397
6979 2 2 1 1 4748 5194 5339
6980 2 2 1 1 4139 1998 4509
6981 2 2 1 1 3727 1318 3872
6982 2 2 1 1 3437 3436 3438
6983 2 2 1 1 4883 3230 5275
6984 2 2 1 1 2383 2385 4285
6985 2 2 1 1 888 889 1370
6986 2 2 1 1 600 601 4635
6987 2 2 1 1 760 761 4634
6988 2 2 1 1 4889 2875 4908
6989 2 2 1 1 428 429 4348
6990 2 2 1 1 2085 2087 4284
6991 2 2 1 1 1855 1853 4340
6992 2 2 1 1 791 792 1425
6993 2 2 1 1 1294 4536 5002
6994 2 2 1 1 4161 2445 4162
6995 2 2 1 1 3188 3277 5364
6996 2 2 1 1 1651 2576 4170
6997 2 2 1 1 1068 4914 4935
6998 2 2 1 1 1335 4752 5347
6999 2 2 1 1 3370 2994 3955
7000 2 2 1 1 2619 2402 4171
7001 2 2 1 1 1715 2778 4224
7002 2 2 1 1 4002 4008 5332
7003 2 2 1 1 3366 2475 5074
7004 2 2 1 1 3535 3536 5111
7005 2 2 1 1 1631 1629 4319
7006 2 2 1 1 946 945 4734
7007 2 2 1 1 570 571 1160
7008 2 2 1 1 790 791 4630
7009 2 2 1 1 761 762 4337
7010 2 2 1 1 1009 1008 4735
7011 2 2 1 1 1705 2718 4255
7012 2 2 1 1 2900 2899 5029
7013 2 2 1 1 2349 2592 4369
7014 2 2 1 1 1944 1942 4320
7015 2 2 1 1 2371 2373 4329
7016 2 2 1 1 2073 2075 4328
7017 2 2 1 1 2322 2587 3901
7018 2 2 1 1 2690 2152 4237
7019 2 2 1 1 429 430 1495
7020 2 2 1 1 1597 1595 4345
7021 2 2 1 1 569 570 4268
7022 2 2 1 1 4327 4324 5209
7023 2 2 1 1 347 348 1327
7024 2 2 1 1 1601 1599 4346
7025 2 2 1 1 629 630 1312
7026 2 2 1 1 4596 4264 5006
7027 2 2 1 1 2077 2079 4330
7028 2 2 1 1 2938 3168 5063
7029 2 2 1 1 471 472 1496
7030 2 2 1 1 889 890 4331
7031 2 2 1 1 1877 1875 4364
7032 2 2 1 1 2294 2296 4382
7033 2 2 1 1 73 74 1349
7034 2 2 1 1 2972 4901 5080
7035 2 2 1 1 2788 2441 4161
7036 2 2 1 1 1934 1932 4343
7037 2 2 1 1 1605 1603 4360
7038 2 2 1 1 4175 4782 5121
7039 2 2 1 1 2430 2433 4071
7040 2 2 1 1 2332 2334 4356
7041 2 2 1 1 89 90 1497
7042 2 2 1 1 4035 4036 4739
7043 2 2 1 1 487 488 4322
7044 2 2 1 1 873 874 4321
7045 2 2 1 1 2340 2342 4363
7046 2 2 1 1 2612 1608 4360
7047 2 2 1 1 2286 2288 4377
7048 2 2 1 1 2637 3517 3518
7049 2 2 1 1 317 318 4318
7050 2 2 1 1 363 364 1328
7051 2 2 1 1 3617 2567 4459
7052 2 2 1 1 3898 4872 5252
7053 2 2 1 1 1919 1917 4365
7054 2 2 1 1 1219 3974 3975
7055 2 2 1 1 2362 2364 4359
7056 2 2 1 1 3057 4918 4919
7057 2 2 1 1 2344 2346 4369
7058 2 2 1 1 2260 2262 4407
7059 2 2 1 1 3335 3230 4883
7060 2 2 1 1 3225 3869 4645
7061 2 2 1 1 2328 2330 4371
7062 2 2 1 1 1915 1913 4368
7063 2 2 1 1 4843 2947 4868
7064 2 2 1 1 671 672 4308
7065 2 2 1 1 689 690 1438
7066 2 2 1 1 413 414 4289
7067 2 2 1 1 875 876 4145
7068 2 2 1 1 731 732 4239
7069 2 2 1 1 2324 2326 4372
7070 2 2 1 1 319 320 4128
7071 2 2 1 1 1109 4213 5135
7072 2 2 1 1 504 505 4287
7073 2 2 1 1 856 857 4286
7074 2 2 1 1 2316 2318 4391
7075 2 2 1 1 287 288 4278
7076 2 2 1 1 809 810 4269
7077 2 2 1 1 1889 1887 4390
7078 2 2 1 1 2689 1923 4365
7079 2 2 1 1 2586 4221 5285
7080 2 2 1 1 955 4694 4788
7081 2 2 1 1 3112 4871 5258
7082 2 2 1 1 56 57 1499
7083 2 2 1 1 2312 2314 4394
7084 2 2 1 1 3298 926 4745
7085 2 2 1 1 3374 963 5259
7086 2 2 1 1 962 3412 5178
7087 2 2 1 1 1893 1891 4392
7088 2 2 1 1 2674 2585 4414
7089 2 2 1 1 932 3272 4746
7090 2 2 1 1 2658 2617 4157
7091 2 2 1 1 2308 2310 4401
7092 2 2 1 1 2296 2298 4402
7093 2 2 1 1 808 809 1501
7094 2 2 1 1 552 553 1359
7095 2 2 1 1 1991 3363 5378
7096 2 2 1 1 106 107 4384
7097 2 2 1 1 701 702 4226
7098 2 2 1 1 659 660 4225
7099 2 2 1 1 4301 2598 4556
7100 2 2 1 1 2304 2306 4404
7101 2 2 1 1 2300 2302 4409
7102 2 2 1 1 2368 3843 4359
7103 2 2 1 1 380 381 1320
7104 2 2 1 1 257 258 4256
7105 2 2 1 1 2117 2120 4097
7106 2 2 1 1 2689 4174 4175
7107 2 2 1 1 2568 3782 3783
7108 2 2 1 1 1699 2665 2792
7109 2 2 1 1 778 779 1503
7110 2 2 1 1 2214 2216 4444
7111 2 2 1 1 3264 3111 5182
7112 2 2 1 1 581 582 1527
7113 2 2 1 1 3199 3200 4874
7114 2 2 1 1 3607 3608 4376
7115 2 2 1 1 2054 1899 4033
7116 2 2 1 1 934 935 4759
7117 2 2 1 1 2438 2586 4307
7118 2 2 1 1 2794 4844 4994
7119 2 2 1 1 1289 3494 3502
7120 2 2 1 1 1136 1135 5258
7121 2 2 1 1 841 842 1504
7122 2 2 1 1 1008 3389 5191
7123 2 2 1 1 4209 3733 4210
7124 2 2 1 1 1785 1783 4421
7125 2 2 1 1 4328 2477 5248
7126 2 2 1 1 1851 1849 4417
7127 2 2 1 1 2586 3870 4221
7128 2 2 1 1 3558 3559 5184
7129 2 2 1 1 3367 2728 5046
7130 2 2 1 1 3155 3158 4880
7131 2 2 1 1 612 613 1505
7132 2 2 1 1 2992 3370 4106
7133 2 2 1 1 396 397 4236
7134 2 2 1 1 4506 4811 5026
7135 2 2 1 1 582 583 4248
7136 2 2 1 1 227 228 4235
7137 2 2 1 1 1869 1867 4480
7138 2 2 1 1 3482 3689 4973
7139 2 2 1 1 3689 3206 4973
7140 2 2 1 1 1224 4793 4831
7141 2 2 1 1 3427 3433 5294
7142 2 2 1 1 4618 4304 4895
7143 2 2 1 1 1829 1827 4437
7144 2 2 1 1 136 137 4233
7145 2 2 1 1 1803 1801 4425
7146 2 2 1 1 641 642 4200
7147 2 2 1 1 456 1553 4478
7148 2 2 1 1 2673 3775 5166
7149 2 2 1 1 1098 1097 5145
7150 2 2 1 1 4255 2718 5005
7151 2 2 1 1 611 612 4186
7152 2 2 1 1 749 750 4184
7153 2 2 1 1 943 942 4799
7154 2 2 1 1 55 56 4155
7155 2 2 1 1 229 230 4074
7156 2 2 1 1 779 780 4167
7157 2 2 1 1 993 5063 5200
7158 2 2 1 1 519 520 4230
7159 2 2 1 1 3129 3131 4892
7160 2 2 1 1 2226 2228 4426
7161 2 2 1 1 718 719 1508
7162 2 2 1 1 642 643 1509
7163 2 2 1 1 2670 2457 3005
7164 2 2 1 1 3790 2604 3791
7165 2 2 1 1 2258 2260 4427
7166 2 2 1 1 3494 2576 3502
7167 2 2 1 1 537 538 1348
7168 2 2 1 1 748 749 4229
7169 2 2 1 1 3741 3710 3913
7170 2 2 1 1 40 41 4220
7171 2 2 1 1 1068 1067 4914
7172 2 2 1 1 1673 3607 4415
7173 2 2 1 1 2637 3518 3519
7174 2 2 1 1 197 198 4218
7175 2 2 1 1 2222 2224 4438
7176 2 2 1 1 672 673 1510
7177 2 2 1 1 1859 1857 4453
7178 2 2 1 1 2486 4440 4464
7179 2 2 1 1 137 138 1449
7180 2 2 1 1 166 167 4215
7181 2 2 1 1 226 227 1326
7182 2 2 1 1 395 396 1450
7183 2 2 1 1 840 841 4323
7184 2 2 1 1 4824 963 5178
7185 2 2 1 1 3487 3485 3488
7186 2 2 1 1 702 703 1441
7187 2 2 1 1 2488 2637 4531
7188 2 2 1 1 4526 2687 4670
7189 2 2 1 1 3486 2138 4275
7190 2 2 1 1 107 108 1357
7191 2 2 1 1 41 42 4192
7192 2 2 1 1 196 197 4198
7193 2 2 1 1 167 168 4202
7194 2 2 1 1 381 382 4172
7195 2 2 1 1 256 257 1347
7196 2 2 1 1 4879 4003 5341
7197 2 2 1 1 732 733 1444
7198 2 2 1 1 2277 2280 4491
7199 2 2 1 1 3320 2061 5222
7200 2 2 1 1 823 824 4212
7201 2 2 1 1 1777 1775 4457
7202 2 2 1 1 688 689 4195
7203 2 2 1 1 824 825 4208
7204 2 2 1 1 536 537 4211
7205 2 2 1 1 520 521 4187
7206 2 2 1 1 658 659 4182
7207 2 2 1 1 286 287 4150
7208 2 2 1 1 628 629 4163
7209 2 2 1 1 551 552 4270
7210 2 2 1 1 2276 3899 5252
7211 2 2 1 1 2633 1937 4343
7212 2 2 1 1 855 856 4148
7213 2 2 1 1 568 569 4142
7214 2 2 1 1 598 599 1362
7215 2 2 1 1 762 763 1511
7216 2 2 1 1 2240 2242 4459
7217 2 2 1 1 3501 4039 5391
7218 2 2 1 1 346 347 4104
7219 2 2 1 1 1950 2664 4252
7220 2 2 1 1 4121 1272 4838
7221 2 2 1 1 412 413 1346
7222 2 2 1 1 4044 2814 4588
7223 2 2 1 1 3272 3466 4864
7224 2 2 1 1 584 585 4099
7225 2 2 1 1 2218 2220 4464
7226 2 2 1 1 470 471 4103
7227 2 2 1 1 364 365 4134
7228 2 2 1 1 505 506 1456
7229 2 2 1 1 792 793 4140
7230 2 2 1 1 2427 2732 4279
7231 2 2 1 1 485 486 4045
7232 2 2 1 1 4101 2789 4495
7233 2 2 1 1 316 317 1322
7234 2 2 1 1 999 4961 5107
7235 2 2 1 1 90 91 4118
7236 2 2 1 1 2489 2410 4164
7237 2 2 1 1 3714 3715 3880
7238 2 2 1 1 2204 2206 3791
7239 2 2 1 1 1528 4297 4778
7240 2 2 1 1 3811 3507 4415
7241 2 2 1 1 4001 1312 4640
7242 2 2 1 1 72 73 4207
7243 2 2 1 1 4442 940 5313
7244 2 2 1 1 1773 1770 4509
7245 2 2 1 1 3394 1099 5309
7246 2 2 1 1 2604 4193 5112
7247 2 2 1 1 872 873 1317
7248 2 2 1 1 488 489 1345
7249 2 2 1 1 1669 1665 4133
7250 2 2 1 1 4032 3303 5108
7251 2 2 1 1 430 431 4101
7252 2 2 1 1 1115 4657 5024
7253 2 2 1 1 890 891 1462
7254 2 2 1 1 3805 1634 4319
7255 2 2 1 1 2871 2870 5043
7256 2 2 1 1 3715 2654 4266
7257 2 2 1 1 330 331 1179
7258 2 2 1 1 2979 2978 5230
7259 2 2 1 1 947 3319 4779
7260 2 2 1 1 3160 3180 5267
7261 2 2 1 1 1761 1759 4458
7262 2 2 1 1 3710 3741 4500
7263 2 2 1 1 2025 3584 5020
7264 2 2 1 1 502 503 4015
7265 2 2 1 1 2082 3821 4330
7266 2 2 1 1 1837 1835 3568
7267 2 2 1 1 3025 3024 4935
7268 2 2 1 1 2491 4249 5111
7269 2 2 1 1 3519 3518 4190
7270 2 2 1 1 3553 4426 5146
7271 2 2 1 1 427 428 1316
7272 2 2 1 1 436 1363 4902
7273 2 2 1 1 361 362 1529
7274 2 2 1 1 3511 2720 5254
7275 2 2 1 1 1302 4293 4503
7276 2 2 1 1 2026 4327 5209
7277 2 2 1 1 349 350 1463
7278 2 2 1 1 2023 3807 4258
7279 2 2 1 1 378 379 3915
7280 2 2 1 1 2560 3166 5175
7281 2 2 1 1 948 949 5036
7282 2 2 1 1 415 416 4013
7283 2 2 1 1 2107 2110 4152
7284 2 2 1 1 182 183 3997
7285 2 2 1 1 887 888 4160
7286 2 2 1 1 473 474 1313
7287 2 2 1 1 2673 1949 4320
7288 2 2 1 1 4745 2773 5360
7289 2 2 1 1 383 384 4018
7290 2 2 1 1 75 76 4053
7291 2 2 1 1 134 135 3907
7292 2 2 1 1 1815 1813 4556
7293 2 2 1 1 289 290 3996
7294 2 2 1 1 3182 3198 5033
7295 2 2 1 1 2044 3801 3802
7296 2 2 1 1 1104 1105 4938
7297 2 2 1 1 4136 2212 5195
7298 2 2 1 1 300 301 1460
7299 2 2 1 1 87 88 1344
7300 2 2 1 1 954 955 4788
7301 2 2 1 1 1687 2695 4288
7302 2 2 1 1 1297 4271 4272
7303 2 2 1 1 746 747 3905
7304 2 2 1 1 2870 5023 5043
7305 2 2 1 1 164 165 3894
7306 2 2 1 1 993 3348 5263
7307 2 2 1 1 3245 4442 5313
7308 2 2 1 1 152 153 3961
7309 2 2 1 1 4517 4427 4616
7310 2 2 1 1 3762 2948 4783
7311 2 2 1 1 821 822 3885
7312 2 2 1 1 1588 2781 5131
7313 2 2 1 1 2091 2491 4098
7314 2 2 1 1 3421 2848 5353
7315 2 2 1 1 259 260 3943
7316 2 2 1 1 5100 1986 5236
7317 2 2 1 1 1749 1747 4487
7318 2 2 1 1 1662 1659 4156
7319 2 2 1 1 534 535 3889
7320 2 2 1 1 858 859 4014
7321 2 2 1 1 2757 3459 4856
7322 2 2 1 1 986 987 4796
7323 2 2 1 1 332 333 3985
7324 2 2 1 1 1322 4131 4441
7325 2 2 1 1 4271 3606 4272
7326 2 2 1 1 1063 4606 4987
7327 2 2 1 1 3027 3025 4914
7328 2 2 1 1 3611 1406 5173
7329 2 2 1 1 686 687 3871
7330 2 2 1 1 270 271 4582
7331 2 2 1 1 3131 4262 4892
7332 2 2 1 1 2866 2865 5260
7333 2 2 1 1 3082 3083 5098
7334 2 2 1 1 58 59 1343
7335 2 2 1 1 1519 4525 4526
7336 2 2 1 1 1059 1060 5197
7337 2 2 1 1 1143 1144 4898
7338 2 2 1 1 2192 2194 4493
7339 2 2 1 1 2208 2210 4492
7340 2 2 1 1 2412 2419 4164
7341 2 2 1 1 2898 2902 5015
7342 2 2 1 1 2940 2948 4780
7343 2 2 1 1 104 105 1310
7344 2 2 1 1 2515 2429 5331
7345 2 2 1 1 1281 4242 4609
7346 2 2 1 1 302 303 1342
7347 2 2 1 1 806 807 1308
7348 2 2 1 1 554 555 1465
7349 2 2 1 1 656 657 3864
7350 2 2 1 1 3407 994 5263
7351 2 2 1 1 3805 4729 4813
7352 2 2 1 1 3475 3339 5070
7353 2 2 1 1 1069 4935 5010
7354 2 2 1 1 812 813 5184
7355 2 2 1 1 4387 1474 4483
7356 2 2 1 1 1711 2045 4535
7357 2 2 1 1 3603 4368 5227
7358 2 2 1 1 4282 2615 4283
7359 2 2 1 1 3800 1959 4267
7360 2 2 1 1 398 399 3911
7361 2 2 1 1 254 255 3855
7362 2 2 1 1 3157 3159 4888
7363 2 2 1 1 776 777 1341
7364 2 2 1 1 199 200 3895
7365 2 2 1 1 3553 3552 4963
7366 2 2 1 1 272 273 1358
7367 2 2 1 1 1326 4077 4411
7368 2 2 1 1 240 241 1219
7369 2 2 1 1 1191 4281 4617
7370 2 2 1 1 3402 3274 4840
7371 2 2 1 1 2101 2104 4177
7372 2 2 1 1 2098 2645 4249
7373 2 2 1 1 2401 2666 4238
7374 2 2 1 1 1645 2025 4205
7375 2 2 1 1 517 518 4087
7376 2 2 1 1 843 844 1295
7377 2 2 1 1 2404 2407 4171
7378 2 2 1 1 4565 1206 4719
7379 2 2 1 1 994 4977 5063
7380 2 2 1 1 596 597 3845
7381 2 2 1 1 38 39 4079
7382 2 2 1 1 1656 1653 4170
7383 2 2 1 1 3903 3904 5311
7384 2 2 1 1 284 285 3841
7385 2 2 1 1 614 615 1340
7386 2 2 1 1 3374 3192 4921
7387 2 2 1 1 1566 1568 4541
7388 2 2 1 1 3338 3340 4893
7389 2 2 1 1 2710 2743 4948
7390 2 2 1 1 3875 3876 3878
7391 2 2 1 1 539 540 3883
7392 2 2 1 1 1170 4273 4820
7393 2 2 1 1 4231 1552 4561
7394 2 2 1 1 410 411 3834
7395 2 2 1 1 169 170 3874
7396 2 2 1 1 242 243 1461
7397 2 2 1 1 3946 4038 5233
7398 2 2 1 1 2982 3086 5330
7399 2 2 1 1 853 854 3833
7400 2 2 1 1 566 567 3832
7401 2 2 1 1 2491 2093 4249
7402 2 2 1 1 716 717 1302
7403 2 2 1 1 644 645 1339
7404 2 2 1 1 3896 3898 3899
7405 2 2 1 1 4667 937 5101
7406 2 2 1 1 826 827 3888
7407 2 2 1 1 210 211 1256
7408 2 2 1 1 1713 1711 4535
7409 2 2 1 1 2611 3654 5277
7410 2 2 1 1 11 12 3881
7411 2 2 1 1 3806 3804 4088
7412 2 2 1 1 2643 1650 4205
7413 2 2 1 1 2523 2391 4238
7414 2 2 1 1 2358 2360 4742
7415 2 2 1 1 3628 1396 3629
7416 2 2 1 1 194 195 4058
7417 2 2 1 1 2937 2938 4977
7418 2 2 1 1 3838 2592 5301
7419 2 2 1 1 212 213 3873
7420 2 2 1 1 3552 3855 4963
7421 2 2 1 1 43 44 3872
7422 2 2 1 1 139 140 1298
7423 2 2 1 1 3680 1284 5327
7424 2 2 1 1 674 675 1304
7425 2 2 1 1 3941 4247 4955
7426 2 2 1 1 344 345 3815
7427 2 2 1 1 4011 4010 4820
7428 2 2 1 1 2756 3254 5024
7429 2 2 1 1 3507 1677 4415
7430 2 2 1 1 838 839 1296
7431 2 2 1 1 522 523 3865
7432 2 2 1 1 224 225 1468
7433 2 2 1 1 1983 4210 4877
7434 2 2 1 1 393 394 1303
7435 2 2 1 1 1167 4316 4651
7436 2 2 1 1 2104 2674 4177
7437 2 2 1 1 1897 2608 4033
7438 2 2 1 1 1589 1579 4965
7439 2 2 1 1 704 705 1338
7440 2 2 1 1 1106 4572 5138
7441 2 2 1 1 180 181 4559
7442 2 2 1 1 109 110 3856
7443 2 2 1 1 1962 2044 4240
7444 2 2 1 1 2178 2180 4518
7445 2 2 1 1 2790 4934 5222
7446 2 2 1 1 3390 4845 4975
7447 2 2 1 1 2948 3762 4780
7448 2 2 1 1 989 4683 4853
7449 2 2 1 1 1637 2023 4258
7450 2 2 1 1 4431 4433 5045
7451 2 2 1 1 1650 1647 4205
7452 2 2 1 1 1681 3508 4481
7453 2 2 1 1 2182 2184 4521
7454 2 2 1 1 3661 4797 4967
7455 2 2 1 1 2754 3162 5018
7456 2 2 1 1 3480 3070 4945
7457 2 2 1 1 626 627 3998
7458 2 2 1 1 734 735 1337
7459 2 2 1 1 4283 4698 5343
7460 2 2 1 1 1324 4030 4286
7461 2 2 1 1 1086 1085 4945
7462 2 2 1 1 5063 3168 5200
7463 2 2 1 1 119 120 4546
7464 2 2 1 1 4311 1304 4510
7465 2 2 1 1 2682 1656 4170
7466 2 2 1 1 4696 4313 5304
7467 2 2 1 1 4803 1022 4970
7468 2 2 1 1 1123 4912 5190
7469 2 2 1 1 549 550 1297
7470 2 2 1 1 811 812 1287
7471 2 2 1 1 3813 6 4985
7472 2 2 1 1 26 27 3849
7473 2 2 1 1 994 995 4977
7474 2 2 1 1 1845 2667 4092
7475 2 2 1 1 2496 2085 4284
7476 2 2 1 1 3972 959 4656
7477 2 2 1 1 4861 2710 4948
7478 2 2 1 1 150 151 4539
7479 2 2 1 1 3187 3331 5190
7480 2 2 1 1 764 765 1292
7481 2 2 1 1 4456 1295 4497
7482 2 2 1 1 2762 3308 5013
7483 2 2 1 1 3859 3983 4743
7484 2 2 1 1 3796 3795 5140
7485 2 2 1 1 2646 2451 2804
7486 2 2 1 1 3818 1327 4350
7487 2 2 1 1 2497 2383 4285
7488 2 2 1 1 122 123 3837
7489 2 2 1 1 23 24 1216
7490 2 2 1 1 1027 1026 4846
7491 2 2 1 1 2095 2098 4249
7492 2 2 1 1 24 25 4534
7493 2 2 1 1 3899 2276 4491
7494 2 2 1 1 1323 3756 3912
7495 2 2 1 1 85 86 3792
7496 2 2 1 1 1069 1068 4935
7497 2 2 1 1 2393 2401 4238
7498 2 2 1 1 366 367 3830
7499 2 2 1 1 507 508 1294
7500 2 2 1 1 449 2 5298
7501 2 2 1 1 3 452 5299
7502 2 2 1 1 794 795 3831
7503 2 2 1 1 149 150 1530
7504 2 2 1 1 3174 3118 5055
7505 2 2 1 1 2901 2900 5305
7506 2 2 1 1 4262 3114 4892
7507 2 2 1 1 3514 3917 4097
7508 2 2 1 1 314 315 1469
7509 2 2 1 1 3405 2473 5154
7510 2 2 1 1 3194 3353 5167
7511 2 2 1 1 2001 3594 4936
7512 2 2 1 1 92 93 3828
7513 2 2 1 1 120 121 4188
7514 2 2 1 1 1807 1805 4711
7515 2 2 1 1 1303 4413 4414
7516 2 2 1 1 4024 4023 4031
7517 2 2 1 1 3780 1325 4287
7518 2 2 1 1 1092 1091 5186
7519 2 2 1 1 2649 1662 4156
7520 2 2 1 1 2168 2170 4528
7521 2 2 1 1 1693 2647 2796
7522 2 2 1 1 70 71 1293
7523 2 2 1 1 2118 2610 5344
7524 2 2 1 1 1954 2030 4267
7525 2 2 1 1 4586 957 5329
7526 2 2 1 1 3393 3190 5205
7527 2 2 1 1 3790 1300 4150
7528 2 2 1 1 500 501 3777
7529 2 2 1 1 4165 3524 5075
7530 2 2 1 1 1642 1639 4258
7531 2 2 1 1 3456 3026 5195
7532 2 2 1 1 952 953 4950
7533 2 2 1 1 870 871 1470
7534 2 2 1 1 490 491 3827
7535 2 2 1 1 1968 1964 4240
7536 2 2 1 1 179 180 1201
7537 2 2 1 1 2090 2091 4098
7538 2 2 1 1 3750 1321 4233
7539 2 2 1 1 2895 2894 5097
7540 2 2 1 1 2683 3367 4975
7541 2 2 1 1 2536 2073 4328
7542 2 2 1 1 1305 3663 4053
7543 2 2 1 1 1629 1994 4319
7544 2 2 1 1 3746 1415 4229
7545 2 2 1 1 2977 4826 5295
7546 2 2 1 1 4961 3161 5107
7547 2 2 1 1 3385 4586 5329
7548 2 2 1 1 924 3476 4855
7549 2 2 1 1 2537 2371 4329
7550 2 2 1 1 2087 2090 4284
7551 2 2 1 1 2385 2388 4285
7552 2 2 1 1 4194 3976 5026
7553 2 2 1 1 1008 1007 5349
7554 2 2 1 1 4232 1303 4414
7555 2 2 1 1 3606 1669 4133
7556 2 2 1 1 4266 1444 4420
7557 2 2 1 1 2477 2077 4330
7558 2 2 1 1 3515 2124 4512
7559 2 2 1 1 2030 1952 4252
7560 2 2 1 1 3637 3638 3639
7561 2 2 1 1 2538 4479 4906
7562 2 2 1 1 2610 3430 5059
7563 2 2 1 1 209 210 4508
7564 2 2 1 1 376 377 3759
7565 2 2 1 1 4346 1988 4347
7566 2 2 1 1 971 972 5019
7567 2 2 1 1 2120 3514 4097
7568 2 2 1 1 1959 1956 4267
7569 2 2 1 1 3161 2620 5326
7570 2 2 1 1 3024 3176 5010
7571 2 2 1 1 3862 2468 4742
7572 2 2 1 1 1043 1044 4870
7573 2 2 1 1 1634 1631 4319
7574 2 2 1 1 132 133 3747
7575 2 2 1 1 774 775 3753
7576 2 2 1 1 4942 3172 5087
7577 2 2 1 1 4166 1364 4636
7578 2 2 1 1 425 426 1471
7579 2 2 1 1 2773 2518 4993
7580 2 2 1 1 6 1152 5118
7581 2 2 1 1 1299 3768 4118
7582 2 2 1 1 2564 2350 4737
7583 2 2 1 1 2843 2845 5192
7584 2 2 1 1 351 352 1290
7585 2 2 1 1 1699 2792 4263
7586 2 2 1 1 4882 3060 4887
7587 2 2 1 1 1942 2009 4320
7588 2 2 1 1 3694 1410 4148
7589 2 2 1 1 1420 3586 3865
7590 2 2 1 1 2075 2477 4328
7591 2 2 1 1 2691 4872 5091
7592 2 2 1 1 2971 2972 5022
7593 2 2 1 1 2373 2435 4329
7594 2 2 1 1 4439 3946 5233
7595 2 2 1 1 1085 3480 4945
7596 2 2 1 1 885 886 1336
7597 2 2 1 1 475 476 1472
7598 2 2 1 1 5085 2629 5389
7599 2 2 1 1 2413 2362 4359
7600 2 2 1 1 239 240 4499
7601 2 2 1 1 744 745 3742
7602 2 2 1 1 1088 1089 5366
7603 2 2 1 1 3736 1113 4927
7604 2 2 1 1 77 78 3798
7605 2 2 1 1 162 163 3738
7606 2 2 1 1 2655 4264 4596
7607 2 2 1 1 3070 4476 4945
7608 2 2 1 1 2282 2284 4772
7609 2 2 1 1 2079 2082 4330
7610 2 2 1 1 4927 3254 5062
7611 2 2 1 1 3925 2553 3930
7612 2 2 1 1 2629 1667 5389
7613 2 2 1 1 2576 2643 3502
7614 2 2 1 1 2773 4993 5360
7615 2 2 1 1 2364 2368 4359
7616 2 2 1 1 1183 4110 4225
7617 2 2 1 1 3959 2060 5044
7618 2 2 1 1 2642 3976 4637
7619 2 2 1 1 1020 4611 4676
7620 2 2 1 1 1949 1944 4320
7621 2 2 1 1 532 533 3734
7622 2 2 1 1 1599 1988 4346
7623 2 2 1 1 2036 2771 4972
7624 2 2 1 1 1603 1666 4360
7625 2 2 1 1 269 270 1200
7626 2 2 1 1 2587 2324 4372
7627 2 2 1 1 2876 4889 4916
7628 2 2 1 1 2022 2761 4978
7629 2 2 1 1 1932 1990 4343
7630 2 2 1 1 3704 1424 3894
7631 2 2 1 1 1066 3060 4882
7632 2 2 1 1 4066 1442 4508
7633 2 2 1 1 4246 2465 4772
7634 2 2 1 1 4280 2663 4281
7635 2 2 1 1 1029 1028 4890
7636 2 2 1 1 4914 3025 4935
7637 2 2 1 1 2396 2344 4369
7638 2 2 1 1 4656 958 4903
7639 2 2 1 1 684 685 3725
7640 2 2 1 1 860 861 3774
7641 2 2 1 1 2414 2340 4363
7642 2 2 1 1 1608 1605 4360
7643 2 2 1 1 1512 4517 4616
7644 2 2 1 1 1666 1601 4346
7645 2 2 1 1 1825 1823 4300
7646 2 2 1 1 334 335 3772
7647 2 2 1 1 1913 1974 4368
7648 2 2 1 1 2581 2328 4371
7649 2 2 1 1 2346 2349 4369
7650 2 2 1 1 2604 2204 3791
7651 2 2 1 1 1988 1597 4345
7652 2 2 1 1 3802 3801 5096
7653 2 2 1 1 4611 3036 4676
7654 2 2 1 1 452 4561 5299
7655 2 2 1 1 2342 2396 4363
7656 2 2 1 1 4471 1158 4591
7657 2 2 1 1 1873 1871 4784
7658 2 2 1 1 2326 2581 4372
7659 2 2 1 1 4965 3087 5328
7660 2 2 1 1 2951 2953 5125
7661 2 2 1 1 999 998 4961
7662 2 2 1 1 3735 3323 4886
7663 2 2 1 1 2398 2304 4404
7664 2 2 1 1 4773 2768 5145
7665 2 2 1 1 1917 1922 4365
7666 2 2 1 1 1937 1934 4343
7667 2 2 1 1 2397 2308 4401
7668 2 2 1 1 2416 2294 4382
7669 2 2 1 1 3527 3681 4859
7670 2 2 1 1 299 300 4179
7671 2 2 1 1 1891 1948 4392
7672 2 2 1 1 2306 2397 4404
7673 2 2 1 1 654 655 3718
7674 2 2 1 1 2350 2352 4737
7675 2 2 1 1 2504 2332 4356
7676 2 2 1 1 1896 1893 4392
7677 2 2 1 1 2302 2398 4409
7678 2 2 1 1 2400 2300 4409
7679 2 2 1 1 1887 1947 4390
7680 2 2 1 1 3994 1078 4786
7681 2 2 1 1 2365 2312 4394
7682 2 2 1 1 1948 1889 4390
7683 2 2 1 1 2334 2466 4356
7684 2 2 1 1 934 4759 5012
7685 2 2 1 1 102 103 1474
7686 2 2 1 1 2310 2365 4401
7687 2 2 1 1 2298 2400 4402
7688 2 2 1 1 2057 2794 4994
7689 2 2 1 1 1922 1915 4368
7690 2 2 1 1 1017 4909 5242
7691 2 2 1 1 2399 2316 4391
7692 2 2 1 1 304 305 3760
7693 2 2 1 1 1971 1877 4364
7694 2 2 1 1 1177 4716 4920
7695 2 2 1 1 1875 1972 4364
7696 2 2 1 1 804 805 1475
7697 2 2 1 1 556 557 1269
7698 2 2 1 1 3921 1498 4169
7699 2 2 1 1 2314 2399 4394
7700 2 2 1 1 2330 2504 4371
7701 2 2 1 1 2474 2286 4377
7702 2 2 1 1 4530 3152 4912
7703 2 2 1 1 1923 1919 4365
7704 2 2 1 1 2318 2321 4391
7705 2 2 1 1 252 253 3712
7706 2 2 1 1 2288 2467 4377
7707 2 2 1 1 3676 1265 3845
7708 2 2 1 1 2407 3636 4171
7709 2 2 1 1 2375 2377 4806
7710 2 2 1 1 4162 2445 4477
7711 2 2 1 1 5046 2728 5276
7712 2 2 1 1 1595 3499 4345
7713 2 2 1 1 400 401 3754
7714 2 2 1 1 329 330 4169
7715 2 2 1 1 3518 3517 5288
7716 2 2 1 1 1801 2038 4425
7717 2 2 1 1 2216 2471 4444
7718 2 2 1 1 2262 2661 4407
7719 2 2 1 1 2468 2358 4742
7720 2 2 1 1 3816 2690 5327
7721 2 2 1 1 4729 1543 4813
7722 2 2 1 1 586 587 1275
7723 2 2 1 1 2049 1803 4425
7724 2 2 1 1 5148 3290 5345
7725 2 2 1 1 2991 2990 5151
7726 2 2 1 1 1070 5010 5089
7727 2 2 1 1 1985 1777 4457
7728 2 2 1 1 2486 2222 4438
7729 2 2 1 1 274 275 1478
7730 2 2 1 1 2414 3621 5053
7731 2 2 1 1 2660 2258 4427
7732 2 2 1 1 1367 4975 5046
7733 2 2 1 1 1783 2000 4421
7734 2 2 1 1 2224 2481 4438
7735 2 2 1 1 2678 1859 4453
7736 2 2 1 1 2220 2486 4464
7737 2 2 1 1 1986 1785 4421
7738 2 2 1 1 1619 1617 4809
7739 2 2 1 1 2952 2951 5150
7740 2 2 1 1 594 595 3707
7741 2 2 1 1 2654 1829 4437
7742 2 2 1 1 1765 1763 3721
7743 2 2 1 1 2242 2593 4459
7744 2 2 1 1 1849 2705 4417
7745 2 2 1 1 1980 1869 4480
7746 2 2 1 1 2702 1851 4417
7747 2 2 1 1 1775 1998 4457
7748 2 2 1 1 2758 2658 4736
7749 2 2 1 1 515 516 1271
7750 2 2 1 1 845 846 1533
7751 2 2 1 1 3397 3112 5258
7752 2 2 1 1 3162 2541 4990
7753 2 2 1 1 3524 2461 5047
7754 2 2 1 1 2481 2226 4426
7755 2 2 1 1 3389 3429 5191
7756 2 2 1 1 36 37 1279
7757 2 2 1 1 1857 2738 4453
7758 2 2 1 1 1268 3617 3973
7759 2 2 1 1 3387 4478 4774
7760 2 2 1 1 4299 2624 4300
7761 2 2 1 1 2471 2218 4464
7762 2 2 1 1 616 617 3740
7763 2 2 1 1 408 409 3696
7764 2 2 1 1 1827 2624 4437
7765 2 2 1 1 2567 2240 4459
7766 2 2 1 1 2990 2996 5181
7767 2 2 1 1 1374 3557 3558
7768 2 2 1 1 3564 1983 5152
7769 2 2 1 1 2621 3160 5306
7770 2 2 1 1 2360 2413 4742
7771 2 2 1 1 1582 1566 4541
7772 2 2 1 1 244 245 1268
7773 2 2 1 1 3183 3184 5223
7774 2 2 1 1 851 852 3691
7775 2 2 1 1 564 565 3687
7776 2 2 1 1 94 95 3765
7777 2 2 1 1 4284 3699 4660
7778 2 2 1 1 1835 2653 3568
7779 2 2 1 1 1867 3417 4480
7780 2 2 1 1 3497 1589 4965
7781 2 2 1 1 4935 3024 5010
7782 2 2 1 1 2667 4091 4092
7783 2 2 1 1 3941 4542 4543
7784 2 2 1 1 4675 2673 5166
7785 2 2 1 1 2598 1815 4556
7786 2 2 1 1 1260 3578 3737
7787 2 2 1 1 1965 3544 5035
7788 2 2 1 1 3086 3424 5073
7789 2 2 1 1 2648 1837 3568
7790 2 2 1 1 1781 1779 4795
7791 2 2 1 1 4864 3466 5069
7792 2 2 1 1 714 715 1481
7793 2 2 1 1 646 647 3737
7794 2 2 1 1 2435 2375 4806
7795 2 2 1 1 2194 2506 4493
7796 2 2 1 1 958 4697 5329
7797 2 2 1 1 909 4024 4031
7798 2 2 1 1 4025 906 4026
7799 2 2 1 1 828 829 3732
7800 2 2 1 1 1516 913 4029
7801 2 2 1 1 902 1436 4016
7802 2 2 1 1 2037 1749 4487
7803 2 2 1 1 4043 4088 4496
7804 2 2 1 1 912 1516 4021
7805 2 2 1 1 1436 903 4027
7806 2 2 1 1 3667 3249 4826
7807 2 2 1 1 910 1333 4024
7808 2 2 1 1 1350 905 4025
7809 2 2 1 1 3064 4061 5049
7810 2 2 1 1 4061 2731 5049
7811 2 2 1 1 2781 3672 5131
7812 2 2 1 1 1568 1571 4541
7813 2 2 1 1 2641 1761 4458
7814 2 2 1 1 1333 911 4021
7815 2 2 1 1 904 1350 4027
7816 2 2 1 1 914 1555 4029
7817 2 2 1 1 1551 901 4016
7818 2 2 1 1 192 193 1281
7819 2 2 1 1 1153 908 4031
7820 2 2 1 1 907 1153 4026
7821 2 2 1 1 1813 2047 4556
7822 2 2 1 1 2244 2246 4637
7823 2 2 1 1 2210 3437 4492
7824 2 2 1 1 214 215 3730
7825 2 2 1 1 996 3050 4911
7826 2 2 1 1 45 46 3726
7827 2 2 1 1 1759 2597 4458
7828 2 2 1 1 2778 2677 4335
7829 2 2 1 1 676 677 1482
7830 2 2 1 1 342 343 3680
7831 2 2 1 1 3428 992 5200
7832 2 2 1 1 3517 2737 4599
7833 2 2 1 1 3676 2677 4535
7834 2 2 1 1 4594 949 4926
7835 2 2 1 1 2804 2451 4259
7836 2 2 1 1 3430 2752 5056
7837 2 2 1 1 2476 2192 4493
7838 2 2 1 1 3352 4684 5372
7839 2 2 1 1 2785 4154 4677
7840 2 2 1 1 2625 2130 2820
7841 2 2 1 1 4870 1044 4951
7842 2 2 1 1 1747 2006 4487
7843 2 2 1 1 4710 1142 4818
7844 2 2 1 1 4569 1471 5170
7845 2 2 1 1 1998 1773 4509
7846 2 2 1 1 3513 3515 3516
7847 2 2 1 1 3536 3669 4040
7848 2 2 1 1 4827 2414 5053
7849 2 2 1 1 222 223 1234
7850 2 2 1 1 2280 2465 4491
7851 2 2 1 1 3518 4025 4026
7852 2 2 1 1 4137 2975 4723
7853 2 2 1 1 391 392 1536
7854 2 2 1 1 836 837 1483
7855 2 2 1 1 524 525 3722
7856 2 2 1 1 1617 1977 4809
7857 2 2 1 1 1084 1085 4917
7858 2 2 1 1 184 185 1280
7859 2 2 1 1 3185 3183 5318
7860 2 2 1 1 2652 2208 4492
7861 2 2 1 1 4298 4299 4300
7862 2 2 1 1 1290 4571 4693
7863 2 2 1 1 2336 2338 4827
7864 2 2 1 1 706 707 3717
7865 2 2 1 1 3607 3605 3608
7866 2 2 1 1 385 386 1272
7867 2 2 1 1 3991 4141 4904
7868 2 2 1 1 2184 2687 4521
7869 2 2 1 1 3418 1863 4805
7870 2 2 1 1 1693 2796 4276
7871 2 2 1 1 4472 2688 4668
7872 2 2 1 1 1212 3602 3732
7873 2 2 1 1 1179 4403 4807
7874 2 2 1 1 1079 1078 5004
7875 2 2 1 1 3976 3975 4637
7876 2 2 1 1 4178 1069 4918
7877 2 2 1 1 3314 2730 5211
7878 2 2 1 1 1035 1036 4924
7879 2 2 1 1 2377 2380 4806
7880 2 2 1 1 3062 3063 4959
7881 2 2 1 1 2180 2640 4518
7882 2 2 1 1 3353 3374 5259
7883 2 2 1 1 2352 2512 4737
7884 2 2 1 1 4073 4827 5053
7885 2 2 1 1 690 691 5268
7886 2 2 1 1 3479 3104 4938
7887 2 2 1 1 624 625 1191
7888 2 2 1 1 736 737 3713
7889 2 2 1 1 3413 5046 5276
7890 2 2 1 1 154 155 1218
7891 2 2 1 1 1217 3574 3717
7892 2 2 1 1 986 4796 5058
7893 2 2 1 1 3271 2797 4960
7894 2 2 1 1 953 952 5130
7895 2 2 1 1 1805 2049 4711
7896 2 2 1 1 4885 2712 5350
7897 2 2 1 1 4734 945 5289
7898 2 2 1 1 2032 1807 4711
7899 2 2 1 1 3470 1121 4925
7900 2 2 1 1 2739 4398 5132
7901 2 2 1 1 547 548 1486
7902 2 2 1 1 28 29 3711
7903 2 2 1 1 3967 3968 5268
7904 2 2 1 1 1111 1112 4929
7905 2 2 1 1 1394 3651 3682
7906 2 2 1 1 1622 1619 4809
7907 2 2 1 1 2170 2662 4528
7908 2 2 1 1 3519 4068 5047
7909 2 2 1 1 1367 3390 4975
7910 2 2 1 1 979 980 5235
7911 2 2 1 1 1043 4870 4988
7912 2 2 1 1 4440 4439 4733
7913 2 2 1 1 2640 2182 4521
7914 2 2 1 1 766 767 1487
7915 2 2 1 1 2486 4438 4439
7916 2 2 1 1 3254 2561 5062
7917 2 2 1 1 282 283 3787
7918 2 2 1 1 2585 4232 4414
7919 2 2 1 1 124 125 3700
7920 2 2 1 1 4796 2949 5058
7921 2 2 1 1 4046 4045 4048
7922 2 2 1 1 2666 4353 5034
7923 2 2 1 1 4492 3437 4937
7924 2 2 1 1 2465 2282 4772
7925 2 2 1 1 2206 2652 3791
7926 2 2 1 1 942 943 5280
7927 2 2 1 1 1529 4362 4984
7928 2 2 1 1 3762 3328 4780
7929 2 2 1 1 2516 2178 4518
7930 2 2 1 1 2284 2474 4772
7931 2 2 1 1 1573 1584 5131
7932 2 2 1 1 1237 3541 3686
7933 2 2 1 1 368 369 3684
7934 2 2 1 1 1871 1980 4784
7935 2 2 1 1 3620 3626 4072
7936 2 2 1 1 1431 4084 4732
7937 2 2 1 1 1553 4086 5294
7938 2 2 1 1 4428 3667 4826
7939 2 2 1 1 509 510 1538
7940 2 2 1 1 796 797 3686
7941 2 2 1 1 3592 1240 3725
7942 2 2 1 1 4349 2684 4658
7943 2 2 1 1 2416 4247 5113
7944 2 2 1 1 2552 3064 5049
7945 2 2 1 1 2624 1825 4300
7946 2 2 1 1 2466 2336 4827
7947 2 2 1 1 3195 3194 5116
7948 2 2 1 1 2570 2168 4528
7949 2 2 1 1 312 313 1208
7950 2 2 1 1 5010 3176 5089
7951 2 2 1 1 1972 1873 4784
7952 2 2 1 1 4195 3968 4196
7953 2 2 1 1 1137 1138 5212
7954 2 2 1 1 3974 2593 3975
7955 2 2 1 1 2921 2922 5257
7956 2 2 1 1 3259 2574 5072
7957 2 2 1 1 1779 1985 4795
7958 2 2 1 1 2923 2921 5286
7959 2 2 1 1 4491 2465 4627
7960 2 2 1 1 3678 4162 5249
7961 2 2 1 1 3508 3506 3509
7962 2 2 1 1 2679 1765 3721
7963 2 2 1 1 2000 1781 4795
7964 2 2 1 1 1613 2015 4891
7965 2 2 1 1 4821 1122 5055
7966 2 2 1 1 1361 5006 5317
7967 2 2 1 1 68 69 1489
7968 2 2 1 1 4703 2059 5042
7969 2 2 1 1 4247 2467 5113
7970 2 2 1 1 4899 2779 5186
7971 2 2 1 1 4793 1531 4831
7972 2 2 1 1 3382 2040 5051
7973 2 2 1 1 2699 2739 4982
7974 2 2 1 1 789 790 4127
7975 2 2 1 1 571 572 4126
7976 2 2 1 1 2338 2414 4827
7977 2 2 1 1 862 863 3724
7978 2 2 1 1 5031 4919 5032
7979 2 2 1 1 3085 5031 5032
7980 2 2 1 1 498 499 3658
7981 2 2 1 1 4729 1163 4849
7982 2 2 1 1 2246 2642 4637
7983 2 2 1 1 2593 2244 4637
7984 2 2 1 1 3325 3215 4995
7985 2 2 1 1 868 869 1214
7986 2 2 1 1 492 493 3682
7987 2 2 1 1 1008 1009 5392
7988 2 2 1 1 3552 3551 3554
7989 2 2 1 1 4379 4380 4976
7990 2 2 1 1 2758 4736 5244
7991 2 2 1 1 2720 2775 5254
7992 2 2 1 1 3887 1414 4212
7993 2 2 1 1 3083 3085 5103
7994 2 2 1 1 2692 1574 5334
7995 2 2 1 1 1909 1983 4877
7996 2 2 1 1 4037 1990 4939
7997 2 2 1 1 2892 3458 5280
7998 2 2 1 1 4298 1226 4299
7999 2 2 1 1 965 966 5116
8000 2 2 1 1 1070 1069 5010
8001 2 2 1 1 1319 3897 4218
8002 2 2 1 1 4210 3733 5227
8003 2 2 1 1 759 760 1168
8004 2 2 1 1 601 602 1250
8005 2 2 1 1 2468 3862 4743
8006 2 2 1 1 2951 5125 5150
8007 2 2 1 1 4977 2938 5063
8008 2 2 1 1 1763 2641 3721
8009 2 2 1 1 2641 3581 4602
8010 2 2 1 1 3848 4328 5248
8011 2 2 1 1 3546 1965 5129
8012 2 2 1 1 1044 1045 4951
8013 2 2 1 1 3287 3369 5060
8014 2 2 1 1 993 994 5063
8015 2 2 1 1 3903 3961 4895
8016 2 2 1 1 306 307 3716
8017 2 2 1 1 13 14 1364
8018 2 2 1 1 2693 3994 4786
8019 2 2 1 1 2689 4175 5287
8020 2 2 1 1 3825 3824 5102
8021 2 2 1 1 3927 1459 4051
8022 2 2 1 1 9 10 4580
8023 2 2 1 1 729 730 4113
8024 2 2 1 1 631 632 1537
8025 2 2 1 1 374 375 3644
8026 2 2 1 1 3172 2572 5087
8027 2 2 1 1 3634 3635 3637
8028 2 2 1 1 5151 2990 5181
8029 2 2 1 1 4382 2296 4402
8030 2 2 1 1 1977 1615 4891
8031 2 2 1 1 4227 4989 5052
8032 2 2 1 1 4532 4373 5374
8033 2 2 1 1 5099 2946 5193
8034 2 2 1 1 3124 3128 5048
8035 2 2 1 1 3593 5100 5236
8036 2 2 1 1 1143 4898 5267
8037 2 2 1 1 1136 1137 4957
8038 2 2 1 1 963 962 5178
8039 2 2 1 1 1505 4388 4389
8040 2 2 1 1 3372 3076 4999
8041 2 2 1 1 4584 2762 5013
8042 2 2 1 1 423 424 1204
8043 2 2 1 1 1971 3546 5129
8044 2 2 1 1 1974 1911 4877
8045 2 2 1 1 130 131 3626
8046 2 2 1 1 1413 3877 4202
8047 2 2 1 1 772 773 3630
8048 2 2 1 1 3458 942 5280
8049 2 2 1 1 360 361 5283
8050 2 2 1 1 353 354 1493
8051 2 2 1 1 3041 3042 5042
8052 2 2 1 1 699 700 4112
8053 2 2 1 1 661 662 4111
8054 2 2 1 1 3429 3223 5158
8055 2 2 1 1 2637 3519 4531
8056 2 2 1 1 1547 4658 4845
8057 2 2 1 1 60 61 5161
8058 2 2 1 1 1133 1132 4966
8059 2 2 1 1 4506 4344 4852
8060 2 2 1 1 3940 1520 3941
8061 2 2 1 1 883 884 1494
8062 2 2 1 1 477 478 1184
8063 2 2 1 1 2650 4069 4622
8064 2 2 1 1 79 80 3659
8065 2 2 1 1 1911 1909 4877
8066 2 2 1 1 4898 3160 5267
8067 2 2 1 1 2260 4407 4427
8068 2 2 1 1 3056 3057 5030
8069 2 2 1 1 2820 2130 4397
8070 2 2 1 1 618 619 3708
8071 2 2 1 1 742 743 3623
8072 2 2 1 1 1035 1034 4968
8073 2 2 1 1 3562 1452 4151
8074 2 2 1 1 3893 2537 4329
8075 2 2 1 1 1060 1059 4969
8076 2 2 1 1 669 670 1167
8077 2 2 1 1 1928 2026 4939
8078 2 2 1 1 4801 1227 4875
8079 2 2 1 1 19 20 1329
8080 2 2 1 1 972 973 5215
8081 2 2 1 1 3408 2629 5085
8082 2 2 1 1 1408 3839 4188
8083 2 2 1 1 1547 2812 4658
8084 2 2 1 1 4626 1039 4901
8085 2 2 1 1 2726 4250 4917
8086 2 2 1 1 3852 3819 4693
8087 2 2 1 1 1615 1613 4891
8088 2 2 1 1 4247 2416 4955
8089 2 2 1 1 2817 4824 5178
8090 2 2 1 1 1412 4182 4183
8091 2 2 1 1 3812 3607 4376
8092 2 2 1 1 2669 3528 3529
8093 2 2 1 1 5122 3329 5232
8094 2 2 1 1 1924 2596 5239
8095 2 2 1 1 3369 3318 5229
8096 2 2 1 1 2510 2164 5357
8097 2 2 1 1 3702 3706 4080
8098 2 2 1 1 2663 1737 4649
8099 2 2 1 1 3939 3937 4558
8100 2 2 1 1 4908 2877 5011
8101 2 2 1 1 2768 3346 5145
8102 2 2 1 1 4347 4181 5078
8103 2 2 1 1 4262 3131 5147
8104 2 2 1 1 639 640 4274
8105 2 2 1 1 721 722 1171
8106 2 2 1 1 530 531 3611
8107 2 2 1 1 1269 3811 3812
8108 2 2 1 1 2993 2991 5196
8109 2 2 1 1 3912 2674 4414
8110 2 2 1 1 4372 4373 4532
8111 2 2 1 1 216 217 3683
8112 2 2 1 1 966 967 4979
8113 2 2 1 1 1186 4713 4832
8114 2 2 1 1 2256 2660 4406
8115 2 2 1 1 4639 3500 5282
8116 2 2 1 1 3584 3612 5020
8117 2 2 1 1 336 337 3657
8118 2 2 1 1 973 974 5213
8119 2 2 1 1 4296 4298 4300
8120 2 2 1 1 1099 1098 5176
8121 2 2 1 1 3796 2497 5095
8122 2 2 1 1 682 683 3598
8123 2 2 1 1 2570 3921 5376
8124 2 2 1 1 3896 3895 3898
8125 2 2 1 1 1064 1063 4987
8126 2 2 1 1 1042 1043 4988
8127 2 2 1 1 609 610 4093
8128 2 2 1 1 751 752 4261
8129 2 2 1 1 2980 2601 5088
8130 2 2 1 1 4746 2713 4905
8131 2 2 1 1 62 63 3656
8132 2 2 1 1 4695 4243 5362
8133 2 2 1 1 2644 2254 4406
8134 2 2 1 1 1609 2611 5277
8135 2 2 1 1 1522 3785 5244
8136 2 2 1 1 1076 3764 4986
8137 2 2 1 1 1235 4740 4814
8138 2 2 1 1 3875 3874 3876
8139 2 2 1 1 2266 2676 4049
8140 2 2 1 1 3331 4804 4925
8141 2 2 1 1 1099 1100 5309
8142 2 2 1 1 994 993 5263
8143 2 2 1 1 1717 2042 5348
8144 2 2 1 1 2504 4357 4371
8145 2 2 1 1 2779 3344 5186
8146 2 2 1 1 1737 1735 4649
8147 2 2 1 1 100 101 1187
8148 2 2 1 1 3635 2489 3637
8149 2 2 1 1 652 653 3580
8150 2 2 1 1 2677 3676 4336
8151 2 2 1 1 1735 2615 4649
8152 2 2 1 1 2729 2547 3296
8153 2 2 1 1 579 580 1210
8154 2 2 1 1 781 782 4251
8155 2 2 1 1 1287 812 5184
8156 2 2 1 1 802 803 1158
8157 2 2 1 1 558 559 3655
8158 2 2 1 1 3060 4479 4887
8159 2 2 1 1 4479 3463 4906
8160 2 2 1 1 4000 4001 5332
8161 2 2 1 1 1625 2568 5124
8162 2 2 1 1 1473 3493 3494
8163 2 2 1 1 117 118 4084
8164 2 2 1 1 3012 3932 5086
8165 2 2 1 1 919 918 5057
8166 2 2 1 1 2661 2264 4049
8167 2 2 1 1 2789 1309 5254
8168 2 2 1 1 1990 1930 4939
8169 2 2 1 1 3274 3062 4959
8170 2 2 1 1 1128 1129 5007
8171 2 2 1 1 1433 3959 3980
8172 2 2 1 1 402 403 3632
8173 2 2 1 1 250 251 3548
8174 2 2 1 1 3204 3482 4973
8175 2 2 1 1 53 54 4234
8176 2 2 1 1 5167 3353 5259
8177 2 2 1 1 4645 2979 5230
8178 2 2 1 1 588 589 1500
8179 2 2 1 1 21 22 1518
8180 2 2 1 1 276 277 1202
8181 2 2 1 1 933 934 5012
8182 2 2 1 1 4748 4373 5194
8183 2 2 1 1 30 31 3677
8184 2 2 1 1 4674 1335 5347
8185 2 2 1 1 4520 3946 5314
8186 2 2 1 1 147 148 1243
8187 2 2 1 1 2627 3256 5114
8188 2 2 1 1 1146 1147 5016
8189 2 2 1 1 2533 2174 5333
8190 2 2 1 1 1082 1081 5017
8191 2 2 1 1 34 35 1502
8192 2 2 1 1 3970 1161 3977
8193 2 2 1 1 4802 3107 5309
8194 2 2 1 1 4920 4716 5096
8195 2 2 1 1 4951 1045 5067
8196 2 2 1 1 1006 1007 5158
8197 2 2 1 1 3412 2817 5178
8198 2 2 1 1 3180 2622 5104
8199 2 2 1 1 3848 2536 4328
8200 2 2 1 1 2993 5196 5241
8201 2 2 1 1 2677 1713 4535
8202 2 2 1 1 126 127 3670
8203 2 2 1 1 3296 2547 4214
8204 2 2 1 1 160 161 3701
8205 2 2 1 1 4250 1084 4917
8206 2 2 1 1 3356 2872 5215
8207 2 2 1 1 246 247 3614
8208 2 2 1 1 1136 4957 5064
8209 2 2 1 1 3788 2652 4547
8210 2 2 1 1 1093 1092 5180
8211 2 2 1 1 3446 1093 5180
8212 2 2 1 1 177 178 4070
8213 2 2 1 1 2643 3612 5173
8214 2 2 1 1 1005 1006 5061
8215 2 2 1 1 5019 972 5215
8216 2 2 1 1 3277 2631 5119
8217 2 2 1 1 2483 3551 3552
8218 2 2 1 1 2995 2993 5241
8219 2 2 1 1 712 713 1192
8220 2 2 1 1 648 649 3613
8221 2 2 1 1 2829 3863 4897
8222 2 2 1 1 3035 4553 5225
8223 2 2 1 1 2921 5257 5286
8224 2 2 1 1 1318 3727 3728
8225 2 2 1 1 830 831 3610
8226 2 2 1 1 4786 1079 5117
8227 2 2 1 1 190 191 1506
8228 2 2 1 1 4521 2687 4526
8229 2 2 1 1 3721 2641 4602
8230 2 2 1 1 2868 969 5023
8231 2 2 1 1 1035 4968 5073
8232 2 2 1 1 1591 1559 3267
8233 2 2 1 1 4139 4108 4751
8234 2 2 1 1 47 48 3595
8235 2 2 1 1 1791 2001 4936
8236 2 2 1 1 207 208 4203
8237 2 2 1 1 4210 1983 5153
8238 2 2 1 1 3413 1367 5046
8239 2 2 1 1 3211 3213 5367
8240 2 2 1 1 2254 2256 4406
8241 2 2 1 1 678 679 1155
8242 2 2 1 1 2038 5271 5320
8243 2 2 1 1 3130 4710 4818
8244 2 2 1 1 1883 1965 5035
8245 2 2 1 1 3201 3204 5373
8246 2 2 1 1 4110 4138 4941
8247 2 2 1 1 2661 4566 4567
8248 2 2 1 1 1901 2054 5083
8249 2 2 1 1 4968 3086 5073
8250 2 2 1 1 4193 3930 5112
8251 2 2 1 1 494 495 3666
8252 2 2 1 1 2639 3049 5126
8253 2 2 1 1 2991 5151 5196
8254 2 2 1 1 220 221 1512
8255 2 2 1 1 4593 3379 5202
8256 2 2 1 1 186 187 1513
8257 2 2 1 1 3866 3147 4894
8258 2 2 1 1 834 835 1209
8259 2 2 1 1 526 527 3582
8260 2 2 1 1 1947 1885 5035
8261 2 2 1 1 2788 4563 5174
8262 2 2 1 1 237 238 4194
8263 2 2 1 1 708 709 3579
8264 2 2 1 1 1231 3966 3967
8265 2 2 1 1 3591 3593 5236
8266 2 2 1 1 927 928 5041
8267 2 2 1 1 4157 1371 4736
8268 2 2 1 1 2011 3564 5152
8269 2 2 1 1 4357 3751 5149
8270 2 2 1 1 4114 4437 5342
8271 2 2 1 1 4073 3748 4996
8272 2 2 1 1 3605 3606 3608
8273 2 2 1 1 2419 3695 4666
8274 2 2 1 1 1146 5016 5071
8275 2 2 1 1 1905 2011 5152
8276 2 2 1 1 156 157 1515
8277 2 2 1 1 2264 2266 4049
8278 2 2 1 1 2615 1733 5038
8279 2 2 1 1 622 623 1514
8280 2 2 1 1 738 739 3565
8281 2 2 1 1 1994 1627 5124
8282 2 2 1 1 3966 3971 5315
8283 2 2 1 1 267 268 1541
8284 2 2 1 1 2011 1903 5083
8285 2 2 1 1 2937 4911 4958
8286 2 2 1 1 1012 5015 5220
8287 2 2 1 1 545 546 1170
8288 2 2 1 1 815 816 3555
8289 2 2 1 1 951 952 5050
8290 2 2 1 1 1532 4835 4836
8291 2 2 1 1 2043 5031 5226
8292 2 2 1 1 2609 4294 4295
8293 2 2 1 1 985 986 5058
8294 2 2 1 1 592 593 3673
8295 2 2 1 1 768 769 1186
8296 2 2 1 1 280 281 1253
8297 2 2 1 1 3757 2744 4934
8298 2 2 1 1 297 298 4051
8299 2 2 1 1 1135 1136 5064
8300 2 2 1 1 1045 1046 5067
8301 2 2 1 1 483 484 4180
8302 2 2 1 1 877 878 1177
8303 2 2 1 1 406 407 3669
8304 2 2 1 1 4067 4066 4931
8305 2 2 1 1 2467 2290 5113
8306 2 2 1 1 1515 4303 4304
8307 2 2 1 1 1879 1971 5129
8308 2 2 1 1 321 322 1206
8309 2 2 1 1 370 371 3531
8310 2 2 1 1 1834 4393 5155
8311 2 2 1 1 4629 4355 5245
8312 2 2 1 1 1059 4723 4969
8313 2 2 1 1 2292 2416 5113
8314 2 2 1 1 1145 1146 5071
8315 2 2 1 1 1843 1841 5025
8316 2 2 1 1 562 563 3668
8317 2 2 1 1 798 799 3547
8318 2 2 1 1 2678 4453 4956
8319 2 2 1 1 1983 1907 5152
8320 2 2 1 1 2001 1789 5100
8321 2 2 1 1 3645 2801 5069
8322 2 2 1 1 2023 3806 3807
8323 2 2 1 1 359 360 1263
8324 2 2 1 1 1036 1035 5073
8325 2 2 1 1 2657 2659 4854
8326 2 2 1 1 310 311 1519
8327 2 2 1 1 2202 2604 5112
8328 2 2 1 1 1965 1881 5129
8329 2 2 1 1 96 97 1259
8330 2 2 1 1 327 328 4041
8331 2 2 1 1 5174 1279 5246
8332 2 2 1 1 3745 3746 5025
8333 2 2 1 1 4900 2503 5303
8334 2 2 1 1 5089 3291 5393
8335 2 2 1 1 1787 1986 5100
8336 2 2 1 1 4393 2961 5155
8337 2 2 1 1 17 18 3520
8338 2 2 1 1 4082 3643 4787
8339 2 2 1 1 4436 1294 5002
8340 2 2 1 1 1731 2002 5038
8341 2 2 1 1 1040 1041 5080
8342 2 2 1 1 4448 3800 4450
8343 2 2 1 1 291 292 4168
8344 2 2 1 1 66 67 1166
8345 2 2 1 1 4472 4484 5384
8346 2 2 1 1 1082 5017 5168
8347 2 2 1 1 4998 982 5105
8348 2 2 1 1 2792 4663 5317
8349 2 2 1 1 3011 3012 5086
8350 2 2 1 1 1096 1097 5208
8351 2 2 1 1 2230 2483 5146
8352 2 2 1 1 1930 1928 4939
8353 2 2 1 1 2026 1926 5239
8354 2 2 1 1 3699 3698 4660
8355 2 2 1 1 2198 2553 5187
8356 2 2 1 1 2946 2945 5193
8357 2 2 1 1 5045 4433 5323
8358 2 2 1 1 980 981 5224
8359 2 2 1 1 340 341 3665
8360 2 2 1 1 3497 4965 5328
8361 2 2 1 1 866 867 1521
8362 2 2 1 1 4297 1528 4298
8363 2 2 1 1 4446 3452 5039
8364 2 2 1 1 2015 1611 5277
8365 2 2 1 1 4979 967 5300
8366 2 2 1 1 3902 3901 3903
8367 2 2 1 1 2729 3296 4468
8368 2 2 1 1 1071 1070 5089
8369 2 2 1 1 4410 2931 5156
8370 2 2 1 1 940 941 5090
8371 2 2 1 1 1526 4632 5243
8372 2 2 1 1 3543 3539 4470
8373 2 2 1 1 261 262 4159
8374 2 2 1 1 4356 2466 5370
8375 2 2 1 1 3877 3879 4216
8376 2 2 1 1 1850 4410 5156
8377 2 2 1 1 3473 1037 5279
8378 2 2 1 1 4840 3274 4959
8379 2 2 1 1 2553 2200 5112
8380 2 2 1 1 1985 4314 4795
8381 2 2 1 1 3002 2995 5206
8382 2 2 1 1 1861 2678 4805
8383 2 2 1 1 64 65 3633
8384 2 2 1 1 2038 1799 5271
8385 2 2 1 1 15 16 3521
8386 2 2 1 1 3964 3965 3966
8387 2 2 1 1 1128 5007 5290
8388 2 2 1 1 5098 3083 5103
8389 2 2 1 1 4946 1666 5078
8390 2 2 1 1 1361 4099 5006
8391 2 2 1 1 3230 3227 5275
8392 2 2 1 1 1118 1119 5139
8393 2 2 1 1 3640 3638 4666
8394 2 2 1 1 2550 1753 5371
8395 2 2 1 1 3747 3748 4072
8396 2 2 1 1 933 5012 5291
8397 2 2 1 1 231 232 1194
8398 2 2 1 1 1000 999 5107
8399 2 2 1 1 4295 1171 4297
8400 2 2 1 1 1114 1113 5109
8401 2 2 1 1 2483 3553 5146
8402 2 2 1 1 4917 1085 5383
8403 2 2 1 1 1341 4381 4725
8404 2 2 1 1 3204 4973 5373
8405 2 2 1 1 2676 2268 4931
8406 2 2 1 1 3475 1114 5109
8407 2 2 1 1 2506 2196 5187
8408 2 2 1 1 2586 2788 3870
8409 2 2 1 1 3281 3501 5296
8410 2 2 1 1 800 801 3538
8411 2 2 1 1 560 561 3627
8412 2 2 1 1 1797 2021 5271
8413 2 2 1 1 3989 3990 4589
8414 2 2 1 1 4854 2659 5346
8415 2 2 1 1 3514 3513 3516
8416 2 2 1 1 1438 690 5268
8417 2 2 1 1 3660 3659 3661
8418 2 2 1 1 4736 3425 5244
8419 2 2 1 1 421 422 1535
8420 2 2 1 1 4552 3222 5082
8421 2 2 1 1 3516 3515 3836
8422 2 2 1 1 2234 2520 5336
8423 2 2 1 1 918 4607 5057
8424 2 2 1 1 4601 2810 5175
8425 2 2 1 1 3462 1099 5176
8426 2 2 1 1 4818 1141 5147
8427 2 2 1 1 1079 1080 5117
8428 2 2 1 1 355 356 1172
8429 2 2 1 1 4476 1086 4945
8430 2 2 1 1 4687 4482 4706
8431 2 2 1 1 201 202 4153
8432 2 2 1 1 1357 3861 4384
8433 2 2 1 1 7 2720 3511
8434 2 2 1 1 3441 2782 4915
8435 2 2 1 1 922 921 5128
8436 2 2 1 1 2618 3195 5335
8437 2 2 1 1 1767 2679 4941
8438 2 2 1 1 4151 1180 5106
8439 2 2 1 1 4345 3500 4639
8440 2 2 1 1 881 882 1224
8441 2 2 1 1 479 480 1534
8442 2 2 1 1 2691 2274 5252
8443 2 2 1 1 974 3461 5213
8444 2 2 1 1 4608 4301 5302
8445 2 2 1 1 1461 3973 3974
8446 2 2 1 1 2483 2232 5336
8447 2 2 1 1 2718 2655 5201
8448 2 2 1 1 3619 3621 3622
8449 2 2 1 1 3026 4136 5195
8450 2 2 1 1 1108 1109 5135
8451 2 2 1 1 1107 1106 5138
8452 2 2 1 1 4997 3047 4998
8453 2 2 1 1 819 820 4151
8454 2 2 1 1 541 542 4009
8455 2 2 1 1 740 741 3569
8456 2 2 1 1 171 172 4149
8457 2 2 1 1 1135 5064 5228
8458 2 2 1 1 1112 4593 5202
8459 2 2 1 1 3807 3586 4775
8460 2 2 1 1 248 249 3609
8461 2 2 1 1 2738 1855 4340
8462 2 2 1 1 1141 1140 5147
8463 2 2 1 1 1751 2037 5371
8464 2 2 1 1 5296 3501 5391
8465 2 2 1 1 5067 1046 5270
8466 2 2 1 1 3991 1230 4127
8467 2 2 1 1 3106 3479 5214
8468 2 2 1 1 3466 3645 5069
8469 2 2 1 1 3517 4599 5288
8470 2 2 1 1 3948 3947 3949
8471 2 2 1 1 961 3468 5143
8472 2 2 1 1 3555 3556 3557
8473 2 2 1 1 710 711 3571
8474 2 2 1 1 973 972 5164
8475 2 2 1 1 2803 3477 5179
8476 2 2 1 1 3696 3697 4040
8477 2 2 1 1 923 924 5165
8478 2 2 1 1 3823 3822 5207
8479 2 2 1 1 2505 2977 5295
8480 2 2 1 1 141 142 1544
8481 2 2 1 1 2543 2709 5345
8482 2 2 1 1 832 833 3599
8483 2 2 1 1 964 965 5167
8484 2 2 1 1 1083 1082 5168
8485 2 2 1 1 1036 5073 5279
8486 2 2 1 1 2857 2542 5358
8487 2 2 1 1 4658 2684 4845
8488 2 2 1 1 1030 1031 5382
8489 2 2 1 1 1333 4023 4024
8490 2 2 1 1 3583 3582 3584
8491 2 2 1 1 338 339 3525
8492 2 2 1 1 496 497 3647
8493 2 2 1 1 864 865 1335
8494 2 2 1 1 3690 1028 5189
8495 2 2 1 1 4790 1545 5325
8496 2 2 1 1 1009 3454 5392
8497 2 2 1 1 5073 3424 5279
8498 2 2 1 1 1343 59 5160
8499 2 2 1 1 3934 3935 3936
8500 2 2 1 1 940 5090 5255
8501 2 2 1 1 3156 4656 4903
8502 2 2 1 1 4205 2025 5020
8503 2 2 1 1 1007 1008 5191
8504 2 2 1 1 111 112 4119
8505 2 2 1 1 1344 3795 4474
8506 2 2 1 1 787 788 3989
8507 2 2 1 1 573 574 3986
8508 2 2 1 1 98 99 1524
8509 2 2 1 1 2660 4515 5079
8510 2 2 1 1 308 309 1334
8511 2 2 1 1 3373 2769 5074
8512 2 2 1 1 3923 3924 3925
8513 2 2 1 1 992 993 5200
8514 2 2 1 1 3723 2657 4854
8515 2 2 1 1 2609 4295 4296
8516 2 2 1 1 1793 1791 4936
8517 2 2 1 1 1071 5089 5393
8518 2 2 1 1 1331 4080 4303
8519 2 2 1 1 2853 4762 4794
8520 2 2 1 1 372 373 3625
8521 2 2 1 1 1371 3425 4736
8522 2 2 1 1 2788 4161 4563
8523 2 2 1 1 2952 5150 5264
8524 2 2 1 1 757 758 1526
8525 2 2 1 1 603 604 3980
8526 2 2 1 1 404 405 3534
8527 2 2 1 1 3343 4136 4887
8528 2 2 1 1 2865 4579 5260
8529 2 2 1 1 981 4998 5224
8530 2 2 1 1 928 4755 5041
8531 2 2 1 1 4874 3200 5108
8532 2 2 1 1 5068 4534 5231
8533 2 2 1 1 3783 3782 5002
8534 2 2 1 1 3506 3507 3509
8535 2 2 1 1 128 129 3618
8536 2 2 1 1 4479 3343 4887
8537 2 2 1 1 278 279 1525
8538 2 2 1 1 1483 3963 5287
8539 2 2 1 1 1020 4379 4976
8540 2 2 1 1 4657 2756 5024
8541 2 2 1 1 770 771 3624
8542 2 2 1 1 590 591 1189
8543 2 2 1 1 4036 4037 4740
8544 2 2 1 1 4267 2030 4450
8545 2 2 1 1 4158 2917 5189
8546 2 2 1 1 3648 3647 3649
8547 2 2 1 1 3509 3507 3810
8548 2 2 1 1 727 728 4116
8549 2 2 1 1 633 634 1157
8550 2 2 1 1 813 814 5185
8551 2 2 1 1 3437 3438 4598
8552 2 2 1 1 4998 3047 5224
8553 2 2 1 1 32 33 1199
8554 2 2 1 1 964 5167 5259
8555 2 2 1 1 3485 3486 3488
8556 2 2 1 1 3453 1992 5092
8557 2 2 1 1 4755 2786 5041
8558 2 2 1 1 4193 1417 5256
8559 2 2 1 1 1134 1135 5228
8560 2 2 1 1 3526 3525 3527
8561 2 2 1 1 1152 1151 5229
8562 2 2 1 1 2669 2733 5123
8563 2 2 1 1 3807 3806 3808
8564 2 2 1 1 3057 4178 4918
8565 2 2 1 1 4120 4018 4545
8566 2 2 1 1 158 159 1331
8567 2 2 1 1 620 621 1332
8568 2 2 1 1 3892 3844 5142
8569 2 2 1 1 3850 2804 5231
8570 2 2 1 1 3619 3618 3620
8571 2 2 1 1 4165 3881 4581
8572 2 2 1 1 697 698 3977
8573 2 2 1 1 663 664 4107
8574 2 2 1 1 3535 3534 3536
8575 2 2 1 1 691 692 5269
8576 2 2 1 1 4310 4311 5351
8577 2 2 1 1 3654 2015 5277
8578 2 2 1 1 2745 4121 4124
8579 2 2 1 1 3948 3950 3951
8580 2 2 1 1 3533 3515 4860
8581 2 2 1 1 1083 5168 5368
8582 2 2 1 1 3698 1283 3834
8583 2 2 1 1 1841 3745 5025
8584 2 2 1 1 4228 1441 4416
8585 2 2 1 1 939 940 5255
8586 2 2 1 1 650 651 3575
8587 2 2 1 1 4347 1988 4639
8588 2 2 1 1 963 964 5259
8589 2 2 1 1 972 4794 5164
8590 2 2 1 1 188 189 1164
8591 2 2 1 1 528 529 3604
8592 2 2 1 1 1142 1143 5267
8593 2 2 1 1 667 668 1546
8594 2 2 1 1 693 694 3964
8595 2 2 1 1 1046 1047 5270
8596 2 2 1 1 218 219 1330
8597 2 2 1 1 49 50 3570
8598 2 2 1 1 2610 5059 5344
8599 2 2 1 1 4307 2586 5285
8600 2 2 1 1 4432 1342 4486
8601 2 2 1 1 1095 1096 5278
8602 2 2 1 1 1160 4144 4268
8603 2 2 1 1 2725 3483 5378
8604 2 2 1 1 1037 1036 5279
8605 2 2 1 1 4544 4132 5250
8606 2 2 1 1 2662 2770 4565
8607 2 2 1 1 680 681 3589
8608 2 2 1 1 4339 1511 4424
8609 2 2 1 1 417 418 5157
8610 2 2 1 1 637 638 1356
8611 2 2 1 1 723 724 1528
8612 2 2 1 1 945 944 5289
8613 2 2 1 1 1127 1128 5290
8614 2 2 1 1 932 933 5291
8615 2 2 1 1 1579 1581 4965
8616 2 2 1 1 3548 3549 3550
8617 2 2 1 1 4058 4241 4507
8618 2 2 1 1 4310 1510 4405
8619 2 2 1 1 1004 1005 5296
8620 2 2 1 1 2529 4954 5251
8621 2 2 1 1 967 968 5300
8622 2 2 1 1 3998 4280 4522
8623 2 2 1 1 4102 2749 4949
8624 2 2 1 1 4121 4122 4124
8625 2 2 1 1 4463 1358 4494
8626 2 2 1 1 918 4349 4981
8627 2 2 1 1 2066 3891 5141
8628 2 2 1 1 3505 1056 5281
8629 2 2 1 1 1470 4449 4554
8630 2 2 1 1 940 939 5313
8631 2 2 1 1 3361 2780 5154
8632 2 2 1 1 3877 3878 3879
8633 2 2 1 1 4550 3209 5054
8634 2 2 1 1 4002 4765 5341
8635 2 2 1 1 4217 4074 4731
8636 2 2 1 1 4164 2419 4666
8637 2 2 1 1 3419 3418 4725
8638 2 2 1 1 4296 4295 4297
8639 2 2 1 1 1502 4603 5174
8640 2 2 1 1 607 608 3956
8641 2 2 1 1 753 754 4089
8642 2 2 1 1 957 958 5329
8643 2 2 1 1 3949 3952 4589
8644 2 2 1 1 1387 3644 3836
8645 2 2 1 1 4207 4354 4445
8646 2 2 1 1 3421 962 5297
8647 2 2 1 1 4453 4721 4956
8648 2 2 1 1 3731 4049 4706
8649 2 2 1 1 929 928 5337
8650 2 2 1 1 3932 2005 5086
8651 2 2 1 1 1085 1086 5383
8652 2 2 1 1 2528 3527 4859
8653 2 2 1 1 4323 4326 4412
8654 2 2 1 1 3782 4436 5002
8655 2 2 1 1 1060 3868 5197
8656 2 2 1 1 4088 3805 4813
8657 2 2 1 1 4199 4128 4718
8658 2 2 1 1 3971 3965 5320
8659 2 2 1 1 947 948 5364
8660 2 2 1 1 1084 1083 5368
8661 2 2 1 1 2582 2682 3492
8662 2 2 1 1 1003 1004 5391
8663 2 2 1 1 1072 1071 5393
8664 2 2 1 1 4314 1985 4756
8665 2 2 1 1 2804 4260 5231
8666 2 2 1 1 3500 3347 4928
8667 2 2 1 1 1004 5296 5391
8668 2 2 1 1 2759 4667 5101
8669 2 2 1 1 577 578 3953
8670 2 2 1 1 783 784 3947
8671 2 2 1 1 4279 3643 5040
8672 2 2 1 1 1310 4386 4387
8673 2 2 1 1 115 116 4085
8674 2 2 1 1 4681 1095 5278
8675 2 2 1 1 3794 4797 4873
8676 2 2 1 1 83 84 4083
8677 2 2 1 1 4325 1504 4383
8678 2 2 1 1 2044 3799 3801
8679 2 2 1 1 4272 3606 5218
8680 2 2 1 1 4253 4254 5027
8681 2 2 1 1 3183 5223 5318
8682 2 2 1 1 2872 5019 5215
8683 2 2 1 1 917 916 5219
8684 2 2 1 1 3695 2423 5040
8685 2 2 1 1 51 52 4082
8686 2 2 1 1 2596 4327 5239
8687 2 2 1 1 928 4722 5337
8688 2 2 1 1 4426 2228 5146
8689 2 2 1 1 3551 2483 5336
8690 2 2 1 1 4805 2678 4833
8691 2 2 1 1 1234 4517 4613
8692 2 2 1 1 3127 3126 5199
8693 2 2 1 1 1097 3757 5208
8694 2 2 1 1 432 7 3511
8695 2 2 1 1 1554 3413 5276
8696 2 2 1 1 4815 1059 5197
8697 2 2 1 1 3467 3421 5353
8698 2 2 1 1 2847 3467 5353
8699 2 2 1 1 145 146 1545
8700 2 2 1 1 3880 1337 4523
8701 2 2 1 1 2520 3551 5336
8702 2 2 1 1 2658 4157 4736
8703 2 2 1 1 1005 5061 5296
8704 2 2 1 1 3114 3113 5204
8705 2 2 1 1 2568 3783 5124
8706 2 2 1 1 4073 2466 4827
8707 2 2 1 1 4453 2738 4721
8708 2 2 1 1 8 469 3512
8709 2 2 1 1 4722 2800 5337
8710 2 2 1 1 3787 4547 4623
8711 2 2 1 1 1158 4470 4770
8712 2 2 1 1 3091 4620 4923
8713 2 2 1 1 1508 4292 4395
8714 2 2 1 1 5271 3971 5320
8715 2 2 1 1 4788 2905 4980
8716 2 2 1 1 1124 4530 4912
8717 2 2 1 1 1885 1883 5035
8718 2 2 1 1 4812 4088 4813
8719 2 2 1 1 2580 3852 4054
8720 2 2 1 1 5061 3281 5296
8721 2 2 1 1 175 176 3934
8722 2 2 1 1 3860 1357 4418
8723 2 2 1 1 3823 3824 3825
8724 2 2 1 1 3937 1428 4070
8725 2 2 1 1 1391 3731 4706
8726 2 2 1 1 3476 3324 5350
8727 2 2 1 1 4670 3716 4691
8728 2 2 1 1 2037 4007 5371
8729 2 2 1 1 2709 5148 5345
8730 2 2 1 1 1106 4865 5214
8731 2 2 1 1 4206 2476 4433
8732 2 2 1 1 3820 2496 3822
8733 2 2 1 1 2787 3646 5172
8734 2 2 1 1 205 206 4063
8735 2 2 1 1 4269 810 4455
8736 2 2 1 1 1315 4215 4216
8737 2 2 1 1 3775 2673 4664
8738 2 2 1 1 3542 3539 3543
8739 2 2 1 1 3938 3937 3939
8740 2 2 1 1 4129 2770 4791
8741 2 2 1 1 3795 3792 4474
8742 2 2 1 1 4290 720 4655
8743 2 2 1 1 1357 108 4418
8744 2 2 1 1 1449 138 4408
8745 2 2 1 1 4007 2550 5371
8746 2 2 1 1 2735 3329 5122
8747 2 2 1 1 1444 733 4420
8748 2 2 1 1 1441 703 4416
8749 2 2 1 1 4334 600 4635
8750 2 2 1 1 1511 763 4424
8751 2 2 1 1 1510 673 4405
8752 2 2 1 1 1456 506 4436
8753 2 2 1 1 1348 538 4400
8754 2 2 1 1 3946 1455 4038
8755 2 2 1 1 1509 643 4396
8756 2 2 1 1 1362 4336 4423
8757 2 2 1 1 1345 489 4451
8758 2 2 1 1 4214 1968 5386
8759 2 2 1 1 1462 891 4454
8760 2 2 1 1 4769 4282 5343
8761 2 2 1 1 3483 1991 5378
8762 2 2 1 1 1505 613 4388
8763 2 2 1 1 4000 1454 4163
8764 2 2 1 1 1504 842 4383
8765 2 2 1 1 1463 350 4466
8766 2 2 1 1 4099 585 4511
8767 2 2 1 1 3928 4179 5045
8768 2 2 1 1 1499 57 4370
8769 2 2 1 1 1313 474 4469
8770 2 2 1 1 3800 4267 4450
8771 2 2 1 1 235 236 1242
8772 2 2 1 1 1359 553 4375
8773 2 2 1 1 3971 2021 5315
8774 2 2 1 1 226 1326 4411
8775 2 2 1 1 395 1450 4413
8776 2 2 1 1 4128 320 4718
8777 2 2 1 1 2624 4117 5342
8778 2 2 1 1 1272 4120 4545
8779 2 2 1 1 4145 876 4717
8780 2 2 1 1 382 1464 4172
8781 2 2 1 1 256 1347 4419
8782 2 2 1 1 718 1508 4395
8783 2 2 1 1 42 1318 4192
8784 2 2 1 1 1353 196 4198
8785 2 2 1 1 168 1413 4202
8786 2 2 1 1 380 1320 4378
8787 2 2 1 1 840 4323 4412
8788 2 2 1 1 1300 286 4150
8789 2 2 1 1 513 514 1543
8790 2 2 1 1 847 848 1235
8791 2 2 1 1 1315 166 4215
8792 2 2 1 1 198 1319 4218
8793 2 2 1 1 1352 40 4220
8794 2 2 1 1 4960 2797 5365
8795 2 2 1 1 106 4384 4385
8796 2 2 1 1 4567 3683 4705
8797 2 2 1 1 1321 136 4233
8798 2 2 1 1 1412 658 4182
8799 2 2 1 1 521 1314 4187
8800 2 2 1 1 228 1480 4235
8801 2 2 1 1 3859 1447 3981
8802 2 2 1 1 1454 628 4163
8803 2 2 1 1 397 1323 4236
8804 2 2 1 1 551 4270 4422
8805 2 2 1 1 1306 688 4195
8806 2 2 1 1 412 1346 4434
8807 2 2 1 1 778 1503 4381
8808 2 2 1 1 825 1311 4208
8809 2 2 1 1 1473 536 4211
8810 2 2 1 1 1414 823 4212
8811 2 2 1 1 365 1458 4134
8812 2 2 1 1 598 1362 4423
8813 2 2 1 1 1453 346 4104
8814 2 2 1 1 1410 855 4148
8815 2 2 1 1 1409 568 4142
8816 2 2 1 1 258 1484 4256
8817 2 2 1 1 1415 748 4229
8818 2 2 1 1 316 1322 4441
8819 2 2 1 1 2587 4372 4532
8820 2 2 1 1 808 1501 4374
8821 2 2 1 1 1351 519 4230
8822 2 2 1 1 91 1299 4118
8823 2 2 1 1 793 1301 4140
8824 2 2 1 1 583 1361 4248
8825 2 2 1 1 1349 74 4358
8826 2 2 1 1 72 4207 4445
8827 2 2 1 1 288 1417 4278
8828 2 2 1 1 4596 4595 5201
8829 2 2 1 1 363 1328 4362
8830 2 2 1 1 1307 470 4103
8831 2 2 1 1 414 1488 4289
8832 2 2 1 1 3222 3826 5082
8833 2 2 1 1 581 1527 4662
8834 2 2 1 1 1342 303 4486
8835 2 2 1 1 89 1497 4361
8836 2 2 1 1 671 4308 4650
8837 2 2 1 1 1327 348 4350
8838 2 2 1 1 318 1490 4318
8839 2 2 1 1 1264 55 4155
8840 2 2 1 1 431 1309 4101
8841 2 2 1 1 872 1317 4447
8842 2 2 1 1 1465 555 4485
8843 2 2 1 1 857 1324 4286
8844 2 2 1 1 1325 504 4287
8845 2 2 1 1 4276 2796 4277
8846 2 2 1 1 1364 4165 4581
8847 2 2 1 1 4308 4315 4650
8848 2 2 1 1 2969 4626 4901
8849 2 2 1 1 3997 183 4542
8850 2 2 1 1 1496 472 4351
8851 2 2 1 1 429 1495 4348
8852 2 2 1 1 780 1245 4167
8853 2 2 1 1 1312 630 4640
8854 2 2 1 1 4018 384 4545
8855 2 2 1 1 750 1213 4184
8856 2 2 1 1 1221 611 4186
8857 2 2 1 1 874 1491 4321
8858 2 2 1 1 1492 487 4322
8859 2 2 1 1 1358 273 4494
8860 2 2 1 1 1229 641 4200
8861 2 2 1 1 1370 889 4331
8862 2 2 1 1 761 4337 4634
8863 2 2 1 1 4074 230 4731
8864 2 2 1 1 427 1316 4465
8865 2 2 1 1 1338 4228 4416
8866 2 2 1 1 660 1183 4225
8867 2 2 1 1 1244 701 4226
8868 2 2 1 1 791 1425 4630
8869 2 2 1 1 4570 2771 5366
8870 2 2 1 1 1295 844 4497
8871 2 2 1 1 1491 4147 4321
8872 2 2 1 1 3961 153 4555
8873 2 2 1 1 1215 731 4239
8874 2 2 1 1 1340 615 4500
8875 2 2 1 1 4337 4341 4634
8876 2 2 1 1 76 1305 4053
8877 2 2 1 1 1461 243 4502
8878 2 2 1 1 1440 502 4015
8879 2 2 1 1 887 4160 4467
8880 2 2 1 1 1228 485 4045
8881 2 2 1 1 87 1344 4474
8882 2 2 1 1 1521 4631 5027
8883 2 2 1 1 265 266 1236
8884 2 2 1 1 570 1160 4268
8885 2 2 1 1 1490 4130 4318
8886 2 2 1 1 1339 645 4504
8887 2 2 1 1 2906 4610 4950
8888 2 2 1 1 1392 378 3915
8889 2 2 1 1 2703 4594 4926
8890 2 2 1 1 1426 134 3907
8891 2 2 1 1 416 1241 4013
8892 2 2 1 1 333 1397 3985
8893 2 2 1 1 859 1439 4014
8894 2 2 1 1 1304 675 4510
8895 2 2 1 1 290 1252 3996
8896 2 2 1 1 1027 4846 4907
8897 2 2 1 1 1983 3564 5153
8898 2 2 1 1 104 1310 4483
8899 2 2 1 1 1424 164 3894
8900 2 2 1 1 1291 746 3905
8901 2 2 1 1 4352 1349 4358
8902 2 2 1 1 1338 705 4519
8903 2 2 1 1 260 1225 3943
8904 2 2 1 1 806 1308 4484
8905 2 2 1 1 2770 4129 4199
8906 2 2 1 1 1733 1731 5038
8907 2 2 1 1 3236 4057 5000
8908 2 2 1 1 4568 3677 4724
8909 2 2 1 1 399 1427 3911
8910 2 2 1 1 1289 534 3889
8911 2 2 1 1 1180 3885 5106
8912 2 2 1 1 776 1341 4490
8913 2 2 1 1 1337 735 4523
8914 2 2 1 1 1180 821 3885
8915 2 2 1 1 1166 4560 4763
8916 2 2 1 1 3490 1038 5355
8917 2 2 1 1 1179 331 4403
8918 2 2 1 1 1422 686 3871
8919 2 2 1 1 38 4079 4498
8920 2 2 1 1 517 4087 4496
8921 2 2 1 1 1304 4310 4405
8922 2 2 1 1 4068 3524 5047
8923 2 2 1 1 295 296 3931
8924 2 2 1 1 4678 4679 5201
8925 2 2 1 1 1292 4339 4424
8926 2 2 1 1 200 1435 3895
8927 2 2 1 1 1292 765 4529
8928 2 2 1 1 1460 301 4430
8929 2 2 1 1 1286 656 3864
8930 2 2 1 1 4952 4569 5170
8931 2 2 1 1 271 4460 4582
8932 2 2 1 1 4846 3000 4907
8933 2 2 1 1 3881 12 4581
8934 2 2 1 1 3760 4432 4486
8935 2 2 1 1 716 1302 4503
8936 2 2 1 1 3178 4473 5037
8937 2 2 1 1 481 482 1355
8938 2 2 1 1 879 880 1531
8939 2 2 1 1 827 1423 3888
8940 2 2 1 1 1285 254 3855
8941 2 2 1 1 194 4058 4507
8942 2 2 1 1 323 324 3922
8943 2 2 1 1 1294 508 4536
8944 2 2 1 1 170 1190 3874
8945 2 2 1 1 213 1391 3873
8946 2 2 1 1 44 1421 3872
8947 2 2 1 1 540 1246 3883
8948 2 2 1 1 1203 3710 3740
8949 2 2 1 1 389 390 1174
8950 2 2 1 1 1219 241 4475
8951 2 2 1 1 1419 284 3841
8952 2 2 1 1 1265 596 3845
8953 2 2 1 1 224 1468 4514
8954 2 2 1 1 393 1303 4516
8955 2 2 1 1 1298 140 4749
8956 2 2 1 1 838 1296 4513
8957 2 2 1 1 523 1420 3865
8958 2 2 1 1 3291 3890 5393
8959 2 2 1 1 1283 410 3834
8960 2 2 1 1 357 358 1532
8961 2 2 1 1 387 388 1542
8962 2 2 1 1 2673 4320 4664
8963 2 2 1 1 4800 1088 5366
8964 2 2 1 1 1256 211 4482
8965 2 2 1 1 4138 4108 4139
8966 2 2 1 1 1233 853 3833
8967 2 2 1 1 1274 566 3832
8968 2 2 1 1 1480 4076 4235
8969 2 2 1 1 4326 1296 4412
8970 2 2 1 1 4767 3101 5319
8971 2 2 1 1 325 326 3918
8972 2 2 1 1 181 1520 4559
8973 2 2 1 1 4460 4462 4582
8974 2 2 1 1 419 420 1354
8975 2 2 1 1 110 1277 3856
8976 2 2 1 1 1031 3498 5382
8977 2 2 1 1 2529 4473 4954
8978 2 2 1 1 626 3998 4522
8979 2 2 1 1 4264 2792 5317
8980 2 2 1 1 3903 3901 3904
8981 2 2 1 1 4241 1281 4507
8982 2 2 1 1 4354 1293 4445
8983 2 2 1 1 1478 4463 4494
8984 2 2 1 1 4144 4142 4268
8985 2 2 1 1 27 1276 3849
8986 2 2 1 1 549 1297 4527
8987 2 2 1 1 151 1360 4539
8988 2 2 1 1 4174 3600 4175
8989 2 2 1 1 1284 344 3815
8990 2 2 1 1 293 294 3923
8991 2 2 1 1 25 1517 4534
8992 2 2 1 1 123 1282 3837
8993 2 2 1 1 4280 1191 4522
8994 2 2 1 1 121 1408 4188
8995 2 2 1 1 367 1288 3830
8996 2 2 1 1 795 1418 3831
8997 2 2 1 1 1290 352 4571
8998 2 2 1 1 1295 4325 4383
8999 2 2 1 1 2030 4252 4253
9000 2 2 1 1 314 1469 4544
9001 2 2 1 1 93 1416 3828
9002 2 2 1 1 1439 3776 4014
9003 2 2 1 1 4901 1040 5080
9004 2 2 1 1 4449 1214 4554
9005 2 2 1 1 1978 5122 5232
9006 2 2 1 1 921 4562 5128
9007 2 2 1 1 1472 476 4576
9008 2 2 1 1 70 1293 4548
9009 2 2 1 1 361 1529 5283
9010 2 2 1 1 3978 4112 5052
9011 2 2 1 1 870 1470 4554
9012 2 2 1 1 491 1278 3827
9013 2 2 1 1 1903 1901 5083
9014 2 2 1 1 4624 953 5130
9015 2 2 1 1 4335 2677 4336
9016 2 2 1 1 263 264 4038
9017 2 2 1 1 1201 3940 4558
9018 2 2 1 1 2027 3484 5307
9019 2 2 1 1 10 1405 4580
9020 2 2 1 1 2608 2688 3771
9021 2 2 1 1 3673 4641 4712
9022 2 2 1 1 3594 4197 4936
9023 2 2 1 1 1194 4217 4731
9024 2 2 1 1 4115 1215 4239
9025 2 2 1 1 3769 3768 3770
9026 2 2 1 1 1198 85 3792
9027 2 2 1 1 3488 3486 4836
9028 2 2 1 1 4562 3004 5128
9029 2 2 1 1 2023 3804 3806
9030 2 2 1 1 3890 3023 5356
9031 2 2 1 1 3910 4301 4556
9032 2 2 1 1 1206 4199 4718
9033 2 2 1 1 1178 119 4546
9034 2 2 1 1 1464 4020 4172
9035 2 2 1 1 425 1471 4569
9036 2 2 1 1 23 1216 4533
9037 2 2 1 1 4292 1302 4395
9038 2 2 1 1 149 1530 4540
9039 2 2 1 1 1266 500 3777
9040 2 2 1 1 2461 4531 5047
9041 2 2 1 1 179 1201 4557
9042 2 2 1 1 1166 4628 4629
9043 2 2 1 1 2642 4506 5026
9044 2 2 1 1 849 850 4034
9045 2 2 1 1 511 512 1163
9046 2 2 1 1 885 1336 4573
9047 2 2 1 1 78 1411 3798
9048 2 2 1 1 233 234 1540
9049 2 2 1 1 1269 557 4592
9050 2 2 1 1 1442 209 4508
9051 2 2 1 1 3564 3886 5153
9052 2 2 1 1 3856 3860 4418
9053 2 2 1 1 3772 3773 5123
9054 2 2 1 1 2564 3840 5301
9055 2 2 1 1 3817 1453 4104
9056 2 2 1 1 1507 239 4499
9057 2 2 1 1 3751 4408 5149
9058 2 2 1 1 1275 587 4595
9059 2 2 1 1 1478 275 4597
9060 2 2 1 1 1262 376 3759
9061 2 2 1 1 269 1200 4707
9062 2 2 1 1 1543 4812 4813
9063 2 2 1 1 3713 3880 4523
9064 2 2 1 1 4095 1221 4186
9065 2 2 1 1 3810 3507 3811
9066 2 2 1 1 1273 132 3747
9067 2 2 1 1 3900 2946 5099
9068 2 2 1 1 861 1175 3774
9069 2 2 1 1 1222 774 3753
9070 2 2 1 1 1254 299 4179
9071 2 2 1 1 335 1267 3772
9072 2 2 1 1 4353 2666 4354
9073 2 2 1 1 4517 1512 4613
9074 2 2 1 1 1627 1625 5124
9075 2 2 1 1 203 204 3933
9076 2 2 1 1 1268 245 4604
9077 2 2 1 1 1078 4665 5004
9078 2 2 1 1 1498 329 4169
9079 2 2 1 1 1407 744 3742
9080 2 2 1 1 1188 162 3738
9081 2 2 1 1 102 1474 4590
9082 2 2 1 1 4456 4037 5209
9083 2 2 1 1 1312 4000 4163
9084 2 2 1 1 305 1220 3760
9085 2 2 1 1 1204 4569 4952
9086 2 2 1 1 804 1475 4591
9087 2 2 1 1 4560 3633 4763
9088 2 2 1 1 1789 1787 5100
9089 2 2 1 1 4547 1253 4623
9090 2 2 1 1 1334 4670 4691
9091 2 2 1 1 401 1270 3754
9092 2 2 1 1 4892 3114 5204
9093 2 2 1 1 1406 532 3734
9094 2 2 1 1 3898 4153 4872
9095 2 2 1 1 1482 677 4612
9096 2 2 1 1 173 174 3942
9097 2 2 1 1 2961 2959 5155
9098 2 2 1 1 4312 4612 5304
9099 2 2 1 1 817 818 4012
9100 2 2 1 1 543 544 4010
9101 2 2 1 1 1240 684 3725
9102 2 2 1 1 4260 2670 4672
9103 2 2 1 1 1280 185 4615
9104 2 2 1 1 515 1271 4812
9105 2 2 1 1 1533 846 4814
9106 2 2 1 1 1199 4568 4724
9107 2 2 1 1 36 1279 4603
9108 2 2 1 1 2804 4259 4260
9109 2 2 1 1 2466 4996 5370
9110 2 2 1 1 3789 1419 3841
9111 2 2 1 1 2900 4735 5305
9112 2 2 1 1 617 1203 3740
9113 2 2 1 1 1490 319 4128
9114 2 2 1 1 3876 4149 4867
9115 2 2 1 1 1491 875 4145
9116 2 2 1 1 2290 2292 5113
9117 2 2 1 1 1480 229 4074
9118 2 2 1 1 4238 2666 5034
9119 2 2 1 1 1404 654 3718
9120 2 2 1 1 4320 2009 4664
9121 2 2 1 1 3779 1440 4015
9122 2 2 1 1 1361 584 4099
9123 2 2 1 1 1218 155 4618
9124 2 2 1 1 4336 3845 4423
9125 2 2 1 1 3765 95 4638
9126 2 2 1 1 714 1481 4608
9127 2 2 1 1 647 1260 3737
9128 2 2 1 1 4622 4069 5141
9129 2 2 1 1 4147 1317 4321
9130 2 2 1 1 1362 599 4334
9131 2 2 1 1 347 1327 4104
9132 2 2 1 1 1981 4446 5039
9133 2 2 1 1 829 1212 3732
9134 2 2 1 1 1501 809 4269
9135 2 2 1 1 4373 5325 5374
9136 2 2 1 1 4470 3538 4770
9137 2 2 1 1 3915 379 4378
9138 2 2 1 1 1403 252 3712
9139 2 2 1 1 75 4053 4358
9140 2 2 1 1 349 1463 4350
9141 2 2 1 1 192 1281 4609
9142 2 2 1 1 143 144 1185
9143 2 2 1 1 58 1343 4370
9144 2 2 1 1 1464 383 4018
9145 2 2 1 1 4130 1322 4318
9146 2 2 1 1 135 1321 3907
9147 2 2 1 1 503 1325 4015
9148 2 2 1 1 215 1169 3730
9149 2 2 1 1 1495 430 4101
9150 2 2 1 1 1316 428 4348
9151 2 2 1 1 46 1255 3726
9152 2 2 1 1 2796 2647 5028
9153 2 2 1 1 4411 4077 5079
9154 2 2 1 1 73 1349 4207
9155 2 2 1 1 165 1315 3894
9156 2 2 1 1 471 1496 4103
9157 2 2 1 1 1497 90 4118
9158 2 2 1 1 1344 88 4361
9159 2 2 1 1 1328 364 4134
9160 2 2 1 1 1322 317 4318
9161 2 2 1 1 3213 4995 5367
9162 2 2 1 1 473 1313 4351
9163 2 2 1 1 2945 2943 5162
9164 2 2 1 1 554 1465 4375
9165 2 2 1 1 4150 287 4278
9166 2 2 1 1 1520 182 3997
9167 2 2 1 1 4772 2474 5210
9168 2 2 1 1 1346 413 4289
9169 2 2 1 1 747 1415 3905
9170 2 2 1 1 888 1370 4160
9171 2 2 1 1 843 1295 4383
9172 2 2 1 1 2728 2729 5276
9173 2 2 1 1 890 1462 4331
9174 2 2 1 1 486 1492 4045
9175 2 2 1 1 1487 767 4621
9176 2 2 1 1 614 1340 4388
9177 2 2 1 1 1317 873 4321
9178 2 2 1 1 488 1345 4322
9179 2 2 1 1 107 1357 4384
9180 2 2 1 1 535 1473 3889
9181 2 2 1 1 1310 105 4385
9182 2 2 1 1 644 1339 4396
9183 2 2 1 1 3843 3842 3892
9184 2 2 1 1 1529 362 4362
9185 2 2 1 1 1360 152 3961
9186 2 2 1 1 4148 856 4286
9187 2 2 1 1 1488 415 4013
9188 2 2 1 1 1508 719 4290
9189 2 2 1 1 1347 257 4256
9190 2 2 1 1 1324 858 4014
9191 2 2 1 1 1417 289 3996
9192 2 2 1 1 139 1298 4408
9193 2 2 1 1 3899 4491 4627
9194 2 2 1 1 1230 789 4127
9195 2 2 1 1 572 1485 4126
9196 2 2 1 1 687 1306 3871
9197 2 2 1 1 4053 4352 4358
9198 2 2 1 1 674 1304 4405
9199 2 2 1 1 1320 381 4172
9200 2 2 1 1 505 1456 4287
9201 2 2 1 1 1323 398 3911
9202 2 2 1 1 539 3883 4400
9203 2 2 1 1 4880 3127 5199
9204 2 2 1 1 1484 259 3943
9205 2 2 1 1 552 1359 4270
9206 2 2 1 1 3855 255 4419
9207 2 2 1 1 822 1414 3885
9208 2 2 1 1 2931 2929 5156
9209 2 2 1 1 109 3856 4418
9210 2 2 1 1 704 1338 4416
9211 2 2 1 1 1308 807 4374
9212 2 2 1 1 1330 4567 4705
9213 2 2 1 1 1450 396 4236
9214 2 2 1 1 657 1412 3864
9215 2 2 1 1 1326 227 4235
9216 2 2 1 1 1401 594 3707
9217 2 2 1 1 39 1352 4079
9218 2 2 1 1 137 1449 4233
9219 2 2 1 1 222 1234 4613
9220 2 2 1 1 391 1536 4834
9221 2 2 1 1 1341 777 4381
9222 2 2 1 1 734 1337 4420
9223 2 2 1 1 841 1504 4323
9224 2 2 1 1 285 1300 3841
9225 2 2 1 1 836 1483 4614
9226 2 2 1 1 525 1248 3722
9227 2 2 1 1 811 1287 4455
9228 2 2 1 1 56 1499 4155
9229 2 2 1 1 518 1351 4087
9230 2 2 1 1 1319 199 3895
9231 2 2 1 1 61 1258 5161
9232 2 2 1 1 3834 411 4434
9233 2 2 1 1 764 1292 4424
9234 2 2 1 1 759 1168 4632
9235 2 2 1 1 1250 602 4760
9236 2 2 1 1 1272 386 4838
9237 2 2 1 1 3854 3853 5127
9238 2 2 1 1 41 4192 4220
9239 2 2 1 1 195 1353 4058
9240 2 2 1 1 1399 408 3696
9241 2 2 1 1 3845 597 4423
9242 2 2 1 1 81 82 3993
9243 2 2 1 1 707 1217 3717
9244 2 2 1 1 332 3985 4403
9245 2 2 1 1 4198 197 4218
9246 2 2 1 1 1318 43 3872
9247 2 2 1 1 4120 1272 4121
9248 2 2 1 1 1425 792 4140
9249 2 2 1 1 3749 1426 3907
9250 2 2 1 1 272 1358 4460
9251 2 2 1 1 520 4187 4230
9252 2 2 1 1 167 4202 4215
9253 2 2 1 1 4263 2792 4264
9254 2 2 1 1 1302 717 4395
9255 2 2 1 1 1413 169 3874
9256 2 2 1 1 302 1342 4430
9257 2 2 1 1 762 1511 4337
9258 2 2 1 1 507 1294 4436
9259 2 2 1 1 1311 826 3888
9260 2 2 1 1 2770 4222 4791
9261 2 2 1 1 1881 1879 5129
9262 2 2 1 1 854 1410 3833
9263 2 2 1 1 567 1409 3832
9264 2 2 1 1 4142 569 4268
9265 2 2 1 1 1468 225 4411
9266 2 2 1 1 1303 394 4413
9267 2 2 1 1 629 1312 4163
9268 2 2 1 1 1405 11 3881
9269 2 2 1 1 537 1348 4211
9270 2 2 1 1 113 114 3981
9271 2 2 1 1 1527 582 4248
9272 2 2 1 1 1398 851 3691
9273 2 2 1 1 1396 564 3687
9274 2 2 1 1 1503 779 4167
9275 2 2 1 1 242 1461 4475
9276 2 2 1 1 345 1453 3815
9277 2 2 1 1 1216 4534 5068
9278 2 2 1 1 1479 729 4113
9279 2 2 1 1 1537 632 4765
9280 2 2 1 1 1296 839 4412
9281 2 2 1 1 1314 522 3865
9282 2 2 1 1 490 3827 4451
9283 2 2 1 1 672 1510 4308
9284 2 2 1 1 824 4208 4212
9285 2 2 1 1 2200 2202 5112
9286 2 2 1 1 4165 1364 4166
9287 2 2 1 1 732 1444 4239
9288 2 2 1 1 212 3873 4482
9289 2 2 1 1 612 1505 4186
9290 2 2 1 1 689 1438 4195
9291 2 2 1 1 4310 1304 4311
9292 2 2 1 1 702 1441 4226
9293 2 2 1 1 785 786 3952
9294 2 2 1 1 575 576 3954
9295 2 2 1 1 624 1191 4617
9296 2 2 1 1 737 1239 3713
9297 2 2 1 1 627 1454 3998
9298 2 2 1 1 3744 1291 3905
9299 2 2 1 1 4182 659 4225
9300 2 2 1 1 749 4184 4229
9301 2 2 1 1 1411 3662 3798
9302 2 2 1 1 2801 4753 5069
9303 2 2 1 1 1297 550 4422
9304 2 2 1 1 642 1509 4200
9305 2 2 1 1 1477 699 4112
9306 2 2 1 1 662 1476 4111
9307 2 2 1 1 351 1290 4466
9308 2 2 1 1 29 1402 3711
9309 2 2 1 1 1517 26 3849
9310 2 2 1 1 1458 366 3830
9311 2 2 1 1 547 1486 4619
9312 2 2 1 1 1469 315 4441
9313 2 2 1 1 1408 122 3837
9314 2 2 1 1 1299 92 3828
9315 2 2 1 1 1301 794 3831
9316 2 2 1 1 475 1472 4469
9317 2 2 1 1 1293 71 4445
9318 2 2 1 1 3703 1424 3704
9319 2 2 1 1 1393 342 3680
9320 2 2 1 1 4000 1312 4001
9321 2 2 1 1 282 3787 4623
9322 2 2 1 1 669 1167 4651
9323 2 2 1 1 3792 86 4474
9324 2 2 1 1 1420 3585 3586
9325 2 2 1 1 125 1400 3700
9326 2 2 1 1 1305 3662 3663
9327 2 2 1 1 3675 1265 3676
9328 2 2 1 1 4315 1167 4650
9329 2 2 1 1 1470 871 4447
9330 2 2 1 1 4325 1295 4456
9331 2 2 1 1 755 756 1227
9332 2 2 1 1 605 606 3960
9333 2 2 1 1 4076 1326 4235
9334 2 2 1 1 3563 2011 5083
9335 2 2 1 1 3789 1300 3790
9336 2 2 1 1 3820 3822 3823
9337 2 2 1 1 369 1395 3684
9338 2 2 1 1 639 4274 4654
9339 2 2 1 1 1171 722 4778
9340 2 2 1 1 4341 1168 4634
9341 2 2 1 1 1364 14 4636
9342 2 2 1 1 4728 1538 4848
9343 2 2 1 1 3776 1324 4014
9344 2 2 1 1 501 1440 3777
9345 2 2 1 1 4199 1206 4565
9346 2 2 1 1 1538 510 4848
9347 2 2 1 1 797 1237 3686
9348 2 2 1 1 3879 3704 4216
9349 2 2 1 1 1471 426 4465
9350 2 2 1 1 304 3760 4486
9351 2 2 1 1 312 1208 4625
9352 2 2 1 1 4641 1189 4712
9353 2 2 1 1 556 1269 4485
9354 2 2 1 1 1467 609 4093
9355 2 2 1 1 752 1466 4261
9356 2 2 1 1 1305 77 3798
9357 2 2 1 1 377 1392 3759
9358 2 2 1 1 1336 886 4467
9359 2 2 1 1 1907 1905 5152
9360 2 2 1 1 274 1478 4494
9361 2 2 1 1 68 1489 4628
9362 2 2 1 1 3720 1286 3864
9363 2 2 1 1 133 1426 3747
9364 2 2 1 1 3801 4146 4920
9365 2 2 1 1 1260 3577 3578
9366 2 2 1 1 586 1275 4511
9367 2 2 1 1 725 726 1226
9368 2 2 1 1 635 636 1539
9369 2 2 1 1 3753 775 4490
9370 2 2 1 1 1324 3776 4030
9371 2 2 1 1 3591 1240 3592
9372 2 2 1 1 579 1210 4785
9373 2 2 1 1 782 1432 4251
9374 2 2 1 1 3593 2001 5100
9375 2 2 1 1 845 1533 4497
9376 2 2 1 1 1493 354 4646
9377 2 2 1 1 1431 117 4084
9378 2 2 1 1 244 1268 4502
9379 2 2 1 1 616 3740 4500
9380 2 2 1 1 868 1214 4631
9381 2 2 1 1 493 1394 3682
9382 2 2 1 1 163 1424 3738
9383 2 2 1 1 1397 334 3772
9384 2 2 1 1 1302 4292 4293
9385 2 2 1 1 745 1291 3742
9386 2 2 1 1 1439 860 3774
9387 2 2 1 1 4277 2796 5003
9388 2 2 1 1 2110 4124 5163
9389 2 2 1 1 21 1518 4671
9390 2 2 1 1 1430 53 4234
9391 2 2 1 1 3914 1030 5382
9392 2 2 1 1 3023 4333 5356
9393 2 2 1 1 4658 2812 4981
9394 2 2 1 1 646 3737 4504
9395 2 2 1 1 1184 478 4648
9396 2 2 1 1 1434 3953 5003
9397 2 2 1 1 2228 2230 5146
9398 2 2 1 1 3844 2537 3893
9399 2 2 1 1 3724 863 4674
9400 2 2 1 1 1474 103 4483
9401 2 2 1 1 147 1243 4789
9402 2 2 1 1 533 1289 3734
9403 2 2 1 1 1475 805 4484
9404 2 2 1 1 695 696 3979
9405 2 2 1 1 665 666 1249
9406 2 2 1 1 676 1482 4510
9407 2 2 1 1 1427 400 3754
9408 2 2 1 1 4462 1200 4582
9409 2 2 1 1 685 1422 3725
9410 2 2 1 1 1394 3650 3651
9411 2 2 1 1 184 1280 4542
9412 2 2 1 1 4017 4607 5219
9413 2 2 1 1 3842 2537 3844
9414 2 2 1 1 1322 4130 4131
9415 2 2 1 1 385 1272 4545
9416 2 2 1 1 4020 1320 4172
9417 2 2 1 1 706 3717 4519
9418 2 2 1 1 1428 177 4070
9419 2 2 1 1 1279 37 4498
9420 2 2 1 1 655 1286 3718
9421 2 2 1 1 1591 3267 3347
9422 2 2 1 1 2400 4409 4686
9423 2 2 1 1 1271 516 4496
9424 2 2 1 1 1416 3767 3828
9425 2 2 1 1 3716 307 4691
9426 2 2 1 1 1138 4741 5212
9427 2 2 1 1 154 1218 4555
9428 2 2 1 1 1281 4241 4242
9429 2 2 1 1 253 1285 3712
9430 2 2 1 1 3693 1233 3833
9431 2 2 1 1 736 3713 4523
9432 2 2 1 1 423 1204 4642
9433 2 2 1 1 1167 4315 4316
9434 2 2 1 1 3693 1410 3694
9435 2 2 1 1 1299 3767 3768
9436 2 2 1 1 1327 3817 4104
9437 2 2 1 1 1584 1588 5131
9438 2 2 1 1 3815 3816 5327
9439 2 2 1 1 5305 4735 5349
9440 2 2 1 1 1481 715 4503
9441 2 2 1 1 1191 4280 4281
9442 2 2 1 1 3749 1321 3750
9443 2 2 1 1 1173 207 4203
9444 2 2 1 1 1281 193 4507
9445 2 2 1 1 3744 1415 3746
9446 2 2 1 1 1423 828 3732
9447 2 2 1 1 1391 214 3730
9448 2 2 1 1 4751 4107 4771
9449 2 2 1 1 766 1487 4529
9450 2 2 1 1 1421 45 3726
9451 2 2 1 1 4850 973 5164
9452 2 2 1 1 1326 4076 4077
9453 2 2 1 1 595 1265 3707
9454 2 2 1 1 1390 498 3658
9455 2 2 1 1 1552 451 5299
9456 2 2 1 1 450 1552 5298
9457 2 2 1 1 3779 1325 3780
9458 2 2 1 1 409 1283 3696
9459 2 2 1 1 3817 1327 3818
9460 2 2 1 1 1300 3789 3841
9461 2 2 1 1 80 1238 3659
9462 2 2 1 1 883 1494 4647
9463 2 2 1 1 3946 4439 5314
9464 2 2 1 1 4258 3807 4775
9465 2 2 1 1 509 1538 4536
9466 2 2 1 1 1234 223 4514
9467 2 2 1 1 1536 392 4516
9468 2 2 1 1 4912 3187 5190
9469 2 2 1 1 3430 4821 5059
9470 2 2 1 1 1416 94 3765
9471 2 2 1 1 852 1233 3691
9472 2 2 1 1 565 1274 3687
9473 2 2 1 1 237 4194 4810
9474 2 2 1 1 1483 837 4513
9475 2 2 1 1 1420 524 3722
9476 2 2 1 1 1212 3601 3602
9477 2 2 1 1 2551 4273 5218
9478 2 2 1 1 1096 5208 5278
9479 2 2 1 1 1444 4115 4239
9480 2 2 1 1 4252 2664 4254
9481 2 2 1 1 3703 1188 3738
9482 2 2 1 1 4470 1158 4471
9483 2 2 1 1 4304 4303 4305
9484 2 2 1 1 3493 1348 5136
9485 2 2 1 1 1217 3573 3574
9486 2 2 1 1 19 1329 4653
9487 2 2 1 1 2836 4850 5164
9488 2 2 1 1 3822 2496 4660
9489 2 2 1 1 343 1284 3680
9490 2 2 1 1 1191 625 4522
9491 2 2 1 1 802 1158 4770
9492 2 2 1 1 3708 619 4698
9493 2 2 1 1 1276 28 3711
9494 2 2 1 1 2742 3854 5127
9495 2 2 1 1 267 1541 4708
9496 2 2 1 1 1486 548 4527
9497 2 2 1 1 3821 3820 3823
9498 2 2 1 1 1387 374 3644
9499 2 2 1 1 283 1419 3787
9500 2 2 1 1 1237 3540 3541
9501 2 2 1 1 1282 124 3700
9502 2 2 1 1 1248 3585 3722
9503 2 2 1 1 692 1231 5269
9504 2 2 1 1 13 1364 4581
9505 2 2 1 1 1183 4109 4110
9506 2 2 1 1 4750 4089 4876
9507 2 2 1 1 943 4798 5280
9508 2 2 1 1 3662 1305 3798
9509 2 2 1 1 2709 4803 4970
9510 2 2 1 1 1021 4676 4970
9511 2 2 1 1 4065 1442 4066
9512 2 2 1 1 1288 368 3684
9513 2 2 1 1 1202 277 4680
9514 2 2 1 1 337 1389 3657
9515 2 2 1 1 4240 3802 5386
9516 2 2 1 1 1384 130 3626
9517 2 2 1 1 1500 589 4678
9518 2 2 1 1 3890 1072 5393
9519 2 2 1 1 1459 297 4051
9520 2 2 1 1 1385 772 3630
9521 2 2 1 1 1418 796 3686
9522 2 2 1 1 3842 3844 3892
9523 2 2 1 1 1208 313 4544
9524 2 2 1 1 1325 3779 4015
9525 2 2 1 1 3920 1498 3921
9526 2 2 1 1 1505 4095 4186
9527 2 2 1 1 483 4180 4830
9528 2 2 1 1 1177 878 4716
9529 2 2 1 1 3769 3796 5140
9530 2 2 1 1 3683 217 4705
9531 2 2 1 1 353 1493 4571
9532 2 2 1 1 1206 322 4719
9533 2 2 1 1 2646 3679 5249
9534 2 2 1 1 63 1388 3656
9535 2 2 1 1 1489 69 4548
9536 2 2 1 1 3840 2564 4737
9537 2 2 1 1 1863 1861 4805
9538 2 2 1 1 2047 3910 4556
9539 2 2 1 1 359 1263 4835
9540 2 2 1 1 477 1184 4576
9541 2 2 1 1 100 1187 4661
9542 2 2 1 1 1257 327 4041
9543 2 2 1 1 4457 1998 5177
9544 2 2 1 1 1214 869 4554
9545 2 2 1 1 1278 492 3682
9546 2 2 1 1 1197 742 3623
9547 2 2 1 1 814 1374 5185
9548 2 2 1 1 3543 4471 4668
9549 2 2 1 1 1321 3749 3907
9550 2 2 1 1 4115 1444 4266
9551 2 2 1 1 559 1373 3655
9552 2 2 1 1 4039 1003 5391
9553 2 2 1 1 292 1457 4168
9554 2 2 1 1 2819 5084 5388
9555 2 2 1 1 4161 4162 4563
9556 2 2 1 1 4105 3333 5193
9557 2 2 1 1 2196 2198 5187
9558 2 2 1 1 2396 4369 5247
9559 2 2 1 1 4409 2398 4933
9560 2 2 1 1 1485 3988 4126
9561 2 2 1 1 403 1386 3632
9562 2 2 1 1 4400 3492 5136
9563 2 2 1 1 1415 3744 3905
9564 2 2 1 1 712 1192 4781
9565 2 2 1 1 4430 4431 5045
9566 2 2 1 1 4339 2738 4340
9567 2 2 1 1 4369 2592 5247
9568 2 2 1 1 1176 530 3611
9569 2 2 1 1 262 1455 4159
9570 2 2 1 1 1204 424 4569
9571 2 2 1 1 1175 862 3724
9572 2 2 1 1 499 1266 3658
9573 2 2 1 1 4579 5220 5260
9574 2 2 1 1 3561 1452 3562
9575 2 2 1 1 4361 3769 5140
9576 2 2 1 1 3746 2667 5025
9577 2 2 1 1 4219 2717 5115
9578 2 2 1 1 34 1502 4685
9579 2 2 1 1 1155 679 4696
9580 2 2 1 1 1411 79 3659
9581 2 2 1 1 4031 4023 4190
9582 2 2 1 1 1380 682 3598
9583 2 2 1 1 1494 884 4573
9584 2 2 1 1 3675 1401 3707
9585 2 2 1 1 5158 1007 5191
9586 2 2 1 1 1220 306 3716
9587 2 2 1 1 2413 4359 5144
9588 2 2 1 1 1194 232 4851
9589 2 2 1 1 160 3701 4690
9590 2 2 1 1 3677 31 4724
9591 2 2 1 1 247 1375 3614
9592 2 2 1 1 558 3655 4592
9593 2 2 1 1 1513 187 4701
9594 2 2 1 1 4006 4000 5332
9595 2 2 1 1 1412 3720 3864
9596 2 2 1 1 375 1262 3644
9597 2 2 1 1 4069 2066 5141
9598 2 2 1 1 1329 20 4671
9599 2 2 1 1 3581 3580 4602
9600 2 2 1 1 834 1209 4782
9601 2 2 1 1 3926 1459 3927
9602 2 2 1 1 131 1273 3626
9603 2 2 1 1 276 1202 4597
9604 2 2 1 1 1156 652 3580
9605 2 2 1 1 1476 4109 4111
9606 2 2 1 1 1216 24 4534
9607 2 2 1 1 1530 150 4539
9608 2 2 1 1 120 4188 4546
9609 2 2 1 1 1201 180 4559
9610 2 2 1 1 1985 4457 4756
9611 2 2 1 1 210 1256 4508
9612 2 2 1 1 588 1500 4595
9613 2 2 1 1 1007 5125 5349
9614 2 2 1 1 240 1219 4499
9615 2 2 1 1 649 1383 3613
9616 2 2 1 1 3954 1434 5003
9617 2 2 1 1 773 1222 3630
9618 2 2 1 1 202 1251 4153
9619 2 2 1 1 1200 270 4582
9620 2 2 1 1 3429 5158 5191
9621 2 2 1 1 2665 4276 4277
9622 2 2 1 1 300 1460 4179
9623 2 2 1 1 4739 1235 4847
9624 2 2 1 1 831 1382 3610
9625 2 2 1 1 1267 336 3657
9626 2 2 1 1 190 1506 4695
9627 2 2 1 1 330 1179 4169
9628 2 2 1 1 3718 3719 4602
9629 2 2 1 1 1424 3703 3738
9630 2 2 1 1 48 1381 3595
9631 2 2 1 1 1207 250 3548
9632 2 2 1 1 1926 1924 5239
9633 2 2 1 1 3767 1299 3828
9634 2 2 1 1 1258 62 3656
9635 2 2 1 1 246 3614 4604
9636 2 2 1 1 622 1514 4769
9637 2 2 1 1 1203 618 3708
9638 2 2 1 1 743 1407 3623
9639 2 2 1 1 4427 4407 4616
9640 2 2 1 1 3821 3825 4644
9641 2 2 1 1 3585 1420 3722
9642 2 2 1 1 1187 101 4590
9643 2 2 1 1 3727 3597 3729
9644 2 2 1 1 1410 3693 3833
9645 2 2 1 1 172 1429 4149
9646 2 2 1 1 1452 819 4151
9647 2 2 1 1 542 1451 4009
9648 2 2 1 1 4665 3033 5004
9649 2 2 1 1 4564 2662 4565
9650 2 2 1 1 4563 4162 4568
9651 2 2 1 1 4359 3843 5144
9652 2 2 1 1 2268 2270 4931
9653 2 2 1 1 1158 803 4591
9654 2 2 1 1 220 1512 4700
9655 2 2 1 1 4372 2581 4373
9656 2 2 1 1 2582 3492 3884
9657 2 2 1 1 531 1406 3611
9658 2 2 1 1 1270 402 3632
9659 2 2 1 1 1169 216 3683
9660 2 2 1 1 1186 769 4713
9661 2 2 1 1 527 1379 3582
9662 2 2 1 1 2642 4344 4506
9663 2 2 1 1 2667 1843 5025
9664 2 2 1 1 2696 4206 4433
9665 2 2 1 1 4127 790 4630
9666 2 2 1 1 1160 571 4126
9667 2 2 1 1 127 1196 3670
9668 2 2 1 1 709 1378 3579
9669 2 2 1 1 1544 142 4747
9670 2 2 1 1 1168 760 4634
9671 2 2 1 1 601 1250 4635
9672 2 2 1 1 678 1155 4612
9673 2 2 1 1 2596 2689 3963
9674 2 2 1 1 1433 3958 3959
9675 2 2 1 1 683 1240 3598
9676 2 2 1 1 1466 4091 4261
9677 2 2 1 1 730 1215 4113
9678 2 2 1 1 631 1537 4640
9679 2 2 1 1 3897 4198 4218
9680 2 2 1 1 3909 2032 4711
9681 2 2 1 1 1502 35 4603
9682 2 2 1 1 186 1513 4615
9683 2 2 1 1 418 5102 5157
9684 2 2 1 1 2655 4263 4264
9685 2 2 1 1 700 1244 4112
9686 2 2 1 1 1183 661 4111
9687 2 2 1 1 1422 3871 5137
9688 2 2 1 1 4202 3877 4215
9689 2 2 1 1 3969 1161 3970
9690 2 2 1 1 1743 4840 4959
9691 2 2 1 1 161 1188 3701
9692 2 2 1 1 1515 157 4768
9693 2 2 1 1 3612 2643 5020
9694 2 2 1 1 1167 670 4650
9695 2 2 1 1 310 1519 4758
9696 2 2 1 1 739 1376 3565
9697 2 2 1 1 653 1404 3580
9698 2 2 1 1 112 1447 4119
9699 2 2 1 1 640 1229 4274
9700 2 2 1 1 721 1171 4655
9701 2 2 1 1 4536 4537 5002
9702 2 2 1 1 1448 787 3989
9703 2 2 1 1 574 1232 3986
9704 2 2 1 1 3685 2820 5265
9705 2 2 1 1 2550 4007 4125
9706 2 2 1 1 545 1170 4858
9707 2 2 1 1 816 1223 3555
9708 2 2 1 1 610 1221 4093
9709 2 2 1 1 1213 751 4261
9710 2 2 1 1 251 1403 3548
9711 2 2 1 1 156 1515 4618
9712 2 2 1 1 4488 3334 5105
9713 2 2 1 1 4488 3900 5099
9714 2 2 1 1 1192 713 4608
9715 2 2 1 1 1260 648 3613
9716 2 2 1 1 66 1166 4763
9717 2 2 1 1 118 1178 4084
9718 2 2 1 1 1769 1767 4941
9719 2 2 1 1 1506 191 4609
9720 2 2 1 1 1212 830 3610
9721 2 2 1 1 1210 580 4662
9722 2 2 1 1 1245 781 4251
9723 2 2 1 1 965 5116 5167
9724 2 2 1 1 1255 47 3595
9725 2 2 1 1 54 1264 4234
9726 2 2 1 1 1265 3675 3707
9727 2 2 1 1 2497 4797 5095
9728 2 2 1 1 1402 30 3677
9729 2 2 1 1 280 1253 4714
9730 2 2 1 1 1518 22 4533
9731 2 2 1 1 592 3673 4712
9732 2 2 1 1 1611 1609 5277
9733 2 2 1 1 1243 148 4540
9734 2 2 1 1 757 1526 4875
9735 2 2 1 1 604 1433 3980
9736 2 2 1 1 5220 2902 5260
9737 2 2 1 1 1402 3679 3711
9738 2 2 1 1 866 1521 4752
9739 2 2 1 1 1181 406 3669
9740 2 2 1 1 495 1159 3666
9741 2 2 1 1 768 1186 4621
9742 2 2 1 1 4070 178 4557
9743 2 2 1 1 1400 126 3670
9744 2 2 1 1 1512 221 4613
9745 2 2 1 1 4249 2645 5111
9746 2 2 1 1 371 1205 3531
9747 2 2 1 1 3858 1447 3859
9748 2 2 1 1 4911 3050 4958
9749 2 2 1 1 1232 3954 5028
9750 2 2 1 1 3846 2536 3847
9751 2 2 1 1 1209 835 4614
9752 2 2 1 1 1248 526 3582
9753 2 2 1 1 5116 3194 5167
9754 2 2 1 1 208 1442 4203
9755 2 2 1 1 1195 562 3668
9756 2 2 1 1 799 1377 3547
9757 2 2 1 1 727 4116 4764
9758 2 2 1 1 1157 634 4879
9759 2 2 1 1 1217 708 3579
9760 2 2 1 1 3554 1403 3712
9761 2 2 1 1 1259 97 4757
9762 2 2 1 1 1389 3528 3657
9763 2 2 1 1 238 1507 4194
9764 2 2 1 1 96 1259 4638
9765 2 2 1 1 1228 4047 4180
9766 2 2 1 1 4034 4739 4847
9767 2 2 1 1 3649 3658 4702
9768 2 2 1 1 3681 2690 4859
9769 2 2 1 1 3594 4196 4197
9770 2 2 1 1 1514 623 4617
9771 2 2 1 1 1239 738 3565
9772 2 2 1 1 1161 697 3977
9773 2 2 1 1 4107 664 4771
9774 2 2 1 1 2690 3681 5327
9775 2 2 1 1 1541 268 4707
9776 2 2 1 1 4733 4439 5233
9777 2 2 1 1 924 4894 5165
9778 2 2 1 1 4916 979 5235
9779 2 2 1 1 3728 3727 3729
9780 2 2 1 1 4728 1163 4729
9781 2 2 1 1 1170 546 4619
9782 2 2 1 1 1374 815 3555
9783 2 2 1 1 4065 1173 4203
9784 2 2 1 1 1193 340 3665
9785 2 2 1 1 298 1254 4051
9786 2 2 1 1 3945 1455 3946
9787 2 2 1 1 4792 4094 5324
9788 2 2 1 1 3775 3774 5166
9789 2 2 1 1 1253 281 4623
9790 2 2 1 1 1394 494 3666
9791 2 2 1 1 321 1206 4718
9792 2 2 1 1 593 1401 3673
9793 2 2 1 1 484 1228 4180
9794 2 2 1 1 877 1177 4717
9795 2 2 1 1 4125 4007 4201
9796 2 2 1 1 667 1546 4884
9797 2 2 1 1 694 1446 3964
9798 2 2 1 1 407 1399 3669
9799 2 2 1 1 328 1498 4041
9800 2 2 1 1 1163 4728 4848
9801 2 2 1 1 1395 370 3531
9802 2 2 1 1 1799 1797 5271
9803 2 2 1 1 5086 2005 5354
9804 2 2 1 1 1252 291 4168
9805 2 2 1 1 4750 1227 4801
9806 2 2 1 1 1263 360 5283
9807 2 2 1 1 15 3521 4636
9808 2 2 1 1 4688 2879 5066
9809 2 2 1 1 563 1396 3668
9810 2 2 1 1 1237 798 3547
9811 2 2 1 1 1386 3537 3632
9812 2 2 1 1 1519 311 4625
9813 2 2 1 1 2659 3268 5346
9814 2 2 1 1 16 1154 3521
9815 2 2 1 1 637 1356 4777
9816 2 2 1 1 1528 724 4878
9817 2 2 1 1 1225 261 4159
9818 2 2 1 1 1166 67 4628
9819 2 2 1 1 3930 2553 5112
9820 2 2 1 1 1574 1576 5334
9821 2 2 1 1 1235 4739 4740
9822 2 2 1 1 4208 3887 4212
9823 2 2 1 1 231 1194 4731
9824 2 2 1 1 954 4788 4980
9825 2 2 1 1 3988 1160 4126
9826 2 2 1 1 355 1172 4646
9827 2 2 1 1 4515 4514 5079
9828 2 2 1 1 341 1393 3665
9829 2 2 1 1 1182 607 3956
9830 2 2 1 1 4089 754 4876
9831 2 2 1 1 3528 1267 3657
9832 2 2 1 1 1154 17 3520
9833 2 2 1 1 1521 867 4631
9834 2 2 1 1 3633 65 4763
9835 2 2 1 1 4226 4227 5052
9836 2 2 1 1 421 1535 4842
9837 2 2 1 1 1435 201 4153
9838 2 2 1 1 2988 2986 5361
9839 2 2 1 1 4346 4347 5078
9840 2 2 1 1 4162 4477 5249
9841 2 2 1 1 3679 1276 3711
9842 2 2 1 1 1172 356 4837
9843 2 2 1 1 4049 2676 4706
9844 2 2 1 1 479 1534 4648
9845 2 2 1 1 1434 577 3953
9846 2 2 1 1 784 1162 3947
9847 2 2 1 1 1190 171 4149
9848 2 2 1 1 1247 115 4085
9849 2 2 1 1 820 1180 4151
9850 2 2 1 1 1246 541 4009
9851 2 2 1 1 1445 83 4083
9852 2 2 1 1 4549 1529 4984
9853 2 2 1 1 1642 4258 4775
9854 2 2 1 1 881 1224 4831
9855 2 2 1 1 1534 480 4829
9856 2 2 1 1 3520 18 4653
9857 2 2 1 1 1285 3554 3712
9858 2 2 1 1 1335 865 4752
9859 2 2 1 1 4109 1183 4111
9860 2 2 1 1 1211 51 4082
9861 2 2 1 1 141 1544 4749
9862 2 2 1 1 1383 3577 3613
9863 2 2 1 1 4959 3063 5338
9864 2 2 1 1 3537 1270 3632
9865 2 2 1 1 1535 422 4642
9866 2 2 1 1 3538 801 4770
9867 2 2 1 1 4801 4875 5243
9868 2 2 1 1 145 1545 4790
9869 2 2 1 1 3920 1257 4041
9870 2 2 1 1 1277 111 4119
9871 2 2 1 1 1241 417 5157
9872 2 2 1 1 2002 3913 5038
9873 2 2 1 1 3847 2536 3848
9874 2 2 1 1 788 1230 3989
9875 2 2 1 1 1485 573 3986
9876 2 2 1 1 3437 4598 4937
9877 2 2 1 1 864 1335 4674
9878 2 2 1 1 4196 3968 4197
9879 2 2 1 1 2021 3971 5271
9880 2 2 1 1 1334 309 4758
9881 2 2 1 1 3724 4675 5166
9882 2 2 1 1 3661 3993 4873
9883 2 2 1 1 1224 882 4647
9884 2 2 1 1 1455 3945 4159
9885 2 2 1 1 1227 4750 4876
9886 2 2 1 1 1388 64 3633
9887 2 2 1 1 1526 758 4632
9888 2 2 1 1 603 3980 4760
9889 2 2 1 1 4091 1213 4261
9890 2 2 1 1 1377 800 3538
9891 2 2 1 1 561 1195 3627
9892 2 2 1 1 5194 4357 5339
9893 2 2 1 1 1261 175 3934
9894 2 2 1 1 308 1334 4691
9895 2 2 1 1 339 1193 3525
9896 2 2 1 1 2945 4105 5193
9897 2 2 1 1 728 1479 4116
9898 2 2 1 1 633 1157 4765
9899 2 2 1 1 1159 496 3647
9900 2 2 1 1 3486 4055 4836
9901 2 2 1 1 3929 2506 5187
9902 2 2 1 1 2953 5305 5349
9903 2 2 1 1 1373 560 3627
9904 2 2 1 1 3591 1380 3598
9905 2 2 1 1 2730 4913 5211
9906 2 2 1 1 698 1477 3977
9907 2 2 1 1 1476 663 4107
9908 2 2 1 1 3577 1260 3613
9909 2 2 1 1 770 3624 4713
9910 2 2 1 1 2423 4279 5040
9911 2 2 1 1 1988 4345 4639
9912 2 2 1 1 3720 1412 4183
9913 2 2 1 1 4253 4252 4254
9914 2 2 1 1 4296 4297 4298
9915 2 2 1 1 4152 2110 5163
9916 2 2 1 1 1443 205 4063
9917 2 2 1 1 278 1525 4680
9918 2 2 1 1 1389 338 3525
9919 2 2 1 1 2604 3790 4193
9920 2 2 1 1 497 1390 3647
9921 2 2 1 1 4957 1137 5212
9922 2 2 1 1 98 1524 4757
9923 2 2 1 1 3571 711 4781
9924 2 2 1 1 1546 668 4651
9925 2 2 1 1 1231 693 3964
9926 2 2 1 1 590 1189 4678
9927 2 2 1 1 32 1199 4724
9928 2 2 1 1 4471 4472 4668
9929 2 2 1 1 3599 833 4782
9930 2 2 1 1 4898 2845 5306
9931 2 2 1 1 1249 4751 4771
9932 2 2 1 1 4579 1013 5220
9933 2 2 1 1 4659 2751 5065
9934 2 2 1 1 1332 621 4769
9935 2 2 1 1 1356 638 4654
9936 2 2 1 1 723 1528 4778
9937 2 2 1 1 1376 740 3569
9938 2 2 1 1 1205 372 3625
9939 2 2 1 1 249 1207 3609
9940 2 2 1 1 3886 3887 5153
9941 2 2 1 1 4314 4310 5351
9942 2 2 1 1 1524 99 4661
9943 2 2 1 1 235 1242 4811
9944 2 2 1 1 620 1332 4698
9945 2 2 1 1 405 1181 3534
9946 2 2 1 1 2679 3720 4183
9947 2 2 1 1 741 1197 3569
9948 2 2 1 1 1375 248 3609
9949 2 2 1 1 513 1543 4849
9950 2 2 1 1 1235 848 4847
9951 2 2 1 1 608 1467 3956
9952 2 2 1 1 1466 753 4089
9953 2 2 1 1 2232 2234 5336
9954 2 2 1 1 2645 3537 5111
9955 2 2 1 1 1196 128 3618
9956 2 2 1 1 3821 3823 3825
9957 2 2 1 1 1442 4065 4203
9958 2 2 1 1 373 1387 3625
9959 2 2 1 1 3508 3509 3628
9960 2 2 1 1 1525 279 4714
9961 2 2 1 1 4095 1505 4389
9962 2 2 1 1 4188 3839 4546
9963 2 2 1 1 1386 404 3534
9964 2 2 1 1 1189 591 4712
9965 2 2 1 1 1357 3860 3861
9966 2 2 1 1 4446 1981 5238
9967 2 2 1 1 1378 710 3571
9968 2 2 1 1 1240 3591 3598
9969 2 2 1 1 116 1431 4085
9970 2 2 1 1 188 1164 4701
9971 2 2 1 1 3953 578 4785
9972 2 2 1 1 1432 783 3947
9973 2 2 1 1 129 1384 3618
9974 2 2 1 1 4180 4047 4830
9975 2 2 1 1 84 1198 4083
9976 2 2 1 1 4713 3624 4832
9977 2 2 1 1 1089 4570 5366
9978 2 2 1 1 218 1330 4705
9979 2 2 1 1 1382 832 3599
9980 2 2 1 1 265 1236 4819
9981 2 2 1 1 52 1430 4082
9982 2 2 1 1 771 1385 3624
9983 2 2 1 1 451 3 5299
9984 2 2 1 1 2 450 5298
9985 2 2 1 1 1545 146 4789
9986 2 2 1 1 1199 33 4685
9987 2 2 1 1 158 1331 4768
9988 2 2 1 1 680 3589 4696
9989 2 2 1 1 1447 3858 4119
9990 2 2 1 1 3074 4443 5262
9991 2 2 1 1 1331 159 4690
9992 2 2 1 1 3624 1385 4833
9993 2 2 1 1 3698 3834 4434
9994 2 2 1 1 1165 295 3931
9995 2 2 1 1 4259 2670 4260
9996 2 2 1 1 176 1428 3934
9997 2 2 1 1 4367 2841 5377
9998 2 2 1 1 3901 2587 3904
9999 2 2 1 1 481 1355 4829
10000 2 2 1 1 1531 880 4831
10001 2 2 1 1 324 1437 3922
10002 2 2 1 1 651 1156 3575
10003 2 2 1 1 1382 3601 3610
10004 2 2 1 1 1383 650 3575
10005 2 2 1 1 389 1174 4839
10006 2 2 1 1 1555 915 5274
10007 2 2 1 1 1379 528 3604
10008 2 2 1 1 1164 189 4695
10009 2 2 1 1 1330 219 4700
10010 2 2 1 1 50 1211 3570
10011 2 2 1 1 206 1173 4063
10012 2 2 1 1 900 1551 5272
10013 2 2 1 1 529 1176 3604
10014 2 2 1 1 1381 49 3570
10015 2 2 1 1 357 1532 4837
10016 2 2 1 1 1542 388 4839
10017 2 2 1 1 4433 2476 5323
10018 2 2 1 1 2643 4205 5020
10019 2 2 1 1 4553 1018 5242
10020 2 2 1 1 1437 325 3918
10021 2 2 1 1 1354 420 4842
10022 2 2 1 1 1498 3920 4041
10023 2 2 1 1 948 5036 5364
10024 2 2 1 1 4072 3748 4073
10025 2 2 1 1 3945 1225 4159
10026 2 2 1 1 3502 2643 5173
10027 2 2 1 1 681 1380 3589
10028 2 2 1 1 294 1165 3923
10029 2 2 1 1 1242 236 4810
10030 2 2 1 1 3125 4624 5130
10031 2 2 1 1 4440 4733 4964
10032 2 2 1 1 1543 514 4812
10033 2 2 1 1 847 1235 4814
10034 2 2 1 1 1753 1751 5371
10035 2 2 1 1 1159 3650 3666
10036 2 2 1 1 5036 3188 5364
10037 2 2 1 1 1236 266 4708
10038 2 2 1 1 1378 3573 3579
10039 2 2 1 1 5160 60 5161
10040 2 2 1 1 3608 3606 4271
10041 2 2 1 1 4038 264 4819
10042 2 2 1 1 3601 1212 3610
10043 2 2 1 1 2774 4622 5141
10044 2 2 1 1 296 1459 3931
10045 2 2 1 1 4821 3118 5059
10046 2 2 1 1 323 3922 4719
10047 2 2 1 1 1355 482 4830
10048 2 2 1 1 879 1531 4716
10049 2 2 1 1 2496 4284 4660
10050 2 2 1 1 1174 390 4834
10051 2 2 1 1 3650 1394 3666
10052 2 2 1 1 1532 358 4835
10053 2 2 1 1 387 1542 4838
10054 2 2 1 1 849 4034 4847
10055 2 2 1 1 1163 512 4849
10056 2 2 1 1 1540 234 4811
10057 2 2 1 1 326 1257 3918
10058 2 2 1 1 4432 2696 4433
10059 2 2 1 1 4675 4674 5347
10060 2 2 1 1 1457 293 3923
10061 2 2 1 1 3853 1372 5127
10062 2 2 1 1 3573 1217 3579
10063 2 2 1 1 4246 4772 5210
10064 2 2 1 1 3858 1277 4119
10065 2 2 1 1 3734 3502 5173
10066 2 2 1 1 4686 4409 4933
10067 2 2 1 1 4537 3783 5002
10068 2 2 1 1 3533 1387 3836
10069 2 2 1 1 2640 4521 4525
10070 2 2 1 1 419 1354 5102
10071 2 2 1 1 204 1443 3933
10072 2 2 1 1 1455 263 4038
10073 2 2 1 1 3619 3620 3621
10074 2 2 1 1 4498 3870 5246
10075 2 2 1 1 1377 3540 3547
10076 2 2 1 1 1741 4006 5332
10077 2 2 1 1 3948 3949 3950
10078 2 2 1 1 2695 4143 4144
10079 2 2 1 1 233 1540 4851
10080 2 2 1 1 850 1398 4034
10081 2 2 1 1 511 1163 4848
10082 2 2 1 1 3844 3893 5021
10083 2 2 1 1 5121 4614 5287
10084 2 2 1 1 174 1261 3942
10085 2 2 1 1 4638 1259 5021
10086 2 2 1 1 1223 817 4012
10087 2 2 1 1 4010 544 4858
10088 2 2 1 1 1251 203 3933
10089 2 2 1 1 2045 4255 5005
10090 2 2 1 1 3540 1237 3547
10091 2 2 1 1 2274 2276 5252
10092 2 2 1 1 1185 144 4790
10093 2 2 1 1 1429 173 3942
10094 2 2 1 1 3983 2468 4743
10095 2 2 1 1 2481 4426 4520
10096 2 2 1 1 818 1452 4012
10097 2 2 1 1 1451 543 4010
10098 2 2 1 1 4676 3036 5148
10099 2 2 1 1 1387 3533 3625
10100 2 2 1 1 3118 4821 5055
10101 2 2 1 1 2477 4644 5248
10102 2 2 1 1 4096 3957 5324
10103 2 2 1 1 4072 4073 5053
10104 2 2 1 1 4417 2705 4801
10105 2 2 1 1 3886 1414 3887
10106 2 2 1 1 82 1445 3993
10107 2 2 1 1 1474 4387 5261
10108 2 2 1 1 3144 4367 5377
10109 2 2 1 1 1209 4614 5121
10110 2 2 1 1 143 1185 4747
10111 2 2 1 1 114 1247 3981
10112 2 2 1 1 1408 3838 3839
10113 2 2 1 1 2497 4285 4797
10114 2 2 1 1 2522 4645 5230
10115 2 2 1 1 5030 2043 5394
10116 2 2 1 1 1162 785 3952
10117 2 2 1 1 576 1434 3954
10118 2 2 1 1 4439 4438 5314
10119 2 2 1 1 1319 3896 3897
10120 2 2 1 1 3697 1283 3698
10121 2 2 1 1 3545 3546 5292
10122 2 2 1 1 1413 3875 3877
10123 2 2 1 1 3990 1230 3991
10124 2 2 1 1 1238 81 3993
10125 2 2 1 1 1447 113 3981
10126 2 2 1 1 1203 3709 3710
10127 2 2 1 1 4373 2581 5194
10128 2 2 1 1 4333 1073 5356
10129 2 2 1 1 4008 1741 5332
10130 2 2 1 1 786 1448 3952
10131 2 2 1 1 1232 575 3954
10132 2 2 1 1 755 1227 4876
10133 2 2 1 1 606 1182 3960
10134 2 2 1 1 4825 3352 5372
10135 2 2 1 1 3935 1428 3937
10136 2 2 1 1 3991 4127 4630
10137 2 2 1 1 3794 1445 4083
10138 2 2 1 1 3966 3965 3971
10139 2 2 1 1 4168 3925 4866
10140 2 2 1 1 3533 1205 3625
10141 2 2 1 1 1197 3567 3569
10142 2 2 1 1 1227 756 4875
10143 2 2 1 1 1433 605 3960
10144 2 2 1 1 2523 4238 5034
10145 2 2 1 1 1348 4400 5136
10146 2 2 1 1 4575 4214 5386
10147 2 2 1 1 725 1226 4878
10148 2 2 1 1 1539 636 4777
10149 2 2 1 1 4053 3663 4352
10150 2 2 1 1 1226 726 4764
10151 2 2 1 1 635 1539 4879
10152 2 2 1 1 1259 4757 5021
10153 2 2 1 1 4242 4241 4246
10154 2 2 1 1 469 1307 3512
10155 2 2 1 1 1446 695 3979
10156 2 2 1 1 1249 666 4884
10157 2 2 1 1 696 1161 3979
10158 2 2 1 1 665 1249 4771
10159 2 2 1 1 1267 3528 3773
10160 2 2 1 1 3740 3710 4500
10161 2 2 1 1 1242 4810 5026
10162 2 2 1 1 1276 3679 3850
10163 2 2 1 1 3671 3622 5247
10164 2 2 1 1 4620 3091 5363
10165 2 2 1 1 2709 4970 5148
10166 2 2 1 1 1252 4168 4866
10167 2 2 1 1 4341 2702 4633
10168 2 2 1 1 3302 4874 5108
10169 2 2 1 1 3937 4070 4557
10170 2 2 1 1 3861 3860 3862
10171 2 2 1 1 4575 3802 4793
10172 2 2 1 1 4371 4357 5194
10173 2 2 1 1 4728 4729 4730
10174 2 2 1 1 1198 3794 4083
10175 2 2 1 1 4735 1008 5349
10176 2 2 1 1 4285 2388 4967
10177 2 2 1 1 1465 3812 4376
10178 2 2 1 1 3591 3592 3593
10179 2 2 1 1 3567 1376 3569
10180 2 2 1 1 3795 3796 5095
10181 2 2 1 1 1119 4822 5139
10182 2 2 1 1 3106 4865 5085
10183 2 2 1 1 4865 3408 5085
10184 2 2 1 1 5084 2378 5388
10185 2 2 1 1 980 5224 5235
10186 2 2 1 1 3086 4968 5330
10187 2 2 1 1 4531 3519 5047
10188 2 2 1 1 2608 3771 5284
10189 2 2 1 1 1228 4046 4047
10190 2 2 1 1 4143 4142 4144
10191 2 2 1 1 2592 2564 5301
10192 2 2 1 1 3926 1165 3931
10193 2 2 1 1 3676 3845 4336
10194 2 2 1 1 2819 4888 5084
10195 2 2 1 1 1386 3535 3537
10196 2 2 1 1 1389 3526 3528
10197 2 2 1 1 3963 2689 5287
10198 2 2 1 1 1383 3576 3577
10199 2 2 1 1 3703 3704 3705
10200 2 2 1 1 3590 1380 3591
10201 2 2 1 1 3574 3573 3908
10202 2 2 1 1 3602 3601 3603
10203 2 2 1 1 4632 4633 5243
10204 2 2 1 1 4086 3427 5294
10205 2 2 1 1 1159 3648 3650
10206 2 2 1 1 1333 4022 4023
10207 2 2 1 1 3674 1401 3675
10208 2 2 1 1 3753 4490 5198
10209 2 2 1 1 3779 3780 3781
10210 2 2 1 1 1248 3583 3585
10211 2 2 1 1 3702 1188 3703
10212 2 2 1 1 4222 2516 4791
10213 2 2 1 1 1666 4346 5078
10214 2 2 1 1 1459 3926 3931
10215 2 2 1 1 3561 1223 4012
10216 2 2 1 1 3852 4693 5359
10217 2 2 1 1 4349 4658 4981
10218 2 2 1 1 5107 3161 5326
10219 2 2 1 1 4316 4315 4756
10220 2 2 1 1 5066 1878 5385
10221 2 2 1 1 2060 4224 5044
10222 2 2 1 1 4133 2551 5218
10223 2 2 1 1 3532 1205 3533
10224 2 2 1 1 4822 3169 5139
10225 2 2 1 1 1411 3660 3662
10226 2 2 1 1 1452 3561 4012
10227 2 2 1 1 3370 3955 5253
10228 2 2 1 1 2030 4253 4450
10229 2 2 1 1 4741 2841 5212
10230 2 2 1 1 4327 2596 5381
10231 2 2 1 1 4068 4022 5075
10232 2 2 1 1 3566 1376 3567
10233 2 2 1 1 1382 3600 3601
10234 2 2 1 1 1378 3572 3573
10235 2 2 1 1 3847 3848 5170
10236 2 2 1 1 3195 4979 5205
10237 2 2 1 1 2690 4237 4859
10238 2 2 1 1 1377 3539 3540
10239 2 2 1 1 3788 1419 3789
10240 2 2 1 1 4237 2528 4859
10241 2 2 1 1 3793 3792 3795
10242 2 2 1 1 1402 3678 3679
10243 2 2 1 1 3549 1403 3554
10244 2 2 1 1 4909 2863 5242
10245 2 2 1 1 1296 4326 4991
10246 2 2 1 1 3856 3857 3860
10247 2 2 1 1 4054 3852 5359
10248 2 2 1 1 3857 1277 3858
10249 2 2 1 1 3944 1225 3945
10250 2 2 1 1 3897 3899 4627
10251 2 2 1 1 4197 3968 5315
10252 2 2 1 1 2270 4067 4931
10253 2 2 1 1 2745 4019 4120
10254 2 2 1 1 4890 3001 5206
10255 2 2 1 1 1213 4091 4185
10256 2 2 1 1 4512 2625 4860
10257 2 2 1 1 3092 4620 5363
10258 2 2 1 1 4970 4676 5148
10259 2 2 1 1 3042 4815 5197
10260 2 2 1 1 3621 3620 5053
10261 2 2 1 1 5014 2051 5022
10262 2 2 1 1 4605 3882 5075
10263 2 2 1 1 3897 3896 3899
10264 2 2 1 1 1186 4832 4956
10265 2 2 1 1 1416 3766 3767
10266 2 2 1 1 3562 4151 5106
10267 2 2 1 1 3692 1233 3693
10268 2 2 1 1 2935 4446 5238
10269 2 2 1 1 1439 3775 3776
10270 2 2 1 1 3877 3875 3878
10271 2 2 1 1 4181 4047 4946
10272 2 2 1 1 4122 4123 5163
10273 2 2 1 1 5050 2895 5097
10274 2 2 1 1 3719 1286 3720
10275 2 2 1 1 5001 3069 5076
10276 2 2 1 1 1198 3793 3794
10277 2 2 1 1 1200 4462 4964
10278 2 2 1 1 3556 1223 3561
10279 2 2 1 1 3195 5205 5335
10280 2 2 1 1 4865 3106 5214
10281 2 2 1 1 1182 3958 3960
10282 2 2 1 1 3743 1291 3744
10283 2 2 1 1 5219 916 5272
10284 2 2 1 1 3748 1426 3749
10285 2 2 1 1 4215 3877 4216
10286 2 2 1 1 3681 3680 5327
10287 2 2 1 1 5268 691 5269
10288 2 2 1 1 3958 1433 3960
10289 2 2 1 1 4124 4122 5163
10290 2 2 1 1 5071 2843 5192
10291 2 2 1 1 4245 4244 5352
10292 2 2 1 1 1445 3794 4873
10293 2 2 1 1 3919 1257 3920
10294 2 2 1 1 2481 4520 5314
10295 2 2 1 1 3713 3714 3880
10296 2 2 1 1 5022 2051 5316
10297 2 2 1 1 4525 4521 4526
10298 2 2 1 1 3778 1440 3779
10299 2 2 1 1 3999 1454 4000
10300 2 2 1 1 3957 3956 4792
10301 2 2 1 1 3924 1165 3926
10302 2 2 1 1 4064 1173 4065
10303 2 2 1 1 3508 3628 3629
10304 2 2 1 1 4560 1166 4629
10305 2 2 1 1 3612 3611 5173
10306 2 2 1 1 4138 1769 4941
10307 2 2 1 1 4273 4272 5218
10308 2 2 1 1 3969 1446 3979
10309 2 2 1 1 1161 3969 3979
10310 2 2 1 1 2619 4171 5245
10311 2 2 1 1 1466 4090 4091
10312 2 2 1 1 3160 4898 5306
10313 2 2 1 1 3950 3949 5094
10314 2 2 1 1 1168 4341 4633
10315 2 2 1 1 3816 1453 3817
10316 2 2 1 1 1309 432 3511
10317 2 2 1 1 1476 4108 4109
10318 2 2 1 1 4094 2656 5324
10319 2 2 1 1 2466 4073 4996
10320 2 2 1 1 1182 3957 3958
10321 2 2 1 1 3697 3698 3699
10322 2 2 1 1 1485 3987 3988
10323 2 2 1 1 3698 4434 4435
10324 2 2 1 1 3965 1446 3969
10325 2 2 1 1 3990 3991 3992
10326 2 2 1 1 3347 3267 5159
10327 2 2 1 1 4093 4094 4792
10328 2 2 1 1 3500 4928 5282
10329 2 2 1 1 3773 2669 5123
10330 2 2 1 1 3606 4133 5218
10331 2 2 1 1 2000 4795 5351
10332 2 2 1 1 3935 3937 3938
10333 2 2 1 1 3710 3709 3913
10334 2 2 1 1 3824 3823 5207
10335 2 2 1 1 3968 3967 5315
10336 2 2 1 1 4798 2892 5280
10337 2 2 1 1 4029 1555 5169
10338 2 2 1 1 1464 4019 4020
10339 2 2 1 1 1102 4767 5319
10340 2 2 1 1 3882 3881 4165
10341 2 2 1 1 4309 4310 4314
10342 2 2 1 1 4019 4018 4120
10343 2 2 1 1 4094 1221 4095
10344 2 2 1 1 4338 4339 4340
10345 2 2 1 1 4669 3716 4670
10346 2 2 1 1 4243 4244 5362
10347 2 2 1 1 3298 4745 5360
10348 2 2 1 1 1480 4075 4076
10349 2 2 1 1 3967 3966 5315
10350 2 2 1 1 4326 4324 4327
10351 2 2 1 1 3650 3648 3652
10352 2 2 1 1 3528 3526 3529
10353 2 2 1 1 1471 4465 5170
10354 2 2 1 1 4431 1342 4432
10355 2 2 1 1 4566 3683 4567
10356 2 2 1 1 4949 2749 5182
10357 2 2 1 1 4431 4432 4433
10358 2 2 1 1 1100 4802 5309
10359 2 2 1 1 4888 3159 5084
10360 2 2 1 1 4292 4291 4294
10361 2 2 1 1 3999 4000 4006
10362 2 2 1 1 4460 4461 4462
10363 2 2 1 1 1968 4240 5386
10364 2 2 1 1 4114 1215 4115
10365 2 2 1 1 4227 1441 4228
10366 2 2 1 1 1490 4129 4130
10367 2 2 1 1 4461 1358 4463
10368 2 2 1 1 2971 5022 5316
10369 2 2 1 1 3585 3583 3587
10370 2 2 1 1 5184 813 5185
10371 2 2 1 1 3678 3677 4568
10372 2 2 1 1 951 5050 5097
10373 2 2 1 1 1491 4146 4147
10374 2 2 1 1 3802 4575 5386
10375 2 2 1 1 3643 3642 5040
10376 2 2 1 1 3662 3660 3664
10377 2 2 1 1 1349 4352 4353
10378 2 2 1 1 4130 4129 4791
10379 2 2 1 1 1253 4547 4715
10380 2 2 1 1 3776 3775 4664
10381 2 2 1 1 3757 4934 5208
10382 2 2 1 1 4338 1511 4339
10383 2 2 1 1 3559 4033 5284
10384 2 2 1 1 5362 4244 5379
10385 2 2 1 1 3795 1344 5140
10386 2 2 1 1 4309 1510 4310
10387 2 2 1 1 1234 4515 4517
10388 2 2 1 1 1470 4448 4449
10389 2 2 1 1 3540 3539 3542
10390 2 2 1 1 3543 4470 4471
10391 2 2 1 1 2705 4750 4801
10392 2 2 1 1 3787 3788 4547
10393 2 2 1 1 3998 3999 4280
10394 2 2 1 1 4058 4059 4241
10395 2 2 1 1 4449 4448 4450
10396 2 2 1 1 3539 3538 4470
10397 2 2 1 1 4761 3959 5044
10398 2 2 1 1 4324 1504 4325
10399 2 2 1 1 4244 4243 5217
10400 2 2 1 1 1551 4016 4017
10401 2 2 1 1 2733 4223 5376
10402 2 2 1 1 3634 3633 4560
10403 2 2 1 1 3743 3744 3745
10404 2 2 1 1 4075 4074 4217
10405 2 2 1 1 4462 4461 4704
10406 2 2 1 1 3767 3766 4052
10407 2 2 1 1 4207 4353 4354
10408 2 2 1 1 3556 3561 3563
10409 2 2 1 1 4323 4324 4326
10410 2 2 1 1 1743 4959 5338
10411 2 2 1 1 3954 5003 5028
10412 2 2 1 1 4129 4128 4199
10413 2 2 1 1 3829 3743 5234
10414 2 2 1 1 2474 4377 5217
10415 2 2 1 1 4023 4022 4068
10416 2 2 1 1 3887 4208 4209
10417 2 2 1 1 4244 4245 5379
10418 2 2 1 1 4282 4283 5343
10419 2 2 1 1 3046 4916 5235
10420 2 2 1 1 9 4580 5274
10421 2 2 1 1 4934 2744 5222
10422 2 2 1 1 3673 3674 4641
10423 2 2 1 1 1508 4291 4292
10424 2 2 1 1 4313 4312 5304
10425 2 2 1 1 4817 1502 5174
10426 2 2 1 1 3924 3926 3929
10427 2 2 1 1 4171 3636 5245
10428 2 2 1 1 4064 4065 4067
10429 2 2 1 1 4756 4457 5177
10430 2 2 1 1 4337 4338 4341
10431 2 2 1 1 4091 4090 4092
10432 2 2 1 1 4224 2778 5044
10433 2 2 1 1 4109 4108 4138
10434 2 2 1 1 2771 4800 5366
10435 2 2 1 1 1531 4793 5096
10436 2 2 1 1 1086 4844 5383
10437 2 2 1 1 4643 4952 5248
10438 2 2 1 1 3937 4557 4558
10439 2 2 1 1 4181 4946 5078
10440 2 2 1 1 3857 3858 4743
10441 2 2 1 1 1362 4335 4336
10442 2 2 1 1 4308 4309 4315
10443 2 2 1 1 3532 3533 4860
10444 2 2 1 1 3492 2682 5136
10445 2 2 1 1 3944 3945 4520
10446 2 2 1 1 4253 4449 4450
10447 2 2 1 1 3733 3602 5227
10448 2 2 1 1 4223 2570 5376
10449 2 2 1 1 4844 2794 5383
10450 2 2 1 1 1344 4361 5140
10451 2 2 1 1 4797 4285 4967
10452 2 2 1 1 2806 4900 5303
10453 2 2 1 1 1309 3511 5254
10454 2 2 1 1 5015 2902 5220
10455 2 2 1 1 3870 2788 5246
10456 2 2 1 1 3602 3603 5227
10457 2 2 1 1 1145 5071 5192
10458 2 2 1 1 4003 4002 5341
10459 2 2 1 1 3940 3941 4955
10460 2 2 1 1 4377 2467 5352
10461 2 2 1 1 1516 4029 4605
10462 2 2 1 1 1436 4027 4599
10463 2 2 1 1 1153 4031 4190
10464 2 2 1 1 1333 4021 4022
10465 2 2 1 1 3749 3750 4996
10466 2 2 1 1 4537 1538 4728
10467 2 2 1 1 1513 4701 5379
10468 2 2 1 1 4313 3590 5236
10469 2 2 1 1 3524 4068 5075
10470 2 2 1 1 4484 1308 5384
10471 2 2 1 1 3943 1225 3944
10472 2 2 1 1 4013 1241 5207
10473 2 2 1 1 4467 4160 4468
10474 2 2 1 1 4108 4107 4751
10475 2 2 1 1 4513 1296 4991
10476 2 2 1 1 4134 1458 4135
10477 2 2 1 1 3856 1277 3857
10478 2 2 1 1 4434 1346 4435
10479 2 2 1 1 3849 1276 3850
10480 2 2 1 1 3892 5142 5261
10481 2 2 1 1 3830 1288 5265
10482 2 2 1 1 4419 1347 4963
10483 2 2 1 1 1409 4142 4143
10484 2 2 1 1 1228 4045 4046
10485 2 2 1 1 1392 3915 3916
10486 2 2 1 1 5205 3190 5335
10487 2 2 1 1 3827 1278 4863
10488 2 2 1 1 4184 1213 4185
10489 2 2 1 1 4208 1311 4209
10490 2 2 1 1 1229 4200 4201
10491 2 2 1 1 4662 1527 4663
10492 2 2 1 1 4248 1361 5317
10493 2 2 1 1 4256 1484 4257
10494 2 2 1 1 4993 2723 5360
10495 2 2 1 1 4090 4089 4750
10496 2 2 1 1 3885 3886 5106
10497 2 2 1 1 4348 1495 4495
10498 2 2 1 1 1370 4331 4332
10499 2 2 1 1 3772 1267 3773
10500 2 2 1 1 1208 4544 5250
10501 2 2 1 1 4590 1474 5261
10502 2 2 1 1 1189 4641 4679
10503 2 2 1 1 1345 4451 4452
10504 2 2 1 1 1198 3792 3793
10505 2 2 1 1 1462 4454 4910
10506 2 2 1 1 4644 4643 5248
10507 2 2 1 1 1350 4025 5288
10508 2 2 1 1 1256 4482 4687
10509 2 2 1 1 1339 4504 4505
10510 2 2 1 1 3713 1239 3714
10511 2 2 1 1 4539 1360 5311
10512 2 2 1 1 4534 1517 5231
10513 2 2 1 1 3684 1395 3685
10514 2 2 1 1 4638 5021 5340
10515 2 2 1 1 4540 1530 5171
10516 2 2 1 1 4557 1201 4558
10517 2 2 1 1 1393 3680 3681
10518 2 2 1 1 4653 1329 5375
10519 2 2 1 1 3515 4512 4860
10520 2 2 1 1 4707 1200 4964
10521 2 2 1 1 4034 4035 4739
10522 2 2 1 1 1275 4595 4596
10523 2 2 1 1 4661 1187 5142
10524 2 2 1 1 4141 4944 5292
10525 2 2 1 1 3655 1373 3810
10526 2 2 1 1 4832 3624 4833
10527 2 2 1 1 3614 1375 3615
10528 2 2 1 1 4632 1168 4633
10529 2 2 1 1 1250 4760 4761
10530 2 2 1 1 3904 2587 4532
10531 2 2 1 1 4952 3848 5248
10532 2 2 1 1 1176 3611 3612
10533 2 2 1 1 3565 1376 3566
10534 2 2 1 1 2778 4761 5044
10535 2 2 1 1 1192 4608 5302
10536 2 2 1 1 4671 1518 4672
10537 2 2 1 1 3555 1223 3556
10538 2 2 1 1 2648 3829 5234
10539 2 2 1 1 4714 1253 4715
10540 2 2 1 1 4789 1243 5374
10541 2 2 1 1 1156 3580 3581
10542 2 2 1 1 3531 1205 3532
10543 2 2 1 1 1417 3996 5256
10544 2 2 1 1 2581 4371 5194
10545 2 2 1 1 4708 1541 4733
10546 2 2 1 1 3521 1154 3522
10547 2 2 1 1 3992 3991 4904
10548 2 2 1 1 3724 4674 4675
10549 2 2 1 1 4692 3419 4725
10550 2 2 1 1 4711 2049 4989
10551 2 2 1 1 4153 1251 4872
10552 2 2 1 1 1159 3647 3648
10553 2 2 1 1 4149 1429 4867
10554 2 2 1 1 4477 2646 5249
10555 2 2 1 1 1196 3618 3619
10556 2 2 1 1 1377 3538 3539
10557 2 2 1 1 4438 2481 5314
10558 2 2 1 1 3570 1211 4787
10559 2 2 1 1 4243 4242 5210
10560 2 2 1 1 3589 1380 3590
10561 2 2 1 1 1378 3571 3572
10562 2 2 1 1 3964 1446 3965
10563 2 2 1 1 1383 3575 3576
10564 2 2 1 1 3909 4711 4989
10565 2 2 1 1 4580 1405 5169
10566 2 2 1 1 1386 3534 3535
10567 2 2 1 1 1382 3599 3600
10568 2 2 1 1 1182 3956 3957
10569 2 2 1 1 2476 4493 5323
10570 2 2 1 1 4244 5217 5352
10571 2 2 1 1 1389 3525 3526
10572 2 2 1 1 1388 3633 3634
10573 2 2 1 1 1535 4642 4643
10574 2 2 1 1 4795 4314 5351
10575 2 2 1 1 1279 4498 5246
10576 2 2 1 1 2676 4687 4706
10577 2 2 1 1 4301 3910 5302
10578 2 2 1 1 3620 4072 5053
10579 2 2 1 1 4819 1236 5233
10580 2 2 1 1 3673 1401 3674
10581 2 2 1 1 4033 2608 5284
10582 2 2 1 1 1164 4695 5362
10583 2 2 1 1 1402 3677 3678
10584 2 2 1 1 3922 1437 4564
10585 2 2 1 1 3548 1403 3549
10586 2 2 1 1 1248 3582 3583
10587 2 2 1 1 3904 5171 5311
10588 2 2 1 1 1255 3595 3596
10589 2 2 1 1 3923 1165 3924
10590 2 2 1 1 5171 4532 5374
10591 2 2 1 1 1169 3683 4566
10592 2 2 1 1 3701 1188 3702
10593 2 2 1 1 4680 1525 4937
10594 2 2 1 1 4678 1189 4679
10595 2 2 1 1 3623 1407 3829
10596 2 2 1 1 1203 3708 3709
10597 2 2 1 1 4580 1555 5274
10598 2 2 1 1 1332 4769 5343
10599 2 2 1 1 3630 1222 3631
10600 2 2 1 1 3933 1443 5091
10601 2 2 1 1 1220 3716 4669
10602 2 2 1 1 4648 1534 4754
10603 2 2 1 1 4904 4141 5292
10604 2 2 1 1 4693 4571 5359
10605 2 2 1 1 3658 1266 4702
10606 2 2 1 1 1411 3659 3660
10607 2 2 1 1 4739 4036 4740
10608 2 2 1 1 1494 4573 4574
10609 2 2 1 1 3993 1445 4873
10610 2 2 1 1 4117 4114 5342
10611 2 2 1 1 4227 4228 4989
10612 2 2 1 1 4621 1186 4956
10613 2 2 1 1 4612 1155 5304
10614 2 2 1 1 1467 4093 4792
10615 2 2 1 1 4641 3674 5005
10616 2 2 1 1 3728 3729 5285
10617 2 2 1 1 1416 3765 3766
10618 2 2 1 1 3787 1419 3788
10619 2 2 1 1 3696 1283 3697
10620 2 2 1 1 3691 1233 3692
10621 2 2 1 1 4597 1202 4598
10622 2 2 1 1 4357 5149 5339
10623 2 2 1 1 4747 1185 4748
10624 2 2 1 1 1234 4514 4515
10625 2 2 1 1 3939 3940 4955
10626 2 2 1 1 3718 1286 3719
10627 2 2 1 1 1391 3730 3731
10628 2 2 1 1 4576 1184 4577
10629 2 2 1 1 4851 1540 4852
10630 2 2 1 1 4034 1398 4035
10631 2 2 1 1 4228 3909 4989
10632 2 2 1 1 3742 1291 3743
10633 2 2 1 1 3488 4549 4984
10634 2 2 1 1 3918 1257 3919
10635 2 2 1 1 1427 3754 3755
10636 2 2 1 1 3747 1426 3748
10637 2 2 1 1 4716 1531 5096
10638 2 2 1 1 2397 4401 5369
10639 2 2 1 1 4536 1538 4537
10640 2 2 1 1 3056 5030 5394
10641 2 2 1 1 4529 1487 4721
10642 2 2 1 1 4555 1218 4895
10643 2 2 1 1 1439 3774 3775
10644 2 2 1 1 4242 4246 5210
10645 2 2 1 1 4928 3347 5159
10646 2 2 1 1 4063 1173 4064
10647 2 2 1 1 3777 1440 3778
10648 2 2 1 1 4542 1280 4543
10649 2 2 1 1 5027 4254 5347
10650 2 2 1 1 4254 2664 5347
10651 2 2 1 1 3934 1428 3935
10652 2 2 1 1 4725 3418 5198
10653 2 2 1 1 2682 3493 5136
10654 2 2 1 1 1432 3947 3948
10655 2 2 1 1 1466 4089 4090
10656 2 2 1 1 1545 4789 5325
10657 2 2 1 1 1405 3881 3882
10658 2 2 1 1 3815 1453 3816
10659 2 2 1 1 2745 4120 4121
10660 2 2 1 1 1470 4447 4448
10661 2 2 1 1 1476 4107 4108
10662 2 2 1 1 1408 3837 3838
10663 2 2 1 1 4765 1157 5341
10664 2 2 1 1 4116 1479 4117
10665 2 2 1 1 4469 1472 5282
10666 2 2 1 1 1301 3831 4944
10667 2 2 1 1 4317 4316 5177
10668 2 2 1 1 1485 3986 3987
10669 2 2 1 1 3989 1230 3990
10670 2 2 1 1 4749 1544 5339
10671 2 2 1 1 3998 1454 3999
10672 2 2 1 1 1464 4018 4019
10673 2 2 1 1 4058 1353 4059
10674 2 2 1 1 1413 3874 3875
10675 2 2 1 1 4460 1358 4461
10676 2 2 1 1 3885 1414 3886
10677 2 2 1 1 4430 1342 4431
10678 2 2 1 1 1319 3895 3896
10679 2 2 1 1 4408 1298 5149
10680 2 2 1 1 4437 2624 5342
10681 2 2 1 1 1480 4074 4075
10682 2 2 1 1 1551 5219 5272
10683 2 2 1 1 3793 3795 5095
10684 2 2 1 1 4025 3518 5288
10685 2 2 1 1 4375 1465 4376
10686 2 2 1 1 4352 3663 5034
10687 2 2 1 1 1490 4128 4129
10688 2 2 1 1 1491 4145 4146
10689 2 2 1 1 5203 2857 5358
10690 2 2 1 1 4351 1313 4928
10691 2 2 1 1 3163 5188 5308
10692 2 2 1 1 2656 4096 5324
10693 2 2 1 1 5125 2953 5349
10694 2 2 1 1 4093 1221 4094
10695 2 2 1 1 4103 1496 5159
10696 2 2 1 1 1425 4140 4141
10697 2 2 1 1 4207 1349 4353
10698 2 2 1 1 5217 4377 5352
10699 2 2 1 1 4337 1511 4338
10700 2 2 1 1 4113 1215 4114
10701 2 2 1 1 4226 1441 4227
10702 2 2 1 1 4308 1510 4309
10703 2 2 1 1 1503 4167 4692
10704 2 2 1 1 1362 4334 4335
10705 2 2 1 1 3949 4589 5094
10706 2 2 1 1 4323 1504 4324
10707 2 2 1 1 4316 4756 5177
10708 2 2 1 1 1508 4290 4291
10709 2 2 1 1 3011 5086 5354
10710 2 2 1 1 3560 4269 4455
10711 2 2 1 1 3537 3535 5111
10712 2 2 1 1 3956 1467 4792
10713 2 2 1 1 1555 4580 5169
10714 2 2 1 1 3882 4165 5075
10715 2 2 1 1 3560 3559 5284
10716 2 2 1 1 5325 4789 5374
10717 2 2 1 1 4563 4817 5174
10718 2 2 1 1 3765 4638 5340
10719 2 2 1 1 3636 4629 5245
10720 2 2 1 1 3940 3939 4558
10721 2 2 1 1 4571 1493 5359
10722 2 2 1 1 3928 5045 5323
10723 2 2 1 1 4221 3728 5285
10724 2 2 1 1 4196 3594 5137
10725 2 2 1 1 4355 2619 5245
10726 2 2 1 1 3546 4904 5292
10727 2 2 1 1 3904 4532 5171
10728 2 2 1 1 3921 4807 5376
10729 2 2 1 1 4325 4456 5209
10730 2 2 1 1 3043 5203 5358
10731 2 2 1 1 3957 4792 5324
10732 2 2 1 1 4243 5210 5217
10733 2 2 1 1 4087 4043 4496
10734 2 2 1 1 5210 2474 5217
10735 2 2 1 1 4533 1216 5068
10736 2 2 1 1 4175 5121 5287
10737 2 2 1 1 4807 2733 5376
10738 2 2 1 1 3750 3751 5370
10739 2 2 1 1 4866 3930 5256
10740 2 2 1 1 4099 4511 5006
10741 2 2 1 1 2721 4095 4389
10742 2 2 1 1 3679 3678 5249
10743 2 2 1 1 4996 3750 5370
10744 2 2 1 1 2649 4011 4820
10745 2 2 1 1 3636 4560 4629
10746 2 2 1 1 3930 4193 5256
10747 2 2 1 1 3839 3838 5301
10748 2 2 1 1 3743 3745 5234
10749 2 2 1 1 2775 2789 5254
10750 2 2 1 1 3766 3765 5340
10751 2 2 1 1 4417 4801 5243
10752 2 2 1 1 2788 5174 5246
10753 2 2 1 1 4187 3808 4230
10754 2 2 1 1 3969 3970 5320
10755 2 2 1 1 4991 4326 5381
10756 2 2 1 1 2596 3963 5381
10757 2 2 1 1 2770 4199 4565
10758 2 2 1 1 4605 4029 5169
10759 2 2 1 1 1405 3882 5169
10760 2 2 1 1 5102 3824 5157
10761 2 2 1 1 4326 4327 5381
10762 2 2 1 1 1529 4549 5283
10763 2 2 1 1 4679 2718 5201
10764 2 2 1 1 3963 4991 5381
10765 2 2 1 1 1551 4017 5219
10766 2 2 1 1 4793 3802 5096
10767 2 2 1 1 3882 4605 5169
10768 2 2 1 1 5021 3893 5340
10769 2 2 1 1 3639 5160 5161
10770 2 2 1 1 4752 1521 5027
10771 2 2 1 1 4717 1177 4920
10772 2 2 1 1 4944 3545 5292
10773 2 2 1 1 2678 4832 4833
10774 2 2 1 1 3558 5184 5185
10775 2 2 1 1 4782 1209 5121
10776 2 2 1 1 3967 5268 5269
10777 2 2 1 1 3848 4952 5170
10778 2 2 1 1 4685 1502 4817
10779 2 2 1 1 5003 2796 5028
10780 2 2 1 1 892 4 4454
10781 2 2 1 1 4 893 4454
10782 2 2 1 1 4026 1153 4190
10783 2 2 1 1 4027 1350 5288
10784 2 2 1 1 4016 1436 4599
10785 2 2 1 1 4021 1516 4605
10786 2 2 1 1 4257 3944 4520
$EndElements
