$MeshFormat
2.2 0 8
$EndMeshFormat
$PhysicalNames
4
1 2 "Inlet"
1 3 "Outlet"
1 4 "Wall"
2 1 "Fluid"
$EndPhysicalNames
$Nodes
9816
1 0 -0.5 0
2 17 -0.5 0
3 17 0.5 0
4 0 0.5 0
5 0 0 0
6 13 0 0
7 13 -0.5 0
8 13 0.5 0
9 0.02182766595592236 -0.5 0
10 0.04584450686526451 -0.5 0
11 0.06764187480778902 -0.5 0
12 0.08957470585280107 -0.5 0
13 0.1134600570642732 -0.5 0
14 0.1352574250067981 -0.5 0
15 0.1573869417290776 -0.5 0
16 0.1810755788947397 -0.5 0
17 0.2028729468372647 -0.5 0
18 0.2252899094038741 -0.5 0
19 0.2486911100346493 -0.5 0
20 0.2704884779771698 -0.5 0
21 0.2932870430414802 -0.5 0
22 0.3163066732932474 -0.5 0
23 0.3381040412357676 -0.5 0
24 0.3613264063061087 -0.5 0
25 0.3839222365654792 -0.5 0
26 0.4057196045079995 -0.5 0
27 0.4275169724505197 -0.5 0
28 0.44931434039304 -0.5 0
29 0.4711117083355574 -0.5 0
30 0.492909076278073 -0.5 0
31 0.514706444220587 -0.5 0
32 0.5365038121630981 -0.5 0
33 0.5600765079256798 -0.5 0
34 0.5823219349067866 -0.5 0
35 0.6041193028492975 -0.5 0
36 0.6279285494914072 -0.5 0
37 0.6499374981772185 -0.5 0
38 0.6717348661197294 -0.5 0
39 0.695691652827148 -0.5 0
40 0.7175530614515535 -0.5 0
41 0.7393549498735472 -0.5 0
42 0.7633688914356709 -0.5 0
43 0.7851686247255885 -0.5 0
44 0.8070398965397495 -0.5 0
45 0.8309867516971789 -0.5 0
46 0.8527841196397088 -0.5 0
47 0.8748108909941925 -0.5 0
48 0.8986022735287262 -0.5 0
49 0.9203996414712556 -0.5 0
50 0.9426711970024753 -0.5 0
51 0.9662178367898577 -0.5 0
52 0.9880152047323871 -0.5 0
53 1.010624115251484 -0.5 0
54 1.033833400057381 -0.5 0
55 1.05563076799991 -0.5 0
56 1.078665015274098 -0.5 0
57 1.101448963322611 -0.5 0
58 1.123246331265141 -0.5 0
59 1.146658874575305 -0.5 0
60 1.169064490227568 -0.5 0
61 1.190861858170098 -0.5 0
62 1.214558688023635 -0.5 0
63 1.23668001205805 -0.5 0
64 1.25847738000058 -0.5 0
65 1.282367886689566 -0.5 0
66 1.304295566494474 -0.5 0
67 1.326092934437003 -0.5 0
68 1.347890302379533 -0.5 0
69 1.369687670322062 -0.5 0
70 1.391485038264592 -0.5 0
71 1.413282406207121 -0.5 0
72 1.435079774149651 -0.5 0
73 1.456877142092181 -0.5 0
74 1.48087734852885 -0.5 0
75 1.502695320120837 -0.5 0
76 1.524523740125412 -0.5 0
77 1.548513474008784 -0.5 0
78 1.570310841951314 -0.5 0
79 1.59225425499504 -0.5 0
80 1.616129009381819 -0.5 0
81 1.63792637732433 -0.5 0
82 1.660072605840803 -0.5 0
83 1.683744572646636 -0.5 0
84 1.705541940589128 -0.5 0
85 1.727982005198824 -0.5 0
86 1.751360135912259 -0.5 0
87 1.773157503854752 -0.5 0
88 1.79598574816763 -0.5 0
89 1.818975699172432 -0.5 0
90 1.840773067114924 -0.5 0
91 1.864021261278612 -0.5 0
92 1.886591221002807 -0.5 0
93 1.908388588945299 -0.5 0
94 1.931964415539891 -0.5 0
95 1.954206707456015 -0.5 0
96 1.976004075398508 -0.5 0
97 1.999815448720137 -0.5 0
98 2.021822270731201 -0.5 0
99 2.043619638673731 -0.5 0
100 2.067577579187731 -0.5 0
101 2.089437834015829 -0.5 0
102 2.111240031901056 -0.5 0
103 2.13525387888031 -0.5 0
104 2.157053397285641 -0.5 0
105 2.178925920922941 -0.5 0
106 2.202871528491006 -0.5 0
107 2.224668896433536 -0.5 0
108 2.246466264376065 -0.5 0
109 2.268263632318595 -0.5 0
110 2.290061000261125 -0.5 0
111 2.311858368203654 -0.5 0
112 2.333655736146184 -0.5 0
113 2.355453104088713 -0.5 0
114 2.377493744925672 -0.5 0
115 2.401271299419357 -0.5 0
116 2.423068667361887 -0.5 0
117 2.445360346704966 -0.5 0
118 2.468886862676363 -0.5 0
119 2.490684230618893 -0.5 0
120 2.5133196876821 -0.5 0
121 2.53650238534714 -0.5 0
122 2.558299753289669 -0.5 0
123 2.581362850416992 -0.5 0
124 2.60411790717867 -0.5 0
125 2.6259152751212 -0.5 0
126 2.649350151552439 -0.5 0
127 2.671733465845838 -0.5 0
128 2.693530833788367 -0.5 0
129 2.717243777573021 -0.5 0
130 2.739349029127135 -0.5 0
131 2.761146397069665 -0.5 0
132 2.785046942847679 -0.5 0
133 2.806964592407145 -0.5 0
134 2.828761960349675 -0.5 0
135 2.852762811502477 -0.5 0
136 2.874580134137889 -0.5 0
137 2.896409363441021 -0.5 0
138 2.920398288025951 -0.5 0
139 2.942195655968481 -0.5 0
140 2.964140840727821 -0.5 0
141 2.988013827633959 -0.5 0
142 3.009811195576488 -0.5 0
143 3.031960193408426 -0.5 0
144 3.055629390883654 -0.5 0
145 3.077426758826184 -0.5 0
146 3.099870626560405 -0.5 0
147 3.123244954150709 -0.5 0
148 3.145042322093239 -0.5 0
149 3.166839690035769 -0.5 0
150 3.188637057978299 -0.5 0
151 3.210434425920828 -0.5 0
152 3.232231793863357 -0.5 0
153 3.254029161805887 -0.5 0
154 3.275826529748416 -0.5 0
155 3.297623897690946 -0.5 0
156 3.319421265633476 -0.5 0
157 3.341218633576005 -0.5 0
158 3.363016001518536 -0.5 0
159 3.384813369461065 -0.5 0
160 3.406610737403594 -0.5 0
161 3.428408105346124 -0.5 0
162 3.450205473288654 -0.5 0
163 3.472002841231183 -0.5 0
164 3.494899529028747 -0.5 0
165 3.517821036569941 -0.5 0
166 3.539618404512471 -0.5 0
167 3.562923249366523 -0.5 0
168 3.585436539951605 -0.5 0
169 3.607233907894136 -0.5 0
170 3.630851986819328 -0.5 0
171 3.653052061783136 -0.5 0
172 3.674849429725666 -0.5 0
173 3.698689115197182 -0.5 0
174 3.720667625044985 -0.5 0
175 3.742464992987515 -0.5 0
176 3.766437813957138 -0.5 0
177 3.788283188317876 -0.5 0
178 3.81009073604823 -0.5 0
179 3.834101155582985 -0.5 0
180 3.855898751582363 -0.5 0
181 3.877789717384742 -0.5 0
182 3.901716905470316 -0.5 0
183 3.923514273412846 -0.5 0
184 3.945575271009437 -0.5 0
185 3.969332425787091 -0.5 0
186 3.991129793729622 -0.5 0
187 4.013450636660554 -0.5 0
188 4.036947989062975 -0.5 0
189 4.05874535700543 -0.5 0
190 4.080542724947886 -0.5 0
191 4.102340092890341 -0.5 0
192 4.124137460832796 -0.5 0
193 4.145934828775252 -0.5 0
194 4.167732196717707 -0.5 0
195 4.189529564660162 -0.5 0
196 4.211326932602617 -0.5 0
197 4.233124300545072 -0.5 0
198 4.254921668487527 -0.5 0
199 4.276719036429982 -0.5 0
200 4.298516404372437 -0.5 0
201 4.320313772314892 -0.5 0
202 4.342111140257347 -0.5 0
203 4.363908508199803 -0.5 0
204 4.385705876142257 -0.5 0
205 4.40843796933851 -0.5 0
206 4.431524071465206 -0.5 0
207 4.453321439407661 -0.5 0
208 4.476482544900009 -0.5 0
209 4.499139634722281 -0.5 0
210 4.520937002664736 -0.5 0
211 4.544447101130761 -0.5 0
212 4.566755191265139 -0.5 0
213 4.588552559207595 -0.5 0
214 4.612318631814722 -0.5 0
215 4.634370713095536 -0.5 0
216 4.656168081037991 -0.5 0
217 4.680100491138825 -0.5 0
218 4.701986237890754 -0.5 0
219 4.723784163134495 -0.5 0
220 4.747795906470845 -0.5 0
221 4.76960180116706 -0.5 0
222 4.791451025782723 -0.5 0
223 4.815419996508047 -0.5 0
224 4.837217364450502 -0.5 0
225 4.859203372407706 -0.5 0
226 4.883035559775891 -0.5 0
227 4.904832927718346 -0.5 0
228 4.927044268137336 -0.5 0
229 4.950651067383609 -0.5 0
230 4.972448435326066 -0.5 0
231 4.99424580326852 -0.5 0
232 5.016043171210976 -0.5 0
233 5.03784053915343 -0.5 0
234 5.059637907095886 -0.5 0
235 5.08143527503834 -0.5 0
236 5.103232642980796 -0.5 0
237 5.125030010923251 -0.5 0
238 5.146827378865706 -0.5 0
239 5.168624746808161 -0.5 0
240 5.190422114750616 -0.5 0
241 5.212219482693071 -0.5 0
242 5.234016850635526 -0.5 0
243 5.255814218577981 -0.5 0
244 5.277611586520436 -0.5 0
245 5.299408954462892 -0.5 0
246 5.321990509101903 -0.5 0
247 5.345227102604181 -0.5 0
248 5.367024470546636 -0.5 0
249 5.390027823721871 -0.5 0
250 5.412842665871301 -0.5 0
251 5.434640033813757 -0.5 0
252 5.458028608422168 -0.5 0
253 5.480458229153638 -0.5 0
254 5.502255597096093 -0.5 0
255 5.525935155414284 -0.5 0
256 5.548073792432224 -0.5 0
257 5.569871160374679 -0.5 0
258 5.593750751301925 -0.5 0
259 5.615689325694579 -0.5 0
260 5.637486693637035 -0.5 0
261 5.661478609602198 -0.5 0
262 5.683304847524957 -0.5 0
263 5.70512466603471 -0.5 0
264 5.729123027657312 -0.5 0
265 5.750920395599768 -0.5 0
266 5.772844140548354 -0.5 0
267 5.796738590919782 -0.5 0
268 5.818535958862236 -0.5 0
269 5.840651038809462 -0.5 0
270 5.864354154185975 -0.5 0
271 5.88615152212843 -0.5 0
272 5.907948890070886 -0.5 0
273 5.92974625801334 -0.5 0
274 5.951543625955796 -0.5 0
275 5.97334099389825 -0.5 0
276 5.995138361840705 -0.5 0
277 6.01693572978316 -0.5 0
278 6.038733097725615 -0.5 0
279 6.06053046566807 -0.5 0
280 6.082327833610526 -0.5 0
281 6.10412520155298 -0.5 0
282 6.125922569495436 -0.5 0
283 6.14771993743789 -0.5 0
284 6.169517305380346 -0.5 0
285 6.1913146733228 -0.5 0
286 6.213112041265256 -0.5 0
287 6.235556961300481 -0.5 0
288 6.258930236593921 -0.5 0
289 6.280727604536374 -0.5 0
290 6.30356197768182 -0.5 0
291 6.326545748442977 -0.5 0
292 6.348343116385434 -0.5 0
293 6.371596556668935 -0.5 0
294 6.394161270274308 -0.5 0
295 6.415958638216761 -0.5 0
296 6.439538475372677 -0.5 0
297 6.46177683353675 -0.5 0
298 6.483574201479205 -0.5 0
299 6.507388280714493 -0.5 0
300 6.529392396810734 -0.5 0
301 6.551189764753338 -0.5 0
302 6.575149165449989 -0.5 0
303 6.597007960073594 -0.5 0
304 6.618810566221766 -0.5 0
305 6.64282422347282 -0.5 0
306 6.664623481905358 -0.5 0
307 6.686497605533642 -0.5 0
308 6.710441625812241 -0.5 0
309 6.732238993754845 -0.5 0
310 6.754270843956653 -0.5 0
311 6.778057189083792 -0.5 0
312 6.799854557026396 -0.5 0
313 6.821651924969 -0.5 0
314 6.843449292911604 -0.5 0
315 6.865246660854208 -0.5 0
316 6.887044028796812 -0.5 0
317 6.908841396739415 -0.5 0
318 6.93063876468202 -0.5 0
319 6.952436132624625 -0.5 0
320 6.974233500567228 -0.5 0
321 6.996030868509833 -0.5 0
322 7.017828236452436 -0.5 0
323 7.039625604395041 -0.5 0
324 7.061422972337645 -0.5 0
325 7.083220340280248 -0.5 0
326 7.105017708222853 -0.5 0
327 7.126815076165457 -0.5 0
328 7.149136862723816 -0.5 0
329 7.172633271489471 -0.5 0
330 7.194430639432074 -0.5 0
331 7.217105692987392 -0.5 0
332 7.240248834752379 -0.5 0
333 7.262046202694982 -0.5 0
334 7.285150860532779 -0.5 0
335 7.307864382827629 -0.5 0
336 7.329661750770232 -0.5 0
337 7.353128605529293 -0.5 0
338 7.375479904658429 -0.5 0
339 7.397277272601033 -0.5 0
340 7.421012947603502 -0.5 0
341 7.443095437921214 -0.5 0
342 7.464892805863819 -0.5 0
343 7.488807240126903 -0.5 0
344 7.510711001200234 -0.5 0
345 7.532508369142835 -0.5 0
346 7.556514587845636 -0.5 0
347 7.578326564483025 -0.5 0
348 7.600163539015711 -0.5 0
349 7.624144759807985 -0.5 0
350 7.645942127750588 -0.5 0
351 7.667903705054636 -0.5 0
352 7.691760275892157 -0.5 0
353 7.713557643834761 -0.5 0
354 7.735355011777366 -0.5 0
355 7.757152379719969 -0.5 0
356 7.778949747662574 -0.5 0
357 7.800747115605178 -0.5 0
358 7.822544483547781 -0.5 0
359 7.844341851490386 -0.5 0
360 7.86613921943299 -0.5 0
361 7.887936587375592 -0.5 0
362 7.909733955318197 -0.5 0
363 7.931531323260802 -0.5 0
364 7.953328691203405 -0.5 0
365 7.975126059146017 -0.5 0
366 7.996923427088696 -0.5 0
367 8.018720795031374 -0.5 0
368 8.040518162974111 -0.5 0
369 8.06273029361391 -0.5 0
370 8.08633630263996 -0.5 0
371 8.10813367058271 -0.5 0
372 8.130663253863496 -0.5 0
373 8.153951865908668 -0.5 0
374 8.175749233851421 -0.5 0
375 8.19869098472827 -0.5 0
376 8.221567429192984 -0.5 0
377 8.243364797135735 -0.5 0
378 8.266705226368771 -0.5 0
379 8.289182992470142 -0.5 0
380 8.310980360412895 -0.5 0
381 8.334624711431651 -0.5 0
382 8.35679851726622 -0.5 0
383 8.378595885208973 -0.5 0
384 8.402452785793159 -0.5 0
385 8.424414039097483 -0.5 0
386 8.446211407040236 -0.5 0
387 8.470192778402295 -0.5 0
388 8.492029595641226 -0.5 0
389 8.51384166675153 -0.5 0
390 8.537847790956409 -0.5 0
391 8.559645158899162 -0.5 0
392 8.581549177735782 -0.5 0
393 8.605463354222668 -0.5 0
394 8.627260722165421 -0.5 0
395 8.649058090108174 -0.5 0
396 8.670855458050927 -0.5 0
397 8.692652825993679 -0.5 0
398 8.714450193936432 -0.5 0
399 8.736247561879185 -0.5 0
400 8.758044929821938 -0.5 0
401 8.779842297764691 -0.5 0
402 8.801639665707444 -0.5 0
403 8.823437033650197 -0.5 0
404 8.84523440159295 -0.5 0
405 8.867031769535703 -0.5 0
406 8.888829137478455 -0.5 0
407 8.910626505421208 -0.5 0
408 8.932423873363961 -0.5 0
409 8.954221241306715 -0.5 0
410 8.976337049173992 -0.5 0
411 9.000039436640618 -0.5 0
412 9.021836804583369 -0.5 0
413 9.044234759354932 -0.5 0
414 9.067654956958039 -0.5 0
415 9.089452324900792 -0.5 0
416 9.112226299808334 -0.5 0
417 9.135270478789199 -0.5 0
418 9.15706784673195 -0.5 0
419 9.180268073400285 -0.5 0
420 9.202886042054317 -0.5 0
421 9.22468340999707 -0.5 0
422 9.248223203912813 -0.5 0
423 9.270501605327864 -0.5 0
424 9.292298973270617 -0.5 0
425 9.316085704388493 -0.5 0
426 9.338117168590358 -0.5 0
427 9.359914536533109 -0.5 0
428 9.383858788602373 -0.5 0
429 9.405732690422557 -0.5 0
430 9.427531983395836 -0.5 0
431 9.451545645984384 -0.5 0
432 9.473348193804869 -0.5 0
433 9.495207183164354 -0.5 0
434 9.519166389144056 -0.5 0
435 9.540963757086811 -0.5 0
436 9.562761125029564 -0.5 0
437 9.584558492972317 -0.5 0
438 9.606355860915068 -0.5 0
439 9.628153228857821 -0.5 0
440 9.649950596800574 -0.5 0
441 9.671747964743327 -0.5 0
442 9.69354533268608 -0.5 0
443 9.715342700628835 -0.5 0
444 9.737140068571586 -0.5 0
445 9.758937436514339 -0.5 0
446 9.780734804457092 -0.5 0
447 9.802532172399845 -0.5 0
448 9.824329540342598 -0.5 0
449 9.846126908285351 -0.5 0
450 9.867924276228104 -0.5 0
451 9.889956749268416 -0.5 0
452 9.913742471553059 -0.5 0
453 9.93553983949581 -0.5 0
454 9.957819703983905 -0.5 0
455 9.981358034803403 -0.5 0
456 10.00315540274616 -0.5 0
457 10.02577528089043 -0.5 0
458 10.04897357441206 -0.5 0
459 10.07077094235481 -0.5 0
460 10.09381716879472 -0.5 0
461 10.11658909624331 -0.5 0
462 10.13838646418606 -0.5 0
463 10.16180827083133 -0.5 0
464 10.18420463797468 -0.5 0
465 10.20600200591743 -0.5 0
466 10.22970557249933 -0.5 0
467 10.25182020125532 -0.5 0
468 10.27361756919808 -0.5 0
469 10.29751230064768 -0.5 0
470 10.31943576453726 -0.5 0
471 10.34123313248002 -0.5 0
472 10.36523162194855 -0.5 0
473 10.38705132320509 -0.5 0
474 10.4088776965178 -0.5 0
475 10.43286947709452 -0.5 0
476 10.45466684503728 -0.5 0
477 10.47660571793546 -0.5 0
478 10.50048499976596 -0.5 0
479 10.52228236770871 -0.5 0
480 10.54442147320213 -0.5 0
481 10.56810056302361 -0.5 0
482 10.58989793096636 -0.5 0
483 10.61232819717031 -0.5 0
484 10.63571612629743 -0.5 0
485 10.65751349424018 -0.5 0
486 10.67931086218293 -0.5 0
487 10.70110823012569 -0.5 0
488 10.72290559806844 -0.5 0
489 10.74470296601119 -0.5 0
490 10.76650033395394 -0.5 0
491 10.7882977018967 -0.5 0
492 10.81113824339651 -0.5 0
493 10.8341158331025 -0.5 0
494 10.85591320104525 -0.5 0
495 10.87917194330586 -0.5 0
496 10.90173139637296 -0.5 0
497 10.92352876431572 -0.5 0
498 10.94711257804392 -0.5 0
499 10.96934695965824 -0.5 0
500 10.99114432760099 -0.5 0
501 11.01496109319061 -0.5 0
502 11.03696252293416 -0.5 0
503 11.05875989087691 -0.5 0
504 11.08272065293076 -0.5 0
505 11.10457800938811 -0.5 0
506 11.12638103630777 -0.5 0
507 11.15039451160892 -0.5 0
508 11.17219353121927 -0.5 0
509 11.1940692754351 -0.5 0
510 11.21801172653742 -0.5 0
511 11.23980909448018 -0.5 0
512 11.26184382794106 -0.5 0
513 11.2856272898038 -0.5 0
514 11.30742465774655 -0.5 0
515 11.32970779782349 -0.5 0
516 11.35324285306933 -0.5 0
517 11.37504022101209 -0.5 0
518 11.39766442259845 -0.5 0
519 11.42085838844301 -0.5 0
520 11.44265575638576 -0.5 0
521 11.46570669693712 -0.5 0
522 11.48847391027414 -0.5 0
523 11.51027127821689 -0.5 0
524 11.5336967394189 -0.5 0
525 11.55608945624595 -0.5 0
526 11.5778868241887 -0.5 0
527 11.59968419213146 -0.5 0
528 11.62148156007421 -0.5 0
529 11.64327892801697 -0.5 0
530 11.66507629595972 -0.5 0
531 11.68687366390247 -0.5 0
532 11.70867103184522 -0.5 0
533 11.73239054162964 -0.5 0
534 11.75448921833955 -0.5 0
535 11.7762865862823 -0.5 0
536 11.80019111889068 -0.5 0
537 11.82210474017068 -0.5 0
538 11.84390210811344 -0.5 0
539 11.86790453377132 -0.5 0
540 11.8897202670763 -0.5 0
541 11.91155159661134 -0.5 0
542 11.93553846239945 -0.5 0
543 11.9573358303422 -0.5 0
544 11.97928558603356 -0.5 0
545 12.00315402566763 -0.5 0
546 12.02495139361038 -0.5 0
547 12.04710751053954 -0.5 0
548 12.07076958892942 -0.5 0
549 12.09256695687217 -0.5 0
550 12.11502052089447 -0.5 0
551 12.13838511076159 -0.5 0
552 12.16018247870434 -0.5 0
553 12.18302791237527 -0.5 0
554 12.20600060567639 -0.5 0
555 12.22779797361914 -0.5 0
556 12.25106085428438 -0.5 0
557 12.27361616895115 -0.5 0
558 12.2954135368939 -0.5 0
559 12.31900044513963 -0.5 0
560 12.34123173222617 -0.5 0
561 12.36302910016892 -0.5 0
562 12.38684795315906 -0.5 0
563 12.40884729549729 -0.5 0
564 12.43064466344005 -0.5 0
565 12.45460654467502 -0.5 0
566 12.47646278618423 -0.5 0
567 12.49826015412698 -0.5 0
568 12.52005752206973 -0.5 0
569 12.54185489001248 -0.5 0
570 12.56365225795524 -0.5 0
571 12.58544962589799 -0.5 0
572 12.60724699384074 -0.5 0
573 12.62905231021991 -0.5 0
574 12.65306447257803 -0.5 0
575 12.67486255711367 -0.5 0
576 12.69674640741493 -0.5 0
577 12.72068075243018 -0.5 0
578 12.74247812037293 -0.5 0
579 12.76452696707982 -0.5 0
580 12.78829628357072 -0.5 0
581 12.81009365151347 -0.5 0
582 12.83239707439858 -0.5 0
583 12.85591180540182 -0.5 0
584 12.87770917334457 -0.5 0
585 12.90036006962842 -0.5 0
586 12.92352735560151 -0.5 0
587 12.94532472354426 -0.5 0
588 12.96841944139456 -0.5 0
589 13.05609243216366 -0.5 0
590 13.13060085383836 -0.5 0
591 13.20956738130985 -0.5 0
592 13.29187839721049 -0.5 0
593 13.37841612387034 -0.5 0
594 13.47004767085067 -0.5 0
595 13.56763794227568 -0.5 0
596 13.67205978433934 -0.5 0
597 13.78420767868987 -0.5 0
598 13.90500986599693 -0.5 0
599 14.0354399426571 -0.5 0
600 14.17652822423933 -0.5 0
601 14.32937252918946 -0.5 0
602 14.49514888769729 -0.5 0
603 14.67512236616322 -0.5 0
604 14.87065780992278 -0.5 0
605 15.08323150688997 -0.5 0
606 15.31444299485298 -0.5 0
607 15.56602781971748 -0.5 0
608 15.83987076743584 -0.5 0
609 16.1295928264093 -0.5 0
610 16.41972855093953 -0.5 0
611 16.70986427546977 -0.5 0
612 17 -0.2500000000006934 0
613 17 -1.375344282905644e-12 0
614 17 0.2499999999993072 0
615 16.70986427546977 0.5 0
616 16.41972855093953 0.5 0
617 16.1295928264093 0.5 0
618 15.83987076743584 0.5 0
619 15.56602781971748 0.5 0
620 15.31444299485297 0.5 0
621 15.08323150688997 0.5 0
622 14.87065780992278 0.5 0
623 14.67512236616321 0.5 0
624 14.49514888769729 0.5 0
625 14.32937252918946 0.5 0
626 14.17652822423933 0.5 0
627 14.0354399426571 0.5 0
628 13.90500986599693 0.5 0
629 13.78420767868987 0.5 0
630 13.67205978433934 0.5 0
631 13.56763794227567 0.5 0
632 13.47004767085067 0.5 0
633 13.37841612387034 0.5 0
634 13.29187839721049 0.5 0
635 13.20956738130985 0.5 0
636 13.13060085383836 0.5 0
637 13.05609243216366 0.5 0
638 12.96843791664516 0.5 0
639 12.94535512206309 0.5 0
640 12.92357295337981 0.5 0
641 12.90043139403346 0.5 0
642 12.8777851696418 0.5 0
643 12.85600300095852 0.5 0
644 12.83251753753374 0.5 0
645 12.81021524558905 0.5 0
646 12.78843307690576 0.5 0
647 12.7646930531124 0.5 0
648 12.74264531222685 0.5 0
649 12.72086314354357 0.5 0
650 12.696954786973 0.5 0
651 12.67507534674596 0.5 0
652 12.65329313395165 0.5 0
653 12.62929982820652 0.5 0
654 12.60750538125143 0.5 0
655 12.58572321256814 0.5 0
656 12.56394104388486 0.5 0
657 12.54215887520157 0.5 0
658 12.52037670651829 0.5 0
659 12.49859453783501 0.5 0
660 12.47681236915172 0.5 0
661 12.45498613581243 0.5 0
662 12.43102464492648 0.5 0
663 12.40924247624319 0.5 0
664 12.38729043192469 0.5 0
665 12.36345467943372 0.5 0
666 12.34167251075044 0.5 0
667 12.31950986476627 0.5 0
668 12.29588471393706 0.5 0
669 12.27410254525378 0.5 0
670 12.25164147556473 0.5 0
671 12.2283147484407 0.5 0
672 12.20653257975742 0.5 0
673 12.18368222037777 0.5 0
674 12.16074485130429 0.5 0
675 12.138962682621 0.5 0
676 12.11570559241419 0.5 0
677 12.09317492725047 0.5 0
678 12.07139275856719 0.5 0
679 12.04781954174983 0.5 0
680 12.02560496176707 0.5 0
681 12.00382279308378 0.5 0
682 11.98002185646913 0.5 0
683 11.95803499627728 0.5 0
684 11.93625282759399 0.5 0
685 11.91230954907197 0.5 0
686 11.89046503078978 0.5 0
687 11.8686782597503 0.5 0
688 11.84467970612753 0.5 0
689 11.82289510166255 0.5 0
690 11.80104091373863 0.5 0
691 11.77710734629308 0.5 0
692 11.7553251776098 0.5 0
693 11.73332089872788 0.5 0
694 11.70953738963438 0.5 0
695 11.6877552209511 0.5 0
696 11.66597305226781 0.5 0
697 11.64419088358453 0.5 0
698 11.62240871490124 0.5 0
699 11.60062654621796 0.5 0
700 11.57884437753468 0.5 0
701 11.55706220885139 0.5 0
702 11.53481716493849 0.5 0
703 11.51127442934122 0.5 0
704 11.48949226065793 0.5 0
705 11.46692120513648 0.5 0
706 11.44370450528846 0.5 0
707 11.42192233660518 0.5 0
708 11.39893747462587 0.5 0
709 11.37613456769316 0.5 0
710 11.35435239900988 0.5 0
711 11.33098834552775 0.5 0
712 11.30856460220598 0.5 0
713 11.2867824335227 0.5 0
714 11.26312979754859 0.5 0
715 11.24099463671799 0.5 0
716 11.2192124680347 0.5 0
717 11.19535872908181 0.5 0
718 11.17342467123544 0.5 0
719 11.15164250255215 0.5 0
720 11.12767217061026 0.5 0
721 11.10585474718268 0.5 0
722 11.08405586038057 0.5 0
723 11.06006702719038 0.5 0
724 11.03828485850709 0.5 0
725 11.01639340291665 0.5 0
726 10.99249706169285 0.5 0
727 10.97071489300957 0.5 0
728 10.94864726953883 0.5 0
729 10.92492709618595 0.5 0
730 10.90314492750266 0.5 0
731 10.88081454710661 0.5 0
732 10.85735713069387 0.5 0
733 10.83557496201058 0.5 0
734 10.81289222621664 0.5 0
735 10.78978722932369 0.5 0
736 10.76800506064041 0.5 0
737 10.74622289195712 0.5 0
738 10.72444072327384 0.5 0
739 10.70265855459055 0.5 0
740 10.68087638590727 0.5 0
741 10.65909421722398 0.5 0
742 10.6373120485407 0.5 0
743 10.61420054853676 0.5 0
744 10.59152425172854 0.5 0
745 10.56974208304525 0.5 0
746 10.54627963737379 0.5 0
747 10.52395428624926 0.5 0
748 10.50217211756597 0.5 0
749 10.47844840597467 0.5 0
750 10.45638436135621 0.5 0
751 10.43460219267293 0.5 0
752 10.41070373884131 0.5 0
753 10.38881443730241 0.5 0
754 10.36703226861912 0.5 0
755 10.34304254589794 0.5 0
756 10.32124447641296 0.5 0
757 10.29942581226802 0.5 0
758 10.27545667959268 0.5 0
759 10.25367451090939 0.5 0
760 10.23173783880684 0.5 0
761 10.2078867140904 0.5 0
762 10.18610454540711 0.5 0
763 10.16396537299038 0.5 0
764 10.14031677013738 0.5 0
765 10.1185346014541 0.5 0
766 10.09610546304852 0.5 0
767 10.07274684608452 0.5 0
768 10.05096467740124 0.5 0
769 10.02815493575072 0.5 0
770 10.00517690425426 0.5 0
771 9.983394735570972 0.5 0
772 9.960172003071602 0.5 0
773 9.937606938782299 0.5 0
774 9.915824770099015 0.5 0
775 9.892277421405559 0.5 0
776 9.87003697329297 0.5 0
777 9.848254804609686 0.5 0
778 9.8264726359264 0.5 0
779 9.804690467243118 0.5 0
780 9.782908298559832 0.5 0
781 9.761126129876548 0.5 0
782 9.739343961193264 0.5 0
783 9.717561792509979 0.5 0
784 9.695779623826695 0.5 0
785 9.673997455143409 0.5 0
786 9.652215286460125 0.5 0
787 9.630433117776841 0.5 0
788 9.608650949093557 0.5 0
789 9.586868780410271 0.5 0
790 9.565086611726986 0.5 0
791 9.543304443043702 0.5 0
792 9.521522274360418 0.5 0
793 9.497730595178895 0.5 0
794 9.475734477540149 0.5 0
795 9.453952308856865 0.5 0
796 9.4300141921375 0.5 0
797 9.408164571936219 0.5 0
798 9.386379051329673 0.5 0
799 9.362380333268849 0.5 0
800 9.340594647882417 0.5 0
801 9.318745745641779 0.5 0
802 9.294806851081589 0.5 0
803 9.273024682398304 0.5 0
804 9.251029844633218 0.5 0
805 9.227236885586429 0.5 0
806 9.205454716903143 0.5 0
807 9.183228437254449 0.5 0
808 9.15966692009968 0.5 0
809 9.137884751416395 0.5 0
810 9.115338507012339 0.5 0
811 9.092096996046918 0.5 0
812 9.070314827363633 0.5 0
813 9.047358854219254 0.5 0
814 9.024527073507883 0.5 0
815 9.002744904824599 0.5 0
816 8.979403557660536 0.5 0
817 8.956957108009618 0.5 0
818 8.935174939326332 0.5 0
819 8.913392770643048 0.5 0
820 8.891610601959762 0.5 0
821 8.869828433276478 0.5 0
822 8.848046264593194 0.5 0
823 8.826264095909909 0.5 0
824 8.804481927226625 0.5 0
825 8.782699758543341 0.5 0
826 8.760917589860057 0.5 0
827 8.739135421176771 0.5 0
828 8.717353252493487 0.5 0
829 8.695571083810202 0.5 0
830 8.673788915126917 0.5 0
831 8.652006746443632 0.5 0
832 8.630224577760348 0.5 0
833 8.608442409077064 0.5 0
834 8.584795471397385 0.5 0
835 8.562654612272457 0.5 0
836 8.540872443589173 0.5 0
837 8.51702240605823 0.5 0
838 8.495084646792893 0.5 0
839 8.473302478109609 0.5 0
840 8.449333875823751 0.5 0
841 8.427514688027546 0.5 0
842 8.405716970847941 0.5 0
843 8.381726932657948 0.5 0
844 8.359944763974662 0.5 0
845 8.338056391051115 0.5 0
846 8.31415700564024 0.5 0
847 8.292374836956956 0.5 0
848 8.270312272028395 0.5 0
849 8.246587040141446 0.5 0
850 8.224804871458161 0.5 0
851 8.202481594728528 0.5 0
852 8.179017074635517 0.5 0
853 8.157234905952231 0.5 0
854 8.1345613026382 0.5 0
855 8.111447109145185 0.5 0
856 8.089664940461899 0.5 0
857 8.066569732723774 0.5 0
858 8.043877199314977 0.5 0
859 8.022095030631693 0.5 0
860 8.000312861948407 0.5 0
861 7.978530693265124 0.5 0
862 7.956748524581839 0.5 0
863 7.934966355898554 0.5 0
864 7.913184187215269 0.5 0
865 7.891402018531985 0.5 0
866 7.8696198498487 0.5 0
867 7.847837681165416 0.5 0
868 7.826055512482132 0.5 0
869 7.804273343798847 0.5 0
870 7.782491175115562 0.5 0
871 7.760709006432277 0.5 0
872 7.738926837748993 0.5 0
873 7.717144669065708 0.5 0
874 7.695362500382424 0.5 0
875 7.671899070524198 0.5 0
876 7.649574750759475 0.5 0
877 7.627792582076192 0.5 0
878 7.604068139409216 0.5 0
879 7.582004785269867 0.5 0
880 7.560222616586583 0.5 0
881 7.536323670685049 0.5 0
882 7.514434819765042 0.5 0
883 7.492652651081759 0.5 0
884 7.468662740411287 0.5 0
885 7.446864854263968 0.5 0
886 7.425045917338662 0.5 0
887 7.40107708746241 0.5 0
888 7.379294918779124 0.5 0
889 7.35735771524124 0.5 0
890 7.333507163409544 0.5 0
891 7.311724994726259 0.5 0
892 7.289585030208815 0.5 0
893 7.265937213112245 0.5 0
894 7.24415504442896 0.5 0
895 7.221724754304241 0.5 0
896 7.198367247627287 0.5 0
897 7.176585078944005 0.5 0
898 7.153773786616169 0.5 0
899 7.130797282138607 0.5 0
900 7.109015113455322 0.5 0
901 7.087232944772037 0.5 0
902 7.065450776088753 0.5 0
903 7.043668607405468 0.5 0
904 7.021886438722184 0.5 0
905 7.000104270038899 0.5 0
906 6.978322101355615 0.5 0
907 6.95653993267233 0.5 0
908 6.934757763989046 0.5 0
909 6.912975595305762 0.5 0
910 6.891193426622477 0.5 0
911 6.869411257939193 0.5 0
912 6.847629089255908 0.5 0
913 6.825846920572624 0.5 0
914 6.804064751889339 0.5 0
915 6.782282583206055 0.5 0
916 6.759042228718978 0.5 0
917 6.73649478639573 0.5 0
918 6.714712617712447 0.5 0
919 6.691152050449555 0.5 0
920 6.668924872324185 0.5 0
921 6.647142703640902 0.5 0
922 6.623350444824235 0.5 0
923 6.601354948270368 0.5 0
924 6.579572779587084 0.5 0
925 6.555634264794932 0.5 0
926 6.533784982785436 0.5 0
927 6.511999379857222 0.5 0
928 6.48800062021809 0.5 0
929 6.466215017288934 0.5 0
930 6.444365735282745 0.5 0
931 6.420427220487019 0.5 0
932 6.398645051803586 0.5 0
933 6.376649555255771 0.5 0
934 6.352857296432769 0.5 0
935 6.331075127749334 0.5 0
936 6.308847949632843 0.5 0
937 6.28528738236079 0.5 0
938 6.26350521367736 0.5 0
939 6.240957771365863 0.5 0
940 6.217717416866755 0.5 0
941 6.195935248183321 0.5 0
942 6.174153079499886 0.5 0
943 6.152370910816453 0.5 0
944 6.13058874213302 0.5 0
945 6.108806573449588 0.5 0
946 6.087024404766153 0.5 0
947 6.06524223608272 0.5 0
948 6.043460067399288 0.5 0
949 6.021677898715853 0.5 0
950 5.999895730032419 0.5 0
951 5.978113561348988 0.5 0
952 5.956331392665554 0.5 0
953 5.93454922398212 0.5 0
954 5.912767055298688 0.5 0
955 5.890984886615254 0.5 0
956 5.86920271793182 0.5 0
957 5.846226213467513 0.5 0
958 5.823414921126147 0.5 0
959 5.801632752442715 0.5 0
960 5.778275245776036 0.5 0
961 5.755844955640752 0.5 0
962 5.734062786957319 0.5 0
963 5.710414969868224 0.5 0
964 5.688275005343015 0.5 0
965 5.666492836659582 0.5 0
966 5.642642284832668 0.5 0
967 5.620705081289725 0.5 0
968 5.598922912606293 0.5 0
969 5.574954082732273 0.5 0
970 5.553135145804453 0.5 0
971 5.531337259658528 0.5 0
972 5.507347348986378 0.5 0
973 5.485565180302945 0.5 0
974 5.46367632938677 0.5 0
975 5.4397773834811 0.5 0
976 5.417995214797665 0.5 0
977 5.395931860664687 0.5 0
978 5.372207417991047 0.5 0
979 5.350425249307614 0.5 0
980 5.328100929551858 0.5 0
981 5.304637499684386 0.5 0
982 5.282855331000953 0.5 0
983 5.26107316231752 0.5 0
984 5.239290993634086 0.5 0
985 5.217508824950653 0.5 0
986 5.195726656267219 0.5 0
987 5.173944487583785 0.5 0
988 5.152162318900354 0.5 0
989 5.13038015021692 0.5 0
990 5.108597981533486 0.5 0
991 5.086815812850054 0.5 0
992 5.06503364416662 0.5 0
993 5.043251475483186 0.5 0
994 5.021469306799735 0.5 0
995 4.999687138116226 0.5 0
996 4.977904969432718 0.5 0
997 4.95612280074914 0.5 0
998 4.933430267351445 0.5 0
999 4.910335059601634 0.5 0
1000 4.888552890918053 0.5 0
1001 4.865438697435879 0.5 0
1002 4.842765094110437 0.5 0
1003 4.820982925426854 0.5 0
1004 4.797518405341997 0.5 0
1005 4.775195128603634 0.5 0
1006 4.753412959920054 0.5 0
1007 4.729687728038762 0.5 0
1008 4.707625163103991 0.5 0
1009 4.685842994420408 0.5 0
1010 4.661943609012814 0.5 0
1011 4.640055236085423 0.5 0
1012 4.618273067401839 0.5 0
1013 4.594283029212896 0.5 0
1014 4.572485312031672 0.5 0
1015 4.550666124237203 0.5 0
1016 4.526697521949023 0.5 0
1017 4.50491535326544 0.5 0
1018 4.482977594003968 0.5 0
1019 4.4591275564686 0.5 0
1020 4.437345387785017 0.5 0
1021 4.415204528666074 0.5 0
1022 4.391557590979854 0.5 0
1023 4.369775422296271 0.5 0
1024 4.347993253612689 0.5 0
1025 4.326211084929108 0.5 0
1026 4.304428916245525 0.5 0
1027 4.282646747561943 0.5 0
1028 4.260864578878362 0.5 0
1029 4.239082410194779 0.5 0
1030 4.217300241511197 0.5 0
1031 4.195518072827614 0.5 0
1032 4.173735904144031 0.5 0
1033 4.151953735460451 0.5 0
1034 4.130171566776868 0.5 0
1035 4.108389398093285 0.5 0
1036 4.086607229409703 0.5 0
1037 4.064825060726122 0.5 0
1038 4.043042892042539 0.5 0
1039 4.020596442399176 0.5 0
1040 3.997255095226976 0.5 0
1041 3.975472926543397 0.5 0
1042 3.952641145841541 0.5 0
1043 3.929685172687069 0.5 0
1044 3.907903004003487 0.5 0
1045 3.884661493045924 0.5 0
1046 3.862115248633422 0.5 0
1047 3.840333079949842 0.5 0
1048 3.816771562800838 0.5 0
1049 3.794545283145817 0.5 0
1050 3.772763114462235 0.5 0
1051 3.748970155419222 0.5 0
1052 3.72697531764978 0.5 0
1053 3.705193148966197 0.5 0
1054 3.681254254407943 0.5 0
1055 3.6594053521648 0.5 0
1056 3.637619666778566 0.5 0
1057 3.613620948717429 0.5 0
1058 3.591835428110112 0.5 0
1059 3.569985807910689 0.5 0
1060 3.546047691188894 0.5 0
1061 3.524265522505313 0.5 0
1062 3.502269404870081 0.5 0
1063 3.478477725684467 0.5 0
1064 3.456695557000884 0.5 0
1065 3.434913388317302 0.5 0
1066 3.413131219633721 0.5 0
1067 3.39134905095014 0.5 0
1068 3.369566882266557 0.5 0
1069 3.347784713582975 0.5 0
1070 3.326002544899392 0.5 0
1071 3.304220376215811 0.5 0
1072 3.282438207532229 0.5 0
1073 3.260656038848646 0.5 0
1074 3.238873870165063 0.5 0
1075 3.217091701481481 0.5 0
1076 3.1953095327979 0.5 0
1077 3.173527364114317 0.5 0
1078 3.151745195430735 0.5 0
1079 3.129963026747154 0.5 0
1080 3.107722578639242 0.5 0
1081 3.084175229940541 0.5 0
1082 3.062393061256959 0.5 0
1083 3.039827996973814 0.5 0
1084 3.016605264467707 0.5 0
1085 2.994823095784126 0.5 0
1086 2.971845064294637 0.5 0
1087 2.949035322636565 0.5 0
1088 2.927253153952982 0.5 0
1089 2.903894536994246 0.5 0
1090 2.881465398582824 0.5 0
1091 2.859683229899245 0.5 0
1092 2.836034627049965 0.5 0
1093 2.81389545462897 0.5 0
1094 2.792113285945387 0.5 0
1095 2.768262161231204 0.5 0
1096 2.746325489125836 0.5 0
1097 2.724543320442253 0.5 0
1098 2.700574187767831 0.5 0
1099 2.678755523621408 0.5 0
1100 2.656957454136904 0.5 0
1101 2.632967731414674 0.5 0
1102 2.611185562731091 0.5 0
1103 2.589296261193853 0.5 0
1104 2.565397807360004 0.5 0
1105 2.543615638676421 0.5 0
1106 2.52155159406079 0.5 0
1107 2.497827882466076 0.5 0
1108 2.476045713782495 0.5 0
1109 2.453720362661969 0.5 0
1110 2.430257916985937 0.5 0
1111 2.408475748302358 0.5 0
1112 2.385799451499267 0.5 0
1113 2.362687951489635 0.5 0
1114 2.340905782806052 0.5 0
1115 2.31912361412247 0.5 0
1116 2.297341445438889 0.5 0
1117 2.275559276755306 0.5 0
1118 2.253777108071725 0.5 0
1119 2.231994939388143 0.5 0
1120 2.21021277070456 0.5 0
1121 2.187107773816297 0.5 0
1122 2.164425038017104 0.5 0
1123 2.142642869333523 0.5 0
1124 2.119185452924224 0.5 0
1125 2.096855072524152 0.5 0
1126 2.075072903840569 0.5 0
1127 2.051352730489981 0.5 0
1128 2.029285107016387 0.5 0
1129 2.007502938332804 0.5 0
1130 1.983606597110231 0.5 0
1131 1.961715141517979 0.5 0
1132 1.939932972834397 0.5 0
1133 1.915944139644511 0.5 0
1134 1.894145252841541 0.5 0
1135 1.872327829414468 0.5 0
1136 1.848357497471479 0.5 0
1137 1.826575328787897 0.5 0
1138 1.804641270942872 0.5 0
1139 1.780787531988079 0.5 0
1140 1.759005363304498 0.5 0
1141 1.736870202476025 0.5 0
1142 1.713217566499218 0.5 0
1143 1.691435397815638 0.5 0
1144 1.669011654496771 0.5 0
1145 1.645647601011193 0.5 0
1146 1.623865432327612 0.5 0
1147 1.60106252539849 0.5 0
1148 1.57807766341503 0.5 0
1149 1.556295494731447 0.5 0
1150 1.533078794886411 0.5 0
1151 1.510507739361419 0.5 0
1152 1.488725570677842 0.5 0
1153 1.465182835082661 0.5 0
1154 1.44293779116712 0.5 0
1155 1.421155622483537 0.5 0
1156 1.399373453799956 0.5 0
1157 1.377591285116374 0.5 0
1158 1.355809116432791 0.5 0
1159 1.334026947749209 0.5 0
1160 1.312244779065626 0.5 0
1161 1.290462610382045 0.5 0
1162 1.26667910128967 0.5 0
1163 1.24467482240606 0.5 0
1164 1.222892653722479 0.5 0
1165 1.198959086277394 0.5 0
1166 1.177104898352439 0.5 0
1167 1.155320293887288 0.5 0
1168 1.131321740264282 0.5 0
1169 1.109534969224335 0.5 0
1170 1.087690450942459 0.5 0
1171 1.063747172419525 0.5 0
1172 1.041965003735941 0.5 0
1173 1.019978143544854 0.5 0
1174 0.9961772069288592 0.5 0
1175 0.9743950382452766 0.5 0
1176 0.9521804582636637 0.5 0
1177 0.9286072414445812 0.5 0
1178 0.9068250727610003 0.5 0
1179 0.8842944075988122 0.5 0
1180 0.8610373173899255 0.5 0
1181 0.8392551487063464 0.5 0
1182 0.8163177796345931 0.5 0
1183 0.7934674202526324 0.5 0
1184 0.7716852515690498 0.5 0
1185 0.7483585244461768 0.5 0
1186 0.7258974547553869 0.5 0
1187 0.7041152860718043 0.5 0
1188 0.6804901352433141 0.5 0
1189 0.6583274892578732 0.5 0
1190 0.6365453205742941 0.5 0
1191 0.6127095680836483 0.5 0
1192 0.5907575237642657 0.5 0
1193 0.5689753550806849 0.5 0
1194 0.5450138641946936 0.5 0
1195 0.5231876308548475 0.5 0
1196 0.5014054621712649 0.5 0
1197 0.4796232934876823 0.5 0
1198 0.4578411248041014 0.5 0
1199 0.436058956120517 0.5 0
1200 0.4142767874369362 0.5 0
1201 0.3924946187533536 0.5 0
1202 0.3707001717980525 0.5 0
1203 0.3467068660525445 0.5 0
1204 0.324924653257936 0.5 0
1205 0.3030452130308046 0.5 0
1206 0.27913685645977 0.5 0
1207 0.257354687776191 0.5 0
1208 0.2353069468906206 0.5 0
1209 0.2115669230967399 0.5 0
1210 0.1897847544131608 0.5 0
1211 0.1674824624684454 0.5 0
1212 0.1439969990431624 0.5 0
1213 0.1222148303595798 0.5 0
1214 0.09956860596780182 0.5 0
1215 0.07642704662098154 0.5 0
1216 0.05464487793740247 0.5 0
1217 0.03156208335509092 0.5 0
1218 0 0.4508534832315463 0
1219 0 0.3882311938708136 0
1220 0 0.3268780043435027 0
1221 0 0.2704082505464143 0
1222 0 0.2183947904289267 0
1223 0 0.1704278532798545 0
1224 0 0.1260986057261281 0
1225 0 0.0849649457871573 0
1226 0 0.04828379262280957 0
1227 0 0.02142501080665421 0
1228 0 -0.02173913043473961 0
1229 0 -0.04347826086948237 0
1230 0 -0.06521739130422755 0
1231 0 -0.08695652173894713 0
1232 0 -0.1086956521736663 0
1233 0 -0.1304347826083854 0
1234 0 -0.1521739130431045 0
1235 0 -0.1739130434778237 0
1236 0 -0.1956521739125428 0
1237 0 -0.2173913043472619 0
1238 0 -0.2391304347819811 0
1239 0 -0.2608695652167605 0
1240 0 -0.2826086956516004 0
1241 0 -0.3043478260864402 0
1242 0 -0.32608695652128 0
1243 0 -0.3478260869561198 0
1244 0 -0.3695652173909598 0
1245 0 -0.3913043478257998 0
1246 0 -0.4130434782606399 0
1247 0 -0.4347826086954799 0
1248 0 -0.4565217391303199 0
1249 0 -0.47826086956516 0
1250 0.02182073821743136 0 0
1251 0.04860020437578321 0 0
1252 0.08554145701673117 0 0
1253 0.125524300802903 0 0
1254 0.1655071445890749 0 0
1255 0.2054899883752465 0 0
1256 0.2454728321614141 0 0
1257 0.2854556759475816 0 0
1258 0.325438519733747 0 0
1259 0.3654213635199103 0 0
1260 0.4054042073060737 0 0
1261 0.4453870510922287 0 0
1262 0.4853698948783834 0 0
1263 0.5253527386645345 0 0
1264 0.5653355824506808 0 0
1265 0.6053184262368271 0 0
1266 0.6453012700229732 0 0
1267 0.6852841138091194 0 0
1268 0.7252669575952687 0 0
1269 0.7652498013814235 0 0
1270 0.8052326451675782 0 0
1271 0.845215488953747 0 0
1272 0.8851983327399188 0 0
1273 0.925181176526093 0 0
1274 0.9651640203122734 0 0
1275 1.005146864098454 0 0
1276 1.045129707884634 0 0
1277 1.085112551670815 0 0
1278 1.125095395456995 0 0
1279 1.165078239243175 0 0
1280 1.205061083029356 0 0
1281 1.245043926815536 0 0
1282 1.285026770601716 0 0
1283 1.325009614387897 0 0
1284 1.364992458174077 0 0
1285 1.404975301960257 0 0
1286 1.444958145746438 0 0
1287 1.484940989532618 0 0
1288 1.524923833318798 0 0
1289 1.564906677104961 0 0
1290 1.604889520891124 0 0
1291 1.644872364677271 0 0
1292 1.6848552084634 0 0
1293 1.724838052249529 0 0
1294 1.764820896035642 0 0
1295 1.804803739821754 0 0
1296 1.844786583607867 0 0
1297 1.884769427393978 0 0
1298 1.924752271180091 0 0
1299 1.964735114966232 0 0
1300 2.004717958752379 0 0
1301 2.044700802538536 0 0
1302 2.084683646324717 0 0
1303 2.124666490110897 0 0
1304 2.164649333897077 0 0
1305 2.204632177683258 0 0
1306 2.244615021469438 0 0
1307 2.284597865255618 0 0
1308 2.324580709041799 0 0
1309 2.364563552827979 0 0
1310 2.40454639661416 0 0
1311 2.44452924040034 0 0
1312 2.48451208418652 0 0
1313 2.524494927972701 0 0
1314 2.564477771758881 0 0
1315 2.604460615545061 0 0
1316 2.644443459331242 0 0
1317 2.684426303117422 0 0
1318 2.724409146903602 0 0
1319 2.764391990689783 0 0
1320 2.804374834475963 0 0
1321 2.844357678262143 0 0
1322 2.884340522048324 0 0
1323 2.924323365834504 0 0
1324 2.964306209620684 0 0
1325 3.004289053406865 0 0
1326 3.044271897193045 0 0
1327 3.084254740979226 0 0
1328 3.124237584765406 0 0
1329 3.164220428551586 0 0
1330 3.204203272337766 0 0
1331 3.244186116123947 0 0
1332 3.284168959910128 0 0
1333 3.324151803696307 0 0
1334 3.364134647482488 0 0
1335 3.404117491268669 0 0
1336 3.444100335054848 0 0
1337 3.484083178841029 0 0
1338 3.524066022627209 0 0
1339 3.56404886641339 0 0
1340 3.60403171019957 0 0
1341 3.64401455398575 0 0
1342 3.683997397771931 0 0
1343 3.723980241558111 0 0
1344 3.763963085344291 0 0
1345 3.803945929130472 0 0
1346 3.843928772916652 0 0
1347 3.883911616702832 0 0
1348 3.923894460489013 0 0
1349 3.963877304275188 0 0
1350 4.003860148061301 0 0
1351 4.043842991847413 0 0
1352 4.083825835633488 0 0
1353 4.123808679419532 0 0
1354 4.163791523205576 0 0
1355 4.203774366991619 0 0
1356 4.243757210777663 0 0
1357 4.283740054563707 0 0
1358 4.323722898349751 0 0
1359 4.363705742135795 0 0
1360 4.403688585921838 0 0
1361 4.443671429707882 0 0
1362 4.483654273493927 0 0
1363 4.523637117279971 0 0
1364 4.563619961066014 0 0
1365 4.603602804852057 0 0
1366 4.643585648638101 0 0
1367 4.683568492424145 0 0
1368 4.72355133621019 0 0
1369 4.763534179996233 0 0
1370 4.803517023782277 0 0
1371 4.843499867568321 0 0
1372 4.883482711354365 0 0
1373 4.923465555140409 0 0
1374 4.963448398926452 0 0
1375 5.003431242712496 0 0
1376 5.04341408649854 0 0
1377 5.083396930284584 0 0
1378 5.123379774070628 0 0
1379 5.16336261785667 0 0
1380 5.203345461642715 0 0
1381 5.243328305428758 0 0
1382 5.283311149214803 0 0
1383 5.323293993000846 0 0
1384 5.363276836786889 0 0
1385 5.403259680572933 0 0
1386 5.443242524358978 0 0
1387 5.483225368145021 0 0
1388 5.523208211931065 0 0
1389 5.563191055717108 0 0
1390 5.603173899503153 0 0
1391 5.643156743289197 0 0
1392 5.683139587075241 0 0
1393 5.723122430861284 0 0
1394 5.763105274647328 0 0
1395 5.803088118433371 0 0
1396 5.843070962219416 0 0
1397 5.88305380600546 0 0
1398 5.923036649791504 0 0
1399 5.963019493577547 0 0
1400 6.003002337363592 0 0
1401 6.042985181149635 0 0
1402 6.082968024935679 0 0
1403 6.122950868721722 0 0
1404 6.162933712507767 0 0
1405 6.20291655629381 0 0
1406 6.242899400079855 0 0
1407 6.282882243865897 0 0
1408 6.322865087651942 0 0
1409 6.362847931437986 0 0
1410 6.402830775224038 0 0
1411 6.442813619010149 0 0
1412 6.482796462796262 0 0
1413 6.522779306582452 0 0
1414 6.562762150368701 0 0
1415 6.602744994154952 0 0
1416 6.642727837941269 0 0
1417 6.682710681727585 0 0
1418 6.722693525513902 0 0
1419 6.762676369300219 0 0
1420 6.802659213086536 0 0
1421 6.842642056872852 0 0
1422 6.882624900659169 0 0
1423 6.922607744445487 0 0
1424 6.962590588231803 0 0
1425 7.00257343201812 0 0
1426 7.042556275804436 0 0
1427 7.082539119590754 0 0
1428 7.122521963377071 0 0
1429 7.162504807163387 0 0
1430 7.202487650949704 0 0
1431 7.242470494736022 0 0
1432 7.282453338522338 0 0
1433 7.322436182308654 0 0
1434 7.362419026094972 0 0
1435 7.402401869881289 0 0
1436 7.442384713667606 0 0
1437 7.482367557453922 0 0
1438 7.522350401240239 0 0
1439 7.562333245026556 0 0
1440 7.602316088812874 0 0
1441 7.642298932599189 0 0
1442 7.682281776385507 0 0
1443 7.722264620171822 0 0
1444 7.762247463958141 0 0
1445 7.802230307744457 0 0
1446 7.842213151530774 0 0
1447 7.882195995317089 0 0
1448 7.922178839103409 0 0
1449 7.962161682889861 0 0
1450 8.002144526676316 0 0
1451 8.042127370462833 0 0
1452 8.082110214249424 0 0
1453 8.122093058036013 0 0
1454 8.162075901822604 0 0
1455 8.202058745609193 0 0
1456 8.242041589395786 0 0
1457 8.282024433182373 0 0
1458 8.322007276968964 0 0
1459 8.361990120755555 0 0
1460 8.401972964542145 0 0
1461 8.441955808328736 0 0
1462 8.481938652115327 0 0
1463 8.521921495901916 0 0
1464 8.561904339688507 0 0
1465 8.601887183475096 0 0
1466 8.641870027261689 0 0
1467 8.681852871048278 0 0
1468 8.721835714834867 0 0
1469 8.761818558621458 0 0
1470 8.801801402408049 0 0
1471 8.841784246194639 0 0
1472 8.88176708998123 0 0
1473 8.921749933767819 0 0
1474 8.96173277755441 0 0
1475 9.001715621340999 0 0
1476 9.041698465127592 0 0
1477 9.081681308914181 0 0
1478 9.12166415270077 0 0
1479 9.161646996487361 0 0
1480 9.201629840273952 0 0
1481 9.241612684060541 0 0
1482 9.281595527847132 0 0
1483 9.321578371633722 0 0
1484 9.361561215420314 0 0
1485 9.401544059206902 0 0
1486 9.441526902993495 0 0
1487 9.481509746780084 0 0
1488 9.521492590566673 0 0
1489 9.561475434353264 0 0
1490 9.601458278139855 0 0
1491 9.641441121926444 0 0
1492 9.681423965713035 0 0
1493 9.721406809499625 0 0
1494 9.761389653286217 0 0
1495 9.801372497072805 0 0
1496 9.841355340859398 0 0
1497 9.881338184645987 0 0
1498 9.921321028432576 0 0
1499 9.961303872219167 0 0
1500 10.00128671600576 0 0
1501 10.04126955979235 0 0
1502 10.08125240357894 0 0
1503 10.12123524736553 0 0
1504 10.16121809115212 0 0
1505 10.20120093493871 0 0
1506 10.2411837787253 0 0
1507 10.28116662251189 0 0
1508 10.32114946629848 0 0
1509 10.36113231008507 0 0
1510 10.40111515387166 0 0
1511 10.44109799765825 0 0
1512 10.48108084144484 0 0
1513 10.52106368523143 0 0
1514 10.56104652901802 0 0
1515 10.60102937280461 0 0
1516 10.6410122165912 0 0
1517 10.68099506037779 0 0
1518 10.72097790416438 0 0
1519 10.76096074795097 0 0
1520 10.80094359173756 0 0
1521 10.84092643552415 0 0
1522 10.88090927931074 0 0
1523 10.92089212309733 0 0
1524 10.96087496688392 0 0
1525 11.0008578106705 0 0
1526 11.0408406544571 0 0
1527 11.08082349824369 0 0
1528 11.12080634203028 0 0
1529 11.16078918581687 0 0
1530 11.20077202960346 0 0
1531 11.24075487339005 0 0
1532 11.28073771717664 0 0
1533 11.32072056096322 0 0
1534 11.36070340474981 0 0
1535 11.40068624853641 0 0
1536 11.440669092323 0 0
1537 11.48065193610958 0 0
1538 11.52063477989617 0 0
1539 11.56061762368277 0 0
1540 11.60060046746936 0 0
1541 11.64058331125594 0 0
1542 11.68056615504253 0 0
1543 11.72054899882912 0 0
1544 11.76053184261571 0 0
1545 11.8005146864023 0 0
1546 11.84049753018889 0 0
1547 11.88048037397548 0 0
1548 11.92046321776207 0 0
1549 11.96044606154866 0 0
1550 12.00042890533525 0 0
1551 12.04041174912184 0 0
1552 12.08039459290843 0 0
1553 12.12037743669502 0 0
1554 12.16036028048161 0 0
1555 12.2003431242682 0 0
1556 12.24032596805479 0 0
1557 12.28030881184138 0 0
1558 12.32029165562797 0 0
1559 12.36027449941456 0 0
1560 12.40025734320115 0 0
1561 12.44024018698774 0 0
1562 12.48022303077433 0 0
1563 12.52020587456092 0 0
1564 12.56018871834751 0 0
1565 12.6001715621341 0 0
1566 12.64015440592069 0 0
1567 12.68013724970728 0 0
1568 12.72012009349387 0 0
1569 12.76010293728046 0 0
1570 12.80008578106705 0 0
1571 12.84006862485364 0 0
1572 12.88005146864023 0 0
1573 12.92003431242682 0 0
1574 12.96001715621341 0 0
1575 0.01911236684429036 -0.2498649579654238 0
1576 0.2616093353272265 -0.4844767958001288 0
1577 0.3516244578804042 -0.4834496405400534 0
1578 2.265028027954266 0.4771651429370379 0
1579 2.174799577166676 0.4792700355752245 0
1580 2.087422808660407 0.4827638391469308 0
1581 1.996269730603661 0.478076600801579 0
1582 1.904462134023195 0.4796154125674611 0
1583 1.816777360298429 0.478393884170347 0
1584 1.725043884487622 0.4809832384880955 0
1585 1.634117946029052 0.4811811656552265 0
1586 1.542438490421892 0.4796199892765974 0
1587 1.452248877725744 0.4801242468808892 0
1588 1.366534650940536 0.4814718139631609 0
1589 1.280826969579338 0.4803043049915166 0
1590 1.187289313376432 0.4781287543049409 0
1591 1.098642201999408 0.4790854974016981 0
1592 1.005716739203233 0.4801981012109774 0
1593 0.9157157642052085 0.4845501918334869 0
1594 0.8282377407357071 0.4804514885830233 0
1595 0.7360240937417859 0.4792611621448986 0
1596 0.6474504735047661 0.4802791452663155 0
1597 0.5569946096376892 0.4811170080146338 0
1598 3.424238960354157 0.4852614585663556 0
1599 7.901331826808662 0.4819396310351639 0
1600 7.990474229411529 0.4833364838676263 0
1601 7.815377842342786 0.4788442217840481 0
1602 8.076160794158218 0.4716050173041728 0
1603 8.1670285186601 0.4785293819956387 0
1604 8.254909524485743 0.4818657090768232 0
1605 8.349342391805141 0.478674852320862 0
1606 8.436653298724968 0.4847044380231151 0
1607 8.526172239185815 0.4809677329758472 0
1608 8.619794163325182 0.4777921621629138 0
1609 8.704646173143654 0.4805874590345182 0
1610 8.789531136587996 0.4792803800535992 0
1611 12.4196324885106 0.479835231906269 0
1612 12.50876168111665 0.4807527375058623 0
1613 12.32843400470515 0.4795733493751662 0
1614 12.23939782464444 0.478996532555538 0
1615 12.15007661393694 0.4792286813172912 0
1616 12.0613731094919 0.4785448611087963 0
1617 11.96857665215902 0.4782645508010217 0
1618 11.88065580665831 0.479273540373187 0
1619 11.78562957961369 0.4809144896864705 0
1620 11.69840539562976 0.478349735634496 0
1621 11.60858264220252 0.4734541345601134 0
1622 11.52304579713986 0.4809356577169417 0
1623 11.43299488355811 0.480153679673117 0
1624 11.34257689891063 0.4726444014819184 0
1625 11.25262439676579 0.4795414369348159 0
1626 11.16346665972774 0.481065798638835 0
1627 11.07254644423515 0.4807852945258323 0
1628 3.184591796277314 0.4802059620564741 0
1629 3.095295047988567 0.4792714840107973 0
1630 3.005025316435816 0.4809738591316506 0
1631 2.915573845473614 0.4808559424606055 0
1632 2.824383806195608 0.4797197764947153 0
1633 2.735335096691026 0.4800891526694951 0
1634 2.643595181104761 0.4785095531201252 0
1635 3.270031523541648 0.4796345933842408 0
1636 0.4275544471339823 0.4761138394380407 0
1637 3.784863683922047 0.4765578330086414 0
1638 3.689033089472736 0.4772679821751566 0
1639 3.871432189754571 0.4811969280003776 0
1640 3.963095111128739 0.4811867813054182 0
1641 4.054576620624008 0.4808124708624061 0
1642 4.141062651118647 0.4794594024303701 0
1643 3.602082007204491 0.4852127539936333 0
1644 10.5807333863353 0.4802699647375553 0
1645 10.49031026177031 0.4810140327104675 0
1646 10.67196341821942 0.4768696018903286 0
1647 10.39972194646021 0.4783933178697024 0
1648 10.3095604376576 0.4800606500726155 0
1649 10.21641973717584 0.4819439337278596 0
1650 10.12888237953982 0.4792689446832307 0
1651 10.03995942652696 0.4790825583275088 0
1652 9.947972599454824 0.479318916538239 0
1653 9.861152445891028 0.4843392759076838 0
1654 9.769906120529289 0.4829016777748439 0
1655 6.902904421793357 0.4805876019596093 0
1656 8.9051334810006 0.4802526867316296 0
1657 8.990929135398794 0.4804801307634988 0
1658 9.081205911705263 0.4811360885707581 0
1659 9.167879532514345 0.4818146924469998 0
1660 9.262364200010264 0.4786019092972957 0
1661 9.349691984592981 0.4846905814131361 0
1662 9.439044817181854 0.4807451117224653 0
1663 9.532715169140069 0.4778831016014904 0
1664 9.619542033435216 0.4811360885707581 0
1665 6.340280169818007 0.4847942147215324 0
1666 6.429864692276814 0.4807657325661401 0
1667 6.252665201997308 0.4792440827553617 0
1668 6.162087004038391 0.4805188987968035 0
1669 6.521103344829799 0.4798563172520052 0
1670 6.611322517871864 0.4790410156231092 0
1671 6.703045308102094 0.4807946933930959 0
1672 6.793173667547697 0.4811360885707588 0
1673 5.899340751995627 0.4827133960791795 0
1674 5.814339208310484 0.4791671131794862 0
1675 5.724142221791674 0.4789753152144705 0
1676 5.631273819757511 0.4768347158867799 0
1677 5.543177351065748 0.4792139680096247 0
1678 5.450891731060599 0.4788194766074282 0
1679 5.362747247574252 0.4785463906511287 0
1680 5.273771221430152 0.4771049576179403 0
1681 7.503913955711472 0.4797869863106999 0
1682 7.413061502400538 0.4811201674549356 0
1683 7.592625207328066 0.4798808099950025 0
1684 7.680419272966143 0.4791681532139982 0
1685 10.77883754029862 0.4806592792896989 0
1686 10.8707617683349 0.4845306147394204 0
1687 10.95950680271888 0.4803104614992293 0
1688 5.141532340067279 0.481546968300148 0
1689 2.344868421329325 -0.4853763251256667 0
1690 2.432535270458628 -0.4803141136218825 0
1691 2.524127509690956 -0.4803645131626741 0
1692 2.257004308695496 -0.4815554007423129 0
1693 2.614529233215662 -0.4805462592990755 0
1694 2.705387305680694 -0.4809896081116124 0
1695 2.796219390732191 -0.4781799358444856 0
1696 2.886314826743867 -0.4800451712900818 0
1697 2.979473653430916 -0.4819489829968376 0
1698 3.067222021895833 -0.4800206927295468 0
1699 3.1563307888465 -0.4807601461717512 0
1700 3.663312465184752 -0.4777367177286879 0
1701 3.757924414565097 -0.4813242286129622 0
1702 3.576156203206899 -0.4809395447091244 0
1703 3.487213700267196 -0.4795031301052788 0
1704 3.845805765579507 -0.4796902886923747 0
1705 3.934692494439705 -0.4803392215917149 0
1706 4.025199312861767 -0.4808962543070639 0
1707 4.983980328617069 -0.4736089248203605 0
1708 4.895910689775736 -0.4846434500455149 0
1709 4.805925970451906 -0.4802750777110383 0
1710 5.070536591067107 -0.4811229256261978 0
1711 4.712235889613904 -0.4796133440687524 0
1712 4.623575228105167 -0.4797210011614856 0
1713 4.532692051897745 -0.4809017764299564 0
1714 4.442422755436431 -0.481122925626197 0
1715 4.355604491891586 -0.4813389590466747 0
1716 5.224221207452177 -0.4799886476097154 0
1717 5.309755975882616 -0.4789582715693455 0
1718 5.403100999757005 -0.482690450517541 0
1719 5.491345296422899 -0.4806997013889316 0
1720 5.580938023268011 -0.480509415396784 0
1721 5.672391728563587 -0.4811007031772178 0
1722 5.762042665172043 -0.4784685154003645 0
1723 5.850963809297124 -0.4804446884542859 0
1724 7.938238124869997 -0.4796862914463061 0
1725 4.581602603287877 0.4847002116068258 0
1726 4.671269700638176 0.4810044191774415 0
1727 4.494156084733066 0.4797117313841129 0
1728 4.402233067874353 0.4781243375536353 0
1729 4.764771435361988 0.4782504668969028 0
1730 4.852095787865232 0.4806514221634342 0
1731 4.943580777043257 0.474523562830436 0
1732 0.2671254812438522 0.4793449583549726 0
1733 12.61781782819941 0.4796215415998168 0
1734 12.70593278959081 0.4814473829493325 0
1735 12.79974928065548 0.4780619934739327 0
1736 12.88719304953074 0.4806775049625002 0
1737 7.703352209627258 -0.4799273274375747 0
1738 7.609555763305543 -0.4833772178450748 0
1739 7.789508720654705 -0.4819102410981894 0
1740 7.521211854426153 -0.4797833931463669 0
1741 7.432415850307518 -0.4796100502672183 0
1742 7.341687866132499 -0.4725046684770321 0
1743 7.250947754514609 -0.4800665612320039 0
1744 7.16308749878378 -0.4799624349634913 0
1745 12.41974145758161 -0.4804230070366089 0
1746 12.50915883809835 -0.4811229256259401 0
1747 12.33049545713337 -0.480340833654702 0
1748 12.24104315936375 -0.4805355076670577 0
1749 12.15044118220876 -0.4812745138354433 0
1750 12.06095579028903 -0.4781209909262337 0
1751 11.97130763499471 -0.4782444766622049 0
1752 11.87971308147711 -0.4830202389455853 0
1753 11.78995328368122 -0.4799424014943663 0
1754 11.69769128487095 -0.4815877553050009 0
1755 11.60947781635167 -0.4808705522989851 0
1756 11.5219840088179 -0.4808651319969825 0
1757 11.43139414130505 -0.4845865206561767 0
1758 11.34271457619048 -0.4788334066630375 0
1759 11.25255515783292 -0.4792581063519595 0
1760 11.16254829333498 -0.4790794908684406 0
1761 11.07095646594031 -0.4772298028396049 0
1762 10.97989215946275 -0.4812706877842629 0
1763 10.89045166983941 -0.4807929330871734 0
1764 10.79770175663599 -0.4795659768652485 0
1765 9.661237722764017 -0.4803821470751544 0
1766 9.57443211194447 -0.482574848778126 0
1767 9.748798709497635 -0.4809775967712438 0
1768 9.835343788192164 -0.480453138088168 0
1769 3.264779118771537 -0.4799752699395302 0
1770 3.351487935695698 -0.4778153594865187 0
1771 1.424181090178386 -0.4811229256261328 0
1772 1.514129051563971 -0.480454633381571 0
1773 1.601533274802582 -0.4807915380711268 0
1774 1.335258662106241 -0.4786178283908514 0
1775 1.695337044323083 -0.4800195677904273 0
1776 1.783675226795066 -0.4788477055742532 0
1777 1.873986135225814 -0.4798584891398721 0
1778 1.96731245488221 -0.4839959542753696 0
1779 2.055598608930731 -0.4810956948058991 0
1780 2.147003349209086 -0.4782845416058005 0
1781 6.940868283169616 -0.4791876084180914 0
1782 6.855786350764989 -0.479478536576977 0
1783 6.767021477381394 -0.4784219701985773 0
1784 6.675366202376003 -0.479737356699653 0
1785 6.587843618402971 -0.4846952149634632 0
1786 6.498298409676423 -0.4809681298932132 0
1787 7.027580756840242 -0.4839852361301382 0
1788 6.404520211156541 -0.4798059797722192 0
1789 6.316142215727784 -0.4783214491073194 0
1790 6.222842612748864 -0.4789478170511679 0
1791 5.987608817178406 -0.4799028698662821 0
1792 10.06048390939589 -0.4796810691976458 0
1793 9.968098861378071 -0.477076527830973 0
1794 10.15039160957478 -0.4781259917202808 0
1795 10.24123481244406 -0.4781404918793933 0
1796 10.33035239463019 -0.4809389128073296 0
1797 10.42195332585313 -0.4799374427733951 0
1798 4.220888493757295 -0.4798969174775241 0
1799 0.5039080573813237 -0.4798465127712668 0
1800 0.593220618878042 -0.4811229256261491 0
1801 0.6841004480750789 -0.4791527671455454 0
1802 0.7740633315899141 -0.4796086906429758 0
1803 0.8641189458000259 -0.4790643645922519 0
1804 0.9578285725301843 -0.4816828848370973 0
1805 1.044732084028645 -0.4811229256261328 0
1806 1.135085714871586 -0.4806301842798147 0
1807 1.226313744360201 -0.479499649945314 0
1808 8.943447764314893 -0.4796593024024368 0
1809 9.035561518748453 -0.472429431822328 0
1810 8.856133085564366 -0.4805510347080492 0
1811 9.119348792206036 -0.4793559200880382 0
1812 9.2137847260257 -0.4811229256259393 0
1813 9.306306462989127 -0.4803452232532244 0
1814 9.395887881504905 -0.4816465467358997 0
1815 8.704512559274729 -0.4800076523172612 0
1816 8.616384261699375 -0.485744616114673 0
1817 8.528213806988255 -0.4804756397544943 0
1818 7.096561833090471 0.4747127547182368 0
1819 7.184962735853174 0.4836907515227591 0
1820 7.275689588775387 0.4806803239953223 0
1821 8.299566918908464 -0.478604202811052 0
1822 8.391938172795699 -0.4800871692595017 0
1823 8.210503520729056 -0.4789484661092059 0
1824 8.119398462223103 -0.4808058670840523 0
1825 10.57858700962362 -0.4805106587993261 0
1826 10.66869188979985 -0.4808918321137101 0
1827 2.418340480111265 0.4802175511529397 0
1828 2.508302039513986 0.4765957767326524 0
1829 12.6179024237775 -0.479472560228662 0
1830 12.70871084130685 -0.4793607069443915 0
1831 12.80019726510716 -0.485163634692781 0
1832 12.88904032439871 -0.4783179060202721 0
1833 4.272790274434648 0.4801515335091213 0
1834 6.054351151741005 0.4811360885706296 0
1835 5.054142559824904 0.4811360885706285 0
1836 6.091794771770121 -0.4809867035162072 0
1837 3.515261694595366 0.4805202015603909 0
1838 12.97957120048436 -0.4715578350430522 0
1839 12.97833998048531 0.4760055746033647 0
1840 9.484720061949242 -0.4784200115741711 0
1841 7.010995354380541 0.4801474343870705 0
1842 4.113238776861571 -0.4806658506936659 0
1843 8.027727026054224 -0.4813873189419993 0
1844 0.1715318586140467 -0.4800273163099839 0
1845 0.01916025266092256 -0.3360520292372384 0
1846 13.42144793167496 0.4230485753579472 0
1847 13.41509295537272 -0.4086419012422778 0
1848 0.04023598738651622 0.2459310971775366 0
1849 10.51459744964853 -0.4774000945580181 0
1850 2.351137367484885 0.4802230484078021 0
1851 0.0220318439738167 -0.1664931184780898 0
1852 0.3358157596552402 0.4811360503692306 0
1853 0.201439358559359 0.477423315539564 0
1854 0.1332744817050937 0.4789411646196959 0
1855 5.156255352008358 -0.4802380906734549 0
1856 3.336006422200216 0.4805389340876998 0
1857 8.768044187035892 -0.4795808665941628 0
1858 7.855687824314618 -0.4810974124538314 0
1859 9.683511067879415 0.4787046694587831 0
1860 7.343123793597495 0.4805672542265716 0
1861 2.577666112540666 0.4770971067498613 0
1862 0.4157578370419513 -0.4791553701733761 0
1863 6.15861862140911 -0.4811229256261978 0
1864 5.209546776062384 0.4801951549313549 0
1865 8.453947659066325 -0.4812635401007575 0
1866 5.989912398444553 0.4795234378048026 0
1867 10.7352050201096 -0.4815558484041854 0
1868 3.417509421374856 -0.481122925626133 0
1869 4.290735793510502 -0.4808161391987879 0
1870 7.74981792209065 0.4811360885707581 0
1871 9.903921500092792 -0.4795784394675529 0
1872 4.206394425324575 0.4791444984962135 0
1873 4.335517232770806 0.4799705473079592 0
1874 5.919479340649499 -0.4813386873382755 0
1875 7.093923815196383 -0.4807594810506266 0
1876 0.4905143778294737 0.4811360885705004 0
1877 13.72680975118912 -0.4079076885595737 0
1878 0.0982506141009126 -0.4803291558209668 0
1879 13.17495730890049 -0.4358234680890197 0
1880 13.16811056462144 0.4387531894670765 0
1881 13.72227650221643 0.4057884383155935 0
1882 14.11062618119487 0.3805348919227532 0
1883 0.01912772283818364 -0.09468655955870733 0
1884 0.02008865057888283 -0.4019248331908102 0
1885 14.40353005975125 -0.3681921195756557 0
1886 13.9646581105953 -0.3910410511403548 0
1887 0.03248389960749674 0.09988922551313459 0
1888 0.08799782629439168 0.4807619414737101 0
1889 14.77748441751477 0.3239890076320827 0
1890 2.192401441629639 -0.477138971568506 0
1891 14.4150688257403 0.3703187121963745 0
1892 1.143358935140876 0.4832100544010687 0
1893 9.438406586623772 -0.4747397832922254 0
1894 6.633314906982766 -0.4809402902730464 0
1895 8.391186743124251 0.4803148243119877 0
1896 10.35073643275768 0.4775203413498926 0
1897 2.845102637056408 -0.4776251247730285 0
1898 1.467645361057926 -0.4790622828461461 0
1899 5.717484806092994 -0.4789489533242167 0
1900 0.04950495291079385 0.3573924766232118 0
1901 11.92339344161149 -0.4767702597102397 0
1902 1.8631991986071 0.4806194689773982 0
1903 5.587052631022364 0.48431216643553 0
1904 4.536280843419837 0.4808029762038016 0
1905 11.92469401055416 0.4836996547572711 0
1906 9.304303461361192 0.4802780975780428 0
1907 6.569582813143704 0.478990125800319 0
1908 3.558016749549791 0.4811068812073793 0
1909 0.8204284037270467 -0.4804672453313759 0
1910 11.20604050098627 -0.4810889877041693 0
1911 6.898322115524967 -0.4790334670613796 0
1912 6.811425136261736 -0.4850555502257585 0
1913 3.220928110028332 -0.4771649778738017 0
1914 4.156833512746479 -0.4811229256261974 0
1915 4.071795556481314 -0.473263307932187 0
1916 5.268933050889304 -0.4801802463463681 0
1917 1.411967319816273 0.4791675530746026 0
1918 1.323135863407417 0.4811360885705004 0
1919 3.231297668359819 0.4785523801429925 0
1920 10.7347455574737 0.4789490441191179 0
1921 6.835135570826337 0.4808867844081655 0
1922 7.863474165328637 0.4780943916624162 0
1923 9.575977696068614 0.4811360885707581 0
1924 4.670830892313117 -0.4807811113213331 0
1925 8.65871766927696 -0.4805759133086684 0
1926 0.01846058741639977 -0.2934073043202293 0
1927 0.02128477163319444 -0.2047194931848304 0
1928 3.887165929865778 -0.4804354131162079 0
1929 2.302458704001567 -0.4799658409086837 0
1930 7.545561171408622 0.4807977560982382 0
1931 7.47956564383732 -0.4807896109372108 0
1932 9.700191347225743 -0.4782712805577166 0
1933 11.00470295210065 0.4794558673079106 0
1934 10.28845863747003 -0.480958713990884 0
1935 1.26709510835167 -0.480926154784264 0
1936 12.93695331890506 -0.4839426100991901 0
1937 12.93484815285562 0.4798699095222849 0
1938 11.20419173134446 0.48076317695504 0
1939 2.777183340322382 0.4807823991079428 0
1940 12.37572456337649 0.4800600175066386 0
1941 4.899469607613251 0.4795764531513604 0
1942 12.57547114874943 -0.4808001173249223 0
1943 12.37731181926356 -0.4796871583553741 0
1944 12.57483212822644 0.4811360885707581 0
1945 2.390022849396202 -0.4790277982200989 0
1946 0.05639144065960358 -0.480930042844484 0
1947 5.355443847998161 -0.4814192523265512 0
1948 9.994285819912577 0.4811360885707565 0
1949 1.830085576103343 -0.4800000491761003 0
1950 10.8435879200675 -0.4826920768215861 0
1951 3.918794088345275 0.4811360885704996 0
1952 8.164814442084545 -0.4810349188221822 0
1953 3.528719720541211 -0.4811229256261324 0
1954 8.98875736583522 -0.4793803808164906 0
1955 1.380940570381691 -0.4779776778539954 0
1956 0.7842320017241353 0.4828856303044523 0
1957 6.26993413390052 -0.4805838058868331 0
1958 0.6923027106575593 0.4809713370660132 0
1959 9.079334382524758 -0.4805001873147086 0
1960 3.619042947356728 -0.4809485483707778 0
1961 4.94059884009421 -0.4805961572804222 0
1962 8.075828789456931 -0.4794675294009481 0
1963 10.93858280195676 -0.4811482919874752 0
1964 0.5512833974592526 -0.4808138857579517 0
1965 3.828552321375344 0.4809437828788179 0
1966 6.297067665996802 0.480943393833654 0
1967 1.921378659193266 -0.4793388012945619 0
1968 2.480997918666463 -0.4790349999664037 0
1969 9.906392224654088 0.4800034225616865 0
1970 1.50098197993253 0.4797421879007804 0
1971 12.28392921395934 -0.4810194533178432 0
1972 12.84415443990006 -0.4809037974080461 0
1973 12.84426026924609 0.4809108685920195 0
1974 7.746253695748676 -0.4811229256260693 0
1975 5.31803106710075 0.473798951890524 0
1976 4.809250665384427 0.4809017819096839 0
1977 2.130914161128875 0.4808987059339341 0
1978 12.28392825219778 0.4850849088246899 0
1979 2.871105002349621 0.4774075172595509 0
1980 11.29908557975158 0.4801178518202504 0
1981 9.731168726980952 0.4815164993940646 0
1982 3.140278479282931 0.4803832552662243 0
1983 11.65508196792608 0.4811360885707581 0
1984 11.56715692183518 0.4805044991612382 0
1985 1.178767504418232 -0.4792097782324006 0
1986 10.19690641026824 -0.4840174963411035 0
1987 6.986434119576482 -0.4849141457301017 0
1988 10.62137780140276 -0.477753062568074 0
1989 7.386835098071366 -0.4779738916827909 0
1990 5.446474185561941 -0.4800373067397945 0
1991 10.91346799803059 0.4806723487180465 0
1992 3.109276208547966 -0.4788791663268901 0
1993 7.638683666417854 0.4811360885707588 0
1994 1.736700426575256 -0.48056497665517 0
1995 10.08455617907208 0.4721516303151108 0
1996 11.65417761198829 -0.4811229256259393 0
1997 11.56667115938241 -0.4842258427996745 0
1998 3.980964464081183 -0.4784254903731562 0
1999 4.577207625365599 -0.47809555203132 0
2000 4.006030128263292 0.4810941442097625 0
2001 6.052746470284177 -0.4810687887253576 0
2002 11.29674751928913 -0.4851679919440609 0
2003 8.255105629850069 -0.4721781559071519 0
2004 0.9117630730523388 -0.4839928288121437 0
2005 8.750375068704376 0.4810279133270623 0
2006 8.662897830785271 0.4811360885707581 0
2007 8.858035110789711 0.4795658872410236 0
2008 8.944990087738308 0.4809258486499262 0
2009 6.659275587599208 0.4793779241835302 0
2010 9.213910263288856 0.4837369324694294 0
2011 0.8726658624943691 0.4808119800879433 0
2012 12.01449680714421 0.4807440978962352 0
2013 6.360798523419701 -0.4742991952863035 0
2014 9.171143421689351 -0.4803360994645713 0
2015 0.4623927611585504 -0.484358443481726 0
2016 8.120963712803311 0.4800285395385586 0
2017 12.01533528717783 -0.4848886737774106 0
2018 4.447946868059853 0.4850886222638855 0
2019 5.677472891410781 0.4803510765687371 0
2020 1.768856686516958 0.4761911605687328 0
2021 2.574411946943203 -0.4785112887013619 0
2022 7.94349744199184 0.4726169767832989 0
2023 8.031648595253024 0.4787335846815479 0
2024 4.987481939876947 0.4783008080899288 0
2025 5.809303892109114 -0.4787648201155765 0
2026 0.3043298508189936 -0.4798099526037823 0
2027 2.749708714326053 -0.4767237479094868 0
2028 1.59483410534349 0.4791533772106453 0
2029 12.19035042312114 -0.4786118438378966 0
2030 10.44628132408117 0.4766754997584033 0
2031 8.300872009171242 0.4837665247867642 0
2032 10.62069265232584 0.4768694123021294 0
2033 3.309820044039743 -0.4800690713940764 0
2034 12.19425381299789 0.4744383726294437 0
2035 9.038057935596854 0.4789938794023567 0
2036 2.961695357676235 0.4733769448648796 0
2037 11.3872509606808 0.4784664757153427 0
2038 1.088446883863594 -0.4803893914188059 0
2039 10.1044999547344 -0.4724109649709242 0
2040 11.47745342446841 -0.4783969538708384 0
2041 7.29653116180569 -0.4784870400650847 0
2042 6.721698815084028 -0.4851232826568276 0
2043 9.349231136944987 -0.4788584694620709 0
2044 10.82602516186516 0.4766812230315631 0
2045 7.204215807885333 -0.4789256583078628 0
2046 4.489872566379626 -0.481026798103372 0
2047 11.38621196079856 -0.4792066899015781 0
2048 10.01716161533614 -0.4721080079095241 0
2049 0.9979995304433067 -0.481237811550728 0
2050 1.234687719650973 0.4784640416531104 0
2051 11.4795955733011 0.4788211848937279 0
2052 3.048549771843667 0.4715981172403604 0
2053 6.747449302814208 0.479991182131836 0
2054 9.128508458466669 0.4818703631538702 0
2055 6.097915489107865 0.4811360885706292 0
2056 12.10240723963753 0.4805052272262766 0
2057 6.539823936834808 -0.4797387595141785 0
2058 6.967938972541342 0.4787008692155821 0
2059 1.051084084375221 0.484576071988261 0
2060 12.10529509098853 -0.4830305754707109 0
2061 5.765859885203103 0.4787440218437511 0
2062 7.233553360795156 0.4788806681067849 0
2063 1.678083263239452 0.4729567744060754 0
2064 0.2135440346928379 -0.4793283727042267 0
2065 2.66252860294335 -0.4805217771117665 0
2066 7.140339690832 0.480617618611249 0
2067 5.861092215037016 0.4820973346292138 0
2068 10.53318083910985 0.4804905548480012 0
2069 2.461394097026824 0.4726426811477633 0
2070 8.215223962367139 0.4819145159070455 0
2071 2.220255087735731 0.4797660394377016 0
2072 2.311776653605172 0.4778015819008571 0
2073 8.484734465022083 0.479735265237304 0
2074 10.26259098791075 0.4847008098070899 0
2075 2.933271990572499 -0.4846935383328441 0
2076 1.560185176177094 -0.4797535262603169 0
2077 9.259232322394855 -0.4795886455538175 0
2078 5.625011326084664 -0.4826337712426731 0
2079 6.451278962103906 -0.4801951456584603 0
2080 0.9644525856595637 0.4789661201593801 0
2081 11.83247697728142 -0.479317494896935 0
2082 7.054559691747099 0.4807821296028227 0
2083 5.943755085612813 0.4848271200215852 0
2084 8.345409701182561 -0.4785334557675951 0
2085 6.204793934238269 0.48444036001927 0
2086 1.949526242149078 0.4813134391932686 0
2087 5.496768730778451 0.4803447448679632 0
2088 8.573172035698878 0.4797774503673403 0
2089 4.629447592656327 0.4799433540069012 0
2090 10.17665047440742 0.4818638702767873 0
2091 3.019298041202635 -0.4818478978757655 0
2092 1.648903883034792 -0.4799957987197669 0
2093 5.537708097807554 -0.4794924681687978 0
2094 12.66587047064244 0.480988686831658 0
2095 12.66593029546915 -0.4847089079379754 0
2096 11.74271957488787 -0.4809133384910105 0
2097 2.038498065320783 0.4784384313199345 0
2098 5.408177345299793 0.4857798971170475 0
2099 4.718298276274931 0.4799585940447537 0
2100 12.75345146403108 0.4799443408791445 0
2101 11.83405833105595 0.4802048100038099 0
2102 12.7560708567919 -0.4792124501081686 0
2103 9.397731532593397 0.4795897432965142 0
2104 4.397477628380881 -0.4814300269111854 0
2105 6.475312137429987 0.4846904381785128 0
2106 3.647663882498001 0.479293451290828 0
2107 0.7287871963632854 -0.4806329141016497 0
2108 2.100212493067442 -0.4814860526606413 0
2109 11.11558990539448 -0.4803180487512058 0
2110 11.74507734119468 0.4813597111850519 0
2111 9.48608482156175 0.4792813187541145 0
2112 6.387519750532427 0.4792832033728783 0
2113 3.737945161087397 0.4788594350174318 0
2114 0.6387905329269148 -0.4794950503140572 0
2115 4.760304447415305 -0.4845348382277849 0
2116 2.013176715026547 -0.4808255139108564 0
2117 11.02591340107816 -0.4785032343265327 0
2118 3.798081026229165 -0.4810089742911069 0
2119 5.097117789549601 0.4791048874627871 0
2120 4.847741414622323 -0.4788557877070853 0
2121 3.710433262830735 -0.4795942793292576 0
2122 7.567684920036472 -0.4851298848909449 0
2123 0.6007314322761445 0.4788214665981014 0
2124 7.457225854517159 0.4851395212323643 0
2125 7.657169570606194 -0.4808583025323366 0
2126 10.37933956501304 -0.4793806031988444 0
2127 10.46468618284774 -0.4796134112328757 0
2128 5.114131326952012 -0.4811229256261974 0
2129 5.026993581752015 -0.477199328336049 0
2130 11.11690275137031 0.4796066702474864 0
2131 2.688448776120841 0.4848917648830657 0
2132 8.570359876451207 -0.4792558800701623 0
2133 4.094141830655569 0.4795095440924393 0
2134 9.814572884365562 0.4807323206576566 0
2135 3.467028198040998 0.4792651301085717 0
2136 3.381445312910358 0.4781241009075154 0
2137 7.987678939626957 -0.4809434270036865 0
2138 7.899131605862451 -0.4808835639709803 0
2139 8.899320140149928 -0.4822459876498084 0
2140 8.814718086473139 -0.4846909168354452 0
2141 9.790920044408477 -0.4805639893643959 0
2142 9.616960479277358 -0.4803475817062273 0
2143 9.53202862610611 -0.484700001401686 0
2144 15.2226526201755 0.3068925430580364 0
2145 0.0218060069373965 -0.05188407683026405 0
2146 12.46683553624665 -0.480199447353552 0
2147 12.46562971834631 0.4809200016192334 0
2148 0.382145826532947 0.4784951581734541 0
2149 14.78361457685519 -0.3406805779738611 0
2150 15.7014529632172 0.2815553891036882 0
2151 15.19498528087602 -0.3274552540159888 0
2152 0.02044859200646258 -0.4458139529195171 0
2153 16.28796848891426 -0.2556415300934909 0
2154 0.01983892491935589 0.0352593894927349 0
2155 16.5779103766998 0.2839381339842349 0
2156 15.69228312625153 -0.2722311348110072 0
2157 16.76095602670868 -0.118633593512394 0
2158 0.04522136386491331 0.4776421506107478 0
2159 0.04784777638142573 0.4195423385511801 0
2160 0.1021060270890498 0.3931668946166511 0
2161 0.1021822921088586 0.3179205994094997 0
2162 0.1567736592831535 0.3595702289375322 0
2163 0.1674214793438282 0.2899049564061034 0
2164 0.2150391908262131 0.3370228849855477 0
2165 0.2263439921450593 0.2807422011161762 0
2166 0.2689827629638182 0.3145963021946601 0
2167 0.2743881341602541 0.261301252212837 0
2168 0.3182926229716858 0.2904147116449526 0
2169 0.3207332340549305 0.2375557156298649 0
2170 0.3652403603445505 0.2661789150646129 0
2171 0.3680177889567323 0.2144635535839911 0
2172 0.4114413646521896 0.2429958073596944 0
2173 0.2349576434532901 0.233086290577864 0
2174 0.4158781453445173 0.1931202565532934 0
2175 0.4592276855241937 0.2214898980097807 0
2176 0.4541861458908052 0.2711098098356975 0
2177 0.5020805798957206 0.2538063503916219 0
2178 0.5075056491679024 0.2035702332813205 0
2179 0.5485155298571611 0.2317433340215805 0
2180 0.5457667129476578 0.2820426298359013 0
2181 0.591084687609669 0.2576748749522998 0
2182 0.5922657208700415 0.208310278032044 0
2183 0.6357283006231003 0.2304416972561037 0
2184 0.6352545996275618 0.2830300305497805 0
2185 0.6824135075763378 0.2537351069293052 0
2186 0.6812590663455946 0.1963604160183413 0
2187 0.7280035595251126 0.2261290389518718 0
2188 0.7277849143079562 0.280528891477286 0
2189 0.7734183861901475 0.2514341509236859 0
2190 0.7723458918857431 0.1995779540906502 0
2191 0.8173402267925203 0.2218692122804493 0
2192 0.8204554969837159 0.2751059564873077 0
2193 0.865129737403898 0.2432661837445485 0
2194 0.8691513512339167 0.2988472946573479 0
2195 0.9137246137570687 0.2661066890942482 0
2196 0.9102050803951227 0.2081502460447174 0
2197 0.9584639736335598 0.2352946618093365 0
2198 0.9612599910579741 0.2882284550486799 0
2199 1.00486822622196 0.2581174712636901 0
2200 1.0009798377663 0.2068533853584893 0
2201 1.04648443160541 0.226072853126584 0
2202 1.053009834410945 0.2795898063011004 0
2203 1.095302332384053 0.2457719304071283 0
2204 1.103493079577297 0.3007202747025896 0
2205 1.145217831097793 0.2664941809917479 0
2206 1.136837353160066 0.213423523281713 0
2207 1.186015926809811 0.2318157954504202 0
2208 1.195459760803833 0.2858903715172785 0
2209 1.236376294867457 0.2498168572363907 0
2210 1.246532691230724 0.3045288223952378 0
2211 1.287498601833632 0.2684740160299109 0
2212 1.277341538731678 0.2159866118535679 0
2213 1.327334394751675 0.2335811074403192 0
2214 1.338797388686519 0.2854950471068716 0
2215 1.378439809357416 0.2485775456200258 0
2216 1.389942036324775 0.3024380622352428 0
2217 1.429863432696419 0.2657722721060025 0
2218 1.418421650585986 0.2070980833500529 0
2219 1.47105721180662 0.2318436667970403 0
2220 1.480930300047703 0.2844903624770238 0
2221 1.521209769827366 0.2493171753658273 0
2222 1.532063358802115 0.302243221285706 0
2223 1.572300264006053 0.2636529873787033 0
2224 1.58483946254084 0.3202537268169026 0
2225 1.625434368673087 0.2776691734712066 0
2226 1.611906922512357 0.2222081423593932 0
2227 1.664152679148176 0.2373190226299506 0
2228 1.679493616246206 0.2892136122707959 0
2229 1.716950379746945 0.2464534555516307 0
2230 1.731749180806314 0.295591724149696 0
2231 1.76961179202746 0.2581790645503855 0
2232 1.783973775359086 0.3067879695392291 0
2233 1.822041045913221 0.2694320687227764 0
2234 1.806711736405406 0.2214608231481032 0
2235 1.857302877972079 0.2322643504511504 0
2236 1.875049876251297 0.2814454401966519 0
2237 1.910208879004144 0.2419310753432075 0
2238 1.928712830313533 0.2907718950695394 0
2239 1.964983747554448 0.2496947907475247 0
2240 1.982013342790475 0.3033894811824586 0
2241 2.020062963521239 0.2624237889251573 0
2242 2.036250551340301 0.3150005505827818 0
2243 2.072723093591731 0.2722248568122015 0
2244 2.056391611225418 0.2216775704858597 0
2245 2.107005818295197 0.2307853889071396 0
2246 2.126074868995306 0.2802346060453099 0
2247 2.161576197591987 0.2306514929355354 0
2248 2.180773893948558 0.2870690051412093 0
2249 2.21873523563007 0.238546399163771 0
2250 2.23628116901208 0.2990824477674934 0
2251 2.272657745508481 0.2572031995107231 0
2252 2.291392470391603 0.3125992568895714 0
2253 2.324694168629442 0.2692137223564022 0
2254 2.307301785997326 0.2188818118420986 0
2255 2.357090437662695 0.2278728163127469 0
2256 2.377571401323245 0.2775286416119672 0
2257 2.40936144796769 0.2339036750983836 0
2258 2.429115305401529 0.2830835397494466 0
2259 2.463734241488215 0.2406871647771204 0
2260 2.482609131024168 0.2904797074743189 0
2261 2.516786774558612 0.2467325505123879 0
2262 2.536374484547519 0.2967643447145744 0
2263 2.572880537670954 0.2460964458382306 0
2264 2.592142070148033 0.304627697480204 0
2265 2.628190782287336 0.2622217751096891 0
2266 2.645914778521295 0.3145591760235074 0
2267 2.679973129049616 0.2714422497042464 0
2268 2.662404274112847 0.2232119572183853 0
2269 2.71184371943805 0.2290929093371077 0
2270 2.732271206937116 0.2772252339561011 0
2271 2.764509800028941 0.2319401225009272 0
2272 2.785515996898472 0.2813437851590662 0
2273 2.818042570527313 0.2369569317077078 0
2274 2.839866518818038 0.2847953918144436 0
2275 2.871764512732533 0.2432933567004233 0
2276 2.895012636344575 0.2909945568303145 0
2277 2.926202026182074 0.2480177652512702 0
2278 2.950297499231308 0.2973545743335347 0
2279 2.980582973273801 0.2532185646297007 0
2280 3.006856969619884 0.304944413372062 0
2281 3.036907523493942 0.2601134764010883 0
2282 3.062882532976046 0.3081734985735812 0
2283 3.091957578848052 0.263870821395348 0
2284 3.116941891124322 0.3076089675634037 0
2285 3.145630301105489 0.2678165358793299 0
2286 3.122667010727665 0.2241942145889893 0
2287 3.175632465360901 0.2295354445535044 0
2288 3.198943097143319 0.2727271147937226 0
2289 3.22828245028006 0.2321717093338716 0
2290 3.253664785632462 0.2804466867703059 0
2291 3.282012502484782 0.2355136025691419 0
2292 3.308252203977814 0.2819733763271062 0
2293 3.334774851022908 0.2361862538918111 0
2294 3.362321518432461 0.2837082149650695 0
2295 3.390185884044491 0.2416460274251764 0
2296 3.416995013621341 0.2857449671337902 0
2297 3.443769870938013 0.2446549155234417 0
2298 3.469070880175496 0.2885321797440957 0
2299 3.497204976391334 0.2479654331848117 0
2300 3.52233459802127 0.2927321115624456 0
2301 3.551250793638106 0.2515042855022086 0
2302 3.577450505179583 0.2960457669678081 0
2303 3.60541664708228 0.2525181062377444 0
2304 3.633668889451103 0.2995400095981916 0
2305 3.660162526685423 0.2534797743189269 0
2306 3.68792814634809 0.3010570464311387 0
2307 3.715742871310141 0.2561405664275832 0
2308 3.74023304989775 0.3043547709843168 0
2309 3.770730861290572 0.2610384832630221 0
2310 3.794874673994177 0.3144644982679197 0
2311 3.826234857073614 0.2650917088581805 0
2312 3.851983011514069 0.321775451376612 0
2313 3.882456900276669 0.2705907941888702 0
2314 3.855547634195391 0.2128250251106685 0
2315 3.913990742855392 0.2248687342806869 0
2316 3.937527123773807 0.2742861853356429 0
2317 3.966171108945925 0.228376094894618 0
2318 3.989641903802334 0.2730755174525625 0
2319 4.01798263002472 0.2286498299328683 0
2320 4.041780387143593 0.2726244718172945 0
2321 4.06944805835143 0.2296185176442415 0
2322 4.094603032410993 0.2743459961987672 0
2323 4.122745856450535 0.2333581204116972 0
2324 4.14765566826515 0.2775923458680366 0
2325 4.175537413161521 0.236328700679706 0
2326 4.201329820404898 0.2797683326379456 0
2327 4.228950281901934 0.2369930679654358 0
2328 4.255769997570333 0.2816270063277634 0
2329 4.283166354985143 0.2379153929722608 0
2330 4.310100851568397 0.2823703143524101 0
2331 4.336750194914199 0.2382348921434421 0
2332 4.362048745481133 0.2811984797279277 0
2333 4.39006492433723 0.2385253665782076 0
2334 4.415179736510508 0.283059616051117 0
2335 4.443921835823167 0.2394252118846139 0
2336 4.469250942812207 0.286709053678703 0
2337 4.498232666709425 0.2395071032176606 0
2338 4.523780780722343 0.2870308918179922 0
2339 4.551948447874488 0.2410830701761172 0
2340 4.577969883933704 0.2864987193223419 0
2341 4.604803984759988 0.241485394137209 0
2342 4.631510252279448 0.2841408094940439 0
2343 4.660813831415858 0.235041375846763 0
2344 4.684612707878407 0.2859771096350284 0
2345 4.716552351869346 0.2449750528699335 0
2346 4.738593722821861 0.2916090581889066 0
2347 4.769638318767951 0.2498360353937998 0
2348 4.794147148043008 0.2943190261636549 0
2349 4.824692301002199 0.2509930269705452 0
2350 4.850332772326522 0.2964389580862377 0
2351 4.878772625116909 0.2524061340700687 0
2352 4.905403559106182 0.2975806194714476 0
2353 4.933756000403482 0.2545702862033357 0
2354 4.960600143739507 0.2991346079079952 0
2355 4.989621051644726 0.2542549188994235 0
2356 5.015571103773961 0.3005598684879567 0
2357 5.044458699103572 0.2561576587441297 0
2358 5.071377521101043 0.3021575814621922 0
2359 5.100793633848289 0.2573436421245588 0
2360 5.127476767565824 0.3081802673644732 0
2361 5.155503090349397 0.2608836882559172 0
2362 5.18442363489588 0.3101787314351055 0
2363 5.210453311540666 0.2612746594539131 0
2364 5.238973056717182 0.3095046856345121 0
2365 5.268448453980774 0.2530975285914651 0
2366 5.295365743059554 0.3108998085552284 0
2367 5.325894508779235 0.2621591616433986 0
2368 5.351209834451177 0.3160670457019263 0
2369 5.379973729651106 0.2668024800128297 0
2370 5.35625374996027 0.2185671629710536 0
2371 5.406802163093187 0.2207906818981515 0
2372 5.433162596292886 0.2670054290972951 0
2373 5.458858062496597 0.2196091220264927 0
2374 5.485683320785353 0.265345229064994 0
2375 5.512119191095822 0.2193153010157539 0
2376 5.537714380618152 0.264236933952977 0
2377 5.564464308842585 0.2197400241113051 0
2378 5.590236971742558 0.2640230272034419 0
2379 5.61657356541968 0.2182423129810815 0
2380 5.641932660356087 0.2622923504362094 0
2381 5.668802526213939 0.2182355736648677 0
2382 5.692901314198515 0.2633445713470179 0
2383 5.719570517322303 0.2201279311298768 0
2384 5.743386159478611 0.2662880519019295 0
2385 5.76967374591559 0.2191752986510627 0
2386 5.796304360367648 0.26517448239275 0
2387 5.823289621312121 0.2104022191293993 0
2388 5.849512898998105 0.2594961268529724 0
2389 5.876332465499223 0.2156258648876055 0
2390 5.899443791780756 0.2576766652885144 0
2391 5.926477078102418 0.2160022982406055 0
2392 5.950461250759451 0.2604437723753134 0
2393 5.979506124387347 0.2092478681522785 0
2394 6.006467180732599 0.2635882624658024 0
2395 6.035615294029573 0.2166848365896118 0
2396 6.061641175505227 0.2617687239052185 0
2397 6.086213816773498 0.2165649216891692 0
2398 6.112074001957463 0.2575603789287456 0
2399 6.137853129455848 0.2153696339710711 0
2400 6.162690247650104 0.2578601357278149 0
2401 6.190067594871978 0.2157920551582214 0
2402 6.217155089757243 0.2651035913146075 0
2403 6.243025591386838 0.2186658421523149 0
2404 6.271755657652158 0.2663938296971198 0
2405 6.295401342000135 0.2187577027309609 0
2406 6.322119066253205 0.2632925618580278 0
2407 6.344395628738185 0.216527966376653 0
2408 6.370117376689608 0.2628355392907829 0
2409 6.395837590790787 0.2188345084682422 0
2410 6.419384028348757 0.2651314191009223 0
2411 6.446893456480456 0.2181092580124924 0
2412 6.473112615781729 0.260662246846163 0
2413 6.499964556368202 0.2169164519283634 0
2414 6.526053030617392 0.2598330039045111 0
2415 6.553052841136251 0.2160960579501766 0
2416 6.578102587795291 0.2585898079303249 0
2417 6.604962685139638 0.2164729478867938 0
2418 6.629685245716354 0.2574174798950888 0
2419 6.656487515738116 0.2155536494420353 0
2420 6.680627348733026 0.2570623818675253 0
2421 6.707809012072042 0.216406883485714 0
2422 6.731910981322772 0.2576609316294595 0
2423 6.75889068925774 0.218111303894551 0
2424 6.78365542141694 0.2583974401185076 0
2425 6.810243874742668 0.217497646292565 0
2426 6.835529712035891 0.257756384875521 0
2427 6.862383659943707 0.2152560135640054 0
2428 6.887408388410338 0.2567555204969769 0
2429 6.915104843414977 0.214382158760164 0
2430 6.939459994658739 0.2556390301272532 0
2431 6.967078156354072 0.2152314977220816 0
2432 6.991409391384625 0.2554240437794126 0
2433 7.019077435395419 0.2149733036345248 0
2434 7.046251050179771 0.2578790538079221 0
2435 7.068318322769379 0.2135444718015712 0
2436 7.0968230566722 0.2536068829625105 0
2437 7.11823968085991 0.214577875052858 0
2438 7.145002495069073 0.252113187838265 0
2439 7.168645084172544 0.2122305042295344 0
2440 7.196850360633592 0.2536132779060079 0
2441 7.221540030674301 0.20297813610785 0
2442 7.24827450774449 0.2525220238642788 0
2443 7.277999568635082 0.211990724645355 0
2444 7.30111432960075 0.2550582382143501 0
2445 7.327646639849737 0.2160367587712956 0
2446 7.351792588953856 0.2563431503852822 0
2447 7.375251652042153 0.2169230742728861 0
2448 7.401436374750487 0.2554657368484019 0
2449 7.421887573126679 0.214301269200959 0
2450 7.451908325175201 0.2519027901590331 0
2451 7.472534223805223 0.2025818191845089 0
2452 7.504117710741313 0.2511535856406426 0
2453 7.529568666156213 0.2103327131613696 0
2454 7.556850539167718 0.2521371481332045 0
2455 7.580892109428898 0.213125008212355 0
2456 7.608582446910917 0.25108416305277 0
2457 7.62951650559012 0.2018077299110102 0
2458 7.659660624867374 0.2515622314295405 0
2459 7.684612699704644 0.2056698954674525 0
2460 7.711639698985929 0.2480544515767349 0
2461 7.735346276596577 0.2084231757467612 0
2462 7.761999988912509 0.2488888783691412 0
2463 7.786625640772955 0.212446519175296 0
2464 7.812947525520757 0.2527416447925632 0
2465 7.837268406624609 0.2125744048238785 0
2466 7.865085002114278 0.2523276532904413 0
2467 7.887881526635113 0.2102532023185439 0
2468 7.917233560205708 0.2510472370926007 0
2469 7.940620641608459 0.1997706036701526 0
2470 7.969779954272078 0.2506950612250642 0
2471 7.995219962550808 0.2053228555816697 0
2472 8.020644108167431 0.2511961522104038 0
2473 8.044646817265599 0.2064965065224092 0
2474 8.070377562894084 0.2500106565542363 0
2475 8.094156804512973 0.2045033613021152 0
2476 8.120232999191753 0.2474781287520419 0
2477 8.145377650884766 0.1973924072725428 0
2478 8.171543007473179 0.2465626049720727 0
2479 8.196411029665699 0.2043226962545876 0
2480 8.222399486390952 0.2454073486195221 0
2481 8.247427538756101 0.2044351886988406 0
2482 8.272626836005639 0.2454279261664175 0
2483 8.298258862108035 0.2035949560881946 0
2484 8.323661905490878 0.2455276938729062 0
2485 8.349814190460151 0.2033991273255256 0
2486 8.375249183988567 0.2458959715346483 0
2487 8.400275586621008 0.2048942789117083 0
2488 8.426112480222105 0.2471879093064915 0
2489 8.449800246819425 0.2041194182316146 0
2490 8.476530741439172 0.2463351848517939 0
2491 8.501520028989603 0.1970749026933179 0
2492 8.528048098497749 0.246037140991083 0
2493 8.555649572587573 0.2033926931377385 0
2494 8.579042057481118 0.2464784513883911 0
2495 8.605246383729675 0.2044193004687239 0
2496 8.629897640852398 0.2453729001251854 0
2497 8.655397928029359 0.2035282096750723 0
2498 8.680119344905869 0.2448932011441047 0
2499 8.705258870055049 0.2037012216523795 0
2500 8.72968728811175 0.2469582108315558 0
2501 8.756173618697044 0.2052834933746459 0
2502 8.780770446999886 0.2475064745335022 0
2503 8.806522163489475 0.2061494256059333 0
2504 8.831575657459844 0.2476225990650334 0
2505 8.857485874718758 0.2048779959602185 0
2506 8.882440797001617 0.2473030475596859 0
2507 8.909005159947657 0.2049170599508014 0
2508 8.933309178910074 0.2471759583485927 0
2509 8.959541959568469 0.2064978573199072 0
2510 8.983945035616136 0.2476895650935231 0
2511 9.009367872297513 0.2062901439250702 0
2512 9.035001487929904 0.2470962462934003 0
2513 9.059993110397427 0.2038322390553348 0
2514 9.086193444833716 0.2445501962312913 0
2515 9.111158821980915 0.2025722184414124 0
2516 9.136330617598293 0.24258041191222 0
2517 9.161996142850466 0.2031539294159679 0
2518 9.186946315474341 0.2423839212957939 0
2519 9.213008583441987 0.2026475737200418 0
2520 9.237368201524507 0.2413946321066161 0
2521 9.263081686871583 0.2033186080635199 0
2522 9.287849277269061 0.241460237972556 0
2523 9.312495756776563 0.2021321859622727 0
2524 9.336825691422366 0.2462829560960985 0
2525 9.361480364119554 0.2036039298212063 0
2526 9.388098272451685 0.2456949749946778 0
2527 9.41341574812602 0.2035203642067004 0
2528 9.439216466108343 0.2453140010235081 0
2529 9.465011641032071 0.2040610755915487 0
2530 9.489860861446164 0.2449890737260319 0
2531 9.515529177092008 0.204226007460396 0
2532 9.540207593677751 0.2446371633761882 0
2533 9.565357170379968 0.2030685882783243 0
2534 9.590721062659085 0.2434425616375952 0
2535 9.615616070694458 0.1986089536834529 0
2536 9.642044017914472 0.2399076470910298 0
2537 9.671339827870222 0.1896234397424083 0
2538 9.692700882377201 0.2389845191805408 0
2539 9.721654667216846 0.1998498314937833 0
2540 9.741508414307882 0.2419175100402003 0
2541 9.76819973498003 0.2004445478879912 0
2542 9.791865435050589 0.2399062942673148 0
2543 9.817139183483597 0.1961193559787387 0
2544 9.841768795699837 0.2396349726401949 0
2545 9.865385873788371 0.1930838769908541 0
2546 9.892238860330394 0.2376234030171997 0
2547 9.916110514307906 0.184230073944833 0
2548 9.942874869960647 0.235334027488251 0
2549 9.969332079092315 0.1832732112147245 0
2550 9.992741321165477 0.2345767987856742 0
2551 10.02035797003428 0.1914614620407537 0
2552 10.04336243098323 0.2348999440701863 0
2553 10.06964365458214 0.1936500510948608 0
2554 10.09259070530203 0.2375952013758223 0
2555 10.11933029243185 0.1934537738534585 0
2556 10.14285826836909 0.2377261729699666 0
2557 10.16970702184761 0.193776671516471 0
2558 10.19347253817416 0.2376487290436155 0
2559 10.21927219429751 0.1949532883945629 0
2560 10.24300526576949 0.2372043758780979 0
2561 10.26778589532003 0.1942168010853587 0
2562 10.29251248621342 0.2358030515783478 0
2563 10.31789663594199 0.1928381969966793 0
2564 10.34212526997479 0.2355559643404723 0
2565 10.36881951742749 0.193153700370807 0
2566 10.39206600141647 0.2384795105960552 0
2567 10.41882675992822 0.1950082723927914 0
2568 10.44278134258324 0.2399025119125608 0
2569 10.4682432199079 0.1955424824955315 0
2570 10.4935743536785 0.2404535029067075 0
2571 10.51856017044242 0.1937299950027414 0
2572 10.5444358562959 0.2403639701114016 0
2573 10.56953518910462 0.19311665182831 0
2574 10.59524183986574 0.2401006796364661 0
2575 10.61996064918317 0.1947658135933236 0
2576 10.64574991213849 0.2390365444940288 0
2577 10.66927774706683 0.1940281654179485 0
2578 10.69554495564541 0.2365953598152002 0
2579 10.71869050960788 0.1913408192738286 0
2580 10.74615963856258 0.2354193044349585 0
2581 10.76830913239782 0.1905346129922111 0
2582 10.79612874981624 0.2339071194102757 0
2583 10.81858685252302 0.1911068324750659 0
2584 10.84443577470674 0.231466865179543 0
2585 10.86554671491151 0.1905346203416456 0
2586 10.89120283041167 0.2306391109218159 0
2587 10.91293994376665 0.189297918319213 0
2588 10.94009741700561 0.2350545109713491 0
2589 10.96333729179816 0.1895354868795946 0
2590 10.99071001316388 0.2339459012786408 0
2591 11.01489339195636 0.1886734124021706 0
2592 11.03955775457721 0.2317770561129671 0
2593 11.06575580422003 0.1884995962965891 0
2594 11.08934012701176 0.2312325939297417 0
2595 11.11497867703989 0.1898502247498161 0
2596 11.13806684749755 0.2326473567223169 0
2597 11.16285621955745 0.1894948363045471 0
2598 11.18847058631374 0.232400310859615 0
2599 11.16240917246969 0.2775590334855315 0
2600 11.21516810125705 0.277070443948309 0
2601 11.24140835394081 0.2288173619099243 0
2602 11.26939098319924 0.2728474439328559 0
2603 11.29450430109625 0.2188917412824456 0
2604 11.32427432718352 0.2735727981729763 0
2605 11.34960425639298 0.2242981381260749 0
2606 11.37754191738422 0.2711239798634283 0
2607 11.40095780313674 0.2241546468618686 0
2608 11.42948730571629 0.2687675685107949 0
2609 11.45267232900974 0.2243941493561846 0
2610 11.48066963878822 0.2643341130325247 0
2611 11.50504398167728 0.2252226943397993 0
2612 11.53213370233902 0.2624004453759159 0
2613 11.5578096565873 0.2214923398976409 0
2614 11.58413925355848 0.26070690321628 0
2615 11.60925592556492 0.2186477984618123 0
2616 11.63696570352283 0.2586794538364881 0
2617 11.66236605811634 0.2161694179664481 0
2618 11.68906851194719 0.2565847419601805 0
2619 11.71430849782712 0.2145530309839811 0
2620 11.74101717939278 0.2557241312393578 0
2621 11.76626580405715 0.2150539284816192 0
2622 11.79299076825987 0.2549901633759095 0
2623 11.81777603817772 0.212708468689866 0
2624 11.84541036958149 0.2529524779130863 0
2625 11.86976130000081 0.2084779819589656 0
2626 11.89681919172488 0.2500263080935026 0
2627 11.92198281854856 0.2056794527744894 0
2628 11.94756378396109 0.2482001216010364 0
2629 11.97346248574991 0.2051146941759401 0
2630 11.99857224984729 0.2479889736647611 0
2631 12.02382562793844 0.2041928309586908 0
2632 12.04904674973907 0.2469749315599897 0
2633 12.07340728099099 0.2029476298711835 0
2634 12.09924016984034 0.2448732021625227 0
2635 12.12259531882983 0.2008533887055469 0
2636 12.14911978103018 0.2418739540547417 0
2637 12.17245533503984 0.198052127511939 0
2638 12.19983132183273 0.2402559070249707 0
2639 12.2224566130948 0.1966608755094907 0
2640 12.25001252747334 0.2378024862786184 0
2641 12.2717653067636 0.194587259247683 0
2642 12.29949164649533 0.2341771550887105 0
2643 10.91308508905652 0.2847568331406435 0
2644 12.32220385152479 0.1913225500006172 0
2645 12.34934598032191 0.2328331034664756 0
2646 10.77511036764526 0.2802902109240658 0
2647 12.37516163031738 0.1825531043214789 0
2648 12.3994552819723 0.2301033697352908 0
2649 10.5704407410386 0.2877309877667142 0
2650 12.42757404212479 0.1877190715081584 0
2651 12.45117048161392 0.2318393062161091 0
2652 12.42360633432083 0.2779658473176185 0
2653 12.47645139176221 0.2781314241189558 0
2654 12.50326646905659 0.2298038398987924 0
2655 12.52920757726497 0.2765276487237061 0
2656 12.55578233034144 0.2255070675249349 0
2657 12.5822425286138 0.2732438288394219 0
2658 12.60704974750827 0.2223530184495798 0
2659 12.63586600654137 0.2664176658642484 0
2660 12.65841157277558 0.2181726037225411 0
2661 12.68723831109513 0.2559860380996644 0
2662 12.70954269816765 0.2114490393480488 0
2663 12.73704989743288 0.2489285022870672 0
2664 12.75876709976079 0.2031935504237836 0
2665 12.7881784952821 0.2448821628491462 0
2666 12.81096228627045 0.1915713014582404 0
2667 12.84085148280977 0.239649645660987 0
2668 12.86561475190362 0.1885149045302151 0
2669 12.89321938757543 0.2384207259463275 0
2670 12.91748320571352 0.1942367069114275 0
2671 12.94282403127203 0.2365251646353064 0
2672 12.96555273244873 0.1942998335739635 0
2673 12.27935472123081 0.2800453823055202 0
2674 10.41604097246336 0.2848377333812338 0
2675 10.2679755127036 0.2812027399448822 0
2676 10.11650401320416 0.2837097984898619 0
2677 9.868729913906671 0.2847470385856312 0
2678 9.714134059358267 0.2836837037844813 0
2679 12.12596562880465 0.2870456711876758 0
2680 9.515135144216202 0.2903377076584395 0
2681 12.92343481777014 0.2826032475981504 0
2682 10.67237927877332 0.2819149702328273 0
2683 9.4146313216138 0.2901128426206311 0
2684 9.061755052540782 0.2904938071215993 0
2685 9.210099339574933 0.2902207595939924 0
2686 9.969595051851114 0.2825766021726377 0
2687 8.957730183950686 0.2916467790424835 0
2688 11.0170648898067 0.2764831260069778 0
2689 9.615826785638262 0.285394441541411 0
2690 12.02394140940567 0.2923845957324051 0
2691 8.753658840448672 0.2912104711487022 0
2692 8.60968607867059 0.2908011156314411 0
2693 12.99256797018884 0.2348535514560566 0
2694 13.01385815798039 0.1915233279298231 0
2695 8.506134237578411 0.2925887206558858 0
2696 8.296721288801235 0.2930399082294398 0
2697 8.046391259434866 0.2961915095847745 0
2698 7.897046379395707 0.2979231269612827 0
2699 7.639763278158163 0.2955946730446534 0
2700 11.87284210616934 0.2941367360917065 0
2701 7.480723252535842 0.2952031507955061 0
2702 8.201282492004097 0.2889978648285298 0
2703 7.166845595357317 0.292880378930185 0
2704 12.76227364343898 0.2898323681401467 0
2705 8.855220954565732 0.2917103672129984 0
2706 9.30764686081613 0.2959538378240314 0
2707 7.080118030000621 0.2976935544328199 0
2708 5.228619898081059 0.2150759305277685 0
2709 3.745516435995101 0.2105384637572768 0
2710 11.71743331100564 0.2995027561671096 0
2711 6.809044190148843 0.3000153575301669 0
2712 13.04270545363583 0.2326343986248025 0
2713 13.06464510720504 0.1854074019702228 0
2714 5.127790796851753 0.209409619714855 0
2715 13.09558829685259 0.2300768227290219 0
2716 13.11806151196845 0.1800683236139048 0
2717 13.15273978752989 0.226130500003251 0
2718 13.1749752458364 0.1760009084517412 0
2719 13.14145906860711 0.1307221620946046 0
2720 13.19805396161611 0.1270640445321232 0
2721 13.16611611565452 0.08251933966508683 0
2722 13.22209033757575 0.07824037611529477 0
2723 13.18952304922662 0.03337519376772385 0
2724 13.24630474039671 0.02827652942409034 0
2725 13.27917663618012 0.07435530588641795 0
2726 13.30451408151848 0.02362823532990359 0
2727 13.34072223153392 0.06954211100191017 0
2728 13.36598979483547 0.01383586527730727 0
2729 13.21233544936722 -0.01713514853451909 0
2730 13.40582632433984 0.06491387508446088 0
2731 13.43233203427361 -0.003762785905570321 0
2732 13.47875446789617 0.05892691095381753 0
2733 13.50880372360988 -0.01644692947796017 0
2734 13.55597427552671 0.05274579165619462 0
2735 13.59206955735947 -0.02672886072407152 0
2736 13.64330825157045 0.04440458949665521 0
2737 13.37741880721135 -0.05974765375793497 0
2738 13.68258245080553 -0.03821412707109059 0
2739 13.73499045569233 0.03919514688097629 0
2740 7.782629669627645 0.3021103287791429 0
2741 3.014451599596257 0.2136400361368712 0
2742 5.016820461277201 0.2080980677495264 0
2743 13.21005944042312 0.2209602345714433 0
2744 6.500156001489924 0.3046033513335589 0
2745 6.653404988797193 0.2986390095856394 0
2746 13.37604992473139 0.1190743588817979 0
2747 3.631216223501239 0.2031432583740339 0
2748 6.186904278157067 0.3143800693227768 0
2749 2.543168442325098 0.203990879876184 0
2750 4.907663058931414 0.2113314796733801 0
2751 6.347817501335874 0.301735172433211 0
2752 12.66942957753707 0.3123688167643007 0
2753 1.945048244656917 0.1954419802182691 0
2754 8.395106119752631 0.2992896467518451 0
2755 5.91808076210167 0.3006323675394726 0
2756 2.194999494418028 0.2007475110654868 0
2757 4.745366701656047 0.2050710094510166 0
2758 7.378427840854531 0.2973163140113408 0
2759 5.82641607730203 0.3141570796885079 0
2760 13.53649291885438 -0.09580384933501096 0
2761 13.01625545426905 0.2788598219629044 0
2762 2.901556870977826 0.2025887919081631 0
2763 3.526347091116222 0.2083687523953318 0
2764 5.667260447238516 0.3017898589191772 0
2765 6.911026905207704 0.3003760035535973 0
2766 11.556478680502 0.302059279834278 0
2767 5.564787984772922 0.3115690806662189 0
2768 4.579234573554119 0.1979089135575203 0
2769 1.702357272266442 0.1940270525221843 0
2770 7.274093906217622 0.2961982763059584 0
2771 3.419223324848468 0.2033647519632914 0
2772 1.510725772027159 0.2004657795787317 0
2773 4.472915715909188 0.1901107038879422 0
2774 6.038293111966611 0.3138890621672707 0
2775 2.442564895495548 0.1875452941060642 0
2776 0.3214418783976996 0.1815635177908647 0
2777 13.52616538032013 0.1340103253946045 0
2778 4.364094316101195 0.1920148460712855 0
2779 2.795815256371049 0.1840096444499001 0
2780 1.316599501789195 0.1844600915902529 0
2781 1.270831199968943 0.1673820727718328 0
2782 4.256400827288428 0.1908821246605813 0
2783 3.311028368350447 0.1896812801148705 0
2784 2.089006186395412 0.1850429149681045 0
2785 1.037974896842402 0.1777735814175072 0
2786 4.1510455738846 0.1948234865441554 0
2787 1.840936214923739 0.1853344614196955 0
2788 0.364092519341801 0.3187219063966185 0
2789 11.25626608953753 0.1824980154236506 0
2790 11.45863217634827 0.3186555448413274 0
2791 0.8130081311207814 0.1713455432573199 0
2792 4.047329988369664 0.1821623165137093 0
2793 2.337585843911473 0.1809978737511945 0
2794 4.066809756830371 0.3161617234358279 0
2795 3.205766701667651 0.1909511075325154 0
2796 3.944651443921869 0.1843447968992359 0
2797 11.29714701398676 0.3250989013446973 0
2798 2.691947843754878 0.1843018068674326 0
2799 11.37395398746585 0.1801286008149889 0
2800 12.53031771097357 0.1795051647184849 0
2801 5.460113021408884 0.3117904851388054 0
2802 12.44922561269544 0.3263268538917599 0
2803 2.40049788413544 0.3286931109096934 0
2804 13.77658671279878 -0.04474164679269551 0
2805 13.8340908424488 0.03661790570802068 0
2806 5.38228083044122 0.1766682844727183 0
2807 11.47785730303755 0.1875130337025284 0
2808 5.589051241545196 0.1763018753921832 0
2809 11.57956348033562 0.1772424337753932 0
2810 3.963444054514786 0.3241083110256907 0
2811 3.281247635025919 0.3271135703770209 0
2812 2.752569360728923 0.3271850868991117 0
2813 5.74501012886433 0.1775236456722622 0
2814 5.901654555323486 0.1748748512378218 0
2815 5.4850970939926 0.1691064782687876 0
2816 12.63166040208095 0.1822251495533118 0
2817 0.9962962206673659 0.1592332410562402 0
2818 0.8231130525299122 0.329825045050238 0
2819 6.062686636226567 0.1755229736879094 0
2820 6.268903729675693 0.1767497251670034 0
2821 6.422701279471493 0.1789471969117893 0
2822 6.164876888656227 0.1693021280101243 0
2823 6.58135555571238 0.1755835052112718 0
2824 12.55527090716269 0.3261545670510166 0
2825 6.785535746595656 0.1790169046995944 0
2826 11.68990630856706 0.1709552404776037 0
2827 6.943709337223225 0.1751134695231219 0
2828 6.684748438030862 0.1703650165973256 0
2829 7.137867517404706 0.1724972262297585 0
2830 7.307310645941773 0.1764253880556947 0
2831 11.7911953587206 0.1748294757179609 0
2832 7.047699755639467 0.1719037741843596 0
2833 4.173133450697375 0.3273559328365763 0
2834 12.72710832231659 0.1608419398589639 0
2835 7.506728342533321 0.1628063697659036 0
2836 7.660038692773803 0.1617758440323719 0
2837 7.396335765263583 0.1799112110444828 0
2838 7.859493171838869 0.1700579993317803 0
2839 1.491058134498649 0.3384924547399871 0
2840 1.056631739631659 0.3351548606666381 0
2841 8.021097942604205 0.1644548915177343 0
2842 0.7714831378354037 0.1515459935335758 0
2843 7.760792634922301 0.1747457466951952 0
2844 8.223572057042311 0.16458599463068 0
2845 11.94927550908305 0.1631233143218094 0
2846 8.110846378724656 0.1614265810059226 0
2847 8.423636537389871 0.1651725739095749 0
2848 4.436072221285233 0.3385189447250697 0
2849 8.582408544353644 0.1642222495988419 0
2850 11.18743116334251 0.3256062312558125 0
2851 8.324398723706411 0.1568911903834513 0
2852 8.782009646838276 0.1670749092831608 0
2853 12.83653359497458 0.1587759123306962 0
2854 8.984822410163702 0.1673280021460695 0
2855 8.682059247419518 0.1587638971933515 0
2856 9.187314699484173 0.1647173093945557 0
2857 12.04891007617028 0.1606272847203994 0
2858 8.884451051341044 0.1580610844896717 0
2859 3.393523729641366 0.3307327212575011 0
2860 2.863229687796043 0.3336535475504757 0
2861 9.331760119191546 0.1605329527835826 0
2862 9.08522579396929 0.15729588416427 0
2863 4.285657374744469 0.3312041048220644 0
2864 9.541094925526444 0.166822282011572 0
2865 12.14473906213055 0.1575364391141841 0
2866 9.747068475857029 0.1645849084579276 0
2867 13.15603815985529 -0.009894109557844736 0
2868 13.17680437032888 -0.05933260492824204 0
2869 13.11766843080171 -0.05477480501319602 0
2870 13.14452727753192 -0.1005955592103346 0
2871 13.09486564141531 -0.1015512693756531 0
2872 13.1164220787169 -0.1431152046970437 0
2873 13.06770557146458 -0.1404952075933255 0
2874 13.16583970884805 -0.145153630585651 0
2875 13.08813259768679 -0.1826428806774079 0
2876 13.03828011732132 -0.1794078446149623 0
2877 13.05776377985259 -0.2242800532978591 0
2878 13.00749969554282 -0.2207428926920496 0
2879 13.02907558893824 -0.2692339190003422 0
2880 12.97610400407597 -0.2643269357843674 0
2881 12.95549745101498 -0.2137989336130313 0
2882 12.92385176101563 -0.2561886505527331 0
2883 12.9030197047662 -0.2072385456493011 0
2884 12.87269363744898 -0.2490358436893095 0
2885 12.85213962673101 -0.202705243708138 0
2886 12.82247014918912 -0.2428314602357109 0
2887 12.80402344860038 -0.1960297260575629 0
2888 12.77265099351404 -0.2356050464725739 0
2889 12.79126415425693 -0.28449033173136 0
2890 12.73917331913625 -0.2779625695104648 0
2891 12.72208017079263 -0.2270300993690755 0
2892 12.68707413123782 -0.2691794999041676 0
2893 12.67055185996183 -0.2189073699519501 0
2894 12.63608156942733 -0.2599930270184292 0
2895 12.61823756569616 -0.2108105908845282 0
2896 12.58494894336293 -0.2522678651361797 0
2897 12.56574641270859 -0.2044273585061653 0
2898 12.53372680044615 -0.2460350215830642 0
2899 12.51467154760514 -0.1991909773280875 0
2900 12.48284260659854 -0.2392411691909001 0
2901 12.46559455498015 -0.1918111190067177 0
2902 12.432171016631 -0.2305592050927396 0
2903 12.44952272187946 -0.2801688370887409 0
2904 12.3974316138135 -0.2708497947870404 0
2905 12.38099684206753 -0.219521039050223 0
2906 12.34603627371688 -0.2598565831064096 0
2907 12.32948810245004 -0.2094222034107179 0
2908 12.29621824736749 -0.2494747963461013 0
2909 12.27968250462654 -0.2013063049607628 0
2910 12.24752929755918 -0.240499482621923 0
2911 12.23201325791327 -0.1919462758178149 0
2912 12.19895535925452 -0.230687473645965 0
2913 12.2149096574039 -0.281138016805209 0
2914 12.16463276518302 -0.270442633634483 0
2915 12.14958307637417 -0.2183574439413496 0
2916 12.11376792600184 -0.256128231486104 0
2917 12.1012311340235 -0.2046275683626976 0
2918 12.06262450241155 -0.240341011107814 0
2919 12.04821339535234 -0.18471948619266 0
2920 12.01059336077876 -0.2296923394407234 0
2921 12.02628159679489 -0.282388000246332 0
2922 11.97429690401835 -0.2706258281132328 0
2923 11.95937816592361 -0.2193803865827627 0
2924 11.92381138954352 -0.2574444362920151 0
2925 11.91065246261939 -0.2065823576709616 0
2926 11.87471195729511 -0.2426935371081362 0
2927 11.88664976023833 -0.2949898772032299 0
2928 11.83673350252576 -0.2792612631849473 0
2929 11.82612226235674 -0.2278761037574699 0
2930 11.7873780150732 -0.262583128861145 0
2931 11.77794194440593 -0.2115533521527825 0
2932 11.73711117391448 -0.2450597263298962 0
2933 11.72623141646155 -0.1888877153530197 0
2934 11.68661564743109 -0.2294393539216505 0
2935 11.69838498738831 -0.2819665159431829 0
2936 11.64914983341202 -0.2660584720150517 0
2937 11.63726186669133 -0.2150747721205634 0
2938 11.60009460568348 -0.2494606347435605 0
2939 11.59041812912805 -0.1993942059679147 0
2940 11.5510257895969 -0.2307459291118116 0
2941 11.5611556452904 -0.2837313934948273 0
2942 11.5086179032369 -0.2631453639296881 0
2943 11.50028643722265 -0.2049397168414303 0
2944 11.45844321412872 -0.2437837758280282 0
2945 12.31117654614038 -0.2973201319966715 0
2946 11.46955699679586 -0.3001445065182144 0
2947 11.41828458728576 -0.2798110282085428 0
2948 11.40932122228007 -0.2259263373115846 0
2949 11.3682597110809 -0.2591691699901392 0
2950 11.36124777874656 -0.2059081941934123 0
2951 11.31901127877003 -0.2369142189015486 0
2952 11.32555460500853 -0.2921026182787353 0
2953 11.27654005022214 -0.269295915325188 0
2954 11.27065583560599 -0.2157777372258715 0
2955 11.22857887312007 -0.246712402685497 0
2956 11.22516749305253 -0.1957799072238344 0
2957 11.18195325067162 -0.2223930238779041 0
2958 11.18292256565793 -0.2754694175817832 0
2959 11.13744051871103 -0.2488893146070014 0
2960 11.13677100786233 -0.1928329778537425 0
2961 11.09250673907913 -0.2232151141100631 0
2962 11.09367029236865 -0.2767966469301834 0
2963 11.04854455064153 -0.2527013494683681 0
2964 11.04700714376183 -0.1965482203234299 0
2965 11.00200135834072 -0.228000075400205 0
2966 11.00504389292777 -0.282421063649326 0
2967 10.95896221137552 -0.2560940474603231 0
2968 10.95791625148813 -0.2045559000005832 0
2969 10.91569962285345 -0.2294222078201763 0
2970 10.91320240981352 -0.2819813798319762 0
2971 10.86914519640793 -0.2524159974314644 0
2972 10.86553142403568 -0.3056564823945948 0
2973 10.81999567190129 -0.2758992219967191 0
2974 10.82433173794487 -0.218107801899469 0
2975 10.77407542044097 -0.2485741331512017 0
2976 10.77002785168351 -0.3014459011507309 0
2977 10.7259361133774 -0.2735510286986146 0
2978 10.72951318810056 -0.2238841063751338 0
2979 10.68301545652111 -0.2448216967928402 0
2980 10.67728102391772 -0.2960873690044288 0
2981 10.63387749932074 -0.2625100008661183 0
2982 10.64334410552677 -0.2146532709680496 0
2983 10.58983302992576 -0.2221499173867673 0
2984 10.5826909712427 -0.2804085312252448 0
2985 10.53848971768796 -0.2464598706520216 0
2986 10.53240147658017 -0.3019201010889791 0
2987 10.48984338756627 -0.2671789387553495 0
2988 10.49682691300719 -0.2151239203681091 0
2989 10.44972177888468 -0.2328513108434094 0
2990 10.44039984074962 -0.2876667465161233 0
2991 10.39965705758026 -0.2512945173376598 0
2992 10.38947213946038 -0.3070376008595864 0
2993 10.34862449361356 -0.270256522673499 0
2994 10.35893870547381 -0.2169325564898248 0
2995 10.30889256724357 -0.2343962276250453 0
2996 10.29713326142712 -0.2871116706880344 0
2997 10.25770276953504 -0.248975049500313 0
2998 10.24527324845794 -0.3038970441054544 0
2999 10.20574505220194 -0.263328895296753 0
3000 10.21800728464766 -0.2068343039694142 0
3001 10.16519125310444 -0.2291156178707162 0
3002 10.15326889689635 -0.2794236223986279 0
3003 10.11458256884158 -0.2442652625501363 0
3004 10.10119585808821 -0.292205851676441 0
3005 10.06265739025091 -0.257400485175596 0
3006 10.04710170529132 -0.3087527411082134 0
3007 10.01040976181595 -0.2715136877988057 0
3008 10.02600635999793 -0.2252259340293852 0
3009 9.974980913902245 -0.2382899372891676 0
3010 9.958493198767382 -0.2847624557409822 0
3011 9.922675240625694 -0.2467907430584085 0
3012 9.906148751176778 -0.295575800962284 0
3013 9.869336865774017 -0.2563661162976495 0
3014 9.853231148546273 -0.30595237074547 0
3015 9.815863540976004 -0.2694650144485733 0
3016 9.831921874764078 -0.218217870409933 0
3017 9.780324056850066 -0.2295114943598185 0
3018 9.762583220926457 -0.2818247968668838 0
3019 9.727757039944539 -0.237758825100349 0
3020 9.709236289021842 -0.2891819567278586 0
3021 9.67153586978343 -0.2398683986107815 0
3022 9.654518549425998 -0.3001254658609853 0
3023 9.616555914073775 -0.2587216730769376 0
3024 9.601475372367451 -0.311771172921777 0
3025 9.564868127323518 -0.2707225902349501 0
3026 9.580094261603566 -0.221239735410157 0
3027 9.530639152076301 -0.2307451120583324 0
3028 9.512407029493433 -0.2800583706089164 0
3029 9.47840587636899 -0.2382932634559016 0
3030 9.459015508473074 -0.2889751082451807 0
3031 9.424310569747982 -0.2471043670844079 0
3032 9.405538559744175 -0.2983441442263303 0
3033 9.370388187174042 -0.2563881627195972 0
3034 9.352137352536129 -0.307056315718931 0
3035 9.317593090124253 -0.2638262172501871 0
3036 9.335344817250681 -0.2164271598722423 0
3037 9.282348062226031 -0.2244450426806764 0
3038 9.265105858081377 -0.2709870486826796 0
3039 9.230451683834733 -0.2328954295504931 0
3040 9.211811843132153 -0.2769693171187717 0
3041 9.178545309261079 -0.2413216529788429 0
3042 9.158905441406393 -0.2857654289270201 0
3043 9.126171526514973 -0.2484757775539748 0
3044 9.105518433523834 -0.2932045457087307 0
3045 9.07309281000534 -0.254079448131275 0
3046 9.051615952955572 -0.2996979267346724 0
3047 9.019545817440175 -0.259070728471413 0
3048 8.998013155596936 -0.3046703044358373 0
3049 8.964322717542467 -0.2629167273202734 0
3050 8.94180835061783 -0.3207314144751692 0
3051 8.910338375684649 -0.2688614205137419 0
3052 8.934881605542445 -0.2153894464238882 0
3053 8.87794306361436 -0.2253707132093866 0
3054 8.856053766307721 -0.2757836682153281 0
3055 8.824674703429874 -0.233205020381397 0
3056 8.802907162928706 -0.2836122907813584 0
3057 8.771276970170755 -0.2387168665584579 0
3058 8.74784588001987 -0.2864687592510076 0
3059 8.717713237010345 -0.2437691331605611 0
3060 8.693684743862008 -0.2899911843890828 0
3061 8.663810349131619 -0.2467910716916994 0
3062 8.639320615432645 -0.2941038529687689 0
3063 8.608988336641641 -0.2512294264361051 0
3064 8.584966482969271 -0.2984215313153575 0
3065 8.554259585632478 -0.2568119717242066 0
3066 8.530088487726655 -0.3027926327979516 0
3067 8.498288507626494 -0.2599146381532713 0
3068 8.474672466424263 -0.3077661472233075 0
3069 8.443304512964485 -0.2638146272760633 0
3070 8.417224983215087 -0.313698342596207 0
3071 8.387345296955134 -0.2701331058367558 0
3072 8.411923455847887 -0.220777238300267 0
3073 8.358270604028988 -0.2263589596976628 0
3074 8.332851054875224 -0.2766664472745026 0
3075 8.304808132191075 -0.2289187357393676 0
3076 8.278278899514369 -0.2799816881004659 0
3077 8.250862046828725 -0.2320440498522392 0
3078 8.224350513621857 -0.2821796943624818 0
3079 8.196662761090041 -0.2368364079815165 0
3080 8.170766599400068 -0.283510655840902 0
3081 8.143486846154005 -0.2385450642527318 0
3082 8.11878318281406 -0.2839946133442074 0
3083 8.09016708837637 -0.2421399207643929 0
3084 8.065699673512787 -0.2869043164439449 0
3085 8.036075551122703 -0.2451424639222468 0
3086 8.012535302202522 -0.2900086818996639 0
3087 7.981935284966301 -0.2472173187720698 0
3088 7.957615042054667 -0.2930357865846381 0
3089 7.926827931748865 -0.2509435928304194 0
3090 7.902908961635688 -0.2969875544033947 0
3091 7.871867451999904 -0.2551787996894409 0
3092 7.848212280266125 -0.3006897421269574 0
3093 7.81689773537707 -0.2567600656851042 0
3094 7.794458327506717 -0.3066453205719399 0
3095 7.762631125913803 -0.261743953196181 0
3096 7.738546563399391 -0.3120764521751365 0
3097 7.707148959179316 -0.2656754646185687 0
3098 7.730237342601704 -0.2198505150245658 0
3099 7.676302125444607 -0.223829385037164 0
3100 7.653164546974294 -0.2682880619266539 0
3101 7.624498450298043 -0.2274825713354466 0
3102 7.600998026129675 -0.2693482259967563 0
3103 7.574609356806993 -0.2286658249141946 0
3104 7.549278803634131 -0.2689891922148248 0
3105 7.523175738591718 -0.2284513366644102 0
3106 7.496667426853136 -0.27424922547748 0
3107 7.469901356957285 -0.2287002411518861 0
3108 7.443475894139535 -0.2763149036841875 0
3109 7.416034067749474 -0.2276905234767584 0
3110 7.390842740861918 -0.2772411031925857 0
3111 7.36254746121971 -0.2304408775956255 0
3112 7.337699029209042 -0.2796566502340952 0
3113 7.310237325518957 -0.2306628568921808 0
3114 7.283766127612876 -0.2796682361314619 0
3115 7.257896051219864 -0.22830008908865 0
3116 7.230613374738661 -0.2782498693041029 0
3117 7.205332221106138 -0.2308499006670217 0
3118 7.177816569329702 -0.2793893047897143 0
3119 7.152638910849931 -0.2317620967511172 0
3120 7.125207960674505 -0.279953807001508 0
3121 7.099691072775678 -0.2328121021575074 0
3122 7.072640658446611 -0.2798952731114785 0
3123 7.047833424560032 -0.2319844997834738 0
3124 7.020029462595348 -0.2797324696689096 0
3125 6.992348538647487 -0.2253208329073884 0
3126 6.965143535555304 -0.2795968433587452 0
3127 6.93672400578646 -0.2342209606394584 0
3128 6.911443710304349 -0.2820469774416004 0
3129 6.885811227136893 -0.2371107211341295 0
3130 6.857866537637634 -0.282258658545292 0
3131 6.830153575091754 -0.230250483410509 0
3132 6.803612874862495 -0.2831055433035444 0
3133 6.776444613491842 -0.238314004289738 0
3134 6.749334206114717 -0.2856160930987098 0
3135 6.72091910287772 -0.2410148947901087 0
3136 6.695697628681792 -0.2882786805321215 0
3137 6.668203055549734 -0.2439139059053288 0
3138 6.64231698368743 -0.2913283148849502 0
3139 6.613691778986431 -0.2480162988584098 0
3140 6.587938139536954 -0.2929367026667548 0
3141 6.558749430698566 -0.2510737545715654 0
3142 6.530194282909159 -0.2958647602003437 0
3143 6.504330560326501 -0.2505627697767461 0
3144 6.475851598868099 -0.2935393238022255 0
3145 6.450986916165843 -0.2500181139066601 0
3146 6.424202678181732 -0.2941692828234489 0
3147 6.396849783127633 -0.2514922411125885 0
3148 6.368686577533222 -0.2978275624615819 0
3149 6.338019405260961 -0.2471682748932592 0
3150 6.311505710502333 -0.2992057001454769 0
3151 6.279356966882677 -0.2554071078482419 0
3152 6.254085473268628 -0.3001260862372512 0
3153 6.225224497521916 -0.2580446868122089 0
3154 6.199775330625543 -0.3010634287465174 0
3155 6.171526321508536 -0.259622494084274 0
3156 6.146137555793163 -0.3025799983773266 0
3157 6.117483175816259 -0.261722402499253 0
3158 6.09236724469491 -0.3048100771924427 0
3159 6.062933744189199 -0.263704184638929 0
3160 6.037293604634065 -0.3075969314345533 0
3161 6.007644217284222 -0.2647794678976522 0
3162 5.981280029168053 -0.3086925738167498 0
3163 5.951955341581364 -0.2662919651506561 0
3164 5.926215410228975 -0.3102819075338681 0
3165 5.896193681456364 -0.2682977656095064 0
3166 5.870751648127211 -0.3143211024821913 0
3167 5.839908593172826 -0.2688252401414867 0
3168 5.814583842627071 -0.3202769651791548 0
3169 5.783294499802416 -0.2684986534977062 0
3170 5.757001457144497 -0.3224988854658448 0
3171 5.726459272089178 -0.2684791364977228 0
3172 5.69978375145798 -0.3211018843935787 0
3173 5.671839757447683 -0.2689736194472023 0
3174 5.697305826980532 -0.2200352563761374 0
3175 5.644689947624003 -0.2215348408895041 0
3176 5.619650822014544 -0.2691712608710021 0
3177 5.594134382222088 -0.221675793108231 0
3178 5.567117478448127 -0.2681056237787117 0
3179 5.540068866768922 -0.2123085559425969 0
3180 5.513299770017739 -0.266062826660926 0
3181 5.484095294406957 -0.2201270873173878 0
3182 5.457912765001074 -0.270369350585791 0
3183 5.431496766447578 -0.2209187414370711 0
3184 5.404379984016878 -0.2672524695607714 0
3185 5.380946772169226 -0.2206136766965091 0
3186 5.353912902085089 -0.26323873853415 0
3187 5.331417840532386 -0.2199071616670042 0
3188 5.30590984909341 -0.2628180503756394 0
3189 5.2813304566765 -0.2193557153977942 0
3190 5.256310342794393 -0.2654951562510413 0
3191 5.228592679761461 -0.2199786511394242 0
3192 5.203311334294889 -0.2664877194660551 0
3193 5.174226633469499 -0.2203344260623248 0
3194 5.14884484617204 -0.2643497752714506 0
3195 5.121099971328242 -0.2208257808336294 0
3196 5.096659358330182 -0.2634968731018432 0
3197 5.069391024436878 -0.2217411685623653 0
3198 5.044906222295756 -0.2634669774640347 0
3199 5.018667666760682 -0.2224684190437729 0
3200 4.993231330849349 -0.2629650932622493 0
3201 4.968227857779336 -0.2215038060870151 0
3202 4.941366562545111 -0.2614845945693091 0
3203 4.916636405588616 -0.2194135799192143 0
3204 4.888946095070536 -0.2608219291917535 0
3205 4.862811520522055 -0.219089461660563 0
3206 4.836109752650879 -0.2606525556885068 0
3207 4.8085238466749 -0.2197582380318062 0
3208 4.784183883213074 -0.2605510550131434 0
3209 4.75618955766952 -0.2197265660969498 0
3210 4.732153813792615 -0.2601813690286175 0
3211 4.704703000762377 -0.2181262915197239 0
3212 4.680468182129936 -0.2581802181712826 0
3213 4.654045087348841 -0.2139883878263376 0
3214 4.629775306390474 -0.2565727011311947 0
3215 4.601908661468372 -0.2140423307647894 0
3216 4.577969960960525 -0.2556749178240221 0
3217 4.55210427686084 -0.2119378986805231 0
3218 4.525149647794387 -0.2544401684172254 0
3219 4.500190839232268 -0.2117396608845371 0
3220 4.471967641791167 -0.2533530567905743 0
3221 4.448590593755415 -0.2108001415288736 0
3222 4.420652737746622 -0.2516329163048122 0
3223 4.396621213243893 -0.2100019820845735 0
3224 4.370644469592593 -0.2512728945241696 0
3225 4.34557959079868 -0.210221142951528 0
3226 4.320154290147086 -0.2527456568522155 0
3227 4.294024896423821 -0.2099212404519111 0
3228 4.267154101331031 -0.2537436993661024 0
3229 4.241460616334144 -0.209653206935419 0
3230 4.214460815633857 -0.2550265876106305 0
3231 4.189950680202355 -0.2109893416170075 0
3232 4.164249724389359 -0.2523361882358035 0
3233 4.139433609736706 -0.2108343733580711 0
3234 4.112539459521782 -0.2520511842824549 0
3235 4.088171624503623 -0.2093030197661235 0
3236 4.061753382992444 -0.2509677416708691 0
3237 4.0374522330835 -0.2081679589597127 0
3238 4.010468982018042 -0.2498935624934049 0
3239 3.986260637060917 -0.2081843318618189 0
3240 3.959594001955395 -0.2493242877910876 0
3241 3.934646939688041 -0.2072074936669067 0
3242 3.908032845714536 -0.2489349155555983 0
3243 3.88259746962764 -0.2077782033857756 0
3244 3.856654469940493 -0.2501631737400057 0
3245 3.831369829993112 -0.2099972768785147 0
3246 3.8057105124131 -0.2510948455076625 0
3247 3.780790044350982 -0.2107196738567872 0
3248 3.754717504596083 -0.2510306687355902 0
3249 3.7300108957611 -0.2092406826335995 0
3250 3.704031388870646 -0.2512831119701757 0
3251 3.678317110793386 -0.2080758019778102 0
3252 3.652901267045259 -0.2499572620970604 0
3253 3.625910979202716 -0.2082541666464706 0
3254 3.601812447938011 -0.2495842134819673 0
3255 3.575307797147959 -0.2098043732229968 0
3256 3.550756338367845 -0.2492045680002423 0
3257 3.526514231911924 -0.2094481820356777 0
3258 3.499857742925413 -0.2466103555200047 0
3259 3.476900149981689 -0.2075873710457125 0
3260 3.449791396917679 -0.2461414658655328 0
3261 3.426547551805405 -0.2072307782314726 0
3262 3.398166656093899 -0.2457439671916978 0
3263 3.376329898673609 -0.2049898409521962 0
3264 3.347780276011416 -0.2462969514212658 0
3265 3.324785473330531 -0.2027307237922538 0
3266 3.297110557374554 -0.2456474014349458 0
3267 3.272384236752981 -0.2031088727493079 0
3268 3.245987655039585 -0.2442982286733247 0
3269 3.220429732653518 -0.2023964920680195 0
3270 3.195518065317146 -0.2452861484460439 0
3271 3.170340542626556 -0.2000705387650195 0
3272 3.144893393309772 -0.24235966929707 0
3273 3.119795120016508 -0.1987613016533288 0
3274 3.094197302453065 -0.2423357889168516 0
3275 3.069871321087663 -0.1994626400666314 0
3276 3.044910936100634 -0.2434604094018082 0
3277 3.019564052736871 -0.1995601009179159 0
3278 2.994124760602702 -0.243322173166272 0
3279 2.970609210275751 -0.1991394680573692 0
3280 2.94293432431806 -0.2415504955174216 0
3281 2.921505660414622 -0.1952700168769825 0
3282 2.893204020450761 -0.2362089474156137 0
3283 2.869912500109798 -0.1864974802911891 0
3284 2.843158518903489 -0.236649966384856 0
3285 2.81866626180856 -0.1932796686830842 0
3286 2.793585541235538 -0.2374314579582555 0
3287 2.767093571170353 -0.1873178827813816 0
3288 2.741480026331969 -0.2384819163424947 0
3289 2.715751424619469 -0.1947635292068211 0
3290 2.690947356184081 -0.2386855186345258 0
3291 2.66592285574888 -0.1967083505568864 0
3292 2.641359596381538 -0.2403851618728565 0
3293 2.61733811927132 -0.1971136812693633 0
3294 2.590975540349951 -0.2401402274129354 0
3295 2.566896326966691 -0.1955099280102245 0
3296 2.539875488730112 -0.2375965515623989 0
3297 2.513545517791813 -0.186773729957471 0
3298 2.48795810675 -0.2364836749325817 0
3299 2.461461374467957 -0.1929585175265081 0
3300 2.437897881662495 -0.2375035796528641 0
3301 2.413262522335182 -0.194541702540537 0
3302 2.388258596773642 -0.237736238919712 0
3303 2.365134034577778 -0.1942774607910219 0
3304 2.340221582345893 -0.235785872113023 0
3305 2.316816751077875 -0.1930499413691435 0
3306 2.290799293316079 -0.2332391423854653 0
3307 2.267393089800577 -0.1911673408239902 0
3308 2.241058729812915 -0.2329965260081128 0
3309 2.215698974780611 -0.1859714056850791 0
3310 2.190857124926672 -0.2335107832455453 0
3311 2.165157430308803 -0.1947676492980933 0
3312 2.140433515447131 -0.2349848947932787 0
3313 2.115170330630316 -0.1918307775330479 0
3314 2.090399262176243 -0.2353639013470995 0
3315 2.066054263441908 -0.1914390887370982 0
3316 2.040705293087601 -0.2344524868037656 0
3317 2.015891606570181 -0.1896362497394013 0
3318 1.990757122240266 -0.2327862679596353 0
3319 1.966140921107882 -0.1882658725862646 0
3320 1.941449346616649 -0.2313032766070269 0
3321 1.917436056983131 -0.1887672710203114 0
3322 1.892123364101643 -0.2315267424208867 0
3323 1.868020605620406 -0.1892845148724272 0
3324 1.84368478470508 -0.2337570695269725 0
3325 1.818965891617179 -0.1911744920058946 0
3326 1.792534817111102 -0.2351119951477191 0
3327 1.819116754974432 -0.28016404434349 0
3328 1.764831826670649 -0.2811457850320462 0
3329 1.739619080569262 -0.2333891220031022 0
3330 1.709691837685972 -0.281198203648693 0
3331 1.685421680924095 -0.2318980935070997 0
3332 1.654778633905924 -0.2792686756211052 0
3333 1.63154889154641 -0.2291690892815454 0
3334 1.601197930467364 -0.2755622442062384 0
3335 1.578573376149693 -0.2250014245310724 0
3336 1.549313821739106 -0.2709121781276735 0
3337 1.526221576493871 -0.2219757177621988 0
3338 1.498688623736167 -0.2672438918141059 0
3339 1.474695553751261 -0.2199723620371746 0
3340 1.447941706130681 -0.2660404969269372 0
3341 1.423596767474478 -0.2174762484758095 0
3342 1.396299230693158 -0.2650146311610522 0
3343 1.373297166235293 -0.2154786178461232 0
3344 1.344511281089238 -0.2617059295147612 0
3345 1.321329379135936 -0.2151747292004808 0
3346 1.293231300980441 -0.2559002446064957 0
3347 1.268910629613243 -0.2128644204121321 0
3348 1.240171833039452 -0.2537419680808119 0
3349 1.216898033191874 -0.2097202574689357 0
3350 1.187864376774419 -0.2510846516569652 0
3351 1.165572861683777 -0.2087379397858996 0
3352 1.137439248137624 -0.2475928583412997 0
3353 1.11553255809829 -0.2065732505549008 0
3354 1.088543450373383 -0.2453507993828956 0
3355 1.064641502076259 -0.20355770319145 0
3356 1.037940714972648 -0.2445287265784891 0
3357 1.01385455347498 -0.2004161876882972 0
3358 0.9866621649342111 -0.2420099386207905 0
3359 0.9629431211696579 -0.1982964961755892 0
3360 0.9359218502643919 -0.2396229089779774 0
3361 0.9136947903065205 -0.1948617540408102 0
3362 0.8867175876235716 -0.2346915738266719 0
3363 0.8657167302671158 -0.189232636004261 0
3364 0.8378170423683944 -0.2305075289824689 0
3365 1.964138108603916 -0.2770306460277041 0
3366 0.8139858436277181 -0.1796940643254458 0
3367 0.7866871719979027 -0.2303648448045517 0
3368 2.115367946502139 -0.2783307931488589 0
3369 0.7616415315640734 -0.1843631802209057 0
3370 0.7354034560573629 -0.2287844873434124 0
3371 0.7605185417300284 -0.2773066631685067 0
3372 0.7066423021352742 -0.2751716061816456 0
3373 0.6836124001513483 -0.2250162644454842 0
3374 0.6541752050022285 -0.2705257285678387 0
3375 0.6321864022436325 -0.2215433111864827 0
3376 0.6032414801491464 -0.2653616842031034 0
3377 0.5800374896987125 -0.2194016640170861 0
3378 0.5490614332775491 -0.2711141185134587 0
3379 0.5275530925521901 -0.2179717615229583 0
3380 0.4977926072589219 -0.2573500391955749 0
3381 0.476308677932354 -0.2125323158048334 0
3382 0.4450256189798525 -0.2549363438043623 0
3383 0.4243974453892404 -0.2083639158907616 0
3384 0.3951761218236401 -0.2496903499285579 0
3385 0.3730926395410269 -0.2038022564329563 0
3386 0.3438222286972048 -0.2446556426111398 0
3387 0.3212033887778225 -0.2008091142609086 0
3388 0.2930340796481883 -0.2419622653161008 0
3389 0.2705981859654473 -0.197976994989656 0
3390 0.2420323086462222 -0.2393165401099706 0
3391 0.2225986825237584 -0.1934937103855859 0
3392 2.360917874547456 -0.2813863655631217 0
3393 2.460025614042305 -0.283168972373457 0
3394 0.9074565232398378 -0.2828876140258849 0
3395 2.616797321289565 -0.2866900168841878 0
3396 2.770124197941363 -0.2853907596412869 0
3397 0.2638900503226518 -0.2868714400044183 0
3398 0.2097927965900747 -0.2828531270548403 0
3399 2.913566215626127 -0.2840472235649041 0
3400 3.072224264925547 -0.2873163085678339 0
3401 1.064376296516481 -0.2889153332363747 0
3402 3.271573116063474 -0.2868436313663013 0
3403 2.215957247384158 -0.2772257180619233 0
3404 3.524395266668976 -0.2908028060904128 0
3405 3.678956980164127 -0.2953206933691377 0
3406 1.156446898992604 -0.2916390666598598 0
3407 3.168019701134175 -0.2951402226325509 0
3408 3.779749026077138 -0.2931869913606802 0
3409 3.371160277750239 -0.2931286821283293 0
3410 3.983428186595008 -0.2966973932809595 0
3411 5.865993012903495 -0.2246500262687932 0
3412 0.3650475694262844 -0.2849106403465462 0
3413 5.978590719523802 -0.2234019202001541 0
3414 0.4664861361695687 -0.2992771342226289 0
3415 4.440619251125749 -0.2952058238600137 0
3416 12.55278315837553 -0.2933992128882498 0
3417 8.525898259283601 -0.2159485297176979 0
3418 12.89263154840782 -0.2961285922360213 0
3419 4.085277458054598 -0.3000393551259059 0
3420 6.143179569998688 -0.2182777215102643 0
3421 7.841961030856728 -0.2134783529436377 0
3422 4.184039632449715 -0.3059327294575829 0
3423 1.36699562287301 -0.3138021831392293 0
3424 9.041601261405706 -0.215862495050297 0
3425 4.606859382739859 -0.2994370327084237 0
3426 6.249423137533925 -0.2155597658022416 0
3427 4.914529953858592 -0.3020706729525121 0
3428 4.707131610837317 -0.2998817833235458 0
3429 6.423915837524204 -0.2093073614741024 0
3430 7.951108295650086 -0.2007086284542522 0
3431 5.019392639655598 -0.3052826682445231 0
3432 8.633675376676557 -0.1997932516616795 0
3433 5.17466649134628 -0.3105025327058514 0
3434 12.12915960232674 -0.3114992847552344 0
3435 9.701528550740381 -0.1951432082972536 0
3436 3.886487716303612 -0.3010343925353905 0
3437 6.585036872486519 -0.2084256594646341 0
3438 4.29452677967554 -0.2972734715836839 0
3439 12.65266484388113 -0.3101142994713795 0
3440 9.444046333041163 -0.1925126603937236 0
3441 8.058529146602956 -0.2010572240574087 0
3442 6.690501396446583 -0.1935646280942742 0
3443 9.9409167535609 -0.2035453953448304 0
3444 1.263781540063964 -0.2976461161155431 0
3445 10.12741368923566 -0.1980637258060907 0
3446 9.146619514371571 -0.2057389981468592 0
3447 5.484048691105756 -0.3227284973565533 0
3448 6.792854343686526 -0.1928788486399762 0
3449 8.740181692924422 -0.1987873378715093 0
3450 1.521041863305572 -0.3136110601409668 0
3451 7.576992227563743 -0.3121906186942852 0
3452 6.910248423826317 -0.1928922093453745 0
3453 10.91811421375154 -0.1799802404714278 0
3454 8.170287945404073 -0.1944371966977029 0
3455 10.46130402267108 -0.1840847486557159 0
3456 7.027842588317947 -0.1863112198130804 0
3457 5.328329378312862 -0.3070234727305369 0
3458 10.31969198939367 -0.1845825728931478 0
3459 0.6246444496683501 -0.3127771628618721 0
3460 10.5033678104495 -0.1664046540982558 0
3461 7.367434731395873 -0.3256008912607654 0
3462 12.41495568638257 -0.3224432979216028 0
3463 7.125378185991639 -0.1854403488105492 0
3464 8.275749256392444 -0.1798878006697574 0
3465 4.811393317994601 -0.3051416070474757 0
3466 7.231715464737461 -0.182600940454843 0
3467 1.677998152650647 -0.3308411166138402 0
3468 8.846131155230289 -0.1831918735306365 0
3469 9.548042952255962 -0.1837927504082937 0
3470 9.79650061848654 -0.1818221948139393 0
3471 1.661676732947446 -0.1818947517199525 0
3472 11.40131778387337 -0.1759963203367461 0
3473 7.335032241883283 -0.1882697656630397 0
3474 0.6601633497893051 -0.1724955969968462 0
3475 9.246476432347032 -0.1886691018295985 0
3476 11.9885377742208 -0.3244552636685006 0
3477 12.70643892897693 -0.1731529333644969 0
3478 8.306025077584669 -0.3295527186905148 0
3479 7.254785196328429 -0.3268140138276601 0
3480 8.381974238616287 -0.1805120928763249 0
3481 11.81676981389847 -0.180086097891227 0
3482 7.44302200024056 -0.1787256178265108 0
3483 7.551564476069951 -0.1833337117579528 0
3484 5.618922323001363 -0.1765553296688193 0
3485 5.457576489316468 -0.1705423199176235 0
3486 11.28099416596386 -0.3248529905938804 0
3487 1.554591594367207 -0.1747635964669266 0
3488 11.79801592880759 -0.3148295189361715 0
3489 5.309933369111175 -0.1769101799380559 0
3490 5.594540306723218 -0.3180393573688401 0
3491 0.731420014205056 -0.3261121510361821 0
3492 11.35776698451894 -0.1582114402245105 0
3493 9.249682658167149 -0.3219583760297754 0
3494 7.643776002081706 -0.1803740277425004 0
3495 5.143679577898187 -0.1732401318235995 0
3496 0.5556755988722437 -0.177103282730501 0
3497 13.10324397091019 -0.2236273418291311 0
3498 1.450602254337707 -0.1721460588604301 0
3499 4.945530978671618 -0.1802234690724056 0
3500 11.66131058654467 -0.3186995898386968 0
3501 12.36413029151543 -0.164858955416065 0
3502 5.042315362851026 -0.1826657885774299 0
3503 4.779389501112899 -0.1762105680516619 0
3504 7.46954451098912 -0.3262655551482764 0
3505 11.94414929694386 -0.1712380008265083 0
3506 12.13842207913805 -0.1709089818195162 0
3507 1.348542096695409 -0.1774163828582097 0
3508 4.626654460438884 -0.1776500067543626 0
3509 4.422542724885925 -0.167479494086414 0
3510 11.62583226701612 -0.1665012516837669 0
3511 11.58298285392574 -0.1530929178993729 0
3512 12.93423227741521 -0.1608867421819392 0
3513 4.52786116286061 -0.1688279407144592 0
3514 6.991874678311065 -0.3277878645092315 0
3515 4.268860976894415 -0.1604398991787536 0
3516 10.95667501818207 -0.1561219841516309 0
3517 0.4547752437976842 -0.1691235685198773 0
3518 4.065953131068952 -0.1617147651619488 0
3519 1.79265834917122 -0.3291563255723137 0
3520 12.59901213868631 -0.1589070563280247 0
3521 4.165985046362731 -0.1702278764594743 0
3522 12.75880869950427 -0.3284511155854016 0
3523 1.244214622570079 -0.1665818616566151 0
3524 8.777665427230151 -0.3320277512341173 0
3525 9.493272326578534 -0.3306779546344581 0
3526 3.909200737444888 -0.1614617417314854 0
3527 3.705952637428375 -0.1624573527755143 0
3528 1.142917692871714 -0.1688791840857042 0
3529 8.143420826474541 -0.3287638842107968 0
3530 6.82796835610968 -0.3315527803640339 0
3531 3.806785873427206 -0.1713231511447267 0
3532 3.505806697808625 -0.1661011258565781 0
3533 10.57584285922015 -0.338077213338149 0
3534 7.150605936310932 -0.3277704351640186 0
3535 9.743242110529884 -0.3358179629292217 0
3536 3.596044950077466 -0.1648454942106016 0
3537 3.35535401555651 -0.1590069075922842 0
3538 0.3505920057503797 -0.1590465182423962 0
3539 0.2328603062655052 -0.3328719240717759 0
3540 0.1743030315976131 -0.3280070774221687 0
3541 3.145654287520165 -0.1554962489388279 0
3542 3.246483769372358 -0.1652275342691429 0
3543 2.949360719645197 -0.1564262390122891 0
3544 11.4279916282755 -0.3366973873221942 0
3545 1.042245454323835 -0.1560960176532713 0
3546 3.045028540690952 -0.1605804406518629 0
3547 12.8325297117357 -0.1585139040922558 0
3548 6.721331107377802 -0.3342623729925299 0
3549 2.732113785926601 -0.1513046486478754 0
3550 9.440399792750064 0.1589891017179051 0
3551 0.9388542870848446 -0.1547995210279449 0
3552 9.941661852794459 0.1529538192300259 0
3553 2.839487573714042 -0.1537335122443798 0
3554 9.634929126304726 0.1574799655718547 0
3555 3.491022623584666 0.3348999071725723 0
3556 12.94055883355798 0.154986204567943 0
3557 10.14596926493455 0.1456085717309782 0
3558 4.605969784405476 0.3319715236319286 0
3559 2.551327637196859 -0.1507111530041721 0
3560 13.88035177425317 -0.05636700800633844 0
3561 13.93958064759444 0.03588929662660512 0
3562 13.9917125520903 -0.0695948219740349 0
3563 14.06046673512184 0.03041876678999643 0
3564 8.042755919618966 -0.3381448155981273 0
3565 12.26305454462873 -0.1544928000048389 0
3566 9.836362400320573 0.1491941704808112 0
3567 2.642413547987441 -0.15528762063703 0
3568 10.34463714297373 0.1448552980628486 0
3569 0.1543217836192191 -0.276411967209293 0
3570 12.49614892290628 -0.1544320553858832 0
3571 0.2487810437370591 -0.1548139783067463 0
3572 0.2042131365824297 -0.1501164010536598 0
3573 2.389940650072589 -0.152398475010288 0
3574 10.0470076891858 0.1521239507962932 0
3575 10.54436006174351 0.1438665511638684 0
3576 1.20441728000761 0.341343382373239 0
3577 10.13992700259111 -0.3321984214613697 0
3578 12.24468527413733 0.1581352723291398 0
3579 10.43155706935375 -0.3444867183667085 0
3580 10.74363805373504 0.142817480389344 0
3581 10.24424598536861 0.1536203032349632 0
3582 2.143423748555211 -0.1587868014267609 0
3583 6.558224241254386 -0.3474253465390986 0
3584 9.139885595473327 -0.3381269446834999 0
3585 2.295206141690014 -0.1513139907075459 0
3586 10.44390382795925 0.1527212053800694 0
3587 10.93314405400517 0.1429900814175617 0
3588 1.350412381522145 0.3388729348343335 0
3589 12.99799970425205 -0.3164143312144233 0
3590 0.8491004864767251 -0.1453807855981748 0
3591 10.9116604339782 -0.3347026980940599 0
3592 12.33851208721698 0.1506010432458918 0
3593 1.940746111777601 -0.1458757569787549 0
3594 10.64398889587868 0.1521765117637368 0
3595 1.698761821517828 0.3448807484507938 0
3596 11.13978911934013 0.1487504606563058 0
3597 2.041119372045914 -0.1495695556855218 0
3598 10.84108532725162 0.1501354503670357 0
3599 9.942224299898822 -0.3336500440281496 0
3600 11.04176055708575 0.1410313369484976 0
3601 2.144909297029759 0.331061097637467 0
3602 1.843583653143564 -0.1482707761225277 0
3603 1.796980924999799 -0.1495811384875311 0
3604 1.896050975104275 0.3246582590597127 0
3605 4.761331272751333 0.3384471490666813 0
3606 13.0316534884241 0.1482707360105474 0
3607 8.615056873374932 -0.3408027692974194 0
3608 6.403376035370206 -0.3413748174816165 0
3609 10.47049608811805 -0.1390639414408717 0
3610 6.281119640205178 -0.3444794584975084 0
3611 10.91959142059646 -0.1340520095112452 0
3612 10.28532905237535 -0.3419428192007423 0
3613 3.603774536830393 0.342388801435122 0
3614 7.878856662338348 -0.3366570856119689 0
3615 1.307924414030743 0.1389934560118771 0
3616 0.8743476584588636 0.3559266003683818 0
3617 13.87354735268494 0.1294928076308007 0
3618 2.496810525482035 0.3428576809583574 0
3619 4.879116110185609 0.3481307808285591 0
3620 1.029830692766659 0.1336768033153277 0
3621 1.26703794471337 0.1229751141292466 0
3622 9.387215896931689 -0.3510851483316216 0
3623 10.50997584705613 -0.1219305574364024 0
3624 0.808545710287573 0.126179093753327 0
3625 11.39623169461576 -0.1306167415501417 0
3626 3.036056472084586 0.362706925709105 0
3627 6.121205121685033 -0.3460994044712238 0
3628 9.637605708659621 -0.3571646220532353 0
3629 13.23466313436259 -0.07269859529028118 0
3630 5.092800730103407 0.3599362164593417 0
3631 11.48230270187727 -0.3578580551719854 0
3632 9.030513768962209 -0.3509279919372331 0
3633 3.758983874780365 0.36553152922728 0
3634 4.985007437503146 0.3523928524368888 0
3635 7.771668593733052 -0.3588616728362041 0
3636 7.712893694861568 -0.3650054285507103 0
3637 2.254763252654056 0.3568663527365688 0
3638 11.61591105834608 -0.1212086002743347 0
3639 11.35895912534363 -0.1131278231507714 0
3640 6.013243334949181 -0.3645664806707734 0
3641 0.9920688253740548 0.1143010751125181 0
3642 5.788542484012742 -0.3740692424453098 0
3643 10.86232243105011 -0.3597445806846101 0
3644 14.11515847120802 -0.08596919840825953 0
3645 14.19140413816723 0.01912609106865714 0
3646 5.215134235141112 0.3620383922462996 0
3647 11.57517962228574 -0.1088624529669125 0
3648 2.612295168532904 0.3597408391093203 0
3649 10.95644581029473 -0.1119446791372474 0
3650 13.72328400362224 -0.1343553516742206 0
3651 5.903742112699204 -0.3575714876115381 0
3652 8.507219336966777 -0.3496681367443835 0
3653 12.39376885069895 0.3251475892269067 0
3654 1.849730929072565 -0.325901924052451 0
3655 13.69025956920779 0.130661056170299 0
3656 0.78935633392113 -0.3274743057944314 0
3657 11.13086642862794 0.324558822872049 0
3658 1.998116229995256 0.3585548382392462 0
3659 0.7701596710230536 0.1074532926516416 0
3660 0.2279540211265505 -0.1137032324764382 0
3661 0.184788254577307 -0.1100989450022292 0
3662 0.1609438505359649 -0.1448626744340636 0
3663 0.1430436609992197 -0.1058030036799422 0
3664 0.1199563997732268 -0.1388856925715676 0
3665 0.1021160347908613 -0.1014575403948801 0
3666 5.320127374728422 0.3643844200022707 0
3667 0.2665560999516665 0.3763754200007036 0
3668 1.821061738350767 -0.1107118037918789 0
3669 1.777285459561563 -0.1105377666573519 0
3670 12.42318892873755 0.3756679651464692 0
3671 12.36527044664441 0.3756698617765453 0
3672 5.334998836363028 0.1725128554197938 0
3673 5.360937672590188 0.1355081341924042 0
3674 5.314567961791661 0.1243626059338971 0
3675 2.29118321833237 0.1718833131977816 0
3676 2.319972533703474 0.1368537972084329 0
3677 2.274885521236423 0.1275918633769204 0
3678 2.646640284509849 0.1788209420279674 0
3679 2.673644431709158 0.1429946915228482 0
3680 2.631220349653153 0.1385882961260086 0
3681 9.593616120243347 -0.1748536101784285 0
3682 9.563482520747009 -0.1400313645015104 0
3683 9.606761578978446 -0.1314474571182954 0
3684 8.430273748841273 -0.1732463623607076 0
3685 8.401880435210694 -0.1377409143874121 0
3686 8.444696023339141 -0.1298465384531612 0
3687 2.045444923039412 0.1738117555502905 0
3688 2.073519841894239 0.1404194982296861 0
3689 2.033104345383022 0.1297291974774093 0
3690 0.1103884365652749 -0.3236480026270016 0
3691 1.794133855793308 0.1742066445775375 0
3692 1.827003299563419 0.1409114336522925 0
3693 1.783502392018439 0.1302391052644246 0
3694 1.821634269855424 -0.3770941972429118 0
3695 1.88026798624932 -0.3754086116521848 0
3696 1.863645192647592 -0.1100940401210496 0
3697 9.843331205772316 -0.1699376499193728 0
3698 9.809022237817576 -0.1371056204293326 0
3699 9.851522493537439 -0.1248168135266229 0
3700 0.7582309808587847 -0.3787208128331257 0
3701 0.8172852658283876 -0.3827914070106314 0
3702 0.2713826238716812 -0.1161271693605904 0
3703 13.12762098883013 0.2773689343666901 0
3704 13.05473564772589 -0.3196138944969981 0
3705 11.15798305485903 0.3753997891453945 0
3706 11.10042780132767 0.3752427749875981 0
3707 13.10421238037259 -0.000827320449755916 0
3708 13.04802271443174 -0.1006219324544798 0
3709 10.36598068503414 -0.1680430142941083 0
3710 10.32752099958974 -0.1389975381116563 0
3711 10.36622035525089 -0.1228004288769686 0
3712 0.1400508009166899 -0.3750781992953191 0
3713 11.65749135434187 -0.1337045633381891 0
3714 10.54380522550864 -0.1475310844237836 0
3715 10.54970931913701 -0.1058674905150214 0
3716 10.58298382097929 -0.1296652640757464 0
3717 2.058074027555713 0.09957012131065528 0
3718 2.09906232074319 0.1069793248365487 0
3719 2.016861178909391 0.0911009233885119 0
3720 11.43600034651684 -0.1455378459398606 0
3721 11.43083623580287 -0.1034790323726791 0
3722 11.46905187796285 -0.1176138798250321 0
3723 1.175185284889037 0.1829414432134246 0
3724 1.132531284582489 0.1651868456716975 0
3725 1.166427330610627 0.1379863040776855 0
3726 1.131161629997703 0.1213919231089774 0
3727 5.404540904956423 0.1368824730122498 0
3728 2.717198424360671 0.1452552215983108 0
3729 2.698500178975459 0.106452670637813 0
3730 2.740714189440214 0.1073034996455474 0
3731 11.26212403801447 -0.1669362341112276 0
3732 11.22171206212693 -0.1485358825824055 0
3733 11.25521078260012 -0.1220551499459621 0
3734 11.21832219274611 -0.10475723869895 0
3735 8.357353621029448 -0.1418380499014092 0
3736 8.37787155422698 -0.1030454954807998 0
3737 8.335545433870086 -0.1054679321121235 0
3738 10.99370020107777 -0.132639409268075 0
3739 0.7340175128091642 0.1295762918471263 0
3740 5.385052994508304 0.09994102869801169 0
3741 5.424564919136627 0.0995931406827659 0
3742 13.11189442604864 0.08714627307829714 0
3743 11.89693216852799 -0.1586891813952905 0
3744 11.92979493843297 -0.1255659697572827 0
3745 11.88095349876607 -0.1098595926828555 0
3746 11.97537246455719 -0.1365107526612472 0
3747 9.764854064223677 -0.1468026519758035 0
3748 9.77806324394996 -0.1051591769706914 0
3749 9.735993359230271 -0.1134247744491517 0
3750 1.9854458725091 0.1235692519016475 0
3751 2.363939107056376 0.1437843315008959 0
3752 2.346230563200354 0.1029932720763203 0
3753 2.388191611183915 0.1089868168503685 0
3754 1.871081426279403 0.1499008677348343 0
3755 1.856035355197471 0.1084034569236404 0
3756 9.519915204564487 -0.1470387590890805 0
3757 9.535089549852046 -0.1062027348630025 0
3758 9.493809065382518 -0.1120405129422241 0
3759 0.9571769786518459 0.1384828770874045 0
3760 0.9538881045840482 0.09764841462266925 0
3761 0.9188350996556196 0.1219978466518755 0
3762 12.21813672904656 -0.1459995291753627 0
3763 12.24948252083701 -0.1130550577183973 0
3764 12.20548978945527 -0.09983395243283455 0
3765 12.29089338365249 -0.1191137684741348 0
3766 10.47808414180074 -0.09697889533558547 0
3767 1.350835935903748 0.1523239690311073 0
3768 1.341261837178784 0.1087701506205515 0
3769 1.38205726589099 0.1212596548616152 0
3770 10.2857412980071 -0.152107793888329 0
3771 10.2943103684964 -0.1102005967316053 0
3772 10.25447880448838 -0.1210199668183818 0
3773 12.45054029045321 -0.1465965663636123 0
3774 12.4796193501554 -0.111522100808944 0
3775 12.43773434003087 -0.105516831388471 0
3776 12.52258678749724 -0.1181180255873407 0
3777 12.78808752348176 -0.1518198462957895 0
3778 12.8150513504924 -0.1163944748940711 0
3779 12.77415856461387 -0.1098145366521821 0
3780 12.85777521246327 -0.1215521510725825 0
3781 11.18425937535764 -0.1274379892586675 0
3782 11.1846548894193 0.1484045006754788 0
3783 11.1640379850839 0.1087840283198236 0
3784 11.20661798005077 0.1089566674603488 0
3785 11.12029767063644 0.1085160466611826 0
3786 1.162514427380244 0.09680169402573727 0
3787 13.0218199003515 -0.3705065344787632 0
3788 11.64800808005654 -0.09071388007754652 0
3789 11.68791718811131 -0.1040265729383851 0
3790 10.92034617763132 -0.09099253693774877 0
3791 10.8840217886195 -0.1110489567670158 0
3792 11.96219247506601 -0.09503923548840368 0
3793 12.00444601362965 -0.1038661933380809 0
3794 10.58863612715367 -0.08930591252215198 0
3795 10.6220018891079 -0.1121450543619496 0
3796 10.993199806294 -0.09124054643721709 0
3797 11.02911465707652 -0.1110812875481001 0
3798 1.025717095364677 0.09193889498441346 0
3799 0.7349561621233023 0.08837653662528544 0
3800 0.6988619045407245 0.1072651234389957 0
3801 1.750894508112914 -0.1484008390860753 0
3802 1.735248202132338 -0.1084653320875786 0
3803 11.18161309753441 -0.08686297111947219 0
3804 11.14781121157301 -0.1083837631318402 0
3805 0.8062387739142417 0.08461299252671718 0
3806 1.979224543163475 0.07677895950597198 0
3807 0.8251888115095679 0.3843116219062416 0
3808 11.43763363076566 -0.3974960394848181 0
3809 0.9167113782478493 0.08324903912149803 0
3810 1.127251248608373 0.08207588421532178 0
3811 0.09719661717995609 -0.2681124037997178 0
3812 14.25132948796512 -0.1088756574475901 0
3813 14.33208480357921 0.007757103001667921 0
3814 11.24883729703153 -0.07348286644679364 0
3815 1.372462109657636 0.08066248122121297 0
3816 1.412306093646489 0.09312255569635505 0
3817 10.26433047711605 -0.08295997341008582 0
3818 10.22511511466545 -0.0956078789730655 0
3819 1.898573671593781 0.1161007725860623 0
3820 0.0796833646023371 -0.1320911806564836 0
3821 14.15262841727799 -0.2331336605021312 0
3822 12.83861542745751 -0.08178335997672959 0
3823 12.88076199791941 -0.08675643913517217 0
3824 0.1351945238099736 -0.1790215871613017 0
3825 11.46466966089385 -0.07773643073274142 0
3826 10.21592194716615 -0.131648369579827 0
3827 10.18716208000896 -0.1046901470498842 0
3828 1.421371209141004 0.131313989739292 0
3829 1.4517796560829 0.104097466926502 0
3830 12.27759728646611 -0.07995121905251922 0
3831 12.31827704040368 -0.08511565643713466 0
3832 5.378614538840228 0.3748726114406167 0
3833 12.50622590965773 -0.07802223913551645 0
3834 12.54613202132086 -0.08529398217223061 0
3835 0.249860671007413 -0.07670631872301359 0
3836 0.2926799724086901 -0.07804873028831523 0
3837 10.90883281516584 -0.3861013836494823 0
3838 13.91854159820183 -0.1725420415564726 0
3839 2.665696586905583 0.3695644416493081 0
3840 9.332179657194759 -0.3592802410097354 0
3841 11.14531878600803 0.06604747049296207 0
3842 11.10065327887545 0.07185358818166301 0
3843 0.8441470175168569 0.1004060037516073 0
3844 2.313676600285967 0.3701632219163552 0
3845 11.50065615218631 -0.09198182557582119 0
3846 11.50650533108756 -0.12914684799274 0
3847 9.582217846143619 -0.3685189794968269 0
3848 2.054125356259668 0.3672861105182388 0
3849 9.507484921042165 -0.07387590398905174 0
3850 9.467943465247529 -0.08134184772429656 0
3851 9.453044674498916 -0.1172038214967527 0
3852 9.428303632971176 -0.08871447649926834 0
3853 9.412699293749874 -0.1241227122467223 0
3854 9.387933559468626 -0.09503016736184644 0
3855 9.371592355049676 -0.1320446775928312 0
3856 9.346615031421734 -0.1002604849273797 0
3857 9.328012485475055 -0.1368805623692279 0
3858 9.305692652881087 -0.1039417679822021 0
3859 1.883200810202084 0.07592688397551323 0
3860 10.62649307399023 -0.07270711309089212 0
3861 10.66041875088962 -0.09521881615303975 0
3862 9.749086852181181 -0.07417696059415781 0
3863 9.709265960117476 -0.08200013522148904 0
3864 9.693837725201947 -0.1196920391047219 0
3865 9.669114448664127 -0.08796128889605354 0
3866 1.400687460871946 0.3570536241107273 0
3867 1.361239765853554 0.3914325751540684 0
3868 10.23311742836173 -0.361800048754799 0
3869 10.960163793642 -0.3645487061595605 0
3870 10.5242230158685 -0.3590795851201798 0
3871 10.56677791888804 -0.3993075735900138 0
3872 12.96356326416003 -0.3652218339823302 0
3873 10.37894118764619 -0.3637546323904529 0
3874 1.256834904178352 0.3602126570333228 0
3875 1.213043068829853 0.3995955214582481 0
3876 0.774954768448467 0.3593649445256917 0
3877 0.6995566091848074 -0.3770904065980163 0
3878 1.109068240046681 0.3569223135196985 0
3879 1.06421192486246 0.3893385742971949 0
3880 12.47610632291616 0.3747231656978282 0
3881 9.362013228707681 -0.4120130745626778 0
3882 9.424000750022609 -0.3967149904163313 0
3883 1.765134673992554 -0.3799855146239181 0
3884 1.002338238791532 0.372098956752442 0
3885 10.62085717493805 -0.3723429064382904 0
3886 11.21400168391826 0.3753246906617144 0
3887 10.27540030711929 -0.4023978802693773 0
3888 1.800564694199288 -0.07349600413970175 0
3889 14.1237298886717 0.1415343622463069 0
3890 11.33242461459463 -0.3480036626195959 0
3891 11.28634486915996 -0.3809336896395898 0
3892 11.23290192337498 -0.3581444681173175 0
3893 0.1651822354920437 -0.07160167961541125 0
3894 11.1479271536869 -0.06700412321998542 0
3895 11.1150491001366 -0.08698892233403106 0
3896 11.11160491865258 -0.1298026467452466 0
3897 0.08152490116076688 -0.3752826587739826 0
3898 2.370840590303319 0.070469532415374 0
3899 2.412769134366667 0.07716172677902944 0
3900 2.429744157714534 0.1133489831074865 0
3901 2.454168834597963 0.08414101997090243 0
3902 2.470875417722495 0.1188027312657116 0
3903 2.495196490291678 0.08930089069462252 0
3904 2.510712394440848 0.1253424211566638 0
3905 2.536191594268242 0.09311892615348993 0
3906 2.550750992353144 0.1295603908507419 0
3907 10.30055916864099 -0.06995479821383253 0
3908 10.42392019792169 -0.4067324234192942 0
3909 1.841384351199778 0.0687060059955743 0
3910 1.330543861906574 0.06433843392103236 0
3911 11.03293004646054 -0.06884778756026008 0
3912 9.546589366566531 -0.06705007038247872 0
3913 10.88570210184177 -0.06959446049803339 0
3914 10.84947577383877 -0.08850717088887369 0
3915 10.84706974270916 -0.128923903163954 0
3916 10.8113963892082 -0.1053177306416244 0
3917 10.80956051880874 -0.1446147349728601 0
3918 10.7722808461936 -0.1221098960075804 0
3919 10.77502558910502 -0.08243578682126219 0
3920 10.73511688140045 -0.1006820655436927 0
3921 12.46836610634132 -0.3302382985611509 0
3922 12.43480021319358 -0.3743508591238366 0
3923 12.4885903733478 -0.3797492265535439 0
3924 12.37870608889114 -0.3665024155493749 0
3925 11.71123466186301 -0.335492874785761 0
3926 11.67385929058713 -0.3720238862190217 0
3927 11.73245649456816 -0.3942384735447108 0
3928 11.62369029198926 -0.3548981556549685 0
3929 12.81243272961456 -0.3329692288285982 0
3930 12.78067746004313 -0.3794118619309353 0
3931 12.84203170917831 -0.3851760515660962 0
3932 12.72360742574963 -0.3765672798630265 0
3933 8.356081724295482 -0.06923172553937923 0
3934 8.313693139685592 -0.0712652692764584 0
3935 8.293566133858617 -0.106276240087891 0
3936 8.271685171640721 -0.07320572020982302 0
3937 8.251974761590471 -0.108897967155125 0
3938 8.230439150468218 -0.07569753255687463 0
3939 8.211722917211864 -0.1131899872357903 0
3940 8.189189834237157 -0.0798346416940581 0
3941 8.171050910422748 -0.1161838371917175 0
3942 8.14830036575572 -0.08353406003788745 0
3943 8.130341419938283 -0.1173243459940262 0
3944 8.10767219244477 -0.08656293961007672 0
3945 8.089566968816655 -0.1200279173509723 0
3946 8.066852998842242 -0.08916123962815739 0
3947 8.04862893167099 -0.1242463405239551 0
3948 8.02615333407342 -0.09283818258987805 0
3949 8.00714723680119 -0.1272629937618088 0
3950 7.985442568627673 -0.09555654528798602 0
3951 7.966412509026105 -0.1291306383845394 0
3952 7.944728561800131 -0.09778179182744659 0
3953 7.926055287242701 -0.131688060947058 0
3954 7.903622035350736 -0.1001570960519661 0
3955 7.885512895230001 -0.1359225039904284 0
3956 7.86205419740608 -0.1024544010180914 0
3957 8.397254659482593 -0.06603739605430078 0
3958 7.843560457194312 -0.1380431099388517 0
3959 7.821278245162592 -0.1039301139860005 0
3960 7.80314735360808 -0.1382630108826831 0
3961 7.780558180275872 -0.1052243332152429 0
3962 7.798908698402062 -0.07045060413725074 0
3963 7.757926714213852 -0.07183809122703746 0
3964 7.739182115710625 -0.1069757066703433 0
3965 7.716396828807564 -0.07333283880596017 0
3966 7.696840122748776 -0.1086406347410401 0
3967 7.674448517825629 -0.07488437244721256 0
3968 12.04074507200387 -0.3385878007400452 0
3969 12.0024104826785 -0.3786656603561029 0
3970 12.0562369963828 -0.3966720141919585 0
3971 11.95031349566051 -0.3660696738858287 0
3972 2.722000587044819 0.07104789961456144 0
3973 2.764376726889364 0.07276733187919283 0
3974 2.781994527762601 0.1090375628408377 0
3975 2.806230544210285 0.07540870411275609 0
3976 2.822835742009297 0.1130943159831179 0
3977 2.847098501764047 0.08081833524582244 0
3978 2.863367783637296 0.1192813216081954 0
3979 2.889075704664017 0.08783980534829527 0
3980 2.904381106535221 0.1242095910208226 0
3981 2.929765119688808 0.09256246581556528 0
3982 2.944575155117447 0.1269241311914491 0
3983 2.970395006468731 0.09630351042729501 0
3984 2.986317932984476 0.1308775236064281 0
3985 3.011326222484732 0.09983283606876033 0
3986 3.027586540470752 0.1362069908198308 0
3987 3.052424325628483 0.1028007455962625 0
3988 3.070890267470658 0.1389673894927701 0
3989 3.092813795373839 0.104480279998433 0
3990 2.680225837266383 0.06993680293869481 0
3991 3.075978336201762 0.07006296242149485 0
3992 3.116366243535353 0.07257469781642531 0
3993 3.132326960404856 0.1076886071571745 0
3994 3.156488367285277 0.07461013698536664 0
3995 3.172650676046455 0.112416177111157 0
3996 3.196982663157086 0.07998488001626175 0
3997 0.2902412378196534 -0.3374655540920531 0
3998 0.2561252325930031 -0.3894174785020935 0
3999 0.3185033871402955 -0.389562684470416 0
4000 0.6997956314088756 0.06760192122768738 0
4001 0.6637281609077818 0.08541495033250782 0
4002 0.6631495450359537 0.1247346625057893 0
4003 0.627839758979388 0.105321504738448 0
4004 0.6277503448427628 0.06718248277193237 0
4005 0.5920991606555888 0.08476271177041028 0
4006 0.592586802507939 0.1239384067382436 0
4007 0.5570482036794883 0.1039154265546112 0
4008 10.65644707742006 -0.1344395404029437 0
4009 9.322202554631861 -0.06878590055537348 0
4010 9.279970546602076 -0.07365859310204144 0
4011 0.5575729121464372 0.06623553512090183 0
4012 0.5228111800714099 0.08402084716664551 0
4013 3.214185626318421 0.1165493269720277 0
4014 3.237447785776435 0.08491160911059954 0
4015 3.255929494176184 0.1199826555782167 0
4016 3.278505798283051 0.08915620154352799 0
4017 2.330483203874786 0.06386922533244802 0
4018 10.73284952701236 -0.1394927180999481 0
4019 11.34049239017019 -0.408967800683066 0
4020 2.081947820548856 0.06838982034537566 0
4021 2.123910844363736 0.07342535736354018 0
4022 2.14021904173362 0.1130867794446681 0
4023 2.165075621074196 0.07969027932616755 0
4024 2.183455985464434 0.1183206475833407 0
4025 2.208637668745019 0.0865924860323055 0
4026 9.789561149546495 -0.0653498188511237 0
4027 0.5214445393404723 0.1216947584624052 0
4028 0.487834681299011 0.1017671084575945 0
4029 9.266411503158544 -0.1098995924743095 0
4030 9.239478018075506 -0.0813206250597652 0
4031 9.226604004062501 -0.1179425768732747 0
4032 9.19811882588534 -0.0886035846981791 0
4033 9.184064871163244 -0.1255380222293411 0
4034 9.156183285278853 -0.0947664916920148 0
4035 11.42670806325913 -0.06214354953446834 0
4036 14.39927550335946 -0.1211989863355514 0
4037 14.48847742624269 -0.002873217906301624 0
4038 10.19960147193551 -0.06503731459996014 0
4039 10.15718778088071 -0.07783525641973887 0
4040 10.14727821271899 -0.1155933169375557 0
4041 10.11741665957805 -0.08843191915156051 0
4042 10.10646848899354 -0.125941000332679 0
4043 10.07678951771996 -0.09788938126405013 0
4044 10.06363165314827 -0.1348479729454578 0
4045 10.03669556182547 -0.1061376907565448 0
4046 10.04757364329571 -0.07024480075861179 0
4047 10.00743653538765 -0.07909324367794755 0
4048 9.998620156634454 -0.1168979140884844 0
4049 9.968793553955321 -0.09062908066809548 0
4050 1.441550419577075 0.065783832954716 0
4051 1.48155140813483 0.07699235209994676 0
4052 1.491388932905712 0.1160988509211731 0
4053 1.52187449269135 0.08897112415129185 0
4054 1.532568017712812 0.127501533572916 0
4055 1.561759003998263 0.09920977407990943 0
4056 1.573764623244525 0.1362614414881368 0
4057 1.600331380149627 0.1084405030593872 0
4058 1.591346207826432 0.07199739553482952 0
4059 1.628791985076074 0.08481630114905439 0
4060 1.636947255946316 0.1190537023554284 0
4061 1.66803541369518 0.09615663649621121 0
4062 7.881359150249203 -0.06757482422842696 0
4063 8.111863079080667 -0.1473113251325239 0
4064 10.55618092354178 -0.06637333522032482 0
4065 11.67888291700451 -0.06410761378784136 0
4066 11.71725328387967 -0.07653138461385847 0
4067 11.72728187768876 -0.114570755953502 0
4068 11.7561289532435 -0.0881329667056059 0
4069 3.146613571976049 0.1471431489548918 0
4070 2.962045555635318 0.1575334966742932 0
4071 11.99253880275697 -0.06512412027681083 0
4072 12.03247413407766 -0.07320050500369779 0
4073 12.04512901783103 -0.1107954812185409 0
4074 12.07409995651741 -0.08091419997328968 0
4075 9.621383257196305 -0.4230033899611744 0
4076 9.675344757962364 -0.3954950804302196 0
4077 14.55279859453707 -0.1453978938523625 0
4078 14.65399392620574 -0.01387515699915786 0
4079 14.57730374043027 0.1285957897355082 0
4080 10.7378573333708 -0.06190361075327175 0
4081 0.4889764683959456 0.06425263735940753 0
4082 0.4543041923226175 0.08157510543418878 0
4083 0.4534758366161601 0.1228232096449701 0
4084 0.4175805562140534 0.1016947694495848 0
4085 5.338257576505406 0.4127047679227991 0
4086 5.28859351991108 0.4132577150968071 0
4087 5.414807544155416 0.4159561335406317 0
4088 1.203086805139722 0.1132981662706204 0
4089 1.193507852393215 0.06898319852047806 0
4090 10.43456539421542 -0.1131570028424243 0
4091 10.4492936646546 -0.06805568036642556 0
4092 10.2217501028014 -0.4216441126251739 0
4093 1.066257104943666 0.1088024074384422 0
4094 1.056363232267898 0.06598678862569379 0
4095 0.8394258522931543 0.0623796757906574 0
4096 2.995383448502759 0.06519642324532759 0
4097 5.404891394690364 0.06535809196008081 0
4098 5.444409291387585 0.06442601273577336 0
4099 5.46436992593387 0.09745860047533347 0
4100 5.484196823733133 0.06469650961907783 0
4101 5.504344313256231 0.09737564443772773 0
4102 5.524334887499738 0.06462835093905817 0
4103 5.544403219097349 0.09895308675356962 0
4104 5.564422017351404 0.06482225563971297 0
4105 5.584655056868351 0.0995974490796054 0
4106 5.604458127326646 0.06505109703447885 0
4107 5.624610118846972 0.09811791303363063 0
4108 5.644295002127876 0.06526930953435081 0
4109 5.664468880013631 0.09818004687380502 0
4110 5.684603860387179 0.06510600994691618 0
4111 5.704461243229049 0.1003658570426438 0
4112 5.724657090174347 0.06547204051006768 0
4113 5.744697033385702 0.101549930029591 0
4114 5.76471982378912 0.06577898108153402 0
4115 5.784791290157537 0.1013390424470201 0
4116 5.804086481487424 0.06709629187124128 0
4117 5.823900821006757 0.1013928325073035 0
4118 5.843616844722634 0.06755821838763044 0
4119 5.863364161683368 0.1017274007822004 0
4120 5.883477690668268 0.0677735337224403 0
4121 5.903629292860274 0.1019159679676031 0
4122 5.923596663667216 0.06777864695023214 0
4123 5.943950375541053 0.1016234172449487 0
4124 5.963823985464364 0.06763598721624903 0
4125 5.984077670019099 0.1011681085795512 0
4126 6.003961526794638 0.0677292785219314 0
4127 6.023947293081932 0.1019296774985673 0
4128 6.044569369201662 0.06787382921068909 0
4129 6.065127624561984 0.1018777898675417 0
4130 6.085489697692094 0.06777777268575555 0
4131 6.106251755757272 0.1022213520793711 0
4132 6.125579372589564 0.06802967154518855 0
4133 5.804731187178118 0.1354898296050091 0
4134 5.68425349965919 0.1341583741615401 0
4135 6.145656130175253 0.1016738852458681 0
4136 6.165566141998707 0.0680578377312305 0
4137 6.185518893935795 0.1016686577509875 0
4138 6.205499429857928 0.06839900056428103 0
4139 6.224884966407572 0.1028765125113041 0
4140 6.245634414080884 0.06872629364831662 0
4141 6.266122040574396 0.1030327362192931 0
4142 6.285943505693394 0.06863889981217887 0
4143 6.306383761649617 0.101786552588027 0
4144 6.326013358850021 0.06863019286355783 0
4145 6.346031841167133 0.102369710140448 0
4146 6.366066006284701 0.06912469355231712 0
4147 6.385415551157276 0.1039490942002509 0
4148 6.406114405145596 0.06967364436021234 0
4149 6.425943238485716 0.1046087443451519 0
4150 6.446708193349091 0.06985345210696005 0
4151 6.467811286206075 0.103948004449319 0
4152 6.487459465939473 0.06985593448744841 0
4153 6.508196141744344 0.1022585273616466 0
4154 6.527590668063887 0.06957429432730911 0
4155 5.963096225461205 0.1355845041743966 0
4156 5.36698383730443 0.06451976994248404 0
4157 6.547116636995835 0.1023773285578285 0
4158 6.567877020380633 0.07007416408657531 0
4159 6.587154868416362 0.1037173190227472 0
4160 6.608220898969241 0.07050868993493664 0
4161 6.628679553007576 0.1039666924948969 0
4162 6.648678843370028 0.0708213889957891 0
4163 6.362702099073953 0.1384101804231105 0
4164 6.49152110079474 0.1374939637332745 0
4165 6.66902271382822 0.103144752128829 0
4166 6.689044005304755 0.07087683402017099 0
4167 6.70864740744196 0.1045548835275228 0
4168 6.728305384643743 0.070995214222147 0
4169 6.747079534806152 0.1057066116440346 0
4170 6.768232809943223 0.07131195560281529 0
4171 6.78818224868537 0.105962672619879 0
4172 6.809023085348682 0.07140197111082901 0
4173 6.830335264824815 0.1049988686832859 0
4174 6.849882906650771 0.0713944451456566 0
4175 6.870825637007048 0.103014238310268 0
4176 6.890039904142279 0.07105310954807696 0
4177 6.909805737773877 0.1032775002986437 0
4178 6.930447827613421 0.07175466506440868 0
4179 6.949795410703635 0.1048959101912617 0
4180 6.97098200968982 0.07231538270163135 0
4181 6.991718923571509 0.1055142725627441 0
4182 7.011765996489066 0.0728321188356206 0
4183 11.29251925855529 -0.09858963773478945 0
4184 2.272088254618744 0.4178919514731694 0
4185 2.215776605676096 0.3992507652096582 0
4186 2.335431291734098 0.4240808349777332 0
4187 12.40234147547358 -0.4215402174965195 0
4188 12.34210336100035 -0.4097863154489956 0
4189 7.749225144095164 -0.4162116493427963 0
4190 7.813088551721658 -0.4066576909701172 0
4191 7.680742381441483 -0.4248924893431515 0
4192 13.08204033029892 -0.3737318279673419 0
4193 13.11712763742844 -0.3177712267882555 0
4194 7.655260546512228 -0.1099632209596634 0
4195 7.633470294466624 -0.07954017760125826 0
4196 7.614555996243578 -0.1131971648844018 0
4197 7.591598794954189 -0.08239429523898326 0
4198 0.4191429336692344 0.06102682584247134 0
4199 0.3821184030636445 0.07880084172027391 0
4200 0.3789471537734341 0.1205234902979115 0
4201 0.3450497536507453 0.09661819499180925 0
4202 11.50000977383831 -0.4183099713131219 0
4203 11.6345741462269 -0.4079002514215162 0
4204 2.154398075685603 0.1514601422393764 0
4205 11.23860634622487 -0.4211070432576847 0
4206 11.17872266408292 -0.3897800281808605 0
4207 12.08475250597695 -0.1189223518243703 0
4208 12.1140513923814 -0.09056692154772833 0
4209 2.575604093651203 0.09707808696544508 0
4210 2.559786870674228 0.06212989700620321 0
4211 2.599134282487488 0.06544351805579332 0
4212 7.573829150328256 -0.1154305892508873 0
4213 7.550901497209357 -0.08514111839495643 0
4214 7.533250468650854 -0.1167247813886052 0
4215 7.510436659698597 -0.08739777693212086 0
4216 7.492592020017376 -0.1202949893701919 0
4217 7.469958648150834 -0.08889876154819766 0
4218 6.854563803854065 0.1374636860684409 0
4219 0.348064739045173 0.05737628470811351 0
4220 0.3126057227432034 0.07322869351317027 0
4221 0.3084104322595396 0.1116069585515188 0
4222 0.2765426155220598 0.08949742921163326 0
4223 0.2734667458906259 0.1275324600108123 0
4224 0.2401753384774268 0.1069076528671156 0
4225 0.2436808851457656 0.06819666960353042 0
4226 0.2064294341423632 0.08476706552241799 0
4227 0.2030228992464146 0.1247801630476427 0
4228 0.1688022812068919 0.1018513776282427 0
4229 0.164620143972009 0.142637642008773 0
4230 0.1300412773771177 0.1183668081715211 0
4231 0.1248057820760249 0.1605130586355764 0
4232 0.1355193517621876 0.07810250948636398 0
4233 0.09765361328963079 0.09401077543545971 0
4234 0.1610506814146305 0.1848460478346418 0
4235 0.1217737340648149 0.2066292209719189 0
4236 0.08224715965965596 0.1773800991437058 0
4237 9.961329688563694 -0.1278409765677342 0
4238 9.930408916359941 -0.100667017561297 0
4239 9.938134935177079 -0.06330277517313904 0
4240 9.899567950754236 -0.0715181391743617 0
4241 11.76638459278574 -0.125177589068438 0
4242 11.79459234111394 -0.09887999098608782 0
4243 11.78416008253394 -0.06199245616424956 0
4244 11.81996341999258 -0.07160462269176729 0
4245 10.51296562381762 -0.411637217772415 0
4246 3.296093643592125 0.1218626415322198 0
4247 3.318954897258966 0.09275057684389661 0
4248 3.335473203633649 0.1254119031590584 0
4249 3.359808654785355 0.09654854011266492 0
4250 3.376309865478627 0.1307437271966701 0
4251 3.401242303863137 0.1002899173440715 0
4252 3.38400674498564 0.06646833671159932 0
4253 3.425026979124078 0.06899528652881246 0
4254 3.442199421747957 0.1036796368956781 0
4255 3.465724379857975 0.07175310107821856 0
4256 3.482769682432465 0.109425132423092 0
4257 3.505185922914769 0.07438676569661279 0
4258 3.522572390965926 0.1122647448776197 0
4259 3.54531359803036 0.07677509109717937 0
4260 3.564132742609954 0.1120148636448696 0
4261 3.585981665908283 0.07975863902473695 0
4262 3.604006089541376 0.1161648346879652 0
4263 3.625784225521906 0.08508373140093309 0
4264 3.643852476584136 0.1222405568967596 0
4265 3.665358517701859 0.09026180924132904 0
4266 3.683675069041133 0.1258193729137261 0
4267 3.704474057378885 0.09425445898017576 0
4268 3.723077463231502 0.1284553646240459 0
4269 3.744439663751971 0.09703594767646684 0
4270 3.763915601244225 0.1315354310814808 0
4271 3.785451243466204 0.09935238945439619 0
4272 3.805602452961337 0.1348155524472745 0
4273 3.825338286061187 0.1018069818737589 0
4274 3.844106036858623 0.1369879640128919 0
4275 3.865707202568967 0.1040125521512388 0
4276 3.58197646599604 0.1468792874654961 0
4277 3.845909633591263 0.0686749451154037 0
4278 3.887826222810391 0.07043561873612494 0
4279 3.90733042542574 0.10653770422085 0
4280 3.930394586391817 0.07231217317752887 0
4281 3.950015809149356 0.1089376418754432 0
4282 3.972935409650836 0.07400706553874986 0
4283 3.993353091733361 0.1105576365226646 0
4284 4.014484226170064 0.07566095435570672 0
4285 4.033390508465935 0.1122790216208516 0
4286 4.05584228556405 0.07916438327714179 0
4287 4.073905656563992 0.1153641447043451 0
4288 4.096671905784681 0.08333346578462586 0
4289 4.113855355948552 0.1181222812063064 0
4290 4.137440023060211 0.08681557651902749 0
4291 4.155879698507144 0.1209622698035752 0
4292 4.178678001136969 0.08960726264405325 0
4293 4.198408089464109 0.1232911728211686 0
4294 4.21982409975436 0.09176565892212846 0
4295 3.701339365511581 0.1603757283824128 0
4296 3.458331027023988 0.1363104073307138 0
4297 3.76492848233066 0.06527441186726672 0
4298 7.963861651278717 -0.06421926374890703 0
4299 3.301724730034256 0.06019895703938746 0
4300 7.720464870547843 -0.1429299094598188 0
4301 9.138672055818695 -0.1316210253718955 0
4302 9.114111498425819 -0.09929141631911693 0
4303 9.094331922275284 -0.1343232258095582 0
4304 9.073996700161057 -0.1023037871799659 0
4305 9.090690810069741 -0.06837370657041317 0
4306 9.050742637285605 -0.07250160128381958 0
4307 9.035660997243616 -0.1075450421952453 0
4308 9.011023853050201 -0.07905473734277689 0
4309 8.996271270284842 -0.1163067387178253 0
4310 8.970855258474071 -0.08654755882400256 0
4311 8.95527875124028 -0.1249635094818249 0
4312 8.930379134054569 -0.09303383932595702 0
4313 8.914113670597313 -0.1328943598680867 0
4314 8.88968253023272 -0.09958440641528038 0
4315 8.981782041603797 -0.1541775561266494 0
4316 8.90528588755482 -0.06406052353368714 0
4317 8.864564804382178 -0.068241180097876 0
4318 8.849401522334592 -0.1038086295708265 0
4319 8.824329457569128 -0.07174991454970732 0
4320 8.809524489426972 -0.1082583150206893 0
4321 8.785099754501925 -0.0755763854949639 0
4322 8.770046446775178 -0.1144288820155247 0
4323 8.745226557961397 -0.08218643183801788 0
4324 8.72958882930601 -0.1208922001555715 0
4325 8.705199308418223 -0.08830597225812242 0
4326 8.688176599646521 -0.1246081793233444 0
4327 8.664709059273351 -0.0926243554020017 0
4328 8.648417791390331 -0.127956040395538 0
4329 8.623066295425854 -0.09588436091753229 0
4330 8.606596627665592 -0.1318430917151736 0
4331 8.579556506982513 -0.1001591081562062 0
4332 8.562528882162667 -0.1380345206743005 0
4333 8.529985571659587 -0.1035603032372033 0
4334 8.556051151208797 -0.06662798952299503 0
4335 8.517565569518116 -0.06107242582338195 0
4336 8.794168406796786 -0.1447900285378897 0
4337 8.518525941801091 -0.146400145466772 0
4338 0.1023350790629985 0.05630056760041011 0
4339 10.66286073429864 -0.0566389338704608 0
4340 11.83444452236493 -0.1090015421709411 0
4341 11.95183292299811 -0.05710928770340862 0
4342 7.032527763545609 0.1048185463897718 0
4343 7.052113123196026 0.07277474314948562 0
4344 7.072584225547716 0.1057851053105047 0
4345 7.092832255316031 0.0735908331698065 0
4346 7.113104386560132 0.1064330701220004 0
4347 7.133531883990573 0.0742716264699974 0
4348 7.153263861083901 0.1066802701583394 0
4349 7.174261238126235 0.07492345776241631 0
4350 7.194356166328934 0.1090430274362562 0
4351 7.214151199726876 0.07479130259380495 0
4352 7.235320593880592 0.1078890844423405 0
4353 7.254398745461565 0.07450911684617981 0
4354 2.015902053229838 0.4184702572602987 0
4355 1.956412994792343 0.4031031379730447 0
4356 1.672619350095233 0.1307027201562607 0
4357 1.70413937774296 0.1045122524095145 0
4358 1.694245144794469 0.06263386339710099 0
4359 1.735600246293322 0.07610281129945008 0
4360 4.239017159893278 0.1238181094565751 0
4361 4.260447228702836 0.09354253508012762 0
4362 4.278080729415688 0.126261635883189 0
4363 4.301337563589626 0.09672051985366292 0
4364 4.318403345080962 0.1317471135784657 0
4365 4.34236419609906 0.09974261515945677 0
4366 4.322950034431543 0.06534798407048675 0
4367 4.364107539631638 0.06747722877200386 0
4368 4.383170832205049 0.1026373518762775 0
4369 4.405241999298817 0.06957729908939812 0
4370 4.424321953926577 0.1070497558510888 0
4371 4.44516003969606 0.07199945743110146 0
4372 4.463221900247236 0.1093915563791747 0
4373 4.48500055239338 0.07370688170739809 0
4374 4.503908362902394 0.1102712665026531 0
4375 4.525538383062457 0.07581506510367794 0
4376 4.543782894269413 0.1137592476425274 0
4377 4.566556634768187 0.07744317913729677 0
4378 4.584808757211592 0.1176438903949341 0
4379 4.608053439471756 0.08131302820278385 0
4380 4.626562942579504 0.1208247449975021 0
4381 4.650720401118136 0.08757253969002765 0
4382 4.667433320186285 0.1230331244991082 0
4383 4.691649625099301 0.09149298653209925 0
4384 4.707963049426691 0.125511705396207 0
4385 4.732313576995621 0.09439239478655551 0
4386 4.748905164568146 0.1282031934699293 0
4387 4.773075772599693 0.0965415954404536 0
4388 4.790308335846659 0.1306999646568654 0
4389 4.81376836646289 0.09794977907922559 0
4390 4.83031639123357 0.1318580959542489 0
4391 4.854525308137786 0.09948695115023334 0
4392 4.644613402204802 0.1573503448634782 0
4393 4.872171866133673 0.1334300668806025 0
4394 4.895576788870699 0.1011530915065427 0
4395 4.914156330746414 0.1368298839344495 0
4396 4.937218094225509 0.103339292101545 0
4397 4.957146821972552 0.1388564233868722 0
4398 4.978484325176987 0.1048826089465779 0
4399 4.959406900247478 0.0699249579618131 0
4400 5.000086119888789 0.07114602883878801 0
4401 5.019034149997447 0.1062098176741714 0
4402 5.040676946213463 0.07203720068365553 0
4403 5.059533015012454 0.1085159138445442 0
4404 5.081270982972669 0.0739103846140379 0
4405 5.100932627758743 0.1123945581252268 0
4406 5.121601721701882 0.07639901086884363 0
4407 5.141187326957894 0.1147829555495309 0
4408 5.162580434906176 0.07802094061010464 0
4409 5.181715858707605 0.1152180480749288 0
4410 5.205615646375594 0.08140879739696902 0
4411 5.222971643898785 0.1212235193275786 0
4412 5.247468044759397 0.08693132528855209 0
4413 5.077890907394835 0.1456225489020925 0
4414 4.80978692763715 0.1675671956591162 0
4415 5.196123086644961 0.1523808537994297 0
4416 4.521736929112905 0.1468945055351893 0
4417 4.877937000131649 0.06696994327702457 0
4418 4.796812036202419 0.06469445706265968 0
4419 4.401793463566567 0.1340658987336989 0
4420 8.641930561955753 -0.06221384370972619 0
4421 7.654700807284898 -0.3634634342449469 0
4422 11.96515081933315 -0.4209267126222815 0
4423 11.90913766581245 -0.4131929713303761 0
4424 7.616109085272037 -0.4079986420566928 0
4425 0.8790581081131663 0.4181629369455824 0
4426 4.24149209064754 0.06152697311793962 0
4427 0.7735956305924118 0.4143479689573284 0
4428 0.7306409428115545 0.3884546119568225 0
4429 9.170933528552823 -0.05946683391253125 0
4430 10.3646251387956 -0.4210081301117662 0
4431 2.630158206433966 0.4176689949950378 0
4432 2.567367172604726 0.4123189390270395 0
4433 2.687795411300878 0.4240777407607252 0
4434 1.115487928316419 0.4183470901927131 0
4435 7.092845614854966 0.1440860725563967 0
4436 0.9511879381585557 0.0590647262238652 0
4437 9.992785109171983 -0.1561675519322347 0
4438 7.274347169131969 0.1061299698833499 0
4439 7.294313501123886 0.07366305932623635 0
4440 7.313843779147609 0.1076125653835404 0
4441 7.335470920621745 0.07441139218311939 0
4442 7.355235451972369 0.1093510391019058 0
4443 7.376659337732499 0.07542274013301052 0
4444 9.296741821399623 -0.4164213984022111 0
4445 1.410505081836241 0.4150119341596626 0
4446 2.074697232998883 0.4149075871343797 0
4447 11.28532694405158 -0.0505187804336963 0
4448 11.32058406267318 -0.06537024835934287 0
4449 2.604793840781094 0.1704331496847606 0
4450 6.724220468332348 0.1398145140563232 0
4451 1.641178314620071 0.1548120087099748 0
4452 12.10382913887375 -0.05407858034255018 0
4453 12.14421044574635 -0.06270064809692941 0
4454 12.15125509729499 -0.09830077246143919 0
4455 10.48786160262405 -0.05756657810956446 0
4456 12.39743470780314 0.4302127150320068 0
4457 12.45344399689804 0.4248169028185212 0
4458 0.1510906601848228 0.4162015970092246 0
4459 9.884845049160567 -0.1554586478099644 0
4460 9.636472104456011 -0.1640076762736902 0
4461 7.596254981778135 -0.1520936182510939 0
4462 1.747702738574552 0.1617630769889215 0
4463 2.246013992328348 0.161041102635264 0
4464 12.4558412976716 -0.4256321909722728 0
4465 9.404714589981204 -0.06039585613256862 0
4466 12.3415749588179 0.427467391889966 0
4467 12.30589979477323 0.3765151753692038 0
4468 1.711913735421142 -0.142188177305897 0
4469 1.694313047455658 -0.1057947987686402 0
4470 1.718119772656483 -0.07129892819316341 0
4471 1.67777289143218 -0.07005254670902152 0
4472 1.654066333679169 -0.1043911788248804 0
4473 1.637465617620264 -0.06881478274393552 0
4474 1.613393224599786 -0.1027180671878304 0
4475 1.597186965332449 -0.06710615547654081 0
4476 1.572898524636334 -0.09924881226688645 0
4477 1.557171653510341 -0.06493447262561587 0
4478 1.533261417523603 -0.09539608265707944 0
4479 1.517469803134555 -0.06291313936861559 0
4480 1.494085427906144 -0.09318438783292758 0
4481 1.510557669815903 -0.1262488768446879 0
4482 1.477840557895372 -0.0611169960677921 0
4483 1.454647296020116 -0.09276463958203779 0
4484 1.438097234325229 -0.0580004751197547 0
4485 1.414123158666359 -0.08801473728472937 0
4486 5.524099229907381 0.1331600232371465 0
4487 0.1098254977641143 -0.4231892337976457 0
4488 10.40879176325693 -0.0740760594554972 0
4489 1.851157532184448 -0.4303804403789363 0
4490 0.06436602486070012 -0.1003645503936782 0
4491 0.07986151704768513 -0.06332213490063104 0
4492 11.58859705458541 -0.3913468013930526 0
4493 1.23066409069654 0.08000107926218139 0
4494 2.914867568249342 0.05870300117205588 0
4495 1.79512472824374 -0.4267727078560514 0
4496 10.85921502885294 -0.4123357980358731 0
4497 10.81394944645724 -0.3795153099034247 0
4498 4.715940710212925 0.0612954033324139 0
4499 7.21835058299865 0.1487124084775501 0
4500 5.288380529318613 0.1675017562186628 0
4501 11.49865177336946 -0.05583970990574003 0
4502 11.52861621079495 -0.06948964502462728 0
4503 11.64241239783093 -0.04889000187176219 0
4504 12.50141843032549 0.4191145509399439 0
4505 1.907472333906774 -0.4268862778058649 0
4506 1.938164461410326 -0.3745116316958936 0
4507 1.959481628804699 -0.4206717616419562 0
4508 1.993780626119346 -0.377450157378867 0
4509 0.06288585772350395 -0.3029503889820324 0
4510 6.201613821068309 0.136789662673576 0
4511 8.04449614568286 -0.05869557117079012 0
4512 11.12944736502465 0.42584863936318 0
4513 11.18572388691256 0.4258175757325613 0
4514 11.24272250616754 0.424726283254705 0
4515 1.398248872633486 -0.05230048945878717 0
4516 1.373029449096777 -0.08141822769852747 0
4517 1.391097709720771 -0.1201237106712114 0
4518 1.350119766508137 -0.1129982348846878 0
4519 1.33129160662688 -0.07566683985713152 0
4520 1.307269661328731 -0.1074732310615276 0
4521 1.28944690690035 -0.07176078643341707 0
4522 1.266912846525612 -0.1021368691620548 0
4523 1.248828173261087 -0.06878665824504086 0
4524 1.22826696341303 -0.09964390445218348 0
4525 1.208547448357369 -0.0669438417739105 0
4526 1.18847935184403 -0.09900485850114381 0
4527 1.167850013039608 -0.06541424339203841 0
4528 1.14781985396719 -0.09696078182379157 0
4529 1.127116914576817 -0.06361963403235088 0
4530 1.106630794557725 -0.09443075577564772 0
4531 1.087369071741131 -0.06138173266814685 0
4532 1.068760275398861 -0.09024619844658857 0
4533 1.04848702990633 -0.05880365073214842 0
4534 1.028811101415677 -0.08724553859663246 0
4535 1.01048932747415 -0.05552453226682306 0
4536 0.9891643289913776 -0.08469927702331181 0
4537 1.268365259519509 0.4208546626644152 0
4538 10.95479585033197 -0.4197422595093642 0
4539 11.01602620335149 -0.3982753346819595 0
4540 8.669271925458951 -0.161518233500714 0
4541 1.08294298515068 -0.1266400766921038 0
4542 0.7287822658737843 -0.4310760142925473 0
4543 0.6727286386855679 -0.4274780758034976 0
4544 0.7829853961395437 -0.4277805922669474 0
4545 8.23429499498477 -0.1465422712126452 0
4546 4.087626344440968 0.1520084359896773 0
4547 7.487652940977673 -0.0585300685826856 0
4548 7.447573952611165 -0.0596989027020448 0
4549 7.430173333158914 -0.09027653076999245 0
4550 7.407646999544134 -0.06084360489455191 0
4551 7.390496253602187 -0.09227383528924246 0
4552 7.367620906999009 -0.06196931472588105 0
4553 7.350106548085535 -0.09333730952126217 0
4554 7.327478490475915 -0.06330258787097112 0
4555 7.309847252077084 -0.09614814032225394 0
4556 7.287374324166028 -0.0649371331275426 0
4557 7.269821605046394 -0.09845914967452188 0
4558 7.247261262153506 -0.06674106466573797 0
4559 7.229292679762167 -0.1026518614387427 0
4560 7.207278643274742 -0.06790851114847204 0
4561 7.189388793177393 -0.1026275149402997 0
4562 7.167646698396772 -0.0683338196273735 0
4563 7.150568761298183 -0.1022485884237689 0
4564 7.128199832526239 -0.06914173859172063 0
4565 7.111044396955357 -0.1049757841418617 0
4566 7.088666944205451 -0.07051962444916185 0
4567 7.070500856862567 -0.1081596100461049 0
4568 7.0483076578381 -0.0719175834968579 0
4569 7.029485568395598 -0.1095213695962584 0
4570 7.007787827297181 -0.07287351843917661 0
4571 6.989190414162412 -0.1103386150569187 0
4572 6.967504772309646 -0.07370621514566492 0
4573 6.949392951417587 -0.1115078329809036 0
4574 6.927417459470227 -0.07439290730550166 0
4575 6.90848064243824 -0.1132295982133571 0
4576 6.886657976709293 -0.07566380806062156 0
4577 6.867293046487491 -0.1142688775490243 0
4578 6.846141962523269 -0.07652984578407049 0
4579 6.8268972857149 -0.1150336429511949 0
4580 6.805724025358598 -0.07746241665869744 0
4581 6.786463958484913 -0.1169296120542442 0
4582 6.765092323046924 -0.0810762079033237 0
4583 6.745548185878476 -0.1193784493117456 0
4584 6.724189518627174 -0.08531967505178345 0
4585 6.705584995231871 -0.1208075783984193 0
4586 6.683304833879859 -0.08784642686283256 0
4587 6.664658069827408 -0.1230387081986755 0
4588 6.642397659699555 -0.09006842411084506 0
4589 6.624388619007442 -0.1271781874573353 0
4590 6.601354862056056 -0.09224798534864977 0
4591 6.582192209524962 -0.1302051440968717 0
4592 6.559899379930965 -0.09457499166909866 0
4593 6.540075793283368 -0.1313953121005665 0
4594 6.518661170886736 -0.09697175581677728 0
4595 6.500084301790146 -0.1310286785277875 0
4596 6.477670984380368 -0.09849022428753181 0
4597 6.459043143621543 -0.1320070514844364 0
4598 6.436383460738917 -0.1005929893849635 0
4599 7.171067530406059 -0.1357495305363692 0
4600 6.417823094255295 -0.1354445768708473 0
4601 6.39469796029868 -0.1025547321354925 0
4602 6.375559364164488 -0.1377266267322486 0
4603 6.352904724060112 -0.104006313795661 0
4604 6.333487891951138 -0.1389839267277979 0
4605 6.311287567170508 -0.105105126037492 0
4606 6.330277937473397 -0.0701942027606956 0
4607 6.289241018404331 -0.07096420745402028 0
4608 6.269367896913613 -0.1055420288867698 0
4609 6.248010964917732 -0.07111720515028941 0
4610 6.227754955263778 -0.1052136191619682 0
4611 6.207319790135422 -0.07104638157277166 0
4612 6.188489255362632 -0.1048209910282016 0
4613 6.167429331976663 -0.07166616963644057 0
4614 6.149034008981474 -0.1048786800802211 0
4615 6.127336340758401 -0.07299885677523277 0
4616 6.108095162989997 -0.1069777251971912 0
4617 6.086321986996603 -0.07323076195878207 0
4618 6.065625568464551 -0.10777266441571 0
4619 6.045122762296277 -0.07256664442617097 0
4620 6.024889634512292 -0.1067638361490119 0
4621 6.00481244216632 -0.07246714847514704 0
4622 5.986046396630416 -0.1080403769426934 0
4623 5.964858667060208 -0.07419494812967345 0
4624 5.946072723383608 -0.1127864182739386 0
4625 5.924513885147766 -0.07698543240129342 0
4626 5.905487571296685 -0.1149072245705713 0
4627 5.883748587514726 -0.0833720390808444 0
4628 5.865978495516074 -0.1188743517020672 0
4629 5.843173708761658 -0.08717383845296961 0
4630 5.824838498333418 -0.1240856739317525 0
4631 5.801954099272327 -0.09136660425551919 0
4632 5.78248062996262 -0.1295939910781695 0
4633 5.758684918634458 -0.09601328512483601 0
4634 5.739446464655416 -0.1326057742700547 0
4635 5.716565996305 -0.09770249822644386 0
4636 6.04204646291681 -0.1437070849821009 0
4637 5.761963265513948 -0.1663475903076196 0
4638 5.69741503284564 -0.1327037959701823 0
4639 5.676868038551286 -0.09672346823850778 0
4640 5.925103648885209 -0.1482762089033055 0
4641 6.205352856600115 -0.1384031321098692 0
4642 6.518868096549468 -0.1669972666437045 0
4643 7.291885940932927 -0.1299768724754435 0
4644 6.413732959535515 -0.0682530189106943 0
4645 6.496453821318745 -0.06539843215312643 0
4646 6.84736441288287 -0.1522411363112102 0
4647 6.970958402140591 -0.147794089055527 0
4648 7.376529614713236 -0.1315645498112934 0
4649 6.355689552625798 -0.1729049854985565 0
4650 5.692821552828463 -0.06445766879657967 0
4651 5.652580415079463 -0.06450911950241914 0
4652 5.636502215701392 -0.09673437980347988 0
4653 5.613079447923221 -0.06467054613621182 0
4654 5.598153064105103 -0.09765224302225461 0
4655 5.574425388054216 -0.06455951467522289 0
4656 5.558407975248411 -0.09580933792410376 0
4657 5.533651310341693 -0.06463615367863781 0
4658 5.517030035305094 -0.09766809900450879 0
4659 5.538590263861985 -0.1263925875052821 0
4660 5.493396819272805 -0.06501354283347231 0
4661 5.478515665055586 -0.09723841622727855 0
4662 5.453778548802072 -0.06544641454194942 0
4663 5.436868654477483 -0.09839071599864244 0
4664 5.412810307140465 -0.06640806828053644 0
4665 5.396266689482688 -0.1008410742348026 0
4666 5.372630981231655 -0.06736423186164066 0
4667 5.356737683696008 -0.1018376906515843 0
4668 5.332806477910072 -0.0678777367083644 0
4669 5.316957376113853 -0.1020335644510244 0
4670 5.293234317096184 -0.06811678287372563 0
4671 5.278124143471425 -0.1019560892612486 0
4672 5.253850743969585 -0.0684412391581411 0
4673 5.237286172546959 -0.1019570704238218 0
4674 5.21377021183229 -0.06906388574610582 0
4675 5.196645188671109 -0.1038130073984762 0
4676 5.173012574409832 -0.06965125403120229 0
4677 5.378639448518156 -0.1374969806290686 0
4678 5.157239119131407 -0.1047530902529278 0
4679 5.132611127395689 -0.07021515259596486 0
4680 5.116900390258056 -0.1057644694993022 0
4681 5.092263683044603 -0.07082397950930214 0
4682 5.076703914947782 -0.1067634028972411 0
4683 5.052051211950513 -0.07148688572025483 0
4684 5.036186417995539 -0.1077037220661513 0
4685 5.011725891053075 -0.07215295425906597 0
4686 4.994196932598699 -0.1080325041952406 0
4687 4.971476920876166 -0.07246972569221558 0
4688 5.221101503596888 -0.1380087049512663 0
4689 4.95188881726962 -0.1075719857979159 0
4690 4.930988792933737 -0.07293943004780414 0
4691 4.912412730467638 -0.1069906308016271 0
4692 4.890917776612651 -0.07312200547061862 0
4693 4.872675808855536 -0.1063152989237349 0
4694 4.850834136020845 -0.07367380992822689 0
4695 4.832413151693079 -0.1077169240588632 0
4696 4.810340781018352 -0.07318961673008456 0
4697 5.101526820143238 -0.1415966284177971 0
4698 6.578904178831872 -0.06217342273155887 0
4699 5.777502098455207 -0.06109994362302109 0
4700 6.661123929233607 -0.0566634397423279 0
4701 6.648993098361064 -0.1607787702281649 0
4702 4.85592993132122 -0.141206997451977 0
4703 5.861927242935209 -0.05113000375461204 0
4704 6.132973728628945 -0.1395996237596414 0
4705 7.051111782763799 -0.1472131314461437 0
4706 4.792881184587958 -0.1072449768654757 0
4707 4.770985300730969 -0.07321718160264208 0
4708 4.75540462903079 -0.1089136849135778 0
4709 4.732242574463705 -0.07569360198478046 0
4710 4.717447255873169 -0.1140654322429232 0
4711 4.692377314705683 -0.08121785826299831 0
4712 4.674169711759267 -0.1238739385355793 0
4713 4.651506509454095 -0.08615509678399957 0
4714 4.742604203731089 -0.1465329286008935 0
4715 6.743190661548641 -0.04913559724279571 0
4716 11.32292349271033 -0.1311795154977996 0
4717 3.685500436046334 0.06061356675283725 0
4718 10.84601847067564 -0.1698311660968289 0
4719 0.3130804227547714 -0.1160243947711652 0
4720 0.3343382896537488 -0.08132818096307397 0
4721 11.67988956233078 -0.4209139720684772 0
4722 1.631431142072621 -0.1398867704271171 0
4723 2.838809674320682 0.1523176134598623 0
4724 9.559875858424192 -0.4176278428741316 0
4725 11.07792290989865 0.1071842277269452 0
4726 11.06217738811506 0.07075473380189534 0
4727 5.943786969029976 -0.03804162560986869 0
4728 11.11650936893788 -0.04683196425988368 0
4729 12.90117715469139 -0.1237397205412545 0
4730 12.92197715553536 -0.08859207052586146 0
4731 12.90364481827485 -0.05581517479307464 0
4732 12.94396287691787 -0.05996730871528465 0
4733 12.96130988254258 -0.09193847486706255 0
4734 12.98437141817601 -0.06229463876353292 0
4735 8.475079587280197 -0.1608199057635013 0
4736 4.160184870927338 0.05712711049526926 0
4737 5.233270702086154 0.05158726636389106 0
4738 5.272062465355188 0.05555787137603739 0
4739 5.284701555414414 0.08632558938738916 0
4740 5.308061715741331 0.05697342657275196 0
4741 2.193211734784867 0.05145059371463927 0
4742 2.227806616420079 0.05650348505119832 0
4743 7.397539576229418 0.1110200740801417 0
4744 7.418691766705637 0.07708363317876112 0
4745 7.439938247748462 0.1136510985379991 0
4746 7.459642183397181 0.07992622718329166 0
4747 7.480213219027769 0.1175280428979806 0
4748 7.499967004865653 0.08137505749896462 0
4749 7.520624076339569 0.1164368257350346 0
4750 7.540326480806565 0.08229080096693481 0
4751 7.559639915051088 0.1145295305928833 0
4752 7.580628024611272 0.08296949059736101 0
4753 7.600318023989215 0.1150649908156813 0
4754 7.621206453617995 0.08343664764397359 0
4755 0.9340886475845492 0.3782503898393493 0
4756 12.56511998776411 -0.1210462358058401 0
4757 12.58538369288456 -0.08735239373963025 0
4758 12.56475083657504 -0.04939187326626612 0
4759 12.60592451991865 -0.05807719461220957 0
4760 12.62668445424285 -0.09194854153228683 0
4761 12.64347257236977 -0.06226863118599299 0
4762 12.66203923957439 -0.09661553146571866 0
4763 12.68070560895067 -0.06523642287752407 0
4764 12.6986675830494 -0.09940451610079877 0
4765 12.71865272392964 -0.06799142498348221 0
4766 12.64323646027434 -0.1277957898012765 0
4767 12.33151584440398 -0.1234532879467263 0
4768 12.35703329840875 -0.09135394541943062 0
4769 12.34629281552493 -0.05580373577128232 0
4770 12.38671641959236 -0.06250025611838739 0
4771 8.986451401420844 -0.04880429433469635 0
4772 12.28388916116492 0.4275099197961738 0
4773 12.24899575660364 0.3777697299350451 0
4774 5.853135225546277 -0.1550216518976272 0
4775 4.669497771041502 -0.04826531736391382 0
4776 4.631935093938216 -0.05634767870463116 0
4777 4.61136018352267 -0.08889170916214847 0
4778 4.594316309868565 -0.05942900716849437 0
4779 4.571592383253137 -0.09141498465062772 0
4780 4.589110490632536 -0.1216690250304235 0
4781 4.555394503771669 -0.06118874782441676 0
4782 4.532176869652778 -0.09376133121439115 0
4783 4.515884364396188 -0.0618784513607765 0
4784 4.492301416708587 -0.093160766115507 0
4785 4.47612753857242 -0.06167973496370448 0
4786 4.452909081579278 -0.09197530700740256 0
4787 4.46945397314512 -0.1219189851756713 0
4788 4.436067003656988 -0.06145520016820115 0
4789 4.412294493919934 -0.09204942570348081 0
4790 4.395649719240556 -0.06161361404166975 0
4791 4.373441889750598 -0.09462729850684459 0
4792 4.356175057429462 -0.06226311517098738 0
4793 4.332922030725968 -0.09394751622263005 0
4794 4.350702350921029 -0.1295366776732538 0
4795 4.31562724534171 -0.06161940306330295 0
4796 4.291650047146835 -0.09145830631109564 0
4797 4.274257835310641 -0.06067614336919804 0
4798 4.250064339610312 -0.09050565331935283 0
4799 4.233916251114475 -0.06114391646278409 0
4800 4.211739468749533 -0.09440245783299378 0
4801 4.195110492805736 -0.06299651544901103 0
4802 4.171571716016518 -0.09645968030271079 0
4803 4.155189568525913 -0.06362900516339978 0
4804 4.130882207579268 -0.09608371652313925 0
4805 4.11486075051247 -0.06311047926684163 0
4806 4.090489499967772 -0.09361410246398458 0
4807 4.07434606986261 -0.06247140366326442 0
4808 4.050169855540533 -0.09290388878632384 0
4809 4.033710032122513 -0.0628130125943431 0
4810 4.011938986182164 -0.0957149529302468 0
4811 3.994767564165996 -0.06358100279693721 0
4812 3.971015486763392 -0.09603831648534678 0
4813 3.954187650879105 -0.06357960569401361 0
4814 3.929935696002162 -0.09466501784590538 0
4815 3.913798989556215 -0.06364086998589696 0
4816 3.89008505181268 -0.09526384480460179 0
4817 3.874194894460133 -0.06443051267775729 0
4818 3.852278620818256 -0.09781156648373869 0
4819 3.834478950645398 -0.06533537446350207 0
4820 3.811041923764918 -0.09896160271507659 0
4821 3.793538492794146 -0.06562498682122335 0
4822 3.769535588602682 -0.09854660422019315 0
4823 3.752573424677489 -0.06529591179051027 0
4824 3.989271445870116 -0.1302786863911985 0
4825 3.728944193520867 -0.09675656840368961 0
4826 3.712489815714298 -0.0649733822550375 0
4827 3.68940183661339 -0.09650288255174669 0
4828 3.672700658211667 -0.06522088171389354 0
4829 3.650634473860666 -0.09756495946209474 0
4830 3.632617737807574 -0.06569978962721808 0
4831 3.60967201664085 -0.09780139619348181 0
4832 3.592315249878181 -0.06632547922724122 0
4833 3.569196835949165 -0.0996601101565304 0
4834 3.552001042401024 -0.06698701473639215 0
4835 3.530537333327769 -0.09976715975280033 0
4836 3.511252133211273 -0.06752805311092701 0
4837 3.490368488092731 -0.0998597851456595 0
4838 3.470671024623706 -0.06830762409295203 0
4839 3.450069287631421 -0.1019542112556938 0
4840 3.429730933114283 -0.06927432186167863 0
4841 3.408590757968089 -0.1037498938803492 0
4842 3.387967539810979 -0.06939179398859212 0
4843 4.10650241011138 -0.1279564143162774 0
4844 3.550372713875549 -0.137251193967797 0
4845 3.362814732390728 -0.1117876974284527 0
4846 3.348424578150255 -0.07037283109118495 0
4847 3.327325507990436 -0.09810023483364161 0
4848 3.30689126563592 -0.07072876461850056 0
4849 3.291648460553941 -0.1093637564258534 0
4850 3.268702153123532 -0.07212685625822438 0
4851 3.429618607072277 -0.1364987638202662 0
4852 3.745277168382882 -0.1314906987690427 0
4853 4.229944820958567 -0.1253952573135186 0
4854 3.247650273074241 -0.105390018391857 0
4855 3.229117123488572 -0.0725583159898702 0
4856 3.206655249839036 -0.1089948759545844 0
4857 3.188672022478163 -0.07456107509260211 0
4858 3.220259338292208 0.0485694629785236 0
4859 1.021898174302714 0.05371451555997531 0
4860 0.159855504193438 0.2310170956045276 0
4861 0.1179191844061568 0.2571159665427762 0
4862 2.003715315604938 0.05442188561408852 0
4863 6.314246591352431 -0.1740604805841722 0
4864 3.167218737175779 -0.1142074363522252 0
4865 3.14794544850756 -0.07582446684886078 0
4866 3.124812800883294 -0.1139366468755593 0
4867 3.107675652516978 -0.07515358306994414 0
4868 3.086022692869829 -0.1094504199733934 0
4869 3.069911514581093 -0.07386929834481484 0
4870 10.40222197620242 -0.1434745059343032 0
4871 2.484571944906555 0.1581351302634618 0
4872 1.233571273011207 0.1435970486302343 0
4873 1.511993684582296 0.05204123034830669 0
4874 9.684264233838102 -0.05391325886066462 0
4875 9.645468858855939 -0.0581307094394352 0
4876 1.742546638022948 -0.4289703428685336 0
4877 12.01272152799764 -0.4270844119735008 0
4878 7.459986434266888 0.1531149113390211 0
4879 10.98918910628267 -0.05253243147292468 0
4880 13.04665599471183 -0.4244028108026928 0
4881 13.09641918651166 0.4369211470533945 0
4882 13.13119691921543 0.3783930299668519 0
4883 13.19872338358926 0.3810992288820164 0
4884 13.06289769613917 0.3754127063922242 0
4885 3.196214879659154 -0.1556246509593285 0
4886 3.823924110215267 0.1738254794433775 0
4887 9.400139642076589 -0.1640487646328331 0
4888 2.478476108824071 0.0562221530959482 0
4889 11.07297432065763 0.4313557466541774 0
4890 11.04103128011502 0.3770868113166796 0
4891 4.635292261200242 0.05216748869076322 0
4892 1.009026749600088 -0.120105970232096 0
4893 10.69870239635223 -0.07793637665976422 0
4894 4.323098263264811 -0.1672966176284036 0
4895 12.4063834619883 -0.1372524818833424 0
4896 1.924098610204802 0.0848786795392205 0
4897 0.8545868695056336 -0.3218897467128884 0
4898 0.8807966585825777 -0.3766642165175219 0
4899 0.8578317449041319 -0.4198708548289964 0
4900 0.9043559733430153 -0.4199128194602703 0
4901 0.9372981226186891 -0.3811586144465028 0
4902 11.0169441040823 0.4279322864233468 0
4903 10.98499656199638 0.3811196608039921 0
4904 12.74618447533192 -0.1424801378446477 0
4905 0.9720898109918753 -0.04755903575592563 0
4906 0.9491668388680901 -0.08033917343967895 0
4907 5.574356855475572 -0.1823791474987523 0
4908 1.096660089976826 0.1400138684182237 0
4909 0.1629213006458572 -0.4259530874450596 0
4910 10.92053416432783 -0.04897789847980255 0
4911 11.18137947577239 -0.04174908444854675 0
4912 11.18078060771019 0.0346261584347303 0
4913 6.824374752712705 -0.03864537324628706 0
4914 7.284778029260234 -0.1782252176291234 0
4915 7.640904674835655 0.1173278286936817 0
4916 7.662018479416384 0.08347708226072631 0
4917 7.682506687948703 0.1209702249450147 0
4918 7.702672449225478 0.08247689013946236 0
4919 7.721822992319031 0.1182928719663581 0
4920 7.743298653585761 0.07977943438248999 0
4921 5.144084492268951 0.03844296135348762 0
4922 13.13568527903488 0.03933002781117165 0
4923 13.08632754305165 0.04366079036352271 0
4924 13.06025238889798 0.009087067769002522 0
4925 13.04186287435552 0.04589751568560264 0
4926 13.0693024805941 -0.03237289407101775 0
4927 13.06459699830243 0.0836921049072831 0
4928 13.02200037187304 0.08010099095583205 0
4929 5.75317897076636 -0.214004798633551 0
4930 5.808634874120401 -0.2169069278115685 0
4931 12.74473504205482 -0.4264684140233431 0
4932 12.69620564269744 -0.4261802504859672 0
4933 7.568145011905203 -0.05434950540560796 0
4934 6.024037605933625 -0.03638839449313304 0
4935 0.06391644632303733 0.07121691943680972 0
4936 3.873331649843129 -0.1295780166501551 0
4937 4.747824801508453 -0.03748997104174583 0
4938 13.0296166530919 0.428967956494215 0
4939 12.99987953284627 0.3728444875391346 0
4940 7.911263369435882 -0.1696662646755084 0
4941 7.579288304226737 0.1475427536373879 0
4942 1.91507050106334 0.1546728479508488 0
4943 2.009327705424305 -0.4277737253192019 0
4944 2.049530010054244 -0.3829597642846816 0
4945 2.030842834374499 -0.3296292002730683 0
4946 10.12784038885207 -0.05180725395321235 0
4947 11.22882931772298 0.1460973033730793 0
4948 11.24917880398261 0.1072881933801466 0
4949 11.22700736817546 0.07160227723545898 0
4950 11.2722849293171 0.07074323810729366 0
4951 11.29138193479907 0.1056243372709357 0
4952 11.31402421812482 0.06982002078889261 0
4953 11.33215551955156 0.1044523099558683 0
4954 11.35433030430264 0.06855697776189124 0
4955 11.37211057544597 0.102413072622576 0
4956 11.39339771249415 0.06646116637941515 0
4957 11.41019072830752 0.09791911853186669 0
4958 11.43136385113876 0.06388377170506057 0
4959 11.45026264949336 0.09406071940417605 0
4960 11.43056851123855 0.1285065223240874 0
4961 11.31072733057121 0.1402686471829118 0
4962 11.46749398868635 0.06157241768288704 0
4963 11.48870897706595 0.08949057932738452 0
4964 11.50143895070299 0.0559018370109026 0
4965 11.52697729078879 0.08322923961758452 0
4966 11.51349024109658 0.1186995844740937 0
4967 11.55190284403075 0.1124984596329664 0
4968 11.56617058897693 0.07588193933165228 0
4969 11.59026792713815 0.1082335996766186 0
4970 11.60741461366686 0.07383398950252905 0
4971 11.63065332312767 0.1072385778381201 0
4972 11.64832960468796 0.07311947270793429 0
4973 11.67079805304975 0.1043268862800028 0
4974 11.68883358478305 0.07155908935756278 0
4975 11.71125579486542 0.1039582232362118 0
4976 11.72742478079126 0.0692586830495044 0
4977 11.74942341921345 0.1027900317725085 0
4978 11.76684309913972 0.06778082840337188 0
4979 11.78938158491802 0.1011552396786385 0
4980 11.80711683888882 0.06586626034012959 0
4981 11.83114454673549 0.09757906503062846 0
4982 11.84760792091362 0.06314435038115029 0
4983 11.87183865645219 0.09226717359986088 0
4984 11.8578352176746 0.1287970112771012 0
4985 11.88765958713646 0.060197538705639 0
4986 11.9119997996691 0.08887209065506374 0
4987 11.72859039952465 0.1380231519942434 0
4988 11.9268900275575 0.05705578331047703 0
4989 11.9509424389113 0.08739882426238912 0
4990 11.96536347173844 0.05332133608964626 0
4991 11.99228059505364 0.08158131867320718 0
4992 11.53998080732232 0.1508221762351641 0
4993 11.97541440925533 0.1216757898035582 0
4994 11.58275486129439 0.03771559796274885 0
4995 11.57971608529835 -0.03506653096976884 0
4996 12.00217094141654 0.04431664816334361 0
4997 12.03324873157016 0.06926323353629632 0
4998 8.125685696751111 -0.05391019291587851 0
4999 8.989901226026818 -0.2203440154146506 0
5000 5.504212716698468 -0.1805612933181477 0
5001 11.07986202213189 -0.0670490626428895 0
5002 8.72098206749393 -0.05104550883612453 0
5003 12.9859244725201 -0.423654569460807 0
5004 12.93088686650428 -0.4119548675358771 0
5005 0.277018648383599 0.2114123646482924 0
5006 0.2369247243804649 0.1885629605138824 0
5007 13.00104001035036 0.04249341293521196 0
5008 12.98105249893565 0.08186699978253477 0
5009 12.95919909161922 0.05149055856942981 0
5010 12.93955355630208 0.08415286265539364 0
5011 12.91863131456522 0.05195884656372774 0
5012 12.8982213926549 0.08368999425874116 0
5013 12.87847838876246 0.05234077584790055 0
5014 12.85758420595483 0.08274002998773414 0
5015 12.87739590409844 0.116130367274131 0
5016 12.83837567384626 0.0528907738371445 0
5017 12.8173632565128 0.08366865079158355 0
5018 12.79826090336551 0.05333708429215327 0
5019 12.77713063310893 0.08385180243657417 0
5020 12.79618550511319 0.116925135358923 0
5021 12.75593456609415 0.1193919433250941 0
5022 12.73683205070006 0.0834052181993078 0
5023 12.71599875262178 0.1148159167808821 0
5024 12.69633326486931 0.08201841191354446 0
5025 12.67509383468605 0.1120419732108786 0
5026 12.65535208306341 0.08039237206856811 0
5027 12.63340927715736 0.1120594731370817 0
5028 12.61384252826065 0.07755261537419167 0
5029 12.59172410773902 0.1114540305505628 0
5030 12.57213876780344 0.07526292773859641 0
5031 12.55195389860978 0.10989682126921 0
5032 12.53132961954364 0.0749093156947634 0
5033 12.51219983015128 0.1092905171445738 0
5034 12.49081379830229 0.0748753089609152 0
5035 12.47189613728058 0.1109046583533164 0
5036 12.44976858410353 0.07501695594616259 0
5037 12.43090750600725 0.1112376077849661 0
5038 12.40820633701371 0.07528095570446995 0
5039 12.5687228776028 0.1470681798582136 0
5040 12.39033803105258 0.1109921894732186 0
5041 12.36238335486133 0.07635437435063801 0
5042 1.990565282459469 -0.141226413212458 0
5043 2.02220426736464 -0.1076896304778786 0
5044 2.062199895591661 -0.1110782712967076 0
5045 2.043119122724907 -0.0726038884016936 0
5046 2.082515046142113 -0.07325647593629941 0
5047 2.005868450701057 -0.07065199241043474 0
5048 2.097939814678831 -0.1056294324826845 0
5049 2.126849193191573 -0.07640675686281928 0
5050 12.67885520813163 0.1763286780846625 0
5051 10.09521283955567 0.1523659744326512 0
5052 10.06880330860692 0.1127288711760331 0
5053 10.02594220923331 0.111886519939553 0
5054 10.04577873809673 0.07462922107804396 0
5055 10.08674928964254 0.07431037599924968 0
5056 10.00568365768886 0.07435055439736303 0
5057 9.985613817888739 0.109714226284173 0
5058 9.965798664182115 0.07399482671897259 0
5059 0.5047338529234172 -0.1744903613776317 0
5060 0.5306468252184717 -0.1369880961440321 0
5061 0.5791752859889426 -0.1371626235044975 0
5062 0.5527915918947022 -0.1010135764765932 0
5063 0.5963053637675632 -0.1010843462733089 0
5064 0.5080609775690228 -0.0989355321224632 0
5065 0.5716671474359498 -0.0669237197275056 0
5066 0.6142215356027605 -0.06722842515910163 0
5067 0.639262123609692 -0.1003034860290996 0
5068 0.6573464881070636 -0.06780616304725957 0
5069 0.6818057534795728 -0.1019929687943217 0
5070 0.6956603417589378 -0.06884113655116376 0
5071 0.7181081797578743 -0.1045821074902082 0
5072 0.7339328286842544 -0.06984087510011203 0
5073 0.7575074633733091 -0.1057853724347888 0
5074 0.7728975204563302 -0.0702154240439848 0
5075 0.6991492923398427 -0.1381435125014794 0
5076 0.7961036773467604 -0.1050064656526671 0
5077 0.8117262118052886 -0.07048698864984533 0
5078 0.4834434602618568 -0.1332234905009523 0
5079 0.4377615488526295 -0.1260328379986706 0
5080 0.4646823132099155 -0.09377054684303904 0
5081 0.4229698542691159 -0.08487666676830595 0
5082 0.4875592019044792 -0.06285524163719117 0
5083 0.397187505939323 -0.1164935363354008 0
5084 0.4480724886855414 -0.05712230004992462 0
5085 0.5292423142962774 -0.06576249040814444 0
5086 0.4103621155313074 -0.04610134802599317 0
5087 0.8929846311997653 -0.1502601092519945 0
5088 0.8723816404783713 -0.1093014751969511 0
5089 0.918159852585015 -0.1079844836438251 0
5090 0.8882340120665511 -0.07194954963598653 0
5091 8.066860804757004 0.1646629799413866 0
5092 8.043955610538953 0.1257194198933402 0
5093 8.000747958580938 0.1238666025038214 0
5094 8.02353960072544 0.08755045741179274 0
5095 8.065026081629579 0.08840446837512174 0
5096 7.982020180440085 0.08580637924685977 0
5097 7.958717914959347 0.1190074808695609 0
5098 7.941214631557823 0.08225595058637544 0
5099 7.918182123682906 0.1137853239968825 0
5100 7.900593608581173 0.07818564007119605 0
5101 7.878476233765213 0.1077609346654752 0
5102 7.861600459481709 0.07399291641423676 0
5103 7.839850057362328 0.1056036862582717 0
5104 7.822819829606415 0.07237890831859134 0
5105 7.800165496254917 0.107322962300689 0
5106 7.82262399074743 0.139493944851622 0
5107 8.044187904059557 0.05590243538030123 0
5108 8.084721283949861 0.05636726759498442 0
5109 8.10560052257833 0.08877082908415523 0
5110 8.124902839474215 0.05665242828021677 0
5111 8.145137973265903 0.08966965097067703 0
5112 8.164823028403751 0.05690382102627689 0
5113 8.184574127112599 0.0906798050806836 0
5114 8.204700099942235 0.05761931016699774 0
5115 8.224949644749369 0.09115587922632856 0
5116 8.244845830068924 0.05784385675359295 0
5117 8.265635022317118 0.09090316512597901 0
5118 8.284652806789245 0.05845223950384909 0
5119 8.305043425394373 0.08908558569165051 0
5120 8.324283226712371 0.05898920601727393 0
5121 8.345041926208406 0.08943546873998381 0
5122 8.363841458582169 0.05992203814813358 0
5123 8.383947576739704 0.09113376836296802 0
5124 8.403579996461589 0.06075356459439442 0
5125 8.424419975382337 0.09177871761268211 0
5126 8.443605497828379 0.06112711626392901 0
5127 8.464521774819501 0.09198240159692257 0
5128 8.483558469705649 0.06123497247309889 0
5129 8.503832018685276 0.09256684032219473 0
5130 8.484236934249839 0.1249322968503999 0
5131 8.523383703535078 0.06158266043550935 0
5132 8.54349793510357 0.09339799860542801 0
5133 8.563516765686774 0.06183631932563062 0
5134 8.584270878348287 0.09370849713589083 0
5135 8.603966545461162 0.06169592980218772 0
5136 8.625443573569687 0.09304132426391565 0
5137 8.644371602893967 0.06097164234234585 0
5138 8.665500821238785 0.09099504085048568 0
5139 8.684216925313601 0.06080253694740341 0
5140 8.704441615535366 0.0917167450931206 0
5141 8.723505560139676 0.06173300154468971 0
5142 8.742909844464974 0.09438007041820845 0
5143 8.763268234507379 0.06267691680157644 0
5144 8.783901042265784 0.09502949203728511 0
5145 8.80380285414779 0.0627667120708002 0
5146 8.82561813598762 0.09433918557533408 0
5147 8.844293155543898 0.06220552128756073 0
5148 8.865368955280918 0.0928608039895651 0
5149 8.883937039893812 0.06209695828121507 0
5150 8.904268912273022 0.09279000804777555 0
5151 8.923844570213511 0.06248623592439551 0
5152 8.943270055247792 0.09531401395408748 0
5153 8.96372714196983 0.0634858372604265 0
5154 8.984787735601568 0.09640748561906055 0
5155 9.004512672773515 0.06363854856937562 0
5156 9.026897234256202 0.09570987770919087 0
5157 9.044775033502294 0.06314904308283432 0
5158 9.065861109935813 0.09364917022593883 0
5159 9.084068458935857 0.0628227949693812 0
5160 9.10383171735729 0.09364280988279053 0
5161 9.123756802285275 0.06333990157833404 0
5162 9.142937412913479 0.0957289961726376 0
5163 9.163906247120922 0.06400174134318087 0
5164 9.184566804225577 0.09612071775891419 0
5165 9.204586783924881 0.06420651997228474 0
5166 9.225440456294073 0.09526393846681254 0
5167 9.244857965372566 0.06427223752678179 0
5168 9.265393512924147 0.09597677683473844 0
5169 9.284542721230597 0.06413448936058913 0
5170 9.30534563359954 0.09575012565811894 0
5171 9.324583274879179 0.06410924216808954 0
5172 9.286053513547095 0.1328696231320938 0
5173 9.345124786792917 0.0951025470341027 0
5174 9.364541335497089 0.06411618261016971 0
5175 9.38496353230617 0.09547981581396173 0
5176 9.40411955030504 0.0639363020401143 0
5177 8.163891063871489 0.1246027947971765 0
5178 9.424071558385258 0.09443653944022791 0
5179 9.443496953613975 0.06404489002586582 0
5180 9.462476253811968 0.09539961548653819 0
5181 9.48335982757489 0.06501006655313601 0
5182 9.501935889190856 0.09773617541562209 0
5183 9.524257121454111 0.06619130047551686 0
5184 9.543784953239584 0.09903128283503389 0
5185 9.565205607059724 0.06706471669709241 0
5186 9.585869228117463 0.1006622394364663 0
5187 9.605386294879979 0.0673632555015483 0
5188 8.720321588825446 0.1273356978068796 0
5189 8.361333072331197 0.1243479687460435 0
5190 8.288002337205649 0.1237218589191338 0
5191 9.626294698775277 0.100156395421876 0
5192 9.645611710345204 0.06766153796547254 0
5193 9.666224810350345 0.1010223568012249 0
5194 9.685471390347173 0.06797884420144007 0
5195 9.704998110966873 0.1014052431205302 0
5196 9.725874118339007 0.06821082472645665 0
5197 9.477531851388775 0.1290053249129309 0
5198 9.746397220823392 0.1003005168504069 0
5199 9.766846641666627 0.06897879100220206 0
5200 9.786475166230032 0.1004783227219097 0
5201 9.807417033808973 0.07009607008493006 0
5202 8.920117770315946 0.1265086354508246 0
5203 9.679808117586132 0.1386457092647056 0
5204 9.827118353298113 0.1051750438299594 0
5205 9.845622476508364 0.07159297648265506 0
5206 9.865368755573064 0.1095476794699017 0
5207 9.885238004873349 0.07295132798034262 0
5208 9.903291841382185 0.1095156556054367 0
5209 9.886414104140027 0.1506315929563524 0
5210 1.397790264270107 -0.1679755320245588 0
5211 10.29214621007494 0.1517490245540551 0
5212 10.26624817712606 0.1134612562934204 0
5213 10.22255734738155 0.114107711144324 0
5214 10.24349608610227 0.07558386800709191 0
5215 10.20243728092298 0.07558525696099838 0
5216 10.28496354898829 0.07466091146857953 0
5217 10.18131732022248 0.1115343378419424 0
5218 10.16364680435367 0.07313741367364754 0
5219 3.29769317233549 -0.1573032369155625 0
5220 7.963198315277086 0.05231626293527569 0
5221 6.111196226825819 0.1751381843123518 0
5222 6.631092364680431 0.1755971873374176 0
5223 10.49181286567184 0.1514394094333941 0
5224 10.46600626127231 0.112686092484949 0
5225 10.4224103411432 0.1131956996953574 0
5226 10.44342076996247 0.0750779746104806 0
5227 10.40242979737821 0.07479866158331483 0
5228 10.48483837661482 0.07417159323318297 0
5229 10.38127311295251 0.1105235000046592 0
5230 10.36291192433866 0.07262662661087477 0
5231 7.35241094668455 0.1794804160777621 0
5232 1.297618608761676 -0.1760674614594535 0
5233 11.89554381528311 0.1595576396564643 0
5234 4.993934201940766 -0.1824676818686008 0
5235 9.137217819123098 0.1640221417317841 0
5236 2.688035974432379 -0.1548267945231135 0
5237 2.664673747442921 -0.115753051082461 0
5238 2.621635405353438 -0.1155420455443289 0
5239 2.643513161426297 -0.0768528986726917 0
5240 2.685103909819424 -0.07686537984609951 0
5241 2.601784764725407 -0.07630946553062051 0
5242 2.578642371409791 -0.1140012778011569 0
5243 2.560486537296892 -0.07531105665998446 0
5244 2.664316857883126 -0.03840253344455316 0
5245 2.704850031493782 -0.03845200597987568 0
5246 2.725929175577628 -0.07658822281265495 0
5247 2.744914795526038 -0.0388558997295502 0
5248 2.766106533481221 -0.07736822478463058 0
5249 12.09693882369877 0.1603850178409452 0
5250 12.11856898813822 0.1196467817362702 0
5251 12.16188599375596 0.1151491182274523 0
5252 12.13743751611431 0.080595875890527 0
5253 12.17809249438289 0.07619083719605473 0
5254 12.09700031719681 0.08351565644608638 0
5255 12.20245738493044 0.1083273468879813 0
5256 12.21814780508439 0.07153192945502962 0
5257 12.24200721139605 0.1012764949580252 0
5258 12.25843163577109 0.06731294889002211 0
5259 12.28562626568764 0.1040132667190267 0
5260 12.29551149589557 0.06567235314681592 0
5261 12.32227232882752 0.09345176581751896 0
5262 12.29163694595868 0.1498522147307805 0
5263 11.63469140126895 0.1775962420786325 0
5264 10.69173155994735 0.1502539435675903 0
5265 10.66563019978494 0.1120257925154695 0
5266 10.62205810624409 0.1125058152086179 0
5267 10.64301437245517 0.07466033119216378 0
5268 10.60202747435097 0.0741813918306648 0
5269 10.68428606856363 0.07380409433722214 0
5270 10.58085991692002 0.109497276911497 0
5271 10.56260099971473 0.07181890348873882 0
5272 9.588580914074107 0.1637722514335496 0
5273 1.191279029276003 -0.1698602044522354 0
5274 2.784761850833669 -0.03942329223609774 0
5275 2.808871925435457 -0.08272532134864775 0
5276 2.78490119092945 -0.1137721318431912 0
5277 0.7388898533565156 0.05097459197830507 0
5278 9.032903224961753 0.1652969571174482 0
5279 10.88502956080951 0.1505615447873328 0
5280 10.86133314610894 0.113277155741776 0
5281 10.82031119112401 0.111975575033532 0
5282 10.84201128767193 0.07592409171927107 0
5283 10.80117219913695 0.07354383626712374 0
5284 10.88627153225975 0.07842821828643093 0
5285 10.78003880975276 0.1084983287238308 0
5286 10.76196206435633 0.07115011507711286 0
5287 2.996165743937063 -0.1587077828533368 0
5288 2.97246773896255 -0.1187894377018191 0
5289 2.930153199788068 -0.1155369129726459 0
5290 2.951875015789181 -0.07973270592834242 0
5291 2.911926639257969 -0.07621084907588914 0
5292 2.993313785076275 -0.08207133307399934 0
5293 2.890026320580379 -0.1109484305059531 0
5294 2.874277884387072 -0.07320047574431843 0
5295 8.830898583210372 0.1652415536752811 0
5296 2.342304104861491 -0.1521525347934279 0
5297 2.319393966316078 -0.1128577413534835 0
5298 2.275604730549012 -0.1111545558237481 0
5299 2.297467239318459 -0.07554234747216929 0
5300 2.339032802016896 -0.07705192334914467 0
5301 2.256289169983626 -0.07329598495603604 0
5302 2.234025064454351 -0.1066223861332246 0
5303 2.215860358820761 -0.07064301399257507 0
5304 2.194152192864744 -0.1016696712839985 0
5305 2.171953450170811 -0.0643003224256808 0
5306 6.993707936044393 0.1758569805131651 0
5307 9.386286596749164 0.1634601448839056 0
5308 10.98823893089316 0.1472510968967342 0
5309 10.96473655091894 0.1067854004731995 0
5310 11.00823949592469 0.1077777489191544 0
5311 10.98861291621307 0.07146580950827222 0
5312 10.94938000358426 0.06979264404294963 0
5313 10.92424264537535 0.09708373390143898 0
5314 3.651095496452222 -0.1672622357440443 0
5315 8.629806081213658 0.1640187374666888 0
5316 7.385439362116257 -0.1791243675690519 0
5317 2.848401773206369 -0.1077258313991037 0
5318 10.31007988484071 0.1110457193515088 0
5319 1.892329883187985 -0.142210738365595 0
5320 1.920366615960615 -0.108329791045259 0
5321 1.889622557354653 -0.07779331245799961 0
5322 1.957637910966526 -0.1064544556426418 0
5323 1.933243810355774 -0.07132530644534578 0
5324 10.96772533917046 0.4308495505471484 0
5325 10.92938005460105 0.3881787961131 0
5326 9.789873573030334 0.1614747721703528 0
5327 6.745333716823701 -0.1964020569339313 0
5328 4.960475563882158 0.212713957197699 0
5329 4.418394717311275 0.1972191538563896 0
5330 4.311025977405286 0.1973849540426268 0
5331 4.677198113505577 -0.1732258876853332 0
5332 5.072568422976219 0.2145318737411206 0
5333 6.1971793999702 -0.2164901306688205 0
5334 10.50980365270567 0.110090130073205 0
5335 5.92233808066867 -0.2254163616275223 0
5336 5.182080397393974 0.2189152094425977 0
5337 8.896856971861784 -0.1766988535690084 0
5338 4.201497278954897 0.1954368526584263 0
5339 7.788497829492661 -0.2094559127824806 0
5340 0.6119067652581897 -0.1766056380218865 0
5341 7.497033015283809 -0.1867698470655383 0
5342 4.579545418335793 -0.1669023901247366 0
5343 10.85386476258143 -0.05064319229150918 0
5344 2.832939993346806 0.03823397379195507 0
5345 10.70916395361076 0.1091348920452146 0
5346 3.366467491235572 0.1997703725439254 0
5347 10.77876774986598 -0.03906828571356118 0
5348 3.256072355645003 0.1926223089768874 0
5349 8.007449587018979 -0.2034647589411982 0
5350 3.99352433353538 0.1860420612747834 0
5351 2.094821191861101 -0.333441144811434 0
5352 2.108094479014057 -0.4013543631448072 0
5353 2.152755772439962 -0.359086675461148 0
5354 2.171861289039734 -0.4159398388500625 0
5355 2.21022090090421 -0.3709791570125265 0
5356 2.234197474898335 -0.4292800389207233 0
5357 2.270285716027556 -0.3774304487181559 0
5358 2.289382035253921 -0.4287036978054995 0
5359 2.329549465649199 -0.3847254173003151 0
5360 2.309268780719177 -0.3219315943277842 0
5361 3.068436261852536 0.218936727321992 0
5362 11.03137228476253 -0.1505452301843162 0
5363 3.472784983885281 0.2059970010359237 0
5364 8.577380829073686 -0.2117008983619185 0
5365 2.823883170497895 -0.03881505320374402 0
5366 12.77837606077242 0.159541958247035 0
5367 0.3160959612113222 -0.03845502390069363 0
5368 0.3504067545623175 -0.05012008389085685 0
5369 9.094347648813713 -0.2107445931456542 0
5370 5.404069293774872 -0.176607544544344 0
5371 10.5791147196705 -0.1723298611085906 0
5372 12.80300744270387 -0.4278988627576882 0
5373 2.582866830478304 -0.0379045982414586 0
5374 2.972502969724808 -0.04623229711562039 0
5375 3.01073540492589 -0.048757194700627 0
5376 9.197311843383497 -0.1980849695104216 0
5377 7.711474399414055 0.1623959401082959 0
5378 5.318371713239014 0.08542196774840864 0
5379 12.98827726636092 -0.1734098511381276 0
5380 13.01995620220263 -0.1359801920167113 0
5381 3.57875094403829 0.2113955426653408 0
5382 11.8634382017365 -0.1926371370203002 0
5383 7.074446228648497 -0.1878381555379011 0
5384 4.079341305570064 0.04951684843061576 0
5385 12.11447181621446 0.04604399234245876 0
5386 12.07444732484278 0.04814564029076351 0
5387 3.093566943459539 -0.1528077285084407 0
5388 2.210417243935753 -0.1387813013153074 0
5389 1.624500013157933 0.0415785613041664 0
5390 1.667057404514969 0.03289238041792204 0
5391 7.723269956586205 0.04836957166763072 0
5392 7.763726305152597 0.04699484187420983 0
5393 5.430284009720566 0.1760916128156418 0
5394 13.08181042627904 0.1322124492938589 0
5395 1.560181720893361 0.2132070387281355 0
5396 1.912794731272627 0.04174265412688596 0
5397 11.42407886835051 0.1768491001082119 0
5398 10.07772908231833 -0.2110370568459904 0
5399 1.021271351736091 0.4279589177545918 0
5400 7.934534593226456 0.1515434834754225 0
5401 3.608275054568268 0.04596908847580696 0
5402 10.22215473871972 0.03780918341934199 0
5403 4.827107776552519 -0.03673128616815299 0
5404 12.18506409236432 -0.1817411689239926 0
5405 12.98602419598006 0.1536740459436031 0
5406 0.9214355077865971 0.1612898398226387 0
5407 0.8826634141441269 0.1422104777071135 0
5408 1.226975835690984 0.03699375838431598 0
5409 1.263425317015503 0.05477340732261493 0
5410 8.332143720825464 -0.1831110772624607 0
5411 7.181070685990357 -0.185330756484578 0
5412 6.527990342160332 0.1699577991276675 0
5413 14.74887260440363 0.1319216299392288 0
5414 14.82956301615857 -0.02662476417162588 0
5415 14.93219264047928 0.1273444542703039 0
5416 15.01804934607516 -0.04769568682742022 0
5417 5.256545919971373 -0.1710743918197182 0
5418 12.1789477710677 -0.06965363749787766 0
5419 12.21519578298558 -0.05985119189593206 0
5420 4.371908638619979 -0.1688148930042986 0
5421 2.00385622504038 0.2042105237465167 0
5422 9.253023424363075 -0.03800182097466548 0
5423 12.79730707697934 -0.0762440553430048 0
5424 12.8194147077966 -0.04069688151407745 0
5425 4.546043412697996 0.03904430176113347 0
5426 1.501122394210783 -0.1749517590032685 0
5427 10.41078543997763 -0.1930224841154892 0
5428 6.322208378294736 0.1709162911346468 0
5429 1.225409235123474 0.1922055260075654 0
5430 6.1048643984635 -0.03650152126691217 0
5431 8.537632322473657 0.1621241136860733 0
5432 7.641972013784998 0.05048793373885622 0
5433 5.858232689068054 0.1729972205471922 0
5434 12.46747055835336 -0.07291673562348122 0
5435 2.739957017336581 0.1864398759746946 0
5436 9.241346371892718 0.1609126473632454 0
5437 5.644187870724213 0.1692058305528998 0
5438 2.436139986887216 -0.152705306164862 0
5439 2.414511306893105 -0.1135222945184681 0
5440 2.457790094195603 -0.1130708578941485 0
5441 2.439247439239224 -0.07506479211513178 0
5442 2.479801017258808 -0.07497020533883003 0
5443 2.39875498402352 -0.0743111521053974 0
5444 2.49772426658097 -0.1113837460005874 0
5445 6.088754452331045 -0.2213404598196178 0
5446 6.034059762952348 -0.2219757985186105 0
5447 0.9338908154418881 -0.04265276716013645 0
5448 6.017176830552252 0.1734162696373539 0
5449 11.54698536875779 -0.1821838896205886 0
5450 6.478896184527871 -0.2022443279004548 0
5451 4.698945633510634 0.1993986214050508 0
5452 4.850885756268103 0.2034769796869999 0
5453 1.843952296088877 -0.07441863556138226 0
5454 1.865731773630584 -0.03748265949743639 0
5455 10.42207982930277 0.03738705121925204 0
5456 10.01663150376026 -0.03688970123154701 0
5457 6.904885716342145 -0.03753823056563306 0
5458 2.54242701156786 -0.03756215113560449 0
5459 7.651047554937656 -0.03760566032152641 0
5460 1.607644988661743 -0.1813893845492444 0
5461 10.18220883248533 0.0374342913215716 0
5462 10.14299084318854 0.03718923719538281 0
5463 2.386027972622425 0.1867111748728675 0
5464 5.062222251226488 0.03656301708748573 0
5465 12.71762659448487 0.05282801937245765 0
5466 2.462144793154089 -0.03741923520285508 0
5467 2.502233846464948 -0.03744810507145075 0
5468 12.77896465807046 -0.03725163162014873 0
5469 12.07341221593316 0.1206985828988816 0
5470 12.47666930148133 0.1873124904374709 0
5471 0.2713218659532046 -0.03965129401135466 0
5472 0.2284329198824938 -0.03820080745855425 0
5473 10.33315856879977 -0.09622956099991897 0
5474 10.33826396660015 -0.05689931027478715 0
5475 0.9544688552403561 -0.4297990533022878 0
5476 0.9931997452286089 -0.3832902733828519 0
5477 0.973969763586665 -0.3352152692978544 0
5478 7.094384365591123 -0.1448168804875557 0
5479 3.022506095737263 -0.1193476205118103 0
5480 1.300741186975849 0.09817895901155918 0
5481 10.11212907225162 0.1110571771669227 0
5482 10.06376423186581 0.03721158558535453 0
5483 11.29309665190969 -0.4308322422416735 0
5484 9.500016665346848 -0.190363962475766 0
5485 7.560879762534084 0.05120221080520719 0
5486 0.2097146222775544 0.04441245416097898 0
5487 10.69995334161405 -0.03572895487668843 0
5488 1.814935057936296 0.09891334262029203 0
5489 1.803156143918905 0.0603941960269728 0
5490 2.367462980371699 -0.107590310448775 0
5491 10.61157310758485 -0.4216498356155632 0
5492 10.66381579414391 -0.4160198327503821 0
5493 11.39250969628436 -0.0873479910250707 0
5494 11.38673622259947 -0.04119702157662753 0
5495 9.74898915016591 -0.1899824509597212 0
5496 0.8044496241525391 0.04582048710435903 0
5497 9.819861800569758 -0.09409523561088626 0
5498 9.830571983851417 -0.05170308058308476 0
5499 10.62183471074327 0.03713410607564172 0
5500 10.3818954991801 0.03716076532540658 0
5501 10.37705045825992 -0.03795159386703146 0
5502 10.34203745500672 0.03722905173621127 0
5503 5.903128792601402 -0.0386103387428642 0
5504 5.266186255427318 0.1254849078806693 0
5505 9.576632205954969 -0.09838367427001501 0
5506 9.588853281151515 -0.05691042742259624 0
5507 12.63646190455365 0.04814658929194722 0
5508 2.656359803379287 0.1045512730450299 0
5509 2.639221719586614 0.06811980412290437 0
5510 11.22220723122892 -0.0366535885806824 0
5511 3.140273771674944 0.03697010822799189 0
5512 3.96296757189287 -0.1671507964677046 0
5513 11.99955492513633 0.1615034717663933 0
5514 11.53770599681897 0.03978074868642924 0
5515 0.04662432670933501 -0.1258315860834121 0
5516 0.03978583712590279 -0.07643511751066517 0
5517 0.04868786418337719 -0.04739279570777614 0
5518 0.05310325862889354 -0.159493507408321 0
5519 6.783530693198927 -0.03740388845477808 0
5520 10.5175512876591 -0.08153171332436125 0
5521 0.7807809731655373 -0.1422376507830117 0
5522 2.303956320726019 0.09399593285561783 0
5523 2.291551206164494 0.05104749832877491 0
5524 1.36532952719574 0.198493332431119 0
5525 12.17371616908076 -0.1349279201542982 0
5526 10.82134639642919 0.03724600666725936 0
5527 10.27128110875812 -0.1985571053898301 0
5528 11.9927655323913 -0.1806994454755171 0
5529 7.480726519242207 0.04945684981071381 0
5530 11.60531435143833 -0.07234189226515003 0
5531 0.1238266173951891 -0.06795178739819033 0
5532 8.596630954162553 -0.4810001644630049 0
5533 8.586667464232919 -0.4565746802673419 0
5534 8.548620540995962 -0.4590596908658795 0
5535 8.566939011349959 -0.4238891409059784 0
5536 8.619235137197233 -0.4309411150549306 0
5537 8.524835390049299 -0.4298362244901491 0
5538 8.489148033366911 -0.4493763900564711 0
5539 2.773732016539555 -0.4777441717634232 0
5540 2.764292205973233 -0.4523725261670258 0
5541 2.733989903001551 -0.4517601881717532 0
5542 2.750521519016396 -0.4200270896363794 0
5543 2.7924935957677 -0.4284931899526313 0
5544 2.705491214205916 -0.4280046650191079 0
5545 2.726795472345513 -0.3792982603329155 0
5546 2.674696643888741 -0.3810679310646125 0
5547 2.697664428241946 -0.333188312938422 0
5548 11.91916970494432 -0.08205909474612501 0
5549 11.88091115413667 -0.06736490491665814 0
5550 11.90933324026608 -0.03741557792814154 0
5551 5.98391958585521 -0.03684868611797036 0
5552 10.42228969088945 0.4782749038689242 0
5553 10.43206982371006 0.4524539392235173 0
5554 10.46216407789687 0.4517568136638863 0
5555 10.44657057535883 0.4199274164738965 0
5556 10.40410067215294 0.4281445395162536 0
5557 10.49040658957979 0.4279589801016114 0
5558 10.47059013385056 0.378864808251511 0
5559 10.51980518081215 0.3808147504972297 0
5560 10.49426261213543 0.3331287137673046 0
5561 8.322062806419321 0.4787668913716988 0
5562 8.33397935625368 0.4514005246680133 0
5563 8.371448782177293 0.4581383055063645 0
5564 8.357088513748899 0.4156937222702708 0
5565 8.407641290212144 0.4248893149521356 0
5566 8.307988004650067 0.4183820580748464 0
5567 8.327926304468214 0.3747596676307611 0
5568 8.274128491458654 0.3805777626238269 0
5569 8.258090454598538 0.4294011487945861 0
5570 8.209110466603201 0.3891441963515709 0
5571 13.97351811202294 0.3819796716054604 0
5572 14.03937831782085 0.2672123353147824 0
5573 13.89612703663963 0.2586607567251443 0
5574 13.8414802087245 0.3908666344844612 0
5575 13.76390388816979 0.3021107292263679 0
5576 13.65506109153876 0.3287941186389884 0
5577 0.2923500063266313 0.4785838673638477 0
5578 0.2778587392255648 0.4529885047872718 0
5579 0.2482954141782611 0.4610161086882179 0
5580 0.3133619723128642 0.4567777246009675 0
5581 0.293194223096834 0.4240760079908156 0
5582 0.3394303106079136 0.4241692757111245 0
5583 5.784994215340129 -0.478166568700952 0
5584 5.796351523316789 -0.4532089436325458 0
5585 5.829694421552169 -0.4590838905420363 0
5586 5.81288281861042 -0.4175535843460587 0
5587 5.769114769865383 -0.4276893743912247 0
5588 5.855259860666555 -0.4273804585151689 0
5589 5.729344892877629 -0.3825674307816401 0
5590 5.669509922021208 -0.3688525369838545 0
5591 5.687425965805748 -0.4241736867119479 0
5592 5.631069907539616 -0.4093675169882378 0
5593 5.888443121637247 -0.4494673804007474 0
5594 8.419113591365138 -0.09795699533998128 0
5595 8.434838102321791 -0.06070943514716123 0
5596 8.458140773609633 -0.09036219251705264 0
5597 8.477773433898008 -0.05067031234936706 0
5598 13.62074338966738 -0.4111531374146223 0
5599 13.66942378937209 -0.3232250305296445 0
5600 13.5702803298934 -0.3288847846100564 0
5601 13.77400026180113 -0.3120942045759678 0
5602 13.61553735154891 -0.2477585196849956 0
5603 13.52121023242182 -0.2494535915483328 0
5604 13.4753563046023 -0.3297382684216497 0
5605 13.43339433151362 -0.2523699567007854 0
5606 13.47104675927057 -0.1668775422321043 0
5607 13.38835224306993 -0.184634168275597 0
5608 13.35456614658842 -0.2511816920566045 0
5609 13.31670684538545 -0.1873622932944156 0
5610 13.2834974929055 -0.2506373709993328 0
5611 13.31603367884634 -0.3117354439908245 0
5612 13.24880700556061 -0.3128400447363692 0
5613 13.21723098312889 -0.2534594530607319 0
5614 13.2820630594809 -0.3734695514277495 0
5615 13.51985976544369 -0.413069681948101 0
5616 13.34591643841269 -0.1256232925685524 0
5617 13.2788973122018 -0.1282837554733214 0
5618 13.30573298025162 -0.07191791714914737 0
5619 13.25086805142136 -0.1928641291555732 0
5620 6.701272334197971 -0.480768002645473 0
5621 6.690914191304904 -0.455649525221211 0
5622 6.653106849715055 -0.4589381828658022 0
5623 6.67203434233712 -0.4223326327185014 0
5624 6.72170253571997 -0.4278857707831103 0
5625 6.623827935137301 -0.4283579025059539 0
5626 6.647023420282556 -0.3820749837994253 0
5627 9.373968665430183 -0.4797673817979563 0
5628 14.24438983592817 -0.3699287321852207 0
5629 1.211484981360758 0.4773285383320242 0
5630 1.200187640419454 0.4486935651733049 0
5631 1.172676293127953 0.4573143161987319 0
5632 10.48875779183971 -0.4781323104073034 0
5633 10.47410139781575 -0.458462843135102 0
5634 10.4444925646149 -0.4563713174717365 0
5635 9.511128340127645 -0.4787412752957683 0
5636 9.499252775123288 -0.4525452609971176 0
5637 9.466541147841431 -0.4575711703268704 0
5638 9.476867715839772 -0.4179887480208501 0
5639 6.566728355707415 -0.4798545796248195 0
5640 6.554829884202562 -0.454681462571032 0
5641 6.517502059677685 -0.459436530430206 0
5642 6.535271020941033 -0.4245433613681788 0
5643 6.487229966022842 -0.4302332651897586 0
5644 12.44307497967794 -0.4793024568175069 0
5645 1.072681598784357 0.4799054402155575 0
5646 1.085902161963526 0.4555855723575139 0
5647 1.115651208280401 0.457854018143625 0
5648 0.860940564174686 0.1888296521311814 0
5649 8.486310397736538 -0.1200958682223313 0
5650 11.99412725988606 -0.4807997902987262 0
5651 10.58168197583543 0.03674683096264234 0
5652 10.54176389816821 0.03633429747692722 0
5653 1.793249814662031 0.4775143781293613 0
5654 1.782562506994682 0.4511825299714353 0
5655 1.752494017798209 0.450971806046649 0
5656 1.766035638463106 0.4173974187369705 0
5657 1.724493238923837 0.4268581872647599 0
5658 1.808735777653819 0.4265629087638676 0
5659 1.738765919381338 0.3796496855156211 0
5660 5.655243784255791 0.4791235678382835 0
5661 5.646772646204768 0.4514845614967203 0
5662 5.61500814262654 0.4508402411820887 0
5663 5.632524499766273 0.4131419229545745 0
5664 5.585019056338234 0.4227379912888158 0
5665 5.678969975245044 0.4273608809486863 0
5666 5.601697296534082 0.364785253071267 0
5667 5.539120959703161 0.3683216752813882 0
5668 5.528438254426373 0.4279427133366097 0
5669 5.489982971706851 0.394909727830806 0
5670 0.03913942667956026 -0.185780897330185 0
5671 0.06922642126808345 -0.1892560319496499 0
5672 0.0494774993644017 -0.2161912163115948 0
5673 4.468420442315901 0.480716630716587 0
5674 4.478698024773115 0.4553961272873237 0
5675 4.516596133115464 0.4584965965356989 0
5676 4.497386704793391 0.4217426616926605 0
5677 4.546632735584459 0.4266888382910178 0
5678 4.448012257824064 0.4276058400306829 0
5679 4.522382182722113 0.3803884766590582 0
5680 11.06731011729315 -0.1295795156248437 0
5681 1.981604842631215 0.1679377343200544 0
5682 7.679853042088894 -0.4807591282157598 0
5683 12.44290564315475 0.4799272522959612 0
5684 2.788137773489599 0.03850070493561061 0
5685 10.70231882528058 0.03641203815598041 0
5686 0.6251658687328979 0.4792248416250831 0
5687 0.6159985654751109 0.4542624494996215 0
5688 0.5799840205646898 0.4576948629732972 0
5689 0.6026577190048148 0.4195486299572158 0
5690 0.5598497808272225 0.4207336895712048 0
5691 0.5822694331563493 0.3711828063239315 0
5692 0.5214490937841438 0.3795262502642204 0
5693 0.6494436376430566 0.4287858762049412 0
5694 0.5219956319457009 0.441191239321083 0
5695 0.4786694200557643 0.4192181489211371 0
5696 0.4639759675379943 0.3596086034942139 0
5697 0.4249483255536033 0.3934329140555646 0
5698 8.45807667197883 0.4798011136404833 0
5699 8.469776525032698 0.4550118749290715 0
5700 8.506661860437708 0.4593118061669773 0
5701 8.486942248669834 0.4233826208966747 0
5702 8.537017285520209 0.4302450560112613 0
5703 8.510507247830493 0.3840097329871409 0
5704 8.575236116333633 0.3911954760523852 0
5705 8.451089787149048 0.3860202092066672 0
5706 2.710025101196301 0.4809531530875822 0
5707 2.719731588680578 0.4545596266174703 0
5708 2.756891985285838 0.4595099048515394 0
5709 2.741197980453918 0.4197383990897663 0
5710 2.790427905369939 0.4284122405842104 0
5711 10.28465409224531 0.480725961381643 0
5712 10.29438508536681 0.454429980898649 0
5713 10.32723567653451 0.4609619157093385 0
5714 10.31730435139379 0.4244263924985686 0
5715 10.26980413831329 0.4209716702691725 0
5716 10.29382138060887 0.3781545083205048 0
5717 10.23591285038105 0.3800952553350088 0
5718 10.35798509204515 0.387648296776925 0
5719 10.32125497874409 0.3236106407373412 0
5720 10.21964934607325 0.4292905891018363 0
5721 10.1716322367867 0.3872380131986646 0
5722 10.19990312772843 0.3327419568138779 0
5723 3.687132509229155 -0.4792560628609582 0
5724 3.676580226655696 -0.453887936523672 0
5725 3.647003539279263 -0.4529799441319299 0
5726 3.660162486883693 -0.4221711984150058 0
5727 3.618677007643465 -0.4280484779150245 0
5728 3.702235575831386 -0.4304969445408656 0
5729 3.635512386887113 -0.3829275767566551 0
5730 3.574395541693957 -0.3904904043442779 0
5731 3.602938173547228 -0.3398934098559546 0
5732 11.1398983567227 0.4809560900459738 0
5733 0.03332777898900571 -0.4820112899657507 0
5734 0.0408364852420393 -0.4614701111862747 0
5735 0.04293425729895411 -0.434888959691296 0
5736 0.07347692143672849 -0.4584549328350762 0
5737 2.911194395040952 -0.4807159400783381 0
5738 2.901631392276001 -0.4545361412024764 0
5739 2.868606735625244 -0.4611578738648195 0
5740 2.878651297183432 -0.4247389140491584 0
5741 2.926428602894815 -0.4211201953677448 0
5742 2.901263010960049 -0.3785425964929714 0
5743 2.959309855304722 -0.380163401295853 0
5744 2.838671799049238 -0.3883569728150882 0
5745 2.976186605748346 -0.4292650923611153 0
5746 3.024070020979908 -0.3890100941500379 0
5747 2.993598049790027 -0.3354669259448962 0
5748 1.536466061063026 -0.4800403062785045 0
5749 1.54682511327258 -0.4545971695761846 0
5750 1.581629772237046 -0.4591310518200191 0
5751 1.563563117788578 -0.41928840851178 0
5752 1.514668557091545 -0.4292389577319508 0
5753 1.611576494970476 -0.4278731889215636 0
5754 1.590931048254773 -0.3744421170007621 0
5755 1.641814434205697 -0.3794675091989248 0
5756 11.67200302793974 -0.1796898160460937 0
5757 4.874716403896494 -0.4790078882897183 0
5758 4.86228925529826 -0.4519144354582588 0
5759 4.826425000455668 -0.4585203138823848 0
5760 4.836567268184746 -0.4157014924213399 0
5761 4.789002728190755 -0.4249741434983985 0
5762 4.884679807712256 -0.4193600919134253 0
5763 4.860592313835245 -0.3768739718017976 0
5764 4.912272300778735 -0.3836460536703212 0
5765 4.933444728908162 -0.4298127051940334 0
5766 4.96406337830606 -0.3912285749337322 0
5767 5.647141913568132 -0.4782285012987612 0
5768 4.918719095886667 0.06830568897002282 0
5769 4.907303354566825 -0.03660375371286594 0
5770 6.371784159037556 -0.06930486712096227 0
5771 10.35410225523872 -0.4786717078321093 0
5772 11.00289010304814 -0.4803722795891048 0
5773 11.01373392708103 -0.4576273430484585 0
5774 11.05783427713365 -0.4254439783978259 0
5775 11.066049922093 -0.3646383676231177 0
5776 11.11755365433219 -0.421188104105909 0
5777 11.12890874529853 -0.3556291722397509 0
5778 4.709417153075697 -0.03925771024382312 0
5779 13.32503543264414 0.4178087964022185 0
5780 13.37983515737958 0.3478530695452936 0
5781 13.46529075547993 0.3496547758242626 0
5782 13.42234949359431 0.2789633978563367 0
5783 13.50403507487089 0.2773443090502036 0
5784 13.34295513937926 0.2785438749147409 0
5785 13.55295155584706 0.3468342134020574 0
5786 13.38127913284149 0.2195722499718668 0
5787 13.31162566503713 0.2199167524681002 0
5788 13.2607091959181 0.2658587827305847 0
5789 13.30193219150493 0.3390989969162632 0
5790 1.988705246483767 -0.4808051800420004 0
5791 11.99197846706944 0.4801442932661373 0
5792 11.9821665425351 0.4552537364696104 0
5793 11.95268917276231 0.4534245299503952 0
5794 11.96786240647269 0.4226891687685265 0
5795 11.92559082099934 0.4241635044902732 0
5796 12.01306440170851 0.4311435240401664 0
5797 11.94720708946655 0.3760765709382106 0
5798 11.88835624247521 0.3813625229887984 0
5799 11.86863788341836 0.4280704224613868 0
5800 11.83339697311799 0.3864291880048494 0
5801 11.82120223062066 0.4328276237264851 0
5802 11.77666785145527 0.3942826489821957 0
5803 11.80032180280164 0.3435009510302657 0
5804 0.6162247642113799 -0.4796698165526899 0
5805 0.6050061246233885 -0.4563943122606181 0
5806 0.5710976581295136 -0.4597994679319364 0
5807 0.5916545674490792 -0.4230115264851191 0
5808 0.5422483782700793 -0.428651543945869 0
5809 0.5696324041934107 -0.3823304671141751 0
5810 0.515447541542024 -0.3866718492897558 0
5811 0.5441114275597677 -0.3329070587591869 0
5812 12.55001342343175 0.0397644840718243 0
5813 11.85856341424473 -0.4783949775392431 0
5814 11.84617929424632 -0.4528602392952126 0
5815 11.81117061533005 -0.4594777887417567 0
5816 11.82830897311609 -0.4198273868902228 0
5817 11.78287842220841 -0.4239453818213459 0
5818 11.80234816107393 -0.3739020274422993 0
5819 9.235070872101364 0.4787186031459781 0
5820 9.24684146767205 0.4511429112358633 0
5821 9.28445159326019 0.4581354161761443 0
5822 9.269527517084558 0.4148094627635837 0
5823 9.320647343671915 0.4241188529439831 0
5824 9.220664534495372 0.417784949207221 0
5825 9.240917244366706 0.3730507468787039 0
5826 9.186948044562239 0.379470728032308 0
5827 9.17078284420613 0.4294287195079107 0
5828 9.12236272226979 0.3886534395082465 0
5829 9.156543231722678 0.3284801673537478 0
5830 3.760629188008652 0.4788944187723283 0
5831 3.771234396762913 0.451939270803733 0
5832 3.801400058470792 0.4511228443496478 0
5833 3.788587193768644 0.4174020995560502 0
5834 3.829577547311209 0.4277290740861232 0
5835 3.743398848075028 0.4274648413076031 0
5836 3.713840256219074 0.3794473387303292 0
5837 6.362002571216602 0.4807284475350587 0
5838 6.369333307643446 0.4526482707487225 0
5839 6.409434553629676 0.4585126482475103 0
5840 6.386234287905271 0.4136864513092762 0
5841 6.438443853188073 0.426946401925554 0
5842 6.333142778053839 0.4208974847992578 0
5843 6.414978004580902 0.3654011155433527 0
5844 6.477591408464614 0.3668204877182855 0
5845 6.492013000065166 0.4223134296716349 0
5846 6.526159949134007 0.390191137983003 0
5847 6.63602239520371 0.4789296336368583 0
5848 6.625492630072475 0.4552416794936778 0
5849 6.591123397571498 0.4570571269361947 0
5850 6.614151209703888 0.4282917868973194 0
5851 6.654437746409039 0.4285922513473804 0
5852 6.629586140198475 0.3841721074757111 0
5853 6.690417663819334 0.3846362718891774 0
5854 3.491353497292373 0.4795562398543657 0
5855 3.480468557156676 0.4565519832979148 0
5856 3.451103033773165 0.45869348920758 0
5857 3.46196561631831 0.4333633581412252 0
5858 3.427834556720207 0.4376729151245344 0
5859 3.505951126938627 0.4282125463539451 0
5860 9.509131327927051 0.4787581394436259 0
5861 9.519588395070041 0.4538437182915057 0
5862 9.548549047053854 0.4535606633027427 0
5863 9.535694444128485 0.4227543786783963 0
5864 9.575679667924971 0.4288941713108803 0
5865 9.494515391306043 0.4298463033596314 0
5866 9.561134585554173 0.3828560435677487 0
5867 9.610463771773937 0.3841465066536414 0
5868 1.927692155907057 0.4806314735330827 0
5869 1.917363231034644 0.4576803171741995 0
5870 1.883670865913255 0.4596308890566964 0
5871 1.906905303027003 0.4267241702855661 0
5872 2.256378961532505 0.08161395912222286 0
5873 7.547246208008723 -0.4806887750619357 0
5874 7.537278390860308 -0.4556866737778544 0
5875 7.499543761151517 -0.4590168066649741 0
5876 7.520563995168098 -0.4212035130554466 0
5877 7.469309632919749 -0.4289608738407441 0
5878 7.496016958743907 -0.3759716607654946 0
5879 7.439272833922081 -0.385340968823616 0
5880 7.556975503001928 -0.3756979774499478 0
5881 11.72179220136682 0.4802586177707052 0
5882 11.71172021837421 0.4549109431551508 0
5883 11.68276320684228 0.4537927643096212 0
5884 11.69620573362349 0.4234254078845777 0
5885 11.65564957767814 0.4281976026272926 0
5886 11.67136636209396 0.3845944368011505 0
5887 11.62171873485819 0.3852422132298258 0
5888 11.64204417678629 0.3414743136830112 0
5889 7.47784084054557 0.4807436072630453 0
5890 7.488051942988503 0.4553741242696893 0
5891 7.526173474933907 0.4589804670301986 0
5892 7.506905401199465 0.4221304646438762 0
5893 7.456664220272346 0.4265439398719997 0
5894 7.557838326414728 0.4301003051599621 0
5895 7.536111042910577 0.3840550733198956 0
5896 7.597240310741001 0.3918538564116303 0
5897 7.56327132750939 0.3398840500883435 0
5898 5.519690680754788 0.479588827123456 0
5899 4.603731272300012 0.4809115959893994 0
5900 4.612874925265933 0.4559573662999926 0
5901 4.652176053031345 0.4603931397433446 0
5902 4.637503898925913 0.4309361642873968 0
5903 4.6828767675973 0.4310088686044792 0
5904 4.647083526287393 0.381163382753762 0
5905 4.725187793874423 0.3900867145227738 0
5906 4.436914444460599 0.1508438668881722 0
5907 0.89083927368127 -0.4791735618451179 0
5908 11.27682555936337 -0.4808215658903884 0
5909 0.9886460939338512 0.07498461664051066 0
5910 8.485249224897942 -0.4006905809345822 0
5911 12.64235768953178 0.4793191417558207 0
5912 12.63124503758325 0.4545720752821475 0
5913 12.59752737170942 0.458821614427158 0
5914 12.61483877075276 0.421322801741038 0
5915 12.65882032776248 0.427607404907911 0
5916 12.63783280550951 0.3739732164460409 0
5917 12.69409320810564 0.3769992913624596 0
5918 12.58102978993705 0.3828599431904424 0
5919 0.3574946867670367 0.4776112357334992 0
5920 0.3685458449433884 0.4527515366324013 0
5921 0.4012556034389898 0.4589203798222276 0
5922 12.19598991332155 0.151132200664661 0
5923 0.730821909968933 0.1751437856115318 0
5924 3.821597836673629 -0.4795579309467116 0
5925 3.833741112271192 -0.4541030340817936 0
5926 3.867316542293497 -0.4590094970618159 0
5927 3.854408652957233 -0.4186383928940641 0
5928 3.805575765472939 -0.4269937663468158 0
5929 3.903370422665199 -0.4265918469512019 0
5930 3.829879939026422 -0.3770953171876817 0
5931 3.778900388207113 -0.3820089906158769 0
5932 3.751858638613979 -0.429984118442612 0
5933 2.905262764493135 -0.1511138156115835 0
5934 12.71702829150481 0.4295753825906117 0
5935 12.75904887530138 0.3885791377176113 0
5936 12.77965759224787 -0.4808007481164479 0
5937 4.738894829762547 -0.4798701144975923 0
5938 4.727156603758019 -0.4553684004552606 0
5939 4.690189632984144 -0.459065832618915 0
5940 4.708953343609997 -0.4239331811269026 0
5941 4.658973165285338 -0.4296776148174347 0
5942 4.684459583224876 -0.3801513538414518 0
5943 4.616778292360123 -0.3923187906915338 0
5944 4.743094876644044 -0.3923968935356123 0
5945 3.689886207643912 0.2063748598108182 0
5946 4.600578444854989 -0.4796337348835154 0
5947 4.590759413881404 -0.4550898180636558 0
5948 4.561660459182843 -0.4535862240764106 0
5949 4.578471562495004 -0.4244425413475544 0
5950 4.532791984729107 -0.4280308863080917 0
5951 4.554868364980901 -0.3841190444740982 0
5952 4.487722173024146 -0.391249700190251 0
5953 4.52315038136256 -0.3437136200230454 0
5954 0.4020062208456829 -0.1600988982059788 0
5955 2.34030573669578 -0.4320552790295729 0
5956 2.387270723221429 -0.4092180503464005 0
5957 12.64461123354723 -0.4796264490961764 0
5958 12.63350552148438 -0.4543424994112624 0
5959 12.59648637764242 -0.4590090540471056 0
5960 12.61850754228738 -0.4208105372504188 0
5961 12.57651493937491 -0.4263522130017254 0
5962 12.59390765108647 -0.3806414029113851 0
5963 12.54106926438801 -0.4475082795696473 0
5964 5.668098865271253 -0.1739453997953211 0
5965 3.957453848398273 -0.4810087706373287 0
5966 3.967571440195937 -0.4556938708204788 0
5967 3.996299752796736 -0.4542204881129626 0
5968 3.980320076002336 -0.4234314861926838 0
5969 4.024552937705706 -0.4279106640570091 0
5970 4.003526697742607 -0.384349767152549 0
5971 4.056024202642774 -0.3867429796521881 0
5972 3.947816177703544 -0.3875347078642292 0
5973 7.839440624938522 -0.06914515435230636 0
5974 3.897590246018691 0.1787895092550861 0
5975 11.13828657243934 -0.479211014359724 0
5976 11.14866710460618 -0.454776522815134 0
5977 11.18283332530638 -0.4584838300228912 0
5978 0.2271358512869122 0.4785466925865352 0
5979 0.219161071200544 0.4491080973337483 0
5980 0.2059089426355323 0.4024128201411513 0
5981 12.7763865697468 0.4796364453748038 0
5982 12.78614837255482 0.4549730008814793 0
5983 12.81528752105672 0.4534940133021924 0
5984 12.79849782647184 0.4240177102305643 0
5985 12.84414587340061 0.4280241993631859 0
5986 12.81907315379521 0.3820470114464672 0
5987 12.87456399621982 0.3804594735258827 0
5988 12.84599740554189 0.3342011763192133 0
5989 2.123062420052447 -0.4804239322412316 0
5990 2.13158113759972 -0.4483643806882752 0
5991 2.16648946240045 -0.4582848357942135 0
5992 0.7513620159285038 -0.480605598772434 0
5993 11.8572261089837 0.4793478778543313 0
5994 7.410233456995618 -0.4785173295681699 0
5995 7.401350774747153 -0.4531348403679214 0
5996 7.371280061673261 -0.4546111164744294 0
5997 7.391068390875354 -0.4145694438943359 0
5998 7.341694966733088 -0.4275966313400643 0
5999 7.353067486163566 -0.3740775986349027 0
6000 7.311269061255631 -0.3830419854555958 0
6001 4.741491068862806 0.4799574474528011 0
6002 4.751248893073859 0.4555432327529212 0
6003 4.780267400138309 0.4537315586850731 0
6004 4.76393662176258 0.4246311502188073 0
6005 4.80850531920982 0.4281020335428742 0
6006 5.390159365345347 0.4771328880476973 0
6007 7.615571913281741 0.4799654188400774 0
6008 7.626744411419896 0.4569509407000452 0
6009 7.660882768941752 0.4598314936177119 0
6010 7.638579646834375 0.4250296488680526 0
6011 7.680197914088212 0.4261763341724575 0
6012 7.661375340980181 0.3842368411533205 0
6013 7.713742145060856 0.3874741196776332 0
6014 7.717788185687106 0.4435430015967641 0
6015 7.761734632694686 0.4254363891708488 0
6016 7.771633775434179 0.3640588275578328 0
6017 7.816443892082503 0.4132194641235734 0
6018 7.729079083555196 0.3280131339899606 0
6019 10.9369872581018 0.4810245400050833 0
6020 10.92542516558554 0.4631919753633437 0
6021 10.88165334823053 0.4239167971311106 0
6022 10.86966702816279 0.3661255202000687 0
6023 10.82386479854267 0.4055509442335953 0
6024 10.90201242326783 0.4581003917274297 0
6025 10.81130474862136 0.3331635331707184 0
6026 10.76619566188278 0.3812046276676517 0
6027 10.77581642962084 0.4341432095268767 0
6028 10.72646182146855 0.4221483244441338 0
6029 10.71112894836525 0.365920576127573 0
6030 10.66945536626147 0.4082353194618064 0
6031 2.06566659753837 0.4779573871809358 0
6032 4.504729983921102 0.0375017685380299 0
6033 9.371091959113624 0.4796372127193864 0
6034 9.382709055484694 0.4545454511281235 0
6035 9.419227927268745 0.4594003525676889 0
6036 9.399212990756672 0.4221974092394705 0
6037 3.622355734483393 0.4807678817252632 0
6038 3.630913978246916 0.4563365416749918 0
6039 3.666847706338036 0.4561199980429301 0
6040 3.645520835278047 0.4274464855423523 0
6041 3.601714122990999 0.4283353971311508 0
6042 6.495980102590337 0.480014312639343 0
6043 1.588048195931795 -0.1376206769679693 0
6044 7.397195798095925 0.04037615320417012 0
6045 11.72027656364097 -0.4812785986423979 0
6046 11.73102775267938 -0.460486522100452 0
6047 6.455332622341698 -0.06680833262547504 0
6048 10.21798576080235 -0.4809895417917202 0
6049 6.703826465998818 0.430665338857551 0
6050 6.752826777659404 0.3915925292720941 0
6051 6.726024179319163 0.3436522100675706 0
6052 1.202075068912472 -0.4787025422858658 0
6053 1.213475718968302 -0.4543692518259462 0
6054 1.248056697188679 -0.4596480974776874 0
6055 1.231552237160234 -0.4225014277386355 0
6056 1.273523821143998 -0.4354192088259546 0
6057 1.184601192889431 -0.4276656518672511 0
6058 1.207829027995718 -0.3810540108148484 0
6059 1.152384150032553 -0.384908033120641 0
6060 1.13270726974748 -0.4342355839443644 0
6061 1.106026619423766 -0.3949417099969169 0
6062 3.035850001056314 0.06761202747807588 0
6063 2.062955336964202 -0.03643992525545067 0
6064 8.207793603457487 -0.03990515160249496 0
6065 11.44691620153516 -0.1924019594310201 0
6066 5.513889386902281 -0.4798703185881832 0
6067 5.523822950933587 -0.4551103007537538 0
6068 5.559168581409832 -0.4579705070166131 0
6069 5.540205274024485 -0.4210914268887494 0
6070 5.488771350717538 -0.4311423120817801 0
6071 5.514011912365835 -0.375550713020012 0
6072 5.456345848695421 -0.3783105853535394 0
6073 5.418455582790887 -0.3247085253410936 0
6074 5.397168780465707 -0.3841113519425385 0
6075 5.573689586709561 -0.378655507718775 0
6076 5.432313561401434 -0.4294693098991306 0
6077 5.376885877411003 -0.4315741380136023 0
6078 5.341714206760414 -0.3913097266294659 0
6079 10.55586415561987 -0.4797018426606073 0
6080 10.56846504129501 -0.4624367615448733 0
6081 10.54014813111583 -0.4532027068130957 0
6082 13.46070170161472 0.2008121078316542 0
6083 1.758962689586267 -0.072571482514344 0
6084 1.672069845005062 -0.4796749443842856 0
6085 1.684228262445203 -0.4570951918538723 0
6086 1.717191559342693 -0.4596253796010867 0
6087 3.043700775288404 -0.4806017547867966 0
6088 3.054398135478454 -0.4567296030143842 0
6089 3.087157235876044 -0.4586378317124008 0
6090 3.065812094351082 -0.4244207528911014 0
6091 3.109174687393306 -0.4218784130733303 0
6092 3.084532252479893 -0.3807246038663243 0
6093 3.1383245230109 -0.384262717258488 0
6094 6.890547121951917 0.1686965396245418 0
6095 4.282390312025217 0.0630105827985714 0
6096 11.27616208574007 0.4792360117496243 0
6097 11.28967408905202 0.4605886584786689 0
6098 11.31423931892462 0.4586083250273127 0
6099 11.2921275210906 0.4262954196165236 0
6100 11.34288087567879 0.4297295031006187 0
6101 11.32160979026886 0.3745983168915543 0
6102 11.36514697014066 0.3831817749845658 0
6103 9.364256581985325 -0.0648798341037333 0
6104 10.1522269043437 0.4806994343560584 0
6105 10.14153986416575 0.4567528834619693 0
6106 10.11303930676933 0.4570291223039126 0
6107 10.1307616010844 0.424032036736668 0
6108 10.08484293544441 0.4288376824497552 0
6109 10.11132330216284 0.3803939862244757 0
6110 10.05385235068889 0.3787482520324731 0
6111 2.84732663019289 0.4793722754191802 0
6112 2.856798066944778 0.4545422436136121 0
6113 2.886351807825406 0.4526465625088745 0
6114 2.868741043249754 0.4219459646894065 0
6115 2.914227186399571 0.4283912149693284 0
6116 3.444878745459325 0.3860689441297943 0
6117 8.596220619290918 0.4795929564949764 0
6118 8.605730782613556 0.4552784116008479 0
6119 8.634824127625045 0.453650334408895 0
6120 8.617762888764419 0.4246614408840493 0
6121 8.662223186853675 0.4289682445605651 0
6122 8.634241458165917 0.3832471422107436 0
6123 8.691296038523861 0.383357992504501 0
6124 8.659703511495355 0.3294357054965876 0
6125 7.694257476552115 -0.03948698377386465 0
6126 10.02372972855074 0.03728741769835887 0
6127 10.00276603889802 0.1477722930914367 0
6128 6.513873963508019 -0.3866810831320598 0
6129 6.447965475047732 -0.3848773958203116 0
6130 3.805249565006093 0.06699946262142611 0
6131 7.922977334545928 -0.06593916075928584 0
6132 8.322812064865214 -0.4786837513727826 0
6133 8.312252743245162 -0.4549730026261141 0
6134 8.283384361841676 -0.4565098524575713 0
6135 8.299621094867788 -0.4228029433790069 0
6136 8.254970761534961 -0.4290423523183305 0
6137 8.334094068824552 -0.4332454003619593 0
6138 8.277361488684116 -0.3802907428669025 0
6139 8.227326239072092 -0.3777887020278392 0
6140 12.30425719205291 0.4808843230470975 0
6141 8.599110513772596 -0.06500438287003227 0
6142 11.60335520140335 0.4320468909699409 0
6143 11.55794325073451 0.3943296282045883 0
6144 1.311883497474685 -0.03941687968083007 0
6145 1.300197562971246 0.03385952541629692 0
6146 4.83731906749171 0.06581968180791839 0
6147 4.477437386517244 -0.1674624239829593 0
6148 3.80004342053184 0.2163632766307572 0
6149 5.356473694058918 -0.1765066090598767 0
6150 12.50928246770418 0.03925313148862563 0
6151 3.34286491500178 0.06362677948776521 0
6152 12.30822229134369 -0.4778680855071327 0
6153 12.29395976634506 -0.4579161912139469 0
6154 12.26194716211842 -0.4598908337183997 0
6155 12.28916483571301 -0.422870548670055 0
6156 12.24056973042171 -0.4251650772378964 0
6157 12.25989375262168 -0.3756077605904473 0
6158 12.2021686013345 -0.3858499678019184 0
6159 11.66443643977806 0.0361124387839501 0
6160 0.937256975910819 0.4787364773022654 0
6161 0.9502267100361335 0.4527415964800703 0
6162 0.9872508245955676 0.4586138411766172 0
6163 0.9707452215620065 0.4190908409875663 0
6164 6.427549224114841 -0.4805029437583361 0
6165 6.417003989804153 -0.4571735797570659 0
6166 6.388795632724098 -0.4588338641960581 0
6167 6.406909439348207 -0.4252914457405423 0
6168 6.36689292285293 -0.4363890075774084 0
6169 1.08677145836322 0.1883309439384445 0
6170 9.130506703354497 -0.06417333629799579 0
6171 10.78130735933997 0.0363318017253528 0
6172 12.50001649624795 -0.03929602401060335 0
6173 7.355356301997594 0.04034601052760919 0
6174 5.487853978616283 0.436584638195962 0
6175 1.476125293676966 0.4795046275726331 0
6176 1.487492932826944 0.4563913435305958 0
6177 1.521685451329942 0.4592738339260458 0
6178 1.5021055959261 0.4295262822171827 0
6179 1.543111208621084 0.4223580224476207 0
6180 3.180329888892977 0.03802635158318953 0
6181 1.551985910543972 0.06198300469780783 0
6182 9.236510858928252 -0.4795685004592885 0
6183 9.224473406148228 -0.4560434803114728 0
6184 9.191588378118359 -0.4596455603764078 0
6185 9.20876747154648 -0.4243188950486903 0
6186 9.164431396464646 -0.4291265733372221 0
6187 9.17942872597116 -0.3844424814462764 0
6188 9.24450738955376 -0.3854863020961201 0
6189 5.619190998192272 -0.1289002599698113 0
6190 10.38676775836414 0.3313697232713113 0
6191 1.908734533433265 -0.03568653444262537 0
6192 6.537633010024654 -0.06406298642301064 0
6193 6.185750058076787 -0.03659263235920728 0
6194 2.45618634218651 -0.4791398518648258 0
6195 2.467679239379035 -0.454727302077724 0
6196 2.50142553700437 -0.4582586652747442 0
6197 2.483713459645493 -0.4244126910062481 0
6198 2.526451674947382 -0.4266373419796053 0
6199 2.509529628824303 -0.383715127262613 0
6200 2.565283014903283 -0.3908682381043554 0
6201 2.535541857861162 -0.3338535188549258 0
6202 2.441738930450898 -0.4278006666107698 0
6203 8.004352148553572 -0.06210642912396352 0
6204 2.955002038621783 0.06242799456513216 0
6205 12.86138221909406 -0.0490561579015608 0
6206 11.18083904562485 -0.1746741233146324 0
6207 13.84042360326534 -0.400973758838613 0
6208 13.88785595131978 -0.2947996087559312 0
6209 14.01919531052727 -0.2780393039848502 0
6210 14.09880664020419 -0.3786904579687594 0
6211 0.3734800019485066 0.1654379165144281 0
6212 10.1721300268038 -0.1827778972047221 0
6213 10.08901325242426 -0.06156019315412957 0
6214 4.787218310598133 -0.03677134259043757 0
6215 5.734158355725175 -0.06371150957734487 0
6216 0.1582194722197306 0.4782615042112824 0
6217 0.1813127236101217 0.4546859455036225 0
6218 2.519263980219263 0.05971803713849662 0
6219 2.102026913701508 -0.03738058131844095 0
6220 2.142965987435631 -0.03569159734140939 0
6221 2.15189422839842 0.03722584296118048 0
6222 8.190749334681994 0.4809017819135921 0
6223 8.180161063540639 0.4569133926182783 0
6224 8.151927893160593 0.4545318329831494 0
6225 8.169085408705865 0.4243029661463669 0
6226 8.125442821343983 0.4287300204442712 0
6227 8.149222782684676 0.3831179084579333 0
6228 8.096051988731805 0.3852031112133587 0
6229 8.121955154188472 0.3379023422447366 0
6230 2.438942116163985 0.4823688034557017 0
6231 2.431129603972444 0.4589476509227161 0
6232 2.397765349480527 0.4602010428700576 0
6233 2.414730938972058 0.4251884789742476 0
6234 2.455604642080006 0.4330673479355869 0
6235 2.4405659787991 0.3811196451311069 0
6236 2.381849472334414 0.3863804995166051 0
6237 2.488156697130587 0.4534162843305163 0
6238 2.497650536579022 0.4070893471071715 0
6239 10.5568739124014 0.4798221092147075 0
6240 10.56805631711594 0.4567716847251688 0
6241 10.59749416822668 0.4611591830591864 0
6242 10.58633745866625 0.4279072804624769 0
6243 6.064383326629219 -0.03644788702416637 0
6244 4.200869033527949 0.05963092809965961 0
6245 4.52757827711516 0.192683687860595 0
6246 12.42788807038556 0.03898722910057355 0
6247 12.41491720567298 -0.03207039205549506 0
6248 6.005477636319903 -0.1756333477337172 0
6249 3.724790287062764 0.06334484563817609 0
6250 4.756347190833257 0.06331072320750314 0
6251 11.7471015414586 -0.0516456234475965 0
6252 1.465284880801278 0.1839587879473749 0
6253 1.156036366750846 0.05559968627515882 0
6254 6.62001470761337 -0.05952468368110892 0
6255 7.27294035419967 0.03978631774571793 0
6256 2.638582331996869 -0.4798623230679104 0
6257 2.627126145390653 -0.4567032299367814 0
6258 2.597083186311883 -0.4623579416199473 0
6259 2.607085178268117 -0.428007727545948 0
6260 5.1026593587542 0.03755256232064248 0
6261 10.59444774057985 -0.0490772182690965 0
6262 9.058609018478396 -0.4823960951753167 0
6263 9.066259474805804 -0.4590508567395468 0
6264 9.095910407297515 -0.4638944769717556 0
6265 9.084056123077451 -0.4311754228226574 0
6266 9.042399885694866 -0.4340440397552284 0
6267 9.002926560910586 -0.45195056957524 0
6268 9.004871631879062 -0.3997232140898968 0
6269 8.962625869988642 -0.4348935653919988 0
6270 8.950217230978744 -0.3804254309301727 0
6271 8.910448026738198 -0.4166231710439754 0
6272 8.897321282247384 -0.3607357964821271 0
6273 8.853804219768399 -0.3975563732336853 0
6274 0.03396965188475823 -0.02368590934394432 0
6275 11.31180969195606 -0.179231678395945 0
6276 6.864619705077916 -0.03809317764579258 0
6277 0.2073926227276265 -0.07450667875386124 0
6278 9.299116491717941 -0.1738652988990429 0
6279 0.2404947315661053 -0.4800260486143377 0
6280 0.2299747248858409 -0.4556197535310382 0
6281 0.1918751454910203 -0.4584677919574223 0
6282 0.211078414619804 -0.4251474432727345 0
6283 0.1355111982847144 -0.4542050152215156 0
6284 8.945727140793691 -0.05712223374093511 0
6285 4.075968791212731 -0.4321967093406791 0
6286 4.114941205032626 -0.3907625969738917 0
6287 9.481532282405938 -0.04202391725844292 0
6288 1.655011617182315 0.4827003265264861 0
6289 1.648197621135104 0.4593636925711293 0
6290 1.61836254298618 0.4636353244493333 0
6291 1.630369792411749 0.4288406211826526 0
6292 6.247195149893291 -0.480056350511108 0
6293 6.236983094648524 -0.454771462098762 0
6294 6.20165621103116 -0.4576776151460034 0
6295 6.221534085649056 -0.4210235434057938 0
6296 6.171233340071081 -0.4266257814665419 0
6297 6.269307795005785 -0.4312487247258951 0
6298 6.198076698418163 -0.3847869072011881 0
6299 1.756244629135686 0.2093483528897938 0
6300 8.682512736828146 -0.05847915799367451 0
6301 7.20609958901805 0.478852811427867 0
6302 7.21822121202245 0.4523745178955918 0
6303 7.256828563553505 0.4580915326990831 0
6304 7.240430635348529 0.4201171559320273 0
6305 7.291322491203342 0.4289762581918106 0
6306 7.192841799261858 0.4201114993709947 0
6307 7.216665251892385 0.3798111329451745 0
6308 7.160366785986239 0.3809655392067056 0
6309 7.142128645768021 0.42980471285603 0
6310 7.094428689990534 0.3909102010811318 0
6311 5.790723765215949 0.4783979362740732 0
6312 5.77980407084748 0.4533923752576569 0
6313 5.745441086518083 0.4576082934327827 0
6314 5.763725182644361 0.4189818927142045 0
6315 5.809137527772181 0.4271908178326065 0
6316 5.790425029112837 0.3728477587448991 0
6317 5.845536808338375 0.382548105336139 0
6318 5.730248196394424 0.3771958017428232 0
6319 5.767497389134412 0.3169999021761871 0
6320 5.856885239023594 0.4313997820865665 0
6321 5.90176530967904 0.3909282432410874 0
6322 12.12624846039764 -0.4793057717242154 0
6323 12.14081084378111 -0.4614014033005376 0
6324 12.16723237236684 -0.4634563938281545 0
6325 12.15160579271592 -0.4294073784286317 0
6326 2.315154723629477 -0.03950027392151811 0
6327 2.355090698511341 -0.03945230860168455 0
6328 9.886174960573941 -0.2022047527202579 0
6329 10.26596607610051 -0.0418586269187929 0
6330 10.22931375139711 -0.04075057817207242 0
6331 4.675633185830479 0.05808841038995204 0
6332 2.041602969210114 0.06253612454318083 0
6333 6.701966986907801 -0.05420505688506209 0
6334 8.085254727634736 -0.0566693617554113 0
6335 11.62401987713219 0.03679691011384262 0
6336 5.820687477189063 -0.05551459761829685 0
6337 0.7625728690881234 0.4785226745971939 0
6338 9.623711117369336 0.4295717603881035 0
6339 9.662039736159707 0.3939431472882908 0
6340 5.375781964630171 0.4575218653312509 0
6341 5.34670715788703 0.4551287683495768 0
6342 8.715143864108601 0.4308358927106831 0
6343 8.751520997746603 0.3904587815038105 0
6344 3.261053630347139 0.05542836785967605 0
6345 3.153927723069833 -0.4300698809586437 0
6346 3.199194133927342 -0.3962763948975193 0
6347 7.232235705772718 0.03914773114238312 0
6348 9.061567695671187 -0.169257233772173 0
6349 10.81479985807512 -0.06551478197905164 0
6350 3.116680955049866 -0.3287291596862937 0
6351 3.552071833914378 -0.4801919203719514 0
6352 3.541103028314573 -0.4573008960774312 0
6353 3.506890499107163 -0.4599951916366753 0
6354 3.53019886265877 -0.4252747097491867 0
6355 3.489753923736638 -0.4260603456518404 0
6356 3.516149821967055 -0.3834856490432006 0
6357 3.457482245332729 -0.3852848884198534 0
6358 3.450635819459289 -0.4428027082095781 0
6359 3.40502459488004 -0.4223416595337406 0
6360 3.400118676617397 -0.3492683121859916 0
6361 3.349157842655659 -0.4047305147274514 0
6362 3.449712530096865 -0.326764478470737 0
6363 12.38795247567164 0.03909737757127001 0
6364 12.34854300224026 0.03813063458014504 0
6365 5.719568071005524 -0.1732737692254777 0
6366 2.894530397165435 -0.03929845034490505 0
6367 10.77464796031764 -0.1985567402998337 0
6368 10.95587602422329 -0.07063594307109627 0
6369 0.2808461545033326 0.04993992884045865 0
6370 8.142686166888197 -0.4799322515083967 0
6371 8.132049893777241 -0.4546830481697662 0
6372 8.09696224418026 -0.4580778412733117 0
6373 8.122399375493107 -0.4201901357000916 0
6374 8.075664602263041 -0.4208767206348625 0
6375 8.165817840158278 -0.4374077205033077 0
6376 8.098637186396045 -0.3716759023828593 0
6377 1.676815959543669 0.4316017445001539 0
6378 1.653780443911391 0.3847186857507243 0
6379 1.597181713019765 0.3857116006992239 0
6380 10.68814080937588 -0.1982444059799933 0
6381 7.527881888712237 -0.05693268388119055 0
6382 0.2911943497443277 -0.4315101899998742 0
6383 14.25661564280325 0.3760455470445649 0
6384 14.33681580271814 0.251469528391829 0
6385 4.867236586351397 -0.03675295793137714 0
6386 12.12605348742069 0.4793816105842934 0
6387 12.13691635489035 0.4552690897923705 0
6388 12.1666923397183 0.4583233139481143 0
6389 12.15444395262199 0.423284248705704 0
6390 12.11209972692944 0.4305267807054577 0
6391 12.13324785784023 0.3816900875544985 0
6392 12.08125213390532 0.379805484692709 0
6393 12.19326544653208 0.4350785535890467 0
6394 12.08318323469566 0.4586668091584132 0
6395 3.568378047005497 0.04254457601847224 0
6396 4.119818255813457 0.05376640630425567 0
6397 10.86492549553623 -0.4783151500849627 0
6398 9.104416417244501 0.4802094064084603 0
6399 9.093373929750117 0.4568552316342784 0
6400 9.058929634956909 0.4588933071709059 0
6401 9.082420993649798 0.424240356324443 0
6402 9.037313496945297 0.4222742641990938 0
6403 9.062764017725499 0.3816404462457925 0
6404 9.009273929182822 0.3821068594398637 0
6405 3.895409737668929 0.4802405342294156 0
6406 3.90618581334566 0.4566975866531131 0
6407 3.941881664668186 0.4590754159974805 0
6408 3.919212459596779 0.4215007205663753 0
6409 3.967012229682848 0.4191982147053326 0
6410 3.939718681497629 0.3742860774991692 0
6411 3.998018890248185 0.3722586245680245 0
6412 3.881166422695433 0.3839529339581602 0
6413 6.227330352772533 0.4806690041377976 0
6414 6.236308507064685 0.4527638085974753 0
6415 6.273559180160081 0.4580683849635961 0
6416 6.255184157348744 0.4190853338818568 0
6417 6.209257340918477 0.4205813913468566 0
6418 6.232945260170844 0.3788164462095315 0
6419 6.172279180042656 0.3788110095545555 0
6420 6.130631110965707 0.3414373709702391 0
6421 6.117601493247212 0.3976835916044663 0
6422 6.287611085163634 0.3773983818852238 0
6423 6.164305954234623 0.4308874456961538 0
6424 6.249529766297896 0.3190551651787129 0
6425 6.770412466095086 0.4799706943524905 0
6426 6.781818084187861 0.4567687964749449 0
6427 6.814862333935535 0.4597468139254761 0
6428 6.79412485108065 0.4256565158845572 0
6429 6.841492718581004 0.4283941430982099 0
6430 6.814325073087008 0.3851357839675975 0
6431 6.871895941600838 0.386133149287609 0
6432 6.869411257939217 0.4542277714642577 0
6433 6.918362249542242 0.4199475045306003 0
6434 1.851781623662736 -0.480657469119658 0
6435 10.65480408941372 0.3390381283772675 0
6436 1.96719541269555 0.04142327567103693 0
6437 1.986299054140829 -0.0353596509499513 0
6438 14.58713700642064 0.3638859778072062 0
6439 14.58437183671311 -0.3231492403889573 0
6440 5.334567867129952 -0.4785864908058862 0
6441 5.322799366198852 -0.4589015727233012 0
6442 5.291406885138052 -0.4068420302851151 0
6443 5.289297324001143 -0.4540493155744965 0
6444 5.24651803524822 -0.4349925213054083 0
6445 5.243362852517471 -0.382046064013003 0
6446 5.197079327033745 -0.4167024302721404 0
6447 9.626843303287227 -0.2086026778498607 0
6448 9.211449248179123 -0.05258695842214775 0
6449 2.520002155435431 -0.07470914684073311 0
6450 3.025636136858425 0.482497743091545 0
6451 3.017969630377727 0.4595019661789509 0
6452 2.988830488435224 0.4608526670966161 0
6453 3.001043343362411 0.4346089991946444 0
6454 3.038732725330822 0.4264804113188898 0
6455 3.081431222638246 0.4512094626119043 0
6456 3.083700488265334 0.4023099625622139 0
6457 3.122541921492549 0.4356642722047485 0
6458 3.130286040610621 0.3863034700268195 0
6459 3.176170387782245 0.4265753845559974 0
6460 3.177919729027455 0.3647935847706518 0
6461 3.219742104427786 0.3955365609099244 0
6462 9.971706349531708 0.4801266485560674 0
6463 9.962087228742066 0.4547331550161928 0
6464 9.92671075832051 0.4575933473645644 0
6465 9.950870915316647 0.4209772867209659 0
6466 9.897441442498666 0.4244084181897192 0
6467 9.929407864182778 0.3753651701199641 0
6468 9.871495038559289 0.3764594549892182 0
6469 9.844515542144697 0.4184835582223895 0
6470 9.816036010284964 0.377949542263125 0
6471 9.795284917703198 0.4217440573646348 0
6472 9.757457275401341 0.3860753418243427 0
6473 9.784565048134031 0.335862492977877 0
6474 9.993860995569758 0.4381202970245232 0
6475 9.751979762493285 0.4347103768596919 0
6476 3.647231172987946 0.05610800452497264 0
6477 12.06436354996367 -0.03792135990285064 0
6478 2.874963459630257 0.05232968474191797 0
6479 2.623564281564906 -0.03824491598155399 0
6480 11.45531827356505 0.4794445284732722 0
6481 11.46534115652919 0.4543096789472764 0
6482 11.50011719891849 0.4580368133710612 0
6483 11.47994375319639 0.4215393893500994 0
6484 11.4338376360589 0.4273529945315095 0
6485 11.46084108882134 0.3781119017015772 0
6486 5.190929775191541 0.0386727650201543 0
6487 7.6085624601736 -0.04975534218579784 0
6488 11.3285279090429 0.1791355198231167 0
6489 14.99285777321432 0.3139616841036421 0
6490 14.9837707611922 -0.3445084112271564 0
6491 1.021530051686624 -0.4801974407351333 0
6492 1.032971732935696 -0.4572418292035824 0
6493 1.066328717471427 -0.45990218745239 0
6494 1.049472826064023 -0.4331394925271044 0
6495 11.09160692112938 -0.1715221754776532 0
6496 6.985309658548339 -0.03656883411684614 0
6497 10.03958215456335 -0.4819006507508675 0
6498 10.04551639278223 -0.4577141766471677 0
6499 10.07608188048431 -0.457095933269601 0
6500 10.05974625125297 -0.4229969876527775 0
6501 10.10439240517358 -0.4285174300286042 0
6502 10.0200425456607 -0.4325024111025905 0
6503 10.08144425842037 -0.387337391358669 0
6504 9.991930182494636 -0.4512977597191106 0
6505 9.977981160078366 -0.4149934069353586 0
6506 9.938908575994677 -0.4354107348987948 0
6507 2.260498532306077 0.2061343525186761 0
6508 7.682811735511172 0.04964341786809865 0
6509 11.41142150416313 -0.4804617435152294 0
6510 11.40206685114724 -0.4555213280748114 0
6511 11.36583075503468 -0.456310430790031 0
6512 6.928930709420039 0.3552263707311343 0
6513 6.968487261427908 0.397797893044945 0
6514 6.981861586090325 0.349038591362956 0
6515 7.025664006614765 0.3805228059175411 0
6516 4.592496690581489 0.03857340929607068 0
6517 9.026276880355995 -0.03933726923027612 0
6518 15.45597569122087 0.3025116565334547 0
6519 15.36403759628291 0.1093838143220294 0
6520 15.42403607530932 -0.297769275285954 0
6521 15.52738732453763 -0.07916445673717015 0
6522 15.79755958879107 0.007493648090976359 0
6523 15.9815467330284 0.2576570903718462 0
6524 15.97998065971187 -0.2536687555713621 0
6525 7.601397511668686 0.05129276275948591 0
6526 7.151006836000508 0.03868818079274078 0
6527 0.7131661424054505 -0.1821994379770086 0
6528 0.1868143650857844 -0.0366268103438155 0
6529 8.452183103288903 -0.4340116317211354 0
6530 8.436566738178959 -0.3988120135805172 0
6531 8.407605768714436 -0.4314095255680004 0
6532 8.396859156171384 -0.3762462619412535 0
6533 8.433174925536278 -0.462633782201005 0
6534 0.1731805808334192 0.06245407760341874 0
6535 7.8833748143348 0.04135893106344568 0
6536 12.91650483957134 -0.478375156155408 0
6537 12.90514016466437 -0.4499492099869855 0
6538 12.86763807596413 -0.4577097025792217 0
6539 0.77060643329358 0.06756376834697067 0
6540 13.70917165213279 -0.2315518483332054 0
6541 4.465719833558194 -0.4802036645003183 0
6542 4.454817419811019 -0.4574225030107996 0
6543 4.418427461257988 -0.4592873838892998 0
6544 4.444046685439599 -0.4255800346671731 0
6545 4.394059850846961 -0.4244894227002952 0
6546 4.423597538722793 -0.3843582048260502 0
6547 4.362012909171278 -0.3851468807886542 0
6548 9.860429694715656 -0.0804369033044621 0
6549 7.520509025791199 0.05037655425047952 0
6550 4.037260110829568 0.03883186476670569 0
6551 1.106570820496252 -0.3373591524159564 0
6552 8.760442940698891 -0.04286964397159741 0
6553 9.976356160017776 -0.0536276789952766 0
6554 13.38941228780971 -0.3203509190786716 0
6555 12.91107708109087 0.479845952985361 0
6556 12.92255635010669 0.4563338392965302 0
6557 12.95094201254761 0.4598865700505533 0
6558 12.94378161662328 0.4294432780846135 0
6559 7.228582746091597 -0.4789363931080182 0
6560 7.218092479396796 -0.4538437514868102 0
6561 7.18332494237403 -0.4578081842429063 0
6562 7.201864356435391 -0.4190879772970539 0
6563 7.151274317582493 -0.4251536304715484 0
6564 7.249681116581353 -0.4275219083435901 0
6565 7.225287453679372 -0.3784540628535617 0
6566 13.81031682352779 -0.2141072924393288 0
6567 8.165832058106902 -0.0504972815395839 0
6568 0.5523898286525333 0.1850556376369204 0
6569 0.04253468231767624 0.1438215769619267 0
6570 9.870200176519353 -0.03960444476781099 0
6571 3.994122973642992 0.03915479976171612 0
6572 12.5939690292358 0.03800029947102623 0
6573 2.437951696346856 0.05000963557847529 0
6574 1.855660164610008 0.428229454002481 0
6575 0.4914706824376911 -0.4311849200517149 0
6576 0.4586460342785813 -0.3906895134168368 0
6577 6.955347857148364 -0.1883593046147583 0
6578 12.6769716888219 0.05053516951932521 0
6579 4.8755583105293 0.47963517233792 0
6580 4.886090557049685 0.4563542111598982 0
6581 4.915665404089077 0.4588815256243449 0
6582 4.901367365787029 0.4271354863106569 0
6583 4.939460582321605 0.4346310199651298 0
6584 4.861650112448868 0.4308930562316599 0
6585 2.376123605620395 0.4799620379783999 0
6586 2.361837821139255 0.4560901670025511 0
6587 2.332224085574683 0.4617196275600879 0
6588 4.341074875237871 -0.4318226013454818 0
6589 4.298716039679694 -0.3933045930804124 0
6590 7.73572602838148 -0.03817123951941464 0
6591 0.6320922217093977 0.1835394770548513 0
6592 10.80139337433668 0.4800321014069014 0
6593 2.197872607451348 0.4796046836431019 0
6594 2.186382190263401 0.4568909244323081 0
6595 2.153682626053374 0.457591020292431 0
6596 4.392907688605538 -0.1283534436016187 0
6597 6.145225842715704 -0.03633162169016591 0
6598 7.273111210584124 -0.4791958965728436 0
6599 7.282716193513062 -0.4545201001156428 0
6600 7.312662742557785 -0.455839918327999 0
6601 1.774969091617503 0.08801330350947631 0
6602 11.06702758728765 0.3178096631528789 0
6603 10.9510846513125 0.3334932208701555 0
6604 2.615831648169613 0.21339891934899 0
6605 9.443486217299393 -0.05419245504220244 0
6606 4.981660636201112 0.03552135163686983 0
6607 4.987465737694137 -0.03617261107880824 0
6608 13.24215566326407 0.4361057309001962 0
6609 3.502604952084174 0.158156138659709 0
6610 7.110512841379343 0.03823361177149574 0
6611 6.945121287135184 -0.03700478582629987 0
6612 7.923024321111219 0.04979706976794424 0
6613 0.03953129048966481 0.1944113218543906 0
6614 0.090452395382218 0.1336692592809548 0
6615 12.02644144262098 0.1142869166179624 0
6616 5.239127329867709 0.167354394179093 0
6617 7.439499355157568 0.04215654958018557 0
6618 4.464506164598887 0.03644436265596991 0
6619 4.99803204132586 0.139756134851856 0
6620 8.470372396272067 -0.2105982999960672 0
6621 1.913448391066386 -0.3176771987370515 0
6622 0.4656072131498299 0.1689152200980736 0
6623 8.003399202238265 0.0551772129300777 0
6624 11.4514335758853 -0.4789015981691975 0
6625 11.43033326068647 -0.4634559224588104 0
6626 12.3297554390357 0.3190083339947193 0
6627 6.226484175214942 -0.03686767210052291 0
6628 8.874206503812314 -0.1358219113863356 0
6629 0.05798369596320834 -0.2713838406455071 0
6630 1.401698784530682 0.05627870732598848 0
6631 5.378716859467889 -0.4731521501499688 0
6632 16.28819017807929 0.2573547909929705 0
6633 0.04496422193924344 0.2986001024926072 0
6634 11.85260459968262 -0.1462520538527799 0
6635 7.070130977224682 0.03796343470996624 0
6636 11.41080029188139 0.4792356757616389 0
6637 11.40122800261643 0.4544272211356045 0
6638 11.37090523172535 0.456342782346468 0
6639 1.807304349747091 -0.4790499187695999 0
6640 1.819884965734514 -0.4562153636874258 0
6641 1.782201000381967 -0.03645240444666391 0
6642 10.01672577060295 0.4800475855144875 0
6643 10.02638930361772 0.4563853849759017 0
6644 10.05566611004626 0.4569262909039058 0
6645 1.365724611937917 0.04067800577209656 0
6646 10.82254906686066 -0.4789633160795617 0
6647 10.80889454476445 -0.4595065354147796 0
6648 10.78164432534926 -0.4575590381803124 0
6649 2.231808100795823 0.1201630752422033 0
6650 8.079503393265945 0.4312623744726178 0
6651 8.034484830790817 0.3940972608759286 0
6652 12.75802162239003 0.05359042406404858 0
6653 9.448419733780799 0.4284256175048107 0
6654 9.418280076951007 0.380368601564435 0
6655 9.362343999338984 0.3838966889689363 0
6656 5.307572431436453 0.2124695143846862 0
6657 7.191803391835765 0.03876665796377149 0
6658 7.447927443520515 -0.1304701634206692 0
6659 7.029846143998491 0.03792206878335112 0
6660 6.767125622496023 -0.1558569860516804 0
6661 2.83245359212189 0.4345731254941787 0
6662 12.95540187157821 -0.4832966835145387 0
6663 12.94400780422999 -0.4580412108259984 0
6664 1.355799787440478 -0.03862092751638127 0
6665 1.823638415119055 -0.0369692524346367 0
6666 8.187346144073143 -0.4800485608135153 0
6667 8.196896247912337 -0.4558750755936545 0
6668 8.226265368163077 -0.4566916897185194 0
6669 1.767192987696177 0.04797942287992858 0
6670 0.523990275567105 0.04625961704495291 0
6671 9.066029303910733 -0.03566298242036393 0
6672 4.018040561662058 0.428012600091238 0
6673 4.046020308265067 0.3899172557751857 0
6674 0.5898963229372315 0.04009339969656894 0
6675 6.291239552256368 -0.1401000276974209 0
6676 10.30247539180205 0.0369837313137859 0
6677 2.800141602030714 -0.1532433471664915 0
6678 0.02265958517182247 0.4770069397730399 0
6679 8.250271057326607 -0.03923873363370591 0
6680 12.65304796288354 -0.1709711430843817 0
6681 2.932757013459157 -0.03943174091784672 0
6682 6.445028957491377 0.3143843715426322 0
6683 7.314880038135428 0.03952899396527348 0
6684 12.17012744981017 -0.4843359690566929 0
6685 12.20013315103756 -0.4459020764056202 0
6686 12.14413237153552 -0.3682336167711472 0
6687 0.8047829037459404 0.4791700078976953 0
6688 0.8191412893211801 0.4601329165253397 0
6689 0.8479705872447345 0.4560653815283798 0
6690 6.292298616282271 -0.4800333829806872 0
6691 6.303180528843634 -0.4535971739779363 0
6692 6.335199442182393 -0.4563516228177791 0
6693 6.32673802983607 -0.4150633608091037 0
6694 12.4166360762726 -0.18176656113545 0
6695 5.021915213790148 0.03587793304113318 0
6696 0.2816780272340932 -0.4811173806385527 0
6697 5.837679810927715 0.4802483411652741 0
6698 7.164188414611768 0.4806664818764772 0
6699 1.614448510416965 0.484793973463041 0
6700 1.588207282580722 0.4484791166133052 0
6701 9.099234639109865 -0.4846387245392325 0
6702 9.127229032061175 -0.4486457503263501 0
6703 9.119462492871929 -0.3980751260490818 0
6704 2.594350553294696 -0.4843540611698144 0
6705 2.564996060758968 -0.4460250830667031 0
6706 0.6649369729055544 0.04036041067879358 0
6707 8.052291480349252 0.480324666952876 0
6708 8.043201080296264 0.4512847327786592 0
6709 8.017222834635998 0.4596560197867814 0
6710 9.983809773621164 0.03714563577624543 0
6711 6.989609381522205 0.03779108933309884 0
6712 10.60090597495109 0.4838027977963837 0
6713 10.6282392199657 0.4413339583314045 0
6714 2.39740243158445 0.4834269418250545 0
6715 8.143080839989629 0.4788292844588125 0
6716 10.81047479164387 0.4512499653842921 0
6717 10.84470057294329 0.449844312722557 0
6718 12.46888838161094 0.03881980603907913 0
6719 2.501638692954086 -0.4818273491517627 0
6720 0.110883285252597 0.4801953467223188 0
6721 0.09865216435384656 0.4564409852492796 0
6722 0.06684366777737934 0.4576504129480126 0
6723 9.191865171809086 -0.4837752464478164 0
6724 0.4588146777428977 0.03788608185283648 0
6725 12.15460548699762 0.04302886939501818 0
6726 10.50256152208707 0.03664909590176384 0
6727 13.56891319367429 -0.1747116251278915 0
6728 13.45719908774897 -0.08405878351312235 0
6729 8.987322263301852 0.4326497886102592 0
6730 8.957026151370552 0.3828537518762818 0
6731 12.30632961396582 -0.04101798195871475 0
6732 12.25421687262377 -0.0410024887002858 0
6733 6.383652511805082 -0.4823254909218552 0
6734 1.521738491186439 0.4837272022206847 0
6735 12.26231931173541 -0.4842891589406602 0
6736 12.75657759011627 -0.1876862982340244 0
6737 0.8951289175101534 0.4792360289344773 0
6738 0.9123590958715591 0.4561609553136932 0
6739 2.422557010810064 -0.0369716722690098 0
6740 10.79601541605701 0.1500623265624703 0
6741 5.657426991356421 -0.4505893541115434 0
6742 8.278789025887823 -0.481458442235155 0
6743 12.26405498984769 0.4806577508221193 0
6744 12.2532630130182 0.4548302365567263 0
6745 12.2216890568963 0.4573551193836244 0
6746 3.088190570341286 -0.4835075381537675 0
6747 1.716441611581938 -0.4811223557689962 0
6748 8.968013597377757 0.4799000608169534 0
6749 8.956255866020671 0.456546830125204 0
6750 8.926288974865262 0.4643980393284189 0
6751 4.031227540954324 0.4800934917452644 0
6752 4.044388168465736 0.4561336357543203 0
6753 4.073827160481045 0.4625218410257675 0
6754 10.59899564088138 -0.4793061157940524 0
6755 5.469102024054182 -0.479972757883418 0
6756 2.895004880652584 0.4778840220156391 0
6757 10.10763683036868 0.4811322279774446 0
6758 11.31909094906411 0.4822741156658963 0
6759 1.156343662877529 -0.4799648714822161 0
6760 11.89703684353588 0.4543813795205607 0
6761 10.17606417177242 -0.4789261465943134 0
6762 10.16488754007045 -0.453362859979686 0
6763 10.13341719426746 -0.4557270962025653 0
6764 10.14854563973062 -0.4212054829707759 0
6765 10.59687912669225 0.151123296655656 0
6766 11.54589213914483 -0.4802245628703879 0
6767 11.53122872895796 -0.4544590297791758 0
6768 11.49867638652457 -0.4605479298774221 0
6769 6.949256214870013 0.03751977993247897 0
6770 9.721971614140328 -0.04396266300202168 0
6771 7.365389117752702 -0.4815800636862251 0
6772 4.003999523579445 -0.479629812668167 0
6773 11.46211387376738 -0.03536059605121494 0
6774 2.108188436868668 0.4796689654840517 0
6775 2.123533370292007 0.4585484554200014 0
6776 2.127269589764511 0.4235909084432253 0
6777 10.89114007897856 0.4810194248670029 0
6778 3.100000117019068 0.03660946298297003 0
6779 7.660660288342412 0.4821908691773701 0
6780 5.341202330284301 0.4814948221782459 0
6781 4.787013161573271 0.4802705624906218 0
6782 4.554939683801627 -0.4802635351643369 0
6783 4.214312227519386 -0.1677984733881093 0
6784 12.82011281382602 -0.481096456989269 0
6785 12.83129027255496 -0.4563673468579339 0
6786 3.777912212500332 0.1741263082666455 0
6787 0.1796748277486755 0.4821991578134787 0
6788 12.82202489807972 0.4802685012851206 0
6789 5.027639679387667 -0.03589670870771747 0
6790 10.39736529432973 0.1521849598359966 0
6791 11.31694281113923 -0.480446831831144 0
6792 11.32588615595426 -0.453305046693079 0
6793 6.086274895288075 0.1374862096240399 0
6794 0.9327048817780652 -0.4813418956886994 0
6795 0.5716000234598549 -0.4843472558632075 0
6796 1.94503095541295 -0.4805973893336121 0
6797 10.96026876987613 -0.4845416699998875 0
6798 11.54537729510709 0.4800256927659634 0
6799 11.53250363341901 0.4561686041464948 0
6800 10.74145915642885 0.03605085234062082 0
6801 9.881392364997591 0.4803370955371709 0
6802 3.118203171599303 0.4807904825969214 0
6803 6.681488990429377 0.479976305000773 0
6804 6.320432479651843 0.4806150868878419 0
6805 6.307658060191214 0.4551715235435113 0
6806 8.050774486859567 -0.4797936184992932 0
6807 8.035393147193801 -0.4615919123940169 0
6808 8.008814964567012 -0.4607344868276053 0
6809 8.028811742856899 -0.4307806686197645 0
6810 7.981937939986347 -0.4295979940307415 0
6811 3.808610062682111 0.4773904641257771 0
6812 9.192818752772791 0.4811589323762123 0
6813 4.916584329315412 -0.4810366611642864 0
6814 3.641257024435596 -0.4802963628555614 0
6815 0.2959396118095268 -0.1574663616552437 0
6816 12.03720700778876 0.4797576365207884 0
6817 12.04656651367269 0.4552130333800168 0
6818 10.19746608801156 0.1532337379380581 0
6819 12.0357617831428 -0.4805643886877322 0
6820 12.04880774420345 -0.4480091580012988 0
6821 12.0822931169269 -0.4320316818490881 0
6822 0.1411032788030678 0.03563145047913152 0
6823 0.6692506716640608 0.4796821099299797 0
6824 0.6799881108701173 0.4550656108515552 0
6825 0.7144190854360867 0.4582997612908086 0
6826 12.39679514156812 -0.09881891384870681 0
6827 10.53546271545902 -0.4820609288063493 0
6828 4.427361464349545 0.4806029713614839 0
6829 4.41631185685525 0.4551241375933333 0
6830 4.385550468588127 0.4533158600893146 0
6831 4.402728369865903 0.4202286333617298 0
6832 4.355206590871205 0.423924175917023 0
6833 4.382825751468204 0.3730468182532054 0
6834 4.320926304862079 0.3784019086028415 0
6835 4.303806128132276 0.4285457391953025 0
6836 5.699558597171991 0.4801712985966355 0
6837 5.710509755900799 0.4551629417124382 0
6838 1.745040884353388 0.4774782492629804 0
6839 8.965760166314903 -0.4806149185079556 0
6840 5.829508642663578 -0.4821295178179235 0
6841 1.471982452281364 0.03545856854909443 0
6842 12.01862130096469 -0.03441351048700646 0
6843 2.725657784885167 -0.4775580920701959 0
6844 12.65764217356186 -0.3758411796668587 0
6845 2.596460848193421 -0.1546507991262474 0
6846 2.092792911595765 -0.1473179796390967 0
6847 6.908926701586028 0.03723417493852205 0
6848 10.47017779796151 0.4775673417940923 0
6849 8.279827555712171 0.4811906959171962 0
6850 12.89715521789001 0.1526901108423488 0
6851 0.3839252820292272 0.03556548503175307 0
6852 10.86220634129106 0.03936682299729055 0
6853 10.90218357388698 0.03883966445674611 0
6854 0.2470436762751674 0.4837815519259452 0
6855 0.4174948178410836 0.1454191437597102 0
6856 5.542379376705341 0.1761301015098203 0
6857 11.09406394461245 0.1484765045893957 0
6858 2.15922007073422 -0.09849769820883574 0
6859 0.3785250103706666 -0.0748850430939883 0
6860 0.3549461663994079 -0.1159812823798769 0
6861 3.528477250450387 0.03955003778352495 0
6862 10.08480611565973 0.3311256143759785 0
6863 10.02074889217394 0.323592850626097 0
6864 2.275556565166525 -0.03846372643771028 0
6865 2.364606168477879 -0.4806085056375831 0
6866 2.373074515274296 -0.4537665958647348 0
6867 2.411926459127332 -0.4566027545415663 0
6868 2.431304412058086 -0.3709005514984046 0
6869 8.792779851186552 -0.4809603779442344 0
6870 8.78325010037905 -0.4543693484369897 0
6871 8.746873704108674 -0.4588276763592357 0
6872 8.766838349643791 -0.4208440280530754 0
6873 8.717753372090309 -0.4279917206559395 0
6874 8.745699667007814 -0.3784805958678643 0
6875 8.696242193645745 -0.3830009845221254 0
6876 8.669973908803584 -0.4319947740264297 0
6877 8.83469900708733 -0.4814449215822468 0
6878 8.817060841094474 -0.4607820588694629 0
6879 11.67815474958525 -0.4845711783753876 0
6880 7.876916807167429 -0.4802361310774188 0
6881 7.886778742013388 -0.456706280123363 0
6882 7.915724178981662 -0.4635266231801786 0
6883 7.90372039996476 -0.430202990088482 0
6884 7.859807664170888 -0.4383720203153706 0
6885 7.918864602934329 -0.4848186182688096 0
6886 7.946077256241708 -0.4493004050457831 0
6887 7.939438756353988 -0.4026247442714231 0
6888 7.99446084781443 -0.3804488562359549 0
6889 6.964791151917675 -0.480991376215996 0
6890 6.957435599674185 -0.4539132482383737 0
6891 6.920547497356104 -0.4576860618441078 0
6892 6.94019517096842 -0.4176614429054629 0
6893 6.895095237308718 -0.4186655754034119 0
6894 6.989781573739554 -0.4249404601544642 0
6895 6.913020215553217 -0.3757093703041264 0
6896 3.287890740748372 -0.4792399718606886 0
6897 3.277097058914099 -0.4550874997685755 0
6898 3.247371569909806 -0.4601304804158016 0
6899 3.258298740879848 -0.4213434120730989 0
6900 3.244063549218335 -0.4835520230952265 0
6901 3.218884507373711 -0.4435678211473952 0
6902 3.251341805068732 -0.3652353542585425 0
6903 3.195901147213766 -0.4638991362734072 0
6904 0.4398719917434984 -0.4808935826996912 0
6905 0.4311422216266539 -0.454338632616445 0
6906 0.3956210070256627 -0.4570986794796199 0
6907 0.4188450006020335 -0.4172634807908136 0
6908 0.409542632328861 -0.3662723576877772 0
6909 5.20080052850065 -0.4778257796570476 0
6910 4.134557357839722 -0.4797848113895162 0
6911 4.14527294697297 -0.4558109621315477 0
6912 4.17833574247897 -0.4589177328969374 0
6913 4.15664081054815 -0.4223485004305829 0
6914 4.207453044427398 -0.4268317649016624 0
6915 4.179042702849003 -0.3713203692056639 0
6916 4.239232239333557 -0.3841409417992497 0
6917 4.25959013021933 -0.4315811364813132 0
6918 4.093439576353402 -0.4827589314899158 0
6919 4.0992807305859 -0.4598654988237275 0
6920 5.245285559330098 -0.4808570233209591 0
6921 5.177492416739629 -0.4787810010276615 0
6922 5.163576840466952 -0.4608316573533047 0
6923 5.141337800279954 -0.4571192238079779 0
6924 10.4234011605336 -0.03523412573467279 0
6925 3.294435067111449 0.4788301692025967 0
6926 3.280351347916522 0.4532061574627305 0
6927 3.251685998456639 0.4614178441250044 0
6928 3.314771970833886 0.4561552107915162 0
6929 3.295653643805426 0.4179521374336097 0
6930 3.340407866856741 0.4244176943995153 0
6931 3.314255252126265 0.3754970174947519 0
6932 3.357329803819388 0.4776047198388893 0
6933 3.367458370821252 0.4528711697110469 0
6934 3.399140461344839 0.4572698119432455 0
6935 2.242548142348026 0.4782329512122324 0
6936 2.230423821500882 0.4590574993574973 0
6937 1.344918032091 0.4803918299096029 0
6938 1.334026947749212 0.4578809017720158 0
6939 1.300436714960602 0.4580522600430041 0
6940 4.074795580379289 0.4845687711961226 0
6941 4.101297448409001 0.4518850669663222 0
6942 3.444110529157124 0.4809077980792539 0
6943 3.250622481384403 0.4843533895151138 0
6944 3.314796976628599 0.4839850535770929 0
6945 3.162354947406065 0.4801412734586185 0
6946 3.150459485216807 0.458025605156071 0
6947 6.184804400429624 0.4810057635543291 0
6948 7.92138908218723 0.482962081109063 0
6949 7.913871447366969 0.4603197460546388 0
6950 7.885796945195318 0.4635187767111258 0
6951 7.897470213724017 0.43142172262912 0
6952 7.938062446778071 0.4350618479729912 0
6953 7.923645304455458 0.3884186584014598 0
6954 11.6768641366098 0.4811360885714991 0
6955 9.750145113504372 0.4861222916071484 0
6956 6.814605794500977 0.4844077972342986 0
6957 9.706670708168343 0.4803613583272318 0
6958 9.69732521701401 0.457172235640081 0
6959 9.663998249644912 0.4517944425600687 0
6960 7.882347280359156 0.4848371823228081 0
6961 7.856286737590423 0.4444999865425664 0
6962 9.554195527385343 0.4811360885710683 0
6963 8.643322463584173 0.478231270472763 0
6964 8.727357770344486 0.4800491778903016 0
6965 11.58697211463492 0.4830097885135376 0
6966 1.270450111225141 -0.03706528742551798 0
6967 6.742101766869739 -0.4806545367583844 0
6968 6.75316007838048 -0.4554807806754702 0
6969 6.78384101984116 -0.4537309805613921 0
6970 6.767297118397723 -0.4204266863429739 0
6971 6.814788040441957 -0.4252427502581417 0
6972 6.793601542622183 -0.3776391255407663 0
6973 9.327794425686012 -0.4837834053090309 0
6974 9.329018529001676 -0.454986990290338 0
6975 3.091495165874909 -0.03838495862189929 0
6976 2.707340484300616 -0.1151435668129113 0
6977 1.257401552082342 0.4789050862079189 0
6978 1.246778833616381 0.4558657565179297 0
6979 0.02156218324951937 -0.3794581613302926 0
6980 0.04488268232065255 -0.3914763593345215 0
6981 0.04460245708461248 -0.364646946766597 0
6982 0.01995951426172381 -0.4238829898713311 0
6983 0.02036197214465932 -0.3570742314193565 0
6984 0.01874373091092989 -0.3150996673353361 0
6985 0.01864478184647463 -0.271739130434177 0
6986 0.02072143290627886 -0.1179309005335202 0
6987 0.0188266392126501 -0.2282608695646215 0
6988 0.02374681036972068 -0.1420596346924722 0
6989 6.868656387484767 0.03706170760274549 0
6990 13.62525572378991 -0.1070586396132182 0
6991 0.912544242387012 0.03872622272824309 0
6992 0.8656162625338575 0.03473769150118083 0
6993 0.8664799162177653 -0.03571108227138101 0
6994 6.518793443920067 -0.4842166332031888 0
6995 1.030993928654354 0.4810899058953443 0
6996 9.296943287182238 -0.03673841269972666 0
6997 12.39822226453332 -0.4844503917248564 0
6998 6.267461155359557 -0.03669780712652428 0
6999 11.21091482315957 0.1888128327873527 0
7000 7.025457497782562 -0.03611919311092141 0
7001 9.813774644763058 -0.4801438268183679 0
7002 9.803773843447056 -0.457141697422593 0
7003 9.770376310533909 -0.4601892711864968 0
7004 9.790983996169587 -0.4244186420355198 0
7005 9.830839585019119 -0.4348303190957508 0
7006 9.818335166080818 -0.3865963798262023 0
7007 9.869386204204108 -0.3984414893671199 0
7008 9.868504123961008 -0.4487416152629813 0
7009 9.751069113084569 -0.4259523947874322 0
7010 1.622813293217462 -0.3269433992218848 0
7011 0.1913492990892372 -0.2336398135114157 0
7012 9.638750154543583 -0.4796588388814104 0
7013 9.648634997997252 -0.4557072196642369 0
7014 9.677498457512954 -0.4626634486489168 0
7015 9.680844164986425 -0.4842633752563583 0
7016 9.708497785896141 -0.444667573657599 0
7017 2.744376486809497 0.03626557737623608 0
7018 6.828343252405544 0.03695355017867101 0
7019 13.03156372025647 -0.01705725726010833 0
7020 5.557577420580466 0.4550707108961479 0
7021 1.049023521006007 0.4601854995458722 0
7022 12.39777448779687 0.4806584707996424 0
7023 4.01243409385487 -0.1673618919555365 0
7024 9.650081599664613 0.3354504181455408 0
7025 11.34757660920664 -0.03762359909686292 0
7026 13.6133645715773 0.4176085699043593 0
7027 3.101840320071629 0.1756538351669461 0
7028 8.505698261191609 0.4842203495498907 0
7029 2.756799614531257 0.4840762913257954 0
7030 10.24147609454071 0.4813929838106842 0
7031 2.869579058582035 -0.3247512581548045 0
7032 2.809477357102818 -0.3334801211607288 0
7033 6.530417656397383 0.434383429997427 0
7034 11.18412312847913 0.4852389585275155 0
7035 5.442197961298444 0.3696294072827749 0
7036 8.839926230413882 -0.335471679047843 0
7037 8.030093372392496 -0.1628439091536455 0
7038 2.954396014303304 -0.481385582654804 0
7039 4.927934366846561 0.3867810546732318 0
7040 12.19426262263432 0.03934212088516308 0
7041 1.581171431129474 -0.4838601753242605 0
7042 5.604356711034239 -0.4795631571365367 0
7043 5.590368853366919 -0.458858558401696 0
7044 1.768990564140287 -0.1910414581191715 0
7045 4.96903161617745 0.4556118477582776 0
7046 4.983080398075388 0.4156194793273968 0
7047 5.034410310499617 0.3875377000490586 0
7048 5.027827314454201 0.4325684131670241 0
7049 5.075943052390494 0.4213143741813162 0
7050 5.136958946858998 0.4019195948482207 0
7051 9.388729967804293 -0.4634089936232006 0
7052 9.410072306901396 -0.462499981682274 0
7053 0.07706711137156695 -0.4839428263001054 0
7054 6.788104023634419 0.03680482370734714 0
7055 11.70428610724544 0.03519916396069153 0
7056 11.70768132993486 -0.0349036000779784 0
7057 6.577879609280839 -0.4245393987802315 0
7058 10.30845273869272 -0.4845933644366282 0
7059 10.30687357255261 -0.4609268297048553 0
7060 12.96144474438447 0.1178964746864263 0
7061 0.3306225048009242 -0.4272534656313534 0
7062 7.963899397317896 0.4516954788817316 0
7063 7.977340380678398 0.4143366006972704 0
7064 7.975797902199086 0.3535864581566902 0
7065 12.30979411187953 -0.1621078867022076 0
7066 11.81127821943455 -0.4837150604342435 0
7067 2.537196089806309 -0.1113797002872787 0
7068 12.87810110864534 -0.1625819825254307 0
7069 4.591711330713063 0.4259451617765618 0
7070 0.8774086619404826 0.07395167320326321 0
7071 1.972178868100587 0.4786435848543419 0
7072 1.979629392004309 0.4490714272028292 0
7073 2.016616222646626 0.4588591059928362 0
7074 7.499983396193299 -0.4833081033734363 0
7075 7.52515130486278 0.4833175573529634 0
7076 5.474408257026267 0.4806788378511971 0
7077 4.650871823578864 0.483803171136823 0
7078 0.6319065937980137 -0.378028999925147 0
7079 1.542143803159133 0.3588778286950783 0
7080 13.18243607108387 -0.3147068741094357 0
7081 13.21260574720664 -0.3744910390839403 0
7082 1.033006770650984 -0.3360456829565209 0
7083 7.776788448240261 -0.03687379997463412 0
7084 10.97438369285203 0.03529019422963468 0
7085 11.01109610444332 0.03651691856639613 0
7086 6.747853427870355 0.03661413520252567 0
7087 12.68601050936106 0.4847047169777078 0
7088 0.3138311156578115 0.4832056967585723 0
7089 3.866779720479292 -0.4838180874215039 0
7090 2.395717910248934 0.03601437449163024 0
7091 1.941955326615588 0.1228218993923168 0
7092 4.691255017503645 -0.4833043200319298 0
7093 12.54388096619461 -0.1593536181568903 0
7094 12.68580448226464 -0.481097546593493 0
7095 5.067787685274723 -0.03558054688215394 0
7096 4.424820708380976 0.0354580682592901 0
7097 11.18321429073217 -0.4818148471002108 0
7098 3.131974825952441 -0.03836668314219738 0
7099 2.168374714289551 -0.482741669793704 0
7100 6.707615163709612 0.03640850738917387 0
7101 0.7966743189690693 -0.4793235628961873 0
7102 11.81046667224141 0.480247670572207 0
7103 16.48553209759829 0.001307051179107651 0
7104 2.095833736981694 -0.4413581717806003 0
7105 9.418825019805839 0.4839617329413224 0
7106 3.581877585949626 0.4810855314881451 0
7107 3.570952214245333 0.4558921078301975 0
7108 3.534942497235239 0.4590184232231294 0
7109 3.553116057541907 0.4225020669725522 0
7110 6.544968018646117 0.4801924201502707 0
7111 6.454814580318232 0.4810205033750061 0
7112 3.668840856976303 0.4825362863017831 0
7113 3.697840297093129 0.4480581550308565 0
7114 9.329769021625939 0.4808754179103019 0
7115 9.347659797412156 0.4589975004785454 0
7116 9.36179821109182 0.4276776179835694 0
7117 9.300681746082525 0.3638497266779518 0
7118 2.38078380197733 -0.3390134335744778 0
7119 0.7069518444539955 -0.4796059910510502 0
7120 0.6964389007794867 -0.4562862155181527 0
7121 10.72170374044611 -0.3264929676220027 0
7122 2.078534082135069 -0.4808588722173489 0
7123 5.4578807414004 -0.4578316425116938 0
7124 0.6204949070402752 -0.1339360610867647 0
7125 11.90274411814195 0.4805307500485071 0
7126 5.444125003343371 0.1334926372154508 0
7127 11.09357660084672 -0.4802644112264269 0
7128 11.10457863000123 -0.4613408431975214 0
7129 10.69600733713112 -0.1174458788261322 0
7130 12.83651532249986 0.1211684134944809 0
7131 1.888869515334668 0.1939822338764678 0
7132 4.780458555924057 -0.4809136592771627 0
7133 4.762079424360164 -0.4597160081328679 0
7134 4.746057395312596 -0.4312777253498083 0
7135 4.796414503616298 -0.3625659979737747 0
7136 3.30265774907556 -0.4299515211959374 0
7137 3.330456577719587 -0.4550736514127051 0
7138 3.778075937826183 -0.4846694333883039 0
7139 8.086461275050844 0.1253771201782081 0
7140 2.773473789655037 0.3777596023906514 0
7141 10.52357031003864 -0.0404396188105914 0
7142 6.667407741944684 0.03622615202467289 0
7143 8.73828719065097 0.4571950271297737 0
7144 8.766983948066839 0.4638804066724936 0
7145 3.952960663667157 0.03775128762700406 0
7146 9.863222665276933 0.4573190859418279 0
7147 3.970452852512365 0.1461464586449402 0
7148 7.58790998531587 -0.4814294074186599 0
7149 7.568279125740934 -0.4635326985564486 0
7150 7.56682540066643 -0.4298948561819551 0
7151 1.430302261153743 -0.1287269655046044 0
7152 9.944057540723909 0.03696583256883049 0
7153 9.904379487648891 0.03670370432063083 0
7154 0.68053904803651 0.3103770736717102 0
7155 0.6323180086170342 0.3377991321156005 0
7156 4.561087480406057 0.481072443427735 0
7157 5.565702577410557 0.480537635426631 0
7158 7.437200382984436 0.4809633943351787 0
7159 7.425727381357898 0.4553254214579155 0
7160 7.390070117149159 0.4576363212237546 0
7161 7.411521666170531 0.4206587338354781 0
7162 7.369842555748079 0.4225864788984329 0
7163 7.434322263774375 0.381173967385016 0
7164 0.02694265218906695 0.06502778806192798 0
7165 1.883561056159912 0.4839731541203111 0
7166 11.89930677051513 -0.4784014484517008 0
7167 11.881204490563 -0.4551718920862954 0
7168 11.86535129492846 -0.4249718956065408 0
7169 4.941268053916922 0.0345998422536861 0
7170 6.627111976575827 0.03606145268601061 0
7171 11.93399154472982 0.1221608931861103 0
7172 2.479873973358862 -0.1497399894992224 0
7173 2.136262951971325 0.1948808921958264 0
7174 7.682478679225447 -0.3145268734096983 0
7175 10.40047440247498 -0.4839888550617203 0
7176 10.40124228510467 -0.4557362223326665 0
7177 11.18754946504879 0.07202902397266586 0
7178 8.220222615131519 -0.1903017868830409 0
7179 4.549729127610843 -0.1263457648010245 0
7180 5.694651458301106 -0.4799892040254142 0
7181 5.605090432486117 0.1342427880178739 0
7182 13.21819993516555 -0.1396727113795763 0
7183 1.491927733482142 -0.4795080625371603 0
7184 1.482322665507783 -0.4544291265351018 0
7185 1.44738685532538 -0.4566576017354548 0
7186 1.467613185401068 -0.420705633256707 0
7187 1.41827950562545 -0.4236421092371226 0
7188 1.451760005642593 -0.3683658719076174 0
7189 1.392803255861681 -0.3693311470485977 0
7190 1.367439397084644 -0.4236778363170168 0
7191 1.329878449023834 -0.3663435300228897 0
7192 2.865473429013177 -0.483765633985586 0
7193 2.835306242295249 -0.4447197045518502 0
7194 4.629701112374264 -0.1183347762094084 0
7195 8.203492366511959 0.1269914978052937 0
7196 4.508159989415864 -0.1285795353340021 0
7197 6.5868946514236 0.03588108902609342 0
7198 0.96551030174596 -0.1176394840469226 0
7199 0.9887326665234086 -0.1579088391629424 0
7200 11.09436180174827 0.4798635427624869 0
7201 11.10426326078748 0.4565264131782317 0
7202 12.91877229565301 0.1180143020715028 0
7203 10.33036391385214 0.4837085814263747 0
7204 10.36059473549374 0.4443919830167285 0
7205 2.667980207206381 0.4807661053183483 0
7206 8.416675605465697 0.48091573287145 0
7207 8.434659389159876 0.4593551036534131 0
7208 8.449370729956566 0.4289677778097061 0
7209 8.387826559940359 0.3661518472918308 0
7210 11.0510877781905 -0.3092603485637703 0
7211 13.00282852414058 -0.09672765883286745 0
7212 6.077174738363038 0.3579468058437955 0
7213 6.06533326454803 0.4141355411381335 0
7214 6.018383575917083 0.375905970425339 0
7215 5.988494220870384 0.4192570826040327 0
7216 2.7584270600659 0.1440395510944895 0
7217 2.068100613809004 -0.4578429557334964 0
7218 2.032712519482513 -0.4591804290494155 0
7219 11.11794771694311 0.03808267833814513 0
7220 0.8083558136214364 -0.4558085757477643 0
7221 1.741688346535218 -0.03592651391967704 0
7222 8.402787174566063 0.1268388997004045 0
7223 8.126478252076563 0.1232784427693224 0
7224 10.26257754423314 0.03753527199879887 0
7225 3.172814058254248 -0.03801684747026345 0
7226 12.01888651079204 -0.1426557071492012 0
7227 9.86389808198742 0.03616391276005275 0
7228 8.24612224912538 0.1264040738815521 0
7229 8.27129696132398 0.163272210433642 0
7230 9.255536943939369 0.3234172585883245 0
7231 10.66224528504842 0.03710096963379662 0
7232 8.938256536525007 -0.1673146462335687 0
7233 0.4972643497388967 0.3130461244112238 0
7234 6.608472888165434 -0.4812035068278382 0
7235 9.462565535760344 -0.4814939650230013 0
7236 1.473552883907399 -0.1313371146046594 0
7237 6.546706175978461 0.03568806835070759 0
7238 1.120428354744311 0.4811321028129707 0
7239 4.189829336936006 -0.1299138229804738 0
7240 4.269313515418353 -0.118970837026175 0
7241 11.6985856156965 -0.1445312398593727 0
7242 4.309935594624813 -0.1241802971141832 0
7243 8.540451923664232 -0.03160681071521247 0
7244 8.444502533127784 0.1274710090173038 0
7245 9.924375680352565 0.07391201338625902 0
7246 7.332416600895629 -0.1268758059930294 0
7247 4.393120434766036 -0.333842697384561 0
7248 7.411632251112795 -0.118678765885588 0
7249 6.877561264773155 -0.4574477452800263 0
7250 9.943505870050068 -0.4654878859929157 0
7251 12.93858297862047 -0.1189121085194912 0
7252 4.146679300341557 -0.1317326176256215 0
7253 1.166212596119863 0.4810938130998783 0
7254 6.307814650911802 -0.03607597382071626 0
7255 8.314706472694542 -0.1411508246902422 0
7256 9.415526289769693 -0.4837772623420798 0
7257 6.653914087937399 -0.4838975578822295 0
7258 2.656137154234759 0.4523954792431323 0
7259 2.890020361626206 0.3806195134063451 0
7260 2.942020584356268 0.3876868177675146 0
7261 11.47324877724827 0.1229856487778163 0
7262 6.506497185787834 0.03556130034544177 0
7263 8.79886413542223 -0.03853606793035083 0
7264 11.39223030386914 0.1370579976923876 0
7265 10.46251975776596 0.03728490579631022 0
7266 5.578190051556844 -0.1386569907018087 0
7267 5.459081132794185 -0.1269500729363799 0
7268 13.33267996972149 -0.4324045180038965 0
7269 7.827123673155634 0.3537276459786655 0
7270 4.133672735032079 -0.3373326216298075 0
7271 3.22119316026771 0.4470156520683348 0
7272 1.935860071947782 -0.4542519633366521 0
7273 7.844488213240322 0.03866939810844023 0
7274 11.81320985236868 0.135100443009054 0
7275 11.84103262844632 0.1699467846917362 0
7276 5.659141041929329 -0.1279507281060903 0
7277 9.824301982409187 0.03555958515778374 0
7278 8.5489374348582 -0.4837582421381072 0
7279 8.370562250954785 0.4837433923790959 0
7280 0.8794956523885002 -0.4526334976483997 0
7281 10.37614945614865 0.4760595679469145 0
7282 10.38998717464535 0.4560293082275576 0
7283 8.291637269944879 -0.03763339950012544 0
7284 7.262111069524392 0.1689245745454652 0
7285 5.10796052048249 -0.03527570735566644 0
7286 11.35035888415082 0.1400308654140268 0
7287 7.065494653011143 -0.03558313402035337 0
7288 2.81970464355263 -0.4761075362359154 0
7289 2.805889700757625 -0.456039086408034 0
7290 9.720555775582268 -0.1533216943042556 0
7291 6.466311630769876 0.03548191745658642 0
7292 5.739893533390116 -0.4788351274830743 0
7293 5.728871079639412 -0.4603410330129008 0
7294 12.43010355981846 0.4565737236370757 0
7295 7.252785642083041 -0.1388698529033406 0
7296 7.209220132692747 -0.1413050761263622 0
7297 12.60369033748459 -0.1183565350489476 0
7298 4.978790831184173 -0.435670852280056 0
7299 5.023738309988746 -0.4061552604348693 0
7300 12.23352280308007 -0.3319089530020705 0
7301 5.499614051986789 -0.1369184740894929 0
7302 12.72242418323522 0.3298849285173125 0
7303 2.93676310731328 0.4555871858030035 0
7304 1.120172102808451 0.03874534805198778 0
7305 10.44376352931192 -0.4835282617742475 0
7306 4.627122036588101 0.1999977937379139 0
7307 5.724070832793098 0.1379513180712806 0
7308 11.94756648324533 -0.4768887551948777 0
7309 11.93621742418501 -0.4499698811824451 0
7310 6.426062576322282 0.03533564913254794 0
7311 6.170237214174691 -0.1710492074060177 0
7312 1.839949857088584 0.4791398598182743 0
7313 5.606718675627552 0.4789274287829571 0
7314 4.515653517582983 0.4838224055312323 0
7315 4.892935418815897 -0.1733582194165503 0
7316 1.703835042301399 0.4554058774116131 0
7317 1.403560534658265 -0.4780129342511553 0
7318 1.393113738230088 -0.4530191353667387 0
7319 1.446480421411223 -0.48377890626916 0
7320 7.747856560745143 -0.1770926875254192 0
7321 7.632126660749142 -0.4788928308002394 0
7322 7.643284847519572 -0.4508550860964722 0
7323 1.391843069337034 0.1619671286712284 0
7324 8.793736102327424 -0.1925547099932146 0
7325 9.521714534717679 -0.3792971464069537 0
7326 0.5797730470362542 0.4817466454906071 0
7327 7.094169446363559 0.4373413988180611 0
7328 7.045424608984447 0.431893760627899 0
7329 12.31712954491569 -0.3583420380068453 0
7330 13.23031547964252 0.1710496374496876 0
7331 5.923508184792004 0.1369932373830039 0
7332 5.644432456506699 0.1269803498767041 0
7333 12.67946875836871 -0.133039287296331 0
7334 2.405626103640768 0.1461630584679199 0
7335 3.733829545820864 -0.4800761571192196 0
7336 10.24495426392936 -0.1618598982341448 0
7337 9.785047171949353 0.03522934249646045 0
7338 11.57965008538426 0.4610903088463381 0
7339 9.619016938434271 -0.08865999133221023 0
7340 4.82659709122531 -0.48369208861215 0
7341 0.1452278921671342 -0.03462285251442915 0
7342 9.479050473774203 -0.1498012294492644 0
7343 4.04671067216298 -0.4562331206167359 0
7344 4.833116843575443 0.4586108758712214 0
7345 6.385916834836094 0.03514763934260316 0
7346 3.213127746369689 -0.03736208075592526 0
7347 2.850937321043484 0.1963623753221366 0
7348 4.508613504371972 -0.4594401191208158 0
7349 11.04845477675683 -0.4779377882161875 0
7350 6.863711612775178 -0.1947795018424733 0
7351 11.84752309138364 -0.3325954132435314 0
7352 12.86836910705154 0.4591971132823587 0
7353 11.94587872656651 0.4801309602308306 0
7354 5.338283272870862 -0.1363659771809173 0
7355 2.033385950568945 -0.4842203275532342 0
7356 0.661180164771012 -0.4791531748986206 0
7357 11.0802882661037 0.04054616211322446 0
7358 11.05733297421784 -0.03244095369128774 0
7359 5.419185295357116 -0.1335741819507281 0
7360 5.48440711328669 0.1261186767268892 0
7361 9.283766739996485 0.4836145252257894 0
7362 3.714222273054807 0.4768934536753708 0
7363 3.728346624059604 0.4571751498287746 0
7364 6.409177766103715 0.4837167731970505 0
7365 6.590591291288904 0.4830176536719247 0
7366 3.53570683101492 0.4841291011981799 0
7367 9.462934280888355 0.4796778152138665 0
7368 12.45221520074059 0.148335959538604 0
7369 10.16382787219068 -0.04145158682626048 0
7370 11.76458813204779 0.4846479590453641 0
7371 11.76333887403839 0.4619920582568877 0
7372 0.8432005678177226 -0.4841504229140422 0
7373 1.670781742836438 -0.1395797638010466 0
7374 11.22875681908766 -0.4789526002154874 0
7375 1.865416377659844 0.03642481436089814 0
7376 13.68119196684287 0.2340766413741809 0
7377 13.78374674808681 0.1941949892029513 0
7378 13.6041585275292 0.1820208876203628 0
7379 5.765481920171066 0.1383923410249999 0
7380 11.21822609508754 0.03427995028784339 0
7381 5.882699145795954 0.1366158707160197 0
7382 5.564946426101621 0.1363975539983665 0
7383 12.73228733906488 -0.4788352049896911 0
7384 12.72054104794289 -0.455143256900443 0
7385 4.646613253898553 -0.4799842792539137 0
7386 4.634990920079941 -0.4572417101006657 0
7387 9.891644973112463 -0.111866824136061 0
7388 0.8279098806123559 -0.03547604417373262 0
7389 3.85280758093277 0.4601303844780201 0
7390 3.911637958071216 -0.4797554502678063 0
7391 3.923704322764649 -0.4570059228763194 0
7392 11.74632327724391 0.3442300019757358 0
7393 6.345847801610203 0.03497237539917254 0
7394 0.7501241234206183 0.4547218941478147 0
7395 12.73055565447675 0.4803450448516058 0
7396 12.74175945800821 0.4574743704428049 0
7397 2.105162827306136 0.03526700210085371 0
7398 8.834101348584223 -0.139196049955224 0
7399 5.697649229262844 0.1762004455421212 0
7400 10.1783399325699 -0.3806946551359223 0
7401 12.18142096681062 -0.3248454121283437 0
7402 11.26992104672532 0.1411737270708496 0
7403 7.455403376470712 -0.479978376873321 0
7404 7.443711006199391 -0.4572776602627711 0
7405 6.305807236695081 0.03488892568920351 0
7406 4.695202304924257 0.4800994953841109 0
7407 4.706596276246657 0.4579032502821 0
7408 3.594963229116579 -0.4595258752381439 0
7409 3.568813191869363 -0.4349990584925756 0
7410 5.428657847071777 0.4819503770734521 0
7411 5.433993390446486 0.4546201396910945 0
7412 7.569591044211618 0.4799581786640087 0
7413 7.58099788875674 0.4575365886912676 0
7414 1.324525163623124 0.4234822101634191 0
7415 1.36580208197412 0.4388261382271582 0
7416 4.363057936147986 0.1422216731144191 0
7417 10.9817955098611 0.4800872138424996 0
7418 2.017634412997196 0.4830748345305302 0
7419 11.21545967479207 -0.4547457025994419 0
7420 11.76565554140985 -0.48015801268592 0
7421 10.32491738984882 0.07318471119212322 0
7422 9.594413032558531 -0.4792396660885447 0
7423 9.606355860914714 -0.461277209601358 0
7424 0.6497004180874006 -0.4565855449061544 0
7425 9.745010454231211 0.03493950819560421 0
7426 10.26489624390424 -0.4783980940875084 0
7427 10.25531446342283 -0.4493823857457199 0
7428 1.247324588391836 -0.4840147804414532 0
7429 3.879258922664722 0.4357510594220584 0
7430 3.817707182796782 0.3718551128151129 0
7431 10.61739150442618 0.3891010328029174 0
7432 3.527662847995871 0.3802419904514477 0
7433 9.769953461082292 -0.4843461714644274 0
7434 9.725419641644029 -0.478033285783426 0
7435 9.740832316804179 -0.4579640261367104 0
7436 5.55897247640347 -0.4809260851370177 0
7437 4.837898851734236 0.3859191950688053 0
7438 1.625462352252939 -0.4797900726157701 0
7439 1.636867658434588 -0.457029940515026 0
7440 2.999751747838467 -0.4850565553718561 0
7441 3.000153132996394 -0.4628385606789107 0
7442 3.420102158685657 0.1353039766913546 0
7443 2.325150757323784 -0.4810535868026712 0
7444 11.2285248031267 0.479470104178297 0
7445 11.21352052007512 0.4557078456075734 0
7446 6.265700222306989 0.03476869786438411 0
7447 10.19616264579259 0.4850558654821336 0
7448 10.19576349947099 0.462786480369065 0
7449 2.801352444200042 0.4799002155699834 0
7450 13.24616532896313 -0.4369353705773408 0
7451 8.550229400028439 0.4800363829585988 0
7452 8.561415370728202 0.457628899751537 0
7453 10.54502925129314 0.3350476836447894 0
7454 10.99604508443604 -0.1777168447327832 0
7455 2.249724207535053 -0.1475018300814825 0
7456 5.176359867844774 -0.1391429913494646 0
7457 5.199831391362533 -0.1771244978408074 0
7458 8.368563651361088 -0.4780020653154093 0
7459 0.660627539086398 -0.1300249537588179 0
7460 2.591471553280366 -0.335450541113668 0
7461 13.31350513563801 0.1208584772394348 0
7462 10.52466330452461 0.07225816082178563 0
7463 0.7398256021304699 -0.1428985960920043 0
7464 12.35254354001247 0.479443779990084 0
7465 10.61703248867666 -0.1515336803447769 0
7466 2.681250491198147 -0.458833787552089 0
7467 2.65195629962778 -0.4303959257970807 0
7468 0.6298859689957732 -0.4335481937300725 0
7469 1.730784570827439 0.03585119041876746 0
7470 6.998028887040226 0.4372660880979189 0
7471 9.704803106399833 0.03471093568083978 0
7472 5.148323922824717 -0.03503456514657772 0
7473 6.225546670099041 0.03461595930338011 0
7474 7.01001067552581 -0.1466321709050255 0
7475 3.392236681263824 -0.1359723504957012 0
7476 12.35325712136038 -0.4792822852853139 0
7477 12.36329457785243 -0.4519699292108779 0
7478 0.9855828342544535 0.4835768942632368 0
7479 6.474344343566591 -0.4800840424812823 0
7480 6.463752563509054 -0.4581254769470005 0
7481 3.253519172941496 -0.03680779218449738 0
7482 4.482291372394734 -0.4350183788489859 0
7483 12.89788810749777 0.4290445920255752 0
7484 12.93729100740395 0.3815639862555259 0
7485 0.1416963405850551 -0.2259393491203323 0
7486 10.51445599116101 0.4588400153179363 0
7487 10.54367174293904 0.4302395645440394 0
7488 8.727300539941121 -0.4805896220906671 0
7489 14.31742559419881 -0.2398352935099239 0
7490 8.273791823670305 -0.1376697270835743 0
7491 8.177845057170616 0.1645204392153415 0
7492 10.72394886381453 0.07148139989656765 0
7493 4.384532537404563 0.03428651032649081 0
7494 9.282734802627212 -0.478739632636224 0
7495 9.270924273814408 -0.4553377317449192 0
7496 6.185409834639823 0.03445104268082403 0
7497 3.490121489019293 0.03759807506714824 0
7498 3.209967617603527 -0.3350807608692333 0
7499 2.411764909152681 -0.4831889332767096 0
7500 3.042793538377674 0.176147980242709 0
7501 8.921525189392495 -0.4811229256260857 0
7502 8.93174026847343 -0.4548599276179902 0
7503 8.87933921953578 -0.4784371035542908 0
7504 8.866010591537258 -0.4570072804556207 0
7505 6.247988967645513 -0.1403519762254795 0
7506 11.73719938512035 0.4310805756387079 0
7507 8.807903669204908 -0.4252210828017673 0
7508 1.229344763145019 -0.03516926022316142 0
7509 8.23472993085249 0.4850098933909479 0
7510 8.234198252927619 0.4627963739711619 0
7511 2.486403240806819 0.480429106666032 0
7512 2.52182739850686 0.4486505371627872 0
7513 10.51290022897863 0.4837654689810794 0
7514 12.45478630346278 -0.03530131237471171 0
7515 5.124111812512723 0.1551365349723117 0
7516 1.742270303554087 0.1176268373108753 0
7517 11.47612820518932 -0.1582277603284709 0
7518 2.237836408201922 -0.0375851451559539 0
7519 4.61397085983565 -0.4335104844715366 0
7520 4.578122589413165 0.459634290231892 0
7521 3.384707127023009 0.4262412965247788 0
7522 2.68279111723563 -0.4837528049121108 0
7523 11.6341838317868 0.4559622054525951 0
7524 1.701420981297938 -0.03532765751125498 0
7525 5.881973627062379 0.3381213417082807 0
7526 9.010938120611819 -0.4811229256259409 0
7527 1.703389071579038 -0.3875224497655416 0
7528 8.686245493567382 0.4595156887691919 0
7529 7.817459987871965 -0.03569211434024208 0
7530 6.145364252627904 0.03430088453387181 0
7531 0.1921799129059819 -0.4835646961943265 0
7532 12.76274275819281 0.4333009805444629 0
7533 9.664526230703032 0.03444070972931458 0
7534 11.57393725724436 -0.3377059687816751 0
7535 12.90204880394177 -0.3592177411957083 0
7536 3.944745304449312 -0.4351653682043122 0
7537 3.886568136014152 -0.3680368957350764 0
7538 14.18362147732858 0.2588813009138128 0
7539 6.202213357293972 -0.4811229256261974 0
7540 6.180415989351686 -0.4811229256263096 0
7541 3.060048964688182 0.03458052631133997 0
7542 1.702275550201267 0.4816257798331456 0
7543 6.105148257286158 0.03414629699503435 0
7544 12.08386212025381 -0.4799650796770948 0
7545 7.254939954961904 0.4837138126961544 0
7546 5.745070187222186 0.4830655260982009 0
7547 7.811479796581976 -0.4804401059486559 0
7548 2.243757983877127 -0.3244808980213689 0
7549 5.037392506118296 0.1409209135154569 0
7550 6.888215998337807 -0.1529152342025099 0
7551 8.19347868608906 -0.1520629948843842 0
7552 0.9597460926029344 0.1843117240461944 0
7553 7.83367447627707 -0.4799455202120779 0
7554 7.821550039567309 -0.4533080966648044 0
7555 0.7147725053043237 0.4840226428335747 0
7556 10.50044869200198 -0.4510046213213613 0
7557 4.727839715844354 0.4348974021144327 0
7558 12.4107723172749 0.1461703161638871 0
7559 7.601647944409633 0.434789610646898 0
7560 3.596458413599688 -0.4837384001619792 0
7561 8.008029452914366 -0.4845554980667506 0
7562 7.620277505513219 0.1504711528134197 0
7563 6.930505154549947 -0.151045749329988 0
7564 8.097331893816593 -0.4836702475516625 0
7565 7.426178842224173 -0.4327520654967131 0
7566 3.621820362074303 0.1548426437350295 0
7567 12.08230625392855 0.4835433794986972 0
7568 10.91579583432201 -0.4842162177326239 0
7569 10.92117869671339 -0.4576844395138534 0
7570 6.065045156364741 0.03401600287591063 0
7571 1.897377301254178 -0.4797935706955226 0
7572 4.724521121173749 0.1623203030892229 0
7573 5.944495589916006 0.1731955231165647 0
7574 9.147939682818729 0.4850803082980416 0
7575 9.147554752494024 0.4630442196011546 0
7576 3.851133218971012 0.4843675846193504 0
7577 6.274330186943329 0.4839632988333012 0
7578 6.724757145516953 0.4802020151879273 0
7579 6.735104018996997 0.4578424224990326 0
7580 0.3391002273791606 0.1375375371025263 0
7581 7.10544042277638 -0.03494240342998891 0
7582 3.073284145598734 0.4811360885704996 0
7583 9.926938438112304 0.4833514437133198 0
7584 2.501967912143038 0.202380674038637 0
7585 11.50038334499949 0.4811360885707581 0
7586 11.23087425114892 -0.3010269951154045 0
7587 6.087277400669388 -0.1433899311550556 0
7588 2.024182631708828 -0.03595231210813536 0
7589 0.9783981003356839 -0.4846400741078014 0
7590 0.9789416634171146 -0.4614003637140754 0
7591 9.992414629031856 -0.480314667240715 0
7592 3.294064255560876 -0.0362354361916327 0
7593 11.36467708412193 -0.4829381306639712 0
7594 3.403827308259975 0.4809989039519112 0
7595 9.641324202118316 0.4811360885708129 0
7596 9.663295153479133 0.4828999802253184 0
7597 9.624290074022852 0.03417870262536107 0
7598 10.53921583012547 -0.1937733282008879 0
7599 12.86688962321941 -0.4838733674000174 0
7600 3.207453523193329 0.4778408415588898 0
7601 3.195309532797908 0.4610136080691102 0
7602 9.839500958766635 0.4792465897841421 0
7603 9.790974204887824 0.484493840305682 0
7604 4.510200029375469 -0.4842384834823971 0
7605 1.301414934893983 0.4839112380542059 0
7606 6.348237486444784 -0.03539750705214474 0
7607 0.3731091549106642 -0.4798751386601804 0
7608 7.183758347030105 -0.4829656210094331 0
7609 12.86679206421568 0.4837273623088395 0
7610 8.101678844274584 0.4566541042193166 0
7611 3.911298967300861 0.03620372659501686 0
7612 1.714948162431467 -0.1885911619847066 0
7613 4.831741577505237 0.4837155621589806 0
7614 6.790697966156545 -0.4806655231962176 0
7615 6.831039712719915 -0.4804788220358858 0
7616 6.841499255906989 -0.4555081166700481 0
7617 6.857051088274751 -0.4272117601676181 0
7618 10.8511150440399 0.478960958675629 0
7619 2.153533953675302 0.4806174622320771 0
7620 7.317681580818766 -0.4813663253740231 0
7621 6.023844916065312 0.03391245434058574 0
7622 3.936325653764623 -0.3300178533353666 0
7623 3.026226030874179 -0.4362559121798738 0
7624 4.560148294424608 0.1544876312209078 0
7625 10.03887684305376 -0.175213029300861 0
7626 0.4088646320899636 0.2929217957725563 0
7627 2.115411403070564 0.148644925319035 0
7628 6.919843611494425 -0.4831814274647158 0
7629 9.59961394657822 0.4596075323559281 0
7630 10.16963097327864 0.4358032380392753 0
7631 11.49937180166038 -0.4839620031490487 0
7632 11.46105817552897 -0.4469701920293599 0
7633 10.12778601632094 -0.4807398475451218 0
7634 8.342486714610697 0.3261147666908894 0
7635 1.112202750495455 -0.4802684480425623 0
7636 1.101381676811389 -0.4570152362692801 0
7637 5.983505925156732 0.03385561572774091 0
7638 0.10451268963781 -0.03155683772915783 0
7639 4.60374833442712 0.1580355531287094 0
7640 5.423749485247378 -0.4807707486623151 0
7641 5.161817013462227 0.1434912217659599 0
7642 9.907926757342796 -0.03402335689380533 0
7643 1.760088741277842 -0.4792732174569536 0
7644 6.808396308160049 -0.1527699696316276 0
7645 11.36550019554256 0.4807931750483455 0
7646 2.446833842781919 0.1448385459085314 0
7647 10.77395994257305 -0.4815574193188873 0
7648 10.06185576174285 0.4811360885707581 0
7649 2.938144238294782 0.4805445279449674 0
7650 11.7439066863258 0.03426477738639135 0
7651 11.37609780941965 -0.3143797522420602 0
7652 2.747259298822115 -0.1128442597151299 0
7653 3.984849762376148 0.4843773439761181 0
7654 9.013665061047428 0.4791601952938878 0
7655 8.153304045927426 -0.1516396430800165 0
7656 8.232254950304526 -0.4810754705295465 0
7657 2.799513420360872 0.1417023586312346 0
7658 12.21742366409901 0.4811360885707581 0
7659 3.462955501565711 -0.4759463381102828 0
7660 3.438185286320747 -0.4765106476041059 0
7661 3.777946309486497 -0.4610274425059792 0
7662 5.215173031465371 -0.4543945508227359 0
7663 7.975156502255034 0.1606609862697269 0
7664 1.579636741533683 0.03394085233924437 0
7665 9.584041629573589 0.03391596732693951 0
7666 0.3163187575142818 0.3441342007464353 0
7667 12.42926518828607 -0.4547800555695565 0
7668 12.21689928964801 -0.4804460222137171 0
7669 0.9181375488294956 0.3228532932621503 0
7670 0.8497430760011689 0.4835101820092766 0
7671 0.8798316386972667 0.4548181117776428 0
7672 6.337444432414234 -0.4804395501486034 0
7673 2.938102810716231 -0.4594171540181852 0
7674 8.75665793438462 -0.1553252707818109 0
7675 0.3272053572645074 -0.4804185579709586 0
7676 7.126254628673006 0.3328717700443544 0
7677 1.568846107263552 0.4780118487381981 0
7678 10.25775181605581 0.4594332954604188 0
7679 5.188749667968773 -0.03479996552666635 0
7680 9.146169162760431 -0.4804041503780822 0
7681 8.582066156199886 0.4345671126553233 0
7682 5.943383291674936 0.03385597428767936 0
7683 2.548992546057096 -0.4770500787860399 0
7684 11.63093805954702 -0.4773628162171627 0
7685 11.64759028162422 -0.45210195170997 0
7686 11.5878115886912 -0.4791237413603325 0
7687 11.56567657132842 -0.46178009308852 0
7688 14.72512432305355 -0.1682546317050083 0
7689 9.024052926713861 -0.1434222564430423 0
7690 8.712226127807554 -0.1604984672150964 0
7691 10.81686240119561 -0.329195016630786 0
7692 8.100216087735813 0.4817092427057398 0
7693 8.250776571984666 -0.3305284826836895 0
7694 5.646394224872989 -0.3174347660131742 0
7695 8.377040880845783 0.1635906731627847 0
7696 0.06578778233014743 0.4818922155515491 0
7697 5.407545280323788 0.317694576445708 0
7698 5.903315319843086 0.03386702282141725 0
7699 10.86587629329725 0.3103681302452186 0
7700 12.66821237775442 -0.4592347269991566 0
7701 11.61155637002737 -0.3017590357547966 0
7702 6.115023885524313 -0.4811229256260201 0
7703 6.102563039183298 -0.4558317703399321 0
7704 6.136878514341166 -0.4574038421015412 0
7705 6.122100055869991 -0.4238129666506512 0
7706 6.07293182379003 -0.42902986112844 0
7707 1.598846501808545 0.1754104050482395 0
7708 5.297684814434658 -0.3518568496490521 0
7709 5.237047811573365 -0.3215535162515522 0
7710 13.27067924203332 -0.02253730462232411 0
7711 0.7493606895495033 -0.03498129395643166 0
7712 12.05830743354876 -0.1429341004558163 0
7713 5.888025111971292 -0.1445735984844466 0
7714 5.157527363211873 -0.4342074517600599 0
7715 5.116207800941734 -0.4289520065091732 0
7716 5.141690336818204 -0.3878515422594321 0
7717 5.092146201167774 -0.4575843288358277 0
7718 9.388468953685228 -0.2081128634703155 0
7719 7.138953957352443 -0.4793897745375487 0
7720 3.909458032247746 0.3246976601714325 0
7721 6.724157221815737 -0.1567829798295863 0
7722 4.68427106325454 0.1594881581502048 0
7723 13.99731462896761 0.1447681296111863 0
7724 8.684725117327861 0.4839949320933503 0
7725 6.591533764600825 -0.4600120407002433 0
7726 2.699215377428962 0.3223479112610459 0
7727 4.0325898391147 -0.3353290276707696 0
7728 1.450770622744543 0.3750763740133789 0
7729 3.334351984765862 -0.03576265042312927 0
7730 5.863343779248085 0.03379401352317424 0
7731 8.925024857971104 0.4849474862146021 0
7732 8.897674370837656 0.4553916803351448 0
7733 11.74833682751605 -0.2970315069698419 0
7734 8.295945638721367 0.4587473184640375 0
7735 1.883762571818552 -0.4567157416831494 0
7736 7.858638635806814 -0.03448789851331698 0
7737 3.66196495072605 0.1621327366854633 0
7738 4.032699544152872 -0.1286748128908352 0
7739 0.9871757960519567 0.0335894564484075 0
7740 11.93717907807222 -0.3103946472377918 0
7741 10.99298846797674 0.4566813551235136 0
7742 9.543780568597688 0.03360739552189566 0
7743 9.437799169259176 -0.1505354226637792 0
7744 9.299908724047873 -0.3134139807761151 0
7745 16.77072281395941 0.1236190330511236 0
7746 12.36090595897669 -0.3125523768946574 0
7747 8.605572757695109 0.1271713334179959 0
7748 2.879635041331504 0.1590079137067631 0
7749 2.346534859982888 0.3231604359044837 0
7750 1.841856728618495 0.3304573281947714 0
7751 5.789591048647616 0.1765002803248365 0
7752 5.006281048538748 -0.4809618468212493 0
7753 5.01014235784516 -0.4540009809498369 0
7754 5.041070046990216 -0.4504096730064383 0
7755 4.95737588343985 -0.4592186673475035 0
7756 4.961470071546359 -0.4814890091461239 0
7757 2.090552748172928 0.3232272359269608 0
7758 1.639913267584887 0.3333675493714977 0
7759 6.447039576923089 0.1396174046614329 0
7760 9.548037033934838 -0.321799478792974 0
7761 12.31274942859234 0.4565119413389749 0
7762 1.440541997864005 0.3205538582803936 0
7763 12.07775854229718 -0.2967085486155669 0
7764 5.807529611444839 -0.1676520373158734 0
7765 9.801214464133709 -0.331352449107062 0
7766 5.823528021725217 0.03356533136466373 0
7767 5.13592869489449 -0.4811229256261426 0
7768 5.092296407441205 -0.4839660360176445 0
7769 9.994520225186578 -0.3227545213167619 0
7770 8.207503055726054 0.4358396812866062 0
7771 2.919948056969261 0.1602779581103807 0
7772 1.701347277909717 -0.43265972873558 0
7773 1.659380683808863 -0.4300864481626671 0
7774 12.12616217812253 -0.1284895339060159 0
7775 7.704808843441779 0.4759955180053699 0
7776 7.729319035524298 0.4763190531001956 0
7777 10.19261192684649 -0.3202237811921543 0
7778 5.783961944240378 0.03294346440593642 0
7779 12.68648721893348 0.4610582412633517 0
7780 8.333994597042743 -0.03580875855500645 0
7781 9.50356728327135 0.03325386069568601 0
7782 0.5270534116338152 -0.4796537826638284 0
7783 0.4820440829981768 -0.4810572326654388 0
7784 0.4642430653453058 -0.4607236489952126 0
7785 12.96823047519067 0.32114104313818 0
7786 0.5889772666721145 0.3104812967538234 0
7787 10.95990973284076 -0.310183658094795 0
7788 10.62710040896242 -0.3169392202160324 0
7789 1.298609297606034 0.3214356500901172 0
7790 10.4821476953801 -0.3231515796444726 0
7791 5.959535238437526 0.3794795350222367 0
7792 5.944125267391264 0.4234919894792749 0
7793 12.50136689039913 -0.2876859527723157 0
7794 12.70316176551183 -0.3230193240002124 0
7795 6.606726553798683 -0.1667736179057311 0
7796 0.7745802291959105 0.3053938524297938 0
7797 0.6747241956656215 -0.3232843425284502 0
7798 10.33765324710262 -0.3247666000732187 0
7799 4.298531909576902 -0.4351071862347694 0
7800 0.06956065722362104 0.03080953717187434 0
7801 1.154198525678782 0.3213431904857511 0
7802 1.00766912010104 0.3122592384268037 0
7803 13.51112531951279 0.4238850897337403 0
7804 10.75365753585616 -0.4658988737006816 0
7805 10.75170139454781 -0.4313597054710359 0
7806 9.105122531939825 -0.03306683419496235 0
7807 6.443976923085662 -0.4362949076998524 0
7808 12.60311745466301 -0.2989433007426052 0
7809 0.4115685683439761 -0.3047031347922066 0
7810 12.26339673842194 -0.2884443340895452 0
7811 2.255221456150366 0.03588853696690389 0
7812 7.300541250152056 0.4809447059915103 0
7813 7.320796677968629 0.4845189256788419 0
7814 7.319099391710651 0.4602689987140912 0
7815 1.00952067970235 -0.2880361960771091 0
7816 4.115705123440387 -0.170098629787563 0
7817 1.472917220744387 -0.3109515371479146 0
7818 12.17792786521238 0.2858667010125343 0
7819 12.15716074802303 0.3348950148890722 0
7820 12.21129255071931 0.3331386332456731 0
7821 4.900118131499053 -0.4586336565274516 0
7822 12.50223182431197 0.326325201724539 0
7823 11.92335477208799 0.2907110782217317 0
7824 0.81409633139889 -0.2780250540052566 0
7825 5.743974896958301 0.03281856547415683 0
7826 11.35745749104084 0.3291765844891628 0
7827 0.1474282448484315 -0.478763131126593 0
7828 0.1229862733831766 -0.4787125809834685 0
7829 1.735501640462842 -0.3306464881553279 0
7830 3.830799246879032 -0.1332892835689805 0
7831 11.40651677703585 0.310067507637443 0
7832 11.51591330489402 0.3459403370731265 0
7833 4.765965050777623 0.1631027713901501 0
7834 4.349088896621732 -0.2939564127871838 0
7835 5.904011416281256 0.436694121453558 0
7836 12.84204903458333 -0.289122569755463 0
7837 11.53634986387382 -0.102267604380654 0
7838 4.047881043100873 -0.4817888952542511 0
7839 2.966744721189124 -0.2874521908763531 0
7840 12.37156634175316 0.2762466762372981 0
7841 10.16879486036076 0.2840795972419691 0
7842 10.14209590186631 0.3326973686146467 0
7843 2.06466422394836 -0.2811453670665477 0
7844 10.82685791923805 0.2759727666942613 0
7845 3.374789014280838 -0.03536415245974153 0
7846 9.208970089080557 0.4588071268249568 0
7847 2.525820425329526 0.1641315420387701 0
7848 10.62209500229657 0.286814278268511 0
7849 10.01854810516487 0.2712937244631003 0
7850 4.862222375257967 -0.3022207103604163 0
7851 5.123490899889977 -0.3052627008504153 0
7852 1.871259823118803 -0.275911166769465 0
7853 9.114771683378173 0.2873992918852069 0
7854 7.947518995055479 0.2983888052241446 0
7855 9.565274737649812 0.2890385758562672 0
7856 9.590135923970825 0.3341634992212845 0
7857 7.220642756312873 0.2953268346768601 0
7858 6.552027180731771 0.3027779704822534 0
7859 11.73812390334753 -0.1485690436365528 0
7860 5.973286127749766 0.3194953116083716 0
7861 10.21793531282243 0.2799535575198464 0
7862 0.1784671274736324 -0.1852504171356809 0
7863 1.210345117612774 -0.2952361182248003 0
7864 8.243616176034481 0.3301416560526527 0
7865 5.248900137132188 0.4772898243748347 0
7866 5.26257984150446 0.4481399407942477 0
7867 5.292799860652083 0.4558493321972255 0
7868 5.227530179206682 0.4547499333635032 0
7869 5.243884130694563 0.4105878821151484 0
7870 5.197510230435964 0.4209895413624691 0
7871 5.294418995973665 0.481350648341138 0
7872 9.943488543304946 0.1133407331233412 0
7873 5.186224857332524 0.4803738062581288 0
7874 7.022540929555653 0.3123182337183567 0
7875 1.31591498661759 -0.3048651711351865 0
7876 11.2418983482759 0.3251922822465145 0
7877 5.120203171805533 0.4793050790298642 0
7878 5.112130219456663 0.4495974908957721 0
7879 5.078605210289792 0.4609520180401777 0
7880 5.144066563581293 0.4412582996663568 0
7881 5.163147887324445 0.4810472987225407 0
7882 5.173848622840296 0.4586973084016284 0
7883 5.704029822518199 0.03267975237635794 0
7884 10.4681157698268 0.2860525006962158 0
7885 10.44272557451558 0.3308629835524348 0
7886 10.36380214612173 0.2824188811784661 0
7887 12.0756410743955 0.2903304309904757 0
7888 2.30212787876604 0.448173281497836 0
7889 2.5649346767169 -0.28577105053839 0
7890 5.072223185858438 -0.3053348356298374 0
7891 12.61027860255025 0.3225030063592451 0
7892 2.702942684572502 0.0352775539517299 0
7893 8.011203946289973 0.4811360885709707 0
7894 13.44342506930687 0.1221011889711714 0
7895 9.463480632317717 0.03288936912785865 0
7896 8.451320237559518 0.2915717474993438 0
7897 8.906393597998951 0.2916560656386855 0
7898 8.878991671197106 0.3359281456274652 0
7899 8.827626624860176 0.3358716471795726 0
7900 8.851186237383665 0.3791031547231514 0
7901 4.377412497807269 0.4797030562776801 0
7902 10.8768574542897 -0.2015056817429712 0
7903 3.831613756386462 -0.2941163328856701 0
7904 5.512136094842614 0.3101206610770408 0
7905 0.3153795729662671 -0.2867592293817693 0
7906 6.883992710438859 -0.3306346296043474 0
7907 7.99744909258717 0.2984603237942726 0
7908 4.657400569249658 -0.2981133239455867 0
7909 9.248175533022737 -0.4311689727246429 0
7910 9.36338361710119 0.2888525700018511 0
7911 7.429350260658468 0.2960078545450343 0
7912 10.06120261771015 -0.03300412158829946 0
7913 2.534045424112785 0.4770787322365791 0
7914 2.558451995550955 0.4574084469613862 0
7915 2.555835395648167 0.4823168571895654 0
7916 2.593950718792736 0.446998185160333 0
7917 1.421452840324252 -0.3155843112218913 0
7918 11.97359344229617 0.291066667974192 0
7919 11.99519071567893 0.3419568426586667 0
7920 7.097854615998003 -0.3280936307402741 0
7921 7.123823154050271 -0.3767645672193544 0
7922 7.070016573071648 -0.3763807624621241 0
7923 7.095162594813202 -0.430657649719538 0
7924 7.042866765198058 -0.4200298059602695 0
7925 7.202501009243527 -0.3277497262851248 0
7926 9.921033437102565 0.2842991062086202 0
7927 8.804297378876752 0.2918806982077888 0
7928 4.549806053560486 0.3332806266767612 0
7929 9.715647776696045 0.3441171136912446 0
7930 7.41786526150349 -0.3237427759879958 0
7931 4.229085110509411 0.331134786238208 0
7932 4.198635572945836 0.3792817711348061 0
7933 4.143493634319999 0.3733839570398869 0
7934 4.166133820585776 0.4288694748340373 0
7935 4.219890217147603 0.4290269937366988 0
7936 4.259984446693417 0.387571569680219 0
7937 3.223250824882887 0.3331807472209772 0
7938 7.934267732313674 -0.3459461233734029 0
7939 3.576138216030277 -0.2929626435931805 0
7940 6.618619556393999 -0.337862170319738 0
7941 8.702142607563983 0.2891544031360003 0
7942 12.94269984764221 -0.3095830141609305 0
7943 5.541010722942257 -0.3213759487206752 0
7944 9.815253507639408 0.2863298670014308 0
7945 5.874501978808887 -0.4778668013970749 0
7946 12.23091696129263 0.03563500889819239 0
7947 5.84832712295146 -0.3738292145079455 0
7948 6.938440754149046 -0.3284720255105024 0
7949 2.16564899813862 -0.2761054641870277 0
7950 12.37117160757692 -0.1231475169028542 0
7951 4.760246648143463 -0.3046223000470601 0
7952 2.409965871503697 -0.2836127883077953 0
7953 5.663836291655787 0.03260226602498625 0
7954 5.267013010041985 0.3617788172750443 0
7955 4.013763476306945 0.3168370002131111 0
7956 4.240193175734467 -0.2978616555831834 0
7957 2.667675262480032 -0.2852610249741544 0
7958 10.96930933384044 0.2821518153038983 0
7959 3.729305107569653 -0.2951938298794726 0
7960 3.704400568111883 -0.3413140704238518 0
7961 7.326878650473229 0.2972589690981621 0
7962 7.301201396657653 0.3400935572542347 0
7963 10.72317411626288 0.2798477041941696 0
7964 4.966907307050455 -0.3039513681833335 0
7965 10.881945515107 -0.1542236596255738 0
7966 3.31938667785733 -0.2911471256060894 0
7967 3.338267307858517 -0.3424043468572789 0
7968 9.46513692441412 0.290542230751845 0
7969 9.490708832373883 0.3365631205443359 0
7970 5.615821137323313 0.3081187585016716 0
7971 6.603163314131992 0.3012777504790152 0
7972 6.577239111117002 0.3531288084881055 0
7973 8.560165715056961 0.2929909213754376 0
7974 9.009642376189161 0.2917043980976767 0
7975 10.51930976404473 0.2871295598155222 0
7976 2.01584881568858 -0.2756546760150603 0
7977 6.860442737521415 0.2986163314815951 0
7978 9.666059478247604 0.2833919667607708 0
7979 5.954914502171807 -0.3565115537154192 0
7980 5.973182626720979 -0.4052216082453954 0
7981 11.10991979248066 0.2757354452054784 0
7982 8.724943212773031 0.3372021885446145 0
7983 7.523968690772572 -0.3219737961508847 0
7984 7.145220023787495 -0.03440992439906019 0
7985 7.829028733034522 -0.3503415448647115 0
7986 6.068851997424354 -0.3502236613025349 0
7987 11.1844107392693 0.4641621534168545 0
7988 6.338165852756463 -0.3535550583131013 0
7989 9.880294908203002 -0.4777508998823117 0
7990 9.5179037926191 -0.03624723296823498 0
7991 2.196796748769941 -0.4490012899056662 0
7992 2.219034075881547 -0.4643627643948258 0
7993 10.64604109070044 -0.4796631700628419 0
7994 10.65956263424863 -0.4577852478923187 0
7995 10.68936373653006 -0.457960524922179 0
7996 10.68979601400954 -0.4837975488534494 0
7997 5.22862596774691 -0.03442184148902265 0
7998 7.311365788667383 -0.3343259377823695 0
7999 5.842814892243071 0.1351462688920896 0
8000 4.118588514567932 0.3233115334053706 0
8001 10.7105053514092 -0.4801353872313551 0
8002 10.72465350961184 -0.4574984012083164 0
8003 7.866522024750293 -0.1735260913110948 0
8004 3.133873879812731 -0.4794315337163954 0
8005 9.122401980363982 0.4375183685319328 0
8006 3.883730137717546 0.1396327735200159 0
8007 9.08944937113351 0.3361830282509746 0
8008 4.344055393437573 0.03314541391118848 0
8009 9.423473899288977 0.03259744750731987 0
8010 11.89424180676176 0.1183309616749201 0
8011 3.667280974580856 0.3517505621984157 0
8012 4.900907737408887 0.03384716694071127 0
8013 5.623792734537035 0.03255852429229487 0
8014 3.335647434739091 0.32895862510307 0
8015 3.376053071991809 -0.4791859229653459 0
8016 3.367702438035356 -0.4500409660824037 0
8017 3.396441355724924 -0.4602897360488591 0
8018 3.330480891332901 -0.4825916164586597 0
8019 13.01496627719873 -0.4638968935569352 0
8020 9.758351136973305 -0.03582217946759782 0
8021 2.557236183836642 0.3486762226932408 0
8022 0.929295556633483 0.4248813439132524 0
8023 11.25538279277107 0.03509580609218653 0
8024 1.00959282307045 -0.4303476654759275 0
8025 16.57814631502615 -0.2827139465913251 0
8026 5.583836343319552 0.03242847315995337 0
8027 2.582800336857483 0.03096139685848039 0
8028 10.47212175777441 -0.4271925552422334 0
8029 8.561442914178556 -0.3438892406658303 0
8030 6.244921198922466 0.1386427242108834 0
8031 7.629187898573539 -0.3137391980288883 0
8032 12.36591467054321 0.4565802506205856 0
8033 9.191458333007224 -0.3255655405517186 0
8034 2.449876838291146 0.3253001823003039 0
8035 2.806072708123648 0.3303231724019161 0
8036 12.53497457431659 -0.02937102440479911 0
8037 11.15031811088056 -0.1480446076440643 0
8038 10.287239858559 -0.439509202528589 0
8039 3.415216062122449 -0.03502997218854267 0
8040 6.390853886412856 -0.03542342807108555 0
8041 7.762173027205334 0.1106547954498624 0
8042 9.08454014605943 -0.3417085454181723 0
8043 1.661251625475493 -0.03468796590869424 0
8044 9.35415411857551 -0.171925374214743 0
8045 2.199345686959401 0.1597854328581482 0
8046 13.25336752238043 0.1238518434163265 0
8047 9.440163843601919 -0.3394557632590104 0
8048 8.362455431321592 -0.3251636896509661 0
8049 5.54383500104513 0.03232860049333213 0
8050 5.969960738555147 -0.1460008161747853 0
8051 13.13695755751449 -0.1885021504543034 0
8052 13.19067573974098 -0.1977691907260615 0
8053 2.199364415940182 0.3422104731632905 0
8054 9.383521525950719 0.03247250411884699 0
8055 7.369070862016276 0.4795503111346121 0
8056 7.390365988560261 0.483965089037634 0
8057 1.830244783435674 0.4552515594924426 0
8058 1.836032241071037 0.384612232118169 0
8059 6.032107857341002 0.4807367669550929 0
8060 6.04414520629031 0.4532894242606718 0
8061 6.010429142494091 0.4584949505569695 0
8062 6.077261986488871 0.4576765530657626 0
8063 5.967222477007335 0.4811360885707165 0
8064 7.03287710222005 0.480207845099165 0
8065 3.722645998166304 -0.4575467045307858 0
8066 0.3167206414783702 0.03433336477548821 0
8067 12.0516042244773 0.3359897275467885 0
8068 8.805543471087212 0.1288783697544132 0
8069 9.690694468861995 -0.3440736436484285 0
8070 0.06574976070145508 -0.4130787943227671 0
8071 3.473130948566554 -0.133620832961904 0
8072 3.8556808012025 -0.1689046122266063 0
8073 1.290134601096904 -0.4798512031463871 0
8074 1.943970161176561 0.3435123238876812 0
8075 5.503769298215184 0.03231712244687352 0
8076 10.63059320512482 -0.03385674367001294 0
8077 0.7100627772021492 -0.03463991612438033 0
8078 4.431210063472627 -0.1215877299178508 0
8079 1.770296135213518 -0.4555267030391431 0
8080 6.556231226627432 0.4550156947816882 0
8081 6.568597207668481 0.4176264076802029 0
8082 6.288964396686404 0.1375254345445275 0
8083 11.87106514463093 -0.03016223189166431 0
8084 11.02789097742172 0.4796629847315484 0
8085 11.05053066271536 0.4800741794753342 0
8086 11.04067826337218 0.457484364412407 0
8087 9.47405325697131 0.4569922345040445 0
8088 0.9162448063238227 -0.4593506800178779 0
8089 3.62823419947941 -0.1303329584745026 0
8090 2.60306449669828 0.4758591511878836 0
8091 2.623181439981951 0.4826668440306653 0
8092 3.449042784012136 0.03643370986253689 0
8093 9.036039579356176 0.336485470751923 0
8094 5.463815496937023 0.03224927362977302 0
8095 8.64815162605465 0.1260074344461477 0
8096 3.548479347284707 -0.3388039485973483 0
8097 10.64627956774333 0.4744330203555963 0
8098 10.66037585018434 0.4515251496097161 0
8099 10.69346234388614 0.4537694393543723 0
8100 10.69207627005924 0.4818657695091116 0
8101 2.288013836203922 0.4763087152366731 0
8102 2.276249734703861 0.4547122850843082 0
8103 10.75719678863403 0.4799769374512733 0
8104 10.74707514495111 0.4549019680784454 0
8105 12.18000498982421 -0.035408462045289 0
8106 12.19048232145562 0.3869145385805821 0
8107 10.71354963893214 0.4811360885709516 0
8108 2.331033500718652 0.4839488515737493 0
8109 9.343543872497817 0.03242519814989843 0
8110 3.925628485790928 0.1440648140692619 0
8111 0.6978222914125808 0.147673019227626 0
8112 4.068815883218265 -0.1206949877573538 0
8113 3.455542570776747 -0.03477726989550981 0
8114 2.644367298528604 -0.3331320953931231 0
8115 13.16229479626227 0.3271481840956849 0
8116 16.13483048380044 0.001226470422634612 0
8117 5.268462441953776 -0.03416714076071056 0
8118 11.8108272111596 -0.03430520877235305 0
8119 1.188472896223567 -0.03364128040667447 0
8120 6.042858188182317 0.1376850223156065 0
8121 9.303548703028898 0.03238624999844204 0
8122 8.114253499839439 -0.1903515908876695 0
8123 7.074336468953994 0.4833325958020636 0
8124 7.067877099071611 0.4611680946892578 0
8125 7.123390407261377 0.4594376781285073 0
8126 7.119953086357491 0.4819058093177658 0
8127 5.922854714226863 0.4821848400145046 0
8128 5.88013196719851 0.4856335893144316 0
8129 3.866315780712287 0.0348728132333363 0
8130 6.989648994934058 0.4804523900956039 0
8131 6.944255274490253 0.4781747240841214 0
8132 6.957476893437788 0.4479979647538008 0
8133 6.92453113105956 0.4588780946509181 0
8134 6.010715279998101 0.4841534255396283 0
8135 13.14586712816703 -0.375231562977061 0
8136 6.881124456070472 0.4778559252081398 0
8137 6.924047467148455 0.4841036146128236 0
8138 6.118922564697764 0.4804503731304058 0
8139 6.107530416642089 0.4576193136886016 0
8140 6.140231836820867 0.4806103837091132 0
8141 6.076359053637323 0.4839897460414044 0
8142 6.857863469210541 0.4790060794632216 0
8143 10.10371605745383 0.03699237135577223 0
8144 3.545323658957617 0.1409462334902342 0
8145 5.29696440417429 -0.1362183929840468 0
8146 7.179768223505988 0.4581709310420661 0
8147 5.424049675782237 0.03205599697691742 0
8148 8.467412802359089 0.1641211644338388 0
8149 13.06775693194619 0.2788513777952604 0
8150 13.09695115921085 0.3278073450660565 0
8151 12.4954719002747 0.1466716129838251 0
8152 7.805962822437472 0.03675931578391614 0
8153 4.357608219933672 0.4623130834542376 0
8154 4.333000893247737 0.4516171884931995 0
8155 4.311143160222134 0.4643060223061741 0
8156 3.031875516846155 -0.07922587737378603 0
8157 0.5348898895628841 0.4755549430571897 0
8158 8.32473493549157 0.1168691126750864 0
8159 8.838522039346874 -0.03607890918358328 0
8160 13.08035073518183 -0.2700255808462491 0
8161 9.823613178545139 0.4530207905858121 0
8162 9.650458452522948 -0.1247952266640361 0
8163 8.57933776009317 -0.03268978632746935 0
8164 6.560700745531752 -0.169072223368454 0
8165 8.478315923936073 -0.4784521458518161 0
8166 8.503223548100788 -0.4789254469674315 0
8167 7.78673915621871 -0.4430340197272412 0
8168 3.396045559351859 -0.4843356168764482 0
8169 6.672524076783496 0.4574444239427167 0
8170 9.341516538247566 -0.03360153474293124 0
8171 10.76934958488661 -0.3529106330296937 0
8172 10.72155940874263 -0.3853735072965714 0
8173 7.690809393864751 -0.4610086016980388 0
8174 7.721721882728276 -0.4577363170627416 0
8175 5.892527093917026 -0.405631660976197 0
8176 5.930158135399854 -0.4365821743960215 0
8177 5.950361761406939 -0.4642929006987594 0
8178 6.472181969790295 0.4593481602354514 0
8179 9.263527233637697 0.03231229862800725 0
8180 7.185006418100789 -0.03404158692033483 0
8181 6.199854809190974 0.4589346544993835 0
8182 11.80647247576281 -0.1373707691155686 0
8183 3.495975291633448 -0.03436014014542003 0
8184 11.25557281257574 -0.03213104709223447 0
8185 2.200568315487119 -0.04030142683913721 0
8186 10.09683764253014 -0.1660539042138736 0
8187 10.12630432908163 0.07324302935464638 0
8188 2.514942763805315 -0.2809006985227923 0
8189 8.689479784834907 -0.2018595825168766 0
8190 12.73925087952562 -0.03502186765962847 0
8191 6.759424119033093 0.4323010285690201 0
8192 0.198404065628915 -0.3771792442747827 0
8193 4.33106531838713 -0.4813406038547607 0
8194 4.375893699266014 -0.4846300048777645 0
8195 8.071849460881536 -0.1572131283499355 0
8196 2.625014532874409 0.4590163679561962 0
8197 11.56224789359194 -0.07039209467443221 0
8198 2.812890162178951 0.4577324565694583 0
8199 2.351651113104578 0.03379178071381607 0
8200 4.267415437505193 -0.4802343825320001 0
8201 4.311594825137916 -0.48448438930723 0
8202 5.973125836483417 0.4537743088105846 0
8203 4.966764270002098 0.4817506797204594 0
8204 5.01105494305787 0.478835468227827 0
8205 5.00044870247532 0.4536068528330095 0
8206 4.197435571423729 -0.4806715865822125 0
8207 4.244071539896416 -0.480295672551867 0
8208 4.232621631870073 -0.4569343217008797 0
8209 7.970923833907141 0.4774396787203898 0
8210 5.033026567868928 0.4804000480164222 0
8211 5.076460824864627 0.4846448390362872 0
8212 9.223432990077898 0.03222988731670871 0
8213 11.78380529120047 0.0333499932190703 0
8214 7.790545225017011 0.479334395589985 0
8215 7.796470270275139 0.4518450542477663 0
8216 7.77001298149244 0.4614120286012544 0
8217 7.838956497821801 0.4757104043676533 0
8218 4.177963325028204 -0.4841584665761759 0
8219 7.770715262029587 0.4843765025523995 0
8220 5.229155424700205 0.4837441144732257 0
8221 9.923085644135215 -0.1386531662165606 0
8222 6.607534436529655 0.1380472711599181 0
8223 0.3898949906933911 0.424028501128192 0
8224 0.4398965095327195 0.4384261489604854 0
8225 0.3652933500837325 0.3764707515873487 0
8226 0.4505225882316618 0.4678910305342189 0
8227 0.3534700394352356 -0.4556654931361139 0
8228 12.98148187553001 0.4451740469638947 0
8229 6.472685052033051 0.17684034572917 0
8230 8.355621329515007 -0.4545229690746573 0
8231 5.308224755625397 -0.03399168145265363 0
8232 12.22727678437122 0.2817168835684207 0
8233 1.182237206694708 0.03095768182903769 0
8234 2.831752477569332 0.3868686328831025 0
8235 1.548329701253082 -0.1277174309098113 0
8236 2.820990671257496 -0.2834685539164298 0
8237 1.165480547588525 -0.4572017164660812 0
8238 11.00381394269744 0.3291772995556233 0
8239 12.50570425081088 -0.4256064803859141 0
8240 6.63904777760912 -0.204981723235969 0
8241 5.082026107230292 -0.3868776825661761 0
8242 9.677547919402897 -0.1570029072592452 0
8243 0.3948259680103514 -0.4832258376626353 0
8244 6.1292719945547 0.1365832388917969 0
8245 9.183233820318387 0.03211700299223869 0
8246 2.719538919525316 -0.2854133307933837 0
8247 1.083723205132011 0.036492043508012 0
8248 0.6708717318158119 -0.03417619113857455 0
8249 3.536313692178513 -0.03401064282962765 0
8250 5.289257847962133 -0.4829955054925627 0
8251 10.06629282965058 0.2808224266609064 0
8252 1.546101098729873 0.1681877443065995 0
8253 3.019938671642752 0.03319876703109003 0
8254 2.477477600513366 -0.3376449530615688 0
8255 9.390813651793 0.3354617080672848 0
8256 12.32653532859086 -0.447932034856304 0
8257 4.860574011657855 0.03320770419341455 0
8258 14.41558337402269 0.1271690459071592 0
8259 6.001935849430422 0.1358772136491536 0
8260 5.050563507435302 -0.4777977452782965 0
8261 8.562623712156022 0.1276800701160232 0
8262 2.962495275660407 0.4336200631927338 0
8263 5.190440241676795 -0.3603290363147504 0
8264 3.22343736713927 -0.2874517392402786 0
8265 11.98793318976047 -0.4554501596336261 0
8266 7.901663223472347 -0.03341483897709656 0
8267 10.02791967201986 -0.3759041277516049 0
8268 6.812769078467171 -0.4631890857016399 0
8269 9.928144610624825 -0.3894632526219623 0
8270 4.014557977437735 0.1465728707633287 0
8271 2.957997664532672 0.2006567471059516 0
8272 6.686855801982808 -0.1510780658131148 0
8273 11.14548230524886 -0.03111703438568317 0
8274 9.842500011918059 0.3320669294600272 0
8275 1.70770797507775 0.1451304743934648 0
8276 9.143046031746277 0.03188783787834733 0
8277 10.88017437464603 -0.4518074163461686 0
8278 12.77228399437333 -0.4564095492067713 0
8279 11.26793981003201 -0.456063729096788 0
8280 8.882175220292615 0.479031446943355 0
8281 8.870769323891478 0.4589784273523318 0
8282 8.839799871628568 0.4565793679195138 0
8283 8.837588650504157 0.4828188431686866 0
8284 4.162804419358753 0.4805080912197238 0
8285 4.117885865528319 0.4773947760375035 0
8286 4.130171566776747 0.4522129932241366 0
8287 8.770101500352522 0.4848377400106321 0
8288 8.797121775739244 0.4490151729555745 0
8289 8.815797909599414 0.4779489606828956 0
8290 4.228526708884478 0.4790255656845085 0
8291 4.250545644679983 0.4794207305689659 0
8292 4.261929698221321 0.4618779804457482 0
8293 4.184366921765628 0.4796553542688502 0
8294 4.194756421557583 0.4563658753157716 0
8295 7.044833413434052 -0.3277969394831614 0
8296 11.5357908529491 -0.03640551385770585 0
8297 9.902534833113521 -0.4310315551822015 0
8298 6.136832705641583 -0.4839299386707518 0
8299 6.218901470763584 0.1759903562286872 0
8300 3.05056350725689 -0.03744355476507976 0
8301 5.258004428752187 -0.1298429298880203 0
8302 6.028293796902993 -0.4807982455635424 0
8303 6.042975451056933 -0.4565196150437255 0
8304 6.010647242855855 -0.4625507054385055 0
8305 6.007724789712224 -0.4846503641736661 0
8306 5.976359204836438 -0.4504499925219332 0
8307 6.020139042435154 -0.4228435392368007 0
8308 6.072699801250668 -0.4850431763012495 0
8309 10.31863189622162 -0.4240102384036208 0
8310 2.313381418700177 -0.2698662983939275 0
8311 0.03900887303704457 -0.325328286356407 0
8312 5.897765537158214 -0.4784418603973596 0
8313 9.620241694672167 -0.03178393338809374 0
8314 3.576574283081093 -0.03369999118123647 0
8315 5.384287650023006 0.03161260272453252 0
8316 10.3704177930648 -0.08116476896528252 0
8317 1.975337116648004 -0.3291548610584006 0
8318 7.894928802318146 -0.2106684353549647 0
8319 5.408077594697726 -0.4598758774028671 0
8320 3.020335051644015 -0.289155493595985 0
8321 15.24694859814227 -0.105394551866751 0
8322 12.81665902175684 0.2886387021307447 0
8323 9.103065983612748 0.03161775940119179 0
8324 6.809533907402466 0.1407561988444062 0
8325 8.378131013637637 -0.0337655168407889 0
8326 5.348084947867219 -0.03377647059842122 0
8327 5.340166499846203 0.03475496018608859 0
8328 2.05043332123614 0.4507392602153049 0
8329 7.22490068408913 -0.0335972718032104 0
8330 12.26591182864997 0.3316689314883858 0
8331 7.072219197847138 -0.4796452466027916 0
8332 7.049842285924587 -0.4806374424684575 0
8333 7.061156592273742 -0.4543270964696314 0
8334 7.115836656111101 -0.480439849211507 0
8335 7.126243158124827 -0.4562438576647144 0
8336 10.19826307965469 -0.4580699827656565 0
8337 1.621122698684566 -0.03393281854798845 0
8338 7.006929552481215 -0.4811229256261602 0
8339 6.988429920893754 -0.4630125398921206 0
8340 7.017303806271153 -0.3755570913811211 0
8341 6.433345668383256 -0.0348337641277152 0
8342 4.303445201806141 0.03199154392803708 0
8343 11.33725815045213 0.03451446197536462 0
8344 6.876792084142825 -0.4831919497836766 0
8345 0.6262047256157475 0.03059670127002633 0
8346 11.18186924366934 -0.3311660619164852 0
8347 9.06312010692173 0.03153808564519772 0
8348 1.388482369458166 0.4803236210804387 0
8349 1.397910512211822 0.4558599135520169 0
8350 1.432835254118831 0.457685695244651 0
8351 1.461932337022026 0.4296332891009824 0
8352 1.432139699803374 0.4822888490141414 0
8353 11.63288200108911 0.4820697481383829 0
8354 13.02911307282197 -0.0598882131853465 0
8355 7.675287857519955 -0.1437577593604344 0
8356 9.598130681117174 0.4843759418994888 0
8357 3.051281619658933 -0.3374060231123344 0
8358 7.942629385811639 -0.03248715036154966 0
8359 1.125775659764719 -0.1277361111317983 0
8360 3.945991577480812 -0.1284106332537792 0
8361 0.3694820428439685 -0.4081780878277425 0
8362 11.7973737113477 0.4586125834846215 0
8363 3.616761085748823 -0.03338324654328521 0
8364 4.495712586303207 0.3348457766652157 0
8365 1.167721220766271 -0.1319605068833268 0
8366 11.97745372703253 -0.03028888038745065 0
8367 5.828152571438582 0.4572722942745071 0
8368 3.001885948847081 0.1688007491964957 0
8369 13.58891727290893 0.2665479115488053 0
8370 7.540392321843765 0.146237380099525 0
8371 7.96390269659809 -0.480472102183066 0
8372 4.947442510317471 -0.03645883669121207 0
8373 11.01751698348852 -0.02939713566201047 0
8374 8.522239331397682 0.1257704070100347 0
8375 12.48664674796514 -0.4579238658229604 0
8376 2.934937452746053 -0.3321248372751801 0
8377 7.723952699156894 -0.4837029662513295 0
8378 7.768051063691297 -0.4806309422776401 0
8379 7.757721747961403 -0.4572939269094086 0
8380 1.916268555106428 -0.2670254744705948 0
8381 0.9586753578639174 -0.2834603531589909 0
8382 9.02321921748203 0.03163960803951196 0
8383 8.799549585072013 -0.3801737441966561 0
8384 1.046237043895163 -0.1161748989088547 0
8385 11.82227015971547 0.2973792235594467 0
8386 2.752912972683474 -0.3349572350723434 0
8387 7.133824742324874 -0.1352742529427736 0
8388 1.091624827641223 -0.1684070917060645 0
8389 12.97419785521373 -0.1296425045926999 0
8390 1.418360364687711 -0.455957866660065 0
8391 3.407946240894677 0.03534701730818492 0
8392 3.785838328475787 -0.1331498568216164 0
8393 0.6314064843391445 -0.03377052610451739 0
8394 4.796932858599781 0.2104692299531137 0
8395 11.06485730638689 0.2667339033523452 0
8396 3.368142882415521 0.3780600182546313 0
8397 12.42644095056542 -0.0678419060226409 0
8398 8.761342051526903 0.1291043101101684 0
8399 6.391474743183222 0.3113468594778899 0
8400 4.262886484220914 0.03112582578371594 0
8401 5.388276642648456 -0.03342517356786866 0
8402 2.316826182828148 -0.4575422788818656 0
8403 3.093265970381668 0.3518895465525865 0
8404 8.723025709867882 -0.3329685453948961 0
8405 12.32595875720136 0.2684552363793324 0
8406 11.54357067802065 -0.1404071068827221 0
8407 7.986955871379335 -0.1638190092875665 0
8408 4.116423258853975 0.4169470446298252 0
8409 2.621905150382687 -0.3823883269070256 0
8410 0.4884552996252067 0.1355728399055074 0
8411 8.982979321041821 0.03169039065461036 0
8412 0.7628162948699702 -0.4576661165342257 0
8413 13.10603567468005 -0.4348649449726859 0
8414 8.747353720642799 -0.483299141160302 0
8415 2.175241446877573 0.4252172767655306 0
8416 3.657030605929827 -0.03305751739705043 0
8417 8.681714754560039 -0.4807010661503601 0
8418 8.693056430811438 -0.4577203629648796 0
8419 8.635917188729644 -0.4818839615488748 0
8420 8.616645109033474 -0.4658360482495963 0
8421 3.341717121134966 0.4540941143270735 0
8422 6.092805873535061 0.3046292987593353 0
8423 0.859698589295168 -0.2710370009286264 0
8424 10.31772086139785 0.2724945474565497 0
8425 0.8474168303936525 0.1400984652358364 0
8426 1.972615289659811 -0.458577202001235 0
8427 2.265950959590485 -0.2765369749827977 0
8428 3.443098198496439 0.3251957438875507 0
8429 4.206750986205865 -0.4614799240301833 0
8430 1.146663599601713 -0.03231506409831717 0
8431 6.165337852420143 0.1295418231043236 0
8432 5.201134713917015 0.4623030754932418 0
8433 12.35079655677978 0.1158968233299686 0
8434 2.27955817042687 -0.4801926540507954 0
8435 2.268263632318613 -0.4586281569370063 0
8436 8.942968495130156 0.03137835005834815 0
8437 9.857072618454179 -0.4789191669254214 0
8438 11.02632889487198 0.07021376512107771 0
8439 6.402570418133176 0.1406108662927362 0
8440 3.232845222586945 0.1530873726713961 0
8441 7.842652071004301 0.2981717552760556 0
8442 7.881980584764428 0.3489804427909597 0
8443 13.14710153806103 -0.2519391086376191 0
8444 0.5471453712598324 0.3312558215178201 0
8445 3.825019062410497 0.03392270050967605 0
8446 7.264899633669286 -0.03289247780448058 0
8447 6.85521667971512 -0.3837679747703625 0
8448 9.552621502153649 -0.4807952204891698 0
8449 9.536395005278822 -0.4567823778016351 0
8450 9.519864379702831 -0.4257679829634105 0
8451 11.04461374396629 0.03524709957118747 0
8452 2.063873934079992 0.03256099194247298 0
8453 3.697087294978684 -0.03283095324811442 0
8454 12.2691235509996 0.03375608917887861 0
8455 11.13681925662623 -0.3026287072880363 0
8456 10.30732555473309 -0.03158072094780515 0
8457 8.902875256999781 0.03117004479708535 0
8458 10.13801156181604 -0.1551326161527199 0
8459 0.03790879602382038 -0.2393287608397319 0
8460 10.17786795268693 -0.1424187457891579 0
8461 10.96361216846938 -0.460447424678487 0
8462 9.007445111052199 0.1300907529169089 0
8463 5.72729518522116 0.4256563092744589 0
8464 5.667679881648975 0.3616426097398692 0
8465 14.26360085245369 0.1342015378099376 0
8466 7.867158400962077 0.396711320077724 0
8467 5.428510824675982 -0.03298747741851434 0
8468 8.620579153679568 -0.03139694604434462 0
8469 5.016805929902796 -0.1443204200406036 0
8470 4.811739597362266 -0.1438767174929353 0
8471 0.3035449717316449 0.1451699638671332 0
8472 8.849379291787471 0.1264075369582895 0
8473 8.983382917741281 0.336814520283131 0
8474 7.977587676756035 -0.4600716809740368 0
8475 10.95363472936225 -0.03322101662080616 0
8476 8.887020750483078 -0.3129765534384061 0
8477 5.067560836751995 -0.4282549249630428 0
8478 8.731577993018663 0.1677923031785228 0
8479 8.48189324379093 0.3384445669727116 0
8480 0.7099053180939465 0.02990974148299147 0
8481 8.592982750688826 -0.1693879943144326 0
8482 13.00307721908473 0.1150676988929152 0
8483 7.692336526078702 0.2910886216310757 0
8484 9.76049570686437 0.2886361636270914 0
8485 3.909384657340357 -0.1218049781741022 0
8486 6.371181582468404 0.1796707983066627 0
8487 2.918715573307974 0.3388527053326407 0
8488 0.3546888776301975 -0.3393105681218456 0
8489 1.312568699899495 -0.4791056922578151 0
8490 1.298270848402865 -0.4570325241965271 0
8491 1.315828884678885 -0.4266435954942969 0
8492 1.358769609863621 -0.4792053315436363 0
8493 1.160434727970608 0.3764897313342211 0
8494 1.46004006920372 0.142750362800679 0
8495 7.170761012930157 0.1412259261017208 0
8496 0.08033389210040454 0.2240785474952644 0
8497 2.859379862156339 -0.03624108897779611 0
8498 8.862971389051747 0.03106913564090816 0
8499 3.740620447564857 0.1617120637292523 0
8500 11.82391859511172 0.03218809613902642 0
8501 7.021886438722162 0.457977015116022 0
8502 4.484026048104413 0.1424781098946347 0
8503 8.962874195986121 0.1302058848713889 0
8504 9.890931753448582 -0.3459330759034446 0
8505 7.698987459823493 -0.1813057140249837 0
8506 3.737128785954472 -0.03275933486054546 0
8507 1.500519956692836 0.1562802674234376 0
8508 10.82503670920027 -0.02920471795579744 0
8509 12.70003829859538 -0.03334116414995267 0
8510 11.76866977771702 0.1382950816582801 0
8511 11.38407404352407 -0.370494942308754 0
8512 9.14486581564042 -0.03004514426778449 0
8513 4.820297694185046 0.03260968056194082 0
8514 3.166806373008378 0.3151676535245512 0
8515 1.344870839197541 -0.4542633487308237 0
8516 6.531304947547514 -0.2106363399992161 0
8517 8.82300535688119 0.03108824485453868 0
8518 8.59922700702457 0.341863993766374 0
8519 9.898920552983993 0.3310531809428816 0
8520 6.325227426925352 0.1305223419480702 0
8521 5.139158486344334 -0.133053229295207 0
8522 0.5893416014424898 -0.0334823172098281 0
8523 10.26066687277578 0.3321747943059974 0
8524 2.542797966531166 0.02987954556891151 0
8525 11.77403898473117 -0.1648273407239373 0
8526 8.148320149220488 0.2920181167218628 0
8527 8.17871478820941 0.3369717049507578 0
8528 11.39160880065844 -0.4196832500887736 0
8529 1.281997071240432 -0.3390487361277689 0
8530 1.890739930226696 0.3771314005507714 0
8531 5.159001348061104 0.3591906956555185 0
8532 12.09477582486303 -0.1573102556287435 0
8533 6.398539666223468 -0.1724935181713301 0
8534 11.77005941640322 0.2992212045579709 0
8535 12.52987267641996 -0.4774910232309651 0
8536 12.48736147015557 -0.4811229256265412 0
8537 12.59651210593034 -0.4838573588174235 0
8538 12.55341872130277 -0.4773333367093475 0
8539 5.468650599152136 -0.03265316345526064 0
8540 8.824354709482959 0.4171558086344169 0
8541 8.41535521523628 -0.4817631931688906 0
8542 8.405776732855507 -0.4626941343980834 0
8543 8.782731199700871 0.03126091186851732 0
8544 6.835468019081747 0.1764478315155922 0
8545 3.777356544576859 -0.03279945858292674 0
8546 7.30493769629598 -0.03207940960688459 0
8547 12.04224112681644 0.03480995607626684 0
8548 2.378345226940942 0.4303544102212258 0
8549 2.662217729157434 0.03441511857885755 0
8550 4.888142429751482 0.1702248722689126 0
8551 1.581070105235117 -0.03298801489049619 0
8552 9.96035705223461 0.3333813862938291 0
8553 0.5114048142367358 0.4757630624199395 0
8554 12.5312666549809 0.4791960943093165 0
8555 12.5530499595431 0.480156988935442 0
8556 12.56635816045903 0.4562407512932973 0
8557 12.48639957966394 0.4842148334128718 0
8558 12.48488341204535 0.4576746818874458 0
8559 4.934681983524568 0.1739755574622219 0
8560 11.65467158302753 0.1388610451188123 0
8561 0.4034881297129914 0.4822086719893226 0
8562 12.59668118439097 0.4839158489195466 0
8563 12.52095975690552 -0.3370335483674887 0
8564 4.222494035505216 0.03022585485774761 0
8565 11.37703575517894 0.03368088453671587 0
8566 1.426187796637256 0.03070663959162132 0
8567 3.452891562413074 -0.1699947649000228 0
8568 7.354212638770378 0.4551332023197125 0
8569 8.683964231534445 0.1190764480024011 0
8570 12.2180372532798 -0.02725795082414083 0
8571 5.586014110821734 -0.4294543985989086 0
8572 4.573021103276076 0.3789483719640306 0
8573 0.9022710133799798 -0.0353742541677023 0
8574 3.108896639001922 0.1347872775064705 0
8575 0.5481004325895764 -0.03297123226784396 0
8576 9.382557219351764 -0.03120506139900039 0
8577 4.374999932120907 -0.4607832518543695 0
8578 8.742690791639363 0.03103359748418928 0
8579 6.442935191279543 -0.1691331162526742 0
8580 9.166307672621812 -0.1647533901965562 0
8581 1.948007850398952 -0.03541787043129431 0
8582 2.109233321820805 0.3735561939657658 0
8583 14.0361760861625 -0.1689987472897404 0
8584 0.2638592750522035 -0.4607313696506328 0
8585 0.2505948669325216 -0.4321853093330179 0
8586 2.622046357160887 0.0331566396026726 0
8587 0.4119597154180197 0.3428453302420109 0
8588 8.880167389254897 -0.03416469733444643 0
8589 8.538860762988175 0.3401813879453041 0
8590 2.78076385010283 -0.3802699260622703 0
8591 12.87052363301398 0.2857964281350374 0
8592 11.00975772618376 -0.3382869029277022 0
8593 2.234000122453836 -0.4823767118821471 0
8594 13.53671498260982 0.2121407488538027 0
8595 0.03601094698520662 -0.3040398107622523 0
8596 3.784764693106217 0.03298898208789018 0
8597 7.892118718950329 0.1420122735256954 0
8598 9.162758596285816 0.1293551205891516 0
8599 11.84545523975389 0.4569711168603325 0
8600 3.756256688527137 -0.17187748648574 0
8601 3.817836168066531 -0.0327298389308213 0
8602 0.01843992106148131 -0.4667214888615243 0
8603 5.093798387662955 -0.1817923101810245 0
8604 6.669751742975677 -0.3369621310273486 0
8605 3.985201120424258 0.4600558495097083 0
8606 9.946002605119972 -0.0286074036617883 0
8607 1.083928299120464 -0.42653956084626 0
8608 9.99277623028623 0.3853138692666429 0
8609 8.702985482031938 0.03053075469035928 0
8610 10.888036547183 -0.0324275836521133 0
8611 9.290943796014451 -0.1341654744720532 0
8612 0.7277547569313227 0.336104126138942 0
8613 7.98303991972361 -0.03144451573539406 0
8614 6.651465556931944 0.1375607337271614 0
8615 4.786662858750091 0.384053256066656 0
8616 12.09324503964902 -0.3526373173618105 0
8617 11.89946514475181 -0.3487828042639434 0
8618 4.338077537262605 0.3261190437705828 0
8619 9.160938237549685 0.2782129104081922 0
8620 3.367151376918012 0.03400247951800602 0
8621 6.474408839693391 -0.03328156688881913 0
8622 1.49620971061981 -0.3502121784989047 0
8623 5.508754756980254 -0.03243901009319868 0
8624 6.303303090217636 0.3134881149480947 0
8625 10.6720529251918 -0.3522093005546179 0
8626 4.387318725647326 0.3201455973797576 0
8627 8.547525894178399 -0.1768564811560139 0
8628 11.60747371638303 -0.4478656736065569 0
8629 7.9483538711626 -0.1591897098352566 0
8630 2.86814690333247 -0.2732385018583293 0
8631 1.825562362282067 0.03217334206805834 0
8632 0.9646982007141983 0.3347387566274665 0
8633 12.79218494583572 0.3370003715223466 0
8634 10.32641934809312 -0.3784963546269973 0
8635 5.712411514615738 0.314348955290644 0
8636 11.67002522221376 -0.02958024314751641 0
8637 8.663116485878188 0.0303961229967283 0
8638 8.936802091220489 0.1655864207047772 0
8639 2.979788640934425 0.03180368773671705 0
8640 11.52170194599782 -0.319571428650975 0
8641 6.756065809297957 0.3003719578229722 0
8642 6.781614385069588 0.3442343142007446 0
8643 0.3156986514743901 -0.4555293274259915 0
8644 6.969929242178197 0.1394765042347524 0
8645 9.53962191573676 0.3362560817026853 0
8646 3.858238271735421 -0.03244129468598436 0
8647 2.170754642860653 -0.1301588623155703 0
8648 7.745895331974912 0.4564566969295814 0
8649 9.92689578254398 -0.481546451135371 0
8650 9.918359457168092 -0.4587202073857917 0
8651 5.372493588385776 -0.3018176001744399 0
8652 0.1435858728909921 0.4537460449056646 0
8653 11.75847841476575 -0.3430988803357569 0
8654 0.9134219752955587 -0.3343618566457118 0
8655 13.22894555811047 0.327729623297547 0
8656 4.098623650753288 0.1931866058008059 0
8657 10.93696591929441 0.03486868686581282 0
8658 4.176283021850181 0.1570424461975032 0
8659 10.46305792550105 -0.03132142071866723 0
8660 4.051362095055659 0.1416773579183824 0
8661 12.10404826410599 0.3347144577534723 0
8662 5.937819582595964 0.46081864574415 0
8663 10.47446138216232 -0.3785773880194957 0
8664 9.441268920726992 0.3359366389416501 0
8665 9.468042717216141 0.3825713301013687 0
8666 4.131586222366382 0.1535881940321028 0
8667 5.046811725240127 -0.3485806058117542 0
8668 8.669416906616398 -0.3373871346829493 0
8669 5.962442309926964 -0.4817661570635891 0
8670 8.630188894376051 -0.1580997223175079 0
8671 11.5220029116268 0.4262724835641287 0
8672 7.824354404808021 -0.1736472509120789 0
8673 9.06071398756232 -0.3899272994466597 0
8674 4.850260674204796 0.161311442089976 0
8675 1.276209496739811 -0.4620428476410586 0
8676 8.623064591045615 0.03054144992308007 0
8677 6.291423570614753 0.4268835902884582 0
8678 6.352073230335693 0.3577127865912597 0
8679 2.534100728489454 -0.4568590775733984 0
8680 2.242494252645244 -0.4632563029158753 0
8681 8.023119271935155 -0.02988449621082587 0
8682 8.334427019128061 -0.384685261566563 0
8683 6.963606359405201 0.3012347132382645 0
8684 7.344984206696648 -0.0313442709761156 0
8685 1.310041827876381 0.3735179032186796 0
8686 5.061294966295899 -0.1432047321710207 0
8687 0.2498466416710747 0.03386556700144706 0
8688 12.66136323591566 -0.03179726937905481 0
8689 11.31370062306249 -0.03340773049943455 0
8690 13.190394961179 0.2741993765108667 0
8691 8.024562336394084 0.3407039563645585 0
8692 4.321344109831904 -0.3430997296594386 0
8693 5.507892371853925 0.4578876152516352 0
8694 4.295308014588158 0.4815322739194377 0
8695 4.284491082516942 0.4585936253480452 0
8696 9.058900530049938 0.4816726518385374 0
8697 12.53173324352243 0.1384864591948615 0
8698 3.421559295551971 -0.4566135354044834 0
8699 2.984754007098754 0.483034170016837 0
8700 4.972057415679143 -0.1436241883903779 0
8701 3.507043941843183 -0.4842157081419758 0
8702 9.024966459799717 0.4542371221108097 0
8703 1.106368134452069 -0.03121522685511753 0
8704 5.548817923891682 -0.03230488538322937 0
8705 8.582842758143393 0.03081488311614219 0
8706 13.81782631526424 -0.124637429730899 0
8707 3.898354654718994 -0.03206850046648441 0
8708 12.17108996766704 0.4823980735789698 0
8709 1.066701542900812 -0.4843254235389194 0
8710 3.941219436534162 0.4842796571746797 0
8711 8.046041147450502 -0.3875689270743663 0
8712 10.08185236956681 -0.4812549711204867 0
8713 12.75762656569188 -0.07154698520413791 0
8714 3.152505231241229 0.1893519851926006 0
8715 7.333154883039791 0.4309390780237992 0
8716 7.329456758063506 0.3896357790559125 0
8717 6.895962902918051 0.4533140983617504 0
8718 11.35558683822398 -0.07352377969221228 0
8719 0.4660775039754939 0.4819626058920778 0
8720 0.4703527154468929 0.4575550210748807 0
8721 4.419657977175802 -0.4843680672853364 0
8722 3.189262484891772 0.1489378244668332 0
8723 12.30904044164427 0.03386917429755788 0
8724 4.832813299694993 -0.1816826470193992 0
8725 12.95558539794567 0.4831530948012655 0
8726 8.417492025107485 -0.03151522361329663 0
8727 3.123184125068919 -0.4540832767635809 0
8728 3.672113101731982 -0.1296076403793669 0
8729 10.36793550210623 -0.4578868339665713 0
8730 11.7402180515567 0.1778721477772757 0
8731 4.920615423491764 0.4825878097860001 0
8732 1.235608617958187 -0.33909043711109 0
8733 4.705280537621129 0.3360999760043424 0
8734 0.2514291933922057 0.423925567217681 0
8735 0.09331833498044342 -0.2131036684499197 0
8736 1.092037565885331 0.07362971158487067 0
8737 12.65531317389733 -0.4279016688460552 0
8738 8.247314444708689 0.2806233893858613 0
8739 8.656388177745555 0.2804231026824383 0
8740 11.86396930374605 0.03076797443654825 0
8741 8.542717123503207 0.03081559964595472 0
8742 13.02993962287193 0.3296698377796277 0
8743 6.563500664615237 0.1373297679023275 0
8744 0.03651447863910817 0.4565390650229054 0
8745 0.8500507695532722 -0.07146664565111543 0
8746 3.496859063800754 -0.3351887786570641 0
8747 12.96800802276947 0.2714030632908025 0
8748 0.6780286387875391 0.3725053827723478 0
8749 9.214144666080371 -0.1564837197014736 0
8750 8.197571513012758 -0.3307645192267761 0
8751 9.565236545949535 0.1307538027587909 0
8752 3.938381784504151 -0.03184961942046484 0
8753 6.4797884757538 -0.1604077459560145 0
8754 11.61372532265858 -0.03125968502133621 0
8755 6.60217042027255 -0.3857977164365579 0
8756 8.502717315622622 0.03069423221993699 0
8757 9.553572448779386 -0.03068044878197378 0
8758 3.119203123374485 -0.27917622982012 0
8759 7.786127191025922 0.07188763519741664 0
8760 10.10338564759355 -0.02782446750958624 0
8761 9.050559317233438 0.126944739341935 0
8762 4.654891321283259 0.3238707343909921 0
8763 3.17895442257485 -0.4817468474095513 0
8764 3.16997313232498 -0.4588707069008021 0
8765 6.515016300585537 -0.03277572687814394 0
8766 7.406346664094416 0.3388386165915532 0
8767 2.615346289589053 0.1012159298063357 0
8768 1.541143119731397 -0.03195464687002902 0
8769 6.223485636566189 -0.1763869664394197 0
8770 0.200200744220704 0.1658451085072993 0
8771 7.533121257607687 0.2947638924102335 0
8772 7.508808734572104 0.3389754089033167 0
8773 8.096193388791882 0.2941982809536737 0
8774 6.52767769246606 0.1303016386147004 0
8775 5.58868823740824 -0.03229103868141857 0
8776 10.74811008484893 0.3264748155569653 0
8777 2.188469687959127 -0.3197236619266874 0
8778 7.245636817621929 0.3385119737302381 0
8779 1.540192119677675 0.0280861524986625 0
8780 9.160112278218794 -0.4596316267765267 0
8781 0.6289914582251594 0.1435085514525916 0
8782 4.780064169263401 0.03193651819123124 0
8783 1.110675342903269 -0.2821714420072772 0
8784 3.47403420863679 -0.2857649336966579 0
8785 15.12945642906157 0.1174153761766401 0
8786 7.621858546128126 0.3448814656449404 0
8787 9.207771327557854 0.1281679882294094 0
8788 1.552857708043438 0.4575485622003533 0
8789 11.68291721309939 -0.4602017636739195 0
8790 10.5965882569628 0.3370306003215227 0
8791 8.462761216314419 0.03058133746650842 0
8792 11.21270185746296 -0.06967462264124087 0
8793 10.69250938971204 -0.1569057560974049 0
8794 11.41583871433264 0.03255270289169956 0
8795 11.42338270009708 -0.02774023343246217 0
8796 12.23210584765481 -0.4583778514911272 0
8797 6.169630644328221 -0.4589642423715526 0
8798 11.86192605090443 -0.3838069884305972 0
8799 7.762905991538631 -0.1398884086809344 0
8800 6.76488888978508 0.1416004298330341 0
8801 5.052581886726436 0.1764883391577229 0
8802 10.74096932605765 -0.02689334095874544 0
8803 0.5549931086125768 0.03187636694271175 0
8804 9.119509188328351 0.1266128698278979 0
8805 3.978975383689625 -0.03176433685610097 0
8806 2.502235278631069 0.02829912775163728 0
8807 12.13690725620513 -0.02821747043226055 0
8808 6.773519783901758 -0.3319107565718052 0
8809 0.7728171957310428 0.03187405917373273 0
8810 7.385012936533951 -0.03071432348735513 0
8811 7.187159471197677 0.1762381112627397 0
8812 4.428440745647779 0.3883780246607675 0
8813 9.661793396249632 -0.02772321926602869 0
8814 2.974414816659779 0.3480994405856288 0
8815 3.753975177598043 -0.3390274434174 0
8816 4.281179244079652 -0.4585570605475796 0
8817 6.734189099279536 0.1796880179987462 0
8818 14.89914525673405 -0.1891891937077016 0
8819 0.5151302433167484 -0.4564531697874514 0
8820 12.88276307731777 -0.4152964168051352 0
8821 8.422791554285332 0.03043170384314344 0
8822 3.290428532085784 -0.3325617404284152 0
8823 8.884717196199679 0.1193256137872253 0
8824 6.449465156935144 -0.3307636396798245 0
8825 12.58120277489666 0.1855807494205902 0
8826 5.950069269065528 -0.18631461829251 0
8827 10.7074880192182 -0.4280800675204623 0
8828 3.70819074984596 -0.1232963103344897 0
8829 3.744546499639505 0.03207135268269382 0
8830 2.318669429447675 0.0309173356954569 0
8831 4.136214243591718 -0.2895272636545919 0
8832 6.495929997207949 -0.3398573784715198 0
8833 3.803634446162268 -0.3367968058074849 0
8834 5.620381986489339 -0.4553771977780675 0
8835 3.423242072062878 -0.2839113895076515 0
8836 8.093989811073582 -0.3220229195701477 0
8837 5.350461350693967 -0.4564913548904062 0
8838 8.382873842236737 0.03012820473402881 0
8839 4.01877785025201 -0.03157579322519017 0
8840 5.940550608100462 -0.4821367724790072 0
8841 13.01249734961193 0.4699909442301275 0
8842 11.77634702823534 -0.02738632438211053 0
8843 5.628127015917478 -0.03227708838125602 0
8844 6.375287283820878 -0.2104628515009067 0
8845 14.4976518397106 0.2465954151268199 0
8846 5.284877055507278 -0.301959998003406 0
8847 5.623040789573317 -0.3584699370145763 0
8848 12.52712913117281 0.3760875595079576 0
8849 7.375349355338455 0.1448116395832215 0
8850 10.72209885531226 0.4568631308922117 0
8851 4.820294500588187 0.3385899292757591 0
8852 11.2407467079824 0.4606209295497252 0
8853 5.683302384305613 -0.4608819341856215 0
8854 0.468022549525182 -0.02966499266687393 0
8855 3.62798260053531 -0.2944962225179167 0
8856 12.37575842013298 -0.02864415080147164 0
8857 0.4243155651853234 0.02721537048018183 0
8858 6.382962318387472 -0.3885226298805906 0
8859 10.87338204085557 0.4626726901544702 0
8860 10.41879778629493 0.3788398040014672 0
8861 9.801431879677056 -0.03114227993066585 0
8862 8.434374635339559 -0.4851640731547537 0
8863 0.01614391338029659 -0.07503593338856225 0
8864 6.687620916913066 0.1310879800074324 0
8865 5.319406637861462 0.4410938131697447 0
8866 8.343061578685845 0.02967439108772735 0
8867 12.65416581217702 0.1440316817123791 0
8868 12.23496993784909 0.4225455021450348 0
8869 9.363595888734675 0.12728510225304 0
8870 8.776874604741311 0.3375964074853165 0
8871 8.799188902396502 0.3790111098207154 0
8872 5.048865420074329 0.4566269721837622 0
8873 3.590676330259885 -0.1257691081637589 0
8874 7.014753689475978 0.1384433337801504 0
8875 6.556863208594076 -0.03248358928935876 0
8876 10.54460942848914 0.1018954629289159 0
8877 10.34491829166559 0.1028630698235335 0
8878 10.74384599766494 0.1009944715091814 0
8879 5.403139851924577 0.4491293504182313 0
8880 5.455612170862446 0.4212279252616825 0
8881 3.548257566054549 0.3375912874712707 0
8882 2.025145538544893 0.02917300467031583 0
8883 8.06346405867337 -0.02873779552669522 0
8884 0.8335729561393017 -0.1058747339787959 0
8885 9.434833841070587 -0.4413256469692407 0
8886 11.26825114395132 0.3752059823359515 0
8887 0.5930643867336785 0.1634587208838552 0
8888 3.054716753245318 -0.1028148546959967 0
8889 4.058711924973355 -0.0313320687289835 0
8890 11.85321313887556 0.3394634391018868 0
8891 0.5557746273550825 0.1428403000690611 0
8892 8.507930215019519 -0.0286699097775923 0
8893 8.303313733650938 0.02914973214749855 0
8894 9.78510234740537 0.4606006538693996 0
8895 0.01647272364354168 -0.185314048651676 0
8896 11.03847798345817 -0.4550819951052238 0
8897 6.744318122132481 -0.3795126696456715 0
8898 4.460589131535462 -0.3458380647211723 0
8899 12.40674411912384 0.4618519447049351 0
8900 0.1801535748627126 0.02903310852759271 0
8901 7.517316648757494 -0.1495991672789455 0
8902 8.661605612755016 -0.02989385903078496 0
8903 1.124850826529755 -0.4628652130734846 0
8904 12.51941539828811 0.4539942207127444 0
8905 11.96159746070063 -0.4563281548459998 0
8906 4.182185026865612 0.02907140214517056 0
8907 1.698009753334824 0.02839142700910953 0
8908 12.73562740759103 -0.1033975939087584 0
8909 5.486349412513248 0.4622419401502903 0
8910 11.24040517021589 -0.4584959961588908 0
8911 5.750919226179189 -0.4552522631609485 0
8912 12.74519112761256 -0.4592291983361015 0
8913 10.02612186476679 -0.1378528318047165 0
8914 6.148959469207773 0.4593565775130867 0
8915 0.7849898436106818 -0.4600568656550081 0
8916 10.97011060991109 0.4614595624702745 0
8917 11.82180239602997 0.4617541402583399 0
8918 7.606793104339229 -0.3546179740949522 0
8919 10.03639305387357 0.4239644007844009 0
8920 3.2993518401847 -0.3835897060673967 0
8921 8.897532919180557 -0.4576113301302154 0
8922 1.051145836622803 0.03223280957139225 0
8923 5.668082858401701 -0.03219198004162536 0
8924 5.880458844514074 0.4637487723876429 0
8925 9.344973975026367 0.3336029063080111 0
8926 10.73126336897679 -0.1795566341650762 0
8927 2.687143957155504 0.4629894092457137 0
8928 8.999285749797284 0.4615949584283093 0
8929 8.263487043166849 0.02873230157173654 0
8930 9.407064307496519 0.1268270807961643 0
8931 9.471866582399981 -0.3726990380660247 0
8932 11.04325723497431 0.09948356009727423 0
8933 1.504694300688638 -0.4614022211031923 0
8934 11.75247783162786 -0.4635568975172937 0
8935 4.099152084378247 -0.03142099261916657 0
8936 12.34019740564685 0.4600939686248068 0
8937 0.5072745219764054 -0.03187565949667558 0
8938 7.456815315303054 0.4640622165745236 0
8939 7.425004609000742 -0.0301287575371015 0
8940 1.062348262736092 0.4305227351950546 0
8941 1.265227192191662 0.08859079955448405 0
8942 1.909181564709191 -0.4594403479426827 0
8943 8.207861098647523 -0.4230306178532269 0
8944 8.166297436530066 -0.3841914303267397 0
8945 2.090277363799677 -0.4647285301040567 0
8946 0.7191398072274205 -0.4615640495409535 0
8947 6.712148997186517 0.4623490516845803 0
8948 8.223482559603982 0.02861313959578007 0
8949 10.76991933934223 -0.1602560781381437 0
8950 6.532002906826827 0.4612301112246753 0
8951 3.601379389655214 0.4644703996379152 0
8952 10.58666710621995 -0.4625664925189885 0
8953 10.60511579990529 -0.4550064808779262 0
8954 10.62996598927336 -0.452936181001074 0
8955 7.294927161557865 -0.4199904554191663 0
8956 1.32522090957248 -0.1427898720307563 0
8957 3.550809278164305 -0.1774900738587303 0
8958 1.066851270725483 -0.02997493039336061 0
8959 7.556403232581671 0.1800981366266669 0
8960 11.38732734955635 0.4196033795209205 0
8961 11.29673472813416 0.0350289211606229 0
8962 7.58482104416129 0.2923635263218564 0
8963 11.61219185283483 0.3009621018915651 0
8964 11.69104442780688 0.131224909421375 0
8965 10.58126253551569 -0.4373567729816188 0
8966 1.143511690688638 0.4538243560924945 0
8967 1.166538582626862 0.4250600779241561 0
8968 10.84043600379288 -0.456181917943406 0
8969 6.113896695644778 -0.1794420590786983 0
8970 1.956714098777934 0.4634259045086198 0
8971 10.19792524628067 -0.03233227425005684 0
8972 11.19605284184934 -0.4307442555742309 0
8973 1.610073759388553 0.1388144310887811 0
8974 1.210547459298311 -0.1330996687331825 0
8975 0.3780235780285569 -0.03061647503597165 0
8976 8.183532389013164 0.02829084291994017 0
8977 1.698952314882755 0.3930683729141229 0
8978 4.139359270769474 -0.0316120210345476 0
8979 0.6971077836495321 0.421385680213848 0
8980 2.163682277320547 0.379933170487346 0
8981 9.76735920365104 0.1299230286628599 0
8982 5.70867141946657 -0.03190813608987351 0
8983 1.570159557037762 -0.322078747511867 0
8984 0.4942352455117264 0.03117231568004837 0
8985 6.836561489946651 0.341751241818269 0
8986 11.9036518153681 0.02907786189521263 0
8987 13.78332699362413 0.1060323811186096 0
8988 8.591079038248921 -0.3851835080887711 0
8989 13.40848293724883 -0.12439023280112 0
8990 2.565006138220455 0.1659465907035487 0
8991 0.8341380121245109 0.03042838357745872 0
8992 0.06543185757320244 0.1079232373375392 0
8993 9.724214332145149 -0.3866731636108421 0
8994 0.843583170278736 -0.4584287051458842 0
8995 8.955117372782112 -0.462196969486724 0
8996 0.5172130579313338 0.1604109595336612 0
8997 11.51362832465278 -0.1645234610202801 0
8998 2.291297744965824 -0.46100652571677 0
8999 9.262223446935183 0.2784062141834969 0
9000 9.211209430974765 0.339212212082435 0
9001 12.6236712799407 -0.02993739806085408 0
9002 10.56375374086403 -0.03222020511119716 0
9003 0.1206542688416047 0.4606995935341005 0
9004 0.116963630784579 0.4336864645560624 0
9005 1.501316647404939 -0.0308922557689274 0
9006 2.590537488776577 0.133514600522833 0
9007 7.847236125230426 -0.4630903399680151 0
9008 12.58257729201488 0.4301025561925282 0
9009 3.325543086028452 0.03179178670103705 0
9010 2.221215518281322 0.02679533053913157 0
9011 6.336448052030889 -0.203564958367707 0
9012 11.45187962632459 0.03129039472900581 0
9013 12.39836279716509 -0.4621417932322989 0
9014 1.281249409879418 -0.1371836665865899 0
9015 8.143552583739178 0.02809131902200679 0
9016 3.147457929824593 -0.4606431089022347 0
9017 3.127883811222763 0.463156627177897 0
9018 11.55530043972669 0.4611830961691074 0
9019 11.5565331925029 0.4363434437040911 0
9020 1.369026830951517 -0.4576286659624422 0
9021 9.29714517796641 -0.4571661952653833 0
9022 3.728660200679023 -0.3852299936612903 0
9023 2.939812407653239 0.02999898398093687 0
9024 12.61027729699654 0.1468841659301183 0
9025 4.739876900374941 0.03100447888045415 0
9026 2.38611921142905 -0.03503485419067453 0
9027 1.178197438848015 -0.3382144697245327 0
9028 2.84140231395594 -0.06877820416226346 0
9029 6.721954246510055 -0.4642440221312247 0
9030 4.49664266423027 -0.2963160920592333 0
9031 7.636960490268804 -0.1397592167236332 0
9032 11.94138287028902 -0.02524927441626722 0
9033 8.921194326610829 -0.03221678428788517 0
9034 9.184477292978709 -0.02662548809706559 0
9035 11.53692223560859 -0.3749289977440338 0
9036 6.488267755675621 -0.4616741019119642 0
9037 2.344315154727156 -0.4650871874131879 0
9038 5.859684585331017 -0.4587170203180386 0
9039 4.239931070962795 0.4558183287709966 0
9040 4.17299228738122 0.4619136605813927 0
9041 3.394970646066761 0.1673281568920377 0
9042 4.179353046226851 -0.03151166801196802 0
9043 12.06366404193796 0.08596306551761718 0
9044 0.788651563964931 0.4567354690273724 0
9045 12.54344469887679 0.4598793311899222 0
9046 5.2371441726544 -0.4630674476099421 0
9047 10.91579555267079 0.06737201665172761 0
9048 1.86041859419088 -0.4619497361205986 0
9049 12.96667371117485 -0.03117722077510143 0
9050 8.643553027608064 -0.3851119168573702 0
9051 8.103502115807407 0.02796847196832489 0
9052 12.10719422460898 -0.4051623766872374 0
9053 8.383018321207739 -0.4548687071584624 0
9054 0.03684204514927954 0.02128638554007689 0
9055 4.121926620849274 -0.4611091298856866 0
9056 14.45526404893418 -0.2395194596158136 0
9057 4.931184753444526 0.3366532498726049 0
9058 3.57764592295949 0.3833901225623284 0
9059 4.256975596714133 -0.4615205147627284 0
9060 12.5144584943139 -0.4581101257389644 0
9061 5.151220852016772 0.4651785748589214 0
9062 11.16464219884043 -0.429604673810276 0
9063 8.536291998441715 0.4616197435687914 0
9064 2.787648615928958 0.4611666612477839 0
9065 0.2736662860292333 0.1664044586344698 0
9066 6.227529879406328 -0.3425581563403453 0
9067 10.80984211726967 -0.1819958481670128 0
9068 5.687651469456849 0.4612055528075952 0
9069 10.65071260959434 -0.1733880566990593 0
9070 11.42462531608917 -0.4342941523080875 0
9071 4.03477568399862 -0.2865239997764262 0
9072 3.405345419243893 -0.1689297174842032 0
9073 5.092965060050063 0.1796939149559313 0
9074 0.6574047761704087 0.4612689004037407 0
9075 4.333622264347983 0.1649368982712665 0
9076 6.270732243472693 -0.1764675864240897 0
9077 12.57197720787794 -0.3401261770329627 0
9078 10.27939939982489 -0.4618339957163119 0
9079 7.465007181183205 -0.02951571886540522 0
9080 4.587057450713332 -0.3471394344290553 0
9081 6.128462330014671 0.463336452818084 0
9082 6.126667362704859 0.4386456160492125 0
9083 6.843753070098526 0.4604523184718662 0
9084 2.09121975568234 0.4558027924034446 0
9085 10.39802210881446 -0.1088931849565426 0
9086 4.218893055062784 -0.03083246642484976 0
9087 12.02352511753557 0.4617235282569689 0
9088 8.298039542397428 0.3416378488385445 0
9089 12.31776883689412 0.1227630227686373 0
9090 3.655120948852007 -0.3396796633263492 0
9091 13.34596887283983 0.1692741506813842 0
9092 1.236379534300028 0.1118189864809394 0
9093 7.469506684115739 -0.4612046657158042 0
9094 12.01578993562751 -0.4627827670357371 0
9095 8.06339340610392 0.02758309935771804 0
9096 4.447616525856807 0.4641033033642 0
9097 2.208478245021427 0.4617011024133764 0
9098 8.461353929038898 -0.461147497986237 0
9099 9.286951930185195 0.1719685912746714 0
9100 11.77511681941954 -0.456690090438011 0
9101 7.555792221951778 0.4613560753759695 0
9102 4.681581418861375 0.4617307088003704 0
9103 7.068876083214267 0.3444348734895809 0
9104 11.12932072155141 0.4602186108047013 0
9105 7.603441552652789 -0.4565686769936489 0
9106 7.811577572865689 0.1776194100346458 0
9107 4.552022503691257 -0.2976193842644627 0
9108 8.126768706723347 0.4598859522355284 0
9109 12.71630003560351 0.4619941715844588 0
9110 4.141996331035974 0.02744451941834723 0
9111 0.489888737426372 -0.3411741204617198 0
9112 9.749180628941799 0.4661932808668336 0
9113 9.708335901809411 0.4185786422911463 0
9114 7.044266082342851 0.4623404914890755 0
9115 4.660542242984297 -0.4613254167502244 0
9116 0.6284008763624596 0.3846320951702982 0
9117 11.61093598434489 0.1418244146171386 0
9118 3.704851668525506 0.03082065512265986 0
9119 3.632215124807516 0.3873294384128146 0
9120 12.05897116051074 0.4219876871936673 0
9121 11.84348051960458 -0.04484784939599095 0
9122 1.841405108062848 -0.4621365402813776 0
9123 6.060957808065915 -0.1829954108215931 0
9124 8.069883207821629 0.3415889318643904 0
9125 9.421750331792332 -0.02835314363294009 0
9126 10.08647713270125 -0.3398218996613087 0
9127 7.175897525074062 -0.3758206717716915 0
9128 2.816360813063207 -0.1222400288003628 0
9129 0.1055328789098171 0.02357720733702927 0
9130 1.008621510192889 -0.4619728008035753 0
9131 3.187625624213733 -0.4384654107711144 0
9132 9.448736003218212 0.4610482263025755 0
9133 5.804431428716935 0.4590841073636661 0
9134 0.6728297140797092 -0.459731155654394 0
9135 6.337665904522862 0.4627813892283537 0
9136 0.5413689714435542 -0.461082808088738 0
9137 9.117916639814036 0.4628882446155651 0
9138 8.433447189638498 0.3362956035444797 0
9139 10.14662222022108 0.1038383293673437 0
9140 3.266347747560781 -0.1334367389758787 0
9141 4.269226104387018 -0.34223367525398 0
9142 0.5826956969786581 -0.3053724140070424 0
9143 0.3410536516200542 0.4532846692259105 0
9144 6.597613928497116 -0.03124420639499276 0
9145 12.10857735511819 -0.4536722727711213 0
9146 7.354577917963404 0.3407129025892148 0
9147 4.258699209872986 -0.03043376936865397 0
9148 7.598140653406967 -0.1943899508002377 0
9149 6.925888723394991 0.13703713628539 0
9150 7.678158040655489 0.339669764907139 0
9151 9.326375988373156 0.1223080701721876 0
9152 3.479489888827199 -0.4568615427427311 0
9153 3.42521235640266 0.464400590800613 0
9154 6.89032620479638 0.1298978201174569 0
9155 1.611413910539526 -0.4609231583887011 0
9156 11.29623975128128 -0.4644395679495223 0
9157 7.688819397024997 0.4569429001212603 0
9158 5.481577658987705 -0.4623335909546353 0
9159 7.152604492205675 -0.4596925053855799 0
9160 3.34862187308036 0.1604157649763652 0
9161 11.05965839625327 -0.4568116970256088 0
9162 8.204379789554041 0.4627790461665715 0
9163 3.748840981330548 -0.4619917302423118 0
9164 6.148127012138021 -0.3875485983521039 0
9165 1.336851070185503 0.02864198234679198 0
9166 11.58852520611452 0.346161431087415 0
9167 1.745343019316201 -0.4606999194731558 0
9168 9.25548584683963 -0.1462401506354839 0
9169 6.097469300714389 0.4321303004713085 0
9170 3.510032786436875 -0.127316801399496 0
9171 12.80227862662286 -0.4642372542016609 0
9172 5.165946982487954 0.1799377164335983 0
9173 11.94828751370068 0.3267566345458111 0
9174 0.06475019846320113 -0.244240536195214 0
9175 1.795218882509562 -0.4592363941798208 0
9176 3.276498888500136 0.1543287816395292 0
9177 10.66100363848452 -0.02438559883834224 0
9178 3.89903382247401 -0.4607521440225959 0
9179 5.500788882343507 -0.4620215409073535 0
9180 10.94777246756509 0.4589998630577954 0
9181 0.1080101009939293 -0.4589781837317345 0
9182 0.01626820045368422 -0.4837542609279885 0
9183 3.030411202107637 -0.4625905164170306 0
9184 1.660132701739855 -0.4609391079416472 0
9185 9.245201036443175 0.1226381948052599 0
9186 1.101585398827661 0.1062869422451988 0
9187 7.289208067063983 0.4615239100469917 0
9188 10.16567987843973 0.4626414414534668 0
9189 1.970282318317523 -0.07013573074984342 0
9190 12.5426747776845 -0.3910024754032382 0
9191 13.04050582401548 0.1117394920329795 0
9192 7.02377945101905 -0.4583157755747387 0
9193 11.14634606477428 0.02839357007355054 0
9194 7.093046467913741 0.1834613077052945 0
9195 4.313826596951858 -0.4620830040758785 0
9196 11.32873604876168 -0.09788747337917493 0
9197 11.70915919593275 -0.4646839759579236 0
9198 11.71388316537308 -0.4398652400678477 0
9199 3.945645195447784 -0.4619116214024298 0
9200 5.852853736188196 0.4629533049086408 0
9201 1.188779398733202 -0.4593895391602409 0
9202 0.5507427865076372 0.4552583485874816 0
9203 10.70174666631607 0.3184222412576134 0
9204 4.085835544883708 0.3710292450531283 0
9205 0.7887542519761335 -0.03519154847016899 0
9206 2.44201324832048 -0.4597169377433536 0
9207 9.895272459464973 0.4603607888118273 0
9208 6.703321963934116 0.2997806683133717 0
9209 6.694012047317725 0.4622407884852952 0
9210 11.73537109752545 0.4620406396278629 0
9211 2.060278215121946 -0.4283305661374489 0
9212 1.46158158103695 -0.02936875254604122 0
9213 3.847688389678432 -0.335345759377601 0
9214 4.299083638438148 -0.03049324798046535 0
9215 7.385018922188822 0.381884825563147 0
9216 8.975331533616043 -0.4620604295247973 0
9217 12.07689922535828 -0.4583598366449673 0
9218 9.894390181213524 -0.4592661776379146 0
9219 3.107914457948048 0.4620059023758213 0
9220 4.892719086018499 -0.1338275578792041 0
9221 7.152972560047255 -0.1623798415243872 0
9222 9.117033084913507 -0.1710536062193466 0
9223 7.668377453437842 -0.4617277464309664 0
9224 8.700888325756665 -0.02727320643696671 0
9225 4.929394572119771 -0.140973339155483 0
9226 9.724110157567967 0.4564220655631747 0
9227 1.270761865951634 0.458796414084957 0
9228 1.806003106873521 0.4584575075820037 0
9229 5.772684479974707 -0.4585571330572071 0
9230 12.00382279610516 0.4622473998119844 0
9231 12.38801284760245 0.462203630680012 0
9232 8.023092017109189 0.02732033325372123 0
9233 0.9481620137466171 0.02619060778186266 0
9234 4.261890418512248 0.4354056840316123 0
9235 0.2379094563741449 0.1466721339302037 0
9236 4.980507695863388 0.1738967283120178 0
9237 10.99116885470688 -0.4633158078575627 0
9238 10.99571591547311 -0.4368613041875001 0
9239 12.3285747524433 0.06163087397789135 0
9240 6.649550487213586 0.4599171825208328 0
9241 1.018883258792408 0.4616598534147831 0
9242 2.969724649772579 -0.4629049675498955 0
9243 12.84775499409968 -0.4272215615170765 0
9244 6.526360093302864 0.3439036060282628 0
9245 1.854544973930924 0.4605742462694585 0
9246 10.12766826844449 -0.3808207187037884 0
9247 10.22615144112945 0.4629064245020963 0
9248 7.103499807646737 -0.4623243308614273 0
9249 8.873176639990355 0.4256616189897302 0
9250 11.01665229273484 0.4603036501499023 0
9251 13.28574562616243 0.1690530935687751 0
9252 0.6380087146290629 0.4614990196390905 0
9253 12.85976532012137 -0.3311634424023334 0
9254 7.240885907013081 -0.4607823876214305 0
9255 7.2608116259515 -0.4614846900897316 0
9256 4.08456574504828 -0.3499091127182302 0
9257 5.464837178951203 0.4556675050288257 0
9258 13.60397320083086 0.1087685300676232 0
9259 8.264551052909336 0.4627646231755527 0
9260 5.667615655577459 0.4616060401699091 0
9261 0.4476109240531512 0.4851934951728675 0
9262 12.69611629492081 -0.460785766623164 0
9263 10.78801190319157 0.4616183267550328 0
9264 10.76863088566537 0.4623283101249863 0
9265 13.02824533475757 0.01522157234581255 0
9266 1.950744001970223 0.1556646555432643 0
9267 11.4430924831205 0.4608125566613021 0
9268 11.4231314108881 0.461429317142489 0
9269 13.25969108143666 0.2093677001577182 0
9270 8.156019763682568 -0.4632037863891505 0
9271 8.174730475504585 -0.4629609929421 0
9272 7.824707048022529 0.4528238262131214 0
9273 4.930467420742699 -0.4618326060246196 0
9274 8.060837515631309 -0.4552634690814221 0
9275 12.28348767240949 0.4642476802157137 0
9276 11.50826469636802 0.2993808209417345 0
9277 6.440712332523525 -0.4624584107641431 0
9278 8.334037981526498 -0.4599917158406217 0
9279 13.00234044164253 -0.03406895718097496 0
9280 9.248013469247841 -0.4604360276338683 0
9281 7.052082209812747 0.1330073664442367 0
9282 0.9480377558579087 -0.4627149755120076 0
9283 4.292121906794776 0.1603255701369245 0
9284 9.177454129274288 0.4627088406537618 0
9285 6.440947929840618 0.4613186892699325 0
9286 9.317715054858493 0.4612714249268962 0
9287 10.2276232702326 -0.4594322821973614 0
9288 6.260223068003646 -0.4615108894496788 0
9289 6.280230128093621 -0.4619022123795256 0
9290 1.462126939074103 0.4606678404659502 0
9291 8.583716740475884 0.4614064629989301 0
9292 2.834803518922835 0.4613137114096677 0
9293 11.26567621779974 0.4551681232640105 0
9294 4.792681410157878 -0.4610731756240698 0
9295 7.422508798643142 -0.4603851950910892 0
9296 2.65228877423136 -0.4612634086931257 0
9297 10.54322723412697 0.4612320063330472 0
9298 8.103676622075216 -0.02717734402314401 0
9299 7.505059313110291 -0.02873658682174241 0
9300 4.612667531554347 -0.4612703715715973 0
9301 7.603517473039215 0.4618246737746582 0
9302 4.729187116473119 0.4617913711495108 0
9303 12.45575299760238 0.4603574779398956 0
9304 5.750703556932898 -0.03108771435869876 0
9305 12.76422627920529 0.4613268623629199 0
9306 11.06371556684291 0.4625111662938015 0
9307 1.375125633328261 0.4636677466787804 0
9308 1.357281469216626 0.4644476861101434 0
9309 6.169301863870286 -0.1318602158867416 0
9310 11.91017991271266 -0.455361473432415 0
9311 0.6279531700765437 -0.461213943237742 0
9312 2.003307495215388 -0.4614324100645419 0
9313 3.565083953292617 -0.4621810724826715 0
9314 4.5473650209214 0.4613114353597433 0
9315 11.45633953465376 0.1539850852237904 0
9316 9.496924990864752 0.460259723363148 0
9317 3.748527408332325 0.4601935878281176 0
9318 5.042270986142468 0.340464006739978 0
9319 1.524467153903771 -0.4617772103705696 0
9320 3.934759991407623 -0.2851070047263407 0
9321 0.8813559221446112 0.1101468738755038 0
9322 4.022198433329085 -0.4585689460760194 0
9323 4.339674863257123 -0.03087808947679818 0
9324 3.699634783525925 -0.4606867514645814 0
9325 9.577680127505902 -0.4523971806147888 0
9326 4.017049588924365 0.4610598801398059 0
9327 12.11213200871473 0.4608699034933623 0
9328 6.297882255777706 -0.212341398789461 0
9329 3.88246585927537 0.4624430646754797 0
9330 6.758911067435107 0.4618016375473671 0
9331 1.143004845583957 -0.4627475499150006 0
9332 1.028641127488462 -0.02844897213008354 0
9333 0.4964358930562448 0.456696103570865 0
9334 6.639331944074937 -0.03091651627025374 0
9335 12.692242441272 0.1412516543127302 0
9336 11.08254774653345 0.4622628786233715 0
9337 7.123008761154442 0.285833154841627 0
9338 2.911638692689792 0.4563941098648061 0
9339 8.404421602748222 0.4611954733479317 0
9340 6.6223762819299 -0.46165201476002 0
9341 12.54671751238353 0.4273479284439763 0
9342 4.479079851349836 -0.4622785215167007 0
9343 1.265035348708628 0.0237894814862477 0
9344 5.204168305053022 0.1869096422695344 0
9345 0.1977955701839105 0.2079574085392715 0
9346 8.518808263900242 -0.4595346784268851 0
9347 3.505595474643656 0.4607718788579492 0
9348 12.89741673905552 0.4610198005104651 0
9349 10.00311697576951 0.4636747746722276 0
9350 9.984322989144552 0.4626845172754686 0
9351 2.785978448288515 -0.4591888206595416 0
9352 3.807534563934351 -0.4611328207896466 0
9353 12.27702387703595 -0.3303246435371159 0
9354 4.861702322293706 0.461228947552827 0
9355 1.292451871833957 0.06540579983216355 0
9356 5.70724507153531 -0.45452835542391 0
9357 12.61776934338364 -0.3414946745064264 0
9358 13.65426036098025 -0.1788405356776012 0
9359 11.48130987739246 0.03480720392079273 0
9360 0.1618957720727745 -0.4596338742445882 0
9361 10.41038718093412 0.4599961271748184 0
9362 3.199132378230745 -0.484542892882547 0
9363 9.84501053751961 -0.4609516987501497 0
9364 11.12613858338374 -0.4610920237235636 0
9365 11.85222042786708 -0.08061568735921468 0
9366 12.45622912214664 -0.4596406678621326 0
9367 7.316234879223722 -0.156094987161977 0
9368 2.108723226500575 -0.4629049814012111 0
9369 1.366525914261512 -0.1456002553340694 0
9370 0.7383614992446927 -0.4620218452454603 0
9371 9.366573496428583 -0.4546130393751011 0
9372 8.349300472304327 0.2818096814029155 0
9373 7.906469552516086 0.1754669920415077 0
9374 12.92598548260835 -0.03041967183096562 0
9375 0.2918033526062433 -0.4617944495871915 0
9376 4.071607538148621 0.4243015306614398 0
9377 7.149935168006596 0.461695742344743 0
9378 1.224893474717819 0.4586848688607894 0
9379 1.231328198541528 0.4330724426275779 0
9380 8.979545829438626 0.4614475553630917 0
9381 4.699823821111885 0.02948435135760861 0
9382 8.507838702060534 -0.179666798400962 0
9383 5.117341831782793 -0.4562328785900269 0
9384 7.133568478566772 0.1341845130336432 0
9385 11.94244838203107 0.02644587491861153 0
9386 4.806128969848339 0.4555919062083117 0
9387 2.462040371149349 0.02586420795362553 0
9388 5.841213176530572 -0.1914023757081091 0
9389 4.450161037005229 -0.1446121582907238 0
9390 5.911397294476453 -0.4618399884732527 0
9391 0.3479130368971839 0.02545528159118685 0
9392 1.535659384412208 -0.3710014907772871 0
9393 11.90209154897374 0.3339720129362543 0
9394 4.535792484824312 -0.4555950115435048 0
9395 12.84115887517789 0.4556186745788716 0
9396 4.379734597847876 -0.03089277064603345 0
9397 7.927808063230044 0.3386228680934941 0
9398 6.073000992448867 -0.4644435426014329 0
9399 2.431911460018957 -0.3228681397631407 0
9400 1.940091625899147 0.02673867755436157 0
9401 4.118673447895372 -0.4354878858400905 0
9402 3.979856953286583 -0.3451497374784144 0
9403 0.4469942154838666 0.3160578095013279 0
9404 1.054542557722078 -0.3916662196573625 0
9405 11.05916702266424 -0.09574399443005896 0
9406 1.528262614161634 -0.1526567778441989 0
9407 4.220766555642723 0.1565512899031763 0
9408 12.3413050232788 -0.02443775102536784 0
9409 4.221365414438899 -0.3395741118724662 0
9410 9.99138416864891 -0.197901407776842 0
9411 12.26089699948592 0.1275430888044826 0
9412 5.348399238372314 0.09778456239914626 0
9413 1.943311775879177 0.4429213990290915 0
9414 3.284004336661228 0.02915127887595168 0
9415 11.15543850907681 0.456379565039596 0
9416 10.20628841933207 -0.1651023736402338 0
9417 6.17414825625469 -0.3434491506276989 0
9418 10.49561228609097 -0.02707214010134061 0
9419 3.82552746637783 0.4557183245175556 0
9420 7.98286517531362 0.02666043940430914 0
9421 13.25961882020925 0.3789731706498662 0
9422 9.491647800669824 0.1673279054147502 0
9423 0.07658651978978454 0.2696935702476166 0
9424 12.90297968262981 0.3312650711548014 0
9425 3.447559687933472 0.1734720144889568 0
9426 3.225959783054004 -0.136091086035664 0
9427 10.86829158134205 0.2666407412362965 0
9428 5.357390094723163 -0.3468647947056476 0
9429 2.900586615085717 0.02705924039609563 0
9430 12.03017560419191 0.3804467990922071 0
9431 1.430944624491348 0.1653145677343076 0
9432 10.34042012659082 -0.4539071088043753 0
9433 5.433698784901654 -0.4615984671746451 0
9434 7.992392716874617 0.4569891327896823 0
9435 3.622032024872381 -0.455738971353627 0
9436 11.74786946974266 -0.4395365238710749 0
9437 3.555620878694139 0.1753552372700267 0
9438 0.06709435339721714 -0.02344425156169649 0
9439 7.457023369842361 0.3385599320936764 0
9440 2.18536088751288 -0.1635212331048478 0
9441 8.928655185623235 0.4283237039140066 0
9442 12.2417233917729 -0.07893907717069379 0
9443 7.880645750827393 -0.3893823701614305 0
9444 0.4344709463641264 -0.02613853658301428 0
9445 4.419666334859009 -0.03070211790373217 0
9446 5.017283036252747 0.1689327266623547 0
9447 7.477217871085848 -0.1518090077135243 0
9448 1.938924215756517 0.4651796722635673 0
9449 15.56773717910953 0.1216699396258518 0
9450 5.797661762441821 -0.02980669686195309 0
9451 12.5909413833832 -0.02748129318786595 0
9452 6.965169674731488 -0.3750564678449636 0
9453 12.65695614889069 0.4607091100081777 0
9454 1.727975151537016 0.4567232904744049 0
9455 9.520205327660834 0.1317794622247833 0
9456 8.843939234959651 -0.4361164199551902 0
9457 5.5316210221857 0.4600866346115133 0
9458 0.8260636509145873 0.4282422355902276 0
9459 4.394743295717233 -0.2855040267190343 0
9460 12.37350470182571 0.1412185443239219 0
9461 6.882046612252229 0.3363725144419015 0
9462 7.865899989586985 -0.4626923523713999 0
9463 7.662331962611484 0.02473266962605129 0
9464 4.993113305409641 -0.3485514242520993 0
9465 5.256403072153169 -0.4624078350739283 0
9466 4.217899768775406 0.4598762524008378 0
9467 4.152707605703148 0.4618235030166049 0
9468 13.34001680597833 -0.3652831839741123 0
9469 2.214332936691126 -0.4850858032398685 0
9470 3.666294814055397 0.02889464866952454 0
9471 5.133508846270542 0.4633429992039332 0
9472 8.45079960435427 -0.02857899422196498 0
9473 2.708267979602546 -0.4558750082283234 0
9474 0.4525144280014713 -0.4308970335599569 0
9475 5.024216003210066 0.460705100427602 0
9476 11.86980448841468 0.4596218268576429 0
9477 0.06243606375917524 -0.3396933229064978 0
9478 0.03812506888808009 -0.1030497428159966 0
9479 14.66234570169769 0.2424127318879599 0
9480 10.90483935314203 -0.4255342594109482 0
9481 9.397147488756399 -0.4385180185247715 0
9482 1.2681699248106 -0.3870360408981323 0
9483 7.413034610569125 -0.1488087501367425 0
9484 6.507283163416634 0.4561909601700894 0
9485 9.696950315158775 -0.02469821302144671 0
9486 12.56859209029151 -0.4582006001305503 0
9487 4.45982716237314 -0.03077797538312323 0
9488 1.648719075256761 0.194382029589708 0
9489 8.844356857432716 -0.4626268089985898 0
9490 8.717900610405669 -0.4610348626976601 0
9491 7.545095909011068 -0.0274410503616674 0
9492 8.645035648179126 -0.4588717520487534 0
9493 1.146763863060671 0.02416944779427332 0
9494 10.48747835668984 0.4559577046317971 0
9495 8.011185347694889 0.4323080667516916 0
9496 9.825748479788199 -0.4627041360350059 0
9497 9.627563901564487 -0.4615160848428441 0
9498 8.493201122575742 -0.08529922960212638 0
9499 0.9200608801837734 -0.0718593568853131 0
9500 6.052339229106133 -0.3914262500838822 0
9501 7.74272230297484 0.02362089251147148 0
9502 3.173527364114291 0.4622328182729412 0
9503 4.50134202184028 0.16861779361353 0
9504 11.77813287141905 0.4352884491301358 0
9505 9.011137300807356 -0.1816983217184063 0
9506 5.185274917903037 -0.4537904784821584 0
9507 7.554420941410228 -0.143366256446568 0
9508 7.190138455007621 0.3373846883284313 0
9509 8.143496277253856 -0.02417282612635635 0
9510 0.6612443974588122 0.1591571986861725 0
9511 12.71338237545366 -0.1302958099613133 0
9512 4.342461517965051 -0.4624843642098852 0
9513 0.0373640647557875 -0.2826086956515705 0
9514 10.18264354542277 -0.4281224596245242 0
9515 3.166437386145162 -0.347897851068817 0
9516 0.7324140054962688 0.4270225975872899 0
9517 2.992541801358655 0.3970512069989163 0
9518 3.301584434099473 -0.4598843431263966 0
9519 1.422335911317101 -0.02620278831977312 0
9520 5.838973841798396 -0.02817107560824542 0
9521 6.097598663805076 -0.3879849409752361 0
9522 7.622003312190843 0.02504676888140312 0
9523 9.846455506240694 -0.352515497695682 0
9524 10.34107225610231 -0.02451441865485228 0
9525 6.247820039516732 -0.3853930209278932 0
9526 4.102189629984331 0.02470219756538795 0
9527 2.718867202431238 0.3741112793340009 0
9528 3.264432049914894 0.3764800594006644 0
9529 8.984228224401356 -0.3498454240978689 0
9530 6.172002327420278 0.4621406680119513 0
9531 11.55498468011695 -0.4247817611540767 0
9532 13.32615038597513 -0.02271579992645388 0
9533 8.962851818451636 -0.030095171432473 0
9534 13.18825566441847 -0.1012669670465864 0
9535 4.499776695973638 -0.03083093524181409 0
9536 2.253809869437414 0.4534090255411579 0
9537 11.40996564128603 0.3665928125295008 0
9538 4.646015392871186 -0.1465295781574535 0
9539 12.9390292734723 0.02433768417125873 0
9540 7.735718430250063 0.2836374748384259 0
9541 8.90285381000562 0.381055542969455 0
9542 7.786226868344226 -0.1688448043320991 0
9543 0.3150196292327803 0.3884601567286344 0
9544 7.70262209775102 0.02430257122052831 0
9545 11.50006389248073 -0.02406425049777628 0
9546 0.095686744192433 -0.1689645546116276 0
9547 7.256319699635561 0.1341486814169022 0
9548 7.000104270038935 0.4618738793241144 0
9549 6.980429001249018 0.4619921576468568 0
9550 2.172443713965488 -0.02902668318241779 0
9551 10.5697689533086 0.3844514910689366 0
9552 7.083749181070226 -0.4621474596280342 0
9553 1.748675847784675 0.338559410135252 0
9554 1.789162370026754 0.3691593948594907 0
9555 9.442308752766518 0.1209315324707533 0
9556 12.89925218699453 0.02437941350304072 0
9557 12.97588789608975 0.02413354530845949 0
9558 11.69335886193288 0.3422506977471894 0
9559 7.482602157026776 0.3813863547122456 0
9560 10.89612817881319 0.1171340425367646 0
9561 5.335687901568255 0.06435275110477931 0
9562 11.06042758777241 -0.1616344767918348 0
9563 0.5096282629588602 -0.2989746176481825 0
9564 9.981295294112448 -0.02225806360069372 0
9565 7.41802464911836 0.1462792739443931 0
9566 7.581729978850356 0.02521400268636855 0
9567 1.19854312758619 0.1538988528970873 0
9568 6.137021102453081 0.2951734507417824 0
9569 12.85929134180953 0.02440738786339734 0
9570 10.43775787392196 -0.1549309205202768 0
9571 0.4915658038615885 -0.4619105321794867 0
9572 12.10071806102094 -0.02284712823387714 0
9573 3.063783841148369 -0.1319664013994809 0
9574 4.729196126142417 -0.3453315357235296 0
9575 6.680016408172924 -0.02972986306915625 0
9576 5.064842942535735 -0.4586231561440141 0
9577 9.954284751125263 -0.1640311289397335 0
9578 9.282850550034611 -0.357775333615924 0
9579 12.88578773826238 -0.02928509199031102 0
9580 4.471998894741139 0.3818800913521818 0
9581 4.539530140655551 -0.03064963031933796 0
9582 4.357661325284141 0.4843973374079753 0
9583 1.061609819991291 0.1500740052462582 0
9584 9.630203456322768 0.4589666862773009 0
9585 9.608384514241834 0.1290556128858321 0
9586 9.975045447635791 -0.3667824620390678 0
9587 5.299573564498666 0.02582617095807231 0
9588 12.81930794075471 0.02469614622859076 0
9589 8.714336098363018 0.4616366491068937 0
9590 0.03929398398279706 -0.2598609869552707 0
9591 8.66972487603387 -0.4619987001040211 0
9592 8.659611741272242 0.4576438726591103 0
9593 6.695385185799781 -0.3810935106328058 0
9594 11.50497644098948 0.3912170226084374 0
9595 9.946445053345588 -0.4851305852169054 0
9596 11.52962252152931 0.1912940278549866 0
9597 9.771509888090153 -0.381801767614255 0
9598 7.593472315682878 0.1787200559275305 0
9599 7.332549742762451 0.1428278232506434 0
9600 0.893100484792833 0.175387327995901 0
9601 10.80395077771811 -0.4274657183112419 0
9602 1.39196167572772 0.02671872871992905 0
9603 2.131697375046974 -0.1195995225184275 0
9604 13.40760775262858 0.1671699719583319 0
9605 10.13973532599433 -0.02247357461429117 0
9606 12.77923326863386 0.02508128039738827 0
9607 15.07099013587519 -0.2097254416653868 0
9608 4.660372301618628 0.02651781554283159 0
9609 12.71629913685265 0.2882278548616136 0
9610 0.995742564841721 -0.02639071938816915 0
9611 2.184640755790165 0.02189613837785221 0
9612 3.632173655014916 0.0258256656166775 0
9613 5.931823499264461 -0.3927352644141907 0
9614 11.99049439617298 0.390476905848881 0
9615 7.271079139643425 0.3822573528707695 0
9616 10.61448522842283 -0.1868055480835192 0
9617 7.858512434532834 0.1329857677265689 0
9618 7.393768081974923 -0.3645612820729309 0
9619 3.719475694458326 0.1850777005855232 0
9620 1.945780888084598 0.06065961382770759 0
9621 11.66477261911522 0.2990057595226445 0
9622 4.578868656785897 -0.02999983032913827 0
9623 4.609449748478474 -0.1478437641275738 0
9624 11.28774984712642 -0.1400290401016066 0
9625 0.3762371566494969 -0.1378296540217892 0
9626 3.326848503221333 -0.1282481246042164 0
9627 4.395744198425691 0.1655809849002366 0
9628 5.82260545423447 0.1653182484202177 0
9629 4.662149853025084 0.1893148496481616 0
9630 10.98185270163 -0.02208240286332491 0
9631 7.350956393960824 -0.1550702871302796 0
9632 1.246271031928729 -0.1278904773286258 0
9633 4.683207073102651 -0.3330731739168162 0
9634 3.24278602346763 0.02842750817894164 0
9635 2.515072622385683 -0.141957293602 0
9636 4.257277435806979 0.1515677460080893 0
9637 2.143067085861543 -0.3130818870213705 0
9638 9.221621262167119 -0.02169834190538212 0
9639 0.03684693987290154 -0.3448969468349317 0
9640 7.987972696120643 -0.3284787206838588 0
9641 9.709110667908721 0.1635440636536316 0
9642 11.57453020863434 0.1381242167874561 0
9643 11.02527312244608 -0.434167929616661 0
9644 11.65773417913828 0.4567368079847121 0
9645 5.728820167650444 -0.434092023913762 0
9646 5.102078269738989 -0.3459191883064542 0
9647 8.756134632991706 0.4318277792214358 0
9648 11.97744844546061 0.02312956720984907 0
9649 12.97371364082005 0.4067499583204948 0
9650 4.776403823165 -0.1365557751849088 0
9651 4.888171592494503 -0.3411792067573468 0
9652 5.891226459481469 -0.1835418742435145 0
9653 4.728614975474571 -0.183010437393418 0
9654 9.456673001921239 -0.02432548922386905 0
9655 9.573421078674214 0.4568525213631155 0
9656 7.943139436888767 0.02532035711845092 0
9657 9.963452688769229 -0.4530693282023093 0
9658 8.874346998436812 -0.4329829149637374 0
9659 11.0899483248699 -0.0284091212984709 0
9660 0.04553140450227243 0.04605522940795891 0
9661 10.77199645504006 -0.395440112728344 0
9662 3.600955064098852 0.1819519119648517 0
9663 1.675023422973938 0.1637929639148786 0
9664 7.783251443171737 0.1422368036984587 0
9665 7.541498853783398 0.02488626292105394 0
9666 12.22536586619896 0.129035995017764 0
9667 6.721467102585004 -0.02935464285690278 0
9668 6.025366264498925 0.4243957413297919 0
9669 9.665423182053633 -0.4324427669867627 0
9670 6.558623080200303 -0.3931497519179394 0
9671 11.72009841986532 0.3866217533698367 0
9672 3.680966185005238 -0.3846863106218881 0
9673 2.870618186420745 -0.1420038140104418 0
9674 4.61674857943207 -0.02873173039514055 0
9675 9.515047371933328 0.3837347341112467 0
9676 0.4450130220494299 -0.338524549433728 0
9677 13.07300489041388 -0.07077683628670224 0
9678 1.655861942661919 0.06475043079715531 0
9679 4.880763967253047 0.3949524593518278 0
9680 7.742175937034757 0.1435839628587381 0
9681 0.0136936479944924 -0.01560674708615899 0
9682 0.01299438763918565 -0.03226251938722315 0
9683 7.584805594071891 -0.0246275260614635 0
9684 0.8156217209508938 -0.1356782259722584 0
9685 9.968811986485427 0.1365840039220972 0
9686 3.860332904244081 0.1678347501920273 0
9687 0.5924259165415005 -0.3447118242799738 0
9688 16.81215561790461 0.3253560137044105 0
9689 16.81215561790537 -0.3253560137057061 0
9690 9.726213008355195 0.1322732068789471 0
9691 1.321359586857005 -0.4591325978140628 0
9692 10.90592292568387 0.335574920306669 0
9693 11.12273246893966 -0.1610924859447839 0
9694 8.736540951579761 -0.0242207127612201 0
9695 11.0866182703591 -0.1021623187742015 0
9696 12.7389464156125 0.02536356133791877 0
9697 4.063834413740434 0.02124083686888391 0
9698 7.780286462790822 0.02292095522971924 0
9699 7.291145889260982 0.1392921085694396 0
9700 4.838033177346022 -0.3390704171934469 0
9701 5.98045889105728 0.1654797034295636 0
9702 2.367554049097959 -0.07100232468342073 0
9703 8.501352745357423 0.1546043595604835 0
9704 6.671898476134587 0.3412975189070639 0
9705 9.085023429225375 0.1196257939178536 0
9706 4.314735610076889 0.4855767595731009 0
9707 5.259299209631349 0.02570344968577142 0
9708 8.180526571186089 -0.02162681686082801 0
9709 5.9247517272263 0.3465218047134201 0
9710 4.940103240581285 -0.3440962230898542 0
9711 8.930668802368514 0.3361720960409762 0
9712 1.499898724374386 0.3897130836886094 0
9713 12.09742279266517 0.02354740815830557 0
9714 5.875291077726866 0.2939404497310573 0
9715 12.69866425990245 0.02542196630132454 0
9716 4.648182962509584 -0.02661386616857953 0
9717 0.08643638173536379 0.4320206235243373 0
9718 8.451908980707284 -0.3567085090361751 0
9719 5.93004507967417 -0.4652821866566241 0
9720 1.992262251083404 0.02551902592215266 0
9721 5.14647324789405 -0.3419730000873807 0
9722 2.20877535682301 0.4392418086590517 0
9723 2.236521235498706 0.4333943231827027 0
9724 1.386107694954973 -0.02154578081355706 0
9725 12.34314419285657 -0.4644486345340686 0
9726 4.707956578603059 -0.1481983274588096 0
9727 2.767164622717173 -0.1428887633895158 0
9728 11.09430154271001 -0.3218076051402129 0
9729 8.817034253234681 -0.1649331655042412 0
9730 3.024280475299937 -0.02095835646788474 0
9731 12.86310631641351 0.1442581796988734 0
9732 6.628520770634349 0.3371134264926792 0
9733 1.493041836787421 -0.3881389660447783 0
9734 11.50012274994142 0.1531714019133656 0
9735 3.255510324944092 0.4252607386320162 0
9736 0.03789114232227504 -0.4128253041879699 0
9737 9.61838244127733 -0.05874256489356046 0
9738 2.012446091391891 0.1586802289188658 0
9739 9.914865960049148 0.1367105867164238 0
9740 6.99130161235604 -0.1788835234591559 0
9741 4.636961860297718 -0.341535034422257 0
9742 11.29201869458029 0.1711951261182523 0
9743 1.990353480664832 -0.1010076618604559 0
9744 6.005684173786914 -0.1360290923964617 0
9745 1.504932411425707 0.02080929669740583 0
9746 9.585120227419237 -0.02387496191853276 0
9747 12.65818351729428 0.0238050475782456 0
9748 5.488710201791991 0.3509543913221631 0
9749 2.865212367098637 0.02132377248166303 0
9750 6.829672225695059 -0.1836795917814597 0
9751 0.8214737490035414 -0.4287944831911832 0
9752 1.793826977484255 0.02751503602490485 0
9753 7.779974214818887 -0.4655432547292186 0
9754 7.797850385568317 -0.464847143633622 0
9755 2.468710660318667 -0.3888748710114115 0
9756 6.292047082097302 -0.386235720868759 0
9757 10.75480515970079 -0.4858024282847516 0
9758 8.540247265784785 -0.3864668657510985 0
9759 8.368604277260197 -0.4224963542784826 0
9760 2.424537818507241 0.02065433129569243 0
9761 5.640465631911865 -0.1525177789621755 0
9762 12.80841451838986 0.1464409761658196 0
9763 5.587349466462882 0.4615774491933439 0
9764 3.712952441601621 0.340260016214025 0
9765 11.92550131864254 0.4597118072090944 0
9766 8.145743485235855 0.1533451754172144 0
9767 5.329748788389902 -0.4266091951808391 0
9768 7.501276925033385 0.02323316795617717 0
9769 2.580080169655599 0.1996092462149069 0
9770 0.1972748378639052 0.2485415904487885 0
9771 0.7452583794883463 0.02052152501316283 0
9772 2.994114680990271 -0.02485744679328263 0
9773 8.967918653422773 -0.1871263735036257 0
9774 3.313543195431343 0.1503400742844086 0
9775 7.464101928668009 0.02099147289561215 0
9776 3.249898078110598 -0.3217376717685134 0
9777 7.905408287637417 0.02314837060317645 0
9778 0.3463403119310313 -0.02209950064906752 0
9779 5.908896585875968 0.4647498782421133 0
9780 5.782160342404479 -0.1910768447446916 0
9781 9.64584127134685 0.1251716890843416 0
9782 4.624477553804848 0.02093984385141451 0
9783 4.037904904013719 0.3531926645836732 0
9784 1.954360326546375 0.09560314509475266 0
9785 5.413129869332899 0.4689527128162225 0
9786 6.879443901103463 0.4283876923569779 0
9787 9.686810133373903 0.3118022435172051 0
9788 12.52971094585151 -0.05816722474712607 0
9789 7.433859097723426 0.1790229836964412 0
9790 11.74103857092427 -0.02092700874177612 0
9791 5.376156200419647 0.42767192918962 0
9792 5.539708881013207 -0.1629100293236377 0
9793 7.420050371239741 0.02113698711532479 0
9794 8.785654829759434 0.4135644273978165 0
9795 9.662785549533989 -0.1929249736581662 0
9796 2.227099216039869 0.1892502887624183 0
9797 9.803112439889746 0.1285826215537884 0
9798 5.267441590650211 0.2029041492300081 0
9799 11.0825684779774 -0.4483649205692014 0
9800 5.224249071204529 0.0212493894166278 0
9801 9.057908764861816 -0.1315941023089783 0
9802 12.62016298402735 0.02012880429152224 0
9803 0.01570034165721336 0.0155941571678932 0
9804 1.0223409915751 0.02355452708943417 0
9805 7.271538888706276 -0.3714221889321058 0
9806 10.23788317957915 -0.06776431768775441 0
9807 9.916000486489363 -0.1720544022845734 0
9808 10.9268856809624 0.4371627333083632 0
9809 1.68996052187123 -0.162749003596284 0
9810 3.138152394766803 0.3448789709192226 0
9811 3.686587426808199 0.4122312845672891 0
9812 11.50534788239079 0.02573662688211641 0
9813 1.891683679365866 -0.1072162200928989 0
9814 7.622307510706041 -0.02001488848594764 0
9815 10.86091785741736 -0.02000204775066268 0
9816 2.167181119885427 0.1822966480300053 0
$EndNodes
$Elements
19630
1 1 2 4 1 1 9
2 1 2 4 1 9 10
3 1 2 4 1 10 11
4 1 2 4 1 11 12
5 1 2 4 1 12 13
6 1 2 4 1 13 14
7 1 2 4 1 14 15
8 1 2 4 1 15 16
9 1 2 4 1 16 17
10 1 2 4 1 17 18
11 1 2 4 1 18 19
12 1 2 4 1 19 20
13 1 2 4 1 20 21
14 1 2 4 1 21 22
15 1 2 4 1 22 23
16 1 2 4 1 23 24
17 1 2 4 1 24 25
18 1 2 4 1 25 26
19 1 2 4 1 26 27
20 1 2 4 1 27 28
21 1 2 4 1 28 29
22 1 2 4 1 29 30
23 1 2 4 1 30 31
24 1 2 4 1 31 32
25 1 2 4 1 32 33
26 1 2 4 1 33 34
27 1 2 4 1 34 35
28 1 2 4 1 35 36
29 1 2 4 1 36 37
30 1 2 4 1 37 38
31 1 2 4 1 38 39
32 1 2 4 1 39 40
33 1 2 4 1 40 41
34 1 2 4 1 41 42
35 1 2 4 1 42 43
36 1 2 4 1 43 44
37 1 2 4 1 44 45
38 1 2 4 1 45 46
39 1 2 4 1 46 47
40 1 2 4 1 47 48
41 1 2 4 1 48 49
42 1 2 4 1 49 50
43 1 2 4 1 50 51
44 1 2 4 1 51 52
45 1 2 4 1 52 53
46 1 2 4 1 53 54
47 1 2 4 1 54 55
48 1 2 4 1 55 56
49 1 2 4 1 56 57
50 1 2 4 1 57 58
51 1 2 4 1 58 59
52 1 2 4 1 59 60
53 1 2 4 1 60 61
54 1 2 4 1 61 62
55 1 2 4 1 62 63
56 1 2 4 1 63 64
57 1 2 4 1 64 65
58 1 2 4 1 65 66
59 1 2 4 1 66 67
60 1 2 4 1 67 68
61 1 2 4 1 68 69
62 1 2 4 1 69 70
63 1 2 4 1 70 71
64 1 2 4 1 71 72
65 1 2 4 1 72 73
66 1 2 4 1 73 74
67 1 2 4 1 74 75
68 1 2 4 1 75 76
69 1 2 4 1 76 77
70 1 2 4 1 77 78
71 1 2 4 1 78 79
72 1 2 4 1 79 80
73 1 2 4 1 80 81
74 1 2 4 1 81 82
75 1 2 4 1 82 83
76 1 2 4 1 83 84
77 1 2 4 1 84 85
78 1 2 4 1 85 86
79 1 2 4 1 86 87
80 1 2 4 1 87 88
81 1 2 4 1 88 89
82 1 2 4 1 89 90
83 1 2 4 1 90 91
84 1 2 4 1 91 92
85 1 2 4 1 92 93
86 1 2 4 1 93 94
87 1 2 4 1 94 95
88 1 2 4 1 95 96
89 1 2 4 1 96 97
90 1 2 4 1 97 98
91 1 2 4 1 98 99
92 1 2 4 1 99 100
93 1 2 4 1 100 101
94 1 2 4 1 101 102
95 1 2 4 1 102 103
96 1 2 4 1 103 104
97 1 2 4 1 104 105
98 1 2 4 1 105 106
99 1 2 4 1 106 107
100 1 2 4 1 107 108
101 1 2 4 1 108 109
102 1 2 4 1 109 110
103 1 2 4 1 110 111
104 1 2 4 1 111 112
105 1 2 4 1 112 113
106 1 2 4 1 113 114
107 1 2 4 1 114 115
108 1 2 4 1 115 116
109 1 2 4 1 116 117
110 1 2 4 1 117 118
111 1 2 4 1 118 119
112 1 2 4 1 119 120
113 1 2 4 1 120 121
114 1 2 4 1 121 122
115 1 2 4 1 122 123
116 1 2 4 1 123 124
117 1 2 4 1 124 125
118 1 2 4 1 125 126
119 1 2 4 1 126 127
120 1 2 4 1 127 128
121 1 2 4 1 128 129
122 1 2 4 1 129 130
123 1 2 4 1 130 131
124 1 2 4 1 131 132
125 1 2 4 1 132 133
126 1 2 4 1 133 134
127 1 2 4 1 134 135
128 1 2 4 1 135 136
129 1 2 4 1 136 137
130 1 2 4 1 137 138
131 1 2 4 1 138 139
132 1 2 4 1 139 140
133 1 2 4 1 140 141
134 1 2 4 1 141 142
135 1 2 4 1 142 143
136 1 2 4 1 143 144
137 1 2 4 1 144 145
138 1 2 4 1 145 146
139 1 2 4 1 146 147
140 1 2 4 1 147 148
141 1 2 4 1 148 149
142 1 2 4 1 149 150
143 1 2 4 1 150 151
144 1 2 4 1 151 152
145 1 2 4 1 152 153
146 1 2 4 1 153 154
147 1 2 4 1 154 155
148 1 2 4 1 155 156
149 1 2 4 1 156 157
150 1 2 4 1 157 158
151 1 2 4 1 158 159
152 1 2 4 1 159 160
153 1 2 4 1 160 161
154 1 2 4 1 161 162
155 1 2 4 1 162 163
156 1 2 4 1 163 164
157 1 2 4 1 164 165
158 1 2 4 1 165 166
159 1 2 4 1 166 167
160 1 2 4 1 167 168
161 1 2 4 1 168 169
162 1 2 4 1 169 170
163 1 2 4 1 170 171
164 1 2 4 1 171 172
165 1 2 4 1 172 173
166 1 2 4 1 173 174
167 1 2 4 1 174 175
168 1 2 4 1 175 176
169 1 2 4 1 176 177
170 1 2 4 1 177 178
171 1 2 4 1 178 179
172 1 2 4 1 179 180
173 1 2 4 1 180 181
174 1 2 4 1 181 182
175 1 2 4 1 182 183
176 1 2 4 1 183 184
177 1 2 4 1 184 185
178 1 2 4 1 185 186
179 1 2 4 1 186 187
180 1 2 4 1 187 188
181 1 2 4 1 188 189
182 1 2 4 1 189 190
183 1 2 4 1 190 191
184 1 2 4 1 191 192
185 1 2 4 1 192 193
186 1 2 4 1 193 194
187 1 2 4 1 194 195
188 1 2 4 1 195 196
189 1 2 4 1 196 197
190 1 2 4 1 197 198
191 1 2 4 1 198 199
192 1 2 4 1 199 200
193 1 2 4 1 200 201
194 1 2 4 1 201 202
195 1 2 4 1 202 203
196 1 2 4 1 203 204
197 1 2 4 1 204 205
198 1 2 4 1 205 206
199 1 2 4 1 206 207
200 1 2 4 1 207 208
201 1 2 4 1 208 209
202 1 2 4 1 209 210
203 1 2 4 1 210 211
204 1 2 4 1 211 212
205 1 2 4 1 212 213
206 1 2 4 1 213 214
207 1 2 4 1 214 215
208 1 2 4 1 215 216
209 1 2 4 1 216 217
210 1 2 4 1 217 218
211 1 2 4 1 218 219
212 1 2 4 1 219 220
213 1 2 4 1 220 221
214 1 2 4 1 221 222
215 1 2 4 1 222 223
216 1 2 4 1 223 224
217 1 2 4 1 224 225
218 1 2 4 1 225 226
219 1 2 4 1 226 227
220 1 2 4 1 227 228
221 1 2 4 1 228 229
222 1 2 4 1 229 230
223 1 2 4 1 230 231
224 1 2 4 1 231 232
225 1 2 4 1 232 233
226 1 2 4 1 233 234
227 1 2 4 1 234 235
228 1 2 4 1 235 236
229 1 2 4 1 236 237
230 1 2 4 1 237 238
231 1 2 4 1 238 239
232 1 2 4 1 239 240
233 1 2 4 1 240 241
234 1 2 4 1 241 242
235 1 2 4 1 242 243
236 1 2 4 1 243 244
237 1 2 4 1 244 245
238 1 2 4 1 245 246
239 1 2 4 1 246 247
240 1 2 4 1 247 248
241 1 2 4 1 248 249
242 1 2 4 1 249 250
243 1 2 4 1 250 251
244 1 2 4 1 251 252
245 1 2 4 1 252 253
246 1 2 4 1 253 254
247 1 2 4 1 254 255
248 1 2 4 1 255 256
249 1 2 4 1 256 257
250 1 2 4 1 257 258
251 1 2 4 1 258 259
252 1 2 4 1 259 260
253 1 2 4 1 260 261
254 1 2 4 1 261 262
255 1 2 4 1 262 263
256 1 2 4 1 263 264
257 1 2 4 1 264 265
258 1 2 4 1 265 266
259 1 2 4 1 266 267
260 1 2 4 1 267 268
261 1 2 4 1 268 269
262 1 2 4 1 269 270
263 1 2 4 1 270 271
264 1 2 4 1 271 272
265 1 2 4 1 272 273
266 1 2 4 1 273 274
267 1 2 4 1 274 275
268 1 2 4 1 275 276
269 1 2 4 1 276 277
270 1 2 4 1 277 278
271 1 2 4 1 278 279
272 1 2 4 1 279 280
273 1 2 4 1 280 281
274 1 2 4 1 281 282
275 1 2 4 1 282 283
276 1 2 4 1 283 284
277 1 2 4 1 284 285
278 1 2 4 1 285 286
279 1 2 4 1 286 287
280 1 2 4 1 287 288
281 1 2 4 1 288 289
282 1 2 4 1 289 290
283 1 2 4 1 290 291
284 1 2 4 1 291 292
285 1 2 4 1 292 293
286 1 2 4 1 293 294
287 1 2 4 1 294 295
288 1 2 4 1 295 296
289 1 2 4 1 296 297
290 1 2 4 1 297 298
291 1 2 4 1 298 299
292 1 2 4 1 299 300
293 1 2 4 1 300 301
294 1 2 4 1 301 302
295 1 2 4 1 302 303
296 1 2 4 1 303 304
297 1 2 4 1 304 305
298 1 2 4 1 305 306
299 1 2 4 1 306 307
300 1 2 4 1 307 308
301 1 2 4 1 308 309
302 1 2 4 1 309 310
303 1 2 4 1 310 311
304 1 2 4 1 311 312
305 1 2 4 1 312 313
306 1 2 4 1 313 314
307 1 2 4 1 314 315
308 1 2 4 1 315 316
309 1 2 4 1 316 317
310 1 2 4 1 317 318
311 1 2 4 1 318 319
312 1 2 4 1 319 320
313 1 2 4 1 320 321
314 1 2 4 1 321 322
315 1 2 4 1 322 323
316 1 2 4 1 323 324
317 1 2 4 1 324 325
318 1 2 4 1 325 326
319 1 2 4 1 326 327
320 1 2 4 1 327 328
321 1 2 4 1 328 329
322 1 2 4 1 329 330
323 1 2 4 1 330 331
324 1 2 4 1 331 332
325 1 2 4 1 332 333
326 1 2 4 1 333 334
327 1 2 4 1 334 335
328 1 2 4 1 335 336
329 1 2 4 1 336 337
330 1 2 4 1 337 338
331 1 2 4 1 338 339
332 1 2 4 1 339 340
333 1 2 4 1 340 341
334 1 2 4 1 341 342
335 1 2 4 1 342 343
336 1 2 4 1 343 344
337 1 2 4 1 344 345
338 1 2 4 1 345 346
339 1 2 4 1 346 347
340 1 2 4 1 347 348
341 1 2 4 1 348 349
342 1 2 4 1 349 350
343 1 2 4 1 350 351
344 1 2 4 1 351 352
345 1 2 4 1 352 353
346 1 2 4 1 353 354
347 1 2 4 1 354 355
348 1 2 4 1 355 356
349 1 2 4 1 356 357
350 1 2 4 1 357 358
351 1 2 4 1 358 359
352 1 2 4 1 359 360
353 1 2 4 1 360 361
354 1 2 4 1 361 362
355 1 2 4 1 362 363
356 1 2 4 1 363 364
357 1 2 4 1 364 365
358 1 2 4 1 365 366
359 1 2 4 1 366 367
360 1 2 4 1 367 368
361 1 2 4 1 368 369
362 1 2 4 1 369 370
363 1 2 4 1 370 371
364 1 2 4 1 371 372
365 1 2 4 1 372 373
366 1 2 4 1 373 374
367 1 2 4 1 374 375
368 1 2 4 1 375 376
369 1 2 4 1 376 377
370 1 2 4 1 377 378
371 1 2 4 1 378 379
372 1 2 4 1 379 380
373 1 2 4 1 380 381
374 1 2 4 1 381 382
375 1 2 4 1 382 383
376 1 2 4 1 383 384
377 1 2 4 1 384 385
378 1 2 4 1 385 386
379 1 2 4 1 386 387
380 1 2 4 1 387 388
381 1 2 4 1 388 389
382 1 2 4 1 389 390
383 1 2 4 1 390 391
384 1 2 4 1 391 392
385 1 2 4 1 392 393
386 1 2 4 1 393 394
387 1 2 4 1 394 395
388 1 2 4 1 395 396
389 1 2 4 1 396 397
390 1 2 4 1 397 398
391 1 2 4 1 398 399
392 1 2 4 1 399 400
393 1 2 4 1 400 401
394 1 2 4 1 401 402
395 1 2 4 1 402 403
396 1 2 4 1 403 404
397 1 2 4 1 404 405
398 1 2 4 1 405 406
399 1 2 4 1 406 407
400 1 2 4 1 407 408
401 1 2 4 1 408 409
402 1 2 4 1 409 410
403 1 2 4 1 410 411
404 1 2 4 1 411 412
405 1 2 4 1 412 413
406 1 2 4 1 413 414
407 1 2 4 1 414 415
408 1 2 4 1 415 416
409 1 2 4 1 416 417
410 1 2 4 1 417 418
411 1 2 4 1 418 419
412 1 2 4 1 419 420
413 1 2 4 1 420 421
414 1 2 4 1 421 422
415 1 2 4 1 422 423
416 1 2 4 1 423 424
417 1 2 4 1 424 425
418 1 2 4 1 425 426
419 1 2 4 1 426 427
420 1 2 4 1 427 428
421 1 2 4 1 428 429
422 1 2 4 1 429 430
423 1 2 4 1 430 431
424 1 2 4 1 431 432
425 1 2 4 1 432 433
426 1 2 4 1 433 434
427 1 2 4 1 434 435
428 1 2 4 1 435 436
429 1 2 4 1 436 437
430 1 2 4 1 437 438
431 1 2 4 1 438 439
432 1 2 4 1 439 440
433 1 2 4 1 440 441
434 1 2 4 1 441 442
435 1 2 4 1 442 443
436 1 2 4 1 443 444
437 1 2 4 1 444 445
438 1 2 4 1 445 446
439 1 2 4 1 446 447
440 1 2 4 1 447 448
441 1 2 4 1 448 449
442 1 2 4 1 449 450
443 1 2 4 1 450 451
444 1 2 4 1 451 452
445 1 2 4 1 452 453
446 1 2 4 1 453 454
447 1 2 4 1 454 455
448 1 2 4 1 455 456
449 1 2 4 1 456 457
450 1 2 4 1 457 458
451 1 2 4 1 458 459
452 1 2 4 1 459 460
453 1 2 4 1 460 461
454 1 2 4 1 461 462
455 1 2 4 1 462 463
456 1 2 4 1 463 464
457 1 2 4 1 464 465
458 1 2 4 1 465 466
459 1 2 4 1 466 467
460 1 2 4 1 467 468
461 1 2 4 1 468 469
462 1 2 4 1 469 470
463 1 2 4 1 470 471
464 1 2 4 1 471 472
465 1 2 4 1 472 473
466 1 2 4 1 473 474
467 1 2 4 1 474 475
468 1 2 4 1 475 476
469 1 2 4 1 476 477
470 1 2 4 1 477 478
471 1 2 4 1 478 479
472 1 2 4 1 479 480
473 1 2 4 1 480 481
474 1 2 4 1 481 482
475 1 2 4 1 482 483
476 1 2 4 1 483 484
477 1 2 4 1 484 485
478 1 2 4 1 485 486
479 1 2 4 1 486 487
480 1 2 4 1 487 488
481 1 2 4 1 488 489
482 1 2 4 1 489 490
483 1 2 4 1 490 491
484 1 2 4 1 491 492
485 1 2 4 1 492 493
486 1 2 4 1 493 494
487 1 2 4 1 494 495
488 1 2 4 1 495 496
489 1 2 4 1 496 497
490 1 2 4 1 497 498
491 1 2 4 1 498 499
492 1 2 4 1 499 500
493 1 2 4 1 500 501
494 1 2 4 1 501 502
495 1 2 4 1 502 503
496 1 2 4 1 503 504
497 1 2 4 1 504 505
498 1 2 4 1 505 506
499 1 2 4 1 506 507
500 1 2 4 1 507 508
501 1 2 4 1 508 509
502 1 2 4 1 509 510
503 1 2 4 1 510 511
504 1 2 4 1 511 512
505 1 2 4 1 512 513
506 1 2 4 1 513 514
507 1 2 4 1 514 515
508 1 2 4 1 515 516
509 1 2 4 1 516 517
510 1 2 4 1 517 518
511 1 2 4 1 518 519
512 1 2 4 1 519 520
513 1 2 4 1 520 521
514 1 2 4 1 521 522
515 1 2 4 1 522 523
516 1 2 4 1 523 524
517 1 2 4 1 524 525
518 1 2 4 1 525 526
519 1 2 4 1 526 527
520 1 2 4 1 527 528
521 1 2 4 1 528 529
522 1 2 4 1 529 530
523 1 2 4 1 530 531
524 1 2 4 1 531 532
525 1 2 4 1 532 533
526 1 2 4 1 533 534
527 1 2 4 1 534 535
528 1 2 4 1 535 536
529 1 2 4 1 536 537
530 1 2 4 1 537 538
531 1 2 4 1 538 539
532 1 2 4 1 539 540
533 1 2 4 1 540 541
534 1 2 4 1 541 542
535 1 2 4 1 542 543
536 1 2 4 1 543 544
537 1 2 4 1 544 545
538 1 2 4 1 545 546
539 1 2 4 1 546 547
540 1 2 4 1 547 548
541 1 2 4 1 548 549
542 1 2 4 1 549 550
543 1 2 4 1 550 551
544 1 2 4 1 551 552
545 1 2 4 1 552 553
546 1 2 4 1 553 554
547 1 2 4 1 554 555
548 1 2 4 1 555 556
549 1 2 4 1 556 557
550 1 2 4 1 557 558
551 1 2 4 1 558 559
552 1 2 4 1 559 560
553 1 2 4 1 560 561
554 1 2 4 1 561 562
555 1 2 4 1 562 563
556 1 2 4 1 563 564
557 1 2 4 1 564 565
558 1 2 4 1 565 566
559 1 2 4 1 566 567
560 1 2 4 1 567 568
561 1 2 4 1 568 569
562 1 2 4 1 569 570
563 1 2 4 1 570 571
564 1 2 4 1 571 572
565 1 2 4 1 572 573
566 1 2 4 1 573 574
567 1 2 4 1 574 575
568 1 2 4 1 575 576
569 1 2 4 1 576 577
570 1 2 4 1 577 578
571 1 2 4 1 578 579
572 1 2 4 1 579 580
573 1 2 4 1 580 581
574 1 2 4 1 581 582
575 1 2 4 1 582 583
576 1 2 4 1 583 584
577 1 2 4 1 584 585
578 1 2 4 1 585 586
579 1 2 4 1 586 587
580 1 2 4 1 587 588
581 1 2 4 1 588 7
582 1 2 4 2 7 589
583 1 2 4 2 589 590
584 1 2 4 2 590 591
585 1 2 4 2 591 592
586 1 2 4 2 592 593
587 1 2 4 2 593 594
588 1 2 4 2 594 595
589 1 2 4 2 595 596
590 1 2 4 2 596 597
591 1 2 4 2 597 598
592 1 2 4 2 598 599
593 1 2 4 2 599 600
594 1 2 4 2 600 601
595 1 2 4 2 601 602
596 1 2 4 2 602 603
597 1 2 4 2 603 604
598 1 2 4 2 604 605
599 1 2 4 2 605 606
600 1 2 4 2 606 607
601 1 2 4 2 607 608
602 1 2 4 2 608 609
603 1 2 4 2 609 610
604 1 2 4 2 610 611
605 1 2 4 2 611 2
606 1 2 3 3 2 612
607 1 2 3 3 612 613
608 1 2 3 3 613 614
609 1 2 3 3 614 3
610 1 2 4 4 3 615
611 1 2 4 4 615 616
612 1 2 4 4 616 617
613 1 2 4 4 617 618
614 1 2 4 4 618 619
615 1 2 4 4 619 620
616 1 2 4 4 620 621
617 1 2 4 4 621 622
618 1 2 4 4 622 623
619 1 2 4 4 623 624
620 1 2 4 4 624 625
621 1 2 4 4 625 626
622 1 2 4 4 626 627
623 1 2 4 4 627 628
624 1 2 4 4 628 629
625 1 2 4 4 629 630
626 1 2 4 4 630 631
627 1 2 4 4 631 632
628 1 2 4 4 632 633
629 1 2 4 4 633 634
630 1 2 4 4 634 635
631 1 2 4 4 635 636
632 1 2 4 4 636 637
633 1 2 4 4 637 8
634 1 2 4 5 8 638
635 1 2 4 5 638 639
636 1 2 4 5 639 640
637 1 2 4 5 640 641
638 1 2 4 5 641 642
639 1 2 4 5 642 643
640 1 2 4 5 643 644
641 1 2 4 5 644 645
642 1 2 4 5 645 646
643 1 2 4 5 646 647
644 1 2 4 5 647 648
645 1 2 4 5 648 649
646 1 2 4 5 649 650
647 1 2 4 5 650 651
648 1 2 4 5 651 652
649 1 2 4 5 652 653
650 1 2 4 5 653 654
651 1 2 4 5 654 655
652 1 2 4 5 655 656
653 1 2 4 5 656 657
654 1 2 4 5 657 658
655 1 2 4 5 658 659
656 1 2 4 5 659 660
657 1 2 4 5 660 661
658 1 2 4 5 661 662
659 1 2 4 5 662 663
660 1 2 4 5 663 664
661 1 2 4 5 664 665
662 1 2 4 5 665 666
663 1 2 4 5 666 667
664 1 2 4 5 667 668
665 1 2 4 5 668 669
666 1 2 4 5 669 670
667 1 2 4 5 670 671
668 1 2 4 5 671 672
669 1 2 4 5 672 673
670 1 2 4 5 673 674
671 1 2 4 5 674 675
672 1 2 4 5 675 676
673 1 2 4 5 676 677
674 1 2 4 5 677 678
675 1 2 4 5 678 679
676 1 2 4 5 679 680
677 1 2 4 5 680 681
678 1 2 4 5 681 682
679 1 2 4 5 682 683
680 1 2 4 5 683 684
681 1 2 4 5 684 685
682 1 2 4 5 685 686
683 1 2 4 5 686 687
684 1 2 4 5 687 688
685 1 2 4 5 688 689
686 1 2 4 5 689 690
687 1 2 4 5 690 691
688 1 2 4 5 691 692
689 1 2 4 5 692 693
690 1 2 4 5 693 694
691 1 2 4 5 694 695
692 1 2 4 5 695 696
693 1 2 4 5 696 697
694 1 2 4 5 697 698
695 1 2 4 5 698 699
696 1 2 4 5 699 700
697 1 2 4 5 700 701
698 1 2 4 5 701 702
699 1 2 4 5 702 703
700 1 2 4 5 703 704
701 1 2 4 5 704 705
702 1 2 4 5 705 706
703 1 2 4 5 706 707
704 1 2 4 5 707 708
705 1 2 4 5 708 709
706 1 2 4 5 709 710
707 1 2 4 5 710 711
708 1 2 4 5 711 712
709 1 2 4 5 712 713
710 1 2 4 5 713 714
711 1 2 4 5 714 715
712 1 2 4 5 715 716
713 1 2 4 5 716 717
714 1 2 4 5 717 718
715 1 2 4 5 718 719
716 1 2 4 5 719 720
717 1 2 4 5 720 721
718 1 2 4 5 721 722
719 1 2 4 5 722 723
720 1 2 4 5 723 724
721 1 2 4 5 724 725
722 1 2 4 5 725 726
723 1 2 4 5 726 727
724 1 2 4 5 727 728
725 1 2 4 5 728 729
726 1 2 4 5 729 730
727 1 2 4 5 730 731
728 1 2 4 5 731 732
729 1 2 4 5 732 733
730 1 2 4 5 733 734
731 1 2 4 5 734 735
732 1 2 4 5 735 736
733 1 2 4 5 736 737
734 1 2 4 5 737 738
735 1 2 4 5 738 739
736 1 2 4 5 739 740
737 1 2 4 5 740 741
738 1 2 4 5 741 742
739 1 2 4 5 742 743
740 1 2 4 5 743 744
741 1 2 4 5 744 745
742 1 2 4 5 745 746
743 1 2 4 5 746 747
744 1 2 4 5 747 748
745 1 2 4 5 748 749
746 1 2 4 5 749 750
747 1 2 4 5 750 751
748 1 2 4 5 751 752
749 1 2 4 5 752 753
750 1 2 4 5 753 754
751 1 2 4 5 754 755
752 1 2 4 5 755 756
753 1 2 4 5 756 757
754 1 2 4 5 757 758
755 1 2 4 5 758 759
756 1 2 4 5 759 760
757 1 2 4 5 760 761
758 1 2 4 5 761 762
759 1 2 4 5 762 763
760 1 2 4 5 763 764
761 1 2 4 5 764 765
762 1 2 4 5 765 766
763 1 2 4 5 766 767
764 1 2 4 5 767 768
765 1 2 4 5 768 769
766 1 2 4 5 769 770
767 1 2 4 5 770 771
768 1 2 4 5 771 772
769 1 2 4 5 772 773
770 1 2 4 5 773 774
771 1 2 4 5 774 775
772 1 2 4 5 775 776
773 1 2 4 5 776 777
774 1 2 4 5 777 778
775 1 2 4 5 778 779
776 1 2 4 5 779 780
777 1 2 4 5 780 781
778 1 2 4 5 781 782
779 1 2 4 5 782 783
780 1 2 4 5 783 784
781 1 2 4 5 784 785
782 1 2 4 5 785 786
783 1 2 4 5 786 787
784 1 2 4 5 787 788
785 1 2 4 5 788 789
786 1 2 4 5 789 790
787 1 2 4 5 790 791
788 1 2 4 5 791 792
789 1 2 4 5 792 793
790 1 2 4 5 793 794
791 1 2 4 5 794 795
792 1 2 4 5 795 796
793 1 2 4 5 796 797
794 1 2 4 5 797 798
795 1 2 4 5 798 799
796 1 2 4 5 799 800
797 1 2 4 5 800 801
798 1 2 4 5 801 802
799 1 2 4 5 802 803
800 1 2 4 5 803 804
801 1 2 4 5 804 805
802 1 2 4 5 805 806
803 1 2 4 5 806 807
804 1 2 4 5 807 808
805 1 2 4 5 808 809
806 1 2 4 5 809 810
807 1 2 4 5 810 811
808 1 2 4 5 811 812
809 1 2 4 5 812 813
810 1 2 4 5 813 814
811 1 2 4 5 814 815
812 1 2 4 5 815 816
813 1 2 4 5 816 817
814 1 2 4 5 817 818
815 1 2 4 5 818 819
816 1 2 4 5 819 820
817 1 2 4 5 820 821
818 1 2 4 5 821 822
819 1 2 4 5 822 823
820 1 2 4 5 823 824
821 1 2 4 5 824 825
822 1 2 4 5 825 826
823 1 2 4 5 826 827
824 1 2 4 5 827 828
825 1 2 4 5 828 829
826 1 2 4 5 829 830
827 1 2 4 5 830 831
828 1 2 4 5 831 832
829 1 2 4 5 832 833
830 1 2 4 5 833 834
831 1 2 4 5 834 835
832 1 2 4 5 835 836
833 1 2 4 5 836 837
834 1 2 4 5 837 838
835 1 2 4 5 838 839
836 1 2 4 5 839 840
837 1 2 4 5 840 841
838 1 2 4 5 841 842
839 1 2 4 5 842 843
840 1 2 4 5 843 844
841 1 2 4 5 844 845
842 1 2 4 5 845 846
843 1 2 4 5 846 847
844 1 2 4 5 847 848
845 1 2 4 5 848 849
846 1 2 4 5 849 850
847 1 2 4 5 850 851
848 1 2 4 5 851 852
849 1 2 4 5 852 853
850 1 2 4 5 853 854
851 1 2 4 5 854 855
852 1 2 4 5 855 856
853 1 2 4 5 856 857
854 1 2 4 5 857 858
855 1 2 4 5 858 859
856 1 2 4 5 859 860
857 1 2 4 5 860 861
858 1 2 4 5 861 862
859 1 2 4 5 862 863
860 1 2 4 5 863 864
861 1 2 4 5 864 865
862 1 2 4 5 865 866
863 1 2 4 5 866 867
864 1 2 4 5 867 868
865 1 2 4 5 868 869
866 1 2 4 5 869 870
867 1 2 4 5 870 871
868 1 2 4 5 871 872
869 1 2 4 5 872 873
870 1 2 4 5 873 874
871 1 2 4 5 874 875
872 1 2 4 5 875 876
873 1 2 4 5 876 877
874 1 2 4 5 877 878
875 1 2 4 5 878 879
876 1 2 4 5 879 880
877 1 2 4 5 880 881
878 1 2 4 5 881 882
879 1 2 4 5 882 883
880 1 2 4 5 883 884
881 1 2 4 5 884 885
882 1 2 4 5 885 886
883 1 2 4 5 886 887
884 1 2 4 5 887 888
885 1 2 4 5 888 889
886 1 2 4 5 889 890
887 1 2 4 5 890 891
888 1 2 4 5 891 892
889 1 2 4 5 892 893
890 1 2 4 5 893 894
891 1 2 4 5 894 895
892 1 2 4 5 895 896
893 1 2 4 5 896 897
894 1 2 4 5 897 898
895 1 2 4 5 898 899
896 1 2 4 5 899 900
897 1 2 4 5 900 901
898 1 2 4 5 901 902
899 1 2 4 5 902 903
900 1 2 4 5 903 904
901 1 2 4 5 904 905
902 1 2 4 5 905 906
903 1 2 4 5 906 907
904 1 2 4 5 907 908
905 1 2 4 5 908 909
906 1 2 4 5 909 910
907 1 2 4 5 910 911
908 1 2 4 5 911 912
909 1 2 4 5 912 913
910 1 2 4 5 913 914
911 1 2 4 5 914 915
912 1 2 4 5 915 916
913 1 2 4 5 916 917
914 1 2 4 5 917 918
915 1 2 4 5 918 919
916 1 2 4 5 919 920
917 1 2 4 5 920 921
918 1 2 4 5 921 922
919 1 2 4 5 922 923
920 1 2 4 5 923 924
921 1 2 4 5 924 925
922 1 2 4 5 925 926
923 1 2 4 5 926 927
924 1 2 4 5 927 928
925 1 2 4 5 928 929
926 1 2 4 5 929 930
927 1 2 4 5 930 931
928 1 2 4 5 931 932
929 1 2 4 5 932 933
930 1 2 4 5 933 934
931 1 2 4 5 934 935
932 1 2 4 5 935 936
933 1 2 4 5 936 937
934 1 2 4 5 937 938
935 1 2 4 5 938 939
936 1 2 4 5 939 940
937 1 2 4 5 940 941
938 1 2 4 5 941 942
939 1 2 4 5 942 943
940 1 2 4 5 943 944
941 1 2 4 5 944 945
942 1 2 4 5 945 946
943 1 2 4 5 946 947
944 1 2 4 5 947 948
945 1 2 4 5 948 949
946 1 2 4 5 949 950
947 1 2 4 5 950 951
948 1 2 4 5 951 952
949 1 2 4 5 952 953
950 1 2 4 5 953 954
951 1 2 4 5 954 955
952 1 2 4 5 955 956
953 1 2 4 5 956 957
954 1 2 4 5 957 958
955 1 2 4 5 958 959
956 1 2 4 5 959 960
957 1 2 4 5 960 961
958 1 2 4 5 961 962
959 1 2 4 5 962 963
960 1 2 4 5 963 964
961 1 2 4 5 964 965
962 1 2 4 5 965 966
963 1 2 4 5 966 967
964 1 2 4 5 967 968
965 1 2 4 5 968 969
966 1 2 4 5 969 970
967 1 2 4 5 970 971
968 1 2 4 5 971 972
969 1 2 4 5 972 973
970 1 2 4 5 973 974
971 1 2 4 5 974 975
972 1 2 4 5 975 976
973 1 2 4 5 976 977
974 1 2 4 5 977 978
975 1 2 4 5 978 979
976 1 2 4 5 979 980
977 1 2 4 5 980 981
978 1 2 4 5 981 982
979 1 2 4 5 982 983
980 1 2 4 5 983 984
981 1 2 4 5 984 985
982 1 2 4 5 985 986
983 1 2 4 5 986 987
984 1 2 4 5 987 988
985 1 2 4 5 988 989
986 1 2 4 5 989 990
987 1 2 4 5 990 991
988 1 2 4 5 991 992
989 1 2 4 5 992 993
990 1 2 4 5 993 994
991 1 2 4 5 994 995
992 1 2 4 5 995 996
993 1 2 4 5 996 997
994 1 2 4 5 997 998
995 1 2 4 5 998 999
996 1 2 4 5 999 1000
997 1 2 4 5 1000 1001
998 1 2 4 5 1001 1002
999 1 2 4 5 1002 1003
1000 1 2 4 5 1003 1004
1001 1 2 4 5 1004 1005
1002 1 2 4 5 1005 1006
1003 1 2 4 5 1006 1007
1004 1 2 4 5 1007 1008
1005 1 2 4 5 1008 1009
1006 1 2 4 5 1009 1010
1007 1 2 4 5 1010 1011
1008 1 2 4 5 1011 1012
1009 1 2 4 5 1012 1013
1010 1 2 4 5 1013 1014
1011 1 2 4 5 1014 1015
1012 1 2 4 5 1015 1016
1013 1 2 4 5 1016 1017
1014 1 2 4 5 1017 1018
1015 1 2 4 5 1018 1019
1016 1 2 4 5 1019 1020
1017 1 2 4 5 1020 1021
1018 1 2 4 5 1021 1022
1019 1 2 4 5 1022 1023
1020 1 2 4 5 1023 1024
1021 1 2 4 5 1024 1025
1022 1 2 4 5 1025 1026
1023 1 2 4 5 1026 1027
1024 1 2 4 5 1027 1028
1025 1 2 4 5 1028 1029
1026 1 2 4 5 1029 1030
1027 1 2 4 5 1030 1031
1028 1 2 4 5 1031 1032
1029 1 2 4 5 1032 1033
1030 1 2 4 5 1033 1034
1031 1 2 4 5 1034 1035
1032 1 2 4 5 1035 1036
1033 1 2 4 5 1036 1037
1034 1 2 4 5 1037 1038
1035 1 2 4 5 1038 1039
1036 1 2 4 5 1039 1040
1037 1 2 4 5 1040 1041
1038 1 2 4 5 1041 1042
1039 1 2 4 5 1042 1043
1040 1 2 4 5 1043 1044
1041 1 2 4 5 1044 1045
1042 1 2 4 5 1045 1046
1043 1 2 4 5 1046 1047
1044 1 2 4 5 1047 1048
1045 1 2 4 5 1048 1049
1046 1 2 4 5 1049 1050
1047 1 2 4 5 1050 1051
1048 1 2 4 5 1051 1052
1049 1 2 4 5 1052 1053
1050 1 2 4 5 1053 1054
1051 1 2 4 5 1054 1055
1052 1 2 4 5 1055 1056
1053 1 2 4 5 1056 1057
1054 1 2 4 5 1057 1058
1055 1 2 4 5 1058 1059
1056 1 2 4 5 1059 1060
1057 1 2 4 5 1060 1061
1058 1 2 4 5 1061 1062
1059 1 2 4 5 1062 1063
1060 1 2 4 5 1063 1064
1061 1 2 4 5 1064 1065
1062 1 2 4 5 1065 1066
1063 1 2 4 5 1066 1067
1064 1 2 4 5 1067 1068
1065 1 2 4 5 1068 1069
1066 1 2 4 5 1069 1070
1067 1 2 4 5 1070 1071
1068 1 2 4 5 1071 1072
1069 1 2 4 5 1072 1073
1070 1 2 4 5 1073 1074
1071 1 2 4 5 1074 1075
1072 1 2 4 5 1075 1076
1073 1 2 4 5 1076 1077
1074 1 2 4 5 1077 1078
1075 1 2 4 5 1078 1079
1076 1 2 4 5 1079 1080
1077 1 2 4 5 1080 1081
1078 1 2 4 5 1081 1082
1079 1 2 4 5 1082 1083
1080 1 2 4 5 1083 1084
1081 1 2 4 5 1084 1085
1082 1 2 4 5 1085 1086
1083 1 2 4 5 1086 1087
1084 1 2 4 5 1087 1088
1085 1 2 4 5 1088 1089
1086 1 2 4 5 1089 1090
1087 1 2 4 5 1090 1091
1088 1 2 4 5 1091 1092
1089 1 2 4 5 1092 1093
1090 1 2 4 5 1093 1094
1091 1 2 4 5 1094 1095
1092 1 2 4 5 1095 1096
1093 1 2 4 5 1096 1097
1094 1 2 4 5 1097 1098
1095 1 2 4 5 1098 1099
1096 1 2 4 5 1099 1100
1097 1 2 4 5 1100 1101
1098 1 2 4 5 1101 1102
1099 1 2 4 5 1102 1103
1100 1 2 4 5 1103 1104
1101 1 2 4 5 1104 1105
1102 1 2 4 5 1105 1106
1103 1 2 4 5 1106 1107
1104 1 2 4 5 1107 1108
1105 1 2 4 5 1108 1109
1106 1 2 4 5 1109 1110
1107 1 2 4 5 1110 1111
1108 1 2 4 5 1111 1112
1109 1 2 4 5 1112 1113
1110 1 2 4 5 1113 1114
1111 1 2 4 5 1114 1115
1112 1 2 4 5 1115 1116
1113 1 2 4 5 1116 1117
1114 1 2 4 5 1117 1118
1115 1 2 4 5 1118 1119
1116 1 2 4 5 1119 1120
1117 1 2 4 5 1120 1121
1118 1 2 4 5 1121 1122
1119 1 2 4 5 1122 1123
1120 1 2 4 5 1123 1124
1121 1 2 4 5 1124 1125
1122 1 2 4 5 1125 1126
1123 1 2 4 5 1126 1127
1124 1 2 4 5 1127 1128
1125 1 2 4 5 1128 1129
1126 1 2 4 5 1129 1130
1127 1 2 4 5 1130 1131
1128 1 2 4 5 1131 1132
1129 1 2 4 5 1132 1133
1130 1 2 4 5 1133 1134
1131 1 2 4 5 1134 1135
1132 1 2 4 5 1135 1136
1133 1 2 4 5 1136 1137
1134 1 2 4 5 1137 1138
1135 1 2 4 5 1138 1139
1136 1 2 4 5 1139 1140
1137 1 2 4 5 1140 1141
1138 1 2 4 5 1141 1142
1139 1 2 4 5 1142 1143
1140 1 2 4 5 1143 1144
1141 1 2 4 5 1144 1145
1142 1 2 4 5 1145 1146
1143 1 2 4 5 1146 1147
1144 1 2 4 5 1147 1148
1145 1 2 4 5 1148 1149
1146 1 2 4 5 1149 1150
1147 1 2 4 5 1150 1151
1148 1 2 4 5 1151 1152
1149 1 2 4 5 1152 1153
1150 1 2 4 5 1153 1154
1151 1 2 4 5 1154 1155
1152 1 2 4 5 1155 1156
1153 1 2 4 5 1156 1157
1154 1 2 4 5 1157 1158
1155 1 2 4 5 1158 1159
1156 1 2 4 5 1159 1160
1157 1 2 4 5 1160 1161
1158 1 2 4 5 1161 1162
1159 1 2 4 5 1162 1163
1160 1 2 4 5 1163 1164
1161 1 2 4 5 1164 1165
1162 1 2 4 5 1165 1166
1163 1 2 4 5 1166 1167
1164 1 2 4 5 1167 1168
1165 1 2 4 5 1168 1169
1166 1 2 4 5 1169 1170
1167 1 2 4 5 1170 1171
1168 1 2 4 5 1171 1172
1169 1 2 4 5 1172 1173
1170 1 2 4 5 1173 1174
1171 1 2 4 5 1174 1175
1172 1 2 4 5 1175 1176
1173 1 2 4 5 1176 1177
1174 1 2 4 5 1177 1178
1175 1 2 4 5 1178 1179
1176 1 2 4 5 1179 1180
1177 1 2 4 5 1180 1181
1178 1 2 4 5 1181 1182
1179 1 2 4 5 1182 1183
1180 1 2 4 5 1183 1184
1181 1 2 4 5 1184 1185
1182 1 2 4 5 1185 1186
1183 1 2 4 5 1186 1187
1184 1 2 4 5 1187 1188
1185 1 2 4 5 1188 1189
1186 1 2 4 5 1189 1190
1187 1 2 4 5 1190 1191
1188 1 2 4 5 1191 1192
1189 1 2 4 5 1192 1193
1190 1 2 4 5 1193 1194
1191 1 2 4 5 1194 1195
1192 1 2 4 5 1195 1196
1193 1 2 4 5 1196 1197
1194 1 2 4 5 1197 1198
1195 1 2 4 5 1198 1199
1196 1 2 4 5 1199 1200
1197 1 2 4 5 1200 1201
1198 1 2 4 5 1201 1202
1199 1 2 4 5 1202 1203
1200 1 2 4 5 1203 1204
1201 1 2 4 5 1204 1205
1202 1 2 4 5 1205 1206
1203 1 2 4 5 1206 1207
1204 1 2 4 5 1207 1208
1205 1 2 4 5 1208 1209
1206 1 2 4 5 1209 1210
1207 1 2 4 5 1210 1211
1208 1 2 4 5 1211 1212
1209 1 2 4 5 1212 1213
1210 1 2 4 5 1213 1214
1211 1 2 4 5 1214 1215
1212 1 2 4 5 1215 1216
1213 1 2 4 5 1216 1217
1214 1 2 4 5 1217 4
1215 1 2 2 6 4 1218
1216 1 2 2 6 1218 1219
1217 1 2 2 6 1219 1220
1218 1 2 2 6 1220 1221
1219 1 2 2 6 1221 1222
1220 1 2 2 6 1222 1223
1221 1 2 2 6 1223 1224
1222 1 2 2 6 1224 1225
1223 1 2 2 6 1225 1226
1224 1 2 2 6 1226 1227
1225 1 2 2 6 1227 5
1226 1 2 4 7 5 1228
1227 1 2 4 7 1228 1229
1228 1 2 4 7 1229 1230
1229 1 2 4 7 1230 1231
1230 1 2 4 7 1231 1232
1231 1 2 4 7 1232 1233
1232 1 2 4 7 1233 1234
1233 1 2 4 7 1234 1235
1234 1 2 4 7 1235 1236
1235 1 2 4 7 1236 1237
1236 1 2 4 7 1237 1238
1237 1 2 4 7 1238 1239
1238 1 2 4 7 1239 1240
1239 1 2 4 7 1240 1241
1240 1 2 4 7 1241 1242
1241 1 2 4 7 1242 1243
1242 1 2 4 7 1243 1244
1243 1 2 4 7 1244 1245
1244 1 2 4 7 1245 1246
1245 1 2 4 7 1246 1247
1246 1 2 4 7 1247 1248
1247 1 2 4 7 1248 1249
1248 1 2 4 7 1249 1
1249 2 2 1 1 4766 3520 6680
1250 2 2 1 1 5486 1255 8687
1251 2 2 1 1 5210 3498 7151
1252 2 2 1 1 4905 1274 5447
1253 2 2 1 1 5605 5608 6554
1254 2 2 1 1 2858 5202 8638
1255 2 2 1 1 7512 4432 7914
1256 2 2 1 1 7970 2764 8464
1257 2 2 1 1 4432 6238 8021
1258 2 2 1 1 6359 8016 8017
1259 2 2 1 1 2069 6231 6234
1260 2 2 1 1 6081 6080 8965
1261 2 2 1 1 3841 4912 7177
1262 2 2 1 1 8399 5843 8678
1263 2 2 1 1 1399 1398 4727
1264 2 2 1 1 5573 5575 7377
1265 2 2 1 1 1813 6974 9021
1266 2 2 1 1 7569 1963 8461
1267 2 2 1 1 1340 5401 6395
1268 2 2 1 1 4794 4894 5420
1269 2 2 1 1 4462 2769 8275
1270 2 2 1 1 3518 4843 8112
1271 2 2 1 1 3887 7427 8038
1272 2 2 1 1 5606 2760 6728
1273 2 2 1 1 4912 3841 9193
1274 2 2 1 1 1558 1557 6731
1275 2 2 1 1 5812 1564 6572
1276 2 2 1 1 1297 5454 6191
1277 2 2 1 1 1809 6263 6266
1278 2 2 1 1 4703 1397 9520
1279 2 2 1 1 1255 1256 8687
1280 2 2 1 1 1258 1257 5367
1281 2 2 1 1 3646 7870 8531
1282 2 2 1 1 3409 6360 8835
1283 2 2 1 1 6418 2748 6424
1284 2 2 1 1 4340 3745 9365
1285 2 2 1 1 5437 4134 7399
1286 2 2 1 1 3498 5426 7236
1287 2 2 1 1 1328 1327 6975
1288 2 2 1 1 1328 6975 7098
1289 2 2 1 1 6792 5483 9156
1290 2 2 1 1 2733 2731 6728
1291 2 2 1 1 2851 5189 7695
1292 2 2 1 1 6116 5858 7521
1293 2 2 1 1 2743 5788 8690
1294 2 2 1 1 7191 3423 7875
1295 2 2 1 1 5242 3559 6845
1296 2 2 1 1 6821 6820 9217
1297 2 2 1 1 5658 5656 9554
1298 2 2 1 1 2063 6289 6377
1299 2 2 1 1 4025 4742 5872
1300 2 2 1 1 4218 6094 8544
1301 2 2 1 1 3538 4719 6815
1302 2 2 1 1 5049 5305 6220
1303 2 2 1 1 1564 1565 6572
1304 2 2 1 1 4705 3456 5383
1305 2 2 1 1 5385 1553 6725
1306 2 2 1 1 3575 5270 6765
1307 2 2 1 1 3557 5217 6818
1308 2 2 1 1 3568 5229 6790
1309 2 2 1 1 3580 5285 6740
1310 2 2 1 1 1493 6770 8020
1311 2 2 1 1 5952 6544 7482
1312 2 2 1 1 1369 1368 4937
1313 2 2 1 1 5744 5543 7193
1314 2 2 1 1 6014 6015 8648
1315 2 2 1 1 1397 4703 5503
1316 2 2 1 1 5523 5872 7811
1317 2 2 1 1 2835 4747 4749
1318 2 2 1 1 1350 1351 6550
1319 2 2 1 1 3600 4725 6857
1320 2 2 1 1 1469 6552 7263
1321 2 2 1 1 4627 4625 5503
1322 2 2 1 1 5692 5690 5694
1323 2 2 1 1 5718 5556 7204
1324 2 2 1 1 5872 4742 7811
1325 2 2 1 1 2126 7176 8729
1326 2 2 1 1 6422 8624 8678
1327 2 2 1 1 6155 4188 7329
1328 2 2 1 1 4864 3541 4885
1329 2 2 1 1 1434 1435 6044
1330 2 2 1 1 4949 7177 7380
1331 2 2 1 1 1934 7059 9078
1332 2 2 1 1 7177 4912 7380
1333 2 2 1 1 5078 5064 5080
1334 2 2 1 1 7475 3537 9072
1335 2 2 1 1 5640 5639 7725
1336 2 2 1 1 3970 6820 6821
1337 2 2 1 1 3520 4756 7093
1338 2 2 1 1 3512 4729 7068
1339 2 2 1 1 4517 5210 7151
1340 2 2 1 1 1294 6669 7469
1341 2 2 1 1 1434 6044 6173
1342 2 2 1 1 1297 1298 5396
1343 2 2 1 1 7477 1943 9013
1344 2 2 1 1 6020 6024 9808
1345 2 2 1 1 1309 1308 6327
1346 2 2 1 1 1350 6550 6571
1347 2 2 1 1 1494 1493 8020
1348 2 2 1 1 3501 4767 7065
1349 2 2 1 1 2822 4510 8299
1350 2 2 1 1 6042 8178 9484
1351 2 2 1 1 1264 1265 6674
1352 2 2 1 1 5523 1307 8830
1353 2 2 1 1 5859 6116 7432
1354 2 2 1 1 1327 1326 8300
1355 2 2 1 1 6899 6346 6901
1356 2 2 1 1 5730 6354 7409
1357 2 2 1 1 3881 6974 9371
1358 2 2 1 1 4856 4864 4885
1359 2 2 1 1 6238 3618 8021
1360 2 2 1 1 5649 4333 9498
1361 2 2 1 1 1339 1340 6395
1362 2 2 1 1 7072 8970 9413
1363 2 2 1 1 1734 7779 9109
1364 2 2 1 1 1947 6631 8837
1365 2 2 1 1 4024 6649 8045
1366 2 2 1 1 3484 6189 7266
1367 2 2 1 1 1571 6205 9579
1368 2 2 1 1 3466 4914 7295
1369 2 2 1 1 8091 8090 8196
1370 2 2 1 1 5501 4488 6924
1371 2 2 1 1 6259 6200 6705
1372 2 2 1 1 5305 5049 6858
1373 2 2 1 1 2052 6451 6454
1374 2 2 1 1 1308 6326 6327
1375 2 2 1 1 1274 1273 5447
1376 2 2 1 1 1851 5518 6988
1377 2 2 1 1 5411 3466 7296
1378 2 2 1 1 8624 2751 8678
1379 2 2 1 1 1889 5413 5415
1380 2 2 1 1 5628 3821 6210
1381 2 2 1 1 1329 7098 7225
1382 2 2 1 1 1329 1328 7098
1383 2 2 1 1 5692 5694 5695
1384 2 2 1 1 3707 4923 4924
1385 2 2 1 1 1447 6535 7273
1386 2 2 1 1 5426 4481 7236
1387 2 2 1 1 5666 7970 8464
1388 2 2 1 1 1456 1455 6064
1389 2 2 1 1 5367 1257 5471
1390 2 2 1 1 6975 1327 8300
1391 2 2 1 1 5699 5698 7207
1392 2 2 1 1 2507 2858 8638
1393 2 2 1 1 5707 5706 8927
1394 2 2 1 1 2048 6498 6502
1395 2 2 1 1 4256 4258 6609
1396 2 2 1 1 1470 1469 7263
1397 2 2 1 1 5752 5751 9392
1398 2 2 1 1 4077 6439 7688
1399 2 2 1 1 1539 1540 4994
1400 2 2 1 1 7878 7050 7880
1401 2 2 1 1 5080 5064 5082
1402 2 2 1 1 7016 7009 8993
1403 2 2 1 1 1865 6533 8862
1404 2 2 1 1 5597 4335 8892
1405 2 2 1 1 6729 6749 9441
1406 2 2 1 1 1266 1267 6706
1407 2 2 1 1 2748 6418 6419
1408 2 2 1 1 2815 4486 6856
1409 2 2 1 1 5693 8748 8979
1410 2 2 1 1 3920 4080 4893
1411 2 2 1 1 1446 1447 7273
1412 2 2 1 1 6752 6672 9376
1413 2 2 1 1 5935 7302 8633
1414 2 2 1 1 6015 8215 8216
1415 2 2 1 1 5666 2767 7970
1416 2 2 1 1 6238 4432 7512
1417 2 2 1 1 1553 1554 6725
1418 2 2 1 1 1380 7679 7997
1419 2 2 1 1 6992 6991 7070
1420 2 2 1 1 1251 1250 6274
1421 2 2 1 1 1701 7661 9163
1422 2 2 1 1 7103 2157 7745
1423 2 2 1 1 2752 5916 7891
1424 2 2 1 1 1456 6064 6679
1425 2 2 1 1 7124 3474 7459
1426 2 2 1 1 5021 2834 5023
1427 2 2 1 1 1496 5498 6570
1428 2 2 1 1 7679 4674 7997
1429 2 2 1 1 7675 8227 8643
1430 2 2 1 1 6077 6631 8319
1431 2 2 1 1 5498 1496 8861
1432 2 2 1 1 7445 1938 7987
1433 2 2 1 1 6099 4514 8886
1434 2 2 1 1 1563 1564 5812
1435 2 2 1 1 5833 3633 7430
1436 2 2 1 1 1307 5523 7811
1437 2 2 1 1 5814 5813 7167
1438 2 2 1 1 1527 1528 7219
1439 2 2 1 1 4741 4023 6221
1440 2 2 1 1 2834 5021 5366
1441 2 2 1 1 1527 7219 7357
1442 2 2 1 1 1532 4447 8689
1443 2 2 1 1 6158 6325 6685
1444 2 2 1 1 6991 3809 7070
1445 2 2 1 1 3707 4922 4923
1446 2 2 1 1 6767 4202 6768
1447 2 2 1 1 1572 1571 9579
1448 2 2 1 1 4843 3518 7816
1449 2 2 1 1 5579 5979 8734
1450 2 2 1 1 4454 3764 5418
1451 2 2 1 1 6650 1602 6708
1452 2 2 1 1 3541 4866 5387
1453 2 2 1 1 3629 5617 5618
1454 2 2 1 1 5634 3908 7176
1455 2 2 1 1 5874 5873 7149
1456 2 2 1 1 5890 5889 8938
1457 2 2 1 1 4164 5412 8229
1458 2 2 1 1 5900 5899 7520
1459 2 2 1 1 4025 5872 6649
1460 2 2 1 1 5190 2851 7229
1461 2 2 1 1 4540 3432 8189
1462 2 2 1 1 1563 5812 6150
1463 2 2 1 1 5976 5776 9364
1464 2 2 1 1 4930 3411 9388
1465 2 2 1 1 5354 5990 5991
1466 2 2 1 1 6515 6514 7874
1467 2 2 1 1 3970 4877 6820
1468 2 2 1 1 3515 4853 6783
1469 2 2 1 1 7302 2704 8633
1470 2 2 1 1 1571 5424 6205
1471 2 2 1 1 2441 4499 7284
1472 2 2 1 1 5916 2752 5917
1473 2 2 1 1 4191 8173 8174
1474 2 2 1 1 3537 4845 9626
1475 2 2 1 1 1950 6397 8968
1476 2 2 1 1 6551 3401 7082
1477 2 2 1 1 1548 1547 5550
1478 2 2 1 1 2485 2851 7695
1479 2 2 1 1 5904 7069 8572
1480 2 2 1 1 7427 4092 9287
1481 2 2 1 1 5938 5937 7133
1482 2 2 1 1 4907 3484 7266
1483 2 2 1 1 1535 1534 5494
1484 2 2 1 1 4968 4965 5514
1485 2 2 1 1 7870 7050 8531
1486 2 2 1 1 2222 2224 7079
1487 2 2 1 1 4893 4080 5487
1488 2 2 1 1 6129 6167 7807
1489 2 2 1 1 6515 7874 9103
1490 2 2 1 1 6859 5086 8975
1491 2 2 1 1 1838 5003 6663
1492 2 2 1 1 6070 6076 7123
1493 2 2 1 1 5368 6859 8975
1494 2 2 1 1 1339 6395 6861
1495 2 2 1 1 3887 4092 7427
1496 2 2 1 1 6527 3369 7463
1497 2 2 1 1 589 590 8413
1498 2 2 1 1 4447 1532 8184
1499 2 2 1 1 5370 4677 6149
1500 2 2 1 1 1330 1329 7225
1501 2 2 1 1 1284 1283 6664
1502 2 2 1 1 1330 7225 7346
1503 2 2 1 1 1755 7684 8628
1504 2 2 1 1 5918 2824 7891
1505 2 2 1 1 8160 4193 8443
1506 2 2 1 1 4755 3884 6163
1507 2 2 1 1 6099 6097 9293
1508 2 2 1 1 2410 2412 6682
1509 2 2 1 1 4906 5089 7198
1510 2 2 1 1 1487 6287 7990
1511 2 2 1 1 3871 6081 8965
1512 2 2 1 1 3920 4893 7129
1513 2 2 1 1 6454 3626 6456
1514 2 2 1 1 2731 2737 6728
1515 2 2 1 1 4880 589 8413
1516 2 2 1 1 6285 1915 6919
1517 2 2 1 1 2537 3554 5203
1518 2 2 1 1 7687 8628 9531
1519 2 2 1 1 6034 6033 7115
1520 2 2 1 1 1308 1307 6326
1521 2 2 1 1 6094 2427 8544
1522 2 2 1 1 3633 5833 5835
1523 2 2 1 1 1269 1268 7711
1524 2 2 1 1 1604 7510 9259
1525 2 2 1 1 7711 1268 8077
1526 2 2 1 1 4599 5411 7296
1527 2 2 1 1 1956 6337 9044
1528 2 2 1 1 6025 2646 7844
1529 2 2 1 1 3464 4545 7178
1530 2 2 1 1 1731 6581 6583
1531 2 2 1 1 1293 1294 7469
1532 2 2 1 1 1763 7569 8277
1533 2 2 1 1 1804 7590 9282
1534 2 2 1 1 1475 4771 6517
1535 2 2 1 1 3471 4722 5460
1536 2 2 1 1 6433 8132 8133
1537 2 2 1 1 1697 7441 9242
1538 2 2 1 1 1659 7575 9284
1539 2 2 1 1 6157 6155 7329
1540 2 2 1 1 7569 4538 9480
1541 2 2 1 1 1649 7448 9247
1542 2 2 1 1 3545 4892 7199
1543 2 2 1 1 3566 5206 5209
1544 2 2 1 1 5980 5979 6217
1545 2 2 1 1 2769 4462 6299
1546 2 2 1 1 7515 2714 9073
1547 2 2 1 1 1297 5396 7375
1548 2 2 1 1 4996 1550 8547
1549 2 2 1 1 7240 3515 7242
1550 2 2 1 1 7078 5807 7468
1551 2 2 1 1 1911 6891 7249
1552 2 2 1 1 3745 4340 6634
1553 2 2 1 1 4914 4643 7295
1554 2 2 1 1 4987 8510 8730
1555 2 2 1 1 3617 5573 7377
1556 2 2 1 1 2163 2161 4861
1557 2 2 1 1 6499 2039 6501
1558 2 2 1 1 2000 8605 9326
1559 2 2 1 1 4937 1368 5778
1560 2 2 1 1 4499 2441 8811
1561 2 2 1 1 6412 2312 7720
1562 2 2 1 1 5999 3461 7998
1563 2 2 1 1 6142 1621 7338
1564 2 2 1 1 6844 5960 8737
1565 2 2 1 1 6326 1307 6864
1566 2 2 1 1 1442 1441 5459
1567 2 2 1 1 2779 4723 7347
1568 2 2 1 1 7182 2874 8052
1569 2 2 1 1 2744 5844 6682
1570 2 2 1 1 4824 5512 7023
1571 2 2 1 1 1488 1487 7990
1572 2 2 1 1 5704 6120 7681
1573 2 2 1 1 2851 2483 7229
1574 2 2 1 1 5528 2919 7226
1575 2 2 1 1 6116 7521 8396
1576 2 2 1 1 4641 7311 8769
1577 2 2 1 1 2034 6388 6393
1578 2 2 1 1 2845 4993 5513
1579 2 2 1 1 2836 4917 5377
1580 2 2 1 1 4410 4408 6486
1581 2 2 1 1 4747 2835 4878
1582 2 2 1 1 6551 7082 9404
1583 2 2 1 1 1331 1330 7346
1584 2 2 1 1 1331 7346 7481
1585 2 2 1 1 1371 1370 5403
1586 2 2 1 1 5916 5918 7891
1587 2 2 1 1 7151 3498 7236
1588 2 2 1 1 5089 3551 7198
1589 2 2 1 1 4202 6767 9531
1590 2 2 1 1 5964 4638 7276
1591 2 2 1 1 2714 7515 9172
1592 2 2 1 1 5586 5588 7947
1593 2 2 1 1 7685 1996 8789
1594 2 2 1 1 1470 7263 8159
1595 2 2 1 1 1367 4775 5778
1596 2 2 1 1 7044 3801 7612
1597 2 2 1 1 3481 6634 8182
1598 2 2 1 1 7251 3512 8389
1599 2 2 1 1 1550 1551 8547
1600 2 2 1 1 5510 3814 8184
1601 2 2 1 1 1338 1339 6861
1602 2 2 1 1 4866 4868 5387
1603 2 2 1 1 2755 7860 9709
1604 2 2 1 1 5608 5611 6554
1605 2 2 1 1 2760 5606 6727
1606 2 2 1 1 6106 1995 6108
1607 2 2 1 1 2775 4871 7584
1608 2 2 1 1 5416 8321 8785
1609 2 2 1 1 1364 1365 6516
1610 2 2 1 1 2859 6116 8396
1611 2 2 1 1 6501 2039 6763
1612 2 2 1 1 6188 3493 8033
1613 2 2 1 1 4844 3536 8873
1614 2 2 1 1 6360 6362 8835
1615 2 2 1 1 1471 1470 8159
1616 2 2 1 1 3896 5680 6495
1617 2 2 1 1 1283 6144 6664
1618 2 2 1 1 2767 5667 7904
1619 2 2 1 1 4333 4335 9498
1620 2 2 1 1 4845 3537 7475
1621 2 2 1 1 4230 4231 6614
1622 2 2 1 1 3537 3263 9072
1623 2 2 1 1 7929 7024 9787
1624 2 2 1 1 7315 4702 8724
1625 2 2 1 1 3541 4864 4866
1626 2 2 1 1 5340 3474 7124
1627 2 2 1 1 3696 5321 5453
1628 2 2 1 1 3674 4739 5378
1629 2 2 1 1 1320 1321 5344
1630 2 2 1 1 1268 1267 8077
1631 2 2 1 1 8279 5908 9156
1632 2 2 1 1 8278 5936 9171
1633 2 2 1 1 8077 1267 8248
1634 2 2 1 1 3764 4454 5525
1635 2 2 1 1 8239 5963 9190
1636 2 2 1 1 8265 5650 9094
1637 2 2 1 1 2469 5400 7663
1638 2 2 1 1 3566 5204 5206
1639 2 2 1 1 5838 5837 9135
1640 2 2 1 1 1421 1420 4913
1641 2 2 1 1 2013 6166 6168
1642 2 2 1 1 5674 5673 9096
1643 2 2 1 1 2401 2822 8299
1644 2 2 1 1 6124 2692 8739
1645 2 2 1 1 3440 4887 7718
1646 2 2 1 1 1419 4715 5519
1647 2 2 1 1 6065 2943 7517
1648 2 2 1 1 2063 6377 7316
1649 2 2 1 1 7761 6140 9275
1650 2 2 1 1 5434 7514 8397
1651 2 2 1 1 3182 3184 6073
1652 2 2 1 1 5388 3309 7455
1653 2 2 1 1 6459 7271 7601
1654 2 2 1 1 5533 5532 8420
1655 2 2 1 1 5621 5620 9029
1656 2 2 1 1 2471 2469 7663
1657 2 2 1 1 1264 6674 8803
1658 2 2 1 1 8894 1654 9112
1659 2 2 1 1 2034 6393 6745
1660 2 2 1 1 1431 1432 6255
1661 2 2 1 1 5852 5850 8081
1662 2 2 1 1 8086 4889 9306
1663 2 2 1 1 6358 6359 8698
1664 2 2 1 1 4926 8354 9677
1665 2 2 1 1 5756 2933 7241
1666 2 2 1 1 5562 5561 7734
1667 2 2 1 1 5758 5757 7821
1668 2 2 1 1 5636 5635 8449
1669 2 2 1 1 5879 5997 7565
1670 2 2 1 1 1442 5459 6125
1671 2 2 1 1 3430 4940 8318
1672 2 2 1 1 2003 6134 6136
1673 2 2 1 1 4444 7495 9021
1674 2 2 1 1 5412 2413 8229
1675 2 2 1 1 7280 5907 8088
1676 2 2 1 1 7272 6796 8426
1677 2 2 1 1 2861 5172 9151
1678 2 2 1 1 4739 3674 5504
1679 2 2 1 1 5820 5819 7846
1680 2 2 1 1 7220 1909 8994
1681 2 2 1 1 5646 5645 7021
1682 2 2 1 1 3357 3545 7199
1683 2 2 1 1 5896 6010 7559
1684 2 2 1 1 1401 1400 4934
1685 2 2 1 1 5905 6004 7557
1686 2 2 1 1 4018 3920 7129
1687 2 2 1 1 5453 5321 5454
1688 2 2 1 1 1619 7371 8362
1689 2 2 1 1 5945 2747 7737
1690 2 2 1 1 1624 6098 6100
1691 2 2 1 1 1431 6255 6347
1692 2 2 1 1 5738 5737 7673
1693 2 2 1 1 5823 5822 7117
1694 2 2 1 1 4638 5964 6365
1695 2 2 1 1 5712 5711 7678
1696 2 2 1 1 1332 7481 7592
1697 2 2 1 1 1332 1331 7481
1698 2 2 1 1 6108 1995 6644
1699 2 2 1 1 3821 6209 6210
1700 2 2 1 1 3520 4766 7297
1701 2 2 1 1 6379 2224 7758
1702 2 2 1 1 5434 3833 6172
1703 2 2 1 1 4715 1419 9667
1704 2 2 1 1 1860 7814 8568
1705 2 2 1 1 3054 3056 7036
1706 2 2 1 1 4926 7019 8354
1707 2 2 1 1 8122 4063 8195
1708 2 2 1 1 6866 5955 9037
1709 2 2 1 1 6731 1557 6732
1710 2 2 1 1 2767 5666 5667
1711 2 2 1 1 7860 7791 9709
1712 2 2 1 1 1539 4994 5514
1713 2 2 1 1 7159 5893 8938
1714 2 2 1 1 3485 7267 7359
1715 2 2 1 1 1889 5415 6489
1716 2 2 1 1 7994 5492 8954
1717 2 2 1 1 5958 5957 7700
1718 2 2 1 1 2751 8399 8678
1719 2 2 1 1 6179 6379 6700
1720 2 2 1 1 6876 5536 9492
1721 2 2 1 1 5573 3617 7723
1722 2 2 1 1 1742 5996 5998
1723 2 2 1 1 1731 6583 7045
1724 2 2 1 1 3497 8160 8443
1725 2 2 1 1 6116 2859 8428
1726 2 2 1 1 5512 3239 7023
1727 2 2 1 1 1580 6031 9084
1728 2 2 1 1 6038 6037 8951
1729 2 2 1 1 3513 5342 7179
1730 2 2 1 1 2069 6234 6237
1731 2 2 1 1 7514 6247 8397
1732 2 2 1 1 3515 4894 7242
1733 2 2 1 1 6161 6160 6738
1734 2 2 1 1 8227 6906 8361
1735 2 2 1 1 5943 5949 7519
1736 2 2 1 1 3309 3307 7455
1737 2 2 1 1 7771 4070 8271
1738 2 2 1 1 7655 4063 8122
1739 2 2 1 1 5397 2799 7264
1740 2 2 1 1 5665 6318 8463
1741 2 2 1 1 7042 2078 8834
1742 2 2 1 1 6152 1747 8256
1743 2 2 1 1 2239 2753 5421
1744 2 2 1 1 1338 6861 7497
1745 2 2 1 1 4083 6622 6855
1746 2 2 1 1 6767 6766 7687
1747 2 2 1 1 5550 1547 8083
1748 2 2 1 1 1482 1481 5422
1749 2 2 1 1 6762 6761 8336
1750 2 2 1 1 8510 2831 8730
1751 2 2 1 1 6713 6030 8098
1752 2 2 1 1 7485 7011 7862
1753 2 2 1 1 7189 3423 7191
1754 2 2 1 1 4860 2163 4861
1755 2 2 1 1 3526 4936 8072
1756 2 2 1 1 3512 5379 8389
1757 2 2 1 1 4895 3501 6694
1758 2 2 1 1 5317 5275 9128
1759 2 2 1 1 6316 2759 6317
1760 2 2 1 1 2646 6025 8776
1761 2 2 1 1 5880 3451 7983
1762 2 2 1 1 8288 8282 8289
1763 2 2 1 1 1433 1434 6173
1764 2 2 1 1 4582 4580 5519
1765 2 2 1 1 1513 7141 9002
1766 2 2 1 1 6280 6279 8584
1767 2 2 1 1 3454 7655 8122
1768 2 2 1 1 7809 3412 8488
1769 2 2 1 1 4727 1398 5503
1770 2 2 1 1 6147 3513 7196
1771 2 2 1 1 6339 7024 7929
1772 2 2 1 1 3691 2234 6299
1773 2 2 1 1 4735 4337 5649
1774 2 2 1 1 4886 2314 6148
1775 2 2 1 1 3559 5242 7067
1776 2 2 1 1 5425 1364 6516
1777 2 2 1 1 5844 2744 9244
1778 2 2 1 1 6302 6301 8146
1779 2 2 1 1 7171 5233 8010
1780 2 2 1 1 1809 6266 6267
1781 2 2 1 1 4191 7322 9223
1782 2 2 1 1 5573 5574 5575
1783 2 2 1 1 2224 6379 7079
1784 2 2 1 1 1337 1338 7497
1785 2 2 1 1 3697 3016 6328
1786 2 2 1 1 2013 6168 6692
1787 2 2 1 1 3814 5510 8792
1788 2 2 1 1 6014 6013 6015
1789 2 2 1 1 3824 7485 7862
1790 2 2 1 1 4414 5452 8394
1791 2 2 1 1 3642 5586 7947
1792 2 2 1 1 1433 6173 6683
1793 2 2 1 1 3432 3061 8189
1794 2 2 1 1 6202 5956 6867
1795 2 2 1 1 4697 3495 8521
1796 2 2 1 1 1514 1513 9002
1797 2 2 1 1 4461 3494 9031
1798 2 2 1 1 1530 1529 4911
1799 2 2 1 1 5403 1370 6214
1800 2 2 1 1 2537 5203 9641
1801 2 2 1 1 5619 7182 8052
1802 2 2 1 1 5374 1324 6681
1803 2 2 1 1 6915 3422 7270
1804 2 2 1 1 1349 1350 6571
1805 2 2 1 1 1571 1570 5424
1806 2 2 1 1 3467 3332 7010
1807 2 2 1 1 5672 1927 6987
1808 2 2 1 1 4904 3477 6736
1809 2 2 1 1 8161 2134 8894
1810 2 2 1 1 6414 6413 8181
1811 2 2 1 1 1333 1332 7592
1812 2 2 1 1 4995 5530 8754
1813 2 2 1 1 2762 7771 8271
1814 2 2 1 1 4690 4687 8372
1815 2 2 1 1 2003 6136 6668
1816 2 2 1 1 7298 1707 7753
1817 2 2 1 1 1333 7592 7729
1818 2 2 1 1 1399 4727 5551
1819 2 2 1 1 1330 4858 6180
1820 2 2 1 1 1552 5386 8547
1821 2 2 1 1 4423 7167 9310
1822 2 2 1 1 2022 6949 6952
1823 2 2 1 1 5956 6866 6867
1824 2 2 1 1 6510 6509 6625
1825 2 2 1 1 6625 7632 9070
1826 2 2 1 1 3506 5525 7774
1827 2 2 1 1 1624 6100 6638
1828 2 2 1 1 2759 6316 6319
1829 2 2 1 1 1267 1266 8248
1830 2 2 1 1 6537 6536 6663
1831 2 2 1 1 5060 5064 5078
1832 2 2 1 1 5565 5564 7209
1833 2 2 1 1 1307 1306 6864
1834 2 2 1 1 7904 5667 9748
1835 2 2 1 1 1560 1561 6246
1836 2 2 1 1 8248 1266 8393
1837 2 2 1 1 8099 6028 8850
1838 2 2 1 1 1742 5998 6600
1839 2 2 1 1 5270 3575 8876
1840 2 2 1 1 5285 3580 8878
1841 2 2 1 1 6908 7809 8488
1842 2 2 1 1 5217 3557 9139
1843 2 2 1 1 5788 8655 8690
1844 2 2 1 1 1378 1379 4921
1845 2 2 1 1 5229 3568 8877
1846 2 2 1 1 1457 1456 6679
1847 2 2 1 1 3369 3366 5521
1848 2 2 1 1 1349 6571 7145
1849 2 2 1 1 1309 1310 7090
1850 2 2 1 1 6373 6375 8944
1851 2 2 1 1 3466 7295 7296
1852 2 2 1 1 4337 4333 5649
1853 2 2 1 1 6563 7923 8335
1854 2 2 1 1 4719 3538 6860
1855 2 2 1 1 4725 3600 8932
1856 2 2 1 1 2836 4915 4917
1857 2 2 1 1 4917 4919 5377
1858 2 2 1 1 4642 5450 8516
1859 2 2 1 1 1560 6246 6363
1860 2 2 1 1 4023 4021 6221
1861 2 2 1 1 1369 4937 6214
1862 2 2 1 1 4845 4847 9626
1863 2 2 1 1 6974 4444 9021
1864 2 2 1 1 6622 2174 6855
1865 2 2 1 1 6000 5999 7998
1866 2 2 1 1 3441 8122 8195
1867 2 2 1 1 3392 5360 7118
1868 2 2 1 1 4942 2753 7131
1869 2 2 1 1 8271 4070 8368
1870 2 2 1 1 4623 4621 5551
1871 2 2 1 1 7826 7831 9537
1872 2 2 1 1 5062 5065 5085
1873 2 2 1 1 7973 8518 8589
1874 2 2 1 1 2692 6124 8518
1875 2 2 1 1 3089 3430 8318
1876 2 2 1 1 6716 6023 6717
1877 2 2 1 1 6255 1432 6683
1878 2 2 1 1 2098 6006 9785
1879 2 2 1 1 5206 5208 5209
1880 2 2 1 1 2983 5371 7598
1881 2 2 1 1 6864 1306 7518
1882 2 2 1 1 8603 4697 8686
1883 2 2 1 1 4960 5397 7264
1884 2 2 1 1 3650 6540 6566
1885 2 2 1 1 6361 7137 8016
1886 2 2 1 1 1457 6679 7283
1887 2 2 1 1 2673 6626 8330
1888 2 2 1 1 6725 1554 7040
1889 2 2 1 1 4024 4025 6649
1890 2 2 1 1 1334 7729 7845
1891 2 2 1 1 4787 6147 7196
1892 2 2 1 1 1334 1333 7729
1893 2 2 1 1 5370 3485 7359
1894 2 2 1 1 3871 4245 6081
1895 2 2 1 1 6452 2036 8262
1896 2 2 1 1 3167 3411 4930
1897 2 2 1 1 1290 1291 5389
1898 2 2 1 1 7311 4704 8969
1899 2 2 1 1 1501 1502 5482
1900 2 2 1 1 1317 1316 5244
1901 2 2 1 1 3185 5370 6149
1902 2 2 1 1 5755 3467 7010
1903 2 2 1 1 7832 2766 9166
1904 2 2 1 1 1373 1372 5769
1905 2 2 1 1 4190 6884 9443
1906 2 2 1 1 4703 4627 5503
1907 2 2 1 1 4335 5597 9498
1908 2 2 1 1 4134 5437 7332
1909 2 2 1 1 5081 5086 6859
1910 2 2 1 1 3495 4697 8603
1911 2 2 1 1 1309 7090 8199
1912 2 2 1 1 7880 7870 7882
1913 2 2 1 1 628 629 5574
1914 2 2 1 1 5879 3504 7930
1915 2 2 1 1 1317 5244 5245
1916 2 2 1 1 3521 7252 7816
1917 2 2 1 1 1312 5466 5467
1918 2 2 1 1 8490 6056 8675
1919 2 2 1 1 1337 7497 8092
1920 2 2 1 1 5074 5077 9205
1921 2 2 1 1 4538 7569 8461
1922 2 2 1 1 6649 4463 8045
1923 2 2 1 1 4296 4256 6609
1924 2 2 1 1 5494 1534 7025
1925 2 2 1 1 4938 637 8841
1926 2 2 1 1 5021 5020 5366
1927 2 2 1 1 6905 6904 7784
1928 2 2 1 1 5389 1291 5390
1929 2 2 1 1 1621 6142 7523
1930 2 2 1 1 1261 1262 6724
1931 2 2 1 1 4446 6776 9084
1932 2 2 1 1 6544 5952 6546
1933 2 2 1 1 2052 6454 6455
1934 2 2 1 1 9422 5197 9455
1935 2 2 1 1 1320 5344 5684
1936 2 2 1 1 1494 8020 8861
1937 2 2 1 1 4987 2826 8964
1938 2 2 1 1 6011 6013 6014
1939 2 2 1 1 5454 1296 6665
1940 2 2 1 1 3422 6915 9409
1941 2 2 1 1 5004 6537 6663
1942 2 2 1 1 5735 5736 8070
1943 2 2 1 1 6329 1506 6330
1944 2 2 1 1 8462 5156 8761
1945 2 2 1 1 3447 3182 6073
1946 2 2 1 1 1257 6369 8687
1947 2 2 1 1 4488 5501 8316
1948 2 2 1 1 6651 6650 6708
1949 2 2 1 1 1562 1563 6150
1950 2 2 1 1 8575 1263 8937
1951 2 2 1 1 4711 4709 5778
1952 2 2 1 1 4993 4991 6615
1953 2 2 1 1 4984 5233 7275
1954 2 2 1 1 4233 4230 6614
1955 2 2 1 1 5692 7233 8444
1956 2 2 1 1 5917 2752 7302
1957 2 2 1 1 5521 3366 9684
1958 2 2 1 1 1266 1265 8393
1959 2 2 1 1 1495 1494 8861
1960 2 2 1 1 6358 6357 6359
1961 2 2 1 1 4163 5428 8520
1962 2 2 1 1 5761 5760 7135
1963 2 2 1 1 1318 1317 5245
1964 2 2 1 1 8393 1265 8522
1965 2 2 1 1 3190 3192 7709
1966 2 2 1 1 1336 1337 8092
1967 2 2 1 1 3536 4844 8957
1968 2 2 1 1 6354 5730 6356
1969 2 2 1 1 4947 2789 6999
1970 2 2 1 1 2048 6502 6504
1971 2 2 1 1 1312 1311 5466
1972 2 2 1 1 1323 1322 6366
1973 2 2 1 1 2688 6602 8238
1974 2 2 1 1 6310 7327 7328
1975 2 2 1 1 2845 5233 7171
1976 2 2 1 1 3192 3433 7709
1977 2 2 1 1 4894 3225 5420
1978 2 2 1 1 3801 4468 7612
1979 2 2 1 1 1471 8159 8588
1980 2 2 1 1 3707 2867 4922
1981 2 2 1 1 3332 3334 7010
1982 2 2 1 1 3593 5042 5322
1983 2 2 1 1 7311 5333 8769
1984 2 2 1 1 3170 3172 5589
1985 2 2 1 1 589 4880 8019
1986 2 2 1 1 1432 1433 6683
1987 2 2 1 1 2741 8271 8368
1988 2 2 1 1 7176 4430 8729
1989 2 2 1 1 7252 4843 7816
1990 2 2 1 1 6143 7832 9166
1991 2 2 1 1 7052 8885 9481
1992 2 2 1 1 3243 3526 8072
1993 2 2 1 1 6512 2765 8683
1994 2 2 1 1 5428 4163 8486
1995 2 2 1 1 1562 6150 6718
1996 2 2 1 1 7107 6041 8951
1997 2 2 1 1 4718 2974 7902
1998 2 2 1 1 3502 8603 8686
1999 2 2 1 1 6422 6424 8624
2000 2 2 1 1 3205 7315 8724
2001 2 2 1 1 2964 5362 7454
2002 2 2 1 1 1472 1471 8588
2003 2 2 1 1 5466 1311 6739
2004 2 2 1 1 6187 6188 8033
2005 2 2 1 1 4729 3512 7251
2006 2 2 1 1 1913 6903 9362
2007 2 2 1 1 7214 7791 7860
2008 2 2 1 1 4929 4637 6365
2009 2 2 1 1 5342 4780 7179
2010 2 2 1 1 3031 3440 7718
2011 2 2 1 1 7188 7817 7917
2012 2 2 1 1 1715 8577 9512
2013 2 2 1 1 1318 5245 5247
2014 2 2 1 1 7113 5835 7363
2015 2 2 1 1 8052 8051 8443
2016 2 2 1 1 5452 4414 8674
2017 2 2 1 1 2843 5377 9680
2018 2 2 1 1 6439 2149 7688
2019 2 2 1 1 6072 3447 6073
2020 2 2 1 1 2412 2744 6682
2021 2 2 1 1 1335 1334 7845
2022 2 2 1 1 8303 2001 9398
2023 2 2 1 1 2381 5437 7399
2024 2 2 1 1 6274 1250 9681
2025 2 2 1 1 5769 1372 6385
2026 2 2 1 1 1283 1282 6144
2027 2 2 1 1 1335 7845 8039
2028 2 2 1 1 1915 6285 7343
2029 2 2 1 1 1501 5482 6126
2030 2 2 1 1 3442 4701 8240
2031 2 2 1 1 5840 5842 8678
2032 2 2 1 1 5172 2861 9099
2033 2 2 1 1 1847 5604 6554
2034 2 2 1 1 2259 2775 7584
2035 2 2 1 1 8522 1264 8575
2036 2 2 1 1 4370 4372 5906
2037 2 2 1 1 3456 4705 7474
2038 2 2 1 1 3696 3602 5319
2039 2 2 1 1 5386 1552 9713
2040 2 2 1 1 3881 4444 6974
2041 2 2 1 1 1323 6366 6681
2042 2 2 1 1 6075 3490 7943
2043 2 2 1 1 7189 7188 7917
2044 2 2 1 1 6958 6959 9113
2045 2 2 1 1 5752 7184 8933
2046 2 2 1 1 1363 1364 5425
2047 2 2 1 1 1277 1278 7304
2048 2 2 1 1 2920 2919 5528
2049 2 2 1 1 5454 5321 6191
2050 2 2 1 1 1552 1551 6477
2051 2 2 1 1 5061 3496 5340
2052 2 2 1 1 1430 1431 6347
2053 2 2 1 1 2934 2933 5756
2054 2 2 1 1 4771 1475 9533
2055 2 2 1 1 8682 6137 9759
2056 2 2 1 1 5878 5880 7983
2057 2 2 1 1 3485 5000 7301
2058 2 2 1 1 1476 1475 6517
2059 2 2 1 1 2826 4987 8730
2060 2 2 1 1 7503 2139 8921
2061 2 2 1 1 1430 6347 6657
2062 2 2 1 1 1371 5403 6385
2063 2 2 1 1 5604 1847 5615
2064 2 2 1 1 3509 6147 9389
2065 2 2 1 1 3447 6071 7943
2066 2 2 1 1 4861 2161 9423
2067 2 2 1 1 6318 8464 8635
2068 2 2 1 1 4994 1540 6335
2069 2 2 1 1 7544 9145 9217
2070 2 2 1 1 7299 7753 7754
2071 2 2 1 1 3449 7324 7674
2072 2 2 1 1 2944 2943 6065
2073 2 2 1 1 1311 1310 6739
2074 2 2 1 1 4187 7477 9013
2075 2 2 1 1 1319 1318 5247
2076 2 2 1 1 6355 6357 6358
2077 2 2 1 1 5386 4997 8547
2078 2 2 1 1 1428 1429 6526
2079 2 2 1 1 1265 1264 8522
2080 2 2 1 1 5212 5216 5318
2081 2 2 1 1 6187 3584 6703
2082 2 2 1 1 2864 9422 9455
2083 2 2 1 1 1306 1305 7518
2084 2 2 1 1 6846 3582 9603
2085 2 2 1 1 1298 1297 6191
2086 2 2 1 1 2273 2779 7347
2087 2 2 1 1 6017 6961 9272
2088 2 2 1 1 4625 4727 5503
2089 2 2 1 1 6246 1561 6718
2090 2 2 1 1 1554 1555 7040
2091 2 2 1 1 4913 1420 5519
2092 2 2 1 1 5434 6172 7514
2093 2 2 1 1 6495 5680 9562
2094 2 2 1 1 5224 5228 5334
2095 2 2 1 1 1482 5422 6996
2096 2 2 1 1 8132 7470 9549
2097 2 2 1 1 1428 6526 6610
2098 2 2 1 1 2897 3520 7093
2099 2 2 1 1 7309 4423 9310
2100 2 2 1 1 7049 7050 7878
2101 2 2 1 1 2069 6237 7511
2102 2 2 1 1 2036 7303 8262
2103 2 2 1 1 5421 2753 5681
2104 2 2 1 1 4756 3520 7297
2105 2 2 1 1 5692 5696 7233
2106 2 2 1 1 7327 1818 8124
2107 2 2 1 1 2907 3501 7065
2108 2 2 1 1 7888 2072 8101
2109 2 2 1 1 6890 6889 8339
2110 2 2 1 1 5241 5239 6479
2111 2 2 1 1 6369 1257 8066
2112 2 2 1 1 6236 3844 7749
2113 2 2 1 1 1541 4503 8636
2114 2 2 1 1 6870 6869 6878
2115 2 2 1 1 2155 7103 7745
2116 2 2 1 1 4450 8800 8817
2117 2 2 1 1 6376 6373 8944
2118 2 2 1 1 3520 2895 6680
2119 2 2 1 1 4737 4410 6486
2120 2 2 1 1 8402 7443 9037
2121 2 2 1 1 5265 5269 5345
2122 2 2 1 1 1397 1396 9520
2123 2 2 1 1 3911 5001 7358
2124 2 2 1 1 8176 8177 8306
2125 2 2 1 1 6071 6075 7943
2126 2 2 1 1 2078 5767 8834
2127 2 2 1 1 3423 7189 7917
2128 2 2 1 1 7146 7602 8161
2129 2 2 1 1 8816 1869 9195
2130 2 2 1 1 5216 5214 7224
2131 2 2 1 1 4927 3742 5394
2132 2 2 1 1 5665 5663 8464
2133 2 2 1 1 4934 1400 5551
2134 2 2 1 1 5210 4517 9369
2135 2 2 1 1 1336 1335 8039
2136 2 2 1 1 5051 3574 5052
2137 2 2 1 1 5091 2841 5092
2138 2 2 1 1 5424 1570 5468
2139 2 2 1 1 6339 7929 9113
2140 2 2 1 1 3481 5382 6634
2141 2 2 1 1 7518 1305 8185
2142 2 2 1 1 2883 3512 7068
2143 2 2 1 1 2157 7103 8025
2144 2 2 1 1 3575 5223 5334
2145 2 2 1 1 3590 5087 5088
2146 2 2 1 1 3517 5059 5078
2147 2 2 1 1 1319 5247 5274
2148 2 2 1 1 1809 6267 7526
2149 2 2 1 1 3580 5264 5345
2150 2 2 1 1 5075 3474 6527
2151 2 2 1 1 3568 5211 5318
2152 2 2 1 1 2873 3708 5380
2153 2 2 1 1 2196 5406 7552
2154 2 2 1 1 1336 8039 8113
2155 2 2 1 1 6461 6460 7937
2156 2 2 1 1 3365 6621 8317
2157 2 2 1 1 6682 5843 8399
2158 2 2 1 1 4858 1330 9634
2159 2 2 1 1 4503 1541 8754
2160 2 2 1 1 6526 1429 6657
2161 2 2 1 1 3504 5878 7983
2162 2 2 1 1 6713 6242 7431
2163 2 2 1 1 1533 1534 8343
2164 2 2 1 1 3077 3464 7178
2165 2 2 1 1 8800 2825 8817
2166 2 2 1 1 1618 6760 7125
2167 2 2 1 1 2781 2212 5429
2168 2 2 1 1 5275 5276 9128
2169 2 2 1 1 3494 4461 9148
2170 2 2 1 1 2810 6410 7720
2171 2 2 1 1 3709 2994 5427
2172 2 2 1 1 2815 7126 7360
2173 2 2 1 1 8825 5039 9024
2174 2 2 1 1 5342 3508 9623
2175 2 2 1 1 8074 4355 8530
2176 2 2 1 1 5321 5320 5323
2177 2 2 1 1 5417 8145 8301
2178 2 2 1 1 6120 5704 6122
2179 2 2 1 1 1507 1506 6329
2180 2 2 1 1 5236 3549 6976
2181 2 2 1 1 4687 4685 6607
2182 2 2 1 1 8343 1534 8565
2183 2 2 1 1 2865 5249 5250
2184 2 2 1 1 1677 7020 7157
2185 2 2 1 1 6620 3417 9382
2186 2 2 1 1 1277 7304 8247
2187 2 2 1 1 6116 3555 7432
2188 2 2 1 1 8247 7304 8736
2189 2 2 1 1 5834 5833 7430
2190 2 2 1 1 6810 6809 6888
2191 2 2 1 1 1673 8924 9779
2192 2 2 1 1 4767 3501 7950
2193 2 2 1 1 3600 5308 5310
2194 2 2 1 1 1636 5921 8224
2195 2 2 1 1 3543 5287 5288
2196 2 2 1 1 6669 4359 7469
2197 2 2 1 1 5354 5352 5990
2198 2 2 1 1 1458 1457 7283
2199 2 2 1 1 3585 5296 5297
2200 2 2 1 1 1558 1559 6364
2201 2 2 1 1 2375 2815 6856
2202 2 2 1 1 5616 2737 5618
2203 2 2 1 1 2104 6543 8577
2204 2 2 1 1 2747 5381 9662
2205 2 2 1 1 7267 3485 7301
2206 2 2 1 1 3387 3538 6815
2207 2 2 1 1 2593 3600 6857
2208 2 2 1 1 1320 1319 5274
2209 2 2 1 1 5458 1313 5467
2210 2 2 1 1 2816 8825 9024
2211 2 2 1 1 7735 4489 9048
2212 2 2 1 1 5963 5961 9190
2213 2 2 1 1 3559 3295 6845
2214 2 2 1 1 4295 5945 7737
2215 2 2 1 1 8439 2821 8486
2216 2 2 1 1 1738 7321 9105
2217 2 2 1 1 6411 2810 7955
2218 2 2 1 1 1218 2159 8744
2219 2 2 1 1 6461 7937 9528
2220 2 2 1 1 6144 1282 6966
2221 2 2 1 1 1612 8558 8904
2222 2 2 1 1 3884 4755 8632
2223 2 2 1 1 3313 3582 6846
2224 2 2 1 1 4434 5646 8940
2225 2 2 1 1 7632 3808 9070
2226 2 2 1 1 8968 4496 9601
2227 2 2 1 1 4927 5394 9191
2228 2 2 1 1 8793 4008 9069
2229 2 2 1 1 6662 1838 6663
2230 2 2 1 1 5052 5055 5481
2231 2 2 1 1 3474 5075 7459
2232 2 2 1 1 4965 4964 5514
2233 2 2 1 1 5471 1256 5472
2234 2 2 1 1 2557 3557 6818
2235 2 2 1 1 1559 6363 6364
2236 2 2 1 1 2748 6419 6420
2237 2 2 1 1 5041 5261 9239
2238 2 2 1 1 617 618 6523
2239 2 2 1 1 7765 3535 9597
2240 2 2 1 1 1337 8113 8183
2241 2 2 1 1 3229 3515 6783
2242 2 2 1 1 7676 2703 9508
2243 2 2 1 1 1337 1336 8113
2244 2 2 1 1 3865 4875 7339
2245 2 2 1 1 5927 5929 7537
2246 2 2 1 1 2815 5393 7126
2247 2 2 1 1 4191 4424 7322
2248 2 2 1 1 629 1881 5574
2249 2 2 1 1 5254 5250 5469
2250 2 2 1 1 2565 3568 6790
2251 2 2 1 1 1488 7990 8757
2252 2 2 1 1 3406 6551 9027
2253 2 2 1 1 5695 5694 9333
2254 2 2 1 1 4504 8848 9341
2255 2 2 1 1 6061 6551 9404
2256 2 2 1 1 6071 3447 6072
2257 2 2 1 1 2384 2386 6319
2258 2 2 1 1 6010 5896 6012
2259 2 2 1 1 2573 3575 6765
2260 2 2 1 1 6167 6129 8858
2261 2 2 1 1 1458 7283 7780
2262 2 2 1 1 6968 5624 9029
2263 2 2 1 1 6296 7704 8797
2264 2 2 1 1 1703 6353 9152
2265 2 2 1 1 4950 4949 8023
2266 2 2 1 1 6484 8960 9537
2267 2 2 1 1 1429 1430 6657
2268 2 2 1 1 1530 4911 5510
2269 2 2 1 1 8558 4504 8904
2270 2 2 1 1 5450 4642 8753
2271 2 2 1 1 1336 8092 8391
2272 2 2 1 1 1561 1562 6718
2273 2 2 1 1 2581 3580 6740
2274 2 2 1 1 4486 2815 7360
2275 2 2 1 1 5313 3587 9560
2276 2 2 1 1 5329 2778 9627
2277 2 2 1 1 3626 6454 9517
2278 2 2 1 1 1320 5274 5365
2279 2 2 1 1 2799 6488 7286
2280 2 2 1 1 3464 7255 7490
2281 2 2 1 1 4411 4412 5504
2282 2 2 1 1 2052 6455 7582
2283 2 2 1 1 4701 3442 8272
2284 2 2 1 1 5162 8598 8804
2285 2 2 1 1 2706 7117 7230
2286 2 2 1 1 6884 7554 9007
2287 2 2 1 1 5407 5648 8425
2288 2 2 1 1 5513 4993 6615
2289 2 2 1 1 5822 5825 7117
2290 2 2 1 1 5949 5943 5951
2291 2 2 1 1 1403 1402 5430
2292 2 2 1 1 5292 5288 5479
2293 2 2 1 1 3865 7339 8162
2294 2 2 1 1 6422 5842 8677
2295 2 2 1 1 4163 8439 8486
2296 2 2 1 1 6706 1267 8480
2297 2 2 1 1 7324 4336 7674
2298 2 2 1 1 4997 5386 9043
2299 2 2 1 1 7321 7322 9105
2300 2 2 1 1 6724 1262 8984
2301 2 2 1 1 2048 6504 7591
2302 2 2 1 1 3650 6566 8706
2303 2 2 1 1 1559 1560 6363
2304 2 2 1 1 6081 1849 6827
2305 2 2 1 1 2312 6412 7430
2306 2 2 1 1 4501 4502 8296
2307 2 2 1 1 4994 4968 5514
2308 2 2 1 1 4758 1564 8036
2309 2 2 1 1 5556 5718 8860
2310 2 2 1 1 5962 5960 6844
2311 2 2 1 1 1335 1336 8391
2312 2 2 1 1 3513 7179 7196
2313 2 2 1 1 3629 5618 7710
2314 2 2 1 1 5809 5807 7078
2315 2 2 1 1 1640 6407 8605
2316 2 2 1 1 1445 1446 8152
2317 2 2 1 1 5059 5060 5078
2318 2 2 1 1 1334 8620 9009
2319 2 2 1 1 2829 4435 9384
2320 2 2 1 1 1348 1349 7145
2321 2 2 1 1 4462 3691 6299
2322 2 2 1 1 6607 4685 6789
2323 2 2 1 1 2776 2169 5005
2324 2 2 1 1 2747 7566 7737
2325 2 2 1 1 5077 7388 9205
2326 2 2 1 1 4872 2781 5429
2327 2 2 1 1 1363 5425 6032
2328 2 2 1 1 5776 4206 5777
2329 2 2 1 1 3464 5410 7255
2330 2 2 1 1 8321 5416 9607
2331 2 2 1 1 4870 3709 5427
2332 2 2 1 1 3587 5279 9560
2333 2 2 1 1 3558 5904 8572
2334 2 2 1 1 1861 7916 8090
2335 2 2 1 1 8079 4876 9167
2336 2 2 1 1 5310 5309 5311
2337 2 2 1 1 6514 6512 8683
2338 2 2 1 1 5300 5297 5490
2339 2 2 1 1 6261 1515 9002
2340 2 2 1 1 1489 1488 8757
2341 2 2 1 1 4459 3697 6328
2342 2 2 1 1 4949 7380 8023
2343 2 2 1 1 1558 6731 9408
2344 2 2 1 1 7226 2919 7712
2345 2 2 1 1 594 595 5615
2346 2 2 1 1 1321 1320 5365
2347 2 2 1 1 6394 2056 7567
2348 2 2 1 1 2855 5188 8478
2349 2 2 1 1 4501 8296 9545
2350 2 2 1 1 1315 1314 5373
2351 2 2 1 1 7146 6466 9207
2352 2 2 1 1 5261 5041 8433
2353 2 2 1 1 1505 1506 5402
2354 2 2 1 1 6004 5905 8615
2355 2 2 1 1 1446 7273 8152
2356 2 2 1 1 7929 2678 8484
2357 2 2 1 1 3927 5817 5818
2358 2 2 1 1 4488 8316 9085
2359 2 2 1 1 1401 4934 6243
2360 2 2 1 1 5228 5226 7265
2361 2 2 1 1 4355 5871 8530
2362 2 2 1 1 2145 5516 5517
2363 2 2 1 1 5417 4688 7457
2364 2 2 1 1 4419 4370 5906
2365 2 2 1 1 7027 4069 8714
2366 2 2 1 1 1520 1519 5347
2367 2 2 1 1 1564 4758 9451
2368 2 2 1 1 1335 8391 8620
2369 2 2 1 1 2768 6245 7624
2370 2 2 1 1 6634 4340 8182
2371 2 2 1 1 1421 4913 6276
2372 2 2 1 1 5223 5224 5334
2373 2 2 1 1 2163 4860 9770
2374 2 2 1 1 636 637 4881
2375 2 2 1 1 5264 5265 5345
2376 2 2 1 1 5211 5212 5318
2377 2 2 1 1 5878 3504 5879
2378 2 2 1 1 5051 5052 5481
2379 2 2 1 1 1525 1526 7085
2380 2 2 1 1 1551 1552 8547
2381 2 2 1 1 1348 7145 7611
2382 2 2 1 1 1427 6610 6635
2383 2 2 1 1 4019 5483 6792
2384 2 2 1 1 2869 3707 4926
2385 2 2 1 1 2985 2983 7598
2386 2 2 1 1 5630 5631 8967
2387 2 2 1 1 5327 3448 6660
2388 2 2 1 1 1338 1337 8183
2389 2 2 1 1 7985 4190 9443
2390 2 2 1 1 3468 5337 6628
2391 2 2 1 1 7972 5852 8081
2392 2 2 1 1 7084 1525 7085
2393 2 2 1 1 4945 5351 7843
2394 2 2 1 1 5997 5879 9618
2395 2 2 1 1 2713 3606 5394
2396 2 2 1 1 4419 5906 9627
2397 2 2 1 1 8748 5693 9116
2398 2 2 1 1 3067 3417 6620
2399 2 2 1 1 2402 2404 6424
2400 2 2 1 1 6569 1887 8992
2401 2 2 1 1 1338 8183 8249
2402 2 2 1 1 6102 7826 9537
2403 2 2 1 1 7150 7149 9105
2404 2 2 1 1 5048 6846 9603
2405 2 2 1 1 5437 2808 7181
2406 2 2 1 1 3420 7311 8969
2407 2 2 1 1 1324 1323 6681
2408 2 2 1 1 1427 1428 6610
2409 2 2 1 1 1333 1334 9009
2410 2 2 1 1 5308 5309 5310
2411 2 2 1 1 3538 3385 5954
2412 2 2 1 1 5250 5249 5469
2413 2 2 1 1 4412 4739 5504
2414 2 2 1 1 6558 7483 7484
2415 2 2 1 1 6621 3365 8380
2416 2 2 1 1 8519 7926 8552
2417 2 2 1 1 3299 3297 7172
2418 2 2 1 1 5233 2625 7275
2419 2 2 1 1 2800 5039 8825
2420 2 2 1 1 4775 1367 9716
2421 2 2 1 1 7193 5543 7289
2422 2 2 1 1 5530 4995 8197
2423 2 2 1 1 1602 6650 7610
2424 2 2 1 1 3283 5933 9673
2425 2 2 1 1 3056 3524 7036
2426 2 2 1 1 4541 3545 8388
2427 2 2 1 1 3857 6278 8044
2428 2 2 1 1 5656 5659 9554
2429 2 2 1 1 7040 1555 7946
2430 2 2 1 1 5604 5605 6554
2431 2 2 1 1 4634 4638 6365
2432 2 2 1 1 7135 7951 9574
2433 2 2 1 1 2740 6016 6018
2434 2 2 1 1 3531 8392 8600
2435 2 2 1 1 7714 6922 9506
2436 2 2 1 1 2806 3727 5393
2437 2 2 1 1 1506 1505 6330
2438 2 2 1 1 1334 1335 8620
2439 2 2 1 1 6235 3618 6238
2440 2 2 1 1 5288 5287 5479
2441 2 2 1 1 3996 3994 6180
2442 2 2 1 1 5417 3489 8145
2443 2 2 1 1 3000 5527 7336
2444 2 2 1 1 4991 4997 6615
2445 2 2 1 1 5297 5296 5490
2446 2 2 1 1 6318 5665 8464
2447 2 2 1 1 6626 2673 8405
2448 2 2 1 1 6245 2773 9503
2449 2 2 1 1 5572 5573 7723
2450 2 2 1 1 3509 3221 6147
2451 2 2 1 1 2218 5524 7323
2452 2 2 1 1 3553 3283 9673
2453 2 2 1 1 4435 2829 9194
2454 2 2 1 1 7320 4300 8505
2455 2 2 1 1 5351 3368 7843
2456 2 2 1 1 7905 3997 8488
2457 2 2 1 1 4637 4929 9780
2458 2 2 1 1 2337 2773 6245
2459 2 2 1 1 1423 1422 5457
2460 2 2 1 1 5003 5004 6663
2461 2 2 1 1 6863 7849 8251
2462 2 2 1 1 6651 6708 9495
2463 2 2 1 1 2779 5435 7216
2464 2 2 1 1 3578 2639 5922
2465 2 2 1 1 4565 4567 5478
2466 2 2 1 1 5525 4454 7774
2467 2 2 1 1 4881 637 4938
2468 2 2 1 1 5516 4491 5517
2469 2 2 1 1 1328 1329 5511
2470 2 2 1 1 5648 2791 8425
2471 2 2 1 1 8354 3708 9677
2472 2 2 1 1 5379 2876 5380
2473 2 2 1 1 7864 5570 8527
2474 2 2 1 1 2021 6705 7683
2475 2 2 1 1 8454 1557 8723
2476 2 2 1 1 6410 6412 7720
2477 2 2 1 1 4897 3394 8423
2478 2 2 1 1 1308 1309 8199
2479 2 2 1 1 4853 3515 7240
2480 2 2 1 1 3506 5404 5525
2481 2 2 1 1 1426 6635 6659
2482 2 2 1 1 6338 6339 6959
2483 2 2 1 1 1339 1338 8249
2484 2 2 1 1 5586 3642 5587
2485 2 2 1 1 1339 8249 8314
2486 2 2 1 1 5321 5323 6191
2487 2 2 1 1 2685 5829 8619
2488 2 2 1 1 2760 2733 6728
2489 2 2 1 1 1767 7003 7435
2490 2 2 1 1 2779 7216 7657
2491 2 2 1 1 3517 3381 5059
2492 2 2 1 1 2133 6941 8285
2493 2 2 1 1 6829 5678 9096
2494 2 2 1 1 4735 6620 9382
2495 2 2 1 1 8398 2852 8478
2496 2 2 1 1 1501 1500 5456
2497 2 2 1 1 6602 2688 8395
2498 2 2 1 1 8041 4920 8759
2499 2 2 1 1 1257 1256 5471
2500 2 2 1 1 5564 5567 7209
2501 2 2 1 1 7973 2692 8518
2502 2 2 1 1 7204 5556 7282
2503 2 2 1 1 2834 2662 5050
2504 2 2 1 1 6615 4997 9043
2505 2 2 1 1 8735 3824 9546
2506 2 2 1 1 4687 6607 8372
2507 2 2 1 1 1524 1525 7084
2508 2 2 1 1 2925 3743 5382
2509 2 2 1 1 2757 7833 8394
2510 2 2 1 1 1534 1535 8565
2511 2 2 1 1 1558 6364 8723
2512 2 2 1 1 7732 1656 8280
2513 2 2 1 1 2197 2196 7552
2514 2 2 1 1 6348 7689 9505
2515 2 2 1 1 5817 3927 9436
2516 2 2 1 1 3838 6208 6209
2517 2 2 1 1 4411 5504 6616
2518 2 2 1 1 4685 4683 6789
2519 2 2 1 1 6972 6971 8447
2520 2 2 1 1 6533 1865 9098
2521 2 2 1 1 3590 3363 5087
2522 2 2 1 1 3496 3377 5340
2523 2 2 1 1 3552 2547 9739
2524 2 2 1 1 3592 2644 5262
2525 2 2 1 1 5823 6655 7116
2526 2 2 1 1 1847 594 5615
2527 2 2 1 1 8316 3711 9085
2528 2 2 1 1 5760 5763 7135
2529 2 2 1 1 2828 4450 8817
2530 2 2 1 1 7172 3297 9635
2531 2 2 1 1 1523 4910 8475
2532 2 2 1 1 6515 6310 7328
2533 2 2 1 1 4236 6569 6614
2534 2 2 1 1 1251 1252 7800
2535 2 2 1 1 3523 3347 5232
2536 2 2 1 1 2629 2845 5513
2537 2 2 1 1 2547 5209 9739
2538 2 2 1 1 1426 1427 6635
2539 2 2 1 1 2865 2635 5249
2540 2 2 1 1 6278 3036 8044
2541 2 2 1 1 2919 2917 8532
2542 2 2 1 1 2775 5463 7334
2543 2 2 1 1 6676 5216 7224
2544 2 2 1 1 4648 5316 9483
2545 2 2 1 1 5953 9080 9107
2546 2 2 1 1 1425 6659 6711
2547 2 2 1 1 3988 7027 7500
2548 2 2 1 1 3480 3735 5410
2549 2 2 1 1 6493 2038 7636
2550 2 2 1 1 8565 1535 8794
2551 2 2 1 1 4774 9388 9652
2552 2 2 1 1 3864 8162 8242
2553 2 2 1 1 1425 1426 6659
2554 2 2 1 1 3337 3487 5426
2555 2 2 1 1 4683 4681 7095
2556 2 2 1 1 2826 2617 5263
2557 2 2 1 1 2807 2609 5397
2558 2 2 1 1 2032 6713 8097
2559 2 2 1 1 2314 2311 6148
2560 2 2 1 1 8051 3497 8443
2561 2 2 1 1 7191 7875 8529
2562 2 2 1 1 7304 3810 8736
2563 2 2 1 1 3289 3549 5236
2564 2 2 1 1 3507 3343 5210
2565 2 2 1 1 2533 2864 5272
2566 2 2 1 1 2862 2513 5278
2567 2 2 1 1 2515 2862 5235
2568 2 2 1 1 1787 8332 9192
2569 2 2 1 1 6551 6059 9027
2570 2 2 1 1 7923 8333 9552
2571 2 2 1 1 2541 2866 5326
2572 2 2 1 1 5580 1852 7088
2573 2 2 1 1 3215 3508 5342
2574 2 2 1 1 3600 2591 5308
2575 2 2 1 1 3528 3351 5273
2576 2 2 1 1 6359 6361 8016
2577 2 2 1 1 6410 2810 6411
2578 2 2 1 1 4488 4091 6924
2579 2 2 1 1 2965 2964 7454
2580 2 2 1 1 4457 4504 8558
2581 2 2 1 1 6601 4359 6669
2582 2 2 1 1 3593 3319 5042
2583 2 2 1 1 4453 5418 8105
2584 2 2 1 1 2473 2841 5091
2585 2 2 1 1 2397 2819 5221
2586 2 2 1 1 2858 2505 5295
2587 2 2 1 1 6655 5823 7117
2588 2 2 1 1 3543 3279 5287
2589 2 2 1 1 3333 3471 5460
2590 2 2 1 1 3585 3305 5296
2591 2 2 1 1 2553 3574 5051
2592 2 2 1 1 7423 4075 9325
2593 2 2 1 1 1459 1458 7780
2594 2 2 1 1 2709 2307 5945
2595 2 2 1 1 3542 3267 5219
2596 2 2 1 1 3109 3482 5316
2597 2 2 1 1 6993 5090 8573
2598 2 2 1 1 3546 3275 5387
2599 2 2 1 1 3133 3448 5327
2600 2 2 1 1 5776 7128 9364
2601 2 2 1 1 6127 2549 9685
2602 2 2 1 1 3575 2571 5223
2603 2 2 1 1 2417 2823 5222
2604 2 2 1 1 2431 2827 5306
2605 2 2 1 1 3908 4430 7176
2606 2 2 1 1 6346 6899 6902
2607 2 2 1 1 3580 2579 5264
2608 2 2 1 1 2837 2447 5231
2609 2 2 1 1 4715 4582 5519
2610 2 2 1 1 3536 3253 5314
2611 2 2 1 1 3568 2563 5211
2612 2 2 1 1 2139 7501 8921
2613 2 2 1 1 3499 3201 5234
2614 2 2 1 1 2843 2461 5377
2615 2 2 1 1 4636 6248 9123
2616 2 2 1 1 2855 2497 5315
2617 2 2 1 1 5646 4434 5647
2618 2 2 1 1 2333 2778 5329
2619 2 2 1 1 3602 3323 5319
2620 2 2 1 1 2353 2750 5328
2621 2 2 1 1 2357 2742 5332
2622 2 2 1 1 4852 3527 8600
2623 2 2 1 1 3159 5445 5446
2624 2 2 1 1 7135 3465 7951
2625 2 2 1 1 2839 2222 7079
2626 2 2 1 1 3587 2587 5279
2627 2 2 1 1 3550 2527 5307
2628 2 2 1 1 2329 2782 5330
2629 2 2 1 1 2836 2457 7562
2630 2 2 1 1 6102 6101 7826
2631 2 2 1 1 7117 2706 8925
2632 2 2 1 1 3269 3542 4885
2633 2 2 1 1 4707 4696 6214
2634 2 2 1 1 3093 3421 5339
2635 2 2 1 1 1308 8199 8830
2636 2 2 1 1 1443 1442 6125
2637 2 2 1 1 6232 6585 6586
2638 2 2 1 1 5613 5610 5619
2639 2 2 1 1 3113 3473 4914
2640 2 2 1 1 3456 3123 5383
2641 2 2 1 1 8098 6030 8099
2642 2 2 1 1 3153 3426 5333
2643 2 2 1 1 1378 4921 6260
2644 2 2 1 1 2549 3552 9685
2645 2 2 1 1 2137 6808 8474
2646 2 2 1 1 4406 4404 6260
2647 2 2 1 1 1340 1339 8314
2648 2 2 1 1 2174 6211 6855
2649 2 2 1 1 4076 7016 8993
2650 2 2 1 1 4578 4576 6276
2651 2 2 1 1 8425 3843 9321
2652 2 2 1 1 4580 4913 5519
2653 2 2 1 1 4681 4679 7285
2654 2 2 1 1 7535 3931 8820
2655 2 2 1 1 1555 1556 7946
2656 2 2 1 1 3463 3119 5411
2657 2 2 1 1 2289 2795 5348
2658 2 2 1 1 1340 8314 8363
2659 2 2 1 1 5761 5944 7134
2660 2 2 1 1 6789 4683 7095
2661 2 2 1 1 4844 3532 8957
2662 2 2 1 1 1510 1511 5455
2663 2 2 1 1 5617 3629 7182
2664 2 2 1 1 1443 6125 6590
2665 2 2 1 1 1505 5402 5461
2666 2 2 1 1 2666 5366 9762
2667 2 2 1 1 2386 2759 6319
2668 2 2 1 1 7091 3750 9266
2669 2 2 1 1 2775 7334 7646
2670 2 2 1 1 2709 5945 9619
2671 2 2 1 1 3163 3413 5335
2672 2 2 1 1 2039 6499 8712
2673 2 2 1 1 2022 6952 7062
2674 2 2 1 1 4849 5219 9626
2675 2 2 1 1 2798 3728 5435
2676 2 2 1 1 6581 1731 8731
2677 2 2 1 1 7095 4681 7285
2678 2 2 1 1 2038 6493 8709
2679 2 2 1 1 6805 5842 9135
2680 2 2 1 1 3063 3432 5364
2681 2 2 1 1 1707 7298 7755
2682 2 2 1 1 2361 2714 5336
2683 2 2 1 1 5380 3708 7211
2684 2 2 1 1 2013 6692 7672
2685 2 2 1 1 2317 2796 5350
2686 2 2 1 1 6543 2104 8721
2687 2 2 1 1 2747 2303 5381
2688 2 2 1 1 1280 1281 5408
2689 2 2 1 1 1473 9033 9533
2690 2 2 1 1 2325 2786 5338
2691 2 2 1 1 3105 3483 5341
2692 2 2 1 1 2853 2666 9762
2693 2 2 1 1 6245 4416 7624
2694 2 2 1 1 4619 4617 6243
2695 2 2 1 1 4303 6348 9222
2696 2 2 1 1 4910 1523 8610
2697 2 2 1 1 2281 2741 5361
2698 2 2 1 1 2803 6236 7749
2699 2 2 1 1 5373 1314 5458
2700 2 2 1 1 2776 5005 9065
2701 2 2 1 1 2003 6668 7656
2702 2 2 1 1 2293 2783 5346
2703 2 2 1 1 2911 3762 5404
2704 2 2 1 1 8956 4520 9014
2705 2 2 1 1 3043 3446 5369
2706 2 2 1 1 1472 8588 9033
2707 2 2 1 1 2297 2771 5363
2708 2 2 1 1 3440 5484 7342
2709 2 2 1 1 4044 7625 8186
2710 2 2 1 1 2145 5517 6274
2711 2 2 1 1 3085 3441 5349
2712 2 2 1 1 2682 6435 7848
2713 2 2 1 1 5719 2675 8424
2714 2 2 1 1 2869 4926 9677
2715 2 2 1 1 5597 1462 9472
2716 2 2 1 1 2036 6452 8699
2717 2 2 1 1 6685 2029 7668
2718 2 2 1 1 6030 6713 7431
2719 2 2 1 1 4408 4921 6486
2720 2 2 1 1 2035 6400 8696
2721 2 2 1 1 1424 6711 6769
2722 2 2 1 1 1474 1473 9533
2723 2 2 1 1 4433 5707 8927
2724 2 2 1 1 6086 1994 9167
2725 2 2 1 1 5511 1329 6180
2726 2 2 1 1 4069 7027 8574
2727 2 2 1 1 1264 1263 8575
2728 2 2 1 1 4894 4794 7242
2729 2 2 1 1 5039 2800 8697
2730 2 2 1 1 7517 2943 8997
2731 2 2 1 1 3191 5417 7457
2732 2 2 1 1 7039 3634 7046
2733 2 2 1 1 4056 7707 8252
2734 2 2 1 1 5430 1402 6243
2735 2 2 1 1 6614 6569 8992
2736 2 2 1 1 7712 2919 8532
2737 2 2 1 1 7285 4679 7472
2738 2 2 1 1 2234 2231 6299
2739 2 2 1 1 5055 8143 8187
2740 2 2 1 1 4296 6609 9425
2741 2 2 1 1 1473 1472 9033
2742 2 2 1 1 3731 6275 9624
2743 2 2 1 1 5722 7861 8523
2744 2 2 1 1 3394 4897 8654
2745 2 2 1 1 5106 2838 9106
2746 2 2 1 1 6258 2021 6704
2747 2 2 1 1 1496 1495 8861
2748 2 2 1 1 1316 8549 8586
2749 2 2 1 1 4491 7638 9438
2750 2 2 1 1 5075 6527 7463
2751 2 2 1 1 3477 4904 9511
2752 2 2 1 1 1459 7780 8325
2753 2 2 1 1 5443 9026 9702
2754 2 2 1 1 1624 6638 7645
2755 2 2 1 1 1424 1425 6711
2756 2 2 1 1 5219 4849 9140
2757 2 2 1 1 6700 2028 7677
2758 2 2 1 1 1341 1340 8363
2759 2 2 1 1 1347 1348 7611
2760 2 2 1 1 3016 3013 6328
2761 2 2 1 1 1266 6706 8345
2762 2 2 1 1 6961 1922 8217
2763 2 2 1 1 7241 2933 7859
2764 2 2 1 1 1742 6600 7620
2765 2 2 1 1 4921 1379 6486
2766 2 2 1 1 4 1218 6678
2767 2 2 1 1 4458 5980 6217
2768 2 2 1 1 7247 7834 8692
2769 2 2 1 1 4453 8105 8807
2770 2 2 1 1 6101 2797 7826
2771 2 2 1 1 4679 4676 7472
2772 2 2 1 1 8392 4852 8600
2773 2 2 1 1 2753 2237 7131
2774 2 2 1 1 5439 5443 5490
2775 2 2 1 1 2835 2451 4878
2776 2 2 1 1 3039 3475 5376
2777 2 2 1 1 1526 1527 8451
2778 2 2 1 1 6862 6863 8251
2779 2 2 1 1 4621 4934 5551
2780 2 2 1 1 3052 3049 4999
2781 2 2 1 1 6196 1691 8679
2782 2 2 1 1 5047 5045 7588
2783 2 2 1 1 1341 8363 8416
2784 2 2 1 1 7515 7641 9172
2785 2 2 1 1 4490 4491 5516
2786 2 2 1 1 1977 6595 7619
2787 2 2 1 1 4727 4623 5551
2788 2 2 1 1 6407 1640 8710
2789 2 2 1 1 6241 2032 6712
2790 2 2 1 1 8571 7043 8834
2791 2 2 1 1 1636 8224 8226
2792 2 2 1 1 5189 2851 8158
2793 2 2 1 1 6317 2759 7525
2794 2 2 1 1 2793 3751 5463
2795 2 2 1 1 6400 2035 8702
2796 2 2 1 1 6702 1811 7680
2797 2 2 1 1 5842 6422 8678
2798 2 2 1 1 4189 4191 8174
2799 2 2 1 1 5244 1316 6479
2800 2 2 1 1 5418 5419 8105
2801 2 2 1 1 2792 4546 8656
2802 2 2 1 1 6388 2034 8708
2803 2 2 1 1 2832 4435 9194
2804 2 2 1 1 1557 1558 8723
2805 2 2 1 1 1969 6464 7583
2806 2 2 1 1 1516 1517 7231
2807 2 2 1 1 5188 8398 8478
2808 2 2 1 1 6184 2014 6723
2809 2 2 1 1 1557 1556 6732
2810 2 2 1 1 8083 1546 9121
2811 2 2 1 1 7861 2675 8523
2812 2 2 1 1 6353 1703 8701
2813 2 2 1 1 5999 5997 9618
2814 2 2 1 1 1691 6196 6719
2815 2 2 1 1 1690 6867 7499
2816 2 2 1 1 6308 7676 9508
2817 2 2 1 1 5064 5062 5085
2818 2 2 1 1 1992 6089 6746
2819 2 2 1 1 1994 6086 6747
2820 2 2 1 1 6589 6916 6917
2821 2 2 1 1 1372 1371 6385
2822 2 2 1 1 7073 2097 7418
2823 2 2 1 1 4676 4674 7679
2824 2 2 1 1 5316 3482 9483
2825 2 2 1 1 3633 5835 5836
2826 2 2 1 1 6023 6021 6717
2827 2 2 1 1 7974 8093 8473
2828 2 2 1 1 6275 4716 9624
2829 2 2 1 1 5705 5565 7209
2830 2 2 1 1 7218 2116 7355
2831 2 2 1 1 5251 5255 5922
2832 2 2 1 1 1837 7108 7366
2833 2 2 1 1 6221 4021 7397
2834 2 2 1 1 5921 8223 8224
2835 2 2 1 1 1811 6264 6701
2836 2 2 1 1 5079 5083 5954
2837 2 2 1 1 2795 8714 8722
2838 2 2 1 1 1675 6313 7546
2839 2 2 1 1 3369 5521 7463
2840 2 2 1 1 5714 5718 7204
2841 2 2 1 1 6585 6232 6714
2842 2 2 1 1 1995 6106 6757
2843 2 2 1 1 1527 7357 8451
2844 2 2 1 1 5740 5744 7193
2845 2 2 1 1 3435 5495 7290
2846 2 2 1 1 2371 2806 5393
2847 2 2 1 1 6488 4961 7286
2848 2 2 1 1 2029 6324 6684
2849 2 2 1 1 2650 2647 7558
2850 2 2 1 1 6166 2013 6733
2851 2 2 1 1 6473 7929 8484
2852 2 2 1 1 1342 1341 8416
2853 2 2 1 1 5289 5293 5933
2854 2 2 1 1 1541 1542 6159
2855 2 2 1 1 1342 8416 8453
2856 2 2 1 1 5721 6109 7842
2857 2 2 1 1 6154 1748 6735
2858 2 2 1 1 7472 4676 7679
2859 2 2 1 1 5469 6615 9043
2860 2 2 1 1 6177 1586 6734
2861 2 2 1 1 2672 3556 5405
2862 2 2 1 1 2748 2402 6424
2863 2 2 1 1 5360 3392 8310
2864 2 2 1 1 3739 2842 5923
2865 2 2 1 1 1975 6341 6780
2866 2 2 1 1 2221 2772 5395
2867 2 2 1 1 2028 6290 6699
2868 2 2 1 1 6216 6217 6787
2869 2 2 1 1 1419 1418 9667
2870 2 2 1 1 7558 2647 9460
2871 2 2 1 1 8055 7160 8056
2872 2 2 1 1 4186 3844 6236
2873 2 2 1 1 3440 7342 7743
2874 2 2 1 1 7185 1771 7319
2875 2 2 1 1 3412 7905 8488
2876 2 2 1 1 6090 5746 7623
2877 2 2 1 1 5419 6732 8570
2878 2 2 1 1 5589 3172 5590
2879 2 2 1 1 4424 5880 7150
2880 2 2 1 1 1503 1504 5462
2881 2 2 1 1 1347 7611 8129
2882 2 2 1 1 3392 7118 7952
2883 2 2 1 1 5751 5754 9392
2884 2 2 1 1 6726 5228 7265
2885 2 2 1 1 3501 4895 7950
2886 2 2 1 1 5057 5053 6127
2887 2 2 1 1 3073 3480 5410
2888 2 2 1 1 6809 6807 9274
2889 2 2 1 1 5453 5454 6665
2890 2 2 1 1 3469 3756 5484
2891 2 2 1 1 4202 3808 7632
2892 2 2 1 1 3003 3445 5398
2893 2 2 1 1 4187 4188 7477
2894 2 2 1 1 4856 4885 9426
2895 2 2 1 1 5262 5259 9089
2896 2 2 1 1 4512 4513 9415
2897 2 2 1 1 2034 6745 7658
2898 2 2 1 1 6134 2003 6742
2899 2 2 1 1 2269 2798 5435
2900 2 2 1 1 5571 628 5574
2901 2 2 1 1 5331 9653 9726
2902 2 2 1 1 5259 5262 9411
2903 2 2 1 1 6107 5721 7630
2904 2 2 1 1 4775 4711 5778
2905 2 2 1 1 6687 1956 9044
2906 2 2 1 1 3538 5954 9625
2907 2 2 1 1 5188 2855 8569
2908 2 2 1 1 7085 1526 8451
2909 2 2 1 1 1535 1536 8794
2910 2 2 1 1 4709 4937 5778
2911 2 2 1 1 3526 8360 8485
2912 2 2 1 1 1510 5455 5500
2913 2 2 1 1 1515 6261 8076
2914 2 2 1 1 5457 1422 6276
2915 2 2 1 1 4637 4634 6365
2916 2 2 1 1 1547 1546 8083
2917 2 2 1 1 1720 6068 7436
2918 2 2 1 1 2867 2723 4922
2919 2 2 1 1 1251 6274 9438
2920 2 2 1 1 4206 5776 9062
2921 2 2 1 1 1423 6769 6847
2922 2 2 1 1 4474 4476 6043
2923 2 2 1 1 6504 1793 7591
2924 2 2 1 1 7264 2799 7286
2925 2 2 1 1 7795 3437 8240
2926 2 2 1 1 1935 6054 7428
2927 2 2 1 1 1723 5585 6840
2928 2 2 1 1 4722 3471 7373
2929 2 2 1 1 3437 8164 8516
2930 2 2 1 1 4993 2845 7171
2931 2 2 1 1 3452 6577 7563
2932 2 2 1 1 1331 1332 9414
2933 2 2 1 1 1331 9414 9634
2934 2 2 1 1 2158 6722 7696
2935 2 2 1 1 5565 5705 7208
2936 2 2 1 1 3482 6658 9483
2937 2 2 1 1 8794 1536 9012
2938 2 2 1 1 6098 1624 6758
2939 2 2 1 1 2846 5091 7139
2940 2 2 1 1 4231 4236 6614
2941 2 2 1 1 3470 3747 5495
2942 2 2 1 1 6200 6198 6705
2943 2 2 1 1 6455 1629 7582
2944 2 2 1 1 3467 5755 7527
2945 2 2 1 1 8057 6574 9245
2946 2 2 1 1 1423 1424 6769
2947 2 2 1 1 1376 1377 5464
2948 2 2 1 1 1541 6159 6335
2949 2 2 1 1 6646 1950 8968
2950 2 2 1 1 2858 5295 8472
2951 2 2 1 1 7923 7924 8333
2952 2 2 1 1 1476 6517 6671
2953 2 2 1 1 5436 5172 9099
2954 2 2 1 1 4545 3464 7490
2955 2 2 1 1 2255 2793 5463
2956 2 2 1 1 5829 2685 9000
2957 2 2 1 1 8197 4995 8296
2958 2 2 1 1 1333 9009 9414
2959 2 2 1 1 2974 2971 7902
2960 2 2 1 1 3098 7320 8505
2961 2 2 1 1 2675 5719 8523
2962 2 2 1 1 6825 1595 7555
2963 2 2 1 1 3017 3470 5495
2964 2 2 1 1 1296 1297 7375
2965 2 2 1 1 8149 8150 8742
2966 2 2 1 1 1332 1333 9414
2967 2 2 1 1 6489 5415 8785
2968 2 2 1 1 6980 3897 6981
2969 2 2 1 1 5080 5082 5084
2970 2 2 1 1 4924 4923 4925
2971 2 2 1 1 1528 4728 8273
2972 2 2 1 1 3027 3469 5484
2973 2 2 1 1 1878 5736 7053
2974 2 2 1 1 6548 4240 6570
2975 2 2 1 1 2063 7316 7542
2976 2 2 1 1 5530 4503 8754
2977 2 2 1 1 1381 1380 7997
2978 2 2 1 1 1515 1516 5499
2979 2 2 1 1 2241 2239 5421
2980 2 2 1 1 5996 1742 6771
2981 2 2 1 1 1282 1281 6966
2982 2 2 1 1 4972 4970 6335
2983 2 2 1 1 7704 6296 7705
2984 2 2 1 1 8464 2764 8635
2985 2 2 1 1 1343 1342 8453
2986 2 2 1 1 8714 4069 8722
2987 2 2 1 1 8448 1766 9325
2988 2 2 1 1 5978 5579 6854
2989 2 2 1 1 4885 3542 9426
2990 2 2 1 1 2144 6489 8785
2991 2 2 1 1 1403 5430 6597
2992 2 2 1 1 6030 6028 8099
2993 2 2 1 1 1251 7800 9054
2994 2 2 1 1 1256 1255 5472
2995 2 2 1 1 5209 5208 9739
2996 2 2 1 1 6089 1992 8727
2997 2 2 1 1 7495 4444 7909
2998 2 2 1 1 3528 8359 8388
2999 2 2 1 1 7220 8994 9751
3000 2 2 1 1 4728 1528 9659
3001 2 2 1 1 1343 8453 8506
3002 2 2 1 1 6009 1684 6779
3003 2 2 1 1 8381 3394 8654
3004 2 2 1 1 1370 1369 6214
3005 2 2 1 1 7809 6908 9676
3006 2 2 1 1 4567 4705 5478
3007 2 2 1 1 2855 5315 8095
3008 2 2 1 1 4505 4489 7735
3009 2 2 1 1 3835 5472 6277
3010 2 2 1 1 6225 5570 7770
3011 2 2 1 1 6680 3477 7333
3012 2 2 1 1 3909 3755 5488
3013 2 2 1 1 5083 5081 6859
3014 2 2 1 1 7929 6472 9113
3015 2 2 1 1 5221 2819 6793
3016 2 2 1 1 6547 7247 8692
3017 2 2 1 1 3532 4844 9170
3018 2 2 1 1 6350 3400 8357
3019 2 2 1 1 3907 3771 5473
3020 2 2 1 1 4461 3483 9148
3021 2 2 1 1 1460 1459 8325
3022 2 2 1 1 1907 5849 7365
3023 2 2 1 1 5843 5840 8678
3024 2 2 1 1 3990 3729 5508
3025 2 2 1 1 6651 7063 7064
3026 2 2 1 1 6456 3626 8403
3027 2 2 1 1 6522 6524 8116
3028 2 2 1 1 2786 8656 8666
3029 2 2 1 1 6156 6158 6685
3030 2 2 1 1 2842 2190 5923
3031 2 2 1 1 5746 6090 6092
3032 2 2 1 1 3910 3768 5480
3033 2 2 1 1 1381 7997 8117
3034 2 2 1 1 3912 3757 5505
3035 2 2 1 1 2878 2876 5379
3036 2 2 1 1 5499 1516 7231
3037 2 2 1 1 3435 7290 8242
3038 2 2 1 1 5337 4313 6628
3039 2 2 1 1 5356 7992 8680
3040 2 2 1 1 1314 1313 5458
3041 2 2 1 1 4502 8197 8296
3042 2 2 1 1 6267 1954 7526
3043 2 2 1 1 3526 5512 8360
3044 2 2 1 1 4741 6221 9611
3045 2 2 1 1 3021 3435 9795
3046 2 2 1 1 5788 2743 9269
3047 2 2 1 1 2838 5106 9617
3048 2 2 1 1 1444 1443 6590
3049 2 2 1 1 3507 5210 9369
3050 2 2 1 1 5806 1964 6795
3051 2 2 1 1 6622 8410 8996
3052 2 2 1 1 2933 2931 8525
3053 2 2 1 1 4450 2828 8864
3054 2 2 1 1 5721 6107 6109
3055 2 2 1 1 8105 5419 8570
3056 2 2 1 1 7946 1556 8454
3057 2 2 1 1 5339 3421 8672
3058 2 2 1 1 5284 5313 9560
3059 2 2 1 1 1422 6847 6989
3060 2 2 1 1 4026 3748 5497
3061 2 2 1 1 5487 4080 8802
3062 2 2 1 1 2014 6184 8780
3063 2 2 1 1 6661 5710 8234
3064 2 2 1 1 6569 4236 6613
3065 2 2 1 1 5990 5352 7104
3066 2 2 1 1 6330 1505 8971
3067 2 2 1 1 1684 6009 9157
3068 2 2 1 1 3618 6235 8034
3069 2 2 1 1 5935 5984 7532
3070 2 2 1 1 3468 6628 7398
3071 2 2 1 1 5426 3487 9406
3072 2 2 1 1 3957 3736 5594
3073 2 2 1 1 4017 3752 5522
3074 2 2 1 1 7268 1847 9468
3075 2 2 1 1 6884 4190 7554
3076 2 2 1 1 5087 3551 5089
3077 2 2 1 1 2201 2785 6169
3078 2 2 1 1 4355 4354 7072
3079 2 2 1 1 1344 1343 8506
3080 2 2 1 1 2865 5251 5922
3081 2 2 1 1 8215 6017 9272
3082 2 2 1 1 1313 1312 5467
3083 2 2 1 1 3517 5079 5954
3084 2 2 1 1 6966 1281 7508
3085 2 2 1 1 6768 2040 7631
3086 2 2 1 1 1616 6394 7567
3087 2 2 1 1 7378 7376 8369
3088 2 2 1 1 8321 6519 8785
3089 2 2 1 1 6763 2039 7633
3090 2 2 1 1 1597 5688 7326
3091 2 2 1 1 3543 5289 5933
3092 2 2 1 1 5523 5522 5872
3093 2 2 1 1 1422 1423 6847
3094 2 2 1 1 5313 5284 9047
3095 2 2 1 1 8471 2776 9065
3096 2 2 1 1 1382 1381 8117
3097 2 2 1 1 6237 1828 7511
3098 2 2 1 1 1382 8117 8231
3099 2 2 1 1 3884 5399 6163
3100 2 2 1 1 5663 5666 8464
3101 2 2 1 1 1344 8506 8545
3102 2 2 1 1 8332 8333 9192
3103 2 2 1 1 5779 634 6608
3104 2 2 1 1 2716 2713 5394
3105 2 2 1 1 3399 7031 8376
3106 2 2 1 1 7486 2068 7513
3107 2 2 1 1 5648 5407 9600
3108 2 2 1 1 6325 6158 6686
3109 2 2 1 1 1500 1501 6126
3110 2 2 1 1 7173 2784 7627
3111 2 2 1 1 7466 2065 7522
3112 2 2 1 1 6577 3125 9740
3113 2 2 1 1 6626 4467 8330
3114 2 2 1 1 2681 7785 9424
3115 2 2 1 1 5291 5290 6681
3116 2 2 1 1 6774 1580 9084
3117 2 2 1 1 4455 3766 5520
3118 2 2 1 1 7155 5691 7786
3119 2 2 1 1 6447 3021 9795
3120 2 2 1 1 3370 3369 6527
3121 2 2 1 1 6776 6775 9084
3122 2 2 1 1 3573 5439 5490
3123 2 2 1 1 1586 6177 8788
3124 2 2 1 1 7031 5742 8376
3125 2 2 1 1 2876 2873 5380
3126 2 2 1 1 6114 6661 8234
3127 2 2 1 1 1302 1301 6063
3128 2 2 1 1 6015 6017 8215
3129 2 2 1 1 5761 7133 9294
3130 2 2 1 1 6217 6216 8652
3131 2 2 1 1 8826 4640 9652
3132 2 2 1 1 1405 1404 6193
3133 2 2 1 1 5350 2796 7147
3134 2 2 1 1 3463 5411 9221
3135 2 2 1 1 6529 6531 6533
3136 2 2 1 1 1423 5457 6611
3137 2 2 1 1 8449 8448 9325
3138 2 2 1 1 1421 6989 7018
3139 2 2 1 1 3731 2954 6275
3140 2 2 1 1 3501 2905 6694
3141 2 2 1 1 4250 9041 9160
3142 2 2 1 1 1748 6154 8796
3143 2 2 1 1 9080 3425 9107
3144 2 2 1 1 5841 8178 9285
3145 2 2 1 1 5823 7115 9286
3146 2 2 1 1 5780 5779 5789
3147 2 2 1 1 6270 3050 6272
3148 2 2 1 1 2851 5190 8158
3149 2 2 1 1 6401 5828 8005
3150 2 2 1 1 5472 1255 6528
3151 2 2 1 1 4033 8580 8749
3152 2 2 1 1 5360 5359 7118
3153 2 2 1 1 5984 5935 5986
3154 2 2 1 1 6631 6077 8837
3155 2 2 1 1 5053 3574 6127
3156 2 2 1 1 1328 5511 6778
3157 2 2 1 1 1383 1382 8231
3158 2 2 1 1 2649 7453 7975
3159 2 2 1 1 1368 1367 5778
3160 2 2 1 1 3477 2891 6736
3161 2 2 1 1 8580 4301 9222
3162 2 2 1 1 5906 5329 9627
3163 2 2 1 1 3125 3456 9740
3164 2 2 1 1 1508 1509 5502
3165 2 2 1 1 1345 1344 8545
3166 2 2 1 1 3821 5628 7489
3167 2 2 1 1 1731 7045 8203
3168 2 2 1 1 1621 7523 8353
3169 2 2 1 1 3545 4541 8384
3170 2 2 1 1 7562 2457 9598
3171 2 2 1 1 4723 2779 7657
3172 2 2 1 1 6488 2603 9742
3173 2 2 1 1 1346 1347 8129
3174 2 2 1 1 8715 6305 8716
3175 2 2 1 1 6641 1294 7221
3176 2 2 1 1 7713 4774 9652
3177 2 2 1 1 7684 7685 8628
3178 2 2 1 1 2249 2756 9796
3179 2 2 1 1 5570 6225 6227
3180 2 2 1 1 5373 5241 6479
3181 2 2 1 1 6469 6466 7146
3182 2 2 1 1 5677 7520 9314
3183 2 2 1 1 6834 6835 7936
3184 2 2 1 1 1315 5373 6479
3185 2 2 1 1 7408 1702 7560
3186 2 2 1 1 3503 4714 9653
3187 2 2 1 1 1345 8545 8601
3188 2 2 1 1 5316 4648 9631
3189 2 2 1 1 3721 4035 5493
3190 2 2 1 1 1515 5499 5651
3191 2 2 1 1 5239 5244 6479
3192 2 2 1 1 4510 2822 8431
3193 2 2 1 1 3287 6677 9727
3194 2 2 1 1 2777 6082 7894
3195 2 2 1 1 3750 5681 9266
3196 2 2 1 1 1773 5750 7041
3197 2 2 1 1 6439 4077 9056
3198 2 2 1 1 4422 4423 7309
3199 2 2 1 1 7934 7935 8294
3200 2 2 1 1 5670 1927 5672
3201 2 2 1 1 5394 3606 9191
3202 2 2 1 1 1770 7137 8018
3203 2 2 1 1 4435 2832 9281
3204 2 2 1 1 4455 5520 7141
3205 2 2 1 1 1421 1422 6989
3206 2 2 1 1 6305 7814 9187
3207 2 2 1 1 6507 2249 9796
3208 2 2 1 1 4878 2451 9789
3209 2 2 1 1 4705 5383 5478
3210 2 2 1 1 1964 5806 9136
3211 2 2 1 1 6523 6522 8116
3212 2 2 1 1 6379 6291 6700
3213 2 2 1 1 3070 6532 9718
3214 2 2 1 1 6917 6914 8208
3215 2 2 1 1 5775 7210 8592
3216 2 2 1 1 5405 3556 7060
3217 2 2 1 1 2789 2601 6999
3218 2 2 1 1 5930 5927 7537
3219 2 2 1 1 2923 2920 5528
3220 2 2 1 1 1861 7914 7916
3221 2 2 1 1 1444 6590 7083
3222 2 2 1 1 7389 1639 7576
3223 2 2 1 1 1460 8325 8726
3224 2 2 1 1 6533 6531 8542
3225 2 2 1 1 1302 6063 6219
3226 2 2 1 1 2926 2925 5382
3227 2 2 1 1 5477 8381 8654
3228 2 2 1 1 7988 6693 8858
3229 2 2 1 1 1818 7327 8125
3230 2 2 1 1 5363 2771 9425
3231 2 2 1 1 5023 2834 9335
3232 2 2 1 1 3736 3685 5594
3233 2 2 1 1 2796 5974 8110
3234 2 2 1 1 5565 7207 9339
3235 2 2 1 1 7439 5753 9155
3236 2 2 1 1 7006 7765 9597
3237 2 2 1 1 4877 8265 9094
3238 2 2 1 1 5275 5317 9028
3239 2 2 1 1 1521 1522 6852
3240 2 2 1 1 1500 6126 6710
3241 2 2 1 1 6319 6318 8635
3242 2 2 1 1 3729 3679 5508
3243 2 2 1 1 6717 6021 8859
3244 2 2 1 1 4908 3724 6169
3245 2 2 1 1 5216 6676 7421
3246 2 2 1 1 5834 6412 7429
3247 2 2 1 1 5944 5761 7135
3248 2 2 1 1 5458 5467 6449
3249 2 2 1 1 1504 5461 5462
3250 2 2 1 1 2128 7717 7768
3251 2 2 1 1 5625 7725 9340
3252 2 2 1 1 1272 6991 6992
3253 2 2 1 1 4337 4735 9382
3254 2 2 1 1 1552 6477 9572
3255 2 2 1 1 1518 1517 5487
3256 2 2 1 1 5526 1521 6852
3257 2 2 1 1 6477 1551 6842
3258 2 2 1 1 4745 4747 4878
3259 2 2 1 1 1346 1345 8601
3260 2 2 1 1 5437 7181 7332
3261 2 2 1 1 3766 3623 5520
3262 2 2 1 1 2912 2911 5404
3263 2 2 1 1 7859 2933 8525
3264 2 2 1 1 7348 2046 7604
3265 2 2 1 1 1383 8231 8326
3266 2 2 1 1 1902 5870 7165
3267 2 2 1 1 3549 3287 9727
3268 2 2 1 1 1271 1272 6992
3269 2 2 1 1 5665 6837 9068
3270 2 2 1 1 5548 4341 5550
3271 2 2 1 1 2483 2481 7229
3272 2 2 1 1 6433 6513 8132
3273 2 2 1 1 4335 7243 8892
3274 2 2 1 1 7352 1736 7609
3275 2 2 1 1 6689 2011 7670
3276 2 2 1 1 2937 2934 5756
3277 2 2 1 1 6159 1542 7055
3278 2 2 1 1 2603 2789 9742
3279 2 2 1 1 1346 8601 8646
3280 2 2 1 1 1536 1537 9012
3281 2 2 1 1 1893 7052 7256
3282 2 2 1 1 6423 8181 9530
3283 2 2 1 1 5518 5515 6988
3284 2 2 1 1 4204 7173 7627
3285 2 2 1 1 5349 3441 7037
3286 2 2 1 1 1556 1557 8454
3287 2 2 1 1 5828 6401 6403
3288 2 2 1 1 3757 3682 5505
3289 2 2 1 1 3752 3676 5522
3290 2 2 1 1 6209 3821 8583
3291 2 2 1 1 5330 2782 9283
3292 2 2 1 1 7344 1730 7613
3293 2 2 1 1 6601 3693 7516
3294 2 2 1 1 3424 6348 9505
3295 2 2 1 1 1520 1521 5526
3296 2 2 1 1 1384 1383 8326
3297 2 2 1 1 7027 5361 7500
3298 2 2 1 1 1291 1292 5390
3299 2 2 1 1 8898 5953 9030
3300 2 2 1 1 1446 7529 7736
3301 2 2 1 1 3732 3781 6206
3302 2 2 1 1 2263 2749 9769
3303 2 2 1 1 8786 5897 8962
3304 2 2 1 1 8848 5918 9341
3305 2 2 1 1 5693 6824 9074
3306 2 2 1 1 3527 4852 8828
3307 2 2 1 1 6708 6709 9495
3308 2 2 1 1 7485 3824 8735
3309 2 2 1 1 1272 1273 6991
3310 2 2 1 1 3755 3692 5488
3311 2 2 1 1 7833 4414 8394
3312 2 2 1 1 9012 1537 9359
3313 2 2 1 1 2405 2820 5428
3314 2 2 1 1 6609 8144 9437
3315 2 2 1 1 6776 4446 8582
3316 2 2 1 1 6511 4019 6792
3317 2 2 1 1 2846 7139 7223
3318 2 2 1 1 1497 1496 6570
3319 2 2 1 1 6563 8335 9159
3320 2 2 1 1 618 2150 6523
3321 2 2 1 1 6193 1404 6597
3322 2 2 1 1 7629 1664 8356
3323 2 2 1 1 1445 1444 7083
3324 2 2 1 1 3835 5471 5472
3325 2 2 1 1 1464 1463 7243
3326 2 2 1 1 3748 3698 5497
3327 2 2 1 1 1346 8129 8445
3328 2 2 1 1 6604 2263 9769
3329 2 2 1 1 5215 5218 5461
3330 2 2 1 1 3157 3420 5445
3331 2 2 1 1 5594 3686 5596
3332 2 2 1 1 6732 5419 9442
3333 2 2 1 1 1296 7375 8631
3334 2 2 1 1 7391 5929 9178
3335 2 2 1 1 1420 7018 7054
3336 2 2 1 1 6808 2137 7561
3337 2 2 1 1 3889 5572 7723
3338 2 2 1 1 5974 8006 8110
3339 2 2 1 1 3994 5511 6180
3340 2 2 1 1 1347 1346 8646
3341 2 2 1 1 8549 5509 8586
3342 2 2 1 1 1847 6554 9468
3343 2 2 1 1 1256 1257 8687
3344 2 2 1 1 6644 1995 7648
3345 2 2 1 1 7329 3924 7746
3346 2 2 1 1 5105 8041 8759
3347 2 2 1 1 5929 5972 7537
3348 2 2 1 1 3927 5818 8653
3349 2 2 1 1 1636 8226 9261
3350 2 2 1 1 1384 8326 8401
3351 2 2 1 1 5972 5929 7536
3352 2 2 1 1 6744 4772 9275
3353 2 2 1 1 7073 4354 8328
3354 2 2 1 1 3174 4929 6365
3355 2 2 1 1 1928 5926 7089
3356 2 2 1 1 1420 1421 7018
3357 2 2 1 1 1893 5637 8885
3358 2 2 1 1 6753 2133 6940
3359 2 2 1 1 7052 1893 8885
3360 2 2 1 1 7706 8303 9398
3361 2 2 1 1 7303 2036 7649
3362 2 2 1 1 1347 8646 8707
3363 2 2 1 1 7306 2768 7639
3364 2 2 1 1 5488 3693 6601
3365 2 2 1 1 2943 2940 5449
3366 2 2 1 1 3169 3167 4930
3367 2 2 1 1 6658 3482 9447
3368 2 2 1 1 2379 2808 5437
3369 2 2 1 1 2519 2856 5436
3370 2 2 1 1 6380 8793 9069
3371 2 2 1 1 1307 1308 8830
3372 2 2 1 1 2191 2791 5648
3373 2 2 1 1 8178 5845 9484
3374 2 2 1 1 2948 2944 6065
3375 2 2 1 1 5572 3889 7538
3376 2 2 1 1 6532 8682 9759
3377 2 2 1 1 5596 3686 5649
3378 2 2 1 1 3690 4509 9477
3379 2 2 1 1 5085 8575 8937
3380 2 2 1 1 2651 2650 5470
3381 2 2 1 1 2738 2735 6990
3382 2 2 1 1 4858 3996 6180
3383 2 2 1 1 1295 6641 6665
3384 2 2 1 1 6577 4647 7563
3385 2 2 1 1 5570 6227 8527
3386 2 2 1 1 4211 5509 8767
3387 2 2 1 1 1922 6950 6960
3388 2 2 1 1 6852 1522 6853
3389 2 2 1 1 4911 1529 8273
3390 2 2 1 1 6898 1913 6900
3391 2 2 1 1 5506 5505 7339
3392 2 2 1 1 7586 2958 8346
3393 2 2 1 1 5464 1377 6260
3394 2 2 1 1 5278 8462 8761
3395 2 2 1 1 3492 4716 6275
3396 2 2 1 1 3771 3710 5473
3397 2 2 1 1 1515 1514 9002
3398 2 2 1 1 2218 2215 5524
3399 2 2 1 1 3768 3615 5480
3400 2 2 1 1 1385 1384 8401
3401 2 2 1 1 3000 2997 5527
3402 2 2 1 1 1345 8445 8596
3403 2 2 1 1 7926 2686 8552
3404 2 2 1 1 1910 5977 7097
3405 2 2 1 1 6372 1962 7564
3406 2 2 1 1 5776 5976 9062
3407 2 2 1 1 6511 1758 7593
3408 2 2 1 1 6538 1972 7599
3409 2 2 1 1 5641 1786 6994
3410 2 2 1 1 1405 6193 6627
3411 2 2 1 1 6281 1844 7531
3412 2 2 1 1 6561 1744 7608
3413 2 2 1 1 6850 2668 9731
3414 2 2 1 1 2696 7864 8738
3415 2 2 1 1 7528 1609 7724
3416 2 2 1 1 5796 6817 9087
3417 2 2 1 1 1419 7054 7086
3418 2 2 1 1 2169 2167 5005
3419 2 2 1 1 5497 3699 6548
3420 2 2 1 1 7913 7914 7915
3421 2 2 1 1 6686 6158 7401
3422 2 2 1 1 1890 5991 7099
3423 2 2 1 1 6415 1966 7577
3424 2 2 1 1 6482 1622 7585
3425 2 2 1 1 6303 1820 7545
3426 2 2 1 1 1520 5347 8508
3427 2 2 1 1 3792 4341 5548
3428 2 2 1 1 2702 7864 8527
3429 2 2 1 1 1656 6750 7731
3430 2 2 1 1 7625 4437 9410
3431 2 2 1 1 5443 6739 9026
3432 2 2 1 1 7350 3452 7550
3433 2 2 1 1 7047 3630 7049
3434 2 2 1 1 6360 3409 7967
3435 2 2 1 1 6162 1592 7478
3436 2 2 1 1 4694 4692 6385
3437 2 2 1 1 617 6523 6632
3438 2 2 1 1 7003 1767 7433
3439 2 2 1 1 3592 5262 9089
3440 2 2 1 1 3907 5473 5474
3441 2 2 1 1 1348 1347 8707
3442 2 2 1 1 4902 4889 8086
3443 2 2 1 1 2699 8786 8962
3444 2 2 1 1 5336 2714 9172
3445 2 2 1 1 1462 5597 8892
3446 2 2 1 1 5643 7480 9036
3447 2 2 1 1 4722 4474 6043
3448 2 2 1 1 3578 5922 9666
3449 2 2 1 1 6129 3608 8858
3450 2 2 1 1 7625 5398 8186
3451 2 2 1 1 1483 1482 6996
3452 2 2 1 1 3529 6376 8944
3453 2 2 1 1 6475 8894 9112
3454 2 2 1 1 6248 5446 9123
3455 2 2 1 1 4183 4716 9196
3456 2 2 1 1 5574 1881 5575
3457 2 2 1 1 5283 5286 6171
3458 2 2 1 1 3835 3836 5471
3459 2 2 1 1 4859 3798 5909
3460 2 2 1 1 1419 1420 7054
3461 2 2 1 1 2178 6622 8996
3462 2 2 1 1 2754 7209 7634
3463 2 2 1 1 3686 4735 5649
3464 2 2 1 1 1348 8707 8752
3465 2 2 1 1 2974 4718 9067
3466 2 2 1 1 8202 8063 8662
3467 2 2 1 1 3451 5880 8918
3468 2 2 1 1 6039 1638 7112
3469 2 2 1 1 7707 5395 8252
3470 2 2 1 1 8359 4541 8388
3471 2 2 1 1 3499 5234 8700
3472 2 2 1 1 2212 2209 5429
3473 2 2 1 1 2945 7329 7746
3474 2 2 1 1 7864 2696 9088
3475 2 2 1 1 4696 5403 6214
3476 2 2 1 1 3707 4924 4926
3477 2 2 1 1 5923 2186 8111
3478 2 2 1 1 1509 5500 5502
3479 2 2 1 1 5446 5445 9123
3480 2 2 1 1 4992 2809 9596
3481 2 2 1 1 2807 5397 9315
3482 2 2 1 1 3478 3076 7693
3483 2 2 1 1 1295 1294 6641
3484 2 2 1 1 1286 1287 6841
3485 2 2 1 1 5618 2737 9532
3486 2 2 1 1 5364 3432 8481
3487 2 2 1 1 4921 4406 6260
3488 2 2 1 1 7779 5934 9109
3489 2 2 1 1 7453 5560 7975
3490 2 2 1 1 7480 5643 7807
3491 2 2 1 1 7032 7031 8236
3492 2 2 1 1 7874 2707 9103
3493 2 2 1 1 6976 3549 7652
3494 2 2 1 1 1461 1460 8726
3495 2 2 1 1 1385 8401 8467
3496 2 2 1 1 5243 5458 6449
3497 2 2 1 1 3550 5197 9422
3498 2 2 1 1 5452 2349 8394
3499 2 2 1 1 8441 2698 8442
3500 2 2 1 1 5450 3143 8516
3501 2 2 1 1 3625 3721 5493
3502 2 2 1 1 4934 4619 6243
3503 2 2 1 1 4937 4707 6214
3504 2 2 1 1 2487 2485 7695
3505 2 2 1 1 7137 2033 8018
3506 2 2 1 1 8236 7031 8630
3507 2 2 1 1 6437 5047 7588
3508 2 2 1 1 1513 1514 5652
3509 2 2 1 1 2994 2991 5427
3510 2 2 1 1 6427 1921 6956
3511 2 2 1 1 6348 5369 9222
3512 2 2 1 1 4913 4578 6276
3513 2 2 1 1 2789 4947 7402
3514 2 2 1 1 3528 5273 8365
3515 2 2 1 1 4576 5457 6276
3516 2 2 1 1 5752 9392 9733
3517 2 2 1 1 6207 1886 6208
3518 2 2 1 1 6169 2785 9583
3519 2 2 1 1 3436 7537 7622
3520 2 2 1 1 7249 1782 8344
3521 2 2 1 1 3432 4540 8670
3522 2 2 1 1 5322 5042 9743
3523 2 2 1 1 3517 5078 5079
3524 2 2 1 1 4404 5464 6260
3525 2 2 1 1 3488 5818 7351
3526 2 2 1 1 5001 3911 9405
3527 2 2 1 1 3788 4503 5530
3528 2 2 1 1 1475 1474 9533
3529 2 2 1 1 3864 3865 8162
3530 2 2 1 1 5326 2866 8981
3531 2 2 1 1 3909 5488 5489
3532 2 2 1 1 7248 4648 9483
3533 2 2 1 1 1538 1539 5514
3534 2 2 1 1 1505 1504 8971
3535 2 2 1 1 5839 1666 7364
3536 2 2 1 1 8412 4542 9370
3537 2 2 1 1 5821 1906 7361
3538 2 2 1 1 6070 6072 6076
3539 2 2 1 1 4487 5736 9181
3540 2 2 1 1 1386 1385 8467
3541 2 2 1 1 7187 7190 7318
3542 2 2 1 1 1522 1523 6853
3543 2 2 1 1 2687 7974 8473
3544 2 2 1 1 4617 5430 6243
3545 2 2 1 1 1349 1348 8752
3546 2 2 1 1 8306 8304 8307
3547 2 2 1 1 1418 7086 7100
3548 2 2 1 1 5055 5482 8143
3549 2 2 1 1 1296 1295 6665
3550 2 2 1 1 3523 5232 9014
3551 2 2 1 1 6158 7300 7401
3552 2 2 1 1 7686 1755 8628
3553 2 2 1 1 5759 1709 7340
3554 2 2 1 1 5346 2783 9160
3555 2 2 1 1 2161 6633 9423
3556 2 2 1 1 5085 5065 8575
3557 2 2 1 1 4021 4020 7397
3558 2 2 1 1 6570 4240 7642
3559 2 2 1 1 5789 5779 9421
3560 2 2 1 1 1297 1296 5454
3561 2 2 1 1 4952 4950 8961
3562 2 2 1 1 2865 5250 5251
3563 2 2 1 1 6609 5363 9425
3564 2 2 1 1 1410 8040 8341
3565 2 2 1 1 1294 1293 7221
3566 2 2 1 1 3798 3641 5909
3567 2 2 1 1 4701 7795 8240
3568 2 2 1 1 6732 1556 8570
3569 2 2 1 1 1921 6427 9083
3570 2 2 1 1 1349 8752 8805
3571 2 2 1 1 8656 4546 8666
3572 2 2 1 1 1445 7083 7529
3573 2 2 1 1 6101 6099 8886
3574 2 2 1 1 1319 1320 5684
3575 2 2 1 1 3896 6495 9693
3576 2 2 1 1 4460 3681 6447
3577 2 2 1 1 6186 6187 6703
3578 2 2 1 1 6474 8608 8919
3579 2 2 1 1 5575 1881 5576
3580 2 2 1 1 4026 5497 5498
3581 2 2 1 1 4415 4411 6616
3582 2 2 1 1 1304 1303 6220
3583 2 2 1 1 5700 1607 7028
3584 2 2 1 1 3875 5630 8967
3585 2 2 1 1 1326 7541 8253
3586 2 2 1 1 3724 2206 6169
3587 2 2 1 1 595 5598 5615
3588 2 2 1 1 3530 6972 8447
3589 2 2 1 1 1411 8341 8621
3590 2 2 1 1 5708 1939 7029
3591 2 2 1 1 3642 3170 5589
3592 2 2 1 1 1974 8174 8377
3593 2 2 1 1 5052 3574 5053
3594 2 2 1 1 6309 8146 9377
3595 2 2 1 1 2668 2853 9731
3596 2 2 1 1 5088 5087 5089
3597 2 2 1 1 4789 4791 6596
3598 2 2 1 1 5092 2841 5093
3599 2 2 1 1 3543 5288 5289
3600 2 2 1 1 5963 8239 9060
3601 2 2 1 1 3585 5297 5298
3602 2 2 1 1 3006 8267 9126
3603 2 2 1 1 4931 4932 7384
3604 2 2 1 1 7045 2024 8203
3605 2 2 1 1 6548 3699 7387
3606 2 2 1 1 1418 1419 7086
3607 2 2 1 1 5710 7140 8234
3608 2 2 1 1 5702 7452 9063
3609 2 2 1 1 4908 6169 9583
3610 2 2 1 1 5331 3211 9653
3611 2 2 1 1 5402 5215 5461
3612 2 2 1 1 5228 6726 7462
3613 2 2 1 1 1501 5456 7912
3614 2 2 1 1 5710 8198 9064
3615 2 2 1 1 3836 5367 5471
3616 2 2 1 1 1425 1424 6496
3617 2 2 1 1 6602 4890 8238
3618 2 2 1 1 7258 4433 8927
3619 2 2 1 1 7785 2761 8742
3620 2 2 1 1 3912 5505 5506
3621 2 2 1 1 7707 4451 9488
3622 2 2 1 1 1504 7369 8971
3623 2 2 1 1 1345 1346 8445
3624 2 2 1 1 6440 1947 8837
3625 2 2 1 1 1835 7879 8211
3626 2 2 1 1 5004 7535 8820
3627 2 2 1 1 5675 1904 7314
3628 2 2 1 1 6443 1916 8250
3629 2 2 1 1 1499 1500 6710
3630 2 2 1 1 1281 1280 7508
3631 2 2 1 1 5214 5402 7224
3632 2 2 1 1 1218 1219 2159
3633 2 2 1 1 8367 6320 9200
3634 2 2 1 1 9035 4202 9531
3635 2 2 1 1 7661 5932 9163
3636 2 2 1 1 5634 1797 7305
3637 2 2 1 1 4463 3675 6507
3638 2 2 1 1 5739 1897 7192
3639 2 2 1 1 1464 7243 8163
3640 2 2 1 1 627 628 5571
3641 2 2 1 1 3546 5387 9573
3642 2 2 1 1 3908 5634 8028
3643 2 2 1 1 2956 3732 6206
3644 2 2 1 1 2072 6587 8108
3645 2 2 1 1 3744 3792 5548
3646 2 2 1 1 1915 7343 7838
3647 2 2 1 1 2150 6522 6523
3648 2 2 1 1 3076 3078 7693
3649 2 2 1 1 6850 5015 7202
3650 2 2 1 1 3990 5508 5509
3651 2 2 1 1 6138 3478 7693
3652 2 2 1 1 1446 1445 7529
3653 2 2 1 1 2753 4942 9266
3654 2 2 1 1 2161 1900 6633
3655 2 2 1 1 4615 4613 6597
3656 2 2 1 1 5227 5230 5500
3657 2 2 1 1 6656 2365 9798
3658 2 2 1 1 9220 7315 9225
3659 2 2 1 1 5466 5442 5467
3660 2 2 1 1 9026 6327 9702
3661 2 2 1 1 1534 1533 7025
3662 2 2 1 1 4456 4457 7294
3663 2 2 1 1 1406 6627 6998
3664 2 2 1 1 1350 1349 8805
3665 2 2 1 1 6056 8491 9482
3666 2 2 1 1 6412 5834 7430
3667 2 2 1 1 6248 8050 8826
3668 2 2 1 1 5222 2823 8222
3669 2 2 1 1 5090 6993 8745
3670 2 2 1 1 5493 4035 5494
3671 2 2 1 1 6153 6152 8256
3672 2 2 1 1 8491 7191 9482
3673 2 2 1 1 1540 1541 6335
3674 2 2 1 1 1386 8467 8539
3675 2 2 1 1 1497 7153 7227
3676 2 2 1 1 5369 3446 9222
3677 2 2 1 1 7539 6294 7540
3678 2 2 1 1 5713 1896 7203
3679 2 2 1 1 6496 1424 6611
3680 2 2 1 1 4270 4272 6786
3681 2 2 1 1 1600 8209 9434
3682 2 2 1 1 1543 1542 7056
3683 2 2 1 1 1350 8805 8839
3684 2 2 1 1 4935 1887 7164
3685 2 2 1 1 4871 2775 7646
3686 2 2 1 1 1497 1498 7153
3687 2 2 1 1 1406 1405 6627
3688 2 2 1 1 5361 2741 7500
3689 2 2 1 1 1253 1254 6822
3690 2 2 1 1 4646 7350 7550
3691 2 2 1 1 4017 5522 5523
3692 2 2 1 1 2761 8149 8742
3693 2 2 1 1 8058 5658 9554
3694 2 2 1 1 6651 7064 8691
3695 2 2 1 1 5534 1817 7278
3696 2 2 1 1 5407 8425 9321
3697 2 2 1 1 5579 5978 5979
3698 2 2 1 1 2174 2171 6211
3699 2 2 1 1 6609 4258 8144
3700 2 2 1 1 4929 3169 4930
3701 2 2 1 1 7947 5588 8175
3702 2 2 1 1 5563 1895 7279
3703 2 2 1 1 1362 1363 6032
3704 2 2 1 1 5470 2650 7368
3705 2 2 1 1 5328 2750 8559
3706 2 2 1 1 3660 3835 6277
3707 2 2 1 1 1387 1386 8539
3708 2 2 1 1 6356 5730 8096
3709 2 2 1 1 2950 3492 6275
3710 2 2 1 1 2314 4886 9686
3711 2 2 1 1 1417 9575 9667
3712 2 2 1 1 5061 5340 7124
3713 2 2 1 1 6378 6379 7758
3714 2 2 1 1 7452 5702 7681
3715 2 2 1 1 7566 2747 9662
3716 2 2 1 1 6278 8611 9168
3717 2 2 1 1 2022 7062 8209
3718 2 2 1 1 5815 1753 7066
3719 2 2 1 1 1409 7606 8040
3720 2 2 1 1 4449 3678 6604
3721 2 2 1 1 3696 5319 9813
3722 2 2 1 1 8164 4642 8516
3723 2 2 1 1 6691 6297 9289
3724 2 2 1 1 4542 4543 7120
3725 2 2 1 1 1417 7100 7142
3726 2 2 1 1 5753 7439 7773
3727 2 2 1 1 7952 7118 9399
3728 2 2 1 1 5932 8065 9163
3729 2 2 1 1 4546 2792 8660
3730 2 2 1 1 2393 2391 7573
3731 2 2 1 1 4513 7445 7987
3732 2 2 1 1 7814 6305 8715
3733 2 2 1 1 1376 5464 6695
3734 2 2 1 1 4766 6680 7333
3735 2 2 1 1 7995 8001 8002
3736 2 2 1 1 5610 5609 5619
3737 2 2 1 1 3006 7769 8267
3738 2 2 1 1 1417 1418 7100
3739 2 2 1 1 3470 3697 3698
3740 2 2 1 1 1520 5526 6171
3741 2 2 1 1 6024 6021 9808
3742 2 2 1 1 5233 4984 8010
3743 2 2 1 1 7080 4193 8135
3744 2 2 1 1 3511 3510 3638
3745 2 2 1 1 8256 1747 9725
3746 2 2 1 1 7144 1610 8287
3747 2 2 1 1 3458 3709 3710
3748 2 2 1 1 3957 5594 5595
3749 2 2 1 1 5382 3743 6634
3750 2 2 1 1 2837 5231 8849
3751 2 2 1 1 4313 5337 7232
3752 2 2 1 1 4716 4183 9624
3753 2 2 1 1 2784 3687 3688
3754 2 2 1 1 2787 3691 3692
3755 2 2 1 1 2780 2781 3615
3756 2 2 1 1 3723 3724 3725
3757 2 2 1 1 5637 1893 7235
3758 2 2 1 1 5879 7930 9618
3759 2 2 1 1 6916 6589 9141
3760 2 2 1 1 1461 8726 9472
3761 2 2 1 1 3359 3357 7199
3762 2 2 1 1 4721 7685 8789
3763 2 2 1 1 1351 1350 8839
3764 2 2 1 1 5622 1894 7257
3765 2 2 1 1 1303 6219 6220
3766 2 2 1 1 3638 3788 5530
3767 2 2 1 1 7848 6435 8790
3768 2 2 1 1 1329 1330 6180
3769 2 2 1 1 2798 3678 3679
3770 2 2 1 1 2742 9236 9446
3771 2 2 1 1 3773 3570 3774
3772 2 2 1 1 5875 1931 7074
3773 2 2 1 1 1416 7142 7170
3774 2 2 1 1 3743 3505 3744
3775 2 2 1 1 6159 4972 6335
3776 2 2 1 1 4794 5420 6596
3777 2 2 1 1 5986 5935 8633
3778 2 2 1 1 598 1886 6207
3779 2 2 1 1 3455 3460 3609
3780 2 2 1 1 3777 3547 3778
3781 2 2 1 1 5272 2864 8751
3782 2 2 1 1 4735 3684 6620
3783 2 2 1 1 5880 4424 8918
3784 2 2 1 1 5891 1930 7075
3785 2 2 1 1 2785 2817 3620
3786 2 2 1 1 5613 5619 8052
3787 2 2 1 1 5901 1726 7077
3788 2 2 1 1 4189 8174 8379
3789 2 2 1 1 1351 8839 8889
3790 2 2 1 1 5608 5607 5609
3791 2 2 1 1 6564 8955 9805
3792 2 2 1 1 2365 2708 9798
3793 2 2 1 1 1631 7303 7649
3794 2 2 1 1 3732 3731 3733
3795 2 2 1 1 8849 4743 9565
3796 2 2 1 1 1387 8539 8623
3797 2 2 1 1 5172 5436 9185
3798 2 2 1 1 5591 5592 6741
3799 2 2 1 1 5460 4722 6043
3800 2 2 1 1 9172 4415 9344
3801 2 2 1 1 5604 5603 5605
3802 2 2 1 1 600 5628 6210
3803 2 2 1 1 5059 3496 5060
3804 2 2 1 1 7726 2812 9527
3805 2 2 1 1 1425 6496 7000
3806 2 2 1 1 1327 1328 6778
3807 2 2 1 1 2806 3672 3673
3808 2 2 1 1 6928 1856 6944
3809 2 2 1 1 7007 7005 7008
3810 2 2 1 1 4889 4512 7201
3811 2 2 1 1 5005 2173 5006
3812 2 2 1 1 3469 3681 3682
3813 2 2 1 1 5543 5744 8590
3814 2 2 1 1 3624 2842 3659
3815 2 2 1 1 1496 7227 7277
3816 2 2 1 1 6863 2686 7849
3817 2 2 1 1 3000 7336 9416
3818 2 2 1 1 3492 3472 3625
3819 2 2 1 1 5156 5158 8761
3820 2 2 1 1 1514 5651 5652
3821 2 2 1 1 5079 5078 5080
3822 2 2 1 1 1362 6032 6618
3823 2 2 1 1 5506 7339 9737
3824 2 2 1 1 3692 3693 5488
3825 2 2 1 1 2834 5050 9335
3826 2 2 1 1 5979 5980 8734
3827 2 2 1 1 2145 6274 9682
3828 2 2 1 1 5877 7404 9093
3829 2 2 1 1 8628 4492 9531
3830 2 2 1 1 5786 5784 5787
3831 2 2 1 1 7140 8035 8234
3832 2 2 1 1 5309 3587 5313
3833 2 2 1 1 4970 4994 6335
3834 2 2 1 1 3480 3684 3685
3835 2 2 1 1 3679 3680 5508
3836 2 2 1 1 7508 1280 8119
3837 2 2 1 1 3782 3596 3783
3838 2 2 1 1 6603 5325 9692
3839 2 2 1 1 2218 7323 9431
3840 2 2 1 1 5308 3587 5309
3841 2 2 1 1 3453 3516 3611
3842 2 2 1 1 3611 3516 3649
3843 2 2 1 1 2793 3675 3676
3844 2 2 1 1 5249 2857 5469
3845 2 2 1 1 5475 7590 8024
3846 2 2 1 1 4539 5775 8592
3847 2 2 1 1 5894 7413 9101
3848 2 2 1 1 6703 3584 8042
3849 2 2 1 1 3732 3733 3734
3850 2 2 1 1 5903 7407 9102
3851 2 2 1 1 5779 6608 9421
3852 2 2 1 1 3573 5438 5439
3853 2 2 1 1 6109 6862 7842
3854 2 2 1 1 5736 1878 9181
3855 2 2 1 1 1418 1417 9667
3856 2 2 1 1 3681 3026 6447
3857 2 2 1 1 3688 3689 3717
3858 2 2 1 1 3682 3683 5505
3859 2 2 1 1 3685 3686 5594
3860 2 2 1 1 5287 3546 5479
3861 2 2 1 1 5296 3573 5490
3862 2 2 1 1 3567 5236 5237
3863 2 2 1 1 5829 5828 8007
3864 2 2 1 1 3927 4721 9198
3865 2 2 1 1 7221 1293 7524
3866 2 2 1 1 1498 1499 7152
3867 2 2 1 1 5042 3597 5043
3868 2 2 1 1 2791 2842 3624
3869 2 2 1 1 5785 5576 7026
3870 2 2 1 1 7786 5691 8444
3871 2 2 1 1 3603 3602 3668
3872 2 2 1 1 5223 3586 5224
3873 2 2 1 1 5211 3581 5212
3874 2 2 1 1 7392 2710 8534
3875 2 2 1 1 5264 3594 5265
3876 2 2 1 1 5754 7010 8983
3877 2 2 1 1 5605 5606 5607
3878 2 2 1 1 3762 3565 3763
3879 2 2 1 1 5600 5602 5603
3880 2 2 1 1 3646 7869 7870
3881 2 2 1 1 5235 2862 8804
3882 2 2 1 1 3557 5051 5481
3883 2 2 1 1 1255 1254 6528
3884 2 2 1 1 5306 2827 8644
3885 2 2 1 1 3550 5307 8930
3886 2 2 1 1 3735 3685 3736
3887 2 2 1 1 3676 3677 5522
3888 2 2 1 1 5279 3598 5280
3889 2 2 1 1 3615 3621 5480
3890 2 2 1 1 2740 6018 9540
3891 2 2 1 1 6906 6907 8361
3892 2 2 1 1 1330 1331 9634
3893 2 2 1 1 3710 3711 5473
3894 2 2 1 1 5609 5616 5617
3895 2 2 1 1 5338 2786 8658
3896 2 2 1 1 3492 3625 3639
3897 2 2 1 1 1388 1387 8623
3898 2 2 1 1 1761 7127 9799
3899 2 2 1 1 3620 2817 3641
3900 2 2 1 1 3674 5378 9412
3901 2 2 1 1 5526 5283 6171
3902 2 2 1 1 3489 6149 7354
3903 2 2 1 1 5319 3593 5320
3904 2 2 1 1 1499 6710 7152
3905 2 2 1 1 5285 5281 6740
3906 2 2 1 1 3698 3699 5497
3907 2 2 1 1 5420 3509 6596
3908 2 2 1 1 2371 2370 2806
3909 2 2 1 1 6070 7123 9158
3910 2 2 1 1 1416 1417 7142
3911 2 2 1 1 5455 5227 5500
3912 2 2 1 1 1496 1497 7227
3913 2 2 1 1 5939 1924 7092
3914 2 2 1 1 3572 3571 3660
3915 2 2 1 1 4922 3742 4923
3916 2 2 1 1 3609 3623 3766
3917 2 2 1 1 5089 4906 9499
3918 2 2 1 1 1415 9144 9334
3919 2 2 1 1 3483 4461 9507
3920 2 2 1 1 4452 4453 8807
3921 2 2 1 1 3745 5549 9365
3922 2 2 1 1 3727 3673 3740
3923 2 2 1 1 5929 7391 7536
3924 2 2 1 1 5226 5455 7265
3925 2 2 1 1 5270 5266 6765
3926 2 2 1 1 4402 4400 6695
3927 2 2 1 1 3609 3460 3623
3928 2 2 1 1 3675 2254 6507
3929 2 2 1 1 2956 3731 3732
3930 2 2 1 1 3778 3822 5423
3931 2 2 1 1 8176 5593 9390
3932 2 2 1 1 8282 8283 8289
3933 2 2 1 1 3751 3676 3752
3934 2 2 1 1 5402 1506 7224
3935 2 2 1 1 3725 3724 3726
3936 2 2 1 1 1537 6773 9545
3937 2 2 1 1 8598 5235 8804
3938 2 2 1 1 1352 1351 8889
3939 2 2 1 1 2167 2173 5005
3940 2 2 1 1 3073 3072 3480
3941 2 2 1 1 5598 5599 5600
3942 2 2 1 1 5060 5061 5062
3943 2 2 1 1 2862 5278 8761
3944 2 2 1 1 1542 1543 7055
3945 2 2 1 1 3725 3726 3786
3946 2 2 1 1 4502 7837 8197
3947 2 2 1 1 6211 4200 6855
3948 2 2 1 1 4500 3672 6656
3949 2 2 1 1 1518 1519 6800
3950 2 2 1 1 5418 3764 5419
3951 2 2 1 1 7579 6049 8191
3952 2 2 1 1 2826 5263 8560
3953 2 2 1 1 1393 8982 9304
3954 2 2 1 1 6200 6259 8409
3955 2 2 1 1 3710 3709 3711
3956 2 2 1 1 4491 3665 5531
3957 2 2 1 1 4914 3473 9367
3958 2 2 1 1 6667 6375 9271
3959 2 2 1 1 7049 3630 7050
3960 2 2 1 1 5229 5225 6790
3961 2 2 1 1 3511 3638 3647
3962 2 2 1 1 2950 3472 3492
3963 2 2 1 1 4466 4456 8032
3964 2 2 1 1 1352 8889 8935
3965 2 2 1 1 5333 3426 8769
3966 2 2 1 1 5092 5093 5094
3967 2 2 1 1 3756 3682 3757
3968 2 2 1 1 2171 2169 2776
3969 2 2 1 1 3381 3379 5059
3970 2 2 1 1 2869 2867 3707
3971 2 2 1 1 5082 5064 5085
3972 2 2 1 1 3542 5219 9140
3973 2 2 1 1 6888 6809 8711
3974 2 2 1 1 3615 2781 3621
3975 2 2 1 1 1290 5389 7664
3976 2 2 1 1 7081 7080 8135
3977 2 2 1 1 1919 6927 6943
3978 2 2 1 1 7069 5900 7520
3979 2 2 1 1 5893 5890 8938
3980 2 2 1 1 7259 6114 8234
3981 2 2 1 1 4915 2836 7562
3982 2 2 1 1 5941 7386 9115
3983 2 2 1 1 5332 2742 8801
3984 2 2 1 1 1610 8288 8289
3985 2 2 1 1 1483 6996 8170
3986 2 2 1 1 2841 2471 7663
3987 2 2 1 1 2939 2937 3510
3988 2 2 1 1 5827 7846 9284
3989 2 2 1 1 5318 5216 7421
3990 2 2 1 1 3728 3679 3729
3991 2 2 1 1 5905 3605 8615
3992 2 2 1 1 5956 6202 6868
3993 2 2 1 1 1498 7152 7153
3994 2 2 1 1 5467 5442 6449
3995 2 2 1 1 4872 4088 9092
3996 2 2 1 1 2255 2254 2793
3997 2 2 1 1 2269 2268 2798
3998 2 2 1 1 5569 7734 9259
3999 2 2 1 1 5268 5271 5651
4000 2 2 1 1 3377 3375 5340
4001 2 2 1 1 2791 2190 2842
4002 2 2 1 1 6862 2676 7842
4003 2 2 1 1 633 634 5779
4004 2 2 1 1 2931 2929 3481
4005 2 2 1 1 8518 5704 8589
4006 2 2 1 1 5048 5044 6846
4007 2 2 1 1 2925 2923 3505
4008 2 2 1 1 7299 7298 7753
4009 2 2 1 1 5334 5228 7462
4010 2 2 1 1 5345 5269 7492
4011 2 2 1 1 5217 5213 6818
4012 2 2 1 1 3536 5314 8089
4013 2 2 1 1 4574 4572 6611
4014 2 2 1 1 3453 2968 3516
4015 2 2 1 1 2167 2165 2173
4016 2 2 1 1 6546 5952 8898
4017 2 2 1 1 2742 5328 9236
4018 2 2 1 1 1535 5494 8795
4019 2 2 1 1 1976 7344 7613
4020 2 2 1 1 4392 7306 7639
4021 2 2 1 1 2857 5513 6615
4022 2 2 1 1 1724 6882 6885
4023 2 2 1 1 4431 4433 7258
4024 2 2 1 1 3307 3585 7455
4025 2 2 1 1 7404 5877 7565
4026 2 2 1 1 3027 3026 3469
4027 2 2 1 1 5509 5508 8767
4028 2 2 1 1 5335 3413 8826
4029 2 2 1 1 2666 2664 5366
4030 2 2 1 1 6142 7338 9019
4031 2 2 1 1 2662 2660 5050
4032 2 2 1 1 2245 2244 2784
4033 2 2 1 1 2956 2954 3731
4034 2 2 1 1 1413 8765 8875
4035 2 2 1 1 4725 3785 6857
4036 2 2 1 1 7441 5745 9242
4037 2 2 1 1 2939 3510 3511
4038 2 2 1 1 4359 6601 7516
4039 2 2 1 1 5765 7821 9273
4040 2 2 1 1 3743 3744 3745
4041 2 2 1 1 2785 2200 2817
4042 2 2 1 1 1508 5502 6676
4043 2 2 1 1 2950 2948 3472
4044 2 2 1 1 2911 2909 3565
4045 2 2 1 1 1293 1292 7524
4046 2 2 1 1 4870 4090 9085
4047 2 2 1 1 2917 2915 3506
4048 2 2 1 1 6444 7662 9046
4049 2 2 1 1 5232 8956 9014
4050 2 2 1 1 2761 7785 8747
4051 2 2 1 1 7413 5894 7559
4052 2 2 1 1 4489 4495 6640
4053 2 2 1 1 3561 3563 7723
4054 2 2 1 1 3698 3697 3699
4055 2 2 1 1 3455 2988 3460
4056 2 2 1 1 2883 2881 3512
4057 2 2 1 1 7407 5903 7557
4058 2 2 1 1 2774 7214 7860
4059 2 2 1 1 3773 4895 6694
4060 2 2 1 1 2907 2905 3501
4061 2 2 1 1 6693 7988 9756
4062 2 2 1 1 2897 2895 3520
4063 2 2 1 1 1713 7348 7604
4064 2 2 1 1 3692 3691 3693
4065 2 2 1 1 3723 2206 3724
4066 2 2 1 1 5238 5242 6845
4067 2 2 1 1 4882 4881 4884
4068 2 2 1 1 4601 4644 5770
4069 2 2 1 1 1973 7352 7609
4070 2 2 1 1 1388 8623 8704
4071 2 2 1 1 5423 5424 5468
4072 2 2 1 1 8350 1587 8352
4073 2 2 1 1 5720 7678 9247
4074 2 2 1 1 7448 5720 9247
4075 2 2 1 1 7396 5934 7532
4076 2 2 1 1 5325 6022 9692
4077 2 2 1 1 8237 6060 9331
4078 2 2 1 1 3017 3016 3470
4079 2 2 1 1 5782 5780 5784
4080 2 2 1 1 3363 3361 5087
4081 2 2 1 1 8573 5090 9499
4082 2 2 1 1 3442 5327 7721
4083 2 2 1 1 1319 5684 7017
4084 2 2 1 1 7057 5640 7725
4085 2 2 1 1 7026 631 7803
4086 2 2 1 1 4677 5370 7359
4087 2 2 1 1 2644 2641 5262
4088 2 2 1 1 2901 2899 3570
4089 2 2 1 1 5750 1773 9155
4090 2 2 1 1 7976 3365 8317
4091 2 2 1 1 3678 2268 6604
4092 2 2 1 1 3458 2994 3709
4093 2 2 1 1 8169 6049 9209
4094 2 2 1 1 2247 7173 9816
4095 2 2 1 1 3669 3888 6083
4096 2 2 1 1 7341 1253 7638
4097 2 2 1 1 4514 6099 9293
4098 2 2 1 1 6637 6484 9268
4099 2 2 1 1 3688 3687 3689
4100 2 2 1 1 3620 3641 3798
4101 2 2 1 1 3179 4907 9792
4102 2 2 1 1 6338 6959 9584
4103 2 2 1 1 3556 6850 7202
4104 2 2 1 1 3639 3625 5493
4105 2 2 1 1 9596 2807 9734
4106 2 2 1 1 3747 3698 3748
4107 2 2 1 1 7050 7870 7880
4108 2 2 1 1 5000 3179 9792
4109 2 2 1 1 3351 3349 5273
4110 2 2 1 1 3329 7044 7612
4111 2 2 1 1 5473 3711 8316
4112 2 2 1 1 1353 1352 8935
4113 2 2 1 1 1259 1260 6851
4114 2 2 1 1 3347 3345 5232
4115 2 2 1 1 3131 7350 9750
4116 2 2 1 1 6035 1662 7105
4117 2 2 1 1 3684 3072 6620
4118 2 2 1 1 2925 3505 3743
4119 2 2 1 1 6016 2740 7269
4120 2 2 1 1 1415 7170 7197
4121 2 2 1 1 5745 7673 9242
4122 2 2 1 1 2835 4749 8370
4123 2 2 1 1 3375 3373 3474
4124 2 2 1 1 6454 6453 9517
4125 2 2 1 1 2664 2662 2834
4126 2 2 1 1 2893 2891 3477
4127 2 2 1 1 7316 1584 7542
4128 2 2 1 1 2235 2234 2787
4129 2 2 1 1 2780 2212 2781
4130 2 2 1 1 2808 6856 7382
4131 2 2 1 1 1863 7704 8298
4132 2 2 1 1 2721 2719 3742
4133 2 2 1 1 2635 2633 5249
4134 2 2 1 1 5269 5685 7492
4135 2 2 1 1 3343 3341 5210
4136 2 2 1 1 3682 3681 3683
4137 2 2 1 1 2964 2961 6495
4138 2 2 1 1 3611 3649 3790
4139 2 2 1 1 3391 3389 3571
4140 2 2 1 1 3383 3381 3517
4141 2 2 1 1 2672 2670 3556
4142 2 2 1 1 7992 1890 9469
4143 2 2 1 1 5423 3822 5424
4144 2 2 1 1 2978 2975 6367
4145 2 2 1 1 5601 6207 6208
4146 2 2 1 1 2694 2672 5405
4147 2 2 1 1 8733 5904 8762
4148 2 2 1 1 8111 2186 9510
4149 2 2 1 1 2196 2193 5648
4150 2 2 1 1 5289 5288 5290
4151 2 2 1 1 5251 5250 5252
4152 2 2 1 1 6267 6269 9216
4153 2 2 1 1 2609 2607 5397
4154 2 2 1 1 2619 2617 2826
4155 2 2 1 1 7869 3646 7954
4156 2 2 1 1 3349 3347 3523
4157 2 2 1 1 1389 1388 8704
4158 2 2 1 1 2656 2654 2800
4159 2 2 1 1 2637 2635 2865
4160 2 2 1 1 4887 3440 7743
4161 2 2 1 1 6599 6564 9255
4162 2 2 1 1 2660 2658 2816
4163 2 2 1 1 3625 3720 3721
4164 2 2 1 1 2629 2627 2845
4165 2 2 1 1 1353 8935 8978
4166 2 2 1 1 3606 2694 5405
4167 2 2 1 1 2887 2885 3547
4168 2 2 1 1 2647 2644 3592
4169 2 2 1 1 3754 3692 3755
4170 2 2 1 1 3341 3339 3498
4171 2 2 1 1 5348 2795 8440
4172 2 2 1 1 2223 2221 5395
4173 2 2 1 1 3387 3385 3538
4174 2 2 1 1 2617 2615 5263
4175 2 2 1 1 3177 3175 3484
4176 2 2 1 1 3357 3355 3545
4177 2 2 1 1 4399 4396 5768
4178 2 2 1 1 3337 3335 3487
4179 2 2 1 1 3470 3016 3697
4180 2 2 1 1 3366 3363 3590
4181 2 2 1 1 3762 3763 3764
4182 2 2 1 1 3065 3063 5364
4183 2 2 1 1 2577 2575 3594
4184 2 2 1 1 3045 3043 5369
4185 2 2 1 1 1415 1416 7170
4186 2 2 1 1 2873 2871 3708
4187 2 2 1 1 2607 2605 2799
4188 2 2 1 1 2982 2979 6380
4189 2 2 1 1 2453 2451 2835
4190 2 2 1 1 3307 3305 3585
4191 2 2 1 1 3273 3271 3541
4192 2 2 1 1 6247 4770 8397
4193 2 2 1 1 3255 3253 3536
4194 2 2 1 1 2499 2497 2855
4195 2 2 1 1 2569 2567 3586
4196 2 2 1 1 3281 3279 3543
4197 2 2 1 1 5492 7994 7995
4198 2 2 1 1 1395 9450 9520
4199 2 2 1 1 2481 2479 2844
4200 2 2 1 1 2405 2403 2820
4201 2 2 1 1 2585 2583 3598
4202 2 2 1 1 2611 2609 2807
4203 2 2 1 1 2525 2523 2861
4204 2 2 1 1 3019 3017 5495
4205 2 2 1 1 2513 2511 5278
4206 2 2 1 1 1407 1406 6998
4207 2 2 1 1 2425 2423 2825
4208 2 2 1 1 6455 6457 9219
4209 2 2 1 1 2375 2373 2815
4210 2 2 1 1 3237 3235 3518
4211 2 2 1 1 2615 2613 2809
4212 2 2 1 1 2385 2383 2813
4213 2 2 1 1 5366 5020 9762
4214 2 2 1 1 1270 5496 8809
4215 2 2 1 1 2784 2244 3687
4216 2 2 1 1 6034 7115 7116
4217 2 2 1 1 2507 2505 2858
4218 2 2 1 1 3325 3323 3602
4219 2 2 1 1 2593 2591 3600
4220 2 2 1 1 2489 2487 2847
4221 2 2 1 1 2463 2461 2843
4222 2 2 1 1 3345 3343 3507
4223 2 2 1 1 3189 3187 3489
4224 2 2 1 1 2561 2559 3581
4225 2 2 1 1 2435 2433 2832
4226 2 2 1 1 3199 3197 3502
4227 2 2 1 1 2756 2247 9816
4228 2 2 1 1 3005 3003 5398
4229 2 2 1 1 3469 3026 3681
4230 2 2 1 1 3289 3287 3549
4231 2 2 1 1 3101 3099 3494
4232 2 2 1 1 3379 3377 3496
4233 2 2 1 1 3676 3675 3677
4234 2 2 1 1 3777 4904 6736
4235 2 2 1 1 3390 3391 7011
4236 2 2 1 1 7140 2812 8035
4237 2 2 1 1 3209 3207 3503
4238 2 2 1 1 2533 2531 2864
4239 2 2 1 1 3317 3315 3597
4240 2 2 1 1 3265 3263 3537
4241 2 2 1 1 2335 2333 5329
4242 2 2 1 1 2591 2589 5308
4243 2 2 1 1 1477 1476 6671
4244 2 2 1 1 2359 2357 5332
4245 2 2 1 1 3135 3133 5327
4246 2 2 1 1 1495 7277 7337
4247 2 2 1 1 3161 3159 5446
4248 2 2 1 1 4923 3742 4927
4249 2 2 1 1 3247 3245 3531
4250 2 2 1 1 5517 4491 9438
4251 2 2 1 1 3095 3093 5339
4252 2 2 1 1 7386 5941 7519
4253 2 2 1 1 3679 3678 3680
4254 2 2 1 1 2445 2443 2830
4255 2 2 1 1 2668 2666 2853
4256 2 2 1 1 2633 2631 2857
4257 2 2 1 1 3219 3217 3513
4258 2 2 1 1 3361 3359 3551
4259 2 2 1 1 2397 2395 2819
4260 2 2 1 1 2473 2471 2841
4261 2 2 1 1 2291 2289 5348
4262 2 2 1 1 2515 2513 2862
4263 2 2 1 1 2553 2551 3574
4264 2 2 1 1 3297 3295 3559
4265 2 2 1 1 2407 2405 5428
4266 2 2 1 1 3215 3213 3508
4267 2 2 1 1 2345 2343 5451
4268 2 2 1 1 3195 3193 3495
4269 2 2 1 1 3243 3241 3526
4270 2 2 1 1 2547 2545 5209
4271 2 2 1 1 3275 3273 5387
4272 2 2 1 1 3333 3331 3471
4273 2 2 1 1 2535 2533 5272
4274 2 2 1 1 3029 3027 5484
4275 2 2 1 1 3291 3289 5236
4276 2 2 1 1 2541 2539 2866
4277 2 2 1 1 3233 3231 3521
4278 2 2 1 1 4892 3545 8384
4279 2 2 1 1 2579 2577 5264
4280 2 2 1 1 3313 3311 3582
4281 2 2 1 1 2417 2415 2823
4282 2 2 1 1 3121 3119 3463
4283 2 2 1 1 2283 2281 5361
4284 2 2 1 1 3229 3227 3515
4285 2 2 1 1 2549 2547 3552
4286 2 2 1 1 2431 2429 2827
4287 2 2 1 1 2787 2234 3691
4288 2 2 1 1 2527 2525 5307
4289 2 2 1 1 5341 3483 8901
4290 2 2 1 1 3185 3183 5370
4291 2 2 1 1 2459 2457 2836
4292 2 2 1 1 3301 3299 5438
4293 2 2 1 1 2321 2319 2792
4294 2 2 1 1 3321 3319 3593
4295 2 2 1 1 2421 2419 2828
4296 2 2 1 1 3223 3221 3509
4297 2 2 1 1 2603 2601 2789
4298 2 2 1 1 3157 3155 3420
4299 2 2 1 1 3251 3249 3527
4300 2 2 1 1 2557 2555 3557
4301 2 2 1 1 5585 1723 9038
4302 2 2 1 1 3319 3317 5042
4303 2 2 1 1 2587 2585 5279
4304 2 2 1 1 3133 3131 3448
4305 2 2 1 1 3269 3267 3542
4306 2 2 1 1 2517 2515 5235
4307 2 2 1 1 3111 3109 5316
4308 2 2 1 1 2911 3565 3762
4309 2 2 1 1 2505 2503 5295
4310 2 2 1 1 2411 2409 2821
4311 2 2 1 1 2623 2621 2831
4312 2 2 1 1 3181 3179 5000
4313 2 2 1 1 2477 2475 2846
4314 2 2 1 1 2654 2651 5470
4315 2 2 1 1 3145 3143 5450
4316 2 2 1 1 1404 1403 6597
4317 2 2 1 1 3279 3277 5287
4318 2 2 1 1 2369 2367 2370
4319 2 2 1 1 2545 2543 3566
4320 2 2 1 1 2995 2994 3458
4321 2 2 1 1 2543 2541 5326
4322 2 2 1 1 2449 2447 2837
4323 2 2 1 1 2571 2569 5223
4324 2 2 1 1 2641 2639 3578
4325 2 2 1 1 2401 2399 2822
4326 2 2 1 1 3191 3189 5417
4327 2 2 1 1 3305 3303 5296
4328 2 2 1 1 2495 2493 2849
4329 2 2 1 1 1495 1496 7277
4330 2 2 1 1 2389 2387 5433
4331 2 2 1 1 6516 1365 9782
4332 2 2 1 1 2793 2254 3675
4333 2 2 1 1 2391 2389 2814
4334 2 2 1 1 3267 3265 5219
4335 2 2 1 1 2271 2269 5435
4336 2 2 1 1 2399 2397 5221
4337 2 2 1 1 3201 3199 5234
4338 2 2 1 1 2381 2379 5437
4339 2 2 1 1 2565 2563 3568
4340 2 2 1 1 3203 3201 3499
4341 2 2 1 1 2493 2491 5431
4342 2 2 1 1 3227 3225 4894
4343 2 2 1 1 2519 2517 2856
4344 2 2 1 1 2333 2331 2778
4345 2 2 1 1 2415 2413 5412
4346 2 2 1 1 3183 3181 3485
4347 2 2 1 1 2357 2355 2742
4348 2 2 1 1 3171 3169 4929
4349 2 2 1 1 3353 3351 3528
4350 2 2 1 1 3159 3157 5445
4351 2 2 1 1 3173 3171 3174
4352 2 2 1 1 2475 2473 5091
4353 2 2 1 1 3115 3113 4914
4354 2 2 1 1 2257 2255 5463
4355 2 2 1 1 1944 5913 8562
4356 2 2 1 1 2439 2437 2829
4357 2 2 1 1 3773 3774 3775
4358 2 2 1 1 2467 2465 2838
4359 2 2 1 1 3109 3107 3482
4360 2 2 1 1 8974 3523 9632
4361 2 2 1 1 3277 3275 3546
4362 2 2 1 1 3179 3177 4907
4363 2 2 1 1 2317 2315 2796
4364 2 2 1 1 2631 2629 5513
4365 2 2 1 1 2355 2353 5328
4366 2 2 1 1 2573 2571 3575
4367 2 2 1 1 2447 2445 5231
4368 2 2 1 1 3259 3257 3532
4369 2 2 1 1 2331 2329 5330
4370 2 2 1 1 3303 3301 3573
4371 2 2 1 1 2763 6609 9437
4372 2 2 1 1 3147 3145 3429
4373 2 2 1 1 6653 8087 9132
4374 2 2 1 1 3217 3215 5342
4375 2 2 1 1 2521 2519 5436
4376 2 2 1 1 2295 2293 5346
4377 2 2 1 1 4364 9075 9283
4378 2 2 1 1 3113 3111 3473
4379 2 2 1 1 2395 2393 5448
4380 2 2 1 1 6379 6179 7079
4381 2 2 1 1 2379 2377 2808
4382 2 2 1 1 6366 5291 6681
4383 2 2 1 1 2485 2483 2851
4384 2 2 1 1 3293 3291 3567
4385 2 2 1 1 2555 2553 5051
4386 2 2 1 1 3167 3165 3411
4387 2 2 1 1 2537 2535 3554
4388 2 2 1 1 5938 7133 7134
4389 2 2 1 1 2503 2501 2852
4390 2 2 1 1 3956 4062 5973
4391 2 2 1 1 3141 3139 3437
4392 2 2 1 1 1465 8163 8468
4393 2 2 1 1 3445 3001 6212
4394 2 2 1 1 2341 2339 2768
4395 2 2 1 1 2353 2351 2750
4396 2 2 1 1 2772 2219 6252
4397 2 2 1 1 3153 3151 3426
4398 2 2 1 1 3129 3127 3452
4399 2 2 1 1 2563 2561 5211
4400 2 2 1 1 2419 2417 5222
4401 2 2 1 1 3745 3744 5548
4402 2 2 1 1 3075 3073 5410
4403 2 2 1 1 3624 3659 3805
4404 2 2 1 1 2581 2579 3580
4405 2 2 1 1 3081 3079 3454
4406 2 2 1 1 2329 2327 2782
4407 2 2 1 1 5745 7441 7623
4408 2 2 1 1 2365 2363 2708
4409 2 2 1 1 2289 2287 2795
4410 2 2 1 1 3323 3321 5319
4411 2 2 1 1 3093 3091 3421
4412 2 2 1 1 1537 1536 6773
4413 2 2 1 1 2193 2191 5648
4414 2 2 1 1 3672 2370 6656
4415 2 2 1 1 3117 3115 3466
4416 2 2 1 1 3285 3283 3553
4417 2 2 1 1 2511 2509 2854
4418 2 2 1 1 9106 2843 9664
4419 2 2 1 1 3165 3163 5335
4420 2 2 1 1 5054 5056 6126
4421 2 2 1 1 3415 8898 9030
4422 2 2 1 1 2363 2361 5336
4423 2 2 1 1 2347 2345 2757
4424 2 2 1 1 2589 2587 3587
4425 2 2 1 1 2301 2299 2763
4426 2 2 1 1 2351 2349 5452
4427 2 2 1 1 2433 2431 5306
4428 2 2 1 1 2529 2527 3550
4429 2 2 1 1 3253 3251 5314
4430 2 2 1 1 6393 8106 8868
4431 2 2 1 1 3155 3153 5333
4432 2 2 1 1 3125 3123 3456
4433 2 2 1 1 3041 3039 5376
4434 2 2 1 1 5034 5036 6718
4435 2 2 1 1 3225 3223 5420
4436 2 2 1 1 3385 3383 5954
4437 2 2 1 1 6361 7136 7137
4438 2 2 1 1 6705 6198 8679
4439 2 2 1 1 3335 3333 5460
4440 2 2 1 1 2299 2297 5363
4441 2 2 1 1 3087 3085 5349
4442 2 2 1 1 3339 3337 5426
4443 2 2 1 1 2461 2459 5377
4444 2 2 1 1 2327 2325 5338
4445 2 2 1 1 2213 2212 2780
4446 2 2 1 1 2819 5448 8120
4447 2 2 1 1 2719 2716 5394
4448 2 2 1 1 2226 2223 5395
4449 2 2 1 1 2960 6206 8037
4450 2 2 1 1 3213 3211 5331
4451 2 2 1 1 3107 3105 5341
4452 2 2 1 1 2597 2595 3596
4453 2 2 1 1 3241 3239 5512
4454 2 2 1 1 2319 2317 5350
4455 2 2 1 1 2497 2495 5315
4456 2 2 1 1 3137 3135 3442
4457 2 2 1 1 2186 2183 6591
4458 2 2 1 1 3163 3161 3413
4459 2 2 1 1 3050 6270 9529
4460 2 2 1 1 2313 2311 2314
4461 2 2 1 1 2361 2359 2714
4462 2 2 1 1 6621 4506 8317
4463 2 2 1 1 2822 5221 8244
4464 2 2 1 1 7376 3655 7377
4465 2 2 1 1 5956 5955 6866
4466 2 2 1 1 2325 2323 2786
4467 2 2 1 1 5088 5089 5090
4468 2 2 1 1 7717 1710 7768
4469 2 2 1 1 5499 5268 5651
4470 2 2 1 1 5290 5374 6681
4471 2 2 1 1 5572 5571 5573
4472 2 2 1 1 3271 3269 4885
4473 2 2 1 1 2337 2335 2773
4474 2 2 1 1 2627 2625 5233
4475 2 2 1 1 1965 7389 7576
4476 2 2 1 1 6596 3509 8078
4477 2 2 1 1 3097 3095 3098
4478 2 2 1 1 5052 5053 5054
4479 2 2 1 1 2293 2291 2783
4480 2 2 1 1 2989 2988 3455
4481 2 2 1 1 4714 3503 9650
4482 2 2 1 1 3105 3103 3483
4483 2 2 1 1 5404 3762 5525
4484 2 2 1 1 1570 1569 5468
4485 2 2 1 1 2207 2206 3723
4486 2 2 1 1 2305 2303 2747
4487 2 2 1 1 2373 2371 5393
4488 2 2 1 1 3744 3746 3792
4489 2 2 1 1 3085 3083 3441
4490 2 2 1 1 7416 2778 9075
4491 2 2 1 1 7333 3477 9511
4492 2 2 1 1 3089 3087 3430
4493 2 2 1 1 3008 3005 5398
4494 2 2 1 1 3449 3057 7324
4495 2 2 1 1 3770 3710 3771
4496 2 2 1 1 5569 7510 7770
4497 2 2 1 1 6971 7617 8447
4498 2 2 1 1 3063 3061 3432
4499 2 2 1 1 2182 2179 6568
4500 2 2 1 1 4719 3702 6815
4501 2 2 1 1 3077 3075 3464
4502 2 2 1 1 3123 3121 5383
4503 2 2 1 1 5874 7149 7150
4504 2 2 1 1 3774 3833 5434
4505 2 2 1 1 2297 2295 2771
4506 2 2 1 1 3767 3615 3768
4507 2 2 1 1 2309 2307 2709
4508 2 2 1 1 2273 2271 2779
4509 2 2 1 1 5720 7448 7630
4510 2 2 1 1 5828 6403 8007
4511 2 2 1 1 2285 2283 2286
4512 2 2 1 1 1354 1353 8978
4513 2 2 1 1 2798 2268 3678
4514 2 2 1 1 1786 5641 9036
4515 2 2 1 1 5298 5297 5299
4516 2 2 1 1 3055 3053 3468
4517 2 2 1 1 3467 7527 7829
4518 2 2 1 1 1402 1401 6243
4519 2 2 1 1 2281 2279 2741
4520 2 2 1 1 5007 6 9265
4521 2 2 1 1 3480 3072 3684
4522 2 2 1 1 4090 4870 9570
4523 2 2 1 1 3685 3684 3686
4524 2 2 1 1 5777 4206 8346
4525 2 2 1 1 7538 3889 8465
4526 2 2 1 1 1416 1415 9334
4527 2 2 1 1 1414 7197 7237
4528 2 2 1 1 3053 3052 5337
4529 2 2 1 1 2901 3570 3773
4530 2 2 1 1 5814 7167 7168
4531 2 2 1 1 6422 6418 6424
4532 2 2 1 1 5355 5354 5356
4533 2 2 1 1 6041 6038 8951
4534 2 2 1 1 7750 3604 8530
4535 2 2 1 1 2639 2637 5922
4536 2 2 1 1 3043 3041 3446
4537 2 2 1 1 2429 2427 6094
4538 2 2 1 1 3059 3057 3449
4539 2 2 1 1 3071 3069 3072
4540 2 2 1 1 3777 3778 3779
4541 2 2 1 1 2915 2912 5404
4542 2 2 1 1 4452 8807 9572
4543 2 2 1 1 1303 1302 6219
4544 2 2 1 1 4088 4872 9567
4545 2 2 1 1 2263 2261 2749
4546 2 2 1 1 2881 2878 5379
4547 2 2 1 1 3985 4096 6062
4548 2 2 1 1 5782 5786 6082
4549 2 2 1 1 3067 3065 3417
4550 2 2 1 1 1517 5685 7231
4551 2 2 1 1 2895 2893 6680
4552 2 2 1 1 1707 7755 7756
4553 2 2 1 1 6676 5502 7421
4554 2 2 1 1 1354 8978 9042
4555 2 2 1 1 4791 4794 6596
4556 2 2 1 1 2190 2187 5923
4557 2 2 1 1 6674 1265 8345
4558 2 2 1 1 2267 2265 2268
4559 2 2 1 1 9388 3411 9652
4560 2 2 1 1 5612 5610 5613
4561 2 2 1 1 2201 2200 2785
4562 2 2 1 1 1389 8704 8775
4563 2 2 1 1 4769 4770 8856
4564 2 2 1 1 7207 5565 7208
4565 2 2 1 1 3435 3019 5495
4566 2 2 1 1 1274 4905 9610
4567 2 2 1 1 2277 2275 2762
4568 2 2 1 1 4910 3790 6368
4569 2 2 1 1 2178 2175 6622
4570 2 2 1 1 3047 3045 3424
4571 2 2 1 1 3119 3117 5411
4572 2 2 1 1 3975 3973 5684
4573 2 2 1 1 5609 5617 5619
4574 2 2 1 1 5587 3642 5589
4575 2 2 1 1 1518 5487 8802
4576 2 2 1 1 3572 3660 3661
4577 2 2 1 1 2941 7534 7701
4578 2 2 1 1 1416 9334 9575
4579 2 2 1 1 6208 3838 6566
4580 2 2 1 1 1960 7408 7560
4581 2 2 1 1 1414 1415 7197
4582 2 2 1 1 3039 3037 3475
4583 2 2 1 1 2823 5412 8743
4584 2 2 1 1 2778 7416 9627
4585 2 2 1 1 5785 7026 7803
4586 2 2 1 1 7510 5569 9259
4587 2 2 1 1 3446 3041 5376
4588 2 2 1 1 3051 3049 3052
4589 2 2 1 1 3668 3696 5453
4590 2 2 1 1 4193 7080 8443
4591 2 2 1 1 2315 2314 5974
4592 2 2 1 1 2887 3547 3777
4593 2 2 1 1 1589 6939 7605
4594 2 2 1 1 3617 3561 7723
4595 2 2 1 1 3673 3672 3674
4596 2 2 1 1 5605 5607 5608
4597 2 2 1 1 3647 3638 5530
4598 2 2 1 1 3413 6248 8826
4599 2 2 1 1 5538 6529 9098
4600 2 2 1 1 3035 3033 3036
4601 2 2 1 1 2929 2926 5382
4602 2 2 1 1 7055 1543 7650
4603 2 2 1 1 3790 3649 6368
4604 2 2 1 1 4644 4598 6047
4605 2 2 1 1 6938 7414 7415
4606 2 2 1 1 3283 3281 5933
4607 2 2 1 1 3055 3468 7324
4608 2 2 1 1 5827 7575 8005
4609 2 2 1 1 2259 2257 2775
4610 2 2 1 1 8206 6912 8218
4611 2 2 1 1 5600 5603 5604
4612 2 2 1 1 3175 3174 5964
4613 2 2 1 1 7934 7932 7935
4614 2 2 1 1 3391 3571 3572
4615 2 2 1 1 1374 6606 7169
4616 2 2 1 1 6277 5472 6528
4617 2 2 1 1 4692 5769 6385
4618 2 2 1 1 3440 3029 5484
4619 2 2 1 1 5741 5738 7673
4620 2 2 1 1 1407 6998 7254
4621 2 2 1 1 5461 5218 5462
4622 2 2 1 1 7133 5761 7134
4623 2 2 1 1 3567 5237 5238
4624 2 2 1 1 3001 3000 6212
4625 2 2 1 1 3375 3474 5340
4626 2 2 1 1 1420 1419 5519
4627 2 2 1 1 3424 3045 5369
4628 2 2 1 1 7820 4773 8106
4629 2 2 1 1 2303 2301 5381
4630 2 2 1 1 5455 1511 7265
4631 2 2 1 1 2779 2271 5435
4632 2 2 1 1 3471 3331 7612
4633 2 2 1 1 2286 2283 5361
4634 2 2 1 1 5715 5712 7678
4635 2 2 1 1 3603 3668 3669
4636 2 2 1 1 6428 6050 6430
4637 2 2 1 1 3783 3596 3785
4638 2 2 1 1 2664 2834 5366
4639 2 2 1 1 1400 1399 5551
4640 2 2 1 1 3734 3733 3814
4641 2 2 1 1 2239 2237 2753
4642 2 2 1 1 2975 2974 6367
4643 2 2 1 1 2253 2251 2254
4644 2 2 1 1 7995 7996 8001
4645 2 2 1 1 5281 3598 6740
4646 2 2 1 1 5403 4694 6385
4647 2 2 1 1 1864 7868 8220
4648 2 2 1 1 2249 2247 2756
4649 2 2 1 1 7888 8101 8102
4650 2 2 1 1 1390 1389 8775
4651 2 2 1 1 5736 4487 8070
4652 2 2 1 1 1424 1423 6611
4653 2 2 1 1 2660 2816 5050
4654 2 2 1 1 4441 4439 6683
4655 2 2 1 1 7129 4008 8793
4656 2 2 1 1 5619 5617 7182
4657 2 2 1 1 5578 5579 8734
4658 2 2 1 1 3011 3009 3443
4659 2 2 1 1 5624 5621 9029
4660 2 2 1 1 2775 2257 5463
4661 2 2 1 1 5699 7207 7208
4662 2 2 1 1 7269 8441 8442
4663 2 2 1 1 1412 1411 8621
4664 2 2 1 1 2763 2299 5363
4665 2 2 1 1 3638 3713 3788
4666 2 2 1 1 3031 3029 3440
4667 2 2 1 1 1413 7237 7262
4668 2 2 1 1 6835 6832 8154
4669 2 2 1 1 4361 4426 6095
4670 2 2 1 1 5344 1321 9749
4671 2 2 1 1 3468 3053 5337
4672 2 2 1 1 3221 3219 6147
4673 2 2 1 1 2229 2227 2769
4674 2 2 1 1 7013 4075 9497
4675 2 2 1 1 2780 3767 5524
4676 2 2 1 1 3495 3193 7457
4677 2 2 1 1 5266 3594 6765
4678 2 2 1 1 3187 3185 6149
4679 2 2 1 1 1835 8210 8872
4680 2 2 1 1 2806 2370 3672
4681 2 2 1 1 3379 3496 5059
4682 2 2 1 1 6522 2150 9449
4683 2 2 1 1 3021 3019 3435
4684 2 2 1 1 5273 3523 8974
4685 2 2 1 1 3052 4999 9773
4686 2 2 1 1 3854 4465 6103
4687 2 2 1 1 1396 1395 9520
4688 2 2 1 1 5934 7396 9109
4689 2 2 1 1 2607 2799 5397
4690 2 2 1 1 2219 2218 6252
4691 2 2 1 1 5320 3593 5322
4692 2 2 1 1 3349 3523 5273
4693 2 2 1 1 3823 4731 6205
4694 2 2 1 1 3396 8246 8386
4695 2 2 1 1 2551 2549 6127
4696 2 2 1 1 3417 3065 5364
4697 2 2 1 1 3567 5238 6845
4698 2 2 1 1 5573 5571 5574
4699 2 2 1 1 5238 5237 5239
4700 2 2 1 1 3025 3023 3026
4701 2 2 1 1 3448 3131 9750
4702 2 2 1 1 1494 1495 7337
4703 2 2 1 1 5177 7195 7491
4704 2 2 1 1 2783 2291 5348
4705 2 2 1 1 3413 5446 6248
4706 2 2 1 1 1494 7337 7425
4707 2 2 1 1 3778 3780 3822
4708 2 2 1 1 5782 5784 5786
4709 2 2 1 1 2806 3673 3727
4710 2 2 1 1 3430 5349 8407
4711 2 2 1 1 5678 5674 9096
4712 2 2 1 1 3952 4298 6131
4713 2 2 1 1 1880 4881 4882
4714 2 2 1 1 2792 2319 5350
4715 2 2 1 1 5608 5609 5610
4716 2 2 1 1 3003 3001 3445
4717 2 2 1 1 3345 3507 5232
4718 2 2 1 1 4271 4297 6130
4719 2 2 1 1 3717 3689 3719
4720 2 2 1 1 7115 5823 7116
4721 2 2 1 1 2615 2809 5263
4722 2 2 1 1 3098 3095 5339
4723 2 2 1 1 8048 3478 8682
4724 2 2 1 1 3420 3155 5333
4725 2 2 1 1 2901 3773 6694
4726 2 2 1 1 5439 5438 5440
4727 2 2 1 1 5344 3975 5684
4728 2 2 1 1 5549 9121 9365
4729 2 2 1 1 1355 1354 9042
4730 2 2 1 1 3650 2738 6990
4731 2 2 1 1 2961 2960 6495
4732 2 2 1 1 2742 2355 5328
4733 2 2 1 1 4329 4420 6141
4734 2 2 1 1 8226 8224 8720
4735 2 2 1 1 2778 2331 5330
4736 2 2 1 1 2221 2219 2772
4737 2 2 1 1 2633 2857 5249
4738 2 2 1 1 5225 3586 6790
4739 2 2 1 1 1426 1425 7000
4740 2 2 1 1 3366 3590 9684
4741 2 2 1 1 2243 2241 2244
4742 2 2 1 1 5311 5309 5312
4743 2 2 1 1 4872 5429 9567
4744 2 2 1 1 3782 3783 3784
4745 2 2 1 1 5043 3597 5044
4746 2 2 1 1 5536 5533 8420
4747 2 2 1 1 6515 7328 7470
4748 2 2 1 1 3174 3171 4929
4749 2 2 1 1 8104 6027 9264
4750 2 2 1 1 3482 3107 5341
4751 2 2 1 1 5280 3598 5281
4752 2 2 1 1 7315 3499 9225
4753 2 2 1 1 2233 2231 2234
4754 2 2 1 1 2750 2351 5452
4755 2 2 1 1 3458 3770 5527
4756 2 2 1 1 3814 4447 8184
4757 2 2 1 1 3177 3484 4907
4758 2 2 1 1 2768 7624 7639
4759 2 2 1 1 2641 3578 5262
4760 2 2 1 1 4643 4914 9367
4761 2 2 1 1 3518 3235 7816
4762 2 2 1 1 4375 4373 6032
4763 2 2 1 1 5212 3581 5213
4764 2 2 1 1 1257 1258 8066
4765 2 2 1 1 5265 3594 5266
4766 2 2 1 1 5060 3496 5061
4767 2 2 1 1 5566 5562 7734
4768 2 2 1 1 3429 3145 5450
4769 2 2 1 1 3473 3111 5316
4770 2 2 1 1 3361 3551 5087
4771 2 2 1 1 1422 1421 6276
4772 2 2 1 1 1411 1410 8341
4773 2 2 1 1 2979 2978 6380
4774 2 2 1 1 3668 3602 3696
4775 2 2 1 1 5842 5838 9135
4776 2 2 1 1 3321 3593 5319
4777 2 2 1 1 5633 7556 8028
4778 2 2 1 1 3430 3087 5349
4779 2 2 1 1 2735 2760 6990
4780 2 2 1 1 5224 3586 5225
4781 2 2 1 1 2771 2295 5346
4782 2 2 1 1 3484 3175 5964
4783 2 2 1 1 3341 3498 5210
4784 2 2 1 1 4870 5427 9570
4785 2 2 1 1 2815 2373 5393
4786 2 2 1 1 2757 2345 5451
4787 2 2 1 1 2782 2327 5338
4788 2 2 1 1 2525 2861 5307
4789 2 2 1 1 5787 5784 5788
4790 2 2 1 1 5478 3463 8387
4791 2 2 1 1 3541 3271 4885
4792 2 2 1 1 2459 2836 5377
4793 2 2 1 1 1504 1505 5461
4794 2 2 1 1 1355 9042 9086
4795 2 2 1 1 3233 3521 7816
4796 2 2 1 1 5482 5054 6126
4797 2 2 1 1 5160 5162 8804
4798 2 2 1 1 3251 3527 5314
4799 2 2 1 1 2585 3598 5279
4800 2 2 1 1 3464 3075 5410
4801 2 2 1 1 3785 3596 6857
4802 2 2 1 1 8768 1288 9005
4803 2 2 1 1 3223 3509 5420
4804 2 2 1 1 2832 2433 5306
4805 2 2 1 1 3411 3165 5335
4806 2 2 1 1 3914 5343 6349
4807 2 2 1 1 5213 3581 6818
4808 2 2 1 1 5605 5603 5606
4809 2 2 1 1 2577 3594 5264
4810 2 2 1 1 1394 1393 9304
4811 2 2 1 1 1286 6841 8566
4812 2 2 1 1 5522 3677 5872
4813 2 2 1 1 2495 2849 5315
4814 2 2 1 1 2410 6682 8399
4815 2 2 1 1 3015 3013 3016
4816 2 2 1 1 2708 2363 5336
4817 2 2 1 1 1932 7014 7015
4818 2 2 1 1 2714 2359 5332
4819 2 2 1 1 2819 2395 5448
4820 2 2 1 1 3779 3778 5423
4821 2 2 1 1 3838 6209 8583
4822 2 2 1 1 5044 3597 6846
4823 2 2 1 1 3442 3135 5327
4824 2 2 1 1 3303 3573 5296
4825 2 2 1 1 3277 3546 5287
4826 2 2 1 1 3273 3541 5387
4827 2 2 1 1 3183 3485 5370
4828 2 2 1 1 7491 2477 9766
4829 2 2 1 1 7271 1919 7600
4830 2 2 1 1 1533 1532 8689
4831 2 2 1 1 4355 7072 9413
4832 2 2 1 1 2969 2968 3453
4833 2 2 1 1 3513 3217 5342
4834 2 2 1 1 4188 6155 8256
4835 2 2 1 1 1513 5652 6726
4836 2 2 1 1 2773 2335 5329
4837 2 2 1 1 2823 2415 5412
4838 2 2 1 1 2887 3777 6736
4839 2 2 1 1 2225 2223 2226
4840 2 2 1 1 3805 3659 6539
4841 2 2 1 1 5600 5599 5602
4842 2 2 1 1 3413 3161 5446
4843 2 2 1 1 8435 5356 8680
4844 2 2 1 1 1413 1414 7237
4845 2 2 1 1 2503 2852 5295
4846 2 2 1 1 3566 2543 5326
4847 2 2 1 1 1271 6992 8991
4848 2 2 1 1 5609 5607 5616
4849 2 2 1 1 3515 3227 4894
4850 2 2 1 1 2796 2315 5974
4851 2 2 1 1 4389 4418 6146
4852 2 2 1 1 5393 3727 7126
4853 2 2 1 1 2569 3586 5223
4854 2 2 1 1 2307 2305 5945
4855 2 2 1 1 2856 2517 5235
4856 2 2 1 1 7614 1912 8268
4857 2 2 1 1 2845 2627 5233
4858 2 2 1 1 2589 3587 5308
4859 2 2 1 1 3415 7247 8898
4860 2 2 1 1 5408 1281 9343
4861 2 2 1 1 3121 3463 5383
4862 2 2 1 1 1567 1566 8688
4863 2 2 1 1 8090 7916 8196
4864 2 2 1 1 3189 3489 5417
4865 2 2 1 1 2369 2370 2371
4866 2 2 1 1 3508 3213 5331
4867 2 2 1 1 4945 7976 8317
4868 2 2 1 1 3466 3115 4914
4869 2 2 1 1 3727 3740 3741
4870 2 2 1 1 2597 3596 3782
4871 2 2 1 1 3660 3702 3835
4872 2 2 1 1 3554 2535 5272
4873 2 2 1 1 2511 2854 5278
4874 2 2 1 1 1868 8017 8168
4875 2 2 1 1 5439 5440 5441
4876 2 2 1 1 3199 3502 5234
4877 2 2 1 1 2773 5329 5906
4878 2 2 1 1 4721 4203 7685
4879 2 2 1 1 3567 3291 5236
4880 2 2 1 1 2183 2182 6591
4881 2 2 1 1 3007 3005 3008
4882 2 2 1 1 3498 3339 5426
4883 2 2 1 1 3778 3547 3780
4884 2 2 1 1 2339 2337 6245
4885 2 2 1 1 2545 3566 5209
4886 2 2 1 1 4252 4249 6151
4887 2 2 1 1 7867 1975 7871
4888 2 2 1 1 3660 3571 3702
4889 2 2 1 1 3584 6187 8033
4890 2 2 1 1 3317 3597 5042
4891 2 2 1 1 3526 3241 5512
4892 2 2 1 1 3265 3537 5219
4893 2 2 1 1 3325 3602 3603
4894 2 2 1 1 5060 5062 5064
4895 2 2 1 1 2191 2190 2791
4896 2 2 1 1 3117 3466 5411
4897 2 2 1 1 3480 3685 3735
4898 2 2 1 1 4272 4886 6786
4899 2 2 1 1 2217 2215 2218
4900 2 2 1 1 2445 2830 5231
4901 2 2 1 1 2623 2831 7275
4902 2 2 1 1 1465 1464 8163
4903 2 2 1 1 2561 3581 5211
4904 2 2 1 1 9041 7442 9425
4905 2 2 1 1 5425 4375 6032
4906 2 2 1 1 1426 7000 7287
4907 2 2 1 1 3573 3301 5438
4908 2 2 1 1 3485 3181 5000
4909 2 2 1 1 6520 2156 6521
4910 2 2 1 1 4034 4429 6170
4911 2 2 1 1 4544 4542 8412
4912 2 2 1 1 2814 2389 5433
4913 2 2 1 1 6587 2072 7888
4914 2 2 1 1 5212 5213 5214
4915 2 2 1 1 2822 2399 5221
4916 2 2 1 1 1493 7425 7471
4917 2 2 1 1 2849 2493 5431
4918 2 2 1 1 3702 3571 6815
4919 2 2 1 1 3892 7586 8346
4920 2 2 1 1 2846 2475 5091
4921 2 2 1 1 7268 5614 7450
4922 2 2 1 1 7483 5987 7484
4923 2 2 1 1 4184 3844 4186
4924 2 2 1 1 1280 5408 8233
4925 2 2 1 1 2828 2419 5222
4926 2 2 1 1 1417 1416 9575
4927 2 2 1 1 3557 2555 5051
4928 2 2 1 1 8960 6102 9537
4929 2 2 1 1 3475 6278 9168
4930 2 2 1 1 1390 8775 8843
4931 2 2 1 1 2999 2997 3000
4932 2 2 1 1 3173 3174 3175
4933 2 2 1 1 3521 6783 7239
4934 2 2 1 1 5062 5061 5063
4935 2 2 1 1 4729 3780 7068
4936 2 2 1 1 2311 2309 6148
4937 2 2 1 1 3967 3965 6125
4938 2 2 1 1 1280 1279 8119
4939 2 2 1 1 3487 3335 5460
4940 2 2 1 1 1509 1510 5500
4941 2 2 1 1 5632 1849 7556
4942 2 2 1 1 2800 2654 5470
4943 2 2 1 1 8246 5547 8386
4944 2 2 1 1 2721 3742 4922
4945 2 2 1 1 2301 2763 5381
4946 2 2 1 1 5754 8983 9392
4947 2 2 1 1 2313 2314 2315
4948 2 2 1 1 5335 8826 9652
4949 2 2 1 1 6894 8339 9192
4950 2 2 1 1 3049 3047 4999
4951 2 2 1 1 1392 8923 8982
4952 2 2 1 1 1398 1397 5503
4953 2 2 1 1 2179 2178 6568
4954 2 2 1 1 1846 633 5779
4955 2 2 1 1 3373 3370 6527
4956 2 2 1 1 3763 3765 3830
4957 2 2 1 1 9189 5322 9743
4958 2 2 1 1 7284 9547 9699
4959 2 2 1 1 5224 5225 5226
4960 2 2 1 1 1524 1523 8475
4961 2 2 1 1 2175 2174 6622
4962 2 2 1 1 2857 2631 5513
4963 2 2 1 1 1414 1413 8875
4964 2 2 1 1 8162 4460 8242
4965 2 2 1 1 2868 2867 2869
4966 2 2 1 1 1414 8875 9144
4967 2 2 1 1 6603 7958 8238
4968 2 2 1 1 5769 4690 8372
4969 2 2 1 1 5496 3805 6539
4970 2 2 1 1 3783 3785 3841
4971 2 2 1 1 1694 7466 7522
4972 2 2 1 1 2605 2603 6488
4973 2 2 1 1 5926 1928 9178
4974 2 2 1 1 4240 4239 7642
4975 2 2 1 1 3669 3668 3888
4976 2 2 1 1 2798 3679 3728
4977 2 2 1 1 3774 3570 3776
4978 2 2 1 1 1408 1407 7254
4979 2 2 1 1 5430 4615 6597
4980 2 2 1 1 5320 5322 5323
4981 2 2 1 1 1356 1355 9086
4982 2 2 1 1 3037 3036 6278
4983 2 2 1 1 5576 1881 7026
4984 2 2 1 1 5762 5758 7821
4985 2 2 1 1 4495 4876 8079
4986 2 2 1 1 5265 5266 5267
4987 2 2 1 1 4756 3776 7093
4988 2 2 1 1 2723 2721 4922
4989 2 2 1 1 5951 5943 9080
4990 2 2 1 1 4613 6193 6597
4991 2 2 1 1 1361 1362 6618
4992 2 2 1 1 3728 3729 3730
4993 2 2 1 1 7524 1292 8043
4994 2 2 1 1 2203 2201 6169
4995 2 2 1 1 3775 3774 5434
4996 2 2 1 1 3287 3285 6677
4997 2 2 1 1 3735 3736 3737
4998 2 2 1 1 5735 5734 5736
4999 2 2 1 1 1846 5779 5780
5000 2 2 1 1 3640 7980 8307
5001 2 2 1 1 4769 8856 9408
5002 2 2 1 1 3424 5369 6348
5003 2 2 1 1 2729 2723 2867
5004 2 2 1 1 6886 1724 8371
5005 2 2 1 1 3434 6686 7401
5006 2 2 1 1 5043 5044 5045
5007 2 2 1 1 5032 5034 6150
5008 2 2 1 1 1391 1390 8843
5009 2 2 1 1 3742 2719 5394
5010 2 2 1 1 5280 5281 5282
5011 2 2 1 1 2993 2991 2994
5012 2 2 1 1 4513 4514 7445
5013 2 2 1 1 2211 2209 2212
5014 2 2 1 1 3774 3776 3833
5015 2 2 1 1 1493 1494 7425
5016 2 2 1 1 8125 2066 8126
5017 2 2 1 1 4053 4873 6181
5018 2 2 1 1 599 600 6210
5019 2 2 1 1 3782 4947 6999
5020 2 2 1 1 5428 2820 8082
5021 2 2 1 1 6150 5034 6718
5022 2 2 1 1 3634 7039 9057
5023 2 2 1 1 1531 1530 5510
5024 2 2 1 1 2265 2263 6604
5025 2 2 1 1 5337 3052 7232
5026 2 2 1 1 1356 9086 9147
5027 2 2 1 1 2849 5431 8261
5028 2 2 1 1 2981 2979 2982
5029 2 2 1 1 1866 8061 8134
5030 2 2 1 1 1602 7610 7692
5031 2 2 1 1 3948 4511 6203
5032 2 2 1 1 4096 3983 6204
5033 2 2 1 1 3097 3098 3099
5034 2 2 1 1 2987 2985 2988
5035 2 2 1 1 3786 3726 3810
5036 2 2 1 1 3071 3072 3073
5037 2 2 1 1 3127 3125 6577
5038 2 2 1 1 5959 1942 8537
5039 2 2 1 1 5323 5322 9189
5040 2 2 1 1 7534 3928 7701
5041 2 2 1 1 5824 5820 7846
5042 2 2 1 1 4592 4698 6192
5043 2 2 1 1 5549 8083 9121
5044 2 2 1 1 5246 5240 6976
5045 2 2 1 1 4437 7625 8913
5046 2 2 1 1 5964 3174 6365
5047 2 2 1 1 5079 5080 5081
5048 2 2 1 1 1607 5700 9063
5049 2 2 1 1 4240 6548 7387
5050 2 2 1 1 4156 9412 9561
5051 2 2 1 1 3081 3454 8122
5052 2 2 1 1 7610 2016 7692
5053 2 2 1 1 3295 3293 6845
5054 2 2 1 1 1939 5708 9064
5055 2 2 1 1 7575 5827 9284
5056 2 2 1 1 2713 2694 3606
5057 2 2 1 1 2166 2165 2167
5058 2 2 1 1 3023 3021 6447
5059 2 2 1 1 2793 3676 3751
5060 2 2 1 1 2827 2429 6094
5061 2 2 1 1 1880 636 4881
5062 2 2 1 1 6083 3888 6641
5063 2 2 1 1 4650 4635 6215
5064 2 2 1 1 2814 5433 7381
5065 2 2 1 1 2955 2954 2956
5066 2 2 1 1 3719 4862 6332
5067 2 2 1 1 8743 5412 8774
5068 2 2 1 1 5617 5616 5618
5069 2 2 1 1 2168 2167 2169
5070 2 2 1 1 4458 6217 8652
5071 2 2 1 1 7958 2688 8238
5072 2 2 1 1 6173 4441 6683
5073 2 2 1 1 6822 1254 8900
5074 2 2 1 1 2205 2203 2206
5075 2 2 1 1 2199 2197 2200
5076 2 2 1 1 2285 2286 2287
5077 2 2 1 1 1793 7250 9595
5078 2 2 1 1 2164 2163 2165
5079 2 2 1 1 1412 7262 7291
5080 2 2 1 1 1254 1253 7341
5081 2 2 1 1 5459 3967 6125
5082 2 2 1 1 2251 2249 6507
5083 2 2 1 1 3441 3083 8122
5084 2 2 1 1 6528 1254 7341
5085 2 2 1 1 3751 3752 3753
5086 2 2 1 1 6532 6530 9718
5087 2 2 1 1 5376 3475 8749
5088 2 2 1 1 3487 6043 8235
5089 2 2 1 1 2595 2593 6857
5090 2 2 1 1 3069 3067 6620
5091 2 2 1 1 3763 3565 3765
5092 2 2 1 1 1412 1413 7262
5093 2 2 1 1 2172 2171 2174
5094 2 2 1 1 6685 7668 8796
5095 2 2 1 1 3772 3771 3817
5096 2 2 1 1 1645 7486 7513
5097 2 2 1 1 2377 2375 6856
5098 2 2 1 1 5383 3463 5478
5099 2 2 1 1 3603 3801 7044
5100 2 2 1 1 6959 6339 9113
5101 2 2 1 1 2367 2365 6656
5102 2 2 1 1 6122 5704 8518
5103 2 2 1 1 3903 4888 6218
5104 2 2 1 1 3717 3719 6332
5105 2 2 1 1 6145 5409 9343
5106 2 2 1 1 1462 1461 9472
5107 2 2 1 1 2773 5906 8502
5108 2 2 1 1 3783 3841 7177
5109 2 2 1 1 4740 4738 9587
5110 2 2 1 1 3051 3052 3053
5111 2 2 1 1 5046 5049 6219
5112 2 2 1 1 3665 3663 5531
5113 2 2 1 1 2170 2169 2171
5114 2 2 1 1 3231 3229 6783
5115 2 2 1 1 3606 5405 8482
5116 2 2 1 1 3688 3717 3718
5117 2 2 1 1 3389 3387 6815
5118 2 2 1 1 3469 3682 3756
5119 2 2 1 1 2787 3692 3754
5120 2 2 1 1 608 609 6524
5121 2 2 1 1 7590 5475 9282
5122 2 2 1 1 3756 3757 3758
5123 2 2 1 1 7902 3453 7965
5124 2 2 1 1 1818 8125 8126
5125 2 2 1 1 6521 6519 8321
5126 2 2 1 1 4041 4946 6213
5127 2 2 1 1 2195 2193 2196
5128 2 2 1 1 2977 2975 2978
5129 2 2 1 1 5921 1636 8561
5130 2 2 1 1 3487 5460 6043
5131 2 2 1 1 3769 3768 3815
5132 2 2 1 1 3641 3759 3760
5133 2 2 1 1 5500 5230 5502
5134 2 2 1 1 1546 8118 9121
5135 2 2 1 1 3780 3547 7068
5136 2 2 1 1 3471 7612 9809
5137 2 2 1 1 3623 3715 5520
5138 2 2 1 1 1411 7291 7310
5139 2 2 1 1 4385 4498 6250
5140 2 2 1 1 3315 3313 6846
5141 2 2 1 1 5360 8310 8427
5142 2 2 1 1 3649 3738 3796
5143 2 2 1 1 2960 2957 6206
5144 2 2 1 1 1318 1319 7017
5145 2 2 1 1 2343 7306 9629
5146 2 2 1 1 3035 3036 3037
5147 2 2 1 1 1410 1409 8040
5148 2 2 1 1 6700 7677 8788
5149 2 2 1 1 3897 3690 9477
5150 2 2 1 1 2559 2557 6818
5151 2 2 1 1 6032 4373 6618
5152 2 2 1 1 6092 6350 8357
5153 2 2 1 1 2885 2883 7068
5154 2 2 1 1 2949 2948 2950
5155 2 2 1 1 4297 4269 6249
5156 2 2 1 1 3239 3237 7023
5157 2 2 1 1 3437 3139 8240
5158 2 2 1 1 3512 2881 5379
5159 2 2 1 1 4426 4294 6244
5160 2 2 1 1 2670 2668 6850
5161 2 2 1 1 4443 4441 6173
5162 2 2 1 1 2583 2581 6740
5163 2 2 1 1 5713 5714 7204
5164 2 2 1 1 3819 3755 3859
5165 2 2 1 1 4588 4700 6254
5166 2 2 1 1 3047 3424 4999
5167 2 2 1 1 1638 7113 7362
5168 2 2 1 1 1357 1356 9147
5169 2 2 1 1 7837 3647 8197
5170 2 2 1 1 5598 1877 5599
5171 2 2 1 1 5451 2343 9629
5172 2 2 1 1 2567 2565 6790
5173 2 2 1 1 2863 6834 7936
5174 2 2 1 1 3639 8718 9196
5175 2 2 1 1 2575 2573 6765
5176 2 2 1 1 3916 3914 6349
5177 2 2 1 1 4925 4928 5007
5178 2 2 1 1 9587 4738 9707
5179 2 2 1 1 4767 3765 7065
5180 2 2 1 1 5045 6063 7588
5181 2 2 1 1 3747 3748 3749
5182 2 2 1 1 6702 7680 8780
5183 2 2 1 1 2267 2268 2269
5184 2 2 1 1 1393 1392 8982
5185 2 2 1 1 4780 5342 9623
5186 2 2 1 1 1276 1277 8922
5187 2 2 1 1 2253 2254 2255
5188 2 2 1 1 2189 2187 2190
5189 2 2 1 1 5811 3378 9563
5190 2 2 1 1 6444 6446 7662
5191 2 2 1 1 3470 3698 3747
5192 2 2 1 1 1655 8133 8137
5193 2 2 1 1 8062 2055 8141
5194 2 2 1 1 5812 5032 6150
5195 2 2 1 1 8688 1566 9001
5196 2 2 1 1 2909 2907 7065
5197 2 2 1 1 5739 5740 7193
5198 2 2 1 1 1514 1515 5651
5199 2 2 1 1 4354 4446 8328
5200 2 2 1 1 3749 3748 3862
5201 2 2 1 1 1357 9147 9214
5202 2 2 1 1 3054 7036 8476
5203 2 2 1 1 6063 5046 6219
5204 2 2 1 1 6833 8618 8626
5205 2 2 1 1 2899 2897 7093
5206 2 2 1 1 5501 5474 8316
5207 2 2 1 1 6384 7538 8465
5208 2 2 1 1 2741 2279 8271
5209 2 2 1 1 8375 2146 8536
5210 2 2 1 1 3383 3517 5954
5211 2 2 1 1 3822 3823 6205
5212 2 2 1 1 3661 3660 6277
5213 2 2 1 1 2973 2971 2974
5214 2 2 1 1 3137 3442 8240
5215 2 2 1 1 6027 6023 6716
5216 2 2 1 1 2686 6863 8552
5217 2 2 1 1 6726 5652 7462
5218 2 2 1 1 3623 3714 3715
5219 2 2 1 1 3744 3505 3746
5220 2 2 1 1 5092 5094 5095
5221 2 2 1 1 6297 6691 6693
5222 2 2 1 1 2967 2965 2968
5223 2 2 1 1 2763 5363 6609
5224 2 2 1 1 9356 7293 9645
5225 2 2 1 1 4479 8768 9005
5226 2 2 1 1 2162 2161 2163
5227 2 2 1 1 3776 3570 7093
5228 2 2 1 1 1870 8216 8219
5229 2 2 1 1 2443 2441 7284
5230 2 2 1 1 2637 2865 5922
5231 2 2 1 1 2597 3782 6999
5232 2 2 1 1 2006 7528 7724
5233 2 2 1 1 5094 5093 5096
5234 2 2 1 1 5240 5237 6976
5235 2 2 1 1 6125 3965 6590
5236 2 2 1 1 3545 3355 8388
5237 2 2 1 1 6126 5056 6710
5238 2 2 1 1 3754 3755 3819
5239 2 2 1 1 1411 1412 7291
5240 2 2 1 1 7343 1706 7838
5241 2 2 1 1 3730 3729 3972
5242 2 2 1 1 6171 5286 6800
5243 2 2 1 1 3758 3757 3849
5244 2 2 1 1 5362 2964 9562
5245 2 2 1 1 2782 5338 9407
5246 2 2 1 1 3025 3026 3027
5247 2 2 1 1 4572 6496 6611
5248 2 2 1 1 8304 1791 8305
5249 2 2 1 1 4400 6606 6695
5250 2 2 1 1 9044 4427 9458
5251 2 2 1 1 2782 9407 9636
5252 2 2 1 1 2171 2776 6211
5253 2 2 1 1 4603 4601 5770
5254 2 2 1 1 3281 3543 5933
5255 2 2 1 1 3506 2915 5404
5256 2 2 1 1 1292 1291 8043
5257 2 2 1 1 3205 3203 7315
5258 2 2 1 1 6443 6441 9767
5259 2 2 1 1 3633 2310 7430
5260 2 2 1 1 2954 2951 6275
5261 2 2 1 1 3378 5811 9142
5262 2 2 1 1 3604 8074 8530
5263 2 2 1 1 3659 3739 3799
5264 2 2 1 1 1882 627 5571
5265 2 2 1 1 3353 3528 8388
5266 2 2 1 1 5475 8088 9282
5267 2 2 1 1 4093 4908 9583
5268 2 2 1 1 1344 8596 8829
5269 2 2 1 1 3792 3746 3793
5270 2 2 1 1 1427 1426 7287
5271 2 2 1 1 3802 3669 6083
5272 2 2 1 1 2181 2179 2182
5273 2 2 1 1 3703 8115 8150
5274 2 2 1 1 6891 1911 7628
5275 2 2 1 1 1374 1375 6606
5276 2 2 1 1 5685 5269 7231
5277 2 2 1 1 8188 3393 8254
5278 2 2 1 1 1543 1544 7650
5279 2 2 1 1 1492 1493 7471
5280 2 2 1 1 6670 1263 8803
5281 2 2 1 1 5481 5055 8187
5282 2 2 1 1 5395 2772 8252
5283 2 2 1 1 3893 6277 6528
5284 2 2 1 1 6658 7248 9483
5285 2 2 1 1 1523 1522 8610
5286 2 2 1 1 2243 2244 2245
5287 2 2 1 1 1391 8843 8923
5288 2 2 1 1 5457 4574 6611
5289 2 2 1 1 2185 2183 2186
5290 2 2 1 1 2963 2961 2964
5291 2 2 1 1 3663 3661 3893
5292 2 2 1 1 4926 4924 7019
5293 2 2 1 1 5482 1502 8143
5294 2 2 1 1 8119 1279 8430
5295 2 2 1 1 5347 1519 8802
5296 2 2 1 1 6012 5896 8786
5297 2 2 1 1 7056 1542 8636
5298 2 2 1 1 2780 3615 3767
5299 2 2 1 1 3489 3187 6149
5300 2 2 1 1 5356 7991 7992
5301 2 2 1 1 1492 7471 7533
5302 2 2 1 1 3765 3565 7065
5303 2 2 1 1 3753 3752 3898
5304 2 2 1 1 8335 7923 9248
5305 2 2 1 1 8275 2769 9663
5306 2 2 1 1 4310 4771 6284
5307 2 2 1 1 5398 3445 8186
5308 2 2 1 1 5893 7159 7161
5309 2 2 1 1 7595 6959 7596
5310 2 2 1 1 2499 2855 8478
5311 2 2 1 1 6044 4443 6173
5312 2 2 1 1 1263 6670 8984
5313 2 2 1 1 3674 4500 5504
5314 2 2 1 1 2477 2846 9766
5315 2 2 1 1 3325 3603 7044
5316 2 2 1 1 4464 4187 7667
5317 2 2 1 1 3856 3854 6103
5318 2 2 1 1 2827 6094 9149
5319 2 2 1 1 3641 3760 5909
5320 2 2 1 1 4018 7129 8793
5321 2 2 1 1 5464 4402 6695
5322 2 2 1 1 4948 3784 4949
5323 2 2 1 1 1358 1357 9214
5324 2 2 1 1 3987 3985 6062
5325 2 2 1 1 3959 3956 5973
5326 2 2 1 1 3737 3736 3933
5327 2 2 1 1 6459 6461 7271
5328 2 2 1 1 8281 8282 9249
5329 2 2 1 1 4381 4891 6331
5330 2 2 1 1 6835 8155 8695
5331 2 2 1 1 4511 3946 6334
5332 2 2 1 1 1519 6171 6800
5333 2 2 1 1 5685 1518 6800
5334 2 2 1 1 7550 3452 7563
5335 2 2 1 1 4770 6247 8856
5336 2 2 1 1 2305 2747 5945
5337 2 2 1 1 1392 1391 8923
5338 2 2 1 1 6834 6832 6835
5339 2 2 1 1 9041 5346 9160
5340 2 2 1 1 2206 2203 6169
5341 2 2 1 1 5204 3566 9797
5342 2 2 1 1 3718 3717 4020
5343 2 2 1 1 3638 3510 3713
5344 2 2 1 1 6871 7488 8414
5345 2 2 1 1 3911 7358 8373
5346 2 2 1 1 3079 3077 7178
5347 2 2 1 1 7523 1983 8353
5348 2 2 1 1 2938 2937 2939
5349 2 2 1 1 3481 2929 5382
5350 2 2 1 1 4363 4361 6095
5351 2 2 1 1 5870 1902 9245
5352 2 2 1 1 3458 3710 3770
5353 2 2 1 1 3015 3016 3017
5354 2 2 1 1 4325 5002 6300
5355 2 2 1 1 4584 4715 6333
5356 2 2 1 1 2244 2241 5421
5357 2 2 1 1 2277 2762 8271
5358 2 2 1 1 2347 2757 8394
5359 2 2 1 1 1358 9214 9323
5360 2 2 1 1 5410 3735 7255
5361 2 2 1 1 1415 1414 9144
5362 2 2 1 1 2275 2273 7347
5363 2 2 1 1 5803 7392 8534
5364 2 2 1 1 4451 7707 8973
5365 2 2 1 1 3574 2551 6127
5366 2 2 1 1 5677 7069 7520
5367 2 2 1 1 3721 3722 3825
5368 2 2 1 1 5243 6449 7067
5369 2 2 1 1 1410 7310 7345
5370 2 2 1 1 2309 2709 6148
5371 2 2 1 1 4629 4703 6336
5372 2 2 1 1 3657 6602 7981
5373 2 2 1 1 3954 3952 6131
5374 2 2 1 1 1753 5815 9100
5375 2 2 1 1 2187 2186 5923
5376 2 2 1 1 5722 5721 7842
5377 2 2 1 1 2233 2234 2235
5378 2 2 1 1 2177 2175 2178
5379 2 2 1 1 2870 2869 2871
5380 2 2 1 1 4518 8956 9369
5381 2 2 1 1 590 591 1879
5382 2 2 1 1 635 636 1880
5383 2 2 1 1 5088 5090 8745
5384 2 2 1 1 3745 5548 5549
5385 2 2 1 1 5371 2983 9616
5386 2 2 1 1 1022 1023 7901
5387 2 2 1 1 2787 3754 7131
5388 2 2 1 1 270 271 7945
5389 2 2 1 1 3625 3472 3720
5390 2 2 1 1 3741 3740 4097
5391 2 2 1 1 5086 1260 8975
5392 2 2 1 1 2930 2929 2931
5393 2 2 1 1 4469 3802 4470
5394 2 2 1 1 6485 2790 7832
5395 2 2 1 1 5636 8449 8450
5396 2 2 1 1 2932 2931 2933
5397 2 2 1 1 3649 3796 6368
5398 2 2 1 1 3770 3771 3772
5399 2 2 1 1 3788 3713 3789
5400 2 2 1 1 5842 6805 8677
5401 2 2 1 1 4014 4858 6344
5402 2 2 1 1 3569 7011 7485
5403 2 2 1 1 2407 5428 8486
5404 2 2 1 1 2821 2409 8486
5405 2 2 1 1 5294 8497 9028
5406 2 2 1 1 3715 3716 3794
5407 2 2 1 1 1408 7254 7606
5408 2 2 1 1 4659 7301 9792
5409 2 2 1 1 5651 5271 5652
5410 2 2 1 1 3654 6621 7852
5411 2 2 1 1 5088 8745 8884
5412 2 2 1 1 3881 9371 9481
5413 2 2 1 1 2852 2501 8478
5414 2 2 1 1 3781 3734 3803
5415 2 2 1 1 1447 1446 7736
5416 2 2 1 1 7456 3495 7457
5417 2 2 1 1 2995 3458 5527
5418 2 2 1 1 3219 3513 6147
5419 2 2 1 1 4351 4349 6657
5420 2 2 1 1 2959 2957 2960
5421 2 2 1 1 3673 3674 9412
5422 2 2 1 1 1484 8170 8576
5423 2 2 1 1 1491 7533 7597
5424 2 2 1 1 5289 5290 5291
5425 2 2 1 1 2968 2965 7454
5426 2 2 1 1 1394 9304 9450
5427 2 2 1 1 4456 3670 4457
5428 2 2 1 1 1410 1411 7310
5429 2 2 1 1 2213 2780 5524
5430 2 2 1 1 1361 6618 7096
5431 2 2 1 1 4537 6939 9227
5432 2 2 1 1 3007 3008 3009
5433 2 2 1 1 4273 4271 6130
5434 2 2 1 1 3754 4942 7131
5435 2 2 1 1 3590 5088 8884
5436 2 2 1 1 6423 6417 8181
5437 2 2 1 1 7195 2844 7491
5438 2 2 1 1 1395 1394 9450
5439 2 2 1 1 5062 5063 5065
5440 2 2 1 1 4331 4329 6141
5441 2 2 1 1 3838 3560 8706
5442 2 2 1 1 4055 4053 6181
5443 2 2 1 1 603 2149 6439
5444 2 2 1 1 5251 5252 5253
5445 2 2 1 1 3141 3437 8516
5446 2 2 1 1 6457 6459 6946
5447 2 2 1 1 3475 3037 6278
5448 2 2 1 1 7548 5360 8427
5449 2 2 1 1 6606 1375 6695
5450 2 2 1 1 7059 8038 9078
5451 2 2 1 1 3609 3766 4090
5452 2 2 1 1 4213 4933 6381
5453 2 2 1 1 3655 7376 7378
5454 2 2 1 1 2383 2381 7399
5455 2 2 1 1 3767 3768 3769
5456 2 2 1 1 2619 2826 8730
5457 2 2 1 1 3502 3197 8603
5458 2 2 1 1 2343 2341 7306
5459 2 2 1 1 2953 2951 2954
5460 2 2 1 1 2225 2226 2227
5461 2 2 1 1 4908 4093 9186
5462 2 2 1 1 6773 4501 9545
5463 2 2 1 1 5601 6208 6566
5464 2 2 1 1 7683 6705 8679
5465 2 2 1 1 7980 8176 8306
5466 2 2 1 1 1258 5367 9778
5467 2 2 1 1 1491 1492 7533
5468 2 2 1 1 3195 3495 8603
5469 2 2 1 1 3891 3892 4205
5470 2 2 1 1 7866 4086 7867
5471 2 2 1 1 4598 4596 6047
5472 2 2 1 1 5409 6145 9355
5473 2 2 1 1 1931 5875 9093
5474 2 2 1 1 4391 4389 6146
5475 2 2 1 1 1253 1252 7638
5476 2 2 1 1 5290 5288 5292
5477 2 2 1 1 6269 6271 7502
5478 2 2 1 1 2924 2923 2925
5479 2 2 1 1 4396 4394 5768
5480 2 2 1 1 3961 3959 3962
5481 2 2 1 1 3575 5334 8876
5482 2 2 1 1 5582 5920 9143
5483 2 2 1 1 3568 5318 8877
5484 2 2 1 1 3580 5345 8878
5485 2 2 1 1 3131 3129 7350
5486 2 2 1 1 2947 2944 2948
5487 2 2 1 1 7299 8667 9464
5488 2 2 1 1 1427 7287 7581
5489 2 2 1 1 1930 5891 9101
5490 2 2 1 1 1359 1358 9323
5491 2 2 1 1 3792 3793 4071
5492 2 2 1 1 1726 5901 9102
5493 2 2 1 1 3247 3531 8600
5494 2 2 1 1 5339 8672 9542
5495 2 2 1 1 1260 5086 9444
5496 2 2 1 1 3725 3786 4088
5497 2 2 1 1 7348 5950 7482
5498 2 2 1 1 1295 1296 8631
5499 2 2 1 1 2479 2477 7491
5500 2 2 1 1 5252 5250 5254
5501 2 2 1 1 3527 3249 8600
5502 2 2 1 1 2999 3000 3001
5503 2 2 1 1 2321 2792 8656
5504 2 2 1 1 2231 2229 6299
5505 2 2 1 1 4736 4290 6396
5506 2 2 1 1 4302 4034 6170
5507 2 2 1 1 3786 3810 6253
5508 2 2 1 1 2393 7573 9701
5509 2 2 1 1 6 1574 9049
5510 2 2 1 1 2207 3723 5429
5511 2 2 1 1 3788 3789 4065
5512 2 2 1 1 4203 4492 8628
5513 2 2 1 1 2200 2197 7552
5514 2 2 1 1 3013 3011 6328
5515 2 2 1 1 7352 5985 7483
5516 2 2 1 1 4738 4737 9707
5517 2 2 1 1 592 7268 7450
5518 2 2 1 1 5486 4226 6534
5519 2 2 1 1 6347 4351 6657
5520 2 2 1 1 6050 6428 8191
5521 2 2 1 1 6753 6752 9376
5522 2 2 1 1 2451 2449 9789
5523 2 2 1 1 5469 2857 6615
5524 2 2 1 1 609 2153 6524
5525 2 2 1 1 4090 3766 4091
5526 2 2 1 1 1359 9323 9396
5527 2 2 1 1 2916 2915 2917
5528 2 2 1 1 2918 2917 2919
5529 2 2 1 1 3721 3720 3722
5530 2 2 1 1 4398 4396 4399
5531 2 2 1 1 1360 1361 7096
5532 2 2 1 1 3922 3924 4187
5533 2 2 1 1 3600 5310 8932
5534 2 2 1 1 4184 4186 7888
5535 2 2 1 1 1412 8621 8765
5536 2 2 1 1 2217 2218 2219
5537 2 2 1 1 2656 2800 8825
5538 2 2 1 1 4249 4247 6151
5539 2 2 1 1 2310 2312 7430
5540 2 2 1 1 3653 6626 7840
5541 2 2 1 1 2880 2878 2881
5542 2 2 1 1 5977 1910 7419
5543 2 2 1 1 4030 5422 6448
5544 2 2 1 1 4353 4351 6347
5545 2 2 1 1 2822 8244 8431
5546 2 2 1 1 5038 5041 6363
5547 2 2 1 1 2989 3455 5427
5548 2 2 1 1 5905 5904 8733
5549 2 2 1 1 4043 4041 6213
5550 2 2 1 1 8120 5448 8259
5551 2 2 1 1 3659 3799 6539
5552 2 2 1 1 2942 2940 2943
5553 2 2 1 1 2993 2994 2995
5554 2 2 1 1 6856 4486 7382
5555 2 2 1 1 3950 3948 6203
5556 2 2 1 1 5036 6246 6718
5557 2 2 1 1 1413 1412 8765
5558 2 2 1 1 605 2151 6490
5559 2 2 1 1 2768 2339 6245
5560 2 2 1 1 4424 7150 9105
5561 2 2 1 1 7049 7878 7879
5562 2 2 1 1 3666 4085 4086
5563 2 2 1 1 4263 5401 6476
5564 2 2 1 1 3443 9410 9577
5565 2 2 1 1 1447 7736 8266
5566 2 2 1 1 6082 2777 8594
5567 2 2 1 1 2908 2907 2909
5568 2 2 1 1 4594 4592 6192
5569 2 2 1 1 5625 7057 7725
5570 2 2 1 1 5516 1883 9478
5571 2 2 1 1 2988 2985 7598
5572 2 2 1 1 2786 2323 8656
5573 2 2 1 1 3905 3903 6218
5574 2 2 1 1 3965 3963 6590
5575 2 2 1 1 3822 3780 3823
5576 2 2 1 1 3715 3794 4064
5577 2 2 1 1 3977 5344 6478
5578 2 2 1 1 4399 5768 7169
5579 2 2 1 1 4195 5459 6487
5580 2 2 1 1 7667 4187 9013
5581 2 2 1 1 1409 7345 7393
5582 2 2 1 1 8058 7750 8530
5583 2 2 1 1 4373 4371 6618
5584 2 2 1 1 1409 1410 7345
5585 2 2 1 1 5052 5054 5055
5586 2 2 1 1 5056 5058 6710
5587 2 2 1 1 1408 7393 7405
5588 2 2 1 1 1344 1345 8596
5589 2 2 1 1 2906 2905 2907
5590 2 2 1 1 4088 3786 4089
5591 2 2 1 1 2387 2385 7751
5592 2 2 1 1 3918 3916 3919
5593 2 2 1 1 5438 3299 7172
5594 2 2 1 1 3620 3798 4093
5595 2 2 1 1 2211 2212 2213
5596 2 2 1 1 2910 2909 2911
5597 2 2 1 1 2987 2988 2989
5598 2 2 1 1 6211 2776 7580
5599 2 2 1 1 6074 6073 9428
5600 2 2 1 1 5054 5053 5056
5601 2 2 1 1 9707 4737 9800
5602 2 2 1 1 4605 4603 4606
5603 2 2 1 1 6785 5372 9171
5604 2 2 1 1 4635 4633 6215
5605 2 2 1 1 2831 2621 8730
5606 2 2 1 1 6760 1618 9476
5607 2 2 1 1 2825 2423 8817
5608 2 2 1 1 4900 7280 8088
5609 2 2 1 1 4387 4385 6250
5610 2 2 1 1 3989 3987 3991
5611 2 2 1 1 3640 8307 9500
5612 2 2 1 1 5298 5299 5301
5613 2 2 1 1 4916 5432 6508
5614 2 2 1 1 5435 3728 7216
5615 2 2 1 1 3489 7354 8145
5616 2 2 1 1 3983 3981 6204
5617 2 2 1 1 3656 4897 7824
5618 2 2 1 1 3835 3702 3836
5619 2 2 1 1 8174 1974 8379
5620 2 2 1 1 5953 5951 9080
5621 2 2 1 1 4590 4588 6254
5622 2 2 1 1 5358 5356 8435
5623 2 2 1 1 8097 6713 8098
5624 2 2 1 1 5238 5239 5241
5625 2 2 1 1 2261 2259 7584
5626 2 2 1 1 3418 7535 7942
5627 2 2 1 1 4891 4379 6516
5628 2 2 1 1 2421 2828 8817
5629 2 2 1 1 4304 4302 4305
5630 2 2 1 1 632 633 1846
5631 2 2 1 1 593 594 1847
5632 2 2 1 1 2757 5451 7572
5633 2 2 1 1 2936 2934 2937
5634 2 2 1 1 6124 6122 8518
5635 2 2 1 1 3815 3768 3910
5636 2 2 1 1 2205 2206 2207
5637 2 2 1 1 6563 7921 7923
5638 2 2 1 1 5239 5237 5240
5639 2 2 1 1 7535 3872 7942
5640 2 2 1 1 6906 7607 8243
5641 2 2 1 1 6622 4083 8410
5642 2 2 1 1 2900 2899 2901
5643 2 2 1 1 4439 6255 6683
5644 2 2 1 1 5684 3973 7017
5645 2 2 1 1 5094 5096 6623
5646 2 2 1 1 3817 3771 3907
5647 2 2 1 1 2769 9488 9663
5648 2 2 1 1 3400 8320 8357
5649 2 2 1 1 596 1877 5598
5650 2 2 1 1 3255 3536 8957
5651 2 2 1 1 4047 5456 6553
5652 2 2 1 1 9149 6094 9154
5653 2 2 1 1 3830 3765 3831
5654 2 2 1 1 5212 5214 5216
5655 2 2 1 1 4601 4598 4644
5656 2 2 1 1 2882 2881 2883
5657 2 2 1 1 3760 3761 3809
5658 2 2 1 1 8934 9100 9436
5659 2 2 1 1 2816 2658 8825
5660 2 2 1 1 607 2156 6520
5661 2 2 1 1 6306 6302 8146
5662 2 2 1 1 2981 2982 2983
5663 2 2 1 1 4333 4331 4334
5664 2 2 1 1 5909 4436 7739
5665 2 2 1 1 3454 7178 7551
5666 2 2 1 1 2894 2893 2895
5667 2 2 1 1 1360 1359 9396
5668 2 2 1 1 5932 5728 8065
5669 2 2 1 1 5667 5669 9748
5670 2 2 1 1 7616 6971 8268
5671 2 2 1 1 3926 3928 4203
5672 2 2 1 1 2892 2891 2893
5673 2 2 1 1 5439 5441 5443
5674 2 2 1 1 4950 8023 8961
5675 2 2 1 1 3624 3805 3843
5676 2 2 1 1 1409 1408 7606
5677 2 2 1 1 1924 5939 9115
5678 2 2 1 1 5299 5297 5300
5679 2 2 1 1 5081 5080 5084
5680 2 2 1 1 2896 2895 2897
5681 2 2 1 1 1490 7597 7665
5682 2 2 1 1 1897 7193 7288
5683 2 2 1 1 2898 2897 2899
5684 2 2 1 1 4752 5485 6525
5685 2 2 1 1 4075 7423 9497
5686 2 2 1 1 5485 4750 6549
5687 2 2 1 1 5910 3652 9718
5688 2 2 1 1 1377 1378 6260
5689 2 2 1 1 6255 4353 6347
5690 2 2 1 1 5492 5491 8954
5691 2 2 1 1 8043 1291 8337
5692 2 2 1 1 3796 4879 6368
5693 2 2 1 1 7376 5576 8369
5694 2 2 1 1 4269 4267 6249
5695 2 2 1 1 2199 2200 2201
5696 2 2 1 1 4294 4292 6244
5697 2 2 1 1 5214 5213 5215
5698 2 2 1 1 2928 2926 2929
5699 2 2 1 1 5379 5380 8389
5700 2 2 1 1 4394 4391 4417
5701 2 2 1 1 1490 1491 7597
5702 2 2 1 1 6916 6914 6917
5703 2 2 1 1 5224 5226 5228
5704 2 2 1 1 9204 8408 9376
5705 2 2 1 1 4093 3798 4094
5706 2 2 1 1 4228 4230 4232
5707 2 2 1 1 3209 3503 9653
5708 2 2 1 1 4226 4228 6534
5709 2 2 1 1 5441 5440 5442
5710 2 2 1 1 6246 5038 6363
5711 2 2 1 1 6835 8154 8155
5712 2 2 1 1 597 598 6207
5713 2 2 1 1 2611 2807 9596
5714 2 2 1 1 5781 5780 5782
5715 2 2 1 1 7764 4930 9388
5716 2 2 1 1 3608 6129 8824
5717 2 2 1 1 1484 1483 8170
5718 2 2 1 1 1360 9396 9445
5719 2 2 1 1 2830 7284 9699
5720 2 2 1 1 6783 4853 7239
5721 2 2 1 1 3820 5518 9546
5722 2 2 1 1 3662 3661 3663
5723 2 2 1 1 4031 4033 8749
5724 2 2 1 1 8143 5462 8187
5725 2 2 1 1 3659 2842 3739
5726 2 2 1 1 1923 7629 8356
5727 2 2 1 1 4275 4273 4277
5728 2 2 1 1 3956 3954 4062
5729 2 2 1 1 417 418 7680
5730 2 2 1 1 1321 5365 8497
5731 2 2 1 1 2884 2883 2885
5732 2 2 1 1 5007 4928 5008
5733 2 2 1 1 3033 3031 7718
5734 2 2 1 1 2463 2843 9106
5735 2 2 1 1 1408 1409 7393
5736 2 2 1 1 3649 3516 3738
5737 2 2 1 1 5658 6574 8057
5738 2 2 1 1 5226 5225 5227
5739 2 2 1 1 2886 2885 2887
5740 2 2 1 1 3850 6287 6605
5741 2 2 1 1 2718 2716 2719
5742 2 2 1 1 3910 5480 9355
5743 2 2 1 1 3769 3815 3816
5744 2 2 1 1 4925 4927 4928
5745 2 2 1 1 3026 3023 6447
5746 2 2 1 1 6056 8490 8491
5747 2 2 1 1 4431 3839 4433
5748 2 2 1 1 22 23 7675
5749 2 2 1 1 5598 5600 5615
5750 2 2 1 1 5030 5812 6572
5751 2 2 1 1 2861 2523 9099
5752 2 2 1 1 1324 5374 9772
5753 2 2 1 1 5377 4919 9680
5754 2 2 1 1 6028 6027 8104
5755 2 2 1 1 3772 3817 3818
5756 2 2 1 1 2435 2832 9194
5757 2 2 1 1 5265 5267 5269
5758 2 2 1 1 3791 3790 3913
5759 2 2 1 1 5095 5094 5107
5760 2 2 1 1 4251 4249 4252
5761 2 2 1 1 4312 4310 6284
5762 2 2 1 1 3796 3797 3911
5763 2 2 1 1 595 596 5598
5764 2 2 1 1 3858 3856 4009
5765 2 2 1 1 4596 4594 4645
5766 2 2 1 1 4886 6148 6786
5767 2 2 1 1 5026 5507 6578
5768 2 2 1 1 7541 6062 8253
5769 2 2 1 1 3843 3805 4095
5770 2 2 1 1 4457 3880 4504
5771 2 2 1 1 3532 3257 8957
5772 2 2 1 1 2809 2613 9596
5773 2 2 1 1 1546 1545 8118
5774 2 2 1 1 4383 4381 6331
5775 2 2 1 1 6309 6306 8146
5776 2 2 1 1 2864 2531 9422
5777 2 2 1 1 1148 1149 7677
5778 2 2 1 1 2491 2489 8148
5779 2 2 1 1 291 292 7672
5780 2 2 1 1 6532 3070 8048
5781 2 2 1 1 3794 3860 6261
5782 2 2 1 1 5267 5266 5268
5783 2 2 1 1 1538 5514 9812
5784 2 2 1 1 1277 8247 8922
5785 2 2 1 1 8172 7121 8625
5786 2 2 1 1 7016 1932 7434
5787 2 2 1 1 2922 2920 2923
5788 2 2 1 1 554 555 7668
5789 2 2 1 1 1896 7204 7281
5790 2 2 1 1 6395 4259 6861
5791 2 2 1 1 6749 6750 9441
5792 2 2 1 1 4718 7902 7965
5793 2 2 1 1 3940 6064 6567
5794 2 2 1 1 6076 6077 8319
5795 2 2 1 1 2521 5436 9099
5796 2 2 1 1 1428 1427 7581
5797 2 2 1 1 3814 3733 4183
5798 2 2 1 1 6858 5049 9603
5799 2 2 1 1 4365 4363 4366
5800 2 2 1 1 4513 3886 4514
5801 2 2 1 1 1887 4935 8992
5802 2 2 1 1 5043 5045 5047
5803 2 2 1 1 2165 2163 9770
5804 2 2 1 1 6938 7415 9308
5805 2 2 1 1 5630 3875 9379
5806 2 2 1 1 7209 2754 9138
5807 2 2 1 1 1891 6383 6384
5808 2 2 1 1 2625 2623 7275
5809 2 2 1 1 4542 3877 4543
5810 2 2 1 1 8232 2673 8330
5811 2 2 1 1 3101 3494 9148
5812 2 2 1 1 4586 4584 6333
5813 2 2 1 1 3833 3776 3834
5814 2 2 1 1 5280 5282 5284
5815 2 2 1 1 4631 4629 6336
5816 2 2 1 1 2838 2465 9106
5817 2 2 1 1 4947 3784 4948
5818 2 2 1 1 8591 2681 9424
5819 2 2 1 1 2254 2251 6507
5820 2 2 1 1 2957 2956 6206
5821 2 2 1 1 7020 1677 9457
5822 2 2 1 1 7832 6143 9594
5823 2 2 1 1 5096 5220 6623
5824 2 2 1 1 3821 3644 8583
5825 2 2 1 1 5282 5281 5283
5826 2 2 1 1 4327 4325 6300
5827 2 2 1 1 3985 3983 4096
5828 2 2 1 1 6417 6414 8181
5829 2 2 1 1 4016 4014 6344
5830 2 2 1 1 596 597 1877
5831 2 2 1 1 629 630 1881
5832 2 2 1 1 4191 4421 4424
5833 2 2 1 1 3946 3944 6334
5834 2 2 1 1 5356 5354 7991
5835 2 2 1 1 2829 2437 9194
5836 2 2 1 1 5685 6800 7492
5837 2 2 1 1 2529 3550 9422
5838 2 2 1 1 4490 3665 4491
5839 2 2 1 1 7048 7049 8872
5840 2 2 1 1 5202 2858 8823
5841 2 2 1 1 3690 3569 3811
5842 2 2 1 1 5045 5044 5046
5843 2 2 1 1 7817 7188 8622
5844 2 2 1 1 3721 3825 4035
5845 2 2 1 1 4057 4055 4058
5846 2 2 1 1 3859 3755 3909
5847 2 2 1 1 8888 5479 9573
5848 2 2 1 1 3611 3790 3791
5849 2 2 1 1 1428 7581 7984
5850 2 2 1 1 4215 4213 6381
5851 2 2 1 1 2914 2912 2915
5852 2 2 1 1 3664 3663 3665
5853 2 2 1 1 4045 4043 4046
5854 2 2 1 1 3483 3103 9148
5855 2 2 1 1 2195 2196 2197
5856 2 2 1 1 4314 4312 4316
5857 2 2 1 1 4936 3526 8485
5858 2 2 1 1 3922 4187 4464
5859 2 2 1 1 5091 5092 7139
5860 2 2 1 1 1880 4882 4883
5861 2 2 1 1 3386 3385 3387
5862 2 2 1 1 7167 4423 7168
5863 2 2 1 1 4773 7820 8330
5864 2 2 1 1 4187 3924 4188
5865 2 2 1 1 2799 2605 6488
5866 2 2 1 1 8716 6305 9615
5867 2 2 1 1 3376 3375 3377
5868 2 2 1 1 7527 3883 7829
5869 2 2 1 1 6467 8519 8552
5870 2 2 1 1 2720 2719 2721
5871 2 2 1 1 3732 3734 3781
5872 2 2 1 1 3384 3383 3385
5873 2 2 1 1 1361 1360 9445
5874 2 2 1 1 376 377 7656
5875 2 2 1 1 3378 3377 3379
5876 2 2 1 1 6346 7498 9515
5877 2 2 1 1 2453 2835 8959
5878 2 2 1 1 2665 2664 2666
5879 2 2 1 1 3380 3379 3381
5880 2 2 1 1 8032 4456 9231
5881 2 2 1 1 7389 5834 7429
5882 2 2 1 1 2977 2978 2979
5883 2 2 1 1 3388 3387 3389
5884 2 2 1 1 3919 3916 6349
5885 2 2 1 1 1882 5571 5572
5886 2 2 1 1 4389 4387 4418
5887 2 2 1 1 7650 1544 8213
5888 2 2 1 1 5835 7113 9811
5889 2 2 1 1 6566 3838 8706
5890 2 2 1 1 3390 3389 3391
5891 2 2 1 1 3827 3818 4038
5892 2 2 1 1 6471 6469 8161
5893 2 2 1 1 4271 4269 4297
5894 2 2 1 1 2657 2656 2658
5895 2 2 1 1 3671 4456 4466
5896 2 2 1 1 2667 2666 2668
5897 2 2 1 1 2973 2974 2975
5898 2 2 1 1 3952 3950 4298
5899 2 2 1 1 5489 5488 6601
5900 2 2 1 1 3799 3800 4000
5901 2 2 1 1 2659 2658 2660
5902 2 2 1 1 4357 4061 4358
5903 2 2 1 1 4238 4049 4239
5904 2 2 1 1 6550 4284 6571
5905 2 2 1 1 2669 2668 2670
5906 2 2 1 1 1373 1374 7169
5907 2 2 1 1 4468 3802 4469
5908 2 2 1 1 2663 2662 2664
5909 2 2 1 1 3374 3373 3375
5910 2 2 1 1 5694 8157 8553
5911 2 2 1 1 2655 2654 2656
5912 2 2 1 1 5290 5292 5374
5913 2 2 1 1 4354 3848 4446
5914 2 2 1 1 6031 8328 9084
5915 2 2 1 1 6443 6444 9465
5916 2 2 1 1 4209 3905 4210
5917 2 2 1 1 3819 3859 4896
5918 2 2 1 1 814 815 7654
5919 2 2 1 1 5841 5845 8178
5920 2 2 1 1 5252 5254 5385
5921 2 2 1 1 4847 4849 9626
5922 2 2 1 1 4049 4047 6553
5923 2 2 1 1 2871 2869 9677
5924 2 2 1 1 7187 7189 7190
5925 2 2 1 1 2268 2265 6604
5926 2 2 1 1 2997 2995 5527
5927 2 2 1 1 3801 3669 3802
5928 2 2 1 1 8167 4189 8379
5929 2 2 1 1 4032 4030 6448
5930 2 2 1 1 5100 6535 6612
5931 2 2 1 1 1361 9445 9487
5932 2 2 1 1 7307 2813 7399
5933 2 2 1 1 2661 2660 2662
5934 2 2 1 1 3829 3816 4050
5935 2 2 1 1 3695 4489 4505
5936 2 2 1 1 3712 3897 4487
5937 2 2 1 1 3382 3381 3383
5938 2 2 1 1 5710 6661 8198
5939 2 2 1 1 5498 5497 6548
5940 2 2 1 1 250 251 7640
5941 2 2 1 1 2792 5350 8270
5942 2 2 1 1 3841 3785 3842
5943 2 2 1 1 7709 3433 8263
5944 2 2 1 1 6894 6890 8339
5945 2 2 1 1 1087 1088 7649
5946 2 2 1 1 2729 2867 2868
5947 2 2 1 1 4329 4327 4420
5948 2 2 1 1 4744 6044 6617
5949 2 2 1 1 3474 3373 6527
5950 2 2 1 1 2671 2670 2672
5951 2 2 1 1 3888 3668 5453
5952 2 2 1 1 2940 2939 5449
5953 2 2 1 1 709 710 7645
5954 2 2 1 1 4639 4635 4650
5955 2 2 1 1 5784 5780 5789
5956 2 2 1 1 1316 1315 6479
5957 2 2 1 1 1489 1490 7665
5958 2 2 1 1 6993 7388 8745
5959 2 2 1 1 7388 5077 8745
5960 2 2 1 1 2215 2213 5524
5961 2 2 1 1 7699 6025 7844
5962 2 2 1 1 4265 4263 6476
5963 2 2 1 1 598 599 1886
5964 2 2 1 1 6531 6532 9759
5965 2 2 1 1 6219 5049 6220
5966 2 2 1 1 4592 4590 4698
5967 2 2 1 1 3796 3738 3797
5968 2 2 1 1 3398 3390 7011
5969 2 2 1 1 3799 5277 6539
5970 2 2 1 1 4361 4294 4426
5971 2 2 1 1 57 58 7635
5972 2 2 1 1 593 1847 7268
5973 2 2 1 1 3360 3359 3361
5974 2 2 1 1 3350 3349 3351
5975 2 2 1 1 7064 7854 7907
5976 2 2 1 1 6513 7470 8132
5977 2 2 1 1 2229 2769 6299
5978 2 2 1 1 3852 3850 6605
5979 2 2 1 1 2783 5348 9176
5980 2 2 1 1 3816 3815 6630
5981 2 2 1 1 3358 3357 3359
5982 2 2 1 1 4247 4016 4299
5983 2 2 1 1 5442 5444 6449
5984 2 2 1 1 461 462 7633
5985 2 2 1 1 3340 3339 3341
5986 2 2 1 1 3430 8407 8629
5987 2 2 1 1 5603 5602 6727
5988 2 2 1 1 3979 3977 6478
5989 2 2 1 1 3342 3341 3343
5990 2 2 1 1 2403 2401 8299
5991 2 2 1 1 522 523 7631
5992 2 2 1 1 8605 6672 9326
5993 2 2 1 1 3794 3795 3860
5994 2 2 1 1 3332 3331 3333
5995 2 2 1 1 5372 8278 9171
5996 2 2 1 1 3492 3639 4716
5997 2 2 1 1 3814 4183 4447
5998 2 2 1 1 3352 3351 3353
5999 2 2 1 1 2967 2968 2969
6000 2 2 1 1 1407 7405 7446
6001 2 2 1 1 4197 4195 6487
6002 2 2 1 1 4948 4949 4950
6003 2 2 1 1 4347 4345 6610
6004 2 2 1 1 3334 3333 3335
6005 2 2 1 1 3367 3366 3369
6006 2 2 1 1 7504 7503 8921
6007 2 2 1 1 2638 2637 2639
6008 2 2 1 1 2648 2647 2650
6009 2 2 1 1 3344 3343 3345
6010 2 2 1 1 4228 4232 6534
6011 2 2 1 1 2620 2619 2621
6012 2 2 1 1 3354 3353 3355
6013 2 2 1 1 1269 1270 8809
6014 2 2 1 1 2610 2609 2611
6015 2 2 1 1 2630 2629 2631
6016 2 2 1 1 4633 4631 4699
6017 2 2 1 1 3362 3361 3363
6018 2 2 1 1 2872 2871 2873
6019 2 2 1 1 4290 4288 6396
6020 2 2 1 1 4889 7201 9336
6021 2 2 1 1 1407 1408 7405
6022 2 2 1 1 2628 2627 2629
6023 2 2 1 1 2904 2902 2905
6024 2 2 1 1 1497 6570 7642
6025 2 2 1 1 3452 3127 6577
6026 2 2 1 1 2604 2603 2605
6027 2 2 1 1 5827 5824 7846
6028 2 2 1 1 3330 3329 3331
6029 2 2 1 1 3348 3347 3349
6030 2 2 1 1 2614 2613 2615
6031 2 2 1 1 2612 2611 2613
6032 2 2 1 1 2624 2623 2625
6033 2 2 1 1 4918 4916 6508
6034 2 2 1 1 2618 2617 2619
6035 2 2 1 1 2622 2621 2623
6036 2 2 1 1 5447 1273 8573
6037 2 2 1 1 3849 3757 3912
6038 2 2 1 1 2640 2639 2641
6039 2 2 1 1 3862 3748 4026
6040 2 2 1 1 2632 2631 2633
6041 2 2 1 1 2608 2607 2609
6042 2 2 1 1 1537 1538 9812
6043 2 2 1 1 3336 3335 3337
6044 2 2 1 1 2642 2641 2644
6045 2 2 1 1 7853 5829 8007
6046 2 2 1 1 5237 5236 6976
6047 2 2 1 1 626 627 1882
6048 2 2 1 1 3338 3337 3339
6049 2 2 1 1 3011 3443 6328
6050 2 2 1 1 2636 2635 2637
6051 2 2 1 1 5292 5479 8156
6052 2 2 1 1 5353 5352 5354
6053 2 2 1 1 4034 4032 4429
6054 2 2 1 1 2189 2190 2191
6055 2 2 1 1 3641 2817 3759
6056 2 2 1 1 3346 3345 3347
6057 2 2 1 1 3804 3803 3894
6058 2 2 1 1 6063 1301 7588
6059 2 2 1 1 3920 3919 4080
6060 2 2 1 1 1325 1326 8253
6061 2 2 1 1 2387 7751 9628
6062 2 2 1 1 5569 5566 7734
6063 2 2 1 1 4311 4313 7232
6064 2 2 1 1 2795 2287 8714
6065 2 2 1 1 1489 7665 7742
6066 2 2 1 1 5765 5762 7821
6067 2 2 1 1 3176 3175 3177
6068 2 2 1 1 3719 3806 4862
6069 2 2 1 1 3364 3363 3366
6070 2 2 1 1 4068 4243 6251
6071 2 2 1 1 3297 3559 9635
6072 2 2 1 1 2602 2601 2603
6073 2 2 1 1 5595 5594 5596
6074 2 2 1 1 2645 2644 2647
6075 2 2 1 1 335 336 7620
6076 2 2 1 1 3719 3750 3806
6077 2 2 1 1 2185 2186 2187
6078 2 2 1 1 5003 1838 8019
6079 2 2 1 1 8969 7587 9123
6080 2 2 1 1 6148 2709 6786
6081 2 2 1 1 3072 3069 6620
6082 2 2 1 1 1662 6035 9132
6083 2 2 1 1 2634 2633 2635
6084 2 2 1 1 3356 3355 3357
6085 2 2 1 1 4349 6526 6657
6086 2 2 1 1 3760 3809 4436
6087 2 2 1 1 6630 3815 6645
6088 2 2 1 1 6833 6834 8618
6089 2 2 1 1 6610 4345 6635
6090 2 2 1 1 4134 7307 7399
6091 2 2 1 1 1488 7742 7781
6092 2 2 1 1 1503 5462 8143
6093 2 2 1 1 2951 2950 6275
6094 2 2 1 1 2803 6235 6236
6095 2 2 1 1 2372 2371 2373
6096 2 2 1 1 3368 5351 9637
6097 2 2 1 1 2626 2625 2627
6098 2 2 1 1 4772 7761 9275
6099 2 2 1 1 4222 4225 6369
6100 2 2 1 1 2890 2888 2891
6101 2 2 1 1 2905 2902 6694
6102 2 2 1 1 1379 1380 6486
6103 2 2 1 1 6397 8277 8968
6104 2 2 1 1 2606 2605 2607
6105 2 2 1 1 2616 2615 2617
6106 2 2 1 1 3823 4730 4731
6107 2 2 1 1 7408 5727 7409
6108 2 2 1 1 1375 1376 6695
6109 2 2 1 1 1122 1123 7619
6110 2 2 1 1 5018 5019 6652
6111 2 2 1 1 1360 7096 7493
6112 2 2 1 1 600 601 5628
6113 2 2 1 1 2893 3477 6680
6114 2 2 1 1 1002 1003 7613
6115 2 2 1 1 3300 3299 3301
6116 2 2 1 1 3308 3307 3309
6117 2 2 1 1 3316 3315 3317
6118 2 2 1 1 4949 3784 7177
6119 2 2 1 1 3282 3281 3283
6120 2 2 1 1 3324 3323 3325
6121 2 2 1 1 3228 3227 3229
6122 2 2 1 1 3981 3979 4494
6123 2 2 1 1 3274 3273 3275
6124 2 2 1 1 3256 3255 3257
6125 2 2 1 1 3825 3722 3845
6126 2 2 1 1 3246 3245 3247
6127 2 2 1 1 3264 3263 3265
6128 2 2 1 1 3218 3217 3219
6129 2 2 1 1 3178 3177 3179
6130 2 2 1 1 3290 3289 3291
6131 2 2 1 1 3918 3919 3920
6132 2 2 1 1 7266 4659 9792
6133 2 2 1 1 3208 3207 3209
6134 2 2 1 1 3298 3297 3299
6135 2 2 1 1 3238 3237 3239
6136 2 2 1 1 3272 3271 3273
6137 2 2 1 1 3236 3235 3237
6138 2 2 1 1 3198 3197 3199
6139 2 2 1 1 1279 1278 8430
6140 2 2 1 1 3292 3291 3293
6141 2 2 1 1 2578 2577 2579
6142 2 2 1 1 2544 2543 2545
6143 2 2 1 1 3188 3187 3189
6144 2 2 1 1 3190 3189 3191
6145 2 2 1 1 3180 3179 3181
6146 2 2 1 1 3254 3253 3255
6147 2 2 1 1 2586 2585 2587
6148 2 2 1 1 3200 3199 3201
6149 2 2 1 1 2286 5361 7027
6150 2 2 1 1 2594 2593 2595
6151 2 2 1 1 2454 2453 2455
6152 2 2 1 1 2552 2551 2553
6153 2 2 1 1 2526 2525 2527
6154 2 2 1 1 2500 2499 2501
6155 2 2 1 1 3222 3221 3223
6156 2 2 1 1 3210 3209 3211
6157 2 2 1 1 2416 2415 2417
6158 2 2 1 1 209 210 7604
6159 2 2 1 1 3212 3211 3213
6160 2 2 1 1 2570 2569 2571
6161 2 2 1 1 3226 3225 3227
6162 2 2 1 1 2518 2517 2519
6163 2 2 1 1 3202 3201 3203
6164 2 2 1 1 3182 3181 3183
6165 2 2 1 1 2482 2481 2483
6166 2 2 1 1 2472 2471 2473
6167 2 2 1 1 2560 2559 2561
6168 2 2 1 1 3192 3191 3193
6169 2 2 1 1 2508 2507 2509
6170 2 2 1 1 3250 3249 3251
6171 2 2 1 1 2406 2405 2407
6172 2 2 1 1 3663 3893 5531
6173 2 2 1 1 3266 3265 3267
6174 2 2 1 1 2490 2489 2491
6175 2 2 1 1 2444 2443 2445
6176 2 2 1 1 3240 3239 3241
6177 2 2 1 1 3268 3267 3269
6178 2 2 1 1 2534 2533 2535
6179 2 2 1 1 2426 2425 2427
6180 2 2 1 1 2396 2395 2397
6181 2 2 1 1 3248 3247 3249
6182 2 2 1 1 1634 8091 8196
6183 2 2 1 1 3726 3724 4908
6184 2 2 1 1 3220 3219 3221
6185 2 2 1 1 2568 2567 2569
6186 2 2 1 1 3258 3257 3259
6187 2 2 1 1 3318 3317 3319
6188 2 2 1 1 3276 3275 3277
6189 2 2 1 1 2386 2385 2387
6190 2 2 1 1 3230 3229 3231
6191 2 2 1 1 3294 3293 3295
6192 2 2 1 1 2376 2375 2377
6193 2 2 1 1 3302 3301 3303
6194 2 2 1 1 3286 3285 3287
6195 2 2 1 1 4379 4377 6516
6196 2 2 1 1 2464 2463 2465
6197 2 2 1 1 3310 3309 3311
6198 2 2 1 1 3284 3283 3285
6199 2 2 1 1 2516 2515 2517
6200 2 2 1 1 2462 2461 2463
6201 2 2 1 1 2434 2433 2435
6202 2 2 1 1 2536 2535 2537
6203 2 2 1 1 2542 2541 2543
6204 2 2 1 1 3320 3319 3321
6205 2 2 1 1 2436 2435 2437
6206 2 2 1 1 4750 4748 6549
6207 2 2 1 1 4068 4242 4243
6208 2 2 1 1 2498 2497 2499
6209 2 2 1 1 2480 2479 2481
6210 2 2 1 1 1406 7446 7473
6211 2 2 1 1 2562 2561 2563
6212 2 2 1 1 2410 2409 2411
6213 2 2 1 1 2400 2399 2401
6214 2 2 1 1 2390 2389 2391
6215 2 2 1 1 2380 2379 2381
6216 2 2 1 1 2424 2423 2425
6217 2 2 1 1 642 643 7609
6218 2 2 1 1 2576 2575 2577
6219 2 2 1 1 3306 3305 3307
6220 2 2 1 1 2448 2447 2449
6221 2 2 1 1 2378 2377 2379
6222 2 2 1 1 2476 2475 2477
6223 2 2 1 1 2388 2387 2389
6224 2 2 1 1 2492 2491 2493
6225 2 2 1 1 2452 2451 2453
6226 2 2 1 1 2438 2437 2439
6227 2 2 1 1 4345 4343 6635
6228 2 2 1 1 2494 2493 2495
6229 2 2 1 1 2510 2509 2511
6230 2 2 1 1 2446 2445 2447
6231 2 2 1 1 2398 2397 2399
6232 2 2 1 1 3749 3862 3863
6233 2 2 1 1 2466 2465 2467
6234 2 2 1 1 2512 2511 2513
6235 2 2 1 1 3232 3231 3233
6236 2 2 1 1 2414 2413 2415
6237 2 2 1 1 2428 2427 2429
6238 2 2 1 1 4261 4259 6395
6239 2 2 1 1 5007 5008 5009
6240 2 2 1 1 3830 3831 6731
6241 2 2 1 1 2484 2483 2485
6242 2 2 1 1 3825 3845 4501
6243 2 2 1 1 3216 3215 3217
6244 2 2 1 1 2474 2473 2475
6245 2 2 1 1 2520 2519 2521
6246 2 2 1 1 2538 2537 2539
6247 2 2 1 1 2502 2501 2503
6248 2 2 1 1 2408 2407 2409
6249 2 2 1 1 2456 2455 2457
6250 2 2 1 1 2546 2545 2547
6251 2 2 1 1 2596 2595 2597
6252 2 2 1 1 2418 2417 2419
6253 2 2 1 1 3948 3946 4511
6254 2 2 1 1 4754 4752 6525
6255 2 2 1 1 2564 2563 2565
6256 2 2 1 1 2572 2571 2573
6257 2 2 1 1 2580 2579 2581
6258 2 2 1 1 3280 3279 3281
6259 2 2 1 1 2420 2419 2421
6260 2 2 1 1 2528 2527 2529
6261 2 2 1 1 2588 2587 2589
6262 2 2 1 1 2554 2553 2555
6263 2 2 1 1 616 617 6632
6264 2 2 1 1 5019 5022 6652
6265 2 2 1 1 2530 2529 2531
6266 2 2 1 1 3100 3099 3101
6267 2 2 1 1 1362 1361 9487
6268 2 2 1 1 2556 2555 2557
6269 2 2 1 1 3244 3243 3245
6270 2 2 1 1 4267 4265 4717
6271 2 2 1 1 5214 5215 5402
6272 2 2 1 1 3312 3311 3313
6273 2 2 1 1 2404 2403 2405
6274 2 2 1 1 3898 3752 4017
6275 2 2 1 1 4217 4215 4547
6276 2 2 1 1 4385 4383 4498
6277 2 2 1 1 2458 2457 2459
6278 2 2 1 1 6474 6643 9349
6279 2 2 1 1 4516 4515 6664
6280 2 2 1 1 624 625 1891
6281 2 2 1 1 601 602 1885
6282 2 2 1 1 2584 2583 2585
6283 2 2 1 1 3262 3261 3263
6284 2 2 1 1 3206 3205 3207
6285 2 2 1 1 2524 2523 2525
6286 2 2 1 1 2774 7212 7214
6287 2 2 1 1 3314 3313 3315
6288 2 2 1 1 3439 6844 7794
6289 2 2 1 1 2374 2373 2375
6290 2 2 1 1 3926 4203 4721
6291 2 2 1 1 2550 2549 2551
6292 2 2 1 1 2394 2393 2395
6293 2 2 1 1 6477 4452 9572
6294 2 2 1 1 5720 5715 7678
6295 2 2 1 1 5299 5300 6326
6296 2 2 1 1 2470 2469 2471
6297 2 2 1 1 1646 8097 8098
6298 2 2 1 1 3184 3183 3185
6299 2 2 1 1 2590 2589 2591
6300 2 2 1 1 5253 5252 6725
6301 2 2 1 1 2442 2441 2443
6302 2 2 1 1 3194 3193 3195
6303 2 2 1 1 3831 4768 4769
6304 2 2 1 1 2384 2383 2385
6305 2 2 1 1 3196 3195 3197
6306 2 2 1 1 3260 3259 3261
6307 2 2 1 1 5549 5548 5550
6308 2 2 1 1 2430 2429 2431
6309 2 2 1 1 3854 3852 4465
6310 2 2 1 1 7924 6894 9192
6311 2 2 1 1 4292 4290 4736
6312 2 2 1 1 4469 4470 4471
6313 2 2 1 1 3186 3185 3187
6314 2 2 1 1 2316 2315 2317
6315 2 2 1 1 2506 2505 2507
6316 2 2 1 1 4519 4516 6664
6317 2 2 1 1 5463 3751 7334
6318 2 2 1 1 2488 2487 2489
6319 2 2 1 1 2592 2591 2593
6320 2 2 1 1 7379 4133 7751
6321 2 2 1 1 3204 3203 3205
6322 2 2 1 1 3557 5481 9139
6323 2 2 1 1 4222 4224 4225
6324 2 2 1 1 3322 3321 3323
6325 2 2 1 1 4588 4586 4700
6326 2 2 1 1 3288 3287 3289
6327 2 2 1 1 3278 3277 3279
6328 2 2 1 1 2504 2503 2505
6329 2 2 1 1 2209 2207 5429
6330 2 2 1 1 2486 2485 2487
6331 2 2 1 1 3242 3241 3243
6332 2 2 1 1 3758 3849 3850
6333 2 2 1 1 3234 3233 3235
6334 2 2 1 1 9140 4854 9426
6335 2 2 1 1 5456 1500 9564
6336 2 2 1 1 3304 3303 3305
6337 2 2 1 1 7072 4354 7073
6338 2 2 1 1 7732 8280 8281
6339 2 2 1 1 5239 5240 5244
6340 2 2 1 1 6337 7394 9044
6341 2 2 1 1 2432 2431 2433
6342 2 2 1 1 2558 2557 2559
6343 2 2 1 1 6072 6073 6074
6344 2 2 1 1 2548 2547 2549
6345 2 2 1 1 2582 2581 2583
6346 2 2 1 1 6526 4347 6610
6347 2 2 1 1 5745 5741 7673
6348 2 2 1 1 3214 3213 3215
6349 2 2 1 1 4925 4923 4927
6350 2 2 1 1 3893 3661 6277
6351 2 2 1 1 2532 2531 2533
6352 2 2 1 1 5028 5030 6572
6353 2 2 1 1 5259 5261 9089
6354 2 2 1 1 2440 2439 2441
6355 2 2 1 1 2460 2459 2461
6356 2 2 1 1 2181 2182 2183
6357 2 2 1 1 5441 5442 5466
6358 2 2 1 1 2522 2521 2523
6359 2 2 1 1 2468 2467 2469
6360 2 2 1 1 7184 5752 7186
6361 2 2 1 1 5492 8172 8625
6362 2 2 1 1 2382 2381 2383
6363 2 2 1 1 6073 8651 9428
6364 2 2 1 1 1224 1225 1887
6365 2 2 1 1 3270 3269 3271
6366 2 2 1 1 3252 3251 3253
6367 2 2 1 1 5049 5048 9603
6368 2 2 1 1 5353 5354 5355
6369 2 2 1 1 2370 2367 6656
6370 2 2 1 1 2392 2391 2393
6371 2 2 1 1 6688 9044 9458
6372 2 2 1 1 2422 2421 2423
6373 2 2 1 1 3224 3223 3225
6374 2 2 1 1 2509 2507 8638
6375 2 2 1 1 3623 3460 3714
6376 2 2 1 1 5024 5026 6578
6377 2 2 1 1 3296 3295 3297
6378 2 2 1 1 4713 4711 4775
6379 2 2 1 1 2514 2513 2515
6380 2 2 1 1 2402 2401 2403
6381 2 2 1 1 5226 5227 5455
6382 2 2 1 1 2478 2477 2479
6383 2 2 1 1 5083 6859 6860
6384 2 2 1 1 2566 2565 2567
6385 2 2 1 1 7211 3708 8354
6386 2 2 1 1 3621 2781 4872
6387 2 2 1 1 4232 4230 4233
6388 2 2 1 1 3061 3059 8189
6389 2 2 1 1 3445 6212 8458
6390 2 2 1 1 4629 4627 4703
6391 2 2 1 1 2574 2573 2575
6392 2 2 1 1 2496 2495 2497
6393 2 2 1 1 1362 9487 9535
6394 2 2 1 1 5055 5054 5482
6395 2 2 1 1 2412 2411 2413
6396 2 2 1 1 2450 2449 2451
6397 2 2 1 1 1406 1407 7446
6398 2 2 1 1 2835 8370 8959
6399 2 2 1 1 3784 3783 7177
6400 2 2 1 1 6449 5444 7067
6401 2 2 1 1 2540 2539 2541
6402 2 2 1 1 5589 5590 5591
6403 2 2 1 1 2891 2888 6736
6404 2 2 1 1 9412 5378 9561
6405 2 2 1 1 5746 6092 8357
6406 2 2 1 1 4185 4184 9723
6407 2 2 1 1 92 93 7571
6408 2 2 1 1 5424 3822 6205
6409 2 2 1 1 7739 4436 9233
6410 2 2 1 1 773 774 7583
6411 2 2 1 1 6363 5041 6364
6412 2 2 1 1 1488 1489 7742
6413 2 2 1 1 3942 3940 6567
6414 2 2 1 1 496 497 7568
6415 2 2 1 1 2116 7218 9312
6416 2 2 1 1 3102 3101 3103
6417 2 2 1 1 6083 6641 7221
6418 2 2 1 1 3150 3149 3151
6419 2 2 1 1 2991 2989 5427
6420 2 2 1 1 3799 3739 3800
6421 2 2 1 1 4945 7843 7976
6422 2 2 1 1 2784 3688 7627
6423 2 2 1 1 3138 3137 3139
6424 2 2 1 1 3126 3125 3127
6425 2 2 1 1 1566 1565 9001
6426 2 2 1 1 2539 2537 9641
6427 2 2 1 1 3112 3111 3113
6428 2 2 1 1 3122 3121 3123
6429 2 2 1 1 5783 5782 6082
6430 2 2 1 1 4470 3802 6083
6431 2 2 1 1 4232 4233 4338
6432 2 2 1 1 7270 3422 8831
6433 2 2 1 1 3134 3133 3135
6434 2 2 1 1 3162 3161 3163
6435 2 2 1 1 622 623 1889
6436 2 2 1 1 603 604 2149
6437 2 2 1 1 917 918 7578
6438 2 2 1 1 2831 7274 7275
6439 2 2 1 1 3104 3103 3105
6440 2 2 1 1 1046 1047 7576
6441 2 2 1 1 3146 3145 3147
6442 2 2 1 1 3962 3959 5973
6443 2 2 1 1 5096 5097 5098
6444 2 2 1 1 2858 8472 8823
6445 2 2 1 1 3820 3665 4490
6446 2 2 1 1 3114 3113 3115
6447 2 2 1 1 2155 616 6632
6448 2 2 1 1 3158 3157 3159
6449 2 2 1 1 3124 3123 3125
6450 2 2 1 1 4306 4305 6671
6451 2 2 1 1 3160 3159 3161
6452 2 2 1 1 4058 4055 6181
6453 2 2 1 1 3136 3135 3137
6454 2 2 1 1 3116 3115 3117
6455 2 2 1 1 3164 3163 3165
6456 2 2 1 1 3148 3147 3149
6457 2 2 1 1 3172 3171 3173
6458 2 2 1 1 3834 4757 4758
6459 2 2 1 1 3110 3109 3111
6460 2 2 1 1 3972 3729 3990
6461 2 2 1 1 3132 3131 3133
6462 2 2 1 1 4308 4306 6517
6463 2 2 1 1 3144 3143 3145
6464 2 2 1 1 2322 2321 2323
6465 2 2 1 1 2326 2325 2327
6466 2 2 1 1 5098 5100 6612
6467 2 2 1 1 4520 4522 9014
6468 2 2 1 1 4600 4598 4601
6469 2 2 1 1 9049 1574 9374
6470 2 2 1 1 2362 2361 2363
6471 2 2 1 1 3933 3736 3957
6472 2 2 1 1 2348 2347 2349
6473 2 2 1 1 6647 8968 9601
6474 2 2 1 1 2336 2335 2337
6475 2 2 1 1 3074 3073 3075
6476 2 2 1 1 2344 2343 2345
6477 2 2 1 1 5096 5098 5220
6478 2 2 1 1 2334 2333 2335
6479 2 2 1 1 2332 2331 2333
6480 2 2 1 1 3106 3105 3107
6481 2 2 1 1 677 678 7567
6482 2 2 1 1 3120 3119 3121
6483 2 2 1 1 3961 3962 3963
6484 2 2 1 1 2346 2345 2347
6485 2 2 1 1 2360 2359 2361
6486 2 2 1 1 2358 2357 2359
6487 2 2 1 1 3156 3155 3157
6488 2 2 1 1 6660 3448 7644
6489 2 2 1 1 3170 3169 3171
6490 2 2 1 1 2324 2323 2325
6491 2 2 1 1 4286 4284 6550
6492 2 2 1 1 2356 2355 2357
6493 2 2 1 1 4398 4399 4400
6494 2 2 1 1 1291 1290 8337
6495 2 2 1 1 3760 3759 3761
6496 2 2 1 1 2247 2245 7173
6497 2 2 1 1 3711 3709 4870
6498 2 2 1 1 3865 3863 4874
6499 2 2 1 1 2320 2319 2321
6500 2 2 1 1 6235 2803 8034
6501 2 2 1 1 6041 7107 7109
6502 2 2 1 1 2963 2964 2965
6503 2 2 1 1 3901 3899 6573
6504 2 2 1 1 3991 3987 6062
6505 2 2 1 1 5734 2152 8602
6506 2 2 1 1 1259 6851 9391
6507 2 2 1 1 3152 3151 3153
6508 2 2 1 1 5267 5268 5499
6509 2 2 1 1 2350 2349 2351
6510 2 2 1 1 2338 2337 2339
6511 2 2 1 1 8718 4448 9196
6512 2 2 1 1 2342 2341 2343
6513 2 2 1 1 3128 3127 3129
6514 2 2 1 1 3764 3763 9442
6515 2 2 1 1 168 169 7560
6516 2 2 1 1 3944 3942 4998
6517 2 2 1 1 2368 2367 2369
6518 2 2 1 1 5443 5441 6739
6519 2 2 1 1 3166 3165 3167
6520 2 2 1 1 5509 4211 8586
6521 2 2 1 1 3540 3398 3569
6522 2 2 1 1 4970 4968 4994
6523 2 2 1 1 7023 3518 7738
6524 2 2 1 1 3140 3139 3141
6525 2 2 1 1 3753 3898 3899
6526 2 2 1 1 2354 2353 2355
6527 2 2 1 1 6837 5665 8463
6528 2 2 1 1 2330 2329 2331
6529 2 2 1 1 2955 2956 2957
6530 2 2 1 1 2364 2363 2365
6531 2 2 1 1 3142 3141 3143
6532 2 2 1 1 2772 6252 8507
6533 2 2 1 1 3285 3553 6677
6534 2 2 1 1 5718 5719 6190
6535 2 2 1 1 3617 7377 8987
6536 2 2 1 1 4025 4023 4741
6537 2 2 1 1 2164 2165 2166
6538 2 2 1 1 4001 4003 4004
6539 2 2 1 1 3130 3129 3131
6540 2 2 1 1 3730 3972 3973
6541 2 2 1 1 2172 2174 2175
6542 2 2 1 1 4943 8426 9312
6543 2 2 1 1 3168 3167 3169
6544 2 2 1 1 4584 4582 4715
6545 2 2 1 1 8595 4509 9513
6546 2 2 1 1 4020 3717 6332
6547 2 2 1 1 4512 3705 4513
6548 2 2 1 1 3699 4459 7387
6549 2 2 1 1 5045 5046 6063
6550 2 2 1 1 7933 7932 7934
6551 2 2 1 1 4896 3859 5396
6552 2 2 1 1 3108 3107 3109
6553 2 2 1 1 7537 3436 9213
6554 2 2 1 1 3154 3153 3155
6555 2 2 1 1 4323 4321 6552
6556 2 2 1 1 4095 6992 7070
6557 2 2 1 1 2837 8849 9565
6558 2 2 1 1 1881 630 7026
6559 2 2 1 1 6606 4399 7169
6560 2 2 1 1 3118 3117 3119
6561 2 2 1 1 2328 2327 2329
6562 2 2 1 1 5612 7080 7081
6563 2 2 1 1 3815 3910 6645
6564 2 2 1 1 4606 4603 5770
6565 2 2 1 1 605 606 2151
6566 2 2 1 1 620 621 2144
6567 2 2 1 1 4390 4389 4391
6568 2 2 1 1 2166 2167 2168
6569 2 2 1 1 2809 4992 9642
6570 2 2 1 1 5516 2145 8863
6571 2 2 1 1 1883 5516 8863
6572 2 2 1 1 4945 4944 5351
6573 2 2 1 1 2352 2351 2353
6574 2 2 1 1 2318 2317 2319
6575 2 2 1 1 4005 4007 4011
6576 2 2 1 1 2959 2960 2961
6577 2 2 1 1 1435 8810 8939
6578 2 2 1 1 5433 2387 9628
6579 2 2 1 1 2366 2365 2367
6580 2 2 1 1 4089 3786 6253
6581 2 2 1 1 6573 3899 7090
6582 2 2 1 1 2288 2287 2289
6583 2 2 1 1 2848 6833 8626
6584 2 2 1 1 2340 2339 2341
6585 2 2 1 1 4091 3766 4455
6586 2 2 1 1 4746 4744 6617
6587 2 2 1 1 1913 6901 6903
6588 2 2 1 1 3951 3950 3952
6589 2 2 1 1 2939 3511 5449
6590 2 2 1 1 1186 1187 7555
6591 2 2 1 1 6186 6702 8780
6592 2 2 1 1 4634 4633 4635
6593 2 2 1 1 4012 4028 4081
6594 2 2 1 1 3989 3991 3992
6595 2 2 1 1 1405 7473 7496
6596 2 2 1 1 4074 4208 4452
6597 2 2 1 1 6146 4418 8513
6598 2 2 1 1 5282 5283 5526
6599 2 2 1 1 4014 3996 4858
6600 2 2 1 1 3913 3790 4910
6601 2 2 1 1 6627 4609 6998
6602 2 2 1 1 3817 3907 6329
6603 2 2 1 1 3903 3901 4888
6604 2 2 1 1 3879 3878 4434
6605 2 2 1 1 1448 8266 8358
6606 2 2 1 1 4422 7309 8905
6607 2 2 1 1 4213 4197 4933
6608 2 2 1 1 3737 3933 3934
6609 2 2 1 1 3718 4020 4021
6610 2 2 1 1 4412 4410 4737
6611 2 2 1 1 3086 3085 3087
6612 2 2 1 1 5555 5556 8860
6613 2 2 1 1 4625 4623 4727
6614 2 2 1 1 4597 4596 4598
6615 2 2 1 1 4907 7266 9792
6616 2 2 1 1 4310 4308 4771
6617 2 2 1 1 4325 4323 5002
6618 2 2 1 1 6603 2643 7958
6619 2 2 1 1 3082 3081 3083
6620 2 2 1 1 7324 3468 9729
6621 2 2 1 1 2170 2171 2172
6622 2 2 1 1 4381 4379 4891
6623 2 2 1 1 4580 4578 4913
6624 2 2 1 1 4709 4707 4937
6625 2 2 1 1 4602 4601 4603
6626 2 2 1 1 3084 3083 3085
6627 2 2 1 1 3094 3093 3095
6628 2 2 1 1 5396 1298 9400
6629 2 2 1 1 3096 3095 3097
6630 2 2 1 1 8810 4550 8939
6631 2 2 1 1 961 962 7546
6632 2 2 1 1 1516 1515 8076
6633 2 2 1 1 4393 4391 4394
6634 2 2 1 1 6156 6685 8796
6635 2 2 1 1 4605 4606 4607
6636 2 2 1 1 3076 3075 3077
6637 2 2 1 1 3953 3952 3954
6638 2 2 1 1 8261 5431 8374
6639 2 2 1 1 4248 4247 4249
6640 2 2 1 1 4074 4452 6477
6641 2 2 1 1 4920 4918 5391
6642 2 2 1 1 6517 4306 6671
6643 2 2 1 1 4593 4592 4594
6644 2 2 1 1 4305 4302 6170
6645 2 2 1 1 2306 2305 2307
6646 2 2 1 1 4930 7764 9780
6647 2 2 1 1 607 608 2156
6648 2 2 1 1 618 619 2150
6649 2 2 1 1 2294 2293 2295
6650 2 2 1 1 2162 2163 2164
6651 2 2 1 1 4046 4043 6213
6652 2 2 1 1 5412 4164 8774
6653 2 2 1 1 2168 2169 2170
6654 2 2 1 1 3054 3053 3055
6655 2 2 1 1 3080 3079 3081
6656 2 2 1 1 3658 3848 4354
6657 2 2 1 1 2292 2291 2293
6658 2 2 1 1 6641 3888 6665
6659 2 2 1 1 4334 4331 6141
6660 2 2 1 1 2290 2289 2291
6661 2 2 1 1 4591 4590 4592
6662 2 2 1 1 2177 2178 2179
6663 2 2 1 1 4082 4084 4198
6664 2 2 1 1 4250 4249 4251
6665 2 2 1 1 3092 3091 3093
6666 2 2 1 1 4397 4396 4398
6667 2 2 1 1 2653 2651 2654
6668 2 2 1 1 2302 2301 2303
6669 2 2 1 1 4064 3794 6261
6670 2 2 1 1 2304 2303 2305
6671 2 2 1 1 4009 3856 6103
6672 2 2 1 1 4288 4286 5384
6673 2 2 1 1 5429 3723 9567
6674 2 2 1 1 2237 2235 7131
6675 2 2 1 1 4425 6738 7671
6676 2 2 1 1 3973 3972 7017
6677 2 2 1 1 2308 2307 2309
6678 2 2 1 1 3088 3087 3089
6679 2 2 1 1 4595 4594 4596
6680 2 2 1 1 3446 8580 9222
6681 2 2 1 1 2296 2295 2297
6682 2 2 1 1 3631 3808 4202
6683 2 2 1 1 5436 2856 8787
6684 2 2 1 1 3836 4720 5367
6685 2 2 1 1 4604 4603 4605
6686 2 2 1 1 9359 1537 9812
6687 2 2 1 1 4388 4387 4389
6688 2 2 1 1 4059 4058 5389
6689 2 2 1 1 1363 1362 9535
6690 2 2 1 1 4272 4271 4273
6691 2 2 1 1 5022 5024 5465
6692 2 2 1 1 2300 2299 2301
6693 2 2 1 1 3850 3849 6287
6694 2 2 1 1 3372 3370 3373
6695 2 2 1 1 6145 3910 9355
6696 2 2 1 1 4997 4996 8547
6697 2 2 1 1 6162 5399 9241
6698 2 2 1 1 4748 4746 5529
6699 2 2 1 1 1317 1318 7892
6700 2 2 1 1 3860 3861 4339
6701 2 2 1 1 4304 4305 4306
6702 2 2 1 1 3960 3959 3961
6703 2 2 1 1 5243 5241 5373
6704 2 2 1 1 6179 6700 8788
6705 2 2 1 1 4005 4011 6674
6706 2 2 1 1 1429 1428 7984
6707 2 2 1 1 3715 3714 3716
6708 2 2 1 1 127 128 7522
6709 2 2 1 1 4274 4273 4275
6710 2 2 1 1 3598 2583 6740
6711 2 2 1 1 3796 3911 4879
6712 2 2 1 1 2270 2269 2271
6713 2 2 1 1 1359 1360 7493
6714 2 2 1 1 5026 5028 5507
6715 2 2 1 1 4638 4635 4639
6716 2 2 1 1 601 1885 5628
6717 2 2 1 1 3867 3866 4445
6718 2 2 1 1 3958 3956 3959
6719 2 2 1 1 3982 3981 3983
6720 2 2 1 1 5427 3455 9570
6721 2 2 1 1 2762 7347 7748
6722 2 2 1 1 3090 3089 3091
6723 2 2 1 1 2310 2309 2311
6724 2 2 1 1 2689 7024 7856
6725 2 2 1 1 1975 7867 8865
6726 2 2 1 1 4333 4334 4335
6727 2 2 1 1 3149 3147 8844
6728 2 2 1 1 2312 2311 2313
6729 2 2 1 1 4362 4361 4363
6730 2 2 1 1 4263 4261 5401
6731 2 2 1 1 1405 1406 7473
6732 2 2 1 1 3078 3077 3079
6733 2 2 1 1 4239 6553 8606
6734 2 2 1 1 5312 5309 5313
6735 2 2 1 1 4360 4294 4361
6736 2 2 1 1 4916 4754 5432
6737 2 2 1 1 6518 2144 6519
6738 2 2 1 1 4066 4068 6251
6739 2 2 1 1 3594 2575 6765
6740 2 2 1 1 7477 4188 8256
6741 2 2 1 1 2953 2954 2955
6742 2 2 1 1 3955 3954 3956
6743 2 2 1 1 5390 4358 9678
6744 2 2 1 1 4909 6282 8192
6745 2 2 1 1 3984 3983 3985
6746 2 2 1 1 4621 4619 4934
6747 2 2 1 1 6073 3184 8651
6748 2 2 1 1 4364 4363 4365
6749 2 2 1 1 3666 3832 4085
6750 2 2 1 1 2298 2297 2299
6751 2 2 1 1 4752 4750 5485
6752 2 2 1 1 4268 4267 4269
6753 2 2 1 1 1327 6778 7541
6754 2 2 1 1 3151 3149 9328
6755 2 2 1 1 4057 4058 4059
6756 2 2 1 1 4090 4091 4488
6757 2 2 1 1 3799 4000 5277
6758 2 2 1 1 7301 5000 9792
6759 2 2 1 1 387 388 8165
6760 2 2 1 1 1363 9535 9581
6761 2 2 1 1 2600 2598 2601
6762 2 2 1 1 5846 7972 8081
6763 2 2 1 1 4384 4383 4385
6764 2 2 1 1 4088 4089 4493
6765 2 2 1 1 4971 4970 4972
6766 2 2 1 1 4001 4004 6706
6767 2 2 1 1 4293 4292 4294
6768 2 2 1 1 2737 5616 8989
6769 2 2 1 1 3781 3803 3804
6770 2 2 1 1 2824 5918 8848
6771 2 2 1 1 3586 2567 6790
6772 2 2 1 1 3505 2923 5528
6773 2 2 1 1 4408 4406 4921
6774 2 2 1 1 3569 3398 7011
6775 2 2 1 1 4611 4609 6627
6776 2 2 1 1 6552 4321 7263
6777 2 2 1 1 4617 4615 5430
6778 2 2 1 1 3328 3326 3329
6779 2 2 1 1 6635 4343 6659
6780 2 2 1 1 5505 3683 7339
6781 2 2 1 1 4688 5417 8301
6782 2 2 1 1 2949 2950 2951
6783 2 2 1 1 5496 1270 8991
6784 2 2 1 1 3894 3803 4911
6785 2 2 1 1 4012 4081 6670
6786 2 2 1 1 6470 6469 6471
6787 2 2 1 1 4587 4586 4588
6788 2 2 1 1 3056 3055 3057
6789 2 2 1 1 3066 3065 3067
6790 2 2 1 1 747 748 7513
6791 2 2 1 1 4270 4269 4271
6792 2 2 1 1 3293 3567 6845
6793 2 2 1 1 625 626 6383
6794 2 2 1 1 3977 3975 5344
6795 2 2 1 1 4696 4694 5403
6796 2 2 1 1 4377 4375 5425
6797 2 2 1 1 3064 3063 3065
6798 2 2 1 1 4199 4201 4219
6799 2 2 1 1 6368 4879 8475
6800 2 2 1 1 3062 3061 3063
6801 2 2 1 1 3792 4071 4341
6802 2 2 1 1 3788 4065 4503
6803 2 2 1 1 3068 3067 3069
6804 2 2 1 1 5215 5217 5218
6805 2 2 1 1 5056 5057 5058
6806 2 2 1 1 3860 3795 3861
6807 2 2 1 1 5100 5102 6535
6808 2 2 1 1 3888 5453 6665
6809 2 2 1 1 1194 1195 8157
6810 2 2 1 1 3715 4064 5520
6811 2 2 1 1 5611 5610 5612
6812 2 2 1 1 4628 4627 4629
6813 2 2 1 1 2272 2271 2273
6814 2 2 1 1 6170 4429 8512
6815 2 2 1 1 4395 4394 4396
6816 2 2 1 1 3791 3913 3914
6817 2 2 1 1 3581 2559 6818
6818 2 2 1 1 2276 2275 2277
6819 2 2 1 1 3443 3009 9410
6820 2 2 1 1 3863 3862 6770
6821 2 2 1 1 2274 2273 2275
6822 2 2 1 1 4094 3798 4859
6823 2 2 1 1 4744 4443 6044
6824 2 2 1 1 3949 3948 3950
6825 2 2 1 1 2284 2283 2285
6826 2 2 1 1 4630 4629 4631
6827 2 2 1 1 5293 5291 5294
6828 2 2 1 1 4053 4051 4873
6829 2 2 1 1 5301 5299 6864
6830 2 2 1 1 2256 2255 2257
6831 2 2 1 1 4195 3967 5459
6832 2 2 1 1 4041 4039 4946
6833 2 2 1 1 3945 3944 3946
6834 2 2 1 1 4232 4338 6822
6835 2 2 1 1 4386 4385 4387
6836 2 2 1 1 3038 3037 3039
6837 2 2 1 1 4349 4347 6526
6838 2 2 1 1 5227 5229 5230
6839 2 2 1 1 3060 3059 3061
6840 2 2 1 1 3521 3231 6783
6841 2 2 1 1 3858 4009 4010
6842 2 2 1 1 2282 2281 2283
6843 2 2 1 1 5030 5032 5812
6844 2 2 1 1 4439 4353 6255
6845 2 2 1 1 5098 5099 5100
6846 2 2 1 1 3070 3069 3071
6847 2 2 1 1 3654 3695 6621
6848 2 2 1 1 3597 3315 6846
6849 2 2 1 1 7638 1252 9438
6850 2 2 1 1 4045 4046 4047
6851 2 2 1 1 423 424 7494
6852 2 2 1 1 4216 4215 4217
6853 2 2 1 1 3986 3985 3987
6854 2 2 1 1 4589 4588 4590
6855 2 2 1 1 3914 3913 5343
6856 2 2 1 1 4491 5531 7638
6857 2 2 1 1 2868 2869 2870
6858 2 2 1 1 626 1882 6383
6859 2 2 1 1 3940 3938 6064
6860 2 2 1 1 1574 1573 9374
6861 2 2 1 1 4969 4968 4970
6862 2 2 1 1 3887 3868 4092
6863 2 2 1 1 4632 4631 4633
6864 2 2 1 1 1318 7017 7892
6865 2 2 1 1 5788 5789 8655
6866 2 2 1 1 3693 3691 4462
6867 2 2 1 1 4096 6204 8639
6868 2 2 1 1 5255 5253 5256
6869 2 2 1 1 3058 3057 3059
6870 2 2 1 1 5284 5282 6852
6871 2 2 1 1 4330 4329 4331
6872 2 2 1 1 6064 3938 6679
6873 2 2 1 1 3819 4896 7091
6874 2 2 1 1 3657 3706 6602
6875 2 2 1 1 4071 3793 4072
6876 2 2 1 1 4047 4046 5456
6877 2 2 1 1 2278 2277 2279
6878 2 2 1 1 2947 2948 2949
6879 2 2 1 1 4065 3789 4066
6880 2 2 1 1 3906 3905 4209
6881 2 2 1 1 4581 4580 4582
6882 2 2 1 1 3259 3532 8567
6883 2 2 1 1 8038 7427 9078
6884 2 2 1 1 4277 4273 6130
6885 2 2 1 1 3823 4729 4730
6886 2 2 1 1 5419 3764 9442
6887 2 2 1 1 3794 3716 3795
6888 2 2 1 1 5036 5038 6246
6889 2 2 1 1 3947 3946 3948
6890 2 2 1 1 5294 5291 6366
6891 2 2 1 1 4030 4010 5422
6892 2 2 1 1 2769 2227 9488
6893 2 2 1 1 2808 2377 6856
6894 2 2 1 1 4919 4918 4920
6895 2 2 1 1 5484 3756 7342
6896 2 2 1 1 6565 3479 7925
6897 2 2 1 1 5475 4900 8088
6898 2 2 1 1 2813 7379 7751
6899 2 2 1 1 5575 5576 7376
6900 2 2 1 1 4071 4072 6842
6901 2 2 1 1 4692 4690 5769
6902 2 2 1 1 4404 4402 5464
6903 2 2 1 1 4521 4519 6144
6904 2 2 1 1 4212 4197 4213
6905 2 2 1 1 2280 2279 2281
6906 2 2 1 1 3193 3191 7457
6907 2 2 1 1 4366 4363 6095
6908 2 2 1 1 4749 4748 4750
6909 2 2 1 1 4520 4519 4521
6910 2 2 1 1 3988 3987 3989
6911 2 2 1 1 4493 4089 5408
6912 2 2 1 1 4576 4574 5457
6913 2 2 1 1 5252 5385 6725
6914 2 2 1 1 297 298 7479
6915 2 2 1 1 1891 625 6383
6916 2 2 1 1 4624 4623 4625
6917 2 2 1 1 6653 5865 8087
6918 2 2 1 1 5268 5270 5271
6919 2 2 1 1 4050 3816 6630
6920 2 2 1 1 3855 3854 3856
6921 2 2 1 1 4246 4016 4247
6922 2 2 1 1 4974 4972 6159
6923 2 2 1 1 3741 4097 4098
6924 2 2 1 1 4097 3740 4156
6925 2 2 1 1 4062 3954 6131
6926 2 2 1 1 3596 2595 6857
6927 2 2 1 1 1373 5769 8372
6928 2 2 1 1 4313 4312 4314
6929 2 2 1 1 7785 7484 9424
6930 2 2 1 1 560 561 7476
6931 2 2 1 1 4585 4584 4586
6932 2 2 1 1 6711 4180 6769
6933 2 2 1 1 4000 3800 4001
6934 2 2 1 1 4275 4277 4278
6935 2 2 1 1 4332 4331 4333
6936 2 2 1 1 5024 5025 5026
6937 2 2 1 1 623 624 6438
6938 2 2 1 1 7014 7016 9669
6939 2 2 1 1 4328 4327 4329
6940 2 2 1 1 4035 3825 6773
6941 2 2 1 1 5034 5035 5036
6942 2 2 1 1 5046 5048 5049
6943 2 2 1 1 2693 2672 2694
6944 2 2 1 1 6323 6325 9145
6945 2 2 1 1 2722 2721 2723
6946 2 2 1 1 5028 5029 5030
6947 2 2 1 1 5065 5063 5066
6948 2 2 1 1 4072 4074 6477
6949 2 2 1 1 1487 1488 7781
6950 2 2 1 1 4915 4754 4916
6951 2 2 1 1 4708 4707 4709
6952 2 2 1 1 5102 5103 5104
6953 2 2 1 1 3046 3045 3047
6954 2 2 1 1 6862 6110 6863
6955 2 2 1 1 3048 3047 3049
6956 2 2 1 1 4710 4709 4711
6957 2 2 1 1 4289 4288 4290
6958 2 2 1 1 3699 3697 4459
6959 2 2 1 1 4326 4325 4327
6960 2 2 1 1 3836 4719 4720
6961 2 2 1 1 3044 3043 3045
6962 2 2 1 1 5311 7084 7085
6963 2 2 1 1 4940 3430 8629
6964 2 2 1 1 6 9049 9279
6965 2 2 1 1 3804 3894 3895
6966 2 2 1 1 1553 5385 9713
6967 2 2 1 1 3992 3991 6778
6968 2 2 1 1 4411 4410 4412
6969 2 2 1 1 3831 4767 4768
6970 2 2 1 1 5479 3546 9573
6971 2 2 1 1 6286 6915 7270
6972 2 2 1 1 4400 4399 6606
6973 2 2 1 1 4618 4617 4619
6974 2 2 1 1 6844 3932 7794
6975 2 2 1 1 3653 3671 6626
6976 2 2 1 1 3834 4756 4757
6977 2 2 1 1 3895 3894 4728
6978 2 2 1 1 6384 6383 7538
6979 2 2 1 1 3028 3027 3029
6980 2 2 1 1 4301 4034 4302
6981 2 2 1 1 1507 1508 6676
6982 2 2 1 1 3042 3041 3043
6983 2 2 1 1 3831 4769 6731
6984 2 2 1 1 4004 4005 6674
6985 2 2 1 1 4011 4012 6670
6986 2 2 1 1 4015 4014 4016
6987 2 2 1 1 3510 2937 5756
6988 2 2 1 1 4266 4265 4267
6989 2 2 1 1 4225 4226 5486
6990 2 2 1 1 5283 5285 5286
6991 2 2 1 1 4180 4178 6769
6992 2 2 1 1 4284 4282 6571
6993 2 2 1 1 3656 3701 4897
6994 2 2 1 1 4343 4182 6659
6995 2 2 1 1 4000 4001 6706
6996 2 2 1 1 4311 4310 4312
6997 2 2 1 1 4189 3636 4191
6998 2 2 1 1 5646 7021 8940
6999 2 2 1 1 6 5007 9557
7000 2 2 1 1 5242 5241 5243
7001 2 2 1 1 4013 3996 4014
7002 2 2 1 1 4350 4349 4351
7003 2 2 1 1 4365 4366 4367
7004 2 2 1 1 3994 3992 5511
7005 2 2 1 1 2266 2265 2267
7006 2 2 1 1 1403 7530 7543
7007 2 2 1 1 2264 2263 2265
7008 2 2 1 1 3571 3389 6815
7009 2 2 1 1 6191 5323 8581
7010 2 2 1 1 4695 4694 4696
7011 2 2 1 1 4225 4224 4226
7012 2 2 1 1 4095 3805 5496
7013 2 2 1 1 7963 8776 9203
7014 2 2 1 1 4220 4222 6369
7015 2 2 1 1 4186 6586 6587
7016 2 2 1 1 4214 4213 4215
7017 2 2 1 1 3050 3049 3051
7018 2 2 1 1 4421 3636 7174
7019 2 2 1 1 382 383 7458
7020 2 2 1 1 1544 1545 8213
7021 2 2 1 1 3938 3936 6679
7022 2 2 1 1 5944 7135 9574
7023 2 2 1 1 5100 5101 5102
7024 2 2 1 1 4291 4290 4292
7025 2 2 1 1 4303 4302 4304
7026 2 2 1 1 8430 1278 8703
7027 2 2 1 1 2258 2257 2259
7028 2 2 1 1 4262 4261 4263
7029 2 2 1 1 3853 3852 3854
7030 2 2 1 1 8872 8210 9475
7031 2 2 1 1 5022 5023 5024
7032 2 2 1 1 6731 4769 9408
7033 2 2 1 1 4583 4582 4584
7034 2 2 1 1 6201 8188 8254
7035 2 2 1 1 5915 5934 7779
7036 2 2 1 1 4626 4625 4627
7037 2 2 1 1 4613 4611 6193
7038 2 2 1 1 6534 4232 6822
7039 2 2 1 1 5302 5301 5303
7040 2 2 1 1 4378 4377 4379
7041 2 2 1 1 5441 5466 6739
7042 2 2 1 1 2246 2245 2247
7043 2 2 1 1 4382 4381 4383
7044 2 2 1 1 3420 5333 7311
7045 2 2 1 1 4743 4443 4744
7046 2 2 1 1 1404 1405 7496
7047 2 2 1 1 3829 4050 4051
7048 2 2 1 1 7914 1861 7915
7049 2 2 1 1 1364 1363 9581
7050 2 2 1 1 4967 4965 4968
7051 2 2 1 1 2262 2261 2263
7052 2 2 1 1 4712 4711 4713
7053 2 2 1 1 3556 2670 6850
7054 2 2 1 1 4072 6477 6842
7055 2 2 1 1 4080 3919 5347
7056 2 2 1 1 1487 7781 7895
7057 2 2 1 1 5612 5613 7080
7058 2 2 1 1 4004 4003 4005
7059 2 2 1 1 3980 3979 3981
7060 2 2 1 1 4753 4752 4754
7061 2 2 1 1 4210 3905 6218
7062 2 2 1 1 4357 4358 4359
7063 2 2 1 1 4033 4032 4034
7064 2 2 1 1 4689 4687 4690
7065 2 2 1 1 4011 4007 4012
7066 2 2 1 1 2601 2598 6999
7067 2 2 1 1 3904 3903 3905
7068 2 2 1 1 4440 4439 4441
7069 2 2 1 1 5030 5031 5032
7070 2 2 1 1 4417 4391 6146
7071 2 2 1 1 3827 4038 4039
7072 2 2 1 1 4622 4621 4623
7073 2 2 1 1 5591 5590 5592
7074 2 2 1 1 621 622 6489
7075 2 2 1 1 2564 2566 7886
7076 2 2 1 1 3040 3039 3041
7077 2 2 1 1 4082 4198 6724
7078 2 2 1 1 4409 4408 4410
7079 2 2 1 1 835 836 7451
7080 2 2 1 1 4973 4972 4974
7081 2 2 1 1 4524 4523 4525
7082 2 2 1 1 7641 4415 9172
7083 2 2 1 1 4394 4417 5768
7084 2 2 1 1 4182 4180 6711
7085 2 2 1 1 1093 1094 7449
7086 2 2 1 1 4380 4379 4381
7087 2 2 1 1 4405 4404 4406
7088 2 2 1 1 3237 3518 7023
7089 2 2 1 1 5081 5084 5086
7090 2 2 1 1 5744 7031 7032
7091 2 2 1 1 715 716 7444
7092 2 2 1 1 4264 4263 4265
7093 2 2 1 1 4932 6844 8737
7094 2 2 1 1 1927 5670 8895
7095 2 2 1 1 5670 1851 8895
7096 2 2 1 1 4745 4744 4746
7097 2 2 1 1 3750 7091 9784
7098 2 2 1 1 4975 4974 4976
7099 2 2 1 1 5576 5785 8369
7100 2 2 1 1 4917 4916 4918
7101 2 2 1 1 1404 7496 7530
7102 2 2 1 1 6769 4178 6847
7103 2 2 1 1 4751 4750 4752
7104 2 2 1 1 5928 5932 7661
7105 2 2 1 1 4251 4252 4253
7106 2 2 1 1 6590 3963 7083
7107 2 2 1 1 6883 6882 6886
7108 2 2 1 1 5311 5312 7084
7109 2 2 1 1 6519 6521 9449
7110 2 2 1 1 2260 2259 2261
7111 2 2 1 1 4866 4865 4867
7112 2 2 1 1 4209 4210 4211
7113 2 2 1 1 3687 2244 5421
7114 2 2 1 1 5026 5027 5028
7115 2 2 1 1 7104 5352 9211
7116 2 2 1 1 4239 4049 6553
7117 2 2 1 1 1568 1567 8509
7118 2 2 1 1 6393 6389 8106
7119 2 2 1 1 3941 3940 3942
7120 2 2 1 1 256 257 7436
7121 2 2 1 1 3966 3965 3967
7122 2 2 1 1 2286 7027 8714
7123 2 2 1 1 5107 5094 6623
7124 2 2 1 1 5095 5107 5108
7125 2 2 1 1 5038 5040 5041
7126 2 2 1 1 1364 9581 9622
7127 2 2 1 1 4596 4645 6047
7128 2 2 1 1 4645 4594 6192
7129 2 2 1 1 3978 3977 3979
7130 2 2 1 1 4181 4180 4182
7131 2 2 1 1 6659 4182 6711
7132 2 2 1 1 4060 4059 4061
7133 2 2 1 1 4620 4619 4621
7134 2 2 1 1 4081 4028 4082
7135 2 2 1 1 4518 4516 4519
7136 2 2 1 1 4706 4696 4707
7137 2 2 1 1 3762 3764 5525
7138 2 2 1 1 3683 3681 4460
7139 2 2 1 1 4081 4082 6724
7140 2 2 1 1 4283 4282 4284
7141 2 2 1 1 4238 4239 4240
7142 2 2 1 1 2938 2939 2940
7143 2 2 1 1 7025 1533 8689
7144 2 2 1 1 9001 1565 9451
7145 2 2 1 1 4178 4176 6847
7146 2 2 1 1 4175 4174 4176
7147 2 2 1 1 8288 7144 9647
7148 2 2 1 1 4572 4570 6496
7149 2 2 1 1 2248 2247 2249
7150 2 2 1 1 6727 5602 9358
7151 2 2 1 1 8480 1268 9771
7152 2 2 1 1 3098 5339 7320
7153 2 2 1 1 6951 6950 6961
7154 2 2 1 1 3976 3975 3977
7155 2 2 1 1 6898 6899 6901
7156 2 2 1 1 4287 4286 4288
7157 2 2 1 1 619 620 6518
7158 2 2 1 1 3030 3029 3031
7159 2 2 1 1 5032 5033 5034
7160 2 2 1 1 4577 4576 4578
7161 2 2 1 1 5036 5037 5038
7162 2 2 1 1 4575 4574 4576
7163 2 2 1 1 3943 3942 3944
7164 2 2 1 1 4314 4316 4317
7165 2 2 1 1 4316 4312 6284
7166 2 2 1 1 4196 4195 4197
7167 2 2 1 1 5314 3527 8728
7168 2 2 1 1 4522 4521 4523
7169 2 2 1 1 4521 6144 6966
7170 2 2 1 1 3329 3326 7044
7171 2 2 1 1 4884 4938 4939
7172 2 2 1 1 4344 4343 4345
7173 2 2 1 1 4165 4162 4166
7174 2 2 1 1 4418 4387 6250
7175 2 2 1 1 4747 4746 4748
7176 2 2 1 1 4051 4050 6841
7177 2 2 1 1 4693 4692 4694
7178 2 2 1 1 3902 3901 3903
7179 2 2 1 1 3851 3850 3852
7180 2 2 1 1 3018 3017 3019
7181 2 2 1 1 4298 3950 6203
7182 2 2 1 1 8155 1873 9706
7183 2 2 1 1 4346 4345 4347
7184 2 2 1 1 5489 6601 6669
7185 2 2 1 1 63 64 7428
7186 2 2 1 1 4194 3967 4195
7187 2 2 1 1 5849 1907 8080
7188 2 2 1 1 4438 4353 4439
7189 2 2 1 1 6496 4570 7000
7190 2 2 1 1 1512 1513 6726
7191 2 2 1 1 5374 5292 5375
7192 2 2 1 1 6049 7579 8947
7193 2 2 1 1 3900 3899 3901
7194 2 2 1 1 5385 5254 5386
7195 2 2 1 1 5257 5256 5258
7196 2 2 1 1 6730 9541 9711
7197 2 2 1 1 3881 3840 4444
7198 2 2 1 1 4243 4242 4244
7199 2 2 1 1 4309 4308 4310
7200 2 2 1 1 5498 6548 6570
7201 2 2 1 1 4977 4976 4978
7202 2 2 1 1 4420 4327 6300
7203 2 2 1 1 4523 4521 6966
7204 2 2 1 1 4639 4650 4651
7205 2 2 1 1 2250 2249 2251
7206 2 2 1 1 3857 3856 3858
7207 2 2 1 1 3677 3675 4463
7208 2 2 1 1 4352 4351 4353
7209 2 2 1 1 3842 4725 4726
7210 2 2 1 1 4698 4590 6254
7211 2 2 1 1 4579 4578 4580
7212 2 2 1 1 1376 1375 6789
7213 2 2 1 1 2942 2943 2944
7214 2 2 1 1 467 468 7426
7215 2 2 1 1 3034 3033 3035
7216 2 2 1 1 5490 5443 9702
7217 2 2 1 1 4691 4690 4692
7218 2 2 1 1 4184 8102 9536
7219 2 2 1 1 4951 4950 4952
7220 2 2 1 1 4247 4299 6151
7221 2 2 1 1 4299 4016 6344
7222 2 2 1 1 4442 4441 4443
7223 2 2 1 1 4407 4406 4408
7224 2 2 1 1 5259 5258 5260
7225 2 2 1 1 4608 4607 4609
7226 2 2 1 1 624 1891 6438
7227 2 2 1 1 3935 3934 3936
7228 2 2 1 1 4447 4183 4448
7229 2 2 1 1 7755 1961 7756
7230 2 2 1 1 4633 4699 6215
7231 2 2 1 1 4699 4631 6336
7232 2 2 1 1 3963 3962 7083
7233 2 2 1 1 4042 4041 4043
7234 2 2 1 1 1375 6607 6789
7235 2 2 1 1 3993 3992 3994
7236 2 2 1 1 4612 4611 4613
7237 2 2 1 1 4074 4207 4208
7238 2 2 1 1 4614 4613 4615
7239 2 2 1 1 5206 5205 5207
7240 2 2 1 1 2236 2235 2237
7241 2 2 1 1 1889 623 6438
7242 2 2 1 1 4429 4032 6448
7243 2 2 1 1 5251 5253 5255
7244 2 2 1 1 3939 3938 3940
7245 2 2 1 1 4862 3806 6436
7246 2 2 1 1 4031 4030 4032
7247 2 2 1 1 5595 5596 5597
7248 2 2 1 1 1498 1497 7642
7249 2 2 1 1 5298 5301 5302
7250 2 2 1 1 7466 5544 7467
7251 2 2 1 1 3760 4436 5909
7252 2 2 1 1 2113 7362 7363
7253 2 2 1 1 3032 3031 3033
7254 2 2 1 1 2943 5449 8997
7255 2 2 1 1 4029 4010 4030
7256 2 2 1 1 5351 5352 5353
7257 2 2 1 1 6989 4174 7018
7258 2 2 1 1 4731 4730 4732
7259 2 2 1 1 5592 6075 8571
7260 2 2 1 1 1880 4883 6608
7261 2 2 1 1 5079 5081 5083
7262 2 2 1 1 4171 4170 4172
7263 2 2 1 1 4068 4241 4242
7264 2 2 1 1 4324 4323 4325
7265 2 2 1 1 4259 4257 6861
7266 2 2 1 1 6340 6341 9791
7267 2 2 1 1 5952 5953 8898
7268 2 2 1 1 4869 4867 6975
7269 2 2 1 1 3981 4494 6204
7270 2 2 1 1 4494 3979 6478
7271 2 2 1 1 4571 4570 4572
7272 2 2 1 1 4847 4846 4848
7273 2 2 1 1 4684 4683 4685
7274 2 2 1 1 1221 1222 1848
7275 2 2 1 1 3969 3971 4422
7276 2 2 1 1 2252 2251 2253
7277 2 2 1 1 5009 5008 5010
7278 2 2 1 1 4501 3845 4502
7279 2 2 1 1 3825 4501 6773
7280 2 2 1 1 4678 4676 4679
7281 2 2 1 1 4145 4144 4146
7282 2 2 1 1 4010 4009 6996
7283 2 2 1 1 4374 4373 4375
7284 2 2 1 1 4267 4717 6249
7285 2 2 1 1 4717 4265 6476
7286 2 2 1 1 5019 5021 5022
7287 2 2 1 1 3245 3243 8072
7288 2 2 1 1 4217 4547 4548
7289 2 2 1 1 4547 4215 6381
7290 2 2 1 1 4498 4383 6331
7291 2 2 1 1 534 535 7420
7292 2 2 1 1 4237 4049 4238
7293 2 2 1 1 6326 5300 6327
7294 2 2 1 1 4285 4284 4286
7295 2 2 1 1 4769 4768 4770
7296 2 2 1 1 1403 1404 7530
7297 2 2 1 1 5766 7299 9464
7298 2 2 1 1 4465 3852 6605
7299 2 2 1 1 5331 4712 9538
7300 2 2 1 1 1849 6081 7556
7301 2 2 1 1 4292 4736 6244
7302 2 2 1 1 8106 4773 8868
7303 2 2 1 1 4024 4023 4025
7304 2 2 1 1 4700 4586 6333
7305 2 2 1 1 4198 4084 4199
7306 2 2 1 1 6532 8048 8682
7307 2 2 1 1 4974 6159 7055
7308 2 2 1 1 5422 4010 6996
7309 2 2 1 1 5613 8052 8443
7310 2 2 1 1 5244 5240 5245
7311 2 2 1 1 4868 4867 4869
7312 2 2 1 1 4054 4053 4055
7313 2 2 1 1 5056 5053 5057
7314 2 2 1 1 1429 7984 8180
7315 2 2 1 1 7212 7213 7214
7316 2 2 1 1 7989 7008 8437
7317 2 2 1 1 4713 4775 4776
7318 2 2 1 1 2777 7378 8594
7319 2 2 1 1 1486 1487 7895
7320 2 2 1 1 3712 3690 3897
7321 2 2 1 1 5958 7700 8737
7322 2 2 1 1 4873 4051 6841
7323 2 2 1 1 4856 4855 4857
7324 2 2 1 1 1326 1327 7541
7325 2 2 1 1 4177 4176 4178
7326 2 2 1 1 4151 4150 4152
7327 2 2 1 1 5495 3747 7290
7328 2 2 1 1 3773 3775 4895
7329 2 2 1 1 5768 4417 8012
7330 2 2 1 1 6473 7944 8274
7331 2 2 1 1 4157 4154 4158
7332 2 2 1 1 3478 6138 8682
7333 2 2 1 1 3830 6731 6732
7334 2 2 1 1 4616 4615 4617
7335 2 2 1 1 4682 4681 4683
7336 2 2 1 1 7215 7214 9668
7337 2 2 1 1 4048 4047 4049
7338 2 2 1 1 4401 4400 4402
7339 2 2 1 1 3719 3689 3750
7340 2 2 1 1 4338 4233 4935
7341 2 2 1 1 5184 5183 5185
7342 2 2 1 1 3020 3019 3021
7343 2 2 1 1 5198 5196 5199
7344 2 2 1 1 4758 4757 4759
7345 2 2 1 1 2932 2933 2934
7346 2 2 1 1 5299 6326 6864
7347 2 2 1 1 3864 3863 3865
7348 2 2 1 1 2097 7073 8328
7349 2 2 1 1 5220 5098 6612
7350 2 2 1 1 4348 4347 4349
7351 2 2 1 1 4135 4132 4136
7352 2 2 1 1 5406 2196 9600
7353 2 2 1 1 5257 5258 5259
7354 2 2 1 1 4874 3863 6770
7355 2 2 1 1 3865 4874 4875
7356 2 2 1 1 4075 3847 4724
7357 2 2 1 1 4342 4182 4343
7358 2 2 1 1 4169 4168 4170
7359 2 2 1 1 3442 7721 8272
7360 2 2 1 1 3690 3811 4509
7361 2 2 1 1 5304 5303 5305
7362 2 2 1 1 4526 4525 4527
7363 2 2 1 1 3944 4998 6334
7364 2 2 1 1 4998 3942 6567
7365 2 2 1 1 6847 4176 6989
7366 2 2 1 1 4025 4741 4742
7367 2 2 1 1 4179 4178 4180
7368 2 2 1 1 4854 4850 4855
7369 2 2 1 1 6571 4282 7145
7370 2 2 1 1 3995 3994 3996
7371 2 2 1 1 5289 5291 5293
7372 2 2 1 1 4472 4471 4473
7373 2 2 1 1 1486 7895 8009
7374 2 2 1 1 2240 2239 2241
7375 2 2 1 1 341 342 7403
7376 2 2 1 1 1894 5622 9340
7377 2 2 1 1 7936 6835 9234
7378 2 2 1 1 4452 4208 4453
7379 2 2 1 1 1128 1129 7418
7380 2 2 1 1 4888 3901 6573
7381 2 2 1 1 4376 4375 4377
7382 2 2 1 1 4933 4197 6487
7383 2 2 1 1 634 635 6608
7384 2 2 1 1 4412 4737 4738
7385 2 2 1 1 4368 4367 4369
7386 2 2 1 1 6161 6738 8022
7387 2 2 1 1 3738 3516 7454
7388 2 2 1 1 3826 3818 3827
7389 2 2 1 1 4771 4308 6517
7390 2 2 1 1 5002 4323 6552
7391 2 2 1 1 2238 2237 2239
7392 2 2 1 1 5269 5267 7231
7393 2 2 1 1 4258 4257 4259
7394 2 2 1 1 4920 5391 5392
7395 2 2 1 1 5391 4918 6508
7396 2 2 1 1 3022 3021 3023
7397 2 2 1 1 4176 4174 6989
7398 2 2 1 1 4948 4950 4951
7399 2 2 1 1 6420 6419 6421
7400 2 2 1 1 5384 4286 6550
7401 2 2 1 1 4288 5384 6396
7402 2 2 1 1 879 880 7412
7403 2 2 1 1 3964 3963 3965
7404 2 2 1 1 2875 2873 2876
7405 2 2 1 1 4159 4158 4160
7406 2 2 1 1 1008 1009 7406
7407 2 2 1 1 5367 4720 5368
7408 2 2 1 1 5282 5526 6852
7409 2 2 1 1 5022 5465 6652
7410 2 2 1 1 5465 5024 6578
7411 2 2 1 1 5074 5076 5077
7412 2 2 1 1 5529 4746 6617
7413 2 2 1 1 4748 5529 6549
7414 2 2 1 1 4339 3861 4893
7415 2 2 1 1 5243 5373 5458
7416 2 2 1 1 3010 3009 3011
7417 2 2 1 1 7501 7502 8921
7418 2 2 1 1 4403 4402 4404
7419 2 2 1 1 2930 2931 2932
7420 2 2 1 1 5070 5071 5072
7421 2 2 1 1 5507 5028 6572
7422 2 2 1 1 5193 5192 5194
7423 2 2 1 1 4686 4685 4687
7424 2 2 1 1 4839 4838 4840
7425 2 2 1 1 4981 4980 4982
7426 2 2 1 1 3309 5388 9440
7427 2 2 1 1 5401 4261 6395
7428 2 2 1 1 5432 4754 6525
7429 2 2 1 1 3680 3678 4449
7430 2 2 1 1 4955 4954 4956
7431 2 2 1 1 4565 4564 4566
7432 2 2 1 1 5197 3550 9555
7433 2 2 1 1 4712 5331 9726
7434 2 2 1 1 4198 4199 6851
7435 2 2 1 1 2242 2241 2243
7436 2 2 1 1 4573 4572 4574
7437 2 2 1 1 4469 4471 4472
7438 2 2 1 1 4199 4219 6851
7439 2 2 1 1 5872 3677 6649
7440 2 2 1 1 4167 4166 4168
7441 2 2 1 1 4260 4259 4261
7442 2 2 1 1 4377 5425 6516
7443 2 2 1 1 4117 4116 4118
7444 2 2 1 1 2481 2844 7229
7445 2 2 1 1 4219 4201 4220
7446 2 2 1 1 5628 1885 7489
7447 2 2 1 1 4320 4319 4321
7448 2 2 1 1 2936 2937 2938
7449 2 2 1 1 4141 4140 4142
7450 2 2 1 1 4356 4061 4357
7451 2 2 1 1 3871 3870 4245
7452 2 2 1 1 4200 6211 7580
7453 2 2 1 1 1365 1364 9622
7454 2 2 1 1 4829 4828 4830
7455 2 2 1 1 4107 4106 4108
7456 2 2 1 1 3828 3816 3829
7457 2 2 1 1 1359 7493 8008
7458 2 2 1 1 3677 4463 6649
7459 2 2 1 1 4173 4172 4174
7460 2 2 1 1 4671 4670 4672
7461 2 2 1 1 1219 1220 1900
7462 2 2 1 1 4953 4952 4954
7463 2 2 1 1 4123 4122 4124
7464 2 2 1 1 3937 3936 3938
7465 2 2 1 1 4174 4172 7018
7466 2 2 1 1 5200 5199 5201
7467 2 2 1 1 3024 3023 3025
7468 2 2 1 1 2228 2227 2229
7469 2 2 1 1 2830 2443 7284
7470 2 2 1 1 4864 4857 4865
7471 2 2 1 1 4372 4371 4373
7472 2 2 1 1 4474 4473 4475
7473 2 2 1 1 3547 2885 7068
7474 2 2 1 1 5401 1340 9612
7475 2 2 1 1 6144 4519 6664
7476 2 2 1 1 648 649 7395
7477 2 2 1 1 4610 4609 4611
7478 2 2 1 1 4127 4126 4128
7479 2 2 1 1 4493 5408 5409
7480 2 2 1 1 6618 4371 7096
7481 2 2 1 1 5173 5171 5174
7482 2 2 1 1 6068 1720 7043
7483 2 2 1 1 5400 2469 9373
7484 2 2 1 1 5283 5281 5285
7485 2 2 1 1 6786 2709 8499
7486 2 2 1 1 4322 4321 4323
7487 2 2 1 1 4835 4834 4836
7488 2 2 1 1 4570 4568 7000
7489 2 2 1 1 4307 4306 4308
7490 2 2 1 1 3974 3973 3975
7491 2 2 1 1 4022 4021 4023
7492 2 2 1 1 5268 5266 5270
7493 2 2 1 1 3895 4728 5001
7494 2 2 1 1 4953 4954 4955
7495 2 2 1 1 4139 4138 4140
7496 2 2 1 1 4680 4679 4681
7497 2 2 1 1 4279 4278 4280
7498 2 2 1 1 5511 3992 6778
7499 2 2 1 1 4147 4146 4148
7500 2 2 1 1 5227 5225 5229
7501 2 2 1 1 3876 3807 4427
7502 2 2 1 1 7108 1837 9347
7503 2 2 1 1 4849 4848 4850
7504 2 2 1 1 6193 4611 6627
7505 2 2 1 1 4149 4148 4150
7506 2 2 1 1 4161 4160 4162
7507 2 2 1 1 4979 4980 4981
7508 2 2 1 1 4524 4525 4526
7509 2 2 1 1 5347 3919 6349
7510 2 2 1 1 4841 4840 4842
7511 2 2 1 1 1895 5563 9339
7512 2 2 1 1 1223 1224 6569
7513 2 2 1 1 5422 1481 9638
7514 2 2 1 1 4609 4607 6998
7515 2 2 1 1 215 216 7385
7516 2 2 1 1 5204 5201 5205
7517 2 2 1 1 5096 5093 5097
7518 2 2 1 1 4895 3775 6826
7519 2 2 1 1 4569 4568 4570
7520 2 2 1 1 4436 3809 6991
7521 2 2 1 1 4975 4976 4977
7522 2 2 1 1 5304 5305 6858
7523 2 2 1 1 5718 6190 8860
7524 2 2 1 1 5095 5108 5109
7525 2 2 1 1 2144 621 6489
7526 2 2 1 1 4256 4255 4257
7527 2 2 1 1 4514 3886 8886
7528 2 2 1 1 4153 4152 4154
7529 2 2 1 1 3012 3011 3013
7530 2 2 1 1 5066 5063 5067
7531 2 2 1 1 4931 3932 4932
7532 2 2 1 1 4673 4672 4674
7533 2 2 1 1 4979 4978 4980
7534 2 2 1 1 5046 5044 5048
7535 2 2 1 1 4129 4128 4130
7536 2 2 1 1 4019 3891 5483
7537 2 2 1 1 4667 4666 4668
7538 2 2 1 1 5215 5213 5217
7539 2 2 1 1 5191 5187 5192
7540 2 2 1 1 3741 4098 4099
7541 2 2 1 1 1365 9622 9674
7542 2 2 1 1 5180 5179 5181
7543 2 2 1 1 4472 4473 4474
7544 2 2 1 1 4639 4651 4652
7545 2 2 1 1 6093 6346 9515
7546 2 2 1 1 622 1889 6489
7547 2 2 1 1 5259 5260 5261
7548 2 2 1 1 5531 7341 7638
7549 2 2 1 1 4113 4112 4114
7550 2 2 1 1 4528 4527 4529
7551 2 2 1 1 3777 3779 4904
7552 2 2 1 1 5256 5253 7040
7553 2 2 1 1 4732 4730 4733
7554 2 2 1 1 5178 5176 5179
7555 2 2 1 1 4105 4106 4107
7556 2 2 1 1 2924 2925 2926
7557 2 2 1 1 4567 4566 4568
7558 2 2 1 1 2232 2231 2233
7559 2 2 1 1 4845 4842 4846
7560 2 2 1 1 5009 5010 5011
7561 2 2 1 1 4365 4367 4368
7562 2 2 1 1 4217 4548 4549
7563 2 2 1 1 3472 2948 6065
7564 2 2 1 1 8285 6941 8286
7565 2 2 1 1 4827 4828 4829
7566 2 2 1 1 4770 4768 6826
7567 2 2 1 1 4530 4529 4531
7568 2 2 1 1 4859 5909 7739
7569 2 2 1 1 5245 5240 5246
7570 2 2 1 1 5042 5043 9743
7571 2 2 1 1 4713 4776 4777
7572 2 2 1 1 5170 5171 5173
7573 2 2 1 1 5166 5165 5167
7574 2 2 1 1 4661 4660 4662
7575 2 2 1 1 4759 4757 4760
7576 2 2 1 1 5477 7082 7815
7577 2 2 1 1 4675 4674 4676
7578 2 2 1 1 3014 3013 3015
7579 2 2 1 1 5186 5185 5187
7580 2 2 1 1 4474 4475 4476
7581 2 2 1 1 4453 4208 4454
7582 2 2 1 1 2230 2229 2231
7583 2 2 1 1 4412 4738 4739
7584 2 2 1 1 5072 5073 5074
7585 2 2 1 1 4137 4136 4138
7586 2 2 1 1 4528 4529 4530
7587 2 2 1 1 6005 6584 7344
7588 2 2 1 1 5368 4720 6859
7589 2 2 1 1 5504 4500 6616
7590 2 2 1 1 4339 4893 5487
7591 2 2 1 1 5990 7104 9368
7592 2 2 1 1 4981 4982 4983
7593 2 2 1 1 5195 5194 5196
7594 2 2 1 1 4955 4956 4957
7595 2 2 1 1 4476 4475 4477
7596 2 2 1 1 4111 4112 4113
7597 2 2 1 1 4281 4280 4282
7598 2 2 1 1 65 66 8073
7599 2 2 1 1 4052 4051 4053
7600 2 2 1 1 4101 4100 4102
7601 2 2 1 1 5284 6852 6853
7602 2 2 1 1 3648 3839 4431
7603 2 2 1 1 3570 2899 7093
7604 2 2 1 1 3002 3001 3003
7605 2 2 1 1 2928 2929 2930
7606 2 2 1 1 7969 8645 9675
7607 2 2 1 1 6362 6357 8746
7608 2 2 1 1 1550 4996 9648
7609 2 2 1 1 4370 4369 4371
7610 2 2 1 1 4143 4142 4144
7611 2 2 1 1 2160 2161 2162
7612 2 2 1 1 4315 4311 7232
7613 2 2 1 1 4115 4116 4117
7614 2 2 1 1 4121 4122 4123
7615 2 2 1 1 5156 5155 5157
7616 2 2 1 1 5164 5165 5166
7617 2 2 1 1 4658 4660 4661
7618 2 2 1 1 4099 4100 4101
7619 2 2 1 1 5109 5108 5110
7620 2 2 1 1 4522 4523 4524
7621 2 2 1 1 4119 4118 4120
7622 2 2 1 1 4818 4817 4819
7623 2 2 1 1 5066 5067 5068
7624 2 2 1 1 4099 4098 4100
7625 2 2 1 1 4111 4110 4112
7626 2 2 1 1 4217 4549 6658
7627 2 2 1 1 4652 4651 4653
7628 2 2 1 1 3686 3684 4735
7629 2 2 1 1 4732 4733 4734
7630 2 2 1 1 7160 8055 8568
7631 2 2 1 1 5011 5010 5012
7632 2 2 1 1 4549 4548 4550
7633 2 2 1 1 4665 4666 4667
7634 2 2 1 1 4530 4531 4532
7635 2 2 1 1 5245 5246 5247
7636 2 2 1 1 4777 4776 4778
7637 2 2 1 1 5166 5167 5168
7638 2 2 1 1 4661 4662 4663
7639 2 2 1 1 4759 4760 4761
7640 2 2 1 1 4526 4527 4528
7641 2 2 1 1 5162 5161 5163
7642 2 2 1 1 4453 4454 5418
7643 2 2 1 1 4739 4738 4740
7644 2 2 1 1 4833 4832 4834
7645 2 2 1 1 5154 5155 5156
7646 2 2 1 1 9374 1573 9579
7647 2 2 1 1 4983 4982 4985
7648 2 2 1 1 4957 4956 4958
7649 2 2 1 1 4476 4477 4478
7650 2 2 1 1 5300 5490 9702
7651 2 2 1 1 4816 4817 4818
7652 2 2 1 1 4101 4102 4103
7653 2 2 1 1 4121 4120 4122
7654 2 2 1 1 5156 5157 5158
7655 2 2 1 1 8337 1290 8551
7656 2 2 1 1 4131 4130 4132
7657 2 2 1 1 5160 5161 5162
7658 2 2 1 1 5109 5110 5111
7659 2 2 1 1 4818 4819 4820
7660 2 2 1 1 4652 4653 4654
7661 2 2 1 1 5011 5012 5013
7662 2 2 1 1 4549 4550 4551
7663 2 2 1 1 4532 4531 4533
7664 2 2 1 1 5247 5246 5248
7665 2 2 1 1 4777 4778 4779
7666 2 2 1 1 5168 5167 5169
7667 2 2 1 1 4663 4662 4664
7668 2 2 1 1 4761 4760 4762
7669 2 2 1 1 4739 4740 5378
7670 2 2 1 1 4983 4985 4986
7671 2 2 1 1 4957 4958 4959
7672 2 2 1 1 4478 4477 4479
7673 2 2 1 1 4103 4102 4104
7674 2 2 1 1 5158 5157 5159
7675 2 2 1 1 5111 5110 5112
7676 2 2 1 1 4820 4819 4821
7677 2 2 1 1 4654 4653 4655
7678 2 2 1 1 5013 5012 5014
7679 2 2 1 1 4551 4550 4552
7680 2 2 1 1 4532 4533 4534
7681 2 2 1 1 5247 5248 5274
7682 2 2 1 1 4779 4778 4781
7683 2 2 1 1 4761 4762 4763
7684 2 2 1 1 4986 4985 4988
7685 2 2 1 1 4959 4958 4962
7686 2 2 1 1 4478 4479 4480
7687 2 2 1 1 5111 5112 5113
7688 2 2 1 1 4820 4821 4822
7689 2 2 1 1 4654 4655 4656
7690 2 2 1 1 5013 5014 5016
7691 2 2 1 1 4551 4552 4553
7692 2 2 1 1 4534 4533 4535
7693 2 2 1 1 5274 5248 5275
7694 2 2 1 1 4779 4781 4782
7695 2 2 1 1 4072 4073 4074
7696 2 2 1 1 4986 4988 4989
7697 2 2 1 1 4959 4962 4963
7698 2 2 1 1 4480 4479 4482
7699 2 2 1 1 5113 5112 5114
7700 2 2 1 1 4822 4821 4823
7701 2 2 1 1 4656 4655 4657
7702 2 2 1 1 5016 5014 5017
7703 2 2 1 1 4553 4552 4554
7704 2 2 1 1 4534 4535 4536
7705 2 2 1 1 5274 5275 5365
7706 2 2 1 1 4782 4781 4783
7707 2 2 1 1 4989 4988 4990
7708 2 2 1 1 4963 4962 4964
7709 2 2 1 1 4480 4482 4483
7710 2 2 1 1 5113 5114 5115
7711 2 2 1 1 4822 4823 4825
7712 2 2 1 1 5016 5017 5018
7713 2 2 1 1 4553 4554 4555
7714 2 2 1 1 4536 4535 4905
7715 2 2 1 1 4782 4783 4784
7716 2 2 1 1 4989 4990 4991
7717 2 2 1 1 4963 4964 4965
7718 2 2 1 1 4483 4482 4484
7719 2 2 1 1 5115 5114 5116
7720 2 2 1 1 4825 4823 4826
7721 2 2 1 1 5018 5017 5019
7722 2 2 1 1 4555 4554 4556
7723 2 2 1 1 4536 4905 4906
7724 2 2 1 1 4784 4783 4785
7725 2 2 1 1 4991 4990 4996
7726 2 2 1 1 4483 4484 4485
7727 2 2 1 1 5115 5116 5117
7728 2 2 1 1 4555 4556 4557
7729 2 2 1 1 4906 4905 5447
7730 2 2 1 1 4784 4785 4786
7731 2 2 1 1 4991 4996 4997
7732 2 2 1 1 4485 4484 4515
7733 2 2 1 1 5117 5116 5118
7734 2 2 1 1 4557 4556 4558
7735 2 2 1 1 4786 4785 4788
7736 2 2 1 1 4485 4515 4516
7737 2 2 1 1 5117 5118 5119
7738 2 2 1 1 4557 4558 4559
7739 2 2 1 1 4786 4788 4789
7740 2 2 1 1 5119 5118 5120
7741 2 2 1 1 4559 4558 4560
7742 2 2 1 1 4789 4788 4790
7743 2 2 1 1 5119 5120 5121
7744 2 2 1 1 4559 4560 4561
7745 2 2 1 1 4789 4790 4791
7746 2 2 1 1 5121 5120 5122
7747 2 2 1 1 4561 4560 4562
7748 2 2 1 1 4791 4790 4792
7749 2 2 1 1 5121 5122 5123
7750 2 2 1 1 4791 4792 4793
7751 2 2 1 1 5123 5122 5124
7752 2 2 1 1 4793 4792 4795
7753 2 2 1 1 5127 5126 5128
7754 2 2 1 1 5142 5141 5143
7755 2 2 1 1 5138 5137 5139
7756 2 2 1 1 5146 5147 5148
7757 2 2 1 1 5136 5137 5138
7758 2 2 1 1 5140 5141 5142
7759 2 2 1 1 4793 4795 4796
7760 2 2 1 1 5152 5151 5153
7761 2 2 1 1 4796 4797 4798
7762 2 2 1 1 5136 5135 5137
7763 2 2 1 1 4798 4799 4800
7764 2 2 1 1 5150 5149 5151
7765 2 2 1 1 4806 4807 4808
7766 2 2 1 1 5123 5124 5125
7767 2 2 1 1 5142 5143 5144
7768 2 2 1 1 4808 4809 4810
7769 2 2 1 1 5129 5131 5132
7770 2 2 1 1 4800 4801 4802
7771 2 2 1 1 4800 4799 4801
7772 2 2 1 1 4814 4813 4815
7773 2 2 1 1 5132 5133 5134
7774 2 2 1 1 4806 4805 4807
7775 2 2 1 1 4810 4809 4811
7776 2 2 1 1 4812 4813 4814
7777 2 2 1 1 4796 4795 4797
7778 2 2 1 1 5134 5133 5135
7779 2 2 1 1 4812 4811 4813
7780 2 2 1 1 4802 4803 4804
7781 2 2 1 1 5144 5143 5145
7782 2 2 1 1 4804 4805 4806
7783 2 2 1 1 4808 4807 4809
7784 2 2 1 1 4802 4801 4803
7785 2 2 1 1 4798 4797 4799
7786 2 2 1 1 5148 5149 5150
7787 2 2 1 1 4804 4803 4805
7788 2 2 1 1 5129 5128 5131
7789 2 2 1 1 5140 5139 5141
7790 2 2 1 1 5150 5151 5152
7791 2 2 1 1 5125 5126 5127
7792 2 2 1 1 4810 4811 4812
7793 2 2 1 1 5132 5131 5133
7794 2 2 1 1 5134 5135 5136
7795 2 2 1 1 5125 5124 5126
7796 2 2 1 1 5144 5145 5146
7797 2 2 1 1 5148 5147 5149
7798 2 2 1 1 5146 5145 5147
7799 2 2 1 1 5127 5128 5129
7800 2 2 1 1 5138 5139 5140
7801 2 2 1 1 4605 4607 4608
7802 2 2 1 1 5182 5183 5184
7803 2 2 1 1 4131 4132 4135
7804 2 2 1 1 1904 5675 9314
7805 2 2 1 1 408 409 1808
7806 2 2 1 1 516 517 7593
7807 2 2 1 1 367 368 1843
7808 2 2 1 1 481 482 1825
7809 2 2 1 1 493 494 1950
7810 2 2 1 1 513 514 2002
7811 2 2 1 1 557 558 1971
7812 2 2 1 1 580 581 1831
7813 2 2 1 1 373 374 1952
7814 2 2 1 1 379 380 1821
7815 2 2 1 1 402 403 2140
7816 2 2 1 1 414 415 1959
7817 2 2 1 1 420 421 1812
7818 2 2 1 1 455 456 7591
7819 2 2 1 1 458 459 1792
7820 2 2 1 1 464 465 1986
7821 2 2 1 1 478 479 1849
7822 2 2 1 1 490 491 7647
7823 2 2 1 1 499 500 1762
7824 2 2 1 1 519 520 1757
7825 2 2 1 1 525 526 1997
7826 2 2 1 1 548 549 7544
7827 2 2 1 1 370 371 7564
7828 2 2 1 1 531 532 1754
7829 2 2 1 1 551 552 1749
7830 2 2 1 1 411 412 7526
7831 2 2 1 1 545 546 2017
7832 2 2 1 1 583 584 7599
7833 2 2 1 1 586 587 1936
7834 2 2 1 1 361 362 2138
7835 2 2 1 1 320 321 1987
7836 2 2 1 1 311 312 7614
7837 2 2 1 1 314 315 1782
7838 2 2 1 1 332 333 1743
7839 2 2 1 1 352 353 1737
7840 2 2 1 1 317 318 7628
7841 2 2 1 1 338 339 1989
7842 2 2 1 1 329 330 7608
7843 2 2 1 1 364 365 8371
7844 2 2 1 1 326 327 8334
7845 2 2 1 1 118 119 1968
7846 2 2 1 1 121 122 7683
7847 2 2 1 1 124 125 1693
7848 2 2 1 1 141 142 7440
7849 2 2 1 1 162 163 7659
7850 2 2 1 1 115 116 7499
7851 2 2 1 1 130 131 2027
7852 2 2 1 1 144 145 1698
7853 2 2 1 1 147 148 8004
7854 2 2 1 1 165 166 1953
7855 2 2 1 1 171 172 1700
7856 2 2 1 1 185 186 1998
7857 2 2 1 1 54 55 1805
7858 2 2 1 1 48 49 2004
7859 2 2 1 1 51 52 7589
7860 2 2 1 1 153 154 1769
7861 2 2 1 1 60 61 1985
7862 2 2 1 1 13 14 7828
7863 2 2 1 1 16 17 7531
7864 2 2 1 1 19 20 1576
7865 2 2 1 1 25 26 8243
7866 2 2 1 1 28 29 2015
7867 2 2 1 1 31 32 7782
7868 2 2 1 1 80 81 7438
7869 2 2 1 1 34 35 1800
7870 2 2 1 1 86 87 7643
7871 2 2 1 1 89 90 1949
7872 2 2 1 1 83 84 1775
7873 2 2 1 1 95 96 1778
7874 2 2 1 1 156 157 8018
7875 2 2 1 1 238 239 1855
7876 2 2 1 1 206 207 1714
7877 2 2 1 1 212 213 1999
7878 2 2 1 1 226 227 1708
7879 2 2 1 1 247 248 1947
7880 2 2 1 1 253 254 1719
7881 2 2 1 1 267 268 2025
7882 2 2 1 1 288 289 1957
7883 2 2 1 1 232 233 2129
7884 2 2 1 1 241 242 1716
7885 2 2 1 1 191 192 1842
7886 2 2 1 1 285 286 7539
7887 2 2 1 1 294 295 1788
7888 2 2 1 1 197 198 8207
7889 2 2 1 1 159 160 8168
7890 2 2 1 1 487 488 8001
7891 2 2 1 1 358 359 7553
7892 2 2 1 1 194 195 8218
7893 2 2 1 1 200 201 8201
7894 2 2 1 1 188 189 7838
7895 2 2 1 1 229 230 7756
7896 2 2 1 1 276 277 8305
7897 2 2 1 1 235 236 7768
7898 2 2 1 1 244 245 8250
7899 2 2 1 1 405 406 7503
7900 2 2 1 1 484 485 7993
7901 2 2 1 1 355 356 8378
7902 2 2 1 1 203 204 8194
7903 2 2 1 1 323 324 8332
7904 2 2 1 1 279 280 8308
7905 2 2 1 1 282 283 8298
7906 2 2 1 1 528 529 7684
7907 2 2 1 1 2220 2219 2221
7908 2 2 1 1 5160 5159 5161
7909 2 2 1 1 5178 5179 5180
7910 2 2 1 1 4109 4108 4110
7911 2 2 1 1 399 400 8414
7912 2 2 1 1 4837 4836 4838
7913 2 2 1 1 4816 4815 4817
7914 2 2 1 1 3899 3898 7090
7915 2 2 1 1 4833 4834 4835
7916 2 2 1 1 5154 5153 5155
7917 2 2 1 1 4831 4830 4832
7918 2 2 1 1 4125 4124 4126
7919 2 2 1 1 1529 1530 4912
7920 2 2 1 1 1510 1509 5501
7921 2 2 1 1 1517 1518 5685
7922 2 2 1 1 1540 1539 4995
7923 2 2 1 1 1551 1550 6842
7924 2 2 1 1 1561 1560 6247
7925 2 2 1 1 1519 1520 6171
7926 2 2 1 1 1563 1562 6172
7927 2 2 1 1 1303 1304 6221
7928 2 2 1 1 1282 1283 6145
7929 2 2 1 1 1272 1271 6993
7930 2 2 1 1 1300 1299 6437
7931 2 2 1 1 1375 1374 6607
7932 2 2 1 1 1511 1510 6924
7933 2 2 1 1 6190 2674 7885
7934 2 2 1 1 5102 5101 5103
7935 2 2 1 1 3931 7535 9253
7936 2 2 1 1 8100 8099 8107
7937 2 2 1 1 3565 2909 7065
7938 2 2 1 1 5158 5159 5160
7939 2 2 1 1 4191 3636 4421
7940 2 2 1 1 5164 5163 5165
7941 2 2 1 1 9075 5330 9283
7942 2 2 1 1 4658 4657 4660
7943 2 2 1 1 7772 7527 7773
7944 2 2 1 1 396 397 8417
7945 2 2 1 1 741 742 8097
7946 2 2 1 1 984 985 8220
7947 2 2 1 1 1031 1032 8293
7948 2 2 1 1 1037 1038 1641
7949 2 2 1 1 1069 1070 1856
7950 2 2 1 1 1019 1020 2018
7951 2 2 1 1 1043 1044 1951
7952 2 2 1 1 1049 1050 1637
7953 2 2 1 1 1063 1064 2135
7954 2 2 1 1 1072 1073 1635
7955 2 2 1 1 1081 1082 7582
7956 2 2 1 1 1113 1114 1850
7957 2 2 1 1 1119 1120 2071
7958 2 2 1 1 1125 1126 1580
7959 2 2 1 1 1157 1158 1588
7960 2 2 1 1 1174 1175 7478
7961 2 2 1 1 1183 1184 1956
7962 2 2 1 1 1212 1213 1854
7963 2 2 1 1 999 1000 1941
7964 2 2 1 1 1005 1006 1729
7965 2 2 1 1 1078 1079 1982
7966 2 2 1 1 1084 1085 1630
7967 2 2 1 1 1107 1108 7511
7968 2 2 1 1 1139 1140 2020
7969 2 2 1 1 1145 1146 1585
7970 2 2 1 1 1177 1178 1593
7971 2 2 1 1 1040 1041 7653
7972 2 2 1 1 1090 1091 1979
7973 2 2 1 1 1110 1111 1827
7974 2 2 1 1 1142 1143 7542
7975 2 2 1 1 1180 1181 7670
7976 2 2 1 1 1189 1190 1596
7977 2 2 1 1 1209 1210 1853
7978 2 2 1 1 1215 1216 7696
7979 2 2 1 1 1160 1161 7605
7980 2 2 1 1 1151 1152 1970
7981 2 2 1 1 996 997 8203
7982 2 2 1 1 1116 1117 8101
7983 2 2 1 1 1075 1076 7600
7984 2 2 1 1 1154 1155 8352
7985 2 2 1 1 779 780 7603
7986 2 2 1 1 1066 1067 7594
7987 2 2 1 1 1034 1035 8285
7988 2 2 1 1 934 935 1665
7989 2 2 1 1 958 959 1674
7990 2 2 1 1 952 953 2083
7991 2 2 1 1 940 941 2085
7992 2 2 1 1 964 965 2019
7993 2 2 1 1 978 979 1679
7994 2 2 1 1 990 991 2119
7995 2 2 1 1 937 938 7577
7996 2 2 1 1 1028 1029 8291
7997 2 2 1 1 943 944 8140
7998 2 2 1 1 981 982 7871
7999 2 2 1 1 993 994 8210
8000 2 2 1 1 987 988 7881
8001 2 2 1 1 861 862 8209
8002 2 2 1 1 876 877 1993
8003 2 2 1 1 914 915 1672
8004 2 2 1 1 920 921 2009
8005 2 2 1 1 645 646 1735
8006 2 2 1 1 668 669 1978
8007 2 2 1 1 671 672 7658
8008 2 2 1 1 674 675 1615
8009 2 2 1 1 680 681 2012
8010 2 2 1 1 703 704 7585
8011 2 2 1 1 706 707 1623
8012 2 2 1 1 712 713 1980
8013 2 2 1 1 735 736 1685
8014 2 2 1 1 744 745 1644
8015 2 2 1 1 764 765 1650
8016 2 2 1 1 767 768 7648
8017 2 2 1 1 776 777 1653
8018 2 2 1 1 782 783 1981
8019 2 2 1 1 791 792 1663
8020 2 2 1 1 808 809 7574
8021 2 2 1 1 811 812 1658
8022 2 2 1 1 832 833 1608
8023 2 2 1 1 849 850 7509
8024 2 2 1 1 873 874 7775
8025 2 2 1 1 890 891 7813
8026 2 2 1 1 902 903 2082
8027 2 2 1 1 905 906 8130
8028 2 2 1 1 761 762 7447
8029 2 2 1 1 858 859 2023
8030 2 2 1 1 864 865 1599
8031 2 2 1 1 893 894 7545
8032 2 2 1 1 826 827 2005
8033 2 2 1 1 694 695 1620
8034 2 2 1 1 700 701 1984
8035 2 2 1 1 817 818 2008
8036 2 2 1 1 639 640 1937
8037 2 2 1 1 665 666 7464
8038 2 2 1 1 729 730 1991
8039 2 2 1 1 732 733 7618
8040 2 2 1 1 770 771 1948
8041 2 2 1 1 805 806 2010
8042 2 2 1 1 852 853 1603
8043 2 2 1 1 855 856 7692
8044 2 2 1 1 896 897 1819
8045 2 2 1 1 788 789 8356
8046 2 2 1 1 946 947 8141
8047 2 2 1 1 820 821 8280
8048 2 2 1 1 823 824 8289
8049 2 2 1 1 955 956 8128
8050 2 2 1 1 899 900 8126
8051 2 2 1 1 867 868 8217
8052 2 2 1 1 870 871 8219
8053 2 2 1 1 908 909 8137
8054 2 2 1 1 785 786 7596
8055 2 2 1 1 738 739 8107
8056 2 2 1 1 697 698 8353
8057 2 2 1 1 911 912 8142
8058 2 2 1 1 949 950 8134
8059 2 2 1 1 829 830 7724
8060 2 2 1 1 3997 3999 8488
8061 2 2 1 1 1510 5501 6924
8062 2 2 1 1 3639 5493 8718
8063 2 2 1 1 2880 2881 2882
8064 2 2 1 1 4040 4039 4041
8065 2 2 1 1 4107 4108 4109
8066 2 2 1 1 3737 3934 3935
8067 2 2 1 1 5175 5174 5176
8068 2 2 1 1 4117 4118 4119
8069 2 2 1 1 4507 4505 7272
8070 2 2 1 1 4814 4815 4816
8071 2 2 1 1 4665 4664 4666
8072 2 2 1 1 1485 8009 8054
8073 2 2 1 1 6741 5592 8834
8074 2 2 1 1 1709 5759 9294
8075 2 2 1 1 6535 5102 7273
8076 2 2 1 1 6469 7146 8161
8077 2 2 1 1 1402 7543 7570
8078 2 2 1 1 5182 5181 5183
8079 2 2 1 1 1846 5780 5781
8080 2 2 1 1 4127 4128 4129
8081 2 2 1 1 393 394 1816
8082 2 2 1 1 5152 5153 5154
8083 2 2 1 1 7636 6060 8607
8084 2 2 1 1 4254 4253 4255
8085 2 2 1 1 7018 4172 7054
8086 2 2 1 1 726 727 7417
8087 2 2 1 1 6975 4867 7098
8088 2 2 1 1 1402 1403 7543
8089 2 2 1 1 5442 5440 5444
8090 2 2 1 1 5255 5256 5257
8091 2 2 1 1 4044 4043 4045
8092 2 2 1 1 4669 4668 4670
8093 2 2 1 1 5170 5169 5171
8094 2 2 1 1 7923 7922 7924
8095 2 2 1 1 6513 6515 7470
8096 2 2 1 1 6474 6465 8608
8097 2 2 1 1 794 795 7367
8098 2 2 1 1 5068 5069 5070
8099 2 2 1 1 750 751 2030
8100 2 2 1 1 1104 1105 7915
8101 2 2 1 1 1485 1486 8009
8102 2 2 1 1 4829 4830 4831
8103 2 2 1 1 923 924 7365
8104 2 2 1 1 4976 4974 7055
8105 2 2 1 1 3004 3003 3005
8106 2 2 1 1 4139 4140 4141
8107 2 2 1 1 975 976 7410
8108 2 2 1 1 4105 4104 4106
8109 2 2 1 1 37 38 7356
8110 2 2 1 1 1052 1053 7362
8111 2 2 1 1 846 847 2031
8112 2 2 1 1 4827 4826 4828
8113 2 2 1 1 4951 4952 4953
8114 2 2 1 1 5191 5192 5193
8115 2 2 1 1 6465 6467 8608
8116 2 2 1 1 4115 4114 4116
8117 2 2 1 1 9437 4276 9662
8118 2 2 1 1 7181 2808 7382
8119 2 2 1 1 1695 7288 7289
8120 2 2 1 1 2918 2919 2920
8121 2 2 1 1 4066 6251 7056
8122 2 2 1 1 1222 1223 6613
8123 2 2 1 1 4125 4126 4127
8124 2 2 1 1 4066 4067 4068
8125 2 2 1 1 98 99 7355
8126 2 2 1 1 3712 4909 8192
8127 2 2 1 1 5302 5303 5304
8128 2 2 1 1 5524 3767 7323
8129 2 2 1 1 8373 1525 9630
8130 2 2 1 1 2150 619 6518
8131 2 2 1 1 4143 4144 4145
8132 2 2 1 1 5973 4062 7736
8133 2 2 1 1 4763 4764 4765
8134 2 2 1 1 5851 6049 8169
8135 2 2 1 1 609 610 2153
8136 2 2 1 1 4318 4317 4319
8137 2 2 1 1 7384 4932 9262
8138 2 2 1 1 5253 6725 7040
8139 2 2 1 1 3203 3499 7315
8140 2 2 1 1 1245 1246 1884
8141 2 2 1 1 1246 1247 6982
8142 2 2 1 1 1247 1248 2152
8143 2 2 1 1 1240 1241 1926
8144 2 2 1 1 1242 1243 1845
8145 2 2 1 1 1243 1244 6983
8146 2 2 1 1 1244 1245 6979
8147 2 2 1 1 1239 1240 6985
8148 2 2 1 1 1241 1242 6984
8149 2 2 1 1 1238 1239 1575
8150 2 2 1 1 1229 1230 2145
8151 2 2 1 1 1232 1233 6986
8152 2 2 1 1 1234 1235 1851
8153 2 2 1 1 1236 1237 1927
8154 2 2 1 1 1231 1232 1883
8155 2 2 1 1 1233 1234 6988
8156 2 2 1 1 1237 1238 6987
8157 2 2 1 1 6870 6878 7507
8158 2 2 1 1 4563 4562 4564
8159 2 2 1 1 4109 4110 4111
8160 2 2 1 1 4149 4150 4151
8161 2 2 1 1 6502 6500 8267
8162 2 2 1 1 4275 4278 4279
8163 2 2 1 1 2224 2223 2225
8164 2 2 1 1 615 616 2155
8165 2 2 1 1 5162 5163 5164
8166 2 2 1 1 5175 5176 5178
8167 2 2 1 1 4172 4170 7054
8168 2 2 1 1 2996 2995 2997
8169 2 2 1 1 502 503 7349
8170 2 2 1 1 4656 4657 4658
8171 2 2 1 1 4371 4369 7096
8172 2 2 1 1 5104 5103 5105
8173 2 2 1 1 683 684 7353
8174 2 2 1 1 3006 3005 3007
8175 2 2 1 1 4563 4564 4565
8176 2 2 1 1 5070 5069 5071
8177 2 2 1 1 1206 1207 1732
8178 2 2 1 1 182 183 7390
8179 2 2 1 1 2222 2221 2223
8180 2 2 1 1 7054 4170 7086
8181 2 2 1 1 4669 4670 4671
8182 2 2 1 1 4977 4978 4979
8183 2 2 1 1 3743 3745 6634
8184 2 2 1 1 3842 3785 4725
8185 2 2 1 1 4837 4838 4839
8186 2 2 1 1 7486 5557 7487
8187 2 2 1 1 5084 5082 8854
8188 2 2 1 1 4845 4846 4847
8189 2 2 1 1 620 2144 6518
8190 2 2 1 1 4973 4974 4975
8191 2 2 1 1 3843 4095 7070
8192 2 2 1 1 5527 3770 7336
8193 2 2 1 1 4900 4899 7280
8194 2 2 1 1 3454 3079 7178
8195 2 2 1 1 2916 2917 2918
8196 2 2 1 1 5624 6968 6970
8197 2 2 1 1 5173 5174 5175
8198 2 2 1 1 7117 5825 7230
8199 2 2 1 1 1295 8631 9752
8200 2 2 1 1 7738 3518 8112
8201 2 2 1 1 5184 5185 5186
8202 2 2 1 1 6873 6876 8418
8203 2 2 1 1 4877 4422 8265
8204 2 2 1 1 5204 5205 5206
8205 2 2 1 1 4161 4162 4165
8206 2 2 1 1 4839 4840 4841
8207 2 2 1 1 4065 4066 7056
8208 2 2 1 1 3572 3661 3662
8209 2 2 1 1 2922 2923 2924
8210 2 2 1 1 577 578 7383
8211 2 2 1 1 5195 5196 5198
8212 2 2 1 1 4398 4400 4401
8213 2 2 1 1 4671 4672 4673
8214 2 2 1 1 4199 4200 4201
8215 2 2 1 1 4663 4664 4665
8216 2 2 1 1 4675 4676 4678
8217 2 2 1 1 2214 2213 2215
8218 2 2 1 1 6315 6320 8367
8219 2 2 1 1 4145 4146 4147
8220 2 2 1 1 1366 1365 9674
8221 2 2 1 1 5320 5321 9813
8222 2 2 1 1 5198 5199 5200
8223 2 2 1 1 112 113 1689
8224 2 2 1 1 4157 4158 4159
8225 2 2 1 1 4082 4083 4084
8226 2 2 1 1 7148 1738 9105
8227 2 2 1 1 1906 5821 9286
8228 2 2 1 1 4504 3880 8848
8229 2 2 1 1 4135 4136 4137
8230 2 2 1 1 1666 5839 9285
8231 2 2 1 1 1884 1246 6982
8232 2 2 1 1 1244 6979 6983
8233 2 2 1 1 1247 2152 6982
8234 2 2 1 1 1845 1243 6983
8235 2 2 1 1 1926 1241 6984
8236 2 2 1 1 1245 1884 6979
8237 2 2 1 1 1242 1845 6984
8238 2 2 1 1 1240 1926 6985
8239 2 2 1 1 1575 1239 6985
8240 2 2 1 1 1238 1575 6987
8241 2 2 1 1 1883 1232 6986
8242 2 2 1 1 6986 1233 6988
8243 2 2 1 1 1234 1851 6988
8244 2 2 1 1 1927 1237 6987
8245 2 2 1 1 6057 6060 8237
8246 2 2 1 1 1430 1429 8180
8247 2 2 1 1 1647 7281 7282
8248 2 2 1 1 5372 6785 9243
8249 2 2 1 1 109 110 8434
8250 2 2 1 1 510 511 7374
8251 2 2 1 1 4137 4138 4139
8252 2 2 1 1 4943 4507 8426
8253 2 2 1 1 4170 4168 7086
8254 2 2 1 1 4169 4170 4171
8255 2 2 1 1 449 450 8437
8256 2 2 1 1 4153 4154 4157
8257 2 2 1 1 7269 8442 8466
8258 2 2 1 1 308 309 2042
8259 2 2 1 1 426 427 2043
8260 2 2 1 1 3700 4542 4544
8261 2 2 1 1 174 175 7335
8262 2 2 1 1 4831 4832 4833
8263 2 2 1 1 2906 2907 2908
8264 2 2 1 1 4056 4055 4057
8265 2 2 1 1 7247 6546 8898
8266 2 2 1 1 45 46 7372
8267 2 2 1 1 446 447 2141
8268 2 2 1 1 6589 8692 9141
8269 2 2 1 1 4119 4120 4121
8270 2 2 1 1 3459 7078 7797
8271 2 2 1 1 4969 4970 4971
8272 2 2 1 1 4123 4124 4125
8273 2 2 1 1 4220 4221 4222
8274 2 2 1 1 4226 4227 4228
8275 2 2 1 1 4251 4253 4254
8276 2 2 1 1 5168 5169 5170
8277 2 2 1 1 8580 5376 8749
8278 2 2 1 1 5321 3696 9813
8279 2 2 1 1 3091 3089 8318
8280 2 2 1 1 4854 4855 4856
8281 2 2 1 1 7127 7128 9799
8282 2 2 1 1 3836 3702 4719
8283 2 2 1 1 6990 6727 9358
8284 2 2 1 1 4518 4519 4520
8285 2 2 1 1 443 444 7434
8286 2 2 1 1 4173 4174 4175
8287 2 2 1 1 4565 4566 4567
8288 2 2 1 1 4179 4180 4181
8289 2 2 1 1 7086 4168 7100
8290 2 2 1 1 5293 5294 5317
8291 2 2 1 1 3674 3672 4500
8292 2 2 1 1 2235 2787 7131
8293 2 2 1 1 2910 2911 2912
8294 2 2 1 1 5238 5241 5242
8295 2 2 1 1 1163 1164 2050
8296 2 2 1 1 691 692 7370
8297 2 2 1 1 1817 5534 9346
8298 2 2 1 1 3989 3992 3993
8299 2 2 1 1 5186 5187 5191
8300 2 2 1 1 2216 2215 2217
8301 2 2 1 1 4103 4104 4105
8302 2 2 1 1 4205 3892 4206
8303 2 2 1 1 440 441 1765
8304 2 2 1 1 4825 4826 4827
8305 2 2 1 1 2998 2997 2999
8306 2 2 1 1 5518 1851 5670
8307 2 2 1 1 4867 4865 7098
8308 2 2 1 1 7178 4545 7551
8309 2 2 1 1 4864 4865 4866
8310 2 2 1 1 5392 8152 8759
8311 2 2 1 1 4971 4972 4973
8312 2 2 1 1 7043 7042 8834
8313 2 2 1 1 4113 4114 4115
8314 2 2 1 1 1401 1402 7570
8315 2 2 1 1 1401 7570 7621
8316 2 2 1 1 2783 9176 9774
8317 2 2 1 1 1192 1193 7326
8318 2 2 1 1 437 438 7422
8319 2 2 1 1 4569 4570 4571
8320 2 2 1 1 1060 1061 7366
8321 2 2 1 1 931 932 7364
8322 2 2 1 1 2990 2989 2991
8323 2 2 1 1 802 803 7361
8324 2 2 1 1 2914 2915 2916
8325 2 2 1 1 1366 9674 9716
8326 2 2 1 1 4425 3616 4755
8327 2 2 1 1 5098 5097 5099
8328 2 2 1 1 2208 2207 2209
8329 2 2 1 1 1292 1293 8907
8330 2 2 1 1 4175 4176 4177
8331 2 2 1 1 3693 4462 7516
8332 2 2 1 1 1220 1221 6633
8333 2 2 1 1 5767 6741 8834
8334 2 2 1 1 4667 4668 4669
8335 2 2 1 1 1376 6789 7095
8336 2 2 1 1 2155 6632 7103
8337 2 2 1 1 434 435 2143
8338 2 2 1 1 8362 7371 9504
8339 2 2 1 1 4920 5392 8759
8340 2 2 1 1 4682 4683 4684
8341 2 2 1 1 300 301 2057
8342 2 2 1 1 4456 7294 8899
8343 2 2 1 1 4165 4166 4167
8344 2 2 1 1 5034 5033 5035
8345 2 2 1 1 4348 4349 4350
8346 2 2 1 1 7271 7600 7601
8347 2 2 1 1 4835 4836 4837
8348 2 2 1 1 1171 1172 2059
8349 2 2 1 1 6025 6023 6026
8350 2 2 1 1 2848 8364 9580
8351 2 2 1 1 4344 4345 4346
8352 2 2 1 1 4763 4762 4764
8353 2 2 1 1 4849 4850 4854
8354 2 2 1 1 563 564 1745
8355 2 2 1 1 2960 8037 9693
8356 2 2 1 1 6341 1975 8865
8357 2 2 1 1 4520 4521 4522
8358 2 2 1 1 4147 4148 4149
8359 2 2 1 1 4368 4369 4370
8360 2 2 1 1 4847 4848 4849
8361 2 2 1 1 2908 2909 2910
8362 2 2 1 1 3603 3669 3801
8363 2 2 1 1 1400 7621 7637
8364 2 2 1 1 5355 5356 5357
8365 2 2 1 1 3734 3814 8792
8366 2 2 1 1 4167 4168 4169
8367 2 2 1 1 7098 4865 7225
8368 2 2 1 1 5206 5207 5208
8369 2 2 1 1 4151 4152 4153
8370 2 2 1 1 5445 3420 8969
8371 2 2 1 1 4168 4166 7100
8372 2 2 1 1 4209 8767 9006
8373 2 2 1 1 4444 6188 7909
8374 2 2 1 1 4129 4130 4131
8375 2 2 1 1 7529 5973 7736
8376 2 2 1 1 1527 1526 7358
8377 2 2 1 1 4314 4317 4318
8378 2 2 1 1 8885 3882 9481
8379 2 2 1 1 4686 4687 4689
8380 2 2 1 1 3396 7032 8236
8381 2 2 1 1 3739 5923 8111
8382 2 2 1 1 967 968 7313
8383 2 2 1 1 4438 4439 4440
8384 2 2 1 1 5072 5071 5073
8385 2 2 1 1 5193 5194 5195
8386 2 2 1 1 5068 5067 5069
8387 2 2 1 1 2724 2723 2729
8388 2 2 1 1 6679 3936 7283
8389 2 2 1 1 4680 4681 4682
8390 2 2 1 1 223 224 7340
8391 2 2 1 1 4318 4319 4320
8392 2 2 1 1 4561 4562 4563
8393 2 2 1 1 8577 6588 9512
8394 2 2 1 1 7011 3391 7862
8395 2 2 1 1 5074 5073 5076
8396 2 2 1 1 4866 4867 4868
8397 2 2 1 1 3149 9011 9328
8398 2 2 1 1 4678 4679 4680
8399 2 2 1 1 2904 2905 2906
8400 2 2 1 1 1782 7249 7616
8401 2 2 1 1 6901 6346 9131
8402 2 2 1 1 3807 3616 4425
8403 2 2 1 1 4012 4027 4028
8404 2 2 1 1 6886 8371 8474
8405 2 2 1 1 5180 5181 5182
8406 2 2 1 1 4342 4343 4344
8407 2 2 1 1 5030 5029 5031
8408 2 2 1 1 2898 2899 2900
8409 2 2 1 1 4612 4613 4614
8410 2 2 1 1 2870 2871 2872
8411 2 2 1 1 4141 4142 4143
8412 2 2 1 1 7063 6953 7064
8413 2 2 1 1 5100 5099 5101
8414 2 2 1 1 4281 4282 4283
8415 2 2 1 1 4610 4611 4612
8416 2 2 1 1 4372 4373 4374
8417 2 2 1 1 5024 5023 5025
8418 2 2 1 1 1284 6664 9724
8419 2 2 1 1 4256 4257 4258
8420 2 2 1 1 2900 2901 2902
8421 2 2 1 1 6464 1969 9207
8422 2 2 1 1 3671 3670 4456
8423 2 2 1 1 4876 6086 9167
8424 2 2 1 1 5483 8279 9156
8425 2 2 1 1 4841 4842 4845
8426 2 2 1 1 7872 3552 9739
8427 2 2 1 1 4254 4255 4256
8428 2 2 1 1 4350 4351 4352
8429 2 2 1 1 2896 2897 2898
8430 2 2 1 1 4747 4748 4749
8431 2 2 1 1 6475 6471 8894
8432 2 2 1 1 5520 4064 7141
8433 2 2 1 1 1484 1485 8054
8434 2 2 1 1 4314 4318 6628
8435 2 2 1 1 5028 5027 5029
8436 2 2 1 1 5036 5035 5037
8437 2 2 1 1 7142 4162 7170
8438 2 2 1 1 4469 4472 7373
8439 2 2 1 1 5200 5201 5204
8440 2 2 1 1 4403 4404 4405
8441 2 2 1 1 5362 3738 7454
8442 2 2 1 1 4673 4674 4675
8443 2 2 1 1 3961 3963 3964
8444 2 2 1 1 3753 3899 3900
8445 2 2 1 1 2801 7035 7697
8446 2 2 1 1 2718 2719 2720
8447 2 2 1 1 2160 2162 4458
8448 2 2 1 1 1548 5550 9032
8449 2 2 1 1 5038 5037 5040
8450 2 2 1 1 4743 4744 4745
8451 2 2 1 1 5357 5356 5358
8452 2 2 1 1 5474 5501 9524
8453 2 2 1 1 2902 2901 6694
8454 2 2 1 1 3782 3784 4947
8455 2 2 1 1 4616 4617 4618
8456 2 2 1 1 6978 4537 9227
8457 2 2 1 1 4282 4280 7145
8458 2 2 1 1 3964 3965 3966
8459 2 2 1 1 3563 3889 7723
8460 2 2 1 1 662 663 1611
8461 2 2 1 1 4181 4182 4342
8462 2 2 1 1 7642 4239 8606
8463 2 2 1 1 6253 3810 7304
8464 2 2 1 1 4567 4568 4569
8465 2 2 1 1 4442 4443 4743
8466 2 2 1 1 5542 5543 8590
8467 2 2 1 1 2894 2895 2896
8468 2 2 1 1 4608 4609 4610
8469 2 2 1 1 6902 6899 8920
8470 2 2 1 1 6155 6153 8256
8471 2 2 1 1 2712 2694 2713
8472 2 2 1 1 8657 5312 9047
8473 2 2 1 1 1367 1366 9716
8474 2 2 1 1 3858 4010 4029
8475 2 2 1 1 349 350 7321
8476 2 2 1 1 4693 4694 4695
8477 2 2 1 1 4689 4690 4691
8478 2 2 1 1 4370 4371 4372
8479 2 2 1 1 2892 2893 2894
8480 2 2 1 1 4159 4160 4161
8481 2 2 1 1 6201 7460 7889
8482 2 2 1 1 4753 4754 4915
8483 2 2 1 1 2245 2784 7173
8484 2 2 1 1 2210 2209 2211
8485 2 2 1 1 4573 4574 4575
8486 2 2 1 1 3915 3914 3916
8487 2 2 1 1 4244 4242 4340
8488 2 2 1 1 5277 8480 9771
8489 2 2 1 1 4177 4178 4179
8490 2 2 1 1 2202 2201 2203
8491 2 2 1 1 2773 8502 9503
8492 2 2 1 1 2992 2991 2993
8493 2 2 1 1 8568 7814 8715
8494 2 2 1 1 3730 3973 3974
8495 2 2 1 1 4171 4172 4173
8496 2 2 1 1 1400 1401 7621
8497 2 2 1 1 4575 4576 4577
8498 2 2 1 1 7032 3396 8386
8499 2 2 1 1 6208 1886 6209
8500 2 2 1 1 838 839 2073
8501 2 2 1 1 1016 1017 7314
8502 2 2 1 1 7000 4568 7287
8503 2 2 1 1 6366 1322 8497
8504 2 2 1 1 887 888 8056
8505 2 2 1 1 1096 1097 1633
8506 2 2 1 1 758 759 2074
8507 2 2 1 1 4222 4223 4224
8508 2 2 1 1 3935 3936 3937
8509 2 2 1 1 4605 4608 6675
8510 2 2 1 1 5600 5604 5615
8511 2 2 1 1 3718 4021 4022
8512 2 2 1 1 542 543 7308
8513 2 2 1 1 2882 2883 2884
8514 2 2 1 1 4909 4487 6283
8515 2 2 1 1 3759 2817 7552
8516 2 2 1 1 7548 3403 8777
8517 2 2 1 1 2890 2891 2892
8518 2 2 1 1 718 719 1626
8519 2 2 1 1 1136 1137 7312
8520 2 2 1 1 2984 2983 2985
8521 2 2 1 1 1573 1572 9579
8522 2 2 1 1 138 139 2075
8523 2 2 1 1 1506 1507 7224
8524 2 2 1 1 3841 3842 7219
8525 2 2 1 1 8320 5747 8357
8526 2 2 1 1 7153 7152 7245
8527 2 2 1 1 4352 4353 4438
8528 2 2 1 1 2884 2885 2886
8529 2 2 1 1 3966 3967 4194
8530 2 2 1 1 77 78 2076
8531 2 2 1 1 8770 4227 9235
8532 2 2 1 1 4749 4750 4751
8533 2 2 1 1 7100 4166 7142
8534 2 2 1 1 133 134 7288
8535 2 2 1 1 6485 6484 9537
8536 2 2 1 1 4166 4162 7142
8537 2 2 1 1 4398 4401 6619
8538 2 2 1 1 4571 4572 4573
8539 2 2 1 1 4917 4918 4919
8540 2 2 1 1 1377 1376 7095
8541 2 2 1 1 4162 4160 7170
8542 2 2 1 1 5396 3859 7375
8543 2 2 1 1 475 476 7305
8544 2 2 1 1 7152 5058 7245
8545 2 2 1 1 2156 608 6524
8546 2 2 1 1 259 260 2078
8547 2 2 1 1 3662 3663 3664
8548 2 2 1 1 4304 4306 4307
8549 2 2 1 1 4248 4250 9160
8550 2 2 1 1 5607 5606 8989
8551 2 2 1 1 4856 4857 4864
8552 2 2 1 1 6998 4607 7254
8553 2 2 1 1 3893 6528 7341
8554 2 2 1 1 4579 4580 4581
8555 2 2 1 1 1797 5634 7176
8556 2 2 1 1 4470 6083 7221
8557 2 2 1 1 3939 3940 3941
8558 2 2 1 1 1448 1447 8266
8559 2 2 1 1 5906 4372 8502
8560 2 2 1 1 4440 4441 4442
8561 2 2 1 1 1484 8054 8109
8562 2 2 1 1 3834 3776 4756
8563 2 2 1 1 4283 4284 4285
8564 2 2 1 1 8115 4882 8150
8565 2 2 1 1 4376 4377 4378
8566 2 2 1 1 10 11 1946
8567 2 2 1 1 7820 8232 8330
8568 2 2 1 1 4948 4951 7402
8569 2 2 1 1 4005 4006 4007
8570 2 2 1 1 6524 2153 8116
8571 2 2 1 1 4618 4619 4620
8572 2 2 1 1 3705 3886 4513
8573 2 2 1 1 1483 8109 8121
8574 2 2 1 1 3937 3938 3939
8575 2 2 1 1 4622 4623 4624
8576 2 2 1 1 6149 4677 7354
8577 2 2 1 1 4260 4261 4262
8578 2 2 1 1 7784 6575 9474
8579 2 2 1 1 5026 5025 5027
8580 2 2 1 1 8012 4417 8257
8581 2 2 1 1 2369 2371 2372
8582 2 2 1 1 4506 4505 4507
8583 2 2 1 1 3173 3175 3176
8584 2 2 1 1 4708 4709 4710
8585 2 2 1 1 1764 6648 7647
8586 2 2 1 1 1511 1512 7265
8587 2 2 1 1 66 67 8489
8588 2 2 1 1 5770 4644 8040
8589 2 2 1 1 3658 4354 4355
8590 2 2 1 1 8473 6730 9711
8591 2 2 1 1 4196 4197 4212
8592 2 2 1 1 5032 5031 5033
8593 2 2 1 1 4751 4752 4753
8594 2 2 1 1 6710 5058 7152
8595 2 2 1 1 3637 3844 4184
8596 2 2 1 1 4706 4707 4708
8597 2 2 1 1 3974 3975 3976
8598 2 2 1 1 4401 4402 4403
8599 2 2 1 1 4489 3694 4495
8600 2 2 1 1 4691 4692 4693
8601 2 2 1 1 5022 5021 5023
8602 2 2 1 1 264 265 7292
8603 2 2 1 1 4405 4406 4407
8604 2 2 1 1 470 471 1796
8605 2 2 1 1 753 754 7281
8606 2 2 1 1 69 70 1955
8607 2 2 1 1 4684 4685 4686
8608 2 2 1 1 6313 1675 6837
8609 2 2 1 1 6265 6264 6702
8610 2 2 1 1 1651 6644 7648
8611 2 2 1 1 4001 4002 4003
8612 2 2 1 1 4346 4347 4348
8613 2 2 1 1 4946 4039 7369
8614 2 2 1 1 2886 2887 2888
8615 2 2 1 1 4409 4410 4411
8616 2 2 1 1 4320 4321 4322
8617 2 2 1 1 3758 3850 3851
8618 2 2 1 1 635 1880 6608
8619 2 2 1 1 4279 4280 4281
8620 2 2 1 1 72 73 7319
8621 2 2 1 1 2980 2979 2981
8622 2 2 1 1 7128 5776 9799
8623 2 2 1 1 3664 3665 3820
8624 2 2 1 1 4228 4229 4230
8625 2 2 1 1 2160 1900 2161
8626 2 2 1 1 7081 1879 7450
8627 2 2 1 1 2800 5470 8151
8628 2 2 1 1 3820 4490 5515
8629 2 2 1 1 3841 7219 9193
8630 2 2 1 1 7046 3634 7047
8631 2 2 1 1 1483 1484 8109
8632 2 2 1 1 3831 3765 4767
8633 2 2 1 1 4967 4968 4969
8634 2 2 1 1 4072 3793 4073
8635 2 2 1 1 3860 4339 8076
8636 2 2 1 1 2986 2985 2987
8637 2 2 1 1 5597 5596 9498
8638 2 2 1 1 2888 2887 6736
8639 2 2 1 1 3551 3359 7199
8640 2 2 1 1 537 538 2081
8641 2 2 1 1 5347 6349 8508
8642 2 2 1 1 6867 1690 9206
8643 2 2 1 1 3823 3780 4729
8644 2 2 1 1 4523 6966 7508
8645 2 2 1 1 1289 1290 7664
8646 2 2 1 1 2762 2275 7347
8647 2 2 1 1 7078 3877 7797
8648 2 2 1 1 6241 6242 6713
8649 2 2 1 1 4287 4288 4289
8650 2 2 1 1 630 631 7026
8651 2 2 1 1 1219 1900 2159
8652 2 2 1 1 4407 4408 4409
8653 2 2 1 1 4087 7411 8879
8654 2 2 1 1 3991 6062 7541
8655 2 2 1 1 4695 4696 4706
8656 2 2 1 1 5294 6366 8497
8657 2 2 1 1 4378 4379 4380
8658 2 2 1 1 7198 3551 7199
8659 2 2 1 1 6861 4257 7497
8660 2 2 1 1 4865 4857 7225
8661 2 2 1 1 2204 2203 2205
8662 2 2 1 1 6873 8418 9490
8663 2 2 1 1 4915 4916 4917
8664 2 2 1 1 5672 6987 8459
8665 2 2 1 1 1290 1289 8551
8666 2 2 1 1 4745 4746 4747
8667 2 2 1 1 6932 1856 8421
8668 2 2 1 1 4203 3928 4492
8669 2 2 1 1 1594 6689 7670
8670 2 2 1 1 7153 5207 7227
8671 2 2 1 1 4620 4621 4622
8672 2 2 1 1 1430 8180 8329
8673 2 2 1 1 4614 4615 4616
8674 2 2 1 1 7007 7008 8297
8675 2 2 1 1 2198 2197 2199
8676 2 2 1 1 1131 1132 2086
8677 2 2 1 1 723 724 8085
8678 2 2 1 1 2341 2768 7306
8679 2 2 1 1 7170 4160 7197
8680 2 2 1 1 6258 6259 6705
8681 2 2 1 1 6250 4498 9025
8682 2 2 1 1 3384 3385 3386
8683 2 2 1 1 390 391 7278
8684 2 2 1 1 3995 3996 4013
8685 2 2 1 1 344 345 1740
8686 2 2 1 1 1101 1102 8091
8687 2 2 1 1 4581 4582 4583
8688 2 2 1 1 4374 4375 4376
8689 2 2 1 1 3892 3486 7586
8690 2 2 1 1 3779 5423 8713
8691 2 2 1 1 882 883 1681
8692 2 2 1 1 972 973 2087
8693 2 2 1 1 1011 1012 2089
8694 2 2 1 1 843 844 7279
8695 2 2 1 1 602 603 6439
8696 2 2 1 1 5614 5612 7081
8697 2 2 1 1 6539 5277 8809
8698 2 2 1 1 3374 3375 3376
8699 2 2 1 1 6513 6514 6515
8700 2 2 1 1 3097 3099 3100
8701 2 2 1 1 4626 4627 4628
8702 2 2 1 1 6291 6290 6700
8703 2 2 1 1 3943 3944 3945
8704 2 2 1 1 1399 1400 7637
8705 2 2 1 1 1224 1887 6569
8706 2 2 1 1 2313 2315 2316
8707 2 2 1 1 3008 5398 7625
8708 2 2 1 1 4075 4724 9325
8709 2 2 1 1 1262 1263 8984
8710 2 2 1 1 3540 3569 3690
8711 2 2 1 1 4262 4263 4264
8712 2 2 1 1 8720 5695 9333
8713 2 2 1 1 1357 8342 8400
8714 2 2 1 1 4285 4286 4287
8715 2 2 1 1 3532 8071 8567
8716 2 2 1 1 7381 5433 7999
8717 2 2 1 1 4585 4586 4587
8718 2 2 1 1 2976 2975 2977
8719 2 2 1 1 2663 2664 2665
8720 2 2 1 1 3927 3926 4721
8721 2 2 1 1 3976 3977 3978
8722 2 2 1 1 3382 3383 3384
8723 2 2 1 1 3380 3381 3382
8724 2 2 1 1 4628 4629 4630
8725 2 2 1 1 8133 8131 8137
8726 2 2 1 1 1834 8062 8141
8727 2 2 1 1 7606 5770 8040
8728 2 2 1 1 3388 3389 3390
8729 2 2 1 1 1507 6676 7224
8730 2 2 1 1 3606 8482 9191
8731 2 2 1 1 5531 3893 7341
8732 2 2 1 1 4160 4158 7197
8733 2 2 1 1 4607 4606 7254
8734 2 2 1 1 8608 6110 8919
8735 2 2 1 1 6 7019 9265
8736 2 2 1 1 4258 4259 4260
8737 2 2 1 1 651 652 2094
8738 2 2 1 1 1203 1204 1852
8739 2 2 1 1 1398 7682 7698
8740 2 2 1 1 9538 7194 9623
8741 2 2 1 1 5599 1877 5601
8742 2 2 1 1 5608 5610 5611
8743 2 2 1 1 6325 6324 6685
8744 2 2 1 1 2044 6717 7618
8745 2 2 1 1 3775 5434 8397
8746 2 2 1 1 4335 4334 7243
8747 2 2 1 1 2669 2670 2671
8748 2 2 1 1 4194 4195 4196
8749 2 2 1 1 4737 6486 9800
8750 2 2 1 1 2661 2662 2663
8751 2 2 1 1 2877 2876 2878
8752 2 2 1 1 3993 3994 3995
8753 2 2 1 1 3829 4051 4052
8754 2 2 1 1 1255 5486 8900
8755 2 2 1 1 2659 2660 2661
8756 2 2 1 1 4382 4383 4384
8757 2 2 1 1 179 180 1704
8758 2 2 1 1 3376 3377 3378
8759 2 2 1 1 1592 6162 9241
8760 2 2 1 1 8002 7805 8827
8761 2 2 1 1 3378 3379 3380
8762 2 2 1 1 6000 7998 9805
8763 2 2 1 1 1263 1264 8803
8764 2 2 1 1 4577 4578 4579
8765 2 2 1 1 3714 3460 7598
8766 2 2 1 1 2045 6561 7608
8767 2 2 1 1 4045 4047 4048
8768 2 2 1 1 2655 2656 2657
8769 2 2 1 1 2192 2191 2193
8770 2 2 1 1 4212 4213 4214
8771 2 2 1 1 2667 2668 2669
8772 2 2 1 1 6589 6917 7799
8773 2 2 1 1 7227 5205 7277
8774 2 2 1 1 604 605 6490
8775 2 2 1 1 1271 1270 7388
8776 2 2 1 1 1399 7637 7682
8777 2 2 1 1 7878 7880 9471
8778 2 2 1 1 2665 2666 2667
8779 2 2 1 1 4632 4633 4634
8780 2 2 1 1 4912 1530 7380
8781 2 2 1 1 218 219 1711
8782 2 2 1 1 5387 4868 9573
8783 2 2 1 1 3917 3916 3918
8784 2 2 1 1 3900 3901 3902
8785 2 2 1 1 3386 3387 3388
8786 2 2 1 1 429 430 7256
8787 2 2 1 1 4216 4217 6658
8788 2 2 1 1 7714 6446 7716
8789 2 2 1 1 6360 6357 6362
8790 2 2 1 1 1305 1304 9550
8791 2 2 1 1 574 575 2095
8792 2 2 1 1 2657 2658 2659
8793 2 2 1 1 4624 4625 4626
8794 2 2 1 1 4057 4059 4060
8795 2 2 1 1 7237 4154 7262
8796 2 2 1 1 1358 1359 8008
8797 2 2 1 1 7187 7318 8390
8798 2 2 1 1 4013 4014 4015
8799 2 2 1 1 1832 6538 7599
8800 2 2 1 1 5602 5599 6540
8801 2 2 1 1 1303 6221 7397
8802 2 2 1 1 2674 6190 7886
8803 2 2 1 1 3827 4039 4040
8804 2 2 1 1 5207 5205 7227
8805 2 2 1 1 4583 4584 4585
8806 2 2 1 1 9111 5811 9563
8807 2 2 1 1 6468 6466 6469
8808 2 2 1 1 5781 5782 5783
8809 2 2 1 1 7197 4158 7237
8810 2 2 1 1 4220 4201 4221
8811 2 2 1 1 3129 3452 7350
8812 2 2 1 1 5242 5243 7067
8813 2 2 1 1 4307 4308 4309
8814 2 2 1 1 8061 8059 8134
8815 2 2 1 1 6060 7636 8903
8816 2 2 1 1 4214 4215 4216
8817 2 2 1 1 1166 1167 7253
8818 2 2 1 1 2152 5735 6982
8819 2 2 1 1 4029 4030 4031
8820 2 2 1 1 3945 3946 3947
8821 2 2 1 1 1920 8107 8850
8822 2 2 1 1 5788 5784 5789
8823 2 2 1 1 2194 2193 2195
8824 2 2 1 1 7339 3683 8162
8825 2 2 1 1 631 632 7803
8826 2 2 1 1 1278 1277 8703
8827 2 2 1 1 3367 3369 3370
8828 2 2 1 1 4324 4325 4326
8829 2 2 1 1 3749 3863 3864
8830 2 2 1 1 5606 5603 6727
8831 2 2 1 1 2047 6511 7593
8832 2 2 1 1 606 607 6520
8833 2 2 1 1 2653 2654 2655
8834 2 2 1 1 3348 3349 3350
8835 2 2 1 1 3358 3359 3360
8836 2 2 1 1 507 508 1760
8837 2 2 1 1 3628 3847 4075
8838 2 2 1 1 3372 3373 3374
8839 2 2 1 1 4266 4267 4268
8840 2 2 1 1 6190 5719 7886
8841 2 2 1 1 4158 4154 7237
8842 2 2 1 1 3801 3802 4468
8843 2 2 1 1 3338 3339 3340
8844 2 2 1 1 2855 8095 8569
8845 2 2 1 1 305 306 7257
8846 2 2 1 1 2285 2287 2288
8847 2 2 1 1 7328 7327 8124
8848 2 2 1 1 4322 4323 4324
8849 2 2 1 1 2618 2619 2620
8850 2 2 1 1 2608 2609 2610
8851 2 2 1 1 6206 3781 8037
8852 2 2 1 1 4305 6170 7806
8853 2 2 1 1 3071 3073 3074
8854 2 2 1 1 1398 1399 7682
8855 2 2 1 1 2188 2187 2189
8856 2 2 1 1 3941 3942 3943
8857 2 2 1 1 4058 6181 7664
8858 2 2 1 1 3354 3355 3356
8859 2 2 1 1 637 8 8841
8860 2 2 1 1 3362 3363 3364
8861 2 2 1 1 6851 1260 8857
8862 2 2 1 1 103 104 1780
8863 2 2 1 1 2636 2637 2638
8864 2 2 1 1 3336 3337 3338
8865 2 2 1 1 3356 3357 3358
8866 2 2 1 1 3346 3347 3348
8867 2 2 1 1 4710 4711 4712
8868 2 2 1 1 3364 3366 3367
8869 2 2 1 1 5267 5499 7231
8870 2 2 1 1 3344 3345 3346
8871 2 2 1 1 3334 3335 3336
8872 2 2 1 1 4291 4292 4293
8873 2 2 1 1 42 43 1802
8874 2 2 1 1 2159 1900 2160
8875 2 2 1 1 4251 4254 7442
8876 2 2 1 1 2813 2383 7399
8877 2 2 1 1 3340 3341 3342
8878 2 2 1 1 2628 2629 2630
8879 2 2 1 1 1377 7095 7285
8880 2 2 1 1 2645 2647 2648
8881 2 2 1 1 3453 3611 7965
8882 2 2 1 1 3057 3055 7324
8883 2 2 1 1 2642 2644 2645
8884 2 2 1 1 3352 3353 3354
8885 2 2 1 1 2624 2625 2626
8886 2 2 1 1 3797 5362 5680
8887 2 2 1 1 2626 2627 2628
8888 2 2 1 1 5590 3172 7694
8889 2 2 1 1 3648 4431 4432
8890 2 2 1 1 1466 1465 8468
8891 2 2 1 1 688 689 2101
8892 2 2 1 1 2632 2633 2634
8893 2 2 1 1 5275 5248 5276
8894 2 2 1 1 2614 2615 2616
8895 2 2 1 1 2604 2605 2606
8896 2 2 1 1 4890 4889 4902
8897 2 2 1 1 2634 2635 2636
8898 2 2 1 1 2640 2641 2642
8899 2 2 1 1 3330 3331 3332
8900 2 2 1 1 2606 2607 2608
8901 2 2 1 1 4565 5478 8387
8902 2 2 1 1 2616 2617 2618
8903 2 2 1 1 4589 4590 4591
8904 2 2 1 1 2051 6482 7585
8905 2 2 1 1 5102 5104 7273
8906 2 2 1 1 2413 2411 8229
8907 2 2 1 1 4380 4381 4382
8908 2 2 1 1 6411 7955 9783
8909 2 2 1 1 4074 4073 4207
8910 2 2 1 1 1717 6443 8250
8911 2 2 1 1 2622 2623 2624
8912 2 2 1 1 3350 3351 3352
8913 2 2 1 1 4154 4152 7262
8914 2 2 1 1 303 304 7234
8915 2 2 1 1 1248 1249 8602
8916 2 2 1 1 3342 3343 3344
8917 2 2 1 1 3969 4422 4877
8918 2 2 1 1 3360 3361 3362
8919 2 2 1 1 3332 3333 3334
8920 2 2 1 1 4309 4310 4311
8921 2 2 1 1 3521 7239 7252
8922 2 2 1 1 4289 4290 4291
8923 2 2 1 1 5510 4911 8792
8924 2 2 1 1 2612 2613 2614
8925 2 2 1 1 4634 4635 4638
8926 2 2 1 1 2602 2603 2604
8927 2 2 1 1 2648 2650 2651
8928 2 2 1 1 797 798 2103
8929 2 2 1 1 1057 1058 1643
8930 2 2 1 1 4321 4319 7263
8931 2 2 1 1 926 927 1669
8932 2 2 1 1 928 929 2105
8933 2 2 1 1 8606 6553 9564
8934 2 2 1 1 4591 4592 4593
8935 2 2 1 1 1055 1056 2106
8936 2 2 1 1 799 800 1661
8937 2 2 1 1 5717 5722 8523
8938 2 2 1 1 3980 3981 3982
8939 2 2 1 1 1667 6415 7577
8940 2 2 1 1 2970 2969 2971
8941 2 2 1 1 4495 3883 4876
8942 2 2 1 1 4293 4294 4360
8943 2 2 1 1 2630 2631 2632
8944 2 2 1 1 2610 2611 2612
8945 2 2 1 1 4066 3789 4067
8946 2 2 1 1 3908 3873 4430
8947 2 2 1 1 4264 4265 4266
8948 2 2 1 1 5019 5017 5020
8949 2 2 1 1 4734 4733 7211
8950 2 2 1 1 40 41 2107
8951 2 2 1 1 1502 1501 7912
8952 2 2 1 1 1223 6569 6613
8953 2 2 1 1 2620 2621 2622
8954 2 2 1 1 3949 3950 3951
8955 2 2 1 1 2638 2639 2640
8956 2 2 1 1 101 102 2108
8957 2 2 1 1 6376 3529 8836
8958 2 2 1 1 5659 3595 9553
8959 2 2 1 1 5205 5201 7277
8960 2 2 1 1 8292 9039 9234
8961 2 2 1 1 3851 3852 3853
8962 2 2 1 1 5678 6829 6831
8963 2 2 1 1 1482 1483 8121
8964 2 2 1 1 686 687 1618
8965 2 2 1 1 1168 1169 7238
8966 2 2 1 1 6600 2041 7620
8967 2 2 1 1 431 432 7235
8968 2 2 1 1 4587 4588 4589
8969 2 2 1 1 3328 3329 3330
8970 2 2 1 1 6075 5592 8847
8971 2 2 1 1 4384 4385 4386
8972 2 2 1 1 3176 3177 3178
8973 2 2 1 1 1848 1222 6613
8974 2 2 1 1 505 506 2109
8975 2 2 1 1 5001 4728 9659
8976 2 2 1 1 6638 2037 7645
8977 2 2 1 1 5014 5012 5015
8978 2 2 1 1 1512 6726 7265
8979 2 2 1 1 7212 6421 7213
8980 2 2 1 1 5592 8571 8834
8981 2 2 1 1 1824 6372 7564
8982 2 2 1 1 6595 1579 7619
8983 2 2 1 1 3701 3700 4544
8984 2 2 1 1 3226 3227 3228
8985 2 2 1 1 5003 3872 5004
8986 2 2 1 1 4022 4023 4024
8987 2 2 1 1 7082 3401 7815
8988 2 2 1 1 3298 3299 3300
8989 2 2 1 1 566 567 8536
8990 2 2 1 1 4246 4247 4248
8991 2 2 1 1 3216 3217 3218
8992 2 2 1 1 3936 3934 7283
8993 2 2 1 1 1384 8315 8327
8994 2 2 1 1 3306 3307 3308
8995 2 2 1 1 3244 3245 3246
8996 2 2 1 1 3280 3281 3282
8997 2 2 1 1 6470 6473 8274
8998 2 2 1 1 5254 5469 9043
8999 2 2 1 1 4199 4084 4200
9000 2 2 1 1 3206 3207 3208
9001 2 2 1 1 2226 5395 7707
9002 2 2 1 1 2452 2453 2454
9003 2 2 1 1 3254 3255 3256
9004 2 2 1 1 3262 3263 3264
9005 2 2 1 1 2542 2543 2544
9006 2 2 1 1 2414 2415 2416
9007 2 2 1 1 3272 3273 3274
9008 2 2 1 1 3196 3197 3198
9009 2 2 1 1 2576 2577 2578
9010 2 2 1 1 2404 2405 2406
9011 2 2 1 1 3186 3187 3188
9012 2 2 1 1 3314 3315 3316
9013 2 2 1 1 2372 2373 2374
9014 2 2 1 1 2394 2395 2396
9015 2 2 1 1 2374 2375 2376
9016 2 2 1 1 2498 2499 2500
9017 2 2 1 1 5871 4355 9413
9018 2 2 1 1 2384 2385 2386
9019 2 2 1 1 2524 2525 2526
9020 2 2 1 1 2470 2471 2472
9021 2 2 1 1 3234 3235 3236
9022 2 2 1 1 2442 2443 2444
9023 2 2 1 1 3320 3321 3322
9024 2 2 1 1 3288 3289 3290
9025 2 2 1 1 3286 3287 3288
9026 2 2 1 1 3310 3311 3312
9027 2 2 1 1 3322 3323 3324
9028 2 2 1 1 2584 2585 2586
9029 2 2 1 1 3051 3053 3054
9030 2 2 1 1 3302 3303 3304
9031 2 2 1 1 3294 3295 3296
9032 2 2 1 1 3268 3269 3270
9033 2 2 1 1 2550 2551 2552
9034 2 2 1 1 1293 7469 8907
9035 2 2 1 1 3250 3251 3252
9036 2 2 1 1 569 570 8538
9037 2 2 1 1 4630 4631 4632
9038 2 2 1 1 3222 3223 3224
9039 2 2 1 1 3276 3277 3278
9040 2 2 1 1 3284 3285 3286
9041 2 2 1 1 3318 3319 3320
9042 2 2 1 1 3312 3313 3314
9043 2 2 1 1 3232 3233 3234
9044 2 2 1 1 3258 3259 3260
9045 2 2 1 1 2267 2269 2270
9046 2 2 1 1 2506 2507 2508
9047 2 2 1 1 2488 2489 2490
9048 2 2 1 1 2480 2481 2482
9049 2 2 1 1 3240 3241 3242
9050 2 2 1 1 3212 3213 3214
9051 2 2 1 1 3511 3647 8406
9052 2 2 1 1 7225 4857 7346
9053 2 2 1 1 6172 1562 7514
9054 2 2 1 1 1561 6247 7514
9055 2 2 1 1 1343 8829 9118
9056 2 2 1 1 6016 6013 6018
9057 2 2 1 1 3202 3203 3204
9058 2 2 1 1 3401 6551 8783
9059 2 2 1 1 3260 3261 3262
9060 2 2 1 1 3184 3185 3186
9061 2 2 1 1 3230 3231 3232
9062 2 2 1 1 3194 3195 3196
9063 2 2 1 1 2516 2517 2518
9064 2 2 1 1 2731 2728 2737
9065 2 2 1 1 3192 3193 3194
9066 2 2 1 1 2592 2593 2594
9067 2 2 1 1 4231 4235 4236
9068 2 2 1 1 3252 3253 3254
9069 2 2 1 1 3182 3183 3184
9070 2 2 1 1 3204 3205 3206
9071 2 2 1 1 3270 3271 3272
9072 2 2 1 1 3278 3279 3280
9073 2 2 1 1 2566 2674 7886
9074 2 2 1 1 3242 3243 3244
9075 2 2 1 1 2424 2425 2426
9076 2 2 1 1 3879 4434 8940
9077 2 2 1 1 2568 2569 2570
9078 2 2 1 1 3304 3305 3306
9079 2 2 1 1 2432 2433 2434
9080 2 2 1 1 3214 3215 3216
9081 2 2 1 1 3224 3225 3226
9082 2 2 1 1 3236 3237 3238
9083 2 2 1 1 2558 2559 2560
9084 2 2 1 1 2588 2589 2590
9085 2 2 1 1 3296 3297 3298
9086 2 2 1 1 3248 3249 3250
9087 2 2 1 1 2580 2581 2582
9088 2 2 1 1 2460 2461 2462
9089 2 2 1 1 3266 3267 3268
9090 2 2 1 1 2532 2533 2534
9091 2 2 1 1 2572 2573 2574
9092 2 2 1 1 2564 2565 2566
9093 2 2 1 1 2596 2597 2598
9094 2 2 1 1 2556 2557 2558
9095 2 2 1 1 572 573 1829
9096 2 2 1 1 2530 2531 2532
9097 2 2 1 1 2512 2513 2514
9098 2 2 1 1 2538 2539 2540
9099 2 2 1 1 2554 2555 2556
9100 2 2 1 1 2476 2477 2478
9101 2 2 1 1 3220 3221 3222
9102 2 2 1 1 2546 2547 2548
9103 2 2 1 1 2494 2495 2496
9104 2 2 1 1 4595 4596 4597
9105 2 2 1 1 2448 2449 2450
9106 2 2 1 1 2410 2411 2412
9107 2 2 1 1 2520 2521 2522
9108 2 2 1 1 2420 2421 2422
9109 2 2 1 1 2528 2529 2530
9110 2 2 1 1 2590 2591 2592
9111 2 2 1 1 2458 2459 2460
9112 2 2 1 1 2502 2503 2504
9113 2 2 1 1 2400 2401 2402
9114 2 2 1 1 2466 2467 2468
9115 2 2 1 1 1595 6825 7394
9116 2 2 1 1 2484 2485 2486
9117 2 2 1 1 2422 2423 2424
9118 2 2 1 1 1886 599 6210
9119 2 2 1 1 3188 3189 3190
9120 2 2 1 1 6204 4494 9023
9121 2 2 1 1 2438 2439 2440
9122 2 2 1 1 2390 2391 2392
9123 2 2 1 1 3178 3179 3180
9124 2 2 1 1 2430 2431 2432
9125 2 2 1 1 2380 2381 2382
9126 2 2 1 1 2456 2457 2458
9127 2 2 1 1 2504 2505 2506
9128 2 2 1 1 3290 3291 3292
9129 2 2 1 1 2486 2487 2488
9130 2 2 1 1 4388 4389 4390
9131 2 2 1 1 2428 2429 2430
9132 2 2 1 1 3292 3293 3294
9133 2 2 1 1 2478 2479 2480
9134 2 2 1 1 2548 2549 2550
9135 2 2 1 1 2514 2515 2516
9136 2 2 1 1 2582 2583 2584
9137 2 2 1 1 2913 7300 7810
9138 2 2 1 1 2440 2441 2442
9139 2 2 1 1 2418 2419 2420
9140 2 2 1 1 2468 2469 2470
9141 2 2 1 1 2522 2523 2524
9142 2 2 1 1 2382 2383 2384
9143 2 2 1 1 2566 2567 2568
9144 2 2 1 1 3198 3199 3200
9145 2 2 1 1 2392 2393 2394
9146 2 2 1 1 2496 2497 2498
9147 2 2 1 1 8017 8015 8168
9148 2 2 1 1 2402 2403 2404
9149 2 2 1 1 2474 2475 2476
9150 2 2 1 1 2412 2413 2414
9151 2 2 1 1 2462 2463 2464
9152 2 2 1 1 2510 2511 2512
9153 2 2 1 1 2450 2451 2452
9154 2 2 1 1 3210 3211 3212
9155 2 2 1 1 2574 2575 2576
9156 2 2 1 1 2408 2409 2410
9157 2 2 1 1 2540 2541 2542
9158 2 2 1 1 3670 3880 4457
9159 2 2 1 1 6043 4476 8235
9160 2 2 1 1 2562 2563 2564
9161 2 2 1 1 2492 2493 2494
9162 2 2 1 1 3324 3325 3326
9163 2 2 1 1 220 221 2115
9164 2 2 1 1 5246 6976 7652
9165 2 2 1 1 2446 2447 2448
9166 2 2 1 1 2434 2435 2436
9167 2 2 1 1 2534 2535 2536
9168 2 2 1 1 3208 3209 3210
9169 2 2 1 1 2398 2399 2400
9170 2 2 1 1 3200 3201 3202
9171 2 2 1 1 2536 2537 2538
9172 2 2 1 1 3238 3239 3240
9173 2 2 1 1 4386 4387 4388
9174 2 2 1 1 3300 3301 3302
9175 2 2 1 1 3811 3569 7485
9176 2 2 1 1 1274 1275 7739
9177 2 2 1 1 3274 3275 3276
9178 2 2 1 1 3190 3191 3192
9179 2 2 1 1 2388 2389 2390
9180 2 2 1 1 3978 3979 3980
9181 2 2 1 1 3180 3181 3182
9182 2 2 1 1 2378 2379 2380
9183 2 2 1 1 2570 2571 2572
9184 2 2 1 1 3256 3257 3258
9185 2 2 1 1 2560 2561 2562
9186 2 2 1 1 3869 3837 4538
9187 2 2 1 1 8387 3463 9221
9188 2 2 1 1 3264 3265 3266
9189 2 2 1 1 6286 6913 6915
9190 2 2 1 1 2436 2437 2438
9191 2 2 1 1 2464 2465 2466
9192 2 2 1 1 5010 5008 7060
9193 2 2 1 1 388 389 8166
9194 2 2 1 1 3704 4193 8160
9195 2 2 1 1 2518 2519 2520
9196 2 2 1 1 1482 8121 8179
9197 2 2 1 1 2376 2377 2378
9198 2 2 1 1 3246 3247 3248
9199 2 2 1 1 3316 3317 3318
9200 2 2 1 1 7291 4150 7310
9201 2 2 1 1 3308 3309 3310
9202 2 2 1 1 2386 2387 2388
9203 2 2 1 1 3218 3219 3220
9204 2 2 1 1 2544 2545 2546
9205 2 2 1 1 3228 3229 3230
9206 2 2 1 1 3859 3909 7375
9207 2 2 1 1 2578 2579 2580
9208 2 2 1 1 4536 4906 7198
9209 2 2 1 1 2482 2483 2484
9210 2 2 1 1 2490 2491 2492
9211 2 2 1 1 2500 2501 2502
9212 2 2 1 1 2508 2509 2510
9213 2 2 1 1 2396 2397 2398
9214 2 2 1 1 2444 2445 2446
9215 2 2 1 1 3947 3948 3949
9216 2 2 1 1 2426 2427 2428
9217 2 2 1 1 177 178 2118
9218 2 2 1 1 5390 1292 8907
9219 2 2 1 1 3282 3283 3284
9220 2 2 1 1 8216 8214 8219
9221 2 2 1 1 5315 2849 7747
9222 2 2 1 1 5389 5390 9678
9223 2 2 1 1 1317 7892 8549
9224 2 2 1 1 4082 4028 4083
9225 2 2 1 1 2600 2601 2602
9226 2 2 1 1 2586 2587 2588
9227 2 2 1 1 2966 2965 2967
9228 2 2 1 1 2454 2455 2456
9229 2 2 1 1 2671 2672 2693
9230 2 2 1 1 1680 7867 7871
9231 2 2 1 1 2472 2473 2474
9232 2 2 1 1 2594 2595 2596
9233 2 2 1 1 5487 1517 9177
9234 2 2 1 1 2972 2971 2973
9235 2 2 1 1 2406 2407 2408
9236 2 2 1 1 2416 2417 2418
9237 2 2 1 1 2552 2553 2554
9238 2 2 1 1 2526 2527 2528
9239 2 2 1 1 1431 1430 8329
9240 2 2 1 1 2491 8148 9703
9241 2 2 1 1 4568 4566 7287
9242 2 2 1 1 4362 4363 4364
9243 2 2 1 1 3035 3037 3038
9244 2 2 1 1 1397 7698 7730
9245 2 2 1 1 1397 1398 7698
9246 2 2 1 1 7262 4152 7291
9247 2 2 1 1 7358 5001 9659
9248 2 2 1 1 4268 4269 4270
9249 2 2 1 1 3904 3905 3906
9250 2 2 1 1 2720 2721 2722
9251 2 2 1 1 1507 6329 8456
9252 2 2 1 1 6668 1823 7656
9253 2 2 1 1 1790 6294 7539
9254 2 2 1 1 4015 4016 4246
9255 2 2 1 1 6464 1652 7583
9256 2 2 1 1 2062 6303 7545
9257 2 2 1 1 1201 1202 2148
9258 2 2 1 1 653 654 1733
9259 2 2 1 1 1301 1300 7588
9260 2 2 1 1 1195 1196 8553
9261 2 2 1 1 659 660 8557
9262 2 2 1 1 5319 5320 9813
9263 2 2 1 1 1565 1564 9451
9264 2 2 1 1 6595 1977 6775
9265 2 2 1 1 7016 7434 7435
9266 2 2 1 1 4152 4150 7291
9267 2 2 1 1 656 657 8555
9268 2 2 1 1 3100 3101 3102
9269 2 2 1 1 7913 7512 7914
9270 2 2 1 1 3769 3816 3828
9271 2 2 1 1 3120 3121 3122
9272 2 2 1 1 4712 4713 7194
9273 2 2 1 1 3867 4445 7415
9274 2 2 1 1 3156 3157 3158
9275 2 2 1 1 1766 7422 9325
9276 2 2 1 1 4485 4516 4517
9277 2 2 1 1 4726 8438 8451
9278 2 2 1 1 6025 6026 8776
9279 2 2 1 1 2962 2961 2963
9280 2 2 1 1 6686 3434 8616
9281 2 2 1 1 2253 2255 2256
9282 2 2 1 1 7007 8269 8504
9283 2 2 1 1 5095 5109 7139
9284 2 2 1 1 3170 3171 3172
9285 2 2 1 1 2735 2733 2760
9286 2 2 1 1 2184 2183 2185
9287 2 2 1 1 3110 3111 3112
9288 2 2 1 1 2316 2317 2318
9289 2 2 1 1 346 347 2122
9290 2 2 1 1 3142 3143 3144
9291 2 2 1 1 2342 2343 2344
9292 2 2 1 1 4938 8228 9649
9293 2 2 1 1 4270 4271 4272
9294 2 2 1 1 5818 3488 8653
9295 2 2 1 1 3130 3131 3132
9296 2 2 1 1 2064 6281 7531
9297 2 2 1 1 4925 5007 9265
9298 2 2 1 1 4226 4224 4227
9299 2 2 1 1 3168 3169 3170
9300 2 2 1 1 3132 3133 3134
9301 2 2 1 1 4150 4148 7310
9302 2 2 1 1 2320 2321 2322
9303 2 2 1 1 7368 2650 7558
9304 2 2 1 1 2354 2355 2356
9305 2 2 1 1 841 842 7206
9306 2 2 1 1 3144 3145 3146
9307 2 2 1 1 4012 4007 4027
9308 2 2 1 1 3845 3722 3846
9309 2 2 1 1 3116 3117 3118
9310 2 2 1 1 2330 2331 2332
9311 2 2 1 1 3154 3155 3156
9312 2 2 1 1 3106 3107 3108
9313 2 2 1 1 3108 3109 3110
9314 2 2 1 1 7277 5201 7337
9315 2 2 1 1 3138 3139 3140
9316 2 2 1 1 3104 3105 3106
9317 2 2 1 1 3126 3127 3128
9318 2 2 1 1 3128 3129 3130
9319 2 2 1 1 3140 3141 3142
9320 2 2 1 1 1099 1100 7205
9321 2 2 1 1 3150 3151 3152
9322 2 2 1 1 3152 3153 3154
9323 2 2 1 1 3166 3167 3168
9324 2 2 1 1 3114 3115 3116
9325 2 2 1 1 3118 3119 3120
9326 2 2 1 1 3164 3165 3166
9327 2 2 1 1 3842 4726 7357
9328 2 2 1 1 7378 2777 9258
9329 2 2 1 1 3902 3903 3904
9330 2 2 1 1 3951 3952 3953
9331 2 2 1 1 3503 3207 8724
9332 2 2 1 1 3136 3137 3138
9333 2 2 1 1 1962 6372 9274
9334 2 2 1 1 3162 3163 3164
9335 2 2 1 1 5919 1852 9143
9336 2 2 1 1 2326 2327 2328
9337 2 2 1 1 4720 4719 6860
9338 2 2 1 1 3148 3149 3150
9339 2 2 1 1 1013 1014 1725
9340 2 2 1 1 721 722 7200
9341 2 2 1 1 2844 2479 7491
9342 2 2 1 1 4033 4034 4301
9343 2 2 1 1 2366 2367 2368
9344 2 2 1 1 3124 3125 3126
9345 2 2 1 1 2338 2339 2340
9346 2 2 1 1 2318 2319 2320
9347 2 2 1 1 970 971 1677
9348 2 2 1 1 884 885 2124
9349 2 2 1 1 2350 2351 2352
9350 2 2 1 1 2352 2353 2354
9351 2 2 1 1 4326 4327 4328
9352 2 2 1 1 2180 2179 2181
9353 2 2 1 1 2328 2329 2330
9354 2 2 1 1 2364 2365 2366
9355 2 2 1 1 2340 2341 2342
9356 2 2 1 1 2771 9041 9425
9357 2 2 1 1 755 756 7203
9358 2 2 1 1 4031 4032 4033
9359 2 2 1 1 2336 2337 2338
9360 2 2 1 1 2362 2363 2364
9361 2 2 1 1 3982 3983 3984
9362 2 2 1 1 2324 2325 2326
9363 2 2 1 1 2348 2349 2350
9364 2 2 1 1 2145 1230 8863
9365 2 2 1 1 1231 1883 8863
9366 2 2 1 1 6887 7938 9443
9367 2 2 1 1 7453 8790 9551
9368 2 2 1 1 4976 7055 7650
9369 2 2 1 1 3158 3159 3160
9370 2 2 1 1 6872 7507 8383
9371 2 2 1 1 6859 4720 6860
9372 2 2 1 1 4455 7141 9418
9373 2 2 1 1 2356 2357 2358
9374 2 2 1 1 2360 2361 2362
9375 2 2 1 1 3970 3969 4877
9376 2 2 1 1 1133 1134 1582
9377 2 2 1 1 3102 3103 3104
9378 2 2 1 1 4068 4067 4241
9379 2 2 1 1 3122 3123 3124
9380 2 2 1 1 2332 2333 2334
9381 2 2 1 1 3791 3914 3915
9382 2 2 1 1 6377 5657 7316
9383 2 2 1 1 4600 4601 4602
9384 2 2 1 1 3160 3161 3162
9385 2 2 1 1 5502 5230 7421
9386 2 2 1 1 590 1879 8413
9387 2 2 1 1 539 540 1752
9388 2 2 1 1 4989 4991 4993
9389 2 2 1 1 7322 4424 9105
9390 2 2 1 1 3112 3113 3114
9391 2 2 1 1 3704 4192 4193
9392 2 2 1 1 3772 3818 3826
9393 2 2 1 1 4489 6640 9122
9394 2 2 1 1 1481 1482 8179
9395 2 2 1 1 4597 4598 4600
9396 2 2 1 1 2344 2345 2346
9397 2 2 1 1 2346 2347 2348
9398 2 2 1 1 5681 3750 9738
9399 2 2 1 1 2334 2335 2336
9400 2 2 1 1 5896 5897 8786
9401 2 2 1 1 4272 4273 4274
9402 2 2 1 1 3134 3135 3136
9403 2 2 1 1 5397 4960 9315
9404 2 2 1 1 3146 3147 3148
9405 2 2 1 1 5017 5014 7130
9406 2 2 1 1 4538 3837 9480
9407 2 2 1 1 4248 4249 4250
9408 2 2 1 1 3754 3819 4942
9409 2 2 1 1 135 136 7192
9410 2 2 1 1 5301 6864 7518
9411 2 2 1 1 4328 4329 4330
9412 2 2 1 1 2358 2359 2360
9413 2 2 1 1 7963 2646 8776
9414 2 2 1 1 5012 5010 7202
9415 2 2 1 1 2322 2323 2324
9416 2 2 1 1 4602 4603 4604
9417 2 2 1 1 2804 2738 3650
9418 2 2 1 1 4713 4777 7194
9419 2 2 1 1 74 75 7183
9420 2 2 1 1 8011 5836 9811
9421 2 2 1 1 2598 2597 6999
9422 2 2 1 1 4857 4855 7346
9423 2 2 1 1 4593 4594 4595
9424 2 2 1 1 4897 3701 4898
9425 2 2 1 1 5019 5020 5021
9426 2 2 1 1 8093 6404 8473
9427 2 2 1 1 4483 4485 7151
9428 2 2 1 1 4393 4394 4395
9429 2 2 1 1 2715 2713 2716
9430 2 2 1 1 1378 1377 7285
9431 2 2 1 1 3953 3954 3955
9432 2 2 1 1 8668 3607 9050
9433 2 2 1 1 7310 4148 7345
9434 2 2 1 1 8497 5365 9028
9435 2 2 1 1 4209 4211 8767
9436 2 2 1 1 1395 7766 7778
9437 2 2 1 1 6350 3407 8758
9438 2 2 1 1 262 263 7180
9439 2 2 1 1 5406 3759 7552
9440 2 2 1 1 4422 3971 4423
9441 2 2 1 1 5963 8535 8538
9442 2 2 1 1 472 473 2126
9443 2 2 1 1 4904 3779 8908
9444 2 2 1 1 3025 3027 3028
9445 2 2 1 1 4893 3861 7129
9446 2 2 1 1 6313 2061 7546
9447 2 2 1 1 4313 4314 6628
9448 2 2 1 1 4360 4361 4362
9449 2 2 1 1 4789 6596 8078
9450 2 2 1 1 4005 4003 4006
9451 2 2 1 1 3074 3075 3076
9452 2 2 1 1 5399 6162 6163
9453 2 2 1 1 6330 4038 9806
9454 2 2 1 1 5538 8165 8166
9455 2 2 1 1 3080 3081 3082
9456 2 2 1 1 1396 1397 7730
9457 2 2 1 1 9119 8011 9811
9458 2 2 1 1 4517 4516 4518
9459 2 2 1 1 3092 3093 3094
9460 2 2 1 1 8824 6129 8832
9461 2 2 1 1 4188 3924 7329
9462 2 2 1 1 7191 8529 9482
9463 2 2 1 1 6022 6023 6025
9464 2 2 1 1 5201 5199 7337
9465 2 2 1 1 5208 5207 7245
9466 2 2 1 1 3490 6075 8847
9467 2 2 1 1 1221 1848 6633
9468 2 2 1 1 1502 7912 8760
9469 2 2 1 1 2288 2289 2290
9470 2 2 1 1 7219 3842 7357
9471 2 2 1 1 2243 2245 2246
9472 2 2 1 1 4777 4779 4780
9473 2 2 1 1 3562 3560 3838
9474 2 2 1 1 3741 4099 7126
9475 2 2 1 1 4040 4041 4042
9476 2 2 1 1 4782 4784 7196
9477 2 2 1 1 6181 4873 8779
9478 2 2 1 1 3076 3077 3078
9479 2 2 1 1 2300 2301 2302
9480 2 2 1 1 7347 4723 7748
9481 2 2 1 1 3955 3956 3958
9482 2 2 1 1 3086 3087 3088
9483 2 2 1 1 3090 3091 3092
9484 2 2 1 1 3088 3089 3090
9485 2 2 1 1 5280 5284 9560
9486 2 2 1 1 3078 3079 3080
9487 2 2 1 1 3931 3930 5372
9488 2 2 1 1 4390 4391 4393
9489 2 2 1 1 1900 1220 6633
9490 2 2 1 1 3084 3085 3086
9491 2 2 1 1 1285 1286 8566
9492 2 2 1 1 4148 4146 7345
9493 2 2 1 1 2749 2261 7584
9494 2 2 1 1 6899 7136 8920
9495 2 2 1 1 3695 3694 4489
9496 2 2 1 1 6692 1789 7672
9497 2 2 1 1 2296 2297 2298
9498 2 2 1 1 2294 2295 2296
9499 2 2 1 1 4311 4312 4313
9500 2 2 1 1 2308 2309 2310
9501 2 2 1 1 2310 2311 2312
9502 2 2 1 1 2298 2299 2300
9503 2 2 1 1 2306 2307 2308
9504 2 2 1 1 3984 3985 3986
9505 2 2 1 1 261 262 1721
9506 2 2 1 1 6624 2040 7632
9507 2 2 1 1 2290 2291 2292
9508 2 2 1 1 2812 7140 9527
9509 2 2 1 1 3094 3095 3096
9510 2 2 1 1 7393 4144 7405
9511 2 2 1 1 473 474 7175
9512 2 2 1 1 1481 8179 8212
9513 2 2 1 1 4001 3800 4002
9514 2 2 1 1 7024 2689 7978
9515 2 2 1 1 5248 5246 7652
9516 2 2 1 1 3812 3644 3821
9517 2 2 1 1 4039 4038 7369
9518 2 2 1 1 2872 2873 2875
9519 2 2 1 1 3082 3083 3084
9520 2 2 1 1 2292 2293 2294
9521 2 2 1 1 2304 2305 2306
9522 2 2 1 1 2176 2175 2177
9523 2 2 1 1 2302 2303 2304
9524 2 2 1 1 75 76 1772
9525 2 2 1 1 6961 8217 9272
9526 2 2 1 1 8028 4245 8663
9527 2 2 1 1 5512 4824 8360
9528 2 2 1 1 6329 6330 9806
9529 2 2 1 1 4770 6826 8397
9530 2 2 1 1 1477 6671 7806
9531 2 2 1 1 136 137 1696
9532 2 2 1 1 5477 5476 7082
9533 2 2 1 1 4301 4303 9222
9534 2 2 1 1 7149 7148 9105
9535 2 2 1 1 3326 3325 7044
9536 2 2 1 1 6722 1888 7696
9537 2 2 1 1 7145 4280 7611
9538 2 2 1 1 4942 3819 7091
9539 2 2 1 1 1225 1226 7164
9540 2 2 1 1 1396 7730 7766
9541 2 2 1 1 1851 1235 8895
9542 2 2 1 1 1236 1927 8895
9543 2 2 1 1 3761 5406 5407
9544 2 2 1 1 2828 5222 8614
9545 2 2 1 1 5688 1597 9202
9546 2 2 1 1 5111 5113 5177
9547 2 2 1 1 540 541 7166
9548 2 2 1 1 3855 3856 3857
9549 2 2 1 1 6316 6318 6319
9550 2 2 1 1 3891 4205 5483
9551 2 2 1 1 4779 4782 7179
9552 2 2 1 1 4898 4899 4900
9553 2 2 1 1 4395 4396 4397
9554 2 2 1 1 7868 7865 8220
9555 2 2 1 1 7377 3655 8987
9556 2 2 1 1 4534 4536 4892
9557 2 2 1 1 5459 1441 9814
9558 2 2 1 1 4963 4965 4966
9559 2 2 1 1 3015 3017 3018
9560 2 2 1 1 5456 4046 7912
9561 2 2 1 1 4986 4989 7171
9562 2 2 1 1 4397 4398 6619
9563 2 2 1 1 4757 4756 7297
9564 2 2 1 1 6912 1914 8218
9565 2 2 1 1 720 721 2130
9566 2 2 1 1 4238 4240 7387
9567 2 2 1 1 4330 4331 4332
9568 2 2 1 1 1134 1135 7165
9569 2 2 1 1 3054 3055 3056
9570 2 2 1 1 3853 3854 3855
9571 2 2 1 1 4730 4729 7251
9572 2 2 1 1 756 757 1648
9573 2 2 1 1 1098 1099 2131
9574 2 2 1 1 3746 3505 5528
9575 2 2 1 1 2270 2271 2272
9576 2 2 1 1 2958 2957 2959
9577 2 2 1 1 4421 7174 8031
9578 2 2 1 1 3907 5474 8456
9579 2 2 1 1 3986 3987 3988
9580 2 2 1 1 840 841 1606
9581 2 2 1 1 8302 8304 8305
9582 2 2 1 1 6521 6522 9449
9583 2 2 1 1 885 886 7158
9584 2 2 1 1 969 970 7157
9585 2 2 1 1 3812 3821 7489
9586 2 2 1 1 1014 1015 7156
9587 2 2 1 1 3843 7070 9321
9588 2 2 1 1 3060 3061 3062
9589 2 2 1 1 4417 6146 8257
9590 2 2 1 1 1395 1396 7766
9591 2 2 1 1 4879 8373 9630
9592 2 2 1 1 2233 2235 2236
9593 2 2 1 1 7346 4855 7481
9594 2 2 1 1 5652 5271 7462
9595 2 2 1 1 347 348 7148
9596 2 2 1 1 3958 3959 3960
9597 2 2 1 1 3056 3057 3058
9598 2 2 1 1 5599 5601 6540
9599 2 2 1 1 1480 1481 8212
9600 2 2 1 1 6029 6030 6435
9601 2 2 1 1 4604 4605 6675
9602 2 2 1 1 3706 4890 6602
9603 2 2 1 1 3068 3069 3070
9604 2 2 1 1 6651 8691 9124
9605 2 2 1 1 3804 3895 3896
9606 2 2 1 1 3066 3067 3068
9607 2 2 1 1 3058 3059 3060
9608 2 2 1 1 4052 4053 4054
9609 2 2 1 1 4144 4142 7405
9610 2 2 1 1 7337 5199 7425
9611 2 2 1 1 2080 6162 7478
9612 2 2 1 1 3591 3837 3869
9613 2 2 1 1 2282 2283 2284
9614 2 2 1 1 7096 4369 7493
9615 2 2 1 1 3062 3063 3064
9616 2 2 1 1 5207 7153 7245
9617 2 2 1 1 2276 2277 2278
9618 2 2 1 1 2280 2281 2282
9619 2 2 1 1 1480 8212 8245
9620 2 2 1 1 1844 6281 9360
9621 2 2 1 1 3064 3065 3066
9622 2 2 1 1 1828 7512 7913
9623 2 2 1 1 2274 2275 2276
9624 2 2 1 1 6672 6752 9326
9625 2 2 1 1 7345 4146 7393
9626 2 2 1 1 2278 2279 2280
9627 2 2 1 1 4146 4144 7393
9628 2 2 1 1 4060 4061 4356
9629 2 2 1 1 5115 5117 7228
9630 2 2 1 1 7415 4445 8349
9631 2 2 1 1 4793 4796 7242
9632 2 2 1 1 660 661 2147
9633 2 2 1 1 1274 7739 9233
9634 2 2 1 1 4760 4757 7297
9635 2 2 1 1 1502 1503 8143
9636 2 2 1 1 5117 5119 5190
9637 2 2 1 1 1911 7249 8344
9638 2 2 1 1 4733 4730 7251
9639 2 2 1 1 2749 7584 7847
9640 2 2 1 1 2272 2273 2274
9641 2 2 1 1 6693 6168 8858
9642 2 2 1 1 7937 2811 9528
9643 2 2 1 1 5092 5095 7139
9644 2 2 1 1 5121 5123 5189
9645 2 2 1 1 6702 6186 6703
9646 2 2 1 1 4048 4049 4237
9647 2 2 1 1 5256 7040 7946
9648 2 2 1 1 176 177 7138
9649 2 2 1 1 7425 5196 7471
9650 2 2 1 1 654 655 8562
9651 2 2 1 1 1200 1201 8561
9652 2 2 1 1 4430 3873 8634
9653 2 2 1 1 4784 4786 4787
9654 2 2 1 1 6826 4768 7950
9655 2 2 1 1 8703 1277 8958
9656 2 2 1 1 6931 2811 8014
9657 2 2 1 1 2847 2487 7695
9658 2 2 1 1 2879 2878 2880
9659 2 2 1 1 1466 8468 8902
9660 2 2 1 1 657 658 8554
9661 2 2 1 1 6833 2848 8812
9662 2 2 1 1 3331 3329 7612
9663 2 2 1 1 3449 7690 8189
9664 2 2 1 1 3875 3874 4537
9665 2 2 1 1 5546 5547 8114
9666 2 2 1 1 3007 3009 3010
9667 2 2 1 1 1343 1344 8829
9668 2 2 1 1 221 222 7132
9669 2 2 1 1 5199 5196 7425
9670 2 2 1 1 2952 2951 2953
9671 2 2 1 1 2791 3624 8425
9672 2 2 1 1 7061 8227 8361
9673 2 2 1 1 5409 5408 9343
9674 2 2 1 1 3635 4189 4190
9675 2 2 1 1 8327 4740 9587
9676 2 2 1 1 1820 6303 9187
9677 2 2 1 1 3038 3039 3040
9678 2 2 1 1 6770 3862 8020
9679 2 2 1 1 6520 6521 8321
9680 2 2 1 1 4042 4043 4044
9681 2 2 1 1 2818 3807 3876
9682 2 2 1 1 5109 5111 7223
9683 2 2 1 1 4966 4965 4967
9684 2 2 1 1 592 593 7268
9685 2 2 1 1 6280 8584 8585
9686 2 2 1 1 6287 3849 7990
9687 2 2 1 1 4301 4302 4303
9688 2 2 1 1 3042 3043 3044
9689 2 2 1 1 2225 2227 2228
9690 2 2 1 1 3516 2968 7454
9691 2 2 1 1 2256 2257 2258
9692 2 2 1 1 4507 7272 8426
9693 2 2 1 1 5113 5115 7195
9694 2 2 1 1 1879 591 7450
9695 2 2 1 1 565 566 2146
9696 2 2 1 1 3048 3049 3050
9697 2 2 1 1 1378 7285 7472
9698 2 2 1 1 3046 3047 3048
9699 2 2 1 1 7716 6446 8263
9700 2 2 1 1 1532 1533 8961
9701 2 2 1 1 5127 5129 5130
9702 2 2 1 1 1781 6891 7628
9703 2 2 1 1 1569 1568 8190
9704 2 2 1 1 3040 3041 3042
9705 2 2 1 1 4054 4055 4056
9706 2 2 1 1 1530 1531 7380
9707 2 2 1 1 4478 4480 4481
9708 2 2 1 1 2262 2263 2264
9709 2 2 1 1 7765 7006 9523
9710 2 2 1 1 571 572 8537
9711 2 2 1 1 302 303 1785
9712 2 2 1 1 6521 2156 6522
9713 2 2 1 1 432 433 1840
9714 2 2 1 1 4222 4221 4223
9715 2 2 1 1 4800 4802 7239
9716 2 2 1 1 504 505 7127
9717 2 2 1 1 3637 4184 4185
9718 2 2 1 1 3044 3045 3046
9719 2 2 1 1 2258 2259 2260
9720 2 2 1 1 5371 3714 7598
9721 2 2 1 1 4798 4800 4853
9722 2 2 1 1 3008 7625 9410
9723 2 2 1 1 4791 4793 4794
9724 2 2 1 1 5448 2393 9701
9725 2 2 1 1 1862 6906 8243
9726 2 2 1 1 2260 2261 2262
9727 2 2 1 1 5421 5681 9738
9728 2 2 1 1 5125 5127 7244
9729 2 2 1 1 6993 1271 7388
9730 2 2 1 1 1169 1170 1591
9731 2 2 1 1 568 569 8535
9732 2 2 1 1 100 101 7122
9733 2 2 1 1 6583 7039 7046
9734 2 2 1 1 39 40 7119
9735 2 2 1 1 4470 7221 7524
9736 2 2 1 1 7035 3832 7697
9737 2 2 1 1 5545 5542 8590
9738 2 2 1 1 685 686 7125
9739 2 2 1 1 4156 3740 9412
9740 2 2 1 1 5123 5125 7222
9741 2 2 1 1 2264 2265 2266
9742 2 2 1 1 1302 1303 7397
9743 2 2 1 1 4796 4798 7240
9744 2 2 1 1 6939 1918 7605
9745 2 2 1 1 3628 4075 4076
9746 2 2 1 1 2391 2814 7573
9747 2 2 1 1 4359 4358 7469
9748 2 2 1 1 2946 2944 2947
9749 2 2 1 1 4551 4553 4648
9750 2 2 1 1 4480 4483 7236
9751 2 2 1 1 7405 4142 7446
9752 2 2 1 1 6959 1859 7596
9753 2 2 1 1 1531 1532 8023
9754 2 2 1 1 2136 6934 7594
9755 2 2 1 1 6068 2093 7436
9756 2 2 1 1 1564 1563 8036
9757 2 2 1 1 3861 3795 4008
9758 2 2 1 1 4804 4806 4843
9759 2 2 1 1 3713 3510 5756
9760 2 2 1 1 2971 2969 7902
9761 2 2 1 1 4855 4850 7481
9762 2 2 1 1 4884 4881 4938
9763 2 2 1 1 800 801 7114
9764 2 2 1 1 1054 1055 7112
9765 2 2 1 1 3720 3472 6065
9766 2 2 1 1 2844 7195 7228
9767 2 2 1 1 929 930 7111
9768 2 2 1 1 925 926 7110
9769 2 2 1 1 1394 1395 7778
9770 2 2 1 1 6054 1935 8675
9771 2 2 1 1 3036 3033 7718
9772 2 2 1 1 1882 5572 7538
9773 2 2 1 1 1058 1059 7106
9774 2 2 1 1 796 797 7105
9775 2 2 1 1 610 611 8025
9776 2 2 1 1 3928 3500 7701
9777 2 2 1 1 2999 3001 3002
9778 2 2 1 1 6364 5041 9239
9779 2 2 1 1 3028 3029 3030
9780 2 2 1 1 9023 4494 9429
9781 2 2 1 1 4332 4333 4337
9782 2 2 1 1 4142 4140 7446
9783 2 2 1 1 1165 1166 1590
9784 2 2 1 1 7287 4566 7581
9785 2 2 1 1 5196 5194 7471
9786 2 2 1 1 2133 6753 6941
9787 2 2 1 1 7446 4140 7473
9788 2 2 1 1 8041 9664 9680
9789 2 2 1 1 5351 4944 5352
9790 2 2 1 1 43 44 7101
9791 2 2 1 1 3923 3922 4464
9792 2 2 1 1 428 429 1814
9793 2 2 1 1 306 307 1784
9794 2 2 1 1 689 690 7102
9795 2 2 1 1 4957 4959 4960
9796 2 2 1 1 6054 1807 7428
9797 2 2 1 1 2217 2219 2220
9798 2 2 1 1 5317 3553 9673
9799 2 2 1 1 4085 3832 9791
9800 2 2 1 1 104 105 7099
9801 2 2 1 1 8208 6914 8429
9802 2 2 1 1 4959 4963 7261
9803 2 2 1 1 1479 1480 8245
9804 2 2 1 1 6445 7708 7709
9805 2 2 1 1 2647 3592 9460
9806 2 2 1 1 2246 2247 2248
9807 2 2 1 1 2941 2940 2942
9808 2 2 1 1 4219 4220 8066
9809 2 2 1 1 3030 3031 3032
9810 2 2 1 1 2384 6319 8635
9811 2 2 1 1 3553 5317 9128
9812 2 2 1 1 7988 3610 9756
9813 2 2 1 1 4037 4078 4079
9814 2 2 1 1 7083 3962 7529
9815 2 2 1 1 508 509 7097
9816 2 2 1 1 3837 3643 4496
9817 2 2 1 1 3032 3033 3034
9818 2 2 1 1 3891 3486 3892
9819 2 2 1 1 1905 7125 9765
9820 2 2 1 1 2248 2249 2250
9821 2 2 1 1 6321 7792 7835
9822 2 2 1 1 5550 4341 9032
9823 2 2 1 1 6228 6651 9124
9824 2 2 1 1 5375 8156 8300
9825 2 2 1 1 8156 4869 8300
9826 2 2 1 1 4549 4551 7248
9827 2 2 1 1 3149 8844 9011
9828 2 2 1 1 1542 1541 8636
9829 2 2 1 1 1852 5580 9143
9830 2 2 1 1 2250 2251 2252
9831 2 2 1 1 5431 2491 9703
9832 2 2 1 1 8165 388 8166
9833 2 2 1 1 6745 1614 7658
9834 2 2 1 1 4140 4138 7473
9835 2 2 1 1 4652 4654 6189
9836 2 2 1 1 2993 2995 2996
9837 2 2 1 1 1394 7778 7825
9838 2 2 1 1 4257 4255 7497
9839 2 2 1 1 4201 4200 7580
9840 2 2 1 1 4638 4639 7276
9841 2 2 1 1 2427 2425 8544
9842 2 2 1 1 7473 4138 7496
9843 2 2 1 1 6750 1656 7732
9844 2 2 1 1 3918 3920 4018
9845 2 2 1 1 3962 5973 7529
9846 2 2 1 1 4810 4812 4824
9847 2 2 1 1 6513 6512 6514
9848 2 2 1 1 4553 4555 7246
9849 2 2 1 1 1903 7157 9763
9850 2 2 1 1 8157 1195 8553
9851 2 2 1 1 4530 4532 4541
9852 2 2 1 1 1393 7825 7883
9853 2 2 1 1 575 576 7094
9854 2 2 1 1 4471 4470 7524
9855 2 2 1 1 1478 1477 7806
9856 2 2 1 1 7362 7113 7363
9857 2 2 1 1 1966 6415 6805
9858 2 2 1 1 217 218 7092
9859 2 2 1 1 2056 6394 9327
9860 2 2 1 1 5611 5612 5614
9861 2 2 1 1 3563 3645 3889
9862 2 2 1 1 8073 66 8489
9863 2 2 1 1 1988 7993 8954
9864 2 2 1 1 6722 2158 8744
9865 2 2 1 1 1393 1394 7825
9866 2 2 1 1 7254 4606 7606
9867 2 2 1 1 7300 2913 7401
9868 2 2 1 1 7060 3556 7202
9869 2 2 1 1 1479 8245 8276
9870 2 2 1 1 6331 4891 9608
9871 2 2 1 1 7981 6602 8395
9872 2 2 1 1 4525 4523 7508
9873 2 2 1 1 180 181 7089
9874 2 2 1 1 5303 5301 7518
9875 2 2 1 1 3018 3019 3020
9876 2 2 1 1 591 592 7450
9877 2 2 1 1 7481 4850 7592
9878 2 2 1 1 4357 4359 7516
9879 2 2 1 1 2211 2213 2214
9880 2 2 1 1 1532 1531 8184
9881 2 2 1 1 1877 597 6207
9882 2 2 1 1 1622 6482 6799
9883 2 2 1 1 4979 4981 7274
9884 2 2 1 1 4802 4804 7252
9885 2 2 1 1 8346 2958 8455
9886 2 2 1 1 1758 6511 6792
9887 2 2 1 1 3020 3021 3022
9888 2 2 1 1 6022 6025 7699
9889 2 2 1 1 6706 4004 8345
9890 2 2 1 1 5935 5917 7302
9891 2 2 1 1 4138 4136 7496
9892 2 2 1 1 1322 1321 8497
9893 2 2 1 1 2987 2989 2990
9894 2 2 1 1 1358 8008 8342
9895 2 2 1 1 3872 3589 7942
9896 2 2 1 1 3022 3023 3024
9897 2 2 1 1 5310 5311 8438
9898 2 2 1 1 4369 4367 7493
9899 2 2 1 1 2750 5452 8550
9900 2 2 1 1 2236 2237 2238
9901 2 2 1 1 1204 1205 7088
9902 2 2 1 1 650 651 7087
9903 2 2 1 1 2226 7707 9488
9904 2 2 1 1 3533 3871 3885
9905 2 2 1 1 2805 3561 3617
9906 2 2 1 1 2238 2239 2240
9907 2 2 1 1 6324 2029 6685
9908 2 2 1 1 6800 5286 7492
9909 2 2 1 1 2240 2241 2242
9910 2 2 1 1 8808 3548 8897
9911 2 2 1 1 7244 5130 8148
9912 2 2 1 1 2840 3879 3884
9913 2 2 1 1 4639 4652 7276
9914 2 2 1 1 7572 5451 7722
9915 2 2 1 1 2205 2207 2208
9916 2 2 1 1 6188 4444 9578
9917 2 2 1 1 2717 2716 2718
9918 2 2 1 1 391 392 2132
9919 2 2 1 1 7554 4190 8167
9920 2 2 1 1 1857 6871 8414
9921 2 2 1 1 2152 1248 8602
9922 2 2 1 1 2722 2723 2724
9923 2 2 1 1 3876 4427 4428
9924 2 2 1 1 2935 2934 2936
9925 2 2 1 1 3173 3176 7694
9926 2 2 1 1 844 845 1605
9927 2 2 1 1 7530 4132 7543
9928 2 2 1 1 6420 6421 7212
9929 2 2 1 1 1972 6538 6785
9930 2 2 1 1 4762 4760 4766
9931 2 2 1 1 2369 2372 7697
9932 2 2 1 1 1102 1103 8090
9933 2 2 1 1 752 753 1647
9934 2 2 1 1 1379 1378 7472
9935 2 2 1 1 5468 1569 8190
9936 2 2 1 1 7852 6621 8380
9937 2 2 1 1 5140 5142 5188
9938 2 2 1 1 343 344 7074
9939 2 2 1 1 3687 5421 9738
9940 2 2 1 1 6273 6272 7036
9941 2 2 1 1 1794 6763 7633
9942 2 2 1 1 3706 4512 4889
9943 2 2 1 1 3727 3741 7126
9944 2 2 1 1 724 725 8084
9945 2 2 1 1 5447 8573 9499
9946 2 2 1 1 4816 4818 4936
9947 2 2 1 1 2693 2694 2712
9948 2 2 1 1 4557 4559 7295
9949 2 2 1 1 1298 6191 8581
9950 2 2 1 1 1756 6768 7631
9951 2 2 1 1 1010 1011 7077
9952 2 2 1 1 973 974 7076
9953 2 2 1 1 881 882 7075
9954 2 2 1 1 7046 7047 7048
9955 2 2 1 1 5974 2314 9686
9956 2 2 1 1 3797 3738 5362
9957 2 2 1 1 4656 4658 4659
9958 2 2 1 1 7084 5312 8657
9959 2 2 1 1 6290 2028 6700
9960 2 2 1 1 1130 1131 7071
9961 2 2 1 1 6259 7467 8409
9962 2 2 1 1 4208 4207 7774
9963 2 2 1 1 6730 6729 9441
9964 2 2 1 1 5913 1944 8556
9965 2 2 1 1 3614 7985 9443
9966 2 2 1 1 2385 2813 7751
9967 2 2 1 1 7471 5194 7533
9968 2 2 1 1 4981 4983 4984
9969 2 2 1 1 6264 1811 6702
9970 2 2 1 1 8513 4418 8782
9971 2 2 1 1 1478 1479 8276
9972 2 2 1 1 132 133 1695
9973 2 2 1 1 6062 4096 8253
9974 2 2 1 1 3635 3636 4189
9975 2 2 1 1 3010 3011 3012
9976 2 2 1 1 4555 4557 4643
9977 2 2 1 1 2736 2739 3655
9978 2 2 1 1 536 537 7066
9979 2 2 1 1 7387 4459 8221
9980 2 2 1 1 3695 4506 6621
9981 2 2 1 1 6851 4219 9391
9982 2 2 1 1 7477 8256 9725
9983 2 2 1 1 5411 4599 9221
9984 2 2 1 1 1392 7883 7953
9985 2 2 1 1 5150 5152 5202
9986 2 2 1 1 1942 5959 9486
9987 2 2 1 1 4654 4656 7266
9988 2 2 1 1 6703 8042 8673
9989 2 2 1 1 1392 1393 7883
9990 2 2 1 1 8729 4430 9432
9991 2 2 1 1 3012 3013 3014
9992 2 2 1 1 4105 4107 7181
9993 2 2 1 1 2927 2926 2928
9994 2 2 1 1 7704 7702 8298
9995 2 2 1 1 4086 4085 8865
9996 2 2 1 1 6672 6673 9376
9997 2 2 1 1 265 266 1722
9998 2 2 1 1 3582 3311 9440
9999 2 2 1 1 5560 5558 7885
10000 2 2 1 1 2199 2201 2202
10001 2 2 1 1 2230 2231 2232
10002 2 2 1 1 2981 2983 2984
10003 2 2 1 1 4953 4955 7286
10004 2 2 1 1 4658 4661 7301
10005 2 2 1 1 7283 3934 7780
10006 2 2 1 1 2228 2229 2230
10007 2 2 1 1 2817 2200 7552
10008 2 2 1 1 2917 3506 8532
10009 2 2 1 1 4472 4474 4722
10010 2 2 1 1 4132 4130 7543
10011 2 2 1 1 469 470 7058
10012 2 2 1 1 7460 3395 7889
10013 2 2 1 1 4468 4469 7373
10014 2 2 1 1 4955 4957 7264
10015 2 2 1 1 3595 6378 7758
10016 2 2 1 1 4808 4810 7738
10017 2 2 1 1 4087 3832 7035
10018 2 2 1 1 4115 4117 4133
10019 2 2 1 1 1478 8276 8323
10020 2 2 1 1 3647 7837 8406
10021 2 2 1 1 5194 5192 7533
10022 2 2 1 1 8458 6212 8460
10023 2 2 1 1 4136 4132 7530
10024 2 2 1 1 2112 5839 7364
10025 2 2 1 1 7303 6115 8262
10026 2 2 1 1 7496 4136 7530
10027 2 2 1 1 1660 5821 7361
10028 2 2 1 1 6891 6893 7249
10029 2 2 1 1 3894 4911 8273
10030 2 2 1 1 3700 3877 4542
10031 2 2 1 1 5844 5843 6682
10032 2 2 1 1 7775 6014 7776
10033 2 2 1 1 3730 3974 7216
10034 2 2 1 1 6540 5601 6566
10035 2 2 1 1 4898 3701 4899
10036 2 2 1 1 476 477 2127
10037 2 2 1 1 4109 4111 4134
10038 2 2 1 1 6778 3991 7541
10039 2 2 1 1 7533 5192 7597
10040 2 2 1 1 11 12 7053
10041 2 2 1 1 4084 4083 6855
10042 2 2 1 1 5849 1670 7365
10043 2 2 1 1 5810 5811 9111
10044 2 2 1 1 3737 3935 7255
10045 2 2 1 1 6424 2404 8624
10046 2 2 1 1 7325 5638 8450
10047 2 2 1 1 6530 5910 9718
10048 2 2 1 1 8994 4899 9751
10049 2 2 1 1 1562 1561 7514
10050 2 2 1 1 3002 3003 3004
10051 2 2 1 1 2732 2734 2777
10052 2 2 1 1 3694 3883 4495
10053 2 2 1 1 5593 7945 8312
10054 2 2 1 1 6996 4009 8170
10055 2 2 1 1 7209 5567 7634
10056 2 2 1 1 258 259 7042
10057 2 2 1 1 9653 4714 9726
10058 2 2 1 1 4094 8247 8736
10059 2 2 1 1 5015 5012 7202
10060 2 2 1 1 1390 8013 8026
10061 2 2 1 1 4606 5770 7606
10062 2 2 1 1 5793 1617 7353
10063 2 2 1 1 2313 2316 7720
10064 2 2 1 1 3004 3005 3006
10065 2 2 1 1 4099 4101 7360
10066 2 2 1 1 8185 1305 9550
10067 2 2 1 1 71 72 1771
10068 2 2 1 1 4850 4848 7592
10069 2 2 1 1 5168 5170 5172
10070 2 2 1 1 543 544 1751
10071 2 2 1 1 4467 4466 4772
10072 2 2 1 1 3926 3500 3928
10073 2 2 1 1 78 79 7041
10074 2 2 1 1 5324 4902 7741
10075 2 2 1 1 2021 6258 6705
10076 2 2 1 1 2222 2223 2224
10077 2 2 1 1 2220 2221 2222
10078 2 2 1 1 6950 1922 6961
10079 2 2 1 1 8295 3514 8340
10080 2 2 1 1 1137 1138 1583
10081 2 2 1 1 139 140 7038
10082 2 2 1 1 8040 4644 8341
10083 2 2 1 1 5020 5017 7130
10084 2 2 1 1 1391 1392 7953
10085 2 2 1 1 68 69 8492
10086 2 2 1 1 4947 4948 7402
10087 2 2 1 1 4822 4825 4852
10088 2 2 1 1 3787 3589 3872
10089 2 2 1 1 888 889 8055
10090 2 2 1 1 966 967 1676
10091 2 2 1 1 1017 1018 1727
10092 2 2 1 1 6471 8161 8894
10093 2 2 1 1 2921 2920 2922
10094 2 2 1 1 4951 4953 4961
10095 2 2 1 1 4665 4667 4677
10096 2 2 1 1 5408 4089 8233
10097 2 2 1 1 4661 4663 7267
10098 2 2 1 1 3429 5450 8579
10099 2 2 1 1 3235 3233 7816
10100 2 2 1 1 717 718 7034
10101 2 2 1 1 4559 4561 7296
10102 2 2 1 1 7214 7213 9668
10103 2 2 1 1 6510 6625 9070
10104 2 2 1 1 350 351 2125
10105 2 2 1 1 4121 4123 7331
10106 2 2 1 1 5014 5015 7130
10107 2 2 1 1 5606 6728 8989
10108 2 2 1 1 2120 5759 7340
10109 2 2 1 1 759 760 7030
10110 2 2 1 1 1095 1096 7029
10111 2 2 1 1 4663 4665 7359
10112 2 2 1 1 7543 4130 7570
10113 2 2 1 1 837 838 7028
10114 2 2 1 1 3460 2988 7598
10115 2 2 1 1 4228 4227 4229
10116 2 2 1 1 1744 6561 9159
10117 2 2 1 1 3971 3476 7740
10118 2 2 1 1 6874 6872 8383
10119 2 2 1 1 4111 4113 7307
10120 2 2 1 1 4101 4103 4486
10121 2 2 1 1 6939 1589 9227
10122 2 2 1 1 7019 4924 9265
10123 2 2 1 1 2146 8375 9366
10124 2 2 1 1 4472 4722 7373
10125 2 2 1 1 1477 1478 8323
10126 2 2 1 1 4566 4564 7581
10127 2 2 1 1 2996 2997 2998
10128 2 2 1 1 4833 4835 4844
10129 2 2 1 1 4137 4139 4510
10130 2 2 1 1 2875 2876 2877
10131 2 2 1 1 3636 3096 7174
10132 2 2 1 1 7580 2776 8471
10133 2 2 1 1 2195 2197 2198
10134 2 2 1 1 2913 2912 2914
10135 2 2 1 1 5192 5187 7597
10136 2 2 1 1 1191 1192 2123
10137 2 2 1 1 7727 3419 9071
10138 2 2 1 1 5775 5774 5776
10139 2 2 1 1 3910 6145 9165
10140 2 2 1 1 4786 4789 8078
10141 2 2 1 1 6252 8494 8507
10142 2 2 1 1 5302 5304 5388
10143 2 2 1 1 2973 2975 2976
10144 2 2 1 1 2214 2215 2216
10145 2 2 1 1 2977 2979 2980
10146 2 2 1 1 5071 5069 5075
10147 2 2 1 1 3875 4537 9379
10148 2 2 1 1 1230 1231 8863
10149 2 2 1 1 4892 7198 7199
10150 2 2 1 1 4130 4128 7570
10151 2 2 1 1 4764 4762 7333
10152 2 2 1 1 6586 4186 8548
10153 2 2 1 1 4561 4563 4599
10154 2 2 1 1 2164 3667 5980
10155 2 2 1 1 173 174 2121
10156 2 2 1 1 4183 3733 9624
10157 2 2 1 1 8277 7569 9480
10158 2 2 1 1 4481 5426 9406
10159 2 2 1 1 4280 4278 7611
10160 2 2 1 1 663 664 7022
10161 2 2 1 1 4454 4208 7774
10162 2 2 1 1 4250 4251 7442
10163 2 2 1 1 3609 4090 9570
10164 2 2 1 1 5688 2123 7326
10165 2 2 1 1 4772 6744 8868
10166 2 2 1 1 3605 5905 8733
10167 2 2 1 1 2727 2730 2746
10168 2 2 1 1 4995 1539 8296
10169 2 2 1 1 7840 6626 8405
10170 2 2 1 1 4129 4131 6793
10171 2 2 1 1 1390 1391 8013
10172 2 2 1 1 5067 5063 7124
10173 2 2 1 1 1391 7953 8013
10174 2 2 1 1 5180 5182 5197
10175 2 2 1 1 4772 4466 7761
10176 2 2 1 1 3728 3730 7216
10177 2 2 1 1 224 225 2120
10178 2 2 1 1 1379 7472 7679
10179 2 2 1 1 7263 4319 8159
10180 2 2 1 1 7621 4126 7637
10181 2 2 1 1 4975 4977 4987
10182 2 2 1 1 2032 6241 6713
10183 2 2 1 1 4103 4105 7382
10184 2 2 1 1 3622 3881 3882
10185 2 2 1 1 4123 4125 4155
10186 2 2 1 1 6534 6822 8900
10187 2 2 1 1 4107 4109 7332
10188 2 2 1 1 4365 4368 7416
10189 2 2 1 1 1477 8323 8347
10190 2 2 1 1 8257 6146 8513
10191 2 2 1 1 2267 2270 7726
10192 2 2 1 1 8509 1567 8688
10193 2 2 1 1 3998 6282 8585
10194 2 2 1 1 4225 5486 8687
10195 2 2 1 1 5849 8080 8081
10196 2 2 1 1 5134 5136 7747
10197 2 2 1 1 7570 4128 7621
10198 2 2 1 1 2185 2187 2188
10199 2 2 1 1 3969 3476 3971
10200 2 2 1 1 4364 4365 7416
10201 2 2 1 1 5106 9106 9664
10202 2 2 1 1 5662 1676 7313
10203 2 2 1 1 3585 5298 7455
10204 2 2 1 1 4119 4121 7381
10205 2 2 1 1 5010 7060 7202
10206 2 2 1 1 4644 6047 8341
10207 2 2 1 1 4245 3870 8663
10208 2 2 1 1 4951 4961 7402
10209 2 2 1 1 8655 5789 9421
10210 2 2 1 1 7597 5187 7665
10211 2 2 1 1 501 502 2117
10212 2 2 1 1 3725 4088 9567
10213 2 2 1 1 3400 6350 8758
10214 2 2 1 1 3096 3097 7174
10215 2 2 1 1 4128 4126 7621
10216 2 2 1 1 5 1228 9681
10217 2 2 1 1 1250 5 9681
10218 2 2 1 1 1727 5675 7314
10219 2 2 1 1 3620 4093 9583
10220 2 2 1 1 1314 1315 8027
10221 2 2 1 1 2990 2991 2992
10222 2 2 1 1 4254 4256 4296
10223 2 2 1 1 1913 6898 6901
10224 2 2 1 1 1300 6437 7588
10225 2 2 1 1 4673 4675 4688
10226 2 2 1 1 2967 2969 2970
10227 2 2 1 1 2208 2209 2210
10228 2 2 1 1 4891 6516 9782
10229 2 2 1 1 4485 4517 7151
10230 2 2 1 1 682 683 1617
10231 2 2 1 1 97 98 2116
10232 2 2 1 1 3706 3705 4512
10233 2 2 1 1 8309 7059 9432
10234 2 2 1 1 6749 6729 9380
10235 2 2 1 1 36 37 2114
10236 2 2 1 1 2725 2727 7461
10237 2 2 1 1 7690 4540 8189
10238 2 2 1 1 3671 4467 6626
10239 2 2 1 1 7 589 8019
10240 2 2 1 1 4667 4669 7354
10241 2 2 1 1 2189 2191 2192
10242 2 2 1 1 4173 4175 4218
10243 2 2 1 1 562 563 6997
10244 2 2 1 1 5696 5695 5697
10245 2 2 1 1 4358 4061 9678
10246 2 2 1 1 5076 5073 5521
10247 2 2 1 1 4126 4124 7637
10248 2 2 1 1 5193 5195 5203
10249 2 2 1 1 4978 4976 7650
10250 2 2 1 1 803 804 1660
10251 2 2 1 1 1051 1052 2113
10252 2 2 1 1 7288 7193 7289
10253 2 2 1 1 932 933 2112
10254 2 2 1 1 922 923 1670
10255 2 2 1 1 4167 4169 4450
10256 2 2 1 1 6658 4549 7248
10257 2 2 1 1 1061 1062 1837
10258 2 2 1 1 793 794 2111
10259 2 2 1 1 1304 6220 9550
10260 2 2 1 1 5336 9172 9344
10261 2 2 1 1 299 300 6994
10262 2 2 1 1 2903 2902 2904
10263 2 2 1 1 4567 4569 4705
10264 2 2 1 1 3845 3846 7837
10265 2 2 1 1 3036 7718 8044
10266 2 2 1 1 2978 6367 8926
10267 2 2 1 1 4113 4115 7379
10268 2 2 1 1 6278 3857 8611
10269 2 2 1 1 4680 4682 4697
10270 2 2 1 1 4221 4201 7580
10271 2 2 1 1 1172 1173 6995
10272 2 2 1 1 1357 1358 8342
10273 2 2 1 1 692 693 2110
10274 2 2 1 1 3915 3916 3917
10275 2 2 1 1 1917 8350 8352
10276 2 2 1 1 4911 3803 8792
10277 2 2 1 1 5105 5103 5106
10278 2 2 1 1 5440 5438 7172
10279 2 2 1 1 2127 5634 7305
10280 2 2 1 1 5063 5061 7124
10281 2 2 1 1 46 47 1803
10282 2 2 1 1 1476 1477 8347
10283 2 2 1 1 3761 3759 5406
10284 2 2 1 1 4892 4536 7198
10285 2 2 1 1 5389 4058 7664
10286 2 2 1 1 5816 7168 8798
10287 2 2 1 1 2411 2821 8229
10288 2 2 1 1 4151 4153 4164
10289 2 2 1 1 5359 5956 7118
10290 2 2 1 1 3789 3713 7241
10291 2 2 1 1 6430 6050 8642
10292 2 2 1 1 7824 4897 8423
10293 2 2 1 1 1316 1317 8549
10294 2 2 1 1 1374 1373 8372
10295 2 2 1 1 7592 4848 7729
10296 2 2 1 1 450 451 7989
10297 2 2 1 1 6728 2737 8989
10298 2 2 1 1 3793 3746 7226
10299 2 2 1 1 8060 7213 8062
10300 2 2 1 1 4145 4147 4163
10301 2 2 1 1 511 512 1759
10302 2 2 1 1 4368 4370 4419
10303 2 2 1 1 1526 1525 8373
10304 2 2 1 1 4839 4841 4851
10305 2 2 1 1 6671 4305 7806
10306 2 2 1 1 2889 2888 2890
10307 2 2 1 1 7024 5867 7856
10308 2 2 1 1 3552 7872 9685
10309 2 2 1 1 6824 5693 8979
10310 2 2 1 1 4610 4612 4641
10311 2 2 1 1 5203 3554 9781
10312 2 2 1 1 5187 5185 7665
10313 2 2 1 1 3911 3797 9405
10314 2 2 1 1 1162 1163 6977
10315 2 2 1 1 7659 6358 7660
10316 2 2 1 1 4230 4229 4231
10317 2 2 1 1 5357 5360 7548
10318 2 2 1 1 3572 3662 7862
10319 2 2 1 1 3531 3245 8072
10320 2 2 1 1 2729 2868 3629
10321 2 2 1 1 9315 7261 9734
10322 2 2 1 1 4281 4283 7147
10323 2 2 1 1 1389 1390 8026
10324 2 2 1 1 1531 5510 8184
10325 2 2 1 1 3099 3098 8505
10326 2 2 1 1 2202 2203 2204
10327 2 2 1 1 2844 7228 7229
10328 2 2 1 1 425 426 6973
10329 2 2 1 1 7281 7204 7282
10330 2 2 1 1 1958 6825 7555
10331 2 2 1 1 4777 4780 7194
10332 2 2 1 1 2984 2985 2986
10333 2 2 1 1 5671 8735 9546
10334 2 2 1 1 2959 2961 2962
10335 2 2 1 1 578 579 2102
10336 2 2 1 1 3035 3038 7744
10337 2 2 1 1 7682 4122 7698
10338 2 2 1 1 4274 4275 8006
10339 2 2 1 1 214 215 1712
10340 2 2 1 1 2181 2183 2184
10341 2 2 1 1 8956 3507 9369
10342 2 2 1 1 5444 5440 7172
10343 2 2 1 1 7527 5755 7773
10344 2 2 1 1 1814 429 7256
10345 2 2 1 1 1785 303 7234
10346 2 2 1 1 6737 2011 7671
10347 2 2 1 1 5072 5074 7711
10348 2 2 1 1 1389 8026 8049
10349 2 2 1 1 2792 8270 8660
10350 2 2 1 1 309 310 6967
10351 2 2 1 1 1695 133 7288
10352 2 2 1 1 6383 1882 7538
10353 2 2 1 1 1476 8347 8382
10354 2 2 1 1 2760 6727 6990
10355 2 2 1 1 3779 8713 8908
10356 2 2 1 1 6006 8879 9785
10357 2 2 1 1 3716 3714 5371
10358 2 2 1 1 6738 4425 8022
10359 2 2 1 1 8728 3527 8828
10360 2 2 1 1 432 1840 7235
10361 2 2 1 1 4073 3793 7226
10362 2 2 1 1 2146 566 8536
10363 2 2 1 1 1590 1166 7253
10364 2 2 1 1 177 2118 7138
10365 2 2 1 1 183 184 1705
10366 2 2 1 1 2115 221 7132
10367 2 2 1 1 2122 347 7148
10368 2 2 1 1 306 1784 7257
10369 2 2 1 1 6251 4243 8842
10370 2 2 1 1 505 2109 7127
10371 2 2 1 1 1721 262 7180
10372 2 2 1 1 136 1696 7192
10373 2 2 1 1 101 2108 7122
10374 2 2 1 1 1752 540 7166
10375 2 2 1 1 40 2107 7119
10376 2 2 1 1 75 1772 7183
10377 2 2 1 1 1647 753 7281
10378 2 2 1 1 3964 3966 4300
10379 2 2 1 1 2126 473 7175
10380 2 2 1 1 6201 6200 7460
10381 2 2 1 1 1802 43 7101
10382 2 2 1 1 1780 104 7099
10383 2 2 1 1 8315 4156 8327
10384 2 2 1 1 1760 508 7097
10385 2 2 1 1 3861 4008 7129
10386 2 2 1 1 5231 2830 9599
10387 2 2 1 1 5058 5057 7872
10388 2 2 1 1 2095 575 7094
10389 2 2 1 1 218 1711 7092
10390 2 2 1 1 1606 841 7206
10391 2 2 1 1 2131 1099 7205
10392 2 2 1 1 391 2132 7278
10393 2 2 1 1 3712 4487 4909
10394 2 2 1 1 2130 721 7200
10395 2 2 1 1 1704 180 7089
10396 2 2 1 1 1169 1591 7238
10397 2 2 1 1 2121 174 7335
10398 2 2 1 1 756 1648 7203
10399 2 2 1 1 660 2147 8557
10400 2 2 1 1 3190 7709 8846
10401 2 2 1 1 1725 1014 7156
10402 2 2 1 1 970 1677 7157
10403 2 2 1 1 2124 885 7158
10404 2 2 1 1 1582 1134 7165
10405 2 2 1 1 7090 3898 8199
10406 2 2 1 1 686 1618 7125
10407 2 2 1 1 344 1740 7074
10408 2 2 1 1 4989 4993 7171
10409 2 2 1 1 1661 800 7114
10410 2 2 1 1 1055 2106 7112
10411 2 2 1 1 2105 929 7111
10412 2 2 1 1 926 1669 7110
10413 2 2 1 1 1643 1058 7106
10414 2 2 1 1 797 2103 7105
10415 2 2 1 1 647 648 2100
10416 2 2 1 1 1676 967 7313
10417 2 2 1 1 2101 689 7102
10418 2 2 1 1 7581 4564 7984
10419 2 2 1 1 265 1722 7292
10420 2 2 1 1 113 114 6865
10421 2 2 1 1 537 2081 7066
10422 2 2 1 1 7637 4124 7682
10423 2 2 1 1 452 453 8649
10424 2 2 1 1 2123 1192 7326
10425 2 2 1 1 2117 502 7349
10426 2 2 1 1 844 1605 7279
10427 2 2 1 1 1102 8090 8091
10428 2 2 1 1 1508 1507 8456
10429 2 2 1 1 6613 4236 8496
10430 2 2 1 1 470 1796 7058
10431 2 2 1 1 724 8084 8085
10432 2 2 1 1 24 25 7607
10433 2 2 1 1 476 2127 7305
10434 2 2 1 1 6348 4303 9801
10435 2 2 1 1 2116 98 7355
10436 2 2 1 1 651 2094 7087
10437 2 2 1 1 1852 1204 7088
10438 2 2 1 1 2114 37 7356
10439 2 2 1 1 2963 2965 2966
10440 2 2 1 1 1011 2089 7077
10441 2 2 1 1 1946 11 7053
10442 2 2 1 1 2087 973 7076
10443 2 2 1 1 882 1681 7075
10444 2 2 1 1 435 436 8448
10445 2 2 1 1 4124 4122 7682
10446 2 2 1 1 543 1751 7308
10447 2 2 1 1 1131 2086 7071
10448 2 2 1 1 3934 3933 7780
10449 2 2 1 1 6353 6355 9152
10450 2 2 1 1 572 1829 8537
10451 2 2 1 1 1262 8854 8937
10452 2 2 1 1 259 2078 7042
10453 2 2 1 1 4983 4986 8010
10454 2 2 1 1 5069 5067 7459
10455 2 2 1 1 2068 7486 9297
10456 2 2 1 1 7841 5722 7842
10457 2 2 1 1 2076 78 7041
10458 2 2 1 1 1201 2148 8561
10459 2 2 1 1 1733 654 8562
10460 2 2 1 1 4122 4120 7698
10461 2 2 1 1 2075 139 7038
10462 2 2 1 1 5743 5746 5747
10463 2 2 1 1 350 2125 7321
10464 2 2 1 1 3454 7551 7655
10465 2 2 1 1 1617 683 7353
10466 2 2 1 1 3735 3737 7255
10467 2 2 1 1 8535 569 8538
10468 2 2 1 1 2253 2256 7749
10469 2 2 1 1 3397 3390 3398
10470 2 2 1 1 2172 2175 2176
10471 2 2 1 1 4403 4405 4413
10472 2 2 1 1 4848 4846 7729
10473 2 2 1 1 2113 1052 7362
10474 2 2 1 1 1670 923 7365
10475 2 2 1 1 2111 794 7367
10476 2 2 1 1 1137 1583 7312
10477 2 2 1 1 657 8554 8555
10478 2 2 1 1 5717 5721 5722
10479 2 2 1 1 888 8055 8056
10480 2 2 1 1 1017 1727 7314
10481 2 2 1 1 3922 3462 3924
10482 2 2 1 1 1388 1389 8049
10483 2 2 1 1 1712 215 7385
10484 2 2 1 1 438 439 2142
10485 2 2 1 1 6478 5344 9749
10486 2 2 1 1 340 341 1741
10487 2 2 1 1 224 2120 7340
10488 2 2 1 1 1007 1008 2099
10489 2 2 1 1 718 1626 7034
10490 2 2 1 1 976 977 2098
10491 2 2 1 1 878 879 1683
10492 2 2 1 1 7922 8295 8340
10493 2 2 1 1 7882 7870 8432
10494 2 2 1 1 3937 3939 4545
10495 2 2 1 1 2074 759 7030
10496 2 2 1 1 1096 1633 7029
10497 2 2 1 1 1105 1106 7913
10498 2 2 1 1 838 2073 7028
10499 2 2 1 1 1380 1379 7679
10500 2 2 1 1 6553 5456 9564
10501 2 2 1 1 2177 2179 2180
10502 2 2 1 1 5964 7276 9761
10503 2 2 1 1 3931 5372 9243
10504 2 2 1 1 2712 2713 2715
10505 2 2 1 1 8512 4429 9034
10506 2 2 1 1 4571 4573 4647
10507 2 2 1 1 727 728 1687
10508 2 2 1 1 1127 1128 2097
10509 2 2 1 1 4897 4898 8654
10510 2 2 1 1 1611 663 7022
10511 2 2 1 1 7742 5183 7781
10512 2 2 1 1 1741 341 7403
10513 2 2 1 1 7687 7686 8628
10514 2 2 1 1 2164 2166 3667
10515 2 2 1 1 7017 3972 7892
10516 2 2 1 1 441 442 7015
10517 2 2 1 1 4780 4779 7179
10518 2 2 1 1 4982 4980 8500
10519 2 2 1 1 7179 4782 7196
10520 2 2 1 1 2100 648 7395
10521 2 2 1 1 384 385 8541
10522 2 2 1 1 2727 2746 7461
10523 2 2 1 1 1605 5563 7279
10524 2 2 1 1 563 1745 6997
10525 2 2 1 1 8854 1261 9444
10526 2 2 1 1 7493 4367 8008
10527 2 2 1 1 2132 5534 7278
10528 2 2 1 1 300 2057 6994
10529 2 2 1 1 2096 534 7420
10530 2 2 1 1 6459 7601 9502
10531 2 2 1 1 7497 4255 8092
10532 2 2 1 1 5559 5560 7453
10533 2 2 1 1 46 1803 7372
10534 2 2 1 1 1235 1236 8895
10535 2 2 1 1 1475 1476 8382
10536 2 2 1 1 4344 4346 4435
10537 2 2 1 1 2099 1008 7406
10538 2 2 1 1 4038 3818 9806
10539 2 2 1 1 1683 879 7412
10540 2 2 1 1 3924 3462 7746
10541 2 2 1 1 7729 4846 7845
10542 2 2 1 1 2097 1128 7418
10543 2 2 1 1 803 1660 7361
10544 2 2 1 1 450 7989 8437
10545 2 2 1 1 3930 3522 3932
10546 2 2 1 1 932 2112 7364
10547 2 2 1 1 1061 1837 7366
10548 2 2 1 1 6591 2182 8887
10549 2 2 1 1 511 1759 7374
10550 2 2 1 1 3747 3749 7290
10551 2 2 1 1 5896 5895 5897
10552 2 2 1 1 7243 4334 8163
10553 2 2 1 1 6674 4011 8803
10554 2 2 1 1 3753 3900 7334
10555 2 2 1 1 1795 467 7426
10556 2 2 1 1 7103 2153 8025
10557 2 2 1 1 2192 2193 2194
10558 2 2 1 1 6029 6028 6030
10559 2 2 1 1 533 534 2096
10560 2 2 1 1 692 2110 7370
10561 2 2 1 1 444 445 1767
10562 2 2 1 1 1807 63 7428
10563 2 2 1 1 2955 2957 2958
10564 2 2 1 1 4558 4556 8446
10565 2 2 1 1 578 2102 7383
10566 2 2 1 1 1277 1276 8958
10567 2 2 1 1 426 2043 6973
10568 2 2 1 1 4000 6706 8480
10569 2 2 1 1 5355 7548 8777
10570 2 2 1 1 2093 256 7436
10571 2 2 1 1 1388 8049 8075
10572 2 2 1 1 1207 1208 6854
10573 2 2 1 1 4200 4084 6855
10574 2 2 1 1 1163 2050 6977
10575 2 2 1 1 183 1705 7390
10576 2 2 1 1 4149 4151 7759
10577 2 2 1 1 1771 72 7319
10578 2 2 1 1 749 750 6848
10579 2 2 1 1 6529 6530 6531
10580 2 2 1 1 7190 7189 7191
10581 2 2 1 1 69 1955 8492
10582 2 2 1 1 447 448 7001
10583 2 2 1 1 7698 4120 7730
10584 2 2 1 1 6131 4298 8358
10585 2 2 1 1 7665 5185 7742
10586 2 2 1 1 4614 4616 4704
10587 2 2 1 1 2059 1172 6995
10588 2 2 1 1 4318 4320 7398
10589 2 2 1 1 3263 3261 9072
10590 2 2 1 1 1475 8382 8411
10591 2 2 1 1 4260 4262 4276
10592 2 2 1 1 6343 7982 8870
10593 2 2 1 1 3832 4087 9791
10594 2 2 1 1 4358 5390 8907
10595 2 2 1 1 8790 7431 9551
10596 2 2 1 1 466 467 1795
10597 2 2 1 1 1625 715 7444
10598 2 2 1 1 5680 3896 9695
10599 2 2 1 1 2065 7466 9296
10600 2 2 1 1 1301 1302 8452
10601 2 2 1 1 1632 1093 7449
10602 2 2 1 1 2088 835 7451
10603 2 2 1 1 3025 3028 7760
10604 2 2 1 1 4841 4845 7475
10605 2 2 1 1 4067 3789 7241
10606 2 2 1 1 976 2098 7410
10607 2 2 1 1 1105 7913 7915
10608 2 2 1 1 3419 7727 9256
10609 2 2 1 1 2084 382 7458
10610 2 2 1 1 2718 2720 7330
10611 2 2 1 1 727 1687 7417
10612 2 2 1 1 3749 3864 7290
10613 2 2 1 1 110 111 1929
10614 2 2 1 1 7070 3809 9321
10615 2 2 1 1 62 63 1807
10616 2 2 1 1 6272 3050 8476
10617 2 2 1 1 1387 1388 8075
10618 2 2 1 1 6129 6128 8832
10619 2 2 1 1 2652 2651 2653
10620 2 2 1 1 4693 4695 4702
10621 2 2 1 1 2813 7307 7379
10622 2 2 1 1 5037 5035 7368
10623 2 2 1 1 4374 4376 4416
10624 2 2 1 1 2243 2246 7757
10625 2 2 1 1 4350 4352 4499
10626 2 2 1 1 2168 2170 2788
10627 2 2 1 1 847 848 6849
10628 2 2 1 1 4751 4753 4941
10629 2 2 1 1 750 2030 6848
10630 2 2 1 1 4320 4322 4336
10631 2 2 1 1 5185 5183 7742
10632 2 2 1 1 4818 4820 7830
10633 2 2 1 1 1387 8075 8094
10634 2 2 1 1 3960 8799 9542
10635 2 2 1 1 4418 6250 8782
10636 2 2 1 1 5886 5887 5888
10637 2 2 1 1 2151 8321 9607
10638 2 2 1 1 3548 8604 9593
10639 2 2 1 1 3371 3370 3372
10640 2 2 1 1 3890 3891 4019
10641 2 2 1 1 129 130 6843
10642 2 2 1 1 14 15 7827
10643 2 2 1 1 4120 4118 7730
10644 2 2 1 1 2976 2977 7121
10645 2 2 1 1 3494 3099 8505
10646 2 2 1 1 4509 3811 6629
10647 2 2 1 1 4675 4678 7456
10648 2 2 1 1 4784 4787 7196
10649 2 2 1 1 6123 6124 7982
10650 2 2 1 1 3539 3398 3540
10651 2 2 1 1 7766 4116 7778
10652 2 2 1 1 4242 4241 8182
10653 2 2 1 1 5073 5071 7463
10654 2 2 1 1 130 2027 6843
10655 2 2 1 1 7666 2788 8225
10656 2 2 1 1 6894 7924 8340
10657 2 2 1 1 4445 3866 7728
10658 2 2 1 1 255 256 2093
10659 2 2 1 1 7052 1814 7256
10660 2 2 1 1 2233 2236 7750
10661 2 2 1 1 5518 5671 9546
10662 2 2 1 1 2042 309 6967
10663 2 2 1 1 1828 6237 7512
10664 2 2 1 1 7139 5109 7223
10665 2 2 1 1 6261 3860 8076
10666 2 2 1 1 81 82 2092
10667 2 2 1 1 3993 3995 4069
10668 2 2 1 1 4556 4554 8546
10669 2 2 1 1 5031 5029 5039
10670 2 2 1 1 4903 4902 5324
10671 2 2 1 1 8515 8491 9691
10672 2 2 1 1 142 143 2091
10673 2 2 1 1 5575 7376 7377
10674 2 2 1 1 1270 1271 8991
10675 2 2 1 1 3327 3326 3328
10676 2 2 1 1 5818 5816 8798
10677 2 2 1 1 5631 1590 7253
10678 2 2 1 1 7938 3614 9443
10679 2 2 1 1 2748 6420 9568
10680 2 2 1 1 5276 5248 7652
10681 2 2 1 1 5093 2841 7663
10682 2 2 1 1 5559 5558 5560
10683 2 2 1 1 2949 2951 2952
10684 2 2 1 1 6551 3406 8783
10685 2 2 1 1 1689 113 6865
10686 2 2 1 1 4577 4579 4646
10687 2 2 1 1 14 7827 7828
10688 2 2 1 1 2599 2598 2600
10689 2 2 1 1 5614 7081 7450
10690 2 2 1 1 4745 4878 9565
10691 2 2 1 1 5183 5181 7781
10692 2 2 1 1 5546 5545 5547
10693 2 2 1 1 5730 5731 8096
10694 2 2 1 1 3758 3851 7342
10695 2 2 1 1 714 715 1625
10696 2 2 1 1 2143 435 8448
10697 2 2 1 1 3897 6980 8070
10698 2 2 1 1 6443 6442 6444
10699 2 2 1 1 5826 5828 5829
10700 2 2 1 1 3015 3018 7765
10701 2 2 1 1 7422 7423 9325
10702 2 2 1 1 438 2142 7422
10703 2 2 1 1 4483 7151 7236
10704 2 2 1 1 762 763 2090
10705 2 2 1 1 1092 1093 1632
10706 2 2 1 1 891 892 7812
10707 2 2 1 1 6271 6273 9658
10708 2 2 1 1 834 835 2088
10709 2 2 1 1 6459 6460 6461
10710 2 2 1 1 1747 560 7476
10711 2 2 1 1 2877 2878 2879
10712 2 2 1 1 8303 7706 8307
10713 2 2 1 1 1765 441 7015
10714 2 2 1 1 5004 3872 7535
10715 2 2 1 1 1449 1448 8358
10716 2 2 1 1 5904 3558 8762
10717 2 2 1 1 4476 4478 8235
10718 2 2 1 1 4196 4212 4461
10719 2 2 1 1 3595 5659 8977
10720 2 2 1 1 2970 2971 2972
10721 2 2 1 1 5099 5097 5400
10722 2 2 1 1 5111 5177 7223
10723 2 2 1 1 6092 6093 6350
10724 2 2 1 1 444 1767 7434
10725 2 2 1 1 2079 297 7479
10726 2 2 1 1 3670 2802 3880
10727 2 2 1 1 268 269 6840
10728 2 2 1 1 1784 5622 7257
10729 2 2 1 1 409 410 6839
10730 2 2 1 1 6470 6472 6473
10731 2 2 1 1 81 2092 7438
10732 2 2 1 1 2141 447 7001
10733 2 2 1 1 7584 4871 7847
10734 2 2 1 1 4444 3840 9578
10735 2 2 1 1 1642 8285 8286
10736 2 2 1 1 1386 1387 8094
10737 2 2 1 1 4254 4296 7442
10738 2 2 1 1 2938 2940 2941
10739 2 2 1 1 5730 5729 5731
10740 2 2 1 1 6248 4636 9744
10741 2 2 1 1 381 382 2084
10742 2 2 1 1 4618 4620 4636
10743 2 2 1 1 142 2091 7440
10744 2 2 1 1 4116 4114 7778
10745 2 2 1 1 4496 3643 4497
10746 2 2 1 1 6095 4426 8400
10747 2 2 1 1 3700 3491 3877
10748 2 2 1 1 110 1929 8434
10749 2 2 1 1 4543 3877 7078
10750 2 2 1 1 5343 3913 8610
10751 2 2 1 1 4071 6842 8366
10752 2 2 1 1 1474 1475 8411
10753 2 2 1 1 4117 4119 7999
10754 2 2 1 1 3622 3840 3881
10755 2 2 1 1 5177 5113 7195
10756 2 2 1 1 4238 7387 8221
10757 2 2 1 1 4020 6332 8452
10758 2 2 1 1 7730 4118 7766
10759 2 2 1 1 5810 5809 5811
10760 2 2 1 1 3688 3718 7627
10761 2 2 1 1 5117 5190 7228
10762 2 2 1 1 1846 5781 7803
10763 2 2 1 1 4118 4116 7766
10764 2 2 1 1 5357 5359 5360
10765 2 2 1 1 666 667 1613
10766 2 2 1 1 2706 7230 8999
10767 2 2 1 1 7799 8816 9195
10768 2 2 1 1 4525 7508 8119
10769 2 2 1 1 6017 7269 8466
10770 2 2 1 1 2225 2228 7758
10771 2 2 1 1 3810 3726 9186
10772 2 2 1 1 1732 1207 6854
10773 2 2 1 1 6867 1945 7499
10774 2 2 1 1 3751 3753 7334
10775 2 2 1 1 3746 5528 7226
10776 2 2 1 1 3756 3758 7342
10777 2 2 1 1 3694 3519 3883
10778 2 2 1 1 4542 7120 8946
10779 2 2 1 1 2724 2729 7710
10780 2 2 1 1 1273 1272 8573
10781 2 2 1 1 6022 6021 6023
10782 2 2 1 1 4901 5476 5477
10783 2 2 1 1 3817 6329 9806
10784 2 2 1 1 963 964 6836
10785 2 2 1 1 3943 3945 4063
10786 2 2 1 1 4022 4024 4204
10787 2 2 1 1 5952 5951 5953
10788 2 2 1 1 4901 5477 8654
10789 2 2 1 1 4446 3848 8582
10790 2 2 1 1 762 2090 7447
10791 2 2 1 1 9025 4498 9381
10792 2 2 1 1 3705 2850 3886
10793 2 2 1 1 891 7812 7813
10794 2 2 1 1 1 9 9182
10795 2 2 1 1 3932 3522 7794
10796 2 2 1 1 1249 1 9182
10797 2 2 1 1 4846 4842 7845
10798 2 2 1 1 2489 2847 8148
10799 2 2 1 1 7884 5560 7885
10800 2 2 1 1 5987 5986 5988
10801 2 2 1 1 2077 423 7494
10802 2 2 1 1 6969 1783 7614
10803 2 2 1 1 479 480 6827
10804 2 2 1 1 2932 2934 2935
10805 2 2 1 1 394 395 8419
10806 2 2 1 1 3657 3705 3706
10807 2 2 1 1 1587 8350 9290
10808 2 2 1 1 5298 5302 7455
10809 2 2 1 1 7245 5058 7872
10810 2 2 1 1 3972 3990 7892
10811 2 2 1 1 1299 1298 8581
10812 2 2 1 1 1267 1268 8480
10813 2 2 1 1 6669 1294 9752
10814 2 2 1 1 6359 6360 6361
10815 2 2 1 1 4287 4289 4546
10816 2 2 1 1 3809 3761 9321
10817 2 2 1 1 3770 3772 7336
10818 2 2 1 1 5775 5776 5777
10819 2 2 1 1 1885 602 6439
10820 2 2 1 1 3007 3010 7769
10821 2 2 1 1 2031 847 6849
10822 2 2 1 1 964 2019 6836
10823 2 2 1 1 4275 4279 8006
10824 2 2 1 1 8269 7007 8297
10825 2 2 1 1 2942 2944 2946
10826 2 2 1 1 6199 6200 6201
10827 2 2 1 1 3654 3694 3695
10828 2 2 1 1 4409 4411 4415
10829 2 2 1 1 1270 1269 9205
10830 2 2 1 1 397 398 1815
10831 2 2 1 1 4569 4571 7474
10832 2 2 1 1 2931 3481 8525
10833 2 2 1 1 1816 394 8419
10834 2 2 1 1 1474 8411 8436
10835 2 2 1 1 1591 5647 7238
10836 2 2 1 1 273 274 8840
10837 2 2 1 1 7195 5115 7228
10838 2 2 1 1 4471 7524 8043
10839 2 2 1 1 7378 8369 8594
10840 2 2 1 1 2194 2195 7669
10841 2 2 1 1 4932 3932 6844
10842 2 2 1 1 4080 5347 8802
10843 2 2 1 1 8163 6141 8468
10844 2 2 1 1 6123 6122 6124
10845 2 2 1 1 3647 5530 8197
10846 2 2 1 1 5955 8402 9037
10847 2 2 1 1 1188 1189 6823
10848 2 2 1 1 1140 1141 6838
10849 2 2 1 1 3327 3519 3654
10850 2 2 1 1 397 1815 8417
10851 2 2 1 1 7048 7047 7049
10852 2 2 1 1 1840 5637 7235
10853 2 2 1 1 546 547 6819
10854 2 2 1 1 3666 2368 3832
10855 2 2 1 1 666 1613 7464
10856 2 2 1 1 4708 4710 4714
10857 2 2 1 1 400 401 1857
10858 2 2 1 1 2599 2850 3657
10859 2 2 1 1 6841 4050 8566
10860 2 2 1 1 1385 1386 8147
10861 2 2 1 1 6227 6228 6229
10862 2 2 1 1 6072 6074 6076
10863 2 2 1 1 5956 6868 7118
10864 2 2 1 1 400 1857 8414
10865 2 2 1 1 4380 4382 4392
10866 2 2 1 1 4882 4884 8150
10867 2 2 1 1 1020 1021 6828
10868 2 2 1 1 3767 3769 7323
10869 2 2 1 1 3591 3869 7787
10870 2 2 1 1 6504 6505 9657
10871 2 2 1 1 4608 4610 7505
10872 2 2 1 1 6486 1380 9800
10873 2 2 1 1 1485 1484 8576
10874 2 2 1 1 3635 3096 3636
10875 2 2 1 1 7027 3988 8574
10876 2 2 1 1 6842 1550 8366
10877 2 2 1 1 5718 5716 5719
10878 2 2 1 1 4624 4626 4640
10879 2 2 1 1 4794 4793 7242
10880 2 2 1 1 559 560 1747
10881 2 2 1 1 403 404 6877
10882 2 2 1 1 3371 3491 3656
10883 2 2 1 1 4824 7023 7738
10884 2 2 1 1 2217 2220 7762
10885 2 2 1 1 2140 403 6877
10886 2 2 1 1 1189 1596 6823
10887 2 2 1 1 6389 6391 8106
10888 2 2 1 1 4581 4583 6660
10889 2 2 1 1 4649 4604 4863
10890 2 2 1 1 2184 2185 7154
10891 2 2 1 1 1175 1176 2080
10892 2 2 1 1 3525 7325 7760
10893 2 2 1 1 170 171 6814
10894 2 2 1 1 3976 3978 4723
10895 2 2 1 1 5303 7518 8185
10896 2 2 1 1 296 297 2079
10897 2 2 1 1 6830 1728 7901
10898 2 2 1 1 5258 5256 7946
10899 2 2 1 1 3083 3081 8122
10900 2 2 1 1 3849 3912 7990
10901 2 2 1 1 2652 2802 3653
10902 2 2 1 1 7414 4537 8685
10903 2 2 1 1 4458 2162 5980
10904 2 2 1 1 2924 2926 2927
10905 2 2 1 1 8266 6131 8358
10906 2 2 1 1 6271 6272 6273
10907 2 2 1 1 9528 6929 9735
10908 2 2 1 1 4424 4421 8918
10909 2 2 1 1 4963 4966 7261
10910 2 2 1 1 4796 7240 7242
10911 2 2 1 1 406 407 2139
10912 2 2 1 1 5295 2852 8068
10913 2 2 1 1 406 2139 7503
10914 2 2 1 1 6472 6471 6475
10915 2 2 1 1 3653 3670 3671
10916 2 2 1 1 171 1700 6814
10917 2 2 1 1 3070 3071 8048
10918 2 2 1 1 2972 2973 7691
10919 2 2 1 1 1449 8358 8613
10920 2 2 1 1 3930 3932 4931
10921 2 2 1 1 7945 271 8312
10922 2 2 1 1 5189 5123 7222
10923 2 2 1 1 4763 4765 8509
10924 2 2 1 1 7778 4114 7825
10925 2 2 1 1 2025 268 6840
10926 2 2 1 1 2999 3002 7777
10927 2 2 1 1 1306 1307 7811
10928 2 2 1 1 7781 5181 7895
10929 2 2 1 1 1808 409 6839
10930 2 2 1 1 6632 6523 8116
10931 2 2 1 1 2818 3876 7796
10932 2 2 1 1 2068 747 7513
10933 2 2 1 1 5803 5802 7392
10934 2 2 1 1 2962 2963 7210
10935 2 2 1 1 7736 4062 8266
10936 2 2 1 1 3830 6732 9442
10937 2 2 1 1 7825 4112 7883
10938 2 2 1 1 8282 8540 9249
10939 2 2 1 1 8639 6204 9023
10940 2 2 1 1 7914 4432 7916
10941 2 2 1 1 4046 6213 7912
10942 2 2 1 1 1512 1511 8659
10943 2 2 1 1 1153 1154 1587
10944 2 2 1 1 2918 2920 2921
10945 2 2 1 1 4114 4112 7825
10946 2 2 1 1 1473 1474 8436
10947 2 2 1 1 3862 4026 8020
10948 2 2 1 1 2928 2930 3488
10949 2 2 1 1 2977 2980 7121
10950 2 2 1 1 4059 5389 9678
10951 2 2 1 1 3656 3700 3701
10952 2 2 1 1 8438 7085 8451
10953 2 2 1 1 5381 9437 9662
10954 2 2 1 1 2065 127 7522
10955 2 2 1 1 3997 3998 3999
10956 2 2 1 1 6076 6074 6077
10957 2 2 1 1 1892 7238 8966
10958 2 2 1 1 5692 5695 5696
10959 2 2 1 1 4895 6826 7950
10960 2 2 1 1 498 499 6797
10961 2 2 1 1 5127 5130 7244
10962 2 2 1 1 3935 3937 7490
10963 2 2 1 1 4632 4634 4637
10964 2 2 1 1 422 423 2077
10965 2 2 1 1 679 680 6816
10966 2 2 1 1 3834 4758 9788
10967 2 2 1 1 2715 2716 2717
10968 2 2 1 1 2368 2369 7697
10969 2 2 1 1 1175 2080 7478
10970 2 2 1 1 4853 4800 7239
10971 2 2 1 1 5072 7711 8077
10972 2 2 1 1 2149 604 6490
10973 2 2 1 1 6310 6515 9103
10974 2 2 1 1 94 95 6796
10975 2 2 1 1 5144 5146 8068
10976 2 2 1 1 2676 6862 8251
10977 2 2 1 1 499 1762 6797
10978 2 2 1 1 3487 8235 9406
10979 2 2 1 1 33 34 6795
10980 2 2 1 1 4401 4403 7549
10981 2 2 1 1 4112 4110 7883
10982 2 2 1 1 3172 3173 7694
10983 2 2 1 1 116 117 1690
10984 2 2 1 1 227 228 6813
10985 2 2 1 1 1048 1049 6811
10986 2 2 1 1 368 369 6806
10987 2 2 1 1 7811 4742 9010
10988 2 2 1 1 5040 5037 7558
10989 2 2 1 1 919 920 6803
10990 2 2 1 1 4481 4480 7236
10991 2 2 1 1 3554 5272 9585
10992 2 2 1 1 3397 3539 3997
10993 2 2 1 1 5405 7060 8482
10994 2 2 1 1 3655 7378 9258
10995 2 2 1 1 95 1778 6796
10996 2 2 1 1 3542 9140 9426
10997 2 2 1 1 680 2012 6816
10998 2 2 1 1 1849 479 6827
10999 2 2 1 1 3781 3804 8037
11000 2 2 1 1 3902 3904 4871
11001 2 2 1 1 3391 3572 7862
11002 2 2 1 1 8546 4554 8684
11003 2 2 1 1 4985 4982 8740
11004 2 2 1 1 4798 4853 7240
11005 2 2 1 1 5181 5179 7895
11006 2 2 1 1 6269 6270 6271
11007 2 2 1 1 5560 7884 7975
11008 2 2 1 1 34 1800 6795
11009 2 2 1 1 1386 8094 8147
11010 2 2 1 1 1356 8400 8564
11011 2 2 1 1 7819 7818 7820
11012 2 2 1 1 7222 5125 7244
11013 2 2 1 1 3630 7047 9318
11014 2 2 1 1 2910 2912 2913
11015 2 2 1 1 4266 4268 4295
11016 2 2 1 1 1285 8566 9602
11017 2 2 1 1 8491 8490 9691
11018 2 2 1 1 1702 7408 9313
11019 2 2 1 1 4502 3845 7837
11020 2 2 1 1 1473 8436 8457
11021 2 2 1 1 2439 2829 8811
11022 2 2 1 1 3648 2266 3839
11023 2 2 1 1 4367 4366 8008
11024 2 2 1 1 775 776 6801
11025 2 2 1 1 2969 3453 7902
11026 2 2 1 1 1049 1637 6811
11027 2 2 1 1 4628 4630 4774
11028 2 2 1 1 2952 2953 3486
11029 2 2 1 1 920 2009 6803
11030 2 2 1 1 7883 4110 7953
11031 2 2 1 1 4092 3868 7400
11032 2 2 1 1 6543 6545 8577
11033 2 2 1 1 7845 4842 8039
11034 2 2 1 1 4564 4562 7984
11035 2 2 1 1 1587 1154 8352
11036 2 2 1 1 8170 6103 8576
11037 2 2 1 1 2889 3522 3929
11038 2 2 1 1 3917 8949 9067
11039 2 2 1 1 6522 2156 6524
11040 2 2 1 1 7611 4278 8129
11041 2 2 1 1 4309 4311 4315
11042 2 2 1 1 4508 4507 4943
11043 2 2 1 1 2993 2996 7798
11044 2 2 1 1 7921 7922 7923
11045 2 2 1 1 327 328 7719
11046 2 2 1 1 6015 6016 6017
11047 2 2 1 1 4587 4589 4701
11048 2 2 1 1 4508 4944 4945
11049 2 2 1 1 6050 5853 6051
11050 2 2 1 1 3947 3949 7037
11051 2 2 1 1 6282 3998 8192
11052 2 2 1 1 2017 546 6819
11053 2 2 1 1 7925 3534 9127
11054 2 2 1 1 776 1653 6801
11055 2 2 1 1 2020 1140 6838
11056 2 2 1 1 2312 2313 7720
11057 2 2 1 1 2946 2947 3544
11058 2 2 1 1 2914 2916 3434
11059 2 2 1 1 2903 3462 3921
11060 2 2 1 1 4079 4078 5413
11061 2 2 1 1 2061 961 7546
11062 2 2 1 1 2211 2214 7789
11063 2 2 1 1 1648 5713 7203
11064 2 2 1 1 6433 6512 6513
11065 2 2 1 1 6832 6830 8153
11066 2 2 1 1 4674 4672 7997
11067 2 2 1 1 8342 6095 8400
11068 2 2 1 1 2176 2177 7233
11069 2 2 1 1 7064 7907 8691
11070 2 2 1 1 116 1690 7499
11071 2 2 1 1 7895 5179 8009
11072 2 2 1 1 4139 4141 8030
11073 2 2 1 1 806 807 6812
11074 2 2 1 1 5893 7161 7163
11075 2 2 1 1 2896 2898 3416
11076 2 2 1 1 2018 1020 6828
11077 2 2 1 1 935 936 6804
11078 2 2 1 1 1262 1261 8854
11079 2 2 1 1 385 386 8862
11080 2 2 1 1 2372 2801 7697
11081 2 2 1 1 8879 7411 9785
11082 2 2 1 1 1541 1540 8754
11083 2 2 1 1 4110 4108 7953
11084 2 2 1 1 4494 6478 9429
11085 2 2 1 1 3059 3449 8189
11086 2 2 1 1 850 851 2070
11087 2 2 1 1 1263 1262 8937
11088 2 2 1 1 4806 4808 8112
11089 2 2 1 1 1108 1109 2069
11090 2 2 1 1 746 747 2068
11091 2 2 1 1 8958 1276 9332
11092 2 2 1 1 4037 4079 8258
11093 2 2 1 1 2151 606 6520
11094 2 2 1 1 1284 6645 9165
11095 2 2 1 1 4384 4386 7572
11096 2 2 1 1 3176 3490 7694
11097 2 2 1 1 2879 2880 3589
11098 2 2 1 1 4081 6724 8984
11099 2 2 1 1 1372 1373 8012
11100 2 2 1 1 3929 3930 3931
11101 2 2 1 1 1595 1186 7555
11102 2 2 1 1 2182 6568 8887
11103 2 2 1 1 2906 2908 2945
11104 2 2 1 1 3662 3664 3824
11105 2 2 1 1 8013 4106 8026
11106 2 2 1 1 1079 1080 6802
11107 2 2 1 1 4766 4760 7297
11108 2 2 1 1 353 354 8377
11109 2 2 1 1 2987 2990 7790
11110 2 2 1 1 4551 4648 7248
11111 2 2 1 1 1737 353 8377
11112 2 2 1 1 1702 168 7560
11113 2 2 1 1 6061 6059 6551
11114 2 2 1 1 3622 3034 3840
11115 2 2 1 1 211 212 6782
11116 2 2 1 1 701 702 6798
11117 2 2 1 1 1696 5739 7192
11118 2 2 1 1 7003 7009 7435
11119 2 2 1 1 3713 5756 7241
11120 2 2 1 1 1384 1385 8315
11121 2 2 1 1 4573 4575 7563
11122 2 2 1 1 4966 4967 4992
11123 2 2 1 1 4326 4328 4540
11124 2 2 1 1 1472 1473 8457
11125 2 2 1 1 4883 4882 8115
11126 2 2 1 1 4036 3812 7489
11127 2 2 1 1 6628 4318 7398
11128 2 2 1 1 327 7719 8334
11129 2 2 1 1 5719 5716 8523
11130 2 2 1 1 4496 4497 9601
11131 2 2 1 1 49 50 6794
11132 2 2 1 1 1629 6455 9219
11133 2 2 1 1 5136 5138 8095
11134 2 2 1 1 4211 4210 8027
11135 2 2 1 1 4960 4959 7261
11136 2 2 1 1 356 357 1739
11137 2 2 1 1 356 1739 8378
11138 2 2 1 1 2892 2894 3439
11139 2 2 1 1 2882 2884 3418
11140 2 2 1 1 212 1999 6782
11141 2 2 1 1 6739 1310 9026
11142 2 2 1 1 2266 2267 7726
11143 2 2 1 1 4648 4553 7246
11144 2 2 1 1 4986 7171 8010
11145 2 2 1 1 5278 2854 8462
11146 2 2 1 1 3800 3739 8111
11147 2 2 1 1 2870 2872 2874
11148 2 2 1 1 2900 2902 2903
11149 2 2 1 1 644 645 6788
11150 2 2 1 1 126 127 2065
11151 2 2 1 1 8581 5323 9189
11152 2 2 1 1 3637 2252 3844
11153 2 2 1 1 5536 6876 9050
11154 2 2 1 1 7239 4802 7252
11155 2 2 1 1 4027 8891 8996
11156 2 2 1 1 3718 4022 7627
11157 2 2 1 1 2981 2984 7788
11158 2 2 1 1 2205 2208 7801
11159 2 2 1 1 4048 4237 4437
11160 2 2 1 1 4405 4407 7515
11161 2 2 1 1 6141 4420 8468
11162 2 2 1 1 514 515 6791
11163 2 2 1 1 3772 3826 7336
11164 2 2 1 1 359 360 1858
11165 2 2 1 1 5179 5176 8009
11166 2 2 1 1 8481 3432 8670
11167 2 2 1 1 359 1858 7553
11168 2 2 1 1 1763 496 7568
11169 2 2 1 1 3921 3922 3923
11170 2 2 1 1 4575 4577 7550
11171 2 2 1 1 5922 5255 9666
11172 2 2 1 1 412 413 1809
11173 2 2 1 1 2886 2888 2889
11174 2 2 1 1 5643 6129 7807
11175 2 2 1 1 1777 92 7571
11176 2 2 1 1 1294 1295 9752
11177 2 2 1 1 2056 677 7567
11178 2 2 1 1 362 363 6885
11179 2 2 1 1 5798 5795 5799
11180 2 2 1 1 2138 362 6885
11181 2 2 1 1 8990 3906 9006
11182 2 2 1 1 3540 3690 3712
11183 2 2 1 1 7607 25 8243
11184 2 2 1 1 645 1735 6788
11185 2 2 1 1 5826 5829 9000
11186 2 2 1 1 1004 1005 6781
11187 2 2 1 1 850 2070 7509
11188 2 2 1 1 4106 4104 8026
11189 2 2 1 1 1639 7389 9329
11190 2 2 1 1 875 876 6779
11191 2 2 1 1 3388 3390 3397
11192 2 2 1 1 7912 6213 8760
11193 2 2 1 1 5547 5545 8386
11194 2 2 1 1 3769 3828 7323
11195 2 2 1 1 1108 2069 7511
11196 2 2 1 1 1639 1046 7576
11197 2 2 1 1 4804 4843 7252
11198 2 2 1 1 2053 917 7578
11199 2 2 1 1 1472 8457 8498
11200 2 2 1 1 8009 5176 8054
11201 2 2 1 1 3034 3035 7744
11202 2 2 1 1 337 338 6771
11203 2 2 1 1 4479 4477 8768
11204 2 2 1 1 3380 3382 3414
11205 2 2 1 1 581 582 6784
11206 2 2 1 1 3628 3024 3847
11207 2 2 1 1 1124 1125 6774
11208 2 2 1 1 2737 2728 9532
11209 2 2 1 1 4842 4840 8039
11210 2 2 1 1 17 18 2064
11211 2 2 1 1 4198 6851 8857
11212 2 2 1 1 365 366 2137
11213 2 2 1 1 4539 4538 9238
11214 2 2 1 1 7232 3052 9773
11215 2 2 1 1 365 2137 8371
11216 2 2 1 1 2669 2671 2681
11217 2 2 1 1 7453 2649 8790
11218 2 2 1 1 2659 2661 2752
11219 2 2 1 1 5870 1582 7165
11220 2 2 1 1 3869 4538 4539
11221 2 2 1 1 2185 2188 7154
11222 2 2 1 1 2921 3476 3968
11223 2 2 1 1 2833 7932 7933
11224 2 2 1 1 4108 4106 8013
11225 2 2 1 1 3853 3855 4887
11226 2 2 1 1 1652 773 7583
11227 2 2 1 1 7953 4108 8013
11228 2 2 1 1 3658 2242 3848
11229 2 2 1 1 8782 6250 9025
11230 2 2 1 1 4978 7650 8213
11231 2 2 1 1 7587 4636 9123
11232 2 2 1 1 4593 4595 4642
11233 2 2 1 1 7516 4462 8275
11234 2 2 1 1 6380 2978 8926
11235 2 2 1 1 338 1989 6771
11236 2 2 1 1 1708 227 6813
11237 2 2 1 1 4473 4471 8043
11238 2 2 1 1 6209 1886 6210
11239 2 2 1 1 1005 1729 6781
11240 2 2 1 1 1843 368 6806
11241 2 2 1 1 2316 2810 7720
11242 2 2 1 1 3417 5364 8627
11243 2 2 1 1 876 1993 6779
11244 2 2 1 1 2705 7898 7899
11245 2 2 1 1 1954 6267 9216
11246 2 2 1 1 7351 5818 8798
11247 2 2 1 1 2252 2253 7749
11248 2 2 1 1 3421 3091 8318
11249 2 2 1 1 4060 4356 4451
11250 2 2 1 1 186 187 6772
11251 2 2 1 1 6457 6458 6459
11252 2 2 1 1 5119 5121 8158
11253 2 2 1 1 3384 3386 3412
11254 2 2 1 1 4863 4604 6675
11255 2 2 1 1 2162 2164 5980
11256 2 2 1 1 3449 7674 7690
11257 2 2 1 1 1125 1580 6774
11258 2 2 1 1 1210 1211 6787
11259 2 2 1 1 4616 4618 7587
11260 2 2 1 1 2640 2642 2673
11261 2 2 1 1 3374 3376 3459
11262 2 2 1 1 6247 1560 8856
11263 2 2 1 1 3884 3879 5399
11264 2 2 1 1 2655 2657 2824
11265 2 2 1 1 286 287 1790
11266 2 2 1 1 3354 3356 3401
11267 2 2 1 1 3139 3137 8240
11268 2 2 1 1 1450 8613 8681
11269 2 2 1 1 2717 2718 2743
11270 2 2 1 1 1143 1144 2063
11271 2 2 1 1 3611 3791 7965
11272 2 2 1 1 2663 2665 2704
11273 2 2 1 1 1856 6928 8421
11274 2 2 1 1 2602 2604 2797
11275 2 2 1 1 3968 3969 3970
11276 2 2 1 1 2612 2614 2766
11277 2 2 1 1 3346 3348 3444
11278 2 2 1 1 3336 3338 3450
11279 2 2 1 1 4753 4915 7562
11280 2 2 1 1 2199 2202 7802
11281 2 2 1 1 2624 2626 2700
11282 2 2 1 1 549 550 2060
11283 2 2 1 1 3982 3984 4070
11284 2 2 1 1 3342 3344 3423
11285 2 2 1 1 5260 8454 8723
11286 2 2 1 1 5781 5783 5785
11287 2 2 1 1 894 895 2062
11288 2 2 1 1 960 961 2061
11289 2 2 1 1 3360 3362 3394
11290 2 2 1 1 3097 3100 7174
11291 2 2 1 1 2046 209 7604
11292 2 2 1 1 3416 7793 8563
11293 2 2 1 1 5601 1877 6207
11294 2 2 1 1 4388 4390 4414
11295 2 2 1 1 2634 2636 2679
11296 2 2 1 1 5962 6844 9357
11297 2 2 1 1 2232 2233 7750
11298 2 2 1 1 3877 3491 7797
11299 2 2 1 1 6407 6409 8605
11300 2 2 1 1 2630 2632 2690
11301 2 2 1 1 2242 2243 7757
11302 2 2 1 1 412 1809 7526
11303 2 2 1 1 3024 3025 7760
11304 2 2 1 1 632 1846 7803
11305 2 2 1 1 3350 3352 3406
11306 2 2 1 1 5913 1733 8562
11307 2 2 1 1 3330 3332 3467
11308 2 2 1 1 3318 3320 3365
11309 2 2 1 1 3367 3370 3371
11310 2 2 1 1 524 525 6766
11311 2 2 1 1 2596 2598 2599
11312 2 2 1 1 2554 2556 2676
11313 2 2 1 1 2648 2651 2652
11314 2 2 1 1 2618 2620 2710
11315 2 2 1 1 2608 2610 2790
11316 2 2 1 1 3266 3268 3402
11317 2 2 1 1 3230 3232 3422
11318 2 2 1 1 3220 3222 3415
11319 2 2 1 1 463 464 6761
11320 2 2 1 1 3302 3304 3392
11321 2 2 1 1 2935 2936 3500
11322 2 2 1 1 2418 2420 2745
11323 2 2 1 1 2456 2458 2699
11324 2 2 1 1 2580 2582 2646
11325 2 2 1 1 3292 3294 3395
11326 2 2 1 1 1523 1524 8657
11327 2 2 1 1 2446 2448 2758
11328 2 2 1 1 3915 3917 4718
11329 2 2 1 1 2935 3500 3925
11330 2 2 1 1 3210 3212 3428
11331 2 2 1 1 979 980 6780
11332 2 2 1 1 2428 2430 2765
11333 2 2 1 1 3192 3194 3433
11334 2 2 1 1 3202 3204 3427
11335 2 2 1 1 2224 2225 7758
11336 2 2 1 1 2572 2574 2649
11337 2 2 1 1 2466 2468 2698
11338 2 2 1 1 7537 5972 7622
11339 2 2 1 1 3238 3240 3410
11340 2 2 1 1 2438 2440 2703
11341 2 2 1 1 3014 3015 7765
11342 2 2 1 1 2538 2540 2678
11343 2 2 1 1 3180 3182 3447
11344 2 2 1 1 3250 3252 3405
11345 2 2 1 1 1736 642 7609
11346 2 2 1 1 3274 3276 3400
11347 2 2 1 1 2380 2382 2764
11348 2 2 1 1 1309 6327 9026
11349 2 2 1 1 2390 2392 2755
11350 2 2 1 1 3286 3288 3396
11351 2 2 1 1 3256 3258 3404
11352 2 2 1 1 2518 2520 2685
11353 2 2 1 1 2494 2496 2692
11354 2 2 1 1 2400 2402 2748
11355 2 2 1 1 2512 2514 2684
11356 2 2 1 1 59 60 6759
11357 2 2 1 1 3312 3314 3368
11358 2 2 1 1 2544 2546 2677
11359 2 2 1 1 1471 1472 8498
11360 2 2 1 1 2482 2484 2696
11361 2 2 1 1 730 731 6777
11362 2 2 1 1 2500 2502 2691
11363 2 2 1 1 3880 2802 7822
11364 2 2 1 1 2530 2532 2680
11365 2 2 1 1 3298 3300 3393
11366 2 2 1 1 3953 3955 4940
11367 2 2 1 1 525 1997 6766
11368 2 2 1 1 17 2064 7531
11369 2 2 1 1 3308 3310 3403
11370 2 2 1 1 3226 3228 3438
11371 2 2 1 1 2590 2592 2688
11372 2 2 1 1 2216 2217 7762
11373 2 2 1 1 3176 3178 3490
11374 2 2 1 1 3242 3244 3436
11375 2 2 1 1 3324 3326 3327
11376 2 2 1 1 4652 6189 7276
11377 2 2 1 1 3198 3200 3431
11378 2 2 1 1 2576 2578 2682
11379 2 2 1 1 2372 2374 2801
11380 2 2 1 1 2732 2777 7894
11381 2 2 1 1 3246 3248 3408
11382 2 2 1 1 3280 3282 3399
11383 2 2 1 1 1185 1186 1595
11384 2 2 1 1 2586 2588 2643
11385 2 2 1 1 3214 3216 3425
11386 2 2 1 1 2424 2426 2711
11387 2 2 1 1 2504 2506 2705
11388 2 2 1 1 2486 2488 2754
11389 2 2 1 1 2462 2464 2740
11390 2 2 1 1 3206 3208 3465
11391 2 2 1 1 2548 2550 2686
11392 2 2 1 1 2534 2536 2689
11393 2 2 1 1 3262 3264 3409
11394 2 2 1 1 2434 2436 2707
11395 2 2 1 1 2560 2562 2675
11396 2 2 1 1 2394 2396 2774
11397 2 2 1 1 2526 2528 2683
11398 2 2 1 1 464 1986 6761
11399 2 2 1 1 2376 2378 2767
11400 2 2 1 1 2386 2388 2759
11401 2 2 1 1 2490 2492 2695
11402 2 2 1 1 2522 2524 2706
11403 2 2 1 1 2508 2510 2687
11404 2 2 1 1 2406 2408 2751
11405 2 2 1 1 2472 2474 2697
11406 2 2 1 1 2442 2444 2770
11407 2 2 1 1 3186 3188 3457
11408 2 2 1 1 5494 4035 8795
11409 2 2 1 1 8026 4104 8049
11410 2 2 1 1 3234 3236 3419
11411 2 2 1 1 2725 2724 2726
11412 2 2 1 1 2041 335 7620
11413 2 2 1 1 3270 3272 3407
11414 2 2 1 1 2450 2452 2701
11415 2 2 1 1 4768 4767 7950
11416 2 2 1 1 2566 2568 2674
11417 2 2 1 1 2412 2414 2744
11418 2 2 1 1 2478 2480 2702
11419 2 2 1 1 5263 2809 9117
11420 2 2 1 1 1563 6172 8036
11421 2 2 1 1 5176 5174 8054
11422 2 2 1 1 3006 3007 7769
11423 2 2 1 1 1730 1002 7613
11424 2 2 1 1 3651 7947 8175
11425 2 2 1 1 4669 4671 8145
11426 2 2 1 1 3114 3116 3479
11427 2 2 1 1 6026 6027 6028
11428 2 2 1 1 4981 4984 7274
11429 2 2 1 1 4220 6369 8066
11430 2 2 1 1 2946 3544 3631
11431 2 2 1 1 3124 3126 3514
11432 2 2 1 1 2324 2326 2833
11433 2 2 1 1 4537 3874 8685
11434 2 2 1 1 60 1985 6759
11435 2 2 1 1 4141 4143 8082
11436 2 2 1 1 1579 1122 7619
11437 2 2 1 1 2153 610 8025
11438 2 2 1 1 4903 5325 6603
11439 2 2 1 1 4307 4309 7689
11440 2 2 1 1 6026 6028 6029
11441 2 2 1 1 3102 3104 3451
11442 2 2 1 1 1064 1065 6942
11443 2 2 1 1 790 791 6962
11444 2 2 1 1 3160 3162 3640
11445 2 2 1 1 2346 2348 3605
11446 2 2 1 1 2334 2336 2848
11447 2 2 1 1 3110 3112 3461
11448 2 2 1 1 3939 3941 7551
11449 2 2 1 1 3156 3158 3627
11450 2 2 1 1 4602 4604 4649
11451 2 2 1 1 3695 4505 4506
11452 2 2 1 1 2010 806 6812
11453 2 2 1 1 7711 5074 9205
11454 2 2 1 1 3150 3152 3610
11455 2 2 1 1 2320 2322 2794
11456 2 2 1 1 5808 8819 9136
11457 2 2 1 1 3795 3716 7465
11458 2 2 1 1 3134 3136 3548
11459 2 2 1 1 1665 935 6804
11460 2 2 1 1 4810 4824 7738
11461 2 2 1 1 2998 2999 7777
11462 2 2 1 1 3130 3132 3530
11463 2 2 1 1 3146 3148 3608
11464 2 2 1 1 2354 2356 3634
11465 2 2 1 1 4357 7516 8275
11466 2 2 1 1 3168 3170 3642
11467 2 2 1 1 1067 1068 2136
11468 2 2 1 1 787 788 1664
11469 2 2 1 1 3164 3166 3651
11470 2 2 1 1 7997 4672 8117
11471 2 2 1 1 2358 2360 3630
11472 2 2 1 1 252 253 6755
11473 2 2 1 1 8446 4556 8546
11474 2 2 1 1 2820 2403 8299
11475 2 2 1 1 2362 2364 3646
11476 2 2 1 1 2316 2318 2810
11477 2 2 1 1 2366 2368 3666
11478 2 2 1 1 3106 3108 3504
11479 2 2 1 1 2340 2342 3558
11480 2 2 1 1 3118 3120 3534
11481 2 2 1 1 167 168 1702
11482 2 2 1 1 1070 1071 6944
11483 2 2 1 1 784 785 1859
11484 2 2 1 1 2879 3589 3704
11485 2 2 1 1 4837 4839 8071
11486 2 2 1 1 2350 2352 3619
11487 2 2 1 1 5549 5550 8083
11488 2 2 1 1 2135 1064 6942
11489 2 2 1 1 791 1663 6962
11490 2 2 1 1 286 1790 7539
11491 2 2 1 1 3140 3142 3583
11492 2 2 1 1 5776 5774 9799
11493 2 2 1 1 8748 4428 8979
11494 2 2 1 1 1073 1074 6943
11495 2 2 1 1 781 782 6955
11496 2 2 1 1 2762 7748 7771
11497 2 2 1 1 3084 3086 3564
11498 2 2 1 1 3074 3076 3478
11499 2 2 1 1 1067 2136 7594
11500 2 2 1 1 1664 788 8356
11501 2 2 1 1 2040 522 7631
11502 2 2 1 1 2328 2330 2863
11503 2 2 1 1 1581 7073 7418
11504 2 2 1 1 4104 4102 8049
11505 2 2 1 1 3080 3082 3529
11506 2 2 1 1 5070 5072 8077
11507 2 2 1 1 2180 2181 7786
11508 2 2 1 1 4279 4281 8110
11509 2 2 1 1 1076 1077 1628
11510 2 2 1 1 778 779 2134
11511 2 2 1 1 2963 2966 7210
11512 2 2 1 1 2148 5921 8561
11513 2 2 1 1 2039 461 7633
11514 2 2 1 1 3666 4086 7954
11515 2 2 1 1 4742 4741 9010
11516 2 2 1 1 3612 2998 3868
11517 2 2 1 1 1856 1070 6944
11518 2 2 1 1 1859 785 7596
11519 2 2 1 1 3090 3092 3614
11520 2 2 1 1 549 2060 7544
11521 2 2 1 1 3588 2216 3866
11522 2 2 1 1 6455 6456 6457
11523 2 2 1 1 3094 3096 3635
11524 2 2 1 1 695 696 6954
11525 2 2 1 1 1159 1160 1918
11526 2 2 1 1 2290 2292 2811
11527 2 2 1 1 6220 5305 9550
11528 2 2 1 1 7067 5444 9635
11529 2 2 1 1 6189 4654 7266
11530 2 2 1 1 1143 2063 7542
11531 2 2 1 1 371 372 1824
11532 2 2 1 1 2294 2296 2859
11533 2 2 1 1 253 1719 6755
11534 2 2 1 1 2302 2304 3613
11535 2 2 1 1 4957 4960 7264
11536 2 2 1 1 711 712 6758
11537 2 2 1 1 1635 1073 6943
11538 2 2 1 1 782 1981 6955
11539 2 2 1 1 2038 57 7635
11540 2 2 1 1 5755 5753 7773
11541 2 2 1 1 2298 2300 3555
11542 2 2 1 1 4554 4552 8684
11543 2 2 1 1 1471 8498 8517
11544 2 2 1 1 5234 3502 8469
11545 2 2 1 1 698 699 1621
11546 2 2 1 1 1156 1157 8348
11547 2 2 1 1 4555 4643 7246
11548 2 2 1 1 1982 1079 6802
11549 2 2 1 1 2210 2211 7789
11550 2 2 1 1 1076 1628 7600
11551 2 2 1 1 2134 779 7603
11552 2 2 1 1 2980 2981 7788
11553 2 2 1 1 4272 4274 4886
11554 2 2 1 1 2188 2189 7796
11555 2 2 1 1 894 2062 7545
11556 2 2 1 1 1089 1090 6756
11557 2 2 1 1 9608 4891 9782
11558 2 2 1 1 3925 3926 3927
11559 2 2 1 1 2270 2272 2812
11560 2 2 1 1 3662 3824 7862
11561 2 2 1 1 2927 2928 7351
11562 2 2 1 1 1620 695 6954
11563 2 2 1 1 1918 1160 7605
11564 2 2 1 1 2966 2967 7787
11565 2 2 1 1 5462 5218 8187
11566 2 2 1 1 6675 4608 7505
11567 2 2 1 1 2308 2310 3633
11568 2 2 1 1 2921 2922 3476
11569 2 2 1 1 2967 2970 7787
11570 2 2 1 1 2952 3486 3890
11571 2 2 1 1 1984 701 6798
11572 2 2 1 1 2280 2282 3626
11573 2 2 1 1 4563 4565 8387
11574 2 2 1 1 3062 3064 3607
11575 2 2 1 1 698 1621 8353
11576 2 2 1 1 1157 1588 8348
11577 2 2 1 1 8039 4840 8113
11578 2 2 1 1 2715 2717 3703
11579 2 2 1 1 2274 2276 2860
11580 2 2 1 1 7921 7920 7922
11581 2 2 1 1 1718 250 7640
11582 2 2 1 1 6545 6588 8577
11583 2 2 1 1 3066 3068 3652
11584 2 2 1 1 5413 4078 5414
11585 2 2 1 1 2992 2993 7798
11586 2 2 1 1 2004 49 6794
11587 2 2 1 1 2195 2198 7669
11588 2 2 1 1 2790 6485 9537
11589 2 2 1 1 2729 3629 7710
11590 2 2 1 1 5090 5089 9499
11591 2 2 1 1 4376 4378 7624
11592 2 2 1 1 676 677 2056
11593 2 2 1 1 4127 4129 8120
11594 2 2 1 1 3042 3044 3584
11595 2 2 1 1 3579 2992 3873
11596 2 2 1 1 816 817 6748
11597 2 2 1 1 1848 6613 8496
11598 2 2 1 1 2847 7244 8148
11599 2 2 1 1 495 496 1763
11600 2 2 1 1 2903 2904 3462
11601 2 2 1 1 3533 3885 7788
11602 2 2 1 1 2260 2262 3618
11603 2 2 1 1 2840 3884 7802
11604 2 2 1 1 3056 3058 3524
11605 2 2 1 1 712 1980 6758
11606 2 2 1 1 3986 3988 7500
11607 2 2 1 1 2467 2838 9373
11608 2 2 1 1 3576 2210 3874
11609 2 2 1 1 3046 3048 3632
11610 2 2 1 1 8049 4102 8075
11611 2 2 1 1 312 313 1912
11612 2 2 1 1 2264 2266 3648
11613 2 2 1 1 378 379 6742
11614 2 2 1 1 1288 1287 9005
11615 2 2 1 1 5667 5664 5668
11616 2 2 1 1 312 1912 7614
11617 2 2 1 1 4255 4253 8092
11618 2 2 1 1 91 92 1777
11619 2 2 1 1 1090 1979 6756
11620 2 2 1 1 6557 1839 8725
11621 2 2 1 1 809 810 2054
11622 2 2 1 1 1045 1046 1639
11623 2 2 1 1 2046 7348 9342
11624 2 2 1 1 6619 4401 7549
11625 2 2 1 1 2037 709 7645
11626 2 2 1 1 2986 2987 7790
11627 2 2 1 1 938 939 1667
11628 2 2 1 1 916 917 2053
11629 2 2 1 1 2727 2726 2728
11630 2 2 1 1 1887 1225 7164
11631 2 2 1 1 5097 5093 7663
11632 2 2 1 1 2256 2258 2803
11633 2 2 1 1 2189 2192 7796
11634 2 2 1 1 2002 514 6791
11635 2 2 1 1 2036 1087 7649
11636 2 2 1 1 2246 2248 3601
11637 2 2 1 1 2204 2205 7801
11638 2 2 1 1 7126 4099 7360
11639 2 2 1 1 3032 3034 3622
11640 2 2 1 1 2270 2812 7726
11641 2 2 1 1 3826 3827 8460
11642 2 2 1 1 245 246 1717
11643 2 2 1 1 5846 5844 9244
11644 2 2 1 1 7718 4887 8044
11645 2 2 1 1 1823 376 7656
11646 2 2 1 1 2693 2712 2761
11647 2 2 1 1 315 316 8344
11648 2 2 1 1 2797 6101 8886
11649 2 2 1 1 2722 2724 2725
11650 2 2 1 1 8267 6503 9126
11651 2 2 1 1 2973 2976 7691
11652 2 2 1 1 7210 5775 9728
11653 2 2 1 1 1782 315 8344
11654 2 2 1 1 7253 1892 8966
11655 2 2 1 1 6808 6810 8474
11656 2 2 1 1 1300 1301 8882
11657 2 2 1 1 2236 2238 3604
11658 2 2 1 1 3018 3020 3535
11659 2 2 1 1 1829 5959 8537
11660 2 2 1 1 4407 4409 7641
11661 2 2 1 1 2035 814 7654
11662 2 2 1 1 3028 3030 3525
11663 2 2 1 1 3533 2986 3870
11664 2 2 1 1 1082 1083 2052
11665 2 2 1 1 772 773 1652
11666 2 2 1 1 3038 3040 3493
11667 2 2 1 1 4102 4100 8075
11668 2 2 1 1 5327 6660 7721
11669 2 2 1 1 4065 7056 8636
11670 2 2 1 1 6419 6417 6423
11671 2 2 1 1 379 1821 6742
11672 2 2 1 1 482 483 6754
11673 2 2 1 1 6529 6533 9098
11674 2 2 1 1 6094 4218 9154
11675 2 2 1 1 817 2008 6748
11676 2 2 1 1 2970 2972 3591
11677 2 2 1 1 1533 8343 8961
11678 2 2 1 1 3883 3519 7829
11679 2 2 1 1 1373 7169 8012
11680 2 2 1 1 2198 2199 7802
11681 2 2 1 1 704 705 2051
11682 2 2 1 1 4656 4659 7266
11683 2 2 1 1 2840 2204 3878
11684 2 2 1 1 2875 2877 3497
11685 2 2 1 1 2228 2230 3595
11686 2 2 1 1 6432 8136 8142
11687 2 2 1 1 4231 4234 4235
11688 2 2 1 1 2889 2890 3522
11689 2 2 1 1 3010 3012 3599
11690 2 2 1 1 2184 7154 7155
11691 2 2 1 1 1279 1280 8233
11692 2 2 1 1 4762 4766 7333
11693 2 2 1 1 7103 6632 8116
11694 2 2 1 1 2832 5306 8874
11695 2 2 1 1 318 319 1781
11696 2 2 1 1 2220 2222 2839
11697 2 2 1 1 318 1781 7628
11698 2 2 1 1 2730 2728 2731
11699 2 2 1 1 1736 7352 9348
11700 2 2 1 1 84 85 6747
11701 2 2 1 1 8075 4100 8094
11702 2 2 1 1 3002 3004 3577
11703 2 2 1 1 52 53 2049
11704 2 2 1 1 1470 1471 8517
11705 2 2 1 1 6346 6902 7498
11706 2 2 1 1 8150 4884 8742
11707 2 2 1 1 3720 6065 7517
11708 2 2 1 1 2192 2194 2818
11709 2 2 1 1 4643 4557 7295
11710 2 2 1 1 145 146 6746
11711 2 2 1 1 4498 6331 9381
11712 2 2 1 1 2250 2252 3637
11713 2 2 1 1 2984 2986 3533
11714 2 2 1 1 1197 1198 8719
11715 2 2 1 1 1524 7084 8657
11716 2 2 1 1 3407 6350 9515
11717 2 2 1 1 4378 4380 7639
11718 2 2 1 1 9620 3806 9784
11719 2 2 1 1 371 1824 7564
11720 2 2 1 1 4262 4264 7566
11721 2 2 1 1 2214 2216 3588
11722 2 2 1 1 4579 4581 7644
11723 2 2 1 1 2240 2242 3658
11724 2 2 1 1 456 457 2048
11725 2 2 1 1 1831 581 6784
11726 2 2 1 1 321 322 8338
11727 2 2 1 1 3886 2850 7876
11728 2 2 1 1 3974 3976 7657
11729 2 2 1 1 4955 7264 7286
11730 2 2 1 1 3022 3024 3628
11731 2 2 1 1 765 766 6757
11732 2 2 1 1 2913 2914 7401
11733 2 2 1 1 1987 321 8338
11734 2 2 1 1 517 518 2047
11735 2 2 1 1 4829 4831 8089
11736 2 2 1 1 2202 2204 2840
11737 2 2 1 1 2181 2184 7786
11738 2 2 1 1 3508 9538 9623
11739 2 2 1 1 2732 2731 2733
11740 2 2 1 1 2279 2277 8271
11741 2 2 1 1 8647 6858 9603
11742 2 2 1 1 3882 3881 9481
11743 2 2 1 1 2177 2180 7233
11744 2 2 1 1 6468 6469 6470
11745 2 2 1 1 2990 2992 3579
11746 2 2 1 1 7984 4562 8180
11747 2 2 1 1 4659 4658 7301
11748 2 2 1 1 3050 3051 8476
11749 2 2 1 1 4231 4229 4234
11750 2 2 1 1 8109 5171 8121
11751 2 2 1 1 1485 8576 9125
11752 2 2 1 1 8054 5174 8109
11753 2 2 1 1 324 325 8331
11754 2 2 1 1 3704 3787 4192
11755 2 2 1 1 4100 4098 8094
11756 2 2 1 1 2425 2825 8544
11757 2 2 1 1 2284 2285 8514
11758 2 2 1 1 324 8331 8332
11759 2 2 1 1 2996 2998 3612
11760 2 2 1 1 1467 8902 9224
11761 2 2 1 1 3457 7708 9428
11762 2 2 1 1 5474 5473 8316
11763 2 2 1 1 1283 1284 9165
11764 2 2 1 1 4840 4838 8113
11765 2 2 1 1 2208 2210 3576
11766 2 2 1 1 2734 2733 2735
11767 2 2 1 1 1038 1039 6751
11768 2 2 1 1 7991 1890 7992
11769 2 2 1 1 7806 6170 8512
11770 2 2 1 1 584 585 1832
11771 2 2 1 1 4235 4860 4861
11772 2 2 1 1 3813 8258 8465
11773 2 2 1 1 6267 6268 6269
11774 2 2 1 1 1528 1529 9193
11775 2 2 1 1 208 209 2046
11776 2 2 1 1 1998 186 6772
11777 2 2 1 1 2818 2194 3616
11778 2 2 1 1 3722 3720 7517
11779 2 2 1 1 2029 554 7668
11780 2 2 1 1 8541 385 8862
11781 2 2 1 1 4190 4189 8167
11782 2 2 1 1 3683 4460 8162
11783 2 2 1 1 2736 2735 2738
11784 2 2 1 1 4278 4277 8129
11785 2 2 1 1 556 557 6735
11786 2 2 1 1 4724 3847 7325
11787 2 2 1 1 1730 7344 9354
11788 2 2 1 1 6500 6503 8267
11789 2 2 1 1 1470 8517 8543
11790 2 2 1 1 1853 1210 6787
11791 2 2 1 1 5415 5414 5416
11792 2 2 1 1 669 670 6743
11793 2 2 1 1 1789 291 7672
11794 2 2 1 1 6972 8808 8897
11795 2 2 1 1 1555 1554 8105
11796 2 2 1 1 641 642 1736
11797 2 2 1 1 5809 7078 9687
11798 2 2 1 1 2739 2738 2804
11799 2 2 1 1 330 331 2045
11800 2 2 1 1 3397 3398 3539
11801 2 2 1 1 4243 4244 8118
11802 2 2 1 1 4078 4077 7688
11803 2 2 1 1 293 294 6733
11804 2 2 1 1 5174 5171 8109
11805 2 2 1 1 3371 3372 3491
11806 2 2 1 1 3479 6565 9805
11807 2 2 1 1 4672 4670 8117
11808 2 2 1 1 809 2054 7574
11809 2 2 1 1 245 1717 8250
11810 2 2 1 1 938 1667 7577
11811 2 2 1 1 2652 2653 2802
11812 2 2 1 1 2805 2804 3560
11813 2 2 1 1 2106 6039 7112
11814 2 2 1 1 6853 1523 8657
11815 2 2 1 1 7325 3847 7760
11816 2 2 1 1 8113 4838 8183
11817 2 2 1 1 5208 7245 7872
11818 2 2 1 1 5190 5119 8158
11819 2 2 1 1 4362 4364 9283
11820 2 2 1 1 5950 5952 7482
11821 2 2 1 1 2714 5332 9073
11822 2 2 1 1 6436 3806 9620
11823 2 2 1 1 3561 3560 3562
11824 2 2 1 1 3941 3943 7655
11825 2 2 1 1 7147 2796 8110
11826 2 2 1 1 7108 1908 7366
11827 2 2 1 1 4984 4983 8010
11828 2 2 1 1 557 1971 6735
11829 2 2 1 1 3591 2972 3643
11830 2 2 1 1 3791 3915 7965
11831 2 2 1 1 5121 5189 8158
11832 2 2 1 1 7416 4419 9627
11833 2 2 1 1 1001 1002 1730
11834 2 2 1 1 3563 3562 3644
11835 2 2 1 1 4527 4525 8119
11836 2 2 1 1 1282 6145 9343
11837 2 2 1 1 1082 2052 7582
11838 2 2 1 1 4985 8740 8986
11839 2 2 1 1 7214 7215 7791
11840 2 2 1 1 3645 3644 3812
11841 2 2 1 1 294 1788 6733
11842 2 2 1 1 2026 22 7675
11843 2 2 1 1 733 734 2044
11844 2 2 1 1 1121 1122 1579
11845 2 2 1 1 8786 2699 9150
11846 2 2 1 1 6103 4465 8576
11847 2 2 1 1 7169 5768 8012
11848 2 2 1 1 5985 5987 7483
11849 2 2 1 1 704 2051 7585
11850 2 2 1 1 3813 3812 4036
11851 2 2 1 1 3327 3328 3519
11852 2 2 1 1 2028 1148 7677
11853 2 2 1 1 334 335 2041
11854 2 2 1 1 4204 4024 8045
11855 2 2 1 1 52 2049 7589
11856 2 2 1 1 1150 1151 6734
11857 2 2 1 1 4037 4036 4077
11858 2 2 1 1 5806 5808 9136
11859 2 2 1 1 1679 979 6780
11860 2 2 1 1 6109 6110 6862
11861 2 2 1 1 997 998 1731
11862 2 2 1 1 3038 3493 7744
11863 2 2 1 1 6810 6886 8474
11864 2 2 1 1 2599 2600 2850
11865 2 2 1 1 7181 4107 7332
11866 2 2 1 1 4661 7267 7301
11867 2 2 1 1 5070 8077 8248
11868 2 2 1 1 456 2048 7591
11869 2 2 1 1 1991 730 6777
11870 2 2 1 1 204 205 2104
11871 2 2 1 1 8341 6047 8621
11872 2 2 1 1 517 2047 7593
11873 2 2 1 1 1811 417 7680
11874 2 2 1 1 3654 3519 3694
11875 2 2 1 1 1916 6443 9465
11876 2 2 1 1 6689 4425 7671
11877 2 2 1 1 4334 6141 8163
11878 2 2 1 1 6130 4297 8596
11879 2 2 1 1 7295 4559 7296
11880 2 2 1 1 6009 6011 9157
11881 2 2 1 1 3657 2850 3705
11882 2 2 1 1 3828 3829 8494
11883 2 2 1 1 419 420 6723
11884 2 2 1 1 4322 4324 7674
11885 2 2 1 1 2256 2803 7749
11886 2 2 1 1 4992 9596 9734
11887 2 2 1 1 7998 3479 9805
11888 2 2 1 1 5171 5169 8121
11889 2 2 1 1 6321 7791 7792
11890 2 2 1 1 3591 3643 3837
11891 2 2 1 1 1469 1470 8543
11892 2 2 1 1 4910 6368 8475
11893 2 2 1 1 4340 4242 8182
11894 2 2 1 1 4186 6236 8548
11895 2 2 1 1 3653 2802 3670
11896 2 2 1 1 5991 1780 7099
11897 2 2 1 1 3787 3872 5003
11898 2 2 1 1 5501 1509 9524
11899 2 2 1 1 4510 8030 8299
11900 2 2 1 1 5747 5746 8357
11901 2 2 1 1 8309 4430 8634
11902 2 2 1 1 1151 1970 6734
11903 2 2 1 1 6767 7687 9531
11904 2 2 1 1 3656 3491 3700
11905 2 2 1 1 521 522 2040
11906 2 2 1 1 584 1832 7599
11907 2 2 1 1 6221 1304 9611
11908 2 2 1 1 460 461 2039
11909 2 2 1 1 8684 4552 8810
11910 2 2 1 1 4961 4953 7286
11911 2 2 1 1 6026 6023 6027
11912 2 2 1 1 3890 3486 3891
11913 2 2 1 1 7554 8167 9754
11914 2 2 1 1 1178 1179 6737
11915 2 2 1 1 4319 4317 8159
11916 2 2 1 1 4098 4097 8147
11917 2 2 1 1 3631 3544 3808
11918 2 2 1 1 4755 3616 7669
11919 2 2 1 1 530 531 6879
11920 2 2 1 1 9429 6478 9749
11921 2 2 1 1 3997 3539 3998
11922 2 2 1 1 4270 6786 8499
11923 2 2 1 1 1567 9715 9747
11924 2 2 1 1 531 1754 6879
11925 2 2 1 1 420 1812 6723
11926 2 2 1 1 2818 3616 3807
11927 2 2 1 1 56 57 2038
11928 2 2 1 1 5413 5414 5415
11929 2 2 1 1 6390 6394 9120
11930 2 2 1 1 1314 8027 8524
11931 2 2 1 1 5304 6858 8647
11932 2 2 1 1 4037 4077 4078
11933 2 2 1 1 7046 7048 8205
11934 2 2 1 1 3813 4036 4037
11935 2 2 1 1 3988 3989 8574
11936 2 2 1 1 3704 3589 3787
11937 2 2 1 1 3645 3812 3813
11938 2 2 1 1 5977 1760 7097
11939 2 2 1 1 1528 1527 9659
11940 2 2 1 1 1779 7218 7355
11941 2 2 1 1 3563 3644 3645
11942 2 2 1 1 7397 4020 8452
11943 2 2 1 1 4843 4806 8112
11944 2 2 1 1 6212 3000 9416
11945 2 2 1 1 330 2045 7608
11946 2 2 1 1 8152 5392 9698
11947 2 2 1 1 3561 3562 3563
11948 2 2 1 1 5702 5704 7681
11949 2 2 1 1 527 528 1755
11950 2 2 1 1 5413 1889 9479
11951 2 2 1 1 8117 4670 8231
11952 2 2 1 1 1755 528 7684
11953 2 2 1 1 1610 7144 8288
11954 2 2 1 1 2805 3560 3561
11955 2 2 1 1 8647 3582 9440
11956 2 2 1 1 6433 6431 6512
11957 2 2 1 1 5035 5033 8151
11958 2 2 1 1 4123 4155 7331
11959 2 2 1 1 4235 4234 4860
11960 2 2 1 1 9715 6578 9747
11961 2 2 1 1 2739 2804 2805
11962 2 2 1 1 3832 2368 7697
11963 2 2 1 1 3929 3522 3930
11964 2 2 1 1 7031 3399 8630
11965 2 2 1 1 3355 3353 8388
11966 2 2 1 1 2736 2738 2739
11967 2 2 1 1 249 250 1718
11968 2 2 1 1 4192 3787 4880
11969 2 2 1 1 3533 3870 3871
11970 2 2 1 1 3921 3462 3922
11971 2 2 1 1 2734 2735 2736
11972 2 2 1 1 3588 3866 3867
11973 2 2 1 1 1469 8543 8578
11974 2 2 1 1 4919 4920 8041
11975 2 2 1 1 2725 2726 2727
11976 2 2 1 1 7540 6294 8797
11977 2 2 1 1 1313 8524 8806
11978 2 2 1 1 3968 3476 3969
11979 2 2 1 1 4561 4599 7296
11980 2 2 1 1 2732 2733 2734
11981 2 2 1 1 4101 4486 7360
11982 2 2 1 1 1229 2145 9682
11983 2 2 1 1 5753 5750 9155
11984 2 2 1 1 8470 3503 8724
11985 2 2 1 1 2840 3878 3879
11986 2 2 1 1 3925 3500 3926
11987 2 2 1 1 7267 4663 7359
11988 2 2 1 1 87 88 1776
11989 2 2 1 1 6359 6357 6360
11990 2 2 1 1 2730 2731 2732
11991 2 2 1 1 7899 7898 7900
11992 2 2 1 1 3612 3868 3887
11993 2 2 1 1 708 709 2037
11994 2 2 1 1 4626 4628 7713
11995 2 2 1 1 2727 2728 2730
11996 2 2 1 1 271 272 8312
11997 2 2 1 1 5375 5292 8156
11998 2 2 1 1 4009 6103 8170
11999 2 2 1 1 6473 6472 7929
12000 2 2 1 1 768 769 1651
12001 2 2 1 1 1086 1087 2036
12002 2 2 1 1 8045 4463 9796
12003 2 2 1 1 491 492 1764
12004 2 2 1 1 3028 3525 7760
12005 2 2 1 1 3576 3874 3875
12006 2 2 1 1 4677 4667 7354
12007 2 2 1 1 7901 1023 9582
12008 2 2 1 1 2953 2955 7586
12009 2 2 1 1 6017 6016 7269
12010 2 2 1 1 4487 3897 8070
12011 2 2 1 1 3960 3961 8799
12012 2 2 1 1 4134 4111 7307
12013 2 2 1 1 2246 3601 7757
12014 2 2 1 1 5744 5742 7031
12015 2 2 1 1 5781 5785 7803
12016 2 2 1 1 4583 4585 7721
12017 2 2 1 1 6124 7941 7982
12018 2 2 1 1 3579 3873 3908
12019 2 2 1 1 743 744 6712
12020 2 2 1 1 733 2044 7618
12021 2 2 1 1 3900 3902 7646
12022 2 2 1 1 4486 4103 7382
12023 2 2 1 1 4105 7181 7382
12024 2 2 1 1 1041 1042 1640
12025 2 2 1 1 813 814 2035
12026 2 2 1 1 7804 7805 8002
12027 2 2 1 1 6540 3650 9358
12028 2 2 1 1 5132 5134 8261
12029 2 2 1 1 6409 6672 8605
12030 2 2 1 1 3566 5326 9797
12031 2 2 1 1 2743 2718 7330
12032 2 2 1 1 997 1731 8203
12033 2 2 1 1 5305 5303 8185
12034 2 2 1 1 204 2104 8194
12035 2 2 1 1 7307 4113 7379
12036 2 2 1 1 5754 5755 7010
12037 2 2 1 1 1385 8147 8315
12038 2 2 1 1 857 858 6707
12039 2 2 1 1 375 376 1823
12040 2 2 1 1 672 673 2034
12041 2 2 1 1 6252 2218 9431
12042 2 2 1 1 277 278 8302
12043 2 2 1 1 4936 4818 7830
12044 2 2 1 1 4083 4028 8410
12045 2 2 1 1 277 8302 8305
12046 2 2 1 1 4193 4192 8135
12047 2 2 1 1 4109 4134 7332
12048 2 2 1 1 4838 4836 8183
12049 2 2 1 1 4339 5487 9177
12050 2 2 1 1 163 164 1703
12051 2 2 1 1 3846 3722 7517
12052 2 2 1 1 8121 5169 8179
12053 2 2 1 1 4665 4677 7359
12054 2 2 1 1 119 120 6719
12055 2 2 1 1 1691 7683 8679
12056 2 2 1 1 8094 4098 8147
12057 2 2 1 1 2441 2439 8811
12058 2 2 1 1 280 281 1836
12059 2 2 1 1 4640 7713 9652
12060 2 2 1 1 280 1836 8308
12061 2 2 1 1 2236 3604 7750
12062 2 2 1 1 7010 3334 8983
12063 2 2 1 1 744 1644 6712
12064 2 2 1 1 3514 7948 9452
12065 2 2 1 1 1825 482 6754
12066 2 2 1 1 1468 1469 8578
12067 2 2 1 1 6015 6013 6016
12068 2 2 1 1 8445 6130 8596
12069 2 2 1 1 3804 3896 8037
12070 2 2 1 1 123 124 6704
12071 2 2 1 1 553 554 2029
12072 2 2 1 1 7201 4512 9104
12073 2 2 1 1 283 284 1863
12074 2 2 1 1 1891 6384 8845
12075 2 2 1 1 283 1863 8298
12076 2 2 1 1 290 291 1789
12077 2 2 1 1 1181 1182 1594
12078 2 2 1 1 858 2023 6707
12079 2 2 1 1 3898 4017 8199
12080 2 2 1 1 3018 3535 7765
12081 2 2 1 1 4131 4135 8244
12082 2 2 1 1 1775 84 6747
12083 2 2 1 1 4929 4930 9780
12084 2 2 1 1 8375 4464 9366
12085 2 2 1 1 6139 7693 8750
12086 2 2 1 1 21 22 2026
12087 2 2 1 1 7211 4733 8389
12088 2 2 1 1 4534 4892 8384
12089 2 2 1 1 2725 7461 8046
12090 2 2 1 1 6754 1988 8953
12091 2 2 1 1 6466 6464 9207
12092 2 2 1 1 956 957 2067
12093 2 2 1 1 898 899 2066
12094 2 2 1 1 1269 7711 9205
12095 2 2 1 1 1698 145 6746
12096 2 2 1 1 4368 4419 7416
12097 2 2 1 1 1147 1148 2028
12098 2 2 1 1 3876 4428 8612
12099 2 2 1 1 416 417 1811
12100 2 2 1 1 1213 1214 6720
12101 2 2 1 1 2349 2347 8394
12102 2 2 1 1 6519 2144 8785
12103 2 2 1 1 5926 1704 7089
12104 2 2 1 1 7894 6082 9604
12105 2 2 1 1 7375 3909 8631
12106 2 2 1 1 4338 4935 7800
12107 2 2 1 1 122 123 2021
12108 2 2 1 1 3590 8884 9684
12109 2 2 1 1 4121 7331 7381
12110 2 2 1 1 7228 5190 7229
12111 2 2 1 1 4115 4133 7379
12112 2 2 1 1 831 832 6963
12113 2 2 1 1 4423 3971 8617
12114 2 2 1 1 2170 2172 7626
12115 2 2 1 1 2103 6035 7105
12116 2 2 1 1 1650 765 6757
12117 2 2 1 1 124 1693 6704
12118 2 2 1 1 4091 4455 8659
12119 2 2 1 1 828 829 1609
12120 2 2 1 1 3577 7400 7777
12121 2 2 1 1 4252 6151 8620
12122 2 2 1 1 7870 7868 8432
12123 2 2 1 1 7793 3921 8563
12124 2 2 1 1 4543 7078 7468
12125 2 2 1 1 1372 8012 8257
12126 2 2 1 1 1029 1030 8290
12127 2 2 1 1 825 826 8287
12128 2 2 1 1 4125 4127 8259
12129 2 2 1 1 7160 1682 8056
12130 2 2 1 1 832 1608 6963
12131 2 2 1 1 1468 8578 8609
12132 2 2 1 1 5169 5167 8179
12133 2 2 1 1 6308 6306 6309
12134 2 2 1 1 87 1776 7643
12135 2 2 1 1 1315 1316 8586
12136 2 2 1 1 1032 1033 8284
12137 2 2 1 1 822 823 8283
12138 2 2 1 1 3706 4889 4890
12139 2 2 1 1 4808 7738 8112
12140 2 2 1 1 4264 4266 7737
12141 2 2 1 1 1609 829 7724
12142 2 2 1 1 4562 4560 8180
12143 2 2 1 1 853 854 6715
12144 2 2 1 1 4382 4384 7722
12145 2 2 1 1 4743 4745 9565
12146 2 2 1 1 856 857 1602
12147 2 2 1 1 1111 1112 6714
12148 2 2 1 1 1035 1036 2133
12149 2 2 1 1 819 820 1656
12150 2 2 1 1 4133 4117 7999
12151 2 2 1 1 331 332 6559
12152 2 2 1 1 1029 8290 8291
12153 2 2 1 1 826 2005 8287
12154 2 2 1 1 3434 7763 8616
12155 2 2 1 1 491 1764 7647
12156 2 2 1 1 742 743 2032
12157 2 2 1 1 6924 4091 8659
12158 2 2 1 1 6762 8336 9514
12159 2 2 1 1 4473 8043 8337
12160 2 2 1 1 854 855 2016
12161 2 2 1 1 5841 5844 5845
12162 2 2 1 1 2947 2949 7651
12163 2 2 1 1 1032 8284 8293
12164 2 2 1 1 8283 823 8289
12165 2 2 1 1 5071 5075 7463
12166 2 2 1 1 5731 7939 8096
12167 2 2 1 1 1112 1113 6585
12168 2 2 1 1 1512 8659 9418
12169 2 2 1 1 2856 5235 8598
12170 2 2 1 1 2228 3595 7758
12171 2 2 1 1 734 735 6592
12172 2 2 1 1 1641 1038 6751
12173 2 2 1 1 585 586 6536
12174 2 2 1 1 768 1651 7648
12175 2 2 1 1 1035 2133 8285
12176 2 2 1 1 1656 820 8280
12177 2 2 1 1 7488 6871 9490
12178 2 2 1 1 1529 1528 8273
12179 2 2 1 1 418 2014 7680
12180 2 2 1 1 1214 1215 1888
12181 2 2 1 1 120 121 1691
12182 2 2 1 1 2153 7103 8116
12183 2 2 1 1 7060 5008 8482
12184 2 2 1 1 6050 6051 8642
12185 2 2 1 1 957 958 6697
12186 2 2 1 1 518 519 6509
12187 2 2 1 1 6391 6392 8661
12188 2 2 1 1 457 458 6497
12189 2 2 1 1 418 419 2014
12190 2 2 1 1 7219 1528 9193
12191 2 2 1 1 9381 6331 9608
12192 2 2 1 1 7780 3933 8325
12193 2 2 1 1 6873 6875 6876
12194 2 2 1 1 8400 4426 8564
12195 2 2 1 1 3486 2953 7586
12196 2 2 1 1 53 54 6491
12197 2 2 1 1 4324 4326 7690
12198 2 2 1 1 3010 3599 7769
12199 2 2 1 1 1041 1640 7653
12200 2 2 1 1 4924 4925 9265
12201 2 2 1 1 2166 2168 7666
12202 2 2 1 1 23 24 1577
12203 2 2 1 1 1978 669 6743
12204 2 2 1 1 6421 6419 6423
12205 2 2 1 1 246 247 6440
12206 2 2 1 1 4622 4624 8050
12207 2 2 1 1 88 89 6639
12208 2 2 1 1 4980 4978 8213
12209 2 2 1 1 672 2034 7658
12210 2 2 1 1 5727 5730 7409
12211 2 2 1 1 4151 4164 7759
12212 2 2 1 1 1276 1275 9332
12213 2 2 1 1 4426 6244 8564
12214 2 2 1 1 492 493 6646
12215 2 2 1 1 4901 4900 5475
12216 2 2 1 1 3564 6376 8836
12217 2 2 1 1 1149 1150 1586
12218 2 2 1 1 705 706 6480
12219 2 2 1 1 292 293 2013
12220 2 2 1 1 163 1703 7659
12221 2 2 1 1 3978 3980 7748
12222 2 2 1 1 769 770 6642
12223 2 2 1 1 1083 1084 6450
12224 2 2 1 1 1182 1183 6687
12225 2 2 1 1 4982 8500 8740
12226 2 2 1 1 4939 7785 8742
12227 2 2 1 1 23 1577 7675
12228 2 2 1 1 4630 4632 7764
12229 2 2 1 1 459 460 8712
12230 2 2 1 1 7380 1531 8023
12231 2 2 1 1 555 556 1748
12232 2 2 1 1 55 56 8709
12233 2 2 1 1 7747 5136 8095
12234 2 2 1 1 5428 8082 8520
12235 2 2 1 1 1467 1468 8609
12236 2 2 1 1 939 940 6413
12237 2 2 1 1 4372 4374 8502
12238 2 2 1 1 5067 7124 7459
12239 2 2 1 1 810 811 6398
12240 2 2 1 1 3857 3858 8611
12241 2 2 1 1 7141 4064 9002
12242 2 2 1 1 5991 1890 7991
12243 2 2 1 1 1216 1217 2158
12244 2 2 1 1 958 1674 6697
12245 2 2 1 1 4089 6253 8233
12246 2 2 1 1 372 373 6370
12247 2 2 1 1 8179 5167 8212
12248 2 2 1 1 6375 6667 8943
12249 2 2 1 1 5258 7946 8454
12250 2 2 1 1 1179 1180 2011
12251 2 2 1 1 5929 5926 9178
12252 2 2 1 1 2035 7654 8702
12253 2 2 1 1 1085 1086 8699
12254 2 2 1 1 2928 3488 7351
12255 2 2 1 1 415 416 6701
12256 2 2 1 1 2805 3617 8987
12257 2 2 1 1 812 813 8696
12258 2 2 1 1 2220 2839 7762
12259 2 2 1 1 613 614 7745
12260 2 2 1 1 612 613 2157
12261 2 2 1 1 7311 4641 9309
12262 2 2 1 1 5075 5069 7459
12263 2 2 1 1 6834 2863 8618
12264 2 2 1 1 3671 4466 4467
12265 2 2 1 1 4670 4668 8231
12266 2 2 1 1 6655 7117 8925
12267 2 2 1 1 4159 4161 8222
12268 2 2 1 1 4552 4550 8810
12269 2 2 1 1 6574 5870 9245
12270 2 2 1 1 4740 8327 9561
12271 2 2 1 1 5954 5083 9625
12272 2 2 1 1 3544 2947 7651
12273 2 2 1 1 6172 3833 9788
12274 2 2 1 1 1149 1586 7677
12275 2 2 1 1 5325 6021 6022
12276 2 2 1 1 8924 7835 9779
12277 2 2 1 1 20 21 6696
12278 2 2 1 1 4207 4073 7712
12279 2 2 1 1 377 378 2003
12280 2 2 1 1 4008 3795 7465
12281 2 2 1 1 3002 3577 7777
12282 2 2 1 1 5799 5795 6760
12283 2 2 1 1 1183 1956 6687
12284 2 2 1 1 7274 4984 7275
12285 2 2 1 1 8183 4836 8249
12286 2 2 1 1 230 231 1707
12287 2 2 1 1 8338 1787 9192
12288 2 2 1 1 230 1707 7756
12289 2 2 1 1 7299 7754 8477
12290 2 2 1 1 1467 8609 8637
12291 2 2 1 1 7400 6764 9514
12292 2 2 1 1 670 671 1614
12293 2 2 1 1 292 2013 7672
12294 2 2 1 1 1638 6039 7113
12295 2 2 1 1 166 167 6351
12296 2 2 1 1 494 495 6397
12297 2 2 1 1 550 551 6322
12298 2 2 1 1 5167 5165 8212
12299 2 2 1 1 4002 3800 8111
12300 2 2 1 1 90 91 6434
12301 2 2 1 1 2839 7728 7762
12302 2 2 1 1 7255 3935 7490
12303 2 2 1 1 815 816 1657
12304 2 2 1 1 1039 1040 2000
12305 2 2 1 1 287 288 6292
12306 2 2 1 1 6349 5343 8508
12307 2 2 1 1 1383 1384 8327
12308 2 2 1 1 146 147 1992
12309 2 2 1 1 233 234 8260
12310 2 2 1 1 1467 1466 8902
12311 2 2 1 1 1664 7629 9584
12312 2 2 1 1 675 676 6386
12313 2 2 1 1 85 86 1994
12314 2 2 1 1 915 916 6425
12315 2 2 1 1 1184 1185 6337
12316 2 2 1 1 1044 1045 6405
12317 2 2 1 1 2129 233 8260
12318 2 2 1 1 1146 1147 6699
12319 2 2 1 1 771 772 6462
12320 2 2 1 1 207 208 6541
12321 2 2 1 1 959 960 6311
12322 2 2 1 1 125 126 6256
12323 2 2 1 1 6445 7709 8263
12324 2 2 1 1 555 1748 7668
12325 2 2 1 1 1181 1594 7670
12326 2 2 1 1 6044 1435 9793
12327 2 2 1 1 4851 4841 7475
12328 2 2 1 1 895 896 6301
12329 2 2 1 1 483 484 1988
12330 2 2 1 1 289 290 6690
12331 2 2 1 1 251 252 1990
12332 2 2 1 1 1088 1089 1631
12333 2 2 1 1 766 767 1995
12334 2 2 1 1 6992 4095 8991
12335 2 2 1 1 1356 1357 8400
12336 2 2 1 1 3499 8700 9225
12337 2 2 1 1 897 898 6698
12338 2 2 1 1 7931 2863 7936
12339 2 2 1 1 8212 5165 8245
12340 2 2 1 1 7357 4726 8451
12341 2 2 1 1 710 711 1624
12342 2 2 1 1 1144 1145 6288
12343 2 2 1 1 640 641 6555
12344 2 2 1 1 6484 6637 8960
12345 2 2 1 1 6564 6599 8955
12346 2 2 1 1 333 334 6598
12347 2 2 1 1 3839 2266 7726
12348 2 2 1 1 3640 7979 7980
12349 2 2 1 1 5068 5070 8248
12350 2 2 1 1 236 237 2128
12351 2 2 1 1 18 19 6279
12352 2 2 1 1 6357 6356 8746
12353 2 2 1 1 6927 1919 7271
12354 2 2 1 1 1000 1001 6579
12355 2 2 1 1 236 2128 7768
12356 2 2 1 1 552 553 6684
12357 2 2 1 1 205 206 8721
12358 2 2 1 1 5065 8522 8575
12359 2 2 1 1 9664 2843 9680
12360 2 2 1 1 1120 1121 6593
12361 2 2 1 1 7932 7931 7936
12362 2 2 1 1 1898 7185 7319
12363 2 2 1 1 4787 4786 8078
12364 2 2 1 1 998 999 8731
12365 2 2 1 1 1771 7185 8390
12366 2 2 1 1 4890 4902 4903
12367 2 2 1 1 6550 1351 9697
12368 2 2 1 1 745 746 6239
12369 2 2 1 1 58 59 1806
12370 2 2 1 1 1593 1178 6737
12371 2 2 1 1 4119 7381 7999
12372 2 2 1 1 2152 5734 5735
12373 2 2 1 1 1711 5939 7092
12374 2 2 1 1 520 521 6624
12375 2 2 1 1 4320 4336 7398
12376 2 2 1 1 4589 4591 7795
12377 2 2 1 1 4688 4675 7456
12378 2 2 1 1 413 414 6262
12379 2 2 1 1 462 463 1794
12380 2 2 1 1 239 240 6921
12381 2 2 1 1 5047 9189 9743
12382 2 2 1 1 4517 4518 9369
12383 2 2 1 1 1855 239 6921
12384 2 2 1 1 523 524 1756
12385 2 2 1 1 5521 5073 7463
12386 2 2 1 1 3622 3882 8047
12387 2 2 1 1 4429 6448 9034
12388 2 2 1 1 107 108 8593
12389 2 2 1 1 421 422 6182
12390 2 2 1 1 2936 2938 7701
12391 2 2 1 1 7791 7215 7792
12392 2 2 1 1 248 249 6631
12393 2 2 1 1 8008 4366 8342
12394 2 2 1 1 5302 5388 7455
12395 2 2 1 1 5877 5879 7565
12396 2 2 1 1 7801 3576 8493
12397 2 2 1 1 3806 3750 9784
12398 2 2 1 1 4541 4532 8384
12399 2 2 1 1 5493 5494 8718
12400 2 2 1 1 242 243 6920
12401 2 2 1 1 956 2067 8128
12402 2 2 1 1 2066 899 8126
12403 2 2 1 1 1716 242 6920
12404 2 2 1 1 2746 2730 7894
12405 2 2 1 1 707 708 6636
12406 2 2 1 1 1466 1467 8637
12407 2 2 1 1 30 31 1799
12408 2 2 1 1 3840 3034 7744
12409 2 2 1 1 493 1950 6646
12410 2 2 1 1 1152 1153 6175
12411 2 2 1 1 1799 31 7782
12412 2 2 1 1 2649 7848 8790
12413 2 2 1 1 2930 2932 7733
12414 2 2 1 1 295 296 6164
12415 2 2 1 1 2914 3434 7401
12416 2 2 1 1 1042 1043 8710
12417 2 2 1 1 5800 5802 5803
12418 2 2 1 1 558 559 6152
12419 2 2 1 1 4758 8036 9788
12420 2 2 1 1 6394 1616 6817
12421 2 2 1 1 374 375 6666
12422 2 2 1 1 3716 5371 7465
12423 2 2 1 1 4571 4647 7474
12424 2 2 1 1 4836 4834 8249
12425 2 2 1 1 89 1949 6639
12426 2 2 1 1 673 674 8708
12427 2 2 1 1 4211 8027 8586
12428 2 2 1 1 336 337 1742
12429 2 2 1 1 2996 3612 7798
12430 2 2 1 1 4233 6614 8992
12431 2 2 1 1 1265 1266 8345
12432 2 2 1 1 164 165 8701
12433 2 2 1 1 1992 8004 8727
12434 2 2 1 1 2214 3588 7789
12435 2 2 1 1 27 28 6904
12436 2 2 1 1 2707 7676 9103
12437 2 2 1 1 3930 4931 5372
12438 2 2 1 1 28 2015 6904
12439 2 2 1 1 2904 2906 7746
12440 2 2 1 1 2501 2499 8478
12441 2 2 1 1 5800 5799 5801
12442 2 2 1 1 4237 4238 8221
12443 2 2 1 1 3844 2252 7749
12444 2 2 1 1 3885 5491 5492
12445 2 2 1 1 3750 3689 9738
12446 2 2 1 1 5372 4931 8278
12447 2 2 1 1 4904 8908 9511
12448 2 2 1 1 5134 7747 8261
12449 2 2 1 1 5165 5163 8245
12450 2 2 1 1 4510 4139 8030
12451 2 2 1 1 3929 3931 9253
12452 2 2 1 1 5894 5896 7559
12453 2 2 1 1 8612 4428 8748
12454 2 2 1 1 1123 1124 1977
12455 2 2 1 1 731 732 1686
12456 2 2 1 1 4432 4431 7916
12457 2 2 1 1 2814 7331 7573
12458 2 2 1 1 5722 7841 7861
12459 2 2 1 1 5903 5905 7557
12460 2 2 1 1 1109 1110 6230
12461 2 2 1 1 874 875 1684
12462 2 2 1 1 980 981 1975
12463 2 2 1 1 6442 6078 7708
12464 2 2 1 1 1003 1004 1976
12465 2 2 1 1 851 852 6222
12466 2 2 1 1 6882 1724 6886
12467 2 2 1 1 770 1948 6642
12468 2 2 1 1 4705 4569 7474
12469 2 2 1 1 8014 2859 8396
12470 2 2 1 1 328 329 1744
12471 2 2 1 1 187 188 1706
12472 2 2 1 1 1216 2158 7696
12473 2 2 1 1 6518 6519 9449
12474 2 2 1 1 3851 3853 7743
12475 2 2 1 1 380 381 6132
12476 2 2 1 1 3885 5492 8625
12477 2 2 1 1 8640 3631 9035
12478 2 2 1 1 1466 8637 8676
12479 2 2 1 1 2990 3579 7790
12480 2 2 1 1 3980 3982 7771
12481 2 2 1 1 5130 5129 8374
12482 2 2 1 1 210 211 1713
12483 2 2 1 1 6905 7784 9474
12484 2 2 1 1 6268 3632 9529
12485 2 2 1 1 643 644 1973
12486 2 2 1 1 1211 1212 6216
12487 2 2 1 1 8249 4834 8314
12488 2 2 1 1 2922 2924 7740
12489 2 2 1 1 582 583 1972
12490 2 2 1 1 4062 6131 8266
12491 2 2 1 1 2409 2407 8486
12492 2 2 1 1 3356 3358 7815
12493 2 2 1 1 2736 3655 9258
12494 2 2 1 1 1371 1372 8257
12495 2 2 1 1 3338 3340 7817
12496 2 2 1 1 8180 4560 8329
12497 2 2 1 1 122 2021 7683
12498 2 2 1 1 2636 2638 7818
12499 2 2 1 1 2964 6495 9562
12500 2 2 1 1 8224 5695 8720
12501 2 2 1 1 6969 7614 8268
12502 2 2 1 1 2984 3533 7788
12503 2 2 1 1 2726 2724 7710
12504 2 2 1 1 4434 3878 8493
12505 2 2 1 1 6459 6458 6460
12506 2 2 1 1 4671 4673 8301
12507 2 2 1 1 117 118 6194
12508 2 2 1 1 9010 4741 9611
12509 2 2 1 1 4086 7869 7954
12510 2 2 1 1 833 834 6117
12511 2 2 1 1 1091 1092 6111
12512 2 2 1 1 5005 5006 9065
12513 2 2 1 1 713 714 6096
12514 2 2 1 1 3945 3947 8195
12515 2 2 1 1 1658 812 8696
12516 2 2 1 1 254 255 6066
12517 2 2 1 1 5787 5788 9269
12518 2 2 1 1 4610 4641 7505
12519 2 2 1 1 515 516 1758
12520 2 2 1 1 5558 5555 8860
12521 2 2 1 1 2916 2918 7763
12522 2 2 1 1 454 455 1793
12523 2 2 1 1 2604 2606 7826
12524 2 2 1 1 2208 3576 7801
12525 2 2 1 1 3616 2194 7669
12526 2 2 1 1 7331 2814 7381
12527 2 2 1 1 3847 3024 7760
12528 2 2 1 1 2626 2628 7823
12529 2 2 1 1 6584 6005 7437
12530 2 2 1 1 4386 4388 7833
12531 2 2 1 1 50 51 1804
12532 2 2 1 1 61 62 6052
12533 2 2 1 1 5826 5824 5827
12534 2 2 1 1 1342 1343 9118
12535 2 2 1 1 4728 3894 8273
12536 2 2 1 1 3372 3374 7797
12537 2 2 1 1 7009 7016 7435
12538 2 2 1 1 6547 6546 7247
12539 2 2 1 1 6907 6576 6908
12540 2 2 1 1 2898 2900 7793
12541 2 2 1 1 6203 4511 8681
12542 2 2 1 1 1968 119 6719
12543 2 2 1 1 465 466 6048
12544 2 2 1 1 6448 5422 9638
12545 2 2 1 1 6939 4537 7414
12546 2 2 1 1 377 2003 7656
12547 2 2 1 1 4413 4405 7515
12548 2 2 1 1 1879 7081 8135
12549 2 2 1 1 1740 5875 7074
12550 2 2 1 1 702 703 1622
12551 2 2 1 1 8245 5163 8276
12552 2 2 1 1 3382 3384 7809
12553 2 2 1 1 3848 2242 7757
12554 2 2 1 1 5764 5762 5765
12555 2 2 1 1 8092 4253 8391
12556 2 2 1 1 532 533 6045
12557 2 2 1 1 4129 6793 8120
12558 2 2 1 1 4530 4541 8359
12559 2 2 1 1 774 775 1969
12560 2 2 1 1 1080 1081 1629
12561 2 2 1 1 1465 1466 8676
12562 2 2 1 1 3535 8993 9597
12563 2 2 1 1 32 33 1964
12564 2 2 1 1 2958 2959 8455
12565 2 2 1 1 6271 6270 6272
12566 2 2 1 1 1630 1085 8699
12567 2 2 1 1 4258 4260 8144
12568 2 2 1 1 93 94 1967
12569 2 2 1 1 2089 5901 7077
12570 2 2 1 1 3869 4539 8592
12571 2 2 1 1 3635 4190 7985
12572 2 2 1 1 5681 2753 9266
12573 2 2 1 1 1681 5891 7075
12574 2 2 1 1 2833 7933 8000
12575 2 2 1 1 497 498 1963
12576 2 2 1 1 3482 5341 9447
12577 2 2 1 1 918 919 1671
12578 2 2 1 1 936 937 1966
12579 2 2 1 1 4591 4593 8164
12580 2 2 1 1 1047 1048 1965
12581 2 2 1 1 807 808 1659
12582 2 2 1 1 3364 3367 7824
12583 2 2 1 1 2202 2840 7802
12584 2 2 1 1 4532 4534 8384
12585 2 2 1 1 1609 7528 9589
12586 2 2 1 1 7331 4155 7573
12587 2 2 1 1 339 340 5994
12588 2 2 1 1 4876 3883 7527
12589 2 2 1 1 5941 5943 7519
12590 2 2 1 1 5750 2076 7041
12591 2 2 1 1 4075 7013 9669
12592 2 2 1 1 6930 6933 8421
12593 2 2 1 1 7273 5104 8152
12594 2 2 1 1 8231 4668 8326
12595 2 2 1 1 5544 5546 7467
12596 2 2 1 1 7704 1863 8797
12597 2 2 1 1 8781 4002 9510
12598 2 2 1 1 7607 6906 8227
12599 2 2 1 1 5386 5254 9043
12600 2 2 1 1 1126 1127 6031
12601 2 2 1 1 7935 7932 7936
12602 2 2 1 1 856 1602 7692
12603 2 2 1 1 2890 2892 7794
12604 2 2 1 1 678 679 1616
12605 2 2 1 1 1176 1177 6160
12606 2 2 1 1 3314 3316 7843
12607 2 2 1 1 2606 2608 7831
12608 2 2 1 1 3937 4545 7490
12609 2 2 1 1 2414 2416 7858
12610 2 2 1 1 2894 2896 7808
12611 2 2 1 1 8182 4241 8525
12612 2 2 1 1 5307 2861 8869
12613 2 2 1 1 5668 5664 7020
12614 2 2 1 1 877 878 6007
12615 2 2 1 1 6531 6530 6532
12616 2 2 1 1 3933 3957 8325
12617 2 2 1 1 1006 1007 6001
12618 2 2 1 1 4528 4530 8359
12619 2 2 1 1 4839 4851 8071
12620 2 2 1 1 2550 2552 7849
12621 2 2 1 1 5414 4078 7688
12622 2 2 1 1 1854 1213 6720
12623 2 2 1 1 6961 6017 8466
12624 2 2 1 1 1550 1549 8366
12625 2 2 1 1 6673 9204 9376
12626 2 2 1 1 189 190 1915
12627 2 2 1 1 369 370 1962
12628 2 2 1 1 189 1915 7838
12629 2 2 1 1 228 229 1961
12630 2 2 1 1 815 1657 7654
12631 2 2 1 1 2556 2558 7841
12632 2 2 1 1 4403 4413 7549
12633 2 2 1 1 3278 3280 7839
12634 2 2 1 1 4527 8119 8430
12635 2 2 1 1 2568 2570 7884
12636 2 2 1 1 735 1685 6592
12637 2 2 1 1 3224 3226 7834
12638 2 2 1 1 4860 4234 9345
12639 2 2 1 1 2582 2584 7844
12640 2 2 1 1 3194 3196 7851
12641 2 2 1 1 2653 2655 7822
12642 2 2 1 1 1897 5739 7193
12643 2 2 1 1 1465 8676 8705
12644 2 2 1 1 742 2032 8097
12645 2 2 1 1 6444 6445 6446
12646 2 2 1 1 1113 1850 6585
12647 2 2 1 1 2574 2576 7848
12648 2 2 1 1 332 1743 6559
12649 2 2 1 1 3204 3206 7850
12650 2 2 1 1 646 647 5981
12651 2 2 1 1 4936 7830 8072
12652 2 2 1 1 6135 6137 8682
12653 2 2 1 1 2016 855 7692
12654 2 2 1 1 5163 5161 8276
12655 2 2 1 1 3643 2972 7691
12656 2 2 1 1 169 170 1960
12657 2 2 1 1 2514 2516 7853
12658 2 2 1 1 2468 2470 7854
12659 2 2 1 1 5568 5566 5569
12660 2 2 1 1 192 193 6910
12661 2 2 1 1 2440 2442 7857
12662 2 2 1 1 3328 3330 7829
12663 2 2 1 1 213 214 5946
12664 2 2 1 1 3589 2880 7942
12665 2 2 1 1 1842 192 6910
12666 2 2 1 1 6572 1565 9802
12667 2 2 1 1 6853 8657 9047
12668 2 2 1 1 587 588 6662
12669 2 2 1 1 2392 2394 7860
12670 2 2 1 1 5037 7368 7558
12671 2 2 1 1 3294 3296 7889
12672 2 2 1 1 1805 55 8709
12673 2 2 1 1 3500 2936 7701
12674 2 2 1 1 3296 3298 8188
12675 2 2 1 1 5423 5468 8713
12676 2 2 1 1 2908 2910 7810
12677 2 2 1 1 3344 3346 7875
12678 2 2 1 1 2632 2634 7887
12679 2 2 1 1 4834 4832 8314
12680 2 2 1 1 2081 5815 7066
12681 2 2 1 1 7442 4296 9425
12682 2 2 1 1 6339 5867 7024
12683 2 2 1 1 2532 2534 7855
12684 2 2 1 1 3322 3324 7852
12685 2 2 1 1 4812 4814 8360
12686 2 2 1 1 4097 4156 8315
12687 2 2 1 1 3143 3141 8516
12688 2 2 1 1 2645 2648 7840
12689 2 2 1 1 638 639 8725
12690 2 2 1 1 2448 2450 7911
12691 2 2 1 1 4824 4812 8360
12692 2 2 1 1 6470 6471 6472
12693 2 2 1 1 5189 7222 7695
12694 2 2 1 1 8209 7062 9434
12695 2 2 1 1 2558 2560 7861
12696 2 2 1 1 195 196 8206
12697 2 2 1 1 4988 4985 8986
12698 2 2 1 1 982 983 1680
12699 2 2 1 1 872 873 7776
12700 2 2 1 1 2970 3591 7787
12701 2 2 1 1 195 8206 8218
12702 2 2 1 1 1686 7618 8859
12703 2 2 1 1 3212 3214 7908
12704 2 2 1 1 7354 4669 8145
12705 2 2 1 1 2432 2434 7874
12706 2 2 1 1 1603 853 6715
12707 2 2 1 1 1088 1631 7649
12708 2 2 1 1 985 986 1864
12709 2 2 1 1 869 870 8214
12710 2 2 1 1 3128 3130 7906
12711 2 2 1 1 1827 1111 6714
12712 2 2 1 1 2880 2882 7942
12713 2 2 1 1 3196 3198 7890
12714 2 2 1 1 4618 4636 7587
12715 2 2 1 1 1539 1538 8296
12716 2 2 1 1 988 989 1688
12717 2 2 1 1 866 867 1922
12718 2 2 1 1 586 1936 6536
12719 2 2 1 1 9332 1275 9610
12720 2 2 1 1 2599 3657 7981
12721 2 2 1 1 251 1990 7640
12722 2 2 1 1 982 1680 7871
12723 2 2 1 1 873 7775 7776
12724 2 2 1 1 2288 2290 7937
12725 2 2 1 1 6959 7595 9584
12726 2 2 1 1 1792 459 8712
12727 2 2 1 1 3348 3350 7863
12728 2 2 1 1 2338 2340 7928
12729 2 2 1 1 710 1624 7645
12730 2 2 1 1 991 992 8211
12731 2 2 1 1 863 864 6948
12732 2 2 1 1 2488 2490 7896
12733 2 2 1 1 6274 5517 9438
12734 2 2 1 1 1888 1215 7696
12735 2 2 1 1 2506 2508 7897
12736 2 2 1 1 985 1864 8220
12737 2 2 1 1 8214 870 8219
12738 2 2 1 1 198 199 8200
12739 2 2 1 1 2884 2886 7836
12740 2 2 1 1 4647 4573 7563
12741 2 2 1 1 198 8200 8207
12742 2 2 1 1 3327 3654 7852
12743 2 2 1 1 5221 6793 8244
12744 2 2 1 1 6375 8943 8944
12745 2 2 1 1 1187 1188 1958
12746 2 2 1 1 667 668 6140
12747 2 2 1 1 994 995 8204
12748 2 2 1 1 860 861 1600
12749 2 2 1 1 1896 5713 7204
12750 2 2 1 1 2374 2376 7904
12751 2 2 1 1 3088 3090 7938
12752 2 2 1 1 6372 6374 9274
12753 2 2 1 1 3138 3140 7940
12754 2 2 1 1 988 1688 7881
12755 2 2 1 1 1922 867 8217
12756 2 2 1 1 2955 2958 7586
12757 2 2 1 1 4492 3928 7534
12758 2 2 1 1 3544 7651 8511
12759 2 2 1 1 3244 3246 7903
12760 2 2 1 1 2546 2548 7926
12761 2 2 1 1 2502 2504 7927
12762 2 2 1 1 2470 2472 7907
12763 2 2 1 1 4303 4304 9801
12764 2 2 1 1 8227 7061 8643
12765 2 2 1 1 4577 4646 7550
12766 2 2 1 1 2119 991 8211
12767 2 2 1 1 864 1599 6948
12768 2 2 1 1 2657 2659 7891
12769 2 2 1 1 2600 2602 7876
12770 2 2 1 1 2524 2526 7910
12771 2 2 1 1 8276 5161 8323
12772 2 2 1 1 7556 4245 8028
12773 2 2 1 1 4003 4002 8781
12774 2 2 1 1 1691 121 7683
12775 2 2 1 1 3310 3312 7949
12776 2 2 1 1 9 10 5733
12777 2 2 1 1 994 8204 8210
12778 2 2 1 1 1600 861 8209
12779 2 2 1 1 5188 5142 8398
12780 2 2 1 1 4869 6975 8300
12781 2 2 1 1 201 202 8193
12782 2 2 1 1 201 8193 8201
12783 2 2 1 1 5591 9356 9645
12784 2 2 1 1 5208 7872 9739
12785 2 2 1 1 7216 3974 7657
12786 2 2 1 1 547 548 1750
12787 2 2 1 1 4283 4285 8270
12788 2 2 1 1 5129 5132 8374
12789 2 2 1 1 5717 5715 5720
12790 2 2 1 1 6887 6810 6888
12791 2 2 1 1 3248 3250 7959
12792 2 2 1 1 3667 2166 7666
12793 2 2 1 1 2588 2590 7958
12794 2 2 1 1 1464 1465 8705
12795 2 2 1 1 5691 7155 9116
12796 2 2 1 1 3200 3202 7964
12797 2 2 1 1 3120 3122 7920
12798 2 2 1 1 8779 4873 9745
12799 2 2 1 1 3488 7733 8653
12800 2 2 1 1 519 1757 6509
12801 2 2 1 1 2528 2530 7968
12802 2 2 1 1 5743 5741 5745
12803 2 2 1 1 3340 3342 7917
12804 2 2 1 1 2628 2630 7918
12805 2 2 1 1 35 36 5804
12806 2 2 1 1 5568 7864 9088
12807 2 2 1 1 3885 3871 5491
12808 2 2 1 1 143 144 6087
12809 2 2 1 1 1021 1022 1728
12810 2 2 1 1 4484 4482 9212
12811 2 2 1 1 2705 7899 7927
12812 2 2 1 1 962 963 1675
12813 2 2 1 1 892 893 1820
12814 2 2 1 1 3904 3906 7847
12815 2 2 1 1 2378 2380 7970
12816 2 2 1 1 96 97 5790
12817 2 2 1 1 2510 2512 7974
12818 2 2 1 1 763 764 6104
12819 2 2 1 1 2492 2494 7973
12820 2 2 1 1 7774 4207 8532
12821 2 2 1 1 3473 5316 9631
12822 2 2 1 1 2498 2500 7941
12823 2 2 1 1 3254 3256 7939
12824 2 2 1 1 82 83 6084
12825 2 2 1 1 5476 5475 8024
12826 2 2 1 1 1491 1490 8313
12827 2 2 1 1 458 1792 6497
12828 2 2 1 1 2542 2544 7944
12829 2 2 1 1 5508 3680 8767
12830 2 2 1 1 792 793 5860
12831 2 2 1 1 921 922 5847
12832 2 2 1 1 3178 3180 7943
12833 2 2 1 1 3300 3302 7952
12834 2 2 1 1 1050 1051 5830
12835 2 2 1 1 2536 2538 7978
12836 2 2 1 1 3386 3388 7905
12837 2 2 1 1 1141 1142 1584
12838 2 2 1 1 3446 5376 8580
12839 2 2 1 1 2426 2428 7977
12840 2 2 1 1 500 501 5772
12841 2 2 1 1 4281 7147 8110
12842 2 2 1 1 4545 3939 7551
12843 2 2 1 1 58 1806 7635
12844 2 2 1 1 3208 3210 7951
12845 2 2 1 1 2578 2580 7963
12846 2 2 1 1 480 481 6079
12847 2 2 1 1 3923 4464 8239
12848 2 2 1 1 3228 3230 7956
12849 2 2 1 1 3108 3110 7930
12850 2 2 1 1 4941 4753 7562
12851 2 2 1 1 2192 2818 7796
12852 2 2 1 1 7290 3864 8242
12853 2 2 1 1 3290 3292 7957
12854 2 2 1 1 4585 4587 8272
12855 2 2 1 1 54 1805 6491
12856 2 2 1 1 2184 7155 7786
12857 2 2 1 1 3493 6188 9578
12858 2 2 1 1 2444 2446 7961
12859 2 2 1 1 681 682 5791
12860 2 2 1 1 4276 4262 7566
12861 2 2 1 1 3264 3266 7966
12862 2 2 1 1 7763 3968 8616
12863 2 2 1 1 3116 3118 7925
12864 2 2 1 1 1791 8306 8669
12865 2 2 1 1 5942 9633 9741
12866 2 2 1 1 2570 2572 7975
12867 2 2 1 1 8955 6000 9805
12868 2 2 1 1 2982 6380 9069
12869 2 2 1 1 5641 5643 9036
12870 2 2 1 1 1261 6724 8857
12871 2 2 1 1 2416 2418 7971
12872 2 2 1 1 15 16 1844
12873 2 2 1 1 2652 3653 7840
12874 2 2 1 1 2788 2170 7626
12875 2 2 1 1 4954 4952 8343
12876 2 2 1 1 8217 1601 9272
12877 2 2 1 1 5557 5559 7487
12878 2 2 1 1 4526 4528 8365
12879 2 2 1 1 3316 3318 7976
12880 2 2 1 1 462 1794 7633
12881 2 2 1 1 2594 2596 7981
12882 2 2 1 1 6082 5786 9604
12883 2 2 1 1 4903 6603 8238
12884 2 2 1 1 4704 4616 7587
12885 2 2 1 1 2326 2328 7931
12886 2 2 1 1 3126 3128 7948
12887 2 2 1 1 4668 4666 8326
12888 2 2 1 1 3166 3168 7947
12889 2 2 1 1 5669 5668 6174
12890 2 2 1 1 2318 2320 7955
12891 2 2 1 1 7045 7046 8205
12892 2 2 1 1 6427 6429 9083
12893 2 2 1 1 523 1756 7631
12894 2 2 1 1 1464 8705 8741
12895 2 2 1 1 5161 5159 8323
12896 2 2 1 1 4366 6095 8342
12897 2 2 1 1 3868 2998 7777
12898 2 2 1 1 6958 9113 9226
12899 2 2 1 1 2172 2176 7626
12900 2 2 1 1 5068 8248 8393
12901 2 2 1 1 3476 2922 7740
12902 2 2 1 1 410 411 1954
12903 2 2 1 1 3462 2904 7746
12904 2 2 1 1 3284 3286 8236
12905 2 2 1 1 2364 2366 7954
12906 2 2 1 1 269 270 1723
12907 2 2 1 1 6315 6317 6320
12908 2 2 1 1 3371 3656 7824
12909 2 2 1 1 7664 6181 8779
12910 2 2 1 1 2638 2640 8232
12911 2 2 1 1 172 173 5723
12912 2 2 1 1 4241 4067 7859
12913 2 2 1 1 8314 4832 8363
12914 2 2 1 1 3866 2216 7762
12915 2 2 1 1 3162 3164 7979
12916 2 2 1 1 5142 5144 8398
12917 2 2 1 1 247 1947 6440
12918 2 2 1 1 3207 3205 8724
12919 2 2 1 1 8024 6494 9404
12920 2 2 1 1 4854 4856 9426
12921 2 2 1 1 3104 3106 7983
12922 2 2 1 1 8175 5593 8176
12923 2 2 1 1 4447 4448 8689
12924 2 2 1 1 7368 5035 8151
12925 2 2 1 1 1959 415 6701
12926 2 2 1 1 128 129 1694
12927 2 2 1 1 3158 3160 7986
12928 2 2 1 1 4022 4204 7627
12929 2 2 1 1 6199 6201 8254
12930 2 2 1 1 2720 2722 8046
12931 2 2 1 1 4004 6674 8345
12932 2 2 1 1 706 1623 6480
12933 2 2 1 1 8613 6203 8681
12934 2 2 1 1 6793 4131 8244
12935 2 2 1 1 4475 4473 8337
12936 2 2 1 1 2860 7259 8234
12937 2 2 1 1 3148 3150 7988
12938 2 2 1 1 5988 8591 9424
12939 2 2 1 1 274 275 8669
12940 2 2 1 1 7728 3866 7762
12941 2 2 1 1 1450 1449 8613
12942 2 2 1 1 4939 4938 9649
12943 2 2 1 1 2186 6591 9510
12944 2 2 1 1 1084 1630 6450
12945 2 2 1 1 4560 4558 8329
12946 2 2 1 1 2699 8483 9150
12947 2 2 1 1 4688 7456 7457
12948 2 2 1 1 8279 4205 8910
12949 2 2 1 1 8006 4279 8110
12950 2 2 1 1 7400 3868 7777
12951 2 2 1 1 5449 3511 8406
12952 2 2 1 1 1190 1191 5686
12953 2 2 1 1 3436 7622 9320
12954 2 2 1 1 6875 8668 9050
12955 2 2 1 1 4155 4125 8259
12956 2 2 1 1 4581 6660 7644
12957 2 2 1 1 1436 6617 9793
12958 2 2 1 1 3112 3114 7998
12959 2 2 1 1 6251 8842 9790
12960 2 2 1 1 5933 5293 9673
12961 2 2 1 1 2287 2286 8714
12962 2 2 1 1 5050 2816 8867
12963 2 2 1 1 3397 3997 7905
12964 2 2 1 1 1576 20 6696
12965 2 2 1 1 3092 3094 7985
12966 2 2 1 1 7069 5677 8572
12967 2 2 1 1 8030 4141 8082
12968 2 2 1 1 6381 4933 9491
12969 2 2 1 1 4820 4822 8392
12970 2 2 1 1 4416 4376 7624
12971 2 2 1 1 6875 6874 8404
12972 2 2 1 1 4879 3911 8373
12973 2 2 1 1 3873 2992 7798
12974 2 2 1 1 2322 2324 8000
12975 2 2 1 1 6617 1436 9775
12976 2 2 1 1 1313 1314 8524
12977 2 2 1 1 8323 5159 8347
12978 2 2 1 1 940 2085 6413
12979 2 2 1 1 3874 2210 7789
12980 2 2 1 1 811 1658 6398
12981 2 2 1 1 1463 1464 8741
12982 2 2 1 1 8524 6218 8806
12983 2 2 1 1 4880 3787 5003
12984 2 2 1 1 4300 7320 8799
12985 2 2 1 1 1555 8105 8570
12986 2 2 1 1 728 729 6019
12987 2 2 1 1 5920 5582 8223
12988 2 2 1 1 965 966 5660
12989 2 2 1 1 5759 5761 9294
12990 2 2 1 1 7293 8911 9645
12991 2 2 1 1 748 749 1645
12992 2 2 1 1 1106 1107 1828
12993 2 2 1 1 1341 9470 9612
12994 2 2 1 1 485 486 1826
12995 2 2 1 1 6875 8404 8668
12996 2 2 1 1 5400 5097 7663
12997 2 2 1 1 977 978 6006
12998 2 2 1 1 485 1826 7993
12999 2 2 1 1 848 849 1604
13000 2 2 1 1 1436 1435 8939
13001 2 2 1 1 7269 2740 8441
13002 2 2 1 1 8027 4210 8524
13003 2 2 1 1 5700 5702 9063
13004 2 2 1 1 3071 3074 8048
13005 2 2 1 1 2949 2952 7651
13006 2 2 1 1 4575 7550 7563
13007 2 2 1 1 4341 4071 8366
13008 2 2 1 1 5708 5710 9064
13009 2 2 1 1 3249 3247 8600
13010 2 2 1 1 9173 5797 9393
13011 2 2 1 1 2552 2554 8251
13012 2 2 1 1 2011 1180 7670
13013 2 2 1 1 336 1742 7620
13014 2 2 1 1 6908 6576 9676
13015 2 2 1 1 373 1952 6370
13016 2 2 1 1 3628 4076 8069
13017 2 2 1 1 8326 4666 8401
13018 2 2 1 1 4356 4357 8275
13019 2 2 1 1 3976 4723 7657
13020 2 2 1 1 5821 5823 9286
13021 2 2 1 1 5839 5841 9285
13022 2 2 1 1 4409 4415 7641
13023 2 2 1 1 3197 3195 8603
13024 2 2 1 1 5675 5677 9314
13025 2 2 1 1 488 489 1867
13026 2 2 1 1 5276 6677 9128
13027 2 2 1 1 1585 1146 6699
13028 2 2 1 1 488 1867 8001
13029 2 2 1 1 6565 7925 9127
13030 2 2 1 1 2168 2788 7666
13031 2 2 1 1 184 185 5965
13032 2 2 1 1 148 149 1699
13033 2 2 1 1 6826 3775 8397
13034 2 2 1 1 148 1699 8004
13035 2 2 1 1 7933 7934 8408
13036 2 2 1 1 8129 4277 8445
13037 2 2 1 1 3407 7498 8264
13038 2 2 1 1 1957 289 6690
13039 2 2 1 1 4646 4579 7644
13040 2 2 1 1 2196 5648 9600
13041 2 2 1 1 1208 1209 5978
13042 2 2 1 1 7676 2707 9337
13043 2 2 1 1 1819 897 6698
13044 2 2 1 1 3658 4355 8074
13045 2 2 1 1 3648 4432 8021
13046 2 2 1 1 4336 4322 7674
13047 2 2 1 1 1463 8741 8756
13048 2 2 1 1 3100 3102 8031
13049 2 2 1 1 6770 1493 9485
13050 2 2 1 1 4380 4392 7639
13051 2 2 1 1 5563 5565 9339
13052 2 2 1 1 4171 4173 8324
13053 2 2 1 1 8147 4097 8315
13054 2 2 1 1 1646 8098 8099
13055 2 2 1 1 7014 1932 7016
13056 2 2 1 1 1545 1546 8500
13057 2 2 1 1 5359 5358 5955
13058 2 2 1 1 151 152 1913
13059 2 2 1 1 5159 5157 8347
13060 2 2 1 1 1749 552 6684
13061 2 2 1 1 3288 3290 8246
13062 2 2 1 1 579 580 5936
13063 2 2 1 1 1123 1977 7619
13064 2 2 1 1 3870 2986 7790
13065 2 2 1 1 3878 2204 7801
13066 2 2 1 1 5622 5625 9340
13067 2 2 1 1 7907 2697 8691
13068 2 2 1 1 4448 7025 8689
13069 2 2 1 1 5845 7033 9484
13070 2 2 1 1 4044 4045 8913
13071 2 2 1 1 4832 4830 8363
13072 2 2 1 1 1300 8882 9720
13073 2 2 1 1 2854 2509 8638
13074 2 2 1 1 8258 6384 8465
13075 2 2 1 1 3522 2890 7794
13076 2 2 1 1 7534 8640 9035
13077 2 2 1 1 2889 3929 7836
13078 2 2 1 1 4673 4688 8301
13079 2 2 1 1 4816 4936 8485
13080 2 2 1 1 4822 4852 8392
13081 2 2 1 1 2643 6603 9692
13082 2 2 1 1 154 155 6896
13083 2 2 1 1 2304 2306 8011
13084 2 2 1 1 114 115 1945
13085 2 2 1 1 1769 154 6896
13086 2 2 1 1 8475 4879 9630
13087 2 2 1 1 1003 1976 7613
13088 2 2 1 1 7334 3900 7646
13089 2 2 1 1 3955 3958 8003
13090 2 2 1 1 4309 4315 7689
13091 2 2 1 1 2292 2294 8014
13092 2 2 1 1 7892 3990 8549
13093 2 2 1 1 7708 6078 9428
13094 2 2 1 1 7534 2941 8640
13095 2 2 1 1 512 513 5908
13096 2 2 1 1 4508 4945 8317
13097 2 2 1 1 3268 3270 8264
13098 2 2 1 1 131 132 5539
13099 2 2 1 1 157 158 1770
13100 2 2 1 1 451 452 1871
13101 2 2 1 1 7699 7844 9427
13102 2 2 1 1 157 1770 8018
13103 2 2 1 1 310 311 1783
13104 2 2 1 1 6057 6059 6060
13105 2 2 1 1 424 425 1813
13106 2 2 1 1 3943 4063 7655
13107 2 2 1 1 1633 5708 7029
13108 2 2 1 1 5736 1946 7053
13109 2 2 1 1 5140 5188 8569
13110 2 2 1 1 5928 5931 5932
13111 2 2 1 1 8745 5077 8884
13112 2 2 1 1 5836 5835 9811
13113 2 2 1 1 7238 5647 8966
13114 2 2 1 1 6643 6474 8919
13115 2 2 1 1 2073 5700 7028
13116 2 2 1 1 47 48 5907
13117 2 2 1 1 5915 5917 5934
13118 2 2 1 1 3915 4718 7965
13119 2 2 1 1 3491 3372 7797
13120 2 2 1 1 5707 4433 5709
13121 2 2 1 1 5815 5817 9100
13122 2 2 1 1 160 161 1868
13123 2 2 1 1 6213 4946 8760
13124 2 2 1 1 160 1868 8168
13125 2 2 1 1 9066 3154 9417
13126 2 2 1 1 4506 4507 4508
13127 2 2 1 1 5828 5827 8005
13128 2 2 1 1 1462 1463 8756
13129 2 2 1 1 6793 2819 8120
13130 2 2 1 1 2066 8125 9377
13131 2 2 1 1 8347 5157 8382
13132 2 2 1 1 7147 4283 8270
13133 2 2 1 1 5875 5877 9093
13134 2 2 1 1 210 1713 7604
13135 2 2 1 1 643 1973 7609
13136 2 2 1 1 9410 4437 9577
13137 2 2 1 1 1432 1431 8446
13138 2 2 1 1 5311 7085 8438
13139 2 2 1 1 5891 5894 9101
13140 2 2 1 1 5901 5903 9102
13141 2 2 1 1 6495 2960 9693
13142 2 2 1 1 1614 671 7658
13143 2 2 1 1 1161 1162 1589
13144 2 2 1 1 693 694 5881
13145 2 2 1 1 3395 7460 8114
13146 2 2 1 1 6184 6186 8780
13147 2 2 1 1 3917 3918 8949
13148 2 2 1 1 6321 6317 7525
13149 2 2 1 1 2903 3921 7793
13150 2 2 1 1 2821 7759 8229
13151 2 2 1 1 751 752 5552
13152 2 2 1 1 5851 5853 6049
13153 2 2 1 1 3261 3259 8567
13154 2 2 1 1 2872 2875 8051
13155 2 2 1 1 5355 5357 7548
13156 2 2 1 1 5202 5152 8503
13157 2 2 1 1 551 1749 6322
13158 2 2 1 1 1062 1063 5854
13159 2 2 1 1 2938 2941 7701
13160 2 2 1 1 6691 6692 6693
13161 2 2 1 1 3064 3066 8029
13162 2 2 1 1 4624 4640 8050
13163 2 2 1 1 933 934 5837
13164 2 2 1 1 6607 1374 8372
13165 2 2 1 1 804 805 5819
13166 2 2 1 1 1254 1255 8900
13167 2 2 1 1 1867 7804 8002
13168 2 2 1 1 2000 1040 7653
13169 2 2 1 1 298 299 1786
13170 2 2 1 1 3559 7067 9635
13171 2 2 1 1 4478 4481 8235
13172 2 2 1 1 1746 8375 8536
13173 2 2 1 1 8171 7121 8172
13174 2 2 1 1 3999 3998 6382
13175 2 2 1 1 2802 2653 7822
13176 2 2 1 1 4027 4007 8891
13177 2 2 1 1 4939 7484 7785
13178 2 2 1 1 288 1957 6292
13179 2 2 1 1 165 1953 8701
13180 2 2 1 1 1992 147 8004
13181 2 2 1 1 1462 8756 8791
13182 2 2 1 1 7515 4407 7641
13183 2 2 1 1 8596 4297 8829
13184 2 2 1 1 4253 4252 8391
13185 2 2 1 1 8719 1198 9261
13186 2 2 1 1 561 562 1943
13187 2 2 1 1 3990 5509 8549
13188 2 2 1 1 6660 4583 7721
13189 2 2 1 1 8881 3613 9058
13190 2 2 1 1 6018 6013 9150
13191 2 2 1 1 1994 86 7643
13192 2 2 1 1 4628 4774 7713
13193 2 2 1 1 1173 1174 1592
13194 2 2 1 1 4640 4626 7713
13195 2 2 1 1 4765 8190 8509
13196 2 2 1 1 2262 2264 8021
13197 2 2 1 1 5939 5941 9115
13198 2 2 1 1 6568 2178 8996
13199 2 2 1 1 5157 5155 8382
13200 2 2 1 1 2272 2274 8035
13201 2 2 1 1 3040 3042 8033
13202 2 2 1 1 3902 4871 7646
13203 2 2 1 1 3488 2930 7733
13204 2 2 1 1 3637 4185 8053
13205 2 2 1 1 8358 4298 8613
13206 2 2 1 1 2754 7634 9372
13207 2 2 1 1 896 1819 6301
13208 2 2 1 1 5797 5798 9393
13209 2 2 1 1 6218 4888 8806
13210 2 2 1 1 1995 767 7648
13211 2 2 1 1 2323 2321 8656
13212 2 2 1 1 1988 484 7993
13213 2 2 1 1 5351 5353 9637
13214 2 2 1 1 5592 5590 8847
13215 2 2 1 1 3519 3328 7829
13216 2 2 1 1 1371 8257 8513
13217 2 2 1 1 1952 374 6666
13218 2 2 1 1 1145 1585 6288
13219 2 2 1 1 6177 6179 8788
13220 2 2 1 1 5570 5569 7770
13221 2 2 1 1 5483 4205 8279
13222 2 2 1 1 5345 7492 8878
13223 2 2 1 1 3304 3306 8310
13224 2 2 1 1 7317 1771 8390
13225 2 2 1 1 7624 4378 7639
13226 2 2 1 1 4042 4044 8186
13227 2 2 1 1 2811 6931 9528
13228 2 2 1 1 225 226 5757
13229 2 2 1 1 2932 2935 7733
13230 2 2 1 1 4484 9212 9519
13231 2 2 1 1 6886 6810 6887
13232 2 2 1 1 5945 4295 9619
13233 2 2 1 1 3906 4209 9006
13234 2 2 1 1 7551 3941 7655
13235 2 2 1 1 2828 8614 8864
13236 2 2 1 1 2850 2600 7876
13237 2 2 1 1 2847 7222 7244
13238 2 2 1 1 5547 7957 8114
13239 2 2 1 1 4056 4057 8973
13240 2 2 1 1 4384 7572 7722
13241 2 2 1 1 19 1576 6279
13242 2 2 1 1 8159 4317 8588
13243 2 2 1 1 5066 5068 8393
13244 2 2 1 1 6115 7260 8262
13245 2 2 1 1 4073 7226 7712
13246 2 2 1 1 8391 4252 8620
13247 2 2 1 1 8382 5155 8411
13248 2 2 1 1 4666 4664 8401
13249 2 2 1 1 6154 6156 8796
13250 2 2 1 1 8107 8099 8850
13251 2 2 1 1 5232 3507 8956
13252 2 2 1 1 6201 7889 8188
13253 2 2 1 1 1728 1022 7901
13254 2 2 1 1 6189 3484 9761
13255 2 2 1 1 674 1615 8708
13256 2 2 1 1 7489 1885 9056
13257 2 2 1 1 4723 3978 7748
13258 2 2 1 1 4392 4382 7722
13259 2 2 1 1 8363 4830 8416
13260 2 2 1 1 6367 2974 9067
13261 2 2 1 1 7625 4044 8913
13262 2 2 1 1 2921 3968 7763
13263 2 2 1 1 7830 3531 8072
13264 2 2 1 1 7662 6446 9506
13265 2 2 1 1 3122 3124 8295
13266 2 2 1 1 4979 7274 8510
13267 2 2 1 1 7213 6421 9169
13268 2 2 1 1 1461 1462 8791
13269 2 2 1 1 4988 8986 9385
13270 2 2 1 1 5144 8068 8398
13271 2 2 1 1 6064 1455 9708
13272 2 2 1 1 7854 7064 9397
13273 2 2 1 1 7421 5230 8877
13274 2 2 1 1 2258 2260 8034
13275 2 2 1 1 5057 6127 9685
13276 2 2 1 1 1342 9118 9470
13277 2 2 1 1 5587 5589 9645
13278 2 2 1 1 3044 3046 8042
13279 2 2 1 1 7492 5286 8878
13280 2 2 1 1 427 428 5627
13281 2 2 1 1 4063 3945 8195
13282 2 2 1 1 4326 4540 7690
13283 2 2 1 1 7830 4820 8392
13284 2 2 1 1 414 1959 6262
13285 2 2 1 1 6035 6653 9132
13286 2 2 1 1 2941 2942 8640
13287 2 2 1 1 941 942 6947
13288 2 2 1 1 913 914 6956
13289 2 2 1 1 8963 2616 9621
13290 2 2 1 1 3419 7270 8831
13291 2 2 1 1 3826 8460 9416
13292 2 2 1 1 1043 1951 8710
13293 2 2 1 1 7230 2685 8999
13294 2 2 1 1 8152 5104 8759
13295 2 2 1 1 944 945 8138
13296 2 2 1 1 910 911 8136
13297 2 2 1 1 2924 2927 7740
13298 2 2 1 1 6303 6305 9187
13299 2 2 1 1 8736 3810 9186
13300 2 2 1 1 6139 8750 8944
13301 2 2 1 1 947 948 1834
13302 2 2 1 1 907 908 8131
13303 2 2 1 1 4260 4276 8144
13304 2 2 1 1 2085 941 6947
13305 2 2 1 1 914 1672 6956
13306 2 2 1 1 7747 2849 8261
13307 2 2 1 1 4268 4270 8499
13308 2 2 1 1 664 665 1940
13309 2 2 1 1 3855 3857 8044
13310 2 2 1 1 2621 2619 8730
13311 2 2 1 1 4774 4630 7764
13312 2 2 1 1 7944 6473 8484
13313 2 2 1 1 950 951 1866
13314 2 2 1 1 904 905 1841
13315 2 2 1 1 4266 4295 7737
13316 2 2 1 1 2160 4458 9004
13317 2 2 1 1 944 8138 8140
13318 2 2 1 1 8136 911 8142
13319 2 2 1 1 7358 1526 8373
13320 2 2 1 1 351 352 5682
13321 2 2 1 1 4987 4977 8510
13322 2 2 1 1 383 384 1822
13323 2 2 1 1 4173 4218 8324
13324 2 2 1 1 1164 1165 5629
13325 2 2 1 1 4035 6773 8795
13326 2 2 1 1 953 954 8127
13327 2 2 1 1 901 902 8123
13328 2 2 1 1 7717 7715 8477
13329 2 2 1 1 947 1834 8141
13330 2 2 1 1 8131 908 8137
13331 2 2 1 1 7462 5271 8876
13332 2 2 1 1 6158 6157 7300
13333 2 2 1 1 5008 4928 8482
13334 2 2 1 1 4898 4900 4901
13335 2 2 1 1 3828 8494 9431
13336 2 2 1 1 5515 4490 9478
13337 2 2 1 1 6554 5611 9468
13338 2 2 1 1 950 1866 8134
13339 2 2 1 1 1841 905 8130
13340 2 2 1 1 4135 4137 8431
13341 2 2 1 1 3632 6268 8673
13342 2 2 1 1 8190 1568 8509
13343 2 2 1 1 4297 6249 8829
13344 2 2 1 1 6438 8845 9479
13345 2 2 1 1 6192 4698 8875
13346 2 2 1 1 774 1969 7583
13347 2 2 1 1 6374 6809 9274
13348 2 2 1 1 8416 4828 8453
13349 2 2 1 1 4137 4510 8431
13350 2 2 1 1 1461 8791 8821
13351 2 2 1 1 5155 5153 8411
13352 2 2 1 1 2083 953 8127
13353 2 2 1 1 902 2082 8123
13354 2 2 1 1 7113 6039 9811
13355 2 2 1 1 1947 248 6631
13356 2 2 1 1 6773 1536 8795
13357 2 2 1 1 4830 4828 8416
13358 2 2 1 1 4632 4637 7764
13359 2 2 1 1 93 1967 7571
13360 2 2 1 1 3434 2916 7763
13361 2 2 1 1 1623 707 6636
13362 2 2 1 1 1301 8452 8882
13363 2 2 1 1 8294 7935 9466
13364 2 2 1 1 1306 7811 9010
13365 2 2 1 1 5746 5745 7623
13366 2 2 1 1 7693 3078 8750
13367 2 2 1 1 7330 2720 8046
13368 2 2 1 1 544 545 5650
13369 2 2 1 1 836 837 1607
13370 2 2 1 1 1018 1019 5673
13371 2 2 1 1 1521 1520 8508
13372 2 2 1 1 889 890 1860
13373 2 2 1 1 2935 3925 7733
13374 2 2 1 1 301 302 5639
13375 2 2 1 1 1094 1095 1939
13376 2 2 1 1 760 761 1649
13377 2 2 1 1 9034 6448 9638
13378 2 2 1 1 2918 2921 7763
13379 2 2 1 1 3030 3032 8047
13380 2 2 1 1 6552 1469 9694
13381 2 2 1 1 2449 2837 9789
13382 2 2 1 1 497 1963 7568
13383 2 2 1 1 716 717 1938
13384 2 2 1 1 1138 1139 5653
13385 2 2 1 1 918 1671 7578
13386 2 2 1 1 140 141 1697
13387 2 2 1 1 6435 2682 9203
13388 2 2 1 1 1047 1965 7576
13389 2 2 1 1 4460 6447 9795
13390 2 2 1 1 564 565 5644
13391 2 2 1 1 2248 2250 8053
13392 2 2 1 1 79 80 1773
13393 2 2 1 1 8845 4079 9479
13394 2 2 1 1 5721 5720 7630
13395 2 2 1 1 4127 8120 8259
13396 2 2 1 1 1723 270 7945
13397 2 2 1 1 7924 7922 8340
13398 2 2 1 1 2800 8151 8697
13399 2 2 1 1 4205 7419 8910
13400 2 2 1 1 6281 4909 9360
13401 2 2 1 1 1436 8939 9079
13402 2 2 1 1 2906 2945 7746
13403 2 2 1 1 5154 5156 8462
13404 2 2 1 1 477 478 5632
13405 2 2 1 1 6147 4787 9389
13406 2 2 1 1 9599 2830 9699
13407 2 2 1 1 257 258 1720
13408 2 2 1 1 7733 3925 8653
13409 2 2 1 1 8282 8288 8540
13410 2 2 1 1 4277 6130 8445
13411 2 2 1 1 3461 5999 9618
13412 2 2 1 1 7342 3851 7743
13413 2 2 1 1 3416 2898 7793
13414 2 2 1 1 8105 1554 8807
13415 2 2 1 1 6442 6443 9767
13416 2 2 1 1 2040 6768 7632
13417 2 2 1 1 4529 4527 8430
13418 2 2 1 1 7827 6283 7828
13419 2 2 1 1 678 1616 7567
13420 2 2 1 1 1460 1461 8821
13421 2 2 1 1 4227 4224 9235
13422 2 2 1 1 4147 4149 8439
13423 2 2 1 1 8411 5153 8436
13424 2 2 1 1 4427 3807 9458
13425 2 2 1 1 1757 520 6624
13426 2 2 1 1 12 13 1878
13427 2 2 1 1 7990 3912 8757
13428 2 2 1 1 8809 5277 9771
13429 2 2 1 1 4954 8343 8565
13430 2 2 1 1 3276 3278 8320
13431 2 2 1 1 8154 1873 8155
13432 2 2 1 1 7137 1770 8016
13433 2 2 1 1 5494 7025 8718
13434 2 2 1 1 1686 732 7618
13435 2 2 1 1 4814 4816 8485
13436 2 2 1 1 4701 4589 7795
13437 2 2 1 1 6561 6563 9159
13438 2 2 1 1 5480 3621 8941
13439 2 2 1 1 3966 4194 8355
13440 2 2 1 1 64 65 1935
13441 2 2 1 1 1110 1827 6230
13442 2 2 1 1 3947 7037 8195
13443 2 2 1 1 5357 5358 5359
13444 2 2 1 1 874 1684 7775
13445 2 2 1 1 1975 981 7871
13446 2 2 1 1 4163 4147 8439
13447 2 2 1 1 852 1603 6222
13448 2 2 1 1 3982 4070 7771
13449 2 2 1 1 7247 3415 9459
13450 2 2 1 1 3909 5489 8631
13451 2 2 1 1 6817 5796 9120
13452 2 2 1 1 266 267 5583
13453 2 2 1 1 2730 2732 7894
13454 2 2 1 1 274 8669 8840
13455 2 2 1 1 3853 4887 7743
13456 2 2 1 1 468 469 1934
13457 2 2 1 1 1744 329 7608
13458 2 2 1 1 4416 6245 9503
13459 2 2 1 1 1706 188 7838
13460 2 2 1 1 4145 4163 8520
13461 2 2 1 1 4509 6629 9513
13462 2 2 1 1 2057 5641 6994
13463 2 2 1 1 7934 8286 8408
13464 2 2 1 1 3020 3022 8069
13465 2 2 1 1 8366 1549 9032
13466 2 2 1 1 1460 8821 8838
13467 2 2 1 1 4300 3966 8355
13468 2 2 1 1 8020 4026 8861
13469 2 2 1 1 1936 587 6662
13470 2 2 1 1 4587 4701 8272
13471 2 2 1 1 2945 2908 7810
13472 2 2 1 1 3495 7456 8521
13473 2 2 1 1 8401 4664 8467
13474 2 2 1 1 2896 3416 7808
13475 2 2 1 1 5262 3578 9411
13476 2 2 1 1 3439 2894 7808
13477 2 2 1 1 169 1960 7560
13478 2 2 1 1 7080 5613 8443
13479 2 2 1 1 206 1714 8721
13480 2 2 1 1 4038 6330 8971
13481 2 2 1 1 5153 5151 8436
13482 2 2 1 1 5742 5743 8376
13483 2 2 1 1 8620 6151 9009
13484 2 2 1 1 2910 2913 7810
13485 2 2 1 1 6971 6969 8268
13486 2 2 1 1 6329 3907 8456
13487 2 2 1 1 2952 3890 7651
13488 2 2 1 1 2900 2903 7793
13489 2 2 1 1 1212 1854 6216
13490 2 2 1 1 5579 1732 6854
13491 2 2 1 1 639 1937 8725
13492 2 2 1 1 8145 4671 8301
13493 2 2 1 1 535 536 1753
13494 2 2 1 1 1972 583 7599
13495 2 2 1 1 7566 4264 7737
13496 2 2 1 1 2238 2240 8074
13497 2 2 1 1 4828 4826 8453
13498 2 2 1 1 6574 5658 8058
13499 2 2 1 1 2797 2604 7826
13500 2 2 1 1 5888 5887 9166
13501 2 2 1 1 2892 3439 7794
13502 2 2 1 1 4028 4027 8410
13503 2 2 1 1 4475 8337 8551
13504 2 2 1 1 1275 1274 9610
13505 2 2 1 1 5146 5148 8472
13506 2 2 1 1 2457 2455 9598
13507 2 2 1 1 7572 4386 7833
13508 2 2 1 1 3414 3382 7809
13509 2 2 1 1 2665 2667 8322
13510 2 2 1 1 6887 6888 7938
13511 2 2 1 1 3374 3459 7797
13512 2 2 1 1 1743 333 6598
13513 2 2 1 1 1799 7782 8819
13514 2 2 1 1 1478 7806 8512
13515 2 2 1 1 4704 7311 9309
13516 2 2 1 1 4511 6334 8883
13517 2 2 1 1 4593 4642 8164
13518 2 2 1 1 4054 4056 8252
13519 2 2 1 1 118 1968 6194
13520 2 2 1 1 5334 7462 8876
13521 2 2 1 1 3401 3356 7815
13522 2 2 1 1 2679 2636 7818
13523 2 2 1 1 7014 1765 7015
13524 2 2 1 1 6049 6050 8191
13525 2 2 1 1 3418 2884 7836
13526 2 2 1 1 2679 7818 7819
13527 2 2 1 1 839 840 5698
13528 2 2 1 1 3450 3338 7817
13529 2 2 1 1 1097 1098 5706
13530 2 2 1 1 4149 7759 8439
13531 2 2 1 1 392 393 5532
13532 2 2 1 1 5380 7211 8389
13533 2 2 1 1 342 343 1931
13534 2 2 1 1 1129 1130 1581
13535 2 2 1 1 725 726 1933
13536 2 2 1 1 7707 4056 8973
13537 2 2 1 1 2983 2982 9616
13538 2 2 1 1 1114 1115 8108
13539 2 2 1 1 740 741 1646
13540 2 2 1 1 999 1941 8731
13541 2 2 1 1 3384 3412 7809
13542 2 2 1 1 1758 516 7593
13543 2 2 1 1 719 720 5732
13544 2 2 1 1 4388 4414 7833
13545 2 2 1 1 1459 1460 8838
13546 2 2 1 1 6487 5459 9814
13547 2 2 1 1 1103 1104 1861
13548 2 2 1 1 4884 4939 8742
13549 2 2 1 1 4067 7241 7859
13550 2 2 1 1 1117 1118 1578
13551 2 2 1 1 737 738 1920
13552 2 2 1 1 3411 5335 9652
13553 2 2 1 1 880 881 1930
13554 2 2 1 1 974 975 1678
13555 2 2 1 1 2700 2626 7823
13556 2 2 1 1 5132 8261 8374
13557 2 2 1 1 1341 1342 9470
13558 2 2 1 1 8436 5151 8457
13559 2 2 1 1 1009 1010 1726
13560 2 2 1 1 845 846 5561
13561 2 2 1 1 5260 5258 8454
13562 2 2 1 1 1793 455 7591
13563 2 2 1 1 736 737 8103
13564 2 2 1 1 1118 1119 6935
13565 2 2 1 1 1850 1114 8108
13566 2 2 1 1 1646 741 8097
13567 2 2 1 1 5006 8770 9235
13568 2 2 1 1 2674 7884 7885
13569 2 2 1 1 2705 7897 7898
13570 2 2 1 1 739 740 8100
13571 2 2 1 1 1115 1116 2072
13572 2 2 1 1 5785 5783 8369
13573 2 2 1 1 8173 4191 9223
13574 2 2 1 1 2071 1120 6593
13575 2 2 1 1 1117 1578 8101
13576 2 2 1 1 1920 738 8107
13577 2 2 1 1 2655 2824 7822
13578 2 2 1 1 2676 2556 7841
13579 2 2 1 1 7222 2847 7695
13580 2 2 1 1 1685 736 8103
13581 2 2 1 1 1119 2071 6935
13582 2 2 1 1 6384 8258 8845
13583 2 2 1 1 5638 7325 8931
13584 2 2 1 1 3367 3371 7824
13585 2 2 1 1 3 615 9688
13586 2 2 1 1 611 2 9689
13587 2 2 1 1 6420 7212 8422
13588 2 2 1 1 1804 51 7589
13589 2 2 1 1 5631 7253 8966
13590 2 2 1 1 2469 2467 9373
13591 2 2 1 1 8068 5146 8472
13592 2 2 1 1 7968 2680 7969
13593 2 2 1 1 2766 7832 9276
13594 2 2 1 1 3423 3344 7875
13595 2 2 1 1 7016 4076 9669
13596 2 2 1 1 739 8100 8107
13597 2 2 1 1 2072 1116 8101
13598 2 2 1 1 5496 6539 8809
13599 2 2 1 1 1187 1958 7555
13600 2 2 1 1 2684 7853 8007
13601 2 2 1 1 3330 3467 7829
13602 2 2 1 1 2886 2889 7836
13603 2 2 1 1 4734 7211 8354
13604 2 2 1 1 2771 5346 9041
13605 2 2 1 1 6931 8014 8396
13606 2 2 1 1 1941 1000 6579
13607 2 2 1 1 8030 2820 8299
13608 2 2 1 1 2676 7841 7842
13609 2 2 1 1 2602 2797 7876
13610 2 2 1 1 2658 2656 8825
13611 2 2 1 1 5801 8362 9504
13612 2 2 1 1 7855 2689 7856
13613 2 2 1 1 6463 6474 9350
13614 2 2 1 1 7959 3405 7960
13615 2 2 1 1 5445 8969 9123
13616 2 2 1 1 5887 5885 6142
13617 2 2 1 1 2659 2752 7891
13618 2 2 1 1 5152 5154 8503
13619 2 2 1 1 7432 8881 9058
13620 2 2 1 1 2690 2632 7887
13621 2 2 1 1 1437 1436 9079
13622 2 2 1 1 2824 2657 7891
13623 2 2 1 1 4430 8309 9432
13624 2 2 1 1 6490 2151 9607
13625 2 2 1 1 260 261 5767
13626 2 2 1 1 6588 6589 7799
13627 2 2 1 1 2758 2448 7911
13628 2 2 1 1 3395 3294 7889
13629 2 2 1 1 4871 3904 7847
13630 2 2 1 1 3346 3444 7875
13631 2 2 1 1 2608 2790 7831
13632 2 2 1 1 3409 7966 7967
13633 2 2 1 1 2634 2679 7887
13634 2 2 1 1 2646 2582 7844
13635 2 2 1 1 3433 3194 7851
13636 2 2 1 1 3428 3212 7908
13637 2 2 1 1 649 650 1734
13638 2 2 1 1 1205 1206 5577
13639 2 2 1 1 3368 3314 7843
13640 2 2 1 1 2674 2568 7884
13641 2 2 1 1 2770 7961 7962
13642 2 2 1 1 2686 2550 7849
13643 2 2 1 1 181 182 1928
13644 2 2 1 1 2576 2682 7848
13645 2 2 1 1 5150 5202 8823
13646 2 2 1 1 7918 2690 7919
13647 2 2 1 1 2744 2414 7858
13648 2 2 1 1 3427 3204 7850
13649 2 2 1 1 3444 3348 7863
13650 2 2 1 1 2648 2652 7840
13651 2 2 1 1 1459 8838 8866
13652 2 2 1 1 4467 4773 8330
13653 2 2 1 1 3226 3438 7834
13654 2 2 1 1 3280 3399 7839
13655 2 2 1 1 7674 4324 7690
13656 2 2 1 1 3324 3327 7852
13657 2 2 1 1 2882 3418 7942
13658 2 2 1 1 3298 3393 8188
13659 2 2 1 1 4463 6507 9796
13660 2 2 1 1 6576 9111 9676
13661 2 2 1 1 2698 2468 7854
13662 2 2 1 1 7858 7971 7972
13663 2 2 1 1 3412 3386 7905
13664 2 2 1 1 2703 2440 7857
13665 2 2 1 1 8190 4765 8713
13666 2 2 1 1 5468 8190 8713
13667 2 2 1 1 3388 3397 7905
13668 2 2 1 1 2649 2574 7848
13669 2 2 1 1 2534 2689 7855
13670 2 2 1 1 2560 2675 7861
13671 2 2 1 1 2833 7931 7932
13672 2 2 1 1 5277 4000 8480
13673 2 2 1 1 3350 3406 7863
13674 2 2 1 1 2755 2392 7860
13675 2 2 1 1 3206 3465 7850
13676 2 2 1 1 3250 3405 7959
13677 2 2 1 1 2442 2770 7857
13678 2 2 1 1 2394 2774 7860
13679 2 2 1 1 2434 2707 7874
13680 2 2 1 1 3312 3368 7949
13681 2 2 1 1 2684 2514 7853
13682 2 2 1 1 1714 207 6541
13683 2 2 1 1 2508 2687 7897
13684 2 2 1 1 5151 5149 8457
13685 2 2 1 1 2490 2695 7896
13686 2 2 1 1 5481 8187 9139
13687 2 2 1 1 2530 2680 7968
13688 2 2 1 1 3198 3431 7890
13689 2 2 1 1 2680 2532 7855
13690 2 2 1 1 3202 3427 7964
13691 2 2 1 1 216 217 1924
13692 2 2 1 1 1622 703 7585
13693 2 2 1 1 2691 2502 7927
13694 2 2 1 1 3246 3408 7903
13695 2 2 1 1 3342 3423 7917
13696 2 2 1 1 2512 2684 7974
13697 2 2 1 1 6006 6340 8879
13698 2 2 1 1 8365 5273 8974
13699 2 2 1 1 2494 2692 7973
13700 2 2 1 1 2677 2546 7926
13701 2 2 1 1 2380 2764 7970
13702 2 2 1 1 2526 2683 7910
13703 2 2 1 1 2472 2697 7907
13704 2 2 1 1 2590 2688 7958
13705 2 2 1 1 2504 2705 7927
13706 2 2 1 1 7941 2691 7982
13707 2 2 1 1 1937 640 6555
13708 2 2 1 1 2376 2767 7904
13709 2 2 1 1 3214 3425 7908
13710 2 2 1 1 2548 2686 7926
13711 2 2 1 1 2705 2506 7897
13712 2 2 1 1 2630 2690 7918
13713 2 2 1 1 2754 2488 7896
13714 2 2 1 1 3436 3244 7903
13715 2 2 1 1 2538 2678 7978
13716 2 2 1 1 3624 3843 8425
13717 2 2 1 1 576 577 1830
13718 2 2 1 1 2706 2524 7910
13719 2 2 1 1 1629 1081 7582
13720 2 2 1 1 32 1964 7782
13721 2 2 1 1 3403 3310 7949
13722 2 2 1 1 3302 3392 7952
13723 2 2 1 1 2428 2765 7977
13724 2 2 1 1 8095 5138 8569
13725 2 2 1 1 2290 2811 7937
13726 2 2 1 1 2450 2701 7911
13727 2 2 1 1 3431 3200 7964
13728 2 2 1 1 3180 3447 7943
13729 2 2 1 1 3230 3422 7956
13730 2 2 1 1 3408 3248 7959
13731 2 2 1 1 3984 3986 8368
13732 2 2 1 1 2801 2374 7904
13733 2 2 1 1 8649 453 9595
13734 2 2 1 1 4680 4697 8521
13735 2 2 1 1 3256 3404 7939
13736 2 2 1 1 3210 3428 7951
13737 2 2 1 1 2580 2646 7963
13738 2 2 1 1 2767 2378 7970
13739 2 2 1 1 3286 3396 8236
13740 2 2 1 1 2500 2691 7941
13741 2 2 1 1 6283 4487 9181
13742 2 2 1 1 2643 2588 7958
13743 2 2 1 1 2572 2649 7975
13744 2 2 1 1 5865 6653 8665
13745 2 2 1 1 2544 2677 7944
13746 2 2 1 1 2683 2528 7968
13747 2 2 1 1 7212 2774 8422
13748 2 2 1 1 2446 2758 7961
13749 2 2 1 1 2418 2745 7971
13750 2 2 1 1 2711 2426 7977
13751 2 2 1 1 4664 4662 8467
13752 2 2 1 1 3465 3208 7951
13753 2 2 1 1 3409 3264 7966
13754 2 2 1 1 962 1675 7546
13755 2 2 1 1 2695 2492 7973
13756 2 2 1 1 3438 3228 7956
13757 2 2 1 1 3130 3530 7906
13758 2 2 1 1 471 472 5771
13759 2 2 1 1 2687 2510 7974
13760 2 2 1 1 3266 3402 7966
13761 2 2 1 1 3393 3300 7952
13762 2 2 1 1 7759 4164 8229
13763 2 2 1 1 2770 2444 7961
13764 2 2 1 1 3524 6874 8383
13765 2 2 1 1 3292 3395 7957
13766 2 2 1 1 3479 3116 7925
13767 2 2 1 1 5515 6986 6988
13768 2 2 1 1 4235 4861 8496
13769 2 2 1 1 2833 2326 7931
13770 2 2 1 1 3490 3178 7943
13771 2 2 1 1 2689 2536 7978
13772 2 2 1 1 2682 2578 7963
13773 2 2 1 1 3514 3126 7948
13774 2 2 1 1 2640 2673 8232
13775 2 2 1 1 4350 4499 8495
13776 2 2 1 1 3318 3365 7976
13777 2 2 1 1 3110 3461 7930
13778 2 2 1 1 8499 2709 9619
13779 2 2 1 1 2336 2338 8364
13780 2 2 1 1 7832 2790 9276
13781 2 2 1 1 3140 3583 7940
13782 2 2 1 1 2596 2599 7981
13783 2 2 1 1 3320 3322 8380
13784 2 2 1 1 2340 3558 7928
13785 2 2 1 1 5845 5846 7033
13786 2 2 1 1 5219 3537 9626
13787 2 2 1 1 4733 7251 8389
13788 2 2 1 1 2423 2421 8817
13789 2 2 1 1 3534 3120 7920
13790 2 2 1 1 7456 4678 8521
13791 2 2 1 1 1966 937 7577
13792 2 2 1 1 5041 5040 8433
13793 2 2 1 1 3405 8855 9090
13794 2 2 1 1 3090 3614 7938
13795 2 2 1 1 1659 808 7574
13796 2 2 1 1 5934 5935 7532
13797 2 2 1 1 3150 3610 7988
13798 2 2 1 1 4977 4979 8510
13799 2 2 1 1 2320 2794 7955
13800 2 2 1 1 5971 5969 6285
13801 2 2 1 1 3358 3360 8381
13802 2 2 1 1 3640 3162 7979
13803 2 2 1 1 3164 3651 7979
13804 2 2 1 1 3160 3640 7986
13805 2 2 1 1 509 510 1910
13806 2 2 1 1 1458 1459 8866
13807 2 2 1 1 8765 6192 8875
13808 2 2 1 1 3451 3104 7983
13809 2 2 1 1 3106 3504 7983
13810 2 2 1 1 8799 7320 9542
13811 2 2 1 1 8453 4826 8506
13812 2 2 1 1 307 308 5620
13813 2 2 1 1 3147 3429 8844
13814 2 2 1 1 8457 5149 8498
13815 2 2 1 1 4650 6215 8982
13816 2 2 1 1 4497 3643 7691
13817 2 2 1 1 2033 7137 9518
13818 2 2 1 1 6874 3524 8404
13819 2 2 1 1 5318 7421 8877
13820 2 2 1 1 3114 3479 7998
13821 2 2 1 1 2874 8051 8052
13822 2 2 1 1 3504 3108 7930
13823 2 2 1 1 3608 3148 7988
13824 2 2 1 1 7617 6893 8447
13825 2 2 1 1 3118 3534 7925
13826 2 2 1 1 7939 3404 8096
13827 2 2 1 1 105 106 1890
13828 2 2 1 1 1324 1325 8639
13829 2 2 1 1 538 539 5813
13830 2 2 1 1 9541 7898 9711
13831 2 2 1 1 2778 5330 9075
13832 2 2 1 1 3651 3166 7947
13833 2 2 1 1 4751 4941 8370
13834 2 2 1 1 3168 3642 7947
13835 2 2 1 1 2324 2833 8000
13836 2 2 1 1 3627 3158 7986
13837 2 2 1 1 2382 2384 8635
13838 2 2 1 1 3646 2364 7954
13839 2 2 1 1 1177 1593 6160
13840 2 2 1 1 1299 6436 9400
13841 2 2 1 1 6588 7799 9195
13842 2 2 1 1 44 45 1909
13843 2 2 1 1 3184 3186 8651
13844 2 2 1 1 2328 2863 7931
13845 2 2 1 1 3461 3112 7998
13846 2 2 1 1 2366 3666 7954
13847 2 2 1 1 3094 3635 7985
13848 2 2 1 1 2404 2406 8624
13849 2 2 1 1 2554 2676 8251
13850 2 2 1 1 6435 6030 7431
13851 2 2 1 1 2722 2725 8046
13852 2 2 1 1 4459 6328 9807
13853 2 2 1 1 2794 2322 8000
13854 2 2 1 1 3402 3268 8264
13855 2 2 1 1 5202 8503 8638
13856 2 2 1 1 2810 2318 7955
13857 2 2 1 1 2708 5336 9344
13858 2 2 1 1 5066 8393 8522
13859 2 2 1 1 4421 8031 8918
13860 2 2 1 1 3949 3951 8407
13861 2 2 1 1 9378 5630 9379
13862 2 2 1 1 1962 370 7564
13863 2 2 1 1 7879 1835 8872
13864 2 2 1 1 8269 3599 8504
13865 2 2 1 1 2592 2594 8395
13866 2 2 1 1 1961 229 7756
13867 2 2 1 1 3508 5331 9538
13868 2 2 1 1 6093 6091 6345
13869 2 2 1 1 690 691 1619
13870 2 2 1 1 4860 9345 9770
13871 2 2 1 1 8300 1326 9730
13872 2 2 1 1 1132 1133 5868
13873 2 2 1 1 2874 2872 8051
13874 2 2 1 1 3614 3092 7985
13875 2 2 1 1 8433 3592 9089
13876 2 2 1 1 1458 8866 8893
13877 2 2 1 1 9488 4451 9663
13878 2 2 1 1 3396 3288 8246
13879 2 2 1 1 4749 4751 8370
13880 2 2 1 1 3484 5964 9761
13881 2 2 1 1 3102 3451 8031
13882 2 2 1 1 8789 9197 9198
13883 2 2 1 1 883 884 5889
13884 2 2 1 1 6931 6929 9528
13885 2 2 1 1 5801 5799 8599
13886 2 2 1 1 345 346 5873
13887 2 2 1 1 1012 1013 5899
13888 2 2 1 1 5585 2025 6840
13889 2 2 1 1 6972 3530 8808
13890 2 2 1 1 2879 3704 8160
13891 2 2 1 1 2294 2859 8014
13892 2 2 1 1 7993 7994 8954
13893 2 2 1 1 4143 4145 8520
13894 2 2 1 1 795 796 1662
13895 2 2 1 1 1059 1060 1908
13896 2 2 1 1 4539 5774 5775
13897 2 2 1 1 6143 8671 9594
13898 2 2 1 1 5149 5147 8498
13899 2 2 1 1 7300 6157 9353
13900 2 2 1 1 3827 4040 8460
13901 2 2 1 1 5638 3882 8885
13902 2 2 1 1 924 925 1907
13903 2 2 1 1 930 931 1666
13904 2 2 1 1 1053 1054 1638
13905 2 2 1 1 801 802 1906
13906 2 2 1 1 5798 5799 5800
13907 2 2 1 1 5138 5140 8569
13908 2 2 1 1 38 39 1801
13909 2 2 1 1 2622 2624 8385
13910 2 2 1 1 4515 4484 9519
13911 2 2 1 1 7130 2853 9762
13912 2 2 1 1 3270 3407 8264
13913 2 2 1 1 99 100 1779
13914 2 2 1 1 3613 2304 8011
13915 2 2 1 1 1226 1227 2154
13916 2 2 1 1 2811 2292 8014
13917 2 2 1 1 5588 5585 9038
13918 2 2 1 1 1252 1251 9438
13919 2 2 1 1 433 434 5635
13920 2 2 1 1 4702 4695 8470
13921 2 2 1 1 2875 3497 8051
13922 2 2 1 1 6361 6360 7967
13923 2 2 1 1 5352 4944 9211
13924 2 2 1 1 2807 9315 9734
13925 2 2 1 1 3808 8511 8528
13926 2 2 1 1 4449 6604 9769
13927 2 2 1 1 7820 7818 8232
13928 2 2 1 1 3066 3652 8029
13929 2 2 1 1 900 901 1818
13930 2 2 1 1 954 955 1673
13931 2 2 1 1 684 685 1905
13932 2 2 1 1 1170 1171 5645
13933 2 2 1 1 2642 2645 8405
13934 2 2 1 1 3392 3304 8310
13935 2 2 1 1 3042 3584 8033
13936 2 2 1 1 7792 7215 8202
13937 2 2 1 1 503 504 1761
13938 2 2 1 1 652 653 5911
13939 2 2 1 1 1948 771 6462
13940 2 2 1 1 1949 90 6434
13941 2 2 1 1 903 904 8064
13942 2 2 1 1 951 952 8063
13943 2 2 1 1 6308 6310 7676
13944 2 2 1 1 6446 7714 9506
13945 2 2 1 1 2264 3648 8021
13946 2 2 1 1 6436 1299 9720
13947 2 2 1 1 4940 3955 8003
13948 2 2 1 1 4341 8366 9032
13949 2 2 1 1 1885 6439 9056
13950 2 2 1 1 906 907 2058
13951 2 2 1 1 948 949 8059
13952 2 2 1 1 128 1694 7522
13953 2 2 1 1 900 1818 8126
13954 2 2 1 1 1673 955 8128
13955 2 2 1 1 588 7 1838
13956 2 2 1 1 2715 3703 8149
13957 2 2 1 1 8061 1866 8202
13958 2 2 1 1 4736 6396 9110
13959 2 2 1 1 2274 2860 8035
13960 2 2 1 1 5864 5867 6338
13961 2 2 1 1 4826 4823 8506
13962 2 2 1 1 909 910 1655
13963 2 2 1 1 945 946 2055
13964 2 2 1 1 2082 903 8064
13965 2 2 1 1 952 2083 8063
13966 2 2 1 1 1457 1458 8893
13967 2 2 1 1 912 913 1921
13968 2 2 1 1 942 943 1668
13969 2 2 1 1 906 2058 8130
13970 2 2 1 1 8059 949 8134
13971 2 2 1 1 1950 494 6397
13972 2 2 1 1 4684 4686 8469
13973 2 2 1 1 6392 8067 8661
13974 2 2 1 1 3803 3734 8792
13975 2 2 1 1 8 638 1839
13976 2 2 1 1 3124 3514 8295
13977 2 2 1 1 3993 4069 8574
13978 2 2 1 1 909 1655 8137
13979 2 2 1 1 2055 946 8141
13980 2 2 1 1 3607 3064 8029
13981 2 2 1 1 7174 3100 8031
13982 2 2 1 1 8498 5147 8517
13983 2 2 1 1 6121 6123 6342
13984 2 2 1 1 8767 3680 9006
13985 2 2 1 1 5696 5697 8587
13986 2 2 1 1 1672 915 6425
13987 2 2 1 1 912 1921 8142
13988 2 2 1 1 1668 943 8140
13989 2 2 1 1 7934 8294 9040
13990 2 2 1 1 1951 1044 6405
13991 2 2 1 1 8286 7934 9467
13992 2 2 1 1 1479 1478 8512
13993 2 2 1 1 3074 3478 8048
13994 2 2 1 1 4999 3424 9505
13995 2 2 1 1 4425 6689 9458
13996 2 2 1 1 3046 3632 8042
13997 2 2 1 1 3618 2262 8021
13998 2 2 1 1 8467 4662 8539
13999 2 2 1 1 1370 1371 8513
14000 2 2 1 1 4852 4825 8828
14001 2 2 1 1 1961 7755 9273
14002 2 2 1 1 2812 2272 8035
14003 2 2 1 1 668 1978 6140
14004 2 2 1 1 219 220 5937
14005 2 2 1 1 5697 5695 8224
14006 2 2 1 1 5065 5066 8522
14007 2 2 1 1 3701 4544 9751
14008 2 2 1 1 222 223 1709
14009 2 2 1 1 8149 3703 8150
14010 2 2 1 1 6325 9052 9145
14011 2 2 1 1 5381 2763 9437
14012 2 2 1 1 6332 4862 8882
14013 2 2 1 1 7721 4585 8272
14014 2 2 1 1 4206 3892 8346
14015 2 2 1 1 1615 675 6386
14016 2 2 1 1 2260 3618 8034
14017 2 2 1 1 5808 5810 6575
14018 2 2 1 1 2151 6520 8321
14019 2 2 1 1 2055 8062 8139
14020 2 2 1 1 4210 6218 8524
14021 2 2 1 1 4716 3639 9196
14022 2 2 1 1 3362 3364 8423
14023 2 2 1 1 1457 8893 8929
14024 2 2 1 1 3400 3276 8320
14025 2 2 1 1 7748 3980 7771
14026 2 2 1 1 175 176 1701
14027 2 2 1 1 1750 548 7544
14028 2 2 1 1 3584 3044 8042
14029 2 2 1 1 2704 2665 8322
14030 2 2 1 1 3957 5595 8726
14031 2 2 1 1 4221 7580 8471
14032 2 2 1 1 6545 6547 6588
14033 2 2 1 1 6312 6315 9133
14034 2 2 1 1 7651 3890 8511
14035 2 2 1 1 3555 6116 8428
14036 2 2 1 1 4887 3855 8044
14037 2 2 1 1 5147 5145 8517
14038 2 2 1 1 5367 5368 9778
14039 2 2 1 1 7187 7188 7189
14040 2 2 1 1 3403 7548 8427
14041 2 2 1 1 3032 3622 8047
14042 2 2 1 1 3534 7920 7921
14043 2 2 1 1 7710 5618 9532
14044 2 2 1 1 144 1698 6087
14045 2 2 1 1 3493 3040 8033
14046 2 2 1 1 7037 3441 8195
14047 2 2 1 1 5970 5971 7727
14048 2 2 1 1 1820 893 7545
14049 2 2 1 1 83 1775 6084
14050 2 2 1 1 764 1650 6104
14051 2 2 1 1 5312 5313 9047
14052 2 2 1 1 2250 3637 8053
14053 2 2 1 1 5534 5537 9346
14054 2 2 1 1 1646 8099 8100
14055 2 2 1 1 1953 166 6351
14056 2 2 1 1 3058 3060 8404
14057 2 2 1 1 2803 2258 8034
14058 2 2 1 1 8506 4823 8545
14059 2 2 1 1 7795 4591 8164
14060 2 2 1 1 2396 2398 8422
14061 2 2 1 1 8461 9237 9238
14062 2 2 1 1 6369 4225 8687
14063 2 2 1 1 2030 5554 6848
14064 2 2 1 1 6021 5325 9808
14065 2 2 1 1 4697 4682 8686
14066 2 2 1 1 1193 1194 1597
14067 2 2 1 1 661 662 5683
14068 2 2 1 1 1584 1142 7542
14069 2 2 1 1 3829 4052 8494
14070 2 2 1 1 2240 3658 8074
14071 2 2 1 1 4990 4988 9385
14072 2 2 1 1 7120 4543 9134
14073 2 2 1 1 8076 4339 9177
14074 2 2 1 1 8244 4135 8431
14075 2 2 1 1 481 1825 6079
14076 2 2 1 1 748 1645 7513
14077 2 2 1 1 1521 8508 9815
14078 2 2 1 1 2712 2715 8149
14079 2 2 1 1 3601 2248 8053
14080 2 2 1 1 3022 3628 8069
14081 2 2 1 1 5802 7506 9671
14082 2 2 1 1 5867 5866 7856
14083 2 2 1 1 3365 3320 8380
14084 2 2 1 1 7037 3949 8407
14085 2 2 1 1 5655 2020 6838
14086 2 2 1 1 348 349 1738
14087 2 2 1 1 3306 3308 8427
14088 2 2 1 1 386 387 1865
14089 2 2 1 1 1456 1457 8929
14090 2 2 1 1 1355 1356 8564
14091 2 2 1 1 8926 6367 8949
14092 2 2 1 1 161 162 7660
14093 2 2 1 1 5786 5787 9091
14094 2 2 1 1 1844 16 7531
14095 2 2 1 1 7703 7706 9398
14096 2 2 1 1 162 7659 7660
14097 2 2 1 1 9113 6475 9226
14098 2 2 1 1 7233 5696 9403
14099 2 2 1 1 6467 6466 6468
14100 2 2 1 1 5829 7853 8619
14101 2 2 1 1 8517 5145 8543
14102 2 2 1 1 3525 3030 8047
14103 2 2 1 1 4678 4680 8521
14104 2 2 1 1 7837 3846 8406
14105 2 2 1 1 2673 2642 8405
14106 2 2 1 1 4528 8359 8365
14107 2 2 1 1 3078 3080 8750
14108 2 2 1 1 5667 5668 5669
14109 2 2 1 1 6664 4515 9724
14110 2 2 1 1 7135 5763 9700
14111 2 2 1 1 6833 6832 6834
14112 2 2 1 1 6645 1284 9602
14113 2 2 1 1 3912 5506 8757
14114 2 2 1 1 4050 6630 8566
14115 2 2 1 1 3360 3394 8381
14116 2 2 1 1 798 799 6033
14117 2 2 1 1 158 159 8015
14118 2 2 1 1 7886 5719 8424
14119 2 2 1 1 927 928 6042
14120 2 2 1 1 1015 1016 1904
14121 2 2 1 1 8015 159 8168
14122 2 2 1 1 968 969 1903
14123 2 2 1 1 886 887 1682
14124 2 2 1 1 4890 4903 8238
14125 2 2 1 1 3535 3020 8069
14126 2 2 1 1 757 758 5711
14127 2 2 1 1 4497 7691 8171
14128 2 2 1 1 2624 2700 8385
14129 2 2 1 1 3655 2739 8987
14130 2 2 1 1 2848 2336 8364
14131 2 2 1 1 8812 2848 9580
14132 2 2 1 1 4662 4660 8539
14133 2 2 1 1 4040 4042 8458
14134 2 2 1 1 541 542 1901
14135 2 2 1 1 8468 4420 8902
14136 2 2 1 1 1135 1136 1902
14137 2 2 1 1 4529 8430 8703
14138 2 2 1 1 6228 6226 6650
14139 2 2 1 1 1456 8929 8948
14140 2 2 1 1 1954 411 7526
14141 2 2 1 1 3257 3255 8957
14142 2 2 1 1 2685 7230 9000
14143 2 2 1 1 6645 3910 9165
14144 2 2 1 1 155 156 2033
14145 2 2 1 1 4348 4350 8495
14146 2 2 1 1 1451 8681 8883
14147 2 2 1 1 2033 156 8018
14148 2 2 1 1 3604 2238 8074
14149 2 2 1 1 5099 5400 8597
14150 2 2 1 1 6409 6411 6672
14151 2 2 1 1 2296 2298 8428
14152 2 2 1 1 2688 2592 8395
14153 2 2 1 1 7826 2606 7831
14154 2 2 1 1 4070 3984 8368
14155 2 2 1 1 1956 1184 6337
14156 2 2 1 1 137 138 5737
14157 2 2 1 1 5943 5942 9741
14158 2 2 1 1 3644 3562 8583
14159 2 2 1 1 5705 7209 9138
14160 2 2 1 1 4164 4153 8774
14161 2 2 1 1 3645 3813 8465
14162 2 2 1 1 76 77 5748
14163 2 2 1 1 152 153 6900
14164 2 2 1 1 3394 3362 8423
14165 2 2 1 1 153 1769 6900
14166 2 2 1 1 5145 5143 8543
14167 2 2 1 1 4833 4844 8873
14168 2 2 1 1 4823 4821 8545
14169 2 2 1 1 1433 1432 8546
14170 2 2 1 1 3813 4037 8258
14171 2 2 1 1 7036 6272 8476
14172 2 2 1 1 2877 2879 8160
14173 2 2 1 1 4956 4954 8565
14174 2 2 1 1 9439 8772 9559
14175 2 2 1 1 4477 4475 8551
14176 2 2 1 1 8082 4143 8520
14177 2 2 1 1 8174 1737 8377
14178 2 2 1 1 474 475 1797
14179 2 2 1 1 5744 7032 8590
14180 2 2 1 1 2464 2466 8441
14181 2 2 1 1 4702 7315 9220
14182 2 2 1 1 2027 5541 6843
14183 2 2 1 1 7817 3340 7917
14184 2 2 1 1 6926 6927 9735
14185 2 2 1 1 7823 2628 7918
14186 2 2 1 1 3986 7500 8368
14187 2 2 1 1 4450 4169 8800
14188 2 2 1 1 2024 7045 8205
14189 2 2 1 1 5477 7815 8381
14190 2 2 1 1 7922 7920 8295
14191 2 2 1 1 3740 3673 9412
14192 2 2 1 1 7818 2638 8232
14193 2 2 1 1 5783 6082 8594
14194 2 2 1 1 486 487 7996
14195 2 2 1 1 1455 1456 8948
14196 2 2 1 1 3878 7801 8493
14197 2 2 1 1 7996 487 8001
14198 2 2 1 1 7445 4514 8852
14199 2 2 1 1 4599 4563 8387
14200 2 2 1 1 4013 4015 8440
14201 2 2 1 1 7841 2558 7861
14202 2 2 1 1 5031 5039 8697
14203 2 2 1 1 1674 959 6311
14204 2 2 1 1 2774 2396 8422
14205 2 2 1 1 6404 6402 6729
14206 2 2 1 1 5084 8854 9444
14207 2 2 1 1 3308 3403 8427
14208 2 2 1 1 3560 2804 8706
14209 2 2 1 1 1260 1259 8975
14210 2 2 1 1 1556 1555 8570
14211 2 2 1 1 4029 4031 9168
14212 2 2 1 1 7851 3196 7890
14213 2 2 1 1 8543 5143 8578
14214 2 2 1 1 7889 3296 8188
14215 2 2 1 1 424 1813 7494
14216 2 2 1 1 150 151 9362
14217 2 2 1 1 7854 2470 7907
14218 2 2 1 1 7843 3316 7976
14219 2 2 1 1 8199 4017 8830
14220 2 2 1 1 6565 6564 9805
14221 2 2 1 1 7858 2416 7971
14222 2 2 1 1 8539 4660 8623
14223 2 2 1 1 263 264 1899
14224 2 2 1 1 1272 6993 8573
14225 2 2 1 1 4515 9519 9724
14226 2 2 1 1 2466 2698 8441
14227 2 2 1 1 3188 3190 8846
14228 2 2 1 1 6438 1891 8845
14229 2 2 1 1 7884 2570 7975
14230 2 2 1 1 8031 3451 8918
14231 2 2 1 1 1455 8948 8976
14232 2 2 1 1 729 1991 6019
14233 2 2 1 1 4317 4316 8588
14234 2 2 1 1 7284 4499 9547
14235 2 2 1 1 7972 5846 9244
14236 2 2 1 1 7507 6273 8383
14237 2 2 1 1 2740 2464 8441
14238 2 2 1 1 73 74 1898
14239 2 2 1 1 8545 4821 8601
14240 2 2 1 1 7467 5546 8409
14241 2 2 1 1 1828 1107 7511
14242 2 2 1 1 7274 2831 8510
14243 2 2 1 1 978 1679 6006
14244 2 2 1 1 4287 4546 8660
14245 2 2 1 1 134 135 1897
14246 2 2 1 1 7785 2681 8747
14247 2 2 1 1 7008 7005 9363
14248 2 2 1 1 1604 849 7509
14249 2 2 1 1 3913 4910 8610
14250 2 2 1 1 1310 1309 9026
14251 2 2 1 1 7061 6382 8643
14252 2 2 1 1 2976 7121 8171
14253 2 2 1 1 3128 7906 7948
14254 2 2 1 1 3540 3712 8192
14255 2 2 1 1 2298 3555 8428
14256 2 2 1 1 5143 5141 8578
14257 2 2 1 1 5349 7037 8407
14258 2 2 1 1 7849 2552 8251
14259 2 2 1 1 5743 5747 8376
14260 2 2 1 1 6174 5668 8693
14261 2 2 1 1 2859 2296 8428
14262 2 2 1 1 8223 5697 8224
14263 2 2 1 1 6179 6178 9712
14264 2 2 1 1 6776 8582 8980
14265 2 2 1 1 2761 2712 8149
14266 2 2 1 1 7688 2149 8818
14267 2 2 1 1 5808 6575 8819
14268 2 2 1 1 6832 8153 8154
14269 2 2 1 1 6437 1299 8581
14270 2 2 1 1 6472 6475 9113
14271 2 2 1 1 185 1998 5965
14272 2 2 1 1 3524 3058 8404
14273 2 2 1 1 1289 7664 8779
14274 2 2 1 1 4695 4706 8470
14275 2 2 1 1 1325 1324 9772
14276 2 2 1 1 1492 1491 8813
14277 2 2 1 1 5691 5692 8444
14278 2 2 1 1 4167 4450 8864
14279 2 2 1 1 5350 7147 8270
14280 2 2 1 1 4467 4772 4773
14281 2 2 1 1 1451 1450 8681
14282 2 2 1 1 3708 2871 9677
14283 2 2 1 1 7318 7190 9020
14284 2 2 1 1 8078 3509 9389
14285 2 2 1 1 3497 2877 8160
14286 2 2 1 1 1209 1853 5978
14287 2 2 1 1 107 8593 9469
14288 2 2 1 1 1486 9125 9654
14289 2 2 1 1 2946 3631 8640
14290 2 2 1 1 722 723 1627
14291 2 2 1 1 1279 8233 9493
14292 2 2 1 1 5162 5164 8598
14293 2 2 1 1 4076 4075 9669
14294 2 2 1 1 2751 2408 8399
14295 2 2 1 1 3964 4300 8799
14296 2 2 1 1 1454 1455 8976
14297 2 2 1 1 8360 4814 8485
14298 2 2 1 1 2614 2616 8963
14299 2 2 1 1 3989 3993 8574
14300 2 2 1 1 1693 125 6256
14301 2 2 1 1 4975 4987 8964
14302 2 2 1 1 8355 3494 8505
14303 2 2 1 1 754 755 1896
14304 2 2 1 1 1100 1101 1634
14305 2 2 1 1 971 972 5898
14306 2 2 1 1 298 1786 7479
14307 2 2 1 1 389 390 1817
14308 2 2 1 1 842 843 1895
14309 2 2 1 1 580 1831 5936
14310 2 2 1 1 2026 7675 8643
14311 2 2 1 1 5168 5172 9185
14312 2 2 1 1 8578 5141 8609
14313 2 2 1 1 4546 4289 8666
14314 2 2 1 1 8508 5343 9815
14315 2 2 1 1 5279 5280 9560
14316 2 2 1 1 2408 2410 8399
14317 2 2 1 1 1198 1199 9261
14318 2 2 1 1 1486 1485 9125
14319 2 2 1 1 561 1943 7476
14320 2 2 1 1 5172 5170 9151
14321 2 2 1 1 4019 6511 8528
14322 2 2 1 1 4774 7764 9388
14323 2 2 1 1 5568 5570 7864
14324 2 2 1 1 8829 6249 9118
14325 2 2 1 1 4274 8006 9686
14326 2 2 1 1 3290 7957 8246
14327 2 2 1 1 2678 2540 8484
14328 2 2 1 1 4821 4819 8601
14329 2 2 1 1 4844 4835 9170
14330 2 2 1 1 1945 115 7499
14331 2 2 1 1 4298 6203 8613
14332 2 2 1 1 202 203 1715
14333 2 2 1 1 132 1695 5539
14334 2 2 1 1 173 2121 5723
14335 2 2 1 1 2465 2463 9106
14336 2 2 1 1 5416 5414 8818
14337 2 2 1 1 2866 2539 9641
14338 2 2 1 1 8550 5452 8674
14339 2 2 1 1 1715 203 8194
14340 2 2 1 1 6287 1487 9654
14341 2 2 1 1 4052 4054 8507
14342 2 2 1 1 1454 8976 9015
14343 2 2 1 1 3414 9111 9563
14344 2 2 1 1 501 2117 5772
14345 2 2 1 1 97 2116 5790
14346 2 2 1 1 36 2114 5804
14347 2 2 1 1 2011 6689 7671
14348 2 2 1 1 6979 6981 6983
14349 2 2 1 1 2757 7572 7833
14350 2 2 1 1 6863 6110 8608
14351 2 2 1 1 2708 6616 9798
14352 2 2 1 1 1202 1203 5919
14353 2 2 1 1 8135 4192 8413
14354 2 2 1 1 8645 5866 9675
14355 2 2 1 1 6738 6737 7671
14356 2 2 1 1 4425 4755 8022
14357 2 2 1 1 4017 5523 8830
14358 2 2 1 1 513 2002 5908
14359 2 2 1 1 199 200 1869
14360 2 2 1 1 6047 4645 8621
14361 2 2 1 1 1869 200 8201
14362 2 2 1 1 6564 6560 9254
14363 2 2 1 1 966 1676 5660
14364 2 2 1 1 1191 2123 5686
14365 2 2 1 1 6139 6138 7693
14366 2 2 1 1 1499 1498 8606
14367 2 2 1 1 4829 8089 8728
14368 2 2 1 1 1783 311 7614
14369 2 2 1 1 214 1712 5946
14370 2 2 1 1 4428 4427 9516
14371 2 2 1 1 7819 6391 8661
14372 2 2 1 1 1432 8446 8546
14373 2 2 1 1 2523 2521 9099
14374 2 2 1 1 3426 3151 9328
14375 2 2 1 1 5141 5139 8609
14376 2 2 1 1 682 1617 5791
14377 2 2 1 1 7910 2683 8255
14378 2 2 1 1 2455 2453 8959
14379 2 2 1 1 5596 5649 9498
14380 2 2 1 1 1437 9079 9299
14381 2 2 1 1 1051 2113 5830
14382 2 2 1 1 178 179 5924
14383 2 2 1 1 922 1670 5847
14384 2 2 1 1 793 2111 5860
14385 2 2 1 1 3311 3309 9440
14386 2 2 1 1 859 860 7893
14387 2 2 1 1 995 996 2024
14388 2 2 1 1 196 197 1798
14389 2 2 1 1 7864 2702 8738
14390 2 2 1 1 5006 2173 9345
14391 2 2 1 1 7919 2690 8067
14392 2 2 1 1 1798 197 8207
14393 2 2 1 1 4069 3995 8722
14394 2 2 1 1 4503 4065 8636
14395 2 2 1 1 2874 7182 9534
14396 2 2 1 1 752 1647 5552
14397 2 2 1 1 340 1741 5994
14398 2 2 1 1 48 2004 5907
14399 2 2 1 1 4223 4221 8471
14400 2 2 1 1 6254 4700 9334
14401 2 2 1 1 862 863 2022
14402 2 2 1 1 992 993 1835
14403 2 2 1 1 6971 7616 7617
14404 2 2 1 1 1503 8760 9605
14405 2 2 1 1 5959 5961 9486
14406 2 2 1 1 1433 8546 8684
14407 2 2 1 1 4660 4657 8623
14408 2 2 1 1 1302 7397 8452
14409 2 2 1 1 865 866 6960
14410 2 2 1 1 989 990 7877
14411 2 2 1 1 4161 4165 8614
14412 2 2 1 1 2023 859 7893
14413 2 2 1 1 2024 996 8203
14414 2 2 1 1 533 2096 6045
14415 2 2 1 1 6915 6914 6916
14416 2 2 1 1 2699 2458 8483
14417 2 2 1 1 868 869 1601
14418 2 2 1 1 986 987 7873
14419 2 2 1 1 862 2022 8209
14420 2 2 1 1 1835 993 8210
14421 2 2 1 1 193 194 1914
14422 2 2 1 1 647 2100 5981
14423 2 2 1 1 2540 2542 8484
14424 2 2 1 1 1914 194 8218
14425 2 2 1 1 3051 3054 8476
14426 2 2 1 1 2690 7887 8067
14427 2 2 1 1 871 872 1870
14428 2 2 1 1 983 984 7865
14429 2 2 1 1 466 1795 6048
14430 2 2 1 1 1599 865 6960
14431 2 2 1 1 990 2119 7877
14432 2 2 1 1 3009 3008 9410
14433 2 2 1 1 1007 2099 6001
14434 2 2 1 1 62 1807 6052
14435 2 2 1 1 878 1683 6007
14436 2 2 1 1 2959 2962 8455
14437 2 2 1 1 7709 7708 8846
14438 2 2 1 1 868 1601 8217
14439 2 2 1 1 7873 987 7881
14440 2 2 1 1 1453 1454 9015
14441 2 2 1 1 1127 2097 6031
14442 2 2 1 1 6143 6142 9019
14443 2 2 1 1 1644 745 6239
14444 2 2 1 1 573 574 5957
14445 2 2 1 1 871 1870 8219
14446 2 2 1 1 7865 984 8220
14447 2 2 1 1 7920 3122 8295
14448 2 2 1 1 6376 3564 8711
14449 2 2 1 1 7691 2976 8171
14450 2 2 1 1 190 191 6918
14451 2 2 1 1 8325 3957 8726
14452 2 2 1 1 255 2093 6066
14453 2 2 1 1 191 1842 6918
14454 2 2 1 1 2362 3646 8531
14455 2 2 1 1 1383 8327 9587
14456 2 2 1 1 2710 2620 8534
14457 2 2 1 1 4026 5498 8861
14458 2 2 1 1 6822 4338 9129
14459 2 2 1 1 7182 3629 9534
14460 2 2 1 1 7157 7020 9763
14461 2 2 1 1 5766 5765 7298
14462 2 2 1 1 8306 8177 8669
14463 2 2 1 1 2860 2276 8487
14464 2 2 1 1 428 1814 5627
14465 2 2 1 1 1438 1437 9299
14466 2 2 1 1 8609 5139 8637
14467 2 2 1 1 1161 1589 7605
14468 2 2 1 1 694 1620 5881
14469 2 2 1 1 5988 5986 8633
14470 2 2 1 1 8681 4511 8883
14471 2 2 1 1 2437 2435 9194
14472 2 2 1 1 3334 3336 8983
14473 2 2 1 1 3837 4496 9480
14474 2 2 1 1 2675 2562 8424
14475 2 2 1 1 3278 7839 8320
14476 2 2 1 1 3103 3101 9148
14477 2 2 1 1 8601 4819 8646
14478 2 2 1 1 4990 9385 9648
14479 2 2 1 1 6227 6229 8527
14480 2 2 1 1 1289 1288 8768
14481 2 2 1 1 3630 2360 8531
14482 2 2 1 1 381 2084 6132
14483 2 2 1 1 3629 2868 9534
14484 2 2 1 1 6893 6895 8447
14485 2 2 1 1 2777 2734 9258
14486 2 2 1 1 1503 1502 8760
14487 2 2 1 1 4236 4235 8496
14488 2 2 1 1 5180 5197 9555
14489 2 2 1 1 3376 3378 9142
14490 2 2 1 1 5856 2135 6942
14491 2 2 1 1 4971 4973 8560
14492 2 2 1 1 3807 4425 9458
14493 2 2 1 1 9704 5852 9732
14494 2 2 1 1 714 1625 6096
14495 2 2 1 1 1063 2135 5854
14496 2 2 1 1 1092 1632 6111
14497 2 2 1 1 2684 8007 8093
14498 2 2 1 1 834 2088 6117
14499 2 2 1 1 934 1665 5837
14500 2 2 1 1 1453 9015 9051
14501 2 2 1 1 805 2010 5819
14502 2 2 1 1 506 507 5975
14503 2 2 1 1 2669 2681 8591
14504 2 2 1 1 5047 6437 9189
14505 2 2 1 1 4710 4712 9726
14506 2 2 1 1 8655 8115 8690
14507 2 2 1 1 1165 1590 5629
14508 2 2 1 1 7815 3358 8381
14509 2 2 1 1 3667 5581 8734
14510 2 2 1 1 3554 9585 9781
14511 2 2 1 1 3839 7726 9527
14512 2 2 1 1 304 305 1894
14513 2 2 1 1 1498 7642 8606
14514 2 2 1 1 6273 7036 8383
14515 2 2 1 1 6205 4731 9579
14516 2 2 1 1 1370 8513 8782
14517 2 2 1 1 430 431 1893
14518 2 2 1 1 2478 2702 8526
14519 2 2 1 1 302 1785 5639
14520 2 2 1 1 4218 4175 9154
14521 2 2 1 1 2703 7676 9337
14522 2 2 1 1 7036 3524 8383
14523 2 2 1 1 5514 4964 9812
14524 2 2 1 1 102 103 5989
14525 2 2 1 1 6775 6774 9084
14526 2 2 1 1 7856 5866 8645
14527 2 2 1 1 3410 7727 9071
14528 2 2 1 1 1536 1535 8795
14529 2 2 1 1 565 2146 5644
14530 2 2 1 1 7622 3410 9320
14531 2 2 1 1 5139 5137 8637
14532 2 2 1 1 2227 2226 9488
14533 2 2 1 1 1592 1174 7478
14534 2 2 1 1 41 42 5992
14535 2 2 1 1 6588 9195 9512
14536 2 2 1 1 4493 8941 9092
14537 2 2 1 1 383 1822 7458
14538 2 2 1 1 559 1747 6152
14539 2 2 1 1 8339 8338 9192
14540 2 2 1 1 6304 6307 9615
14541 2 2 1 1 4961 6488 9742
14542 2 2 1 1 3211 3209 9653
14543 2 2 1 1 5436 8787 9185
14544 2 2 1 1 2613 2611 9596
14545 2 2 1 1 3858 4029 8611
14546 2 2 1 1 5883 1620 6954
14547 2 2 1 1 4093 4094 8736
14548 2 2 1 1 296 2079 6164
14549 2 2 1 1 1167 1168 1892
14550 2 2 1 1 687 688 5993
14551 2 2 1 1 6484 6481 9267
14552 2 2 1 1 6077 6074 6078
14553 2 2 1 1 3889 3645 8465
14554 2 2 1 1 5193 5203 9781
14555 2 2 1 1 2149 6490 8818
14556 2 2 1 1 7634 2696 9372
14557 2 2 1 1 2060 6322 9145
14558 2 2 1 1 7035 5669 8880
14559 2 2 1 1 1284 1285 9602
14560 2 2 1 1 6688 6687 9044
14561 2 2 1 1 7233 2180 8444
14562 2 2 1 1 3626 2282 8403
14563 2 2 1 1 4647 6577 9740
14564 2 2 1 1 5486 6534 8900
14565 2 2 1 1 1452 1453 9051
14566 2 2 1 1 2749 7847 8990
14567 2 2 1 1 6343 8870 8871
14568 2 2 1 1 7831 2790 9537
14569 2 2 1 1 4819 4817 8646
14570 2 2 1 1 2083 8127 8662
14571 2 2 1 1 2285 2288 8514
14572 2 2 1 1 226 1708 5757
14573 2 2 1 1 2276 2278 8487
14574 2 2 1 1 8579 5450 8753
14575 2 2 1 1 6285 5969 7343
14576 2 2 1 1 6882 2138 6885
14577 2 2 1 1 3599 3012 8504
14578 2 2 1 1 4330 4332 8481
14579 2 2 1 1 6356 8096 8746
14580 2 2 1 1 2564 7886 8424
14581 2 2 1 1 1056 1057 6037
14582 2 2 1 1 422 2077 6182
14583 2 2 1 1 1468 1467 9224
14584 2 2 1 1 1812 421 6182
14585 2 2 1 1 5328 8559 9236
14586 2 2 1 1 9054 7800 9660
14587 2 2 1 1 4092 7400 9514
14588 2 2 1 1 8637 5137 8676
14589 2 2 1 1 4602 4649 8533
14590 2 2 1 1 5678 6831 8812
14591 2 2 1 1 1153 1587 6175
14592 2 2 1 1 6625 6624 7632
14593 2 2 1 1 4449 8990 9006
14594 2 2 1 1 5197 5182 9455
14595 2 2 1 1 2338 7928 8364
14596 2 2 1 1 3322 7852 8380
14597 2 2 1 1 7974 2684 8093
14598 2 2 1 1 6300 5002 9224
14599 2 2 1 1 836 1607 7451
14600 2 2 1 1 2518 2685 8619
14601 2 2 1 1 5797 5795 5798
14602 2 2 1 1 8623 4657 8704
14603 2 2 1 1 1094 1939 7449
14604 2 2 1 1 2334 2848 8626
14605 2 2 1 1 5020 7130 9762
14606 2 2 1 1 3548 3136 8604
14607 2 2 1 1 4506 4508 8317
14608 2 2 1 1 5591 6741 8853
14609 2 2 1 1 3953 4940 8629
14610 2 2 1 1 1700 5725 6814
14611 2 2 1 1 7118 6868 9399
14612 2 2 1 1 3399 3282 8630
14613 2 2 1 1 8982 6215 9304
14614 2 2 1 1 2531 2529 9422
14615 2 2 1 1 3152 3154 9066
14616 2 2 1 1 1511 6924 8659
14617 2 2 1 1 7125 6760 9765
14618 2 2 1 1 3621 4872 9092
14619 2 2 1 1 5845 5844 5846
14620 2 2 1 1 3808 8528 9070
14621 2 2 1 1 2180 7786 8444
14622 2 2 1 1 716 1938 7444
14623 2 2 1 1 26 27 1862
14624 2 2 1 1 26 1862 8243
14625 2 2 1 1 1513 1512 9418
14626 2 2 1 1 7957 5547 8246
14627 2 2 1 1 5039 5029 9024
14628 2 2 1 1 5577 5580 7088
14629 2 2 1 1 3664 3820 9546
14630 2 2 1 1 1026 1027 8694
14631 2 2 1 1 3364 7824 8423
14632 2 2 1 1 5691 5690 5692
14633 2 2 1 1 5506 8313 9746
14634 2 2 1 1 9491 4933 9683
14635 2 2 1 1 6310 6309 7327
14636 2 2 1 1 6375 6371 9270
14637 2 2 1 1 8576 4465 9125
14638 2 2 1 1 8296 1538 9545
14639 2 2 1 1 29 30 7783
14640 2 2 1 1 8695 8292 9234
14641 2 2 1 1 1970 1152 6175
14642 2 2 1 1 2015 29 7783
14643 2 2 1 1 8646 4817 8707
14644 2 2 1 1 5137 5135 8676
14645 2 2 1 1 2645 7840 8405
14646 2 2 1 1 2863 2330 8618
14647 2 2 1 1 243 244 1916
14648 2 2 1 1 5261 8433 9089
14649 2 2 1 1 2594 7981 8395
14650 2 2 1 1 2829 8495 8811
14651 2 2 1 1 5666 5664 5667
14652 2 2 1 1 1916 244 8250
14653 2 2 1 1 5470 7368 8151
14654 2 2 1 1 840 1606 5698
14655 2 2 1 1 7957 3395 8114
14656 2 2 1 1 6505 6506 9657
14657 2 2 1 1 1098 2131 5706
14658 2 2 1 1 1468 9224 9694
14659 2 2 1 1 4192 4880 8413
14660 2 2 1 1 8902 6300 9224
14661 2 2 1 1 8369 5783 8594
14662 2 2 1 1 3999 6382 7061
14663 2 2 1 1 5154 8462 8503
14664 2 2 1 1 720 2130 5732
14665 2 2 1 1 7414 3867 7415
14666 2 2 1 1 352 1737 5682
14667 2 2 1 1 1940 665 7464
14668 2 2 1 1 746 2068 6239
14669 2 2 1 1 257 1720 7436
14670 2 2 1 1 240 241 6909
14671 2 2 1 1 6647 6646 8968
14672 2 2 1 1 2681 2671 8747
14673 2 2 1 1 241 1716 6909
14674 2 2 1 1 6142 5885 7523
14675 2 2 1 1 7944 2677 8274
14676 2 2 1 1 4540 4328 8670
14677 2 2 1 1 5106 5103 9617
14678 2 2 1 1 261 1721 5767
14679 2 2 1 1 4956 8565 8794
14680 2 2 1 1 6128 3583 8832
14681 2 2 1 1 1451 1452 9095
14682 2 2 1 1 6232 6586 8548
14683 2 2 1 1 1434 1433 8684
14684 2 2 1 1 8222 4161 8614
14685 2 2 1 1 4414 4390 8674
14686 2 2 1 1 10 1946 5733
14687 2 2 1 1 126 2065 6256
14688 2 2 1 1 3012 3014 8504
14689 2 2 1 1 1788 295 6164
14690 2 2 1 1 5743 5745 5746
14691 2 2 1 1 2765 2430 8683
14692 2 2 1 1 3062 3607 8668
14693 2 2 1 1 237 238 7767
14694 2 2 1 1 5717 5720 5721
14695 2 2 1 1 238 1855 7767
14696 2 2 1 1 4761 4763 8688
14697 2 2 1 1 4940 8003 8318
14698 2 2 1 1 4344 4435 9281
14699 2 2 1 1 1971 558 6152
14700 2 2 1 1 3576 3875 8493
14701 2 2 1 1 8676 5135 8705
14702 2 2 1 1 4048 4437 8913
14703 2 2 1 1 4641 4612 9309
14704 2 2 1 1 6871 6873 9490
14705 2 2 1 1 2458 2460 8483
14706 2 2 1 1 2424 2711 8641
14707 2 2 1 1 8456 5474 9524
14708 2 2 1 1 234 235 1710
14709 2 2 1 1 1452 9051 9095
14710 2 2 1 1 1710 235 7768
14711 2 2 1 1 5203 5195 9690
14712 2 2 1 1 4614 4704 9309
14713 2 2 1 1 545 2017 5650
14714 2 2 1 1 2562 2564 8424
14715 2 2 1 1 7906 6895 7948
14716 2 2 1 1 472 2126 5771
14717 2 2 1 1 5293 5317 9673
14718 2 2 1 1 1019 2018 5673
14719 2 2 1 1 2360 2362 8531
14720 2 2 1 1 1860 890 7813
14721 2 2 1 1 1649 761 7447
14722 2 2 1 1 4827 4829 8728
14723 2 2 1 1 6234 6235 6238
14724 2 2 1 1 8746 3404 8784
14725 2 2 1 1 231 232 7752
14726 2 2 1 1 232 2129 7752
14727 2 2 1 1 5538 5910 6529
14728 2 2 1 1 1697 141 7440
14729 2 2 1 1 64 1935 7428
14730 2 2 1 1 4531 4529 8703
14731 2 2 1 1 1139 2020 5653
14732 2 2 1 1 6308 6309 6310
14733 2 2 1 1 6244 4736 8906
14734 2 2 1 1 1773 80 7438
14735 2 2 1 1 4196 4461 9031
14736 2 2 1 1 4817 4815 8707
14737 2 2 1 1 3711 4870 9085
14738 2 2 1 1 4184 7888 8102
14739 2 2 1 1 3890 4019 8511
14740 2 2 1 1 3971 7740 8617
14741 2 2 1 1 4903 5324 5325
14742 2 2 1 1 5841 5843 5844
14743 2 2 1 1 4657 4655 8704
14744 2 2 1 1 2346 3605 8733
14745 2 2 1 1 8151 5033 8697
14746 2 2 1 1 539 1752 5813
14747 2 2 1 1 6416 6418 6422
14748 2 2 1 1 5568 5569 5570
14749 2 2 1 1 5135 5133 8705
14750 2 2 1 1 4060 4451 8973
14751 2 2 1 1 4435 4346 9384
14752 2 2 1 1 478 1849 5632
14753 2 2 1 1 5315 7747 8095
14754 2 2 1 1 4500 6656 9798
14755 2 2 1 1 2482 2696 8738
14756 2 2 1 1 6914 6912 8429
14757 2 2 1 1 2702 2480 8738
14758 2 2 1 1 468 1934 7426
14759 2 2 1 1 6418 6417 6419
14760 2 2 1 1 2620 2622 8534
14761 2 2 1 1 1253 6822 9129
14762 2 2 1 1 7162 7160 8568
14763 2 2 1 1 8760 4946 9605
14764 2 2 1 1 960 2061 6311
14765 2 2 1 1 1663 5862 6962
14766 2 2 1 1 2693 2761 8747
14767 2 2 1 1 7079 6179 9712
14768 2 2 1 1 5967 1998 6772
14769 2 2 1 1 5101 5099 8597
14770 2 2 1 1 1261 1260 9444
14771 2 2 1 1 6067 6070 9179
14772 2 2 1 1 6217 1853 6787
14773 2 2 1 1 4179 4181 8644
14774 2 2 1 1 4693 4702 9220
14775 2 2 1 1 2692 2496 8739
14776 2 2 1 1 1878 13 7828
14777 2 2 1 1 8222 2823 8743
14778 2 2 1 1 1637 5832 6811
14779 2 2 1 1 5764 5765 5766
14780 2 2 1 1 2476 2478 8526
14781 2 2 1 1 1800 5806 6795
14782 2 2 1 1 346 2122 5873
14783 2 2 1 1 5826 5827 5828
14784 2 2 1 1 6297 6293 9288
14785 2 2 1 1 6284 4771 9533
14786 2 2 1 1 4508 4943 4944
14787 2 2 1 1 1133 1582 5868
14788 2 2 1 1 6650 6226 7610
14789 2 2 1 1 2282 2284 8403
14790 2 2 1 1 3406 3352 8783
14791 2 2 1 1 8187 5218 9139
14792 2 2 1 1 6927 1635 6943
14793 2 2 1 1 1217 4 6678
14794 2 2 1 1 1185 1595 6337
14795 2 2 1 1 8089 4831 8873
14796 2 2 1 1 884 2124 5889
14797 2 2 1 1 7727 3410 9402
14798 2 2 1 1 3407 3272 8758
14799 2 2 1 1 1013 1725 5899
14800 2 2 1 1 3274 3400 8758
14801 2 2 1 1 8705 5133 8741
14802 2 2 1 1 8349 4445 8350
14803 2 2 1 1 6467 6468 8519
14804 2 2 1 1 7194 4780 9623
14805 2 2 1 1 3354 3401 8783
14806 2 2 1 1 4642 4595 8753
14807 2 2 1 1 167 1702 6351
14808 2 2 1 1 1870 7776 8648
14809 2 2 1 1 8313 5506 9737
14810 2 2 1 1 267 2025 5583
14811 2 2 1 1 4159 8222 8743
14812 2 2 1 1 535 1753 7420
14813 2 2 1 1 6307 6306 6308
14814 2 2 1 1 6053 6057 9201
14815 2 2 1 1 9144 6254 9334
14816 2 2 1 1 3631 4202 9035
14817 2 2 1 1 6316 6314 6318
14818 2 2 1 1 4374 4416 8502
14819 2 2 1 1 7019 6 9279
14820 2 2 1 1 1340 1341 9612
14821 2 2 1 1 653 1733 5911
14822 2 2 1 1 5690 5688 9202
14823 2 2 1 1 1450 1451 9232
14824 2 2 1 1 8707 4815 8752
14825 2 2 1 1 4493 5409 8941
14826 2 2 1 1 2643 7699 9427
14827 2 2 1 1 1821 380 6132
14828 2 2 1 1 4600 4602 8533
14829 2 2 1 1 2838 8597 9373
14830 2 2 1 1 1546 1547 8740
14831 2 2 1 1 2697 2474 8773
14832 2 2 1 1 3558 2342 8762
14833 2 2 1 1 6341 1679 6780
14834 2 2 1 1 6888 3564 9640
14835 2 2 1 1 8003 3421 8318
14836 2 2 1 1 3404 3258 8784
14837 2 2 1 1 6121 6342 7528
14838 2 2 1 1 2542 7944 8484
14839 2 2 1 1 220 2115 5937
14840 2 2 1 1 5133 5131 8741
14841 2 2 1 1 4393 4395 8550
14842 2 2 1 1 4992 4967 9642
14843 2 2 1 1 495 1763 6397
14844 2 2 1 1 8233 6253 9493
14845 2 2 1 1 2701 2452 8771
14846 2 2 1 1 5104 5105 8759
14847 2 2 1 1 6493 7636 8607
14848 2 2 1 1 3134 3548 8808
14849 2 2 1 1 5082 5085 8937
14850 2 2 1 1 3726 4908 9186
14851 2 2 1 1 5317 5294 9028
14852 2 2 1 1 4682 4684 8686
14853 2 2 1 1 6229 6228 9124
14854 2 2 1 1 6343 6123 7982
14855 2 2 1 1 4543 7424 9134
14856 2 2 1 1 3703 2717 8690
14857 2 2 1 1 3422 3232 8831
14858 2 2 1 1 7025 4448 8718
14859 2 2 1 1 91 1777 6434
14860 2 2 1 1 8255 6655 8925
14861 2 2 1 1 676 2056 6386
14862 2 2 1 1 1479 8512 9034
14863 2 2 1 1 818 819 7731
14864 2 2 1 1 1036 1037 6940
14865 2 2 1 1 7353 1905 9765
14866 2 2 1 1 7062 7063 9434
14867 2 2 1 1 6024 1991 6777
14868 2 2 1 1 821 822 2007
14869 2 2 1 1 1033 1034 1642
14870 2 2 1 1 4285 4287 8660
14871 2 2 1 1 8310 3306 8427
14872 2 2 1 1 6333 4715 9667
14873 2 2 1 1 4933 6487 9683
14874 2 2 1 1 8704 4655 8775
14875 2 2 1 1 4042 8186 8458
14876 2 2 1 1 2008 818 7731
14877 2 2 1 1 1037 1641 6940
14878 2 2 1 1 824 825 1610
14879 2 2 1 1 1030 1031 1872
14880 2 2 1 1 6873 6874 6875
14881 2 2 1 1 3146 3608 8824
14882 2 2 1 1 7995 8002 8827
14883 2 2 1 1 1045 1639 6405
14884 2 2 1 1 916 2053 6425
14885 2 2 1 1 821 2007 8280
14886 2 2 1 1 1642 1034 8285
14887 2 2 1 1 827 828 6964
14888 2 2 1 1 1027 1028 1833
14889 2 2 1 1 4457 8558 9303
14890 2 2 1 1 9033 6284 9533
14891 2 2 1 1 342 1931 7403
14892 2 2 1 1 1129 1581 7418
14893 2 2 1 1 824 1610 8289
14894 2 2 1 1 1872 1031 8293
14895 2 2 1 1 830 831 2006
14896 2 2 1 1 1024 1025 1873
14897 2 2 1 1 5934 5917 5935
14898 2 2 1 1 4205 4206 8972
14899 2 2 1 1 1434 8684 8810
14900 2 2 1 1 2005 827 6964
14901 2 2 1 1 1833 1028 8291
14902 2 2 1 1 4755 7669 8632
14903 2 2 1 1 3530 3132 8808
14904 2 2 1 1 6336 4703 9520
14905 2 2 1 1 4234 4229 8770
14906 2 2 1 1 1450 9232 9420
14907 2 2 1 1 284 285 7540
14908 2 2 1 1 1608 833 6117
14909 2 2 1 1 830 2006 7724
14910 2 2 1 1 285 7539 7540
14911 2 2 1 1 6315 6316 6317
14912 2 2 1 1 4499 4352 9547
14913 2 2 1 1 772 1652 6462
14914 2 2 1 1 1298 1299 9400
14915 2 2 1 1 2667 2669 8591
14916 2 2 1 1 8741 5131 8756
14917 2 2 1 1 1979 1091 6111
14918 2 2 1 1 4686 4689 8700
14919 2 2 1 1 1552 1553 9713
14920 2 2 1 1 880 1930 7412
14921 2 2 1 1 7834 7247 9459
14922 2 2 1 1 1009 1726 7406
14923 2 2 1 1 1260 1261 8857
14924 2 2 1 1 614 3 9688
14925 2 2 1 1 2 612 9689
14926 2 2 1 1 3234 3419 8831
14927 2 2 1 1 7141 1513 9418
14928 2 2 1 1 1980 713 6096
14929 2 2 1 1 3084 3564 8836
14930 2 2 1 1 281 282 7702
14931 2 2 1 1 7702 282 8298
14932 2 2 1 1 4295 4268 8499
14933 2 2 1 1 4815 4813 8752
14934 2 2 1 1 4645 6192 8765
14935 2 2 1 1 393 1816 5532
14936 2 2 1 1 7460 6200 8409
14937 2 2 1 1 3378 3380 9563
14938 2 2 1 1 2280 3626 8814
14939 2 2 1 1 1933 726 7417
14940 2 2 1 1 1719 254 6066
14941 2 2 1 1 3550 8930 9555
14942 2 2 1 1 7108 5859 7109
14943 2 2 1 1 4901 5475 5476
14944 2 2 1 1 4909 6281 6282
14945 2 2 1 1 278 279 2001
14946 2 2 1 1 5864 6338 7629
14947 2 2 1 1 8776 6029 9203
14948 2 2 1 1 2001 279 8308
14949 2 2 1 1 1868 7660 8698
14950 2 2 1 1 1861 1104 7915
14951 2 2 1 1 3262 3409 8835
14952 2 2 1 1 5955 5358 8402
14953 2 2 1 1 1540 4995 8754
14954 2 2 1 1 1678 975 7410
14955 2 2 1 1 6157 7329 9353
14956 2 2 1 1 846 2031 5561
14957 2 2 1 1 5033 5031 8697
14958 2 2 1 1 4597 4600 8579
14959 2 2 1 1 6677 5276 9727
14960 2 2 1 1 2350 3619 8851
14961 2 2 1 1 3583 3142 8832
14962 2 2 1 1 3405 3252 8855
14963 2 2 1 1 5131 5128 8756
14964 2 2 1 1 6060 6061 8607
14965 2 2 1 1 275 276 1791
14966 2 2 1 1 208 2046 6541
14967 2 2 1 1 3605 2348 8851
14968 2 2 1 1 1791 276 8305
14969 2 2 1 1 7739 1275 9804
14970 2 2 1 1 4395 4397 8559
14971 2 2 1 1 4859 7739 9804
14972 2 2 1 1 799 1661 6033
14973 2 2 1 1 928 2105 6042
14974 2 2 1 1 3723 3725 9567
14975 2 2 1 1 1355 8564 8906
14976 2 2 1 1 6328 3443 9807
14977 2 2 1 1 2704 7302 9609
14978 2 2 1 1 1299 1300 9720
14979 2 2 1 1 649 1734 7395
14980 2 2 1 1 272 273 1874
14981 2 2 1 1 1985 61 6052
14982 2 2 1 1 4996 4990 9648
14983 2 2 1 1 8564 6244 8906
14984 2 2 1 1 3529 3082 8836
14985 2 2 1 1 8115 3703 8690
14986 2 2 1 1 3998 3539 8192
14987 2 2 1 1 8403 2284 9810
14988 2 2 1 1 2302 3613 8881
14989 2 2 1 1 2288 7937 8514
14990 2 2 1 1 641 1736 6555
14991 2 2 1 1 5811 5809 9687
14992 2 2 1 1 5853 5852 9704
14993 2 2 1 1 3592 8433 9460
14994 2 2 1 1 8213 1545 8500
14995 2 2 1 1 4461 4212 9507
14996 2 2 1 1 3455 3609 9570
14997 2 2 1 1 8887 6568 8891
14998 2 2 1 1 3820 5515 5518
14999 2 2 1 1 1986 465 6048
15000 2 2 1 1 1490 1489 9746
15001 2 2 1 1 3921 3923 8563
15002 2 2 1 1 1999 5948 6782
15003 2 2 1 1 5164 5166 8787
15004 2 2 1 1 526 527 7686
15005 2 2 1 1 151 1913 9362
15006 2 2 1 1 1997 526 7686
15007 2 2 1 1 6344 4858 9634
15008 2 2 1 1 8752 4813 8805
15009 2 2 1 1 8756 5128 8791
15010 2 2 1 1 4157 4159 8743
15011 2 2 1 1 6071 6069 6075
15012 2 2 1 1 4655 4653 8775
15013 2 2 1 1 1206 1732 5577
15014 2 2 1 1 8096 3404 8746
15015 2 2 1 1 6138 6135 8682
15016 2 2 1 1 4011 6670 8803
15017 2 2 1 1 8854 5082 8937
15018 2 2 1 1 8949 6367 9067
15019 2 2 1 1 4708 4714 9650
15020 2 2 1 1 1871 452 8649
15021 2 2 1 1 1928 182 7390
15022 2 2 1 1 7302 2752 9609
15023 2 2 1 1 1001 1730 6579
15024 2 2 1 1 1288 1289 8779
15025 2 2 1 1 334 2041 6598
15026 2 2 1 1 6355 6358 9152
15027 2 2 1 1 216 1924 7385
15028 2 2 1 1 2159 2160 9717
15029 2 2 1 1 6198 6196 8679
15030 2 2 1 1 529 530 1996
15031 2 2 1 1 3136 3138 8604
15032 2 2 1 1 529 1996 7684
15033 2 2 1 1 6345 6091 8727
15034 2 2 1 1 3577 9126 9246
15035 2 2 1 1 1121 1579 6593
15036 2 2 1 1 5148 5150 8823
15037 2 2 1 1 6058 6055 9482
15038 2 2 1 1 1369 1370 8782
15039 2 2 1 1 2966 7787 8592
15040 2 2 1 1 2188 7796 8612
15041 2 2 1 1 1731 998 8731
15042 2 2 1 1 8270 4285 8660
15043 2 2 1 1 2104 205 8721
15044 2 2 1 1 4837 8071 9170
15045 2 2 1 1 1754 532 6045
15046 2 2 1 1 5825 5824 5826
15047 2 2 1 1 3456 7474 9740
15048 2 2 1 1 1735 5983 6788
15049 2 2 1 1 3138 7940 8604
15050 2 2 1 1 5763 5762 5764
15051 2 2 1 1 6952 6953 7063
15052 2 2 1 1 7853 2516 8619
15053 2 2 1 1 8621 4645 8765
15054 2 2 1 1 2330 2332 8618
15055 2 2 1 1 1655 8136 8717
15056 2 2 1 1 2516 2518 8619
15057 2 2 1 1 6070 6071 6072
15058 2 2 1 1 4153 4157 8774
15059 2 2 1 1 4958 4956 8794
15060 2 2 1 1 5128 5126 8791
15061 2 2 1 1 4873 6841 9745
15062 2 2 1 1 4033 4301 8580
15063 2 2 1 1 3555 2300 8881
15064 2 2 1 1 2980 7788 8625
15065 2 2 1 1 8239 4464 8375
15066 2 2 1 1 2853 7130 9731
15067 2 2 1 1 1631 6756 9338
15068 2 2 1 1 6057 6058 6059
15069 2 2 1 1 8906 4736 9110
15070 2 2 1 1 4289 4291 8666
15071 2 2 1 1 6841 1287 9745
15072 2 2 1 1 1830 577 7383
15073 2 2 1 1 4036 7489 9056
15074 2 2 1 1 4636 4620 9744
15075 2 2 1 1 1312 1313 8806
15076 2 2 1 1 4932 7700 9262
15077 2 2 1 1 3951 3953 8629
15078 2 2 1 1 4092 8336 9287
15079 2 2 1 1 521 2040 6624
15080 2 2 1 1 2785 3620 9583
15081 2 2 1 1 4423 8617 8798
15082 2 2 1 1 2332 2334 8626
15083 2 2 1 1 3582 8647 9603
15084 2 2 1 1 8343 4952 8961
15085 2 2 1 1 2456 2699 8962
15086 2 2 1 1 5567 5566 5568
15087 2 2 1 1 106 107 9469
15088 2 2 1 1 1519 1518 8802
15089 2 2 1 1 2685 2520 8999
15090 2 2 1 1 4813 4811 8805
15091 2 2 1 1 1989 339 5994
15092 2 2 1 1 3282 3284 8630
15093 2 2 1 1 4291 4293 8658
15094 2 2 1 1 4875 4874 8813
15095 2 2 1 1 8297 7008 9218
15096 2 2 1 1 6445 6442 7708
15097 2 2 1 1 1554 1553 8807
15098 2 2 1 1 5742 5741 5743
15099 2 2 1 1 3895 5001 9695
15100 2 2 1 1 5716 5715 5717
15101 2 2 1 1 6457 6946 9017
15102 2 2 1 1 1580 1126 6031
15103 2 2 1 1 8791 5126 8821
15104 2 2 1 1 5859 7108 9347
15105 2 2 1 1 6640 4495 9175
15106 2 2 1 1 6616 4500 9798
15107 2 2 1 1 5581 5578 8734
15108 2 2 1 1 1435 1434 8810
15109 2 2 1 1 2198 7802 8632
15110 2 2 1 1 2522 2706 8999
15111 2 2 1 1 1993 877 6007
15112 2 2 1 1 1729 6003 6781
15113 2 2 1 1 1451 9095 9232
15114 2 2 1 1 7050 3630 8531
15115 2 2 1 1 5851 5852 5853
15116 2 2 1 1 1729 1006 6001
15117 2 2 1 1 7717 2128 9383
15118 2 2 1 1 1993 6009 6779
15119 2 2 1 1 7866 7868 7869
15120 2 2 1 1 8664 7969 8665
15121 2 2 1 1 3733 3731 9624
15122 2 2 1 1 249 1718 6631
15123 2 2 1 1 1910 510 7374
15124 2 2 1 1 2173 2165 9770
15125 2 2 1 1 3995 4013 8722
15126 2 2 1 1 4054 8252 8507
15127 2 2 1 1 8775 4653 8843
15128 2 2 1 1 9683 6487 9814
15129 2 2 1 1 8923 4650 8982
15130 2 2 1 1 8025 611 9689
15131 2 2 1 1 6178 8351 9712
15132 2 2 1 1 5915 5916 5917
15133 2 2 1 1 308 2042 5620
15134 2 2 1 1 1989 5996 6771
15135 2 2 1 1 6724 4198 8857
15136 2 2 1 1 6056 6054 8675
15137 2 2 1 1 3284 8236 8630
15138 2 2 1 1 325 326 1875
15139 2 2 1 1 3220 3415 9030
15140 2 2 1 1 4876 7527 7772
15141 2 2 1 1 1875 326 8334
15142 2 2 1 1 490 7647 9757
15143 2 2 1 1 5928 5930 5931
15144 2 2 1 1 8652 9003 9004
15145 2 2 1 1 5126 5124 8821
15146 2 2 1 1 8713 4765 8908
15147 2 2 1 1 5848 5851 9240
15148 2 2 1 1 7056 6251 9790
15149 2 2 1 1 708 2037 6636
15150 2 2 1 1 5740 5742 5744
15151 2 2 1 1 6086 1775 6747
15152 2 2 1 1 3419 3236 9071
15153 2 2 1 1 3238 3410 9071
15154 2 2 1 1 1735 646 5981
15155 2 2 1 1 5714 5716 5718
15156 2 2 1 1 6402 6400 8702
15157 2 2 1 1 4040 8458 8460
15158 2 2 1 1 5754 5753 5755
15159 2 2 1 1 1909 45 7372
15160 2 2 1 1 8805 4811 8839
15161 2 2 1 1 6011 6014 9157
15162 2 2 1 1 7618 6717 8859
15163 2 2 1 1 322 323 1787
15164 2 2 1 1 8781 6591 8887
15165 2 2 1 1 1787 323 8332
15166 2 2 1 1 6089 1698 6746
15167 2 2 1 1 4171 8324 8800
15168 2 2 1 1 2354 3634 9057
15169 2 2 1 1 7313 1903 9763
15170 2 2 1 1 5184 5186 8751
15171 2 2 1 1 1999 213 5946
15172 2 2 1 1 4531 8703 8958
15173 2 2 1 1 5624 6970 8897
15174 2 2 1 1 5792 5796 9230
15175 2 2 1 1 1976 6781 9386
15176 2 2 1 1 5916 5914 5918
15177 2 2 1 1 2432 7874 8683
15178 2 2 1 1 319 320 6889
15179 2 2 1 1 6654 6036 6655
15180 2 2 1 1 320 1987 6889
15181 2 2 1 1 3506 7774 8532
15182 2 2 1 1 3048 3050 9529
15183 2 2 1 1 1640 1042 8710
15184 2 2 1 1 6106 1650 6757
15185 2 2 1 1 8482 4928 9191
15186 2 2 1 1 6946 6459 9502
15187 2 2 1 1 1793 6504 9657
15188 2 2 1 1 8472 5148 8823
15189 2 2 1 1 8659 4455 9418
15190 2 2 1 1 4537 6978 9379
15191 2 2 1 1 8500 1546 8740
15192 2 2 1 1 375 1823 6666
15193 2 2 1 1 4825 4827 8828
15194 2 2 1 1 1713 6782 9394
15195 2 2 1 1 8875 4698 9144
15196 2 2 1 1 4761 8688 9001
15197 2 2 1 1 6320 7835 8924
15198 2 2 1 1 8821 5124 8838
15199 2 2 1 1 8914 9081 9082
15200 2 2 1 1 4328 4330 8670
15201 2 2 1 1 5338 8658 9407
15202 2 2 1 1 6350 6093 9515
15203 2 2 1 1 1619 691 7370
15204 2 2 1 1 5728 5932 9022
15205 2 2 1 1 316 317 1911
15206 2 2 1 1 1973 6788 9395
15207 2 2 1 1 1911 317 7628
15208 2 2 1 1 3425 3216 9107
15209 2 2 1 1 2034 673 8708
15210 2 2 1 1 7919 5797 9173
15211 2 2 1 1 6917 8208 9059
15212 2 2 1 1 795 1662 7367
15213 2 2 1 1 924 1907 7365
15214 2 2 1 1 1703 164 8701
15215 2 2 1 1 6729 6402 8702
15216 2 2 1 1 5942 5940 5944
15217 2 2 1 1 1053 1638 7362
15218 2 2 1 1 3619 2352 9057
15219 2 2 1 1 7855 7856 8645
15220 2 2 1 1 38 1801 7356
15221 2 2 1 1 313 314 7615
15222 2 2 1 1 314 1782 7615
15223 2 2 1 1 2157 613 7745
15224 2 2 1 1 7021 5399 8940
15225 2 2 1 1 6320 6321 7835
15226 2 2 1 1 5546 8114 8409
15227 2 2 1 1 7940 3583 8755
15228 2 2 1 1 6494 8607 9404
15229 2 2 1 1 3763 3830 9442
15230 2 2 1 1 99 1779 7355
15231 2 2 1 1 2745 2420 9208
15232 2 2 1 1 3562 3838 8583
15233 2 2 1 1 1449 1450 9420
15234 2 2 1 1 4307 7689 9801
15235 2 2 1 1 1908 1060 7366
15236 2 2 1 1 2825 8324 8544
15237 2 2 1 1 3808 3544 8511
15238 2 2 1 1 5677 5679 8572
15239 2 2 1 1 1666 931 7364
15240 2 2 1 1 6237 6238 7512
15241 2 2 1 1 553 2029 6684
15242 2 2 1 1 5124 5122 8838
15243 2 2 1 1 1906 802 7361
15244 2 2 1 1 4811 4809 8839
15245 2 2 1 1 5878 5876 5880
15246 2 2 1 1 290 1789 6690
15247 2 2 1 1 8449 4724 8450
15248 2 2 1 1 6567 6064 9708
15249 2 2 1 1 1545 1544 8842
15250 2 2 1 1 4653 4651 8843
15251 2 2 1 1 6654 6655 8255
15252 2 2 1 1 1491 8313 8813
15253 2 2 1 1 3588 3867 8685
15254 2 2 1 1 2790 2610 9276
15255 2 2 1 1 21 2026 6696
15256 2 2 1 1 6091 6089 8727
15257 2 2 1 1 3968 3970 8616
15258 2 2 1 1 684 1905 7353
15259 2 2 1 1 3579 3908 8663
15260 2 2 1 1 5353 5355 8777
15261 2 2 1 1 503 1761 7349
15262 2 2 1 1 9161 1761 9799
15263 2 2 1 1 4300 8355 8505
15264 2 2 1 1 8313 4875 8813
15265 2 2 1 1 416 1811 6701
15266 2 2 1 1 4765 4764 8908
15267 2 2 1 1 8442 6953 8466
15268 2 2 1 1 6508 5432 9463
15269 2 2 1 1 8740 1547 8986
15270 2 2 1 1 1252 1253 9129
15271 2 2 1 1 2498 7941 8739
15272 2 2 1 1 3410 3240 9320
15273 2 2 1 1 7968 7969 8664
15274 2 2 1 1 434 2143 5635
15275 2 2 1 1 5388 5304 8647
15276 2 2 1 1 8566 6630 9602
15277 2 2 1 1 3680 4449 9006
15278 2 2 1 1 898 2066 6698
15279 2 2 1 1 1147 2028 6699
15280 2 2 1 1 1598 7594 9153
15281 2 2 1 1 5941 5942 5943
15282 2 2 1 1 1492 8813 9485
15283 2 2 1 1 1543 7056 9790
15284 2 2 1 1 5704 5703 8589
15285 2 2 1 1 3961 3964 8799
15286 2 2 1 1 2612 2766 9276
15287 2 2 1 1 4332 4337 8627
15288 2 2 1 1 5977 7419 8972
15289 2 2 1 1 1155 1156 1917
15290 2 2 1 1 699 700 6965
15291 2 2 1 1 4390 4393 8674
15292 2 2 1 1 1171 2059 5645
15293 2 2 1 1 4169 4171 8800
15294 2 2 1 1 6476 5401 9612
15295 2 2 1 1 4863 9076 9328
15296 2 2 1 1 1158 1159 6937
15297 2 2 1 1 696 697 1983
15298 2 2 1 1 8838 5122 8866
15299 2 2 1 1 2358 3630 9318
15300 2 2 1 1 8494 4052 8507
15301 2 2 1 1 5077 5076 8884
15302 2 2 1 1 6535 1447 9777
15303 2 2 1 1 6049 5853 6050
15304 2 2 1 1 777 778 7602
15305 2 2 1 1 1077 1078 6945
15306 2 2 1 1 1155 1917 8352
15307 2 2 1 1 700 1984 6965
15308 2 2 1 1 4868 4869 8888
15309 2 2 1 1 2752 2661 9609
15310 2 2 1 1 2438 2703 9337
15311 2 2 1 1 5687 5693 9252
15312 2 2 1 1 780 781 1654
15313 2 2 1 1 1074 1075 1919
15314 2 2 1 1 1588 1158 6937
15315 2 2 1 1 1983 697 8353
15316 2 2 1 1 2696 2484 9372
15317 2 2 1 1 1431 8329 8446
15318 2 2 1 1 120 1691 6719
15319 2 2 1 1 5877 5878 5879
15320 2 2 1 1 1560 1559 8856
15321 2 2 1 1 4542 8946 9370
15322 2 2 1 1 3242 3436 9320
15323 2 2 1 1 1653 777 7602
15324 2 2 1 1 1078 1982 6945
15325 2 2 1 1 8003 3958 8672
15326 2 2 1 1 783 784 6957
15327 2 2 1 1 1071 1072 6925
15328 2 2 1 1 8406 3846 8997
15329 2 2 1 1 2707 2436 9337
15330 2 2 1 1 9120 5796 9430
15331 2 2 1 1 1965 6811 9419
15332 2 2 1 1 780 1654 7603
15333 2 2 1 1 1919 1075 7600
15334 2 2 1 1 5903 5904 5905
15335 2 2 1 1 786 787 7595
15336 2 2 1 1 1068 1069 6932
15337 2 2 1 1 854 2016 6715
15338 2 2 1 1 2870 2874 9534
15339 2 2 1 1 5894 5895 5896
15340 2 2 1 1 3060 3062 8668
15341 2 2 1 1 7792 8202 8662
15342 2 2 1 1 1112 6585 6714
15343 2 2 1 1 8322 2667 8591
15344 2 2 1 1 8644 2827 9149
15345 2 2 1 1 7799 6917 8816
15346 2 2 1 1 1981 783 6957
15347 2 2 1 1 1072 1635 6925
15348 2 2 1 1 789 790 1923
15349 2 2 1 1 1065 1066 1598
15350 2 2 1 1 2486 2754 9372
15351 2 2 1 1 1214 1888 6720
15352 2 2 1 1 1800 35 5804
15353 2 2 1 1 4492 9035 9531
15354 2 2 1 1 786 7595 7596
15355 2 2 1 1 1069 1856 6932
15356 2 2 1 1 4726 4725 8932
15357 2 2 1 1 8839 4809 8889
15358 2 2 1 1 5703 5701 5705
15359 2 2 1 1 1778 96 5790
15360 2 2 1 1 1663 792 5860
15361 2 2 1 1 789 1923 8356
15362 2 2 1 1 1598 1066 7594
15363 2 2 1 1 8176 7980 9613
15364 2 2 1 1 2009 921 5847
15365 2 2 1 1 3415 3222 9459
15366 2 2 1 1 1637 1050 5830
15367 2 2 1 1 2422 2424 8641
15368 2 2 1 1 6060 6059 6061
15369 2 2 1 1 8588 4316 9033
15370 2 2 1 1 2430 2432 8683
15371 2 2 1 1 5230 5229 8877
15372 2 2 1 1 5122 5120 8866
15373 2 2 1 1 2586 2643 9427
15374 2 2 1 1 6991 1273 9233
15375 2 2 1 1 1762 500 5772
15376 2 2 1 1 6883 6886 6887
15377 2 2 1 1 4336 7324 9729
15378 2 2 1 1 5897 5895 8772
15379 2 2 1 1 1960 6814 9435
15380 2 2 1 1 5399 7021 9241
15381 2 2 1 1 4436 6991 9233
15382 2 2 1 1 3634 2356 9318
15383 2 2 1 1 6320 6317 6321
15384 2 2 1 1 5661 5665 9260
15385 2 2 1 1 7217 7104 9211
15386 2 2 1 1 4684 8469 8686
15387 2 2 1 1 4526 8365 8974
15388 2 2 1 1 5310 8438 8932
15389 2 2 1 1 1179 2011 6737
15390 2 2 1 1 6403 6404 8093
15391 2 2 1 1 2012 681 5791
15392 2 2 1 1 4276 7566 9662
15393 2 2 1 1 3564 6888 8711
15394 2 2 1 1 5271 5270 8876
15395 2 2 1 1 1709 223 7340
15396 2 2 1 1 5702 5703 5704
15397 2 2 1 1 3156 3627 9417
15398 2 2 1 1 146 1992 6746
15399 2 2 1 1 85 1994 6747
15400 2 2 1 1 3958 3960 8672
15401 2 2 1 1 3481 8182 8525
15402 2 2 1 1 7787 3869 8592
15403 2 2 1 1 8891 6568 8996
15404 2 2 1 1 2622 8385 8534
15405 2 2 1 1 483 1988 6754
15406 2 2 1 1 9414 6344 9634
15407 2 2 1 1 9463 1442 9544
15408 2 2 1 1 6345 8727 9016
15409 2 2 1 1 175 1701 7335
15410 2 2 1 1 5286 5285 8878
15411 2 2 1 1 6616 2708 9344
15412 2 2 1 1 670 1614 6743
15413 2 2 1 1 6269 7502 8995
15414 2 2 1 1 8866 5120 8893
15415 2 2 1 1 1039 2000 6751
15416 2 2 1 1 5476 8024 9404
15417 2 2 1 1 6029 6435 9203
15418 2 2 1 1 5800 5803 8890
15419 2 2 1 1 6525 5485 9566
15420 2 2 1 1 7796 3876 8612
15421 2 2 1 1 7121 2980 8625
15422 2 2 1 1 4724 8449 9325
15423 2 2 1 1 766 1995 6757
15424 2 2 1 1 7270 3419 9256
15425 2 2 1 1 7740 2927 8617
15426 2 2 1 1 1452 1451 8883
15427 2 2 1 1 366 367 7561
15428 2 2 1 1 367 1843 7561
15429 2 2 1 1 9450 6336 9520
15430 2 2 1 1 7210 2966 8592
15431 2 2 1 1 4809 4807 8889
15432 2 2 1 1 4094 4859 8922
15433 2 2 1 1 7154 2188 8612
15434 2 2 1 1 5643 6128 6129
15435 2 2 1 1 4958 8794 9012
15436 2 2 1 1 7109 5859 7432
15437 2 2 1 1 6868 6202 9755
15438 2 2 1 1 1369 8782 9025
15439 2 2 1 1 6927 7271 9735
15440 2 2 1 1 2462 2740 9540
15441 2 2 1 1 5886 5885 5887
15442 2 2 1 1 4420 6300 8902
15443 2 2 1 1 9575 6333 9667
15444 2 2 1 1 363 364 1724
15445 2 2 1 1 2726 7710 9532
15446 2 2 1 1 2400 2748 9568
15447 2 2 1 1 1724 364 8371
15448 2 2 1 1 7938 6888 9640
15449 2 2 1 1 6820 4877 9094
15450 2 2 1 1 1608 6119 6963
15451 2 2 1 1 4931 7384 8912
15452 2 2 1 1 2680 7855 8645
15453 2 2 1 1 2820 8030 8082
15454 2 2 1 1 187 1706 6772
15455 2 2 1 1 1700 172 5723
15456 2 2 1 1 1980 6098 6758
15457 2 2 1 1 8274 2677 8519
15458 2 2 1 1 6677 3553 9128
15459 2 2 1 1 6435 7431 8790
15460 2 2 1 1 1463 1462 8892
15461 2 2 1 1 2755 7525 9714
15462 2 2 1 1 5120 5118 8893
15463 2 2 1 1 360 361 6880
15464 2 2 1 1 2663 2704 9609
15465 2 2 1 1 582 1972 6784
15466 2 2 1 1 6951 6961 8466
15467 2 2 1 1 361 2138 6880
15468 2 2 1 1 2406 2751 8624
15469 2 2 1 1 5970 5969 5971
15470 2 2 1 1 731 1686 6777
15471 2 2 1 1 1499 8606 9564
15472 2 2 1 1 7525 2759 9714
15473 2 2 1 1 2005 7144 8287
15474 2 2 1 1 980 1975 6780
15475 2 2 1 1 1439 9566 9665
15476 2 2 1 1 1979 6113 6756
15477 2 2 1 1 1193 1597 7326
15478 2 2 1 1 6670 4081 8984
15479 2 2 1 1 2618 2710 9621
15480 2 2 1 1 3867 7414 8685
15481 2 2 1 1 515 1758 6791
15482 2 2 1 1 6429 6432 9083
15483 2 2 1 1 3797 5680 9405
15484 2 2 1 1 8407 3951 8629
15485 2 2 1 1 8843 4651 8923
15486 2 2 1 1 1935 65 8073
15487 2 2 1 1 357 358 7547
15488 2 2 1 1 50 1804 6794
15489 2 2 1 1 1211 6216 6787
15490 2 2 1 1 7547 358 7553
15491 2 2 1 1 4831 4833 8873
15492 2 2 1 1 5968 5970 5972
15493 2 2 1 1 5836 8011 9764
15494 2 2 1 1 6285 6919 9401
15495 2 2 1 1 4651 4650 8923
15496 2 2 1 1 2390 2755 9714
15497 2 2 1 1 3925 3927 8653
15498 2 2 1 1 662 1611 5683
15499 2 2 1 1 5557 5558 5559
15500 2 2 1 1 5616 5607 8989
15501 2 2 1 1 2759 2388 9714
15502 2 2 1 1 1577 24 7607
15503 2 2 1 1 2770 7962 8778
15504 2 2 1 1 354 355 1974
15505 2 2 1 1 3577 3004 9126
15506 2 2 1 1 1974 355 8378
15507 2 2 1 1 3254 7939 8855
15508 2 2 1 1 5544 5545 5546
15509 2 2 1 1 8889 4807 8935
15510 2 2 1 1 8893 5118 8929
15511 2 2 1 1 5614 7268 9468
15512 2 2 1 1 1354 1355 8906
15513 2 2 1 1 8469 4686 8700
15514 2 2 1 1 4086 7866 7869
15515 2 2 1 1 2683 7968 8664
15516 2 2 1 1 2344 2346 8733
15517 2 2 1 1 702 1622 6798
15518 2 2 1 1 1596 1190 5686
15519 2 2 1 1 8038 7059 8309
15520 2 2 1 1 2308 3633 9764
15521 2 2 1 1 1080 1629 6802
15522 2 2 1 1 369 1962 6806
15523 2 2 1 1 228 1961 6813
15524 2 2 1 1 2480 2482 8738
15525 2 2 1 1 6092 6091 6093
15526 2 2 1 1 936 1966 6804
15527 2 2 1 1 807 1659 6812
15528 2 2 1 1 8068 2852 8398
15529 2 2 1 1 1738 349 7321
15530 2 2 1 1 8642 2711 8985
15531 2 2 1 1 6109 6108 6110
15532 2 2 1 1 7887 2679 8661
15533 2 2 1 1 5295 8068 8472
15534 2 2 1 1 2764 2382 8635
15535 2 2 1 1 7411 4087 8880
15536 2 2 1 1 1694 6843 9473
15537 2 2 1 1 1791 8304 8306
15538 2 2 1 1 1440 9522 9566
15539 2 2 1 1 3564 3086 9640
15540 2 2 1 1 6912 8206 8429
15541 2 2 1 1 5727 5729 5730
15542 2 2 1 1 5485 6549 9665
15543 2 2 1 1 5173 5175 8869
15544 2 2 1 1 5118 5116 8929
15545 2 2 1 1 3612 3887 8634
15546 2 2 1 1 7411 8880 9257
15547 2 2 1 1 5591 8853 9356
15548 2 2 1 1 2496 2498 8739
15549 2 2 1 1 6268 6266 8673
15550 2 2 1 1 547 1750 6819
15551 2 2 1 1 1821 6134 6742
15552 2 2 1 1 968 1903 7313
15553 2 2 1 1 1449 9420 9656
15554 2 2 1 1 1226 2154 7164
15555 2 2 1 1 5808 5809 5810
15556 2 2 1 1 6475 9112 9226
15557 2 2 1 1 1448 9656 9777
15558 2 2 1 1 8071 4851 8567
15559 2 2 1 1 480 6079 6827
15560 2 2 1 1 6421 6423 9082
15561 2 2 1 1 5864 5866 5867
15562 2 2 1 1 2106 6038 6039
15563 2 2 1 1 2019 965 5660
15564 2 2 1 1 7705 6296 9164
15565 2 2 1 1 8324 4218 8544
15566 2 2 1 1 7868 1864 8432
15567 2 2 1 1 8223 5582 8225
15568 2 2 1 1 1904 1016 7314
15569 2 2 1 1 7869 7868 7870
15570 2 2 1 1 2942 2946 8640
15571 2 2 1 1 3186 3457 8651
15572 2 2 1 1 1682 887 8056
15573 2 2 1 1 4807 4805 8935
15574 2 2 1 1 1021 1728 6828
15575 2 2 1 1 5775 5777 9728
15576 2 2 1 1 8641 2711 8642
15577 2 2 1 1 4431 7258 8196
15578 2 2 1 1 758 2074 5711
15579 2 2 1 1 1141 1584 6838
15580 2 2 1 1 5950 5951 5952
15581 2 2 1 1 410 1954 6839
15582 2 2 1 1 269 1723 6840
15583 2 2 1 1 4445 7728 8351
15584 2 2 1 1 6028 8104 8850
15585 2 2 1 1 4595 4597 8753
15586 2 2 1 1 1829 5958 5959
15587 2 2 1 1 3531 7830 8392
15588 2 2 1 1 6334 4998 9298
15589 2 2 1 1 8929 5116 8948
15590 2 2 1 1 9110 6396 9526
15591 2 2 1 1 1901 542 7308
15592 2 2 1 1 5990 1780 5991
15593 2 2 1 1 8883 6334 9298
15594 2 2 1 1 5985 5986 5987
15595 2 2 1 1 2154 1227 9803
15596 2 2 1 1 2804 3650 8706
15597 2 2 1 1 1902 1136 7312
15598 2 2 1 1 4550 4548 8939
15599 2 2 1 1 5015 6850 9731
15600 2 2 1 1 6199 6198 6200
15601 2 2 1 1 5998 5999 6000
15602 2 2 1 1 2927 7351 8617
15603 2 2 1 1 4165 4167 8864
15604 2 2 1 1 2148 5920 5921
15605 2 2 1 1 6011 6012 6013
15606 2 2 1 1 5976 1760 5977
15607 2 2 1 1 5593 5588 9038
15608 2 2 1 1 8598 5164 8787
15609 2 2 1 1 5731 5729 9090
15610 2 2 1 1 1645 6848 9494
15611 2 2 1 1 8023 1532 8961
15612 2 2 1 1 7937 6460 8514
15613 2 2 1 1 4006 4003 8781
15614 2 2 1 1 7669 2198 8632
15615 2 2 1 1 2671 2693 8747
15616 2 2 1 1 7896 2695 8479
15617 2 2 1 1 7899 7900 8871
15618 2 2 1 1 138 2075 5737
15619 2 2 1 1 149 150 8763
15620 2 2 1 1 7819 7820 8106
15621 2 2 1 1 5912 1733 5913
15622 2 2 1 1 6227 6226 6228
15623 2 2 1 1 6654 8255 8664
15624 2 2 1 1 1865 387 8165
15625 2 2 1 1 7047 3634 9318
15626 2 2 1 1 77 2076 5748
15627 2 2 1 1 6265 6702 6703
15628 2 2 1 1 6100 6101 6102
15629 2 2 1 1 6578 5507 9747
15630 2 2 1 1 6115 7259 7260
15631 2 2 1 1 4013 8440 8722
15632 2 2 1 1 6121 6122 6123
15633 2 2 1 1 1597 1194 8157
15634 2 2 1 1 6136 6138 6139
15635 2 2 1 1 5354 5991 7991
15636 2 2 1 1 9470 6476 9612
15637 2 2 1 1 6441 6440 8837
15638 2 2 1 1 5116 5114 8948
15639 2 2 1 1 3652 3068 9718
15640 2 2 1 1 5869 1582 5870
15641 2 2 1 1 4064 6261 9002
15642 2 2 1 1 8935 4805 8978
15643 2 2 1 1 4533 4531 8958
15644 2 2 1 1 1696 5738 5739
15645 2 2 1 1 5018 6652 9606
15646 2 2 1 1 6396 5384 9526
15647 2 2 1 1 848 1604 6849
15648 2 2 1 1 3272 3274 8758
15649 2 2 1 1 5925 1704 5926
15650 2 2 1 1 6156 6157 6158
15651 2 2 1 1 460 2039 8712
15652 2 2 1 1 4622 8050 9744
15653 2 2 1 1 1648 5712 5713
15654 2 2 1 1 1797 475 7305
15655 2 2 1 1 7500 2741 8368
15656 2 2 1 1 5175 5178 8930
15657 2 2 1 1 6654 8664 8665
15658 2 2 1 1 7258 1634 8196
15659 2 2 1 1 6623 5220 9420
15660 2 2 1 1 8941 3621 9092
15661 2 2 1 1 6202 6867 9206
15662 2 2 1 1 407 408 7501
15663 2 2 1 1 2710 9558 9621
15664 2 2 1 1 408 1808 7501
15665 2 2 1 1 4095 5496 8991
15666 2 2 1 1 8067 7887 8661
15667 2 2 1 1 6506 8269 8297
15668 2 2 1 1 8837 6077 9767
15669 2 2 1 1 56 2038 8709
15670 2 2 1 1 2103 6034 6035
15671 2 2 1 1 8948 5114 8976
15672 2 2 1 1 1208 5978 6854
15673 2 2 1 1 1312 8806 9387
15674 2 2 1 1 7261 4966 9734
15675 2 2 1 1 6508 9463 9544
15676 2 2 1 1 9125 6605 9654
15677 2 2 1 1 4935 4233 8992
15678 2 2 1 1 5887 6142 6143
15679 2 2 1 1 404 405 1810
15680 2 2 1 1 5588 5593 8175
15681 2 2 1 1 1591 5646 5647
15682 2 2 1 1 1810 405 7503
15683 2 2 1 1 1840 5636 5637
15684 2 2 1 1 2342 2344 8762
15685 2 2 1 1 114 1945 6865
15686 2 2 1 1 7754 2129 8260
15687 2 2 1 1 6235 6233 6236
15688 2 2 1 1 1325 8253 8639
15689 2 2 1 1 3650 6990 9358
15690 2 2 1 1 2027 131 5539
15691 2 2 1 1 4980 8213 8500
15692 2 2 1 1 5581 3667 9543
15693 2 2 1 1 8806 4888 9387
15694 2 2 1 1 8329 4558 8446
15695 2 2 1 1 6187 6185 6188
15696 2 2 1 1 4207 7712 8532
15697 2 2 1 1 8404 3060 8668
15698 2 2 1 1 6346 6345 9131
15699 2 2 1 1 401 402 6869
15700 2 2 1 1 402 2140 6869
15701 2 2 1 1 1784 5621 5622
15702 2 2 1 1 9522 6525 9566
15703 2 2 1 1 3761 5407 9321
15704 2 2 1 1 310 1783 6967
15705 2 2 1 1 328 1744 7719
15706 2 2 1 1 1690 117 6194
15707 2 2 1 1 6403 6402 6404
15708 2 2 1 1 6378 6291 6379
15709 2 2 1 1 1809 413 6262
15710 2 2 1 1 9117 2809 9642
15711 2 2 1 1 2064 18 6279
15712 2 2 1 1 5114 5112 8976
15713 2 2 1 1 8671 6143 9019
15714 2 2 1 1 1790 287 6292
15715 2 2 1 1 4805 4803 8978
15716 2 2 1 1 2060 550 6322
15717 2 2 1 1 6355 6356 6357
15718 2 2 1 1 3352 3354 8783
15719 2 2 1 1 8027 1315 8586
15720 2 2 1 1 3633 5836 9764
15721 2 2 1 1 2717 2743 8690
15722 2 2 1 1 3539 3540 8192
15723 2 2 1 1 5633 5632 7556
15724 2 2 1 1 398 399 7488
15725 2 2 1 1 3595 2230 9553
15726 2 2 1 1 7488 399 8414
15727 2 2 1 1 4442 4743 8849
15728 2 2 1 1 1824 372 6370
15729 2 2 1 1 5971 6285 6286
15730 2 2 1 1 6081 4245 7556
15731 2 2 1 1 2698 7854 9397
15732 2 2 1 1 2091 143 6087
15733 2 2 1 1 2092 82 6084
15734 2 2 1 1 2070 851 6222
15735 2 2 1 1 2069 1109 6230
15736 2 2 1 1 3818 3817 9806
15737 2 2 1 1 6575 6576 9474
15738 2 2 1 1 7788 3885 8625
15739 2 2 1 1 6953 6951 8466
15740 2 2 1 1 1713 211 6782
15741 2 2 1 1 1964 33 6795
15742 2 2 1 1 1967 94 6796
15743 2 2 1 1 6409 6410 6411
15744 2 2 1 1 1963 498 6797
15745 2 2 1 1 6429 6430 6431
15746 2 2 1 1 15 1844 7827
15747 2 2 1 1 1605 5562 5563
15748 2 2 1 1 6286 7270 9256
15749 2 2 1 1 2080 1176 6160
15750 2 2 1 1 1742 337 6771
15751 2 2 1 1 2063 1144 6288
15752 2 2 1 1 1717 246 6440
15753 2 2 1 1 5083 6860 9625
15754 2 2 1 1 2062 895 6301
15755 2 2 1 1 1960 170 6814
15756 2 2 1 1 2132 5533 5534
15757 2 2 1 1 1756 524 6766
15758 2 2 1 1 1874 273 8840
15759 2 2 1 1 1794 463 6761
15760 2 2 1 1 8153 7901 9582
15761 2 2 1 1 6151 4299 9009
15762 2 2 1 1 1806 59 6759
15763 2 2 1 1 2049 53 6491
15764 2 2 1 1 6457 6456 6458
15765 2 2 1 1 7962 8716 9615
15766 2 2 1 1 395 396 1925
15767 2 2 1 1 1613 667 6140
15768 2 2 1 1 2048 457 6497
15769 2 2 1 1 1990 252 6755
15770 2 2 1 1 2047 518 6509
15771 2 2 1 1 1547 1548 8986
15772 2 2 1 1 6545 6546 6547
15773 2 2 1 1 892 1820 7812
15774 2 2 1 1 2090 763 6104
15775 2 2 1 1 1899 264 7292
15776 2 2 1 1 1832 585 6536
15777 2 2 1 1 6196 1968 6719
15778 2 2 1 1 2003 378 6742
15779 2 2 1 1 2054 810 6398
15780 2 2 1 1 1667 939 6413
15781 2 2 1 1 1969 775 6801
15782 2 2 1 1 1973 644 6788
15783 2 2 1 1 1671 919 6803
15784 2 2 1 1 1965 1048 6811
15785 2 2 1 1 1925 396 8417
15786 2 2 1 1 1711 5938 5939
15787 2 2 1 1 1616 679 6816
15788 2 2 1 1 1976 1004 6781
15789 2 2 1 1 1684 875 6779
15790 2 2 1 1 4007 4006 8891
15791 2 2 1 1 1694 129 6843
15792 2 2 1 1 1977 1124 6774
15793 2 2 1 1 2045 331 6559
15794 2 2 1 1 6468 6470 8274
15795 2 2 1 1 1086 2036 8699
15796 2 2 1 1 2052 1083 6450
15797 2 2 1 1 2051 705 6480
15798 2 2 1 1 5630 1590 5631
15799 2 2 1 1 6093 6345 6346
15800 2 2 1 1 3882 5638 8931
15801 2 2 1 1 1705 184 5965
15802 2 2 1 1 8976 5112 9015
15803 2 2 1 1 1958 1188 6823
15804 2 2 1 1 7802 3884 8632
15805 2 2 1 1 1675 963 6836
15806 2 2 1 1 1354 8906 9110
15807 2 2 1 1 2102 579 5936
15808 2 2 1 1 1624 711 6758
15809 2 2 1 1 1631 1089 6756
15810 2 2 1 1 1857 6870 6871
15811 2 2 1 1 1971 6154 6735
15812 2 2 1 1 1748 556 6735
15813 2 2 1 1 6605 6287 9654
15814 2 2 1 1 7051 1814 7052
15815 2 2 1 1 1657 816 6748
15816 2 2 1 1 2013 293 6733
15817 2 2 1 1 1687 728 6019
15818 2 2 1 1 9641 5203 9690
15819 2 2 1 1 2127 5633 5634
15820 2 2 1 1 1106 1828 7913
15821 2 2 1 1 2098 977 6006
15822 2 2 1 1 1759 512 5908
15823 2 2 1 1 451 1871 7989
15824 2 2 1 1 6617 6044 9793
15825 2 2 1 1 4759 4761 9001
15826 2 2 1 1 4181 4342 8874
15827 2 2 1 1 134 1897 7288
15828 2 2 1 1 4316 6284 9033
15829 2 2 1 1 1803 47 5907
15830 2 2 1 1 7800 1252 9129
15831 2 2 1 1 2474 2476 8773
15832 2 2 1 1 73 1898 7319
15833 2 2 1 1 1727 5674 5675
15834 2 2 1 1 4482 4479 9005
15835 2 2 1 1 2014 419 6723
15836 2 2 1 1 2030 751 5552
15837 2 2 1 1 1645 749 6848
15838 2 2 1 1 1813 425 6973
15839 2 2 1 1 2044 734 6592
15840 2 2 1 1 6612 6535 9777
15841 2 2 1 1 6589 6547 8692
15842 2 2 1 1 7230 5825 9000
15843 2 2 1 1 7759 2821 8439
15844 2 2 1 1 6588 6547 6589
15845 2 2 1 1 7676 6310 9103
15846 2 2 1 1 8978 4803 9042
15847 2 2 1 1 8855 5731 9090
15848 2 2 1 1 813 2035 8696
15849 2 2 1 1 1788 6166 6733
15850 2 2 1 1 1586 1150 6734
15851 2 2 1 1 1173 1592 6995
15852 2 2 1 1 7839 3399 8376
15853 2 2 1 1 1023 1024 9582
15854 2 2 1 1 5749 2076 5750
15855 2 2 1 1 1786 299 6994
15856 2 2 1 1 4962 4958 9012
15857 2 2 1 1 6410 6408 6412
15858 2 2 1 1 1305 1306 9010
15859 2 2 1 1 2110 693 5881
15860 2 2 1 1 1943 562 6997
15861 2 2 1 1 8665 7969 9675
15862 2 2 1 1 2120 225 5757
15863 2 2 1 1 5112 5110 9015
15864 2 2 1 1 5130 8374 9703
15865 2 2 1 1 1837 1062 5854
15866 2 2 1 1 2112 933 5837
15867 2 2 1 1 1660 804 5819
15868 2 2 1 1 7063 6651 9495
15869 2 2 1 1 2120 5758 5759
15870 2 2 1 1 1589 1162 6977
15871 2 2 1 1 8017 1868 8698
15872 2 2 1 1 6729 8702 8928
15873 2 2 1 1 9566 5485 9665
15874 2 2 1 1 4155 8259 9701
15875 2 2 1 1 1323 1324 9023
15876 2 2 1 1 2021 123 6704
15877 2 2 1 1 2125 351 5682
15878 2 2 1 1 2032 743 6712
15879 2 2 1 1 7805 8172 8827
15880 2 2 1 1 1740 5874 5875
15881 2 2 1 1 1368 1369 9025
15882 2 2 1 1 1660 5820 5821
15883 2 2 1 1 2112 5838 5839
15884 2 2 1 1 2136 6933 6934
15885 2 2 1 1 6958 1859 6959
15886 2 2 1 1 1258 1259 9391
15887 2 2 1 1 1602 857 6707
15888 2 2 1 1 2089 5900 5901
15889 2 2 1 1 1681 5890 5891
15890 2 2 1 1 6938 1918 6939
15891 2 2 1 1 5365 5275 9028
15892 2 2 1 1 1776 88 6639
15893 2 2 1 1 1751 544 5650
15894 2 2 1 1 8939 4548 9079
15895 2 2 1 1 6269 6268 6270
15896 2 2 1 1 2452 2454 8771
15897 2 2 1 1 1764 492 6646
15898 2 2 1 1 2677 7926 8519
15899 2 2 1 1 1549 1548 9032
15900 2 2 1 1 1480 1479 9034
15901 2 2 1 1 140 1697 7038
15902 2 2 1 1 2127 477 5632
15903 2 2 1 1 664 1940 7022
15904 2 2 1 1 79 1773 7041
15905 2 2 1 1 453 454 9595
15906 2 2 1 1 8614 4165 8864
15907 2 2 1 1 1781 6890 6891
15908 2 2 1 1 5798 8890 9393
15909 2 2 1 1 1651 769 6642
15910 2 2 1 1 1720 258 7042
15911 2 2 1 1 1727 1018 5673
15912 2 2 1 1 889 1860 8055
15913 2 2 1 1 9015 5110 9051
15914 2 2 1 1 1583 1138 5653
15915 2 2 1 1 4600 8533 8579
15916 2 2 1 1 3258 3260 8784
15917 2 2 1 1 12 1878 7053
15918 2 2 1 1 1607 837 7028
15919 2 2 1 1 9298 4998 9509
15920 2 2 1 1 1939 1095 7029
15921 2 2 1 1 760 1649 7030
15922 2 2 1 1 2081 5814 5815
15923 2 2 1 1 6391 6390 6392
15924 2 2 1 1 1938 717 7034
15925 2 2 1 1 1722 266 5583
15926 2 2 1 1 2696 7634 9088
15927 2 2 1 1 3132 3134 8808
15928 2 2 1 1 1452 8883 9298
15929 2 2 1 1 4803 4801 9042
15930 2 2 1 1 5661 1676 5662
15931 2 2 1 1 2067 957 6697
15932 2 2 1 1 8007 6403 8093
15933 2 2 1 1 1934 469 7058
15934 2 2 1 1 4241 7859 8525
15935 2 2 1 1 6608 4883 9421
15936 2 2 1 1 1970 6177 6734
15937 2 2 1 1 1627 723 8085
15938 2 2 1 1 8355 4194 9031
15939 2 2 1 1 754 1896 7281
15940 2 2 1 1 5284 6853 9047
15941 2 2 1 1 5687 2123 5688
15942 2 2 1 1 1753 536 7066
15943 2 2 1 1 8807 1553 9572
15944 2 2 1 1 4524 4526 8974
15945 2 2 1 1 1594 1182 6687
15946 2 2 1 1 2176 7233 9403
15947 2 2 1 1 8856 1559 9408
15948 2 2 1 1 2232 7750 9554
15949 2 2 1 1 8302 8303 8304
15950 2 2 1 1 2691 7927 8870
15951 2 2 1 1 2132 392 5532
15952 2 2 1 1 4732 4734 9049
15953 2 2 1 1 5110 5108 9051
15954 2 2 1 1 4973 4975 8964
15955 2 2 1 1 1634 1101 8091
15956 2 2 1 1 1288 8779 9745
15957 2 2 1 1 1931 343 7074
15958 2 2 1 1 1817 390 7278
15959 2 2 1 1 2788 7626 8587
15960 2 2 1 1 972 2087 5898
15961 2 2 1 1 6672 6411 6673
15962 2 2 1 1 7960 9090 9672
15963 2 2 1 1 1895 843 7279
15964 2 2 1 1 5987 5988 9424
15965 2 2 1 1 4330 8481 8670
15966 2 2 1 1 111 112 7443
15967 2 2 1 1 2832 8874 9281
15968 2 2 1 1 725 1933 8084
15969 2 2 1 1 5027 5025 8867
15970 2 2 1 1 7154 8612 8748
15971 2 2 1 1 1822 384 8541
15972 2 2 1 1 1103 1861 8090
15973 2 2 1 1 2128 7767 9383
15974 2 2 1 1 1605 845 5561
15975 2 2 1 1 1581 1130 7071
15976 2 2 1 1 7844 2584 9427
15977 2 2 1 1 3437 7795 8164
15978 2 2 1 1 5792 1617 5793
15979 2 2 1 1 181 1928 7089
15980 2 2 1 1 1930 881 7075
15981 2 2 1 1 974 1678 7076
15982 2 2 1 1 1726 1010 7077
15983 2 2 1 1 7715 8241 8477
15984 2 2 1 1 9526 5384 9697
15985 2 2 1 1 6342 6123 6343
15986 2 2 1 1 5848 1670 5849
15987 2 2 1 1 8469 3502 8686
15988 2 2 1 1 5798 5800 8890
15989 2 2 1 1 1924 217 7092
15990 2 2 1 1 108 109 1692
15991 2 2 1 1 6224 1603 6715
15992 2 2 1 1 576 1830 7094
15993 2 2 1 1 8481 4332 8627
15994 2 2 1 1 4548 4547 9079
15995 2 2 1 1 4827 8728 8828
15996 2 2 1 1 1205 5577 7088
15997 2 2 1 1 1734 650 7087
15998 2 2 1 1 6228 6650 6651
15999 2 2 1 1 4490 5516 9478
16000 2 2 1 1 448 449 1768
16001 2 2 1 1 6232 1827 6714
16002 2 2 1 1 1448 1449 9656
16003 2 2 1 1 1784 307 5620
16004 2 2 1 1 509 1910 7097
16005 2 2 1 1 7927 7899 8870
16006 2 2 1 1 9042 4801 9086
16007 2 2 1 1 8550 4395 8559
16008 2 2 1 1 6630 6645 9602
16009 2 2 1 1 3144 3146 8824
16010 2 2 1 1 105 1890 7099
16011 2 2 1 1 44 1909 7101
16012 2 2 1 1 3833 3834 9788
16013 2 2 1 1 1812 6184 6723
16014 2 2 1 1 7666 8225 9543
16015 2 2 1 1 5108 5107 9095
16016 2 2 1 1 445 446 7433
16017 2 2 1 1 6059 6058 9027
16018 2 2 1 1 6838 1584 9454
16019 2 2 1 1 7243 1463 8892
16020 2 2 1 1 2080 6161 6162
16021 2 2 1 1 1680 7866 7867
16022 2 2 1 1 8215 8214 8216
16023 2 2 1 1 6079 6081 6827
16024 2 2 1 1 615 2155 9688
16025 2 2 1 1 4157 8743 8774
16026 2 2 1 1 3224 7834 9459
16027 2 2 1 1 3232 3234 8831
16028 2 2 1 1 6338 5867 6339
16029 2 2 1 1 1801 39 7119
16030 2 2 1 1 8793 6380 8926
16031 2 2 1 1 1779 100 7122
16032 2 2 1 1 1840 433 5635
16033 2 2 1 1 6458 8403 9810
16034 2 2 1 1 8452 6332 8882
16035 2 2 1 1 2043 427 5627
16036 2 2 1 1 690 1619 7102
16037 2 2 1 1 7091 4896 9784
16038 2 2 1 1 442 443 1932
16039 2 2 1 1 1203 1852 5919
16040 2 2 1 1 6446 6445 8263
16041 2 2 1 1 1761 504 7127
16042 2 2 1 1 7469 4358 8907
16043 2 2 1 1 1662 796 7105
16044 2 2 1 1 1059 1908 7106
16045 2 2 1 1 112 1689 7443
16046 2 2 1 1 1907 925 7110
16047 2 2 1 1 930 1666 7111
16048 2 2 1 1 1638 1054 7112
16049 2 2 1 1 801 1906 7114
16050 2 2 1 1 6404 6729 6730
16051 2 2 1 1 6591 8781 9510
16052 2 2 1 1 1591 1170 5645
16053 2 2 1 1 1905 685 7125
16054 2 2 1 1 7933 8408 9204
16055 2 2 1 1 439 440 7012
16056 2 2 1 1 6575 5810 6576
16057 2 2 1 1 222 1709 7132
16058 2 2 1 1 7298 5765 7755
16059 2 2 1 1 1633 5707 5708
16060 2 2 1 1 2073 5699 5700
16061 2 2 1 1 179 1704 5924
16062 2 2 1 1 3142 3144 8832
16063 2 2 1 1 1701 176 7138
16064 2 2 1 1 3908 8028 8663
16065 2 2 1 1 7338 9018 9019
16066 2 2 1 1 4883 8655 9421
16067 2 2 1 1 6936 9097 9722
16068 2 2 1 1 1692 109 8434
16069 2 2 1 1 6053 1807 6054
16070 2 2 1 1 9224 5002 9694
16071 2 2 1 1 4533 8958 9332
16072 2 2 1 1 7259 2860 8487
16073 2 2 1 1 4801 4799 9086
16074 2 2 1 1 4088 4493 9092
16075 2 2 1 1 436 437 1766
16076 2 2 1 1 1834 8060 8062
16077 2 2 1 1 8132 8131 8133
16078 2 2 1 1 6933 6930 7521
16079 2 2 1 1 1768 449 8437
16080 2 2 1 1 2050 1164 5629
16081 2 2 1 1 6067 2093 6068
16082 2 2 1 1 9334 4700 9575
16083 2 2 1 1 6249 4717 9118
16084 2 2 1 1 348 1738 7148
16085 2 2 1 1 6361 7967 8920
16086 2 2 1 1 2278 2280 8814
16087 2 2 1 1 1487 1486 9654
16088 2 2 1 1 2147 661 5683
16089 2 2 1 1 6573 7090 9760
16090 2 2 1 1 8503 2854 8638
16091 2 2 1 1 2064 6280 6281
16092 2 2 1 1 4919 8041 9680
16093 2 2 1 1 4522 4524 9632
16094 2 2 1 1 541 1901 7166
16095 2 2 1 1 8060 8059 8061
16096 2 2 1 1 1493 1492 9485
16097 2 2 1 1 1469 1468 9694
16098 2 2 1 1 2062 6302 6303
16099 2 2 1 1 9052 6821 9145
16100 2 2 1 1 1790 6293 6294
16101 2 2 1 1 446 2141 7433
16102 2 2 1 1 4465 6605 9125
16103 2 2 1 1 1696 137 5737
16104 2 2 1 1 9051 5108 9095
16105 2 2 1 1 8016 8015 8017
16106 2 2 1 1 1772 76 5748
16107 2 2 1 1 1353 1354 9110
16108 2 2 1 1 8842 1544 9790
16109 2 2 1 1 1015 1904 7156
16110 2 2 1 1 1648 757 5711
16111 2 2 1 1 1903 969 7157
16112 2 2 1 1 886 1682 7158
16113 2 2 1 1 8479 2695 8589
16114 2 2 1 1 1889 6438 9479
16115 2 2 1 1 3080 3529 8750
16116 2 2 1 1 1135 1902 7165
16117 2 2 1 1 474 1797 7175
16118 2 2 1 1 5218 5217 9139
16119 2 2 1 1 7866 7865 7868
16120 2 2 1 1 574 2095 5957
16121 2 2 1 1 4090 4488 9085
16122 2 2 1 1 6911 1914 6912
16123 2 2 1 1 8813 4874 9485
16124 2 2 1 1 3082 3084 8836
16125 2 2 1 1 8618 2332 8626
16126 2 2 1 1 7727 5971 9256
16127 2 2 1 1 4061 4059 9678
16128 2 2 1 1 8533 4649 8844
16129 2 2 1 1 6537 5004 8820
16130 2 2 1 1 1862 6905 6906
16131 2 2 1 1 4724 7325 8450
16132 2 2 1 1 3088 7938 9640
16133 2 2 1 1 1026 8694 9706
16134 2 2 1 1 1824 6371 6372
16135 2 2 1 1 1932 443 7434
16136 2 2 1 1 386 1865 8862
16137 2 2 1 1 9086 4799 9147
16138 2 2 1 1 4698 6254 9144
16139 2 2 1 1 5415 5416 8785
16140 2 2 1 1 2826 8560 8964
16141 2 2 1 1 5578 1732 5579
16142 2 2 1 1 2057 301 5639
16143 2 2 1 1 1667 6414 6415
16144 2 2 1 1 263 1899 7180
16145 2 2 1 1 1324 8639 9023
16146 2 2 1 1 8036 6172 9788
16147 2 2 1 1 8963 5888 9166
16148 2 2 1 1 6467 8552 8608
16149 2 2 1 1 5449 8406 8997
16150 2 2 1 1 7969 2680 8645
16151 2 2 1 1 8265 4422 8905
16152 2 2 1 1 8560 4973 8964
16153 2 2 1 1 7703 7702 7704
16154 2 2 1 1 7764 4637 9780
16155 2 2 1 1 3260 3262 8835
16156 2 2 1 1 5777 8346 8455
16157 2 2 1 1 7875 3444 8529
16158 2 2 1 1 2051 6481 6482
16159 2 2 1 1 1717 6441 6443
16160 2 2 1 1 4518 4520 8956
16161 2 2 1 1 4045 4048 8913
16162 2 2 1 1 1898 74 7183
16163 2 2 1 1 1897 135 7192
16164 2 2 1 1 5942 9574 9633
16165 2 2 1 1 7155 7154 8748
16166 2 2 1 1 440 1765 7012
16167 2 2 1 1 1745 564 5644
16168 2 2 1 1 5800 5801 5802
16169 2 2 1 1 5537 5538 9346
16170 2 2 1 1 2047 6510 6511
16171 2 2 1 1 4962 9012 9359
16172 2 2 1 1 1917 8349 8350
16173 2 2 1 1 7732 9249 9441
16174 2 2 1 1 4755 6163 8022
16175 2 2 1 1 8986 1548 9385
16176 2 2 1 1 9146 8766 9215
16177 2 2 1 1 389 1817 8166
16178 2 2 1 1 4291 8658 8666
16179 2 2 1 1 1832 6537 6538
16180 2 2 1 1 4393 8550 8674
16181 2 2 1 1 2679 7819 8661
16182 2 2 1 1 8460 6212 9416
16183 2 2 1 1 2045 6560 6561
16184 2 2 1 1 8615 3605 8851
16185 2 2 1 1 2044 6716 6717
16186 2 2 1 1 8644 4181 8874
16187 2 2 1 1 7708 3457 8846
16188 2 2 1 1 722 1627 7200
16189 2 2 1 1 1766 437 7422
16190 2 2 1 1 507 1760 5975
16191 2 2 1 1 1100 1634 7205
16192 2 2 1 1 2348 2350 8851
16193 2 2 1 1 842 1895 7206
16194 2 2 1 1 430 1893 7256
16195 2 2 1 1 1896 755 7203
16196 2 2 1 1 2057 5640 5641
16197 2 2 1 1 1677 971 5898
16198 2 2 1 1 5671 5670 5672
16199 2 2 1 1 6564 9254 9255
16200 2 2 1 1 5734 1946 5736
16201 2 2 1 1 6264 1959 6701
16202 2 2 1 1 8350 8351 9290
16203 2 2 1 1 1368 9025 9381
16204 2 2 1 1 4799 4797 9147
16205 2 2 1 1 5930 7537 9213
16206 2 2 1 1 9100 5817 9436
16207 2 2 1 1 3252 3254 8855
16208 2 2 1 1 1894 305 7257
16209 2 2 1 1 8359 3528 8365
16210 2 2 1 1 7327 6309 8125
16211 2 2 1 1 1574 6 9557
16212 2 2 1 1 3014 7765 9523
16213 2 2 1 1 4998 6567 9509
16214 2 2 1 1 7392 5802 9671
16215 2 2 1 1 2118 178 5924
16216 2 2 1 1 3923 8239 9190
16217 2 2 1 1 6391 7819 8106
16218 2 2 1 1 7879 2119 8211
16219 2 2 1 1 5850 5849 8081
16220 2 2 1 1 4448 4183 9196
16221 2 2 1 1 4773 4772 8868
16222 2 2 1 1 5918 9008 9341
16223 2 2 1 1 1644 6241 6712
16224 2 2 1 1 2148 1202 5919
16225 2 2 1 1 103 1780 5989
16226 2 2 1 1 3689 3687 9738
16227 2 2 1 1 7006 7005 7007
16228 2 2 1 1 8258 4079 8845
16229 2 2 1 1 8442 2698 9397
16230 2 2 1 1 4214 4216 8901
16231 2 2 1 1 4229 4227 8770
16232 2 2 1 1 5584 2025 5585
16233 2 2 1 1 1829 573 5957
16234 2 2 1 1 42 1802 5992
16235 2 2 1 1 5009 5011 9539
16236 2 2 1 1 2695 7973 8589
16237 2 2 1 1 1167 1892 7253
16238 2 2 1 1 6026 6029 8776
16239 2 2 1 1 6312 2061 6313
16240 2 2 1 1 6145 1283 9165
16241 2 2 1 1 1651 6643 6644
16242 2 2 1 1 2150 6518 9449
16243 2 2 1 1 7013 1765 7014
16244 2 2 1 1 304 1894 7234
16245 2 2 1 1 688 2101 5993
16246 2 2 1 1 2109 506 5975
16247 2 2 1 1 1323 9023 9429
16248 2 2 1 1 1250 1251 9054
16249 2 2 1 1 1764 6647 6648
16250 2 2 1 1 1893 431 7235
16251 2 2 1 1 2765 6512 9461
16252 2 2 1 1 8494 6252 9431
16253 2 2 1 1 1517 1516 9177
16254 2 2 1 1 2108 102 5989
16255 2 2 1 1 7220 4544 8915
16256 2 2 1 1 7294 4457 9303
16257 2 2 1 1 4597 8579 8753
16258 2 2 1 1 2107 41 5992
16259 2 2 1 1 9147 4797 9214
16260 2 2 1 1 1879 8135 8413
16261 2 2 1 1 5384 6550 9697
16262 2 2 1 1 6484 9267 9268
16263 2 2 1 1 8882 4862 9720
16264 2 2 1 1 5198 5200 8981
16265 2 2 1 1 1794 6762 6763
16266 2 2 1 1 1756 6767 6768
16267 2 2 1 1 9539 5011 9556
16268 2 2 1 1 1566 1567 9747
16269 2 2 1 1 1594 6688 6689
16270 2 2 1 1 6294 6296 8797
16271 2 2 1 1 1958 6824 6825
16272 2 2 1 1 1892 1168 7238
16273 2 2 1 1 1618 687 5993
16274 2 2 1 1 5011 5013 9556
16275 2 2 1 1 8433 5040 9460
16276 2 2 1 1 8333 7924 9192
16277 2 2 1 1 2476 8526 8773
16278 2 2 1 1 4732 9049 9374
16279 2 2 1 1 5107 6623 9232
16280 2 2 1 1 5654 2020 5655
16281 2 2 1 1 8267 7769 9586
16282 2 2 1 1 1529 4912 9193
16283 2 2 1 1 2710 7392 9558
16284 2 2 1 1 4087 7035 8880
16285 2 2 1 1 1057 1643 6037
16286 2 2 1 1 2106 1056 6037
16287 2 2 1 1 588 1838 6662
16288 2 2 1 1 8602 1249 9182
16289 2 2 1 1 4759 9001 9451
16290 2 2 1 1 1025 1026 9706
16291 2 2 1 1 7388 1270 9205
16292 2 2 1 1 6463 1652 6464
16293 2 2 1 1 1278 1279 9493
16294 2 2 1 1 9104 4512 9415
16295 2 2 1 1 1581 7072 7073
16296 2 2 1 1 7190 8491 8515
16297 2 2 1 1 6968 1783 6969
16298 2 2 1 1 7260 7259 8487
16299 2 2 1 1 6273 7507 9456
16300 2 2 1 1 6866 1945 6867
16301 2 2 1 1 9556 5013 9569
16302 2 2 1 1 8173 1737 8174
16303 2 2 1 1 5013 5016 9569
16304 2 2 1 1 1839 638 8725
16305 2 2 1 1 7107 1908 7108
16306 2 2 1 1 6190 7885 8860
16307 2 2 1 1 5261 5260 9239
16308 2 2 1 1 8487 2278 8814
16309 2 2 1 1 1287 1286 9212
16310 2 2 1 1 1779 7217 7218
16311 2 2 1 1 5886 5888 9558
16312 2 2 1 1 7506 5802 9504
16313 2 2 1 1 4797 4795 9214
16314 2 2 1 1 6829 1728 6830
16315 2 2 1 1 7130 5015 9731
16316 2 2 1 1 7885 5558 8860
16317 2 2 1 1 9656 6612 9777
16318 2 2 1 1 7159 1682 7160
16319 2 2 1 1 6290 1585 6699
16320 2 2 1 1 5888 8963 9621
16321 2 2 1 1 6652 5465 9696
16322 2 2 1 1 8535 5963 9060
16323 2 2 1 1 4928 4927 9191
16324 2 2 1 1 1441 9463 9522
16325 2 2 1 1 6051 5853 9704
16326 2 2 1 1 5912 5915 9453
16327 2 2 1 1 5029 5027 9024
16328 2 2 1 1 8225 2788 8587
16329 2 2 1 1 1898 7184 7185
16330 2 2 1 1 4888 6573 9387
16331 2 2 1 1 5507 6572 9802
16332 2 2 1 1 7612 4468 9809
16333 2 2 1 1 6375 9270 9271
16334 2 2 1 1 4863 6675 9076
16335 2 2 1 1 6928 6930 8421
16336 2 2 1 1 6594 1579 6595
16337 2 2 1 1 4971 8560 9117
16338 2 2 1 1 2704 8322 8633
16339 2 2 1 1 6907 6908 8361
16340 2 2 1 1 6744 1614 6745
16341 2 2 1 1 9569 5016 9588
16342 2 2 1 1 6599 2041 6600
16343 2 2 1 1 5016 5018 9588
16344 2 2 1 1 2300 2302 8881
16345 2 2 1 1 4057 4060 8973
16346 2 2 1 1 1693 6258 6704
16347 2 2 1 1 1273 1274 9233
16348 2 2 1 1 9232 6623 9420
16349 2 2 1 1 7369 4038 8971
16350 2 2 1 1 6215 4699 9304
16351 2 2 1 1 2073 839 5698
16352 2 2 1 1 4547 6381 9299
16353 2 2 1 1 8438 4726 8932
16354 2 2 1 1 6721 1888 6722
16355 2 2 1 1 5348 8440 9176
16356 2 2 1 1 1633 1097 5706
16357 2 2 1 1 2030 5553 5554
16358 2 2 1 1 5170 5173 9151
16359 2 2 1 1 6298 9066 9417
16360 2 2 1 1 1305 9010 9611
16361 2 2 1 1 6324 1749 6684
16362 2 2 1 1 9214 4795 9323
16363 2 2 1 1 6637 2037 6638
16364 2 2 1 1 8006 5974 9686
16365 2 2 1 1 1626 719 5732
16366 2 2 1 1 8011 2306 9764
16367 2 2 1 1 9588 5018 9606
16368 2 2 1 1 8089 5314 8728
16369 2 2 1 1 67 68 1774
16370 2 2 1 1 5802 5801 9504
16371 2 2 1 1 4702 8470 8724
16372 2 2 1 1 6691 1789 6692
16373 2 2 1 1 6925 6928 6944
16374 2 2 1 1 7260 8487 8814
16375 2 2 1 1 6667 1823 6668
16376 2 2 1 1 9696 5465 9715
16377 2 2 1 1 5343 8610 9815
16378 2 2 1 1 70 71 7317
16379 2 2 1 1 1480 9034 9638
16380 2 2 1 1 5697 8223 8225
16381 2 2 1 1 5855 2135 5856
16382 2 2 1 1 454 1793 9595
16383 2 2 1 1 6297 9288 9289
16384 2 2 1 1 2027 5540 5541
16385 2 2 1 1 9463 5432 9522
16386 2 2 1 1 1453 1452 9298
16387 2 2 1 1 6325 6686 9052
16388 2 2 1 1 7872 5057 9685
16389 2 2 1 1 1443 1444 9501
16390 2 2 1 1 5589 5591 9645
16391 2 2 1 1 5882 1620 5883
16392 2 2 1 1 7190 7191 8491
16393 2 2 1 1 5766 7298 7299
16394 2 2 1 1 5465 6578 9715
16395 2 2 1 1 2078 260 5767
16396 2 2 1 1 4731 4732 9374
16397 2 2 1 1 4795 4792 9323
16398 2 2 1 1 8716 9146 9215
16399 2 2 1 1 8133 1655 8717
16400 2 2 1 1 1353 9110 9526
16401 2 2 1 1 4535 4533 9332
16402 2 2 1 1 3457 3188 8846
16403 2 2 1 1 1435 1436 9793
16404 2 2 1 1 4348 8495 9384
16405 2 2 1 1 6444 6442 6445
16406 2 2 1 1 1281 1282 9343
16407 2 2 1 1 9606 6652 9696
16408 2 2 1 1 6039 6040 9811
16409 2 2 1 1 1871 8649 8650
16410 2 2 1 1 9121 4244 9365
16411 2 2 1 1 7715 7716 8241
16412 2 2 1 1 4031 8749 9168
16413 2 2 1 1 8526 2702 8527
16414 2 2 1 1 4964 4962 9359
16415 2 2 1 1 9509 6567 9708
16416 2 2 1 1 1442 1443 9544
16417 2 2 1 1 9079 4547 9299
16418 2 2 1 1 4415 6616 9344
16419 2 2 1 1 7839 5747 8320
16420 2 2 1 1 3410 7622 9402
16421 2 2 1 1 8340 3514 9452
16422 2 2 1 1 7498 3407 9515
16423 2 2 1 1 7835 7792 8662
16424 2 2 1 1 7685 4203 8628
16425 2 2 1 1 6549 5529 9768
16426 2 2 1 1 6313 6837 8463
16427 2 2 1 1 5694 5690 9202
16428 2 2 1 1 4194 4196 9031
16429 2 2 1 1 5696 8587 9403
16430 2 2 1 1 5602 6540 9358
16431 2 2 1 1 4896 9620 9784
16432 2 2 1 1 9323 4792 9396
16433 2 2 1 1 4219 8066 9391
16434 2 2 1 1 5166 5168 9185
16435 2 2 1 1 6506 8297 8650
16436 2 2 1 1 5359 5955 5956
16437 2 2 1 1 6501 6764 9246
16438 2 2 1 1 7136 6361 8920
16439 2 2 1 1 9009 4299 9414
16440 2 2 1 1 5979 1853 6217
16441 2 2 1 1 5966 1998 5967
16442 2 2 1 1 1367 1368 9381
16443 2 2 1 1 5105 5106 9664
16444 2 2 1 1 1796 471 5771
16445 2 2 1 1 5980 3667 8734
16446 2 2 1 1 8253 4096 8639
16447 2 2 1 1 8440 4015 9176
16448 2 2 1 1 8216 1870 8648
16449 2 2 1 1 6068 7043 8571
16450 2 2 1 1 8046 7461 9251
16451 2 2 1 1 4731 9374 9579
16452 2 2 1 1 1548 1549 9385
16453 2 2 1 1 4835 4837 9170
16454 2 2 1 1 6051 8641 8642
16455 2 2 1 1 4299 6344 9414
16456 2 2 1 1 1311 1312 9387
16457 2 2 1 1 6340 1679 6341
16458 2 2 1 1 8255 2683 8664
16459 2 2 1 1 1438 1439 9665
16460 2 2 1 1 8254 3393 9399
16461 2 2 1 1 6020 1991 6024
16462 2 2 1 1 4792 4790 9396
16463 2 2 1 1 9768 5529 9775
16464 2 2 1 1 3896 3895 9695
16465 2 2 1 1 7893 1600 9434
16466 2 2 1 1 6881 2138 6882
16467 2 2 1 1 3534 7921 9127
16468 2 2 1 1 9212 1286 9519
16469 2 2 1 1 1700 5724 5725
16470 2 2 1 1 5086 5084 9444
16471 2 2 1 1 5529 6617 9775
16472 2 2 1 1 7776 6014 8648
16473 2 2 1 1 1746 8535 9060
16474 2 2 1 1 2081 538 5813
16475 2 2 1 1 3811 7485 8735
16476 2 2 1 1 6321 7525 9709
16477 2 2 1 1 7757 3601 8582
16478 2 2 1 1 9095 5107 9232
16479 2 2 1 1 1447 1448 9777
16480 2 2 1 1 1838 7 8019
16481 2 2 1 1 1559 1558 9408
16482 2 2 1 1 7750 8058 9554
16483 2 2 1 1 4179 8644 9149
16484 2 2 1 1 8787 5166 9185
16485 2 2 1 1 8869 5175 8930
16486 2 2 1 1 8529 3444 8732
16487 2 2 1 1 6557 6558 8228
16488 2 2 1 1 4849 4854 9140
16489 2 2 1 1 9396 4790 9445
16490 2 2 1 1 4244 4340 9365
16491 2 2 1 1 7470 7328 8501
16492 2 2 1 1 1453 9298 9509
16493 2 2 1 1 4699 6336 9450
16494 2 2 1 1 5942 5944 9574
16495 2 2 1 1 1441 1442 9463
16496 2 2 1 1 7980 8306 8307
16497 2 2 1 1 2086 1132 5868
16498 2 2 1 1 2344 8733 8762
16499 2 2 1 1 7928 5679 8364
16500 2 2 1 1 5669 6174 8880
16501 2 2 1 1 8462 2854 8503
16502 2 2 1 1 7834 3438 8692
16503 2 2 1 1 4184 9536 9723
16504 2 2 1 1 1637 5831 5832
16505 2 2 1 1 4869 8156 8888
16506 2 2 1 1 1663 5861 5862
16507 2 2 1 1 1800 5805 5806
16508 2 2 1 1 1681 883 5889
16509 2 2 1 1 1740 345 5873
16510 2 2 1 1 7941 6124 8739
16511 2 2 1 1 8801 2742 9446
16512 2 2 1 1 2089 1012 5899
16513 2 2 1 1 7039 3619 9057
16514 2 2 1 1 1322 1323 9429
16515 2 2 1 1 8726 5595 9472
16516 2 2 1 1 4758 4759 9451
16517 2 2 1 1 5007 5009 9557
16518 2 2 1 1 6432 6429 9786
16519 2 2 1 1 3918 4018 8949
16520 2 2 1 1 1439 1440 9566
16521 2 2 1 1 6378 3595 8977
16522 2 2 1 1 7306 4392 9629
16523 2 2 1 1 4763 8509 8688
16524 2 2 1 1 2701 8772 9439
16525 2 2 1 1 4177 4179 9149
16526 2 2 1 1 6926 1635 6927
16527 2 2 1 1 8763 150 9362
16528 2 2 1 1 6021 6024 8859
16529 2 2 1 1 5793 7353 9765
16530 2 2 1 1 4237 8221 9577
16531 2 2 1 1 1228 1229 9682
16532 2 2 1 1 4790 4788 9445
16533 2 2 1 1 3887 8309 8634
16534 2 2 1 1 4969 4971 9117
16535 2 2 1 1 6085 1775 6086
16536 2 2 1 1 1443 9501 9544
16537 2 2 1 1 6745 6393 8868
16538 2 2 1 1 67 1774 8489
16539 2 2 1 1 5595 5597 9472
16540 2 2 1 1 5222 8222 8614
16541 2 2 1 1 6265 6703 8673
16542 2 2 1 1 4717 6476 9470
16543 2 2 1 1 6088 1698 6089
16544 2 2 1 1 4175 4177 9154
16545 2 2 1 1 5325 5324 9808
16546 2 2 1 1 6105 1650 6106
16547 2 2 1 1 9118 4717 9470
16548 2 2 1 1 6392 6390 9120
16549 2 2 1 1 4734 8354 9279
16550 2 2 1 1 1516 8076 9177
16551 2 2 1 1 8062 7213 9169
16552 2 2 1 1 2094 652 5911
16553 2 2 1 1 5747 7839 8376
16554 2 2 1 1 1955 70 7317
16555 2 2 1 1 8700 4689 9225
16556 2 2 1 1 4535 9332 9610
16557 2 2 1 1 8354 7019 9279
16558 2 2 1 1 4874 6770 9485
16559 2 2 1 1 2454 2456 8962
16560 2 2 1 1 2157 8025 9689
16561 2 2 1 1 1444 1445 9698
16562 2 2 1 1 9445 4788 9487
16563 2 2 1 1 8495 4499 8811
16564 2 2 1 1 5491 3871 8965
16565 2 2 1 1 3652 5910 9758
16566 2 2 1 1 9387 6573 9760
16567 2 2 1 1 1999 5947 5948
16568 2 2 1 1 8631 5489 9752
16569 2 2 1 1 5764 5766 9710
16570 2 2 1 1 4880 5003 8019
16571 2 2 1 1 3450 7817 8622
16572 2 2 1 1 3627 9164 9417
16573 2 2 1 1 8953 1988 8954
16574 2 2 1 1 5392 5391 9501
16575 2 2 1 1 3536 8089 8873
16576 2 2 1 1 8479 5705 9138
16577 2 2 1 1 1953 6353 8701
16578 2 2 1 1 1735 5982 5983
16579 2 2 1 1 6575 7784 9571
16580 2 2 1 1 7303 1631 9338
16581 2 2 1 1 7173 4204 9816
16582 2 2 1 1 8422 2398 9568
16583 2 2 1 1 1367 9381 9608
16584 2 2 1 1 7689 6348 9801
16585 2 2 1 1 1711 219 5937
16586 2 2 1 1 2016 7610 9108
16587 2 2 1 1 6400 1658 8696
16588 2 2 1 1 6013 6012 9150
16589 2 2 1 1 5173 8869 9151
16590 2 2 1 1 4788 4785 9487
16591 2 2 1 1 5538 5537 5910
16592 2 2 1 1 1729 6002 6003
16593 2 2 1 1 9039 7935 9234
16594 2 2 1 1 1993 6008 6009
16595 2 2 1 1 5432 6525 9522
16596 2 2 1 1 2520 2522 8999
16597 2 2 1 1 1439 1438 9491
16598 2 2 1 1 4906 5447 9499
16599 2 2 1 1 7329 2945 9353
16600 2 2 1 1 7890 3431 8667
16601 2 2 1 1 5970 7727 9402
16602 2 2 1 1 9385 1549 9648
16603 2 2 1 1 1989 5995 5996
16604 2 2 1 1 6362 8746 8784
16605 2 2 1 1 4896 5396 9620
16606 2 2 1 1 8750 3529 8944
16607 2 2 1 1 8470 4706 9650
16608 2 2 1 1 7810 7300 9353
16609 2 2 1 1 6429 6431 9786
16610 2 2 1 1 1890 106 9469
16611 2 2 1 1 567 568 1746
16612 2 2 1 1 6307 6308 9508
16613 2 2 1 1 9145 6821 9217
16614 2 2 1 1 7967 8822 8920
16615 2 2 1 1 5662 7313 9763
16616 2 2 1 1 1454 1453 9509
16617 2 2 1 1 5797 7919 9614
16618 2 2 1 1 9487 4785 9535
16619 2 2 1 1 2766 2614 8963
16620 2 2 1 1 6895 7906 8447
16621 2 2 1 1 9055 6911 9401
16622 2 2 1 1 5184 8751 9455
16623 2 2 1 1 8260 1710 9576
16624 2 2 1 1 8386 5545 8590
16625 2 2 1 1 6452 1630 8699
16626 2 2 1 1 4883 8115 8655
16627 2 2 1 1 570 571 1942
16628 2 2 1 1 1839 6557 8228
16629 2 2 1 1 8186 3445 8458
16630 2 2 1 1 5391 6508 9544
16631 2 2 1 1 9420 5220 9656
16632 2 2 1 1 1286 1285 9519
16633 2 2 1 1 1440 1441 9522
16634 2 2 1 1 5101 8597 9617
16635 2 2 1 1 1615 6388 8708
16636 2 2 1 1 2739 2805 8987
16637 2 2 1 1 1509 1508 9524
16638 2 2 1 1 8869 2861 9151
16639 2 2 1 1 1352 1353 9526
16640 2 2 1 1 1311 9387 9760
16641 2 2 1 1 7505 4641 8769
16642 2 2 1 1 5257 5259 9411
16643 2 2 1 1 4785 4783 9535
16644 2 2 1 1 5043 5047 9743
16645 2 2 1 1 5378 4740 9561
16646 2 2 1 1 7350 4646 9750
16647 2 2 1 1 1573 1574 9539
16648 2 2 1 1 4946 7369 9605
16649 2 2 1 1 8908 4764 9511
16650 2 2 1 1 5 1250 9803
16651 2 2 1 1 4700 6333 9575
16652 2 2 1 1 9304 4699 9450
16653 2 2 1 1 7594 6934 9153
16654 2 2 1 1 7652 3549 9727
16655 2 2 1 1 6420 8422 9568
16656 2 2 1 1 1538 1537 9545
16657 2 2 1 1 1951 6407 8710
16658 2 2 1 1 4224 4223 9235
16659 2 2 1 1 8322 5988 8633
16660 2 2 1 1 3444 7863 8732
16661 2 2 1 1 1672 6427 6956
16662 2 2 1 1 1573 9539 9556
16663 2 2 1 1 1322 9429 9749
16664 2 2 1 1 5580 5582 9143
16665 2 2 1 1 1572 1573 9556
16666 2 2 1 1 8118 1545 8842
16667 2 2 1 1 9535 4783 9581
16668 2 2 1 1 7280 4899 8994
16669 2 2 1 1 8071 3532 9170
16670 2 2 1 1 6506 6505 8269
16671 2 2 1 1 1980 6097 6098
16672 2 2 1 1 4243 8118 8842
16673 2 2 1 1 6195 1968 6196
16674 2 2 1 1 5925 5928 9352
16675 2 2 1 1 1979 6112 6113
16676 2 2 1 1 6270 6268 9529
16677 2 2 1 1 1608 6118 6119
16678 2 2 1 1 2103 798 6033
16679 2 2 1 1 6493 1805 8709
16680 2 2 1 1 1196 1197 1876
16681 2 2 1 1 658 659 1612
16682 2 2 1 1 1669 927 6042
16683 2 2 1 1 8156 5479 8888
16684 2 2 1 1 1500 1499 9564
16685 2 2 1 1 7064 6953 9397
16686 2 2 1 1 1572 9556 9569
16687 2 2 1 1 1199 1200 1636
16688 2 2 1 1 655 656 1944
16689 2 2 1 1 2005 7143 7144
16690 2 2 1 1 5590 7694 8847
16691 2 2 1 1 4342 4344 9281
16692 2 2 1 1 1571 1572 9569
16693 2 2 1 1 2697 8773 9124
16694 2 2 1 1 8880 6174 9257
16695 2 2 1 1 1553 1552 9572
16696 2 2 1 1 9077 8563 9190
16697 2 2 1 1 1439 9491 9683
16698 2 2 1 1 5703 8479 8589
16699 2 2 1 1 7940 5626 8604
16700 2 2 1 1 3393 7952 9399
16701 2 2 1 1 4783 4781 9581
16702 2 2 1 1 5910 5537 9758
16703 2 2 1 1 4691 4693 9220
16704 2 2 1 1 6499 1792 8712
16705 2 2 1 1 1571 9569 9588
16706 2 2 1 1 1821 6133 6134
16707 2 2 1 1 3848 7757 8582
16708 2 2 1 1 4356 8275 9663
16709 2 2 1 1 1382 1383 9587
16710 2 2 1 1 6844 3439 9357
16711 2 2 1 1 1570 1571 9588
16712 2 2 1 1 6342 6343 9647
16713 2 2 1 1 8041 5105 9664
16714 2 2 1 1 1454 9509 9708
16715 2 2 1 1 4689 4691 9225
16716 2 2 1 1 6223 1603 6224
16717 2 2 1 1 7057 5625 8755
16718 2 2 1 1 6231 1827 6232
16719 2 2 1 1 7549 4413 8801
16720 2 2 1 1 1352 9526 9697
16721 2 2 1 1 9581 4781 9622
16722 2 2 1 1 7330 8046 9251
16723 2 2 1 1 5716 5717 8523
16724 2 2 1 1 1570 9588 9606
16725 2 2 1 1 6040 9119 9811
16726 2 2 1 1 1504 1503 9605
16727 2 2 1 1 4077 4036 9056
16728 2 2 1 1 1569 1570 9606
16729 2 2 1 1 9519 1285 9724
16730 2 2 1 1 5220 6612 9656
16731 2 2 1 1 8784 3260 8835
16732 2 2 1 1 4905 4535 9610
16733 2 2 1 1 1366 1367 9608
16734 2 2 1 1 3218 3220 9030
16735 2 2 1 1 8911 5587 9645
16736 2 2 1 1 6668 6136 8943
16737 2 2 1 1 3144 8824 8832
16738 2 2 1 1 1304 1305 9611
16739 2 2 1 1 2006 6963 9592
16740 2 2 1 1 5492 7995 8827
16741 2 2 1 1 4781 4778 9622
16742 2 2 1 1 5305 8185 9550
16743 2 2 1 1 2352 2354 9057
16744 2 2 1 1 7753 2129 7754
16745 2 2 1 1 1525 1524 9630
16746 2 2 1 1 3236 3238 9071
16747 2 2 1 1 4612 4614 9309
16748 2 2 1 1 5385 5386 9713
16749 2 2 1 1 8252 2772 8507
16750 2 2 1 1 1481 1480 9638
16751 2 2 1 1 6327 5300 9702
16752 2 2 1 1 5766 9464 9710
16753 2 2 1 1 3417 8627 9382
16754 2 2 1 1 1382 9587 9707
16755 2 2 1 1 1971 6153 6154
16756 2 2 1 1 5968 5972 7536
16757 2 2 1 1 1549 1550 9648
16758 2 2 1 1 7344 1976 9386
16759 2 2 1 1 9622 4778 9674
16760 2 2 1 1 9501 5391 9544
16761 2 2 1 1 5002 6552 9694
16762 2 2 1 1 1868 161 7660
16763 2 2 1 1 6633 1848 9423
16764 2 2 1 1 1569 9606 9696
16765 2 2 1 1 7304 1278 9493
16766 2 2 1 1 1770 158 8015
16767 2 2 1 1 9392 8622 9733
16768 2 2 1 1 1788 6165 6166
16769 2 2 1 1 8559 4397 9236
16770 2 2 1 1 155 2033 6896
16771 2 2 1 1 4862 6436 9720
16772 2 2 1 1 1913 152 6900
16773 2 2 1 1 1826 486 7996
16774 2 2 1 1 6263 1959 6264
16775 2 2 1 1 4776 4775 9716
16776 2 2 1 1 3336 3450 8983
16777 2 2 1 1 1578 1118 6935
16778 2 2 1 1 737 1920 8103
16779 2 2 1 1 1115 2072 8108
16780 2 2 1 1 740 1646 8100
16781 2 2 1 1 5489 6669 9752
16782 2 2 1 1 202 1715 8193
16783 2 2 1 1 1818 901 8123
16784 2 2 1 1 954 1673 8127
16785 2 2 1 1 904 1841 8064
16786 2 2 1 1 1866 951 8063
16787 2 2 1 1 4338 7800 9129
16788 2 2 1 1 1834 948 8059
16789 2 2 1 1 2058 907 8131
16790 2 2 1 1 1655 910 8136
16791 2 2 1 1 945 2055 8138
16792 2 2 1 1 1921 913 6956
16793 2 2 1 1 942 1668 6947
16794 2 2 1 1 199 1869 8200
16795 2 2 1 1 4778 4776 9674
16796 2 2 1 1 5182 5184 9455
16797 2 2 1 1 196 1798 8206
16798 2 2 1 1 193 1914 6910
16799 2 2 1 1 1915 190 6918
16800 2 2 1 1 5577 5578 5580
16801 2 2 1 1 1970 6176 6177
16802 2 2 1 1 5374 5375 9772
16803 2 2 1 1 6286 6285 9401
16804 2 2 1 1 1862 27 6904
16805 2 2 1 1 30 1799 7783
16806 2 2 1 1 1440 1439 9683
16807 2 2 1 1 243 1916 6920
16808 2 2 1 1 860 1600 7893
16809 2 2 1 1 995 2024 8204
16810 2 2 1 1 2022 863 6948
16811 2 2 1 1 992 1835 8211
16812 2 2 1 1 866 1922 6960
16813 2 2 1 1 1688 989 7877
16814 2 2 1 1 1601 869 8214
16815 2 2 1 1 1864 986 7873
16816 2 2 1 1 1366 9608 9782
16817 2 2 1 1 1870 872 7776
16818 2 2 1 1 1680 983 7865
16819 2 2 1 1 240 6909 6921
16820 2 2 1 1 1721 7180 8853
16821 2 2 1 1 7432 3555 8881
16822 2 2 1 1 2128 237 7767
16823 2 2 1 1 5852 7972 9732
16824 2 2 1 1 234 1710 8260
16825 2 2 1 1 6437 8581 9189
16826 2 2 1 1 1707 231 7752
16827 2 2 1 1 4649 4863 9011
16828 2 2 1 1 6022 7699 9692
16829 2 2 1 1 1568 1569 9696
16830 2 2 1 1 7352 1973 9395
16831 2 2 1 1 1351 1352 9697
16832 2 2 1 1 8751 5186 9585
16833 2 2 1 1 6289 1585 6290
16834 2 2 1 1 5027 8867 9024
16835 2 2 1 1 1710 7717 9576
16836 2 2 1 1 7348 1713 9394
16837 2 2 1 1 8351 7728 9712
16838 2 2 1 1 8496 4861 9423
16839 2 2 1 1 6638 6100 8960
16840 2 2 1 1 1812 6183 6184
16841 2 2 1 1 1381 1382 9707
16842 2 2 1 1 1455 1454 9708
16843 2 2 1 1 1873 1025 9706
16844 2 2 1 1 3468 7398 9729
16845 2 2 1 1 9577 8221 9807
16846 2 2 1 1 1568 9696 9715
16847 2 2 1 1 1863 284 7540
16848 2 2 1 1 5733 5734 8602
16849 2 2 1 1 1584 7316 9454
16850 2 2 1 1 1567 1568 9715
16851 2 2 1 1 1836 281 7702
16852 2 2 1 1 7035 2801 9748
16853 2 2 1 1 278 2001 8302
16854 2 2 1 1 6587 1850 8108
16855 2 2 1 1 5749 5752 9319
16856 2 2 1 1 272 1874 8312
16857 2 2 1 1 6323 1749 6324
16858 2 2 1 1 5703 5705 8479
16859 2 2 1 1 6987 1575 8459
16860 2 2 1 1 6027 6716 9263
16861 2 2 1 1 6984 1845 8311
16862 2 2 1 1 1285 1284 9724
16863 2 2 1 1 819 1656 7731
16864 2 2 1 1 2133 1036 6940
16865 2 2 1 1 527 1755 7686
16866 2 2 1 1 6979 1884 6980
16867 2 2 1 1 2007 822 8283
16868 2 2 1 1 1033 1642 8284
16869 2 2 1 1 1610 825 8287
16870 2 2 1 1 1030 1872 8290
16871 2 2 1 1 828 1609 6964
16872 2 2 1 1 2006 831 6963
16873 2 2 1 1 1996 530 6879
16874 2 2 1 1 1326 1325 9730
16875 2 2 1 1 6416 6422 8677
16876 2 2 1 1 8483 2460 9540
16877 2 2 1 1 1440 9683 9814
16878 2 2 1 1 6595 6775 6776
16879 2 2 1 1 8567 4851 9072
16880 2 2 1 1 5928 7661 9352
16881 2 2 1 1 6463 6465 6474
16882 2 2 1 1 5918 5914 9008
16883 2 2 1 1 1287 1288 9745
16884 2 2 1 1 7982 2691 8870
16885 2 2 1 1 1321 1322 9749
16886 2 2 1 1 2117 7349 8896
16887 2 2 1 1 1714 6543 8721
16888 2 2 1 1 1381 9707 9800
16889 2 2 1 1 3880 7822 8848
16890 2 2 1 1 7535 3418 9253
16891 2 2 1 1 325 1875 8331
16892 2 2 1 1 9674 4776 9716
16893 2 2 1 1 322 1787 8338
16894 2 2 1 1 1937 6557 8725
16895 2 2 1 1 1310 1311 9760
16896 2 2 1 1 1781 319 6889
16897 2 2 1 1 7622 5972 9402
16898 2 2 1 1 316 1911 8344
16899 2 2 1 1 1912 313 7615
16900 2 2 1 1 1437 1438 9768
16901 2 2 1 1 7867 4086 8865
16902 2 2 1 1 1268 1269 9771
16903 2 2 1 1 8324 2825 8800
16904 2 2 1 1 1436 1437 9775
16905 2 2 1 1 6055 6056 9482
16906 2 2 1 1 6600 5998 8955
16907 2 2 1 1 1926 6984 8595
16908 2 2 1 1 1259 1258 9778
16909 2 2 1 1 1437 9768 9775
16910 2 2 1 1 1365 1366 9782
16911 2 2 1 1 7521 6930 8396
16912 2 2 1 1 9248 7923 9552
16913 2 2 1 1 1544 1543 9790
16914 2 2 1 1 9646 7716 9721
16915 2 2 1 1 5920 5919 9143
16916 2 2 1 1 1380 1381 9800
16917 2 2 1 1 1565 1566 9802
16918 2 2 1 1 1275 1276 9804
16919 2 2 1 1 1441 1440 9814
16920 2 2 1 1 1522 1521 9815
16921 2 2 1 1 8884 5076 9684
16922 2 2 1 1 1644 6240 6241
16923 2 2 1 1 7694 3490 8847
16924 2 2 1 1 5025 5023 9335
16925 2 2 1 1 6562 6564 6565
16926 2 2 1 1 8241 7716 9646
16927 2 2 1 1 1917 1156 8348
16928 2 2 1 1 1621 699 6965
16929 2 2 1 1 1159 1918 6937
16930 2 2 1 1 696 1983 6954
16931 2 2 1 1 778 2134 7602
16932 2 2 1 1 1628 1077 6945
16933 2 2 1 1 7878 2119 7879
16934 2 2 1 1 1654 781 6955
16935 2 2 1 1 1074 1919 6943
16936 2 2 1 1 2137 366 7561
16937 2 2 1 1 784 1859 6957
16938 2 2 1 1 1071 6925 6944
16939 2 2 1 1 4346 4348 9384
16940 2 2 1 1 7185 7187 8390
16941 2 2 1 1 787 1664 7595
16942 2 2 1 1 2136 1068 6932
16943 2 2 1 1 1923 790 6962
16944 2 2 1 1 1065 1598 6942
16945 2 2 1 1 4015 4246 9176
16946 2 2 1 1 363 1724 6885
16947 2 2 1 1 3610 3152 9066
16948 2 2 1 1 7858 7972 9244
16949 2 2 1 1 1858 360 6880
16950 2 2 1 1 8282 2007 8283
16951 2 2 1 1 1739 357 7547
16952 2 2 1 1 8050 4640 8826
16953 2 2 1 1 354 1974 8377
16954 2 2 1 1 5177 7491 9766
16955 2 2 1 1 4006 8887 8891
16956 2 2 1 1 3465 7135 9700
16957 2 2 1 1 7874 6514 8683
16958 2 2 1 1 2758 7911 8766
16959 2 2 1 1 1941 6581 8731
16960 2 2 1 1 8658 4293 9407
16961 2 2 1 1 3216 3218 9107
16962 2 2 1 1 5961 5963 9486
16963 2 2 1 1 8771 2454 8962
16964 2 2 1 1 6954 1983 9644
16965 2 2 1 1 8070 6980 9736
16966 2 2 1 1 6312 6314 6315
16967 2 2 1 1 9091 2746 9604
16968 2 2 1 1 1693 6257 6258
16969 2 2 1 1 7857 2770 8778
16970 2 2 1 1 8035 2860 8234
16971 2 2 1 1 6399 1658 6400
16972 2 2 1 1 2139 407 7501
16973 2 2 1 1 7660 6358 8698
16974 2 2 1 1 8551 1289 8768
16975 2 2 1 1 5915 7779 9453
16976 2 2 1 1 6404 6730 8473
16977 2 2 1 1 404 1810 6877
16978 2 2 1 1 6305 6304 9615
16979 2 2 1 1 8901 3483 9507
16980 2 2 1 1 1857 401 6869
16981 2 2 1 1 7090 1310 9760
16982 2 2 1 1 1527 7358 9659
16983 2 2 1 1 1815 398 7488
16984 2 2 1 1 5880 5876 7150
16985 2 2 1 1 5705 5701 7208
16986 2 2 1 1 5944 5940 7134
16987 2 2 1 1 7790 3579 8663
16988 2 2 1 1 567 1746 8536
16989 2 2 1 1 8874 4342 9281
16990 2 2 1 1 4364 7416 9075
16991 2 2 1 1 395 1925 8419
16992 2 2 1 1 6655 6036 7116
16993 2 2 1 1 6483 6484 6485
16994 2 2 1 1 2096 7420 8934
16995 2 2 1 1 3421 8003 8672
16996 2 2 1 1 6451 1630 6452
16997 2 2 1 1 8852 4514 9293
16998 2 2 1 1 7789 3588 8685
16999 2 2 1 1 1923 6962 9655
17000 2 2 1 1 2422 8641 9208
17001 2 2 1 1 8930 5178 9555
17002 2 2 1 1 8136 6432 8717
17003 2 2 1 1 9065 5006 9235
17004 2 2 1 1 8050 6248 9744
17005 2 2 1 1 6416 6417 6418
17006 2 2 1 1 5657 6377 8977
17007 2 2 1 1 570 1942 8538
17008 2 2 1 1 2745 9208 9704
17009 2 2 1 1 3607 8988 9050
17010 2 2 1 1 3608 7988 8858
17011 2 2 1 1 4018 8926 8949
17012 2 2 1 1 1929 111 7443
17013 2 2 1 1 7918 7919 9173
17014 2 2 1 1 5178 5180 9555
17015 2 2 1 1 5414 7688 8818
17016 2 2 1 1 6075 6069 8571
17017 2 2 1 1 6492 1805 6493
17018 2 2 1 1 448 1768 7001
17019 2 2 1 1 1767 445 7433
17020 2 2 1 1 7218 4943 9312
17021 2 2 1 1 7389 1965 9419
17022 2 2 1 1 6772 1706 9322
17023 2 2 1 1 6318 6314 8463
17024 2 2 1 1 6498 1792 6499
17025 2 2 1 1 442 1932 7015
17026 2 2 1 1 2142 439 7012
17027 2 2 1 1 275 1791 8669
17028 2 2 1 1 436 1766 8448
17029 2 2 1 1 6315 6314 6316
17030 2 2 1 1 5988 8322 8591
17031 2 2 1 1 7948 6895 9452
17032 2 2 1 1 7959 7960 8815
17033 2 2 1 1 3403 7949 8777
17034 2 2 1 1 8867 5025 9335
17035 2 2 1 1 7967 7966 8822
17036 2 2 1 1 7502 6271 8921
17037 2 2 1 1 6412 6408 7429
17038 2 2 1 1 7939 5731 8855
17039 2 2 1 1 5399 3879 8940
17040 2 2 1 1 6562 6560 6564
17041 2 2 1 1 9076 3426 9328
17042 2 2 1 1 6430 8642 8985
17043 2 2 1 1 6188 6185 7909
17044 2 2 1 1 6304 6306 6307
17045 2 2 1 1 6586 1850 6587
17046 2 2 1 1 7339 4875 9737
17047 2 2 1 1 4898 4901 8654
17048 2 2 1 1 7744 3493 9578
17049 2 2 1 1 3004 3006 9126
17050 2 2 1 1 7371 7506 9504
17051 2 2 1 1 8897 3548 9593
17052 2 2 1 1 1953 6352 6353
17053 2 2 1 1 8844 4649 9011
17054 2 2 1 1 3459 3376 9142
17055 2 2 1 1 7183 1772 8933
17056 2 2 1 1 1250 9054 9803
17057 2 2 1 1 7122 2108 8945
17058 2 2 1 1 7119 2107 8946
17059 2 2 1 1 6985 1926 9513
17060 2 2 1 1 5234 8469 8700
17061 2 2 1 1 8385 5803 8534
17062 2 2 1 1 1227 5 9803
17063 2 2 1 1 6483 6481 6484
17064 2 2 1 1 1774 68 8492
17065 2 2 1 1 7408 1960 9435
17066 2 2 1 1 1196 1876 8553
17067 2 2 1 1 1612 659 8557
17068 2 2 1 1 1802 7101 8915
17069 2 2 1 1 7110 1669 8950
17070 2 2 1 1 71 1771 7317
17071 2 2 1 1 4250 7442 9041
17072 2 2 1 1 1615 6387 6388
17073 2 2 1 1 1706 7343 9322
17074 2 2 1 1 1944 656 8555
17075 2 2 1 1 7394 4427 9044
17076 2 2 1 1 7903 3408 8833
17077 2 2 1 1 3886 7876 8886
17078 2 2 1 1 6416 6414 6417
17079 2 2 1 1 2101 7102 8917
17080 2 2 1 1 6458 6456 8403
17081 2 2 1 1 7223 5177 9766
17082 2 2 1 1 1951 6406 6407
17083 2 2 1 1 1672 6426 6427
17084 2 2 1 1 9164 6298 9417
17085 2 2 1 1 6110 6108 8919
17086 2 2 1 1 7071 2086 8970
17087 2 2 1 1 5186 5191 9585
17088 2 2 1 1 4246 4248 9774
17089 2 2 1 1 6373 6371 6375
17090 2 2 1 1 5697 8225 8587
17091 2 2 1 1 4505 7735 8942
17092 2 2 1 1 6799 6482 8671
17093 2 2 1 1 6077 6078 9767
17094 2 2 1 1 6805 6415 8677
17095 2 2 1 1 6505 6502 8267
17096 2 2 1 1 8755 3583 9670
17097 2 2 1 1 2856 8598 8787
17098 2 2 1 1 8114 7460 8409
17099 2 2 1 1 8259 5448 9701
17100 2 2 1 1 5276 7652 9727
17101 2 2 1 1 8047 3882 8931
17102 2 2 1 1 3870 7790 8663
17103 2 2 1 1 7127 2109 7128
17104 2 2 1 1 2115 7132 7133
17105 2 2 1 1 7138 2118 7661
17106 2 2 1 1 2095 7094 7700
17107 2 2 1 1 2122 7148 7149
17108 2 2 1 1 2420 2422 9208
17109 2 2 1 1 1752 7166 7167
17110 2 2 1 1 7058 1796 7059
17111 2 2 1 1 1661 7114 7115
17112 2 2 1 1 2105 7111 8178
17113 2 2 1 1 1643 7106 8951
17114 2 2 1 1 8455 2962 9728
17115 2 2 1 1 1725 7156 7520
17116 2 2 1 1 2124 7158 8938
17117 2 2 1 1 2075 7038 7673
17118 2 2 1 1 7087 2094 7779
17119 2 2 1 1 1785 7234 7725
17120 2 2 1 1 8557 2147 8558
17121 2 2 1 1 2130 7200 7201
17122 2 2 1 1 2131 7205 8927
17123 2 2 1 1 1606 7206 7207
17124 2 2 1 1 8085 8084 8086
17125 2 2 1 1 2701 8771 8772
17126 2 2 1 1 7034 1626 7987
17127 2 2 1 1 7321 2125 7322
17128 2 2 1 1 2074 7030 7678
17129 2 2 1 1 2087 7076 8909
17130 2 2 1 1 5931 5930 8833
17131 2 2 1 1 7312 1583 8057
17132 2 2 1 1 3874 7789 8685
17133 2 2 1 1 6973 2043 6974
17134 2 2 1 1 6468 8274 8519
17135 2 2 1 1 6067 6069 6070
17136 2 2 1 1 6295 6293 6297
17137 2 2 1 1 6304 6302 6306
17138 2 2 1 1 6977 2050 6978
17139 2 2 1 1 7372 1803 8994
17140 2 2 1 1 1699 149 8763
17141 2 2 1 1 8815 5931 8833
17142 2 2 1 1 7699 2643 9692
17143 2 2 1 1 7370 2110 7371
17144 2 2 1 1 6236 6233 8548
17145 2 2 1 1 4177 9149 9154
17146 2 2 1 1 7390 1705 7391
17147 2 2 1 1 2059 6995 7021
17148 2 2 1 1 6529 5910 6530
17149 2 2 1 1 7250 1793 9657
17150 2 2 1 1 6053 6055 6057
17151 2 2 1 1 2121 7335 8065
17152 2 2 1 1 7703 7705 7706
17153 2 2 1 1 2734 2736 9258
17154 2 2 1 1 7292 1722 8911
17155 2 2 1 1 7187 7186 7188
17156 2 2 1 1 2114 7356 7424
17157 2 2 1 1 5774 4539 9643
17158 2 2 1 1 2111 7367 8087
17159 2 2 1 1 1746 568 8535
17160 2 2 1 1 2610 2612 9276
17161 2 2 1 1 5158 5160 9705
17162 2 2 1 1 8440 2795 8722
17163 2 2 1 1 1937 6556 6557
17164 2 2 1 1 1714 6542 6543
17165 2 2 1 1 1942 571 8537
17166 2 2 1 1 1712 7385 7386
17167 2 2 1 1 7438 2092 7439
17168 2 2 1 1 7440 2091 7441
17169 2 2 1 1 7320 5339 9542
17170 2 2 1 1 4899 3701 9751
17171 2 2 1 1 6253 7304 9493
17172 2 2 1 1 2100 7395 7396
17173 2 2 1 1 1741 7403 7404
17174 2 2 1 1 2143 8448 8449
17175 2 2 1 1 4442 8849 9599
17176 2 2 1 1 7447 2090 7448
17177 2 2 1 1 7813 7812 7814
17178 2 2 1 1 7422 2142 7423
17179 2 2 1 1 3619 7437 8851
17180 2 2 1 1 2099 7406 7407
17181 2 2 1 1 1683 7412 7413
17182 2 2 1 1 7434 1767 7435
17183 2 2 1 1 1941 6580 6581
17184 2 2 1 1 7308 1751 8905
17185 2 2 1 1 2141 7001 7002
17186 2 2 1 1 6785 6538 9243
17187 2 2 1 1 7272 4505 8942
17188 2 2 1 1 1795 7426 7427
17189 2 2 1 1 8069 4076 8993
17190 2 2 1 1 4397 6619 9236
17191 2 2 1 1 5584 5587 9229
17192 2 2 1 1 7916 4431 8196
17193 2 2 1 1 7962 7961 9146
17194 2 2 1 1 8385 2700 8890
17195 2 2 1 1 6797 1762 8461
17196 2 2 1 1 658 1612 8554
17197 2 2 1 1 1611 7022 8899
17198 2 2 1 1 3240 3242 9320
17199 2 2 1 1 1636 1200 8561
17200 2 2 1 1 655 1944 8562
17201 2 2 1 1 5103 5101 9617
17202 2 2 1 1 2042 6967 9029
17203 2 2 1 1 8616 3970 9052
17204 2 2 1 1 6803 2009 8169
17205 2 2 1 1 2031 6849 7734
17206 2 2 1 1 6830 7901 8153
17207 2 2 1 1 1632 7449 8198
17208 2 2 1 1 4352 4438 9547
17209 2 2 1 1 2088 7451 7452
17210 2 2 1 1 6925 6926 6928
17211 2 2 1 1 8867 2816 9024
17212 2 2 1 1 2084 7458 8230
17213 2 2 1 1 8350 4445 8351
17214 2 2 1 1 2756 8045 9796
17215 2 2 1 1 6801 1653 7146
17216 2 2 1 1 1816 8419 8420
17217 2 2 1 1 3846 7517 8997
17218 2 2 1 1 3429 8533 8844
17219 2 2 1 1 7424 4543 7468
17220 2 2 1 1 6653 6654 8665
17221 2 2 1 1 8417 1815 8418
17222 2 2 1 1 6070 6069 6071
17223 2 2 1 1 9345 2173 9770
17224 2 2 1 1 7647 6648 7804
17225 2 2 1 1 5709 4433 9527
17226 2 2 1 1 1689 6865 9037
17227 2 2 1 1 5416 8818 9607
17228 2 2 1 1 2140 6877 6878
17229 2 2 1 1 108 1692 8593
17230 2 2 1 1 2436 2438 9337
17231 2 2 1 1 6057 6055 6058
17232 2 2 1 1 8254 6868 9755
17233 2 2 1 1 3408 8815 8833
17234 2 2 1 1 8627 4337 9382
17235 2 2 1 1 7461 2746 9091
17236 2 2 1 1 2356 2358 9318
17237 2 2 1 1 5198 8981 9690
17238 2 2 1 1 7215 8061 8202
17239 2 2 1 1 6970 6971 6972
17240 2 2 1 1 8334 7719 8335
17241 2 2 1 1 6831 6832 6833
17242 2 2 1 1 8692 3438 9141
17243 2 2 1 1 2079 7479 7480
17244 2 2 1 1 5848 5850 5851
17245 2 2 1 1 5255 5257 9666
17246 2 2 1 1 7741 4902 9250
17247 2 2 1 1 5679 7928 8572
17248 2 2 1 1 1027 1833 8694
17249 2 2 1 1 1508 8456 9524
17250 2 2 1 1 7509 2070 7510
17251 2 2 1 1 5195 5198 9690
17252 2 2 1 1 4718 3917 9067
17253 2 2 1 1 5792 5794 5796
17254 2 2 1 1 5654 5658 9228
17255 2 2 1 1 6759 1985 8237
17256 2 2 1 1 2484 2486 9372
17257 2 2 1 1 2077 7494 7495
17258 2 2 1 1 6913 6286 9401
17259 2 2 1 1 7972 7971 9732
17260 2 2 1 1 6041 7109 9058
17261 2 2 1 1 8242 4460 9795
17262 2 2 1 1 7474 4647 9740
17263 2 2 1 1 6836 2019 9068
17264 2 2 1 1 6341 4085 9791
17265 2 2 1 1 1575 6985 9590
17266 2 2 1 1 6930 6929 6931
17267 2 2 1 1 4008 7465 9069
17268 2 2 1 1 7910 8255 8925
17269 2 2 1 1 8073 8489 8490
17270 2 2 1 1 6748 2008 6749
17271 2 2 1 1 5694 8553 9333
17272 2 2 1 1 6465 6466 6467
17273 2 2 1 1 8247 4094 8922
17274 2 2 1 1 4293 4360 9407
17275 2 2 1 1 7082 5476 9404
17276 2 2 1 1 8371 2137 8474
17277 2 2 1 1 5687 5689 5693
17278 2 2 1 1 1708 6813 7821
17279 2 2 1 1 7528 2006 9592
17280 2 2 1 1 1843 6806 6807
17281 2 2 1 1 7411 7410 9785
17282 2 2 1 1 8370 4941 8959
17283 2 2 1 1 4712 7194 9538
17284 2 2 1 1 6823 1596 9074
17285 2 2 1 1 6501 6763 6764
17286 2 2 1 1 7466 1694 9473
17287 2 2 1 1 8604 5626 9593
17288 2 2 1 1 3494 8355 9031
17289 2 2 1 1 7374 1759 8910
17290 2 2 1 1 2728 2726 9532
17291 2 2 1 1 3583 6128 9670
17292 2 2 1 1 7751 4133 9628
17293 2 2 1 1 1625 7444 8852
17294 2 2 1 1 5661 5663 5665
17295 2 2 1 1 4216 6658 9447
17296 2 2 1 1 2010 6812 7846
17297 2 2 1 1 7005 7002 9496
17298 2 2 1 1 6079 6080 6081
17299 2 2 1 1 7383 2102 8912
17300 2 2 1 1 5851 5850 5852
17301 2 2 1 1 7574 2054 7575
17302 2 2 1 1 8364 5679 9580
17303 2 2 1 1 6955 1981 9112
17304 2 2 1 1 7600 1628 7601
17305 2 2 1 1 4691 9220 9225
17306 2 2 1 1 4942 7091 9266
17307 2 2 1 1 4212 4214 9507
17308 2 2 1 1 7589 2049 7590
17309 2 2 1 1 2004 6794 8088
17310 2 2 1 1 5665 9068 9260
17311 2 2 1 1 5693 9074 9252
17312 2 2 1 1 6474 9349 9350
17313 2 2 1 1 4133 7999 9628
17314 2 2 1 1 6883 6887 9443
17315 2 2 1 1 6715 2016 9108
17316 2 2 1 1 3873 7798 8634
17317 2 2 1 1 5796 9087 9230
17318 2 2 1 1 5998 6000 8955
17319 2 2 1 1 8901 4216 9447
17320 2 2 1 1 4214 8901 9507
17321 2 2 1 1 4944 4943 9211
17322 2 2 1 1 6558 7484 9649
17323 2 2 1 1 6831 6833 8812
17324 2 2 1 1 6136 6139 8943
17325 2 2 1 1 6100 6102 8960
17326 2 2 1 1 6860 3538 9625
17327 2 2 1 1 8981 5200 9797
17328 2 2 1 1 5752 8933 9319
17329 2 2 1 1 7935 7936 9234
17330 2 2 1 1 6562 6565 9127
17331 2 2 1 1 1987 8338 8339
17332 2 2 1 1 6707 2023 6708
17333 2 2 1 1 5822 5824 5825
17334 2 2 1 1 4704 7587 8969
17335 2 2 1 1 8533 3429 8579
17336 2 2 1 1 8332 8331 8333
17337 2 2 1 1 6816 2012 9087
17338 2 2 1 1 4440 4442 9599
17339 2 2 1 1 7078 3459 9687
17340 2 2 1 1 3408 7959 8815
17341 2 2 1 1 8194 2104 8577
17342 2 2 1 1 5191 5193 9781
17343 2 2 1 1 6070 9158 9179
17344 2 2 1 1 5760 5762 5763
17345 2 2 1 1 5556 5553 9361
17346 2 2 1 1 489 490 9757
17347 2 2 1 1 1769 6898 6900
17348 2 2 1 1 2868 2870 9534
17349 2 2 1 1 7634 5567 9088
17350 2 2 1 1 6892 6890 6894
17351 2 2 1 1 5786 9091 9604
17352 2 2 1 1 7417 1687 8916
17353 2 2 1 1 7966 3402 8822
17354 2 2 1 1 7822 2824 8848
17355 2 2 1 1 1769 6897 6898
17356 2 2 1 1 6697 1674 8367
17357 2 2 1 1 1777 7571 7735
17358 2 2 1 1 9236 6619 9446
17359 2 2 1 1 7486 1645 9494
17360 2 2 1 1 7643 1776 8079
17361 2 2 1 1 2053 7578 7579
17362 2 2 1 1 6879 1754 8789
17363 2 2 1 1 7921 6563 9127
17364 2 2 1 1 8555 8554 9045
17365 2 2 1 1 6708 2023 6709
17366 2 2 1 1 2584 2586 9427
17367 2 2 1 1 1024 1873 9582
17368 2 2 1 1 6199 8254 9755
17369 2 2 1 1 5543 5540 9351
17370 2 2 1 1 2750 8550 8559
17371 2 2 1 1 4935 7164 9660
17372 2 2 1 1 7653 1640 8605
17373 2 2 1 1 6374 6373 6376
17374 2 2 1 1 6911 6913 9401
17375 2 2 1 1 5364 8481 8627
17376 2 2 1 1 4477 8551 8768
17377 2 2 1 1 6563 6562 9127
17378 2 2 1 1 6913 6914 6915
17379 2 2 1 1 7369 1504 9605
17380 2 2 1 1 6639 1949 6640
17381 2 2 1 1 7143 6342 9647
17382 2 2 1 1 5840 5838 5842
17383 2 2 1 1 5822 5820 5824
17384 2 2 1 1 2017 6819 9094
17385 2 2 1 1 7486 7487 9297
17386 2 2 1 1 8890 2700 9393
17387 2 2 1 1 6358 7659 9152
17388 2 2 1 1 2018 6828 9096
17389 2 2 1 1 4851 7475 9072
17390 2 2 1 1 8128 2067 8924
17391 2 2 1 1 2758 8766 9146
17392 2 2 1 1 8511 4019 8528
17393 2 2 1 1 3218 9030 9107
17394 2 2 1 1 5760 5758 5762
17395 2 2 1 1 2706 7910 8925
17396 2 2 1 1 6296 6295 6298
17397 2 2 1 1 5564 5566 5567
17398 2 2 1 1 3154 3156 9417
17399 2 2 1 1 6933 6932 8421
17400 2 2 1 1 1641 6751 6752
17401 2 2 1 1 8053 4185 8980
17402 2 2 1 1 4079 5413 9479
17403 2 2 1 1 5855 5859 9347
17404 2 2 1 1 8281 2007 8282
17405 2 2 1 1 7930 3461 9618
17406 2 2 1 1 5306 8644 8874
17407 2 2 1 1 1867 489 9757
17408 2 2 1 1 1876 1197 8719
17409 2 2 1 1 4438 4440 9699
17410 2 2 1 1 7325 3525 8931
17411 2 2 1 1 6979 6980 6981
17412 2 2 1 1 6585 1850 6586
17413 2 2 1 1 1983 7523 9644
17414 2 2 1 1 5257 9411 9666
17415 2 2 1 1 2038 7635 7636
17416 2 2 1 1 7647 7804 9757
17417 2 2 1 1 7835 8662 9779
17418 2 2 1 1 6576 6907 9474
17419 2 2 1 1 8374 5431 9703
17420 2 2 1 1 8153 1873 8154
17421 2 2 1 1 8959 4941 9598
17422 2 2 1 1 1718 7640 8319
17423 2 2 1 1 6497 1792 6498
17424 2 2 1 1 5676 5674 5678
17425 2 2 1 1 6491 1805 6492
17426 2 2 1 1 3222 3224 9459
17427 2 2 1 1 7847 3906 8990
17428 2 2 1 1 5962 9077 9190
17429 2 2 1 1 8492 1955 9020
17430 2 2 1 1 4706 4708 9650
17431 2 2 1 1 8658 2786 8666
17432 2 2 1 1 6675 7505 9076
17433 2 2 1 1 7960 3405 9090
17434 2 2 1 1 7437 8615 8851
17435 2 2 1 1 7716 8263 9721
17436 2 2 1 1 1593 6737 6738
17437 2 2 1 1 8667 3431 9464
17438 2 2 1 1 6915 6916 9409
17439 2 2 1 1 1855 6921 6922
17440 2 2 1 1 5851 8169 9240
17441 2 2 1 1 6450 1630 6451
17442 2 2 1 1 3525 8047 8931
17443 2 2 1 1 6949 1599 6950
17444 2 2 1 1 8801 4413 9073
17445 2 2 1 1 4433 3839 9527
17446 2 2 1 1 6398 1658 6399
17447 2 2 1 1 5200 5204 9797
17448 2 2 1 1 6881 6884 9462
17449 2 2 1 1 7906 3530 8447
17450 2 2 1 1 7466 7467 9296
17451 2 2 1 1 9126 6503 9246
17452 2 2 1 1 8415 6776 8980
17453 2 2 1 1 5728 5724 9324
17454 2 2 1 1 5714 5715 5716
17455 2 2 1 1 4967 4969 9642
17456 2 2 1 1 5740 5741 5742
17457 2 2 1 1 4223 9065 9235
17458 2 2 1 1 8495 2829 9384
17459 2 2 1 1 6322 1749 6323
17460 2 2 1 1 5535 5533 5536
17461 2 2 1 1 5564 5562 5566
17462 2 2 1 1 6108 6644 8919
17463 2 2 1 1 4413 7515 9073
17464 2 2 1 1 7507 6878 9456
17465 2 2 1 1 6229 8526 8527
17466 2 2 1 1 5915 5914 5916
17467 2 2 1 1 8560 5263 9117
17468 2 2 1 1 4969 9117 9642
17469 2 2 1 1 6288 1585 6289
17470 2 2 1 1 6755 1719 9158
17471 2 2 1 1 7900 8540 8871
17472 2 2 1 1 6843 5541 9473
17473 2 2 1 1 7876 2797 8886
17474 2 2 1 1 6997 1745 9013
17475 2 2 1 1 6848 5554 9494
17476 2 2 1 1 7299 8241 8667
17477 2 2 1 1 6262 1959 6263
17478 2 2 1 1 1489 8757 9746
17479 2 2 1 1 7464 1613 8936
17480 2 2 1 1 1665 6804 9135
17481 2 2 1 1 5835 5831 9317
17482 2 2 1 1 5799 6760 9476
17483 2 2 1 1 8526 6229 8773
17484 2 2 1 1 5865 5861 9316
17485 2 2 1 1 6709 2023 7893
17486 2 2 1 1 7402 4961 9742
17487 2 2 1 1 6948 1599 6949
17488 2 2 1 1 5680 5362 9562
17489 2 2 1 1 4466 8032 8936
17490 2 2 1 1 8201 8193 9195
17491 2 2 1 1 5623 5621 5624
17492 2 2 1 1 8118 4244 9121
17493 2 2 1 1 6923 7715 9383
17494 2 2 1 1 7123 6076 9433
17495 2 2 1 1 7680 2014 8780
17496 2 2 1 1 7798 3612 8634
17497 2 2 1 1 5794 5795 5797
17498 2 2 1 1 6230 1827 6231
17499 2 2 1 1 6222 1603 6223
17500 2 2 1 1 8943 6139 8944
17501 2 2 1 1 3261 8567 9072
17502 2 2 1 1 6814 5725 9435
17503 2 2 1 1 7677 1586 8788
17504 2 2 1 1 7668 1748 8796
17505 2 2 1 1 6216 1854 8652
17506 2 2 1 1 6194 1968 6195
17507 2 2 1 1 5689 5690 5691
17508 2 2 1 1 6057 8237 9201
17509 2 2 1 1 1855 6922 6923
17510 2 2 1 1 7525 2755 9709
17511 2 2 1 1 1576 6696 8584
17512 2 2 1 1 8434 1929 8998
17513 2 2 1 1 2002 6791 9156
17514 2 2 1 1 5928 5927 5930
17515 2 2 1 1 5663 5664 5666
17516 2 2 1 1 7993 1826 7994
17517 2 2 1 1 2711 7977 8985
17518 2 2 1 1 7880 7882 9061
17519 2 2 1 1 6027 9263 9264
17520 2 2 1 1 5693 5689 9116
17521 2 2 1 1 6749 2008 6750
17522 2 2 1 1 8001 1867 8002
17523 2 2 1 1 6811 5832 9419
17524 2 2 1 1 6950 1599 6960
17525 2 2 1 1 6777 1686 8859
17526 2 2 1 1 1819 6698 8146
17527 2 2 1 1 7250 6506 8650
17528 2 2 1 1 2687 8473 9711
17529 2 2 1 1 5669 7035 9748
17530 2 2 1 1 8177 8176 9719
17531 2 2 1 1 1769 6896 6897
17532 2 2 1 1 5912 5914 5915
17533 2 2 1 1 1831 6784 9171
17534 2 2 1 1 6782 5948 9394
17535 2 2 1 1 4764 7333 9511
17536 2 2 1 1 6692 6168 6693
17537 2 2 1 1 7498 6902 9776
17538 2 2 1 1 5714 5712 5715
17539 2 2 1 1 6893 6892 6895
17540 2 2 1 1 4620 4622 9744
17541 2 2 1 1 5841 5840 5843
17542 2 2 1 1 2460 2462 9540
17543 2 2 1 1 7863 3406 9027
17544 2 2 1 1 3824 3664 9546
17545 2 2 1 1 2839 7079 9712
17546 2 2 1 1 5740 5738 5741
17547 2 2 1 1 4304 4307 9801
17548 2 2 1 1 6788 5983 9395
17549 2 2 1 1 6382 3998 8585
17550 2 2 1 1 6297 6693 9756
17551 2 2 1 1 6928 6929 6930
17552 2 2 1 1 8226 8719 9261
17553 2 2 1 1 4909 6283 9360
17554 2 2 1 1 5307 8869 8930
17555 2 2 1 1 7155 8748 9116
17556 2 2 1 1 6781 6003 9386
17557 2 2 1 1 5272 8751 9585
17558 2 2 1 1 6503 6501 9246
17559 2 2 1 1 4960 7261 9315
17560 2 2 1 1 6913 6912 6914
17561 2 2 1 1 4456 8899 9231
17562 2 2 1 1 5677 5676 5679
17563 2 2 1 1 1641 6752 6753
17564 2 2 1 1 8822 6902 8920
17565 2 2 1 1 7629 1923 9655
17566 2 2 1 1 6087 1698 6088
17567 2 2 1 1 6084 1775 6085
17568 2 2 1 1 2085 6947 8181
17569 2 2 1 1 6104 1650 6105
17570 2 2 1 1 6079 1825 6080
17571 2 2 1 1 5803 8385 8890
17572 2 2 1 1 8123 2082 8124
17573 2 2 1 1 7568 1963 7569
17574 2 2 1 1 6485 7832 9594
17575 2 2 1 1 8361 6908 8488
17576 2 2 1 1 7336 3826 9416
17577 2 2 1 1 3503 8470 9650
17578 2 2 1 1 8597 2838 9617
17579 2 2 1 1 7394 6825 9516
17580 2 2 1 1 1808 6839 8995
17581 2 2 1 1 5825 5826 9000
17582 2 2 1 1 2398 2400 9568
17583 2 2 1 1 9045 8904 9341
17584 2 2 1 1 9142 5811 9687
17585 2 2 1 1 6533 8541 8862
17586 2 2 1 1 6873 6872 6874
17587 2 2 1 1 4492 7534 9035
17588 2 2 1 1 6756 6113 9338
17589 2 2 1 1 9585 5191 9781
17590 2 2 1 1 6322 6323 9145
17591 2 2 1 1 5625 5623 5626
17592 2 2 1 1 5611 5614 9468
17593 2 2 1 1 1757 6624 6625
17594 2 2 1 1 2661 2663 9609
17595 2 2 1 1 6764 7400 9246
17596 2 2 1 1 7323 3828 9431
17597 2 2 1 1 5480 8941 9355
17598 2 2 1 1 8941 5409 9355
17599 2 2 1 1 5668 7020 9457
17600 2 2 1 1 8983 3450 9392
17601 2 2 1 1 1848 8496 9423
17602 2 2 1 1 1936 6662 6663
17603 2 2 1 1 8815 7960 9022
17604 2 2 1 1 6012 8786 9150
17605 2 2 1 1 6315 8367 9133
17606 2 2 1 1 7408 7409 9313
17607 2 2 1 1 6661 6112 9292
17608 2 2 1 1 9306 4889 9336
17609 2 2 1 1 7431 6242 9551
17610 2 2 1 1 6019 1991 6020
17611 2 2 1 1 8751 2864 9455
17612 2 2 1 1 6006 1679 6340
17613 2 2 1 1 5407 5406 9600
17614 2 2 1 1 7185 7186 7187
17615 2 2 1 1 5655 6838 9454
17616 2 2 1 1 7161 7160 7162
17617 2 2 1 1 5965 1998 5966
17618 2 2 1 1 6137 6133 9278
17619 2 2 1 1 8101 1578 8102
17620 2 2 1 1 6935 2071 6936
17621 2 2 1 1 5978 1853 5979
17622 2 2 1 1 1941 6579 6580
17623 2 2 1 1 7246 4643 9367
17624 2 2 1 1 3632 3048 9529
17625 2 2 1 1 6040 6038 6041
17626 2 2 1 1 5580 5581 5582
17627 2 2 1 1 4464 7667 9366
17628 2 2 1 1 5925 5927 5928
17629 2 2 1 1 1714 6541 6542
17630 2 2 1 1 1937 6555 6556
17631 2 2 1 1 2230 2232 9553
17632 2 2 1 1 6970 6969 6971
17633 2 2 1 1 8849 5231 9599
17634 2 2 1 1 2846 7223 9766
17635 2 2 1 1 5961 5960 5962
17636 2 2 1 1 3380 3414 9563
17637 2 2 1 1 6930 6931 8396
17638 2 2 1 1 7928 3558 8572
17639 2 2 1 1 5913 8556 9008
17640 2 2 1 1 5749 5751 5752
17641 2 2 1 1 1199 1636 9261
17642 2 2 1 1 2743 7330 9269
17643 2 2 1 1 2616 2618 9621
17644 2 2 1 1 8693 5668 9457
17645 2 2 1 1 6831 6830 6832
17646 2 2 1 1 5881 1620 5882
17647 2 2 1 1 5040 7558 9460
17648 2 2 1 1 7109 7432 9058
17649 2 2 1 1 5854 2135 5855
17650 2 2 1 1 8167 8379 9753
17651 2 2 1 1 6561 6562 6563
17652 2 2 1 1 6014 7775 9157
17653 2 2 1 1 7553 1858 9007
17654 2 2 1 1 7389 7429 9329
17655 2 2 1 1 8348 1588 9307
17656 2 2 1 1 1672 6425 6426
17657 2 2 1 1 1951 6405 6406
17658 2 2 1 1 1668 8140 8914
17659 2 2 1 1 9547 4438 9699
17660 2 2 1 1 5444 7172 9635
17661 2 2 1 1 7980 7979 9613
17662 2 2 1 1 4006 8781 8887
17663 2 2 1 1 6195 6202 9206
17664 2 2 1 1 7461 9091 9251
17665 2 2 1 1 8066 1258 9391
17666 2 2 1 1 1615 6386 6387
17667 2 2 1 1 6744 6745 8868
17668 2 2 1 1 8410 4027 8996
17669 2 2 1 1 6431 6433 9786
17670 2 2 1 1 4440 9599 9699
17671 2 2 1 1 8351 6176 9290
17672 2 2 1 1 3535 8069 8993
17673 2 2 1 1 5584 5586 5587
17674 2 2 1 1 5971 6286 9256
17675 2 2 1 1 9558 7392 9671
17676 2 2 1 1 6174 8909 9257
17677 2 2 1 1 1953 6351 6352
17678 2 2 1 1 7900 7898 9541
17679 2 2 1 1 7476 1943 7477
17680 2 2 1 1 3999 8361 8488
17681 2 2 1 1 1940 7464 8032
17682 2 2 1 1 5682 1737 8173
17683 2 2 1 1 1855 6923 7767
17684 2 2 1 1 5751 5753 5754
17685 2 2 1 1 5654 5656 5658
17686 2 2 1 1 6372 6373 6374
17687 2 2 1 1 6226 6224 9108
17688 2 2 1 1 5858 5856 9153
17689 2 2 1 1 1978 6743 9275
17690 2 2 1 1 7761 4466 8936
17691 2 2 1 1 6970 6972 8897
17692 2 2 1 1 3086 3088 9640
17693 2 2 1 1 2678 7929 9787
17694 2 2 1 1 5653 2020 5654
17695 2 2 1 1 5902 5900 7069
17696 2 2 1 1 5892 5890 5893
17697 2 2 1 1 6303 6304 6305
17698 2 2 1 1 6653 6036 6654
17699 2 2 1 1 4223 8471 9065
17700 2 2 1 1 6294 6295 6296
17701 2 2 1 1 5855 5857 5859
17702 2 2 1 1 8727 8004 9016
17703 2 2 1 1 4902 8086 9250
17704 2 2 1 1 5642 5640 7057
17705 2 2 1 1 7897 2687 9711
17706 2 2 1 1 8597 5400 9373
17707 2 2 1 1 5911 1733 5912
17708 2 2 1 1 7934 9040 9467
17709 2 2 1 1 6465 6464 6466
17710 2 2 1 1 5941 5940 5942
17711 2 2 1 1 6686 8616 9052
17712 2 2 1 1 4437 4237 9577
17713 2 2 1 1 5868 1582 5869
17714 2 2 1 1 5771 2126 8729
17715 2 2 1 1 6891 6892 6893
17716 2 2 1 1 5583 2025 5584
17717 2 2 1 1 5555 5553 5556
17718 2 2 1 1 6512 6431 9461
17719 2 2 1 1 4360 4362 9636
17720 2 2 1 1 8582 3601 8980
17721 2 2 1 1 5542 5540 5543
17722 2 2 1 1 7444 1938 7445
17723 2 2 1 1 5767 1721 6741
17724 2 2 1 1 5877 5876 5878
17725 2 2 1 1 7318 7317 8390
17726 2 2 1 1 5733 1946 5734
17727 2 2 1 1 5076 5521 9684
17728 2 2 1 1 5903 5902 5904
17729 2 2 1 1 5894 5892 5895
17730 2 2 1 1 8263 3433 9721
17731 2 2 1 1 5817 5816 5818
17732 2 2 1 1 3610 9066 9525
17733 2 2 1 1 6881 6883 6884
17734 2 2 1 1 1982 6802 9017
17735 2 2 1 1 1843 6807 6808
17736 2 2 1 1 5726 5724 5728
17737 2 2 1 1 1693 6256 6257
17738 2 2 1 1 7003 7004 7009
17739 2 2 1 1 8593 7992 9469
17740 2 2 1 1 6642 1948 9349
17741 2 2 1 1 1984 6798 9018
17742 2 2 1 1 1933 7417 7741
17743 2 2 1 1 8437 7008 9363
17744 2 2 1 1 5833 5831 5835
17745 2 2 1 1 5863 5861 5865
17746 2 2 1 1 7024 7978 9787
17747 2 2 1 1 1678 7410 7411
17748 2 2 1 1 4204 8045 9816
17749 2 2 1 1 6362 8784 8835
17750 2 2 1 1 8587 7626 9403
17751 2 2 1 1 1825 6754 8952
17752 2 2 1 1 7484 5987 9424
17753 2 2 1 1 7049 7879 8872
17754 2 2 1 1 6296 6298 9164
17755 2 2 1 1 7032 8386 8590
17756 2 2 1 1 1798 8207 8208
17757 2 2 1 1 7250 8649 9595
17758 2 2 1 1 5710 5709 7140
17759 2 2 1 1 5577 1732 5578
17760 2 2 1 1 5702 5701 5703
17761 2 2 1 1 7877 2119 7878
17762 2 2 1 1 7755 5765 9273
17763 2 2 1 1 2388 2390 9714
17764 2 2 1 1 8000 7933 9204
17765 2 2 1 1 4315 7232 9773
17766 2 2 1 1 7873 7881 7882
17767 2 2 1 1 1644 6239 6240
17768 2 2 1 1 7896 8479 9138
17769 2 2 1 1 5656 5657 5659
17770 2 2 1 1 8004 1699 9016
17771 2 2 1 1 5627 1814 7051
17772 2 2 1 1 6918 1842 6919
17773 2 2 1 1 7823 7918 9173
17774 2 2 1 1 6018 8483 9540
17775 2 2 1 1 5629 1590 5630
17776 2 2 1 1 7348 7482 9342
17777 2 2 1 1 5932 5931 9022
17778 2 2 1 1 6113 6115 9338
17779 2 2 1 1 6592 1685 9263
17780 2 2 1 1 6431 6430 8985
17781 2 2 1 1 6559 1743 9254
17782 2 2 1 1 1830 7383 7384
17783 2 2 1 1 6114 6112 6661
17784 2 2 1 1 6135 6133 6137
17785 2 2 1 1 9090 5729 9672
17786 2 2 1 1 7352 7483 9348
17787 2 2 1 1 8599 5799 9476
17788 2 2 1 1 6119 6121 9592
17789 2 2 1 1 6808 6809 6810
17790 2 2 1 1 6876 9492 9591
17791 2 2 1 1 4018 8793 8926
17792 2 2 1 1 5643 5642 6128
17793 2 2 1 1 7961 2758 9146
17794 2 2 1 1 6432 8142 9083
17795 2 2 1 1 5857 5858 6116
17796 2 2 1 1 6871 6872 6873
17797 2 2 1 1 4392 7722 9629
17798 2 2 1 1 5884 5885 5886
17799 2 2 1 1 6195 6197 6202
17800 2 2 1 1 1910 7374 7419
17801 2 2 1 1 8993 7009 9597
17802 2 2 1 1 6178 6176 8351
17803 2 2 1 1 7004 7002 7005
17804 2 2 1 1 6750 2008 7731
17805 2 2 1 1 5968 5969 5970
17806 2 2 1 1 6768 4202 7632
17807 2 2 1 1 6035 6036 6653
17808 2 2 1 1 4714 4710 9726
17809 2 2 1 1 1812 6182 6183
17810 2 2 1 1 6003 6005 9386
17811 2 2 1 1 6500 6499 6501
17812 2 2 1 1 6231 6233 6234
17813 2 2 1 1 5983 5985 9395
17814 2 2 1 1 5939 5940 5941
17815 2 2 1 1 5948 5950 9394
17816 2 2 1 1 6401 6400 6402
17817 2 2 1 1 1970 6175 6176
17818 2 2 1 1 6090 6091 6092
17819 2 2 1 1 2284 8514 9810
17820 2 2 1 1 2015 7783 7784
17821 2 2 1 1 3438 7956 9141
17822 2 2 1 1 8148 5130 9703
17823 2 2 1 1 6263 6265 6266
17824 2 2 1 1 8308 1836 9398
17825 2 2 1 1 6107 6108 6109
17826 2 2 1 1 7626 2176 9403
17827 2 2 1 1 5557 5555 5558
17828 2 2 1 1 5875 5876 5877
17829 2 2 1 1 5901 5902 5903
17830 2 2 1 1 5891 5892 5894
17831 2 2 1 1 8820 3931 9243
17832 2 2 1 1 1641 6753 6940
17833 2 2 1 1 6909 1716 7662
17834 2 2 1 1 6923 7714 7715
17835 2 2 1 1 5326 8981 9797
17836 2 2 1 1 5544 5542 5545
17837 2 2 1 1 5815 5816 5817
17838 2 2 1 1 1788 6164 6165
17839 2 2 1 1 7616 7249 7617
17840 2 2 1 1 2754 7896 9138
17841 2 2 1 1 6389 6387 6390
17842 2 2 1 1 1971 6152 6153
17843 2 2 1 1 1747 7476 9725
17844 2 2 1 1 6289 6291 6377
17845 2 2 1 1 5832 5834 9419
17846 2 2 1 1 5647 4434 8966
17847 2 2 1 1 8104 1920 8850
17848 2 2 1 1 7654 1657 8928
17849 2 2 1 1 7808 3416 9077
17850 2 2 1 1 5862 5864 9655
17851 2 2 1 1 7752 2129 7753
17852 2 2 1 1 6197 6198 6199
17853 2 2 1 1 5727 5726 5729
17854 2 2 1 1 6055 6054 6056
17855 2 2 1 1 3068 3070 9718
17856 2 2 1 1 5708 5709 5710
17857 2 2 1 1 5700 5701 5702
17858 2 2 1 1 6582 6580 6584
17859 2 2 1 1 5725 5727 9435
17860 2 2 1 1 7419 4205 8972
17861 2 2 1 1 5808 5807 5809
17862 2 2 1 1 4451 4356 9663
17863 2 2 1 1 6225 6226 6227
17864 2 2 1 1 6359 8017 8698
17865 2 2 1 1 6390 6387 9327
17866 2 2 1 1 5864 5863 5866
17867 2 2 1 1 5839 5840 5841
17868 2 2 1 1 5821 5822 5823
17869 2 2 1 1 6225 6224 6226
17870 2 2 1 1 5950 5949 5951
17871 2 2 1 1 6581 6582 6583
17872 2 2 1 1 5641 5642 5643
17873 2 2 1 1 6892 6894 9452
17874 2 2 1 1 6543 6544 6545
17875 2 2 1 1 5985 5984 5986
17876 2 2 1 1 7136 6897 9518
17877 2 2 1 1 6197 6196 6198
17878 2 2 1 1 5897 8771 8962
17879 2 2 1 1 5998 5997 5999
17880 2 2 1 1 7659 1703 9152
17881 2 2 1 1 9539 1574 9557
17882 2 2 1 1 6011 6010 6012
17883 2 2 1 1 5660 1676 5661
17884 2 2 1 1 9407 4360 9636
17885 2 2 1 1 6427 6428 6429
17886 2 2 1 1 6407 6408 6409
17887 2 2 1 1 4966 4992 9734
17888 2 2 1 1 6899 6897 7136
17889 2 2 1 1 6388 6389 6393
17890 2 2 1 1 5759 5760 5761
17891 2 2 1 1 6451 6453 6454
17892 2 2 1 1 6480 1623 9267
17893 2 2 1 1 5009 9539 9557
17894 2 2 1 1 6353 6354 6355
17895 2 2 1 1 5683 1611 7294
17896 2 2 1 1 8975 1259 9778
17897 2 2 1 1 1821 6132 6133
17898 2 2 1 1 8641 6051 9208
17899 2 2 1 1 8770 5006 9345
17900 2 2 1 1 6401 6402 6403
17901 2 2 1 1 8378 1739 9753
17902 2 2 1 1 6500 6501 6503
17903 2 2 1 1 5689 5691 9116
17904 2 2 1 1 5050 8867 9335
17905 2 2 1 1 5368 8975 9778
17906 2 2 1 1 6136 6135 6138
17907 2 2 1 1 6100 6099 6101
17908 2 2 1 1 6024 6777 8859
17909 2 2 1 1 6234 6233 6235
17910 2 2 1 1 6115 6114 7259
17911 2 2 1 1 6121 6120 6122
17912 2 2 1 1 6498 6500 6502
17913 2 2 1 1 5541 5544 9473
17914 2 2 1 1 6177 6178 6179
17915 2 2 1 1 6184 6185 6186
17916 2 2 1 1 5927 5926 5929
17917 2 2 1 1 5554 5557 9494
17918 2 2 1 1 6166 6167 6168
17919 2 2 1 1 5554 5555 5557
17920 2 2 1 1 6154 6155 6156
17921 2 2 1 1 6949 6951 6952
17922 2 2 1 1 6119 6120 6121
17923 2 2 1 1 6113 6114 6115
17924 2 2 1 1 6374 6376 8711
17925 2 2 1 1 6098 6099 6100
17926 2 2 1 1 6156 6155 6157
17927 2 2 1 1 6134 6135 6136
17928 2 2 1 1 6009 6010 6011
17929 2 2 1 1 6003 6004 6005
17930 2 2 1 1 5983 5984 5985
17931 2 2 1 1 5541 5542 5544
17932 2 2 1 1 5862 5863 5864
17933 2 2 1 1 5832 5833 5834
17934 2 2 1 1 5996 5997 5998
17935 2 2 1 1 5948 5949 5950
17936 2 2 1 1 6107 6106 6108
17937 2 2 1 1 5725 5726 5727
17938 2 2 1 1 5806 5807 5808
17939 2 2 1 1 8280 2007 8281
17940 2 2 1 1 5686 2123 5687
17941 2 2 1 1 5001 9405 9695
17942 2 2 1 1 5675 5676 5677
17943 2 2 1 1 6090 6089 6091
17944 2 2 1 1 5959 5960 5961
17945 2 2 1 1 4886 4274 9686
17946 2 2 1 1 6186 6185 6187
17947 2 2 1 1 1872 8293 8294
17948 2 2 1 1 2005 6964 7143
17949 2 2 1 1 1833 8291 8292
17950 2 2 1 1 2306 2308 9764
17951 2 2 1 1 1608 6117 6118
17952 2 2 1 1 1979 6111 6112
17953 2 2 1 1 5794 5793 5795
17954 2 2 1 1 1901 7308 7309
17955 2 2 1 1 1980 6096 6097
17956 2 2 1 1 7908 3425 9741
17957 2 2 1 1 5751 5750 5753
17958 2 2 1 1 2682 7963 9203
17959 2 2 1 1 5968 5967 5969
17960 2 2 1 1 6355 6354 6356
17961 2 2 1 1 5748 2076 5749
17962 2 2 1 1 7715 7714 7716
17963 2 2 1 1 5884 5883 5885
17964 2 2 1 1 8702 7654 8928
17965 2 2 1 1 5857 5856 5858
17966 2 2 1 1 5777 8455 9728
17967 2 2 1 1 6377 6291 6378
17968 2 2 1 1 6545 6544 6546
17969 2 2 1 1 2744 7858 9244
17970 2 2 1 1 6409 6408 6410
17971 2 2 1 1 6429 6428 6430
17972 2 2 1 1 7344 6584 9354
17973 2 2 1 1 2159 6722 8744
17974 2 2 1 1 5885 5883 9644
17975 2 2 1 1 4787 8078 9389
17976 2 2 1 1 5689 5688 5690
17977 2 2 1 1 6583 6582 7039
17978 2 2 1 1 8607 6061 9404
17979 2 2 1 1 5656 5655 5657
17980 2 2 1 1 9048 4489 9122
17981 2 2 1 1 6370 1952 9270
17982 2 2 1 1 5586 5585 5588
17983 2 2 1 1 5563 5564 5565
17984 2 2 1 1 5663 5662 5664
17985 2 2 1 1 5534 5535 5537
17986 2 2 1 1 1986 6048 8336
17987 2 2 1 1 5772 2117 5773
17988 2 2 1 1 1997 7686 7687
17989 2 2 1 1 8125 6309 9377
17990 2 2 1 1 5795 5793 9765
17991 2 2 1 1 7186 5752 9733
17992 2 2 1 1 7684 1996 7685
17993 2 2 1 1 7722 5451 9629
17994 2 2 1 1 5791 1617 5792
17995 2 2 1 1 1445 8152 9698
17996 2 2 1 1 6584 6580 9354
17997 2 2 1 1 1899 7292 7293
17998 2 2 1 1 5969 5967 9322
17999 2 2 1 1 5735 8070 9736
18000 2 2 1 1 7400 3577 9246
18001 2 2 1 1 2141 7002 7003
18002 2 2 1 1 4234 8770 9345
18003 2 2 1 1 5931 8815 9022
18004 2 2 1 1 6667 6668 8943
18005 2 2 1 1 6599 6600 8955
18006 2 2 1 1 6342 7143 9589
18007 2 2 1 1 6619 7549 9446
18008 2 2 1 1 5847 1670 5848
18009 2 2 1 1 3402 8264 9776
18010 2 2 1 1 5622 5623 5625
18011 2 2 1 1 7644 3448 9750
18012 2 2 1 1 8773 6229 9124
18013 2 2 1 1 1989 5994 5995
18014 2 2 1 1 5587 8911 9229
18015 2 2 1 1 8313 1490 9746
18016 2 2 1 1 4646 7644 9750
18017 2 2 1 1 3436 7903 9213
18018 2 2 1 1 1993 6007 6008
18019 2 2 1 1 1729 6001 6002
18020 2 2 1 1 5763 5764 9651
18021 2 2 1 1 6460 6458 9810
18022 2 2 1 1 6637 6638 8960
18023 2 2 1 1 1438 9665 9768
18024 2 2 1 1 8650 8297 9218
18025 2 2 1 1 9665 6549 9768
18026 2 2 1 1 5559 7453 9551
18027 2 2 1 1 5898 2087 8693
18028 2 2 1 1 8291 8290 9039
18029 2 2 1 1 1735 5981 5982
18030 2 2 1 1 8293 8284 9040
18031 2 2 1 1 5324 7741 8916
18032 2 2 1 1 8981 2866 9690
18033 2 2 1 1 8493 3875 8967
18034 2 2 1 1 9558 5888 9621
18035 2 2 1 1 1999 5946 5947
18036 2 2 1 1 5871 5870 6574
18037 2 2 1 1 3999 7061 8361
18038 2 2 1 1 7505 8769 9076
18039 2 2 1 1 6242 7487 9551
18040 2 2 1 1 5774 8896 9161
18041 2 2 1 1 2746 7894 9604
18042 2 2 1 1 9091 5787 9251
18043 2 2 1 1 5924 1704 5925
18044 2 2 1 1 8225 5582 9543
18045 2 2 1 1 7615 1782 7616
18046 2 2 1 1 6389 6390 6391
18047 2 2 1 1 5664 5662 9763
18048 2 2 1 1 6981 3897 9477
18049 2 2 1 1 6453 8262 9517
18050 2 2 1 1 3439 7808 9357
18051 2 2 1 1 5671 5672 8735
18052 2 2 1 1 2155 7745 9688
18053 2 2 1 1 6292 1957 9288
18054 2 2 1 1 6965 1984 7338
18055 2 2 1 1 8611 4029 9168
18056 2 2 1 1 6945 1982 6946
18057 2 2 1 1 7603 1654 8894
18058 2 2 1 1 6902 8822 9776
18059 2 2 1 1 6925 1635 6926
18060 2 2 1 1 1800 5804 5805
18061 2 2 1 1 5975 1760 5976
18062 2 2 1 1 1663 5860 5861
18063 2 2 1 1 1778 5790 8426
18064 2 2 1 1 1637 5830 5831
18065 2 2 1 1 7728 2839 9712
18066 2 2 1 1 2945 7810 9353
18067 2 2 1 1 5657 5655 9454
18068 2 2 1 1 5989 1780 5990
18069 2 2 1 1 6031 2097 8328
18070 2 2 1 1 6086 4876 7772
18071 2 2 1 1 5538 8166 9346
18072 2 2 1 1 9651 5764 9710
18073 2 2 1 1 5992 1802 8412
18074 2 2 1 1 7999 5433 9628
18075 2 2 1 1 5993 2101 8599
18076 2 2 1 1 1883 6986 9478
18077 2 2 1 1 6045 2096 6046
18078 2 2 1 1 6574 8058 8530
18079 2 2 1 1 8288 9647 9794
18080 2 2 1 1 5518 5670 5671
18081 2 2 1 1 2962 7210 9728
18082 2 2 1 1 2158 6678 8744
18083 2 2 1 1 6078 6074 9428
18084 2 2 1 1 2106 6037 6038
18085 2 2 1 1 8144 4276 9437
18086 2 2 1 1 8732 7863 9027
18087 2 2 1 1 8328 4446 9084
18088 2 2 1 1 5887 6143 9166
18089 2 2 1 1 7573 4155 9701
18090 2 2 1 1 1700 5723 5724
18091 2 2 1 1 9054 2154 9803
18092 2 2 1 1 6880 2138 6881
18093 2 2 1 1 7700 4932 8737
18094 2 2 1 1 8042 3632 8673
18095 2 2 1 1 4648 7246 9631
18096 2 2 1 1 7547 7553 7554
18097 2 2 1 1 1829 5957 5958
18098 2 2 1 1 6052 1807 6053
18099 2 2 1 1 4186 6587 7888
18100 2 2 1 1 1854 6720 9003
18101 2 2 1 1 1974 8378 8379
18102 2 2 1 1 4721 8789 9198
18103 2 2 1 1 7836 3929 9253
18104 2 2 1 1 8833 5930 9213
18105 2 2 1 1 5375 8300 9730
18106 2 2 1 1 4002 8111 9510
18107 2 2 1 1 2148 5919 5920
18108 2 2 1 1 6066 2093 6067
18109 2 2 1 1 1716 6920 9046
18110 2 2 1 1 8691 2697 9124
18111 2 2 1 1 2789 7402 9742
18112 2 2 1 1 9011 4863 9328
18113 2 2 1 1 7205 1634 7258
18114 2 2 1 1 2794 8000 9204
18115 2 2 1 1 7898 7897 9711
18116 2 2 1 1 6952 6951 6953
18117 2 2 1 1 1898 7183 7184
18118 2 2 1 1 5658 8057 9228
18119 2 2 1 1 2700 7823 9393
18120 2 2 1 1 7994 1826 7995
18121 2 2 1 1 8694 1833 8695
18122 2 2 1 1 8210 8204 9475
18123 2 2 1 1 5637 5638 8885
18124 2 2 1 1 7935 9039 9466
18125 2 2 1 1 3416 8563 9077
18126 2 2 1 1 7501 1808 7502
18127 2 2 1 1 7175 1797 7176
18128 2 2 1 1 1810 7503 7504
18129 2 2 1 1 1696 5737 5738
18130 2 2 1 1 5341 8901 9447
18131 2 2 1 1 2027 5539 5540
18132 2 2 1 1 6036 6034 7116
18133 2 2 1 1 3418 7836 9253
18134 2 2 1 1 6809 6374 8711
18135 2 2 1 1 4524 8974 9632
18136 2 2 1 1 1648 5711 5712
18137 2 2 1 1 7158 1682 7159
18138 2 2 1 1 9411 3578 9666
18139 2 2 1 1 3970 6821 9052
18140 2 2 1 1 2030 5552 5553
18141 2 2 1 1 6903 6901 9131
18142 2 2 1 1 7437 6005 8615
18143 2 2 1 1 4495 8079 9175
18144 2 2 1 1 5886 9558 9671
18145 2 2 1 1 2455 8959 9598
18146 2 2 1 1 1873 8153 9582
18147 2 2 1 1 8552 6863 8608
18148 2 2 1 1 5967 6772 9322
18149 2 2 1 1 6835 8695 9234
18150 2 2 1 1 8669 8177 8840
18151 2 2 1 1 8278 4931 8912
18152 2 2 1 1 6242 6240 7487
18153 2 2 1 1 8988 5536 9050
18154 2 2 1 1 1840 5635 5636
18155 2 2 1 1 1779 7122 7217
18156 2 2 1 1 1801 7119 7120
18157 2 2 1 1 7140 5709 9527
18158 2 2 1 1 8694 8155 9706
18159 2 2 1 1 1591 5645 5646
18160 2 2 1 1 9204 6673 9783
18161 2 2 1 1 6394 6817 9120
18162 2 2 1 1 5972 5970 9402
18163 2 2 1 1 1907 7110 8080
18164 2 2 1 1 7106 1908 7107
18165 2 2 1 1 3840 7744 9578
18166 2 2 1 1 7101 1909 7220
18167 2 2 1 1 3667 7666 9543
18168 2 2 1 1 7102 1619 8362
18169 2 2 1 1 7004 7005 7006
18170 2 2 1 1 7487 6240 9297
18171 2 2 1 1 5883 6954 9644
18172 2 2 1 1 1692 8434 8435
18173 2 2 1 1 1784 5620 5621
18174 2 2 1 1 7956 3422 9409
18175 2 2 1 1 1842 6910 9055
18176 2 2 1 1 6259 6257 7467
18177 2 2 1 1 4496 8277 9480
18178 2 2 1 1 2057 5639 5640
18179 2 2 1 1 1745 5644 7667
18180 2 2 1 1 5940 5938 7134
18181 2 2 1 1 7890 8667 9646
18182 2 2 1 1 7271 6461 9735
18183 2 2 1 1 7945 5593 9038
18184 2 2 1 1 8235 4481 9406
18185 2 2 1 1 7732 8281 9249
18186 2 2 1 1 8617 7351 8798
18187 2 2 1 1 6895 6892 9452
18188 2 2 1 1 6962 5862 9655
18189 2 2 1 1 8142 1921 9083
18190 2 2 1 1 4599 8387 9221
18191 2 2 1 1 7012 1765 7013
18192 2 2 1 1 8207 8200 9059
18193 2 2 1 1 7881 1688 9061
18194 2 2 1 1 6078 6442 9767
18195 2 2 1 1 9030 5953 9107
18196 2 2 1 1 7911 2701 9439
18197 2 2 1 1 8327 4156 9561
18198 2 2 1 1 4538 8461 9238
18199 2 2 1 1 2132 5532 5533
18200 2 2 1 1 1605 5561 5562
18201 2 2 1 1 1581 7071 7072
18202 2 2 1 1 7246 9367 9631
18203 2 2 1 1 7689 4315 9505
18204 2 2 1 1 2073 5698 5699
18205 2 2 1 1 1633 5706 5707
18206 2 2 1 1 7467 6257 9296
18207 2 2 1 1 8375 1746 9060
18208 2 2 1 1 8649 7250 8650
18209 2 2 1 1 9501 1444 9698
18210 2 2 1 1 6394 6390 9327
18211 2 2 1 1 5392 9501 9698
18212 2 2 1 1 5876 5874 7150
18213 2 2 1 1 1720 7042 7043
18214 2 2 1 1 7754 8260 9576
18215 2 2 1 1 2127 5632 5633
18216 2 2 1 1 8277 4496 8968
18217 2 2 1 1 6963 6119 9592
18218 2 2 1 1 1843 6808 7561
18219 2 2 1 1 7549 8801 9446
18220 2 2 1 1 9174 8459 9590
18221 2 2 1 1 1750 7544 9217
18222 2 2 1 1 7775 1684 9157
18223 2 2 1 1 2081 5813 5814
18224 2 2 1 1 6354 6352 7409
18225 2 2 1 1 1751 5650 8265
18226 2 2 1 1 7635 1806 8903
18227 2 2 1 1 6868 8254 9399
18228 2 2 1 1 8814 3626 9517
18229 2 2 1 1 1740 5873 5874
18230 2 2 1 1 1681 5889 5890
18231 2 2 1 1 2089 5899 5900
18232 2 2 1 1 8055 1860 8568
18233 2 2 1 1 1727 5673 5674
18234 2 2 1 1 3431 7964 9464
18235 2 2 1 1 1957 6690 9289
18236 2 2 1 1 5816 5814 7168
18237 2 2 1 1 5567 5568 9088
18238 2 2 1 1 8771 5897 8772
18239 2 2 1 1 6431 8985 9461
18240 2 2 1 1 7465 5371 9616
18241 2 2 1 1 1884 6982 9736
18242 2 2 1 1 1711 5937 5938
18243 2 2 1 1 5332 8801 9073
18244 2 2 1 1 8065 5728 9324
18245 2 2 1 1 9049 4734 9279
18246 2 2 1 1 7640 1990 9433
18247 2 2 1 1 6408 6406 7429
18248 2 2 1 1 7190 8515 9020
18249 2 2 1 1 2120 5757 5758
18250 2 2 1 1 6967 1783 6968
18251 2 2 1 1 8804 2862 9705
18252 2 2 1 1 5892 5893 9559
18253 2 2 1 1 6865 1945 6866
18254 2 2 1 1 6884 9007 9462
18255 2 2 1 1 1955 7317 7318
18256 2 2 1 1 3613 8011 9119
18257 2 2 1 1 9536 6936 9723
18258 2 2 1 1 8037 3896 9693
18259 2 2 1 1 2862 8761 9705
18260 2 2 1 1 7162 8716 9215
18261 2 2 1 1 2794 9204 9783
18262 2 2 1 1 1845 6983 9639
18263 2 2 1 1 2103 6033 6034
18264 2 2 1 1 8563 3923 9190
18265 2 2 1 1 7033 5846 8081
18266 2 2 1 1 5324 8916 9180
18267 2 2 1 1 6267 6266 6268
18268 2 2 1 1 8818 6490 9607
18269 2 2 1 1 6237 6234 6238
18270 2 2 1 1 6504 6502 6505
18271 2 2 1 1 6455 6454 6456
18272 2 2 1 1 1841 8130 9548
18273 2 2 1 1 7276 6189 9761
18274 2 2 1 1 1660 5819 5820
18275 2 2 1 1 2112 5837 5838
18276 2 2 1 1 7800 4935 9660
18277 2 2 1 1 6307 8778 9615
18278 2 2 1 1 1803 5907 7280
18279 2 2 1 1 6819 1750 6820
18280 2 2 1 1 1839 8228 8841
18281 2 2 1 1 6929 6926 9735
18282 2 2 1 1 7424 7468 9311
18283 2 2 1 1 1759 5908 8279
18284 2 2 1 1 4468 7373 9809
18285 2 2 1 1 6828 1728 6829
18286 2 2 1 1 6311 2061 6312
18287 2 2 1 1 4544 8412 8915
18288 2 2 1 1 2703 7857 9508
18289 2 2 1 1 6544 6542 7482
18290 2 2 1 1 4941 7562 9598
18291 2 2 1 1 7995 1826 7996
18292 2 2 1 1 6558 6556 7483
18293 2 2 1 1 2102 5936 8278
18294 2 2 1 1 5626 7940 8755
18295 2 2 1 1 1723 7945 9038
18296 2 2 1 1 7104 7217 8945
18297 2 2 1 1 5871 6574 8530
18298 2 2 1 1 6337 1595 7394
18299 2 2 1 1 7903 8833 9213
18300 2 2 1 1 6804 1966 6805
18301 2 2 1 1 7977 2765 9461
18302 2 2 1 1 9014 4522 9632
18303 2 2 1 1 3887 8038 8309
18304 2 2 1 1 1952 6666 9271
18305 2 2 1 1 6798 1622 6799
18306 2 2 1 1 6791 1758 6792
18307 2 2 1 1 8766 7911 9439
18308 2 2 1 1 8483 6018 9150
18309 2 2 1 1 5358 8435 8998
18310 2 2 1 1 5701 5699 7208
18311 2 2 1 1 4427 7394 9516
18312 2 2 1 1 6784 1972 6785
18313 2 2 1 1 1695 7289 9351
18314 2 2 1 1 1647 7282 9361
18315 2 2 1 1 7409 6352 9313
18316 2 2 1 1 5893 7163 9559
18317 2 2 1 1 7045 6583 7046
18318 2 2 1 1 3607 8029 8988
18319 2 2 1 1 9574 3428 9633
18320 2 2 1 1 6942 1598 9153
18321 2 2 1 1 8087 5865 9316
18322 2 2 1 1 7062 6952 7063
18323 2 2 1 1 6397 1763 8277
18324 2 2 1 1 8418 6876 9591
18325 2 2 1 1 6911 6912 6913
18326 2 2 1 1 1675 6836 6837
18327 2 2 1 1 6906 6905 6907
18328 2 2 1 1 7857 8778 9508
18329 2 2 1 1 7703 7704 7705
18330 2 2 1 1 6978 9378 9379
18331 2 2 1 1 8140 8138 9081
18332 2 2 1 1 5858 6934 7521
18333 2 2 1 1 1944 8555 8556
18334 2 2 1 1 8402 5358 8998
18335 2 2 1 1 1958 6823 6824
18336 2 2 1 1 3601 8053 8980
18337 2 2 1 1 1438 9299 9491
18338 2 2 1 1 6462 1652 6463
18339 2 2 1 1 9299 6381 9491
18340 2 2 1 1 1613 6140 7761
18341 2 2 1 1 6224 6715 9108
18342 2 2 1 1 1623 6636 9268
18343 2 2 1 1 6743 1614 6744
18344 2 2 1 1 8732 6058 9482
18345 2 2 1 1 7805 6648 9601
18346 2 2 1 1 6576 5810 9111
18347 2 2 1 1 7429 6406 9329
18348 2 2 1 1 4875 8313 9737
18349 2 2 1 1 7328 8124 9114
18350 2 2 1 1 3435 8242 9795
18351 2 2 1 1 2113 7363 9317
18352 2 2 1 1 8307 7706 9500
18353 2 2 1 1 7782 1964 9136
18354 2 2 1 1 7571 1967 8942
18355 2 2 1 1 7919 8067 9430
18356 2 2 1 1 1616 6816 6817
18357 2 2 1 1 8045 2756 9816
18358 2 2 1 1 8157 5694 9202
18359 2 2 1 1 7791 6321 9709
18360 2 2 1 1 1967 6796 7272
18361 2 2 1 1 5963 8538 9486
18362 2 2 1 1 7330 9251 9269
18363 2 2 1 1 4093 8736 9186
18364 2 2 1 1 2080 6160 6161
18365 2 2 1 1 7578 1671 8947
18366 2 2 1 1 7386 7519 9300
18367 2 2 1 1 7951 3428 9574
18368 2 2 1 1 6934 5858 9153
18369 2 2 1 1 6894 8340 9452
18370 2 2 1 1 7823 9173 9393
18371 2 2 1 1 6720 1888 6721
18372 2 2 1 1 7163 7161 9215
18373 2 2 1 1 8819 7782 9136
18374 2 2 1 1 6825 6824 8979
18375 2 2 1 1 6763 6762 6764
18376 2 2 1 1 7159 7160 7161
18377 2 2 1 1 7185 7184 7186
18378 2 2 1 1 6644 6643 8919
18379 2 2 1 1 7107 7108 7109
18380 2 2 1 1 8311 4509 8595
18381 2 2 1 1 7218 7217 9211
18382 2 2 1 1 8554 1612 8904
18383 2 2 1 1 8067 6392 9430
18384 2 2 1 1 2866 9641 9690
18385 2 2 1 1 8504 3014 9523
18386 2 2 1 1 6968 6969 6970
18387 2 2 1 1 9069 7465 9616
18388 2 2 1 1 7396 7532 9305
18389 2 2 1 1 7398 4336 9729
18390 2 2 1 1 8542 6531 9053
18391 2 2 1 1 6593 1579 6594
18392 2 2 1 1 5260 8723 9239
18393 2 2 1 1 7615 7616 8268
18394 2 2 1 1 5895 5892 9559
18395 2 2 1 1 5856 6942 9153
18396 2 2 1 1 6598 2041 6599
18397 2 2 1 1 6829 6830 6831
18398 2 2 1 1 6690 1789 6691
18399 2 2 1 1 6561 6560 6562
18400 2 2 1 1 8264 7498 9776
18401 2 2 1 1 9 5733 9182
18402 2 2 1 1 6433 8133 8717
18403 2 2 1 1 1524 8475 9630
18404 2 2 1 1 6538 6537 8820
18405 2 2 1 1 7804 1867 9757
18406 2 2 1 1 8080 7033 8081
18407 2 2 1 1 7769 3599 9586
18408 2 2 1 1 6005 6004 8615
18409 2 2 1 1 6015 8216 8648
18410 2 2 1 1 1977 6774 6775
18411 2 2 1 1 6511 6510 8528
18412 2 2 1 1 3427 9651 9710
18413 2 2 1 1 1743 6598 9255
18414 2 2 1 1 8723 6364 9239
18415 2 2 1 1 2071 6593 9097
18416 2 2 1 1 3610 9525 9756
18417 2 2 1 1 6482 6481 6483
18418 2 2 1 1 3450 8622 9392
18419 2 2 1 1 5638 5636 8450
18420 2 2 1 1 6666 1823 6667
18421 2 2 1 1 6415 6414 6416
18422 2 2 1 1 7482 6542 9342
18423 2 2 1 1 8304 8303 8307
18424 2 2 1 1 6372 6371 6373
18425 2 2 1 1 1756 6766 6767
18426 2 2 1 1 1794 6761 6762
18427 2 2 1 1 8777 7949 9637
18428 2 2 1 1 7483 6556 9348
18429 2 2 1 1 6594 6595 8415
18430 2 2 1 1 7407 7557 9302
18431 2 2 1 1 1685 8103 9264
18432 2 2 1 1 6636 2037 6637
18433 2 2 1 1 7413 7559 9301
18434 2 2 1 1 6303 6302 6304
18435 2 2 1 1 6294 6293 6295
18436 2 2 1 1 1990 6755 7123
18437 2 2 1 1 3428 7908 9633
18438 2 2 1 1 7949 3368 9637
18439 2 2 1 1 6281 6280 6282
18440 2 2 1 1 2064 6279 6280
18441 2 2 1 1 7404 7565 9295
18442 2 2 1 1 7851 7890 9646
18443 2 2 1 1 6891 6890 6892
18444 2 2 1 1 6463 6464 6465
18445 2 2 1 1 2745 9704 9732
18446 2 2 1 1 1774 8492 8515
18447 2 2 1 1 8772 5895 9559
18448 2 2 1 1 7008 7989 9218
18449 2 2 1 1 7373 3471 9809
18450 2 2 1 1 6938 6939 7414
18451 2 2 1 1 1790 6292 6293
18452 2 2 1 1 9208 6051 9704
18453 2 2 1 1 6934 6933 7521
18454 2 2 1 1 2062 6301 6302
18455 2 2 1 1 6266 6265 8673
18456 2 2 1 1 1994 7643 9167
18457 2 2 1 1 8262 7260 9517
18458 2 2 1 1 6312 6313 6314
18459 2 2 1 1 3427 7850 9651
18460 2 2 1 1 2141 7003 7433
18461 2 2 1 1 5625 5626 8755
18462 2 2 1 1 7986 3640 9500
18463 2 2 1 1 7745 614 9688
18464 2 2 1 1 612 2157 9689
18465 2 2 1 1 8719 8226 8720
18466 2 2 1 1 6162 6161 6163
18467 2 2 1 1 1949 6434 9122
18468 2 2 1 1 1824 6370 6371
18469 2 2 1 1 7767 6923 9383
18470 2 2 1 1 6871 6870 6872
18471 2 2 1 1 6505 8267 9586
18472 2 2 1 1 6953 8442 9397
18473 2 2 1 1 7773 7439 9184
18474 2 2 1 1 2082 8064 9114
18475 2 2 1 1 9005 1287 9212
18476 2 2 1 1 4482 9005 9212
18477 2 2 1 1 7623 7441 9183
18478 2 2 1 1 9441 9249 9541
18479 2 2 1 1 1667 6413 6414
18480 2 2 1 1 6936 9722 9723
18481 2 2 1 1 1601 8215 9272
18482 2 2 1 1 8172 7805 9661
18483 2 2 1 1 1948 6462 9350
18484 2 2 1 1 1717 6440 6441
18485 2 2 1 1 2158 1217 6678
18486 2 2 1 1 7630 7448 9188
18487 2 2 1 1 1929 7443 8402
18488 2 2 1 1 2051 6480 6481
18489 2 2 1 1 6076 8319 9433
18490 2 2 1 1 4458 8652 9004
18491 2 2 1 1 6673 6411 9783
18492 2 2 1 1 6941 6753 9376
18493 2 2 1 1 7162 8715 8716
18494 2 2 1 1 6067 6068 6069
18495 2 2 1 1 8130 2058 9549
18496 2 2 1 1 2047 6509 6510
18497 2 2 1 1 6053 6054 6055
18498 2 2 1 1 1566 9747 9802
18499 2 2 1 1 9747 5507 9802
18500 2 2 1 1 7506 7371 9210
18501 2 2 1 1 5839 5838 5840
18502 2 2 1 1 5821 5820 5822
18503 2 2 1 1 1832 6536 6537
18504 2 2 1 1 6689 6688 9458
18505 2 2 1 1 8165 5538 9098
18506 2 2 1 1 5759 5758 5760
18507 2 2 1 1 8651 3457 9428
18508 2 2 1 1 4943 7218 9211
18509 2 2 1 1 1857 6869 6870
18510 2 2 1 1 3414 7809 9676
18511 2 2 1 1 2045 6559 6560
18512 2 2 1 1 5675 5674 5676
18513 2 2 1 1 7964 3427 9710
18514 2 2 1 1 5848 5849 5850
18515 2 2 1 1 6709 7893 9434
18516 2 2 1 1 5792 5793 5794
18517 2 2 1 1 2044 6592 6716
18518 2 2 1 1 5634 5633 8028
18519 2 2 1 1 7828 6283 9181
18520 2 2 1 1 5961 5962 9190
18521 2 2 1 1 9434 7063 9495
18522 2 2 1 1 9176 4246 9774
18523 2 2 1 1 6872 6870 7507
18524 2 2 1 1 4434 8493 8967
18525 2 2 1 1 3433 7851 9721
18526 2 2 1 1 7163 9439 9559
18527 2 2 1 1 2766 8963 9166
18528 2 2 1 1 5687 5688 5689
18529 2 2 1 1 7213 8060 9668
18530 2 2 1 1 8822 3402 9776
18531 2 2 1 1 5563 5562 5564
18532 2 2 1 1 3425 9080 9741
18533 2 2 1 1 5534 5533 5535
18534 2 2 1 1 5661 5662 5663
18535 2 2 1 1 1822 8541 8542
18536 2 2 1 1 8985 7977 9461
18537 2 2 1 1 7850 3465 9700
18538 2 2 1 1 7487 5559 9551
18539 2 2 1 1 6722 2159 9717
18540 2 2 1 1 7536 7391 9199
18541 2 2 1 1 3619 7039 9679
18542 2 2 1 1 5622 5621 5623
18543 2 2 1 1 1577 7607 8227
18544 2 2 1 1 7971 2745 9732
18545 2 2 1 1 8502 4416 9503
18546 2 2 1 1 1674 6311 9133
18547 2 2 1 1 5637 5636 5638
18548 2 2 1 1 7808 9077 9357
18549 2 2 1 1 2801 7904 9748
18550 2 2 1 1 1594 6687 6688
18551 2 2 1 1 5388 8647 9440
18552 2 2 1 1 7468 5805 9311
18553 2 2 1 1 1651 6642 6643
18554 2 2 1 1 7494 1813 9021
18555 2 2 1 1 5713 5712 5714
18556 2 2 1 1 8749 3475 9168
18557 2 2 1 1 1764 6646 6647
18558 2 2 1 1 5739 5738 5740
18559 2 2 1 1 2136 6932 6933
18560 2 2 1 1 7595 1664 9584
18561 2 2 1 1 6957 1859 6958
18562 2 2 1 1 7602 2134 8161
18563 2 2 1 1 7452 7681 9291
18564 2 2 1 1 6937 1918 6938
18565 2 2 1 1 1917 8348 8349
18566 2 2 1 1 8769 3426 9076
18567 2 2 1 1 5960 5958 8737
18568 2 2 1 1 5921 5920 8223
18569 2 2 1 1 8584 6382 8585
18570 2 2 1 1 1798 8208 8429
18571 2 2 1 1 6750 7732 9441
18572 2 2 1 1 5807 5805 7468
18573 2 2 1 1 6919 9055 9401
18574 2 2 1 1 1781 6889 6890
18575 2 2 1 1 5869 5870 5871
18576 2 2 1 1 7528 6342 9589
18577 2 2 1 1 5959 5958 5960
18578 2 2 1 1 6035 6034 6036
18579 2 2 1 1 5580 5578 5581
18580 2 2 1 1 8477 7754 9576
18581 2 2 1 1 9077 5962 9357
18582 2 2 1 1 5912 5913 5914
18583 2 2 1 1 4964 9359 9812
18584 2 2 1 1 7873 7882 8432
18585 2 2 1 1 6039 6038 6040
18586 2 2 1 1 9141 7956 9409
18587 2 2 1 1 5939 5938 5940
18588 2 2 1 1 7479 1786 9036
18589 2 2 1 1 5925 5926 5927
18590 2 2 1 1 5875 5874 5876
18591 2 2 1 1 5901 5900 5902
18592 2 2 1 1 5891 5890 5892
18593 2 2 1 1 5815 5814 5816
18594 2 2 1 1 6058 8732 9027
18595 2 2 1 1 8302 2001 8303
18596 2 2 1 1 4248 9160 9774
18597 2 2 1 1 5949 5947 7519
18598 2 2 1 1 1836 7702 7703
18599 2 2 1 1 8139 8062 9169
18600 2 2 1 1 1863 7540 8797
18601 2 2 1 1 7955 2794 9783
18602 2 2 1 1 6423 8914 9082
18603 2 2 1 1 5659 5657 8977
18604 2 2 1 1 8610 1522 9815
18605 2 2 1 1 5749 5750 5751
18606 2 2 1 1 1878 7828 9181
18607 2 2 1 1 5708 5707 5709
18608 2 2 1 1 8198 6661 9292
18609 2 2 1 1 5984 5982 7532
18610 2 2 1 1 5700 5699 5701
18611 2 2 1 1 8870 7899 8871
18612 2 2 1 1 7519 5947 9300
18613 2 2 1 1 1876 8719 8720
18614 2 2 1 1 3443 9577 9807
18615 2 2 1 1 6004 6002 7557
18616 2 2 1 1 6010 6008 7559
18617 2 2 1 1 9367 3473 9631
18618 2 2 1 1 6928 6926 6929
18619 2 2 1 1 5641 5640 5642
18620 2 2 1 1 5997 5995 7565
18621 2 2 1 1 7979 3651 9613
18622 2 2 1 1 5631 8966 8967
18623 2 2 1 1 7532 5982 9305
18624 2 2 1 1 7484 4939 9649
18625 2 2 1 1 8667 8241 9646
18626 2 2 1 1 7458 1822 9053
18627 2 2 1 1 7137 7136 9518
18628 2 2 1 1 9505 4315 9773
18629 2 2 1 1 8672 3960 9542
18630 2 2 1 1 7168 4423 8798
18631 2 2 1 1 1862 6904 6905
18632 2 2 1 1 7978 2678 9787
18633 2 2 1 1 6163 6161 8022
18634 2 2 1 1 5593 8312 9390
18635 2 2 1 1 6080 8952 8965
18636 2 2 1 1 5554 5553 5555
18637 2 2 1 1 5882 5884 7506
18638 2 2 1 1 8230 6137 9278
18639 2 2 1 1 7006 7007 9523
18640 2 2 1 1 5584 5585 5586
18641 2 2 1 1 5541 5540 5542
18642 2 2 1 1 7557 6002 9302
18643 2 2 1 1 7559 6008 9301
18644 2 2 1 1 6085 7772 7773
18645 2 2 1 1 5654 5655 5656
18646 2 2 1 1 7451 1607 9063
18647 2 2 1 1 6648 6647 9601
18648 2 2 1 1 6088 6090 7623
18649 2 2 1 1 7449 1939 9064
18650 2 2 1 1 6105 6107 7630
18651 2 2 1 1 4295 8499 9619
18652 2 2 1 1 5966 5968 7536
18653 2 2 1 1 7565 5995 9295
18654 2 2 1 1 6881 6882 6883
18655 2 2 1 1 5725 5724 5726
18656 2 2 1 1 5855 5856 5857
18657 2 2 1 1 5882 5883 5884
18658 2 2 1 1 7013 7014 9669
18659 2 2 1 1 5832 5831 5833
18660 2 2 1 1 5862 5861 5863
18661 2 2 1 1 5806 5805 5807
18662 2 2 1 1 8643 6382 9375
18663 2 2 1 1 8529 8732 9482
18664 2 2 1 1 6910 1914 6911
18665 2 2 1 1 7410 2098 9785
18666 2 2 1 1 5966 5967 5968
18667 2 2 1 1 1680 7865 7866
18668 2 2 1 1 1601 8214 8215
18669 2 2 1 1 5948 5947 5949
18670 2 2 1 1 8200 1869 8816
18671 2 2 1 1 5983 5982 5984
18672 2 2 1 1 8204 2024 8205
18673 2 2 1 1 6003 6002 6004
18674 2 2 1 1 6009 6008 6010
18675 2 2 1 1 3627 7986 9521
18676 2 2 1 1 5996 5995 5997
18677 2 2 1 1 6876 6875 9050
18678 2 2 1 1 1935 8073 8675
18679 2 2 1 1 6085 6086 7772
18680 2 2 1 1 6105 6106 6107
18681 2 2 1 1 6088 6089 6090
18682 2 2 1 1 6120 6118 7681
18683 2 2 1 1 6098 6097 6099
18684 2 2 1 1 6113 6112 6114
18685 2 2 1 1 6119 6118 6120
18686 2 2 1 1 6085 7773 9184
18687 2 2 1 1 7144 7143 9647
18688 2 2 1 1 6903 8763 9362
18689 2 2 1 1 6134 6133 6135
18690 2 2 1 1 6088 7623 9183
18691 2 2 1 1 5869 5871 9413
18692 2 2 1 1 5976 5977 9062
18693 2 2 1 1 6154 6153 6155
18694 2 2 1 1 6166 6165 6167
18695 2 2 1 1 6105 7630 9188
18696 2 2 1 1 6195 6196 6197
18697 2 2 1 1 8155 8694 8695
18698 2 2 1 1 6177 6176 6178
18699 2 2 1 1 6629 3811 9174
18700 2 2 1 1 6223 6224 6225
18701 2 2 1 1 6231 6232 6233
18702 2 2 1 1 6184 6183 6185
18703 2 2 1 1 8408 6941 9376
18704 2 2 1 1 7426 1934 9078
18705 2 2 1 1 2749 8990 9769
18706 2 2 1 1 8761 5158 9705
18707 2 2 1 1 7480 7807 9277
18708 2 2 1 1 6241 6240 6242
18709 2 2 1 1 6263 6264 6265
18710 2 2 1 1 6289 6290 6291
18711 2 2 1 1 6258 6257 6259
18712 2 2 1 1 6323 6324 6325
18713 2 2 1 1 1770 8015 8016
18714 2 2 1 1 7188 7186 9733
18715 2 2 1 1 5160 8804 9705
18716 2 2 1 1 6399 6400 6401
18717 2 2 1 1 7420 1753 9100
18718 2 2 1 1 6451 6452 6453
18719 2 2 1 1 6353 6352 6354
18720 2 2 1 1 6492 6493 6494
18721 2 2 1 1 6388 6387 6389
18722 2 2 1 1 6498 6499 6500
18723 2 2 1 1 6407 6406 6408
18724 2 2 1 1 7444 7445 8852
18725 2 2 1 1 6427 6426 6428
18726 2 2 1 1 8241 7299 8477
18727 2 2 1 1 8286 6941 8408
18728 2 2 1 1 5644 2146 9366
18729 2 2 1 1 7770 7510 9162
18730 2 2 1 1 6557 6556 6558
18731 2 2 1 1 6543 6542 6544
18732 2 2 1 1 6581 6580 6582
18733 2 2 1 1 8172 5492 8827
18734 2 2 1 1 7717 8477 9576
18735 2 2 1 1 8138 2055 8139
18736 2 2 1 1 9022 7960 9672
18737 2 2 1 1 1834 8059 8060
18738 2 2 1 1 2058 8131 8132
18739 2 2 1 1 1866 8063 8202
18740 2 2 1 1 8064 1841 8501
18741 2 2 1 1 1773 7438 9155
18742 2 2 1 1 7403 1931 9093
18743 2 2 1 1 6223 6225 7770
18744 2 2 1 1 4509 8311 9477
18745 2 2 1 1 8764 6903 9131
18746 2 2 1 1 7294 1611 8899
18747 2 2 1 1 7412 1930 9101
18748 2 2 1 1 7406 1726 9102
18749 2 2 1 1 6167 6165 7807
18750 2 2 1 1 7309 7308 8905
18751 2 2 1 1 7293 7292 8911
18752 2 2 1 1 7419 7374 8910
18753 2 2 1 1 8693 2087 8909
18754 2 2 1 1 7384 7383 8912
18755 2 2 1 1 6898 6897 6899
18756 2 2 1 1 3811 8735 9174
18757 2 2 1 1 8412 1802 8915
18758 2 2 1 1 7741 7417 8916
18759 2 2 1 1 8599 2101 8917
18760 2 2 1 1 8336 4092 9514
18761 2 2 1 1 1871 8650 9218
18762 2 2 1 1 8778 7962 9615
18763 2 2 1 1 7476 7477 9725
18764 2 2 1 1 6949 6950 6951
18765 2 2 1 1 7163 8766 9439
18766 2 2 1 1 2982 9069 9616
18767 2 2 1 1 7007 8504 9523
18768 2 2 1 1 7681 6118 9291
18769 2 2 1 1 1719 6066 9179
18770 2 2 1 1 6168 6167 8858
18771 2 2 1 1 7395 1734 9109
18772 2 2 1 1 8221 4459 9807
18773 2 2 1 1 8103 1920 8104
18774 2 2 1 1 5882 7506 9210
18775 2 2 1 1 7495 7909 9280
18776 2 2 1 1 5552 1647 9361
18777 2 2 1 1 6923 6922 7714
18778 2 2 1 1 4497 8171 9661
18779 2 2 1 1 1985 6052 9201
18780 2 2 1 1 5763 9651 9700
18781 2 2 1 1 8032 7464 8936
18782 2 2 1 1 4085 6341 8865
18783 2 2 1 1 5539 1695 9351
18784 2 2 1 1 7437 3619 9679
18785 2 2 1 1 6185 6183 7909
18786 2 2 1 1 6584 7437 9679
18787 2 2 1 1 7385 1924 9115
18788 2 2 1 1 4185 8415 8980
18789 2 2 1 1 8778 6307 9508
18790 2 2 1 1 1768 8437 9363
18791 2 2 1 1 5966 7536 9199
18792 2 2 1 1 5535 5536 8988
18793 2 2 1 1 6741 1721 8853
18794 2 2 1 1 7851 9646 9721
18795 2 2 1 1 1754 6045 9197
18796 2 2 1 1 1833 8292 8695
18797 2 2 1 1 5537 5535 9758
18798 2 2 1 1 6808 6807 6809
18799 2 2 1 1 8541 6533 8542
18800 2 2 1 1 5535 8988 9758
18801 2 2 1 1 1865 8165 9098
18802 2 2 1 1 6282 6280 8585
18803 2 2 1 1 6080 1825 8952
18804 2 2 1 1 9251 5787 9269
18805 2 2 1 1 6453 6452 8262
18806 2 2 1 1 1928 7390 9178
18807 2 2 1 1 6399 6401 8005
18808 2 2 1 1 7003 7002 7004
18809 2 2 1 1 7205 7258 8927
18810 2 2 1 1 5723 2121 9324
18811 2 2 1 1 5732 2130 9104
18812 2 2 1 1 7804 6648 7805
18813 2 2 1 1 8716 7962 9146
18814 2 2 1 1 6492 6494 8024
18815 2 2 1 1 1269 8809 9771
18816 2 2 1 1 7184 7183 8933
18817 2 2 1 1 6595 6776 8415
18818 2 2 1 1 7164 2154 9660
18819 2 2 1 1 4868 8888 9573
18820 2 2 1 1 5733 8602 9182
18821 2 2 1 1 5790 2116 9312
18822 2 2 1 1 7367 1662 9132
18823 2 2 1 1 5804 2114 9311
18824 2 2 1 1 9477 8311 9639
18825 2 2 1 1 7356 1801 9134
18826 2 2 1 1 1597 8157 9202
18827 2 2 1 1 9464 7964 9710
18828 2 2 1 1 8166 1817 9346
18829 2 2 1 1 5830 2113 9317
18830 2 2 1 1 5860 2111 9316
18831 2 2 1 1 1875 8334 9248
18832 2 2 1 1 5353 8777 9637
18833 2 2 1 1 7349 1761 9161
18834 2 2 1 1 7636 7635 8903
18835 2 2 1 1 8319 7640 9433
18836 2 2 1 1 8528 6510 9070
18837 2 2 1 1 8029 3652 9758
18838 2 2 1 1 8652 1854 9003
18839 2 2 1 1 9058 3613 9119
18840 2 2 1 1 6377 6378 8977
18841 2 2 1 1 5946 1712 9300
18842 2 2 1 1 6314 6313 8463
18843 2 2 1 1 7807 6165 9277
18844 2 2 1 1 9413 8970 9448
18845 2 2 1 1 5659 9553 9554
18846 2 2 1 1 7158 7159 8938
18847 2 2 1 1 6223 7770 9162
18848 2 2 1 1 9681 1228 9682
18849 2 2 1 1 5981 2100 9305
18850 2 2 1 1 1981 6957 9226
18851 2 2 1 1 1588 6937 9308
18852 2 2 1 1 5994 1741 9295
18853 2 2 1 1 7335 1701 9163
18854 2 2 1 1 6001 2099 9302
18855 2 2 1 1 2009 5847 9240
18856 2 2 1 1 6007 1683 9301
18857 2 2 1 1 1745 7667 9013
18858 2 2 1 1 7735 7571 8942
18859 2 2 1 1 1762 5772 9237
18860 2 2 1 1 7992 8593 8680
18861 2 2 1 1 8435 8434 8998
18862 2 2 1 1 7502 1808 8995
18863 2 2 1 1 7579 7578 8947
18864 2 2 1 1 1642 8286 9467
18865 2 2 1 1 7989 1871 9218
18866 2 2 1 1 1955 7318 9020
18867 2 2 1 1 2012 5791 9230
18868 2 2 1 1 7554 7553 9007
18869 2 2 1 1 6048 1795 9287
18870 2 2 1 1 6946 1982 9017
18871 2 2 1 1 7338 1984 9018
18872 2 2 1 1 8556 8555 9045
18873 2 2 1 1 2154 9054 9660
18874 2 2 1 1 8379 8378 9753
18875 2 2 1 1 6392 9120 9430
18876 2 2 1 1 7909 6183 9280
18877 2 2 1 1 7610 6226 9108
18878 2 2 1 1 7217 7122 8945
18879 2 2 1 1 9651 7850 9700
18880 2 2 1 1 7120 7119 8946
18881 2 2 1 1 8292 8291 9039
18882 2 2 1 1 8294 8293 9040
18883 2 2 1 1 1618 5993 9476
18884 2 2 1 1 6096 1625 9293
18885 2 2 1 1 8080 7110 8950
18886 2 2 1 1 6111 1632 9292
18887 2 2 1 1 7106 7107 8951
18888 2 2 1 1 6117 2088 9291
18889 2 2 1 1 1596 5686 9252
18890 2 2 1 1 7662 1716 9046
18891 2 2 1 1 6132 2084 9278
18892 2 2 1 1 7102 8362 8917
18893 2 2 1 1 7101 7220 8915
18894 2 2 1 1 1677 5898 9457
18895 2 2 1 1 8757 5506 9746
18896 2 2 1 1 7033 8080 8950
18897 2 2 1 1 6919 1842 9055
18898 2 2 1 1 8208 8207 9059
18899 2 2 1 1 6428 6426 8191
18900 2 2 1 1 7882 7881 9061
18901 2 2 1 1 7249 6893 7617
18902 2 2 1 1 2019 5660 9260
18903 2 2 1 1 8554 8904 9045
18904 2 2 1 1 1902 7312 9245
18905 2 2 1 1 7495 7494 9021
18906 2 2 1 1 7260 8814 9517
18907 2 2 1 1 8005 7575 9137
18908 2 2 1 1 9430 5796 9614
18909 2 2 1 1 9553 2232 9554
18910 2 2 1 1 1912 7615 8268
18911 2 2 1 1 6907 6905 9474
18912 2 2 1 1 7480 7479 9036
18913 2 2 1 1 6164 2079 9277
18914 2 2 1 1 6040 6041 9119
18915 2 2 1 1 6640 1949 9122
18916 2 2 1 1 8914 8140 9081
18917 2 2 1 1 6298 6295 9525
18918 2 2 1 1 8230 7458 9053
18919 2 2 1 1 7072 7071 8970
18920 2 2 1 1 6175 1587 9290
18921 2 2 1 1 1699 8763 8764
18922 2 2 1 1 7643 8079 9167
18923 2 2 1 1 8228 4938 8841
18924 2 2 1 1 8934 7420 9100
18925 2 2 1 1 6936 2071 9097
18926 2 2 1 1 6182 2077 9280
18927 2 2 1 1 7452 7451 9063
18928 2 2 1 1 6916 9141 9409
18929 2 2 1 1 8198 7449 9064
18930 2 2 1 1 6984 8311 8595
18931 2 2 1 1 8024 7590 9130
18932 2 2 1 1 4999 9505 9773
18933 2 2 1 1 8073 8490 8675
18934 2 2 1 1 8367 1674 9133
18935 2 2 1 1 6538 8820 9243
18936 2 2 1 1 8124 2082 9114
18937 2 2 1 1 1925 8417 9591
18938 2 2 1 1 8914 6423 9530
18939 2 2 1 1 9111 3414 9676
18940 2 2 1 1 7427 7426 9078
18941 2 2 1 1 6482 6483 8671
18942 2 2 1 1 6069 6068 8571
18943 2 2 1 1 6041 9058 9119
18944 2 2 1 1 8662 8127 9779
18945 2 2 1 1 6434 1777 9048
18946 2 2 1 1 1926 8595 9513
18947 2 2 1 1 1837 5854 9347
18948 2 2 1 1 6764 6762 9514
18949 2 2 1 1 6415 6416 8677
18950 2 2 1 1 1627 8085 9306
18951 2 2 1 1 3599 8269 9586
18952 2 2 1 1 9288 1957 9289
18953 2 2 1 1 5773 2117 8896
18954 2 2 1 1 6825 8979 9516
18955 2 2 1 1 6461 9528 9735
18956 2 2 1 1 4544 7220 9751
18957 2 2 1 1 7404 7403 9093
18958 2 2 1 1 6399 8005 9137
18959 2 2 1 1 9270 1952 9271
18960 2 2 1 1 6239 2068 9297
18961 2 2 1 1 7413 7412 9101
18962 2 2 1 1 7407 7406 9102
18963 2 2 1 1 8553 1876 9333
18964 2 2 1 1 8459 1575 9590
18965 2 2 1 1 1751 8265 8905
18966 2 2 1 1 9267 1623 9268
18967 2 2 1 1 7396 7395 9109
18968 2 2 1 1 8896 7349 9161
18969 2 2 1 1 7162 8568 8715
18970 2 2 1 1 5396 9400 9620
18971 2 2 1 1 9400 6436 9620
18972 2 2 1 1 7386 7385 9115
18973 2 2 1 1 9254 1743 9255
18974 2 2 1 1 8228 6558 9649
18975 2 2 1 1 6256 2065 9296
18976 2 2 1 1 9263 1685 9264
18977 2 2 1 1 7438 7439 9155
18978 2 2 1 1 6492 8024 9130
18979 2 2 1 1 6985 9513 9590
18980 2 2 1 1 2043 5627 9371
18981 2 2 1 1 5794 5797 9614
18982 2 2 1 1 7629 6338 9584
18983 2 2 1 1 9349 1948 9350
18984 2 2 1 1 8087 7367 9132
18985 2 2 1 1 7424 7356 9134
18986 2 2 1 1 8127 1673 9779
18987 2 2 1 1 8515 8492 9020
18988 2 2 1 1 8237 1985 9201
18989 2 2 1 1 7390 7391 9178
18990 2 2 1 1 2050 5629 9378
18991 2 2 1 1 7161 7162 9215
18992 2 2 1 1 8540 7900 9249
18993 2 2 1 1 8065 7335 9163
18994 2 2 1 1 7234 1894 9340
18995 2 2 1 1 8514 6460 9810
18996 2 2 1 1 5679 5676 9580
18997 2 2 1 1 8789 1754 9197
18998 2 2 1 1 7057 8755 9670
18999 2 2 1 1 1690 6194 9206
19000 2 2 1 1 2107 5992 9370
19001 2 2 1 1 2108 5989 9368
19002 2 2 1 1 2109 5975 9364
19003 2 2 1 1 7180 1899 9356
19004 2 2 1 1 2118 5924 9352
19005 2 2 1 1 7827 1844 9360
19006 2 2 1 1 6982 5735 9736
19007 2 2 1 1 7206 1895 9339
19008 2 2 1 1 7200 1627 9336
19009 2 2 1 1 6295 6297 9525
19010 2 2 1 1 1772 5748 9319
19011 2 2 1 1 5626 5623 9593
19012 2 2 1 1 1803 7280 8994
19013 2 2 1 1 7166 1901 9310
19014 2 2 1 1 6483 6485 9594
19015 2 2 1 1 8334 8335 9248
19016 2 2 1 1 6046 2096 8934
19017 2 2 1 1 7132 1709 9294
19018 2 2 1 1 7156 1904 9314
19019 2 2 1 1 6980 1884 9736
19020 2 2 1 1 2147 5683 9303
19021 2 2 1 1 8311 1845 9639
19022 2 2 1 1 9158 1719 9179
19023 2 2 1 1 6351 1702 9313
19024 2 2 1 1 8269 6505 9586
19025 2 2 1 1 8169 2009 9240
19026 2 2 1 1 6967 6968 9029
19027 2 2 1 1 8461 1762 9237
19028 2 2 1 1 4362 9283 9636
19029 2 2 1 1 1759 8279 8910
19030 2 2 1 1 7114 1906 9286
19031 2 2 1 1 7111 1666 9285
19032 2 2 1 1 7094 1830 9262
19033 2 2 1 1 3523 9014 9632
19034 2 2 1 1 9112 1981 9226
19035 2 2 1 1 1722 5583 9229
19036 2 2 1 1 6865 6866 9037
19037 2 2 1 1 8084 1933 9250
19038 2 2 1 1 7076 1678 9257
19039 2 2 1 1 2102 8278 8912
19040 2 2 1 1 2125 5682 9223
19041 2 2 1 1 7579 8191 9330
19042 2 2 1 1 1583 5653 9228
19043 2 2 1 1 7038 1697 9242
19044 2 2 1 1 1276 8922 9804
19045 2 2 1 1 7312 8057 9245
19046 2 2 1 1 6386 2056 9327
19047 2 2 1 1 8922 4859 9804
19048 2 2 1 1 8060 8061 9668
19049 2 2 1 1 6981 9477 9639
19050 2 2 1 1 8538 1942 9486
19051 2 2 1 1 7030 1649 9247
19052 2 2 1 1 7705 9164 9521
19053 2 2 1 1 9087 2012 9230
19054 2 2 1 1 6405 1639 9329
19055 2 2 1 1 7022 1940 9231
19056 2 2 1 1 8556 9045 9341
19057 2 2 1 1 6283 7827 9360
19058 2 2 1 1 6425 2053 9330
19059 2 2 1 1 2110 5881 9210
19060 2 2 1 1 1705 5965 9199
19061 2 2 1 1 6995 1592 9241
19062 2 2 1 1 9074 1596 9252
19063 2 2 1 1 1589 6977 9227
19064 2 2 1 1 8622 7188 9733
19065 2 2 1 1 9068 2019 9260
19066 2 2 1 1 9548 8130 9549
19067 2 2 1 1 3459 9142 9687
19068 2 2 1 1 1687 6019 9180
19069 2 2 1 1 6849 1604 9259
19070 2 2 1 1 2092 6084 9184
19071 2 2 1 1 2091 6087 9183
19072 2 2 1 1 6839 1954 9216
19073 2 2 1 1 1626 5732 9415
19074 2 2 1 1 2090 6104 9188
19075 2 2 1 1 7812 1820 9187
19076 2 2 1 1 8085 8086 9306
19077 2 2 1 1 7048 8872 9475
19078 2 2 1 1 8417 8418 9591
19079 2 2 1 1 6813 1961 9273
19080 2 2 1 1 6806 1962 9274
19081 2 2 1 1 8896 5774 9643
19082 2 2 1 1 5624 8897 9593
19083 2 2 1 1 6794 1804 9282
19084 2 2 1 1 7706 7705 9521
19085 2 2 1 1 6812 1659 9284
19086 2 2 1 1 7719 1744 9159
19087 2 2 1 1 8766 7163 9215
19088 2 2 1 1 6541 2046 9342
19089 2 2 1 1 1929 8402 8998
19090 2 2 1 1 6802 1629 9219
19091 2 2 1 1 8191 6426 9330
19092 2 2 1 1 2070 6222 9162
19093 2 2 1 1 1874 8840 9719
19094 2 2 1 1 8171 8172 9661
19095 2 2 1 1 5678 8812 9580
19096 2 2 1 1 6974 2043 9371
19097 2 2 1 1 9307 1588 9308
19098 2 2 1 1 8362 5801 8917
19099 2 2 1 1 6555 1736 9348
19100 2 2 1 1 7919 9430 9614
19101 2 2 1 1 1671 6803 9209
19102 2 2 1 1 2130 7201 9104
19103 2 2 1 1 8735 5672 9174
19104 2 2 1 1 5865 8665 9675
19105 2 2 1 1 1969 6801 9207
19106 2 2 1 1 7051 7052 9481
19107 2 2 1 1 6978 2050 9378
19108 2 2 1 1 6629 9174 9590
19109 2 2 1 1 1796 5771 9432
19110 2 2 1 1 8946 2107 9370
19111 2 2 1 1 8945 2108 9368
19112 2 2 1 1 7725 7234 9340
19113 2 2 1 1 6579 1730 9354
19114 2 2 1 1 7343 5969 9322
19115 2 2 1 1 9456 6878 9489
19116 2 2 1 1 9053 6531 9759
19117 2 2 1 1 6751 2000 9326
19118 2 2 1 1 6837 6836 9068
19119 2 2 1 1 8312 1874 9390
19120 2 2 1 1 7128 2109 9364
19121 2 2 1 1 7415 8349 9307
19122 2 2 1 1 6819 6820 9094
19123 2 2 1 1 2054 6398 9137
19124 2 2 1 1 8966 4434 8967
19125 2 2 1 1 2049 6491 9130
19126 2 2 1 1 6828 6829 9096
19127 2 2 1 1 6678 1218 8744
19128 2 2 1 1 8853 7180 9356
19129 2 2 1 1 1806 6759 9331
19130 2 2 1 1 6824 6823 9074
19131 2 2 1 1 2086 5868 9448
19132 2 2 1 1 7661 2118 9352
19133 2 2 1 1 1613 7761 8936
19134 2 2 1 1 5869 9413 9448
19135 2 2 1 1 8952 8953 8965
19136 2 2 1 1 9018 6799 9019
19137 2 2 1 1 8175 8176 9613
19138 2 2 1 1 1657 6748 9380
19139 2 2 1 1 1864 7873 8432
19140 2 2 1 1 7207 7206 9339
19141 2 2 1 1 8206 1798 8429
19142 2 2 1 1 6696 2026 9375
19143 2 2 1 1 7987 1626 9415
19144 2 2 1 1 7201 7200 9336
19145 2 2 1 1 9730 1325 9772
19146 2 2 1 1 5676 5678 9580
19147 2 2 1 1 5375 9730 9772
19148 2 2 1 1 2094 5911 9453
19149 2 2 1 1 6137 8230 9759
19150 2 2 1 1 6441 8837 9767
19151 2 2 1 1 6698 2066 9377
19152 2 2 1 1 8904 4504 9341
19153 2 2 1 1 5977 8972 9062
19154 2 2 1 1 6817 6816 9087
19155 2 2 1 1 7059 1796 9432
19156 2 2 1 1 1776 6639 9175
19157 2 2 1 1 9003 6721 9004
19158 2 2 1 1 8933 1772 9319
19159 2 2 1 1 5796 5794 9614
19160 2 2 1 1 8205 7048 9475
19161 2 2 1 1 8970 2086 9448
19162 2 2 1 1 6804 6805 9135
19163 2 2 1 1 9197 6046 9198
19164 2 2 1 1 7470 9548 9549
19165 2 2 1 1 8990 4449 9769
19166 2 2 1 1 5623 5624 9593
19167 2 2 1 1 7167 7166 9310
19168 2 2 1 1 5884 5886 9671
19169 2 2 1 1 2067 6697 9200
19170 2 2 1 1 7520 7156 9314
19171 2 2 1 1 7779 2094 9453
19172 2 2 1 1 7504 8921 9658
19173 2 2 1 1 6128 5642 9670
19174 2 2 1 1 9081 8139 9082
19175 2 2 1 1 6233 6232 8548
19176 2 2 1 1 9405 5680 9695
19177 2 2 1 1 6798 6799 9018
19178 2 2 1 1 8558 2147 9303
19179 2 2 1 1 6791 6792 9156
19180 2 2 1 1 6884 6883 9443
19181 2 2 1 1 1669 6042 9484
19182 2 2 1 1 7133 7132 9294
19183 2 2 1 1 6784 6785 9171
19184 2 2 1 1 8 1839 8841
19185 2 2 1 1 9500 7706 9521
19186 2 2 1 1 8950 1669 9484
19187 2 2 1 1 9237 5773 9238
19188 2 2 1 1 1799 8819 9571
19189 2 2 1 1 8879 6340 9791
19190 2 2 1 1 9080 5943 9741
19191 2 2 1 1 6382 8584 9375
19192 2 2 1 1 7115 7114 9286
19193 2 2 1 1 8178 7111 9285
19194 2 2 1 1 6709 9434 9495
19195 2 2 1 1 2121 8065 9324
19196 2 2 1 1 5582 5581 9543
19197 2 2 1 1 5729 5726 9672
19198 2 2 1 1 6494 6493 8607
19199 2 2 1 1 8349 8348 9307
19200 2 2 1 1 7009 7004 9597
19201 2 2 1 1 5866 5863 9675
19202 2 2 1 1 7700 7094 9262
19203 2 2 1 1 6986 5515 9478
19204 2 2 1 1 7282 5556 9361
19205 2 2 1 1 8540 8288 9794
19206 2 2 1 1 8176 9390 9719
19207 2 2 1 1 6049 8947 9209
19208 2 2 1 1 9283 2782 9636
19209 2 2 1 1 2114 7424 9311
19210 2 2 1 1 9160 2783 9774
19211 2 2 1 1 2111 8087 9316
19212 2 2 1 1 6721 6722 9717
19213 2 2 1 1 7123 6755 9158
19214 2 2 1 1 8086 8084 9250
19215 2 2 1 1 8909 7076 9257
19216 2 2 1 1 7033 8950 9484
19217 2 2 1 1 8501 7328 9114
19218 2 2 1 1 2026 8643 9375
19219 2 2 1 1 7289 5543 9351
19220 2 2 1 1 8911 1722 9229
19221 2 2 1 1 1712 7386 9300
19222 2 2 1 1 6197 6199 9755
19223 2 2 1 1 6743 6744 9275
19224 2 2 1 1 2100 7396 9305
19225 2 2 1 1 7673 7038 9242
19226 2 2 1 1 8057 1583 9228
19227 2 2 1 1 6060 8903 9331
19228 2 2 1 1 8489 1774 9691
19229 2 2 1 1 7039 6582 9679
19230 2 2 1 1 7322 2125 9223
19231 2 2 1 1 5728 9022 9672
19232 2 2 1 1 7678 7030 9247
19233 2 2 1 1 2099 7407 9302
19234 2 2 1 1 7004 7006 9597
19235 2 2 1 1 1683 7413 9301
19236 2 2 1 1 1741 7404 9295
19237 2 2 1 1 8816 6917 9059
19238 2 2 1 1 9633 7908 9741
19239 2 2 1 1 5642 7057 9670
19240 2 2 1 1 8899 7022 9231
19241 2 2 1 1 1836 7703 9398
19242 2 2 1 1 7504 9456 9489
19243 2 2 1 1 7986 9500 9521
19244 2 2 1 1 7805 9601 9661
19245 2 2 1 1 1795 7427 9287
19246 2 2 1 1 8490 8489 9691
19247 2 2 1 1 7021 6995 9241
19248 2 2 1 1 7371 2110 9210
19249 2 2 1 1 5726 5728 9672
19250 2 2 1 1 3651 8175 9613
19251 2 2 1 1 6977 6978 9227
19252 2 2 1 1 8763 6903 8764
19253 2 2 1 1 5863 5865 9675
19254 2 2 1 1 5914 5913 9008
19255 2 2 1 1 1632 8198 9292
19256 2 2 1 1 2142 7012 9497
19257 2 2 1 1 2088 7452 9291
19258 2 2 1 1 7001 1768 9496
19259 2 2 1 1 1625 8852 9293
19260 2 2 1 1 7391 1705 9199
19261 2 2 1 1 6320 8924 9200
19262 2 2 1 1 2084 8230 9278
19263 2 2 1 1 6274 9681 9682
19264 2 2 1 1 8419 1925 9492
19265 2 2 1 1 1815 7488 9490
19266 2 2 1 1 9008 8556 9341
19267 2 2 1 1 6877 1810 9489
19268 2 2 1 1 5801 8599 8917
19269 2 2 1 1 6720 6721 9003
19270 2 2 1 1 1739 7547 9754
19271 2 2 1 1 6506 7250 9657
19272 2 2 1 1 6799 8671 9019
19273 2 2 1 1 1858 6880 9462
19274 2 2 1 1 9164 3627 9521
19275 2 2 1 1 7734 6849 9259
19276 2 2 1 1 8916 1687 9180
19277 2 2 1 1 2079 7480 9277
19278 2 2 1 1 1628 6945 9502
19279 2 2 1 1 7439 2092 9184
19280 2 2 1 1 6760 5795 9765
19281 2 2 1 1 7441 2091 9183
19282 2 2 1 1 6582 6584 9679
19283 2 2 1 1 6964 1609 9589
19284 2 2 1 1 6046 8934 9436
19285 2 2 1 1 7448 2090 9188
19286 2 2 1 1 7814 7812 9187
19287 2 2 1 1 8331 1875 9552
19288 2 2 1 1 2077 7495 9280
19289 2 2 1 1 7783 1799 9571
19290 2 2 1 1 9371 7051 9481
19291 2 2 1 1 5672 8459 9174
19292 2 2 1 1 8061 7215 9668
19293 2 2 1 1 7363 5835 9317
19294 2 2 1 1 7020 5664 9763
19295 2 2 1 1 6910 6911 9055
19296 2 2 1 1 8290 1872 9466
19297 2 2 1 1 8284 1642 9467
19298 2 2 1 1 6921 6909 9506
19299 2 2 1 1 8230 9053 9759
19300 2 2 1 1 6560 6559 9254
19301 2 2 1 1 8204 8205 9475
19302 2 2 1 1 6716 6592 9263
19303 2 2 1 1 7423 2142 9497
19304 2 2 1 1 8200 8816 9059
19305 2 2 1 1 6690 6691 9289
19306 2 2 1 1 7715 7717 9383
19307 2 2 1 1 6643 6642 9349
19308 2 2 1 1 6920 1916 9465
19309 2 2 1 1 6481 6480 9267
19310 2 2 1 1 7002 7001 9496
19311 2 2 1 1 6803 8169 9209
19312 2 2 1 1 6371 6370 9270
19313 2 2 1 1 6801 7146 9207
19314 2 2 1 1 9066 6298 9525
19315 2 2 1 1 8193 1715 9512
19316 2 2 1 1 8995 6839 9216
19317 2 2 1 1 7821 6813 9273
19318 2 2 1 1 6807 6806 9274
19319 2 2 1 1 8335 7719 9159
19320 2 2 1 1 6293 6292 9288
19321 2 2 1 1 6983 6981 9639
19322 2 2 1 1 7510 2070 9162
19323 2 2 1 1 1688 7877 9471
19324 2 2 1 1 7846 6812 9284
19325 2 2 1 1 1699 8764 9016
19326 2 2 1 1 6820 1750 9217
19327 2 2 1 1 6896 2033 9518
19328 2 2 1 1 6666 6667 9271
19329 2 2 1 1 9565 4878 9789
19330 2 2 1 1 8420 8419 9492
19331 2 2 1 1 8088 6794 9282
19332 2 2 1 1 8418 1815 9490
19333 2 2 1 1 6878 6877 9489
19334 2 2 1 1 6947 1668 9530
19335 2 2 1 1 6174 8693 8909
19336 2 2 1 1 6636 6637 9268
19337 2 2 1 1 8840 8177 9719
19338 2 2 1 1 6202 6197 9755
19339 2 2 1 1 6759 8237 9331
19340 2 2 1 1 6598 6599 9255
19341 2 2 1 1 1777 7735 9048
19342 2 2 1 1 6593 6594 9097
19343 2 2 1 1 1578 6935 9536
19344 2 2 1 1 6462 6463 9350
19345 2 2 1 1 8871 8540 9794
19346 2 2 1 1 5324 9180 9808
19347 2 2 1 1 6311 6312 9133
19348 2 2 1 1 8988 8029 9758
19349 2 2 1 1 2837 9565 9789
19350 2 2 1 1 8671 6483 9594
19351 2 2 1 1 6748 6749 9380
19352 2 2 1 1 8953 5491 8965
19353 2 2 1 1 7316 5657 9454
19354 2 2 1 1 5491 8953 8954
19355 2 2 1 1 7575 2054 9137
19356 2 2 1 1 1990 7123 9433
19357 2 2 1 1 8501 1841 9548
19358 2 2 1 1 8138 8139 9081
19359 2 2 1 1 9017 6802 9219
19360 2 2 1 1 6066 6067 9179
19361 2 2 1 1 2053 7579 9330
19362 2 2 1 1 7590 2049 9130
19363 2 2 1 1 6052 6053 9201
19364 2 2 1 1 6045 6046 9197
19365 2 2 1 1 1967 7272 8942
19366 2 2 1 1 7506 5884 9671
19367 2 2 1 1 9525 6297 9756
19368 2 2 1 1 6752 6751 9326
19369 2 2 1 1 7601 1628 9502
19370 2 2 1 1 5847 5848 9240
19371 2 2 1 1 5772 5773 9237
19372 2 2 1 1 5791 5792 9230
19373 2 2 1 1 5686 5687 9252
19374 2 2 1 1 5660 5661 9260
19375 2 2 1 1 6115 7303 9338
19376 2 2 1 1 8333 8331 9552
19377 2 2 1 1 9007 1858 9462
19378 2 2 1 1 9456 7504 9658
19379 2 2 1 1 8103 8104 9264
19380 2 2 1 1 8079 1776 9175
19381 2 2 1 1 5627 7051 9371
19382 2 2 1 1 6005 7344 9386
19383 2 2 1 1 5629 5630 9378
19384 2 2 1 1 5950 7348 9394
19385 2 2 1 1 5985 7352 9395
19386 2 2 1 1 8064 8501 9114
19387 2 2 1 1 8764 6345 9016
19388 2 2 1 1 2058 8132 9549
19389 2 2 1 1 5773 8896 9643
19390 2 2 1 1 8924 2067 9200
19391 2 2 1 1 9753 1739 9754
19392 2 2 1 1 1692 8435 8680
19393 2 2 1 1 5834 7389 9419
19394 2 2 1 1 6194 6195 9206
19395 2 2 1 1 5771 8729 9432
19396 2 2 1 1 6491 6492 9130
19397 2 2 1 1 5727 7408 9435
19398 2 2 1 1 5868 5869 9448
19399 2 2 1 1 6398 6399 9137
19400 2 2 1 1 5911 5912 9453
19401 2 2 1 1 1801 7120 9134
19402 2 2 1 1 6697 8367 9200
19403 2 2 1 1 9097 6594 9722
19404 2 2 1 1 6222 6223 9162
19405 2 2 1 1 5854 5855 9347
19406 2 2 1 1 6639 6640 9175
19407 2 2 1 1 7667 5644 9366
19408 2 2 1 1 6730 9441 9541
19409 2 2 1 1 6121 7528 9592
19410 2 2 1 1 6087 6088 9183
19411 2 2 1 1 6084 6085 9184
19412 2 2 1 1 6104 6105 9188
19413 2 2 1 1 8921 6271 9658
19414 2 2 1 1 7523 5885 9644
19415 2 2 1 1 5544 7466 9473
19416 2 2 1 1 5965 5966 9199
19417 2 2 1 1 6019 6020 9180
19418 2 2 1 1 5898 8693 9457
19419 2 2 1 1 5993 8599 9476
19420 2 2 1 1 5724 5723 9324
19421 2 2 1 1 8426 5790 9312
19422 2 2 1 1 5805 5804 9311
19423 2 2 1 1 5947 5946 9300
19424 2 2 1 1 5553 5552 9361
19425 2 2 1 1 5831 5830 9317
19426 2 2 1 1 5861 5860 9316
19427 2 2 1 1 5540 5539 9351
19428 2 2 1 1 5995 5994 9295
19429 2 2 1 1 5881 5882 9210
19430 2 2 1 1 5557 7486 9494
19431 2 2 1 1 5982 5981 9305
19432 2 2 1 1 9082 8139 9169
19433 2 2 1 1 6002 6001 9302
19434 2 2 1 1 6008 6007 9301
19435 2 2 1 1 8336 6048 9287
19436 2 2 1 1 6097 6096 9293
19437 2 2 1 1 6133 6132 9278
19438 2 2 1 1 6112 6111 9292
19439 2 2 1 1 6118 6117 9291
19440 2 2 1 1 1940 8032 9231
19441 2 2 1 1 5682 8173 9223
19442 2 2 1 1 6922 6921 9506
19443 2 2 1 1 5653 5654 9228
19444 2 2 1 1 6165 6164 9277
19445 2 2 1 1 8584 6696 9375
19446 2 2 1 1 5583 5584 9229
19447 2 2 1 1 6176 6175 9290
19448 2 2 1 1 6183 6182 9280
19449 2 2 1 1 1830 7384 9262
19450 2 2 1 1 1678 7411 9257
19451 2 2 1 1 1933 7741 9250
19452 2 2 1 1 5992 8412 9370
19453 2 2 1 1 1901 7309 9310
19454 2 2 1 1 5989 5990 9368
19455 2 2 1 1 5975 5976 9364
19456 2 2 1 1 5924 5925 9352
19457 2 2 1 1 5748 5749 9319
19458 2 2 1 1 1899 7293 9356
19459 2 2 1 1 5683 7294 9303
19460 2 2 1 1 6240 6239 9297
19461 2 2 1 1 2160 9004 9717
19462 2 2 1 1 8146 6698 9377
19463 2 2 1 1 9363 7005 9496
19464 2 2 1 1 6257 6256 9296
19465 2 2 1 1 1822 8542 9053
19466 2 2 1 1 6729 8928 9380
19467 2 2 1 1 6352 6351 9313
19468 2 2 1 1 5864 7629 9655
19469 2 2 1 1 6937 6938 9308
19470 2 2 1 1 6957 6958 9226
19471 2 2 1 1 6387 6386 9327
19472 2 2 1 1 8717 6432 9786
19473 2 2 1 1 6406 6405 9329
19474 2 2 1 1 6426 6425 9330
19475 2 2 1 1 6542 6541 9342
19476 2 2 1 1 7470 8501 9548
19477 2 2 1 1 6556 6555 9348
19478 2 2 1 1 6580 6579 9354
19479 2 2 1 1 9195 8193 9512
19480 2 2 1 1 9039 8290 9466
19481 2 2 1 1 9040 8284 9467
19482 2 2 1 1 6345 8764 9131
19483 2 2 1 1 1876 8720 9333
19484 2 2 1 1 6897 6896 9518
19485 2 2 1 1 8928 1657 9380
19486 2 2 1 1 9046 6920 9465
19487 2 2 1 1 8239 8375 9060
19488 2 2 1 1 6434 9048 9122
19489 2 2 1 1 8181 6947 9530
19490 2 2 1 1 1774 8515 9691
19491 2 2 1 1 6594 8415 9722
19492 2 2 1 1 9198 6046 9436
19493 2 2 1 1 8903 1806 9331
19494 2 2 1 1 9390 1874 9719
19495 2 2 1 1 9061 1688 9471
19496 2 2 1 1 8102 1578 9536
19497 2 2 1 1 6935 6936 9536
19498 2 2 1 1 7784 7783 9571
19499 2 2 1 1 1668 8914 9530
19500 2 2 1 1 7143 6964 9589
19501 2 2 1 1 6909 7662 9506
19502 2 2 1 1 7877 7878 9471
19503 2 2 1 1 8947 1671 9209
19504 2 2 1 1 1872 8294 9466
19505 2 2 1 1 5774 9161 9799
19506 2 2 1 1 6945 6946 9502
19507 2 2 1 1 6880 6881 9462
19508 2 2 1 1 7547 7554 9754
19509 2 2 1 1 7012 7013 9497
19510 2 2 1 1 1810 7504 9489
19511 2 2 1 1 9238 5773 9643
19512 2 2 1 1 9249 7900 9541
19513 2 2 1 1 8952 6754 8953
19514 2 2 1 1 6343 8871 9794
19515 2 2 1 1 7415 9307 9308
19516 2 2 1 1 6433 8717 9786
19517 2 2 1 1 5732 9104 9415
19518 2 2 1 1 8593 1692 8680
19519 2 2 1 1 8819 6575 9571
19520 2 2 1 1 9004 6721 9717
19521 2 2 1 1 1627 9306 9336
19522 2 2 1 1 8415 4185 9722
19523 2 2 1 1 6457 9017 9219
19524 2 2 1 1 6444 9046 9465
19525 2 2 1 1 6269 8995 9216
19526 2 2 1 1 9180 6020 9808
19527 2 2 1 1 1768 9363 9496
19528 2 2 1 1 1875 9248 9552
19529 2 2 1 1 3927 9198 9436
19530 2 2 1 1 6421 9082 9169
19531 2 2 1 1 9492 1925 9591
19532 2 2 1 1 8979 4428 9516
19533 2 2 1 1 8972 4206 9062
19534 2 2 1 1 7104 8945 9368
19535 2 2 1 1 9601 4497 9661
19536 2 2 1 1 4087 8879 9791
19537 2 2 1 1 4539 9238 9643
19538 2 2 1 1 9513 6629 9590
19539 2 2 1 1 9647 6343 9794
19540 2 2 1 1 9722 4185 9723
19541 2 2 1 1 7880 9061 9471
19542 2 2 1 1 8167 9753 9754
19543 2 2 1 1 6273 9456 9658
19544 2 2 1 1 6279 1576 8584
19545 2 2 1 1 7675 1577 8227
19546 2 2 1 1 6160 1593 6738
19547 2 2 1 1 1602 6707 6708
19548 2 2 1 1 1604 7509 7510
19549 2 2 1 1 5698 1606 7207
19550 2 2 1 1 1612 8557 8558
19551 2 2 1 1 1619 7370 7371
19552 2 2 1 1 1621 6965 7338
19553 2 2 1 1 6037 1643 8951
19554 2 2 1 1 1649 7447 7448
19555 2 2 1 1 7146 1653 7602
19556 2 2 1 1 1654 6955 9112
19557 2 2 1 1 1659 7574 7575
19558 2 2 1 1 6033 1661 7115
19559 2 2 1 1 5837 1665 9135
19560 2 2 1 1 1673 8128 8924
19561 2 2 1 1 7443 1689 9037
19562 2 2 1 1 1697 7440 7441
19563 2 2 1 1 1701 7138 7661
19564 2 2 1 1 1707 7752 7753
19565 2 2 1 1 5757 1708 7821
19566 2 2 1 1 1715 8194 8577
19567 2 2 1 1 6631 1718 8319
19568 2 2 1 1 5899 1725 7520
19569 2 2 1 1 1734 7087 7779
19570 2 2 1 1 5813 1752 7167
19571 2 2 1 1 6509 1757 6625
19572 2 2 1 1 1763 7568 7569
19573 2 2 1 1 6796 1778 8426
19574 2 2 1 1 5639 1785 7725
19575 2 2 1 1 1804 7589 7590
19576 2 2 1 1 1809 6262 6263
19577 2 2 1 1 1813 6973 6974
19578 2 2 1 1 5532 1816 8420
19579 2 2 1 1 1818 8123 8124
19580 2 2 1 1 6301 1819 8146
19581 2 2 1 1 5936 1831 9171
19582 2 2 1 1 1860 7813 7814
19583 2 2 1 1 1869 8201 9195
19584 2 2 1 1 1909 7372 8994
19585 2 2 1 1 1915 6918 6919
19586 2 2 1 1 1934 7058 7059
19587 2 2 1 1 6536 1936 6663
19588 2 2 1 1 1938 7034 7987
19589 2 2 1 1 1943 6997 9013
19590 2 2 1 1 1963 6797 8461
19591 2 2 1 1 6140 1978 9275
19592 2 2 1 1 6761 1986 8336
19593 2 2 1 1 6889 1987 8339
19594 2 2 1 1 1996 6879 8789
19595 2 2 1 1 6766 1997 7687
19596 2 2 1 1 2000 7653 8605
19597 2 2 1 1 2001 8308 9398
19598 2 2 1 1 5908 2002 9156
19599 2 2 1 1 5907 2004 8088
19600 2 2 1 1 5819 2010 7846
19601 2 2 1 1 6904 2015 7784
19602 2 2 1 1 5650 2017 9094
19603 2 2 1 1 5673 2018 9096
19604 2 2 1 1 2022 6948 6949
19605 2 2 1 1 5561 2031 7734
19606 2 2 1 1 5620 2042 9029
19607 2 2 1 1 2048 6497 6498
19608 2 2 1 1 2052 6450 6451
19609 2 2 1 1 5645 2059 7021
19610 2 2 1 1 7544 2060 9145
19611 2 2 1 1 2063 6288 6289
19612 2 2 1 1 2069 6230 6231
19613 2 2 1 1 5711 2074 7678
19614 2 2 1 1 5737 2075 7673
19615 2 2 1 1 8063 2083 8662
19616 2 2 1 1 6413 2085 8181
19617 2 2 1 1 5957 2095 7700
19618 2 2 1 1 6042 2105 8178
19619 2 2 1 1 5937 2115 7133
19620 2 2 1 1 5873 2122 7149
19621 2 2 1 1 5889 2124 8938
19622 2 2 1 1 2126 7175 7176
19623 2 2 1 1 5706 2131 8927
19624 2 2 1 1 2134 7603 8894
19625 2 2 1 1 6869 2140 6878
19626 2 2 1 1 5635 2143 8449
19627 2 2 1 1 4513 7987 9415
19628 2 2 1 1 5536 8420 9492
19629 2 2 1 1 5859 5857 6116
19630 2 2 1 1 5904 5902 7069
$EndElements
