x_D,uu_median,uu_p15,uu_p85,n_dark_px
3.218884120171673635e-02,6.012820512820513108e-02,3.006410256410257248e-02,9.995192307692307709e-02,1.100000000000000000e+01
4.291845493562231745e-02,6.012820512820513108e-02,3.006410256410257248e-02,9.995192307692307709e-02,1.100000000000000000e+01
5.364806866952789854e-02,6.012820512820513108e-02,3.006410256410257248e-02,9.995192307692307709e-02,1.100000000000000000e+01
6.437768240343347270e-02,6.012820512820513108e-02,3.006410256410257248e-02,9.995192307692307709e-02,1.100000000000000000e+01
7.510729613733906074e-02,6.012820512820513108e-02,3.006410256410257248e-02,9.995192307692307709e-02,1.100000000000000000e+01
8.583690987124463490e-02,6.012820512820513108e-02,3.006410256410257248e-02,9.995192307692307709e-02,1.100000000000000000e+01
9.656652360515022293e-02,6.012820512820513108e-02,3.006410256410257248e-02,9.995192307692307709e-02,1.100000000000000000e+01
1.072961373390557971e-01,6.012820512820513108e-02,3.006410256410257248e-02,9.995192307692307709e-02,1.100000000000000000e+01
1.180257510729613851e-01,6.012820512820513108e-02,3.006410256410257248e-02,9.995192307692307709e-02,1.100000000000000000e+01
1.287553648068669454e-01,6.012820512820513108e-02,3.006410256410257248e-02,9.995192307692307709e-02,1.100000000000000000e+01
1.394849785407725473e-01,6.012820512820513108e-02,3.006410256410257248e-02,9.995192307692307709e-02,1.100000000000000000e+01
1.502145922746781215e-01,6.012820512820513108e-02,3.006410256410257248e-02,9.995192307692307709e-02,1.100000000000000000e+01
1.609442060085836679e-01,6.012820512820513108e-02,3.006410256410257248e-02,9.995192307692307709e-02,1.100000000000000000e+01
1.716738197424892698e-01,6.012820512820513108e-02,3.006410256410257248e-02,9.995192307692307709e-02,1.100000000000000000e+01
1.824034334763948717e-01,6.012820512820513108e-02,3.006410256410257248e-02,9.995192307692307709e-02,1.100000000000000000e+01
1.931330472103004459e-01,6.012820512820513108e-02,3.006410256410257248e-02,9.995192307692307709e-02,1.100000000000000000e+01
2.038626609442059923e-01,6.012820512820513108e-02,3.006410256410257248e-02,9.995192307692307709e-02,1.100000000000000000e+01
2.145922746781115942e-01,6.012820512820513108e-02,3.006410256410257248e-02,9.995192307692307709e-02,1.100000000000000000e+01
2.253218884120171683e-01,9.008012820512821539e-02,6.911378205128206054e-02,1.110464743589743702e-01,4.000000000000000000e+00
4.828326180257510591e-01,7.852564102564102422e-04,7.067307692307636452e-04,8.637820512820568392e-04,2.000000000000000000e+00
4.935622317596566333e-01,8.974358974359053498e-04,7.403846153846121558e-04,1.054487179487179028e-03,3.000000000000000000e+00
5.042918454935622075e-01,1.009615384615386580e-03,7.740384615384607748e-04,1.245192307692297206e-03,4.000000000000000000e+00
5.150214592274677816e-01,1.121794871794867809e-03,8.076923076923092854e-04,1.435897435897426442e-03,5.000000000000000000e+00
5.257510729613733558e-01,1.346153846153830269e-03,8.750000000000063066e-04,1.817307692307681879e-03,7.000000000000000000e+00
5.364806866952789299e-01,2.580128205128207064e-03,1.043269230769230862e-03,6.809294871794881535e-03,1.200000000000000000e+01
5.472103004291846151e-01,4.150641025641027548e-03,2.972756410256419124e-03,1.391025641025641496e-02,1.600000000000000000e+01
5.579399141630901893e-01,6.282051282051281937e-03,4.487179487179498993e-03,1.615384615384615752e-02,2.100000000000000000e+01
5.686695278969956524e-01,7.964743589743597529e-03,6.158653846153837146e-03,1.627724358974359450e-02,2.400000000000000000e+01
5.793991416309012266e-01,8.301282051282055097e-03,6.102564102564089592e-03,1.548076923076923371e-02,2.900000000000000000e+01
5.901287553648069117e-01,9.423076923076922906e-03,6.304487179487177836e-03,1.388782051282052253e-02,3.500000000000000000e+01
6.008583690987124859e-01,9.759615384615380473e-03,6.001602564102553709e-03,1.401121794871795431e-02,3.800000000000000000e+01
6.115879828326180601e-01,1.076923076923075318e-02,7.942307692307698161e-03,2.418589743589739938e-02,3.700000000000000000e+01
6.223175965665236342e-01,1.155448717948719117e-02,8.267628205128210381e-03,3.054647435897436467e-02,4.000000000000000000e+01
6.330472103004292084e-01,1.278846153846155409e-02,9.108974358974356034e-03,1.904807692307692452e-02,3.500000000000000000e+01
6.437768240343346715e-01,1.357371794871795045e-02,1.066826923076922076e-02,1.917147435897435456e-02,3.800000000000000000e+01
6.545064377682403567e-01,1.435897435897434682e-02,1.101602564102564276e-02,1.922756410256409171e-02,3.500000000000000000e+01
6.652360515021459308e-01,1.536858974358974728e-02,1.246314102564103146e-02,2.862820512820511698e-02,3.800000000000000000e+01
6.759656652360515050e-01,1.637820512820513386e-02,1.294551282051282712e-02,2.833653846153841652e-02,3.900000000000000000e+01
6.866952789699570792e-01,1.693910256410256776e-02,1.403365384615385195e-02,2.365865384615384662e-02,3.800000000000000000e+01
6.974248927038626533e-01,1.738782051282051350e-02,1.425801282051281441e-02,2.363621794871794204e-02,3.800000000000000000e+01
7.081545064377682275e-01,1.850961538461538131e-02,1.576121794871795934e-02,2.395032051282051586e-02,3.600000000000000000e+01
7.188841201716738016e-01,1.895833333333333398e-02,1.573878205128206170e-02,4.371634615384619588e-02,4.200000000000000000e+01
7.296137339055794868e-01,2.008012820512821567e-02,1.666987179487179963e-02,2.709134615384615336e-02,4.200000000000000000e+01
7.403433476394849500e-01,2.086538461538461897e-02,1.741025641025641113e-02,2.791025641025640658e-02,4.500000000000000000e+01
7.510729613733906351e-01,2.142628205128205982e-02,1.791506410256410789e-02,3.119711538461535788e-02,4.000000000000000000e+01
7.618025751072960983e-01,2.288461538461537825e-02,1.907051282051282215e-02,5.519230769230770717e-02,4.100000000000000000e+01
7.725321888412017834e-01,2.355769230769230727e-02,1.965384615384615369e-02,3.917307692307690076e-02,4.500000000000000000e+01
7.832618025751072466e-01,2.501602564102564652e-02,2.119070512820513466e-02,3.243108974358973468e-02,4.400000000000000000e+01
7.939914163090128207e-01,2.535256410256410409e-02,2.144871794871795745e-02,3.262179487179486803e-02,4.500000000000000000e+01
8.047210300429185059e-01,2.658653846153846007e-02,2.314262820512820104e-02,3.262179487179486803e-02,4.200000000000000000e+01
8.154506437768239691e-01,2.737179487179487725e-02,2.355769230769230727e-02,6.304487179487179571e-02,4.100000000000000000e+01
8.261802575107296542e-01,2.883012820512820956e-02,2.410737179487179235e-02,3.646955128205128099e-02,4.400000000000000000e+01
8.369098712446352284e-01,2.972756410256410797e-02,2.552083333333333634e-02,3.640224358974358809e-02,4.600000000000000000e+01
8.476394849785408026e-01,3.017628205128205371e-02,2.561057692307692688e-02,3.669391025641025039e-02,4.200000000000000000e+01
8.583690987124463767e-01,3.107371794871794518e-02,2.718108974358974736e-02,3.685096153846153383e-02,4.200000000000000000e+01
8.690987124463518398e-01,3.253205128205127750e-02,2.734935897435897961e-02,4.058653846153851413e-02,4.700000000000000000e+01
8.798283261802575250e-01,3.342948717948718285e-02,2.939102564102565041e-02,4.217948717948719062e-02,4.100000000000000000e+01
8.905579399141629882e-01,3.511217948717949150e-02,2.955929487179488266e-02,4.245993589743590757e-02,4.600000000000000000e+01
9.012875536480686733e-01,3.623397435897435931e-02,3.225160256410256054e-02,4.268429487179487003e-02,4.600000000000000000e+01
9.120171673819742475e-01,3.769230769230770550e-02,3.215064102564101772e-02,6.899038461538446743e-02,4.300000000000000000e+01
9.227467811158798217e-01,3.892628205128206148e-02,3.283493589743589902e-02,4.322275641025641324e-02,5.000000000000000000e+01
9.334763948497853958e-01,4.094551282051282076e-02,3.577403846153846129e-02,4.993108974358973634e-02,4.400000000000000000e+01
9.442060085836910810e-01,4.229166666666667879e-02,3.593108974358973778e-02,5.022275641025641252e-02,4.200000000000000000e+01
9.549356223175965441e-01,4.375000000000001110e-02,3.910576923076923561e-02,4.998717948717948389e-02,4.300000000000000000e+01
9.656652360515021183e-01,4.520833333333332954e-02,3.920673076923077149e-02,6.102564102564103643e-02,4.600000000000000000e+01
9.763948497854078035e-01,4.700320512820514024e-02,4.243750000000000994e-02,5.112019230769231787e-02,4.200000000000000000e+01
9.871244635193132666e-01,4.834935897435897745e-02,4.263942307692307476e-02,5.890544871794869963e-02,4.800000000000000000e+01
9.978540772532189518e-01,5.003205128205127916e-02,4.298717948717949155e-02,5.909615384615384687e-02,4.500000000000000000e+01
1.008583690987124415e+00,5.182692307692308986e-02,4.606089743589744656e-02,5.979166666666665964e-02,4.300000000000000000e+01
1.019313304721030100e+00,5.350961538461538464e-02,4.638621794871795878e-02,6.018429487179487170e-02,4.600000000000000000e+01
1.030042918454935563e+00,5.564102564102564596e-02,5.023397435897435787e-02,6.239423076923077821e-02,4.700000000000000000e+01
1.040772532188841026e+00,5.822115384615384609e-02,5.040224358974360053e-02,6.446955128205129892e-02,5.200000000000000000e+01
1.051502145922746712e+00,5.934294871794872778e-02,5.459775641025640947e-02,6.431250000000000855e-02,5.000000000000000000e+01
1.062231759656652397e+00,6.147435897435897523e-02,5.465384615384615702e-02,6.672435897435897989e-02,4.500000000000000000e+01
1.072961373390557860e+00,6.237179487179488058e-02,5.586538461538462230e-02,6.883333333333334358e-02,4.900000000000000000e+01
1.083690987124463545e+00,6.472756410256411130e-02,5.872596153846154632e-02,7.117788461538462896e-02,4.600000000000000000e+01
1.094420600858369230e+00,6.641025641025641302e-02,5.914102564102564213e-02,7.323076923076923817e-02,4.500000000000000000e+01
1.105150214592274693e+00,6.842948717948718618e-02,6.324679487179486748e-02,7.563141025641027804e-02,4.700000000000000000e+01
1.115879828326180379e+00,7.123397435897436958e-02,6.357211538461539357e-02,7.889583333333334558e-02,5.000000000000000000e+01
1.126609442060085842e+00,7.157051282051282715e-02,6.780128205128205243e-02,8.050000000000000211e-02,4.900000000000000000e+01
1.137339055793991305e+00,7.370192307692308153e-02,6.767788461538461198e-02,8.219391025641026305e-02,5.200000000000000000e+01
1.148068669527896990e+00,7.605769230769231226e-02,7.047115384615385003e-02,8.299038461538461864e-02,5.500000000000000000e+01
1.158798283261802453e+00,7.875000000000001443e-02,7.056089743589744057e-02,8.379807692307691958e-02,5.100000000000000000e+01
1.169527896995708138e+00,8.065705128205129248e-02,7.104326923076924316e-02,8.633333333333334525e-02,5.200000000000000000e+01
1.180257510729613823e+00,8.256410256410257054e-02,7.504807692307693956e-02,8.783653846153846589e-02,5.100000000000000000e+01
1.190987124463519287e+00,8.346153846153847589e-02,7.533974358974358798e-02,8.978846153846155309e-02,5.300000000000000000e+01
1.201716738197424972e+00,8.514423076923077760e-02,7.851442307692307887e-02,9.110096153846154732e-02,5.400000000000000000e+01
1.212446351931330435e+00,8.750000000000000833e-02,7.825641025641026649e-02,9.248076923076924138e-02,5.300000000000000000e+01
1.223175965665236120e+00,8.873397435897437124e-02,8.078044871794873294e-02,9.332211538461540612e-02,4.800000000000000000e+01
1.233905579399141583e+00,9.064102564102564930e-02,8.133012820512822150e-02,9.972756410256411463e-02,5.100000000000000000e+01
1.244635193133047268e+00,9.187500000000001221e-02,8.337179487179488535e-02,9.963782051282052410e-02,5.400000000000000000e+01
1.255364806866952954e+00,9.322115384615385636e-02,8.398878205128205987e-02,9.997435897435898167e-02,5.000000000000000000e+01
1.266094420600858417e+00,9.423076923076922906e-02,8.424679487179487225e-02,1.006250000000000200e-01,5.100000000000000000e+01
1.276824034334763880e+00,9.557692307692308709e-02,8.575000000000000677e-02,1.013653846153846211e-01,4.900000000000000000e+01
1.287553648068669343e+00,9.748397435897437902e-02,8.569391025641026616e-02,1.025432692307692295e-01,5.400000000000000000e+01
1.298283261802575028e+00,9.826923076923077538e-02,8.830769230769230926e-02,1.030705128205128274e-01,4.500000000000000000e+01
1.309012875536480713e+00,1.001762820512820673e-01,8.852083333333334025e-02,1.099919871794871745e-01,3.800000000000000000e+01
1.319742489270386177e+00,1.011858974358974539e-01,8.890224358974359309e-02,1.147596153846154043e-01,3.600000000000000000e+01
1.330472103004291862e+00,1.019711538461538503e-01,9.069711538461538991e-02,1.051682692307692457e-01,3.600000000000000000e+01
1.341201716738197325e+00,1.021955128205128405e-01,9.134775641025642823e-02,1.058637820512820654e-01,4.200000000000000000e+01
1.351931330472103010e+00,1.028685897435897556e-01,9.255929487179487269e-02,1.062227564102564137e-01,3.800000000000000000e+01
1.362660944206008695e+00,1.035416666666666707e-01,9.204326923076923406e-02,1.110576923076923156e-01,3.600000000000000000e+01
1.373390557939914158e+00,1.038782051282051422e-01,9.264903846153846323e-02,1.126394230769230814e-01,3.400000000000000000e+01
1.384120171673819621e+00,1.034294871794871895e-01,9.239102564102565085e-02,1.077371794871794936e-01,3.300000000000000000e+01
1.394849785407725307e+00,1.036538461538461520e-01,9.169551282051283114e-02,1.079839743589743745e-01,3.900000000000000000e+01
1.405579399141630992e+00,1.037660256410256471e-01,9.159455128205129526e-02,1.083092948717948867e-01,3.600000000000000000e+01
1.416309012875536455e+00,1.039903846153846234e-01,9.069711538461538991e-02,1.106089743589743768e-01,3.600000000000000000e+01
1.427038626609442140e+00,1.039903846153846234e-01,9.008012820512821539e-02,1.112932692307692373e-01,3.400000000000000000e+01
1.437768240343347603e+00,1.030929487179487181e-01,8.856570512820513552e-02,1.083092948717948867e-01,3.600000000000000000e+01
1.448497854077253288e+00,1.033173076923077083e-01,8.780288461538461597e-02,1.082868589743589821e-01,3.000000000000000000e+01
1.459227467811158974e+00,1.027564102564102744e-01,8.767948717948718940e-02,1.079615384615384838e-01,3.300000000000000000e+01
1.469957081545064437e+00,1.019711538461538503e-01,8.748878205128206298e-02,1.081522435897435963e-01,3.400000000000000000e+01
1.480686695278969900e+00,1.011858974358974539e-01,8.732051282051282726e-02,1.080064102564102652e-01,2.900000000000000000e+01
1.491416309012875363e+00,1.010737179487179588e-01,8.672596153846154343e-02,1.080176282051282244e-01,3.800000000000000000e+01
1.502145922746781270e+00,9.950320512820513830e-02,8.672596153846154343e-02,1.080176282051282244e-01,3.800000000000000000e+01
1.512875536480686733e+00,9.815705128205129415e-02,8.598557692307692846e-02,1.088701923076923206e-01,3.600000000000000000e+01
1.523605150214592197e+00,9.782051282051282270e-02,8.521153846153846356e-02,1.095320512820512904e-01,3.300000000000000000e+01
1.534334763948497660e+00,9.748397435897437902e-02,8.428044871794872217e-02,1.071089743589743737e-01,3.200000000000000000e+01
1.545064377682403567e+00,9.815705128205129415e-02,8.474038461538462019e-02,1.074230769230769406e-01,2.800000000000000000e+01
1.555793991416309030e+00,9.804487179487181292e-02,8.404487179487180049e-02,1.073333333333333361e-01,2.500000000000000000e+01
1.566523605150214493e+00,9.770833333333334147e-02,8.421314102564103621e-02,1.073894230769230906e-01,3.000000000000000000e+01
1.577253218884120178e+00,9.692307692307693123e-02,8.424679487179487225e-02,1.054487179487179488e-01,3.100000000000000000e+01
1.587982832618025641e+00,9.602564102564103976e-02,8.384294871794872872e-02,1.032724358974358991e-01,3.900000000000000000e+01
1.598712446351931327e+00,9.580128205128206342e-02,8.413461538461539102e-02,1.029807692307692368e-01,4.100000000000000000e+01
1.609442060085837012e+00,9.524038461538462952e-02,8.259775641025642046e-02,1.023413461538461716e-01,4.200000000000000000e+01
1.620171673819742475e+00,9.467948717948718174e-02,8.182371794871795556e-02,1.129198717948717984e-01,3.900000000000000000e+01
1.630901287553647938e+00,9.366987179487179516e-02,8.165544871794871984e-02,9.943589743589745233e-02,3.400000000000000000e+01
1.641630901287553623e+00,9.366987179487179516e-02,8.208173076923076794e-02,1.133125000000000104e-01,3.400000000000000000e+01
1.652360515021459308e+00,9.355769230769231393e-02,8.216025641025642701e-02,1.149166666666666808e-01,3.300000000000000000e+01
1.663090128755364772e+00,9.355769230769231393e-02,8.258653846153846123e-02,1.204583333333333339e-01,3.500000000000000000e+01
1.673819742489270457e+00,9.434294871794872417e-02,8.345032051282053054e-02,1.204919871794871838e-01,3.400000000000000000e+01
1.684549356223175920e+00,9.434294871794872417e-02,8.351762820512821650e-02,1.153205128205128244e-01,3.600000000000000000e+01
1.695278969957081605e+00,9.535256410256412463e-02,8.408974358974359575e-02,1.207500000000000101e-01,3.300000000000000000e+01
1.706008583690987290e+00,9.501602564102565318e-02,8.428044871794872217e-02,1.086121794871794527e-01,3.200000000000000000e+01
1.716738197424892753e+00,9.490384615384615807e-02,8.453846153846154843e-02,1.241153846153846274e-01,3.300000000000000000e+01
1.727467811158798217e+00,9.524038461538462952e-02,8.486378205128206065e-02,1.246875000000000205e-01,3.600000000000000000e+01
1.738197424892703680e+00,9.546474358974360586e-02,8.549198717948718051e-02,1.249567307692307783e-01,4.800000000000000000e+01
1.748927038626609587e+00,9.580128205128206342e-02,8.680448717948718862e-02,1.274583333333333401e-01,4.700000000000000000e+01
1.759656652360515050e+00,9.625000000000000222e-02,8.666987179487180282e-02,1.275929487179487121e-01,4.300000000000000000e+01
1.770386266094420513e+00,9.669871794871795490e-02,8.781410256410256132e-02,1.276378205128205212e-01,3.500000000000000000e+01
1.781115879828325976e+00,9.703525641025642634e-02,8.726442307692308664e-02,1.272227564102564323e-01,3.400000000000000000e+01
1.791845493562231884e+00,9.725961538461538880e-02,8.739903846153847244e-02,1.142548076923076833e-01,3.800000000000000000e+01
1.802575107296137347e+00,9.748397435897437902e-02,8.739903846153847244e-02,1.042035256410256544e-01,3.800000000000000000e+01
1.813304721030042810e+00,9.849358974358975172e-02,8.812820512820514207e-02,1.317435897435897396e-01,3.300000000000000000e+01
1.824034334763948495e+00,9.871794871794872805e-02,8.806089743589744223e-02,1.318108974358974395e-01,3.100000000000000000e+01
1.834763948497853958e+00,9.860576923076924682e-02,8.809455128205129215e-02,1.306778846153846263e-01,3.200000000000000000e+01
1.845493562231759643e+00,9.849358974358975172e-02,8.797115384615385170e-02,1.276378205128204935e-01,3.500000000000000000e+01
1.856223175965665328e+00,9.838141025641025661e-02,8.757852564102565351e-02,1.221410256410256218e-01,3.000000000000000000e+01
1.866952789699570792e+00,9.860576923076924682e-02,8.751121794871795367e-02,1.298926282051282299e-01,2.800000000000000000e+01
1.877682403433476255e+00,9.826923076923077538e-02,8.745512820512821306e-02,1.137051282051281947e-01,3.300000000000000000e+01
1.888412017167382162e+00,9.804487179487181292e-02,8.698397435897436969e-02,1.102275641025641101e-01,3.900000000000000000e+01
1.899141630901287625e+00,9.770833333333334147e-02,8.672596153846154343e-02,1.109342948717948751e-01,3.800000000000000000e+01
1.909871244635193088e+00,9.658653846153847367e-02,8.573878205128206142e-02,1.119214743589743571e-01,4.200000000000000000e+01
1.920600858369098773e+00,9.636217948717949733e-02,8.567147435897436158e-02,1.146474358974358815e-01,4.000000000000000000e+01
1.931330472103004237e+00,9.625000000000000222e-02,8.568269230769230693e-02,1.141762820512820797e-01,4.700000000000000000e+01
1.942060085836909922e+00,9.602564102564103976e-02,9.234615384615385558e-02,1.169807692307692354e-01,4.500000000000000000e+01
1.952789699570815607e+00,9.512820512820513441e-02,8.458333333333334370e-02,1.144230769230769329e-01,4.100000000000000000e+01
1.963519313304721070e+00,9.445512820512821928e-02,8.444871794871795789e-02,1.189102564102564180e-01,3.700000000000000000e+01
1.974248927038626533e+00,9.456730769230770051e-02,8.620993589743590479e-02,1.150400641025641074e-01,3.600000000000000000e+01
1.984978540772531996e+00,9.288461538461539879e-02,8.346153846153847589e-02,1.119551282051282071e-01,4.100000000000000000e+01
1.995708154506437904e+00,9.187500000000001221e-02,3.264423076923085327e-03,1.367355769230769458e-01,7.800000000000000000e+01
2.006437768240343367e+00,9.030448717948719173e-02,3.399038461538475466e-03,1.366009615384615739e-01,8.200000000000000000e+01
2.017167381974248830e+00,8.940705128205128638e-02,8.192467948717950532e-02,1.107996794871794893e-01,4.200000000000000000e+01
2.027896995708154293e+00,8.850961538461539491e-02,8.172275641025641968e-02,1.110913461538461655e-01,4.000000000000000000e+01
2.038626609442060200e+00,8.705128205128206953e-02,7.982692307692308697e-02,8.956410256410257675e-02,3.300000000000000000e+01
2.049356223175965663e+00,8.626602564102564541e-02,7.986057692307693689e-02,8.995673076923078881e-02,3.400000000000000000e+01
2.060085836909871126e+00,8.503205128205129637e-02,7.913141025641026727e-02,1.109006410256410252e-01,3.900000000000000000e+01
2.070815450643776590e+00,8.491987179487181514e-02,7.887339743589744101e-02,1.049326923076923102e-01,3.800000000000000000e+01
2.081545064377682053e+00,8.211538461538461786e-02,7.809935897435897612e-02,1.095993589743589763e-01,3.500000000000000000e+01
2.092274678111587960e+00,8.189102564102565540e-02,7.637179487179487913e-02,1.107884615384615440e-01,2.900000000000000000e+01
2.103004291845493423e+00,7.987179487179488224e-02,7.548557692307693301e-02,1.109567307692307797e-01,2.400000000000000000e+01
2.113733905579398886e+00,7.583333333333334980e-02,7.435256410256410597e-02,1.114166666666666777e-01,1.700000000000000000e+01
2.124463519313304793e+00,7.516025641025642079e-02,7.406089743589744367e-02,1.077596153846154120e-01,1.500000000000000000e+01
2.135193133047210257e+00,7.482371794871794934e-02,7.259134615384615907e-02,1.124935897435897503e-01,1.800000000000000000e+01
2.145922746781115720e+00,7.628205128205128860e-02,7.243429487179486870e-02,1.092964743589743687e-01,2.000000000000000000e+01
2.156652360515021627e+00,7.605769230769231226e-02,7.189583333333333937e-02,1.096105769230769356e-01,2.400000000000000000e+01
2.167381974248927090e+00,7.774038461538462785e-02,7.122275641025642423e-02,1.098349358974359119e-01,2.400000000000000000e+01
2.178111587982832553e+00,7.516025641025642079e-02,7.054967948717949522e-02,1.096105769230769356e-01,2.400000000000000000e+01
2.188841201716738460e+00,7.459935897435898688e-02,6.929326923076924161e-02,1.102275641025641101e-01,2.000000000000000000e+01
2.199570815450643924e+00,7.100961538461539324e-02,6.900160256410257931e-02,1.113830128205128278e-01,1.800000000000000000e+01
2.210300429184549387e+00,6.921474358974361030e-02,6.758814102564102144e-02,1.134695512820513008e-01,1.600000000000000000e+01
2.221030042918454850e+00,6.955128205128205399e-02,6.768910256410255732e-02,1.129198717948717984e-01,1.900000000000000000e+01
2.231759656652360757e+00,6.932692307692309153e-02,6.676923076923077516e-02,1.097564102564102667e-01,2.300000000000000000e+01
2.242489270386266220e+00,6.955128205128205399e-02,6.647756410256409898e-02,1.093525641025641093e-01,2.300000000000000000e+01
2.253218884120171683e+00,6.977564102564103032e-02,6.625320512820512264e-02,1.089487179487179519e-01,2.300000000000000000e+01
2.263948497854077146e+00,7.022435897435898300e-02,6.611858974358973684e-02,1.102275641025641101e-01,1.900000000000000000e+01
2.274678111587982610e+00,7.000000000000000666e-02,6.566987179487179804e-02,1.095544871794871811e-01,1.900000000000000000e+01
2.285407725321888517e+00,6.607371794871794157e-02,6.473878205128205665e-02,1.089150641025641159e-01,1.800000000000000000e+01
2.296137339055793980e+00,6.596153846153846034e-02,6.463782051282052077e-02,1.081185897435897603e-01,1.500000000000000000e+01
2.306866952789699443e+00,6.540064102564102644e-02,6.352724358974361218e-02,1.072099358974358957e-01,2.200000000000000000e+01
2.317596566523604906e+00,6.472756410256411130e-02,6.205769230769230677e-02,1.064695512820512946e-01,2.400000000000000000e+01
2.328326180257510813e+00,6.394230769230770106e-02,6.122756410256410126e-02,1.054711538461538534e-01,2.700000000000000000e+01
2.339055793991416277e+00,6.338141025641026716e-02,6.112660256410257231e-02,1.046746794871794978e-01,2.400000000000000000e+01
2.349785407725321740e+00,6.338141025641026716e-02,6.145192307692307759e-02,1.037772435897435924e-01,2.400000000000000000e+01
2.360515021459227647e+00,7.729166666666667518e-02,6.166506410256410858e-02,1.032387820512820631e-01,2.000000000000000000e+01
2.371244635193133110e+00,7.740384615384615641e-02,6.197916666666666852e-02,1.024759615384615435e-01,1.600000000000000000e+01
2.381974248927038573e+00,6.237179487179488058e-02,6.095833333333334353e-02,1.014775641025641023e-01,1.900000000000000000e+01
2.392703862660944480e+00,6.203525641025641607e-02,6.022916666666666696e-02,1.004118589743589890e-01,2.400000000000000000e+01
2.403433476394849944e+00,6.124999999999999889e-02,5.359935897435897517e-02,9.941346153846154776e-02,2.700000000000000000e+01
2.414163090128755407e+00,6.057692307692308376e-02,5.337499999999999883e-02,9.851602564102564241e-02,2.700000000000000000e+01
2.424892703862660870e+00,5.990384615384616862e-02,5.337499999999999883e-02,9.761858974358975094e-02,2.700000000000000000e+01
2.435622317596566777e+00,5.967948717948719228e-02,5.481089743589743352e-02,9.685576923076923139e-02,2.300000000000000000e+01
2.446351931330472240e+00,5.956730769230770411e-02,5.791826923076922456e-02,9.576762820512821350e-02,2.200000000000000000e+01
2.457081545064377703e+00,5.878205128205128693e-02,5.669551282051282781e-02,9.474679487179486770e-02,1.900000000000000000e+01
2.467811158798283167e+00,5.878205128205128693e-02,5.647115384615385841e-02,9.384935897435897623e-02,1.900000000000000000e+01
2.478540772532189074e+00,5.721153846153846645e-02,5.532692307692309297e-02,9.252564102564103665e-02,2.500000000000000000e+01
2.489270386266094537e+00,5.665064102564103254e-02,4.766506410256410309e-02,9.143750000000000488e-02,2.400000000000000000e+01
2.500000000000000000e+00,5.631410256410257498e-02,4.760897435897436247e-02,9.037179487179487769e-02,2.900000000000000000e+01
2.510729613733905907e+00,5.597756410256411047e-02,4.766506410256410309e-02,8.941826923076924560e-02,2.400000000000000000e+01
2.521459227467810926e+00,5.575320512820513413e-02,5.343108974358973945e-02,8.836378205128204988e-02,2.200000000000000000e+01
2.532188841201716833e+00,5.541666666666668351e-02,5.339743589743589647e-02,8.750000000000000833e-02,2.100000000000000000e+01
2.542918454935621853e+00,5.519230769230770717e-02,5.348717948717948700e-02,8.651282051282052632e-02,1.700000000000000000e+01
2.553648068669527760e+00,5.485576923076924266e-02,5.338621794871794418e-02,8.571634615384615685e-02,1.400000000000000000e+01
2.564377682403433667e+00,6.910256410256410131e-02,5.331891025641025128e-02,8.488621794871796522e-02,1.200000000000000000e+01
2.575107296137338686e+00,5.395833333333333731e-02,5.293750000000000538e-02,8.392147435897436003e-02,1.400000000000000000e+01
2.585836909871244593e+00,5.384615384615384914e-02,5.290384615384616240e-02,8.283333333333334214e-02,1.300000000000000000e+01
2.596566523605150056e+00,5.373397435897436097e-02,5.255608974358974561e-02,8.205929487179487725e-02,1.600000000000000000e+01
2.607296137339055520e+00,5.317307692307692013e-02,5.223076923076923339e-02,8.126282051282052166e-02,1.300000000000000000e+01
2.618025751072961427e+00,5.294871794871795767e-02,5.200641025641025705e-02,8.036538461538463018e-02,1.300000000000000000e+01
2.628755364806866890e+00,5.294871794871795767e-02,5.184935897435898750e-02,7.962500000000000133e-02,1.500000000000000000e+01
2.639484978540772353e+00,5.317307692307692013e-02,5.146794871794872772e-02,7.866025641025642390e-02,1.700000000000000000e+01
2.650214592274678260e+00,5.205128205128205232e-02,4.060897435897435626e-02,7.785256410256410908e-02,2.100000000000000000e+01
2.660944206008583723e+00,5.171474358974360169e-02,4.048557692307691580e-02,7.707852564102564419e-02,2.400000000000000000e+01
2.671673819742489187e+00,5.160256410256411352e-02,4.045192307692307282e-02,7.643910256410256510e-02,2.300000000000000000e+01
2.682403433476394650e+00,5.149038461538462536e-02,4.050801282051281343e-02,7.570993589743590935e-02,1.800000000000000000e+01
2.693133047210300557e+00,5.227564102564102866e-02,4.980769230769230282e-02,7.510416666666668017e-02,1.600000000000000000e+01
2.703862660944206020e+00,5.104166666666667268e-02,4.963942307692306710e-02,7.443108974358975116e-02,1.600000000000000000e+01
2.714592274678111483e+00,5.081730769230770328e-02,4.957211538461538114e-02,7.382532051282052199e-02,1.400000000000000000e+01
2.725321888412017390e+00,4.991987179487179099e-02,4.874198717948717563e-02,7.308493589743590702e-02,1.600000000000000000e+01
2.736051502145922409e+00,4.947115384615384526e-02,4.845032051282051333e-02,7.247916666666666397e-02,1.400000000000000000e+01
2.746781115879828317e+00,4.924679487179487586e-02,4.822596153846154393e-02,7.180608974358974883e-02,1.400000000000000000e+01
2.757510729613734224e+00,4.868589743589743501e-02,4.790064102564103171e-02,7.123397435897436958e-02,1.100000000000000000e+01
2.768240343347639243e+00,4.846153846153845868e-02,4.751923076923077194e-02,7.071794871794871706e-02,1.300000000000000000e+01
2.778969957081545150e+00,4.801282051282051988e-02,4.707051282051283314e-02,7.004487179487180193e-02,1.300000000000000000e+01
2.789699570815450613e+00,4.801282051282051988e-02,4.707051282051283314e-02,6.937179487179488679e-02,1.300000000000000000e+01
2.800429184549356076e+00,4.689102564102565207e-02,4.348076923076923950e-02,6.039743589743589575e-02,1.700000000000000000e+01
2.811158798283261984e+00,4.621794871794872306e-02,4.150641025641024773e-02,6.798076923076924738e-02,2.100000000000000000e+01
2.821888412017167447e+00,4.554487179487179405e-02,3.580769230769230427e-02,5.532692307692305134e-02,2.500000000000000000e+01
2.832618025751072910e+00,4.487179487179487891e-02,3.558333333333333487e-02,5.474358974358972674e-02,2.500000000000000000e+01
2.843347639484978817e+00,4.475961538461539074e-02,3.554967948717949189e-02,5.730128205128207086e-02,2.400000000000000000e+01
2.854077253218884280e+00,4.408653846153846173e-02,3.563942307692307548e-02,4.857371794871791909e-02,2.000000000000000000e+01
2.864806866952789743e+00,4.431089743589743807e-02,4.169711538461538802e-02,6.509775641025641879e-02,2.000000000000000000e+01
2.875536480686695207e+00,4.419871794871794990e-02,4.325641025641026316e-02,6.488461538461538780e-02,1.300000000000000000e+01
2.886266094420601114e+00,4.397435897435897356e-02,4.318910256410257026e-02,6.427884615384615863e-02,1.100000000000000000e+01
2.896995708154506577e+00,4.375000000000001110e-02,4.296474358974359392e-02,6.383012820512820595e-02,1.100000000000000000e+01
2.907725321888412040e+00,4.341346153846154660e-02,4.270673076923076766e-02,6.341506410256411708e-02,1.000000000000000000e+01
2.918454935622317947e+00,4.330128205128205843e-02,4.251602564102564819e-02,6.293269230769230060e-02,1.100000000000000000e+01
2.929184549356222966e+00,4.307692307692308209e-02,4.229166666666667879e-02,6.248397435897436181e-02,1.100000000000000000e+01
2.939914163090128874e+00,4.296474358974359392e-02,4.225801282051282887e-02,6.206891025641025905e-02,1.000000000000000000e+01
2.950643776824034781e+00,4.262820512820512941e-02,4.200000000000000955e-02,6.165384615384615630e-02,9.000000000000000000e+00
2.961373390557939800e+00,4.229166666666667879e-02,4.158493589743589292e-02,5.481089743589742658e-02,1.000000000000000000e+01
2.972103004291845707e+00,3.971153846153846478e-02,2.845993589743590901e-02,4.535416666666663987e-02,2.000000000000000000e+01
2.982832618025750726e+00,3.814102564102564430e-02,2.894230769230769773e-02,4.240384615384616696e-02,2.100000000000000000e+01
2.993562231759656633e+00,3.836538461538462064e-02,3.327243589743590635e-02,4.233653846153847405e-02,2.300000000000000000e+01
3.004291845493562541e+00,3.713141025641025772e-02,3.323878205128206337e-02,4.214583333333334070e-02,2.200000000000000000e+01
3.015021459227467560e+00,3.825320512820513247e-02,3.346314102564102583e-02,4.259455128205128643e-02,2.200000000000000000e+01
3.025751072961373467e+00,3.791666666666668184e-02,2.849358974358975893e-02,4.240384615384616696e-02,2.100000000000000000e+01
3.036480686695278486e+00,4.173076923076923794e-02,3.787179487179488657e-02,5.882692307692308220e-02,1.300000000000000000e+01
3.047210300429184393e+00,4.195512820512821428e-02,4.132692307692308054e-02,5.873717948717949167e-02,9.000000000000000000e+00
3.057939914163090300e+00,4.184294871794872611e-02,4.129326923076923062e-02,5.752564102564103332e-02,8.000000000000000000e+00
3.068669527896995319e+00,4.206730769230770245e-02,4.136057692307692352e-02,5.803044871794871273e-02,1.000000000000000000e+01
3.079399141630901227e+00,4.217948717948719062e-02,4.139423076923076650e-02,5.777243589743590035e-02,1.100000000000000000e+01
3.090128755364807134e+00,4.217948717948719062e-02,4.155128205128204300e-02,5.447435897435897595e-02,9.000000000000000000e+00
3.100858369098712153e+00,4.217948717948719062e-02,4.155128205128204300e-02,5.429487179487179488e-02,9.000000000000000000e+00
3.111587982832618060e+00,4.206730769230770245e-02,4.151762820512820001e-02,5.625801282051282742e-02,8.000000000000000000e+00
3.122317596566523523e+00,4.206730769230770245e-02,4.151762820512820001e-02,5.604487179487179643e-02,8.000000000000000000e+00
3.133047210300428986e+00,4.161858974358974284e-02,3.335096153846154460e-02,5.639262820512821323e-02,1.200000000000000000e+01
3.143776824034334894e+00,3.758012820512821039e-02,3.213942307692307931e-02,5.261217948717950010e-02,1.600000000000000000e+01
3.154506437768240357e+00,3.410256410256411186e-02,3.172435897435897656e-02,4.208974358974360008e-02,1.700000000000000000e+01
3.165236051502145820e+00,3.387820512820513552e-02,3.156730769230769312e-02,4.202243589743590718e-02,1.900000000000000000e+01
3.175965665236051283e+00,3.410256410256411186e-02,3.179166666666666946e-02,4.202243589743590718e-02,1.900000000000000000e+01
3.186695278969957190e+00,4.060897435897435626e-02,3.194871794871794596e-02,4.186538461538462375e-02,1.700000000000000000e+01
3.197424892703862653e+00,4.072115384615384442e-02,3.326121794871796100e-02,4.189903846153847367e-02,1.600000000000000000e+01
3.208154506437768116e+00,4.105769230769230893e-02,4.027243589743589869e-02,4.823717948717949622e-02,1.100000000000000000e+01
3.218884120171674024e+00,4.105769230769230893e-02,4.042948717948717519e-02,5.191666666666665958e-02,9.000000000000000000e+00
3.229613733905579043e+00,4.094551282051282076e-02,4.039583333333333220e-02,5.364423076923076350e-02,8.000000000000000000e+00
3.240343347639484950e+00,4.094551282051282076e-02,4.039583333333333220e-02,5.343108974358975333e-02,8.000000000000000000e+00
3.251072961373390857e+00,4.094551282051282076e-02,4.039583333333333220e-02,5.321794871794872234e-02,8.000000000000000000e+00
3.261802575107295876e+00,4.072115384615384442e-02,4.017147435897436281e-02,5.299358974358974600e-02,8.000000000000000000e+00
3.272532188841201783e+00,4.094551282051282076e-02,4.023878205128205571e-02,4.923557692307690969e-02,1.000000000000000000e+01
3.283261802575107247e+00,4.105769230769230893e-02,4.042948717948717519e-02,5.083974358974358010e-02,9.000000000000000000e+00
3.293991416309012710e+00,4.083333333333333259e-02,4.004807692307692929e-02,4.722756410256410270e-02,1.100000000000000000e+01
3.304721030042918617e+00,4.049679487179486809e-02,3.184775641025641008e-02,4.206730769230767469e-02,1.400000000000000000e+01
3.315450643776824080e+00,3.982371794871795295e-02,3.175801282051281954e-02,4.115865384615384481e-02,1.800000000000000000e+01
3.326180257510729543e+00,3.915064102564103088e-02,3.160096153846154304e-02,4.064262820512819924e-02,2.000000000000000000e+01
3.336909871244635450e+00,3.870192307692308514e-02,3.160096153846154304e-02,4.041826923076922290e-02,2.000000000000000000e+01
3.347639484978540914e+00,3.847756410256410881e-02,3.162339743589743374e-02,4.010416666666665603e-02,1.400000000000000000e+01
3.358369098712446377e+00,3.870192307692308514e-02,3.178044871794871717e-02,4.372756410256410653e-02,1.200000000000000000e+01
3.369098712446351840e+00,3.903846153846154965e-02,3.511217948717949150e-02,3.982371794871795295e-02,1.100000000000000000e+01
3.379828326180257747e+00,3.948717948717948845e-02,3.885897435897436858e-02,4.908974358974359242e-02,9.000000000000000000e+00
3.390557939914163210e+00,3.971153846153846478e-02,3.908333333333334492e-02,4.895512820512820662e-02,9.000000000000000000e+00
3.401287553648068673e+00,3.959935897435897662e-02,3.904967948717949500e-02,5.037980769230769595e-02,8.000000000000000000e+00
3.412017167381974581e+00,3.959935897435897662e-02,3.904967948717949500e-02,5.037980769230769595e-02,8.000000000000000000e+00
3.422746781115879600e+00,3.959935897435897662e-02,3.904967948717949500e-02,5.016666666666668578e-02,8.000000000000000000e+00
3.433476394849785507e+00,3.971153846153846478e-02,3.908333333333334492e-02,4.859615384615385836e-02,9.000000000000000000e+00
3.444206008583691414e+00,3.937500000000000028e-02,3.866826923076923522e-02,4.008173076923077227e-02,1.000000000000000000e+01
3.454935622317596433e+00,3.937500000000000028e-02,3.866826923076923522e-02,4.679006410256410925e-02,1.000000000000000000e+01
3.465665236051502340e+00,3.858974358974359697e-02,3.136538461538461442e-02,3.953205128205128371e-02,1.300000000000000000e+01
3.476394849785407359e+00,3.500000000000000333e-02,3.045673076923077066e-02,3.920673076923077149e-02,1.600000000000000000e+01
3.487124463519313267e+00,3.208333333333332482e-02,3.015384615384615608e-02,3.894871794871795911e-02,1.700000000000000000e+01
3.497854077253219174e+00,3.208333333333332482e-02,2.992948717948717974e-02,3.894871794871795911e-02,1.700000000000000000e+01
3.508583690987124193e+00,3.511217948717948456e-02,3.018750000000000253e-02,3.936378205128204799e-02,1.800000000000000000e+01
3.519313304721030100e+00,3.185897435897436236e-02,3.031089743589743951e-02,3.924038461538461448e-02,1.500000000000000000e+01
3.530042918454936007e+00,3.847756410256410881e-02,3.087179487179486995e-02,4.295352564102563470e-02,1.200000000000000000e+01
3.540772532188841026e+00,3.881410256410257331e-02,3.766987179487180093e-02,4.031730769230768702e-02,7.000000000000000000e+00
3.551502145922746934e+00,3.892628205128206148e-02,3.837660256410257292e-02,4.906730769230768785e-02,8.000000000000000000e+00
3.562231759656651953e+00,3.870192307692308514e-02,3.799519230769232009e-02,4.597115384615383521e-02,1.000000000000000000e+01
3.572961373390557860e+00,3.858974358974359697e-02,3.796153846153847711e-02,3.921794871794871684e-02,9.000000000000000000e+00
3.583690987124463767e+00,3.847756410256410881e-02,3.777083333333334375e-02,4.574679487179487275e-02,1.000000000000000000e+01
3.594420600858368786e+00,3.825320512820513247e-02,3.770352564102565779e-02,3.880288461538462796e-02,8.000000000000000000e+00
3.605150214592274693e+00,3.847756410256410881e-02,3.792788461538462719e-02,3.902724358974360430e-02,8.000000000000000000e+00
3.615879828326180156e+00,3.870192307692308514e-02,3.815224358974359659e-02,4.862980769230769440e-02,8.000000000000000000e+00
3.626609442060085620e+00,3.836538461538462064e-02,3.789423076923078421e-02,3.984615384615385059e-02,7.000000000000000000e+00
3.637339055793991527e+00,3.858974358974359697e-02,3.796153846153847711e-02,4.693589743589744040e-02,9.000000000000000000e+00
3.648068669527896990e+00,3.881410256410257331e-02,3.818589743589743957e-02,4.698076923076922873e-02,9.000000000000000000e+00
3.658798283261802453e+00,3.881410256410257331e-02,3.818589743589743957e-02,3.944230769230769318e-02,9.000000000000000000e+00
3.669527896995707916e+00,3.915064102564103088e-02,3.844391025641025889e-02,4.554487179487179405e-02,1.000000000000000000e+01
3.680257510729613823e+00,3.926282051282051211e-02,3.863461538461539224e-02,3.989102564102564585e-02,9.000000000000000000e+00
3.690987124463519287e+00,3.937500000000000028e-02,3.882532051282052560e-02,3.992467948717949577e-02,8.000000000000000000e+00
3.701716738197424750e+00,3.937500000000000028e-02,3.882532051282052560e-02,4.802403846153845829e-02,8.000000000000000000e+00
3.712446351931330657e+00,3.926282051282051211e-02,3.879166666666667568e-02,4.058653846153845862e-02,7.000000000000000000e+00
3.723175965665235676e+00,3.948717948717948845e-02,3.885897435897436858e-02,4.657692307692308520e-02,9.000000000000000000e+00
3.733905579399141583e+00,3.959935897435897662e-02,3.904967948717949500e-02,4.014903846153847211e-02,8.000000000000000000e+00
3.744635193133047490e+00,3.982371794871795295e-02,3.911698717948718790e-02,4.534294871794871534e-02,1.000000000000000000e+01
3.755364806866952510e+00,3.993589743589744112e-02,3.930769230769230738e-02,4.648717948717948772e-02,9.000000000000000000e+00
3.766094420600858417e+00,3.993589743589744112e-02,3.946474358974359081e-02,4.114743589743589253e-02,7.000000000000000000e+00
3.776824034334764324e+00,4.027243589743589869e-02,3.972275641025641707e-02,4.742948717948718834e-02,8.000000000000000000e+00
3.787553648068669343e+00,4.027243589743589869e-02,3.972275641025641707e-02,4.742948717948718834e-02,8.000000000000000000e+00
3.798283261802575250e+00,3.993589743589744112e-02,3.230769230769231504e-02,4.056410256410256099e-02,9.000000000000000000e+00
3.809012875536480713e+00,3.915064102564103088e-02,3.056891025641026230e-02,4.032852564102563930e-02,1.600000000000000000e+01
3.819742489270386177e+00,3.668269230769231198e-02,3.086057692307692460e-02,4.003685897435897700e-02,1.800000000000000000e+01
3.830472103004292084e+00,3.825320512820513247e-02,3.152243589743589786e-02,4.012660256410256754e-02,2.200000000000000000e+01
3.841201716738197547e+00,3.802884615384616307e-02,3.133173076923076450e-02,3.967788461538461486e-02,2.200000000000000000e+01
3.851931330472103010e+00,3.791666666666668184e-02,3.066987179487180165e-02,3.933012820512820501e-02,1.900000000000000000e+01
3.862660944206008473e+00,3.791666666666668184e-02,3.084935897435897925e-02,3.921794871794871684e-02,1.500000000000000000e+01
3.873390557939914380e+00,3.802884615384616307e-02,3.732211538461539108e-02,3.873557692307692812e-02,1.000000000000000000e+01
3.884120171673819844e+00,3.802884615384616307e-02,3.747916666666668145e-02,3.857852564102565163e-02,8.000000000000000000e+00
3.894849785407725307e+00,3.769230769230770550e-02,3.722115384615385519e-02,3.908333333333333104e-02,7.000000000000000000e+00
3.905579399141631214e+00,3.769230769230770550e-02,3.722115384615385519e-02,3.908333333333333104e-02,7.000000000000000000e+00
3.916309012875536233e+00,3.769230769230770550e-02,3.722115384615385519e-02,3.908333333333333104e-02,7.000000000000000000e+00
3.927038626609442140e+00,3.769230769230770550e-02,3.722115384615385519e-02,3.908333333333333104e-02,7.000000000000000000e+00
3.937768240343348047e+00,3.791666666666668184e-02,3.728846153846154809e-02,4.572435897435897512e-02,9.000000000000000000e+00
3.948497854077253066e+00,3.802884615384616307e-02,3.747916666666668145e-02,4.710416666666666918e-02,8.000000000000000000e+00
3.959227467811158974e+00,3.814102564102564430e-02,3.751282051282052443e-02,4.576923076923077038e-02,9.000000000000000000e+00
3.969957081545063993e+00,3.780448717948719367e-02,2.729326923076923553e-02,4.173076923076923100e-02,1.200000000000000000e+01
3.980686695278969900e+00,3.791666666666668184e-02,2.746153846153845737e-02,4.056410256410256793e-02,1.300000000000000000e+01
3.991416309012875807e+00,3.814102564102564430e-02,2.793269230769230421e-02,4.318910256410257026e-02,1.100000000000000000e+01
4.002145922746780826e+00,3.814102564102564430e-02,2.288461538461555606e-03,1.377115384615384686e-01,4.900000000000000000e+01
4.012875536480686733e+00,3.814102564102564430e-02,2.737179487179487031e-02,4.318910256410257026e-02,1.100000000000000000e+01
4.023605150214592641e+00,3.769230769230770550e-02,2.710256410256410564e-02,4.038461538461538686e-02,1.300000000000000000e+01
4.034334763948497660e+00,3.814102564102564430e-02,3.241987179487180321e-02,4.318910256410257026e-02,1.100000000000000000e+01
4.045064377682403567e+00,3.858974358974359697e-02,3.796153846153847711e-02,4.585897435897436092e-02,9.000000000000000000e+00
4.055793991416308586e+00,3.915064102564103088e-02,3.828685897435897545e-02,4.260576923076923178e-02,1.200000000000000000e+01
4.066523605150214493e+00,3.926282051282051211e-02,3.832051282051282537e-02,4.164102564102564047e-02,1.300000000000000000e+01
4.077253218884120400e+00,3.937500000000000028e-02,3.851121794871795179e-02,4.275160256410256987e-02,1.200000000000000000e+01
4.087982832618025419e+00,3.959935897435897662e-02,3.889262820512821156e-02,4.497275641025640786e-02,1.000000000000000000e+01
4.098712446351931327e+00,3.948717948717948845e-02,3.885897435897436858e-02,4.603846153846154199e-02,9.000000000000000000e+00
4.109442060085836346e+00,3.948717948717948845e-02,3.885897435897436858e-02,4.603846153846154199e-02,9.000000000000000000e+00
4.120171673819742253e+00,3.937500000000000028e-02,3.882532051282052560e-02,3.992467948717949577e-02,8.000000000000000000e+00
4.130901287553648160e+00,3.948717948717948845e-02,3.901602564102565202e-02,4.069871794871795373e-02,7.000000000000000000e+00
4.141630901287553179e+00,3.948717948717948845e-02,3.901602564102565202e-02,4.069871794871795373e-02,7.000000000000000000e+00
4.152360515021459086e+00,3.915064102564103088e-02,3.844391025641025889e-02,3.985737179487179593e-02,1.000000000000000000e+01
4.163090128755364105e+00,3.892628205128206148e-02,3.821955128205128255e-02,3.963301282051281960e-02,1.000000000000000000e+01
4.173819742489270013e+00,3.892628205128206148e-02,3.806250000000000605e-02,4.238141025641025544e-02,1.200000000000000000e+01
4.184549356223175920e+00,3.847756410256410881e-02,3.761378205128206031e-02,4.208974358974358621e-02,1.200000000000000000e+01
4.195278969957081827e+00,3.814102564102564430e-02,3.751282051282052443e-02,3.876923076923077804e-02,9.000000000000000000e+00
4.206008583690986846e+00,3.802884615384616307e-02,3.747916666666668145e-02,3.857852564102565163e-02,8.000000000000000000e+00
4.216738197424892753e+00,3.780448717948719367e-02,3.741185897435898855e-02,4.044070512820513441e-02,6.000000000000000000e+00
4.227467811158797772e+00,3.791666666666668184e-02,3.728846153846154809e-02,4.536538461538462685e-02,9.000000000000000000e+00
4.238197424892703680e+00,3.802884615384616307e-02,3.747916666666668145e-02,4.667788461538462802e-02,8.000000000000000000e+00
4.248927038626609587e+00,3.802884615384616307e-02,3.747916666666668145e-02,3.857852564102565163e-02,8.000000000000000000e+00
4.259656652360515494e+00,3.814102564102564430e-02,3.766987179487180787e-02,3.944230769230770012e-02,7.000000000000000000e+00
4.270386266094420513e+00,3.814102564102564430e-02,3.766987179487180787e-02,4.691346153846154970e-02,7.000000000000000000e+00
4.281115879828326420e+00,3.791666666666668184e-02,3.744551282051283153e-02,3.921794871794872378e-02,7.000000000000000000e+00
4.291845493562231439e+00,3.780448717948719367e-02,3.725480769230770511e-02,3.835416666666667529e-02,8.000000000000000000e+00
4.302575107296137347e+00,3.758012820512821733e-02,3.687339743589742452e-02,4.368269230769231126e-02,1.000000000000000000e+01
4.313304721030043254e+00,3.724358974358975283e-02,3.661538461538461908e-02,3.787179487179488657e-02,9.000000000000000000e+00
4.324034334763949161e+00,3.724358974358975283e-02,3.661538461538461908e-02,3.787179487179488657e-02,9.000000000000000000e+00
4.334763948497854180e+00,3.724358974358975283e-02,3.661538461538461908e-02,4.469230769230769784e-02,9.000000000000000000e+00
4.345493562231760087e+00,3.724358974358975283e-02,3.677243589743588864e-02,3.856730769230769934e-02,7.000000000000000000e+00
4.356223175965665106e+00,3.746794871794872916e-02,3.683974358974358154e-02,3.809615384615384903e-02,9.000000000000000000e+00
4.366952789699571014e+00,3.780448717948719367e-02,3.709775641025640780e-02,4.346955128205128027e-02,1.000000000000000000e+01
4.377682403433476921e+00,3.802884615384616307e-02,3.732211538461539108e-02,4.354807692307692546e-02,1.000000000000000000e+01
4.388412017167381940e+00,3.814102564102564430e-02,3.751282051282052443e-02,3.876923076923077804e-02,9.000000000000000000e+00
4.399141630901287847e+00,3.825320512820513247e-02,3.770352564102565779e-02,3.880288461538462796e-02,8.000000000000000000e+00
4.409871244635192866e+00,3.870192307692308514e-02,3.815224358974359659e-02,4.564583333333335075e-02,8.000000000000000000e+00
4.420600858369098773e+00,3.870192307692308514e-02,3.815224358974359659e-02,4.564583333333335075e-02,8.000000000000000000e+00
4.431330472103004681e+00,3.870192307692308514e-02,3.830929487179488002e-02,4.077724358974360586e-02,6.000000000000000000e+00
4.442060085836909700e+00,3.870192307692308514e-02,3.830929487179488002e-02,4.077724358974360586e-02,6.000000000000000000e+00
4.452789699570815607e+00,3.892628205128206148e-02,3.837660256410257292e-02,4.544391025641025816e-02,8.000000000000000000e+00
4.463519313304721514e+00,3.903846153846154965e-02,3.841025641025641590e-02,4.451282051282050983e-02,9.000000000000000000e+00
4.474248927038626533e+00,3.937500000000000028e-02,3.866826923076923522e-02,4.053044871794871107e-02,1.000000000000000000e+01
4.484978540772532440e+00,3.993589743589744112e-02,3.892628205128206148e-02,4.072115384615384442e-02,1.100000000000000000e+01
4.495708154506437459e+00,4.004807692307692929e-02,3.889262820512821156e-02,4.075480769230768741e-02,1.000000000000000000e+01
4.506437768240343367e+00,4.049679487179486809e-02,4.010416666666667684e-02,4.206730769230769551e-02,6.000000000000000000e+00
4.517167381974249274e+00,4.060897435897435626e-02,4.013782051282051982e-02,4.556730769230769168e-02,7.000000000000000000e+00
4.527896995708154293e+00,4.296474358974358698e-02,4.026121794871795334e-02,4.566826923076922756e-02,4.000000000000000000e+00
4.538626609442060200e+00,4.565705128205128221e-02,4.557852564102564397e-02,4.573557692307692046e-02,2.000000000000000000e+00
4.549356223175965219e+00,4.565705128205128221e-02,4.557852564102564397e-02,4.573557692307692046e-02,2.000000000000000000e+00
4.560085836909871126e+00,4.565705128205128221e-02,4.557852564102564397e-02,4.573557692307692046e-02,2.000000000000000000e+00
4.570815450643777034e+00,4.565705128205128221e-02,4.557852564102564397e-02,4.573557692307692046e-02,2.000000000000000000e+00
4.581545064377682053e+00,4.554487179487179405e-02,4.554487179487179405e-02,4.554487179487179405e-02,1.000000000000000000e+00
4.592274678111587960e+00,4.554487179487179405e-02,4.554487179487179405e-02,4.554487179487179405e-02,1.000000000000000000e+00
4.603004291845492979e+00,4.554487179487179405e-02,4.554487179487179405e-02,4.554487179487179405e-02,1.000000000000000000e+00
4.613733905579398886e+00,4.554487179487179405e-02,4.554487179487179405e-02,4.554487179487179405e-02,1.000000000000000000e+00
4.624463519313304793e+00,4.554487179487179405e-02,4.554487179487179405e-02,4.554487179487179405e-02,1.000000000000000000e+00
4.635193133047209813e+00,3.399038461538462369e-02,3.292467948717949650e-02,3.763621794871795101e-02,6.000000000000000000e+00
4.645922746781115720e+00,3.455128205128205066e-02,3.284615384615384437e-02,3.517948717948718440e-02,9.000000000000000000e+00
4.656652360515021627e+00,3.455128205128205066e-02,3.298076923076923017e-02,3.533653846153846784e-02,1.100000000000000000e+01
4.667381974248926646e+00,3.443910256410256943e-02,3.326121794871794712e-02,3.530288461538461792e-02,1.200000000000000000e+01
4.678111587982832553e+00,3.443910256410256943e-02,3.284615384615384437e-02,3.514583333333333448e-02,1.000000000000000000e+01
4.688841201716737572e+00,3.342948717948718285e-02,3.280128205128204910e-02,3.495512820512820806e-02,9.000000000000000000e+00
4.699570815450643479e+00,3.320512820512822039e-02,3.289102564102564658e-02,3.908333333333333104e-02,5.000000000000000000e+00
4.710300429184549387e+00,4.554487179487179405e-02,4.554487179487179405e-02,4.554487179487179405e-02,1.000000000000000000e+00
4.721030042918455294e+00,4.554487179487179405e-02,4.554487179487179405e-02,4.554487179487179405e-02,1.000000000000000000e+00
4.731759656652360313e+00,4.554487179487179405e-02,4.554487179487179405e-02,4.554487179487179405e-02,1.000000000000000000e+00
4.742489270386266220e+00,4.554487179487179405e-02,4.554487179487179405e-02,4.554487179487179405e-02,1.000000000000000000e+00
4.753218884120171239e+00,4.554487179487179405e-02,4.554487179487179405e-02,4.554487179487179405e-02,1.000000000000000000e+00
4.763948497854077146e+00,4.554487179487179405e-02,4.554487179487179405e-02,4.554487179487179405e-02,1.000000000000000000e+00
4.774678111587983054e+00,4.554487179487179405e-02,4.554487179487179405e-02,4.554487179487179405e-02,1.000000000000000000e+00
4.785407725321888961e+00,4.554487179487179405e-02,4.554487179487179405e-02,4.554487179487179405e-02,1.000000000000000000e+00
4.796137339055793980e+00,4.543269230769230588e-02,4.535416666666666763e-02,4.551121794871794413e-02,2.000000000000000000e+00
4.806866952789699887e+00,4.543269230769230588e-02,4.535416666666666763e-02,4.551121794871794413e-02,2.000000000000000000e+00
4.817596566523604906e+00,4.543269230769230588e-02,4.535416666666666763e-02,4.551121794871794413e-02,2.000000000000000000e+00
4.828326180257510813e+00,4.532051282051281771e-02,4.532051282051281771e-02,4.532051282051281771e-02,1.000000000000000000e+00
4.839055793991416721e+00,4.532051282051281771e-02,4.532051282051281771e-02,4.532051282051281771e-02,1.000000000000000000e+00
4.849785407725321740e+00,4.532051282051281771e-02,4.532051282051281771e-02,4.532051282051281771e-02,1.000000000000000000e+00
4.860515021459227647e+00,4.532051282051281771e-02,4.532051282051281771e-02,4.532051282051281771e-02,1.000000000000000000e+00
4.871244635193133554e+00,4.532051282051281771e-02,4.532051282051281771e-02,4.532051282051281771e-02,1.000000000000000000e+00
4.881974248927038573e+00,4.532051282051281771e-02,4.532051282051281771e-02,4.532051282051281771e-02,1.000000000000000000e+00
4.892703862660944480e+00,4.532051282051281771e-02,4.532051282051281771e-02,4.532051282051281771e-02,1.000000000000000000e+00
4.903433476394850388e+00,4.532051282051281771e-02,4.532051282051281771e-02,4.532051282051281771e-02,1.000000000000000000e+00
4.914163090128755407e+00,4.532051282051281771e-02,4.532051282051281771e-02,4.532051282051281771e-02,1.000000000000000000e+00
4.924892703862661314e+00,4.532051282051281771e-02,4.532051282051281771e-02,4.532051282051281771e-02,1.000000000000000000e+00
4.935622317596566333e+00,4.532051282051281771e-02,4.532051282051281771e-02,4.532051282051281771e-02,1.000000000000000000e+00
4.946351931330472240e+00,4.532051282051281771e-02,4.532051282051281771e-02,4.532051282051281771e-02,1.000000000000000000e+00
4.957081545064378147e+00,4.532051282051281771e-02,4.532051282051281771e-02,4.532051282051281771e-02,1.000000000000000000e+00
4.967811158798283167e+00,2.950320512820513857e-02,2.926762820512821342e-02,3.825320512820512553e-02,4.000000000000000000e+00
4.978540772532189074e+00,2.972756410256410797e-02,2.911057692307692998e-02,3.387820512820512858e-02,6.000000000000000000e+00
4.989270386266094093e+00,2.995192307692307737e-02,2.888621794871795365e-02,4.537660256410255832e-02,6.000000000000000000e+00
5.000000000000000000e+00,3.006410256410256554e-02,2.885256410256410720e-02,4.541025641025640824e-02,5.000000000000000000e+00
5.010729613733905019e+00,2.995192307692307737e-02,2.888621794871795365e-02,4.537660256410255832e-02,6.000000000000000000e+00
5.021459227467811814e+00,2.972756410256410797e-02,2.911057692307692998e-02,3.393429487179487614e-02,6.000000000000000000e+00
5.032188841201716833e+00,2.950320512820513857e-02,2.926762820512821342e-02,3.837660256410256598e-02,4.000000000000000000e+00
5.042918454935621853e+00,4.554487179487179405e-02,4.554487179487179405e-02,4.554487179487179405e-02,1.000000000000000000e+00
5.053648068669528648e+00,4.554487179487179405e-02,4.554487179487179405e-02,4.554487179487179405e-02,1.000000000000000000e+00
5.064377682403433667e+00,4.565705128205128221e-02,4.557852564102564397e-02,4.573557692307692046e-02,2.000000000000000000e+00
5.075107296137338686e+00,4.565705128205128221e-02,4.557852564102564397e-02,4.573557692307692046e-02,2.000000000000000000e+00
5.085836909871243705e+00,4.565705128205128221e-02,4.557852564102564397e-02,4.573557692307692046e-02,2.000000000000000000e+00
5.096566523605150500e+00,4.565705128205128221e-02,4.557852564102564397e-02,4.573557692307692046e-02,2.000000000000000000e+00
5.107296137339055520e+00,4.565705128205128221e-02,4.557852564102564397e-02,4.573557692307692046e-02,2.000000000000000000e+00
5.118025751072961427e+00,4.576923076923077038e-02,4.576923076923077038e-02,4.576923076923077038e-02,1.000000000000000000e+00
5.128755364806867334e+00,4.576923076923077038e-02,4.576923076923077038e-02,4.576923076923077038e-02,1.000000000000000000e+00
5.139484978540772353e+00,4.576923076923077038e-02,4.576923076923077038e-02,4.576923076923077038e-02,1.000000000000000000e+00
5.150214592274677372e+00,4.576923076923077038e-02,4.576923076923077038e-02,4.576923076923077038e-02,1.000000000000000000e+00
5.160944206008584167e+00,4.565705128205128221e-02,4.557852564102564397e-02,4.573557692307692046e-02,2.000000000000000000e+00
5.171673819742489187e+00,4.565705128205128221e-02,4.557852564102564397e-02,4.573557692307692046e-02,2.000000000000000000e+00
5.182403433476395094e+00,4.565705128205128221e-02,4.557852564102564397e-02,4.573557692307692046e-02,2.000000000000000000e+00
5.193133047210300113e+00,4.554487179487179405e-02,4.554487179487179405e-02,4.554487179487179405e-02,1.000000000000000000e+00
5.203862660944206020e+00,4.554487179487179405e-02,4.554487179487179405e-02,4.554487179487179405e-02,1.000000000000000000e+00
5.214592274678111039e+00,4.554487179487179405e-02,4.554487179487179405e-02,4.554487179487179405e-02,1.000000000000000000e+00
5.225321888412016946e+00,4.554487179487179405e-02,4.554487179487179405e-02,4.554487179487179405e-02,1.000000000000000000e+00
5.236051502145922854e+00,4.543269230769230588e-02,4.535416666666666763e-02,4.551121794871794413e-02,2.000000000000000000e+00
5.246781115879828761e+00,4.532051282051281771e-02,4.532051282051281771e-02,4.532051282051281771e-02,1.000000000000000000e+00
5.257510729613733780e+00,4.532051282051281771e-02,4.532051282051281771e-02,4.532051282051281771e-02,1.000000000000000000e+00
5.268240343347639687e+00,4.532051282051281771e-02,4.532051282051281771e-02,4.532051282051281771e-02,1.000000000000000000e+00
5.278969957081544706e+00,4.520833333333332954e-02,4.512980769230769129e-02,4.528685897435896779e-02,2.000000000000000000e+00
5.289699570815450613e+00,4.509615384615384137e-02,4.509615384615384137e-02,4.509615384615384137e-02,1.000000000000000000e+00
5.300429184549356521e+00,4.509615384615384137e-02,4.509615384615384137e-02,4.509615384615384137e-02,1.000000000000000000e+00
5.311158798283262428e+00,4.509615384615384137e-02,4.509615384615384137e-02,4.509615384615384137e-02,1.000000000000000000e+00
5.321888412017167447e+00,4.498397435897436014e-02,4.490544871794872189e-02,4.506249999999999839e-02,2.000000000000000000e+00
5.332618025751072466e+00,4.487179487179487891e-02,4.487179487179487891e-02,4.487179487179487891e-02,1.000000000000000000e+00
5.343347639484978373e+00,4.487179487179487891e-02,4.487179487179487891e-02,4.487179487179487891e-02,1.000000000000000000e+00
5.354077253218884280e+00,4.487179487179487891e-02,4.487179487179487891e-02,4.487179487179487891e-02,1.000000000000000000e+00
5.364806866952789299e+00,4.475961538461539074e-02,4.468108974358975249e-02,4.483814102564102899e-02,2.000000000000000000e+00
5.375536480686696095e+00,4.475961538461539074e-02,4.468108974358975249e-02,4.483814102564102899e-02,2.000000000000000000e+00
5.386266094420601114e+00,4.464743589743590257e-02,4.464743589743590257e-02,4.464743589743590257e-02,1.000000000000000000e+00
5.396995708154506133e+00,4.464743589743590257e-02,4.464743589743590257e-02,4.464743589743590257e-02,1.000000000000000000e+00
5.407725321888412040e+00,4.464743589743590257e-02,4.464743589743590257e-02,4.464743589743590257e-02,1.000000000000000000e+00
5.418454935622317947e+00,4.453525641025641441e-02,4.445673076923077616e-02,4.461378205128205265e-02,2.000000000000000000e+00
5.429184549356222966e+00,4.453525641025641441e-02,4.445673076923077616e-02,4.461378205128205265e-02,2.000000000000000000e+00
5.439914163090127985e+00,4.453525641025641441e-02,4.445673076923077616e-02,4.461378205128205265e-02,2.000000000000000000e+00
5.450643776824034781e+00,4.442307692307692624e-02,4.442307692307692624e-02,4.442307692307692624e-02,1.000000000000000000e+00
5.461373390557939800e+00,3.847756410256410187e-02,3.431570512820512203e-02,4.263942307692308170e-02,2.000000000000000000e+00
5.472103004291844819e+00,3.410256410256410492e-02,3.247596153846153688e-02,3.786057692307692041e-02,6.000000000000000000e+00
5.482832618025751614e+00,3.533653846153846784e-02,3.276762820512820612e-02,3.588621794871794946e-02,8.000000000000000000e+00
5.493562231759656633e+00,3.533653846153846784e-02,3.305929487179488230e-02,3.604326923076922595e-02,1.000000000000000000e+01
5.504291845493561652e+00,3.522435897435897967e-02,3.241987179487180321e-02,3.600961538461538297e-02,1.100000000000000000e+01
5.515021459227468448e+00,3.522435897435897967e-02,3.221794871794871062e-02,3.585256410256409954e-02,9.000000000000000000e+00
5.525751072961373467e+00,3.275641025641025383e-02,3.228525641025640353e-02,3.654807692307691924e-02,7.000000000000000000e+00
5.536480686695278486e+00,3.253205128205127750e-02,3.237499999999999406e-02,4.085576923076923023e-02,3.000000000000000000e+00
5.547210300429185281e+00,4.442307692307692624e-02,4.442307692307692624e-02,4.442307692307692624e-02,1.000000000000000000e+00
5.557939914163090300e+00,4.442307692307692624e-02,4.442307692307692624e-02,4.442307692307692624e-02,1.000000000000000000e+00
5.568669527896995319e+00,4.442307692307692624e-02,4.442307692307692624e-02,4.442307692307692624e-02,1.000000000000000000e+00
5.579399141630901227e+00,4.442307692307692624e-02,4.442307692307692624e-02,4.442307692307692624e-02,1.000000000000000000e+00
5.590128755364807134e+00,4.442307692307692624e-02,4.442307692307692624e-02,4.442307692307692624e-02,1.000000000000000000e+00
5.600858369098712153e+00,4.442307692307692624e-02,4.442307692307692624e-02,4.442307692307692624e-02,1.000000000000000000e+00
5.611587982832617172e+00,4.442307692307692624e-02,4.442307692307692624e-02,4.442307692307692624e-02,1.000000000000000000e+00
5.622317596566523967e+00,4.442307692307692624e-02,4.442307692307692624e-02,4.442307692307692624e-02,1.000000000000000000e+00
5.633047210300428986e+00,4.442307692307692624e-02,4.442307692307692624e-02,4.442307692307692624e-02,1.000000000000000000e+00
5.643776824034334894e+00,4.442307692307692624e-02,4.442307692307692624e-02,4.442307692307692624e-02,1.000000000000000000e+00
5.654506437768240801e+00,4.442307692307692624e-02,4.442307692307692624e-02,4.442307692307692624e-02,1.000000000000000000e+00
5.665236051502145820e+00,4.442307692307692624e-02,4.442307692307692624e-02,4.442307692307692624e-02,1.000000000000000000e+00
5.675965665236050839e+00,4.442307692307692624e-02,4.442307692307692624e-02,4.442307692307692624e-02,1.000000000000000000e+00
5.686695278969957634e+00,4.442307692307692624e-02,4.442307692307692624e-02,4.442307692307692624e-02,1.000000000000000000e+00
5.697424892703862653e+00,4.442307692307692624e-02,4.442307692307692624e-02,4.442307692307692624e-02,1.000000000000000000e+00
5.708154506437768561e+00,4.442307692307692624e-02,4.442307692307692624e-02,4.442307692307692624e-02,1.000000000000000000e+00
5.718884120171673580e+00,4.442307692307692624e-02,4.442307692307692624e-02,4.442307692307692624e-02,1.000000000000000000e+00
5.729613733905579487e+00,4.442307692307692624e-02,4.442307692307692624e-02,4.442307692307692624e-02,1.000000000000000000e+00
5.740343347639484506e+00,4.431089743589743807e-02,4.423237179487179982e-02,4.438942307692307632e-02,2.000000000000000000e+00
5.751072961373390413e+00,4.431089743589743807e-02,4.423237179487179982e-02,4.438942307692307632e-02,2.000000000000000000e+00
5.761802575107296320e+00,4.419871794871794990e-02,4.419871794871794990e-02,4.419871794871794990e-02,1.000000000000000000e+00
5.772532188841202228e+00,4.419871794871794990e-02,4.419871794871794990e-02,4.419871794871794990e-02,1.000000000000000000e+00
5.783261802575107247e+00,4.419871794871794990e-02,4.419871794871794990e-02,4.419871794871794990e-02,1.000000000000000000e+00
5.793991416309013154e+00,4.419871794871794990e-02,4.419871794871794990e-02,4.419871794871794990e-02,1.000000000000000000e+00
5.804721030042918173e+00,4.408653846153846173e-02,4.400801282051282348e-02,4.416506410256409998e-02,2.000000000000000000e+00
5.815450643776824080e+00,4.408653846153846173e-02,4.400801282051282348e-02,4.416506410256409998e-02,2.000000000000000000e+00
5.826180257510729099e+00,4.397435897435897356e-02,4.397435897435897356e-02,4.397435897435897356e-02,1.000000000000000000e+00
5.836909871244635895e+00,4.397435897435897356e-02,4.397435897435897356e-02,4.397435897435897356e-02,1.000000000000000000e+00
5.847639484978540914e+00,4.397435897435897356e-02,4.397435897435897356e-02,4.397435897435897356e-02,1.000000000000000000e+00
5.858369098712445933e+00,4.397435897435897356e-02,4.397435897435897356e-02,4.397435897435897356e-02,1.000000000000000000e+00
5.869098712446351840e+00,4.386217948717949233e-02,4.378365384615385408e-02,4.394070512820513058e-02,2.000000000000000000e+00
5.879828326180257747e+00,4.386217948717949233e-02,4.378365384615385408e-02,4.394070512820513058e-02,2.000000000000000000e+00
5.890557939914162766e+00,4.375000000000001110e-02,4.375000000000001110e-02,4.375000000000001110e-02,1.000000000000000000e+00
5.901287553648069562e+00,4.375000000000001110e-02,4.375000000000001110e-02,4.375000000000001110e-02,1.000000000000000000e+00
5.912017167381974581e+00,4.375000000000001110e-02,4.375000000000001110e-02,4.375000000000001110e-02,1.000000000000000000e+00
5.922746781115879600e+00,4.363782051282052293e-02,4.355929487179488468e-02,4.371634615384616118e-02,2.000000000000000000e+00
5.933476394849785507e+00,4.363782051282052293e-02,4.355929487179488468e-02,4.371634615384616118e-02,2.000000000000000000e+00
5.944206008583691414e+00,4.352564102564103476e-02,4.352564102564103476e-02,4.352564102564103476e-02,1.000000000000000000e+00
5.954935622317596433e+00,4.352564102564103476e-02,4.352564102564103476e-02,4.352564102564103476e-02,1.000000000000000000e+00
5.965665236051501452e+00,2.939102564102565041e-02,2.923397435897436697e-02,3.928525641025641668e-02,3.000000000000000000e+00
5.976394849785408248e+00,2.950320512820513857e-02,2.895352564102564655e-02,4.262820512820513635e-02,8.000000000000000000e+00
5.987124463519313267e+00,2.983974358974358920e-02,2.925641025641026460e-02,4.339102564102564896e-02,5.000000000000000000e+00
5.997854077253218286e+00,2.927884615384615530e-02,2.052884615384621778e-03,1.379471153846154041e-01,4.200000000000000000e+01
6.008583690987125081e+00,2.927884615384615530e-02,2.859455128205129135e-02,3.724358974358974589e-02,4.000000000000000000e+00
6.019313304721030100e+00,2.972756410256410797e-02,2.888621794871795365e-02,4.313301282051282270e-02,6.000000000000000000e+00
6.030042918454935119e+00,2.950320512820513857e-02,2.911057692307692998e-02,4.313301282051282270e-02,6.000000000000000000e+00
6.040772532188841915e+00,4.307692307692308209e-02,4.307692307692308209e-02,4.307692307692308209e-02,1.000000000000000000e+00
6.051502145922746934e+00,4.307692307692308209e-02,4.307692307692308209e-02,4.307692307692308209e-02,1.000000000000000000e+00
6.062231759656651953e+00,4.307692307692308209e-02,4.307692307692308209e-02,4.307692307692308209e-02,1.000000000000000000e+00
6.072961373390556972e+00,4.307692307692308209e-02,4.307692307692308209e-02,4.307692307692308209e-02,1.000000000000000000e+00
6.083690987124463767e+00,4.296474358974359392e-02,4.288621794871795567e-02,4.304326923076923217e-02,2.000000000000000000e+00
6.094420600858368786e+00,4.296474358974359392e-02,4.288621794871795567e-02,4.304326923076923217e-02,2.000000000000000000e+00
6.105150214592274693e+00,4.285256410256410575e-02,4.285256410256410575e-02,4.285256410256410575e-02,1.000000000000000000e+00
6.115879828326180601e+00,4.285256410256410575e-02,4.285256410256410575e-02,4.285256410256410575e-02,1.000000000000000000e+00
6.126609442060085620e+00,4.285256410256410575e-02,4.285256410256410575e-02,4.285256410256410575e-02,1.000000000000000000e+00
6.137339055793990639e+00,4.274038461538461758e-02,4.266185897435897934e-02,4.281891025641025583e-02,2.000000000000000000e+00
6.148068669527897434e+00,4.274038461538461758e-02,4.266185897435897934e-02,4.281891025641025583e-02,2.000000000000000000e+00
6.158798283261802453e+00,4.262820512820512941e-02,4.262820512820512941e-02,4.262820512820512941e-02,1.000000000000000000e+00
6.169527896995708360e+00,4.262820512820512941e-02,4.262820512820512941e-02,4.262820512820512941e-02,1.000000000000000000e+00
6.180257510729614268e+00,4.262820512820512941e-02,4.262820512820512941e-02,4.262820512820512941e-02,1.000000000000000000e+00
6.190987124463519287e+00,4.262820512820512941e-02,4.262820512820512941e-02,4.262820512820512941e-02,1.000000000000000000e+00
6.201716738197424306e+00,4.251602564102564819e-02,4.243750000000000994e-02,4.259455128205128643e-02,2.000000000000000000e+00
6.212446351931330213e+00,4.251602564102564819e-02,4.243750000000000994e-02,4.259455128205128643e-02,2.000000000000000000e+00
6.223175965665236120e+00,4.251602564102564819e-02,4.243750000000000994e-02,4.259455128205128643e-02,2.000000000000000000e+00
6.233905579399142027e+00,4.251602564102564819e-02,4.243750000000000994e-02,4.259455128205128643e-02,2.000000000000000000e+00
6.244635193133047046e+00,4.251602564102564819e-02,4.243750000000000994e-02,4.259455128205128643e-02,2.000000000000000000e+00
6.255364806866952954e+00,4.251602564102564819e-02,4.243750000000000994e-02,4.259455128205128643e-02,2.000000000000000000e+00
6.266094420600857973e+00,4.251602564102564819e-02,4.243750000000000994e-02,4.259455128205128643e-02,2.000000000000000000e+00
6.276824034334763880e+00,4.251602564102564819e-02,4.243750000000000994e-02,4.259455128205128643e-02,2.000000000000000000e+00
6.287553648068669787e+00,4.251602564102564819e-02,4.243750000000000994e-02,4.259455128205128643e-02,2.000000000000000000e+00
6.298283261802575694e+00,3.275641025641026077e-02,3.112980769230768927e-02,4.245993589743590757e-02,6.000000000000000000e+00
6.309012875536480713e+00,3.275641025641026077e-02,3.104006410256409873e-02,3.957692307692308592e-02,1.000000000000000000e+01
6.319742489270385732e+00,3.387820512820513552e-02,3.118589743589744029e-02,3.847756410256410881e-02,1.100000000000000000e+01
6.330472103004291640e+00,3.387820512820513552e-02,3.163461538461538602e-02,3.630128205128205221e-02,1.300000000000000000e+01
6.341201716738197547e+00,3.365384615384615918e-02,3.118589743589744029e-02,3.443910256410256943e-02,1.100000000000000000e+01
6.351931330472102566e+00,3.365384615384615918e-02,3.105128205128204755e-02,3.428205128205129293e-02,9.000000000000000000e+00
6.362660944206009361e+00,3.264423076923077260e-02,3.112980769230768927e-02,3.617788461538462563e-02,6.000000000000000000e+00
6.373390557939914380e+00,3.679487179487180015e-02,3.286858974358974200e-02,4.072115384615385830e-02,2.000000000000000000e+00
6.384120171673819399e+00,4.240384615384616696e-02,4.240384615384616696e-02,4.240384615384616696e-02,1.000000000000000000e+00
6.394849785407725307e+00,4.240384615384616696e-02,4.240384615384616696e-02,4.240384615384616696e-02,1.000000000000000000e+00
6.405579399141631214e+00,4.240384615384616696e-02,4.240384615384616696e-02,4.240384615384616696e-02,1.000000000000000000e+00
6.416309012875536233e+00,4.229166666666667879e-02,4.221314102564104054e-02,4.237019230769231704e-02,2.000000000000000000e+00
6.427038626609443028e+00,4.229166666666667879e-02,4.221314102564104054e-02,4.237019230769231704e-02,2.000000000000000000e+00
6.437768240343348047e+00,4.229166666666667879e-02,4.221314102564104054e-02,4.237019230769231704e-02,2.000000000000000000e+00
6.448497854077253066e+00,4.229166666666667879e-02,4.221314102564104054e-02,4.237019230769231704e-02,2.000000000000000000e+00
6.459227467811158085e+00,4.229166666666667879e-02,4.221314102564104054e-02,4.237019230769231704e-02,2.000000000000000000e+00
6.469957081545064881e+00,4.217948717948719062e-02,4.217948717948719062e-02,4.217948717948719062e-02,1.000000000000000000e+00
6.480686695278969900e+00,4.217948717948719062e-02,4.217948717948719062e-02,4.217948717948719062e-02,1.000000000000000000e+00
6.491416309012874919e+00,4.217948717948719062e-02,4.217948717948719062e-02,4.217948717948719062e-02,1.000000000000000000e+00
6.502145922746781714e+00,4.217948717948719062e-02,4.217948717948719062e-02,4.217948717948719062e-02,1.000000000000000000e+00
6.512875536480686733e+00,4.217948717948719062e-02,4.217948717948719062e-02,4.217948717948719062e-02,1.000000000000000000e+00
6.523605150214591752e+00,4.217948717948719062e-02,4.217948717948719062e-02,4.217948717948719062e-02,1.000000000000000000e+00
6.534334763948498548e+00,4.217948717948719062e-02,4.217948717948719062e-02,4.217948717948719062e-02,1.000000000000000000e+00
6.545064377682403567e+00,4.217948717948719062e-02,4.217948717948719062e-02,4.217948717948719062e-02,1.000000000000000000e+00
6.555793991416308586e+00,4.217948717948719062e-02,4.217948717948719062e-02,4.217948717948719062e-02,1.000000000000000000e+00
6.566523605150214493e+00,4.217948717948719062e-02,4.217948717948719062e-02,4.217948717948719062e-02,1.000000000000000000e+00
6.577253218884120400e+00,4.206730769230770245e-02,4.198878205128206420e-02,4.214583333333334070e-02,2.000000000000000000e+00
6.587982832618025419e+00,4.206730769230770245e-02,4.198878205128206420e-02,4.214583333333334070e-02,2.000000000000000000e+00
6.598712446351930438e+00,4.206730769230770245e-02,4.198878205128206420e-02,4.214583333333334070e-02,2.000000000000000000e+00
6.609442060085837234e+00,4.206730769230770245e-02,4.198878205128206420e-02,4.214583333333334070e-02,2.000000000000000000e+00
6.620171673819742253e+00,4.206730769230770245e-02,4.198878205128206420e-02,4.214583333333334070e-02,2.000000000000000000e+00
6.630901287553648160e+00,4.195512820512821428e-02,4.195512820512821428e-02,4.195512820512821428e-02,1.000000000000000000e+00
6.641630901287554067e+00,4.195512820512821428e-02,4.195512820512821428e-02,4.195512820512821428e-02,1.000000000000000000e+00
6.652360515021459086e+00,4.195512820512821428e-02,4.195512820512821428e-02,4.195512820512821428e-02,1.000000000000000000e+00
6.663090128755364105e+00,4.195512820512821428e-02,4.195512820512821428e-02,4.195512820512821428e-02,1.000000000000000000e+00
6.673819742489270901e+00,4.184294871794872611e-02,4.176442307692308786e-02,4.192147435897436436e-02,2.000000000000000000e+00
6.684549356223175920e+00,4.184294871794872611e-02,4.176442307692308786e-02,4.192147435897436436e-02,2.000000000000000000e+00
6.695278969957081827e+00,4.173076923076923794e-02,4.173076923076923794e-02,4.173076923076923794e-02,1.000000000000000000e+00
6.706008583690986846e+00,4.173076923076923794e-02,4.173076923076923794e-02,4.173076923076923794e-02,1.000000000000000000e+00
6.716738197424892753e+00,4.173076923076923794e-02,4.173076923076923794e-02,4.173076923076923794e-02,1.000000000000000000e+00
6.727467811158797772e+00,4.173076923076923794e-02,4.173076923076923794e-02,4.173076923076923794e-02,1.000000000000000000e+00
6.738197424892703680e+00,4.173076923076923794e-02,4.173076923076923794e-02,4.173076923076923794e-02,1.000000000000000000e+00
6.748927038626609587e+00,4.161858974358974284e-02,4.154006410256409765e-02,4.169711538461538802e-02,2.000000000000000000e+00
6.759656652360515494e+00,4.161858974358974284e-02,4.154006410256409765e-02,4.169711538461538802e-02,2.000000000000000000e+00
6.770386266094420513e+00,4.150641025641024773e-02,4.150641025641024773e-02,4.150641025641024773e-02,1.000000000000000000e+00
6.781115879828326420e+00,4.150641025641024773e-02,4.150641025641024773e-02,4.150641025641024773e-02,1.000000000000000000e+00
6.791845493562231439e+00,4.150641025641024773e-02,4.150641025641024773e-02,4.150641025641024773e-02,1.000000000000000000e+00
6.802575107296137347e+00,4.139423076923076650e-02,4.131570512820512825e-02,4.147275641025640475e-02,2.000000000000000000e+00
6.813304721030042366e+00,4.139423076923076650e-02,4.131570512820512825e-02,4.147275641025640475e-02,2.000000000000000000e+00
6.824034334763949161e+00,4.128205128205128527e-02,4.128205128205128527e-02,4.128205128205128527e-02,1.000000000000000000e+00
6.834763948497854180e+00,4.128205128205128527e-02,4.128205128205128527e-02,4.128205128205128527e-02,1.000000000000000000e+00
6.845493562231759199e+00,4.128205128205128527e-02,4.128205128205128527e-02,4.128205128205128527e-02,1.000000000000000000e+00
6.856223175965665106e+00,4.116987179487179710e-02,4.109134615384615885e-02,4.124839743589743535e-02,2.000000000000000000e+00
6.866952789699571014e+00,4.116987179487179710e-02,4.109134615384615885e-02,4.124839743589743535e-02,2.000000000000000000e+00
6.877682403433476033e+00,4.105769230769230893e-02,4.105769230769230893e-02,4.105769230769230893e-02,1.000000000000000000e+00
6.888412017167382828e+00,4.105769230769230893e-02,4.105769230769230893e-02,4.105769230769230893e-02,1.000000000000000000e+00
6.899141630901287847e+00,4.105769230769230893e-02,4.105769230769230893e-02,4.105769230769230893e-02,1.000000000000000000e+00
6.909871244635192866e+00,4.094551282051282076e-02,4.086698717948718251e-02,4.102403846153845901e-02,2.000000000000000000e+00
6.920600858369098773e+00,4.094551282051282076e-02,4.086698717948718251e-02,4.102403846153845901e-02,2.000000000000000000e+00
6.931330472103004681e+00,4.083333333333333259e-02,4.083333333333333259e-02,4.083333333333333259e-02,1.000000000000000000e+00
6.942060085836909700e+00,4.083333333333333259e-02,4.083333333333333259e-02,4.083333333333333259e-02,1.000000000000000000e+00
6.952789699570814719e+00,4.083333333333333259e-02,4.083333333333333259e-02,4.083333333333333259e-02,1.000000000000000000e+00
6.963519313304721514e+00,2.871794871794872139e-02,2.856089743589744837e-02,3.719871794871795062e-02,3.000000000000000000e+00
6.974248927038626533e+00,2.894230769230769773e-02,2.847115384615386130e-02,4.063141025641025389e-02,7.000000000000000000e+00
6.984978540772531552e+00,2.916666666666667407e-02,2.817948717948717818e-02,4.069871794871794679e-02,5.000000000000000000e+00
6.995708154506438348e+00,2.939102564102565041e-02,2.871794871794872139e-02,4.069871794871794679e-02,5.000000000000000000e+00
7.006437768240343367e+00,2.927884615384616224e-02,2.854967948717948914e-02,3.556089743589743724e-02,4.000000000000000000e+00
7.017167381974248386e+00,2.894230769230769773e-02,2.817948717948717818e-02,3.374358974358974972e-02,5.000000000000000000e+00
7.027896995708155181e+00,2.883012820512820956e-02,2.843750000000001138e-02,3.202724358974359808e-02,6.000000000000000000e+00
7.038626609442060200e+00,4.060897435897435626e-02,4.060897435897435626e-02,4.060897435897435626e-02,1.000000000000000000e+00
7.049356223175965219e+00,4.060897435897435626e-02,4.060897435897435626e-02,4.060897435897435626e-02,1.000000000000000000e+00
7.060085836909872015e+00,4.060897435897435626e-02,4.060897435897435626e-02,4.060897435897435626e-02,1.000000000000000000e+00
7.070815450643777034e+00,4.049679487179486809e-02,4.041826923076922984e-02,4.057532051282050634e-02,2.000000000000000000e+00
7.081545064377682053e+00,4.049679487179486809e-02,4.041826923076922984e-02,4.057532051282050634e-02,2.000000000000000000e+00
7.092274678111587960e+00,4.038461538461537992e-02,4.038461538461537992e-02,4.038461538461537992e-02,1.000000000000000000e+00
7.103004291845493867e+00,4.038461538461537992e-02,4.038461538461537992e-02,4.038461538461537992e-02,1.000000000000000000e+00
7.113733905579398886e+00,4.038461538461537992e-02,4.038461538461537992e-02,4.038461538461537992e-02,1.000000000000000000e+00
7.124463519313303905e+00,4.016025641025641746e-02,3.293589743589743490e-02,4.031730769230769396e-02,3.000000000000000000e+00
7.135193133047210701e+00,3.006410256410256554e-02,2.975000000000000561e-02,3.531410256410256326e-02,5.000000000000000000e+00
7.145922746781115720e+00,3.107371794871795212e-02,2.963782051282052438e-02,3.229647435897435581e-02,8.000000000000000000e+00
7.156652360515021627e+00,3.185897435897436236e-02,2.983974358974359614e-02,3.623397435897435931e-02,1.100000000000000000e+01
7.167381974248927534e+00,3.185897435897436236e-02,3.006410256410256901e-02,3.419230769230768852e-02,1.300000000000000000e+01
7.178111587982832553e+00,3.174679487179487419e-02,2.970512820512821381e-02,3.245352564102563231e-02,1.000000000000000000e+01
7.188841201716737572e+00,3.028846153846154188e-02,2.966025641025641854e-02,3.226282051282050589e-02,9.000000000000000000e+00
7.199570815450643479e+00,3.107371794871794518e-02,2.978365384615384859e-02,3.976762820512820540e-02,6.000000000000000000e+00
7.210300429184549387e+00,3.971153846153846478e-02,3.971153846153846478e-02,3.971153846153846478e-02,1.000000000000000000e+00
7.221030042918455294e+00,3.971153846153846478e-02,3.971153846153846478e-02,3.971153846153846478e-02,1.000000000000000000e+00
7.231759656652360313e+00,3.959935897435897662e-02,3.952083333333333837e-02,3.967788461538461486e-02,2.000000000000000000e+00
7.242489270386266220e+00,3.959935897435897662e-02,3.952083333333333837e-02,3.967788461538461486e-02,2.000000000000000000e+00
7.253218884120171239e+00,3.948717948717948845e-02,3.948717948717948845e-02,3.948717948717948845e-02,1.000000000000000000e+00
7.263948497854077146e+00,3.948717948717948845e-02,3.948717948717948845e-02,3.948717948717948845e-02,1.000000000000000000e+00
7.274678111587983054e+00,3.937500000000000028e-02,3.929647435897436203e-02,3.945352564102563853e-02,2.000000000000000000e+00
7.285407725321888961e+00,3.937500000000000028e-02,3.929647435897436203e-02,3.945352564102563853e-02,2.000000000000000000e+00
7.296137339055793980e+00,3.926282051282051211e-02,3.926282051282051211e-02,3.926282051282051211e-02,1.000000000000000000e+00
7.306866952789699887e+00,3.926282051282051211e-02,3.926282051282051211e-02,3.926282051282051211e-02,1.000000000000000000e+00
7.317596566523604906e+00,3.915064102564103088e-02,3.907211538461539263e-02,3.922916666666666913e-02,2.000000000000000000e+00
7.328326180257510813e+00,3.915064102564103088e-02,3.907211538461539263e-02,3.922916666666666913e-02,2.000000000000000000e+00
7.339055793991415833e+00,3.903846153846154965e-02,3.903846153846154965e-02,3.903846153846154965e-02,1.000000000000000000e+00
7.349785407725322628e+00,3.903846153846154965e-02,3.903846153846154965e-02,3.903846153846154965e-02,1.000000000000000000e+00
7.360515021459227647e+00,3.903846153846154965e-02,3.903846153846154965e-02,3.903846153846154965e-02,1.000000000000000000e+00
7.371244635193132666e+00,3.892628205128206148e-02,3.884775641025642323e-02,3.900480769230769973e-02,2.000000000000000000e+00
7.381974248927038573e+00,3.892628205128206148e-02,3.884775641025642323e-02,3.900480769230769973e-02,2.000000000000000000e+00
7.392703862660944480e+00,3.881410256410257331e-02,3.881410256410257331e-02,3.881410256410257331e-02,1.000000000000000000e+00
7.403433476394849500e+00,3.881410256410257331e-02,3.881410256410257331e-02,3.881410256410257331e-02,1.000000000000000000e+00
7.414163090128756295e+00,3.870192307692308514e-02,3.862339743589744689e-02,3.878044871794872339e-02,2.000000000000000000e+00
7.424892703862661314e+00,3.870192307692308514e-02,3.862339743589744689e-02,3.878044871794872339e-02,2.000000000000000000e+00
7.435622317596566333e+00,3.870192307692308514e-02,3.862339743589744689e-02,3.878044871794872339e-02,2.000000000000000000e+00
7.446351931330471352e+00,3.858974358974359697e-02,3.858974358974359697e-02,3.858974358974359697e-02,1.000000000000000000e+00
7.457081545064378147e+00,3.858974358974359697e-02,3.858974358974359697e-02,3.858974358974359697e-02,1.000000000000000000e+00
7.467811158798283167e+00,3.858974358974359697e-02,3.858974358974359697e-02,3.858974358974359697e-02,1.000000000000000000e+00
7.478540772532188186e+00,3.847756410256410881e-02,3.839903846153847056e-02,3.855608974358974705e-02,2.000000000000000000e+00
7.489270386266094981e+00,3.847756410256410881e-02,3.839903846153847056e-02,3.855608974358974705e-02,2.000000000000000000e+00
7.500000000000000000e+00,3.836538461538462064e-02,3.836538461538462064e-02,3.836538461538462064e-02,1.000000000000000000e+00
7.510729613733905019e+00,3.836538461538462064e-02,3.836538461538462064e-02,3.836538461538462064e-02,1.000000000000000000e+00
7.521459227467811814e+00,3.836538461538462064e-02,3.836538461538462064e-02,3.836538461538462064e-02,1.000000000000000000e+00
7.532188841201716833e+00,3.825320512820513247e-02,3.817467948717949422e-02,3.833173076923077072e-02,2.000000000000000000e+00
7.542918454935621853e+00,3.825320512820513247e-02,3.817467948717949422e-02,3.833173076923077072e-02,2.000000000000000000e+00
7.553648068669528648e+00,3.814102564102564430e-02,3.814102564102564430e-02,3.814102564102564430e-02,1.000000000000000000e+00
7.564377682403433667e+00,3.814102564102564430e-02,3.814102564102564430e-02,3.814102564102564430e-02,1.000000000000000000e+00
7.575107296137338686e+00,3.814102564102564430e-02,3.814102564102564430e-02,3.814102564102564430e-02,1.000000000000000000e+00
7.585836909871243705e+00,3.802884615384616307e-02,3.795032051282052482e-02,3.810737179487180132e-02,2.000000000000000000e+00
7.596566523605150500e+00,3.802884615384616307e-02,3.795032051282052482e-02,3.810737179487180132e-02,2.000000000000000000e+00
7.607296137339055520e+00,3.791666666666668184e-02,3.791666666666668184e-02,3.791666666666668184e-02,1.000000000000000000e+00
7.618025751072961427e+00,3.791666666666668184e-02,3.791666666666668184e-02,3.791666666666668184e-02,1.000000000000000000e+00
7.628755364806867334e+00,3.791666666666668184e-02,3.791666666666668184e-02,3.791666666666668184e-02,1.000000000000000000e+00
7.639484978540772353e+00,3.780448717948719367e-02,3.772596153846155542e-02,3.788301282051283192e-02,2.000000000000000000e+00
7.650214592274677372e+00,3.780448717948719367e-02,3.772596153846155542e-02,3.788301282051283192e-02,2.000000000000000000e+00
7.660944206008584167e+00,3.769230769230770550e-02,3.769230769230770550e-02,3.769230769230770550e-02,1.000000000000000000e+00
7.671673819742489187e+00,3.769230769230770550e-02,3.769230769230770550e-02,3.769230769230770550e-02,1.000000000000000000e+00
7.682403433476395094e+00,3.758012820512821733e-02,3.750160256410257908e-02,3.765865384615385558e-02,2.000000000000000000e+00
7.693133047210300113e+00,3.758012820512821733e-02,3.750160256410257908e-02,3.765865384615385558e-02,2.000000000000000000e+00
7.703862660944206020e+00,3.746794871794872916e-02,3.746794871794872916e-02,3.746794871794872916e-02,1.000000000000000000e+00
7.714592274678111039e+00,3.746794871794872916e-02,3.746794871794872916e-02,3.746794871794872916e-02,1.000000000000000000e+00
7.725321888412016946e+00,3.735576923076924100e-02,3.727724358974360275e-02,3.743429487179487924e-02,2.000000000000000000e+00
7.736051502145922854e+00,3.735576923076924100e-02,3.727724358974360275e-02,3.743429487179487924e-02,2.000000000000000000e+00
7.746781115879828761e+00,3.724358974358975283e-02,3.724358974358975283e-02,3.724358974358975283e-02,1.000000000000000000e+00
7.757510729613733780e+00,3.724358974358975283e-02,3.724358974358975283e-02,3.724358974358975283e-02,1.000000000000000000e+00
7.768240343347639687e+00,3.713141025641025772e-02,3.705288461538461253e-02,3.720993589743590291e-02,2.000000000000000000e+00
7.778969957081544706e+00,3.713141025641025772e-02,3.705288461538461253e-02,3.720993589743590291e-02,2.000000000000000000e+00
7.789699570815450613e+00,3.701923076923076261e-02,3.701923076923076261e-02,3.701923076923076261e-02,1.000000000000000000e+00
7.800429184549356521e+00,3.701923076923076261e-02,3.701923076923076261e-02,3.701923076923076261e-02,1.000000000000000000e+00
7.811158798283262428e+00,3.690705128205127444e-02,3.682852564102563619e-02,3.698557692307691269e-02,2.000000000000000000e+00
7.821888412017167447e+00,3.690705128205127444e-02,3.682852564102563619e-02,3.698557692307691269e-02,2.000000000000000000e+00
7.832618025751072466e+00,3.679487179487178627e-02,3.679487179487178627e-02,3.679487179487178627e-02,1.000000000000000000e+00
7.843347639484978373e+00,3.679487179487178627e-02,3.679487179487178627e-02,3.679487179487178627e-02,1.000000000000000000e+00
7.854077253218884280e+00,3.668269230769230504e-02,3.660416666666666680e-02,3.676121794871794329e-02,2.000000000000000000e+00
7.864806866952789299e+00,3.668269230769230504e-02,3.660416666666666680e-02,3.676121794871794329e-02,2.000000000000000000e+00
7.875536480686696095e+00,3.657051282051282382e-02,3.657051282051282382e-02,3.657051282051282382e-02,1.000000000000000000e+00
7.886266094420601114e+00,3.657051282051282382e-02,3.657051282051282382e-02,3.657051282051282382e-02,1.000000000000000000e+00
7.896995708154506133e+00,3.657051282051282382e-02,3.657051282051282382e-02,3.657051282051282382e-02,1.000000000000000000e+00
7.907725321888412040e+00,3.645833333333333565e-02,3.637980769230769740e-02,3.653685897435897389e-02,2.000000000000000000e+00
7.918454935622317947e+00,3.645833333333333565e-02,3.637980769230769740e-02,3.653685897435897389e-02,2.000000000000000000e+00
7.929184549356222966e+00,3.634615384615384748e-02,3.634615384615384748e-02,3.634615384615384748e-02,1.000000000000000000e+00
7.939914163090127985e+00,3.634615384615384748e-02,3.634615384615384748e-02,3.634615384615384748e-02,1.000000000000000000e+00
7.950643776824034781e+00,3.634615384615384748e-02,3.634615384615384748e-02,3.634615384615384748e-02,1.000000000000000000e+00
7.961373390557939800e+00,3.163461538461538602e-02,2.833653846153846162e-02,3.493269230769231043e-02,2.000000000000000000e+00
7.972103004291844819e+00,2.703525641025641274e-02,2.664262820512820415e-02,2.961538461538461980e-02,6.000000000000000000e+00
7.982832618025751614e+00,2.748397435897435848e-02,2.641826923076922781e-02,3.617788461538461176e-02,6.000000000000000000e+00
7.993562231759656633e+00,2.703525641025640580e-02,2.052884615384621778e-03,1.379471153846154041e-01,4.200000000000000000e+01
8.004291845493561652e+00,2.737179487179487725e-02,2.086538461538470397e-03,1.379134615384615403e-01,4.300000000000000000e+01
8.015021459227467560e+00,2.748397435897435848e-02,2.687820512820512930e-02,3.228525641025640353e-02,4.000000000000000000e+00
8.025751072961373467e+00,2.703525641025641274e-02,2.664262820512820415e-02,2.955929487179487572e-02,6.000000000000000000e+00
8.036480686695279374e+00,3.152243589743589786e-02,2.830288461538461517e-02,3.474198717948717707e-02,2.000000000000000000e+00
8.047210300429185281e+00,3.612179487179487114e-02,3.612179487179487114e-02,3.612179487179487114e-02,1.000000000000000000e+00
8.057939914163089412e+00,3.612179487179487114e-02,3.612179487179487114e-02,3.612179487179487114e-02,1.000000000000000000e+00
8.068669527896995319e+00,3.612179487179487114e-02,3.612179487179487114e-02,3.612179487179487114e-02,1.000000000000000000e+00
8.079399141630901227e+00,3.612179487179487114e-02,3.612179487179487114e-02,3.612179487179487114e-02,1.000000000000000000e+00
8.090128755364807134e+00,3.600961538461538297e-02,3.593108974358974472e-02,3.608814102564102122e-02,2.000000000000000000e+00
8.100858369098713041e+00,3.600961538461538297e-02,3.593108974358974472e-02,3.608814102564102122e-02,2.000000000000000000e+00
8.111587982832617172e+00,3.600961538461538297e-02,3.593108974358974472e-02,3.608814102564102122e-02,2.000000000000000000e+00
8.122317596566524855e+00,3.600961538461538297e-02,3.593108974358974472e-02,3.608814102564102122e-02,2.000000000000000000e+00
8.133047210300428986e+00,3.589743589743589480e-02,3.589743589743589480e-02,3.589743589743589480e-02,1.000000000000000000e+00
8.143776824034334894e+00,3.589743589743589480e-02,3.589743589743589480e-02,3.589743589743589480e-02,1.000000000000000000e+00
8.154506437768240801e+00,3.589743589743589480e-02,3.589743589743589480e-02,3.589743589743589480e-02,1.000000000000000000e+00
8.165236051502146708e+00,3.589743589743589480e-02,3.589743589743589480e-02,3.589743589743589480e-02,1.000000000000000000e+00
8.175965665236050839e+00,3.589743589743589480e-02,3.589743589743589480e-02,3.589743589743589480e-02,1.000000000000000000e+00
8.186695278969956746e+00,3.589743589743589480e-02,3.589743589743589480e-02,3.589743589743589480e-02,1.000000000000000000e+00
8.197424892703862653e+00,3.589743589743589480e-02,3.589743589743589480e-02,3.589743589743589480e-02,1.000000000000000000e+00
8.208154506437768561e+00,3.578525641025640663e-02,3.570673076923076839e-02,3.586378205128204488e-02,2.000000000000000000e+00
8.218884120171672691e+00,3.578525641025640663e-02,3.570673076923076839e-02,3.586378205128204488e-02,2.000000000000000000e+00
8.229613733905580375e+00,3.578525641025640663e-02,3.570673076923076839e-02,3.586378205128204488e-02,2.000000000000000000e+00
8.240343347639484506e+00,3.578525641025640663e-02,3.570673076923076839e-02,3.586378205128204488e-02,2.000000000000000000e+00
8.251072961373390413e+00,3.578525641025640663e-02,3.570673076923076839e-02,3.586378205128204488e-02,2.000000000000000000e+00
8.261802575107296320e+00,3.567307692307691847e-02,3.567307692307691847e-02,3.567307692307691847e-02,1.000000000000000000e+00
8.272532188841202228e+00,3.567307692307691847e-02,3.567307692307691847e-02,3.567307692307691847e-02,1.000000000000000000e+00
8.283261802575106358e+00,3.567307692307691847e-02,3.567307692307691847e-02,3.567307692307691847e-02,1.000000000000000000e+00
8.293991416309014042e+00,3.567307692307691847e-02,3.567307692307691847e-02,3.567307692307691847e-02,1.000000000000000000e+00
8.304721030042918173e+00,3.567307692307691847e-02,3.567307692307691847e-02,3.567307692307691847e-02,1.000000000000000000e+00
8.315450643776824080e+00,3.556089743589743724e-02,3.548237179487179899e-02,3.563942307692307548e-02,2.000000000000000000e+00
8.326180257510728211e+00,3.556089743589743724e-02,3.548237179487179899e-02,3.563942307692307548e-02,2.000000000000000000e+00
8.336909871244635895e+00,3.544871794871795601e-02,3.544871794871795601e-02,3.544871794871795601e-02,1.000000000000000000e+00
8.347639484978540025e+00,3.544871794871795601e-02,3.544871794871795601e-02,3.544871794871795601e-02,1.000000000000000000e+00
8.358369098712445933e+00,3.544871794871795601e-02,3.544871794871795601e-02,3.544871794871795601e-02,1.000000000000000000e+00
8.369098712446351840e+00,3.544871794871795601e-02,3.544871794871795601e-02,3.544871794871795601e-02,1.000000000000000000e+00
8.379828326180257747e+00,3.533653846153846784e-02,3.525801282051282959e-02,3.541506410256410609e-02,2.000000000000000000e+00
8.390557939914163654e+00,3.533653846153846784e-02,3.525801282051282959e-02,3.541506410256410609e-02,2.000000000000000000e+00
8.401287553648069562e+00,3.522435897435897967e-02,3.522435897435897967e-02,3.522435897435897967e-02,1.000000000000000000e+00
8.412017167381973692e+00,3.522435897435897967e-02,3.522435897435897967e-02,3.522435897435897967e-02,1.000000000000000000e+00
8.422746781115879600e+00,3.522435897435897967e-02,3.522435897435897967e-02,3.522435897435897967e-02,1.000000000000000000e+00
8.433476394849785507e+00,3.511217948717949150e-02,3.503365384615385325e-02,3.519070512820512975e-02,2.000000000000000000e+00
8.444206008583691414e+00,3.511217948717949150e-02,3.503365384615385325e-02,3.519070512820512975e-02,2.000000000000000000e+00
8.454935622317595545e+00,3.500000000000000333e-02,3.500000000000000333e-02,3.500000000000000333e-02,1.000000000000000000e+00
8.465665236051501452e+00,3.500000000000000333e-02,3.500000000000000333e-02,3.500000000000000333e-02,1.000000000000000000e+00
8.476394849785407359e+00,3.500000000000000333e-02,3.500000000000000333e-02,3.500000000000000333e-02,1.000000000000000000e+00
8.487124463519313267e+00,3.488782051282051516e-02,3.480929487179487691e-02,3.496634615384615341e-02,2.000000000000000000e+00
8.497854077253219174e+00,3.488782051282051516e-02,3.480929487179487691e-02,3.496634615384615341e-02,2.000000000000000000e+00
8.508583690987125081e+00,3.477564102564102699e-02,3.477564102564102699e-02,3.477564102564102699e-02,1.000000000000000000e+00
8.519313304721030988e+00,3.477564102564102699e-02,3.477564102564102699e-02,3.477564102564102699e-02,1.000000000000000000e+00
8.530042918454935119e+00,3.477564102564102699e-02,3.477564102564102699e-02,3.477564102564102699e-02,1.000000000000000000e+00
8.540772532188841026e+00,3.466346153846153882e-02,3.458493589743590058e-02,3.474198717948717707e-02,2.000000000000000000e+00
8.551502145922746934e+00,3.466346153846153882e-02,3.458493589743590058e-02,3.474198717948717707e-02,2.000000000000000000e+00
8.562231759656652841e+00,3.455128205128205066e-02,3.455128205128205066e-02,3.455128205128205066e-02,1.000000000000000000e+00
8.572961373390556972e+00,3.455128205128205066e-02,3.455128205128205066e-02,3.455128205128205066e-02,1.000000000000000000e+00
8.583690987124462879e+00,3.443910256410256943e-02,3.436057692307693118e-02,3.451762820512820767e-02,2.000000000000000000e+00
8.594420600858368786e+00,3.443910256410256943e-02,3.436057692307693118e-02,3.451762820512820767e-02,2.000000000000000000e+00
8.605150214592274693e+00,3.432692307692308820e-02,3.432692307692308820e-02,3.432692307692308820e-02,1.000000000000000000e+00
8.615879828326180601e+00,3.432692307692308820e-02,3.432692307692308820e-02,3.432692307692308820e-02,1.000000000000000000e+00
8.626609442060086508e+00,3.432692307692308820e-02,3.432692307692308820e-02,3.432692307692308820e-02,1.000000000000000000e+00
8.637339055793990639e+00,3.421474358974360003e-02,3.413621794871796178e-02,3.429326923076923828e-02,2.000000000000000000e+00
8.648068669527898322e+00,3.421474358974360003e-02,3.413621794871796178e-02,3.429326923076923828e-02,2.000000000000000000e+00
8.658798283261802453e+00,3.410256410256411186e-02,3.410256410256411186e-02,3.410256410256411186e-02,1.000000000000000000e+00
8.669527896995708360e+00,3.410256410256411186e-02,3.410256410256411186e-02,3.410256410256411186e-02,1.000000000000000000e+00
8.680257510729614268e+00,3.410256410256411186e-02,3.410256410256411186e-02,3.410256410256411186e-02,1.000000000000000000e+00
8.690987124463520175e+00,3.399038461538462369e-02,3.391185897435898544e-02,3.406891025641026194e-02,2.000000000000000000e+00
8.701716738197424306e+00,3.399038461538462369e-02,3.391185897435898544e-02,3.406891025641026194e-02,2.000000000000000000e+00
8.712446351931330213e+00,3.399038461538462369e-02,3.391185897435898544e-02,3.406891025641026194e-02,2.000000000000000000e+00
8.723175965665236120e+00,3.387820512820513552e-02,3.387820512820513552e-02,3.387820512820513552e-02,1.000000000000000000e+00
8.733905579399142027e+00,3.387820512820513552e-02,3.387820512820513552e-02,3.387820512820513552e-02,1.000000000000000000e+00
8.744635193133046158e+00,3.387820512820513552e-02,3.387820512820513552e-02,3.387820512820513552e-02,1.000000000000000000e+00
8.755364806866953842e+00,3.387820512820513552e-02,3.387820512820513552e-02,3.387820512820513552e-02,1.000000000000000000e+00
8.766094420600857973e+00,3.387820512820513552e-02,3.387820512820513552e-02,3.387820512820513552e-02,1.000000000000000000e+00
8.776824034334763880e+00,3.376602564102564735e-02,3.368750000000000910e-02,3.384455128205128560e-02,2.000000000000000000e+00
8.787553648068669787e+00,3.376602564102564735e-02,3.368750000000000910e-02,3.384455128205128560e-02,2.000000000000000000e+00
8.798283261802575694e+00,3.376602564102564735e-02,3.368750000000000910e-02,3.384455128205128560e-02,2.000000000000000000e+00
8.809012875536479825e+00,3.376602564102564735e-02,3.368750000000000910e-02,3.384455128205128560e-02,2.000000000000000000e+00
8.819742489270385732e+00,3.376602564102564735e-02,3.368750000000000910e-02,3.384455128205128560e-02,2.000000000000000000e+00
8.830472103004291640e+00,3.365384615384615918e-02,3.365384615384615918e-02,3.365384615384615918e-02,1.000000000000000000e+00
8.841201716738197547e+00,3.365384615384615918e-02,3.365384615384615918e-02,3.365384615384615918e-02,1.000000000000000000e+00
8.851931330472101678e+00,3.365384615384615918e-02,3.365384615384615918e-02,3.365384615384615918e-02,1.000000000000000000e+00
8.862660944206009361e+00,3.365384615384615918e-02,3.365384615384615918e-02,3.365384615384615918e-02,1.000000000000000000e+00
8.873390557939913492e+00,3.365384615384615918e-02,3.365384615384615918e-02,3.365384615384615918e-02,1.000000000000000000e+00
8.884120171673819399e+00,3.365384615384615918e-02,3.365384615384615918e-02,3.365384615384615918e-02,1.000000000000000000e+00
8.894849785407725307e+00,3.365384615384615918e-02,3.365384615384615918e-02,3.365384615384615918e-02,1.000000000000000000e+00
8.905579399141631214e+00,3.365384615384615918e-02,3.365384615384615918e-02,3.365384615384615918e-02,1.000000000000000000e+00
8.916309012875537121e+00,3.365384615384615918e-02,3.365384615384615918e-02,3.365384615384615918e-02,1.000000000000000000e+00
8.927038626609443028e+00,3.365384615384615918e-02,3.365384615384615918e-02,3.365384615384615918e-02,1.000000000000000000e+00
8.937768240343347159e+00,3.365384615384615918e-02,3.365384615384615918e-02,3.365384615384615918e-02,1.000000000000000000e+00
8.948497854077253066e+00,3.365384615384615918e-02,3.365384615384615918e-02,3.365384615384615918e-02,1.000000000000000000e+00
8.959227467811158974e+00,3.376602564102564735e-02,3.368750000000000910e-02,3.384455128205128560e-02,2.000000000000000000e+00
8.969957081545064881e+00,2.602564102564103310e-02,2.555448717948718279e-02,3.367628205128205682e-02,7.000000000000000000e+00
8.980686695278969012e+00,2.613782051282051433e-02,2.529647435897436000e-02,3.370993589743589980e-02,6.000000000000000000e+00
8.991416309012874919e+00,2.647435897435897190e-02,2.580128205128204982e-02,3.374358974358974972e-02,5.000000000000000000e+00
9.002145922746780826e+00,2.636217948717948373e-02,2.563301282051281757e-02,3.042307692307692421e-02,4.000000000000000000e+00
9.012875536480686733e+00,2.580128205128204982e-02,2.522916666666666710e-02,3.032211538461538486e-02,4.000000000000000000e+00
9.023605150214592641e+00,2.580128205128205676e-02,2.533012820512820645e-02,2.699038461538461053e-02,7.000000000000000000e+00
9.034334763948498548e+00,2.580128205128205676e-02,2.564423076923077333e-02,3.129807692307692846e-02,3.000000000000000000e+00
9.045064377682404455e+00,3.365384615384615918e-02,3.365384615384615918e-02,3.365384615384615918e-02,1.000000000000000000e+00
9.055793991416308586e+00,3.365384615384615918e-02,3.365384615384615918e-02,3.365384615384615918e-02,1.000000000000000000e+00
9.066523605150214493e+00,3.365384615384615918e-02,3.365384615384615918e-02,3.365384615384615918e-02,1.000000000000000000e+00
9.077253218884120400e+00,3.354166666666667102e-02,3.346314102564103277e-02,3.362019230769230926e-02,2.000000000000000000e+00
9.087982832618026308e+00,3.354166666666667102e-02,3.346314102564103277e-02,3.362019230769230926e-02,2.000000000000000000e+00
9.098712446351930438e+00,3.354166666666667102e-02,3.346314102564103277e-02,3.362019230769230926e-02,2.000000000000000000e+00
9.109442060085836346e+00,3.342948717948718285e-02,3.342948717948718285e-02,3.342948717948718285e-02,1.000000000000000000e+00
9.120171673819742253e+00,3.342948717948718285e-02,3.342948717948718285e-02,3.342948717948718285e-02,1.000000000000000000e+00
9.130901287553648160e+00,3.342948717948718285e-02,3.342948717948718285e-02,3.342948717948718285e-02,1.000000000000000000e+00
9.141630901287554067e+00,3.342948717948718285e-02,3.342948717948718285e-02,3.342948717948718285e-02,1.000000000000000000e+00
9.152360515021459975e+00,3.331730769230770162e-02,3.323878205128206337e-02,3.339583333333333987e-02,2.000000000000000000e+00
9.163090128755364105e+00,3.331730769230770162e-02,3.323878205128206337e-02,3.339583333333333987e-02,2.000000000000000000e+00
9.173819742489271789e+00,3.320512820512822039e-02,3.320512820512822039e-02,3.320512820512822039e-02,1.000000000000000000e+00
9.184549356223175920e+00,3.320512820512822039e-02,3.320512820512822039e-02,3.320512820512822039e-02,1.000000000000000000e+00
9.195278969957081827e+00,3.320512820512822039e-02,3.320512820512822039e-02,3.320512820512822039e-02,1.000000000000000000e+00
9.206008583690985958e+00,3.320512820512822039e-02,3.320512820512822039e-02,3.320512820512822039e-02,1.000000000000000000e+00
9.216738197424893642e+00,3.309294871794873222e-02,3.301442307692309397e-02,3.317147435897437047e-02,2.000000000000000000e+00
9.227467811158797772e+00,3.309294871794873222e-02,3.301442307692309397e-02,3.317147435897437047e-02,2.000000000000000000e+00
9.238197424892703680e+00,3.309294871794873222e-02,3.301442307692309397e-02,3.317147435897437047e-02,2.000000000000000000e+00
9.248927038626609587e+00,3.298076923076924405e-02,3.298076923076924405e-02,3.298076923076924405e-02,1.000000000000000000e+00
9.259656652360515494e+00,3.298076923076924405e-02,3.298076923076924405e-02,3.298076923076924405e-02,1.000000000000000000e+00
9.270386266094419625e+00,3.298076923076924405e-02,3.298076923076924405e-02,3.298076923076924405e-02,1.000000000000000000e+00
9.281115879828327309e+00,3.298076923076924405e-02,3.298076923076924405e-02,3.298076923076924405e-02,1.000000000000000000e+00
9.291845493562231439e+00,3.298076923076924405e-02,3.298076923076924405e-02,3.298076923076924405e-02,1.000000000000000000e+00
9.302575107296137347e+00,3.286858974358974894e-02,3.279006410256410375e-02,3.294711538461539413e-02,2.000000000000000000e+00
9.313304721030043254e+00,3.286858974358974894e-02,3.279006410256410375e-02,3.294711538461539413e-02,2.000000000000000000e+00
9.324034334763949161e+00,3.286858974358974894e-02,3.279006410256410375e-02,3.294711538461539413e-02,2.000000000000000000e+00
9.334763948497853292e+00,3.286858974358974894e-02,3.279006410256410375e-02,3.294711538461539413e-02,2.000000000000000000e+00
9.345493562231759199e+00,3.275641025641025383e-02,3.275641025641025383e-02,3.275641025641025383e-02,1.000000000000000000e+00
9.356223175965665106e+00,3.275641025641025383e-02,3.275641025641025383e-02,3.275641025641025383e-02,1.000000000000000000e+00
9.366952789699571014e+00,3.275641025641025383e-02,3.275641025641025383e-02,3.275641025641025383e-02,1.000000000000000000e+00
9.377682403433475145e+00,3.275641025641025383e-02,3.275641025641025383e-02,3.275641025641025383e-02,1.000000000000000000e+00
9.388412017167382828e+00,3.275641025641025383e-02,3.275641025641025383e-02,3.275641025641025383e-02,1.000000000000000000e+00
9.399141630901286959e+00,3.275641025641025383e-02,3.275641025641025383e-02,3.275641025641025383e-02,1.000000000000000000e+00
9.409871244635192866e+00,3.275641025641025383e-02,3.275641025641025383e-02,3.275641025641025383e-02,1.000000000000000000e+00
9.420600858369098773e+00,3.264423076923076567e-02,3.256570512820512742e-02,3.272275641025640391e-02,2.000000000000000000e+00
9.431330472103004681e+00,3.264423076923076567e-02,3.256570512820512742e-02,3.272275641025640391e-02,2.000000000000000000e+00
9.442060085836910588e+00,3.264423076923076567e-02,3.256570512820512742e-02,3.272275641025640391e-02,2.000000000000000000e+00
9.452789699570814719e+00,3.253205128205127750e-02,3.253205128205127750e-02,3.253205128205127750e-02,1.000000000000000000e+00
9.463519313304720626e+00,3.253205128205127750e-02,3.253205128205127750e-02,3.253205128205127750e-02,1.000000000000000000e+00
9.474248927038626533e+00,3.253205128205127750e-02,3.253205128205127750e-02,3.253205128205127750e-02,1.000000000000000000e+00
9.484978540772532440e+00,3.253205128205127750e-02,3.253205128205127750e-02,3.253205128205127750e-02,1.000000000000000000e+00
9.495708154506438348e+00,3.253205128205127750e-02,3.253205128205127750e-02,3.253205128205127750e-02,1.000000000000000000e+00
9.506437768240342479e+00,3.241987179487178933e-02,3.234134615384615108e-02,3.249839743589742758e-02,2.000000000000000000e+00
9.517167381974248386e+00,3.241987179487178933e-02,3.234134615384615108e-02,3.249839743589742758e-02,2.000000000000000000e+00
9.527896995708154293e+00,3.241987179487178933e-02,3.234134615384615108e-02,3.249839743589742758e-02,2.000000000000000000e+00
9.538626609442060200e+00,3.230769230769230116e-02,3.230769230769230116e-02,3.230769230769230116e-02,1.000000000000000000e+00
9.549356223175966107e+00,3.230769230769230116e-02,3.230769230769230116e-02,3.230769230769230116e-02,1.000000000000000000e+00
9.560085836909872015e+00,3.230769230769230116e-02,3.230769230769230116e-02,3.230769230769230116e-02,1.000000000000000000e+00
9.570815450643777922e+00,3.230769230769230116e-02,3.230769230769230116e-02,3.230769230769230116e-02,1.000000000000000000e+00
9.581545064377682053e+00,3.230769230769230116e-02,3.230769230769230116e-02,3.230769230769230116e-02,1.000000000000000000e+00
9.592274678111587960e+00,3.230769230769230116e-02,3.230769230769230116e-02,3.230769230769230116e-02,1.000000000000000000e+00
9.603004291845493867e+00,3.219551282051281299e-02,3.211698717948717474e-02,3.227403846153845124e-02,2.000000000000000000e+00
9.613733905579399774e+00,3.219551282051281299e-02,3.211698717948717474e-02,3.227403846153845124e-02,2.000000000000000000e+00
9.624463519313303905e+00,3.219551282051281299e-02,3.211698717948717474e-02,3.227403846153845124e-02,2.000000000000000000e+00
9.635193133047209813e+00,3.208333333333332482e-02,3.208333333333332482e-02,3.208333333333332482e-02,1.000000000000000000e+00
9.645922746781115720e+00,3.208333333333332482e-02,3.208333333333332482e-02,3.208333333333332482e-02,1.000000000000000000e+00
9.656652360515021627e+00,3.208333333333332482e-02,3.208333333333332482e-02,3.208333333333332482e-02,1.000000000000000000e+00
9.667381974248927534e+00,3.208333333333332482e-02,3.208333333333332482e-02,3.208333333333332482e-02,1.000000000000000000e+00
9.678111587982833441e+00,3.208333333333332482e-02,3.208333333333332482e-02,3.208333333333332482e-02,1.000000000000000000e+00
9.688841201716737572e+00,3.208333333333332482e-02,3.208333333333332482e-02,3.208333333333332482e-02,1.000000000000000000e+00
9.699570815450643479e+00,3.208333333333332482e-02,3.208333333333332482e-02,3.208333333333332482e-02,1.000000000000000000e+00
9.710300429184549387e+00,3.197115384615384359e-02,3.189262820512820534e-02,3.204967948717948184e-02,2.000000000000000000e+00
9.721030042918455294e+00,3.197115384615384359e-02,3.189262820512820534e-02,3.204967948717948184e-02,2.000000000000000000e+00
9.731759656652359425e+00,3.197115384615384359e-02,3.189262820512820534e-02,3.204967948717948184e-02,2.000000000000000000e+00
9.742489270386267108e+00,3.197115384615384359e-02,3.189262820512820534e-02,3.204967948717948184e-02,2.000000000000000000e+00
9.753218884120171239e+00,3.197115384615384359e-02,3.189262820512820534e-02,3.204967948717948184e-02,2.000000000000000000e+00
9.763948497854077146e+00,3.185897435897436236e-02,3.185897435897436236e-02,3.185897435897436236e-02,1.000000000000000000e+00
9.774678111587983054e+00,8.009615384615385858e-02,4.882051282051282082e-02,1.080512820512820604e-01,5.000000000000000000e+00
9.785407725321888961e+00,6.001602564102564985e-02,2.777564102564103118e-02,9.991826923076924105e-02,1.200000000000000000e+01
9.796137339055793092e+00,6.001602564102564985e-02,2.777564102564103118e-02,9.991826923076924105e-02,1.200000000000000000e+01
9.806866952789700775e+00,6.001602564102564985e-02,2.777564102564103118e-02,9.991826923076924105e-02,1.200000000000000000e+01
9.817596566523604906e+00,6.001602564102564985e-02,2.777564102564103118e-02,9.991826923076924105e-02,1.200000000000000000e+01
9.828326180257510813e+00,6.001602564102564985e-02,2.777564102564103118e-02,9.991826923076924105e-02,1.200000000000000000e+01
9.839055793991416721e+00,6.001602564102564985e-02,2.777564102564103118e-02,9.991826923076924105e-02,1.200000000000000000e+01
9.849785407725322628e+00,6.001602564102564985e-02,2.777564102564103118e-02,9.991826923076924105e-02,1.200000000000000000e+01
9.860515021459226759e+00,6.001602564102564985e-02,2.777564102564103118e-02,9.991826923076924105e-02,1.200000000000000000e+01
9.871244635193132666e+00,6.001602564102564985e-02,2.777564102564103118e-02,9.991826923076924105e-02,1.200000000000000000e+01
9.881974248927038573e+00,5.990384615384616862e-02,2.934615384615384820e-02,9.988461538461539113e-02,1.300000000000000000e+01
9.892703862660944480e+00,5.990384615384616862e-02,2.934615384615384820e-02,9.988461538461539113e-02,1.300000000000000000e+01
9.903433476394848611e+00,5.990384615384616862e-02,2.934615384615384820e-02,9.988461538461539113e-02,1.300000000000000000e+01
9.914163090128756295e+00,5.990384615384616862e-02,2.934615384615384820e-02,9.988461538461539113e-02,1.300000000000000000e+01
9.924892703862660426e+00,6.001602564102564985e-02,2.762980769230769656e-02,9.991826923076924105e-02,1.200000000000000000e+01
9.935622317596566333e+00,6.001602564102564985e-02,2.762980769230769656e-02,9.991826923076924105e-02,1.200000000000000000e+01
9.946351931330472240e+00,6.001602564102564985e-02,2.762980769230769656e-02,9.991826923076924105e-02,1.200000000000000000e+01
9.957081545064378147e+00,6.001602564102564985e-02,2.762980769230769656e-02,9.991826923076924105e-02,1.200000000000000000e+01
9.967811158798284055e+00,6.001602564102564985e-02,2.762980769230769656e-02,9.991826923076924105e-02,1.200000000000000000e+01
