x_D,u_median,u_p15,u_p85,n_dark_px
3.138075313807531241e-02,2.528951486697965656e-01,-1.206572769953050406e-01,6.264475743348982828e-01,1.100000000000000000e+01
4.184100418410041655e-02,2.528951486697965656e-01,-1.206572769953050406e-01,6.264475743348982828e-01,1.100000000000000000e+01
5.230125523012552069e-02,2.528951486697965656e-01,-1.206572769953050406e-01,6.264475743348982828e-01,1.100000000000000000e+01
6.276150627615062483e-02,2.528951486697965656e-01,-1.206572769953050406e-01,6.264475743348982828e-01,1.100000000000000000e+01
7.322175732217572897e-02,2.528951486697965656e-01,-1.206572769953050406e-01,6.264475743348982828e-01,1.100000000000000000e+01
8.368200836820083310e-02,2.528951486697965656e-01,-1.206572769953050406e-01,6.264475743348982828e-01,1.100000000000000000e+01
9.414225941422593724e-02,2.528951486697965656e-01,-1.206572769953050406e-01,6.264475743348982828e-01,1.100000000000000000e+01
1.046025104602510414e-01,2.528951486697965656e-01,-1.206572769953050406e-01,6.264475743348982828e-01,1.100000000000000000e+01
1.150627615062761594e-01,2.528951486697965656e-01,-1.206572769953050406e-01,6.264475743348982828e-01,1.100000000000000000e+01
1.255230125523012497e-01,2.528951486697965656e-01,-1.206572769953050406e-01,6.264475743348982828e-01,1.100000000000000000e+01
1.359832635983263538e-01,2.528951486697965656e-01,-1.206572769953050406e-01,6.264475743348982828e-01,1.100000000000000000e+01
1.464435146443514579e-01,2.528951486697965656e-01,-1.206572769953050406e-01,6.264475743348982828e-01,1.100000000000000000e+01
1.569037656903765621e-01,2.528951486697965656e-01,-1.206572769953050406e-01,6.264475743348982828e-01,1.100000000000000000e+01
1.673640167364016662e-01,2.528951486697965656e-01,-1.206572769953050406e-01,6.264475743348982828e-01,1.100000000000000000e+01
1.778242677824267981e-01,2.528951486697965656e-01,-1.206572769953050406e-01,6.264475743348982828e-01,1.100000000000000000e+01
1.882845188284518745e-01,2.528951486697965656e-01,-1.206572769953050406e-01,6.264475743348982828e-01,1.100000000000000000e+01
1.987447698744769786e-01,2.528951486697965656e-01,-1.206572769953050406e-01,6.264475743348982828e-01,1.100000000000000000e+01
2.092050209205020828e-01,2.528951486697965656e-01,-1.206572769953050406e-01,6.264475743348982828e-01,1.100000000000000000e+01
2.196652719665271869e-01,2.528951486697965656e-01,-1.397183098591548989e-01,6.455086071987480301e-01,3.000000000000000000e+00
4.707112970711296862e-01,6.228482003129898192e-02,6.228482003129898192e-02,6.228482003129898192e-02,1.000000000000000000e+00
4.811715481171547903e-01,6.447574334898287240e-02,6.140845070422542434e-02,8.331768388106422507e-02,5.000000000000000000e+00
4.916317991631799500e-01,6.776212832550865262e-02,6.086071987480445172e-02,8.485133020344294563e-02,1.000000000000000000e+01
5.020920502092049986e-01,6.557120500782481765e-02,5.866979655712049185e-02,8.342723004694840849e-02,1.000000000000000000e+01
5.125523012552301028e-01,6.557120500782481765e-02,5.713615023474180599e-02,8.276995305164325245e-02,1.200000000000000000e+01
5.230125523012552069e-01,6.666666666666676289e-02,5.746478873239435625e-02,8.463223787167455103e-02,1.300000000000000000e+01
5.334728033472803110e-01,5.571205007824742150e-02,4.497652582159634982e-02,6.644757433489836829e-02,1.500000000000000000e+01
5.439330543933054152e-01,4.694835680751180407e-02,3.741784037558690268e-02,6.086071987480445172e-02,1.200000000000000000e+01
5.543933054393305193e-01,4.256651017214407862e-02,3.336463223787174137e-02,5.483568075117375290e-02,1.300000000000000000e+01
5.648535564853556235e-01,4.256651017214407862e-02,3.029733959311429331e-02,5.483568075117382229e-02,1.700000000000000000e+01
5.753138075313807276e-01,4.147104851330213338e-02,2.996870109546170835e-02,5.297339593114244738e-02,1.600000000000000000e+01
5.857740585774058317e-01,3.928012519561818738e-02,2.558685446009401065e-02,5.078247261345855690e-02,1.600000000000000000e+01
5.962343096234310469e-01,3.489827856025051744e-02,1.156494522691713968e-02,4.946791862284821706e-02,2.000000000000000000e+01
6.066945606694560400e-01,3.270735524256657145e-02,9.374021909233249197e-03,4.727699530516432658e-02,2.000000000000000000e+01
6.171548117154811441e-01,3.489827856025051744e-02,8.716744913928081012e-03,4.793427230046949650e-02,1.800000000000000000e+01
6.276150627615062483e-01,2.065727699530528483e-02,-1.154929577464782788e-02,4.410015649452279918e-02,2.300000000000000000e+01
6.380753138075313524e-01,2.394366197183112055e-02,-9.248826291079727951e-03,4.223787167449149366e-02,2.200000000000000000e+01
6.485355648535564566e-01,2.613458528951495552e-02,-1.319248826291076308e-02,4.355242566510182656e-02,1.800000000000000000e+01
6.589958158995816717e-01,2.394366197183112055e-02,-1.538341158059466397e-02,4.136150234741793608e-02,1.800000000000000000e+01
6.694560669456066648e-01,1.408450704225361338e-02,-1.505477308294209809e-02,4.103286384976535112e-02,1.900000000000000000e+01
6.799163179916317690e-01,1.298904538341166814e-02,-1.472613458528953048e-02,3.851330203442878547e-02,2.000000000000000000e+01
6.903765690376568731e-01,1.408450704225361338e-02,-3.192488262910786467e-02,3.818466353677618663e-02,2.100000000000000000e+01
7.008368200836820883e-01,1.298904538341166814e-02,-3.816901408450704830e-02,3.785602503912362943e-02,2.200000000000000000e+01
7.112970711297071924e-01,9.389671361503815206e-04,-3.849765258215964714e-02,3.599374021909251820e-02,2.100000000000000000e+01
7.217573221757321855e-01,2.034428794992326761e-03,-3.816901408450704830e-02,3.566510172143991242e-02,2.200000000000000000e+01
7.322175732217572897e-01,9.389671361503815206e-04,-4.156494522691694254e-02,3.248826291079817685e-02,2.500000000000000000e+01
7.426778242677823938e-01,5.320813771518051460e-03,-4.507042253521120756e-02,3.380281690140851669e-02,2.100000000000000000e+01
7.531380753138074979e-01,3.129890453834272002e-03,-4.857589984350547951e-02,3.292644757433495911e-02,1.700000000000000000e+01
7.635983263598327131e-01,4.225352112676161731e-03,-4.824726134585290843e-02,3.259780907668237415e-02,1.800000000000000000e+01
7.740585774058577062e-01,-2.347417840375509712e-03,-4.539906103286380640e-02,2.974960876369331722e-02,2.000000000000000000e+01
7.845188284518828103e-01,-8.920187793427181155e-03,-6.818466353677618552e-02,2.624413145539914588e-02,2.400000000000000000e+01
7.949790794979079145e-01,-1.330203442879496212e-02,-7.913928012519552690e-02,2.405320813771531785e-02,2.400000000000000000e+01
8.054393305439331296e-01,-1.877934272300452179e-02,-7.355242566510167279e-02,2.503912363067306579e-02,2.100000000000000000e+01
8.158995815899582338e-01,-1.768388106416263206e-02,-7.322378716744910865e-02,2.251956181533658688e-02,2.200000000000000000e+01
8.263598326359832269e-01,-1.987480438184652254e-02,-7.913928012519552690e-02,1.967136150234748485e-02,2.400000000000000000e+01
8.368200836820083310e-01,-1.549295774647885260e-02,-7.399061032863844811e-02,1.967136150234748485e-02,2.400000000000000000e+01
8.472803347280334352e-01,-1.549295774647885260e-02,-8.417840375586840840e-02,1.813771517996869490e-02,2.200000000000000000e+01
8.577405857740585393e-01,-2.644757433489830500e-02,-8.636932707355240990e-02,1.594679186228482176e-02,2.200000000000000000e+01
8.682008368200837545e-01,-2.535211267605630425e-02,-8.604068857589981800e-02,1.342723004694844520e-02,2.300000000000000000e+01
8.786610878661087476e-01,-2.973395931142408521e-02,-9.546165884194053597e-02,1.057902973395938480e-02,2.500000000000000000e+01
8.891213389121338517e-01,-2.097026604068852329e-02,-9.962441314553978355e-02,9.045383411580664237e-03,2.300000000000000000e+01
8.995815899581589559e-01,-1.987480438184652254e-02,-1.067449139280124831e-01,7.840375586854521697e-03,2.000000000000000000e+01
9.100418410041841710e-01,-2.644757433489830500e-02,-1.089358372456963042e-01,5.649452269170632084e-03,2.000000000000000000e+01
9.205020920502092752e-01,-2.535211267605630425e-02,-1.064162754303599190e-01,3.129890453834272002e-03,2.100000000000000000e+01
9.309623430962342683e-01,-3.411580594679186618e-02,-1.072926447574334280e-01,-3.755868544600225040e-04,2.500000000000000000e+01
9.414225941422593724e-01,-3.849765258215953612e-02,-1.231768388106416756e-01,-3.552425665101601078e-03,2.800000000000000000e+01
9.518828451882844766e-01,-5.273865414710476873e-02,-1.260250391236306389e-01,-5.743348982785591306e-03,2.800000000000000000e+01
9.623430962343095807e-01,-5.273865414710476873e-02,-1.253677621283255106e-01,-8.591549295774584052e-03,3.000000000000000000e+01
9.728033472803347959e-01,-4.178403755868531633e-02,-1.251486697965571160e-01,-1.100156494522688128e-02,2.400000000000000000e+01
9.832635983263599000e-01,-4.945226917057898852e-02,-1.272300469483567120e-01,-1.549295774647885260e-02,3.100000000000000000e+01
9.937238493723848931e-01,-4.835680751173709879e-02,-1.454147104851329642e-01,-1.735524256651006791e-02,3.000000000000000000e+01
1.004184100418409997e+00,-3.740219092331764639e-02,-1.580125195618152512e-01,-1.976525821596232177e-02,2.400000000000000000e+01
1.014644351464435212e+00,-6.040688575899832991e-02,-1.563693270735524998e-01,-2.359937402190910236e-02,2.900000000000000000e+01
1.025104602510460206e+00,-6.807511737089200210e-02,-1.409233176838809443e-01,-2.809076682316125062e-02,3.600000000000000000e+01
1.035564853556485421e+00,-7.136150234741789333e-02,-1.460719874804381480e-01,-3.345852895148666850e-02,3.900000000000000000e+01
1.046025104602510414e+00,-5.821596244131455045e-02,-1.497965571205007174e-01,-3.367762128325507004e-02,3.300000000000000000e+01
1.056485355648535629e+00,-6.259780907668210936e-02,-1.835367762128325142e-01,-3.805946791862285100e-02,3.300000000000000000e+01
1.066945606694560622e+00,-6.040688575899832991e-02,-1.848513302034427708e-01,-3.893583724569640164e-02,2.900000000000000000e+01
1.077405857740585837e+00,-6.807511737089200210e-02,-1.811267605633801736e-01,-4.737089201877939942e-02,2.800000000000000000e+01
1.087866108786610830e+00,-7.683881064162745300e-02,-1.687480438184663645e-01,-5.153364632237857762e-02,3.400000000000000000e+01
1.098326359832635823e+00,-8.012519561815323321e-02,-1.907668231611893139e-01,-5.712050078247254969e-02,3.100000000000000000e+01
1.108786610878661039e+00,-8.779342723004690541e-02,-2.160719874804381824e-01,-6.248826291079791900e-02,3.400000000000000000e+01
1.119246861924686254e+00,-9.655712050078235631e-02,-2.061032863849764363e-01,-6.971830985915489221e-02,3.600000000000000000e+01
1.129707112970711247e+00,-1.009389671361501373e-01,-1.891236306729263683e-01,-7.410015649452261766e-02,3.600000000000000000e+01
1.140167364016736462e+00,-1.009389671361501373e-01,-2.024882629107980503e-01,-7.716744913928005878e-02,3.200000000000000000e+01
1.150627615062761455e+00,-1.042253521126759175e-01,-2.483881064162752617e-01,-8.275430359937381575e-02,2.900000000000000000e+01
1.161087866108786670e+00,-1.097026604068856992e-01,-2.480594679186227114e-01,-8.746478873239434126e-02,3.000000000000000000e+01
1.171548117154811663e+00,-1.151799687010952589e-01,-2.468544600938966105e-01,-9.524256651017198871e-02,2.700000000000000000e+01
1.182008368200836879e+00,-1.228482003129890421e-01,-1.975586854460093245e-01,-9.907668231611882481e-02,3.200000000000000000e+01
1.192468619246862094e+00,-1.327073552425663827e-01,-2.288888888888887529e-01,-1.066353677621282997e-01,3.500000000000000000e+01
1.202928870292887087e+00,-1.392801251956179431e-01,-2.770892018779341770e-01,-1.132081377151798601e-01,3.500000000000000000e+01
1.213389121338912080e+00,-1.436619718309859461e-01,-2.659154929577463577e-01,-1.160563380281688650e-01,3.700000000000000000e+01
1.223849372384937295e+00,-1.480438184663535051e-01,-2.536463223787166488e-01,-1.235054773082942398e-01,3.300000000000000000e+01
1.234309623430962288e+00,-1.491392801251955058e-01,-2.596713615023473753e-01,-1.253677621283255106e-01,3.200000000000000000e+01
1.244769874476987503e+00,-1.535211267605632868e-01,-1.873708920187793225e-01,-1.328169014084505939e-01,2.800000000000000000e+01
1.255230125523012497e+00,-1.622848200312988487e-01,-3.087480438184662668e-01,-1.385133020344286314e-01,3.200000000000000000e+01
1.265690376569037712e+00,-1.655712050078246289e-01,-3.097339593114240008e-01,-1.423474178403754953e-01,2.900000000000000000e+01
1.276150627615062705e+00,-1.732394366197181901e-01,-2.787323943661970671e-01,-1.510015649452268460e-01,3.000000000000000000e+01
1.286610878661087698e+00,-1.787167449139279718e-01,-2.799374021909232235e-01,-1.541784037558684983e-01,3.300000000000000000e+01
1.297071129707112913e+00,-1.841940532081376425e-01,-2.831142410015648481e-01,-1.619561815336462429e-01,3.000000000000000000e+01
1.307531380753137906e+00,-1.896713615023473132e-01,-3.347104851330202080e-01,-1.642566510172142891e-01,3.300000000000000000e+01
1.317991631799163343e+00,-1.973395931142409854e-01,-3.363536776212832091e-01,-1.766353677621283758e-01,2.800000000000000000e+01
1.328451882845188337e+00,-2.017214397496087663e-01,-3.188262910798122518e-01,-1.794835680751173113e-01,3.000000000000000000e+01
1.338912133891213330e+00,-2.039123630672925458e-01,-3.044757433489828080e-01,-1.385133020344286314e-01,3.200000000000000000e+01
1.349372384937238545e+00,-2.071987480438184370e-01,-3.167449139280125170e-01,-1.403755868544599439e-01,3.100000000000000000e+01
1.359832635983263538e+00,-2.170579029733958887e-01,-3.468701095461658168e-01,-1.589984350547729020e-01,3.600000000000000000e+01
1.370292887029288753e+00,-2.192488262910797792e-01,-3.459937402190922939e-01,-1.472769953051641934e-01,3.200000000000000000e+01
1.380753138075313746e+00,-2.203442879499217799e-01,-2.755555555555554426e-01,-1.519874804381845246e-01,3.300000000000000000e+01
1.391213389121338739e+00,-2.323943661971830110e-01,-2.970266040688575582e-01,-2.132237871674489971e-01,2.600000000000000000e+01
1.401673640167364177e+00,-2.334898278560249008e-01,-3.504851330203442861e-01,-2.150860719874803928e-01,2.500000000000000000e+01
1.412133891213389170e+00,-2.389671361502346825e-01,-3.516901408450703315e-01,-2.182629107981219896e-01,2.800000000000000000e+01
1.422594142259414385e+00,-2.411580594679185729e-01,-3.473082942097027170e-01,-2.204538341158059633e-01,2.800000000000000000e+01
1.433054393305439378e+00,-2.411580594679185729e-01,-3.043661971830985968e-01,-1.310641627543037702e-01,3.200000000000000000e+01
1.443514644351464371e+00,-2.477308294209701334e-01,-3.078716744913927439e-01,-1.729107981220656953e-01,2.800000000000000000e+01
1.453974895397489586e+00,-2.499217527386540239e-01,-3.473082942097025505e-01,-1.751017214397494748e-01,2.800000000000000000e+01
1.464435146443514579e+00,-2.510172143974960246e-01,-3.476369327073551840e-01,-1.616275430359938037e-01,2.700000000000000000e+01
1.474895397489539794e+00,-2.575899843505475850e-01,-3.390923317683881000e-01,-2.361189358372456637e-01,2.900000000000000000e+01
1.485355648535564788e+00,-2.827856025039122700e-01,-3.356964006259779976e-01,-2.430203442879498021e-01,3.000000000000000000e+01
1.495815899581589781e+00,-2.827856025039122700e-01,-3.341627543035992076e-01,-2.445539906103284533e-01,2.800000000000000000e+01
1.506276150627614996e+00,-2.849765258215961605e-01,-3.361345852895148423e-01,-2.469640062597808217e-01,2.200000000000000000e+01
1.516736401673639989e+00,-2.575899843505475850e-01,-3.351486697965569972e-01,-1.138654147104853076e-01,2.500000000000000000e+01
1.527196652719665426e+00,-2.586854460093895858e-01,-3.318622848200312725e-01,-1.788262910798121552e-01,2.800000000000000000e+01
1.537656903765690419e+00,-2.586854460093895858e-01,-3.269327073552425467e-01,-1.993114241001564257e-01,3.000000000000000000e+01
1.548117154811715412e+00,-2.575899843505475850e-01,-3.213458528951484983e-01,-1.642566510172146221e-01,2.700000000000000000e+01
1.558577405857740628e+00,-2.521126760563380254e-01,-3.159780907668230943e-01,-1.931768388106415990e-01,3.000000000000000000e+01
1.569037656903765621e+00,-2.510172143974960246e-01,-3.163067292644757278e-01,-2.120187793427227851e-01,2.900000000000000000e+01
1.579497907949790836e+00,-2.455399061032862429e-01,-3.236463223787166554e-01,-2.027073552425664726e-01,3.400000000000000000e+01
1.589958158995815829e+00,-2.444444444444442421e-01,-3.296713615023474375e-01,-1.942723004694834887e-01,3.500000000000000000e+01
1.600418410041840822e+00,-2.433489827856023524e-01,-3.275899843505476472e-01,-1.810172143974960735e-01,2.800000000000000000e+01
1.610878661087866259e+00,-2.389671361502346825e-01,-2.765414710485131766e-01,-1.925195618153364707e-01,3.000000000000000000e+01
1.621338912133891252e+00,-2.367762128325507920e-01,-3.171830985915491952e-01,-1.751017214397495858e-01,3.000000000000000000e+01
1.631799163179916468e+00,-2.280125195618152301e-01,-3.387636932707354109e-01,-1.632707355242566383e-01,3.400000000000000000e+01
1.642259414225941461e+00,-2.236306729264474491e-01,-3.407355242566509346e-01,-1.575743348982785452e-01,3.000000000000000000e+01
1.652719665271966454e+00,-2.148669796557119982e-01,-3.271517996870109135e-01,-1.512206572769952684e-01,2.800000000000000000e+01
1.663179916317991669e+00,-2.115805946791859959e-01,-2.702973395931141942e-01,-1.931768388106414880e-01,2.500000000000000000e+01
1.673640167364016662e+00,-2.050078247261344355e-01,-3.123630672926445695e-01,-1.335837245696399889e-01,2.900000000000000000e+01
1.684100418410041877e+00,-1.995305164319248759e-01,-3.343818466353676300e-01,-1.632707355242566383e-01,3.400000000000000000e+01
1.694560669456066870e+00,-1.929577464788730934e-01,-3.041471048513301745e-01,-1.223004694835680972e-01,3.600000000000000000e+01
1.705020920502091863e+00,-1.765258215962441923e-01,-2.056651017214396471e-01,-9.918622848200300823e-02,3.900000000000000000e+01
1.715481171548117079e+00,-1.699530516431924099e-01,-3.211267605633800759e-01,-9.107981220657279664e-02,4.100000000000000000e+01
1.725941422594142072e+00,-1.743348982785601908e-01,-3.268231611893583355e-01,-1.467292644757432485e-01,3.700000000000000000e+01
1.736401673640167509e+00,-1.699530516431924099e-01,-3.292331768388106483e-01,-1.377464788732393197e-01,4.300000000000000000e+01
1.746861924686192502e+00,-1.589984350547728464e-01,-3.268231611893582800e-01,-1.329264475743347773e-01,3.500000000000000000e+01
1.757322175732217495e+00,-1.414710485133019446e-01,-1.712676056338027497e-01,-5.317683881064157181e-02,3.900000000000000000e+01
1.767782426778242710e+00,-1.359937402190922739e-01,-3.170735524256650950e-01,-4.035993740219086245e-02,4.000000000000000000e+01
1.778242677824267703e+00,-1.294209702660406025e-01,-2.916588419405320431e-01,-4.145539906103287014e-02,4.400000000000000000e+01
1.788702928870292919e+00,-1.228482003129890421e-01,-2.907824726134584092e-01,-8.636932707355243766e-02,4.000000000000000000e+01
1.799163179916317912e+00,-1.064162754303599190e-01,-1.811267605633801736e-01,-4.441314553990600988e-02,3.900000000000000000e+01
1.809623430962342905e+00,-8.888888888888879514e-02,-1.210954616588418437e-01,-3.915492957746478930e-02,4.300000000000000000e+01
1.820083682008368342e+00,-8.012519561815323321e-02,-1.107981220657276999e-01,9.389671361503815206e-04,4.100000000000000000e+01
1.830543933054393335e+00,-7.574334898278545225e-02,-1.673239436619717857e-01,1.276995305164327528e-02,4.500000000000000000e+01
1.841004184100418550e+00,-7.026604068857589258e-02,-1.851799687010954321e-01,3.062597809076686786e-02,4.400000000000000000e+01
1.851464435146443543e+00,-5.821596244131455045e-02,-9.480438184663522727e-02,2.876369327073555887e-02,4.300000000000000000e+01
1.861924686192468537e+00,-4.726134585289520906e-02,-8.604068857589981800e-02,3.314553990610333983e-02,4.300000000000000000e+01
1.872384937238493752e+00,-3.521126760563375591e-02,-8.001564945226904979e-02,5.560250391236321033e-02,4.800000000000000000e+01
1.882845188284518745e+00,-2.973395931142408521e-02,-7.968701095461648565e-02,5.483568075117370433e-02,4.900000000000000000e+01
1.893305439330543960e+00,-2.316118935837230275e-02,-1.270109546165884284e-01,6.973395931142409299e-02,4.500000000000000000e+01
1.903765690376568953e+00,-7.824726134585180404e-03,-6.347417840375571552e-02,8.068857589984354539e-02,4.500000000000000000e+01
1.914225941422594168e+00,4.225352112676161731e-03,-5.723004694835674699e-02,8.539906103286390437e-02,4.400000000000000000e+01
1.924686192468619161e+00,1.189358372456972290e-02,-1.020344287949921797e-01,8.507042253521132635e-02,4.500000000000000000e+01
1.935146443514644155e+00,2.394366197183112055e-02,-1.729107981220655843e-01,1.273552425665103738e-01,5.200000000000000000e+01
1.945606694560669592e+00,3.380281690140851669e-02,-5.361502347417839570e-02,1.589045383411581136e-01,4.700000000000000000e+01
1.956066945606694585e+00,4.366197183098602386e-02,-2.962441314553989832e-02,1.279029733959311521e-01,4.800000000000000000e+01
1.966527196652719800e+00,4.366197183098602386e-02,-1.038967136150234644e-01,1.540845070422535990e-01,4.200000000000000000e+01
1.976987447698744793e+00,5.023474178403758428e-02,-1.184663536776212056e-01,1.050078247261346520e-01,4.600000000000000000e+01
1.987447698744769786e+00,6.228482003129898192e-02,-5.383411580594680418e-02,1.946165884194054063e-01,4.500000000000000000e+01
1.997907949790795001e+00,7.981220657276999475e-02,-3.671361502347416650e-01,9.671361502347417538e-01,8.100000000000000000e+01
2.008368200836819994e+00,9.295774647887322661e-02,5.758998435054827648e-03,1.897965571205008084e-01,4.900000000000000000e+01
2.018828451882845432e+00,9.624413145539917336e-02,1.068857589984358383e-02,1.900156494522692030e-01,4.400000000000000000e+01
2.029288702928870425e+00,1.006259780907668988e-01,1.967136150234748485e-02,1.289984350547731251e-01,3.800000000000000000e+01
2.039748953974895418e+00,1.050078247261346243e-01,2.733959311424103908e-02,1.257120500782472894e-01,2.800000000000000000e+01
2.050209205020920411e+00,1.181533646322379671e-01,3.281690140845076875e-02,2.144444444444445208e-01,3.800000000000000000e+01
2.060669456066945404e+00,1.312989045383412545e-01,4.136150234741793608e-02,2.321909233176839005e-01,4.400000000000000000e+01
2.071129707112970841e+00,1.444444444444444864e-01,4.793427230046949650e-02,2.716275430359938459e-01,4.400000000000000000e+01
2.081589958158995834e+00,1.477308294209702666e-01,5.220657276995308710e-02,2.695461658841941111e-01,3.700000000000000000e+01
2.092050209205020828e+00,1.499217527386541571e-01,5.965571205007828837e-02,2.686697965571205882e-01,3.300000000000000000e+01
2.102510460251046265e+00,1.729264475743350071e-01,5.965571205007835082e-02,2.749139280125195706e-01,3.400000000000000000e+01
2.112970711297071258e+00,1.773082942097026771e-01,7.488262910798132443e-02,2.775430359937401947e-01,2.600000000000000000e+01
2.123430962343096251e+00,1.937402190923318557e-01,8.704225352112683611e-02,2.829107981220658763e-01,2.300000000000000000e+01
2.133891213389121244e+00,1.937402190923318557e-01,8.704225352112683611e-02,2.171830985915493839e-01,2.300000000000000000e+01
2.144351464435146237e+00,1.959311424100157462e-01,9.164319248826299780e-02,2.809389671361501306e-01,2.500000000000000000e+01
2.154811715481171674e+00,2.178403755868545399e-01,1.028169014084507338e-01,3.547730829420970844e-01,3.100000000000000000e+01
2.165271966527196668e+00,2.287949921752739924e-01,1.115805946791862957e-01,3.547730829420970844e-01,3.100000000000000000e+01
2.175732217573221661e+00,2.353677621283255528e-01,1.188106416275431371e-01,3.466666666666667340e-01,3.300000000000000000e+01
2.186192468619246654e+00,2.430359937402191695e-01,1.120187793427230155e-01,3.434898278560251095e-01,3.200000000000000000e+01
2.196652719665271647e+00,2.496087636932708409e-01,1.346948356807511349e-01,3.382316118935837501e-01,2.800000000000000000e+01
2.207112970711297084e+00,2.539906103286385108e-01,1.474021909233176886e-01,2.843348982785601775e-01,2.000000000000000000e+01
2.217573221757322077e+00,2.539906103286385108e-01,1.546322378716746271e-01,3.530203442879497611e-01,2.200000000000000000e+01
2.228033472803347514e+00,2.726134585289515799e-01,1.665727699530517025e-01,3.751486697965571993e-01,2.900000000000000000e+01
2.238493723849372508e+00,2.824726134585290871e-01,1.741314553990611080e-01,4.120657276995305374e-01,3.000000000000000000e+01
2.248953974895397501e+00,2.890453834115806475e-01,1.791705790297339895e-01,4.120657276995305374e-01,3.000000000000000000e+01
2.259414225941422494e+00,3.021909233176839349e-01,1.857433489827856055e-01,3.991392801251956168e-01,3.000000000000000000e+01
2.269874476987447487e+00,3.043818466353677699e-01,1.888106416275429911e-01,3.805164319248826033e-01,2.600000000000000000e+01
2.280334728033472924e+00,3.076682316118936056e-01,1.922065727699531212e-01,3.836932707355242833e-01,2.300000000000000000e+01
2.290794979079497917e+00,3.142410015649452770e-01,2.065571205007825928e-01,3.890610328638497983e-01,2.000000000000000000e+01
2.301255230125522910e+00,3.197183098591550032e-01,2.144444444444445208e-01,3.417370892018780082e-01,2.400000000000000000e+01
2.311715481171548348e+00,3.273865414710485089e-01,2.220031298904538153e-01,4.099843505477308025e-01,2.700000000000000000e+01
2.322175732217573341e+00,3.394366197183099065e-01,2.430359937402191972e-01,4.617996870109546403e-01,3.200000000000000000e+01
2.332635983263598334e+00,3.525821596244131384e-01,2.486228482003130791e-01,4.631142410015649524e-01,2.800000000000000000e+01
2.343096234309623327e+00,3.547730829420970844e-01,2.508137715179969973e-01,4.601564945226916947e-01,2.800000000000000000e+01
2.353556485355648320e+00,3.580594679186228646e-01,2.511424100156495198e-01,4.005633802816901401e-01,2.900000000000000000e+01
2.364016736401673757e+00,3.569640062597809749e-01,2.541001564945227220e-01,3.765727699530517225e-01,1.800000000000000000e+01
2.374476987447698750e+00,3.712050078247262075e-01,2.616588419405322385e-01,3.931142410015650013e-01,2.100000000000000000e+01
2.384937238493724188e+00,3.744913928012519877e-01,2.692175273865415330e-01,4.315649452269171293e-01,2.400000000000000000e+01
2.395397489539749181e+00,3.898278560250391656e-01,2.915649452269170605e-01,4.383568075117371121e-01,3.000000000000000000e+01
2.405857740585774174e+00,4.051643192488263434e-01,3.147887323943662774e-01,4.983881064162755115e-01,3.400000000000000000e+01
2.416317991631799167e+00,4.051643192488263434e-01,3.178560250391236908e-01,5.012363067292645580e-01,3.200000000000000000e+01
2.426778242677824160e+00,4.073552425665101784e-01,3.125978090766823869e-01,5.010172143974961356e-01,2.600000000000000000e+01
2.437238493723849597e+00,4.073552425665101784e-01,3.099687010954617628e-01,4.271830985915493484e-01,2.400000000000000000e+01
2.447698744769874590e+00,4.150234741784037951e-01,3.076682316118936056e-01,4.325508607198748079e-01,2.100000000000000000e+01
2.458158995815899583e+00,4.172143974960876855e-01,3.129264475743349649e-01,4.316744913928012850e-01,1.700000000000000000e+01
2.468619246861924577e+00,4.259780907668232475e-01,3.641940532081377468e-01,4.505164319248826654e-01,2.500000000000000000e+01
2.479079497907949570e+00,4.391236306729264793e-01,3.910328638497653220e-01,4.762597809076681843e-01,2.800000000000000000e+01
2.489539748953975007e+00,4.402190923317684246e-01,3.531298904538341388e-01,5.413302034428795206e-01,3.000000000000000000e+01
2.500000000000000000e+00,4.478873239436620413e-01,3.891705790297340095e-01,5.416588419405321542e-01,2.900000000000000000e+01
2.510460251046024993e+00,4.500782472613459317e-01,3.725195618153365196e-01,5.092331768388105306e-01,2.500000000000000000e+01
2.520920502092049986e+00,4.544600938967136017e-01,3.889514866979656427e-01,4.875430359937402147e-01,2.700000000000000000e+01
2.531380753138075423e+00,4.599374021909233834e-01,3.555399061032865071e-01,4.764788732394366622e-01,2.000000000000000000e+01
2.541841004184100417e+00,4.632237871674491636e-01,3.611267605633803335e-01,4.781220657276995523e-01,1.700000000000000000e+01
2.552301255230125410e+00,4.676056338028169446e-01,3.760250391236307221e-01,4.805320813771518096e-01,1.500000000000000000e+01
2.562761506276150403e+00,4.697965571205008350e-01,3.720813771517997304e-01,4.820657276995304885e-01,1.700000000000000000e+01
2.573221757322175396e+00,4.763693270735523955e-01,3.799687010954616584e-01,4.917057902973396288e-01,2.100000000000000000e+01
2.583682008368200833e+00,4.796557120500782867e-01,3.827073552425664937e-01,4.911580594679186840e-01,1.600000000000000000e+01
2.594142259414225826e+00,4.884194053208137931e-01,4.111893583724570145e-01,4.999217527386542459e-01,1.600000000000000000e+01
2.604602510460250819e+00,4.928012519561815741e-01,3.930046948356807901e-01,5.027699530516431814e-01,1.400000000000000000e+01
2.615062761506275812e+00,4.982785602503913003e-01,3.990297339593114057e-01,5.155868544600938908e-01,1.900000000000000000e+01
2.625523012552300806e+00,5.037558685446009710e-01,4.506259780907669321e-01,5.186541471048514707e-01,2.000000000000000000e+01
2.635983263598326687e+00,5.004694835680751908e-01,4.540219092331769235e-01,5.269796557120500768e-01,2.700000000000000000e+01
2.646443514644351680e+00,5.092331768388106417e-01,4.621283255086072184e-01,5.344287949921753267e-01,3.100000000000000000e+01
2.656903765690376673e+00,5.169014084507043139e-01,4.633333333333333748e-01,6.011424100156494976e-01,2.800000000000000000e+01
2.667364016736401666e+00,5.201877934272300941e-01,4.645383411580594757e-01,5.994992175273865520e-01,3.300000000000000000e+01
2.677824267782426659e+00,5.223787167449139845e-01,4.614710485133021178e-01,5.821909233176839615e-01,2.300000000000000000e+01
2.688284518828452097e+00,5.223787167449139845e-01,4.347417840375586984e-01,5.377151799687012179e-01,2.100000000000000000e+01
2.698744769874477090e+00,5.267605633802816545e-01,4.384663536776213233e-01,5.405633802816901534e-01,1.900000000000000000e+01
2.709205020920502083e+00,5.300469483568075457e-01,4.425195618153365262e-01,5.430829420970266774e-01,1.800000000000000000e+01
2.719665271966527076e+00,5.344287949921753267e-01,4.469014084507043072e-01,5.474647887323943474e-01,1.800000000000000000e+01
2.730125523012552069e+00,5.081377151799688630e-01,4.506259780907668766e-01,5.481220657276995034e-01,1.600000000000000000e+01
2.740585774058577506e+00,5.388106416275431076e-01,4.556651017214397581e-01,5.518466353677621283e-01,1.800000000000000000e+01
2.751046025104602499e+00,5.497652582159624490e-01,4.602660406885759614e-01,5.582003129890454884e-01,1.200000000000000000e+01
2.761506276150627492e+00,5.519561815336463395e-01,4.637715179968701085e-01,5.667449139280125170e-01,1.600000000000000000e+01
2.771966527196652486e+00,5.585289514866980110e-01,4.878716744913928482e-01,5.700312989045384082e-01,1.600000000000000000e+01
2.782426778242677479e+00,5.574334898278561212e-01,4.730829420970266708e-01,5.681690140845070403e-01,1.500000000000000000e+01
2.792887029288703360e+00,5.563380281690142315e-01,4.832707355242566449e-01,5.724413145539906100e-01,2.200000000000000000e+01
2.803347280334728353e+00,5.607198748043817904e-01,4.839280125195618010e-01,5.783568075117371254e-01,2.400000000000000000e+01
2.813807531380753346e+00,5.661971830985916831e-01,4.886384976525821600e-01,6.082629107981220029e-01,2.500000000000000000e+01
2.824267782426778339e+00,5.727699530516432436e-01,4.908294209702660504e-01,6.459467918622848748e-01,2.500000000000000000e+01
2.834728033472803332e+00,5.749608763693270230e-01,5.083568075117371743e-01,6.466040688575900308e-01,2.300000000000000000e+01
2.845188284518828770e+00,5.771517996870110245e-01,5.442879499217527783e-01,6.450704225352112964e-01,2.100000000000000000e+01
2.855648535564853763e+00,5.771517996870110245e-01,5.188732394366197820e-01,5.894209702660406780e-01,1.700000000000000000e+01
2.866108786610878756e+00,5.815336463223788055e-01,5.092331768388107527e-01,5.922691705790297245e-01,1.500000000000000000e+01
2.876569037656903749e+00,5.848200312989045857e-01,5.069327073552425400e-01,5.947887323943661375e-01,1.400000000000000000e+01
2.887029288702928742e+00,5.870109546165884762e-01,5.075899843505476960e-01,5.985133020344287624e-01,1.600000000000000000e+01
2.897489539748954179e+00,5.924882629107981469e-01,5.087949921752739080e-01,6.016901408450704425e-01,1.300000000000000000e+01
2.907949790794979172e+00,5.924882629107981469e-01,5.096713615023473753e-01,6.032237871674491769e-01,1.500000000000000000e+01
2.918410041841004166e+00,5.946791862284819263e-01,5.101095461658842201e-01,6.069483568075118018e-01,1.700000000000000000e+01
2.928870292887029159e+00,6.012519561815337088e-01,5.234741784037559853e-01,6.089201877934271590e-01,1.100000000000000000e+01
2.939330543933054152e+00,6.056338028169014898e-01,5.285133020344288113e-01,6.148356807511737854e-01,1.300000000000000000e+01
2.949790794979079589e+00,6.045383411580596000e-01,5.316901408450704913e-01,6.160406885758998863e-01,1.600000000000000000e+01
2.960251046025104582e+00,6.078247261345852692e-01,5.364006259780907948e-01,6.200938967136150337e-01,1.700000000000000000e+01
2.970711297071129575e+00,6.231611893583725026e-01,6.016901408450704425e-01,7.454147104851329697e-01,2.900000000000000000e+01
2.981171548117154568e+00,6.187793427230047216e-01,5.591862284820031670e-01,6.886697965571204616e-01,2.300000000000000000e+01
2.991631799163179561e+00,6.220657276995305018e-01,5.437402190923318335e-01,6.834115805946792133e-01,2.600000000000000000e+01
3.002092050209204999e+00,6.220657276995305018e-01,5.663067292644758943e-01,6.800156494522691109e-01,2.800000000000000000e+01
3.012552301255229992e+00,6.198748043818467224e-01,5.612676056338028463e-01,6.762910798122065970e-01,2.600000000000000000e+01
3.023012552301254985e+00,6.242566510172145033e-01,5.628012519561815807e-01,7.580125195618153677e-01,2.400000000000000000e+01
3.033472803347279978e+00,6.133020344287950509e-01,5.586384976525822221e-01,6.329107981220657431e-01,1.800000000000000000e+01
3.043933054393304971e+00,6.275430359937401725e-01,5.591862284820031670e-01,6.367449139280124681e-01,1.300000000000000000e+01
3.054393305439330852e+00,6.297339593114241740e-01,5.607198748043817904e-01,6.374021909233176242e-01,1.100000000000000000e+01
3.064853556485355845e+00,6.330203442879499542e-01,5.862441314553989979e-01,6.399217527386541482e-01,1.000000000000000000e+01
3.075313807531380839e+00,6.363067292644757345e-01,5.793427230046949150e-01,6.424413145539906722e-01,9.000000000000000000e+00
3.085774058577405832e+00,6.341158059467919550e-01,5.701408450704226194e-01,6.433176838810641396e-01,1.300000000000000000e+01
3.096234309623430825e+00,6.363067292644757345e-01,5.740845070422535557e-01,6.470422535211267645e-01,1.500000000000000000e+01
3.106694560669456262e+00,6.384976525821596249e-01,5.854773082942097417e-01,6.476995305164319205e-01,1.300000000000000000e+01
3.117154811715481255e+00,6.417840375586854051e-01,5.842723004694836408e-01,6.502190923317684446e-01,1.200000000000000000e+01
3.127615062761506248e+00,6.439749608763694066e-01,5.855868544600939529e-01,6.539436619718310695e-01,1.400000000000000000e+01
3.138075313807531241e+00,6.483568075117371876e-01,5.842723004694836408e-01,6.861502347417840486e-01,1.600000000000000000e+01
3.148535564853556235e+00,6.538341158059468583e-01,6.087010954616589586e-01,6.967762128325508675e-01,1.700000000000000000e+01
3.158995815899581672e+00,6.593114241001565290e-01,6.425508607198747724e-01,6.979812206572769684e-01,2.000000000000000000e+01
3.169456066945606665e+00,6.615023474178403085e-01,6.425508607198747724e-01,6.979812206572769684e-01,2.000000000000000000e+01
3.179916317991631658e+00,6.560250391236306378e-01,6.135211267605633623e-01,6.948043818466353994e-01,2.300000000000000000e+01
3.190376569037656651e+00,6.560250391236306378e-01,6.143974960876370517e-01,6.713615023474178711e-01,2.100000000000000000e+01
3.200836820083681644e+00,6.560250391236306378e-01,6.130829420970266286e-01,6.682942097026604023e-01,1.700000000000000000e+01
3.211297071129707525e+00,6.582159624413145282e-01,6.105633802816901046e-01,6.708137715179969263e-01,1.600000000000000000e+01
3.221757322175732519e+00,6.647887323943661997e-01,6.082629107981221139e-01,6.739906103286384953e-01,1.300000000000000000e+01
3.232217573221757512e+00,6.702660406885758704e-01,6.249139280125195484e-01,6.771674491392801754e-01,1.000000000000000000e+01
3.242677824267782505e+00,6.713615023474178711e-01,6.198748043818467224e-01,6.790297339593114323e-01,1.100000000000000000e+01
3.253138075313807498e+00,6.702660406885758704e-01,6.328012519561816429e-01,6.802347417840375332e-01,1.400000000000000000e+01
3.263598326359832935e+00,6.746478873239436513e-01,6.271048513302034388e-01,6.830829420970266908e-01,1.200000000000000000e+01
3.274058577405857928e+00,6.757433489827855411e-01,6.314866979655712198e-01,6.849452269170578367e-01,1.300000000000000000e+01
3.284518828451882921e+00,6.713615023474177601e-01,6.346635367762128999e-01,6.861502347417840486e-01,1.600000000000000000e+01
3.294979079497907914e+00,6.790297339593114323e-01,6.332394366197183766e-01,6.889984350547730951e-01,1.400000000000000000e+01
3.305439330543932908e+00,6.834115805946792133e-01,6.719092331768388160e-01,7.146322378716745138e-01,1.600000000000000000e+01
3.315899581589958345e+00,6.888888888888888840e-01,6.700469483568075590e-01,7.230672926447574422e-01,1.700000000000000000e+01
3.326359832635983338e+00,6.899843505477307737e-01,6.681846635367761911e-01,7.227386541471049197e-01,1.800000000000000000e+01
3.336820083682008331e+00,6.866979655712049935e-01,6.676369327073552462e-01,7.210954616588419741e-01,2.300000000000000000e+01
3.347280334728033324e+00,6.888888888888888840e-01,6.707042253521127151e-01,7.202190923317683957e-01,1.900000000000000000e+01
3.357740585774058317e+00,6.877934272300469942e-01,6.697183098591549255e-01,6.992957746478872805e-01,1.600000000000000000e+01
3.368200836820083754e+00,6.790297339593114323e-01,6.675273865414710350e-01,6.971048513302035010e-01,1.600000000000000000e+01
3.378661087866108748e+00,6.801251956181533220e-01,6.650078247261346220e-01,6.996244131455398030e-01,1.500000000000000000e+01
3.389121338912133741e+00,6.943661971830985546e-01,6.502190923317684446e-01,7.012676056338028596e-01,1.000000000000000000e+01
3.399581589958158734e+00,6.965571205007825561e-01,6.524100156494523350e-01,7.034585289514866391e-01,1.000000000000000000e+01
3.410041841004183727e+00,6.965571205007825561e-01,6.830829420970266908e-01,7.034585289514866391e-01,1.000000000000000000e+01
3.420502092050209164e+00,6.976525821596244459e-01,6.476995305164319205e-01,7.037871674491392726e-01,9.000000000000000000e+00
3.430962343096234157e+00,6.976525821596244459e-01,6.625978090766823092e-01,7.053208137715180071e-01,1.100000000000000000e+01
3.441422594142259150e+00,6.998435054773082253e-01,6.647887323943661997e-01,7.075117370892018975e-01,1.100000000000000000e+01
3.451882845188284143e+00,6.998435054773082253e-01,6.783724569640062763e-01,7.090453834115805209e-01,1.300000000000000000e+01
3.462343096234309137e+00,7.053208137715180071e-01,6.792488262910798547e-01,7.137558685446009354e-01,1.200000000000000000e+01
3.472803347280335018e+00,7.075117370892018975e-01,6.960093896713615003e-01,7.365414710485133076e-01,1.600000000000000000e+01
3.483263598326360011e+00,7.129890453834115682e-01,6.948043818466353994e-01,7.421283255086071895e-01,1.900000000000000000e+01
3.493723849372385004e+00,7.162754303599374595e-01,6.992957746478872805e-01,7.446478873239437135e-01,1.800000000000000000e+01
3.504184100418409997e+00,7.140845070422535690e-01,6.922848200312988753e-01,7.446478873239437135e-01,1.800000000000000000e+01
3.514644351464434990e+00,7.129890453834115682e-01,6.941471048513302433e-01,7.427856025039123455e-01,1.700000000000000000e+01
3.525104602510460428e+00,7.129890453834115682e-01,6.972143974960877122e-01,7.261345852895149111e-01,1.300000000000000000e+01
3.535564853556485421e+00,7.118935837245696785e-01,6.705946791862285039e-01,7.187949921752738724e-01,1.000000000000000000e+01
3.546025104602510414e+00,7.162754303599374595e-01,6.609546165884194746e-01,7.216431924882629190e-01,8.000000000000000000e+00
3.556485355648535407e+00,7.162754303599374595e-01,6.630359937402190429e-01,7.216431924882629190e-01,8.000000000000000000e+00
3.566945606694560400e+00,7.162754303599374595e-01,6.630359937402190429e-01,7.216431924882629190e-01,8.000000000000000000e+00
3.577405857740585837e+00,7.151799687010955697e-01,6.704851330203442927e-01,7.213145539906103965e-01,9.000000000000000000e+00
3.587866108786610830e+00,7.184663536776212389e-01,7.026917057902973829e-01,7.238341158059468095e-01,8.000000000000000000e+00
3.598326359832635823e+00,7.173708920187793492e-01,6.722378716744914495e-01,7.235054773082942869e-01,9.000000000000000000e+00
3.608786610878660817e+00,7.162754303599374595e-01,6.897652582159624624e-01,7.247104851330203878e-01,1.200000000000000000e+01
3.619246861924685810e+00,7.206572769953052404e-01,7.048826291079811623e-01,7.260250391236306999e-01,8.000000000000000000e+00
3.629707112970711691e+00,7.206572769953052404e-01,6.814397496087636341e-01,7.275586854460093233e-01,1.000000000000000000e+01
3.640167364016736684e+00,7.173708920187793492e-01,6.927230046948356090e-01,7.269014084507042783e-01,1.200000000000000000e+01
3.650627615062761677e+00,7.184663536776212389e-01,6.927230046948356090e-01,7.269014084507042783e-01,1.200000000000000000e+01
3.661087866108786670e+00,7.195618153364632397e-01,6.899843505477308847e-01,7.272300469483568008e-01,1.100000000000000000e+01
3.671548117154811663e+00,7.206572769953052404e-01,7.094835680751174767e-01,7.275586854460093233e-01,1.000000000000000000e+01
3.682008368200837101e+00,7.184663536776213499e-01,6.956807511737089778e-01,7.290923317683880578e-01,1.200000000000000000e+01
3.692468619246862094e+00,7.239436619718310206e-01,7.068544600938967415e-01,7.300782472613458474e-01,9.000000000000000000e+00
3.702928870292887087e+00,7.250391236306730214e-01,6.801251956181534331e-01,7.304068857589984809e-01,8.000000000000000000e+00
3.713389121338912080e+00,7.250391236306730214e-01,6.822065727699530013e-01,7.304068857589984809e-01,8.000000000000000000e+00
3.723849372384937073e+00,7.250391236306730214e-01,6.916275430359937193e-01,7.319405320813771043e-01,1.000000000000000000e+01
3.734309623430962510e+00,7.217527386541471301e-01,7.068544600938967415e-01,7.309546165884194258e-01,1.300000000000000000e+01
3.744769874476987503e+00,7.250391236306730214e-01,7.159467918622849369e-01,7.319405320813771043e-01,1.000000000000000000e+01
3.755230125523012497e+00,7.239436619718310206e-01,6.998435054773083364e-01,7.316118935837245818e-01,1.100000000000000000e+01
3.765690376569037490e+00,7.239436619718310206e-01,7.125508607198748345e-01,7.331455399061033162e-01,1.300000000000000000e+01
3.776150627615062927e+00,7.272300469483568008e-01,6.958998435054772891e-01,7.341314553990611058e-01,1.000000000000000000e+01
3.786610878661087920e+00,7.305164319248826921e-01,7.221909233176838638e-01,7.351173708920188954e-01,7.000000000000000000e+00
3.797071129707112913e+00,7.327073552425664715e-01,6.967762128325508675e-01,7.388419405320814093e-01,9.000000000000000000e+00
3.807531380753137906e+00,7.370892018779342525e-01,7.294209702660406913e-01,7.579029733959311566e-01,1.100000000000000000e+01
3.817991631799162899e+00,7.414710485133020335e-01,7.292018779342722690e-01,7.581220657276995789e-01,1.700000000000000000e+01
3.828451882845188337e+00,7.425665101721439232e-01,7.295305164319249025e-01,7.599843505477308359e-01,1.800000000000000000e+01
3.838912133891213330e+00,7.381846635367762532e-01,7.212050078247261853e-01,7.599843505477308359e-01,1.800000000000000000e+01
3.849372384937238323e+00,7.381846635367762532e-01,7.201095461658841845e-01,7.584507042253521014e-01,1.600000000000000000e+01
3.859832635983263316e+00,7.370892018779342525e-01,7.153990610328639921e-01,7.478247261345852825e-01,1.500000000000000000e+01
3.870292887029288309e+00,7.370892018779342525e-01,7.204381846635368181e-01,7.432237871674491902e-01,9.000000000000000000e+00
3.880753138075314190e+00,7.381846635367762532e-01,7.045539906103286398e-01,7.450860719874804472e-01,1.000000000000000000e+01
3.891213389121339183e+00,7.425665101721439232e-01,7.242723004694835431e-01,7.508920187793427514e-01,1.000000000000000000e+01
3.901673640167364177e+00,7.414710485133020335e-01,7.184663536776212389e-01,7.491392801251957057e-01,1.100000000000000000e+01
3.912133891213389170e+00,7.403755868544601437e-01,7.112363067292644114e-01,7.488106416275430721e-01,1.200000000000000000e+01
3.922594142259414163e+00,7.447574334898279247e-01,7.264632237871675446e-01,7.516588419405321186e-01,1.000000000000000000e+01
3.933054393305439600e+00,7.425665101721439232e-01,7.081690140845070536e-01,7.494679186228482282e-01,1.000000000000000000e+01
3.943514644351464593e+00,7.447574334898279247e-01,7.264632237871675446e-01,7.616275430359937815e-01,1.000000000000000000e+01
3.953974895397489586e+00,7.447574334898279247e-01,7.141940532081376691e-01,7.577934272300469454e-01,1.200000000000000000e+01
3.964435146443514579e+00,7.502347417840375954e-01,7.340219092331767836e-01,8.076369327073552595e-01,1.300000000000000000e+01
3.974895397489539572e+00,7.677621283255086082e-01,7.451956181533646584e-01,8.085133020344288379e-01,1.900000000000000000e+01
3.985355648535565010e+00,7.655712050078247177e-01,7.451956181533646584e-01,8.034741784037559009e-01,1.900000000000000000e+01
3.995815899581590003e+00,7.557120500782472661e-01,-3.766666666666665386e-01,9.766666666666666829e-01,5.200000000000000000e+01
4.006276150627614996e+00,7.546165884194053763e-01,7.384037558685445646e-01,8.032550860719874786e-01,1.300000000000000000e+01
4.016736401673639989e+00,7.557120500782472661e-01,7.439906103286385575e-01,8.116901408450705180e-01,1.400000000000000000e+01
4.027196652719664982e+00,7.568075117370891558e-01,7.491392801251957057e-01,8.104851330203443061e-01,1.100000000000000000e+01
4.037656903765690863e+00,7.535211267605634866e-01,7.238341158059468095e-01,7.632707355242566161e-01,1.000000000000000000e+01
4.048117154811715857e+00,7.579029733959311566e-01,7.364319248826290965e-01,7.692957746478873426e-01,1.200000000000000000e+01
4.058577405857740850e+00,7.579029733959311566e-01,7.510015649452269626e-01,7.691862284820031315e-01,1.000000000000000000e+01
4.069037656903765843e+00,7.568075117370891558e-01,7.316118935837245818e-01,7.688575899843506090e-01,1.100000000000000000e+01
4.079497907949790836e+00,7.589984350547731573e-01,7.427856025039123455e-01,7.703912363067292324e-01,1.300000000000000000e+01
4.089958158995815829e+00,7.568075117370891558e-01,7.506729264475743291e-01,7.646948356807511393e-01,9.000000000000000000e+00
4.100418410041840822e+00,7.524256651017214859e-01,7.173708920187794602e-01,7.585602503912363126e-01,9.000000000000000000e+00
4.110878661087865815e+00,7.535211267605634866e-01,7.157276995305165146e-01,7.588888888888889461e-01,8.000000000000000000e+00
4.121338912133890808e+00,7.546165884194053763e-01,7.265727699530516448e-01,7.607511737089202031e-01,9.000000000000000000e+00
4.131799163179915801e+00,7.546165884194053763e-01,7.265727699530516448e-01,7.607511737089202031e-01,9.000000000000000000e+00
4.142259414225941683e+00,7.535211267605634866e-01,7.204381846635368181e-01,7.604225352112675695e-01,1.000000000000000000e+01
4.152719665271966676e+00,7.589984350547731573e-01,7.403755868544601437e-01,7.820031298904538408e-01,1.100000000000000000e+01
4.163179916317991669e+00,7.600938967136150470e-01,7.439906103286385575e-01,7.860563380281689883e-01,1.200000000000000000e+01
4.173640167364016662e+00,7.579029733959311566e-01,7.252582159624413327e-01,7.838654147104852088e-01,1.200000000000000000e+01
4.184100418410041655e+00,7.579029733959311566e-01,7.278873239436619569e-01,7.853990610328638322e-01,1.400000000000000000e+01
4.194560669456067536e+00,7.579029733959311566e-01,7.297496087636933249e-01,7.816744913928012073e-01,1.200000000000000000e+01
4.205020920502092530e+00,7.568075117370891558e-01,7.294209702660406913e-01,7.614084507042253591e-01,7.000000000000000000e+00
4.215481171548117523e+00,7.568075117370891558e-01,7.235054773082942869e-01,7.629420970266040936e-01,9.000000000000000000e+00
4.225941422594142516e+00,7.633802816901408272e-01,7.557120500782472661e-01,8.017214397496087441e-01,1.100000000000000000e+01
4.236401673640167509e+00,7.633802816901408272e-01,7.557120500782472661e-01,8.017214397496088552e-01,1.100000000000000000e+01
4.246861924686192502e+00,7.611893583724569368e-01,7.392801251956182540e-01,7.995305164319248536e-01,1.100000000000000000e+01
4.257322175732217495e+00,7.622848200312988265e-01,7.438810641627543463e-01,8.013928012519562216e-01,1.200000000000000000e+01
4.267782426778242488e+00,7.633802816901408272e-01,7.557120500782472661e-01,8.017214397496087441e-01,1.100000000000000000e+01
4.278242677824267481e+00,7.579029733959311566e-01,7.338028169014084723e-01,7.632707355242566161e-01,8.000000000000000000e+00
4.288702928870292475e+00,7.589984350547731573e-01,7.318309859154930042e-01,7.651330203442879840e-01,9.000000000000000000e+00
4.299163179916318356e+00,7.644757433489828280e-01,7.460719874804381258e-01,7.999687010954616984e-01,1.200000000000000000e+01
4.309623430962343349e+00,7.633802816901408272e-01,7.572456964006260005e-01,8.001877934272301207e-01,9.000000000000000000e+00
4.320083682008368342e+00,7.644757433489828280e-01,7.575743348982785230e-01,7.998591549295774872e-01,1.000000000000000000e+01
4.330543933054393335e+00,7.633802816901408272e-01,7.425665101721439232e-01,8.006259780907668544e-01,1.100000000000000000e+01
4.341004184100418328e+00,7.622848200312988265e-01,7.569170579029733670e-01,7.947104851330203390e-01,8.000000000000000000e+00
4.351464435146443321e+00,7.611893583724569368e-01,7.539593114241001093e-01,7.657902973395931401e-01,7.000000000000000000e+00
4.361924686192468315e+00,7.579029733959311566e-01,7.350078247261346842e-01,7.632707355242566161e-01,8.000000000000000000e+00
4.372384937238493308e+00,7.568075117370891558e-01,7.318309859154930042e-01,7.629420970266040936e-01,9.000000000000000000e+00
4.382845188284518301e+00,7.611893583724569368e-01,7.410328638497651887e-01,7.813458528951486848e-01,9.000000000000000000e+00
4.393305439330543294e+00,7.655712050078247177e-01,7.528638497652582195e-01,7.901095461658841357e-01,1.300000000000000000e+01
4.403765690376569175e+00,7.611893583724569368e-01,7.362128325508606741e-01,7.879186228482002452e-01,1.300000000000000000e+01
4.414225941422594168e+00,7.611893583724569368e-01,7.362128325508606741e-01,7.879186228482002452e-01,1.300000000000000000e+01
4.424686192468619161e+00,7.633802816901408272e-01,7.388419405320814093e-01,7.883568075117370899e-01,1.300000000000000000e+01
4.435146443514644155e+00,7.600938967136150470e-01,7.371987480438184637e-01,7.654616588419405065e-01,8.000000000000000000e+00
4.445606694560669148e+00,7.611893583724569368e-01,7.357746478873240514e-01,7.673239436619718745e-01,9.000000000000000000e+00
4.456066945606695029e+00,7.600938967136150470e-01,7.351173708920188954e-01,7.654616588419405065e-01,8.000000000000000000e+00
4.466527196652720022e+00,7.600938967136150470e-01,7.401564945226918324e-01,7.654616588419405065e-01,8.000000000000000000e+00
4.476987447698745015e+00,7.589984350547731573e-01,7.528638497652582195e-01,7.651330203442879840e-01,9.000000000000000000e+00
4.487447698744770008e+00,7.579029733959311566e-01,7.424569640062598230e-01,7.648043818466353505e-01,1.000000000000000000e+01
4.497907949790795001e+00,7.568075117370891558e-01,7.401564945226917214e-01,7.629420970266040936e-01,9.000000000000000000e+00
4.508368200836819994e+00,7.557120500782472661e-01,7.485915492957746498e-01,7.595461658841941022e-01,6.000000000000000000e+00
4.518828451882844988e+00,7.557120500782472661e-01,7.485915492957746498e-01,7.595461658841941022e-01,6.000000000000000000e+00
4.529288702928869981e+00,7.381846635367762532e-01,7.374178403755868860e-01,7.389514866979656205e-01,2.000000000000000000e+00
4.539748953974894974e+00,7.381846635367762532e-01,7.374178403755868860e-01,7.389514866979656205e-01,2.000000000000000000e+00
4.550209205020919967e+00,7.403755868544601437e-01,7.396087636932707765e-01,7.411424100156495109e-01,2.000000000000000000e+00
4.560669456066945848e+00,7.392801251956182540e-01,7.392801251956182540e-01,7.392801251956182540e-01,1.000000000000000000e+00
4.571129707112970841e+00,7.403755868544601437e-01,7.396087636932707765e-01,7.411424100156495109e-01,2.000000000000000000e+00
4.581589958158995834e+00,7.403755868544601437e-01,7.396087636932707765e-01,7.411424100156495109e-01,2.000000000000000000e+00
4.592050209205020828e+00,7.414710485133020335e-01,7.414710485133020335e-01,7.414710485133020335e-01,1.000000000000000000e+00
4.602510460251045821e+00,7.414710485133020335e-01,7.414710485133020335e-01,7.414710485133020335e-01,1.000000000000000000e+00
4.612970711297071702e+00,7.425665101721439232e-01,7.417996870109546670e-01,7.433333333333332904e-01,2.000000000000000000e+00
4.623430962343096695e+00,7.436619718309859239e-01,7.421283255086071895e-01,7.620657276995305152e-01,3.000000000000000000e+00
4.633891213389121688e+00,7.688575899843506090e-01,7.431142410015649791e-01,7.748826291079812245e-01,6.000000000000000000e+00
4.644351464435146681e+00,7.721439749608763892e-01,7.480438184663537049e-01,7.826604068857589969e-01,9.000000000000000000e+00
4.654811715481171674e+00,7.765258215962441701e-01,7.535211267605633756e-01,7.841940532081377313e-01,1.100000000000000000e+01
4.665271966527196668e+00,7.798122065727699503e-01,7.641471048513301945e-01,7.867136150234741443e-01,1.000000000000000000e+01
4.675732217573221661e+00,7.765258215962441701e-01,7.546165884194053763e-01,7.841940532081377313e-01,1.100000000000000000e+01
4.686192468619246654e+00,7.710485133020343884e-01,7.527543035993740084e-01,7.823317683881064744e-01,1.000000000000000000e+01
4.696652719665271647e+00,7.688575899843506090e-01,7.453051643192488696e-01,7.748826291079812245e-01,6.000000000000000000e+00
4.707112970711296640e+00,7.447574334898279247e-01,7.439906103286385575e-01,7.455242566510171809e-01,2.000000000000000000e+00
4.717573221757322521e+00,7.447574334898279247e-01,7.439906103286385575e-01,7.455242566510171809e-01,2.000000000000000000e+00
4.728033472803347514e+00,7.447574334898279247e-01,7.439906103286385575e-01,7.455242566510171809e-01,2.000000000000000000e+00
4.738493723849372508e+00,7.469483568075117041e-01,7.461815336463224480e-01,7.477151799687010714e-01,2.000000000000000000e+00
4.748953974895397501e+00,7.469483568075117041e-01,7.461815336463224480e-01,7.477151799687010714e-01,2.000000000000000000e+00
4.759414225941422494e+00,7.480438184663537049e-01,7.480438184663537049e-01,7.480438184663537049e-01,1.000000000000000000e+00
4.769874476987448375e+00,7.480438184663537049e-01,7.480438184663537049e-01,7.480438184663537049e-01,1.000000000000000000e+00
4.780334728033473368e+00,7.480438184663537049e-01,7.480438184663537049e-01,7.480438184663537049e-01,1.000000000000000000e+00
4.790794979079498361e+00,7.480438184663537049e-01,7.480438184663537049e-01,7.480438184663537049e-01,1.000000000000000000e+00
4.801255230125523354e+00,7.491392801251957057e-01,7.483724569640063384e-01,7.499061032863849618e-01,2.000000000000000000e+00
4.811715481171548348e+00,7.480438184663537049e-01,7.465101721439749705e-01,7.495774647887324393e-01,3.000000000000000000e+00
4.822175732217573341e+00,7.502347417840375954e-01,7.502347417840375954e-01,7.502347417840375954e-01,1.000000000000000000e+00
4.832635983263598334e+00,7.502347417840375954e-01,7.502347417840375954e-01,7.502347417840375954e-01,1.000000000000000000e+00
4.843096234309623327e+00,7.502347417840375954e-01,7.502347417840375954e-01,7.502347417840375954e-01,1.000000000000000000e+00
4.853556485355648320e+00,7.502347417840375954e-01,7.502347417840375954e-01,7.502347417840375954e-01,1.000000000000000000e+00
4.864016736401673313e+00,7.513302034428794851e-01,7.505633802816902289e-01,7.520970266040688523e-01,2.000000000000000000e+00
4.874476987447699194e+00,7.513302034428794851e-01,7.505633802816902289e-01,7.520970266040688523e-01,2.000000000000000000e+00
4.884937238493724188e+00,7.502347417840375954e-01,7.487010954616588609e-01,7.517683881064163298e-01,3.000000000000000000e+00
4.895397489539749181e+00,7.502347417840375954e-01,7.487010954616588609e-01,7.517683881064163298e-01,2.000000000000000000e+00
4.905857740585774174e+00,7.502347417840375954e-01,7.487010954616588609e-01,7.517683881064163298e-01,2.000000000000000000e+00
4.916317991631799167e+00,7.502347417840375954e-01,7.487010954616588609e-01,7.517683881064163298e-01,2.000000000000000000e+00
4.926778242677824160e+00,7.502347417840375954e-01,7.487010954616588609e-01,7.517683881064163298e-01,2.000000000000000000e+00
4.937238493723849153e+00,7.502347417840375954e-01,7.487010954616588609e-01,7.517683881064163298e-01,3.000000000000000000e+00
4.947698744769874146e+00,7.513302034428794851e-01,7.490297339593114945e-01,7.536306729264475868e-01,4.000000000000000000e+00
4.958158995815899139e+00,7.535211267605634866e-01,7.496870109546166505e-01,7.924100156494522373e-01,6.000000000000000000e+00
4.968619246861924132e+00,7.940532081377151830e-01,7.513302034428794851e-01,8.280125195618153189e-01,1.100000000000000000e+01
4.979079497907950014e+00,7.940532081377151830e-01,7.511111111111111738e-01,8.299843505477308980e-01,9.000000000000000000e+00
4.989539748953975007e+00,7.951486697965570727e-01,7.759780907668231142e-01,8.211111111111111249e-01,1.200000000000000000e+01
5.000000000000000000e+00,7.929577464788732932e-01,7.535211267605634866e-01,8.236306729264475379e-01,6.000000000000000000e+00
5.010460251046024993e+00,8.203442879499217577e-01,7.881377151799686676e-01,8.315179968701096325e-01,7.000000000000000000e+00
5.020920502092049986e+00,8.236306729264475379e-01,7.919718309859155037e-01,8.289984350547731085e-01,8.000000000000000000e+00
5.031380753138074979e+00,8.258215962441315394e-01,7.861658841940531994e-01,8.281220657276995301e-01,4.000000000000000000e+00
5.041841004184099972e+00,7.546165884194053763e-01,7.546165884194053763e-01,7.546165884194053763e-01,1.000000000000000000e+00
5.052301255230125854e+00,7.546165884194053763e-01,7.546165884194053763e-01,7.546165884194053763e-01,1.000000000000000000e+00
5.062761506276150847e+00,7.546165884194053763e-01,7.546165884194053763e-01,7.546165884194053763e-01,1.000000000000000000e+00
5.073221757322175840e+00,7.557120500782472661e-01,7.549452269170578989e-01,7.564788732394366333e-01,2.000000000000000000e+00
5.083682008368200833e+00,7.557120500782472661e-01,7.549452269170578989e-01,7.564788732394366333e-01,2.000000000000000000e+00
5.094142259414225826e+00,7.557120500782472661e-01,7.549452269170578989e-01,7.564788732394366333e-01,2.000000000000000000e+00
5.104602510460250819e+00,7.557120500782472661e-01,7.549452269170578989e-01,7.564788732394366333e-01,2.000000000000000000e+00
5.115062761506275812e+00,7.557120500782472661e-01,7.549452269170578989e-01,7.564788732394366333e-01,2.000000000000000000e+00
5.125523012552300806e+00,7.557120500782472661e-01,7.549452269170578989e-01,7.564788732394366333e-01,2.000000000000000000e+00
5.135983263598325799e+00,7.557120500782472661e-01,7.549452269170578989e-01,7.564788732394366333e-01,2.000000000000000000e+00
5.146443514644350792e+00,7.546165884194053763e-01,7.530829420970266419e-01,7.561502347417839998e-01,3.000000000000000000e+00
5.156903765690376673e+00,7.546165884194053763e-01,7.530829420970266419e-01,7.561502347417839998e-01,3.000000000000000000e+00
5.167364016736401666e+00,7.546165884194053763e-01,7.530829420970266419e-01,7.561502347417839998e-01,3.000000000000000000e+00
5.177824267782426659e+00,7.546165884194053763e-01,7.530829420970266419e-01,7.561502347417839998e-01,3.000000000000000000e+00
5.188284518828451652e+00,7.546165884194053763e-01,7.530829420970266419e-01,7.561502347417839998e-01,3.000000000000000000e+00
5.198744769874476646e+00,7.546165884194053763e-01,7.530829420970266419e-01,7.561502347417839998e-01,3.000000000000000000e+00
5.209205020920501639e+00,7.546165884194053763e-01,7.530829420970266419e-01,7.561502347417839998e-01,3.000000000000000000e+00
5.219665271966526632e+00,7.557120500782472661e-01,7.549452269170578989e-01,7.564788732394366333e-01,2.000000000000000000e+00
5.230125523012551625e+00,7.557120500782472661e-01,7.549452269170578989e-01,7.564788732394366333e-01,2.000000000000000000e+00
5.240585774058576618e+00,7.557120500782472661e-01,7.549452269170578989e-01,7.564788732394366333e-01,2.000000000000000000e+00
5.251046025104601611e+00,7.557120500782472661e-01,7.549452269170578989e-01,7.564788732394366333e-01,2.000000000000000000e+00
5.261506276150628381e+00,7.568075117370891558e-01,7.552738654147105324e-01,7.583411580594680013e-01,3.000000000000000000e+00
5.271966527196653374e+00,7.579029733959311566e-01,7.571361502347417893e-01,7.586697965571205238e-01,2.000000000000000000e+00
5.282426778242678367e+00,7.579029733959311566e-01,7.571361502347417893e-01,7.586697965571205238e-01,2.000000000000000000e+00
5.292887029288703360e+00,7.579029733959311566e-01,7.571361502347417893e-01,7.586697965571205238e-01,2.000000000000000000e+00
5.303347280334728353e+00,7.589984350547731573e-01,7.589984350547731573e-01,7.589984350547731573e-01,1.000000000000000000e+00
5.313807531380753346e+00,7.589984350547731573e-01,7.589984350547731573e-01,7.589984350547731573e-01,1.000000000000000000e+00
5.324267782426778339e+00,7.589984350547731573e-01,7.589984350547731573e-01,7.589984350547731573e-01,1.000000000000000000e+00
5.334728033472803332e+00,7.568075117370891558e-01,7.552738654147105324e-01,7.583411580594680013e-01,3.000000000000000000e+00
5.345188284518828326e+00,7.589984350547731573e-01,7.589984350547731573e-01,7.589984350547731573e-01,1.000000000000000000e+00
5.355648535564853319e+00,7.589984350547731573e-01,7.589984350547731573e-01,7.589984350547731573e-01,1.000000000000000000e+00
5.366108786610879200e+00,7.589984350547731573e-01,7.589984350547731573e-01,7.589984350547731573e-01,1.000000000000000000e+00
5.376569037656904193e+00,7.589984350547731573e-01,7.589984350547731573e-01,7.589984350547731573e-01,1.000000000000000000e+00
5.387029288702929186e+00,7.589984350547731573e-01,7.589984350547731573e-01,7.589984350547731573e-01,1.000000000000000000e+00
5.397489539748954179e+00,7.600938967136150470e-01,7.593270735524256798e-01,7.608607198748044143e-01,2.000000000000000000e+00
5.407949790794979172e+00,7.579029733959311566e-01,7.556025039123630549e-01,7.602034428794992582e-01,4.000000000000000000e+00
5.418410041841004166e+00,7.579029733959311566e-01,7.556025039123630549e-01,7.602034428794992582e-01,4.000000000000000000e+00
5.428870292887029159e+00,7.589984350547731573e-01,7.574647887323943118e-01,7.605320813771517807e-01,3.000000000000000000e+00
5.439330543933054152e+00,7.589984350547731573e-01,7.574647887323943118e-01,7.605320813771517807e-01,3.000000000000000000e+00
5.449790794979079145e+00,7.589984350547731573e-01,7.574647887323943118e-01,7.605320813771517807e-01,3.000000000000000000e+00
5.460251046025104138e+00,7.611893583724569368e-01,7.581220657276995789e-01,7.861658841940531994e-01,5.000000000000000000e+00
5.470711297071130019e+00,7.863849765258215108e-01,7.597652582159625245e-01,7.998591549295774872e-01,1.000000000000000000e+01
5.481171548117155012e+00,7.907668231611892917e-01,7.604225352112675695e-01,8.013928012519562216e-01,1.200000000000000000e+01
5.491631799163180006e+00,7.940532081377151830e-01,7.607511737089202031e-01,8.032550860719874786e-01,1.300000000000000000e+01
5.502092050209204999e+00,7.940532081377151830e-01,7.607511737089202031e-01,8.032550860719874786e-01,1.300000000000000000e+01
5.512552301255229992e+00,7.918622848200312925e-01,7.607511737089202031e-01,8.010641627543035881e-01,1.300000000000000000e+01
5.523012552301254985e+00,7.863849765258215108e-01,7.597652582159625245e-01,7.998591549295774872e-01,1.000000000000000000e+01
5.533472803347279978e+00,7.732394366197182789e-01,7.599843505477308359e-01,7.864945226917057219e-01,4.000000000000000000e+00
5.543933054393304971e+00,7.600938967136150470e-01,7.593270735524256798e-01,7.608607198748044143e-01,2.000000000000000000e+00
5.554393305439329964e+00,7.600938967136150470e-01,7.593270735524256798e-01,7.608607198748044143e-01,2.000000000000000000e+00
5.564853556485354957e+00,7.600938967136150470e-01,7.593270735524256798e-01,7.608607198748044143e-01,2.000000000000000000e+00
5.575313807531381727e+00,7.611893583724569368e-01,7.611893583724569368e-01,7.611893583724569368e-01,1.000000000000000000e+00
5.585774058577406720e+00,7.611893583724569368e-01,7.611893583724569368e-01,7.611893583724569368e-01,1.000000000000000000e+00
5.596234309623431713e+00,7.600938967136150470e-01,7.593270735524256798e-01,7.608607198748044143e-01,2.000000000000000000e+00
5.606694560669456706e+00,7.611893583724569368e-01,7.611893583724569368e-01,7.611893583724569368e-01,1.000000000000000000e+00
5.617154811715481699e+00,7.611893583724569368e-01,7.611893583724569368e-01,7.611893583724569368e-01,1.000000000000000000e+00
5.627615062761506692e+00,7.611893583724569368e-01,7.611893583724569368e-01,7.611893583724569368e-01,1.000000000000000000e+00
5.638075313807531685e+00,7.611893583724569368e-01,7.611893583724569368e-01,7.611893583724569368e-01,1.000000000000000000e+00
5.648535564853556679e+00,7.611893583724569368e-01,7.611893583724569368e-01,7.611893583724569368e-01,1.000000000000000000e+00
5.658995815899581672e+00,7.611893583724569368e-01,7.611893583724569368e-01,7.611893583724569368e-01,1.000000000000000000e+00
5.669456066945606665e+00,7.611893583724569368e-01,7.611893583724569368e-01,7.611893583724569368e-01,1.000000000000000000e+00
5.679916317991632546e+00,7.622848200312988265e-01,7.615179968701095703e-01,7.630516431924881937e-01,2.000000000000000000e+00
5.690376569037657539e+00,7.622848200312988265e-01,7.615179968701095703e-01,7.630516431924881937e-01,2.000000000000000000e+00
5.700836820083682532e+00,7.622848200312988265e-01,7.615179968701095703e-01,7.630516431924881937e-01,2.000000000000000000e+00
5.711297071129707525e+00,7.622848200312988265e-01,7.615179968701095703e-01,7.630516431924881937e-01,2.000000000000000000e+00
5.721757322175732519e+00,7.622848200312988265e-01,7.615179968701095703e-01,7.630516431924881937e-01,2.000000000000000000e+00
5.732217573221757512e+00,7.622848200312988265e-01,7.615179968701095703e-01,7.630516431924881937e-01,2.000000000000000000e+00
5.742677824267782505e+00,7.633802816901408272e-01,7.633802816901408272e-01,7.633802816901408272e-01,1.000000000000000000e+00
5.753138075313807498e+00,7.644757433489828280e-01,7.637089201877934608e-01,7.652425665101720842e-01,2.000000000000000000e+00
5.763598326359832491e+00,7.644757433489828280e-01,7.637089201877934608e-01,7.652425665101720842e-01,2.000000000000000000e+00
5.774058577405857484e+00,7.644757433489828280e-01,7.637089201877934608e-01,7.652425665101720842e-01,2.000000000000000000e+00
5.784518828451883365e+00,7.644757433489828280e-01,7.637089201877934608e-01,7.652425665101720842e-01,2.000000000000000000e+00
5.794979079497908359e+00,7.633802816901408272e-01,7.633802816901408272e-01,7.633802816901408272e-01,1.000000000000000000e+00
5.805439330543933352e+00,7.644757433489828280e-01,7.637089201877934608e-01,7.652425665101720842e-01,2.000000000000000000e+00
5.815899581589958345e+00,7.644757433489828280e-01,7.637089201877934608e-01,7.652425665101720842e-01,2.000000000000000000e+00
5.826359832635983338e+00,7.644757433489828280e-01,7.637089201877934608e-01,7.652425665101720842e-01,2.000000000000000000e+00
5.836820083682008331e+00,7.644757433489828280e-01,7.637089201877934608e-01,7.652425665101720842e-01,2.000000000000000000e+00
5.847280334728033324e+00,7.655712050078247177e-01,7.655712050078247177e-01,7.655712050078247177e-01,1.000000000000000000e+00
5.857740585774058317e+00,7.666666666666666075e-01,7.658998435054773513e-01,7.674334898278559747e-01,2.000000000000000000e+00
5.868200836820083310e+00,7.655712050078247177e-01,7.655712050078247177e-01,7.655712050078247177e-01,1.000000000000000000e+00
5.878661087866108304e+00,7.655712050078247177e-01,7.655712050078247177e-01,7.655712050078247177e-01,1.000000000000000000e+00
5.889121338912134185e+00,7.655712050078247177e-01,7.655712050078247177e-01,7.655712050078247177e-01,1.000000000000000000e+00
5.899581589958159178e+00,7.655712050078247177e-01,7.655712050078247177e-01,7.655712050078247177e-01,1.000000000000000000e+00
5.910041841004184171e+00,7.655712050078247177e-01,7.655712050078247177e-01,7.655712050078247177e-01,1.000000000000000000e+00
5.920502092050209164e+00,7.666666666666666075e-01,7.658998435054773513e-01,7.674334898278559747e-01,2.000000000000000000e+00
5.930962343096234157e+00,7.688575899843506090e-01,7.665571205007825073e-01,7.711580594679185996e-01,4.000000000000000000e+00
5.941422594142259150e+00,7.688575899843506090e-01,7.665571205007825073e-01,7.711580594679185996e-01,4.000000000000000000e+00
5.951882845188284143e+00,7.677621283255086082e-01,7.662284820031298738e-01,7.708294209702660771e-01,3.000000000000000000e+00
5.962343096234309137e+00,8.115805946791863068e-01,7.675430359937401859e-01,8.315179968701096325e-01,7.000000000000000000e+00
5.972803347280334130e+00,8.214397496087637585e-01,7.692957746478873426e-01,8.349139280125196239e-01,1.000000000000000000e+01
5.983263598326359123e+00,8.126760563380281965e-01,7.722535211267606003e-01,8.289984350547731085e-01,8.000000000000000000e+00
5.993723849372385004e+00,8.148669796557119760e-01,-3.773239436619716947e-01,9.773239436619718390e-01,5.000000000000000000e+01
6.004184100418409997e+00,8.148669796557119760e-01,-3.779812206572767952e-01,9.779812206572769950e-01,4.800000000000000000e+01
6.014644351464434990e+00,8.137715179968700863e-01,7.736776212832551236e-01,8.299843505477308980e-01,7.000000000000000000e+00
6.025104602510459983e+00,8.291079812206573196e-01,7.817840375586855295e-01,8.352425665101721464e-01,9.000000000000000000e+00
6.035564853556484977e+00,7.743348982785602796e-01,7.697339593114240763e-01,8.157433489827855544e-01,3.000000000000000000e+00
6.046025104602509970e+00,7.710485133020343884e-01,7.687480438184663978e-01,7.733489827856024901e-01,2.000000000000000000e+00
6.056485355648534963e+00,7.677621283255086082e-01,7.677621283255086082e-01,7.677621283255086082e-01,1.000000000000000000e+00
6.066945606694559956e+00,7.677621283255086082e-01,7.677621283255086082e-01,7.677621283255086082e-01,1.000000000000000000e+00
6.077405857740584949e+00,7.677621283255086082e-01,7.677621283255086082e-01,7.677621283255086082e-01,1.000000000000000000e+00
6.087866108786609942e+00,7.677621283255086082e-01,7.677621283255086082e-01,7.677621283255086082e-01,1.000000000000000000e+00
6.098326359832636712e+00,7.688575899843506090e-01,7.680907668231612417e-01,7.696244131455398652e-01,2.000000000000000000e+00
6.108786610878661705e+00,7.688575899843506090e-01,7.680907668231612417e-01,7.696244131455398652e-01,2.000000000000000000e+00
6.119246861924686698e+00,7.699530516431924987e-01,7.684194053208137642e-01,7.730203442879499676e-01,3.000000000000000000e+00
6.129707112970711691e+00,7.688575899843506090e-01,7.680907668231612417e-01,7.696244131455398652e-01,2.000000000000000000e+00
6.140167364016736684e+00,7.699530516431924987e-01,7.699530516431924987e-01,7.699530516431924987e-01,1.000000000000000000e+00
6.150627615062761677e+00,7.699530516431924987e-01,7.699530516431924987e-01,7.699530516431924987e-01,1.000000000000000000e+00
6.161087866108786670e+00,7.699530516431924987e-01,7.699530516431924987e-01,7.699530516431924987e-01,1.000000000000000000e+00
6.171548117154811663e+00,7.699530516431924987e-01,7.699530516431924987e-01,7.699530516431924987e-01,1.000000000000000000e+00
6.182008368200836657e+00,7.699530516431924987e-01,7.699530516431924987e-01,7.699530516431924987e-01,1.000000000000000000e+00
6.192468619246861650e+00,7.721439749608763892e-01,7.706103286384976547e-01,7.736776212832551236e-01,2.000000000000000000e+00
6.202928870292887531e+00,7.721439749608763892e-01,7.706103286384976547e-01,7.736776212832551236e-01,3.000000000000000000e+00
6.213389121338912524e+00,7.721439749608763892e-01,7.706103286384976547e-01,7.736776212832551236e-01,3.000000000000000000e+00
6.223849372384937517e+00,7.721439749608763892e-01,7.706103286384976547e-01,7.736776212832551236e-01,3.000000000000000000e+00
6.234309623430962510e+00,7.721439749608763892e-01,7.706103286384976547e-01,7.736776212832551236e-01,3.000000000000000000e+00
6.244769874476987503e+00,7.721439749608763892e-01,7.706103286384976547e-01,7.736776212832551236e-01,3.000000000000000000e+00
6.255230125523012497e+00,7.721439749608763892e-01,7.706103286384976547e-01,7.736776212832551236e-01,3.000000000000000000e+00
6.265690376569037490e+00,7.721439749608763892e-01,7.706103286384976547e-01,7.736776212832551236e-01,3.000000000000000000e+00
6.276150627615062483e+00,7.721439749608763892e-01,7.706103286384976547e-01,7.736776212832551236e-01,3.000000000000000000e+00
6.286610878661087476e+00,7.721439749608763892e-01,7.706103286384976547e-01,7.736776212832551236e-01,3.000000000000000000e+00
6.297071129707112469e+00,7.852895148669796210e-01,7.715962441314554443e-01,8.006259780907668544e-01,6.000000000000000000e+00
6.307531380753138350e+00,7.973395931142410742e-01,7.729107981220657564e-01,8.064319248826291586e-01,1.000000000000000000e+01
6.317991631799163343e+00,8.017214397496088552e-01,7.790453834115805831e-01,8.086228482003129381e-01,1.000000000000000000e+01
6.328451882845188337e+00,8.028169014084507449e-01,7.809076682316118401e-01,8.104851330203443061e-01,1.100000000000000000e+01
6.338912133891213330e+00,8.028169014084507449e-01,7.809076682316118401e-01,8.104851330203443061e-01,1.100000000000000000e+01
6.349372384937238323e+00,8.017214397496088552e-01,7.790453834115805831e-01,8.086228482003129381e-01,1.000000000000000000e+01
6.359832635983263316e+00,7.984350547730829639e-01,7.918622848200312925e-01,8.074178403755869482e-01,7.000000000000000000e+00
6.370292887029288309e+00,7.962441314553990734e-01,7.793740219092332167e-01,7.977777777777778079e-01,3.000000000000000000e+00
6.380753138075313302e+00,7.732394366197183899e-01,7.724726134585290227e-01,7.740062597809076461e-01,2.000000000000000000e+00
6.391213389121338295e+00,7.721439749608763892e-01,7.721439749608763892e-01,7.721439749608763892e-01,1.000000000000000000e+00
6.401673640167363288e+00,7.721439749608763892e-01,7.721439749608763892e-01,7.721439749608763892e-01,1.000000000000000000e+00
6.412133891213390058e+00,7.721439749608763892e-01,7.721439749608763892e-01,7.721439749608763892e-01,1.000000000000000000e+00
6.422594142259415051e+00,7.721439749608763892e-01,7.721439749608763892e-01,7.721439749608763892e-01,1.000000000000000000e+00
6.433054393305440044e+00,7.721439749608763892e-01,7.721439749608763892e-01,7.721439749608763892e-01,1.000000000000000000e+00
6.443514644351465037e+00,7.721439749608763892e-01,7.721439749608763892e-01,7.721439749608763892e-01,1.000000000000000000e+00
6.453974895397490030e+00,7.732394366197183899e-01,7.724726134585290227e-01,7.740062597809076461e-01,2.000000000000000000e+00
6.464435146443515023e+00,7.732394366197183899e-01,7.724726134585290227e-01,7.740062597809076461e-01,2.000000000000000000e+00
6.474895397489540017e+00,7.732394366197183899e-01,7.724726134585290227e-01,7.740062597809076461e-01,2.000000000000000000e+00
6.485355648535565010e+00,7.732394366197183899e-01,7.724726134585290227e-01,7.740062597809076461e-01,2.000000000000000000e+00
6.495815899581590003e+00,7.732394366197183899e-01,7.724726134585290227e-01,7.740062597809076461e-01,2.000000000000000000e+00
6.506276150627614996e+00,7.732394366197183899e-01,7.724726134585290227e-01,7.740062597809076461e-01,2.000000000000000000e+00
6.516736401673640877e+00,7.732394366197183899e-01,7.724726134585290227e-01,7.740062597809076461e-01,2.000000000000000000e+00
6.527196652719665870e+00,7.732394366197183899e-01,7.724726134585290227e-01,7.740062597809076461e-01,2.000000000000000000e+00
6.537656903765690863e+00,7.743348982785602796e-01,7.728012519561815452e-01,7.758685446009390141e-01,3.000000000000000000e+00
6.548117154811715857e+00,7.754303599374021694e-01,7.746635367762129132e-01,7.761971830985915366e-01,2.000000000000000000e+00
6.558577405857740850e+00,7.754303599374021694e-01,7.746635367762129132e-01,7.761971830985915366e-01,2.000000000000000000e+00
6.569037656903765843e+00,7.754303599374021694e-01,7.746635367762129132e-01,7.761971830985915366e-01,2.000000000000000000e+00
6.579497907949790836e+00,7.743348982785602796e-01,7.743348982785602796e-01,7.743348982785602796e-01,1.000000000000000000e+00
6.589958158995815829e+00,7.743348982785602796e-01,7.743348982785602796e-01,7.743348982785602796e-01,1.000000000000000000e+00
6.600418410041840822e+00,7.743348982785602796e-01,7.743348982785602796e-01,7.743348982785602796e-01,1.000000000000000000e+00
6.610878661087865815e+00,7.743348982785602796e-01,7.743348982785602796e-01,7.743348982785602796e-01,1.000000000000000000e+00
6.621338912133891696e+00,7.743348982785602796e-01,7.743348982785602796e-01,7.743348982785602796e-01,1.000000000000000000e+00
6.631799163179916690e+00,7.743348982785602796e-01,7.743348982785602796e-01,7.743348982785602796e-01,1.000000000000000000e+00
6.642259414225941683e+00,7.754303599374021694e-01,7.746635367762129132e-01,7.761971830985915366e-01,2.000000000000000000e+00
6.652719665271966676e+00,7.754303599374021694e-01,7.746635367762129132e-01,7.761971830985915366e-01,2.000000000000000000e+00
6.663179916317991669e+00,7.743348982785602796e-01,7.743348982785602796e-01,7.743348982785602796e-01,1.000000000000000000e+00
6.673640167364016662e+00,7.754303599374021694e-01,7.746635367762129132e-01,7.761971830985915366e-01,2.000000000000000000e+00
6.684100418410041655e+00,7.754303599374021694e-01,7.746635367762129132e-01,7.761971830985915366e-01,2.000000000000000000e+00
6.694560669456066648e+00,7.754303599374021694e-01,7.746635367762129132e-01,7.761971830985915366e-01,2.000000000000000000e+00
6.705020920502091641e+00,7.754303599374021694e-01,7.746635367762129132e-01,7.761971830985915366e-01,2.000000000000000000e+00
6.715481171548116635e+00,7.754303599374021694e-01,7.746635367762129132e-01,7.761971830985915366e-01,2.000000000000000000e+00
6.725941422594142516e+00,7.754303599374021694e-01,7.746635367762129132e-01,7.761971830985915366e-01,2.000000000000000000e+00
6.736401673640167509e+00,7.754303599374021694e-01,7.746635367762129132e-01,7.761971830985915366e-01,2.000000000000000000e+00
6.746861924686192502e+00,7.765258215962441701e-01,7.749921752738654357e-01,7.780594679186229046e-01,3.000000000000000000e+00
6.757322175732217495e+00,7.765258215962441701e-01,7.749921752738654357e-01,7.780594679186229046e-01,3.000000000000000000e+00
6.767782426778242488e+00,7.765258215962441701e-01,7.749921752738654357e-01,7.780594679186229046e-01,3.000000000000000000e+00
6.778242677824267481e+00,7.776212832550861709e-01,7.768544600938968037e-01,7.783881064162754271e-01,2.000000000000000000e+00
6.788702928870292475e+00,7.776212832550861709e-01,7.768544600938968037e-01,7.783881064162754271e-01,2.000000000000000000e+00
6.799163179916317468e+00,7.776212832550861709e-01,7.768544600938968037e-01,7.783881064162754271e-01,2.000000000000000000e+00
6.809623430962342461e+00,7.776212832550861709e-01,7.768544600938968037e-01,7.783881064162754271e-01,2.000000000000000000e+00
6.820083682008367454e+00,7.776212832550861709e-01,7.768544600938968037e-01,7.783881064162754271e-01,2.000000000000000000e+00
6.830543933054393335e+00,7.776212832550861709e-01,7.768544600938968037e-01,7.783881064162754271e-01,2.000000000000000000e+00
6.841004184100418328e+00,7.776212832550861709e-01,7.768544600938968037e-01,7.783881064162754271e-01,2.000000000000000000e+00
6.851464435146443321e+00,7.765258215962441701e-01,7.765258215962441701e-01,7.765258215962441701e-01,1.000000000000000000e+00
6.861924686192468315e+00,7.765258215962441701e-01,7.765258215962441701e-01,7.765258215962441701e-01,1.000000000000000000e+00
6.872384937238493308e+00,7.765258215962441701e-01,7.765258215962441701e-01,7.765258215962441701e-01,1.000000000000000000e+00
6.882845188284518301e+00,7.765258215962441701e-01,7.765258215962441701e-01,7.765258215962441701e-01,1.000000000000000000e+00
6.893305439330543294e+00,7.765258215962441701e-01,7.765258215962441701e-01,7.765258215962441701e-01,1.000000000000000000e+00
6.903765690376568287e+00,7.765258215962441701e-01,7.765258215962441701e-01,7.765258215962441701e-01,1.000000000000000000e+00
6.914225941422593280e+00,7.776212832550861709e-01,7.768544600938968037e-01,7.783881064162754271e-01,2.000000000000000000e+00
6.924686192468618273e+00,7.765258215962441701e-01,7.765258215962441701e-01,7.765258215962441701e-01,1.000000000000000000e+00
6.935146443514645043e+00,7.765258215962441701e-01,7.765258215962441701e-01,7.765258215962441701e-01,1.000000000000000000e+00
6.945606694560670036e+00,7.765258215962441701e-01,7.765258215962441701e-01,7.765258215962441701e-01,1.000000000000000000e+00
6.956066945606695029e+00,7.918622848200312925e-01,7.811267605633802624e-01,7.933959311424100269e-01,3.000000000000000000e+00
6.966527196652720022e+00,8.159624413145539767e-01,7.880281690140844564e-01,8.406103286384976059e-01,6.000000000000000000e+00
6.976987447698745015e+00,8.367762128325508808e-01,7.919718309859155037e-01,8.443348982785602308e-01,8.000000000000000000e+00
6.987447698744770008e+00,7.951486697965570727e-01,7.844131455399061537e-01,8.342566510172143568e-01,1.200000000000000000e+01
6.997907949790795001e+00,7.940532081377151830e-01,7.784976525821596383e-01,8.367762128325508808e-01,7.000000000000000000e+00
7.008368200836819994e+00,7.940532081377151830e-01,7.784976525821596383e-01,8.367762128325508808e-01,7.000000000000000000e+00
7.018828451882844988e+00,8.356807511737089911e-01,7.813458528951486848e-01,8.440062597809077083e-01,9.000000000000000000e+00
7.029288702928869981e+00,8.389671361502346603e-01,7.781690140845071157e-01,8.428012519561814964e-01,6.000000000000000000e+00
7.039748953974895862e+00,7.776212832550861709e-01,7.768544600938968037e-01,7.783881064162754271e-01,2.000000000000000000e+00
7.050209205020920855e+00,7.776212832550861709e-01,7.768544600938968037e-01,7.783881064162754271e-01,2.000000000000000000e+00
7.060669456066945848e+00,7.776212832550861709e-01,7.768544600938968037e-01,7.783881064162754271e-01,2.000000000000000000e+00
7.071129707112970841e+00,7.776212832550861709e-01,7.768544600938968037e-01,7.783881064162754271e-01,2.000000000000000000e+00
7.081589958158995834e+00,7.776212832550861709e-01,7.768544600938968037e-01,7.783881064162754271e-01,2.000000000000000000e+00
7.092050209205020828e+00,7.776212832550861709e-01,7.768544600938968037e-01,7.783881064162754271e-01,2.000000000000000000e+00
7.102510460251045821e+00,7.776212832550861709e-01,7.768544600938968037e-01,7.783881064162754271e-01,2.000000000000000000e+00
7.112970711297070814e+00,7.776212832550861709e-01,7.768544600938968037e-01,7.783881064162754271e-01,2.000000000000000000e+00
7.123430962343095807e+00,7.787167449139280606e-01,7.771830985915493262e-01,7.971205007824725408e-01,3.000000000000000000e+00
7.133891213389120800e+00,8.061032863849765251e-01,7.967918622848200183e-01,8.121283255086072517e-01,6.000000000000000000e+00
7.144351464435146681e+00,8.082942097026604156e-01,8.007355242566510656e-01,8.136619718309858751e-01,8.000000000000000000e+00
7.154811715481171674e+00,8.093896713615023053e-01,7.988732394366196976e-01,8.155242566510172431e-01,9.000000000000000000e+00
7.165271966527196668e+00,8.104851330203443061e-01,7.970109546165884407e-01,8.173865414710485000e-01,1.000000000000000000e+01
7.175732217573221661e+00,8.082942097026604156e-01,7.856181533646322546e-01,8.151956181533646095e-01,1.000000000000000000e+01
7.186192468619246654e+00,8.082942097026604156e-01,8.007355242566510656e-01,8.136619718309858751e-01,8.000000000000000000e+00
7.196652719665271647e+00,8.061032863849765251e-01,7.967918622848200183e-01,8.121283255086072517e-01,6.000000000000000000e+00
7.207112970711296640e+00,7.918622848200312925e-01,7.826604068857589969e-01,8.010641627543035881e-01,2.000000000000000000e+00
7.217573221757321633e+00,7.787167449139280606e-01,7.787167449139280606e-01,7.787167449139280606e-01,1.000000000000000000e+00
7.228033472803346626e+00,7.787167449139280606e-01,7.787167449139280606e-01,7.787167449139280606e-01,1.000000000000000000e+00
7.238493723849371619e+00,7.787167449139280606e-01,7.787167449139280606e-01,7.787167449139280606e-01,1.000000000000000000e+00
7.248953974895398389e+00,7.787167449139280606e-01,7.787167449139280606e-01,7.787167449139280606e-01,1.000000000000000000e+00
7.259414225941423382e+00,7.787167449139280606e-01,7.787167449139280606e-01,7.787167449139280606e-01,1.000000000000000000e+00
7.269874476987448375e+00,7.798122065727699503e-01,7.790453834115805831e-01,7.805790297339593176e-01,2.000000000000000000e+00
7.280334728033473368e+00,7.798122065727699503e-01,7.790453834115805831e-01,7.805790297339593176e-01,2.000000000000000000e+00
7.290794979079498361e+00,7.798122065727699503e-01,7.790453834115805831e-01,7.805790297339593176e-01,2.000000000000000000e+00
7.301255230125523354e+00,7.798122065727699503e-01,7.790453834115805831e-01,7.805790297339593176e-01,2.000000000000000000e+00
7.311715481171548348e+00,7.798122065727699503e-01,7.790453834115805831e-01,7.805790297339593176e-01,2.000000000000000000e+00
7.322175732217573341e+00,7.798122065727699503e-01,7.790453834115805831e-01,7.805790297339593176e-01,2.000000000000000000e+00
7.332635983263598334e+00,7.798122065727699503e-01,7.790453834115805831e-01,7.805790297339593176e-01,2.000000000000000000e+00
7.343096234309623327e+00,7.798122065727699503e-01,7.790453834115805831e-01,7.805790297339593176e-01,2.000000000000000000e+00
7.353556485355649208e+00,7.798122065727699503e-01,7.790453834115805831e-01,7.805790297339593176e-01,2.000000000000000000e+00
7.364016736401674201e+00,7.798122065727699503e-01,7.790453834115805831e-01,7.805790297339593176e-01,2.000000000000000000e+00
7.374476987447699194e+00,7.809076682316118401e-01,7.809076682316118401e-01,7.809076682316118401e-01,1.000000000000000000e+00
7.384937238493724188e+00,7.809076682316118401e-01,7.809076682316118401e-01,7.809076682316118401e-01,1.000000000000000000e+00
7.395397489539749181e+00,7.809076682316118401e-01,7.809076682316118401e-01,7.809076682316118401e-01,1.000000000000000000e+00
7.405857740585774174e+00,7.809076682316118401e-01,7.809076682316118401e-01,7.809076682316118401e-01,1.000000000000000000e+00
7.416317991631799167e+00,7.809076682316118401e-01,7.809076682316118401e-01,7.809076682316118401e-01,1.000000000000000000e+00
7.426778242677824160e+00,7.809076682316118401e-01,7.809076682316118401e-01,7.809076682316118401e-01,1.000000000000000000e+00
7.437238493723849153e+00,7.809076682316118401e-01,7.809076682316118401e-01,7.809076682316118401e-01,1.000000000000000000e+00
7.447698744769874146e+00,7.809076682316118401e-01,7.809076682316118401e-01,7.809076682316118401e-01,1.000000000000000000e+00
7.458158995815900028e+00,7.820031298904538408e-01,7.812363067292644736e-01,7.827699530516432080e-01,2.000000000000000000e+00
7.468619246861925021e+00,7.820031298904538408e-01,7.812363067292644736e-01,7.827699530516432080e-01,2.000000000000000000e+00
7.479079497907950014e+00,7.820031298904538408e-01,7.812363067292644736e-01,7.827699530516432080e-01,2.000000000000000000e+00
7.489539748953975007e+00,7.820031298904538408e-01,7.812363067292644736e-01,7.827699530516432080e-01,2.000000000000000000e+00
7.500000000000000000e+00,7.820031298904538408e-01,7.812363067292644736e-01,7.827699530516432080e-01,2.000000000000000000e+00
7.510460251046024993e+00,7.820031298904538408e-01,7.812363067292644736e-01,7.827699530516432080e-01,2.000000000000000000e+00
7.520920502092049986e+00,7.820031298904538408e-01,7.812363067292644736e-01,7.827699530516432080e-01,2.000000000000000000e+00
7.531380753138074979e+00,7.820031298904538408e-01,7.812363067292644736e-01,7.827699530516432080e-01,2.000000000000000000e+00
7.541841004184099972e+00,7.820031298904538408e-01,7.812363067292644736e-01,7.827699530516432080e-01,2.000000000000000000e+00
7.552301255230125854e+00,7.820031298904538408e-01,7.812363067292644736e-01,7.827699530516432080e-01,2.000000000000000000e+00
7.562761506276150847e+00,7.820031298904538408e-01,7.812363067292644736e-01,7.827699530516432080e-01,2.000000000000000000e+00
7.573221757322175840e+00,7.820031298904538408e-01,7.812363067292644736e-01,7.827699530516432080e-01,2.000000000000000000e+00
7.583682008368200833e+00,7.820031298904538408e-01,7.812363067292644736e-01,7.827699530516432080e-01,2.000000000000000000e+00
7.594142259414225826e+00,7.820031298904538408e-01,7.812363067292644736e-01,7.827699530516432080e-01,2.000000000000000000e+00
7.604602510460250819e+00,7.820031298904538408e-01,7.812363067292644736e-01,7.827699530516432080e-01,2.000000000000000000e+00
7.615062761506275812e+00,7.820031298904538408e-01,7.812363067292644736e-01,7.827699530516432080e-01,2.000000000000000000e+00
7.625523012552300806e+00,7.820031298904538408e-01,7.812363067292644736e-01,7.827699530516432080e-01,2.000000000000000000e+00
7.635983263598325799e+00,7.820031298904538408e-01,7.812363067292644736e-01,7.827699530516432080e-01,2.000000000000000000e+00
7.646443514644350792e+00,7.830985915492958416e-01,7.830985915492958416e-01,7.830985915492958416e-01,1.000000000000000000e+00
7.656903765690376673e+00,7.830985915492958416e-01,7.830985915492958416e-01,7.830985915492958416e-01,1.000000000000000000e+00
7.667364016736401666e+00,7.830985915492958416e-01,7.830985915492958416e-01,7.830985915492958416e-01,1.000000000000000000e+00
7.677824267782426659e+00,7.830985915492958416e-01,7.830985915492958416e-01,7.830985915492958416e-01,1.000000000000000000e+00
7.688284518828451652e+00,7.830985915492958416e-01,7.830985915492958416e-01,7.830985915492958416e-01,1.000000000000000000e+00
7.698744769874476646e+00,7.830985915492958416e-01,7.830985915492958416e-01,7.830985915492958416e-01,1.000000000000000000e+00
7.709205020920501639e+00,7.820031298904538408e-01,7.812363067292644736e-01,7.827699530516432080e-01,2.000000000000000000e+00
7.719665271966526632e+00,7.830985915492958416e-01,7.830985915492958416e-01,7.830985915492958416e-01,1.000000000000000000e+00
7.730125523012551625e+00,7.830985915492958416e-01,7.830985915492958416e-01,7.830985915492958416e-01,1.000000000000000000e+00
7.740585774058576618e+00,7.830985915492958416e-01,7.830985915492958416e-01,7.830985915492958416e-01,1.000000000000000000e+00
7.751046025104601611e+00,7.830985915492958416e-01,7.830985915492958416e-01,7.830985915492958416e-01,1.000000000000000000e+00
7.761506276150628381e+00,7.830985915492958416e-01,7.830985915492958416e-01,7.830985915492958416e-01,1.000000000000000000e+00
7.771966527196653374e+00,7.830985915492958416e-01,7.830985915492958416e-01,7.830985915492958416e-01,1.000000000000000000e+00
7.782426778242678367e+00,7.820031298904538408e-01,7.812363067292644736e-01,7.827699530516432080e-01,2.000000000000000000e+00
7.792887029288703360e+00,7.820031298904538408e-01,7.812363067292644736e-01,7.827699530516432080e-01,2.000000000000000000e+00
7.803347280334728353e+00,7.820031298904538408e-01,7.812363067292644736e-01,7.827699530516432080e-01,2.000000000000000000e+00
7.813807531380753346e+00,7.820031298904538408e-01,7.812363067292644736e-01,7.827699530516432080e-01,2.000000000000000000e+00
7.824267782426778339e+00,7.820031298904538408e-01,7.812363067292644736e-01,7.827699530516432080e-01,2.000000000000000000e+00
7.834728033472803332e+00,7.820031298904538408e-01,7.812363067292644736e-01,7.827699530516432080e-01,2.000000000000000000e+00
7.845188284518828326e+00,7.820031298904538408e-01,7.812363067292644736e-01,7.827699530516432080e-01,2.000000000000000000e+00
7.855648535564853319e+00,7.820031298904538408e-01,7.812363067292644736e-01,7.827699530516432080e-01,2.000000000000000000e+00
7.866108786610879200e+00,7.820031298904538408e-01,7.812363067292644736e-01,7.827699530516432080e-01,2.000000000000000000e+00
7.876569037656904193e+00,7.820031298904538408e-01,7.812363067292644736e-01,7.827699530516432080e-01,2.000000000000000000e+00
7.887029288702929186e+00,7.830985915492958416e-01,7.815649452269169961e-01,7.846322378716744650e-01,3.000000000000000000e+00
7.897489539748954179e+00,7.830985915492958416e-01,7.815649452269169961e-01,7.846322378716744650e-01,3.000000000000000000e+00
7.907949790794979172e+00,7.841940532081377313e-01,7.834272300469483641e-01,7.849608763693270985e-01,2.000000000000000000e+00
7.918410041841004166e+00,7.841940532081377313e-01,7.834272300469483641e-01,7.849608763693270985e-01,2.000000000000000000e+00
7.928870292887029159e+00,7.841940532081377313e-01,7.834272300469483641e-01,7.849608763693270985e-01,2.000000000000000000e+00
7.939330543933054152e+00,7.841940532081377313e-01,7.834272300469483641e-01,7.849608763693270985e-01,2.000000000000000000e+00
7.949790794979079145e+00,7.841940532081377313e-01,7.834272300469483641e-01,7.849608763693270985e-01,2.000000000000000000e+00
7.960251046025104138e+00,7.841940532081377313e-01,7.834272300469483641e-01,7.849608763693270985e-01,2.000000000000000000e+00
7.970711297071130019e+00,8.367762128325508808e-01,7.832081377151800528e-01,8.421439749608763403e-01,8.000000000000000000e+00
7.981171548117155012e+00,8.367762128325508808e-01,7.847417840375586762e-01,8.449921752738653868e-01,6.000000000000000000e+00
7.991631799163180006e+00,8.334898278560249896e-01,-3.802816901408450079e-01,9.802816901408450967e-01,4.100000000000000000e+01
8.002092050209204999e+00,8.345852895148669903e-01,-3.799530516431924299e-01,9.799530516431924632e-01,4.200000000000000000e+01
8.012552301255229992e+00,8.356807511737089911e-01,7.844131455399061537e-01,8.453208137715180204e-01,5.000000000000000000e+00
8.023012552301254985e+00,8.389671361502346603e-01,7.878090766823161450e-01,8.443348982785602308e-01,8.000000000000000000e+00
8.033472803347279978e+00,8.126760563380281965e-01,7.840845070422535201e-01,8.412676056338027619e-01,4.000000000000000000e+00
8.043933054393304971e+00,7.830985915492958416e-01,7.815649452269169961e-01,7.846322378716744650e-01,3.000000000000000000e+00
8.054393305439329964e+00,7.830985915492958416e-01,7.815649452269169961e-01,7.846322378716744650e-01,3.000000000000000000e+00
8.064853556485354957e+00,7.830985915492958416e-01,7.815649452269169961e-01,7.846322378716744650e-01,3.000000000000000000e+00
8.075313807531381727e+00,7.830985915492958416e-01,7.815649452269169961e-01,7.846322378716744650e-01,3.000000000000000000e+00
8.085774058577406720e+00,7.830985915492958416e-01,7.815649452269169961e-01,7.846322378716744650e-01,3.000000000000000000e+00
8.096234309623431713e+00,7.830985915492958416e-01,7.815649452269169961e-01,7.846322378716744650e-01,3.000000000000000000e+00
8.106694560669456706e+00,7.830985915492958416e-01,7.815649452269169961e-01,7.846322378716744650e-01,3.000000000000000000e+00
8.117154811715481699e+00,7.830985915492958416e-01,7.815649452269169961e-01,7.846322378716744650e-01,3.000000000000000000e+00
8.127615062761506692e+00,7.830985915492958416e-01,7.815649452269169961e-01,7.846322378716744650e-01,3.000000000000000000e+00
8.138075313807531685e+00,7.830985915492958416e-01,7.815649452269169961e-01,7.846322378716744650e-01,3.000000000000000000e+00
8.148535564853556679e+00,7.830985915492958416e-01,7.815649452269169961e-01,7.846322378716744650e-01,3.000000000000000000e+00
8.158995815899581672e+00,7.830985915492958416e-01,7.815649452269169961e-01,7.846322378716744650e-01,3.000000000000000000e+00
8.169456066945606665e+00,7.852895148669796210e-01,7.852895148669796210e-01,7.852895148669796210e-01,1.000000000000000000e+00
8.179916317991631658e+00,7.852895148669796210e-01,7.852895148669796210e-01,7.852895148669796210e-01,1.000000000000000000e+00
8.190376569037656651e+00,7.852895148669796210e-01,7.852895148669796210e-01,7.852895148669796210e-01,1.000000000000000000e+00
8.200836820083681644e+00,7.852895148669796210e-01,7.852895148669796210e-01,7.852895148669796210e-01,1.000000000000000000e+00
8.211297071129706637e+00,7.852895148669796210e-01,7.852895148669796210e-01,7.852895148669796210e-01,1.000000000000000000e+00
8.221757322175731630e+00,7.863849765258215108e-01,7.856181533646322546e-01,7.871517996870108780e-01,2.000000000000000000e+00
8.232217573221756624e+00,7.852895148669796210e-01,7.822222222222221522e-01,7.868231611893583555e-01,3.000000000000000000e+00
8.242677824267781617e+00,7.863849765258215108e-01,7.856181533646322546e-01,7.871517996870108780e-01,2.000000000000000000e+00
8.253138075313806610e+00,7.863849765258215108e-01,7.856181533646322546e-01,7.871517996870108780e-01,2.000000000000000000e+00
8.263598326359831603e+00,7.863849765258215108e-01,7.856181533646322546e-01,7.871517996870108780e-01,2.000000000000000000e+00
8.274058577405856596e+00,7.863849765258215108e-01,7.856181533646322546e-01,7.871517996870108780e-01,2.000000000000000000e+00
8.284518828451883365e+00,7.863849765258215108e-01,7.856181533646322546e-01,7.871517996870108780e-01,2.000000000000000000e+00
8.294979079497908359e+00,7.863849765258215108e-01,7.856181533646322546e-01,7.871517996870108780e-01,2.000000000000000000e+00
8.305439330543933352e+00,7.841940532081377313e-01,7.818935837245696296e-01,7.864945226917057219e-01,2.000000000000000000e+00
8.315899581589958345e+00,7.830985915492958416e-01,7.815649452269169961e-01,7.861658841940531994e-01,3.000000000000000000e+00
8.326359832635983338e+00,7.830985915492958416e-01,7.815649452269169961e-01,7.861658841940531994e-01,3.000000000000000000e+00
8.336820083682008331e+00,7.830985915492958416e-01,7.815649452269169961e-01,7.861658841940531994e-01,3.000000000000000000e+00
8.347280334728033324e+00,7.830985915492958416e-01,7.815649452269169961e-01,7.861658841940531994e-01,3.000000000000000000e+00
8.357740585774058317e+00,7.830985915492958416e-01,7.815649452269169961e-01,7.861658841940531994e-01,3.000000000000000000e+00
8.368200836820083310e+00,7.830985915492958416e-01,7.815649452269169961e-01,7.861658841940531994e-01,3.000000000000000000e+00
8.378661087866108304e+00,7.830985915492958416e-01,7.815649452269169961e-01,7.861658841940531994e-01,3.000000000000000000e+00
8.389121338912135073e+00,7.830985915492958416e-01,7.815649452269169961e-01,7.861658841940531994e-01,3.000000000000000000e+00
8.399581589958160066e+00,7.830985915492958416e-01,7.815649452269169961e-01,7.861658841940531994e-01,3.000000000000000000e+00
8.410041841004185059e+00,7.830985915492958416e-01,7.815649452269169961e-01,7.861658841940531994e-01,3.000000000000000000e+00
8.420502092050210052e+00,7.830985915492958416e-01,7.815649452269169961e-01,7.861658841940531994e-01,3.000000000000000000e+00
8.430962343096235045e+00,7.885758998435055123e-01,7.878090766823161450e-01,7.893427230046947685e-01,2.000000000000000000e+00
8.441422594142260039e+00,7.885758998435055123e-01,7.878090766823161450e-01,7.893427230046947685e-01,2.000000000000000000e+00
8.451882845188285032e+00,7.885758998435055123e-01,7.878090766823161450e-01,7.893427230046947685e-01,2.000000000000000000e+00
8.462343096234310025e+00,7.885758998435055123e-01,7.878090766823161450e-01,7.893427230046947685e-01,2.000000000000000000e+00
8.472803347280335018e+00,7.885758998435055123e-01,7.878090766823161450e-01,7.893427230046947685e-01,2.000000000000000000e+00
8.483263598326360011e+00,7.885758998435055123e-01,7.878090766823161450e-01,7.893427230046947685e-01,2.000000000000000000e+00
8.493723849372385004e+00,7.885758998435055123e-01,7.878090766823161450e-01,7.893427230046947685e-01,2.000000000000000000e+00
8.504184100418409997e+00,7.896713615023474020e-01,7.896713615023474020e-01,7.896713615023474020e-01,1.000000000000000000e+00
8.514644351464434990e+00,7.896713615023474020e-01,7.896713615023474020e-01,7.896713615023474020e-01,1.000000000000000000e+00
8.525104602510459983e+00,7.896713615023474020e-01,7.896713615023474020e-01,7.896713615023474020e-01,1.000000000000000000e+00
8.535564853556484977e+00,7.896713615023474020e-01,7.896713615023474020e-01,7.896713615023474020e-01,1.000000000000000000e+00
8.546025104602509970e+00,7.896713615023474020e-01,7.896713615023474020e-01,7.896713615023474020e-01,1.000000000000000000e+00
8.556485355648534963e+00,7.896713615023474020e-01,7.896713615023474020e-01,7.896713615023474020e-01,1.000000000000000000e+00
8.566945606694559956e+00,7.896713615023474020e-01,7.896713615023474020e-01,7.896713615023474020e-01,1.000000000000000000e+00
8.577405857740584949e+00,7.830985915492958416e-01,7.815649452269169961e-01,7.876995305164319339e-01,3.000000000000000000e+00
8.587866108786609942e+00,7.830985915492958416e-01,7.815649452269169961e-01,7.876995305164319339e-01,3.000000000000000000e+00
8.598326359832636712e+00,7.830985915492958416e-01,7.815649452269169961e-01,7.876995305164319339e-01,3.000000000000000000e+00
8.608786610878661705e+00,7.830985915492958416e-01,7.815649452269169961e-01,7.876995305164319339e-01,3.000000000000000000e+00
8.619246861924686698e+00,7.863849765258216218e-01,7.818935837245696296e-01,7.908763693270735029e-01,4.000000000000000000e+00
8.629707112970711691e+00,7.863849765258216218e-01,7.818935837245696296e-01,7.908763693270735029e-01,4.000000000000000000e+00
8.640167364016736684e+00,7.863849765258216218e-01,7.818935837245696296e-01,7.908763693270735029e-01,4.000000000000000000e+00
8.650627615062761677e+00,7.863849765258216218e-01,7.818935837245696296e-01,7.908763693270735029e-01,4.000000000000000000e+00
8.661087866108786670e+00,7.863849765258216218e-01,7.818935837245696296e-01,7.908763693270735029e-01,4.000000000000000000e+00
8.671548117154811663e+00,7.863849765258216218e-01,7.818935837245696296e-01,7.908763693270735029e-01,4.000000000000000000e+00
8.682008368200836657e+00,7.863849765258216218e-01,7.818935837245696296e-01,7.908763693270735029e-01,4.000000000000000000e+00
8.692468619246861650e+00,7.907668231611892917e-01,7.900000000000000355e-01,7.915336463223786589e-01,2.000000000000000000e+00
8.702928870292886643e+00,7.918622848200312925e-01,7.918622848200312925e-01,7.918622848200312925e-01,1.000000000000000000e+00
8.713389121338913412e+00,7.918622848200312925e-01,7.918622848200312925e-01,7.918622848200312925e-01,1.000000000000000000e+00
8.723849372384936629e+00,7.918622848200312925e-01,7.918622848200312925e-01,7.918622848200312925e-01,1.000000000000000000e+00
8.734309623430963399e+00,7.918622848200312925e-01,7.918622848200312925e-01,7.918622848200312925e-01,1.000000000000000000e+00
8.744769874476986615e+00,7.918622848200312925e-01,7.918622848200312925e-01,7.918622848200312925e-01,1.000000000000000000e+00
8.755230125523013385e+00,7.918622848200312925e-01,7.918622848200312925e-01,7.918622848200312925e-01,1.000000000000000000e+00
8.765690376569036601e+00,7.918622848200312925e-01,7.918622848200312925e-01,7.918622848200312925e-01,1.000000000000000000e+00
8.776150627615063371e+00,7.918622848200312925e-01,7.918622848200312925e-01,7.918622848200312925e-01,1.000000000000000000e+00
8.786610878661086588e+00,7.918622848200312925e-01,7.918622848200312925e-01,7.918622848200312925e-01,1.000000000000000000e+00
8.797071129707113357e+00,7.918622848200312925e-01,7.918622848200312925e-01,7.918622848200312925e-01,1.000000000000000000e+00
8.807531380753138350e+00,7.918622848200312925e-01,7.918622848200312925e-01,7.918622848200312925e-01,1.000000000000000000e+00
8.817991631799163343e+00,7.918622848200312925e-01,7.918622848200312925e-01,7.918622848200312925e-01,1.000000000000000000e+00
8.828451882845188337e+00,7.918622848200312925e-01,7.918622848200312925e-01,7.918622848200312925e-01,1.000000000000000000e+00
8.838912133891213330e+00,7.830985915492958416e-01,7.815649452269169961e-01,7.892331768388106683e-01,3.000000000000000000e+00
8.849372384937238323e+00,7.830985915492958416e-01,7.815649452269169961e-01,7.892331768388106683e-01,3.000000000000000000e+00
8.859832635983263316e+00,7.830985915492958416e-01,7.815649452269169961e-01,7.892331768388106683e-01,3.000000000000000000e+00
8.870292887029288309e+00,7.830985915492958416e-01,7.815649452269169961e-01,7.892331768388106683e-01,3.000000000000000000e+00
8.880753138075313302e+00,7.830985915492958416e-01,7.815649452269169961e-01,7.892331768388106683e-01,3.000000000000000000e+00
8.891213389121338295e+00,7.830985915492958416e-01,7.815649452269169961e-01,7.892331768388106683e-01,3.000000000000000000e+00
8.901673640167363288e+00,7.874804381846636225e-01,7.818935837245696296e-01,7.930672926447573934e-01,4.000000000000000000e+00
8.912133891213390058e+00,7.874804381846636225e-01,7.818935837245696296e-01,7.930672926447573934e-01,4.000000000000000000e+00
8.922594142259415051e+00,7.874804381846636225e-01,7.818935837245696296e-01,7.930672926447573934e-01,4.000000000000000000e+00
8.933054393305440044e+00,7.874804381846636225e-01,7.818935837245696296e-01,7.930672926447573934e-01,4.000000000000000000e+00
8.943514644351465037e+00,7.874804381846636225e-01,7.818935837245696296e-01,7.930672926447573934e-01,4.000000000000000000e+00
8.953974895397490030e+00,7.918622848200312925e-01,7.841940532081377313e-01,7.933959311424100269e-01,3.000000000000000000e+00
8.964435146443515023e+00,8.181533646322378672e-01,7.928482003129890821e-01,8.434585289514866524e-01,4.000000000000000000e+00
8.974895397489540017e+00,8.422535211267605515e-01,7.938341158059467606e-01,8.468544600938967548e-01,7.000000000000000000e+00
8.985355648535565010e+00,8.389671361502346603e-01,7.935054773082942381e-01,8.493740219092331678e-01,6.000000000000000000e+00
8.995815899581590003e+00,8.159624413145539767e-01,7.928482003129890821e-01,8.451017214397495980e-01,4.000000000000000000e+00
9.006276150627614996e+00,8.389671361502346603e-01,7.935054773082942381e-01,8.493740219092331678e-01,6.000000000000000000e+00
9.016736401673639989e+00,8.389671361502346603e-01,7.935054773082942381e-01,8.493740219092331678e-01,6.000000000000000000e+00
9.027196652719664982e+00,8.422535211267605515e-01,7.927386541471048709e-01,8.468544600938967548e-01,7.000000000000000000e+00
9.037656903765689975e+00,7.940532081377151830e-01,7.940532081377151830e-01,7.940532081377151830e-01,1.000000000000000000e+00
9.048117154811714968e+00,7.940532081377151830e-01,7.940532081377151830e-01,7.940532081377151830e-01,1.000000000000000000e+00
9.058577405857739961e+00,7.940532081377151830e-01,7.940532081377151830e-01,7.940532081377151830e-01,1.000000000000000000e+00
9.069037656903764955e+00,7.940532081377151830e-01,7.940532081377151830e-01,7.940532081377151830e-01,1.000000000000000000e+00
9.079497907949789948e+00,7.940532081377151830e-01,7.940532081377151830e-01,7.940532081377151830e-01,1.000000000000000000e+00
9.089958158995814941e+00,7.940532081377151830e-01,7.940532081377151830e-01,7.940532081377151830e-01,1.000000000000000000e+00
9.100418410041839934e+00,7.830985915492958416e-01,7.815649452269169961e-01,7.907668231611894027e-01,3.000000000000000000e+00
9.110878661087864927e+00,7.830985915492958416e-01,7.815649452269169961e-01,7.907668231611894027e-01,3.000000000000000000e+00
9.121338912133891696e+00,7.830985915492958416e-01,7.815649452269169961e-01,7.907668231611894027e-01,3.000000000000000000e+00
9.131799163179916690e+00,7.830985915492958416e-01,7.815649452269169961e-01,7.907668231611894027e-01,3.000000000000000000e+00
9.142259414225941683e+00,7.830985915492958416e-01,7.815649452269169961e-01,7.907668231611894027e-01,3.000000000000000000e+00
9.152719665271966676e+00,7.830985915492958416e-01,7.815649452269169961e-01,7.907668231611894027e-01,3.000000000000000000e+00
9.163179916317991669e+00,7.830985915492958416e-01,7.815649452269169961e-01,7.907668231611894027e-01,3.000000000000000000e+00
9.173640167364016662e+00,7.830985915492958416e-01,7.815649452269169961e-01,7.907668231611894027e-01,3.000000000000000000e+00
9.184100418410041655e+00,7.830985915492958416e-01,7.815649452269169961e-01,7.907668231611894027e-01,3.000000000000000000e+00
9.194560669456066648e+00,7.885758998435055123e-01,7.818935837245696296e-01,7.952582159624412839e-01,4.000000000000000000e+00
9.205020920502091641e+00,7.885758998435055123e-01,7.818935837245696296e-01,7.952582159624412839e-01,4.000000000000000000e+00
9.215481171548116635e+00,7.885758998435055123e-01,7.818935837245696296e-01,7.952582159624412839e-01,4.000000000000000000e+00
9.225941422594143404e+00,7.951486697965570727e-01,7.943818466353678165e-01,7.959154929577464399e-01,2.000000000000000000e+00
9.236401673640168397e+00,7.951486697965570727e-01,7.943818466353678165e-01,7.959154929577464399e-01,2.000000000000000000e+00
9.246861924686193390e+00,7.951486697965570727e-01,7.943818466353678165e-01,7.959154929577464399e-01,2.000000000000000000e+00
9.257322175732218383e+00,7.951486697965570727e-01,7.943818466353678165e-01,7.959154929577464399e-01,2.000000000000000000e+00
9.267782426778243376e+00,7.951486697965570727e-01,7.943818466353678165e-01,7.959154929577464399e-01,2.000000000000000000e+00
9.278242677824268370e+00,7.951486697965570727e-01,7.943818466353678165e-01,7.959154929577464399e-01,2.000000000000000000e+00
9.288702928870293363e+00,7.940532081377151830e-01,7.848513302034428873e-01,7.955868544600939174e-01,3.000000000000000000e+00
9.299163179916318356e+00,7.951486697965570727e-01,7.943818466353678165e-01,7.959154929577464399e-01,2.000000000000000000e+00
9.309623430962343349e+00,7.951486697965570727e-01,7.943818466353678165e-01,7.959154929577464399e-01,2.000000000000000000e+00
9.320083682008368342e+00,7.962441314553990734e-01,7.962441314553990734e-01,7.962441314553990734e-01,1.000000000000000000e+00
9.330543933054393335e+00,7.962441314553990734e-01,7.962441314553990734e-01,7.962441314553990734e-01,1.000000000000000000e+00
9.341004184100418328e+00,7.962441314553990734e-01,7.962441314553990734e-01,7.962441314553990734e-01,1.000000000000000000e+00
9.351464435146443321e+00,7.962441314553990734e-01,7.962441314553990734e-01,7.962441314553990734e-01,1.000000000000000000e+00
9.361924686192468315e+00,7.885758998435055123e-01,7.832081377151799417e-01,7.939436619718309718e-01,2.000000000000000000e+00
9.372384937238493308e+00,7.809076682316118401e-01,7.793740219092332167e-01,7.916431924882628701e-01,3.000000000000000000e+00
9.382845188284518301e+00,7.809076682316118401e-01,7.793740219092332167e-01,7.916431924882628701e-01,3.000000000000000000e+00
9.393305439330543294e+00,7.809076682316118401e-01,7.793740219092332167e-01,7.916431924882628701e-01,3.000000000000000000e+00
9.403765690376568287e+00,7.809076682316118401e-01,7.793740219092332167e-01,7.916431924882628701e-01,3.000000000000000000e+00
9.414225941422593280e+00,7.809076682316118401e-01,7.793740219092332167e-01,7.916431924882628701e-01,3.000000000000000000e+00
9.424686192468618273e+00,7.809076682316118401e-01,7.793740219092332167e-01,7.916431924882628701e-01,3.000000000000000000e+00
9.435146443514645043e+00,7.874804381846636225e-01,7.813458528951486848e-01,7.936150234741784493e-01,2.000000000000000000e+00
9.445606694560670036e+00,7.874804381846636225e-01,7.813458528951486848e-01,7.936150234741784493e-01,2.000000000000000000e+00
9.456066945606695029e+00,7.874804381846636225e-01,7.813458528951486848e-01,7.936150234741784493e-01,2.000000000000000000e+00
9.466527196652720022e+00,7.874804381846636225e-01,7.813458528951486848e-01,7.936150234741784493e-01,2.000000000000000000e+00
9.476987447698745015e+00,7.962441314553990734e-01,7.839749608763693089e-01,7.977777777777778079e-01,3.000000000000000000e+00
9.487447698744770008e+00,7.973395931142410742e-01,7.965727699530517070e-01,7.981064162754303304e-01,2.000000000000000000e+00
9.497907949790795001e+00,7.973395931142410742e-01,7.965727699530517070e-01,7.981064162754303304e-01,2.000000000000000000e+00
9.508368200836819994e+00,7.973395931142410742e-01,7.965727699530517070e-01,7.981064162754303304e-01,2.000000000000000000e+00
9.518828451882844988e+00,7.973395931142410742e-01,7.965727699530517070e-01,7.981064162754303304e-01,2.000000000000000000e+00
9.529288702928869981e+00,7.973395931142410742e-01,7.965727699530517070e-01,7.981064162754303304e-01,2.000000000000000000e+00
9.539748953974896750e+00,7.973395931142410742e-01,7.965727699530517070e-01,7.981064162754303304e-01,2.000000000000000000e+00
9.550209205020919967e+00,7.973395931142410742e-01,7.965727699530517070e-01,7.981064162754303304e-01,2.000000000000000000e+00
9.560669456066946736e+00,7.973395931142410742e-01,7.965727699530517070e-01,7.981064162754303304e-01,2.000000000000000000e+00
9.571129707112969953e+00,7.984350547730829639e-01,7.984350547730829639e-01,7.984350547730829639e-01,1.000000000000000000e+00
9.581589958158996723e+00,7.984350547730829639e-01,7.984350547730829639e-01,7.984350547730829639e-01,1.000000000000000000e+00
9.592050209205019939e+00,7.984350547730829639e-01,7.984350547730829639e-01,7.984350547730829639e-01,1.000000000000000000e+00
9.602510460251046709e+00,7.984350547730829639e-01,7.984350547730829639e-01,7.984350547730829639e-01,1.000000000000000000e+00
9.612970711297069926e+00,7.984350547730829639e-01,7.984350547730829639e-01,7.984350547730829639e-01,1.000000000000000000e+00
9.623430962343096695e+00,7.984350547730829639e-01,7.984350547730829639e-01,7.984350547730829639e-01,1.000000000000000000e+00
9.633891213389119912e+00,7.787167449139280606e-01,7.771830985915493262e-01,7.925195618153364485e-01,3.000000000000000000e+00
9.644351464435146681e+00,7.787167449139280606e-01,7.771830985915493262e-01,7.925195618153364485e-01,3.000000000000000000e+00
9.654811715481171674e+00,7.787167449139280606e-01,7.771830985915493262e-01,7.925195618153364485e-01,3.000000000000000000e+00
9.665271966527196668e+00,7.787167449139280606e-01,7.771830985915493262e-01,7.925195618153364485e-01,3.000000000000000000e+00
9.675732217573221661e+00,7.787167449139280606e-01,7.771830985915493262e-01,7.925195618153364485e-01,3.000000000000000000e+00
9.686192468619246654e+00,7.787167449139280606e-01,7.771830985915493262e-01,7.925195618153364485e-01,3.000000000000000000e+00
9.696652719665271647e+00,7.787167449139280606e-01,7.771830985915493262e-01,7.925195618153364485e-01,3.000000000000000000e+00
9.707112970711296640e+00,7.787167449139280606e-01,7.771830985915493262e-01,7.925195618153364485e-01,3.000000000000000000e+00
9.717573221757321633e+00,7.787167449139280606e-01,7.771830985915493262e-01,7.925195618153364485e-01,3.000000000000000000e+00
9.728033472803346626e+00,7.787167449139280606e-01,7.771830985915493262e-01,7.925195618153364485e-01,3.000000000000000000e+00
9.738493723849371619e+00,7.787167449139280606e-01,7.771830985915493262e-01,7.925195618153364485e-01,3.000000000000000000e+00
9.748953974895398389e+00,7.984350547730829639e-01,7.984350547730829639e-01,7.984350547730829639e-01,1.000000000000000000e+00
9.759414225941423382e+00,7.984350547730829639e-01,7.984350547730829639e-01,7.984350547730829639e-01,1.000000000000000000e+00
9.769874476987448375e+00,7.984350547730829639e-01,7.984350547730829639e-01,7.984350547730829639e-01,1.000000000000000000e+00
9.780334728033473368e+00,3.460093896713615225e-01,-1.203286384976524348e-01,6.873552425665100385e-01,1.200000000000000000e+01
9.790794979079498361e+00,3.460093896713615225e-01,-1.203286384976524348e-01,6.873552425665100385e-01,1.200000000000000000e+01
9.801255230125523354e+00,3.460093896713615225e-01,-1.203286384976524348e-01,6.873552425665100385e-01,1.200000000000000000e+01
9.811715481171548348e+00,3.460093896713615225e-01,-1.203286384976524348e-01,6.873552425665100385e-01,1.200000000000000000e+01
9.822175732217573341e+00,3.460093896713615225e-01,-1.203286384976524348e-01,6.873552425665100385e-01,1.200000000000000000e+01
9.832635983263598334e+00,3.460093896713615225e-01,-1.203286384976524348e-01,6.873552425665100385e-01,1.200000000000000000e+01
9.843096234309623327e+00,3.460093896713615225e-01,-1.203286384976524348e-01,6.873552425665100385e-01,1.200000000000000000e+01
9.853556485355648320e+00,4.391236306729264793e-01,-1.199999999999998429e-01,7.988732394366196976e-01,1.300000000000000000e+01
9.864016736401673313e+00,4.391236306729264793e-01,-1.199999999999998429e-01,7.988732394366196976e-01,1.300000000000000000e+01
9.874476987447698306e+00,4.391236306729264793e-01,-1.199999999999998429e-01,7.988732394366196976e-01,1.300000000000000000e+01
9.884937238493723299e+00,4.391236306729264793e-01,-1.199999999999998429e-01,7.988732394366196976e-01,1.300000000000000000e+01
9.895397489539748292e+00,4.413145539906103698e-01,-1.011580594679184347e-01,7.964632237871674958e-01,1.500000000000000000e+01
9.905857740585773286e+00,4.413145539906103698e-01,-1.011580594679184347e-01,7.964632237871674958e-01,1.500000000000000000e+01
9.916317991631798279e+00,4.413145539906103698e-01,-1.011580594679184347e-01,7.964632237871674958e-01,1.500000000000000000e+01
9.926778242677823272e+00,4.413145539906103698e-01,-1.011580594679184347e-01,7.964632237871674958e-01,1.500000000000000000e+01
9.937238493723848265e+00,4.413145539906103698e-01,-1.011580594679184347e-01,7.964632237871674958e-01,1.500000000000000000e+01
9.947698744769873258e+00,4.413145539906103698e-01,-1.011580594679184347e-01,7.964632237871674958e-01,1.500000000000000000e+01
9.958158995815900028e+00,4.413145539906103698e-01,-1.011580594679184347e-01,7.964632237871674958e-01,1.500000000000000000e+01
9.968619246861925021e+00,4.413145539906103698e-01,-1.011580594679184347e-01,7.964632237871674958e-01,1.500000000000000000e+01
